X,Y,OBJECTID,advisorySpeed,areaUnitID,bicycle,bridge,bus,carStationWagon,cliffBank,crashDirectionDescription,crashFinancialYear,crashLocation1,crashLocation2,crashRoadSideRoad,crashSeverity,crashSHDescription,crashYear,debris,directionRoleDescription,ditch,fatalCount,fence,flatHill,guardRail,holiday,houseOrBuilding,intersection,kerb,light,meshblockId,minorInjuryCount,moped,motorcycle,NumberOfLanes,objectThrownOrDropped,otherObject,otherVehicleType,overBank,parkedVehicle,pedestrian,phoneBoxEtc,postOrPole,region,roadCharacter,roadLane,roadSurface,roadworks,schoolBus,seriousInjuryCount,slipOrFlood,speedLimit,strayAnimal,streetLight,suv,taxi,temporarySpeedLimit,tlaId,tlaName,trafficControl,trafficIsland,trafficSign,train,tree,truck,unknownVehicleType,urban,vanOrUtility,vehicle,waterRiver,weatherA,weatherB
1762207.0807,5907001.6415,691313,,524520,0,,0,2,,North,2023/2024,MASSEY ROAD,WALTER STREET,,Non-Injury Crash,No,2023,,South,,0,,Flat,,,,,,Overcast,735200,0,0,0,2,,,0,,,,,,Auckland Region,Nil,2-way,Sealed,,0,0,,50,,Off,0,0,,76,Auckland,Nil,,,,,0,0,Urban,0,,,Fine,Null
1761404.4671,5914337.5389,691321,,520202,0,,0,2,,Null,2022/2023,ELLERSLIE-PANMURE HWY OFF RAMP,ELLERSLIE-PANMURE HIGHWAY,,Non-Injury Crash,No,2023,,South,,0,,Flat,,,,,,Bright sun,612501,0,0,0,2,,,0,,,,,,Auckland Region,Motorway ramp,1-way,Sealed,,0,0,,50,,Off,0,0,,76,Auckland,Give way,,,,,0,0,Urban,0,,,Fine,Null
1764458.991,5904448.7405,691329,,522100,0,,0,0,,Null,2023/2024,PUHINUI ROAD,WYLLIE ROAD,,Serious Crash,No,2024,,West,,0,,Flat,,,,,,Overcast,659200,1,0,0,3,,,0,,,1,,,Auckland Region,Nil,2-way,Sealed,,0,1,,50,,Off,0,0,,76,Auckland,Traffic Signals,,,,,0,0,Urban,1,,,Fine,Null
1763138.3728,5907854.4326,691394,45,524301,0,0,0,4,0,South,2023/2024,GRAY AVENUE,MASSEY ROAD,,Minor Crash,No,2023,0,North,0,0,0,Flat,0,,0,,0,Dark,748900,1,0,0,2,0,0,0,0,2,,0,0,Auckland Region,Nil,2-way,Sealed,0,0,0,0,50,0,On,0,0,,76,Auckland,Nil,0,0,0,0,0,0,Urban,0,0,0,Fine,Null
1760935.3424,5906082.5209,691442,,524200,0,,0,0,,Null,2022/2023,MASSEY ROAD,PUKAKI ROAD,,Serious Crash,No,2023,,East,,0,,Hill Road,,,,,,Dark,728627,1,0,0,2,,,0,,,,,,Auckland Region,Nil,2-way,Sealed,,0,1,,50,,On,0,0,,76,Auckland,Nil,,,,,0,0,Urban,2,,,Light rain,Null
1755746.542,5935608.8484,691458,,507101,0,,0,2,,West,2023/2024,BEACH ROAD,BAYVIEW ROAD,,Minor Crash,No,2023,,West,,0,,Hill Road,,Christmas New Year,,,,Overcast,162400,1,0,0,2,,,0,,,,,,Auckland Region,Nil,2-way,Sealed,,0,0,,50,,Off,0,0,,76,Auckland,Nil,,,,,0,0,Urban,0,,,Fine,Null
1752455.5548,5918125.2465,691474,,515002,0,,1,0,,East,2022/2023,GREAT NORTH ROAD,POINT CHEVALIER ROAD,,Serious Crash,No,2023,,West,,0,,Flat,,,,,,Dark,392500,0,0,0,4,,,0,,,1,,,Auckland Region,Nil,2-way,Sealed,,0,1,,50,,On,0,0,,76,Auckland,Nil,,,,,0,0,Urban,0,,,Light rain,Null
1749650.6503,5913430.1248,691514,,511401,0,,0,2,,Null,2022/2023,MARGAN AVENUE,SEABROOK AVENUE,,Non-Injury Crash,No,2023,,West,,0,,Flat,,,,,,Overcast,264400,0,0,0,2,,,0,,,,,,Auckland Region,Nil,2-way,Sealed,,0,0,,50,,Off,0,0,,76,Auckland,Stop,,,,,0,0,Urban,0,,,Light rain,Null
1768834.2219,5892508.7856,691538,,521202,0,0,0,1,0,East,2022/2023,WALTERS ROAD,BLACKBRIDGE ROAD,,Non-Injury Crash,No,2023,0,South,0,0,0,Flat,0,,0,,0,Overcast,807000,0,0,0,2,0,0,0,0,0,,0,0,Auckland Region,Nil,2-way,Sealed,0,0,0,0,80,0,None,0,0,,76,Auckland,Nil,0,1,0,0,0,0,Open,0,0,0,Fine,Null
1737999.4106,5929253.661,691562,,505602,0,,0,1,,Null,2022/2023,MAIN ROAD,MATUA ROAD,,Minor Crash,Yes,2023,,East,,0,,Flat,,,,,,Bright sun,216003,1,0,0,2,,,0,,,,,,Auckland Region,Nil,2-way,Sealed,,0,0,,50,,Off,0,0,,76,Auckland,Stop,,,,,1,0,Urban,0,,,Fine,Null
1753706.7652,5927817.9615,691642,,508310,0,0,0,1,1,Null,2022/2023,OFFROAD CARPARK GLENFIELD SHOPPING MALL,,,Minor Crash,No,2023,0,West,0,0,0,Flat,0,Christmas New Year,0,,0,Overcast,200000,1,0,0,0,0,0,0,0,0,,0,0,Auckland Region,Nil,Off road,Sealed,0,0,0,0,10,0,Off,0,0,,76,Auckland,Nil,0,1,0,0,0,0,Urban,0,0,0,Fine,Null
1760512.5675,5916208.1053,691666,,516002,0,,0,1,,Null,2022/2023,GREEN LANE EAST,ASCOT AVENUE,,Minor Crash,No,2023,,East,,0,,Flat,,,,,,Overcast,493500,1,0,0,4,,,0,,,,,,Auckland Region,Nil,2-way,Sealed,,0,0,,50,,Off,0,0,,76,Auckland,Traffic Signals,,,,,0,0,Urban,1,,,Light rain,Null
1745213.4649,5918972.4679,691674,,513302,0,,0,2,,Null,2023/2024,LINCOLN ROAD,MOSELLE AVENUE,,Minor Crash,No,2023,,North,,0,,Flat,,,,,,Overcast,232205,2,0,0,4,,,0,,,,,,Auckland Region,Nil,2-way,Sealed,,0,0,,50,,Off,1,0,,76,Auckland,Give way,,,,,0,0,Urban,0,,,Fine,Null
1764071.8572,5904304.6425,691921,,522100,0,,0,1,,Null,2022/2023,PUHINUI ROAD-SH 20B OFF RAMP,PUHINUI ROAD,,Minor Crash,Yes,2023,,South,,0,,Flat,,,,,,Bright sun,781001,1,0,0,2,,,0,,,,,,Auckland Region,Nil,2-way,Sealed,,0,0,,50,,Off,0,0,,76,Auckland,Traffic Signals,,,,,1,0,Urban,0,,,Fine,Null
1748191.9533,5913468.3493,692049,,511100,0,0,0,2,0,North,2022/2023,RUA ROAD,EASTGLEN ROAD,,Minor Crash,No,2023,0,South,0,0,0,Hill Road,0,,0,,0,Bright sun,286802,1,0,0,2,0,0,0,0,1,,0,0,Auckland Region,Nil,2-way,Sealed,0,0,0,0,50,0,Off,0,0,,76,Auckland,Nil,0,0,0,0,0,0,Urban,0,0,0,Fine,Null
1763095.9248,5920383.1035,692552,,516500,1,,0,1,,North,2022/2023,ATKIN AVENUE,MARAU CRESCENT,,Minor Crash,No,2023,,North,,0,,Flat,,,,,,Overcast,501600,1,0,0,2,,,0,,,,,,Auckland Region,Nil,2-way,Sealed,,0,0,,50,,Off,0,0,,76,Auckland,Nil,,,,,0,0,Urban,0,,,Fine,Null
1766255.2574,5905378.2407,692553,,522202,0,,0,2,,Null,2022/2023,CARRUTH ROAD,FITZROY STREET,,Minor Crash,No,2023,,East,,0,,Flat,,,,,,Dark,665700,1,0,0,2,,,0,,,,,,Auckland Region,Nil,2-way,Sealed,,0,0,,50,,Off,0,0,,76,Auckland,Give way,,,,,0,0,Urban,1,,,Fine,Null
1765120.3841,5913378.5169,692656,,520500,0,,0,1,,Null,2022/2023,SOUTH-EASTERN HIGHWAY,PAKURANGA HIGHWAY,,Minor Crash,No,2023,,East,,0,,Hill Road,,,,,,Overcast,638908,1,0,0,4,,,0,,,,,,Auckland Region,Nil,2-way,Sealed,,0,0,,80,,Off,1,0,,76,Auckland,Traffic Signals,,,,,0,0,Open,0,,,Fine,Null
1757364.156,5915757.4323,692680,,515802,0,,0,2,,Null,2022/2023,BALMORAL ROAD,ST ANDREWS ROAD,,Minor Crash,No,2023,,East,,0,,Hill Road,,,,,,Overcast,447700,1,0,0,3,,,0,,,,,,Auckland Region,Nil,1-way,Sealed,,0,0,,50,,Off,0,0,,76,Auckland,Traffic Signals,,,,,0,0,Urban,0,,,Fine,Null
1765126.6243,5915297.0524,692721,,520301,0,0,0,1,0,South,2023/2024,JELLICOE ROAD,MORRIN ROAD,,Minor Crash,No,2023,0,North,0,0,0,Flat,0,,0,,0,Dark,628100,2,0,0,2,0,0,0,0,0,,0,1,Auckland Region,Nil,2-way,Sealed,0,0,0,0,50,0,On,0,0,,76,Auckland,Nil,0,0,0,0,0,0,Urban,0,0,0,Light rain,Null
1773354.7229,5913559.9391,692752,,523201,0,,0,2,,Null,2022/2023,SUNNYVIEW AVENUE,ROSETTA COURT,,Minor Crash,No,2023,,East,,0,,Flat,,,,,,Bright sun,717706,1,0,0,2,,,0,,,,,,Auckland Region,Nil,2-way,Sealed,,0,0,,50,,None,0,0,,76,Auckland,Nil,,,,,0,0,Urban,0,,,Fine,Null
1763919.3667,5913905.9297,692816,,520303,0,,0,2,,North,2022/2023,MOUNT WELLINGTON HIGHWAY,ROWLANDS AVENUE,,Serious Crash,No,2023,,North,,0,,Flat,,,,,,Dark,627600,1,0,0,4,,,0,,,,,,Auckland Region,Nil,2-way,Sealed,,0,1,,50,,On,0,0,,76,Auckland,Nil,,,,,0,0,Urban,0,,,Fine,Null
1761205.8985,5912883.8543,692888,,519500,0,0,0,2,0,South,2022/2023,MAURICE ROAD,STATION ROAD,,Minor Crash,No,2023,0,North,0,0,0,Flat,0,,0,,0,Overcast,621800,1,0,0,2,0,0,0,0,2,,0,0,Auckland Region,Nil,2-way,Sealed,0,0,0,0,50,0,Off,0,0,,76,Auckland,Nil,0,0,0,0,0,0,Urban,2,0,0,Light rain,Null
1754697.2803,5927554.9071,692977,,508620,0,0,0,1,0,Null,2022/2023,ARCHERS ROAD,CHARTWELL AVENUE,,Minor Crash,No,2023,0,South,0,0,1,Flat,0,,1,,0,Dark,202801,1,0,0,2,0,0,0,0,0,,0,0,Auckland Region,Nil,2-way,Sealed,0,0,0,0,50,0,On,0,0,,76,Auckland,Give way,0,0,0,0,0,0,Urban,0,0,0,Light rain,Null
1747740.23,5911001.0817,693065,,512000,0,0,0,2,0,South,2022/2023,TITIRANGI ROAD,PARK ROAD,,Serious Crash,No,2023,0,North,0,0,0,Hill Road,0,,0,,0,Dark,295200,0,0,0,2,0,0,0,0,1,,0,0,Auckland Region,Nil,2-way,Sealed,0,0,1,0,50,0,On,0,0,,76,Auckland,Nil,0,0,0,0,0,0,Urban,0,0,0,Fine,Null
1763377.8118,5915753.2073,693753,,517202,1,,0,0,,South,2022/2023,LUNN AVENUE,NGAHUE DRIVE,,Minor Crash,No,2023,,South,,0,,Flat,,,,,,Overcast,626304,1,0,0,3,,,0,,,1,,,Auckland Region,Nil,2-way,Sealed,,0,0,,50,,Off,0,0,,76,Auckland,Nil,,,,,0,0,Urban,1,,,Fine,Null
1743940.1791,5942149.0509,693888,55,506614,0,0,0,1,0,West,2022/2023,HORSESHOE BUSH ROAD,TENDER ROAD,,Minor Crash,No,2023,0,East,0,0,0,Flat,0,,0,,0,Dark,177802,1,0,0,2,0,0,0,0,0,,0,0,Auckland Region,Nil,2-way,Sealed,0,0,0,0,80,0,None,0,0,,76,Auckland,Nil,0,0,0,0,0,0,Open,0,0,0,Fine,Null
1746517.1098,5916518.4082,694689,,510700,0,0,0,2,0,Null,2022/2023,GREAT NORTH ROAD,TE ATATU ROAD,,Minor Crash,No,2023,0,South,0,0,0,Flat,0,,1,,0,Bright sun,240900,2,0,0,2,0,0,0,0,0,,0,0,Auckland Region,Nil,1-way,Sealed,0,0,0,0,50,0,Off,0,0,,76,Auckland,Give way,1,0,0,0,0,0,Urban,0,0,0,Fine,Null
1730853.3684,5974944.5731,694696,65,506613,0,0,0,1,0,North,2022/2023,KAIPARA COAST HIGHWAY,WHAREHINE ROAD,,Minor Crash,Yes,2023,0,North,0,0,1,Hill Road,0,,0,,0,Dark,145100,1,0,0,2,0,0,0,0,0,,0,0,Auckland Region,Nil,2-way,Sealed,0,0,0,0,100,0,None,0,0,,76,Auckland,Nil,0,0,0,1,0,0,Open,0,0,0,Fine,Null
1753805.2137,5918110.3805,695000,,515003,0,,0,2,,Null,2022/2023,ST LUKES ROAD,DUNCAN MACLEAN LINK,,Minor Crash,No,2023,,South,,0,,Flat,,,,,,Overcast,390502,2,0,0,2,,,0,,,,,,Auckland Region,Nil,2-way,Sealed,,0,0,,50,,Off,0,0,,76,Auckland,Give way,,,,,0,0,Urban,0,,,Fine,Null
1743751.5145,5922671.6866,695032,,513511,0,0,0,1,0,East,2022/2023,ROYAL ROAD,KEMP ROAD,,Serious Crash,No,2023,0,West,0,0,0,Flat,0,,0,,0,Bright sun,224303,0,0,0,2,0,0,0,0,1,,0,0,Auckland Region,Nil,2-way,Sealed,0,0,1,0,50,0,Off,0,0,,76,Auckland,Nil,0,0,0,0,1,0,Urban,0,0,0,Fine,Null
1761799.1999,5914021.2585,695056,,520202,0,,0,2,,East,2022/2023,SOUTHERN MOTORWAY,ELLERSLIE-PANMURE HWY ON RAMP,,Minor Crash,Yes,2023,,East,,0,,Flat,,,,,,Dark,612800,1,0,0,3,,,0,,,,,,Auckland Region,Nil,1-way,Sealed,,0,0,,100,,On,0,0,,76,Auckland,Nil,,,,,0,0,Open,1,,,Light rain,Null
1759073.9688,5926066.347,695288,,508020,0,,0,0,,West,2022/2023,LAKE ROAD,HORORATA ROAD,,Minor Crash,No,2023,,East,,0,,Flat,,,,,,Bright sun,321400,1,0,1,4,,,0,,,,,,Auckland Region,Nil,2-way,Sealed,,0,0,,50,,Off,0,0,,76,Auckland,Nil,,,,,0,0,Urban,1,,,Fine,Null
1769890.21,5899383.9206,695441,,523920,0,,0,3,,South,2022/2023,SOUTHERN MOTORWAY,TAKANINI OFF RAMP,,Non-Injury Crash,Yes,2023,,South,,0,,Flat,,Christmas New Year,,,,Overcast,768005,0,0,0,3,,,0,,,,,,Auckland Region,Nil,1-way,Sealed,,0,0,,100,,Off,0,0,,76,Auckland,Nil,,,,,0,0,Open,0,,,Fine,Null
1713959.598,5947339.563,695505,,506642,0,,0,1,,Null,2022/2023,OFF ROAD - BEACH,,,Serious Crash,No,2023,,North,,0,,Flat,,,,,,Bright sun,210301,0,0,0,,,,0,,,1,,,Auckland Region,Nil,Off road,Unsealed,,0,1,,,,None,0,0,,76,Auckland,Nil,,,,,0,0,Urban,0,,,Fine,Null
1760041.4657,5912840.6013,695561,,520000,0,,0,2,,Null,2022/2023,MAYS ROAD,CURZON STREET,,Minor Crash,No,2023,,West,,0,,Flat,,,,,,Dark,606100,1,0,0,2,,,0,,,,,,Auckland Region,Nil,2-way,Sealed,,0,0,,50,,On,0,0,,76,Auckland,Stop,,,,,0,0,Urban,0,,,Fine,Null
1759379.1083,5910566.0137,695585,,524002,0,,0,2,,South,2023/2024,SOUTH-WESTERN MOTORWAY,RIMU ROAD ON RAMP,,Minor Crash,Yes,2023,,North,,0,,Flat,,,,,,Bright sun,722400,2,0,0,3,,,0,,,,,,Auckland Region,Nil,1-way,Sealed,,0,0,,100,,Off,0,0,,76,Auckland,Nil,,,,,0,0,Open,0,,,Light rain,Null
1776055.9407,5881964.7957,695633,,521160,0,,0,1,,West,2022/2023,MILL ROAD,GREAT SOUTH ROAD,,Non-Injury Crash,No,2023,,East,,0,,Flat,,,,,,Bright sun,827800,0,0,0,2,,,0,,,,,,Auckland Region,Nil,2-way,Sealed,,0,0,,60,,Off,0,0,,76,Auckland,Nil,,,,,0,0,Urban,1,,,Fine,Null
1782358.1277,5916330.6068,695641,,523300,0,,0,2,,East,2022/2023,MARAETAI DRIVE,COLSON LANE,,Non-Injury Crash,No,2023,,East,,0,,Flat,,,,,,Dark,719801,0,0,0,2,,,0,,,,,,Auckland Region,Nil,2-way,Sealed,,0,0,,40,,None,0,0,,76,Auckland,Nil,,,,,0,0,Urban,0,,,Light rain,Null
1751417.2942,5912749.932,695657,,514700,0,,0,2,,Null,2023/2024,TAYLOR STREET,BOLTON STREET,,Minor Crash,No,2023,,North,,0,,Flat,,,,,,Bright sun,370000,1,0,0,2,,,0,,,,,,Auckland Region,Nil,2-way,Sealed,,0,0,,50,,Off,0,0,,76,Auckland,Give way,,,,,0,0,Urban,0,,,Fine,Null
1753920.9321,5930172.2862,695833,,508420,0,,0,2,,East,2022/2023,TARGET ROAD,SUNSET ROAD,,Non-Injury Crash,No,2023,,West,,0,,Flat,,,,,,Twilight,182711,0,0,0,2,,,0,,,,,,Auckland Region,Nil,2-way,Sealed,,0,0,,50,,Off,0,0,,76,Auckland,Nil,,,,,0,0,Urban,0,,,Fine,Strong wind
1750917.0457,5939433.6992,695913,,506300,0,,0,0,,South,2022/2023,NORTHERN MOTORWAY,BAWDEN OBR,,Non-Injury Crash,Yes,2023,,North,,0,,Flat,,,,,,Bright sun,176008,0,0,0,2,,,0,,,,,,Auckland Region,Bridge,1-way,Sealed,,0,0,,100,,Off,2,0,,76,Auckland,Nil,,,,,0,0,Open,0,,,Fine,Null
1772249.4801,5914320.8694,696144,,521602,0,0,0,0,0,Null,2022/2023,DRAKE STREET,BAIRD STREET,,Minor Crash,No,2023,0,South,0,0,0,Flat,0,,0,,0,Dark,650200,1,0,0,2,0,0,0,0,1,,0,0,Auckland Region,Nil,2-way,Sealed,0,0,0,0,50,0,On,0,0,,76,Auckland,Give way,0,0,0,0,1,0,Urban,1,0,0,Fine,Null
1751546.4251,5914176.2295,696265,,514402,0,,0,2,,West,2022/2023,WOLVERTON STREET,BLOCKHOUSE BAY ROAD,,Fatal Crash,No,2023,,West,,1,,Hill Road,,,,,,Bright sun,379402,3,0,0,4,,,0,,,,,,Auckland Region,Nil,2-way,Sealed,,0,0,,50,,Off,0,0,,76,Auckland,Nil,,,,,0,0,Urban,0,,,Fine,Null
1743203.4076,5919604.8304,696280,,513622,0,,0,2,,Null,2022/2023,SCARLET DRIVE,GLEN ROAD,,Minor Crash,No,2023,,South,,0,,Flat,,,,,,Overcast,226903,2,0,0,2,,,0,,,,,,Auckland Region,Nil,2-way,Sealed,,0,0,,50,,Off,0,0,,76,Auckland,Give way,,,,,0,0,Urban,0,,,Fine,Null
1767212.2492,5912307.9282,696304,,522920,0,,0,2,,Null,2022/2023,TI RAKAU DRIVE,EDGEWATER DRIVE,,Minor Crash,No,2023,,North,,0,,Flat,,,,,,Overcast,687002,1,0,0,2,,,0,,,,,,Auckland Region,Nil,2-way,Sealed,,0,0,,50,,Off,0,0,,76,Auckland,Traffic Signals,,,,,0,0,Urban,0,,,Light rain,Null
1765034.3261,5915252.6964,696377,,520301,0,,0,4,,South,2022/2023,TE HORETA ROAD,FRASER ROAD,,Minor Crash,No,2023,,North,,0,,Flat,,,,,,Overcast,628100,1,0,0,1,,,0,,,,,,Auckland Region,Nil,1-way,Sealed,,0,0,,50,,Off,0,0,,76,Auckland,Nil,,,,,0,0,Urban,0,,,Light rain,Null
1761988.968,5914771.7926,696401,,520201,0,,0,1,,West,2022/2023,MAIN HIGHWAY,ELLERSLIE PARK ROAD,,Minor Crash,No,2023,,East,,0,,Flat,,,,,,Dark,610603,1,0,1,4,,,0,,,,,,Auckland Region,Nil,2-way,Sealed,,0,0,,50,,On,0,0,,76,Auckland,Nil,,,,,0,0,Urban,0,,,Fine,Null
1758868.8936,5913779.2936,697664,,519710,1,,0,1,,Null,2022/2023,CAMPBELL ROAD,ONEHUNGA MALL,,Minor Crash,No,2023,,East,,0,,Flat,,,,,,Bright sun,593500,1,0,0,2,,,0,,,,,,Auckland Region,Nil,2-way,Sealed,,0,0,,50,,Off,0,0,,76,Auckland,Give way,,,,,0,0,Urban,0,,,Fine,Null
1739233.0382,5924064.8074,697952,,505700,0,,0,2,,Null,2022/2023,TAUPAKI ROAD,NELSON ROAD,,Minor Crash,No,2023,,South,,0,,Flat,,,,,,Bright sun,216300,1,0,0,2,,,0,,,,,,Auckland Region,Nil,2-way,Sealed,,0,0,,60,,Off,0,0,,76,Auckland,Give way,,,,,0,0,Urban,0,,,Fine,Null
1768069.266,5910007.1935,698297,,523112,0,,0,2,,North,2022/2023,ALLENS ROAD,ROSS REID PLACE,,Minor Crash,No,2023,,South,,0,,Flat,,,,,,Bright sun,711600,1,0,0,2,,,0,,,,,,Auckland Region,Nil,2-way,Sealed,,0,0,,50,,Null,0,0,,76,Auckland,Nil,,,,,0,0,Urban,0,,,Fine,Null
1758041.3797,5917905.9731,698321,,515700,0,0,0,1,0,South,2022/2023,SOUTHERN MOTORWAY,GILLIES AVENUE ON RAMP,,Minor Crash,Yes,2023,0,North,0,0,0,Flat,1,Christmas New Year,0,,0,Bright sun,443700,1,0,0,3,0,0,0,0,0,,0,0,Auckland Region,Nil,1-way,Sealed,0,0,0,0,80,0,Off,0,0,,76,Auckland,Nil,0,0,0,0,0,0,Open,1,0,0,Fine,Null
1786676.393,5883864.3794,698369,,521134,0,0,0,0,0,West,2022/2023,PAPARATA ROAD,PAPARIMU ROAD,,Serious Crash,No,2023,0,West,0,0,2,Flat,0,,0,,0,Dark,815503,0,0,0,2,0,0,0,0,2,,0,0,Auckland Region,Nil,2-way,Sealed,0,0,1,0,100,0,None,0,0,,76,Auckland,Nil,0,0,0,0,0,0,Open,2,0,0,Fine,Null
1740778.765,5930341.6121,698385,,505604,0,,0,1,,Null,2022/2023,DEACON ROAD,RIVERHEAD ROAD,,Minor Crash,No,2023,,West,,0,,Flat,,,,,,Bright sun,214202,3,0,0,2,,,0,,,,,,Auckland Region,Nil,2-way,Sealed,,0,0,,80,,None,0,0,,76,Auckland,Stop,,,,,0,0,Open,1,,,Fine,Null
1757428.5351,5920152.0611,698417,,514103,0,0,0,1,0,Null,2022/2023,WELLESLEY STREET EAST,MAYORAL DRIVE,,Minor Crash,No,2023,0,East,0,0,0,Hill Road,0,,0,,0,Dark,437102,1,0,0,2,0,0,0,0,0,,0,0,Auckland Region,Nil,1-way,Sealed,0,0,0,0,30,0,On,0,0,,76,Auckland,Traffic Signals,1,0,0,0,0,0,Urban,1,0,0,Fine,Null
1756980.7678,5925306.8235,698433,,509702,0,0,0,1,0,South,2022/2023,NORTHERN MOTORWAY,ESMONDE ROAD OFF RAMP,,Minor Crash,Yes,2023,0,North,0,0,0,Flat,1,,0,,0,Bright sun,364601,1,0,0,4,0,0,0,0,0,,0,0,Auckland Region,Nil,1-way,Sealed,0,0,0,0,80,0,Off,0,0,,76,Auckland,Nil,0,0,0,0,0,0,Open,0,0,0,Fine,Null
1752039.7225,5930697.8569,698449,,509100,0,,0,0,,Null,2022/2023,ALBANY HIGHWAY,ALBANY HIGHWAY OFF RAMP,,Minor Crash,No,2023,,North,,0,,Flat,,,,,,Bright sun,181003,1,0,0,3,,,0,,,,,,Auckland Region,Bridge,1-way,Sealed,,0,0,,60,,Off,1,0,,76,Auckland,Traffic Signals,,,,,0,0,Urban,1,,,Fine,Null
1749423.7737,5911481.2223,698625,,512100,0,0,0,2,0,West,2022/2023,GODLEY ROAD,HAVA PLACE,,Non-Injury Crash,No,2023,0,East,0,0,0,Hill Road,0,Easter,0,,0,Dark,290100,0,0,0,2,0,0,0,0,1,,0,0,Auckland Region,Nil,2-way,Sealed,0,0,0,0,50,0,Off,0,0,,76,Auckland,Nil,0,0,0,0,0,0,Urban,1,0,0,Heavy rain,Null
1769551.0025,5901103.0316,698664,,524902,0,0,0,0,0,West,2022/2023,ALFRISTON ROAD,SCOTTS ROAD,,Minor Crash,No,2023,0,West,0,0,0,Flat,0,,0,,0,Bright sun,757700,2,0,0,2,0,0,0,0,0,,0,0,Auckland Region,Nil,2-way,Sealed,0,0,0,0,50,0,Off,2,0,,76,Auckland,Nil,0,0,0,1,0,0,Urban,0,0,0,Fine,Null
1750990.3357,5911691.4115,698736,,514700,0,,0,2,,Null,2022/2023,CONNELL STREET,CONNAUGHT STREET,,Minor Crash,No,2023,,North,,0,,Flat,,,,,,Overcast,367300,1,0,0,2,,,0,,,,,,Auckland Region,Nil,2-way,Sealed,,0,0,,50,,Off,0,0,,76,Auckland,Stop,,,,,0,0,Urban,0,,,Fine,Null
1755356.0617,5915786.6537,698744,,518301,0,0,0,2,0,Null,2022/2023,OFF ROAD CHURCH CARPARK,,,Serious Crash,No,2023,0,East,0,0,0,Flat,0,,0,,0,Bright sun,554202,0,0,1,0,0,0,0,0,1,,0,0,Auckland Region,Nil,Off road,End of seal,0,0,1,0,,0,Off,0,0,,76,Auckland,Nil,0,0,0,0,0,0,Urban,0,0,0,Fine,Null
1774764.7139,5896704.8597,698745,,525610,0,,0,1,,East,2022/2023,BELGRAVE PLACE,PRESIDENT AVENUE,,Non-Injury Crash,No,2023,,West,,0,,Flat,,Easter,,,,Overcast,799800,0,0,0,2,,,0,,,1,,,Auckland Region,Nil,2-way,Sealed,,0,0,,50,,Off,0,0,,76,Auckland,Nil,,,,,0,0,Urban,0,,,Fine,Null
1773812.2011,5896062.4811,698825,,525620,0,0,0,0,0,North,2022/2023,LAURIE AVENUE,SETTLEMENT ROAD,,Minor Crash,No,2023,0,North,0,0,0,Flat,0,,0,,0,Dark,797900,1,0,1,2,0,0,0,0,0,,0,0,Auckland Region,Nil,2-way,Sealed,0,0,0,0,50,0,On,0,0,,76,Auckland,Nil,0,0,0,0,0,0,Urban,0,0,0,Fine,Null
1769078.6597,5900603.9366,698832,,525002,1,,0,0,,Null,2022/2023,GREAT SOUTH ROAD,MCANNALLEY STREET,,Serious Crash,No,2023,,South,,0,,Flat,,,,,,Dark,753202,0,0,0,2,,,0,,,,,,Auckland Region,Speed hump,2-way,Sealed,,0,1,,50,,Off,0,0,,76,Auckland,Stop,,,,,0,0,Urban,1,,,Fine,Null
1771978.6369,5896232.1644,698880,,525420,0,0,0,1,0,West,2022/2023,QUEEN STREET,WHARF STREET,,Minor Crash,No,2023,0,West,0,0,0,Hill Road,0,,0,,0,Dark,791700,1,0,0,2,0,0,0,0,0,,0,0,Auckland Region,Nil,2-way,Sealed,0,0,0,0,50,0,On,0,0,,76,Auckland,Unknown,0,0,0,1,0,0,Urban,0,0,0,Fine,Null
1767545.3831,5906571.2313,699264,,523601,0,,0,0,,Null,2022/2023,BAIRDS ROAD,O'CONNOR STREET,,Serious Crash,No,2023,,South,,0,,Flat,,,,,,Dark,707800,0,0,1,2,,,0,,,,,,Auckland Region,Nil,2-way,Sealed,,0,1,,50,,On,0,0,,76,Auckland,Give way,,,,,0,0,Urban,0,,,Fine,Null
1765924.9377,5905620.0374,699265,,522202,0,,0,1,,Null,2022/2023,CARRUTH ROAD,BIRDWOOD AVENUE,,Minor Crash,No,2023,,North,,0,,Flat,,,,,,Overcast,665700,1,0,0,2,,,0,,,,,,Auckland Region,Nil,2-way,Sealed,,0,0,,50,,Off,1,0,,76,Auckland,Stop,,,,,0,0,Urban,0,,,Fine,Strong wind
1755586.1075,5920040.7602,699280,,515302,0,0,1,2,0,North,2023/2024,PONSONBY ROAD,VERMONT STREET,,Minor Crash,No,2023,0,South,0,0,0,Flat,0,,0,,0,Dark,431000,1,0,0,4,0,0,0,0,2,,0,0,Auckland Region,Nil,2-way,Sealed,0,0,0,0,40,0,On,0,0,,76,Auckland,Nil,0,0,0,0,0,1,Urban,0,0,0,Fine,Null
1753511.2309,5918379.6294,699281,,515431,0,,0,2,,West,2022/2023,GREAT NORTH ROAD,ST LUKES ROAD,,Minor Crash,No,2023,,West,,0,,Flat,,,,,,Bright sun,397600,2,0,0,5,,,0,,,,,,Auckland Region,Nil,2-way,Sealed,,0,0,,50,,Off,0,0,,76,Auckland,Nil,,,,,0,0,Urban,1,,,Fine,Null