X,Y,OBJECTID,advisorySpeed,areaUnitID,bicycle,bridge,bus,carStationWagon,cliffBank,crashDirectionDescription,crashFinancialYear,crashLocation1,crashLocation2,crashRoadSideRoad,crashSeverity,crashSHDescription,crashYear,debris,directionRoleDescription,ditch,fatalCount,fence,flatHill,guardRail,holiday,houseOrBuilding,intersection,kerb,light,meshblockId,minorInjuryCount,moped,motorcycle,NumberOfLanes,objectThrownOrDropped,otherObject,otherVehicleType,overBank,parkedVehicle,pedestrian,phoneBoxEtc,postOrPole,region,roadCharacter,roadLane,roadSurface,roadworks,schoolBus,seriousInjuryCount,slipOrFlood,speedLimit,strayAnimal,streetLight,suv,taxi,temporarySpeedLimit,tlaId,tlaName,trafficControl,trafficIsland,trafficSign,train,tree,truck,unknownVehicleType,urban,vanOrUtility,vehicle,waterRiver,weatherA,weatherB
1754026.2024,5933460.072,699289,,508804,0,0,0,2,0,West,2022/2023,HUGH GREEN DRIVE,KILLYBEGS DRIVE,,Serious Crash,No,2023,0,West,0,0,0,Hill Road,0,,0,,0,Overcast,180712,0,0,0,2,0,0,0,0,0,,0,0,Auckland Region,Nil,2-way,Sealed,0,0,1,0,50,0,Off,0,0,,76,Auckland,Nil,0,0,0,0,0,0,Urban,0,1,0,Fine,Null
1754267.0066,5936469.7728,699345,,506902,0,,1,1,,West,2022/2023,GLAMORGAN DRIVE,MORICE PLACE,,Fatal Crash,No,2023,,East,,1,,Hill Road,,,,,,Overcast,165801,0,0,0,2,,,0,,,,,,Auckland Region,Nil,2-way,Sealed,,0,0,,50,,Off,0,0,,76,Auckland,Nil,,,,,0,0,Urban,0,,,Light rain,Null
1763030.6802,5916041.5397,699400,,516302,0,0,0,2,0,West,2022/2023,ABBOTTS WAY,NGAHUE DRIVE,,Minor Crash,No,2023,0,West,0,0,0,Hill Road,0,,0,,0,Overcast,463708,1,0,0,2,0,0,0,0,1,,0,0,Auckland Region,Nil,2-way,Sealed,0,0,0,0,50,0,Off,0,0,,76,Auckland,Nil,0,0,0,0,0,0,Urban,0,0,0,Fine,Null
1755226.8513,5935934.8738,699409,,507101,0,,0,1,,West,2022/2023,CARLISLE ROAD,FINCHLEY ROAD,,Minor Crash,No,2023,,East,,0,,Flat,,,,,,Bright sun,159201,1,0,0,2,,,0,,,1,,,Auckland Region,Nil,2-way,Sealed,,0,0,,50,,Off,0,0,,76,Auckland,Nil,,,,,0,0,Urban,0,,,Fine,Null
1765766.6974,5901160.4325,699625,,524711,0,0,0,2,0,Null,2022/2023,ROSCOMMON ROAD,FINLAYSON AVENUE,,Non-Injury Crash,No,2023,0,South,0,0,0,Flat,0,Christmas New Year,0,,0,Overcast,774900,0,0,0,2,0,0,0,0,1,,0,0,Auckland Region,Nil,1-way,Sealed,0,0,0,0,60,0,Off,0,0,,76,Auckland,Give way,0,0,0,0,0,0,Urban,1,0,0,Fine,Null
1754826.0794,5930502.9705,699992,,508420,0,0,0,2,0,South,2022/2023,NORTHERN MOTORWAY,UPPER HARBOUR HWY OFF RAMP,,Minor Crash,Yes,2023,0,North,0,0,0,Flat,2,,0,,0,Bright sun,182100,1,0,0,3,0,0,0,0,0,,0,0,Auckland Region,Nil,1-way,Sealed,0,0,0,0,100,0,On,0,0,,76,Auckland,Nil,0,0,0,0,0,0,Open,0,0,0,Fine,Null
1737759.3555,5920020.7707,700136,,513702,0,0,0,1,1,West,2022/2023,WAITAKERE ROAD,NORTHFIELD ROAD,,Minor Crash,No,2023,0,South,1,0,0,Hill Road,0,,0,,0,Dark,237204,1,0,0,2,0,0,0,0,0,,0,0,Auckland Region,Nil,2-way,Sealed,0,0,0,0,80,0,None,0,0,,76,Auckland,Nil,0,0,0,0,0,0,Open,0,0,0,Light rain,Null
1740395.1214,5926175.1643,700337,,513701,0,,0,1,,Null,2022/2023,NIXON ROAD,TAUPAKI ROAD,,Minor Crash,No,2023,,North,,0,,Flat,,,,,,Bright sun,229400,1,0,1,2,,,0,,,,,,Auckland Region,Nil,2-way,Sealed,,0,0,,80,,None,0,0,,76,Auckland,Give way,,,,,0,0,Open,0,,,Fine,Null
1751832.3273,5917697.1652,700344,,514900,0,,0,2,,West,2023/2024,SH 20,NORTH-WESTERN MOTORWAY,,Minor Crash,Yes,2023,,North,,0,,Flat,,,,,,Bright sun,385802,2,0,0,2,,,0,,,,,,Auckland Region,Motorway ramp,1-way,Sealed,,0,0,,80,,Off,1,0,,76,Auckland,Nil,,,,,0,0,Open,0,,,Fine,Null
1744856.3068,5924024.8434,700360,,513521,0,0,0,2,0,East,2023/2024,ELIZABETH DRIVE,CYRIL CRESCENT,,Minor Crash,No,2023,0,South,0,0,0,Flat,0,,0,,0,Dark,224227,1,0,0,2,0,0,0,0,1,,0,0,Auckland Region,Nil,2-way,Sealed,0,0,0,0,50,0,On,0,0,,76,Auckland,Nil,0,0,0,0,0,0,Urban,1,0,0,Fine,Null
1765129.0517,5909790.1601,700409,,521802,0,,0,2,,South,2022/2023,SOUTHERN MOTORWAY,TRENWITH OBR,,Minor Crash,Yes,2023,,North,,0,,Flat,,,,,,Dark,788203,1,0,0,4,,,0,,,,,,Auckland Region,Nil,1-way,Sealed,,0,0,,100,,On,0,0,,76,Auckland,Nil,,,,,0,0,Open,0,,,Fine,Null
1764989.8191,5890239.873,700465,,521122,0,,0,1,,Null,2022/2023,CHARLES ROAD,MUIR ROAD,,Minor Crash,No,2023,,North,,0,,Hill Road,,,,,,Dark,810000,1,0,0,0,,,0,,,,,,Auckland Region,Nil,2-way,Sealed,,0,0,,80,,None,0,0,,76,Auckland,Give way,,,,,0,0,Open,0,,,Light rain,Null
1763068.6567,5907937.2349,700472,,524301,1,,0,1,,Null,2022/2023,MASSEY ROAD,VINE STREET,,Minor Crash,No,2023,,North,,0,,Flat,,,,,,Overcast,747500,1,0,0,2,,,0,,,,,,Auckland Region,Nil,2-way,Sealed,,0,0,,50,,Off,0,0,,76,Auckland,Give way,,,,,0,0,Urban,0,,,Mist or Fog,Null
1785329.2162,5905604.2676,700489,65,525201,0,0,0,0,0,West,2022/2023,CLEVEDON-KAWAKAWA ROAD,NESS VALLEY ROAD,,Minor Crash,No,2023,0,West,0,0,0,Flat,0,,0,,0,Overcast,764100,1,0,0,2,0,0,0,0,0,,0,0,Auckland Region,Nil,2-way,Sealed,0,0,0,0,100,0,Off,0,0,,76,Auckland,Nil,0,0,0,1,1,0,Open,0,0,0,Light rain,Null
1755345.7644,5926199.4757,700872,,509701,0,,0,2,,Null,2022/2023,OCEAN VIEW ROAD,POTTER AVENUE,,Minor Crash,No,2023,,North,,0,,Hill Road,,,,,,Bright sun,363200,1,0,0,2,,,0,,,,,,Auckland Region,Nil,2-way,Sealed,,0,0,,50,,Off,0,0,,76,Auckland,Stop,,,,,0,0,Urban,0,,,Fine,Null
1762656.868,5917214.704,700928,,516301,0,,0,1,,Null,2022/2023,REMUERA ROAD,MCFARLAND STREET,,Serious Crash,No,2023,,South,,0,,Flat,,,,,,Bright sun,458700,0,0,1,4,,,0,,,,,,Auckland Region,Nil,2-way,Sealed,,0,1,,50,,Off,0,0,,76,Auckland,Give way,,,,,0,0,Urban,0,,,Fine,Null
1794349.6945,5904617.5757,701424,,525202,0,0,0,0,1,South,2022/2023,KAWAKAWA-ORERE ROAD,FORESTRY ROAD 3,,Minor Crash,No,2023,0,East,0,0,0,Flat,0,,0,,0,Bright sun,764501,1,0,1,2,0,0,0,0,0,,0,0,Auckland Region,Nil,2-way,Sealed,0,0,0,0,100,0,None,0,0,,76,Auckland,Nil,0,0,0,0,0,0,Open,0,0,0,Fine,Null
1759977.0824,5908428.2729,701520,,524403,0,,0,2,,North,2022/2023,SOUTH-WESTERN MOTORWAY,HALL FTBR,,Minor Crash,Yes,2023,,South,,0,,Flat,,,,,,Bright sun,729800,2,0,0,2,,,0,,,,,,Auckland Region,Nil,1-way,Sealed,,0,0,,100,,Off,0,0,,76,Auckland,Nil,,,,,0,0,Open,1,,,Fine,Null
1740408.6518,5918545.966,701625,,513102,0,,0,0,,Null,2022/2023,OFF ROAD PADDOCK,,,Minor Crash,No,2023,,Null,,0,,Flat,,,,,,Bright sun,237700,1,0,0,0,,,0,,,,,,Auckland Region,Nil,Off road,Unsealed,,0,0,,,,None,0,0,,76,Auckland,Nil,,,,,0,0,Urban,1,,,Fine,Null
1761701.1512,5906510.2274,701641,,524200,0,,0,1,,Null,2022/2023,MASSEY ROAD OFF RAMP,MASSEY ROAD,,Minor Crash,No,2023,,West,,0,,Flat,,Easter,,,,Dark,728700,1,0,0,1,,,0,,,,,,Auckland Region,Motorway ramp,1-way,Sealed,,0,0,,50,,On,1,0,,76,Auckland,Give way,,,,,0,0,Urban,0,,,Fine,Null
1770876.8171,5878281.5965,701744,,521116,0,0,0,1,0,South,2022/2023,BUCKLAND ROAD,GEORGE CRESCENT,,Serious Crash,No,2023,0,North,0,0,1,Flat,0,,0,,1,Dark,824402,1,0,0,2,0,0,0,0,0,,0,0,Auckland Region,Nil,2-way,Sealed,0,0,4,0,50,0,On,0,0,,76,Auckland,Nil,0,0,0,1,0,0,Urban,0,0,0,Fine,Null
1756664.3135,5915306.0902,701792,,518302,0,,0,4,,North,2022/2023,MOUNT EDEN ROAD,PEARY ROAD,,Serious Crash,No,2023,,South,,0,,Hill Road,,,,,,Bright sun,558000,2,0,0,4,,,0,,,,,,Auckland Region,Nil,2-way,Sealed,,0,2,,50,,Off,0,0,,76,Auckland,Nil,,,,,0,0,Urban,0,,,Fine,Null
1756547.1774,5921075.2401,701880,,514101,0,0,0,2,0,East,2022/2023,PAKENHAM STREET WEST,DALDY STREET,,Minor Crash,No,2023,0,North,0,0,0,Flat,0,,0,,0,Dark,432400,1,0,0,2,0,0,0,0,1,,0,0,Auckland Region,Nil,2-way,Sealed,0,0,0,0,30,0,On,0,0,,76,Auckland,Nil,0,0,0,0,0,0,Urban,0,0,0,Heavy rain,Null
1752537.2949,5918171.0129,701904,,515002,0,,0,2,,Null,2022/2023,GREAT NORTH ROAD,HUIA ROAD,,Serious Crash,No,2023,,East,,0,,Flat,,,,,,Overcast,392500,2,0,0,4,,,0,,,,,,Auckland Region,Nil,2-way,Sealed,,0,1,,50,,Off,0,0,,76,Auckland,Give way,,,,,0,0,Urban,0,,,Fine,Null
1762268.3799,5913498.5118,702144,,520500,0,,0,2,,South,2023/2024,SOUTHERN MOTORWAY,PENROSE OBR,,Minor Crash,Yes,2023,,North,,0,,Flat,,,,,,Overcast,637100,1,0,0,3,,,0,,,,,,Auckland Region,Nil,1-way,Sealed,,0,0,,100,,Off,0,0,,76,Auckland,Nil,,,,,0,0,Open,0,,,Fine,Null
1766384.0285,5907589.6403,702152,,523601,0,,0,2,,North,2022/2023,EAST TAMAKI ROAD,EAST TAMAKI ROAD,,Non-Injury Crash,No,2023,,South,,0,,Flat,,,,,,Dark,708500,0,0,0,3,,,0,,,,,,Auckland Region,Nil,1-way,Sealed,,0,0,,50,,On,0,0,,76,Auckland,Nil,,,,,0,0,Urban,0,,,Fine,Null
1751565.0113,5912353.8425,702519,,514700,0,,1,1,,Null,2022/2023,DONOVAN STREET,BLOCKHOUSE BAY ROAD,,Minor Crash,No,2023,,West,,0,,Flat,,,,,,Bright sun,368700,1,0,0,3,,,0,,,,,,Auckland Region,Nil,2-way,Sealed,,0,0,,50,,Off,0,0,,76,Auckland,Give way,,,,,0,1,Urban,0,,,Fine,Null
1768124.0341,5903286.8872,702528,,524602,0,,0,0,,Null,2023/2024,PACIFIC EVENTS CENTRE DRIVE,GREAT SOUTH ROAD,,Minor Crash,No,2023,,North,,0,,Flat,,,,,,Overcast,780506,1,0,0,4,,,0,,,1,,,Auckland Region,Nil,2-way,Sealed,,0,0,,50,,Off,0,0,,76,Auckland,Traffic Signals,,,,,0,0,Urban,1,,,Fine,Null
1760713.5643,5914449.2279,702536,,519400,0,0,0,2,0,Null,2023/2024,ROCKFIELD ROAD,MAREI ROAD,,Minor Crash,No,2023,0,South,0,0,0,Flat,0,,0,,0,Bright sun,619700,1,0,0,2,0,0,0,0,1,,0,0,Auckland Region,Nil,2-way,Sealed,0,0,0,0,50,0,Off,0,0,,76,Auckland,Give way,0,0,0,0,0,0,Urban,1,0,0,Fine,Null
1762374.6767,5913342.2185,702544,,520402,0,,0,1,,South,2022/2023,SOUTHERN MOTORWAY,PENROSE OBR,,Non-Injury Crash,Yes,2023,,South,,0,,Flat,,,,,,Bright sun,642200,0,0,0,3,,,0,,,,,,Auckland Region,Nil,1-way,Sealed,,0,0,,100,,Off,0,0,,76,Auckland,Nil,,,,,0,0,Open,1,,,Fine,Null
1733408.6656,5946668.0709,702559,,506647,0,,0,1,,East,2022/2023,KAIPARA COAST HIGHWAY,NORTH CRESCENT,,Non-Injury Crash,Yes,2023,,East,,0,,Flat,,,,,,Bright sun,212507,0,0,0,2,,,0,,,,,,Auckland Region,Nil,2-way,Sealed,,0,0,,50,,Off,0,0,,76,Auckland,Nil,,,,,0,0,Urban,1,,,Fine,Null
1762266.0393,5913496.6293,702632,,520500,0,,0,1,,South,2022/2023,SOUTHERN MOTORWAY,PENROSE OBR,,Non-Injury Crash,Yes,2023,,North,,0,,Flat,,,,,,Overcast,637100,0,0,0,4,,,0,,,,,,Auckland Region,Nil,1-way,Sealed,,0,0,,100,,Off,0,0,,76,Auckland,Nil,,,,,0,0,Open,2,,,Fine,Null
1745964.48,5925312.0074,702639,,513431,1,,0,0,,South,2022/2023,HOBSONVILLE ROAD,DOWDENS LANE,,Minor Crash,No,2023,,North,,0,,Hill Road,,,,,,Bright sun,223802,1,0,0,2,,,0,,,,,,Auckland Region,Nil,2-way,Sealed,,0,0,,50,,Off,1,0,,76,Auckland,Nil,,,,,0,0,Urban,0,,,Fine,Null
1775820.164,5881898.775,702720,,521160,0,,0,2,,West,2022/2023,MILL ROAD,BOMBAY OFF RAMP,,Non-Injury Crash,No,2023,,West,,0,,Flat,,,,,,Dark,827603,0,0,0,2,,,0,,,,,,Auckland Region,Nil,2-way,Sealed,,0,0,,60,,On,0,0,,76,Auckland,Stop,,,,,0,0,Urban,0,,,Mist or Fog,Null
1758024.9889,5917336.2825,702728,,515700,0,,0,2,,Null,2022/2023,GILLIES AVENUE,ALBURY AVENUE,,Non-Injury Crash,No,2023,,North,,0,,Flat,,,,,,Bright sun,457700,0,0,0,4,,,0,,,,,,Auckland Region,Nil,2-way,Sealed,,0,0,,50,,Off,0,0,,76,Auckland,Give way,,,,,0,0,Urban,0,,,Fine,Frost
1767770.5521,5900676.7627,702735,,524720,0,0,0,1,0,North,2022/2023,MCKEAN AVENUE,WEYMOUTH ROAD,,Serious Crash,No,2023,0,North,0,0,1,Flat,0,,0,,0,Twilight,777601,0,0,0,2,0,0,0,0,0,,0,1,Auckland Region,Speed hump,2-way,Sealed,0,0,1,0,50,0,Off,0,0,,76,Auckland,Nil,1,0,0,0,0,0,Urban,0,0,0,Fine,Null
1767697.1162,5905734.6237,702736,,523721,0,0,0,1,0,East,2022/2023,BOUNDARY ROAD,PRESTON ROAD,,Non-Injury Crash,No,2023,0,West,0,0,1,Flat,0,,0,,0,Overcast,715400,0,0,0,2,0,1,0,0,0,,0,0,Auckland Region,Nil,2-way,Sealed,0,0,0,0,50,0,Off,0,0,,76,Auckland,Nil,0,0,0,0,0,0,Urban,0,0,0,Fine,Null
1766001.5203,5914348.3514,702840,,520601,0,0,0,2,0,Null,2022/2023,KINGS ROAD,RIVERVIEW ROAD,,Non-Injury Crash,No,2023,0,East,0,0,0,Flat,0,,0,,0,Overcast,629900,0,0,0,2,0,0,0,0,1,,0,0,Auckland Region,Nil,2-way,Sealed,0,0,0,0,50,0,Off,0,0,,76,Auckland,Stop,0,0,0,0,0,0,Urban,0,0,0,Fine,Null
1767606.0136,5907199.022,702896,,523602,0,0,0,2,0,Null,2022/2023,FERGUSON ROAD,HANNAH ROAD,,Minor Crash,No,2023,0,South,0,0,1,Flat,0,,0,,0,Bright sun,705200,1,0,0,2,0,0,0,0,0,,0,0,Auckland Region,Nil,2-way,Sealed,0,0,0,0,50,0,Off,0,0,,76,Auckland,Give way,0,0,0,1,0,0,Urban,0,0,0,Fine,Null
1762771.6158,5912094.2022,703319,,519500,0,0,0,2,0,Null,2022/2023,INDUSTRY ROAD,SOUTHDOWN LANE,,Serious Crash,No,2023,0,South,0,0,1,Flat,0,,0,,0,Dark,622700,1,0,0,2,0,0,0,0,1,,0,0,Auckland Region,Nil,2-way,Sealed,0,0,1,0,50,0,On,0,0,,76,Auckland,Give way,0,0,0,0,0,0,Urban,1,0,0,Fine,Null
1761075.1722,5909258.9879,704079,,524404,0,,0,1,,Null,2022/2023,FAVONA ROAD,HARANIA AVENUE,,Minor Crash,No,2023,,West,,0,,Flat,,,,,,Dark,729400,1,0,1,2,,,0,,,,,,Auckland Region,Nil,2-way,Sealed,,0,0,,60,,On,0,0,,76,Auckland,Give way,,,,,0,0,Urban,0,,,Fine,Null
1760844.0174,5915359.9475,704192,,520201,0,,0,1,,South,2022/2023,SOUTHERN MOTORWAY,TECOMA STREET OFF RAMP,,Non-Injury Crash,Yes,2023,,South,,0,,Flat,,,,,,Overcast,613000,0,0,0,3,,,0,,,,,,Auckland Region,Nil,1-way,Sealed,,0,0,,100,,Off,0,0,,76,Auckland,Nil,,,,,0,0,Open,1,,,Heavy rain,Null
1758957.9757,5911423.6525,704216,,519820,0,0,0,0,0,North,2022/2023,SOUTH-WESTERN MOTORWAY,NEILSON STREET ON RAMP,,Non-Injury Crash,Yes,2023,0,South,1,0,0,Flat,1,,0,,0,Overcast,602402,0,0,0,4,0,0,0,0,0,,0,0,Auckland Region,Bridge,1-way,Sealed,0,0,0,0,100,0,On,0,0,,76,Auckland,Nil,0,0,0,0,0,0,Open,1,0,0,Heavy rain,Strong wind
1761175.5815,5916649.3199,704360,,516003,0,,0,3,,Null,2022/2023,REMUERA ROAD,GREEN LANE EAST,,Non-Injury Crash,No,2023,,West,,0,,Flat,,,,,,Dark,494300,0,0,0,4,,,0,,,,,,Auckland Region,Nil,2-way,Sealed,,0,0,,50,,On,0,0,,76,Auckland,Traffic Signals,,,,,0,0,Urban,0,,,Light rain,Null
1749921.9513,5915632.3887,704367,,514802,0,,0,1,,West,2022/2023,RIVERSDALE ROAD,ST DAVIDS STREET,,Minor Crash,No,2023,,North,,0,,Flat,,,,,,Bright sun,386401,1,0,0,2,,,0,,,1,,,Auckland Region,Nil,2-way,Sealed,,0,0,,50,,Off,0,0,,76,Auckland,Nil,,,,,0,0,Urban,0,,,Fine,Null
1769306.6046,5905614.6839,704472,,523712,0,,0,2,,North,2022/2023,CHAPEL ROAD,DAWSON ROAD,,Non-Injury Crash,No,2023,,South,,0,,Flat,,,,,,Bright sun,713016,0,0,0,2,,,0,,,,,,Auckland Region,Nil,2-way,Sealed,,0,0,,60,,None,0,0,,76,Auckland,Nil,,,,,0,0,Urban,0,,,Fine,Null
1757044.8162,5925892.557,704528,,509702,0,,0,1,,Null,2022/2023,ESMONDE ROAD,ESMONDE ROAD ON RAMP,,Non-Injury Crash,No,2023,,East,,0,,Flat,,,,,,Bright sun,364602,0,0,0,4,,,0,,,,,,Auckland Region,Nil,2-way,Sealed,,0,0,,50,,Off,0,0,,76,Auckland,Traffic Signals,,,,,0,0,Urban,1,,,Fine,Null
1762576.2365,5915568.9657,704615,,520201,1,,0,1,,West,2022/2023,MARUA ROAD,BALLARAT STREET,,Minor Crash,No,2023,,South,,0,,Flat,,,,,,Bright sun,609300,1,0,0,2,,,0,,,,,,Auckland Region,Nil,2-way,Sealed,,0,0,,50,,Off,0,0,,76,Auckland,Nil,,,,,0,0,Urban,0,,,Fine,Null
1740467.6694,5922779.242,704679,,513701,0,0,0,0,0,South,2022/2023,RED HILLS ROAD,NELSON ROAD,,Non-Injury Crash,No,2023,0,North,1,0,0,Flat,0,,0,,0,Dark,229800,0,0,0,2,0,0,0,0,0,,0,0,Auckland Region,Nil,2-way,Sealed,0,0,0,0,80,0,None,0,0,,76,Auckland,Nil,0,0,0,0,0,0,Open,1,0,0,Fine,Null
1767542.5751,5903922.2777,704799,,524602,0,0,0,0,0,East,2022/2023,SOUTH-WESTERN MOTORWAY,BARROWCLIFFE OBR,,Non-Injury Crash,Yes,2023,0,South,0,0,0,Flat,1,,0,,0,Twilight,780411,0,0,0,3,0,0,0,0,0,,0,0,Auckland Region,Nil,1-way,Sealed,0,0,0,0,100,0,On,0,0,,76,Auckland,Nil,0,0,0,0,0,0,Open,1,0,0,Fine,Null
1754796.1519,5930567.0781,704808,,508520,0,,0,2,,South,2022/2023,NORTHERN MOTORWAY,UPPER HARBOUR HWY ON RAMP,,Minor Crash,Yes,2023,,South,,0,,Flat,,,,,,Dark,192700,2,0,0,2,,,0,,,,,,Auckland Region,Nil,1-way,Sealed,,0,0,,100,,On,0,2,,76,Auckland,Unknown,,,,,0,0,Open,1,,,Heavy rain,Null
1743361.74,5921175.5831,705064,45,513622,1,,0,0,,Null,2023/2024,DON BUCK ROAD,WAIMUMU ROAD,,Serious Crash,No,2023,,South,,0,,Hill Road,,,,,,Bright sun,226700,0,0,0,0,,,0,,,,,,Auckland Region,Nil,2-way,Sealed,,0,1,,50,,Off,0,0,,76,Auckland,Stop,,,,,0,0,Urban,1,,,Fine,Null
1769598.4085,5905405.2895,705088,,523712,0,,0,2,,Null,2022/2023,THOMAS ROAD,ASPIRING AVENUE,,Minor Crash,No,2023,,East,,0,,Flat,,,,,,Dark,716202,2,0,0,2,,,0,,,,,,Auckland Region,Nil,2-way,Sealed,,0,0,,50,,On,0,0,,76,Auckland,Give way,,,,,0,0,Urban,0,,,Fine,Strong wind
1743580.2502,5919104.1306,705608,,513213,0,0,0,2,0,North,2022/2023,METCALFE ROAD,RISERRA DRIVE,,Serious Crash,No,2023,0,South,0,0,1,Hill Road,0,,0,,0,Overcast,236001,0,0,0,1,0,0,0,0,0,,0,0,Auckland Region,Nil,2-way,Sealed,0,0,1,0,50,0,Off,0,0,,76,Auckland,Nil,0,0,0,0,0,0,Urban,0,0,0,Light rain,Null
1770238.7419,5906188.3447,705695,,523712,0,,0,1,,North,2022/2023,HIKUAWA ROAD,HUGHS WAY,,Serious Crash,No,2023,,South,,0,,Flat,,,,,,Bright sun,713201,0,0,1,2,,,0,,,,,,Auckland Region,Nil,2-way,Sealed,,0,1,,50,,Off,0,0,,76,Auckland,Nil,,,,,0,0,Urban,0,,,Fine,Null
1767784.4458,5906277.9739,705839,,523711,0,,0,1,,South,2022/2023,PRESTON ROAD,BAIRDS ROAD,,Serious Crash,No,2023,,South,,0,,Flat,,,,,,Bright sun,715000,2,0,0,2,,,0,,,,,,Auckland Region,Nil,2-way,Sealed,,0,1,,50,,Off,0,0,,76,Auckland,Nil,,,,,0,0,Urban,1,,,Fine,Null
1758736.9644,5926122.6657,706264,,508020,0,,0,3,,East,2022/2023,LAKE ROAD,HAURAKI ROAD,,Serious Crash,No,2023,,West,,0,,Flat,,,,,,Dark,324000,0,0,0,4,,,0,,,,,,Auckland Region,Nil,2-way,Sealed,,0,1,,50,,On,0,0,,76,Auckland,Nil,,,,,0,0,Urban,0,,,Heavy rain,Null
1752134.199,5918658.6404,706383,,515001,1,,0,1,,Null,2022/2023,POINT CHEVALIER ROAD,FORMBY AVENUE,,Serious Crash,No,2023,,South,,0,,Flat,,,,,,Bright sun,392600,0,0,0,2,,,0,,,,,,Auckland Region,Nil,2-way,Sealed,,0,1,,50,,Off,0,0,,76,Auckland,Stop,,,,,0,0,Urban,0,,,Fine,Null
1755292.8903,5921830.1322,706496,,515202,0,0,0,1,1,South,2022/2023,NORTHERN MOTORWAY,CURRAN STREET ON RAMP,,Minor Crash,Yes,2023,0,North,0,0,0,Flat,1,,0,,0,Dark,423600,1,0,0,4,0,0,0,0,0,,0,0,Auckland Region,Motorway ramp,1-way,Sealed,0,0,0,0,80,0,On,0,0,,76,Auckland,Nil,0,0,0,0,0,0,Open,0,0,0,Fine,Null
1754962.6075,5913521.6071,706958,,518803,0,,0,2,,Null,2022/2023,DOMINION ROAD,DOMINION ROAD OFF RAMP,,Serious Crash,No,2023,,South,,0,,Flat,,,,,,Dark,582700,1,0,0,2,,,0,,,,,,Auckland Region,Motorway ramp,1-way,Sealed,,0,1,,50,,On,0,0,,76,Auckland,Traffic Signals,,,,,0,0,Urban,0,,,Fine,Null
1765822.5907,5919619.2967,707279,,516700,0,0,0,2,0,North,2022/2023,ST HELIERS BAY ROAD,BRILLIANT STREET,,Minor Crash,No,2023,0,North,0,0,0,Flat,0,,1,,0,Bright sun,509800,1,0,0,2,0,0,0,0,0,,0,0,Auckland Region,Nil,2-way,Sealed,0,0,0,0,50,0,Off,0,0,,76,Auckland,Nil,0,0,0,0,0,0,Urban,0,0,0,Fine,Null
1757929.0432,5918045.085,707295,,515700,0,,0,2,,South,2022/2023,SOUTHERN MOTORWAY,MAUNGAWHAU OBR,,Non-Injury Crash,Yes,2023,,North,,0,,Flat,,,,,,Bright sun,443700,0,0,0,4,,,0,,,,,,Auckland Region,Nil,1-way,Sealed,,0,0,,80,,Off,1,0,,76,Auckland,Nil,,,,,0,0,Open,0,,,Fine,Null
1768748.099,5881484.2349,707399,,525921,0,,0,2,,Null,2022/2023,SEDDON STREET,VICTORIA STREET,,Serious Crash,No,2023,,South,,0,,Flat,,,,,,Bright sun,821400,0,0,0,2,,,0,,,,,,Auckland Region,Nil,2-way,Sealed,,0,1,,50,,Off,0,0,,76,Auckland,Give way,,,,,0,0,Urban,0,,,Fine,Null
1771215.9209,5906995.5357,707479,,523713,0,,0,1,,West,2022/2023,ORMISTON ROAD,MURPHYS ROAD,,Minor Crash,No,2023,,West,,0,,Flat,,,,,,Bright sun,712401,1,0,1,5,,,0,,,,,,Auckland Region,Nil,2-way,Sealed,,0,0,,50,,Off,0,0,,76,Auckland,Nil,,,,,0,0,Urban,0,,,Fine,Null
1759734.9319,5913990.9806,707535,,519720,0,0,0,1,0,East,2022/2023,RAWHITI ROAD,TAWA ROAD,,Fatal Crash,No,2023,0,East,0,1,0,Flat,0,,0,,0,Bright sun,592600,0,0,1,2,0,0,0,0,1,,0,0,Auckland Region,Nil,2-way,Sealed,0,0,0,0,50,0,Off,0,0,,76,Auckland,Nil,0,0,0,0,0,0,Urban,0,0,0,Fine,Null
1755951.4567,5917068.0052,707575,,518201,0,,0,0,,Null,2022/2023,DOMINION ROAD,BURNLEY TERRACE,,Serious Crash,No,2023,,North,,0,,Flat,,,,,,Bright sun,548200,0,0,1,4,,,0,,,,,,Auckland Region,Nil,2-way,Sealed,,0,1,,50,,Off,0,0,,76,Auckland,Stop,,,,,0,0,Urban,1,,,Fine,Null
1754634.9139,5913908.4197,707639,,518803,0,,0,1,,Null,2022/2023,MAY ROAD,DENBIGH AVENUE,,Minor Crash,No,2023,,North,,0,,Flat,,,,,,Dark,580400,1,0,0,4,,,0,,,,,,Auckland Region,Nil,2-way,Sealed,,0,0,,50,,On,1,0,,76,Auckland,Traffic Signals,,,,,0,0,Urban,0,,,Light rain,Strong wind
1765406.0097,5901995.6573,707799,,524604,0,,0,1,,Null,2022/2023,ROSCOMMON ROAD,KIWI TAMAKI ROAD,,Serious Crash,No,2023,,South,,0,,Flat,,,,,,Overcast,781200,1,0,0,4,,,0,,,,,,Auckland Region,Nil,2-way,Sealed,,0,2,,60,,None,1,0,40,76,Auckland,Traffic Signals,,,,,0,0,Urban,1,,,Heavy rain,Null