X,Y,OBJECTID,advisorySpeed,areaUnitID,bicycle,bridge,bus,carStationWagon,cliffBank,crashDirectionDescription,crashFinancialYear,crashLocation1,crashLocation2,crashRoadSideRoad,crashSeverity,crashSHDescription,crashYear,debris,directionRoleDescription,ditch,fatalCount,fence,flatHill,guardRail,holiday,houseOrBuilding,intersection,kerb,light,meshblockId,minorInjuryCount,moped,motorcycle,NumberOfLanes,objectThrownOrDropped,otherObject,otherVehicleType,overBank,parkedVehicle,pedestrian,phoneBoxEtc,postOrPole,region,roadCharacter,roadLane,roadSurface,roadworks,schoolBus,seriousInjuryCount,slipOrFlood,speedLimit,strayAnimal,streetLight,suv,taxi,temporarySpeedLimit,tlaId,tlaName,trafficControl,trafficIsland,trafficSign,train,tree,truck,unknownVehicleType,urban,vanOrUtility,vehicle,waterRiver,weatherA,weatherB
1745018.5885,5921964.9271,708054,,513530,0,0,0,2,0,Null,2023/2024,COLWILL ROAD,SARI PLACE,,Serious Crash,No,2023,0,South,0,0,0,Flat,0,,0,,0,Dark,226107,1,0,0,2,0,0,0,0,1,,0,0,Auckland Region,Nil,2-way,Sealed,0,0,1,0,50,0,On,0,0,,76,Auckland,Nil,0,0,0,0,0,0,Urban,1,0,0,Light rain,Null
1765466.8608,5898126.7721,708070,,524811,0,0,0,3,0,East,2023/2024,MCLEOD ROAD,LANE ROAD,,Minor Crash,No,2023,0,East,0,0,0,Flat,0,,0,,0,Bright sun,773502,1,0,0,2,0,0,0,0,2,,0,0,Auckland Region,Nil,2-way,Sealed,0,0,0,0,30,0,Off,0,0,,76,Auckland,Nil,0,0,0,0,0,0,Urban,0,0,0,Fine,Null
1756449.4444,5920092.3152,708341,,514000,0,,0,1,,North,2022/2023,NORTHERN MOTORWAY,WELLINGTON OBR,,Non-Injury Crash,Yes,2023,,North,,0,,Hill Road,,,,,,Bright sun,417400,0,0,0,3,,,0,,,,,,Auckland Region,Nil,1-way,Sealed,,0,0,,80,,Off,0,0,,76,Auckland,Nil,,,,,1,0,Open,0,,,Fine,Null
1747247.1459,5912031.7991,708501,,511901,0,0,0,2,0,South,2022/2023,KAURILANDS ROAD,SUNRAY AVENUE,,Non-Injury Crash,No,2023,0,South,0,0,1,Flat,0,,0,,0,Dark,294600,0,0,0,2,0,0,0,0,1,,0,0,Auckland Region,Nil,2-way,Sealed,0,0,0,0,50,0,On,0,0,,76,Auckland,Nil,0,0,0,0,0,0,Urban,0,0,0,Fine,Null
1766426.2821,5903839.2617,708781,,524604,0,,0,2,,East,2022/2023,SOUTH-WESTERN MOTORWAY,LAMBIE DRIVE OFF RAMP,,Minor Crash,Yes,2023,,East,,0,,Flat,,,,,,Overcast,780210,2,0,0,2,,,0,,,,,,Auckland Region,Nil,1-way,Sealed,,0,0,,100,,On,0,0,80,76,Auckland,Nil,,,,,0,0,Open,0,,,Light rain,Null
1742071.0606,5915714.0087,708797,,513020,0,0,0,1,0,East,2022/2023,CANDIA ROAD,VINEYARD ROAD,,Minor Crash,No,2023,0,North,1,0,0,Flat,0,,0,,0,Dark,279900,1,0,0,2,0,0,0,0,0,,0,0,Auckland Region,Nil,2-way,Sealed,0,0,0,0,60,0,None,0,0,,76,Auckland,Nil,0,0,0,0,0,0,Urban,0,0,0,Heavy rain,Strong wind
1759191.9861,5914479.8623,708981,,519300,1,,0,1,,East,2022/2023,TWIN OAK DRIVE,BOLLARD AVENUE,,Minor Crash,No,2023,,South,,0,,Hill Road,,,,,,Bright sun,623300,1,0,0,2,,,0,,,,,,Auckland Region,Nil,2-way,Sealed,,0,0,,30,,Off,0,0,,76,Auckland,Nil,,,,,0,0,Urban,0,,,Fine,Null
1758821.7388,5922892.1525,709005,,509500,1,,0,1,,West,2022/2023,CALLIOPE ROAD,GLEN ROAD,,Serious Crash,No,2023,,West,,0,,Hill Road,,,,,,Bright sun,336700,0,0,0,2,,,0,,,,,,Auckland Region,Nil,2-way,Sealed,,0,1,,50,,Off,0,0,,76,Auckland,Nil,,,,,0,0,Urban,0,,,Fine,Null
1734795.7729,5928627.0159,709028,,506652,0,,0,0,,North,2022/2023,FOSTER ROAD,AWA ROAD,,Serious Crash,No,2023,,South,,0,,Flat,,,,,,Bright sun,219200,0,0,1,2,,,0,,,,,,Auckland Region,Nil,2-way,Sealed,,0,1,,80,,None,0,0,,76,Auckland,Nil,,,,,0,0,Open,0,,,Fine,Null
1752153.4246,5934482.14,709061,,508701,0,,0,1,,Null,2022/2023,APPIAN WAY,OTEHA VALLEY ROAD,,Minor Crash,No,2023,,North,,0,,Flat,,,,,,Bright sun,178900,1,0,0,2,,,0,,,,,,Auckland Region,Nil,1-way,Sealed,,0,0,,50,,Off,0,0,,76,Auckland,Give way,,,,,0,0,Urban,1,,,Fine,Null
1770775.2097,5897203.9472,709101,,523912,0,,0,2,,North,2022/2023,SOUTHERN MOTORWAY,PAHUREHURE NO 2 BR,,Minor Crash,Yes,2023,,South,,0,,Flat,,,,,,Twilight,767803,1,0,0,3,,,0,,,,,,Auckland Region,Nil,1-way,Sealed,,0,0,,100,,Off,0,0,,76,Auckland,Nil,,,,,0,0,Open,0,,,Fine,Null
1753866.2213,5914232.127,709164,,518801,0,0,0,1,0,North,2022/2023,MAIORO STREET ON RAMP,SH 20,,Minor Crash,No,2023,0,South,0,0,1,Hill Road,0,,0,,0,Dark,578500,2,0,0,3,0,0,0,0,0,,0,1,Auckland Region,Motorway ramp,1-way,Sealed,0,0,0,0,80,0,On,0,0,,76,Auckland,Nil,0,0,0,0,0,0,Open,0,0,0,Fine,Null
1766507.0177,5903832.6148,709188,,524604,0,,0,2,,East,2022/2023,SOUTH-WESTERN MOTORWAY,LAMBIE DRIVE ON RAMP,,Minor Crash,Yes,2023,,West,,0,,Flat,,,,,,Bright sun,780210,1,0,1,2,,,0,,,,,,Auckland Region,Nil,1-way,Sealed,,0,0,,100,,Off,0,0,,76,Auckland,Nil,,,,,0,0,Open,0,,,Fine,Null
1754723.7162,5915757.7019,709213,,517703,0,,0,1,,North,2022/2023,SANDRINGHAM ROAD,CALGARY STREET,,Minor Crash,No,2023,,South,,0,,Flat,,,,,,Overcast,538300,1,0,0,2,,,0,,,,,,Auckland Region,Nil,2-way,Sealed,,0,0,,50,,None,1,0,,76,Auckland,Nil,,,,,0,0,Urban,0,,,Fine,Null
1782443.0573,5900625.0893,709221,45,525201,0,0,0,1,0,South,2022/2023,MONUMENT ROAD,PIONEER ROAD,,Minor Crash,No,2023,0,North,0,0,0,Flat,0,,0,,0,Overcast,763900,1,0,0,2,0,0,0,0,0,,0,0,Auckland Region,Nil,2-way,Sealed,0,0,0,0,100,0,None,0,0,,76,Auckland,Nil,0,0,0,1,0,0,Open,0,0,0,Light rain,Null
1750804.6641,5918005.7315,709276,,514801,0,,0,0,,West,2022/2023,NORTH-WESTERN MOTORWAY,ROSEBANK BR,,Serious Crash,Yes,2023,,West,,0,,Flat,,,,,,Dark,390402,2,0,0,5,,,0,,,,,,Auckland Region,Nil,1-way,Sealed,,0,1,,100,,On,0,0,,76,Auckland,Nil,,,,,0,0,Open,3,,,Light rain,Null
1769154.3652,5906854.6697,709357,,523711,0,0,0,1,0,North,2022/2023,TE IRIRANGI DRIVE,RONGOMAI ROAD,,Minor Crash,No,2023,0,South,0,0,1,Flat,0,Easter,0,,0,Bright sun,712802,1,0,0,2,0,0,0,0,0,,1,1,Auckland Region,Nil,1-way,Sealed,0,0,0,0,60,0,Off,0,0,,76,Auckland,Nil,0,0,0,0,0,0,Urban,0,0,0,Fine,Null
1759309.5616,5916625.9746,709492,,516001,0,,0,2,,South,2022/2023,SOUTHERN MOTORWAY,MARKET OBR,,Minor Crash,Yes,2023,,South,,0,,Flat,,,,,,Bright sun,491700,1,0,0,4,,,0,,,,,,Auckland Region,Nil,1-way,Sealed,,0,0,,100,,Off,0,0,,76,Auckland,Nil,,,,,0,0,Open,0,,,Fine,Null
1762196.3479,5913621.5884,709661,,520500,0,,0,1,,South,2022/2023,SOUTHERN MOTORWAY,PENROSE OBR,,Minor Crash,Yes,2023,,North,,0,,Flat,,,,,,Overcast,637100,1,0,0,3,,,0,,,,,,Auckland Region,Nil,1-way,Sealed,,0,0,,100,,Off,0,0,,76,Auckland,Nil,,,,,1,0,Open,0,,,Light rain,Null
1751504.0753,5916376.1249,709772,,514900,0,,0,2,,Null,2022/2023,GREAT NORTH ROAD,BLOCKHOUSE BAY ROAD,,Minor Crash,No,2023,,North,,0,,Flat,,,,,,Dark,384800,2,0,0,4,,,0,,,,,,Auckland Region,Nil,2-way,Sealed,,0,0,,50,,On,0,0,,76,Auckland,Traffic Signals,,,,,0,0,Urban,0,,,Fine,Null
1760585.3797,5908495.4751,709820,,524403,0,0,0,2,0,North,2022/2023,ROBERTSON ROAD,WAKEFIELD ROAD,,Non-Injury Crash,No,2023,0,North,0,0,0,Flat,0,,0,,0,Twilight,729903,0,0,0,2,0,0,0,0,1,,0,0,Auckland Region,Nil,2-way,Sealed,0,0,0,0,50,0,Off,0,0,,76,Auckland,Nil,0,0,0,0,0,0,Urban,0,0,0,Fine,Null
1760508.8588,5980761.7289,709971,35,506661,0,0,0,1,0,South,2023/2024,LEIGH ROAD,TI POINT ROAD,,Minor Crash,No,2023,0,East,0,0,0,Hill Road,0,,0,,0,Overcast,137708,2,0,0,2,0,0,0,0,0,,0,0,Auckland Region,Nil,2-way,Sealed,0,0,0,0,80,0,None,0,0,,76,Auckland,Nil,0,1,0,2,0,0,Open,0,0,0,Fine,Null
1755549.6818,5917917.1732,710140,,517500,0,,0,1,,Null,2023/2024,NEW NORTH ROAD,CENTRAL ROAD,,Minor Crash,No,2023,,West,,0,,Flat,,,,,,Dark,529800,1,0,0,4,,,0,,,1,,,Auckland Region,Nil,2-way,Sealed,,0,0,,50,,On,0,1,,76,Auckland,Stop,,,,,0,0,Urban,0,,,Fine,Null
1755883.8975,5919333.4905,710171,,515420,0,,0,1,,North,2022/2023,POLLEN STREET,VINEGAR LANE,,Minor Crash,No,2023,,South,,0,,Hill Road,,,,,,Bright sun,411000,1,0,0,2,,,0,,,1,,,Auckland Region,Nil,2-way,Sealed,,0,0,,40,,Off,0,0,,76,Auckland,Nil,,,,,0,1,Urban,0,,,Fine,Null
1743314.1044,5918730.3977,710172,,513213,0,,0,1,,Null,2022/2023,METCALFE ROAD,MARTIN JUGUM LANE,,Minor Crash,No,2023,,South,,0,,Flat,,,,,,Dark,235906,1,0,1,2,,,0,,,,,,Auckland Region,Nil,2-way,Sealed,,0,0,,50,,On,0,0,,76,Auckland,Stop,,,,,0,0,Urban,0,,,Fine,Null
1758808.0988,5908153.3403,710179,,524002,0,,0,0,,South,2022/2023,KIRKBRIDE ROAD,TAPUWAE WAY,,Minor Crash,No,2023,,South,,0,,Flat,,,,,,Bright sun,725601,1,0,1,2,,,0,,,1,,,Auckland Region,Nil,2-way,Sealed,,0,0,,50,,Off,0,0,,76,Auckland,Nil,,,,,0,0,Urban,0,,,Fine,Null
1747252.2456,5958723.0784,710180,,506613,0,0,0,0,0,West,2022/2023,AHUROA ROAD,ROSA VILLA LANE,,Minor Crash,No,2023,0,West,1,0,0,Flat,0,,0,,0,Dark,146901,1,0,1,2,0,0,0,0,0,,0,0,Auckland Region,Nil,2-way,Sealed,0,0,0,0,80,0,None,0,0,,76,Auckland,Nil,0,0,0,0,0,0,Open,0,0,0,Fine,Null
1755312.6884,5921667.4764,710219,,515202,0,0,0,1,0,North,2022/2023,NORTHERN MOTORWAY,SHELLY BEACH OBR,,Minor Crash,Yes,2023,0,South,0,0,0,Flat,1,Christmas New Year,0,,0,Dark,423600,1,0,0,5,0,0,0,0,0,,0,0,Auckland Region,Nil,1-way,Sealed,0,0,0,0,80,0,On,0,0,,76,Auckland,Nil,0,0,0,0,0,0,Open,0,0,0,Light rain,Strong wind
1769395.56,5880712.0202,710220,,525922,0,,0,2,,South,2022/2023,MANUKAU ROAD,CUSTOM STREET,,Minor Crash,No,2023,,North,,0,,Flat,,,,,,Overcast,823800,2,0,0,2,,,0,,,,,,Auckland Region,Nil,2-way,Sealed,,0,0,,50,,Off,0,0,,76,Auckland,Nil,,,,,0,0,Urban,0,,,Fine,Null
1752674.9863,5918073.4537,710395,,515003,0,0,0,1,0,South,2022/2023,NORTH-WESTERN MOTORWAY,GREAT NORTH ROAD OFF RAMP,,Minor Crash,Yes,2023,0,South,0,0,0,Hill Road,1,,0,,0,Bright sun,390600,1,0,0,4,0,0,0,0,0,,0,0,Auckland Region,Motorway ramp,1-way,Sealed,0,0,0,0,100,0,Off,0,0,,76,Auckland,Nil,0,0,0,0,0,0,Open,0,0,0,Fine,Null
1748085.7773,5964065.5588,710404,,506613,0,,0,2,,North,2022/2023,SH 1,COWAN BAY ROAD,,Non-Injury Crash,No,2023,,South,,0,,Hill Road,,,,,,Dark,146104,0,0,0,2,,,0,,,,,,Auckland Region,Bridge,2-way,Sealed,,0,0,,80,,None,1,0,,76,Auckland,Nil,,,,,0,0,Open,1,,,Fine,Null
1770497.239,5908709.5766,710443,,523115,0,,0,1,,Null,2022/2023,BRONWYLIAN DRIVE,MIDDLEFIELD DRIVE,,Serious Crash,No,2023,,East,,0,,Flat,,,,,,Bright sun,712110,1,0,1,2,,,0,,,,,,Auckland Region,Nil,2-way,Sealed,,0,1,,50,,Off,0,0,,76,Auckland,Give way,,,,,0,0,Urban,0,,,Fine,Null
1764685.8034,5903794.8784,710475,,524604,0,,0,1,,West,2022/2023,SOUTH-WESTERN MOTORWAY,CAVENDISH UNDERPASS,,Minor Crash,Yes,2023,,West,,0,,Flat,,,,,,Bright sun,781100,1,0,0,2,,,0,,,,,,Auckland Region,Nil,1-way,Sealed,,0,0,,100,,Off,0,0,,76,Auckland,Nil,,,,,0,0,Open,2,,,Fine,Null
1751715.2427,5934258.816,710524,,508701,0,,0,1,,Null,2022/2023,OTEHA VALLEY ROAD,OTEHA VALLEY ROAD EXTENSION,,Minor Crash,No,2023,,North,,0,,Flat,,,,,,Dark,178900,1,0,0,2,,,0,,,,,,Auckland Region,Nil,1-way,Sealed,,0,0,,50,,On,1,0,,76,Auckland,Give way,,,,,0,0,Urban,0,,,Fine,Null
1734968.0918,5929964.8999,710732,,505605,0,,0,0,,Null,2022/2023,SH 16,FOSTER ROAD,,Minor Crash,Yes,2023,,East,,0,,Flat,,,,,,Overcast,216102,1,0,0,2,,,0,,,,,,Auckland Region,Nil,2-way,Sealed,,0,0,,80,,Off,0,0,,76,Auckland,Give way,,,,,1,0,Open,1,,,Light rain,Null
1762344.4871,5913396.3878,710772,,520402,0,,0,2,,South,2022/2023,SOUTHERN MOTORWAY,PENROSE OBR,,Non-Injury Crash,Yes,2023,,South,,0,,Flat,,,,,,Overcast,642200,0,0,0,3,,,0,,,,,,Auckland Region,Nil,1-way,Sealed,,0,0,,100,,Off,0,0,,76,Auckland,Nil,,,,,0,0,Open,1,,,Hail or Sleet,Null
1728477.2759,5965438.0295,710804,,506613,0,0,0,0,0,North,2023/2024,KAIPARA COAST HIGHWAY,OMAUMAU ROAD,,Minor Crash,Yes,2023,0,South,1,0,0,Hill Road,0,,0,,0,Bright sun,146200,1,0,0,2,0,0,0,0,0,,0,0,Auckland Region,Nil,2-way,Sealed,0,0,0,0,100,0,None,0,0,,76,Auckland,Nil,0,0,0,0,0,0,Open,1,0,0,Fine,Null
1768449.605,5905435.0978,710812,,523721,0,,0,1,,Null,2022/2023,BOUNDARY ROAD,OTHELLO DRIVE,,Non-Injury Crash,No,2023,,East,,0,,Flat,,Easter,,,,Bright sun,715618,0,0,0,2,,,0,,,,,,Auckland Region,Nil,2-way,Sealed,,0,0,,50,,Off,0,0,,76,Auckland,Give way,,,,,0,0,Urban,1,,,Fine,Null
1768019.8436,5903389.5892,710867,,524602,0,,0,1,,North,2023/2024,GREAT SOUTH ROAD,KERRS ROAD,,Serious Crash,No,2023,,South,,0,,Flat,,,,,,Overcast,780506,0,0,1,4,,,0,,,,,,Auckland Region,Nil,2-way,Sealed,,0,1,,60,,Off,0,0,,76,Auckland,Nil,,,,,0,0,Urban,0,,,Fine,Null
1767160.123,5902013.5928,710875,,524720,0,0,0,0,0,Null,2022/2023,BROWNS ROAD,JELLICOE ROAD,,Minor Crash,No,2023,0,West,0,0,1,Flat,0,,1,,0,Bright sun,779600,1,0,0,2,0,0,0,0,0,1,0,0,Auckland Region,Nil,2-way,Sealed,0,0,0,0,50,0,Off,0,0,,76,Auckland,Give way,0,0,0,0,0,0,Urban,1,0,0,Fine,Null
1747904.0837,5926361.7536,710930,,513431,0,,0,1,,Null,2022/2023,CLARK ROAD,SQUADRON DRIVE,,Minor Crash,No,2023,,South,,0,,Flat,,,,,,Overcast,222800,1,0,0,2,,,0,,,,,,Auckland Region,Nil,2-way,Sealed,,0,0,,50,,Off,0,0,,76,Auckland,Stop,,,,,1,0,Urban,0,,,Fine,Null
1757543.6825,5918523.2837,710939,,514302,0,,0,3,,North,2022/2023,SOUTHERN MOTORWAY,BOSTON OBR,,Minor Crash,Yes,2023,,North,,0,,Hill Road,,,,,,Bright sun,442100,1,0,0,4,,,0,,,,,,Auckland Region,Overpass,1-way,Sealed,,0,0,,80,,Off,0,0,,76,Auckland,Nil,,,,,0,0,Open,0,,,Fine,Null
1767695.1145,5901336.4386,711051,,524720,0,0,0,2,0,South,2023/2024,SURREY STREET,GLOUCESTER ROAD,,Minor Crash,No,2023,0,North,0,0,0,Flat,0,,0,,0,Dark,778300,1,0,1,2,0,0,0,0,1,,0,0,Auckland Region,Nil,2-way,Sealed,0,0,0,0,50,0,On,0,0,,76,Auckland,Nil,0,0,0,0,0,0,Urban,0,0,0,Fine,Null
1765296.4675,5916723.9822,711059,,520301,0,1,0,1,0,West,2022/2023,MERTON ROAD,RAIL OBR,,Minor Crash,No,2023,0,East,0,0,0,Flat,0,,0,,0,Dark,465303,1,0,0,2,0,0,0,0,0,,0,0,Auckland Region,Underpass,2-way,Sealed,0,0,0,0,50,0,On,0,0,,76,Auckland,Nil,0,0,0,0,0,0,Urban,0,0,0,Fine,Null
1768920.0431,5901259.7903,711307,,524901,0,0,0,1,0,South,2022/2023,HILL ROAD,SCENIC DRIVE,,Non-Injury Crash,No,2023,0,North,0,0,1,Flat,0,,0,,0,Dark,756600,0,0,0,2,0,0,0,0,0,,0,0,Auckland Region,Nil,2-way,Sealed,0,0,0,0,50,0,On,0,0,,76,Auckland,Nil,0,0,0,0,0,0,Urban,0,0,0,Fine,Null
1765141.7093,5915342.809,711587,,520301,0,0,0,1,0,Null,2022/2023,MORRIN ROAD,JELLICOE ROAD,,Minor Crash,No,2023,0,East,0,0,1,Flat,0,,0,,0,Bright sun,628100,2,0,0,2,0,0,0,0,0,,0,0,Auckland Region,Nil,2-way,Sealed,0,0,0,0,50,0,On,0,0,,76,Auckland,Traffic Signals,0,0,0,1,0,0,Urban,0,0,0,Fine,Null
1765413.2152,5909041.9462,711867,,523403,0,,0,0,,South,2022/2023,SOUTHERN MOTORWAY,HIGHBROOK DRIVE ON RAMP,,Minor Crash,Yes,2023,,North,,0,,Flat,,,,,,Overcast,700200,1,0,1,3,,,0,,,,,,Auckland Region,Nil,1-way,Sealed,,0,0,,100,,Off,1,0,,76,Auckland,Nil,,,,,0,0,Open,0,,,Fine,Null
1760388.944,5911812.9608,712042,,520000,0,,0,0,,West,2022/2023,NEILSON STREET,CAPTAIN SPRINGS ROAD,,Serious Crash,No,2023,,East,,0,,Flat,,,,,,Bright sun,607800,0,0,1,5,,,0,,,,,,Auckland Region,Nil,2-way,Sealed,,0,1,,50,,Off,0,0,,76,Auckland,Nil,,,,,0,0,Urban,1,,,Fine,Null
1749940.7438,5914545.7291,712075,,511303,0,,0,1,,Null,2022/2023,BINSTED ROAD,RIVERBANK ROAD,,Minor Crash,No,2023,,North,,0,,Flat,,,,,,Dark,266600,1,0,0,2,,,0,,,1,,,Auckland Region,Nil,2-way,Sealed,,0,0,,50,,On,0,0,,76,Auckland,Give way,,,,,0,0,Urban,0,,,Fine,Null
1755246.4084,5924721.756,712083,,509800,0,,0,1,,Null,2022/2023,ONEWA ROAD,WOODSIDE AVENUE,,Minor Crash,No,2023,,East,,0,,Hill Road,,,,,,Bright sun,361600,1,0,1,4,,,0,,,,,,Auckland Region,Nil,2-way,Sealed,,0,0,,50,,Off,0,0,,76,Auckland,Give way,,,,,0,0,Urban,1,,,Fine,Null
1769399.8953,5908405.8129,712099,,523113,0,0,0,0,0,South,2023/2024,BEALE PLACE,ACCENT DRIVE,,Minor Crash,No,2023,0,South,0,0,0,Hill Road,0,,0,,0,Dark,711901,1,0,0,2,0,0,0,0,1,,0,0,Auckland Region,Nil,2-way,Sealed,0,0,0,0,50,0,On,1,0,,76,Auckland,Nil,0,0,0,0,0,0,Urban,1,0,0,Fine,Null
1734310.527,5918980.7422,712115,,513702,0,0,0,1,0,East,2023/2024,BETHELLS ROAD,STONEY CREEK DRIVE,,Minor Crash,No,2023,0,South,0,0,0,Flat,0,,0,,0,Dark,237206,1,0,0,2,0,0,0,0,0,,0,0,Auckland Region,Nil,2-way,Sealed,0,0,0,0,100,0,None,0,0,70,76,Auckland,Nil,0,0,0,1,0,0,Open,0,0,0,Fine,Null
1772124.2601,5897173.6605,712187,,525420,0,,0,1,,Null,2022/2023,GREAT SOUTH ROAD,YOUNGS ROAD,,Minor Crash,No,2023,,East,,0,,Flat,,,,,,Bright sun,790800,1,0,1,2,,,0,,,,,,Auckland Region,Nil,2-way,Sealed,,0,0,,50,,Off,0,0,,76,Auckland,Give way,,,,,0,0,Urban,0,,,Fine,Null
1769268.0857,5881358.7044,712282,,525910,0,0,0,1,0,Null,2022/2023,FRANKLIN ROAD,STADIUM DRIVE,,Minor Crash,No,2023,0,South,0,0,0,Flat,0,,0,,1,Overcast,817300,2,0,0,2,0,0,0,0,0,,0,1,Auckland Region,Nil,2-way,Sealed,0,0,0,0,50,0,Off,0,0,,76,Auckland,Give way,0,0,0,0,0,0,Urban,0,0,0,Light rain,Null
1764472.2334,5906028.0356,712554,,524303,0,0,0,0,0,South,2022/2023,STATION ROAD,PEVERILL CRESCENT,,Non-Injury Crash,No,2023,0,North,0,0,0,Flat,0,Easter,0,,0,Dark,657602,0,0,0,2,0,0,0,0,0,,0,1,Auckland Region,Nil,2-way,Sealed,0,0,0,0,50,0,On,1,0,,76,Auckland,Nil,0,0,0,0,0,0,Urban,0,0,0,Fine,Null
1758054.9076,5914383.3528,712626,,519300,0,,0,1,,South,2022/2023,MANUKAU ROAD,GLADWIN ROAD,,Minor Crash,No,2023,,South,,0,,Flat,,,,,,Overcast,624500,1,0,0,2,,,0,,,1,,,Auckland Region,Nil,2-way,Sealed,,0,0,,50,,Off,0,0,,76,Auckland,Nil,,,,,0,0,Urban,0,,,Fine,Null
1754524.1448,5928482.4335,712778,,508320,0,0,0,1,0,Null,2022/2023,DIANA DRIVE,HILLSIDE ROAD,,Serious Crash,No,2023,0,South,0,0,0,Hill Road,0,,0,,0,Bright sun,198401,0,0,0,2,0,0,0,0,0,1,0,0,Auckland Region,Nil,2-way,Sealed,0,0,1,0,50,0,Off,0,0,,76,Auckland,Give way,0,1,0,0,0,0,Urban,0,0,0,Fine,Null
1756992.417,5920103.0276,713203,,514102,0,,0,0,,Null,2022/2023,MAYORAL DRIVE,COOK STREET,,Minor Crash,No,2023,,South,,0,,Hill Road,,,,,,Dark,434200,1,0,0,2,,,0,,,1,,,Auckland Region,Nil,2-way,Sealed,,0,0,,50,,On,0,0,30,76,Auckland,Traffic Signals,,,,,0,0,Urban,1,,,Light rain,Strong wind
1759987.6266,5915658.7994,713315,,519400,0,,0,2,,Null,2022/2023,GREAT SOUTH ROAD,PURIRI AVENUE,,Serious Crash,No,2023,,North,,0,,Flat,,,,,,Overcast,617000,0,0,1,6,,,0,,,,,,Auckland Region,Nil,2-way,Sealed,,0,1,,50,,Off,0,0,,76,Auckland,Give way,,,,,0,0,Urban,0,,,Fine,Null
1770462.5809,5904574.8828,713331,,523820,0,,0,2,,Null,2022/2023,REDOUBT ROAD,MURPHYS ROAD,,Minor Crash,No,2023,,East,,0,,Flat,,,,,,Bright sun,760000,2,0,0,2,,,0,,,,,,Auckland Region,Nil,2-way,Sealed,,0,0,,60,,Off,0,0,,76,Auckland,Stop,,,,,0,0,Urban,0,,,Fine,Null
1765139.0148,5910248.4602,713346,,521803,0,,0,0,,Null,2022/2023,FRANK GREY PLACE,PRINCES ST-OTAHUHU ON RAMP,,Non-Injury Crash,No,2023,,South,,0,,Flat,,,,,,Overcast,790500,0,0,0,2,,,0,,,,,,Auckland Region,Motorway ramp,2-way,Sealed,,0,0,,50,,Off,0,0,,76,Auckland,Traffic Signals,,,,,1,0,Urban,1,,,Fine,Null
1733839.5528,5990215.4563,713354,,505010,0,0,0,1,0,South,2022/2023,SH 1,ROSS ROAD,,Minor Crash,Yes,2023,0,South,1,0,0,Hill Road,1,,0,,0,Dark,135100,1,0,0,2,0,0,0,0,0,,0,0,Auckland Region,Nil,2-way,Sealed,0,0,0,0,100,0,None,0,0,,76,Auckland,Nil,0,0,0,0,0,0,Open,0,0,0,Fine,Null
1772617.0872,5893940.8267,713386,,525530,0,,0,2,,South,2023/2024,GREAT SOUTH ROAD,PARKHAVEN DRIVE,,Non-Injury Crash,No,2023,,North,,0,,Flat,,,,,,Dark,808606,0,0,0,2,,,0,,,,,,Auckland Region,Nil,2-way,Sealed,,0,0,,50,,On,0,0,,76,Auckland,Nil,,,,,0,0,Urban,0,,,Fine,Null
1770862.8692,5914614.3621,713394,,521601,0,,0,1,,East,2022/2023,PAKURANGA ROAD,THE LINK,,Serious Crash,No,2023,,West,,0,,Flat,,,,,,Overcast,646500,0,0,0,4,,,0,,,1,,,Auckland Region,Nil,2-way,Sealed,,0,1,,50,,On,0,0,,76,Auckland,Nil,,,,,0,0,Urban,0,,,Fine,Null
1766373.8901,5917942.523,713417,,516900,0,,0,0,,East,2022/2023,WEST TAMAKI ROAD,WASHINGTON AVENUE,,Serious Crash,No,2023,,East,,0,,Flat,,,,,,Overcast,468200,0,0,0,2,,,0,,,1,,,Auckland Region,Nil,2-way,Sealed,,0,1,,50,,Off,1,0,,76,Auckland,Nil,,,,,0,0,Urban,0,,,Light rain,Null
1766200.3211,5907065.189,713498,,522301,0,0,0,2,0,Null,2022/2023,HOTEO AVENUE,KIMPTON ROAD,,Non-Injury Crash,No,2023,0,East,0,0,0,Flat,0,,0,,0,Dark,667200,0,0,0,2,0,1,0,0,1,,0,0,Auckland Region,Nil,2-way,Sealed,0,0,0,0,50,0,On,1,0,,76,Auckland,Give way,0,0,0,0,0,0,Urban,0,0,0,Fine,Null
1753346.6046,5974560.8891,713530,,506661,0,0,0,1,1,North,2023/2024,MATAKANA ROAD,WRIGHT ROAD,,Minor Crash,No,2023,0,South,0,0,0,Hill Road,0,,0,,0,Dark,138104,1,0,0,2,0,0,0,0,0,,0,0,Auckland Region,Nil,2-way,Sealed,0,0,0,0,80,0,None,0,0,,76,Auckland,Nil,0,0,0,0,0,0,Open,0,0,0,Fine,Null
1760174.876,5906588.793,713546,,524111,0,0,0,4,0,North,2022/2023,WINDRUSH CLOSE,ANSTY PLACE,,Non-Injury Crash,No,2023,0,East,0,0,0,Flat,0,,0,,0,Dark,740500,0,0,0,2,0,0,0,0,1,,0,0,Auckland Region,Nil,2-way,Sealed,0,0,0,0,50,0,On,0,0,,76,Auckland,Nil,0,0,0,0,0,0,Urban,0,0,0,Fine,Null
1753699.9496,5931255.1995,713722,,508803,0,0,0,1,0,Null,2022/2023,UPPER HARBOUR HIGHWAY,CARIBBEAN DRIVE,,Minor Crash,Yes,2023,0,West,0,0,0,Flat,0,,0,,0,Overcast,180815,1,0,0,4,0,0,0,0,0,,0,0,Auckland Region,Nil,2-way,Sealed,0,0,0,2,50,0,Off,0,0,,76,Auckland,Traffic Signals,0,0,0,0,0,0,Urban,1,0,0,Heavy rain,Null