X,Y,OBJECTID,advisorySpeed,areaUnitID,bicycle,bridge,bus,carStationWagon,cliffBank,crashDirectionDescription,crashFinancialYear,crashLocation1,crashLocation2,crashRoadSideRoad,crashSeverity,crashSHDescription,crashYear,debris,directionRoleDescription,ditch,fatalCount,fence,flatHill,guardRail,holiday,houseOrBuilding,intersection,kerb,light,meshblockId,minorInjuryCount,moped,motorcycle,NumberOfLanes,objectThrownOrDropped,otherObject,otherVehicleType,overBank,parkedVehicle,pedestrian,phoneBoxEtc,postOrPole,region,roadCharacter,roadLane,roadSurface,roadworks,schoolBus,seriousInjuryCount,slipOrFlood,speedLimit,strayAnimal,streetLight,suv,taxi,temporarySpeedLimit,tlaId,tlaName,trafficControl,trafficIsland,trafficSign,train,tree,truck,unknownVehicleType,urban,vanOrUtility,vehicle,waterRiver,weatherA,weatherB
1744351.4369,5969009.7435,713770,55,506613,0,0,0,1,0,Null,2022/2023,WOODCOCKS ROAD,OLD KAIPARA ROAD,,Fatal Crash,No,2023,0,North,0,1,1,Flat,0,,0,,0,Overcast,145500,0,0,0,2,0,0,0,0,0,,0,1,Auckland Region,Nil,2-way,Sealed,0,0,0,0,100,0,Off,0,0,,76,Auckland,Give way,0,1,0,0,0,0,Open,0,0,0,Fine,Null
1756138.4088,5918734.7466,713898,,515500,0,0,0,1,0,North,2022/2023,NORTH-WESTERN MOTORWAY,WAIMA FTBR,,Minor Crash,Yes,2023,0,South,0,0,0,Flat,1,,0,,0,Dark,417600,2,0,0,4,0,0,0,0,1,,0,0,Auckland Region,Nil,1-way,Sealed,0,0,0,0,80,0,On,1,0,,76,Auckland,Nil,0,0,0,0,0,0,Open,1,0,0,Fine,Null
1768078.7615,5903824.6675,713921,,524602,0,0,0,1,0,North,2022/2023,GREAT SOUTH ROAD OFF RAMP,AIRPORT OFF RAMP,,Non-Injury Crash,No,2023,0,West,0,0,0,Flat,1,,0,,0,Overcast,780506,0,0,0,1,0,0,0,0,0,,0,0,Auckland Region,Nil,1-way,Sealed,0,0,0,0,100,0,Off,0,0,,76,Auckland,Nil,0,0,0,0,0,0,Open,0,0,0,Light rain,Null
1749521.2911,5935520.3565,713953,,508701,0,0,0,0,1,Null,2022/2023,DAIRY FLAT HIGHWAY,ALBANY HEIGHTS ROAD,,Minor Crash,No,2023,0,North,0,0,0,Hill Road,0,,0,,0,Overcast,178401,1,0,0,2,0,0,0,0,0,,0,0,Auckland Region,Nil,2-way,Sealed,0,0,0,0,80,0,Off,0,0,30,76,Auckland,Nil,0,1,0,1,1,0,Open,0,0,0,Mist or Fog,Null
1759117.2218,5909048.219,713977,,524002,0,0,0,0,0,West,2022/2023,MOUNTAIN ROAD,KAMAKA ROAD,,Serious Crash,No,2023,0,East,0,0,0,Flat,0,,0,,0,Dark,724401,0,0,0,2,0,1,0,0,0,,0,0,Auckland Region,Nil,2-way,Sealed,0,0,1,0,50,0,On,0,0,,76,Auckland,Nil,0,1,0,1,0,0,Urban,1,0,0,Fine,Null
1761064.945,5918382.6575,714073,,516201,0,,0,1,,Null,2022/2023,SHORE ROAD,ORAKEI ROAD,,Minor Crash,No,2023,,West,,0,,Flat,,,,,,Bright sun,485900,1,0,0,4,,,0,,,1,,,Auckland Region,Nil,2-way,Sealed,,0,0,,50,,Off,0,0,,76,Auckland,Give way,,,,,0,0,Urban,0,,,Fine,Null
1769264.1994,5895425.758,714082,,521201,0,0,0,1,1,North,2023/2024,OAKLAND ROAD,DERBYSHIRE LANE,,Minor Crash,No,2023,0,North,0,0,0,Flat,0,,0,,0,Overcast,806601,1,0,0,1,0,0,0,0,0,,0,0,Auckland Region,Nil,2-way,Sealed,0,0,0,0,50,0,Off,0,0,,76,Auckland,Nil,0,0,0,0,0,0,Urban,0,0,0,Fine,Null
1783870.6543,5909846.3609,714098,,525201,0,0,0,1,1,North,2022/2023,NORTH ROAD,WHEELER RISE,,Minor Crash,No,2023,0,South,1,0,0,Flat,0,,0,,0,Dark,762700,1,0,0,2,0,0,0,0,0,,0,0,Auckland Region,Nil,2-way,Sealed,0,0,0,0,80,0,None,0,0,,76,Auckland,Nil,0,0,0,1,0,0,Open,0,0,0,Fine,Null
1744880.1334,5917871.1405,714161,,510700,0,,0,2,,South,2022/2023,SWANSON ROAD,STURGES ROAD,,Minor Crash,No,2023,,South,,0,,Flat,,,,,,Overcast,239104,1,0,0,4,,,0,,,,,,Auckland Region,Nil,2-way,Sealed,,0,0,,50,,Off,0,0,,76,Auckland,Nil,,,,,0,0,Urban,0,,,Light rain,Null
1767814.9448,5904093.4459,714210,,524602,0,,0,2,,Null,2022/2023,GREAT SOUTH ROAD,LAKEWOOD COURT,,Minor Crash,No,2023,,South,,0,,Flat,,,,,,Dark,780501,1,0,0,5,,,0,,,,,,Auckland Region,Nil,2-way,Sealed,,0,0,,50,,On,0,0,,76,Auckland,Traffic Signals,,,,,0,0,Urban,0,,,Heavy rain,Null
1767430.2486,5904936.0413,714233,,524603,0,,0,2,,Null,2022/2023,CAVENDISH DRIVE,GREAT SOUTH ROAD,,Non-Injury Crash,No,2023,,East,,0,,Flat,,,,,,Dark,780304,0,0,0,4,,,0,,,,,,Auckland Region,Nil,2-way,Sealed,,0,0,,50,,On,0,0,,76,Auckland,Traffic Signals,,,,,0,0,Urban,0,,,Fine,Null
1769963.2254,5914502.8211,714258,,522722,0,,0,2,,Null,2022/2023,HIGHLAND PARK DRIVE,HIGHLAND PARK DRIVE,,Non-Injury Crash,No,2023,,West,,0,,Flat,,,,,,Dark,681325,0,0,0,1,,,0,,,,,,Auckland Region,Nil,2-way,Sealed,,0,0,,50,,On,0,0,,76,Auckland,Nil,,,,,0,0,Urban,0,,,Fine,Null
1745664.1706,5922688.6488,714273,15,513530,0,0,0,1,0,Null,2022/2023,ROYAL ROAD,SPARGO ROAD,,Non-Injury Crash,No,2023,0,North,0,0,0,Flat,0,,0,,1,Dark,226005,0,0,0,2,0,0,0,0,0,,0,0,Auckland Region,Nil,2-way,Sealed,0,0,0,0,50,0,On,0,0,10,76,Auckland,Give way,0,0,0,0,0,0,Urban,0,0,0,Fine,Strong wind
1757665.5041,5918331.6112,714321,,514302,0,,0,2,,Null,2022/2023,SOUTHERN MOTORWAY,KHYBER PASS ROAD ON RAMP,,Non-Injury Crash,Yes,2023,,South,,0,,Flat,,,,,,Overcast,442100,0,0,0,5,,,0,,,,,,Auckland Region,Nil,1-way,Sealed,,0,0,,100,,Off,0,0,,76,Auckland,Nil,,,,,0,0,Open,0,,,Heavy rain,Null
1746272.6657,5910827.2315,714665,,512700,0,0,0,1,0,East,2022/2023,WOODLANDS PARK ROAD,MANUKA ROAD,,Minor Crash,No,2023,0,North,1,0,0,Hill Road,0,,0,,0,Bright sun,300200,1,0,0,2,0,0,0,0,0,,0,0,Auckland Region,Nil,2-way,Sealed,0,0,0,0,50,0,Off,0,0,,76,Auckland,Nil,0,0,0,0,0,0,Urban,0,0,0,Fine,Null
1743075.3947,5925725.6333,714697,,513410,0,0,0,0,0,East,2022/2023,NORTH-WESTERN MOTORWAY,SH 16,,Minor Crash,Yes,2023,0,North,0,0,0,Flat,1,,0,,0,Bright sun,223200,1,0,0,2,0,0,0,0,0,,0,0,Auckland Region,Nil,1-way,Sealed,0,0,0,0,100,0,Off,0,0,,76,Auckland,Nil,0,0,0,0,1,0,Open,0,0,0,Fine,Null
1763452.6737,5913903.3039,714834,,520303,0,,0,1,,Null,2022/2023,PENROSE ROAD,BARRACK ROAD,,Minor Crash,No,2023,,West,,0,,Hill Road,,,,,,Bright sun,627300,1,0,0,4,,,0,,,1,,,Auckland Region,Nil,2-way,Sealed,,0,0,,50,,Off,0,0,,76,Auckland,Traffic Signals,,,,,0,0,Urban,0,,,Fine,Null
1768611.394,5880014.4215,715130,,525921,1,,0,0,,Null,2022/2023,QUEEN STREET,WARD STREET,,Minor Crash,No,2023,,South,,0,,Flat,,,,,,Bright sun,821303,1,0,0,2,,,0,,,,,,Auckland Region,Nil,2-way,Sealed,,0,0,,50,,Off,0,0,,76,Auckland,Give way,,,,,0,0,Urban,1,,,Fine,Null
1751251.047,5915256.9658,715250,,514401,1,,0,1,,East,2022/2023,CRAYFORD STREET WEST,GREAT NORTH ROAD,,Minor Crash,No,2023,,West,,0,,Hill Road,,,,,,Bright sun,382700,1,0,0,2,,,0,,,,,,Auckland Region,Nil,2-way,Sealed,,0,0,,50,,Off,0,0,,76,Auckland,Nil,,,,,0,0,Urban,0,,,Fine,Null
1755053.0444,5934603.6871,715314,,507200,0,0,0,2,0,West,2022/2023,ARRAN ROAD,PHILLIPA PLACE,,Minor Crash,No,2023,0,East,0,0,0,Flat,0,,0,,0,Dark,156200,1,0,0,2,0,0,0,0,1,,0,0,Auckland Region,Nil,2-way,Sealed,0,0,0,0,50,0,On,0,0,,76,Auckland,Nil,0,0,0,0,0,0,Urban,0,0,0,Fine,Null
1756419.4624,5927163.3872,715466,,507900,0,,0,3,,South,2022/2023,NORTHERN MOTORWAY,NORTHCOTE OBR,,Minor Crash,Yes,2023,,South,,0,,Flat,,,,,,Overcast,303502,2,0,0,3,,,0,,,,,,Auckland Region,Nil,1-way,Sealed,,0,0,,100,,Off,0,0,,76,Auckland,Nil,,,,,0,0,Open,0,,,Heavy rain,Null
1756130.5354,5918759.1276,715689,,515500,0,,0,3,,North,2022/2023,NORTH-WESTERN MOTORWAY,WAIMA FTBR,,Minor Crash,Yes,2023,,North,,0,,Flat,,,,,,Bright sun,417600,1,0,0,4,,,0,,,,,,Auckland Region,Nil,1-way,Sealed,,0,0,,80,,Off,0,0,,76,Auckland,Nil,,,,,0,0,Open,0,,,Fine,Null
1759565.8438,5907385.8659,716098,,524122,0,,0,1,,West,2022/2023,IDLEWILD AVENUE,ORVILLE PLACE,,Non-Injury Crash,No,2023,,East,,0,,Flat,,,,,,Bright sun,739901,0,0,0,2,,,0,,,,,,Auckland Region,Speed hump,2-way,Sealed,,0,0,,50,,Off,0,0,,76,Auckland,Nil,,,,,0,0,Urban,1,,,Fine,Null
1771082.8251,5897444.1335,716258,,523912,0,,0,0,,North,2022/2023,LONGFORD PARK DRIVE,MOSS CRESCENT,,Serious Crash,No,2023,,South,,0,,Flat,,,,,,Overcast,767811,0,0,0,2,,,0,,,1,,,Auckland Region,Nil,2-way,Sealed,,0,1,,50,,Off,0,0,,76,Auckland,Nil,,,,,0,0,Urban,1,,,Fine,Null
1766872.6861,5903842.5605,716450,,524604,0,,0,2,,Null,2022/2023,LAMBIE DRIVE,LAMBIE DRIVE ON RAMP,,Minor Crash,No,2023,,North,,0,,Hill Road,,,,,,Dark,780210,2,0,0,4,,,0,,,,,,Auckland Region,Motorway ramp,2-way,Sealed,,0,0,,50,,On,0,0,,76,Auckland,Traffic Signals,,,,,0,0,Urban,0,,,Fine,Null
1748660.5791,5944894.9841,716522,,506201,0,,0,2,,South,2022/2023,NORTHERN MOTORWAY,SILVERDALE OFF RAMP,,Minor Crash,Yes,2023,,North,,0,,Flat,,,,,,Bright sun,176801,2,0,0,2,,,0,,,,,,Auckland Region,Nil,1-way,Sealed,,0,0,,100,,Off,0,0,,76,Auckland,Nil,,,,,0,0,Open,2,,,Fine,Null
1767765.6356,5882059.9718,716658,,525910,0,,0,0,,South,2022/2023,FRANK HEWITT STREET,TIMES PLACE,,Serious Crash,No,2023,,North,,0,,Flat,,,,,,Bright sun,819200,0,0,1,2,,,0,,,,,,Auckland Region,Nil,2-way,Sealed,,0,1,,50,,Off,0,0,,76,Auckland,Nil,,,,,0,0,Urban,1,,,Fine,Null
1760930.5372,5907412.9038,717009,,524510,0,0,0,1,0,North,2022/2023,ROBERTSON ROAD,BADER DRIVE,,Minor Crash,No,2023,0,North,0,0,0,Flat,0,,0,,0,Dark,736900,1,0,0,2,0,0,0,0,0,,0,0,Auckland Region,Nil,2-way,Sealed,0,0,0,0,50,0,On,0,0,,76,Auckland,Nil,0,0,0,1,0,0,Urban,0,0,0,Light rain,Null
1750729.8734,5929625.1811,717097,,509100,0,0,0,2,0,North,2022/2023,UPPER HARBOUR MOTORWAY,GREENHITHE ROAD ON RAMP,,Minor Crash,Yes,2023,0,East,0,0,0,Flat,1,,0,,0,Dark,181121,1,0,0,2,0,0,0,0,0,,0,0,Auckland Region,Nil,1-way,Sealed,0,0,0,0,100,0,On,0,0,,76,Auckland,Nil,0,0,0,1,0,0,Open,0,0,0,Fine,Null
1769558.1841,5889637.9055,717201,,521122,0,0,0,0,0,West,2022/2023,KARAKA ROAD,WHANGAPOURI ROAD,,Serious Crash,Yes,2023,0,West,0,0,0,Hill Road,2,,0,,0,Bright sun,812600,1,0,0,2,0,0,0,0,0,,0,0,Auckland Region,Nil,2-way,Sealed,0,0,1,0,80,0,Off,0,0,,76,Auckland,Nil,0,0,0,0,0,0,Open,2,0,0,Fine,Null
1752615.2906,5928712.7776,717305,,508411,0,0,0,1,0,East,2022/2023,BAYVIEW ROAD,LEIGH TERRACE,,Non-Injury Crash,No,2023,0,Null,0,0,0,Hill Road,0,,0,,0,Dark,184906,0,0,0,2,0,0,0,0,1,,0,0,Auckland Region,Nil,2-way,Sealed,0,0,0,0,50,0,On,0,0,,76,Auckland,Nil,0,0,0,0,0,0,Urban,0,0,0,Light rain,Null
1748736.3426,5969476.5584,717313,,505500,0,0,0,2,0,Null,2023/2024,AUCKLAND ROAD,FAIRWATER ROAD,,Minor Crash,Yes,2023,0,South,0,0,1,Hill Road,0,,0,,0,Dark,140500,1,0,0,1,0,0,0,0,0,,0,0,Auckland Region,Nil,1-way,Sealed,0,0,0,0,60,0,On,0,0,,76,Auckland,Give way,0,0,0,0,0,0,Urban,0,0,0,Heavy rain,Strong wind
1725727.9459,5943094.6771,717322,,506642,0,,0,2,,West,2022/2023,SOUTH HEAD ROAD,PARKHURST ROAD,,Fatal Crash,No,2023,,East,,1,,Flat,,,,,,Overcast,210600,0,0,0,1,,,0,,,,,,Auckland Region,Nil,2-way,Sealed,,0,1,,100,,None,0,0,,76,Auckland,Nil,,,,,0,0,Open,0,,,Heavy rain,Null
1752870.3958,5916602.4923,717330,,517901,0,0,0,4,0,Null,2022/2023,NEW NORTH ROAD,MOUNT ALBERT ROAD,,Minor Crash,No,2023,0,North,0,0,0,Flat,0,,0,,0,Dark,524800,3,0,0,2,0,0,0,0,2,,0,0,Auckland Region,Nil,2-way,Sealed,0,0,0,0,50,0,On,0,0,,76,Auckland,Traffic Signals,0,0,0,0,0,0,Urban,0,0,0,Fine,Null
1768267.0895,5900776.3773,717466,,525001,0,0,0,0,0,North,2022/2023,RUSSELL ROAD,LUPTON ROAD,,Minor Crash,No,2023,0,East,0,0,0,Flat,0,,0,,0,Overcast,752000,1,0,0,2,0,0,0,0,1,,0,0,Auckland Region,Nil,2-way,Sealed,0,0,0,0,50,0,Off,0,0,,76,Auckland,Nil,0,0,0,0,0,1,Urban,1,0,0,Fine,Null
1764341.2917,5909230.0793,717546,,521802,0,,0,0,,Null,2022/2023,GREAT SOUTH ROAD,ALEXANDER STREET,,Minor Crash,No,2023,,North,,0,,Flat,,,,,,Bright sun,789301,1,0,1,4,,,0,,,,,,Auckland Region,Nil,2-way,Sealed,,0,0,,50,,Off,0,0,,76,Auckland,Stop,,,,,0,0,Urban,1,,,Fine,Null
1771264.256,5895971.0763,717609,,525540,0,0,0,0,0,North,2022/2023,SOUTHERN MOTORWAY,PAPAKURA OFF RAMP,,Non-Injury Crash,Yes,2023,0,South,0,0,0,Flat,1,,0,,0,Overcast,806208,0,0,0,3,0,0,0,0,0,,0,0,Auckland Region,Motorway ramp,1-way,Sealed,0,0,0,0,100,0,Off,0,0,80,76,Auckland,Nil,0,0,0,0,0,0,Open,1,0,0,Fine,Null
1765054.3742,5910347.0448,717721,,521803,0,,0,1,,North,2022/2023,SOUTHERN MOTORWAY,PRINCES OBR,,Non-Injury Crash,Yes,2023,,South,,0,,Flat,,,,,,Overcast,790000,0,0,0,3,,,0,,,,,,Auckland Region,Nil,1-way,Sealed,,0,0,,100,,On,1,0,,76,Auckland,Nil,,,,,0,0,Open,0,,,Light rain,Null
1769900.2263,5900231.9416,717729,,523817,0,,0,3,,North,2022/2023,SOUTHERN MOTORWAY,PAPAKURA STM BR,,Minor Crash,Yes,2023,,South,,0,,Flat,,,,,,Twilight,759738,1,0,0,3,,,0,,,,,,Auckland Region,Nil,1-way,Sealed,,0,0,,100,,On,0,0,,76,Auckland,Unknown,,,,,0,0,Open,0,,,Light rain,Null
1744838.9597,5921314.96,717777,,513631,0,0,0,1,0,North,2023/2024,NORTH-WESTERN MOTORWAY,HURUHURU OBR,,Minor Crash,Yes,2023,0,North,0,0,0,Flat,1,,0,,0,Dark,227601,1,0,0,3,0,0,0,0,0,,0,0,Auckland Region,Nil,1-way,Sealed,0,0,0,0,100,0,On,0,0,,76,Auckland,Nil,0,0,0,0,0,0,Open,0,0,0,Fine,Null
1774100.338,5897570.43,717801,,525630,0,0,0,2,0,East,2023/2024,OLD WAIROA ROAD,COSGRAVE ROAD,,Minor Crash,No,2024,0,East,0,0,0,Flat,0,,0,,0,Bright sun,796200,1,0,0,2,0,0,0,0,1,,0,0,Auckland Region,Nil,2-way,Sealed,0,0,0,0,50,0,Off,0,0,,76,Auckland,Nil,0,0,0,0,0,0,Urban,0,0,0,Fine,Null
1767289.3401,5906991.0342,717802,,523601,0,0,0,2,0,South,2022/2023,BAIRDS ROAD,EVERITT ROAD,,Minor Crash,No,2023,0,North,0,0,0,Flat,0,,0,,0,Bright sun,707500,1,0,0,2,0,0,0,0,1,,0,0,Auckland Region,Nil,2-way,Sealed,0,0,0,0,50,0,Off,0,0,,76,Auckland,Nil,0,0,0,0,0,0,Urban,0,0,0,Fine,Null
1749423.176,5911321.4235,718153,,512100,0,,0,1,,Null,2022/2023,BARRON DRIVE,LEX AVENUE,,Minor Crash,No,2023,,West,,0,,Hill Road,,,,,,Bright sun,290501,1,0,0,2,,,0,,,1,,,Auckland Region,Nil,2-way,Sealed,,0,0,,50,,Off,0,0,,76,Auckland,Nil,,,,,0,0,Urban,0,,,Fine,Null
1768623.1872,5880003.5411,718162,,525922,0,0,0,2,0,Null,2023/2024,NELSON STREET,QUEEN STREET,,Minor Crash,No,2023,0,West,0,0,0,Flat,0,,0,,0,Overcast,823401,1,0,0,2,0,0,0,0,0,,1,0,Auckland Region,Nil,2-way,Sealed,0,0,0,0,50,0,Off,0,0,,76,Auckland,Give way,0,0,0,0,0,0,Urban,0,0,0,Fine,Null
1769594.1352,5903731.3308,718178,,523820,0,0,1,1,0,North,2022/2023,EUGENIA RISE,SILKWOOD GROVE,,Minor Crash,No,2023,0,North,0,0,0,Flat,0,,0,,0,Twilight,760134,1,0,0,2,0,0,0,0,1,,0,0,Auckland Region,Nil,2-way,Sealed,0,0,0,0,50,0,On,0,0,,76,Auckland,Nil,0,0,0,0,0,0,Urban,0,0,0,Fine,Null
1755839.139,5928374.1147,718194,,507900,0,,0,3,,South,2022/2023,NORTHERN MOTORWAY,TRISTRAM AVENUE ON RAMP,,Minor Crash,Yes,2023,,South,,0,,Flat,,,,,,Overcast,307000,1,0,0,3,,,0,,,,,,Auckland Region,Nil,1-way,Sealed,,0,0,,100,,Off,0,0,,76,Auckland,Nil,,,,,0,0,Open,0,,,Fine,Null
1771284.2089,5895903.3574,718201,,525540,0,0,0,2,0,Null,2022/2023,SOUTHERN MOTORWAY,PAPAKURA OFF RAMP,,Minor Crash,Yes,2023,0,South,0,0,0,Flat,1,,0,,0,Bright sun,806208,1,0,0,3,0,0,0,0,0,,0,0,Auckland Region,Motorway ramp,1-way,Sealed,0,0,0,0,100,0,Off,0,0,80,76,Auckland,Nil,0,0,0,0,0,0,Open,1,0,0,Fine,Null
1764579.1985,5911940.4394,718218,,520500,0,,0,2,,North,2022/2023,SOUTHERN MOTORWAY,EAST WEST LINK OFF RAMP,,Minor Crash,Yes,2023,,North,,0,,Flat,,,,,,Dark,639500,1,0,0,3,,,0,,,,,,Auckland Region,Nil,1-way,Sealed,,0,0,,100,,On,0,0,,76,Auckland,Nil,,,,,0,0,Open,0,,,Fine,Null
1751433.6111,5929991.1385,718514,,509100,0,0,0,1,0,South,2023/2024,UPPER HARBOUR MOTORWAY,ALBANY HIGHWAY ON RAMP,,Minor Crash,Yes,2023,0,South,0,0,0,Flat,0,,0,,0,Dark,181108,1,0,0,2,0,0,0,0,0,,0,0,Auckland Region,Nil,1-way,Sealed,0,0,0,0,100,0,On,0,0,,76,Auckland,Nil,0,0,0,1,0,0,Open,0,0,0,Heavy rain,Null
1759900.759,5915771.8574,718858,,516003,0,,0,1,,Null,2022/2023,GREEN LANE EAST,GREAT SOUTH ROAD,,Minor Crash,No,2023,,South,,0,,Flat,,,,,,Twilight,495200,1,0,0,4,,,0,,,,,,Auckland Region,Nil,1-way,Sealed,,0,0,,50,,On,1,0,,76,Auckland,Traffic Signals,,,,,0,0,Urban,0,,,Fine,Null
1753209.8499,5970509.5696,718865,,506631,0,0,0,0,0,South,2022/2023,MAHURANGI EAST ROAD,SANDSPIT ROAD,,Serious Crash,No,2023,0,North,0,0,1,Hill Road,0,,0,,0,Overcast,141508,0,0,0,2,0,0,0,0,0,,0,1,Auckland Region,Nil,2-way,Sealed,0,0,1,0,80,0,None,1,0,,76,Auckland,Nil,0,0,0,0,0,0,Open,0,0,0,Fine,Null
1749977.0162,5912832.8266,718969,,511402,0,,0,2,,Null,2022/2023,ASTLEY AVENUE,MAYVILLE AVENUE,,Minor Crash,No,2023,,South,,0,,Flat,,,,,,Bright sun,261602,1,0,0,2,,,0,,,,,,Auckland Region,Nil,2-way,Sealed,,0,0,,50,,Off,0,0,,76,Auckland,Stop,,,,,0,0,Urban,0,,,Fine,Null
1751489.9916,5949249.2869,719194,,505805,1,,0,1,,Null,2022/2023,RIVERSIDE ROAD,CENTREWAY ROAD,,Serious Crash,No,2023,,East,,0,,Flat,,,,,,Bright sun,172300,0,0,0,2,,,0,,,,,,Auckland Region,Nil,2-way,Sealed,,0,1,,50,,Off,0,0,,76,Auckland,Give way,,,,,0,0,Urban,0,,,Fine,Null
1744139.7082,5908410.3769,719410,65,513800,0,0,0,0,0,South,2022/2023,HUIA ROAD,VICTORY ROAD,,Minor Crash,No,2023,0,West,0,0,0,Hill Road,0,,0,,0,Overcast,303001,1,0,0,2,0,0,0,0,0,,0,0,Auckland Region,Nil,2-way,Sealed,0,0,0,0,70,0,Off,0,0,,76,Auckland,Nil,0,0,0,1,0,0,Urban,1,0,0,Light rain,Null
1745148.9838,5918478.7062,719426,,513302,0,,0,2,,North,2023/2024,LINCOLN ROAD,NORVAL ROAD,,Minor Crash,No,2023,,North,,0,,Flat,,,,,,Overcast,231600,2,0,0,4,,,0,,,,,,Auckland Region,Nil,2-way,Sealed,,0,0,,50,,Off,0,0,,76,Auckland,Nil,,,,,0,0,Urban,0,,,Light rain,Null
1769984.0566,5900813.741,719434,,523816,0,0,0,0,0,North,2022/2023,SHIFNAL DRIVE,RIVERTON DRIVE,,Serious Crash,No,2023,0,South,0,0,0,Flat,0,Queens Birthday,0,,0,Dark,759725,1,0,1,2,0,1,0,0,0,,0,0,Auckland Region,Nil,2-way,Sealed,0,0,1,0,50,0,On,0,0,,76,Auckland,Nil,1,0,0,0,0,0,Urban,0,0,0,Fine,Null
1755283.7745,5914687.2581,719458,,518500,0,0,0,3,0,Null,2022/2023,DOMINION ROAD,LOUVAIN AVENUE,,Non-Injury Crash,No,2023,0,South,0,0,0,Flat,0,,0,,0,Dark,560200,0,0,0,2,0,0,0,0,3,,0,0,Auckland Region,Nil,2-way,Sealed,0,0,0,0,50,0,On,0,0,,76,Auckland,Stop,0,0,0,0,0,0,Urban,1,0,0,Fine,Null
1756594.7621,5919974.3163,719490,,514102,0,,0,2,,Null,2022/2023,UNION STREET,UNION STREET,,Minor Crash,No,2023,,North,,0,,Hill Road,,,,,,Dark,434402,1,0,0,6,,,0,,,,,,Auckland Region,Nil,2-way,Sealed,,0,0,,40,,On,0,0,,76,Auckland,Traffic Signals,,,,,0,0,Urban,0,,,Light rain,Strong wind
1770803.5409,5897148.8331,719570,,523912,0,,0,1,,North,2022/2023,SOUTHERN MOTORWAY,PAHUREHURE NO 2 BR,,Minor Crash,Yes,2023,,South,,0,,Flat,,,,,,Twilight,767803,2,0,0,3,,,0,,,,,,Auckland Region,Nil,1-way,Sealed,,0,0,,100,,On,0,0,,76,Auckland,Nil,,,,,0,0,Open,3,,,Fine,Null
1746625.4283,5926016.1103,719610,,513432,0,,0,0,,Null,2022/2023,HOBSONVILLE ROAD,BRIGHAM CREEK ROAD,,Minor Crash,No,2023,,East,,0,,Flat,,,,,,Twilight,223005,2,0,0,2,,,0,,,,,,Auckland Region,Nil,2-way,Sealed,,0,0,,50,,On,1,0,,76,Auckland,Stop,,,,,0,0,Urban,1,,,Fine,Null
1753954.4729,5914363.9834,719618,,518801,0,,0,1,,Null,2022/2023,STODDARD ROAD,SANDRINGHAM ROAD EXTENSION,,Minor Crash,No,2023,,East,,0,,Flat,,,,,,Overcast,577200,2,0,0,5,,,0,,,,,,Auckland Region,Nil,2-way,Sealed,,0,0,,50,,On,1,1,,76,Auckland,Traffic Signals,,,,,0,1,Urban,0,,,Light rain,Null
1764345.414,5909397.3184,719769,,521802,0,,0,2,,Null,2022/2023,GREAT SOUTH ROAD,FORT RICHARD ROAD,,Minor Crash,No,2023,,North,,0,,Flat,,,,,,Bright sun,788601,1,0,0,4,,,0,,,,,,Auckland Region,Nil,2-way,Sealed,,0,0,,50,,Off,0,0,,76,Auckland,Stop,,,,,0,0,Urban,0,,,Fine,Null
1755807.9668,5919564.1414,719809,,514000,0,,0,1,,South,2022/2023,PONSONBY ROAD,MACKELVIE STREET,,Minor Crash,No,2023,,South,,0,,Flat,,,,,,Dark,414500,1,0,0,4,,,0,,,1,,,Auckland Region,Nil,2-way,Sealed,,0,0,,40,,On,0,1,20,76,Auckland,Nil,,,,,0,0,Urban,0,,,Light rain,Null
1747298.6625,5921478.8094,719817,,512300,0,0,0,1,0,Null,2022/2023,TE ATATU ROAD,TAIKATA ROAD,,Serious Crash,No,2023,0,West,0,0,0,Flat,0,,0,,0,Dark,250101,1,0,0,2,0,0,0,0,0,,0,0,Auckland Region,Nil,2-way,Sealed,0,0,1,0,50,0,On,0,0,,76,Auckland,Give way,1,0,0,2,0,0,Urban,0,0,0,Fine,Null
1768703.1318,5915829.0661,719946,,522730,0,0,0,0,0,Null,2023/2024,PALMYRA WAY,ANTILLA PLACE,,Serious Crash,No,2023,0,East,0,0,1,Flat,0,,0,,0,Overcast,679814,1,0,0,2,0,0,0,0,0,,0,0,Auckland Region,Nil,2-way,Sealed,0,0,1,0,50,0,Off,1,0,,76,Auckland,Nil,0,0,0,1,0,0,Urban,0,0,0,Fine,Null
1741614.6732,5918116.3336,720058,,513214,0,,0,1,,North,2022/2023,CANDIA ROAD,COULTER ROAD,,Minor Crash,No,2023,,South,,0,,Flat,,,,,,Bright sun,238403,1,0,0,2,,,0,,,1,,,Auckland Region,Nil,2-way,Sealed,,0,0,,50,,Off,0,0,,76,Auckland,Nil,,,,,0,0,Urban,0,,,Fine,Null
1751404.8821,5915049.2345,720090,,514401,0,,0,1,,South,2022/2023,ST JUDE STREET,DONEGAL STREET,,Minor Crash,No,2023,,South,,0,,Hill Road,,,,,,Overcast,382901,1,0,0,2,,,0,,,,,,Auckland Region,Rail xing,2-way,Sealed,,0,0,,50,,Off,0,0,,76,Auckland,Nil,,,,,0,0,Urban,1,,,Fine,Null
1768796.9434,5900950.591,720106,,524901,0,0,0,2,0,Null,2022/2023,GREAT SOUTH ROAD,HALVER ROAD,,Non-Injury Crash,No,2023,0,West,0,0,0,Flat,0,,0,,0,Dark,757300,0,0,0,2,0,0,0,0,1,,0,0,Auckland Region,Nil,2-way,Sealed,0,0,0,0,50,0,On,0,0,,76,Auckland,Nil,0,0,0,0,0,0,Urban,0,0,0,Fine,Null