X,Y,OBJECTID,advisorySpeed,areaUnitID,bicycle,bridge,bus,carStationWagon,cliffBank,crashDirectionDescription,crashFinancialYear,crashLocation1,crashLocation2,crashRoadSideRoad,crashSeverity,crashSHDescription,crashYear,debris,directionRoleDescription,ditch,fatalCount,fence,flatHill,guardRail,holiday,houseOrBuilding,intersection,kerb,light,meshblockId,minorInjuryCount,moped,motorcycle,NumberOfLanes,objectThrownOrDropped,otherObject,otherVehicleType,overBank,parkedVehicle,pedestrian,phoneBoxEtc,postOrPole,region,roadCharacter,roadLane,roadSurface,roadworks,schoolBus,seriousInjuryCount,slipOrFlood,speedLimit,strayAnimal,streetLight,suv,taxi,temporarySpeedLimit,tlaId,tlaName,trafficControl,trafficIsland,trafficSign,train,tree,truck,unknownVehicleType,urban,vanOrUtility,vehicle,waterRiver,weatherA,weatherB
1751528.1237,5914782.9203,720146,,514402,0,0,0,2,0,East,2023/2024,CHALMERS STREET,DONEGAL STREET,,Minor Crash,No,2023,0,West,0,0,0,Hill Road,0,,0,,0,Dark,379300,1,0,0,2,0,1,0,0,1,,0,1,Auckland Region,Nil,2-way,Sealed,0,0,0,0,50,0,On,0,0,,76,Auckland,Nil,0,0,0,0,0,0,Urban,0,0,0,Fine,Null
1764062.1079,5918974.2214,720258,,516601,0,,0,1,,East,2023/2024,SOUTHERN CROSS ROAD,SPROTT ROAD,,Minor Crash,No,2023,,East,,0,,Hill Road,,,,,,Bright sun,506100,1,0,0,2,,,0,,,1,,,Auckland Region,Speed hump,2-way,Sealed,,0,0,,50,,None,0,0,,76,Auckland,Nil,,,,,0,0,Urban,0,,,Fine,Null
1749806.8456,5969506.9051,720298,,505500,0,0,0,1,0,West,2023/2024,PULHAM ROAD,ALNWICK STREET,,Minor Crash,No,2023,0,West,0,0,0,Flat,0,,0,,0,Dark,141400,1,0,0,2,0,0,0,0,1,,0,0,Auckland Region,Nil,2-way,Sealed,0,0,0,0,50,0,On,1,0,,76,Auckland,Nil,0,0,0,0,0,0,Urban,0,0,0,Fine,Null
1749546.5918,5945447.5026,720514,,505806,0,,0,2,,Null,2022/2023,GOLDWATER DRIVE,EAST COAST ROAD,,Minor Crash,No,2023,,North,,0,,Hill Road,,,,,,Bright sun,176802,1,0,0,5,,,0,,,,,,Auckland Region,Nil,1-way,Sealed,,0,0,,60,,Off,0,0,,76,Auckland,Traffic Signals,,,,,0,0,Urban,0,,,Fine,Null
1769928.6786,5905244.4417,720633,,523712,0,,0,1,,West,2022/2023,LANE CAMERON PLACE,JOSEPH STREET,,Minor Crash,No,2023,,West,,0,,Flat,,,,,,Overcast,716202,1,0,0,2,,,0,,,1,,,Auckland Region,Nil,2-way,Sealed,,0,0,,50,,Off,0,0,,76,Auckland,Nil,,,,,0,0,Urban,0,,,Fine,Null
1755441.1482,5880899.1164,720650,,521152,0,,0,1,,South,2022/2023,GLENBROOK-WAIUKU ROAD,BROOKSIDE ROAD,,Minor Crash,No,2023,,South,,0,,Hill Road,,,,,,Overcast,834300,1,0,0,2,,,1,,,,,,Auckland Region,Nil,2-way,Sealed,,0,0,,60,,None,0,0,,76,Auckland,Nil,,,,,1,0,Urban,0,,,Mist or Fog,Frost
1761661.7239,5906482.5519,720666,,524112,0,,0,3,,North,2022/2023,MASSEY ROAD,TIDAL ROAD,,Minor Crash,No,2023,,South,,0,,Flat,,,,,,Overcast,742300,1,0,0,5,,,0,,,,,,Auckland Region,Nil,2-way,Sealed,,0,0,,50,,Off,0,0,,76,Auckland,Nil,,,,,0,0,Urban,0,,,Light rain,Null
1750064.2596,5913883.1397,720746,,511303,0,,0,1,,Null,2022/2023,MEMORIAL DRIVE,TOTARA AVENUE,,Minor Crash,No,2023,,East,,0,,Flat,,,,,,Bright sun,266000,1,0,0,2,,,0,,,1,,,Auckland Region,Nil,1-way,Sealed,,0,0,,50,,Off,0,0,,76,Auckland,Traffic Signals,,,,,0,0,Urban,0,,,Fine,Null
1750382.2513,5915926.3614,721041,,514802,1,,0,1,,North,2023/2024,ROSEBANK ROAD,RIVERSDALE ROAD,,Serious Crash,No,2023,,North,,0,,Flat,,,,,,Overcast,389900,0,0,0,2,,,0,,,,,,Auckland Region,Nil,2-way,Sealed,,0,1,,50,,Off,0,0,,76,Auckland,Nil,,,,,0,0,Urban,0,,,Mist or Fog,Null
1771523.4963,5897918.5397,721105,,523912,0,,0,1,,Null,2022/2023,OFFROAD - CAR PARK,,,Minor Crash,No,2023,,South,,0,,Flat,,,,,,Bright sun,765700,1,0,0,,,,0,,,,,,Auckland Region,Nil,Off road,Sealed,,0,0,,,,Off,1,0,,76,Auckland,Nil,,,,,0,0,Urban,0,,,Fine,Null
1761254.8172,5907521.3678,721145,,524510,0,,0,0,,East,2023/2024,BUCKLAND ROAD,LYNCROFT STREET,,Serious Crash,No,2023,,West,,0,,Flat,,,,,,Bright sun,736702,0,0,1,2,,,0,,,,,,Auckland Region,Nil,2-way,Sealed,,0,1,,50,,Off,1,0,,76,Auckland,Nil,,,,,0,0,Urban,0,,,Fine,Null
1755192.4826,5914272.8495,721169,,518803,0,,0,1,,South,2023/2024,MOUNT ALBERT ROAD,DOMINION ROAD,,Minor Crash,No,2023,,North,,0,,Hill Road,,,,,,Overcast,580700,1,0,0,3,,,0,,,1,,,Auckland Region,Nil,2-way,Sealed,,0,0,,50,,Off,0,0,,76,Auckland,Nil,,,,,0,0,Urban,0,,,Light rain,Null
1762704.1136,5905707.6358,721185,,524302,0,0,0,1,0,North,2022/2023,SOUTH-WESTERN MOTORWAY,PORTAGE OBR,,Minor Crash,Yes,2023,0,South,0,0,0,Flat,2,,0,,0,Overcast,745000,1,0,0,2,0,0,0,0,0,,0,0,Auckland Region,Nil,1-way,Sealed,0,0,0,0,100,0,On,0,0,,76,Auckland,Nil,0,0,0,0,0,0,Open,0,0,0,Heavy rain,Null
1768330.8796,5901956.6544,721241,,525001,0,,0,3,,Null,2022/2023,GREAT SOUTH ROAD,GRANDE VUE ROAD,,Non-Injury Crash,No,2023,,North,,0,,Flat,,,,,,Overcast,750800,0,0,0,2,,,0,,,,,,Auckland Region,Nil,2-way,Sealed,,0,0,,50,,Off,0,0,,76,Auckland,Give way,,,,,0,0,Urban,0,,,Fine,Null
1762296.8187,5913477.7416,721362,,520402,0,,0,1,,South,2022/2023,SOUTHERN MOTORWAY,PENROSE OBR,,Non-Injury Crash,Yes,2023,,South,,0,,Flat,,,,,,Dark,642200,0,0,0,3,,,0,,,,,,Auckland Region,Nil,1-way,Sealed,,0,0,,100,,On,0,0,,76,Auckland,Nil,,,,,0,0,Open,1,,,Heavy rain,Null
1763957.2082,5915186.5869,721842,,520302,0,0,0,1,0,South,2022/2023,LUNN AVENUE,MARUA ROAD,,Non-Injury Crash,No,2023,0,South,0,0,0,Flat,0,,0,,0,Overcast,626500,0,0,0,2,0,1,0,0,1,,0,0,Auckland Region,Nil,2-way,Sealed,0,0,0,0,50,0,Off,0,0,,76,Auckland,Nil,0,0,0,0,0,0,Urban,1,0,0,Light rain,Null
1756761.1543,5919884.2035,722258,,514102,0,,0,2,,Null,2023/2024,HOBSON STREET,UNION STREET,,Minor Crash,No,2023,,South,,0,,Flat,,,,,,Dark,434603,1,0,0,5,,,0,,,,,,Auckland Region,Nil,1-way,Sealed,,0,0,,40,,On,0,0,,76,Auckland,Traffic Signals,,,,,0,0,Urban,0,,,Fine,Null
1760052.0182,5908252.4635,722370,,524403,0,,0,0,,North,2022/2023,SOUTH-WESTERN MOTORWAY,HALL FTBR,,Serious Crash,Yes,2023,,South,,0,,Flat,,,,,,Dark,729800,0,0,1,4,,,0,,,,,,Auckland Region,Nil,1-way,Sealed,,0,1,,100,,On,0,0,,76,Auckland,Nil,,,,,0,0,Open,2,,,Fine,Null
1774033.8849,5887088.9325,722394,,521132,0,0,0,0,0,Null,2022/2023,GREAT SOUTH ROAD,KERN ROAD,,Non-Injury Crash,No,2023,0,South,1,0,0,Flat,0,,0,,0,Bright sun,814003,0,0,0,2,0,0,0,0,0,,0,0,Auckland Region,Nil,2-way,Sealed,0,0,0,0,60,0,None,0,0,,76,Auckland,Give way,0,1,0,0,0,0,Urban,1,0,0,Fine,Null
1755469.8181,5945050.9017,722410,,505908,0,,0,1,,North,2022/2023,KAURI ROAD,HOLIDAY ROAD,,Minor Crash,No,2023,,North,,0,,Flat,,,,,,Dark,173506,2,0,0,2,,,0,,,1,,,Auckland Region,Nil,2-way,Sealed,,0,0,,50,,None,0,0,,76,Auckland,Nil,,,,,0,0,Urban,0,,,Fine,Null
1765921.1872,5905623.0111,722473,,522202,0,,0,2,,Null,2022/2023,CARRUTH ROAD,BIRDWOOD AVENUE,,Minor Crash,No,2023,,South,,0,,Flat,,,,,,Bright sun,665300,1,0,0,2,,,0,,,,,,Auckland Region,Nil,2-way,Sealed,,0,0,,50,,Off,0,0,,76,Auckland,Stop,,,,,0,0,Urban,0,,,Fine,Null
1755381.5025,5921997.5375,722481,,515202,0,,0,1,,North,2022/2023,NORTHERN MOTORWAY,CURRAN STREET ON RAMP,,Non-Injury Crash,Yes,2023,,North,,0,,Hill Road,,Easter,,,,Dark,423600,0,0,0,2,,,0,,,,,,Auckland Region,Bridge,1-way,Sealed,,0,0,,80,,On,1,1,,76,Auckland,Nil,,,,,0,0,Open,0,,,Light rain,Null
1747927.5798,5912511.1454,722489,,511901,0,,0,1,,Null,2022/2023,PLEASANT ROAD,PLEASANT ROAD,,Minor Crash,No,2023,,West,,0,,Hill Road,,,,,,Dark,292500,1,1,0,4,,,0,,,,,,Auckland Region,Nil,2-way,Sealed,,0,0,,50,,On,0,0,,76,Auckland,Give way,,,,,0,0,Urban,0,,,Fine,Null
1767317.6708,5906333.9951,722497,,522302,0,,0,0,,North,2022/2023,SOUTHERN MOTORWAY,TE IRIRANGI DRIVE ON RAMP,,Non-Injury Crash,Yes,2023,,North,,0,,Flat,,,,,,Dark,670200,0,0,0,3,,,0,,,,,,Auckland Region,Nil,1-way,Sealed,,0,0,,100,,On,0,0,,76,Auckland,Nil,,,,,0,0,Open,3,,,Fine,Null
1770038.2279,5904677.9644,722537,,523712,0,0,0,1,0,East,2022/2023,REDOUBT ROAD,HILLTOP ROAD,,Minor Crash,No,2023,0,West,0,0,0,Flat,0,,0,,0,Overcast,716300,1,0,0,2,0,0,0,0,0,,0,1,Auckland Region,Nil,2-way,Sealed,0,0,0,0,60,0,Off,0,0,,76,Auckland,Nil,0,0,0,0,0,0,Urban,0,0,0,Light rain,Null
1772426.0159,5896291.0203,722625,,525410,0,,0,1,,Null,2022/2023,WOOD STREET,ELLIOT STREET,,Non-Injury Crash,No,2023,,North,,0,,Flat,,,,,,Dark,791802,0,0,0,2,,,0,,,,,,Auckland Region,Nil,2-way,Sealed,,0,0,,50,,On,0,0,,76,Auckland,Stop,,,,,0,0,Urban,1,,,Mist or Fog,Null
1760407.4333,5924683.1197,722633,,509300,0,0,0,1,0,North,2023/2024,HAMANA STREET,OLD LAKE ROAD,,Minor Crash,No,2023,0,South,0,0,0,Flat,0,,0,,0,Overcast,338400,1,0,0,2,0,0,0,0,0,,0,0,Auckland Region,Nil,2-way,Sealed,0,0,0,0,50,0,Null,0,0,,76,Auckland,Nil,0,0,0,1,0,0,Urban,0,0,0,Fine,Null
1740837.5109,5930341.6462,722681,,505604,0,,0,3,,Null,2022/2023,RIVERHEAD ROAD,DEACON ROAD,,Minor Crash,No,2023,,North,,0,,Flat,,,,,,Bright sun,213700,1,0,0,2,,,0,,,,,,Auckland Region,Nil,2-way,Sealed,,0,0,,80,,Off,0,0,,76,Auckland,Stop,,,,,0,0,Open,0,,,Fine,Null
1755340.4406,5925660.0254,722690,,509701,0,0,0,0,0,West,2022/2023,RALEIGH ROAD,POTTER AVENUE,,Non-Injury Crash,No,2023,0,East,0,0,0,Flat,0,,0,,0,Dark,367000,0,0,0,2,0,0,0,0,1,,0,0,Auckland Region,Nil,2-way,Sealed,0,0,0,0,50,0,On,1,0,,76,Auckland,Nil,0,0,0,0,0,0,Urban,1,0,0,Fine,Null
1755781.0588,5919302.7757,723090,,515420,0,,0,0,,South,2022/2023,MACKELVIE STREET,WILLIAMSON AVENUE,,Minor Crash,No,2023,,North,,0,,Hill Road,,,,,,Bright sun,411200,1,0,0,2,,,0,,,,,,Auckland Region,Nil,2-way,Sealed,,0,0,,50,,Off,2,0,,76,Auckland,Nil,,,,,0,0,Urban,0,,,Fine,Null
1758907.7838,5905886.2276,723098,,524200,0,0,0,1,0,South,2022/2023,GEORGE BOLT MEMORIAL DRIVE,KIRKBRIDE ROAD OFF RAMP,,Minor Crash,Yes,2023,0,North,0,0,0,Flat,1,,0,,0,Dark,726400,1,0,0,2,0,0,0,0,0,,0,0,Auckland Region,Nil,1-way,Sealed,0,0,0,0,100,0,On,0,0,,76,Auckland,Nil,0,0,0,0,0,0,Open,0,0,0,Fine,Null
1758811.3009,5903120.1003,723121,,524200,0,,0,1,,East,2022/2023,RAY EMERY DRIVE,INTERNATIONAL MAIN ENT,,Serious Crash,No,2023,,West,,0,,Flat,,,,,,Overcast,727200,0,0,0,1,,,0,,,1,,,Auckland Region,Nil,1-way,Sealed,,0,1,,30,,Off,0,0,,76,Auckland,Nil,,,,,0,0,Urban,0,,,Fine,Null
1746574.1883,5916488.7912,723273,,511601,0,,0,1,,Null,2022/2023,OFF ROAD - CAR PARK,,,Minor Crash,No,2023,,East,,0,,Flat,,,,,,Bright sun,274505,1,0,0,,,,0,,,1,,,Auckland Region,Nil,Off road,Sealed,,0,0,,,,Off,0,0,,76,Auckland,Nil,,,,,0,0,Urban,0,,,Fine,Null
1763996.3003,5912091.5175,723506,,520500,0,,0,0,,Null,2023/2024,MOUNT WELLINGTON HIGHWAY,VESTEY DRIVE,,Minor Crash,No,2023,,South,,0,,Flat,,,,,,Overcast,639500,1,0,0,3,,,0,,,,,,Auckland Region,Nil,2-way,Sealed,,0,0,,50,,Off,1,0,,76,Auckland,Give way,,,,,0,0,Urban,1,,,Fine,Null
1760594.0027,5914972.1249,723882,,519400,1,,0,0,,North,2022/2023,GREAT SOUTH ROAD,WAIOHUA ROAD,,Minor Crash,No,2023,,South,,0,,Flat,,,,,,Bright sun,619300,1,0,0,4,,,0,,,,,,Auckland Region,Nil,2-way,Sealed,,0,0,,50,,Off,1,1,,76,Auckland,Nil,,,,,0,0,Urban,0,,,Light rain,Null
1752942.4163,5913636.138,723969,,514500,0,,0,2,,South,2022/2023,NEW WINDSOR ROAD,DALLAS PLACE,,Serious Crash,No,2023,,South,,0,,Hill Road,,,,,,Overcast,374400,0,0,0,2,,,0,,,1,,,Auckland Region,Nil,2-way,Sealed,,0,1,,50,,On,0,0,,76,Auckland,Nil,,,,,0,0,Urban,0,,,Light rain,Null
1769728.711,5907345.9512,723978,,523712,0,,0,1,,Null,2022/2023,CHAPEL ROAD,ORMISTON ROAD,,Non-Injury Crash,No,2023,,North,,0,,Null,,,,,,Unknown,712803,0,0,0,3,,,0,,,,,,Auckland Region,Nil,1-way,Sealed,,0,0,,60,,Null,0,0,,76,Auckland,Traffic Signals,,,,,0,0,Urban,1,,,Null,Null
1746766.8816,5917590.26,724026,,512500,0,,0,2,,Null,2022/2023,TE ATATU ROAD,MCLEOD ROAD,,Minor Crash,No,2023,,West,,0,,Flat,,,,,,Bright sun,257500,1,0,0,2,,,0,,,,,,Auckland Region,Nil,2-way,Sealed,,0,0,,50,,Off,0,0,,76,Auckland,Traffic Signals,,,,,0,0,Urban,0,,,Fine,Null
1749109.232,5913493.0228,724081,,511401,0,0,0,3,0,Null,2022/2023,TITIRANGI ROAD,GARDNER AVENUE,,Minor Crash,No,2023,0,South,0,0,0,Flat,0,,0,,0,Dark,263700,1,0,0,2,0,0,0,0,2,,0,0,Auckland Region,Nil,2-way,Sealed,0,0,0,0,50,0,On,0,0,,76,Auckland,Nil,0,0,0,0,0,0,Urban,0,0,0,Fine,Null
1743622.6699,5923679.7902,724146,,513511,0,,1,1,,Null,2022/2023,FERNHILL DRIVE,CABERNET CRESCENT,,Minor Crash,No,2023,,South,,0,,Hill Road,,,,,,Overcast,224306,1,0,0,2,,,0,,,,,,Auckland Region,Nil,2-way,Sealed,,0,0,,50,,Off,0,0,,76,Auckland,Traffic Signals,,,,,0,0,Urban,0,,,Light rain,Null
1757960.4941,5918004.8484,724202,,515700,0,,0,2,,Null,2022/2023,SOUTHERN MOTORWAY,GILLIES AVENUE ON RAMP,,Minor Crash,Yes,2023,,North,,0,,Flat,,,,,,Bright sun,443700,1,0,0,3,,,0,,,,,,Auckland Region,Motorway ramp,1-way,Sealed,,0,0,,80,,Off,0,0,,76,Auckland,Nil,,,,,1,0,Open,1,,,Fine,Null
1746767.0008,5917535.9787,724353,,512500,1,,0,1,,North,2022/2023,TE ATATU ROAD,MCLEOD ROAD,,Serious Crash,No,2023,,North,,0,,Flat,,,,,,Bright sun,258500,0,0,0,4,,,0,,,,,,Auckland Region,Nil,2-way,Sealed,,0,1,,50,,Off,0,0,,76,Auckland,Nil,,,,,0,0,Urban,0,,,Fine,Null
1740362.4654,5918492.3127,724386,,513102,0,0,0,1,0,South,2022/2023,CHRISTIAN ROAD,METTAM DRIVE,,Non-Injury Crash,No,2023,0,North,0,0,0,Hill Road,0,,0,,1,Dark,237700,0,0,0,2,0,0,0,0,0,,0,0,Auckland Region,Nil,2-way,Sealed,0,0,0,0,60,0,On,0,0,,76,Auckland,Nil,0,0,0,0,0,0,Urban,0,0,0,Light rain,Null
1745688.3366,5916988.4491,724394,,510800,0,,0,2,,Null,2022/2023,VITASOVICH AVENUE,EDSEL STREET,,Minor Crash,No,2023,,North,,0,,Flat,,,,,,Overcast,243300,2,0,0,2,,,0,,,,,,Auckland Region,Nil,2-way,Sealed,,0,0,,50,,Off,0,0,,76,Auckland,Give way,,,,,0,0,Urban,0,,,Fine,Null
1759643.0409,5909571.4697,724410,,524002,0,,0,1,,South,2022/2023,SOUTH-WESTERN MOTORWAY,HASTIE FTBR,,Minor Crash,Yes,2023,,South,,0,,Flat,,,,,,Bright sun,724102,1,0,0,3,,,0,,,,,,Auckland Region,Nil,1-way,Sealed,,0,0,,100,,Off,0,0,,76,Auckland,Nil,,,,,0,0,Open,1,,,Fine,Null
1742172.6837,5992576.302,724426,,506660,0,0,0,1,0,North,2022/2023,MANGAWHAI ROAD,FAIRY HILL ROAD,,Minor Crash,No,2023,0,South,0,0,0,Flat,0,,0,,0,Dark,135600,2,0,0,2,0,0,0,0,0,,0,0,Auckland Region,Nil,2-way,Sealed,0,0,0,0,80,0,None,0,0,,76,Auckland,Nil,0,0,0,1,0,0,Open,0,0,0,Fine,Null
1763488.8389,5904837.6301,724442,,524303,0,0,1,2,0,North,2023/2024,SOUTH-WESTERN MOTORWAY,PUHINUI ROAD-SH 20B OFF RAMP,,Minor Crash,Yes,2023,0,South,0,0,0,Flat,2,,0,,0,Dark,780901,1,0,0,2,0,0,0,0,0,,0,0,Auckland Region,Nil,1-way,Sealed,0,0,0,0,100,0,On,0,0,,76,Auckland,Nil,0,0,0,0,0,0,Open,0,0,0,Fine,Null
1741531.9036,5945927.3337,724450,,506614,1,,0,0,,South,2022/2023,WHITEHILLS ROAD,WAITOKI ROAD,,Serious Crash,No,2023,,South,,0,,Hill Road,,,,,,Bright sun,177401,0,0,0,2,,,0,,,,,,Auckland Region,Nil,2-way,Sealed,,0,1,,80,,None,0,0,,76,Auckland,Nil,,,,,0,0,Open,0,,,Fine,Null
1760323.8339,5915431.5103,724474,,516003,0,0,0,1,0,Null,2022/2023,OFFROAD - CAR PARK,,,Minor Crash,No,2023,0,West,0,0,0,Flat,0,,2,,0,Bright sun,494901,1,0,0,,0,0,0,0,1,,0,0,Auckland Region,Nil,Off road,Sealed,0,0,0,0,5,0,Off,1,0,,76,Auckland,Nil,0,0,0,0,0,0,Urban,0,0,0,Fine,Null
1749105.0176,5945537.7127,724658,,505806,0,,0,0,,South,2023/2024,PAINTON ROAD,PAINTON ROAD,,Minor Crash,No,2023,,North,,0,,Hill Road,,,,,,Dark,176802,1,0,0,2,,,0,,,1,,,Auckland Region,Nil,2-way,Sealed,,0,0,,50,,On,0,0,,76,Auckland,Nil,,,,,0,0,Urban,1,,,Fine,Null
1777327.384,5894567.4214,724706,35,521301,0,0,0,0,1,East,2022/2023,HUNUA ROAD,DOMINION ROAD,,Minor Crash,No,2023,0,West,0,0,0,Flat,0,,0,,0,Dark,808001,1,0,0,2,0,0,0,0,0,,0,0,Auckland Region,Nil,2-way,Sealed,0,0,0,0,60,0,None,0,0,,76,Auckland,Nil,0,0,0,0,0,0,Urban,1,0,0,Fine,Null
1764797.252,5908404.7617,724714,,523404,0,,0,1,,North,2022/2023,GREAT SOUTH ROAD,BAIRDS ROAD,,Non-Injury Crash,No,2023,,South,,0,,Flat,,,,,,Overcast,696701,0,0,0,4,,,0,,,,,,Auckland Region,Nil,2-way,Sealed,,0,0,,50,,Off,0,0,,76,Auckland,Nil,,,,,0,0,Urban,1,,,Fine,Null
1764661.6959,5905783.3935,724722,,522100,0,,0,2,,Null,2022/2023,STATION ROAD,WYLLIE ROAD,,Non-Injury Crash,No,2023,,South,,0,,Flat,,Easter,,,,Dark,657700,0,0,0,2,,,0,,,,,,Auckland Region,Nil,2-way,Sealed,,0,0,,50,,On,0,0,,76,Auckland,Traffic Signals,,,,,0,0,Urban,0,,,Fine,Null
1757484.8186,5926968.0769,724842,,507900,0,,0,0,,Null,2022/2023,BARRYS POINT ROAD,ANZAC STREET,,Minor Crash,No,2023,,West,,0,,Flat,,,,,,Overcast,304100,1,0,1,4,,,0,,,,,,Auckland Region,Nil,2-way,Sealed,,0,0,,50,,Off,0,0,,76,Auckland,Traffic Signals,,,,,0,0,Urban,0,,,Light rain,Strong wind
1761745.846,5906301.7361,724905,,524200,0,,0,1,,Null,2022/2023,TIDAL ROAD,COLIN STREET,,Serious Crash,No,2023,,North,,0,,Flat,,,,,,Dark,728807,0,0,1,2,,,0,,,,,,Auckland Region,Nil,2-way,Sealed,,0,1,,50,,On,0,0,,76,Auckland,Nil,,,,,0,0,Urban,0,,,Fine,Null
1758411.7383,5920128.2561,725122,,515902,0,,0,1,,Null,2022/2023,PARNELL RISE,MUTU STREET,,Non-Injury Crash,No,2023,,East,,0,,Hill Road,,Easter,,,,Dark,452200,0,0,1,3,,,0,,,,,,Auckland Region,Nil,2-way,Sealed,,0,0,,50,,On,0,0,,76,Auckland,Nil,,,,,0,0,Urban,0,,,Fine,Null
1743442.6423,5916351.1463,725154,,513012,0,,0,2,,Null,2022/2023,SAN BERNADINO DRIVE,SAN MARINO DRIVE,,Non-Injury Crash,No,2023,,East,,0,,Hill Road,,Christmas New Year,,,,Overcast,280709,0,0,0,2,,,0,,,,,,Auckland Region,Nil,2-way,Sealed,,0,0,,50,,Off,0,0,,76,Auckland,Give way,,,,,0,0,Urban,0,,,Fine,Null
1764655.2085,5911727.7674,725202,,520500,0,,0,1,,North,2022/2023,SOUTHERN MOTORWAY,PANAMA OBR,,Non-Injury Crash,Yes,2023,,South,,0,,Flat,,,,,,Bright sun,639602,0,0,0,3,,,0,,,,,,Auckland Region,Nil,1-way,Sealed,,0,0,,100,,Off,0,0,,76,Auckland,Nil,,,,,0,0,Open,2,,,Fine,Null
1752389.1177,5918028.0495,725218,,515001,0,,0,1,,West,2022/2023,NORTH-WESTERN MOTORWAY,CARRINGTON OBR,,Non-Injury Crash,Yes,2023,,East,,0,,Flat,,,,,,Bright sun,391601,0,0,0,5,,,0,,,,,,Auckland Region,Nil,1-way,Sealed,,0,0,,80,,Off,1,0,,76,Auckland,Nil,,,,,0,0,Open,0,,,Fine,Null
1753509.5467,5914387.9232,725234,,518801,0,,0,1,,Null,2022/2023,MAIORO STREET OFF RAMP,MAIORO STREET,,Non-Injury Crash,No,2023,,West,,0,,Flat,,,,,,Twilight,578400,0,0,0,2,,,0,,,,,,Auckland Region,Nil,1-way,Unsealed,,0,0,,50,,On,0,0,30,76,Auckland,Traffic Signals,,,,,0,0,Urban,0,,,Fine,Strong wind
1753460.0302,5918310.3362,725369,,515003,0,,0,0,,East,2022/2023,NORTH-WESTERN MOTORWAY,ST LUKES ROAD ON RAMP,,Minor Crash,Yes,2023,,West,,0,,Flat,,,,,,Overcast,390502,1,0,1,3,,,0,,,,,,Auckland Region,Motorway ramp,1-way,Sealed,,0,0,,100,,Off,1,0,,76,Auckland,Nil,,,,,0,0,Open,1,,,Fine,Null
1741583.4995,5922085.9098,725456,,513621,0,,0,1,,South,2023/2024,RED HILLS ROAD,SUNNYVALE ROAD,,Minor Crash,No,2023,,South,,0,,Hill Road,,,,,,Overcast,226601,1,0,0,2,,,0,,,,,,Auckland Region,Nil,2-way,Sealed,,0,0,,80,,Off,0,0,,76,Auckland,Nil,,,,,0,0,Open,1,,,Light rain,Null
1755195.2713,5877151.2336,725465,,521152,0,0,0,0,0,North,2022/2023,GLENBROOK-WAIUKU ROAD,CORNWALL ROAD,,Serious Crash,No,2023,0,South,0,0,1,Flat,0,,0,,0,Dark,834000,1,0,0,2,0,0,0,0,0,,0,0,Auckland Region,Nil,2-way,Sealed,0,0,1,0,80,0,None,0,0,,76,Auckland,Nil,0,0,0,0,0,0,Open,1,0,0,Light rain,Null
1764730.1015,5911418.1424,725489,,520500,0,,0,2,,South,2022/2023,SOUTHERN MOTORWAY,PANAMA OBR,,Non-Injury Crash,Yes,2023,,North,,0,,Flat,,,,,,Overcast,636200,0,0,0,3,,,0,,,,,,Auckland Region,Motorway ramp,1-way,Sealed,,0,0,,100,,Off,0,0,,76,Auckland,Nil,,,,,0,0,Open,0,,,Fine,Null
1772411.5722,5896668.4273,725497,,525420,0,0,0,1,0,North,2022/2023,COLES CRESCENT,EAST STREET,,Non-Injury Crash,No,2023,0,North,0,0,0,Flat,0,,0,,0,Bright sun,791300,0,0,0,2,0,0,0,0,1,,0,0,Auckland Region,Nil,2-way,Sealed,0,0,0,0,50,0,Off,1,0,,76,Auckland,Nil,0,0,0,0,0,0,Urban,0,0,0,Fine,Null
1771163.5044,5895166.5429,725512,,521201,0,,0,0,,Null,2022/2023,HINGAIA ROAD,HARBOURSIDE DRIVE,,Minor Crash,No,2023,,West,,0,,Flat,,,,,,Dark,806604,1,0,0,5,,,0,,,1,,,Auckland Region,Nil,2-way,Sealed,,0,0,,50,,On,0,0,,76,Auckland,Traffic Signals,,,,,0,0,Urban,1,,,Fine,Null
1776415.5676,5895094.9213,725552,55,521301,0,0,0,0,0,East,2022/2023,HUNUA ROAD,DOMINION ROAD,,Non-Injury Crash,No,2023,0,North,1,0,0,Hill Road,0,,0,,0,Overcast,808001,0,0,0,2,0,0,0,0,0,,0,0,Auckland Region,Nil,2-way,Sealed,0,0,0,0,80,0,None,1,0,,76,Auckland,Nil,0,1,0,1,0,0,Open,0,0,0,Fine,Null
1756430.9518,5924537.6912,725560,,509702,0,,0,2,,South,2022/2023,NORTHERN MOTORWAY,ONEWA ROAD OFF RAMP,,Non-Injury Crash,Yes,2023,,South,,0,,Flat,,,,,,Bright sun,366700,0,0,0,3,,,0,,,,,,Auckland Region,Nil,1-way,Sealed,,0,0,,100,,Off,0,0,,76,Auckland,Nil,,,,,0,0,Open,0,,,Fine,Strong wind