X,Y,OBJECTID,advisorySpeed,areaUnitID,bicycle,bridge,bus,carStationWagon,cliffBank,crashDirectionDescription,crashFinancialYear,crashLocation1,crashLocation2,crashRoadSideRoad,crashSeverity,crashSHDescription,crashYear,debris,directionRoleDescription,ditch,fatalCount,fence,flatHill,guardRail,holiday,houseOrBuilding,intersection,kerb,light,meshblockId,minorInjuryCount,moped,motorcycle,NumberOfLanes,objectThrownOrDropped,otherObject,otherVehicleType,overBank,parkedVehicle,pedestrian,phoneBoxEtc,postOrPole,region,roadCharacter,roadLane,roadSurface,roadworks,schoolBus,seriousInjuryCount,slipOrFlood,speedLimit,strayAnimal,streetLight,suv,taxi,temporarySpeedLimit,tlaId,tlaName,trafficControl,trafficIsland,trafficSign,train,tree,truck,unknownVehicleType,urban,vanOrUtility,vehicle,waterRiver,weatherA,weatherB
1741216.7041,5911592.1785,725608,25,512902,0,0,0,1,0,East,2022/2023,WEST COAST ROAD,TUI CRESCENT,,Non-Injury Crash,No,2023,0,East,0,0,0,Hill Road,0,,0,,0,Dark,279102,0,0,0,2,0,0,0,0,0,,0,1,Auckland Region,Nil,2-way,Sealed,0,0,0,0,60,0,None,0,0,,76,Auckland,Nil,0,0,0,0,0,0,Urban,0,0,0,Heavy rain,Null
1758223.3817,5916252.4855,725640,,519200,0,,0,2,,Null,2022/2023,MANUKAU ROAD,INVERARY AVENUE,,Non-Injury Crash,No,2023,,North,,0,,Flat,,,,,,Twilight,615102,0,0,0,4,,,0,,,,,,Auckland Region,Nil,2-way,Sealed,,0,0,,50,,Off,0,0,,76,Auckland,Give way,,,,,0,0,Urban,0,,,Fine,Null
1756346.5309,5919055.5183,725664,,515500,0,,0,1,,Null,2022/2023,NEWTON ROAD,NEWTON ROAD OFF RAMP,,Minor Crash,No,2023,,North,,0,,Hill Road,,,,,,Dark,417600,1,0,0,4,,,0,,,,,,Auckland Region,Overpass,2-way,Sealed,,0,0,,50,,On,0,0,,76,Auckland,Traffic Signals,,,,,0,0,Urban,1,,,Light rain,Null
1782461.8331,5900645.1511,725680,,525201,0,0,0,1,0,South,2022/2023,MONUMENT ROAD,PIONEER ROAD,,Minor Crash,No,2023,0,North,0,0,0,Flat,0,,0,,0,Dark,763900,3,0,0,2,0,0,0,0,0,,0,0,Auckland Region,Nil,2-way,Sealed,0,0,0,0,80,0,None,0,0,30,76,Auckland,Nil,0,0,0,1,0,0,Open,0,0,0,Fine,Null
1768221.518,5901429.8105,725688,,525001,0,0,0,2,0,North,2022/2023,MAICH ROAD,BEATTY AVENUE,,Minor Crash,No,2023,0,South,0,0,0,Flat,0,,0,,0,Overcast,751300,1,0,0,2,0,0,0,0,1,,0,0,Auckland Region,Nil,2-way,Sealed,0,0,0,0,50,0,Off,0,0,,76,Auckland,Nil,0,0,0,0,0,0,Urban,0,0,0,Fine,Strong wind
1772715.0523,5896783.5908,725816,,525420,0,,0,1,,South,2022/2023,PORCHESTER ROAD,SUBWAY ROAD,,Fatal Crash,No,2023,,South,,1,,Flat,,,,,,Dark,792603,3,0,0,2,,,0,,,,,,Auckland Region,Nil,2-way,Sealed,,0,2,,50,,On,0,0,,76,Auckland,Nil,,,,,1,0,Urban,0,,,Fine,Null
1768282.9617,5908294.1753,726360,,523711,0,0,0,1,0,Null,2022/2023,EAST TAMAKI ROAD,BIRMINGHAM ROAD,,Minor Crash,No,2023,0,South,0,0,0,Flat,0,,0,,0,Dark,712303,1,0,0,5,0,0,0,0,0,,0,0,Auckland Region,Nil,2-way,Sealed,0,0,0,0,50,0,On,0,0,,76,Auckland,Traffic Signals,0,1,0,0,0,0,Urban,0,0,0,Light rain,Null
1767070.6158,5905578.1272,726425,,522302,1,,0,1,,North,2022/2023,GREAT SOUTH ROAD,REAGAN ROAD,,Non-Injury Crash,No,2023,,North,,0,,Flat,,,,,,Overcast,670700,0,0,0,4,,,0,,,,,,Auckland Region,Nil,2-way,Sealed,,0,0,,50,,None,0,0,,76,Auckland,Nil,,,,,0,0,Urban,0,,,Fine,Null
1769369.9815,5911351.4631,726657,,523113,0,0,0,2,0,North,2022/2023,GREENMOUNT DRIVE,JOSEPHS WAY,,Minor Crash,No,2023,0,South,0,0,0,Flat,0,,0,,0,Overcast,711703,1,0,0,2,0,0,0,0,2,,0,0,Auckland Region,Nil,2-way,Sealed,0,0,0,0,50,0,Off,0,0,,76,Auckland,Nil,0,0,0,0,0,0,Urban,1,0,0,Light rain,Null
1752778.6187,5912999.1678,726816,,518901,0,,0,2,,Null,2022/2023,BOUNDARY ROAD,TERRY STREET,,Minor Crash,No,2023,,North,,0,,Hill Road,,,,,,Dark,586400,1,0,0,2,,,0,,,,,,Auckland Region,Nil,2-way,Sealed,,0,0,,50,,On,0,0,,76,Auckland,Stop,,,,,0,0,Urban,0,,,Fine,Null
1753480.4921,5927795.8252,726849,,508210,0,0,0,0,0,Null,2022/2023,PEACH ROAD,POWRIE STREET,,Non-Injury Crash,No,2023,0,West,0,0,0,Flat,0,,0,,0,Overcast,187100,0,0,0,2,0,0,0,0,0,,0,1,Auckland Region,Speed hump,2-way,Sealed,0,0,0,0,50,0,Off,0,0,,76,Auckland,Nil,0,0,0,1,0,0,Urban,1,0,0,Fine,Null
1763486.8141,5909787.1919,726904,,521901,0,,0,1,,North,2022/2023,HUIA ROAD,STATION ROAD,,Minor Crash,No,2023,,South,,0,,Hill Road,,Easter,,,,Dark,782500,3,0,0,2,,,0,,,,,,Auckland Region,Nil,2-way,Sealed,,0,0,,50,,On,1,0,,76,Auckland,Nil,,,,,0,0,Urban,0,,,Fine,Null
1767632.872,5904281.0478,726913,,524604,0,,0,2,,Null,2022/2023,MANUKAU STATION ROAD,LEYTON WAY,,Minor Crash,No,2023,,East,,0,,Flat,,,,,,Dark,780204,1,0,0,4,,,0,,,,,,Auckland Region,Nil,2-way,Sealed,,0,0,,50,,On,0,0,,76,Auckland,Traffic Signals,,,,,0,0,Urban,0,,,Light rain,Null
1756693.1741,5919656.8661,726985,,514102,1,,0,1,,Null,2023/2024,HOPETOUN STREET,ST JAMES STREET,,Minor Crash,No,2023,,North,,0,,Hill Road,,,,,,Bright sun,435500,1,0,0,2,,,0,,,,,,Auckland Region,Bridge,2-way,Sealed,,0,0,,30,,Off,0,1,,76,Auckland,Stop,,,,,0,0,Urban,0,,,Fine,Null
1771782.2137,5897477.6055,727305,,523912,0,,0,1,,South,2022/2023,GREAT SOUTH ROAD,WAKA STREET,,Minor Crash,No,2023,,South,,0,,Flat,,,,,,Overcast,767808,1,0,0,3,,,0,,,,,,Auckland Region,Nil,2-way,Sealed,,0,0,,50,,Off,0,0,,76,Auckland,Nil,,,,,0,0,Urban,1,,,Fine,Null
1767430.4162,5906208.2679,727313,,523601,0,,0,1,,South,2022/2023,WAIMATE STREET,FLAT BUSH ROAD,,Minor Crash,No,2023,,South,,0,,Flat,,,,,,Bright sun,707200,1,0,1,2,,,0,,,,,,Auckland Region,Speed hump,2-way,Sealed,,0,0,,50,,None,0,0,,76,Auckland,Nil,,,,,0,0,Urban,0,,,Fine,Null
1751169.3844,5915472.0558,727377,,514401,0,,0,1,,Null,2022/2023,GREAT NORTH ROAD,ROSEBANK ROAD,,Minor Crash,No,2023,,North,,0,,Flat,,,,,,Dark,382300,1,0,1,4,,,0,,,,,,Auckland Region,Nil,2-way,Sealed,,0,0,,50,,On,0,0,,76,Auckland,Traffic Signals,,,,,0,0,Urban,0,,,Fine,Null
1765965.3232,5903769.7498,727384,,524604,0,0,0,1,0,West,2022/2023,SOUTH-WESTERN MOTORWAY,PLUNKET OBR,,Minor Crash,Yes,2023,1,West,0,0,0,Flat,1,,0,,0,Bright sun,780208,1,0,0,2,0,0,0,0,0,,0,0,Auckland Region,Nil,2-way,Sealed,0,0,0,0,100,0,Off,0,0,,76,Auckland,Nil,0,0,0,0,0,0,Open,0,0,0,Fine,Null
1765505.2182,5920087.3606,727569,,516700,1,,0,1,,Null,2022/2023,TAMAKI DRIVE,MAHEKE STREET,,Minor Crash,No,2023,,East,,0,,Flat,,,,,,Bright sun,509100,1,0,0,2,,,0,,,,,,Auckland Region,Speed hump,2-way,Sealed,,0,0,,50,,Off,0,0,,76,Auckland,Stop,,,,,0,0,Urban,0,,,Fine,Null
1769100.2149,5914376.8719,727593,,522721,0,,0,2,,Null,2022/2023,PAKURANGA ROAD,BELLS ROAD,,Minor Crash,No,2023,,South,,0,,Flat,,,,,,Overcast,681211,1,0,0,6,,,0,,,,,,Auckland Region,Nil,2-way,Sealed,,0,0,,50,,Off,0,0,,76,Auckland,Give way,,,,,1,0,Urban,0,,,Fine,Null
1750642.1862,5926669.6013,727665,,510010,0,0,0,3,0,North,2022/2023,RANGATIRA ROAD,MOKOPIKO COURT,,Minor Crash,No,2023,0,South,0,0,0,Flat,0,,0,,0,Dark,342600,1,0,0,2,0,0,0,0,1,,0,0,Auckland Region,Nil,2-way,Sealed,0,0,0,0,50,0,Off,0,0,,76,Auckland,Nil,0,0,0,0,0,0,Urban,0,0,0,Light rain,Null
1757366.5484,5919866.8331,727680,,514103,1,0,0,1,0,Null,2022/2023,ST PAUL STREET,WAKEFIELD STREET,,Minor Crash,No,2023,0,North,0,0,0,Flat,0,,0,,0,Twilight,436600,1,0,0,2,0,0,0,0,1,,0,0,Auckland Region,Nil,2-way,Sealed,0,0,0,0,30,0,Off,0,0,,76,Auckland,Give way,0,0,0,0,0,0,Urban,0,0,0,Heavy rain,Null
1757159.0307,5912512.611,727681,,518702,0,,0,1,,South,2022/2023,SOUTH-WESTERN MOTORWAY,HILLSBOROUGH ROAD OFF RAMP,,Minor Crash,Yes,2023,,North,,0,,Flat,,,,,,Overcast,570702,1,0,0,3,,,0,,,,,,Auckland Region,Nil,1-way,Sealed,,0,0,,100,,Off,0,0,,76,Auckland,Nil,,,,,1,0,Open,0,,,Light rain,Null
1771304.9495,5895859.7835,727713,,525540,0,0,0,0,0,South,2022/2023,PAPAKURA OFF RAMP,REGAN STREET,,Non-Injury Crash,No,2023,0,South,0,0,0,Flat,1,,0,,0,Bright sun,806208,0,0,0,1,0,0,0,0,0,,0,0,Auckland Region,Motorway ramp,1-way,Sealed,0,0,0,0,50,0,Off,0,0,,76,Auckland,Nil,0,0,0,0,0,0,Urban,1,0,0,Fine,Null
1764567.0612,5905947.3561,727761,,524303,0,0,0,1,0,North,2022/2023,STATION ROAD,HILLCREST ROAD,,Non-Injury Crash,No,2023,0,South,0,0,0,Flat,0,,0,,0,Overcast,657602,0,0,0,2,0,0,0,0,0,,0,1,Auckland Region,Nil,2-way,Sealed,0,0,0,0,50,0,Off,0,0,,76,Auckland,Nil,0,0,0,0,0,0,Urban,0,0,0,Fine,Null
1742454.4692,5919009.7222,727777,,513211,0,0,0,1,0,Null,2022/2023,LUANDA DRIVE,SWANSON ROAD,,Non-Injury Crash,No,2023,0,South,0,0,1,Flat,0,Easter,0,,1,Bright sun,235008,0,0,0,2,0,0,0,0,0,,0,0,Auckland Region,Nil,2-way,Sealed,0,0,0,0,50,0,Off,0,0,,76,Auckland,Give way,0,1,0,0,0,0,Urban,0,0,0,Fine,Null
1756925.1557,5920179.0696,727809,,514102,0,,0,2,,North,2023/2024,HOBSON STREET,COOK STREET,,Non-Injury Crash,No,2023,,South,,0,,Hill Road,,,,,,Overcast,434200,0,0,0,4,,,0,,,,,,Auckland Region,Nil,1-way,Sealed,,0,0,,40,,Off,0,0,,76,Auckland,Nil,,,,,0,0,Urban,0,,,Fine,Null
1769443.9339,5901877.3289,727825,,524901,0,,0,2,,Null,2022/2023,GRANDE VUE ROAD,HILL ROAD ON RAMP,,Non-Injury Crash,No,2023,,North,,0,,Flat,,,,,,Overcast,755600,0,0,0,2,,,0,,,,,,Auckland Region,Motorway ramp,2-way,Sealed,,0,0,,50,,On,0,0,,76,Auckland,Give way,,,,,0,0,Urban,0,,,Fine,Null
1760057.7629,5915593.8687,728128,,519400,0,,0,1,,North,2023/2024,GREAT SOUTH ROAD,ATARANGI ROAD,,Non-Injury Crash,No,2023,,North,,0,,Flat,,,,,,Bright sun,617000,0,0,0,4,,,0,,,,,,Auckland Region,Nil,2-way,Sealed,,0,0,,50,,Null,1,0,,76,Auckland,Nil,,,,,0,0,Urban,0,,,Fine,Null
1761322.1751,5916746.4427,728136,,516003,0,,0,1,,East,2023/2024,REMUERA ROAD,TAHORA AVENUE,,Non-Injury Crash,No,2023,,West,,0,,Flat,,,,,,Bright sun,495800,0,0,0,4,,,0,,,,,,Auckland Region,Nil,2-way,Sealed,,0,0,,50,,Off,1,0,,76,Auckland,Nil,,,,,0,0,Urban,0,,,Fine,Null
1756280.8305,5916294.2582,728144,,518201,0,0,0,2,0,Null,2023/2024,DEXTER AVENUE,MEWBURN AVENUE,,Minor Crash,No,2023,0,West,0,0,0,Flat,0,,0,,0,Bright sun,553000,1,0,0,2,0,0,0,0,0,,0,1,Auckland Region,Nil,2-way,Sealed,0,0,0,0,50,0,Off,0,0,,76,Auckland,Stop,0,0,0,0,0,0,Urban,0,0,0,Fine,Null
1751115.3829,5913987.7901,728160,,514402,0,0,0,1,0,North,2023/2024,ST GEORGES ROAD,WOLVERTON STREET,,Non-Injury Crash,No,2023,0,South,0,0,0,Flat,0,,0,,0,Twilight,381700,0,0,0,2,0,0,0,0,1,,0,0,Auckland Region,Nil,2-way,Sealed,0,0,0,0,50,0,On,1,0,,76,Auckland,Nil,0,0,0,0,0,0,Urban,0,0,0,Fine,Null
1747118.9898,5926668.4247,728169,,513410,0,,0,2,,East,2024/2025,UPPER HARBOUR MOTORWAY,OCKLESTON OBR,,Non-Injury Crash,Yes,2024,,East,,0,,Flat,,,,,,Overcast,221801,0,0,0,2,,,0,,,,,,Auckland Region,Nil,1-way,Sealed,,0,0,,100,,Off,1,0,,76,Auckland,Nil,,,,,0,0,Open,0,,,Fine,Null
1756933.5639,5919444.1561,728208,,514200,0,,0,4,,West,2022/2023,KARANGAHAPE ROAD,UPPER QUEEN STREET,,Non-Injury Crash,No,2023,,West,,0,,Flat,,,,,,Dark,412200,0,0,0,2,,,0,,,,,,Auckland Region,Nil,2-way,Sealed,,0,0,,30,,On,0,0,,76,Auckland,Nil,,,,,0,0,Urban,0,,,Fine,Null
1758550.7059,5912148.9077,728217,,519810,0,,0,1,,East,2022/2023,CHURCH STREET,QUADRANT ROAD,,Minor Crash,No,2023,,West,,0,,Flat,,,,,,Overcast,601500,1,0,0,2,,,0,,,,,,Auckland Region,Nil,2-way,Sealed,,0,0,,50,,Off,0,0,,76,Auckland,Nil,,,,,0,0,Urban,1,,,Light rain,Null
1767704.6784,5904425.0396,728224,,524604,0,,0,2,,South,2023/2024,GREAT SOUTH ROAD,GLADDING PLACE,,Non-Injury Crash,No,2023,,South,,0,,Flat,,,,,,Dark,780302,0,0,0,3,,,0,,,,,,Auckland Region,Nil,1-way,Sealed,,0,0,,60,,On,0,0,,76,Auckland,Nil,,,,,0,0,Urban,0,,,Light rain,Null
1755586.1643,5929044.9945,728241,,508510,0,,0,0,,Null,2022/2023,TRISTRAM AVENUE,TRISTRAM AVENUE OFF RAMP,,Non-Injury Crash,No,2023,,East,,0,,Flat,,,,,,Bright sun,195200,0,0,0,2,,,0,,,,,,Auckland Region,Nil,1-way,Sealed,,0,0,,50,,Off,0,0,,76,Auckland,Traffic Signals,,,,,1,0,Urban,1,,,Fine,Null
1744466.0889,5922055.6611,728248,,513530,0,,1,1,,North,2023/2024,NORTH-WESTERN MOTORWAY,ROYAL ROAD ON RAMP,,Non-Injury Crash,Yes,2024,,South,,0,,Flat,,,,,,Overcast,225807,0,0,0,2,,,0,,,,,,Auckland Region,Nil,1-way,Sealed,,1,0,,100,,Off,0,0,,76,Auckland,Nil,,,,,1,0,Open,0,,,Light rain,Null
1767669.6634,5919125.054,728256,,516800,0,0,0,1,0,South,2023/2024,RIDDELL ROAD,CHELMSFORD AVENUE,,Minor Crash,No,2024,0,North,0,0,1,Flat,0,,0,,0,Overcast,514800,4,0,0,2,0,0,0,0,0,,0,1,Auckland Region,Nil,2-way,Sealed,0,0,0,0,50,0,Off,0,0,,76,Auckland,Nil,0,0,0,0,0,0,Urban,0,0,0,Fine,Strong wind
1745287.429,5915033.9105,728257,,512903,0,,0,1,,Null,2022/2023,ROSANDICH DRIVE,BRASHIER CIRCLE,,Non-Injury Crash,No,2023,,West,,0,,Flat,,,,,,Bright sun,278107,0,0,0,2,,,0,,,,,,Auckland Region,Nil,2-way,Sealed,,0,0,,50,,Off,0,0,,76,Auckland,Nil,,,,,0,0,Urban,0,,,Fine,Null
1750645.0623,5949802.0255,728272,,505805,0,0,0,2,0,West,2023/2024,GRAND DRIVE,CHESTERFIELD WAY,,Non-Injury Crash,No,2023,0,East,0,0,0,Hill Road,0,,0,,0,Dark,171707,0,0,0,1,0,0,0,0,1,,0,0,Auckland Region,Nil,1-way,Sealed,0,0,0,0,50,0,On,0,0,,76,Auckland,Nil,0,1,0,0,0,0,Urban,0,0,0,Fine,Null
1769049.6479,5911528.388,728289,,523113,0,,0,2,,Null,2023/2024,TI RAKAU DRIVE,HARRIS ROAD,,Minor Crash,No,2024,,West,,0,,Flat,,,,,,Dark,711703,1,0,0,3,,,0,,,,,,Auckland Region,Nil,1-way,Sealed,,0,0,,60,,On,0,0,,76,Auckland,Traffic Signals,,,,,0,0,Urban,0,,,Mist or Fog,Null
1764540.7615,5912619.6104,728313,,520500,0,,0,1,,North,2022/2023,CARBINE ROAD,CLEMOW DRIVE,,Non-Injury Crash,No,2023,,North,,0,,Flat,,,,,,Unknown,639100,0,0,0,2,,,0,,,,,,Auckland Region,Nil,2-way,Sealed,,0,0,,50,,Null,0,0,,76,Auckland,Nil,,,,,0,0,Urban,1,,,Null,Null
1749653.1592,5916047.3239,728321,,514801,0,0,0,2,0,East,2022/2023,AVONDALE ROAD,MAIRE STREET,,Non-Injury Crash,No,2023,0,East,0,0,0,Flat,0,,0,,0,Twilight,387300,0,0,0,2,0,0,0,0,0,,0,0,Auckland Region,Nil,2-way,Sealed,0,0,0,0,50,0,Off,0,0,,76,Auckland,Nil,0,0,0,0,0,0,Urban,0,1,0,Fine,Null
1755274.4387,5929708.5245,728336,,508420,0,,0,1,,North,2023/2024,NORTHERN MOTORWAY,TRISTRAM AVENUE ON RAMP,,Non-Injury Crash,Yes,2023,,North,,0,,Flat,,,,,,Bright sun,183800,0,0,0,3,,,0,,,,,,Auckland Region,Nil,1-way,Sealed,,0,0,,100,,Off,1,0,,76,Auckland,Nil,,,,,0,0,Open,0,,,Fine,Null
1760772.7951,5913685.2761,728337,,519900,0,0,0,2,0,West,2023/2024,WALLATH ROAD,ROCKFIELD ROAD,,Non-Injury Crash,No,2023,0,West,0,0,0,Flat,0,,0,,0,Bright sun,604600,0,0,0,2,0,0,0,0,1,,0,0,Auckland Region,Nil,2-way,Sealed,0,0,0,0,50,0,Off,0,0,,76,Auckland,Nil,0,0,0,0,0,0,Urban,0,0,0,Fine,Null
1768658.0928,5909912.4269,728345,,523112,0,,0,2,,North,2023/2024,HARRIS ROAD,ALLENS ROAD,,Non-Injury Crash,No,2023,,North,,0,,Flat,,,,,,Dark,711500,0,0,0,2,,,0,,,,,,Auckland Region,Nil,2-way,Sealed,,0,0,,50,,On,0,0,,76,Auckland,Nil,,,,,0,0,Urban,0,,,Light rain,Null
1776461.2215,5881243.63,728361,,521160,0,0,0,1,0,South,2023/2024,GREAT SOUTH ROAD,BOMBAY OFF RAMP,,Minor Crash,Yes,2024,0,North,0,0,2,Flat,0,Christmas New Year,0,,0,Dark,827700,1,0,0,2,0,0,0,0,0,,0,0,Auckland Region,Nil,1-way,Sealed,1,0,0,0,100,0,On,0,0,,76,Auckland,Nil,0,1,0,0,0,0,Open,0,0,0,Fine,Null
1764601.3852,5909949.7863,728368,,521801,0,0,0,1,0,Null,2022/2023,AVENUE ROAD,HUTTON STREET,,Non-Injury Crash,No,2023,0,West,0,0,1,Flat,0,,0,,0,Overcast,787500,0,0,0,2,0,0,0,0,0,,0,0,Auckland Region,Nil,2-way,Sealed,0,0,0,0,50,0,Off,1,0,,76,Auckland,Give way,0,0,0,0,0,0,Urban,0,0,0,Fine,Null
1759676.7243,5916849.6089,728393,,516001,0,,0,2,,Null,2023/2024,OMAHU ROAD,DROMORNE ROAD,,Minor Crash,No,2023,,South,,0,,Flat,,,,,,Overcast,491500,1,0,0,2,,,0,,,,,,Auckland Region,Nil,2-way,Sealed,,0,0,,50,,Off,0,0,,76,Auckland,Stop,,,,,0,0,Urban,0,,,Fine,Null
1762682.1913,5913020.663,728400,,520402,0,,0,1,,West,2022/2023,SOUTHERN MOTORWAY,SOUTH-EASTERN HWY OFF RAMP,,Non-Injury Crash,Yes,2023,,South,,0,,Flat,,,,,,Overcast,642400,0,0,1,3,,,0,,,,,,Auckland Region,Nil,1-way,Sealed,,0,0,,100,,Off,0,0,,76,Auckland,Nil,,,,,0,0,Open,0,,,Fine,Null
1772308.6706,5906781.3802,728401,55,523713,0,,0,1,,South,2023/2024,ORMISTON ROAD,SHEPHERDS LANE,,Serious Crash,No,2023,,East,,0,,Hill Road,,,,,,Bright sun,712600,0,0,1,2,,,0,,,,,,Auckland Region,Nil,2-way,Sealed,,0,1,,80,,Off,0,0,30,76,Auckland,Nil,,,,,0,0,Open,0,,,Fine,Null
1748744.5469,5918558.2695,728409,,514801,0,,0,2,,South,2022/2023,NORTH-WESTERN MOTORWAY,PATIKI FTBR,,Non-Injury Crash,Yes,2023,,South,,0,,Flat,,,,,,Overcast,389200,0,0,0,4,,,0,,,,,,Auckland Region,Nil,1-way,Sealed,,0,0,,100,,Off,0,0,,76,Auckland,Nil,,,,,0,0,Open,0,,,Light rain,Null
1757541.7871,5918528.4382,728416,,514302,0,0,0,1,0,North,2022/2023,SOUTHERN MOTORWAY,BOSTON OBR,,Non-Injury Crash,Yes,2023,0,North,0,0,0,Flat,1,,0,,0,Dark,442100,0,0,0,4,0,0,0,0,0,,0,0,Auckland Region,Nil,1-way,Sealed,0,0,0,0,80,0,On,0,0,,76,Auckland,Nil,0,0,0,0,0,0,Open,0,0,0,Fine,Null
1745191.0545,5909447.4198,728424,,512700,0,0,0,1,1,South,2022/2023,HUIA ROAD,SYLVAN VALLEY AVENUE,,Non-Injury Crash,No,2023,0,South,1,0,0,Hill Road,0,,0,,0,Dark,301600,0,0,0,2,0,0,0,0,0,,0,0,Auckland Region,Nil,2-way,Sealed,0,0,0,0,60,0,None,0,0,,76,Auckland,Nil,0,0,0,0,0,0,Urban,0,0,0,Light rain,Null
1764398.9791,5891590.3193,728425,,521122,0,,0,1,,Null,2022/2023,LINWOOD ROAD,CHARLES ROAD,,Serious Crash,No,2023,,West,,0,,Hill Road,,,,,,Dark,810000,1,0,0,2,,,0,,,,,,Auckland Region,Nil,2-way,Sealed,,0,1,,80,,On,1,0,,76,Auckland,Stop,,,,,0,0,Open,0,,,Fine,Null
1754931.0706,5930416.0119,728433,,508520,0,,0,3,,North,2022/2023,NORTHERN MOTORWAY,SUNNYNOOK OBR,,Non-Injury Crash,Yes,2023,,South,,0,,Flat,,,,,,Dark,192700,0,0,0,2,,,0,,,,,,Auckland Region,Nil,1-way,Sealed,,0,0,,100,,On,0,0,,76,Auckland,Nil,,,,,0,0,Open,0,,,Fine,Null
1771850.7369,5896938.7317,728448,,525420,0,,0,1,,Null,2023/2024,CLIFF ROAD,YOUNGS ROAD,,Serious Crash,No,2023,,North,,0,,Flat,,,,,,Bright sun,791000,0,0,1,2,,,0,,,,,,Auckland Region,Nil,2-way,Sealed,,0,1,,50,,None,0,0,,76,Auckland,Give way,,,,,0,0,Urban,0,,,Fine,Null
1746147.3845,5920284.5999,728464,,513301,0,,0,1,,North,2023/2024,NORTH-WESTERN MOTORWAY,HENDERSON CK BR,,Minor Crash,Yes,2023,,East,,0,,Flat,,,,,,Overcast,230301,1,0,0,4,,,0,,,,,,Auckland Region,Nil,1-way,Sealed,,0,0,,100,,Off,0,0,,76,Auckland,Nil,,,,,0,0,Open,1,,,Fine,Null
1752740.3465,5935376.5577,728481,,508701,0,,0,0,,South,2023/2024,NORTHERN MOTORWAY,OTEHA VALLEY ROAD ON RAMP,,Minor Crash,Yes,2023,,North,,0,,Hill Road,,,,,,Bright sun,178501,1,0,1,2,,,0,,,,,,Auckland Region,Motorway ramp,1-way,Sealed,,0,0,,100,,None,0,0,,76,Auckland,Nil,,,,,0,0,Open,0,,,Fine,Null
1752256.2395,5933830.8226,728521,,508701,0,,0,2,,Null,2022/2023,DON MCKINNON DRIVE,PIGGOT WAY,,Non-Injury Crash,No,2023,,East,,0,,Flat,,,,,,Overcast,178900,0,0,0,2,,,0,,,,,,Auckland Region,Nil,1-way,Sealed,,0,0,,50,,Off,0,0,,76,Auckland,Give way,,,,,0,0,Urban,0,,,Light rain,Strong wind
1744783.7458,5921368.2598,728536,,513631,0,,0,2,,North,2022/2023,NORTH-WESTERN MOTORWAY,LINCOLN ROAD ON RAMP,,Non-Injury Crash,Yes,2023,,North,,0,,Flat,,,,,,Overcast,227601,0,0,0,3,,,0,,,,,,Auckland Region,Nil,1-way,Sealed,,0,0,,100,,Off,0,0,,76,Auckland,Nil,,,,,0,0,Open,0,,,Light rain,Null
1767980.5413,5904363.3822,728584,,524604,0,0,0,1,0,North,2022/2023,SOUTHERN MOTORWAY,SOUTH-WESTERN MOTORWAY,,Non-Injury Crash,Yes,2023,1,North,0,0,0,Hill Road,0,,0,,0,Overcast,780302,0,0,0,3,0,0,0,0,0,,0,0,Auckland Region,Motorway ramp,1-way,Sealed,0,0,0,0,100,0,Off,0,0,,76,Auckland,Nil,0,0,0,0,0,0,Open,1,0,0,Fine,Null
1765350.8825,5899382.3307,728592,,524822,0,0,0,2,0,Null,2022/2023,PITT AVENUE,PALMERS ROAD,,Non-Injury Crash,No,2023,0,South,0,0,0,Flat,0,,0,,0,Dark,774440,0,0,0,2,0,0,0,0,1,,0,0,Auckland Region,Nil,2-way,Sealed,0,0,0,0,30,0,On,0,0,,76,Auckland,Give way,0,0,0,0,0,0,Urban,0,0,0,Fine,Null
1764132.9166,5909649.0031,728624,,521901,0,0,0,3,0,Null,2023/2024,QUEEN STREET,HALL AVENUE,,Non-Injury Crash,No,2023,0,North,0,0,0,Flat,0,,0,,0,Dark,784500,0,0,0,2,0,0,0,0,1,,0,0,Auckland Region,Nil,2-way,Sealed,0,0,0,0,50,0,On,0,0,,76,Auckland,Stop,0,0,0,0,0,0,Urban,0,0,0,Fine,Null
1743637.3888,5921006.4118,728649,,513632,0,0,0,2,0,North,2022/2023,DONOVAN AVENUE,ALBEMARLE PLACE,,Non-Injury Crash,No,2023,0,West,0,0,0,Flat,0,Easter,0,,0,Bright sun,228101,0,0,0,2,0,0,0,0,1,,0,0,Auckland Region,Nil,2-way,Sealed,0,0,0,0,50,0,Off,0,0,,76,Auckland,Nil,0,0,0,0,0,0,Urban,0,0,0,Fine,Null
1752845.1562,5931278.2306,728657,,508807,0,,0,1,,Null,2022/2023,OFF ROAD CARPARK,,,Minor Crash,No,2023,,South,,0,,Flat,,,,,,Bright sun,180809,1,0,0,0,,,0,,,1,,,Auckland Region,Nil,Off road,Sealed,,0,0,,10,,None,0,0,,76,Auckland,Nil,,,,,0,0,Urban,0,,,Fine,Null
1762052.0403,5920735.8051,728673,,516400,0,0,0,1,1,West,2022/2023,TAMAKI DRIVE,HAPIMANA STREET,,Non-Injury Crash,No,2023,0,East,0,0,0,Flat,0,,0,,1,Overcast,498700,0,0,0,2,0,0,0,0,0,,0,0,Auckland Region,Nil,2-way,Sealed,0,0,0,0,50,0,Off,0,0,,76,Auckland,Nil,0,0,0,0,0,0,Urban,0,0,0,Fine,Null