X,Y,OBJECTID,advisorySpeed,areaUnitID,bicycle,bridge,bus,carStationWagon,cliffBank,crashDirectionDescription,crashFinancialYear,crashLocation1,crashLocation2,crashRoadSideRoad,crashSeverity,crashSHDescription,crashYear,debris,directionRoleDescription,ditch,fatalCount,fence,flatHill,guardRail,holiday,houseOrBuilding,intersection,kerb,light,meshblockId,minorInjuryCount,moped,motorcycle,NumberOfLanes,objectThrownOrDropped,otherObject,otherVehicleType,overBank,parkedVehicle,pedestrian,phoneBoxEtc,postOrPole,region,roadCharacter,roadLane,roadSurface,roadworks,schoolBus,seriousInjuryCount,slipOrFlood,speedLimit,strayAnimal,streetLight,suv,taxi,temporarySpeedLimit,tlaId,tlaName,trafficControl,trafficIsland,trafficSign,train,tree,truck,unknownVehicleType,urban,vanOrUtility,vehicle,waterRiver,weatherA,weatherB
1757998.9694,5917956.084,728680,,515700,0,,0,1,,South,2023/2024,SOUTHERN MOTORWAY,GILLIES AVENUE ON RAMP,,Non-Injury Crash,Yes,2023,,North,,0,,Flat,,Christmas New Year,,,,Dark,443700,0,0,0,4,,,0,,,,,,Auckland Region,Nil,1-way,Sealed,,0,0,,80,,On,1,0,,76,Auckland,Nil,,,,,0,0,Open,0,,,Fine,Null
1747809.4446,5963166.102,728705,,506613,0,0,0,1,1,South,2022/2023,SH 1,COWAN BAY ROAD,,Non-Injury Crash,No,2023,0,North,0,0,1,Hill Road,0,,0,,0,Overcast,147107,0,0,0,2,0,0,0,0,0,,0,0,Auckland Region,Nil,2-way,Sealed,0,0,0,0,80,0,None,0,0,,76,Auckland,Nil,0,0,0,1,0,0,Open,0,0,0,Heavy rain,Null
1773069.201,5896287.4096,728721,,525410,0,,0,1,,South,2023/2024,RON KEAT DRIVE,CLEVEDON ROAD,,Minor Crash,No,2024,,North,,0,,Flat,,,,,,Bright sun,793100,1,0,0,2,,,0,,,1,,,Auckland Region,Nil,2-way,Sealed,,0,0,,50,,Off,0,0,,76,Auckland,Nil,,,,,0,0,Urban,0,,,Fine,Null
1772599.6734,5896311.7524,728744,,525410,0,,0,2,,South,2023/2024,EAST STREET,ELLIOT STREET,,Non-Injury Crash,No,2023,,South,,0,,Flat,,,,,,Bright sun,791900,0,0,0,3,,,0,,,,,,Auckland Region,Nil,2-way,Sealed,,0,0,,50,,Off,0,0,,76,Auckland,Nil,,,,,0,0,Urban,0,,,Fine,Null
1737174.8942,5901658.0861,728761,,513800,0,0,0,0,0,East,2023/2024,WHATIPU ROAD,DONALD MCLEAN ROAD,,Minor Crash,No,2023,0,East,0,0,0,Hill Road,0,,0,,0,Bright sun,303400,1,0,0,2,0,0,0,1,0,,0,0,Auckland Region,Nil,2-way,Unsealed,0,0,0,0,100,0,None,1,0,,76,Auckland,Nil,0,0,0,0,0,0,Open,0,0,0,Fine,Null
1755839.4523,5916532.4067,728769,,518201,0,0,0,1,0,East,2022/2023,MOUNT PLEASANT ROAD,DOMINION ROAD,,Non-Injury Crash,No,2023,0,East,0,0,1,Hill Road,0,,0,,0,Overcast,552800,0,0,0,2,0,0,0,0,0,,0,0,Auckland Region,Nil,2-way,Sealed,0,0,0,0,50,0,Off,0,0,,76,Auckland,Nil,0,0,0,0,0,0,Urban,0,0,0,Fine,Null
1757710.302,5918262.7887,728784,,518101,0,,0,0,,North,2023/2024,SOUTHERN MOTORWAY,MOUNTAIN OBR,,Minor Crash,Yes,2024,,North,,0,,Flat,,,,,,Overcast,543000,1,0,0,5,,,0,,,,,,Auckland Region,Nil,1-way,Sealed,,0,0,,80,,Off,1,0,,76,Auckland,Nil,,,,,0,0,Open,1,,,Fine,Null
1766332.7178,5907549.5868,728785,,523601,0,,0,1,,Null,2022/2023,EAST TAMAKI ROAD,EAST TAMAKI ROAD OFF RAMP,,Non-Injury Crash,No,2023,,South,,0,,Flat,,,,,,Dark,708500,0,0,0,5,,,0,,,,,,Auckland Region,Nil,2-way,Sealed,,0,0,,50,,On,1,0,,76,Auckland,Traffic Signals,,,,,0,0,Urban,0,,,Fine,Null
1780095.2312,5901765.1461,728801,,525201,0,0,0,1,0,North,2023/2024,PAPAKURA-CLEVEDON ROAD,RYBURN BR,,Minor Crash,No,2023,0,North,1,0,0,Flat,0,,0,,0,Bright sun,763300,1,0,0,2,0,0,0,0,0,,0,0,Auckland Region,Nil,2-way,Sealed,0,0,0,0,80,0,Off,0,0,,76,Auckland,Nil,0,0,0,0,0,0,Open,0,0,0,Fine,Null
1751526.1517,5947912.1581,728809,,505807,0,,0,2,,Null,2023/2024,HIBISCUS COAST HIGHWAY,RED BEACH ROAD,,Non-Injury Crash,No,2023,,North,,0,,Hill Road,,,,,,Twilight,172703,0,0,0,4,,,0,,,,,,Auckland Region,Nil,2-way,Sealed,,0,0,,50,,On,0,0,,76,Auckland,Traffic Signals,,,,,0,0,Urban,0,,,Fine,Null
1744225.2368,5921936.9767,728816,,513512,0,,0,1,,Null,2023/2024,MAKORA ROAD,TRIANGLE ROAD,,Minor Crash,No,2024,,South,,0,,Hill Road,,,,,,Bright sun,225702,2,0,0,2,,,0,,,,,,Auckland Region,Nil,2-way,Sealed,,0,0,,50,,Off,0,0,,76,Auckland,Traffic Signals,,,,,0,0,Urban,1,,,Fine,Null
1766636.199,5907632.6483,728824,,523601,0,,0,0,,Null,2023/2024,EAST TAMAKI ROAD,NEWBURY STREET,,Minor Crash,No,2024,,West,,0,,Flat,,,,,,Overcast,708500,1,0,0,2,,,0,,,1,,,Auckland Region,Nil,1-way,Sealed,,0,0,,60,,Off,1,0,,76,Auckland,Traffic Signals,,,,,0,0,Urban,0,,,Fine,Null
1758935.7265,5913204.66,728825,,519820,0,,0,2,,Null,2023/2024,ONEHUNGA MALL,MOUNT SMART ROAD,,Minor Crash,No,2023,,East,,0,,Flat,,,,,,Bright sun,599100,1,0,0,4,,,0,,,,,,Auckland Region,Nil,2-way,Sealed,,0,0,,50,,Off,0,0,,76,Auckland,Traffic Signals,,,,,0,0,Urban,0,,,Fine,Null
1758465.9005,5906652.6478,728841,,524200,0,0,0,1,0,North,2023/2024,ANDREW BAXTER DRIVE,DONCASTER STREET,,Non-Injury Crash,No,2023,0,North,0,0,0,Flat,0,,0,,0,Bright sun,726400,0,0,0,2,0,0,0,0,1,,0,0,Auckland Region,Nil,2-way,Sealed,0,0,0,0,50,0,Off,0,0,,76,Auckland,Nil,0,0,0,0,0,0,Urban,2,0,0,Fine,Null
1768509.3837,5902967.0214,728848,,524602,0,0,0,1,0,North,2023/2024,AZALEA PLACE,RATA VINE DRIVE,,Non-Injury Crash,No,2023,0,East,0,0,1,Flat,0,,0,,0,Overcast,780509,0,0,0,2,0,0,0,0,0,,0,0,Auckland Region,Nil,2-way,Sealed,0,0,0,0,50,0,Off,0,0,,76,Auckland,Nil,0,0,0,0,0,0,Urban,0,0,0,Fine,Null
1765147.4431,5919424.2089,728849,,516700,0,,0,1,,Null,2023/2024,LONG DRIVE,TOWAI STREET,,Minor Crash,No,2024,,South,,0,,Flat,,,,,,Bright sun,510200,2,0,0,2,,,0,,,,,,Auckland Region,Nil,2-way,Sealed,,0,0,,50,,Null,0,0,,76,Auckland,Stop,,,,,0,0,Urban,1,,,Fine,Null
1751040.7539,5914471.9427,728865,,514402,0,0,0,3,0,Null,2023/2024,KELVINSIDE TERRACE,ARRAN STREET,,Non-Injury Crash,No,2023,0,West,0,0,0,Hill Road,0,,0,,0,Overcast,381500,0,0,0,2,0,0,0,0,1,,0,0,Auckland Region,Nil,2-way,Sealed,0,0,0,0,50,0,Off,0,0,,76,Auckland,Nil,0,0,0,0,0,0,Urban,0,0,0,Fine,Null
1749235.6113,5945714.7494,728872,,505806,0,,0,2,,North,2023/2024,HIBISCUS COAST HIGHWAY,PAINTON ROAD,,Non-Injury Crash,No,2023,,North,,0,,Flat,,,,,,Dark,176602,0,0,0,2,,,0,,,,,,Auckland Region,Nil,1-way,Sealed,,0,0,,70,,On,0,0,,76,Auckland,Nil,,,,,0,0,Urban,0,,,Fine,Null
1769221.8513,5882008.8175,728880,,525910,1,0,0,1,0,South,2023/2024,FRANKLIN ROAD,REYNOLDS ROAD,,Minor Crash,No,2024,0,South,0,0,0,Flat,0,,0,,0,Bright sun,816504,1,0,0,2,0,0,0,0,0,,0,0,Auckland Region,Nil,2-way,Sealed,0,0,0,0,50,0,Off,0,0,,76,Auckland,Nil,0,0,0,0,0,0,Urban,0,1,0,Fine,Null
1754200.6332,5931415.4975,728897,,508805,0,,0,2,,East,2022/2023,CONSTELLATION DRIVE,CONSTELLATION DRIVE,,Non-Injury Crash,No,2023,,West,,0,,Flat,,,,,,Bright sun,180826,0,0,0,5,,,0,,,,,,Auckland Region,Nil,2-way,Sealed,,0,0,,50,,Off,0,0,,76,Auckland,Nil,,,,,0,0,Urban,0,,,Fine,Null
1753246.3295,5946940.2855,728952,,505808,0,0,0,1,0,North,2023/2024,GLENELG ROAD,ELGIN PLACE,,Non-Injury Crash,No,2023,0,South,0,0,0,Hill Road,0,,0,,0,Twilight,173112,0,0,0,2,0,0,0,0,1,,0,0,Auckland Region,Nil,2-way,Sealed,0,0,0,0,50,0,On,0,0,,76,Auckland,Nil,0,0,0,0,0,0,Urban,1,0,0,Light rain,Null
1759410.5842,5910514.3902,728960,,524002,0,,0,2,,South,2023/2024,SOUTH-WESTERN MOTORWAY,MAHUNGA DRIVE OFF RAMP,,Non-Injury Crash,Yes,2024,,South,,0,,Flat,,,,,,Overcast,722400,0,0,0,4,,,0,,,,,,Auckland Region,Bridge,1-way,Sealed,,0,0,,100,,Off,0,0,,76,Auckland,Nil,,,,,1,0,Open,1,,,Fine,Null
1768679.9042,5911156.7499,728977,,523112,0,,0,2,,Null,2022/2023,CRYERS ROAD,TRUGOOD DRIVE,,Minor Crash,No,2023,,East,,0,,Flat,,,,,,Bright sun,711404,1,0,0,2,,,0,,,,,,Auckland Region,Nil,2-way,Sealed,,0,0,,50,,Off,0,0,,76,Auckland,Give way,,,,,0,0,Urban,0,,,Fine,Null
1756993.3768,5919629.4357,728984,,514102,0,0,0,1,0,Null,2022/2023,SCOTIA PLACE,SCOTIA PLACE,,Non-Injury Crash,No,2023,0,South,0,0,0,Hill Road,0,,0,,0,Dark,435900,0,0,0,3,0,1,0,0,0,,0,0,Auckland Region,Nil,2-way,Sealed,0,0,0,0,30,0,None,0,0,,76,Auckland,Nil,0,0,0,0,0,0,Urban,0,0,0,Fine,Null
1767012.2738,5905633.923,728992,,522400,0,,0,2,,South,2023/2024,GREAT SOUTH ROAD,CASPAR ROAD,,Minor Crash,No,2024,,South,,0,,Flat,,,,,,Bright sun,671200,1,0,0,4,,,0,,,,,,Auckland Region,Nil,2-way,Sealed,,0,0,,50,,Off,0,0,,76,Auckland,Nil,,,,,0,0,Urban,0,,,Fine,Null
1754965.4341,5967346.207,729008,,506631,0,0,0,2,0,Null,2023/2024,MAHURANGI EAST ROAD,DAWSON ROAD,,Non-Injury Crash,No,2024,0,North,0,0,1,Hill Road,0,,0,,0,Bright sun,141606,0,0,0,2,0,0,0,0,1,,0,0,Auckland Region,Nil,2-way,Sealed,0,0,0,0,50,0,Off,0,0,,76,Auckland,Give way,0,0,0,0,0,0,Urban,0,0,0,Fine,Null
1765750.9459,5908238.2669,729017,,523402,0,,0,2,,South,2023/2024,SOUTHERN MOTORWAY,BAIRDS OBR,,Minor Crash,Yes,2024,,South,,0,,Flat,,,,,,Bright sun,698900,1,0,0,3,,,0,,,,,,Auckland Region,Nil,1-way,Sealed,,0,0,,100,,Off,0,0,,76,Auckland,Nil,,,,,0,0,Open,1,,,Fine,Null
1754533.6468,5917743.786,729032,,517600,0,0,0,3,0,Null,2023/2024,WESTERN SPRINGS ROAD,FINCH STREET,,Non-Injury Crash,No,2023,0,East,0,0,0,Hill Road,0,,0,,0,Dark,533200,0,0,0,2,0,0,0,0,1,,0,0,Auckland Region,Nil,2-way,Sealed,0,0,0,0,50,0,On,0,0,,76,Auckland,Give way,0,0,0,0,0,0,Urban,0,0,0,Fine,Null
1745286.4787,5919583.1333,729041,,513301,0,,0,1,,North,2023/2024,LINCOLN ROAD,POINSETTIA PLACE,,Minor Crash,No,2023,,South,,0,,Flat,,Labour Weekend,,,,Overcast,232001,1,0,0,5,,,0,,,1,,,Auckland Region,Nil,2-way,Sealed,,0,0,,50,,Off,0,0,,76,Auckland,Nil,,,,,0,0,Urban,0,,,Fine,Null
1745302.1521,5913721.8102,729049,,512906,0,0,0,2,0,East,2023/2024,MILAN DRIVE,SKYBIRD PLACE,,Non-Injury Crash,No,2023,0,East,0,0,0,Hill Road,0,Labour Weekend,0,,0,Dark,278516,0,0,0,2,0,0,0,0,1,,0,0,Auckland Region,Nil,2-way,Sealed,0,0,0,0,50,0,On,0,0,,76,Auckland,Nil,0,0,0,0,0,0,Urban,0,0,0,Light rain,Null
1752970.5909,5914779.7222,729072,,517902,0,,0,1,,Null,2023/2024,SH 20,MAIORO STREET ON RAMP,,Minor Crash,Yes,2024,,North,,0,,Hill Road,,,,,,Overcast,518900,1,0,0,4,,,0,,,,,,Auckland Region,Nil,1-way,Sealed,,0,0,,80,,Off,0,0,,76,Auckland,Nil,,,,,1,0,Open,0,,,Heavy rain,Null
1766677.3661,5904840.878,729073,,524603,0,0,0,1,0,West,2023/2024,LAMBIE DRIVE,CAVENDISH DRIVE,,Non-Injury Crash,No,2023,0,South,0,0,0,Flat,0,,0,,0,Overcast,780205,0,0,0,2,0,0,0,0,0,,0,0,Auckland Region,Nil,2-way,Sealed,0,0,0,0,50,0,Off,0,0,,76,Auckland,Nil,1,0,0,1,0,0,Urban,0,0,0,Light rain,Null
1756143.0,5923941.8195,729080,,509800,0,,0,0,,South,2023/2024,NORTHERN MOTORWAY,WEIGH BRIDGE,,Non-Injury Crash,Yes,2023,,South,,0,,Flat,,,,,,Dark,361200,0,0,0,4,,,0,,,,,,Auckland Region,Nil,1-way,Sealed,,0,0,,80,,On,2,0,70,76,Auckland,Nil,,,,,0,0,Open,0,,,Heavy rain,Strong wind
1761544.0107,5916882.3524,729097,,516003,0,0,0,1,0,East,2022/2023,REMUERA ROAD,MINTO ROAD,,Non-Injury Crash,No,2023,0,West,0,0,0,Flat,0,,0,,0,Bright sun,495500,0,0,0,3,0,0,0,0,1,,0,0,Auckland Region,Nil,2-way,Sealed,0,0,0,0,50,0,Off,2,0,,76,Auckland,Nil,0,0,0,0,0,0,Urban,1,0,0,Fine,Null
1755360.9563,5917767.4884,729137,,517500,0,,0,1,,Null,2022/2023,SANDRINGHAM ROAD,WALTERS ROAD,,Non-Injury Crash,No,2023,,South,,0,,Flat,,,,,,Bright sun,531400,0,0,1,4,,,0,,,,,,Auckland Region,Nil,2-way,Sealed,,0,0,,50,,Off,0,0,,76,Auckland,Stop,,,,,0,0,Urban,0,,,Fine,Null
1763064.0535,5912875.2855,729152,,520500,0,,0,1,,West,2022/2023,SOUTHERN MOTORWAY,SH1 OBR,,Non-Injury Crash,Yes,2023,,West,,0,,Flat,,,,,,Bright sun,637300,0,0,0,4,,,0,,,,,,Auckland Region,Nil,1-way,Sealed,,0,0,,100,,Off,0,0,,76,Auckland,Nil,,,,,0,0,Open,1,,,Fine,Null
1756559.2739,5920466.3439,729168,,514102,0,0,0,1,0,South,2023/2024,VERNON STREET,WELLESLEY STREET WEST,,Non-Injury Crash,No,2023,0,South,0,0,0,Hill Road,0,,0,,0,Bright sun,432700,0,0,0,1,0,0,0,0,1,,0,0,Auckland Region,Nil,1-way,Sealed,0,0,0,0,30,0,Off,0,0,,76,Auckland,Nil,0,0,0,0,0,0,Urban,1,0,0,Fine,Null
1740136.4508,5970386.5701,729169,,506613,0,,0,1,,West,2023/2024,KAIPARA FLATS ROAD,CHAPLIN ROAD,,Serious Crash,No,2024,,East,,0,,Hill Road,,,,,,Dark,145600,0,0,1,2,,,0,,,,,,Auckland Region,Nil,2-way,Sealed,,0,1,,80,,None,0,0,,76,Auckland,Nil,,,,,0,0,Open,0,,,Fine,Null
1755907.3141,5928227.8883,729185,,507900,0,0,0,3,0,North,2023/2024,NORTHERN MOTORWAY,WAIRAU OBR,,Minor Crash,Yes,2024,2,South,0,0,0,Flat,1,,0,,0,Dark,307000,1,0,0,3,0,0,0,0,0,,0,0,Auckland Region,Nil,1-way,Sealed,0,0,0,0,100,0,On,0,0,,76,Auckland,Nil,0,0,0,0,0,0,Open,1,0,0,Fine,Null
1746766.3367,5917595.038,729192,,512500,0,,0,3,,Null,2022/2023,TE ATATU ROAD,MCLEOD ROAD,,Non-Injury Crash,No,2023,,South,,0,,Flat,,,,,,Bright sun,258200,0,0,0,4,,,0,,,,,,Auckland Region,Nil,2-way,Unsealed,,0,0,,50,,Off,0,0,,76,Auckland,Traffic Signals,,,,,0,0,Urban,0,,,Fine,Null
1754751.4545,5938122.8264,729208,,508900,0,0,0,1,0,South,2022/2023,GLENVAR RIDGE ROAD,KUKUPA LANE,,Non-Injury Crash,No,2023,0,South,0,0,0,Hill Road,0,Christmas New Year,0,,0,Dark,178309,0,0,0,2,0,0,0,0,0,,0,1,Auckland Region,Nil,2-way,Sealed,0,0,0,0,50,0,On,0,0,,76,Auckland,Nil,0,0,0,0,0,0,Urban,0,0,0,Fine,Null
1762470.0924,5913144.2833,729216,,520500,0,,0,2,,South,2022/2023,SOUTH-EASTERN HWY ON RAMP,SOUTHERN MOTORWAY,,Non-Injury Crash,No,2023,,North,,0,,Flat,,,,,,Bright sun,637200,0,0,0,2,,,0,,,,,,Auckland Region,Motorway ramp,1-way,Sealed,,0,0,,100,,Off,0,0,,76,Auckland,Nil,,,,,0,0,Open,0,,,Fine,Null
1758058.598,5920702.6216,729241,,514101,0,,1,1,,Null,2022/2023,BEACH ROAD,TANGIHUA STREET,,Serious Crash,No,2023,,South,,0,,Flat,,,,,,Bright sun,438213,0,0,0,5,,,0,,,,,,Auckland Region,Nil,2-way,Sealed,,0,2,,30,,Off,0,0,,76,Auckland,Traffic Signals,,,,,0,0,Urban,0,,,Fine,Null
1757006.6438,5919221.7105,729248,,514200,0,0,0,1,0,East,2023/2024,SOUTHERN MOTORWAY,NORTH-WESTERN TO SOUTHERN LINK,,Non-Injury Crash,Yes,2023,0,East,0,0,0,Flat,1,,0,,0,Dark,412301,0,0,0,4,0,0,0,0,0,,0,0,Auckland Region,Nil,1-way,Sealed,0,0,0,0,80,0,On,0,0,,76,Auckland,Nil,0,0,0,0,0,0,Open,0,0,0,Fine,Null
1769365.0453,5901075.4002,729256,,524901,0,0,0,0,0,North,2022/2023,CLAUDE ROAD,ALFRISTON ROAD,,Non-Injury Crash,No,2023,0,North,0,0,0,Flat,0,Easter,1,,0,Bright sun,757400,0,0,0,2,0,0,0,0,0,,0,0,Auckland Region,Nil,2-way,Sealed,0,0,0,0,50,0,Off,0,0,,76,Auckland,Nil,0,0,0,0,0,0,Urban,1,0,0,Fine,Null
1756842.8053,5918569.6421,729257,,515600,1,,0,0,,Null,2023/2024,NEW NORTH ROAD,FLOWER STREET,,Minor Crash,No,2023,,West,,0,,Flat,,,,,,Overcast,420500,1,0,0,4,,,0,,,,,,Auckland Region,Nil,2-way,Sealed,,0,0,,50,,Off,0,0,,76,Auckland,Stop,,,,,0,0,Urban,1,,,Fine,Null
1756610.0442,5915107.6165,729265,,518302,1,0,0,1,0,Null,2023/2024,MOUNT EDEN ROAD,SHACKLETON ROAD,,Serious Crash,No,2023,0,North,0,0,0,Hill Road,0,,0,,1,Overcast,558500,0,0,0,2,0,0,0,0,0,,0,0,Auckland Region,Nil,2-way,Sealed,0,0,1,0,50,0,Off,0,0,,76,Auckland,Give way,0,0,0,0,0,0,Urban,0,0,0,Fine,Null
1766146.3696,5907595.9815,729281,35,522301,0,0,0,1,0,North,2022/2023,EAST TAMAKI ROAD OFF RAMP,SOUTHERN MOTORWAY,,Non-Injury Crash,No,2023,0,North,0,0,0,Flat,1,,0,,0,Dark,666700,0,0,0,1,0,0,0,0,0,,0,0,Auckland Region,Motorway ramp,1-way,Sealed,0,0,0,0,100,0,On,0,0,,76,Auckland,Nil,0,0,0,0,0,0,Open,0,0,0,Fine,Null
1755587.4514,5928560.9897,729361,,508320,0,,0,0,,South,2022/2023,WAIRAU ROAD,CURRYS LANE,,Non-Injury Crash,No,2023,,South,,0,,Flat,,,,,,Overcast,198500,0,0,0,4,,,0,,,1,,,Auckland Region,Nil,2-way,Sealed,,0,0,,50,,Off,0,0,30,76,Auckland,Nil,,,,,0,0,Urban,0,,,Fine,Null
1754046.1005,5929545.7688,729376,,508420,0,0,0,2,0,South,2023/2024,ELLICE ROAD,GIRRAHWEEN DRIVE,,Non-Injury Crash,No,2023,0,North,0,0,1,Flat,0,Labour Weekend,0,,0,Dark,183000,0,0,0,2,0,0,0,0,1,,0,0,Auckland Region,Nil,2-way,Sealed,0,0,0,0,50,0,On,0,0,,76,Auckland,Nil,0,0,0,0,0,0,Urban,0,0,0,Fine,Null
1756398.7283,5912711.4093,729377,,518701,0,0,0,2,0,North,2022/2023,LITTLEJOHN STREET,HILLSBOROUGH ROAD,,Non-Injury Crash,No,2023,0,South,0,0,0,Flat,0,,0,,0,Overcast,572200,0,0,0,2,0,0,0,0,1,,0,0,Auckland Region,Nil,2-way,Sealed,0,0,0,0,50,0,None,0,0,,76,Auckland,Nil,0,0,0,0,0,0,Urban,0,0,0,Light rain,Null
1759736.5408,5916210.301,729416,,516002,0,,0,1,,North,2023/2024,SOUTHERN MOTORWAY,GREEN LANE EAST OFF RAMP,,Non-Injury Crash,Yes,2024,,South,,0,,Flat,,,,,,Twilight,492000,0,0,0,3,,,0,,,,,,Auckland Region,Nil,1-way,Sealed,,0,0,,100,,On,2,0,,76,Auckland,Nil,,,,,0,0,Open,0,,,Fine,Null
1768691.6464,5904534.1612,729432,,523722,0,,0,2,,East,2023/2024,REDOUBT ROAD,ANCONA LANE,,Non-Injury Crash,No,2023,,West,,0,,Hill Road,,,,,,Overcast,715917,0,0,0,5,,,0,,,,,,Auckland Region,Nil,2-way,Sealed,,0,0,,50,,Off,0,0,,76,Auckland,Nil,,,,,0,0,Urban,0,,,Fine,Null
1761738.428,5919576.9596,729433,,516400,0,,0,1,,Null,2023/2024,PAORA STREET,COATES AVENUE,,Minor Crash,No,2024,,South,,0,,Flat,,,,,,Bright sun,496700,1,0,0,2,,,0,,,,,,Auckland Region,Nil,2-way,Sealed,,0,0,,50,,Off,1,0,,76,Auckland,Stop,,,,,0,0,Urban,0,,,Fine,Null
1744914.0879,5919229.0884,729448,,513301,0,,0,1,,East,2023/2024,POMARIA ROAD,KINGDALE ROAD,,Minor Crash,No,2024,,West,,0,,Hill Road,,,,,,Dark,232101,1,0,0,2,,,0,,,,,,Auckland Region,Nil,2-way,Sealed,,0,0,,30,,On,1,0,,76,Auckland,Nil,,,,,0,0,Urban,1,,,Light rain,Null
1755483.2855,5928981.9933,729449,,508320,0,,0,3,,Null,2022/2023,TRISTRAM AVENUE OFF RAMP,TRISTRAM AVENUE,,Minor Crash,No,2023,,North,,0,,Flat,,,,,,Dark,198500,1,0,0,2,,,0,,,,,,Auckland Region,Nil,2-way,Sealed,,0,0,,50,,On,0,0,,76,Auckland,Traffic Signals,,,,,0,0,Urban,0,,,Fine,Null
1746723.6758,5914573.5965,729480,,511800,0,0,0,0,0,Null,2023/2024,AMBER CRESCENT,ORCHID RISE,,Non-Injury Crash,No,2024,0,East,0,0,0,Hill Road,0,,0,,0,Bright sun,277902,0,0,0,1,0,1,0,0,0,,0,0,Auckland Region,Nil,2-way,Sealed,0,0,0,0,30,0,None,1,0,,76,Auckland,Nil,0,0,0,0,0,0,Urban,0,0,0,Fine,Null
1763632.0657,5907853.4121,729489,,521902,0,0,0,1,0,North,2023/2024,HOSPITAL ROAD,HOSPITAL ENT N,,Non-Injury Crash,No,2023,0,North,0,0,0,Flat,0,,0,,0,Dark,786400,0,0,0,2,0,0,0,0,1,,0,0,Auckland Region,Nil,2-way,Sealed,0,0,0,0,50,0,On,0,0,,76,Auckland,Nil,0,0,0,0,0,0,Urban,1,0,0,Fine,Null
1764977.9896,5910562.1144,729520,,521801,0,0,0,1,0,South,2023/2024,SOUTHERN MOTORWAY,PRINCES ST-OTAHUHU ON RAMP,,Non-Injury Crash,Yes,2023,0,North,0,0,0,Flat,1,,0,,0,Twilight,787200,0,0,0,3,0,0,0,0,0,,0,0,Auckland Region,Nil,1-way,Sealed,0,0,0,0,100,0,On,0,0,,76,Auckland,Nil,0,0,0,0,0,0,Open,1,0,0,Fine,Null
1747111.1063,5913820.3617,729560,,511100,0,,0,2,,West,2023/2024,WEST COAST ROAD,GLENVIEW ROAD,,Non-Injury Crash,No,2023,,East,,0,,Flat,,Christmas New Year,,,,Bright sun,286200,0,0,0,4,,,0,,,,,,Auckland Region,Nil,2-way,Sealed,,0,0,,50,,Off,0,0,,76,Auckland,Nil,,,,,0,0,Urban,1,,,Fine,Null
1753757.0111,5945667.0377,729577,,505906,0,0,0,3,0,Null,2023/2024,WHANGAPARAOA ROAD,DOBELL ROAD,,Non-Injury Crash,No,2023,0,North,0,0,0,Hill Road,0,,0,,0,Bright sun,173806,0,0,0,2,0,0,0,0,1,,0,0,Auckland Region,Nil,2-way,Sealed,0,0,0,0,60,0,None,0,0,,76,Auckland,Give way,0,0,0,0,0,0,Urban,1,0,0,Fine,Null
1750206.5584,5956107.0371,729641,,506613,0,0,0,2,0,South,2023/2024,SH 1,TITFORDS BR,,Minor Crash,Yes,2023,0,Null,0,0,0,Hill Road,1,,0,,0,Overcast,147000,1,0,0,2,0,0,0,0,0,,0,0,Auckland Region,Nil,2-way,Sealed,0,0,0,0,80,0,None,0,0,,76,Auckland,Nil,0,0,0,0,0,0,Open,0,0,0,Fine,Null
1757774.9318,5918226.0275,729649,,515700,0,,0,2,,South,2022/2023,SOUTHERN MOTORWAY,MOUNTAIN OBR,,Non-Injury Crash,Yes,2023,,South,,0,,Flat,,,,,,Bright sun,443200,0,0,0,5,,,0,,,,,,Auckland Region,Motorway ramp,1-way,Sealed,,0,0,,80,,Off,1,0,,76,Auckland,Nil,,,,,0,0,Open,0,,,Fine,Null
1750370.5873,5913767.0836,729656,,511303,0,,0,2,,Null,2024/2025,CLARK STREET,WARD STREET,,Minor Crash,No,2024,,East,,0,,Flat,,,,,,Overcast,265002,1,0,0,4,,,0,,,,,,Auckland Region,Nil,2-way,Sealed,,0,0,,50,,Off,0,0,,76,Auckland,Traffic Signals,,,,,0,0,Urban,0,,,Fine,Null
1770475.9883,5914878.2363,729672,,521601,0,0,0,1,0,East,2023/2024,ANGELO AVENUE,WILLOUGHBY AVENUE,,Minor Crash,No,2023,0,North,0,0,1,Hill Road,0,,0,,1,Dark,644900,1,0,0,2,0,0,0,0,1,,0,0,Auckland Region,Nil,2-way,Unsealed,0,0,0,0,50,0,On,0,0,,76,Auckland,Nil,0,0,0,0,0,0,Urban,0,0,0,Fine,Null
1740693.1631,5927524.041,729673,,513701,0,,0,1,,Null,2022/2023,TAUPAKI ROAD,SH 16,,Non-Injury Crash,No,2023,,North,,0,,Flat,,Easter,,,,Overcast,220200,0,0,0,2,,,0,,,,,,Auckland Region,Nil,2-way,Sealed,,0,0,,60,,Off,0,0,,76,Auckland,Give way,,,,,1,0,Urban,0,,,Light rain,Null
1764810.4932,5911142.9921,729688,,520500,0,,0,1,,North,2022/2023,SOUTHERN MOTORWAY,OTAHUHU CK BR,,Non-Injury Crash,Yes,2023,,North,,0,,Flat,,,,,,Dark,636300,0,0,0,3,,,0,,,,,,Auckland Region,Nil,1-way,Sealed,,0,0,,100,,On,0,0,,76,Auckland,Nil,,,,,0,0,Open,0,,,Fine,Null