X,Y,OBJECTID,advisorySpeed,areaUnitID,bicycle,bridge,bus,carStationWagon,cliffBank,crashDirectionDescription,crashFinancialYear,crashLocation1,crashLocation2,crashRoadSideRoad,crashSeverity,crashSHDescription,crashYear,debris,directionRoleDescription,ditch,fatalCount,fence,flatHill,guardRail,holiday,houseOrBuilding,intersection,kerb,light,meshblockId,minorInjuryCount,moped,motorcycle,NumberOfLanes,objectThrownOrDropped,otherObject,otherVehicleType,overBank,parkedVehicle,pedestrian,phoneBoxEtc,postOrPole,region,roadCharacter,roadLane,roadSurface,roadworks,schoolBus,seriousInjuryCount,slipOrFlood,speedLimit,strayAnimal,streetLight,suv,taxi,temporarySpeedLimit,tlaId,tlaName,trafficControl,trafficIsland,trafficSign,train,tree,truck,unknownVehicleType,urban,vanOrUtility,vehicle,waterRiver,weatherA,weatherB
1761705.6312,5906525.3372,729704,,524112,0,,0,1,,Null,2023/2024,MASSEY ROAD,MASSEY ROAD ON RAMP,,Non-Injury Crash,No,2024,,North,,0,,Flat,,,,,,Dark,742300,0,0,0,5,,,0,,,,,,Auckland Region,Motorway ramp,2-way,Sealed,,0,0,,50,,On,0,0,,76,Auckland,Traffic Signals,,,,,0,0,Urban,1,,,Light rain,Null
1765371.0372,5904824.5193,729720,,522400,0,,0,1,,Null,2023/2024,WALLACE ROAD,PUHINUI ROAD,,Non-Injury Crash,No,2023,,South,,0,,Flat,,,,,,Dark,673303,0,0,0,2,,,0,,,,,,Auckland Region,Nil,2-way,Sealed,,0,0,,50,,On,0,0,,76,Auckland,Give way,,,,,0,1,Urban,0,,,Light rain,None
1777040.7271,5898886.1088,729721,,521301,0,1,0,1,0,East,2022/2023,PAPAKURA-CLEVEDON ROAD,PETERSONS ROAD,,Non-Injury Crash,No,2023,0,East,0,0,0,Hill Road,0,,0,,0,Dark,763700,0,0,0,2,0,0,0,0,0,,0,0,Auckland Region,Bridge,2-way,Sealed,0,0,0,0,80,0,None,0,0,,76,Auckland,Nil,0,0,0,0,0,0,Open,0,0,0,Light rain,Null
1761411.6871,5914334.6896,729752,,520202,0,,0,1,,Null,2022/2023,ELLERSLIE-PANMURE HWY OFF RAMP,ELLERSLIE-PANMURE HIGHWAY,,Non-Injury Crash,No,2023,,South,,0,,Flat,,,,,,Bright sun,612501,0,0,0,2,,,0,,,,,,Auckland Region,Nil,1-way,Sealed,,0,0,,50,,Off,0,0,,76,Auckland,Give way,,,,,0,0,Urban,0,,,Fine,None
1769201.3715,5902431.0747,729753,,524901,0,,0,0,,South,2022/2023,SOUTHERN MOTORWAY,PUHINUI STM BR,,Non-Injury Crash,Yes,2023,,North,,0,,Flat,,,,,,Overcast,755000,0,0,0,3,,,0,,,,,,Auckland Region,Nil,1-way,Sealed,,0,0,,100,,Off,0,0,,76,Auckland,Nil,,,,,0,0,Open,2,,,Fine,Null
1778983.6083,5915136.3165,729777,,523300,0,0,0,1,0,Null,2022/2023,MAHUTONGA AVENUE,KAHAWAIRAHI DRIVE,,Non-Injury Crash,No,2023,0,South,0,0,0,Flat,0,Christmas New Year,0,,1,Bright sun,718900,0,0,0,2,0,0,0,0,0,,0,0,Auckland Region,Nil,2-way,Sealed,0,0,0,0,50,0,Off,0,0,,76,Auckland,Give way,0,0,0,0,0,0,Urban,0,0,0,Fine,Null
1762350.8983,5918913.4027,729841,,516400,0,,0,2,,East,2022/2023,KEPA ROAD,BRENTON PLACE,,Non-Injury Crash,No,2023,,East,,0,,Hill Road,,,,,,Bright sun,497800,0,0,0,2,,,0,,,,,,Auckland Region,Nil,2-way,Sealed,,0,0,,50,,Off,0,1,,76,Auckland,Nil,,,,,0,0,Urban,0,,,Fine,Null
1753118.4062,5929007.3777,729881,,508411,0,0,0,1,0,North,2022/2023,SPINELLA DRIVE,MALIBU GROVE,,Non-Injury Crash,No,2023,0,South,0,0,0,Hill Road,0,Easter,0,,0,Dark,183906,0,0,0,2,0,0,0,0,1,,0,0,Auckland Region,Nil,2-way,Sealed,0,0,0,0,50,0,On,0,0,,76,Auckland,Nil,0,0,0,0,0,0,Urban,1,0,0,Fine,Null
1747483.681,5914711.2593,729889,,511100,0,,0,2,,Null,2022/2023,GREAT NORTH ROAD,GLENVIEW ROAD,,Non-Injury Crash,No,2023,,North,,0,,Hill Road,,,,,,Dark,284800,0,0,0,4,,,0,,,,,,Auckland Region,Nil,2-way,Sealed,,0,0,,50,,On,0,0,,76,Auckland,Traffic Signals,,,,,0,0,Urban,0,,,Light rain,Null
1753231.6514,5914848.4411,729920,,518801,0,,0,0,,Null,2024/2025,RICHARDSON ROAD,STODDARD ROAD,,Minor Crash,No,2025,,South,,0,,Flat,,,,,,Dark,578400,1,0,0,3,,,0,,,1,,,Auckland Region,Nil,2-way,Sealed,,0,0,,50,,On,1,0,,76,Auckland,Traffic Signals,,,,,0,0,Urban,0,,,Fine,Null
1753542.3031,5932567.4094,729928,,508805,0,,0,1,,South,2023/2024,NORTHERN MOTORWAY,ROSEDALE OBR,,Non-Injury Crash,Yes,2023,,South,,0,,Hill Road,,,,,,Dark,180866,0,0,0,2,,,0,,,,,,Auckland Region,Nil,1-way,Sealed,,0,0,,100,,On,0,0,,76,Auckland,Nil,,,,,0,0,Open,1,,,Heavy rain,Null
1760915.292,5919942.2737,729929,,516400,0,,0,2,,Null,2022/2023,TAMAKI DRIVE,NGAPIPI ROAD,,Minor Crash,No,2023,,East,,0,,Hill Road,,,,,,Bright sun,496500,1,0,0,4,,,0,,,,,,Auckland Region,Bridge,2-way,Sealed,,0,0,,50,,Off,0,0,,76,Auckland,Nil,,,,,0,0,Urban,1,,,Fine,Null
1760800.7595,5915402.5272,729952,,520201,0,,0,2,,South,2023/2024,SOUTHERN MOTORWAY,TECOMA STREET OFF RAMP,,Minor Crash,Yes,2024,,South,,0,,Flat,,,,,,Bright sun,613000,1,0,0,3,,,0,,,,,,Auckland Region,Motorway ramp,1-way,Sealed,,0,0,,100,,Off,0,0,,76,Auckland,Nil,,,,,0,0,Open,0,,,Fine,Null
1762885.2502,5903788.0874,729977,,524604,0,0,0,0,0,West,2022/2023,PUHINUI ROAD,PRICES ROAD,,Minor Crash,Yes,2023,0,East,0,0,0,Flat,1,,0,,0,Bright sun,781100,1,0,0,2,0,0,0,0,0,,0,0,Auckland Region,Nil,2-way,Sealed,0,0,0,0,60,0,Off,1,0,,76,Auckland,Nil,0,0,0,0,0,0,Urban,0,0,0,Fine,Null
1764479.4888,5906023.1281,730000,,524303,0,,0,0,,South,2023/2024,STATION ROAD,PEVERILL CRESCENT,,Minor Crash,No,2023,,South,,0,,Flat,,,,,,Bright sun,657602,1,0,1,2,,,0,,,,,,Auckland Region,Nil,2-way,Sealed,,0,0,,50,,Off,1,0,,76,Auckland,Nil,,,,,0,0,Urban,0,,,Fine,Null
1763464.7355,5912941.1461,730048,,520500,0,0,0,1,0,East,2022/2023,ARANUI ROAD,RUAWAI ROAD,,Non-Injury Crash,No,2023,0,East,0,0,0,Flat,0,,0,,0,Bright sun,637400,0,0,0,2,0,2,0,0,0,,0,0,Auckland Region,Nil,2-way,Sealed,0,0,0,0,50,0,Off,0,0,,76,Auckland,Nil,0,0,0,0,1,0,Urban,0,0,0,Fine,Null
1743780.9889,5916388.7833,730056,,513011,0,,0,2,,Null,2022/2023,PALOMINO DRIVE,SAN BERNADINO DRIVE,,Minor Crash,No,2023,,North,,0,,Hill Road,,,,,,Overcast,280704,2,0,0,2,,,0,,,,,,Auckland Region,Nil,2-way,Sealed,,0,0,,50,,Off,0,0,,76,Auckland,Give way,,,,,0,0,Urban,0,,,Fine,Null
1755093.7573,5914360.8055,730064,,518803,0,,0,2,,Null,2022/2023,MOUNT ALBERT ROAD,MOUNT ROSKILL ROAD,,Non-Injury Crash,No,2023,,South,,0,,Hill Road,,,,,,Bright sun,580000,0,0,0,2,,,0,,,,,,Auckland Region,Nil,2-way,Sealed,,0,0,,50,,Off,0,0,,76,Auckland,Stop,,,,,0,0,Urban,0,,,Fine,Null
1755581.0806,5918272.7734,730065,,517500,0,,0,3,,West,2023/2024,NORTH-WESTERN MOTORWAY,BOND OBR,,Minor Crash,Yes,2023,,West,,0,,Flat,,,,,,Dark,529700,2,0,0,4,,,0,,,,,,Auckland Region,Nil,1-way,Sealed,,0,0,,80,,On,0,0,,76,Auckland,Nil,,,,,0,0,Open,0,,,Fine,Null
1772703.998,5896110.5271,730096,,525410,0,,0,2,,Null,2023/2024,EAST STREET,WOOD STREET,,Non-Injury Crash,No,2024,,North,,0,,Flat,,,,,,Overcast,792202,0,0,0,2,,,0,,,,,,Auckland Region,Nil,2-way,Sealed,,0,0,,50,,Off,0,0,,76,Auckland,Stop,,,,,0,0,Urban,0,,,Fine,Null
1760410.7685,5915722.1454,730112,,516003,0,,0,2,,Null,2023/2024,SOUTHERN MOTORWAY,GREEN LANE EAST ON RAMP,,Non-Injury Crash,Yes,2023,,South,,0,,Flat,,,,,,Dark,494902,0,0,0,3,,,0,,,,,,Auckland Region,Nil,1-way,Sealed,,0,0,,100,,On,0,0,,76,Auckland,Nil,,,,,0,0,Open,0,,,Fine,Null
1729756.8377,5940368.7585,730145,,506800,0,,0,1,,Null,2023/2024,GARFIELD ROAD,AWAROA ROAD,,Non-Injury Crash,Yes,2023,,North,,0,,Flat,,,,,,Overcast,208500,0,0,0,2,,,0,,,,,,Auckland Region,Nil,2-way,Sealed,,0,0,,50,,Off,0,0,,76,Auckland,Give way,,,,,0,0,Urban,1,,,Fine,Null
1763859.6166,5915333.1157,730160,,520302,0,0,0,1,1,North,2023/2024,LUNN AVENUE,MARUA ROAD,,Non-Injury Crash,No,2023,0,North,0,0,0,Flat,0,,0,,0,Dark,625900,0,0,0,2,0,0,0,0,0,,0,0,Auckland Region,Nil,2-way,Sealed,0,0,0,0,50,0,On,0,0,,76,Auckland,Nil,0,0,0,0,0,0,Urban,0,0,0,Light rain,Null
1768589.0293,5903115.1138,730176,,524602,0,0,0,0,0,South,2023/2024,SOUTHERN MOTORWAY,AIRPORT OFF RAMP,,Non-Injury Crash,Yes,2023,0,North,0,0,0,Flat,1,,0,,0,Dark,780508,0,0,0,3,0,0,0,0,0,,0,0,Auckland Region,Nil,1-way,Sealed,0,0,0,0,100,0,On,0,0,,76,Auckland,Nil,0,0,0,0,1,0,Open,1,0,0,Fine,Null
1753769.5371,5917024.6372,730185,,517800,0,,0,1,,Null,2023/2024,NEW NORTH ROAD,KITENUI AVENUE,,Non-Injury Crash,No,2023,,West,,0,,Flat,,,,,,Overcast,526700,0,0,1,4,,,0,,,,,,Auckland Region,Nil,2-way,Sealed,,0,0,,50,,Off,0,0,,76,Auckland,Stop,,,,,0,0,Urban,0,,,Fine,Null
1747100.3843,5919758.8301,730192,,512300,0,,0,2,,West,2023/2024,NORTH-WESTERN MOTORWAY,TE ATATU OBR,,Non-Injury Crash,Yes,2023,,East,,0,,Flat,,,,,,Overcast,251700,0,0,0,3,,,0,,,,,,Auckland Region,Nil,1-way,Sealed,,0,0,,100,,Off,1,0,,76,Auckland,Nil,,,,,0,0,Open,0,,,Fine,Null
1754930.2858,5914516.7077,730193,,518500,0,,0,2,,Null,2023/2024,MONS AVENUE,MOUNT ALBERT ROAD,,Non-Injury Crash,No,2023,,South,,0,,Flat,,,,,,Bright sun,560300,0,0,0,2,,,0,,,,,,Auckland Region,Nil,2-way,Sealed,,0,0,,50,,Off,0,0,,76,Auckland,Stop,,,,,0,0,Urban,0,,,Fine,Null
1769995.9895,5899287.0971,730200,,523911,0,,0,2,,South,2023/2024,GREAT SOUTH ROAD,SPARTAN ROAD,,Non-Injury Crash,No,2024,,South,,0,,Flat,,,,,,Bright sun,768100,0,0,0,2,,,0,,,,,,Auckland Region,Motorway ramp,2-way,Sealed,,0,0,,50,,Off,0,0,,76,Auckland,Nil,,,,,0,0,Urban,0,,,Fine,Null
1766060.7329,5905519.3493,730217,,522400,0,0,0,3,0,South,2023/2024,CARRUTH ROAD,ELIZABETH AVENUE,,Non-Injury Crash,No,2023,0,North,0,0,0,Flat,0,,0,,0,Dark,671803,0,0,0,2,0,0,0,0,1,,0,0,Auckland Region,Nil,2-way,Unsealed,0,0,0,0,50,0,On,0,0,,76,Auckland,Nil,0,0,0,0,0,0,Urban,0,0,0,Fine,Null
1737112.3427,5960595.9564,730232,,506613,0,0,0,0,1,North,2022/2023,WEST COAST ROAD,PARKER ROAD,,Minor Crash,No,2023,0,North,0,0,0,Flat,0,,0,,0,Bright sun,146500,1,0,0,2,0,0,0,0,0,,0,0,Auckland Region,Nil,2-way,Sealed,0,0,0,0,100,0,None,1,0,,76,Auckland,Nil,0,0,0,0,0,0,Open,0,0,0,Fine,Null
1760950.2094,5915224.7469,730256,,520201,0,,0,3,,North,2023/2024,SOUTHERN MOTORWAY,MAIN OBR,,Non-Injury Crash,Yes,2023,,North,,0,,Flat,,,,,,Bright sun,613500,0,0,0,3,,,0,,,,,,Auckland Region,Nil,1-way,Sealed,,0,0,,100,,Off,0,0,,76,Auckland,Nil,,,,,0,0,Open,0,,,Fine,Null
1751255.1336,5915257.3165,730257,,514401,0,0,0,1,0,East,2023/2024,CRAYFORD STREET WEST,GREAT NORTH ROAD,,Non-Injury Crash,No,2023,0,South,0,0,0,Flat,0,,1,,1,Twilight,382700,0,0,0,2,0,0,0,0,0,,0,0,Auckland Region,Nil,2-way,Sealed,0,0,0,0,50,0,Off,0,0,,76,Auckland,Nil,0,0,0,0,0,0,Urban,0,0,0,Fine,Null
1763420.7133,5904897.3785,730265,,524604,0,,0,0,,North,2023/2024,SOUTH-WESTERN MOTORWAY,PUHINUI ROAD-SH 20B ON RAMP,,Non-Injury Crash,Yes,2024,,North,,0,,Flat,,,,,,Bright sun,780902,0,0,0,2,,,0,,,,,,Auckland Region,Nil,1-way,Sealed,,0,0,,100,,Off,0,0,,76,Auckland,Nil,,,,,1,0,Open,1,,,Fine,Null
1767316.0217,5904763.4042,730279,,524604,0,0,0,2,0,Null,2023/2024,OFFROAD - PAK N SAVE CAR PARK ,,,Minor Crash,No,2023,0,West,0,0,0,Flat,0,,0,,0,Bright sun,780209,1,0,0,,0,0,0,0,1,,0,0,Auckland Region,Nil,Off road,Sealed,0,0,0,0,,0,Off,1,0,,76,Auckland,Nil,0,0,0,0,0,0,Urban,0,0,0,Fine,Strong wind
1745497.9905,5920329.8941,730320,,513301,0,,0,2,,West,2023/2024,CENTRAL PARK DRIVE,SOLJAN DRIVE,,Minor Crash,No,2024,,East,,0,,Flat,,,,,,Bright sun,230301,1,0,0,3,,,0,,,,,,Auckland Region,Nil,2-way,Sealed,,0,0,,50,,Off,0,0,,76,Auckland,Nil,,,,,0,0,Urban,1,,,Fine,Null
1755404.878,5929363.3713,730328,,508510,0,,0,1,,South,2023/2024,NORTHERN MOTORWAY,TRISTRAM AVENUE OFF RAMP,,Minor Crash,Yes,2024,,South,,0,,Flat,,Easter,,,,Bright sun,194300,1,0,0,3,,,0,,,,,,Auckland Region,Nil,1-way,Sealed,,0,0,,100,,Off,0,0,,76,Auckland,Nil,,,,,0,0,Open,1,,,Fine,Null
1764022.7177,5920338.8371,730335,,516500,0,0,0,5,0,Null,2023/2024,KOHIMARAMA ROAD,TAMAKI DRIVE,,Non-Injury Crash,No,2024,0,South,0,0,0,Flat,0,,0,,0,Dark,501102,0,0,0,2,0,0,0,0,3,,0,0,Auckland Region,Nil,2-way,Sealed,0,0,0,0,50,0,On,0,0,,76,Auckland,Stop,0,0,0,0,0,0,Urban,0,0,0,Fine,Null
1745745.6587,5919476.0565,730375,,513301,0,,0,1,,Null,2023/2024,OFF ROAD - CARPARK,,,Minor Crash,No,2024,,South,,0,,Flat,,Easter,,,,Bright sun,230500,1,0,0,,,,0,,,1,,,Auckland Region,Nil,Off road,Sealed,,0,0,,10,,Off,0,0,,76,Auckland,Nil,,,,,0,0,Urban,0,,,Fine,Null
1742779.8382,5926584.6881,730376,,513410,0,,0,2,,East,2023/2024,BRIGHAM CREEK ROAD,BRIGHAM CREEK ROAD,,Minor Crash,No,2024,,West,,0,,Flat,,,,,,Bright sun,220000,2,0,0,2,,,0,,,,,,Auckland Region,Nil,1-way,Sealed,,0,0,,60,,On,0,0,,76,Auckland,Nil,,,,,0,0,Urban,0,,,Fine,Null
1762764.9046,5912970.6176,730392,,520500,0,,0,1,,South,2022/2023,SOUTHERN MOTORWAY,SOUTH-EASTERN HWY ON RAMP,,Non-Injury Crash,Yes,2023,,West,,0,,Flat,,,,,,Twilight,637300,0,0,0,4,,,0,,,,,,Auckland Region,Nil,1-way,Sealed,,0,0,,100,,On,0,0,,76,Auckland,Nil,,,,,0,0,Open,1,,,Fine,Null
1751661.4844,5934296.0249,730399,,508701,0,,0,2,,West,2023/2024,OTEHA VALLEY ROAD EXTENSION,OTEHA VALLEY ROAD,,Minor Crash,No,2024,,West,,0,,Flat,,Easter,,,,Bright sun,178501,3,0,0,2,,,0,,,,,,Auckland Region,Nil,2-way,Sealed,,0,0,,50,,Off,0,0,,76,Auckland,Nil,,,,,0,0,Urban,0,,,Fine,Null
1772344.117,5914240.3875,730400,,521602,0,,0,2,,Null,2023/2024,COOK STREET,MINERVA TERRACE,,Non-Injury Crash,No,2023,,North,,0,,Flat,,,,,,Overcast,649800,0,0,0,6,,,0,,,,,,Auckland Region,Nil,2-way,Sealed,,0,0,,50,,Off,0,0,,76,Auckland,Give way,,,,,0,0,Urban,0,,,Light rain,Null
1765214.3432,5917476.3661,730415,,517001,0,0,0,3,0,South,2023/2024,APIRANA AVENUE,EASTVIEW ROAD,,Non-Injury Crash,No,2024,0,North,0,0,0,Flat,0,,0,,0,Bright sun,475600,0,0,0,2,0,0,0,0,1,,0,0,Auckland Region,Nil,2-way,Sealed,0,0,0,0,50,0,Off,1,0,,76,Auckland,Nil,0,0,0,0,0,0,Urban,1,0,0,Fine,Null
1757905.8412,5918073.1427,730463,,515700,0,,0,2,,South,2023/2024,SOUTHERN MOTORWAY,MAUNGAWHAU OBR,,Non-Injury Crash,Yes,2024,,North,,0,,Flat,,,,,,Bright sun,443700,0,0,0,4,,,0,,,,,,Auckland Region,Nil,1-way,Sealed,,0,0,,80,,Off,0,0,,76,Auckland,Nil,,,,,0,0,Open,0,,,Fine,Null
1757423.7578,5918786.2755,730487,,514302,0,,0,2,,South,2023/2024,SOUTHERN MOTORWAY,PORT TO SOUTHERN LINK,,Non-Injury Crash,Yes,2024,,South,,0,,Flat,,,,,,Overcast,442500,0,0,0,4,,,0,,,,,,Auckland Region,Motorway ramp,1-way,Sealed,,0,0,,80,,Off,0,0,,76,Auckland,Nil,,,,,0,0,Open,2,,,Fine,Null
1766201.9037,5899417.4868,730495,,524812,0,0,0,2,0,North,2024/2025,WEYMOUTH ROAD,HANAN PLACE,,Minor Crash,No,2024,0,South,0,0,0,Flat,0,,0,,0,Twilight,774003,1,0,0,2,0,0,0,0,2,,0,0,Auckland Region,Nil,2-way,Sealed,0,0,0,0,50,0,Off,0,0,,76,Auckland,Nil,0,0,0,0,1,0,Urban,0,0,0,Fine,Null
1768260.629,5902274.786,730504,,525001,0,,0,2,,South,2022/2023,GREAT SOUTH ROAD,ORAMS ROAD,,Non-Injury Crash,No,2023,,South,,0,,Flat,,,,,,Dark,750800,0,0,0,2,,,0,,,,,,Auckland Region,Nil,2-way,Sealed,,0,0,,50,,On,0,0,,76,Auckland,Nil,,,,,0,0,Urban,0,,,Fine,Null
1751154.8633,5915878.1731,730560,,514401,0,,0,2,,Null,2022/2023,GREAT NORTH ROAD,HENRY STREET,,Non-Injury Crash,No,2023,,North,,0,,Hill Road,,,,,,Overcast,381801,0,0,0,2,,,0,,,,,,Auckland Region,Nil,2-way,Sealed,,0,0,,50,,Off,0,0,,76,Auckland,Traffic Signals,,,,,0,0,Urban,0,,,Light rain,Null
1774521.9419,5896588.8289,730567,,525610,0,0,0,1,0,Null,2023/2024,SHEEHAN AVENUE,VALENTINE STREET,,Non-Injury Crash,No,2024,0,West,0,0,0,Flat,0,,0,,0,Overcast,798600,0,0,0,2,0,0,0,0,0,,0,1,Auckland Region,Nil,2-way,Sealed,0,0,0,0,50,0,None,0,0,,76,Auckland,Give way,0,0,0,0,0,0,Urban,0,0,0,Fine,Null
1759754.2146,5916178.9962,730575,,516002,0,,0,1,,West,2023/2024,SOUTHERN MOTORWAY,GREEN LANE EAST ON RAMP,,Non-Injury Crash,Yes,2023,,North,,0,,Flat,,,,,,Bright sun,492000,0,0,0,4,,,0,,,,,,Auckland Region,Nil,1-way,Sealed,,0,0,,100,,Off,0,0,,76,Auckland,Nil,,,,,1,0,Open,0,,,Fine,Null
1772166.3626,5894822.6988,730599,,525530,0,,0,1,,Null,2024/2025,EDINBURGH AVENUE,ORCHARD RISE,,Serious Crash,No,2024,,North,,0,,Flat,,,,,,Bright sun,805000,0,0,0,2,,,0,,,1,,,Auckland Region,Nil,2-way,Sealed,,0,1,,30,,Null,0,0,,76,Auckland,Give way,,,,,0,0,Urban,0,,,Fine,Null
1768350.7911,5909208.3117,730607,,523112,0,0,0,1,0,West,2023/2024,KERWYN AVENUE,SPRINGS ROAD,,Non-Injury Crash,No,2023,0,West,0,0,0,Flat,0,,0,,0,Bright sun,711600,0,0,0,2,0,0,0,0,1,,0,0,Auckland Region,Nil,2-way,Sealed,0,0,0,0,50,0,Off,0,0,,76,Auckland,Nil,0,0,0,0,0,0,Urban,1,0,0,Fine,Null
1745016.5244,5913877.8566,730623,,512906,0,0,0,2,0,Null,2023/2024,GLENGARRY ROAD,SELO STREET,,Non-Injury Crash,No,2024,0,North,0,0,0,Flat,0,,0,,0,Dark,278302,0,0,0,2,0,0,0,0,1,,0,0,Auckland Region,Nil,2-way,Sealed,0,0,0,0,50,0,On,1,0,,76,Auckland,Nil,0,0,0,0,0,0,Urban,0,0,0,Fine,Null
1750846.0648,5914701.1204,730648,,514402,0,,1,0,,South,2023/2024,GREAT NORTH ROAD,LARCH STREET,,Minor Crash,No,2023,,North,,0,,Flat,,,,,,Bright sun,381102,1,0,1,4,,,0,,,,,,Auckland Region,Nil,2-way,Sealed,,1,0,,50,,Off,0,0,,76,Auckland,Nil,,,,,0,0,Urban,0,,,Fine,Null
1759465.0872,5911785.0229,730695,,519820,0,,0,1,,Null,2023/2024,NEILSON STREET,NEILSON STREET,,Non-Injury Crash,No,2024,,West,,0,,Flat,,,,,,Overcast,602401,0,0,0,4,,,0,,,,,,Auckland Region,Nil,2-way,Sealed,,0,0,,50,,Off,0,0,,76,Auckland,Nil,,,,,0,0,Urban,0,,,Fine,Null
1756113.8386,5917652.0998,730703,,518102,1,,0,1,,North,2024/2025,DOMINION ROAD,CARRICK PLACE,,Minor Crash,No,2024,,South,,0,,Flat,,,,,,Bright sun,545900,1,0,0,4,,,0,,,,,,Auckland Region,Nil,2-way,Sealed,,0,0,,50,,Off,0,0,,76,Auckland,Nil,,,,,0,0,Urban,0,,,Fine,Null
1759004.2399,5903788.2961,730704,,524200,0,,0,1,,West,2022/2023,TERMINAL EXIT ROAD,GEORGE BOLT MEMORIAL DRIVE,,Non-Injury Crash,No,2023,,East,,0,,Flat,,,,,,Dark,727200,0,0,0,4,,,0,,,,,,Auckland Region,Nil,1-way,Sealed,,0,0,,50,,On,0,2,,76,Auckland,Nil,,,,,0,0,Urban,1,,,Heavy rain,Null
1769228.8925,5904707.2951,730712,,523820,0,0,0,1,0,Null,2023/2024,REDOUBT ROAD,BARTELLS DRIVE,,Non-Injury Crash,No,2023,1,West,0,0,1,Hill Road,0,,0,,1,Dark,759903,0,0,0,2,0,0,0,0,0,,0,1,Auckland Region,Nil,2-way,Sealed,0,0,0,0,50,0,On,0,0,,76,Auckland,Nil,0,0,0,1,0,0,Urban,0,0,0,Fine,Null
1763616.8015,5904685.2184,730719,,524604,0,0,0,1,0,North,2023/2024,SOUTH-WESTERN MOTORWAY,PUHINUI ROAD-SH 20B ON RAMP,,Non-Injury Crash,Yes,2024,0,North,0,0,0,Flat,1,,0,,0,Dark,780902,0,0,0,2,0,0,0,0,0,,0,0,Auckland Region,Nil,1-way,Sealed,0,0,0,0,100,0,On,1,0,,76,Auckland,Nil,0,0,0,0,0,0,Open,0,0,0,Fine,Null
1770733.9373,5913248.1542,730744,,523101,0,0,0,2,0,South,2022/2023,BOTANY ROAD,PINEWOOD GROVE,,Non-Injury Crash,No,2023,0,South,0,0,2,Hill Road,0,,0,,0,Dark,710512,0,0,0,2,0,0,0,0,2,,0,1,Auckland Region,Nil,2-way,Sealed,0,0,0,0,50,0,On,0,0,,76,Auckland,Nil,0,0,0,0,0,0,Urban,1,0,0,Light rain,Null
1745534.9221,5925700.8628,730760,,513410,0,,0,1,,South,2023/2024,UPPER HARBOUR MOTORWAY,BRIGHAM CREEK ROAD ON RAMP,,Non-Injury Crash,Yes,2023,,South,,0,,Flat,,,,,,Dark,223801,0,0,0,2,,,0,,,,,,Auckland Region,Nil,1-way,Sealed,,0,0,,100,,On,0,0,,76,Auckland,Nil,,,,,0,0,Open,1,,,Fine,Null
1761730.4009,5916848.3741,730775,,516003,0,0,0,1,0,Null,2023/2024,REMUERA ROAD,NGAPUHI ROAD,,Non-Injury Crash,No,2023,0,West,0,0,1,Hill Road,0,,0,,0,Bright sun,495400,0,0,0,3,0,0,0,0,1,,0,0,Auckland Region,Nil,2-way,Sealed,0,0,0,0,50,0,Off,0,0,,76,Auckland,Stop,0,0,0,0,0,0,Urban,1,0,0,Fine,Null
1757207.2427,5929225.0812,730776,,507800,0,0,0,1,0,South,2023/2024,EAST COAST ROAD,ARGYLE TERRACE,,Non-Injury Crash,No,2023,0,South,0,0,0,Hill Road,1,,0,,0,Dark,307100,0,0,0,2,0,0,0,0,0,,0,0,Auckland Region,Nil,2-way,Sealed,0,0,0,0,50,0,On,0,0,,76,Auckland,Nil,0,0,0,0,0,0,Urban,0,0,0,Fine,Null
1767960.6629,5903438.4772,730791,45,524602,0,0,0,2,0,North,2022/2023,GREAT SOUTH ROAD,KERRS ROAD,,Non-Injury Crash,No,2023,0,South,0,0,0,Flat,0,Queens Birthday,0,,0,Dark,780506,0,0,0,4,0,0,0,0,1,,0,0,Auckland Region,Nil,2-way,Sealed,0,0,0,0,60,0,On,0,0,,76,Auckland,Nil,0,0,0,0,0,0,Urban,0,0,0,Fine,Null
1744096.1355,5947847.2371,730815,,506614,0,0,0,0,0,North,2023/2024,WAINUI ROAD,JOBLIN ROAD,,Serious Crash,No,2024,0,West,1,0,0,Hill Road,0,,0,,0,Bright sun,177402,0,0,1,2,0,0,0,0,0,,0,0,Auckland Region,Nil,2-way,Sealed,0,0,1,0,100,0,Off,0,0,,76,Auckland,Nil,0,0,0,0,0,0,Open,0,0,0,Fine,Null
1747438.3521,5919591.2726,730823,,512300,0,,0,1,,West,2023/2024,NORTH-WESTERN MOTORWAY,TE ATATU ROAD ON RAMP,,Non-Injury Crash,Yes,2023,,East,,0,,Flat,,,,,,Overcast,252000,0,0,0,4,,,0,,,,,,Auckland Region,Nil,1-way,Sealed,,0,0,,100,,Off,0,0,,76,Auckland,Nil,,,,,0,0,Open,1,,,Light rain,Null
1750989.6429,5925524.6689,730832,,510020,0,0,0,1,0,Null,2023/2024,RANGATIRA ROAD,GEMINI PLACE,,Minor Crash,No,2024,0,North,0,0,0,Flat,0,,0,,0,Dark,345200,1,0,0,2,0,0,0,0,1,,0,0,Auckland Region,Nil,2-way,Sealed,0,0,0,0,50,0,On,0,0,,76,Auckland,Nil,0,0,0,0,0,0,Urban,1,0,0,Fine,Null
1758749.0822,5911701.913,730864,,519810,0,,0,2,,South,2022/2023,GLOUCESTER PARK ROAD,NEILSON STREET,,Minor Crash,No,2023,,South,,0,,Flat,,,,,,Bright sun,602200,1,0,0,3,,,0,,,,,,Auckland Region,Nil,1-way,Sealed,,0,0,,50,,Off,0,0,,76,Auckland,Nil,,,,,0,0,Urban,0,,,Fine,Null