X,Y,OBJECTID,advisorySpeed,areaUnitID,bicycle,bridge,bus,carStationWagon,cliffBank,crashDirectionDescription,crashFinancialYear,crashLocation1,crashLocation2,crashRoadSideRoad,crashSeverity,crashSHDescription,crashYear,debris,directionRoleDescription,ditch,fatalCount,fence,flatHill,guardRail,holiday,houseOrBuilding,intersection,kerb,light,meshblockId,minorInjuryCount,moped,motorcycle,NumberOfLanes,objectThrownOrDropped,otherObject,otherVehicleType,overBank,parkedVehicle,pedestrian,phoneBoxEtc,postOrPole,region,roadCharacter,roadLane,roadSurface,roadworks,schoolBus,seriousInjuryCount,slipOrFlood,speedLimit,strayAnimal,streetLight,suv,taxi,temporarySpeedLimit,tlaId,tlaName,trafficControl,trafficIsland,trafficSign,train,tree,truck,unknownVehicleType,urban,vanOrUtility,vehicle,waterRiver,weatherA,weatherB
1753902.5057,5924806.7878,730871,,510401,0,,0,2,,Null,2023/2024,HIGHBURY BYPASS,BIRKENHEAD AVENUE,,Minor Crash,No,2024,,East,,0,,Flat,,,,,,Dark,350905,1,0,0,4,,,0,,,,,,Auckland Region,Nil,2-way,Sealed,,0,0,,50,,On,0,0,,76,Auckland,Traffic Signals,,,,,0,0,Urban,0,,,Light rain,Null
1753681.5925,5932089.1785,730879,,508805,0,,0,1,,North,2023/2024,NORTHERN MOTORWAY,UPPER HARBOUR HIGHWAY,,Minor Crash,Yes,2024,,South,,0,,Flat,,,,,,Twilight,180813,1,0,0,2,,,0,,,,,,Auckland Region,Nil,1-way,Sealed,,0,0,,100,,On,0,0,,76,Auckland,Nil,,,,,1,0,Open,1,,,Fine,Null
1761315.3713,5906841.7666,730888,,524112,0,,0,0,,North,2022/2023,SOUTH-WESTERN MOTORWAY,MASSEY ROAD ON RAMP,,Minor Crash,Yes,2023,,North,,0,,Flat,,,,,,Bright sun,742201,2,0,0,2,,,0,,,,,,Auckland Region,Nil,1-way,Sealed,,0,0,,100,,None,1,0,,76,Auckland,Nil,,,,,0,0,Open,1,,,Fine,Null
1745445.1116,5917261.174,730903,,510700,0,,0,2,,Null,2023/2024,RATANUI STREET,GREAT NORTH ROAD,,Non-Injury Crash,No,2023,,South,,0,,Flat,,,,,,Dark,239900,0,0,0,2,,,0,,,,,,Auckland Region,Nil,2-way,Sealed,,0,0,,50,,On,0,0,,76,Auckland,Traffic Signals,,,,,0,0,Urban,0,,,Fine,Null
1763910.3911,5912493.4918,730911,,520500,0,,0,2,,Null,2023/2024,MOUNT WELLINGTON HIGHWAY,MOUNT WELLINGTON HWY OFF RAMP,,Non-Injury Crash,No,2023,,South,,0,,Flat,,,,,,Bright sun,639500,0,0,0,6,,,0,,,,,,Auckland Region,Motorway ramp,2-way,Sealed,,0,0,,50,,Off,0,0,,76,Auckland,Traffic Signals,,,,,0,0,Urban,0,,,Fine,Null
1752167.9459,5932470.4677,730919,,508807,0,,0,2,,Null,2023/2024,ROSEDALE ROAD,BUSH ROAD,,Non-Injury Crash,No,2023,,West,,0,,Flat,,,,,,Dark,180810,0,0,0,5,,,0,,,,,,Auckland Region,Nil,2-way,Sealed,,0,0,,50,,On,0,0,,76,Auckland,Traffic Signals,,,,,0,0,Urban,0,,,Fine,Null
1776802.4903,5886935.1643,730920,45,521132,0,0,0,1,1,West,2023/2024,ARARIMU ROAD,PRATTS ROAD,,Minor Crash,No,2023,0,East,0,0,0,Hill Road,0,,0,,0,Overcast,814402,1,0,0,2,0,0,0,0,0,,0,0,Auckland Region,Nil,2-way,Sealed,0,0,0,0,80,0,None,0,0,,76,Auckland,Nil,0,0,0,0,0,0,Open,0,0,0,Fine,Null
1757968.5157,5927283.8617,730936,,508010,0,,0,2,,Null,2023/2024,ANZAC STREET,LAKE ROAD,,Non-Injury Crash,No,2023,,North,,0,,Flat,,,,,,Twilight,327300,0,0,0,1,,,0,,,,,,Auckland Region,Nil,1-way,Sealed,,0,0,,50,,Off,0,0,,76,Auckland,Give way,,,,,0,0,Urban,0,,,Fine,Null
1769964.0707,5913177.8176,730943,,523101,0,,0,1,,South,2023/2024,AVIEMORE DRIVE,BRADBURY ROAD,,Non-Injury Crash,No,2023,,North,,0,,Hill Road,,,,,,Dark,681323,0,0,0,2,,,0,,,,,,Auckland Region,Nil,2-way,Sealed,,0,0,,60,,On,0,0,,76,Auckland,Nil,,,,,0,1,Urban,0,,,Fine,Null
1762165.784,5913676.1535,730968,,520500,0,,0,0,,North,2023/2024,SOUTHERN MOTORWAY,PENROSE OBR,,Minor Crash,Yes,2024,,North,,0,,Flat,,,,,,Bright sun,637000,1,0,1,3,,,0,,,,,,Auckland Region,Nil,1-way,Sealed,,0,0,,100,,Off,0,0,,76,Auckland,Nil,,,,,0,0,Open,1,,,Fine,Null
1759670.9246,5920493.2525,730984,,515902,0,0,0,1,0,East,2023/2024,TAMAKI DRIVE,SOLENT STREET,,Minor Crash,No,2024,0,East,0,0,0,Flat,0,,0,,0,Overcast,454800,2,0,0,4,0,0,0,0,1,,0,0,Auckland Region,Nil,2-way,Sealed,0,0,0,0,50,0,Off,1,0,,76,Auckland,Nil,0,0,0,0,0,0,Urban,0,0,0,Fine,Null
1756097.5394,5923729.4423,730992,,509800,0,,0,2,,South,2023/2024,NORTHERN MOTORWAY,WEIGH BRIDGE,,Non-Injury Crash,Yes,2023,,South,,0,,Flat,,,,,,Bright sun,358800,0,0,0,5,,,0,,,,,,Auckland Region,Nil,1-way,Sealed,,0,0,,80,,Off,0,0,,76,Auckland,Nil,,,,,0,0,Open,0,,,Fine,Null
1751172.2619,5925291.4283,731007,,510020,0,0,0,2,0,South,2023/2024,RANGATIRA ROAD,MARINERS VIEW ROAD,,Non-Injury Crash,No,2024,0,South,0,0,0,Hill Road,0,,0,,0,Dark,346200,0,0,0,2,0,0,0,0,1,,0,0,Auckland Region,Nil,2-way,Sealed,0,0,0,0,50,0,On,0,0,,76,Auckland,Nil,0,0,0,0,0,0,Urban,0,0,0,Fine,Null
1761319.2786,5906837.772,731008,,524112,0,,0,1,,North,2022/2023,SOUTH-WESTERN MOTORWAY,MASSEY ROAD ON RAMP,,Non-Injury Crash,Yes,2023,,North,,0,,Hill Road,,,,,,Bright sun,742201,0,0,0,2,,,0,,,,,,Auckland Region,Nil,1-way,Sealed,,0,0,,100,,Off,0,0,,76,Auckland,Nil,,,,,1,0,Open,0,,,Fine,Null
1746833.6326,5926147.6065,731015,,513432,0,,0,2,,South,2023/2024,HOBSONVILLE ROAD,SINTON ROAD EAST,,Minor Crash,No,2023,,North,,0,,Flat,,,,,,Dark,222901,3,0,0,2,,,0,,,,,,Auckland Region,Nil,2-way,Sealed,,0,0,,50,,On,1,0,,76,Auckland,Nil,,,,,0,0,Urban,0,,,Fine,Frost
1770743.3657,5897235.5971,731024,,523912,0,,0,2,,North,2022/2023,SOUTHERN MOTORWAY,PAHUREHURE NO 2 BR,,Non-Injury Crash,Yes,2023,,North,,0,,Flat,,Queens Birthday,,,,Bright sun,767803,0,0,0,3,,,0,,,,,,Auckland Region,Nil,1-way,Sealed,,0,0,,100,,Off,0,0,,76,Auckland,Nil,,,,,0,0,Open,0,,,Fine,Null
1773910.8463,5897846.387,731031,,523912,0,,0,2,,Null,2023/2024,COSGRAVE ROAD,TUMU ROAD,,Minor Crash,No,2023,,South,,0,,Flat,,,,,,Overcast,765500,2,0,0,2,,,0,,,,,,Auckland Region,Nil,2-way,Sealed,,0,0,,60,,Off,0,0,,76,Auckland,Give way,,,,,0,0,Urban,0,,,Fine,Null
1748900.6252,5938519.0348,731032,,506300,1,,0,0,,East,2023/2024,DAIRY FLAT HIGHWAY,GOODLAND DRIVE,,Serious Crash,No,2024,,West,,0,,Flat,,,,,,Bright sun,176004,0,0,0,2,,,0,,,,,,Auckland Region,Nil,2-way,Sealed,,0,1,,80,,None,0,0,,76,Auckland,Nil,,,,,1,0,Open,0,,,Fine,Null
1779316.9213,5914779.4039,731039,,523300,0,0,0,1,0,South,2022/2023,WHITFORD MARAETAI ROAD,JACK LACHLAN DRIVE,,Non-Injury Crash,No,2023,0,South,0,0,0,Hill Road,0,,0,,0,Dark,718900,0,0,0,2,0,0,0,0,0,,0,1,Auckland Region,Nil,2-way,Sealed,0,0,0,0,80,0,On,0,0,,76,Auckland,Nil,0,0,0,0,0,0,Open,0,0,0,Fine,Null
1773560.2119,5897204.7208,731072,,525630,0,0,0,3,0,North,2023/2024,GROVE ROAD,HILL CRESCENT,,Non-Injury Crash,No,2023,0,South,0,0,0,Flat,0,,0,,0,Bright sun,795400,0,0,0,2,0,0,0,0,1,2,0,0,Auckland Region,Nil,2-way,Sealed,0,0,0,0,50,0,None,0,0,,76,Auckland,Nil,0,0,0,0,0,0,Urban,0,0,0,Fine,Null
1753081.7912,5973784.8086,731080,,506661,0,,0,1,,North,2023/2024,MATAKANA ROAD,OAK RIVER DRIVE,,Non-Injury Crash,No,2023,,North,,0,,Flat,,,,,,Overcast,139700,0,0,0,2,,,0,,,,,,Auckland Region,Bridge,2-way,Sealed,,0,0,,80,,Off,0,0,,76,Auckland,Nil,,,,,0,0,Open,0,,,Fine,Null
1745714.5163,5916577.17,731088,,510800,0,0,0,1,0,North,2023/2024,NEWINGTON ROAD,VIEW ROAD,,Non-Injury Crash,No,2023,0,North,0,0,0,Flat,0,,0,,0,Bright sun,243700,0,0,0,2,0,0,0,0,1,,0,0,Auckland Region,Nil,2-way,Sealed,0,0,0,0,50,0,Off,1,0,,76,Auckland,Nil,0,0,0,0,0,0,Urban,0,0,0,Fine,Null
1756136.1604,5923912.4197,731104,,509800,0,,0,1,,South,2023/2024,NORTHERN MOTORWAY,WEIGH BRIDGE,,Non-Injury Crash,Yes,2023,,South,,0,,Flat,,,,,,Bright sun,361200,0,0,0,4,,,0,,,,,,Auckland Region,Nil,1-way,Sealed,,0,0,,80,,None,0,0,,76,Auckland,Nil,,,,,0,0,Open,1,,,Fine,Null
1767436.2196,5907637.0318,731111,,523602,0,,0,2,,Null,2022/2023,EAST TAMAKI ROAD,FERGUSON ROAD,,Non-Injury Crash,No,2023,,West,,0,,Hill Road,,Queens Birthday,,,,Overcast,709900,0,0,0,4,,,0,,,,,,Auckland Region,Nil,2-way,Sealed,,0,0,,50,,Off,0,0,,76,Auckland,Traffic Signals,,,,,0,0,Urban,0,,,Fine,Null
1755399.5334,5929326.33,731119,,508420,0,0,0,1,0,Null,2023/2024,NORTHERN MOTORWAY,TRISTRAM AVENUE ON RAMP,,Minor Crash,Yes,2024,0,North,0,0,0,Flat,0,Easter,0,,0,Twilight,183800,1,0,0,4,0,0,0,0,0,,0,1,Auckland Region,Nil,1-way,Sealed,0,0,0,0,100,0,Off,0,0,,76,Auckland,Nil,0,0,0,0,0,0,Open,0,0,0,Fine,Null
1756115.5301,5918740.1518,731135,,515500,0,0,0,2,0,South,2023/2024,NORTH-WESTERN MOTORWAY,WAIMA FTBR,,Minor Crash,Yes,2024,0,North,0,0,0,Flat,1,,0,,0,Bright sun,417600,1,0,0,4,0,0,0,0,0,,0,0,Auckland Region,Nil,1-way,Sealed,0,0,0,0,80,0,Off,1,0,,76,Auckland,Nil,0,0,0,0,0,0,Open,1,0,0,Fine,Null
1741999.594,5926870.9017,731136,,513410,0,0,0,1,0,East,2023/2024,SH 16,BRIGHAM CK BR,,Non-Injury Crash,Yes,2023,0,East,1,0,0,Hill Road,0,Christmas New Year,0,,0,Bright sun,220000,0,0,0,2,0,0,0,0,0,,0,1,Auckland Region,Nil,2-way,Sealed,0,0,0,0,80,0,Off,0,0,,76,Auckland,Nil,0,0,0,0,0,0,Open,0,0,0,Fine,Null
1757629.9068,5920857.6084,731143,,514103,0,,1,1,,Null,2023/2024,COMMERCE STREET,CUSTOMS STREET EAST,,Non-Injury Crash,No,2023,,North,,0,,Flat,,,,,,Twilight,438104,0,0,0,2,,,0,,,,,,Auckland Region,Nil,2-way,Sealed,,0,0,,30,,On,0,0,,76,Auckland,Traffic Signals,,,,,0,0,Urban,0,,,Light rain,None
1764298.8409,5920045.3,731144,,516601,0,0,0,2,0,East,2023/2024,SPEIGHT ROAD,AVERILL AVENUE,,Non-Injury Crash,No,2023,0,East,0,0,0,Flat,0,,0,,0,Bright sun,504100,0,0,0,2,0,0,0,0,1,,0,0,Auckland Region,Nil,2-way,Sealed,0,0,0,0,50,0,Null,0,0,,76,Auckland,Nil,0,0,0,0,0,0,Urban,0,0,0,Fine,Null
1760975.7655,5919961.0914,731159,,516400,0,,0,2,,Null,2024/2025,TAMAKI DRIVE,NGAPIPI ROAD,,Non-Injury Crash,No,2024,,West,,0,,Flat,,,,,,Bright sun,496900,0,0,0,4,,,0,,,,,,Auckland Region,Nil,2-way,Sealed,,0,0,,50,,Off,0,0,,76,Auckland,Traffic Signals,,,,,0,0,Urban,0,,,Fine,Null
1763088.4007,5920472.8465,731160,,516500,0,,0,1,,West,2023/2024,TAMAKI DRIVE,ATKIN AVENUE,,Minor Crash,No,2024,,West,,0,,Flat,,,,,,Bright sun,500600,1,0,0,2,,,0,,,1,,,Auckland Region,Nil,2-way,Sealed,,0,0,,50,,Off,0,0,,76,Auckland,Nil,,,,,0,0,Urban,0,,,Fine,Null
1756241.0676,5913021.9266,731167,,518701,0,,0,2,,Null,2024/2025,SOUTH-WESTERN MOTORWAY,HILLSBOROUGH ROAD ON RAMP,,Non-Injury Crash,Yes,2024,,North,,0,,Flat,,,,,,Bright sun,569000,0,0,0,3,,,0,,,,,,Auckland Region,Nil,1-way,Sealed,,0,0,,100,,Off,0,0,,76,Auckland,Nil,,,,,0,0,Open,1,,,Fine,Null
1751138.3541,5925318.1117,731176,,510020,0,0,0,2,0,South,2023/2024,RANGATIRA ROAD,MARINERS VIEW ROAD,,Non-Injury Crash,No,2023,0,South,0,0,0,Hill Road,0,,0,,0,Dark,346200,0,0,0,2,0,0,0,0,1,,0,0,Auckland Region,Nil,2-way,Sealed,0,0,0,0,50,0,On,0,0,,76,Auckland,Nil,0,0,0,0,0,0,Urban,0,0,0,Fine,Null
1750480.2724,5915810.7683,731183,,514802,0,0,0,2,0,North,2023/2024,ROSEBANK ROAD,VICTOR STREET,,Non-Injury Crash,No,2024,0,South,0,0,0,Flat,0,,0,,0,Dark,386200,0,0,0,2,0,0,0,0,1,,0,0,Auckland Region,Nil,2-way,Sealed,0,0,0,0,50,0,On,1,0,,76,Auckland,Nil,0,0,0,0,0,0,Urban,0,0,0,Light rain,Null
1770347.0924,5908037.9652,731208,,523713,0,,0,2,,Null,2022/2023,STANCOMBE ROAD,ERICA ROAD,,Non-Injury Crash,No,2023,,East,,0,,Flat,,,,,,Dark,712401,0,0,0,2,,,0,,,,,,Auckland Region,Nil,2-way,Sealed,,0,0,,50,,On,0,0,,76,Auckland,Give way,,,,,0,0,Urban,0,,,Light rain,Null
1772367.0199,5893527.7252,731239,,525530,0,0,0,0,0,South,2023/2024,SOUTHERN MOTORWAY,SERVICE CENTRE OFF SBD,,Non-Injury Crash,Yes,2024,0,South,0,0,0,Hill Road,0,,0,,0,Dark,808607,0,0,0,2,0,0,0,0,0,,0,0,Auckland Region,Nil,1-way,Sealed,1,0,0,0,100,0,On,1,0,80,76,Auckland,Nil,0,0,0,0,0,0,Open,0,0,0,Fine,Null
1748052.6846,5914248.279,731287,,511100,0,0,0,1,0,Null,2024/2025,OFF ROAD - CAR PARK,,,Serious Crash,No,2024,0,East,0,0,0,Flat,0,,0,,0,Overcast,285403,0,0,0,,0,0,0,0,0,1,1,0,Auckland Region,Nil,Off road,Sealed,0,0,1,0,,0,Off,0,0,,76,Auckland,Nil,0,0,0,0,0,0,Urban,0,0,0,Fine,Null
1748570.7967,5969737.4357,731319,,505500,0,,0,1,,North,2024/2025,WOODCOCKS ROAD,CAMPBELL DRIVE,,Non-Injury Crash,No,2024,,East,,0,,Flat,,,,,,Overcast,140500,0,0,0,3,,,0,,,,,,Auckland Region,Nil,2-way,Sealed,,0,0,,50,,Off,1,0,,76,Auckland,Nil,,,,,0,0,Urban,0,,,Light rain,Null
1754151.6471,5931298.8744,731320,,508805,0,,0,2,,South,2022/2023,NORTHERN MOTORWAY,CONSTELLATION UNDERPASS,,Non-Injury Crash,Yes,2023,,South,,0,,Hill Road,,,,,,Bright sun,180826,0,0,0,2,,,0,,,,,,Auckland Region,Overpass,1-way,Sealed,,0,0,,100,,Off,0,0,,76,Auckland,Nil,,,,,0,0,Open,0,,,Fine,Null
1763224.1892,5905127.3242,731344,,524303,0,,0,2,,North,2023/2024,SOUTH-WESTERN MOTORWAY,PUHINUI ROAD-SH 20B OFF RAMP,,Non-Injury Crash,Yes,2023,,South,,0,,Flat,,,,,,Dark,746301,0,0,0,2,,,0,,,,,,Auckland Region,Nil,1-way,Sealed,,0,0,,100,,On,0,0,,76,Auckland,Nil,,,,,0,0,Open,0,,,Fine,Null
1765599.6804,5908849.6213,731440,,523402,0,0,0,1,0,Null,2022/2023,HIGHBROOK DRIVE,HELLABYS ROAD,,Non-Injury Crash,No,2023,0,West,0,0,0,Flat,1,,0,,0,Overcast,696900,0,0,0,2,0,0,0,0,0,,0,0,Auckland Region,Bridge,1-way,Sealed,0,0,0,0,50,0,Off,0,0,,76,Auckland,Give way,0,0,0,0,1,0,Urban,0,0,0,Fine,Null
1745323.4806,5894687.2125,731447,,521151,0,,0,1,,West,2023/2024,AWHITU ROAD,COLBECK ROAD,,Non-Injury Crash,No,2023,,East,,0,,Hill Road,,Labour Weekend,,,,Overcast,829500,0,0,0,2,,,0,,,,,,Auckland Region,Nil,2-way,Sealed,,0,0,,100,,Off,1,0,,76,Auckland,Nil,,,,,0,0,Open,0,,,Fine,Null
1787881.5364,5885165.9687,731479,,521134,0,0,0,1,0,North,2023/2024,PAPARIMU ROAD,PAPARATA ROAD,,Non-Injury Crash,No,2023,0,South,0,0,0,Flat,0,,0,,0,Dark,815702,0,0,0,2,0,0,0,0,0,,0,0,Auckland Region,Nil,2-way,Sealed,0,0,0,0,80,0,None,0,0,,76,Auckland,Nil,0,0,0,1,0,0,Open,0,0,0,Light rain,Null
1755326.9391,5921878.4287,731488,,515202,0,,0,2,,South,2023/2024,NORTHERN MOTORWAY,HARBOUR BR S,,Non-Injury Crash,Yes,2023,,North,,0,,Hill Road,,,,,,Dark,423600,0,0,0,2,,,0,,,,,,Auckland Region,Bridge,1-way,Sealed,,0,0,,80,,On,0,0,,76,Auckland,Nil,,,,,0,0,Open,0,,,Fine,Null
1756149.9063,5923972.7051,731511,,509800,0,,0,3,,South,2023/2024,NORTHERN MOTORWAY,WEIGH BRIDGE,,Non-Injury Crash,Yes,2024,,South,,0,,Flat,,,,,,Dark,361200,0,0,0,5,,,0,,,,,,Auckland Region,Nil,1-way,Sealed,,0,0,,80,,On,1,0,70,76,Auckland,Nil,,,,,0,0,Open,0,,,Fine,Null
1767103.675,5903912.387,731519,,524602,0,0,0,1,0,West,2023/2024,SOUTH-WESTERN MOTORWAY,WIRI STATION OBR,,Non-Injury Crash,Yes,2023,0,West,0,0,0,Flat,0,,0,,0,Overcast,780411,0,0,0,2,0,0,0,0,1,,0,0,Auckland Region,Underpass,1-way,Sealed,0,0,0,0,80,0,None,0,0,,76,Auckland,Nil,0,0,0,0,1,0,Open,0,0,0,Fine,Null
1757088.6133,5907587.3375,731528,,524200,0,,0,1,,West,2022/2023,ISLAND ROAD,MARK FORD DRIVE,,Non-Injury Crash,No,2023,,West,,0,,Flat,,,,,,Dark,726200,0,0,0,2,,,0,,,2,,,Auckland Region,Nil,2-way,Sealed,,0,0,,50,,None,0,0,,76,Auckland,Nil,,,,,1,0,Urban,0,,,Fine,Null
1766410.1074,5899621.1844,731535,,524812,0,0,0,2,0,North,2023/2024,MAHIA ROAD,DAMIAN WAY,,Non-Injury Crash,No,2024,0,North,0,0,0,Flat,0,,0,,0,Overcast,774201,0,0,0,2,0,0,0,0,2,,0,0,Auckland Region,Nil,2-way,Sealed,0,0,0,0,50,0,Off,0,0,,76,Auckland,Nil,0,0,0,0,0,0,Urban,1,0,0,Fine,Null
1746742.9444,5918245.8344,731544,,512402,0,,0,0,,North,2023/2024,TE ATATU ROAD,TIROROA AVENUE,,Minor Crash,No,2023,,North,,0,,Flat,,,,,,Bright sun,256300,1,0,0,2,,,0,,,,,,Auckland Region,Nil,2-way,Sealed,,0,0,,50,,Off,1,0,30,76,Auckland,Nil,,,,,0,0,Urban,1,,,Fine,Null
1749662.5708,5918046.1752,731551,,514801,0,,0,1,,West,2023/2024,NORTH-WESTERN MOTORWAY,ROSEBANK ROAD ON RAMP,,Non-Injury Crash,Yes,2024,,East,,0,,Flat,,,,,,Bright sun,390401,0,0,0,4,,,0,,,,,,Auckland Region,Motorway ramp,1-way,Sealed,,0,0,,100,,Off,0,0,,76,Auckland,Nil,,,,,2,0,Open,0,,,Fine,Null
1766030.1507,5900512.5081,731567,,524713,0,0,0,1,0,Null,2023/2024,ROSCOMMON ROAD,BURUNDI AVENUE,,Non-Injury Crash,No,2024,0,South,0,0,0,Flat,0,,0,,0,Dark,775819,0,0,0,2,0,0,0,0,0,,0,1,Auckland Region,Nil,1-way,Sealed,0,0,0,0,60,0,On,0,0,,76,Auckland,Give way,0,0,0,0,0,0,Urban,0,0,0,Heavy rain,Strong wind
1767188.6063,5904572.1257,731575,,524604,0,,0,1,,Null,2023/2024,SHARKEY STREET,RONWOOD AVENUE,,Minor Crash,No,2024,,South,,0,,Flat,,,,,,Dark,780209,1,0,0,1,,,0,,,,,,Auckland Region,Nil,1-way,Sealed,,0,0,,50,,On,1,0,,76,Auckland,Give way,,,,,0,0,Urban,0,,,Fine,Null
1773916.7288,5889642.5968,731624,,521302,0,,0,2,,South,2023/2024,SOUTHERN MOTORWAY,QUARRY ROAD,,Non-Injury Crash,Yes,2024,,North,,0,,Flat,,,,,,Overcast,809101,0,0,0,2,,,0,,,,,,Auckland Region,Nil,1-way,Sealed,,0,0,,100,,Off,0,0,,76,Auckland,Nil,,,,,0,0,Open,1,,,Light rain,Null
1738064.4699,5928809.9036,731672,,505602,0,0,0,1,0,Null,2022/2023,KONOBA AVENUE,ZADAR STREET,,Minor Crash,No,2023,0,West,0,0,0,Flat,0,,0,,0,Dark,214900,1,0,0,2,0,0,0,0,1,,0,0,Auckland Region,Nil,2-way,Sealed,0,0,0,0,50,0,On,1,0,,76,Auckland,Give way,0,0,0,0,0,0,Urban,0,0,0,Fine,Null
1751865.8199,5917820.6481,731680,,515001,0,,0,1,,South,2022/2023,SH 20,NORTH-WESTERN CYCLEWAY,,Non-Injury Crash,Yes,2023,,North,,0,,Hill Road,,,,,,Bright sun,392200,0,0,0,4,,,0,,,,,,Auckland Region,Tunnel,1-way,Sealed,,0,0,,80,,Off,0,0,,76,Auckland,Nil,,,,,0,0,Open,1,,,Fine,Null
1777114.2343,5910108.3357,731687,,523202,0,,0,2,,Null,2023/2024,WHITFORD MARAETAI ROAD,CLIFTON ROAD,,Non-Injury Crash,No,2024,,North,,0,,Hill Road,,,,,,Dark,718201,0,0,0,2,,,0,,,,,,Auckland Region,Nil,2-way,Sealed,,0,0,,80,,None,0,0,,76,Auckland,Give way,,,,,0,0,Open,0,,,Fine,Null
1767544.9632,5906561.6567,731719,,523601,0,,0,0,,Null,2024/2025,O'CONNOR STREET,BAIRDS ROAD,,Serious Crash,No,2024,,North,,0,,Hill Road,,,,,,Dark,707800,0,0,1,2,,,0,,,,,,Auckland Region,Nil,2-way,Sealed,,0,1,,30,,On,0,0,,76,Auckland,Give way,,,,,0,0,Urban,0,,,Fine,Strong wind
1769802.0191,5901342.6309,731743,,524901,0,0,0,1,0,North,2023/2024,SOUTHERN MOTORWAY,ALFRISTON OBR,,Non-Injury Crash,Yes,2023,0,North,0,0,0,Hill Road,1,,0,,0,Dark,757602,0,0,0,3,0,0,0,0,0,,0,0,Auckland Region,Nil,1-way,Sealed,0,0,0,0,100,0,On,0,0,,76,Auckland,Nil,0,0,0,0,0,0,Open,0,0,0,Fine,Null
1764126.2649,5918686.0952,731775,,516500,0,,0,1,,Null,2023/2024,KOHIMARAMA ROAD,JOHN RYMER PLACE,,Non-Injury Crash,No,2023,,South,,0,,Flat,,,,,,Overcast,503402,0,0,0,3,,,0,,,,,,Auckland Region,Nil,2-way,Sealed,,0,0,,50,,Off,0,0,,76,Auckland,Traffic Signals,,,,,0,0,Urban,1,,,Fine,Null
1729293.3524,5943372.2738,731776,65,506646,0,,0,1,,West,2023/2024,KAIPARA COAST HIGHWAY,ABEL ROAD,,Serious Crash,Yes,2024,,North,,0,,Flat,,,,,,Overcast,211401,0,0,0,2,,,0,,,,,,Auckland Region,Nil,2-way,Sealed,,0,1,,100,,None,0,0,,76,Auckland,Nil,,,,,0,0,Open,1,,,Fine,Null
1755102.3275,5918637.4705,731784,,515420,0,0,0,1,0,West,2023/2024,CRUMMER ROAD,NORTHLAND STREET,,Non-Injury Crash,No,2024,0,West,0,0,0,Flat,0,,0,,0,Dark,407100,0,0,0,2,0,0,0,0,1,,0,0,Auckland Region,Nil,2-way,Sealed,0,0,0,0,50,0,On,1,0,,76,Auckland,Nil,0,0,0,0,0,0,Urban,0,0,0,Fine,Null
1753597.6827,5925890.3344,731800,,508220,0,0,0,1,0,West,2023/2024,PARK HILL ROAD,GLENFIELD ROAD,,Non-Injury Crash,No,2023,0,East,0,0,1,Flat,0,Christmas New Year,0,,0,Dark,189500,0,0,0,2,0,1,0,0,0,,0,0,Auckland Region,Nil,2-way,Sealed,0,0,0,0,50,0,On,0,0,,76,Auckland,Nil,0,0,0,1,0,0,Urban,0,0,0,Heavy rain,Null
1745776.0615,5917212.1723,731815,,510700,0,0,0,1,1,East,2022/2023,GREAT NORTH ROAD,EDSEL STREET,,Minor Crash,No,2023,0,East,0,0,0,Hill Road,0,,0,,1,Overcast,240401,2,0,0,6,0,0,0,0,0,,0,0,Auckland Region,Nil,2-way,Sealed,0,0,0,0,50,0,Off,0,0,,76,Auckland,Nil,0,0,0,0,0,0,Urban,0,0,0,Light rain,Null
1748522.119,5945349.8882,731855,,506201,0,,0,1,,West,2023/2024,DAIRY FLAT HIGHWAY,SILVERDALE OFF RAMP,,Non-Injury Crash,No,2023,,West,,0,,Hill Road,,,,,,Bright sun,176801,0,0,0,3,,,0,,,,,,Auckland Region,Nil,2-way,Sealed,,0,0,,60,,Off,0,0,,76,Auckland,Nil,,,,,1,0,Urban,0,,,Fine,Null
1746011.6176,5913978.3029,731871,,511001,0,0,0,1,0,West,2023/2024,WEST COAST ROAD,KAMARA ROAD,,Minor Crash,No,2024,0,West,0,0,0,Flat,0,,0,,0,Overcast,282400,1,1,0,2,0,0,0,0,1,,0,0,Auckland Region,Nil,2-way,Sealed,0,0,0,0,50,0,Off,0,0,,76,Auckland,Nil,0,0,0,0,0,0,Urban,0,0,0,Fine,Null
1756792.5256,5930206.4163,731927,,507710,0,,0,1,,North,2024/2025,EAST COAST ROAD,CASTOR BAY ROAD,,Serious Crash,No,2024,,North,,0,,Flat,,,,,,Dark,314002,0,0,0,2,,,0,,,1,,,Auckland Region,Nil,2-way,Sealed,,0,1,,50,,On,0,0,,76,Auckland,Nil,,,,,0,0,Urban,0,,,Light rain,Null
1765061.9142,5914702.2144,731943,,520301,0,0,0,1,0,West,2023/2024,QUEENS ROAD,PILKINGTON ROAD,,Serious Crash,No,2023,0,East,0,0,0,Flat,0,,0,,0,Bright sun,628300,0,0,0,2,0,0,0,0,0,,0,0,Auckland Region,Nil,2-way,Sealed,0,0,1,0,50,0,Off,0,0,,76,Auckland,Nil,0,0,0,1,0,0,Urban,0,0,0,Fine,Null
1746206.3291,5920135.0163,731951,,513301,0,0,0,1,0,Null,2023/2024,OFF ROAD DRIVEWAY,,,Minor Crash,No,2023,0,North,0,0,0,Flat,0,,1,,0,Bright sun,230402,1,0,0,0,0,0,0,0,0,,0,1,Auckland Region,Nil,Off road,Sealed,0,0,0,0,,0,Off,0,0,,76,Auckland,Nil,0,0,0,0,0,0,Urban,0,0,0,Fine,Null