X,Y,OBJECTID,advisorySpeed,areaUnitID,bicycle,bridge,bus,carStationWagon,cliffBank,crashDirectionDescription,crashFinancialYear,crashLocation1,crashLocation2,crashRoadSideRoad,crashSeverity,crashSHDescription,crashYear,debris,directionRoleDescription,ditch,fatalCount,fence,flatHill,guardRail,holiday,houseOrBuilding,intersection,kerb,light,meshblockId,minorInjuryCount,moped,motorcycle,NumberOfLanes,objectThrownOrDropped,otherObject,otherVehicleType,overBank,parkedVehicle,pedestrian,phoneBoxEtc,postOrPole,region,roadCharacter,roadLane,roadSurface,roadworks,schoolBus,seriousInjuryCount,slipOrFlood,speedLimit,strayAnimal,streetLight,suv,taxi,temporarySpeedLimit,tlaId,tlaName,trafficControl,trafficIsland,trafficSign,train,tree,truck,unknownVehicleType,urban,vanOrUtility,vehicle,waterRiver,weatherA,weatherB
1761997.1893,5906312.037,731959,,524200,0,,0,2,,Null,2022/2023,SOUTH-WESTERN MOTORWAY,MASSEY ROAD OFF RAMP,,Non-Injury Crash,Yes,2023,,North,,0,,Flat,,,,,,Twilight,728700,0,0,0,2,,,0,,,,,,Auckland Region,Nil,1-way,Sealed,,0,0,,100,,On,0,0,,76,Auckland,Nil,,,,,0,0,Open,0,,,Fine,Null
1768169.2439,5902450.5214,731983,,524602,0,0,0,1,0,Null,2023/2024,BROWNS ROAD,GREAT SOUTH ROAD,,Non-Injury Crash,No,2023,0,North,0,0,0,Hill Road,0,,0,,0,Bright sun,780600,0,0,0,4,0,0,0,0,0,,0,0,Auckland Region,Nil,2-way,Sealed,0,0,0,0,50,0,None,0,0,,76,Auckland,Give way,0,1,0,0,0,0,Urban,0,0,0,Fine,Null
1750145.77,5916278.6101,731992,,514801,0,,0,1,,Null,2023/2024,ROSEBANK ROAD,AVONDALE ROAD,,Minor Crash,No,2023,,North,,0,,Flat,,,,,,Dark,387200,1,0,0,2,,,0,,,,,,Auckland Region,Nil,2-way,Sealed,,0,0,,50,,Off,1,0,,76,Auckland,Traffic Signals,,,,,0,0,Urban,0,,,Fine,Null
1769014.2347,5911439.6732,732008,,523112,0,,0,1,,Null,2023/2024,HARRIS ROAD,JOSEPHS WAY,,Non-Injury Crash,No,2023,,North,,0,,Flat,,,,,,Bright sun,711404,0,0,0,4,,,0,,,,,,Auckland Region,Nil,2-way,Sealed,,0,0,,60,,Off,0,0,,76,Auckland,Nil,,,,,0,0,Urban,1,,,Fine,Strong wind
1749949.888,5914050.0284,732016,,511303,0,0,0,1,0,Null,2023/2024,GREAT NORTH ROAD,DELTA AVENUE,,Non-Injury Crash,No,2023,0,North,0,0,0,Flat,0,,1,,0,Bright sun,265900,0,0,0,4,0,0,0,0,0,,0,0,Auckland Region,Nil,2-way,Sealed,0,0,0,0,50,0,Off,0,0,,76,Auckland,Traffic Signals,0,0,0,0,0,0,Urban,0,0,0,Fine,Null
1760467.8397,5908927.8594,732039,,524404,0,,0,2,,Null,2023/2024,FAVONA ROAD,ROBERTSON ROAD,,Minor Crash,No,2024,,West,,0,,Flat,,,,,,Dark,729400,2,0,0,3,,,0,,,,,,Auckland Region,Nil,2-way,Sealed,,0,0,,60,,On,0,0,,76,Auckland,Traffic Signals,,,,,0,0,Urban,0,,,Fine,Null
1763337.3733,5909446.0592,732040,,521901,0,,0,2,,South,2023/2024,WALMSLEY ROAD,STATION ROAD,,Minor Crash,No,2023,,South,,0,,Flat,,,,,,Overcast,783000,1,0,0,3,,,0,,,,,,Auckland Region,Nil,2-way,Sealed,,0,0,,50,,Off,0,0,,76,Auckland,Nil,,,,,0,0,Urban,0,,,Fine,Null
1756333.6458,5920486.2303,732064,,514102,0,,0,2,,North,2022/2023,UNION STREET,DRAKE STREET,,Non-Injury Crash,No,2023,,North,,0,,Flat,,,,,,Dark,432700,0,0,0,1,,,0,,,,,,Auckland Region,Nil,1-way,Sealed,,0,0,,30,,On,0,0,,76,Auckland,Nil,,,,,0,0,Urban,0,,,Fine,Null
1756032.51,5917366.1252,732079,,518201,0,0,0,3,0,North,2023/2024,DOMINION ROAD,BELLWOOD AVENUE,,Non-Injury Crash,No,2023,0,North,0,0,0,Flat,0,,0,,0,Dark,548500,0,0,0,2,0,0,0,0,1,,0,0,Auckland Region,Nil,2-way,Sealed,0,0,0,0,50,0,On,0,0,,76,Auckland,Nil,0,0,0,0,0,0,Urban,0,0,0,Light rain,Null
1757568.6181,5918490.9286,732103,,514302,0,0,0,1,0,South,2023/2024,SOUTHERN MOTORWAY,BOSTON OBR,,Non-Injury Crash,Yes,2023,0,South,0,0,0,Flat,1,,0,,0,Overcast,442100,0,0,0,4,0,0,0,0,0,,0,0,Auckland Region,Nil,1-way,Sealed,0,0,0,0,80,0,Off,0,0,,76,Auckland,Nil,0,0,0,0,0,0,Open,0,0,0,Fine,Null
1756238.7654,5919259.9622,732111,,515420,0,,0,1,,Null,2024/2025,PONSONBY ROAD,KARANGAHAPE ROAD,,Minor Crash,No,2024,,South,,0,,Flat,,,,,,Dark,411600,1,0,0,5,,,0,,,1,,,Auckland Region,Nil,2-way,Sealed,,0,0,,50,,On,0,0,,76,Auckland,Traffic Signals,,,,,0,0,Urban,0,,,Fine,Null
1767999.966,5905176.7939,732119,,523722,0,0,0,1,0,West,2023/2024,TE IRIRANGI DRIVE,DIORELLA DRIVE,,Non-Injury Crash,No,2023,0,East,0,0,1,Flat,0,,0,,0,Dark,715701,0,0,0,2,0,0,0,0,0,,0,0,Auckland Region,Nil,1-way,Sealed,0,0,0,0,50,0,On,0,0,,76,Auckland,Nil,0,0,0,0,0,0,Urban,0,0,0,Fine,Null
1752536.0486,5918171.76,732151,,515002,0,,0,0,,Null,2023/2024,GREAT NORTH ROAD,HUIA ROAD,,Non-Injury Crash,No,2024,,North,,0,,Flat,,,,,,Bright sun,392500,0,0,0,4,,,0,,,,,,Auckland Region,Nil,2-way,Sealed,,0,0,,50,,Off,2,0,,76,Auckland,Give way,,,,,0,0,Urban,0,,,Fine,Strong wind
1767585.6477,5904658.2221,732199,,524604,0,,0,2,,North,2023/2024,GREAT SOUTH ROAD,BAKERFIELD PLACE,,Minor Crash,No,2024,,South,,0,,Flat,,,,,,Bright sun,780302,2,0,0,4,,,0,,,,,,Auckland Region,Nil,2-way,Sealed,,0,0,,60,,Off,0,1,,76,Auckland,Nil,,,,,0,0,Urban,0,,,Fine,Null
1756366.4218,5927134.2956,732239,,507900,0,,0,2,,Null,2022/2023,NORTHCOTE ROAD OFF RAMP,NORTHCOTE ROAD,,Non-Injury Crash,No,2023,,North,,0,,Hill Road,,,,,,Bright sun,303501,0,0,0,2,,,0,,,,,,Auckland Region,Motorway ramp,1-way,Sealed,,0,0,,50,,Off,0,0,,76,Auckland,Traffic Signals,,,,,0,0,Urban,0,,,Fine,Null
1762273.7579,5919629.7393,732247,,516400,0,0,0,2,0,South,2022/2023,REIHANA STREET,APIHAI STREET,,Non-Injury Crash,No,2023,0,South,0,0,0,Flat,0,,0,,0,Dark,498801,0,0,0,2,0,0,0,0,1,,0,0,Auckland Region,Nil,2-way,Sealed,0,0,0,0,50,0,On,0,0,,76,Auckland,Nil,0,0,0,0,0,0,Urban,0,0,0,Fine,Null
1769695.9156,5918581.1996,732263,,522601,0,0,0,2,0,Null,2023/2024,DEVON ROAD,BASILTON CLOSE,,Serious Crash,No,2024,0,South,0,0,0,Hill Road,0,,0,,0,Dark,675600,1,0,0,2,0,0,0,0,1,,0,1,Auckland Region,Nil,2-way,Sealed,0,0,1,0,50,0,None,0,0,,76,Auckland,Nil,0,0,0,0,0,0,Urban,0,0,0,Fine,Null
1751796.7153,5917398.3685,732303,,514900,0,,0,2,,South,2022/2023,GREAT NORTH ROAD,HERDMAN STREET,,Non-Injury Crash,No,2023,,South,,0,,Flat,,,,,,Twilight,385803,0,0,0,4,,,0,,,,,,Auckland Region,Nil,2-way,Sealed,,0,0,,50,,On,0,0,,76,Auckland,Nil,,,,,0,0,Urban,0,,,Fine,Null
1760352.6565,5946377.887,732311,,505910,0,,0,0,,West,2023/2024,GULF HARBOUR DRIVE,HARBOUR VILLAGE DRIVE,,Minor Crash,No,2024,,West,,0,,Flat,,,,,,Bright sun,175124,1,0,0,1,,,0,,,1,,,Auckland Region,Nil,1-way,Sealed,,0,0,,50,,Off,1,0,40,76,Auckland,Nil,,,,,0,0,Urban,0,,,Heavy rain,Null
1766210.5261,5907060.1641,732318,,522302,0,0,0,2,0,Null,2022/2023,HUIA ROAD,HOTEO AVENUE,,Non-Injury Crash,No,2023,0,Null,0,0,0,Flat,0,,0,,0,Bright sun,668100,0,0,0,2,0,0,0,0,0,,0,0,Auckland Region,Nil,2-way,Sealed,0,0,0,0,50,0,Off,0,0,40,76,Auckland,Give way,1,0,0,0,0,0,Urban,0,0,0,Fine,Null
1763944.8191,5920385.5016,732335,,516500,0,0,0,2,0,North,2022/2023,TAMAKI DRIVE,KOHIMARAMA ROAD,,Non-Injury Crash,No,2023,0,South,0,0,0,Flat,0,,0,,0,Dark,501102,0,0,0,2,0,0,0,0,2,,0,0,Auckland Region,Nil,2-way,Sealed,0,0,0,0,50,0,On,1,0,,76,Auckland,Nil,0,0,0,0,0,0,Urban,0,0,0,Fine,Null
1756988.4795,5919159.4801,732342,,514200,0,,0,1,,East,2023/2024,SOUTHERN MOTORWAY,UPPER QUEEN OBR,,Non-Injury Crash,Yes,2023,,West,,0,,Hill Road,,,,,,Dark,412302,0,0,0,3,,,0,,,,,,Auckland Region,Nil,1-way,Sealed,,0,0,,80,,On,0,0,,76,Auckland,Nil,,,,,0,0,Open,0,,,Fine,Null
1761067.6096,5914367.9195,732358,,520202,0,,0,2,,Null,2023/2024,GREAT SOUTH ROAD,ELLERSLIE-PANMURE HIGHWAY,,Minor Crash,No,2024,,South,,0,,Flat,,,,,,Bright sun,612200,1,0,0,3,,,0,,,,,,Auckland Region,Nil,2-way,Sealed,,0,0,,50,,Off,0,0,,76,Auckland,Give way,,,,,0,0,Urban,0,,,Fine,Strong wind
1754009.662,5934953.5935,732382,,507102,0,0,0,2,0,North,2022/2023,EAST COAST ROAD,ST CLAIR PLACE,,Non-Injury Crash,No,2023,0,South,0,0,0,Flat,0,,0,,0,Overcast,158706,0,0,0,2,0,0,0,0,1,,0,0,Auckland Region,Nil,2-way,Sealed,0,0,0,0,50,0,Off,0,0,,76,Auckland,Nil,0,0,0,0,0,0,Urban,0,0,0,Fine,Null
1751167.2689,5915478.258,732399,,514401,0,,0,2,,Null,2023/2024,GREAT NORTH ROAD,ROSEBANK ROAD,,Minor Crash,No,2023,,North,,0,,Flat,,,,,,Overcast,382300,1,0,0,2,,,0,,,,,,Auckland Region,Nil,2-way,Sealed,,0,0,,50,,On,0,0,,76,Auckland,Traffic Signals,,,,,0,0,Urban,0,,,Fine,Null
1767775.1728,5904271.1256,732422,,524602,0,,0,2,,Null,2022/2023,GREAT SOUTH ROAD,REDOUBT ROAD,,Non-Injury Crash,No,2023,,North,,0,,Hill Road,,,,,,Bright sun,780416,0,0,0,2,,,0,,,,,,Auckland Region,Nil,2-way,Sealed,,0,0,,50,,None,0,0,,76,Auckland,Traffic Signals,,,,,0,0,Urban,0,,,Fine,None
1759537.5062,5908879.6763,732423,,524002,0,,0,1,,Null,2022/2023,CORONATION ROAD,CORONATION ROAD OFF RAMP,,Non-Injury Crash,No,2023,,South,,0,,Flat,,,,,,Dark,724101,0,0,0,1,,,0,,,,,,Auckland Region,Motorway ramp,1-way,Sealed,,0,0,,50,,On,0,0,,76,Auckland,Give way,,,,,0,0,Urban,0,,,Fine,Null
1770340.4431,5911323.2813,732454,,523106,0,,0,1,,Null,2022/2023,BOTANY ROAD,TI RAKAU DRIVE,,Non-Injury Crash,No,2023,,South,,0,,Flat,,,,,,Dark,711174,0,0,0,4,,,0,,,,,,Auckland Region,Nil,1-way,Sealed,,0,0,,60,,On,0,0,,76,Auckland,Traffic Signals,,,,,0,0,Urban,1,,,Light rain,Null
1769308.3963,5907454.4148,732487,,523711,0,0,0,1,0,Null,2022/2023,TE IRIRANGI DRIVE,ORMISTON ROAD,,Non-Injury Crash,No,2023,0,North,0,0,0,Flat,0,,0,,0,Overcast,712801,0,0,0,4,0,0,0,0,0,,0,0,Auckland Region,Nil,1-way,Sealed,0,0,0,0,80,0,Off,0,0,,76,Auckland,Traffic Signals,0,1,0,0,0,0,Open,0,0,0,Light rain,Null
1766232.4924,5878069.8321,732526,,521112,0,,0,1,,Null,2024/2025,ATTEWELL ROAD,BLAKE ROAD,,Minor Crash,No,2024,,South,,0,,Flat,,,,,,Overcast,826000,1,0,0,2,,,0,,,,,,Auckland Region,Nil,2-way,Sealed,,0,0,,80,,Off,0,0,,76,Auckland,Give way,,,,,1,0,Open,0,,,Fine,Strong wind
1754873.2138,5930481.4596,732527,,508520,0,,0,1,,North,2023/2024,NORTHERN MOTORWAY,SUNNYNOOK OBR,,Minor Crash,Yes,2024,,South,,0,,Flat,,,,,,Twilight,192700,2,0,0,2,,,0,,,,,,Auckland Region,Nil,1-way,Sealed,,0,0,,100,,On,0,0,,76,Auckland,Nil,,,,,0,0,Open,3,,,Fine,Null
1755918.3254,5916949.7551,732534,,518201,1,,0,1,,Null,2023/2024,DOMINION ROAD,GRANGE ROAD,,Minor Crash,No,2024,,South,,0,,Flat,,,,,,Overcast,548200,1,0,0,4,,,0,,,,,,Auckland Region,Nil,2-way,Sealed,,0,0,,50,,Null,0,0,,76,Auckland,Stop,,,,,0,0,Urban,0,,,Fine,Null
1745162.3565,5918573.402,732542,,513302,0,,0,2,,South,2023/2024,LINCOLN ROAD,WOODFORD AVENUE,,Non-Injury Crash,No,2023,,North,,0,,Flat,,,,,,Overcast,230900,0,0,0,4,,,0,,,,,,Auckland Region,Nil,2-way,Sealed,,0,0,,50,,Off,0,0,,76,Auckland,Nil,,,,,0,0,Urban,0,,,Fine,Null
1768898.0045,5901355.3938,732543,45,524901,0,0,0,1,0,Null,2022/2023,HILL ROAD,SCENIC DRIVE,,Non-Injury Crash,No,2023,0,West,0,0,1,Flat,0,,0,,0,Dark,756300,0,0,0,2,0,0,0,0,0,,0,0,Auckland Region,Nil,2-way,Sealed,0,0,0,0,50,0,On,0,0,,76,Auckland,Give way,0,0,0,1,0,0,Urban,0,0,0,Light rain,Null
1755509.6389,5914137.2688,732550,,518500,1,,0,0,,East,2023/2024,MOUNT ALBERT ROAD,AKARANA AVENUE,,Minor Crash,No,2023,,West,,0,,Flat,,,,,,Overcast,561100,1,0,0,2,,,0,,,,,,Auckland Region,Nil,2-way,Sealed,,0,0,,50,,Off,1,0,,76,Auckland,Nil,,,,,0,0,Urban,0,,,Fine,Null
1766787.783,5901865.0439,732551,,524604,0,,0,0,,Null,2022/2023,BROWNS ROAD,RUSSELL ROAD,,Minor Crash,No,2023,,West,,0,,Hill Road,,,,,,Bright sun,781400,2,0,0,4,,,0,,,,,,Auckland Region,Nil,2-way,Sealed,,0,0,,50,,Off,2,0,,76,Auckland,Traffic Signals,,,,,0,0,Urban,0,,,Fine,Null
1757211.6407,5919381.7889,732598,,514200,0,0,0,1,0,Null,2024/2025,KARANGAHAPE ROAD,SYMONDS STREET,,Serious Crash,No,2024,0,East,0,0,0,Flat,1,,0,,0,Dark,412301,0,0,0,4,0,0,0,0,0,,0,0,Auckland Region,Motorway ramp,2-way,Sealed,0,0,2,0,30,0,On,0,0,,76,Auckland,Traffic Signals,0,0,0,0,0,0,Urban,0,0,0,Light rain,Null
1764350.428,5910179.0412,732607,,521801,0,0,0,2,0,Null,2022/2023,CHURCH STREET,PRINCES STREET,,Non-Injury Crash,No,2023,0,South,0,0,0,Flat,0,,0,,0,Dark,786902,0,0,0,2,0,0,0,0,0,,0,1,Auckland Region,Nil,2-way,Sealed,0,0,0,0,50,0,On,0,0,,76,Auckland,Traffic Signals,0,0,0,0,0,0,Urban,0,0,0,Fine,Null
1754855.7126,5929267.9413,732622,,508320,0,,0,1,,East,2023/2024,WAIRAU ROAD,WOODALL PLACE,,Minor Crash,No,2024,,East,,0,,Hill Road,,,,,,Overcast,196600,1,1,0,2,,,0,,,,,,Auckland Region,Nil,2-way,Sealed,,0,0,,50,,Off,0,0,,76,Auckland,Nil,,,,,0,0,Urban,0,,,Fine,Null
1755561.2489,5929036.9545,732623,,508510,0,,0,0,,Null,2022/2023,TRISTRAM AVENUE,TRISTRAM AVENUE OFF RAMP,,Non-Injury Crash,No,2023,,East,,0,,Hill Road,,,,,,Bright sun,195200,0,0,0,3,,,0,,,,,,Auckland Region,Motorway ramp,1-way,Sealed,,0,0,,50,,Off,1,0,,76,Auckland,Traffic Signals,,,,,1,0,Urban,0,,,Fine,Null
1767127.4327,5905544.2701,732638,,522302,0,0,0,3,0,Null,2023/2024,GREAT SOUTH ROAD,REAGAN ROAD,,Non-Injury Crash,No,2023,0,South,0,0,1,Flat,0,,0,,0,Overcast,670700,0,0,0,1,0,0,0,0,0,,0,0,Auckland Region,Nil,1-way,Sealed,0,0,0,0,50,0,Off,0,0,,76,Auckland,Give way,0,0,0,0,0,0,Urban,0,0,0,Light rain,Null
1742081.2682,5930935.4352,732663,,505603,0,,0,1,,South,2023/2024,COATESVILLE-RIVERHEAD HIGHWAY,KING STREET,,Minor Crash,No,2023,,North,,0,,Flat,,,,,,Bright sun,213603,1,0,0,2,,,0,,,1,,,Auckland Region,Nil,2-way,Sealed,,0,0,,50,,Off,0,0,,76,Auckland,Nil,,,,,0,0,Urban,0,,,Light rain,Null
1729762.837,5940378.2206,732678,,506800,1,,0,0,,Null,2024/2025,AWAROA ROAD,BRIDGE STREET,,Minor Crash,No,2024,,West,,0,,Flat,,,,,,Dark,208300,1,0,0,2,,,0,,,1,,,Auckland Region,Nil,2-way,Sealed,,0,0,,50,,On,0,0,,76,Auckland,Give way,,,,,0,0,Urban,0,,,Fine,Null
1764983.644,5916782.754,732710,,520301,0,,0,2,,Null,2023/2024,MORRIN ROAD,MERTON ROAD,,Non-Injury Crash,No,2023,,North,,0,,Flat,,,,,,Dark,465302,0,0,0,2,,,0,,,,,,Auckland Region,Nil,2-way,Sealed,,0,0,,50,,On,0,0,,76,Auckland,Give way,,,,,0,0,Urban,0,,,Fine,Null
1754070.3056,5915399.4638,732726,,517702,0,0,0,1,0,Null,2023/2024,MOUNT ALBERT ROAD,BEAGLE AVENUE,,Non-Injury Crash,No,2023,0,East,0,0,0,Flat,0,,0,,0,Dark,542400,0,0,0,2,0,0,0,0,0,,0,1,Auckland Region,Nil,2-way,Sealed,0,0,0,0,50,0,On,0,0,,76,Auckland,Stop,0,0,0,0,0,0,Urban,0,0,0,Fine,Null
1755114.6762,5921369.3318,732750,,515202,0,,0,2,,Null,2022/2023,SARSFIELD STREET,CURRAN STREET,,Non-Injury Crash,No,2023,,West,,0,,Flat,,,,,,Bright sun,424200,0,0,0,2,,,0,,,,,,Auckland Region,Nil,2-way,Sealed,,0,0,,50,,Off,0,0,,76,Auckland,Stop,,,,,0,0,Urban,0,,,Fine,Null
1743284.2879,5916473.6913,732751,,513220,0,0,0,2,0,Null,2022/2023,LAKE PANORAMA DRIVE,TOLEDO AVENUE,,Non-Injury Crash,No,2023,0,East,0,0,0,Hill Road,0,Easter,0,,0,Dark,236826,0,0,0,2,0,0,0,0,1,,0,0,Auckland Region,Nil,2-way,Sealed,0,0,0,0,50,0,On,0,0,,76,Auckland,Give way,0,0,0,0,0,0,Urban,0,0,0,Fine,Null
1770630.9674,5904596.5151,732758,,523712,0,,0,2,,North,2023/2024,MURPHYS ROAD,REDOUBT ROAD,,Serious Crash,No,2023,,East,,0,,Flat,,,,,,Bright sun,716300,0,0,0,2,,,0,,,,,,Auckland Region,Nil,2-way,Sealed,,0,1,,50,,None,0,0,,76,Auckland,Nil,,,,,0,0,Urban,0,,,Fine,Null
1772893.1474,5900569.4725,732775,,523813,0,0,0,1,0,South,2022/2023,MILL ROAD,POPES ROAD,,Non-Injury Crash,No,2023,0,North,0,0,0,Flat,1,Easter,0,,0,Dark,761000,0,0,0,2,0,0,0,0,0,,0,0,Auckland Region,Nil,2-way,Sealed,0,0,0,0,60,0,None,0,0,,76,Auckland,Nil,0,0,0,0,0,0,Urban,0,0,0,Fine,Null
1754773.7689,5915941.9743,732783,,517702,0,,0,2,,North,2023/2024,SANDRINGHAM ROAD,TRANMERE ROAD,,Non-Injury Crash,No,2023,,North,,0,,Flat,,,,,,Bright sun,540600,0,0,0,2,,,0,,,,,,Auckland Region,Nil,2-way,Unsealed,,0,0,,50,,Off,0,0,,76,Auckland,Nil,,,,,0,0,Urban,0,,,Fine,Null
1762071.9151,5907163.0488,732790,,524520,0,,0,2,,South,2024/2025,BUCKLAND ROAD,ROYTON AVENUE,,Minor Crash,No,2024,,North,,0,,Flat,,,,,,Dark,734702,2,0,0,2,,,0,,,,,,Auckland Region,Nil,2-way,Sealed,,0,0,,50,,On,0,0,,76,Auckland,Nil,,,,,0,0,Urban,0,,,Light rain,Null
1747960.5331,5912503.2493,732791,35,511902,0,,0,1,,Null,2023/2024,PLEASANT ROAD,TITIRANGI ROAD,,Non-Injury Crash,No,2023,,East,,0,,Flat,,,,,,Dark,292103,0,0,0,1,,,0,,,,,,Auckland Region,Nil,2-way,Sealed,,0,0,,50,,On,0,0,,76,Auckland,Traffic Signals,,,,,0,0,Urban,0,,,Light rain,Null
1756143.5666,5918771.278,732806,,515500,0,,0,2,,North,2024/2025,NORTH-WESTERN MOTORWAY,WAIMA FTBR,,Minor Crash,Yes,2024,,North,,0,,Flat,,,,,,Dark,417600,1,0,0,4,,,0,,,,,,Auckland Region,Motorway ramp,1-way,Sealed,,0,0,,100,,On,0,0,,76,Auckland,Nil,,,,,1,0,Open,0,,,Light rain,Null
1763213.5104,5919091.5759,732846,,516500,0,,0,0,,East,2023/2024,KEPA ROAD,PATTESON AVENUE,,Minor Crash,No,2024,,West,,0,,Hill Road,,,,,,Bright sun,502202,1,0,1,3,,,0,,,,,,Auckland Region,Nil,2-way,Sealed,,0,0,,50,,Off,0,0,,76,Auckland,Nil,,,,,0,0,Urban,1,,,Fine,Null
1761101.6513,5911866.8287,732854,,520000,0,0,0,0,0,East,2023/2024,NEILSON STREET,EDINBURGH STREET,,Minor Crash,No,2024,0,West,0,0,1,Flat,0,,0,,1,Bright sun,607602,1,0,0,2,0,0,0,0,0,,0,0,Auckland Region,Nil,2-way,Sealed,0,0,0,0,50,0,Off,0,0,,76,Auckland,Nil,0,0,0,0,0,0,Urban,1,0,0,Fine,Null
1754681.6529,5918987.5789,732879,,515410,0,,0,1,,Null,2022/2023,SURREY CRESCENT,FIRTH ROAD,,Non-Injury Crash,No,2023,,East,,0,,Flat,,,,,,Bright sun,404400,0,1,0,2,,,0,,,,,,Auckland Region,Nil,2-way,Sealed,,0,0,,50,,Off,0,0,,76,Auckland,Give way,,,,,0,0,Urban,0,,,Fine,Null
1756113.2295,5930257.2095,732886,,508520,0,0,0,1,0,Null,2023/2024,BLAKEBOROUGH DRIVE,FORREST HILL ROAD,,Non-Injury Crash,No,2023,0,East,0,0,0,Flat,0,,0,,0,Overcast,148802,0,0,0,2,0,0,0,0,0,,0,0,Auckland Region,Nil,2-way,Sealed,0,0,0,0,50,0,On,0,0,,76,Auckland,Give way,0,1,0,1,0,0,Urban,0,0,0,Heavy rain,Null
1763024.5915,5907865.174,732894,,524301,0,,0,3,,South,2022/2023,MASSEY ROAD,VINE STREET,,Non-Injury Crash,No,2023,,North,,0,,Flat,,,,,,Bright sun,747401,0,0,0,2,,,0,,,,,,Auckland Region,Nil,2-way,Sealed,,0,0,,50,,Off,0,0,,76,Auckland,Nil,,,,,0,0,Urban,0,,,Fine,Null
1771869.6854,5894278.0758,732903,,521201,0,,0,2,,North,2023/2024,SOUTHERN MOTORWAY,PARK ESTATE OBR,,Minor Crash,Yes,2024,,North,,0,,Flat,,,,,,Bright sun,806800,2,0,0,2,,,0,,,,,,Auckland Region,Nil,1-way,Sealed,,0,0,,100,,None,0,0,,76,Auckland,Nil,,,,,0,0,Open,3,,,Fine,Null
1755726.0717,5921202.0392,732910,,515202,0,0,0,0,0,West,2022/2023,NORTHERN MOTORWAY,FANSHAWE STREET OFF RAMP,,Non-Injury Crash,Yes,2023,0,South,0,0,0,Flat,1,,0,,0,Overcast,425600,0,0,0,4,0,0,0,0,0,,0,0,Auckland Region,Nil,1-way,Sealed,0,0,0,0,80,0,Off,0,0,,76,Auckland,Nil,0,0,0,0,0,0,Open,1,0,0,Fine,Null
1766427.7481,5907630.1285,732934,,523402,0,,0,3,,Null,2023/2024,EAST TAMAKI ROAD,OTARA ROAD,,Non-Injury Crash,No,2023,,East,,0,,Flat,,,,,,Bright sun,699300,0,0,0,4,,,0,,,,,,Auckland Region,Nil,2-way,Sealed,,0,0,,50,,Off,0,0,,76,Auckland,Traffic Signals,,,,,0,0,Urban,1,,,Fine,Null
1757186.3063,5912507.6452,732959,,518702,0,0,0,0,0,Null,2022/2023,SOUTH-WESTERN MOTORWAY,HILLSBOROUGH ROAD ON RAMP,,Non-Injury Crash,Yes,2023,0,South,0,0,0,Hill Road,1,,0,,0,Bright sun,570300,0,0,0,3,0,0,0,0,0,,0,0,Auckland Region,Nil,1-way,Sealed,0,0,0,0,100,0,Off,0,0,,76,Auckland,Nil,0,0,0,0,1,0,Open,0,0,0,Fine,Null
1744794.0776,5921375.1418,732967,,513530,0,,0,2,,North,2022/2023,NORTH-WESTERN MOTORWAY,HURUHURU OBR,,Non-Injury Crash,Yes,2023,,South,,0,,Flat,,,,,,Bright sun,226200,0,0,0,3,,,0,,,,,,Auckland Region,Nil,2-way,Sealed,,0,0,,100,,Off,0,0,,76,Auckland,Nil,,,,,0,0,Open,0,,,Fine,Null
1747438.8305,5912469.395,732974,,511901,0,0,0,2,0,South,2023/2024,CAPTAIN SCOTT ROAD,SCOTSTOUN PLACE,,Non-Injury Crash,No,2024,0,South,0,0,0,Hill Road,0,,0,,0,Bright sun,294402,0,0,0,2,0,0,0,0,1,,0,0,Auckland Region,Nil,2-way,Sealed,0,0,0,0,50,0,Off,0,0,,76,Auckland,Nil,0,1,0,1,0,0,Urban,0,0,0,Fine,Null
1746145.8314,5914967.6854,732975,,511800,0,0,0,1,0,South,2023/2024,SUNNYSIDE ROAD,WESTERN VIEW COURT,,Non-Injury Crash,No,2023,0,North,0,0,1,Flat,0,,0,,0,Dark,277500,0,0,0,2,0,0,0,0,0,,0,0,Auckland Region,Nil,2-way,Sealed,0,0,0,0,50,0,On,0,0,,76,Auckland,Nil,0,0,0,0,0,0,Urban,0,0,0,Light rain,Null
1753147.6199,5933938.2171,732983,,508804,0,,0,1,,North,2023/2024,NORTHERN MOTORWAY,GREVILLE ROAD OFF RAMP,,Non-Injury Crash,Yes,2023,,South,,0,,Hill Road,,,,,,Overcast,180605,0,0,0,4,,,0,,,,,,Auckland Region,Nil,1-way,Sealed,,0,0,,100,,Off,0,0,,76,Auckland,Nil,,,,,1,0,Open,0,,,Fine,Null
1754940.6002,5879474.838,732990,,521152,0,,0,2,,North,2023/2024,GLENBROOK-WAIUKU ROAD,WAITANGI FALLS ROAD,,Minor Crash,No,2024,,South,,0,,Flat,,,,,,Overcast,834300,1,0,0,2,,,0,,,,,,Auckland Region,Nil,2-way,Sealed,,0,0,,80,,None,0,0,30,76,Auckland,Nil,,,,,0,0,Open,0,,,Fine,Null