X,Y,OBJECTID,advisorySpeed,areaUnitID,bicycle,bridge,bus,carStationWagon,cliffBank,crashDirectionDescription,crashFinancialYear,crashLocation1,crashLocation2,crashRoadSideRoad,crashSeverity,crashSHDescription,crashYear,debris,directionRoleDescription,ditch,fatalCount,fence,flatHill,guardRail,holiday,houseOrBuilding,intersection,kerb,light,meshblockId,minorInjuryCount,moped,motorcycle,NumberOfLanes,objectThrownOrDropped,otherObject,otherVehicleType,overBank,parkedVehicle,pedestrian,phoneBoxEtc,postOrPole,region,roadCharacter,roadLane,roadSurface,roadworks,schoolBus,seriousInjuryCount,slipOrFlood,speedLimit,strayAnimal,streetLight,suv,taxi,temporarySpeedLimit,tlaId,tlaName,trafficControl,trafficIsland,trafficSign,train,tree,truck,unknownVehicleType,urban,vanOrUtility,vehicle,waterRiver,weatherA,weatherB
1754623.212,5913906.2359,732999,,518802,0,,0,1,,Null,2022/2023,STODDARD ROAD,MAY ROAD,,Non-Injury Crash,No,2023,,South,,0,,Flat,,,,,,Dark,579900,0,0,1,4,,,0,,,,,,Auckland Region,Nil,2-way,Sealed,,0,0,,50,,On,0,0,,76,Auckland,Traffic Signals,,,,,0,0,Urban,0,,,Fine,Strong wind
1757843.7267,5904262.1098,733014,,524200,0,0,0,0,0,East,2023/2024,IHUMATAO ROAD,SISTEMA WAY,,Non-Injury Crash,No,2023,0,West,1,0,0,Hill Road,0,,0,,0,Overcast,727000,0,0,0,2,0,0,0,0,0,,0,1,Auckland Region,Nil,2-way,Sealed,0,0,0,0,50,0,None,0,0,,76,Auckland,Nil,0,0,0,0,1,0,Urban,0,0,0,Light rain,Null
1763133.6636,5905908.4151,733023,,524303,0,,0,1,,Null,2022/2023,CLAUDE AVENUE,PORTAGE ROAD,,Non-Injury Crash,No,2023,,North,,0,,Flat,,,,,,Overcast,656200,0,0,0,2,,,0,,,,,,Auckland Region,Nil,2-way,Sealed,,0,0,,50,,Off,0,0,,76,Auckland,Give way,,,,,0,0,Urban,1,,,Fine,Null
1775946.7266,5881933.3895,733030,,521160,0,,0,2,,Null,2022/2023,MILL ROAD,BOMBAY OFF RAMP,,Non-Injury Crash,No,2023,,West,,0,,Flat,,,,,,Dark,827700,0,0,0,2,,,0,,,,,,Auckland Region,Motorway ramp,2-way,Sealed,,0,0,,60,,On,0,0,,76,Auckland,Stop,,,,,0,0,Urban,0,,,Light rain,Null
1754063.9377,5924941.7693,733070,,510500,1,,0,1,,East,2022/2023,ZION ROAD,BIRKENHEAD AVENUE,,Serious Crash,No,2023,,East,,0,,Hill Road,,,,,,Overcast,355800,0,0,0,2,,,0,,,,,,Auckland Region,Nil,2-way,Sealed,,0,1,,50,,Off,0,0,,76,Auckland,Nil,,,,,0,0,Urban,0,,,Fine,Null
1734991.3242,5929961.2574,733071,,505605,0,,0,1,,Null,2022/2023,SH 16,FOSTER ROAD,,Non-Injury Crash,Yes,2023,,West,,0,,Hill Road,,,,,,Dark,214700,0,0,0,2,,,0,,,,,,Auckland Region,Nil,2-way,Sealed,,0,0,,80,,On,1,0,,76,Auckland,Give way,,,,,0,0,Open,0,,,Fine,Null
1756936.6895,5918653.0006,733079,,514301,0,0,0,1,0,Null,2022/2023,SYMONDS STREET,NEW NORTH ROAD,,Non-Injury Crash,No,2023,0,South,0,0,0,Flat,0,,1,,0,Overcast,441800,0,0,0,4,0,0,0,0,0,,0,0,Auckland Region,Nil,2-way,Sealed,0,0,0,0,50,0,Off,0,0,,76,Auckland,Traffic Signals,0,0,0,0,0,0,Urban,0,0,0,Fine,Null
1759530.4016,5916351.6144,733087,,516002,0,,0,1,,South,2022/2023,SOUTHERN MOTORWAY,MARKET ROAD OFF RAMP,,Non-Injury Crash,Yes,2023,,North,,0,,Flat,,,,,,Bright sun,492000,0,0,0,4,,,0,,,,,,Auckland Region,Nil,2-way,Sealed,,0,0,,100,,Off,0,0,,76,Auckland,Nil,,,,,1,0,Open,0,,,Fine,Null
1736947.953,5981425.741,733119,,505300,0,,0,1,,Null,2023/2024,RODNEY STREET,DAVIES ROAD,,Serious Crash,Yes,2023,,North,,0,,Flat,,Labour Weekend,,,,Overcast,143500,0,0,1,2,,,0,,,,,,Auckland Region,Nil,2-way,Sealed,,0,1,,50,,Off,0,0,,76,Auckland,Give way,,,,,0,0,Urban,0,,,Fine,Null
1755823.0798,5918848.389,733134,,515500,0,,0,1,,North,2023/2024,GREAT NORTH ROAD,BRISBANE STREET,,Fatal Crash,No,2024,,North,,1,,Flat,,,,,,Dark,418700,1,0,0,4,,,0,,,,,,Auckland Region,Nil,2-way,Sealed,,0,0,,50,,On,0,0,,76,Auckland,Nil,,,,,1,0,Urban,0,,,Light rain,Null
1765272.0035,5900739.9976,733151,,524821,0,,0,1,,South,2022/2023,FINLAYSON AVENUE,NGATIRA PLACE,,Non-Injury Crash,No,2023,,South,,0,,Flat,,,,,,Bright sun,774411,0,0,0,2,,,0,,,,,,Auckland Region,Nil,2-way,Sealed,,0,0,,50,,Off,1,0,,76,Auckland,Nil,,,,,0,0,Urban,0,,,Fine,Null
1755167.6333,5918282.863,733158,,515500,0,,0,3,,West,2023/2024,NORTH-WESTERN MOTORWAY,BOND OBR,,Non-Injury Crash,Yes,2023,,East,,0,,Flat,,,,,,Overcast,418800,0,0,0,4,,,0,,,,,,Auckland Region,Nil,1-way,Sealed,,0,0,,80,,Off,0,0,,76,Auckland,Nil,,,,,0,0,Open,0,,,Light rain,Null
1769037.3535,5880346.7878,733159,,525922,0,,0,2,,Null,2023/2024,JOHN STREET,GLASGOW ROAD,,Non-Injury Crash,No,2023,,South,,0,,Flat,,,,,,Overcast,824000,0,0,0,2,,,0,,,,,,Auckland Region,Nil,2-way,Sealed,,0,0,,50,,Off,0,0,,76,Auckland,Give way,,,,,0,0,Urban,0,,,Fine,Null
1754239.0887,5929223.6828,733190,,508320,0,0,0,1,0,South,2022/2023,WAIRAU ROAD,HOGANS ROAD,,Non-Injury Crash,No,2023,0,East,0,0,0,Flat,0,,0,,0,Dark,196301,0,0,0,2,0,0,0,0,1,,0,0,Auckland Region,Nil,2-way,Sealed,0,0,0,0,50,0,On,2,0,,76,Auckland,Nil,0,0,0,0,0,0,Urban,0,0,0,Light rain,Null
1759863.9079,5912263.2809,733207,,520000,0,,0,3,,East,2023/2024,CHURCH STREET,ALFRED STREET,,Minor Crash,No,2024,,West,,0,,Flat,,,,,,Overcast,607200,2,0,0,2,,,0,,,,,,Auckland Region,Nil,2-way,Sealed,,0,0,,50,,None,0,0,30,76,Auckland,Nil,,,,,0,0,Urban,0,,,Light rain,Null
1750546.7258,5915729.6541,733214,,514802,0,0,0,2,0,South,2022/2023,ROSEBANK ROAD,VICTOR STREET,,Non-Injury Crash,No,2023,0,North,0,0,0,Flat,0,Christmas New Year,0,,0,Dark,386300,0,0,0,2,0,0,0,0,1,,0,0,Auckland Region,Nil,2-way,Sealed,0,0,0,0,50,0,On,0,0,,76,Auckland,Nil,0,0,0,0,0,0,Urban,0,0,0,Fine,Null
1765514.333,5914510.234,733247,,520601,0,,0,1,,North,2023/2024,TRIPOLI ROAD,KINGS ROAD,,Minor Crash,No,2024,,North,,0,,Flat,,,,,,Bright sun,631000,1,0,0,2,,,0,,,1,,,Auckland Region,Nil,2-way,Sealed,,0,0,,50,,Off,0,0,,76,Auckland,Nil,,,,,0,0,Urban,0,,,Fine,Null
1769442.1955,5902180.2554,733254,,523814,0,,0,0,,North,2024/2025,SOUTHERN MOTORWAY,HILL ROAD-MANUREWA OFF RAMP,,Serious Crash,Yes,2024,,South,,0,,Hill Road,,,,,,Overcast,760702,0,0,1,4,,,0,,,,,,Auckland Region,Nil,1-way,Sealed,,0,1,,100,,Off,0,0,,76,Auckland,Nil,,,,,0,0,Open,0,,,Light rain,Null
1769193.6809,5905174.0803,733255,,523712,0,,0,2,,Null,2022/2023,MATTHEWS ROAD,ASPIRING AVENUE,,Non-Injury Crash,No,2023,,South,,0,,Flat,,,,,,Overcast,716206,0,0,0,2,,,0,,,,,,Auckland Region,Nil,2-way,Sealed,,0,0,,50,,Off,0,0,,76,Auckland,Give way,,,,,0,0,Urban,0,,,Heavy rain,Null
1760047.0124,5915602.6897,733263,,519400,0,,0,1,,North,2024/2025,GREAT SOUTH ROAD,ATARANGI ROAD,,Minor Crash,No,2024,,North,,0,,Flat,,,,,,Bright sun,617000,1,0,1,6,,,0,,,,,,Auckland Region,Nil,2-way,Sealed,,0,0,,50,,Off,0,0,,76,Auckland,Nil,,,,,0,0,Urban,0,,,Fine,Null
1769703.8235,5914723.1473,733271,,522723,0,0,0,1,0,Null,2023/2024,OFF ROAD - CAR PARK - DUNROBIN PLACE,,,Minor Crash,No,2024,0,West,0,0,0,Flat,0,,1,,0,Dark,681304,1,0,0,0,0,0,0,0,0,1,0,0,Auckland Region,Nil,Off road,Sealed,0,0,0,0,,0,On,0,0,,76,Auckland,Nil,0,0,0,0,0,0,Urban,0,0,0,Fine,Null
1751540.1208,5916031.1071,733295,,514401,0,0,0,2,0,South,2023/2024,BLOCKHOUSE BAY ROAD,CRADOCK STREET,,Non-Injury Crash,No,2023,0,South,0,0,0,Hill Road,0,,0,,0,Overcast,383801,0,0,0,2,0,0,0,0,1,,0,0,Auckland Region,Nil,2-way,Sealed,0,0,0,0,50,0,Off,0,0,,76,Auckland,Nil,0,0,0,0,0,0,Urban,0,0,0,Fine,Null
1754325.9948,5913871.768,733311,,518802,0,,0,2,,North,2023/2024,SOUTH-WESTERN MOTORWAY,MAY OBR,,Non-Injury Crash,Yes,2023,,South,,0,,Flat,,,,,,Bright sun,579200,0,0,0,2,,,0,,,,,,Auckland Region,Nil,1-way,Sealed,,0,0,,100,,Off,0,0,,76,Auckland,Nil,,,,,0,0,Open,0,,,Fine,Null
1743377.5146,5923245.4117,733335,,513511,0,,0,2,,Null,2023/2024,DON BUCK ROAD,RUSH CREEK DRIVE,,Non-Injury Crash,No,2023,,North,,0,,Flat,,,,,,Dark,224311,0,0,0,2,,,0,,,,,,Auckland Region,Nil,2-way,Sealed,,0,0,,50,,On,0,0,,76,Auckland,Give way,,,,,0,0,Urban,0,,,Fine,Null
1740061.4792,5918965.1829,733342,,513102,0,0,0,0,0,East,2023/2024,SWANSON ROAD,PARKLANDS AVENUE,,Non-Injury Crash,No,2023,0,West,1,0,0,Hill Road,0,,0,,0,Dark,237502,0,0,0,2,0,0,0,0,0,,0,0,Auckland Region,Nil,2-way,Sealed,0,0,0,0,50,0,On,0,0,,76,Auckland,Nil,0,0,0,0,0,0,Urban,1,0,0,Light rain,Null
1752065.4541,5914227.9165,733343,,514402,0,0,0,1,0,West,2023/2024,TIVERTON ROAD,WHITNEY STREET,,Non-Injury Crash,No,2024,0,West,0,0,0,Flat,1,,0,,0,Dark,380900,0,0,0,4,0,0,0,0,0,,0,0,Auckland Region,Nil,2-way,Sealed,0,0,0,0,50,0,On,0,0,,76,Auckland,Nil,0,0,0,0,0,0,Urban,0,0,0,Fine,Null
1768983.9132,5909524.9962,733367,,523113,0,0,0,0,0,East,2023/2024,LADY RUBY DRIVE,SIR WILLIAM AVENUE,,Non-Injury Crash,No,2023,0,East,0,0,0,Flat,0,,0,,0,Overcast,711810,0,0,0,2,0,0,0,0,1,,0,0,Auckland Region,Nil,2-way,Sealed,0,0,0,0,50,0,Off,1,0,,76,Auckland,Nil,0,0,0,0,2,0,Urban,0,0,0,Light rain,Null
1765999.1553,5900590.6319,733382,,524711,0,0,0,2,0,Null,2022/2023,ROSCOMMON ROAD,WORDSWORTH ROAD,,Non-Injury Crash,No,2023,0,South,0,0,0,Flat,0,,0,,0,Overcast,774505,0,0,0,2,0,0,0,0,0,,0,0,Auckland Region,Nil,2-way,Sealed,0,0,0,0,50,0,Off,1,0,,76,Auckland,Give way,1,0,0,0,0,0,Urban,0,0,0,Fine,Null
1745450.3395,5920800.7062,733383,,513301,0,0,0,1,0,Null,2022/2023,LINCOLN ROAD,LINCOLN ROAD OFF RAMP,,Non-Injury Crash,No,2023,0,North,0,0,0,Flat,0,,0,,0,Dark,230200,0,0,0,2,0,0,0,0,0,,0,1,Auckland Region,Nil,2-way,Sealed,0,0,0,0,50,0,On,0,0,,76,Auckland,Traffic Signals,0,0,0,0,0,0,Urban,0,0,0,Light rain,Null
1753758.7018,5930246.3317,733390,,508420,0,0,0,2,0,East,2023/2024,CARIBBEAN DRIVE,SUNSET ROAD,,Minor Crash,No,2024,0,East,0,0,0,Hill Road,0,,0,,0,Dark,182001,1,0,0,1,0,0,0,0,1,1,0,0,Auckland Region,Nil,1-way,Sealed,0,0,0,0,50,0,On,0,0,,76,Auckland,Nil,0,0,0,0,0,0,Urban,0,0,0,Fine,Null
1765175.2932,5886600.5463,733407,,521122,0,,0,1,,South,2022/2023,OSTRICH ROAD,GLENBROOK ROAD,,Non-Injury Crash,No,2023,,North,,0,,Flat,,,,,,Dark,813200,0,0,0,2,,,0,,,,,,Auckland Region,Nil,2-way,Sealed,,0,0,,80,,Off,0,0,,76,Auckland,Nil,,,,,0,0,Open,0,,,Fine,Null
1758619.4555,5909853.8397,733423,,524002,0,0,0,0,0,Null,2022/2023,MCINTYRE ROAD,WHAKAHUI LANE,,Non-Injury Crash,No,2023,0,West,0,0,0,Flat,0,,0,,0,Bright sun,723100,0,0,0,2,0,0,0,0,0,,0,0,Auckland Region,Nil,2-way,Sealed,0,0,0,0,50,0,None,1,0,,76,Auckland,Nil,0,0,0,1,0,0,Urban,0,0,0,Fine,Null
1749559.8497,5918084.8128,733438,,514801,0,,0,0,,West,2023/2024,ROSEBANK ROAD ON RAMP,NORTH-WESTERN MOTORWAY,,Serious Crash,No,2023,,East,,0,,Flat,,,,,,Overcast,390401,1,0,0,2,,,1,,,,,,Auckland Region,Motorway ramp,1-way,Sealed,,0,1,,100,,Off,0,0,,76,Auckland,Nil,,,,,1,0,Open,1,,,Fine,Null
1768679.5543,5911776.7564,733454,,523107,0,,0,1,,Null,2023/2024,OFF ROAD - CAR PARK - TI RAKAU DRIVE,,,Minor Crash,No,2024,,East,,0,,Flat,,,,,,Bright sun,711408,1,0,0,,,,0,,,1,,,Auckland Region,Nil,Off road,Sealed,,0,0,,,,Off,0,0,,76,Auckland,Nil,,,,,0,0,Urban,0,,,Fine,Null
1741525.5725,5922116.9494,733487,45,513621,0,0,0,1,0,West,2023/2024,RED HILLS ROAD,MORUS ROAD,,Minor Crash,No,2023,0,East,0,0,1,Hill Road,0,,0,,0,Overcast,226601,1,0,0,1,0,0,0,0,0,,0,0,Auckland Region,Nil,2-way,Sealed,0,0,0,0,60,0,None,0,0,,76,Auckland,Nil,0,0,0,0,0,0,Urban,0,0,0,Heavy rain,Null
1766871.1389,5880561.8536,733502,,521112,0,0,0,1,0,East,2023/2024,RAINSFORD ROAD,TAEPU ROAD,,Serious Crash,No,2023,0,East,0,0,0,Flat,0,,0,,0,Overcast,825800,0,0,0,2,0,0,0,0,1,,0,0,Auckland Region,Nil,2-way,Sealed,0,0,1,0,50,0,On,0,0,,76,Auckland,Nil,0,0,0,0,0,0,Urban,1,0,0,Fine,Null
1744198.6851,5923336.9011,733511,,513511,0,0,0,0,0,South,2022/2023,NORTH-WESTERN MOTORWAY,UPPER HARBOUR MOTORWAY,,Non-Injury Crash,Yes,2023,0,North,0,0,0,Flat,1,,0,,0,Overcast,224303,0,0,0,4,0,0,0,0,0,,0,0,Auckland Region,Nil,1-way,Sealed,0,0,0,0,100,0,On,0,0,,76,Auckland,Nil,0,0,0,0,0,0,Open,1,0,0,Heavy rain,Null
1758114.8792,5920867.4521,733534,,514101,0,,0,2,,West,2023/2024,QUAY STREET,TINLEY STREET,,Non-Injury Crash,No,2023,,East,,0,,Flat,,,,,,Bright sun,438210,0,0,0,2,,,0,,,,,,Auckland Region,Nil,1-way,Sealed,,0,0,,30,,Off,1,0,,76,Auckland,Nil,,,,,0,0,Urban,0,,,Fine,Null
1788132.5774,5885588.8173,733551,,521134,0,0,0,0,0,South,2023/2024,PAPARIMU ROAD,MATHESON ROAD,,Non-Injury Crash,No,2023,0,South,1,0,0,Flat,0,,0,,0,Dark,815702,0,0,0,2,0,0,0,0,0,,0,0,Auckland Region,Nil,2-way,Sealed,0,0,0,0,100,0,None,0,0,,76,Auckland,Nil,0,0,0,0,0,0,Open,1,0,0,Fine,Null
1756991.0011,5920343.5773,733558,,514102,0,,0,0,,Null,2023/2024,HOBSON STREET,WELLESLEY STREET WEST,,Non-Injury Crash,No,2024,,South,,0,,Flat,,,,,,Overcast,433700,0,0,0,4,,,0,,,,,,Auckland Region,Nil,1-way,Sealed,,0,0,,40,,Off,1,0,,76,Auckland,Traffic Signals,,,,,0,0,Urban,1,,,Fine,Null
1755892.8547,5924530.2996,733590,,509800,0,,0,2,,East,2023/2024,ONEWA ROAD,BRUCE STREET,,Serious Crash,No,2024,,West,,0,,Hill Road,,,,,,Dark,360600,1,0,0,4,,,0,,,,,,Auckland Region,Nil,2-way,Sealed,,0,1,,50,,On,0,0,,76,Auckland,Nil,,,,,0,0,Urban,0,,,Heavy rain,Null
1779294.0942,5894275.2832,733591,,521301,0,,0,0,,East,2023/2024,HUNUA ROAD,HAYS CREEK ROAD,,Minor Crash,No,2023,,Null,,0,,Hill Road,,,,,,Dark,816403,1,0,0,2,,,0,,,,,,Auckland Region,Nil,2-way,Sealed,,0,0,,60,,Off,0,0,,76,Auckland,Nil,,,,,0,1,Urban,1,,,Light rain,Null
1765087.1471,5910472.8894,733599,,521803,0,,0,2,,South,2022/2023,FRANK GREY PLACE,PRINCES ST-OTAHUHU OFF RAMP,,Minor Crash,No,2023,,North,,0,,Flat,,,,,,Dark,790000,1,0,0,2,,,0,,,,,,Auckland Region,Motorway ramp,2-way,Sealed,,0,0,,50,,On,0,0,,76,Auckland,Nil,,,,,0,0,Urban,0,,,Fine,Null
1746818.6848,5918752.764,733614,,512401,0,,0,2,,South,2023/2024,TE ATATU ROAD,EDMONTON ROAD,,Non-Injury Crash,No,2023,,North,,0,,Flat,,,,,,Overcast,255600,0,0,0,2,,,0,,,,,,Auckland Region,Nil,2-way,Sealed,,0,0,,50,,Off,0,0,,76,Auckland,Nil,,,,,0,0,Urban,0,,,Light rain,Null
1757495.4933,5918668.2345,733615,,514302,0,,0,2,,North,2023/2024,SOUTHERN MOTORWAY,KHYBER PASS OBR,,Minor Crash,Yes,2023,,North,,0,,Flat,,,,,,Bright sun,442500,1,0,0,4,,,0,,,,,,Auckland Region,Overpass,1-way,Sealed,,0,0,,80,,Off,0,0,,76,Auckland,Nil,,,,,0,0,Open,0,,,Fine,Null
1749958.509,5946097.9325,733622,,506001,0,,0,1,,Null,2023/2024,HIBISCUS COAST HIGHWAY,SILVERDALE STREET,,Serious Crash,No,2024,,West,,0,,Flat,,,,,,Twilight,175400,0,0,0,2,,,0,,,,,,Auckland Region,Nil,1-way,Sealed,,0,1,,70,,Off,2,0,,76,Auckland,Give way,,,,,0,0,Urban,0,,,Fine,Null
1765998.0882,5907253.6941,733647,,522301,0,,0,1,,South,2022/2023,EAST TAMAKI ROAD,HOLROYD PLACE,,Non-Injury Crash,No,2023,,North,,0,,Flat,,,,,,Dark,667100,0,0,0,4,,,0,,,,,,Auckland Region,Nil,2-way,Sealed,,0,0,,50,,On,0,0,,76,Auckland,Nil,,,,,1,0,Urban,0,,,Fine,Null
1751539.9265,5912418.946,733686,,514700,0,,0,2,,South,2023/2024,BLOCKHOUSE BAY ROAD,EXMINSTER STREET,,Non-Injury Crash,No,2024,,North,,0,,Flat,,,,,,Bright sun,369900,0,0,0,2,,,0,,,,,,Auckland Region,Nil,2-way,Sealed,,0,0,,50,,Off,0,0,,76,Auckland,Nil,,,,,0,0,Urban,1,,,Fine,Null
1735541.9841,5987789.4412,733710,,506660,0,0,1,1,0,North,2023/2024,SH 1,TE HANA RAIL OBR,,Non-Injury Crash,Yes,2023,0,South,0,0,0,Flat,1,,0,,0,Bright sun,135800,0,0,0,2,0,0,0,0,0,,0,0,Auckland Region,Nil,2-way,Sealed,0,0,0,0,100,0,None,0,0,,76,Auckland,Nil,0,0,0,0,0,0,Open,0,1,0,Fine,Null
1751492.601,5948074.0573,733734,,505807,0,0,0,2,0,North,2023/2024,POHUTUKAWA AVENUE,RIVER ROAD,,Non-Injury Crash,No,2023,0,South,0,0,0,Flat,0,,0,,0,Dark,172501,0,0,0,2,0,0,0,0,1,,0,0,Auckland Region,Nil,2-way,Sealed,0,0,0,0,50,0,On,0,0,,76,Auckland,Nil,0,0,0,0,0,0,Urban,0,0,0,Fine,Null
1757592.6399,5918587.3513,733751,,514302,0,0,0,1,0,Null,2022/2023,KHYBER PASS ROAD,BOSTON ROAD,,Non-Injury Crash,No,2023,0,East,0,0,0,Hill Road,0,,0,,0,Bright sun,442100,0,0,0,6,0,0,0,0,0,,0,0,Auckland Region,Overpass,2-way,Sealed,1,0,0,0,50,0,Off,0,0,,76,Auckland,Traffic Signals,0,0,0,1,0,0,Urban,0,0,0,Fine,Null
1760715.9486,5907260.5627,733766,,524112,0,,0,1,,West,2023/2024,SOUTH-WESTERN MOTORWAY,BADER OBR,,Non-Injury Crash,Yes,2023,,North,,0,,Flat,,,,,,Dark,737500,0,0,0,2,,,0,,,,,,Auckland Region,Nil,1-way,Sealed,,0,0,,100,,On,0,0,,76,Auckland,Nil,,,,,0,0,Open,1,,,Fine,Null
1751164.5733,5915898.6515,733774,,514401,0,0,0,0,0,Null,2023/2024,GREAT NORTH ROAD,VICTOR STREET,,Non-Injury Crash,No,2023,0,South,0,0,0,Hill Road,0,,0,,1,Dark,383400,0,0,0,4,0,0,0,0,0,,0,0,Auckland Region,Nil,2-way,Sealed,0,0,0,0,50,0,On,0,0,,76,Auckland,Traffic Signals,0,1,0,0,0,0,Urban,1,0,0,Fine,Null
1759028.3591,5906773.5006,733775,,524200,0,,0,1,,South,2023/2024,KIRKBRIDE ROAD,VISCOUNT STREET,,Minor Crash,No,2023,,North,,0,,Flat,,,,,,Bright sun,726300,1,0,0,2,,,0,,,1,,,Auckland Region,Nil,2-way,Sealed,,0,0,,50,,Off,0,0,,76,Auckland,Nil,,,,,0,0,Urban,0,,,Fine,Null
1763578.5376,5910535.9712,733799,,521901,1,,0,1,,North,2023/2024,GREAT SOUTH ROAD,HOKONUI ROAD,,Minor Crash,No,2023,,North,,0,,Flat,,,,,,Bright sun,781500,1,0,0,2,,,0,,,,,,Auckland Region,Nil,2-way,Sealed,,0,0,,50,,Off,0,0,,76,Auckland,Nil,,,,,0,0,Urban,0,,,Fine,Null
1766296.1053,5907484.3592,733815,,523601,0,,0,2,,South,2023/2024,SOUTHERN MOTORWAY,EAST TAMAKI OBR,,Minor Crash,Yes,2023,,South,,0,,Flat,,,,,,Bright sun,708500,1,0,0,3,,,0,,,,,,Auckland Region,Nil,1-way,Sealed,,0,0,,100,,Off,0,0,,76,Auckland,Nil,,,,,0,0,Open,0,,,Fine,Null
1769008.6212,5889543.5987,733830,,521122,0,0,0,1,0,South,2022/2023,BLACKBRIDGE ROAD,KARAKA SCHOOL LANE,,Non-Injury Crash,No,2023,0,North,0,0,1,Flat,0,,0,,0,Overcast,810000,0,0,0,2,0,0,0,0,0,,0,0,Auckland Region,Nil,2-way,Sealed,0,0,0,0,60,0,None,0,0,,76,Auckland,Nil,0,0,0,0,0,0,Urban,0,0,0,Fine,Null
1758483.2752,5920088.3211,733839,,515902,0,,0,0,,East,2023/2024,PARNELL RISE,BEDFORD STREET,,Serious Crash,No,2023,,West,,0,,Hill Road,,,,,,Bright sun,452200,0,0,0,4,,,0,,,1,,,Auckland Region,Nil,2-way,Sealed,,0,1,,50,,Off,1,0,,76,Auckland,Nil,,,,,0,0,Urban,0,,,Fine,Null
1782124.5927,5904607.2954,733854,,525201,0,,0,1,,North,2023/2024,CLEVEDON-KAWAKAWA ROAD,MCNICOL ROAD,,Serious Crash,No,2024,,West,,0,,Hill Road,,,,,,Bright sun,764201,1,0,0,2,,,0,,,,,,Auckland Region,Nil,2-way,Sealed,,0,3,,80,,None,0,0,,76,Auckland,Nil,,,,,0,0,Open,1,,,Fine,Null
1754831.5553,5933183.3807,733871,,508804,0,,0,0,,Null,2023/2024,ROSEDALE ROAD,EAST COAST ROAD,,Minor Crash,No,2023,,East,,0,,Hill Road,,,,,,Dark,156002,1,0,0,1,,,0,,,,,,Auckland Region,Nil,1-way,Sealed,,0,0,,50,,On,1,0,,76,Auckland,Traffic Signals,,,,,0,0,Urban,1,,,Fine,Null
1747650.7773,5919460.3785,733879,,512402,0,,0,1,,West,2022/2023,TE ATATU ROAD OFF RAMP,NORTH-WESTERN MOTORWAY,,Non-Injury Crash,No,2023,,West,,0,,Flat,,,,,,Overcast,253700,0,0,0,2,,,0,,,,,,Auckland Region,Motorway ramp,1-way,Sealed,,0,0,,100,,Off,1,0,,76,Auckland,Nil,,,,,0,0,Open,0,,,Fine,Frost
1760771.3363,5914736.5738,733887,,519500,0,,0,2,,Null,2022/2023,GREAT SOUTH ROAD,ROCKFIELD ROAD,,Non-Injury Crash,No,2023,,North,,0,,Flat,,,,,,Bright sun,620400,0,0,0,4,,,0,,,,,,Auckland Region,Nil,2-way,Sealed,,0,0,,50,,On,0,0,,76,Auckland,Traffic Signals,,,,,0,0,Urban,0,,,Fine,Null
1761118.0675,5914921.5629,733895,,520202,0,,0,1,,South,2023/2024,SOUTHERN MOTORWAY,ELLERSLIE FTBR,,Non-Injury Crash,Yes,2024,,South,,0,,Flat,,,,,,Bright sun,611900,0,0,0,3,,,0,,,,,,Auckland Region,Nil,1-way,Sealed,,0,0,,100,,Off,1,0,,76,Auckland,Nil,,,,,0,0,Open,0,,,Fine,Null
1781515.1043,5926600.8863,733950,,520801,0,0,0,1,1,South,2023/2024,OCEAN ROAD,JUNCTION ROAD,,Non-Injury Crash,No,2023,0,South,0,0,0,Flat,0,,0,,0,Bright sun,515104,0,0,0,2,0,0,0,0,0,,0,0,Auckland Region,Nil,2-way,Sealed,0,0,0,0,50,0,Off,0,0,,76,Auckland,Nil,0,0,0,0,0,0,Urban,0,0,0,Fine,Null
1766256.3572,5905377.4563,733958,,522202,0,,0,1,,Null,2023/2024,CARRUTH ROAD,FITZROY STREET,,Minor Crash,No,2023,,South,,0,,Flat,,,,,,Twilight,665700,1,0,0,2,,,0,,,,,,Auckland Region,Nil,2-way,Sealed,,0,0,,50,,Off,0,0,40,76,Auckland,Stop,,,,,0,0,Urban,1,,,Fine,Null
1764203.4139,5910002.9908,733967,,521901,0,,1,0,,South,2023/2024,ATKINSON AVENUE,GORDON ROAD,,Non-Injury Crash,No,2023,,South,,0,,Flat,,,,,,Bright sun,783800,0,0,0,5,,,0,,,,,,Auckland Region,Nil,2-way,Sealed,,0,0,,50,,Off,0,0,,76,Auckland,Nil,,,,,0,0,Urban,1,,,Fine,Null
1752412.1336,5915071.253,733974,,517902,0,0,0,0,0,West,2022/2023,SH 20,MAIORO STREET OFF RAMP,,Non-Injury Crash,Yes,2023,0,East,0,0,0,Hill Road,1,,0,,0,Dark,519900,0,0,0,3,0,0,0,0,0,,0,0,Auckland Region,Tunnel,1-way,Sealed,0,0,0,0,80,0,On,1,0,,76,Auckland,Nil,0,0,0,0,0,0,Open,0,0,0,Fine,Null
1757564.1344,5920804.861,733975,,514103,0,0,0,1,0,North,2023/2024,FORT LANE,FORT STREET,,Non-Injury Crash,No,2023,0,North,0,0,0,Hill Road,0,,0,,0,Dark,438000,0,0,0,1,0,1,0,0,0,,1,0,Auckland Region,Nil,1-way,Sealed,0,0,0,0,10,0,None,0,0,,76,Auckland,Nil,0,0,0,0,0,0,Urban,0,0,0,Light rain,Null