X,Y,OBJECTID,advisorySpeed,areaUnitID,bicycle,bridge,bus,carStationWagon,cliffBank,crashDirectionDescription,crashFinancialYear,crashLocation1,crashLocation2,crashRoadSideRoad,crashSeverity,crashSHDescription,crashYear,debris,directionRoleDescription,ditch,fatalCount,fence,flatHill,guardRail,holiday,houseOrBuilding,intersection,kerb,light,meshblockId,minorInjuryCount,moped,motorcycle,NumberOfLanes,objectThrownOrDropped,otherObject,otherVehicleType,overBank,parkedVehicle,pedestrian,phoneBoxEtc,postOrPole,region,roadCharacter,roadLane,roadSurface,roadworks,schoolBus,seriousInjuryCount,slipOrFlood,speedLimit,strayAnimal,streetLight,suv,taxi,temporarySpeedLimit,tlaId,tlaName,trafficControl,trafficIsland,trafficSign,train,tree,truck,unknownVehicleType,urban,vanOrUtility,vehicle,waterRiver,weatherA,weatherB
1754423.769,5917177.6828,733991,,517600,0,,0,2,,Null,2023/2024,TAYLORS ROAD,SAINSBURY ROAD,,Non-Injury Crash,No,2024,,South,,0,,Flat,,,,,,Bright sun,534800,0,0,0,2,,,0,,,,,,Auckland Region,Nil,2-way,Sealed,,0,0,,30,,Off,0,0,,76,Auckland,Stop,,,,,0,0,Urban,0,,,Fine,Null
1745040.5716,5919779.7221,734023,,513301,0,0,0,1,0,Null,2023/2024,UNIVERSAL DRIVE,TUDOR ROAD,,Non-Injury Crash,No,2024,0,East,0,0,1,Hill Road,0,,1,,0,Dark,232001,0,0,0,2,0,0,0,0,0,,0,0,Auckland Region,Nil,2-way,Sealed,0,0,0,0,50,0,On,0,0,,76,Auckland,Give way,0,0,0,0,0,0,Urban,0,0,0,Light rain,Null
1766928.9438,5903741.8791,734030,,524604,0,,0,1,,Null,2022/2023,LAMBIE DRIVE,WIRI STATION ROAD,,Non-Injury Crash,No,2023,,North,,0,,Hill Road,,,,,,Twilight,780210,0,0,0,4,,,0,,,,,,Auckland Region,Nil,2-way,Sealed,,0,0,,50,,Off,0,0,,76,Auckland,Give way,,,,,0,0,Urban,1,,,Fine,Null
1756892.1086,5919169.8134,734047,,514200,0,,0,1,,West,2023/2024,SOUTHERN TO NORTH-WESTERN LINK,SOUTHERN MOTORWAY,,Non-Injury Crash,Yes,2024,,West,,0,,Hill Road,,,,,,Bright sun,412900,0,0,0,3,,,0,,,,,,Auckland Region,Nil,1-way,Sealed,,0,0,,80,,Off,0,0,,76,Auckland,Nil,,,,,0,0,Open,1,,,Fine,Null
1751290.2923,5929920.3506,734070,,509100,0,,0,2,,South,2022/2023,UPPER HARBOUR MOTORWAY,ALBANY HIGHWAY ON RAMP,,Non-Injury Crash,Yes,2023,,West,,0,,Flat,,,,,,Dark,181108,0,0,0,2,,,0,,,,,,Auckland Region,Nil,1-way,Sealed,,0,0,,100,,On,0,0,,76,Auckland,Nil,,,,,0,0,Open,2,,,Light rain,Null
1772980.1386,5895721.5897,734079,,525410,0,0,0,1,0,Null,2023/2024,OPAHEKE ROAD,ONSLOW ROAD,,Non-Injury Crash,No,2023,0,North,0,0,1,Flat,0,Christmas New Year,0,,0,Dark,793400,0,0,0,2,0,0,0,0,0,,0,0,Auckland Region,Nil,2-way,Sealed,0,0,0,0,50,0,On,0,0,,76,Auckland,Stop,0,0,0,0,0,0,Urban,0,0,0,Fine,Null
1758048.4527,5919930.4513,734086,,514301,0,,0,1,,South,2022/2023,SH 16,STANLEY STREET,,Non-Injury Crash,Yes,2023,,North,,0,,Flat,,,,,,Bright sun,440300,0,0,0,3,,,0,,,,,,Auckland Region,Nil,1-way,Sealed,,0,0,,50,,Off,0,0,,76,Auckland,Nil,,,,,0,0,Urban,0,,,Fine,Null
1772596.0117,5888049.1433,734087,,521132,0,0,0,1,0,South,2023/2024,RUNCIMAN ROAD,KINCORA LANE,,Minor Crash,No,2024,0,North,1,0,1,Flat,0,,0,,0,Bright sun,813900,2,0,0,2,0,0,0,0,0,,0,0,Auckland Region,Nil,2-way,Sealed,0,0,0,0,80,0,None,0,0,,76,Auckland,Nil,0,0,0,0,0,0,Open,0,0,0,Fine,Null
1746819.2891,5918688.3932,734095,,512401,0,0,0,1,0,North,2023/2024,TE ATATU ROAD,WAKELING AVENUE,,Non-Injury Crash,No,2023,0,South,0,0,1,Flat,0,,0,,0,Dark,255600,0,0,0,2,0,0,0,0,0,,0,0,Auckland Region,Nil,2-way,Sealed,0,0,0,0,50,0,On,0,0,,76,Auckland,Nil,0,0,0,0,0,0,Urban,0,0,0,Fine,Null
1750777.5947,5913267.721,734118,,514600,0,0,0,2,0,South,2023/2024,FALKIRK STREET,BUSBY STREET,,Non-Injury Crash,No,2023,0,South,0,0,0,Flat,0,,0,,0,Bright sun,370900,0,0,0,2,0,0,0,0,1,,0,0,Auckland Region,Nil,2-way,Sealed,0,0,0,0,50,0,Off,0,0,,76,Auckland,Nil,0,0,0,0,0,0,Urban,0,0,0,Fine,Null
1751638.3877,5934047.1287,734135,,508701,0,0,0,2,0,Null,2023/2024,DAIRY FLAT HIGHWAY,OTEHA VALLEY ROAD,,Non-Injury Crash,No,2024,0,North,0,0,0,Flat,0,,0,,0,Bright sun,178800,0,0,0,2,0,0,0,0,0,,0,0,Auckland Region,Nil,1-way,Sealed,0,0,0,0,50,0,Off,0,0,,76,Auckland,Traffic Signals,0,1,0,0,0,0,Urban,0,0,0,Fine,Null
1759518.2621,5908849.8156,734151,,524002,0,0,0,1,0,Null,2023/2024,CORONATION ROAD,CORONATION ROAD OFF RAMP,,Minor Crash,No,2024,0,North,0,0,0,Flat,0,,0,,1,Dark,724101,1,0,1,2,0,0,0,0,0,,0,0,Auckland Region,Nil,2-way,Sealed,0,0,0,0,50,0,On,0,0,,76,Auckland,Give way,1,0,0,0,0,1,Urban,0,0,0,Fine,Null
1763888.3607,5912607.7185,734158,,520500,0,,0,1,,Null,2023/2024,MOUNT WELLINGTON HIGHWAY,MOUNT WELLINGTON HWY ON RAMP,,Minor Crash,No,2024,,South,,0,,Flat,,,,,,Overcast,637500,1,0,1,3,,,0,,,,,,Auckland Region,Nil,1-way,Sealed,,0,0,,50,,Off,0,0,,76,Auckland,Traffic Signals,,,,,0,0,Urban,0,,,Light rain,Null
1769396.8944,5889564.6138,734159,,521202,0,0,0,0,0,East,2023/2024,KARAKA ROAD,BLACKBRIDGE ROAD,,Non-Injury Crash,Yes,2023,0,East,0,0,0,Flat,1,,0,,0,Dark,807100,0,0,0,1,0,0,0,0,0,,0,0,Auckland Region,Nil,1-way,Sealed,0,0,0,0,80,0,On,1,0,30,76,Auckland,Nil,0,0,0,0,0,0,Open,0,0,0,Fine,Null
1763639.0643,5912666.9859,734166,,520500,0,0,0,1,0,West,2023/2024,MOUNT WELLINGTON HWY ON RAMP,MOUNT WELLINGTON HIGHWAY,,Non-Injury Crash,No,2023,0,West,0,0,0,Hill Road,1,,0,,0,Dark,637300,0,0,0,2,0,0,0,0,0,,0,0,Auckland Region,Nil,1-way,Sealed,0,0,0,0,100,0,On,0,0,,76,Auckland,Nil,0,0,0,0,0,0,Open,0,0,0,Fine,Null
1771792.4464,5912352.5028,734173,,523102,0,0,0,1,0,Null,2023/2024,WHITFORD ROAD,CHAPEL ROAD,,Non-Injury Crash,No,2024,0,East,0,0,0,Hill Road,0,,1,,1,Bright sun,711030,0,0,0,2,0,0,0,0,0,,0,0,Auckland Region,Nil,2-way,Sealed,0,0,0,0,50,0,Off,0,0,,76,Auckland,Give way,0,0,0,0,0,0,Urban,0,0,0,Fine,Null
1772079.1511,5913058.8882,734181,,523102,0,0,0,1,0,West,2022/2023,MEADOWLAND DRIVE,RENWAY RISE,,Non-Injury Crash,No,2023,0,West,0,0,0,Flat,0,Easter,0,,0,Dark,711024,0,0,0,2,0,0,0,0,1,,0,0,Auckland Region,Nil,2-way,Sealed,0,0,0,0,50,0,On,1,0,,76,Auckland,Nil,0,0,0,0,0,0,Urban,0,0,0,Fine,Null
1743933.6402,5924015.7296,734182,,513410,0,,0,1,,Null,2023/2024,FRED TAYLOR DRIVE,HOBSONVILLE ROAD OFF RAMP,,Non-Injury Crash,No,2023,,East,,0,,Flat,,,,,,Overcast,224000,0,0,0,5,,,0,,,,,,Auckland Region,Nil,2-way,Sealed,,0,0,,50,,Off,0,0,,76,Auckland,Traffic Signals,,,,,0,0,Urban,1,,,Light rain,Null
1760117.6762,5914153.147,734198,,519400,0,0,0,4,0,North,2023/2024,NGATIAWA STREET,TAWHIRI ROAD,,Non-Injury Crash,No,2024,0,South,0,0,0,Flat,0,,0,,1,Bright sun,619000,0,0,0,2,0,0,0,0,1,,0,0,Auckland Region,Nil,2-way,Sealed,0,0,0,0,50,0,Off,0,0,,76,Auckland,Nil,0,0,0,0,0,0,Urban,0,0,0,Fine,Null
1746212.5318,5913928.8165,734206,,511002,0,0,0,2,0,South,2023/2024,ROSIER ROAD,WEST COAST ROAD,,Non-Injury Crash,No,2023,0,North,0,0,1,Hill Road,0,,0,,0,Overcast,283100,0,0,0,2,0,0,0,0,1,,0,1,Auckland Region,Nil,2-way,Sealed,0,0,0,0,50,0,Off,0,0,,76,Auckland,Nil,0,0,0,0,0,0,Urban,0,0,0,Fine,Null
1748727.7573,5936585.4268,734221,,506300,0,0,0,2,0,North,2023/2024,DAIRY FLAT HIGHWAY,FOLEY QUARRY ROAD,,Non-Injury Crash,No,2023,0,North,1,0,0,Hill Road,0,,0,,0,Overcast,176004,0,0,0,3,0,0,0,0,0,,0,0,Auckland Region,Nil,2-way,Sealed,0,0,0,0,80,0,None,0,0,,76,Auckland,Nil,0,0,0,0,0,0,Open,0,0,0,Fine,Null
1752037.7424,5914226.8584,734222,,514402,0,,0,3,,West,2023/2024,TIVERTON ROAD,WHITNEY STREET,,Non-Injury Crash,No,2023,,West,,0,,Hill Road,,,,,,Overcast,380900,0,0,0,4,,,0,,,,,,Auckland Region,Nil,2-way,Sealed,,0,0,,50,,Off,0,0,,76,Auckland,Nil,,,,,0,0,Urban,0,,,Fine,Null
1753700.5916,5934520.1392,734230,,508704,0,,0,1,,Null,2023/2024,OFF ROAD - CAR PARK,,,Minor Crash,No,2024,,North,,0,,Flat,,,,,,Overcast,179130,1,0,0,,,,0,,,1,,,Auckland Region,Nil,Off road,Sealed,,0,0,,,,Off,0,0,,76,Auckland,Nil,,,,,0,0,Urban,0,,,Fine,Null
1768651.8505,5905299.5993,734237,,523722,0,,0,2,,Null,2023/2024,HOLLYFORD DRIVE,TE IRIRANGI DRIVE,,Non-Injury Crash,No,2023,,North,,0,,Null,,,,,,Unknown,716007,0,0,0,1,,,0,,,,,,Auckland Region,Nil,1-way,Sealed,,0,0,,60,,Null,0,0,,76,Auckland,Give way,,,,,0,0,Urban,0,,,Null,Null
1755150.7355,5924729.8084,734245,,509800,0,0,0,2,0,West,2023/2024,ONEWA ROAD,BUSH VIEW LANE,,Non-Injury Crash,No,2024,0,West,0,0,0,Flat,0,,0,,0,Dark,361600,0,0,0,4,0,0,0,0,1,,0,0,Auckland Region,Nil,2-way,Sealed,0,0,0,0,50,0,On,0,0,,76,Auckland,Nil,0,0,0,0,0,0,Urban,0,0,0,Fine,Null
1746534.475,5916298.8246,734253,,510800,0,,0,2,,South,2024/2025,GREAT NORTH ROAD,JAMES LAURIE STREET,,Minor Crash,No,2024,,South,,0,,Flat,,,,,,Overcast,244100,1,0,0,4,,,0,,,,,,Auckland Region,Nil,2-way,Sealed,,0,0,,50,,Off,0,0,,76,Auckland,Nil,,,,,0,0,Urban,0,,,Light rain,Strong wind
1786887.9358,5926647.3108,734270,,520801,0,0,0,0,0,South,2023/2024,BELLE TERRACE,BELLE VIEW PLACE,,Non-Injury Crash,No,2023,0,North,0,0,0,Null,0,,0,,0,Unknown,515705,0,0,0,2,0,0,1,0,1,,0,0,Auckland Region,Nil,2-way,Null,0,0,0,0,50,0,Null,1,0,,76,Auckland,Nil,0,0,0,0,0,0,Urban,0,0,0,Null,Null
1771691.468,5903077.3538,734286,,523819,0,,0,2,,North,2023/2024,MILL ROAD,POLO PRINCE DRIVE,,Non-Injury Crash,No,2023,,South,,0,,Hill Road,,,,,,Dark,760812,0,0,0,2,,,0,,,,,,Auckland Region,Nil,2-way,Sealed,,0,0,,60,,None,0,0,50,76,Auckland,Nil,,,,,0,0,Urban,0,,,Fine,Null
1762377.0717,5906003.4441,734301,,524200,0,,0,1,,South,2022/2023,SOUTH-WESTERN MOTORWAY,MASSEY ROAD OFF RAMP,,Non-Injury Crash,Yes,2023,,North,,0,,Flat,,,,,,Bright sun,729000,0,0,0,2,,,0,,,,,,Auckland Region,Nil,1-way,Sealed,,0,0,,100,,None,0,0,,76,Auckland,Nil,,,,,1,0,Open,0,,,Fine,None
1765694.5421,5906036.4398,734317,,522202,0,0,0,2,0,Null,2022/2023,ST GEORGE STREET,WILMAY AVENUE,,Non-Injury Crash,No,2023,0,South,0,0,1,Flat,0,,0,,0,Overcast,663900,0,0,0,2,0,0,0,0,0,,0,0,Auckland Region,Speed hump,2-way,Sealed,0,0,0,0,50,0,Off,0,0,40,76,Auckland,Give way,0,0,0,0,0,0,Urban,0,0,0,Light rain,Null
1760690.3529,5915462.6995,734333,,520201,0,1,0,0,0,South,2023/2024,WALPOLE STREET,WALPOLE OBR,,Non-Injury Crash,No,2023,0,North,0,0,0,Hill Road,0,,0,,0,Twilight,613000,0,0,0,2,0,0,0,0,0,,0,0,Auckland Region,Bridge,2-way,Sealed,0,0,0,0,50,0,Off,0,0,,76,Auckland,Nil,0,0,0,0,1,0,Urban,0,0,0,Light rain,Null
1750602.129,5934641.8116,734341,,508701,0,0,0,1,0,West,2022/2023,DAIRY FLAT HIGHWAY,STEVENSON CRESCENT,,Non-Injury Crash,No,2023,0,East,0,0,0,Hill Road,0,,0,,0,Dark,178705,0,0,0,3,0,0,0,0,0,,0,0,Auckland Region,Nil,2-way,Sealed,0,0,0,0,50,0,None,0,0,,76,Auckland,Nil,0,0,0,1,0,0,Urban,0,0,0,Light rain,Null
1756503.6908,5919458.4066,734342,,514102,0,,0,2,,South,2022/2023,NORTH-WESTERN TO NORTHERN LINK,PORT TO NORTHERN LINK,,Non-Injury Crash,Yes,2023,,North,,0,,Flat,,,,,,Bright sun,436002,0,0,0,2,,,0,,,,,,Auckland Region,Nil,1-way,Sealed,,0,0,,80,,Off,0,0,,76,Auckland,Nil,,,,,0,0,Open,0,,,Fine,Null
1764995.9845,5910220.7473,734350,,521801,0,0,0,3,0,East,2022/2023,TODD PLACE,PRINCES STREET,,Non-Injury Crash,No,2023,0,North,0,0,0,Flat,0,,0,,0,Dark,787700,0,0,0,2,0,0,0,0,0,,0,0,Auckland Region,Nil,2-way,Sealed,0,0,0,0,50,0,On,0,0,,76,Auckland,Nil,0,0,0,0,0,0,Urban,0,1,0,Light rain,Null
1772664.8484,5894762.8328,734357,,525530,0,0,0,1,0,North,2023/2024,GREAT SOUTH ROAD,BELLFIELD ROAD,,Non-Injury Crash,No,2023,0,North,0,0,0,Flat,0,,0,,0,Overcast,803602,0,0,0,2,0,0,0,0,1,,0,0,Auckland Region,Nil,2-way,Sealed,0,0,0,0,50,0,Off,0,0,30,76,Auckland,Nil,0,0,0,0,0,0,Urban,1,0,0,Fine,Null
1768032.74,5905190.5452,734366,,523722,0,0,0,0,0,West,2022/2023,TE IRIRANGI DRIVE,SANDRINE AVENUE,,Non-Injury Crash,No,2023,0,East,0,0,0,Flat,0,,0,,0,Dark,715701,0,0,0,2,0,0,0,0,0,,0,1,Auckland Region,Nil,1-way,Sealed,0,0,0,0,60,0,On,0,0,,76,Auckland,Nil,0,0,0,0,0,0,Urban,1,0,0,Fine,Null
1763095.8338,5882350.1845,734373,,521121,0,0,0,1,0,Null,2023/2024,PATUMAHOE ROAD,HUNTER ROAD,,Non-Injury Crash,No,2023,0,South,1,0,0,Flat,0,,0,,0,Overcast,811700,0,0,0,2,0,0,0,0,0,,0,0,Auckland Region,Nil,2-way,Unsealed,0,0,0,0,60,0,None,0,0,,76,Auckland,Nil,0,0,0,0,0,0,Urban,0,0,0,Fine,Null
1755477.2914,5929000.9124,734374,,508320,0,,0,2,,Null,2023/2024,TRISTRAM AVENUE,TRISTRAM AVENUE ON RAMP,,Non-Injury Crash,No,2023,,East,,0,,Flat,,,,,,Dark,198500,0,0,0,6,,,0,,,,,,Auckland Region,Nil,2-way,Sealed,,0,0,,50,,On,0,0,,76,Auckland,Traffic Signals,,,,,0,0,Urban,0,,,Fine,Null
1771211.0516,5887608.6455,734382,65,521122,0,0,0,1,0,North,2022/2023,BURTT ROAD,SOLITAIRE LANE,,Non-Injury Crash,No,2023,0,South,0,0,1,Flat,0,,0,,0,Overcast,813300,0,0,0,2,0,0,0,0,0,,0,0,Auckland Region,Nil,2-way,Sealed,0,0,0,0,80,0,None,0,0,,76,Auckland,Nil,0,1,0,0,0,0,Open,0,0,0,Light rain,Null
1762171.4631,5913671.5994,734389,,520500,0,,0,1,,North,2022/2023,SOUTHERN MOTORWAY,PENROSE OBR,,Non-Injury Crash,Yes,2023,,North,,0,,Flat,,,,,,Dark,637000,0,0,0,3,,,0,,,,,,Auckland Region,Nil,1-way,Sealed,,0,0,,100,,On,0,0,,76,Auckland,Nil,,,,,1,0,Open,0,,,Fine,Null
1762137.5243,5908593.0422,734398,,524530,0,0,0,1,0,Null,2023/2024,TENNESSEE AVENUE,BLAKE ROAD,,Non-Injury Crash,No,2023,0,North,0,0,0,Flat,0,,0,,0,Dark,731300,0,0,0,2,0,0,0,0,1,,0,0,Auckland Region,Nil,2-way,Sealed,0,0,0,0,50,0,On,0,0,,76,Auckland,Give way,0,0,0,0,0,0,Urban,1,0,0,Light rain,Null
1766233.8331,5887407.304,734406,,521122,0,,0,2,,Null,2023/2024,GLENBROOK ROAD,CHARLES ROAD,,Minor Crash,No,2024,,North,,0,,Flat,,,,,,Twilight,809900,1,0,0,2,,,0,,,,,,Auckland Region,Nil,2-way,Sealed,,0,0,,80,,Off,0,0,,76,Auckland,Give way,,,,,0,0,Open,0,,,Fine,Null
1758935.4331,5913211.847,734414,,519720,0,,0,2,,Null,2023/2024,ONEHUNGA MALL,MOUNT SMART ROAD,,Non-Injury Crash,No,2023,,South,,0,,Flat,,,,,,Dark,595900,0,0,0,3,,,0,,,,,,Auckland Region,Nil,2-way,Sealed,,0,0,,50,,On,0,0,,76,Auckland,Traffic Signals,,,,,0,0,Urban,0,,,Fine,Null
1760983.769,5907297.294,734422,,524520,0,,0,0,,Null,2022/2023,BADER DRIVE,ROBERTSON ROAD,,Non-Injury Crash,No,2023,,West,,0,,Null,,,,,,Unknown,736101,0,0,0,2,,,0,,,,,,Auckland Region,Nil,1-way,Sealed,,0,0,,50,,On,1,0,,76,Auckland,Give way,,,,,0,1,Urban,0,,,Fine,Null
1759875.3271,5903653.5778,734446,,524200,0,,0,2,,Null,2023/2024,TOM PEARCE DRIVE,UENUKU WAY,,Minor Crash,No,2024,,East,,0,,Flat,,,,,,Bright sun,727200,1,0,0,2,,,0,,,,,,Auckland Region,Nil,2-way,Sealed,,0,0,,50,,Null,0,0,,76,Auckland,Stop,,,,,0,0,Urban,0,,,Fine,Null
1744866.0834,5921308.4167,734470,,513530,0,,0,1,,West,2022/2023,NORTH-WESTERN MOTORWAY,HURUHURU OBR,,Non-Injury Crash,Yes,2023,,South,,0,,Hill Road,,,,,,Bright sun,226302,0,0,0,2,,,0,,,,,,Auckland Region,Nil,1-way,Sealed,,0,0,,100,,Off,0,0,,76,Auckland,Nil,,,,,1,0,Open,0,,,Fine,Null
1763171.9588,5903928.4717,734478,,524604,0,0,0,1,0,East,2022/2023,PUHINUI ROAD,PRICES ROAD,,Non-Injury Crash,Yes,2023,0,East,0,0,0,Flat,1,,0,,0,Dark,780902,0,0,0,2,0,0,0,0,0,,0,0,Auckland Region,Nil,2-way,Sealed,0,0,0,0,100,0,On,0,0,,76,Auckland,Nil,0,0,0,0,0,0,Open,0,0,0,Fine,Null
1759392.8742,5910584.1068,734486,,524002,0,,0,1,,Null,2023/2024,SOUTH-WESTERN MOTORWAY,MAHUNGA DRIVE OFF RAMP,,Non-Injury Crash,Yes,2023,,South,,0,,Flat,,,,,,Overcast,722400,0,0,0,4,,,0,,,,,,Auckland Region,Bridge,1-way,Sealed,,0,0,,80,,On,0,0,,76,Auckland,Nil,,,,,0,0,Open,1,,,Fine,Null
1763554.2519,5908010.6174,734494,,521901,0,,0,3,,North,2022/2023,HOSPITAL ROAD,HOSPITAL ENT N,,Non-Injury Crash,No,2023,,South,,0,,Flat,,,,,,Overcast,786300,0,0,0,2,,,0,,,,,,Auckland Region,Nil,2-way,Sealed,,0,0,,50,,Off,0,0,,76,Auckland,Nil,,,,,0,0,Urban,0,,,Light rain,Null
1771180.4718,5896264.838,734502,,525540,0,,0,1,,North,2022/2023,SOUTHERN MOTORWAY,PAPAKURA OFF RAMP,,Non-Injury Crash,Yes,2023,,South,,0,,Flat,,,,,,Bright sun,806205,0,0,0,3,,,0,,,,,,Auckland Region,Nil,1-way,Sealed,,0,0,,100,,Off,0,0,80,76,Auckland,Nil,,,,,0,0,Open,1,,,Fine,Null
1765809.2959,5918775.3896,734509,,516900,0,0,0,1,0,South,2022/2023,NERLI DRIVE,HARTLEY DRIVE,,Non-Injury Crash,No,2023,0,North,0,0,0,Hill Road,0,,0,,0,Bright sun,466104,0,0,0,2,0,0,0,1,0,,0,0,Auckland Region,Nil,2-way,Sealed,0,0,0,0,50,0,Off,0,0,,76,Auckland,Nil,0,0,0,1,0,0,Urban,0,0,0,Fine,Null
1770382.5125,5911600.7729,734533,,523105,0,,0,3,,Null,2024/2025,BOTANY ROAD,GOLFLAND DRIVE,,Minor Crash,No,2024,,North,,0,,Flat,,,,,,Bright sun,711183,1,0,0,7,,,0,,,,,,Auckland Region,Nil,2-way,Sealed,,0,0,,60,,Off,0,0,,76,Auckland,Traffic Signals,,,,,0,0,Urban,0,,,Fine,Null
1751150.0567,5914397.6378,734573,,514402,0,,0,2,,South,2023/2024,ST GEORGES ROAD,KELVINSIDE TERRACE,,Non-Injury Crash,No,2023,,North,,0,,Flat,,,,,,Bright sun,379200,0,0,0,2,,,0,,,,,,Auckland Region,Nil,2-way,Sealed,,0,0,,50,,Off,0,0,,76,Auckland,Nil,,,,,0,0,Urban,0,,,Fine,Null
1783948.766,5912211.009,734574,,525201,0,0,0,1,0,South,2022/2023,NORTH ROAD,MARAETAI COAST ROAD,,Non-Injury Crash,No,2023,0,South,0,0,1,Flat,0,,0,,0,Bright sun,762600,0,0,0,2,0,0,0,0,0,,0,0,Auckland Region,Nil,2-way,Sealed,0,0,0,0,80,0,None,0,0,,76,Auckland,Nil,0,0,0,1,0,0,Open,0,0,0,Fine,Null
1760136.0629,5915961.1153,734582,,516002,0,,0,1,,West,2022/2023,SOUTHERN MOTORWAY,GREENLANE INT,,Non-Injury Crash,Yes,2023,,East,,0,,Flat,,,,,,Dark,492100,0,0,0,3,,,0,,,,,,Auckland Region,Nil,1-way,Sealed,,0,0,,100,,On,0,0,,76,Auckland,Nil,,,,,1,0,Open,0,,,Light rain,Null
1759202.5617,5916735.1745,734590,,516001,0,,0,1,,South,2023/2024,SOUTHERN MOTORWAY,MARKET OBR,,Minor Crash,Yes,2023,,North,,0,,Flat,,,,,,Bright sun,491700,1,0,0,3,,,0,,,,,,Auckland Region,Nil,1-way,Sealed,,0,0,,80,,Off,0,0,,76,Auckland,Nil,,,,,0,0,Open,1,,,Fine,Null
1740613.4785,5976742.8789,734622,,506660,0,0,0,1,0,North,2022/2023,SH 1,SAUNDERS ROAD,,Non-Injury Crash,Yes,2023,0,East,0,0,0,Flat,1,,0,,0,Overcast,136700,0,0,0,2,0,0,0,0,0,,0,0,Auckland Region,Nil,2-way,Sealed,1,0,0,0,80,0,None,0,0,,76,Auckland,Nil,0,0,0,0,0,0,Open,0,0,0,Light rain,Null
1767707.7396,5900171.3825,734630,,525101,0,0,0,2,0,South,2022/2023,FRIEDLANDERS ROAD,EDDOWES STREET,,Non-Injury Crash,No,2023,0,South,0,0,0,Flat,0,,0,,0,Dark,771900,0,0,0,2,0,0,0,0,1,,0,0,Auckland Region,Nil,2-way,Sealed,0,0,0,0,50,0,On,0,0,,76,Auckland,Nil,0,0,0,0,0,0,Urban,0,0,0,Fine,Null
1770696.2221,5898623.781,734637,45,523912,0,,0,2,,Null,2022/2023,TAKA STREET,GREAT SOUTH ROAD,,Non-Injury Crash,No,2023,,West,,0,,Flat,,,,,,Dark,767600,0,0,0,2,,,0,,,,,,Auckland Region,Nil,2-way,Sealed,,0,0,,50,,On,0,0,,76,Auckland,Traffic Signals,,,,,0,0,Urban,0,,,Fine,None
1753280.9426,5933093.128,734646,,508701,0,,0,1,,Null,2022/2023,GREVILLE ROAD,ALBANY EXPRESSWAY,,Non-Injury Crash,No,2023,,East,,0,,Flat,,,,,,Overcast,178900,0,0,0,3,,,0,,,,,,Auckland Region,Nil,1-way,Sealed,,0,0,,50,,Off,0,0,,76,Auckland,Traffic Signals,,,,,0,0,Urban,0,,,Fine,Null
1765926.1507,5905619.8217,734654,,522202,0,,0,3,,Null,2022/2023,CARRUTH ROAD,BIRDWOOD AVENUE,,Non-Injury Crash,No,2023,,North,,0,,Flat,,,,,,Overcast,665700,0,0,0,2,,,0,,,,,,Auckland Region,Nil,2-way,Sealed,,0,0,,50,,Off,0,0,,76,Auckland,Stop,,,,,0,0,Urban,0,,,Fine,Null
1761696.4307,5912467.1432,734669,,519500,0,,0,1,,East,2024/2025,CHURCH STREET,BEASLEY AVENUE,,Minor Crash,No,2024,,East,,0,,Flat,,,,,,Bright sun,622400,1,0,1,4,,,0,,,,,,Auckland Region,Nil,2-way,Sealed,,0,0,,50,,Off,0,0,,76,Auckland,Nil,,,,,0,0,Urban,0,,,Fine,Null
1751053.8272,5929846.5804,734670,,509100,0,,0,0,,North,2022/2023,UPPER HARBOUR MOTORWAY,GREENHITHE ROAD ON RAMP,,Non-Injury Crash,Yes,2023,,East,,0,,Flat,,,,,,Dark,181118,0,0,0,2,,,0,,,,,,Auckland Region,Nil,1-way,Sealed,,0,0,,100,,On,0,0,,76,Auckland,Nil,,,,,1,0,Open,1,,,Fine,Null
1718204.1508,5952102.6945,734701,75,506642,0,,0,1,,South,2023/2024,SOUTH HEAD ROAD,WEBBER ROAD,,Minor Crash,No,2023,,West,,0,,Hill Road,,Labour Weekend,,,,Overcast,210201,2,0,0,2,,,0,,,,,,Auckland Region,Nil,2-way,Sealed,,0,0,,80,,Off,0,0,,76,Auckland,Nil,,,,,0,0,Open,1,,,Fine,Null
1765615.3989,5908425.0426,734709,,523403,0,0,0,0,0,Null,2023/2024,WYMONDLEY ROAD,CLARRIE WILLS WAY,,Non-Injury Crash,No,2023,0,South,0,0,0,Flat,0,,0,,0,Dark,696400,0,0,0,2,0,0,0,0,0,,0,1,Auckland Region,Nil,2-way,Sealed,0,0,0,0,50,0,On,0,0,,76,Auckland,Give way,0,0,0,0,0,0,Urban,1,0,0,Fine,Null
1729689.042,5939643.1035,734725,,506800,0,,0,1,,Null,2023/2024,MAKIRI STREET,KARAKA STREET,,Minor Crash,No,2024,,North,,0,,Hill Road,,,,,,Twilight,209300,1,0,0,1,,,0,,,,,,Auckland Region,Nil,2-way,Sealed,,0,0,,50,,On,1,0,,76,Auckland,Give way,,,,,0,0,Urban,0,,,Light rain,Null
1755145.6129,5921818.216,734726,,515202,0,0,0,1,0,North,2024/2025,CURRAN STREET,CURRAN STREET ON RAMP,,Minor Crash,No,2025,0,North,0,0,0,Flat,0,,0,,0,Dark,423600,1,0,0,2,0,0,0,0,1,,0,0,Auckland Region,Nil,2-way,Sealed,0,0,0,0,50,0,On,1,0,,76,Auckland,Nil,0,0,0,0,0,0,Urban,0,0,0,Fine,Null