X,Y,OBJECTID,advisorySpeed,areaUnitID,bicycle,bridge,bus,carStationWagon,cliffBank,crashDirectionDescription,crashFinancialYear,crashLocation1,crashLocation2,crashRoadSideRoad,crashSeverity,crashSHDescription,crashYear,debris,directionRoleDescription,ditch,fatalCount,fence,flatHill,guardRail,holiday,houseOrBuilding,intersection,kerb,light,meshblockId,minorInjuryCount,moped,motorcycle,NumberOfLanes,objectThrownOrDropped,otherObject,otherVehicleType,overBank,parkedVehicle,pedestrian,phoneBoxEtc,postOrPole,region,roadCharacter,roadLane,roadSurface,roadworks,schoolBus,seriousInjuryCount,slipOrFlood,speedLimit,strayAnimal,streetLight,suv,taxi,temporarySpeedLimit,tlaId,tlaName,trafficControl,trafficIsland,trafficSign,train,tree,truck,unknownVehicleType,urban,vanOrUtility,vehicle,waterRiver,weatherA,weatherB
1745154.4023,5918512.1253,734734,,513302,0,1,0,1,0,South,2023/2024,LINCOLN ROAD,WOODFORD AVENUE,,Non-Injury Crash,No,2023,0,South,0,0,0,Flat,0,,0,,0,Dark,231100,0,0,0,4,0,0,0,0,0,,0,0,Auckland Region,Nil,2-way,Sealed,0,0,0,0,50,0,On,0,0,,76,Auckland,Isolated Pedestrian signal (non-intersection),0,1,0,0,0,0,Urban,0,0,0,Fine,Null
1766795.9227,5903879.0086,734750,,524604,0,,0,1,,West,2023/2024,SOUTH-WESTERN MOTORWAY,LAMBIE OBR,,Non-Injury Crash,Yes,2023,,West,,0,,Flat,,,,,,Bright sun,780210,0,0,0,2,,,0,,,,,,Auckland Region,Nil,1-way,Sealed,,0,0,,100,,Off,1,0,,76,Auckland,Nil,,,,,0,0,Open,0,,,Fine,Null
1751417.3597,5912743.0292,734757,,514700,0,0,0,0,0,Null,2024/2025,TAYLOR STREET,BOLTON STREET,,Minor Crash,No,2024,0,South,0,0,0,Flat,0,,0,,0,Dark,370000,1,0,0,2,0,0,0,0,0,,0,1,Auckland Region,Nil,2-way,Sealed,0,0,0,0,50,0,On,1,0,,76,Auckland,Give way,0,0,0,0,0,0,Urban,0,0,0,Fine,Null
1767880.0566,5899782.8557,734765,,525101,0,0,0,1,0,North,2022/2023,FRIEDLANDERS ROAD,CLAYMORE STREET,,Non-Injury Crash,No,2023,0,South,0,0,0,Flat,0,,0,,0,Dark,773000,0,0,0,2,0,0,0,0,0,,0,1,Auckland Region,Nil,2-way,Sealed,0,0,0,0,50,0,On,0,0,,76,Auckland,Nil,0,0,0,0,0,0,Urban,0,0,0,Fine,Null
1754443.7888,5915159.0133,734773,,517702,0,,0,2,,Null,2023/2024,MOUNT ALBERT ROAD,SANDRINGHAM ROAD,,Non-Injury Crash,No,2023,,South,,0,,Flat,,,,,,Bright sun,541500,0,0,0,2,,,0,,,,,,Auckland Region,Nil,2-way,Sealed,,0,0,,50,,None,0,0,,76,Auckland,Traffic Signals,,,,,0,0,Urban,0,,,Fine,Null
1755279.93,5929691.3725,734774,,508420,0,0,0,0,0,South,2023/2024,NORTHERN MOTORWAY,SUNNYNOOK OBR,,Non-Injury Crash,Yes,2023,1,North,0,0,0,Flat,0,,0,,0,Overcast,183800,0,0,0,3,0,0,0,0,0,,0,0,Auckland Region,Nil,2-way,Sealed,0,0,0,0,100,0,Off,0,0,,76,Auckland,Nil,0,0,0,0,1,0,Open,2,0,0,Fine,Null
1755808.0896,5935127.0637,734781,,507101,0,,0,0,,West,2023/2024,ANZAC ROAD,GLEN ROAD,,Minor Crash,No,2024,,West,,0,,Flat,,,,,,Bright sun,161500,1,0,0,2,,,0,,,1,,,Auckland Region,Nil,2-way,Sealed,,0,0,,50,,Off,0,0,,76,Auckland,Nil,,,,,0,0,Urban,1,,,Light rain,Null
1756130.2849,5920545.9214,734821,,514102,0,0,0,1,0,Null,2023/2024,BEAUMONT STREET,COLLEGE HILL,,Non-Injury Crash,No,2023,0,South,0,0,0,Flat,0,,0,,0,Bright sun,432500,0,0,0,2,0,0,0,0,0,,0,0,Auckland Region,Nil,2-way,Sealed,0,0,0,0,50,0,Off,0,0,,76,Auckland,Traffic Signals,1,0,0,0,0,0,Urban,0,0,0,Fine,Null
1756400.2238,5918952.6694,734822,,515500,0,,0,2,,Null,2023/2024,NEWTON ROAD,NEWTON ROAD ON RAMP,,Non-Injury Crash,No,2023,,West,,0,,Flat,,,,,,Dark,417600,0,0,0,3,,,0,,,,,,Auckland Region,Motorway ramp,2-way,Sealed,,0,0,,50,,On,0,0,,76,Auckland,Give way,,,,,0,0,Urban,0,,,Fine,Null
1764037.4472,5906399.133,734853,,524303,0,,0,1,,North,2024/2025,STATION ROAD,PEVERILL CRESCENT,,Serious Crash,No,2025,,South,,0,,Flat,,,,,,Bright sun,657300,1,0,1,2,,,0,,,,,,Auckland Region,Nil,2-way,Sealed,,0,1,,50,,Off,0,0,,76,Auckland,Nil,,,,,0,0,Urban,0,,,Fine,Null
1767509.1774,5901725.3784,734870,,524720,0,0,0,1,0,West,2023/2024,JELLICOE ROAD,MARR ROAD,,Minor Crash,No,2023,0,North,0,0,0,Flat,0,,0,,0,Overcast,780000,2,0,0,2,0,0,0,0,2,,0,0,Auckland Region,Nil,2-way,Sealed,0,0,0,0,50,0,Off,1,0,,76,Auckland,Nil,0,0,0,0,0,0,Urban,1,0,0,Fine,Null
1758743.2768,5946503.2908,734885,,505904,0,0,0,1,0,West,2023/2024,WHANGAPARAOA ROAD,CLAYDEN DRIVE,,Non-Injury Crash,No,2024,0,South,0,0,1,Flat,0,,0,,0,Dark,174904,0,0,0,2,0,0,0,0,0,,0,0,Auckland Region,Nil,2-way,Sealed,0,0,0,0,50,0,On,0,0,,76,Auckland,Nil,0,0,0,1,0,0,Urban,0,0,0,Fine,Null
1768808.0814,5882023.929,734886,,525910,0,,0,2,,Null,2022/2023,SEDDON STREET,HOGAN STREET,,Non-Injury Crash,No,2023,,South,,0,,Flat,,,,,,Bright sun,818101,0,0,0,2,,,0,,,,,,Auckland Region,Nil,2-way,Sealed,,0,0,,50,,Off,0,0,,76,Auckland,Give way,,,,,0,0,Urban,0,,,Fine,Null
1757489.749,5926902.5592,734894,,507900,0,0,0,0,0,South,2022/2023,BARRYS POINT ROAD,GREYDENE PLACE,,Non-Injury Crash,No,2023,0,South,0,0,0,Flat,0,,0,,0,Overcast,304200,0,0,0,2,0,1,0,0,0,,0,0,Auckland Region,Nil,2-way,Sealed,0,0,0,0,50,0,None,0,0,,76,Auckland,Nil,0,0,0,0,0,0,Urban,1,0,0,Light rain,Strong wind
1768154.1103,5902414.8051,734901,45,525001,0,,0,1,,Null,2022/2023,BROWNS ROAD,GREAT SOUTH ROAD,,Non-Injury Crash,No,2023,,East,,0,,Flat,,,,,,Unknown,750800,0,0,0,4,,,0,,,,,,Auckland Region,Nil,2-way,Sealed,,0,0,,50,,Off,0,0,,76,Auckland,Traffic Signals,,,,,0,1,Urban,0,,,Fine,None
1766313.7671,5905799.3679,734917,,522202,0,0,0,1,0,Null,2023/2024,REGENT STREET,PHILIP STREET,,Non-Injury Crash,No,2024,0,South,0,0,1,Flat,0,,1,,0,Overcast,665601,0,0,0,2,0,0,0,0,1,,0,0,Auckland Region,Nil,2-way,Sealed,0,0,0,0,50,0,None,1,0,,76,Auckland,Nil,0,0,0,0,0,0,Urban,0,0,0,Fine,Null
1745480.1832,5920727.0748,734933,,513301,0,,0,0,,North,2024/2025,NORTH-WESTERN MOTORWAY,LINCOLN OBR,,Minor Crash,Yes,2025,,North,,0,,Flat,,,,,,Overcast,230301,1,0,0,3,,,0,,,,,,Auckland Region,Nil,1-way,Sealed,,0,0,,100,,Off,0,0,,76,Auckland,Nil,,,,,1,0,Open,0,,,Light rain,Null
1748068.8034,5911350.0771,734957,45,511902,0,0,0,1,1,East,2024/2025,GODLEY ROAD,TITIRANGI ROAD,,Minor Crash,No,2024,0,West,1,0,0,Hill Road,0,,0,,0,Overcast,293200,1,0,0,2,0,0,0,0,0,,0,0,Auckland Region,Nil,2-way,Sealed,0,0,0,0,50,0,None,0,0,,76,Auckland,Nil,0,0,0,0,1,0,Urban,0,0,0,Fine,Null
1754950.4016,5924755.2703,734958,,509800,0,,0,1,,Null,2024/2025,GLADSTONE ROAD,ONEWA ROAD,,Minor Crash,No,2024,,South,,0,,Flat,,,,,,Overcast,361600,1,0,0,2,,,0,,,1,,,Auckland Region,Nil,2-way,Sealed,,0,0,,50,,Off,0,0,,76,Auckland,Stop,,,,,0,0,Urban,0,,,Fine,Null
1753830.9844,5926766.0834,734965,,508220,0,,0,2,,Null,2023/2024,GLENFIELD ROAD,CORONATION ROAD,,Non-Injury Crash,No,2024,,South,,0,,Flat,,,,,,Bright sun,187803,0,0,0,3,,,0,,,,,,Auckland Region,Nil,2-way,Sealed,,0,0,,50,,Off,0,0,,76,Auckland,Give way,,,,,0,0,Urban,0,,,Fine,Null
1763171.2856,5908105.7605,734981,,524402,0,,0,2,,Null,2023/2024,MASSEY ROAD,MIAMI STREET,,Minor Crash,No,2023,,South,,0,,Flat,,,,,,Bright sun,750000,1,0,0,4,,,0,,,,,,Auckland Region,Nil,2-way,Sealed,,0,0,,50,,Off,0,0,,76,Auckland,Nil,,,,,0,0,Urban,0,,,Fine,Null
1745214.9684,5917867.0191,734990,,510700,0,,0,2,,Null,2023/2024,SEL PEACOCK DRIVE,BUSCOMB AVENUE,,Non-Injury Crash,No,2023,,North,,0,,Flat,,,,,,Overcast,239804,0,0,0,2,,,0,,,,,,Auckland Region,Nil,2-way,Sealed,,0,0,,50,,Off,0,0,,76,Auckland,Give way,,,,,0,0,Urban,0,,,Light rain,Null
1753988.6082,5875614.979,735006,,526104,0,0,0,1,1,South,2023/2024,VICTORIA AVENUE,VALLEY ROAD,,Minor Crash,No,2024,0,North,0,0,0,Flat,0,,0,,0,Dark,835101,1,0,0,2,0,0,0,0,0,,0,0,Auckland Region,Nil,2-way,Sealed,0,0,0,0,50,0,On,0,0,,76,Auckland,Nil,0,0,0,0,0,0,Urban,0,0,0,Fine,Null
1763435.8244,5920388.6486,735037,,516500,0,0,0,2,0,West,2024/2025,TAMAKI DRIVE,MARAU CRESCENT,,Non-Injury Crash,No,2024,0,East,0,0,0,Flat,0,,0,,0,Overcast,500700,0,0,0,2,0,0,0,0,1,,0,0,Auckland Region,Nil,2-way,Sealed,0,0,0,0,30,0,Off,0,0,,76,Auckland,Nil,0,0,0,0,0,0,Urban,0,0,0,Light rain,Null
1744130.7705,5923885.1529,735062,,513521,0,0,0,2,0,Null,2022/2023,OREIL AVENUE,ST CATHERINE CRESCENT,,Non-Injury Crash,No,2023,0,North,0,0,0,Hill Road,0,,0,,0,Bright sun,224240,0,0,0,2,0,0,0,0,1,,0,0,Auckland Region,Nil,2-way,Sealed,0,0,0,0,50,0,Off,0,0,,76,Auckland,Stop,0,0,0,0,0,0,Urban,0,0,0,Fine,Null
1753693.9803,5932064.7745,735078,,508805,0,0,0,1,0,North,2023/2024,NORTHERN MOTORWAY,UPPER HARBOUR HIGHWAY,,Non-Injury Crash,Yes,2023,1,South,0,0,0,Flat,0,,0,,0,Overcast,180813,0,0,0,2,0,0,0,0,0,,0,0,Auckland Region,Nil,1-way,Sealed,0,0,0,0,100,0,Off,0,0,,76,Auckland,Nil,0,0,0,0,0,0,Open,0,0,0,Light rain,Null
1746685.7627,5964449.3476,735086,,506613,0,0,0,1,0,North,2023/2024,NORTHERN MOTORWAY,PUHOI ROAD OFF RAMP,,Non-Injury Crash,Yes,2023,0,North,0,0,0,Flat,1,,0,,0,Overcast,146005,0,0,0,5,0,0,0,0,0,,0,0,Auckland Region,Nil,2-way,Sealed,0,0,0,0,100,0,None,0,0,,76,Auckland,Nil,0,0,0,0,0,0,Open,0,0,0,Fine,Null
1768546.8489,5901242.4871,735093,25,525001,0,,0,2,,Null,2023/2024,NORTHCREST WAY,GREAT SOUTH ROAD,,Non-Injury Crash,No,2023,,North,,0,,Flat,,,,,,Overcast,751500,0,0,0,2,,,0,,,,,,Auckland Region,Nil,2-way,Sealed,,0,0,,50,,Off,0,0,,76,Auckland,Stop,,,,,0,0,Urban,0,,,Fine,None
1768693.1681,5882669.5765,735118,,525910,0,,0,2,,North,2023/2024,PAERATA ROAD,ADAMS DRIVE,,Minor Crash,No,2024,,South,,0,,Hill Road,,,,,,Overcast,817600,1,0,0,2,,,0,,,,,,Auckland Region,Nil,2-way,Sealed,,0,0,,50,,None,0,0,,76,Auckland,Nil,,,,,0,0,Urban,0,,,Fine,Null
1751530.8826,5916285.638,735125,,514401,0,,0,2,,South,2023/2024,BLOCKHOUSE BAY ROAD,BLOCKHOUSE BAY ROAD,,Minor Crash,No,2023,,North,,0,,Hill Road,,,,,,Overcast,383600,1,0,0,3,,,0,,,,,,Auckland Region,Nil,2-way,Sealed,,0,0,,50,,Off,0,0,,76,Auckland,Nil,,,,,0,0,Urban,0,,,Light rain,Null
1757788.7757,5916172.6765,735134,,515801,0,,0,2,,Null,2023/2024,GILLIES AVENUE,KIMBERLEY ROAD,,Minor Crash,No,2024,,North,,0,,Flat,,,,,,Overcast,445500,1,0,0,2,,,0,,,,,,Auckland Region,Nil,2-way,Sealed,,0,0,,50,,On,0,0,,76,Auckland,Give way,,,,,0,0,Urban,0,,,Light rain,Null
1769662.1389,5879395.4734,735165,,525922,0,,0,1,,South,2024/2025,BUCKLAND ROAD,KITCHENER ROAD,,Minor Crash,No,2024,,North,,0,,Flat,,,,,,Bright sun,823700,1,0,0,2,,,0,,,,,,Auckland Region,Nil,2-way,Sealed,,0,0,,80,,Off,1,0,,76,Auckland,Nil,,,,,0,0,Open,0,,,Fine,Null
1772080.9196,5911845.0092,735198,,523110,0,0,0,1,1,South,2022/2023,POINT VIEW DRIVE,WHITFORD ROAD,,Non-Injury Crash,No,2023,0,South,0,0,0,Hill Road,0,,0,,0,Dark,711171,0,0,0,2,0,0,0,0,0,,0,0,Auckland Region,Nil,2-way,Sealed,0,0,0,0,50,0,None,0,0,,76,Auckland,Nil,0,0,0,1,0,0,Urban,0,0,0,Light rain,Null
1746628.7706,5926017.1236,735205,,513432,0,,0,2,,Null,2023/2024,HOBSONVILLE ROAD,BRIGHAM CREEK ROAD,,Minor Crash,No,2024,,North,,0,,Flat,,,,,,Dark,223005,1,0,0,2,,,0,,,,,,Auckland Region,Nil,2-way,Sealed,,0,0,,50,,On,0,0,,76,Auckland,Give way,,,,,0,0,Urban,0,,,Fine,Null
1760021.2678,5905772.0269,735221,,524200,0,0,0,5,0,South,2023/2024,NAYLORS DRIVE,WALDOS WAY,,Non-Injury Crash,No,2023,0,South,0,0,0,Flat,0,,0,,1,Overcast,728608,0,0,0,2,0,0,0,0,3,,0,1,Auckland Region,Nil,2-way,Sealed,0,0,0,0,50,0,Off,0,0,,76,Auckland,Nil,0,0,0,1,0,0,Urban,1,0,0,Light rain,Null
1736030.9964,5929794.7203,735285,,505605,0,0,0,1,0,East,2022/2023,SH 16,MATUA ROAD,,Minor Crash,Yes,2023,0,South,0,0,0,Flat,0,Queens Birthday,0,,0,Overcast,215800,1,0,0,2,0,0,0,0,0,,0,1,Auckland Region,Nil,2-way,Sealed,0,0,0,0,80,0,None,0,0,,76,Auckland,Nil,0,0,0,0,0,0,Open,0,0,0,Light rain,Null
1764980.3571,5915670.3536,735286,,520301,0,,0,2,,South,2023/2024,MORRIN ROAD,TAINUI ROAD,,Non-Injury Crash,No,2023,,North,,0,,Flat,,,,,,Bright sun,627800,0,0,0,2,,,0,,,,,,Auckland Region,Nil,2-way,Sealed,,0,0,,50,,Off,0,0,,76,Auckland,Nil,,,,,0,0,Urban,0,,,Fine,Null
1738101.8432,5928244.7089,735294,,505602,0,,0,2,,West,2023/2024,ACCESS ROAD,WOOKEY LANE,,Non-Injury Crash,No,2023,,East,,0,,Flat,,,,,,Dark,214900,0,0,0,2,,,0,,,,,,Auckland Region,Nil,2-way,Sealed,,0,0,,80,,None,0,0,,76,Auckland,Nil,,,,,0,0,Open,0,,,Light rain,Null
1770116.0903,5902023.0922,735302,,523814,0,,0,1,,West,2023/2024,HILL ROAD,CHARLES PREVOST DRIVE,,Minor Crash,No,2023,,West,,0,,Flat,,,,,,Overcast,759514,1,0,1,2,,,0,,,,,,Auckland Region,Nil,2-way,Sealed,,0,0,,50,,Off,0,0,,76,Auckland,Nil,,,,,0,0,Urban,0,,,Fine,Null
1753297.1041,5918678.3153,735310,,515100,0,0,0,1,0,Null,2023/2024,OFF ROAD - AUCKLAND ZOO CARPARK,,,Serious Crash,No,2024,0,South,0,0,0,Flat,0,Christmas New Year,0,,0,Bright sun,398100,0,0,0,1,0,0,0,0,1,1,0,0,Auckland Region,Nil,Off road,Sealed,0,0,1,0,,0,Off,1,0,,76,Auckland,Give way,0,0,0,0,0,0,Urban,0,0,0,Fine,Null
1756126.139,5923865.8546,735318,,509800,0,,0,2,,South,2023/2024,NORTHERN MOTORWAY,WEIGH BRIDGE,,Minor Crash,Yes,2024,,South,,0,,Flat,,,,,,Dark,361200,2,0,0,5,,,0,,,,,,Auckland Region,Nil,2-way,Sealed,,0,0,,80,,On,0,0,,76,Auckland,Nil,,,,,0,0,Open,1,,,Fine,Null
1772824.4665,5895492.9694,735325,,525520,0,,0,1,,Null,2023/2024,LIVERPOOL STREET,SETTLEMENT ROAD,,Minor Crash,No,2024,,North,,0,,Flat,,,,,,Overcast,801700,1,0,0,2,,,0,,,1,,,Auckland Region,Nil,2-way,Sealed,,0,0,,50,,Off,0,0,,76,Auckland,Stop,,,,,0,0,Urban,0,,,Fine,Null
1746304.33,5914885.0568,735342,,511800,0,0,0,1,0,Null,2023/2024,SUNHILL ROAD,SUNNYSIDE ROAD,,Serious Crash,No,2024,0,South,0,0,0,Hill Road,0,,0,,1,Overcast,277500,1,0,0,2,0,0,0,0,0,,0,1,Auckland Region,Nil,2-way,Sealed,0,0,1,0,50,0,Off,0,0,,76,Auckland,Nil,0,0,0,0,0,0,Urban,0,0,0,Light rain,Null
1768288.1346,5899300.5476,735349,,525102,0,,0,1,,South,2023/2024,INNISMARA AVENUE,MAHIA ROAD,,Minor Crash,No,2023,,South,,0,,Flat,,,,,,Bright sun,769401,1,0,0,2,,,0,,,,,,Auckland Region,Nil,2-way,Sealed,,0,0,,50,,Off,0,0,,76,Auckland,Nil,,,,,0,0,Urban,1,,,Fine,Null
1752011.8096,5915584.9634,735350,,517901,0,,0,2,,Null,2023/2024,NEW NORTH ROAD,HENDON AVENUE,,Non-Injury Crash,No,2023,,South,,0,,Flat,,,,,,Bright sun,523800,0,0,0,5,,,0,,,,,,Auckland Region,Nil,2-way,Sealed,,0,0,,50,,Off,0,0,,76,Auckland,Traffic Signals,,,,,0,0,Urban,0,,,Fine,Null
1762783.4423,5912980.3778,735365,,520402,0,,0,1,,West,2022/2023,SOUTHERN MOTORWAY,SOUTH-EASTERN HWY OFF RAMP,,Non-Injury Crash,Yes,2023,,East,,0,,Flat,,,,,,Bright sun,642500,0,0,0,3,,,0,,,,,,Auckland Region,Nil,1-way,Sealed,,0,0,,100,,Off,0,0,,76,Auckland,Nil,,,,,1,0,Open,0,,,Fine,Null
1766121.795,5900290.2169,735397,,524713,0,,0,0,,North,2022/2023,ROSCOMMON ROAD,SHARLAND AVENUE,,Non-Injury Crash,No,2023,,South,,0,,Flat,,,,,,Overcast,775819,0,0,0,1,,,0,,,,,,Auckland Region,Nil,1-way,Sealed,,0,0,,60,,Off,1,0,,76,Auckland,Nil,,,,,0,0,Urban,2,,,Light rain,Strong wind
1761478.6453,5907508.5108,735422,,524520,0,,0,0,,Null,2023/2024,BUCKLAND ROAD,WICKMAN WAY,,Non-Injury Crash,No,2024,,West,,0,,Flat,,,,,,Bright sun,734800,0,0,0,2,,,0,,,,,,Auckland Region,Nil,2-way,Sealed,,0,0,,50,,Off,2,0,,76,Auckland,Traffic Signals,,,,,0,0,Urban,0,,,Fine,Null
1742081.8016,5918587.068,735437,,513214,0,0,0,2,0,East,2023/2024,POOKS ROAD,MILI WAY,,Non-Injury Crash,No,2023,0,North,0,0,0,Flat,0,,0,,0,Dark,238503,0,0,0,2,0,0,0,0,1,,0,0,Auckland Region,Nil,2-way,Sealed,0,0,0,0,50,0,On,0,0,,76,Auckland,Nil,0,0,0,0,0,0,Urban,0,0,0,Light rain,Null
1767813.6891,5903163.6958,735453,,524602,0,0,0,2,0,North,2023/2024,KERRS ROAD,INVERELL AVENUE,,Non-Injury Crash,No,2023,0,North,0,0,1,Flat,0,Christmas New Year,0,,0,Overcast,780407,0,0,0,2,0,0,0,0,1,,0,0,Auckland Region,Nil,2-way,Sealed,0,0,0,0,60,0,Off,0,0,,76,Auckland,Nil,0,0,0,0,0,0,Urban,0,0,0,Light rain,Null
1729353.1971,5931175.2388,735461,,506652,0,0,0,1,0,West,2022/2023,SH 16,MCPIKE ROAD,,Non-Injury Crash,Yes,2023,0,North,1,0,0,Flat,0,,0,,0,Twilight,218101,0,0,0,2,0,0,0,0,0,,0,0,Auckland Region,Nil,2-way,Sealed,0,0,0,0,100,0,None,0,0,,76,Auckland,Nil,0,0,0,1,0,0,Open,0,0,0,Fine,Null
1755119.4047,5918491.5358,735469,,515420,0,0,0,1,0,Null,2023/2024,GREAT NORTH ROAD,COLERIDGE STREET,,Minor Crash,No,2023,0,West,0,0,1,Hill Road,0,,0,,0,Dark,407100,1,0,0,2,0,0,0,0,0,,1,0,Auckland Region,Nil,2-way,Sealed,0,0,0,0,50,0,On,0,0,,76,Auckland,Give way,0,0,0,0,0,0,Urban,0,0,0,Fine,Null
1773246.7023,5896284.9636,735470,,525620,0,,0,2,,North,2023/2024,MARNE ROAD,ALPHA STREET,,Non-Injury Crash,No,2024,,North,,0,,Flat,,,,,,Bright sun,797600,0,0,0,2,,,0,,,,,,Auckland Region,Nil,2-way,Sealed,,0,0,,50,,Off,0,0,,76,Auckland,Nil,,,,,0,0,Urban,0,,,Fine,Null
1758079.8286,5920791.4582,735485,,514101,0,,0,1,,Null,2023/2024,SCENE LANE,TANGIHUA STREET,,Minor Crash,No,2023,,North,,0,,Flat,,,,,,Bright sun,438213,1,0,1,2,,,0,,,,,,Auckland Region,Nil,2-way,Sealed,,0,0,,30,,Off,0,0,,76,Auckland,Nil,,,,,0,0,Urban,0,,,Fine,Null
1754777.0842,5930585.7507,735493,,508520,0,,0,2,,South,2023/2024,NORTHERN MOTORWAY,UPPER HARBOUR HWY ON RAMP,,Minor Crash,Yes,2024,,South,,0,,Flat,,,,,,Bright sun,191104,3,0,0,2,,,0,,,,,,Auckland Region,Nil,1-way,Sealed,,0,0,,100,,Off,1,0,,76,Auckland,Nil,,,,,0,0,Open,0,,,Fine,Null
1758923.9045,5917126.4508,735501,,516001,0,,0,2,,North,2023/2024,SOUTHERN MOTORWAY,MARKET ROAD OFF RAMP,,Minor Crash,Yes,2024,,South,,0,,Flat,,,,,,Bright sun,491200,1,0,0,5,,,0,,,,,,Auckland Region,Nil,1-way,Sealed,,0,0,,100,,Off,0,0,,76,Auckland,Nil,,,,,0,0,Open,0,,,Fine,Null
1739287.7075,5928041.9103,735502,,505605,0,0,0,2,0,Null,2023/2024,BOORD CRESCENT,TROTTING COURSE DRIVE,,Minor Crash,No,2023,0,South,1,0,0,Flat,0,Christmas New Year,0,,0,Overcast,214602,1,0,0,2,0,0,0,0,0,,0,0,Auckland Region,Nil,2-way,Sealed,0,0,0,0,100,0,None,0,0,,76,Auckland,Nil,0,0,0,0,0,0,Open,0,0,0,Light rain,Null
1749084.2625,5945596.7383,735518,,505806,0,0,1,0,0,Null,2022/2023,PAINTON ROAD,HIBISCUS COAST HIGHWAY,,Non-Injury Crash,No,2023,0,North,0,0,0,Hill Road,0,,0,,0,Overcast,176802,0,0,0,2,0,0,0,0,0,,0,0,Auckland Region,Nil,2-way,Sealed,0,0,0,0,60,0,Off,0,0,,76,Auckland,Traffic Signals,0,1,0,0,0,0,Urban,0,0,0,Light rain,Null
1753956.1118,5924570.9696,735541,,510402,0,,0,1,,Null,2023/2024,MOKOIA ROAD,BIRKENHEAD AVENUE,,Minor Crash,No,2024,,West,,0,,Hill Road,,,,,,Overcast,351000,1,0,0,2,,,0,,,1,,,Auckland Region,Nil,2-way,Unsealed,,0,0,,50,,Off,0,1,,76,Auckland,Give way,,,,,0,0,Urban,0,,,Fine,Null
1737873.4637,5924136.3796,735550,,505700,0,0,0,1,0,North,2022/2023,WAITAKERE ROAD,COTTLE ROAD,,Non-Injury Crash,No,2023,0,North,0,0,0,Flat,0,,0,,0,Dark,216300,0,0,0,1,0,0,0,0,0,,0,0,Auckland Region,Nil,2-way,Sealed,0,0,0,0,50,0,On,0,0,,76,Auckland,Nil,0,0,0,0,0,0,Urban,0,0,0,Mist or Fog,Frost
1751197.285,5929885.618,735565,,509100,0,,0,2,,South,2022/2023,UPPER HARBOUR MOTORWAY,ALBANY HIGHWAY ON RAMP,,Non-Injury Crash,Yes,2023,,West,,0,,Flat,,,,,,Overcast,181108,0,0,0,4,,,0,,,,,,Auckland Region,Nil,2-way,Sealed,,0,0,,100,,Off,0,0,,76,Auckland,Nil,,,,,0,0,Open,0,,,Light rain,Null
1766755.4458,5901849.1267,735581,,524712,0,,0,2,,West,2022/2023,BROWNS ROAD,RUSSELL ROAD,,Non-Injury Crash,No,2023,,West,,0,,Flat,,,,,,Overcast,779100,0,0,0,2,,,0,,,,,,Auckland Region,Nil,2-way,Sealed,,0,0,,50,,Off,0,0,,76,Auckland,Nil,,,,,0,0,Urban,0,,,Fine,Strong wind
1764044.4109,5904340.4536,735582,,522100,0,,0,1,,North,2022/2023,PUHINUI ROAD-SH 20B OFF RAMP,PUHINUI ROAD,,Non-Injury Crash,Yes,2023,,South,,0,,Flat,,,,,,Bright sun,781001,0,0,0,2,,,0,,,,,,Auckland Region,Motorway ramp,1-way,Sealed,,0,0,,50,,Off,0,0,,76,Auckland,Nil,,,,,0,0,Urban,1,,,Fine,Null
1756238.6027,5919259.7206,735589,,515420,0,,0,1,,Null,2023/2024,PONSONBY ROAD,GREAT NORTH ROAD,,Serious Crash,No,2023,,South,,0,,Flat,,,,,,Dark,411600,0,0,0,5,,,0,,,1,,,Auckland Region,Nil,2-way,Sealed,,0,1,,40,,On,0,0,,76,Auckland,Traffic Signals,,,,,0,0,Urban,0,,,Fine,Null
1753584.6421,5927967.8708,735621,,508310,0,,0,1,,North,2024/2025,GLENFIELD ROAD,KAIPATIKI ROAD,,Serious Crash,No,2024,,South,,0,,Flat,,,,,,Overcast,200000,0,0,0,3,,,0,,,1,,,Auckland Region,Nil,1-way,Sealed,,0,1,,50,,Off,0,0,,76,Auckland,Nil,,,,,0,0,Urban,0,,,Fine,Null
1758247.4738,5916605.4919,735622,,519200,0,,0,1,,Null,2023/2024,MANUKAU ROAD,WARBOROUGH AVENUE,,Non-Injury Crash,No,2024,,South,,0,,Flat,,,,,,Bright sun,614301,0,0,0,4,,,0,,,,,,Auckland Region,Nil,2-way,Sealed,,0,0,,50,,Off,1,0,,76,Auckland,Give way,,,,,0,0,Urban,0,,,Fine,Null
1754725.7886,5930640.9507,735629,,508520,0,,0,1,,South,2023/2024,NORTHERN MOTORWAY,UPPER HARBOUR HWY ON RAMP,,Non-Injury Crash,Yes,2023,,South,,0,,Hill Road,,,,,,Overcast,191104,0,0,0,2,,,0,,,,,,Auckland Region,Nil,1-way,Sealed,,0,0,,100,,Off,1,0,,76,Auckland,Nil,,,,,0,0,Open,0,,,Heavy rain,Null
1736431.6913,5928054.4929,735630,35,505605,0,0,0,1,0,North,2024/2025,MOTU ROAD,TAWA ROAD,,Minor Crash,No,2024,0,South,1,0,0,Hill Road,0,,0,,0,Twilight,215603,2,0,0,2,0,0,0,0,0,,0,0,Auckland Region,Nil,2-way,Sealed,0,0,0,0,60,0,None,0,0,,76,Auckland,Nil,0,0,0,0,0,0,Urban,0,0,0,Fine,Null