X,Y,OBJECTID,advisorySpeed,areaUnitID,bicycle,bridge,bus,carStationWagon,cliffBank,crashDirectionDescription,crashFinancialYear,crashLocation1,crashLocation2,crashRoadSideRoad,crashSeverity,crashSHDescription,crashYear,debris,directionRoleDescription,ditch,fatalCount,fence,flatHill,guardRail,holiday,houseOrBuilding,intersection,kerb,light,meshblockId,minorInjuryCount,moped,motorcycle,NumberOfLanes,objectThrownOrDropped,otherObject,otherVehicleType,overBank,parkedVehicle,pedestrian,phoneBoxEtc,postOrPole,region,roadCharacter,roadLane,roadSurface,roadworks,schoolBus,seriousInjuryCount,slipOrFlood,speedLimit,strayAnimal,streetLight,suv,taxi,temporarySpeedLimit,tlaId,tlaName,trafficControl,trafficIsland,trafficSign,train,tree,truck,unknownVehicleType,urban,vanOrUtility,vehicle,waterRiver,weatherA,weatherB
1759210.2918,5912207.0242,735645,,519820,0,,0,2,,Null,2023/2024,CHURCH STREET,GALWAY STREET,,Non-Injury Crash,No,2023,,East,,0,,Hill Road,,,,,,Bright sun,601100,0,0,0,2,,,0,,,,,,Auckland Region,Nil,2-way,Sealed,,0,0,,50,,Off,0,0,,76,Auckland,Traffic Signals,,,,,0,0,Urban,0,,,Fine,Null
1757730.8204,5918245.4405,735669,,518101,0,,0,3,,South,2023/2024,SOUTHERN MOTORWAY,KHYBER PASS ROAD OFF RAMP,,Minor Crash,Yes,2023,,North,,0,,Hill Road,,,,,,Bright sun,543000,1,0,0,4,,,0,,,,,,Auckland Region,Motorway ramp,1-way,Sealed,,0,0,,80,,Off,0,0,,76,Auckland,Nil,,,,,0,0,Open,0,,,Fine,Null
1752082.5575,5928933.7909,735677,,508411,0,0,0,3,0,South,2022/2023,SIMON ELLICE DRIVE,LYNN ROAD,,Non-Injury Crash,No,2023,0,North,0,0,0,Flat,0,,0,,0,Dark,185006,0,0,0,0,0,0,0,0,2,,0,0,Auckland Region,Nil,2-way,Sealed,0,0,0,0,50,0,On,0,0,,76,Auckland,Nil,0,0,0,0,0,0,Urban,0,0,0,Fine,Null
1745052.5754,5923703.0206,735694,,513521,0,,0,2,,Null,2022/2023,MOIRE ROAD,ELIZABETH DRIVE,,Minor Crash,No,2023,,North,,0,,Flat,,,,,,Overcast,224215,1,0,0,2,,,0,,,,,,Auckland Region,Nil,2-way,Sealed,,0,0,,50,,Off,0,0,,76,Auckland,Give way,,,,,0,0,Urban,0,,,Light rain,Null
1743921.8323,5919055.0969,735701,,513220,0,,0,2,,Null,2022/2023,SWANSON ROAD,LARNOCH ROAD,,Non-Injury Crash,No,2023,,North,,0,,Flat,,,,,,Dark,236103,0,0,0,2,,,0,,,,,,Auckland Region,Nil,2-way,Sealed,,0,0,,50,,On,0,0,,76,Auckland,Traffic Signals,,,,,0,0,Urban,0,,,Fine,Null
1760016.4354,5907205.2469,735702,,524111,0,,0,1,,North,2022/2023,BADER DRIVE,ORLY AVENUE,,Minor Crash,No,2023,,West,,0,,Flat,,,,,,Dark,740000,1,0,0,2,,,0,,,1,,,Auckland Region,Nil,2-way,Sealed,,0,0,,50,,On,0,0,,76,Auckland,Nil,,,,,0,0,Urban,0,,,Fine,Null
1761093.1524,5909025.7935,735710,,524404,0,0,0,1,0,Null,2022/2023,HARANIA AVENUE,QUENNELL AVENUE,,Non-Injury Crash,No,2023,0,South,0,0,1,Flat,0,,0,,0,Overcast,730401,0,0,0,2,0,0,0,0,0,,0,0,Auckland Region,Nil,2-way,Sealed,0,0,0,0,50,0,Off,0,0,,76,Auckland,Nil,0,0,0,0,0,0,Urban,0,0,0,Fine,Null
1758294.7095,5912907.251,735733,,519810,0,,0,1,,East,2023/2024,TRAFALGAR STREET,FORBES STREET,,Minor Crash,No,2024,,West,,0,,Flat,,,,,,Bright sun,597600,1,0,0,2,,,0,,,1,,,Auckland Region,Nil,2-way,Sealed,,0,0,,50,,Off,0,0,,76,Auckland,Nil,,,,,0,0,Urban,0,,,Fine,Null
1754136.498,5913208.8441,735734,,518803,0,,1,2,,North,2023/2024,MAY ROAD,RICHARDSON ROAD,,Minor Crash,No,2023,,South,,0,,Flat,,,,,,Bright sun,582200,2,0,0,2,,,0,,,,,,Auckland Region,Nil,2-way,Sealed,,0,0,,50,,On,0,0,,76,Auckland,Nil,,,,,0,0,Urban,0,,,Fine,Null
1755321.8114,5921887.0984,735766,,515202,0,,0,2,,South,2023/2024,NORTHERN MOTORWAY,CURRAN STREET ON RAMP,,Non-Injury Crash,Yes,2023,,North,,0,,Hill Road,,Christmas New Year,,,,Bright sun,423600,0,0,0,3,,,0,,,,,,Auckland Region,Nil,1-way,Sealed,,0,0,,80,,Off,0,0,,76,Auckland,Nil,,,,,0,0,Open,0,,,Fine,Null
1754297.5472,5935974.012,735773,,508704,0,,0,2,,Null,2022/2023,EAST COAST ROAD,OTEHA VALLEY ROAD,,Non-Injury Crash,No,2023,,North,,0,,Hill Road,,,,,,Bright sun,178602,0,0,0,5,,,0,,,,,,Auckland Region,Nil,2-way,Sealed,,0,0,,50,,Off,0,0,,76,Auckland,Traffic Signals,,,,,0,0,Urban,0,,,Fine,Null
1775987.6273,5903606.0064,735813,,525201,0,0,0,0,0,Null,2022/2023,BROOKBY ROAD,FITZPATRICK ROAD,,Non-Injury Crash,No,2023,0,East,1,0,0,Hill Road,0,,0,,0,Bright sun,762301,0,0,0,2,0,0,0,0,0,,0,0,Auckland Region,Nil,2-way,Sealed,0,0,0,0,80,0,None,0,0,,76,Auckland,Nil,0,0,0,0,1,0,Open,0,0,0,Fine,Null
1764430.7809,5912216.1664,735822,,520500,0,,0,3,,North,2023/2024,SOUTHERN MOTORWAY,MOUNT WELLINGTON HWY ON RAMP,,Serious Crash,Yes,2023,,South,,0,,Flat,,,,,,Bright sun,639300,0,0,0,2,,,0,,,,,,Auckland Region,Motorway ramp,1-way,Sealed,,0,1,,100,,Off,0,0,,76,Auckland,Nil,,,,,0,0,Open,0,,,Fine,Null
1766455.7408,5919419.6955,735837,,516800,0,,0,1,,Null,2023/2024,CHESTERFIELD AVENUE,KESTEVEN AVENUE,,Minor Crash,No,2023,,North,,0,,Flat,,,,,,Bright sun,512700,1,0,0,2,,,0,,,,,,Auckland Region,Nil,2-way,Sealed,,0,0,,50,,None,0,0,,76,Auckland,Stop,,,,,0,0,Urban,1,,,Fine,Null
1750425.259,5913538.678,735886,35,511303,0,,0,2,,Null,2023/2024,NEVILLE STREET,ASTLEY AVENUE,,Minor Crash,No,2024,,East,,0,,Flat,,,,,,Bright sun,265300,1,0,1,2,,,0,,,,,,Auckland Region,Nil,2-way,Sealed,,0,0,,50,,Off,0,0,,76,Auckland,Give way,,,,,0,0,Urban,0,,,Fine,Null
1770023.0127,5911250.8814,735893,,523113,0,,0,1,,Null,2023/2024,TI RAKAU DRIVE,TE KOHA ROAD,,Non-Injury Crash,No,2023,,West,,0,,Flat,,,,,,Overcast,711716,0,0,0,3,,,0,,,,,,Auckland Region,Nil,1-way,Sealed,,0,0,,60,,Off,1,0,,76,Auckland,Traffic Signals,,,,,0,0,Urban,0,,,Fine,Null
1773044.373,5896677.2681,735909,,525420,0,0,0,2,0,South,2023/2024,PRICTOR STREET,VERNON STREET,,Minor Crash,No,2023,0,North,0,0,0,Flat,0,,0,,0,Dark,792900,1,0,0,2,0,0,0,0,1,,0,0,Auckland Region,Nil,2-way,Sealed,0,0,0,0,50,0,On,0,0,,76,Auckland,Nil,0,0,0,0,0,0,Urban,1,0,0,Light rain,Null
1755247.0706,5918952.8057,735917,,515420,0,0,0,1,0,West,2022/2023,WILLIAMSON AVENUE,GROSVENOR STREET,,Non-Injury Crash,No,2023,0,North,0,0,0,Flat,0,,0,,0,Twilight,409300,0,0,0,2,0,0,0,0,1,,0,1,Auckland Region,Nil,2-way,Sealed,0,0,0,0,50,0,On,0,0,,76,Auckland,Nil,0,0,0,0,0,0,Urban,1,0,0,Fine,Null
1756109.1145,5923401.894,735941,,509800,0,,0,1,,North,2023/2024,NORTHERN MOTORWAY,HARBOUR BR N,,Serious Crash,Yes,2023,,South,,0,,Hill Road,,,,,,Bright sun,359200,0,0,1,4,,,0,,,,,,Auckland Region,Bridge,1-way,Sealed,,0,1,,80,,Off,0,0,,76,Auckland,Nil,,,,,0,0,Open,0,,,Fine,Null
1746087.4086,5918157.4356,735942,,512500,0,,0,0,,North,2023/2024,EDMONTON ROAD,CENTRAL PARK DRIVE,,Minor Crash,No,2023,,North,,0,,Hill Road,,,,,,Bright sun,257002,1,0,0,4,,,0,,,,,,Auckland Region,Nil,2-way,Sealed,,0,0,,50,,Off,1,0,,76,Auckland,Nil,,,,,1,0,Urban,0,,,Fine,Null
1759418.0104,5910237.8804,735949,,524002,0,,0,2,,Null,2022/2023,RIMU ROAD,RIMU ROAD ON RAMP,,Non-Injury Crash,No,2023,,East,,0,,Flat,,,,,,Bright sun,722000,0,0,0,2,,,0,,,,,,Auckland Region,Bridge,2-way,Sealed,,0,0,,50,,Off,0,0,,76,Auckland,Give way,,,,,0,0,Urban,0,,,Fine,Null
1767835.3438,5904784.0303,735950,,523722,0,0,0,1,0,Null,2023/2024,SOUTHERN MOTORWAY,REDOUBT ROAD OFF RAMP,,Minor Crash,Yes,2023,0,South,0,0,0,Flat,0,,0,,0,Dark,715801,1,0,0,3,0,0,0,0,0,,0,1,Auckland Region,Motorway ramp,1-way,Sealed,0,0,0,0,100,0,On,0,0,,76,Auckland,Nil,0,1,0,0,0,0,Open,0,0,0,Fine,Null
1770797.0664,5898891.1297,735965,,523911,0,,0,1,,Null,2023/2024,STATION ROAD,PRINCESS STREET,,Serious Crash,No,2023,,North,,0,,Flat,,,,,,Dark,766902,0,0,0,2,,,0,,,1,,,Auckland Region,Nil,2-way,Sealed,,0,1,,50,,On,0,0,,76,Auckland,Nil,,,,,0,0,Urban,0,,,Fine,Null
1770010.4245,5899274.689,735966,,523911,0,,0,2,,Null,2022/2023,GREAT SOUTH ROAD,TAKANINI OFF RAMP,,Non-Injury Crash,No,2023,,South,,0,,Flat,,,,,,Dark,768100,0,0,0,8,,,0,,,,,,Auckland Region,Motorway ramp,2-way,Sealed,,0,0,,50,,On,0,0,,76,Auckland,Traffic Signals,,,,,0,0,Urban,0,,,Light rain,Null
1768373.592,5904449.9649,735974,,523820,0,,1,1,,Null,2022/2023,REDOUBT ROAD,DIORELLA DRIVE,,Non-Injury Crash,No,2023,,West,,0,,Hill Road,,,,,,Overcast,759901,0,0,0,3,,,0,,,,,,Auckland Region,Nil,2-way,Sealed,,0,0,,50,,Off,0,0,,76,Auckland,Give way,,,,,0,0,Urban,0,,,Fine,Null
1768220.1696,5881715.1018,735982,,525910,0,0,0,1,0,North,2022/2023,BEATTY ROAD,PRINCES STREET,,Non-Injury Crash,No,2023,0,North,0,0,0,Flat,0,,0,,0,Bright sun,819700,0,0,0,2,0,0,0,0,0,,0,0,Auckland Region,Nil,2-way,Sealed,0,0,0,0,50,0,Off,0,0,,76,Auckland,Nil,0,0,0,1,0,0,Urban,0,0,0,Fine,Null
1746118.303,5917008.7852,736005,,510800,0,,0,2,,Null,2023/2024,GREAT NORTH ROAD,MCLEOD ROAD,,Minor Crash,No,2023,,South,,0,,Hill Road,,,,,,Overcast,243400,1,0,0,3,,,0,,,,,,Auckland Region,Nil,2-way,Sealed,,0,0,,50,,Off,0,0,,76,Auckland,Give way,,,,,0,0,Urban,0,,,Light rain,Null
1746206.9208,5920260.2238,736021,,513301,0,,0,1,,South,2023/2024,NORTH-WESTERN MOTORWAY,HENDERSON CK BR,,Serious Crash,Yes,2023,,South,,0,,Flat,,,,,,Bright sun,230200,0,0,0,4,,,0,,,,,,Auckland Region,Nil,1-way,Sealed,,0,2,,100,,Off,0,0,,76,Auckland,Nil,,,,,0,0,Open,1,,,Fine,Null
1744245.991,5983399.6178,736022,,506660,0,,0,0,,North,2024/2025,WHANGARIPO VALLEY ROAD,MILLETT ROAD,,Serious Crash,No,2024,,West,,0,,Flat,,,,,,Overcast,136203,0,0,1,2,,,0,,,,,,Auckland Region,Nil,2-way,Sealed,,0,1,,100,,None,0,0,,76,Auckland,Nil,,,,,0,0,Open,0,,,Fine,Null
1768950.8577,5900852.4287,736054,,524902,0,,0,2,,East,2023/2024,ALFRISTON ROAD,GREAT SOUTH ROAD,,Minor Crash,No,2024,,East,,0,,Flat,,,,,,Bright sun,758200,1,0,0,2,,,0,,,,,,Auckland Region,Nil,2-way,Sealed,,0,0,,50,,Off,0,0,,76,Auckland,Nil,,,,,0,0,Urban,1,,,Fine,Null
1770470.1676,5904575.5545,736062,,523820,0,,0,1,,Null,2023/2024,MURPHYS ROAD,REDOUBT ROAD,,Non-Injury Crash,No,2023,,South,,0,,Flat,,,,,,Overcast,760000,0,0,0,2,,,0,,,,,,Auckland Region,Nil,2-way,Sealed,,0,0,,50,,Off,0,0,,76,Auckland,Stop,,,,,0,0,Urban,1,,,Light rain,Strong wind
1753061.8903,5946846.5094,736070,,505906,0,0,0,1,0,North,2023/2024,WHANGAPARAOA ROAD,GLENELG ROAD,,Non-Injury Crash,No,2023,0,Null,0,0,0,Flat,0,,1,,0,Bright sun,173803,0,0,0,4,0,0,0,0,0,,0,0,Auckland Region,Nil,2-way,Sealed,0,0,0,0,50,0,Off,0,0,,76,Auckland,Nil,0,0,0,0,0,1,Urban,0,0,0,Light rain,Null
1755745.5948,5976929.5061,736078,,506661,0,0,0,2,0,North,2023/2024,LEIGH ROAD,TAKATU ROAD,,Minor Crash,No,2023,0,North,0,0,1,Flat,0,,0,,0,Overcast,138202,1,0,0,2,0,0,0,0,0,,0,0,Auckland Region,Nil,2-way,Sealed,0,0,0,0,80,0,None,0,0,,76,Auckland,Nil,0,0,0,0,0,0,Open,0,0,0,Fine,Null
1750004.1884,5911623.3848,736085,,512100,0,0,0,2,0,West,2023/2024,GODLEY ROAD,BISHOP STREET,,Non-Injury Crash,No,2023,0,West,0,0,0,Flat,0,,0,,0,Bright sun,289400,0,0,0,2,0,0,0,0,1,,0,1,Auckland Region,Nil,2-way,Sealed,0,0,0,0,50,0,Off,0,0,,76,Auckland,Nil,0,0,0,0,0,0,Urban,0,0,0,Fine,Null
1785861.3938,5925777.2254,736094,,520801,0,0,0,2,0,East,2022/2023,HOBSON TERRACE,EDEN TERRACE,,Non-Injury Crash,No,2023,0,West,0,0,0,Flat,0,,0,,0,Bright sun,515707,0,0,0,2,0,0,0,0,1,,0,0,Auckland Region,Nil,2-way,Unsealed,0,0,0,0,50,0,Null,0,0,,76,Auckland,Nil,0,0,0,0,0,0,Urban,0,0,0,Fine,Null
1744354.9941,5919734.9007,736117,,513301,0,0,0,0,0,South,2023/2024,UNIVERSAL DRIVE,BITTERN PLACE,,Non-Injury Crash,No,2023,0,South,0,0,0,Flat,0,,0,,1,Dark,234301,0,0,0,1,0,0,0,0,0,,1,0,Auckland Region,Nil,1-way,Sealed,0,0,0,0,50,0,On,0,0,,76,Auckland,Nil,0,0,0,0,0,0,Urban,1,0,0,Fine,Null
1768126.0118,5904179.118,736125,,523820,0,,0,2,,South,2022/2023,REDOUBT ROAD ON RAMP,REDOUBT ROAD,,Non-Injury Crash,No,2023,,South,,0,,Flat,,,,,,Dark,759901,0,0,0,2,,,0,,,,,,Auckland Region,Motorway ramp,1-way,Sealed,,0,0,,100,,On,0,0,,76,Auckland,Nil,,,,,0,0,Open,0,,,Light rain,Null
1757780.8924,5914093.7594,736133,,518600,0,,0,1,,North,2022/2023,PAH ROAD,TORRANCE STREET,,Non-Injury Crash,No,2023,,North,,0,,Flat,,,,,,Unknown,566700,0,0,0,4,,,0,,,,,,Auckland Region,Nil,2-way,Sealed,,0,0,,50,,Off,1,0,,76,Auckland,Nil,,,,,0,0,Urban,0,,,Fine,Null
1756327.057,5918365.7895,736149,,515600,0,0,0,1,0,North,2023/2024,IAN MCKINNON DRIVE,NEW NORTH ROAD,,Non-Injury Crash,No,2023,0,South,0,0,0,Hill Road,0,,0,,0,Dark,419800,0,0,0,4,0,0,0,0,0,,0,0,Auckland Region,Nil,2-way,Sealed,0,0,0,0,50,0,On,0,0,,76,Auckland,Nil,1,0,0,0,0,0,Urban,0,0,0,Fine,Null
1763756.1706,5913725.7299,736157,,520402,0,,0,3,,West,2023/2024,PENROSE ROAD,MOUNT WELLINGTON HIGHWAY,,Non-Injury Crash,No,2023,,Null,,0,,Hill Road,,,,,,Bright sun,640002,0,0,0,4,,,0,,,,,,Auckland Region,Nil,2-way,Sealed,,0,0,,50,,Off,0,0,,76,Auckland,Nil,,,,,1,0,Urban,0,,,Fine,Null
1756070.4791,5923249.1306,736173,,509800,0,0,0,1,0,South,2023/2024,NORTHERN MOTORWAY,HARBOUR BR N,,Minor Crash,Yes,2024,0,North,0,0,0,Hill Road,1,,0,,0,Dark,359200,1,0,0,2,0,0,0,0,0,,0,0,Auckland Region,Bridge,1-way,Sealed,0,0,0,0,80,0,On,0,0,,76,Auckland,Nil,0,0,0,0,0,0,Open,0,0,0,Fine,Null
1761846.2481,5913982.3622,736214,,520202,0,,0,3,,South,2023/2024,SOUTHERN MOTORWAY,ELLERSLIE-PANMURE HWY OFF RAMP,,Non-Injury Crash,Yes,2023,,North,,0,,Flat,,,,,,Dark,612400,0,0,0,3,,,0,,,,,,Auckland Region,Nil,1-way,Sealed,,0,0,,100,,On,0,0,,76,Auckland,Nil,,,,,0,0,Open,0,,,Fine,Null
1753814.8698,5932833.0902,736229,,508804,0,,0,2,,North,2023/2024,ROSEDALE ROAD,ROSEDALE ROAD,,Minor Crash,No,2023,,South,,0,,Hill Road,,,,,,Overcast,180701,1,0,0,2,,,0,,,,,,Auckland Region,Nil,2-way,Sealed,,0,0,,50,,Off,0,0,,76,Auckland,Nil,,,,,0,0,Urban,1,,,Fine,Null
1755800.7929,5913194.5043,736238,,518701,0,,0,3,,West,2023/2024,SOUTH-WESTERN MOTORWAY,HILLSBOROUGH ROAD ON RAMP,,Non-Injury Crash,Yes,2023,,West,,0,,Flat,,,,,,Dark,573800,0,0,0,3,,,0,,,,,,Auckland Region,Nil,1-way,Sealed,,0,0,,100,,On,0,0,,76,Auckland,Nil,,,,,0,0,Open,0,,,Fine,Strong wind
1757934.8386,5918038.7476,736246,,515700,0,,0,2,,South,2023/2024,SOUTHERN MOTORWAY,MAUNGAWHAU OBR,,Non-Injury Crash,Yes,2024,,North,,0,,Flat,,,,,,Twilight,443700,0,0,0,5,,,0,,,,,,Auckland Region,Nil,1-way,Sealed,,0,0,,80,,On,0,0,,76,Auckland,Nil,,,,,0,0,Open,0,,,Fine,Null
1745316.1966,5919985.0548,736261,,513301,0,,0,2,,Null,2022/2023,LINCOLN ROAD,PARAMOUNT DRIVE,,Non-Injury Crash,No,2023,,South,,0,,Flat,,,,,,Bright sun,230401,0,0,0,5,,,0,,,,,,Auckland Region,Nil,2-way,Sealed,,0,0,,50,,Off,0,0,,76,Auckland,Give way,,,,,0,0,Urban,0,,,Fine,Null
1757713.3025,5918258.7385,736262,,518101,0,,0,3,,North,2023/2024,SOUTHERN MOTORWAY,MOUNTAIN OBR,,Non-Injury Crash,Yes,2023,,North,,0,,Flat,,,,,,Bright sun,543000,0,0,0,5,,,0,,,,,,Auckland Region,Motorway ramp,1-way,Sealed,,0,0,,80,,Off,0,0,,76,Auckland,Nil,,,,,0,0,Open,0,,,Fine,Null
1755247.3102,5930213.7951,736269,,508510,0,0,0,2,0,East,2023/2024,SUNNYNOOK ROAD,SUNNYNOOK OBR,,Non-Injury Crash,No,2023,0,West,0,0,0,Hill Road,0,,0,,0,Dark,194408,0,0,0,2,0,0,0,1,0,,0,0,Auckland Region,Nil,2-way,Sealed,0,0,0,0,50,0,On,0,0,,76,Auckland,Nil,0,0,0,2,0,0,Urban,0,0,0,Light rain,Null
1767182.1919,5899429.5519,736301,,524812,0,,0,1,,Null,2023/2024,SYKES ROAD,ASHMERE LANE,,Non-Injury Crash,No,2023,,South,,0,,Flat,,,,,,Bright sun,774213,0,0,0,2,,,0,,,,,,Auckland Region,Nil,2-way,Sealed,,0,0,,50,,Off,0,0,,76,Auckland,Give way,,,,,0,0,Urban,1,,,Fine,Null
1749096.0486,5934419.8179,736302,45,509000,0,,0,0,,North,2023/2024,O'BRIEN ROAD,MAHOENUI VALLEY ROAD,,Fatal Crash,No,2023,,South,,1,,Hill Road,,,,,,Dark,179301,0,0,0,2,,,0,,,1,,,Auckland Region,Nil,2-way,Sealed,,0,0,,60,,None,1,0,,76,Auckland,Nil,,,,,0,0,Urban,0,,,Fine,Null
1731816.7259,5977739.5327,736309,65,506660,0,,0,1,,North,2023/2024,KAIPARA COAST HIGHWAY,INGLETON ROAD,,Minor Crash,Yes,2024,,North,,0,,Hill Road,,,,,,Dark,144600,2,0,0,2,,,0,,,,,,Auckland Region,Nil,2-way,Sealed,,0,0,,100,,None,0,0,,76,Auckland,Nil,,,,,0,0,Open,1,,,Fine,Null
1760663.7158,5879210.7874,736310,,521121,0,0,0,1,0,East,2023/2024,WAIUKU ROAD,BALD HILL ROAD,,Minor Crash,No,2023,0,West,0,0,0,Hill Road,0,,0,,0,Bright sun,812400,1,0,0,3,0,0,0,0,0,,0,0,Auckland Region,Nil,2-way,Sealed,0,0,0,0,80,0,None,0,0,,76,Auckland,Nil,0,0,0,0,0,0,Open,0,0,0,Fine,Null
1737625.1356,5980189.768,736349,,506660,0,,0,0,,North,2023/2024,SH 1,ROBERTSON ROAD,,Non-Injury Crash,Yes,2024,,South,,0,,Flat,,Christmas New Year,,,,Bright sun,136400,0,0,0,2,,,0,,,,,,Auckland Region,Nil,2-way,Sealed,,0,0,,100,,Off,2,0,,76,Auckland,Nil,,,,,0,0,Open,0,,,Fine,Null
1768007.7244,5904291.7099,736357,,524602,0,,0,1,,North,2024/2025,SOUTHERN MOTORWAY,SOUTH-WESTERN MOTORWAY,,Minor Crash,Yes,2024,,North,,0,,Flat,,,,,,Overcast,780501,1,0,1,3,,,0,,,,,,Auckland Region,Nil,1-way,Sealed,,0,0,,100,,Off,1,0,,76,Auckland,Nil,,,,,0,0,Open,0,,,Fine,Null
1755219.8606,5916375.2241,736358,,517701,0,,0,1,,West,2023/2024,BALMORAL ROAD,ARABI STREET,,Minor Crash,No,2024,,East,,0,,Flat,,,,,,Dark,537500,1,1,0,4,,,0,,,,,,Auckland Region,Nil,2-way,Sealed,,0,0,,50,,Off,0,0,,76,Auckland,Nil,,,,,0,0,Urban,0,,,Fine,Null
1718707.4982,5950882.811,736365,,506642,0,,0,1,,South,2023/2024,SOUTH HEAD ROAD,WILSON ROAD,,Serious Crash,No,2024,,South,,0,,Hill Road,,Queens Birthday,,,,Dark,210201,0,0,0,2,,,0,,,,,,Auckland Region,Nil,2-way,Sealed,,0,1,,100,,None,0,0,,76,Auckland,Nil,,,,,0,0,Open,1,,,Mist or Fog,Null
1751254.7017,5918019.1525,736366,,514801,0,0,0,1,0,East,2023/2024,NORTH-WESTERN MOTORWAY,ROSEBANK OBR,,Non-Injury Crash,Yes,2023,0,East,0,0,0,Flat,1,Christmas New Year,0,,0,Dark,390402,0,0,0,3,0,0,0,0,0,,0,0,Auckland Region,Nil,1-way,Sealed,0,0,0,0,100,0,On,0,0,,76,Auckland,Nil,0,0,0,0,0,0,Open,0,0,0,Fine,Null
1739997.2044,5981615.7156,736389,,506660,0,0,0,0,1,North,2023/2024,WAYBY VALLEY ROAD,WILSON ROAD,,Minor Crash,No,2024,0,South,0,0,0,Flat,0,,0,,0,Twilight,136303,1,0,0,2,0,0,0,0,0,,0,0,Auckland Region,Nil,2-way,Sealed,0,0,0,0,100,0,None,0,0,,76,Auckland,Nil,0,0,0,0,0,0,Open,1,0,0,Heavy rain,Null
1765062.9977,5910308.7183,736413,,521803,0,,0,0,,North,2022/2023,SOUTHERN MOTORWAY,PRINCES ST-OTAHUHU ON RAMP,,Non-Injury Crash,Yes,2023,,South,,0,,Flat,,,,,,Overcast,790000,0,0,0,3,,,0,,,,,,Auckland Region,Nil,1-way,Sealed,,0,0,,100,,Off,0,0,,76,Auckland,Nil,,,,,1,0,Open,0,,,Light rain,Strong wind
1758866.3823,5913779.9056,736414,,519300,1,,0,1,,Null,2022/2023,CAMPBELL ROAD,GRAND DRIVE,,Non-Injury Crash,No,2023,,North,,0,,Flat,,,,,,Bright sun,624900,0,0,0,2,,,0,,,,,,Auckland Region,Nil,2-way,Sealed,,0,0,,50,,Off,0,0,,76,Auckland,Give way,,,,,0,0,Urban,0,,,Fine,Null
1770629.5365,5897455.9456,736438,,523912,0,,0,1,,South,2022/2023,SOUTHERN MOTORWAY,PAHUREHURE NO 1 BR,,Non-Injury Crash,Yes,2023,,North,,0,,Flat,,,,,,Bright sun,767803,0,0,0,3,,,0,,,,,,Auckland Region,Nil,1-way,Sealed,,0,0,,100,,Off,1,0,,76,Auckland,Nil,,,,,1,0,Open,0,,,Fine,Null
1746802.2802,5918836.4147,736454,,512401,0,,0,2,,Null,2022/2023,EDMONTON ROAD,FLANSHAW ROAD,,Non-Injury Crash,No,2023,,North,,0,,Flat,,,,,,Bright sun,255500,0,0,0,2,,,0,,,,,,Auckland Region,Nil,2-way,Sealed,,0,0,,50,,Off,0,0,,76,Auckland,Traffic Signals,,,,,0,0,Urban,0,,,Fine,Null
1747760.3891,5914474.8017,736469,,511100,0,,0,2,,Null,2022/2023,GREAT NORTH ROAD,PALM COURT DRIVE,,Non-Injury Crash,No,2023,,South,,0,,Flat,,,,,,Bright sun,285202,0,0,0,4,,,0,,,,,,Auckland Region,Nil,2-way,Sealed,,0,0,,50,,Off,0,0,,76,Auckland,Give way,,,,,0,0,Urban,0,,,Fine,Null
1756714.7009,5927497.8947,736470,,507900,0,,0,0,,Null,2023/2024,TAHAROTO ROAD,NORTHCOTE ROAD,,Serious Crash,No,2024,,South,,0,,Flat,,,,,,Bright sun,304400,0,0,0,6,,,0,,,1,,,Auckland Region,Nil,2-way,Sealed,,0,1,,50,,Off,1,0,,76,Auckland,Traffic Signals,,,,,0,0,Urban,0,,,Fine,Null
1754988.0209,5918307.6232,736478,,515500,0,,0,1,,East,2023/2024,NORTH-WESTERN MOTORWAY,MOUNTAIN VIEW OBR,,Non-Injury Crash,Yes,2023,,East,,0,,Flat,,,,,,Bright sun,418800,0,0,0,4,,,0,,,,,,Auckland Region,Nil,1-way,Sealed,,0,0,,80,,Off,1,0,,76,Auckland,Nil,,,,,0,0,Open,1,,,Fine,Null
1753908.8747,5925535.1525,736501,,508610,0,,0,3,,Null,2023/2024,GLENFIELD ROAD,PUPUKE ROAD,,Minor Crash,No,2023,,South,,0,,Flat,,,,,,Overcast,207200,1,0,0,2,,,0,,,,,,Auckland Region,Nil,2-way,Sealed,,0,0,,50,,Off,0,0,,76,Auckland,Traffic Signals,,,,,0,0,Urban,0,,,Light rain,Null
1771749.3656,5901366.3225,736541,,523813,0,0,0,0,0,West,2023/2024,ALFRISTON ROAD,MILL ROAD,,Non-Injury Crash,No,2023,0,West,0,0,0,Flat,0,Christmas New Year,0,,0,Dark,759600,0,0,0,2,0,0,0,0,0,,0,1,Auckland Region,Nil,2-way,Sealed,0,0,0,0,60,0,None,0,0,,76,Auckland,Nil,0,0,0,0,0,0,Urban,1,0,0,Fine,Null