X,Y,OBJECTID,advisorySpeed,areaUnitID,bicycle,bridge,bus,carStationWagon,cliffBank,crashDirectionDescription,crashFinancialYear,crashLocation1,crashLocation2,crashRoadSideRoad,crashSeverity,crashSHDescription,crashYear,debris,directionRoleDescription,ditch,fatalCount,fence,flatHill,guardRail,holiday,houseOrBuilding,intersection,kerb,light,meshblockId,minorInjuryCount,moped,motorcycle,NumberOfLanes,objectThrownOrDropped,otherObject,otherVehicleType,overBank,parkedVehicle,pedestrian,phoneBoxEtc,postOrPole,region,roadCharacter,roadLane,roadSurface,roadworks,schoolBus,seriousInjuryCount,slipOrFlood,speedLimit,strayAnimal,streetLight,suv,taxi,temporarySpeedLimit,tlaId,tlaName,trafficControl,trafficIsland,trafficSign,train,tree,truck,unknownVehicleType,urban,vanOrUtility,vehicle,waterRiver,weatherA,weatherB
1737863.5645,5924024.6141,736558,,505700,0,,0,2,,West,2023/2024,WAITAKERE ROAD,COTTLE ROAD,,Minor Crash,No,2024,,South,,0,,Hill Road,,,,,,Bright sun,216300,1,0,0,2,,,0,,,,,,Auckland Region,Nil,2-way,Sealed,,0,0,,60,,Off,0,0,,76,Auckland,Nil,,,,,0,0,Urban,1,,,Fine,Null
1769567.9299,5907901.8537,736565,,523713,0,,2,0,,Null,2023/2024,SANCTA MARIA WAY,SANCTA MARIA WAY,,Minor Crash,No,2024,,North,,0,,Flat,,,,,,Bright sun,712302,2,0,0,1,,,0,,,1,,,Auckland Region,Nil,2-way,Sealed,,2,0,,10,,None,0,0,,76,Auckland,Give way,,,,,0,0,Urban,0,,,Fine,Null
1760188.9003,5915947.495,736566,,516003,0,,0,2,,Null,2023/2024,GREEN LANE EAST,GREEN LANE EAST ON RAMP,,Non-Injury Crash,No,2024,,South,,0,,Flat,,,,,,Overcast,494902,0,0,0,3,,,0,,,,,,Auckland Region,Motorway ramp,1-way,Sealed,,0,0,,50,,Off,0,0,,76,Auckland,Give way,,,,,0,0,Urban,0,,,Fine,Null
1759097.234,5906676.1816,736574,,524200,0,,0,0,,South,2023/2024,KIRKBRIDE ROAD,ASCOT ROAD,,Non-Injury Crash,No,2023,,South,,0,,Flat,,,,,,Bright sun,726400,0,0,0,4,,,0,,,,,,Auckland Region,Nil,2-way,Sealed,,0,0,,60,,Off,1,0,,76,Auckland,Nil,,,,,0,0,Urban,1,,,Fine,Null
1746388.7445,5924121.7036,736605,,513522,0,,0,1,,South,2023/2024,MARINA VIEW DRIVE,PICASSO DRIVE,,Non-Injury Crash,No,2024,,North,,0,,Hill Road,,,,,,Overcast,224127,0,0,0,2,,,0,,,,,,Auckland Region,Nil,2-way,Sealed,,0,0,,50,,Off,0,0,,76,Auckland,Nil,,,,,0,0,Urban,1,,,Heavy rain,Null
1743379.8833,5922981.6363,736606,,513610,0,,0,0,,North,2023/2024,DON BUCK ROAD,BEAUCHAMP DRIVE,,Minor Crash,No,2023,,North,,0,,Flat,,,,,,Bright sun,226504,1,0,0,2,,,0,,,1,,,Auckland Region,Nil,2-way,Sealed,,0,0,,50,,Off,0,0,,76,Auckland,Nil,,,,,0,0,Urban,0,,,Fine,Null
1737825.4712,5929291.6119,736621,,505602,0,,0,1,,Null,2023/2024,MAIN ROAD,ORAHA ROAD,,Non-Injury Crash,Yes,2023,,East,,0,,Flat,,,,,,Twilight,214900,0,0,0,2,,,0,,,,,,Auckland Region,Nil,2-way,Sealed,,0,0,,50,,On,0,0,,76,Auckland,Give way,,,,,0,0,Urban,1,,,Fine,Null
1765005.3847,5908259.7116,736654,45,523404,0,0,0,1,0,Null,2023/2024,BAIRDS ROAD,BAIRDS ROAD,,Minor Crash,No,2023,0,East,0,0,0,Flat,0,,0,,0,Bright sun,696701,1,0,0,3,0,0,0,0,0,,0,1,Auckland Region,Nil,2-way,Sealed,0,0,0,0,50,0,Off,0,0,,76,Auckland,Nil,0,0,0,0,0,0,Urban,0,0,0,Fine,Null
1768949.1327,5905992.7509,736685,,523712,0,,0,2,,North,2023/2024,TE IRIRANGI DRIVE,DAWSON ROAD,,Non-Injury Crash,No,2024,,South,,0,,Flat,,,,,,Dark,713013,0,0,0,2,,,0,,,,,,Auckland Region,Nil,1-way,Sealed,,0,0,,50,,On,0,0,,76,Auckland,Nil,,,,,0,0,Urban,0,,,Fine,Null
1771726.8777,5899056.6252,736686,,523911,0,0,0,1,0,Null,2022/2023,AIRFIELD ROAD,PORCHESTER ROAD,,Non-Injury Crash,No,2023,0,West,0,0,0,Flat,0,Easter,0,,0,Dark,767302,0,0,0,2,0,0,0,0,0,,0,0,Auckland Region,Nil,2-way,Sealed,0,0,0,0,50,0,On,0,0,,76,Auckland,Give way,0,1,0,1,0,0,Urban,0,0,0,Fine,Null
1740442.554,5922664.7967,736693,,513701,0,0,0,1,0,West,2023/2024,RED HILLS ROAD,SUNNYVALE ROAD,,Minor Crash,No,2024,0,South,0,0,0,Flat,0,,0,,0,Bright sun,226501,2,0,0,1,0,0,0,0,0,,0,0,Auckland Region,Nil,2-way,Sealed,0,0,0,0,80,0,Off,1,0,,76,Auckland,Nil,0,0,0,1,0,0,Open,0,0,0,Fine,Null
1750197.3129,5928609.5264,736701,,509100,0,,0,1,,South,2023/2024,UPPER HARBOUR MOTORWAY,GREENHITHE OBR,,Non-Injury Crash,Yes,2023,,South,,0,,Flat,,,,,,Overcast,181304,0,0,0,2,,,0,,,,,,Auckland Region,Nil,1-way,Sealed,,0,0,,100,,Off,0,0,,76,Auckland,Nil,,,,,1,0,Open,0,,,Fine,Null
1768354.7708,5904445.6896,736710,,523820,0,,0,1,,Null,2023/2024,REDOUBT ROAD,DIORELLA DRIVE,,Non-Injury Crash,No,2023,,East,,0,,Flat,,,,,,Bright sun,759901,0,0,0,3,,,0,,,,,,Auckland Region,Nil,2-way,Sealed,,0,0,,50,,Off,0,0,,76,Auckland,Give way,,,,,0,0,Urban,1,,,Fine,Null
1738556.6755,5978745.7213,736726,,506660,0,,0,3,,South,2023/2024,SH 1,MCPHERSON WAY,,Minor Crash,Yes,2023,,North,,0,,Hill Road,,,,,,Overcast,136400,3,0,0,3,,,0,,,,,,Auckland Region,Nil,2-way,Sealed,,0,0,,100,,Off,0,0,,76,Auckland,Nil,,,,,0,0,Open,0,,,Fine,Null
1753193.8653,5914942.7818,736757,,518801,0,,0,2,,Null,2023/2024,RICHARDSON ROAD,O'DONNELL AVENUE,,Non-Injury Crash,No,2023,,South,,0,,Flat,,,,,,Overcast,575300,0,0,0,2,,,0,,,,,,Auckland Region,Nil,2-way,Sealed,,0,0,,50,,On,0,0,40,76,Auckland,Stop,,,,,0,0,Urban,0,,,Fine,Null
1732618.0437,5927434.2565,736765,,506652,0,0,0,0,0,South,2023/2024,HINAU ROAD,SCHOOL ROAD,,Non-Injury Crash,No,2023,0,South,0,0,0,Hill Road,0,,0,,0,Dark,219200,0,0,0,2,0,0,0,0,0,,0,0,Auckland Region,Nil,2-way,Sealed,0,0,0,0,60,0,None,0,0,,76,Auckland,Nil,0,0,0,1,0,0,Urban,1,0,0,Fine,Null
1765943.128,5900462.2663,736782,,524822,0,0,0,1,0,West,2023/2024,BURUNDI AVENUE,ROSCOMMON ROAD,,Serious Crash,No,2023,0,West,0,0,0,Flat,0,,0,,0,Twilight,774432,0,0,0,2,0,0,0,0,0,,0,0,Auckland Region,Nil,2-way,Sealed,0,0,1,0,50,0,Off,0,0,40,76,Auckland,Nil,0,0,0,1,0,0,Urban,0,0,0,Light rain,Frost
1756131.99,5923893.8457,736789,,509800,0,,0,1,,South,2022/2023,NORTHERN MOTORWAY,NORTHERN BUSWAY,,Non-Injury Crash,Yes,2023,,South,,0,,Flat,,,,,,Dark,361200,0,0,0,5,,,0,,,,,,Auckland Region,Nil,1-way,Sealed,,0,0,,80,,On,0,0,,76,Auckland,Nil,,,,,0,0,Open,1,,,Light rain,Strong wind
1756120.1273,5934451.5743,736797,,507200,0,0,0,1,0,East,2023/2024,SANDOWN ROAD,KOROTAHA TERRACE,,Non-Injury Crash,No,2023,0,East,0,0,0,Flat,0,,0,,0,Dark,158200,0,0,0,2,0,0,0,0,1,,0,0,Auckland Region,Nil,2-way,Sealed,0,0,0,0,50,0,On,0,0,,76,Auckland,Nil,0,0,0,0,0,0,Urban,1,0,0,Fine,Null
1771682.9963,5912969.3404,736830,,523102,1,,0,0,,Null,2023/2024,WHITFORD ROAD,MEADOWLAND DRIVE,,Minor Crash,No,2024,,West,,0,,Flat,,,,,,Overcast,711005,1,0,0,2,,,0,,,,,,Auckland Region,Nil,2-way,Sealed,,0,0,,50,,Off,1,0,,76,Auckland,Give way,,,,,0,0,Urban,0,,,Fine,Null
1753967.4552,5926858.1839,736838,,508610,0,,0,2,,Null,2023/2024,CORONATION ROAD,ARCHERS ROAD,,Non-Injury Crash,No,2023,,East,,0,,Hill Road,,,,,,Dark,205201,0,0,0,2,,,0,,,1,,,Auckland Region,Nil,2-way,Sealed,,0,0,,50,,On,0,0,,76,Auckland,Give way,,,,,0,0,Urban,0,,,Fine,Null
1745242.3786,5919646.3739,736870,,513301,0,0,0,2,0,Null,2022/2023,OFF ROAD - CAR PARK,,,Minor Crash,No,2023,0,North,0,0,0,Flat,0,,0,,0,Bright sun,232001,1,0,0,,0,0,0,0,1,,0,1,Auckland Region,Nil,Off road,Sealed,0,0,0,0,,0,Off,0,0,,76,Auckland,Nil,0,0,0,0,0,0,Urban,0,0,0,Fine,Null
1748144.0578,5913854.9228,736901,,511700,0,,0,0,,Null,2023/2024,WEST COAST ROAD,WESTWARD HO ROAD,,Minor Crash,No,2024,,North,,0,,Flat,,,,,,Bright sun,270202,1,0,0,2,,,0,,,1,,,Auckland Region,Nil,2-way,Sealed,,0,0,,50,,Off,0,0,,76,Auckland,Give way,,,,,0,0,Urban,1,,,Fine,Null
1771120.5037,5899001.7691,736909,,523911,0,,0,0,,Null,2023/2024,TAKANINI SCHOOL ROAD,STATION ROAD,,Non-Injury Crash,No,2023,,South,,0,,Flat,,,,,,Bright sun,767003,0,0,0,2,,,0,,,,,,Auckland Region,Nil,2-way,Sealed,,0,0,,50,,Off,0,0,,76,Auckland,Give way,,,,,0,0,Urban,2,,,Fine,Null
1753502.1979,5914408.1781,736917,,518801,0,,0,1,,Null,2023/2024,MAIORO STREET,MAIORO STREET ON RAMP,,Minor Crash,No,2024,,North,,0,,Flat,,,,,,Bright sun,578400,2,0,0,3,,,0,,,,,,Auckland Region,Motorway ramp,1-way,Sealed,,0,0,,50,,Off,0,0,,76,Auckland,Traffic Signals,,,,,0,0,Urban,1,,,Fine,Null
1778314.9786,5891581.8638,736942,45,521301,0,0,0,0,0,North,2022/2023,PONGA ROAD,LAURIE DRIVE,,Minor Crash,No,2023,0,West,1,0,0,Hill Road,0,,0,,0,Overcast,816405,1,0,0,2,0,0,0,0,0,,0,1,Auckland Region,Nil,2-way,Sealed,0,0,0,0,100,0,None,1,0,,76,Auckland,Nil,0,0,0,1,0,0,Open,0,0,0,Light rain,Null
1764355.7782,5909349.5565,736981,,521901,0,0,0,2,0,Null,2024/2025,GREAT SOUTH ROAD,FAIRBURN ROAD,,Minor Crash,No,2024,0,North,0,0,0,Flat,0,,0,,0,Dark,784900,1,0,0,4,0,0,0,0,1,,0,0,Auckland Region,Nil,2-way,Unsealed,0,0,0,0,50,0,On,1,0,,76,Auckland,Give way,0,0,0,0,0,0,Urban,1,0,0,Light rain,Null
1772860.0977,5891988.3208,737013,,521301,0,,0,1,,North,2024/2025,SOUTHERN MOTORWAY,BREMNER OBR,,Minor Crash,Yes,2024,,South,,0,,Flat,,Christmas New Year,,,,Overcast,808701,1,0,0,2,,,0,,,,,,Auckland Region,Nil,1-way,Sealed,,0,0,,100,,Off,1,0,,76,Auckland,Nil,,,,,0,0,Open,0,,,Fine,Null
1767747.5325,5912224.0488,737014,,522910,0,0,0,3,0,South,2023/2024,RIVERHILLS AVENUE,TE ANAU PLACE,,Non-Injury Crash,No,2024,0,East,0,0,0,Hill Road,0,,0,,0,Overcast,687600,0,0,0,2,0,0,0,0,1,,0,0,Auckland Region,Nil,2-way,Sealed,0,0,0,0,50,0,Off,0,0,,76,Auckland,Nil,0,0,0,0,0,0,Urban,0,0,0,Light rain,Null
1754641.9559,5930732.342,737021,,508520,0,,0,0,,South,2023/2024,NORTHERN MOTORWAY,UPPER HARBOUR HWY ON RAMP,,Non-Injury Crash,Yes,2024,,South,,0,,Flat,,,,,,Overcast,191104,0,0,0,3,,,0,,,,,,Auckland Region,Nil,1-way,Sealed,,0,0,,100,,None,1,0,,76,Auckland,Nil,,,,,1,0,Open,0,,,Fine,Null
1744358.9402,5913145.5895,737037,,512902,0,,0,2,,North,2024/2025,SHAW ROAD,NOLA ROAD,,Minor Crash,No,2024,,North,,0,,Flat,,,,,,Bright sun,278602,1,0,0,2,,,0,,,,,,Auckland Region,Nil,2-way,Sealed,,0,0,,50,,Off,0,0,,76,Auckland,Nil,,,,,0,0,Urban,0,,,Fine,Null
1754995.2646,5935164.1166,737038,,507101,0,0,0,1,0,North,2023/2024,STAPLEFORD CRESCENT,SARTORS AVENUE,,Non-Injury Crash,No,2023,0,Null,0,0,0,Hill Road,0,,0,,0,Dark,161701,0,0,0,2,0,0,0,0,1,1,0,0,Auckland Region,Nil,2-way,Sealed,0,0,0,0,50,0,On,0,0,,76,Auckland,Nil,0,0,0,0,0,0,Urban,0,0,0,Fine,Null
1752395.9124,5931388.3402,737062,,508807,0,,0,1,,Null,2022/2023,BUSH ROAD,PAUL MATTHEWS ROAD,,Non-Injury Crash,No,2023,,Null,,0,,Flat,,,,,,Dark,180809,0,0,0,2,,,0,,,,,,Auckland Region,Nil,2-way,Sealed,,0,0,,50,,On,0,0,,76,Auckland,Give way,,,,,0,0,Urban,0,,,Light rain,Null
1758329.63,5917178.4633,737069,,519200,0,0,0,0,0,North,2023/2024,MANUKAU ROAD,CLYDE STREET,,Minor Crash,No,2023,0,South,0,0,0,Flat,0,,1,,0,Bright sun,613600,1,0,0,4,0,0,0,0,0,,0,0,Auckland Region,Nil,2-way,Sealed,0,0,0,0,50,0,Off,2,0,,76,Auckland,Nil,0,0,0,0,0,0,Urban,0,0,0,Fine,Null
1757507.189,5918683.5694,737077,,514302,0,,0,1,,North,2022/2023,SOUTHERN MOTORWAY,KHYBER PASS OBR,,Non-Injury Crash,Yes,2023,,South,,0,,Flat,,,,,,Overcast,442500,0,0,0,4,,,0,,,,,,Auckland Region,Nil,1-way,Sealed,,0,0,,80,,Off,1,0,,76,Auckland,Nil,,,,,0,0,Open,0,,,Fine,Null
1766040.6289,5900444.1945,737085,,524822,0,,0,4,,South,2023/2024,ROSCOMMON ROAD,BURUNDI AVENUE,,Minor Crash,No,2023,,North,,0,,Flat,,,,,,Twilight,774434,1,0,0,1,,,0,,,,,,Auckland Region,Nil,1-way,Sealed,,0,0,,50,,Off,0,0,,76,Auckland,Nil,,,,,0,0,Urban,0,,,Fine,Null
1779386.5979,5927306.5802,737117,,520801,0,,0,2,,Null,2023/2024,OCEAN VIEW ROAD,WEKA ROAD,,Non-Injury Crash,No,2024,,South,,0,,Flat,,,,,,Bright sun,516100,0,0,0,2,,,0,,,,,,Auckland Region,Nil,2-way,Sealed,,0,0,,50,,Off,0,0,,76,Auckland,Give way,,,,,0,0,Urban,0,,,Fine,Null
1758137.7466,5915639.2646,737125,,519300,0,,0,0,,North,2023/2024,MANUKAU ROAD,QUEEN MARY AVENUE,,Minor Crash,No,2024,,South,,0,,Flat,,,,,,Bright sun,622900,1,0,0,4,,,0,,,1,,,Auckland Region,Nil,2-way,Sealed,,0,0,,50,,Off,0,0,,76,Auckland,Isolated Pedestrian signal (non-intersection),,,,,0,0,Urban,1,,,Fine,Null
1762285.6609,5907075.6847,737133,,524520,0,,0,0,,Null,2023/2024,MASSEY ROAD,BUCKLAND ROAD,,Non-Injury Crash,No,2024,,South,,0,,Flat,,,,,,Overcast,734703,0,0,0,3,,,0,,,,,,Auckland Region,Nil,2-way,Sealed,,0,0,,50,,Off,0,0,,76,Auckland,Traffic Signals,,,,,0,0,Urban,2,,,Fine,Null
1757508.0402,5920904.9157,737134,,514101,0,,0,2,,Null,2023/2024,CUSTOMS STREET WEST,QUEEN STREET,,Non-Injury Crash,No,2024,,East,,0,,Flat,,,,,,Bright sun,432900,0,0,0,4,,,0,,,,,,Auckland Region,Nil,2-way,Sealed,,0,0,,30,,Off,0,0,,76,Auckland,Traffic Signals,,,,,0,0,Urban,0,,,Light rain,Null
1742536.8536,5929956.6934,737149,,505603,0,0,0,1,0,North,2023/2024,DINNING ROAD,KANGA LANE,,Minor Crash,No,2024,0,South,0,0,1,Flat,0,,0,,0,Bright sun,214401,1,0,0,2,0,0,0,0,0,,0,0,Auckland Region,Nil,2-way,Sealed,0,0,0,0,50,0,Off,0,0,,76,Auckland,Nil,0,0,0,0,0,0,Urban,0,0,0,Fine,Null
1754324.4739,5929211.0816,737158,,508420,0,,0,0,,West,2023/2024,WAIRAU ROAD,KATHLEEN STREET,,Non-Injury Crash,No,2023,,West,,0,,Hill Road,,,,,,Bright sun,183502,0,0,0,3,,,0,,,,,,Auckland Region,Nil,2-way,Sealed,,0,0,,50,,Off,0,0,,76,Auckland,Nil,,,,,0,0,Urban,2,,,Fine,Null
1763802.0967,5912901.9179,737182,,520500,0,,0,0,,East,2024/2025,SOUTH-EASTERN HWY OFF RAMP,MOUNT WELLINGTON OBR,,Minor Crash,No,2024,,East,,0,,Flat,,,,,,Dark,637400,1,0,1,3,,,0,,,,,,Auckland Region,Overpass,1-way,Sealed,,0,0,,100,,On,0,0,,76,Auckland,Nil,,,,,0,0,Open,0,,,Fine,Null
1743211.3567,5919687.3638,737198,,513622,0,,0,2,,North,2023/2024,SCARLET DRIVE,GLEN ROAD,,Minor Crash,No,2023,,North,,0,,Flat,,,,,,Bright sun,226903,1,0,0,2,,,0,,,,,,Auckland Region,Nil,2-way,Sealed,,0,0,,50,,Off,0,0,,76,Auckland,Nil,,,,,0,0,Urban,0,,,Fine,Null
1755761.9133,5919337.9886,737205,,515420,0,,0,2,,Null,2022/2023,WILLIAMSON AVENUE,MACKELVIE STREET,,Non-Injury Crash,No,2023,,South,,0,,Hill Road,,,,,,Overcast,411100,0,0,0,2,,,0,,,,,,Auckland Region,Nil,2-way,Sealed,,0,0,,50,,Off,0,0,,76,Auckland,Stop,,,,,0,0,Urban,0,,,Fine,Null
1741333.2125,5927398.0634,737262,,513701,0,,0,1,,Null,2023/2024,SH 16,COATESVILLE-RIVERHEAD HIGHWAY,,Non-Injury Crash,Yes,2023,,North,,0,,Hill Road,,,,,,Overcast,220200,0,0,0,3,,,0,,,,,,Auckland Region,Nil,2-way,Sealed,,0,0,,80,,Off,0,0,,76,Auckland,Stop,,,,,1,0,Open,0,,,Fine,Null
1753104.9286,5927704.1625,737269,,508210,0,0,0,1,0,East,2023/2024,PEACH ROAD,POWRIE STREET,,Non-Injury Crash,No,2024,0,East,0,0,1,Flat,0,,0,,1,Twilight,186900,0,0,0,2,0,0,0,0,1,,0,0,Auckland Region,Nil,2-way,Sealed,0,0,0,0,50,0,On,1,0,40,76,Auckland,Nil,0,0,0,0,0,0,Urban,0,0,0,Fine,Null
1765639.8444,5902946.2948,737270,,524604,0,0,0,1,0,South,2023/2024,LANGLEY ROAD,WIRI STATION ROAD,,Serious Crash,No,2024,0,North,0,0,0,Flat,0,,0,,0,Dark,781302,0,0,0,2,0,0,0,0,1,,0,0,Auckland Region,Nil,2-way,Sealed,0,0,1,0,50,0,On,0,0,,76,Auckland,Nil,0,0,0,0,0,0,Urban,0,0,0,Light rain,Null
1766773.6871,5904025.9738,737317,,524604,0,,0,0,,Null,2022/2023,LAMBIE DRIVE,LAMBIE DRIVE OFF RAMP,,Minor Crash,No,2023,,North,,0,,Flat,,,,,,Overcast,780209,1,0,0,2,,,0,,,,,,Auckland Region,Nil,1-way,Sealed,,0,0,,60,,Off,2,0,,76,Auckland,Traffic Signals,,,,,0,0,Urban,0,,,Heavy rain,Null
1751580.2589,5931092.2008,737341,,508807,0,,0,1,,Null,2022/2023,ALBANY HIGHWAY,ROTHWELL AVENUE,,Minor Crash,No,2023,,South,,0,,Flat,,,,,,Overcast,180301,1,0,0,4,,,0,,,,,,Auckland Region,Nil,2-way,Sealed,,0,0,,50,,On,0,0,,76,Auckland,Traffic Signals,,,,,0,0,Urban,1,,,Fine,Null
1750725.7364,5932410.2179,737374,,508806,0,0,0,0,0,Null,2022/2023,OFF ROAD - SCHOOL DROP OFF AREA,,,Minor Crash,No,2023,0,East,0,0,0,Flat,0,,1,,0,Overcast,179910,1,0,0,,0,0,0,0,0,,0,0,Auckland Region,Nil,Off road,Sealed,0,0,0,0,,0,Off,1,0,,76,Auckland,Nil,0,0,0,0,0,0,Urban,0,0,0,Light rain,Null
1770134.3663,5915853.1141,737381,,522711,1,,0,1,,Null,2022/2023,SUNDERLANDS ROAD,BUCKLANDS BEACH ROAD,,Minor Crash,No,2023,,East,,0,,Flat,,,,,,Bright sun,679309,1,0,0,2,,,0,,,,,,Auckland Region,Nil,2-way,Sealed,,0,0,,50,,Off,0,0,,76,Auckland,Give way,,,,,0,0,Urban,0,,,Fine,Null
1750409.0626,5918004.332,737390,,514801,0,,0,2,,West,2023/2024,NORTH-WESTERN MOTORWAY,ROSEBANK BR,,Non-Injury Crash,Yes,2023,,West,,0,,Flat,,,,,,Bright sun,390401,0,0,0,5,,,0,,,,,,Auckland Region,Nil,1-way,Sealed,,0,0,,100,,Off,0,0,,76,Auckland,Nil,,,,,0,0,Open,0,,,Fine,Null
1759670.3022,5912997.3364,737404,,520000,0,,0,2,,Null,2022/2023,MOUNT SMART ROAD,MAYS ROAD,,Minor Crash,No,2023,,East,,0,,Flat,,,,,,Overcast,605500,1,0,0,2,,,0,,,,,,Auckland Region,Nil,2-way,Sealed,,0,0,,50,,Off,0,0,,76,Auckland,Give way,,,,,0,0,Urban,0,,,Fine,Null
1735945.5253,5944863.2101,737413,,506646,0,0,0,0,0,East,2023/2024,KAHIKATEA FLAT ROAD,RAPSON ROAD,,Minor Crash,No,2024,0,West,0,0,1,Flat,0,,0,,0,Twilight,213100,1,0,1,2,0,0,0,0,0,,0,0,Auckland Region,Nil,2-way,Sealed,0,0,0,0,80,0,None,1,0,,76,Auckland,Nil,0,0,0,0,0,0,Open,0,0,0,Fine,Null
1763133.7688,5905229.4098,737414,,524303,0,,0,2,,South,2023/2024,SOUTH-WESTERN MOTORWAY,PORTAGE OBR,,Non-Injury Crash,Yes,2023,,South,,0,,Flat,,,,,,Dark,746301,0,0,0,2,,,0,,,,,,Auckland Region,Nil,1-way,Sealed,,0,0,,100,,On,0,0,,76,Auckland,Nil,,,,,0,0,Open,0,,,Fine,Null
1768790.3055,5914120.8563,737421,,522723,0,,0,2,,Null,2023/2024,PAKURANGA ROAD,CASCADES ROAD,,Non-Injury Crash,No,2023,,South,,0,,Hill Road,,,,,,Dark,681400,0,0,0,6,,,0,,,,,,Auckland Region,Nil,2-way,Sealed,,0,0,,50,,On,0,0,,76,Auckland,Traffic Signals,,,,,0,0,Urban,0,,,Fine,Null
1768833.0161,5903197.9249,737437,,523820,0,0,0,0,0,Null,2022/2023,EVERGLADE DRIVE,CRAIL COURT,,Non-Injury Crash,No,2023,0,North,0,0,0,Flat,0,,0,,0,Dark,760126,0,0,0,2,0,0,0,0,0,,0,1,Auckland Region,Nil,2-way,Sealed,0,0,0,0,50,0,On,0,0,,76,Auckland,Give way,0,0,0,0,0,0,Urban,1,0,0,Fine,Null
1746215.5338,5914016.2237,737438,,511001,0,,0,3,,West,2023/2024,WEST COAST ROAD,ROSIER ROAD,,Non-Injury Crash,No,2024,,East,,0,,Flat,,,,,,Overcast,282500,0,0,0,3,,,0,,,,,,Auckland Region,Nil,2-way,Sealed,,0,0,,50,,Off,0,0,,76,Auckland,Nil,,,,,0,0,Urban,0,,,Fine,Null
1751328.8128,5876488.9322,737453,,521151,0,0,0,1,1,South,2023/2024,TAURANGARURU ROAD,REWAREWA ROAD,,Non-Injury Crash,No,2023,0,East,0,0,1,Flat,0,,0,,0,Dark,831500,0,0,0,2,0,0,0,0,0,,0,0,Auckland Region,Nil,2-way,Sealed,0,0,0,0,100,0,None,0,0,,76,Auckland,Nil,0,0,0,0,0,0,Open,0,0,0,Fine,Null
1764662.0746,5911705.1311,737461,,520500,0,,0,2,,North,2023/2024,SOUTHERN MOTORWAY,PANAMA OBR,,Non-Injury Crash,Yes,2024,,South,,0,,Flat,,,,,,Bright sun,639602,0,0,0,3,,,0,,,,,,Auckland Region,Overpass,1-way,Sealed,,0,0,,100,,Off,0,0,,76,Auckland,Nil,,,,,0,0,Open,0,,,Fine,Null
1757976.6929,5914811.0157,737478,,515802,0,,0,3,,South,2022/2023,MANUKAU ROAD,EMPIRE ROAD,,Non-Injury Crash,No,2023,,South,,0,,Flat,,,,,,Overcast,449300,0,0,0,3,,,0,,,,,,Auckland Region,Nil,2-way,Sealed,,0,0,,50,,Off,0,0,,76,Auckland,Nil,,,,,0,0,Urban,0,,,Fine,Null
1773267.3054,5890388.0852,737493,95,521301,0,,0,2,,North,2023/2024,SOUTHERN MOTORWAY,QUARRY OBR,,Minor Crash,Yes,2024,,North,,0,,Flat,,Easter,,,,Twilight,809200,2,0,0,2,,,0,,,,,,Auckland Region,Nil,1-way,Sealed,,0,0,,100,,Off,0,0,,76,Auckland,Nil,,,,,0,0,Open,0,,,Fine,Null
1765827.8832,5900964.6829,737501,,524821,0,0,0,1,0,North,2023/2024,ROSCOMMON ROAD,MONCRIEFF AVENUE,,Non-Injury Crash,No,2024,0,North,0,0,0,Flat,0,,0,,0,Bright sun,774403,0,0,0,1,0,0,0,0,1,,0,0,Auckland Region,Nil,1-way,Sealed,0,0,0,0,50,0,Off,0,0,,76,Auckland,Nil,0,0,0,0,0,0,Urban,1,0,0,Fine,Null
1755494.1969,5934298.3801,737508,,507200,0,,0,0,,Null,2022/2023,BEACH ROAD,BROWNS BAY ROAD,,Minor Crash,No,2023,,South,,0,,Hill Road,,,,,,Overcast,156304,1,0,0,2,,,0,,,,,,Auckland Region,Nil,2-way,Sealed,,0,0,,50,,Off,2,0,,76,Auckland,Give way,,,,,0,0,Urban,1,,,Fine,Null
1755005.0372,5931862.6271,737509,,508805,0,,0,2,,East,2023/2024,CONSTELLATION DRIVE,APOLLO DRIVE,,Non-Injury Crash,No,2024,,West,,0,,Flat,,,,,,Bright sun,180813,0,0,0,2,,,0,,,,,,Auckland Region,Nil,2-way,Sealed,,0,0,,50,,Off,0,0,,76,Auckland,Nil,,,,,0,0,Urban,0,,,Fine,Null
1747972.728,5921999.9814,737510,,512202,0,,0,2,,South,2023/2024,WAIMANU BAY DRIVE,WAIKURA DRIVE,,Non-Injury Crash,No,2023,,North,,0,,Flat,,,,,,Twilight,249006,0,0,0,2,,,0,,,,,,Auckland Region,Nil,2-way,Sealed,,0,0,,50,,On,0,0,,76,Auckland,Nil,,,,,0,0,Urban,0,,,Fine,Null
1771542.3914,5895023.794,737526,,525530,0,0,0,1,0,South,2022/2023,SOUTHERN MOTORWAY,PAPAKURA ON RAMP,,Non-Injury Crash,Yes,2023,0,South,0,0,0,Flat,1,,0,,0,Dark,804901,0,0,0,2,0,0,0,0,0,,0,0,Auckland Region,Nil,1-way,Sealed,0,0,0,0,100,0,On,0,0,,76,Auckland,Nil,0,0,0,0,1,0,Open,0,0,0,Fine,Null
1751037.5617,5951279.7182,737549,,505804,0,0,0,0,0,West,2023/2024,HILLCREST ROAD,LANCELOT ROAD,,Non-Injury Crash,No,2024,0,East,0,0,0,Hill Road,0,,0,,0,Bright sun,170812,0,0,0,2,0,0,0,0,1,,0,0,Auckland Region,Nil,2-way,Sealed,0,0,0,0,50,0,None,1,0,,76,Auckland,Nil,0,0,0,0,0,0,Urban,2,0,0,Fine,Null