X,Y,OBJECTID,advisorySpeed,areaUnitID,bicycle,bridge,bus,carStationWagon,cliffBank,crashDirectionDescription,crashFinancialYear,crashLocation1,crashLocation2,crashRoadSideRoad,crashSeverity,crashSHDescription,crashYear,debris,directionRoleDescription,ditch,fatalCount,fence,flatHill,guardRail,holiday,houseOrBuilding,intersection,kerb,light,meshblockId,minorInjuryCount,moped,motorcycle,NumberOfLanes,objectThrownOrDropped,otherObject,otherVehicleType,overBank,parkedVehicle,pedestrian,phoneBoxEtc,postOrPole,region,roadCharacter,roadLane,roadSurface,roadworks,schoolBus,seriousInjuryCount,slipOrFlood,speedLimit,strayAnimal,streetLight,suv,taxi,temporarySpeedLimit,tlaId,tlaName,trafficControl,trafficIsland,trafficSign,train,tree,truck,unknownVehicleType,urban,vanOrUtility,vehicle,waterRiver,weatherA,weatherB
1770479.382,5900748.2421,737550,,523816,0,0,0,1,0,West,2023/2024,RIVERTON DRIVE,RANDWICK PLACE,,Non-Injury Crash,No,2023,0,East,0,0,0,Flat,0,,0,,0,Dark,759736,0,0,0,2,0,0,0,0,1,,0,0,Auckland Region,Nil,2-way,Sealed,0,0,0,0,50,0,On,0,0,,76,Auckland,Nil,0,0,0,0,0,0,Urban,1,0,0,Fine,Null
1752033.4396,5930705.8272,737558,,509100,0,,0,2,,Null,2023/2024,ALBANY HIGHWAY,ALBANY HIGHWAY OFF RAMP,,Non-Injury Crash,No,2023,,North,,0,,Flat,,,,,,Dark,181003,0,0,0,5,,,0,,,,,,Auckland Region,Motorway ramp,2-way,Sealed,,0,0,,60,,On,0,0,,76,Auckland,Traffic Signals,,,,,0,0,Urban,0,,,Fine,Null
1767339.8706,5902086.5564,737582,,524720,0,0,0,2,0,East,2023/2024,BROWNS ROAD,JELLICOE ROAD,,Minor Crash,No,2024,0,East,0,0,0,Flat,0,,0,,0,Overcast,779700,1,0,0,2,0,0,0,0,1,,0,0,Auckland Region,Nil,2-way,Sealed,0,0,0,0,50,0,Off,0,0,,76,Auckland,Nil,0,0,0,0,0,0,Urban,0,0,0,Fine,Null
1822968.9591,5981155.9608,737589,,521000,0,,0,1,,South,2023/2024,MEDLAND ROAD,STATION ROCK ROAD,,Non-Injury Crash,No,2024,,North,,0,,Hill Road,,,,,,Bright sun,439200,0,0,0,2,,,0,,,,,,Auckland Region,Nil,2-way,Sealed,,0,0,,100,,None,0,0,,76,Auckland,Nil,,,,,1,0,Open,0,,,Fine,Null
1761790.9147,5906528.0056,737606,,524200,0,,0,1,,South,2022/2023,MASSEY ROAD ON RAMP,MASSEY ROAD,,Non-Injury Crash,No,2023,,South,,0,,Hill Road,,,,,,Overcast,728700,0,0,0,2,,,0,,,,,,Auckland Region,Motorway ramp,1-way,Sealed,,0,0,,50,,Off,0,0,,76,Auckland,Nil,,,,,1,0,Urban,0,,,Fine,Null
1765359.8465,5904445.5082,737621,,524603,0,0,0,3,0,Null,2023/2024,CLENDON AVENUE,SEDDON AVENUE,,Non-Injury Crash,No,2023,0,South,0,0,0,Flat,0,,0,,0,Dark,674200,0,0,0,2,0,0,0,0,1,,0,0,Auckland Region,Nil,2-way,Sealed,0,0,0,0,50,0,On,0,0,,76,Auckland,Nil,0,0,0,0,0,0,Urban,0,0,0,Light rain,Null
1769086.6249,5889379.8901,737629,65,521122,0,0,0,1,0,South,2024/2025,KARAKA ROAD,BLACKBRIDGE ROAD,,Minor Crash,Yes,2024,0,South,0,0,0,Flat,0,,0,,0,Overcast,810000,1,0,0,2,0,0,0,0,0,,0,1,Auckland Region,Nil,2-way,Sealed,0,0,0,0,80,0,Off,0,0,,76,Auckland,Nil,0,0,0,0,0,0,Open,0,0,0,Fine,Null
1766028.176,5904608.1409,737630,,524603,0,0,0,0,0,North,2023/2024,GRAYSON AVENUE,CAVENDISH DRIVE,,Minor Crash,No,2024,0,South,0,0,0,Flat,0,,0,,0,Bright sun,674500,1,0,0,2,0,0,1,0,1,,0,0,Auckland Region,Nil,2-way,Sealed,0,0,0,0,50,0,Off,0,0,,76,Auckland,Nil,0,0,0,0,0,0,Urban,1,0,0,Fine,Null
1757734.3624,5915590.6623,737654,,515801,0,,0,2,,Null,2022/2023,GREEN LANE WEST,THE DRIVE,,Non-Injury Crash,No,2023,,East,,0,,Flat,,,,,,Dark,447300,0,0,0,2,,,0,,,,,,Auckland Region,Nil,1-way,Sealed,,0,0,,50,,On,0,0,,76,Auckland,Traffic Signals,,,,,0,0,Urban,0,,,Fine,Null
1757375.9667,5915737.6823,737661,,515801,0,0,0,1,0,Null,2023/2024,GREEN LANE WEST,ST ANDREWS ROAD,,Non-Injury Crash,No,2023,0,West,0,0,0,Flat,0,Christmas New Year,0,,0,Dark,446902,0,0,0,6,0,0,0,0,0,,0,0,Auckland Region,Nil,2-way,Sealed,0,0,0,0,50,0,On,0,0,,76,Auckland,Traffic Signals,0,0,0,1,0,0,Urban,0,0,0,Light rain,Null
1762554.9561,5916731.0906,737669,,516302,0,,0,2,,Null,2022/2023,GRAND DRIVE,TOWLE PLACE,,Non-Injury Crash,No,2023,,South,,0,,Hill Road,,,,,,Dark,463200,0,0,0,2,,,0,,,,,,Auckland Region,Nil,2-way,Sealed,,0,0,,50,,On,0,0,,76,Auckland,Give way,,,,,0,0,Urban,0,,,Fine,Null
1770751.6979,5898534.0116,737677,,523920,0,,0,1,,North,2023/2024,GREAT SOUTH ROAD,GRAHAM ROAD,,Minor Crash,No,2024,,North,,0,,Hill Road,,,,,,Bright sun,767503,1,0,0,2,,,0,,,,,,Auckland Region,Nil,2-way,Sealed,,0,0,,50,,Off,0,0,,76,Auckland,Nil,,,,,0,0,Urban,2,,,Fine,Null
1763143.1165,5908371.6747,737685,,524402,0,,0,1,,South,2022/2023,SAVILL DRIVE,ALDERMAN PLACE,,Non-Injury Crash,No,2023,,South,,0,,Flat,,,,,,Overcast,749900,0,0,0,2,,,0,,,,,,Auckland Region,Nil,2-way,Sealed,,0,0,,50,,Off,0,0,,76,Auckland,Nil,,,,,0,0,Urban,0,,,Light rain,Null
1756094.1711,5923701.0613,737693,,509800,0,,0,2,,South,2022/2023,NORTHERN MOTORWAY,WEIGH BRIDGE,,Non-Injury Crash,Yes,2023,,South,,0,,Flat,,,,,,Bright sun,358800,0,0,0,4,,,0,,,,,,Auckland Region,Bridge,1-way,Sealed,,0,0,,80,,Off,0,0,,76,Auckland,Nil,,,,,0,0,Open,0,,,Fine,Null
1748730.3282,5913195.9202,737694,,511401,0,0,1,1,0,South,2022/2023,TITIRANGI ROAD,NORTHALL ROAD,,Non-Injury Crash,No,2023,0,South,0,0,0,Flat,0,,0,,0,Dark,263801,0,0,0,2,0,0,0,0,1,,0,0,Auckland Region,Nil,2-way,Sealed,0,0,0,0,50,0,On,0,0,,76,Auckland,Nil,0,0,0,0,0,0,Urban,0,0,0,Fine,Null
1744361.7811,5925258.2552,737709,,513410,0,0,0,1,0,North,2023/2024,TRIG ROAD,NORTHSIDE DRIVE,,Non-Injury Crash,No,2023,0,North,0,0,0,Flat,0,,0,,0,Overcast,223701,0,0,0,2,0,0,0,0,0,,0,1,Auckland Region,Nil,2-way,Sealed,0,0,0,0,80,0,Off,0,0,,76,Auckland,Nil,0,0,0,0,0,0,Open,0,0,0,Light rain,Null
1772474.5179,5896956.2237,737710,,525420,0,,0,0,,Null,2023/2024,GREAT SOUTH ROAD,COLES CRESCENT,,Minor Crash,No,2023,,North,,0,,Flat,,,,,,Overcast,791300,1,0,1,2,,,0,,,,,,Auckland Region,Nil,2-way,Sealed,,0,0,,50,,Off,0,0,,76,Auckland,Stop,,,,,0,0,Urban,1,,,Light rain,Null
1768126.623,5903982.2732,737717,,524602,0,,0,1,,South,2023/2024,SOUTHERN MOTORWAY,LINK 20 SBD OBR,,Serious Crash,Yes,2024,,North,,0,,Hill Road,,,,,,Bright sun,780501,0,0,1,4,,,0,,,,,,Auckland Region,Underpass,1-way,Sealed,,0,1,,100,,Off,0,0,,76,Auckland,Nil,,,,,0,0,Open,0,,,Fine,Null
1766877.6934,5902283.8019,737733,,524602,0,,0,1,,North,2022/2023,DALGETY DRIVE,BROWNS ROAD,,Non-Injury Crash,No,2023,,South,,0,,Flat,,,,,,Bright sun,780407,0,0,0,2,,,0,,,,,,Auckland Region,Nil,2-way,Sealed,,0,0,,50,,Off,0,0,,76,Auckland,Nil,,,,,0,0,Urban,1,,,Fine,Null
1762937.6108,5908459.8759,737742,,524402,0,0,0,0,0,North,2023/2024,SAVILL DRIVE,ALDERMAN PLACE,,Non-Injury Crash,No,2024,0,East,0,0,0,Flat,0,,0,,0,Dark,749900,0,0,0,2,0,0,0,0,0,,0,1,Auckland Region,Nil,2-way,Sealed,0,0,0,0,50,0,On,0,0,40,76,Auckland,Nil,0,0,0,0,0,0,Urban,1,0,0,Fine,Null
1778253.0278,5916453.2387,737781,,523300,0,,0,2,,Null,2024/2025,SECOND VIEW AVENUE,BELL ROAD,,Minor Crash,No,2024,,East,,0,,Flat,,,,,,Dark,719103,1,0,0,2,,,0,,,,,,Auckland Region,Nil,2-way,Sealed,,0,0,,50,,On,0,0,,76,Auckland,Give way,,,,,0,0,Urban,0,,,Light rain,Null
1750914.358,5983945.05,737838,,506660,0,1,0,1,0,North,2023/2024,PAKIRI ROAD,MATAKANA VALLEY ROAD,,Minor Crash,No,2023,0,West,0,0,0,Flat,0,,0,,0,Bright sun,136204,1,0,0,2,0,0,0,0,0,,0,0,Auckland Region,Bridge,2-way,Sealed,0,0,0,0,60,0,None,0,0,,76,Auckland,Nil,0,0,0,0,0,0,Urban,0,0,0,Fine,Null
1773491.5404,5909679.8758,737854,,523202,0,0,0,0,0,West,2023/2024,WHITFORD ROAD,FAIRVIEW ROAD,,Serious Crash,No,2024,0,West,0,0,0,Hill Road,0,,0,,0,Dark,717505,0,0,0,1,0,0,0,0,0,,0,0,Auckland Region,Nil,2-way,Sealed,0,0,1,0,60,0,None,0,0,,76,Auckland,Nil,0,0,0,1,0,0,Urban,1,0,0,Fine,Null
1749301.9826,5918161.7416,737861,,514801,0,0,0,1,0,South,2023/2024,NORTH-WESTERN MOTORWAY,ROSEBANK OBR,,Non-Injury Crash,Yes,2023,0,North,0,0,0,Flat,1,,0,,0,Overcast,390401,0,0,0,4,0,0,0,0,0,,0,0,Auckland Region,Nil,1-way,Sealed,0,0,0,0,100,0,Off,0,0,,76,Auckland,Nil,0,0,0,0,0,0,Open,0,0,0,Fine,Null
1763768.2158,5906556.0663,737862,,524301,0,0,0,0,0,Null,2023/2024,ROSEBANK ROAD,PORTAGE ROAD,,Non-Injury Crash,No,2024,0,West,0,0,0,Flat,0,,0,,0,Dark,655701,0,0,0,2,0,0,0,0,1,1,0,0,Auckland Region,Nil,2-way,Sealed,0,0,0,0,50,0,On,0,0,,76,Auckland,Give way,0,0,0,0,1,0,Urban,1,0,0,Fine,Null
1760724.2438,5917444.9394,737869,,516202,0,0,0,4,0,North,2023/2024,ORAKEI ROAD,ARA STREET,,Minor Crash,No,2024,0,North,0,0,0,Hill Road,0,,0,,1,Twilight,490300,1,0,0,2,0,0,0,0,1,,0,0,Auckland Region,Nil,2-way,Sealed,0,0,0,0,50,0,On,0,0,,76,Auckland,Nil,0,0,0,0,0,0,Urban,0,0,0,Fine,Null
1761658.1634,5913243.4186,737876,,519500,0,,0,1,,South,2022/2023,O'RORKE ROAD,STATION ROAD,,Minor Crash,No,2023,,South,,0,,Flat,,,,,,Overcast,621600,1,0,0,3,,,0,,,,,,Auckland Region,Nil,2-way,Sealed,,0,0,,50,,Off,0,0,,76,Auckland,Nil,,,,,0,0,Urban,1,,,Light rain,Null
1772514.7368,5893277.5278,737893,,521201,0,,0,2,,North,2023/2024,SOUTHERN MOTORWAY,SLIPPERY CK BR,,Non-Injury Crash,Yes,2024,,North,,0,,Flat,,Christmas New Year,,,,Bright sun,806800,0,0,0,2,,,0,,,,,,Auckland Region,Nil,1-way,Sealed,,0,0,,100,,Off,0,0,80,76,Auckland,Nil,,,,,0,0,Open,0,,,Fine,Null
1781362.1961,5916537.3117,737894,,523300,0,0,0,2,0,East,2022/2023,MARAETAI DRIVE,MARAETAI SCHOOL ROAD,,Minor Crash,No,2023,0,West,0,0,0,Flat,0,,0,,0,Dark,719600,1,0,0,2,0,0,0,0,1,,0,0,Auckland Region,Nil,2-way,Sealed,0,0,0,0,50,0,None,0,0,,76,Auckland,Nil,0,0,0,0,0,0,Urban,1,0,0,Fine,Null
1762968.6088,5905401.5216,737901,,524200,0,0,0,2,0,South,2024/2025,SOUTH-WESTERN MOTORWAY,PORTAGE OBR,,Serious Crash,Yes,2024,0,North,0,0,1,Flat,1,,0,,0,Overcast,728900,0,0,0,2,0,0,0,0,0,,0,0,Auckland Region,Nil,1-way,Sealed,0,0,1,0,100,0,Off,0,0,,76,Auckland,Nil,0,0,0,0,0,0,Open,0,0,0,Fine,Null
1746759.1836,5917616.4227,737908,,512500,0,,0,2,,North,2022/2023,TE ATATU ROAD,MCLEOD ROAD,,Minor Crash,No,2023,,South,,0,,Flat,,,,,,Bright sun,258200,2,0,0,4,,,0,,,,,,Auckland Region,Nil,2-way,Sealed,,0,0,,50,,Off,1,0,,76,Auckland,Nil,,,,,0,0,Urban,0,,,Fine,Null
1756938.5511,5904362.795,737933,,524200,0,0,0,1,0,West,2023/2024,IHUMATAO ROAD,SISTEMA WAY,,Minor Crash,No,2024,0,East,0,0,0,Flat,0,,0,,0,Dark,727000,1,0,0,2,0,0,0,0,0,,0,1,Auckland Region,Nil,2-way,Sealed,0,0,0,0,60,0,None,0,0,,76,Auckland,Nil,0,0,0,0,0,0,Urban,0,0,0,Fine,Null
1764351.3278,5919832.3996,737934,,516601,1,,0,1,,Null,2023/2024,BADDELEY AVENUE,MELANESIA ROAD,,Minor Crash,No,2023,,South,,0,,Flat,,,,,,Overcast,505101,1,0,0,2,,,0,,,,,,Auckland Region,Nil,2-way,Sealed,,0,0,,50,,Off,0,0,,76,Auckland,Give way,,,,,0,0,Urban,0,,,Fine,Null
1765238.862,5914645.7364,737942,,520601,0,0,0,1,0,East,2023/2024,QUEENS ROAD,PILKINGTON ROAD,,Non-Injury Crash,No,2023,0,East,0,0,0,Flat,0,,0,,0,Dark,630700,0,0,0,2,0,0,0,0,1,,0,0,Auckland Region,Nil,2-way,Sealed,0,0,0,0,50,0,On,0,0,,76,Auckland,Nil,0,0,0,0,0,0,Urban,2,0,0,Light rain,Null
1767759.544,5904298.7232,737956,,524604,0,,0,2,,Null,2022/2023,MANUKAU STATION ROAD,GREAT SOUTH ROAD,,Minor Crash,No,2023,,East,,0,,Flat,,,,,,Dark,780204,1,0,0,4,,,0,,,,,,Auckland Region,Nil,2-way,Sealed,,0,0,,50,,On,1,0,,76,Auckland,Traffic Signals,,,,,0,0,Urban,0,,,Light rain,Null
1744542.0183,5922506.0209,737958,,513530,0,,0,2,,Null,2023/2024,ROYAL ROAD,ROYAL ROAD ON RAMP,,Non-Injury Crash,No,2024,,North,,0,,Hill Road,,,,,,Bright sun,225802,0,0,0,2,,,0,,,,,,Auckland Region,Motorway ramp,2-way,Sealed,,0,0,,50,,Off,0,0,,76,Auckland,Give way,,,,,0,0,Urban,0,,,Fine,Null
1772331.2838,5894199.5144,737973,,525530,0,0,1,1,1,South,2022/2023,GOODWIN DRIVE,CHICHESTER DRIVE,,Non-Injury Crash,No,2023,0,North,0,0,0,Flat,0,,0,,0,Bright sun,804200,0,0,0,2,0,0,0,0,0,,0,0,Auckland Region,Nil,2-way,Sealed,1,0,0,0,30,0,Off,0,0,,76,Auckland,Nil,0,0,0,0,0,0,Urban,0,0,0,Fine,Null
1752497.8216,5915009.2361,737974,,514500,0,,0,1,,North,2023/2024,SH 20,MAIORO STREET OFF RAMP,,Non-Injury Crash,Yes,2024,,South,,0,,Hill Road,,,,,,Dark,377800,0,0,0,3,,,0,,,,,,Auckland Region,Nil,1-way,Sealed,,0,0,,80,,On,0,0,,76,Auckland,Nil,,,,,1,0,Open,0,,,Fine,Null
1759754.9292,5918592.4296,737982,,516102,0,,0,0,,West,2023/2024,SHORE ROAD,WOODVILLE ROAD,,Non-Injury Crash,No,2024,,West,,0,,Flat,,,,,,Bright sun,482500,0,0,0,2,,,0,,,,,,Auckland Region,Nil,2-way,Sealed,,0,0,,50,,Off,2,0,,76,Auckland,Nil,,,,,0,0,Urban,0,,,Fine,Null
1757239.8105,5910201.2253,737989,,524001,0,0,0,1,0,East,2023/2024,KIWI ESPLANADE,CLARESHOLM PLACE,,Non-Injury Crash,No,2023,0,North,0,0,1,Flat,0,,0,,0,Overcast,720300,0,0,0,2,0,0,0,0,0,,0,0,Auckland Region,Nil,2-way,Sealed,0,0,0,0,50,0,Null,0,0,,76,Auckland,Nil,0,0,0,0,0,0,Urban,0,0,0,Light rain,Null
1768313.8067,5902034.5061,737990,,525001,0,0,0,1,0,North,2023/2024,GREAT SOUTH ROAD,GRANDE VUE ROAD,,Minor Crash,No,2023,0,North,0,0,0,Flat,0,,0,,1,Dark,750800,1,0,0,2,0,0,0,0,0,,0,0,Auckland Region,Nil,2-way,Sealed,0,0,0,0,50,0,On,0,0,,76,Auckland,Nil,0,0,0,0,0,0,Urban,0,0,0,Light rain,Null
1768788.7921,5904378.4749,737998,45,523820,0,0,0,1,0,Null,2022/2023,EVERGLADE DRIVE,BANKSIA PLACE,,Non-Injury Crash,No,2023,0,South,0,0,1,Hill Road,0,,0,,0,Dark,759902,0,0,0,2,0,0,0,0,0,,0,0,Auckland Region,Nil,2-way,Sealed,0,0,0,0,50,0,On,0,0,,76,Auckland,Give way,0,0,0,0,0,0,Urban,0,0,0,Fine,Null
1755608.8612,5925290.3904,738005,,509702,0,0,0,2,0,North,2023/2024,LAKE ROAD,KORORO STREET,,Non-Injury Crash,No,2023,0,South,0,0,0,Hill Road,0,,0,,0,Dark,366100,0,0,0,4,0,0,0,0,1,,0,0,Auckland Region,Nil,2-way,Sealed,0,0,0,0,50,0,On,0,0,,76,Auckland,Nil,0,0,0,0,0,0,Urban,0,0,0,Light rain,Null
1746853.2391,5943017.5842,738013,,506614,0,0,0,1,0,North,2023/2024,DAIRY FLAT HIGHWAY,KAHIKATEA FLAT ROAD,,Minor Crash,No,2024,0,North,0,0,1,Hill Road,0,,0,,0,Dark,177803,2,0,0,2,0,0,0,0,0,,0,0,Auckland Region,Nil,2-way,Sealed,0,0,0,0,60,0,None,0,0,,76,Auckland,Nil,0,0,0,0,0,0,Urban,1,0,0,Fine,Null
1766420.2219,5907627.5123,738029,,523402,0,,0,1,,Null,2023/2024,EAST TAMAKI ROAD,OTARA ROAD,,Non-Injury Crash,No,2023,,East,,0,,Flat,,Christmas New Year,,,,Overcast,699300,0,0,0,3,,,0,,,,,,Auckland Region,Nil,1-way,Sealed,,0,0,,60,,Off,0,0,,76,Auckland,Traffic Signals,,,,,0,0,Urban,1,,,Fine,Null
1772780.2577,5900868.2981,738037,,523911,0,,0,1,,North,2023/2024,MILL ROAD,PHILLIP ROAD,,Non-Injury Crash,No,2023,,North,,0,,Flat,,,,,,Overcast,767201,0,0,0,2,,,0,,,,,,Auckland Region,Nil,2-way,Sealed,,0,0,,80,,None,1,0,,76,Auckland,Nil,,,,,0,0,Open,0,,,Heavy rain,Null
1766854.0834,5912705.2579,738084,,522920,0,,0,0,,Null,2022/2023,TI RAKAU DRIVE,MATTSON ROAD,,Minor Crash,No,2023,,North,,0,,Flat,,,,,,Bright sun,686800,1,0,1,2,,,0,,,,,,Auckland Region,Nil,1-way,Sealed,,0,0,,60,,Off,0,0,,76,Auckland,Traffic Signals,,,,,0,0,Urban,0,,,Fine,Null
1766711.6631,5902710.5156,738100,,524602,0,,0,1,,Null,2022/2023,KERRS ROAD,DALGETY DRIVE,,Non-Injury Crash,No,2023,,West,,0,,Flat,,,,,,Overcast,780407,0,0,0,2,,,0,,,,,,Auckland Region,Nil,2-way,Sealed,,0,0,,60,,Off,1,0,,76,Auckland,Traffic Signals,,,,,0,0,Urban,0,,,Fine,Null
1759502.6821,5910260.2273,738101,,524002,0,,0,0,,Null,2023/2024,RIMU ROAD,MAHUNGA DRIVE OFF RAMP,,Non-Injury Crash,No,2024,,East,,0,,Flat,,,,,,Overcast,722400,0,0,0,3,,,0,,,,,,Auckland Region,Motorway ramp,2-way,Sealed,,0,0,,50,,Off,1,0,,76,Auckland,Traffic Signals,,,,,0,0,Urban,1,,,Light rain,Null
1739466.744,5919027.0771,738116,,513702,0,0,1,0,0,West,2022/2023,WAITAKERE ROAD,KAY ROAD,,Non-Injury Crash,No,2023,0,South,0,0,0,Hill Road,0,,0,,0,Overcast,237100,0,0,0,2,0,0,0,0,0,,0,0,Auckland Region,Nil,2-way,Sealed,0,0,0,0,80,0,None,0,0,,76,Auckland,Nil,0,0,0,1,0,0,Open,0,0,0,Heavy rain,Null
1758586.9009,5918647.5864,738126,,517400,0,,0,1,,Null,2023/2024,BROADWAY,DAVIS CRESCENT,,Non-Injury Crash,No,2023,,South,,0,,Flat,,,,,,Bright sun,450901,0,0,0,1,,,0,,,,,,Auckland Region,Nil,1-way,Sealed,,0,0,,50,,Off,1,0,,76,Auckland,Give way,,,,,0,0,Urban,0,,,Fine,Null
1750164.6378,5913818.1615,738134,,511303,0,,0,2,,Null,2024/2025,CLARK STREET,CROWN LYNN PLACE,,Minor Crash,No,2024,,West,,0,,Flat,,,,,,Overcast,265100,1,0,0,4,,,0,,,,,,Auckland Region,Nil,2-way,Sealed,,0,0,,50,,Off,0,0,,76,Auckland,Give way,,,,,0,0,Urban,0,,,Fine,Null
1764202.0216,5904093.0391,738141,,524604,0,0,0,1,0,North,2023/2024,SOUTH-WESTERN MOTORWAY,CAVENDISH DRIVE ON RAMP,,Non-Injury Crash,Yes,2024,0,North,0,0,0,Flat,1,,0,,0,Bright sun,781100,0,0,0,2,0,0,0,0,0,,0,0,Auckland Region,Nil,1-way,Sealed,0,0,0,0,100,0,Off,0,0,,76,Auckland,Nil,0,0,0,0,0,0,Open,0,0,0,Fine,Null
1756604.7092,5918464.3061,738150,,515600,0,,0,1,,Null,2022/2023,NEW NORTH ROAD,NGAHURA STREET,,Minor Crash,No,2023,,South,,0,,Flat,,,,,,Overcast,421000,1,1,0,4,,,0,,,,,,Auckland Region,Nil,2-way,Sealed,,0,0,,50,,Off,0,0,,76,Auckland,Traffic Signals,,,,,0,0,Urban,0,,,Fine,Null
1759316.4761,5910807.7005,738157,95,524002,0,0,0,2,0,North,2023/2024,SOUTH-WESTERN MOTORWAY,RIMU ROAD ON RAMP,,Minor Crash,Yes,2024,0,North,0,0,0,Hill Road,1,,0,,0,Dark,722400,1,0,0,4,0,0,0,0,0,,0,0,Auckland Region,Bridge,1-way,Sealed,0,0,0,0,100,0,On,0,0,,76,Auckland,Nil,0,0,0,0,0,0,Open,0,0,0,Fine,Null
1761107.3122,5905982.3022,738166,,524200,0,,0,1,,South,2022/2023,PRANGLEY AVENUE,MASSEY ROAD,,Non-Injury Crash,No,2023,,North,,0,,Hill Road,,,,,,Bright sun,728300,0,0,0,2,,,0,,,,,,Auckland Region,Nil,2-way,Sealed,,0,0,,50,,Off,0,0,,76,Auckland,Nil,,,,,0,0,Urban,1,,,Fine,Null
1761774.2185,5903350.8904,738173,,524604,0,0,0,1,0,West,2023/2024,PUHINUI ROAD,ORRS ROAD,,Non-Injury Crash,Yes,2023,0,West,0,0,0,Flat,1,,0,,0,Bright sun,780902,0,0,0,4,0,0,0,0,0,,0,0,Auckland Region,Nil,2-way,Sealed,0,0,0,0,50,0,Off,0,0,,76,Auckland,Nil,0,0,0,0,0,0,Urban,0,0,0,Fine,Null
1735146.5656,5932664.5924,738182,65,505605,0,0,0,1,0,East,2022/2023,OLD NORTH ROAD,WAIKOUKOU VALLEY ROAD,,Serious Crash,No,2023,0,East,0,0,0,Flat,0,,0,,0,Overcast,215700,1,0,0,2,0,0,0,0,0,,0,1,Auckland Region,Nil,2-way,Sealed,0,0,1,0,80,0,Off,0,0,,76,Auckland,Nil,0,0,0,0,0,0,Open,0,0,0,Light rain,Null
1769464.5998,5902088.1469,738196,,524901,0,,0,3,,South,2022/2023,SOUTHERN MOTORWAY,HILL ROAD ON RAMP,,Serious Crash,Yes,2023,,North,,0,,Flat,,,,,,Dark,755600,1,0,0,4,,,0,,,,,,Auckland Region,Nil,1-way,Sealed,,0,1,,100,,On,0,0,,76,Auckland,Nil,,,,,0,0,Open,0,,,Light rain,Null
1764291.0615,5912305.4611,738205,,520500,0,,0,1,,North,2023/2024,SOUTHERN MOTORWAY,MOUNT WELLINGTON HWY OFF RAMP,,Non-Injury Crash,Yes,2023,,North,,0,,Flat,,,,,,Bright sun,639500,0,0,0,2,,,0,,,,,,Auckland Region,Motorway ramp,1-way,Sealed,,0,0,,100,,Off,0,0,,76,Auckland,Nil,,,,,0,0,Open,1,,,Fine,Null
1770038.9696,5908609.582,738206,,523115,0,,0,2,,Null,2022/2023,CHAPEL ROAD,CHAPEL ROAD,,Non-Injury Crash,No,2023,,North,,0,,Flat,,,,,,Dark,712106,0,0,0,2,,,0,,,,,,Auckland Region,Nil,2-way,Sealed,,0,0,,60,,On,0,0,,76,Auckland,Give way,,,,,0,0,Urban,0,,,Fine,Null
1763207.2382,5912830.0441,738213,,520500,0,,0,1,,West,2022/2023,SOUTHERN MOTORWAY,SEART OBR,,Non-Injury Crash,Yes,2023,,West,,0,,Flat,,,,,,Dark,637300,0,0,0,3,,,0,,,,,,Auckland Region,Nil,1-way,Sealed,,0,0,,100,,On,0,0,,76,Auckland,Nil,,,,,0,0,Open,1,,,Fine,Strong wind
1757390.7255,5918787.3325,738220,,514302,0,,0,3,,North,2023/2024,SOUTHERN MOTORWAY,SOUTHERN TO PORT LINK,,Minor Crash,Yes,2023,,North,,0,,Flat,,,,,,Overcast,441700,1,0,0,3,,,0,,,,,,Auckland Region,Nil,1-way,Sealed,,0,0,,80,,Off,0,0,,76,Auckland,Nil,,,,,0,0,Open,1,,,Fine,Null
1746129.2247,5925961.8466,738238,,513431,0,0,0,1,0,Null,2023/2024,BRIGHAM CREEK ROAD,BRIGHAM CREEK ROAD ON RAMP,,Non-Injury Crash,No,2023,0,West,0,0,1,Flat,0,,0,,1,Dark,223802,0,0,0,2,0,0,0,0,0,,0,0,Auckland Region,Motorway ramp,1-way,Sealed,0,0,0,0,50,0,On,0,0,,76,Auckland,Give way,0,1,0,0,0,0,Urban,0,0,0,Fine,Null
1767212.8054,5900395.1345,738244,,524720,0,,0,1,,West,2022/2023,BURNDALE TERRACE,GAINSBOROUGH STREET,,Serious Crash,No,2023,,East,,0,,Hill Road,,,,,,Dark,776000,0,0,0,2,,,0,,,1,,,Auckland Region,Nil,2-way,Sealed,,0,1,,50,,On,0,0,,76,Auckland,Nil,,,,,0,0,Urban,0,,,Fine,Null
1779521.3118,5900490.6595,738246,,525201,0,0,0,0,0,South,2023/2024,PAPAKURA-CLEVEDON ROAD,CREIGHTONS ROAD,,Minor Crash,No,2024,0,North,0,0,0,Flat,0,,0,,0,Overcast,763300,1,0,0,2,0,0,0,0,0,,0,1,Auckland Region,Nil,2-way,Sealed,0,0,0,0,100,0,None,1,0,,76,Auckland,Nil,0,0,0,0,0,0,Open,0,0,0,Fine,Null
1768781.0707,5905023.1887,738253,,523722,0,0,0,1,0,Null,2023/2024,ASPIRING AVENUE,HOLLYFORD DRIVE,,Minor Crash,No,2023,0,West,0,0,0,Flat,0,,0,,0,Twilight,716013,2,0,0,2,0,0,0,0,0,,0,0,Auckland Region,Nil,2-way,Sealed,0,0,0,0,50,0,On,0,0,40,76,Auckland,Give way,0,0,0,1,0,0,Urban,0,0,0,Light rain,Null