X,Y,OBJECTID,advisorySpeed,areaUnitID,bicycle,bridge,bus,carStationWagon,cliffBank,crashDirectionDescription,crashFinancialYear,crashLocation1,crashLocation2,crashRoadSideRoad,crashSeverity,crashSHDescription,crashYear,debris,directionRoleDescription,ditch,fatalCount,fence,flatHill,guardRail,holiday,houseOrBuilding,intersection,kerb,light,meshblockId,minorInjuryCount,moped,motorcycle,NumberOfLanes,objectThrownOrDropped,otherObject,otherVehicleType,overBank,parkedVehicle,pedestrian,phoneBoxEtc,postOrPole,region,roadCharacter,roadLane,roadSurface,roadworks,schoolBus,seriousInjuryCount,slipOrFlood,speedLimit,strayAnimal,streetLight,suv,taxi,temporarySpeedLimit,tlaId,tlaName,trafficControl,trafficIsland,trafficSign,train,tree,truck,unknownVehicleType,urban,vanOrUtility,vehicle,waterRiver,weatherA,weatherB
1755762.2416,5918385.386,738261,,515500,0,,0,1,,East,2022/2023,NORTH-WESTERN MOTORWAY,BOND OBR,,Non-Injury Crash,Yes,2023,,East,,0,,Flat,,,,,,Overcast,418500,0,0,0,4,,,0,,,,,,Auckland Region,Nil,1-way,Sealed,,0,0,,80,,On,0,0,,76,Auckland,Nil,,,,,0,0,Open,1,,,Heavy rain,Null
1744803.9806,5930648.4652,738269,25,506400,0,0,0,0,0,Null,2023/2024,RIDGE ROAD,DIAMOND LANE,,Minor Crash,No,2023,0,East,0,0,0,Hill Road,0,,0,,0,Overcast,216800,1,0,1,2,0,0,0,0,0,,0,0,Auckland Region,Nil,2-way,Sealed,0,0,0,0,80,0,None,0,0,,76,Auckland,Give way,0,0,0,1,0,0,Open,0,0,0,Fine,Null
1748634.8944,5942685.5848,738270,,506201,0,0,0,0,0,North,2023/2024,NORTHERN MOTORWAY,WILKS OBR,,Non-Injury Crash,Yes,2024,0,North,0,0,0,Flat,1,,0,,0,Twilight,176801,0,0,0,2,0,0,0,0,0,,0,0,Auckland Region,Nil,2-way,Sealed,0,0,0,0,100,0,On,0,0,,76,Auckland,Nil,0,0,0,0,0,0,Open,1,0,0,Fine,Null
1767432.7745,5904924.616,738277,,524604,0,,0,1,,Null,2023/2024,GREAT SOUTH ROAD,TE IRIRANGI DRIVE,,Non-Injury Crash,No,2023,,North,,0,,Flat,,,,,,Twilight,780209,0,0,0,4,,,0,,,,,,Auckland Region,Nil,2-way,Sealed,,0,0,,50,,On,0,0,,76,Auckland,Traffic Signals,,,,,0,0,Urban,1,,,Fine,Null
1764760.8873,5903722.5297,738310,,524604,0,,0,0,,Null,2023/2024,ROSCOMMON ROAD,CAVENDISH DRIVE,,Serious Crash,No,2023,,North,,0,,Flat,,,,,,Overcast,781200,0,0,1,5,,,1,,,,,,Auckland Region,Motorway ramp,2-way,Sealed,,0,1,,60,,Off,0,0,,76,Auckland,Traffic Signals,,,,,1,0,Urban,0,,,Fine,Null
1755037.9323,5929213.7692,738318,,508420,0,,0,2,,Null,2023/2024,WAIRAU ROAD,TARGET ROAD,,Non-Injury Crash,No,2023,,South,,0,,Hill Road,,,,,,Overcast,183700,0,0,0,5,,,0,,,,,,Auckland Region,Nil,2-way,Sealed,,0,0,,50,,Off,0,0,,76,Auckland,Traffic Signals,,,,,0,0,Urban,0,,,Light rain,Null
1772954.3002,5891223.3705,738325,,521301,0,0,0,3,0,North,2023/2024,SOUTHERN MOTORWAY,GREAT SOUTH ROAD OFF RAMP,,Minor Crash,Yes,2024,0,North,0,0,0,Flat,1,,0,,0,Bright sun,809200,2,0,0,2,0,0,0,0,0,,0,0,Auckland Region,Bridge,1-way,Sealed,0,0,0,0,100,0,Null,0,0,,76,Auckland,Nil,0,0,0,0,0,0,Open,0,0,0,Fine,Null
1756878.7684,5926358.2926,738334,,509702,0,,0,2,,North,2022/2023,NORTHERN MOTORWAY,ESMONDE ROAD ON RAMP,,Non-Injury Crash,Yes,2023,,North,,0,,Flat,,,,,,Dark,364602,0,0,0,3,,,0,,,,,,Auckland Region,Nil,1-way,Sealed,,0,0,,100,,On,0,0,,76,Auckland,Nil,,,,,0,0,Open,1,,,Fine,Null
1750854.5506,5915583.4865,738389,,514802,0,,0,1,,Null,2023/2024,ROSEBANK ROAD,ASH STREET,,Minor Crash,No,2023,,West,,0,,Flat,,,,,,Dark,387002,2,0,0,4,,,0,,,,,,Auckland Region,Nil,2-way,Sealed,,0,0,,50,,On,0,0,,76,Auckland,Traffic Signals,,,,,0,0,Urban,1,,,Fine,Null
1754589.5813,5945824.6677,738413,,505907,0,,0,2,,East,2022/2023,VIPOND ROAD,LEA PLACE,,Non-Injury Crash,No,2023,,North,,0,,Flat,,,,,,Dark,173404,0,0,0,2,,,0,,,,,,Auckland Region,Nil,2-way,Sealed,,0,0,,50,,On,0,0,,76,Auckland,Nil,,,,,0,0,Urban,0,,,Fine,Null
1767401.2002,5910012.1322,738422,,523112,0,,0,1,,East,2023/2024,KERWYN AVENUE,PUKEKIWIRIKI PLACE,,Minor Crash,No,2023,,South,,0,,Flat,,,,,,Bright sun,711301,1,0,0,2,,,0,,,1,,,Auckland Region,Nil,2-way,Sealed,,0,0,,20,,Off,0,0,10,76,Auckland,Nil,,,,,0,0,Urban,0,,,Fine,Null
1748071.6913,5912232.4258,738437,,511902,0,,0,1,,Null,2022/2023,TITIRANGI ROAD,WEST LYNN ROAD,,Non-Injury Crash,No,2023,,South,,0,,Flat,,,,,,Dark,292402,0,0,0,2,,,0,,,,,,Auckland Region,Nil,2-way,Sealed,,0,0,,50,,On,0,0,,76,Auckland,Give way,,,,,0,0,Urban,1,,,Light rain,Null
1766745.0782,5908920.5897,738444,,523402,0,,0,1,,Null,2023/2024,GILBERT ROAD,OTARA ROAD,,Serious Crash,No,2023,,East,,0,,Flat,,,,,,Bright sun,697600,0,0,0,2,,,0,,,,,,Auckland Region,Nil,2-way,Sealed,,0,1,,50,,Off,1,0,,76,Auckland,Stop,,,,,0,0,Urban,0,,,Fine,Null
1737692.3073,5915429.7365,738461,,513020,0,0,0,1,1,North,2023/2024,SCENIC DRIVE,MOUNTAIN ROAD,,Non-Injury Crash,No,2023,0,North,0,0,0,Flat,0,,0,,0,Overcast,281800,0,0,0,2,0,0,0,0,0,,0,0,Auckland Region,Nil,2-way,Sealed,0,0,0,0,70,0,None,0,0,,76,Auckland,Nil,0,0,0,1,0,0,Urban,0,0,0,Light rain,Null
1766290.6909,5904777.486,738462,,524603,0,0,0,2,0,North,2023/2024,NORMAN SPENCER DRIVE,MEPAL PLACE,,Non-Injury Crash,No,2023,0,North,0,0,0,Flat,0,,0,,0,Overcast,780202,0,0,0,2,0,0,0,0,1,,0,0,Auckland Region,Nil,2-way,Sealed,0,0,0,0,50,0,Off,0,0,40,76,Auckland,Nil,0,0,0,0,0,0,Urban,0,0,0,Fine,Strong wind
1757123.3733,5920719.8515,738470,,514102,0,0,0,1,0,Null,2023/2024,WYNDHAM STREET,HOBSON STREET,,Non-Injury Crash,No,2023,0,East,0,0,0,Hill Road,1,,1,,0,Dark,433305,0,0,0,4,0,0,0,0,0,,0,0,Auckland Region,Nil,1-way,Sealed,0,0,0,0,40,0,On,0,0,,76,Auckland,Traffic Signals,0,0,0,0,0,0,Urban,0,0,0,Light rain,Null
1757274.5368,5918780.8601,738477,,514302,0,,0,1,,South,2023/2024,GRAFTON ROAD,BURTON STREET,,Minor Crash,No,2023,,West,,0,,Hill Road,,,,,,Bright sun,441700,1,0,0,4,,,0,,,1,,,Auckland Region,Nil,2-way,Sealed,,0,0,,50,,Off,0,0,,76,Auckland,Nil,,,,,0,0,Urban,0,,,Fine,Null
1757769.9944,5918204.4827,738478,,515700,0,,0,2,,South,2023/2024,SOUTHERN MOTORWAY,MOUNTAIN OBR,,Non-Injury Crash,Yes,2023,,North,,0,,Hill Road,,,,,,Bright sun,443600,0,0,0,5,,,0,,,,,,Auckland Region,Nil,1-way,Sealed,,0,0,,100,,Off,0,0,,76,Auckland,Nil,,,,,0,0,Open,0,,,Fine,Null
1747845.9182,5927194.9519,738492,,513431,0,0,0,1,0,West,2022/2023,UPPER HARBOUR MOTORWAY,SQUADRON DRIVE ON RAMP,,Minor Crash,Yes,2023,0,North,0,0,0,Flat,1,,0,,0,Overcast,221903,1,0,0,2,0,0,0,0,0,,0,0,Auckland Region,Nil,1-way,Sealed,0,0,0,0,100,0,On,0,0,,76,Auckland,Nil,2,0,0,0,0,0,Open,1,0,0,Heavy rain,Null
1759982.0633,5924042.3214,738500,,509300,0,,0,1,,Null,2022/2023,NGATARINGA ROAD,LAKE ROAD,,Minor Crash,No,2023,,East,,0,,Hill Road,,,,,,Twilight,340400,1,0,0,2,,,0,,,1,,,Auckland Region,Nil,2-way,Sealed,,0,0,,50,,Off,0,0,,76,Auckland,Stop,,,,,0,0,Urban,0,,,Fine,Null
1752716.6013,5953799.009,738517,,505803,0,0,0,1,1,South,2023/2024,HIBISCUS COAST HIGHWAY,WERANUI ROAD,,Minor Crash,No,2024,0,North,0,0,0,Hill Road,1,,0,,0,Overcast,170605,1,0,0,2,0,0,0,0,0,,0,0,Auckland Region,Nil,2-way,Sealed,0,0,0,0,80,0,None,0,0,,76,Auckland,Nil,0,0,0,0,0,0,Open,0,0,0,Light rain,Null
1768413.4965,5908833.7371,738525,,523502,0,,0,2,,Null,2022/2023,SPRINGS ROAD,PEARL BAKER DRIVE,,Non-Injury Crash,No,2023,,North,,0,,Hill Road,,,,,,Overcast,702000,0,0,0,4,,,0,,,,,,Auckland Region,Speed hump,2-way,Sealed,,0,0,,60,,Off,0,0,,76,Auckland,Stop,,,,,0,0,Urban,0,,,Light rain,Null
1743914.7976,5919068.507,738526,,513220,0,,0,0,,Null,2023/2024,SWANSON ROAD,LARNOCH ROAD,,Minor Crash,No,2024,,South,,0,,Flat,,,,,,Bright sun,236103,1,0,0,4,,,0,,,,,,Auckland Region,Nil,2-way,Sealed,,0,0,,50,,Off,1,0,,76,Auckland,Traffic Signals,,,,,1,0,Urban,0,,,Fine,Null
1750622.4248,5916322.9847,738541,,514802,0,0,0,2,0,South,2022/2023,HOLLY STREET,EASTDALE ROAD,,Non-Injury Crash,No,2023,0,East,0,0,0,Hill Road,0,,0,,0,Dark,389700,0,0,0,2,0,0,0,0,2,,0,0,Auckland Region,Nil,2-way,Sealed,0,0,0,0,50,0,On,0,0,,76,Auckland,Nil,0,0,0,1,0,0,Urban,1,0,0,Fine,Null
1732535.6659,5907675.5162,738557,,513800,0,0,0,1,0,West,2022/2023,PIHA ROAD,KAREKARE ROAD,,Non-Injury Crash,No,2023,0,East,0,0,0,Hill Road,0,,0,,0,Dark,282027,0,0,0,2,0,0,0,0,0,,0,0,Auckland Region,Nil,2-way,Sealed,0,0,0,0,70,0,On,0,0,60,76,Auckland,Nil,0,0,0,1,0,0,Urban,0,0,0,Fine,Null
1776369.5086,5907200.9616,738558,35,523202,0,0,0,0,0,North,2023/2024,WHITFORD PARK ROAD,POLO LANE,,Non-Injury Crash,No,2024,0,North,0,0,0,Hill Road,0,,0,,0,Overcast,716603,0,0,0,2,0,0,0,0,0,,0,1,Auckland Region,Nil,2-way,Sealed,0,0,0,0,80,0,Off,0,0,30,76,Auckland,Nil,0,0,0,0,0,0,Open,1,0,0,Fine,Null
1742781.4229,5922041.419,738582,,513622,0,,0,2,,Null,2022/2023,RED HILLS ROAD,DON BUCK ROAD,,Non-Injury Crash,No,2023,,East,,0,,Flat,,Queens Birthday,,,,Overcast,226700,0,0,0,2,,,0,,,,,,Auckland Region,Nil,2-way,Sealed,,0,0,,50,,Off,0,0,,76,Auckland,Give way,,,,,0,0,Urban,0,,,Fine,Null
1758271.4686,5916885.6161,738589,,519200,0,,1,1,,Null,2022/2023,MANUKAU ROAD,MOUNT ST JOHN AVENUE,,Non-Injury Crash,No,2023,,South,,0,,Flat,,,,,,Bright sun,613900,0,0,0,4,,,0,,,,,,Auckland Region,Nil,2-way,Sealed,,0,0,,50,,Off,0,0,,76,Auckland,Give way,,,,,0,0,Urban,0,,,Fine,Null
1763205.0313,5911865.2387,738590,,520500,0,,0,2,,North,2023/2024,SYLVIA PARK ROAD,GREAT SOUTH ROAD,,Non-Injury Crash,No,2023,,South,,0,,Hill Road,,,,,,Overcast,637300,0,0,0,2,,,0,,,,,,Auckland Region,Nil,2-way,Sealed,,0,0,,50,,Off,0,0,,76,Auckland,Nil,,,,,0,0,Urban,1,,,Light rain,Null
1757029.1848,5916819.4209,738597,,518202,1,,0,0,,Null,2023/2024,MOUNT EDEN ROAD,ESSEX ROAD,,Minor Crash,No,2024,,Null,,0,,Flat,,,,,,Bright sun,550000,1,0,0,4,,,0,,,,,,Auckland Region,Nil,2-way,Sealed,,0,0,,50,,Off,0,0,,76,Auckland,Traffic Signals,,,,,0,1,Urban,0,,,Fine,Null
1763441.7138,5906471.4384,738598,,524301,1,0,0,1,0,West,2023/2024,BUCKLAND ROAD,FRANKLIN AVENUE,,Serious Crash,No,2024,0,West,0,0,0,Flat,0,,0,,0,Twilight,656900,0,0,0,2,0,0,0,0,0,,0,0,Auckland Region,Speed hump,2-way,Sealed,0,0,1,0,50,0,Off,0,0,,76,Auckland,Nil,0,0,0,0,0,0,Urban,0,1,0,Fine,Null
1776286.1689,5900258.0278,738604,,523813,0,,0,0,,South,2022/2023,MULLINS ROAD,AIRFIELD ROAD,,Non-Injury Crash,No,2023,,North,,0,,Flat,,,,,,Bright sun,761500,0,0,0,2,,,1,,,,,,Auckland Region,Nil,2-way,Sealed,,0,0,,80,,Off,0,0,,76,Auckland,Nil,,,,,1,0,Open,0,,,Fine,Null
1756216.0299,5928195.8782,738628,,507900,0,,0,0,,North,2023/2024,NILE ROAD,FORREST HILL ROAD,,Serious Crash,No,2023,,South,,0,,Flat,,,,,,Bright sun,306900,0,0,1,2,,,0,,,,,,Auckland Region,Nil,2-way,Sealed,,0,1,,50,,Off,1,0,,76,Auckland,Nil,,,,,0,0,Urban,0,,,Fine,Null
1770336.7248,5898941.4009,738636,,523920,0,,0,1,,Null,2022/2023,GREAT SOUTH ROAD,BEAUMARIS WAY,,Non-Injury Crash,No,2023,,North,,0,,Flat,,,,,,Dark,768008,0,0,0,5,,,0,,,,,,Auckland Region,Nil,2-way,Sealed,,0,0,,50,,On,0,0,,76,Auckland,Traffic Signals,,,,,0,0,Urban,1,,,Fine,Null
1742474.268,5925598.4266,738644,,513410,0,,0,1,,South,2022/2023,FRED TAYLOR DRIVE,HAILES ROAD,,Serious Crash,No,2023,,North,,0,,Flat,,,,,,Overcast,223100,2,0,1,2,,,0,,,,,,Auckland Region,Nil,2-way,Sealed,,0,1,,80,,Off,0,0,,76,Auckland,Nil,,,,,0,0,Open,0,,,Light rain,Null
1750321.0788,5915300.7767,738645,,514802,0,,0,2,,West,2022/2023,ASH STREET,WAIRAU AVENUE,,Non-Injury Crash,No,2023,,West,,0,,Flat,,,,,,Dark,387008,0,0,0,4,,,0,,,,,,Auckland Region,Nil,2-way,Sealed,,0,0,,50,,On,0,0,,76,Auckland,Nil,,,,,0,0,Urban,0,,,Fine,Null
1773442.9562,5895887.4195,738660,,525510,0,,0,2,,North,2022/2023,MARNE ROAD,SETTLEMENT ROAD,,Non-Injury Crash,No,2023,,South,,0,,Hill Road,,,,,,Bright sun,801101,0,0,0,2,,,0,,,,,,Auckland Region,Nil,2-way,Sealed,,0,0,,50,,Off,0,0,,76,Auckland,Nil,,,,,0,0,Urban,0,,,Fine,Null
1765907.4836,5878562.7578,738685,,521112,0,0,0,1,0,Null,2023/2024,WAIUKU ROAD,PATUMAHOE ROAD,,Non-Injury Crash,No,2023,0,North,0,0,1,Flat,0,,0,,0,Dark,826000,0,0,0,2,0,0,0,0,0,,0,0,Auckland Region,Nil,2-way,Sealed,0,0,0,0,80,0,On,0,0,,76,Auckland,Give way,0,0,0,0,0,0,Open,0,0,0,Fine,Null
1769847.6555,5914780.5805,738686,,522722,0,,0,0,,Null,2022/2023,PAKURANGA ROAD,BUCKLANDS BEACH ROAD,,Non-Injury Crash,No,2023,,East,,0,,Flat,,,,,,Overcast,681324,0,0,0,3,,,0,,,,,,Auckland Region,Nil,1-way,Sealed,,0,0,,60,,Off,1,0,,76,Auckland,Traffic Signals,,,,,0,0,Urban,1,,,Fine,Null
1755719.3295,5926527.6029,738693,,509702,0,,0,1,,Null,2022/2023,OCEAN VIEW ROAD,LAKE ROAD,,Minor Crash,No,2023,,South,,0,,Flat,,,,,,Dark,364100,1,1,0,1,,,0,,,,,,Auckland Region,Nil,1-way,Sealed,,0,0,,50,,On,0,0,,76,Auckland,Give way,,,,,0,0,Urban,0,,,Fine,Null
1766447.391,5919426.0092,738740,,516800,0,,0,0,,Null,2022/2023,CHESTERFIELD AVENUE,KESTEVEN AVENUE,,Minor Crash,No,2023,,South,,0,,Flat,,,,,,Overcast,512500,1,0,0,2,,,0,,,,,,Auckland Region,Nil,2-way,Sealed,,0,0,,50,,Off,2,0,,76,Auckland,Stop,,,,,0,0,Urban,0,,,Fine,Null
1752091.4056,5930675.8853,738742,,508803,0,0,0,0,0,Null,2023/2024,ALBANY HIGHWAY OFF RAMP,ALBANY HIGHWAY,,Non-Injury Crash,No,2023,0,South,0,0,0,Flat,1,,0,,0,Dark,180858,0,0,0,4,0,0,0,0,0,,0,0,Auckland Region,Nil,2-way,Sealed,0,0,0,0,50,0,On,0,0,,76,Auckland,Traffic Signals,0,0,0,0,0,0,Urban,1,0,0,Fine,Null
1752170.8482,5918152.7268,738749,,515001,0,0,0,1,0,West,2023/2024,MONTROSE STREET,POINT CHEVALIER ROAD,,Serious Crash,No,2024,0,East,0,0,0,Hill Road,0,,0,,0,Bright sun,392300,1,0,0,2,0,0,0,0,1,1,0,0,Auckland Region,Nil,2-way,Sealed,0,0,1,0,50,0,Off,0,0,,76,Auckland,Nil,0,0,0,0,0,0,Urban,1,0,0,Fine,Null
1746044.8016,5927010.5736,738773,,513410,0,,0,1,,North,2023/2024,KAURI ROAD,RATA ROAD,,Serious Crash,No,2023,,South,,0,,Flat,,,,,,Twilight,221700,0,0,0,2,,,0,,,1,,,Auckland Region,Nil,2-way,Sealed,,0,1,,70,,On,0,0,,76,Auckland,Nil,,,,,0,0,Urban,0,,,Fine,Null
1755073.0754,5931484.1706,738774,,508520,0,,0,2,,Null,2022/2023,SUNSET ROAD,JUNIPER ROAD,,Minor Crash,No,2023,,West,,0,,Hill Road,,,,,,Twilight,189703,1,0,0,2,,,0,,,,,,Auckland Region,Nil,2-way,Sealed,,0,0,,50,,Off,0,0,,76,Auckland,Give way,,,,,0,0,Urban,0,,,Fine,Null
1747555.0294,5915969.391,738804,,511601,0,0,0,1,0,South,2022/2023,HEPBURN ROAD,HARMEL ROAD,,Non-Injury Crash,No,2023,0,North,0,0,0,Flat,0,,0,,0,Dark,274202,0,0,0,2,0,0,0,0,1,,0,0,Auckland Region,Nil,2-way,Sealed,0,0,0,0,50,0,On,1,0,,76,Auckland,Nil,0,0,0,0,0,0,Urban,0,0,0,Fine,Null
1751504.9538,5927252.9103,738812,,510210,0,,0,1,,East,2023/2024,BEACH HAVEN ROAD,HELLYERS STREET,,Minor Crash,No,2023,,West,,0,,Hill Road,,,,,,Dark,346702,2,0,0,2,,,0,,,,,,Auckland Region,Nil,2-way,Sealed,,0,0,,50,,On,1,0,,76,Auckland,Nil,,,,,0,0,Urban,1,,,Fine,Null
1761551.5391,5915758.4053,738844,,520201,0,0,0,1,0,Null,2022/2023,LADIES MILE,MARUA ROAD,,Minor Crash,No,2023,0,South,0,0,0,Hill Road,0,,0,,0,Overcast,612901,1,0,0,8,0,0,0,0,0,,0,1,Auckland Region,Nil,2-way,Sealed,0,0,0,0,50,0,Off,0,0,,76,Auckland,Traffic Signals,0,0,0,0,0,0,Urban,0,0,0,Heavy rain,Null
1766075.0672,5903964.2982,738852,,524604,0,0,0,3,0,Null,2022/2023,OFF ROAD CARPARK,,,Minor Crash,No,2023,0,West,0,0,1,Flat,0,,0,,0,Bright sun,780207,1,0,0,0,0,0,0,0,1,,0,0,Auckland Region,Nil,Off road,Sealed,0,0,0,0,10,0,Off,0,0,,76,Auckland,Nil,0,0,0,0,0,0,Urban,0,0,0,Fine,Null
1768795.4913,5900971.1076,738854,,524901,0,,0,1,,Null,2022/2023,HALVER ROAD,GREAT SOUTH ROAD,,Non-Injury Crash,No,2023,,West,,0,,Flat,,,,,,Overcast,757100,0,0,0,2,,,0,,,1,,,Auckland Region,Nil,2-way,Sealed,,0,0,,50,,Off,0,0,,76,Auckland,Give way,,,,,0,0,Urban,0,,,Fine,Null
1761025.1893,5981359.7084,738862,,506616,0,0,0,0,0,South,2022/2023,LEIGH ROAD,MATHESON BAY ROAD,,Non-Injury Crash,No,2023,0,South,0,0,0,Hill Road,0,,0,,0,Overcast,137707,0,0,0,2,0,0,0,0,0,,0,1,Auckland Region,Nil,2-way,Sealed,0,0,0,0,50,0,None,0,0,,76,Auckland,Nil,0,0,0,0,0,0,Urban,1,0,0,Fine,Null
1742776.0818,5904906.716,738868,,513800,0,0,0,1,0,North,2022/2023,HUIA ROAD,PINE AVENUE,,Minor Crash,No,2023,0,South,0,0,0,Hill Road,0,,0,,0,Bright sun,303101,1,0,0,2,0,0,0,0,0,,0,1,Auckland Region,Nil,2-way,Sealed,0,0,0,0,100,0,Off,0,0,,76,Auckland,Nil,0,0,0,0,0,0,Open,0,0,0,Fine,Null
1782634.149,5904818.0946,738902,,525201,0,0,0,1,0,West,2022/2023,CLEVEDON-KAWAKAWA ROAD,HOLDENS ROAD,,Non-Injury Crash,No,2023,0,East,1,0,0,Hill Road,0,,0,,0,Dark,764201,0,0,0,2,0,0,0,0,0,,0,0,Auckland Region,Nil,2-way,Sealed,0,0,0,0,80,0,None,0,0,,76,Auckland,Nil,0,0,0,0,0,0,Open,0,0,0,Mist or Fog,Null
1752052.918,5933793.6292,738910,,508701,0,,0,0,,East,2023/2024,COLISEUM DRIVE,DAIRY FLAT HIGHWAY,,Serious Crash,No,2023,,West,,0,,Flat,,,,,,Dark,178900,0,0,1,2,,,0,,,,,,Auckland Region,Nil,2-way,Sealed,,0,1,,50,,On,0,0,,76,Auckland,Give way,,,,,0,0,Urban,1,,,Fine,Null
1767799.5224,5904061.97,738926,,524602,0,,0,2,,South,2024/2025,GREAT SOUTH ROAD,LAKEWOOD COURT,,Minor Crash,No,2024,,North,,0,,Flat,,,,,,Twilight,780416,1,0,0,2,,,0,,,,,,Auckland Region,Nil,2-way,Sealed,,0,0,,50,,On,0,0,,76,Auckland,Nil,,,,,0,0,Urban,1,,,Fine,Null
1771329.8996,5914647.7117,738949,,521602,0,0,0,3,0,South,2023/2024,ELLIOT STREET,RIDGE ROAD,,Non-Injury Crash,No,2024,0,North,0,0,0,Hill Road,0,,0,,0,Dark,647400,0,0,0,2,0,0,0,0,1,,0,0,Auckland Region,Nil,2-way,Sealed,0,0,0,0,50,0,On,0,0,,76,Auckland,Nil,0,0,0,0,0,0,Urban,0,0,0,Fine,Null
1747047.8165,5926238.3392,739013,,513431,0,,0,1,,West,2024/2025,HOBSONVILLE ROAD,WISELEY ROAD,,Serious Crash,No,2024,,West,,0,,Flat,,Christmas New Year,,,,Overcast,221802,0,0,0,2,,,0,,,1,,,Auckland Region,Nil,2-way,Sealed,,0,1,,50,,Off,0,0,,76,Auckland,Nil,,,,,0,0,Urban,0,,,Fine,Null
1749178.564,5942629.7785,739029,,506300,0,0,0,1,0,Null,2023/2024,EAST COAST ROAD,WILKS ROAD,,Non-Injury Crash,No,2024,0,North,0,0,0,Hill Road,0,,0,,0,Overcast,175902,0,0,0,2,0,0,0,0,0,,0,1,Auckland Region,Nil,2-way,Sealed,0,0,0,0,100,0,Off,0,0,,76,Auckland,Stop,0,0,0,0,0,0,Open,1,0,0,Light rain,Null
1754962.4755,5913599.2446,739045,,518803,0,,0,1,,Null,2023/2024,DOMINION ROAD OFF RAMP,DOMINION ROAD,,Minor Crash,No,2023,,East,,0,,Hill Road,,,,,,Bright sun,581700,1,0,0,2,,,0,,,,,,Auckland Region,Motorway ramp,1-way,Sealed,,0,0,,50,,Off,1,0,,76,Auckland,Give way,,,,,0,0,Urban,0,,,Fine,Null
1755963.1991,5930299.0959,739054,,508520,0,0,0,1,0,Null,2023/2024,BLAKEBOROUGH DRIVE,GRENADA AVENUE,,Minor Crash,No,2023,0,West,0,0,0,Flat,0,Christmas New Year,0,,0,Dark,193200,1,0,0,2,0,0,0,0,1,,0,0,Auckland Region,Nil,2-way,Sealed,0,0,0,0,50,0,On,0,1,,76,Auckland,Give way,0,0,0,0,0,0,Urban,0,0,0,Fine,Null
1748564.5425,5945401.3915,739062,,506201,0,,0,2,,Null,2022/2023,DAIRY FLAT HIGHWAY,SILVERDALE OFF RAMP,,Non-Injury Crash,No,2023,,North,,0,,Hill Road,,,,,,Bright sun,176700,0,0,0,3,,,0,,,,,,Auckland Region,Nil,2-way,Sealed,,0,0,,60,,Off,0,0,,76,Auckland,Give way,,,,,0,0,Urban,0,,,Fine,Null
1759848.3064,5916137.2087,739078,,516002,0,0,0,1,0,North,2022/2023,SOUTHERN MOTORWAY,GREEN LANE EAST OFF RAMP,,Non-Injury Crash,Yes,2023,0,South,0,0,0,Flat,1,,0,,0,Dark,492000,0,0,0,4,0,0,0,0,0,,0,0,Auckland Region,Nil,1-way,Sealed,0,0,0,0,100,0,On,0,0,,76,Auckland,Nil,0,0,0,0,0,0,Open,0,0,0,Fine,Null
1758793.8773,5911925.0207,739086,,519810,0,0,0,1,0,Null,2022/2023,PRINCES STREET,NEWSOME STREET,,Non-Injury Crash,No,2023,0,West,0,0,0,Flat,0,,0,,0,Dark,602200,0,0,0,2,0,0,0,0,1,,0,0,Auckland Region,Nil,2-way,Sealed,0,0,0,0,50,0,On,1,0,,76,Auckland,Give way,0,0,0,0,0,0,Urban,0,0,0,Light rain,Null
1753551.9295,5914450.7026,739092,,518801,0,,0,2,,Null,2022/2023,MAIORO STREET,MAIORO STREET ON RAMP,,Non-Injury Crash,No,2023,,East,,0,,Flat,,Christmas New Year,,,,Dark,578500,0,0,0,3,,,0,,,,,,Auckland Region,Motorway ramp,1-way,Sealed,,0,0,,50,,On,0,0,,76,Auckland,Traffic Signals,,,,,0,0,Urban,0,,,Fine,Null
1758289.6479,5927641.0471,739116,,508010,0,0,0,1,0,East,2023/2024,THE PROMENADE,HURSTMERE ROAD,,Minor Crash,No,2023,0,West,0,0,0,Flat,0,,0,,0,Dark,326100,1,0,0,2,0,0,0,0,1,,0,0,Auckland Region,Nil,2-way,Sealed,0,0,0,0,50,0,On,0,0,,76,Auckland,Nil,0,1,0,0,0,0,Urban,1,0,0,Light rain,Null
1768493.4466,5909168.2925,739142,,523112,0,,0,2,,Null,2023/2024,SPRINGS ROAD,LADY RUBY DRIVE,,Minor Crash,No,2023,,South,,0,,Flat,,,,,,Bright sun,711600,1,0,0,5,,,0,,,,,,Auckland Region,Nil,2-way,Sealed,,0,0,,50,,Off,0,0,,76,Auckland,Traffic Signals,,,,,0,0,Urban,0,,,Fine,Null
1745639.2749,5916997.4295,739158,,510800,0,,0,2,,West,2022/2023,EDSEL STREET,VITASOVICH AVENUE,,Non-Injury Crash,No,2023,,East,,0,,Hill Road,,,,,,Bright sun,243000,0,0,0,3,,,0,,,,,,Auckland Region,Nil,2-way,Sealed,,0,0,,50,,Off,0,0,,76,Auckland,Nil,,,,,0,0,Urban,0,,,Fine,Null