X,Y,OBJECTID,advisorySpeed,areaUnitID,bicycle,bridge,bus,carStationWagon,cliffBank,crashDirectionDescription,crashFinancialYear,crashLocation1,crashLocation2,crashRoadSideRoad,crashSeverity,crashSHDescription,crashYear,debris,directionRoleDescription,ditch,fatalCount,fence,flatHill,guardRail,holiday,houseOrBuilding,intersection,kerb,light,meshblockId,minorInjuryCount,moped,motorcycle,NumberOfLanes,objectThrownOrDropped,otherObject,otherVehicleType,overBank,parkedVehicle,pedestrian,phoneBoxEtc,postOrPole,region,roadCharacter,roadLane,roadSurface,roadworks,schoolBus,seriousInjuryCount,slipOrFlood,speedLimit,strayAnimal,streetLight,suv,taxi,temporarySpeedLimit,tlaId,tlaName,trafficControl,trafficIsland,trafficSign,train,tree,truck,unknownVehicleType,urban,vanOrUtility,vehicle,waterRiver,weatherA,weatherB
1751531.8261,5916282.7151,739165,,514401,0,0,0,2,0,South,2023/2024,BLOCKHOUSE BAY ROAD,GREAT NORTH ROAD,,Non-Injury Crash,No,2024,0,South,0,0,0,Hill Road,0,,0,,0,Overcast,383701,0,0,0,2,0,0,0,0,1,,0,0,Auckland Region,Nil,2-way,Sealed,0,0,0,0,50,0,Off,0,0,,76,Auckland,Nil,0,0,0,0,0,0,Urban,1,0,0,Fine,Null
1791414.524,5920353.0701,739189,,520801,0,0,0,0,0,Null,2023/2024,ANZAC ROAD,ORAPIU ROAD,,Minor Crash,No,2024,0,North,0,0,0,Hill Road,0,,0,,0,Bright sun,515801,1,0,1,2,0,0,0,0,0,,0,0,Auckland Region,Nil,2-way,Sealed,0,0,0,0,50,0,Off,0,0,,76,Auckland,Nil,0,0,0,0,0,0,Urban,0,0,0,Fine,Null
1735234.1264,5945460.6104,739198,75,506646,0,0,0,1,0,North,2022/2023,KAHIKATEA FLAT ROAD,RAPSON ROAD,,Non-Injury Crash,No,2023,0,North,0,0,0,Flat,0,,0,,0,Dark,213000,0,0,0,2,0,0,0,0,0,,0,1,Auckland Region,Nil,2-way,Sealed,0,0,0,0,80,0,None,0,0,,76,Auckland,Nil,0,0,0,0,0,0,Open,0,0,0,Fine,Null
1753977.053,5929361.0592,739221,,508320,0,,0,1,,Null,2023/2024,WAIRAU ROAD,ELLICE ROAD,,Minor Crash,No,2024,,East,,0,,Hill Road,,,,,,Overcast,196201,1,0,0,2,,,0,,,,,,Auckland Region,Nil,2-way,Sealed,,0,0,,50,,Off,1,0,,76,Auckland,Stop,,,,,0,0,Urban,0,,,Fine,Null
1767471.0426,5901486.8343,739253,,524720,0,0,0,1,0,Null,2023/2024,GLOUCESTER ROAD,KENT ROAD,,Non-Injury Crash,No,2023,0,South,0,0,0,Flat,0,,0,,1,Overcast,778100,0,0,0,2,0,1,0,0,0,,0,0,Auckland Region,Nil,2-way,Sealed,0,0,0,0,50,0,Off,0,0,,76,Auckland,Give way,0,0,0,0,0,0,Urban,0,0,0,Fine,Null
1754473.2967,5919116.6979,739261,,515431,0,0,0,2,0,South,2023/2024,RICHMOND ROAD,BAILDON ROAD,,Non-Injury Crash,No,2023,0,North,0,0,0,Flat,0,,0,,0,Dark,404000,0,0,0,2,0,0,0,0,1,,0,0,Auckland Region,Nil,2-way,Sealed,0,0,0,0,50,0,On,1,0,,76,Auckland,Nil,0,0,0,0,0,0,Urban,0,0,0,Fine,Null
1755171.0089,5914285.6112,739285,,518803,0,,0,2,,Null,2023/2024,DOMINION ROAD,MOUNT ALBERT ROAD,,Minor Crash,No,2023,,North,,0,,Hill Road,,,,,,Overcast,580100,1,0,0,4,,,0,,,,,,Auckland Region,Nil,2-way,Sealed,,0,0,,50,,Off,0,0,,76,Auckland,Traffic Signals,,,,,0,0,Urban,0,,,Fine,Null
1752740.4531,5953058.1667,739293,,505803,0,0,0,1,1,South,2023/2024,HIBISCUS COAST HIGHWAY,WAIWERA OBR,,Non-Injury Crash,No,2024,0,West,0,0,0,Hill Road,0,,0,,0,Bright sun,170605,0,0,0,2,0,0,0,0,0,,0,0,Auckland Region,Nil,2-way,Sealed,0,0,0,0,80,0,None,0,0,,76,Auckland,Nil,0,0,0,0,0,0,Open,0,0,0,Fine,Strong wind
1771366.5182,5895576.1461,739310,,521201,0,,0,2,,North,2023/2024,SOUTHERN MOTORWAY,PAPAKURA ON RAMP,,Minor Crash,Yes,2023,,North,,0,,Flat,,,,,,Bright sun,806604,2,0,0,3,,,0,,,,,,Auckland Region,Nil,1-way,Sealed,,0,0,,100,,Off,0,0,,76,Auckland,Nil,,,,,0,0,Open,0,,,Fine,Null
1743954.4077,5923663.3041,739349,,513511,0,,0,2,,Null,2023/2024,OFF ROAD - CAR PARK,,,Serious Crash,No,2023,,North,,0,,Flat,,,,,,Overcast,224306,0,0,0,,,,0,,,,,,Auckland Region,Nil,Off road,Sealed,,0,1,,,,Off,0,0,,76,Auckland,Give way,,,,,0,0,Urban,0,,,Fine,Null
1775175.495,5897566.1335,739358,35,523813,0,0,0,1,0,West,2024/2025,TWIN PARKS RISE,ARAWAI TERRACE,,Serious Crash,No,2024,0,East,0,0,0,Hill Road,0,,0,,1,Twilight,761602,0,0,1,2,0,0,0,0,0,,0,0,Auckland Region,Nil,2-way,Sealed,0,0,1,0,50,0,Off,0,0,,76,Auckland,Nil,0,0,0,0,0,0,Urban,0,0,0,Fine,Null
1760692.1053,5913852.7938,739365,,519400,0,0,0,2,0,East,2023/2024,ORANGA AVENUE,MAROA ROAD,,Minor Crash,No,2023,0,East,0,0,0,Flat,0,,0,,0,Bright sun,620300,1,0,0,2,0,0,0,0,1,,0,0,Auckland Region,Nil,2-way,Sealed,0,0,0,0,50,0,Off,1,0,,76,Auckland,Nil,0,0,0,0,0,0,Urban,0,0,0,Fine,Null
1750528.5722,5939809.1784,739445,,506300,0,0,0,3,0,South,2022/2023,NORTHERN MOTORWAY,BAWDEN OBR,,Non-Injury Crash,Yes,2023,0,North,0,0,0,Hill Road,1,,0,,0,Dark,176007,0,0,0,2,0,0,0,0,0,,0,0,Auckland Region,Nil,1-way,Sealed,0,0,0,0,100,0,None,0,0,,76,Auckland,Nil,0,0,0,0,0,0,Open,0,0,0,Fine,Null
1753151.1768,5931047.2048,739501,,508803,1,,0,1,,Null,2023/2024,BARBADOS DRIVE,WREN PLACE,,Serious Crash,No,2024,,North,,0,,Flat,,,,,,Dark,180828,0,0,0,2,,,0,,,,,,Auckland Region,Nil,2-way,Sealed,,0,1,,50,,On,0,0,,76,Auckland,Nil,,,,,0,0,Urban,0,,,Fine,Null
1763959.3337,5908906.5139,739525,,521901,0,,0,2,,East,2023/2024,MANGERE ROAD,AWA STREET,,Non-Injury Crash,No,2024,,West,,0,,Flat,,,,,,Bright sun,785400,0,0,0,2,,,0,,,,,,Auckland Region,Nil,2-way,Sealed,,0,0,,50,,None,0,0,,76,Auckland,Nil,,,,,0,0,Urban,0,,,Fine,Null
1752019.8748,5875066.715,739534,,521151,0,0,0,1,0,North,2022/2023,CONSTABLE ROAD,KARIOITAHI ROAD,,Non-Injury Crash,No,2023,0,East,0,0,0,Flat,0,,0,,0,Dark,831500,0,0,0,2,0,0,0,0,0,,0,0,Auckland Region,Nil,2-way,Sealed,0,0,0,0,80,1,On,0,0,,76,Auckland,Nil,0,0,0,0,0,0,Open,0,0,0,Fine,Null
1770808.4106,5886621.3596,739541,,521122,0,0,0,1,0,North,2023/2024,BURTT ROAD,NEEDHAM ROAD,,Non-Injury Crash,No,2024,0,South,1,0,1,Hill Road,0,,0,,0,Bright sun,813400,0,0,0,2,0,0,0,0,0,,0,0,Auckland Region,Nil,2-way,Sealed,1,0,0,0,80,0,None,0,0,,76,Auckland,Nil,0,0,0,0,0,0,Open,0,0,0,Fine,Null
1767851.7874,5900397.7303,739558,,524720,0,,0,2,,Null,2023/2024,WEYMOUTH ROAD,KIRTON CRESCENT,,Non-Injury Crash,No,2023,,West,,0,,Flat,,,,,,Overcast,777700,0,0,0,2,,,0,,,,,,Auckland Region,Nil,2-way,Sealed,,0,0,,50,,Off,0,0,,76,Auckland,Give way,,,,,0,0,Urban,0,,,Light rain,Null
1767986.9847,5899749.9658,739565,,525101,0,0,0,1,0,East,2023/2024,CLAYMORE STREET,FRIEDLANDERS ROAD,,Minor Crash,No,2024,0,West,0,0,1,Flat,0,Easter,0,,0,Overcast,772000,1,0,1,2,0,0,0,0,0,,0,0,Auckland Region,Nil,2-way,Sealed,0,0,0,0,50,0,Off,0,0,,76,Auckland,Nil,0,0,0,0,0,0,Urban,0,0,0,Fine,Null
1762001.5242,5914771.322,739566,,520201,0,0,0,1,0,East,2022/2023,MAIN HIGHWAY,ELLERSLIE PARK ROAD,,Non-Injury Crash,No,2023,0,East,0,0,0,Flat,1,,0,,0,Dark,610603,0,0,0,4,0,0,0,0,0,,0,0,Auckland Region,Nil,2-way,Sealed,0,0,0,0,50,0,On,0,0,,76,Auckland,Nil,0,0,0,0,0,0,Urban,0,0,0,Fine,Null
1774911.43,5897662.3161,739590,,523813,0,0,0,1,0,North,2022/2023,PAKARAKA DRIVE,TWIN PARKS RISE,,Non-Injury Crash,No,2023,0,South,0,0,0,Flat,0,,0,,0,Dark,761602,0,0,0,2,0,0,0,0,1,,0,0,Auckland Region,Nil,2-way,Sealed,0,0,0,0,50,0,On,1,0,,76,Auckland,Nil,0,0,0,0,0,0,Urban,0,0,0,Light rain,Null
1770604.325,5904392.3359,739621,,523820,0,,0,1,,East,2023/2024,REDOUBT ROAD,MURPHYS ROAD,,Minor Crash,No,2023,,North,,0,,Hill Road,,Christmas New Year,,,,Overcast,760000,3,0,0,2,,,0,,,,,,Auckland Region,Nil,2-way,Sealed,,0,0,,60,,None,1,0,,76,Auckland,Nil,,,,,0,0,Urban,0,,,Fine,Null
1765933.5845,5919456.1223,739629,,516700,0,0,0,2,0,South,2023/2024,WALMSLEY ROAD,GIFFORD STREET,,Non-Injury Crash,No,2023,0,South,0,0,0,Hill Road,0,,0,,0,Bright sun,510902,0,0,0,2,0,0,0,0,1,,0,0,Auckland Region,Nil,2-way,Sealed,0,0,0,0,50,0,Off,0,0,,76,Auckland,Nil,0,0,0,0,0,0,Urban,0,0,0,Fine,Null
1757389.2901,5910044.3116,739654,,524001,0,0,0,1,0,North,2023/2024,YORKTON RISE,MUIR AVENUE,,Minor Crash,No,2024,0,North,0,0,0,Flat,0,,0,,0,Bright sun,720600,1,0,1,2,0,0,0,0,1,,0,0,Auckland Region,Nil,2-way,Sealed,0,0,0,0,50,0,None,0,0,,76,Auckland,Nil,0,0,0,0,0,0,Urban,0,0,0,Fine,Null
1753250.3458,5915348.4533,739670,,517903,0,0,0,1,0,West,2023/2024,OWAIRAKA AVENUE,HALLAM STREET,,Minor Crash,No,2024,0,East,0,0,0,Flat,0,,0,,0,Overcast,521600,1,0,0,2,0,0,0,0,0,,0,1,Auckland Region,Nil,2-way,Sealed,0,0,0,0,50,0,Off,0,0,,76,Auckland,Nil,0,0,0,0,0,0,Urban,0,0,0,Fine,Null
1759559.9629,5915542.1532,739694,,519200,0,,1,1,,East,2023/2024,GREEN LANE WEST,MAUNGAKIEKIE AVENUE,,Non-Injury Crash,No,2023,,East,,0,,Hill Road,,,,,,Bright sun,616402,0,0,0,4,,,0,,,,,,Auckland Region,Nil,2-way,Sealed,,0,0,,50,,Off,0,0,,76,Auckland,Nil,,,,,0,0,Urban,1,,,Fine,Null
1760274.7887,5913633.2342,739701,,519900,0,,0,1,,Null,2022/2023,ORANGA AVENUE,OLEA ROAD,,Non-Injury Crash,No,2023,,North,,0,,Hill Road,,,,,,Dark,603000,0,0,0,2,,,0,,,,,,Auckland Region,Nil,2-way,Sealed,,0,0,,50,,On,0,0,,76,Auckland,Stop,,,,,0,0,Urban,1,,,Fine,Null
1772643.1539,5894477.7527,739708,,525530,0,,0,2,,Null,2022/2023,GREAT SOUTH ROAD,HAZELDENE PLACE,,Minor Crash,No,2023,,South,,0,,Flat,,,,,,Dark,804400,3,0,0,2,,,0,,,,,,Auckland Region,Nil,2-way,Sealed,,0,0,,50,,On,0,0,,76,Auckland,Stop,,,,,0,0,Urban,0,,,Fine,Null
1739566.6063,5928662.4451,739718,,505602,0,,0,2,,Null,2023/2024,MAIN ROAD,RIVERHEAD ROAD,,Minor Crash,Yes,2024,,East,,0,,Flat,,,,,,Twilight,214103,1,0,0,2,,,0,,,,,,Auckland Region,Nil,2-way,Sealed,,0,0,,50,,Off,0,0,,76,Auckland,Give way,,,,,0,0,Urban,0,,,Fine,Null
1759961.3336,5906946.2011,739734,,524111,0,,0,1,,Null,2023/2024,ORLY AVENUE,WADDON PLACE,,Minor Crash,No,2024,,West,,0,,Flat,,,,,,Bright sun,740500,1,0,0,2,,,0,,,1,,,Auckland Region,Nil,2-way,Sealed,,0,0,,50,,Off,0,0,,76,Auckland,Give way,,,,,0,0,Urban,0,,,Fine,Null
1755879.096,5922891.9858,739740,,509800,0,,0,1,,North,2022/2023,NORTHERN MOTORWAY,TOP OF HARBOUR BRIDGE,,Minor Crash,Yes,2023,,North,,0,,Hill Road,,,,,,Twilight,359300,2,0,0,4,,,0,,,,,,Auckland Region,Bridge,1-way,Sealed,,0,0,,80,,On,0,0,,76,Auckland,Nil,,,,,0,0,Open,1,,,Fine,Null
1758800.6716,5912409.2136,739742,,519810,0,,0,1,,Null,2023/2024,SELWYN STREET,ARTHUR STREET,,Non-Injury Crash,No,2023,,North,,0,,Hill Road,,,,,,Overcast,599000,0,0,0,2,,,0,,,,,,Auckland Region,Nil,2-way,Sealed,,0,0,,50,,Off,0,0,,76,Auckland,Stop,,,,,0,0,Urban,1,,,Fine,Null
1756496.4552,5927001.4112,739766,,507900,0,,0,1,,North,2023/2024,NORTHERN MOTORWAY,NORTHCOTE ROAD ON RAMP,,Minor Crash,Yes,2024,,South,,0,,Flat,,,,,,Dark,303502,1,0,0,3,,,0,,,,,,Auckland Region,Nil,1-way,Sealed,,0,0,,100,,On,0,0,,76,Auckland,Nil,,,,,0,0,Open,1,,,Fine,Null
1756209.9405,5937618.8237,739772,,506903,0,0,0,1,0,West,2022/2023,WAIRERE ROAD,WATEA ROAD,,Minor Crash,No,2023,0,East,0,0,0,Flat,0,,0,,0,Bright sun,167900,1,0,0,2,0,0,0,0,1,,0,0,Auckland Region,Nil,2-way,Sealed,0,0,0,0,50,0,None,0,0,,76,Auckland,Nil,0,0,0,0,1,0,Urban,0,0,0,Fine,Null
1727669.0723,5938621.912,739774,,506642,0,0,0,1,0,South,2023/2024,SH 16,RIMMER ROAD,,Minor Crash,Yes,2024,0,North,1,0,0,Flat,1,,0,,0,Overcast,211100,1,0,0,2,0,0,0,0,0,,0,0,Auckland Region,Nil,2-way,Sealed,0,0,0,0,100,0,None,0,0,,76,Auckland,Nil,0,0,0,0,0,0,Open,0,0,0,Fine,Null
1748753.4733,5959753.8954,739782,,506613,0,,0,0,,South,2023/2024,SH 1,HIKAUAE CK BR,,Non-Injury Crash,No,2023,,South,,0,,Flat,,,,,,Overcast,147106,0,0,0,2,,,0,,,,,,Auckland Region,Nil,2-way,Sealed,,0,0,,80,,Off,0,0,,76,Auckland,Nil,,,,,1,0,Open,1,,,Fine,Null
1794596.4323,5904400.7125,739805,,525202,0,0,0,0,0,South,2023/2024,KAWAKAWA-ORERE ROAD,FORESTRY ROAD 3,,Non-Injury Crash,No,2024,0,North,0,0,0,Hill Road,0,,0,,0,Dark,765200,0,0,0,2,0,0,0,0,0,,0,0,Auckland Region,Nil,2-way,Sealed,0,0,0,0,80,0,None,0,0,,76,Auckland,Nil,0,0,0,1,0,0,Open,1,0,0,Mist or Fog,Null
1771044.7416,5905837.4707,739806,,523712,0,,0,5,,South,2023/2024,MURPHYS ROAD,TE KURA ROAD,,Non-Injury Crash,No,2023,,South,,0,,Flat,,,,,,Overcast,713300,0,0,0,2,,,0,,,,,,Auckland Region,Nil,2-way,Sealed,,0,0,,80,,None,0,0,,76,Auckland,Nil,,,,,0,0,Open,0,,,Fine,Null
1767837.5362,5906501.2146,739829,,523711,0,0,0,1,0,North,2023/2024,PRESTON ROAD,RAPSON ROAD,,Non-Injury Crash,No,2023,0,North,0,0,0,Flat,0,,0,,0,Overcast,714600,0,0,0,2,0,0,0,0,1,,0,0,Auckland Region,Nil,2-way,Sealed,0,0,0,0,50,0,Off,0,0,,76,Auckland,Nil,0,0,0,0,0,0,Urban,1,0,0,Light rain,Null
1746338.8027,5914973.6826,739830,,511800,0,,0,2,,South,2023/2024,SUNHILL ROAD,SUNGROVE RISE,,Serious Crash,No,2024,,South,,0,,Hill Road,,,,,,Overcast,277500,1,0,0,2,,,0,,,,,,Auckland Region,Nil,2-way,Sealed,,0,1,,50,,Off,0,0,,76,Auckland,Nil,,,,,0,0,Urban,0,,,Fine,Null
1750210.4273,5911671.8557,739845,,512100,0,,0,2,,Null,2023/2024,GODLEY ROAD,CLEVE ROAD,,Non-Injury Crash,No,2023,,West,,0,,Flat,,,,,,Bright sun,289000,0,0,0,2,,,0,,,,,,Auckland Region,Nil,2-way,Sealed,,0,0,,50,,Off,0,0,,76,Auckland,Give way,,,,,0,0,Urban,0,,,Fine,Null
1751183.8097,5914813.4952,739846,,514402,0,0,0,1,0,South,2023/2024,ST GEORGES ROAD,CHALMERS STREET,,Non-Injury Crash,No,2023,0,North,0,0,0,Flat,0,,0,,0,Dark,379200,0,0,0,2,0,0,0,0,0,,0,1,Auckland Region,Nil,2-way,Sealed,0,0,0,0,50,0,On,0,0,,76,Auckland,Nil,0,0,0,0,0,0,Urban,0,0,0,Fine,Null
1755489.6609,5929151.2196,739885,,508510,0,,0,0,,North,2023/2024,NORTHERN MOTORWAY,TRISTRAM OBR,,Non-Injury Crash,Yes,2024,,South,,0,,Flat,,,,,,Overcast,195200,0,0,1,3,,,0,,,,,,Auckland Region,Nil,1-way,Sealed,,0,0,,100,,Off,1,0,,76,Auckland,Nil,,,,,0,0,Open,0,,,Fine,Null
1753799.2183,5917595.6302,739886,,517600,0,,0,2,,Null,2023/2024,ST LUKES ROAD,ASQUITH AVENUE,,Minor Crash,No,2023,,North,,0,,Hill Road,,,,,,Bright sun,534001,2,0,0,2,,,0,,,,,,Auckland Region,Nil,2-way,Sealed,,0,0,,50,,Off,0,0,,76,Auckland,Give way,,,,,0,0,Urban,0,,,Fine,Null
1768765.1306,5909739.8152,739909,,523113,0,0,0,1,0,East,2024/2025,SMALES ROAD,HARRIS ROAD,,Minor Crash,No,2025,0,West,0,0,0,Flat,0,Easter,0,,0,Dark,711809,1,0,0,3,0,0,0,0,0,,0,0,Auckland Region,Nil,2-way,Sealed,0,0,0,0,60,0,On,0,0,,76,Auckland,Nil,0,0,0,1,0,0,Urban,0,0,0,Light rain,Null
1751639.9774,5912802.7452,739926,,514700,0,0,0,1,0,North,2023/2024,BLOCKHOUSE BAY ROAD,BOLTON STREET,,Non-Injury Crash,No,2023,0,South,0,0,0,Flat,0,,0,,0,Dark,370300,0,0,0,2,0,0,0,0,0,,0,0,Auckland Region,Nil,2-way,Sealed,0,0,0,0,50,0,On,0,0,30,76,Auckland,Nil,0,0,0,1,0,0,Urban,0,0,0,Light rain,Null
1771217.768,5896134.3898,739942,,525540,0,,0,0,,North,2022/2023,SOUTHERN MOTORWAY,PAPAKURA OFF RAMP,,Non-Injury Crash,Yes,2023,,South,,0,,Flat,,,,,,Dark,806205,0,0,0,2,,,0,,,,,,Auckland Region,Nil,1-way,Sealed,,0,0,,100,,Off,0,0,80,76,Auckland,Nil,,,,,0,0,Open,2,,,Fine,Null
1756533.4478,5919411.6832,739950,,514200,0,,0,2,,East,2022/2023,KARANGAHAPE ROAD,COBDEN STREET,,Non-Injury Crash,No,2023,,East,,0,,Flat,,Queens Birthday,,,,Dark,411900,0,0,0,4,,,0,,,,,,Auckland Region,Overpass,2-way,Sealed,,0,0,,30,,On,0,0,,76,Auckland,Nil,,,,,0,0,Urban,0,,,Fine,Null
1762868.8827,5912889.3543,739966,,520500,0,,0,2,,West,2023/2024,SOUTH-EASTERN HIGHWAY,SOUTH-EASTERN HIGHWAY,,Minor Crash,No,2023,,West,,0,,Hill Road,,,,,,Bright sun,637300,1,0,0,4,,,0,,,,,,Auckland Region,Underpass,1-way,Sealed,,0,0,,100,,Off,0,0,,76,Auckland,Nil,,,,,0,0,Open,1,,,Fine,Null
1763029.9905,5905798.1841,739981,,524302,0,0,0,1,0,North,2024/2025,PORTAGE ROAD,SKIPTON STREET,,Non-Injury Crash,No,2024,0,South,0,0,0,Flat,0,,0,,0,Dark,746200,0,0,0,2,0,0,0,0,1,,0,0,Auckland Region,Nil,2-way,Sealed,0,0,0,0,50,0,On,0,0,,76,Auckland,Nil,0,0,0,0,1,0,Urban,0,0,0,Light rain,Null
1761177.576,5914734.095,739989,,520202,0,,0,1,,South,2023/2024,SOUTHERN MOTORWAY,ELLERSLIE FTBR,,Non-Injury Crash,Yes,2024,,North,,0,,Flat,,,,,,Overcast,612100,0,0,0,3,,,0,,,,,,Auckland Region,Nil,1-way,Sealed,,0,0,,100,,Off,0,0,,76,Auckland,Nil,,,,,0,0,Open,1,,,Light rain,Null
1780095.5823,5901713.3149,739990,,525201,0,0,0,1,0,South,2023/2024,PAPAKURA-CLEVEDON ROAD,CLEVEDON-TAKANINI ROAD,,Non-Injury Crash,No,2023,0,North,0,0,1,Flat,0,,0,,0,Bright sun,763400,0,0,0,2,0,0,0,0,0,,0,0,Auckland Region,Nil,2-way,Sealed,0,0,0,0,80,0,None,0,0,,76,Auckland,Nil,0,0,0,1,0,0,Open,0,0,0,Fine,Frost
1769901.4306,5905317.0009,739997,,523712,0,0,0,2,0,West,2023/2024,THOMAS ROAD,GREENAN DRIVE,,Non-Injury Crash,No,2023,0,West,0,0,0,Flat,0,,0,,0,Bright sun,713211,0,0,0,2,0,0,0,0,1,,0,0,Auckland Region,Nil,2-way,Sealed,0,0,0,0,50,0,Off,0,0,,76,Auckland,Nil,0,0,0,0,0,0,Urban,0,0,0,Fine,None
1769096.9941,5914372.8091,740005,,522723,0,,0,1,,Null,2023/2024,PAKURANGA ROAD,BELLS ROAD,,Minor Crash,No,2024,,West,,0,,Flat,,,,,,Overcast,681304,1,0,0,3,,,0,,,,,,Auckland Region,Nil,2-way,Sealed,,0,0,,50,,Off,0,0,,76,Auckland,Give way,,,,,0,0,Urban,1,,,Light rain,Null
1747963.2581,5912510.4817,740022,,511902,0,0,0,1,0,Null,2023/2024,PLEASANT ROAD,TITIRANGI ROAD,,Minor Crash,No,2023,0,East,0,0,0,Flat,0,,0,,0,Bright sun,292103,1,0,0,2,0,0,0,0,0,,0,0,Auckland Region,Nil,2-way,Sealed,0,0,0,0,50,0,Off,0,0,,76,Auckland,Traffic Signals,0,0,0,1,0,0,Urban,0,0,0,Fine,Null
1769665.3853,5883142.452,740030,,521111,0,0,0,1,0,North,2022/2023,CAPE HILL ROAD,NORTHVALE PLACE,,Non-Injury Crash,No,2023,0,North,0,0,1,Hill Road,0,,0,,0,Dark,826700,0,0,0,2,0,0,0,0,0,,0,0,Auckland Region,Nil,2-way,Sealed,0,0,0,0,60,0,None,0,0,,76,Auckland,Nil,0,0,0,0,0,0,Urban,0,0,0,Mist or Fog,Null
1779380.2032,5915012.3519,740037,,523300,0,0,0,1,1,North,2024/2025,WHITFORD MARAETAI ROAD,JACK LACHLAN DRIVE,,Serious Crash,No,2024,0,South,0,0,0,Hill Road,0,,0,,0,Overcast,718900,0,0,0,2,0,0,0,0,0,,0,0,Auckland Region,Nil,2-way,Sealed,0,0,1,0,80,0,None,0,0,,76,Auckland,Nil,0,0,0,0,0,0,Open,0,0,0,Fine,Null
1770186.243,5901369.1514,740045,,523814,0,,0,2,,East,2024/2025,ALFRISTON ROAD,MAGIC WAY,,Minor Crash,No,2025,,West,,0,,Flat,,,,,,Dark,759515,1,0,0,2,,,0,,,,,,Auckland Region,Nil,2-way,Sealed,,0,0,,50,,On,1,0,,76,Auckland,Nil,,,,,0,0,Urban,0,,,Light rain,Null
1734315.0772,5945715.0727,740046,,506647,0,,0,1,,Null,2023/2024,KAHIKATEA FLAT ROAD,KAIPARA COAST HIGHWAY,,Minor Crash,No,2024,,West,,0,,Hill Road,,,,,,Bright sun,211600,1,0,1,2,,,0,,,,,,Auckland Region,Nil,2-way,Sealed,,0,0,,80,,Off,0,0,,76,Auckland,Give way,,,,,0,0,Open,0,,,Fine,Null
1749846.4305,5927113.577,740053,,510010,0,0,0,1,0,West,2024/2025,BEACH HAVEN ROAD,RAMBLER CRESCENT,,Minor Crash,No,2025,0,West,0,0,0,Hill Road,0,,0,,0,Dark,341900,1,0,0,1,0,0,0,0,2,,0,0,Auckland Region,Nil,1-way,Sealed,0,0,0,0,50,0,Off,1,0,,76,Auckland,Nil,0,0,0,0,0,0,Urban,1,0,0,Fine,Null
1756384.3383,5920835.9314,740062,,514102,0,,0,1,,Null,2023/2024,FANSHAWE STREET,DALDY STREET,,Minor Crash,No,2024,,West,,0,,Flat,,,,,,Dark,432500,1,0,0,3,,,0,,,1,,,Auckland Region,Nil,1-way,Sealed,,0,0,,30,,On,0,0,,76,Auckland,Traffic Signals,,,,,0,0,Urban,0,,,Light rain,Null
1762993.71,5913785.9167,740085,,520402,0,,0,0,,East,2024/2025,PENROSE ROAD,GUNSON ROAD,,Minor Crash,No,2025,,West,,0,,Flat,,,,,,Bright sun,641900,1,0,0,2,,,0,,,1,,,Auckland Region,Nil,2-way,Sealed,,0,0,,50,,Off,0,0,,76,Auckland,Nil,,,,,1,0,Urban,0,,,Fine,Null
1767954.7759,5903881.9932,740101,,524602,0,,0,2,,East,2023/2024,SOUTH-WESTERN MOTORWAY,GREAT SOUTH OBR,,Non-Injury Crash,Yes,2024,,West,,0,,Flat,,,,,,Bright sun,780506,0,0,0,2,,,0,,,,,,Auckland Region,Motorway ramp,1-way,Sealed,,0,0,,100,,Off,0,0,,76,Auckland,Traffic Signals,,,,,0,0,Open,0,,,Fine,Null
1765243.3791,5909464.4177,740117,,521802,0,0,0,1,0,North,2024/2025,SOUTHERN MOTORWAY,TAMAKI RIV BR,,Minor Crash,Yes,2024,0,North,0,0,0,Flat,1,,0,,0,Dark,788400,1,0,0,4,0,0,0,0,0,,0,0,Auckland Region,Nil,1-way,Sealed,0,0,0,0,100,0,On,0,0,,76,Auckland,Nil,0,0,0,0,0,0,Open,0,0,0,Fine,Null
1771131.0158,5906176.2715,740142,,523713,0,,0,1,,Null,2023/2024,MURPHYS ROAD,FLAT BUSH SCHOOL ROAD,,Serious Crash,No,2023,,South,,0,,Flat,,,,,,Overcast,712701,1,0,0,2,,,0,,,,,,Auckland Region,Nil,2-way,Sealed,,0,3,,60,,Off,1,0,,76,Auckland,Traffic Signals,,,,,0,0,Urban,0,,,Fine,Null
1756304.3734,5920387.7272,740174,,514000,0,,0,2,,South,2023/2024,NORTHERN MOTORWAY,FRANKLIN ROAD,,Non-Injury Crash,Yes,2023,,North,,0,,Hill Road,,,,,,Overcast,416800,0,0,0,3,,,0,,,,,,Auckland Region,Nil,1-way,Sealed,,0,0,,80,,Off,0,0,,76,Auckland,Nil,,,,,0,0,Open,0,,,Fine,Null
1768223.834,5902357.51,740182,,525001,0,,0,1,,South,2023/2024,GREAT SOUTH ROAD,ORAMS ROAD,,Serious Crash,No,2024,,South,,0,,Flat,,,,,,Twilight,750800,0,0,0,2,,,0,,,,,,Auckland Region,Nil,2-way,Sealed,,0,1,,50,,Off,0,0,,76,Auckland,Nil,,,,,0,0,Urban,1,,,Fine,Null
1768601.6926,5914883.7951,740221,,522810,0,,0,2,,West,2024/2025,BUTLEY DRIVE,STANNILAND STREET,,Minor Crash,No,2024,,West,,0,,Flat,,,,,,Bright sun,693002,1,0,0,2,,,0,,,,,,Auckland Region,Nil,2-way,Sealed,,0,0,,50,,Off,0,0,,76,Auckland,Nil,,,,,0,0,Urban,0,,,Fine,Null