X,Y,OBJECTID,advisorySpeed,areaUnitID,bicycle,bridge,bus,carStationWagon,cliffBank,crashDirectionDescription,crashFinancialYear,crashLocation1,crashLocation2,crashRoadSideRoad,crashSeverity,crashSHDescription,crashYear,debris,directionRoleDescription,ditch,fatalCount,fence,flatHill,guardRail,holiday,houseOrBuilding,intersection,kerb,light,meshblockId,minorInjuryCount,moped,motorcycle,NumberOfLanes,objectThrownOrDropped,otherObject,otherVehicleType,overBank,parkedVehicle,pedestrian,phoneBoxEtc,postOrPole,region,roadCharacter,roadLane,roadSurface,roadworks,schoolBus,seriousInjuryCount,slipOrFlood,speedLimit,strayAnimal,streetLight,suv,taxi,temporarySpeedLimit,tlaId,tlaName,trafficControl,trafficIsland,trafficSign,train,tree,truck,unknownVehicleType,urban,vanOrUtility,vehicle,waterRiver,weatherA,weatherB
1756102.3534,5917611.6375,740229,,518102,1,,0,1,,Null,2023/2024,DOMINION ROAD,CARRICK PLACE,,Minor Crash,No,2023,,South,,0,,Hill Road,,,,,,Overcast,545900,1,0,0,4,,,0,,,,,,Auckland Region,Nil,2-way,Sealed,,0,0,,50,,Off,0,0,,76,Auckland,Stop,,,,,0,0,Urban,0,,,Fine,Null
1773175.5849,5896436.709,740236,,525630,0,,0,2,,Null,2022/2023,CLEVEDON ROAD,MARNE ROAD,,Non-Injury Crash,No,2023,,East,,0,,Flat,,,,,,Dark,794600,0,0,0,2,,,0,,,,,,Auckland Region,Nil,2-way,Sealed,,0,0,,50,,On,0,0,,76,Auckland,Give way,,,,,0,0,Urban,0,,,Light rain,Null
1746620.9805,5918787.0642,740245,,512401,0,,0,1,,East,2024/2025,EDMONTON ROAD,BOSNYAK DRIVE,,Minor Crash,No,2024,,West,,0,,Flat,,,,,,Bright sun,255701,1,0,0,2,,,0,,,,,,Auckland Region,Nil,2-way,Sealed,,0,0,,50,,Off,0,0,,76,Auckland,Nil,,,,,0,0,Urban,1,,,Fine,Null
1760654.9374,5914890.263,740269,,519400,0,,0,1,,Null,2022/2023,GREAT SOUTH ROAD,WAIOHUA ROAD,,Non-Injury Crash,No,2023,,North,,0,,Hill Road,,,,,,Dark,619600,0,0,0,2,,,0,,,,,,Auckland Region,Nil,2-way,Sealed,,0,0,,50,,On,1,0,,76,Auckland,Give way,,,,,0,0,Urban,0,,,Fine,Null
1756688.085,5926650.4496,740277,,507900,0,,0,3,,South,2022/2023,NORTHERN MOTORWAY,NORTHCOTE ROAD ON RAMP,,Non-Injury Crash,Yes,2023,,South,,0,,Hill Road,,,,,,Twilight,303902,0,0,0,3,,,0,,,,,,Auckland Region,Nil,1-way,Sealed,,0,0,,100,,On,0,0,,76,Auckland,Nil,,,,,0,0,Open,1,,,Fine,Null
1756433.5869,5930633.2929,740278,,507500,0,,0,2,,South,2022/2023,EAST COAST ROAD,FORREST HILL ROAD,,Minor Crash,No,2023,,North,,0,,Flat,,,,,,Bright sun,148701,1,0,0,3,,,0,,,,,,Auckland Region,Nil,2-way,Sealed,,0,0,,50,,Off,0,0,,76,Auckland,Nil,,,,,0,0,Urban,0,,,Fine,Null
1763350.3357,5909320.1007,740310,,521901,0,0,0,1,0,North,2022/2023,WALMSLEY ROAD,MARJORIE JAYNE CRESCENT,,Non-Injury Crash,No,2023,0,South,0,0,1,Flat,0,Christmas New Year,0,,0,Overcast,783000,0,0,0,4,0,0,0,0,0,,0,0,Auckland Region,Nil,2-way,Sealed,0,0,0,0,50,0,None,0,0,,76,Auckland,Nil,0,0,0,0,0,0,Urban,0,0,0,Fine,Null
1770235.3125,5912821.1749,740325,,523105,0,,0,2,,East,2023/2024,CASCADES ROAD,BERNIE EDWARDS PLACE,,Non-Injury Crash,No,2024,,East,,0,,Flat,,,,,,Dark,711139,0,0,0,3,,,0,,,,,,Auckland Region,Nil,2-way,Sealed,,0,0,,50,,On,0,0,,76,Auckland,Nil,,,,,0,0,Urban,0,,,Fine,Null
1761021.0945,5915120.7495,740333,,520201,0,,0,1,,North,2023/2024,SOUTHERN MOTORWAY,MAIN OBR,,Non-Injury Crash,Yes,2023,,Null,,0,,Flat,,,,,,Overcast,613500,0,0,0,4,,,0,,,,,,Auckland Region,Nil,1-way,Sealed,,0,0,,100,,Off,0,0,,76,Auckland,Nil,,,,,0,1,Open,0,,,Fine,Null
1772336.9684,5911766.5596,740342,35,523102,0,1,0,1,0,North,2022/2023,WHITFORD ROAD,MAUNGAMAUNGAROA BR,,Non-Injury Crash,No,2023,0,East,0,0,0,Hill Road,0,,0,,0,Overcast,718003,0,0,0,2,0,0,0,0,0,,0,0,Auckland Region,Bridge,2-way,Sealed,0,0,0,0,60,0,Off,0,0,,76,Auckland,Nil,0,0,0,0,0,0,Urban,0,0,0,Heavy rain,Null
1765334.8777,5904506.3391,740366,,524603,0,0,0,2,0,South,2023/2024,CLENDON AVENUE,BALLANCE AVENUE,,Non-Injury Crash,No,2023,0,East,0,0,0,Flat,0,,0,,0,Bright sun,674200,0,0,0,2,0,0,0,0,1,,0,0,Auckland Region,Nil,2-way,Sealed,0,0,0,0,50,0,Off,0,0,,76,Auckland,Nil,0,0,0,0,0,0,Urban,0,0,0,Fine,Null
1773541.5729,5901993.0909,740381,,523813,0,0,1,0,1,East,2024/2025,ALFRISTON ROAD,MILL ROAD,,Non-Injury Crash,No,2024,0,West,0,0,1,Hill Road,0,,0,,0,Bright sun,761000,0,0,0,2,0,0,0,0,0,,0,0,Auckland Region,Nil,2-way,Sealed,0,1,0,0,80,0,Off,0,0,,76,Auckland,Nil,0,1,0,0,0,0,Open,0,0,0,Fine,Null
1765939.8934,5901521.4533,740389,,524604,0,0,0,1,1,Null,2023/2024,BROWNS ROAD,CHONNY CRESCENT,,Non-Injury Crash,No,2023,0,East,0,0,1,Flat,0,,0,,0,Dark,781302,0,0,0,3,0,0,0,0,0,,0,0,Auckland Region,Nil,2-way,Sealed,0,0,0,0,50,0,On,0,0,,76,Auckland,Traffic Signals,0,1,0,0,0,0,Urban,0,0,0,Fine,Null
1755072.96,5929953.0797,740397,45,508420,0,0,0,1,0,South,2023/2024,LINK DRIVE,SUNNYNOOK ROAD,,Non-Injury Crash,No,2024,0,North,0,0,0,Flat,0,,0,,0,Dark,183800,0,0,0,2,0,0,0,0,0,,0,1,Auckland Region,Nil,2-way,Sealed,0,0,0,0,50,0,On,0,0,,76,Auckland,Nil,0,0,0,0,0,0,Urban,0,0,0,Fine,Null
1763595.557,5912885.6488,740398,45,520500,0,0,0,1,0,East,2022/2023,SOUTH-EASTERN HWY OFF RAMP,SOUTH-EASTERN HIGHWAY,,Non-Injury Crash,No,2023,0,South,0,0,0,Flat,1,,0,,0,Overcast,637400,0,0,0,1,0,0,0,0,0,,0,0,Auckland Region,Motorway ramp,1-way,Sealed,0,0,0,0,80,0,Off,0,0,,76,Auckland,Nil,0,0,0,0,0,0,Open,0,0,0,Fine,Null
1778203.386,5915813.6228,740406,,523300,0,,0,2,,Null,2023/2024,BELL ROAD,BEACHLANDS ROAD,,Minor Crash,No,2023,,North,,0,,Flat,,,,,,Overcast,718607,5,0,0,2,,,0,,,,,,Auckland Region,Nil,2-way,Sealed,,0,0,,50,,Off,0,0,,76,Auckland,Pointsman,,,,,0,0,Urban,0,,,Light rain,Null
1745123.501,5914674.1603,740414,,512904,0,,0,1,,South,2023/2024,SEYMOUR ROAD,SOLEA ROAD,,Minor Crash,No,2023,,North,,0,,Flat,,,,,,Bright sun,278104,1,0,1,2,,,0,,,,,,Auckland Region,Nil,2-way,Sealed,,0,0,,50,,None,0,0,,76,Auckland,Nil,,,,,0,0,Urban,0,,,Fine,Null
1758724.5013,5911636.0699,740429,35,519810,0,0,0,0,0,North,2024/2025,GLOUCESTER PARK ROAD ON RAMP,NEILSON STREET ON RAMP,,Minor Crash,No,2024,0,South,0,0,0,Flat,1,,0,,0,Bright sun,602501,1,0,1,2,0,0,0,0,0,,0,0,Auckland Region,Motorway ramp,1-way,Sealed,0,0,0,0,100,0,Off,0,0,,76,Auckland,Nil,0,0,0,0,0,0,Open,0,0,0,Fine,Null
1771124.1542,5914730.0547,740445,,521601,0,0,0,1,0,North,2023/2024,RIDGE ROAD,VINCENT STREET,,Non-Injury Crash,No,2023,0,North,0,0,0,Flat,0,,0,,0,Overcast,646300,0,0,0,2,0,0,0,0,1,,0,0,Auckland Region,Nil,2-way,Sealed,0,0,0,0,50,0,Off,0,0,,76,Auckland,Nil,0,0,0,0,0,0,Urban,1,0,0,Light rain,Null
1755280.1273,5932011.7134,740453,,508805,0,,0,2,,Null,2022/2023,EAST COAST ROAD,CONSTELLATION DRIVE,,Non-Injury Crash,No,2023,,North,,0,,Hill Road,,,,,,Dark,151104,0,0,0,4,,,0,,,,,,Auckland Region,Nil,2-way,Sealed,,0,0,,50,,On,0,0,,76,Auckland,Traffic Signals,,,,,0,0,Urban,0,,,Heavy rain,Null
1769533.7622,5906549.5537,740454,,523712,0,0,0,1,0,Null,2023/2024,CHAPEL ROAD,FLAT BUSH SCHOOL ROAD,,Non-Injury Crash,No,2023,0,North,0,0,0,Flat,0,,0,,0,Overcast,713201,0,0,0,2,0,1,0,0,0,,0,0,Auckland Region,Nil,2-way,Sealed,0,0,0,0,60,0,Off,0,0,,76,Auckland,Traffic Signals,0,0,0,0,0,0,Urban,0,0,0,Light rain,Null
1735764.3664,5972395.6247,740461,,506613,0,,0,0,,North,2023/2024,TAUHOA ROAD,HOTEO RIVER ROAD,,Minor Crash,No,2024,,West,,0,,Hill Road,,,,,,Overcast,145100,1,0,1,0,,,0,,,,,,Auckland Region,Nil,2-way,Unsealed,,0,0,,100,,None,0,0,,76,Auckland,Nil,,,,,0,0,Open,0,,,Fine,Null
1769743.4955,5916659.18,740477,,522604,0,0,0,1,0,East,2023/2024,ICARUS PLACE,TAKUTAI AVENUE,,Non-Injury Crash,No,2023,0,West,0,0,1,Hill Road,0,,0,,0,Dark,677600,0,0,0,2,0,0,0,0,0,,0,0,Auckland Region,Nil,2-way,Sealed,0,0,0,0,50,0,On,0,0,,76,Auckland,Nil,0,0,0,0,0,0,Urban,0,0,0,Light rain,Null
1764482.92,5909607.551,740493,,521802,0,0,0,2,0,South,2023/2024,CHURCH STREET,HIGH STREET,,Non-Injury Crash,No,2023,0,South,0,0,0,Flat,0,,0,,0,Bright sun,788602,0,0,0,2,0,0,0,0,1,,0,0,Auckland Region,Nil,2-way,Sealed,0,0,0,0,50,0,Off,2,0,,76,Auckland,Nil,0,0,0,0,0,0,Urban,0,0,0,Fine,Null
1762866.3512,5913891.5915,740494,,520401,0,0,0,2,0,North,2022/2023,PANORAMA ROAD,PENROSE ROAD,,Non-Injury Crash,No,2023,0,North,0,0,0,Flat,0,,0,,0,Dark,644503,0,0,0,2,0,0,0,0,1,,0,0,Auckland Region,Nil,2-way,Sealed,0,0,0,0,50,0,On,0,0,,76,Auckland,Nil,0,0,0,0,0,0,Urban,0,0,0,Light rain,Null
1754229.7493,5918521.4689,740510,,515431,0,,0,2,,South,2023/2024,GREAT NORTH ROAD,BULLOCK TRACK,,Non-Injury Crash,No,2023,,North,,0,,Flat,,,,,,Bright sun,406101,0,0,0,4,,,0,,,,,,Auckland Region,Nil,2-way,Sealed,,0,0,,50,,Off,0,0,,76,Auckland,Nil,,,,,0,0,Urban,0,,,Fine,Null
1754715.8516,5933626.6762,740526,,508804,0,0,0,2,0,Null,2023/2024,EAST COAST ROAD,PINE HILL CRESCENT,,Non-Injury Crash,No,2023,0,West,0,0,0,Flat,0,,0,,0,Twilight,156502,0,0,0,2,0,0,0,0,1,,0,0,Auckland Region,Nil,2-way,Sealed,0,0,0,0,50,0,On,0,0,,76,Auckland,Nil,0,0,0,0,0,0,Urban,1,0,0,Fine,Null
1761285.8924,5914054.0668,740534,,519500,0,,0,2,,Null,2023/2024,GREAT SOUTH ROAD,GREENPARK ROAD,,Minor Crash,No,2024,,North,,0,,Flat,,,,,,Dark,620800,1,0,0,4,,,0,,,,,,Auckland Region,Nil,2-way,Sealed,,0,0,,50,,On,0,0,,76,Auckland,Stop,,,,,0,0,Urban,0,,,Light rain,Null
1744624.3452,5922561.7777,740549,,513521,0,,0,1,,Null,2023/2024,MOIRE ROAD,WIDMORE DRIVE,,Non-Injury Crash,No,2024,,South,,0,,Flat,,,,,,Dark,224237,0,0,1,2,,,0,,,,,,Auckland Region,Nil,2-way,Sealed,,0,0,,50,,On,0,0,,76,Auckland,Stop,,,,,0,0,Urban,0,,,Fine,Null
1749965.9992,5913803.545,740565,,511303,0,,0,2,,Null,2023/2024,CLARK STREET,RANKIN AVENUE,,Non-Injury Crash,No,2023,,West,,0,,Flat,,,,,,Dark,265001,0,0,0,4,,,0,,,,,,Auckland Region,Nil,2-way,Sealed,,0,0,,50,,On,0,0,,76,Auckland,Traffic Signals,,,,,0,0,Urban,0,,,Fine,Null
1770456.9212,5911271.6707,740573,,523109,0,,0,1,,Null,2023/2024,TI RAKAU DRIVE,TI RAKAU DRIVE,,Non-Injury Crash,No,2023,,West,,0,,Flat,,,,,,Overcast,711709,0,0,0,2,,,0,,,,,,Auckland Region,Nil,1-way,Sealed,,0,0,,50,,Off,0,0,,76,Auckland,Traffic Signals,,,,,1,0,Urban,0,,,Fine,Null
1755894.1744,5922890.1733,740590,,509800,0,,0,0,,North,2023/2024,NORTHERN MOTORWAY,TOP OF HARBOUR BRIDGE,,Serious Crash,Yes,2024,,South,,0,,Hill Road,,,,,,Bright sun,359300,0,0,1,4,,,0,,,,,,Auckland Region,Bridge,1-way,Sealed,,0,1,,80,,Off,0,0,,76,Auckland,Nil,,,,,1,0,Open,1,,,Fine,Null
1739807.3864,5977365.1724,740613,,506660,0,0,0,1,0,South,2022/2023,SH 1,HOTEO RIV BR,,Non-Injury Crash,Yes,2023,0,North,0,0,0,Flat,1,,0,,0,Bright sun,136700,0,0,0,2,0,0,0,0,0,,0,0,Auckland Region,Nil,2-way,Sealed,0,0,0,0,80,0,None,0,0,,76,Auckland,Nil,0,0,0,0,0,0,Open,0,0,0,Fine,Null
1756645.9329,5918886.5477,740621,,514200,0,,0,1,,Null,2023/2024,NEWTON ROAD,FRANCE STREET SOUTH,,Minor Crash,No,2023,,East,,0,,Hill Road,,,,,,Bright sun,412800,1,0,1,4,,,0,,,,,,Auckland Region,Nil,2-way,Sealed,,0,0,,50,,Off,0,1,,76,Auckland,Give way,,,,,0,0,Urban,0,,,Fine,Null
1751738.6388,5917103.9282,740645,,514900,0,0,0,2,0,South,2023/2024,SH 20,GT NORTH OBR,,Minor Crash,Yes,2024,0,South,0,0,0,Flat,1,,0,,0,Overcast,384701,1,0,0,3,0,0,0,0,0,,0,0,Auckland Region,Tunnel,1-way,Sealed,0,0,0,0,80,0,Off,0,0,,76,Auckland,Nil,0,0,0,0,0,0,Open,1,0,0,Fine,Null
1770472.6403,5911285.6117,740678,,523106,0,,0,1,,Null,2023/2024,TI RAKAU DRIVE,TI RAKAU DRIVE,,Non-Injury Crash,No,2024,,East,,0,,Flat,,,,,,Dark,711174,0,0,0,8,,,0,,,,,,Auckland Region,Nil,2-way,Sealed,,0,0,,50,,On,1,0,,76,Auckland,Traffic Signals,,,,,0,0,Urban,0,,,Fine,Null
1741824.3604,5917539.165,740685,,513102,0,0,0,1,0,South,2023/2024,CANDIA ROAD,COULTER ROAD,,Minor Crash,No,2024,0,North,0,0,1,Hill Road,0,,0,,0,Overcast,238600,2,0,0,2,0,1,0,0,0,,0,0,Auckland Region,Nil,2-way,Sealed,0,0,0,0,70,0,Off,0,0,,76,Auckland,Nil,0,0,0,0,0,0,Urban,0,0,0,Light rain,Null
1747216.1718,5920581.4538,740693,,512300,0,0,0,1,1,Null,2022/2023,TE ATATU ROAD,GLORIA AVENUE,,Non-Injury Crash,No,2023,0,North,0,0,0,Flat,0,,0,,0,Overcast,252000,0,0,0,4,0,0,0,0,0,,0,1,Auckland Region,Nil,2-way,Sealed,0,0,0,0,50,0,Off,0,0,,76,Auckland,Give way,0,0,0,0,0,0,Urban,0,0,0,Fine,Null
1756087.1543,5923623.0277,740709,,509800,0,,0,2,,North,2023/2024,NORTHERN MOTORWAY,HARBOUR BR N,,Non-Injury Crash,Yes,2024,,South,,0,,Flat,,,,,,Dark,359100,0,0,0,5,,,0,,,,,,Auckland Region,Bridge,1-way,Sealed,,0,0,,80,,On,0,0,70,76,Auckland,Nil,,,,,0,0,Open,0,,,Fine,Null
1759352.9924,5911778.8016,740726,,519820,0,0,0,1,0,East,2022/2023,NEILSON STREET,GALWAY STREET,,Non-Injury Crash,No,2023,0,East,0,0,1,Flat,0,,0,,0,Overcast,602401,0,0,0,4,0,0,0,0,0,,0,0,Auckland Region,Nil,2-way,Sealed,0,0,0,0,50,0,Off,0,0,,76,Auckland,Nil,0,0,0,0,0,0,Urban,0,0,0,Light rain,Null
1770616.8939,5904363.2699,740733,,523818,0,0,0,1,0,South,2023/2024,REDOUBT ROAD,MURPHYS ROAD,,Non-Injury Crash,No,2024,0,North,0,0,0,Flat,0,,0,,0,Dark,760400,0,0,0,2,0,0,0,0,0,,0,1,Auckland Region,Nil,2-way,Sealed,0,0,0,0,60,0,Off,0,0,,76,Auckland,Nil,0,0,0,0,0,0,Urban,0,0,0,Light rain,Strong wind
1758571.962,5911667.7411,740757,,519810,0,0,0,2,1,South,2022/2023,SOUTH-WESTERN MOTORWAY,NEILSON STREET OFF RAMP,,Non-Injury Crash,Yes,2023,0,South,0,0,0,Flat,0,,0,,0,Bright sun,602501,0,0,0,3,0,0,0,0,0,,0,0,Auckland Region,Nil,1-way,Sealed,0,0,0,0,100,0,Off,0,0,,76,Auckland,Nil,0,0,0,0,0,0,Open,0,0,0,Fine,Null
1767239.4148,5901303.7612,740765,,524720,0,,0,1,,Null,2023/2024,RUSSELL ROAD,SWALLOW DRIVE,,Serious Crash,No,2024,,North,,0,,Flat,,,,,,Bright sun,777502,0,0,0,2,,,0,,,,,,Auckland Region,Nil,2-way,Sealed,,0,1,,50,,Off,0,0,,76,Auckland,Give way,,,,,0,1,Urban,0,,,Fine,Null
1759126.8848,5909058.9961,740772,,524002,0,0,0,2,0,West,2022/2023,MOUNTAIN ROAD,KAMAKA ROAD,,Minor Crash,No,2023,0,East,0,0,0,Hill Road,0,,0,,0,Dark,724000,1,0,0,2,0,0,0,0,1,,0,0,Auckland Region,Nil,2-way,Sealed,0,0,0,0,50,0,On,0,0,,76,Auckland,Nil,0,0,0,0,0,0,Urban,0,0,0,Heavy rain,Null
1765663.251,5908457.2273,740773,,523402,0,0,0,1,0,South,2023/2024,SOUTHERN MOTORWAY,HIGHBROOK DRIVE ON RAMP,,Serious Crash,Yes,2024,0,South,0,0,0,Flat,2,,0,,0,Bright sun,697000,0,0,1,4,0,0,0,0,0,,0,0,Auckland Region,Motorway ramp,1-way,Sealed,0,0,1,0,100,0,Off,0,0,,76,Auckland,Nil,0,0,0,0,0,0,Open,1,0,0,Fine,Null
1754576.2628,5917037.5104,740774,,517701,0,,0,1,,Null,2023/2024,BOURNEMOUTH AVENUE,MORNINGSIDE DRIVE,,Minor Crash,No,2024,,West,,0,,Flat,,,,,,Overcast,536000,1,0,0,2,,,0,,,1,,,Auckland Region,Nil,2-way,Sealed,,0,0,,50,,Off,0,0,,76,Auckland,Give way,,,,,0,0,Urban,0,,,Fine,Null
1767353.3045,5904037.3753,740789,,524602,0,,1,0,,South,2023/2024,BARROWCLIFFE PLACE,MANUKAU STATION ROAD,,Non-Injury Crash,No,2023,,South,,0,,Flat,,,,,,Bright sun,780416,0,0,0,2,,,0,,,,,,Auckland Region,Nil,2-way,Sealed,,0,0,,50,,Off,1,0,20,76,Auckland,Stop,,,,,0,0,Urban,0,,,Fine,Null
1751584.3709,5931951.7933,740798,,508807,0,,0,1,,South,2023/2024,WILLIAM PICKERING DRIVE,LOVELL COURT,,Non-Injury Crash,No,2024,,North,,0,,Flat,,,,,,Bright sun,180301,0,0,0,2,,,0,,,,,,Auckland Region,Nil,2-way,Sealed,,0,0,,50,,Off,0,0,,76,Auckland,Nil,,,,,0,0,Urban,1,,,Fine,Null
1760937.5578,5913100.9766,740806,,519500,0,,0,2,,East,2023/2024,STATION ROAD,ROCKFIELD ROAD,,Non-Injury Crash,No,2023,,West,,0,,Flat,,,,,,Bright sun,621100,0,0,0,2,,,0,,,,,,Auckland Region,Nil,2-way,Sealed,,0,0,,50,,Off,0,0,,76,Auckland,Nil,,,,,0,0,Urban,0,,,Fine,Null
1746984.7689,5919103.6309,740813,,512402,0,,0,1,,Null,2023/2024,TE ATATU ROAD,VERA ROAD,,Non-Injury Crash,No,2023,,South,,0,,Flat,,,,,,Twilight,254400,0,0,0,4,,,0,,,,,,Auckland Region,Nil,2-way,Sealed,,0,0,,50,,Off,0,0,,76,Auckland,Traffic Signals,,,,,0,0,Urban,1,,,Fine,Null
1772125.4976,5895727.1711,740822,,525540,0,,0,2,,East,2023/2024,RAY SMALL DRIVE,ASHDOWN PLACE,,Minor Crash,No,2024,,West,,0,,Flat,,,,,,Dark,805705,1,0,0,2,,,0,,,,,,Auckland Region,Nil,2-way,Sealed,,0,0,,50,,On,0,0,,76,Auckland,Nil,,,,,0,0,Urban,0,,,Fine,Null
1766204.6461,5916511.1721,740837,,517100,0,,0,2,,Null,2023/2024,PT ENGLAND ROAD,ELSTREE AVENUE,,Non-Injury Crash,No,2023,,South,,0,,Flat,,,,,,Dark,478300,0,0,0,2,,,0,,,,,,Auckland Region,Nil,2-way,Sealed,,0,0,,50,,On,0,0,,76,Auckland,Give way,,,,,0,0,Urban,0,,,Light rain,Null
1763133.0961,5912853.3627,740854,,520500,0,,0,1,,West,2023/2024,SOUTHERN MOTORWAY,SH1 OBR,,Non-Injury Crash,Yes,2023,,West,,0,,Flat,,,,,,Overcast,637300,0,0,0,3,,,0,,,,,,Auckland Region,Nil,1-way,Sealed,,0,0,,100,,Off,0,0,,76,Auckland,Nil,,,,,1,0,Open,0,,,Fine,Null
1763247.231,5911882.6972,740861,,520500,0,,0,1,,East,2023/2024,SYLVIA PARK ROAD,GREAT SOUTH ROAD,,Non-Injury Crash,No,2023,,West,,0,,Flat,,,,,,Bright sun,637300,0,0,0,3,,,0,,,,,,Auckland Region,Nil,2-way,Sealed,,0,0,,50,,Off,0,0,,76,Auckland,Nil,,,,,0,0,Urban,1,,,Fine,Null
1753264.8024,5933046.0616,740870,,508807,0,0,0,1,0,Null,2023/2024,TAWA DRIVE,GREVILLE ROAD OFF RAMP,,Non-Injury Crash,No,2023,0,North,0,0,0,Flat,1,,0,,0,Overcast,180811,0,0,0,3,0,0,0,0,0,,0,0,Auckland Region,Motorway ramp,1-way,Sealed,0,0,0,0,50,0,Off,0,0,,76,Auckland,Traffic Signals,0,0,0,0,0,0,Urban,0,0,0,Fine,Null
1755456.7842,5932366.5565,740878,,508805,0,,0,0,,South,2023/2024,EAST COAST ROAD,AMANTE CRESCENT,,Minor Crash,No,2024,,South,,0,,Flat,,,,,,Overcast,151101,1,0,0,4,,,0,,,,,,Auckland Region,Nil,2-way,Sealed,,0,0,,50,,Off,2,0,,76,Auckland,Nil,,,,,0,0,Urban,0,,,Light rain,Null
1777181.2821,5879839.5005,740884,,521160,0,,0,2,,North,2023/2024,GREAT SOUTH ROAD,RIDGE ROAD ON RAMP,,Non-Injury Crash,Yes,2023,,North,,0,,Hill Road,,,,,,Bright sun,828204,0,0,0,3,,,0,,,,,,Auckland Region,Nil,1-way,Sealed,,0,0,,100,,Off,0,0,,76,Auckland,Nil,,,,,0,0,Open,0,,,Fine,Null
1759639.1936,5916282.293,740885,,516002,0,0,0,2,0,South,2022/2023,SOUTHERN MOTORWAY,OMAHU OBR,,Non-Injury Crash,Yes,2023,0,South,0,0,0,Flat,2,,0,,0,Dark,492000,0,0,0,4,0,0,0,0,0,,0,0,Auckland Region,Nil,1-way,Sealed,0,0,0,0,100,0,On,0,0,,76,Auckland,Nil,0,0,0,0,0,0,Open,0,0,0,Fine,Null
1759134.5017,5916562.2278,740900,,519200,0,0,0,1,0,North,2023/2024,GREAT SOUTH ROAD,PATEY STREET,,Non-Injury Crash,No,2023,0,North,0,0,0,Flat,0,,0,,0,Dark,615000,0,0,0,2,0,0,0,0,0,,1,1,Auckland Region,Nil,2-way,Sealed,0,0,0,0,50,0,On,0,0,,76,Auckland,Nil,0,0,0,0,0,0,Urban,0,0,0,Fine,Null
1764685.9282,5911570.2297,740910,,520500,0,0,0,1,0,South,2023/2024,SOUTHERN MOTORWAY,PANAMA OBR,,Non-Injury Crash,Yes,2023,0,North,0,0,0,Hill Road,0,,0,,0,Dark,636200,0,0,0,3,0,0,0,0,0,,0,0,Auckland Region,Nil,1-way,Sealed,0,0,0,0,100,0,On,0,0,,76,Auckland,Nil,0,0,0,1,0,0,Open,0,0,0,Fine,Null
1757732.6292,5918244.2663,740934,,518101,0,,0,2,,North,2023/2024,SOUTHERN MOTORWAY,MOUNTAIN OBR,,Non-Injury Crash,Yes,2024,,North,,0,,Flat,,,,,,Bright sun,543000,0,0,0,4,,,0,,,,,,Auckland Region,Overpass,1-way,Sealed,,0,0,,80,,Off,0,0,,76,Auckland,Nil,,,,,0,0,Open,0,,,Fine,Null
1755865.7732,5916993.1856,740950,,518201,0,,0,1,,West,2023/2024,KING EDWARD STREET,DOMINION ROAD,,Non-Injury Crash,No,2023,,North,,0,,Flat,,,,,,Bright sun,549000,0,0,0,2,,,0,,,1,,,Auckland Region,Speed hump,2-way,Sealed,,0,0,,50,,Off,0,0,,76,Auckland,Nil,,,,,0,0,Urban,0,,,Fine,Null
1759993.028,5915833.0385,740981,,516003,1,,0,1,,Null,2023/2024,GREEN LANE EAST,NOLAN ROAD,,Minor Crash,No,2024,,South,,0,,Flat,,,,,,Overcast,495200,1,0,0,2,,,0,,,,,,Auckland Region,Nil,2-way,Sealed,,0,0,,50,,Off,0,0,,76,Auckland,Nil,,,,,0,0,Urban,0,,,Fine,Null
1756525.9146,5926938.1364,740990,,507900,0,,0,3,,North,2023/2024,NORTHERN MOTORWAY,NORTHCOTE ROAD ON RAMP,,Minor Crash,Yes,2024,,South,,0,,Hill Road,,,,,,Overcast,303502,1,0,0,4,,,0,,,,,,Auckland Region,Nil,1-way,Sealed,,0,0,,100,,Off,0,0,,76,Auckland,Nil,,,,,0,0,Open,0,,,Fine,Null
1755079.3014,5927714.9786,740996,,508620,0,,0,1,,Null,2023/2024,OFF ROAD,,,Minor Crash,No,2023,,West,,0,,Flat,,,,,,Overcast,202700,1,0,1,,,,0,,,,,,Auckland Region,Nil,Off road,Sealed,,0,0,,,,Off,0,0,,76,Auckland,Nil,,,,,0,0,Urban,0,,,Light rain,Null
1754132.3631,5931324.54,741005,,508805,0,0,0,1,0,South,2022/2023,NORTHERN MOTORWAY,CONSTELLATION UNDERPASS,,Non-Injury Crash,Yes,2023,0,Null,0,0,0,Hill Road,1,,0,,0,Overcast,180826,0,0,0,2,0,0,0,0,0,,0,0,Auckland Region,Nil,1-way,Sealed,0,0,0,0,100,0,Off,0,0,,76,Auckland,Nil,0,0,0,0,0,0,Open,0,0,0,Light rain,Null
1772974.5674,5897149.2465,741006,,525630,0,0,0,0,1,Null,2023/2024,OLD WAIROA ROAD,RENWICK STREET,,Non-Injury Crash,No,2023,0,East,0,0,0,Flat,0,,0,,0,Bright sun,794200,0,0,1,2,0,0,0,0,0,,0,0,Auckland Region,Nil,2-way,Sealed,0,0,0,0,50,0,Off,0,0,,76,Auckland,Stop,0,0,0,0,0,0,Urban,0,0,0,Fine,Null
1753581.4254,5913134.8975,741022,,518901,0,0,0,1,0,North,2023/2024,WHITE SWAN ROAD,PASCOE STREET,,Non-Injury Crash,No,2024,0,South,0,0,0,Hill Road,0,,0,,0,Twilight,585200,0,0,0,2,0,0,0,0,0,,0,1,Auckland Region,Nil,2-way,Sealed,0,0,0,0,50,0,Off,0,0,,76,Auckland,Nil,0,0,0,0,0,0,Urban,0,0,0,Fine,Null