X,Y,OBJECTID,advisorySpeed,areaUnitID,bicycle,bridge,bus,carStationWagon,cliffBank,crashDirectionDescription,crashFinancialYear,crashLocation1,crashLocation2,crashRoadSideRoad,crashSeverity,crashSHDescription,crashYear,debris,directionRoleDescription,ditch,fatalCount,fence,flatHill,guardRail,holiday,houseOrBuilding,intersection,kerb,light,meshblockId,minorInjuryCount,moped,motorcycle,NumberOfLanes,objectThrownOrDropped,otherObject,otherVehicleType,overBank,parkedVehicle,pedestrian,phoneBoxEtc,postOrPole,region,roadCharacter,roadLane,roadSurface,roadworks,schoolBus,seriousInjuryCount,slipOrFlood,speedLimit,strayAnimal,streetLight,suv,taxi,temporarySpeedLimit,tlaId,tlaName,trafficControl,trafficIsland,trafficSign,train,tree,truck,unknownVehicleType,urban,vanOrUtility,vehicle,waterRiver,weatherA,weatherB
1745929.418,5920117.6309,741028,,513301,0,0,0,2,0,North,2022/2023,CENTRAL PARK DRIVE,PARAMOUNT DRIVE,,Minor Crash,No,2023,0,South,0,0,0,Flat,0,,0,,0,Overcast,230302,1,0,0,2,0,0,0,0,1,,0,0,Auckland Region,Nil,1-way,Sealed,0,0,0,0,50,0,Off,0,0,,76,Auckland,Nil,0,0,0,0,0,0,Urban,0,0,0,Light rain,Null
1768655.099,5882854.2511,741030,,525910,0,0,0,1,0,South,2023/2024,PAERATA ROAD,LOUGH BOURNE DRIVE,,Minor Crash,No,2024,0,North,0,0,1,Hill Road,0,,0,,0,Dark,826603,1,0,0,2,0,0,0,0,0,,0,0,Auckland Region,Nil,2-way,Sealed,0,0,0,0,50,0,On,0,0,,76,Auckland,Nil,0,0,0,0,0,0,Urban,0,0,0,Fine,Null
1762517.5373,5906615.8262,741052,15,524302,0,0,0,1,0,Null,2022/2023,WINTHROP WAY,RAGLAN STREET,,Non-Injury Crash,No,2023,0,East,0,0,0,Flat,0,,1,,0,Bright sun,744000,0,0,0,2,0,0,0,0,0,,0,0,Auckland Region,Nil,2-way,Sealed,0,0,0,0,50,0,Off,0,0,,76,Auckland,Nil,0,0,0,0,0,0,Urban,0,0,0,Fine,Null
1768401.2063,5879329.414,741053,,525921,0,0,0,1,0,East,2023/2024,KITCHENER ROAD,WELLINGTON STREET,,Non-Injury Crash,No,2023,0,East,0,0,0,Hill Road,0,,0,,1,Overcast,822405,0,0,0,2,0,0,0,0,1,,0,0,Auckland Region,Nil,2-way,Sealed,0,0,0,0,50,0,Off,0,0,,76,Auckland,Nil,0,0,0,0,0,0,Urban,1,0,0,Fine,Null
1768976.4735,5902619.0379,741054,,524901,0,,0,3,,South,2023/2024,SOUTHERN MOTORWAY,PUHINUI STM BR,,Non-Injury Crash,Yes,2023,,North,,0,,Flat,,,,,,Bright sun,755000,0,0,0,3,,,0,,,,,,Auckland Region,Nil,1-way,Sealed,,0,0,,100,,Off,0,0,,76,Auckland,Nil,,,,,0,0,Open,0,,,Fine,Null
1752735.3558,5927996.387,741062,,508210,0,0,0,1,0,North,2022/2023,KAIPATIKI ROAD,STANLEY ROAD,,Non-Injury Crash,No,2023,0,South,0,0,0,Flat,0,Queens Birthday,0,,0,Twilight,186600,0,0,0,1,0,0,0,0,0,,0,0,Auckland Region,Nil,1-way,Sealed,1,0,0,0,50,0,On,0,0,30,76,Auckland,Nil,0,0,0,0,0,0,Urban,0,0,0,Mist or Fog,Null
1756279.273,5919461.8351,741084,,514000,0,0,0,4,0,Null,2022/2023,HOPETOUN STREET,HEREFORD STREET,,Minor Crash,No,2023,0,East,0,0,0,Flat,0,,0,,0,Dark,413900,1,0,0,2,0,0,0,0,3,,0,0,Auckland Region,Nil,2-way,Sealed,0,0,0,0,50,0,On,0,0,,76,Auckland,Stop,0,0,0,0,0,0,Urban,0,0,0,Fine,Null
1763332.3406,5913561.49,741085,,520402,0,0,0,2,0,East,2023/2024,HAMLIN ROAD,RUAWAI ROAD,,Non-Injury Crash,No,2024,0,East,0,0,0,Flat,0,,0,,0,Bright sun,641300,0,0,0,2,0,0,0,0,1,,0,0,Auckland Region,Nil,2-way,Sealed,0,0,0,0,50,0,Off,0,0,,76,Auckland,Nil,0,0,0,1,0,0,Urban,0,0,0,Fine,Null
1749748.619,5913784.0564,741101,,511303,0,,0,4,,Null,2024/2025,CLARK STREET,CAMBRIDGE LANE,,Minor Crash,No,2024,,South,,0,,Flat,,,,,,Dark,264901,2,0,0,4,,,0,,,,,,Auckland Region,Bridge,2-way,Sealed,,0,0,,50,,On,0,0,,76,Auckland,Traffic Signals,,,,,0,0,Urban,0,,,Fine,Null
1765653.0893,5906848.2992,741110,,522202,0,0,0,1,0,South,2024/2025,GREAT SOUTH ROAD,CHARLES STREET,,Minor Crash,No,2024,0,North,0,0,0,Flat,0,,0,,0,Bright sun,663500,1,0,0,4,0,0,0,0,1,1,0,0,Auckland Region,Nil,2-way,Sealed,0,0,0,0,50,0,Off,0,0,,76,Auckland,Nil,0,0,0,0,1,0,Urban,0,0,0,Fine,Null
1768121.9742,5908483.88,741149,,523502,1,,0,0,,West,2022/2023,CLARKSON CRESCENT,TATE PLACE,,Non-Injury Crash,No,2023,,West,,0,,Flat,,,,,,Bright sun,703400,0,0,0,2,,,0,,,,,,Auckland Region,Nil,2-way,Sealed,,0,0,,50,,Off,0,0,,76,Auckland,Nil,,,,,0,0,Urban,0,,,Fine,Null
1742681.4661,5926556.0933,741150,,513410,0,,0,2,,Null,2023/2024,BRIGHAM CREEK ROAD,BRIGHAM CREEK ROAD,,Serious Crash,No,2024,,East,,0,,Flat,,,,,,Overcast,220000,1,0,0,2,,,0,,,,,,Auckland Region,Nil,2-way,Sealed,,0,1,,60,,Off,0,0,,76,Auckland,Nil,,,,,0,0,Urban,1,,,Fine,Null
1756462.7853,5917590.1139,741157,,518102,0,,0,1,,Null,2024/2025,BELLEVUE ROAD,HOROEKA AVENUE,,Minor Crash,No,2024,,East,,0,,Flat,,,,,,Bright sun,545200,2,0,0,2,,,0,,,2,,,Auckland Region,Nil,2-way,Sealed,,0,0,,50,,Off,0,0,,76,Auckland,Give way,,,,,0,0,Urban,0,,,Fine,Null
1763288.9425,5886391.4021,741164,,521122,0,0,0,1,0,East,2022/2023,GLENBROOK ROAD,BATTY ROAD,,Minor Crash,No,2023,0,East,0,0,1,Flat,0,Christmas New Year,0,,0,Dark,809900,1,0,0,2,0,0,0,0,0,,0,0,Auckland Region,Nil,2-way,Sealed,0,0,0,0,80,0,None,0,0,,76,Auckland,Nil,0,0,0,0,0,0,Open,1,0,0,Fine,Null
1756823.4885,5919810.2325,741166,,514102,0,0,0,0,0,North,2024/2025,VINCENT STREET,PITT STREET,,Serious Crash,No,2024,0,South,0,0,0,Flat,0,,0,,0,Overcast,435100,2,0,0,4,0,1,0,0,0,,0,0,Auckland Region,Nil,2-way,Sealed,0,0,1,0,30,0,Off,0,0,,76,Auckland,Nil,0,0,0,0,0,0,Urban,1,0,0,Fine,Null
1764338.712,5912277.1876,741182,,520500,0,,0,2,,North,2023/2024,SOUTHERN MOTORWAY,MOUNT WELLINGTON HWY OFF RAMP,,Non-Injury Crash,Yes,2024,,West,,0,,Hill Road,,,,,,Bright sun,639500,0,0,0,3,,,0,,,,,,Auckland Region,Nil,1-way,Sealed,,0,0,,100,,Off,0,0,,76,Auckland,Nil,,,,,0,0,Open,0,,,Fine,Null
1767302.4632,5904469.361,741205,,524604,0,0,0,1,0,East,2023/2024,AMERSHAM WAY,OSTERLEY WAY,,Non-Injury Crash,No,2024,0,West,0,0,0,Flat,1,,0,,1,Twilight,780204,0,0,0,2,0,0,0,0,0,,0,0,Auckland Region,Speed hump,2-way,Sealed,0,0,0,0,30,0,On,0,0,,76,Auckland,Nil,0,0,0,0,0,0,Urban,0,0,0,Heavy rain,Null
1768872.4116,5905045.6398,741222,,523722,0,,0,2,,Null,2022/2023,ASPIRING AVENUE,RAKAIA RISE,,Non-Injury Crash,No,2023,,West,,0,,Null,,,,,,Unknown,716012,0,0,0,2,,,0,,,,,,Auckland Region,Nil,2-way,Sealed,,0,0,,50,,Null,0,0,,76,Auckland,Give way,,,,,0,0,Urban,0,,,Null,Null
1770728.6106,5898555.363,741229,,523920,0,,0,2,,South,2022/2023,GREAT SOUTH ROAD,TAKA STREET,,Non-Injury Crash,No,2023,,North,,0,,Flat,,,,,,Overcast,767503,0,0,0,2,,,0,,,,,,Auckland Region,Nil,2-way,Sealed,,0,0,,50,,Off,0,0,,76,Auckland,Nil,,,,,0,0,Urban,0,,,Light rain,Null
1748005.5389,5879672.5718,741230,,521151,0,0,0,3,0,West,2024/2025,CREAMERY ROAD,KEOGH ROAD,,Minor Crash,No,2024,0,East,0,0,0,Flat,0,,1,,0,Bright sun,830800,2,0,0,2,0,0,0,0,1,,0,0,Auckland Region,Nil,2-way,Sealed,0,0,0,0,100,0,None,0,0,,76,Auckland,Nil,0,0,0,0,0,0,Open,1,0,0,Fine,Null
1767896.0473,5903924.8535,741260,,524602,0,,0,2,,East,2022/2023,SOUTH-WESTERN MOTORWAY,GREAT SOUTH OBR,,Minor Crash,Yes,2023,,East,,0,,Flat,,,,,,Dark,780506,1,0,0,2,,,0,,,,,,Auckland Region,Nil,1-way,Sealed,,0,0,,100,,On,0,0,,76,Auckland,Nil,,,,,0,0,Open,0,,,Fine,Null
1757373.8628,5918784.8192,741262,65,514302,0,,0,1,,South,2023/2024,SOUTHERN TO PORT LINK,SYMONDS STREET OFF RAMP,,Non-Injury Crash,Yes,2023,,North,,0,,Hill Road,,,,,,Bright sun,441700,0,0,0,8,,,0,,,,,,Auckland Region,Motorway ramp,2-way,Sealed,,0,0,,100,,Off,0,0,,76,Auckland,Nil,,,,,1,0,Open,1,,,Fine,Null
1730734.4374,5907484.0597,741270,,513800,0,,0,1,,West,2023/2024,LOG RACE ROAD,TE AHUAHU ROAD,,Minor Crash,No,2023,,East,,0,,Flat,,,,,,Bright sun,282017,1,0,0,1,,,0,,,,,,Auckland Region,Nil,1-way,Unsealed,,0,0,,50,,Off,0,0,20,76,Auckland,Nil,,,,,0,0,Urban,0,,,Fine,Null
1777917.4521,5911641.5574,741277,,523202,0,,0,1,,Null,2023/2024,WHITFORD MARAETAI ROAD,WAIKOPUA ROAD,,Minor Crash,No,2024,,West,,0,,Flat,,,,,,Bright sun,718300,2,0,1,2,,,0,,,,,,Auckland Region,Nil,2-way,Sealed,,0,0,,80,,Off,0,0,,76,Auckland,Give way,,,,,0,0,Open,0,,,Fine,Null
1757137.2021,5919141.3268,741278,,514301,0,0,0,2,0,North,2023/2024,SOUTHERN MOTORWAY,SYMONDS STREET ON RAMP,,Non-Injury Crash,Yes,2023,0,South,0,0,0,Flat,0,,0,,0,Dark,441200,0,0,0,4,0,2,0,0,0,,0,0,Auckland Region,Nil,1-way,Sealed,0,0,0,0,80,0,On,0,0,,76,Auckland,Nil,0,0,0,0,0,0,Open,0,0,0,Fine,Null
1751535.1248,5949785.7355,741293,,505805,0,,0,0,,Null,2023/2024,EDMUND HILLARY SQUARE,FLORENCE AVENUE,,Serious Crash,No,2024,,North,,0,,Flat,,,,,,Overcast,171500,0,0,0,1,,,0,,,1,,,Auckland Region,Nil,1-way,Sealed,,0,1,,50,,Off,0,0,,76,Auckland,Stop,,,,,0,0,Urban,1,,,Light rain,Null
1769907.8423,5900989.2927,741301,,523816,0,0,0,1,0,South,2023/2024,SOUTHERN MOTORWAY,ALFRISTON OBR,,Minor Crash,Yes,2024,0,South,0,0,0,Hill Road,1,,0,,0,Dark,759724,2,0,0,3,0,0,0,0,0,,0,0,Auckland Region,Nil,1-way,Sealed,0,0,0,0,100,0,On,0,0,,76,Auckland,Nil,0,0,0,0,0,0,Open,1,0,0,Fine,Null
1758374.0882,5904574.5821,741309,,524200,0,0,0,1,0,West,2023/2024,LANDING DRIVE,MAURICE WILSON AVENUE,,Non-Injury Crash,No,2023,0,South,0,0,0,Flat,0,,0,,0,Overcast,727000,0,0,0,2,0,0,0,0,0,,0,1,Auckland Region,Nil,1-way,Sealed,0,0,0,0,50,0,Off,0,0,,76,Auckland,Nil,0,0,0,0,0,0,Urban,0,0,0,Fine,Null
1751874.2963,5930870.3786,741348,,508806,0,0,0,2,0,Null,2022/2023,ALBANY HIGHWAY,SCHNAPPER ROCK ROAD,,Minor Crash,No,2023,0,North,0,0,0,Hill Road,0,,0,,0,Bright sun,180106,1,0,0,2,0,0,0,0,0,,0,0,Auckland Region,Nil,1-way,Sealed,0,0,0,0,50,0,Off,0,0,,76,Auckland,Traffic Signals,0,2,0,0,0,0,Urban,0,0,0,Fine,Null
1758333.9525,5918790.4443,741349,,517400,0,,0,1,,Null,2023/2024,GEORGE STREET,LITTLE GEORGE STREET,,Non-Injury Crash,No,2023,,South,,0,,Hill Road,,,,,,Overcast,450400,0,0,0,2,,,0,,,,,,Auckland Region,Speed hump,2-way,Sealed,,0,0,,50,,Off,0,0,,76,Auckland,Nil,,,,,0,0,Urban,1,,,Fine,Null
1757026.2567,5914483.7613,741350,,518600,0,0,0,2,0,South,2023/2024,ST ANDREWS ROAD,SELWYN ROAD,,Non-Injury Crash,No,2023,0,North,0,0,0,Hill Road,0,,0,,0,Dark,564100,0,0,0,2,0,0,0,0,1,,0,0,Auckland Region,Nil,2-way,Sealed,0,0,0,0,50,0,On,0,0,,76,Auckland,Nil,0,0,0,0,0,0,Urban,0,0,0,Fine,Null
1756220.77,5918853.1324,741364,,515500,0,,0,0,,North,2022/2023,NORTH-WESTERN MOTORWAY,WAIMA FTBR,,Minor Crash,Yes,2023,,North,,0,,Flat,,,,,,Overcast,417700,1,0,0,2,,,0,,,,,,Auckland Region,Nil,1-way,Sealed,,0,0,,80,,On,1,0,,76,Auckland,Nil,,,,,0,0,Open,1,,,Heavy rain,Strong wind
1773035.1575,5895830.7281,741365,,525410,0,0,0,1,0,South,2023/2024,KING EDWARD AVENUE,CHAPEL STREET,,Non-Injury Crash,No,2023,0,North,0,0,0,Flat,0,Christmas New Year,0,,0,Overcast,793301,0,0,0,2,0,0,0,0,0,,0,1,Auckland Region,Nil,2-way,Sealed,0,0,0,0,50,0,Off,0,0,,76,Auckland,Nil,0,0,0,0,0,0,Urban,0,0,0,Light rain,Null
1760432.6371,5915186.4923,741366,,519400,0,0,0,1,0,North,2023/2024,GREAT SOUTH ROAD,GARLAND ROAD,,Non-Injury Crash,No,2023,0,South,0,0,0,Flat,0,,0,,0,Overcast,617400,0,0,0,4,0,0,0,0,1,,0,0,Auckland Region,Nil,2-way,Sealed,0,0,0,0,50,0,Off,0,0,,76,Auckland,Nil,0,0,0,0,1,0,Urban,0,0,0,Mist or Fog,Null
1750224.5412,5946356.1839,741380,,505806,0,,0,0,,Null,2022/2023,HIBISCUS COAST HIGHWAY,WAINUI ROAD,,Serious Crash,No,2023,,North,,0,,Hill Road,,,,,,Dark,176504,1,0,2,4,,,0,,,,,,Auckland Region,Nil,2-way,Sealed,,0,1,,60,,On,0,0,,76,Auckland,Give way,,,,,0,0,Urban,0,,,Light rain,Null
1748140.1615,5927407.9113,741382,,513410,0,,0,3,,East,2023/2024,UPPER HARBOUR MOTORWAY,SQUADRON DRIVE OFF RAMP,,Non-Injury Crash,Yes,2023,,West,,0,,Flat,,,,,,Twilight,221902,0,0,0,2,,,0,,,,,,Auckland Region,Nil,1-way,Sealed,,0,0,,100,,On,2,0,,76,Auckland,Nil,,,,,0,0,Open,0,,,Fine,Null
1755035.9089,5930276.7088,741389,,508520,0,,0,2,,North,2023/2024,NORTHERN MOTORWAY,SUNNYNOOK OBR,,Non-Injury Crash,Yes,2024,,South,,0,,Hill Road,,,,,,Bright sun,192700,0,0,0,2,,,0,,,,,,Auckland Region,Nil,1-way,Sealed,,0,0,,100,,Off,0,0,,76,Auckland,Nil,,,,,0,0,Open,0,,,Fine,Null
1755887.038,5933645.0089,741398,,507300,0,0,0,2,0,West,2022/2023,MONTANA AVENUE,LYONS AVENUE,,Non-Injury Crash,No,2023,0,East,0,0,1,Hill Road,0,,1,,0,Bright sun,155400,0,0,0,2,0,0,0,0,1,,0,0,Auckland Region,Nil,2-way,Sealed,0,0,0,0,50,0,Off,0,0,,76,Auckland,Nil,0,0,0,0,0,0,Urban,0,0,0,Fine,Null
1744312.335,5922926.2418,741405,,513511,0,,0,0,,North,2023/2024,NORTH-WESTERN MOTORWAY,ROYAL OBR,,Non-Injury Crash,Yes,2023,,North,,0,,Flat,,Christmas New Year,,,,Overcast,224303,0,0,0,2,,,0,,,,,,Auckland Region,Nil,1-way,Sealed,,0,0,,100,,Off,2,0,,76,Auckland,Nil,,,,,0,0,Open,0,,,Heavy rain,Strong wind
1761398.2763,5906798.1179,741413,,524112,0,,0,1,,North,2022/2023,SOUTH-WESTERN MOTORWAY,MASSEY ROAD OFF RAMP,,Minor Crash,Yes,2023,,South,,0,,Flat,,,,,,Bright sun,742201,1,0,0,2,,,0,,,,,,Auckland Region,Nil,1-way,Sealed,,0,0,,100,,Off,0,0,,76,Auckland,Nil,,,,,0,0,Open,1,,,Fine,Null
1757858.6823,5918143.0286,741414,,515700,0,,0,4,,North,2023/2024,SOUTHERN MOTORWAY,MAUNGAWHAU OBR,,Non-Injury Crash,Yes,2024,,South,,0,,Flat,,,,,,Overcast,443200,0,0,0,5,,,0,,,,,,Auckland Region,Nil,1-way,Sealed,,0,0,,80,,Off,0,0,,76,Auckland,Nil,,,,,1,0,Open,1,,,Fine,Null
1774410.4086,5897683.2996,741422,,525630,0,0,0,1,0,Null,2024/2025,OLD WAIROA ROAD,BRIGHTWELL STREET,,Minor Crash,No,2024,0,East,0,0,1,Flat,0,,0,,0,Overcast,796200,1,0,0,2,0,0,0,0,0,,0,1,Auckland Region,Nil,2-way,Sealed,0,0,0,0,50,0,Off,0,0,,76,Auckland,Nil,0,0,0,0,0,0,Urban,0,0,0,Fine,Null
1759932.0209,5906268.6342,741445,,524111,0,0,0,1,0,East,2022/2023,MASSEY ROAD,PLUMLEY CRESCENT,,Non-Injury Crash,No,2023,0,South,0,0,0,Flat,0,,0,,0,Bright sun,740300,0,0,0,2,0,0,0,0,0,,0,0,Auckland Region,Nil,2-way,Sealed,0,0,0,0,60,0,Off,0,0,,76,Auckland,Nil,1,1,0,0,0,0,Urban,0,0,0,Fine,Null
1751564.8541,5916556.9945,741446,,514900,0,,0,2,,South,2022/2023,GREAT NORTH ROAD,FAIRLANDS AVENUE,,Non-Injury Crash,No,2023,,South,,0,,Flat,,,,,,Overcast,384902,0,0,0,4,,,0,,,,,,Auckland Region,Nil,2-way,Sealed,,0,0,,50,,Off,0,0,,76,Auckland,Nil,,,,,0,0,Urban,0,,,Fine,Null
1747857.9577,5948364.5385,741478,55,506201,0,0,0,1,1,Null,2023/2024,WAINUI ROAD,UPPER OREWA ROAD,,Non-Injury Crash,No,2023,0,West,1,0,0,Flat,0,,0,,0,Dark,176603,0,0,0,2,0,0,0,0,0,,0,0,Auckland Region,Nil,2-way,Sealed,0,0,0,0,100,0,None,0,0,,76,Auckland,Give way,0,0,0,0,0,0,Open,0,0,0,Heavy rain,Null
1769320.5635,5881078.9904,741485,,525922,0,,0,2,,Null,2023/2024,MANUKAU ROAD,STADIUM DRIVE,,Non-Injury Crash,No,2024,,South,,0,,Flat,,,,,,Dark,823200,0,0,0,2,,,0,,,,,,Auckland Region,Nil,2-way,Sealed,,0,0,,50,,On,0,0,,76,Auckland,Give way,,,,,0,0,Urban,0,,,Light rain,Null
1758935.3025,5904638.3659,741486,,524200,0,0,0,1,0,Null,2023/2024,LANDING DRIVE,GEORGE BOLT MEMORIAL DRIVE,,Non-Injury Crash,No,2023,0,South,0,0,0,Flat,0,,0,,0,Twilight,727000,0,0,0,2,0,0,0,0,0,,0,1,Auckland Region,Nil,2-way,Sealed,0,0,0,0,60,0,On,0,0,50,76,Auckland,Traffic Signals,0,0,0,0,0,0,Urban,0,0,0,Light rain,Null
1773431.9597,5891941.7797,741493,,521301,0,,0,1,,North,2023/2024,GREAT SOUTH ROAD,NORRIE ROAD,,Non-Injury Crash,No,2024,,South,,0,,Flat,,,,,,Overcast,808701,0,0,0,2,,,0,,,,,,Auckland Region,Nil,2-way,Sealed,,0,0,,50,,On,0,0,,76,Auckland,Nil,,,,,1,0,Urban,0,,,Light rain,Null
1745677.4868,5915520.9597,741501,,511800,0,,0,4,,South,2023/2024,SUNNYSIDE ROAD,AWAROA ROAD,,Non-Injury Crash,No,2024,,South,,0,,Flat,,,,,,Bright sun,277600,0,0,0,2,,,0,,,,,,Auckland Region,Nil,2-way,Sealed,,0,0,,50,,Off,0,0,,76,Auckland,Nil,,,,,0,0,Urban,0,,,Fine,Null
1753395.4653,5932953.1237,741502,,508807,0,,0,1,,East,2023/2024,GREVILLE ROAD OFF RAMP,TAWA DRIVE,,Non-Injury Crash,No,2023,,North,,0,,Flat,,,,,,Overcast,180811,0,0,0,3,,,0,,,,,,Auckland Region,Motorway ramp,1-way,Sealed,,0,0,,100,,Off,1,0,,76,Auckland,Nil,,,,,0,0,Open,0,,,Fine,Null
1767096.0326,5901404.7127,741516,,524712,0,0,0,3,0,Null,2022/2023,RUSSELL ROAD,OXFORD ROAD,,Non-Injury Crash,No,2023,0,East,0,0,0,Flat,0,,0,,0,Dark,777202,0,0,0,1,0,0,0,0,1,,0,0,Auckland Region,Nil,2-way,Sealed,0,0,0,0,50,0,On,0,0,,76,Auckland,Give way,0,0,0,0,1,0,Urban,0,0,0,Fine,Null
1736889.2748,5901785.1377,741549,,513800,0,0,0,1,0,North,2023/2024,DONALD MCLEAN ROAD,WHATIPU ROAD,,Non-Injury Crash,No,2024,0,South,0,0,0,Hill Road,0,,0,,0,Overcast,303400,0,0,0,2,0,0,0,0,0,,0,0,Auckland Region,Nil,2-way,Unsealed,0,0,0,0,100,0,None,0,0,,76,Auckland,Nil,0,0,0,0,0,0,Open,0,0,0,Fine,Null
1756292.4435,5919000.323,741550,,515500,0,,0,2,,South,2023/2024,NEWTON ROAD OFF RAMP,NEWTON ROAD,,Minor Crash,No,2023,,North,,0,,Hill Road,,,,,,Bright sun,417600,1,0,0,2,,,0,,,,,,Auckland Region,Motorway ramp,1-way,Sealed,,0,0,,50,,Off,0,0,,76,Auckland,Nil,,,,,0,0,Urban,0,,,Fine,Null
1747063.786,5913841.686,741614,,511100,0,,0,3,,Null,2023/2024,WEST COAST ROAD,GLENDALE ROAD,,Non-Injury Crash,No,2023,,West,,0,,Flat,,,,,,Bright sun,286100,0,0,0,2,,,0,,,,,,Auckland Region,Nil,2-way,Sealed,,0,0,,50,,Off,0,0,,76,Auckland,Stop,,,,,0,0,Urban,0,,,Fine,Null
1763421.8516,5915393.6861,741637,,520302,0,0,0,2,0,Null,2023/2024,MARUA ROAD,HARRIS ROAD,,Non-Injury Crash,No,2023,0,East,0,0,0,Flat,0,,0,,0,Dark,625600,0,0,0,2,0,0,0,0,1,,0,0,Auckland Region,Nil,2-way,Sealed,0,0,0,0,50,0,On,0,0,,76,Auckland,Nil,0,0,0,0,0,0,Urban,0,0,0,Fine,Null
1765774.4825,5913004.3331,741646,,522920,0,0,0,1,0,South,2023/2024,MILLEN AVENUE,MILLEN UNDERPASS,,Non-Injury Crash,No,2023,0,North,0,0,0,Flat,0,,0,,0,Dark,683100,0,0,0,2,0,1,0,0,0,,0,0,Auckland Region,Nil,2-way,Sealed,0,0,0,0,50,0,On,0,0,,76,Auckland,Nil,0,0,0,0,0,0,Urban,0,0,0,Fine,Null
1749275.067,5943717.5049,741654,,506003,0,0,0,0,0,North,2023/2024,EAST COAST ROAD,SPUR ROAD,,Non-Injury Crash,No,2023,0,North,0,0,0,Hill Road,1,,0,,0,Dark,175702,0,0,0,2,0,0,0,0,0,,0,0,Auckland Region,Nil,2-way,Sealed,0,0,0,0,80,0,None,0,0,,76,Auckland,Nil,0,0,0,0,0,0,Open,1,0,0,Fine,Null
1751570.2965,5916572.2395,741661,,514900,0,0,0,1,1,South,2023/2024,GREAT NORTH ROAD,FAIRLANDS AVENUE,,Non-Injury Crash,No,2023,0,North,0,0,0,Flat,0,,0,,0,Overcast,384902,0,0,0,4,0,0,0,0,0,,1,0,Auckland Region,Nil,2-way,Sealed,0,0,0,0,50,0,Off,0,0,,76,Auckland,Nil,0,0,0,0,0,0,Urban,0,0,0,Fine,Null
1750287.7508,5918003.1078,741670,,514801,0,,0,1,,East,2023/2024,NORTH-WESTERN MOTORWAY,ROSEBANK ROAD OFF RAMP,,Non-Injury Crash,Yes,2023,,West,,0,,Flat,,,,,,Overcast,390401,0,0,0,5,,,0,,,,,,Auckland Region,Nil,1-way,Sealed,,0,0,,100,,Off,0,0,,76,Auckland,Nil,,,,,1,0,Open,0,,,Heavy rain,Strong wind
1759842.3339,5908786.7444,741677,,524403,0,,0,2,,North,2022/2023,SOUTH-WESTERN MOTORWAY,WALMSLEY OBR,,Non-Injury Crash,Yes,2023,,South,,0,,Flat,,,,,,Bright sun,729600,0,0,0,2,,,0,,,,,,Auckland Region,Overpass,1-way,Sealed,,0,0,,100,,Off,1,0,,76,Auckland,Nil,,,,,0,0,Open,0,,,Fine,Null
1743581.6935,5947690.396,741692,,506614,0,0,0,1,0,West,2023/2024,WAINUI ROAD,JOBLIN ROAD,,Minor Crash,No,2023,0,West,0,0,1,Hill Road,0,,0,,0,Twilight,177702,1,0,0,2,0,0,0,0,0,,0,0,Auckland Region,Nil,2-way,Sealed,0,0,0,0,100,0,None,0,0,30,76,Auckland,Nil,0,0,0,0,0,0,Open,0,0,0,Fine,Null
1768860.5866,5900889.0858,741694,,525001,1,0,0,0,0,North,2024/2025,GREAT SOUTH ROAD,WEYMOUTH ROAD,,Serious Crash,No,2024,0,South,0,0,0,Flat,0,,0,,0,Overcast,751600,0,0,0,2,0,0,0,0,1,,0,0,Auckland Region,Nil,2-way,Sealed,0,0,1,0,50,0,Off,0,0,,76,Auckland,Nil,0,0,0,0,0,0,Urban,0,0,0,Fine,Null
1754246.11,5928664.1259,741700,,508320,0,0,0,2,0,Null,2022/2023,WELDENE AVENUE,NORMANTON STREET,,Non-Injury Crash,No,2023,0,East,0,0,0,Hill Road,0,,0,,0,Bright sun,197700,0,0,0,2,0,0,0,0,1,,0,0,Auckland Region,Nil,2-way,Sealed,0,0,0,0,50,0,Off,0,0,,76,Auckland,Nil,0,0,0,0,0,0,Urban,0,0,0,Fine,Null
1760056.3009,5908194.2663,741701,,524121,0,,0,0,,South,2023/2024,SOUTH-WESTERN MOTORWAY,HALL FTBR,,Non-Injury Crash,Yes,2024,,North,,0,,Flat,,,,,,Bright sun,737103,0,0,0,2,,,0,,,,,,Auckland Region,Motorway ramp,1-way,Sealed,,0,0,,100,,Off,1,0,,76,Auckland,Nil,,,,,1,0,Open,0,,,Fine,Null
1747538.4003,5914664.3382,741709,,511100,0,0,0,2,0,South,2023/2024,GREAT NORTH ROAD,GLENVIEW ROAD,,Minor Crash,No,2024,0,South,0,0,0,Hill Road,0,,0,,0,Bright sun,284800,1,0,0,4,0,0,0,0,1,,0,0,Auckland Region,Nil,2-way,Sealed,0,0,0,0,50,0,Off,0,0,,76,Auckland,Nil,0,0,0,0,0,0,Urban,1,0,0,Fine,Null
1756155.8365,5913080.5589,741717,,518701,0,0,0,1,0,West,2023/2024,SOUTH-WESTERN MOTORWAY,HAYR OBR,,Minor Crash,Yes,2024,0,West,0,0,0,Flat,1,,0,,0,Overcast,569800,2,0,0,3,0,0,0,0,0,,0,0,Auckland Region,Nil,1-way,Sealed,0,0,0,0,100,0,Off,0,0,,76,Auckland,Nil,0,0,0,0,0,0,Open,0,0,0,Fine,Null