X,Y,OBJECTID,advisorySpeed,areaUnitID,bicycle,bridge,bus,carStationWagon,cliffBank,crashDirectionDescription,crashFinancialYear,crashLocation1,crashLocation2,crashRoadSideRoad,crashSeverity,crashSHDescription,crashYear,debris,directionRoleDescription,ditch,fatalCount,fence,flatHill,guardRail,holiday,houseOrBuilding,intersection,kerb,light,meshblockId,minorInjuryCount,moped,motorcycle,NumberOfLanes,objectThrownOrDropped,otherObject,otherVehicleType,overBank,parkedVehicle,pedestrian,phoneBoxEtc,postOrPole,region,roadCharacter,roadLane,roadSurface,roadworks,schoolBus,seriousInjuryCount,slipOrFlood,speedLimit,strayAnimal,streetLight,suv,taxi,temporarySpeedLimit,tlaId,tlaName,trafficControl,trafficIsland,trafficSign,train,tree,truck,unknownVehicleType,urban,vanOrUtility,vehicle,waterRiver,weatherA,weatherB
1766935.399,5908311.1064,741742,,523501,0,0,0,3,0,North,2023/2024,ALEXANDER CRESCENT,BLAIR PLACE,,Non-Injury Crash,No,2023,0,North,0,0,0,Flat,0,,0,,0,Twilight,700601,0,0,0,2,0,0,0,0,1,,0,0,Auckland Region,Nil,2-way,Sealed,0,0,0,0,50,0,On,0,0,,76,Auckland,Nil,0,0,0,0,0,0,Urban,0,0,0,Fine,Null
1767913.3349,5905018.3157,741757,,523722,0,0,0,1,0,Null,2024/2025,SIKKIM CRESCENT,JONTUE PLACE,,Minor Crash,No,2024,0,North,0,0,0,Flat,0,,0,,0,Dark,715802,1,0,0,2,0,0,0,0,0,,0,0,Auckland Region,Nil,2-way,Sealed,0,0,0,0,50,0,On,0,0,,76,Auckland,Nil,0,0,0,1,0,0,Urban,0,0,0,Fine,Null
1747317.6968,5910690.3162,741797,,512000,0,,0,1,,Null,2023/2024,TITIRANGI ROAD,ATKINSON ROAD,,Non-Injury Crash,No,2024,,West,,0,,Flat,,,,,,Bright sun,297100,0,0,0,2,,,0,,,,,,Auckland Region,Nil,1-way,Sealed,,0,0,,50,,Off,1,0,,76,Auckland,Give way,,,,,0,0,Urban,0,,,Fine,Null
1766123.4514,5913736.1099,741798,,522820,0,0,0,1,0,West,2023/2024,RIVERLEA AVENUE,TAMAKI BAY DRIVE,,Non-Injury Crash,No,2023,0,East,0,0,1,Flat,0,,0,,0,Overcast,695400,0,0,0,1,0,0,0,0,0,,1,0,Auckland Region,Nil,2-way,Sealed,0,0,0,0,40,0,Off,0,0,,76,Auckland,Nil,0,0,0,1,0,0,Urban,0,0,0,Fine,Null
1769690.6524,5880438.2009,741813,,525922,0,0,0,1,0,South,2023/2024,SUBWAY ROAD,STATION ROAD,,Non-Injury Crash,No,2023,0,East,0,0,0,Flat,0,,0,,0,Bright sun,823600,0,0,0,2,0,0,0,0,1,,0,0,Auckland Region,Nil,2-way,Sealed,0,0,0,0,50,0,Off,0,0,,76,Auckland,Nil,0,0,0,0,1,0,Urban,0,0,0,Fine,Null
1748936.8973,5945527.6481,741828,,505806,0,,0,2,,Null,2022/2023,HIBISCUS COAST HIGHWAY,JACK HAWKEN LANE,,Minor Crash,No,2023,,East,,0,,Flat,,,,,,Dark,176604,2,0,0,4,,,0,,,,,,Auckland Region,Nil,2-way,Sealed,,0,0,,60,,On,0,0,,76,Auckland,Traffic Signals,,,,,0,0,Urban,0,,,Fine,Null
1759568.8834,5912908.3772,741836,,520000,0,0,0,2,0,Null,2023/2024,VICTORIA STREET,JORDAN AVENUE,,Minor Crash,No,2023,0,North,0,0,0,Flat,0,,0,,0,Overcast,605700,1,0,0,2,0,0,0,0,1,,0,0,Auckland Region,Nil,2-way,Sealed,0,0,0,0,50,0,Off,0,0,,76,Auckland,Give way,0,0,0,0,0,0,Urban,1,0,0,Light rain,Null
1756045.3108,5918665.1507,741838,,515500,0,,0,2,,North,2023/2024,NORTH-WESTERN MOTORWAY,NEWTON ROAD OFF RAMP,,Non-Injury Crash,Yes,2023,,North,,0,,Flat,,,,,,Bright sun,418700,0,0,0,4,,,0,,,,,,Auckland Region,Nil,1-way,Sealed,,0,0,,80,,Off,0,0,,76,Auckland,Nil,,,,,0,0,Open,0,,,Fine,Null
1751202.6155,5915031.8184,741852,,514401,0,,0,2,,Null,2022/2023,ST JUDE STREET,GREAT NORTH ROAD,,Non-Injury Crash,No,2023,,West,,0,,Flat,,,,,,Bright sun,382800,0,0,0,2,,,0,,,,,,Auckland Region,Nil,2-way,Sealed,,0,0,,50,,Off,0,0,,76,Auckland,Give way,,,,,0,0,Urban,0,,,Fine,Null
1768773.7438,5905015.1625,741853,,523722,0,,0,1,,Null,2023/2024,HOLLYFORD DRIVE,ASPIRING AVENUE,,Non-Injury Crash,No,2024,,South,,0,,Hill Road,,,,,,Dark,716007,0,0,0,2,,,0,,,,,,Auckland Region,Nil,2-way,Sealed,,0,0,,50,,On,0,0,30,76,Auckland,Give way,,,,,0,0,Urban,1,,,Light rain,Null
1753094.0058,5935804.9648,741901,,508703,0,0,0,0,0,South,2023/2024,FAIRVIEW AVENUE,PARA CLOSE,,Non-Injury Crash,No,2024,0,North,0,0,0,Flat,0,,0,,0,Bright sun,179201,0,0,0,2,0,0,0,0,1,,0,0,Auckland Region,Nil,2-way,Sealed,0,0,0,0,50,0,Off,2,0,,76,Auckland,Nil,0,0,0,0,1,0,Urban,0,0,0,Fine,Strong wind
1763997.9728,5904240.9899,741918,,524604,0,,0,2,,Null,2023/2024,PUHINUI ROAD,PUHINUI ROAD,,Non-Injury Crash,No,2023,,North,,0,,Flat,,,,,,Dark,781100,0,0,0,2,,,0,,,,,,Auckland Region,Motorway ramp,1-way,Sealed,,0,0,,50,,On,0,0,,76,Auckland,Traffic Signals,,,,,0,0,Urban,0,,,Fine,Null
1765917.1263,5905625.7458,741926,,522202,0,,1,1,,Null,2023/2024,CARRUTH ROAD,VICTORIA ROAD,,Minor Crash,No,2023,,South,,0,,Flat,,Labour Weekend,,,,Bright sun,665300,2,0,0,2,,,0,,,,,,Auckland Region,Nil,2-way,Sealed,,0,0,,50,,Off,0,0,,76,Auckland,Stop,,,,,0,0,Urban,0,,,Fine,Null
1745223.6159,5917863.0817,741933,,510700,0,0,0,2,0,Null,2023/2024,SEL PEACOCK DRIVE,BUSCOMB AVENUE,,Non-Injury Crash,No,2023,0,North,0,0,0,Flat,0,,0,,0,Bright sun,239804,0,0,0,2,0,0,0,0,0,,0,0,Auckland Region,Nil,2-way,Sealed,0,0,0,0,50,0,Off,0,0,,76,Auckland,Give way,0,1,0,0,0,0,Urban,0,0,0,Fine,Null
1757060.967,5919906.3455,741958,,514102,0,,0,2,,Null,2023/2024,GREYS AVENUE,MAYORAL DRIVE,,Non-Injury Crash,No,2023,,North,,0,,Hill Road,,,,,,Dark,435202,0,0,0,2,,,0,,,,,,Auckland Region,Nil,2-way,Sealed,,0,0,,30,,On,0,0,,76,Auckland,Traffic Signals,,,,,0,0,Urban,0,,,Fine,Null
1753932.734,5918294.6112,741966,,515431,0,,0,1,,East,2022/2023,NORTH-WESTERN MOTORWAY,ST LUKES ROAD OFF RAMP,,Non-Injury Crash,Yes,2023,,East,,0,,Flat,,,,,,Overcast,406300,0,0,0,3,,,0,,,,,,Auckland Region,Motorway ramp,1-way,Sealed,,0,0,,100,,On,0,0,,76,Auckland,Nil,,,,,0,0,Open,1,,,Mist or Fog,Null
1756779.4794,5925009.0144,741981,,509702,0,0,0,1,0,South,2023/2024,NORTHERN MOTORWAY,EXMOUTH FTBR,,Non-Injury Crash,Yes,2024,0,North,0,0,0,Flat,0,,0,,0,Bright sun,366602,0,0,0,4,0,1,0,0,0,,0,0,Auckland Region,Nil,1-way,Sealed,0,0,0,0,100,0,Off,0,0,,76,Auckland,Nil,0,0,0,0,0,0,Open,0,0,0,Fine,Null
1757431.4127,5920126.4325,741990,,514103,0,,0,1,,Null,2023/2024,MAYORAL DRIVE,WELLESLEY STREET EAST,,Minor Crash,No,2024,,North,,0,,Hill Road,,,,,,Dark,436700,1,0,0,3,,,0,,,1,,,Auckland Region,Nil,2-way,Sealed,,0,0,,30,,On,0,0,,76,Auckland,Traffic Signals,,,,,0,0,Urban,0,,,Light rain,Null
1756096.9462,5923480.8622,742004,,509800,0,0,0,1,0,North,2022/2023,NORTHERN MOTORWAY,HARBOUR BR N,,Minor Crash,Yes,2023,0,South,0,0,0,Flat,1,,0,,0,Dark,359100,1,0,0,4,0,0,0,0,0,,0,0,Auckland Region,Nil,1-way,Sealed,0,0,0,0,100,0,On,0,0,,76,Auckland,Nil,0,0,0,0,0,0,Open,0,0,0,Heavy rain,Strong wind
1756136.2028,5923914.5127,742029,,509800,0,,0,2,,South,2022/2023,NORTHERN MOTORWAY,WEIGH BRIDGE,,Non-Injury Crash,Yes,2023,,South,,0,,Flat,,,,,,Twilight,361200,0,0,0,5,,,0,,,,,,Auckland Region,Nil,1-way,Sealed,,0,0,,80,,Off,1,0,,76,Auckland,Nil,,,,,0,0,Open,0,,,Light rain,Null
1744258.7382,5923122.5958,742030,,513511,0,,0,2,,South,2023/2024,NORTH-WESTERN MOTORWAY,UPPER HARBOUR MOTORWAY,,Non-Injury Crash,Yes,2023,,North,,0,,Hill Road,,,,,,Overcast,224303,0,0,0,3,,,0,,,,,,Auckland Region,Nil,1-way,Sealed,,0,0,,100,,Off,0,0,,76,Auckland,Nil,,,,,0,0,Open,0,,,Light rain,Null
1769820.8083,5889640.8785,742036,,521202,0,,0,2,,Null,2022/2023,KARAKA ROAD,WHANGAPOURI ROAD,,Minor Crash,Yes,2023,,East,,0,,Hill Road,,,,,,Dark,807100,1,0,0,2,,,0,,,,,,Auckland Region,Nil,2-way,Sealed,,0,0,,80,,On,0,0,,76,Auckland,Stop,,,,,0,0,Open,0,,,Fine,Null
1770723.4249,5897305.9571,742046,,523912,0,,0,1,,North,2023/2024,SOUTHERN MOTORWAY,PAHUREHURE NO 2 BR,,Non-Injury Crash,Yes,2023,,South,,0,,Flat,,,,,,Dark,767803,0,0,0,3,,,0,,,,,,Auckland Region,Nil,1-way,Sealed,,0,0,,100,,On,0,0,,76,Auckland,Nil,,,,,1,0,Open,0,,,Fine,Null
1760608.6886,5914837.5998,742054,,519400,0,0,0,2,0,North,2022/2023,WAIOHUA ROAD,WENDELL PLACE,,Non-Injury Crash,No,2023,0,South,0,0,0,Flat,0,,0,,0,Bright sun,619600,0,0,0,2,0,0,0,0,1,,0,0,Auckland Region,Nil,2-way,Sealed,0,0,0,0,50,0,Off,1,0,,76,Auckland,Nil,0,0,0,0,0,0,Urban,0,0,0,Fine,Null
1769104.9925,5889399.6742,742061,,521122,0,,0,2,,Null,2023/2024,KARAKA ROAD,BLACKBRIDGE ROAD,,Non-Injury Crash,Yes,2024,,North,,0,,Flat,,,,,,Overcast,810000,0,0,0,2,,,0,,,,,,Auckland Region,Nil,2-way,Sealed,,0,0,,80,,Off,0,0,,76,Auckland,Give way,,,,,0,0,Open,0,,,Fine,Null
1745390.3184,5916381.1603,742076,,510800,0,0,0,2,0,South,2022/2023,RAILSIDE AVENUE,VIEW ROAD,,Minor Crash,No,2023,0,South,0,0,0,Flat,0,,0,,0,Overcast,244600,1,0,0,2,0,1,0,0,1,,0,1,Auckland Region,Nil,2-way,Sealed,0,0,0,0,50,0,Off,0,0,,76,Auckland,Nil,0,0,0,0,0,0,Urban,0,0,0,Fine,Null
1768939.7733,5913852.6907,742085,,522723,0,,0,1,,Null,2023/2024,CASCADES ROAD,WALWORTH AVENUE,,Non-Injury Crash,No,2024,,North,,0,,Flat,,,,,,Dark,682301,0,0,0,2,,,0,,,,,,Auckland Region,Nil,2-way,Sealed,,0,0,,50,,On,0,0,,76,Auckland,Give way,,,,,0,0,Urban,1,,,Fine,Null
1773631.9102,5898587.8264,742102,,523912,0,0,0,2,0,Null,2024/2025,COSGRAVE ROAD,WALTERS ROAD,,Minor Crash,No,2024,0,North,0,0,0,Flat,0,,0,,0,Dark,765500,1,0,0,2,0,0,0,0,0,,0,0,Auckland Region,Nil,2-way,Sealed,0,0,0,0,60,0,On,0,0,,76,Auckland,Stop,0,1,0,0,0,0,Urban,0,0,0,Fine,Null
1762805.7125,5905581.918,742141,,524200,0,,0,2,,North,2023/2024,SOUTH-WESTERN MOTORWAY,PORTAGE OBR,,Non-Injury Crash,Yes,2023,,North,,0,,Flat,,,,,,Overcast,729100,0,0,0,2,,,0,,,,,,Auckland Region,Underpass,1-way,Sealed,,0,0,,100,,Off,0,0,,76,Auckland,Nil,,,,,0,0,Open,2,,,Fine,Null
1757615.6471,5913451.6586,742158,,518702,0,,0,3,,North,2023/2024,PAH ROAD,BENVILLE PLACE,,Minor Crash,No,2024,,North,,0,,Flat,,,,,,Bright sun,567600,1,0,0,4,,,0,,,,,,Auckland Region,Nil,2-way,Sealed,,0,0,,50,,Off,0,0,,76,Auckland,Nil,,,,,0,0,Urban,0,,,Fine,Null
1753789.6739,5936874.4635,742173,,508900,0,0,0,0,0,North,2023/2024,GLENVAR ROAD,EAST COAST ROAD,,Non-Injury Crash,No,2023,0,West,0,0,1,Flat,0,,0,,0,Dark,178308,0,0,0,2,0,0,0,0,0,,0,0,Auckland Region,Nil,2-way,Sealed,0,0,0,0,50,0,On,1,0,,76,Auckland,Nil,0,0,0,0,0,0,Urban,0,0,0,Fine,Null
1756177.9823,5913239.8112,742182,,518701,0,0,0,0,0,East,2022/2023,CARR ROAD,CLINKER STREET,,Non-Injury Crash,No,2023,0,South,0,0,0,Flat,0,,0,,0,Bright sun,569800,0,0,0,2,0,0,0,0,0,,0,1,Auckland Region,Nil,2-way,Sealed,0,0,0,0,50,0,Off,0,0,,76,Auckland,Nil,0,0,0,0,1,0,Urban,0,0,0,Fine,Null
1754955.2039,5914604.2501,742189,,518500,0,0,0,3,0,South,2022/2023,MONS AVENUE,CAMBRAI AVENUE,,Non-Injury Crash,No,2023,0,South,0,0,0,Hill Road,0,Easter,0,,0,Dark,560300,0,0,0,2,0,0,0,0,1,,0,0,Auckland Region,Nil,2-way,Sealed,0,0,0,0,50,0,On,0,0,,76,Auckland,Nil,0,0,0,0,0,0,Urban,0,0,0,Fine,Null
1765187.8736,5915406.8576,742190,,520301,0,0,0,1,0,North,2023/2024,JELLICOE ROAD,MORRIN ROAD,,Minor Crash,No,2023,0,North,0,0,0,Flat,0,,0,,0,Dark,627900,1,0,0,2,0,0,0,0,1,,0,0,Auckland Region,Nil,2-way,Sealed,0,0,0,0,50,0,On,1,0,,76,Auckland,Nil,0,0,0,0,0,0,Urban,0,0,0,Fine,Null
1745399.1213,5916008.4039,742198,,510800,0,,0,2,,Null,2022/2023,RAILSIDE AVENUE,BRUCE MCLAREN ROAD,,Non-Injury Crash,No,2023,,South,,0,,Flat,,,,,,Dark,244600,0,0,0,2,,,0,,,,,,Auckland Region,Nil,2-way,Sealed,,0,0,,50,,On,0,0,,76,Auckland,Give way,,,,,0,0,Urban,0,,,Fine,Null
1769519.9365,5894821.555,742212,,521201,0,,0,1,,West,2022/2023,HAYFIELD WAY,OAKLAND ROAD,,Minor Crash,No,2023,,East,,0,,Flat,,,,,,Bright sun,806601,2,0,0,2,,,0,,,,,,Auckland Region,Nil,2-way,Sealed,,0,0,,50,,Off,1,0,,76,Auckland,Nil,,,,,0,0,Urban,0,,,Fine,Frost
1755488.7981,5929005.963,742213,,508320,0,,0,2,,Null,2023/2024,TRISTRAM AVENUE,TRISTRAM AVENUE OFF RAMP,,Non-Injury Crash,No,2023,,East,,0,,Flat,,,,,,Bright sun,198500,0,0,0,4,,,0,,,,,,Auckland Region,Nil,2-way,Sealed,,0,0,,50,,Off,0,0,,76,Auckland,Traffic Signals,,,,,0,0,Urban,0,,,Fine,Null
1772511.961,5893280.1113,742222,,521201,0,,0,2,,North,2023/2024,SOUTHERN MOTORWAY,SERVICE CENTRE ON SBD,,Non-Injury Crash,Yes,2024,,North,,0,,Flat,,,,,,Bright sun,806800,0,0,0,2,,,0,,,,,,Auckland Region,Nil,1-way,Sealed,,0,0,,100,,Off,0,0,80,76,Auckland,Nil,,,,,0,0,Open,0,,,Fine,Null
1745907.3658,5911024.6274,742228,,512700,0,,0,0,,South,2022/2023,SCENIC DRIVE,TAWINI ROAD,,Minor Crash,No,2023,,North,,0,,Flat,,,,,,Dark,300100,1,1,0,2,,,0,,,,,,Auckland Region,Nil,2-way,Sealed,,0,0,,70,,None,0,0,,76,Auckland,Nil,,,,,0,0,Urban,0,,,Heavy rain,Null
1751414.8969,5925197.7358,742238,,510020,0,0,0,2,0,West,2023/2024,RANGATIRA ROAD,KIA ORA ROAD,,Non-Injury Crash,No,2024,0,West,0,0,0,Flat,0,,0,,0,Dark,346000,0,0,0,2,0,0,0,0,1,1,0,0,Auckland Region,Nil,2-way,Sealed,0,0,0,0,50,0,On,1,0,,76,Auckland,Nil,0,0,0,0,0,0,Urban,0,0,0,Fine,Null
1753292.8879,5876150.1788,742261,,526103,0,0,0,1,0,South,2023/2024,CONSTABLE ROAD,KING STREET,,Non-Injury Crash,No,2023,0,North,0,0,0,Flat,0,,0,,1,Dark,837206,0,0,0,2,0,0,0,0,0,,0,0,Auckland Region,Nil,2-way,Sealed,0,0,0,0,50,0,On,0,0,,76,Auckland,Nil,0,1,0,1,0,0,Urban,0,0,0,Fine,Null
1767064.4496,5904500.9821,742285,,524604,0,,0,2,,Null,2023/2024,RONWOOD AVENUE,DAVIES AVENUE,,Non-Injury Crash,No,2024,,West,,0,,Flat,,,,,,Bright sun,780204,0,0,0,3,,,0,,,,,,Auckland Region,Nil,2-way,Sealed,,0,0,,50,,Off,0,0,,76,Auckland,Traffic Signals,,,,,0,0,Urban,0,,,Fine,Null
1769903.4959,5900194.0885,742301,,523817,0,,0,1,,North,2024/2025,SOUTHERN MOTORWAY,PAPAKURA STM BR,,Minor Crash,Yes,2025,,South,,0,,Flat,,,,,,Bright sun,759738,2,0,0,3,,,0,,,,,,Auckland Region,Nil,1-way,Sealed,,0,0,,100,,Off,0,0,,76,Auckland,Nil,,,,,0,0,Open,1,,,Fine,Null
1747943.4947,5913632.8709,742309,,511100,0,,0,2,,Null,2023/2024,WEST COAST ROAD,RUA ROAD,,Minor Crash,No,2024,,South,,0,,Hill Road,,,,,,Dark,286801,1,0,0,2,,,0,,,,,,Auckland Region,Nil,2-way,Sealed,,0,0,,50,,On,0,0,,76,Auckland,Give way,,,,,0,0,Urban,0,,,Heavy rain,Null
1770538.0783,5912711.1481,742310,,523101,0,0,0,0,0,Null,2023/2024,CASCADES ROAD,BOTANY ROAD,,Non-Injury Crash,No,2024,0,East,0,0,0,Flat,0,,0,,0,Bright sun,710517,0,0,0,4,0,0,0,0,0,,0,0,Auckland Region,Nil,2-way,Sealed,0,0,0,0,50,0,Off,1,0,,76,Auckland,Traffic Signals,0,1,0,0,0,0,Urban,0,0,0,Fine,Null
1759503.3867,5910130.475,742349,,524002,0,,0,2,,South,2023/2024,SOUTH-WESTERN MOTORWAY,RIMU OBR,,Non-Injury Crash,Yes,2024,,South,,0,,Hill Road,,,,,,Twilight,722400,0,0,0,3,,,0,,,,,,Auckland Region,Nil,1-way,Sealed,,0,0,,100,,On,0,0,,76,Auckland,Nil,,,,,0,0,Open,1,,,Fine,Null
1768656.1833,5905321.4845,742356,,523722,0,,0,1,,Null,2022/2023,BOUNDARY ROAD,TE IRIRANGI DRIVE,,Fatal Crash,No,2023,,South,,1,,Flat,,Queens Birthday,,,,Dark,715910,0,0,1,4,,,0,,,,,,Auckland Region,Nil,2-way,Sealed,,0,0,,50,,On,0,0,,76,Auckland,Traffic Signals,,,,,0,0,Urban,0,,,Fine,Null
1756967.5981,5972137.1536,742366,,506661,0,0,0,0,0,South,2023/2024,WHITMORE ROAD,BISHOP LANE,,Minor Crash,No,2024,0,South,0,0,1,Hill Road,0,,0,,0,Bright sun,137901,1,0,0,2,0,0,0,0,0,,0,0,Auckland Region,Nil,2-way,Sealed,0,0,0,0,40,0,None,1,0,,76,Auckland,Nil,0,0,0,0,0,0,Urban,0,0,0,Fine,Null
1736074.7497,5984203.839,742372,,506660,0,0,0,1,0,South,2022/2023,SH 1,LOVERS LANE,,Minor Crash,Yes,2023,0,North,1,0,0,Hill Road,0,,0,,0,Overcast,143800,1,0,0,2,0,0,0,0,0,,0,0,Auckland Region,Nil,2-way,Sealed,0,0,0,0,100,0,None,0,0,,76,Auckland,Nil,0,0,0,0,0,0,Open,0,0,0,Light rain,Null
1756313.8281,5913724.6517,742373,25,518701,0,,0,1,,Null,2023/2024,HAYR ROAD,MOUNT ALBERT ROAD,,Non-Injury Crash,No,2023,,South,,0,,Flat,,,,,,Bright sun,568200,0,0,0,2,,,0,,,,,,Auckland Region,Nil,2-way,Sealed,,0,0,,50,,Off,0,0,,76,Auckland,Give way,,,,,1,0,Urban,0,,,Fine,Null
1771511.8666,5914217.1673,742374,,521602,0,,0,2,,Null,2024/2025,VINCENT STREET,WELLINGTON STREET,,Minor Crash,No,2024,,East,,0,,Flat,,,,,,Dark,647800,1,0,0,2,,,0,,,,,,Auckland Region,Nil,2-way,Sealed,,0,0,,50,,On,0,0,,76,Auckland,Give way,,,,,0,0,Urban,0,,,Fine,Null
1764550.9431,5905862.2402,742389,,524303,0,,0,2,,South,2023/2024,HILLCREST ROAD,STATION ROAD,,Non-Injury Crash,No,2023,,North,,0,,Flat,,,,,,Bright sun,657602,0,0,0,2,,,0,,,,,,Auckland Region,Nil,2-way,Sealed,,0,0,,50,,Null,0,0,40,76,Auckland,Nil,,,,,0,0,Urban,0,,,Fine,Null
1773254.2643,5899585.9604,742406,,523912,0,0,0,1,0,South,2023/2024,MILL ROAD,AIRFIELD ROAD,,Minor Crash,No,2023,0,North,0,0,0,Flat,1,,0,,0,Dark,765401,1,0,0,2,0,0,0,0,0,,0,0,Auckland Region,Nil,2-way,Sealed,0,0,0,0,80,0,On,0,0,,76,Auckland,Nil,0,0,0,0,0,0,Open,0,0,0,Fine,Null
1754250.6115,5911390.2451,742412,,519001,0,0,0,2,0,West,2023/2024,HILLSBOROUGH ROAD,CAPE HORN ROAD,,Minor Crash,No,2023,0,East,0,0,0,Hill Road,0,,0,,0,Twilight,591702,1,0,0,2,0,0,0,0,1,,0,0,Auckland Region,Nil,2-way,Sealed,0,0,0,0,50,0,On,0,0,,76,Auckland,Nil,0,0,0,0,0,0,Urban,1,0,0,Fine,Null
1751636.9269,5912905.7579,742429,,514700,0,0,0,2,0,South,2024/2025,BLOCKHOUSE BAY ROAD,TERRY STREET,,Minor Crash,No,2025,0,North,0,0,1,Flat,0,,0,,0,Bright sun,370300,1,0,0,2,0,0,0,0,0,,0,1,Auckland Region,Nil,2-way,Sealed,0,0,0,0,50,0,Off,0,0,,76,Auckland,Nil,0,0,0,0,0,0,Urban,0,0,0,Fine,Null
1767125.9424,5899267.3446,742438,,524812,0,0,0,1,0,North,2023/2024,RHINE PLACE,BERNINA PLACE,,Minor Crash,No,2024,0,North,0,0,1,Flat,0,,0,,0,Dark,774101,1,0,0,2,0,0,0,0,0,1,0,1,Auckland Region,Nil,2-way,Sealed,0,0,0,0,50,0,On,0,0,,76,Auckland,Nil,0,0,0,0,0,0,Urban,0,0,0,Fine,Null
1764043.5482,5904337.5017,742453,,522100,0,,0,3,,North,2023/2024,PUHINUI ROAD-SH 20B OFF RAMP,PUHINUI ROAD,,Non-Injury Crash,Yes,2023,,South,,0,,Hill Road,,Christmas New Year,,,,Overcast,781001,0,0,0,3,,,0,,,,,,Auckland Region,Motorway ramp,1-way,Sealed,,0,0,,50,,Off,0,0,,76,Auckland,Nil,,,,,0,0,Urban,0,,,Fine,Null
1763311.1356,5910242.3222,742460,,521901,0,0,0,1,0,South,2022/2023,SALEYARDS ROAD,PORTAGE ROAD,,Non-Injury Crash,No,2023,0,South,0,0,0,Flat,0,,0,,0,Overcast,781900,0,0,0,2,0,0,0,0,1,,0,0,Auckland Region,Nil,2-way,Sealed,0,0,0,0,50,0,Off,0,0,,76,Auckland,Nil,0,0,0,0,1,0,Urban,0,0,0,Heavy rain,Null
1758087.7748,5915381.7304,742524,,515802,0,0,0,2,0,Null,2022/2023,MANUKAU ROAD,CLAUDE ROAD,,Minor Crash,No,2023,0,South,0,0,0,Flat,0,,0,,0,Bright sun,448800,1,0,0,2,0,1,0,0,0,,0,0,Auckland Region,Nil,2-way,Sealed,0,0,0,0,50,0,Off,0,0,,76,Auckland,Stop,0,0,0,0,0,0,Urban,0,0,0,Fine,Null
1755964.61,5976702.4624,742549,,506661,0,0,0,1,0,East,2024/2025,OMAHA FLATS ROAD,TAKATU ROAD,,Minor Crash,No,2024,0,East,0,0,0,Flat,0,,0,,0,Overcast,138500,1,0,0,2,0,0,0,0,0,,0,0,Auckland Region,Nil,2-way,Sealed,0,0,0,0,80,0,None,0,0,,76,Auckland,Nil,0,0,0,0,0,0,Open,0,0,0,Fine,Null
1749521.0406,5916883.1811,742558,,514801,0,,0,1,,Null,2024/2025,FREMLIN PLACE,ROSEBANK ROAD,,Serious Crash,No,2024,,South,,0,,Flat,,,,,,Dark,389300,0,0,0,2,,,0,,,1,,,Auckland Region,Nil,2-way,Sealed,,0,1,,50,,On,0,0,,76,Auckland,Give way,,,,,0,0,Urban,0,,,Light rain,Null
1753228.4834,5912313.6902,742572,,518902,0,0,0,0,0,South,2022/2023,HILLSBOROUGH ROAD,COMMODORE DRIVE,,Non-Injury Crash,No,2023,0,North,0,0,0,Flat,0,,0,,0,Dark,587100,0,0,0,2,0,0,0,0,0,,0,0,Auckland Region,Nil,2-way,Sealed,0,0,0,0,50,0,On,0,0,,76,Auckland,Nil,0,1,0,0,0,0,Urban,1,0,0,Fine,Null
1765916.6782,5913363.3796,742605,,522820,0,,0,2,,East,2023/2024,PAKURANGA ROAD,MILLEN AVENUE,,Non-Injury Crash,No,2023,,East,,0,,Flat,,,,,,Overcast,695600,0,0,0,3,,,0,,,,,,Auckland Region,Nil,2-way,Sealed,,0,0,,50,,Off,0,0,,76,Auckland,Nil,,,,,0,0,Urban,0,,,Light rain,Null
1744454.0335,5922185.2025,742614,,513530,0,0,0,1,0,North,2023/2024,NORTH-WESTERN MOTORWAY,ROYAL ROAD ON RAMP,,Serious Crash,Yes,2023,0,North,0,0,0,Hill Road,2,,0,,0,Dark,225807,0,0,0,3,0,0,0,0,0,,0,0,Auckland Region,Motorway ramp,1-way,Sealed,0,0,1,0,100,0,On,0,0,,76,Auckland,Nil,0,1,0,0,0,0,Open,0,0,0,Fine,Null
1755631.8654,5915925.1098,742620,,518301,0,,1,2,,Null,2022/2023,DOMINION ROAD,QUEENS AVENUE,,Non-Injury Crash,No,2023,,North,,0,,Flat,,,,,,Overcast,555700,0,0,0,4,,,0,,,,,,Auckland Region,Nil,2-way,Sealed,,0,0,,50,,Off,0,0,,76,Auckland,Give way,,,,,0,0,Urban,0,,,Fine,Null
1764678.4933,5909565.1596,742621,,521802,0,,0,1,,North,2023/2024,HUTTON STREET,FAIRBURN ROAD,,Minor Crash,No,2024,,South,,0,,Flat,,,,,,Bright sun,788602,1,0,0,0,,,0,,,1,,,Auckland Region,Nil,2-way,Sealed,,0,0,,50,,Off,0,0,,76,Auckland,Nil,,,,,0,0,Urban,0,,,Fine,Null
1744971.9684,5909696.5118,742622,,512700,0,0,0,1,0,West,2023/2024,HUIA ROAD,WOODLANDS PARK ROAD,,Minor Crash,No,2023,0,East,1,0,0,Hill Road,0,,0,,0,Overcast,300701,1,0,0,2,0,0,0,0,0,,0,0,Auckland Region,Nil,2-way,Sealed,0,0,0,0,50,0,Off,0,0,,76,Auckland,Nil,0,0,0,0,0,0,Urban,0,0,0,Heavy rain,Null
1762115.7963,5906228.0519,742646,,524200,0,0,0,0,0,South,2023/2024,SOUTH-WESTERN MOTORWAY,MASSEY ROAD ON RAMP,,Non-Injury Crash,Yes,2024,0,South,0,0,0,Flat,1,,0,,0,Overcast,728900,0,0,0,2,0,0,0,0,0,,0,0,Auckland Region,Nil,1-way,Sealed,0,0,0,0,100,0,Off,0,0,,76,Auckland,Nil,0,0,0,0,0,0,Open,1,0,0,Light rain,Strong wind