X,Y,OBJECTID,advisorySpeed,areaUnitID,bicycle,bridge,bus,carStationWagon,cliffBank,crashDirectionDescription,crashFinancialYear,crashLocation1,crashLocation2,crashRoadSideRoad,crashSeverity,crashSHDescription,crashYear,debris,directionRoleDescription,ditch,fatalCount,fence,flatHill,guardRail,holiday,houseOrBuilding,intersection,kerb,light,meshblockId,minorInjuryCount,moped,motorcycle,NumberOfLanes,objectThrownOrDropped,otherObject,otherVehicleType,overBank,parkedVehicle,pedestrian,phoneBoxEtc,postOrPole,region,roadCharacter,roadLane,roadSurface,roadworks,schoolBus,seriousInjuryCount,slipOrFlood,speedLimit,strayAnimal,streetLight,suv,taxi,temporarySpeedLimit,tlaId,tlaName,trafficControl,trafficIsland,trafficSign,train,tree,truck,unknownVehicleType,urban,vanOrUtility,vehicle,waterRiver,weatherA,weatherB
1746642.6805,5972749.2602,742653,,506661,0,,0,1,,North,2024/2025,SH 1,GRIMMERS BR,,Minor Crash,Yes,2024,,North,,0,,Flat,,,,,,Overcast,139000,1,0,0,2,,,0,,,,,,Auckland Region,Nil,2-way,Sealed,,0,0,,80,,None,0,0,,76,Auckland,Nil,,,,,1,0,Open,1,,,Fine,Null
1772775.6823,5892702.2563,742654,,521301,0,0,0,1,0,South,2023/2024,SOUTHERN MOTORWAY,SLIPPERY CK BR,,Non-Injury Crash,Yes,2024,0,North,0,0,0,Flat,1,,0,,0,Dark,808701,0,0,0,2,0,0,0,0,0,,0,0,Auckland Region,Nil,1-way,Sealed,0,0,0,0,100,0,On,0,0,,76,Auckland,Nil,0,0,0,0,0,0,Open,0,0,0,Light rain,Null
1752254.0779,5918454.2992,742668,,515001,1,,0,0,,Null,2023/2024,POINT CHEVALIER ROAD,MILLER STREET,,Minor Crash,No,2023,,North,,0,,Flat,,,,,,Twilight,392100,1,0,0,2,,,0,,,,,,Auckland Region,Nil,2-way,Sealed,,0,0,,50,,Off,0,0,,76,Auckland,Give way,,,,,0,0,Urban,0,,,Fine,Null
1779373.9242,5914979.7686,742676,,523300,0,0,0,0,0,North,2023/2024,WHITFORD MARAETAI ROAD,JACK LACHLAN DRIVE,,Fatal Crash,No,2023,0,South,1,1,0,Hill Road,0,,0,,0,Overcast,718900,0,0,1,2,0,0,0,0,0,,0,1,Auckland Region,Nil,2-way,Sealed,0,0,0,0,80,0,None,0,0,,76,Auckland,Nil,0,0,0,1,0,0,Open,0,0,0,Light rain,Null
1766717.2584,5904673.2863,742686,,524604,0,,0,0,,Null,2022/2023,CAVENDISH DRIVE,LAMBIE DRIVE,,Non-Injury Crash,No,2023,,North,,0,,Flat,,,,,,Dark,780209,0,0,0,4,,,0,,,,,,Auckland Region,Nil,2-way,Sealed,,0,0,,50,,On,0,0,,76,Auckland,Traffic Signals,,,,,1,1,Urban,0,,,Fine,None
1756413.1091,5933313.1548,742701,,507300,0,,0,2,,Null,2024/2025,BEACH ROAD,BOURNEMOUTH TERRACE,,Minor Crash,No,2024,,West,,0,,Flat,,,,,,Overcast,153400,1,0,0,2,,,0,,,,,,Auckland Region,Nil,2-way,Sealed,,0,0,,50,,Off,0,0,,76,Auckland,Give way,,,,,0,0,Urban,0,,,Mist or Fog,Null
1743595.5475,5917917.6972,742733,,513220,0,,0,2,,South,2023/2024,SUMMERLAND DRIVE,WATERSTONE WAY,,Minor Crash,No,2024,,North,,0,,Flat,,,,,,Bright sun,236606,1,0,0,2,,,0,,,,,,Auckland Region,Speed hump,2-way,Sealed,,0,0,,50,,Off,0,0,,76,Auckland,Nil,,,,,0,0,Urban,0,,,Fine,Null
1759313.4884,5905855.0739,742749,,524200,0,0,0,1,0,South,2023/2024,WESTNEY ROAD,KOHINOOR AVENUE,,Non-Injury Crash,No,2023,0,South,0,0,0,Null,0,,0,,0,Unknown,727700,0,0,0,2,0,0,0,0,1,,0,0,Auckland Region,Nil,2-way,Sealed,0,0,0,0,50,0,Null,0,0,,76,Auckland,Nil,0,0,0,0,0,0,Urban,1,0,0,Null,Null
1745589.4392,5916885.4108,742750,,510800,0,0,0,1,0,East,2022/2023,PIONEER STREET,CATHERINE STREET,,Non-Injury Crash,No,2023,0,East,0,0,0,Flat,0,,0,,0,Overcast,243100,0,0,0,2,0,0,0,0,0,,0,0,Auckland Region,Nil,2-way,Sealed,0,0,0,0,50,0,Off,0,0,,76,Auckland,Nil,0,0,0,1,0,0,Urban,0,0,0,Light rain,Null
1745761.5703,5917216.7093,742782,,510800,0,,0,1,,East,2024/2025,GREAT NORTH ROAD,EDSEL STREET,,Minor Crash,No,2024,,West,,0,,Hill Road,,,,,,Overcast,243300,1,0,0,5,,,0,,,,,,Auckland Region,Nil,2-way,Sealed,,0,0,,50,,Off,0,0,,76,Auckland,Nil,,,,,0,0,Urban,2,,,Light rain,Null
1773795.7463,5898152.7901,742789,,523912,0,0,0,1,0,South,2023/2024,COSGRAVE ROAD,CORPORAL STREET,,Non-Injury Crash,No,2024,0,South,1,0,0,Flat,0,,0,,0,Overcast,765500,0,0,0,2,0,0,0,0,0,,0,0,Auckland Region,Nil,2-way,Sealed,0,0,0,0,60,0,Off,0,0,,76,Auckland,Nil,0,0,0,0,0,0,Urban,0,0,0,Light rain,Null
1754478.4308,5915555.3144,742798,,517702,0,,0,1,,Null,2024/2025,EDEN VIEW ROAD,DUNCAN AVENUE,,Minor Crash,No,2024,,North,,0,,Flat,,,,,,Overcast,541300,1,0,0,2,,,0,,,1,,,Auckland Region,Nil,2-way,Sealed,,0,0,,50,,Off,0,0,,76,Auckland,Nil,,,,,0,0,Urban,0,,,Light rain,Null
1766175.168,5907582.9018,742805,,522301,0,0,0,1,0,Null,2024/2025,SOUTHERN MOTORWAY,EAST TAMAKI ROAD OFF RAMP,,Minor Crash,Yes,2024,0,North,0,0,0,Flat,1,Labour Weekend,0,,0,Dark,666700,1,0,0,3,0,0,0,0,0,,0,0,Auckland Region,Motorway ramp,1-way,Sealed,0,0,0,0,100,0,On,0,0,,76,Auckland,Nil,0,0,0,0,0,0,Open,0,0,0,Fine,Null
1737994.5464,5921852.2574,742829,,505700,0,,0,1,,South,2024/2025,WAITAKERE ROAD,HUNTER ROAD,,Serious Crash,No,2024,,North,,0,,Flat,,,,,,Bright sun,216601,0,0,0,2,,,0,,,,,,Auckland Region,Nil,2-way,Sealed,,0,3,,80,,None,0,0,,76,Auckland,Nil,,,,,0,0,Open,1,,,Fine,Null
1745607.195,5916594.8565,742900,,510800,0,0,0,1,0,North,2022/2023,VITASOVICH AVENUE,VIEW ROAD,,Minor Crash,No,2023,0,South,0,0,0,Flat,0,,0,,0,Dark,243300,2,0,0,2,0,0,0,0,2,,0,0,Auckland Region,Nil,2-way,Sealed,0,0,0,0,50,0,On,0,0,,76,Auckland,Nil,0,0,0,0,0,0,Urban,3,0,0,Fine,Null
1730682.3753,5908741.0182,742902,,513800,0,0,0,2,0,West,2023/2024,MARINE PARADE SOUTH,SYLVAN GLADE,,Serious Crash,No,2024,0,North,0,0,0,Flat,0,,0,,0,Twilight,282012,0,0,0,2,0,0,0,0,1,,0,0,Auckland Region,Nil,2-way,Sealed,0,0,1,0,50,0,None,0,0,,76,Auckland,Nil,0,0,0,0,0,0,Urban,1,0,0,Fine,Null
1743619.2529,5918914.6083,742908,,513213,0,0,0,2,0,South,2022/2023,RISERRA DRIVE,KINVIG PLACE,,Non-Injury Crash,No,2023,0,North,0,0,0,Flat,0,,0,,0,Bright sun,236002,0,0,0,2,0,0,0,0,1,,0,0,Auckland Region,Nil,2-way,Sealed,0,0,0,0,50,0,Off,0,0,,76,Auckland,Nil,0,0,0,0,0,0,Urban,0,0,0,Fine,Null
1750553.8891,5913435.4123,742925,,511303,0,0,0,1,0,North,2023/2024,PORTAGE ROAD,NEVILLE STREET,,Non-Injury Crash,No,2024,0,South,0,0,0,Flat,0,,0,,0,Bright sun,265300,0,0,0,2,0,0,0,0,1,,0,0,Auckland Region,Nil,2-way,Sealed,0,0,0,0,50,0,None,1,0,,76,Auckland,Nil,0,0,0,0,0,0,Urban,0,0,0,Fine,Null
1746900.777,5913798.2046,742940,,511002,0,0,0,3,0,Null,2022/2023,OFF ROAD - CAR PARK,,,Minor Crash,No,2023,0,Null,0,0,0,Flat,0,,0,,0,Bright sun,283400,1,0,0,,0,1,0,0,1,,0,0,Auckland Region,Nil,Off road,Sealed,0,0,0,0,50,0,None,0,0,,76,Auckland,Nil,0,0,0,0,0,0,Urban,0,0,0,Fine,Null
1758538.8881,5920372.8743,742941,,514101,0,,0,1,,East,2023/2024,THE STRAND,NGAOHO PLACE,,Non-Injury Crash,Yes,2024,,East,,0,,Flat,,,,,,Overcast,438206,0,0,0,4,,,0,,,,,,Auckland Region,Nil,2-way,Sealed,,0,0,,50,,On,0,0,,76,Auckland,Nil,,,,,1,0,Urban,0,,,Fine,Null
1766764.3702,5907995.9203,742950,,523501,0,,0,1,,Null,2022/2023,BAIRDS ROAD,ALEXANDER CRESCENT,,Non-Injury Crash,No,2023,,South,,0,,Flat,,,,,,Dark,700602,0,0,0,2,,,0,,,,,,Auckland Region,Nil,2-way,Sealed,,0,0,,50,,On,0,0,,76,Auckland,Give way,,,,,0,0,Urban,1,,,Fine,Null
1776932.0978,5880390.7217,742958,,521160,0,0,0,1,0,South,2022/2023,BEAVER ROAD WEST OFF RAMP,BEAVER ROAD,,Non-Injury Crash,No,2023,0,North,0,0,0,Hill Road,0,,0,,0,Overcast,828204,0,0,0,2,0,0,0,0,0,,0,1,Auckland Region,Nil,2-way,Sealed,0,0,0,0,100,0,Off,0,0,,76,Auckland,Nil,0,0,0,1,0,0,Open,0,0,0,Heavy rain,Null
1744799.7328,5919808.4589,743005,,513301,0,,0,2,,Null,2023/2024,UNIVERSAL DRIVE,PENFOLD PLACE,,Minor Crash,No,2024,,West,,0,,Flat,,,,,,Bright sun,234403,1,0,0,2,,,0,,,,,,Auckland Region,Nil,2-way,Sealed,,0,0,,50,,Null,0,0,,76,Auckland,Give way,,,,,0,0,Urban,0,,,Fine,Null
1754792.089,5927643.3688,743006,,508620,0,,0,1,,North,2023/2024,ARCHERS ROAD,CHARTWELL AVENUE,,Minor Crash,No,2024,,South,,0,,Hill Road,,,,,,Dark,202801,1,0,0,2,,,0,,,1,,,Auckland Region,Nil,2-way,Sealed,,0,0,,50,,On,0,0,,76,Auckland,Nil,,,,,0,0,Urban,0,,,Fine,Null
1769370.2065,5901029.1392,743053,,524901,0,,0,1,,Null,2023/2024,ALFRISTON ROAD,CLAUDE ROAD,,Non-Injury Crash,No,2023,,Null,,0,,Flat,,,,,,Dark,757400,0,0,0,2,,,0,,,,,,Auckland Region,Nil,2-way,Sealed,,0,0,,50,,On,0,0,,76,Auckland,Stop,,,,,0,0,Urban,0,,,Fine,Null
1735535.7738,5987381.9464,743054,,506660,0,,0,1,,North,2023/2024,SH 1,TE HANA RAIL OBR,,Minor Crash,Yes,2023,,South,,0,,Flat,,Labour Weekend,,,,Overcast,135800,1,0,0,2,,,0,,,,,,Auckland Region,Nil,2-way,Sealed,,0,0,,70,,None,0,0,,76,Auckland,Nil,,,,,0,0,Urban,2,,,Fine,Null
1772515.091,5896806.2605,743069,,525420,0,,0,1,,Null,2022/2023,GREAT SOUTH ROAD,SUBWAY ROAD,,Non-Injury Crash,No,2023,,North,,0,,Flat,,,,,,Dark,791300,0,0,0,3,,,0,,,,,,Auckland Region,Nil,2-way,Sealed,,0,0,,50,,On,1,0,,76,Auckland,Traffic Signals,,,,,0,0,Urban,0,,,Light rain,Null
1738295.4724,5979613.283,743086,,506660,0,0,0,0,0,North,2023/2024,SH 1,ROBERTSON ROAD,,Minor Crash,Yes,2024,0,South,1,0,0,Hill Road,0,,0,,0,Overcast,136400,1,0,0,2,0,0,0,0,0,,0,0,Auckland Region,Nil,2-way,Sealed,0,0,0,0,100,0,None,0,0,,76,Auckland,Nil,0,0,0,0,1,0,Open,0,0,0,Fine,Null
1756680.1784,5911579.1648,743093,,518702,0,0,0,1,0,Null,2024/2025,GOODALL STREET,FREDERICK STREET,,Minor Crash,No,2024,0,East,0,0,0,Hill Road,0,,0,,0,Dark,571600,1,0,0,2,0,0,0,1,0,,1,0,Auckland Region,Nil,2-way,Sealed,0,0,0,0,50,0,On,0,0,,76,Auckland,Give way,0,0,0,1,0,0,Urban,0,0,0,Fine,Null
1770432.7717,5902808.5493,743094,,523814,0,,0,2,,Null,2023/2024,CHARLES PREVOST DRIVE,MT LEBANON CRESCENT,,Non-Injury Crash,No,2024,,East,,0,,Flat,,,,,,Bright sun,760805,0,0,0,2,,,0,,,,,,Auckland Region,Nil,2-way,Sealed,,0,0,,50,,Null,0,0,,76,Auckland,Give way,,,,,0,0,Urban,0,,,Fine,Null
1765676.8545,5914757.6811,743133,,520601,0,0,0,2,0,Null,2023/2024,TRIPOLI ROAD,MATAPAN ROAD,,Non-Injury Crash,No,2024,0,South,0,0,0,Flat,0,Christmas New Year,0,,0,Dark,630800,0,0,0,2,0,0,0,0,1,,0,0,Auckland Region,Nil,2-way,Sealed,0,0,0,0,50,0,On,0,0,,76,Auckland,Stop,0,0,0,0,0,0,Urban,0,0,0,Fine,Null
1769881.1965,5899940.9107,743134,,524902,0,0,0,1,0,North,2023/2024,SOUTHERN MOTORWAY,PAPAKURA STM BR,,Non-Injury Crash,Yes,2023,0,South,0,0,0,Flat,1,,0,,0,Dark,759200,0,0,0,3,0,0,0,0,0,,0,0,Auckland Region,Nil,1-way,Sealed,0,0,0,0,100,0,On,0,0,,76,Auckland,Nil,0,0,0,0,0,0,Open,0,0,0,Light rain,Null
1757825.4195,5920084.4649,743149,,514103,0,,0,0,,Null,2023/2024,SYMONDS STREET,GRAFTON ROAD,,Minor Crash,No,2024,,North,,0,,Flat,,,,,,Overcast,437500,1,0,1,3,,,0,,,,,,Auckland Region,Nil,2-way,Sealed,,0,0,,30,,Off,0,0,,76,Auckland,Traffic Signals,,,,,1,0,Urban,0,,,Fine,Null
1767312.0757,5905104.7422,743157,,524603,0,,0,0,,Null,2024/2025,GREAT SOUTH ROAD,RYAN PLACE,,Minor Crash,No,2024,,North,,0,,Flat,,,,,,Bright sun,780304,1,0,0,5,,,0,,,,,,Auckland Region,Nil,2-way,Sealed,,0,0,,50,,Off,1,0,,76,Auckland,Traffic Signals,,,,,0,0,Urban,1,,,Fine,Null
1770329.0033,5911305.6028,743180,,523113,0,,0,2,,Null,2022/2023,TI RAKAU DRIVE,TE IRIRANGI DRIVE,,Minor Crash,No,2023,,West,,0,,Flat,,,,,,Overcast,711716,2,0,0,5,,,0,,,,,,Auckland Region,Nil,2-way,Sealed,,0,0,,50,,Off,0,0,,76,Auckland,Traffic Signals,,,,,0,0,Urban,0,,,Light rain,Null
1765756.8422,5906803.0846,743182,,522301,0,,0,1,,East,2023/2024,HOTEO AVENUE,GREAT SOUTH ROAD,,Non-Injury Crash,No,2023,,East,,0,,Flat,,,,,,Overcast,667500,0,0,0,2,,,0,,,,,,Auckland Region,Nil,2-way,Sealed,,0,0,,50,,Off,1,0,,76,Auckland,Nil,,,,,0,0,Urban,0,,,Fine,Null
1773163.196,5891817.8144,743206,,521301,0,0,0,1,0,East,2022/2023,NORRIE ROAD,FIRTH STREET,,Non-Injury Crash,No,2023,0,West,0,0,0,Flat,0,,0,,0,Dark,808701,0,0,0,2,0,0,0,0,0,,0,1,Auckland Region,Nil,2-way,Sealed,0,0,0,0,50,0,None,0,0,,76,Auckland,Nil,0,0,0,0,0,0,Urban,0,0,0,Fine,Null
1770808.3416,5913429.8097,743213,45,523101,0,0,0,1,0,North,2022/2023,BOTANY ROAD,MIRRABOOKA AVENUE,,Non-Injury Crash,No,2023,0,North,0,0,0,Flat,0,,0,,0,Bright sun,710522,0,0,0,2,0,0,0,0,1,,0,0,Auckland Region,Nil,2-way,Sealed,0,0,0,0,50,0,Off,0,0,,76,Auckland,Nil,0,0,0,0,1,0,Urban,0,0,0,Fine,None
1765556.6301,5906983.0904,743229,45,522301,0,,0,1,,Null,2023/2024,GREAT SOUTH ROAD,EAST TAMAKI ROAD,,Non-Injury Crash,No,2024,,North,,0,,Flat,,,,,,Dark,666800,0,0,0,2,,,0,,,,,,Auckland Region,Nil,2-way,Sealed,,0,0,,50,,On,0,0,,76,Auckland,Traffic Signals,,,,,0,0,Urban,0,,,Fine,None
1763545.4083,5910580.6082,743230,,521901,0,,0,0,,South,2022/2023,GREAT SOUTH ROAD,PORTAGE ROAD,,Non-Injury Crash,No,2023,,South,,0,,Flat,,,,,,Overcast,781500,0,0,0,4,,,1,,,,,,Auckland Region,Nil,2-way,Sealed,,0,0,,50,,Off,0,0,,76,Auckland,Nil,,,,,1,0,Urban,1,,,Fine,Null
1769392.2989,5911430.8255,743245,45,523113,0,,1,1,,Null,2023/2024,TI RAKAU DRIVE,GREENMOUNT DRIVE,,Non-Injury Crash,No,2023,,West,,0,,Flat,,,,,,Bright sun,711703,0,0,0,3,,,0,,,,,,Auckland Region,Nil,2-way,Sealed,,0,0,,50,,Off,0,0,,76,Auckland,Traffic Signals,,,,,0,0,Urban,0,,,Fine,None
1764948.9999,5905500.9961,743269,,522202,0,,0,2,,Null,2024/2025,CAMBRIDGE TERRACE,TAVERN LANE,,Non-Injury Crash,No,2024,,South,,0,,Null,,,,,,Unknown,664500,0,0,0,2,,,0,,,,,,Auckland Region,Nil,2-way,Sealed,,0,0,,50,,Null,0,0,,76,Auckland,Nil,,,,,0,0,Urban,0,,,Fine,Null
1763791.9971,5913707.7971,743285,,520402,0,,0,1,,Null,2024/2025,PENROSE ROAD,MOUNT WELLINGTON HIGHWAY,,Non-Injury Crash,No,2024,,East,,0,,Null,,,,,,Unknown,640002,0,0,0,4,,,0,,,,,,Auckland Region,Nil,2-way,Sealed,,0,0,,50,,Null,0,0,,76,Auckland,Traffic Signals,,,,,0,1,Urban,0,,,Null,Null
1773421.9284,5891799.3734,743286,,521301,0,,0,1,,South,2023/2024,GREAT SOUTH ROAD,NORRIE ROAD,,Non-Injury Crash,No,2023,,North,,0,,Flat,,,,,,Dark,808701,0,0,0,2,,,0,,,,,,Auckland Region,Nil,2-way,Sealed,,0,0,,50,,On,1,0,,76,Auckland,Nil,,,,,0,0,Urban,0,,,Fine,Null
1759893.384,5916110.8138,743292,,516002,0,,0,1,,Null,2022/2023,GREEN LANE EAST OFF RAMP,SOUTHERN MOTORWAY,,Minor Crash,No,2023,,South,,0,,Flat,,,,,,Dark,492100,1,0,1,4,,,0,,,,,,Auckland Region,Motorway ramp,1-way,Sealed,,0,0,,100,,On,0,0,,76,Auckland,Nil,,,,,0,0,Open,0,,,Fine,Null
1759048.2421,5917523.3516,743301,,516101,0,,0,1,,West,2023/2024,REMUERA ROAD,DILWORTH AVENUE,,Non-Injury Crash,No,2023,,West,,0,,Flat,,,,,,Dark,481600,0,0,0,4,,,0,,,,,,Auckland Region,Nil,2-way,Sealed,,0,0,,50,,On,0,0,,76,Auckland,Nil,,,,,0,0,Urban,0,,,Fine,None
1762036.7947,5919927.9018,743318,,516400,0,0,0,1,0,South,2023/2024,WATENE CRESCENT,TAMAKI DRIVE,,Non-Injury Crash,No,2024,0,North,0,0,0,Flat,0,,0,,1,Dark,498801,0,0,0,2,0,0,0,0,0,,0,0,Auckland Region,Nil,2-way,Sealed,0,0,0,0,50,0,On,0,0,,76,Auckland,Nil,0,0,0,0,0,0,Urban,0,0,0,Fine,Null
1747102.9827,5917556.4407,743334,,512500,0,0,0,2,0,South,2023/2024,FINLOW DRIVE,MCLEOD ROAD,,Non-Injury Crash,No,2023,0,North,0,0,0,Flat,0,,0,,0,Dark,258700,0,0,0,2,0,0,0,0,1,,0,0,Auckland Region,Nil,2-way,Sealed,0,0,0,0,50,0,On,1,0,,76,Auckland,Nil,0,0,0,0,0,0,Urban,0,0,0,Fine,Null
1753371.0268,5915378.8729,743341,,517903,0,0,1,1,0,Null,2023/2024,OWAIRAKA AVENUE,MOUNTFIELD TERRACE,,Non-Injury Crash,No,2023,0,West,0,0,0,Flat,0,,0,,0,Bright sun,521700,0,0,0,2,0,0,0,0,0,,0,0,Auckland Region,Nil,2-way,Sealed,0,0,0,0,50,0,Off,0,0,,76,Auckland,Give way,0,0,0,0,0,0,Urban,0,1,0,Fine,Strong wind
1768221.5194,5909964.8426,743349,,523112,0,0,0,0,0,North,2023/2024,BLACKBURN ROAD,ALLENS ROAD,,Non-Injury Crash,No,2023,0,Null,0,0,0,Flat,0,,0,,0,Dark,711500,0,0,0,2,0,0,0,0,1,,0,0,Auckland Region,Nil,2-way,Sealed,0,0,0,0,50,0,On,0,0,30,76,Auckland,Nil,0,0,0,0,1,0,Urban,1,0,0,Fine,Null
1753101.3006,5914174.7443,743366,,514500,0,,0,1,,West,2024/2025,MAIORO STREET,ROSEVILLE STREET,,Non-Injury Crash,No,2024,,East,,0,,Flat,,,,,,Dark,376700,0,0,0,4,,,0,,,,,,Auckland Region,Nil,2-way,Sealed,,0,0,,50,,On,1,0,,76,Auckland,Nil,,,,,0,0,Urban,0,,,Fine,Null
1755271.3266,5875975.2643,743373,,526105,0,,0,2,,Null,2023/2024,WAIUKU ROAD,COLOMBO ROAD,,Non-Injury Crash,No,2023,,West,,0,,Flat,,,,,,Twilight,835603,0,0,0,2,,,0,,,,,,Auckland Region,Nil,2-way,Sealed,,0,0,,50,,Off,0,0,,76,Auckland,Give way,,,,,0,0,Urban,0,,,Fine,Null
1773891.8166,5896998.6347,743374,,525620,0,,0,1,,Null,2023/2024,KELVIN ROAD,CLEVEDON ROAD,,Non-Injury Crash,No,2024,,North,,0,,Flat,,,,,,Overcast,797300,0,0,0,2,,,0,,,,,,Auckland Region,Nil,2-way,Sealed,,0,0,,50,,Off,0,0,,76,Auckland,Give way,,,,,0,0,Urban,1,,,Light rain,Null
1771855.0627,5897383.9766,743381,,525420,0,,1,0,,North,2024/2025,GREAT SOUTH ROAD,TIRONUI ROAD,,Serious Crash,No,2024,,South,,0,,Flat,,,,,,Overcast,790800,0,0,0,2,,,0,,,1,,,Auckland Region,Nil,2-way,Sealed,,0,1,,50,,Off,0,0,,76,Auckland,Nil,,,,,0,0,Urban,0,,,Fine,Null
1761622.4739,5906421.37,743405,,524200,0,,0,2,,Null,2022/2023,TIDAL ROAD,MASSEY ROAD,,Non-Injury Crash,No,2023,,Null,,0,,Flat,,,,,,Bright sun,728700,0,0,0,2,,,0,,,,,,Auckland Region,Nil,2-way,Sealed,,0,0,,50,,Off,0,0,,76,Auckland,Give way,,,,,0,0,Urban,0,,,Fine,None
1767485.8927,5905656.545,743421,,524603,0,0,0,1,0,South,2023/2024,SOUTHERN MOTORWAY,REAGAN OBR,,Non-Injury Crash,Yes,2024,0,North,0,0,0,Flat,1,,0,,0,Dark,671000,0,0,0,3,0,0,0,0,0,,0,0,Auckland Region,Nil,1-way,Sealed,0,0,0,1,100,0,On,0,0,,76,Auckland,Nil,0,0,0,0,0,0,Open,0,0,0,Heavy rain,Null
1749972.4013,5912819.1958,743438,,511402,0,0,0,2,0,Null,2023/2024,ASTLEY AVENUE,MAYVILLE AVENUE,,Non-Injury Crash,No,2023,0,South,0,0,0,Flat,0,,0,,0,Twilight,261603,0,0,0,2,0,0,0,0,1,,0,0,Auckland Region,Nil,2-way,Sealed,0,0,0,0,50,0,On,0,0,,76,Auckland,Stop,0,0,0,0,0,0,Urban,0,0,0,Fine,Null
1762582.0041,5912677.8692,743469,,520500,0,,0,1,,North,2023/2024,GREAT SOUTH ROAD,CHURCH STREET EAST,,Non-Injury Crash,No,2024,,South,,0,,Flat,,,,,,Overcast,637300,0,0,0,4,,,0,,,,,,Auckland Region,Nil,2-way,Sealed,,0,0,,50,,Off,0,0,,76,Auckland,Nil,,,,,1,0,Urban,0,,,Light rain,Null
1753548.3672,5924730.3452,743477,,510401,0,,0,1,,Null,2023/2024,HIGHBURY BYPASS,MAHARA AVENUE,,Non-Injury Crash,No,2024,,North,,0,,Flat,,,,,,Bright sun,351202,0,0,0,3,,,0,,,,,,Auckland Region,Nil,2-way,Sealed,,0,0,,50,,Off,1,0,,76,Auckland,Give way,,,,,0,0,Urban,0,,,Fine,Null
1772953.5917,5891219.7591,743485,,521301,0,,0,0,,North,2024/2025,SOUTHERN MOTORWAY,GREAT SOUTH ROAD OFF RAMP,,Minor Crash,Yes,2024,,North,,0,,Flat,,,,,,Overcast,809200,1,0,0,2,,,0,,,,,,Auckland Region,Nil,2-way,Sealed,,0,0,,100,,Off,1,0,,76,Auckland,Nil,,,,,0,0,Open,1,,,Fine,Null
1765791.1741,5916598.5395,743486,,517100,0,,0,1,,Null,2024/2025,ROPATA AVENUE,PT ENGLAND ROAD,,Minor Crash,No,2024,,North,,0,,Flat,,,,,,Overcast,477600,1,0,0,2,,,0,,,,,,Auckland Region,Nil,2-way,Sealed,,0,0,,50,,Off,0,0,,76,Auckland,Stop,,,,,0,0,Urban,1,,,Fine,Null
1770684.1432,5897379.9877,743501,,523912,0,,0,4,,South,2023/2024,SOUTHERN MOTORWAY,PAHUREHURE NO 1 BR,,Non-Injury Crash,Yes,2024,,South,,0,,Flat,,,,,,Dark,767803,0,0,0,3,,,0,,,,,,Auckland Region,Nil,1-way,Sealed,,0,0,,100,,On,0,0,,76,Auckland,Nil,,,,,0,0,Open,0,,,Fine,Null
1779436.658,5926955.4912,743509,,520801,0,,0,1,,Null,2024/2025,TUI STREET,MAKO STREET,,Minor Crash,No,2024,,South,,0,,Hill Road,,,,,,Overcast,516201,1,0,0,2,,,0,,,,,,Auckland Region,Nil,2-way,Sealed,,0,0,,30,,Off,0,0,,76,Auckland,Give way,,,,,0,0,Urban,1,,,Light rain,Null
1751984.7054,5917914.2353,743517,,515001,0,,0,2,,Null,2023/2024,GREAT NORTH ROAD,SH 16,,Non-Injury Crash,No,2023,,South,,0,,Flat,,,,,,Bright sun,392400,0,0,0,0,,,0,,,,,,Auckland Region,Nil,2-way,Sealed,,0,0,,,,Null,0,0,,76,Auckland,Traffic Signals,,,,,0,0,Urban,0,,,Fine,Null
1753979.4056,5925790.9104,743518,,508610,0,,0,2,,Null,2023/2024,MOORE STREET,BANK STREET,,Minor Crash,No,2024,,East,,0,,Hill Road,,,,,,Bright sun,207200,1,0,0,2,,,0,,,,,,Auckland Region,Nil,2-way,Sealed,,0,0,,50,,Off,0,0,,76,Auckland,Nil,,,,,0,0,Urban,0,,,Fine,Null
1757915.2844,5918090.4856,743542,,515700,0,,0,1,,Null,2023/2024,SOUTHERN MOTORWAY,GILLIES AVENUE OFF RAMP,,Non-Injury Crash,Yes,2024,,South,,0,,Flat,,,,,,Overcast,443200,0,0,0,5,,,0,,,,,,Auckland Region,Motorway ramp,1-way,Sealed,,0,0,,80,,Off,1,0,,76,Auckland,Nil,,,,,0,0,Open,0,,,Light rain,Null
1747467.9929,5913651.2142,743549,,511100,0,,0,3,,West,2023/2024,WEST COAST ROAD,JANET CLEWS PLACE,,Non-Injury Crash,No,2023,,East,,0,,Flat,,,,,,Overcast,286701,0,0,0,4,,,0,,,,,,Auckland Region,Nil,2-way,Sealed,,0,0,,50,,Off,0,0,,76,Auckland,Nil,,,,,0,0,Urban,0,,,Heavy rain,Null
1770180.289,5911012.8384,743550,,523113,0,,0,1,,Null,2023/2024,TE KOHA ROAD,TE IRIRANGI DRIVE,,Non-Injury Crash,No,2023,,East,,0,,Flat,,,,,,Overcast,711716,0,0,0,2,,,0,,,,,,Auckland Region,Nil,1-way,Sealed,,0,0,,50,,Off,1,0,,76,Auckland,Traffic Signals,,,,,0,0,Urban,0,,,Fine,Strong wind