X,Y,OBJECTID,advisorySpeed,areaUnitID,bicycle,bridge,bus,carStationWagon,cliffBank,crashDirectionDescription,crashFinancialYear,crashLocation1,crashLocation2,crashRoadSideRoad,crashSeverity,crashSHDescription,crashYear,debris,directionRoleDescription,ditch,fatalCount,fence,flatHill,guardRail,holiday,houseOrBuilding,intersection,kerb,light,meshblockId,minorInjuryCount,moped,motorcycle,NumberOfLanes,objectThrownOrDropped,otherObject,otherVehicleType,overBank,parkedVehicle,pedestrian,phoneBoxEtc,postOrPole,region,roadCharacter,roadLane,roadSurface,roadworks,schoolBus,seriousInjuryCount,slipOrFlood,speedLimit,strayAnimal,streetLight,suv,taxi,temporarySpeedLimit,tlaId,tlaName,trafficControl,trafficIsland,trafficSign,train,tree,truck,unknownVehicleType,urban,vanOrUtility,vehicle,waterRiver,weatherA,weatherB
1752539.1919,5924748.6841,743566,,510402,0,0,0,2,0,Null,2023/2024,BALMAIN ROAD,MOKOIA ROAD,,Non-Injury Crash,No,2023,0,North,0,0,1,Flat,0,,0,,0,Bright sun,352500,0,0,0,2,0,0,0,0,1,,1,0,Auckland Region,Nil,2-way,Sealed,0,0,0,0,50,0,Off,0,0,,76,Auckland,Give way,0,0,0,0,0,0,Urban,0,0,0,Fine,Null
1763711.2389,5909780.966,743581,,521901,0,0,0,2,0,West,2023/2024,STATION ROAD,MOA STREET,,Non-Injury Crash,No,2023,0,South,0,0,0,Flat,0,,0,,0,Overcast,782800,0,0,0,2,0,0,0,0,1,,0,0,Auckland Region,Nil,2-way,Sealed,0,0,0,0,30,0,Off,0,0,,76,Auckland,Nil,0,0,0,0,0,0,Urban,0,0,0,Light rain,Null
1753556.1313,5914429.5515,743590,,518801,0,,0,2,,South,2023/2024,SH 20,MAIORO ST OBR,,Non-Injury Crash,Yes,2023,,South,,0,,Flat,,,,,,Overcast,578500,0,0,0,3,,,0,,,,,,Auckland Region,Underpass,1-way,Sealed,,0,0,,100,,Off,0,0,,76,Auckland,Nil,,,,,0,0,Open,0,,,Fine,Strong wind
1747151.8796,5919350.5737,743597,,512402,0,0,0,1,0,South,2023/2024,TE ATATU ROAD,COVIL AVENUE,,Non-Injury Crash,No,2024,0,North,0,0,0,Hill Road,0,,0,,0,Overcast,254000,0,0,0,5,0,0,0,0,0,,0,0,Auckland Region,Nil,2-way,Sealed,0,0,0,0,50,0,Off,0,0,,76,Auckland,Nil,0,1,0,0,0,0,Urban,0,0,0,Fine,Null
1774637.6182,5909593.9679,743605,,523202,0,0,0,1,0,North,2023/2024,WHITFORD ROAD,WHITFORD PARK ROAD,,Non-Injury Crash,No,2023,0,North,0,0,0,Hill Road,1,,0,,0,Dark,717600,0,0,0,2,0,0,0,0,0,,0,0,Auckland Region,Nil,2-way,Sealed,0,0,0,0,50,0,None,0,0,,76,Auckland,Nil,0,0,0,0,0,0,Urban,0,0,0,Fine,Null
1755219.1119,5931597.7714,743629,,508520,0,,0,2,,Null,2022/2023,LAVERY PLACE,SUNSET ROAD,,Non-Injury Crash,No,2023,,West,,0,,Hill Road,,,,,,Bright sun,189706,0,0,0,2,,,0,,,,,,Auckland Region,Nil,2-way,Sealed,,0,0,,50,,Off,0,0,,76,Auckland,Give way,,,,,0,0,Urban,0,,,Fine,Null
1763382.4771,5908447.5464,743630,,524402,0,,0,1,,Null,2023/2024,MANGERE ROAD,HOSPITAL ROAD,,Non-Injury Crash,No,2024,,South,,0,,Hill Road,,,,,,Dark,749900,0,0,0,4,,,0,,,,,,Auckland Region,Overpass,2-way,Sealed,,0,0,,50,,On,0,0,,76,Auckland,Traffic Signals,,,,,0,0,Urban,0,,,Fine,Null
1754812.9329,5930548.4227,743653,,508520,0,,0,2,,South,2023/2024,NORTHERN MOTORWAY,UPPER HARBOUR HWY ON RAMP,,Non-Injury Crash,Yes,2023,,South,,0,,Hill Road,,,,,,Overcast,192700,0,0,0,2,,,0,,,,,,Auckland Region,Nil,1-way,Sealed,,0,0,,100,,Off,1,0,,76,Auckland,Nil,,,,,0,0,Open,0,,,Fine,Null
1749961.7828,5913801.2836,743654,,511303,0,,0,1,,Null,2023/2024,CLARK STREET,RANKIN AVENUE,,Non-Injury Crash,No,2024,,West,,0,,Flat,,,,,,Twilight,264904,0,0,0,4,,,0,,,,,,Auckland Region,Nil,2-way,Sealed,,0,0,,50,,None,0,0,,76,Auckland,Traffic Signals,,,,,0,0,Urban,1,,,Fine,Null
1754264.2898,5935955.4105,743685,,508703,0,,0,1,,Null,2023/2024,OTEHA VALLEY ROAD,KANAPA ROAD,,Non-Injury Crash,No,2023,,North,,0,,Flat,,,,,,Bright sun,179214,0,0,0,4,,,0,,,,,,Auckland Region,Nil,2-way,Sealed,,0,0,,50,,Off,0,0,,76,Auckland,Nil,,,,,0,0,Urban,1,,,Fine,Null
1769434.5119,5911413.6025,743693,,523113,0,,0,2,,East,2024/2025,TI RAKAU DRIVE,GREENMOUNT DRIVE,,Non-Injury Crash,No,2024,,West,,0,,Flat,,,,,,Overcast,711703,0,0,0,4,,,0,,,,,,Auckland Region,Nil,1-way,Sealed,,0,0,,50,,None,0,0,,76,Auckland,Nil,,,,,0,0,Urban,1,,,Fine,Null
1744437.8294,5913724.0068,743694,,512906,0,,0,1,,North,2022/2023,WEST COAST ROAD,SHAW ROAD,,Minor Crash,No,2023,,South,,0,,Flat,,,,,,Twilight,278601,1,0,0,2,,,0,,,,,,Auckland Region,Nil,2-way,Sealed,,0,0,,50,,On,0,0,,76,Auckland,Nil,,,,,0,0,Urban,1,,,Fine,Null
1756382.6318,5920013.9594,743701,,514000,0,,0,1,,Null,2024/2025,WELLINGTON STREET,HOWE STREET,,Non-Injury Crash,No,2024,,West,,0,,Null,,,,,,Bright sun,413100,0,0,0,2,,,0,,,,,,Auckland Region,Nil,2-way,Sealed,,0,0,,30,,Null,0,0,,76,Auckland,Give way,,,,,0,1,Urban,0,,,Fine,Null
1754875.0932,5930479.8093,743710,,508520,0,,0,3,,South,2022/2023,NORTHERN MOTORWAY,UPPER HARBOUR HWY ON RAMP,,Non-Injury Crash,Yes,2023,,South,,0,,Flat,,,,,,Bright sun,192700,0,0,0,2,,,0,,,,,,Auckland Region,Nil,1-way,Sealed,,0,0,,100,,Off,0,0,,76,Auckland,Nil,,,,,0,0,Open,0,,,Fine,Null
1744515.6219,5932374.3835,743749,,506400,0,,0,2,,North,2022/2023,COATESVILLE-RIVERHEAD HIGHWAY,MILL FLAT ROAD,,Non-Injury Crash,No,2023,,North,,0,,Flat,,,,,,Overcast,216800,0,0,0,2,,,0,,,,,,Auckland Region,Nil,2-way,Sealed,,0,0,,60,,None,0,0,,76,Auckland,Nil,,,,,0,0,Urban,0,,,Fine,Null
1763907.4261,5915255.6322,743750,,520302,1,,0,1,,Null,2022/2023,LUNN AVENUE,MARUA ROAD,,Minor Crash,No,2023,,East,,0,,Flat,,,,,,Overcast,626500,1,0,0,2,,,0,,,,,,Auckland Region,Nil,2-way,Sealed,,0,0,,50,,Off,0,0,,76,Auckland,Traffic Signals,,,,,0,0,Urban,0,,,Fine,Null
1772886.2437,5891753.307,743766,,521301,0,,0,1,,Null,2022/2023,SOUTHERN MOTORWAY,GREAT SOUTH ROAD ON RAMP,,Non-Injury Crash,Yes,2023,,North,,0,,Hill Road,,,,,,Overcast,808702,0,0,0,2,,,0,,,,,,Auckland Region,Nil,1-way,Sealed,,0,0,,100,,Off,0,0,,76,Auckland,Nil,,,,,1,0,Open,0,,,Heavy rain,Null
1762226.7739,5913600.4775,743814,,520402,0,0,0,2,0,South,2023/2024,SOUTHERN MOTORWAY,PENROSE OBR,,Minor Crash,Yes,2023,0,South,0,0,0,Flat,2,,0,,0,Dark,642200,1,0,0,3,0,0,0,0,0,,0,0,Auckland Region,Nil,1-way,Sealed,0,0,0,0,100,0,On,0,0,,76,Auckland,Nil,0,0,0,0,0,0,Open,0,0,0,Fine,Null
1759621.0263,5925279.4754,743829,,508110,0,,0,1,,East,2023/2024,WINSCOMBE STREET,LAKE ROAD,,Minor Crash,No,2024,,East,,0,,Flat,,,,,,Bright sun,319200,1,0,0,2,,,0,,,1,,,Auckland Region,Nil,2-way,Sealed,,0,0,,50,,Off,0,0,,76,Auckland,Nil,,,,,0,0,Urban,0,,,Fine,Null
1758955.0118,5904691.3146,743838,,524200,0,0,0,1,0,Null,2022/2023,GEORGE BOLT MEMORIAL DRIVE,VERISSIMO DRIVE,,Minor Crash,No,2023,0,South,0,0,0,Flat,0,,0,,1,Dark,727800,1,0,0,2,0,0,0,1,0,,0,0,Auckland Region,Nil,2-way,Sealed,0,0,0,0,60,0,On,0,0,50,76,Auckland,Traffic Signals,0,0,0,0,0,0,Urban,0,0,0,Fine,Null
1784599.0311,5925179.137,743853,,520801,0,,0,0,,West,2023/2024,ONETANGI ROAD,WAIATA ROAD,,Serious Crash,No,2024,,West,,0,,Flat,,,,,,Bright sun,515403,0,0,0,2,,,0,,,,,,Auckland Region,Nil,2-way,Sealed,,0,1,,60,,Off,0,0,,76,Auckland,Nil,,,,,0,0,Urban,2,,,Fine,Null
1771469.8433,5895166.0981,743861,,521201,0,0,0,1,0,South,2022/2023,PAPAKURA ON RAMP,HINGAIA ROAD,,Non-Injury Crash,No,2023,0,North,0,0,0,Flat,2,,0,,0,Dark,806700,0,0,0,1,0,0,0,0,0,,0,0,Auckland Region,Motorway ramp,1-way,Sealed,0,0,0,0,50,0,On,0,0,,76,Auckland,Traffic Signals,0,0,0,0,0,0,Urban,0,0,0,Fine,Null
1766376.2501,5915052.8747,743869,,520601,0,,0,2,,North,2022/2023,DUNKIRK ROAD,ALAMEIN ROAD,,Non-Injury Crash,No,2023,,North,,0,,Flat,,Easter,,,,Dark,629800,0,0,0,2,,,0,,,,,,Auckland Region,Nil,2-way,Sealed,,0,0,,50,,On,0,0,,76,Auckland,Nil,,,,,0,0,Urban,0,,,Light rain,Null
1767811.639,5905984.441,743878,,523721,0,0,0,2,0,West,2022/2023,CLUTHA CRESCENT,AWATERE STREET,,Non-Injury Crash,No,2023,0,East,0,0,0,Flat,0,,0,,0,Bright sun,715200,0,0,0,2,0,0,0,0,1,1,0,0,Auckland Region,Nil,2-way,Sealed,0,0,0,0,50,0,Off,0,0,,76,Auckland,Nil,0,0,0,0,0,0,Urban,0,0,0,Fine,Null
1771027.6988,5900891.5163,743892,,523816,0,0,0,1,0,North,2022/2023,PORCHESTER ROAD,TAIPAN PLACE,,Minor Crash,No,2023,0,North,0,0,0,Flat,0,,0,,0,Overcast,759730,1,0,0,2,0,0,0,0,1,,0,0,Auckland Region,Nil,2-way,Sealed,0,0,0,0,50,0,Off,0,0,,76,Auckland,Nil,0,0,0,0,0,0,Urban,1,0,0,Fine,Null
1771468.5653,5895078.4944,743916,,521201,0,0,0,1,0,South,2022/2023,PAPAKURA OFF RAMP,SOUTHERN MOTORWAY,,Minor Crash,No,2023,0,North,0,0,0,Flat,1,,0,,0,Dark,806700,1,0,0,1,0,0,0,0,0,,0,0,Auckland Region,Motorway ramp,1-way,Sealed,0,0,0,0,80,0,Off,0,0,,76,Auckland,Nil,0,0,0,0,0,0,Open,0,0,0,Fine,Null
1776728.3388,5908818.9018,743933,45,523202,0,0,0,1,0,East,2023/2024,TRIG ROAD,PUKETIRO ROAD,,Non-Injury Crash,No,2023,0,East,1,0,0,Hill Road,0,Christmas New Year,0,,0,Bright sun,716401,0,0,0,2,0,0,0,0,0,,0,0,Auckland Region,Nil,2-way,Sealed,0,0,0,0,60,0,None,0,0,,76,Auckland,Nil,0,0,0,0,0,0,Urban,0,0,0,Fine,Null
1770315.0359,5916547.9203,743934,,522604,0,0,0,2,0,South,2023/2024,BUCKLANDS BEACH ROAD,WELLS ROAD,,Minor Crash,No,2023,0,North,0,0,1,Flat,0,,0,,0,Bright sun,677901,2,0,0,2,0,0,0,0,0,,0,1,Auckland Region,Nil,2-way,Sealed,0,0,0,0,50,0,Off,0,0,,76,Auckland,Nil,0,0,0,0,0,0,Urban,1,0,0,Fine,Null
1746579.0175,5915531.9156,743949,,511800,0,,0,1,,South,2024/2025,GREAT NORTH ROAD,VIEW ROAD,,Minor Crash,No,2025,,North,,0,,Flat,,,,,,Overcast,276400,1,0,0,4,,,0,,,1,,,Auckland Region,Nil,2-way,Sealed,,0,0,,50,,Off,0,0,,76,Auckland,Nil,,,,,0,0,Urban,0,,,Fine,Null
1754182.9139,5913273.5747,743990,,518803,0,0,0,1,0,South,2022/2023,MAY ROAD,MARION AVENUE,,Non-Injury Crash,No,2023,0,Null,0,0,0,Flat,0,,0,,0,Dark,582200,0,0,0,2,1,0,0,0,0,1,0,1,Auckland Region,Nil,2-way,Sealed,0,0,0,0,50,0,On,0,0,,76,Auckland,Nil,0,0,0,0,1,0,Urban,0,0,0,Fine,Null
1760761.4476,5914191.5313,743996,,519400,0,,0,0,,North,2022/2023,ROCKFIELD ROAD,GREENPARK ROAD,,Serious Crash,No,2023,,West,,0,,Flat,,,,,,Overcast,620000,0,0,0,2,,,0,,,1,,,Auckland Region,Nil,2-way,Sealed,,0,1,,50,,Off,0,0,,76,Auckland,Nil,,,,,0,0,Urban,1,,,Fine,Null
1748675.0281,5942445.3366,744022,,506300,0,,0,2,,South,2023/2024,NORTHERN MOTORWAY,WILKS OBR,,Minor Crash,Yes,2024,,North,,0,,Flat,,,,,,Dark,175907,1,0,0,2,,,0,,,,,,Auckland Region,Nil,1-way,Sealed,,0,0,,100,,On,0,0,,76,Auckland,Nil,,,,,0,0,Open,0,,,Mist or Fog,Null
1747139.3749,5916328.3227,744029,,511601,0,0,0,1,0,Null,2023/2024,KIRBY STREET,GLENDENE AVENUE,,Non-Injury Crash,No,2023,0,North,0,0,2,Hill Road,0,,0,,0,Dark,274700,0,0,0,2,0,0,0,0,0,,1,0,Auckland Region,Nil,2-way,Sealed,0,0,0,0,50,0,On,0,0,,76,Auckland,Stop,0,0,0,0,0,0,Urban,0,0,0,Fine,Null
1765882.0205,5906528.3561,744036,,522202,0,,0,0,,Null,2023/2024,GREAT SOUTH ROAD,REX LANE,,Minor Crash,No,2023,,North,,0,,Flat,,,,,,Bright sun,663800,1,0,0,4,,,0,,,1,,,Auckland Region,Nil,2-way,Sealed,,0,0,,50,,Off,0,0,,76,Auckland,Nil,,,,,0,0,Urban,0,,,Fine,Strong wind
1756008.045,5911969.6589,744061,,518701,0,0,0,1,0,South,2023/2024,HILLSBOROUGH ROAD,GOODALL STREET,,Minor Crash,No,2023,0,South,0,0,0,Flat,0,,0,,0,Dark,572802,1,0,0,2,0,0,0,0,1,,0,0,Auckland Region,Nil,2-way,Sealed,0,0,0,0,50,0,On,0,0,,76,Auckland,Nil,0,0,0,0,0,0,Urban,1,0,0,Light rain,Null
1743699.5422,5919338.8948,744124,35,513213,0,,0,1,,Null,2022/2023,SWANSON ROAD,UNIVERSAL DRIVE,,Non-Injury Crash,No,2023,,North,,0,,Flat,,,,,,Overcast,235802,0,0,0,2,,,0,,,,,,Auckland Region,Nil,2-way,Sealed,,0,0,,50,,Off,0,0,,76,Auckland,Give way,,,,,0,0,Urban,0,,,Fine,Null
1754136.2676,5931316.9005,744134,,508805,0,,0,1,,South,2022/2023,NORTHERN MOTORWAY,CONSTELLATION UNDERPASS,,Non-Injury Crash,Yes,2023,,South,,0,,Hill Road,,,,,,Overcast,180826,0,0,0,2,,,0,,,,,,Auckland Region,Nil,1-way,Sealed,,0,0,,100,,Off,0,0,,76,Auckland,Nil,,,,,1,0,Open,0,,,Fine,Null
1746038.5542,5913121.0844,744142,,511001,0,0,0,1,0,Null,2022/2023,PISCES ROAD,ROSIER ROAD,,Non-Injury Crash,No,2023,0,East,0,0,2,Hill Road,0,,0,,0,Dark,282825,0,0,0,2,0,0,0,0,0,,0,0,Auckland Region,Nil,2-way,Sealed,0,0,0,0,50,0,On,0,0,,76,Auckland,Stop,0,0,0,0,0,0,Urban,0,0,0,Fine,Null
1751592.2579,5915523.5486,744149,,514401,0,0,0,2,0,East,2023/2024,TRENT STREET,BLOCKHOUSE BAY ROAD,,Non-Injury Crash,No,2023,0,East,0,0,0,Flat,0,,0,,0,Overcast,382104,0,0,0,2,0,0,0,0,1,,0,0,Auckland Region,Nil,2-way,Sealed,0,0,0,0,50,0,Off,0,0,,76,Auckland,Nil,0,0,0,0,0,0,Urban,0,0,0,Fine,Null
1747138.9897,5919693.7246,744190,,512402,0,,0,1,,North,2023/2024,TE ATATU ROAD ON RAMP,TE ATATU ROAD,,Non-Injury Crash,No,2023,,West,,0,,Hill Road,,Christmas New Year,,,,Overcast,253600,0,0,0,2,,,0,,,,,,Auckland Region,Motorway ramp,1-way,Sealed,,0,0,,100,,Off,1,0,,76,Auckland,Traffic Signals,,,,,0,0,Open,0,,,Fine,Null
1751207.9352,5929891.1161,744206,,509100,0,,0,0,,North,2022/2023,UPPER HARBOUR MOTORWAY,GREENHITHE ROAD OFF RAMP,,Non-Injury Crash,Yes,2023,,West,,0,,Flat,,,,,,Twilight,181108,0,0,0,2,,,0,,,,,,Auckland Region,Nil,1-way,Sealed,,0,0,,100,,Off,0,0,,76,Auckland,Nil,,,,,0,0,Open,1,,,Fine,Null
1756121.3286,5923845.7771,744214,,509800,0,,0,2,,South,2023/2024,NORTHERN MOTORWAY,WEIGH BRIDGE,,Non-Injury Crash,Yes,2023,,South,,0,,Flat,,,,,,Dark,358800,0,0,0,5,,,0,,,,,,Auckland Region,Bridge,1-way,Sealed,,0,0,,80,,On,0,0,,76,Auckland,Nil,,,,,0,0,Open,0,,,Fine,Null
1752106.5933,5915708.8068,744229,,517901,0,,0,1,,North,2023/2024,NEW NORTH ROAD,ENNISMORE ROAD,,Minor Crash,No,2023,,North,,0,,Hill Road,,,,,,Overcast,523800,1,0,0,4,,,0,,,1,,,Auckland Region,Nil,2-way,Sealed,,0,0,,50,,Off,0,0,,76,Auckland,Nil,,,,,0,0,Urban,0,,,Fine,Null
1771866.0147,5894310.2439,744237,,525530,0,,0,2,,South,2022/2023,SOUTHERN MOTORWAY,PAPAKURA ON RAMP,,Non-Injury Crash,Yes,2023,,South,,0,,Flat,,,,,,Bright sun,803900,0,0,0,2,,,0,,,,,,Auckland Region,Nil,1-way,Sealed,,0,0,,100,,Off,0,0,,76,Auckland,Nil,,,,,0,0,Open,0,,,Fine,Null
1745793.4124,5920529.7077,744246,,513301,0,,0,4,,South,2022/2023,NORTH-WESTERN MOTORWAY,LINCOLN ROAD ON RAMP,,Non-Injury Crash,Yes,2023,,East,,0,,Flat,,,,,,Bright sun,230200,0,0,0,4,,,0,,,,,,Auckland Region,Nil,1-way,Sealed,,0,0,,100,,Off,0,0,,76,Auckland,Nil,,,,,0,0,Open,0,,,Fine,Null
1759878.6796,5915760.1736,744254,,519200,0,,0,1,,Null,2022/2023,GREEN LANE WEST,GREAT SOUTH ROAD,,Non-Injury Crash,No,2023,,East,,0,,Flat,,,,,,Overcast,616000,0,0,0,4,,,0,,,,,,Auckland Region,Nil,2-way,Sealed,,0,0,,50,,Off,0,0,,76,Auckland,Traffic Signals,,,,,1,0,Urban,0,,,Fine,Null
1748096.3106,5964492.5029,744262,,506613,0,,0,1,,South,2023/2024,SH 1,BARKERS BR,,Non-Injury Crash,No,2024,,North,,0,,Flat,,,,,,Bright sun,146005,0,0,0,2,,,0,,,,,,Auckland Region,Bridge,2-way,Sealed,,0,0,,80,,Off,0,2,,76,Auckland,Nil,,,,,0,0,Open,1,,,Fine,Strong wind
1770634.4009,5907141.1808,744270,,523713,0,0,0,0,0,East,2024/2025,ORMISTON ROAD,PENCAITLAND DRIVE,,Minor Crash,No,2024,0,East,0,0,0,Flat,0,,0,,0,Overcast,712401,1,0,0,2,0,0,0,0,0,,0,1,Auckland Region,Nil,1-way,Sealed,0,0,0,0,60,0,Off,1,0,,76,Auckland,Nil,0,0,0,0,0,0,Urban,0,0,0,Fine,Null
1754438.4568,5923864.2088,744294,,510500,0,0,0,1,0,Null,2023/2024,PALMERSTON ROAD,BRASSEY ROAD,,Non-Injury Crash,No,2023,0,West,0,0,0,Hill Road,0,,0,,0,Overcast,356700,0,0,0,2,0,0,0,0,0,,0,0,Auckland Region,Nil,2-way,Sealed,0,0,0,0,50,0,Off,0,0,,76,Auckland,Nil,0,0,0,1,0,0,Urban,0,0,0,Fine,Null
1761392.5373,5920141.4726,744301,,516400,0,,0,1,,East,2023/2024,TAMAKI DRIVE,POKANOA POINT ENT,,Minor Crash,No,2023,,East,,0,,Flat,,,,,,Bright sun,496600,2,0,0,2,,,0,,,,,,Auckland Region,Nil,2-way,Sealed,,0,0,,50,,Off,1,0,,76,Auckland,Nil,,,,,0,0,Urban,0,,,Fine,Null
1745784.9968,5923825.2152,744302,,513521,0,0,0,1,0,West,2023/2024,LUCKENS ROAD,MATISSE DRIVE,,Non-Injury Crash,No,2023,0,East,0,0,0,Flat,0,,0,,0,Dark,224243,0,0,0,2,0,0,0,0,1,,0,0,Auckland Region,Nil,2-way,Sealed,0,0,0,0,50,0,On,0,0,,76,Auckland,Nil,0,0,0,0,0,0,Urban,1,0,0,Fine,Null
1764717.8845,5905852.853,744341,,522201,0,0,0,1,0,North,2022/2023,SHIRLEY ROAD,STATION ROAD,,Non-Injury Crash,No,2023,0,North,0,0,0,Flat,0,,0,,0,Bright sun,663100,0,0,0,2,0,0,0,0,1,,0,0,Auckland Region,Nil,2-way,Sealed,0,0,0,0,50,0,Off,0,0,,76,Auckland,Nil,0,0,0,0,1,0,Urban,0,0,0,Fine,Null
1754337.9389,5931059.0167,744342,,508520,0,,0,2,,South,2023/2024,NORTHERN MOTORWAY,SUNSET OBR,,Non-Injury Crash,Yes,2023,,South,,0,,Flat,,,,,,Overcast,191105,0,0,0,4,,,0,,,,,,Auckland Region,Nil,2-way,Sealed,,0,0,,100,,Off,0,0,,76,Auckland,Nil,,,,,0,0,Open,0,,,Fine,Null
1779378.3107,5915009.798,744349,,523300,0,0,0,1,0,North,2022/2023,WHITFORD MARAETAI ROAD,JACK LACHLAN DRIVE,,Non-Injury Crash,No,2023,0,South,0,0,0,Hill Road,0,,0,,0,Twilight,718900,0,0,0,2,0,0,0,0,0,,0,1,Auckland Region,Nil,2-way,Sealed,0,0,0,0,80,0,None,0,0,,76,Auckland,Nil,0,0,0,0,0,0,Open,0,0,0,Light rain,Null
1751926.8822,5948376.8574,744357,,505805,1,,0,1,,South,2024/2025,HIBISCUS COAST HIGHWAY,CENTREWAY ROAD,,Minor Crash,No,2024,,North,,0,,Flat,,,,,,Bright sun,172401,1,0,0,2,,,0,,,,,,Auckland Region,Nil,2-way,Sealed,,0,0,,50,,Off,0,0,,76,Auckland,Stop,,,,,0,0,Urban,0,,,Fine,Null
1758023.5124,5917332.9596,744373,,515700,0,0,0,1,0,Null,2023/2024,GILLIES AVENUE,ALBURY AVENUE,,Non-Injury Crash,No,2024,0,North,0,0,0,Flat,0,,0,,0,Dark,457700,0,0,0,4,0,0,0,0,0,,0,1,Auckland Region,Nil,2-way,Sealed,0,0,0,0,50,0,On,0,0,,76,Auckland,Give way,0,0,0,0,0,0,Urban,0,0,0,Fine,Null
1764917.3915,5914716.4871,744381,,520602,0,1,0,1,0,Null,2023/2024,IRELAND ROAD,QUEENS ROAD,,Non-Injury Crash,No,2024,0,East,0,0,0,Flat,0,,0,,0,Dark,628400,0,0,0,2,0,0,0,0,0,,0,0,Auckland Region,Nil,2-way,Sealed,0,0,0,0,50,0,On,0,0,,76,Auckland,Traffic Signals,0,1,0,0,0,0,Urban,0,0,0,Fine,Null
1749186.1244,5927798.1235,744382,,509100,0,,0,2,,East,2023/2024,UPPER HARBOUR MOTORWAY,TAUHINU ROAD OFF RAMP,,Non-Injury Crash,Yes,2024,,East,,0,,Flat,,,,,,Bright sun,181703,0,0,0,3,,,0,,,,,,Auckland Region,Nil,1-way,Sealed,,0,0,,100,,Off,0,0,,76,Auckland,Nil,,,,,0,0,Open,1,,,Fine,Null
1794628.157,5904383.7301,744413,,525202,0,0,0,0,1,South,2022/2023,KAWAKAWA-ORERE ROAD,FORESTRY ROAD 3,,Serious Crash,No,2023,0,West,0,0,0,Hill Road,0,,0,,0,Bright sun,765200,0,0,1,2,0,0,0,0,0,,0,0,Auckland Region,Nil,2-way,Sealed,0,0,2,0,80,0,None,0,0,,76,Auckland,Nil,0,0,0,0,0,0,Open,0,0,0,Fine,Null
1749381.1682,5918114.7906,744445,,514801,0,,0,1,,South,2022/2023,NORTH-WESTERN MOTORWAY,ROSEBANK OBR,,Non-Injury Crash,Yes,2023,,North,,0,,Flat,,,,,,Twilight,390401,0,0,1,4,,,0,,,,,,Auckland Region,Nil,1-way,Sealed,,0,0,,100,,On,0,0,,76,Auckland,Nil,,,,,0,0,Open,0,,,Fine,Null
1766268.1034,5906113.985,744446,,522302,0,,0,1,,Null,2023/2024,GREAT SOUTH ROAD,MANGARATA AVENUE,,Minor Crash,No,2024,,South,,0,,Flat,,,,,,Dark,668902,1,0,0,2,,,0,,,,,,Auckland Region,Nil,2-way,Sealed,,0,0,,50,,On,0,0,,76,Auckland,Stop,,,,,0,0,Urban,1,,,Light rain,Null
1757709.5102,5917137.7115,744461,,515700,0,,0,1,,West,2022/2023,OWENS ROAD,BRIGHTSIDE ROAD,,Non-Injury Crash,No,2023,,West,,0,,Flat,,,,,,Dark,444801,0,0,1,2,,,0,,,,,,Auckland Region,Nil,2-way,Sealed,,0,0,,50,,On,0,0,,76,Auckland,Nil,,,,,0,0,Urban,0,,,Fine,Null
1755786.7132,5916710.1903,744486,,518201,0,,0,1,,West,2023/2024,ST ALBANS AVENUE,DOMINION ROAD,,Minor Crash,No,2023,,East,,0,,Flat,,,,,,Bright sun,552100,1,0,0,2,,,0,,,1,,,Auckland Region,Speed hump,2-way,Unsealed,,0,0,,50,,None,0,0,,76,Auckland,Nil,,,,,0,0,Urban,0,,,Light rain,Null
1754142.0916,5917842.6301,744501,,517600,0,0,0,2,0,West,2022/2023,WESTERN SPRINGS ROAD,MOUNTAIN VIEW ROAD,,Non-Injury Crash,No,2023,0,East,0,0,0,Flat,0,,0,,0,Dark,533800,0,0,0,2,0,0,0,0,1,,0,0,Auckland Region,Speed hump,2-way,Sealed,0,0,0,0,50,0,On,0,0,,76,Auckland,Nil,0,0,0,0,0,0,Urban,0,0,0,Fine,Null
1752322.8343,5930330.9001,744509,,509100,0,0,0,1,0,Null,2023/2024,ALBANY HIGHWAY,UPPER HARBOUR DRIVE,,Minor Crash,No,2024,0,West,0,0,0,Hill Road,0,,0,,1,Dark,181200,1,0,0,1,0,0,0,0,0,,0,0,Auckland Region,Nil,1-way,Sealed,0,0,0,0,60,0,On,0,0,,76,Auckland,Traffic Signals,1,0,0,1,0,0,Urban,0,0,0,Fine,Null
1755168.0639,5914294.3548,744518,,518803,0,,0,2,,Null,2023/2024,MOUNT ALBERT ROAD,DOMINION ROAD,,Minor Crash,No,2023,,South,,0,,Hill Road,,,,,,Overcast,580100,2,0,0,4,,,0,,,,,,Auckland Region,Nil,2-way,Sealed,,0,0,,50,,Off,0,0,,76,Auckland,Traffic Signals,,,,,1,0,Urban,0,,,Fine,Null
1768550.5308,5903212.438,744533,,523820,0,,0,1,,South,2023/2024,SOUTHERN MOTORWAY,SOUTH-WESTERN MOTORWAY,,Minor Crash,Yes,2023,,South,,0,,Flat,,,,,,Dark,760121,1,0,1,4,,,0,,,,,,Auckland Region,Nil,1-way,Sealed,,0,0,,100,,On,0,0,,76,Auckland,Nil,,,,,0,0,Open,0,,,Fine,Null
1743444.1966,5917180.4375,744550,,513220,0,,0,0,,Null,2022/2023,HIGHFIELDS TERRACE,CHESTERTON TERRACE,,Non-Injury Crash,No,2023,,South,,0,,Flat,,,,,,Bright sun,236812,0,0,0,2,,,0,,,,,,Auckland Region,Nil,2-way,Sealed,,0,0,,50,,Off,2,0,,76,Auckland,Give way,,,,,0,0,Urban,0,,,Fine,Null