X,Y,OBJECTID,advisorySpeed,areaUnitID,bicycle,bridge,bus,carStationWagon,cliffBank,crashDirectionDescription,crashFinancialYear,crashLocation1,crashLocation2,crashRoadSideRoad,crashSeverity,crashSHDescription,crashYear,debris,directionRoleDescription,ditch,fatalCount,fence,flatHill,guardRail,holiday,houseOrBuilding,intersection,kerb,light,meshblockId,minorInjuryCount,moped,motorcycle,NumberOfLanes,objectThrownOrDropped,otherObject,otherVehicleType,overBank,parkedVehicle,pedestrian,phoneBoxEtc,postOrPole,region,roadCharacter,roadLane,roadSurface,roadworks,schoolBus,seriousInjuryCount,slipOrFlood,speedLimit,strayAnimal,streetLight,suv,taxi,temporarySpeedLimit,tlaId,tlaName,trafficControl,trafficIsland,trafficSign,train,tree,truck,unknownVehicleType,urban,vanOrUtility,vehicle,waterRiver,weatherA,weatherB
1748680.3849,5944997.279,744581,,505806,0,,0,1,,North,2022/2023,NORTHERN MOTORWAY,SILVERDALE ON RAMP,,Non-Injury Crash,Yes,2023,,South,,0,,Flat,,,,,,Unknown,176802,0,0,0,2,,,0,,,,,,Auckland Region,Nil,1-way,Sealed,,0,0,,100,,Null,1,0,,76,Auckland,Nil,,,,,0,0,Open,0,,,Null,Null
1757143.9688,5919862.5604,744590,,514102,0,,0,4,,West,2022/2023,MAYORAL DRIVE,QUEEN STREET,,Non-Injury Crash,No,2023,,East,,0,,Flat,,Easter,,,,Dark,435201,0,0,0,4,,,0,,,,,,Auckland Region,Nil,2-way,Sealed,,0,0,,30,,On,0,0,,76,Auckland,Nil,,,,,0,0,Urban,0,,,Light rain,Null
1753448.749,5932907.6607,744598,75,508807,0,,0,2,,North,2022/2023,NORTHERN MOTORWAY,GREVILLE ROAD OFF RAMP,,Non-Injury Crash,Yes,2023,,North,,0,,Hill Road,,Queens Birthday,,,,Dark,180811,0,0,0,2,,,0,,,,,,Auckland Region,Nil,2-way,Sealed,,0,0,,80,,On,0,0,,76,Auckland,Nil,,,,,0,0,Open,0,,,Fine,Null
1768186.2323,5902429.1875,744606,,524602,0,0,0,1,0,Null,2022/2023,GREAT SOUTH ROAD,BROWNS ROAD,,Non-Injury Crash,No,2023,0,South,0,0,0,Flat,0,,1,,0,Dark,780600,0,0,0,4,0,0,0,0,0,,0,0,Auckland Region,Nil,2-way,Sealed,0,0,0,0,50,0,On,0,0,,76,Auckland,Traffic Signals,0,0,0,0,0,0,Urban,0,0,0,Fine,Null
1760947.3756,5914055.166,744621,,519500,0,0,0,3,0,East,2022/2023,GREENPARK ROAD,ROCKFIELD ROAD,,Non-Injury Crash,No,2023,0,West,0,0,0,Flat,0,,0,,0,Twilight,620500,0,0,0,2,0,0,0,0,1,,0,0,Auckland Region,Speed hump,2-way,Sealed,0,0,0,0,50,0,Off,0,0,,76,Auckland,Nil,0,0,0,0,0,0,Urban,0,0,0,Light rain,Null
1751938.6961,5914929.2443,744628,,514401,1,,0,0,,Null,2022/2023,METHUEN ROAD,BOLLARD AVENUE,,Minor Crash,No,2023,,East,,0,,Hill Road,,,,,,Bright sun,380200,1,0,0,2,,,0,,,,,,Auckland Region,Nil,2-way,Sealed,,0,0,,50,,Off,0,0,,76,Auckland,Give way,,,,,0,0,Urban,1,,,Fine,Null
1766954.8685,5901504.5417,744646,,524720,0,0,0,1,0,Null,2022/2023,RUSSELL ROAD,ARBOR CLOSE,,Non-Injury Crash,No,2023,0,South,0,0,0,Flat,0,,0,,0,Bright sun,777900,0,0,0,2,0,0,0,0,1,,0,1,Auckland Region,Nil,2-way,Sealed,0,0,0,0,50,0,Off,0,0,,76,Auckland,Give way,0,0,0,0,0,0,Urban,1,0,0,Fine,Null
1756122.5579,5923838.5574,744653,,509800,0,,0,1,,South,2022/2023,NORTHERN MOTORWAY,WEIGH BRIDGE,,Non-Injury Crash,Yes,2023,,South,,0,,Flat,,,,,,Dark,358800,0,0,0,5,,,0,,,,,,Auckland Region,Nil,1-way,Sealed,,0,0,,80,,On,0,0,,76,Auckland,Nil,,,,,0,0,Open,1,,,Light rain,Null
1759634.6265,5912992.7006,744661,,520000,0,,0,2,,Null,2023/2024,MOUNT SMART ROAD,MAYS ROAD,,Non-Injury Crash,No,2023,,West,,0,,Flat,,,,,,Overcast,605700,0,0,0,3,,,0,,,,,,Auckland Region,Nil,2-way,Sealed,,0,0,,50,,Off,0,0,,76,Auckland,Give way,,,,,0,0,Urban,1,,,Fine,Null
1755637.6081,5928461.949,744694,,508320,0,,0,2,,Null,2023/2024,WAIRAU ROAD,ARCHERS ROAD,,Non-Injury Crash,No,2023,,South,,0,,Flat,,,,,,Dark,198500,0,0,0,4,,,0,,,,,,Auckland Region,Tram lines,2-way,Sealed,,0,0,,50,,On,0,0,30,76,Auckland,Traffic Signals,,,,,0,0,Urban,0,,,Fine,Null
1754990.6525,5911462.9098,744701,,519002,0,0,0,3,0,Null,2023/2024,HILLSBOROUGH ROAD,HIBISCUS PLACE,,Minor Crash,No,2024,0,West,0,0,0,Flat,0,,0,,0,Bright sun,592101,1,0,0,2,0,0,0,0,1,,0,0,Auckland Region,Nil,2-way,Sealed,0,0,0,0,50,0,Off,0,0,,76,Auckland,Stop,0,0,0,0,0,0,Urban,0,0,0,Fine,Null
1767978.2916,5907464.2674,744710,,523602,0,0,0,2,0,West,2022/2023,FISHER CRESCENT,PRESTON ROAD,,Non-Injury Crash,No,2023,0,South,0,0,0,Flat,0,,0,,0,Dark,710100,0,0,0,2,0,0,0,0,1,,0,0,Auckland Region,Nil,2-way,Sealed,0,0,0,0,50,0,On,0,0,,76,Auckland,Nil,0,0,0,0,0,0,Urban,0,0,0,Fine,Null
1755245.1265,5924719.5438,744716,,509800,0,,0,2,,Null,2022/2023,ONEWA ROAD,WOODSIDE AVENUE,,Minor Crash,No,2023,,East,,0,,Flat,,,,,,Bright sun,359400,1,0,0,4,,,0,,,,,,Auckland Region,Nil,2-way,Sealed,,0,0,,50,,Off,0,0,,76,Auckland,Give way,,,,,0,0,Urban,0,,,Fine,Null
1753150.8312,5935123.8057,744734,,508704,0,,0,3,,East,2022/2023,OTEHA VALLEY ROAD,FAIRVIEW AVENUE,,Non-Injury Crash,No,2023,,West,,0,,Flat,,,,,,Overcast,179111,0,0,0,2,,,0,,,,,,Auckland Region,Nil,2-way,Sealed,,0,0,,50,,Off,1,0,,76,Auckland,Nil,,,,,0,0,Urban,0,,,Fine,Null
1766624.1093,5913187.0286,744741,,522910,0,0,0,2,0,Null,2023/2024,OFF ROAD - COUNTDOWN CAR PARK,,,Minor Crash,No,2024,0,East,0,0,0,Flat,0,,0,,0,Bright sun,684000,1,0,0,,0,0,0,0,1,,0,0,Auckland Region,Nil,Off road,Sealed,0,0,0,0,,0,Off,0,0,,76,Auckland,Nil,0,0,0,0,0,0,Urban,0,0,0,Fine,Null
1755000.9014,5929241.246,744742,,508420,0,0,0,1,0,North,2022/2023,WAIRAU ROAD,TARGET ROAD,,Non-Injury Crash,No,2023,0,South,0,0,0,Hill Road,0,,0,,0,Dark,183700,0,0,0,3,0,0,0,0,1,,1,0,Auckland Region,Nil,2-way,Sealed,0,0,0,0,50,0,On,0,0,,76,Auckland,Nil,0,0,0,0,0,1,Urban,0,0,0,Heavy rain,Null
1768073.1706,5904357.537,744749,,523820,0,,0,1,,Null,2023/2024,REDOUBT ROAD,REDOUBT ROAD OFF RAMP,,Minor Crash,No,2023,,West,,0,,Flat,,,,,,Bright sun,759901,2,0,0,2,,,0,,,,,,Auckland Region,Nil,1-way,Sealed,,0,0,,50,,Off,1,0,,76,Auckland,Traffic Signals,,,,,0,0,Urban,0,,,Fine,Null
1755559.9961,5944264.9665,744765,,505908,0,0,0,4,0,North,2022/2023,WHANGAPARAOA ROAD,KAREPIRO DRIVE,,Non-Injury Crash,No,2023,0,North,0,0,0,Flat,0,,0,,0,Dark,173605,0,0,0,1,0,0,0,0,1,,0,0,Auckland Region,Nil,2-way,Sealed,0,0,0,0,50,0,On,0,0,,76,Auckland,Nil,0,0,0,0,0,0,Urban,1,0,0,Light rain,Null
1768920.7884,5901260.0442,744773,,524901,0,0,0,1,0,South,2022/2023,HILL ROAD,SCENIC DRIVE,,Non-Injury Crash,No,2023,0,South,0,0,0,Flat,0,,0,,1,Bright sun,756600,0,0,0,2,0,0,0,0,0,,0,0,Auckland Region,Nil,2-way,Sealed,0,0,0,0,50,0,On,0,0,,76,Auckland,Nil,0,0,0,1,0,0,Urban,0,0,0,Light rain,Null
1784502.6019,5925151.8847,744781,,520801,0,0,0,1,0,East,2022/2023,ONETANGI ROAD,O'BRIEN ROAD,,Non-Injury Crash,No,2023,0,West,0,0,1,Flat,0,,0,,0,Dark,515403,0,0,0,2,0,0,0,0,0,,0,0,Auckland Region,Nil,2-way,Sealed,0,0,0,0,60,0,None,0,0,,76,Auckland,Nil,0,0,0,0,0,0,Urban,0,0,0,Fine,Null
1746023.3425,5926115.6108,744782,,513410,0,,0,0,,Null,2023/2024,BRIGHAM CREEK ROAD,SINTON ROAD,,Non-Injury Crash,No,2024,,East,,0,,Flat,,,,,,Bright sun,223801,0,0,0,2,,,0,,,,,,Auckland Region,Nil,1-way,Sealed,,0,0,,50,,None,0,0,,76,Auckland,Give way,,,,,1,0,Urban,0,,,Fine,Null
1766266.1036,5906095.6365,744789,,522202,0,0,0,1,0,Null,2023/2024,BIRDWOOD AVENUE,GREAT SOUTH ROAD,,Minor Crash,No,2023,0,South,0,0,1,Flat,0,,0,,0,Bright sun,665300,1,0,0,2,0,0,0,0,0,,0,0,Auckland Region,Nil,2-way,Sealed,0,0,0,0,50,0,Off,0,0,,76,Auckland,Stop,0,0,0,0,0,0,Urban,0,0,0,Fine,Null
1744315.7634,5924988.2442,744790,,513410,0,0,0,1,0,South,2023/2024,UPPER HARBOUR MOTORWAY,TRIG ROAD ON RAMP,,Non-Injury Crash,Yes,2023,0,North,0,0,0,Flat,1,Christmas New Year,0,,0,Overcast,223901,0,0,0,2,0,0,0,0,0,,0,1,Auckland Region,Nil,1-way,Sealed,0,0,0,0,100,0,Off,0,0,,76,Auckland,Nil,0,0,0,0,0,0,Open,0,0,0,Fine,Null
1760641.3886,5915538.4998,744837,,520201,0,,0,1,,North,2023/2024,SOUTHERN MOTORWAY,WALPOLE OBR,,Non-Injury Crash,Yes,2023,,North,,0,,Flat,,,,,,Twilight,613000,0,0,0,3,,,0,,,,,,Auckland Region,Nil,1-way,Sealed,,0,0,,100,,On,0,0,,76,Auckland,Nil,,,,,0,0,Open,2,,,Light rain,Null
1753202.7464,5974096.9391,744853,,506661,0,0,0,0,0,South,2023/2024,MATAKANA ROAD,WRIGHT ROAD,,Minor Crash,No,2023,0,North,1,0,0,Flat,0,Christmas New Year,0,,0,Overcast,139700,1,0,0,2,0,0,0,0,0,,0,0,Auckland Region,Nil,2-way,Sealed,0,0,0,0,80,0,None,0,0,,76,Auckland,Nil,0,0,0,0,0,0,Open,1,0,0,Fine,Null
1757175.6448,5920600.6592,744869,,514102,0,0,1,0,0,Null,2023/2024,KINGSTON STREET,FEDERAL STREET,,Non-Injury Crash,No,2023,0,East,0,0,0,Flat,0,,0,,0,Overcast,433401,0,0,0,1,0,0,0,0,1,,0,0,Auckland Region,Nil,1-way,Sealed,0,0,0,0,30,0,None,0,0,,76,Auckland,Stop,0,0,0,0,1,0,Urban,0,0,0,Fine,Null
1765576.8437,5906871.2953,744878,,522201,0,,0,1,,Null,2022/2023,KOLMAR ROAD,MCCAULEY LANE,,Non-Injury Crash,No,2023,,Null,,0,,Flat,,,,,,Overcast,662400,0,0,0,3,,,0,,,,,,Auckland Region,Nil,2-way,Sealed,,0,0,,50,,Off,0,0,,76,Auckland,Give way,,,,,1,0,Urban,0,,,Heavy rain,None
1744735.632,5914471.7691,744886,,512903,0,0,0,1,0,Null,2023/2024,PARRS CROSS ROAD,LEGACY DRIVE,,Non-Injury Crash,No,2024,0,West,0,0,1,Hill Road,0,,0,,0,Dark,278006,0,0,0,2,0,0,0,0,0,,0,0,Auckland Region,Nil,2-way,Sealed,0,0,0,0,50,0,On,0,0,,76,Auckland,Give way,0,0,0,0,0,0,Urban,0,0,0,Fine,Null
1759134.49,5910169.6656,744934,,524002,1,,0,1,,Null,2024/2025,RIMU ROAD,CORONATION ROAD,,Non-Injury Crash,No,2024,,West,,0,,Flat,,,,,,Overcast,722000,0,0,0,2,,,0,,,,,,Auckland Region,Nil,2-way,Sealed,,0,0,,50,,Off,0,0,,76,Auckland,Give way,,,,,0,0,Urban,0,,,Fine,Null
1743567.0188,5906483.4255,744940,,512802,0,,0,1,,East,2022/2023,HUIA ROAD,RAUHUIA CRESCENT,,Minor Crash,No,2023,,North,,0,,Flat,,,,,,Dark,302900,1,0,0,2,,,0,,,,,,Auckland Region,Nil,2-way,Sealed,,0,0,,50,,None,0,0,,76,Auckland,Nil,,,,,0,0,Urban,1,,,Fine,Null
1745375.8497,5916987.4591,744941,,510800,0,,0,1,,Null,2023/2024,RAILSIDE AVENUE,EDSEL STREET,,Non-Injury Crash,No,2023,,North,,0,,Flat,,,,,,Overcast,242900,0,0,0,2,,,0,,,1,,,Auckland Region,Nil,2-way,Sealed,,0,0,,50,,Off,0,0,,76,Auckland,Traffic Signals,,,,,0,0,Urban,0,,,Fine,Null
1759548.0289,5917021.6124,744949,,516001,0,,0,1,,South,2023/2024,MARKET ROAD,REMUERA ROAD,,Minor Crash,No,2024,,North,,0,,Flat,,,,,,Dark,491500,1,0,1,2,,,0,,,,,,Auckland Region,Nil,2-way,Sealed,,0,0,,50,,On,1,0,,76,Auckland,Nil,,,,,0,0,Urban,0,,,Fine,Null
1753938.1158,5911665.4315,744950,,519001,0,0,0,2,0,South,2023/2024,HILLSBOROUGH ROAD,KINGSHAVEN CLOSE,,Non-Injury Crash,No,2024,0,North,0,0,0,Flat,0,,0,,0,Twilight,591501,0,0,0,2,0,0,0,0,1,,0,0,Auckland Region,Nil,2-way,Sealed,0,0,0,0,50,0,On,0,0,,76,Auckland,Nil,0,0,0,0,0,0,Urban,0,0,0,Fine,Null
1756687.1685,5929595.6368,744958,,507720,1,,0,1,,Null,2024/2025,EAST COAST ROAD,MARSH AVENUE,,Minor Crash,No,2024,,North,,0,,Hill Road,,,,,,Overcast,312402,1,0,0,2,,,0,,,,,,Auckland Region,Nil,2-way,Sealed,,0,0,,50,,Off,0,0,,76,Auckland,Give way,,,,,0,0,Urban,0,,,Fine,Null
1761893.3575,5907890.23,744966,,524530,0,,0,1,,West,2023/2024,WICKMAN WAY,YATES ROAD,,Non-Injury Crash,No,2023,,East,,0,,Null,,,,,,Unknown,734201,0,0,0,2,,,0,,,,,,Auckland Region,Nil,2-way,Null,,0,0,,50,,Null,0,0,,76,Auckland,Nil,,,,,0,0,Urban,1,,,Null,Null
1777152.3344,5879909.8523,744982,,521160,0,,0,2,,South,2023/2024,GREAT SOUTH ROAD,BEAVER ROAD WEST OFF RAMP,,Non-Injury Crash,Yes,2024,,North,,0,,Hill Road,,,,,,Bright sun,828204,0,0,0,3,,,0,,,,,,Auckland Region,Nil,1-way,Sealed,,0,0,,100,,Off,0,0,,76,Auckland,Nil,,,,,0,0,Open,0,,,Fine,Null
1745957.6992,5917126.6099,745006,,510700,0,,0,1,,Null,2023/2024,GREAT NORTH ROAD,MONTEL AVENUE,,Non-Injury Crash,No,2024,,South,,0,,Flat,,,,,,Bright sun,240505,0,0,0,3,,,0,,,,,,Auckland Region,Nil,2-way,Sealed,,0,0,,50,,Off,1,0,,76,Auckland,Give way,,,,,0,0,Urban,0,,,Fine,Null
1771409.0411,5893534.1497,745012,,521201,0,0,0,0,0,Null,2022/2023,PARKMORE DRIVE,SEAFOAM ROAD,,Minor Crash,No,2023,0,East,0,0,0,Flat,0,,0,,0,Bright sun,806800,1,0,1,2,0,0,0,0,1,,0,0,Auckland Region,Speed hump,2-way,Sealed,0,0,0,0,40,0,Off,0,0,,76,Auckland,Give way,0,0,0,0,0,0,Urban,1,0,0,Fine,Null
1774883.3692,5896669.5306,745013,,525610,0,,0,3,,Null,2022/2023,DOMINION ROAD,HEATHDALE CRESCENT,,Minor Crash,No,2023,,South,,0,,Flat,,,,,,Dark,799106,1,0,0,2,,,0,,,,,,Auckland Region,Nil,2-way,Sealed,,0,0,,50,,On,0,0,,76,Auckland,Nil,,,,,0,0,Urban,0,,,Heavy rain,Null
1754700.8668,5924767.3306,745022,,510500,0,,1,2,,East,2023/2024,ONEWA ROAD,KAURI GLEN ROAD,,Non-Injury Crash,No,2023,,East,,0,,Flat,,,,,,Bright sun,356202,0,0,0,4,,,0,,,,,,Auckland Region,Nil,2-way,Sealed,,0,0,,50,,Off,1,0,,76,Auckland,Nil,,,,,0,0,Urban,0,,,Fine,Null
1768628.5852,5883013.2482,745045,,521111,0,0,0,1,0,Null,2024/2025,PAERATA ROAD,ADAMS DRIVE,,Serious Crash,Yes,2024,0,South,0,0,1,Hill Road,0,,0,,0,Overcast,826602,0,0,0,2,0,0,0,0,0,,1,0,Auckland Region,Nil,2-way,Sealed,0,0,1,0,60,0,Off,0,0,,76,Auckland,Give way,0,0,0,0,0,0,Urban,0,0,0,Fine,Null
1760658.0082,5914886.8962,745061,,519400,0,0,0,1,0,Null,2022/2023,GREAT SOUTH ROAD,WAIOHUA ROAD,,Non-Injury Crash,No,2023,0,North,0,0,0,Flat,0,,0,,0,Dark,619600,0,0,0,4,0,0,0,0,0,,0,1,Auckland Region,Nil,2-way,Sealed,0,0,0,0,50,0,On,0,0,,76,Auckland,Give way,0,0,0,0,0,0,Urban,0,0,0,Fine,Null
1738425.0847,5955273.9707,745062,,506614,0,0,0,0,1,South,2023/2024,TAHEKEROA ROAD,JOWSEY ACCESS ROAD,,Non-Injury Crash,No,2024,0,North,0,0,0,Hill Road,0,,0,,0,Dark,177000,0,0,0,2,0,0,0,0,0,,0,0,Auckland Region,Nil,2-way,Unsealed,0,0,0,0,100,0,None,0,0,,76,Auckland,Nil,0,0,0,0,0,0,Open,1,0,0,Fine,Null
1753842.9321,5930248.4153,745078,,508420,0,,0,1,,South,2023/2024,SUNSET ROAD,TARGET ROAD,,Non-Injury Crash,No,2023,,North,,0,,Hill Road,,,,,,Overcast,182026,0,0,0,2,,,0,,,,,,Auckland Region,Nil,2-way,Sealed,,0,0,,50,,Off,0,0,,76,Auckland,Nil,,,,,0,0,Urban,1,,,Light rain,Null
1785046.2421,5922819.8979,745086,,520801,0,0,0,1,0,South,2023/2024,GORDONS ROAD,CARSONS ROAD,,Non-Injury Crash,No,2023,0,East,0,0,0,Hill Road,0,,0,,0,Dark,515608,0,0,0,2,0,0,0,0,0,,0,0,Auckland Region,Nil,2-way,Sealed,0,0,0,0,50,0,Off,0,0,,76,Auckland,Nil,0,0,0,1,0,0,Urban,0,0,0,Light rain,Null
1753432.1074,5916130.2211,745101,,517903,0,0,0,4,0,North,2024/2025,MOUNT ALBERT ROAD,TOROA TERRACE,,Minor Crash,No,2024,0,North,0,0,0,Flat,0,,0,,0,Overcast,522600,1,0,0,2,0,0,0,0,3,,0,0,Auckland Region,Nil,2-way,Sealed,0,0,0,0,50,0,Off,0,0,,76,Auckland,Nil,0,0,0,0,0,0,Urban,0,0,0,Fine,Null
1763223.6502,5908268.1512,745110,,524402,0,,0,2,,West,2022/2023,SAVILL DRIVE,MASSEY ROAD,,Non-Injury Crash,No,2023,,South,,0,,Flat,,,,,,Dark,749900,0,0,0,2,,,0,,,,,,Auckland Region,Nil,2-way,Sealed,,0,0,,50,,On,0,0,,76,Auckland,Nil,,,,,0,0,Urban,0,,,Fine,None
1749993.9718,5940872.4699,745117,,506300,0,,0,2,,South,2023/2024,EAST COAST ROAD,ARA WEITI ROAD,,Minor Crash,No,2024,,South,,0,,Flat,,,,,,Overcast,175902,1,0,0,4,,,0,,,,,,Auckland Region,Nil,2-way,Sealed,,0,0,,100,,Off,0,0,,76,Auckland,Nil,,,,,0,0,Open,0,,,Fine,Null
1754462.4297,5929168.3183,745126,,508320,0,,0,1,,Null,2023/2024,VIEW ROAD,MERTON AVENUE,,Non-Injury Crash,No,2024,,East,,0,,Hill Road,,,,,,Dark,196600,0,0,0,2,,,0,,,,,,Auckland Region,Nil,2-way,Sealed,,0,0,,50,,Off,1,1,,76,Auckland,Give way,,,,,0,0,Urban,0,,,Fine,Null
1766066.042,5904036.3879,745134,,524604,0,,0,2,,Null,2023/2024,PLUNKET AVENUE,FALCON ROAD,,Non-Injury Crash,No,2023,,North,,0,,Flat,,,,,,Overcast,780209,0,0,0,2,,,0,,,,,,Auckland Region,Nil,2-way,Sealed,,0,0,,50,,Off,0,0,,76,Auckland,Nil,,,,,0,0,Urban,0,,,Fine,Null
1758048.1395,5912821.4033,745148,,519810,0,,0,0,,Null,2022/2023,SYMONDS STREET,AUMOANA LANE,,Minor Crash,No,2023,,North,,0,,Hill Road,,,,,,Bright sun,597500,1,0,0,2,,,0,,,1,,,Auckland Region,Nil,2-way,Sealed,,0,0,,50,,Null,0,0,,76,Auckland,Nil,,,,,0,1,Urban,0,,,Fine,Null
1762047.6827,5912509.7319,745149,,519500,0,,0,2,,West,2022/2023,CHURCH STREET,O'RORKE ROAD,,Non-Injury Crash,No,2023,,East,,0,,Hill Road,,,,,,Bright sun,622400,0,0,0,5,,,0,,,,,,Auckland Region,Nil,2-way,Sealed,,0,0,,50,,Off,0,0,,76,Auckland,Nil,,,,,1,0,Urban,0,,,Fine,Null
1769279.7421,5914984.9464,745158,,522721,0,,0,2,,Null,2023/2024,PIGEON MOUNTAIN ROAD,FORTUNES ROAD,,Non-Injury Crash,No,2024,,North,,0,,Flat,,,,,,Bright sun,680724,0,0,0,2,,,0,,,,,,Auckland Region,Nil,2-way,Sealed,,0,0,,50,,Off,0,0,30,76,Auckland,Traffic Signals,,,,,0,0,Urban,0,,,Fine,Null
1774031.0931,5897526.8065,745165,,525630,0,0,0,2,0,Null,2023/2024,COSGRAVE ROAD,OLD WAIROA ROAD,,Minor Crash,No,2024,0,North,0,0,1,Flat,0,Easter,0,,0,Overcast,795802,1,0,0,2,0,0,0,0,0,,0,0,Auckland Region,Nil,2-way,Sealed,0,0,0,0,50,0,Off,0,0,,76,Auckland,Stop,0,0,0,0,0,0,Urban,0,0,0,Light rain,Null
1750850.3612,5879187.1051,745166,,521151,0,0,0,1,0,South,2024/2025,AWHITU ROAD,RIDGLEY ROAD,,Minor Crash,No,2024,0,South,0,0,1,Hill Road,0,,0,,0,Bright sun,831000,1,0,0,2,0,0,0,0,0,,0,0,Auckland Region,Nil,2-way,Sealed,0,0,0,0,100,0,None,0,0,,76,Auckland,Nil,0,0,0,0,0,0,Open,0,0,0,Fine,Null
1766132.4276,5899687.5032,745172,,524822,0,,0,1,,East,2022/2023,PALMERS ROAD,BARNEYS FARM ROAD,,Non-Injury Crash,No,2023,,West,,0,,Hill Road,,,,,,Bright sun,774431,0,0,0,2,,,0,,,,,,Auckland Region,Nil,2-way,Sealed,,0,0,,50,,Off,1,0,,76,Auckland,Nil,,,,,0,0,Urban,0,,,Fine,Null
1750512.6419,5929288.205,745173,,509100,0,,0,3,,North,2023/2024,UPPER HARBOUR MOTORWAY,GREENHITHE OBR,,Minor Crash,Yes,2024,,North,,0,,Flat,,,,,,Dark,181123,1,0,0,2,,,0,,,,,,Auckland Region,Nil,1-way,Sealed,,0,0,,100,,On,0,0,,76,Auckland,Nil,,,,,0,0,Open,0,,,Heavy rain,Null
1770345.8589,5898960.0022,745174,,523911,0,,0,2,,Null,2023/2024,MANUROA ROAD,GREAT SOUTH ROAD,,Minor Crash,No,2024,,South,,0,,Flat,,,,,,Twilight,768200,1,0,0,4,,,0,,,,,,Auckland Region,Nil,2-way,Sealed,,0,0,,50,,On,0,0,,76,Auckland,Traffic Signals,,,,,1,0,Urban,0,,,Fine,Null
1766272.2087,5907487.8968,745189,,522302,0,1,0,0,0,South,2023/2024,SOUTHERN MOTORWAY,EAST TAMAKI OBR,,Non-Injury Crash,Yes,2024,0,North,0,0,0,Flat,0,,0,,0,Bright sun,667700,0,0,0,4,0,0,0,0,0,,0,0,Auckland Region,Underpass,2-way,Sealed,0,0,0,0,100,0,Off,0,0,,76,Auckland,Nil,0,0,0,0,1,0,Open,0,0,0,Fine,Null
1763414.4239,5904917.4645,745206,,524303,0,0,0,2,0,North,2022/2023,SOUTH-WESTERN MOTORWAY,PUHINUI ROAD-SH 20B OFF RAMP,,Non-Injury Crash,Yes,2023,0,South,0,0,0,Hill Road,1,,0,,0,Dark,746301,0,0,0,2,0,0,0,0,0,,0,0,Auckland Region,Nil,1-way,Sealed,0,0,0,0,100,0,On,0,0,,76,Auckland,Nil,0,0,0,0,0,0,Open,0,0,0,Fine,Null
1750323.3526,5928828.2022,745254,,509100,0,,0,2,,South,2024/2025,UPPER HARBOUR MOTORWAY,GREENHITHE OBR,,Minor Crash,Yes,2024,,South,,0,,Flat,,,,,,Overcast,181305,1,0,0,2,,,0,,,,,,Auckland Region,Nil,1-way,Sealed,,0,0,,100,,Off,0,0,,76,Auckland,Nil,,,,,0,0,Open,0,,,Fine,Null
1770793.745,5906504.4825,745261,,523713,0,,0,0,,Null,2023/2024,CLADY DRIVE,COOLAGHY DRIVE,,Minor Crash,No,2024,,East,,0,,Flat,,,,,,Dark,713100,1,0,0,2,,,0,,,,,,Auckland Region,Nil,2-way,Sealed,,0,0,,50,,On,0,0,,76,Auckland,Give way,,,,,0,0,Urban,2,,,Light rain,Null
1767521.4439,5904795.5089,745294,,524604,0,,0,3,,North,2023/2024,GREAT SOUTH ROAD,RONWOOD AVENUE,,Non-Injury Crash,No,2024,,North,,0,,Flat,,,,,,Overcast,780209,0,0,0,5,,,0,,,,,,Auckland Region,Nil,2-way,Sealed,,0,0,,50,,Off,0,0,,76,Auckland,Traffic Signals,,,,,0,0,Urban,0,,,Fine,Null
1744141.0569,5915952.4984,745309,,513012,0,,0,2,,Null,2023/2024,BORDER ROAD,RIWAI LANE,,Non-Injury Crash,No,2023,,North,,0,,Flat,,,,,,Overcast,280908,0,0,0,2,,,0,,,,,,Auckland Region,Nil,2-way,Sealed,,0,0,,50,,Off,0,0,,76,Auckland,Traffic Signals,,,,,0,0,Urban,1,,,Light rain,Null
1759464.3722,5909716.2115,745317,,524002,0,0,0,2,0,North,2023/2024,CRAWFORD AVENUE,HASTIE AVENUE,,Minor Crash,No,2024,0,South,0,0,0,Flat,0,,0,,0,Bright sun,722301,2,0,0,2,0,0,0,0,1,,0,0,Auckland Region,Nil,2-way,Sealed,0,0,0,0,50,0,Off,0,0,,76,Auckland,Nil,0,0,0,0,0,0,Urban,0,0,0,Fine,Null
1733749.9235,5934447.2071,745318,,506653,0,,0,1,,Null,2023/2024,TAYLOR ROAD,OLD NORTH ROAD,,Non-Injury Crash,No,2024,,North,,0,,Hill Road,,,,,,Overcast,217704,0,0,0,2,,,0,,,,,,Auckland Region,Nil,2-way,Sealed,,0,0,,80,,None,0,0,,76,Auckland,Give way,,,,,0,0,Open,1,,,Fine,Null
1753554.4776,5927908.7598,745326,,508210,0,,0,2,,Null,2023/2024,GLENFIELD ROAD,KAIPATIKI ROAD,,Non-Injury Crash,No,2024,,North,,0,,Flat,,,,,,Twilight,186800,0,0,0,3,,,0,,,,,,Auckland Region,Nil,1-way,Sealed,,0,0,,50,,On,0,0,,76,Auckland,Traffic Signals,,,,,0,0,Urban,0,,,Fine,Null