X,Y,OBJECTID,advisorySpeed,areaUnitID,bicycle,bridge,bus,carStationWagon,cliffBank,crashDirectionDescription,crashFinancialYear,crashLocation1,crashLocation2,crashRoadSideRoad,crashSeverity,crashSHDescription,crashYear,debris,directionRoleDescription,ditch,fatalCount,fence,flatHill,guardRail,holiday,houseOrBuilding,intersection,kerb,light,meshblockId,minorInjuryCount,moped,motorcycle,NumberOfLanes,objectThrownOrDropped,otherObject,otherVehicleType,overBank,parkedVehicle,pedestrian,phoneBoxEtc,postOrPole,region,roadCharacter,roadLane,roadSurface,roadworks,schoolBus,seriousInjuryCount,slipOrFlood,speedLimit,strayAnimal,streetLight,suv,taxi,temporarySpeedLimit,tlaId,tlaName,trafficControl,trafficIsland,trafficSign,train,tree,truck,unknownVehicleType,urban,vanOrUtility,vehicle,waterRiver,weatherA,weatherB
1752889.1229,5916605.8558,745349,,517903,0,,0,1,,Null,2023/2024,MOUNT ALBERT ROAD,NEW NORTH ROAD,,Minor Crash,No,2024,,West,,0,,Flat,,,,,,Bright sun,520000,1,0,0,4,,,0,,,1,,,Auckland Region,Nil,2-way,Sealed,,0,0,,10,,Off,0,0,,76,Auckland,Traffic Signals,,,,,0,0,Urban,0,,,Fine,Null
1752469.6753,5918132.236,745382,,515002,0,,0,1,,East,2023/2024,GREAT NORTH ROAD,POINT CHEVALIER ROAD,,Serious Crash,No,2024,,East,,0,,Flat,,,,,,Bright sun,392500,0,0,0,4,,,0,,,1,,,Auckland Region,Nil,2-way,Sealed,,0,1,,50,,Off,0,0,,76,Auckland,Nil,,,,,0,0,Urban,0,,,Fine,Null
1766136.4041,5915885.3713,745398,,517100,0,,0,1,,Null,2023/2024,TRIPOLI ROAD,TUAKIRI STREET,,Minor Crash,No,2024,,North,,0,,Flat,,,,,,Overcast,479700,1,0,0,2,,,0,,,,,,Auckland Region,Nil,2-way,Sealed,,0,0,,50,,Off,1,0,,76,Auckland,Give way,,,,,0,0,Urban,0,,,Fine,Null
1764535.1988,5905330.0933,745421,,522100,0,,0,1,,North,2023/2024,WYLLIE ROAD,RAMSEY STREET,,Non-Injury Crash,No,2023,,South,,0,,Flat,,,,,,Twilight,658202,0,0,0,2,,,0,,,,,,Auckland Region,Nil,2-way,Sealed,,0,0,,50,,On,0,0,,76,Auckland,Nil,,,,,0,0,Urban,1,,,Fine,Null
1762486.078,5918921.3332,745438,,516400,0,,0,1,,East,2023/2024,KEPA ROAD,COATES AVENUE,,Minor Crash,No,2023,,East,,0,,Hill Road,,,,,,Bright sun,498600,1,0,0,2,,,1,,,,,,Auckland Region,Nil,2-way,Sealed,,0,0,,50,,Off,0,0,,76,Auckland,Nil,,,,,0,0,Urban,0,,,Fine,Null
1747608.9673,5915045.5244,745461,,511602,0,,0,2,,South,2023/2024,BUTTERWORTH DRIVE,ROSEWARNE CRESCENT,,Non-Injury Crash,No,2024,,North,,0,,Flat,,,,,,Bright sun,272707,0,0,0,2,,,0,,,,,,Auckland Region,Nil,2-way,Sealed,,0,0,,50,,Off,0,0,,76,Auckland,Nil,,,,,0,0,Urban,0,,,Fine,Null
1765320.3884,5906680.4878,745477,45,522201,0,0,0,2,0,North,2023/2024,KOLMAR ROAD,WESTON AVENUE,,Minor Crash,No,2023,0,South,0,0,1,Flat,0,,0,,0,Dark,662500,2,0,0,2,0,0,0,0,1,,0,0,Auckland Region,Nil,2-way,Sealed,0,0,0,0,50,0,On,0,0,,76,Auckland,Nil,0,0,0,0,0,0,Urban,0,0,0,Fine,Null
1758296.8063,5917730.3298,745486,,515700,0,0,0,0,0,South,2022/2023,SOUTHERN MOTORWAY,GILLIES AVENUE OFF RAMP,,Non-Injury Crash,Yes,2023,1,West,0,0,0,Flat,0,,0,,0,Bright sun,443300,0,0,0,3,0,0,0,0,0,,0,0,Auckland Region,Bridge,1-way,Sealed,0,0,0,0,80,0,Off,1,0,,76,Auckland,Nil,0,0,0,0,1,0,Open,0,0,0,Fine,Null
1756698.6576,5921068.0719,745502,,514101,0,,0,1,,North,2023/2024,HALSEY STREET,PAKENHAM STREET WEST,,Minor Crash,No,2023,,South,,0,,Flat,,,,,,Overcast,440113,1,0,0,2,,,0,,,3,,,Auckland Region,Nil,2-way,Sealed,,0,0,,30,,On,0,0,,76,Auckland,Nil,,,,,0,0,Urban,0,,,Light rain,Null
1744401.7508,5922554.1716,745509,,513512,0,,0,1,,East,2023/2024,ROYAL ROAD,MAKORA ROAD,,Minor Crash,No,2024,,East,,0,,Hill Road,,,,,,Bright sun,225701,1,0,0,3,,,0,,,1,,,Auckland Region,Overpass,2-way,Sealed,,0,0,,50,,Off,0,0,,76,Auckland,Nil,,,,,0,0,Urban,0,,,Fine,Null
1738569.4403,5969805.638,745581,,506613,0,0,0,1,0,Null,2023/2024,SCHOOL ROAD,KAIPARA FLATS ROAD,,Non-Injury Crash,No,2023,0,North,1,0,0,Flat,0,,0,,0,Dark,145400,0,0,0,2,0,0,0,0,0,,0,0,Auckland Region,Nil,2-way,Sealed,0,0,0,0,50,0,None,0,0,,76,Auckland,Give way,0,0,0,0,0,0,Urban,0,0,0,Fine,Null
1761084.7109,5914972.0219,745582,,520201,0,0,0,1,0,North,2023/2024,SOUTHERN MOTORWAY,ELLERSLIE FTBR,,Minor Crash,Yes,2024,0,North,0,0,0,Flat,1,,0,,0,Bright sun,613500,1,0,0,4,0,0,0,0,0,,0,0,Auckland Region,Nil,1-way,Sealed,0,0,0,0,100,0,Off,0,0,,76,Auckland,Nil,0,0,0,0,0,1,Open,0,0,0,Fine,Null
1759564.0737,5906359.8558,745588,,524200,0,,0,3,,Null,2022/2023,KIRKBRIDE ROAD,WESTNEY ROAD,,Minor Crash,No,2023,,East,,0,,Flat,,,,,,Bright sun,727400,2,0,0,2,,,0,,,,,,Auckland Region,Nil,2-way,Sealed,,0,0,,60,,On,0,0,,76,Auckland,Traffic Signals,,,,,0,0,Urban,0,,,Fine,Null
1753056.3987,5936384.8074,745589,,506300,0,0,0,1,0,West,2024/2025,LONELY TRACK ROAD,NAMSAN CLOSE,,Minor Crash,No,2024,0,East,0,0,0,Flat,0,,0,,0,Overcast,176106,1,0,0,2,0,0,0,0,0,,0,1,Auckland Region,Nil,2-way,Sealed,0,0,0,0,50,0,None,0,0,,76,Auckland,Nil,0,0,0,0,0,0,Urban,0,0,0,Light rain,Null
1770717.0818,5915394.7024,745590,,522712,0,0,0,2,0,South,2023/2024,HUTCHINSONS ROAD,FINNERTY AVENUE,,Non-Injury Crash,No,2023,0,South,0,0,0,Flat,0,,0,,0,Dark,681104,0,0,0,2,0,0,0,0,1,,0,0,Auckland Region,Nil,2-way,Sealed,0,0,0,0,50,0,On,0,0,,76,Auckland,Nil,0,0,0,0,0,0,Urban,0,0,0,Fine,Null
1761087.8794,5914331.8999,745598,,520202,0,,0,2,,Null,2022/2023,GREAT SOUTH ROAD,GREAT SOUTH ROAD,,Non-Injury Crash,No,2023,,South,,0,,Flat,,,,,,Overcast,612300,0,0,0,2,,,0,,,,,,Auckland Region,Nil,1-way,Sealed,,0,0,,50,,Off,0,0,,76,Auckland,Give way,,,,,0,0,Urban,0,,,Fine,Null
1769113.9068,5889403.6501,745604,,521122,0,,0,1,,Null,2022/2023,KARAKA ROAD,BLACKBRIDGE ROAD,,Minor Crash,Yes,2023,,North,,0,,Flat,,,,,,Overcast,812600,1,0,0,3,,,0,,,,,,Auckland Region,Nil,2-way,Sealed,,0,0,,80,,Off,0,0,,76,Auckland,Give way,,,,,0,0,Open,1,,,Fine,Null
1762290.947,5913488.095,745621,,520402,0,0,0,1,0,South,2022/2023,SOUTHERN MOTORWAY,PENROSE OBR,,Non-Injury Crash,Yes,2023,0,South,0,0,0,Flat,2,,0,,0,Dark,642200,0,0,0,3,0,0,0,0,0,,0,1,Auckland Region,Motorway ramp,2-way,Sealed,0,0,0,0,100,0,On,0,0,80,76,Auckland,Nil,0,0,0,0,1,0,Open,0,1,0,Fine,Null
1765324.1697,5919446.9485,745638,,516700,0,0,0,1,0,South,2022/2023,FERN GLEN ROAD NORTH,DINGLE ROAD,,Non-Injury Crash,No,2023,0,South,0,0,0,Hill Road,0,,0,,0,Bright sun,508800,0,0,0,2,0,0,0,0,0,,0,1,Auckland Region,Nil,2-way,Sealed,0,0,0,0,50,0,Off,0,0,,76,Auckland,Nil,0,0,0,0,0,0,Urban,0,0,0,Fine,Null
1778793.7847,5912874.4038,745645,65,523300,0,,0,2,,South,2023/2024,WHITFORD MARAETAI ROAD,OKARORO DRIVE,,Serious Crash,No,2024,,South,,0,,Flat,,,,,,Overcast,718900,1,0,0,2,,,0,,,,,,Auckland Region,Nil,2-way,Sealed,,0,1,,80,,None,0,0,,76,Auckland,Nil,,,,,0,0,Open,0,,,Light rain,Null
1744635.5395,5919263.1589,745661,,513301,0,0,0,1,0,West,2023/2024,POMARIA ROAD,LONGBURN ROAD,,Non-Injury Crash,No,2024,0,West,0,0,0,Flat,0,,0,,0,Twilight,234700,0,0,0,2,0,0,0,0,0,,0,1,Auckland Region,Nil,2-way,Sealed,0,0,0,0,50,0,On,0,0,,76,Auckland,Nil,0,0,0,0,0,0,Urban,0,0,0,Fine,Null
1772876.5048,5896823.5337,745678,,525420,0,,0,1,,West,2023/2024,INGRAM STREET,VIEW ROAD,,Minor Crash,No,2023,,West,,0,,Flat,,,,,,Overcast,792700,1,0,1,2,,,0,,,,,,Auckland Region,Nil,2-way,Sealed,,0,0,,50,,Off,0,0,,76,Auckland,Nil,,,,,0,0,Urban,0,,,Fine,Null
1751067.0979,5934604.6299,745685,,508701,0,,0,0,,Null,2023/2024,DAIRY FLAT HIGHWAY,THE AVENUE,,Minor Crash,No,2024,,North,,0,,Flat,,,,,,Overcast,178705,1,0,0,1,,,0,,,,,,Auckland Region,Nil,1-way,Sealed,,0,0,,50,,Off,2,0,,76,Auckland,Stop,,,,,0,0,Urban,0,,,Fine,Null
1753342.6723,5916853.6076,745700,,517800,0,,0,1,,East,2022/2023,NEW NORTH ROAD,ALEXIS AVENUE,,Minor Crash,No,2023,,West,,0,,Hill Road,,,,,,Bright sun,527400,1,0,0,4,,,0,,,2,,,Auckland Region,Nil,2-way,Sealed,,0,0,,50,,Off,0,0,,76,Auckland,Nil,,,,,0,0,Urban,0,,,Fine,Null
1752183.52,5913744.8516,745701,,514402,0,0,0,1,0,North,2024/2025,WHITNEY STREET,TREVOLA STREET,,Minor Crash,No,2025,0,South,0,0,0,Hill Road,0,,0,,0,Overcast,378902,1,0,0,2,0,0,0,0,1,,0,0,Auckland Region,Nil,2-way,Sealed,0,0,0,0,50,0,Off,0,0,,76,Auckland,Nil,0,0,0,0,0,0,Urban,1,0,0,Heavy rain,Null
1757031.2014,5920843.674,745732,,514101,0,0,1,0,0,Null,2023/2024,STURDEE STREET,MARKET PLACE,,Minor Crash,No,2023,0,North,0,0,0,Hill Road,0,,0,,0,Dark,433003,1,0,0,3,0,0,0,0,0,,1,0,Auckland Region,Nil,1-way,Sealed,0,0,0,0,30,0,On,0,0,,76,Auckland,Traffic Signals,0,0,0,0,0,0,Urban,0,0,0,Fine,Null
1754696.0975,5929823.1498,745742,,508420,0,,1,1,,Null,2022/2023,SUNNYNOOK ROAD,TARGET ROAD,,Minor Crash,No,2023,,South,,0,,Hill Road,,,,,,Overcast,182603,1,0,0,2,,,0,,,,,,Auckland Region,Nil,2-way,Sealed,,0,0,,50,,Off,0,0,,76,Auckland,Give way,,,,,0,0,Urban,0,,,Fine,Null
1772662.2522,5888346.5242,745749,,521302,0,0,0,0,0,North,2023/2024,RUNCIMAN ROAD,KINCORA LANE,,Minor Crash,No,2024,0,North,0,0,0,Hill Road,0,,0,,0,Bright sun,807700,1,0,0,2,0,0,0,0,0,,0,0,Auckland Region,Nil,2-way,Sealed,0,0,0,0,80,0,None,0,0,,76,Auckland,Nil,0,1,0,0,0,0,Open,1,0,0,Fine,Strong wind
1760465.7302,5918684.3878,745765,,516201,1,,0,0,,Null,2024/2025,SHORE ROAD,VICTORIA AVENUE,,Minor Crash,No,2024,,West,,0,,Hill Road,,,,,,Bright sun,485500,1,0,0,2,,,0,,,,,,Auckland Region,Nil,2-way,Sealed,,0,0,,50,,Off,0,0,,76,Auckland,Give way,,,,,0,0,Urban,1,,,Fine,Null
1772954.0732,5891436.027,745774,,521301,0,0,0,1,0,West,2023/2024,GREAT SOUTH ROAD,GREAT SOUTH ROAD OFF RAMP,,Non-Injury Crash,Yes,2023,0,East,0,0,0,Hill Road,0,,0,,0,Bright sun,808701,0,0,0,2,0,0,0,0,0,,0,1,Auckland Region,Motorway ramp,1-way,Sealed,0,0,0,0,60,0,Off,0,0,,76,Auckland,Nil,0,0,0,0,0,0,Urban,0,0,0,Fine,Null
1756322.8539,5930703.0602,745781,,507500,0,,0,2,,Null,2023/2024,EAST COAST ROAD,FORREST HILL ROAD,,Non-Injury Crash,No,2024,,West,,0,,Flat,,,,,,Bright sun,148801,0,0,0,3,,,0,,,,,,Auckland Region,Nil,2-way,Sealed,,0,0,,50,,Off,0,0,,76,Auckland,Give way,,,,,0,0,Urban,0,,,Fine,Null
1751847.0848,5876955.068,745789,,521151,0,0,0,1,0,Null,2023/2024,AWHITU ROAD,TAURANGARURU ROAD,,Non-Injury Crash,No,2024,0,South,0,0,0,Flat,0,,0,,0,Bright sun,831200,0,0,0,2,0,0,0,0,0,,0,0,Auckland Region,Nil,2-way,Sealed,0,0,0,0,60,0,Off,0,0,,76,Auckland,Stop,0,1,0,0,0,0,Urban,0,0,0,Fine,Null
1759709.3289,5909303.0492,745797,,524002,0,0,0,1,0,North,2023/2024,SOUTH-WESTERN MOTORWAY,WALMSLEY ROAD OFF RAMP,,Non-Injury Crash,Yes,2023,0,South,0,0,1,Flat,0,,0,,0,Bright sun,724102,0,0,0,3,0,0,0,0,0,,0,0,Auckland Region,Nil,1-way,Sealed,0,0,0,0,100,0,Off,0,0,,76,Auckland,Nil,0,0,0,0,0,0,Open,0,0,0,Fine,Null
1775689.3057,5907810.0369,745805,,523202,0,,0,2,,South,2023/2024,WHITFORD PARK ROAD,BROWNHILL ROAD,,Non-Injury Crash,No,2023,,South,,0,,Flat,,,,,,Bright sun,716604,0,0,0,2,,,0,,,,,,Auckland Region,Nil,2-way,Sealed,,0,0,,80,,None,0,0,70,76,Auckland,Nil,,,,,0,0,Open,0,,,Fine,Frost
1763239.6937,5920030.3728,745813,,516500,0,0,0,1,0,Null,2023/2024,PATTESON AVENUE,NIHILL CRESCENT,,Non-Injury Crash,No,2023,0,North,0,0,0,Flat,0,,0,,0,Overcast,501600,0,0,0,2,0,0,0,0,0,,1,1,Auckland Region,Nil,2-way,Sealed,0,0,0,0,50,0,Off,0,0,,76,Auckland,Stop,0,1,0,0,0,0,Urban,0,0,0,Light rain,Null
1766042.5272,5915385.6308,745822,,520601,0,,0,0,,North,2022/2023,TRIPOLI ROAD,HOBSON DRIVE,,Non-Injury Crash,No,2023,,West,,0,,Flat,,,,,,Overcast,634200,0,0,0,2,,,0,,,,,,Auckland Region,Nil,2-way,Sealed,,0,0,,50,,Off,0,0,,76,Auckland,Nil,,,,,0,0,Urban,2,,,Light rain,Null
1759632.1235,5915997.079,745829,,519200,0,,0,2,,Null,2023/2024,GREAT SOUTH ROAD,MOMONA ROAD,,Non-Injury Crash,No,2024,,South,,0,,Flat,,,,,,Overcast,616000,0,0,0,3,,,0,,,,,,Auckland Region,Nil,2-way,Sealed,,0,0,,50,,Off,0,0,,76,Auckland,Give way,,,,,1,0,Urban,0,,,Fine,Strong wind
1751640.8456,5949751.3627,745846,,505805,0,,0,1,,West,2023/2024,OREWA SQUARE,HIBISCUS COAST HIGHWAY,,Minor Crash,No,2024,,South,,0,,Flat,,,,,,Bright sun,171500,2,0,0,2,,,0,,,2,,,Auckland Region,Nil,2-way,Sealed,,0,0,,50,,Off,0,0,,76,Auckland,Give way,,,,,0,0,Urban,0,,,Fine,Null
1742642.3615,5885537.1967,745877,,521151,0,0,0,0,0,North,2023/2024,AWHITU ROAD,J RENALL ROAD,,Minor Crash,No,2023,0,North,1,0,1,Flat,0,,0,,0,Bright sun,830200,1,0,0,2,0,0,0,0,0,,0,0,Auckland Region,Nil,2-way,Sealed,0,0,0,0,100,0,None,0,0,,76,Auckland,Nil,0,0,0,0,0,0,Open,1,0,0,Fine,Null
1750674.4741,5912668.5918,745916,,511402,0,0,0,3,0,South,2022/2023,PORTAGE ROAD,BOLTON STREET,,Non-Injury Crash,No,2023,0,South,0,0,0,Flat,0,,0,,0,Bright sun,260500,0,0,0,2,0,0,0,0,2,,0,0,Auckland Region,Nil,2-way,Sealed,0,0,0,0,50,0,Off,0,0,,76,Auckland,Nil,0,0,0,0,0,0,Urban,0,0,0,Fine,Null
1742275.7666,5903319.5374,745918,,513800,0,0,0,1,0,West,2023/2024,CORNWALLIS ROAD,FIREBREAK ROAD,,Minor Crash,No,2023,0,North,0,0,0,Hill Road,0,,0,,0,Dark,303101,1,0,0,2,0,0,0,0,0,,0,1,Auckland Region,Nil,2-way,Sealed,0,0,0,0,50,0,None,0,0,,76,Auckland,Nil,0,0,0,0,0,0,Urban,0,0,0,Light rain,Null
1768473.7729,5914915.6252,745940,,522810,0,,0,2,,East,2022/2023,BUTLEY DRIVE,GLENMORE ROAD,,Non-Injury Crash,No,2023,,West,,0,,Flat,,,,,,Overcast,693002,0,0,0,2,,,0,,,,,,Auckland Region,Nil,2-way,Sealed,,0,0,,50,,Off,0,0,,76,Auckland,Nil,,,,,0,0,Urban,0,,,Light rain,Null
1757149.0546,5925902.2227,745949,,509702,0,,0,1,,South,2024/2025,NORTHERN MOTORWAY,ESMONDE OBR,,Non-Injury Crash,Yes,2024,,South,,0,,Flat,,,,,,Overcast,364602,0,0,0,3,,,0,,,,,,Auckland Region,Nil,1-way,Sealed,,0,0,,100,,Off,0,0,,76,Auckland,Nil,,,,,1,0,Open,0,,,Fine,Null
1767721.3361,5900141.0536,745958,,525101,0,,0,0,,South,2023/2024,FRIEDLANDERS ROAD,EDDOWES STREET,,Non-Injury Crash,No,2023,,North,,0,,Flat,,,,,,Twilight,771900,0,0,0,2,,,0,,,,,,Auckland Region,Nil,2-way,Sealed,,0,0,,50,,On,0,0,30,76,Auckland,Nil,,,,,0,0,Urban,2,,,Fine,Null
1769898.0968,5900048.9698,745972,,523817,0,,0,1,,North,2022/2023,SOUTHERN MOTORWAY,TAKANINI OFF RAMP,,Non-Injury Crash,Yes,2023,,South,,0,,Flat,,,,,,Overcast,759738,0,0,0,3,,,0,,,,,,Auckland Region,Nil,1-way,Sealed,,0,0,,100,,Off,0,0,,76,Auckland,Nil,,,,,1,0,Open,0,,,Fine,Null
1757161.174,5928989.8247,745974,,507800,0,0,0,2,0,West,2022/2023,WOLSLEY AVENUE,EAST COAST ROAD,,Non-Injury Crash,No,2023,0,West,0,0,0,Flat,0,,0,,0,Bright sun,307200,0,0,0,2,0,0,0,0,1,,0,0,Auckland Region,Nil,2-way,Sealed,0,0,0,0,50,0,On,0,0,,76,Auckland,Nil,0,0,0,0,0,0,Urban,0,0,0,Fine,Null
1744804.6441,5910498.6236,745982,,512700,0,,0,1,,North,2023/2024,SCENIC DRIVE,SHAW ROAD,,Minor Crash,No,2023,,Null,,0,,Hill Road,,,,,,Dark,300800,2,0,0,2,,,0,,,,,,Auckland Region,Nil,2-way,Sealed,,0,0,,70,,None,0,0,,76,Auckland,Nil,,,,,0,1,Urban,0,,,Fine,Null
1754877.4824,5933143.2032,746005,,508805,0,,0,3,,South,2024/2025,EAST COAST ROAD,ROSEDALE ROAD,,Minor Crash,No,2024,,South,,0,,Flat,,,,,,Bright sun,155902,1,0,0,4,,,0,,,1,,,Auckland Region,Nil,2-way,Sealed,,0,0,,50,,Off,0,0,,76,Auckland,Nil,,,,,0,0,Urban,0,,,Fine,Null
1756048.2043,5917456.1207,746013,,518201,0,,0,2,,Null,2024/2025,WALTERS ROAD,DOMINION ROAD,,Non-Injury Crash,No,2024,,South,,0,,Flat,,,,,,Bright sun,548500,0,0,0,2,,,0,,,,,,Auckland Region,Nil,2-way,Sealed,,0,0,,50,,Null,0,0,,76,Auckland,Traffic Signals,,,,,0,0,Urban,0,,,Fine,Null
1761268.4753,5914560.1729,746021,,520202,0,,0,3,,South,2023/2024,ELLERSLIE-PANMURE HWY OFF RAMP,SOUTHERN MOTORWAY,,Minor Crash,No,2024,,South,,0,,Flat,,,,,,Dark,612100,1,0,0,3,,,0,,,,,,Auckland Region,Nil,1-way,Sealed,,0,0,,100,,On,0,0,,76,Auckland,Nil,,,,,0,0,Open,2,,,Light rain,Null
1763820.8617,5912192.9947,746030,,520500,0,,0,1,,Null,2022/2023,SYLVIA PARK ROAD,PACIFIC RISE,,Non-Injury Crash,No,2023,,North,,0,,Flat,,,,,,Bright sun,637300,0,0,0,4,,,0,,,,,,Auckland Region,Nil,2-way,Sealed,,0,0,,50,,Off,0,0,,76,Auckland,Give way,,,,,0,0,Urban,1,,,Fine,Null
1762548.593,5918083.1336,746037,,516301,0,0,0,2,0,West,2023/2024,MEADOWBANK ROAD,TAHAPA CRESCENT,,Non-Injury Crash,No,2023,0,West,0,0,0,Flat,0,,0,,0,Bright sun,459300,0,0,0,1,0,0,0,0,1,,0,0,Auckland Region,Nil,2-way,Sealed,0,0,0,0,50,0,None,0,0,,76,Auckland,Nil,0,0,0,0,0,0,Urban,0,0,0,Fine,Null
1769659.8068,5899604.8148,746038,,523920,0,,0,2,,Null,2022/2023,GREAT SOUTH ROAD,TE NAPI DRIVE,,Non-Injury Crash,No,2023,,North,,0,,Flat,,,,,,Bright sun,767922,0,0,0,3,,,0,,,,,,Auckland Region,Nil,2-way,Sealed,,0,0,,50,,Off,0,0,,76,Auckland,Traffic Signals,,,,,0,0,Urban,0,,,Fine,Null
1735400.0591,5959248.196,746045,,506613,0,0,0,0,0,East,2023/2024,WEST COAST ROAD,WILSON ROAD,,Non-Injury Crash,No,2023,0,West,0,0,1,Hill Road,0,,0,,0,Bright sun,146500,0,0,0,2,0,0,0,1,0,,0,0,Auckland Region,Nil,2-way,Sealed,0,0,0,0,80,0,None,0,0,,76,Auckland,Nil,0,0,0,0,0,0,Open,1,0,0,Fine,Null
1761219.2224,5912627.7564,746054,,519500,0,,0,1,,North,2022/2023,MAURICE ROAD,CHURCH STREET,,Minor Crash,No,2023,,North,,0,,Hill Road,,,,,,Bright sun,621700,1,0,1,2,,,0,,,,,,Auckland Region,Nil,2-way,Unsealed,,0,0,,50,,Off,0,0,,76,Auckland,Nil,,,,,0,0,Urban,0,,,Fine,Null
1763121.4259,5919097.7203,746069,25,516500,0,,0,0,,Null,2022/2023,KEPA ROAD,PATTESON AVENUE,,Serious Crash,No,2023,,West,,0,,Flat,,,,,,Overcast,502202,0,0,0,1,,,0,,,1,,,Auckland Region,Nil,1-way,Sealed,,0,1,,50,,Off,1,0,,76,Auckland,Give way,,,,,0,0,Urban,0,,,Fine,Null
1765391.3664,5909132.7314,746078,,523402,0,,0,3,,South,2022/2023,SOUTHERN MOTORWAY,HIGHBROOK DRIVE OFF RAMP,,Non-Injury Crash,Yes,2023,,South,,0,,Flat,,,,,,Bright sun,696900,0,0,0,4,,,0,,,,,,Auckland Region,Nil,1-way,Sealed,,0,0,,100,,Off,0,0,,76,Auckland,Nil,,,,,0,0,Open,0,,,Fine,Null
1769078.436,5900604.0164,746086,,525002,0,,0,1,,Null,2023/2024,GREAT SOUTH ROAD,MCANNALLEY STREET,,Serious Crash,No,2024,,South,,0,,Flat,,,,,,Dark,753202,0,0,1,2,,,0,,,,,,Auckland Region,Nil,2-way,Sealed,,0,2,,50,,On,0,0,,76,Auckland,Stop,,,,,0,0,Urban,0,,,Fine,Null
1755533.4847,5917911.116,746093,,517500,0,0,0,1,0,Null,2024/2025,NEW NORTH ROAD,CENTRAL ROAD,,Minor Crash,No,2024,1,East,0,0,0,Flat,0,,0,,0,Dark,531800,2,0,0,4,0,1,0,0,0,,0,0,Auckland Region,Nil,2-way,Sealed,0,0,0,0,50,0,On,0,0,,76,Auckland,Nil,0,0,0,0,0,0,Urban,0,0,0,Fine,Null
1742993.9402,5922303.0793,746102,,513631,0,0,0,0,0,Null,2022/2023,TRIANGLE ROAD,DON BUCK ROAD,,Non-Injury Crash,No,2023,0,North,0,0,0,Flat,0,,0,,0,Overcast,227009,0,0,1,2,0,0,0,0,0,,0,0,Auckland Region,Nil,2-way,Sealed,0,0,0,0,50,0,Off,0,0,,76,Auckland,Give way,0,0,0,0,0,0,Urban,0,0,0,Fine,Null
1755401.4428,5920514.6731,746125,25,515302,0,,0,2,,Null,2022/2023,POMPALLIER TERRACE,REDMOND STREET,,Non-Injury Crash,No,2023,,West,,0,,Hill Road,,,,,,Overcast,429500,0,0,0,1,,,0,,,,,,Auckland Region,Nil,1-way,Sealed,,0,0,,50,,Off,0,0,,76,Auckland,Give way,,,,,0,0,Urban,0,,,Fine,Null
1770727.3116,5898555.9108,746126,,523920,0,,0,1,,South,2023/2024,GREAT SOUTH ROAD,TAKA STREET,,Minor Crash,No,2024,,North,,0,,Flat,,,,,,Bright sun,767503,1,0,1,2,,,0,,,,,,Auckland Region,Nil,2-way,Sealed,,0,0,,50,,Off,0,0,,76,Auckland,Nil,,,,,0,0,Urban,0,,,Fine,Null
1748692.2979,5945397.6716,746133,,505806,0,,0,0,,South,2022/2023,NORTHERN MOTORWAY,SILVERDALE OBR,,Non-Injury Crash,Yes,2023,,South,,0,,Flat,,,,,,Bright sun,176802,0,0,0,2,,,0,,,,,,Auckland Region,Underpass,1-way,Sealed,,0,0,,100,,Off,0,0,,76,Auckland,Nil,,,,,0,1,Open,1,,,Fine,Null
1759877.8635,5911786.5887,746150,,520000,0,0,0,1,0,Null,2023/2024,NEILSON STREET,ALFRED STREET,,Serious Crash,No,2024,0,West,0,0,0,Flat,0,,0,,0,Dark,607800,0,0,0,4,0,0,0,0,0,,0,0,Auckland Region,Nil,2-way,Sealed,0,0,1,0,50,0,On,0,0,,76,Auckland,Stop,0,1,0,0,0,0,Urban,0,0,0,Fine,Null
1752822.3567,5946973.6629,746166,,505808,0,,0,0,,North,2023/2024,MARELLEN DRIVE,WHANGAPARAOA ROAD,,Non-Injury Crash,No,2023,,West,,0,,Hill Road,,,,,,Bright sun,173106,0,0,0,2,,,0,,,1,,,Auckland Region,Nil,2-way,Sealed,,0,0,,50,,Off,0,0,,76,Auckland,Nil,,,,,0,0,Urban,0,,,Fine,Null
1754714.409,5918324.7687,746189,,517600,0,,0,2,,East,2022/2023,NORTH-WESTERN MOTORWAY,ST LUKES ROAD OFF RAMP,,Non-Injury Crash,Yes,2023,,West,,0,,Flat,,,,,,Bright sun,533200,0,0,0,3,,,0,,,,,,Auckland Region,Nil,1-way,Sealed,,0,0,,80,,Off,0,0,,76,Auckland,Nil,,,,,0,0,Open,1,,,Fine,Null
1750141.8754,5916286.6108,746196,,514801,0,,0,2,,Null,2022/2023,ROSEBANK ROAD,EASTDALE ROAD,,Non-Injury Crash,No,2023,,North,,0,,Flat,,,,,,Dark,387200,0,0,0,2,,,0,,,,,,Auckland Region,Nil,2-way,Sealed,,0,0,,50,,On,0,0,,76,Auckland,Traffic Signals,,,,,0,0,Urban,0,,,Heavy rain,Null
1751581.2663,5914707.0705,746197,,514402,0,0,0,2,0,North,2024/2025,BLOCKHOUSE BAY ROAD,ACTON PLACE,,Minor Crash,No,2024,0,North,0,0,0,Flat,0,,0,,0,Dark,380503,1,0,0,2,0,0,0,0,1,,0,0,Auckland Region,Nil,2-way,Sealed,0,0,0,0,50,0,On,0,0,,76,Auckland,Nil,0,0,0,0,0,0,Urban,0,0,0,Fine,Null