X,Y,OBJECTID,advisorySpeed,areaUnitID,bicycle,bridge,bus,carStationWagon,cliffBank,crashDirectionDescription,crashFinancialYear,crashLocation1,crashLocation2,crashRoadSideRoad,crashSeverity,crashSHDescription,crashYear,debris,directionRoleDescription,ditch,fatalCount,fence,flatHill,guardRail,holiday,houseOrBuilding,intersection,kerb,light,meshblockId,minorInjuryCount,moped,motorcycle,NumberOfLanes,objectThrownOrDropped,otherObject,otherVehicleType,overBank,parkedVehicle,pedestrian,phoneBoxEtc,postOrPole,region,roadCharacter,roadLane,roadSurface,roadworks,schoolBus,seriousInjuryCount,slipOrFlood,speedLimit,strayAnimal,streetLight,suv,taxi,temporarySpeedLimit,tlaId,tlaName,trafficControl,trafficIsland,trafficSign,train,tree,truck,unknownVehicleType,urban,vanOrUtility,vehicle,waterRiver,weatherA,weatherB
1765063.4797,5902867.9482,746205,,524604,0,,0,1,,Null,2024/2025,ROSCOMMON ROAD,WIRI STATION ROAD,,Minor Crash,No,2024,,South,,0,,Flat,,,,,,Overcast,781302,1,0,0,4,,,0,,,,,,Auckland Region,Nil,2-way,Sealed,,0,0,,60,,Off,1,0,,76,Auckland,Traffic Signals,,,,,0,0,Urban,0,,,Fine,Null
1764360.7985,5909330.4416,746214,,521901,1,,0,1,,Null,2023/2024,GREAT SOUTH ROAD,FAIRBURN ROAD,,Serious Crash,No,2024,,North,,0,,Flat,,,,,,Dark,784900,0,0,0,2,,,0,,,,,,Auckland Region,Nil,1-way,Sealed,,0,1,,50,,On,0,0,,76,Auckland,Stop,,,,,0,0,Urban,0,,,Fine,Null
1757763.4623,5918212.8504,746221,,515700,0,,0,1,,South,2023/2024,SOUTHERN MOTORWAY,MOUNTAIN OBR,,Non-Injury Crash,Yes,2023,,North,,0,,Hill Road,,,,,,Bright sun,443600,0,0,0,4,,,0,,,,,,Auckland Region,Nil,1-way,Sealed,,0,0,,80,,Off,1,0,,76,Auckland,Nil,,,,,0,0,Open,0,,,Fine,Null
1772732.5932,5896327.0064,746246,45,525410,0,,0,0,,North,2023/2024,GREAT SOUTH ROAD,AVERILL STREET,,Non-Injury Crash,No,2024,,North,,0,,Flat,,,,,,Bright sun,793000,0,0,0,2,,,0,,,,,,Auckland Region,Nil,2-way,Sealed,,0,0,,50,,Off,0,0,,76,Auckland,Nil,,,,,1,0,Urban,1,,,Fine,None
1752064.9115,5927514.3152,746253,,508210,0,1,0,0,0,East,2023/2024,KAIPATIKI ROAD,LAUDERDALE ROAD,,Serious Crash,No,2024,0,West,0,0,0,Flat,0,,0,,0,Bright sun,187901,0,0,0,2,0,0,0,0,0,,0,1,Auckland Region,Bridge,2-way,Sealed,0,0,1,0,50,0,Off,0,0,,76,Auckland,Nil,0,0,0,0,0,0,Urban,0,0,0,Fine,Null
1767603.3997,5904606.496,746254,,524604,0,,0,2,,South,2023/2024,GREAT SOUTH ROAD,BAKERFIELD PLACE,,Non-Injury Crash,No,2023,,South,,0,,Flat,,,,,,Bright sun,780302,0,0,0,3,,,0,,,,,,Auckland Region,Nil,1-way,Sealed,,0,0,,60,,Off,0,0,,76,Auckland,Nil,,,,,0,0,Urban,0,,,Fine,None
1770578.5222,5906067.6603,746261,,523712,0,0,0,1,0,Null,2023/2024,HUGHS WAY,CASTLEBANE DRIVE,,Non-Injury Crash,No,2023,0,West,0,0,0,Flat,0,,0,,0,Overcast,713300,0,0,0,2,0,1,0,0,0,,0,0,Auckland Region,Speed hump,2-way,Sealed,0,0,0,0,50,0,Off,0,0,,76,Auckland,Give way,0,0,0,0,0,0,Urban,0,0,0,Heavy rain,Null
1758181.438,5918652.601,746262,,517400,1,,0,0,,East,2024/2025,CARLTON GORE ROAD,GEORGE STREET,,Minor Crash,No,2024,,East,,0,,Hill Road,,,,,,Bright sun,450100,1,0,0,2,,,0,,,,,,Auckland Region,Nil,2-way,Sealed,,0,0,,50,,Off,0,0,,76,Auckland,Nil,,,,,1,0,Urban,0,,,Fine,Null
1750462.852,5915832.3204,746318,,514802,0,,0,1,,South,2024/2025,ROSEBANK ROAD,RIVERSDALE ROAD,,Minor Crash,No,2025,,South,,0,,Flat,,,,,,Bright sun,389900,1,0,0,2,,,0,,,1,,,Auckland Region,Nil,2-way,Sealed,,0,0,,50,,Off,0,0,,76,Auckland,Nil,,,,,0,0,Urban,0,,,Fine,Null
1747229.0892,5920738.2142,746326,,512300,0,0,0,1,0,South,2023/2024,TE ATATU ROAD,CELLARMANS STREET,,Non-Injury Crash,No,2024,0,North,0,0,0,Flat,0,Queens Birthday,0,,0,Dark,251102,0,0,0,4,0,0,0,0,0,,0,1,Auckland Region,Nil,2-way,Sealed,0,0,0,0,50,0,On,0,0,,76,Auckland,Nil,0,1,0,0,0,0,Urban,0,0,0,Fine,Null
1773978.3335,5897667.7698,746341,,525630,0,,0,1,,Null,2023/2024,COSGRAVE ROAD,FERNAIG STREET,,Non-Injury Crash,No,2024,,South,,0,,Flat,,,,,,Bright sun,795700,0,0,0,2,,,0,,,,,,Auckland Region,Nil,2-way,Sealed,,0,0,,60,,Off,0,0,,76,Auckland,Nil,,,,,1,0,Urban,0,,,Fine,Null
1759710.4788,5908539.7981,746342,,524121,0,0,0,0,0,North,2023/2024,HALL AVENUE,MOLESWORTH PLACE,,Non-Injury Crash,No,2023,0,South,0,0,0,Flat,0,,0,,0,Unknown,737000,0,0,0,2,0,0,0,0,1,,0,0,Auckland Region,Nil,2-way,Sealed,0,0,0,0,50,0,Null,0,0,,76,Auckland,Nil,0,0,0,0,0,0,Urban,1,0,0,Null,Null
1747335.7564,5913237.7841,746358,,511100,0,,0,1,,East,2023/2024,SAVOY ROAD,CAPTAIN SCOTT ROAD,,Non-Injury Crash,No,2023,,West,,0,,Flat,,,,,,Overcast,287600,0,0,0,2,,,0,,,,,,Auckland Region,Nil,2-way,Sealed,,0,0,,50,,None,0,0,,76,Auckland,Nil,,,,,0,0,Urban,1,,,Fine,Null
1763878.4697,5908893.9066,746382,,521901,0,0,0,3,0,East,2024/2025,MANGERE ROAD,AWA STREET,,Minor Crash,No,2024,0,East,0,0,0,Flat,0,,0,,0,Bright sun,785100,2,0,0,3,0,0,0,0,1,,0,0,Auckland Region,Nil,2-way,Sealed,0,0,0,0,50,0,Off,0,0,,76,Auckland,Nil,0,0,0,0,0,0,Urban,0,0,0,Fine,Null
1764667.5882,5911685.4555,746398,,520500,0,,0,1,,North,2023/2024,SOUTHERN MOTORWAY,PANAMA OBR,,Non-Injury Crash,Yes,2023,,South,,0,,Flat,,,,,,Overcast,639602,0,0,0,3,,,0,,,,,,Auckland Region,Nil,1-way,Sealed,,0,0,,100,,Off,0,0,,76,Auckland,Nil,,,,,0,0,Open,1,,,Light rain,Strong wind
1765645.8877,5908858.8377,746421,35,523402,0,0,0,0,0,Null,2023/2024,HIGHBROOK DRIVE,HELLABYS ROAD,,Non-Injury Crash,No,2024,0,South,0,0,0,Flat,0,,0,,0,Overcast,696900,0,0,0,2,0,0,0,0,0,,0,1,Auckland Region,Nil,1-way,Sealed,0,0,0,0,50,0,Off,1,0,,76,Auckland,Give way,0,0,0,0,0,0,Urban,0,0,0,Light rain,Null
1756396.223,5930656.5122,746429,,507500,0,,0,2,,South,2023/2024,EAST COAST ROAD,FORREST HILL ROAD,,Non-Injury Crash,No,2023,,South,,0,,Flat,,,,,,Twilight,148801,0,0,0,2,,,0,,,,,,Auckland Region,Nil,2-way,Sealed,,0,0,,50,,On,0,0,,76,Auckland,Nil,,,,,0,0,Urban,0,,,Light rain,Null
1760149.1346,5884935.5612,746445,,521121,0,,0,0,,East,2023/2024,GLENBROOK ROAD,PEARSON ROAD,,Non-Injury Crash,No,2023,,East,,0,,Hill Road,,,,,,Overcast,811200,0,0,0,2,,,0,,,,,,Auckland Region,Nil,2-way,Sealed,,0,0,,80,,Off,1,0,,76,Auckland,Nil,,,,,0,0,Open,1,,,Fine,Null
1769221.1592,5902416.4258,746461,,524901,0,,0,1,,North,2023/2024,SOUTHERN MOTORWAY,HILL ROAD ON RAMP,,Non-Injury Crash,Yes,2023,,North,,0,,Flat,,,,,,Overcast,755000,0,0,0,3,,,0,,,,,,Auckland Region,Nil,1-way,Sealed,,0,0,,100,,Off,0,0,,76,Auckland,Nil,,,,,1,0,Open,0,,,Fine,Null
1749562.6978,5916871.8882,746462,,514801,0,,0,2,,South,2023/2024,ROSEBANK ROAD,FREMLIN PLACE,,Non-Injury Crash,No,2023,,South,,0,,Flat,,,,,,Bright sun,389300,0,0,0,2,,,0,,,,,,Auckland Region,Nil,2-way,Sealed,,0,0,,50,,Off,0,0,,76,Auckland,Nil,,,,,0,0,Urban,2,,,Fine,Null
1769039.0116,5909726.6547,746470,,523113,0,,0,0,,East,2023/2024,SMALES ROAD,SIR WILLIAM AVENUE,,Minor Crash,No,2024,,East,,0,,Flat,,,,,,Bright sun,711703,1,0,0,2,,,0,,,,,,Auckland Region,Nil,2-way,Sealed,,0,0,,50,,Off,0,0,,76,Auckland,Nil,,,,,1,0,Urban,1,,,Fine,Null
1774171.248,5909500.8651,746477,,523202,0,0,0,1,0,East,2023/2024,WHITFORD ROAD,WADES ROAD,,Non-Injury Crash,No,2023,0,East,0,0,0,Flat,1,,0,,0,Dark,717400,0,0,0,2,0,0,0,0,0,,0,0,Auckland Region,Nil,2-way,Sealed,0,0,0,0,60,0,None,0,0,,76,Auckland,Nil,0,0,0,0,0,0,Urban,0,0,0,Light rain,Null
1751157.01,5915881.6683,746526,,514401,0,,0,2,,Null,2023/2024,GREAT NORTH ROAD,VICTOR STREET,,Minor Crash,No,2024,,North,,0,,Flat,,,,,,Bright sun,381801,1,0,0,4,,,0,,,,,,Auckland Region,Nil,2-way,Sealed,,0,0,,50,,On,0,0,,76,Auckland,Traffic Signals,,,,,0,0,Urban,0,,,Fine,Null
1752318.292,5914095.517,746541,,514500,0,,0,2,,North,2023/2024,PETER BUCK ROAD,MANAWAROA LANE,,Non-Injury Crash,No,2024,,East,,0,,Hill Road,,,,,,Dark,375200,0,0,0,2,,,0,,,,,,Auckland Region,Nil,2-way,Sealed,,0,0,,50,,On,0,0,,76,Auckland,Nil,,,,,0,0,Urban,0,,,Light rain,Null
1744476.7292,5932270.453,746542,,506400,0,,0,1,,Null,2023/2024,COATESVILLE-RIVERHEAD HIGHWAY,MILL FLAT ROAD,,Non-Injury Crash,No,2023,,North,,0,,Flat,,,,,,Bright sun,216800,0,0,0,2,,,0,,,,,,Auckland Region,Nil,2-way,Sealed,,0,0,,60,,None,0,0,,76,Auckland,Nil,,,,,0,0,Urban,1,,,Fine,Null
1772090.7881,5898042.89,746549,,523912,0,0,0,0,0,Null,2023/2024,PORCHESTER ROAD,WALTERS ROAD,,Non-Injury Crash,No,2023,0,South,0,0,0,Flat,0,,0,,0,Overcast,767400,0,0,0,2,0,1,0,0,0,,0,0,Auckland Region,Nil,2-way,Sealed,0,0,0,0,50,0,Off,0,0,,76,Auckland,Give way,0,0,0,0,1,0,Urban,0,0,0,Fine,Null
1754357.6929,5924797.4256,746550,,510500,0,,0,2,,East,2023/2024,ONEWA ROAD,AORANGI PLACE,,Minor Crash,No,2023,,West,,0,,Flat,,,,,,Overcast,356100,1,0,0,2,,,0,,,,,,Auckland Region,Nil,2-way,Sealed,,0,0,,50,,Off,0,0,,76,Auckland,Nil,,,,,0,0,Urban,0,,,Fine,Null
1766821.8616,5912822.185,746564,,522910,0,0,0,3,0,Null,2022/2023,OFF ROAD - CAR PARK,,,Minor Crash,No,2023,0,North,0,0,0,Flat,0,,0,,0,Bright sun,684000,1,0,0,,0,0,0,0,3,,0,0,Auckland Region,Nil,Off road,Sealed,0,0,0,0,,0,Off,1,1,,76,Auckland,Nil,0,0,0,0,0,0,Urban,0,0,0,Fine,Null
1768979.8981,5911555.927,746566,,523107,0,,0,2,,Null,2022/2023,TI RAKAU DRIVE,TORRENS ROAD,,Non-Injury Crash,No,2023,,East,,0,,Flat,,,,,,Overcast,711402,0,0,0,6,,,0,,,,,,Auckland Region,Nil,2-way,Sealed,,0,0,,50,,Off,0,0,,76,Auckland,Give way,,,,,0,0,Urban,0,,,Light rain,Null
1760548.5593,5906301.7912,746573,,524111,0,0,0,1,0,South,2023/2024,HEYFORD CLOSE,MASCOT AVENUE,,Non-Injury Crash,No,2024,0,North,0,0,0,Flat,0,,0,,1,Bright sun,741201,0,0,0,2,0,0,0,0,0,,0,1,Auckland Region,Nil,2-way,Sealed,0,0,0,0,30,0,Off,0,0,,76,Auckland,Nil,0,0,0,0,0,0,Urban,0,0,0,Fine,Null
1757997.6763,5914710.0061,746582,,519300,0,,0,1,,Null,2023/2024,MANUKAU ROAD,NGAROMA ROAD,,Serious Crash,No,2023,,North,,0,,Flat,,,,,,Dark,624200,0,0,1,3,,,0,,,,,,Auckland Region,Nil,2-way,Sealed,,0,1,,50,,On,0,0,,76,Auckland,Nil,,,,,0,0,Urban,0,,,Light rain,Null
1764410.8584,5904428.4246,746590,,522100,0,,0,2,,Null,2022/2023,PUHINUI ROAD,WYLLIE ROAD,,Non-Injury Crash,No,2023,,West,,0,,Hill Road,,,,,,Dark,659100,0,0,0,3,,,0,,,,,,Auckland Region,Nil,2-way,Sealed,,0,0,,50,,On,0,0,,76,Auckland,Traffic Signals,,,,,0,0,Urban,0,,,Fine,Null
1761420.7927,5914697.8244,746613,,520202,0,0,0,1,0,West,2023/2024,FINDLAY STREET,CAWLEY STREET,,Non-Injury Crash,No,2023,0,East,0,0,1,Flat,0,,0,,0,Dark,612000,0,0,0,2,0,0,0,0,0,,0,0,Auckland Region,Nil,2-way,Sealed,0,0,0,0,50,0,On,0,0,,76,Auckland,Nil,0,0,0,0,0,0,Urban,0,0,0,Fine,Null
1751901.6704,5915878.8017,746637,,514401,0,,0,1,,North,2023/2024,SH 20,POWELL STREET,,Non-Injury Crash,Yes,2023,,South,,0,,Flat,,,,,,Dark,383802,0,0,0,3,,,0,,,,,,Auckland Region,Nil,1-way,Sealed,,0,0,,80,,On,0,0,,76,Auckland,Nil,,,,,1,0,Open,0,,,Fine,Null
1753661.0921,5929294.8333,746638,,508420,0,0,0,1,0,Null,2022/2023,GLENFIELD ROAD,WAIRAU ROAD,,Non-Injury Crash,No,2023,0,South,0,0,0,Flat,0,,0,,0,Overcast,183201,0,0,0,2,0,0,0,0,0,,0,1,Auckland Region,Nil,1-way,Sealed,0,0,0,0,50,0,Off,0,0,,76,Auckland,Traffic Signals,0,0,0,0,0,0,Urban,0,0,0,Fine,Null
1762332.5076,5913416.61,746661,,520402,0,,0,2,,South,2022/2023,SOUTHERN MOTORWAY,PENROSE OBR,,Non-Injury Crash,Yes,2023,,South,,0,,Flat,,,,,,Dark,642200,0,0,0,3,,,0,,,,,,Auckland Region,Nil,1-way,Sealed,,0,0,,100,,On,0,0,,76,Auckland,Nil,,,,,0,0,Open,0,,,Light rain,Null
1757677.7189,5929266.3147,746694,,507800,0,,0,1,,Null,2022/2023,OMANA ROAD,INGA ROAD,,Non-Injury Crash,No,2023,,North,,0,,Flat,,,,,,Bright sun,311100,0,0,0,2,,,0,,,,,,Auckland Region,Nil,2-way,Sealed,,0,0,,50,,Off,1,0,,76,Auckland,Give way,,,,,0,0,Urban,0,,,Fine,Null
1767701.5638,5904429.3219,746701,,524604,0,,0,2,,South,2023/2024,GREAT SOUTH ROAD,GLADDING PLACE,,Minor Crash,No,2024,,South,,0,,Flat,,,,,,Overcast,780302,1,0,0,3,,,0,,,,,,Auckland Region,Nil,1-way,Sealed,,0,0,,50,,None,0,0,,76,Auckland,Nil,,,,,0,0,Urban,0,,,Fine,Null
1764982.602,5906802.7296,746742,,522201,0,0,0,2,0,South,2023/2024,SHIRLEY ROAD,CAMBOURNE ROAD,,Minor Crash,No,2023,0,South,0,0,0,Flat,0,,0,,0,Dark,661800,2,0,0,2,0,0,0,0,1,,0,0,Auckland Region,Nil,2-way,Sealed,0,0,0,0,50,0,On,1,0,,76,Auckland,Nil,0,0,0,0,0,0,Urban,0,0,0,Fine,Null
1749907.8435,5946907.708,746748,35,505806,0,0,0,2,0,South,2022/2023,OLD MILL ROAD,BONAIR CRESCENT,,Minor Crash,No,2023,0,South,0,0,0,Hill Road,0,,0,,0,Dark,176504,1,0,0,2,0,0,0,0,1,,0,0,Auckland Region,Nil,2-way,Sealed,0,0,0,0,50,0,On,0,0,,76,Auckland,Nil,0,0,0,0,0,0,Urban,0,0,0,Fine,Null
1756252.4034,5919246.0048,746749,,514200,0,,0,1,,Null,2022/2023,NEWTON ROAD,KARANGAHAPE ROAD,,Non-Injury Crash,No,2023,,North,,0,,Hill Road,,,,,,Dark,411700,0,0,0,4,,,0,,,,,,Auckland Region,Nil,2-way,Sealed,,0,0,,30,,On,0,0,,76,Auckland,Traffic Signals,,,,,1,0,Urban,0,,,Fine,Null
1770385.0733,5911754.3735,746750,,523105,0,0,0,2,0,North,2022/2023,BOTANY ROAD,GOLFLAND DRIVE,,Non-Injury Crash,No,2023,0,North,0,0,0,Flat,0,,0,,1,Overcast,711148,0,0,0,3,0,0,0,0,0,,0,0,Auckland Region,Nil,1-way,Sealed,0,0,0,0,60,0,Off,0,0,,76,Auckland,Nil,0,0,0,0,0,0,Urban,0,0,0,Fine,Null
1753487.8062,5929597.6938,746757,,508420,0,,0,2,,South,2023/2024,GLENFIELD ROAD,SUNSET ROAD,,Minor Crash,No,2024,,North,,0,,Hill Road,,,,,,Bright sun,183201,1,0,0,4,,,0,,,,,,Auckland Region,Nil,2-way,Sealed,,0,0,,50,,Off,0,0,,76,Auckland,Nil,,,,,0,0,Urban,0,,,Fine,Null
1758781.8194,5917304.0275,746821,,516001,0,,0,2,,North,2022/2023,SOUTHERN MOTORWAY,MARKET ROAD OFF RAMP,,Non-Injury Crash,Yes,2023,,North,,0,,Flat,,,,,,Bright sun,491000,0,0,0,3,,,0,,,,,,Auckland Region,Nil,1-way,Sealed,,0,0,,80,,None,0,0,,76,Auckland,Nil,,,,,0,0,Open,0,,,Fine,Null
1768181.1293,5910446.8247,746829,,523112,0,,0,1,,Null,2022/2023,BRUCE RODERICK DRIVE,OFFENHAUSER DRIVE,,Fatal Crash,No,2023,,South,,1,,Flat,,,,,,Dark,711500,0,0,0,2,,,0,,,4,,,Auckland Region,Nil,2-way,Sealed,,0,1,,50,,On,0,0,,76,Auckland,Give way,,,,,0,0,Urban,0,,,Light rain,Null
1761542.9438,5915720.7318,746830,,520201,0,,0,0,,South,2023/2024,LADIES MILE,UMERE CRESCENT,,Non-Injury Crash,No,2023,,South,,0,,Hill Road,,,,,,Bright sun,609700,0,0,0,2,,,0,,,,,,Auckland Region,Nil,2-way,Sealed,,0,0,,50,,Off,0,0,,76,Auckland,Nil,,,,,0,0,Urban,2,,,Fine,Null
1771459.2183,5907658.5307,746846,,523713,0,0,0,3,0,Null,2023/2024,MURPHYS ROAD,JEFFS ROAD,,Non-Injury Crash,No,2023,0,South,0,0,0,Flat,0,,0,,0,Overcast,712500,0,0,0,2,0,0,0,0,1,,0,0,Auckland Region,Nil,2-way,Sealed,0,0,0,0,50,0,Null,0,0,,76,Auckland,Nil,0,0,0,0,0,0,Urban,0,0,0,Light rain,Null
1755782.5335,5918809.0298,746853,,515500,0,,1,0,,Null,2022/2023,GREAT NORTH ROAD,TURAKINA STREET,,Minor Crash,No,2023,,North,,0,,Flat,,,,,,Bright sun,418600,1,0,0,4,,,0,,,,,,Auckland Region,Nil,2-way,Sealed,,0,0,,50,,Off,0,0,,76,Auckland,Nil,,,,,0,0,Urban,0,,,Fine,Null
1744737.8608,5914470.1542,746868,,512903,0,,0,2,,Null,2022/2023,PARRS CROSS ROAD,LEGACY DRIVE,,Minor Crash,No,2023,,West,,0,,Hill Road,,,,,,Overcast,278006,2,0,0,2,,,0,,,,,,Auckland Region,Nil,2-way,Sealed,,0,0,,50,,Off,0,0,,76,Auckland,Give way,,,,,0,0,Urban,0,,,Light rain,Null
1754651.8666,5918352.7933,746877,,515431,0,0,0,1,0,East,2022/2023,NORTH-WESTERN MOTORWAY,MOUNTAIN VIEW OBR,,Non-Injury Crash,Yes,2023,0,East,0,0,0,Flat,1,Queens Birthday,0,,0,Dark,406700,0,0,0,4,0,0,0,0,0,,0,0,Auckland Region,Nil,1-way,Sealed,0,0,0,0,80,0,On,0,0,,76,Auckland,Nil,0,0,0,0,0,0,Open,0,0,0,Fine,Null
1759554.2139,5925268.7932,746885,,508110,0,,0,2,,Null,2022/2023,LAKE ROAD,WINSCOMBE STREET,,Non-Injury Crash,No,2023,,South,,0,,Hill Road,,,,,,Bright sun,319200,0,0,0,2,,,0,,,,,,Auckland Region,Nil,2-way,Sealed,,0,0,,50,,Off,0,0,,76,Auckland,Traffic Signals,,,,,0,0,Urban,0,,,Fine,Null
1750398.9618,5913849.6079,746909,,511303,0,0,0,1,0,South,2022/2023,WARD STREET,PURIRI STREET,,Non-Injury Crash,No,2023,0,South,0,0,0,Flat,0,,0,,0,Bright sun,265100,0,0,0,2,0,0,0,0,0,,0,0,Auckland Region,Nil,2-way,Sealed,0,0,0,0,50,0,Off,0,0,,76,Auckland,Nil,0,0,0,1,0,0,Urban,0,0,0,Fine,Null
1751284.8959,5925205.7706,746925,,510020,0,,0,0,,West,2023/2024,RANGATIRA ROAD,KIA ORA ROAD,,Minor Crash,No,2023,,North,,0,,Flat,,,,,,Bright sun,346200,1,0,1,2,,,0,,,,,,Auckland Region,Nil,2-way,Sealed,,0,0,,50,,Off,0,0,,76,Auckland,Nil,,,,,0,0,Urban,0,,,Fine,Null
1756913.3268,5919980.3053,746926,,514102,0,,0,1,,South,2023/2024,VINCENT STREET,MAYORAL DRIVE,,Minor Crash,No,2024,,North,,0,,Hill Road,,,,,,Overcast,434701,1,0,0,3,,,0,,,1,,,Auckland Region,Nil,2-way,Sealed,,0,0,,30,,Off,0,1,,76,Auckland,Nil,,,,,0,0,Urban,0,,,Fine,Null
1765185.485,5900938.6785,746941,,524821,0,0,0,1,0,Null,2022/2023,FINLAYSON AVENUE,KOPARA PLACE,,Non-Injury Crash,No,2023,0,North,0,0,0,Flat,0,,0,,0,Overcast,774412,0,0,0,2,0,0,0,0,0,,0,0,Auckland Region,Nil,2-way,Sealed,0,0,0,0,50,0,Off,0,0,,76,Auckland,Nil,0,0,0,1,0,0,Urban,1,0,0,Fine,Null
1769838.0636,5906158.3371,746965,,523712,0,0,0,2,0,Null,2022/2023,DONEGAL PARK DRIVE,BROADHURST ROAD,,Non-Injury Crash,No,2023,0,North,0,0,0,Flat,0,,0,,0,Dark,713201,0,0,0,2,0,0,0,0,0,,0,0,Auckland Region,Nil,2-way,Sealed,0,0,0,0,50,0,On,0,0,,76,Auckland,Give way,0,2,0,0,0,0,Urban,0,0,0,Heavy rain,Null
1765114.7926,5906921.9758,746966,,522201,0,0,0,2,0,Null,2022/2023,OMANA ROAD,SHIRLEY ROAD,,Minor Crash,No,2023,0,South,0,0,0,Flat,0,,0,,0,Dark,661200,1,0,0,2,0,0,0,0,1,,0,0,Auckland Region,Nil,2-way,Sealed,0,0,0,0,50,0,On,0,0,,76,Auckland,Give way,0,0,0,0,0,0,Urban,0,0,0,Light rain,Null
1765140.0606,5909743.3297,747005,,521802,0,,0,2,,South,2022/2023,SOUTHERN MOTORWAY,TRENWITH OBR,,Non-Injury Crash,Yes,2023,,North,,0,,Flat,,,,,,Twilight,788203,0,0,0,4,,,0,,,,,,Auckland Region,Nil,1-way,Sealed,,0,0,,100,,Off,0,0,,76,Auckland,Nil,,,,,0,0,Open,0,,,Fine,Null
1747928.7366,5911818.0162,747021,,511901,0,,0,2,,Null,2024/2025,TITIRANGI ROAD,HIGHLAND AVENUE,,Serious Crash,No,2024,,North,,0,,Flat,,,,,,Bright sun,292700,0,0,0,2,,,0,,,,,,Auckland Region,Nil,2-way,Sealed,,0,1,,50,,None,0,0,,76,Auckland,Give way,,,,,0,0,Urban,0,,,Fine,Null
1753924.931,5925031.0222,747022,,510401,0,0,0,1,0,South,2023/2024,BIRKENHEAD AVENUE,IAN MARWICK PLACE,,Non-Injury Crash,No,2023,0,South,0,0,0,Flat,1,,0,,0,Dark,350903,0,0,0,2,0,0,0,0,0,,0,0,Auckland Region,Nil,2-way,Sealed,0,0,0,0,50,0,On,0,0,,76,Auckland,Nil,0,1,0,0,0,0,Urban,0,0,0,Fine,Null
1755044.2213,5918467.5149,747053,,515420,0,0,0,1,0,West,2023/2024,GREAT NORTH ROAD,COLERIDGE STREET,,Non-Injury Crash,No,2024,0,West,0,0,1,Hill Road,0,,0,,0,Dark,404800,0,0,0,2,0,0,0,0,0,,0,1,Auckland Region,Nil,2-way,Sealed,0,0,0,0,50,0,On,0,0,,76,Auckland,Nil,0,0,0,0,0,0,Urban,0,0,0,Fine,Null
1766852.5279,5905779.2102,747069,,522302,0,0,0,1,0,Null,2023/2024,PEMBROKE STREET,GREAT SOUTH ROAD,,Non-Injury Crash,No,2023,0,South,0,0,1,Flat,0,,0,,0,Bright sun,669300,0,0,0,2,0,1,0,0,0,,0,0,Auckland Region,Nil,2-way,Sealed,0,0,0,0,50,0,Off,0,0,,76,Auckland,Stop,0,0,0,0,0,0,Urban,0,0,0,Fine,Strong wind
1758972.2139,5912629.9316,747070,,519820,0,,0,1,,Null,2023/2024,OFF ROAD - ONEHUNGA MALL,,,Serious Crash,No,2024,,West,,0,,Flat,,,,,,Bright sun,600400,0,0,0,,,,0,,,2,,,Auckland Region,Nil,Off road,Sealed,,0,1,,,,Off,0,0,,76,Auckland,Nil,,,,,0,0,Urban,0,,,Fine,Null
1755278.5026,5921763.6544,747078,,515202,0,,0,2,,South,2023/2024,NORTHERN MOTORWAY,CURRAN STREET ON RAMP,,Non-Injury Crash,Yes,2023,,North,,0,,Flat,,,,,,Bright sun,423600,0,0,0,4,,,0,,,,,,Auckland Region,Nil,1-way,Sealed,,0,0,,80,,Off,0,0,,76,Auckland,Nil,,,,,1,0,Open,0,,,Fine,Null
1753582.079,5927809.1995,747109,,508310,0,,0,2,,Null,2022/2023,GLENFIELD ROAD,PEACH ROAD,,Non-Injury Crash,No,2023,,South,,0,,Flat,,,,,,Bright sun,200000,0,0,0,4,,,0,,,,,,Auckland Region,Nil,2-way,Sealed,,0,0,,50,,Off,0,0,,76,Auckland,Give way,,,,,0,0,Urban,0,,,Fine,Null
1747881.2015,5922507.9881,747149,,512202,0,0,0,2,0,Null,2023/2024,SPINNAKER DRIVE,BOSUN PLACE,,Non-Injury Crash,No,2024,0,West,0,0,0,Flat,0,,0,,0,Bright sun,246105,0,0,0,2,0,0,0,0,3,,0,0,Auckland Region,Nil,2-way,Sealed,0,0,0,0,50,0,None,0,0,,76,Auckland,Give way,0,0,0,0,1,0,Urban,1,0,0,Fine,Null
1767046.0272,5913094.1859,747158,,522910,0,0,0,4,0,East,2022/2023,REEVES ROAD,WILLIAM ROBERTS ROAD,,Non-Injury Crash,No,2023,0,East,0,0,0,Hill Road,0,,0,,0,Dark,685100,0,0,0,2,0,0,0,0,3,,0,0,Auckland Region,Nil,2-way,Sealed,0,0,0,0,50,0,On,0,0,,76,Auckland,Nil,0,0,0,0,0,0,Urban,0,0,0,Fine,Null
1761764.6107,5906508.7167,747165,,524200,0,,0,1,,South,2023/2024,SOUTH-WESTERN MOTORWAY,MASSEY OBR,,Non-Injury Crash,Yes,2024,,North,,0,,Flat,,,,,,Overcast,728700,0,0,0,2,,,0,,,,,,Auckland Region,Nil,1-way,Sealed,,0,0,,100,,Off,0,0,,76,Auckland,Nil,,,,,0,0,Open,2,,,Light rain,Null
1751727.8379,5914209.4035,747172,,514402,0,0,0,0,0,Null,2022/2023,TIVERTON ROAD,PITCAIRN PLACE,,Minor Crash,No,2023,0,West,0,0,0,Hill Road,0,,0,,0,Bright sun,380600,1,0,0,4,0,0,0,0,0,,0,0,Auckland Region,Nil,2-way,Sealed,0,0,0,0,50,0,Off,1,0,,76,Auckland,Stop,0,0,0,0,0,0,Urban,1,1,0,Fine,Null