X,Y,OBJECTID,advisorySpeed,areaUnitID,bicycle,bridge,bus,carStationWagon,cliffBank,crashDirectionDescription,crashFinancialYear,crashLocation1,crashLocation2,crashRoadSideRoad,crashSeverity,crashSHDescription,crashYear,debris,directionRoleDescription,ditch,fatalCount,fence,flatHill,guardRail,holiday,houseOrBuilding,intersection,kerb,light,meshblockId,minorInjuryCount,moped,motorcycle,NumberOfLanes,objectThrownOrDropped,otherObject,otherVehicleType,overBank,parkedVehicle,pedestrian,phoneBoxEtc,postOrPole,region,roadCharacter,roadLane,roadSurface,roadworks,schoolBus,seriousInjuryCount,slipOrFlood,speedLimit,strayAnimal,streetLight,suv,taxi,temporarySpeedLimit,tlaId,tlaName,trafficControl,trafficIsland,trafficSign,train,tree,truck,unknownVehicleType,urban,vanOrUtility,vehicle,waterRiver,weatherA,weatherB
1745951.8506,5907750.7356,747181,,512801,0,0,0,1,0,North,2023/2024,LAINGHOLM DRIVE,WARNER PARK AVENUE,,Non-Injury Crash,No,2023,0,East,0,0,0,Hill Road,0,,0,,0,Dark,302104,0,0,0,2,0,0,0,0,0,,0,0,Auckland Region,Nil,2-way,Sealed,0,0,0,0,50,0,None,0,0,,76,Auckland,Nil,0,0,0,1,0,0,Urban,0,0,0,Mist or Fog,Null
1756684.1881,5919931.4288,747182,,514102,0,,0,1,,Null,2023/2024,NELSON STREET,UNION STREET,,Serious Crash,No,2024,,North,,0,,Hill Road,,,,,,Bright sun,434603,0,0,0,3,,,0,,,1,,,Auckland Region,Nil,1-way,Sealed,,0,1,,40,,Off,0,0,,76,Auckland,Traffic Signals,,,,,0,0,Urban,0,,,Fine,Null
1754738.0394,5927064.6665,747189,,508620,0,0,0,3,0,West,2023/2024,CORONATION ROAD,STANAWAY STREET,,Minor Crash,No,2023,0,West,0,0,0,Flat,0,,0,,0,Overcast,203100,1,0,0,1,0,0,0,0,1,,0,0,Auckland Region,Nil,2-way,Sealed,0,0,0,0,50,0,Off,0,0,,76,Auckland,Nil,0,0,0,0,0,0,Urban,0,0,0,Fine,Null
1763274.1072,5917657.7071,747197,,516302,0,0,0,1,0,West,2023/2024,ST JOHNS ROAD,DORCHESTER STREET,,Minor Crash,No,2024,0,East,0,0,0,Hill Road,0,,0,,0,Bright sun,462811,1,0,0,2,0,0,0,0,1,,0,0,Auckland Region,Nil,2-way,Sealed,0,0,0,0,50,0,Off,1,0,,76,Auckland,Nil,0,0,0,0,0,0,Urban,0,0,0,Fine,Null
1761346.7294,5906224.2014,747198,,524200,0,0,0,0,0,North,2023/2024,MASSEY ROAD,FRIESIAN DRIVE,,Non-Injury Crash,No,2023,0,South,0,0,0,Flat,0,,0,,0,Bright sun,728801,0,0,0,2,0,0,0,0,0,,0,1,Auckland Region,Nil,2-way,Sealed,0,0,0,0,50,0,Off,0,0,,76,Auckland,Nil,0,0,0,0,1,0,Urban,0,0,0,Fine,Null
1769716.0145,5905299.9383,747205,,523712,0,0,0,2,0,South,2022/2023,ANDRUSHA PLACE,THOMAS ROAD,,Non-Injury Crash,No,2023,0,South,0,0,0,Flat,0,,0,,0,Dark,716202,0,0,0,2,0,0,0,0,1,,0,0,Auckland Region,Nil,2-way,Sealed,0,0,0,0,50,0,On,0,0,,76,Auckland,Nil,0,0,0,0,0,0,Urban,0,0,0,Fine,Null
1745394.9201,5920849.8605,747229,,513301,0,,0,1,,North,2022/2023,LINCOLN ROAD OFF RAMP,LINCOLN ROAD OFF RAMP,,Non-Injury Crash,No,2023,,East,,0,,Hill Road,,,,,,Overcast,230200,0,0,0,3,,,0,,,,,,Auckland Region,Motorway ramp,1-way,Sealed,,0,0,,100,,Off,0,0,,76,Auckland,Nil,,,,,0,0,Open,2,,,Fine,Null
1764238.1919,5914061.3762,747230,,520602,0,0,0,1,0,North,2023/2024,IRELAND ROAD,TIDE CLOSE,,Non-Injury Crash,No,2023,0,South,1,0,0,Flat,1,,0,,0,Bright sun,629100,0,0,0,2,0,0,0,0,0,,0,0,Auckland Region,Nil,2-way,Sealed,0,0,0,0,50,0,Off,0,0,,76,Auckland,Nil,0,0,0,0,0,0,Urban,0,0,0,Fine,Null
1754763.3537,5927068.4631,747254,,508620,0,0,0,1,0,West,2022/2023,CORONATION ROAD,STANAWAY STREET,,Non-Injury Crash,No,2023,0,East,0,0,0,Flat,0,,0,,0,Dark,203100,0,0,0,2,0,0,0,0,1,,0,0,Auckland Region,Nil,2-way,Sealed,0,0,0,0,50,0,On,1,0,40,76,Auckland,Nil,0,0,0,0,0,0,Urban,0,0,0,Fine,Null
1755479.3044,5929002.4506,747261,,508320,0,,0,0,,Null,2023/2024,TRISTRAM AVENUE,TRISTRAM AVENUE OFF RAMP,,Non-Injury Crash,No,2023,,East,,0,,Flat,,,,,,Overcast,198500,0,0,0,3,,,0,,,,,,Auckland Region,Nil,1-way,Sealed,,0,0,,50,,Off,0,0,,76,Auckland,Traffic Signals,,,,,1,0,Urban,1,,,Fine,Null
1765815.9644,5914394.1307,747269,,520602,0,0,0,2,0,West,2023/2024,KINGS ROAD,CAEN ROAD,,Minor Crash,No,2023,0,East,0,0,0,Flat,0,Christmas New Year,0,,0,Overcast,630003,1,0,0,2,0,0,0,0,1,,0,0,Auckland Region,Nil,2-way,Sealed,0,0,0,0,50,0,Off,0,0,,76,Auckland,Nil,0,0,0,0,0,0,Urban,0,0,0,Light rain,Null
1753101.9583,5877824.8707,747293,,526103,0,0,0,2,0,North,2023/2024,RANGIWHEA ROAD,SHANLEY CRESCENT,,Non-Injury Crash,No,2023,0,North,0,0,0,Flat,0,,0,,0,Overcast,836800,0,0,0,2,0,0,0,0,0,,0,0,Auckland Region,Nil,2-way,Sealed,0,0,0,0,50,0,None,0,0,,76,Auckland,Nil,0,0,0,0,0,0,Urban,0,1,0,Fine,Null
1758819.0482,5911444.8391,747302,,519820,0,0,0,1,0,East,2022/2023,ONEHUNGA HARBOUR ROAD OFF RAMP,ONEHUNGA HARBOUR ROAD,,Non-Injury Crash,No,2023,0,West,0,0,0,Flat,1,,0,,0,Overcast,602402,0,0,0,1,0,0,0,0,0,,0,0,Auckland Region,Motorway ramp,1-way,Sealed,0,0,0,0,100,0,Off,0,0,,76,Auckland,Nil,0,0,0,0,0,0,Open,0,0,0,Light rain,Null
1749378.0044,5970436.7005,747310,,505500,0,,0,1,,Null,2022/2023,PERCY STREET,ALNWICK STREET,,Non-Injury Crash,No,2023,,South,,0,,Null,,,,,,Unknown,140700,0,0,0,2,,,0,,,,,,Auckland Region,Nil,2-way,Sealed,,0,0,,50,,Null,1,0,,76,Auckland,Stop,,,,,0,0,Urban,0,,,Null,Null
1764842.2611,5903824.3219,747317,,524604,0,,0,1,,Null,2023/2024,CAVENDISH DRIVE,CAVENDISH DRIVE ON RAMP,,Non-Injury Crash,No,2024,,South,,0,,Flat,,,,,,Bright sun,781301,0,0,0,3,,,0,,,,,,Auckland Region,Nil,1-way,Sealed,,0,0,,60,,Off,0,0,,76,Auckland,Traffic Signals,,,,,1,0,Urban,0,,,Fine,Null
1776067.2187,5885014.9472,747318,,521132,0,0,0,1,0,South,2022/2023,SOUTHERN MOTORWAY,RAMARAMA OFF RAMP,,Non-Injury Crash,Yes,2023,0,North,0,0,0,Flat,1,,0,,0,Overcast,814701,0,0,0,2,0,0,0,0,0,,0,0,Auckland Region,Nil,1-way,Sealed,0,0,0,0,100,0,Off,0,0,,76,Auckland,Nil,0,0,0,0,0,0,Open,0,0,0,Light rain,Null
1756979.2441,5917007.6843,747333,,518102,0,,0,1,,Null,2023/2024,MOUNT EDEN ROAD,RAUTANGI ROAD,,Serious Crash,No,2024,,North,,0,,Hill Road,,,,,,Overcast,547200,0,0,0,3,,,0,,,1,,,Auckland Region,Nil,2-way,Sealed,,0,1,,50,,Off,0,0,,76,Auckland,Stop,,,,,0,0,Urban,0,,,Fine,Null
1762360.3506,5906158.4887,747357,,524302,0,0,0,1,0,Null,2022/2023,SKIPTON STREET,HADDON STREET,,Non-Injury Crash,No,2023,0,South,0,0,0,Flat,0,,0,,0,Dark,744700,0,0,0,2,0,0,0,0,0,,0,1,Auckland Region,Nil,2-way,Sealed,0,0,0,0,50,0,On,0,0,,76,Auckland,Nil,0,0,0,0,0,0,Urban,0,0,0,Fine,Null
1773399.8216,5896850.881,747365,,525630,0,0,0,1,0,South,2023/2024,SHIRLEY AVENUE,CAMPBELL PLACE,,Minor Crash,No,2024,0,North,0,0,0,Flat,0,Queens Birthday,0,,0,Twilight,794900,1,0,0,2,0,0,0,0,1,,0,0,Auckland Region,Nil,2-way,Sealed,0,0,0,0,50,0,Off,0,0,,76,Auckland,Nil,0,0,0,0,1,0,Urban,0,0,0,Fine,Null
1757705.4381,5918266.8365,747373,,518101,0,,0,0,,South,2023/2024,AUCKLAND-HAMILTON MOTORWAY,KHYBER PASS ROAD OFF RAMP,,Minor Crash,Yes,2024,,North,,0,,Hill Road,,,,,,Dark,543000,1,0,0,4,,,0,,,,,,Auckland Region,Nil,1-way,Sealed,,0,0,,80,,On,1,0,,76,Auckland,Nil,,,,,0,0,Open,1,,,Light rain,Null
1779594.6302,5927177.8165,747381,,520801,0,0,0,1,0,South,2023/2024,OCEAN VIEW ROAD,PURIRI ROAD,,Minor Crash,No,2024,0,South,0,0,0,Hill Road,0,,0,,0,Overcast,516100,1,0,0,2,0,0,0,0,0,,0,0,Auckland Region,Nil,2-way,Sealed,0,0,0,0,50,0,Off,0,0,,76,Auckland,Nil,0,0,0,1,0,0,Urban,0,0,0,Light rain,Null
1767431.6407,5904946.3555,747397,,524603,0,,0,2,,Null,2022/2023,GREAT SOUTH ROAD,CAVENDISH DRIVE,,Non-Injury Crash,No,2023,,South,,0,,Flat,,,,,,Bright sun,780304,0,0,0,3,,,0,,,,,,Auckland Region,Nil,1-way,Sealed,,0,0,,50,,Off,0,0,,76,Auckland,Traffic Signals,,,,,0,0,Urban,0,,,Fine,None
1743165.0335,5947895.7814,747405,,506614,0,0,0,1,0,West,2023/2024,WAINUI ROAD,JOBLIN ROAD,,Non-Injury Crash,No,2024,0,North,0,0,0,Hill Road,0,,0,,0,Overcast,177402,0,0,0,2,0,0,0,0,0,,0,0,Auckland Region,Nil,2-way,Sealed,0,0,0,0,100,0,None,0,0,,76,Auckland,Nil,0,0,0,1,0,0,Open,0,0,0,Fine,Null
1756707.6008,5913060.8956,747420,,518702,0,,0,1,,Null,2022/2023,HILLSBOROUGH ROAD,CARR ROAD,,Minor Crash,No,2023,,North,,0,,Hill Road,,,,,,Dark,569900,1,0,0,4,,,0,,,,,,Auckland Region,Nil,2-way,Unsealed,,0,0,,50,,On,0,0,,76,Auckland,Traffic Signals,,,,,0,0,Urban,1,,,Fine,Null
1751598.0447,5914155.07,747429,,514402,0,0,0,2,0,South,2022/2023,BLOCKHOUSE BAY ROAD,TIVERTON ROAD,,Non-Injury Crash,No,2023,0,South,0,0,0,Flat,0,,0,,0,Dark,378301,0,0,0,2,0,0,0,0,0,,0,0,Auckland Region,Nil,2-way,Sealed,0,0,0,0,50,0,On,0,0,,76,Auckland,Nil,0,0,0,0,0,0,Urban,0,1,0,Fine,Null
1738929.8342,5928738.8318,747453,,505602,0,,0,0,,North,2023/2024,ACCESS ROAD,SHAMROCK DRIVE,,Non-Injury Crash,No,2023,,North,,0,,Flat,,,,,,Dark,215000,0,0,0,2,,,0,,,,,,Auckland Region,Nil,2-way,Sealed,,0,0,,50,,On,1,0,,76,Auckland,Traffic Signals,,,,,0,0,Urban,1,,,Light rain,Null
1772335.0736,5896438.3733,747460,,525420,0,,0,2,,Null,2023/2024,QUEEN STREET,WOOD STREET,,Minor Crash,No,2023,,East,,0,,Flat,,,,,,Dark,791500,1,0,0,2,,,0,,,,,,Auckland Region,Nil,2-way,Sealed,,0,0,,50,,On,0,0,,76,Auckland,Give way,,,,,0,0,Urban,0,,,Light rain,Strong wind
1763218.1437,5908180.6682,747461,,524402,0,,0,2,,South,2023/2024,MASSEY ROAD,SAVILL DRIVE,,Non-Injury Crash,No,2023,,North,,0,,Flat,,,,,,Dark,750000,0,0,0,4,,,0,,,,,,Auckland Region,Nil,2-way,Sealed,,0,0,,50,,On,0,0,,76,Auckland,Nil,,,,,0,0,Urban,0,,,Fine,None
1763889.5187,5910111.5525,747493,,521901,0,,0,2,,North,2022/2023,GREAT SOUTH ROAD,PRINCES STREET,,Non-Injury Crash,No,2023,,North,,0,,Flat,,,,,,Bright sun,782600,0,0,0,4,,,0,,,,,,Auckland Region,Nil,2-way,Sealed,,0,0,,50,,On,0,0,,76,Auckland,Nil,,,,,0,0,Urban,0,,,Fine,None
1758889.6659,5920112.8411,747509,,515902,0,0,0,0,0,West,2023/2024,FARNHAM STREET,ST GEORGES BAY ROAD,,Non-Injury Crash,No,2024,0,East,0,0,0,Hill Road,0,,0,,0,Bright sun,453103,0,0,0,2,0,0,0,0,1,,0,0,Auckland Region,Nil,2-way,Sealed,0,0,0,0,50,0,None,2,0,,76,Auckland,Nil,0,0,0,0,0,0,Urban,0,0,0,Fine,Null
1757785.3443,5918191.8248,747525,,515700,0,,0,4,,South,2023/2024,SOUTHERN MOTORWAY,MOUNTAIN OBR,,Non-Injury Crash,Yes,2023,,North,,0,,Hill Road,,,,,,Bright sun,443600,0,0,0,5,,,0,,,,,,Auckland Region,Nil,1-way,Sealed,,0,0,,80,,Off,0,1,,76,Auckland,Nil,,,,,0,0,Open,0,,,Fine,Null
1771885.3745,5895186.2485,747526,,525540,0,,0,0,,East,2023/2024,BEACH ROAD,ELLIOT STREET,,Minor Crash,No,2023,,West,,0,,Flat,,,,,,Bright sun,805901,1,0,0,2,,,0,,,1,,,Auckland Region,Nil,2-way,Sealed,,0,0,,50,,Off,0,0,40,76,Auckland,Nil,,,,,0,0,Urban,0,,,Fine,Null
1764012.9672,5906420.6163,747533,,524303,0,,0,0,,North,2023/2024,STATION ROAD,PEVERILL CRESCENT,,Serious Crash,No,2024,,North,,0,,Flat,,,,,,Bright sun,657300,0,0,0,2,,,0,,,1,,,Auckland Region,Nil,2-way,Sealed,,0,1,,50,,Off,1,0,,76,Auckland,Nil,,,,,0,0,Urban,0,,,Fine,Null
1768673.9968,5899482.4764,747566,,525101,0,0,0,1,0,East,2023/2024,MAHIA ROAD,BOON STREET,,Non-Injury Crash,No,2023,0,West,0,0,0,Flat,0,,0,,0,Dark,770400,0,0,0,2,0,0,0,0,1,,0,0,Auckland Region,Nil,2-way,Sealed,0,0,0,0,50,0,On,0,0,,76,Auckland,Nil,0,0,0,0,0,0,Urban,1,0,0,Fine,Null
1766686.8707,5908065.98,747580,,523501,0,,0,2,,Null,2022/2023,BAIRDS ROAD,TOSO WAY,,Minor Crash,No,2023,,South,,0,,Flat,,,,,,Bright sun,700601,1,0,0,2,,,0,,,,,,Auckland Region,Nil,2-way,Sealed,,0,0,,50,,Off,1,0,,76,Auckland,Give way,,,,,0,0,Urban,0,,,Fine,Null
1768910.5174,5900843.2971,747582,,525001,0,,0,1,,Null,2023/2024,GREAT SOUTH ROAD,ALFRISTON ROAD,,Minor Crash,No,2024,,South,,0,,Flat,,,,,,Dark,751600,1,0,0,4,,,0,,,,,,Auckland Region,Nil,2-way,Sealed,,0,0,,50,,On,0,0,,76,Auckland,Traffic Signals,,,,,0,0,Urban,1,,,Light rain,Null
1757416.7476,5918767.0024,747589,,514302,0,0,0,1,0,North,2022/2023,SOUTHERN MOTORWAY,SOUTHERN TO PORT LINK,,Non-Injury Crash,Yes,2023,0,North,0,0,0,Flat,1,,0,,0,Dark,442500,0,0,0,3,0,0,0,0,0,,0,0,Auckland Region,Nil,1-way,Sealed,0,0,0,0,80,0,On,0,0,,76,Auckland,Nil,0,0,0,0,0,0,Open,0,0,0,Fine,Null
1765515.788,5908706.9279,747596,,523403,0,0,0,1,0,South,2022/2023,HIGHBROOK DRIVE OFF RAMP,HIGHBROOK DRIVE,,Non-Injury Crash,No,2023,0,North,0,0,0,Hill Road,1,,0,,0,Dark,700100,0,0,0,2,0,0,0,0,0,,0,0,Auckland Region,Motorway ramp,1-way,Sealed,0,0,0,0,100,0,On,0,0,,76,Auckland,Nil,0,0,0,0,0,0,Open,0,0,0,Fine,Null
1756961.732,5918792.8364,747597,,515600,0,,0,1,,Null,2023/2024,NEWTON ROAD,SYMONDS STREET,,Non-Injury Crash,No,2023,,East,,0,,Flat,,,,,,Dark,420600,0,0,0,2,,,0,,,,,,Auckland Region,Nil,2-way,Sealed,,0,0,,50,,On,0,0,,76,Auckland,Traffic Signals,,,,,0,0,Urban,1,,,Light rain,Null
1753190.8551,5918271.3805,747604,,515002,0,,0,1,,West,2022/2023,NORTH-WESTERN MOTORWAY,ST LUKES OBR,,Non-Injury Crash,Yes,2023,,East,,0,,Flat,,,,,,Bright sun,390501,0,0,0,4,,,0,,,,,,Auckland Region,Nil,1-way,Sealed,,0,0,,100,,Off,0,0,,76,Auckland,Nil,,,,,0,0,Open,1,,,Fine,Null
1745457.4427,5920666.5759,747605,,513301,0,,0,1,,Null,2023/2024,LINCOLN ROAD,LINCOLN ROAD ON RAMP,,Minor Crash,No,2024,,North,,0,,Flat,,,,,,Dark,231700,2,0,0,6,,,0,,,,,,Auckland Region,Motorway ramp,2-way,Sealed,,0,0,,50,,On,0,0,,76,Auckland,Traffic Signals,,,,,0,0,Urban,1,,,Fine,Null
1754181.6668,5932758.4181,747606,,508805,0,,0,2,,Null,2023/2024,APOLLO DRIVE,ORBIT DRIVE,,Minor Crash,No,2023,,South,,0,,Hill Road,,,,,,Bright sun,180866,1,0,0,2,,,0,,,,,,Auckland Region,Nil,2-way,Sealed,,0,0,,50,,On,0,0,,76,Auckland,Stop,,,,,0,0,Urban,0,,,Fine,Null
1761385.7583,5920141.5864,747612,,516400,0,0,0,1,0,East,2022/2023,TAMAKI DRIVE,POKANOA POINT ENT,,Non-Injury Crash,No,2023,0,East,0,0,1,Flat,0,,0,,0,Dark,496600,0,0,0,2,0,0,0,0,0,,0,0,Auckland Region,Nil,2-way,Sealed,0,0,0,0,50,0,On,0,0,,76,Auckland,Nil,0,0,0,1,0,0,Urban,0,0,0,Light rain,Null
1753277.8009,5913342.1023,747614,,518901,0,0,0,3,0,South,2023/2024,ELLIS AVENUE,GRAHAM BELL AVENUE,,Minor Crash,No,2023,0,North,0,0,0,Hill Road,0,,0,,0,Bright sun,584402,1,0,0,2,0,0,0,0,2,,0,0,Auckland Region,Nil,2-way,Sealed,0,0,0,0,50,0,Off,1,0,,76,Auckland,Nil,0,0,0,0,0,0,Urban,0,0,0,Fine,Null
1756411.9214,5919658.0492,747622,,514000,0,,0,1,,Null,2023/2024,HOWE STREET,WHITSON TERRACE,,Minor Crash,No,2023,,North,,0,,Hill Road,,,,,,Overcast,413500,2,0,0,2,,,0,,,1,,,Auckland Region,Nil,2-way,Sealed,,0,0,,50,,Off,0,0,,76,Auckland,Nil,,,,,0,0,Urban,0,,,Fine,Null
1758145.622,5914734.6917,747637,,519300,0,0,0,3,0,East,2023/2024,NGAROMA ROAD,MANUKAU ROAD,,Non-Injury Crash,No,2024,0,East,0,0,0,Flat,0,,0,,0,Dark,624200,0,0,0,2,0,0,0,0,1,,0,0,Auckland Region,Nil,2-way,Sealed,0,0,0,0,50,0,On,0,0,,76,Auckland,Nil,0,0,0,1,0,0,Urban,0,0,0,Light rain,Null
1748211.2258,5961966.2136,747638,,506613,0,,0,0,,North,2022/2023,SH 1,SCHOLLUM ACCESS ROAD,,Minor Crash,Yes,2023,,South,,0,,Hill Road,,,,,,Dark,147107,1,0,0,2,,,0,,,,,,Auckland Region,Nil,2-way,Sealed,,0,0,,80,,None,0,0,,76,Auckland,Nil,,,,,1,0,Open,1,,,Fine,Null
1731712.5477,5906454.4602,747646,25,513800,0,,0,0,,North,2022/2023,KAREKARE ROAD,KAREKARE ROAD,,Non-Injury Crash,No,2023,,South,,0,,Hill Road,,,,,,Overcast,282019,0,0,0,2,,,0,,,,,,Auckland Region,Speed hump,2-way,Sealed,,0,0,,50,,None,0,0,30,76,Auckland,Nil,,,,,0,0,Urban,1,,,Fine,Null
1761722.1001,5906519.5021,747653,,524200,0,,0,2,,Null,2022/2023,MASSEY ROAD OFF RAMP,MASSEY ROAD,,Non-Injury Crash,No,2023,,West,,0,,Flat,,,,,,Dark,728700,0,0,0,2,,,0,,,,,,Auckland Region,Nil,1-way,Sealed,,0,0,,50,,On,0,0,,76,Auckland,Traffic Signals,,,,,0,0,Urban,0,,,Fine,Null
1761491.2159,5916875.5089,747669,,516202,0,0,0,1,0,East,2023/2024,REMUERA ROAD,UPLAND ROAD,,Non-Injury Crash,No,2023,0,East,0,0,0,Flat,0,,0,,0,Overcast,488600,0,0,0,3,0,0,0,0,1,,0,0,Auckland Region,Nil,2-way,Sealed,0,0,0,0,50,0,Off,0,0,40,76,Auckland,Nil,0,0,0,0,1,0,Urban,0,0,0,Fine,Null
1760618.8541,5912350.2004,747685,,520000,0,0,0,1,0,Null,2022/2023,CHURCH STREET,MAYS ROAD,,Non-Injury Crash,No,2023,0,West,0,0,0,Flat,0,,0,,1,Twilight,607500,0,0,0,2,0,0,0,0,0,,0,0,Auckland Region,Nil,2-way,Sealed,0,0,0,0,50,0,Off,0,0,,76,Auckland,Give way,0,0,0,0,0,0,Urban,0,0,0,Fine,Null
1755561.3399,5918264.9346,747700,,517500,0,0,0,1,0,West,2022/2023,NORTH-WESTERN MOTORWAY,BOND OBR,,Non-Injury Crash,Yes,2023,0,West,0,0,0,Flat,0,,0,,0,Dark,529700,0,0,0,4,0,0,0,0,0,,0,1,Auckland Region,Nil,1-way,Sealed,0,0,0,0,80,0,On,0,0,,76,Auckland,Nil,0,0,0,0,0,0,Open,0,0,0,Fine,Null
1756775.5226,5920179.089,747701,,514102,0,,0,3,,Null,2023/2024,NELSON STREET,COOK STREET,,Non-Injury Crash,No,2023,,North,,0,,Hill Road,,,,,,Overcast,434500,0,0,0,5,,,0,,,,,,Auckland Region,Nil,1-way,Sealed,,0,0,,40,,Off,0,0,,76,Auckland,Traffic Signals,,,,,0,0,Urban,0,,,Light rain,Null
1755981.469,5919443.525,747725,,514000,0,,0,4,,South,2024/2025,PONSONBY ROAD,WILLIAMSON AVENUE,,Minor Crash,No,2024,,North,,0,,Flat,,,,,,Dark,413500,1,0,0,4,,,0,,,,,,Auckland Region,Nil,2-way,Sealed,,0,0,,40,,On,0,0,,76,Auckland,Nil,,,,,0,0,Urban,0,,,Fine,Null
1773336.3882,5891868.3718,747749,,521301,0,0,0,0,0,East,2023/2024,NORRIE ROAD,CAMERON PLACE,,Minor Crash,No,2024,0,East,0,0,0,Flat,0,,0,,0,Bright sun,808701,1,0,0,2,0,0,0,0,1,,0,0,Auckland Region,Nil,2-way,Sealed,0,0,0,0,50,0,Off,0,0,,76,Auckland,Nil,0,0,0,0,1,0,Urban,1,0,0,Fine,Null
1755609.3534,5921374.7658,747766,,515202,0,0,0,1,0,South,2022/2023,NORTHERN MOTORWAY,SHELLY BEACH OBR,,Non-Injury Crash,Yes,2023,0,South,0,0,0,Flat,1,,0,,0,Overcast,425600,0,0,0,5,0,0,0,0,0,,0,0,Auckland Region,Nil,1-way,Sealed,0,0,0,0,80,0,Off,0,0,,76,Auckland,Nil,0,0,0,0,0,0,Open,0,0,0,Light rain,Null
1769724.6529,5907366.3594,747789,,523713,0,,0,2,,Null,2024/2025,ORMISTON ROAD,CHAPEL ROAD,,Minor Crash,No,2024,,East,,0,,Flat,,,,,,Dark,712302,1,0,0,2,,,0,,,,,,Auckland Region,Nil,2-way,Sealed,,0,0,,50,,On,0,0,,76,Auckland,Traffic Signals,,,,,0,0,Urban,0,,,Light rain,Null
1763399.257,5908473.8026,747846,,524402,0,,0,2,,North,2022/2023,MANGERE ROAD,HOSPITAL ROAD,,Non-Injury Crash,No,2023,,North,,0,,Hill Road,,,,,,Bright sun,749900,0,0,0,4,,,0,,,,,,Auckland Region,Nil,2-way,Sealed,,0,0,,50,,Off,0,0,,76,Auckland,Nil,,,,,0,0,Urban,0,,,Light rain,Null
1769706.5222,5899564.7789,747853,,523920,0,,0,2,,South,2022/2023,GREAT SOUTH ROAD,TE NAPI DRIVE,,Non-Injury Crash,No,2023,,North,,0,,Flat,,,,,,Bright sun,767921,0,0,0,4,,,0,,,,,,Auckland Region,Nil,2-way,Sealed,,0,0,,70,,Off,0,0,,76,Auckland,Nil,,,,,0,0,Urban,0,,,Fine,None
1759763.4579,5909078.2504,747854,,524002,0,,0,4,,Null,2022/2023,SOUTH-WESTERN MOTORWAY,WALMSLEY ROAD OFF RAMP,,Minor Crash,Yes,2023,,South,,0,,Flat,,,,,,Dark,724102,1,0,0,3,,,0,,,,,,Auckland Region,Motorway ramp,1-way,Sealed,,0,0,,100,,On,0,0,,76,Auckland,Nil,,,,,0,0,Open,0,,,Light rain,Null
1776097.7803,5900502.3229,747870,,523813,0,0,0,1,0,Null,2022/2023,AIRFIELD ROAD,ALFRISTON-ARDMORE ROAD,,Serious Crash,No,2023,0,East,0,0,0,Flat,0,Queens Birthday,0,,0,Dark,761000,1,0,0,2,0,0,0,0,0,,0,0,Auckland Region,Nil,2-way,Sealed,0,0,3,0,80,0,None,0,0,,76,Auckland,Give way,0,0,0,1,0,0,Open,0,0,0,Light rain,Null
1754474.0936,5919105.8758,747886,,515431,0,,0,1,,South,2023/2024,RICHMOND ROAD,BAILDON ROAD,,Minor Crash,No,2024,,West,,0,,Flat,,,,,,Dark,404000,1,0,0,2,,,0,,,1,,,Auckland Region,Nil,2-way,Sealed,,0,0,,50,,On,0,0,,76,Auckland,Nil,,,,,0,0,Urban,0,,,Fine,Null
1768570.4827,5900478.8783,747909,,525101,0,,0,1,,North,2022/2023,CHURCHILL AVENUE,HUTT ROAD,,Non-Injury Crash,No,2023,,North,,0,,Flat,,,,,,Overcast,771100,0,0,0,2,,,0,,,,,,Auckland Region,Nil,2-way,Sealed,,0,0,,50,,Off,0,0,,76,Auckland,Nil,,,,,0,0,Urban,1,,,Fine,Null
1753463.8955,5914377.8744,747925,,518801,0,,0,2,,South,2023/2024,MAIORO STREET,MAIORO STREET ON RAMP,,Non-Injury Crash,No,2023,,North,,0,,Flat,,,,,,Twilight,578400,0,0,0,3,,,0,,,,,,Auckland Region,Motorway ramp,1-way,Sealed,,0,0,,50,,On,0,0,,76,Auckland,Nil,,,,,0,0,Urban,0,,,Fine,Null
1768047.8096,5910761.8615,747942,,523112,0,0,0,1,0,Null,2023/2024,CRYERS ROAD,NEALES ROAD,,Minor Crash,No,2023,0,North,0,0,1,Flat,0,,0,,0,Dark,711405,1,0,0,2,0,0,0,0,0,,0,0,Auckland Region,Nil,2-way,Sealed,0,0,0,0,50,0,On,0,0,,76,Auckland,Give way,0,0,0,1,0,0,Urban,0,0,0,Fine,Strong wind
1767781.7921,5903886.7102,747949,,524602,0,,0,2,,Null,2023/2024,GREAT SOUTH ROAD,GREAT SOUTH ROAD OFF RAMP,,Non-Injury Crash,No,2023,,South,,0,,Flat,,,,,,Dark,780417,0,0,0,4,,,0,,,,,,Auckland Region,Motorway ramp,2-way,Sealed,,0,0,,50,,On,0,0,,76,Auckland,Traffic Signals,,,,,0,0,Urban,0,,,Light rain,Null
1763075.8636,5905277.2698,747950,,524200,0,0,0,1,0,South,2023/2024,SOUTH-WESTERN MOTORWAY,PORTAGE OBR,,Non-Injury Crash,Yes,2023,0,North,0,0,0,Flat,1,Christmas New Year,0,,0,Dark,728900,0,0,0,2,0,0,0,0,0,,0,0,Auckland Region,Nil,1-way,Sealed,0,0,0,0,100,0,On,0,0,,76,Auckland,Nil,0,0,0,0,0,0,Open,0,0,0,Fine,Null