X,Y,OBJECTID,advisorySpeed,areaUnitID,bicycle,bridge,bus,carStationWagon,cliffBank,crashDirectionDescription,crashFinancialYear,crashLocation1,crashLocation2,crashRoadSideRoad,crashSeverity,crashSHDescription,crashYear,debris,directionRoleDescription,ditch,fatalCount,fence,flatHill,guardRail,holiday,houseOrBuilding,intersection,kerb,light,meshblockId,minorInjuryCount,moped,motorcycle,NumberOfLanes,objectThrownOrDropped,otherObject,otherVehicleType,overBank,parkedVehicle,pedestrian,phoneBoxEtc,postOrPole,region,roadCharacter,roadLane,roadSurface,roadworks,schoolBus,seriousInjuryCount,slipOrFlood,speedLimit,strayAnimal,streetLight,suv,taxi,temporarySpeedLimit,tlaId,tlaName,trafficControl,trafficIsland,trafficSign,train,tree,truck,unknownVehicleType,urban,vanOrUtility,vehicle,waterRiver,weatherA,weatherB
1752902.0359,5927645.6696,747972,,508210,0,0,0,2,0,Null,2022/2023,STANLEY ROAD,CONTESSA DRIVE,,Minor Crash,No,2023,0,North,0,0,0,Hill Road,0,,0,,0,Dark,187406,1,0,0,2,0,0,0,0,1,,0,0,Auckland Region,Nil,2-way,Sealed,0,0,0,0,50,0,On,0,0,,76,Auckland,Give way,0,0,0,0,0,0,Urban,0,0,0,Fine,Null
1756575.5585,5924747.6929,747990,,509702,0,,0,2,,Null,2023/2024,NORTHERN MOTORWAY,ONEWA ROAD ON RAMP,,Non-Injury Crash,Yes,2023,,North,,0,,Flat,,,,,,Dark,366602,0,0,1,6,,,0,,,,,,Auckland Region,Motorway ramp,1-way,Sealed,,0,0,,100,,On,0,0,,76,Auckland,Nil,,,,,0,0,Open,0,,,Light rain,Null
1754092.522,5912999.726,748004,,518901,0,,0,0,,Null,2023/2024,PENNEY AVENUE,CORMACK STREET,,Minor Crash,No,2023,,West,,0,,Flat,,,,,,Bright sun,586000,1,0,1,2,,,0,,,,,,Auckland Region,Nil,2-way,Sealed,,0,0,,50,,Off,1,0,,76,Auckland,Give way,,,,,0,0,Urban,0,,,Fine,Null
1758927.7234,5913206.3333,748014,,519710,0,0,0,1,0,Null,2022/2023,MOUNT SMART ROAD,ONEHUNGA MALL,,Non-Injury Crash,No,2023,0,East,0,0,0,Flat,0,,0,,0,Bright sun,595700,0,0,0,2,0,0,0,0,0,,0,0,Auckland Region,Nil,2-way,Sealed,0,0,0,0,50,0,Off,0,0,,76,Auckland,Traffic Signals,0,1,0,0,0,0,Urban,0,0,0,Fine,Null
1759339.1632,5907367.6102,748020,,524122,0,,0,1,,East,2022/2023,IDLEWILD AVENUE,CONVAIR CRESCENT,,Minor Crash,No,2023,,East,,0,,Flat,,,,,,Bright sun,738901,2,0,0,2,,,0,,,,,,Auckland Region,Nil,2-way,Sealed,,0,0,,50,,Off,0,0,40,76,Auckland,Nil,,,,,1,0,Urban,0,,,Fine,Null
1753976.5909,5915550.1102,748029,,517702,0,,0,1,,South,2023/2024,EUSTON ROAD,TAUMATA ROAD,,Minor Crash,No,2024,,South,,0,,Hill Road,,,,,,Overcast,542400,1,0,0,2,,,0,,,1,,,Auckland Region,Nil,2-way,Sealed,,0,0,,50,,None,0,0,,76,Auckland,Nil,,,,,0,0,Urban,0,,,Fine,Null
1765003.7872,5904807.3321,748036,,522100,0,,0,2,,Null,2022/2023,KENDERDINE ROAD,BRIDGE STREET,,Non-Injury Crash,No,2023,,South,,0,,Hill Road,,,,,,Dark,660100,0,0,0,2,,,0,,,,,,Auckland Region,Nil,2-way,Sealed,,0,0,,50,,On,0,0,,76,Auckland,Stop,,,,,0,0,Urban,0,,,Fine,Null
1754692.7552,5917682.0951,748038,,517600,0,,0,1,,West,2022/2023,NEW NORTH ROAD,INWOOD STREET,,Minor Crash,No,2023,,West,,0,,Flat,,,,,,Bright sun,534603,1,0,1,2,,,0,,,,,,Auckland Region,Nil,2-way,Sealed,,0,0,,50,,Off,0,0,30,76,Auckland,Nil,,,,,0,0,Urban,0,,,Fine,Null
1750258.5643,5915492.3186,748046,,514802,0,,0,2,,Null,2023/2024,CANAL ROAD,WAIRAU AVENUE,,Minor Crash,No,2023,,East,,0,,Flat,,,,,,Bright sun,386803,1,0,0,2,,,0,,,,,,Auckland Region,Speed hump,2-way,Sealed,,0,0,,50,,None,0,0,,76,Auckland,Stop,,,,,0,0,Urban,0,,,Fine,Null
1754978.0979,5929410.8057,748068,,508420,0,,0,0,,North,2022/2023,TARGET ROAD,LINK DRIVE,,Non-Injury Crash,No,2023,,North,,0,,Flat,,,,,,Bright sun,183800,0,0,0,2,,,0,,,,,,Auckland Region,Nil,2-way,Sealed,,0,0,,50,,Off,0,0,,76,Auckland,Nil,,,,,1,0,Urban,0,,,Fine,Null
1740670.7651,5983436.6977,748070,,506660,0,0,0,1,0,North,2022/2023,WHANGARIPO VALLEY ROAD,WAYBY VALLEY ROAD,,Non-Injury Crash,No,2023,0,South,0,0,0,Flat,0,,0,,0,Dark,136301,0,0,0,2,0,0,0,0,0,,0,0,Auckland Region,Nil,2-way,Sealed,0,0,0,0,100,0,None,0,0,,76,Auckland,Nil,0,0,0,0,0,0,Open,0,0,0,Light rain,Null
1750628.6895,5913011.2348,748092,,511303,0,0,0,1,0,Null,2022/2023,LINKS ROAD,PORTAGE ROAD,,Non-Injury Crash,No,2023,0,East,0,0,0,Flat,0,,0,,0,Overcast,265600,0,0,0,2,0,0,0,0,0,,0,1,Auckland Region,Nil,2-way,Sealed,0,0,0,0,50,0,Off,0,0,,76,Auckland,Stop,0,0,0,0,0,0,Urban,0,0,0,Light rain,Null
1753814.2634,5918236.9236,748102,,515003,0,,0,2,,Null,2022/2023,ST LUKES ROAD,ST LUKES ROAD ON RAMP,,Non-Injury Crash,No,2023,,North,,0,,Flat,,,,,,Dark,390502,0,0,0,6,,,0,,,,,,Auckland Region,Nil,2-way,Sealed,,0,0,,50,,On,0,0,,76,Auckland,Traffic Signals,,,,,0,0,Urban,0,,,Fine,Null
1757066.7853,5920547.3192,748109,,514102,0,,0,1,,Null,2022/2023,HOBSON STREET,VICTORIA STREET WEST,,Minor Crash,No,2023,,South,,0,,Flat,,,,,,Overcast,433304,1,0,0,6,,,0,,,1,,,Auckland Region,Nil,1-way,Sealed,,0,0,,30,,Off,0,0,,76,Auckland,Traffic Signals,,,,,0,0,Urban,0,,,Fine,Null
1754348.0074,5933094.9717,748118,,508804,0,,0,2,,East,2023/2024,ROSEDALE ROAD,HUGH GREEN DRIVE,,Serious Crash,No,2023,,East,,0,,Flat,,,,,,Bright sun,180704,3,0,0,2,,,0,,,,,,Auckland Region,Nil,2-way,Sealed,,0,1,,50,,Off,0,0,,76,Auckland,Nil,,,,,0,0,Urban,0,,,Fine,Null
1765200.1704,5903722.6218,748125,,524604,0,,0,1,,Null,2022/2023,SOUTH-WESTERN MOTORWAY,CAVENDISH DRIVE ON RAMP,,Non-Injury Crash,Yes,2023,,East,,0,,Flat,,,,,,Dark,781302,0,0,0,2,,,0,,,,,,Auckland Region,Nil,1-way,Sealed,,0,0,,100,,On,0,0,,76,Auckland,Nil,,,,,0,0,Open,1,,,Fine,Null
1767510.1141,5901466.175,748142,,524720,0,0,0,2,0,East,2022/2023,GLOUCESTER ROAD,KENT ROAD,,Non-Injury Crash,No,2023,0,East,0,0,0,Flat,0,,0,,0,Bright sun,778200,0,0,0,2,0,0,0,0,1,,0,0,Auckland Region,Nil,2-way,Sealed,0,0,0,0,50,0,Null,0,0,30,76,Auckland,Nil,0,0,0,0,0,0,Urban,0,0,0,Fine,Null
1768925.8469,5905856.3173,748158,,523712,0,,0,1,,Null,2022/2023,DAWSON ROAD,TE IRIRANGI DRIVE,,Non-Injury Crash,No,2023,,West,,0,,Flat,,,,,,Dark,713013,0,0,0,4,,,0,,,,,,Auckland Region,Nil,2-way,Sealed,,0,0,,50,,On,1,0,,76,Auckland,Traffic Signals,,,,,0,0,Urban,0,,,Fine,Null
1763830.7153,5910182.3445,748165,,521901,0,,0,2,,Null,2023/2024,HUIA ROAD,GREAT SOUTH ROAD,,Non-Injury Crash,No,2024,,North,,0,,Flat,,,,,,Bright sun,782600,0,0,0,2,,,0,,,,,,Auckland Region,Nil,2-way,Sealed,,0,0,,50,,Off,0,0,,76,Auckland,Traffic Signals,,,,,0,0,Urban,0,,,Fine,Null
1768632.0875,5881644.2135,748173,,525910,0,,0,1,,South,2024/2025,DUBLIN STREET,PRINCES STREET,,Minor Crash,No,2024,,Null,,0,,Flat,,,,,,Dark,820400,1,0,0,2,,,0,,,1,,,Auckland Region,Nil,2-way,Sealed,,0,0,,50,,On,0,0,,76,Auckland,Nil,,,,,0,0,Urban,0,,,Fine,Null
1749065.4874,5928490.2483,748196,,509100,0,0,0,1,0,North,2022/2023,TAUHINU ROAD,SHILOH WAY,,Minor Crash,No,2023,0,South,0,0,0,Flat,0,,0,,0,Dark,181701,1,0,0,2,0,0,0,0,1,,0,0,Auckland Region,Nil,2-way,Sealed,0,0,0,0,50,0,On,0,0,,76,Auckland,Nil,0,0,0,0,0,0,Urban,1,0,0,Fine,Null
1755992.1206,5921073.8022,748204,,515202,0,,0,0,,East,2022/2023,NORTHERN MOTORWAY,FANSHAWE STREET ON RAMP,,Non-Injury Crash,Yes,2023,,West,,0,,Flat,,,,,,Overcast,425600,0,0,0,3,,,0,,,,,,Auckland Region,Nil,1-way,Sealed,,0,0,,80,,Off,0,0,,76,Auckland,Nil,,,,,1,0,Open,1,,,Fine,Null
1759907.6668,5908573.7516,748206,,524121,0,0,0,1,0,South,2022/2023,SOUTH-WESTERN MOTORWAY,CORONATION ROAD OFF RAMP,,Non-Injury Crash,Yes,2023,0,North,0,0,0,Flat,1,,0,,0,Bright sun,737000,0,0,0,3,0,0,0,0,0,,0,0,Auckland Region,Nil,1-way,Sealed,0,0,0,0,100,0,Off,0,0,,76,Auckland,Nil,0,0,0,0,1,0,Open,0,0,0,Fine,Null
1751925.6831,5917656.7241,748213,,514900,0,,0,0,,Null,2022/2023,GREAT NORTH ROAD,COWLEY STREET,,Non-Injury Crash,No,2023,,North,,0,,Hill Road,,,,,,Bright sun,385803,0,0,0,4,,,0,,,,,,Auckland Region,Nil,2-way,Sealed,,0,0,,50,,Null,0,0,,76,Auckland,Nil,,,,,1,0,Urban,1,,,Null,Null
1751424.021,5934363.462,748229,,508701,0,0,0,1,0,Null,2023/2024,OFF ROAD - CAR PARK ,,,Minor Crash,No,2024,0,West,0,0,1,Hill Road,0,,0,,0,Bright sun,178501,1,0,0,,0,0,0,0,1,,0,0,Auckland Region,Nil,Off road,Sealed,0,0,0,0,,0,None,1,0,,76,Auckland,Nil,0,0,0,0,0,0,Urban,0,0,0,Fine,Null
1746427.0698,5926253.6681,748230,,513410,0,,0,0,,Null,2023/2024,UPPER HARBOUR MOTORWAY,BRIGHAM CREEK ROAD ON RAMP,,Minor Crash,Yes,2023,,North,,0,,Flat,,,,,,Bright sun,221801,1,0,1,3,,,0,,,,,,Auckland Region,Motorway ramp,1-way,Sealed,,0,0,,100,,Off,1,0,,76,Auckland,Nil,,,,,0,0,Open,0,,,Fine,Null
1755575.4207,5926414.7316,748237,,509701,0,0,0,3,0,North,2023/2024,OCEAN VIEW ROAD,LENIHAN STREET,,Non-Injury Crash,No,2023,0,South,0,0,0,Hill Road,0,,0,,0,Overcast,363902,0,0,0,2,0,0,0,0,1,,0,0,Auckland Region,Nil,2-way,Sealed,0,0,0,0,50,0,Off,0,0,,76,Auckland,Nil,0,0,0,0,0,0,Urban,4,0,0,Fine,Null
1768287.4499,5912816.0857,748277,,523000,0,0,0,2,0,Null,2022/2023,GOSSAMER DRIVE,REEVES ROAD,,Non-Injury Crash,No,2023,0,North,0,0,1,Flat,0,,0,,0,Dark,689200,0,0,0,2,0,0,0,0,0,,0,0,Auckland Region,Nil,2-way,Sealed,0,0,0,0,50,0,On,0,0,,76,Auckland,Give way,0,0,0,0,0,0,Urban,0,0,0,Fine,Null
1771747.2056,5914116.4007,748285,,521602,0,0,0,1,0,East,2022/2023,RODNEY STREET,MOORE STREET,,Non-Injury Crash,No,2023,0,Null,0,0,0,Hill Road,0,,0,,0,Overcast,648500,0,0,0,2,0,0,0,0,1,,0,0,Auckland Region,Nil,2-way,Sealed,0,0,0,0,50,0,Off,0,0,,76,Auckland,Nil,0,0,0,0,0,0,Urban,0,0,0,Fine,Null
1772997.2621,5896155.6311,748286,,525410,1,,0,1,,Null,2022/2023,RAILWAY STREET WEST,WOOD STREET,,Minor Crash,No,2023,,North,,0,,Flat,,,,,,Bright sun,793000,1,0,0,2,,,0,,,,,,Auckland Region,Nil,2-way,Sealed,,0,0,,50,,Off,0,0,,76,Auckland,Give way,,,,,0,0,Urban,0,,,Light rain,Null
1761074.9591,5914349.8371,748292,,520202,0,,0,2,,Null,2022/2023,ELLERSLIE-PANMURE HIGHWAY,GREAT SOUTH ROAD,,Non-Injury Crash,No,2023,,West,,0,,Flat,,,,,,Bright sun,612300,0,0,0,1,,,0,,,,,,Auckland Region,Nil,1-way,Sealed,,0,0,,50,,Off,0,0,,76,Auckland,Give way,,,,,0,0,Urban,0,,,Fine,Null
1758324.4213,5914008.5739,748301,,519300,1,,0,1,,Null,2024/2025,OFFROAD CORNWALL PARK,,,Minor Crash,No,2024,,West,,0,,Hill Road,,,,,,Bright sun,624900,1,0,0,2,,,0,,,,,,Auckland Region,Nil,2-way,Sealed,,0,0,,40,,None,0,0,,76,Auckland,Nil,,,,,0,0,Urban,0,,,Fine,Null
1757187.4208,5919862.7481,748316,,514103,0,,0,1,,Null,2022/2023,MAYORAL DRIVE,QUEEN STREET,,Minor Crash,No,2023,,West,,0,,Hill Road,,,,,,Bright sun,436100,1,0,0,4,,,0,,,1,,,Auckland Region,Nil,2-way,Sealed,,0,0,,30,,Off,0,0,,76,Auckland,Traffic Signals,,,,,0,0,Urban,0,,,Fine,Null
1756124.4069,5923855.5872,748317,,509800,0,,0,2,,South,2024/2025,NORTHERN MOTORWAY,WEIGH BRIDGE,,Minor Crash,Yes,2024,,South,,0,,Flat,,,,,,Bright sun,358800,1,0,0,5,,,0,,,,,,Auckland Region,Nil,1-way,Sealed,,0,0,,80,,Off,0,0,,76,Auckland,Nil,,,,,0,0,Open,0,,,Fine,Null
1764982.8303,5913124.9993,748325,65,520500,0,0,0,1,0,South,2022/2023,SOUTH-EASTERN HIGHWAY,WAIPUNA ROAD,,Non-Injury Crash,No,2023,0,East,0,0,1,Flat,0,,0,,0,Dark,639000,0,0,0,2,0,0,0,0,0,,0,0,Auckland Region,Nil,1-way,Sealed,0,0,0,0,80,0,On,0,0,,76,Auckland,Nil,0,0,0,0,0,0,Open,0,0,0,Fine,Null
1747644.2268,5919490.9657,748326,,512300,0,,0,1,,East,2022/2023,NORTH-WESTERN MOTORWAY,TE ATATU ROAD ON RAMP,,Non-Injury Crash,Yes,2023,,East,,0,,Hill Road,,Easter,,,,Dark,252000,0,0,0,4,,,0,,,,,,Auckland Region,Nil,1-way,Sealed,,0,0,,100,,On,0,0,,76,Auckland,Nil,,,,,0,0,Open,0,,,Light rain,Null
1751208.641,5915033.0573,748333,,514401,0,,0,2,,Null,2022/2023,ST JUDE STREET,ST GEORGES ROAD,,Non-Injury Crash,No,2023,,West,,0,,Flat,,,,,,Dark,382800,0,0,0,2,,,0,,,,,,Auckland Region,Nil,1-way,Sealed,,0,0,,50,,On,0,0,,76,Auckland,Give way,,,,,0,0,Urban,0,,,Fine,Null
1759727.9507,5918396.1973,748350,,516102,1,,0,1,,North,2023/2024,ARNEY ROAD,WOODVILLE ROAD,,Serious Crash,No,2023,,North,,0,,Hill Road,,Christmas New Year,,,,Overcast,482500,0,0,0,2,,,0,,,,,,Auckland Region,Speed hump,2-way,Sealed,,0,1,,50,,Off,0,0,,76,Auckland,Nil,,,,,0,0,Urban,0,,,Fine,Null
1745451.1403,5920763.9339,748357,,513301,0,,0,2,,South,2023/2024,LINCOLN ROAD,LINCOLN ROAD ON RAMP,,Non-Injury Crash,No,2024,,North,,0,,Flat,,,,,,Bright sun,230200,0,0,0,3,,,0,,,,,,Auckland Region,Bridge,1-way,Sealed,,0,0,,50,,Off,0,0,,76,Auckland,Nil,,,,,0,0,Urban,0,,,Fine,Null
1750008.6283,5916550.895,748358,,514801,0,0,0,1,0,North,2023/2024,ROSEBANK ROAD,HONAN PLACE,,Non-Injury Crash,No,2023,0,South,0,0,0,Flat,0,,0,,1,Dark,389101,0,0,0,2,0,0,0,0,0,,0,0,Auckland Region,Nil,2-way,Sealed,0,0,0,0,50,0,On,0,0,,76,Auckland,Nil,0,0,0,1,0,0,Urban,0,0,0,Fine,Null
1775471.7612,5881800.6147,748372,,521160,0,0,0,0,0,West,2023/2024,MILL ROAD,BOMBAY OFF RAMP,,Minor Crash,No,2023,0,East,1,0,0,Hill Road,0,,0,,0,Dark,827603,1,0,0,2,0,0,0,0,0,,0,0,Auckland Region,Nil,2-way,Sealed,0,0,0,0,100,0,On,0,0,,76,Auckland,Nil,0,0,0,0,1,0,Open,1,0,0,Light rain,Null
1764396.4837,5904845.5657,748373,,522100,0,0,0,2,0,South,2023/2024,WYLLIE ROAD,PAH ROAD,,Non-Injury Crash,No,2024,0,North,0,0,0,Hill Road,0,,0,,0,Dark,658500,0,0,0,2,0,0,0,0,1,,0,0,Auckland Region,Nil,2-way,Sealed,0,0,0,0,50,0,On,0,0,,76,Auckland,Nil,0,0,0,0,0,0,Urban,0,0,0,Fine,Null
1743216.5618,5947824.4379,748390,,506614,0,0,0,1,0,West,2023/2024,WAINUI ROAD,JOBLIN ROAD,,Non-Injury Crash,No,2024,0,West,1,0,0,Flat,0,,0,,0,Dark,177702,0,0,0,2,0,0,0,0,0,,0,0,Auckland Region,Nil,2-way,Sealed,0,0,0,0,100,0,None,0,0,,76,Auckland,Nil,0,0,0,0,0,0,Open,0,0,0,Fine,Null
1748324.5011,5911569.1501,748397,,511902,0,,0,2,,Null,2023/2024,HILLING STREET,DOLBEAR STREET,,Non-Injury Crash,No,2023,,East,,0,,Hill Road,,,,,,Dark,293100,0,0,0,2,,,0,,,,,,Auckland Region,Nil,2-way,Sealed,,0,0,,50,,On,0,0,,76,Auckland,Give way,,,,,0,0,Urban,0,,,Fine,Null
1768372.787,5903559.7965,748398,,523820,0,,0,1,,North,2024/2025,SOUTH-WESTERN MOTORWAY,SOUTHERN MOTORWAY,,Serious Crash,Yes,2024,,South,,0,,Flat,,,,,,Overcast,760142,0,0,1,2,,,0,,,,,,Auckland Region,Motorway ramp,1-way,Sealed,,0,1,,100,,Off,0,0,,76,Auckland,Nil,,,,,0,0,Open,0,,,Fine,Null
1773316.7192,5913326.2257,748414,,523201,0,0,0,2,0,East,2023/2024,SANDSPIT ROAD,SOMERVILLE ROAD,,Non-Injury Crash,No,2023,0,West,0,0,0,Flat,0,,0,,0,Dark,717708,0,0,0,2,0,0,0,0,1,,0,0,Auckland Region,Nil,2-way,Sealed,0,0,0,0,50,0,On,0,0,,76,Auckland,Nil,0,0,0,0,0,0,Urban,0,0,0,Fine,Null
1755645.971,5917936.4015,748437,,517500,0,,0,1,,West,2023/2024,NEW NORTH ROAD,SANDRINGHAM ROAD,,Non-Injury Crash,No,2023,,East,,0,,Flat,,,,,,Bright sun,529800,0,0,0,4,,,0,,,,,,Auckland Region,Nil,2-way,Sealed,,0,0,,50,,Off,0,0,,76,Auckland,Nil,,,,,0,0,Urban,1,,,Fine,Null
1772976.0165,5896856.395,748478,,525420,0,,0,2,,Null,2023/2024,INGRAM STREET,PRICTOR STREET,,Non-Injury Crash,No,2023,,West,,0,,Flat,,,,,,Dark,792700,0,0,0,2,,,0,,,,,,Auckland Region,Nil,2-way,Sealed,,0,0,,50,,On,0,0,,76,Auckland,Give way,,,,,0,0,Urban,0,,,Heavy rain,Strong wind
1755187.763,5937321.2305,748501,,506901,0,,0,0,,West,2023/2024,AWARUKU ROAD,JUNE PLACE,,Minor Crash,No,2023,,West,,0,,Flat,,,,,,Dark,167302,1,0,0,2,,,0,,,1,,,Auckland Region,Nil,2-way,Sealed,,0,0,,50,,On,1,0,,76,Auckland,Nil,,,,,0,0,Urban,0,,,Fine,Null
1761455.111,5906758.6628,748533,,524112,0,,0,1,,North,2022/2023,SOUTH-WESTERN MOTORWAY,MASSEY ROAD OFF RAMP,,Non-Injury Crash,Yes,2023,,South,,0,,Flat,,,,,,Bright sun,742300,0,0,0,2,,,0,,,,,,Auckland Region,Nil,1-way,Sealed,,0,0,,100,,Off,1,0,,76,Auckland,Nil,,,,,0,0,Open,0,,,Fine,Null
1757824.5472,5918154.8145,748534,,515700,0,,1,3,,North,2023/2024,SOUTHERN MOTORWAY,MAUNGAWHAU OBR,,Non-Injury Crash,Yes,2023,,North,,0,,Flat,,,,,,Bright sun,443600,0,0,0,4,,,0,,,,,,Auckland Region,Nil,1-way,Sealed,,0,0,,80,,Off,1,0,,76,Auckland,Nil,,,,,0,0,Open,0,,,Fine,Null
1759064.4935,5911710.764,748550,,519820,0,,0,1,,South,2023/2024,ONEHUNGA MALL,NEILSON STREET,,Non-Injury Crash,No,2024,,North,,0,,Flat,,,,,,Overcast,602300,0,0,0,3,,,0,,,,,,Auckland Region,Nil,2-way,Sealed,,0,0,,50,,Off,0,0,,76,Auckland,Nil,,,,,1,0,Urban,0,,,Fine,Null
1766496.6243,5905156.1546,748565,,524603,0,0,0,1,0,Null,2022/2023,LAMBIE DRIVE,IHAKA PLACE,,Non-Injury Crash,No,2023,0,South,0,0,0,Flat,0,,0,,0,Dark,780205,0,0,0,2,0,0,0,0,0,,0,0,Auckland Region,Nil,1-way,Sealed,0,0,0,0,60,0,On,0,0,,76,Auckland,Give way,1,1,0,0,0,0,Urban,0,0,0,Light rain,Null
1772504.6707,5890634.3568,748573,,521203,0,0,0,1,0,North,2022/2023,KARAKA ROAD,MCPHERSON ROAD,,Non-Injury Crash,Yes,2023,0,North,0,0,0,Flat,0,,0,,0,Dark,807400,0,0,0,2,0,0,0,0,0,,0,1,Auckland Region,Nil,2-way,Sealed,0,0,0,0,80,0,On,0,0,,76,Auckland,Nil,0,0,0,0,0,0,Open,0,0,0,Fine,Null
1745713.0192,5917093.6328,748597,,510800,0,,1,1,,North,2022/2023,EDSEL STREET,VITASOVICH AVENUE,,Non-Injury Crash,No,2023,,North,,0,,Flat,,Queens Birthday,,,,Bright sun,243300,0,0,0,4,,,0,,,,,,Auckland Region,Nil,2-way,Sealed,,0,0,,50,,Off,0,0,,76,Auckland,Nil,,,,,0,0,Urban,0,,,Fine,Null
1748528.9916,5918546.506,748606,,514801,0,0,0,1,1,Null,2023/2024,PATIKI ROAD,PATIKI ROAD OFF RAMP,,Non-Injury Crash,No,2024,0,North,0,0,0,Flat,0,,0,,0,Bright sun,389200,0,0,0,2,0,0,0,0,0,,0,0,Auckland Region,Motorway ramp,2-way,Sealed,0,0,0,0,50,0,Off,0,0,,76,Auckland,Stop,0,1,0,0,0,0,Urban,0,0,0,Fine,Null
1764227.1483,5909562.899,748614,,521901,0,,0,0,,East,2024/2025,PARK AVENUE,QUEEN STREET,,Non-Injury Crash,No,2024,,South,,0,,Flat,,,,,,Overcast,784600,0,0,0,1,,,0,,,,,,Auckland Region,Nil,1-way,Sealed,,0,0,,50,,None,1,0,,76,Auckland,Nil,,,,,0,0,Urban,1,,,Fine,Null
1760740.8215,5924287.1202,748636,,509300,0,0,0,1,0,Null,2023/2024,OLD LAKE ROAD,WAIROA ROAD,,Non-Injury Crash,No,2023,0,East,0,0,0,Hill Road,0,,0,,0,Dark,339100,0,0,0,2,0,0,0,0,0,,0,0,Auckland Region,Nil,2-way,Sealed,0,0,0,0,50,0,On,0,0,,76,Auckland,Give way,0,1,0,0,0,0,Urban,0,0,0,Fine,Null
1742498.1489,5925364.95,748654,,513410,0,0,0,2,0,North,2023/2024,FRED TAYLOR DRIVE,NORTHSIDE DRIVE,,Non-Injury Crash,No,2023,0,North,0,0,0,Hill Road,0,,0,,0,Dark,220400,0,0,0,2,0,0,0,0,0,,0,0,Auckland Region,Nil,2-way,Sealed,0,0,0,0,80,0,None,0,0,,76,Auckland,Nil,0,0,0,0,0,0,Open,0,1,0,Heavy rain,Null
1772015.545,5907773.5102,748668,,523116,0,,0,1,,North,2022/2023,PACKSPUR DRIVE,KAITUNE DRIVE,,Minor Crash,No,2023,,North,,0,,Flat,,,,,,Bright sun,712226,1,0,0,2,,,0,,,1,,,Auckland Region,Nil,2-way,Sealed,,0,0,,50,,Off,0,0,,76,Auckland,Nil,,,,,0,0,Urban,0,,,Fine,Null
1761890.3683,5913958.251,748669,,520202,0,,0,2,,East,2023/2024,SOUTHERN MOTORWAY,ELLERSLIE-PANMURE HWY OFF RAMP,,Non-Injury Crash,Yes,2023,,West,,0,,Flat,,,,,,Twilight,612400,0,0,0,3,,,0,,,,,,Auckland Region,Nil,1-way,Sealed,,0,0,,100,,On,0,0,,76,Auckland,Nil,,,,,0,0,Open,0,,,Fine,Null
1756339.0689,5919342.4532,748670,,514000,0,,0,1,,Null,2023/2024,KARANGAHAPE ROAD,HEREFORD STREET,,Minor Crash,No,2024,,East,,0,,Flat,,,,,,Dark,413900,1,0,1,4,,,0,,,,,,Auckland Region,Nil,2-way,Sealed,,0,0,,30,,On,0,0,,76,Auckland,Stop,,,,,0,0,Urban,0,,,Fine,Null
1755326.5211,5914837.9715,748692,,518500,0,0,0,2,0,Null,2022/2023,DOMINION ROAD,DUKE STREET,,Non-Injury Crash,No,2023,0,North,0,0,0,Flat,0,,0,,0,Overcast,560200,0,0,0,2,0,0,0,0,1,,0,0,Auckland Region,Nil,2-way,Sealed,0,0,0,0,50,0,Off,0,0,,76,Auckland,Stop,0,0,0,0,0,0,Urban,0,0,0,Light rain,Null
1752144.8898,5915755.5188,748733,,517901,1,,1,0,,North,2023/2024,NEW NORTH ROAD,ENNISMORE ROAD,,Minor Crash,No,2024,,South,,0,,Flat,,,,,,Bright sun,523800,1,0,0,4,,,0,,,,,,Auckland Region,Nil,2-way,Sealed,,0,0,,50,,Off,0,0,,76,Auckland,Nil,,,,,0,0,Urban,0,,,Fine,Null
1755245.1199,5929868.3768,748749,,508510,0,,0,5,,South,2022/2023,NORTHERN MOTORWAY,SUNNYNOOK OBR,,Non-Injury Crash,Yes,2023,,South,,0,,Flat,,,,,,Dark,194409,0,0,0,2,,,0,,,,,,Auckland Region,Nil,1-way,Sealed,,0,0,,100,,On,0,0,,76,Auckland,Nil,,,,,0,0,Open,0,,,Fine,Null
1737044.6824,5933101.5905,748757,,506653,0,0,0,1,1,North,2022/2023,ARARIMU VALLEY ROAD,OLD NORTH ROAD,,Serious Crash,No,2023,0,North,0,0,0,Flat,0,,0,,0,Dark,217606,0,0,0,2,0,0,0,0,0,,0,0,Auckland Region,Nil,2-way,Sealed,0,0,1,0,80,0,None,0,0,,76,Auckland,Nil,0,0,0,0,0,0,Open,0,0,0,Light rain,Null
1769488.5313,5880120.2202,748765,,525922,0,,0,2,,Null,2022/2023,MANUKAU ROAD,NELSON STREET,,Non-Injury Crash,No,2023,,North,,0,,Flat,,,,,,Dark,823500,0,0,0,2,,,0,,,,,,Auckland Region,Nil,1-way,Sealed,,0,0,,50,,On,0,0,,76,Auckland,Give way,,,,,0,0,Urban,0,,,Fine,Null
1761021.5686,5880190.2074,748773,,521121,0,0,0,0,0,Null,2022/2023,TITI ROAD,PILGRIM ROAD,,Non-Injury Crash,No,2023,0,North,0,0,1,Hill Road,0,,0,,0,Overcast,812400,0,0,0,2,0,0,0,0,0,,0,0,Auckland Region,Nil,2-way,Sealed,0,0,0,0,80,0,None,0,0,,76,Auckland,Nil,0,0,0,1,1,0,Open,0,0,0,Light rain,Null