X,Y,OBJECTID,advisorySpeed,areaUnitID,bicycle,bridge,bus,carStationWagon,cliffBank,crashDirectionDescription,crashFinancialYear,crashLocation1,crashLocation2,crashRoadSideRoad,crashSeverity,crashSHDescription,crashYear,debris,directionRoleDescription,ditch,fatalCount,fence,flatHill,guardRail,holiday,houseOrBuilding,intersection,kerb,light,meshblockId,minorInjuryCount,moped,motorcycle,NumberOfLanes,objectThrownOrDropped,otherObject,otherVehicleType,overBank,parkedVehicle,pedestrian,phoneBoxEtc,postOrPole,region,roadCharacter,roadLane,roadSurface,roadworks,schoolBus,seriousInjuryCount,slipOrFlood,speedLimit,strayAnimal,streetLight,suv,taxi,temporarySpeedLimit,tlaId,tlaName,trafficControl,trafficIsland,trafficSign,train,tree,truck,unknownVehicleType,urban,vanOrUtility,vehicle,waterRiver,weatherA,weatherB
1759413.9313,5910500.6921,748774,,524002,0,0,0,1,0,South,2023/2024,SOUTH-WESTERN MOTORWAY,MAHUNGA DRIVE OFF RAMP,,Serious Crash,Yes,2023,0,South,0,0,0,Flat,1,,0,,0,Dark,722400,2,0,0,4,0,0,0,0,0,,0,0,Auckland Region,Motorway ramp,1-way,Sealed,0,0,2,0,100,0,On,0,0,,76,Auckland,Nil,0,1,0,0,0,0,Open,0,0,0,Light rain,Null
1756074.3536,5919376.4097,748781,,515420,0,,0,2,,Null,2022/2023,PONSONBY ROAD,HOPETOUN STREET,,Non-Injury Crash,No,2023,,South,,0,,Flat,,,,,,Dark,411000,0,0,0,4,,,0,,,,,,Auckland Region,Nil,2-way,Sealed,,0,0,,50,,On,0,0,,76,Auckland,Traffic Signals,,,,,0,0,Urban,0,,,Fine,Null
1767092.6371,5903912.7556,748806,,524602,0,0,0,1,0,West,2023/2024,SOUTH-WESTERN MOTORWAY,WIRI STATION OBR,,Minor Crash,Yes,2023,0,West,0,0,0,Flat,1,,0,,0,Bright sun,780411,1,0,0,3,0,0,0,0,0,,0,1,Auckland Region,Underpass,1-way,Sealed,0,0,0,0,100,0,Off,0,0,,76,Auckland,Nil,0,0,0,0,0,0,Open,0,0,0,Fine,Null
1770006.2286,5899291.6672,748829,,523911,0,,0,2,,Null,2022/2023,TAKANINI OFF RAMP,GREAT SOUTH ROAD,,Non-Injury Crash,No,2023,,South,,0,,Flat,,,,,,Dark,768100,0,0,0,2,,,0,,,,,,Auckland Region,Motorway ramp,1-way,Sealed,,0,0,,50,,On,0,0,,76,Auckland,Traffic Signals,,,,,0,0,Urban,0,,,Fine,Null
1758598.0867,5915504.0052,748845,,519300,0,,0,0,,East,2023/2024,GREEN LANE WEST,GREENLANE HPTL GT3,,Minor Crash,No,2023,,West,,0,,Flat,,,,,,Bright sun,622900,1,0,0,6,,,0,,,1,,,Auckland Region,Nil,2-way,Sealed,,0,0,,50,,Off,1,0,,76,Auckland,Nil,,,,,0,0,Urban,0,,,Fine,Null
1745710.0136,5920586.0486,748846,,513301,0,0,0,1,0,Null,2023/2024,NORTH-WESTERN MOTORWAY,LINCOLN ROAD ON RAMP,,Non-Injury Crash,Yes,2023,0,Null,0,0,0,Flat,1,,0,,0,Dark,230200,0,0,0,3,0,0,0,0,0,,0,0,Auckland Region,Motorway ramp,1-way,Sealed,0,0,0,0,100,0,On,0,0,,76,Auckland,Nil,0,0,0,0,0,0,Open,0,0,0,Fine,Null
1753363.1662,5913290.9279,748853,,518901,0,,0,1,,North,2022/2023,PARFITT STREET,ELLIS AVENUE,,Serious Crash,No,2023,,North,,0,,Hill Road,,,,,,Overcast,584100,0,0,0,2,,,0,,,1,,,Auckland Region,Nil,2-way,Sealed,,0,1,,50,,Off,0,0,30,76,Auckland,Unknown,,,,,0,0,Urban,0,,,Fine,Null
1769694.5843,5901163.0061,748862,,524901,0,,0,0,,East,2022/2023,ALFRISTON ROAD,SCOTTS ROAD,,Non-Injury Crash,No,2023,,West,,0,,Flat,,,,,,Twilight,757602,0,0,0,2,,,0,,,,,,Auckland Region,Nil,2-way,Sealed,,0,0,,50,,On,1,0,,76,Auckland,Nil,,,,,0,1,Urban,0,,,Fine,Null
1743695.4322,5919342.6213,748870,,513213,0,,0,1,,Null,2022/2023,SWANSON ROAD,UNIVERSAL DRIVE,,Non-Injury Crash,No,2023,,North,,0,,Flat,,,,,,Twilight,235802,0,0,0,2,,,0,,,,,,Auckland Region,Nil,1-way,Sealed,,0,0,,50,,On,0,1,,76,Auckland,Give way,,,,,0,1,Urban,0,,,Fine,Null
1770084.1144,5914680.3815,748884,,522712,1,,0,1,,West,2022/2023,PAKURANGA ROAD,ABERFELDY AVENUE,,Serious Crash,No,2023,,West,,0,,Hill Road,,,,,,Bright sun,644800,0,0,0,5,,,0,,,,,,Auckland Region,Nil,2-way,Sealed,,0,1,,50,,Off,0,0,,76,Auckland,Nil,,,,,0,0,Urban,0,,,Fine,Null
1761401.2375,5914218.0607,748894,,520202,0,0,0,1,0,Null,2022/2023,ELLERSLIE-PANMURE HIGHWAY,ELLERSLIE-PANMURE HWY OFF RAMP,,Non-Injury Crash,No,2023,0,South,0,0,0,Flat,1,,0,,0,Overcast,612300,0,0,0,2,0,0,0,0,0,,0,0,Auckland Region,Overpass,1-way,Sealed,0,0,0,0,50,0,Off,0,0,,76,Auckland,Give way,0,0,0,0,0,0,Urban,0,0,0,Light rain,Strong wind
1752583.2461,5924514.922,748902,,510402,0,0,0,1,0,North,2022/2023,CHELSEA VIEW DRIVE,FITZPATRICK PLACE,,Non-Injury Crash,No,2023,0,North,0,0,0,Flat,0,,0,,0,Bright sun,352500,0,0,0,2,0,0,0,0,0,,0,0,Auckland Region,Nil,2-way,Sealed,0,0,0,0,50,0,Off,0,0,,76,Auckland,Nil,0,0,0,1,0,0,Urban,0,0,0,Fine,Null
1749549.8597,5912980.8653,748933,,511401,0,0,0,1,0,Null,2023/2024,HUTCHINSON AVENUE,GARDNER AVENUE,,Non-Injury Crash,No,2024,0,West,0,0,1,Hill Road,0,,0,,0,Overcast,264400,0,0,0,2,0,0,0,0,0,,0,0,Auckland Region,Nil,2-way,Sealed,0,0,0,0,50,0,None,0,0,,76,Auckland,Stop,1,1,0,0,0,0,Urban,1,0,0,Fine,Null
1752679.9598,5912708.5063,748950,,514700,0,,0,1,,South,2023/2024,BOUNDARY ROAD,TERRY STREET,,Minor Crash,No,2023,,South,,0,,Hill Road,,Christmas New Year,,,,Dark,370800,2,0,1,2,,,0,,,,,,Auckland Region,Nil,2-way,Sealed,,0,0,,50,,On,0,0,,76,Auckland,Nil,,,,,0,0,Urban,0,,,Light rain,Null
1753430.8491,5931125.482,748973,,508803,0,0,1,3,0,West,2023/2024,BARBADOS DRIVE,JUMENTO PLACE,,Non-Injury Crash,No,2023,0,East,0,0,1,Flat,0,Christmas New Year,0,,0,Twilight,180828,0,1,0,2,0,0,0,0,1,,0,0,Auckland Region,Nil,2-way,Sealed,0,0,0,0,50,0,Off,0,0,,76,Auckland,Nil,0,0,0,0,0,0,Urban,0,0,0,Fine,Null
1755827.9523,5918438.1581,748989,,515500,0,0,0,1,0,East,2023/2024,NORTH-WESTERN MOTORWAY,BOND OBR,,Non-Injury Crash,Yes,2024,0,East,0,0,0,Flat,1,,0,,0,Dark,418500,0,0,0,4,0,0,0,0,0,,0,0,Auckland Region,Nil,1-way,Sealed,0,0,0,0,80,0,On,0,0,,76,Auckland,Nil,0,0,0,0,0,0,Open,0,0,0,Light rain,Null
1767914.5459,5902471.0927,749013,,524602,0,,0,0,,Null,2024/2025,OFF ROAD CARPARK MANUKAU SURGERY CENTRE,,,Minor Crash,No,2024,,North,,0,,Hill Road,,,,,,Overcast,780407,1,0,0,0,,,0,,,1,,,Auckland Region,Nil,Off road,Sealed,,0,0,,10,,None,0,0,,76,Auckland,Nil,,,,,0,0,Urban,1,,,Fine,Null
1753267.0935,5914846.6779,749021,,518801,0,,0,2,,East,2023/2024,STODDARD ROAD,RICHARDSON ROAD,,Non-Injury Crash,No,2023,,North,,0,,Flat,,,,,,Bright sun,578400,0,0,0,3,,,0,,,,,,Auckland Region,Nil,2-way,Sealed,,0,0,,50,,Off,0,0,,76,Auckland,Nil,,,,,0,0,Urban,0,,,Fine,Null
1770306.0208,5899083.8797,749022,,523911,0,0,0,1,0,Null,2023/2024,OFFROAD CARPARK TAKANINI GATEWAY SHOPPING,,,Minor Crash,No,2023,0,West,0,0,0,Flat,0,,1,,0,Bright sun,768100,1,0,0,0,0,0,0,0,1,,0,0,Auckland Region,Nil,Off road,Sealed,0,0,0,0,30,0,On,0,0,,76,Auckland,Nil,0,0,0,0,0,0,Urban,1,0,0,Fine,Null
1753828.3044,5931494.2404,749028,,508807,0,,0,1,,South,2022/2023,UPPER HARBOUR HIGHWAY,NORTHERN MOTORWAY,,Non-Injury Crash,Yes,2023,,North,,0,,Hill Road,,,,,,Dark,180810,0,0,0,2,,,0,,,,,,Auckland Region,Nil,1-way,Sealed,,0,0,,80,,On,0,0,,76,Auckland,Nil,,,,,1,0,Open,0,,,Fine,Null
1772066.7319,5893988.3767,749030,,525530,0,,0,0,,East,2023/2024,PARK ESTATE ROAD,PARK ESTATE OBR,,Serious Crash,No,2023,,West,,0,,Hill Road,,,,,,Bright sun,808602,0,0,0,2,,,0,,,1,,,Auckland Region,Bridge,2-way,Sealed,,0,1,,40,,Off,0,0,,76,Auckland,Nil,,,,,0,0,Urban,1,,,Fine,Null
1767468.3724,5900239.6771,749038,,525101,0,,0,1,,East,2022/2023,WEYMOUTH ROAD,GAINSBOROUGH STREET,,Minor Crash,No,2023,,West,,0,,Flat,,,,,,Dark,772903,1,0,0,2,,,0,,,,,,Auckland Region,Nil,2-way,Sealed,,0,0,,50,,On,1,0,,76,Auckland,Nil,,,,,0,0,Urban,0,,,Light rain,Null
1744046.3572,5917107.9785,749045,,513011,0,0,0,1,0,South,2023/2024,STURGES ROAD,SPENCE ROAD,,Non-Injury Crash,No,2024,0,South,0,0,0,Flat,0,,0,,0,Dark,280500,0,0,0,2,0,0,0,0,1,,0,0,Auckland Region,Nil,2-way,Sealed,0,0,0,0,50,0,On,1,0,30,76,Auckland,Nil,0,0,0,0,0,0,Urban,0,0,0,Fine,Null
1769386.3674,5902241.0739,749086,,524901,0,,0,3,,North,2022/2023,SOUTHERN MOTORWAY,HILL ROAD ON RAMP,,Non-Injury Crash,Yes,2023,,North,,0,,Flat,,,,,,Bright sun,755600,0,0,0,3,,,0,,,,,,Auckland Region,Nil,1-way,Sealed,,0,0,,100,,Off,0,0,,76,Auckland,Nil,,,,,0,0,Open,0,,,Fine,Null
1751648.8827,5916906.0711,749093,,514900,0,,0,2,,North,2023/2024,GREAT NORTH ROAD,FIR STREET,,Non-Injury Crash,No,2024,,South,,0,,Flat,,,,,,Bright sun,384701,0,0,0,4,,,0,,,,,,Auckland Region,Nil,2-way,Sealed,,0,0,,50,,On,0,0,,76,Auckland,Nil,,,,,0,0,Urban,0,,,Fine,Null
1748924.7754,5913365.0193,749101,,511401,0,,0,2,,North,2023/2024,TITIRANGI ROAD,KAWEKA STREET,,Non-Injury Crash,No,2024,,South,,0,,Flat,,,,,,Overcast,263700,0,0,0,2,,,0,,,,,,Auckland Region,Nil,2-way,Sealed,,0,0,,50,,Off,1,0,,76,Auckland,Nil,,,,,0,0,Urban,1,,,Fine,Null
1756672.4928,5924873.6401,749102,,509702,0,,0,1,,South,2023/2024,NORTHERN MOTORWAY,ONEWA ROAD ON RAMP,,Minor Crash,Yes,2024,,North,,0,,Flat,,,,,,Bright sun,366602,1,0,0,4,,,0,,,,,,Auckland Region,Nil,1-way,Sealed,,0,0,,100,,Off,1,0,,76,Auckland,Nil,,,,,0,0,Open,0,,,Fine,Null
1762727.1731,5914815.5023,749118,,520401,0,,0,0,,South,2023/2024,HARRISON ROAD,ELLERSLIE GARDEN,,Minor Crash,No,2024,,South,,0,,Flat,,,,,,Overcast,644101,1,0,0,2,,,0,,,1,,,Auckland Region,Nil,2-way,Sealed,,0,0,,50,,Off,0,0,,76,Auckland,Nil,,,,,0,0,Urban,1,,,Fine,Strong wind
1756451.6152,5918826.5811,749149,,515600,0,,0,2,,Null,2022/2023,PIWAKAWAKA STREET,IAN MCKINNON DRIVE,,Non-Injury Crash,No,2023,,South,,0,,Flat,,,,,,Unknown,420201,0,0,0,3,,,0,,,,,,Auckland Region,Nil,2-way,Sealed,,0,0,,50,,Off,0,0,,76,Auckland,Traffic Signals,,,,,0,0,Urban,0,,,Null,None
1755675.5996,5935143.0467,749166,,507101,0,,0,1,,Null,2023/2024,BEACH ROAD,ANZAC ROAD,,Minor Crash,No,2024,,South,,0,,Flat,,,,,,Overcast,161400,1,0,0,1,,,0,,,1,,,Auckland Region,Nil,1-way,Sealed,,0,0,,50,,Off,0,0,,76,Auckland,Give way,,,,,0,0,Urban,0,,,Light rain,Null
1765224.0778,5906990.2555,749172,,522201,0,,0,1,,Null,2023/2024,SHIRLEY ROAD,DREADON AVENUE,,Minor Crash,No,2023,,South,,0,,Hill Road,,,,,,Dark,661100,1,0,0,2,,,0,,,1,,,Auckland Region,Nil,2-way,Sealed,,0,0,,50,,On,0,0,,76,Auckland,Give way,,,,,0,0,Urban,0,,,Fine,Null
1747536.4547,5914788.2983,749174,,511100,0,,0,2,,South,2022/2023,SABULITE ROAD,CARTWRIGHT ROAD,,Minor Crash,No,2023,,South,,0,,Flat,,,,,,Dark,285202,1,0,0,2,,,0,,,,,,Auckland Region,Nil,2-way,Sealed,,0,0,,50,,On,0,0,,76,Auckland,Nil,,,,,0,1,Urban,0,,,Light rain,Null
1760570.8203,5945898.8586,749197,,505910,0,,0,1,,Null,2024/2025,PINECREST DRIVE,VOYAGER DRIVE,,Minor Crash,No,2024,,West,,0,,Hill Road,,,,,,Bright sun,175138,1,0,0,2,,,0,,,,,,Auckland Region,Nil,2-way,Sealed,,0,0,,50,,Off,0,0,,76,Auckland,Nil,,,,,0,0,Urban,1,,,Fine,Null
1757684.0292,5918284.7275,749245,,518101,0,,0,2,,South,2024/2025,SOUTHERN MOTORWAY,KHYBER PASS ROAD OFF RAMP,,Minor Crash,Yes,2024,,North,,0,,Flat,,,,,,Bright sun,543000,2,0,0,4,,,0,,,,,,Auckland Region,Nil,1-way,Sealed,,0,0,,80,,Off,1,0,,76,Auckland,Nil,,,,,0,0,Open,1,,,Fine,Null
1756572.0618,5919805.6084,749278,,514000,0,,0,1,,South,2022/2023,NORTH-WESTERN TO NORTHERN LINK,SOUTHERN MOTORWAY,,Non-Injury Crash,Yes,2023,,North,,0,,Hill Road,,,,,,Bright sun,413300,0,0,1,2,,,0,,,,,,Auckland Region,Motorway ramp,1-way,Sealed,,0,0,,80,,Off,0,0,,76,Auckland,Traffic Signals,,,,,0,0,Open,0,,,Fine,Null
1765608.0279,5904751.2368,749285,,524603,0,,0,0,,South,2023/2024,RANFURLY ROAD,FREYBERG AVENUE,,Non-Injury Crash,No,2024,,South,,0,,Flat,,,,,,Dark,673500,0,0,0,2,,,0,,,,,,Auckland Region,Nil,2-way,Sealed,,0,0,,50,,On,0,0,,76,Auckland,Nil,,,,,1,0,Urban,1,,,Fine,Null
1768214.1925,5903765.5682,749286,,524602,0,,0,0,,South,2023/2024,SOUTHERN MOTORWAY,LINK 1N SBD OBR,,Non-Injury Crash,Yes,2023,,North,,0,,Flat,,,,,,Bright sun,780506,0,0,0,3,,,0,,,,,,Auckland Region,Nil,1-way,Sealed,,0,0,,100,,Off,0,0,,76,Auckland,Nil,,,,,1,0,Open,1,,,Fine,Null
1768530.0993,5909317.5159,749292,,523112,0,,0,1,,North,2023/2024,SPRINGS ROAD,LADY RUBY DRIVE,,Minor Crash,No,2023,,West,,0,,Flat,,,,,,Bright sun,711600,1,0,0,4,,,0,,,1,,,Auckland Region,Nil,2-way,Unsealed,,0,0,,50,,Off,0,0,,76,Auckland,Nil,,,,,0,0,Urban,0,,,Fine,Null
1769765.6167,5905864.8511,749309,,523712,0,,0,1,,South,2023/2024,DONEGAL PARK DRIVE,REPEHINA ROAD,,Non-Injury Crash,No,2024,,South,,0,,Flat,,,,,,Dark,713201,0,0,0,2,,,0,,,,,,Auckland Region,Nil,2-way,Sealed,,0,0,,50,,On,0,0,,76,Auckland,Nil,,,,,0,0,Urban,1,,,Fine,Null
1747246.1971,5919823.6598,749341,,512300,0,,0,2,,Null,2023/2024,TE ATATU ROAD,TE ATATU ROAD OFF RAMP,,Non-Injury Crash,No,2024,,North,,0,,Hill Road,,,,,,Bright sun,251700,0,0,0,5,,,0,,,,,,Auckland Region,Bridge,2-way,Sealed,,0,0,,50,,Off,0,0,,76,Auckland,Traffic Signals,,,,,0,0,Urban,0,,,Fine,Null
1757755.7168,5918220.7887,749357,,515700,0,,0,1,,East,2024/2025,SOUTHERN MOTORWAY,MOUNTAIN OBR,,Fatal Crash,Yes,2025,,North,,1,,Flat,,,,,,Bright sun,443600,0,0,1,4,,,0,,,,,,Auckland Region,Motorway ramp,1-way,Sealed,,0,0,,80,,Off,0,0,,76,Auckland,Nil,,,,,0,0,Open,0,,,Fine,Null
1767313.5635,5899091.4721,749358,,524812,0,,0,1,,Null,2023/2024,MAHIA ROAD,SYKES ROAD,,Non-Injury Crash,No,2024,,East,,0,,Flat,,,,,,Dark,774104,0,0,1,2,,,0,,,,,,Auckland Region,Nil,2-way,Sealed,,0,0,,50,,On,0,0,,76,Auckland,Give way,,,,,0,0,Urban,0,,,Fine,Null
1768148.3879,5904390.4283,749388,,523722,0,,0,1,,East,2022/2023,REDOUBT ROAD,REDOUBT ROAD OFF RAMP,,Non-Injury Crash,No,2023,,East,,0,,Hill Road,,,,,,Bright sun,715805,0,0,0,3,,,0,,,,,,Auckland Region,Nil,2-way,Sealed,,0,0,,50,,None,0,0,,76,Auckland,Nil,,,,,0,0,Urban,1,,,Fine,Null
1770270.6968,5906376.0398,749389,,523712,0,,0,0,,Null,2022/2023,FLAT BUSH SCHOOL ROAD,HIKUAWA ROAD,,Non-Injury Crash,No,2023,,East,,0,,Flat,,,,,,Bright sun,713201,0,0,0,2,,,0,,,,,,Auckland Region,Nil,2-way,Sealed,,0,0,,50,,Off,0,0,,76,Auckland,Give way,,,,,0,2,Urban,0,,,Fine,None
1758709.6652,5919718.7152,749405,,515902,0,,0,1,,Null,2024/2025,PARNELL ROAD,GIBRALTAR CRESCENT,,Minor Crash,No,2025,,South,,0,,Flat,,,,,,Bright sun,452600,1,0,0,2,,,0,,,2,,,Auckland Region,Nil,2-way,Sealed,,0,0,,50,,Off,0,0,,76,Auckland,Stop,,,,,0,0,Urban,0,,,Fine,Null
1758463.3606,5917646.3033,749428,,516001,0,0,0,1,0,North,2022/2023,SOUTHERN MOTORWAY,ST MARKS OBR,,Non-Injury Crash,Yes,2023,0,East,0,0,0,Flat,1,,0,,0,Dark,490800,0,0,0,3,0,0,0,0,0,,0,0,Auckland Region,Nil,1-way,Sealed,0,0,0,0,80,0,On,0,0,,76,Auckland,Nil,0,0,0,0,1,0,Open,0,0,0,Heavy rain,Null
1764006.4886,5915033.5192,749430,,520303,0,,0,0,,Null,2023/2024,ELLERSLIE-PANMURE HIGHWAY,BARRACK ROAD,,Serious Crash,No,2023,,West,,0,,Flat,,,,,,Bright sun,626802,0,0,1,4,,,0,,,,,,Auckland Region,Nil,2-way,Sealed,,0,1,,50,,Off,0,0,,76,Auckland,Give way,,,,,0,0,Urban,1,,,Fine,Null
1768589.4885,5880779.4029,749437,,525921,0,,0,2,,West,2023/2024,HARRIS STREET,QUEEN STREET,,Non-Injury Crash,No,2024,,East,,0,,Flat,,,,,,Bright sun,821900,0,0,0,2,,,0,,,,,,Auckland Region,Nil,2-way,Sealed,,0,0,,50,,Off,0,0,,76,Auckland,Nil,,,,,0,0,Urban,0,,,Fine,Null
1771300.6572,5895848.4855,749444,,525540,0,0,0,1,0,South,2022/2023,SOUTHERN MOTORWAY,PAPAKURA OFF RAMP,,Non-Injury Crash,Yes,2023,0,South,0,0,0,Flat,1,,0,,0,Bright sun,806208,0,0,0,3,0,0,1,0,0,,0,0,Auckland Region,Motorway ramp,1-way,Sealed,0,0,0,0,100,0,Off,0,0,80,76,Auckland,Nil,0,0,0,0,1,0,Open,1,0,0,Fine,Null
1753850.7001,5916753.1861,749461,,517800,0,,0,1,,South,2024/2025,ALBERTON AVENUE,TAYLORS ROAD,,Minor Crash,No,2025,,South,,0,,Flat,,,,,,Bright sun,528100,1,0,0,2,,,0,,,1,,,Auckland Region,Nil,2-way,Sealed,,0,0,,30,,Off,0,0,,76,Auckland,Nil,,,,,0,0,Urban,0,,,Fine,Null
1764241.6424,5905019.4382,749469,35,522100,0,,0,2,,Null,2022/2023,PAH ROAD,MARGARET ROAD,,Non-Injury Crash,No,2023,,West,,0,,Flat,,,,,,Dark,658402,0,0,0,2,,,0,,,,,,Auckland Region,Speed hump,2-way,Sealed,,0,0,,50,,On,0,0,,76,Auckland,Nil,,,,,0,0,Urban,0,,,Fine,Null
1757275.8606,5921117.4957,749485,,514101,0,,1,0,,South,2024/2025,LOWER HOBSON STREET,QUAY STREET,,Non-Injury Crash,No,2024,,North,,0,,Flat,,,,,,Dark,433001,0,0,0,2,,,0,,,,,,Auckland Region,Nil,1-way,Sealed,,0,0,,30,,On,0,0,,76,Auckland,Nil,,,,,1,0,Urban,0,,,Fine,Null
1761466.6427,5912444.8931,749589,,519500,0,,0,1,,Null,2022/2023,CHURCH STREET,NEILSON STREET,,Non-Injury Crash,No,2023,,West,,0,,Flat,,,,,,Dark,621700,0,0,0,2,,,0,,,,,,Auckland Region,Nil,2-way,Sealed,,0,0,,50,,On,0,0,,76,Auckland,Traffic Signals,,,,,1,0,Urban,0,,,Fine,Null
1745216.6923,5919000.7732,749597,,513302,0,,0,1,,North,2022/2023,LINCOLN ROAD,MOSELLE AVENUE,,Non-Injury Crash,No,2023,,North,,0,,Flat,,,,,,Bright sun,232205,0,0,0,4,,,0,,,,,,Auckland Region,Nil,2-way,Sealed,,0,0,,50,,Off,0,0,,76,Auckland,Nil,,,,,0,0,Urban,1,,,Fine,Null
1770611.7703,5901903.6553,749629,,523819,0,,0,1,,North,2024/2025,STRATFORD ROAD,RATHMAR DRIVE,,Serious Crash,No,2024,,West,,0,,Flat,,,,,,Overcast,760810,0,0,1,2,,,0,,,,,,Auckland Region,Nil,2-way,Sealed,,0,1,,50,,Off,0,0,,76,Auckland,Nil,,,,,0,0,Urban,0,,,Fine,Null
1755351.3929,5913373.5508,749630,,518803,0,,0,2,,South,2022/2023,SOMERSET ROAD,BRISTOL ROAD,,Minor Crash,No,2023,,North,,0,,Flat,,,,,,Overcast,582700,2,0,0,2,,,0,,,,,,Auckland Region,Nil,2-way,Sealed,,0,0,,50,,Off,0,0,,76,Auckland,Nil,,,,,0,0,Urban,0,,,Light rain,Null
1763260.4516,5903960.5369,749653,,524604,0,0,0,1,0,East,2022/2023,PUHINUI ROAD,PRICES ROAD,,Non-Injury Crash,Yes,2023,0,West,0,0,1,Flat,1,,0,,0,Overcast,780902,0,0,0,2,0,0,0,0,0,,0,1,Auckland Region,Nil,2-way,Sealed,0,0,0,0,60,0,Off,0,0,,76,Auckland,Nil,0,0,0,0,0,0,Urban,0,0,0,Light rain,Null
1757492.3202,5918673.2712,749662,,514302,0,0,0,1,0,North,2022/2023,SOUTHERN MOTORWAY,KHYBER PASS OBR,,Minor Crash,Yes,2023,0,North,0,0,0,Flat,1,,0,,0,Dark,442500,1,0,0,4,0,0,0,0,0,,0,0,Auckland Region,Nil,1-way,Sealed,0,0,0,0,80,0,On,1,0,,76,Auckland,Nil,0,0,0,0,0,0,Open,1,0,0,Fine,Null
1766458.4747,5899505.4879,749677,,524812,0,0,0,2,0,Null,2023/2024,MAHIA ROAD,DAMIAN WAY,,Minor Crash,No,2023,0,North,0,0,1,Flat,0,,0,,0,Overcast,774202,1,0,0,2,0,0,0,0,0,1,0,0,Auckland Region,Nil,2-way,Sealed,0,0,0,0,50,0,Off,0,0,,76,Auckland,Give way,0,0,0,1,0,0,Urban,0,0,0,Light rain,Null
1773437.7475,5896462.9754,749694,,525620,0,,0,1,,West,2022/2023,WILLIS ROAD,EDMUND HILLARY AVENUE,,Minor Crash,No,2023,,West,,0,,Flat,,,,,,Twilight,797000,1,0,1,2,,,0,,,,,,Auckland Region,Nil,2-way,Sealed,,0,0,,50,,On,0,0,,76,Auckland,Nil,,,,,0,0,Urban,0,,,Fine,Null
1755744.0137,5916323.7362,749709,,518201,0,,0,1,,North,2023/2024,DOMINION ROAD,DUNBAR ROAD,,Minor Crash,No,2023,,South,,0,,Flat,,,,,,Bright sun,553200,1,0,0,2,,,0,,,1,,,Auckland Region,Nil,2-way,Sealed,,0,0,,50,,Off,0,0,,76,Auckland,Nil,,,,,0,0,Urban,0,,,Fine,Null
1767591.5272,5899067.3045,749710,,525102,0,,0,0,,West,2023/2024,MAHIA ROAD,MATAWHANGA DRIVE,,Non-Injury Crash,No,2023,,East,,0,,Flat,,,,,,Bright sun,772902,0,0,0,2,,,0,,,,,,Auckland Region,Nil,2-way,Sealed,,0,0,,50,,Off,0,0,,76,Auckland,Nil,,,,,0,0,Urban,2,,,Fine,Null
1760534.5907,5911831.426,749725,,520000,0,,0,1,,East,2022/2023,NEILSON STREET,CAPTAIN SPRINGS ROAD,,Non-Injury Crash,No,2023,,East,,0,,Flat,,,,,,Bright sun,608200,0,0,0,4,,,1,,,,,,Auckland Region,Nil,2-way,Sealed,,0,0,,50,,Off,0,0,,76,Auckland,Nil,,,,,0,0,Urban,0,,,Fine,Null
1770247.5424,5916898.0071,749789,,522601,0,0,0,1,0,South,2023/2024,BUCKLANDS BEACH ROAD,SEA SPRAY DRIVE,,Minor Crash,No,2023,0,East,0,0,0,Flat,0,,0,,0,Overcast,678004,1,0,0,2,0,0,0,0,0,,0,1,Auckland Region,Nil,2-way,Sealed,0,0,0,0,50,0,Off,0,0,30,76,Auckland,Nil,0,0,0,0,0,0,Urban,0,0,0,Fine,Null
1766632.0769,5908442.0093,749796,,523501,0,,0,3,,North,2022/2023,OTARA ROAD,LAPPINGTON ROAD,,Minor Crash,No,2023,,North,,0,,Flat,,,,,,Bright sun,700500,2,0,0,2,,,0,,,,,,Auckland Region,Nil,2-way,Sealed,,0,0,,50,,Off,0,0,,76,Auckland,Nil,,,,,0,0,Urban,0,,,Fine,Null
1764862.4582,5910962.766,749797,,520500,0,,0,1,,North,2022/2023,SOUTHERN MOTORWAY,OTAHUHU CK BR,,Non-Injury Crash,Yes,2023,,North,,0,,Hill Road,,,,,,Dark,636300,0,0,0,3,,,0,,,,,,Auckland Region,Nil,1-way,Sealed,,0,0,,100,,On,1,0,,76,Auckland,Nil,,,,,0,0,Open,0,,,Fine,Null
1755047.7703,5929202.3001,749814,,508420,0,,0,1,,Null,2024/2025,WAIRAU ROAD,TARGET ROAD,,Serious Crash,No,2024,,North,,0,,Flat,,,,,,Bright sun,183800,1,0,0,5,,,0,,,,,,Auckland Region,Nil,2-way,Sealed,,0,1,,50,,None,1,0,,76,Auckland,Traffic Signals,,,,,0,0,Urban,0,,,Fine,Null
1763440.2827,5920389.0129,749821,,516500,0,,0,1,,West,2023/2024,TAMAKI DRIVE,MARAU CRESCENT,,Serious Crash,No,2023,,East,,0,,Flat,,,,,,Dark,500700,0,0,1,2,,,0,,,,,,Auckland Region,Nil,2-way,Sealed,,0,1,,50,,On,0,0,,76,Auckland,Nil,,,,,0,0,Urban,0,,,Fine,Null