X,Y,OBJECTID,advisorySpeed,areaUnitID,bicycle,bridge,bus,carStationWagon,cliffBank,crashDirectionDescription,crashFinancialYear,crashLocation1,crashLocation2,crashRoadSideRoad,crashSeverity,crashSHDescription,crashYear,debris,directionRoleDescription,ditch,fatalCount,fence,flatHill,guardRail,holiday,houseOrBuilding,intersection,kerb,light,meshblockId,minorInjuryCount,moped,motorcycle,NumberOfLanes,objectThrownOrDropped,otherObject,otherVehicleType,overBank,parkedVehicle,pedestrian,phoneBoxEtc,postOrPole,region,roadCharacter,roadLane,roadSurface,roadworks,schoolBus,seriousInjuryCount,slipOrFlood,speedLimit,strayAnimal,streetLight,suv,taxi,temporarySpeedLimit,tlaId,tlaName,trafficControl,trafficIsland,trafficSign,train,tree,truck,unknownVehicleType,urban,vanOrUtility,vehicle,waterRiver,weatherA,weatherB
1765646.246,5902458.4089,749846,,524604,0,0,0,1,0,Null,2023/2024,MAYO ROAD,LANGLEY ROAD,,Non-Injury Crash,No,2023,0,North,0,0,1,Flat,0,,0,,0,Dark,781302,0,0,0,2,0,0,0,0,0,,0,0,Auckland Region,Nil,2-way,Sealed,0,0,0,0,50,0,On,0,0,,76,Auckland,Nil,0,0,0,0,0,0,Urban,0,0,0,Fine,Null
1768213.0548,5902378.2175,749861,,525001,0,,0,3,,South,2023/2024,GREAT SOUTH ROAD,ORAMS ROAD,,Non-Injury Crash,No,2023,,West,,0,,Flat,,Christmas New Year,,,,Dark,750800,0,0,0,2,,,0,,,,,,Auckland Region,Nil,2-way,Sealed,,0,0,,50,,On,0,0,,76,Auckland,Nil,,,,,0,0,Urban,0,,,Mist or Fog,Null
1758822.7007,5912167.41,749870,,519820,0,,0,1,,Null,2023/2024,SELWYN STREET,CHURCH STREET,,Minor Crash,No,2024,,North,,0,,Flat,,,,,,Bright sun,601700,1,0,0,4,,,0,,,,,,Auckland Region,Nil,2-way,Sealed,,0,0,,50,,Off,0,0,40,76,Auckland,Traffic Signals,,,,,0,0,Urban,1,,,Fine,Null
1768775.1171,5904552.2159,749877,,523722,0,0,0,1,0,East,2023/2024,REDOUBT ROAD,HOLLYFORD DRIVE,,Non-Injury Crash,No,2023,0,East,0,0,0,Flat,0,,0,,0,Overcast,715909,0,0,0,4,0,0,0,0,2,,0,0,Auckland Region,Nil,2-way,Sealed,0,0,0,0,50,0,Off,0,0,,76,Auckland,Nil,0,0,0,0,1,0,Urban,1,0,0,Light rain,Null
1755922.2361,5921106.2919,749901,,515202,0,,0,1,,Null,2023/2024,NORTHERN MOTORWAY,FANSHAWE STREET ON RAMP,,Non-Injury Crash,Yes,2024,,West,,0,,Flat,,,,,,Dark,425600,0,0,0,3,,,0,,,,,,Auckland Region,Motorway ramp,1-way,Sealed,,0,0,,80,,On,0,0,,76,Auckland,Nil,,,,,1,0,Open,0,,,Fine,Null
1751563.9315,5915231.0286,749908,,514401,0,,0,2,,Null,2022/2023,BLOCKHOUSE BAY ROAD,NEW NORTH ROAD,,Non-Injury Crash,No,2023,,North,,0,,Flat,,,,,,Bright sun,382902,0,0,0,2,,,0,,,,,,Auckland Region,Nil,2-way,Sealed,,0,0,,50,,On,0,0,,76,Auckland,Traffic Signals,,,,,0,0,Urban,0,,,Fine,Null
1744599.7182,5918070.614,749916,,510700,0,0,0,2,0,North,2023/2024,SWANSON ROAD,STURGES ROAD,,Minor Crash,No,2023,0,South,0,0,0,Flat,0,,0,,0,Bright sun,239200,1,0,0,2,0,0,0,0,1,,0,0,Auckland Region,Nil,2-way,Sealed,0,0,0,0,50,0,Off,0,0,,76,Auckland,Nil,0,0,0,0,0,0,Urban,0,0,0,Fine,Null
1756122.7826,5923850.8308,749957,,509800,0,,0,2,,South,2022/2023,NORTHERN MOTORWAY,WEIGH BRIDGE,,Non-Injury Crash,Yes,2023,,South,,0,,Flat,,,,,,Dark,358800,0,0,0,4,,,0,,,,,,Auckland Region,Nil,1-way,Sealed,,0,0,,80,,On,1,0,,76,Auckland,Nil,,,,,1,0,Open,0,,,Fine,Null
1771045.0498,5900393.2205,749958,,523817,0,0,0,1,0,West,2023/2024,SHERIFF PLACE,PORCHESTER ROAD,,Non-Injury Crash,No,2023,0,East,0,0,1,Flat,0,,1,,0,Bright sun,759732,0,0,0,0,0,0,0,0,0,1,0,0,Auckland Region,Nil,2-way,Sealed,0,0,0,0,50,0,Off,0,0,,76,Auckland,Nil,0,0,0,0,0,0,Urban,0,0,0,Fine,Null
1760030.3755,5916029.4607,749982,,516002,0,,0,2,,North,2023/2024,SOUTHERN MOTORWAY,GREENLANE INT N,,Non-Injury Crash,Yes,2023,,South,,0,,Flat,,,,,,Bright sun,492100,0,0,0,3,,,0,,,,,,Auckland Region,Nil,1-way,Sealed,,0,0,,100,,Off,0,0,,76,Auckland,Nil,,,,,0,0,Open,0,,,Fine,Null
1758255.2775,5916713.4762,750005,,515700,0,0,0,1,0,Null,2022/2023,MANUKAU ROAD,BRACKEN AVENUE,,Non-Injury Crash,No,2023,0,South,0,0,1,Flat,0,Easter,0,,0,Dark,458100,0,0,0,4,0,0,0,0,0,,0,0,Auckland Region,Nil,2-way,Sealed,0,0,0,0,50,0,On,0,0,,76,Auckland,Give way,0,0,0,0,0,0,Urban,0,0,0,Fine,Null
1747186.5941,5920195.9833,750028,,512300,0,,0,1,,Null,2022/2023,TE ATATU ROAD,OLD TE ATATU ROAD,,Non-Injury Crash,No,2023,,South,,0,,Flat,,,,,,Bright sun,252000,0,0,0,4,,,0,,,,,,Auckland Region,Nil,2-way,Sealed,,0,0,,50,,Off,0,0,,76,Auckland,Traffic Signals,,,,,1,0,Urban,0,,,Fine,Strong wind
1741474.9701,5928179.9566,750029,,505604,0,0,0,0,0,South,2022/2023,COATESVILLE-RIVERHEAD HIGHWAY,MOONTIDE ROAD,,Non-Injury Crash,No,2023,0,North,1,0,0,Hill Road,0,,0,,0,Dark,214502,0,0,0,2,0,0,0,0,0,,0,0,Auckland Region,Nil,2-way,Sealed,0,0,0,1,60,0,None,1,0,,76,Auckland,Nil,0,0,0,0,0,0,Urban,0,0,0,Light rain,Null
1758385.4001,5916375.9827,750086,,519200,0,0,0,4,0,Null,2023/2024,RANFURLY ROAD,GRIFFIN AVENUE,,Minor Crash,No,2024,0,West,0,0,0,Flat,0,,0,,0,Bright sun,614802,2,0,0,2,0,0,0,0,1,,0,0,Auckland Region,Nil,2-way,Sealed,0,0,0,0,50,0,Off,1,0,,76,Auckland,Stop,0,0,0,0,0,0,Urban,0,0,0,Fine,Null
1757786.7461,5918215.5216,750118,,515700,0,,0,0,,South,2022/2023,SOUTHERN MOTORWAY,MOUNTAIN OBR,,Non-Injury Crash,Yes,2023,,South,,0,,Hill Road,,,,,,Overcast,443200,0,0,0,5,,,0,,,,,,Auckland Region,Nil,1-way,Sealed,,0,0,,80,,On,0,0,,76,Auckland,Nil,,,,,0,0,Open,2,,,Light rain,Null
1751689.993,5917072.7209,750126,,514900,0,0,0,2,0,South,2023/2024,GREAT NORTH ROAD,ALFORD STREET,,Non-Injury Crash,No,2023,0,South,0,0,0,Flat,0,,0,,0,Dark,384701,0,0,0,4,0,0,0,0,0,,0,0,Auckland Region,Nil,2-way,Sealed,0,0,0,0,50,0,On,0,1,,76,Auckland,Nil,0,0,0,0,0,0,Urban,0,1,0,Light rain,Null
1764646.6871,5911705.3199,750150,,520500,0,,0,2,,North,2022/2023,SOUTHERN MOTORWAY,PANAMA OBR,,Non-Injury Crash,Yes,2023,,North,,0,,Hill Road,,,,,,Twilight,636400,0,0,0,3,,,0,,,,,,Auckland Region,Overpass,1-way,Sealed,,0,0,,100,,On,0,0,,76,Auckland,Nil,,,,,0,0,Open,0,,,Fine,Null
1767426.293,5899084.076,750173,,525101,0,0,0,2,0,East,2022/2023,MAHIA ROAD,ANGLERS WAY,,Non-Injury Crash,No,2023,0,East,0,0,0,Flat,0,,0,,0,Bright sun,772909,0,0,0,2,0,0,0,0,1,,0,0,Auckland Region,Nil,2-way,Sealed,0,0,0,0,50,0,Off,0,0,,76,Auckland,Nil,0,0,0,0,1,0,Urban,0,0,0,Fine,Null
1744271.6449,5915377.5464,750174,,513013,0,0,0,1,0,North,2022/2023,FOREST HILL ROAD,FARWOOD DRIVE,,Non-Injury Crash,No,2023,0,South,0,0,1,Hill Road,0,,0,,0,Bright sun,281401,0,0,0,2,0,0,0,0,0,,0,1,Auckland Region,Nil,2-way,Sealed,0,0,0,0,50,0,Off,0,0,,76,Auckland,Nil,0,0,0,0,0,0,Urban,0,0,0,Fine,Null
1757518.2202,5918614.7734,750182,,514302,0,,0,2,,North,2022/2023,SOUTHERN MOTORWAY,KHYBER PASS OBR,,Non-Injury Crash,Yes,2023,,North,,0,,Flat,,,,,,Bright sun,442500,0,0,0,4,,,0,,,,,,Auckland Region,Nil,1-way,Sealed,,0,0,,80,,Off,0,0,,76,Auckland,Nil,,,,,0,0,Open,0,,,Fine,Null
1744720.6348,5908892.1827,750197,,512801,0,,0,1,,South,2022/2023,HUIA ROAD,EXHIBITION DRIVE,,Minor Crash,No,2023,,South,,0,,Hill Road,,,,,,Overcast,302504,2,0,0,2,,,0,,,,,,Auckland Region,Nil,2-way,Sealed,,0,0,,50,,Off,0,0,,76,Auckland,Nil,,,,,0,0,Urban,1,,,Fine,Null
1774685.1537,5887913.8645,750214,,521302,0,0,0,1,0,North,2023/2024,SOUTHERN MOTORWAY,RAMARAMA ON RAMP,,Non-Injury Crash,Yes,2024,0,North,0,0,0,Flat,1,,0,,0,Bright sun,809101,0,0,0,2,0,0,0,0,0,,0,0,Auckland Region,Nil,1-way,Sealed,0,0,0,0,100,0,Off,0,0,,76,Auckland,Nil,0,0,0,0,0,0,Open,0,0,0,Fine,Null
1752486.1682,5917222.7015,750261,,515003,0,,0,2,,South,2023/2024,CARRINGTON ROAD,FIFTH AVENUE,,Non-Injury Crash,No,2023,,South,,0,,Flat,,,,,,Dark,391602,0,0,0,2,,,0,,,,,,Auckland Region,Nil,2-way,Sealed,,0,0,,50,,On,0,1,30,76,Auckland,Nil,,,,,0,0,Urban,0,,,Fine,Null
1767202.1973,5880487.3709,750262,,525921,0,,0,0,,Null,2024/2025,VICTORIA STREET WEST,FACTORY ROAD,,Minor Crash,No,2024,,South,,0,,Flat,,,,,,Overcast,820800,1,0,0,2,,,0,,,,,,Auckland Region,Nil,2-way,Sealed,,0,0,,50,,Off,2,0,,76,Auckland,Give way,,,,,0,0,Urban,0,,,Fine,Strong wind
1765306.6858,5906216.224,750277,,522202,0,0,0,1,0,East,2023/2024,WILMAY AVENUE,KOLMAR ROAD,,Non-Injury Crash,No,2024,0,East,0,0,1,Flat,0,,0,,0,Overcast,663800,0,0,0,2,0,0,0,0,0,,0,0,Auckland Region,Nil,2-way,Sealed,0,0,0,0,30,0,None,0,0,,76,Auckland,Nil,0,0,0,0,0,0,Urban,0,0,0,Heavy rain,Null
1743700.9487,5917677.0064,750301,,513220,0,0,0,1,0,South,2024/2025,SUMMERLAND DRIVE,SEMILLON AVENUE,,Minor Crash,No,2024,0,South,0,0,0,Flat,0,,0,,0,Overcast,236711,2,0,0,2,0,0,0,0,1,,0,0,Auckland Region,Nil,2-way,Sealed,0,0,0,0,50,0,Off,1,0,,76,Auckland,Nil,0,0,0,0,0,0,Urban,0,0,0,Fine,Null
1754444.3311,5931519.8988,750309,,508805,0,,0,1,,East,2022/2023,CONSTELLATION DRIVE,PARKWAY DRIVE,,Non-Injury Crash,No,2023,,West,,0,,Flat,,,,,,Dark,180826,0,0,0,2,,,0,,,,,,Auckland Region,Nil,2-way,Sealed,,0,0,,50,,On,0,0,,76,Auckland,Nil,,,,,0,0,Urban,0,,,Fine,Null
1744942.5363,5923532.2052,750310,,513521,0,0,0,1,0,North,2023/2024,MOIRE ROAD,OREIL AVENUE,,Non-Injury Crash,No,2024,0,North,0,0,0,Hill Road,0,,0,,0,Bright sun,224239,0,0,0,2,0,0,0,0,1,,0,0,Auckland Region,Nil,2-way,Sealed,0,0,0,0,50,0,Off,0,0,,76,Auckland,Nil,0,0,0,0,0,0,Urban,1,0,0,Fine,Null
1764039.8534,5904208.41,750342,,524604,0,,0,2,,South,2023/2024,PUHINUI ROAD,PUHINUI ROAD,,Non-Injury Crash,No,2023,,North,,0,,Flat,,,,,,Overcast,781100,0,0,0,2,,,0,,,,,,Auckland Region,Nil,1-way,Sealed,,0,0,,50,,Off,0,0,,76,Auckland,Nil,,,,,0,0,Urban,0,,,Fine,Null
1754982.3084,5926555.3278,750349,,509701,0,0,0,2,0,South,2023/2024,LYNDEN AVENUE,LIDDELL STREET,,Non-Injury Crash,No,2023,0,North,0,0,0,Flat,0,,0,,0,Bright sun,362701,0,0,0,2,0,0,0,0,1,,0,0,Auckland Region,Nil,2-way,Sealed,0,0,0,0,50,0,Off,0,0,,76,Auckland,Nil,0,0,0,0,0,0,Urban,0,0,0,Fine,Null
1749511.5935,5914088.7151,750382,,511302,0,,0,0,,South,2023/2024,RATA STREET,KAPONGA CRESCENT,,Minor Crash,No,2023,,South,,0,,Flat,,,,,,Bright sun,268800,2,0,1,4,,,0,,,,,,Auckland Region,Nil,2-way,Sealed,,0,0,,50,,Off,1,0,,76,Auckland,Nil,,,,,0,0,Urban,0,,,Fine,Null
1748090.1546,5912133.2677,750397,,511901,0,0,0,1,0,North,2022/2023,TITIRANGI ROAD,GOLF ROAD,,Non-Injury Crash,No,2023,0,North,0,0,0,Flat,0,,0,,0,Dark,292600,0,0,0,2,0,0,0,0,1,,0,0,Auckland Region,Nil,2-way,Sealed,0,0,0,0,50,0,On,0,0,,76,Auckland,Nil,0,0,0,0,0,0,Urban,1,0,0,Fine,Null
1754505.5401,5930874.0696,750398,,508520,0,,0,2,,North,2023/2024,NORTHERN MOTORWAY,UPPER HARBOUR HWY ON RAMP,,Non-Injury Crash,Yes,2023,,South,,0,,Flat,,,,,,Overcast,191107,0,0,0,3,,,0,,,,,,Auckland Region,Motorway ramp,1-way,Sealed,,0,0,,100,,Off,1,0,,76,Auckland,Nil,,,,,0,0,Open,0,,,Fine,Null
1760829.7234,5916432.1382,750404,,516002,0,,0,2,,South,2022/2023,GREEN LANE EAST,LOCHIEL ROAD,,Minor Crash,No,2023,,North,,0,,Flat,,,,,,Overcast,493700,1,0,0,2,,,0,,,,,,Auckland Region,Nil,2-way,Sealed,,0,0,,50,,Off,0,0,,76,Auckland,Nil,,,,,0,0,Urban,0,,,Fine,Null
1748413.4216,5926443.9541,750413,,513431,0,,0,2,,Null,2023/2024,JOSHUA CARDER DRIVE,TAHINGAMANU ROAD,,Minor Crash,No,2024,,South,,0,,Hill Road,,,,,,Twilight,222800,1,0,0,2,,,0,,,,,,Auckland Region,Nil,2-way,Sealed,,0,0,,50,,On,0,0,,76,Auckland,Give way,,,,,0,0,Urban,0,,,Fine,Null
1768259.5375,5897976.0888,750429,,525102,0,0,0,2,0,Null,2023/2024,CARNOUSTIE DRIVE,OAKMONT PLACE,,Minor Crash,No,2023,0,North,0,0,0,Flat,0,,0,,0,Bright sun,769018,2,0,0,2,0,0,0,0,1,1,0,0,Auckland Region,Nil,2-way,Sealed,0,0,0,0,50,0,Off,0,0,,76,Auckland,Nil,0,0,0,0,0,0,Urban,1,0,0,Fine,Null
1753830.6419,5914977.5242,750493,,518801,0,,0,1,,West,2023/2024,PARKINSON AVENUE,POTTER AVENUE,,Non-Injury Crash,No,2023,,West,,0,,Null,,,,,,Bright sun,576100,0,0,0,2,,,0,,,,,,Auckland Region,Nil,2-way,Sealed,,0,0,,30,,Off,1,0,,76,Auckland,Nil,,,,,0,0,Urban,0,,,Null,Null
1750956.1978,5918002.5951,750517,,514801,0,,0,1,,East,2023/2024,NORTH-WESTERN MOTORWAY,ROSEBANK BR,,Non-Injury Crash,Yes,2023,,West,,0,,Flat,,,,,,Bright sun,390402,0,0,0,5,,,0,,,,,,Auckland Region,Nil,1-way,Sealed,,0,0,,100,,Off,0,0,,76,Auckland,Nil,,,,,1,0,Open,0,,,Fine,Null
1761015.0852,5907308.7777,750525,,524520,0,,0,1,,Null,2023/2024,BUCKLAND ROAD,ROBERTSON ROAD,,Non-Injury Crash,No,2023,,South,,0,,Flat,,,,,,Overcast,735500,0,0,0,2,,,0,,,,,,Auckland Region,Nil,1-way,Sealed,,0,0,,50,,Off,2,0,,76,Auckland,Give way,,,,,0,0,Urban,0,,,Fine,Null
1766276.8626,5908536.0003,750533,,523402,0,0,0,1,0,North,2022/2023,GILBERT ROAD,KAITAWA STREET,,Non-Injury Crash,No,2023,0,North,0,0,0,Flat,0,,0,,0,Dark,697300,0,0,0,2,0,0,0,0,0,,0,1,Auckland Region,Nil,2-way,Sealed,0,0,0,0,50,0,On,0,0,,76,Auckland,Nil,0,0,0,1,0,0,Urban,0,0,0,Fine,Null
1752412.8438,5916062.1705,750541,,517903,0,0,0,2,0,Null,2023/2024,NEW NORTH ROAD,RICHARDSON ROAD,,Non-Injury Crash,No,2023,0,West,0,0,0,Flat,0,,0,,0,Dark,520400,0,0,0,4,0,0,0,0,0,,0,0,Auckland Region,Nil,2-way,Sealed,0,0,0,0,50,0,On,0,0,,76,Auckland,Traffic Signals,0,1,0,0,0,0,Urban,0,0,0,Light rain,Strong wind
1758104.6924,5920156.8251,750549,,514103,0,0,0,0,0,South,2024/2025,ALTEN ROAD,WYNYARD STREET,,Serious Crash,No,2024,0,South,0,0,0,Hill Road,0,,0,,1,Dark,438203,0,0,0,4,0,0,0,0,0,3,0,0,Auckland Region,Nil,2-way,Sealed,0,0,1,0,50,0,On,0,0,,76,Auckland,Nil,0,0,0,0,0,0,Urban,1,0,0,Fine,Null
1771673.6679,5889083.1189,750558,,521302,0,0,0,1,0,North,2023/2024,BURTT ROAD,CHERITON LANE,,Minor Crash,No,2024,0,North,1,0,1,Flat,0,,0,,0,Twilight,807500,1,0,0,2,0,0,0,0,0,,0,0,Auckland Region,Nil,2-way,Sealed,0,0,0,0,100,0,None,0,0,30,76,Auckland,Nil,0,0,0,0,0,0,Open,0,0,0,Fine,Null
1767799.9634,5904237.9315,750621,,524602,0,,0,2,,Null,2023/2024,GREAT SOUTH ROAD,REDOUBT ROAD,,Non-Injury Crash,No,2023,,South,,0,,Flat,,,,,,Overcast,780501,0,0,0,2,,,0,,,,,,Auckland Region,Nil,1-way,Sealed,,0,0,,50,,Off,0,0,,76,Auckland,Give way,,,,,0,0,Urban,0,,,Light rain,Null
1757567.5292,5912377.4461,750630,,519810,0,0,0,1,2,East,2023/2024,BEACHCROFT AVENUE,QUEENSTOWN ROAD,,Non-Injury Crash,No,2023,0,East,0,0,0,Hill Road,0,,0,,0,Dark,596700,0,0,0,2,0,0,0,0,0,,0,0,Auckland Region,Nil,2-way,Sealed,0,0,0,0,50,0,On,0,0,,76,Auckland,Nil,0,0,0,1,0,0,Urban,0,0,0,Fine,Null
1766032.2126,5900472.9198,750637,,524822,0,,0,2,,Null,2023/2024,ROSCOMMON ROAD,BURUNDI AVENUE,,Non-Injury Crash,No,2024,,North,,0,,Flat,,,,,,Overcast,774434,0,0,0,2,,,0,,,,,,Auckland Region,Nil,2-way,Sealed,,0,0,,50,,Off,0,0,,76,Auckland,Traffic Signals,,,,,0,0,Urban,1,,,Fine,Null
1754814.6418,5927079.1159,750638,,508620,0,,0,2,,Null,2022/2023,CORONATION ROAD,STANAWAY STREET,,Non-Injury Crash,No,2023,,West,,0,,Flat,,,,,,Bright sun,203100,0,0,0,2,,,0,,,,,,Auckland Region,Nil,2-way,Sealed,,0,0,,50,,Off,0,0,,76,Auckland,Stop,,,,,0,0,Urban,0,,,Fine,Null
1771096.1919,5896534.8738,750644,,525540,0,0,0,0,0,South,2023/2024,SOUTHERN MOTORWAY,PAHUREHURE NO 2 BR,,Minor Crash,Yes,2023,0,South,0,0,0,Flat,2,,0,,0,Dark,806204,2,0,0,3,0,0,0,0,0,,0,0,Auckland Region,Motorway ramp,1-way,Sealed,0,0,0,0,100,0,On,0,0,80,76,Auckland,Nil,0,0,0,0,0,0,Open,1,0,0,Fine,Frost
1772716.9307,5895397.048,750645,,525530,0,,0,1,,Null,2022/2023,BEACH ROAD,GREAT SOUTH ROAD,,Non-Injury Crash,No,2023,,East,,0,,Flat,,,,,,Dark,804701,0,0,0,2,,,0,,,,,,Auckland Region,Nil,2-way,Sealed,,0,0,,50,,On,0,0,,76,Auckland,Traffic Signals,,,,,1,0,Urban,0,,,Fine,Null
1755357.5461,5928991.6043,750654,,508320,0,,0,2,,Null,2022/2023,WAIRAU ROAD,HILLSIDE ROAD,,Non-Injury Crash,No,2023,,South,,0,,Flat,,,,,,Dark,196700,0,0,0,5,,,0,,,,,,Auckland Region,Nil,2-way,Sealed,,0,0,,50,,On,0,0,,76,Auckland,Traffic Signals,,,,,0,0,Urban,0,,,Fine,Null
1767826.7914,5905681.08,750678,,523722,0,,0,0,,West,2022/2023,BOUNDARY ROAD,ISRAEL AVENUE,,Serious Crash,No,2023,,East,,0,,Flat,,,,,,Bright sun,715701,0,0,0,2,,,0,,,1,,,Auckland Region,Nil,2-way,Sealed,,0,1,,50,,Off,0,0,,76,Auckland,Nil,,,,,0,0,Urban,0,,,Fine,Null
1757711.5946,5944621.202,750694,,505902,0,,0,1,,Null,2022/2023,BEACH ROAD,WHANGAPARAOA ROAD,,Minor Crash,No,2023,,South,,0,,Flat,,,,,,Twilight,174303,1,0,0,2,,,0,,,1,,,Auckland Region,Nil,2-way,Sealed,,0,0,,50,,Off,0,0,,76,Auckland,Give way,,,,,0,0,Urban,0,,,Fine,Null
1765042.3643,5910388.9194,750700,,521803,0,,0,2,,North,2022/2023,SOUTHERN MOTORWAY,PRINCES OBR,,Non-Injury Crash,Yes,2023,,South,,0,,Flat,,,,,,Overcast,790000,0,0,0,3,,,0,,,,,,Auckland Region,Nil,1-way,Sealed,,0,0,,100,,Off,0,0,,76,Auckland,Nil,,,,,0,0,Open,1,,,Light rain,Null
1746817.4932,5942738.6392,750716,,506614,0,0,0,0,0,South,2023/2024,DAIRY FLAT HIGHWAY,KAHIKATEA FLAT ROAD,,Serious Crash,No,2023,0,North,1,0,0,Flat,0,,0,,0,Overcast,177802,0,0,0,2,0,0,0,0,0,,0,0,Auckland Region,Nil,2-way,Sealed,0,0,1,0,60,0,Off,0,0,,76,Auckland,Nil,0,0,0,0,0,0,Urban,1,0,0,Fine,Null
1768194.9535,5902433.3471,750718,,524602,0,,0,1,,Null,2022/2023,ORAMS ROAD,GREAT SOUTH ROAD,,Non-Injury Crash,No,2023,,East,,0,,Flat,,,,,,Dark,780700,0,0,0,4,,,0,,,,,,Auckland Region,Nil,2-way,Sealed,,0,0,,50,,On,0,0,,76,Auckland,Traffic Signals,,,,,0,0,Urban,0,,,Fine,Null
1769747.3293,5908429.6239,750724,,523115,0,,0,2,,Null,2023/2024,ACCENT DRIVE,WAYNE FRANCIS DRIVE,,Minor Crash,No,2023,,South,,0,,Flat,,,,,,Bright sun,711912,1,0,0,3,,,0,,,,,,Auckland Region,Nil,2-way,Sealed,,0,0,,60,,Off,0,0,,76,Auckland,Give way,,,,,0,0,Urban,0,,,Fine,Null
1758800.9111,5912420.6693,750725,,519820,0,,0,1,,Null,2023/2024,SELWYN STREET,ARTHUR STREET,,Non-Injury Crash,No,2024,,North,,0,,Flat,,,,,,Bright sun,600400,0,0,0,2,,,0,,,,,,Auckland Region,Nil,2-way,Sealed,,0,0,,50,,Off,1,0,,76,Auckland,Stop,,,,,0,0,Urban,0,,,Fine,Null
1768998.2027,5915984.3634,750734,,522730,0,,0,2,,Null,2023/2024,PRINCE REGENT DRIVE,HIMALAYA DRIVE,,Minor Crash,No,2023,,North,,0,,Flat,,,,,,Bright sun,679600,1,0,0,2,,,0,,,,,,Auckland Region,Nil,2-way,Sealed,,0,0,,50,,Off,0,0,,76,Auckland,Stop,,,,,0,0,Urban,0,,,Fine,Null
1751173.0772,5918033.0673,750741,,514801,0,0,0,1,0,Null,2023/2024,GREAT NORTH ROAD OFF RAMP,SH 20,,Minor Crash,No,2024,0,East,0,0,0,Hill Road,1,,0,,0,Dark,390402,1,0,0,2,0,0,0,0,0,,0,0,Auckland Region,Motorway ramp,1-way,Sealed,0,0,0,0,100,0,On,0,0,,76,Auckland,Nil,0,0,0,0,0,0,Open,0,0,0,Light rain,Null
1764426.8714,5904935.8317,750748,,522100,0,,0,2,,South,2022/2023,WYLLIE ROAD,PAH ROAD,,Minor Crash,No,2023,,North,,0,,Flat,,,,,,Bright sun,659200,2,0,0,2,,,0,,,,,,Auckland Region,Nil,2-way,Sealed,,0,0,,50,,Off,0,0,,76,Auckland,Nil,,,,,1,0,Urban,1,,,Fine,Null
1759782.2955,5915854.3764,750766,,519200,0,,0,2,,North,2022/2023,GREAT SOUTH ROAD,GREEN LANE WEST,,Minor Crash,No,2023,,South,,0,,Flat,,,,,,Overcast,616000,1,0,0,4,,,0,,,,,,Auckland Region,Nil,2-way,Sealed,,0,0,,50,,Off,0,0,,76,Auckland,Nil,,,,,0,0,Urban,0,,,Fine,Null
1763627.6681,5907858.7279,750773,,521902,0,0,0,2,0,North,2023/2024,HOSPITAL ROAD,HOSPITAL ENT N,,Non-Injury Crash,No,2023,0,North,0,0,0,Flat,0,,0,,0,Dark,786400,0,0,0,2,0,0,0,0,1,,0,0,Auckland Region,Nil,2-way,Sealed,0,0,0,0,20,0,On,0,0,,76,Auckland,Nil,0,0,0,0,0,0,Urban,0,0,0,Light rain,Null
1743368.9887,5923638.0098,750781,,513511,0,0,0,2,0,South,2023/2024,DON BUCK ROAD,FRED TAYLOR DRIVE,,Non-Injury Crash,No,2023,0,South,0,0,1,Hill Road,0,,0,,0,Dark,224306,0,0,0,2,0,0,0,0,0,,0,0,Auckland Region,Nil,2-way,Sealed,0,0,0,0,50,0,On,0,0,,76,Auckland,Nil,0,0,0,0,0,0,Urban,0,0,0,Heavy rain,Null
1751775.8372,5938928.1884,750788,,506003,0,0,0,1,0,North,2022/2023,NORTHERN MOTORWAY,AWANOHI OBR,,Non-Injury Crash,Yes,2023,0,South,0,0,0,Hill Road,1,,0,,0,Overcast,175818,0,0,0,2,0,0,0,0,0,,0,0,Auckland Region,Bridge,1-way,Sealed,0,0,0,0,100,0,None,0,0,,76,Auckland,Nil,0,0,0,0,0,0,Open,0,0,0,Light rain,Null
1759943.7697,5903674.3849,750789,,524200,0,,0,1,,East,2022/2023,TOM PEARCE DRIVE,JIMMY WARD CRESCENT,,Non-Injury Crash,No,2023,,East,,0,,Flat,,,,,,Bright sun,727200,0,0,0,2,,,0,,,,,,Auckland Region,Nil,2-way,Sealed,,0,0,,50,,Off,0,0,,76,Auckland,Nil,,,,,1,0,Urban,0,,,Fine,None
1779562.0518,5915901.2254,750790,,523300,0,,0,1,,North,2023/2024,WHITFORD MARAETAI ROAD,BEACHLANDS ROAD,,Minor Crash,No,2024,,East,,0,,Hill Road,,,,,,Dark,719400,1,0,0,2,,,0,,,,,,Auckland Region,Nil,2-way,Unsealed,,0,0,,80,,None,0,0,,76,Auckland,Nil,,,,,0,0,Open,0,,,Fine,Null
1758059.2294,5917906.5943,750805,,515700,0,0,0,0,0,North,2023/2024,SOUTHERN MOTORWAY,GILLIES OBR,,Non-Injury Crash,Yes,2024,0,South,0,0,0,Flat,1,,0,,0,Dark,443200,0,0,0,4,0,0,0,0,0,,0,0,Auckland Region,Bridge,1-way,Sealed,0,0,0,0,80,0,On,0,0,,76,Auckland,Nil,0,0,0,0,0,0,Open,1,0,0,Fine,Null
1756572.7245,5926847.1366,750812,,507900,0,,0,3,,South,2022/2023,NORTHERN MOTORWAY,NORTHCOTE ROAD ON RAMP,,Non-Injury Crash,Yes,2023,,South,,0,,Flat,,,,,,Bright sun,303902,0,0,0,3,,,0,,,,,,Auckland Region,Nil,1-way,Sealed,,0,0,,100,,Off,0,0,,76,Auckland,Nil,,,,,0,0,Open,0,,,Fine,Null