X,Y,OBJECTID,advisorySpeed,areaUnitID,bicycle,bridge,bus,carStationWagon,cliffBank,crashDirectionDescription,crashFinancialYear,crashLocation1,crashLocation2,crashRoadSideRoad,crashSeverity,crashSHDescription,crashYear,debris,directionRoleDescription,ditch,fatalCount,fence,flatHill,guardRail,holiday,houseOrBuilding,intersection,kerb,light,meshblockId,minorInjuryCount,moped,motorcycle,NumberOfLanes,objectThrownOrDropped,otherObject,otherVehicleType,overBank,parkedVehicle,pedestrian,phoneBoxEtc,postOrPole,region,roadCharacter,roadLane,roadSurface,roadworks,schoolBus,seriousInjuryCount,slipOrFlood,speedLimit,strayAnimal,streetLight,suv,taxi,temporarySpeedLimit,tlaId,tlaName,trafficControl,trafficIsland,trafficSign,train,tree,truck,unknownVehicleType,urban,vanOrUtility,vehicle,waterRiver,weatherA,weatherB
1761227.1497,5914648.9539,750814,,520202,0,0,0,1,0,North,2023/2024,SOUTHERN MOTORWAY,ELLERSLIE-PANMURE HWY OFF RAMP,,Minor Crash,Yes,2023,0,South,0,0,0,Flat,1,,0,,0,Bright sun,612100,1,0,0,3,0,0,0,0,0,,0,0,Auckland Region,Nil,1-way,Sealed,0,0,0,0,100,0,Off,0,0,,76,Auckland,Nil,0,0,0,0,0,0,Open,2,0,0,Fine,Null
1761382.577,5914323.6234,750820,,520202,0,,0,1,,North,2022/2023,SOUTHERN MOTORWAY,PENROSE INT N,,Non-Injury Crash,Yes,2023,,South,,0,,Hill Road,,,,,,Dark,612501,0,0,0,3,,,0,,,,,,Auckland Region,Motorway ramp,1-way,Sealed,,0,0,,100,,On,0,0,,76,Auckland,Nil,,,,,0,0,Open,0,,,Fine,Null
1768781.5582,5905970.6852,750845,,523711,0,,0,0,,North,2024/2025,DAWSON ROAD,TE IRIRANGI DRIVE,,Minor Crash,No,2025,,South,,0,,Flat,,,,,,Dark,713005,1,1,0,2,,,0,,,,,,Auckland Region,Nil,2-way,Sealed,,0,0,,50,,On,0,0,,76,Auckland,Nil,,,,,0,0,Urban,0,,,Fine,Strong wind
1755779.7184,5921150.9044,750853,,515202,0,0,0,0,0,West,2023/2024,NORTHERN MOTORWAY,FANSHAWE STREET ON RAMP,,Non-Injury Crash,Yes,2024,0,North,0,0,0,Flat,1,,0,,0,Bright sun,425600,0,0,0,4,0,0,0,0,0,,0,0,Auckland Region,Nil,1-way,Sealed,0,0,0,0,80,0,Off,1,0,,76,Auckland,Nil,0,0,0,0,0,0,Open,0,0,0,Fine,Null
1773294.8299,5896531.0015,750861,,525620,0,0,0,2,0,South,2023/2024,CLEVEDON ROAD,KEENEY COURT,,Non-Injury Crash,No,2024,0,East,0,0,0,Flat,0,,0,,0,Bright sun,797000,0,0,0,2,0,0,0,0,1,,0,0,Auckland Region,Nil,2-way,Sealed,0,0,0,0,50,0,Off,0,0,,76,Auckland,Nil,0,0,0,0,0,0,Urban,0,0,0,Fine,Null
1754465.6486,5912735.3441,750877,,519001,0,,0,0,,Null,2024/2025,RICHARDSON ROAD,FREER STREET,,Serious Crash,No,2024,,Null,,0,,Flat,,,,,,Overcast,588600,0,0,1,2,,,0,,,,,,Auckland Region,Nil,2-way,Sealed,,0,1,,50,,Off,0,0,,76,Auckland,Give way,,,,,0,0,Urban,0,,,Fine,Null
1766973.5708,5903698.0144,750909,45,524602,0,,0,1,,Null,2022/2023,DRUCES ROAD,WIRI STATION ROAD,,Non-Injury Crash,No,2023,,North,,0,,Flat,,,,,,Bright sun,780404,0,0,0,3,,,0,,,,,,Auckland Region,Nil,1-way,Sealed,,0,0,,50,,Off,1,0,,76,Auckland,Traffic Signals,,,,,0,0,Urban,0,,,Fine,None
1757469.186,5927201.9166,750926,,508010,0,0,0,2,0,North,2022/2023,KILLARNEY STREET,ANDER PLACE,,Non-Injury Crash,No,2023,0,West,0,0,0,Flat,0,,0,,0,Overcast,327400,0,0,0,2,0,0,0,0,1,,0,0,Auckland Region,Nil,2-way,Sealed,0,0,0,0,50,0,Off,0,0,,76,Auckland,Nil,0,0,0,0,0,0,Urban,0,0,0,Fine,Null
1752614.1538,5916847.676,750933,,517800,0,0,0,1,1,South,2023/2024,CARRINGTON ROAD,WOODWARD ROAD,,Non-Injury Crash,No,2024,0,North,0,0,0,Flat,0,Easter,0,,0,Dark,525600,0,0,0,2,0,0,0,0,0,,0,0,Auckland Region,Nil,2-way,Sealed,0,0,0,0,50,0,On,0,0,,76,Auckland,Nil,0,0,0,0,0,0,Urban,0,0,0,Fine,Null
1769603.9303,5905403.096,750950,,523712,0,,0,1,,Null,2023/2024,THOMAS ROAD,ASPIRING AVENUE,,Minor Crash,No,2023,,East,,0,,Hill Road,,,,,,Bright sun,716202,1,0,0,2,,,0,,,,,,Auckland Region,Nil,2-way,Sealed,,0,0,,50,,Off,1,0,,76,Auckland,Give way,,,,,0,0,Urban,0,,,Fine,Null
1747386.0231,5914554.434,750958,,511800,0,,0,2,,Null,2023/2024,GLENVIEW ROAD,SARONA AVENUE,,Non-Injury Crash,No,2023,,South,,0,,Hill Road,,,,,,Bright sun,277902,0,0,0,3,,,0,,,,,,Auckland Region,Nil,2-way,Sealed,,0,0,,50,,Off,0,0,,76,Auckland,Stop,,,,,0,0,Urban,0,,,Fine,Null
1755021.0856,5938453.3779,750980,,508900,0,,0,0,,West,2023/2024,GLENVAR RIDGE ROAD,BIGHT ROAD,,Minor Crash,No,2023,,East,,0,,Flat,,,,,,Bright sun,178310,1,0,0,2,,,0,,,1,,,Auckland Region,Nil,2-way,Sealed,,0,0,,50,,None,1,0,,76,Auckland,Nil,,,,,0,0,Urban,0,,,Fine,Strong wind
1768319.6964,5911731.0857,750981,,523107,0,,0,3,,West,2023/2024,TI RAKAU DRIVE,TRUGOOD DRIVE,,Non-Injury Crash,No,2023,,East,,0,,Flat,,,,,,Bright sun,711408,0,0,0,4,,,0,,,,,,Auckland Region,Nil,2-way,Sealed,,0,0,,60,,Off,0,0,,76,Auckland,Nil,,,,,0,0,Urban,1,,,Fine,Null
1772857.629,5895467.3816,751029,,525520,0,,0,1,,South,2024/2025,LIVERPOOL STREET,SETTLEMENT ROAD,,Non-Injury Crash,No,2024,,East,,0,,Flat,,,,,,Overcast,801700,0,0,0,2,,,0,,,,,,Auckland Region,Nil,2-way,Sealed,,0,0,,50,,Off,1,0,,76,Auckland,Nil,,,,,0,0,Urban,0,,,Fine,Null
1757884.9732,5918095.4262,751045,,515700,0,,0,2,,North,2023/2024,SOUTHERN MOTORWAY,MAUNGAWHAU OBR,,Non-Injury Crash,Yes,2024,,North,,0,,Flat,,,,,,Bright sun,443600,0,0,0,4,,,0,,,,,,Auckland Region,Motorway ramp,1-way,Sealed,,0,0,,80,,None,1,0,,76,Auckland,Nil,,,,,0,0,Open,0,,,Fine,Null
1751909.0986,5948317.808,751046,,505805,0,,0,1,,North,2023/2024,HIBISCUS COAST HIGHWAY,OREWA RIV BR,,Non-Injury Crash,No,2024,,North,,0,,Flat,,,,,,Overcast,172401,0,0,1,2,,,0,,,,,,Auckland Region,Nil,2-way,Sealed,,0,0,,50,,Off,0,0,,76,Auckland,Nil,,,,,0,0,Urban,0,,,Fine,Strong wind
1764102.0992,5907046.4013,751053,,522201,0,,0,1,,Null,2023/2024,SWAFFIELD ROAD,MIDDLEMORE CRESCENT,,Minor Crash,No,2023,,South,,0,,Flat,,,,,,Bright sun,660600,1,0,0,2,,,0,,,,,,Auckland Region,Nil,2-way,Sealed,,0,0,,50,,Off,0,0,,76,Auckland,Give way,,,,,0,1,Urban,0,,,Fine,None
1764161.9882,5910126.6203,751069,,521901,0,,0,2,,Null,2023/2024,PRINCES STREET,ATKINSON AVENUE,,Non-Injury Crash,No,2024,,East,,0,,Flat,,,,,,Bright sun,782400,0,0,0,3,,,0,,,,,,Auckland Region,Nil,2-way,Sealed,,0,0,,50,,Off,0,0,,76,Auckland,Traffic Signals,,,,,0,0,Urban,0,,,Fine,None
1763179.5738,5908244.7725,751070,,524402,0,0,0,1,0,Null,2023/2024,OFF ROAD - SAVILL DRIVE SHOPS - CAR PARK ,,,Minor Crash,No,2023,0,West,0,0,0,Flat,0,,0,,0,Overcast,750000,1,0,0,,0,1,0,0,0,1,0,0,Auckland Region,Nil,Off road,Sealed,0,0,0,0,,0,Off,0,0,,76,Auckland,Nil,0,0,0,0,0,0,Urban,0,0,0,Fine,Null
1753493.5375,5913053.1358,751077,,518901,0,,0,2,,Null,2024/2025,WHITE SWAN ROAD,PASCOE STREET,,Minor Crash,No,2024,,North,,0,,Flat,,,,,,Dark,584800,1,0,0,2,,,0,,,,,,Auckland Region,Nil,2-way,Sealed,,0,0,,50,,On,0,0,,76,Auckland,Stop,,,,,0,0,Urban,0,,,Fine,Null
1739874.3459,5981474.2906,751078,75,506660,0,0,0,1,1,North,2023/2024,WAYBY VALLEY ROAD,WILSON ROAD,,Non-Injury Crash,No,2024,0,North,0,0,0,Flat,0,,0,,0,Overcast,136700,0,0,0,2,0,0,0,0,0,,0,0,Auckland Region,Nil,2-way,Sealed,0,0,0,0,100,0,None,0,0,,76,Auckland,Nil,0,0,0,0,0,0,Open,0,0,0,Fine,Null
1750612.3529,5918008.292,751085,,514801,0,0,0,1,0,West,2023/2024,NORTH-WESTERN MOTORWAY,ROSEBANK BR,,Non-Injury Crash,Yes,2023,0,West,0,0,0,Flat,1,,0,,0,Dark,390401,0,0,0,5,0,0,0,0,0,,0,0,Auckland Region,Nil,1-way,Sealed,0,0,0,0,100,0,On,0,0,,76,Auckland,Nil,0,0,0,0,0,0,Open,0,0,0,Fine,Null
1768778.2342,5905021.137,751086,,523722,0,,0,1,,Null,2023/2024,ASPIRING AVENUE,HOLLYFORD DRIVE,,Minor Crash,No,2024,,West,,0,,Flat,,,,,,Bright sun,716013,1,0,0,2,,,0,,,1,,,Auckland Region,Nil,2-way,Sealed,,0,0,,50,,Off,0,0,,76,Auckland,Give way,,,,,0,0,Urban,0,,,Fine,Null
1758862.7777,5907877.2698,751102,,524002,0,0,0,1,0,South,2023/2024,KIRKBRIDE ROAD,TAPUWAE WAY,,Non-Injury Crash,No,2024,0,South,0,0,0,Flat,0,,0,,0,Dark,725601,0,0,0,2,0,0,0,0,0,,0,0,Auckland Region,Nil,2-way,Sealed,0,0,0,0,50,0,On,0,0,,76,Auckland,Nil,0,0,0,1,0,0,Urban,0,0,0,Fine,Null
1772470.6406,5897116.3011,751109,,525630,0,0,0,1,0,Null,2024/2025,PORCHESTER ROAD,TAUARAI PLACE,,Minor Crash,No,2025,0,South,0,0,0,Flat,0,,0,,0,Dark,794700,1,0,0,2,0,0,0,0,0,,0,2,Auckland Region,Nil,2-way,Sealed,0,0,0,0,50,0,On,0,0,30,76,Auckland,Nil,0,0,0,0,0,0,Urban,0,0,0,Fine,Null
1756618.0579,5924777.839,751117,,509702,0,,0,1,,North,2024/2025,NORTHERN MOTORWAY,ONEWA ROAD OFF RAMP,,Non-Injury Crash,Yes,2024,,South,,0,,Null,,,,,,Unknown,366602,0,0,0,3,,,0,,,,,,Auckland Region,Nil,1-way,Sealed,,0,0,,100,,Null,0,0,,76,Auckland,Nil,,,,,1,0,Open,0,,,Fine,Null
1766259.8348,5908515.353,751126,,523402,0,0,0,1,0,Null,2023/2024,GILBERT ROAD,KAITAWA STREET,,Minor Crash,No,2024,0,North,0,0,0,Flat,0,,0,,0,Overcast,697300,3,0,0,2,0,0,0,0,0,,0,1,Auckland Region,Nil,2-way,Sealed,0,0,0,0,50,0,Off,0,0,,76,Auckland,Nil,0,0,0,1,0,0,Urban,0,0,0,Light rain,Null
1755589.3381,5926427.6303,751134,,509701,0,0,0,2,0,South,2023/2024,OCEAN VIEW ROAD,HILLCREST AVENUE,,Minor Crash,No,2024,0,South,0,0,0,Hill Road,0,,0,,0,Twilight,363902,1,0,0,2,0,0,0,0,1,,0,0,Auckland Region,Nil,2-way,Sealed,0,0,0,0,50,0,On,0,0,30,76,Auckland,Nil,0,0,0,0,0,0,Urban,0,0,0,Fine,Frost
1743674.4972,5919355.2518,751165,,513213,0,,0,1,,Null,2024/2025,SWANSON ROAD,DON BUCK ROAD,,Minor Crash,No,2024,,North,,0,,Null,,,,,,Overcast,235802,1,0,0,2,,,0,,,,,,Auckland Region,Nil,1-way,Null,,0,0,,50,,Off,0,0,,76,Auckland,Give way,,,,,0,0,Urban,0,,,Fine,Null
1741030.7394,5915100.5682,751173,,513020,0,0,0,1,0,East,2024/2025,HENDERSON VALLEY ROAD,OPANUKU ROAD,,Minor Crash,No,2024,0,West,1,0,0,Hill Road,0,,0,,0,Dark,280103,2,0,0,2,0,0,0,0,0,,0,0,Auckland Region,Nil,2-way,Sealed,0,0,0,0,60,0,On,0,0,,76,Auckland,Nil,0,0,0,0,0,0,Urban,0,0,0,Fine,Null
1758375.1017,5917898.0106,751198,,517400,0,0,0,2,0,Null,2023/2024,MORTIMER PASS,BROADWAY,,Non-Injury Crash,No,2023,0,East,0,0,0,Flat,0,,0,,0,Bright sun,451300,0,0,0,2,0,1,0,0,0,,0,0,Auckland Region,Nil,1-way,Sealed,0,0,0,0,50,0,Off,0,0,,76,Auckland,Traffic Signals,0,0,0,0,0,0,Urban,0,0,0,Fine,Null
1764021.7395,5916920.2342,751205,,516302,0,,0,2,,Null,2023/2024,COLLEGE ROAD,MERTON ROAD,,Non-Injury Crash,No,2024,,North,,0,,Hill Road,,,,,,Overcast,463706,0,0,0,4,,,0,,,,,,Auckland Region,Nil,2-way,Sealed,,0,0,,50,,Off,0,0,,76,Auckland,Give way,,,,,0,0,Urban,0,,,Fine,Null
1752919.2256,5916580.6002,751213,,517800,0,0,0,4,0,Null,2024/2025,MOUNT ALBERT ROAD,NEW NORTH ROAD,,Minor Crash,No,2025,0,South,0,0,0,Flat,0,,0,,0,Overcast,527800,1,0,0,3,0,0,0,0,1,,0,0,Auckland Region,Nil,2-way,Sealed,0,0,0,0,50,0,Off,0,0,,76,Auckland,Nil,0,0,0,0,0,0,Urban,0,0,0,Light rain,Null
1755948.0686,5918534.5637,751221,,517500,0,,0,2,,North,2023/2024,NORTH-WESTERN MOTORWAY,NEWTON ROAD ON RAMP,,Non-Injury Crash,Yes,2024,,South,,0,,Flat,,,,,,Dark,529200,0,0,0,4,,,0,,,,,,Auckland Region,Nil,1-way,Sealed,,0,0,,80,,On,1,0,,76,Auckland,Nil,,,,,0,0,Open,0,,,Light rain,Null
1754442.0952,5930969.6819,751222,,508520,0,,0,1,,South,2022/2023,UPPER HARBOUR HWY ON RAMP,SUNSET OBR,,Non-Injury Crash,Yes,2023,,South,,0,,Flat,,,,,,Bright sun,191107,0,0,0,2,,,0,,,,,,Auckland Region,Motorway ramp,1-way,Sealed,,0,0,,100,,Off,0,0,,76,Auckland,Nil,,,,,1,0,Open,0,,,Fine,Null
1751689.7363,5931777.6781,751236,,508807,1,,0,1,,South,2022/2023,WILLIAM PICKERING DRIVE,DOUGLAS ALEXANDER PARADE,,Minor Crash,No,2023,,South,,0,,Flat,,,,,,Overcast,180301,1,0,0,2,,,0,,,1,,,Auckland Region,Nil,2-way,Sealed,,0,0,,50,,Off,0,0,,76,Auckland,Nil,,,,,0,0,Urban,0,,,Fine,Null
1752802.9011,5919341.7053,751254,,515100,0,0,0,1,0,East,2023/2024,MEOLA ROAD,MOA ROAD,,Minor Crash,No,2023,0,East,0,0,0,Flat,0,,0,,0,Bright sun,396700,1,0,0,2,0,0,0,0,1,,0,0,Auckland Region,Nil,2-way,Sealed,0,0,0,0,50,0,Off,2,0,,76,Auckland,Nil,0,0,0,0,0,0,Urban,0,0,0,Fine,Null
1745126.1106,5924404.9641,751260,,513522,1,,0,1,,Null,2022/2023,HOBSONVILLE ROAD,LUCKENS ROAD,,Minor Crash,No,2023,,West,,0,,Flat,,,,,,Bright sun,224130,1,0,0,2,,,0,,,,,,Auckland Region,Nil,2-way,Sealed,,0,0,,50,,None,0,0,,76,Auckland,Give way,,,,,0,0,Urban,0,,,Fine,Null
1754368.8654,5931023.65,751261,,508520,0,,0,3,,South,2022/2023,NORTHERN MOTORWAY,SUNSET OBR,,Non-Injury Crash,Yes,2023,,South,,0,,Flat,,,,,,Bright sun,191105,0,0,0,2,,,0,,,,,,Auckland Region,Nil,1-way,Sealed,,0,0,,100,,Off,0,0,,76,Auckland,Nil,,,,,0,0,Open,1,,,Fine,Null
1764525.2527,5916904.1512,751285,,520301,0,,0,2,,West,2023/2024,MERTON ROAD,HOWARD HUNTER AVENUE,,Non-Injury Crash,No,2023,,West,,0,,Flat,,,,,,Bright sun,465302,0,0,0,2,,,0,,,,,,Auckland Region,Nil,2-way,Sealed,,0,0,,50,,Off,0,0,,76,Auckland,Nil,,,,,0,0,Urban,0,,,Fine,Null
1771138.5532,5900368.1479,751301,,523817,0,0,0,0,0,West,2023/2024,SHERIFF PLACE,PORCHESTER ROAD,,Minor Crash,No,2023,0,East,0,0,0,Flat,0,,0,,0,Bright sun,759732,1,0,0,2,0,0,0,0,1,,0,0,Auckland Region,Nil,2-way,Sealed,0,0,0,0,50,0,Off,1,0,,76,Auckland,Nil,0,0,0,0,1,0,Urban,0,0,0,Fine,Null
1764095.8988,5911574.3815,751310,,520500,0,0,0,1,0,Null,2022/2023,MOUNT WELLINGTON HIGHWAY,PANAMA ROAD,,Non-Injury Crash,No,2023,0,South,0,0,0,Flat,0,,0,,0,Dark,636400,0,0,0,1,0,0,0,0,0,,0,0,Auckland Region,Nil,1-way,Sealed,0,0,0,0,50,0,On,0,0,,76,Auckland,Traffic Signals,0,1,0,0,0,0,Urban,0,0,0,Fine,Null
1756075.6002,5919092.5845,751333,,515500,0,,0,1,,Null,2023/2024,GREAT NORTH ROAD,POLLEN STREET,,Minor Crash,No,2023,,North,,0,,Flat,,,,,,Bright sun,417700,1,0,1,2,,,0,,,,,,Auckland Region,Nil,2-way,Sealed,,0,0,,50,,Off,0,0,,76,Auckland,Give way,,,,,0,0,Urban,0,,,Fine,Null
1755053.9991,5929195.5941,751341,,508420,0,,0,1,,Null,2022/2023,WAIRAU ROAD,TARGET ROAD,,Non-Injury Crash,No,2023,,North,,0,,Hill Road,,,,,,Bright sun,183800,0,0,0,5,,,0,,,,,,Auckland Region,Nil,2-way,Sealed,,0,0,,50,,Off,0,0,,76,Auckland,Traffic Signals,,,,,0,0,Urban,1,,,Fine,Null
1752328.8455,5936720.2422,751350,,506300,0,,0,1,,South,2024/2025,NORTHERN MOTORWAY,LONELY TRACK OBR,,Minor Crash,Yes,2024,,South,,0,,Hill Road,,,,,,Dark,176106,1,0,1,3,,,0,,,,,,Auckland Region,Nil,1-way,Sealed,,0,0,,100,,None,1,0,,76,Auckland,Nil,,,,,0,0,Open,0,,,Light rain,Null
1750914.7336,5915839.1887,751374,,514802,0,0,0,1,0,East,2022/2023,VICTOR STREET,HIGHBURY STREET,,Non-Injury Crash,No,2023,0,West,0,0,0,Flat,0,,0,,0,Dark,390100,0,0,0,2,0,0,0,0,0,,0,0,Auckland Region,Nil,2-way,Sealed,0,0,0,0,50,0,On,0,0,,76,Auckland,Nil,1,0,0,0,0,0,Urban,0,0,0,Fine,Null
1747290.921,5909879.4868,751380,,512000,0,0,0,2,0,North,2022/2023,SOUTH TITIRANGI ROAD,GRENDON ROAD,,Minor Crash,No,2023,0,South,0,0,0,Flat,0,Christmas New Year,0,,1,Dark,296000,1,0,0,2,0,0,0,0,1,,0,1,Auckland Region,Nil,2-way,Sealed,0,0,0,0,50,0,Off,0,0,,76,Auckland,Nil,0,0,0,0,0,0,Urban,0,0,0,Light rain,Null
1770460.7845,5904575.5115,751382,,523820,0,0,0,2,0,Null,2023/2024,REDOUBT ROAD,MURPHYS ROAD,,Minor Crash,No,2023,0,South,1,0,0,Flat,0,,0,,0,Bright sun,760000,1,0,0,2,0,0,0,0,0,,0,0,Auckland Region,Nil,2-way,Sealed,0,0,0,0,50,0,Off,0,0,,76,Auckland,Give way,0,0,0,0,0,0,Urban,0,0,0,Fine,Null
1769826.8878,5899432.7358,751389,,523920,0,,0,4,,South,2023/2024,GREAT SOUTH ROAD,MANUREWA-TAKANINI ON RAMP,,Minor Crash,No,2023,,North,,0,,Flat,,Christmas New Year,,,,Bright sun,767922,1,0,0,2,,,0,,,,,,Auckland Region,Motorway ramp,1-way,Sealed,,0,0,,50,,Null,0,0,,76,Auckland,Nil,,,,,0,0,Urban,0,,,Fine,Frost
1745743.0374,5917223.1387,751390,,510800,0,,0,2,,Null,2022/2023,GREAT NORTH ROAD,EDMONTON ROAD,,Non-Injury Crash,No,2023,,West,,0,,Flat,,,,,,Overcast,243300,0,0,0,5,,,0,,,,,,Auckland Region,Nil,2-way,Sealed,,0,0,,50,,None,0,0,,76,Auckland,Traffic Signals,,,,,0,0,Urban,0,,,Fine,Null
1773245.8628,5899600.7743,751405,,523912,0,,0,1,,Null,2023/2024,MILL ROAD,AIRFIELD ROAD,,Non-Injury Crash,No,2024,,North,,0,,Flat,,,,,,Overcast,765401,0,0,0,2,,,0,,,,,,Auckland Region,Nil,2-way,Sealed,,0,0,,80,,Off,1,0,,76,Auckland,Give way,,,,,0,0,Open,0,,,Heavy rain,Null
1760124.7396,5907098.6383,751421,45,524111,0,,0,2,,Null,2022/2023,BADER DRIVE,ORLY AVENUE,,Non-Injury Crash,No,2023,,West,,0,,Flat,,,,,,Bright sun,740500,0,0,0,4,,,0,,,,,,Auckland Region,Nil,2-way,Sealed,,0,0,,50,,Off,0,0,,76,Auckland,Give way,,,,,0,0,Urban,0,,,Fine,None
1759881.2743,5908768.5072,751453,,524403,0,1,0,1,0,Null,2022/2023,WALMSLEY ROAD OFF RAMP,WALMSLEY ROAD,,Non-Injury Crash,No,2023,0,South,0,0,0,Flat,0,,0,,1,Dark,729600,0,0,0,2,0,0,0,0,0,,0,0,Auckland Region,Motorway ramp,1-way,Sealed,0,0,0,0,50,0,On,0,0,,76,Auckland,Traffic Signals,0,0,0,0,0,0,Urban,0,0,0,Fine,Null
1759688.1295,5906871.097,751460,,524111,0,0,0,2,0,North,2023/2024,ORLY AVENUE,STAVERTON CRESCENT,,Serious Crash,No,2023,0,North,0,0,0,Flat,0,,0,,1,Overcast,740000,1,0,0,2,0,0,0,0,0,,0,0,Auckland Region,Nil,2-way,Sealed,0,0,2,0,50,0,Off,0,0,,76,Auckland,Nil,0,0,0,0,0,0,Urban,0,0,0,Mist or Fog,Null
1774181.0209,5895668.0254,751476,,525510,0,0,0,1,0,Null,2022/2023,HUNUA ROAD,CALVERT STREET,,Non-Injury Crash,No,2023,0,North,0,0,0,Flat,0,,0,,0,Overcast,801500,0,0,0,2,0,0,0,0,1,,0,1,Auckland Region,Nil,2-way,Sealed,0,0,0,0,50,0,None,0,0,,76,Auckland,Nil,0,0,0,0,0,0,Urban,1,0,0,Fine,Null
1756015.0099,5913836.9382,751477,,518500,0,,0,2,,Null,2023/2024,MOUNT ALBERT ROAD,FROST ROAD,,Non-Injury Crash,No,2024,,South,,0,,Flat,,,,,,Bright sun,563300,0,0,0,2,,,0,,,,,,Auckland Region,Nil,2-way,Sealed,,0,0,,50,,Off,0,0,,76,Auckland,Traffic Signals,,,,,0,0,Urban,0,,,Fine,Null
1748999.9986,5970838.7075,751492,,505500,0,,0,1,,North,2024/2025,SANDSPIT ROAD,MATAKANA ROAD,,Serious Crash,No,2024,,North,,0,,Hill Road,,,,,,Twilight,139900,1,0,0,2,,,0,,,,,,Auckland Region,Nil,2-way,Sealed,,0,1,,50,,On,1,0,,76,Auckland,Nil,,,,,0,0,Urban,0,,,Heavy rain,Null
1758754.2584,5916411.82,751524,,519200,0,0,0,0,0,North,2022/2023,MARKET ROAD,CORNWALL PARK AVENUE,,Non-Injury Crash,No,2023,0,South,0,0,0,Flat,0,,0,,0,Bright sun,614900,0,0,0,2,0,0,0,0,1,,0,0,Auckland Region,Nil,2-way,Sealed,0,0,0,0,50,0,Off,1,0,,76,Auckland,Nil,0,0,0,0,0,0,Urban,1,0,0,Fine,Null
1756539.5783,5927671.3907,751533,,507900,0,,2,0,,Null,2024/2025,TAHAROTO ROAD,THE BOULEVARD,,Minor Crash,No,2025,,North,,0,,Flat,,,,,,Bright sun,305202,2,0,0,4,,,0,,,,,,Auckland Region,Nil,2-way,Sealed,,1,0,,50,,Off,0,0,,76,Auckland,Give way,,,,,0,0,Urban,0,,,Fine,Null
1757826.6384,5883446.8599,751548,,521152,0,0,0,0,0,North,2022/2023,GLENBROOK ROAD,CONROY ROAD,,Non-Injury Crash,No,2023,0,South,0,0,1,Hill Road,0,,0,,0,Overcast,834503,0,0,0,3,0,0,0,0,0,,0,0,Auckland Region,Nil,2-way,Sealed,0,0,0,0,80,0,None,0,0,,76,Auckland,Nil,0,0,0,0,1,0,Open,0,0,0,Light rain,Null
1772415.0247,5896296.6748,751564,,525410,0,,1,1,,Null,2023/2024,ELLIOT STREET,WOOD STREET,,Non-Injury Crash,No,2023,,East,,0,,Flat,,,,,,Bright sun,791802,0,0,0,2,,,0,,,,,,Auckland Region,Nil,2-way,Sealed,,0,0,,50,,Off,1,0,,76,Auckland,Stop,,,,,0,0,Urban,0,,,Fine,Null
1756880.8995,5913573.9167,751565,,518702,0,0,0,2,0,North,2024/2025,HILLSBOROUGH ROAD,BUDOCK ROAD,,Minor Crash,No,2024,0,South,0,0,0,Hill Road,0,,0,,0,Bright sun,567500,1,0,0,2,0,0,0,0,1,,0,0,Auckland Region,Nil,2-way,Sealed,0,0,0,0,50,0,Off,0,0,,76,Auckland,Nil,0,0,0,0,0,0,Urban,0,0,0,Fine,Null
1755283.9733,5935359.7642,751579,,507101,0,0,0,2,0,West,2023/2024,WOODLANDS CRESCENT,CAPRICORN PLACE,,Minor Crash,No,2023,1,North,0,0,1,Hill Road,0,,0,,0,Dark,161600,4,0,0,2,0,0,0,0,0,,0,1,Auckland Region,Speed hump,2-way,Sealed,0,0,0,0,50,0,On,0,0,,76,Auckland,Nil,0,0,0,0,0,0,Urban,0,0,0,Fine,Null
1771682.6701,5912959.4651,751580,,523102,0,,0,2,,Null,2022/2023,WHITFORD ROAD,MEADOWLAND DRIVE,,Non-Injury Crash,No,2023,,North,,0,,Flat,,,,,,Dark,711005,0,0,0,4,,,0,,,,,,Auckland Region,Nil,2-way,Sealed,,0,0,,50,,On,0,0,,76,Auckland,Give way,,,,,0,0,Urban,0,,,Light rain,Null
1751605.0093,5918043.9072,751596,,515001,0,,0,0,,West,2024/2025,GREAT NORTH ROAD ON RAMP,GT NORTH OBR,,Minor Crash,No,2024,,South,,0,,Flat,,,,,,Overcast,392200,1,0,1,3,,,0,,,,,,Auckland Region,Motorway ramp,1-way,Sealed,,0,0,,100,,Off,0,0,,76,Auckland,Nil,,,,,0,1,Open,0,,,Fine,Null
1749572.9812,5912630.8044,751612,,511402,0,,0,1,,East,2023/2024,BEVERLY PLACE,WILLERTON AVENUE,,Non-Injury Crash,No,2024,,West,,0,,Flat,,,,,,Dark,262401,0,0,0,2,,,0,,,,,,Auckland Region,Nil,2-way,Sealed,,0,0,,50,,On,0,0,,76,Auckland,Nil,,,,,0,0,Urban,0,,,Fine,Null
1751868.8857,5917542.4271,751613,,514900,0,,0,1,,North,2024/2025,GREAT NORTH ROAD,HERDMAN STREET,,Non-Injury Crash,No,2024,,Null,,0,,Flat,,,,,,Overcast,385803,0,0,0,4,,,0,,,,,,Auckland Region,Nil,2-way,Sealed,,0,0,,50,,Off,2,0,,76,Auckland,Nil,,,,,0,0,Urban,0,,,Fine,Null