X,Y,OBJECTID,advisorySpeed,areaUnitID,bicycle,bridge,bus,carStationWagon,cliffBank,crashDirectionDescription,crashFinancialYear,crashLocation1,crashLocation2,crashRoadSideRoad,crashSeverity,crashSHDescription,crashYear,debris,directionRoleDescription,ditch,fatalCount,fence,flatHill,guardRail,holiday,houseOrBuilding,intersection,kerb,light,meshblockId,minorInjuryCount,moped,motorcycle,NumberOfLanes,objectThrownOrDropped,otherObject,otherVehicleType,overBank,parkedVehicle,pedestrian,phoneBoxEtc,postOrPole,region,roadCharacter,roadLane,roadSurface,roadworks,schoolBus,seriousInjuryCount,slipOrFlood,speedLimit,strayAnimal,streetLight,suv,taxi,temporarySpeedLimit,tlaId,tlaName,trafficControl,trafficIsland,trafficSign,train,tree,truck,unknownVehicleType,urban,vanOrUtility,vehicle,waterRiver,weatherA,weatherB
1763449.131,5908550.3514,751628,,521901,0,,0,2,,Null,2023/2024,MANGERE ROAD,MCDONALD PLACE,,Non-Injury Crash,No,2023,,South,,0,,Hill Road,,,,,,Overcast,786300,0,0,0,4,,,0,,,,,,Auckland Region,Nil,2-way,Sealed,,0,0,,50,,Off,0,0,,76,Auckland,Stop,,,,,0,0,Urban,1,,,Light rain,Null
1739799.4629,5981272.6982,751637,,506660,0,0,0,1,0,South,2023/2024,WAYBY VALLEY ROAD,WILSON ROAD,,Minor Crash,No,2024,0,North,1,0,1,Flat,0,,0,,0,Overcast,136700,2,0,0,2,0,0,0,0,0,,0,0,Auckland Region,Nil,2-way,Sealed,0,0,0,0,100,0,None,0,0,,76,Auckland,Nil,0,0,0,0,0,0,Open,0,0,0,Light rain,Null
1768948.4117,5881201.4859,751669,,525910,0,,0,2,,North,2024/2025,EDINBURGH STREET,KING STREET,,Non-Injury Crash,No,2024,,West,,0,,Flat,,,,,,Bright sun,819100,0,0,0,2,,,0,,,,,,Auckland Region,Nil,2-way,Sealed,,0,0,,50,,Null,0,0,,76,Auckland,Nil,,,,,0,0,Urban,0,,,Fine,Null
1759395.6737,5909235.5894,751684,,524002,0,0,0,1,0,Null,2024/2025,MOUNTAIN ROAD,CORONATION ROAD,,Minor Crash,No,2024,0,East,0,0,1,Hill Road,0,,1,,0,Bright sun,723900,2,0,0,2,0,0,0,0,0,,0,0,Auckland Region,Nil,2-way,Sealed,0,0,0,0,50,0,Off,0,0,,76,Auckland,Give way,0,0,0,0,0,0,Urban,0,0,0,Fine,Null
1763817.3745,5920453.0839,751692,,516500,0,0,0,1,0,West,2023/2024,TAMAKI DRIVE,KOHIMARAMA ROAD,,Non-Injury Crash,No,2024,0,West,0,0,0,Flat,0,,0,,0,Twilight,501301,0,0,0,2,0,0,0,0,1,,0,0,Auckland Region,Nil,2-way,Sealed,0,0,0,0,50,0,On,1,0,,76,Auckland,Nil,0,0,0,0,0,0,Urban,0,0,0,Fine,Null
1770977.4827,5899446.4882,751700,,523911,0,,0,2,,North,2023/2024,TAKANINI SCHOOL ROAD,REDING STREET,,Non-Injury Crash,No,2023,,South,,0,,Flat,,,,,,Bright sun,766700,0,0,0,2,,,0,,,,,,Auckland Region,Nil,2-way,Sealed,,0,0,,70,,Off,0,0,,76,Auckland,Nil,,,,,0,0,Urban,0,,,Fine,Null
1756723.1978,5920038.1061,751741,,514102,0,0,0,1,0,South,2022/2023,NELSON STREET,NICHOLAS STREET,,Non-Injury Crash,No,2023,0,North,0,0,0,Flat,0,,0,,0,Unknown,434602,0,0,0,2,0,0,0,0,1,,0,0,Auckland Region,Nil,2-way,Sealed,0,0,0,0,50,0,Null,0,0,,76,Auckland,Nil,0,0,0,0,0,1,Urban,0,0,0,Null,None
1767419.4774,5904931.2938,751757,,524603,0,,0,1,,Null,2024/2025,CAVENDISH DRIVE,GREAT SOUTH ROAD,,Minor Crash,No,2024,,East,,0,,Flat,,,,,,Dark,780205,1,0,0,5,,,0,,,,,,Auckland Region,Nil,2-way,Sealed,,0,0,,50,,On,1,1,,76,Auckland,Traffic Signals,,,,,0,0,Urban,0,,,Fine,Null
1769898.8961,5900090.1149,751765,,523817,0,,0,2,,North,2023/2024,SOUTHERN MOTORWAY,PAPAKURA STM BR,,Non-Injury Crash,Yes,2024,,South,,0,,Flat,,,,,,Dark,759738,0,0,0,3,,,0,,,,,,Auckland Region,Nil,1-way,Sealed,,0,0,,100,,On,1,0,,76,Auckland,Nil,,,,,0,0,Open,0,,,Fine,Null
1775349.494,5886482.9758,751788,,521132,0,0,0,1,0,South,2022/2023,SOUTHERN MOTORWAY,RAMARAMA OFF RAMP,,Non-Injury Crash,Yes,2023,0,North,0,0,0,Flat,1,,0,,0,Overcast,814003,0,0,0,2,0,0,0,0,0,,0,0,Auckland Region,Nil,1-way,Sealed,0,0,0,0,100,0,Off,0,0,,76,Auckland,Nil,0,0,0,0,0,0,Open,0,0,0,Fine,Null
1761459.4057,5914320.3885,751789,,520202,0,,0,1,,Null,2024/2025,ELLERSLIE-PANMURE HIGHWAY,ELLERSLIE-PANMURE HWY ON RAMP,,Minor Crash,No,2024,,South,,0,,Flat,,,,,,Bright sun,612502,1,0,0,2,,,0,,,,,,Auckland Region,Motorway ramp,1-way,Sealed,,0,0,,50,,Off,1,0,,76,Auckland,Give way,,,,,0,0,Urban,0,,,Fine,Null
1763083.8605,5905270.3012,751804,,524200,0,,0,2,,South,2022/2023,SOUTH-WESTERN MOTORWAY,PORTAGE OBR,,Non-Injury Crash,Yes,2023,,North,,0,,Flat,,,,,,Twilight,728900,0,0,0,2,,,0,,,,,,Auckland Region,Nil,1-way,Sealed,,0,0,,100,,On,0,0,,76,Auckland,Nil,,,,,0,0,Open,0,,,Fine,Null
1758925.7589,5917125.2625,751820,,516001,0,,0,0,,North,2023/2024,SOUTHERN MOTORWAY,MARKET ROAD OFF RAMP,,Non-Injury Crash,Yes,2024,,South,,0,,Flat,,,,,,Overcast,491200,0,0,2,4,,,0,,,,,,Auckland Region,Nil,1-way,Sealed,,0,0,,80,,Off,0,0,,76,Auckland,Nil,,,,,0,0,Open,0,,,Fine,Null
1769309.6413,5907459.1855,751859,,523711,0,,0,1,,Null,2022/2023,TE IRIRANGI DRIVE,ORMISTON ROAD,,Non-Injury Crash,No,2023,,North,,0,,Flat,,,,,,Dark,712801,0,0,0,4,,,0,,,,,,Auckland Region,Nil,1-way,Sealed,,0,0,,80,,On,1,0,,76,Auckland,Traffic Signals,,,,,0,0,Open,0,,,Fine,Null
1763800.646,5912976.5388,751861,,520500,0,,0,1,,Null,2022/2023,ARANUI ROAD,MOUNT WELLINGTON HIGHWAY,,Non-Injury Crash,No,2023,,East,,0,,Flat,,,,,,Bright sun,637400,0,0,0,3,,,0,,,,,,Auckland Region,Nil,2-way,Sealed,,0,0,,50,,Off,0,0,,76,Auckland,Traffic Signals,,,,,1,0,Urban,0,,,Fine,Null
1766322.3489,5907564.8884,751867,,523402,0,0,0,2,1,Null,2022/2023,EAST TAMAKI ROAD OFF RAMP,EAST TAMAKI ROAD,,Non-Injury Crash,No,2023,0,South,0,0,1,Hill Road,0,,0,,0,Dark,699300,0,0,0,2,0,0,0,0,1,,0,0,Auckland Region,Motorway ramp,1-way,Sealed,0,0,0,0,50,0,On,0,0,,76,Auckland,Traffic Signals,0,1,0,0,0,0,Urban,0,0,0,Fine,Null
1763187.9455,5915529.7928,751869,,520302,0,0,0,1,0,East,2022/2023,MARUA ROAD,STANHOPE ROAD,,Non-Injury Crash,No,2023,0,North,0,0,0,Flat,0,,0,,0,Dark,625400,0,0,0,2,0,0,0,0,0,,1,0,Auckland Region,Nil,2-way,Sealed,0,0,0,0,50,0,On,0,0,,76,Auckland,Nil,0,0,0,0,0,0,Urban,0,0,0,Heavy rain,Null
1759419.0113,5910238.3578,751876,,524002,0,,0,2,,Null,2024/2025,RIMU ROAD,RIMU ROAD ON RAMP,,Minor Crash,No,2024,,East,,0,,Flat,,,,,,Dark,722000,1,0,0,2,,,0,,,,,,Auckland Region,Nil,2-way,Sealed,,0,0,,50,,On,0,0,,76,Auckland,Give way,,,,,0,0,Urban,0,,,Light rain,Null
1765369.4176,5902081.7115,751893,,524604,0,0,0,1,0,North,2023/2024,ROSCOMMON ROAD,KIWI TAMAKI ROAD,,Minor Crash,No,2023,0,North,0,0,0,Flat,0,,0,,0,Dark,781200,1,0,0,2,0,0,0,0,0,,0,1,Auckland Region,Nil,1-way,Sealed,0,0,0,0,60,0,On,0,0,,76,Auckland,Nil,0,0,0,0,0,0,Urban,0,0,0,Fine,Null
1755427.1323,5919405.0331,751901,,515420,0,0,0,2,0,Null,2023/2024,ROSE ROAD,LEIGHTON STREET,,Minor Crash,No,2023,0,West,0,0,1,Flat,0,,0,,0,Overcast,408900,1,0,0,2,0,0,0,0,0,,0,0,Auckland Region,Nil,2-way,Sealed,0,0,0,0,50,0,Off,0,0,,76,Auckland,Stop,0,0,0,0,0,0,Urban,0,0,0,Fine,Null
1763420.2083,5906482.7328,751933,,524301,0,,0,1,,East,2022/2023,BUCKLAND ROAD,MILTON ROAD,,Minor Crash,No,2023,,West,,0,,Flat,,,,,,Bright sun,656900,1,0,0,2,,,0,,,,,,Auckland Region,Nil,2-way,Sealed,,0,0,,50,,Off,0,0,,76,Auckland,Nil,,,,,0,0,Urban,1,,,Fine,Null
1748964.9912,5971028.8028,751940,,505500,0,0,0,1,0,Null,2023/2024,MATAKANA ROAD,MELWOOD DRIVE,,Minor Crash,No,2024,1,North,0,0,0,Flat,0,,0,,0,Bright sun,139800,2,0,0,2,0,0,0,0,0,,0,0,Auckland Region,Nil,2-way,Sealed,0,0,0,0,80,0,Off,0,0,,76,Auckland,Give way,0,0,0,0,0,0,Open,0,0,0,Fine,Null
1754138.6154,5929295.1664,751941,,508420,0,,0,2,,Null,2023/2024,WAIRAU ROAD,HOGANS ROAD,,Non-Injury Crash,No,2023,,South,,0,,Flat,,,,,,Dark,183400,0,0,0,2,,,0,,,,,,Auckland Region,Nil,2-way,Sealed,,0,0,,50,,On,0,0,,76,Auckland,Give way,,,,,0,0,Urban,0,,,Fine,Null
1753541.5507,5875485.0341,751947,,526104,0,0,0,2,0,East,2022/2023,MELLSOP AVENUE,QUEEN STREET,,Minor Crash,No,2023,0,East,0,0,0,Flat,0,,0,,0,Bright sun,835000,1,0,0,2,0,0,0,0,1,,0,0,Auckland Region,Nil,2-way,Sealed,0,0,0,0,50,0,None,0,0,,76,Auckland,Nil,0,0,0,0,0,0,Urban,0,0,0,Fine,Null
1770143.7482,5899133.2053,751948,,523911,0,,0,0,,North,2022/2023,GREAT SOUTH ROAD,CHALLEN CLOSE,,Non-Injury Crash,No,2023,,South,,0,,Flat,,,,,,Twilight,768100,0,0,0,4,,,0,,,,,,Auckland Region,Nil,2-way,Sealed,,0,0,,50,,Off,0,0,40,76,Auckland,Nil,,,,,0,0,Urban,2,,,Light rain,Null
1753286.9542,5933052.5894,751957,,508807,0,,0,1,,Null,2023/2024,GREVILLE ROAD OFF RAMP,GREVILLE ROAD,,Non-Injury Crash,No,2024,,North,,0,,Flat,,,,,,Overcast,180811,0,0,0,4,,,0,,,,,,Auckland Region,Nil,1-way,Sealed,,0,0,,50,,Off,0,0,,76,Auckland,Traffic Signals,,,,,0,0,Urban,1,,,Fine,Null
1756449.7568,5919998.4211,751964,,514000,0,,0,1,,Null,2023/2024,WELLINGTON STREET,WELLINGTON STREET ON RAMP,,Non-Injury Crash,No,2023,,East,,0,,Hill Road,,,,,,Dark,417300,0,0,0,2,,,0,,,,,,Auckland Region,Motorway ramp,2-way,Sealed,,0,0,,50,,On,1,0,,76,Auckland,Traffic Signals,,,,,0,0,Urban,0,,,Heavy rain,Null
1772044.5169,5898183.0802,752003,,523912,0,,0,1,,Null,2022/2023,SIRES PARKWAY,PORCHESTER ROAD,,Minor Crash,No,2023,,West,,0,,Flat,,,,,,Bright sun,765403,1,0,0,2,,,0,,,1,,,Auckland Region,Nil,2-way,Sealed,,0,0,,50,,Off,0,0,,76,Auckland,Give way,,,,,0,0,Urban,0,,,Fine,Null
1752235.5125,5937375.9677,752012,,506300,0,0,0,2,1,South,2023/2024,NORTHERN MOTORWAY,WRIGHT OBR,,Non-Injury Crash,Yes,2023,0,North,0,0,0,Flat,0,,0,,0,Dark,176101,0,0,0,2,0,0,0,0,0,,0,0,Auckland Region,Nil,1-way,Sealed,0,0,0,0,100,0,On,0,0,,76,Auckland,Nil,0,0,0,0,0,0,Open,0,0,0,Fine,Null
1771558.2645,5897828.5631,752028,,523912,0,,0,1,,Null,2022/2023,WALTERS ROAD,TIRONUI ROAD,,Non-Injury Crash,No,2023,,East,,0,,Flat,,,,,,Twilight,765700,0,0,0,3,,,0,,,,,,Auckland Region,Nil,2-way,Sealed,,0,0,,50,,On,0,0,,76,Auckland,Give way,,,,,1,0,Urban,0,,,Fine,Null
1756252.9101,5932879.3171,752060,,507400,0,0,0,3,0,South,2022/2023,JUTLAND STREET,BEACH ROAD,,Non-Injury Crash,No,2023,0,East,0,0,0,Hill Road,0,,0,,0,Overcast,152600,0,0,0,2,0,0,0,0,1,,0,0,Auckland Region,Nil,2-way,Sealed,0,0,0,0,50,0,Off,0,0,,76,Auckland,Nil,0,0,0,0,0,0,Urban,1,0,0,Light rain,Null
1766976.5049,5900036.2159,752069,,524713,0,0,0,1,0,East,2022/2023,WEYMOUTH ROAD,SYKES ROAD,,Serious Crash,No,2023,0,West,0,0,0,Flat,0,Queens Birthday,0,,0,Dark,775805,1,0,0,2,0,0,0,0,0,,0,0,Auckland Region,Nil,2-way,Sealed,0,0,1,0,50,0,None,0,0,,76,Auckland,Nil,0,0,0,1,0,0,Urban,0,0,0,Light rain,Null
1755806.901,5926631.3844,752077,,508620,0,,0,2,,East,2022/2023,NORTHCOTE ROAD,LAKE ROAD,,Minor Crash,No,2023,,West,,0,,Flat,,,,,,Twilight,363400,1,0,0,4,,,0,,,,,,Auckland Region,Nil,2-way,Sealed,,0,0,,50,,Off,0,0,,76,Auckland,Nil,,,,,0,0,Urban,0,,,Light rain,Null
1755444.5911,5913264.7341,752100,,518803,0,,0,1,,East,2023/2024,SOUTH-WESTERN MOTORWAY,DOMINION ROAD OFF RAMP,,Non-Injury Crash,Yes,2023,,West,,0,,Flat,,,,,,Bright sun,582700,0,0,0,3,,,0,,,,,,Auckland Region,Nil,1-way,Sealed,,0,0,,100,,None,0,1,,76,Auckland,Nil,,,,,1,0,Open,0,,,Fine,Null
1748459.9691,5918833.5258,752116,,514801,0,0,0,1,0,North,2023/2024,NORTH-WESTERN MOTORWAY,PATIKI OBR,,Non-Injury Crash,Yes,2023,0,North,0,0,0,Flat,2,,0,,0,Twilight,389300,0,0,0,4,0,0,0,0,0,,0,0,Auckland Region,Motorway ramp,1-way,Sealed,0,0,0,0,100,0,On,0,0,,76,Auckland,Nil,0,0,0,0,0,0,Open,0,0,0,Fine,Null
1752467.685,5912396.9212,752124,,514700,0,0,0,1,0,Null,2023/2024,DONOVAN STREET,SHIPTON PLACE,,Non-Injury Crash,No,2023,0,South,0,0,0,Flat,0,,0,,1,Dark,369200,0,0,0,4,0,0,0,0,0,,0,0,Auckland Region,Nil,2-way,Sealed,0,0,0,0,50,0,On,0,0,,76,Auckland,Nil,0,0,0,0,0,0,Urban,0,0,0,Fine,Null
1768754.1272,5899513.962,752141,,525101,0,,0,0,,West,2022/2023,MAHIA ROAD,FIELDS ROAD,,Non-Injury Crash,No,2023,,West,,0,,Hill Road,,,,,,Bright sun,770400,0,0,0,2,,,0,,,,,,Auckland Region,Nil,2-way,Sealed,,0,0,,50,,Off,2,0,,76,Auckland,Nil,,,,,0,0,Urban,1,,,Fine,Null
1769994.5349,5881500.7893,752157,,525910,0,,0,2,,West,2023/2024,EAST STREET,CROMWELL PLACE,,Minor Crash,No,2023,,East,,0,,Flat,,,,,,Bright sun,816704,1,0,0,2,,,0,,,,,,Auckland Region,Nil,2-way,Sealed,,0,0,,50,,None,0,0,,76,Auckland,Nil,,,,,0,0,Urban,0,,,Fine,Null
1758429.4695,5918065.6639,752163,,517400,1,,0,0,,Null,2022/2023,BROADWAY,REMUERA ROAD,,Serious Crash,No,2023,,North,,0,,Flat,,,,,,Bright sun,451300,0,0,0,4,,,0,,,1,,,Auckland Region,Speed hump,2-way,Sealed,,0,1,,50,,Off,0,0,,76,Auckland,Traffic Signals,,,,,0,0,Urban,0,,,Fine,Null
1772922.8177,5891376.6289,752171,,521301,0,,0,3,,South,2022/2023,SOUTHERN MOTORWAY,KARAKA OBR,,Non-Injury Crash,Yes,2023,,North,,0,,Flat,,,,,,Overcast,809200,0,0,0,2,,,0,,,,,,Auckland Region,Overpass,1-way,Sealed,,0,0,,100,,Off,1,0,,76,Auckland,Nil,,,,,0,0,Open,0,,,Light rain,Null
1759619.3416,5908687.8241,752180,,524121,0,0,0,1,0,West,2023/2024,WALMSLEY ROAD,HALL AVENUE,,Minor Crash,No,2023,0,West,0,0,1,Flat,0,,0,,0,Dark,737000,1,0,0,2,0,0,0,0,0,,0,0,Auckland Region,Nil,2-way,Sealed,0,0,0,0,60,0,On,0,0,,76,Auckland,Nil,0,0,0,0,0,0,Urban,0,0,0,Fine,Null
1754648.7338,5914733.2371,752188,,518802,1,,0,1,,South,2022/2023,WAITE AVENUE,MOUNT ALBERT ROAD,,Non-Injury Crash,No,2023,,South,,0,,Hill Road,,,,,,Bright sun,577600,0,0,0,2,,,0,,,,,,Auckland Region,Nil,2-way,Sealed,,0,0,,50,,Off,0,0,10,76,Auckland,Nil,,,,,0,0,Urban,0,,,Fine,Null
1766715.7152,5902709.8585,752204,,524602,0,,0,2,,Null,2023/2024,KERRS ROAD,DALGETY DRIVE,,Minor Crash,No,2023,,Null,,0,,Flat,,,,,,Overcast,780407,1,0,0,2,,,0,,,,,,Auckland Region,Nil,2-way,Sealed,,0,0,,60,,Off,0,0,,76,Auckland,Traffic Signals,,,,,0,0,Urban,0,,,Fine,Null
1753914.5644,5930677.0796,752205,,508420,0,0,0,1,0,South,2022/2023,SUNSET ROAD,MEADOWOOD DRIVE,,Non-Injury Crash,No,2023,0,South,0,0,0,Flat,0,,0,,1,Dark,182028,0,0,0,2,0,0,0,0,0,,0,0,Auckland Region,Nil,2-way,Sealed,0,0,0,0,50,0,On,0,0,,76,Auckland,Nil,0,0,0,0,0,0,Urban,0,0,0,Fine,Null
1754905.9908,5918566.5966,752227,,515420,0,0,0,1,0,North,2022/2023,GREAT NORTH ROAD,CRUMMER ROAD,,Serious Crash,No,2023,0,South,0,0,0,Flat,0,,0,,0,Dark,404700,0,0,0,3,0,0,0,0,0,,0,0,Auckland Region,Nil,2-way,Sealed,0,0,1,0,50,0,On,0,0,,76,Auckland,Nil,0,0,0,1,0,0,Urban,0,0,0,Fine,Null
1765566.3285,5906863.5232,752235,,522201,0,,0,2,,Null,2023/2024,KOLMAR ROAD,ERIC BAKER PLACE,,Serious Crash,No,2023,,North,,0,,Flat,,,,,,Overcast,662400,0,0,0,3,,,0,,,,,,Auckland Region,Nil,2-way,Sealed,,0,1,,50,,Off,0,0,,76,Auckland,Give way,,,,,0,0,Urban,0,,,Fine,Null
1751638.3761,5916861.6249,752236,,514900,1,,0,1,,Null,2024/2025,GREAT NORTH ROAD,FIR STREET,,Serious Crash,No,2024,,North,,0,,Flat,,,,,,Bright sun,384704,0,0,0,4,,,0,,,,,,Auckland Region,Nil,2-way,Sealed,,0,1,,50,,Off,0,0,,76,Auckland,Traffic Signals,,,,,0,0,Urban,0,,,Fine,Null
1755841.6926,5928364.7542,752244,,507900,0,,0,2,,South,2023/2024,NORTHERN MOTORWAY,TRISTRAM AVENUE ON RAMP,,Non-Injury Crash,Yes,2023,,South,,0,,Flat,,,,,,Dark,307000,0,0,0,3,,,0,,,,,,Auckland Region,Nil,1-way,Sealed,,0,0,,100,,On,1,0,,76,Auckland,Nil,,,,,0,0,Open,0,,,Fine,Null
1748519.0763,5913915.7183,752268,,511302,0,,0,2,,East,2023/2024,GREAT NORTH ROAD,FAITH BULLOCK PLACE,,Non-Injury Crash,No,2023,,East,,0,,Flat,,,,,,Dark,269300,0,0,0,4,,,0,,,,,,Auckland Region,Nil,2-way,Sealed,,0,0,,50,,On,0,0,,76,Auckland,Nil,,,,,0,0,Urban,0,,,Heavy rain,Null
1757014.1209,5925857.0458,752269,,509702,0,,0,2,,Null,2022/2023,ESMONDE ROAD,ESMONDE ROAD OFF RAMP,,Non-Injury Crash,No,2023,,West,,0,,Hill Road,,,,,,Dark,364602,0,0,0,2,,,0,,,,,,Auckland Region,Motorway ramp,1-way,Sealed,,0,0,,50,,On,0,0,,76,Auckland,Traffic Signals,,,,,0,0,Urban,0,,,Fine,Null
1765301.7142,5909318.9034,752276,,521802,0,,0,1,,North,2023/2024,SOUTHERN MOTORWAY,TAMAKI RIV BR,,Non-Injury Crash,Yes,2023,,North,,0,,Flat,,,,,,Overcast,788903,0,0,0,4,,,0,,,,,,Auckland Region,Nil,1-way,Sealed,,0,0,,100,,Off,0,0,,76,Auckland,Nil,,,,,0,0,Open,0,,,Fine,Null
1763222.9347,5915493.3825,752285,,520302,0,,0,2,,East,2023/2024,MARUA ROAD,STANHOPE ROAD,,Minor Crash,No,2023,,East,,0,,Flat,,,,,,Bright sun,625800,2,0,0,2,,,0,,,,,,Auckland Region,Nil,2-way,Sealed,,0,0,,50,,Off,0,0,,76,Auckland,Nil,,,,,0,0,Urban,0,,,Fine,Null
1753373.6641,5915199.9001,752291,,517903,0,,0,0,,East,2022/2023,HENDON AVENUE,HALLAM STREET,,Minor Crash,No,2023,,North,,0,,Flat,,,,,,Bright sun,518000,1,0,0,2,,,0,,,1,,,Auckland Region,Nil,2-way,Sealed,,0,0,,50,,Off,0,0,,76,Auckland,Nil,,,,,0,0,Urban,1,,,Fine,Null
1763441.178,5910918.7352,752332,,520500,0,,0,2,,Null,2022/2023,GREAT SOUTH ROAD,ABATTOIR LANE,,Non-Injury Crash,No,2023,,North,,0,,Flat,,,,,,Dark,637900,0,0,0,2,,,0,,,,,,Auckland Region,Nil,2-way,Sealed,,0,0,,50,,On,0,0,,76,Auckland,Give way,,,,,0,0,Urban,0,,,Fine,Null
1767020.0114,5910369.1078,752333,,523112,0,,0,2,,North,2022/2023,BUSINESS PARADE SOUTH,KERWYN AVENUE,,Non-Injury Crash,No,2023,,North,,0,,Flat,,,,,,Bright sun,711301,0,0,0,4,,,0,,,,,,Auckland Region,Nil,2-way,Sealed,,0,0,,60,,Null,0,0,,76,Auckland,Nil,,,,,0,0,Urban,0,,,Fine,Null
1768039.2717,5906763.6428,752357,,523711,0,0,0,1,0,North,2023/2024,DAWSON ROAD,COLLETT ROAD,,Minor Crash,No,2023,0,South,0,0,1,Flat,0,,0,,0,Dark,714300,1,0,0,2,0,0,0,0,0,,0,0,Auckland Region,Nil,2-way,Sealed,0,0,0,0,50,0,On,0,0,,76,Auckland,Nil,0,0,0,0,0,0,Urban,0,0,0,Fine,Null
1768833.7505,5905589.4254,752397,,523721,0,0,0,1,0,South,2023/2024,TE IRIRANGI DRIVE,DAWSON ROAD,,Minor Crash,No,2023,0,North,0,0,1,Flat,0,,1,,0,Overcast,715613,1,0,0,2,0,0,0,0,0,,0,0,Auckland Region,Nil,1-way,Sealed,0,0,0,0,60,0,Off,0,0,,76,Auckland,Nil,0,0,0,0,0,0,Urban,0,0,0,Light rain,Null
1759058.5959,5907722.4193,752404,,524002,0,0,1,0,0,North,2023/2024,MCKENZIE ROAD,ARARATA LANE,,Non-Injury Crash,No,2024,0,South,0,0,0,Flat,0,,0,,0,Bright sun,725601,0,0,0,2,0,0,0,0,1,,0,0,Auckland Region,Nil,2-way,Sealed,0,0,0,0,50,0,None,0,0,,76,Auckland,Nil,0,0,0,0,0,0,Urban,1,0,0,Fine,Null
1783554.4637,5915335.2176,752411,,523300,0,0,0,1,0,North,2022/2023,MARAETAI COAST ROAD,NORTH ROAD,,Minor Crash,No,2023,0,South,0,0,0,Flat,0,,0,,0,Dark,720200,1,0,0,2,0,0,0,0,0,,0,0,Auckland Region,Nil,2-way,Sealed,0,0,0,0,50,0,None,0,0,,76,Auckland,Nil,0,0,0,1,0,0,Urban,0,0,0,Light rain,Null
1763254.7681,5908241.5205,752412,,524402,0,,0,1,,Null,2023/2024,MASSEY ROAD,SAVILL DRIVE,,Minor Crash,No,2024,,Null,,0,,Flat,,,,,,Bright sun,750000,1,0,1,4,,,0,,,,,,Auckland Region,Nil,2-way,Sealed,,0,0,,50,,Off,0,0,,76,Auckland,Traffic Signals,,,,,0,0,Urban,0,,,Fine,Null
1753692.1915,5919252.6992,752445,,515100,0,0,0,3,0,Null,2023/2024,GARNET ROAD,LARCHWOOD AVENUE,,Non-Injury Crash,No,2023,0,South,0,0,0,Flat,0,,0,,0,Dark,398200,0,0,0,2,0,0,0,0,1,,0,0,Auckland Region,Nil,2-way,Sealed,0,0,0,0,50,0,On,0,0,,76,Auckland,Give way,0,0,0,0,0,0,Urban,0,0,0,Heavy rain,Null
1762478.7937,5912761.654,752468,,519500,0,,0,2,,Null,2023/2024,SOUTH-EASTERN HIGHWAY,GREAT SOUTH ROAD,,Non-Injury Crash,No,2024,,North,,0,,Flat,,,,,,Overcast,622200,0,0,0,3,,,0,,,,,,Auckland Region,Nil,1-way,Sealed,,0,0,,50,,Off,0,0,,76,Auckland,Traffic Signals,,,,,0,0,Urban,0,,,Light rain,Null
1762505.8332,5912772.1382,752500,,520500,0,,0,1,,Null,2023/2024,SOUTH-EASTERN HIGHWAY,GREAT SOUTH ROAD,,Non-Injury Crash,No,2024,,South,,0,,Flat,,,,,,Bright sun,637300,0,0,0,5,,,0,,,,,,Auckland Region,Nil,1-way,Sealed,,0,0,,50,,Off,1,0,,76,Auckland,Traffic Signals,,,,,0,0,Urban,0,,,Fine,Null
1761171.711,5914782.12,752501,,520202,0,,0,1,,South,2023/2024,SOUTHERN MOTORWAY,ELLERSLIE FTBR,,Non-Injury Crash,Yes,2023,,South,,0,,Flat,,,,,,Overcast,612100,0,0,0,3,,,0,,,,,,Auckland Region,Nil,1-way,Sealed,,0,0,,100,,Off,0,0,,76,Auckland,Nil,,,,,1,0,Open,0,,,Fine,Null
1761507.0469,5912434.1051,752509,,519500,0,,0,0,,Null,2022/2023,NEILSON STREET,CHURCH STREET,,Non-Injury Crash,No,2023,,North,,0,,Flat,,,,,,Dark,622300,0,0,0,2,,,0,,,,,,Auckland Region,Nil,2-way,Sealed,,0,0,,50,,On,0,0,,76,Auckland,Traffic Signals,,,,,1,0,Urban,1,,,Fine,Null
1749335.4909,5945752.7239,752516,,505806,0,,0,2,,West,2023/2024,HIBISCUS COAST HIGHWAY,EAST COAST ROAD,,Non-Injury Crash,No,2024,,West,,0,,Flat,,,,,,Dark,176802,0,0,0,2,,,0,,,,,,Auckland Region,Nil,1-way,Sealed,,0,0,,60,,On,0,0,,76,Auckland,Stop,,,,,0,0,Urban,0,,,Fine,Null
1773263.4633,5896241.8538,752525,,525410,0,,0,2,,Null,2023/2024,MARNE ROAD,ALPHA STREET,,Minor Crash,No,2023,,North,,0,,Flat,,,,,,Dark,793100,2,0,0,2,,,0,,,,,,Auckland Region,Nil,2-way,Sealed,,0,0,,50,,On,0,0,,76,Auckland,Give way,,,,,0,0,Urban,0,,,Fine,Null
1771778.9279,5912722.0064,752539,,523106,0,0,0,2,0,North,2022/2023,WHITFORD ROAD,MERINO AVENUE,,Non-Injury Crash,No,2023,0,North,0,0,0,Flat,0,,0,,0,Dark,711114,0,0,0,2,0,0,0,0,1,,0,0,Auckland Region,Nil,2-way,Sealed,0,0,0,0,50,0,On,0,0,,76,Auckland,Nil,0,0,0,0,0,0,Urban,0,0,0,Light rain,Null