X,Y,OBJECTID,advisorySpeed,areaUnitID,bicycle,bridge,bus,carStationWagon,cliffBank,crashDirectionDescription,crashFinancialYear,crashLocation1,crashLocation2,crashRoadSideRoad,crashSeverity,crashSHDescription,crashYear,debris,directionRoleDescription,ditch,fatalCount,fence,flatHill,guardRail,holiday,houseOrBuilding,intersection,kerb,light,meshblockId,minorInjuryCount,moped,motorcycle,NumberOfLanes,objectThrownOrDropped,otherObject,otherVehicleType,overBank,parkedVehicle,pedestrian,phoneBoxEtc,postOrPole,region,roadCharacter,roadLane,roadSurface,roadworks,schoolBus,seriousInjuryCount,slipOrFlood,speedLimit,strayAnimal,streetLight,suv,taxi,temporarySpeedLimit,tlaId,tlaName,trafficControl,trafficIsland,trafficSign,train,tree,truck,unknownVehicleType,urban,vanOrUtility,vehicle,waterRiver,weatherA,weatherB
1772557.6556,5896387.1134,752548,,525420,0,,0,2,,Null,2023/2024,EAST STREET,ELLIOT STREET,,Non-Injury Crash,No,2024,,South,,0,,Flat,,,,,,Overcast,791600,0,0,0,3,,,0,,,,,,Auckland Region,Nil,2-way,Sealed,,0,0,,50,,Off,0,0,,76,Auckland,Traffic Signals,,,,,0,0,Urban,0,,,Light rain,Null
1756477.2312,5920299.3032,752556,,514102,0,,0,3,,East,2023/2024,COOK STREET,UNION STREET,,Non-Injury Crash,No,2024,,East,,0,,Hill Road,,,,,,Bright sun,432700,0,0,0,3,,,0,,,,,,Auckland Region,Nil,1-way,Sealed,,0,0,,30,,Off,0,0,,76,Auckland,Nil,,,,,0,0,Urban,0,,,Fine,Null
1757109.6338,5919095.0126,752557,,514301,0,,0,2,,South,2022/2023,SOUTHERN MOTORWAY,SYMONDS OBR,,Non-Injury Crash,Yes,2023,,North,,0,,Hill Road,,,,,,Overcast,441200,0,0,0,3,,,0,,,,,,Auckland Region,Nil,1-way,Sealed,,0,0,,80,,Off,0,0,,76,Auckland,Nil,,,,,0,0,Open,0,,,Light rain,Null
1764254.5222,5911594.5864,752573,,520500,0,0,0,5,0,West,2023/2024,PANAMA ROAD,RYBURN ROAD,,Non-Injury Crash,No,2023,0,East,0,0,0,Flat,0,,0,,0,Dark,636000,0,0,0,2,0,0,0,0,3,,0,0,Auckland Region,Nil,2-way,Sealed,0,0,0,0,50,0,On,0,0,,76,Auckland,Nil,0,0,0,0,0,0,Urban,0,0,0,Light rain,Null
1747379.7998,5914543.6324,752580,,511800,0,,0,1,,Null,2023/2024,GLENVIEW ROAD,FREESIA ROAD,,Minor Crash,No,2024,,North,,0,,Hill Road,,,,,,Overcast,277902,1,0,0,2,,,0,,,1,,,Auckland Region,Nil,2-way,Sealed,,0,0,,50,,Off,0,0,,76,Auckland,Nil,,,,,0,0,Urban,0,,,Fine,Null
1771991.4708,5903841.9657,752597,,523818,0,0,0,1,0,East,2023/2024,REDOUBT ROAD,TIFFANY CLOSE,,Non-Injury Crash,No,2023,0,West,1,0,1,Flat,0,,0,,0,Overcast,760400,0,0,0,2,0,0,0,0,0,,0,0,Auckland Region,Nil,2-way,Sealed,0,0,0,0,50,0,Off,0,0,,76,Auckland,Nil,0,0,0,0,0,0,Urban,0,0,0,Light rain,Null
1780766.7028,5916575.5774,752605,45,523300,0,0,0,0,1,East,2023/2024,MARAETAI DRIVE,OMANA BEACH ROAD,,Minor Crash,No,2023,0,East,0,0,0,Hill Road,0,,0,,0,Dark,719500,1,0,0,2,0,0,0,0,0,,0,0,Auckland Region,Nil,2-way,Sealed,0,0,0,0,50,0,On,0,0,,76,Auckland,Nil,0,0,0,1,0,0,Urban,1,0,0,Fine,Null
1761273.1764,5914522.9095,752611,,520202,0,0,0,0,0,South,2022/2023,SOUTHERN MOTORWAY,ELLERSLIE-PANMURE HWY OFF RAMP,,Minor Crash,Yes,2023,0,South,0,0,0,Flat,0,,0,,0,Dark,612501,2,0,0,3,0,0,0,0,0,,0,0,Auckland Region,Nil,1-way,Sealed,0,0,0,0,100,0,On,0,0,,76,Auckland,Pointsman,0,0,0,0,1,0,Open,1,1,0,Light rain,Null
1757774.775,5918202.1507,752613,,515700,0,,0,0,,South,2022/2023,SOUTHERN MOTORWAY,MOUNTAIN OBR,,Non-Injury Crash,Yes,2023,,North,,0,,Flat,,,,,,Bright sun,443600,0,0,0,4,,,0,,,,,,Auckland Region,Nil,1-way,Sealed,,0,0,,80,,Off,2,0,,76,Auckland,Nil,,,,,0,0,Open,1,,,Fine,Null
1757531.5373,5920023.7656,752627,,514103,0,,0,0,,Null,2022/2023,WELLESLEY STREET EAST,WELLESLEY STREET EAST,,Serious Crash,No,2023,,North,,0,,Hill Road,,,,,,Bright sun,436700,0,0,0,4,,,0,,,1,,,Auckland Region,Nil,2-way,Sealed,,0,1,,30,,Off,0,0,,76,Auckland,Nil,,,,,0,0,Urban,0,,,Fine,Null
1768923.0213,5905939.1946,752636,,523711,0,0,0,0,0,North,2023/2024,TE IRIRANGI DRIVE,DAWSON ROAD,,Non-Injury Crash,No,2024,0,North,0,0,0,Flat,0,,0,,0,Dark,713005,0,0,0,2,0,1,0,0,0,,0,0,Auckland Region,Nil,1-way,Sealed,0,0,0,0,60,0,On,1,0,,76,Auckland,Nil,0,0,0,0,0,0,Urban,0,0,0,Light rain,Null
1783690.8473,5906000.1209,752644,,525201,0,0,0,1,1,East,2024/2025,CLEVEDON-KAWAKAWA ROAD,ATCHISON BR,,Minor Crash,No,2024,0,East,0,0,1,Flat,0,,0,,0,Bright sun,764400,2,0,0,1,0,0,0,0,0,,0,0,Auckland Region,Nil,2-way,Sealed,0,0,0,0,80,0,None,0,0,,76,Auckland,Nil,0,0,0,0,0,0,Open,0,0,0,Fine,Null
1772519.6685,5913183.9612,752645,,523102,0,0,0,2,0,East,2022/2023,MEADOWLAND DRIVE,BRONTE PLACE,,Non-Injury Crash,No,2023,0,West,0,0,0,Flat,0,,0,,0,Bright sun,711020,0,0,0,2,0,0,0,0,1,,0,0,Auckland Region,Nil,2-way,Sealed,0,0,0,0,50,0,Off,0,0,,76,Auckland,Nil,0,0,0,0,0,0,Urban,0,0,0,Fine,Null
1759404.7056,5916224.046,752668,,519200,0,,0,1,,Null,2023/2024,GREAT SOUTH ROAD,ARATONGA AVENUE,,Non-Injury Crash,No,2024,,South,,0,,Flat,,,,,,Bright sun,615900,0,0,0,4,,,0,,,,,,Auckland Region,Nil,2-way,Sealed,,0,0,,50,,None,1,0,,76,Auckland,Give way,,,,,0,0,Urban,0,,,Fine,Null
1767995.0908,5904324.274,752675,,524602,0,,0,2,,South,2022/2023,SOUTHERN MOTORWAY,REDOUBT OBR,,Minor Crash,Yes,2023,,North,,0,,Flat,,,,,,Bright sun,780501,1,0,0,3,,,0,,,,,,Auckland Region,Overpass,1-way,Sealed,,0,0,,100,,Off,0,0,,76,Auckland,Nil,,,,,0,0,Open,0,,,Fine,Null
1768666.5035,5880588.0013,752677,,525922,0,0,0,1,0,North,2023/2024,QUEEN STREET,LAWRIE AVENUE,,Minor Crash,No,2024,0,South,0,0,1,Flat,0,,0,,0,Bright sun,824100,2,0,0,2,0,0,0,0,0,,0,1,Auckland Region,Nil,2-way,Sealed,0,0,0,0,50,0,Off,0,0,,76,Auckland,Nil,0,0,0,0,0,0,Urban,0,0,0,Fine,Null
1760785.8164,5907211.3804,752684,,524112,0,,0,1,,North,2023/2024,SOUTH-WESTERN MOTORWAY,BADER OBR,,Non-Injury Crash,Yes,2023,,West,,0,,Flat,,,,,,Overcast,737500,0,0,0,2,,,0,,,,,,Auckland Region,Overpass,1-way,Sealed,,0,0,,100,,Off,0,0,,76,Auckland,Nil,,,,,1,0,Open,0,,,Fine,Null
1757007.882,5919174.4184,752692,,514200,0,,0,7,,West,2024/2025,NORTH-WESTERN MOTORWAY,PORT TO NORTHERN LINK,,Minor Crash,Yes,2024,,West,,0,,Hill Road,,,,,,Bright sun,412302,1,0,0,3,,,0,,,,,,Auckland Region,Nil,1-way,Sealed,,0,0,,80,,Off,0,0,,76,Auckland,Nil,,,,,0,0,Open,0,,,Fine,Null
1737283.4106,5932482.2962,752715,,506653,0,,0,0,,East,2023/2024,OLD NORTH ROAD,ARARIMU VALLEY ROAD,,Minor Crash,No,2023,,East,,0,,Hill Road,,,,,,Twilight,217000,1,0,1,2,,,0,,,,,,Auckland Region,Nil,2-way,Sealed,,0,0,,80,,None,0,0,,76,Auckland,Nil,,,,,0,0,Open,0,,,Fine,Null
1731657.8785,5975149.9412,752716,65,506613,0,0,0,1,0,East,2023/2024,KAIPARA COAST HIGHWAY,WHAREHINE ROAD,,Minor Crash,Yes,2024,0,North,0,0,1,Hill Road,0,,0,,0,Overcast,145100,1,0,0,2,0,0,0,0,0,,0,0,Auckland Region,Nil,2-way,Sealed,0,0,0,0,100,0,None,0,0,,76,Auckland,Nil,0,0,0,0,0,0,Open,0,0,0,Fine,Null
1769325.5042,5907427.9613,752717,,523712,0,0,0,1,0,Null,2022/2023,TE IRIRANGI DRIVE,ORMISTON ROAD,,Non-Injury Crash,No,2023,0,South,0,0,0,Flat,0,,0,,0,Overcast,712803,0,0,0,1,0,0,0,0,0,,0,0,Auckland Region,Nil,1-way,Sealed,0,0,0,0,80,0,Off,0,0,,76,Auckland,Traffic Signals,0,0,0,1,0,0,Open,0,0,0,Fine,Null
1748596.8307,5945372.0683,752725,,506201,0,0,0,1,1,Null,2023/2024,DAIRY FLAT HIGHWAY,SILVERDALE OFF RAMP,,Minor Crash,No,2023,0,South,0,0,0,Flat,0,,0,,0,Overcast,176801,1,0,0,1,0,0,0,0,0,,0,0,Auckland Region,Motorway ramp,1-way,Sealed,0,0,0,0,80,0,Off,1,0,,76,Auckland,Give way,0,0,0,1,0,0,Open,0,0,0,Fine,Null
1764894.9367,5903905.1059,752733,,524604,0,,0,1,,Null,2023/2024,CAVENDISH DRIVE,NOEL BURNSIDE ROAD,,Minor Crash,No,2023,,North,,0,,Flat,,,,,,Dark,781301,1,0,0,2,,,0,,,,,,Auckland Region,Nil,1-way,Sealed,,0,0,,60,,On,1,1,,76,Auckland,Traffic Signals,,,,,0,0,Urban,0,,,Fine,Null
1783108.5614,5907716.1065,752748,,525201,0,0,0,0,0,North,2023/2024,NORTH ROAD,THORPE QUARRY,,Non-Injury Crash,No,2024,0,East,1,0,0,Flat,0,,0,,0,Twilight,762700,0,0,0,2,0,0,0,0,0,,0,2,Auckland Region,Nil,2-way,Sealed,0,0,0,0,80,0,None,0,0,,76,Auckland,Nil,0,0,0,0,0,0,Open,2,0,0,Fine,Null
1763696.1751,5917504.9731,752755,,516302,0,0,0,2,0,East,2022/2023,NORMAN LESSER DRIVE,TRUMAN STREET,,Non-Injury Crash,No,2023,0,East,0,0,0,Hill Road,0,,0,,0,Dark,462821,0,0,0,2,0,0,0,0,1,,0,0,Auckland Region,Nil,2-way,Sealed,0,0,0,0,50,0,On,0,0,,76,Auckland,Nil,0,0,0,0,0,0,Urban,0,0,0,Light rain,Null
1760649.1917,5908278.4053,752764,,524403,0,0,0,0,0,North,2024/2025,ROBERTSON ROAD,GADSBY ROAD,,Minor Crash,No,2024,0,North,0,0,0,Flat,0,,0,,0,Bright sun,731103,2,0,0,2,0,0,0,0,0,,0,0,Auckland Region,Nil,2-way,Sealed,0,0,0,0,50,0,Off,1,0,,76,Auckland,Isolated Pedestrian signal (non-intersection),0,0,0,1,0,0,Urban,0,0,0,Fine,Null
1748686.6012,5945230.8115,752788,,505806,0,,0,0,,South,2023/2024,NORTHERN MOTORWAY,SILVERDALE OBR,,Minor Crash,Yes,2024,,South,,0,,Flat,,,,,,Overcast,176802,2,0,0,2,,,0,,,,,,Auckland Region,Motorway ramp,1-way,Sealed,,0,0,,100,,Off,2,0,,76,Auckland,Nil,,,,,0,0,Open,0,,,Light rain,Null
1768828.1167,5882458.3554,752789,,525910,0,,0,1,,Null,2022/2023,PAERATA ROAD,KAYES ROAD,,Non-Injury Crash,No,2023,,North,,0,,Flat,,,,,,Bright sun,817800,0,0,0,2,,,0,,,,,,Auckland Region,Nil,2-way,Sealed,,0,0,,50,,Off,0,0,,76,Auckland,Give way,,,,,0,0,Urban,1,,,Fine,Null
1769012.0951,5911427.4778,752803,,523112,0,,0,1,,Null,2022/2023,HARRIS ROAD,JOSEPHS WAY,,Non-Injury Crash,No,2023,,West,,0,,Flat,,,,,,Overcast,711404,0,0,0,4,,,0,,,,,,Auckland Region,Nil,2-way,Sealed,,0,0,,50,,Off,0,0,,76,Auckland,Nil,,,,,1,0,Urban,0,,,Light rain,Null
1745136.5592,5912875.5988,752805,,512906,0,0,0,0,0,South,2022/2023,GLENGARRY ROAD,MAYWOOD CRESCENT,,Non-Injury Crash,No,2023,0,North,1,0,0,Hill Road,0,,0,,0,Dark,278403,0,0,0,2,0,0,0,0,0,,0,0,Auckland Region,Nil,2-way,Sealed,0,0,0,0,50,0,On,0,0,,76,Auckland,Nil,0,0,0,0,0,0,Urban,1,0,0,Fine,Null
1755374.9181,5921575.6595,752828,,515202,0,,0,1,,South,2023/2024,NORTHERN MOTORWAY,SHELLY BEACH OBR,,Non-Injury Crash,Yes,2023,,South,,0,,Flat,,,,,,Overcast,423600,0,0,0,5,,,0,,,,,,Auckland Region,Nil,1-way,Sealed,,0,0,,80,,Off,0,0,,76,Auckland,Nil,,,,,1,0,Open,0,,,Fine,Null
1755664.1269,5935122.9219,752829,,507101,0,,0,0,,Null,2022/2023,BEACH ROAD,ANZAC ROAD,,Non-Injury Crash,No,2023,,North,,0,,Flat,,,,,,Bright sun,161500,0,0,0,3,,,0,,,,,,Auckland Region,Nil,2-way,Sealed,,0,0,,50,,Off,2,0,,76,Auckland,Traffic Signals,,,,,0,0,Urban,0,,,Fine,Null
1771648.4977,5912991.7413,752851,,523102,0,0,0,1,0,Null,2022/2023,WHITFORD ROAD,MILLHOUSE DRIVE,,Non-Injury Crash,No,2023,0,West,0,0,1,Flat,0,,0,,0,Dark,711023,0,0,0,3,0,0,0,0,0,,0,0,Auckland Region,Nil,2-way,Sealed,0,0,0,0,50,0,On,0,0,,76,Auckland,Give way,0,0,0,0,0,0,Urban,0,0,0,Fine,Null
1772923.3374,5891378.5986,752869,,521301,0,0,1,0,0,North,2022/2023,SOUTHERN MOTORWAY,GREAT SOUTH ROAD OFF RAMP,,Non-Injury Crash,Yes,2023,0,North,0,0,0,Flat,1,,0,,0,Dark,809200,0,0,0,2,0,0,0,0,0,,0,0,Auckland Region,Nil,1-way,Sealed,0,0,0,0,100,0,On,0,0,,76,Auckland,Nil,0,0,0,0,0,0,Open,0,0,0,Light rain,Strong wind
1760340.277,5907062.4199,752917,,524112,0,,0,3,,West,2022/2023,BADER DRIVE,MASCOT AVENUE,,Non-Injury Crash,No,2023,,East,,0,,Flat,,,,,,Overcast,737500,0,0,0,2,,,0,,,,,,Auckland Region,Nil,1-way,Sealed,,0,0,,50,,Off,0,0,,76,Auckland,Nil,,,,,0,0,Urban,0,,,Fine,Null
1763132.824,5905909.3789,752923,,524303,0,,0,2,,Null,2022/2023,CLAUDE AVENUE,PORTAGE ROAD,,Minor Crash,No,2023,,North,,0,,Flat,,,,,,Overcast,656200,3,0,0,2,,,0,,,,,,Auckland Region,Nil,2-way,Unsealed,,0,0,,50,,Off,0,0,,76,Auckland,Give way,,,,,0,0,Urban,0,,,Light rain,Null
1770049.9652,5909812.8204,752924,,523114,0,0,0,2,0,Null,2023/2024,SMALES ROAD,WAYNE FRANCIS DRIVE,,Non-Injury Crash,No,2023,0,West,0,0,0,Flat,0,,0,,0,Bright sun,711804,0,0,0,3,0,0,0,0,1,,0,0,Auckland Region,Nil,1-way,Sealed,0,0,0,0,60,0,Off,0,0,,76,Auckland,Give way,0,0,0,0,0,0,Urban,0,0,0,Fine,Null
1763626.4894,5913792.6828,752941,,520402,0,,0,1,,Null,2023/2024,PENROSE ROAD,JARMAN ROAD,,Minor Crash,No,2024,,West,,0,,Flat,,,,,,Dark,640001,1,0,0,2,,,0,,,1,,,Auckland Region,Nil,2-way,Sealed,,0,0,,50,,On,0,0,,76,Auckland,Give way,,,,,0,0,Urban,0,,,Light rain,Null
1766755.4535,5902582.9189,752949,,524602,0,,1,1,,South,2023/2024,DALGETY DRIVE,KERRS ROAD,,Minor Crash,No,2024,,North,,0,,Flat,,,,,,Overcast,780407,1,0,0,2,,,0,,,,,,Auckland Region,Nil,2-way,Sealed,,0,0,,50,,Off,0,0,,76,Auckland,Nil,,,,,0,0,Urban,0,,,Fine,Null
1764800.2097,5911177.826,752955,,520500,0,0,0,1,0,North,2023/2024,SOUTHERN MOTORWAY,OTAHUHU CK BR,,Minor Crash,Yes,2023,0,North,0,0,0,Hill Road,1,,0,,0,Dark,636200,2,0,0,3,0,0,0,0,0,,0,1,Auckland Region,Nil,1-way,Sealed,0,0,0,0,100,0,On,1,0,,76,Auckland,Nil,0,0,0,0,0,0,Open,0,0,0,Light rain,Null
1767619.4403,5903918.8413,752957,,524602,0,0,0,0,0,West,2023/2024,SOUTH-WESTERN MOTORWAY,GREAT SOUTH OBR,,Non-Injury Crash,Yes,2023,0,West,0,0,0,Flat,0,,0,,0,Bright sun,780417,0,0,0,3,0,0,0,0,0,,0,1,Auckland Region,Nil,1-way,Sealed,0,0,0,0,100,0,None,0,0,,76,Auckland,Nil,0,0,0,0,1,0,Open,0,0,0,Fine,Null
1752381.862,5916234.703,752965,,517901,0,0,0,2,0,North,2023/2024,WOODWARD ROAD,JERSEY AVENUE,,Non-Injury Crash,No,2024,0,North,0,0,0,Flat,0,Christmas New Year,0,,0,Bright sun,523400,0,0,0,2,0,0,0,0,1,,0,0,Auckland Region,Nil,2-way,Sealed,0,0,0,0,50,0,Off,0,0,,76,Auckland,Nil,0,0,0,0,0,0,Urban,0,0,0,Fine,Null
1747279.9037,5919556.6969,752995,,512402,0,,0,1,,South,2022/2023,TE ATATU ROAD,TE ATATU ROAD ON RAMP,,Minor Crash,No,2023,,North,,0,,Flat,,,,,,Bright sun,253700,1,0,0,2,,,0,,,,,,Auckland Region,Motorway ramp,1-way,Sealed,,0,0,,50,,Off,0,0,,76,Auckland,Nil,,,,,1,0,Urban,1,,,Fine,Null
1766646.0674,5906633.963,753029,,522302,0,,0,1,,South,2023/2024,KIMPTON ROAD,CORNWALL ROAD,,Non-Injury Crash,No,2023,,South,,0,,Flat,,,,,,Dark,668600,0,0,0,2,,,0,,,,,,Auckland Region,Nil,2-way,Sealed,,0,0,,50,,On,0,0,,76,Auckland,Nil,,,,,0,0,Urban,1,,,Light rain,Null
1755510.4248,5928714.8576,753037,,508320,0,,0,2,,Null,2023/2024,WAIRAU ROAD,CURRYS LANE,,Non-Injury Crash,No,2023,,North,,0,,Flat,,,,,,Bright sun,198600,0,0,0,4,,,0,,,,,,Auckland Region,Nil,2-way,Sealed,,0,0,,50,,Off,0,0,,76,Auckland,Nil,,,,,0,0,Urban,0,,,Fine,Null
1763293.0051,5914922.8201,753045,,520303,0,0,0,2,0,South,2023/2024,BANKS ROAD,ELLERSLIE-PANMURE HIGHWAY,,Minor Crash,No,2024,0,East,0,0,0,Flat,0,,0,,0,Dark,626700,1,0,0,2,0,0,0,0,1,,0,0,Auckland Region,Nil,2-way,Sealed,0,0,0,0,50,0,On,0,0,,76,Auckland,Nil,0,0,0,0,0,0,Urban,0,0,0,Fine,Null
1783906.2363,5894554.2609,753053,,521132,0,0,0,1,0,West,2023/2024,HUNUA ROAD,WHITE ROAD,,Minor Crash,No,2023,0,East,0,0,0,Flat,0,,0,,0,Overcast,816100,1,0,0,2,0,0,0,0,0,,0,0,Auckland Region,Nil,2-way,Sealed,0,0,0,0,80,0,None,0,0,,76,Auckland,Nil,0,0,0,1,0,0,Open,0,0,0,Fine,Null
1770130.4647,5909066.3658,753060,,523115,0,0,0,1,0,North,2023/2024,CHAPEL ROAD,PREMWOOD ROAD,,Non-Injury Crash,No,2023,0,North,0,0,0,Flat,0,,0,,0,Dark,711905,0,0,0,2,0,0,0,0,0,,1,0,Auckland Region,Nil,1-way,Sealed,0,0,0,0,50,0,On,0,0,,76,Auckland,Nil,0,0,0,1,0,0,Urban,0,0,0,Light rain,Null
1742128.6185,5930712.755,753092,,505603,0,,0,1,,Null,2023/2024,ARTHUR STREET,GREAT NORTH ROAD,,Minor Crash,No,2024,,West,,0,,Flat,,,,,,Bright sun,213602,1,0,0,2,,,0,,,,,,Auckland Region,Nil,2-way,Sealed,,0,0,,50,,Off,1,0,,76,Auckland,Give way,,,,,0,0,Urban,0,,,Fine,Null
1744279.5708,5923049.8266,753101,,513511,0,,0,0,,South,2023/2024,NORTH-WESTERN MOTORWAY,UPPER HARBOUR MOTORWAY,,Minor Crash,Yes,2024,,Null,,0,,Flat,,,,,,Overcast,224303,1,0,0,2,,,0,,,,,,Auckland Region,Nil,1-way,Sealed,,0,0,,80,,Off,0,0,,76,Auckland,Nil,,,,,0,0,Open,2,,,Fine,Null
1753239.8541,5935671.5823,753125,,508703,0,0,0,1,0,North,2023/2024,FAIRVIEW AVENUE,TRAVIS VIEW DRIVE,,Non-Injury Crash,No,2023,0,North,0,0,1,Hill Road,0,,0,,0,Overcast,178504,0,0,0,2,0,0,0,0,0,,0,0,Auckland Region,Nil,2-way,Sealed,0,0,0,0,50,0,None,0,0,,76,Auckland,Nil,0,0,0,0,0,0,Urban,0,0,0,Light rain,Null
1763319.535,5905978.9423,753132,,524303,0,0,0,1,0,East,2023/2024,TREAGON PLACE,PORTAGE ROAD,,Non-Injury Crash,No,2023,0,South,0,0,1,Flat,0,,0,,0,Dark,656200,0,0,0,2,0,0,0,0,0,,0,0,Auckland Region,Nil,2-way,Sealed,0,0,0,0,30,0,On,0,0,20,76,Auckland,Nil,0,0,0,1,0,0,Urban,0,0,0,Fine,Null
1758812.9645,5920304.9264,753133,,515902,0,,0,1,,West,2023/2024,THE STRAND,ST GEORGES BAY ROAD,,Minor Crash,Yes,2024,,West,,0,,Flat,,,,,,Dark,453103,1,0,1,2,,,0,,,,,,Auckland Region,Nil,2-way,Sealed,,0,0,,50,,On,0,0,,76,Auckland,Nil,,,,,0,0,Urban,0,,,Fine,Null
1771564.6738,5915911.2433,753139,,522603,0,0,0,2,0,East,2023/2024,HASELER CRESCENT,BRETTON LANE,,Minor Crash,No,2023,0,East,0,0,1,Hill Road,0,,0,,0,Dark,678802,1,0,0,2,0,0,0,0,1,,0,0,Auckland Region,Nil,2-way,Sealed,0,0,0,0,50,0,On,0,0,,76,Auckland,Nil,0,0,0,0,0,0,Urban,0,0,0,Fine,Null
1768236.8316,5910679.452,753141,,523112,0,,0,2,,Null,2023/2024,NEALES ROAD,BRUCE RODERICK DRIVE,,Non-Injury Crash,No,2023,,East,,0,,Flat,,,,,,Overcast,711500,0,0,0,2,,,0,,,,,,Auckland Region,Nil,2-way,Sealed,,0,0,,50,,Off,0,0,,76,Auckland,Give way,,,,,0,0,Urban,0,,,Fine,Null
1754456.4817,5915149.4817,753155,,517702,0,,0,1,,Null,2022/2023,SANDRINGHAM ROAD,MOUNT ALBERT ROAD,,Non-Injury Crash,No,2023,,South,,0,,Flat,,,,,,Bright sun,541500,0,0,0,3,,,0,,,,,,Auckland Region,Nil,2-way,Sealed,,0,0,,50,,Off,1,0,,76,Auckland,Traffic Signals,,,,,0,0,Urban,0,,,Fine,Null
1765294.2222,5906566.6994,753163,,522202,0,,0,1,,Null,2022/2023,KOLMAR ROAD,WESTON AVENUE,,Minor Crash,No,2023,,South,,0,,Flat,,,,,,Dark,663600,1,0,0,2,,,0,,,,,,Auckland Region,Nil,2-way,Sealed,,0,0,,50,,On,0,0,,76,Auckland,Give way,,,,,0,0,Urban,1,,,Light rain,Null
1755186.7298,5924726.3056,753180,,509800,0,0,0,1,0,Null,2023/2024,ONEWA ROAD,BUSH VIEW LANE,,Non-Injury Crash,No,2023,0,North,0,0,0,Flat,0,,0,,0,Overcast,361600,0,0,0,2,0,0,0,0,0,,0,0,Auckland Region,Nil,2-way,Sealed,0,0,0,0,50,0,Off,0,0,,76,Auckland,Nil,0,0,0,0,1,0,Urban,0,1,0,Fine,Null
1755036.32,5918795.251,753181,,515410,0,,0,2,,Null,2022/2023,WILLIAMSON AVENUE,DRYDEN STREET,,Non-Injury Crash,No,2023,,South,,0,,Hill Road,,,,,,Bright sun,404600,0,0,0,2,,,0,,,,,,Auckland Region,Nil,2-way,Sealed,,0,0,,50,,Off,0,0,,76,Auckland,Stop,,,,,0,0,Urban,0,,,Fine,Null
1757874.3899,5916678.8175,753203,,515700,0,,0,2,,Null,2022/2023,GILLIES AVENUE,EPSOM AVENUE,,Minor Crash,No,2023,,South,,0,,Flat,,,,,,Dark,458200,1,0,0,4,,,0,,,,,,Auckland Region,Nil,2-way,Sealed,,0,0,,50,,On,0,0,,76,Auckland,Traffic Signals,,,,,0,0,Urban,0,,,Fine,Null
1760806.629,5907197.8471,753205,,524112,0,,0,1,,North,2023/2024,SOUTH-WESTERN MOTORWAY,BADER OBR,,Minor Crash,Yes,2024,,North,,0,,Flat,,,,,,Overcast,737500,1,0,0,2,,,0,,,,,,Auckland Region,Nil,1-way,Sealed,,0,0,,100,,Off,0,0,,76,Auckland,Nil,,,,,0,0,Open,1,,,Fine,Null
1749635.9137,5911434.2251,753211,,512100,0,0,0,2,0,North,2022/2023,VARDON ROAD,BARRON DRIVE,,Non-Injury Crash,No,2023,0,South,0,0,0,Flat,0,,0,,0,Dark,290300,0,0,0,2,0,0,0,0,1,,0,0,Auckland Region,Nil,2-way,Sealed,0,0,0,0,50,0,On,0,0,40,76,Auckland,Nil,0,0,0,0,0,0,Urban,0,0,0,Fine,Null
1753891.434,5934501.8803,753221,,507102,0,,0,1,,North,2022/2023,EAST COAST ROAD,SPENCER ROAD,,Non-Injury Crash,No,2023,,North,,0,,Hill Road,,,,,,Bright sun,159003,0,0,0,2,,,0,,,,,,Auckland Region,Nil,2-way,Sealed,,0,0,,50,,Off,0,0,,76,Auckland,Nil,,,,,0,0,Urban,1,,,Fine,Null
1760264.9483,5916845.2502,753229,,516202,0,,0,1,,Null,2022/2023,REMUERA ROAD,VICTORIA AVENUE,,Non-Injury Crash,No,2023,,West,,0,,Flat,,,,,,Bright sun,490500,0,0,0,4,,,0,,,,,,Auckland Region,Nil,2-way,Sealed,,0,0,,50,,Off,1,0,,76,Auckland,Traffic Signals,,,,,0,0,Urban,0,,,Fine,Null
1764071.0582,5904306.813,753252,,522100,0,0,0,0,0,Null,2023/2024,PUHINUI ROAD-SH 20B OFF RAMP,PUHINUI ROAD,,Non-Injury Crash,Yes,2024,0,South,0,0,0,Flat,0,,0,,0,Overcast,781001,0,0,0,2,0,1,0,0,0,,0,0,Auckland Region,Nil,1-way,Sealed,0,0,0,0,60,0,On,2,0,,76,Auckland,Traffic Signals,0,0,0,0,0,0,Urban,0,0,0,Light rain,Null
1764080.7085,5910541.4431,753269,,521801,0,,0,1,,South,2022/2023,ATKINSON AVENUE,PORTAGE ROAD,,Serious Crash,No,2023,,North,,0,,Flat,,,,,,Bright sun,786600,0,0,0,4,,,0,,,,,,Auckland Region,Nil,2-way,Sealed,,0,1,,50,,Off,0,0,,76,Auckland,Nil,,,,,0,0,Urban,1,,,Fine,Null
1771466.4811,5907643.8983,753299,45,523713,0,,0,2,,South,2023/2024,MURPHYS ROAD,JEFFS ROAD,,Minor Crash,No,2023,,South,,0,,Flat,,,,,,Bright sun,712500,1,0,0,2,,,0,,,,,,Auckland Region,Nil,2-way,Sealed,,0,0,,50,,Off,1,0,,76,Auckland,Nil,,,,,0,0,Urban,0,,,Fine,Null