X,Y,OBJECTID,advisorySpeed,areaUnitID,bicycle,bridge,bus,carStationWagon,cliffBank,crashDirectionDescription,crashFinancialYear,crashLocation1,crashLocation2,crashRoadSideRoad,crashSeverity,crashSHDescription,crashYear,debris,directionRoleDescription,ditch,fatalCount,fence,flatHill,guardRail,holiday,houseOrBuilding,intersection,kerb,light,meshblockId,minorInjuryCount,moped,motorcycle,NumberOfLanes,objectThrownOrDropped,otherObject,otherVehicleType,overBank,parkedVehicle,pedestrian,phoneBoxEtc,postOrPole,region,roadCharacter,roadLane,roadSurface,roadworks,schoolBus,seriousInjuryCount,slipOrFlood,speedLimit,strayAnimal,streetLight,suv,taxi,temporarySpeedLimit,tlaId,tlaName,trafficControl,trafficIsland,trafficSign,train,tree,truck,unknownVehicleType,urban,vanOrUtility,vehicle,waterRiver,weatherA,weatherB
1737495.2663,5910216.0242,753316,55,513800,0,0,0,1,1,East,2022/2023,PIHA ROAD,ANAWHATA ROAD,,Non-Injury Crash,No,2023,0,East,0,0,0,Hill Road,0,,0,,0,Overcast,282007,0,0,0,2,0,0,0,0,0,,0,0,Auckland Region,Nil,2-way,Sealed,0,0,0,0,100,0,None,0,0,,76,Auckland,Nil,0,0,0,0,0,0,Open,0,0,0,Light rain,Null
1770367.5316,5898970.0577,753340,,523911,0,,0,2,,Null,2022/2023,MANUROA ROAD,GREAT SOUTH ROAD,,Non-Injury Crash,No,2023,,East,,0,,Flat,,,,,,Twilight,768200,0,0,0,3,,,0,,,,,,Auckland Region,Nil,2-way,Sealed,,0,0,,50,,On,0,0,,76,Auckland,Nil,,,,,0,0,Urban,0,,,Fine,Null
1754022.6764,5934066.1388,753365,,508804,0,0,0,1,0,South,2022/2023,EAST COAST ROAD,OAKTREE AVENUE,,Non-Injury Crash,No,2023,0,West,0,0,0,Hill Road,0,,0,,0,Overcast,180610,0,0,0,2,0,0,0,0,0,,0,1,Auckland Region,Nil,2-way,Sealed,0,0,0,0,50,0,Off,0,0,,76,Auckland,Nil,0,0,0,0,0,0,Urban,0,0,0,Light rain,Null
1755956.0475,5918019.0872,753380,,517500,0,0,0,2,0,West,2022/2023,TAWARI STREET,GEORGE STREET,,Non-Injury Crash,No,2023,0,North,0,0,0,Flat,0,,0,,0,Bright sun,531200,0,0,0,2,0,0,0,0,1,,0,0,Auckland Region,Nil,2-way,Sealed,0,0,0,0,50,0,Off,0,0,,76,Auckland,Nil,0,0,0,0,0,0,Urban,0,0,0,Fine,Null
1772449.8232,5896317.7896,753389,,525410,0,0,0,1,0,East,2023/2024,ELLIOT STREET,WOOD STREET,,Non-Injury Crash,No,2023,0,West,0,0,0,Hill Road,0,,0,,0,Dark,791900,0,0,0,2,0,0,0,0,0,,0,1,Auckland Region,Nil,2-way,Sealed,0,0,0,0,50,0,On,0,0,,76,Auckland,Nil,0,0,0,0,0,0,Urban,0,0,0,Heavy rain,Null
1767600.6235,5912016.0005,753396,,522920,0,0,0,1,0,South,2022/2023,TI RAKAU DRIVE,EDGEWATER DRIVE,,Non-Injury Crash,No,2023,0,West,0,0,0,Flat,0,,0,,0,Bright sun,687801,0,0,0,2,1,0,0,0,0,,0,1,Auckland Region,Underpass,1-way,Sealed,0,0,0,0,60,0,Off,0,0,,76,Auckland,Nil,0,0,0,0,0,0,Urban,1,0,0,Fine,Null
1746862.2695,5935527.8639,753420,,506653,0,0,0,1,0,North,2023/2024,COATESVILLE-RIVERHEAD HIGHWAY,MAHOENUI VALLEY ROAD,,Non-Injury Crash,No,2023,0,North,1,0,0,Hill Road,0,,0,,0,Overcast,217209,0,0,0,2,0,0,0,0,0,,0,0,Auckland Region,Nil,2-way,Sealed,0,0,0,0,60,0,None,0,0,,76,Auckland,Nil,0,0,0,1,0,0,Urban,0,0,0,Fine,Null
1745328.6939,5914988.019,753429,,512903,0,0,0,2,0,South,2023/2024,SEYMOUR ROAD,ROSANDICH DRIVE,,Minor Crash,No,2023,0,South,0,0,0,Flat,0,,0,,0,Overcast,278107,4,0,0,2,0,0,0,0,0,,0,1,Auckland Region,Nil,2-way,Sealed,0,0,0,0,50,0,Off,0,0,,76,Auckland,Nil,0,0,0,0,0,0,Urban,0,0,0,Light rain,Null
1754393.676,5914190.5639,753437,,518802,0,0,0,4,0,West,2023/2024,TORY STREET,GLENARM AVENUE,,Non-Injury Crash,No,2023,0,East,0,0,0,Flat,0,,0,,0,Dark,579600,0,0,0,2,0,0,0,0,1,,0,0,Auckland Region,Nil,2-way,Sealed,0,0,0,0,50,0,On,0,0,,76,Auckland,Nil,0,0,0,0,0,0,Urban,0,0,0,Fine,Null
1754021.1229,5917218.1847,753460,,517600,0,,0,1,,Null,2022/2023,NEW NORTH ROAD,ST LUKES ROAD,,Non-Injury Crash,No,2023,,East,,0,,Flat,,,,,,Bright sun,534900,0,0,0,4,,,0,,,1,,,Auckland Region,Nil,2-way,Sealed,,0,0,,50,,Off,0,1,,76,Auckland,Traffic Signals,,,,,0,0,Urban,0,,,Fine,Null
1769599.7866,5905405.5033,753461,,523712,0,,0,2,,Null,2023/2024,THOMAS ROAD,ASPIRING AVENUE,,Non-Injury Crash,No,2023,,East,,0,,Hill Road,,,,,,Bright sun,713209,0,0,0,2,,,0,,,,,,Auckland Region,Nil,2-way,Sealed,,0,0,,50,,Off,0,0,,76,Auckland,Give way,,,,,0,0,Urban,0,,,Fine,Null
1757810.4684,5919000.5448,753477,,517400,0,,0,1,,North,2022/2023,PARK ROAD,DOMAIN DRIVE,,Serious Crash,No,2023,,North,,0,,Flat,,,,,,Overcast,449500,1,0,0,3,,,0,,,1,,,Auckland Region,Nil,2-way,Sealed,,0,1,,50,,Off,0,0,,76,Auckland,Nil,,,,,0,0,Urban,0,,,Fine,Null
1783005.4076,5925844.4328,753492,,520801,0,0,0,0,1,North,2023/2024,OSTEND ROAD,CALAIS TERRACE,,Non-Injury Crash,No,2024,0,East,0,0,0,Hill Road,0,,0,,0,Bright sun,515304,0,0,0,2,0,0,0,0,0,,0,0,Auckland Region,Nil,2-way,Sealed,0,0,0,0,50,0,Off,1,0,,76,Auckland,Nil,0,0,0,0,0,0,Urban,0,0,0,Fine,Null
1756491.1974,5920536.0548,753539,,514102,0,,0,1,,West,2022/2023,VICTORIA STREET WEST,WELLESLEY STREET WEST,,Minor Crash,No,2023,,East,,0,,Flat,,,,,,Overcast,432700,1,0,0,4,,,0,,,1,,,Auckland Region,Nil,2-way,Sealed,,0,0,,30,,Off,0,0,,76,Auckland,Nil,,,,,0,0,Urban,0,,,Light rain,Null
1761614.0475,5906432.0388,753572,,524200,0,,0,0,,Null,2024/2025,MASSEY ROAD,TIDAL ROAD,,Minor Crash,No,2024,,North,,0,,Flat,,,,,,Bright sun,728700,1,0,0,4,,,0,,,,,,Auckland Region,Nil,2-way,Sealed,,0,0,,50,,Off,2,0,,76,Auckland,Traffic Signals,,,,,0,0,Urban,0,,,Light rain,Null
1752996.1749,5914145.7514,753596,45,514500,0,,0,2,,East,2023/2024,MAIORO STREET,ROSAMUND AVENUE,,Non-Injury Crash,No,2024,,East,,0,,Flat,,,,,,Overcast,376700,0,0,0,4,,,0,,,,,,Auckland Region,Nil,2-way,Sealed,,0,0,,50,,Off,0,0,,76,Auckland,Nil,,,,,0,0,Urban,1,,,Light rain,None
1754946.9647,5935890.7148,753613,,507101,0,0,0,1,0,West,2022/2023,CARLISLE ROAD,LIMMER PLACE,,Non-Injury Crash,No,2023,0,West,0,0,1,Flat,0,,0,,0,Bright sun,159601,0,0,0,2,0,0,0,0,1,,0,0,Auckland Region,Nil,2-way,Unsealed,0,0,0,0,50,0,Off,0,0,,76,Auckland,Nil,0,0,0,0,0,0,Urban,1,0,0,Fine,Null
1751297.6592,5946714.0457,753620,,506001,0,,0,1,,West,2023/2024,WHANGAPARAOA ROAD,TAWHANA CRESCENT,,Non-Injury Crash,No,2024,,North,,0,,Hill Road,,,,,,Twilight,175501,0,0,0,2,,,0,,,,,,Auckland Region,Nil,2-way,Sealed,,0,0,,50,,On,0,0,,76,Auckland,Nil,,,,,0,0,Urban,1,,,Fine,Null
1755259.9168,5918269.7488,753621,,515500,0,,0,1,,West,2023/2024,NORTH-WESTERN MOTORWAY,BOND OBR,,Minor Crash,Yes,2023,,East,,0,,Flat,,,,,,Bright sun,418800,1,0,0,4,,,0,,,,,,Auckland Region,Nil,1-way,Sealed,,0,0,,80,,Off,0,0,,76,Auckland,Nil,,,,,0,0,Open,1,,,Fine,Null
1765895.3762,5904394.7541,753628,,524603,0,,0,3,,Null,2023/2024,CAVENDISH DRIVE,PLUNKET AVENUE,,Minor Crash,No,2024,,West,,0,,Flat,,,,,,Dark,674700,1,0,0,2,,,0,,,,,,Auckland Region,Nil,2-way,Sealed,,0,0,,50,,On,0,0,,76,Auckland,Traffic Signals,,,,,0,0,Urban,0,,,Fine,Null
1758202.751,5918074.1164,753629,,517400,0,,0,2,,Null,2023/2024,MORROW STREET,GILLIES AVENUE,,Non-Injury Crash,No,2023,,West,,0,,Flat,,,,,,Dark,451300,0,0,0,3,,,0,,,,,,Auckland Region,Nil,2-way,Sealed,,0,0,,50,,On,0,0,30,76,Auckland,Traffic Signals,,,,,0,0,Urban,0,,,Fine,Null
1756190.374,5919110.8277,753636,,515500,0,0,0,3,0,East,2024/2025,CHAPMAN STREET,NIXON STREET,,Non-Injury Crash,No,2024,0,East,0,0,0,Flat,0,,0,,0,Dark,417500,0,0,0,2,0,0,0,0,2,,0,0,Auckland Region,Nil,2-way,Sealed,0,0,0,0,50,0,On,0,0,,76,Auckland,Nil,0,0,0,0,0,0,Urban,0,0,0,Fine,Null
1768829.3223,5882457.1148,753691,,525910,0,,0,0,,Null,2022/2023,PAERATA ROAD,KAYES ROAD,,Minor Crash,No,2023,,North,,0,,Flat,,,,,,Bright sun,817600,1,0,1,2,,,0,,,,,,Auckland Region,Nil,2-way,Sealed,,0,0,,50,,None,0,0,,76,Auckland,Give way,,,,,0,0,Urban,1,,,Fine,Null
1765269.4124,5898373.8102,753692,,524811,0,,0,1,,Null,2023/2024,DOMAIN ROAD,WAIMAI AVENUE,,Non-Injury Crash,No,2023,,North,,0,,Flat,,,,,,Dark,773501,0,0,0,2,,,0,,,,,,Auckland Region,Nil,2-way,Sealed,,0,0,,30,,None,1,0,,76,Auckland,Give way,,,,,0,0,Urban,0,,,Fine,None
1756590.9599,5943837.5802,753700,,505902,0,0,0,2,0,South,2024/2025,WHANGAPARAOA ROAD,ARKLES DRIVE,,Minor Crash,No,2024,0,South,0,0,0,Flat,0,,0,,0,Overcast,174604,1,0,0,2,0,0,0,0,1,,0,0,Auckland Region,Nil,2-way,Sealed,0,0,0,0,50,0,Off,0,0,,76,Auckland,Nil,0,0,0,0,0,0,Urban,0,0,0,Light rain,Null
1782145.5732,5901512.8827,753708,,525201,0,,0,1,,Null,2023/2024,TOURIST ROAD,MONUMENT ROAD,,Non-Injury Crash,No,2023,,East,,0,,Flat,,,,,,Bright sun,763400,0,0,0,2,,,0,,,,,,Auckland Region,Nil,2-way,Sealed,,0,0,,60,,Off,1,0,,76,Auckland,Stop,,,,,0,0,Urban,0,,,Fine,Null
1756021.1566,5921054.5624,753709,,515202,0,,0,2,,East,2022/2023,NORTHERN MOTORWAY,FANSHAWE STREET ON RAMP,,Non-Injury Crash,Yes,2023,,North,,0,,Flat,,,,,,Bright sun,425600,0,0,0,3,,,0,,,,,,Auckland Region,Motorway ramp,1-way,Sealed,,0,0,,80,,Off,0,0,,76,Auckland,Nil,,,,,0,0,Open,0,,,Fine,Null
1752465.7896,5912398.1182,753716,45,514700,0,0,0,1,1,Null,2023/2024,DONOVAN STREET,SHIPTON PLACE,,Non-Injury Crash,No,2023,0,West,0,0,0,Hill Road,0,,0,,0,Dark,369200,0,0,0,2,0,0,0,0,0,,0,0,Auckland Region,Nil,2-way,Sealed,0,0,0,0,50,0,On,0,0,,76,Auckland,Give way,0,0,0,0,0,0,Urban,0,0,0,Fine,Frost
1755940.0397,5918190.3497,753717,,517500,0,,0,2,,North,2022/2023,NEW NORTH ROAD,KING STREET,,Non-Injury Crash,No,2023,,South,,0,,Flat,,,,,,Bright sun,529500,0,0,0,4,,,0,,,,,,Auckland Region,Nil,2-way,Sealed,,0,0,,50,,None,0,0,,76,Auckland,Nil,,,,,0,0,Urban,0,,,Fine,Null
1754735.3335,5879837.0068,753756,,521152,0,0,0,1,0,North,2023/2024,MISSION BUSH ROAD,GLENBROOK-WAIUKU ROAD,,Non-Injury Crash,No,2023,0,North,0,0,1,Hill Road,0,Christmas New Year,0,,0,Twilight,834200,0,0,0,2,0,0,0,0,0,,0,1,Auckland Region,Nil,2-way,Sealed,0,0,0,0,80,0,None,0,0,,76,Auckland,Nil,0,0,0,1,0,0,Open,0,0,0,Fine,Null
1766574.5453,5907212.6645,753757,,523601,0,0,0,1,0,South,2022/2023,SOUTHERN MOTORWAY,EAST TAMAKI ROAD ON RAMP,,Minor Crash,Yes,2023,0,South,0,0,0,Flat,1,,0,,0,Dark,709000,1,0,0,3,0,0,0,0,0,,0,0,Auckland Region,Nil,1-way,Sealed,0,0,0,0,100,0,On,0,0,,76,Auckland,Nil,0,0,0,0,1,0,Open,0,1,0,Fine,Null
1771503.2226,5895158.1336,753773,,525530,0,0,0,1,0,South,2022/2023,SOUTHERN MOTORWAY,PAPAKURA ON RAMP,,Non-Injury Crash,Yes,2023,0,South,0,0,0,Flat,1,,0,,0,Twilight,804901,0,0,0,4,0,0,0,0,0,,0,0,Auckland Region,Overpass,2-way,Sealed,0,0,0,0,100,0,On,0,0,80,76,Auckland,Nil,0,0,0,0,0,0,Open,0,0,0,Mist or Fog,Null
1752104.2227,5928350.4916,753780,,508411,0,0,0,3,0,North,2023/2024,LYNN ROAD,MANUKA ROAD,,Non-Injury Crash,No,2023,0,South,0,0,0,Hill Road,0,,0,,0,Dark,185901,0,0,0,2,0,0,0,0,1,,0,0,Auckland Region,Nil,2-way,Sealed,0,0,0,0,50,0,None,0,0,,76,Auckland,Nil,0,0,0,0,0,0,Urban,0,0,0,Light rain,Null
1744478.322,5925064.512,753787,,513431,0,,0,2,,East,2022/2023,UPPER HARBOUR MOTORWAY,TRIG OBR,,Non-Injury Crash,Yes,2023,,West,,0,,Flat,,,,,,Bright sun,223702,0,0,0,2,,,0,,,,,,Auckland Region,Nil,1-way,Sealed,,0,0,,100,,Off,0,0,,76,Auckland,Nil,,,,,0,0,Open,1,,,Fine,Null
1751890.0858,5913882.533,753788,,514402,0,0,0,3,0,Null,2023/2024,HOLBROOK STREET,HERTFORD STREET,,Minor Crash,No,2024,0,East,0,0,0,Hill Road,0,,0,,0,Dark,378800,2,0,0,2,0,0,0,0,2,,0,0,Auckland Region,Nil,2-way,Sealed,0,0,0,0,50,0,On,0,0,,76,Auckland,Nil,0,0,0,0,0,0,Urban,0,0,0,Fine,Null
1751542.9546,5915935.0663,753812,,514401,0,,0,3,,North,2023/2024,BLOCKHOUSE BAY ROAD,HENRY STREET,,Non-Injury Crash,No,2024,,Null,,0,,Flat,,,,,,Bright sun,383600,0,0,0,2,,,0,,,,,,Auckland Region,Nil,2-way,Sealed,,0,0,,50,,Off,0,0,,76,Auckland,Nil,,,,,0,1,Urban,0,,,Fine,Null
1770320.0772,5911324.1373,753853,,523105,0,,0,1,,Null,2022/2023,TI RAKAU DRIVE,BOTANY ROAD,,Non-Injury Crash,No,2023,,East,,0,,Flat,,,,,,Bright sun,711185,0,0,0,8,,,0,,,,,,Auckland Region,Nil,2-way,Sealed,,0,0,,50,,Off,0,0,,76,Auckland,Traffic Signals,,,,,0,0,Urban,1,,,Fine,Null
1776755.9202,5901139.9103,753860,,525201,0,0,0,1,0,West,2022/2023,CLEVEDON-TAKANINI ROAD,BURNSIDE ROAD,,Non-Injury Crash,No,2023,0,West,1,0,0,Flat,0,,0,,0,Dark,761100,0,0,0,2,0,0,0,0,0,,0,0,Auckland Region,Nil,2-way,Sealed,0,0,0,0,100,0,None,0,0,,76,Auckland,Nil,0,0,0,0,0,0,Open,0,0,0,Light rain,Null
1764555.0838,5905957.5449,753883,,524303,0,,0,1,,North,2022/2023,STATION ROAD,HILLCREST ROAD,,Minor Crash,No,2023,,North,,0,,Hill Road,,,,,,Bright sun,657602,1,0,0,2,,,0,,,,,,Auckland Region,Nil,2-way,Sealed,,0,0,,50,,Off,1,0,40,76,Auckland,Nil,,,,,0,0,Urban,1,,,Fine,Null
1745285.41,5919776.5345,753884,,513301,0,,0,2,,Null,2022/2023,UNIVERSAL DRIVE,LINCOLN ROAD,,Non-Injury Crash,No,2023,,North,,0,,Flat,,,,,,Overcast,232001,0,0,0,2,,,0,,,,,,Auckland Region,Nil,1-way,Sealed,,0,0,,50,,Off,0,0,,76,Auckland,Traffic Signals,,,,,0,0,Urban,0,,,Fine,Null
1768827.5577,5899538.2034,753915,,525102,0,,0,2,,Null,2022/2023,MAHIA ROAD,FIELDS ROAD,,Minor Crash,No,2023,,West,,0,,Flat,,,,,,Bright sun,768500,1,0,0,2,,,0,,,,,,Auckland Region,Nil,2-way,Sealed,,0,0,,50,,Off,0,1,,76,Auckland,Nil,,,,,0,0,Urban,0,,,Fine,Null
1737775.3253,5929962.084,753916,,505602,0,0,0,0,0,South,2023/2024,MATUA ROAD,HUARAHI PAI ROAD,,Minor Crash,No,2023,0,North,0,0,0,Flat,0,,0,,0,Twilight,215903,1,0,0,2,0,0,0,0,0,,0,1,Auckland Region,Nil,2-way,Sealed,0,0,0,0,50,0,Off,1,0,,76,Auckland,Nil,0,0,0,0,0,0,Urban,0,0,0,Light rain,Null
1742176.7395,5919023.001,753932,,513213,0,0,0,3,0,East,2023/2024,SWANSON ROAD,AIRDRIE ROAD,,Minor Crash,No,2023,0,East,0,0,0,Flat,0,,0,,0,Dark,235102,1,0,0,2,0,0,0,0,2,,0,0,Auckland Region,Nil,2-way,Sealed,0,0,0,0,50,0,On,0,0,,76,Auckland,Nil,0,0,0,0,0,0,Urban,0,0,0,Fine,Null
1749487.7345,5945792.9632,753940,,505806,0,,0,1,,Null,2022/2023,EAST COAST ROAD,HIBISCUS COAST HIGHWAY,,Non-Injury Crash,No,2023,,North,,0,,Hill Road,,,,,,Unknown,176802,0,0,0,2,,,0,,,,,,Auckland Region,Nil,2-way,Sealed,,0,0,,60,,Null,0,0,,76,Auckland,Traffic Signals,,,,,0,0,Urban,0,,,Null,Null
1755657.7338,5935619.0835,753956,35,507101,0,,0,1,,West,2023/2024,BEACH ROAD,BAYVIEW ROAD,,Serious Crash,No,2023,,South,,0,,Hill Road,,,,,,Bright sun,162400,0,0,1,2,,,0,,,,,,Auckland Region,Nil,2-way,Sealed,,0,1,,50,,None,0,0,,76,Auckland,Nil,,,,,0,0,Urban,0,,,Fine,Null
1750905.914,5947138.4697,753957,,505807,0,0,1,0,0,Null,2023/2024,HIBISCUS COAST HIGHWAY,TAIKURA AVENUE,,Serious Crash,No,2023,0,North,0,0,0,Flat,0,,0,,0,Overcast,172605,0,0,0,4,0,0,0,0,0,,0,2,Auckland Region,Nil,2-way,Sealed,0,0,1,0,60,0,Off,0,0,,76,Auckland,Stop,0,0,0,0,0,0,Urban,0,0,0,Fine,Null
1755890.17,5928259.2997,753989,,507900,0,,0,2,,North,2022/2023,NORTHERN MOTORWAY,WAIRAU OBR,,Non-Injury Crash,Yes,2023,,South,,0,,Flat,,,,,,Bright sun,307000,0,0,0,3,,,0,,,,,,Auckland Region,Nil,1-way,Sealed,,0,0,,100,,Off,0,0,,76,Auckland,Nil,,,,,0,0,Open,0,,,Fine,Null
1740644.4192,5911357.6635,754013,25,512902,0,0,0,1,0,East,2023/2024,WEST COAST ROAD,SCENIC DRIVE,,Non-Injury Crash,No,2023,0,West,0,0,0,Hill Road,0,,0,,0,Dark,279201,0,0,0,2,0,0,0,0,0,,0,0,Auckland Region,Nil,2-way,Sealed,0,0,0,0,60,0,None,0,0,,76,Auckland,Nil,0,0,0,1,0,0,Urban,0,0,0,Light rain,Null
1764590.5795,5911901.392,754020,,520500,0,0,0,1,0,North,2023/2024,SOUTHERN MOTORWAY,EAST WEST LINK OFF RAMP,,Non-Injury Crash,Yes,2024,0,North,0,0,0,Flat,1,,0,,0,Dark,639500,0,0,0,3,0,0,0,0,0,,0,0,Auckland Region,Nil,1-way,Sealed,0,0,0,0,100,0,On,0,0,,76,Auckland,Nil,0,0,0,0,0,0,Open,0,0,0,Heavy rain,Null
1762757.1715,5908507.7894,754021,,524402,0,0,0,1,0,North,2023/2024,SAVILL DRIVE,ALDERMAN PLACE,,Minor Crash,No,2024,0,West,0,0,0,Flat,0,,0,,0,Dark,749800,1,0,0,2,0,0,0,0,0,,0,0,Auckland Region,Nil,2-way,Sealed,0,0,0,0,50,0,On,0,0,,76,Auckland,Nil,0,0,0,1,0,0,Urban,0,0,0,Fine,Null
1771757.9638,5905871.7507,754036,,523713,0,0,0,1,0,North,2024/2025,RANA ROAD,KIATO LANE,,Non-Injury Crash,No,2024,0,North,0,0,0,Null,0,,0,,0,Unknown,713400,0,0,0,1,0,0,0,0,1,,0,0,Auckland Region,Nil,2-way,Null,0,0,0,0,50,0,Null,0,0,,76,Auckland,Nil,0,0,0,0,0,0,Urban,0,0,0,Null,Null
1753245.4712,5918275.9356,754037,,515003,0,,0,2,,West,2023/2024,NORTH-WESTERN MOTORWAY,ST LUKES ROAD ON RAMP,,Minor Crash,Yes,2024,,West,,0,,Flat,,,,,,Bright sun,390502,1,0,0,4,,,0,,,,,,Auckland Region,Nil,1-way,Sealed,,0,0,,100,,Off,0,0,,76,Auckland,Nil,,,,,0,0,Open,0,,,Fine,Null
1752481.1921,5918139.296,754044,,515002,0,,0,1,,East,2024/2025,GREAT NORTH ROAD,POINT CHEVALIER ROAD,,Non-Injury Crash,No,2024,,West,,0,,Flat,,,,,,Bright sun,392500,0,0,0,4,,,0,,,,,,Auckland Region,Nil,2-way,Sealed,,0,0,,50,,Off,1,0,30,76,Auckland,Nil,,,,,0,0,Urban,0,,,Fine,Null
1760862.0769,5907595.6082,754052,,524510,0,,0,1,,South,2023/2024,ROBERTSON ROAD,MCKINSTRY AVENUE,,Non-Injury Crash,No,2024,,North,,0,,Flat,,,,,,Overcast,736900,0,0,0,2,,,0,,,,,,Auckland Region,Nil,2-way,Sealed,,0,0,,50,,Off,0,0,,76,Auckland,Nil,,,,,0,0,Urban,1,,,Light rain,Null
1757031.803,5925377.295,754053,,509702,0,,0,1,,South,2023/2024,NORTHERN MOTORWAY,ESMONDE ROAD ON RAMP,,Non-Injury Crash,Yes,2023,,South,,0,,Flat,,,,,,Overcast,364601,0,0,0,3,,,0,,,,,,Auckland Region,Nil,1-way,Sealed,,0,0,,100,,Off,1,0,,76,Auckland,Nil,,,,,0,0,Open,0,,,Light rain,Null
1764777.1436,5903720.3692,754067,,524604,0,,0,1,,Null,2022/2023,ROSCOMMON ROAD,CAVENDISH DRIVE OFF RAMP,,Minor Crash,No,2023,,North,,0,,Flat,,,,,,Bright sun,781200,1,0,0,6,,,0,,,,,,Auckland Region,Motorway ramp,2-way,Sealed,,0,0,,60,,Off,0,0,,76,Auckland,Traffic Signals,,,,,1,0,Urban,0,,,Fine,Null
1756133.3549,5918760.1019,754069,,515500,0,,0,2,,North,2023/2024,NORTH-WESTERN MOTORWAY,WAIMA FTBR,,Non-Injury Crash,Yes,2023,,North,,0,,Flat,,,,,,Overcast,417600,0,0,0,4,,,0,,,,,,Auckland Region,Nil,1-way,Sealed,,0,0,,80,,Off,0,0,,76,Auckland,Nil,,,,,0,0,Open,0,,,Mist or Fog,Null
1747828.8475,5948356.9175,754077,55,506201,0,0,0,0,0,Null,2024/2025,WAINUI ROAD,UPPER OREWA ROAD,,Minor Crash,No,2024,0,North,1,0,0,Flat,0,,0,,0,Bright sun,176603,1,0,0,2,0,0,0,0,0,,0,0,Auckland Region,Nil,2-way,Sealed,0,0,0,0,100,0,None,0,0,,76,Auckland,Give way,0,0,0,0,0,0,Open,1,0,0,Fine,Null
1761453.7249,5906759.5002,754084,,524112,0,,0,1,,North,2022/2023,SOUTH-WESTERN MOTORWAY,MASSEY ROAD OFF RAMP,,Non-Injury Crash,Yes,2023,,South,,0,,Flat,,,,,,Bright sun,742300,0,0,0,2,,,0,,,,,,Auckland Region,Nil,1-way,Sealed,,0,0,,100,,Off,0,0,,76,Auckland,Nil,,,,,0,0,Open,0,,,Fine,None
1761364.088,5906807.5544,754091,,524112,0,,0,1,,North,2022/2023,SOUTH-WESTERN MOTORWAY,MASSEY ROAD ON RAMP,,Minor Crash,Yes,2023,,North,,0,,Flat,,,,,,Dark,742201,1,0,0,2,,,0,,,,,,Auckland Region,Nil,1-way,Sealed,,0,0,,100,,Off,1,0,,76,Auckland,Nil,,,,,2,0,Open,1,,,Heavy rain,Null
1776130.1201,5898709.6872,754109,55,523813,0,0,0,1,0,East,2022/2023,PAPAKURA-CLEVEDON ROAD,BULLENS ROAD,,Minor Crash,No,2023,0,East,1,0,0,Hill Road,1,,0,,0,Overcast,761700,1,0,0,2,0,0,0,0,0,,0,0,Auckland Region,Nil,2-way,Sealed,0,0,0,1,80,0,Off,0,0,,76,Auckland,Nil,0,0,0,0,0,0,Open,0,0,0,Light rain,Strong wind
1765844.3792,5907967.7025,754117,,522301,0,,0,4,,North,2022/2023,SOUTHERN MOTORWAY,EAST TAMAKI ROAD ON RAMP,,Non-Injury Crash,Yes,2023,,North,,0,,Flat,,,,,,Dark,666700,0,0,0,6,,,0,,,,,,Auckland Region,Nil,2-way,Sealed,,0,0,,100,,On,0,0,,76,Auckland,Nil,,,,,0,0,Open,0,,,Fine,Null
1743455.2258,5915422.103,754133,45,513012,0,0,0,3,0,North,2023/2024,HENDERSON VALLEY ROAD,PARRS CROSS ROAD,,Minor Crash,No,2023,0,North,1,0,0,Flat,0,,0,,0,Dark,281101,1,0,0,2,0,0,0,0,0,,0,1,Auckland Region,Nil,2-way,Sealed,0,0,0,0,50,0,On,0,1,,76,Auckland,Nil,0,0,0,0,0,0,Urban,0,0,0,Fine,Null
1768871.715,5900880.7486,754148,,525001,0,,0,2,,Null,2022/2023,GREAT SOUTH ROAD,ALFRISTON ROAD,,Non-Injury Crash,No,2023,,South,,0,,Flat,,,,,,Bright sun,751600,0,0,0,2,,,0,,,,,,Auckland Region,Nil,2-way,Sealed,,0,0,,50,,Off,0,0,,76,Auckland,Traffic Signals,,,,,0,0,Urban,0,,,Fine,None
1744006.8123,5923876.7442,754156,,513511,0,,0,1,,South,2024/2025,HOBSONVILLE ROAD OFF RAMP,HOBSONVILLE ROAD OFF RAMP,,Minor Crash,No,2024,,North,,0,,Flat,,,,,,Bright sun,224306,1,0,0,2,,,0,,,,,,Auckland Region,Motorway ramp,1-way,Sealed,,0,0,,100,,Off,1,0,,76,Auckland,Nil,,,,,0,0,Open,0,,,Fine,Null
1755133.6624,5912216.1727,754163,,519002,0,0,0,1,0,West,2022/2023,RICHARDSON ROAD,MCKINNON STREET,,Minor Crash,No,2023,0,West,0,0,0,Hill Road,0,,0,,0,Dark,591000,1,0,0,2,0,0,0,0,0,,0,0,Auckland Region,Nil,2-way,Sealed,0,0,0,0,50,0,On,0,0,,76,Auckland,Nil,0,0,0,1,0,0,Urban,0,0,0,Fine,Null
1775862.243,5882373.783,754171,,521160,0,0,0,1,0,North,2023/2024,SOUTHERN MOTORWAY,BOMBAY ON RAMP,,Serious Crash,Yes,2023,0,North,0,0,0,Flat,0,,0,,0,Dark,827603,0,0,0,2,0,0,0,0,0,,0,1,Auckland Region,Nil,1-way,Sealed,0,0,1,0,100,0,On,0,0,,76,Auckland,Nil,0,0,0,0,0,0,Open,0,0,0,Light rain,Null