X,Y,OBJECTID,advisorySpeed,areaUnitID,bicycle,bridge,bus,carStationWagon,cliffBank,crashDirectionDescription,crashFinancialYear,crashLocation1,crashLocation2,crashRoadSideRoad,crashSeverity,crashSHDescription,crashYear,debris,directionRoleDescription,ditch,fatalCount,fence,flatHill,guardRail,holiday,houseOrBuilding,intersection,kerb,light,meshblockId,minorInjuryCount,moped,motorcycle,NumberOfLanes,objectThrownOrDropped,otherObject,otherVehicleType,overBank,parkedVehicle,pedestrian,phoneBoxEtc,postOrPole,region,roadCharacter,roadLane,roadSurface,roadworks,schoolBus,seriousInjuryCount,slipOrFlood,speedLimit,strayAnimal,streetLight,suv,taxi,temporarySpeedLimit,tlaId,tlaName,trafficControl,trafficIsland,trafficSign,train,tree,truck,unknownVehicleType,urban,vanOrUtility,vehicle,waterRiver,weatherA,weatherB
1766262.1901,5901007.0777,754173,,524711,0,,0,1,,South,2022/2023,SMEDLEY STREET,BURBANK AVENUE,,Non-Injury Crash,No,2023,,South,,0,,Hill Road,,,,,,Dark,774602,0,0,0,2,,,0,,,,,,Auckland Region,Nil,2-way,Sealed,,0,0,,50,,On,0,0,,76,Auckland,Nil,,,,,0,0,Urban,1,,,Light rain,Null
1755338.7552,5921618.5991,754189,,515202,0,0,0,1,0,South,2023/2024,NORTHERN MOTORWAY,SHELLY BEACH OBR,,Non-Injury Crash,Yes,2024,0,South,0,0,0,Flat,1,,0,,0,Overcast,423600,0,0,0,5,0,0,0,0,0,,0,0,Auckland Region,Nil,1-way,Sealed,0,0,0,0,80,0,On,0,0,,76,Auckland,Nil,0,0,0,0,0,0,Open,0,0,0,Light rain,Null
1756160.9999,5924028.3428,754204,,509800,0,,0,5,,North,2024/2025,NORTHERN MOTORWAY,WEIGH BRIDGE,,Minor Crash,Yes,2024,,South,,0,,Flat,,,,,,Dark,361100,4,0,0,3,,,0,,,,,,Auckland Region,Nil,1-way,Sealed,,0,0,,80,,On,0,0,70,76,Auckland,Nil,,,,,0,0,Open,0,,,Fine,Null
1780518.2583,5926732.4163,754245,25,520801,0,,1,1,,Null,2022/2023,OCEAN VIEW ROAD,PACIFIC PARADE,,Non-Injury Crash,No,2023,,South,,0,,Hill Road,,,,,,Overcast,516401,0,0,0,2,,,0,,,,,,Auckland Region,Nil,2-way,Sealed,,0,0,,50,,Off,0,0,,76,Auckland,Stop,,,,,0,0,Urban,0,,,Light rain,Null
1763782.7668,5919079.8,754276,,516500,0,,0,1,,Null,2023/2024,KOHIMARAMA ROAD,KEPA ROAD,,Minor Crash,No,2024,,South,,0,,Flat,,,,,,Overcast,502900,1,0,0,3,,,0,,,1,,,Auckland Region,Nil,2-way,Sealed,,0,0,,50,,Off,0,0,,76,Auckland,Traffic Signals,,,,,0,0,Urban,0,,,Fine,Null
1751254.0547,5927147.953,754325,,510010,0,0,0,1,0,Null,2023/2024,LANCASTER ROAD,BEACH HAVEN ROAD,,Non-Injury Crash,No,2024,0,North,0,0,0,Flat,0,,0,,0,Dark,343000,0,0,0,1,0,0,0,0,0,,0,0,Auckland Region,Nil,1-way,Sealed,0,0,0,0,50,0,On,0,0,,76,Auckland,Give way,1,0,0,0,0,0,Urban,0,0,0,Fine,Null
1766902.4379,5907554.7824,754332,,523602,0,0,0,1,0,Null,2023/2024,BAIRDS ROAD,COBHAM CRESCENT,,Non-Injury Crash,No,2024,0,South,0,0,0,Flat,0,,0,,0,Bright sun,709300,0,0,0,2,0,0,0,0,0,,0,1,Auckland Region,Nil,2-way,Sealed,0,0,0,0,50,0,None,0,0,,76,Auckland,Give way,0,0,0,0,0,0,Urban,0,0,0,Fine,Null
1764636.3463,5905689.1762,754341,,522100,0,,0,1,,Null,2024/2025,WYLLIE ROAD,KENDERDINE ROAD,,Non-Injury Crash,No,2024,,North,,0,,Flat,,,,,,Overcast,657800,0,0,0,2,,,0,,,,,,Auckland Region,Nil,2-way,Sealed,,0,0,,50,,Off,0,0,,76,Auckland,Give way,,,,,1,0,Urban,0,,,Fine,Null
1773005.1424,5896409.4189,754348,,525410,0,,0,2,,Null,2022/2023,CLEVEDON ROAD,RON KEAT DRIVE,,Non-Injury Crash,No,2023,,East,,0,,Flat,,,,,,Overcast,793100,0,0,0,2,,,0,,,,,,Auckland Region,Nil,2-way,Sealed,,0,0,,50,,Off,0,0,,76,Auckland,Give way,,,,,0,0,Urban,0,,,Fine,None
1768002.7656,5912042.5686,754349,,523000,0,,0,2,,Null,2023/2024,GOSSAMER DRIVE,RIVERHILLS AVENUE,,Non-Injury Crash,No,2024,,North,,0,,Flat,,,,,,Overcast,688400,0,0,0,2,,,0,,,,,,Auckland Region,Nil,2-way,Sealed,,0,0,,50,,None,0,0,,76,Auckland,Give way,,,,,0,0,Urban,0,,,Fine,Null
1748895.1971,5970517.3561,754356,,505500,0,,0,1,,Null,2024/2025,BROWN ROAD,SHOESMITH STREET,,Serious Crash,No,2024,,South,,0,,Flat,,,,,,Bright sun,140300,0,0,2,2,,,0,,,,,,Auckland Region,Nil,2-way,Sealed,,0,1,,60,,Off,0,0,,76,Auckland,Stop,,,,,0,0,Urban,0,,,Fine,Null
1758014.4273,5920282.6109,754380,,514103,0,,0,1,,Null,2023/2024,WATERLOO QUADRANT,SYMONDS STREET,,Non-Injury Crash,No,2023,,South,,0,,Hill Road,,,,,,Dark,438203,0,0,0,4,,,0,,,,,,Auckland Region,Nil,2-way,Sealed,,0,0,,50,,On,0,0,,76,Auckland,Traffic Signals,,,,,0,0,Urban,1,,,Light rain,Null
1758298.9818,5927354.6468,754381,,508010,0,0,0,2,0,East,2023/2024,THE STRAND,HURSTMERE ROAD,,Non-Injury Crash,No,2024,0,South,0,0,0,Flat,0,,0,,0,Overcast,326300,0,0,0,2,0,0,0,0,2,,0,0,Auckland Region,Nil,2-way,Sealed,0,0,0,0,20,0,Off,1,0,,76,Auckland,Nil,0,0,0,0,0,0,Urban,1,0,0,Fine,Null
1745478.6806,5920586.8453,754387,,513301,0,,0,1,,North,2022/2023,LINCOLN ROAD,TRIANGLE ROAD,,Non-Injury Crash,No,2023,,South,,0,,Flat,,,,,,Bright sun,230301,0,0,0,3,,,0,,,,,,Auckland Region,Nil,1-way,Sealed,,0,0,,50,,Off,1,0,,76,Auckland,Nil,,,,,0,0,Urban,0,,,Fine,Null
1742438.0671,5917018.2826,754388,45,513220,0,0,0,1,0,South,2023/2024,SIMPSON ROAD,TASMAN AVENUE,,Non-Injury Crash,No,2023,0,North,0,0,1,Hill Road,0,Christmas New Year,0,,0,Overcast,238702,0,0,0,2,0,0,0,0,0,,0,0,Auckland Region,Nil,2-way,Sealed,0,0,0,0,50,0,Off,0,0,,76,Auckland,Nil,0,0,0,0,0,0,Urban,0,0,0,Light rain,Null
1766093.3794,5915618.4575,754396,,520601,0,,0,2,,Null,2024/2025,TRIPOLI ROAD,TOBRUK ROAD,,Minor Crash,No,2024,,North,,0,,Hill Road,,,,,,Bright sun,633900,1,0,0,2,,,0,,,,,,Auckland Region,Nil,2-way,Sealed,,0,0,,50,,Off,0,0,,76,Auckland,Give way,,,,,0,0,Urban,0,,,Fine,Null
1770229.9039,5881506.4657,754403,,525922,0,0,0,1,0,South,2022/2023,NGAHERE ROAD,EAST STREET,,Non-Injury Crash,No,2023,0,South,1,0,0,Hill Road,0,,0,,0,Twilight,816900,0,0,0,2,0,0,0,0,0,,0,0,Auckland Region,Nil,2-way,Sealed,0,0,0,0,50,0,On,0,0,,76,Auckland,Nil,0,0,0,0,0,0,Urban,0,0,0,Fine,Null
1760970.4654,5915221.962,754405,,520201,0,0,0,2,0,North,2022/2023,SOUTHERN MOTORWAY,MAIN OBR,,Non-Injury Crash,Yes,2023,0,South,0,0,0,Flat,1,,0,,0,Dark,613500,0,0,0,3,0,0,0,0,0,,0,0,Auckland Region,Nil,1-way,Sealed,0,0,0,0,100,0,On,0,0,,76,Auckland,Nil,0,0,0,0,0,0,Open,0,0,0,Light rain,Null
1760128.7988,5915524.8708,754420,,519400,0,,0,2,,Null,2023/2024,GREAT SOUTH ROAD,ADAM STREET,,Non-Injury Crash,No,2024,,South,,0,,Flat,,,,,,Bright sun,617100,0,0,0,4,,,0,,,,,,Auckland Region,Nil,2-way,Sealed,,0,0,,50,,Off,0,0,,76,Auckland,Stop,,,,,0,0,Urban,0,,,Fine,Null
1768270.942,5909244.294,754437,,523112,0,,0,1,,South,2023/2024,KERWYN AVENUE,ANDROMEDA CRESCENT,,Minor Crash,No,2024,,West,,0,,Flat,,,,,,Bright sun,711600,1,0,0,2,,,0,,,,,,Auckland Region,Nil,2-way,Sealed,,0,0,,50,,Off,0,0,,76,Auckland,Nil,,,,,0,0,Urban,1,,,Fine,Null
1770288.1367,5906367.7081,754445,,523712,0,,0,1,,Null,2023/2024,FLAT BUSH SCHOOL ROAD,HIKUAWA ROAD,,Non-Injury Crash,No,2024,,East,,0,,Flat,,,,,,Bright sun,713201,0,0,0,1,,,0,,,,,,Auckland Region,Nil,1-way,Sealed,,0,0,,50,,Off,1,0,,76,Auckland,Give way,,,,,0,0,Urban,0,,,Fine,Null
1758111.9148,5913447.9397,754468,,518600,0,,0,1,,East,2024/2025,MOUNT ALBERT ROAD,ERSON AVENUE,,Minor Crash,No,2024,,East,,0,,Flat,,,,,,Bright sun,567300,1,0,0,4,,,0,,,1,,,Auckland Region,Nil,2-way,Sealed,,0,0,,50,,Off,0,0,,76,Auckland,Nil,,,,,0,0,Urban,0,,,Fine,Null
1783950.0833,5894535.6484,754475,,521132,0,,0,1,,Null,2022/2023,HUNUA ROAD,WHITE ROAD,,Non-Injury Crash,No,2023,,South,,0,,Flat,,,,,,Overcast,816100,0,0,0,2,,,0,,,,,,Auckland Region,Nil,2-way,Sealed,,0,0,,100,,None,0,0,,76,Auckland,Give way,,,,,0,0,Open,0,,,Fine,Null
1751075.4263,5925717.2016,754483,,510020,0,0,0,3,0,Null,2022/2023,TAURUS CRESCENT,TE URUNGAMAI LANE,,Minor Crash,No,2023,0,East,0,0,0,Hill Road,0,Christmas New Year,0,,0,Dark,345800,1,0,0,2,0,0,0,0,1,,0,0,Auckland Region,Nil,2-way,Sealed,0,0,0,0,50,0,On,0,0,,76,Auckland,Nil,0,0,0,0,0,0,Urban,0,0,0,Fine,Null
1765827.0157,5908049.8196,754484,,523402,0,,0,3,,South,2023/2024,SOUTHERN MOTORWAY,BAIRDS OBR,,Non-Injury Crash,Yes,2024,,South,,0,,Flat,,Queens Birthday,,,,Dark,699000,0,0,0,3,,,0,,,,,,Auckland Region,Nil,1-way,Sealed,,0,0,,100,,On,0,0,,76,Auckland,Nil,,,,,0,0,Open,0,,,Fine,Null
1768121.723,5902780.8646,754485,,524602,0,,0,1,,North,2023/2024,GREAT SOUTH ROAD,TOTARA MEADOWS COURT,,Non-Injury Crash,No,2023,,South,,0,,Flat,,,,,,Overcast,780510,0,0,0,4,,,0,,,,,,Auckland Region,Nil,2-way,Sealed,,0,0,,50,,Off,0,0,,76,Auckland,Nil,,,,,0,0,Urban,1,,,Fine,None
1764130.9738,5904308.2949,754493,,524604,0,,0,2,,North,2023/2024,PUHINUI ROAD,PUHINUI ROAD-SH 20B OFF RAMP,,Non-Injury Crash,No,2023,,South,,0,,Flat,,,,,,Bright sun,781100,0,0,0,2,,,0,,,,,,Auckland Region,Nil,1-way,Sealed,,0,0,,50,,Off,0,0,,76,Auckland,Nil,,,,,0,0,Urban,0,,,Fine,None
1762601.2807,5920754.4257,754508,,516400,0,,0,2,,East,2024/2025,TAMAKI DRIVE,HAPIMANA STREET,,Minor Crash,No,2024,,West,,0,,Hill Road,,,,,,Dark,498801,2,0,0,2,,,0,,,,,,Auckland Region,Nil,2-way,Sealed,,0,0,,50,,On,0,0,,76,Auckland,Nil,,,,,0,0,Urban,0,,,Fine,Null
1747093.7624,5972146.5752,754523,,506661,0,,0,1,,Null,2022/2023,SH 1,GOATLEY ROAD,,Non-Injury Crash,Yes,2023,,North,,0,,Null,,,,,,Unknown,139106,0,0,0,2,,,0,,,,,,Auckland Region,Nil,2-way,Sealed,,0,0,,80,,Null,0,0,,76,Auckland,Give way,,,,,0,0,Open,1,,,Null,Null
1744391.3147,5969031.046,754531,,506613,0,0,0,1,0,East,2023/2024,WOODCOCKS ROAD,OLD KAIPARA ROAD,,Minor Crash,No,2024,0,East,1,0,0,Flat,0,,0,,0,Overcast,145800,1,0,0,2,0,0,0,0,0,,0,0,Auckland Region,Nil,2-way,Sealed,0,0,0,0,100,0,Off,0,0,,76,Auckland,Nil,0,0,0,0,0,0,Open,0,0,0,Light rain,Null
1756428.4051,5919360.3643,754540,,514200,0,,0,0,,Null,2022/2023,EDINBURGH STREET,KARANGAHAPE ROAD,,Non-Injury Crash,No,2023,,North,,0,,Hill Road,,,,,,Overcast,411900,0,0,0,2,,,0,,,,,,Auckland Region,Nil,2-way,Sealed,,0,0,,30,,Off,1,0,,76,Auckland,Give way,,,,,0,0,Urban,1,,,Light rain,Null
1764384.5562,5909899.1728,754549,,521802,0,,0,0,,West,2022/2023,AVENUE ROAD,CHURCH STREET,,Non-Injury Crash,No,2023,,North,,0,,Flat,,,,,,Dark,787800,0,0,0,2,,,0,,,,,,Auckland Region,Nil,2-way,Sealed,,0,0,,30,,None,0,0,,76,Auckland,Nil,,,,,0,0,Urban,2,,,Light rain,None
1756438.1238,5919377.8577,754563,,514000,0,,0,2,,Null,2022/2023,KARANGAHAPE ROAD,HOWE STREET,,Minor Crash,No,2023,,East,,0,,Flat,,,,,,Dark,413900,1,0,0,5,,,0,,,,,,Auckland Region,Nil,2-way,Sealed,,0,0,,30,,On,0,0,,76,Auckland,Traffic Signals,,,,,0,0,Urban,0,,,Fine,Null
1765397.8858,5907093.5582,754580,,522201,0,,0,2,,West,2023/2024,SHIRLEY ROAD,GREAT SOUTH ROAD,,Minor Crash,No,2023,,East,,0,,Flat,,,,,,Bright sun,661100,1,0,0,3,,,0,,,,,,Auckland Region,Nil,2-way,Sealed,,0,0,,50,,Null,0,0,,76,Auckland,Nil,,,,,0,0,Urban,0,,,Fine,Null
1747192.2121,5920271.4295,754587,,512300,0,,0,2,,North,2023/2024,TE ATATU ROAD,OLD TE ATATU ROAD,,Non-Injury Crash,No,2023,,North,,0,,Flat,,,,,,Twilight,252000,0,0,0,4,,,0,,,,,,Auckland Region,Nil,2-way,Sealed,,0,0,,50,,On,0,0,,76,Auckland,Nil,,,,,0,0,Urban,0,,,Light rain,Null
1769992.7138,5899270.5083,754589,,523920,0,1,0,0,0,Null,2023/2024,GREAT SOUTH ROAD,TAKANINI ON RAMP,,Minor Crash,No,2023,0,North,0,0,0,Flat,0,,0,,0,Bright sun,768005,1,0,0,2,0,0,0,0,0,,0,0,Auckland Region,Motorway ramp,1-way,Sealed,0,0,0,0,50,0,Off,1,0,,76,Auckland,Traffic Signals,0,0,0,0,0,0,Urban,0,0,0,Fine,Null
1767336.8067,5903531.136,754603,,524602,0,0,0,1,0,East,2022/2023,TREVOR HOSKEN DRIVE,TOURMALIN PLACE,,Minor Crash,No,2023,0,West,0,0,0,Flat,0,,0,,0,Dark,780413,2,0,0,1,0,0,0,0,0,,0,0,Auckland Region,Nil,1-way,Sealed,0,0,0,0,50,0,On,0,0,,76,Auckland,Nil,0,0,0,1,0,0,Urban,0,0,0,Fine,Null
1762366.3182,5913354.8406,754604,,520402,0,,0,2,,South,2023/2024,SOUTHERN MOTORWAY,PENROSE OBR,,Minor Crash,Yes,2024,,South,,0,,Flat,,,,,,Dark,642200,1,0,0,3,,,0,,,,,,Auckland Region,Nil,1-way,Sealed,,0,0,,100,,On,0,0,,76,Auckland,Nil,,,,,0,0,Open,1,,,Light rain,Strong wind
1745316.2681,5920053.6668,754619,,513301,0,,0,3,,South,2022/2023,LINCOLN ROAD,DAYTONA ROAD,,Minor Crash,No,2023,,North,,0,,Flat,,,,,,Bright sun,231900,1,0,0,4,,,0,,,,,,Auckland Region,Nil,2-way,Sealed,,0,0,,50,,Off,1,0,,76,Auckland,Nil,,,,,0,0,Urban,0,,,Fine,Null
1744973.6072,5921207.3018,754621,,513530,0,,0,2,,East,2024/2025,NORTH-WESTERN MOTORWAY,HURUHURU OBR,,Minor Crash,Yes,2024,,East,,0,,Flat,,,,,,Overcast,226303,3,0,0,3,,,0,,,,,,Auckland Region,Nil,1-way,Sealed,,0,0,,100,,On,0,0,,76,Auckland,Nil,,,,,0,0,Open,1,,,Light rain,Null
1759190.2208,5916492.1992,754629,,516001,0,,0,1,,Null,2023/2024,GREAT SOUTH ROAD,PATEY STREET,,Minor Crash,No,2024,,North,,0,,Flat,,,,,,Bright sun,493800,1,0,1,4,,,0,,,,,,Auckland Region,Nil,2-way,Sealed,,0,0,,50,,Off,0,0,,76,Auckland,Nil,,,,,0,0,Urban,0,,,Fine,Strong wind
1759753.349,5908452.1573,754644,35,524121,0,0,0,1,0,Null,2023/2024,HALL AVENUE,MOLESWORTH PLACE,,Non-Injury Crash,No,2023,0,South,0,0,0,Flat,0,,0,,1,Dark,737106,0,0,0,2,0,0,0,0,0,,0,1,Auckland Region,Nil,2-way,Sealed,0,0,0,0,50,0,On,0,0,30,76,Auckland,Nil,0,0,0,0,0,0,Urban,0,0,0,Fine,Null
1765638.0396,5908850.3689,754667,,523402,0,,0,1,,Null,2023/2024,HIGHBROOK DRIVE,HELLABYS ROAD,,Non-Injury Crash,No,2023,,South,,0,,Flat,,,,,,Dark,696900,0,0,0,2,,,0,,,,,,Auckland Region,Motorway ramp,1-way,Sealed,,0,0,,50,,On,0,0,,76,Auckland,Give way,,,,,1,0,Urban,0,,,Fine,Null
1753526.5274,5914396.6423,754677,,518801,0,0,0,1,0,Null,2023/2024,MAIORO STREET OFF RAMP,MAIORO STREET,,Non-Injury Crash,No,2023,0,North,0,0,0,Hill Road,0,,0,,0,Dark,578400,0,0,0,3,0,0,0,0,0,,0,0,Auckland Region,Nil,1-way,Sealed,0,0,0,0,50,0,On,0,0,,76,Auckland,Traffic Signals,0,1,0,0,0,0,Urban,0,0,0,Fine,Null
1737684.7846,5932103.9511,754700,,506653,0,,0,0,,North,2023/2024,OLD NORTH ROAD,PINETONE ROAD,,Minor Crash,No,2023,,North,,0,,Hill Road,,,,,,Dark,217000,2,0,0,2,,,0,,,,,,Auckland Region,Nil,2-way,Sealed,,0,0,,80,,None,0,0,,76,Auckland,Nil,,,,,0,0,Open,1,,,Fine,Null
1763483.7867,5910673.8751,754708,,520500,0,,0,2,,Null,2023/2024,PORTAGE ROAD,GREAT SOUTH ROAD,,Non-Injury Crash,No,2023,,North,,0,,Flat,,,,,,Overcast,637801,0,0,0,3,,,0,,,,,,Auckland Region,Nil,2-way,Sealed,,0,0,,50,,On,0,0,,76,Auckland,Give way,,,,,0,0,Urban,0,,,Light rain,Null
1766369.8842,5906501.682,754709,,522302,0,0,0,2,0,East,2022/2023,TUI ROAD,FRASER ROAD,,Minor Crash,No,2023,0,East,0,0,0,Flat,0,,0,,0,Dark,668901,1,0,0,2,0,0,0,0,1,,0,0,Auckland Region,Nil,2-way,Sealed,0,0,0,0,50,0,On,0,0,,76,Auckland,Nil,0,0,0,0,0,0,Urban,0,0,0,Fine,Null
1751530.0019,5916407.9814,754741,,514900,0,,0,2,,Null,2022/2023,GREAT NORTH ROAD,BLOCKHOUSE BAY ROAD,,Non-Injury Crash,No,2023,,South,,0,,Flat,,,,,,Dark,384902,0,0,0,4,,,0,,,,,,Auckland Region,Nil,2-way,Sealed,,0,0,,50,,On,0,0,,76,Auckland,Traffic Signals,,,,,0,0,Urban,0,,,Fine,Null
1730338.6713,5940179.2001,754748,,506800,0,0,0,1,0,South,2023/2024,AWAROA ROAD,CABELEIGH DRIVE,,Minor Crash,No,2024,0,South,0,0,0,Flat,0,,0,,0,Dark,209901,1,0,0,2,0,0,0,0,1,,0,0,Auckland Region,Nil,2-way,Sealed,0,0,0,0,50,0,On,1,0,,76,Auckland,Nil,0,0,0,0,0,0,Urban,0,0,0,Fine,Null
1739972.8984,5925731.0044,754749,,513701,0,0,0,1,0,South,2023/2024,TAUPAKI ROAD,NIXON ROAD,,Minor Crash,No,2024,0,South,0,0,0,Flat,0,,0,,0,Bright sun,229400,1,0,0,2,0,0,0,0,0,,0,0,Auckland Region,Nil,2-way,Sealed,0,0,0,0,60,0,None,0,0,,76,Auckland,Nil,0,0,0,1,0,0,Urban,0,0,0,Fine,Null
1753550.249,5914448.6912,754756,,518801,0,,0,2,,Null,2023/2024,MAIORO STREET,MAIORO STREET ON RAMP,,Non-Injury Crash,No,2023,,North,,0,,Hill Road,,,,,,Bright sun,578500,0,0,0,3,,,0,,,,,,Auckland Region,Nil,1-way,Sealed,,0,0,,50,,Off,0,0,,76,Auckland,Traffic Signals,,,,,0,0,Urban,0,,,Fine,None
1756085.255,5930138.4087,754773,,508520,0,0,0,1,0,Null,2023/2024,OFF ROAD -CAR PARK,,,Minor Crash,No,2024,0,South,0,0,1,Flat,0,,0,,0,Overcast,148802,1,0,0,0,0,0,0,0,0,,0,1,Auckland Region,Nil,Off road,Sealed,0,0,0,0,,0,Off,0,0,,76,Auckland,Nil,0,0,0,0,0,0,Urban,0,0,0,Fine,Null
1769896.8763,5900031.3971,754780,,523817,0,,0,1,,North,2023/2024,SOUTHERN MOTORWAY,PAPAKURA STM BR,,Non-Injury Crash,Yes,2024,,South,,0,,Flat,,,,,,Bright sun,759738,0,0,0,3,,,0,,,,,,Auckland Region,Nil,1-way,Sealed,,0,0,,100,,Null,0,0,,76,Auckland,Nil,,,,,0,0,Open,1,,,Fine,Null
1754102.0973,5918424.712,754813,,515431,0,0,0,1,0,Null,2022/2023,GREAT NORTH ROAD,ST LUKES ROAD OFF RAMP,,Non-Injury Crash,No,2023,0,North,0,0,0,Flat,0,,0,,0,Overcast,406300,0,0,0,2,0,0,0,0,0,,0,0,Auckland Region,Motorway ramp,1-way,Sealed,0,0,0,0,50,0,Off,0,0,,76,Auckland,Traffic Signals,0,0,0,1,0,0,Urban,0,0,0,Light rain,Null
1759076.0762,5916922.4126,754836,,516001,0,,0,1,,North,2024/2025,SOUTHERN MOTORWAY,MARKET OBR,,Minor Crash,Yes,2024,,South,,0,,Flat,,,,,,Dark,491200,1,0,0,4,,,0,,,,,,Auckland Region,Nil,1-way,Sealed,,0,0,,100,,On,0,0,,76,Auckland,Nil,,,,,1,0,Open,0,,,Fine,Null
1745804.7777,5922963.5713,754843,,513530,0,0,0,2,0,North,2022/2023,ALLINGTON ROAD,PIPITEA PLACE,,Non-Injury Crash,No,2023,0,South,0,0,1,Flat,0,,0,,0,Dark,224502,0,0,0,2,0,0,0,0,1,,0,0,Auckland Region,Nil,2-way,Sealed,0,0,0,0,50,0,Off,0,0,,76,Auckland,Nil,0,0,0,0,0,0,Urban,1,0,0,Fine,Null
1753507.1797,5914412.1362,754845,,518801,0,,0,2,,Null,2023/2024,MAIORO STREET,MAIORO STREET ON RAMP,,Minor Crash,No,2024,,East,,0,,Flat,,,,,,Bright sun,578400,1,0,0,3,,,0,,,,,,Auckland Region,Overpass,1-way,Sealed,,0,0,,50,,Off,0,0,,76,Auckland,Traffic Signals,,,,,0,0,Urban,0,,,Fine,Null
1758990.1967,5917036.6345,754852,,516001,0,,0,2,,South,2023/2024,SOUTHERN MOTORWAY,MARKET ROAD OFF RAMP,,Non-Injury Crash,Yes,2023,,South,,0,,Flat,,,,,,Overcast,491200,0,0,0,4,,,0,,,,,,Auckland Region,Nil,1-way,Sealed,,0,0,,80,,Off,0,0,,76,Auckland,Nil,,,,,1,0,Open,0,,,Fine,Null
1768506.4881,5882240.1661,754861,,525910,0,,0,2,,Null,2022/2023,KAYES ROAD,PRADO DRIVE,,Non-Injury Crash,No,2023,,North,,0,,Flat,,,,,,Bright sun,817901,0,0,0,2,,,0,,,,,,Auckland Region,Nil,2-way,Sealed,,0,0,,50,,None,0,0,,76,Auckland,Nil,,,,,0,0,Urban,0,,,Fine,Null
1758497.5369,5927860.962,754885,,508010,0,0,0,1,0,East,2023/2024,BRETT AVENUE,HURSTMERE ROAD,,Non-Injury Crash,No,2023,0,West,0,0,0,Flat,0,,0,,0,Bright sun,325800,0,0,0,1,0,0,0,0,1,,0,0,Auckland Region,Nil,2-way,Sealed,0,0,0,0,50,0,Off,0,0,,76,Auckland,Nil,0,0,0,0,0,0,Urban,1,0,0,Fine,Null
1756421.1839,5927159.8756,754900,,507900,0,,0,1,,South,2023/2024,NORTHERN MOTORWAY,NORTHCOTE OBR,,Non-Injury Crash,Yes,2023,,South,,0,,Flat,,,,,,Overcast,303502,0,0,0,3,,,0,,,,,,Auckland Region,Nil,1-way,Sealed,,0,0,,100,,Off,0,0,,76,Auckland,Nil,,,,,0,0,Open,1,,,Fine,Null
1765043.2054,5914624.8289,754901,,520602,0,,0,2,,North,2023/2024,LAGOON DRIVE,BASIN VIEW LANE,,Minor Crash,No,2024,,West,,0,,Hill Road,,,,,,Bright sun,628601,2,0,0,3,,,0,,,,,,Auckland Region,Bridge,1-way,Sealed,,0,0,,50,,Off,0,0,,76,Auckland,Nil,,,,,0,0,Urban,0,,,Fine,Null
1756120.6499,5923834.3175,754908,,509800,0,,0,1,,South,2024/2025,NORTHERN MOTORWAY,WEIGH BRIDGE,,Minor Crash,Yes,2024,,South,,0,,Flat,,,,,,Twilight,358800,1,0,0,4,,,0,,,,,,Auckland Region,Nil,1-way,Sealed,,0,0,,80,,On,3,0,,76,Auckland,Nil,,,,,0,0,Open,2,,,Fine,Null
1760514.6831,5916211.8081,754924,,516002,0,,0,1,,Null,2023/2024,GREEN LANE EAST,ASCOT AVENUE,,Non-Injury Crash,No,2024,,East,,0,,Flat,,,,,,Overcast,493500,0,0,0,4,,,0,,,,,,Auckland Region,Nil,2-way,Sealed,,0,0,,50,,On,0,0,,76,Auckland,Traffic Signals,,,,,0,0,Urban,1,,,Light rain,Null
1769382.1356,5903820.899,754947,,523820,0,0,0,1,0,South,2022/2023,RIBBONWOOD CRESCENT,GOODWOOD DRIVE,,Non-Injury Crash,No,2023,0,South,0,0,0,Hill Road,0,,0,,0,Bright sun,760137,0,0,0,2,0,0,0,0,2,,0,0,Auckland Region,Nil,2-way,Sealed,0,0,0,0,50,0,Off,0,0,,76,Auckland,Nil,0,0,0,0,1,0,Urban,1,0,0,Fine,Null
1751257.5738,5947660.0975,754957,,505807,0,,0,1,,North,2023/2024,HIBISCUS COAST HIGHWAY,MOFFAT ROAD,,Minor Crash,No,2024,,West,,0,,Flat,,,,,,Overcast,172502,1,0,0,2,,,0,,,,,,Auckland Region,Nil,2-way,Sealed,,0,0,,50,,Off,0,0,,76,Auckland,Nil,,,,,0,0,Urban,1,,,Fine,Null
1772828.3093,5896141.0271,754964,,525410,0,0,0,1,0,North,2023/2024,GREAT SOUTH ROAD,WOOD STREET,,Non-Injury Crash,No,2024,0,South,0,0,1,Flat,0,,0,,0,Dark,793000,0,0,0,2,0,1,0,0,0,,0,1,Auckland Region,Nil,2-way,Sealed,1,0,0,0,50,0,On,0,0,,76,Auckland,Nil,0,0,0,0,0,0,Urban,0,0,0,Fine,Null
1768323.9829,5914954.1807,754973,,522810,0,0,0,2,0,East,2023/2024,BUTLEY DRIVE,GLENMORE ROAD,,Non-Injury Crash,No,2023,0,West,0,0,0,Hill Road,0,,0,,0,Dark,693001,0,0,0,2,0,0,0,0,1,,0,0,Auckland Region,Nil,2-way,Sealed,0,0,0,0,50,0,On,0,0,,76,Auckland,Nil,0,0,0,1,0,0,Urban,0,0,0,Fine,Null
1756075.945,5913138.0017,754997,,518701,0,,0,1,,West,2023/2024,SOUTH-WESTERN MOTORWAY,HAYR OBR,,Minor Crash,Yes,2023,,East,,0,,Flat,,,,,,Overcast,569800,1,0,0,3,,,0,,,,,,Auckland Region,Nil,1-way,Sealed,,0,0,,100,,Off,0,0,,76,Auckland,Nil,,,,,1,0,Open,0,,,Fine,Null