X,Y,OBJECTID,advisorySpeed,areaUnitID,bicycle,bridge,bus,carStationWagon,cliffBank,crashDirectionDescription,crashFinancialYear,crashLocation1,crashLocation2,crashRoadSideRoad,crashSeverity,crashSHDescription,crashYear,debris,directionRoleDescription,ditch,fatalCount,fence,flatHill,guardRail,holiday,houseOrBuilding,intersection,kerb,light,meshblockId,minorInjuryCount,moped,motorcycle,NumberOfLanes,objectThrownOrDropped,otherObject,otherVehicleType,overBank,parkedVehicle,pedestrian,phoneBoxEtc,postOrPole,region,roadCharacter,roadLane,roadSurface,roadworks,schoolBus,seriousInjuryCount,slipOrFlood,speedLimit,strayAnimal,streetLight,suv,taxi,temporarySpeedLimit,tlaId,tlaName,trafficControl,trafficIsland,trafficSign,train,tree,truck,unknownVehicleType,urban,vanOrUtility,vehicle,waterRiver,weatherA,weatherB
1768158.3609,5904101.1402,755012,,523820,0,0,0,1,0,North,2022/2023,REDOUBT ROAD ON RAMP,SOUTHERN MOTORWAY,,Non-Injury Crash,No,2023,0,South,0,0,0,Hill Road,1,,0,,0,Twilight,759901,0,0,0,2,0,0,0,0,0,,0,1,Auckland Region,Nil,1-way,Sealed,0,0,0,0,100,0,On,0,0,,76,Auckland,Nil,0,0,0,0,0,0,Open,0,0,0,Light rain,Null
1766573.1723,5913052.3079,755020,,522920,0,,0,2,,Null,2022/2023,TI RAKAU DRIVE,PALM AVENUE,,Non-Injury Crash,No,2023,,North,,0,,Flat,,,,,,Dark,683900,0,0,0,3,,,0,,,,,,Auckland Region,Nil,1-way,Sealed,,0,0,,60,,On,0,0,,76,Auckland,Give way,,,,,0,0,Urban,0,,,Fine,Null
1765798.675,5908118.4453,755028,,523402,0,,0,1,,South,2022/2023,SOUTHERN MOTORWAY,BAIRDS OBR,,Non-Injury Crash,Yes,2023,,South,,0,,Flat,,,,,,Overcast,699000,0,0,0,3,,,0,,,,,,Auckland Region,Nil,1-way,Sealed,,0,0,,100,,Off,0,0,,76,Auckland,Nil,,,,,0,0,Open,1,,,Light rain,Null
1754481.2857,5911415.0535,755029,,519001,0,,0,2,,West,2022/2023,HILLSBOROUGH ROAD,DOMINION ROAD EXTENSION,,Non-Injury Crash,No,2023,,West,,0,,Hill Road,,Queens Birthday,,,,Dark,589205,0,0,0,2,,,0,,,,,,Auckland Region,Nil,2-way,Sealed,,0,0,,50,,On,0,0,,76,Auckland,Nil,,,,,0,0,Urban,0,,,Fine,Null
1770511.5933,5907171.1786,755068,,523713,0,,0,2,,Null,2022/2023,ORMISTON ROAD,PENCAITLAND DRIVE,,Non-Injury Crash,No,2023,,West,,0,,Flat,,,,,,Overcast,712401,0,0,0,5,,,0,,,,,,Auckland Region,Nil,2-way,Sealed,,0,0,,50,,Off,0,0,,76,Auckland,Traffic Signals,,,,,0,0,Urban,0,,,Fine,Null
1757135.9177,5920515.4424,755069,,514102,0,,0,1,,Null,2023/2024,VICTORIA STREET WEST,FEDERAL STREET,,Minor Crash,No,2024,,East,,0,,Flat,,,,,,Bright sun,433404,1,1,0,4,,,0,,,,,,Auckland Region,Nil,2-way,Sealed,,0,0,,30,,Off,0,0,,76,Auckland,Traffic Signals,,,,,0,0,Urban,0,,,Fine,Null
1751690.6562,5917080.8044,755093,,514900,0,,0,2,,South,2023/2024,GREAT NORTH ROAD,ALFORD STREET,,Minor Crash,No,2024,,North,,0,,Flat,,,,,,Twilight,384701,1,0,0,4,,,0,,,,,,Auckland Region,Nil,2-way,Sealed,,0,0,,50,,Off,1,0,,76,Auckland,Nil,,,,,0,0,Urban,0,,,Fine,Null
1764444.7781,5904992.7658,755100,,522100,0,0,0,1,0,Null,2022/2023,WYLLIE ROAD,PAH ROAD,,Non-Injury Crash,No,2023,0,North,0,0,0,Flat,0,,0,,0,Dark,658500,0,0,0,2,0,0,0,0,0,,0,1,Auckland Region,Nil,2-way,Sealed,0,0,0,0,50,0,On,0,0,,76,Auckland,Nil,0,0,0,0,0,0,Urban,0,0,0,Fine,Null
1766911.6686,5907759.4672,755101,,523501,0,,0,1,,Null,2023/2024,BAIRDS ROAD,THURSO LANE,,Non-Injury Crash,No,2024,,North,,0,,Flat,,,,,,Bright sun,700602,0,0,0,2,,,0,,,,,,Auckland Region,Nil,2-way,Sealed,,0,0,,30,,Off,0,0,,76,Auckland,Give way,,,,,0,0,Urban,1,,,Fine,Null
1768958.7297,5911199.9532,755124,,523112,0,,0,2,,Null,2023/2024,HARRIS ROAD,CRYERS ROAD,,Non-Injury Crash,No,2024,,North,,0,,Flat,,Easter,,,,Bright sun,711404,0,0,0,4,,,0,,,,,,Auckland Region,Nil,2-way,Sealed,,0,0,,50,,Off,0,0,,76,Auckland,Give way,,,,,0,0,Urban,0,,,Fine,Null
1755623.796,5924632.8196,755132,,509800,0,0,0,1,0,Null,2023/2024,ONEWA ROAD,QUEEN STREET,,Non-Injury Crash,No,2023,0,West,0,0,0,Hill Road,0,,0,,0,Overcast,360300,0,0,0,2,0,0,0,0,0,,0,1,Auckland Region,Nil,2-way,Sealed,0,0,0,0,50,0,Off,0,0,,76,Auckland,Traffic Signals,0,0,0,0,0,0,Urban,0,0,0,Fine,Null
1769333.7951,5907463.9924,755141,,523713,0,,0,2,,Null,2022/2023,TE IRIRANGI DRIVE,ORMISTON ROAD,,Non-Injury Crash,No,2023,,South,,0,,Flat,,,,,,Overcast,712302,0,0,0,2,,,0,,,,,,Auckland Region,Nil,1-way,Sealed,,0,0,,80,,Off,0,0,,76,Auckland,Traffic Signals,,,,,0,0,Open,0,,,Light rain,Null
1756679.0759,5913878.5759,755148,,518500,0,,0,1,,South,2023/2024,MOUNT EDEN ROAD,GRAHAME BREED DRIVE,,Non-Injury Crash,No,2023,,South,,0,,Flat,,,,,,Bright sun,563800,0,0,0,2,,,0,,,,,,Auckland Region,Nil,2-way,Sealed,,0,0,,50,,Off,1,0,,76,Auckland,Nil,,,,,0,0,Urban,0,,,Fine,Null
1759589.8953,5887330.3701,755149,,521122,0,,0,1,,South,2022/2023,KINGSEAT ROAD,SYDNEY OWEN ROAD,,Minor Crash,No,2023,,South,,0,,Flat,,,,,,Dark,810902,1,0,0,2,,,0,,,,,,Auckland Region,Nil,2-way,Sealed,,0,0,,80,,None,0,0,,76,Auckland,Nil,,,,,0,0,Open,0,,,Fine,Null
1748926.246,5982731.6558,755156,55,506660,0,0,0,0,0,West,2023/2024,WHANGARIPO VALLEY ROAD,MATAKANA VALLEY ROAD,,Serious Crash,No,2023,1,East,0,0,0,Flat,0,,0,,0,Bright sun,136202,0,0,1,2,0,0,0,0,0,,0,0,Auckland Region,Nil,2-way,Sealed,0,0,1,0,100,0,None,0,0,,76,Auckland,Nil,0,0,0,0,0,0,Open,0,0,0,Fine,Null
1747303.2495,5926201.2334,755180,,513431,0,0,0,1,0,Null,2023/2024,CLARK ROAD,CLARK ROAD,,Non-Injury Crash,No,2024,0,East,0,0,0,Flat,0,,0,,0,Dark,222500,0,0,0,2,0,0,0,0,0,,0,1,Auckland Region,Nil,2-way,Sealed,0,0,0,0,50,0,On,0,0,,76,Auckland,Give way,0,0,0,0,0,0,Urban,0,0,0,Fine,Null
1762715.0907,5914942.9706,755188,,520302,0,,0,2,,Null,2023/2024,ELLERSLIE-PANMURE HIGHWAY,HARRISON ROAD,,Non-Injury Crash,No,2024,,West,,0,,Flat,,,,,,Bright sun,625104,0,0,0,4,,,0,,,,,,Auckland Region,Nil,2-way,Sealed,,0,0,,50,,Off,0,0,,76,Auckland,Give way,,,,,0,0,Urban,0,,,Fine,Null
1753883.7001,5932622.9067,755221,,508805,0,0,0,1,0,North,2022/2023,CANAVERAL DRIVE,TRITON DRIVE,,Minor Crash,No,2023,0,West,0,0,0,Flat,0,,0,,0,Bright sun,180866,1,0,0,2,0,0,0,0,1,,0,0,Auckland Region,Nil,2-way,Sealed,0,0,0,0,50,0,Off,0,0,,76,Auckland,Nil,0,0,0,0,0,0,Urban,2,0,0,Fine,Null
1773784.6029,5898183.4561,755228,,523912,0,0,0,0,0,Null,2023/2024,COSGRAVE ROAD,CORPORAL STREET,,Non-Injury Crash,No,2024,0,South,1,0,0,Flat,0,,0,,0,Overcast,765500,0,0,0,2,0,0,0,0,0,,0,0,Auckland Region,Nil,2-way,Sealed,0,0,0,0,60,0,None,0,0,,76,Auckland,Nil,0,1,0,0,0,0,Urban,1,0,0,Light rain,Null
1781022.4937,5887583.1727,755243,,521132,0,,0,1,,Null,2022/2023,ARARIMU ROAD,STEEL ROAD,,Minor Crash,No,2023,,North,,0,,Flat,,,,,,Dark,814306,2,0,0,2,,,0,,,,,,Auckland Region,Nil,2-way,Sealed,,0,0,,60,,On,0,0,,76,Auckland,Give way,,,,,0,0,Urban,1,,,Fine,Null
1766376.8263,5903456.9688,755252,,524604,0,,0,1,,East,2023/2024,WIRI STATION ROAD,PLUNKET AVENUE,,Non-Injury Crash,No,2024,,East,,0,,Flat,,,,,,Dark,780210,0,0,0,2,,,0,,,,,,Auckland Region,Nil,1-way,Sealed,,0,0,,50,,On,1,0,,76,Auckland,Nil,,,,,0,0,Urban,0,,,Fine,Null
1760487.9538,5879280.7368,755253,,521121,0,,0,1,,Null,2022/2023,WAIUKU ROAD,BALD HILL ROAD,,Minor Crash,No,2023,,West,,0,,Flat,,Queens Birthday,,,,Bright sun,812400,1,0,0,3,,,0,,,,,,Auckland Region,Nil,2-way,Sealed,,0,0,,80,,None,0,0,,76,Auckland,Give way,,,,,0,0,Open,1,,,Fine,Null
1763359.1764,5912781.6644,755268,,520500,0,,0,1,,West,2022/2023,SOUTHERN MOTORWAY,SH1 OBR,,Non-Injury Crash,Yes,2023,,West,,0,,Flat,,,,,,Bright sun,637300,0,0,0,4,,,0,,,,,,Auckland Region,Motorway ramp,1-way,Sealed,,0,0,,100,,Off,0,0,,76,Auckland,Nil,,,,,1,0,Open,0,,,Fine,Null
1753609.4247,5932272.3297,755275,,508805,0,,0,1,,South,2022/2023,NORTHERN MOTORWAY,ROSEDALE OBR,,Serious Crash,Yes,2023,,South,,0,,Flat,,,,,,Bright sun,180866,0,0,1,4,,,0,,,,,,Auckland Region,Nil,1-way,Sealed,,0,1,,100,,Null,0,0,,76,Auckland,Nil,,,,,1,0,Open,1,,,Fine,Null
1767960.5907,5913836.378,755277,,522820,0,0,0,0,0,Null,2023/2024,GLENMORE ROAD,WILLOW WAY,,Non-Injury Crash,No,2023,0,North,0,0,1,Flat,0,,0,,0,Dark,692202,0,0,0,3,0,0,0,0,0,,0,0,Auckland Region,Nil,2-way,Sealed,0,0,0,0,50,0,On,0,0,,76,Auckland,Nil,0,0,0,1,0,0,Urban,1,0,0,Fine,Null
1752699.2531,5914500.7229,755283,,514500,0,0,0,0,0,South,2023/2024,BROTHERS STREET,BATKIN ROAD,,Non-Injury Crash,No,2023,0,West,0,0,0,Hill Road,0,,0,,0,Overcast,377000,0,0,0,2,0,0,0,0,0,,0,1,Auckland Region,Nil,2-way,Sealed,0,0,0,0,50,0,Off,1,0,,76,Auckland,Nil,0,0,0,0,0,0,Urban,0,0,0,Fine,Null
1769811.4842,5899450.0722,755291,,523920,0,,0,2,,Null,2022/2023,GREAT SOUTH ROAD,MANUREWA-TAKANINI OFF RAMP,,Non-Injury Crash,No,2023,,North,,0,,Flat,,,,,,Bright sun,767922,0,0,0,4,,,0,,,,,,Auckland Region,Nil,2-way,Sealed,,0,0,,50,,Off,1,0,,76,Auckland,Traffic Signals,,,,,0,0,Urban,0,,,Fine,Null
1746579.9064,5916561.4121,755292,,511601,0,,0,0,,South,2023/2024,TE ATATU ROAD,TIRIMOANA ROAD,,Serious Crash,No,2023,,North,,0,,Flat,,,,,,Dark,274505,0,0,0,2,,,0,,,1,,,Auckland Region,Nil,2-way,Sealed,,0,1,,50,,On,1,0,,76,Auckland,Nil,,,,,0,0,Urban,0,,,Heavy rain,Null
1775539.146,5884348.0414,755293,,521132,0,0,0,1,0,South,2023/2024,GREAT SOUTH ROAD,INGRAM ROAD,,Non-Injury Crash,No,2023,0,South,1,0,1,Flat,0,,0,,0,Overcast,814701,0,0,0,2,0,0,0,0,0,,0,0,Auckland Region,Nil,2-way,Sealed,0,0,0,0,80,0,None,0,0,,76,Auckland,Nil,0,1,0,0,0,0,Open,0,0,0,Fine,Null
1769981.3673,5910000.3522,755299,,523109,0,0,0,1,0,Null,2023/2024,TE IRIRANGI DRIVE,CHAPLETOWN DRIVE,,Minor Crash,No,2023,0,South,0,0,0,Flat,0,,0,,0,Dark,711737,1,0,0,3,0,0,0,0,0,,0,0,Auckland Region,Nil,1-way,Sealed,0,0,0,0,60,0,On,0,0,,76,Auckland,Nil,0,0,0,1,0,0,Urban,0,0,0,Light rain,Null
1759145.6768,5907934.9588,755300,,524002,0,0,0,2,0,Null,2023/2024,MCKENZIE ROAD,BETULA PLACE,,Serious Crash,No,2023,0,South,0,0,0,Flat,0,,0,,0,Dark,725601,2,0,0,2,0,0,0,0,1,,0,0,Auckland Region,Nil,2-way,Sealed,0,0,1,0,50,0,On,0,0,,76,Auckland,Stop,0,0,0,0,0,0,Urban,0,0,0,Fine,Null
1759083.0404,5903744.5712,755308,,524200,0,,0,2,,South,2022/2023,GEORGE BOLT MEMORIAL DRIVE,JOHN GOULTER DRIVE,,Non-Injury Crash,No,2023,,South,,0,,Hill Road,,Easter,,,,Bright sun,727200,0,0,0,4,,,0,,,,,,Auckland Region,Nil,2-way,Sealed,,0,0,,50,,Off,0,0,,76,Auckland,Nil,,,,,0,0,Urban,1,,,Fine,Null
1735873.5956,5942957.8989,755325,,506646,0,0,0,1,0,North,2022/2023,PEAK ROAD,DORMER ROAD,,Serious Crash,No,2023,0,South,0,0,1,Flat,0,,0,,0,Bright sun,211700,0,0,0,2,0,0,0,0,0,,0,1,Auckland Region,Nil,2-way,Sealed,0,0,1,0,80,0,None,0,0,,76,Auckland,Nil,0,1,0,1,0,0,Open,0,0,0,Fine,Null
1763456.63,5913902.2739,755333,,520303,0,0,0,1,0,Null,2023/2024,PENROSE ROAD,BARRACK ROAD,,Non-Injury Crash,No,2023,0,West,0,0,0,Hill Road,0,,0,,0,Dark,627300,0,0,0,4,0,0,0,0,0,,0,0,Auckland Region,Nil,2-way,Sealed,0,0,0,0,50,0,On,0,0,,76,Auckland,Traffic Signals,0,1,0,0,0,0,Urban,0,0,0,Fine,Null
1768224.865,5902355.2676,755340,,525001,0,0,0,1,0,South,2023/2024,GREAT SOUTH ROAD,BROWNS ROAD,,Non-Injury Crash,No,2023,0,North,0,0,1,Flat,0,,0,,0,Dark,750800,0,0,0,2,0,1,0,0,0,,0,0,Auckland Region,Nil,2-way,Sealed,0,0,0,0,50,0,On,0,0,,76,Auckland,Nil,0,0,0,1,0,0,Urban,0,0,0,Fine,Null
1754532.2395,5913968.2408,755341,,518802,0,,0,1,,Null,2023/2024,STODDARD ROAD,GLENARM AVENUE,,Non-Injury Crash,No,2023,,East,,0,,Flat,,,,,,Bright sun,579900,0,0,0,4,,,0,,,,,,Auckland Region,Nil,2-way,Sealed,,0,0,,50,,Off,1,0,,76,Auckland,Traffic Signals,,,,,0,0,Urban,0,,,Fine,Null
1759217.9757,5903432.7145,755356,,524200,0,,0,1,,Null,2023/2024,TOM PEARCE DRIVE,GEORGE BOLT MEMORIAL DRIVE,,Non-Injury Crash,No,2023,,West,,0,,Flat,,,,,,Dark,727200,0,0,0,4,,,0,,,,,,Auckland Region,Nil,1-way,Sealed,,0,0,,50,,On,1,0,,76,Auckland,Traffic Signals,,,,,0,0,Urban,0,,,Light rain,Null
1756471.6963,5937499.8499,755357,,506903,0,0,0,2,0,North,2023/2024,BEACH ROAD,TOROA STREET,,Minor Crash,No,2024,0,South,0,0,0,Flat,0,,0,,0,Bright sun,169200,1,0,0,2,0,0,0,0,1,,0,0,Auckland Region,Speed hump,2-way,Sealed,0,0,0,0,30,0,Off,0,0,,76,Auckland,Nil,0,0,0,0,0,0,Urban,0,0,0,Fine,Null
1771721.9734,5899048.3283,755373,,523912,0,0,0,2,0,Null,2023/2024,AIRFIELD ROAD,PORCHESTER ROAD,,Non-Injury Crash,No,2023,0,East,0,0,0,Flat,0,,0,,0,Dark,765401,0,0,0,1,0,0,0,0,0,,0,0,Auckland Region,Nil,1-way,Sealed,0,0,0,0,50,0,On,0,0,,76,Auckland,Give way,0,1,0,0,0,0,Urban,0,0,0,Fine,Null
1768610.1757,5880021.2207,755381,,525921,0,,0,1,,Null,2023/2024,QUEEN STREET,WARD STREET,,Minor Crash,No,2024,,South,,0,,Flat,,Queens Birthday,,,,Overcast,821303,1,0,0,1,,,0,,,,,,Auckland Region,Nil,1-way,Sealed,,0,0,,50,,Off,0,0,,76,Auckland,Give way,,,,,0,0,Urban,1,,,Fine,Null
1769370.1128,5901062.1161,755389,,524901,0,,0,1,,North,2022/2023,CLAUDE ROAD,ALFRISTON ROAD,,Non-Injury Crash,No,2023,,North,,0,,Hill Road,,,,,,Overcast,757400,0,0,0,2,,,0,,,,,,Auckland Region,Nil,2-way,Sealed,,0,0,,50,,Null,1,0,,76,Auckland,Nil,,,,,0,0,Urban,0,,,Null,Null
1777040.6687,5888206.2862,755403,,521301,0,0,0,1,0,East,2022/2023,PEACH HILL ROAD,DAVIES ROAD,,Non-Injury Crash,No,2023,0,West,0,0,1,Flat,0,,0,,0,Dark,814303,0,0,0,2,0,0,0,0,0,,0,0,Auckland Region,Nil,2-way,Sealed,0,0,0,0,100,0,None,0,0,,76,Auckland,Nil,0,0,0,0,0,0,Open,0,0,0,Fine,Null
1769077.7492,5902534.3976,755420,,524901,0,0,0,0,0,North,2023/2024,SOUTHERN MOTORWAY,PUHINUI STM BR,,Minor Crash,Yes,2023,0,North,0,0,0,Flat,1,,0,,0,Overcast,755000,1,0,0,3,0,0,0,0,0,,0,0,Auckland Region,Nil,1-way,Sealed,0,0,0,0,100,0,Off,1,0,,76,Auckland,Nil,0,0,0,0,0,0,Open,0,0,0,Fine,Null
1754334.0632,5935996.4458,755427,,507101,0,,0,2,,Null,2022/2023,CARLISLE ROAD,EAST COAST ROAD,,Non-Injury Crash,No,2023,,West,,0,,Flat,,,,,,Bright sun,160403,0,0,0,5,,,0,,,,,,Auckland Region,Nil,2-way,Sealed,,0,0,,50,,Off,0,0,,76,Auckland,Traffic Signals,,,,,0,0,Urban,0,,,Fine,Null
1757622.2614,5918664.1854,755428,,517400,0,0,0,1,0,North,2023/2024,PARKFIELD TERRACE,KHYBER PASS ROAD,,Non-Injury Crash,No,2023,0,North,0,0,0,Flat,0,,0,,0,Bright sun,449800,0,0,0,2,0,0,0,0,1,,0,0,Auckland Region,Nil,2-way,Sealed,0,0,0,0,50,0,Off,0,0,,76,Auckland,Nil,0,0,0,0,1,0,Urban,0,0,0,Fine,Null
1757467.278,5920732.1564,755436,,514102,0,0,0,1,0,Null,2023/2024,QUEEN STREET,SHORTLAND STREET,,Non-Injury Crash,No,2023,0,South,0,0,0,Flat,0,Christmas New Year,0,,1,Dark,433200,0,0,0,4,0,0,0,0,0,,0,0,Auckland Region,Nil,2-way,Sealed,0,0,0,0,30,0,On,0,0,,76,Auckland,Traffic Signals,0,1,0,0,0,0,Urban,0,0,0,Light rain,Null
1748776.2946,5960847.9688,755461,,506613,0,0,0,1,0,North,2022/2023,SH 1,MAHURANGI WEST ROAD,,Non-Injury Crash,No,2023,0,South,0,0,0,Hill Road,0,,0,,0,Dark,147107,0,0,0,2,0,0,0,0,0,,0,0,Auckland Region,Nil,2-way,Sealed,0,0,0,1,80,0,None,0,0,30,76,Auckland,Nil,0,0,0,0,0,0,Open,0,0,0,Heavy rain,Strong wind
1788973.5099,5908508.8365,755469,,525202,0,0,0,1,0,West,2023/2024,CLEVEDON-KAWAKAWA ROAD,TOWNSON ROAD,,Serious Crash,No,2023,0,West,0,0,1,Flat,0,,0,,0,Bright sun,764800,2,0,0,2,0,0,0,0,0,,0,1,Auckland Region,Nil,2-way,Sealed,0,0,3,0,100,0,None,0,0,,76,Auckland,Nil,0,0,0,0,0,0,Open,0,0,0,Fine,Null
1751052.348,5929847.615,755477,,509100,0,0,0,0,0,North,2022/2023,UPPER HARBOUR MOTORWAY,GREENHITHE ROAD ON RAMP,,Non-Injury Crash,Yes,2023,0,East,0,0,0,Flat,1,,0,,0,Overcast,181118,0,0,0,2,0,0,0,0,0,,0,0,Auckland Region,Nil,1-way,Sealed,0,0,0,0,100,0,Off,0,0,,76,Auckland,Nil,0,0,0,0,0,0,Open,1,0,0,Light rain,Null
1745719.7744,5917402.1338,755484,,510700,0,,0,1,,Null,2022/2023,ALDERMAN DRIVE,EDMONTON ROAD,,Non-Injury Crash,No,2023,,South,,0,,Flat,,,,,,Overcast,240000,0,0,0,2,,,0,,,,,,Auckland Region,Nil,2-way,Sealed,,0,0,,50,,On,1,0,,76,Auckland,Give way,,,,,0,0,Urban,0,,,Light rain,Null
1756029.9527,5913155.9762,755492,,518701,0,,0,2,,West,2022/2023,SOUTH-WESTERN MOTORWAY,HILLSBOROUGH ROAD OFF RAMP,,Non-Injury Crash,Yes,2023,,East,,0,,Flat,,,,,,Overcast,569800,0,0,0,3,,,0,,,,,,Auckland Region,Nil,1-way,Sealed,,0,0,,100,,On,0,0,,76,Auckland,Nil,,,,,0,0,Open,0,,,Light rain,Null
1770661.6892,5912915.8634,755508,,523101,0,0,0,1,0,North,2023/2024,BOTANY ROAD,HEADCORN PLACE,,Non-Injury Crash,No,2023,0,North,0,0,0,Flat,0,,0,,0,Bright sun,710527,0,0,0,2,0,0,0,0,0,,0,1,Auckland Region,Nil,2-way,Sealed,0,0,0,0,50,0,Off,0,0,,76,Auckland,Nil,0,0,0,0,0,0,Urban,0,0,0,Fine,Null
1755093.5658,5929150.4684,755509,,508320,0,,0,2,,Null,2023/2024,WAIRAU ROAD,VIEW ROAD,,Non-Injury Crash,No,2023,,North,,0,,Flat,,,,,,Overcast,196600,0,0,0,6,,,0,,,,,,Auckland Region,Nil,2-way,Sealed,,0,0,,50,,Off,0,0,,76,Auckland,Give way,,,,,0,0,Urban,0,,,Fine,Null
1755049.2419,5924738.7517,755524,,509800,0,,1,1,,East,2024/2025,ONEWA ROAD,SEAVIEW AVENUE,,Minor Crash,No,2024,,West,,0,,Flat,,,,,,Overcast,361600,1,0,0,4,,,0,,,,,,Auckland Region,Nil,2-way,Sealed,,0,0,,50,,Off,1,0,,76,Auckland,Nil,,,,,1,0,Urban,0,,,Light rain,Null
1745391.1953,5916331.6235,755525,,510800,0,,0,2,,South,2022/2023,RAILSIDE AVENUE,VIEW ROAD,,Non-Injury Crash,No,2023,,North,,0,,Flat,,,,,,Overcast,244600,0,0,0,2,,,0,,,,,,Auckland Region,Nil,2-way,Sealed,,0,0,,50,,Off,0,0,,76,Auckland,Nil,,,,,0,0,Urban,0,,,Light rain,Null
1769076.047,5904659.0371,755548,,523820,0,,0,1,,Null,2023/2024,REDOUBT ROAD,GOODWOOD DRIVE,,Non-Injury Crash,No,2023,,North,,0,,Flat,,,,,,Overcast,759902,0,0,0,2,,,0,,,,,,Auckland Region,Nil,2-way,Sealed,,0,0,,50,,Off,0,0,,76,Auckland,Give way,,,,,0,0,Urban,1,,,Fine,Null
1745391.6107,5916992.4511,755556,,510800,0,0,0,4,1,Null,2023/2024,EDSEL STREET,RAILSIDE AVENUE,,Non-Injury Crash,No,2024,0,West,0,0,2,Flat,0,,0,,0,Bright sun,242900,0,0,0,2,0,0,0,0,1,,1,0,Auckland Region,Nil,2-way,Sealed,0,0,0,0,50,0,None,0,1,,76,Auckland,Traffic Signals,0,0,0,0,0,0,Urban,0,0,0,Fine,Null
1744229.4306,5923230.1907,755563,,513511,0,,0,0,,South,2023/2024,NORTH-WESTERN MOTORWAY,UPPER HARBOUR MOTORWAY,,Minor Crash,Yes,2023,,North,,0,,Flat,,,,,,Bright sun,224303,1,0,0,3,,,0,,,,,,Auckland Region,Nil,1-way,Sealed,,0,0,,100,,Off,2,0,,76,Auckland,Nil,,,,,0,0,Open,1,,,Fine,Null
1747678.6208,5914983.5531,755571,,511700,0,,0,0,,Null,2023/2024,SABULITE ROAD,BUTTERWORTH DRIVE,,Minor Crash,No,2023,,North,,0,,Flat,,,,,,Overcast,271700,1,0,0,2,,,0,,,,,,Auckland Region,Nil,2-way,Sealed,,0,0,,50,,Off,1,0,,76,Auckland,Give way,,,,,0,1,Urban,0,,,Fine,Null
1756975.3312,5919369.1972,755580,,514200,0,,0,2,,Null,2023/2024,CROSS STREET,UPPER QUEEN STREET,,Non-Injury Crash,No,2024,,East,,0,,Flat,,,,,,Dark,412200,0,0,0,1,,,0,,,,,,Auckland Region,Nil,1-way,Sealed,,0,0,,30,,On,0,0,,76,Auckland,Give way,,,,,0,0,Urban,0,,,Fine,None
1784155.2449,5890437.1586,755581,,521132,0,0,0,1,0,North,2022/2023,GELLING ROAD,ALDRIDGE ROAD,,Non-Injury Crash,No,2023,0,South,0,0,0,Hill Road,0,,0,,0,Dark,815900,0,0,0,2,0,0,0,0,0,,0,1,Auckland Region,Nil,2-way,Sealed,0,0,0,0,100,0,Off,0,0,70,76,Auckland,Nil,0,0,0,0,0,0,Open,0,0,0,Heavy rain,Null
1738809.7329,5928847.8498,755587,,505602,0,,0,2,,Null,2022/2023,MAIN ROAD,HARIKOA STREET,,Non-Injury Crash,Yes,2023,,North,,0,,Flat,,,,,,Bright sun,215000,0,0,0,4,,,0,,,,,,Auckland Region,Nil,2-way,Sealed,,0,0,,50,,Off,0,0,,76,Auckland,Give way,,,,,0,0,Urban,0,,,Fine,Null
1773372.9325,5892196.0353,755611,,521301,0,,0,1,,South,2023/2024,GREAT SOUTH ROAD,EAST STREET,,Minor Crash,No,2023,,South,,0,,Flat,,,,,,Overcast,809300,1,0,1,2,,,0,,,,,,Auckland Region,Nil,2-way,Sealed,,0,0,,50,,Off,0,0,,76,Auckland,Nil,,,,,0,0,Urban,0,,,Fine,Null
1731802.2257,5937408.0336,755612,,506648,0,0,0,1,0,West,2024/2025,WISHART ROAD,INLAND ROAD,,Minor Crash,No,2024,0,East,0,0,0,Hill Road,0,Labour Weekend,0,,0,Dark,212200,1,0,0,2,0,0,0,0,0,,0,0,Auckland Region,Nil,2-way,Sealed,0,0,0,0,80,0,None,0,0,,76,Auckland,Nil,0,0,0,1,0,0,Open,0,0,0,Fine,Null
1774579.4448,5891094.1937,755620,,521301,0,,0,2,,South,2024/2025,FIELDING ROAD,WAIHOEHOE ROAD,,Minor Crash,No,2024,,North,,0,,Flat,,,,,,Overcast,808901,2,0,0,2,,,0,,,,,,Auckland Region,Nil,2-way,Sealed,,0,0,,60,,Off,0,0,,76,Auckland,Nil,,,,,0,0,Urban,0,,,Light rain,Null
1760076.4784,5913762.1586,755636,,519900,0,,0,2,,Null,2024/2025,PAIHIA ROAD,RAWHITI ROAD,,Minor Crash,No,2024,,North,,0,,Hill Road,,,,,,Dark,602900,1,0,0,2,,,0,,,,,,Auckland Region,Nil,2-way,Sealed,,0,0,,50,,On,0,0,,76,Auckland,Stop,,,,,0,0,Urban,0,,,Fine,Null
1789560.9037,5928057.6706,755652,,520801,0,,0,1,,North,2024/2025,MAN O'WAR BAY ROAD,AWAAWAROA ROAD,,Serious Crash,No,2024,,East,,0,,Hill Road,,,,,,Bright sun,515801,0,0,0,2,,,0,,,,,,Auckland Region,Nil,2-way,Unsealed,,0,1,,60,,None,0,0,,76,Auckland,Nil,,,,,0,0,Urban,0,,,Fine,Null