X,Y,OBJECTID,advisorySpeed,areaUnitID,bicycle,bridge,bus,carStationWagon,cliffBank,crashDirectionDescription,crashFinancialYear,crashLocation1,crashLocation2,crashRoadSideRoad,crashSeverity,crashSHDescription,crashYear,debris,directionRoleDescription,ditch,fatalCount,fence,flatHill,guardRail,holiday,houseOrBuilding,intersection,kerb,light,meshblockId,minorInjuryCount,moped,motorcycle,NumberOfLanes,objectThrownOrDropped,otherObject,otherVehicleType,overBank,parkedVehicle,pedestrian,phoneBoxEtc,postOrPole,region,roadCharacter,roadLane,roadSurface,roadworks,schoolBus,seriousInjuryCount,slipOrFlood,speedLimit,strayAnimal,streetLight,suv,taxi,temporarySpeedLimit,tlaId,tlaName,trafficControl,trafficIsland,trafficSign,train,tree,truck,unknownVehicleType,urban,vanOrUtility,vehicle,waterRiver,weatherA,weatherB
1764231.8667,5917405.2629,755660,,517201,0,,0,1,,South,2023/2024,COLLEGE ROAD,ST JOHNS ROAD,,Non-Injury Crash,No,2024,,South,,0,,Flat,,,,,,Bright sun,464900,0,0,0,2,,,0,,,,,,Auckland Region,Nil,2-way,Sealed,,0,0,,50,,Off,0,0,,76,Auckland,Nil,,,,,0,0,Urban,1,,,Fine,Null
1764537.5689,5904479.6783,755661,,522100,0,,0,1,,Null,2022/2023,PUHINUI ROAD,MILAN ROAD,,Non-Injury Crash,No,2023,,South,,0,,Flat,,,,,,Bright sun,659400,0,0,0,2,,,0,,,,,,Auckland Region,Nil,2-way,Sealed,,0,0,,50,,Off,0,0,,76,Auckland,Give way,,,,,0,0,Urban,1,,,Fine,Null
1753557.7746,5928925.1695,755692,,508411,0,,0,1,,Null,2024/2025,GLENFIELD ROAD,JAMES STREET,,Serious Crash,No,2024,,South,,0,,Flat,,,,,,Bright sun,184000,1,0,0,4,,,0,,,,,,Auckland Region,Nil,2-way,Sealed,,0,1,,50,,Off,1,0,,76,Auckland,Stop,,,,,0,0,Urban,0,,,Fine,Null
1763201.2868,5912847.0446,755701,,520500,0,,0,1,,East,2023/2024,SOUTHERN MOTORWAY,SOUTH-EASTERN HWY OFF RAMP,,Minor Crash,Yes,2024,,East,,0,,Flat,,,,,,Bright sun,637400,1,0,0,3,,,0,,,,,,Auckland Region,Nil,1-way,Sealed,,0,0,,100,,Off,1,0,,76,Auckland,Nil,,,,,0,0,Open,0,,,Fine,Null
1770663.3991,5897419.6752,755709,,523912,0,,0,1,,South,2023/2024,SOUTHERN MOTORWAY,PAHUREHURE NO 1 BR,,Minor Crash,Yes,2024,,South,,0,,Flat,,,,,,Overcast,767803,1,0,1,3,,,0,,,,,,Auckland Region,Nil,1-way,Sealed,,0,0,,100,,Off,0,0,80,76,Auckland,Nil,,,,,0,0,Open,1,,,Fine,Null
1741912.6784,5916882.7886,755716,55,513220,0,,0,1,,North,2023/2024,CANDIA ROAD,COULTER ROAD,,Minor Crash,No,2024,,South,,0,,Hill Road,,,,,,Overcast,238702,1,0,0,2,,,0,,,,,,Auckland Region,Nil,2-way,Sealed,,0,0,,70,,None,1,0,,76,Auckland,Nil,,,,,0,0,Urban,0,,,Light rain,Null
1767157.6328,5912361.8518,755725,,522920,0,,0,1,,Null,2022/2023,TI RAKAU DRIVE,MARRIOTT ROAD,,Minor Crash,No,2023,,North,,0,,Flat,,,,,,Bright sun,686900,1,0,1,2,,,0,,,,,,Auckland Region,Nil,2-way,Sealed,,0,0,,50,,Off,0,0,,76,Auckland,Give way,,,,,0,0,Urban,1,,,Fine,Null
1760345.9889,5915311.1476,755740,,520202,0,,0,1,,Null,2023/2024,GREAT SOUTH ROAD,MAIN HIGHWAY,,Non-Injury Crash,No,2023,,South,,0,,Hill Road,,,,,,Bright sun,613200,0,0,0,5,,,0,,,,,,Auckland Region,Nil,2-way,Sealed,,0,0,,50,,Off,1,0,,76,Auckland,Traffic Signals,,,,,0,0,Urban,0,,,Fine,Null
1757770.6799,5927162.041,755781,,508010,0,,0,0,,Null,2023/2024,AUBURN STREET,ANZAC STREET,,Non-Injury Crash,No,2023,,South,,0,,Flat,,,,,,Overcast,327500,0,0,0,2,,,0,,,,,,Auckland Region,Nil,2-way,Sealed,,0,0,,50,,Off,2,0,,76,Auckland,Traffic Signals,,,,,0,0,Urban,0,,,Fine,Null
1758528.2122,5913326.5807,755788,,519710,0,,0,2,,Null,2023/2024,MOUNT SMART ROAD,INKERMAN STREET,,Minor Crash,No,2024,,West,,0,,Flat,,,,,,Bright sun,595400,2,0,0,2,,,0,,,,,,Auckland Region,Nil,2-way,Sealed,,0,0,,50,,Off,0,0,,76,Auckland,Give way,,,,,0,0,Urban,0,,,Fine,Null
1756748.8372,5926555.5855,755789,,507900,0,,0,2,,North,2022/2023,NORTHERN MOTORWAY,ESMONDE ROAD OFF RAMP,,Non-Injury Crash,Yes,2023,,South,,0,,Flat,,,,,,Overcast,303901,0,0,0,3,,,0,,,,,,Auckland Region,Nil,1-way,Sealed,,0,0,,100,,Off,0,0,,76,Auckland,Nil,,,,,0,0,Open,0,,,Fine,Null
1755301.0802,5921725.8171,755796,,515202,0,,0,2,,North,2023/2024,NORTHERN MOTORWAY,SHELLY BEACH OBR,,Minor Crash,Yes,2023,,South,,0,,Flat,,,,,,Bright sun,423600,1,0,0,5,,,0,,,,,,Auckland Region,Nil,1-way,Sealed,,0,0,,80,,Off,0,0,,76,Auckland,Nil,,,,,0,0,Open,0,,,Fine,Null
1752763.1957,5912437.7746,755797,,518902,0,0,0,1,0,West,2023/2024,WHITE SWAN ROAD,LYNFIELD PLACE,,Non-Injury Crash,No,2023,0,East,0,0,0,Hill Road,0,,0,,0,Dark,586800,0,0,0,2,0,0,0,0,0,,0,1,Auckland Region,Nil,2-way,Sealed,0,0,0,0,50,0,On,0,0,,76,Auckland,Traffic Signals,0,0,0,0,0,0,Urban,0,0,0,Fine,Null
1738726.4601,5969931.0621,755804,,506613,0,0,0,0,0,North,2024/2025,KAIPARA FLATS ROAD,OLD WOODCOCKS ROAD,,Minor Crash,No,2024,0,North,0,0,0,Flat,0,,0,,0,Bright sun,145600,1,0,0,1,0,0,0,0,1,,0,0,Auckland Region,Nil,2-way,Sealed,0,0,0,0,50,0,None,0,0,,76,Auckland,Nil,0,0,0,0,1,0,Urban,1,0,0,Fine,Null
1753189.7345,5946740.3909,755812,,505808,0,0,0,1,0,Null,2023/2024,WHANGAPARAOA ROAD,GLENELG ROAD,,Non-Injury Crash,No,2024,0,North,0,0,0,Hill Road,0,,0,,0,Overcast,173111,0,0,0,4,0,0,0,0,0,,0,1,Auckland Region,Nil,2-way,Sealed,0,0,0,0,60,0,Off,0,0,,76,Auckland,Stop,0,0,0,0,0,0,Urban,0,0,0,Fine,Null
1768653.3381,5903038.0472,755828,,523820,0,,0,1,,South,2023/2024,SOUTHERN MOTORWAY,SOUTH-WESTERN MOTORWAY,,Non-Injury Crash,Yes,2023,,South,,0,,Flat,,,,,,Overcast,760121,0,0,0,4,,,0,,,,,,Auckland Region,Nil,1-way,Sealed,,0,0,,100,,Off,1,0,,76,Auckland,Nil,,,,,0,0,Open,1,,,Fine,Null
1759565.4179,5917784.441,755836,,516102,0,0,0,1,0,North,2023/2024,BELL ROAD,CROCUS PLACE,,Non-Injury Crash,No,2024,0,South,0,0,1,Hill Road,0,,0,,0,Overcast,482800,0,0,0,2,0,0,0,0,0,,0,0,Auckland Region,Nil,2-way,Sealed,0,0,0,0,50,0,Off,0,0,,76,Auckland,Nil,0,0,0,0,0,0,Urban,0,0,0,Light rain,Strong wind
1764494.1873,5912123.2331,755844,,520500,0,,0,2,,South,2024/2025,SOUTHERN MOTORWAY,MOUNT WELLINGTON HWY OFF RAMP,,Non-Injury Crash,Yes,2024,,North,,0,,Flat,,,,,,Bright sun,639500,0,0,0,3,,,0,,,,,,Auckland Region,Nil,1-way,Sealed,,0,0,,100,,Off,0,0,,76,Auckland,Nil,,,,,1,0,Open,0,,,Light rain,Null
1744329.5864,5922553.4055,755852,,513511,0,,0,2,,Null,2024/2025,ROYAL ROAD,MAKORA ROAD,,Non-Injury Crash,No,2024,,West,,0,,Flat,,,,,,Bright sun,224303,0,0,0,2,,,0,,,,,,Auckland Region,Nil,2-way,Sealed,,0,0,,50,,On,0,0,,76,Auckland,Traffic Signals,,,,,0,0,Urban,0,,,Fine,None
1767294.0217,5902947.0317,755885,,524602,0,,0,2,,Null,2022/2023,KERRS ROAD,DRUCES ROAD,,Non-Injury Crash,No,2023,,East,,0,,Flat,,,,,,Dark,780404,0,0,0,2,,,0,,,,,,Auckland Region,Nil,2-way,Sealed,,0,0,,60,,On,0,0,,76,Auckland,Traffic Signals,,,,,0,0,Urban,0,,,Fine,Null
1756806.5519,5917509.385,755932,,518102,0,,0,2,,Null,2022/2023,ESPLANADE ROAD,BELLEVUE ROAD,,Non-Injury Crash,No,2023,,South,,0,,Flat,,,,,,Dark,543300,0,0,0,2,,,0,,,,,,Auckland Region,Nil,2-way,Sealed,,0,0,,50,,On,0,0,,76,Auckland,Stop,,,,,0,0,Urban,0,,,Light rain,Null
1752377.7499,5925580.7255,755940,,510220,0,0,0,3,0,South,2023/2024,VERBENA ROAD,CASTLETON STREET,,Non-Injury Crash,No,2023,0,South,0,0,0,Flat,0,,0,,0,Dark,350600,0,0,0,2,0,0,0,0,1,,0,0,Auckland Region,Nil,2-way,Sealed,0,0,0,0,50,0,Off,0,0,,76,Auckland,Nil,0,0,0,0,0,0,Urban,0,0,0,Light rain,Null
1746951.7443,5913710.5808,755941,,511100,0,0,0,1,0,Null,2022/2023,OATES ROAD,GLENDALE ROAD,,Non-Injury Crash,No,2023,0,West,0,0,0,Hill Road,0,,0,,1,Dark,286200,0,0,0,2,0,0,0,0,0,,0,0,Auckland Region,Speed hump,2-way,Sealed,0,0,0,0,50,0,On,0,0,,76,Auckland,Stop,1,0,0,0,0,0,Urban,0,0,0,Fine,Null
1730760.915,5937849.5743,755948,,506648,0,0,0,1,1,West,2023/2024,WISHART ROAD,INLAND ROAD,,Minor Crash,No,2023,0,South,0,0,0,Flat,0,,0,,0,Overcast,212105,1,0,0,2,0,0,0,0,0,,0,0,Auckland Region,Nil,2-way,Sealed,0,0,0,0,80,0,Off,0,0,,76,Auckland,Nil,0,0,0,1,0,0,Open,0,0,0,Light rain,Null
1754108.6944,5931357.486,755973,,508805,0,,0,2,,South,2022/2023,NORTHERN MOTORWAY,UPPER HARBOUR HIGHWAY,,Non-Injury Crash,Yes,2023,,South,,0,,Hill Road,,,,,,Overcast,180826,0,0,0,2,,,0,,,,,,Auckland Region,Nil,1-way,Sealed,,0,0,,100,,Off,0,0,,76,Auckland,Nil,,,,,0,0,Open,1,,,Fine,Null
1759886.7039,5916114.1528,755989,,516002,0,0,0,1,0,Null,2022/2023,SOUTHERN MOTORWAY,GREEN LANE EAST OFF RAMP,,Non-Injury Crash,Yes,2023,0,South,0,0,0,Flat,1,Easter,0,,0,Dark,492100,0,0,0,3,0,0,0,0,0,,0,0,Auckland Region,Motorway ramp,1-way,Sealed,0,0,0,0,100,0,On,0,0,,76,Auckland,Nil,0,0,0,0,0,0,Open,0,0,0,Fine,Null
1769193.7465,5905168.4617,755995,,523712,0,,0,1,,Null,2023/2024,MATTHEWS ROAD,ASPIRING AVENUE,,Minor Crash,No,2023,,South,,0,,Flat,,,,,,Dark,716206,1,0,0,2,,,0,,,,,,Auckland Region,Nil,2-way,Sealed,,0,0,,50,,On,0,0,,76,Auckland,Give way,,,,,0,0,Urban,1,,,Fine,Null
1767019.847,5902834.7138,755996,,524602,0,,0,1,,East,2023/2024,KERRS ROAD,HOBILL AVENUE,,Minor Crash,No,2024,,West,,0,,Flat,,,,,,Twilight,780407,1,0,0,2,,,0,,,,,,Auckland Region,Nil,2-way,Unsealed,,0,0,,60,,On,0,0,30,76,Auckland,Nil,,,,,0,0,Urban,1,,,Light rain,Null
1729635.2446,5941289.4634,756004,,506800,0,,0,1,,North,2023/2024,KAIPARA COAST HIGHWAY,PIPITIWAI DRIVE,,Non-Injury Crash,Yes,2023,,North,,0,,Hill Road,,,,,,Bright sun,208201,0,0,0,2,,,0,,,,,,Auckland Region,Nil,2-way,Sealed,,0,0,,100,,None,0,0,,76,Auckland,Nil,,,,,0,0,Open,1,,,Fine,Null
1756473.5571,5927052.0082,756005,,507900,0,,0,0,,North,2023/2024,NORTHERN MOTORWAY,NORTHCOTE ROAD ON RAMP,,Non-Injury Crash,Yes,2023,,South,,0,,Flat,,,,,,Bright sun,303502,0,0,0,3,,,0,,,,,,Auckland Region,Overpass,1-way,Sealed,,0,0,,100,,Off,0,0,,76,Auckland,Nil,,,,,0,0,Open,2,,,Fine,Null
1762241.6007,5913574.1086,756012,,520402,0,,0,4,,South,2022/2023,SOUTHERN MOTORWAY,PENROSE ROAD,,Non-Injury Crash,Yes,2023,,South,,0,,Flat,,,,,,Overcast,642200,0,0,0,3,,,0,,,,,,Auckland Region,Nil,1-way,Sealed,,0,0,,100,,Off,2,0,,76,Auckland,Nil,,,,,0,0,Open,1,,,Fine,Null
1766695.816,5879310.3975,756013,,521112,0,,0,3,,North,2022/2023,WAIUKU ROAD,DOUGLAS ROAD,,Non-Injury Crash,No,2023,,North,,0,,Hill Road,,,,,,Bright sun,825900,0,0,0,2,,,0,,,,,,Auckland Region,Nil,2-way,Sealed,,0,0,,80,,Off,1,0,,76,Auckland,Nil,,,,,0,0,Open,1,,,Fine,Null
1755190.8588,5918042.255,756035,,517500,0,0,0,1,0,Null,2022/2023,KINGSLAND AVENUE,THIRD AVENUE,,Non-Injury Crash,No,2023,0,North,0,0,0,Hill Road,0,,0,,0,Dark,530200,0,0,0,2,0,0,0,0,0,,0,0,Auckland Region,Nil,2-way,Sealed,0,0,0,0,50,0,On,0,0,,76,Auckland,Give way,0,0,0,1,0,0,Urban,0,0,0,Fine,Null
1747635.2356,5913743.1471,756068,,511100,0,0,0,0,0,South,2023/2024,MALAM STREET,CLAYBURN ROAD,,Serious Crash,No,2024,0,East,0,0,1,Hill Road,0,,0,,0,Overcast,285600,0,0,1,2,0,0,0,0,0,,0,0,Auckland Region,Nil,2-way,Sealed,0,0,1,0,50,0,Off,0,0,,76,Auckland,Nil,0,0,0,0,0,0,Urban,0,0,0,Fine,Null
1763396.3698,5915014.6807,756093,,520303,0,,0,2,,East,2023/2024,ELLERSLIE-PANMURE HIGHWAY,HARRIS ROAD,,Non-Injury Crash,No,2023,,East,,0,,Flat,,,,,,Dark,626700,0,0,0,4,,,0,,,,,,Auckland Region,Nil,2-way,Sealed,,0,0,,50,,On,0,0,,76,Auckland,Nil,,,,,0,0,Urban,0,,,Fine,Null
1756266.3517,5933379.3775,756101,,507300,0,0,0,3,0,Null,2022/2023,LYONS AVENUE,ROSSMORE TERRACE,,Non-Injury Crash,No,2023,0,West,0,0,0,Flat,0,Easter,0,,0,Dark,153600,0,0,0,2,0,0,0,0,1,,0,0,Auckland Region,Nil,2-way,Sealed,0,0,0,0,30,0,On,0,0,,76,Auckland,Give way,0,0,0,0,0,0,Urban,0,0,0,Light rain,Null
1760313.9254,5906881.2409,756117,,524111,0,0,0,1,0,North,2022/2023,MANGERE TOWN SQUARE,MANGERE TOWN SQUARE,,Non-Injury Crash,No,2023,0,North,0,0,0,Flat,0,,1,,0,Dark,740500,0,0,0,1,0,0,0,0,0,,1,0,Auckland Region,Nil,2-way,Sealed,0,0,0,0,20,0,On,0,0,,76,Auckland,Nil,0,0,0,0,0,0,Urban,0,0,0,Fine,Null
1762149.4541,5913734.757,756148,,520401,0,,0,3,,North,2024/2025,SOUTHERN MOTORWAY,PENROSE OBR,,Minor Crash,Yes,2024,,South,,0,,Flat,,,,,,Bright sun,644300,1,0,0,3,,,0,,,,,,Auckland Region,Nil,1-way,Sealed,,0,0,,100,,Off,0,0,,76,Auckland,Nil,,,,,0,0,Open,0,,,Heavy rain,Null
1765498.5112,5907281.7592,756149,,522301,0,0,0,1,0,Null,2022/2023,MAXWELL AVENUE,SEYMOUR AVENUE,,Minor Crash,No,2023,0,South,0,0,0,Flat,0,,0,,0,Dark,666100,1,0,0,2,0,0,0,0,0,,0,1,Auckland Region,Nil,2-way,Sealed,0,0,0,0,50,0,On,0,0,,76,Auckland,Nil,0,0,0,0,0,0,Urban,0,0,0,Light rain,Null
1754925.5589,5879867.8925,756165,,521152,0,0,0,1,0,North,2023/2024,GLENBROOK-WAIUKU ROAD,MISSION BUSH ROAD,,Minor Crash,No,2023,0,South,1,0,0,Flat,0,,0,,0,Bright sun,834200,1,0,0,2,0,0,0,0,0,,0,0,Auckland Region,Nil,2-way,Sealed,0,0,0,0,60,0,None,0,0,,76,Auckland,Nil,0,0,0,0,0,0,Urban,1,0,0,Fine,Null
1764102.4499,5920284.1572,756188,,516601,0,0,0,1,0,South,2023/2024,TAMAKI DRIVE,KOHIMARAMA ROAD,,Minor Crash,No,2023,0,East,0,0,0,Flat,0,,0,,0,Bright sun,503900,1,0,0,2,0,0,0,0,0,,0,1,Auckland Region,Nil,2-way,Sealed,0,0,0,0,50,0,Off,0,0,,76,Auckland,Nil,0,0,0,0,0,0,Urban,0,0,0,Fine,Null
1766598.1012,5879997.7267,756205,,521112,0,0,0,2,0,Null,2023/2024,POLLOCK ROAD,STUART ROAD,,Serious Crash,No,2023,0,North,0,0,0,Flat,0,,0,,0,Twilight,825900,0,0,0,2,0,0,0,0,0,,0,1,Auckland Region,Nil,2-way,Sealed,0,0,1,0,60,0,On,0,0,,76,Auckland,Stop,0,1,0,0,0,0,Urban,0,0,0,Fine,Null
1764213.7406,5917448.0434,756228,,516302,0,,0,2,,Null,2023/2024,COLLEGE ROAD,ST JOHNS ROAD,,Non-Injury Crash,No,2023,,North,,0,,Flat,,,,,,Bright sun,462700,0,0,0,6,,,0,,,,,,Auckland Region,Nil,2-way,Sealed,,0,0,,50,,Off,0,1,,76,Auckland,Give way,,,,,0,0,Urban,0,,,Fine,Null
1762000.5038,5915736.6882,756229,,520201,0,,0,1,,East,2023/2024,MARUA ROAD,MICHAELS AVENUE,,Minor Crash,No,2023,,West,,0,,Flat,,,,,,Overcast,609200,2,0,0,2,,,0,,,,,,Auckland Region,Nil,2-way,Sealed,,0,0,,50,,Off,0,0,,76,Auckland,Nil,,,,,1,0,Urban,1,,,Light rain,Null
1770068.8556,5898573.6966,756244,,523920,0,,0,1,,North,2023/2024,SOUTHERN MOTORWAY,WALTER STREVENS OBR,,Non-Injury Crash,Yes,2023,,South,,0,,Flat,,,,,,Overcast,768007,0,0,0,2,,,0,,,,,,Auckland Region,Nil,1-way,Sealed,,0,0,,100,,Null,0,0,,76,Auckland,Nil,,,,,0,0,Open,0,,,Light rain,Null
1756013.8017,5929605.9474,756252,,508510,1,0,0,0,0,North,2023/2024,FORREST HILL ROAD,HAVELOCK AVENUE,,Minor Crash,No,2024,0,South,0,0,0,Flat,0,,0,,0,Dark,194000,1,0,0,3,0,0,0,0,1,,0,0,Auckland Region,Nil,2-way,Sealed,0,0,0,0,50,0,On,0,0,,76,Auckland,Nil,0,0,0,0,1,0,Urban,0,0,0,Fine,Null
1770866.1199,5907065.7121,756277,,523713,0,0,0,1,0,East,2022/2023,ORMISTON ROAD,TE ARA KAHIKATEA,,Non-Injury Crash,No,2023,0,East,0,0,0,Flat,0,,0,,1,Overcast,712401,0,0,0,2,0,0,0,0,0,,0,1,Auckland Region,Nil,1-way,Sealed,0,0,0,0,60,0,Off,0,0,,76,Auckland,Nil,0,0,0,0,0,0,Urban,0,0,0,Fine,Null
1754510.0605,5918374.7694,756293,,515431,0,1,0,0,0,North,2022/2023,MOUNTAIN VIEW ROAD,MOUNTAIN VIEW OBR,,Non-Injury Crash,No,2023,0,South,0,0,0,Flat,0,,0,,0,Bright sun,406700,0,0,0,2,0,0,0,0,0,,0,0,Auckland Region,Underpass,2-way,Sealed,0,0,0,0,50,0,Off,0,0,,76,Auckland,Nil,0,0,0,0,1,0,Urban,0,0,0,Fine,Null
1770470.777,5904575.5789,756308,,523820,0,,0,2,,Null,2023/2024,MURPHYS ROAD,REDOUBT ROAD,,Non-Injury Crash,No,2023,,South,,0,,Flat,,,,,,Overcast,760000,0,0,0,2,,,0,,,,,,Auckland Region,Nil,2-way,Sealed,,0,0,,60,,Off,0,0,,76,Auckland,Stop,,,,,0,0,Urban,0,,,Fine,Null
1742970.9256,5922299.8946,756309,,513631,0,,0,1,,Null,2022/2023,DON BUCK ROAD,TRIANGLE ROAD,,Non-Injury Crash,No,2023,,North,,0,,Flat,,,,,,Overcast,227009,0,0,0,2,,,0,,,,,,Auckland Region,Nil,2-way,Sealed,,0,0,,50,,Off,1,0,,76,Auckland,Nil,,,,,0,0,Urban,0,,,Fine,Null
1771137.2933,5896356.889,756332,,521201,0,,0,1,,South,2022/2023,SOUTHERN MOTORWAY,PAHUREHURE NO 2 BR,,Non-Injury Crash,Yes,2023,,North,,0,,Flat,,,,,,Dark,806604,0,0,0,3,,,0,,,,,,Auckland Region,Nil,1-way,Sealed,,0,0,,100,,On,0,0,,76,Auckland,Nil,,,,,1,0,Open,0,,,Heavy rain,Null
1749113.474,5912998.9803,756340,,511401,0,,0,2,,Null,2023/2024,SEABROOK AVENUE,WILLERTON AVENUE,,Minor Crash,No,2024,,West,,0,,Flat,,,,,,Bright sun,264200,2,0,0,2,,,0,,,,,,Auckland Region,Nil,2-way,Sealed,,0,0,,50,,Off,0,0,,76,Auckland,Stop,,,,,0,0,Urban,0,,,Fine,Null
1768118.0339,5902933.109,756347,,524602,0,,0,2,,South,2022/2023,GREAT SOUTH ROAD,RATA VINE DRIVE,,Non-Injury Crash,No,2023,,North,,0,,Flat,,,,,,Overcast,780407,0,0,0,4,,,0,,,,,,Auckland Region,Nil,2-way,Sealed,,0,0,,50,,Off,0,1,,76,Auckland,Nil,,,,,0,1,Urban,0,,,Light rain,Null
1766941.7711,5913119.8316,756349,,522910,0,,0,1,,Null,2022/2023,REEVES ROAD,WILLIAM ROBERTS ROAD,,Non-Injury Crash,No,2023,,West,,0,,Hill Road,,,,,,Bright sun,685100,0,0,0,2,,,0,,,,,,Auckland Region,Nil,2-way,Sealed,,0,0,,50,,Null,0,0,,76,Auckland,Give way,,,,,1,0,Urban,0,,,Fine,Null
1783469.7074,5907958.7047,756357,65,525201,0,0,0,1,0,North,2022/2023,NORTH ROAD,THORPE QUARRY,,Non-Injury Crash,No,2023,0,South,1,0,0,Hill Road,0,,0,,0,Dark,762700,0,0,0,2,0,0,0,0,0,,0,0,Auckland Region,Nil,2-way,Sealed,0,0,0,0,80,0,None,0,0,,76,Auckland,Nil,0,0,0,0,0,0,Open,0,0,0,Fine,Null
1771283.3209,5895905.8109,756365,,525540,0,,0,1,,South,2022/2023,SOUTHERN MOTORWAY,PAPAKURA OFF RAMP,,Non-Injury Crash,Yes,2023,,South,,0,,Flat,,,,,,Bright sun,806208,0,0,0,3,,,0,,,,,,Auckland Region,Motorway ramp,1-way,Sealed,,0,0,,100,,Off,1,0,,76,Auckland,Nil,,,,,0,0,Open,0,,,Fine,Null
1771322.1311,5895816.8995,756372,,525540,0,0,0,1,0,South,2023/2024,PAPAKURA OFF RAMP,SOUTHERN MOTORWAY,,Non-Injury Crash,No,2023,0,South,0,0,0,Flat,1,,0,,0,Dark,806208,0,0,0,3,0,0,0,0,0,,0,0,Auckland Region,Motorway ramp,1-way,Sealed,0,0,0,0,100,0,On,0,0,,76,Auckland,Nil,0,0,0,0,0,0,Open,0,0,0,Fine,Null
1758618.1868,5917572.023,756380,,516001,0,,0,2,,Null,2023/2024,ST MARKS ROAD,ST MARKS ROAD ON RAMP,,Non-Injury Crash,No,2023,,South,,0,,Flat,,,,,,Overcast,491000,0,0,0,3,,,0,,,,,,Auckland Region,Overpass,2-way,Sealed,,0,0,,50,,Off,0,0,,76,Auckland,Give way,,,,,0,0,Urban,0,,,Light rain,Null
1766490.4686,5901743.7001,756405,,524604,0,0,1,1,0,West,2023/2024,BROWNS ROAD,MATUKUTUREIA LANE,,Non-Injury Crash,No,2023,0,West,0,0,0,Flat,0,,0,,0,Dark,781400,0,0,0,2,0,0,0,0,1,,0,0,Auckland Region,Nil,2-way,Sealed,0,0,0,0,50,0,On,0,0,,76,Auckland,Nil,0,0,0,0,0,0,Urban,0,0,0,Fine,Null
1766677.8135,5904287.3486,756421,,524604,0,,0,1,,South,2023/2024,LAMBIE DRIVE,RONWOOD AVENUE,,Non-Injury Crash,No,2023,,North,,0,,Flat,,,,,,Dark,780209,0,0,0,2,,,0,,,,,,Auckland Region,Nil,1-way,Sealed,,0,0,,50,,On,1,0,,76,Auckland,Nil,,,,,0,0,Urban,0,,,Fine,Null
1755367.8865,5914982.8774,756428,,518500,0,0,0,1,0,South,2023/2024,DOMINION ROAD,FOCH AVENUE,,Serious Crash,No,2023,0,South,0,0,0,Flat,0,Christmas New Year,0,,0,Bright sun,561400,0,0,0,5,0,0,0,0,0,,0,1,Auckland Region,Nil,2-way,Sealed,0,0,1,0,50,0,Off,0,0,,76,Auckland,Nil,0,0,0,0,0,0,Urban,0,0,0,Fine,Null
1767903.1912,5900915.0789,756436,,525001,0,,0,2,,West,2022/2023,RUSSELL ROAD,FRANCES STREET,,Non-Injury Crash,No,2023,,North,,0,,Flat,,,,,,Bright sun,752300,0,0,0,2,,,0,,,,,,Auckland Region,Nil,2-way,Sealed,,0,0,,50,,Off,0,0,,76,Auckland,Nil,,,,,0,0,Urban,0,,,Fine,Null
1743726.3433,5923573.2976,756500,,513511,0,,0,2,,Null,2024/2025,WESTGATE DRIVE,FERNHILL DRIVE,,Minor Crash,No,2024,,South,,0,,Flat,,,,,,Dark,224307,1,0,0,2,,,0,,,,,,Auckland Region,Nil,2-way,Sealed,,0,0,,50,,On,0,0,,76,Auckland,Give way,,,,,0,0,Urban,0,,,Fine,Null
1746147.9818,5970016.2312,756524,,506613,0,0,0,1,0,South,2023/2024,NORTHERN MOTORWAY,SH 1,,Non-Injury Crash,Yes,2024,0,North,0,0,0,Flat,2,,0,,0,Bright sun,145800,0,0,0,2,0,0,0,0,0,,0,0,Auckland Region,Nil,1-way,Sealed,0,0,0,0,100,0,None,0,0,,76,Auckland,Nil,0,0,0,0,0,0,Open,0,0,0,Fine,Null
1770632.0139,5904306.5881,756540,,523818,0,,0,3,,South,2023/2024,REDOUBT ROAD,MURPHYS ROAD,,Non-Injury Crash,No,2023,,North,,0,,Hill Road,,,,,,Dark,760400,0,0,0,2,,,0,,,,,,Auckland Region,Nil,2-way,Sealed,,0,0,,60,,On,0,0,,76,Auckland,Nil,,,,,0,0,Urban,0,,,Fine,Null
1770860.0066,5915225.2255,756548,,521601,0,0,0,2,0,East,2023/2024,BACOT PLACE,FINNERTY AVENUE,,Serious Crash,No,2024,0,South,0,0,0,Flat,0,,0,,0,Bright sun,646100,0,0,0,2,0,0,0,0,1,1,0,0,Auckland Region,Nil,2-way,Sealed,0,0,1,0,50,0,Off,0,0,,76,Auckland,Nil,0,0,0,0,0,0,Urban,0,0,0,Fine,Null
1746818.7567,5918802.8849,756564,,512402,0,,0,2,,South,2023/2024,TE ATATU ROAD,EDMONTON ROAD,,Minor Crash,No,2024,,North,,0,,Flat,,,,,,Overcast,256200,1,0,0,3,,,0,,,,,,Auckland Region,Nil,2-way,Sealed,,0,0,,50,,Off,0,0,,76,Auckland,Nil,,,,,0,0,Urban,0,,,Fine,Null
1756387.39,5919036.9895,756565,,514200,0,,0,1,,North,2024/2025,NORTH-WESTERN MOTORWAY,NEWTON OBR,,Minor Crash,Yes,2024,,North,,0,,Flat,,,,,,Bright sun,411800,1,0,0,2,,,0,,,,,,Auckland Region,Nil,1-way,Sealed,,0,0,,80,,Off,0,0,,76,Auckland,Nil,,,,,0,1,Open,1,,,Fine,Null