X,Y,OBJECTID,advisorySpeed,areaUnitID,bicycle,bridge,bus,carStationWagon,cliffBank,crashDirectionDescription,crashFinancialYear,crashLocation1,crashLocation2,crashRoadSideRoad,crashSeverity,crashSHDescription,crashYear,debris,directionRoleDescription,ditch,fatalCount,fence,flatHill,guardRail,holiday,houseOrBuilding,intersection,kerb,light,meshblockId,minorInjuryCount,moped,motorcycle,NumberOfLanes,objectThrownOrDropped,otherObject,otherVehicleType,overBank,parkedVehicle,pedestrian,phoneBoxEtc,postOrPole,region,roadCharacter,roadLane,roadSurface,roadworks,schoolBus,seriousInjuryCount,slipOrFlood,speedLimit,strayAnimal,streetLight,suv,taxi,temporarySpeedLimit,tlaId,tlaName,trafficControl,trafficIsland,trafficSign,train,tree,truck,unknownVehicleType,urban,vanOrUtility,vehicle,waterRiver,weatherA,weatherB
1764213.9242,5904112.689,756571,,524604,0,,0,1,,South,2022/2023,SOUTH-WESTERN MOTORWAY,PUHINUI OBR,,Minor Crash,Yes,2023,,South,,0,,Flat,,,,,,Bright sun,781100,1,0,0,2,,,0,,,,,,Auckland Region,Nil,1-way,Sealed,,0,0,,100,,Off,1,0,,76,Auckland,Nil,,,,,0,0,Open,1,,,Fine,Null
1754127.0591,5913197.2933,756620,,518802,0,,0,2,,East,2023/2024,MAY ROAD,RICHARDSON ROAD,,Minor Crash,No,2024,,South,,0,,Flat,,,,,,Bright sun,579500,2,0,0,3,,,0,,,,,,Auckland Region,Nil,2-way,Sealed,,0,0,,50,,Null,1,0,,76,Auckland,Nil,,,,,0,0,Urban,0,,,Fine,Null
1757585.0435,5918556.006,756628,,514302,0,,0,3,,South,2023/2024,BOSTON ROAD,KHYBER PASS ROAD,,Non-Injury Crash,No,2023,,North,,0,,Flat,,,,,,Bright sun,442100,0,0,0,3,,,0,,,,,,Auckland Region,Nil,2-way,Sealed,,0,0,,50,,Off,0,1,,76,Auckland,Nil,,,,,0,0,Urban,0,,,Fine,Null
1754362.2464,5882171.4066,756637,45,521152,0,0,0,1,0,North,2023/2024,GLENBROOK BEACH ROAD,BROOKSIDE ROAD,,Non-Injury Crash,No,2023,0,North,0,0,0,Flat,0,,0,,0,Bright sun,833701,0,0,0,2,0,0,0,0,0,,0,0,Auckland Region,Nil,2-way,Sealed,0,0,0,0,80,0,None,0,0,,76,Auckland,Nil,0,0,0,1,0,0,Open,0,0,0,Fine,Null
1740420.741,5918512.8054,756653,,513101,0,0,0,1,0,South,2023/2024,CHRISTIAN ROAD,METTAM DRIVE,,Non-Injury Crash,No,2024,0,South,0,0,0,Flat,0,,0,,0,Dark,237901,0,0,0,2,0,0,0,0,0,,0,0,Auckland Region,Nil,2-way,Sealed,0,0,0,0,50,0,On,0,0,,76,Auckland,Nil,0,0,0,1,0,0,Urban,0,0,0,Fine,Null
1770033.9881,5898643.1216,756661,,523920,0,0,0,1,0,North,2024/2025,SOUTHERN MOTORWAY,WALTER STREVENS OBR,,Minor Crash,Yes,2024,0,South,0,0,0,Flat,2,,0,,0,Dark,768007,1,0,0,3,0,0,0,0,0,,0,0,Auckland Region,Nil,1-way,Sealed,0,0,0,0,100,0,On,0,0,,76,Auckland,Nil,0,0,0,0,0,0,Open,0,0,0,Light rain,Null
1763977.6191,5914023.8172,756668,,520303,0,,1,1,,South,2023/2024,MOUNT WELLINGTON HIGHWAY,TE HORETA ROAD,,Non-Injury Crash,No,2023,,North,,0,,Flat,,,,,,Bright sun,627600,0,0,0,4,,,0,,,,,,Auckland Region,Nil,2-way,Sealed,,1,0,,50,,Off,0,0,,76,Auckland,Nil,,,,,0,0,Urban,0,,,Fine,Null
1744011.5375,5915070.3856,756676,,513013,0,,0,2,,Null,2023/2024,FOREST HILL ROAD,PARRS CROSS ROAD,,Non-Injury Crash,No,2023,,North,,0,,Flat,,,,,,Overcast,281300,0,0,0,2,,,0,,,,,,Auckland Region,Nil,2-way,Sealed,,0,0,,50,,Off,0,0,,76,Auckland,Stop,,,,,0,0,Urban,0,,,Fine,Null
1778803.4559,5912900.7076,756691,,523300,0,,0,1,,South,2022/2023,WHITFORD MARAETAI ROAD,OKARORO DRIVE,,Serious Crash,No,2023,,North,,0,,Flat,,,,,,Overcast,718900,1,0,0,2,,,0,,,,,,Auckland Region,Nil,2-way,Sealed,,0,1,,80,,None,0,0,,76,Auckland,Nil,,,,,0,0,Open,1,,,Fine,Null
1771117.2626,5898990.2328,756692,,523911,0,,0,1,,Null,2023/2024,STATION ROAD,TAKANINI SCHOOL ROAD,,Non-Injury Crash,No,2023,,East,,0,,Flat,,,,,,Bright sun,766902,0,0,0,2,,,0,,,,,,Auckland Region,Nil,2-way,Sealed,,0,0,,50,,None,1,0,,76,Auckland,Give way,,,,,0,0,Urban,0,,,Fine,Null
1755467.7367,5915336.4816,756693,,518302,0,,0,3,,North,2023/2024,DOMINION ROAD,LAMBETH ROAD,,Non-Injury Crash,No,2024,,South,,0,,Flat,,,,,,Dark,559303,0,0,0,4,,,0,,,,,,Auckland Region,Nil,2-way,Sealed,,0,0,,50,,On,0,0,,76,Auckland,Nil,,,,,0,0,Urban,0,,,Fine,Null
1768086.8243,5907827.6852,756700,,523502,0,,0,2,,West,2023/2024,EAST TAMAKI ROAD,PRESTON ROAD,,Minor Crash,No,2024,,East,,0,,Flat,,,,,,Overcast,703800,1,0,0,2,,,0,,,,,,Auckland Region,Nil,1-way,Sealed,,0,0,,50,,Off,0,0,,76,Auckland,Nil,,,,,0,0,Urban,0,,,Fine,Null
1768706.2091,5901814.116,756716,,524901,0,0,0,0,0,Null,2023/2024,SCENIC DRIVE,FRESHNEY PLACE,,Minor Crash,No,2024,0,South,0,0,0,Hill Road,0,,0,,0,Dark,755900,1,0,1,2,0,0,0,0,0,,1,0,Auckland Region,Nil,2-way,Sealed,0,0,0,0,50,0,On,0,0,,76,Auckland,Give way,0,0,0,0,0,0,Urban,0,0,0,Fine,Null
1753569.262,5918306.877,756723,,515003,0,,0,2,,West,2022/2023,NORTH-WESTERN MOTORWAY,ST LUKES OBR,,Minor Crash,Yes,2023,,West,,0,,Flat,,,,,,Bright sun,390502,3,0,0,3,,,0,,,,,,Auckland Region,Nil,1-way,Sealed,,0,0,,100,,Null,0,0,,76,Auckland,Nil,,,,,0,0,Open,1,,,Fine,Null
1761198.6089,5913119.1058,756724,,519500,0,,0,2,,Null,2023/2024,STATION ROAD,MAURICE ROAD,,Non-Injury Crash,No,2024,,West,,0,,Flat,,,,,,Bright sun,621200,0,0,0,2,,,0,,,,,,Auckland Region,Nil,2-way,Sealed,,0,0,,50,,Off,0,0,,76,Auckland,Give way,,,,,0,0,Urban,0,,,Fine,Null
1747628.8386,5917531.8756,756731,,512500,0,0,0,2,0,East,2022/2023,RIVERGLADE PARKWAY,RIVERGLADE PARKWAY,,Minor Crash,No,2023,0,West,0,0,0,Flat,0,,0,,0,Dark,258600,1,0,0,2,0,0,0,0,1,,0,0,Auckland Region,Nil,2-way,Sealed,0,0,0,0,50,0,On,0,0,,76,Auckland,Nil,0,0,0,0,0,0,Urban,0,0,0,Fine,Null
1756811.3448,5917503.3786,756732,,518102,0,,0,1,,Null,2023/2024,BELLEVUE ROAD,ESPLANADE ROAD,,Minor Crash,No,2023,,East,,0,,Hill Road,,,,,,Overcast,546300,1,0,0,2,,,0,,,,,,Auckland Region,Nil,2-way,Sealed,,0,0,,50,,Null,1,0,,76,Auckland,Stop,,,,,0,0,Urban,0,,,Light rain,Null
1774820.1752,5896368.4087,756748,,525610,0,0,0,0,0,North,2022/2023,DOMINION ROAD,MILSON DRIVE,,Non-Injury Crash,No,2023,0,North,0,0,0,Flat,0,,0,,0,Dark,799000,0,0,0,2,0,0,0,0,1,,0,0,Auckland Region,Nil,2-way,Sealed,0,0,0,0,50,0,On,0,0,,76,Auckland,Nil,0,0,0,0,1,0,Urban,0,0,0,Fine,Null
1762130.2045,5913765.6704,756756,,520401,0,,0,2,,West,2022/2023,SOUTHERN MOTORWAY,PENROSE OBR,,Non-Injury Crash,Yes,2023,,South,,0,,Flat,,,,,,Dark,644300,0,0,0,3,,,0,,,,,,Auckland Region,Nil,1-way,Sealed,,0,0,,100,,On,0,0,,76,Auckland,Nil,,,,,0,0,Open,1,,,Fine,Null
1764999.4885,5910316.1209,756764,35,521801,0,,0,1,,Null,2022/2023,PRINCES STREET,PRINCES ST-OTAHUHU ON RAMP,,Non-Injury Crash,No,2023,,North,,0,,Hill Road,,,,,,Dark,787700,0,0,0,2,,,0,,,,,,Auckland Region,Motorway ramp,2-way,Sealed,,0,0,,50,,On,0,0,,76,Auckland,Give way,,,,,0,0,Urban,1,,,Fine,Strong wind
1769474.5789,5906302.4217,756771,,523712,0,,1,0,,North,2022/2023,CHAPEL ROAD,BROADHURST ROAD,,Minor Crash,No,2023,,South,,0,,Flat,,,,,,Bright sun,713201,2,0,0,2,,,0,,,,,,Auckland Region,Nil,2-way,Sealed,,0,0,,60,,Off,0,0,,76,Auckland,Nil,,,,,0,0,Urban,0,,,Fine,Null
1746715.664,5935350.6963,756772,,506653,0,0,0,1,0,Null,2023/2024,COATESVILLE-RIVERHEAD HIGHWAY,MAHOENUI VALLEY ROAD,,Minor Crash,No,2023,0,East,0,0,1,Flat,1,,0,,0,Dark,217500,2,0,0,2,0,0,0,0,0,,0,0,Auckland Region,Nil,2-way,Sealed,0,0,0,0,60,0,On,0,0,,76,Auckland,Give way,1,1,0,0,0,0,Urban,0,0,0,Light rain,Null
1745683.3195,5916948.0889,756773,,510800,0,,0,0,,South,2024/2025,VITASOVICH AVENUE,EDSEL STREET,,Minor Crash,No,2025,,South,,0,,Flat,,,,,,Overcast,243300,1,0,0,2,,,0,,,1,,,Auckland Region,Nil,2-way,Sealed,,0,0,,50,,On,1,0,,76,Auckland,Nil,,,,,0,0,Urban,0,,,Fine,Null
1769838.5763,5906156.7667,756789,,523712,0,,0,2,,Null,2023/2024,DONEGAL PARK DRIVE,BROADHURST ROAD,,Non-Injury Crash,No,2024,,North,,0,,Flat,,,,,,Bright sun,713201,0,0,0,2,,,0,,,,,,Auckland Region,Nil,2-way,Sealed,,0,0,,50,,Off,0,0,,76,Auckland,Give way,,,,,0,0,Urban,0,,,Fine,Null
1757428.5053,5920599.3778,756796,,514102,0,0,0,1,0,Null,2023/2024,WYNDHAM STREET,QUEEN STREET,,Non-Injury Crash,No,2023,0,East,0,0,0,Hill Road,0,,0,,0,Dark,433503,0,0,0,4,0,1,0,0,0,,0,0,Auckland Region,Nil,2-way,Sealed,0,0,0,0,30,0,On,0,0,,76,Auckland,Traffic Signals,0,0,0,0,0,0,Urban,0,0,0,Fine,Null
1764103.7277,5911473.5728,756797,45,520500,0,,0,1,,North,2023/2024,MOUNT WELLINGTON HIGHWAY,RYBURN ROAD,,Non-Injury Crash,No,2024,,South,,0,,Flat,,,,,,Unknown,637900,0,0,0,4,,,0,,,,,,Auckland Region,Nil,2-way,Sealed,,0,0,,50,,None,0,0,,76,Auckland,Nil,,,,,0,1,Urban,0,,,Fine,None
1774954.2495,5897886.948,756804,,523813,0,0,0,2,0,East,2023/2024,OLD WAIROA ROAD,PAKARAKA DRIVE,,Non-Injury Crash,No,2023,0,West,0,0,0,Hill Road,0,,0,,0,Dark,761602,0,0,0,2,0,0,0,0,1,,0,0,Auckland Region,Nil,2-way,Sealed,0,0,0,0,50,0,On,0,0,,76,Auckland,Nil,0,0,0,0,0,0,Urban,0,0,0,Fine,Null
1768690.6381,5914067.0113,756805,,522721,0,,0,1,,East,2023/2024,PAKURANGA ROAD,STANNILAND STREET,,Serious Crash,No,2023,,East,,0,,Hill Road,,,,,,Overcast,681215,2,0,0,6,,,0,,,,,,Auckland Region,Nil,2-way,Sealed,,0,1,,50,,Off,1,0,,76,Auckland,Nil,,,,,0,0,Urban,0,,,Light rain,Null
1746588.377,5916577.0551,756828,,511601,0,,0,2,,Null,2023/2024,TE ATATU ROAD,TIRIMOANA ROAD,,Non-Injury Crash,No,2024,,North,,0,,Flat,,,,,,Dark,274505,0,0,0,2,,,0,,,,,,Auckland Region,Nil,2-way,Sealed,,0,0,,50,,On,0,0,,76,Auckland,Give way,,,,,0,0,Urban,0,,,Light rain,Null
1756124.0327,5926621.4988,756829,,508620,0,0,0,4,0,South,2023/2024,AKORANGA DRIVE,NORTHCOTE ROAD,,Non-Injury Crash,No,2023,0,North,0,0,0,Flat,0,,0,,0,Bright sun,204702,0,0,0,2,0,0,0,0,1,,0,0,Auckland Region,Nil,2-way,Sealed,0,0,0,0,50,0,Off,0,0,,76,Auckland,Nil,0,0,0,0,0,0,Urban,0,0,0,Fine,Null
1763677.174,5919069.4611,756845,,516500,0,,0,1,,East,2023/2024,KEPA ROAD,GODDEN CRESCENT,,Non-Injury Crash,No,2023,,West,,0,,Hill Road,,,,,,Bright sun,502900,0,0,1,2,,,0,,,,,,Auckland Region,Nil,2-way,Sealed,,0,0,,50,,Off,0,0,,76,Auckland,Nil,,,,,0,0,Urban,0,,,Fine,None
1769879.9328,5917397.7812,756868,,522601,0,0,0,2,0,North,2023/2024,THE PARADE,LAINGS ROAD,,Non-Injury Crash,No,2023,0,South,0,0,0,Flat,0,,0,,0,Dark,676900,0,0,0,2,0,0,0,0,1,,0,0,Auckland Region,Nil,2-way,Sealed,0,0,0,0,50,0,On,0,0,,76,Auckland,Nil,0,0,0,0,0,0,Urban,0,0,0,Fine,Null
1765526.5673,5908822.408,756917,,523402,0,,0,1,,East,2022/2023,HIGHBROOK DRIVE,HIGHBROOK OBR,,Non-Injury Crash,No,2023,,West,,0,,Flat,,,,,,Bright sun,696900,0,0,0,2,,,0,,,,,,Auckland Region,Overpass,1-way,Sealed,,0,0,,50,,Off,1,0,,76,Auckland,Nil,,,,,0,0,Urban,0,,,Fine,Null
1760824.5,5913623.9394,756933,,519900,0,,0,1,,Null,2023/2024,ROCKFIELD ROAD,WALLS ROAD,,Minor Crash,No,2023,,West,,0,,Flat,,,,,,Twilight,604600,1,0,0,2,,,0,,,1,,,Auckland Region,Nil,2-way,Sealed,,0,0,,50,,Off,0,0,,76,Auckland,Give way,,,,,0,0,Urban,0,,,Fine,Null
1746912.5312,5916597.7958,756940,,511601,0,0,0,1,0,Null,2022/2023,TIRIMOANA ROAD,GLENDENE AVENUE,,Non-Injury Crash,No,2023,0,East,0,0,0,Flat,0,,0,,0,Bright sun,274700,0,0,0,2,0,0,0,0,0,,0,1,Auckland Region,Nil,2-way,Unsealed,0,0,0,0,50,0,Off,0,0,,76,Auckland,Give way,0,0,0,0,0,0,Urban,0,0,0,Fine,Null
1765923.918,5907837.7014,756948,,522301,0,,0,2,,North,2022/2023,SOUTHERN MOTORWAY,EAST TAMAKI ROAD ON RAMP,,Minor Crash,Yes,2023,,North,,0,,Flat,,,,,,Dark,666700,1,0,0,3,,,0,,,,,,Auckland Region,Nil,1-way,Sealed,,0,0,,100,,On,0,0,,76,Auckland,Nil,,,,,0,0,Open,1,,,Fine,Null
1768659.0515,5903029.3152,756949,,523820,0,,0,1,,North,2022/2023,SOUTHERN MOTORWAY,ORAMS OBR,,Non-Injury Crash,Yes,2023,,South,,0,,Flat,,,,,,Bright sun,760121,0,0,1,4,,,0,,,,,,Auckland Region,Nil,1-way,Sealed,,0,0,,100,,Off,0,0,,76,Auckland,Nil,,,,,0,0,Open,0,,,Fine,Null
1747729.0903,5921592.5607,756955,,512300,0,,0,0,,Null,2022/2023,HARBOUR VIEW ROAD,BEACH ROAD,,Minor Crash,No,2023,,West,,0,,Flat,,,,,,Bright sun,250103,1,0,1,2,,,0,,,,,,Auckland Region,Nil,2-way,Sealed,,0,0,,50,,Off,1,0,,76,Auckland,Give way,,,,,0,0,Urban,0,,,Fine,Null
1743470.4222,5917037.5987,756956,,513220,0,0,0,1,0,Null,2022/2023,FLEETWOOD DRIVE,CHADLINGTON AVENUE,,Non-Injury Crash,No,2023,0,North,0,0,1,Hill Road,0,,1,,0,Bright sun,236803,0,0,0,2,0,0,0,0,0,,0,0,Auckland Region,Nil,2-way,Sealed,0,0,0,0,50,0,None,0,0,,76,Auckland,Give way,1,0,0,0,0,0,Urban,0,0,0,Fine,Null
1764286.5951,5914675.0439,756964,,520303,0,,0,1,,Null,2023/2024,OFF ROAD - CAR PARK,,,Minor Crash,No,2024,,North,,0,,Flat,,,,,,Bright sun,627500,1,0,0,0,,,0,,,2,,,Auckland Region,Nil,Off road,Sealed,,0,0,,,,Off,0,0,,76,Auckland,Nil,,,,,0,0,Urban,0,,,Fine,Null
1753050.8876,5976623.0891,756973,45,506661,0,0,0,1,0,North,2023/2024,MATAKANA VALLEY ROAD,AWANUI CRESCENT,,Minor Crash,No,2023,0,North,1,0,0,Flat,0,,0,,0,Twilight,138103,1,0,0,2,0,0,0,0,0,,0,1,Auckland Region,Nil,2-way,Sealed,0,0,0,0,80,0,None,0,0,,76,Auckland,Nil,0,0,0,0,0,0,Open,0,0,0,Fine,Null
1748648.998,5944364.5681,756980,,506201,0,0,0,1,0,South,2023/2024,NORTHERN MOTORWAY,SILVERDALE OBR,,Non-Injury Crash,Yes,2023,0,North,0,0,0,Flat,1,,0,,0,Bright sun,176801,0,0,0,2,0,0,0,0,0,,0,0,Auckland Region,Nil,1-way,Sealed,0,0,0,0,100,0,Off,0,0,,76,Auckland,Nil,0,0,0,0,0,0,Open,0,0,0,Fine,Null
1757082.09,5944816.5925,757004,,505902,0,0,0,1,0,South,2023/2024,MANLY PARK AVENUE,LAURENCE STREET,,Non-Injury Crash,No,2023,0,South,0,0,0,Flat,0,,0,,0,Dark,174506,0,0,0,2,0,0,0,0,0,,0,0,Auckland Region,Nil,2-way,Sealed,0,0,0,0,50,0,On,0,0,,76,Auckland,Nil,0,0,0,1,0,0,Urban,0,0,0,Fine,Null
1747966.9346,5926900.3912,757011,,513431,0,0,0,1,0,Null,2022/2023,BUCKLEY AVENUE,CORSAIR STREET,,Non-Injury Crash,No,2023,0,East,0,0,0,Flat,0,,0,,0,Dark,221903,0,0,0,2,0,0,0,0,0,,0,1,Auckland Region,Nil,2-way,Sealed,0,0,0,0,50,0,On,0,0,,76,Auckland,Give way,0,0,0,0,0,0,Urban,0,0,0,Light rain,Null
1765475.4495,5899736.5031,757021,,524822,0,0,0,0,0,Null,2023/2024,MAPLESDEN DRIVE,FINLAYSON AVENUE,,Serious Crash,No,2024,0,West,0,0,0,Flat,0,,0,,0,Bright sun,774422,0,0,1,2,0,0,0,0,0,,0,0,Auckland Region,Nil,2-way,Sealed,0,0,1,0,30,0,Off,0,0,,76,Auckland,Give way,0,0,0,1,0,0,Urban,0,0,0,Fine,Null
1769493.6279,5902054.1199,757027,,523814,0,0,0,1,0,Null,2022/2023,SOUTHERN MOTORWAY,HILL ROAD-MANUREWA OFF RAMP,,Minor Crash,Yes,2023,0,South,0,0,0,Flat,2,,0,,0,Twilight,760702,1,0,0,3,0,0,0,0,0,,0,0,Auckland Region,Motorway ramp,1-way,Sealed,0,0,0,0,100,0,On,0,0,,76,Auckland,Nil,0,0,0,0,0,0,Open,1,0,0,Fine,Null
1747124.6262,5922138.0904,757036,,512202,0,0,0,2,0,Null,2023/2024,TE ATATU ROAD,ENDERBY DRIVE,,Minor Crash,No,2024,0,North,0,0,0,Flat,0,,0,,0,Dark,248400,1,0,0,2,0,0,0,0,1,,0,0,Auckland Region,Nil,2-way,Sealed,0,0,0,0,50,0,On,0,0,,76,Auckland,Give way,0,0,0,0,0,0,Urban,1,0,0,Fine,Null
1737446.1194,5929355.8244,757045,,505602,0,0,0,3,0,East,2023/2024,MAIN ROAD,TAPU ROAD,,Non-Injury Crash,Yes,2023,0,East,0,0,0,Flat,0,,0,,0,Bright sun,214900,0,0,0,2,0,0,0,0,2,,0,0,Auckland Region,Nil,2-way,Sealed,0,0,0,0,50,0,Off,0,0,,76,Auckland,Nil,0,0,0,0,0,0,Urban,0,0,0,Fine,Null
1764264.2766,5909393.154,757052,,521901,0,,0,1,,Null,2023/2024,QUEEN STREET,FORT RICHARD ROAD,,Non-Injury Crash,No,2023,,South,,0,,Flat,,,,,,Dark,784600,0,0,0,2,,,0,,,,,,Auckland Region,Nil,2-way,Sealed,,0,0,,50,,On,0,0,,76,Auckland,Give way,,,,,0,0,Urban,1,,,Fine,Null
1758245.7588,5919179.6063,757053,,515902,0,,0,1,,West,2023/2024,WINTERGARDEN ROAD,FOOTBALL ROAD,,Non-Injury Crash,No,2023,,West,,0,,Flat,,,,,,Bright sun,451400,0,0,0,1,,,0,,,,,,Auckland Region,Nil,2-way,Sealed,,0,0,,50,,Off,1,0,,76,Auckland,Nil,,,,,0,0,Urban,0,,,Fine,Null
1764358.9303,5909289.2729,757076,,521901,0,0,0,2,0,South,2024/2025,GREAT SOUTH ROAD,FAIRBURN ROAD,,Non-Injury Crash,No,2024,0,North,0,0,0,Flat,0,,0,,0,Dark,784900,0,0,0,4,0,0,0,0,1,,0,0,Auckland Region,Nil,2-way,Sealed,0,0,0,0,50,0,On,0,0,30,76,Auckland,Nil,0,0,0,0,0,0,Urban,0,0,0,Mist or Fog,Frost
1769792.5918,5882267.686,757084,,525910,0,0,0,0,0,West,2023/2024,REYNOLDS ROAD,BOB CRAIG PLACE,,Non-Injury Crash,No,2024,0,West,0,0,0,Flat,0,Queens Birthday,0,,0,Twilight,816520,0,0,0,2,0,0,0,0,1,,0,0,Auckland Region,Nil,2-way,Sealed,0,0,0,0,50,0,On,0,0,,76,Auckland,Nil,0,0,0,2,1,0,Urban,1,0,0,Fine,Null
1759420.9344,5910238.6944,757093,,524002,0,,0,2,,Null,2022/2023,RIMU ROAD,RIMU ROAD ON RAMP,,Non-Injury Crash,No,2023,,East,,0,,Flat,,Easter,,,,Dark,722000,0,0,0,3,,,0,,,,,,Auckland Region,Bridge,2-way,Sealed,,0,0,,50,,On,0,0,,76,Auckland,Give way,,,,,0,0,Urban,0,,,Fine,Null
1758452.1348,5973749.7041,757101,,506661,0,,0,0,,Null,2023/2024,TAKATU ROAD,BADDELEYS BEACH ROAD,,Minor Crash,No,2023,,East,,0,,Hill Road,,,,,,Bright sun,137904,1,0,0,2,,,0,,,,,,Auckland Region,Nil,2-way,Sealed,,0,0,,80,,Off,0,0,,76,Auckland,Give way,,,,,1,0,Open,1,,,Fine,Null
1770015.2891,5905288.46,757108,,523712,0,,0,2,,Null,2023/2024,JOSEPH STREET,THOMAS ROAD,,Non-Injury Crash,No,2024,,North,,0,,Flat,,,,,,Twilight,716202,0,0,0,2,,,0,,,,,,Auckland Region,Nil,2-way,Sealed,,0,0,,50,,On,0,0,,76,Auckland,Nil,,,,,0,0,Urban,0,,,Fine,Null
1756324.6291,5919330.3839,757116,,514200,0,,0,2,,Null,2023/2024,KARANGAHAPE ROAD,GUNDRY STREET,,Non-Injury Crash,No,2024,,West,,0,,Flat,,Queens Birthday,,,,Dark,411700,0,0,0,4,,,0,,,,,,Auckland Region,Nil,2-way,Sealed,,0,0,,30,,On,0,1,,76,Auckland,Stop,,,,,0,0,Urban,0,,,Fine,Null
1762521.4016,5907300.2597,757155,,524520,0,,0,2,,South,2022/2023,MASSEY ROAD,YATES ROAD,,Non-Injury Crash,No,2023,,North,,0,,Flat,,,,,,Overcast,734603,0,0,0,2,,,0,,,,,,Auckland Region,Nil,2-way,Sealed,,0,0,,50,,Off,0,0,,76,Auckland,Isolated Pedestrian signal (non-intersection),,,,,0,0,Urban,0,,,Fine,Null
1755907.6767,5935656.7928,757164,,507101,0,,0,1,,West,2023/2024,VALLEY ROAD,OBAN ROAD,,Non-Injury Crash,No,2023,,Null,,0,,Hill Road,,,,,,Dark,162200,0,0,0,2,,,1,,,,,,Auckland Region,Nil,2-way,Sealed,,0,0,,50,,On,0,0,,76,Auckland,Nil,,,,,0,0,Urban,0,,,Fine,Null
1762169.857,5982196.7671,757180,25,505400,0,0,0,0,0,Null,2023/2024,TOTARA ROAD,COTTERELL STREET,,Non-Injury Crash,No,2023,0,East,0,0,0,Hill Road,0,,0,,0,Dark,137100,0,0,0,2,0,0,0,0,0,,0,0,Auckland Region,Nil,2-way,Sealed,0,0,0,0,50,0,None,0,0,,76,Auckland,Nil,0,0,0,1,0,0,Urban,0,0,0,Fine,Null
1763764.9836,5917601.9391,757189,,516302,0,0,0,2,0,East,2023/2024,ST JOHNS ROAD,IPSWICH PLACE,,Non-Injury Crash,No,2023,0,East,0,0,0,Flat,0,,0,,0,Overcast,462601,0,0,0,1,0,0,0,0,1,,0,1,Auckland Region,Nil,2-way,Sealed,0,0,0,0,50,0,Off,0,0,30,76,Auckland,Nil,0,0,0,0,0,0,Urban,0,0,0,Fine,Null
1759160.0976,5916790.6254,757196,,516001,0,0,0,1,0,North,2023/2024,SOUTHERN MOTORWAY,MARKET OBR,,Serious Crash,Yes,2023,0,North,0,0,0,Flat,1,,0,,0,Bright sun,491200,0,0,0,3,0,0,0,0,0,,0,0,Auckland Region,Nil,1-way,Sealed,0,0,1,0,80,0,Off,0,0,,76,Auckland,Nil,0,0,0,0,0,0,Open,0,0,0,Fine,Null
1747256.6318,5919830.7742,757197,,512300,0,,0,1,,Null,2023/2024,TE ATATU ROAD,TE ATATU ROAD OFF RAMP,,Non-Injury Crash,No,2023,,South,,0,,Hill Road,,,,,,Bright sun,252000,0,0,0,2,,,0,,,,,,Auckland Region,Nil,1-way,Sealed,,0,0,,50,,Off,1,0,,76,Auckland,Give way,,,,,0,0,Urban,0,,,Fine,Null
1759582.8872,5924842.9234,757205,,508110,0,,0,0,,Null,2024/2025,BAYSWATER AVENUE,MOANA AVENUE,,Minor Crash,No,2024,,East,,0,,Flat,,,,,,Bright sun,318600,1,0,0,2,,,0,,,1,,,Auckland Region,Nil,2-way,Sealed,,0,0,,50,,Off,1,0,30,76,Auckland,Give way,,,,,0,0,Urban,0,,,Fine,Null
1795681.0747,5904336.8305,757219,,525202,0,0,0,0,1,West,2022/2023,KAWAKAWA-ORERE ROAD,ORERE-MATINGARAHI ROAD,,Minor Crash,No,2023,0,West,0,0,0,Hill Road,0,,0,,0,Bright sun,765200,1,0,1,2,0,0,0,0,0,,0,0,Auckland Region,Nil,2-way,Sealed,0,0,0,0,100,0,None,0,0,,76,Auckland,Nil,0,0,0,1,0,0,Open,0,0,0,Fine,Null
1765368.3029,5916811.861,757244,25,517001,0,,0,1,,Null,2023/2024,OFFROAD MCDONALDS DRIVETHROUGH ST HELIERS,,,Minor Crash,No,2024,,North,,0,,Flat,,Christmas New Year,,,,Twilight,476100,1,0,0,0,,,0,,,1,,,Auckland Region,Nil,Off road,Sealed,,0,0,,50,,On,0,0,40,76,Auckland,Nil,,,,,0,0,Urban,0,,,Fine,Null
1751667.6047,5947744.8578,757260,,505808,0,,0,1,,South,2022/2023,RED BEACH ROAD,FAIRWAY AVENUE,,Non-Injury Crash,No,2023,,South,,0,,Hill Road,,,,,,Overcast,172903,0,0,0,2,,,0,,,,,,Auckland Region,Nil,2-way,Sealed,,0,0,,50,,Off,0,0,,76,Auckland,Nil,,,,,0,0,Urban,1,,,Light rain,Null
1769609.4094,5901770.5205,757261,,523814,0,,0,1,,South,2023/2024,SOUTHERN MOTORWAY,HILL OBR,,Minor Crash,Yes,2023,,South,,0,,Hill Road,,,,,,Overcast,759507,1,0,0,6,,,0,,,,,,Auckland Region,Nil,2-way,Sealed,,0,0,,100,,Off,0,0,,76,Auckland,Nil,,,,,1,0,Open,0,,,Fine,Null
1769669.764,5907101.6609,757275,,523713,0,,0,1,,South,2022/2023,CHAPEL ROAD,FUSION ROAD,,Minor Crash,No,2023,,South,,0,,Flat,,,,,,Dark,713100,1,0,0,2,,,0,,,,,,Auckland Region,Nil,2-way,Sealed,,0,0,,60,,On,0,0,,76,Auckland,Nil,,,,,0,0,Urban,1,,,Fine,Null