X,Y,OBJECTID,advisorySpeed,areaUnitID,bicycle,bridge,bus,carStationWagon,cliffBank,crashDirectionDescription,crashFinancialYear,crashLocation1,crashLocation2,crashRoadSideRoad,crashSeverity,crashSHDescription,crashYear,debris,directionRoleDescription,ditch,fatalCount,fence,flatHill,guardRail,holiday,houseOrBuilding,intersection,kerb,light,meshblockId,minorInjuryCount,moped,motorcycle,NumberOfLanes,objectThrownOrDropped,otherObject,otherVehicleType,overBank,parkedVehicle,pedestrian,phoneBoxEtc,postOrPole,region,roadCharacter,roadLane,roadSurface,roadworks,schoolBus,seriousInjuryCount,slipOrFlood,speedLimit,strayAnimal,streetLight,suv,taxi,temporarySpeedLimit,tlaId,tlaName,trafficControl,trafficIsland,trafficSign,train,tree,truck,unknownVehicleType,urban,vanOrUtility,vehicle,waterRiver,weatherA,weatherB
1767640.2348,5918781.8195,757284,,516800,0,0,0,1,0,East,2023/2024,GLENDOWIE ROAD,RIDDELL ROAD,,Non-Injury Crash,No,2023,0,South,0,0,0,Hill Road,0,,0,,0,Bright sun,514800,0,0,0,2,0,0,0,0,0,,0,0,Auckland Region,Nil,2-way,Sealed,0,0,0,0,50,0,None,0,0,,76,Auckland,Nil,0,0,0,0,0,0,Urban,0,0,1,Fine,Null
1743469.5808,5919095.1983,757291,,513213,0,0,0,3,0,Null,2022/2023,OFF ROAD - SHARED DRIVEWAY,,,Serious Crash,No,2023,0,North,0,0,0,Flat,0,,0,,0,Dark,235905,0,0,0,,0,0,0,0,1,1,0,0,Auckland Region,Nil,Off road,Sealed,0,0,1,0,50,0,On,0,0,,76,Auckland,Nil,0,0,0,0,0,0,Urban,1,0,0,Fine,Null
1756647.0454,5924816.4515,757308,,509702,0,,0,2,,North,2022/2023,NORTHERN MOTORWAY,ONEWA ROAD OFF RAMP,,Non-Injury Crash,Yes,2023,,South,,0,,Flat,,,,,,Dark,366602,0,0,0,3,,,0,,,,,,Auckland Region,Nil,1-way,Sealed,,0,0,,100,,On,0,0,,76,Auckland,Nil,,,,,0,0,Open,0,,,Fine,Null
1761928.6595,5913442.6865,757315,,519500,0,,0,1,,North,2022/2023,GREAT SOUTH ROAD,PENROSE ROAD,,Minor Crash,No,2023,,South,,0,,Flat,,,,,,Dark,621500,2,0,0,5,,,0,,,,,,Auckland Region,Nil,2-way,Sealed,,0,0,,50,,On,1,0,,76,Auckland,Nil,,,,,0,0,Urban,0,,,Light rain,Null
1761234.2456,5916197.8406,757316,,516003,0,,0,1,,Null,2022/2023,LADIES MILE,PEACH PARADE,,Non-Injury Crash,No,2023,,South,,0,,Flat,,,,,,Bright sun,494300,0,0,1,2,,,0,,,,,,Auckland Region,Nil,2-way,Sealed,,0,0,,50,,Off,0,0,,76,Auckland,Traffic Signals,,,,,0,0,Urban,0,,,Fine,Null
1769861.1834,5899634.583,757323,,523920,0,,0,2,,North,2022/2023,MANUREWA-TAKANINI ON RAMP,GT SOUTH OBR,,Minor Crash,No,2023,,North,,0,,Flat,,,,,,Overcast,767921,2,0,0,2,,,0,,,1,,,Auckland Region,Motorway ramp,1-way,Sealed,,0,0,,100,,On,0,0,,76,Auckland,Nil,,,,,0,0,Open,1,,,Light rain,Null
1755844.4172,5932530.52,757331,,507400,0,0,0,2,0,South,2022/2023,HASTINGS ROAD,PENZANCE ROAD,,Minor Crash,No,2023,0,East,0,0,1,Hill Road,0,,0,,0,Dark,152300,2,0,0,2,0,0,0,0,1,,0,0,Auckland Region,Nil,2-way,Sealed,0,0,0,0,50,0,On,0,0,40,76,Auckland,Nil,0,0,0,0,0,0,Urban,0,0,0,Fine,Null
1772737.6218,5895408.7021,757332,,525520,0,0,0,2,0,Null,2023/2024,SETTLEMENT ROAD,GREAT SOUTH ROAD,,Non-Injury Crash,No,2023,0,West,0,0,0,Flat,0,,0,,0,Twilight,801700,0,0,0,4,0,1,0,0,0,,0,0,Auckland Region,Nil,2-way,Sealed,0,0,0,0,50,0,On,0,0,,76,Auckland,Give way,0,1,0,0,0,0,Urban,0,0,0,Fine,Null
1767060.3903,5904487.467,757340,,524604,0,0,0,1,0,Null,2023/2024,DAVIES AVENUE,RONWOOD AVENUE,,Non-Injury Crash,No,2023,0,North,0,0,0,Flat,0,,0,,0,Twilight,780204,0,0,0,2,0,0,0,0,0,,0,0,Auckland Region,Nil,2-way,Sealed,0,0,0,0,30,0,On,0,0,20,76,Auckland,Traffic Signals,0,1,0,0,0,0,Urban,0,0,0,Fine,Null
1745201.0546,5919761.2053,757348,,513301,0,,0,0,,West,2022/2023,UNIVERSAL DRIVE,LINCOLN NORTH CPK ENT,,Serious Crash,No,2023,,East,,0,,Flat,,,,,,Twilight,232001,0,1,0,4,,,0,,,,,,Auckland Region,Nil,2-way,Sealed,,0,1,,50,,On,0,0,,76,Auckland,Nil,,,,,0,0,Urban,1,,,Fine,Null
1758876.286,5912959.6493,757364,,519710,0,0,0,1,0,West,2022/2023,TRAFALGAR STREET,ONEHUNGA MALL,,Non-Injury Crash,No,2023,0,West,0,0,0,Flat,0,Christmas New Year,0,,0,Dark,595800,0,0,0,2,0,0,0,0,0,,0,1,Auckland Region,Nil,2-way,Sealed,0,0,0,0,50,0,On,0,0,,76,Auckland,Nil,0,0,0,0,0,0,Urban,0,0,0,Fine,Null
1763853.5914,5904498.7209,757373,,522100,0,0,0,1,0,South,2022/2023,PUHINUI ROAD-SH 20B OFF RAMP,SOUTH-WESTERN MOTORWAY,,Non-Injury Crash,Yes,2023,0,South,0,0,0,Flat,0,,0,,0,Twilight,781001,0,0,0,1,0,0,0,0,0,,0,1,Auckland Region,Nil,1-way,Sealed,0,0,0,0,100,0,On,0,0,,76,Auckland,Nil,0,0,0,0,0,0,Open,0,0,0,Fine,Null
1757217.6032,5919386.0659,757380,,514301,0,,1,1,,Null,2022/2023,SYMONDS STREET,GRAFTON BRIDGE,,Non-Injury Crash,No,2023,,South,,0,,Flat,,,,,,Overcast,440904,0,0,0,4,,,0,,,,,,Auckland Region,Nil,2-way,Sealed,,0,0,,30,,On,0,0,,76,Auckland,Traffic Signals,,,,,0,0,Urban,0,,,Fine,Null
1764197.6027,5918578.5649,757428,,516500,0,0,0,2,0,Null,2023/2024,KOHIMARAMA ROAD,WHYTEHEAD CRESCENT,,Minor Crash,No,2024,0,North,0,0,0,Flat,0,,0,,1,Dark,503403,2,0,0,2,0,0,0,0,1,,0,0,Auckland Region,Nil,2-way,Sealed,0,0,0,0,50,0,On,0,0,,76,Auckland,Nil,0,0,0,0,0,0,Urban,0,0,0,Fine,Null
1756408.4622,5920161.5987,757444,,514000,0,,0,0,,South,2023/2024,NORTHERN MOTORWAY,WELLINGTON STREET ON RAMP,,Non-Injury Crash,Yes,2023,,North,,0,,Hill Road,,,,,,Overcast,417300,0,0,0,3,,,0,,,,,,Auckland Region,Motorway ramp,1-way,Sealed,,0,0,,80,,Off,1,0,,76,Auckland,Nil,,,,,1,0,Open,0,,,Light rain,Null
1745183.2105,5918730.4322,757452,,513302,0,,0,2,,North,2023/2024,LINCOLN ROAD,WOODFORD AVENUE,,Non-Injury Crash,No,2023,,North,,0,,Flat,,,,,,Overcast,230802,0,0,0,5,,,0,,,,,,Auckland Region,Nil,2-way,Sealed,,0,0,,50,,Off,0,0,,76,Auckland,Nil,,,,,0,0,Urban,0,,,Fine,Null
1748307.0452,5914915.2832,757485,,511700,0,,0,0,,West,2022/2023,ST LEONARDS ROAD,BAMBOO GROVE,,Minor Crash,No,2023,,West,,0,,Flat,,,,,,Bright sun,271400,1,0,0,2,,,0,,,1,,,Auckland Region,Speed hump,2-way,Sealed,,0,0,,50,,Off,0,0,,76,Auckland,Nil,,,,,0,1,Urban,0,,,Fine,Null
1772886.367,5913070.7422,757492,,523201,0,0,0,4,0,North,2022/2023,SOMERVILLE ROAD,RAMOANA MEWS,,Non-Injury Crash,No,2023,0,North,0,0,0,Hill Road,0,,0,,0,Bright sun,718006,0,0,0,2,0,0,0,0,2,,0,0,Auckland Region,Nil,2-way,Sealed,0,0,0,0,50,0,Off,0,0,,76,Auckland,Nil,0,0,0,0,0,0,Urban,0,0,0,Fine,Null
1771183.4111,5896249.2008,757493,,525540,0,,0,4,,North,2022/2023,SOUTHERN MOTORWAY,PAPAKURA OFF RAMP,,Serious Crash,Yes,2023,,South,,0,,Flat,,,,,,Dark,806205,0,0,0,3,,,0,,,,,,Auckland Region,Nil,1-way,Sealed,,0,1,,100,,On,0,0,,76,Auckland,Nil,,,,,0,0,Open,0,,,Fine,Null
1770267.71,5898185.6991,757515,,523920,0,,0,3,,South,2022/2023,SOUTHERN MOTORWAY,WALTER STREVENS OBR,,Minor Crash,Yes,2023,,South,,0,,Hill Road,,,,,,Bright sun,768003,1,0,0,6,,,0,,,,,,Auckland Region,Nil,2-way,Sealed,,0,0,,100,,Off,1,0,,76,Auckland,Nil,,,,,1,0,Open,0,,,Fine,Null
1769202.223,5900960.8486,757540,,524901,0,,0,2,,West,2023/2024,ALFRISTON ROAD,FLEMING STREET,,Non-Injury Crash,No,2023,,East,,0,,Flat,,,,,,Dark,757400,0,0,0,2,,,0,,,,,,Auckland Region,Nil,2-way,Sealed,,0,0,,50,,On,0,0,,76,Auckland,Nil,,,,,0,0,Urban,0,,,Fine,Null
1758946.0911,5904634.1288,757541,,524200,0,,0,2,,Null,2023/2024,GEORGE BOLT MEMORIAL DRIVE,LANDING DRIVE,,Minor Crash,No,2024,,North,,0,,Flat,,,,,,Dark,727000,1,0,0,4,,,0,,,,,,Auckland Region,Nil,1-way,Sealed,,0,0,,60,,On,0,0,,76,Auckland,Traffic Signals,,,,,0,0,Urban,0,,,Fine,Null
1744325.19,5922881.8584,757548,,513511,0,0,0,1,0,South,2023/2024,NORTH-WESTERN MOTORWAY,UPPER HARBOUR MOTORWAY,,Non-Injury Crash,Yes,2023,0,North,0,0,0,Hill Road,1,,0,,0,Dark,224303,0,0,0,4,0,0,0,0,0,,0,0,Auckland Region,Nil,1-way,Sealed,0,0,0,0,100,0,On,0,0,,76,Auckland,Nil,0,0,0,0,0,0,Open,0,0,0,Light rain,Null
1744650.8713,5922191.3465,757588,,513530,0,0,0,2,0,North,2022/2023,BENCHMARK DRIVE,FERNHAVEN PLACE,,Non-Injury Crash,No,2023,0,South,0,0,0,Hill Road,0,,0,,0,Dark,225808,0,0,0,2,0,0,0,0,1,,0,0,Auckland Region,Nil,2-way,Sealed,0,0,0,0,50,0,On,0,0,,76,Auckland,Nil,0,0,0,0,0,0,Urban,1,0,0,Fine,Null
1771906.2116,5895183.3345,757605,,525540,0,,0,2,,East,2022/2023,BEACH ROAD,ELLIOT STREET,,Non-Injury Crash,No,2023,,East,,0,,Hill Road,,,,,,Bright sun,805901,0,0,0,2,,,0,,,,,,Auckland Region,Nil,2-way,Sealed,,0,0,,50,,Off,0,0,,76,Auckland,Nil,,,,,0,0,Urban,0,,,Fine,Null
1744677.7795,5915094.1633,757611,,513013,0,0,0,2,0,South,2022/2023,BRUCE MCLAREN ROAD,PARMA PLACE,,Minor Crash,No,2023,0,North,0,0,0,Flat,0,,0,,0,Dark,281513,1,0,0,2,0,0,0,0,1,,0,0,Auckland Region,Nil,2-way,Sealed,0,0,0,0,50,0,On,0,0,,76,Auckland,Nil,0,0,0,0,0,0,Urban,0,0,0,Fine,Null
1763099.8336,5907989.741,757621,,524530,0,,0,1,,Null,2022/2023,MASSEY ROAD,GRAY AVENUE,,Non-Injury Crash,No,2023,,South,,0,,Flat,,,,,,Overcast,733400,0,0,1,2,,,0,,,,,,Auckland Region,Nil,2-way,Sealed,,0,0,,50,,Off,0,0,,76,Auckland,Traffic Signals,,,,,0,0,Urban,0,,,Fine,Null
1771575.7484,5897836.0786,757628,,523912,0,0,0,2,0,Null,2023/2024,WALTERS ROAD,TIRONUI ROAD,,Minor Crash,No,2024,0,East,0,0,0,Flat,0,,0,,0,Bright sun,765700,2,0,0,2,0,0,0,0,0,1,0,0,Auckland Region,Nil,2-way,Sealed,0,0,0,0,50,0,Off,0,0,,76,Auckland,Give way,0,0,0,1,0,0,Urban,0,0,0,Fine,Null
1766466.9453,5899490.4831,757629,,524812,0,0,0,2,0,South,2023/2024,MAHIA ROAD,DAMIAN WAY,,Minor Crash,No,2023,0,South,0,0,1,Flat,0,,0,,0,Overcast,774202,1,0,0,2,0,0,0,0,0,,0,0,Auckland Region,Nil,2-way,Sealed,0,0,0,0,50,0,Off,0,0,,76,Auckland,Nil,0,0,0,0,0,0,Urban,0,0,0,Mist or Fog,Null
1766464.6115,5899496.12,757644,,524812,0,,0,1,,South,2022/2023,MAHIA ROAD,DAMIAN WAY,,Non-Injury Crash,No,2023,,North,,0,,Flat,,,,,,Overcast,774202,0,0,0,2,,,0,,,,,,Auckland Region,Nil,2-way,Sealed,,0,0,,50,,Off,0,0,,76,Auckland,Nil,,,,,0,0,Urban,1,,,Fine,Null
1755370.6833,5938439.0751,757661,,508900,0,0,0,2,0,West,2022/2023,WINDLASS STREET,PENNANT STREET,,Minor Crash,No,2023,0,West,0,0,0,Flat,0,,0,,0,Dark,178310,1,0,0,2,0,0,0,0,1,,0,0,Auckland Region,Nil,2-way,Sealed,0,0,0,0,50,0,On,0,0,,76,Auckland,Nil,0,0,0,0,0,0,Urban,0,0,0,Fine,Null
1757050.5418,5927135.1748,757669,,507900,0,0,0,0,0,South,2023/2024,TAHAROTO ROAD,KARAKA STREET,,Minor Crash,No,2024,0,North,0,0,1,Flat,0,,0,,0,Dark,304800,2,0,0,4,0,0,0,0,0,,0,0,Auckland Region,Nil,2-way,Sealed,0,0,0,0,50,0,On,0,0,,76,Auckland,Nil,0,0,0,0,1,0,Urban,0,0,0,Fine,Null
1758127.3989,5917788.4472,757677,,515700,0,,0,2,,Null,2023/2024,GILLIES AVENUE,GILLIES AVENUE ON RAMP,,Serious Crash,No,2024,,North,,0,,Flat,,,,,,Dark,443700,0,0,0,2,,,0,,,,,,Auckland Region,Motorway ramp,1-way,Sealed,,0,1,,50,,On,0,0,,76,Auckland,Traffic Signals,,,,,0,0,Urban,0,,,Fine,Null
1760211.0712,5907694.8737,757685,,524121,0,,0,1,,North,2023/2024,SOUTH-WESTERN MOTORWAY,BADER DRIVE OFF RAMP,,Non-Injury Crash,Yes,2023,,North,,0,,Flat,,,,,,Dark,737600,0,0,0,2,,,0,,,,,,Auckland Region,Nil,1-way,Sealed,,0,0,,100,,On,0,0,,76,Auckland,Nil,,,,,0,0,Open,0,,,Mist or Fog,Null
1760741.4638,5917495.2698,757693,,516202,0,0,1,0,0,Null,2023/2024,ORAKEI ROAD,COMBES ROAD,,Non-Injury Crash,No,2023,0,North,0,0,0,Flat,0,,0,,0,Overcast,489100,0,0,0,2,0,0,0,0,0,,0,1,Auckland Region,Nil,2-way,Sealed,0,1,0,0,50,0,Off,0,0,,76,Auckland,Stop,0,0,0,0,0,0,Urban,0,0,0,Fine,Null
1753569.2664,5918375.4065,757723,,515431,0,,0,1,,West,2022/2023,GREAT NORTH ROAD,ST LUKES ROAD,,Serious Crash,No,2023,,West,,0,,Flat,,,,,,Bright sun,397600,0,0,0,4,,,0,,,4,,,Auckland Region,Nil,2-way,Sealed,,0,1,,50,,Off,0,0,,76,Auckland,Nil,,,,,0,0,Urban,0,,,Fine,Null
1759688.9829,5908608.0889,757732,,524121,0,0,0,2,0,South,2023/2024,HALL AVENUE,WALMSLEY ROAD,,Non-Injury Crash,No,2023,0,North,0,0,0,Flat,0,,0,,0,Bright sun,737000,0,0,0,2,0,0,0,0,1,,0,0,Auckland Region,Nil,2-way,Sealed,0,0,0,0,50,0,Null,0,0,,76,Auckland,Nil,0,0,0,0,0,0,Urban,0,0,0,Fine,Null
1736483.4471,5981836.7825,757740,,505300,0,,0,2,,Null,2023/2024,PORT ALBERT ROAD,DAVIES ROAD,,Non-Injury Crash,Yes,2023,,East,,0,,Flat,,,,,,Overcast,143200,0,0,0,2,,,0,,,,,,Auckland Region,Nil,2-way,Sealed,,0,0,,70,,On,0,0,,76,Auckland,Give way,,,,,0,0,Urban,0,,,Light rain,Null
1764118.9859,5918699.0991,757756,,516601,0,,0,2,,Null,2023/2024,KOHIMARAMA ROAD,ALLUM STREET,,Non-Injury Crash,No,2023,,South,,0,,Hill Road,,,,,,Overcast,506400,0,0,0,4,,,0,,,,,,Auckland Region,Nil,2-way,Sealed,,0,0,,50,,Off,0,0,,76,Auckland,Traffic Signals,,,,,0,0,Urban,0,,,Fine,Null
1745550.4205,5920694.776,757780,,513301,0,,0,2,,South,2023/2024,NORTH-WESTERN MOTORWAY,LINCOLN OBR,,Non-Injury Crash,Yes,2024,,South,,0,,Flat,,,,,,Bright sun,230200,0,0,0,3,,,0,,,,,,Auckland Region,Nil,1-way,Sealed,,0,0,,100,,Off,0,0,,76,Auckland,Nil,,,,,0,0,Open,0,,,Fine,Null
1759994.3304,5908385.0507,757781,,524403,0,,0,0,,North,2023/2024,SOUTH-WESTERN MOTORWAY,HALL FTBR,,Non-Injury Crash,Yes,2023,,South,,0,,Flat,,,,,,Twilight,729800,0,0,0,2,,,0,,,,,,Auckland Region,Nil,1-way,Sealed,,0,0,,100,,Off,1,0,,76,Auckland,Nil,,,,,0,0,Open,3,,,Light rain,Null
1760542.3472,5980752.0666,757795,35,506661,0,,0,0,,South,2023/2024,LEIGH ROAD,TI POINT ROAD,,Minor Crash,No,2024,,East,,0,,Hill Road,,,,,,Overcast,137708,1,0,0,2,,,0,,,,,,Auckland Region,Nil,2-way,Sealed,,0,0,,80,,Off,0,0,,76,Auckland,Nil,,,,,0,0,Open,2,,,Light rain,Null
1750061.1679,5916893.8404,757796,,514801,0,0,0,3,0,North,2023/2024,JOMAC PLACE,ROSEBANK ROAD,,Non-Injury Crash,No,2023,0,North,0,0,0,Flat,0,,0,,0,Overcast,389400,0,0,0,2,0,0,0,0,1,,0,0,Auckland Region,Nil,2-way,Sealed,0,0,0,0,50,0,Off,0,0,,76,Auckland,Nil,0,0,0,0,0,0,Urban,0,0,0,Light rain,Null
1755034.3892,5918467.2983,757804,,515420,0,0,0,3,0,West,2023/2024,GREAT NORTH ROAD,COLERIDGE STREET,,Non-Injury Crash,No,2024,0,West,0,0,1,Hill Road,0,,1,,0,Dark,404800,0,0,0,2,0,0,0,0,2,,0,1,Auckland Region,Nil,2-way,Sealed,0,0,0,0,50,0,On,0,0,30,76,Auckland,Nil,0,0,0,0,0,0,Urban,0,0,0,Fine,Null
1746758.471,5920569.8435,757813,,512300,0,0,0,2,0,Null,2022/2023,GLORIA AVENUE,CELSMERE LANE,,Non-Injury Crash,No,2023,0,North,0,0,0,Flat,0,,0,,0,Dark,251300,0,0,0,1,0,0,0,0,1,,0,0,Auckland Region,Nil,2-way,Sealed,0,0,0,0,50,0,On,0,0,,76,Auckland,Nil,0,0,0,0,0,0,Urban,0,0,0,Light rain,Null
1768237.599,5902448.1013,757820,,524901,0,,0,2,,East,2023/2024,ORAMS ROAD,GREAT SOUTH ROAD,,Non-Injury Crash,No,2024,,West,,0,,Hill Road,,,,,,Overcast,754200,0,0,0,2,,,0,,,,,,Auckland Region,Nil,2-way,Sealed,,0,0,,50,,None,0,0,,76,Auckland,Nil,,,,,0,0,Urban,0,,,Fine,Null
1753571.8195,5933369.0981,757829,,508804,0,0,0,1,0,North,2023/2024,GREVILLE ROAD,GREVILLE ROAD OFF RAMP,,Non-Injury Crash,No,2023,0,South,0,0,0,Flat,0,,0,,0,Overcast,180701,0,0,0,2,0,0,0,0,0,,0,0,Auckland Region,Nil,2-way,Sealed,0,0,0,0,50,0,None,0,0,,76,Auckland,Nil,0,0,0,1,0,0,Urban,0,0,0,Fine,Null
1754004.6686,5915285.0857,757844,,518801,0,,0,1,,Null,2023/2024,BEAGLE AVENUE,TYBURNIA AVENUE,,Non-Injury Crash,No,2023,,North,,0,,Flat,,,,,,Dark,574800,0,0,0,2,,,0,,,,,,Auckland Region,Nil,2-way,Sealed,,0,0,,50,,On,1,0,,76,Auckland,Stop,,,,,0,0,Urban,0,,,Fine,Null
1755678.8705,5919749.4124,757867,,514000,0,,0,2,,South,2022/2023,PONSONBY ROAD,DOUGLAS STREET,,Non-Injury Crash,No,2023,,North,,0,,Flat,,,,,,Dark,414000,0,0,0,2,,,0,,,,,,Auckland Region,Nil,2-way,Sealed,,0,0,,50,,On,0,1,,76,Auckland,Nil,,,,,0,0,Urban,0,,,Light rain,Null
1764986.7748,5920175.2993,757875,,516602,0,0,1,1,0,North,2023/2024,TAMAKI DRIVE,LONG DRIVE,,Minor Crash,No,2024,0,West,0,0,0,Flat,0,,0,,0,Bright sun,504500,2,0,0,2,0,0,0,0,1,,0,0,Auckland Region,Nil,2-way,Sealed,0,0,0,0,50,0,Off,0,0,,76,Auckland,Nil,0,0,0,0,0,0,Urban,0,0,0,Fine,Null
1753934.9687,5931329.1199,757876,,508803,0,,0,1,,West,2023/2024,UPPER HARBOUR HIGHWAY,UPPER HARBOUR HWY OFF RAMP,,Non-Injury Crash,Yes,2023,,West,,0,,Flat,,,,,,Bright sun,180815,0,0,0,2,,,0,,,,,,Auckland Region,Nil,1-way,Sealed,,0,0,,50,,Off,0,0,,76,Auckland,Nil,,,,,1,0,Urban,0,,,Fine,Null
1771511.9343,5907989.3868,757883,,523115,0,0,0,1,0,South,2023/2024,GRACECHURCH DRIVE,INCHINNAM ROAD,,Serious Crash,No,2024,0,North,1,0,0,Flat,0,,0,,0,Dark,712203,2,0,0,2,0,0,0,0,0,,0,0,Auckland Region,Nil,2-way,Sealed,0,0,2,0,50,0,None,0,0,,76,Auckland,Nil,0,0,0,0,0,0,Urban,0,0,0,Fine,Null
1761067.6614,5914367.379,757893,,520202,0,,0,2,,Null,2023/2024,GREAT SOUTH ROAD,GREAT SOUTH ROAD,,Minor Crash,No,2024,,South,,0,,Flat,,,,,,Bright sun,612200,2,0,0,4,,,0,,,,,,Auckland Region,Nil,2-way,Sealed,,0,0,,50,,Off,0,0,,76,Auckland,Give way,,,,,0,0,Urban,0,,,Fine,Null
1768757.227,5881038.3932,757907,,525922,0,,0,2,,East,2023/2024,WESLEY STREET,QUEEN STREET,,Non-Injury Crash,No,2023,,West,,0,,Flat,,,,,,Bright sun,823000,0,0,0,2,,,0,,,,,,Auckland Region,Nil,2-way,Sealed,,0,0,,50,,Off,0,0,,76,Auckland,Nil,,,,,0,0,Urban,0,,,Fine,Null
1756145.0436,5923951.1832,757908,,509800,0,,0,1,,South,2022/2023,NORTHERN MOTORWAY,WEIGH BRIDGE,,Non-Injury Crash,Yes,2023,,South,,0,,Flat,,,,,,Bright sun,361200,0,0,0,4,,,0,,,,,,Auckland Region,Nil,1-way,Sealed,,0,0,,80,,Off,0,0,,76,Auckland,Nil,,,,,0,0,Open,1,,,Fine,Null
1767831.448,5881426.1849,757916,,525921,0,,0,0,,Null,2023/2024,HELVETIA ROAD,PRINCES STREET,,Minor Crash,No,2023,,North,,0,,Flat,,,,,,Bright sun,820702,1,0,1,1,,,0,,,,,,Auckland Region,Nil,2-way,Sealed,,0,0,,50,,Off,1,0,,76,Auckland,Give way,,,,,0,0,Urban,0,,,Fine,Null
1769902.5154,5900388.7302,757924,,523816,0,,0,1,,North,2022/2023,SOUTHERN MOTORWAY,PAPAKURA STM BR,,Non-Injury Crash,Yes,2023,,South,,0,,Flat,,,,,,Overcast,759734,0,0,0,3,,,0,,,,,,Auckland Region,Nil,1-way,Sealed,,0,0,,100,,Off,1,0,,76,Auckland,Nil,,,,,0,0,Open,0,,,Fine,Null
1749562.3601,5913463.6548,757932,,511401,0,0,0,2,0,West,2022/2023,MARGAN AVENUE,SEABROOK AVENUE,,Non-Injury Crash,No,2023,0,West,0,0,0,Flat,0,,0,,0,Dark,263600,0,0,0,2,0,0,0,0,1,,0,0,Auckland Region,Nil,2-way,Sealed,0,0,0,0,50,0,On,0,0,,76,Auckland,Nil,0,0,0,0,0,0,Urban,0,0,0,Light rain,Null
1763934.8913,5910072.6058,757957,,521901,0,0,0,0,0,Null,2022/2023,PRINCES STREET,GREAT SOUTH ROAD,,Non-Injury Crash,No,2023,0,West,0,0,0,Flat,0,,0,,0,Bright sun,782400,0,0,0,4,0,0,0,0,1,,1,0,Auckland Region,Nil,2-way,Sealed,0,0,0,0,50,0,Off,0,0,,76,Auckland,Traffic Signals,0,0,0,1,0,0,Urban,1,0,0,Fine,Null
1769288.4091,5905578.5069,757965,,523712,0,,1,1,,Null,2023/2024,DAWSON ROAD,MATTHEWS ROAD,,Non-Injury Crash,No,2023,,East,,0,,Flat,,,,,,Overcast,713016,0,0,0,2,,,0,,,,,,Auckland Region,Nil,2-way,Sealed,,0,0,,50,,None,0,0,,76,Auckland,Traffic Signals,,,,,0,0,Urban,0,,,Fine,Null
1756497.2243,5920018.0735,757972,,514000,0,,0,1,,North,2022/2023,NORTHERN MOTORWAY,WELLINGTON OBR,,Non-Injury Crash,Yes,2023,,North,,0,,Flat,,,,,,Bright sun,417400,0,0,0,3,,,0,,,,,,Auckland Region,Underpass,1-way,Sealed,,0,0,,80,,Off,0,0,,76,Auckland,Nil,,,,,1,0,Open,0,,,Fine,Null
1752489.4847,5930327.9395,757981,,508803,0,0,0,1,0,North,2023/2024,ALBANY HIGHWAY,UPPER HARBOUR DRIVE,,Non-Injury Crash,No,2023,0,East,0,0,0,Hill Road,0,,0,,0,Twilight,180858,0,0,0,4,0,0,0,1,0,,0,0,Auckland Region,Nil,2-way,Sealed,0,0,0,0,60,0,On,0,0,,76,Auckland,Nil,0,0,0,1,0,0,Urban,0,0,0,Fine,Null
1769350.3156,5916279.7107,757995,,522730,0,0,0,1,0,East,2023/2024,PRINCE REGENT DRIVE,TUSCAN PLACE,,Serious Crash,No,2023,0,East,0,0,0,Flat,0,,0,,0,Overcast,679200,4,0,0,2,0,0,0,0,1,7,1,0,Auckland Region,Nil,2-way,Sealed,0,0,2,0,50,0,Off,1,0,,76,Auckland,Nil,0,0,0,0,0,0,Urban,0,0,0,Fine,Null
1757059.3207,5943518.1105,758003,35,505902,0,0,0,2,0,South,2023/2024,WHANGAPARAOA ROAD,RAKINO AVENUE,,Minor Crash,No,2023,0,East,0,0,1,Hill Road,0,,0,,1,Dark,174608,1,0,0,2,0,0,0,0,1,,0,0,Auckland Region,Nil,2-way,Sealed,0,0,0,0,50,0,On,0,0,,76,Auckland,Nil,0,0,0,0,0,0,Urban,0,0,0,Fine,Null
1776220.4273,5884515.0937,758004,,521132,0,,0,1,,North,2023/2024,SOUTHERN MOTORWAY,ST STEPHENS OBR,,Minor Crash,Yes,2024,,South,,0,,Flat,,,,,,Bright sun,814702,1,0,1,2,,,0,,,,,,Auckland Region,Nil,1-way,Sealed,,0,0,,100,,Off,0,0,,76,Auckland,Nil,,,,,0,0,Open,0,,,Fine,Null
1756945.0272,5919263.8076,758005,,514200,0,1,0,1,0,Null,2022/2023,CANADA STREET,UPPER QUEEN STREET,,Non-Injury Crash,No,2023,0,East,0,0,0,Hill Road,0,,0,,1,Dark,412200,0,0,0,3,0,0,0,0,0,,0,0,Auckland Region,Overpass,2-way,Sealed,0,0,0,0,30,0,On,0,0,,76,Auckland,Traffic Signals,0,0,0,0,0,0,Urban,0,0,0,Fine,Null
1775813.3912,5894906.027,758027,,521301,0,0,0,1,0,East,2023/2024,HUNUA ROAD,DOMINION ROAD,,Minor Crash,No,2023,0,East,0,0,1,Hill Road,0,,0,,0,Overcast,807900,1,0,0,2,0,0,0,0,0,,0,1,Auckland Region,Nil,2-way,Sealed,0,0,0,0,80,0,Off,0,0,,76,Auckland,Nil,0,0,0,0,0,0,Open,0,0,0,Fine,Null