X,Y,OBJECTID,advisorySpeed,areaUnitID,bicycle,bridge,bus,carStationWagon,cliffBank,crashDirectionDescription,crashFinancialYear,crashLocation1,crashLocation2,crashRoadSideRoad,crashSeverity,crashSHDescription,crashYear,debris,directionRoleDescription,ditch,fatalCount,fence,flatHill,guardRail,holiday,houseOrBuilding,intersection,kerb,light,meshblockId,minorInjuryCount,moped,motorcycle,NumberOfLanes,objectThrownOrDropped,otherObject,otherVehicleType,overBank,parkedVehicle,pedestrian,phoneBoxEtc,postOrPole,region,roadCharacter,roadLane,roadSurface,roadworks,schoolBus,seriousInjuryCount,slipOrFlood,speedLimit,strayAnimal,streetLight,suv,taxi,temporarySpeedLimit,tlaId,tlaName,trafficControl,trafficIsland,trafficSign,train,tree,truck,unknownVehicleType,urban,vanOrUtility,vehicle,waterRiver,weatherA,weatherB
1774426.8457,5897366.0318,758045,,525630,0,0,0,1,0,East,2022/2023,CLEVEDON ROAD,VALENTINE STREET,,Non-Injury Crash,No,2023,0,East,0,0,0,Flat,0,,0,,0,Bright sun,796100,0,0,0,2,0,0,0,0,1,,0,0,Auckland Region,Nil,2-way,Sealed,0,0,0,0,50,0,Off,0,0,,76,Auckland,Nil,0,0,0,0,0,0,Urban,1,0,0,Fine,Null
1757931.7723,5927327.1025,758061,,508010,0,0,0,1,0,Null,2022/2023,OFF ROAD - CAR PARK,,,Serious Crash,No,2023,0,West,0,0,0,Flat,0,,1,,0,Bright sun,327300,0,0,0,,0,0,0,0,0,,0,0,Auckland Region,Nil,Off road,Sealed,0,0,2,0,,0,Off,0,0,,76,Auckland,Nil,0,0,0,0,0,0,Urban,0,0,0,Fine,Null
1719661.3513,5948758.8655,758068,55,506642,0,0,0,1,1,South,2023/2024,SOUTH HEAD ROAD,TUPAREKURA ROAD,,Non-Injury Crash,No,2024,0,South,0,0,0,Hill Road,0,,0,,0,Overcast,210301,0,0,0,2,0,0,0,0,0,,0,0,Auckland Region,Nil,2-way,Sealed,0,0,0,0,80,0,Off,0,0,,76,Auckland,Nil,0,0,0,0,0,0,Open,0,0,0,Fine,Null
1759941.9108,5908777.2782,758075,,524403,0,,0,1,,Null,2022/2023,WALMSLEY ROAD,WATERVIEW ROAD,,Non-Injury Crash,No,2023,,East,,0,,Flat,,,,,,Unknown,729800,0,0,0,2,,,0,,,,,,Auckland Region,Nil,2-way,Sealed,,0,0,,60,,On,0,0,,76,Auckland,Give way,,,,,0,0,Urban,1,,,Fine,Null
1767567.6993,5904651.1155,758092,,524604,0,,0,2,,Null,2022/2023,RONWOOD AVENUE,GREAT SOUTH ROAD,,Non-Injury Crash,No,2023,,East,,0,,Flat,,,,,,Bright sun,780209,0,0,0,2,,,0,,,,,,Auckland Region,Nil,1-way,Sealed,,0,0,,50,,Off,0,0,,76,Auckland,Give way,,,,,0,0,Urban,0,,,Fine,Null
1770369.2846,5907190.454,758107,,523713,0,,0,2,,Null,2022/2023,ORMISTON ROAD,BELLINGHAM ROAD,,Non-Injury Crash,No,2023,,East,,0,,Flat,,,,,,Unknown,712401,0,0,0,2,,,0,,,,,,Auckland Region,Nil,2-way,Sealed,,0,0,,60,,Null,0,0,,76,Auckland,Traffic Signals,,,,,0,0,Urban,0,,,Null,Null
1781165.3196,5916497.6851,758125,,523300,0,0,0,0,0,Null,2022/2023,MARAETAI DRIVE,CAMPBELL ROAD,,Serious Crash,No,2023,0,West,0,0,0,Flat,0,,0,,0,Overcast,719500,0,0,0,2,0,0,0,0,0,,0,1,Auckland Region,Nil,2-way,Sealed,0,0,1,0,50,0,Off,0,0,,76,Auckland,Give way,0,0,0,0,0,0,Urban,1,0,0,Fine,Null
1754420.0706,5927002.7233,758132,,508610,0,0,0,3,0,West,2023/2024,CORONATION ROAD,LYNDEN AVENUE,,Non-Injury Crash,No,2023,0,West,0,0,0,Flat,0,,0,,0,Dark,205700,0,0,0,2,0,0,0,0,1,,0,0,Auckland Region,Nil,2-way,Sealed,0,0,0,0,50,0,On,0,0,,76,Auckland,Nil,0,0,0,0,0,0,Urban,0,0,0,Fine,Null
1770802.8329,5911175.9737,758140,,523109,0,,0,1,,Null,2023/2024,DANNEMORA DRIVE,FINTONA PLACE,,Non-Injury Crash,No,2024,,West,,0,,Flat,,,,,,Twilight,712001,0,0,0,2,,,0,,,,,,Auckland Region,Nil,2-way,Sealed,,0,0,,50,,On,0,0,,76,Auckland,Nil,,,,,0,0,Urban,1,,,Fine,Null
1753566.8036,5915426.0118,758148,,517903,0,0,0,0,0,Null,2023/2024,OWAIRAKA AVENUE,LORRAINE AVENUE,,Minor Crash,No,2024,0,West,0,0,0,Flat,0,,0,,0,Overcast,517700,1,0,0,2,0,0,0,0,0,,0,1,Auckland Region,Nil,2-way,Sealed,0,0,0,0,50,0,Off,0,0,,76,Auckland,Stop,0,0,0,0,0,0,Urban,1,0,0,Fine,Null
1758241.8106,5916521.4828,758157,,519200,0,,0,2,,North,2023/2024,MANUKAU ROAD,HALIFAX AVENUE,,Non-Injury Crash,No,2023,,South,,0,,Flat,,,,,,Overcast,614702,0,0,0,4,,,0,,,,,,Auckland Region,Nil,2-way,Sealed,,0,0,,50,,Off,0,0,,76,Auckland,Nil,,,,,0,0,Urban,1,,,Fine,Null
1768350.9258,5888814.9542,758165,,521122,0,0,0,1,0,West,2022/2023,KARAKA ROAD,GELLERT ROAD,,Non-Injury Crash,Yes,2023,0,East,0,0,1,Flat,0,,0,,0,Overcast,810000,0,0,0,2,0,0,0,0,0,,0,0,Auckland Region,Nil,2-way,Sealed,0,0,0,0,80,0,Off,0,0,,76,Auckland,Nil,0,0,0,0,0,0,Open,0,0,0,Heavy rain,Null
1773835.5104,5889830.9847,758180,,521302,0,,0,0,,South,2023/2024,SOUTHERN MOTORWAY,QUARRY OBR,,Minor Crash,Yes,2023,,North,,0,,Flat,,,,,,Overcast,809101,1,0,0,2,,,0,,,,,,Auckland Region,Nil,1-way,Sealed,,0,0,,100,,Off,3,0,,76,Auckland,Nil,,,,,0,0,Open,0,,,Fine,Null
1769899.5306,5900159.4827,758196,,523817,0,,0,3,,North,2022/2023,SOUTHERN MOTORWAY,PAPAKURA STM BR,,Minor Crash,Yes,2023,,South,,0,,Flat,,,,,,Dark,759738,1,0,0,3,,,0,,,,,,Auckland Region,Nil,1-way,Sealed,,0,0,,100,,On,0,0,50,76,Auckland,Nil,,,,,0,0,Open,1,,,Fine,Null
1747222.5517,5919681.1305,758197,,512402,0,,0,3,,West,2022/2023,NORTH-WESTERN MOTORWAY,TE ATATU OBR,,Non-Injury Crash,Yes,2023,,West,,0,,Flat,,,,,,Overcast,253600,0,0,0,3,,,0,,,,,,Auckland Region,Nil,1-way,Sealed,,0,0,,100,,Off,0,0,,76,Auckland,Nil,,,,,0,0,Open,0,,,Fine,Null
1754615.9382,5935954.8746,758221,,507000,0,,0,2,,Null,2022/2023,NOR'EAST DRIVE,CARLISLE ROAD,,Non-Injury Crash,No,2023,,South,,0,,Hill Road,,,,,,Bright sun,164102,0,0,0,2,,,0,,,,,,Auckland Region,Nil,2-way,Sealed,,0,0,,50,,Off,0,0,,76,Auckland,Stop,,,,,0,0,Urban,0,,,Fine,Null
1750767.5609,5926367.0798,758252,,510010,0,0,0,1,0,North,2023/2024,RANGATIRA ROAD,AEROVIEW DRIVE,,Non-Injury Crash,No,2023,0,North,0,0,0,Flat,0,,0,,0,Overcast,344200,0,0,0,2,0,0,0,0,1,,0,0,Auckland Region,Nil,2-way,Sealed,0,0,0,0,50,0,Off,0,0,,76,Auckland,Nil,0,0,0,0,0,0,Urban,1,0,0,Fine,Null
1770215.3329,5914659.8997,758261,,521601,0,,0,1,,West,2022/2023,PAKURANGA ROAD,ANGELO AVENUE,,Non-Injury Crash,No,2023,,West,,0,,Flat,,,,,,Bright sun,645200,0,0,0,4,,,0,,,,,,Auckland Region,Nil,2-way,Sealed,,0,0,,60,,Off,0,0,,76,Auckland,Nil,,,,,0,0,Urban,1,,,Fine,Null
1757012.9363,5925856.8903,758277,,509702,0,,0,2,,Null,2023/2024,ESMONDE ROAD,ESMONDE ROAD OFF RAMP,,Minor Crash,No,2023,,West,,0,,Flat,,,,,,Bright sun,364602,1,0,0,5,,,0,,,,,,Auckland Region,Motorway ramp,2-way,Sealed,,0,0,,60,,Off,0,0,,76,Auckland,Traffic Signals,,,,,0,0,Urban,0,,,Fine,Null
1748831.8912,5917469.0838,758285,,514801,0,,0,3,,South,2022/2023,ROSEBANK ROAD,TIMOTHY PLACE,,Non-Injury Crash,No,2023,,North,,0,,Flat,,,,,,Dark,389400,0,0,0,2,,,0,,,,,,Auckland Region,Nil,2-way,Sealed,,0,0,,50,,On,0,0,,76,Auckland,Nil,,,,,0,0,Urban,0,,,Fine,Null
1756856.5685,5944634.7179,758317,,505902,0,0,0,1,0,South,2023/2024,GLENGARRY AVENUE,ONEPU LANE,,Minor Crash,No,2023,0,South,0,0,0,Flat,0,,0,,0,Bright sun,174204,1,0,0,1,0,1,0,0,0,,0,0,Auckland Region,Nil,2-way,Sealed,0,0,0,0,50,0,Off,0,0,,76,Auckland,Nil,0,0,0,0,0,0,Urban,0,0,0,Fine,Null
1757167.2414,5919110.9466,758324,,514301,0,0,0,2,0,North,2023/2024,SOUTHERN MOTORWAY,SYMONDS STREET ON RAMP,,Non-Injury Crash,Yes,2023,0,South,0,0,0,Flat,1,,0,,0,Dark,441200,0,0,0,4,0,0,0,0,0,,0,0,Auckland Region,Bridge,1-way,Sealed,0,0,0,0,80,0,On,0,0,,76,Auckland,Nil,0,0,0,0,0,0,Open,0,0,0,Fine,Null
1743781.5279,5917785.5884,758325,,513220,0,0,0,1,0,East,2023/2024,HARVEST DRIVE,SUMMERLAND DRIVE,,Minor Crash,No,2024,0,East,0,0,0,Flat,0,,0,,0,Bright sun,236704,1,0,0,2,0,0,0,0,0,,0,0,Auckland Region,Nil,2-way,Sealed,0,0,0,0,50,0,Off,0,0,,76,Auckland,Nil,0,0,0,1,0,0,Urban,0,0,0,Fine,Null
1756452.6338,5943936.4806,758333,,505909,0,,0,1,,Null,2023/2024,WHANGAPARAOA ROAD,ARKLES DRIVE,,Minor Crash,No,2023,,West,,0,,Hill Road,,,,,,Bright sun,174005,1,0,1,2,,,0,,,,,,Auckland Region,Nil,2-way,Sealed,,0,0,,50,,Off,0,0,,76,Auckland,Nil,,,,,0,0,Urban,0,,,Fine,Null
1770801.4265,5878425.2497,758364,,521116,0,0,0,2,0,South,2024/2025,BUCKLAND ROAD,GLENCAIRN PLACE,,Non-Injury Crash,No,2024,0,South,0,0,0,Flat,0,,0,,0,Overcast,824402,0,0,0,2,0,0,0,0,1,,0,0,Auckland Region,Nil,2-way,Unsealed,0,0,0,0,50,0,Off,0,0,,76,Auckland,Nil,0,0,0,0,0,0,Urban,0,0,0,Fine,Null
1766475.1167,5912623.85,758388,,522920,0,0,0,0,0,Null,2024/2025,JAN PLACE,TIRAUMEA DRIVE,,Non-Injury Crash,No,2024,0,North,0,0,0,Flat,0,,0,,0,Bright sun,684701,0,0,0,2,0,0,0,0,0,,0,1,Auckland Region,Nil,2-way,Sealed,0,0,0,0,50,0,Off,0,0,,76,Auckland,Give way,0,0,0,0,0,0,Urban,1,0,0,Fine,Null
1764273.1672,5909872.6223,758396,,521802,0,0,0,2,0,East,2023/2024,AVENUE ROAD,ATKINSON AVENUE,,Non-Injury Crash,No,2023,0,East,0,0,0,Flat,0,Christmas New Year,0,,0,Overcast,787800,0,0,0,2,0,0,0,0,1,,0,0,Auckland Region,Nil,2-way,Sealed,0,0,0,0,30,0,Off,0,0,,76,Auckland,Nil,0,0,0,0,0,0,Urban,0,0,0,Light rain,None
1740853.0964,5927537.7743,758404,,505604,0,,0,1,,East,2023/2024,SH 16,TAUPAKI ROAD,,Non-Injury Crash,Yes,2024,,East,,0,,Flat,,,,,,Bright sun,214502,0,0,0,2,,,0,,,,,,Auckland Region,Nil,2-way,Sealed,,0,0,,80,,Off,0,0,,76,Auckland,Nil,,,,,0,0,Open,1,,,Fine,Null
1748075.2192,5913807.0592,758405,,511100,0,0,0,1,0,North,2022/2023,WEST COAST ROAD,CLAYBURN ROAD,,Minor Crash,No,2023,0,North,0,0,0,Flat,0,,0,,0,Dark,285900,1,0,0,2,0,0,0,0,0,,0,0,Auckland Region,Nil,2-way,Sealed,0,0,0,0,50,0,On,0,0,,76,Auckland,Unknown,0,0,0,1,0,0,Urban,0,0,0,Fine,Null
1766584.2033,5901273.5501,758437,,524712,0,0,0,1,0,South,2023/2024,ROMNEY PLACE,ADDINGTON AVENUE,,Non-Injury Crash,No,2023,0,South,0,0,1,Flat,0,,0,,0,Overcast,779400,0,0,0,1,0,0,0,0,0,,0,0,Auckland Region,Nil,2-way,Sealed,0,0,0,0,50,0,Off,0,0,,76,Auckland,Nil,0,0,0,0,0,0,Urban,0,0,0,Fine,Null
1752992.5195,5935026.2711,758444,,508703,0,,0,1,,Null,2023/2024,OTEHA VALLEY ROAD,OTEHA VALLEY ROAD ON RAMP,,Non-Injury Crash,No,2023,,East,,0,,Flat,,,,,,Unknown,178511,0,0,0,3,,,0,,,,,,Auckland Region,Nil,1-way,Sealed,,0,0,,50,,Off,1,0,,76,Auckland,Traffic Signals,,,,,0,0,Urban,0,,,Fine,None
1761699.1351,5916851.7097,758452,,516003,0,,0,1,,Null,2024/2025,REMUERA ROAD,NGAPUHI ROAD,,Minor Crash,No,2025,,West,,0,,Hill Road,,,,,,Overcast,495400,1,1,0,3,,,0,,,,,,Auckland Region,Nil,2-way,Sealed,,0,0,,50,,Off,0,0,,76,Auckland,Traffic Signals,,,,,0,0,Urban,0,,,Fine,Null
1754697.5672,5931672.6361,758461,,508805,0,,0,0,,Null,2023/2024,CONSTELLATION DRIVE,ATLAS PLACE,,Minor Crash,No,2023,,North,,0,,Flat,,,,,,Overcast,180813,1,0,1,2,,,0,,,,,,Auckland Region,Nil,2-way,Sealed,,0,0,,50,,Off,1,0,,76,Auckland,Give way,,,,,0,0,Urban,0,,,Heavy rain,Null
1754741.4507,5915819.8275,758477,,517703,0,,0,0,,Null,2023/2024,SANDRINGHAM ROAD,HALESOWEN AVENUE,,Minor Crash,No,2023,,South,,0,,Flat,,,,,,Dark,538200,1,1,0,2,,,0,,,,,,Auckland Region,Nil,2-way,Sealed,,0,0,,50,,On,0,0,,76,Auckland,Give way,,,,,0,0,Urban,1,,,Fine,Null
1764388.0316,5908683.2383,758492,,521901,0,,0,1,,South,2023/2024,BEATTY STREET,GREAT SOUTH ROAD,,Non-Injury Crash,No,2023,,North,,0,,Flat,,,,,,Overcast,785600,0,0,0,2,,,0,,,,,,Auckland Region,Nil,2-way,Sealed,,0,0,,50,,Null,0,0,,76,Auckland,Nil,,,,,0,1,Urban,0,,,Fine,None
1757935.2294,5912074.5649,758499,,519810,0,,0,1,,South,2023/2024,SOUTH-WESTERN MOTORWAY,QUEENSTOWN ROAD OFF RAMP,,Minor Crash,Yes,2023,,North,,0,,Flat,,,,,,Overcast,602501,1,0,0,3,,,0,,,,,,Auckland Region,Nil,1-way,Sealed,,0,0,,100,,Off,2,0,,76,Auckland,Nil,,,,,0,0,Open,0,,,Fine,Null
1768912.1458,5899570.9573,758500,,525101,0,,0,2,,East,2024/2025,MAHIA ROAD,TAWA CRESCENT,,Minor Crash,No,2025,,West,,0,,Flat,,,,,,Bright sun,770200,1,0,0,2,,,0,,,,,,Auckland Region,Nil,2-way,Sealed,,0,0,,50,,Off,0,0,,76,Auckland,Nil,,,,,0,0,Urban,0,,,Fine,Null
1772074.7688,5898083.4558,758507,,523912,0,,0,2,,North,2022/2023,PORCHESTER ROAD,WALTERS ROAD,,Non-Injury Crash,No,2023,,South,,0,,Flat,,,,,,Overcast,767400,0,0,0,2,,,0,,,,,,Auckland Region,Nil,2-way,Sealed,,0,0,,50,,Off,0,0,,76,Auckland,Nil,,,,,0,0,Urban,0,,,Fine,Null
1757143.4769,5920712.236,758523,,514102,0,,0,2,,Null,2022/2023,WYNDHAM STREET,HOBSON STREET,,Non-Injury Crash,No,2023,,West,,0,,Flat,,,,,,Overcast,433103,0,0,0,3,,,0,,,,,,Auckland Region,Nil,2-way,Sealed,,0,0,,30,,Off,0,0,,76,Auckland,Traffic Signals,,,,,0,0,Urban,0,,,Fine,Null
1765409.1252,5909111.0395,758532,,523402,0,0,0,1,0,South,2023/2024,HIGHBROOK DRIVE OFF RAMP,SOUTHERN MOTORWAY,,Non-Injury Crash,No,2023,0,South,0,0,0,Flat,1,,0,,0,Dark,696900,0,0,0,4,0,0,0,0,0,,0,0,Auckland Region,Motorway ramp,1-way,Sealed,0,0,0,0,100,0,On,0,0,,76,Auckland,Nil,0,0,0,0,0,0,Open,0,0,0,Fine,Null
1750894.7602,5915565.6363,758589,,514802,0,,0,1,,Null,2022/2023,ROSEBANK ROAD,ASH STREET,,Non-Injury Crash,No,2023,,West,,0,,Flat,,,,,,Bright sun,387002,0,0,0,4,,,0,,,,,,Auckland Region,Nil,2-way,Sealed,,0,0,,50,,Off,0,0,,76,Auckland,Give way,,,,,0,0,Urban,2,,,Fine,Null
1768091.6662,5907528.8391,758620,,523602,0,,0,3,,South,2024/2025,PRESTON ROAD,GERALDINE ROAD,,Minor Crash,No,2024,,North,,0,,Flat,,,,,,Bright sun,710100,1,0,0,2,,,0,,,,,,Auckland Region,Nil,2-way,Sealed,,0,0,,50,,Off,0,0,,76,Auckland,Nil,,,,,0,0,Urban,0,,,Fine,Null
1765058.8719,5910252.8831,758621,,521801,0,,0,2,,South,2022/2023,SOUTHERN MOTORWAY,PRINCES OBR,,Minor Crash,Yes,2023,,North,,0,,Flat,,,,,,Dark,787700,1,0,0,3,,,0,,,,,,Auckland Region,Underpass,1-way,Sealed,,0,0,,100,,On,0,0,,76,Auckland,Nil,,,,,0,0,Open,0,,,Fine,Null
1732768.4399,5944622.9651,758627,,506646,0,,0,0,,North,2022/2023,KAIPARA COAST HIGHWAY,INLAND ROAD,,Non-Injury Crash,Yes,2023,,South,,0,,Hill Road,,Queens Birthday,,,,Dark,211503,0,0,0,2,,,0,,,,,,Auckland Region,Nil,2-way,Sealed,,0,0,,100,,None,0,0,,76,Auckland,Nil,,,,,0,0,Open,1,,,Fine,Null
1763426.9272,5906479.1789,758636,,524301,0,,0,2,,East,2024/2025,BUCKLAND ROAD,MILTON ROAD,,Minor Crash,No,2024,,East,,0,,Flat,,Christmas New Year,,,,Dark,656900,1,0,0,2,,,0,,,,,,Auckland Region,Nil,2-way,Sealed,,0,0,,50,,On,0,0,,76,Auckland,Nil,,,,,0,0,Urban,0,,,Fine,Null
1751486.3553,5932352.8561,758645,,508807,0,,0,1,,Null,2023/2024,ROSEDALE ROAD,VANDERBILT PARADE,,Minor Crash,No,2023,,West,,0,,Flat,,,,,,Twilight,180301,1,0,0,2,,,0,,,,,,Auckland Region,Nil,2-way,Sealed,,0,0,,50,,Off,1,0,,76,Auckland,Give way,,,,,0,0,Urban,0,,,Fine,Null
1760210.0743,5916852.3922,758652,,516102,0,,0,0,,Null,2023/2024,REMUERA ROAD,CLONBERN ROAD,,Non-Injury Crash,No,2024,,West,,0,,Flat,,,,,,Dark,485200,0,0,0,4,,,0,,,,,,Auckland Region,Nil,2-way,Sealed,,0,0,,50,,On,2,0,,76,Auckland,Traffic Signals,,,,,0,0,Urban,0,,,Fine,Null
1755617.2708,5921364.2163,758669,,515202,0,,0,1,,North,2023/2024,NORTHERN MOTORWAY,FANSHAWE STREET OFF RAMP,,Non-Injury Crash,Yes,2023,,South,,0,,Flat,,,,,,Dark,425600,0,0,0,4,,,0,,,,,,Auckland Region,Nil,1-way,Sealed,,0,0,,80,,On,0,0,,76,Auckland,Nil,,,,,0,0,Open,0,,,Fine,Null
1751647.0274,5912299.9506,758676,,514700,0,0,0,0,0,Null,2024/2025,OFF ROAD - CAR PARK,,,Minor Crash,No,2024,0,North,0,0,0,Flat,0,,0,,0,Bright sun,368900,1,0,0,,0,1,0,0,0,,0,1,Auckland Region,Nil,Off road,Sealed,0,0,0,0,,0,None,1,0,,76,Auckland,Nil,0,0,0,0,0,0,Urban,0,0,0,Fine,Null
1756025.2965,5918230.9159,758700,,517500,0,,0,2,,Null,2022/2023,NEW NORTH ROAD,GEORGE STREET,,Non-Injury Crash,No,2023,,East,,0,,Flat,,,,,,Bright sun,529500,0,0,0,2,,,0,,,,,,Auckland Region,Nil,2-way,Sealed,,0,0,,50,,Off,0,0,,76,Auckland,Stop,,,,,0,0,Urban,0,,,Fine,None
1750031.9039,5914124.3572,758723,,511303,0,,0,4,,North,2022/2023,GREAT NORTH ROAD,MEMORIAL DRIVE,,Minor Crash,No,2023,,South,,0,,Flat,,,,,,Dark,265900,1,0,0,4,,,0,,,,,,Auckland Region,Nil,2-way,Sealed,,0,0,,50,,On,0,1,,76,Auckland,Nil,,,,,0,0,Urban,0,,,Fine,Null
1755174.9438,5914301.2149,758724,,518500,0,,0,2,,Null,2023/2024,DOMINION ROAD,MOUNT ALBERT ROAD,,Minor Crash,No,2023,,South,,0,,Hill Road,,,,,,Dark,560900,1,0,0,4,,,0,,,,,,Auckland Region,Nil,2-way,Unsealed,,0,0,,50,,On,0,0,,76,Auckland,Traffic Signals,,,,,0,0,Urban,0,,,Fine,Null
1766875.3114,5901417.8064,758732,,524712,0,0,0,1,0,South,2022/2023,ARBOR CLOSE,RUSSELL ROAD,,Non-Injury Crash,No,2023,0,South,0,0,0,Flat,0,,0,,0,Dark,779300,0,0,0,2,0,0,0,0,1,,0,0,Auckland Region,Nil,2-way,Sealed,0,0,0,0,30,0,On,1,0,,76,Auckland,Nil,0,0,0,0,0,0,Urban,0,0,0,Fine,Null
1741823.8939,5917540.0655,758741,,513102,0,0,0,1,1,South,2023/2024,CANDIA ROAD,COULTER ROAD,,Non-Injury Crash,No,2024,0,South,0,0,0,Hill Road,0,,0,,0,Dark,238600,0,0,0,2,0,0,0,0,0,,0,0,Auckland Region,Nil,2-way,Sealed,0,0,0,0,70,0,None,0,0,,76,Auckland,Nil,0,0,0,0,0,0,Urban,0,0,0,Fine,Null
1750433.5676,5949590.6353,758763,,505805,0,,0,2,,North,2022/2023,GRAND DRIVE,GROVENOR DRIVE,,Non-Injury Crash,No,2023,,North,,0,,Flat,,,,,,Overcast,171705,0,0,0,1,,,0,,,,,,Auckland Region,Nil,1-way,Sealed,,0,0,,50,,Off,0,0,,76,Auckland,Nil,,,,,0,0,Urban,0,,,Fine,Null
1754591.2361,5920830.4213,758764,,515301,1,,0,1,,West,2023/2024,JERVOIS ROAD,WALLACE STREET,,Serious Crash,No,2023,,West,,0,,Flat,,Christmas New Year,,,,Bright sun,427100,0,0,0,2,,,0,,,,,,Auckland Region,Nil,2-way,Sealed,,0,1,,50,,None,0,0,40,76,Auckland,Nil,,,,,0,0,Urban,0,,,Fine,Null
1761796.7873,5906745.2561,758765,,524520,0,0,0,0,0,Null,2023/2024,ROBERTSON ROAD,HARDIE STREET,,Non-Injury Crash,No,2023,0,North,0,0,0,Flat,0,,0,,0,Dark,736400,0,0,0,2,0,0,0,0,0,,0,1,Auckland Region,Nil,2-way,Sealed,0,0,0,0,50,0,On,0,0,,76,Auckland,Give way,0,0,0,0,1,0,Urban,0,0,0,Fine,Null
1751148.3693,5932112.4605,758771,,508807,0,,0,1,,North,2022/2023,ALBANY HIGHWAY,OAK MANOR DRIVE,,Non-Injury Crash,No,2023,,North,,0,,Flat,,,,,,Bright sun,180301,0,0,0,4,,,0,,,,,,Auckland Region,Nil,2-way,Sealed,,0,0,,50,,Off,0,0,,76,Auckland,Nil,,,,,0,0,Urban,0,,,Fine,Null
1755659.5865,5919812.8061,758781,,514000,0,,0,2,,Null,2023/2024,PONSONBY ROAD,NORFOLK STREET,,Non-Injury Crash,No,2023,,North,,0,,Flat,,,,,,Overcast,415000,0,0,0,4,,,0,,,,,,Auckland Region,Nil,2-way,Sealed,,0,0,,40,,Off,0,0,,76,Auckland,Give way,,,,,0,0,Urban,0,,,Light rain,Null
1746822.221,5918609.0109,758795,,512402,0,,0,1,,South,2022/2023,TE ATATU ROAD,WAKELING AVENUE,,Minor Crash,No,2023,,North,,0,,Flat,,,,,,Overcast,256300,1,0,0,2,,,0,,,1,,,Auckland Region,Nil,2-way,Sealed,,0,0,,50,,Off,0,0,,76,Auckland,Nil,,,,,0,0,Urban,0,,,Light rain,Null
1759418.8909,5906047.2787,758797,,524200,0,0,0,2,0,Null,2022/2023,WESTNEY ROAD,KOHINOOR AVENUE,,Non-Injury Crash,No,2023,0,South,0,0,0,Flat,0,,0,,0,Overcast,727901,0,0,0,2,0,0,0,0,2,,0,0,Auckland Region,Nil,2-way,Sealed,0,0,0,0,50,0,None,1,0,,76,Auckland,Nil,0,0,0,0,0,0,Urban,1,0,0,Light rain,Null
1772471.2382,5896961.1637,758805,,525420,0,,0,1,,Null,2023/2024,GREAT SOUTH ROAD,COLES CRESCENT,,Minor Crash,No,2023,,South,,0,,Flat,,,,,,Overcast,791300,1,1,0,2,,,0,,,,,,Auckland Region,Nil,2-way,Sealed,,0,0,,50,,Off,0,0,,76,Auckland,Stop,,,,,0,0,Urban,0,,,Fine,Null
1758073.2369,5917874.2064,758819,,515700,0,,0,2,,North,2022/2023,SOUTHERN MOTORWAY,GILLIES OBR,,Minor Crash,Yes,2023,,North,,0,,Flat,,,,,,Dark,443200,1,0,0,3,,,0,,,,,,Auckland Region,Nil,1-way,Sealed,,0,0,,80,,On,0,0,,76,Auckland,Nil,,,,,0,0,Open,0,,,Fine,Null
1755640.3051,5928440.8204,758829,,508320,0,0,0,1,0,Null,2023/2024,ARCHERS ROAD,WAIRAU ROAD,,Non-Injury Crash,No,2024,0,North,0,0,0,Flat,0,,0,,1,Dark,198500,0,0,0,2,0,0,0,0,0,,0,0,Auckland Region,Nil,2-way,Sealed,0,0,0,0,50,0,On,0,0,,76,Auckland,Traffic Signals,0,0,0,1,0,0,Urban,0,0,0,Fine,Null
1767263.6246,5907017.6293,758835,,523602,0,,0,3,,Null,2022/2023,BAIRDS ROAD,EVERITT ROAD,,Minor Crash,No,2023,,South,,0,,Flat,,,,,,Bright sun,708200,1,0,0,2,,,0,,,,,,Auckland Region,Nil,2-way,Sealed,,0,0,,50,,Off,0,0,,76,Auckland,Give way,,,,,0,0,Urban,0,,,Fine,Null
1767009.6785,5908579.6752,758851,,523501,0,0,0,1,0,Null,2022/2023,FRANKLYNE ROAD,ALEXANDER CRESCENT,,Non-Injury Crash,No,2023,0,West,0,0,0,Flat,0,,0,,0,Dark,704700,0,0,0,2,0,0,0,0,0,,0,1,Auckland Region,Nil,2-way,Sealed,0,0,0,0,50,0,On,0,0,40,76,Auckland,Nil,0,0,0,0,0,0,Urban,0,0,0,Fine,Null
1753973.9996,5931552.3782,758859,,508805,0,,0,1,,North,2023/2024,NORTHERN MOTORWAY,CONSTELLATION UNDERPASS,,Serious Crash,Yes,2023,,South,,0,,Flat,,,,,,Dark,180813,0,0,1,3,,,0,,,,,,Auckland Region,Nil,1-way,Sealed,,0,1,,100,,On,0,0,,76,Auckland,Nil,,,,,0,0,Open,1,,,Light rain,Null
1774833.2659,5908675.334,758860,,523202,0,,0,2,,West,2023/2024,SANDSTONE ROAD,WHITFORD PARK ROAD,,Non-Injury Crash,No,2024,,East,,0,,Hill Road,,,,,,Bright sun,717600,0,0,0,3,,,0,,,,,,Auckland Region,Nil,2-way,Sealed,,0,0,,80,,Off,0,0,,76,Auckland,Nil,,,,,0,0,Open,0,,,Fine,Null
1738971.0174,5923867.1938,758875,,513701,0,0,0,0,1,South,2022/2023,TAUPAKI ROAD,AMREINS ROAD,,Non-Injury Crash,No,2023,0,West,1,0,0,Flat,0,,0,,0,Bright sun,229600,0,0,0,2,0,0,0,0,0,,0,0,Auckland Region,Nil,2-way,Sealed,0,0,0,0,60,0,None,0,0,,76,Auckland,Nil,0,0,0,0,1,0,Urban,0,0,0,Fine,Null