X,Y,OBJECTID,advisorySpeed,areaUnitID,bicycle,bridge,bus,carStationWagon,cliffBank,crashDirectionDescription,crashFinancialYear,crashLocation1,crashLocation2,crashRoadSideRoad,crashSeverity,crashSHDescription,crashYear,debris,directionRoleDescription,ditch,fatalCount,fence,flatHill,guardRail,holiday,houseOrBuilding,intersection,kerb,light,meshblockId,minorInjuryCount,moped,motorcycle,NumberOfLanes,objectThrownOrDropped,otherObject,otherVehicleType,overBank,parkedVehicle,pedestrian,phoneBoxEtc,postOrPole,region,roadCharacter,roadLane,roadSurface,roadworks,schoolBus,seriousInjuryCount,slipOrFlood,speedLimit,strayAnimal,streetLight,suv,taxi,temporarySpeedLimit,tlaId,tlaName,trafficControl,trafficIsland,trafficSign,train,tree,truck,unknownVehicleType,urban,vanOrUtility,vehicle,waterRiver,weatherA,weatherB
1769646.6594,5901842.0673,758877,35,523814,0,,0,1,,Null,2023/2024,HILL ROAD-MANUREWA OFF RAMP,HILL ROAD,,Non-Injury Crash,No,2024,,South,,0,,Flat,,,,,,Bright sun,760702,0,0,0,1,,,0,,,,,,Auckland Region,Motorway ramp,1-way,Sealed,,0,0,,50,,On,0,1,,76,Auckland,Traffic Signals,,,,,0,0,Urban,1,,,Fine,Null
1779778.7296,5898677.9291,758883,,521301,0,0,0,1,0,North,2022/2023,CREIGHTONS ROAD,CHERRINGTON ROAD,,Non-Injury Crash,No,2023,0,North,0,0,2,Hill Road,0,,0,,0,Dark,763800,0,0,0,2,0,0,0,0,0,,0,0,Auckland Region,Nil,2-way,Sealed,0,0,0,0,80,0,None,0,0,,76,Auckland,Nil,0,0,0,0,0,0,Open,0,0,0,Light rain,Null
1765202.5333,5906224.9918,758893,,522202,0,,0,1,,Null,2024/2025,KOLMAR ROAD,OMAGH AVENUE,,Non-Injury Crash,No,2024,,South,,0,,Null,,,,,,Bright sun,663800,0,0,0,2,,,0,,,,,,Auckland Region,Nil,2-way,Sealed,,0,0,,50,,Null,1,0,,76,Auckland,Give way,,,,,0,0,Urban,0,,,Null,Null
1752511.8645,5933330.5681,758915,,508701,0,0,0,0,0,Null,2023/2024,MERCARI WAY,ALBANY EXPRESSWAY,,Non-Injury Crash,No,2023,0,South,0,0,0,Flat,0,,0,,0,Overcast,178900,0,0,0,2,0,0,0,0,0,,0,0,Auckland Region,Nil,2-way,Sealed,0,0,0,0,50,0,Off,1,0,,76,Auckland,Traffic Signals,0,1,0,0,0,0,Urban,0,0,0,Fine,Null
1756854.7503,5920570.2823,758923,,514102,0,,0,1,,Null,2022/2023,VICTORIA STREET WEST,GRAHAM STREET,,Non-Injury Crash,No,2023,,West,,0,,Hill Road,,,,,,Bright sun,433700,0,0,1,4,,,0,,,,,,Auckland Region,Nil,2-way,Sealed,,0,0,,30,,Off,0,0,,76,Auckland,Give way,,,,,0,0,Urban,0,,,Fine,Null
1745364.0366,5908119.1756,758931,25,512801,0,0,0,1,0,North,2022/2023,TANE ROAD,VICTORY ROAD,,Non-Injury Crash,No,2023,0,East,0,0,0,Flat,0,,0,,0,Dark,302602,0,0,0,2,0,0,0,0,1,,0,0,Auckland Region,Nil,2-way,Sealed,0,0,0,0,50,0,On,0,0,,76,Auckland,Nil,0,0,0,0,0,0,Urban,0,0,0,Fine,Null
1754822.5912,5930536.0553,758933,,508520,0,,0,2,,South,2023/2024,NORTHERN MOTORWAY,UPPER HARBOUR HWY ON RAMP,,Non-Injury Crash,Yes,2023,,South,,0,,Hill Road,,,,,,Dark,192700,0,0,0,2,,,0,,,,,,Auckland Region,Nil,1-way,Sealed,,0,0,,100,,On,1,0,,76,Auckland,Nil,,,,,0,0,Open,0,,,Heavy rain,Null
1749312.4023,5944524.249,758939,,506003,0,0,0,0,1,South,2022/2023,EAST COAST ROAD,NEWMAN ROAD,,Non-Injury Crash,No,2023,0,North,0,0,0,Flat,0,,0,,0,Overcast,175702,0,0,0,2,0,0,0,0,0,,0,0,Auckland Region,Nil,2-way,Sealed,0,0,0,0,80,0,Off,0,0,,76,Auckland,Nil,0,0,0,0,1,0,Open,0,0,0,Light rain,Null
1773633.0449,5898584.318,758964,,523912,0,0,0,1,0,Null,2023/2024,COSGRAVE ROAD,WALTERS ROAD,,Minor Crash,No,2023,0,North,0,0,0,Flat,0,,0,,0,Dark,765500,4,0,0,2,0,0,0,1,0,,0,1,Auckland Region,Nil,2-way,Sealed,0,0,0,0,80,0,On,0,0,,76,Auckland,Stop,0,0,0,0,0,0,Open,1,0,0,Fine,Null
1753793.4578,5931871.4742,758973,,508805,0,,0,1,,North,2023/2024,NORTHERN MOTORWAY,UPPER HARBOUR HWY OFF RAMP,,Non-Injury Crash,Yes,2023,,South,,0,,Flat,,,,,,Overcast,180813,0,0,0,2,,,0,,,,,,Auckland Region,Overpass,1-way,Sealed,,0,0,,100,,Off,0,0,,76,Auckland,Nil,,,,,0,0,Open,1,,,Light rain,Null
1772711.3426,5895282.456,758995,,525530,0,0,0,1,0,North,2022/2023,GREAT SOUTH ROAD,BUTTERWORTH AVENUE,,Minor Crash,No,2023,0,Null,0,0,0,Flat,0,,0,,0,Dark,804701,3,0,0,3,0,0,0,0,0,,1,0,Auckland Region,Nil,2-way,Sealed,0,0,0,0,50,0,On,0,0,,76,Auckland,Nil,1,0,0,1,0,0,Urban,0,0,0,Fine,Null
1734925.7557,5907791.8862,759011,,513800,0,0,0,1,1,East,2023/2024,PIHA ROAD,LONE KAURI ROAD,,Minor Crash,No,2023,0,North,0,0,0,Hill Road,0,,0,,0,Dark,282027,2,0,0,2,0,0,0,0,0,,0,1,Auckland Region,Nil,2-way,Sealed,0,0,0,0,80,0,None,0,0,,76,Auckland,Nil,0,0,0,1,0,0,Open,0,0,0,Fine,Null
1771767.551,5912555.9943,759019,,523106,0,0,0,2,0,South,2022/2023,WHITFORD ROAD,MERINO AVENUE,,Non-Injury Crash,No,2023,0,North,0,0,0,Hill Road,0,,0,,0,Unknown,3209003,0,0,0,2,0,0,0,0,1,,0,0,Auckland Region,Nil,2-way,Sealed,0,0,0,0,50,0,Null,0,0,,76,Auckland,Nil,0,0,0,0,0,0,Urban,0,0,0,Null,Null
1758061.1364,5917886.2153,759021,,515700,0,,0,2,,South,2023/2024,SOUTHERN MOTORWAY,GILLIES AVENUE ON RAMP,,Non-Injury Crash,Yes,2023,,North,,0,,Flat,,,,,,Bright sun,443200,0,0,0,5,,,0,,,,,,Auckland Region,Nil,1-way,Sealed,,0,0,,80,,Off,0,0,,76,Auckland,Nil,,,,,0,0,Open,1,,,Fine,Null
1771308.8071,5878507.3599,759027,,525922,0,0,0,1,0,North,2022/2023,LOGAN ROAD,BUCKVILLE ROAD,,Minor Crash,No,2023,0,North,0,0,1,Flat,0,,0,,0,Overcast,827100,1,0,0,2,0,0,0,0,0,,0,0,Auckland Region,Nil,2-way,Sealed,0,0,0,0,80,0,None,0,0,,76,Auckland,Nil,0,0,0,1,0,0,Open,0,0,0,Light rain,Null
1749199.8916,5927802.0883,759068,,509100,0,,0,1,,East,2023/2024,UPPER HARBOUR MOTORWAY,TAUHINU ROAD OFF RAMP,,Non-Injury Crash,Yes,2024,,East,,0,,Flat,,,,,,Bright sun,181703,0,0,0,3,,,0,,,,,,Auckland Region,Nil,1-way,Sealed,,0,0,,100,,Off,0,0,,76,Auckland,Nil,,,,,0,0,Open,1,,,Fine,Null
1751862.525,5934340.355,759077,,508701,1,,0,0,,North,2023/2024,OTEHA VALLEY ROAD,OTEHA VALLEY ROAD EXTENSION,,Minor Crash,No,2023,,East,,0,,Flat,,,,,,Bright sun,178501,1,0,0,2,,,0,,,,,,Auckland Region,Nil,1-way,Sealed,,0,0,,50,,Off,2,0,,76,Auckland,Nil,,,,,0,0,Urban,0,,,Fine,Null
1754456.5974,5915130.506,759083,,518802,0,,0,2,,Null,2022/2023,MOUNT ALBERT ROAD,SANDRINGHAM ROAD EXTENSION,,Non-Injury Crash,No,2023,,North,,0,,Flat,,,,,,Dark,577300,0,0,0,2,,,0,,,,,,Auckland Region,Nil,2-way,Sealed,,0,0,,50,,Off,0,0,,76,Auckland,Traffic Signals,,,,,0,0,Urban,0,,,Fine,Null
1763770.3559,5878066.2607,759085,,521121,0,0,0,1,0,West,2022/2023,WAIUKU ROAD,WILY ROAD,,Non-Injury Crash,No,2023,0,West,0,0,1,Flat,0,,0,,0,Overcast,824200,0,0,0,2,0,0,0,1,0,,0,0,Auckland Region,Nil,2-way,Sealed,0,0,0,0,80,0,None,0,0,,76,Auckland,Nil,0,0,0,0,0,0,Open,0,0,0,Light rain,Null
1770452.7899,5896110.3958,759093,,521201,0,,0,0,,Null,2022/2023,CANINI GROVE,CAPRIANA DRIVE,,Non-Injury Crash,No,2023,,South,,0,,Flat,,,,,,Bright sun,806604,0,0,0,1,,,0,,,,,,Auckland Region,Nil,1-way,Sealed,,0,0,,50,,None,2,0,,76,Auckland,Nil,,,,,0,0,Urban,0,,,Fine,Null
1757132.2077,5889364.8147,759099,45,521122,0,0,0,1,0,West,2022/2023,MCKENZIE ROAD,WRIGHT ROAD,,Non-Injury Crash,No,2023,0,West,0,0,0,Flat,0,,0,,0,Overcast,810800,0,0,0,2,0,0,0,0,0,,0,0,Auckland Region,Nil,2-way,Sealed,0,0,0,0,80,0,Off,0,0,,76,Auckland,Nil,0,0,0,1,0,0,Open,0,0,0,Heavy rain,Strong wind
1747065.3129,5919239.6666,759109,,512402,0,0,0,1,0,Null,2023/2024,TE ATATU ROAD,JAEMONT AVENUE,,Non-Injury Crash,No,2023,0,South,0,0,1,Hill Road,0,,0,,0,Dark,254200,0,0,0,4,0,0,0,0,0,,0,0,Auckland Region,Nil,2-way,Sealed,0,0,0,0,50,0,On,0,0,,76,Auckland,Nil,0,1,0,0,0,0,Urban,0,0,0,Fine,Null
1737595.6942,5978102.3717,759117,65,506660,0,,0,1,,South,2024/2025,WAYBY STATION ROAD,COX ROAD,,Minor Crash,No,2024,,North,,0,,Hill Road,,,,,,Bright sun,136600,1,0,0,2,,,0,,,,,,Auckland Region,Nil,2-way,Unsealed,,0,0,,100,,None,0,0,,76,Auckland,Nil,,,,,0,0,Open,1,,,Fine,Null
1754558.7531,5916564.1923,759141,,517701,0,0,0,1,0,West,2024/2025,ST LUKES ROAD,ST LUKES ROAD,,Minor Crash,No,2024,0,East,0,0,1,Flat,0,,0,,0,Dark,536100,1,0,0,4,0,0,0,0,0,,0,1,Auckland Region,Nil,2-way,Sealed,0,0,0,0,50,0,On,0,0,,76,Auckland,Nil,1,0,0,0,0,0,Urban,0,0,0,Fine,Null
1750981.6413,5914813.6634,759147,,514402,0,,0,1,,Null,2022/2023,GREAT NORTH ROAD,LARCH STREET,,Minor Crash,No,2023,,South,,0,,Flat,,,,,,Dark,381200,1,0,0,3,,,0,,,,,,Auckland Region,Nil,2-way,Sealed,,0,0,,50,,On,1,0,,76,Auckland,Nil,,,,,0,0,Urban,0,,,Fine,Null
1758637.5407,5903132.2186,759149,,524200,0,,1,0,,West,2023/2024,RAY EMERY DRIVE,INTERNATIONAL MAIN ENT,,Non-Injury Crash,No,2023,,West,,0,,Flat,,,,,,Overcast,727200,0,0,0,2,,,0,,,,,,Auckland Region,Nil,1-way,Sealed,,0,0,,30,,Off,1,0,,76,Auckland,Nil,,,,,0,0,Urban,0,,,Fine,Null
1747227.7923,5919437.1216,759156,,512402,0,,0,2,,Null,2022/2023,TE ATATU ROAD,ROYAL VIEW ROAD,,Minor Crash,No,2023,,North,,0,,Flat,,,,,,Dark,253600,1,0,0,4,,,0,,,,,,Auckland Region,Nil,2-way,Sealed,,0,0,,50,,On,0,0,,76,Auckland,Stop,,,,,0,0,Urban,0,,,Fine,Null
1761076.2833,5909258.8009,759165,,524404,0,,0,1,,Null,2024/2025,FAVONA ROAD,HARANIA AVENUE,,Minor Crash,No,2024,,West,,0,,Flat,,,,,,Bright sun,730301,2,0,0,2,,,0,,,,,,Auckland Region,Nil,2-way,Sealed,,0,0,,50,,Off,0,0,,76,Auckland,Give way,,,,,0,0,Urban,1,,,Fine,Null
1755164.5175,5912072.642,759204,,519002,0,0,0,4,0,North,2023/2024,MORRIE LAING AVENUE,MCKINNON STREET,,Non-Injury Crash,No,2024,0,North,0,0,0,Flat,0,,0,,0,Dark,591000,0,0,0,2,0,0,0,0,1,,0,0,Auckland Region,Nil,2-way,Sealed,0,0,0,0,50,0,On,0,0,,76,Auckland,Nil,0,0,0,0,0,0,Urban,0,0,0,Fine,Null
1753607.2752,5932248.3412,759205,,508807,0,0,0,2,0,South,2024/2025,NORTHERN MOTORWAY,ROSEDALE ROAD,,Minor Crash,Yes,2024,0,North,0,0,0,Flat,1,,0,,0,Bright sun,180811,1,0,0,3,0,0,0,0,0,,0,0,Auckland Region,Nil,1-way,Sealed,0,0,0,0,100,0,Off,0,0,,76,Auckland,Nil,0,0,0,0,1,0,Open,0,0,0,Fine,Null
1772425.1562,5893411.5764,759213,,521201,0,,0,1,,North,2024/2025,SOUTHERN MOTORWAY,GREAT SOUTH ROAD ON RAMP,,Non-Injury Crash,Yes,2024,,North,,0,,Null,,,,,,Overcast,806800,0,0,0,2,,,0,,,,,,Auckland Region,Nil,1-way,Sealed,,0,0,,100,,Null,0,0,,76,Auckland,Nil,,,,,0,1,Open,0,,,Null,Null
1767276.5683,5912243.6051,759220,,522920,0,,0,1,,South,2024/2025,TI RAKAU DRIVE,CHEVIS PLACE,,Minor Crash,No,2024,,North,,0,,Flat,,,,,,Overcast,687002,1,0,0,2,,,0,,,,,,Auckland Region,Nil,1-way,Sealed,,0,0,,60,,Off,1,0,,76,Auckland,Nil,,,,,0,0,Urban,0,,,Light rain,Null
1755655.854,5934876.951,759221,,507101,0,,0,0,,North,2022/2023,BEACH ROAD,ARGYLE ROAD,,Minor Crash,No,2023,,North,,0,,Flat,,,,,,Bright sun,161900,1,0,0,2,,,1,,,1,,,Auckland Region,Nil,2-way,Sealed,,0,0,,50,,Off,0,0,,76,Auckland,Nil,,,,,0,0,Urban,1,,,Fine,Null
1760021.7917,5886015.1332,759235,,521122,0,0,0,1,1,South,2022/2023,KINGSEAT ROAD,IRWIN ROAD,,Non-Injury Crash,No,2023,0,North,1,0,0,Hill Road,0,,0,,0,Bright sun,810700,0,0,0,2,0,0,0,0,0,,0,0,Auckland Region,Nil,2-way,Sealed,0,0,0,0,80,0,None,0,0,,76,Auckland,Nil,0,0,0,0,1,0,Open,0,0,0,Fine,Null
1748686.142,5963930.7303,759243,,506613,0,0,0,1,0,West,2022/2023,COWAN BAY ROAD,SH 1,,Non-Injury Crash,No,2023,0,South,0,0,1,Hill Road,0,,0,,0,Bright sun,146104,0,0,0,2,0,0,0,0,0,,0,0,Auckland Region,Nil,2-way,Unsealed,0,0,0,0,40,0,None,0,0,,76,Auckland,Nil,0,0,0,0,0,0,Urban,0,0,0,Fine,Null
1767323.2503,5904071.836,759251,,524602,0,,0,2,,South,2022/2023,BARROWCLIFFE PLACE,MANUKAU STATION ROAD,,Non-Injury Crash,No,2023,,South,,0,,Flat,,,,,,Overcast,780416,0,0,0,2,,,0,,,,,,Auckland Region,Nil,2-way,Sealed,,0,0,,50,,Off,0,0,,76,Auckland,Nil,,,,,0,0,Urban,0,,,Fine,Null
1761716.1174,5906511.779,759253,,524200,0,0,0,1,0,Null,2023/2024,MASSEY ROAD OFF RAMP,MASSEY ROAD,,Non-Injury Crash,No,2024,0,North,0,0,1,Hill Road,0,,0,,0,Dark,728700,0,0,0,2,0,0,0,0,0,,0,0,Auckland Region,Motorway ramp,1-way,Sealed,0,0,0,0,50,0,On,0,0,,76,Auckland,Give way,0,0,0,0,0,0,Urban,0,0,0,Fine,Null
1763251.6714,5908454.4612,759259,,524402,0,0,0,1,0,East,2022/2023,ALDERMAN PLACE,SAVILL DRIVE,,Non-Injury Crash,No,2023,0,South,0,0,0,Flat,0,,0,,0,Dark,749900,0,0,0,2,0,1,0,0,0,,0,0,Auckland Region,Nil,2-way,Sealed,0,0,0,0,50,0,Off,0,0,,76,Auckland,Nil,0,0,0,0,0,0,Urban,0,0,0,Fine,Null
1772075.7699,5898079.8738,759260,,523912,0,,0,0,,North,2023/2024,PORCHESTER ROAD,WALTERS ROAD,,Serious Crash,No,2023,,North,,0,,Flat,,,,,,Bright sun,767400,0,0,1,2,,,0,,,,,,Auckland Region,Nil,2-way,Sealed,,0,1,,50,,Off,0,0,,76,Auckland,Nil,,,,,0,0,Urban,0,,,Fine,Null
1761545.0002,5914142.6281,759268,,520202,0,,0,2,,South,2023/2024,SOUTHERN MOTORWAY,PENROSE INT S,,Non-Injury Crash,Yes,2023,,West,,0,,Flat,,,,,,Bright sun,612300,0,0,0,3,,,0,,,,,,Auckland Region,Nil,1-way,Sealed,,0,0,,100,,Off,0,0,,76,Auckland,Nil,,,,,0,0,Open,1,,,Fine,Null
1745202.2149,5919760.7506,759277,,513301,0,,0,2,,West,2024/2025,UNIVERSAL DRIVE,LINCOLN NORTH CPK ENT,,Minor Crash,No,2024,,East,,0,,Flat,,,,,,Overcast,232001,1,0,0,4,,,0,,,,,,Auckland Region,Nil,2-way,Sealed,,0,0,,50,,Off,0,0,,76,Auckland,Nil,,,,,0,0,Urban,0,,,Fine,Null
1764995.66,5911744.7361,759323,,520500,0,0,0,1,0,Null,2022/2023,CARBINE ROAD,PANAMA ROAD,,Serious Crash,No,2023,0,South,0,0,0,Flat,0,,0,,0,Overcast,639800,0,0,0,3,0,0,0,0,0,,0,1,Auckland Region,Nil,2-way,Sealed,0,0,1,0,50,0,Off,0,0,,76,Auckland,Traffic Signals,0,0,0,0,0,0,Urban,0,0,0,Light rain,Null
1764780.5675,5903689.65,759324,,524604,0,,0,2,,Null,2023/2024,ROSCOMMON ROAD,CAVENDISH DRIVE OFF RAMP,,Non-Injury Crash,No,2024,,South,,0,,Flat,,,,,,Bright sun,781200,0,0,0,4,,,0,,,,,,Auckland Region,Nil,2-way,Sealed,,0,0,,60,,Off,0,0,,76,Auckland,Give way,,,,,0,0,Urban,0,,,Fine,Null
1769430.4722,5902165.0608,759333,,524901,0,,0,1,,North,2023/2024,SOUTHERN MOTORWAY,HILL ROAD ON RAMP,,Non-Injury Crash,Yes,2023,,North,,0,,Flat,,,,,,Dark,755600,0,0,0,6,,,0,,,,,,Auckland Region,Motorway ramp,2-way,Sealed,,0,0,,100,,On,0,0,,76,Auckland,Nil,,,,,0,0,Open,1,,,Fine,Null
1756122.3365,5923850.1854,759340,,509800,0,,0,1,,South,2023/2024,NORTHERN MOTORWAY,WEIGH BRIDGE,,Non-Injury Crash,Yes,2023,,South,,0,,Flat,,,,,,Dark,358800,0,0,0,5,,,0,,,,,,Auckland Region,Bridge,1-way,Sealed,,0,0,,80,,On,0,0,,76,Auckland,Nil,,,,,0,0,Open,1,,,Light rain,Null
1756547.7963,5912827.1331,759355,,518701,0,0,0,1,0,West,2022/2023,SOUTH-WESTERN MOTORWAY,HILLSBOROUGH OBR,,Minor Crash,Yes,2023,0,West,0,0,0,Flat,1,,0,,0,Twilight,569000,1,0,0,3,0,0,0,0,0,,0,0,Auckland Region,Underpass,1-way,Sealed,0,0,0,0,100,0,On,0,0,,76,Auckland,Nil,0,0,0,0,0,0,Open,0,0,0,Heavy rain,Null
1766698.3397,5904206.3672,759357,,524604,0,0,0,1,0,North,2023/2024,LAMBIE DRIVE,MANUKAU STATION ROAD,,Non-Injury Crash,No,2023,0,South,0,0,0,Flat,0,,0,,0,Overcast,780209,0,0,0,2,0,0,0,0,0,,1,0,Auckland Region,Nil,1-way,Sealed,0,0,0,0,60,0,Off,0,0,,76,Auckland,Nil,0,0,0,0,0,0,Urban,0,0,0,Fine,Null
1757476.4033,5912322.5649,759381,,519810,0,,0,1,,East,2023/2024,SOUTH-WESTERN MOTORWAY,QUEENSTOWN OBR,,Minor Crash,Yes,2024,,West,,0,,Hill Road,,,,,,Overcast,597100,1,0,0,3,,,0,,,,,,Auckland Region,Nil,1-way,Sealed,,0,0,,100,,Off,0,0,,76,Auckland,Nil,,,,,1,0,Open,0,,,Fine,Null
1753534.3322,5932549.0495,759388,,508807,0,,0,2,,South,2023/2024,NORTHERN MOTORWAY,ROSEDALE OBR,,Non-Injury Crash,Yes,2024,,North,,0,,Hill Road,,,,,,Overcast,180811,0,0,0,3,,,0,,,,,,Auckland Region,Nil,1-way,Sealed,,0,0,,100,,Off,0,0,,76,Auckland,Nil,,,,,0,0,Open,0,,,Fine,Null
1772978.1276,5913518.9152,759395,,523102,0,,0,1,,Null,2023/2024,SANDSPIT ROAD,MEADOWLAND DRIVE,,Minor Crash,No,2023,,South,,0,,Flat,,,,,,Overcast,711029,1,0,1,2,,,0,,,,,,Auckland Region,Nil,2-way,Sealed,,0,0,,50,,Off,0,0,,76,Auckland,Give way,,,,,0,0,Urban,0,,,Light rain,Null
1755176.3789,5929089.9421,759397,,508320,0,,0,1,,Null,2023/2024,WAIRAU ROAD,DIANA DRIVE,,Non-Injury Crash,No,2023,,West,,0,,Flat,,,,,,Overcast,196700,0,0,0,5,,,1,,,,,,Auckland Region,Nil,2-way,Sealed,,0,0,,50,,Off,0,0,,76,Auckland,Traffic Signals,,,,,0,0,Urban,0,,,Light rain,Null
1757057.9126,5930607.8743,759413,45,507710,0,0,0,2,0,North,2022/2023,BRAEMAR ROAD,STRATHMOOR DRIVE,,Non-Injury Crash,No,2023,0,South,0,0,0,Hill Road,0,,0,,0,Dark,314100,0,0,0,2,0,0,0,0,1,,0,0,Auckland Region,Nil,2-way,Sealed,0,0,0,0,50,0,On,0,0,,76,Auckland,Nil,0,0,0,0,0,0,Urban,0,0,0,Fine,Null
1771010.664,5914196.2869,759421,,521602,0,0,0,2,0,South,2023/2024,UNION ROAD,BOTANY ROAD,,Non-Injury Crash,No,2023,0,North,0,0,0,Flat,0,,0,,0,Bright sun,648100,0,0,0,2,0,0,1,0,1,,0,0,Auckland Region,Nil,2-way,Sealed,0,0,0,0,50,0,Off,0,0,,76,Auckland,Nil,0,0,0,0,0,0,Urban,1,0,0,Light rain,Null
1770998.3327,5895124.7739,759427,,521201,1,,0,1,,East,2023/2024,HINGAIA ROAD,PARAREKAU ROAD,,Serious Crash,No,2023,,West,,0,,Flat,,,,,,Twilight,806700,0,0,0,4,,,0,,,,,,Auckland Region,Nil,2-way,Sealed,,0,1,,50,,Off,0,0,,76,Auckland,Nil,,,,,0,0,Urban,0,,,Fine,Null
1751189.2736,5925883.6225,759429,,510020,0,0,0,2,0,East,2023/2024,TAURUS CRESCENT,TE URUNGAMAI LANE,,Non-Injury Crash,No,2023,0,West,0,0,0,Hill Road,0,,0,,0,Dark,344800,0,0,0,2,0,0,0,0,1,,0,0,Auckland Region,Nil,2-way,Sealed,0,0,0,0,50,0,On,0,0,,76,Auckland,Nil,0,0,0,0,0,0,Urban,0,0,0,Fine,Null
1764979.4001,5916803.1336,759436,,517201,0,,0,1,,Null,2023/2024,MERTON ROAD,FELTON MATHEW AVENUE,,Non-Injury Crash,No,2024,,East,,0,,Hill Road,,,,,,Overcast,464200,0,0,0,2,,,0,,,,,,Auckland Region,Nil,1-way,Sealed,,0,0,,50,,Off,0,0,,76,Auckland,Give way,,,,,0,1,Urban,0,,,Fine,Null
1770890.0658,5901664.9473,759437,,523814,0,,0,1,,Null,2023/2024,STRATFORD ROAD,ALFRISTON ROAD,,Minor Crash,No,2023,,North,,0,,Flat,,,,,,Overcast,759525,1,0,0,1,,,0,,,,,,Auckland Region,Nil,1-way,Sealed,,0,0,,50,,Off,0,0,,76,Auckland,Give way,,,,,1,0,Urban,0,,,Fine,Null
1743804.8033,5922655.6724,759443,,513511,0,0,0,1,0,West,2022/2023,ROYAL ROAD,LAWSON CREEK STREET,,Non-Injury Crash,No,2023,0,Null,0,0,1,Flat,0,,0,,0,Dark,224303,0,0,0,2,0,0,0,0,1,,0,0,Auckland Region,Nil,2-way,Sealed,0,0,0,0,50,0,On,0,0,,76,Auckland,Nil,0,0,0,1,0,1,Urban,0,0,0,Light rain,Null
1757151.2082,5925871.2775,759461,,509702,0,,0,1,,South,2023/2024,NORTHERN MOTORWAY,ESMONDE OBR,,Non-Injury Crash,Yes,2023,,South,,0,,Flat,,,,,,Bright sun,364602,0,0,0,3,,,0,,,,,,Auckland Region,Underpass,1-way,Sealed,,0,0,,100,,Off,1,0,,76,Auckland,Nil,,,,,0,0,Open,0,,,Fine,Null
1762714.7101,5917309.5268,759467,,516301,0,,0,0,,North,2023/2024,MEADOWBANK ROAD,ST JOHNS ROAD,,Minor Crash,No,2023,,North,,0,,Flat,,,,,,Overcast,459500,1,0,1,2,,,0,,,1,,,Auckland Region,Nil,2-way,Sealed,,0,0,,50,,Off,0,0,,76,Auckland,Nil,,,,,0,0,Urban,0,,,Light rain,Null
1783955.2643,5894527.6729,759468,,521132,0,0,0,1,1,Null,2023/2024,HUNUA ROAD,WHITE ROAD,,Non-Injury Crash,No,2024,0,South,0,0,0,Flat,0,,0,,0,Overcast,816100,0,0,0,2,0,0,0,0,0,,0,0,Auckland Region,Nil,2-way,Sealed,0,0,0,0,50,0,None,0,0,,76,Auckland,Give way,0,0,0,0,0,0,Urban,0,0,0,Light rain,Null
1768096.1597,5903265.8299,759475,,524602,0,,0,1,,Null,2022/2023,GREAT SOUTH ROAD,KERRS ROAD,,Non-Injury Crash,No,2023,,North,,0,,Flat,,,,,,Dark,780407,0,0,0,4,,,0,,,,,,Auckland Region,Nil,2-way,Sealed,,0,0,,50,,On,1,0,,76,Auckland,Give way,,,,,0,0,Urban,0,,,Fine,Null
1765698.1418,5908369.5448,759491,,523402,0,0,0,0,0,North,2022/2023,SOUTHERN MOTORWAY,BAIRDS RD OBR,,Minor Crash,Yes,2023,0,South,0,0,1,Flat,0,,0,,0,Dark,697000,1,0,0,3,0,0,0,0,0,,0,0,Auckland Region,Nil,1-way,Sealed,0,0,0,0,100,0,On,0,0,,76,Auckland,Nil,0,0,0,0,2,0,Open,0,0,0,Fine,Null
1761164.6566,5914799.8914,759493,,520202,0,,0,1,,South,2023/2024,SOUTHERN MOTORWAY,ELLERSLIE FTBR,,Non-Injury Crash,Yes,2023,,South,,0,,Flat,,,,,,Bright sun,612100,0,0,0,4,,,0,,,,,,Auckland Region,Nil,1-way,Sealed,,0,0,,100,,Off,0,0,,76,Auckland,Nil,,,,,1,0,Open,0,,,Light rain,Null
1746708.6973,5928034.1802,759501,,513420,0,,0,2,,Null,2023/2024,KAURI ROAD,PURIRI ROAD,,Minor Crash,No,2024,,North,,0,,Flat,,,,,,Overcast,220900,1,0,0,2,,,0,,,,,,Auckland Region,Nil,2-way,Sealed,,0,0,,50,,Off,0,0,,76,Auckland,Stop,,,,,0,0,Urban,0,,,Fine,Null
1765529.1543,5920097.6224,759508,,516700,1,0,0,1,0,Null,2024/2025,TAMAKI DRIVE,MAHEKE STREET,,Minor Crash,No,2024,0,West,0,0,0,Flat,0,,0,,0,Bright sun,509200,1,0,0,2,0,0,0,0,1,,0,0,Auckland Region,Nil,2-way,Sealed,0,0,0,0,50,0,Off,0,0,,76,Auckland,Stop,0,0,0,0,0,0,Urban,0,0,0,Fine,Null
1754521.9436,5918080.9471,759524,35,517600,0,0,0,4,0,North,2022/2023,MOUNTAIN VIEW ROAD,BANNERMAN ROAD,,Non-Injury Crash,No,2023,0,North,0,0,0,Hill Road,0,,0,,0,Dark,533100,0,0,0,2,0,0,0,0,1,,0,0,Auckland Region,Speed hump,2-way,Sealed,0,0,0,0,50,0,On,0,0,,76,Auckland,Nil,0,0,0,0,0,0,Urban,0,0,0,Fine,Null