X,Y,OBJECTID,advisorySpeed,areaUnitID,bicycle,bridge,bus,carStationWagon,cliffBank,crashDirectionDescription,crashFinancialYear,crashLocation1,crashLocation2,crashRoadSideRoad,crashSeverity,crashSHDescription,crashYear,debris,directionRoleDescription,ditch,fatalCount,fence,flatHill,guardRail,holiday,houseOrBuilding,intersection,kerb,light,meshblockId,minorInjuryCount,moped,motorcycle,NumberOfLanes,objectThrownOrDropped,otherObject,otherVehicleType,overBank,parkedVehicle,pedestrian,phoneBoxEtc,postOrPole,region,roadCharacter,roadLane,roadSurface,roadworks,schoolBus,seriousInjuryCount,slipOrFlood,speedLimit,strayAnimal,streetLight,suv,taxi,temporarySpeedLimit,tlaId,tlaName,trafficControl,trafficIsland,trafficSign,train,tree,truck,unknownVehicleType,urban,vanOrUtility,vehicle,waterRiver,weatherA,weatherB
1769875.5647,5899430.414,759539,,523920,0,0,0,1,0,North,2022/2023,SOUTHERN MOTORWAY,MANUREWA-TAKANINI OFF RAMP,,Non-Injury Crash,Yes,2023,0,North,0,0,0,Hill Road,1,,0,,0,Overcast,767921,0,0,0,3,0,0,0,0,0,,0,0,Auckland Region,Underpass,1-way,Sealed,0,0,0,0,100,0,On,0,0,,76,Auckland,Nil,0,0,0,0,0,0,Open,0,0,0,Fine,Null
1769879.3526,5899382.0641,759555,,523920,0,,0,3,,Null,2022/2023,GREAT SOUTH ROAD,MANUREWA-TAKANINI ON RAMP,,Non-Injury Crash,No,2023,,North,,0,,Flat,,,,,,Overcast,767922,0,0,0,2,,,0,,,,,,Auckland Region,Underpass,1-way,Sealed,,0,0,,70,,Off,0,0,,76,Auckland,Nil,,,,,0,0,Urban,0,,,Fine,Null
1755430.0846,5928870.9868,759557,,508320,1,,0,1,,South,2022/2023,WAIRAU ROAD,TRISTRAM AVENUE,,Serious Crash,No,2023,,South,,0,,Flat,,,,,,Overcast,198600,0,0,0,4,,,0,,,,,,Auckland Region,Nil,2-way,Sealed,,0,1,,50,,On,0,0,,76,Auckland,Nil,,,,,0,0,Urban,0,,,Fine,Null
1759528.605,5920512.0094,759571,,515902,0,0,0,3,0,East,2023/2024,TAMAKI DRIVE,SOLENT STREET,,Minor Crash,No,2023,0,West,0,0,0,Flat,0,,0,,0,Dark,454800,2,0,0,4,0,0,0,0,2,,0,0,Auckland Region,Nil,2-way,Sealed,0,0,0,0,50,0,On,0,0,,76,Auckland,Nil,0,0,0,0,0,0,Urban,0,0,0,Fine,Null
1774936.3639,5896930.1772,759587,,525610,0,,0,1,,South,2022/2023,DOMINION ROAD,ELSIE MORTON PLACE,,Minor Crash,No,2023,,South,,0,,Flat,,,,,,Bright sun,799106,1,0,0,2,,,0,,,,,,Auckland Region,Nil,2-way,Sealed,,0,0,,50,,Off,0,0,,76,Auckland,Nil,,,,,0,0,Urban,1,,,Fine,Null
1755204.3749,5918255.3175,759596,,517500,0,,0,1,,West,2023/2024,NORTH-WESTERN MOTORWAY,BOND OBR,,Non-Injury Crash,Yes,2023,,West,,0,,Flat,,,,,,Bright sun,529900,0,0,0,4,,,0,,,,,,Auckland Region,Nil,1-way,Sealed,,0,0,,80,,Off,0,0,,76,Auckland,Nil,,,,,0,0,Open,1,,,Fine,Null
1758255.1083,5917497.5332,759605,,515700,0,,0,2,,East,2022/2023,ALPERS AVENUE,GILLIES AVENUE,,Non-Injury Crash,No,2023,,West,,0,,Flat,,,,,,Twilight,443500,0,0,0,2,,,0,,,,,,Auckland Region,Nil,1-way,Sealed,,0,0,,50,,Off,0,0,,76,Auckland,Nil,,,,,0,0,Urban,0,,,Fine,Null
1752659.0812,5914891.2808,759611,,517902,0,,0,1,,West,2022/2023,SH 20,MAIORO STREET ON RAMP,,Minor Crash,Yes,2023,,North,,0,,Hill Road,,,,,,Bright sun,518800,2,0,0,3,,,0,,,,,,Auckland Region,Motorway ramp,1-way,Sealed,,0,0,,80,,Off,0,0,,76,Auckland,Nil,,,,,1,0,Open,0,,,Fine,Null
1758124.9279,5915584.2408,759612,,515801,0,,0,1,,Null,2023/2024,MANUKAU ROAD,QUEEN MARY AVENUE,,Minor Crash,No,2024,,North,,0,,Flat,,,,,,Bright sun,447300,1,0,1,4,,,0,,,,,,Auckland Region,Nil,2-way,Sealed,,0,0,,50,,Off,0,0,,76,Auckland,Give way,,,,,0,0,Urban,0,,,Fine,Null
1765113.9268,5913374.4866,759628,,520500,0,,0,1,,Null,2023/2024,SOUTH-EASTERN HIGHWAY,PAKURANGA HIGHWAY,,Minor Crash,No,2023,,East,,0,,Flat,,,,,,Twilight,638908,1,0,0,7,,,0,,,,,,Auckland Region,Nil,2-way,Sealed,,0,0,,80,,On,0,0,,76,Auckland,Traffic Signals,,,,,0,0,Open,1,,,Fine,Null
1767780.6451,5906271.892,759645,,523601,0,,0,1,,South,2022/2023,PRESTON ROAD,BAIRDS ROAD,,Non-Injury Crash,No,2023,,South,,0,,Flat,,Easter,,,,Bright sun,706800,0,0,0,2,,,0,,,,,,Auckland Region,Nil,2-way,Sealed,,0,0,,50,,Off,0,0,,76,Auckland,Nil,,,,,0,0,Urban,1,,,Fine,Null
1767049.3074,5903921.9201,759651,,524604,0,0,0,1,0,East,2022/2023,SOUTH-WESTERN MOTORWAY,LAMBIE DRIVE ON RAMP,,Non-Injury Crash,Yes,2023,0,East,0,0,0,Flat,1,,0,,0,Dark,780209,0,0,0,3,0,0,0,0,0,,0,0,Auckland Region,Nil,1-way,Unsealed,0,0,0,0,100,0,On,0,0,,76,Auckland,Nil,0,0,0,1,0,0,Open,0,0,0,Fine,Null
1749062.2007,5941578.0171,759652,,506300,0,,0,1,,South,2023/2024,NORTHERN MOTORWAY,WILKS OBR,,Non-Injury Crash,Yes,2023,,North,,0,,Flat,,,,,,Dark,175907,0,0,0,2,,,0,,,,,,Auckland Region,Nil,1-way,Sealed,,0,0,,100,,On,1,0,,76,Auckland,Nil,,,,,0,0,Open,0,,,Light rain,Null
1731038.1826,5909160.2348,759668,,513800,0,,0,0,,Null,2023/2024,OFF ROAD - PIHA DOMAIN,,,Serious Crash,No,2024,,North,,0,,Flat,,,,,,Overcast,282009,0,0,1,,,,0,,,,,,Auckland Region,Nil,Off road,Unsealed,,0,1,,,,Off,0,0,,76,Auckland,Nil,,,,,0,0,Urban,0,,,Fine,Null
1768648.042,5905319.0022,759677,,523722,0,,0,2,,Null,2022/2023,TE IRIRANGI DRIVE,BOUNDARY ROAD,,Non-Injury Crash,No,2023,,East,,0,,Flat,,,,,,Bright sun,715910,0,0,0,3,,,0,,,,,,Auckland Region,Nil,1-way,Sealed,,0,0,,60,,On,0,0,,76,Auckland,Traffic Signals,,,,,0,0,Urban,0,,,Fine,Null
1737547.0622,5932399.8494,759692,45,506653,0,0,0,1,1,South,2022/2023,OLD NORTH ROAD,ARARIMU VALLEY ROAD,,Non-Injury Crash,No,2023,0,South,1,0,0,Hill Road,0,,0,,0,Overcast,217000,0,0,0,2,0,0,0,0,0,,0,0,Auckland Region,Nil,2-way,Sealed,0,0,0,0,80,0,Off,0,0,,76,Auckland,Nil,0,1,0,0,0,0,Open,0,0,0,Heavy rain,Strong wind
1753553.1951,5932503.0528,759708,,508805,0,,0,1,,South,2022/2023,NORTHERN MOTORWAY,ROSEDALE OBR,,Non-Injury Crash,Yes,2023,,South,,0,,Flat,,,,,,Bright sun,180866,0,0,0,2,,,0,,,,,,Auckland Region,Nil,1-way,Sealed,,0,0,,100,,Off,1,0,,76,Auckland,Nil,,,,,0,0,Open,0,,,Fine,Null
1753516.6266,5913077.7134,759716,,518901,0,0,0,1,0,East,2022/2023,WHITE SWAN ROAD,PASCOE STREET,,Non-Injury Crash,No,2023,0,South,0,0,1,Hill Road,0,,0,,0,Dark,585200,0,0,0,2,0,0,0,0,1,,0,0,Auckland Region,Nil,2-way,Sealed,0,0,0,0,50,0,On,1,0,,76,Auckland,Nil,0,0,0,0,0,0,Urban,0,0,0,Fine,Null
1771639.6031,5894691.1167,759764,,521201,0,,0,0,,South,2022/2023,SOUTHERN MOTORWAY,PAPAKURA OFF RAMP,,Non-Injury Crash,Yes,2023,,North,,0,,Flat,,,,,,Dark,806700,0,0,0,2,,,0,,,,,,Auckland Region,Nil,1-way,Sealed,,0,0,,100,,On,2,0,,76,Auckland,Nil,,,,,0,0,Open,0,,,Heavy rain,Null
1763718.4827,5910346.6702,759788,,521901,0,0,0,3,0,South,2023/2024,GREAT SOUTH ROAD,HAUITI ROAD,,Minor Crash,No,2024,0,North,0,0,0,Flat,0,,0,,0,Bright sun,781900,1,0,0,2,0,0,0,0,1,,0,0,Auckland Region,Nil,2-way,Sealed,0,0,0,0,50,0,Off,0,0,,76,Auckland,Nil,0,0,0,0,0,0,Urban,0,0,0,Fine,Null
1772402.4037,5899220.9221,759797,,523912,0,0,0,2,0,North,2022/2023,AMOKURA AVENUE,MATATA DRIVE,,Non-Injury Crash,No,2023,0,North,0,0,0,Flat,0,,0,,0,Overcast,765401,0,0,0,1,0,0,0,0,1,,0,0,Auckland Region,Nil,1-way,Sealed,0,0,0,0,50,0,Off,0,0,,76,Auckland,Nil,0,0,0,0,0,0,Urban,0,0,0,Fine,Null
1746530.4745,5925974.4791,759804,,513432,1,,0,0,,West,2023/2024,HOBSONVILLE ROAD,BRIGHAM CREEK ROAD,,Minor Crash,No,2024,,East,,0,,Hill Road,,,,,,Overcast,223005,1,0,0,2,,,0,,,,,,Auckland Region,Nil,2-way,Sealed,,0,0,,50,,Off,1,0,,76,Auckland,Nil,,,,,0,0,Urban,0,,,Fine,Null
1769615.7819,5907258.1811,759805,,523712,0,,0,2,,Null,2022/2023,FUSION ROAD,TRIUMPH ROAD,,Non-Injury Crash,No,2023,,West,,0,,Flat,,,,,,Overcast,712803,0,0,0,2,,,0,,,,,,Auckland Region,Nil,2-way,Sealed,,0,0,,50,,Off,0,0,,76,Auckland,Give way,,,,,0,0,Urban,0,,,Light rain,Null
1761187.1424,5918610.1861,759820,35,516201,0,,0,2,,North,2023/2024,ORAKEI ROAD,SHORE ROAD,,Non-Injury Crash,No,2023,,North,,0,,Flat,,,,,,Bright sun,486000,0,0,0,2,,,0,,,,,,Auckland Region,Nil,2-way,Sealed,,0,0,,50,,Off,0,0,,76,Auckland,Nil,,,,,1,0,Urban,0,,,Fine,Null
1749051.9981,5913454.2935,759836,,511401,0,0,0,1,0,East,2023/2024,TITIRANGI ROAD,SKILGATE AVENUE,,Non-Injury Crash,No,2023,1,South,0,0,0,Flat,0,,0,,0,Bright sun,263700,0,0,0,2,0,0,0,0,0,,0,0,Auckland Region,Nil,2-way,Sealed,0,0,0,0,50,0,Off,0,0,,76,Auckland,Nil,0,0,0,0,1,0,Urban,0,0,0,Fine,Null
1752396.615,5913200.6494,759844,,514600,0,0,0,1,0,South,2024/2025,TRINIDAD STREET,JAMAICA PLACE,,Minor Crash,No,2025,0,North,0,0,0,Hill Road,0,,0,,0,Bright sun,373400,1,0,0,2,0,0,0,0,0,,0,0,Auckland Region,Nil,2-way,Sealed,0,0,0,0,50,0,Off,0,0,,76,Auckland,Nil,0,0,0,1,0,0,Urban,0,0,0,Fine,Null
1755092.5644,5929151.292,759861,,508320,0,,0,2,,Null,2022/2023,WAIRAU ROAD,VIEW ROAD,,Non-Injury Crash,No,2023,,North,,0,,Flat,,,,,,Overcast,196600,0,0,0,6,,,0,,,,,,Auckland Region,Nil,2-way,Sealed,,0,0,,50,,Off,0,0,,76,Auckland,Give way,,,,,0,0,Urban,0,,,Fine,Null
1759564.8447,5925239.8407,759868,,508110,0,,0,2,,Null,2023/2024,LAKE ROAD`,BARDIA STREET,,Minor Crash,No,2023,,North,,0,,Null,,,,,,Bright sun,319300,1,0,0,2,,,0,,,,,,Auckland Region,Nil,2-way,Sealed,,0,0,,50,,Off,0,0,,76,Auckland,Traffic Signals,,,,,0,0,Urban,0,,,Fine,Null
1769116.744,5880359.6589,759877,,525922,0,0,0,4,0,East,2023/2024,GLASGOW ROAD,JOHN STREET,,Non-Injury Crash,No,2024,0,West,0,0,0,Hill Road,0,,0,,0,Twilight,823900,0,0,0,2,0,0,0,0,3,,0,0,Auckland Region,Nil,2-way,Sealed,0,0,0,0,50,0,Off,0,0,,76,Auckland,Nil,0,0,0,0,0,0,Urban,0,0,0,Fine,Null
1745134.9326,5914061.8738,759901,,512906,0,,0,1,,East,2023/2024,WEST COAST ROAD,PARRS CROSS ROAD,,Minor Crash,No,2024,,North,,0,,Hill Road,,,,,,Dark,278410,2,0,2,2,,,0,,,,,,Auckland Region,Speed hump,2-way,Sealed,,0,0,,50,,On,0,0,,76,Auckland,Give way,,,,,0,0,Urban,0,,,Fine,Null
1753801.9892,5918110.1881,759916,,515003,0,,0,2,,Null,2024/2025,ST LUKES ROAD,DUNCAN MACLEAN LINK,,Minor Crash,No,2025,,North,,0,,Flat,,,,,,Bright sun,390502,1,0,0,3,,,0,,,,,,Auckland Region,Motorway ramp,1-way,Sealed,,0,0,,50,,Off,0,0,,76,Auckland,Give way,,,,,0,0,Urban,0,,,Fine,Null
1800289.5472,5904715.1682,759933,,525202,0,0,0,1,0,North,2022/2023,DEERYS ROAD,ORERE-MATINGARAHI ROAD,,Minor Crash,No,2023,0,North,1,0,0,Flat,0,,0,,0,Bright sun,765200,1,0,0,1,0,0,0,0,0,,0,0,Auckland Region,Nil,2-way,Unsealed,0,0,0,0,50,0,None,0,0,,76,Auckland,Unknown,0,0,0,0,0,0,Urban,0,0,0,Fine,Null
1764828.281,5903796.7167,759940,,524604,0,,0,1,,Null,2024/2025,CAVENDISH DRIVE,CAVENDISH DRIVE ON RAMP,,Minor Crash,No,2025,,South,,0,,Flat,,,,,,Bright sun,781301,1,0,1,3,,,0,,,,,,Auckland Region,Motorway ramp,1-way,Sealed,,0,0,,50,,Off,0,0,,76,Auckland,Traffic Signals,,,,,0,0,Urban,0,,,Fine,Null
1773071.1437,5895771.1028,759979,,525410,0,,0,2,,Null,2022/2023,KING EDWARD AVENUE,ONSLOW ROAD,,Minor Crash,No,2023,,East,,0,,Flat,,,,,,Overcast,793302,1,0,0,1,,,0,,,,,,Auckland Region,Nil,2-way,Sealed,,0,0,,50,,Off,0,0,,76,Auckland,Stop,,,,,0,0,Urban,0,,,Fine,Null
1767252.5344,5879717.6849,759980,,521112,0,,0,2,,Null,2024/2025,WAIUKU ROAD,ROWLES ROAD,,Minor Crash,No,2025,,North,,0,,Flat,,,,,,Bright sun,826000,2,0,0,2,,,0,,,,,,Auckland Region,Nil,2-way,Sealed,,0,0,,50,,Off,1,0,,76,Auckland,Give way,,,,,0,0,Urban,0,,,Fine,Null
1756975.7573,5920082.2346,759988,,514102,0,,0,2,,Null,2022/2023,VINCENT STREET,COOK STREET,,Non-Injury Crash,No,2023,,North,,0,,Hill Road,,,,,,Bright sun,434701,0,0,0,4,,,0,,,,,,Auckland Region,Nil,2-way,Sealed,,0,0,,30,,Off,0,0,,76,Auckland,Traffic Signals,,,,,0,0,Urban,0,,,Fine,None
1745395.9107,5916149.7284,760011,,510800,0,0,0,1,0,North,2022/2023,RAILSIDE AVENUE,BRUCE MCLAREN ROAD,,Serious Crash,No,2023,0,North,0,0,0,Flat,0,,0,,1,Dark,244600,1,0,0,2,0,0,0,0,0,,0,0,Auckland Region,Nil,2-way,Sealed,0,0,1,0,50,0,On,0,0,,76,Auckland,Nil,0,0,0,1,0,0,Urban,0,0,0,Light rain,Null
1768752.6784,5900993.4019,760028,,524901,0,,0,1,,North,2023/2024,GREAT SOUTH ROAD,HALVER ROAD,,Non-Injury Crash,No,2023,,North,,0,,Flat,,,,,,Overcast,757100,0,0,0,2,,,0,,,,,,Auckland Region,Nil,2-way,Sealed,,0,0,,50,,None,1,0,,76,Auckland,Nil,,,,,0,0,Urban,0,,,Fine,None
1761931.5985,5907892.9345,760037,,524530,0,,0,1,,Null,2023/2024,WICKMAN WAY,YATES ROAD,,Non-Injury Crash,No,2023,,East,,0,,Flat,,,,,,Overcast,734201,0,0,0,2,,,0,,,,,,Auckland Region,Nil,2-way,Sealed,,0,0,,50,,Off,0,0,,76,Auckland,Give way,,,,,0,0,Urban,0,,,Light rain,Null
1755774.3779,5918394.6617,760052,,515500,0,,0,2,,South,2023/2024,NORTH-WESTERN MOTORWAY,NEWTON ROAD OFF RAMP,,Minor Crash,Yes,2024,,North,,0,,Flat,,,,,,Bright sun,418500,1,0,0,4,,,0,,,,,,Auckland Region,Nil,1-way,Sealed,,0,0,,80,,Off,0,0,,76,Auckland,Nil,,,,,0,0,Open,0,,,Fine,Null
1769070.043,5909724.0709,760061,,523113,0,,0,0,,East,2023/2024,SMALES ROAD,SIR WILLIAM AVENUE,,Fatal Crash,No,2023,,East,,1,,Flat,,,,,,Overcast,711703,0,0,1,4,,,0,,,,,,Auckland Region,Nil,2-way,Sealed,,0,0,,60,,Off,0,0,,76,Auckland,Nil,,,,,1,0,Urban,0,,,Fine,Null
1768810.0402,5900794.3237,760069,,525002,0,,0,2,,East,2022/2023,WEYMOUTH ROAD,BEAUMONTS WAY,,Non-Injury Crash,No,2023,,West,,0,,Flat,,,,,,Twilight,752802,0,0,0,2,,,0,,,,,,Auckland Region,Bridge,2-way,Sealed,,0,0,,50,,On,0,0,,76,Auckland,Nil,,,,,0,0,Urban,0,,,Fine,Null
1755945.3853,5928149.9115,760083,,507900,0,,0,2,,North,2022/2023,NORTHERN MOTORWAY,WAIRAU OBR,,Non-Injury Crash,Yes,2023,,South,,0,,Flat,,,,,,Bright sun,307000,0,0,0,6,,,0,,,,,,Auckland Region,Nil,2-way,Sealed,,0,0,,100,,Off,0,0,,76,Auckland,Nil,,,,,0,0,Open,0,,,Fine,Null
1766573.7898,5913052.8978,760085,,522920,0,,0,1,,Null,2022/2023,TI RAKAU DRIVE,PALM AVENUE,,Non-Injury Crash,No,2023,,North,,0,,Flat,,,,,,Bright sun,683900,0,0,0,6,,,0,,,,,,Auckland Region,Nil,2-way,Sealed,,0,0,,50,,None,0,0,,76,Auckland,Traffic Signals,,,,,0,0,Urban,1,,,Fine,Null
1731763.2845,5927752.7083,760091,,506652,0,0,0,1,0,North,2022/2023,MURIWAI ROAD,FLETCHER ROAD,,Non-Injury Crash,No,2023,0,South,0,0,0,Flat,0,,0,,0,Dark,218500,0,0,0,2,0,0,0,0,0,,0,1,Auckland Region,Nil,1-way,Sealed,0,0,0,0,100,0,None,0,0,,76,Auckland,Nil,0,0,0,0,0,0,Open,0,0,0,Light rain,Null
1755262.2635,5929752.2778,760099,,508420,0,,0,4,,South,2022/2023,NORTHERN MOTORWAY,SUNNYNOOK OBR,,Minor Crash,Yes,2023,,North,,0,,Flat,,,,,,Dark,183800,1,0,0,3,,,0,,,,,,Auckland Region,Nil,1-way,Sealed,,0,0,,100,,On,0,0,,76,Auckland,Nil,,,,,0,0,Open,0,,,Fine,Null
1746771.4596,5921967.3604,760100,,512201,0,0,0,1,0,North,2023/2024,NEIL AVENUE,WARD CRESCENT,,Non-Injury Crash,No,2023,0,South,0,0,0,Flat,0,,0,,0,Dark,247000,0,0,0,2,0,0,0,0,1,,0,0,Auckland Region,Nil,2-way,Sealed,0,0,0,0,50,0,On,0,0,,76,Auckland,Nil,0,0,0,0,0,0,Urban,0,0,0,Fine,Null
1764439.9488,5909912.6138,760131,,521801,0,,0,2,,Null,2022/2023,AVENUE ROAD,CHURCH STREET,,Non-Injury Crash,No,2023,,East,,0,,Flat,,,,,,Bright sun,787400,0,0,0,2,,,0,,,,,,Auckland Region,Nil,2-way,Sealed,,0,0,,50,,Off,0,0,,76,Auckland,Give way,,,,,0,0,Urban,0,,,Fine,Null
1760529.981,5915237.3233,760164,,520202,0,,0,2,,Null,2023/2024,MAIN HIGHWAY,WALPOLE STREET,,Non-Injury Crash,No,2023,,East,,0,,Flat,,,,,,Dark,613200,0,0,0,2,,,0,,,,,,Auckland Region,Nil,2-way,Sealed,,0,0,,50,,On,0,0,,76,Auckland,Stop,,,,,0,0,Urban,0,,,Light rain,Null
1748130.8806,5913858.4093,760172,,511700,0,,0,2,,Null,2022/2023,WEST COAST ROAD,WESTWARD HO ROAD,,Non-Injury Crash,No,2023,,West,,0,,Flat,,,,,,Dark,270202,0,0,0,2,,,0,,,,,,Auckland Region,Nil,2-way,Sealed,,0,0,,50,,On,0,0,,76,Auckland,Give way,,,,,0,0,Urban,0,,,Fine,Null
1756240.9693,5924274.312,760180,,509702,0,,0,2,,North,2023/2024,NORTHERN MOTORWAY,ONEWA ROAD ON RAMP,,Non-Injury Crash,Yes,2024,,South,,0,,Flat,,,,,,Bright sun,366700,0,0,0,3,,,0,,,,,,Auckland Region,Nil,1-way,Sealed,,0,0,,100,,Off,0,0,,76,Auckland,Nil,,,,,0,0,Open,0,,,Fine,Null
1769291.4218,5892723.5671,760188,55,521202,0,0,0,0,0,South,2022/2023,WALTERS ROAD,LINWOOD ROAD,,Non-Injury Crash,No,2023,0,North,1,0,0,Hill Road,0,,0,,0,Overcast,807000,0,0,0,2,0,0,0,0,0,,0,0,Auckland Region,Nil,2-way,Sealed,0,0,0,0,80,0,Off,0,0,,76,Auckland,Nil,0,0,0,0,0,0,Open,1,0,0,Light rain,Null
1751192.525,5915026.3008,760196,,514402,0,,0,2,,Null,2023/2024,ST JUDE STREET,GREAT NORTH ROAD,,Non-Injury Crash,No,2024,,South,,0,,Flat,,,,,,Bright sun,381200,0,0,0,2,,,0,,,,,,Auckland Region,Nil,1-way,Sealed,,0,0,,50,,Off,0,0,,76,Auckland,Give way,,,,,0,0,Urban,0,,,Fine,Null
1738589.4402,5969832.374,760197,,506613,0,1,0,0,0,North,2022/2023,KAIPARA FLATS ROAD,SCHOOL ROAD,,Minor Crash,No,2023,0,South,0,0,0,Flat,0,,0,,0,Twilight,145400,1,0,0,2,0,0,0,0,0,,0,0,Auckland Region,Bridge,2-way,Sealed,0,0,0,0,50,0,On,0,0,,76,Auckland,Nil,0,0,0,0,1,0,Urban,0,0,0,Fine,Null
1758721.5025,5925488.1441,760213,,508020,1,,0,1,,South,2023/2024,FRANCIS STREET,RIVIERA PLACE,,Serious Crash,No,2023,,South,,0,,Hill Road,,,,,,Bright sun,323100,0,0,0,2,,,0,,,,,,Auckland Region,Nil,2-way,Sealed,,0,1,,50,,Off,0,0,,76,Auckland,Nil,,,,,0,0,Urban,0,,,Fine,Null
1772881.8674,5891845.5367,760235,,521301,0,,0,1,,Null,2023/2024,SOUTHERN MOTORWAY,GREAT SOUTH ROAD OFF RAMP,,Minor Crash,Yes,2023,,South,,0,,Flat,,,,,,Dark,808701,1,0,0,3,,,0,,,,,,Auckland Region,Motorway ramp,1-way,Sealed,,0,0,,100,,On,0,0,,76,Auckland,Nil,,,,,0,0,Open,1,,,Fine,Null
1754469.033,5930932.4232,760244,,508520,0,,0,3,,North,2022/2023,UPPER HARBOUR HWY ON RAMP,NORTHERN MOTORWAY,,Non-Injury Crash,Yes,2023,,South,,0,,Hill Road,,,,,,Dark,191107,0,0,0,4,,,0,,,,,,Auckland Region,Nil,2-way,Sealed,,0,0,,100,,On,0,0,,76,Auckland,Nil,,,,,0,0,Open,0,,,Light rain,Null
1756181.0904,5926984.3998,760252,,507900,0,,0,1,,South,2023/2024,NORTHCOTE ROAD,NORTHCOTE ROAD OFF RAMP,,Minor Crash,No,2024,,North,,0,,Flat,,,,,,Bright sun,305201,1,0,0,4,,,0,,,,,,Auckland Region,Nil,2-way,Sealed,,0,0,,50,,Off,1,0,,76,Auckland,Nil,,,,,0,0,Urban,0,,,Fine,Null
1777770.8467,5894688.3602,760275,,521301,0,0,0,1,0,West,2022/2023,HUNUA ROAD,HAYS CREEK ROAD,,Minor Crash,No,2023,0,West,0,0,0,Flat,0,Queens Birthday,0,,0,Overcast,808001,1,0,0,2,0,0,0,0,0,,0,0,Auckland Region,Nil,2-way,Sealed,0,0,0,0,60,0,None,0,0,,76,Auckland,Nil,0,0,0,0,0,0,Urban,0,0,1,Fine,Null
1764132.8004,5909783.5337,760300,,521901,0,,1,1,,North,2024/2025,GREAT SOUTH ROAD,CRITERION STREET,,Non-Injury Crash,No,2024,,South,,0,,Flat,,,,,,Bright sun,784000,0,0,0,2,,,0,,,,,,Auckland Region,Nil,2-way,Sealed,,0,0,,30,,Off,0,0,,76,Auckland,Nil,,,,,0,0,Urban,0,,,Fine,Null
1748087.7653,5912081.1747,760308,,511901,0,0,0,1,0,Null,2024/2025,TITIRANGI ROAD,GOLF ROAD,,Non-Injury Crash,No,2024,0,South,0,0,1,Flat,0,,0,,1,Dark,292600,0,0,0,2,0,0,0,0,0,,0,1,Auckland Region,Nil,2-way,Sealed,0,0,0,0,50,0,On,0,0,,76,Auckland,Give way,0,0,0,0,0,0,Urban,0,0,0,Fine,Null
1763506.7433,5904061.1564,760309,,524604,0,,0,2,,East,2022/2023,PUHINUI ROAD,PRICES ROAD,,Non-Injury Crash,Yes,2023,,East,,0,,Flat,,,,,,Dark,780902,0,0,0,2,,,0,,,,,,Auckland Region,Nil,2-way,Sealed,,0,0,,100,,Off,0,0,,76,Auckland,Nil,,,,,0,0,Open,0,,,Fine,Null
1754663.0445,5912546.6203,760332,,518803,0,,0,2,,Null,2023/2024,DOMINION ROAD,RICHARDSON ROAD,,Non-Injury Crash,No,2023,,South,,0,,Flat,,,,,,Overcast,583600,0,0,0,1,,,0,,,,,,Auckland Region,Nil,1-way,Sealed,,0,0,,50,,Off,0,0,,76,Auckland,Give way,,,,,0,0,Urban,0,,,Fine,Null
1776182.891,5884352.6955,760340,,521132,0,0,0,1,0,North,2023/2024,SOUTHERN MOTORWAY,ST STEPHENS OBR,,Non-Injury Crash,Yes,2023,0,North,0,0,0,Flat,1,,0,,0,Overcast,814701,0,0,0,2,0,0,0,0,0,,0,0,Auckland Region,Nil,1-way,Sealed,0,0,0,0,100,0,Off,0,0,,76,Auckland,Nil,0,0,0,0,0,0,Open,0,0,0,Fine,Null
1745617.973,5924652.7394,760355,,513431,0,0,0,1,0,Null,2022/2023,HOBSONVILLE ROAD,WESTPARK DRIVE,,Minor Crash,No,2023,0,North,0,0,0,Flat,0,Queens Birthday,0,,0,Dark,223802,1,0,0,3,0,0,0,0,0,,0,1,Auckland Region,Nil,2-way,Sealed,0,0,0,0,50,0,On,0,0,,76,Auckland,Traffic Signals,0,0,0,0,0,0,Urban,0,0,0,Light rain,Null
1744049.5365,5922582.7302,760356,,513512,0,,0,2,,Null,2023/2024,ROYAL ROAD,VADAM ROAD,,Non-Injury Crash,No,2023,,East,,0,,Hill Road,,,,,,Overcast,225501,0,0,0,2,,,0,,,,,,Auckland Region,Nil,2-way,Sealed,,0,0,,50,,Off,0,0,,76,Auckland,Traffic Signals,,,,,0,0,Urban,0,,,Heavy rain,Null
1750330.5973,5935982.549,760357,45,506300,0,,0,2,,South,2023/2024,ALBANY HEIGHTS ROAD,PUKAKI LANE,,Serious Crash,No,2023,,East,,0,,Flat,,,,,,Overcast,176003,0,0,0,2,,,0,,,,,,Auckland Region,Nil,2-way,Sealed,,0,1,,60,,None,0,0,,76,Auckland,Nil,,,,,0,0,Urban,0,,,Fine,Null
1762818.5776,5905581.4027,760372,,524302,0,,0,0,,North,2023/2024,SOUTH-WESTERN MOTORWAY,PORTAGE OBR,,Non-Injury Crash,Yes,2023,,South,,0,,Flat,,,,,,Overcast,745000,0,0,0,2,,,0,,,,,,Auckland Region,Nil,1-way,Sealed,,0,0,,100,,Off,0,0,,76,Auckland,Nil,,,,,2,0,Open,0,,,Fine,Null
1763905.4593,5904392.8333,760373,,524604,0,,0,2,,North,2022/2023,SOUTH-WESTERN MOTORWAY,PUHINUI OBR,,Non-Injury Crash,Yes,2023,,North,,0,,Flat,,,,,,Bright sun,780902,0,0,0,2,,,0,,,,,,Auckland Region,Nil,1-way,Sealed,,0,0,,100,,Off,1,0,,76,Auckland,Nil,,,,,0,0,Open,0,,,Fine,Null