X,Y,OBJECTID,advisorySpeed,areaUnitID,bicycle,bridge,bus,carStationWagon,cliffBank,crashDirectionDescription,crashFinancialYear,crashLocation1,crashLocation2,crashRoadSideRoad,crashSeverity,crashSHDescription,crashYear,debris,directionRoleDescription,ditch,fatalCount,fence,flatHill,guardRail,holiday,houseOrBuilding,intersection,kerb,light,meshblockId,minorInjuryCount,moped,motorcycle,NumberOfLanes,objectThrownOrDropped,otherObject,otherVehicleType,overBank,parkedVehicle,pedestrian,phoneBoxEtc,postOrPole,region,roadCharacter,roadLane,roadSurface,roadworks,schoolBus,seriousInjuryCount,slipOrFlood,speedLimit,strayAnimal,streetLight,suv,taxi,temporarySpeedLimit,tlaId,tlaName,trafficControl,trafficIsland,trafficSign,train,tree,truck,unknownVehicleType,urban,vanOrUtility,vehicle,waterRiver,weatherA,weatherB
1769397.8726,5907794.6002,760396,,523711,0,,0,1,,South,2024/2025,TE IRIRANGI DRIVE,BISHOP DUNN PLACE,,Non-Injury Crash,No,2024,,North,,0,,Flat,,,,,,Twilight,712304,0,0,0,4,,,0,,,,,,Auckland Region,Nil,1-way,Sealed,,0,0,,60,,On,0,0,,76,Auckland,Nil,,,,,0,0,Urban,1,,,Fine,Null
1756426.8142,5927763.3841,760403,,507900,0,,0,1,,Null,2022/2023,TAHAROTO ROAD,SHAKESPEARE ROAD,,Minor Crash,No,2023,,North,,0,,Flat,,,,,,Bright sun,305202,1,0,0,2,,,0,,,1,,,Auckland Region,Nil,2-way,Sealed,,0,0,,50,,Off,0,0,,76,Auckland,Give way,,,,,0,0,Urban,0,,,Fine,Null
1767779.5386,5904257.9738,760404,,524602,0,,0,2,,Null,2023/2024,GREAT SOUTH ROAD,REDOUBT ROAD,,Non-Injury Crash,No,2024,,North,,0,,Flat,,,,,,Unknown,780416,0,0,0,5,,,0,,,,,,Auckland Region,Nil,2-way,Sealed,,0,0,,50,,Off,0,0,,76,Auckland,Traffic Signals,,,,,0,0,Urban,0,,,Fine,None
1757375.2004,5920425.1676,760411,,514102,1,,0,0,,Null,2022/2023,VICTORIA STREET WEST,QUEEN STREET,,Minor Crash,No,2023,,East,,0,,Hill Road,,Easter,,,,Bright sun,434000,2,0,0,4,,,0,,,1,,,Auckland Region,Nil,2-way,Sealed,,0,0,,30,,Off,0,0,,76,Auckland,Traffic Signals,,,,,0,0,Urban,0,,,Fine,Null
1755215.4779,5878371.5428,760412,,521152,0,0,0,0,0,North,2024/2025,GLENBROOK-WAIUKU ROAD,PUKEOWARE ROAD,,Minor Crash,No,2024,0,South,0,0,1,Flat,0,Christmas New Year,0,,0,Overcast,834000,1,0,0,2,0,0,0,0,0,,0,1,Auckland Region,Bridge,2-way,Sealed,0,0,0,0,80,0,None,0,0,,76,Auckland,Nil,0,0,0,1,0,0,Open,1,0,0,Fine,Null
1757739.0778,5915571.9517,760420,,515801,0,,0,1,,Null,2024/2025,GREEN LANE WEST,THE DRIVE,,Minor Crash,No,2024,,West,,0,,Flat,,,,,,Dark,447400,1,1,0,4,,,0,,,,,,Auckland Region,Nil,2-way,Sealed,,0,0,,50,,On,0,0,,76,Auckland,Traffic Signals,,,,,0,0,Urban,0,,,Fine,Null
1743134.3045,5922561.9878,760427,,513610,0,,0,1,,South,2022/2023,DON BUCK ROAD,ROYAL ROAD,,Minor Crash,No,2023,,South,,0,,Flat,,,,,,Overcast,226505,1,0,0,2,,,0,,,,,,Auckland Region,Nil,2-way,Sealed,,0,0,,50,,Off,0,0,,76,Auckland,Nil,,,,,0,0,Urban,1,,,Fine,Null
1729739.9338,5970660.9087,760435,,506613,0,,0,0,,South,2023/2024,KAIPARA COAST HIGHWAY,J FARMER ROAD,,Minor Crash,Yes,2023,,North,,0,,Hill Road,,,,,,Bright sun,145200,1,0,1,2,,,0,,,,,,Auckland Region,Nil,2-way,Sealed,,0,0,,100,,None,0,0,,76,Auckland,Nil,,,,,0,0,Open,0,,,Fine,Null
1769895.9321,5899895.733,760436,,523817,0,,0,1,,North,2023/2024,SOUTHERN MOTORWAY,PAPAKURA STM BR,,Minor Crash,Yes,2024,,South,,0,,Flat,,,,,,Dark,759739,2,0,0,3,,,0,,,,,,Auckland Region,Nil,1-way,Sealed,,0,0,,100,,On,0,0,70,76,Auckland,Nil,,,,,0,0,Open,0,,,Light rain,Null
1752677.2385,5918075.6677,760468,,515003,0,0,0,0,0,West,2024/2025,NORTH-WESTERN MOTORWAY,GREAT NORTH ROAD OFF RAMP,,Serious Crash,Yes,2024,0,West,0,0,0,Flat,1,,0,,0,Dark,390600,0,0,1,5,0,0,0,0,0,,0,0,Auckland Region,Motorway ramp,1-way,Sealed,0,0,1,0,100,0,On,0,0,,76,Auckland,Nil,0,0,0,0,0,0,Open,0,0,0,Fine,Null
1769274.7857,5907473.2009,760484,,523711,0,,0,0,,West,2022/2023,ORMISTON ROAD,TE IRIRANGI DRIVE,,Non-Injury Crash,No,2023,,Null,,0,,Flat,,,,,,Dark,712304,0,0,0,4,,,0,,,,,,Auckland Region,Nil,2-way,Sealed,,0,0,,60,,On,1,0,,76,Auckland,Nil,,,,,0,0,Urban,0,,,Heavy rain,Null
1764158.5055,5910128.8251,760485,,521901,0,,0,1,,Null,2024/2025,PRINCES STREET,ATKINSON AVENUE,,Non-Injury Crash,No,2024,,East,,0,,Flat,,,,,,Dark,782200,0,0,0,4,,,0,,,,,,Auckland Region,Nil,2-way,Sealed,,0,0,,50,,Null,1,0,,76,Auckland,Traffic Signals,,,,,0,0,Urban,0,,,Fine,Null
1765512.279,5908832.6751,760499,,523402,0,0,0,1,0,North,2022/2023,SOUTHERN MOTORWAY,HIGHBROOK OBR,,Minor Crash,Yes,2023,0,South,0,0,0,Flat,0,,0,,0,Dark,696900,1,0,0,3,0,0,0,0,0,,0,0,Auckland Region,Underpass,1-way,Sealed,0,0,0,0,100,0,On,1,0,,76,Auckland,Nil,0,0,0,1,0,0,Open,0,0,0,Light rain,Null
1761744.3054,5906563.1857,760501,,524112,0,,0,0,,Null,2023/2024,MASSEY ROAD,MASSEY ROAD ON RAMP,,Non-Injury Crash,No,2024,,North,,0,,Flat,,,,,,Overcast,742300,0,0,0,6,,,0,,,,,,Auckland Region,Bridge,2-way,Sealed,,0,0,,50,,Off,1,0,,76,Auckland,Traffic Signals,,,,,1,0,Urban,0,,,Fine,Null
1769895.4961,5885138.2124,760508,,521122,0,,0,0,,Null,2023/2024,BURTT ROAD,TUHIMATA ROAD,,Non-Injury Crash,No,2024,,South,,0,,Flat,,,,,,Bright sun,813400,0,0,1,2,,,0,,,,,,Auckland Region,Nil,2-way,Sealed,,0,0,,60,,None,0,0,,76,Auckland,Stop,,,,,1,0,Urban,0,,,Fine,Null
1743600.9352,5888502.0423,760517,,521151,0,0,0,1,0,West,2022/2023,AWHITU ROAD,POLLOK WHARF ROAD,,Non-Injury Crash,No,2023,0,East,0,0,0,Flat,0,,0,,0,Dark,830100,0,0,0,2,0,0,0,0,1,,0,0,Auckland Region,Nil,2-way,Sealed,0,0,0,0,60,0,On,1,0,,76,Auckland,Nil,0,0,0,0,0,0,Urban,0,0,0,Fine,Null
1757708.9262,5918261.9674,760541,,518101,0,,0,2,,North,2023/2024,SOUTHERN MOTORWAY,MOUNTAIN OBR,,Non-Injury Crash,Yes,2023,,North,,0,,Flat,,,,,,Overcast,543000,0,0,0,4,,,0,,,,,,Auckland Region,Nil,1-way,Sealed,,0,0,,80,,Off,0,0,,76,Auckland,Nil,,,,,0,0,Open,0,,,Fine,Null
1767711.112,5910373.193,760547,,523112,0,,0,0,,East,2022/2023,HIGHBROOK DRIVE,RA ORA DRIVE,,Non-Injury Crash,No,2023,,West,,0,,Flat,,,,,,Bright sun,711405,0,0,0,4,,,0,,,,,,Auckland Region,Nil,2-way,Sealed,,0,0,,50,,Off,0,0,,76,Auckland,Nil,,,,,1,0,Urban,1,,,Fine,Null
1764434.0838,5904437.2355,760549,,522100,0,,0,2,,Null,2023/2024,PUHINUI ROAD,WYLLIE ROAD,,Non-Injury Crash,No,2023,,South,,0,,Flat,,,,,,Bright sun,659300,0,0,0,3,,,0,,,,,,Auckland Region,Nil,2-way,Sealed,,0,0,,50,,Off,0,0,,76,Auckland,Traffic Signals,,,,,0,0,Urban,0,,,Fine,None
1757669.4713,5913689.3316,760555,,518600,0,,0,3,,Null,2022/2023,PAH ROAD,ACORN STREET,,Minor Crash,No,2023,,South,,0,,Flat,,,,,,Overcast,565400,1,0,0,4,,,0,,,,,,Auckland Region,Nil,2-way,Sealed,,0,0,,50,,Off,0,0,,76,Auckland,Stop,,,,,0,0,Urban,0,,,Light rain,Null
1768839.8027,5910688.8089,760579,,523112,0,,0,2,,Null,2022/2023,HARRIS ROAD,GREENMOUNT DRIVE,,Minor Crash,No,2023,,South,,0,,Flat,,,,,,Overcast,711701,1,0,0,4,,,0,,,,,,Auckland Region,Nil,2-way,Sealed,,0,0,,60,,Off,0,0,,76,Auckland,Give way,,,,,0,0,Urban,1,,,Light rain,Null
1766840.0595,5905774.0746,760580,,522302,0,,0,3,,Null,2024/2025,GREAT SOUTH ROAD,PEMBROKE STREET,,Minor Crash,No,2024,,East,,0,,Flat,,,,,,Dark,669300,2,0,0,2,,,0,,,,,,Auckland Region,Nil,2-way,Sealed,,0,0,,50,,On,0,0,,76,Auckland,Stop,,,,,0,0,Urban,0,,,Light rain,Null
1757658.9284,5929195.3623,760581,,507800,0,0,0,2,0,North,2023/2024,OMANA ROAD,IHUMATA ROAD,,Non-Injury Crash,No,2023,0,North,0,0,0,Flat,0,,0,,0,Bright sun,310900,0,0,0,2,0,0,0,0,1,,0,0,Auckland Region,Nil,2-way,Sealed,0,0,0,0,50,0,Off,0,0,,76,Auckland,Nil,0,0,0,0,0,0,Urban,0,0,0,Fine,Null
1767339.1886,5883275.2296,760589,35,521111,0,,0,1,,East,2023/2024,HEIGHTS ROAD,HEIGHTS SOUTH,,Non-Injury Crash,No,2023,,South,,0,,Hill Road,,,,,,Overcast,826601,0,0,0,2,,,0,,,,,,Auckland Region,Nil,2-way,Sealed,,0,0,,80,,Off,0,0,,76,Auckland,Nil,,,,,0,0,Open,0,,,Fine,Null
1754408.255,5929228.0527,760596,,508320,0,,0,2,,Null,2024/2025,WAIRAU ROAD,VIEW ROAD,,Minor Crash,No,2024,,East,,0,,Hill Road,,,,,,Overcast,196401,1,0,0,3,,,0,,,,,,Auckland Region,Nil,2-way,Sealed,,0,0,,50,,Off,0,0,,76,Auckland,Give way,,,,,0,0,Urban,0,,,Fine,Null
1750208.7377,5916153.9047,760597,,514802,0,,0,2,,Null,2023/2024,ROSEBANK ROAD,ORCHARD STREET,,Minor Crash,No,2024,,South,,0,,Flat,,,,,,Twilight,389800,1,0,0,2,,,0,,,,,,Auckland Region,Nil,2-way,Sealed,,0,0,,50,,Off,0,0,,76,Auckland,Give way,,,,,0,0,Urban,0,,,Fine,Null
1759688.6428,5915940.269,760620,,519200,0,,0,1,,South,2023/2024,GREAT SOUTH ROAD,MAPAU ROAD,,Minor Crash,No,2024,,North,,0,,Flat,,,,,,Dark,616000,1,1,0,2,,,0,,,,,,Auckland Region,Nil,2-way,Sealed,,0,0,,50,,On,0,0,,76,Auckland,Nil,,,,,0,0,Urban,0,,,Fine,Null
1766425.9182,5900338.009,760629,,524713,0,,0,1,,Null,2023/2024,SHARLAND AVENUE,JOHN WALKER DRIVE,,Non-Injury Crash,No,2023,,East,,0,,Flat,,,,,,Dark,775808,0,0,0,2,,,0,,,,,,Auckland Region,Nil,2-way,Sealed,,0,0,,50,,On,0,0,30,76,Auckland,Give way,,,,,0,0,Urban,1,,,Light rain,Null
1772495.0779,5885645.8183,760636,,521122,0,0,0,1,0,East,2022/2023,RUNCIMAN ROAD,KOROWAI RISE,,Non-Injury Crash,No,2023,0,North,0,0,1,Hill Road,0,Queens Birthday,0,,0,Overcast,826903,0,0,0,2,0,0,0,1,0,,0,0,Auckland Region,Nil,2-way,Sealed,0,0,0,0,80,0,None,0,0,,76,Auckland,Nil,0,0,0,1,0,0,Open,0,0,0,Fine,Null
1762939.1155,5912927.5754,760645,,520402,0,,0,2,,West,2023/2024,SOUTHERN MOTORWAY,SOUTH-EASTERN HWY OFF RAMP,,Non-Injury Crash,Yes,2023,,South,,0,,Flat,,,,,,Dark,642500,0,0,0,4,,,0,,,,,,Auckland Region,Nil,1-way,Sealed,,0,0,,100,,On,0,0,,76,Auckland,Nil,,,,,0,0,Open,0,,,Light rain,Strong wind
1761619.3976,5906440.2637,760652,,524200,0,,0,1,,Null,2022/2023,MASSEY ROAD,TIDAL ROAD,,Non-Injury Crash,No,2023,,West,,0,,Flat,,,,,,Dark,728700,0,0,0,5,,,0,,,,,,Auckland Region,Nil,2-way,Sealed,,0,0,,50,,On,2,0,,76,Auckland,Traffic Signals,,,,,0,0,Urban,0,,,Fine,Null
1752359.4042,5925542.4842,760653,,510220,0,0,0,2,0,North,2023/2024,VERBENA ROAD,VERRAN ROAD,,Non-Injury Crash,No,2023,0,North,0,0,0,Flat,0,,0,,0,Twilight,350600,0,0,0,2,0,0,0,0,1,,0,0,Auckland Region,Nil,2-way,Sealed,0,0,0,0,50,0,On,0,0,,76,Auckland,Nil,0,0,0,0,0,0,Urban,0,0,0,Fine,Null
1747424.5181,5926421.0685,760660,,513431,0,0,0,0,0,East,2023/2024,HOBSONVILLE POINT ROAD,WAENGANUI ROAD,,Non-Injury Crash,No,2023,0,East,0,0,0,Hill Road,0,,0,,0,Bright sun,221907,0,0,0,2,0,0,0,0,0,,0,0,Auckland Region,Nil,2-way,Sealed,0,0,0,0,50,0,Off,0,0,,76,Auckland,Nil,0,0,0,1,0,0,Urban,1,0,0,Fine,Null
1768488.7443,5901355.1361,760667,,524901,0,,0,3,,South,2022/2023,GREAT SOUTH ROAD,KELVYN GROVE,,Minor Crash,No,2023,,North,,0,,Flat,,,,,,Bright sun,756500,2,0,0,4,,,0,,,,,,Auckland Region,Nil,2-way,Sealed,,0,0,,50,,Null,0,0,,76,Auckland,Nil,,,,,0,0,Urban,0,,,Fine,Null
1771792.0881,5905642.4252,760668,,523713,0,0,0,2,0,South,2023/2024,CARRYGAWLEY ROAD,KILCADDEN DRIVE,,Non-Injury Crash,No,2023,0,South,0,0,0,Flat,0,,0,,0,Dark,713400,0,0,0,2,0,0,0,0,1,,0,0,Auckland Region,Nil,2-way,Sealed,0,0,0,0,50,0,On,0,0,,76,Auckland,Nil,0,0,0,0,0,0,Urban,1,0,0,Fine,Null
1764822.6651,5903815.4857,760683,,524604,0,,0,2,,Null,2022/2023,CAVENDISH DRIVE,CAVENDISH DRIVE,,Non-Injury Crash,No,2023,,North,,0,,Flat,,,,,,Dark,781301,0,0,0,2,,,0,,,,,,Auckland Region,Motorway ramp,1-way,Sealed,,0,0,,60,,On,0,0,,76,Auckland,Give way,,,,,0,0,Urban,0,,,Light rain,Null
1770916.6993,5911860.9417,760691,,523106,0,0,0,1,0,Null,2022/2023,TARNICA ROAD,RAVENSDALE RISE,,Minor Crash,No,2023,0,South,0,0,0,Flat,0,,0,,0,Overcast,711129,2,0,0,2,0,0,0,0,1,,0,0,Auckland Region,Nil,2-way,Sealed,0,0,0,0,50,0,Off,0,0,,76,Auckland,Nil,0,0,0,0,0,0,Urban,1,0,0,Light rain,Null
1771288.3484,5878459.0289,760708,,525922,0,0,0,1,0,North,2022/2023,LOGAN ROAD,BUCKVILLE ROAD,,Non-Injury Crash,No,2023,0,North,0,0,1,Flat,0,,0,,0,Overcast,827100,0,0,0,2,0,0,0,0,0,,0,0,Auckland Region,Nil,2-way,Sealed,0,0,0,0,80,0,None,0,0,,76,Auckland,Nil,0,0,0,0,0,0,Open,0,0,0,Light rain,Null
1759190.8417,5911192.2731,760717,,519820,0,0,0,1,0,North,2024/2025,SOUTH-WESTERN MOTORWAY,MANGERE BR,,Minor Crash,Yes,2024,0,South,0,0,0,Flat,1,,0,,0,Dark,602503,1,0,0,4,0,0,0,0,0,,0,0,Auckland Region,Nil,1-way,Sealed,0,0,0,0,100,0,On,1,0,,76,Auckland,Nil,0,0,0,0,0,0,Open,0,0,0,Fine,Null
1731440.6688,5926282.2003,760724,55,506652,0,0,0,0,0,South,2022/2023,MURIWAI ROAD,SCHOOL ROAD,,Non-Injury Crash,No,2023,0,North,1,0,0,Hill Road,0,,0,,0,Overcast,218602,0,0,0,2,0,0,0,0,0,,0,0,Auckland Region,Nil,2-way,Sealed,0,0,0,0,100,0,None,1,0,,76,Auckland,Nil,0,0,0,0,0,0,Open,0,0,0,Light rain,Null
1762997.4646,5912911.1757,760725,,520402,0,,0,1,,West,2023/2024,SOUTHERN MOTORWAY,SOUTH-EASTERN HWY OFF RAMP,,Non-Injury Crash,Yes,2024,,East,,0,,Flat,,,,,,Dark,642500,0,0,0,3,,,0,,,,,,Auckland Region,Nil,1-way,Sealed,,0,0,,100,,On,1,0,,76,Auckland,Nil,,,,,0,0,Open,0,,,Fine,Null
1771754.4427,5895206.4807,760732,,525540,0,,0,2,,Null,2023/2024,BEACH ROAD,CHICHESTER DRIVE,,Minor Crash,No,2024,,East,,0,,Flat,,,,,,Bright sun,806402,4,0,0,2,,,0,,,,,,Auckland Region,Nil,1-way,Sealed,,0,0,,50,,Off,0,0,,76,Auckland,Traffic Signals,,,,,0,0,Urban,0,,,Fine,Null
1748691.5497,5945905.6614,760733,,506201,0,,0,1,,North,2023/2024,NORTHERN MOTORWAY,SILVERDALE ON RAMP,,Non-Injury Crash,Yes,2024,,North,,0,,Flat,,,,,,Dark,176603,0,0,0,2,,,0,,,,,,Auckland Region,Nil,1-way,Sealed,,0,0,,100,,None,0,0,,76,Auckland,Nil,,,,,0,0,Open,1,,,Fine,Null
1768921.042,5901267.3138,760740,45,524901,0,0,0,2,0,South,2023/2024,HILL ROAD,SCENIC DRIVE,,Minor Crash,No,2023,0,South,0,0,0,Hill Road,0,,0,,0,Dark,756600,1,0,0,2,0,0,0,0,1,,0,0,Auckland Region,Nil,2-way,Sealed,0,0,0,0,50,0,On,0,0,40,76,Auckland,Nil,0,0,0,0,0,0,Urban,0,0,0,Fine,Strong wind
1756006.1826,5921090.4007,760741,,515202,0,,0,2,,South,2023/2024,NORTHERN MOTORWAY,FANSHAWE STREET OFF RAMP,,Non-Injury Crash,Yes,2024,,South,,0,,Flat,,,,,,Bright sun,425600,0,0,0,4,,,0,,,,,,Auckland Region,Motorway ramp,1-way,Sealed,,0,0,,80,,Off,0,0,,76,Auckland,Nil,,,,,0,0,Open,1,,,Fine,Null
1738956.5341,5930105.8673,760756,35,505604,0,,0,2,,North,2022/2023,ORAHA ROAD,BURNS LANE,,Non-Injury Crash,No,2023,,West,,0,,Flat,,,,,,Dark,213900,0,0,0,2,,,0,,,,,,Auckland Region,Nil,2-way,Sealed,,0,0,,60,,On,0,0,,76,Auckland,Nil,,,,,0,0,Urban,0,,,Light rain,Null
1756497.6145,5914836.2633,760757,,518500,0,,0,2,,West,2023/2024,DUKE STREET,MOUNT EDEN ROAD,,Non-Injury Crash,No,2023,,South,,0,,Flat,,,,,,Bright sun,562100,0,0,0,2,,,0,,,,,,Auckland Region,Nil,2-way,Sealed,,0,0,,50,,Off,0,0,,76,Auckland,Nil,,,,,0,0,Urban,0,,,Fine,None
1747642.2434,5926028.0736,760772,,513431,0,,0,1,,Null,2023/2024,SCOTT ROAD,NGAROMA HOUSE DRIVE,,Non-Injury Crash,No,2023,,North,,0,,Flat,,,,,,Bright sun,222903,0,0,0,2,,,0,,,,,,Auckland Region,Nil,2-way,Sealed,,0,0,,50,,Off,0,0,,76,Auckland,Give way,,,,,0,0,Urban,1,,,Fine,Null
1776145.1355,5884096.2077,760773,,521132,0,,0,1,,North,2023/2024,SOUTHERN MOTORWAY,ST STEPHENS OBR,,Non-Injury Crash,Yes,2023,,South,,0,,Hill Road,,,,,,Bright sun,814702,0,0,0,2,,,0,,,,,,Auckland Region,Nil,1-way,Sealed,,0,0,,100,,Off,1,0,,76,Auckland,Nil,,,,,0,0,Open,0,,,Fine,Null
1770552.546,5908310.473,760788,,523115,0,,0,0,,Null,2024/2025,BAVERSTOCK ROAD,MIDDLEFIELD DRIVE,,Minor Crash,No,2024,,West,,0,,Flat,,,,,,Bright sun,712114,1,1,0,2,,,0,,,,,,Auckland Region,Nil,2-way,Sealed,,0,0,,50,,Off,0,0,30,76,Auckland,Give way,,,,,0,0,Urban,0,,,Fine,Null
1759022.0852,5912198.8121,760804,,519820,0,,0,2,,Null,2022/2023,ONEHUNGA MALL,CHURCH STREET,,Non-Injury Crash,No,2023,,South,,0,,Null,,,,,,Unknown,601100,0,0,0,2,,,0,,,,,,Auckland Region,Nil,2-way,Sealed,,0,0,,50,,Null,0,0,,76,Auckland,Give way,,,,,0,0,Urban,0,,,Null,Null
1743670.7642,5917582.546,760820,,513220,0,,0,1,,Null,2023/2024,SUMMERLAND DRIVE,BROOKWOOD DRIVE,,Non-Injury Crash,No,2023,,South,,0,,Flat,,,,,,Bright sun,236713,0,0,1,2,,,0,,,,,,Auckland Region,Nil,2-way,Sealed,,0,0,,50,,Off,0,0,,76,Auckland,Nil,,,,,0,0,Urban,0,,,Fine,Null
1744512.7672,5918801.2219,760828,,513302,0,0,0,2,0,South,2023/2024,RATHGAR ROAD,MAURICE BORICH PLACE,,Minor Crash,No,2024,0,South,0,0,0,Flat,0,,0,,0,Dark,233300,1,0,0,2,0,0,0,0,1,,0,0,Auckland Region,Nil,2-way,Sealed,0,0,0,0,50,0,On,0,0,,76,Auckland,Nil,0,0,0,0,0,0,Urban,0,0,0,Fine,Null
1745495.1827,5917459.6021,760845,,510700,1,,0,1,,Null,2024/2025,ALDERMAN DRIVE,RATANUI STREET,,Serious Crash,No,2024,,East,,0,,Flat,,,,,,Bright sun,239900,0,0,0,4,,,0,,,,,,Auckland Region,Nil,2-way,Sealed,,0,1,,50,,Off,0,0,,76,Auckland,Give way,,,,,0,0,Urban,0,,,Fine,Null
1760708.4656,5915464.1638,760852,,520201,0,0,0,1,0,South,2022/2023,SOUTHERN MOTORWAY,WALPOLE OBR,,Non-Injury Crash,Yes,2023,0,North,0,0,0,Flat,1,,0,,0,Overcast,613000,0,0,0,4,0,0,0,0,0,,0,0,Auckland Region,Nil,1-way,Sealed,0,0,0,0,100,0,Off,0,0,,76,Auckland,Nil,0,0,0,0,0,0,Open,0,0,0,Fine,Null
1751024.6107,5973829.6895,760893,,506661,0,0,0,1,1,East,2023/2024,MATAKANA ROAD,ANDERSON ROAD,,Non-Injury Crash,No,2024,0,East,0,0,0,Flat,0,,0,,0,Dark,139301,0,0,0,2,0,0,0,0,0,,0,0,Auckland Region,Nil,2-way,Sealed,0,0,0,0,80,0,None,0,0,,76,Auckland,Nil,0,0,0,0,0,0,Open,0,0,0,Fine,Null
1753724.5377,5924818.1633,760901,,510401,0,0,0,1,0,West,2023/2024,HIGHBURY BYPASS,BIRKENHEAD AVENUE,,Serious Crash,No,2024,0,East,0,0,0,Flat,0,,0,,0,Bright sun,351202,0,0,1,4,0,0,0,0,0,,0,0,Auckland Region,Nil,2-way,Sealed,0,0,1,0,50,0,Off,0,0,,76,Auckland,Nil,1,0,0,0,0,0,Urban,0,0,0,Fine,Null
1757450.4878,5912464.8755,760916,,519810,0,,0,2,,Null,2022/2023,QUEENSTOWN ROAD,BEACHCROFT AVENUE,,Non-Injury Crash,No,2023,,South,,0,,Hill Road,,,,,,Bright sun,596700,0,0,0,2,,,0,,,,,,Auckland Region,Nil,1-way,Sealed,,0,0,,50,,Off,0,0,,76,Auckland,Give way,,,,,0,0,Urban,0,,,Fine,Null
1766275.9884,5901656.8626,760917,,524604,0,,0,1,,West,2024/2025,BROWNS ROAD,ROWANDALE AVENUE,,Minor Crash,No,2024,,East,,0,,Flat,,,,,,Dark,781400,1,0,0,2,,,0,,,,,,Auckland Region,Nil,2-way,Sealed,,0,0,,50,,On,0,0,,76,Auckland,Nil,,,,,0,0,Urban,1,,,Fine,Null
1738655.2906,5963644.223,760941,45,506613,0,0,0,1,0,North,2023/2024,WEST COAST ROAD,AHUROA ROAD,,Non-Injury Crash,No,2024,0,West,1,0,0,Flat,0,,0,,1,Dark,145400,0,0,0,2,0,0,0,0,0,,0,0,Auckland Region,Nil,2-way,Sealed,0,0,0,0,100,0,None,0,0,,76,Auckland,Nil,0,0,0,1,0,0,Open,0,0,0,Light rain,Strong wind
1751117.2781,5932510.4112,760956,,508807,0,0,0,1,0,North,2023/2024,ALBANY HIGHWAY,WENTWORTH PARK,,Minor Crash,No,2023,0,North,0,0,0,Flat,0,,0,,0,Bright sun,180204,1,0,0,4,0,0,0,0,0,,0,0,Auckland Region,Nil,2-way,Sealed,0,0,0,0,50,0,Off,0,0,,76,Auckland,Nil,1,0,0,1,0,0,Urban,0,0,0,Fine,Null
1756528.7654,5919970.4808,760988,,514000,0,,0,2,,North,2023/2024,NORTHERN MOTORWAY,NORTH-WESTERN TO NORTHERN LINK,,Non-Injury Crash,Yes,2023,,North,,0,,Hill Road,,,,,,Dark,417400,0,0,0,3,,,0,,,,,,Auckland Region,Nil,1-way,Sealed,,0,0,,80,,On,0,0,,76,Auckland,Nil,,,,,0,0,Open,0,,,Fine,Null
1755570.9682,5920101.8896,760997,,515302,0,,1,0,,South,2023/2024,PONSONBY ROAD,SUMMER STREET,,Minor Crash,No,2024,,North,,0,,Flat,,,,,,Overcast,431000,1,0,0,4,,,0,,,1,,,Auckland Region,Nil,2-way,Sealed,,0,0,,40,,Off,1,0,,76,Auckland,Nil,,,,,0,0,Urban,0,,,Fine,Null
1757165.0166,5919281.1726,761004,,514200,1,,1,0,,South,2023/2024,SYMONDS STREET,KARANGAHAPE ROAD,,Minor Crash,No,2024,,North,,0,,Hill Road,,,,,,Bright sun,412301,1,0,0,6,,,0,,,,,,Auckland Region,Nil,2-way,Sealed,,0,0,,30,,Off,0,0,,76,Auckland,Nil,,,,,0,0,Urban,0,,,Fine,Null
1749463.5049,5969648.3126,761052,,505500,0,0,0,0,0,North,2023/2024,PULHAM ROAD,EARLSWAY,,Non-Injury Crash,No,2024,0,South,0,0,0,Flat,0,,0,,0,Dark,141006,0,0,0,2,0,0,0,0,0,,0,1,Auckland Region,Nil,2-way,Sealed,0,0,0,0,50,0,None,1,0,,76,Auckland,Nil,0,0,0,0,0,0,Urban,0,0,0,Fine,Null
1755068.4327,5929857.5827,761053,,508420,0,0,0,0,0,South,2023/2024,LINK DRIVE,SUNNYNOOK ROAD,,Non-Injury Crash,No,2024,0,North,0,0,0,Flat,0,,0,,0,Bright sun,183800,0,0,0,2,0,0,0,0,1,,0,0,Auckland Region,Nil,2-way,Sealed,0,0,0,0,50,0,Off,2,0,,76,Auckland,Nil,0,0,0,0,0,0,Urban,0,0,0,Fine,Null
1765561.3127,5918216.4621,761068,,516900,0,0,0,2,0,East,2023/2024,EMERSON STREET,FLORIDA PLACE,,Minor Crash,No,2024,0,East,0,0,0,Hill Road,0,,0,,0,Dark,465702,1,0,0,2,0,0,0,0,1,,0,0,Auckland Region,Nil,2-way,Sealed,0,0,0,0,50,0,On,0,0,,76,Auckland,Nil,0,0,0,0,0,0,Urban,0,0,0,Fine,Null
1755042.4894,5918593.4479,761077,,515420,0,0,0,2,0,Null,2022/2023,CRUMMER ROAD,COLERIDGE STREET,,Minor Crash,No,2023,0,East,0,0,1,Hill Road,0,,0,,0,Dark,404800,1,0,0,2,0,0,0,0,0,,0,0,Auckland Region,Nil,2-way,Sealed,0,0,0,0,50,0,On,0,1,,76,Auckland,Stop,0,0,0,0,0,0,Urban,0,0,0,Fine,Null