X,Y,OBJECTID,advisorySpeed,areaUnitID,bicycle,bridge,bus,carStationWagon,cliffBank,crashDirectionDescription,crashFinancialYear,crashLocation1,crashLocation2,crashRoadSideRoad,crashSeverity,crashSHDescription,crashYear,debris,directionRoleDescription,ditch,fatalCount,fence,flatHill,guardRail,holiday,houseOrBuilding,intersection,kerb,light,meshblockId,minorInjuryCount,moped,motorcycle,NumberOfLanes,objectThrownOrDropped,otherObject,otherVehicleType,overBank,parkedVehicle,pedestrian,phoneBoxEtc,postOrPole,region,roadCharacter,roadLane,roadSurface,roadworks,schoolBus,seriousInjuryCount,slipOrFlood,speedLimit,strayAnimal,streetLight,suv,taxi,temporarySpeedLimit,tlaId,tlaName,trafficControl,trafficIsland,trafficSign,train,tree,truck,unknownVehicleType,urban,vanOrUtility,vehicle,waterRiver,weatherA,weatherB
1759314.4431,5908353.6044,761092,,524122,0,0,0,0,0,Null,2024/2025,MCKENZIE ROAD,BADER DRIVE,,Minor Crash,No,2024,0,South,0,0,0,Flat,0,Christmas New Year,0,,1,Bright sun,737700,1,0,1,2,0,0,0,0,0,,0,0,Auckland Region,Nil,2-way,Sealed,0,0,0,0,50,0,Off,0,0,,76,Auckland,Give way,0,0,0,0,0,0,Urban,0,0,0,Fine,Null
1768287.7996,5900764.0968,761093,,525001,0,0,0,1,0,North,2023/2024,RUSSELL ROAD,LUPTON ROAD,,Minor Crash,No,2024,0,South,0,0,0,Flat,0,,0,,1,Overcast,752400,2,0,0,2,0,0,0,0,0,,0,0,Auckland Region,Nil,2-way,Sealed,0,0,0,0,50,0,Off,0,0,,76,Auckland,Nil,0,0,0,1,0,0,Urban,0,0,0,Fine,Null
1754110.9753,5931400.3337,761099,,508805,0,,0,1,,Null,2022/2023,UPPER HARBOUR HIGHWAY,UPPER HARBOUR HWY OFF RAMP,,Non-Injury Crash,Yes,2023,,East,,0,,Flat,,,,,,Dark,180813,0,0,0,5,,,0,,,,,,Auckland Region,Nil,2-way,Sealed,,0,0,,50,,On,0,0,,76,Auckland,Traffic Signals,,,,,0,0,Urban,1,,,Light rain,Null
1761370.4967,5920140.2917,761107,,516400,1,,0,0,,West,2022/2023,TAMAKI DRIVE,POKANOA POINT ENT,,Minor Crash,No,2023,,East,,0,,Flat,,,,,,Bright sun,496600,1,0,0,3,,,0,,,1,,,Auckland Region,Nil,2-way,Sealed,,0,0,,50,,Off,0,0,,76,Auckland,Give way,,,,,0,0,Urban,1,,,Fine,Null
1769748.2341,5901199.3051,761109,,524901,0,0,0,1,0,Null,2023/2024,BROUGH ROAD,ALFRISTON ROAD,,Non-Injury Crash,No,2024,0,North,0,0,0,Flat,0,,0,,0,Overcast,757602,0,0,0,2,0,0,0,0,1,,0,0,Auckland Region,Nil,2-way,Sealed,0,0,0,0,50,0,Off,0,0,,76,Auckland,Stop,0,0,0,0,1,0,Urban,0,0,0,Mist or Fog,Null
1757577.2411,5920851.1889,761117,,514103,0,,0,1,,South,2023/2024,FORT LANE,CUSTOMS STREET EAST,,Minor Crash,No,2024,,South,,0,,Flat,,,,,,Dark,438000,1,0,0,1,,,0,,,1,,,Auckland Region,Nil,1-way,Sealed,,0,0,,30,,On,0,0,,76,Auckland,Nil,,,,,0,0,Urban,0,,,Fine,Null
1763710.7788,5910367.8891,761124,45,521901,0,,0,2,,Null,2023/2024,HAUITI ROAD,GREAT SOUTH ROAD,,Non-Injury Crash,No,2023,,South,,0,,Flat,,,,,,Bright sun,781700,0,0,0,2,,,0,,,,,,Auckland Region,Nil,2-way,Sealed,,0,0,,50,,Off,0,0,,76,Auckland,Stop,,,,,0,0,Urban,0,,,Fine,None
1747409.011,5919604.0876,761148,,512300,0,,0,2,,West,2023/2024,NORTH-WESTERN MOTORWAY,TE ATATU ROAD ON RAMP,,Non-Injury Crash,Yes,2024,,East,,0,,Flat,,,,,,Overcast,252000,0,0,0,4,,,0,,,,,,Auckland Region,Nil,1-way,Sealed,,0,0,,100,,Off,0,0,,76,Auckland,Nil,,,,,0,0,Open,0,,,Fine,Null
1741789.9832,5918570.0515,761156,,513214,0,0,0,3,0,West,2023/2024,POOKS ROAD,HETHERINGTON ROAD,,Non-Injury Crash,No,2023,0,East,0,0,0,Flat,0,,0,,0,Dark,238401,0,0,0,2,0,0,0,0,1,,0,0,Auckland Region,Nil,2-way,Sealed,0,0,0,0,50,0,On,0,0,,76,Auckland,Nil,0,0,0,0,0,0,Urban,0,0,0,Fine,Null
1747483.6775,5914711.2409,761171,,511100,0,,0,0,,Null,2022/2023,GREAT NORTH ROAD,GLENVIEW ROAD,,Serious Crash,No,2023,,North,,0,,Flat,,,,,,Overcast,284800,0,0,1,4,,,0,,,,,,Auckland Region,Nil,2-way,Sealed,,0,1,,50,,Off,0,0,,76,Auckland,Traffic Signals,,,,,0,0,Urban,1,,,Fine,Null
1765473.1238,5917025.4211,761188,,517001,0,0,0,2,0,South,2023/2024,LINE ROAD,TANIWHA STREET,,Non-Injury Crash,No,2023,0,East,0,0,0,Flat,0,,0,,0,Dark,476200,0,0,0,2,0,0,0,0,1,,0,0,Auckland Region,Nil,2-way,Sealed,0,0,0,0,50,0,On,0,0,,76,Auckland,Nil,0,0,0,0,0,0,Urban,0,0,0,Fine,Null
1744853.2277,5922332.4781,761221,,513530,0,,0,2,,Null,2022/2023,ROYAL ROAD,COLWILL ROAD,,Non-Injury Crash,No,2023,,East,,0,,Flat,,,,,,Overcast,224423,0,0,0,2,,,0,,,,,,Auckland Region,Nil,2-way,Sealed,,0,0,,50,,Off,0,0,,76,Auckland,Stop,,,,,0,0,Urban,0,,,Fine,Null
1761399.5371,5920140.0228,761253,,516400,0,0,0,1,0,East,2023/2024,TAMAKI DRIVE,POKANOA POINT ENT,,Non-Injury Crash,No,2023,0,East,0,0,0,Flat,0,,0,,1,Overcast,496600,0,0,0,2,0,0,0,0,0,,0,0,Auckland Region,Nil,2-way,Sealed,0,0,0,0,50,0,Off,0,0,,76,Auckland,Nil,0,0,0,1,0,0,Urban,0,0,0,Light rain,Null
1768553.5184,5879346.8202,761285,,525922,0,,0,2,,Null,2022/2023,UPPER QUEEN STREET,QUEEN STREET,,Non-Injury Crash,No,2023,,North,,0,,Flat,,,,,,Bright sun,822900,0,0,0,1,,,0,,,,,,Auckland Region,Nil,2-way,Sealed,,0,0,,50,,Off,0,0,,76,Auckland,Give way,,,,,0,0,Urban,0,,,Fine,Null
1769316.5617,5899720.2896,761293,,525002,0,0,0,1,0,Null,2022/2023,MAHIA ROAD,NIELD ROAD,,Non-Injury Crash,No,2023,0,East,0,0,0,Flat,0,,0,,0,Dark,753800,0,0,0,2,0,0,0,0,1,,0,0,Auckland Region,Nil,2-way,Sealed,0,0,0,0,50,0,On,0,0,,76,Auckland,Give way,0,0,0,0,1,0,Urban,0,0,0,Fine,Null
1781088.8319,5903457.7064,761299,,525201,0,0,0,1,1,South,2022/2023,PAPAKURA-CLEVEDON ROAD,HYDE ROAD,,Non-Injury Crash,No,2023,0,South,0,0,0,Flat,0,,0,,0,Dark,762900,0,0,0,2,0,0,0,0,0,,0,0,Auckland Region,Nil,2-way,Unsealed,0,0,0,0,50,0,On,0,0,,76,Auckland,Nil,0,0,0,1,0,0,Urban,0,0,0,Fine,Null
1754496.1648,5918654.8607,761308,,515431,0,0,0,1,0,North,2023/2024,TUARANGI ROAD,WEXFORD ROAD,,Non-Injury Crash,No,2023,0,South,0,0,0,Hill Road,1,,0,,0,Bright sun,405900,0,0,0,2,0,0,0,0,0,,0,1,Auckland Region,Nil,2-way,Sealed,0,0,0,0,50,0,Off,0,0,,76,Auckland,Nil,0,0,0,0,0,0,Urban,0,0,0,Fine,Null
1769063.1227,5899992.285,761317,,525002,0,0,0,2,0,South,2022/2023,CHRISTMAS ROAD,OLIVE STREET,,Non-Injury Crash,No,2023,0,South,0,0,0,Flat,0,,0,,0,Dark,753500,0,0,0,2,0,0,0,0,1,,0,0,Auckland Region,Nil,2-way,Sealed,0,0,0,0,50,0,On,0,0,40,76,Auckland,Nil,0,0,0,0,0,0,Urban,0,0,0,Light rain,Null
1764914.9741,5903194.9053,761323,,524604,0,,0,1,,South,2023/2024,ROSCOMMON ROAD,ROSCOMMON ROAD,,Minor Crash,No,2024,,North,,0,,Flat,,,,,,Bright sun,781200,1,0,1,4,,,0,,,,,,Auckland Region,Nil,2-way,Sealed,,0,0,,60,,Off,0,0,,76,Auckland,Nil,,,,,0,0,Urban,0,,,Fine,Null
1747554.2961,5914651.0172,761332,,511100,0,,0,3,,South,2022/2023,GREAT NORTH ROAD,GLENVIEW ROAD,,Non-Injury Crash,No,2023,,East,,0,,Hill Road,,,,,,Dark,285202,0,0,0,4,,,0,,,,,,Auckland Region,Nil,2-way,Sealed,,0,0,,50,,On,0,0,,76,Auckland,Nil,,,,,0,0,Urban,0,,,Fine,Null
1765122.8071,5909904.5556,761340,,521803,0,,0,2,,North,2022/2023,SOUTHERN MOTORWAY,TRENWITH OBR,,Non-Injury Crash,Yes,2023,,South,,0,,Flat,,,,,,Bright sun,788300,0,0,0,4,,,0,,,,,,Auckland Region,Nil,1-way,Sealed,,0,0,,100,,Off,0,0,,76,Auckland,Nil,,,,,0,0,Open,1,,,Fine,Null
1739763.472,5930404.5321,761356,,505604,0,0,0,1,0,North,2023/2024,OLD NORTH ROAD,ORAHA ROAD,,Serious Crash,No,2023,0,South,0,0,1,Hill Road,0,,0,,0,Bright sun,214202,1,0,0,2,0,0,0,0,0,,0,0,Auckland Region,Nil,2-way,Sealed,0,0,1,0,60,0,None,0,0,,76,Auckland,Nil,0,0,0,0,0,0,Urban,2,0,0,Fine,Null
1761360.0115,5914260.537,761365,,520202,0,,0,2,,Null,2022/2023,ELLERSLIE-PANMURE HIGHWAY,ELLERSLIE-PANMURE HWY ON RAMP,,Non-Injury Crash,No,2023,,East,,0,,Flat,,,,,,Bright sun,612300,0,0,0,2,,,0,,,,,,Auckland Region,Motorway ramp,1-way,Sealed,,0,0,,50,,Off,0,0,,76,Auckland,Give way,,,,,0,0,Urban,0,,,Fine,Null
1755661.3322,5928735.9363,761373,,508510,0,,0,2,,North,2023/2024,NORTHERN MOTORWAY,TRISTRAM AVENUE ON RAMP,,Non-Injury Crash,Yes,2023,,South,,0,,Flat,,,,,,Overcast,195700,0,0,0,2,,,0,,,,,,Auckland Region,Nil,1-way,Sealed,,0,0,,100,,Off,0,0,,76,Auckland,Nil,,,,,0,0,Open,0,,,Fine,Null
1754463.1832,5913785.5902,761388,,518802,0,0,0,1,0,North,2023/2024,SOUTH-WESTERN MOTORWAY,MAY OBR,,Minor Crash,Yes,2023,0,South,0,0,0,Flat,1,,0,,0,Overcast,579200,1,0,0,2,0,0,0,0,0,,0,0,Auckland Region,Bridge,1-way,Sealed,0,0,0,0,100,0,Off,0,0,,76,Auckland,Nil,0,0,0,0,1,0,Open,0,0,0,Fine,Null
1765770.2805,5918214.9412,761389,,516900,0,0,0,0,0,Null,2023/2024,ASHBY AVENUE,ESPERANCE ROAD,,Minor Crash,No,2023,0,North,0,0,1,Flat,0,Labour Weekend,0,,1,Dark,466400,1,0,0,2,0,0,0,0,0,,0,1,Auckland Region,Nil,2-way,Sealed,0,0,0,0,50,0,On,0,0,,76,Auckland,Give way,0,0,0,1,0,0,Urban,1,0,0,Fine,Null
1755283.0287,5917705.1097,761397,,517500,0,0,0,1,1,North,2022/2023,SANDRINGHAM ROAD,ROSSMAY TERRACE,,Non-Injury Crash,No,2023,0,North,0,0,0,Flat,0,,0,,0,Dark,532103,0,0,0,2,0,0,0,0,0,,0,1,Auckland Region,Nil,2-way,Sealed,0,0,0,0,50,0,On,0,0,,76,Auckland,Nil,0,1,0,0,0,0,Urban,0,0,0,Fine,Null
1767142.0096,5910282.6157,761419,,523112,0,,0,1,,East,2022/2023,KERWYN AVENUE,BUSINESS PARADE SOUTH,,Non-Injury Crash,No,2023,,East,,0,,Flat,,,,,,Dark,711301,0,0,0,2,,,0,,,,,,Auckland Region,Nil,2-way,Sealed,,0,0,,50,,On,1,0,,76,Auckland,Nil,,,,,0,0,Urban,0,,,Fine,Null
1762795.1671,5905606.5717,761435,,524302,0,0,0,2,0,North,2022/2023,SOUTH-WESTERN MOTORWAY,PORTAGE OBR,,Non-Injury Crash,Yes,2023,0,South,0,0,0,Flat,1,,0,,0,Dark,745000,0,0,0,2,0,0,0,0,0,,0,0,Auckland Region,Nil,1-way,Sealed,0,0,0,0,100,0,On,0,0,,76,Auckland,Nil,0,0,0,0,0,0,Open,0,0,0,Heavy rain,Strong wind
1768736.7761,5900764.9159,761444,,525002,0,,0,2,,Null,2023/2024,WEYMOUTH ROAD,BEAUMONTS WAY,,Minor Crash,No,2023,,West,,0,,Hill Road,,,,,,Twilight,752801,1,0,0,2,,,0,,,,,,Auckland Region,Bridge,2-way,Sealed,,0,0,,50,,On,0,0,,76,Auckland,Stop,,,,,0,0,Urban,0,,,Fine,Null
1735325.8373,5908890.5823,761452,,513800,0,0,0,1,1,South,2023/2024,PIHA ROAD,HOME TRACK,,Minor Crash,No,2023,0,South,0,0,0,Hill Road,0,,0,,0,Overcast,282027,1,0,0,2,0,0,0,0,0,,0,0,Auckland Region,Nil,2-way,Sealed,0,0,0,0,60,0,Off,0,0,,76,Auckland,Nil,0,0,0,0,0,0,Urban,0,0,0,Fine,Null
1770578.4622,5906068.4956,761461,,523712,0,,0,1,,Null,2023/2024,HUGHS WAY,CASTLEBANE DRIVE,,Non-Injury Crash,No,2023,,East,,0,,Flat,,Christmas New Year,,,,Dark,713300,0,0,0,2,,,0,,,,,,Auckland Region,Speed hump,2-way,Sealed,,0,0,,50,,On,0,0,,76,Auckland,Give way,,,,,0,0,Urban,0,,,Fine,Null
1753051.9422,5918208.3445,761491,,515003,0,,1,1,,East,2023/2024,NORTH-WESTERN MOTORWAY,GREAT NORTH ROAD OFF RAMP,,Minor Crash,Yes,2023,,West,,0,,Flat,,,,,,Bright sun,390502,1,0,0,4,,,0,,,,,,Auckland Region,Nil,1-way,Sealed,,0,0,,80,,Off,0,0,,76,Auckland,Nil,,,,,0,0,Open,0,,,Fine,Null
1758023.9451,5909416.9343,761509,,524001,0,0,0,2,0,East,2023/2024,MATAPOURI ROAD,DERRETT PLACE,,Non-Injury Crash,No,2023,0,East,0,0,0,Flat,0,,0,,0,Dark,723300,0,0,0,2,0,0,0,0,1,,0,0,Auckland Region,Nil,2-way,Sealed,0,0,0,0,50,0,On,0,0,,76,Auckland,Nil,0,0,0,0,0,0,Urban,0,0,0,Fine,Null
1760826.8767,5915359.1728,761515,,520201,0,,0,3,,North,2022/2023,SOUTHERN MOTORWAY,WALPOLE OBR,,Non-Injury Crash,Yes,2023,,North,,0,,Flat,,,,,,Bright sun,613000,0,0,0,4,,,0,,,,,,Auckland Region,Nil,1-way,Sealed,,0,0,,100,,Off,0,0,,76,Auckland,Nil,,,,,0,0,Open,0,,,Fine,Null
1758924.3413,5911232.4957,761533,,519820,0,0,0,1,0,West,2022/2023,ONEHUNGA HARBOUR ROAD,ONEHUNGA HBR UNDERPASS,,Non-Injury Crash,No,2023,0,West,0,0,1,Flat,0,,0,,0,Dark,602402,0,0,0,2,0,0,0,0,0,,0,0,Auckland Region,Nil,2-way,Sealed,0,0,0,0,50,0,On,0,0,,76,Auckland,Nil,0,0,0,0,0,0,Urban,0,0,0,Light rain,Null
1782743.5372,5926351.7735,761541,,520801,1,,0,0,,Null,2023/2024,CRESCENT ROAD EAST,BAY ROAD,,Minor Crash,No,2024,,South,,0,,Flat,,,,,,Bright sun,515311,1,0,0,2,,,0,,,,,,Auckland Region,Nil,2-way,Sealed,,0,0,,50,,None,0,0,,76,Auckland,Stop,,,,,0,0,Urban,1,,,Fine,Null
1743346.9512,5920903.8474,761547,,513622,0,0,0,0,0,North,2022/2023,DON BUCK ROAD,CHAMBERLAIN ROAD,,Non-Injury Crash,No,2023,0,North,0,0,1,Hill Road,0,,0,,0,Dark,226700,0,0,0,2,0,0,0,0,0,,0,1,Auckland Region,Nil,2-way,Sealed,0,0,0,0,50,0,On,0,0,,76,Auckland,Nil,0,0,0,0,1,0,Urban,0,0,0,Light rain,Null
1758410.19,5918356.7468,761556,,517400,1,,0,1,,Null,2023/2024,KHYBER PASS ROAD,OSBORNE STREET,,Minor Crash,No,2023,,West,,0,,Flat,,,,,,Overcast,451100,1,0,0,2,,,0,,,,,,Auckland Region,Nil,2-way,Sealed,,0,0,,50,,Off,0,0,,76,Auckland,Give way,,,,,0,0,Urban,0,,,Fine,Null
1768211.8345,5907348.7842,761565,,523711,0,0,0,1,0,Null,2023/2024,FEATHERSTON CRESCENT,PATEA PLACE,,Non-Injury Crash,No,2023,0,West,0,0,0,Flat,0,,0,,0,Bright sun,713900,0,0,0,2,0,0,0,0,0,,0,1,Auckland Region,Nil,2-way,Sealed,0,0,0,0,50,0,Off,0,0,,76,Auckland,Nil,0,0,0,0,0,0,Urban,0,0,0,Fine,Null
1757544.122,5918467.5887,761581,,518101,0,,0,2,,North,2023/2024,KHYBER PASS ROAD OFF RAMP,SOUTHERN MOTORWAY,,Non-Injury Crash,No,2023,,North,,0,,Flat,,,,,,Bright sun,542700,0,0,0,1,,,0,,,,,,Auckland Region,Motorway ramp,1-way,Sealed,,0,0,,50,,None,0,0,,76,Auckland,Nil,,,,,0,0,Urban,0,,,Fine,Null
1771291.4753,5895818.2045,761596,,521201,0,0,0,0,0,Null,2023/2024,PAPAKURA ON RAMP,SOUTHERN MOTORWAY,,Non-Injury Crash,No,2023,0,North,0,0,0,Flat,1,,0,,0,Bright sun,806604,0,0,0,3,0,0,0,0,0,,0,0,Auckland Region,Motorway ramp,1-way,Sealed,0,0,0,0,100,0,Off,0,0,,76,Auckland,Nil,0,0,0,0,1,0,Open,0,0,0,Fine,Null
1760346.993,5915308.0107,761611,,520202,0,,0,2,,Null,2022/2023,GREAT SOUTH ROAD,MAIN HIGHWAY,,Minor Crash,No,2023,,South,,0,,Flat,,,,,,Twilight,613200,2,0,0,4,,,0,,,,,,Auckland Region,Nil,2-way,Sealed,,0,0,,50,,Off,0,0,,76,Auckland,Traffic Signals,,,,,0,0,Urban,0,,,Light rain,Null
1760019.4291,5908279.9449,761644,,524121,0,,0,2,,North,2023/2024,SOUTH-WESTERN MOTORWAY,HALL FTBR,,Non-Injury Crash,Yes,2023,,North,,0,,Flat,,,,,,Bright sun,737000,0,0,0,3,,,0,,,,,,Auckland Region,Nil,1-way,Sealed,,0,0,,100,,Off,0,1,,76,Auckland,Nil,,,,,0,0,Open,0,,,Fine,Null
1749948.5449,5915047.8395,761677,,514802,0,0,0,1,0,North,2022/2023,ASH STREET,ASH ST ACCESS,,Minor Crash,No,2023,0,South,0,0,0,Flat,0,,0,,0,Dark,387004,1,0,0,4,0,0,0,0,0,,0,0,Auckland Region,Nil,2-way,Sealed,0,0,0,0,50,0,On,0,0,,76,Auckland,Nil,0,0,0,1,0,0,Urban,0,0,0,Fine,Null
1761156.1157,5915108.4543,761700,,520201,0,,0,1,,Null,2023/2024,ROBERT STREET,MAIN HIGHWAY,,Non-Injury Crash,No,2023,,South,,0,,Hill Road,,,,,,Overcast,613500,0,0,0,2,,,0,,,,,,Auckland Region,Nil,2-way,Sealed,,0,0,,50,,Off,1,0,,76,Auckland,Give way,,,,,0,0,Urban,0,,,Light rain,Null
1754936.9775,5879372.6989,761716,,521152,0,0,0,2,0,North,2023/2024,GLENBROOK-WAIUKU ROAD,WAITANGI FALLS ROAD,,Non-Injury Crash,No,2023,0,North,0,0,0,Flat,0,,0,,0,Overcast,834300,0,0,0,2,0,0,0,0,0,,0,0,Auckland Region,Overpass,2-way,Sealed,0,0,0,0,80,0,None,0,0,,76,Auckland,Nil,0,0,0,1,0,0,Open,0,0,0,Light rain,Null
1757617.4326,5918357.4458,761724,,518101,0,0,0,1,0,North,2023/2024,SOUTHERN MOTORWAY,KHYBER PASS ROAD OFF RAMP,,Non-Injury Crash,Yes,2023,0,North,0,0,0,Flat,1,,0,,0,Dark,542700,0,0,0,3,0,0,0,0,0,,0,0,Auckland Region,Nil,1-way,Sealed,0,0,0,0,80,0,On,0,0,,76,Auckland,Nil,0,0,0,0,0,0,Open,0,0,0,Mist or Fog,Null
1749470.2174,5911493.1642,761756,,512100,0,0,0,2,0,East,2023/2024,GODLEY ROAD,HAVA PLACE,,Non-Injury Crash,No,2023,0,East,0,0,0,Flat,0,,0,,0,Bright sun,290100,0,0,0,2,0,0,0,0,0,,0,1,Auckland Region,Speed hump,2-way,Sealed,0,0,0,0,50,0,Off,0,0,,76,Auckland,Nil,0,0,0,0,0,0,Urban,0,0,0,Fine,Null
1764306.9946,5911604.343,761796,,520500,0,0,0,2,0,Null,2023/2024,PANAMA ROAD,RYBURN ROAD,,Minor Crash,No,2023,0,East,0,0,0,Flat,0,,0,,0,Bright sun,636000,1,0,0,2,0,0,0,0,1,,0,0,Auckland Region,Nil,2-way,Sealed,0,0,0,0,50,0,Off,0,0,,76,Auckland,Give way,0,0,0,0,0,0,Urban,0,0,0,Fine,Null
1759017.9725,5906810.9448,761797,,524200,0,,0,2,,Null,2022/2023,KIRKBRIDE ROAD,VISCOUNT STREET,,Non-Injury Crash,No,2023,,South,,0,,Flat,,,,,,Bright sun,726300,0,0,0,2,,,0,,,,,,Auckland Region,Nil,2-way,Sealed,,0,0,,60,,Off,0,0,,76,Auckland,Stop,,,,,0,0,Urban,0,,,Fine,Null
1754714.9207,5915724.7455,761820,,517703,0,,0,2,,Null,2023/2024,SANDRINGHAM ROAD,CALGARY STREET,,Non-Injury Crash,No,2023,,North,,0,,Flat,,,,,,Overcast,538300,0,0,0,2,,,0,,,,,,Auckland Region,Nil,2-way,Sealed,,0,0,,50,,Off,0,0,,76,Auckland,Stop,,,,,0,0,Urban,0,,,Fine,Null
1762161.2485,5913684.3419,761829,,520500,0,,0,2,,North,2023/2024,SOUTHERN MOTORWAY,PENROSE OBR,,Minor Crash,Yes,2023,,North,,0,,Flat,,,,,,Bright sun,637000,1,0,0,3,,,0,,,,,,Auckland Region,Nil,1-way,Sealed,,0,0,,100,,Null,0,0,,76,Auckland,Nil,,,,,0,0,Open,1,,,Fine,Null
1757218.0942,5918978.3576,761836,,514301,0,,1,3,,North,2023/2024,SOUTHERN MOTORWAY,GRAFTON OBR,,Non-Injury Crash,Yes,2023,,North,,0,,Flat,,,,,,Bright sun,441200,0,0,0,3,,,0,,,,,,Auckland Region,Nil,1-way,Sealed,,0,0,,80,,Off,1,0,,76,Auckland,Nil,,,,,0,0,Open,0,,,Fine,Null
1762145.4257,5913741.6176,761852,,520401,0,,0,1,,North,2022/2023,SOUTHERN MOTORWAY,PENROSE OBR,,Non-Injury Crash,Yes,2023,,South,,0,,Flat,,,,,,Overcast,644300,0,0,0,3,,,0,,,,,,Auckland Region,Nil,1-way,Sealed,,0,0,,100,,Off,1,0,,76,Auckland,Nil,,,,,0,0,Open,0,,,Light rain,Null
1769891.9428,5900943.0176,761860,,524902,0,,0,1,,South,2023/2024,SOUTHERN MOTORWAY,ALFRISTON OBR,,Non-Injury Crash,Yes,2023,,North,,0,,Flat,,,,,,Bright sun,757700,0,0,0,3,,,0,,,,,,Auckland Region,Nil,1-way,Sealed,,0,0,,100,,Off,0,0,,76,Auckland,Nil,,,,,0,1,Open,0,,,Fine,Null
1772151.317,5893839.5999,761869,,521201,0,,0,3,,South,2023/2024,SOUTHERN MOTORWAY,PARK ESTATE OBR,,Minor Crash,Yes,2023,,North,,0,,Flat,,Labour Weekend,,,,Bright sun,806800,4,0,0,2,,,0,,,,,,Auckland Region,Nil,1-way,Sealed,,0,0,,100,,Off,1,0,80,76,Auckland,Nil,,,,,0,0,Open,1,,,Fine,Null
1769466.0778,5904655.3944,761884,,523820,0,,0,1,,Null,2023/2024,REDOUBT ROAD,ALEXIA PLACE,,Non-Injury Crash,No,2024,,East,,0,,Hill Road,,,,,,Bright sun,760000,0,0,0,2,,,0,,,,,,Auckland Region,Nil,2-way,Sealed,,0,0,,50,,None,0,0,,76,Auckland,Give way,,,,,1,0,Urban,0,,,Fine,Null
1749022.3176,5913432.4263,761893,,511401,0,0,0,2,0,North,2022/2023,TITIRANGI ROAD,SKILGATE AVENUE,,Non-Injury Crash,No,2023,0,South,0,0,0,Flat,0,,0,,0,Bright sun,263700,0,0,0,2,0,0,0,0,1,,0,1,Auckland Region,Nil,2-way,Sealed,0,0,0,0,50,0,Off,0,0,,76,Auckland,Nil,0,0,0,0,0,0,Urban,0,0,0,Fine,Null
1765414.2122,5905611.0594,761901,,522202,0,0,0,2,0,North,2022/2023,LANDSCAPE ROAD,FAIRVIEW ROAD,,Non-Injury Crash,No,2023,0,South,0,0,0,Flat,0,,0,,0,Overcast,665000,0,0,0,2,0,0,0,0,1,,0,0,Auckland Region,Nil,2-way,Sealed,0,0,0,0,50,0,Off,0,0,,76,Auckland,Nil,0,0,0,0,0,0,Urban,0,0,0,Fine,Null
1763055.912,5905301.9758,761908,,524200,0,0,0,1,0,South,2022/2023,SOUTH-WESTERN MOTORWAY,PORTAGE OBR,,Non-Injury Crash,Yes,2023,0,North,0,0,0,Flat,1,Easter,0,,0,Dark,728900,0,0,0,2,0,0,0,1,0,,0,0,Auckland Region,Nil,1-way,Sealed,0,0,0,0,100,0,On,0,0,,76,Auckland,Nil,0,0,0,0,0,0,Open,0,0,0,Fine,Null
1770097.576,5914676.5972,761917,,522712,0,,0,1,,Null,2023/2024,PAKURANGA ROAD,ABERFELDY AVENUE,,Serious Crash,No,2024,,East,,0,,Flat,,,,,,Bright sun,644800,0,0,0,4,,,0,,,1,,,Auckland Region,Nil,2-way,Sealed,,0,1,,50,,Off,0,0,,76,Auckland,Give way,,,,,0,0,Urban,0,,,Fine,Null
1756559.3203,5924701.8711,761924,,509702,0,,0,3,,Null,2022/2023,NORTHERN MOTORWAY,ONEWA ROAD OFF RAMP,,Non-Injury Crash,Yes,2023,,South,,0,,Flat,,,,,,Bright sun,366700,0,0,0,3,,,0,,,,,,Auckland Region,Nil,1-way,Sealed,,0,0,,100,,Off,0,0,,76,Auckland,Nil,,,,,0,0,Open,1,,,Fine,Null
1759951.0294,5903677.4034,761948,45,524200,0,,0,2,,East,2023/2024,TOM PEARCE DRIVE,UENUKU WAY,,Non-Injury Crash,No,2024,,West,,0,,Flat,,,,,,Overcast,727200,0,0,0,2,,,0,,,,,,Auckland Region,Nil,2-way,Sealed,,0,0,,50,,Off,0,0,,76,Auckland,Nil,,,,,0,0,Urban,0,,,Fine,None
1757388.3011,5919803.4874,761956,,514103,0,,0,1,,North,2022/2023,WAKEFIELD STREET,MOUNT STREET,,Non-Injury Crash,No,2023,,North,,0,,Hill Road,,,,,,Dark,436803,0,0,0,2,,,0,,,1,,,Auckland Region,Nil,2-way,Sealed,,0,0,,30,,On,0,0,,76,Auckland,Nil,,,,,0,0,Urban,0,,,Fine,Null
1766314.1935,5901108.0146,761964,,524711,0,0,0,2,0,South,2022/2023,ARNWOOD STREET,BURBANK AVENUE,,Non-Injury Crash,No,2023,0,South,0,0,0,Flat,0,,0,,0,Overcast,774801,0,0,0,2,0,0,0,0,1,,0,0,Auckland Region,Nil,2-way,Sealed,0,0,0,0,50,0,Off,0,0,,76,Auckland,Nil,0,0,0,0,0,0,Urban,0,0,0,Fine,Null
1761076.7554,5909258.3816,761981,,524404,0,,0,2,,Null,2022/2023,FAVONA ROAD,HARANIA AVENUE,,Non-Injury Crash,No,2023,,West,,0,,Flat,,,,,,Bright sun,730301,0,0,0,2,,,0,,,,,,Auckland Region,Nil,2-way,Sealed,,0,0,,50,,None,0,0,,76,Auckland,Give way,,,,,0,0,Urban,0,,,Fine,Null