X,Y,OBJECTID,advisorySpeed,areaUnitID,bicycle,bridge,bus,carStationWagon,cliffBank,crashDirectionDescription,crashFinancialYear,crashLocation1,crashLocation2,crashRoadSideRoad,crashSeverity,crashSHDescription,crashYear,debris,directionRoleDescription,ditch,fatalCount,fence,flatHill,guardRail,holiday,houseOrBuilding,intersection,kerb,light,meshblockId,minorInjuryCount,moped,motorcycle,NumberOfLanes,objectThrownOrDropped,otherObject,otherVehicleType,overBank,parkedVehicle,pedestrian,phoneBoxEtc,postOrPole,region,roadCharacter,roadLane,roadSurface,roadworks,schoolBus,seriousInjuryCount,slipOrFlood,speedLimit,strayAnimal,streetLight,suv,taxi,temporarySpeedLimit,tlaId,tlaName,trafficControl,trafficIsland,trafficSign,train,tree,truck,unknownVehicleType,urban,vanOrUtility,vehicle,waterRiver,weatherA,weatherB
1765620.817,5903737.79,761987,,524604,0,,0,2,,East,2022/2023,SOUTH-WESTERN MOTORWAY,CAVENDISH DRIVE OFF RAMP,,Non-Injury Crash,Yes,2023,,West,,0,,Flat,,,,,,Bright sun,780208,0,0,0,2,,,0,,,,,,Auckland Region,Bridge,1-way,Sealed,,0,0,,100,,Off,0,0,,76,Auckland,Nil,,,,,0,0,Open,0,,,Fine,Null
1758515.0505,5917617.4778,761989,,516001,0,,0,1,,East,2022/2023,SOUTHERN MOTORWAY,NEWMARKET VDT,,Minor Crash,Yes,2023,,South,,0,,Flat,,,,,,Bright sun,490701,1,0,0,3,,,0,,,,,,Auckland Region,Nil,1-way,Sealed,,0,0,,80,,Off,1,0,,76,Auckland,Nil,,,,,0,0,Open,0,,,Fine,Null
1759935.1789,5916084.0511,761995,,516002,0,0,0,4,0,South,2022/2023,SOUTHERN MOTORWAY,GREEN LANE EAST OFF RAMP,,Serious Crash,Yes,2023,0,East,0,0,0,Flat,1,,0,,0,Bright sun,492100,1,0,1,4,0,0,0,0,0,,0,0,Auckland Region,Nil,1-way,Sealed,0,0,1,0,100,0,None,0,0,,76,Auckland,Nil,0,0,0,0,0,0,Open,0,0,0,Fine,Null
1757264.7777,5912450.5949,761996,,518702,0,,0,2,,South,2023/2024,SOUTH-WESTERN MOTORWAY,HILLSBOROUGH ROAD ON RAMP,,Non-Injury Crash,Yes,2024,,South,,0,,Hill Road,,,,,,Dark,570300,0,0,0,3,,,0,,,,,,Auckland Region,Nil,1-way,Sealed,,0,0,,100,,On,0,0,,76,Auckland,Nil,,,,,0,0,Open,0,,,Fine,Null
1766142.1756,5915713.0828,762021,,517100,0,,0,2,,South,2023/2024,TRIPOLI ROAD,TANGAROA STREET,,Minor Crash,No,2023,,South,,0,,Hill Road,,Labour Weekend,,,,Dark,480002,2,0,0,2,,,0,,,,,,Auckland Region,Nil,2-way,Sealed,,0,0,,50,,On,0,1,,76,Auckland,Nil,,,,,0,0,Urban,0,,,Fine,Null
1773438.5029,5891851.4584,762036,,521301,0,,0,1,,Null,2023/2024,GREAT SOUTH ROAD,WAIHOEHOE ROAD,,Minor Crash,No,2023,,North,,0,,Flat,,,,,,Overcast,808701,1,0,0,2,,,0,,,,,,Auckland Region,Nil,2-way,Sealed,,0,0,,50,,Off,0,0,,76,Auckland,Give way,,,,,0,1,Urban,0,,,Fine,Frost
1757821.42,5919826.1891,762043,,514301,0,0,0,1,0,West,2022/2023,GRAFTON ROAD ON RAMP,GRAFTON ROAD,,Non-Injury Crash,No,2023,0,West,0,0,0,Hill Road,1,,0,,0,Dark,440400,0,0,0,1,0,0,0,0,0,,0,0,Auckland Region,Nil,1-way,Sealed,0,0,0,0,80,0,On,0,0,,76,Auckland,Nil,0,0,0,0,0,0,Open,0,0,0,Light rain,Null
1784007.7585,5925187.0033,762044,,520801,0,0,0,1,0,East,2023/2024,ONETANGI ROAD,O'BRIEN ROAD,,Minor Crash,No,2024,0,West,0,0,0,Flat,0,,0,,0,Dark,515402,1,0,0,2,0,0,0,1,0,,0,0,Auckland Region,Nil,2-way,Sealed,0,0,0,0,60,0,None,0,0,,76,Auckland,Nil,0,0,0,0,0,0,Urban,0,0,0,Light rain,Null
1758363.095,5926554.8392,762052,,508020,0,,0,0,,West,2023/2024,ESMONDE ROAD,LAKE ROAD,,Non-Injury Crash,No,2023,,East,,0,,Flat,,,,,,Bright sun,325402,0,0,0,4,,,0,,,,,,Auckland Region,Nil,2-way,Sealed,,0,0,,50,,Off,1,0,,76,Auckland,Nil,,,,,0,0,Urban,0,,,Fine,Null
1756005.3945,5918224.408,762067,,517500,0,,0,1,,Null,2022/2023,NEW NORTH ROAD,GEORGE STREET,,Non-Injury Crash,No,2023,,East,,0,,Hill Road,,,,,,Overcast,529500,0,0,0,4,,,0,,,,,,Auckland Region,Nil,2-way,Unsealed,,0,0,,50,,Off,0,0,,76,Auckland,Nil,,,,,0,0,Urban,1,,,Light rain,Null
1760406.4982,5906283.5358,762083,,524111,0,0,0,1,0,North,2022/2023,PERSHORE PLACE,MASSEY ROAD,,Non-Injury Crash,No,2023,0,North,0,0,0,Hill Road,0,,0,,0,Bright sun,741202,0,0,0,2,0,0,0,0,0,,0,1,Auckland Region,Nil,2-way,Sealed,0,0,0,0,50,0,Off,0,0,,76,Auckland,Nil,0,0,0,0,0,0,Urban,0,0,0,Fine,Null
1756112.3531,5923802.5436,762101,,509800,0,,0,2,,South,2022/2023,NORTHERN MOTORWAY,NORTHERN BUSWAY,,Non-Injury Crash,Yes,2023,,South,,0,,Flat,,,,,,Overcast,358800,0,0,0,5,,,0,,,,,,Auckland Region,Nil,1-way,Sealed,,0,0,,80,,Off,0,0,,76,Auckland,Nil,,,,,0,0,Open,0,,,Fine,Null
1759251.9179,5911763.1414,762116,,519820,0,,0,0,,Null,2024/2025,NEILSON STREET,GALWAY STREET,,Non-Injury Crash,No,2024,,West,,0,,Flat,,,,,,Bright sun,602503,0,0,0,2,,,0,,,,,,Auckland Region,Nil,1-way,Sealed,,0,0,,50,,Off,0,0,,76,Auckland,Give way,,,,,1,0,Urban,1,,,Fine,Frost
1746072.2636,5917880.3472,762117,,512500,0,0,0,0,0,North,2022/2023,EDMONTON ROAD,MATUHI RISE,,Non-Injury Crash,No,2023,0,South,0,0,1,Hill Road,0,,0,,0,Bright sun,257201,0,0,0,1,0,0,0,0,0,,0,0,Auckland Region,Nil,2-way,Sealed,0,0,0,0,50,0,Off,0,0,,76,Auckland,Nil,0,0,0,0,0,0,Urban,1,0,0,Fine,Null
1756406.707,5918701.7488,762125,,515600,0,0,0,1,0,South,2023/2024,IAN MCKINNON DRIVE,DEVON STREET,,Minor Crash,No,2023,0,North,0,0,0,Flat,1,,0,,0,Dark,420100,1,0,0,4,0,0,0,0,0,,0,0,Auckland Region,Nil,2-way,Sealed,0,0,0,0,50,0,On,0,0,,76,Auckland,Nil,0,0,0,0,0,0,Urban,0,0,0,Light rain,Null
1757261.3369,5918946.2889,762141,,514301,0,,0,2,,South,2022/2023,SOUTHERN MOTORWAY,Grafton road bridge,,Non-Injury Crash,Yes,2023,,South,,0,,Flat,,,,,,Bright sun,441300,0,0,0,4,,,0,,,,,,Auckland Region,Nil,1-way,Sealed,,0,0,,80,,Off,0,0,,76,Auckland,Nil,,,,,0,0,Open,0,,,Fine,Null
1733534.7899,5929935.987,762157,,505601,0,,0,1,,Null,2022/2023,SH 16,FACTORY ROAD,,Non-Injury Crash,Yes,2023,,West,,0,,Flat,,,,,,Dark,216103,0,0,0,2,,,0,,,,,,Auckland Region,Nil,2-way,Sealed,,0,0,,60,,On,0,0,,76,Auckland,Nil,,,,,0,1,Urban,0,,,Fine,Null
1774984.3153,5889167.0507,762165,,521301,0,0,0,1,0,Null,2022/2023,MAKETU ROAD,ROSS STEVENSON ROAD,,Non-Injury Crash,No,2023,0,North,0,0,0,Flat,0,,0,,0,Bright sun,809103,0,0,0,4,0,0,0,0,0,,0,0,Auckland Region,Nil,2-way,Sealed,0,0,0,0,50,0,Off,0,0,,76,Auckland,Traffic Signals,1,0,0,0,0,0,Urban,0,0,0,Fine,Null
1766397.862,5900899.3715,762180,,524711,0,0,0,1,0,North,2023/2024,WENLOCK PLACE,WORDSWORTH ROAD,,Minor Crash,No,2023,0,North,0,0,1,Flat,0,,0,,0,Overcast,774702,1,0,0,2,0,0,1,0,0,,0,0,Auckland Region,Nil,2-way,Sealed,0,0,0,0,50,0,Off,0,0,,76,Auckland,Nil,0,0,0,0,0,0,Urban,0,0,0,Fine,Null
1766749.2827,5908916.0379,762205,,523501,0,,0,2,,Null,2023/2024,OTARA ROAD,ALEXANDER CRESCENT,,Non-Injury Crash,No,2023,,North,,0,,Flat,,,,,,Dark,700300,0,0,0,2,,,0,,,,,,Auckland Region,Nil,2-way,Sealed,,0,0,,50,,On,0,0,40,76,Auckland,Stop,,,,,0,0,Urban,0,,,Fine,Null
1764095.1654,5914254.9779,762212,,520303,0,0,0,1,0,Null,2023/2024,MOUNT WELLINGTON HIGHWAY,TE HORETA ROAD,,Non-Injury Crash,No,2024,0,North,0,0,1,Flat,0,,0,,0,Dark,627600,0,0,0,4,0,0,0,0,0,,0,0,Auckland Region,Nil,2-way,Sealed,0,0,0,0,50,0,On,1,0,,76,Auckland,Nil,0,0,0,0,0,0,Urban,0,0,0,Fine,Null
1742099.5157,5916615.0908,762213,55,513020,0,,0,1,,South,2024/2025,CANDIA ROAD,SIMPSON ROAD,,Minor Crash,No,2024,,North,,0,,Flat,,,,,,Dark,279800,1,0,0,2,,,0,,,,,,Auckland Region,Nil,2-way,Sealed,,0,0,,60,,Off,0,0,,76,Auckland,Nil,,,,,0,0,Urban,1,,,Fine,Null
1771283.5209,5906821.8801,762220,,523713,0,,0,0,,Null,2024/2025,MURPHYS ROAD,GERANIUM AVENUE,,Minor Crash,No,2024,,North,,0,,Flat,,,,,,Dark,713100,1,0,0,2,,,0,,,2,,,Auckland Region,Nil,1-way,Sealed,,0,0,,50,,On,1,0,,76,Auckland,Traffic Signals,,,,,0,0,Urban,0,,,Fine,Null
1766334.4447,5915467.8432,762236,,520601,0,0,0,1,0,South,2024/2025,DUNKIRK ROAD,TOBRUK ROAD,,Minor Crash,No,2024,0,South,0,0,0,Flat,0,,0,,0,Twilight,633300,3,0,0,2,0,0,0,0,0,,1,0,Auckland Region,Nil,2-way,Sealed,0,0,0,0,50,0,Off,0,0,,76,Auckland,Nil,0,0,0,0,0,0,Urban,0,0,0,Fine,Null
1758384.4559,5917760.9631,762243,,515700,0,,0,1,,North,2023/2024,BROADWAY,CLOVERNOOK ROAD,,Serious Crash,No,2023,,South,,0,,Flat,,,,,,Twilight,443300,0,0,1,4,,,0,,,,,,Auckland Region,Nil,2-way,Sealed,,0,1,,50,,On,0,0,,76,Auckland,Nil,,,,,0,0,Urban,0,,,Fine,Null
1755828.9363,5935731.9459,762244,,507101,0,,0,1,,Null,2023/2024,BEACH ROAD,CARLISLE ROAD,,Non-Injury Crash,No,2024,,North,,0,,Hill Road,,,,,,Bright sun,162100,0,0,0,2,,,0,,,1,,,Auckland Region,Nil,2-way,Sealed,,0,0,,50,,Off,0,0,,76,Auckland,Traffic Signals,,,,,0,0,Urban,0,,,Fine,Null
1755534.3028,5921420.9129,762251,,515202,0,0,0,1,0,South,2022/2023,NORTHERN MOTORWAY,SHELLY BEACH OBR,,Minor Crash,Yes,2023,0,North,0,0,0,Flat,1,,0,,0,Dark,425600,1,0,0,4,0,0,0,0,0,,0,0,Auckland Region,Nil,1-way,Sealed,0,0,0,0,80,0,On,0,0,,76,Auckland,Nil,0,0,0,0,0,0,Open,0,0,0,Light rain,Null
1746998.2981,5919126.8497,762252,,512402,0,,0,2,,Null,2024/2025,TE ATATU ROAD,JAEMONT AVENUE,,Minor Crash,No,2025,,South,,0,,Flat,,,,,,Bright sun,254400,2,0,0,4,,,0,,,,,,Auckland Region,Nil,2-way,Sealed,,0,0,,50,,Off,0,0,,76,Auckland,Traffic Signals,,,,,0,0,Urban,0,,,Fine,Null
1748985.5986,5934038.7232,762268,,506653,0,0,0,1,0,South,2023/2024,RIDGE ROAD,MAHOENUI VALLEY ROAD,,Non-Injury Crash,No,2024,0,South,0,0,0,Hill Road,0,,0,,0,Dark,217400,0,0,0,2,0,0,0,0,0,,0,0,Auckland Region,Nil,2-way,Sealed,0,0,0,0,60,0,None,0,0,,76,Auckland,Nil,0,0,0,0,0,0,Urban,0,0,0,Fine,Null
1757312.5872,5926814.3642,762269,,507900,0,0,0,1,0,South,2023/2024,FRED THOMAS DRIVE,ASDA PLACE,,Minor Crash,No,2024,0,North,1,0,0,Hill Road,0,Easter,0,,0,Overcast,304000,1,0,0,2,0,0,0,0,0,,0,0,Auckland Region,Nil,2-way,Sealed,0,0,0,0,50,0,On,0,0,,76,Auckland,Nil,0,0,0,1,0,0,Urban,0,0,0,Fine,Null
1759754.5928,5903231.4451,762301,,524200,0,,0,1,,South,2024/2025,GEOFFREY ROBERTS ROAD,LAURENCE STEVENS DRIVE,,Minor Crash,No,2024,,North,,0,,Flat,,,,,,Bright sun,727200,1,0,0,2,,,0,,,1,,,Auckland Region,Nil,2-way,Sealed,,0,0,,50,,Off,0,1,,76,Auckland,Nil,,,,,0,0,Urban,0,,,Fine,Null
1751677.8565,5947731.1299,762308,,505808,0,0,0,3,0,South,2023/2024,RED BEACH ROAD,FAIRWAY AVENUE,,Non-Injury Crash,No,2024,0,South,0,0,0,Hill Road,0,,0,,0,Dark,172903,0,0,0,2,0,0,0,0,2,,0,0,Auckland Region,Nil,2-way,Sealed,0,0,0,0,50,0,On,0,0,,76,Auckland,Nil,0,0,0,0,0,0,Urban,0,0,0,Light rain,Null
1768052.4816,5903873.1177,762309,,524602,0,0,0,1,0,East,2023/2024,AIRPORT OFF RAMP,GREAT SOUTH OBR,,Non-Injury Crash,Yes,2023,0,North,0,0,0,Flat,1,,0,,0,Overcast,780506,0,0,0,2,0,0,0,0,0,,0,0,Auckland Region,Nil,1-way,Sealed,0,0,0,0,100,0,Off,0,0,,76,Auckland,Nil,0,0,0,0,0,0,Open,0,0,0,Light rain,Null
1745603.0063,5916448.7966,762316,,510800,0,,0,0,,Null,2024/2025,VITASOVICH AVENUE,VIEW ROAD,,Minor Crash,No,2025,,South,,0,,Flat,,,,,,Overcast,243300,2,0,0,2,,,0,,,,,,Auckland Region,Nil,2-way,Sealed,,0,0,,50,,Off,2,0,,76,Auckland,Traffic Signals,,,,,0,0,Urban,0,,,Light rain,Null
1770463.8302,5904574.8831,762324,,523820,0,,0,1,,Null,2023/2024,REDOUBT ROAD,MURPHYS ROAD,,Non-Injury Crash,No,2024,,East,,0,,Flat,,,,,,Dark,760000,0,0,0,2,,,0,,,,,,Auckland Region,Nil,2-way,Sealed,,0,0,,60,,On,1,0,,76,Auckland,Stop,,,,,0,0,Urban,0,,,Fine,Null
1769272.4281,5911485.7781,762325,,523107,0,,0,1,,West,2023/2024,TI RAKAU DRIVE,BURSWOOD DRIVE,,Non-Injury Crash,No,2023,,East,,0,,Flat,,,,,,Overcast,711702,0,0,0,3,,,0,,,,,,Auckland Region,Nil,1-way,Sealed,,0,0,,60,,Off,0,0,,76,Auckland,Nil,,,,,1,0,Urban,0,,,Light rain,Null
1769179.096,5914534.1852,762357,,522721,0,,0,1,,North,2023/2024,FORTUNES ROAD,PAKURANGA ROAD,,Minor Crash,No,2024,,South,,0,,Flat,,,,,,Bright sun,680727,1,0,0,2,,,0,,,1,,,Auckland Region,Nil,2-way,Sealed,,0,0,,50,,Off,0,0,,76,Auckland,Nil,,,,,0,0,Urban,0,,,Fine,Null
1763247.2025,5919872.5632,762364,,516500,0,0,0,2,0,North,2022/2023,PATTESON AVENUE,CODRINGTON CRESCENT,,Non-Injury Crash,No,2023,0,South,0,0,0,Hill Road,0,,0,,0,Dark,502300,0,0,0,2,0,0,0,0,1,,0,0,Auckland Region,Nil,2-way,Sealed,0,0,0,0,50,0,On,0,0,,76,Auckland,Nil,0,0,0,0,0,0,Urban,0,0,0,Fine,Null
1750350.874,5914405.1625,762373,,511303,0,,0,1,,Null,2023/2024,GREAT NORTH ROAD,CRUM AVENUE,,Minor Crash,No,2024,,South,,0,,Flat,,,,,,Bright sun,265700,1,0,0,5,,,0,,,1,,,Auckland Region,Nil,2-way,Sealed,,0,0,,50,,Off,0,0,,76,Auckland,Nil,,,,,0,0,Urban,0,,,Fine,Null
1764366.4375,5910108.9016,762381,,521801,0,0,0,3,0,South,2023/2024,CHURCH STREET,PRINCES STREET,,Non-Injury Crash,No,2023,0,South,0,0,0,Flat,0,,0,,0,Overcast,787400,0,0,0,2,0,0,0,0,0,,0,1,Auckland Region,Nil,2-way,Sealed,0,0,0,0,50,0,Off,0,1,,76,Auckland,Nil,0,1,0,0,0,0,Urban,1,0,0,Fine,Null
1756564.8053,5919940.8201,762405,,514000,0,0,0,1,0,South,2023/2024,NORTHERN MOTORWAY,WELLINGTON OBR,,Non-Injury Crash,Yes,2023,0,South,0,0,0,Flat,1,,0,,0,Dark,413200,0,0,0,2,0,0,0,0,0,,0,0,Auckland Region,Nil,1-way,Sealed,0,0,0,0,80,0,On,0,0,,76,Auckland,Nil,0,0,0,0,0,0,Open,0,0,0,Fine,Null
1761236.0457,5914585.9532,762420,,520202,0,,0,1,,North,2022/2023,SOUTHERN MOTORWAY,ELLERSLIE-PANMURE HWY ON RAMP,,Non-Injury Crash,Yes,2023,,North,,0,,Flat,,,,,,Bright sun,612100,0,0,0,4,,,0,,,,,,Auckland Region,Motorway ramp,1-way,Sealed,,0,0,,100,,Off,0,0,,76,Auckland,Nil,,,,,0,0,Open,1,,,Fine,Null
1754072.6523,5918280.7008,762421,,515432,0,,0,2,,West,2022/2023,NORTH-WESTERN MOTORWAY,ST LUKES ROAD OFF RAMP,,Non-Injury Crash,Yes,2023,,West,,0,,Flat,,,,,,Twilight,405400,0,0,0,4,,,0,,,,,,Auckland Region,Motorway ramp,1-way,Sealed,,0,0,,100,,On,0,0,,76,Auckland,Nil,,,,,0,0,Open,0,,,Light rain,Null
1765395.6012,5904829.4081,762428,,524603,0,,0,2,,East,2022/2023,PUHINUI ROAD,WALLACE ROAD,,Minor Crash,No,2023,,East,,0,,Flat,,,,,,Twilight,673500,1,0,0,2,,,0,,,,,,Auckland Region,Nil,2-way,Sealed,,0,0,,50,,Off,0,0,,76,Auckland,Nil,,,,,0,0,Urban,0,,,Fine,Null
1760421.097,5915713.9448,762429,,516003,0,,0,0,,South,2022/2023,SOUTHERN MOTORWAY,GREEN LANE EAST ON RAMP,,Non-Injury Crash,Yes,2023,,South,,0,,Flat,,,,,,Bright sun,494902,0,0,0,3,,,0,,,,,,Auckland Region,Nil,1-way,Sealed,,0,0,,100,,Off,0,0,,76,Auckland,Nil,,,,,0,0,Open,2,,,Fine,Null
1753812.7239,5930222.7827,762445,,508420,0,,0,2,,Null,2023/2024,CARIBBEAN DRIVE,SUNSET ROAD,,Serious Crash,No,2024,,East,,0,,Flat,,,,,,Bright sun,182001,0,0,0,2,,,0,,,,,,Auckland Region,Nil,2-way,Sealed,,0,1,,50,,Off,0,0,,76,Auckland,Give way,,,,,0,0,Urban,0,,,Fine,Null
1774017.319,5897536.402,762484,,525630,0,,0,2,,Null,2023/2024,OLD WAIROA ROAD,COSGRAVE ROAD,,Non-Injury Crash,No,2023,,East,,0,,Flat,,,,,,Dark,795802,0,0,0,2,,,0,,,,,,Auckland Region,Nil,2-way,Sealed,,0,0,,50,,On,0,0,,76,Auckland,Stop,,,,,0,0,Urban,0,,,Light rain,Null
1761420.4495,5912438.6145,762508,,519500,0,0,0,0,0,West,2022/2023,CHURCH STREET,NEILSON STREET,,Non-Injury Crash,No,2023,0,East,0,0,0,Flat,0,,0,,0,Bright sun,622300,0,0,0,2,0,0,1,0,0,,0,1,Auckland Region,Nil,2-way,Sealed,0,0,0,0,50,0,Off,0,0,,76,Auckland,Nil,0,0,0,0,0,0,Urban,1,0,0,Fine,Null
1767003.2991,5913104.3538,762517,,522910,0,,0,1,,East,2024/2025,REEVES ROAD,WILLIAM ROBERTS ROAD,,Minor Crash,No,2024,,West,,0,,Hill Road,,,,,,Overcast,685100,2,0,0,2,,,0,,,,,,Auckland Region,Nil,2-way,Sealed,,0,0,,50,,Off,1,0,,76,Auckland,Nil,,,,,0,0,Urban,0,,,Fine,Null
1765294.2295,5879412.1917,762548,,521112,0,,0,0,,Null,2023/2024,PATUMAHOE ROAD,ROGERS ROAD,,Serious Crash,No,2024,,South,,0,,Flat,,,,,,Bright sun,825800,0,0,1,2,,,0,,,,,,Auckland Region,Nil,2-way,Sealed,,0,1,,80,,Off,0,0,,76,Auckland,Nil,,,,,0,0,Open,1,,,Fine,Null
1755383.0207,5921979.1607,762581,,515202,0,,0,3,,North,2024/2025,NORTHERN MOTORWAY,HARBOUR BR S,,Minor Crash,Yes,2024,,North,,0,,Hill Road,,,,,,Dark,423600,1,0,0,2,,,0,,,,,,Auckland Region,Bridge,1-way,Sealed,,0,0,,80,,On,0,0,,76,Auckland,Nil,,,,,0,0,Open,0,,,Fine,Null
1736806.4841,5982029.6417,762588,,505300,0,0,0,1,0,South,2023/2024,RODNEY STREET,PORT ALBERT ROAD,,Minor Crash,Yes,2023,0,North,0,0,0,Flat,0,,0,,0,Overcast,143300,1,0,0,2,0,0,0,0,2,,0,0,Auckland Region,Nil,2-way,Sealed,0,0,0,0,50,0,Off,1,0,,76,Auckland,Nil,0,0,0,0,0,0,Urban,1,0,0,Fine,Null
1747747.8893,5966479.3506,762589,,506613,0,,0,2,,Null,2023/2024,SH 1,PERRY ROAD,,Non-Injury Crash,No,2023,,South,,0,,Hill Road,,,,,,Overcast,146104,0,0,0,2,,,0,,,,,,Auckland Region,Nil,2-way,Sealed,,0,0,,80,,Off,0,1,,76,Auckland,Give way,,,,,0,0,Open,0,,,Fine,Null
1764948.4314,5910665.1253,762596,,521801,0,,0,1,,Null,2023/2024,SOUTHERN MOTORWAY,PRINCES ST-OTAHUHU ON RAMP,,Minor Crash,Yes,2024,,North,,0,,Flat,,,,,,Dark,786700,1,0,0,3,,,0,,,,,,Auckland Region,Motorway ramp,1-way,Sealed,,0,0,,100,,On,1,0,,76,Auckland,Nil,,,,,0,0,Open,0,,,Fine,Null
1760472.4584,5924455.3933,762605,,509300,0,0,0,1,0,Null,2023/2024,OLD LAKE ROAD,HAMANA STREET,,Non-Injury Crash,No,2023,0,West,0,0,0,Flat,0,,0,,1,Bright sun,338400,0,0,0,2,0,0,0,0,0,,0,0,Auckland Region,Nil,2-way,Sealed,0,0,0,0,50,0,Off,0,0,,76,Auckland,Stop,0,0,0,0,0,0,Urban,0,0,0,Fine,Null
1767089.3385,5901145.1697,762645,,524712,0,0,0,1,0,West,2023/2024,SUNLANDS DRIVE,SWALLOW DRIVE,,Serious Crash,No,2024,0,East,0,0,0,Flat,0,,0,,0,Bright sun,777201,0,0,0,2,0,0,0,0,0,1,0,0,Auckland Region,Nil,2-way,Sealed,0,0,1,0,50,0,Off,1,0,,76,Auckland,Nil,0,0,0,0,0,0,Urban,0,1,0,Fine,Null
1761607.4249,5916871.7028,762653,,516003,0,,0,2,,East,2023/2024,REMUERA ROAD,LUCERNE ROAD,,Non-Injury Crash,No,2023,,East,,0,,Flat,,,,,,Bright sun,495500,0,0,0,3,,,0,,,,,,Auckland Region,Nil,2-way,Sealed,,0,0,,50,,None,0,0,,76,Auckland,Nil,,,,,0,0,Urban,0,,,Fine,Null
1763701.5425,5910369.5453,762661,,521901,0,0,0,1,0,Null,2023/2024,GREAT SOUTH ROAD,HAUITI ROAD,,Non-Injury Crash,No,2023,0,South,0,0,0,Flat,0,,1,,0,Dark,781900,0,0,0,2,0,0,0,0,0,,0,0,Auckland Region,Nil,2-way,Sealed,0,0,0,0,50,0,On,0,0,,76,Auckland,Stop,0,0,0,0,0,0,Urban,0,0,0,Fine,Null
1762226.8402,5906126.5412,762667,,524200,0,,0,1,,South,2022/2023,SOUTH-WESTERN MOTORWAY,MASSEY ROAD OFF RAMP,,Non-Injury Crash,Yes,2023,,North,,0,,Flat,,,,,,Dark,728900,0,0,0,2,,,0,,,,,,Auckland Region,Nil,1-way,Sealed,,0,0,,100,,On,0,0,,76,Auckland,Nil,,,,,1,0,Open,0,,,Heavy rain,Null
1755045.9047,5918466.5956,762700,45,515420,0,0,0,2,0,West,2022/2023,GREAT NORTH ROAD,COLERIDGE STREET,,Minor Crash,No,2023,0,East,0,0,0,Hill Road,0,,0,,0,Dark,404800,1,0,0,2,0,0,0,0,0,,1,0,Auckland Region,Nil,2-way,Sealed,0,0,0,0,50,0,On,0,0,,76,Auckland,Nil,0,1,0,1,0,0,Urban,0,0,0,Light rain,Null
1769363.6786,5880841.1381,762708,,525922,0,,0,0,,Null,2022/2023,HARRIS STREET,MANUKAU ROAD,,Non-Injury Crash,No,2023,,East,,0,,Flat,,,,,,Bright sun,823300,0,0,0,2,,,0,,,,,,Auckland Region,Nil,2-way,Sealed,,0,0,,50,,Off,0,0,,76,Auckland,Give way,,,,,1,0,Urban,1,,,Fine,Null
1764075.359,5909860.4117,762709,,521901,0,,0,3,,North,2024/2025,GREAT SOUTH ROAD,MASON AVENUE,,Minor Crash,No,2025,,South,,0,,Flat,,,,,,Overcast,783900,1,0,0,2,,,0,,,,,,Auckland Region,Nil,2-way,Sealed,,0,0,,30,,Off,0,0,,76,Auckland,Nil,,,,,0,0,Urban,0,,,Fine,Null
1759885.2752,5906920.3348,762741,,524111,0,,0,1,,Null,2023/2024,ORLY AVENUE,CAPE ROAD,,Non-Injury Crash,No,2024,,West,,0,,Hill Road,,,,,,Overcast,740000,0,0,0,2,,,0,,,,,,Auckland Region,Nil,2-way,Sealed,,0,0,,30,,Off,0,0,,76,Auckland,Nil,,,,,0,0,Urban,0,,,Fine,Null
1756095.6057,5926903.4344,762749,,508620,0,0,0,2,0,South,2024/2025,NORTHCOTE ROAD,TAKAPUNA GOLF COURSE,,Non-Injury Crash,No,2024,0,Null,0,0,0,Null,0,,0,,0,Dark,204500,0,0,0,4,0,0,0,0,1,,0,0,Auckland Region,Nil,2-way,Sealed,0,0,0,0,50,0,On,0,0,,76,Auckland,Nil,0,0,0,0,0,0,Urban,0,0,0,Fine,Null
1737709.4234,5962396.0677,762757,,506613,0,0,0,0,0,South,2023/2024,WEST COAST ROAD,HAWKENS ROAD,,Serious Crash,No,2023,0,South,0,0,0,Flat,0,,0,,0,Overcast,146600,0,0,1,2,0,0,0,1,0,,0,0,Auckland Region,Nil,2-way,Sealed,0,0,1,0,100,0,None,0,0,,76,Auckland,Nil,0,0,0,1,0,0,Open,0,0,1,Fine,Null
1760494.459,5919895.7935,762763,,516400,1,,0,0,,West,2023/2024,TAMAKI DRIVE,NGAPIPI ROAD,,Minor Crash,No,2023,,East,,0,,Flat,,,,,,Bright sun,496500,1,0,0,4,,,0,,,,,,Auckland Region,Nil,2-way,Sealed,,0,0,,50,,Off,1,0,,76,Auckland,Nil,,,,,0,0,Urban,0,,,Fine,Null
1763861.8747,5912745.1247,762773,,520500,0,,0,2,,South,2023/2024,MOUNT WELLINGTON HIGHWAY,TE PUTU AVENUE,,Minor Crash,No,2023,,South,,0,,Flat,,,,,,Bright sun,637500,1,0,1,3,,,0,,,,,,Auckland Region,Nil,1-way,Sealed,,0,0,,50,,Off,0,0,,76,Auckland,Nil,,,,,0,0,Urban,0,,,Fine,Null
1767672.8327,5907715.2126,762821,,523502,0,,0,3,,Null,2023/2024,EAST TAMAKI ROAD,HILLS ROAD,,Minor Crash,No,2024,,East,,0,,Flat,,,,,,Dark,701900,2,0,0,2,,,0,,,,,,Auckland Region,Nil,2-way,Sealed,,0,0,,50,,On,0,0,,76,Auckland,Traffic Signals,,,,,0,0,Urban,0,,,Fine,Null