X,Y,OBJECTID,advisorySpeed,areaUnitID,bicycle,bridge,bus,carStationWagon,cliffBank,crashDirectionDescription,crashFinancialYear,crashLocation1,crashLocation2,crashRoadSideRoad,crashSeverity,crashSHDescription,crashYear,debris,directionRoleDescription,ditch,fatalCount,fence,flatHill,guardRail,holiday,houseOrBuilding,intersection,kerb,light,meshblockId,minorInjuryCount,moped,motorcycle,NumberOfLanes,objectThrownOrDropped,otherObject,otherVehicleType,overBank,parkedVehicle,pedestrian,phoneBoxEtc,postOrPole,region,roadCharacter,roadLane,roadSurface,roadworks,schoolBus,seriousInjuryCount,slipOrFlood,speedLimit,strayAnimal,streetLight,suv,taxi,temporarySpeedLimit,tlaId,tlaName,trafficControl,trafficIsland,trafficSign,train,tree,truck,unknownVehicleType,urban,vanOrUtility,vehicle,waterRiver,weatherA,weatherB
1775129.7832,5886962.7394,762828,,521132,0,,0,3,,South,2023/2024,SOUTHERN MOTORWAY,RAMARAMA OFF RAMP,,Non-Injury Crash,Yes,2024,,North,,0,,Flat,,Queens Birthday,,,,Twilight,814003,0,0,0,2,,,0,,,,,,Auckland Region,Nil,1-way,Sealed,,0,0,,100,,On,0,0,,76,Auckland,Nil,,,,,0,0,Open,0,,,Fine,Null
1747356.4579,5910850.6179,762837,,511901,0,,0,2,,North,2023/2024,ATKINSON ROAD,TITIRANGI ROAD,,Non-Injury Crash,No,2023,,North,,0,,Hill Road,,,,,,Overcast,294002,0,0,0,2,,,0,,,,,,Auckland Region,Nil,2-way,Sealed,,0,0,,50,,Off,0,0,,76,Auckland,Nil,,,,,0,0,Urban,0,,,Fine,Null
1759299.8618,5908321.0961,762845,,524002,0,0,0,3,0,South,2023/2024,MCKENZIE ROAD,BADER DRIVE,,Non-Injury Crash,No,2023,0,South,0,0,1,Flat,0,,0,,0,Overcast,725900,0,0,0,2,0,0,0,0,2,,0,0,Auckland Region,Nil,2-way,Sealed,0,0,0,0,50,0,Off,0,0,,76,Auckland,Nil,0,0,0,0,0,0,Urban,0,0,0,Fine,Null
1744170.2406,5915252.2792,762852,,513013,0,0,0,1,0,South,2023/2024,FOREST HILL ROAD,FARWOOD DRIVE,,Non-Injury Crash,No,2023,0,North,0,0,0,Hill Road,0,,0,,0,Dark,281502,0,0,0,2,0,0,0,0,0,,0,1,Auckland Region,Nil,2-way,Sealed,0,0,0,0,50,0,On,0,0,,76,Auckland,Nil,0,0,0,0,0,0,Urban,0,0,0,Fine,Null
1761255.5389,5911901.5727,762859,,519500,0,0,0,1,0,Null,2022/2023,OFFROAD,,,Minor Crash,No,2023,0,West,0,0,0,Flat,0,,0,,0,Dark,622400,1,0,0,,0,0,0,0,0,,0,1,Auckland Region,Nil,Off road,Sealed,0,0,0,0,,0,On,0,0,,76,Auckland,Nil,0,0,0,0,0,0,Urban,0,0,0,Fine,Null
1762244.2085,5913567.1271,762860,,520402,0,,0,1,,South,2023/2024,SOUTHERN MOTORWAY,PENROSE OBR,,Non-Injury Crash,Yes,2024,,South,,0,,Flat,,,,,,Bright sun,642200,0,0,0,3,,,0,,,,,,Auckland Region,Nil,1-way,Sealed,,0,0,,100,,Off,1,0,,76,Auckland,Nil,,,,,0,0,Open,0,,,Fine,Null
1770151.8718,5885508.993,762908,,521122,0,0,0,1,0,North,2023/2024,BURTT ROAD,TUHIMATA ROAD,,Non-Injury Crash,No,2023,0,South,0,0,0,Hill Road,0,,0,,0,Twilight,813300,0,0,0,2,0,0,0,0,0,,0,1,Auckland Region,Nil,2-way,Sealed,0,0,0,0,80,0,None,0,0,,76,Auckland,Nil,0,0,0,0,0,0,Open,0,0,0,Fine,Null
1762520.1403,5908165.3544,762909,,524530,0,,0,1,,East,2023/2024,VINE STREET,BLAKE ROAD,,Non-Injury Crash,No,2023,,West,,0,,Flat,,,,,,Twilight,732400,0,0,0,2,,,0,,,,,,Auckland Region,Nil,2-way,Sealed,,0,0,,50,,On,0,0,,76,Auckland,Nil,,,,,0,0,Urban,1,,,Fine,Null
1756385.0734,5919894.3442,762924,,514000,0,0,0,1,0,South,2023/2024,HOWE STREET,HAYDEN STREET,,Non-Injury Crash,No,2024,0,North,0,0,0,Flat,0,,0,,0,Overcast,413006,0,0,0,2,0,0,0,0,1,,0,0,Auckland Region,Nil,2-way,Sealed,0,0,0,0,50,0,Off,0,0,,76,Auckland,Nil,0,0,0,0,1,0,Urban,0,0,0,Fine,Null
1757612.0853,5920922.3311,762940,,514101,0,0,0,1,0,West,2022/2023,GALWAY STREET,COMMERCE STREET,,Non-Injury Crash,No,2023,0,East,0,0,0,Flat,0,,0,,0,Overcast,437903,0,0,0,1,0,0,0,0,1,,0,0,Auckland Region,Nil,1-way,Unsealed,0,0,0,0,30,0,Null,1,0,,76,Auckland,Nil,0,0,0,0,0,0,Urban,0,0,0,Null,None
1775947.5015,5881935.1151,762949,,521160,0,,0,2,,Null,2023/2024,MILL ROAD,BOMBAY OFF RAMP,,Non-Injury Crash,No,2023,,West,,0,,Flat,,,,,,Overcast,827603,0,0,0,2,,,0,,,,,,Auckland Region,Overpass,2-way,Sealed,,0,0,,60,,Off,0,0,,76,Auckland,Stop,,,,,0,0,Urban,0,,,Fine,Null
1771777.662,5895200.9738,762956,,525530,0,,0,2,,Null,2023/2024,BEACH ROAD,CHICHESTER DRIVE,,Non-Injury Crash,No,2023,,West,,0,,Flat,,,,,,Dark,804901,0,0,0,5,,,0,,,,,,Auckland Region,Nil,2-way,Sealed,,0,0,,50,,On,0,1,,76,Auckland,Traffic Signals,,,,,0,0,Urban,0,,,Light rain,Null
1767121.2363,5904758.72,762964,,524604,0,,0,2,,Null,2023/2024,CAVENDISH DRIVE,SHARKEY STREET,,Non-Injury Crash,No,2023,,West,,0,,Flat,,,,,,Bright sun,780209,0,0,0,2,,,0,,,,,,Auckland Region,Nil,1-way,Sealed,,0,0,,60,,Off,0,0,,76,Auckland,Traffic Signals,,,,,0,0,Urban,0,,,Fine,Null
1754397.9471,5936501.4661,763020,,506902,0,,0,1,,Null,2023/2024,GLAMORGAN DRIVE,CAIRNBRAE COURT,,Non-Injury Crash,No,2023,,North,,0,,Flat,,,,,,Overcast,165801,0,0,0,2,,,0,,,,,,Auckland Region,Nil,2-way,Sealed,,0,0,,50,,Off,1,0,,76,Auckland,Nil,,,,,0,0,Urban,0,,,Light rain,Null
1768073.5499,5912115.517,763021,,523000,0,0,0,3,0,South,2023/2024,GOSSAMER DRIVE,OKATAINA STREET,,Minor Crash,No,2023,0,North,0,0,0,Flat,0,,0,,0,Bright sun,688300,1,0,0,2,0,0,0,0,1,,0,0,Auckland Region,Nil,2-way,Sealed,0,0,0,0,50,0,Off,0,0,,76,Auckland,Nil,0,0,0,0,0,0,Urban,0,0,0,Fine,Null
1766415.6166,5913142.5875,763029,,522920,0,0,0,1,0,North,2022/2023,DALE CRESCENT,ANTHONY PLACE,,Non-Injury Crash,No,2023,0,West,0,0,0,Flat,0,,0,,0,Dark,683400,0,0,0,2,0,0,0,0,0,,0,1,Auckland Region,Nil,2-way,Sealed,0,0,0,0,50,0,On,0,0,,76,Auckland,Nil,0,0,0,0,0,0,Urban,0,0,0,Fine,Null
1758244.7221,5916583.2291,763045,,519200,0,,0,1,,Null,2022/2023,MANUKAU ROAD,EPSOM AVENUE,,Non-Injury Crash,No,2023,,North,,0,,Flat,,,,,,Bright sun,614701,0,0,0,2,,,0,,,,,,Auckland Region,Nil,2-way,Sealed,,0,0,,50,,Off,0,0,,76,Auckland,Give way,,,,,1,0,Urban,0,,,Fine,Null
1769535.9732,5905006.359,763052,,523712,0,0,0,1,0,Null,2022/2023,HILLTOP ROAD,ARROWSMITH DRIVE,,Non-Injury Crash,No,2023,0,South,0,0,1,Hill Road,0,,0,,0,Overcast,716203,0,0,0,1,0,0,0,0,0,,0,0,Auckland Region,Nil,1-way,Sealed,0,0,0,0,50,0,Off,0,0,,76,Auckland,Give way,0,0,0,1,0,0,Urban,0,0,0,Light rain,Null
1766218.1016,5900050.9458,763060,,524713,0,,0,2,,Null,2022/2023,ROSCOMMON ROAD,ROBERT ROSS PLACE,,Non-Injury Crash,No,2023,,South,,0,,Flat,,,,,,Dark,775821,0,0,0,3,,,0,,,,,,Auckland Region,Nil,2-way,Sealed,,0,0,,60,,On,0,0,,76,Auckland,Give way,,,,,0,0,Urban,0,,,Fine,Null
1771767.998,5912556.8673,763061,,523106,0,0,0,1,0,South,2022/2023,WHITFORD ROAD,MERINO AVENUE,,Non-Injury Crash,No,2023,0,North,0,0,0,Hill Road,0,,0,,0,Overcast,3209003,0,0,0,2,0,0,0,0,1,,0,0,Auckland Region,Nil,2-way,Sealed,0,0,0,0,50,0,Off,1,0,,76,Auckland,Nil,0,0,0,0,0,0,Urban,0,0,0,Light rain,Strong wind
1730277.7898,5958530.6884,763068,,506613,0,0,0,0,0,South,2023/2024,KAIPARA COAST HIGHWAY,WEST COAST ROAD,,Serious Crash,Yes,2024,0,North,0,0,0,Flat,0,,0,,0,Bright sun,146300,0,0,1,2,0,0,0,0,0,,0,0,Auckland Region,Nil,2-way,Sealed,0,0,1,0,100,0,Off,0,0,,76,Auckland,Nil,0,1,0,0,0,0,Open,0,0,0,Fine,Null
1757906.632,5918096.0527,763084,,515700,0,,0,1,,South,2023/2024,SOUTHERN MOTORWAY,MAUNGAWHAU OBR,,Non-Injury Crash,Yes,2024,,South,,0,,Flat,,Easter,,,,Bright sun,443200,0,0,0,4,,,0,,,,,,Auckland Region,Nil,1-way,Sealed,,0,0,,80,,Off,0,0,,76,Auckland,Nil,,,,,0,0,Open,1,,,Fine,Null
1763793.2414,5913706.9619,763100,,520402,0,,0,1,,Null,2023/2024,PENROSE ROAD,MOUNT WELLINGTON HIGHWAY,,Non-Injury Crash,No,2024,,East,,0,,Flat,,,,,,Overcast,640002,0,0,0,5,,,0,,,1,,,Auckland Region,Nil,2-way,Sealed,,0,0,,50,,Off,0,0,,76,Auckland,Traffic Signals,,,,,0,0,Urban,0,,,Light rain,Null
1769726.2183,5907367.4737,763133,,523713,0,,0,1,,Null,2022/2023,ORMISTON ROAD,CHAPEL ROAD,,Non-Injury Crash,No,2023,,East,,0,,Flat,,,,,,Bright sun,712302,0,0,0,2,,,0,,,,,,Auckland Region,Nil,2-way,Sealed,,0,0,,60,,Off,1,0,,76,Auckland,Traffic Signals,,,,,0,0,Urban,0,,,Fine,Null
1746354.3819,5940025.075,763156,,506300,0,,0,1,,Null,2022/2023,DAIRY FLAT HIGHWAY,BLACKBRIDGE ROAD,,Non-Injury Crash,No,2023,,South,,0,,Hill Road,,,,,,Twilight,175903,0,0,0,2,,,0,,,,,,Auckland Region,Nil,2-way,Sealed,,0,0,,80,,Off,1,0,,76,Auckland,Stop,,,,,0,0,Open,0,,,Fine,Null
1756094.8641,5918719.3362,763165,,515500,0,,0,1,,South,2022/2023,NORTH-WESTERN MOTORWAY,WAIMA FTBR,,Non-Injury Crash,Yes,2023,,North,,0,,Flat,,,,,,Bright sun,417600,0,0,0,4,,,0,,,,,,Auckland Region,Nil,1-way,Sealed,,0,0,,80,,Off,0,0,,76,Auckland,Nil,,,,,1,0,Open,1,,,Fine,Null
1759614.9468,5916012.8193,763213,,519200,0,,0,1,,Null,2022/2023,GREAT SOUTH ROAD,MOMONA ROAD,,Minor Crash,No,2023,,South,,0,,Flat,,,,,,Overcast,615900,1,0,0,4,,,0,,,1,,,Auckland Region,Nil,2-way,Sealed,,0,0,,50,,Off,0,0,,76,Auckland,Give way,,,,,0,0,Urban,0,,,Fine,Null
1762582.1405,5906907.5728,763220,,524301,1,,0,1,,West,2024/2025,BUCKLAND ROAD,RAGLAN STREET,,Minor Crash,No,2025,,West,,0,,Flat,,,,,,Bright sun,746602,1,0,0,2,,,0,,,,,,Auckland Region,Nil,2-way,Sealed,,0,0,,50,,Off,0,0,,76,Auckland,Nil,,,,,0,0,Urban,0,,,Fine,Null
1757532.8937,5912962.5792,763236,,519810,0,,0,2,,Null,2023/2024,QUEENSTOWN ROAD,HERD ROAD,,Non-Injury Crash,No,2024,,South,,0,,Hill Road,,,,,,Bright sun,596700,0,0,0,4,,,0,,,,,,Auckland Region,Nil,2-way,Sealed,,0,0,,50,,Off,0,0,,76,Auckland,Traffic Signals,,,,,0,0,Urban,0,,,Fine,None
1763918.7978,5910079.8597,763244,45,521901,0,,0,2,,Null,2023/2024,GREAT SOUTH ROAD,PRINCES STREET,,Non-Injury Crash,No,2024,,South,,0,,Flat,,,,,,Unknown,782200,0,0,0,3,,,0,,,,,,Auckland Region,Nil,2-way,Sealed,,0,0,,50,,On,0,0,,76,Auckland,Traffic Signals,,,,,0,0,Urban,0,,,Fine,None
1742709.8674,5918415.6751,763245,,513214,0,0,0,1,0,East,2023/2024,JILLIAN DRIVE,RANUI AVENUE,,Non-Injury Crash,No,2023,0,East,0,0,1,Flat,0,Christmas New Year,0,,0,Overcast,236500,0,0,0,2,0,1,0,0,0,,0,0,Auckland Region,Nil,2-way,Sealed,0,0,0,0,50,0,Off,0,0,,76,Auckland,Nil,0,0,0,1,0,0,Urban,0,0,0,Light rain,Null
1766528.5494,5912839.7113,763252,,522920,0,0,0,1,0,West,2023/2024,PAKURANGA HIGHWAY,TI RAKAU DRIVE,,Non-Injury Crash,No,2024,0,East,0,0,0,Flat,1,,0,,0,Bright sun,683900,0,0,0,3,0,0,0,0,0,,0,0,Auckland Region,Nil,1-way,Sealed,0,0,0,0,80,0,Off,0,0,70,76,Auckland,Nil,0,0,0,0,0,0,Open,0,0,0,Light rain,Null
1754396.2408,5930252.4506,763260,,508420,0,,0,2,,Null,2023/2024,TRIAS ROAD,HELICON PLACE,,Non-Injury Crash,No,2024,,West,,0,,Flat,,,,,,Overcast,182023,0,0,0,2,,,0,,,,,,Auckland Region,Nil,2-way,Sealed,,0,0,,50,,Off,0,0,,76,Auckland,Nil,,,,,0,0,Urban,0,,,Null,Null
1765194.5503,5906208.5953,763292,,522201,0,,0,1,,Null,2023/2024,KOLMAR ROAD,OMAGH AVENUE,,Non-Injury Crash,No,2023,,North,,0,,Flat,,,,,,Overcast,662800,0,0,0,1,,,0,,,,,,Auckland Region,Nil,1-way,Sealed,,0,0,,50,,Off,0,0,,76,Auckland,Give way,,,,,0,0,Urban,0,,,Light rain,None
1769401.1009,5907734.9477,763293,,523713,0,,1,1,,South,2023/2024,TE IRIRANGI DRIVE,BISHOP DUNN PLACE,,Non-Injury Crash,No,2023,,South,,0,,Flat,,,,,,Bright sun,712302,0,0,0,2,,,0,,,,,,Auckland Region,Nil,1-way,Sealed,,0,0,,60,,Off,0,0,,76,Auckland,Nil,,,,,0,0,Urban,0,,,Fine,Null
1759771.4334,5924660.1458,763301,,508110,0,0,0,1,0,South,2023/2024,LAKE ROAD,MONTGOMERY AVENUE,,Minor Crash,No,2023,0,South,0,0,1,Hill Road,0,,0,,0,Overcast,318000,1,0,0,2,0,0,0,0,0,,0,0,Auckland Region,Nil,2-way,Sealed,0,0,0,0,50,0,Off,0,0,,76,Auckland,Nil,0,0,0,0,0,0,Urban,0,0,0,Fine,Null
1747937.5383,5913624.952,763309,,511100,1,,0,0,,Null,2023/2024,WEST COAST ROAD,RUA ROAD,,Minor Crash,No,2023,,South,,0,,Hill Road,,,,,,Bright sun,286801,1,0,0,2,,,0,,,,,,Auckland Region,Nil,2-way,Sealed,,0,0,,50,,Off,0,0,,76,Auckland,Nil,,,,,0,0,Urban,1,,,Fine,Null
1753816.5601,5918251.7391,763315,,515003,0,,0,2,,Null,2022/2023,ST LUKES ROAD,ST LUKES ROAD ON RAMP,,Minor Crash,No,2023,,North,,0,,Flat,,,,,,Overcast,390502,2,0,0,5,,,0,,,,,,Auckland Region,Bridge,2-way,Sealed,,0,0,,50,,Off,0,0,,76,Auckland,Traffic Signals,,,,,0,0,Urban,0,,,Fine,Null
1768920.8558,5901270.5564,763389,,524901,0,0,0,2,0,South,2022/2023,HILL ROAD,SCENIC DRIVE,,Non-Injury Crash,No,2023,0,South,0,0,0,Flat,0,,0,,0,Overcast,756600,0,0,0,2,0,0,0,0,1,,0,0,Auckland Region,Nil,2-way,Sealed,0,0,0,0,50,0,Off,0,0,,76,Auckland,Nil,0,0,0,0,0,0,Urban,1,0,0,Heavy rain,Null
1756598.3949,5919457.495,763421,,514102,0,,0,1,,North,2022/2023,DAY STREET,KARANGAHAPE ROAD,,Serious Crash,No,2023,,North,,0,,Hill Road,,,,,,Dark,435601,0,0,0,1,,,0,,,1,,,Auckland Region,Nil,1-way,Sealed,,0,1,,30,,On,0,0,,76,Auckland,Nil,,,,,0,0,Urban,0,,,Fine,Null
1759312.5656,5908611.3062,763429,,524002,0,0,0,2,0,South,2022/2023,MILLER ROAD,MCKENZIE ROAD,,Non-Injury Crash,No,2023,0,West,0,0,0,Flat,0,,0,,0,Dark,725900,0,0,0,2,0,0,0,0,1,,0,0,Auckland Region,Nil,2-way,Sealed,0,0,0,0,50,0,On,0,0,,76,Auckland,Nil,0,0,0,0,0,0,Urban,0,0,0,Fine,Null
1756766.4925,5912774.5753,763437,,518702,0,,0,0,,East,2023/2024,SOUTH-WESTERN MOTORWAY,HILLSBOROUGH OBR,,Minor Crash,Yes,2024,,East,,0,,Flat,,,,,,Bright sun,569900,1,0,1,2,,,0,,,,,,Auckland Region,Nil,1-way,Sealed,,0,0,,100,,Off,0,0,,76,Auckland,Nil,,,,,0,0,Open,0,,,Fine,Null
1772393.4676,5890464.2124,763451,,521203,0,,0,2,,South,2022/2023,KARAKA ROAD,MCPHERSON ROAD,,Minor Crash,Yes,2023,,South,,0,,Flat,,,,,,Dark,807400,1,0,0,2,,,0,,,,,,Auckland Region,Nil,2-way,Sealed,,0,0,,80,,On,0,0,,76,Auckland,Nil,,,,,0,0,Open,0,,,Fine,Null
1748469.6498,5947253.6224,763460,,506201,0,0,0,0,0,South,2023/2024,NORTHERN MOTORWAY,WANUI ROAD OFF RAMP,,Non-Injury Crash,Yes,2023,0,North,0,0,0,Flat,1,,0,,0,Dark,176603,0,0,0,2,0,0,0,0,0,,0,0,Auckland Region,Nil,1-way,Sealed,0,0,0,0,100,0,None,1,0,,76,Auckland,Nil,0,0,0,0,0,0,Open,0,0,0,Fine,Null
1770002.8346,5915287.9249,763461,,522711,0,,0,2,,Null,2023/2024,BUCKLANDS BEACH ROAD,CASUARINA ROAD,,Minor Crash,No,2023,,North,,0,,Flat,,,,,,Dark,680801,1,0,0,2,,,0,,,,,,Auckland Region,Nil,2-way,Sealed,,0,0,,50,,On,0,0,,76,Auckland,Give way,,,,,0,0,Urban,0,,,Fine,Null
1761168.6795,5915205.6771,763476,,520201,0,0,0,2,0,Null,2023/2024,TECOMA STREET,ROBERT STREET,,Minor Crash,No,2023,0,East,0,0,0,Flat,0,,0,,0,Dark,613500,1,0,0,2,0,0,0,0,1,,0,0,Auckland Region,Nil,2-way,Sealed,0,0,0,0,50,0,On,0,0,,76,Auckland,Stop,0,0,0,0,0,0,Urban,0,0,0,Fine,Null
1743531.3238,5924433.2879,763492,,513410,0,,0,3,,Null,2024/2025,MAKI STREET,KEDGLEY ROAD,,Minor Crash,No,2024,,North,,0,,Flat,,,,,,Overcast,224000,1,0,0,2,,,0,,,,,,Auckland Region,Nil,2-way,Sealed,,0,0,,50,,Off,0,0,,76,Auckland,Traffic Signals,,,,,0,0,Urban,0,,,Fine,Null
1758884.2423,5910107.9802,763516,,524002,0,,0,1,,Null,2023/2024,WOODWARD AVENUE,CHURCH ROAD,,Non-Injury Crash,No,2024,,North,,0,,Flat,,,,,,Twilight,722501,0,0,0,2,,,0,,,,,,Auckland Region,Nil,2-way,Sealed,,0,0,,50,,Off,1,0,,76,Auckland,Give way,,,,,0,0,Urban,0,,,Fine,None
1761261.2528,5920078.9732,763524,,516400,0,0,0,1,0,West,2022/2023,TAMAKI DRIVE,POKANOA POINT ENT,,Non-Injury Crash,No,2023,0,South,0,0,0,Flat,0,,0,,0,Dark,496600,0,0,0,2,0,0,0,0,0,,0,0,Auckland Region,Nil,2-way,Sealed,0,0,0,0,50,0,On,0,0,,76,Auckland,Nil,0,0,0,2,0,0,Urban,0,0,0,Light rain,Null
1758800.3426,5912424.486,763549,,519820,0,,0,2,,Null,2022/2023,SELWYN STREET,ARTHUR STREET,,Minor Crash,No,2023,,South,,0,,Hill Road,,,,,,Bright sun,600400,1,0,0,3,,,0,,,,,,Auckland Region,Nil,2-way,Sealed,,0,0,,50,,Off,0,0,,76,Auckland,Stop,,,,,0,0,Urban,0,,,Fine,Null
1746820.5252,5918681.1751,763557,,512401,0,,0,1,,North,2022/2023,TE ATATU ROAD,WAKELING AVENUE,,Non-Injury Crash,No,2023,,North,,0,,Flat,,,,,,Dark,255600,0,0,0,2,,,0,,,,,,Auckland Region,Nil,2-way,Sealed,,0,0,,50,,On,0,0,,76,Auckland,Nil,,,,,0,0,Urban,1,,,Fine,Null
1771553.9269,5894935.8691,763564,,521201,0,,0,0,,North,2024/2025,SOUTHERN MOTORWAY,PAPAKURA OFF RAMP,,Non-Injury Crash,Yes,2024,,North,,0,,Flat,,,,,,Bright sun,806700,0,0,0,2,,,0,,,,,,Auckland Region,Nil,1-way,Sealed,,0,0,,100,,Off,1,0,80,76,Auckland,Nil,,,,,0,0,Open,2,,,Fine,Null
1777701.6526,5911498.7021,763573,,523202,0,0,0,1,0,South,2023/2024,WHITFORD MARAETAI ROAD,WAIKOPUA ROAD,,Non-Injury Crash,No,2023,0,South,0,0,0,Hill Road,0,,0,,0,Dark,718300,0,0,0,2,0,0,0,0,0,,0,0,Auckland Region,Nil,2-way,Sealed,0,0,0,0,80,1,None,0,0,,76,Auckland,Nil,0,0,0,0,0,0,Open,0,0,0,Mist or Fog,Null
1754988.3389,5913505.0011,763580,,518803,0,0,0,2,0,South,2023/2024,DOMINION ROAD OFF RAMP,DOMINION ROAD,,Non-Injury Crash,No,2024,0,North,0,0,0,Flat,0,,0,,0,Bright sun,582700,0,0,0,2,0,0,0,0,0,,0,0,Auckland Region,Nil,1-way,Sealed,0,0,0,0,50,0,Off,0,0,,76,Auckland,Nil,1,0,0,0,0,0,Urban,0,0,0,Fine,Null
1755436.0474,5926683.965,763589,,509701,0,,0,1,,Null,2023/2024,HILLCREST AVENUE,SYLVIA ROAD,,Non-Injury Crash,No,2023,,North,,0,,Flat,,,,,,Overcast,363902,0,0,0,2,,,0,,,,,,Auckland Region,Nil,2-way,Sealed,,0,0,,50,,Off,1,0,,76,Auckland,Give way,,,,,0,0,Urban,0,,,Light rain,Null
1744255.3231,5922004.2582,763605,,513512,0,0,0,2,0,South,2023/2024,MAKORA ROAD,MARBELLA DRIVE,,Minor Crash,No,2023,0,South,0,0,0,Hill Road,0,,0,,0,Bright sun,225702,1,0,0,2,0,0,0,0,1,,0,0,Auckland Region,Nil,2-way,Sealed,0,0,0,0,50,0,Off,0,0,,76,Auckland,Nil,0,0,0,0,0,0,Urban,0,0,0,Fine,Null
1753185.0794,5924714.5812,763612,,510402,0,,0,2,,Null,2022/2023,MOKOIA ROAD,CHELSEA VIEW DRIVE,,Non-Injury Crash,No,2023,,West,,0,,Hill Road,,,,,,Twilight,351800,0,0,0,4,,,0,,,,,,Auckland Region,Nil,2-way,Sealed,,0,0,,50,,Off,0,0,,76,Auckland,Traffic Signals,,,,,0,0,Urban,0,,,Fine,Null
1755204.4783,5914402.9983,763621,,518500,0,,0,0,,South,2023/2024,DOMINION ROAD,KEYSTONE AVENUE,,Minor Crash,No,2023,,South,,0,,Flat,,,,,,Overcast,561000,2,0,1,4,,,0,,,1,,,Auckland Region,Nil,2-way,Sealed,,0,0,,50,,Off,0,0,,76,Auckland,Nil,,,,,0,0,Urban,0,,,Fine,Null
1768123.1425,5902763.083,763637,,524602,0,,0,2,,North,2022/2023,GREAT SOUTH ROAD,TOTARA MEADOWS COURT,,Non-Injury Crash,No,2023,,North,,0,,Hill Road,,,,,,Dark,780510,0,0,0,4,,,0,,,,,,Auckland Region,Nil,2-way,Sealed,,0,0,,50,,On,0,0,30,76,Auckland,Nil,,,,,0,0,Urban,0,,,Light rain,Null
1754509.1419,5930870.4473,763643,,508520,0,,0,2,,North,2022/2023,NORTHERN MOTORWAY,UPPER HARBOUR HWY ON RAMP,,Non-Injury Crash,Yes,2023,,South,,0,,Flat,,,,,,Overcast,191107,0,0,0,3,,,0,,,,,,Auckland Region,Nil,1-way,Sealed,,0,0,,100,,Off,0,0,,76,Auckland,Nil,,,,,0,0,Open,0,,,Fine,Null
1764742.1503,5905762.1997,763651,,522201,0,,0,1,,Null,2023/2024,STATION ROAD,STATION ROAD,,Fatal Crash,No,2023,,East,,1,,Flat,,,,,,Twilight,663100,0,0,0,3,,,0,,,1,,,Auckland Region,Nil,2-way,Sealed,,0,0,,50,,On,0,0,,76,Auckland,Traffic Signals,,,,,0,0,Urban,0,,,Fine,Null
1754966.1306,5916441.9346,763652,,517703,0,,0,1,,East,2022/2023,BALMORAL ROAD,SANDRINGHAM ROAD,,Non-Injury Crash,No,2023,,East,,0,,Flat,,,,,,Dark,537601,0,0,0,7,,,0,,,1,,,Auckland Region,Nil,2-way,Sealed,,0,0,,50,,On,0,0,,76,Auckland,Nil,,,,,0,0,Urban,0,,,Fine,Null
1769428.9023,5880517.1013,763653,,525922,0,,0,1,,North,2023/2024,MANUKAU ROAD,GLASGOW ROAD,,Non-Injury Crash,No,2024,,South,,0,,Flat,,,,,,Bright sun,823800,0,0,0,2,,,0,,,,,,Auckland Region,Nil,2-way,Sealed,,0,0,,50,,None,0,0,30,76,Auckland,Nil,,,,,0,0,Urban,1,,,Fine,Null
1751593.2025,5914336.5545,763660,,514402,0,0,0,2,0,North,2023/2024,BLOCKHOUSE BAY ROAD,TIVERTON ROAD,,Non-Injury Crash,No,2023,0,North,0,0,0,Flat,0,,0,,0,Dark,380600,0,0,0,2,0,0,0,0,1,,0,0,Auckland Region,Nil,2-way,Sealed,0,0,0,0,50,0,On,0,0,,76,Auckland,Nil,0,0,0,0,0,0,Urban,0,0,0,Fine,Null
1769451.7291,5903903.4198,763676,,523820,0,0,0,1,0,Null,2022/2023,GOODWOOD DRIVE,RIBBONWOOD CRESCENT,,Non-Injury Crash,No,2023,0,South,0,0,0,Hill Road,0,Easter,0,,0,Dark,760136,0,0,0,2,0,0,0,0,3,,0,0,Auckland Region,Nil,2-way,Sealed,0,0,0,0,50,0,On,3,0,,76,Auckland,Stop,0,0,0,0,0,0,Urban,0,0,0,Fine,Null
1761446.1073,5915507.2259,763677,,520201,0,,0,2,,South,2023/2024,LADIES MILE,UMERE CRESCENT,,Non-Injury Crash,No,2023,,North,,0,,Hill Road,,Christmas New Year,,,,Dark,610000,0,0,0,1,,,0,,,,,,Auckland Region,Nil,2-way,Sealed,,0,0,,50,,On,0,0,,76,Auckland,Nil,,,,,0,0,Urban,0,,,Fine,Null
1756430.7724,5924565.8163,763685,,509702,0,,0,1,,North,2022/2023,NORTHERN MOTORWAY,ONEWA OBR ON,,Non-Injury Crash,Yes,2023,,North,,0,,Flat,,,,,,Dark,366700,0,0,0,4,,,0,,,,,,Auckland Region,Underpass,1-way,Sealed,,0,0,,100,,On,0,0,,76,Auckland,Nil,,,,,0,0,Open,0,,,Fine,Null
1756043.2399,5917396.8782,763700,,518201,0,0,0,0,0,South,2023/2024,DOMINION ROAD,VALLEY ROAD,,Non-Injury Crash,No,2024,0,North,0,0,0,Flat,0,,0,,0,Twilight,547800,0,0,0,2,0,0,0,0,1,,0,0,Auckland Region,Nil,2-way,Sealed,0,0,0,0,50,0,On,2,0,,76,Auckland,Nil,0,0,0,0,0,0,Urban,0,0,0,Fine,Null