X,Y,OBJECTID,advisorySpeed,areaUnitID,bicycle,bridge,bus,carStationWagon,cliffBank,crashDirectionDescription,crashFinancialYear,crashLocation1,crashLocation2,crashRoadSideRoad,crashSeverity,crashSHDescription,crashYear,debris,directionRoleDescription,ditch,fatalCount,fence,flatHill,guardRail,holiday,houseOrBuilding,intersection,kerb,light,meshblockId,minorInjuryCount,moped,motorcycle,NumberOfLanes,objectThrownOrDropped,otherObject,otherVehicleType,overBank,parkedVehicle,pedestrian,phoneBoxEtc,postOrPole,region,roadCharacter,roadLane,roadSurface,roadworks,schoolBus,seriousInjuryCount,slipOrFlood,speedLimit,strayAnimal,streetLight,suv,taxi,temporarySpeedLimit,tlaId,tlaName,trafficControl,trafficIsland,trafficSign,train,tree,truck,unknownVehicleType,urban,vanOrUtility,vehicle,waterRiver,weatherA,weatherB
1768060.1103,5898318.7388,763715,,525102,0,,0,1,,Null,2022/2023,WATTLE FARM ROAD,MUIRFIELD STREET,,Non-Injury Crash,No,2023,,Null,,0,,Flat,,,,,,Bright sun,769026,0,0,1,2,,,0,,,,,,Auckland Region,Nil,2-way,Sealed,,0,0,,50,,Off,0,0,,76,Auckland,Give way,,,,,0,0,Urban,0,,,Fine,Null
1757952.2899,5917014.2331,763740,,515700,0,,0,1,,Null,2023/2024,GILLIES AVENUE,BRIGHTSIDE ROAD,,Non-Injury Crash,No,2024,,North,,0,,Flat,,,,,,Dark,457900,0,0,0,3,,,0,,,,,,Auckland Region,Nil,2-way,Sealed,,0,0,,50,,On,1,0,,76,Auckland,Give way,,,,,0,0,Urban,0,,,Fine,Strong wind
1755351.046,5913318.1857,763781,,518803,0,0,0,1,0,West,2022/2023,SOUTH-WESTERN MOTORWAY,DOMINION ROAD ON RAMP,,Non-Injury Crash,Yes,2023,0,East,0,0,0,Flat,1,,0,,0,Overcast,582700,0,0,0,3,0,0,0,0,0,,0,0,Auckland Region,Motorway ramp,1-way,Sealed,0,0,0,0,100,0,Off,1,0,,76,Auckland,Nil,0,0,0,0,0,0,Open,0,0,0,Light rain,Null
1762072.3935,5914756.842,763804,,520201,0,,0,2,,Null,2023/2024,MAIN HIGHWAY,ELLERSLIE PARK ROAD,,Minor Crash,No,2023,,East,,0,,Flat,,,,,,Dark,610601,1,0,0,4,,,0,,,,,,Auckland Region,Nil,2-way,Sealed,,0,0,,50,,On,0,0,,76,Auckland,Stop,,,,,0,0,Urban,0,,,Heavy rain,Null
1758391.1841,5917482.5513,763819,,516001,0,,0,1,,Null,2022/2023,BROADWAY,GREAT SOUTH ROAD,,Non-Injury Crash,No,2023,,South,,0,,Flat,,,,,,Dark,490800,0,0,0,4,,,0,,,,,,Auckland Region,Nil,2-way,Sealed,,0,0,,50,,On,1,0,,76,Auckland,Traffic Signals,,,,,0,0,Urban,0,,,Light rain,Null
1751172.9645,5925291.164,763829,,510020,0,0,0,3,0,South,2022/2023,RANGATIRA ROAD,MARINERS VIEW ROAD,,Non-Injury Crash,No,2023,0,North,0,0,0,Hill Road,0,,0,,0,Bright sun,346200,0,0,0,2,0,0,0,0,2,,0,0,Auckland Region,Nil,2-way,Sealed,0,0,0,0,50,0,Off,0,0,,76,Auckland,Nil,0,0,0,0,0,0,Urban,0,0,0,Fine,Null
1770636.2882,5912859.2611,763845,,523106,0,,0,0,,Null,2023/2024,BOTANY ROAD,HEADCORN PLACE,,Minor Crash,No,2024,,North,,0,,Flat,,,,,,Twilight,711141,1,0,1,2,,,0,,,,,,Auckland Region,Nil,2-way,Sealed,,0,0,,50,,Off,0,0,,76,Auckland,Give way,,,,,0,1,Urban,1,,,Fine,Null
1751929.1977,5915490.91,763861,,517901,0,,0,2,,Null,2022/2023,NEW NORTH ROAD,BOLLARD AVENUE,,Non-Injury Crash,No,2023,,South,,0,,Flat,,,,,,Dark,523800,0,0,0,4,,,0,,,,,,Auckland Region,Nil,2-way,Sealed,,0,0,,50,,On,0,0,,76,Auckland,Traffic Signals,,,,,0,0,Urban,0,,,Fine,Null
1759890.9864,5922666.125,763884,,509400,0,,0,1,,Null,2023/2024,SHOAL BAY ROAD,ST LEONARDS ROAD,,Minor Crash,No,2023,,South,,0,,Hill Road,,,,,,Dark,332600,1,0,1,2,,,0,,,,,,Auckland Region,Nil,2-way,Sealed,,0,0,,50,,On,0,0,,76,Auckland,Nil,,,,,0,0,Urban,0,,,Mist or Fog,Null
1741643.024,5929537.4448,763892,,505604,0,0,0,1,0,South,2022/2023,COATESVILLE-RIVERHEAD HIGHWAY,SHORT ROAD,,Fatal Crash,No,2023,0,North,1,2,0,Flat,0,,0,,0,Dark,214300,0,0,0,2,0,0,0,0,0,,0,1,Auckland Region,Nil,2-way,Sealed,0,0,1,0,60,0,None,0,0,,76,Auckland,Nil,0,0,0,0,0,0,Urban,0,0,0,Fine,Null
1753560.5478,5916021.6218,763901,,517800,0,0,0,2,0,North,2023/2024,MOUNT ALBERT ROAD,KERR-TAYLOR AVENUE,,Non-Injury Crash,No,2023,0,North,0,0,0,Flat,0,,0,,0,Overcast,528900,0,0,0,2,0,0,0,0,1,,0,0,Auckland Region,Nil,2-way,Sealed,0,0,0,0,50,0,Off,0,0,,76,Auckland,Nil,0,0,0,0,0,0,Urban,0,0,0,Fine,Null
1754484.7694,5930896.6224,763907,,508520,0,,0,2,,North,2022/2023,NORTHERN MOTORWAY,UPPER HARBOUR HWY ON RAMP,,Non-Injury Crash,Yes,2023,,South,,0,,Hill Road,,,,,,Overcast,191107,0,0,0,3,,,0,,,,,,Auckland Region,Motorway ramp,1-way,Sealed,,0,0,,100,,Off,0,0,80,76,Auckland,Nil,,,,,0,0,Open,0,,,Light rain,Null
1772945.9153,5891249.5394,763923,,521301,0,,0,2,,North,2022/2023,SOUTHERN MOTORWAY,GREAT SOUTH ROAD OFF RAMP,,Non-Injury Crash,Yes,2023,,North,,0,,Flat,,,,,,Bright sun,809200,0,0,0,2,,,0,,,,,,Auckland Region,Bridge,1-way,Sealed,,0,0,,100,,None,0,0,,76,Auckland,Nil,,,,,0,0,Open,0,,,Fine,Null
1758384.32,5917449.2417,763925,,519200,0,,1,0,,Null,2023/2024,MANUKAU ROAD,ALPERS AVENUE,,Non-Injury Crash,No,2023,,North,,0,,Flat,,,,,,Dark,613600,0,0,0,4,,,0,,,,,,Auckland Region,Nil,2-way,Sealed,,0,0,,50,,On,0,0,,76,Auckland,Traffic Signals,,,,,0,0,Urban,1,,,Fine,Null
1772815.2266,5892411.056,763931,,521301,0,,0,1,,South,2023/2024,SOUTHERN MOTORWAY,SLIPPERY CK BR,,Non-Injury Crash,Yes,2023,,North,,0,,Flat,,,,,,Overcast,808702,0,0,0,2,,,0,,,,,,Auckland Region,Nil,1-way,Sealed,,0,0,,100,,Off,1,0,,76,Auckland,Nil,,,,,0,0,Open,0,,,Fine,Null
1768909.6439,5915850.0658,763941,,522730,0,0,0,2,0,Null,2023/2024,PRINCE REGENT DRIVE,PALMYRA WAY,,Non-Injury Crash,No,2023,0,South,0,0,0,Flat,0,,0,,0,Bright sun,679801,0,0,0,2,0,0,0,0,2,,0,0,Auckland Region,Nil,2-way,Sealed,0,0,0,0,50,0,Off,0,0,,76,Auckland,Nil,0,0,0,0,0,0,Urban,1,0,0,Fine,Null
1742078.8222,5948669.6961,763964,45,506614,0,0,0,1,0,West,2024/2025,HARURU ROAD,WERANUI ROAD,,Minor Crash,No,2024,0,East,0,0,1,Hill Road,0,,0,,0,Overcast,177000,1,0,0,2,0,0,0,0,0,,0,0,Auckland Region,Nil,2-way,Sealed,0,0,0,0,80,0,None,0,0,,76,Auckland,Nil,0,0,0,0,0,0,Open,0,0,0,Fine,Null
1768159.7731,5878400.0169,763995,,525921,0,0,0,1,0,South,2022/2023,ANZAC ROAD,JELLICOE ROAD,,Non-Injury Crash,No,2023,0,North,0,0,1,Hill Road,0,,0,,0,Dark,822705,0,0,0,2,0,1,0,0,0,,0,1,Auckland Region,Nil,2-way,Sealed,0,0,0,0,60,0,On,0,0,,76,Auckland,Nil,0,0,0,0,0,0,Urban,0,0,0,Light rain,Null
1757423.2596,5920314.943,764004,,514103,0,,0,0,,North,2023/2024,LORNE STREET,TE HA O HINE PLACE,,Minor Crash,No,2024,,South,,0,,Flat,,,,,,Overcast,437101,1,0,0,1,,,0,,,1,,,Auckland Region,Nil,1-way,Sealed,,0,0,,30,,Off,1,0,,76,Auckland,Nil,,,,,0,0,Urban,0,,,Light rain,Null
1769318.3958,5901196.229,764013,,524901,0,,0,1,,Null,2023/2024,CLAUDE ROAD,HALVER ROAD,,Serious Crash,No,2024,,North,,0,,Flat,,,,,,Twilight,757500,0,0,1,2,,,0,,,,,,Auckland Region,Nil,2-way,Sealed,,0,1,,50,,Off,0,0,,76,Auckland,Give way,,,,,0,0,Urban,0,,,Fine,Null
1742604.8083,5926537.635,764029,,513410,0,,0,0,,North,2023/2024,BRIGHAM CREEK ROAD,SH 16,,Non-Injury Crash,No,2023,,North,,0,,Flat,,,,,,Overcast,223100,0,0,0,2,,,0,,,,,,Auckland Region,Nil,1-way,Sealed,,0,0,,80,,Off,0,0,,76,Auckland,Nil,,,,,2,0,Open,0,,,Light rain,Null
1756121.2223,5923844.8986,764035,,509800,0,,0,0,,South,2022/2023,NORTHERN MOTORWAY,WEIGH BRIDGE,,Non-Injury Crash,Yes,2023,,Null,,0,,Flat,,,,,,Overcast,358800,0,0,0,5,,,0,,,,,,Auckland Region,Bridge,1-way,Sealed,,0,0,,80,,Off,0,0,70,76,Auckland,Nil,,,,,1,0,Open,0,,,Fine,Null
1755035.6328,5930850.0241,764044,,508520,0,0,0,1,0,South,2023/2024,SYCAMORE DRIVE,JUNIPER ROAD,,Non-Injury Crash,No,2024,0,South,0,0,0,Flat,0,,0,,0,Dark,191401,0,0,0,2,0,0,0,0,1,,0,0,Auckland Region,Nil,2-way,Sealed,0,0,0,0,50,0,On,0,0,,76,Auckland,Nil,0,0,0,0,0,0,Urban,1,0,0,Light rain,Null
1763329.3753,5907012.0372,764059,,524301,0,0,0,1,0,South,2022/2023,GRAEME AVENUE,EARLSWORTH ROAD,,Non-Injury Crash,No,2023,0,South,0,0,1,Flat,0,,0,,0,Dark,748500,0,0,0,2,0,0,0,0,0,,0,0,Auckland Region,Nil,2-way,Sealed,0,0,0,0,50,0,On,0,0,,76,Auckland,Nil,0,0,0,0,0,0,Urban,0,0,0,Fine,Null
1769727.2686,5907340.732,764060,,523712,0,,1,1,,Null,2023/2024,CHAPEL ROAD,ORMISTON ROAD,,Non-Injury Crash,No,2024,,North,,0,,Flat,,,,,,Bright sun,712803,0,0,0,4,,,0,,,,,,Auckland Region,Nil,2-way,Sealed,,0,0,,50,,None,0,0,,76,Auckland,Traffic Signals,,,,,0,0,Urban,0,,,Fine,None
1772986.5799,5896175.9686,764069,45,525410,0,,0,1,,North,2023/2024,RAILWAY STREET WEST,WOOD STREET,,Minor Crash,No,2023,,North,,0,,Flat,,,,,,Bright sun,793000,1,0,0,2,,,0,,,1,,,Auckland Region,Nil,1-way,Sealed,,0,0,,50,,Off,0,0,,76,Auckland,Nil,,,,,0,0,Urban,0,,,Fine,Null
1750112.3588,5915175.8463,764076,,514802,0,,0,1,,South,2022/2023,ASH STREET,SANDY LANE,,Non-Injury Crash,No,2023,,East,,0,,Flat,,,,,,Bright sun,386902,0,0,0,4,,,0,,,,,,Auckland Region,Nil,2-way,Sealed,,0,0,,50,,Off,0,0,,76,Auckland,Nil,,,,,0,0,Urban,1,,,Fine,Strong wind
1770480.7343,5911264.7914,764092,,523109,0,,0,1,,Null,2022/2023,TI RAKAU DRIVE,TI RAKAU DRIVE,,Non-Injury Crash,No,2023,,West,,0,,Flat,,,,,,Overcast,711709,0,0,0,6,,,0,,,,,,Auckland Region,Nil,2-way,Sealed,,0,0,,50,,Off,0,0,,76,Auckland,Traffic Signals,,,,,0,0,Urban,1,,,Fine,Null
1743807.1998,5923934.7319,764108,,513511,0,,0,1,,East,2023/2024,FRED TAYLOR DRIVE,MAKI STREET,,Non-Injury Crash,No,2023,,West,,0,,Flat,,,,,,Bright sun,224306,0,0,0,2,,,0,,,,,,Auckland Region,Nil,1-way,Sealed,,0,0,,50,,None,0,0,,76,Auckland,Nil,,,,,1,0,Urban,0,,,Fine,Null
1753551.0701,5927941.1713,764123,,508210,0,,0,2,,Null,2022/2023,KAIPATIKI ROAD,GLENFIELD ROAD,,Minor Crash,No,2023,,East,,0,,Hill Road,,,,,,Bright sun,186500,1,0,0,3,,,0,,,,,,Auckland Region,Nil,1-way,Sealed,,0,0,,50,,Off,0,0,,76,Auckland,Give way,,,,,0,0,Urban,0,,,Fine,Null
1757030.3895,5916820.1669,764139,,518202,0,,0,2,,Null,2022/2023,MOUNT EDEN ROAD,STOKES ROAD,,Minor Crash,No,2023,,South,,0,,Flat,,,,,,Dark,550000,1,0,0,3,,,0,,,,,,Auckland Region,Nil,2-way,Sealed,,0,0,,50,,On,0,0,,76,Auckland,Traffic Signals,,,,,0,0,Urban,0,,,Light rain,Null
1763383.1034,5914763.3936,764141,,520401,0,,0,1,,South,2022/2023,THOMPSON PARK ROAD,BANKS ROAD,,Serious Crash,No,2023,,North,,0,,Flat,,,,,,Bright sun,643500,0,0,0,2,,,0,,,1,,,Auckland Region,Nil,2-way,Sealed,,0,1,,50,,Off,0,0,,76,Auckland,Nil,,,,,0,0,Urban,0,,,Fine,Null
1758351.257,5917905.9681,764164,,517400,0,,0,1,,Null,2022/2023,MORTIMER PASS,COVENTRY LANE,,Non-Injury Crash,No,2023,,East,,0,,Flat,,,,,,Bright sun,451300,0,0,0,2,,,0,,,,,,Auckland Region,Nil,1-way,Sealed,,0,0,,50,,Off,1,0,,76,Auckland,Stop,,,,,0,0,Urban,0,,,Fine,Strong wind
1757170.2673,5912503.9352,764165,,518702,0,0,0,1,0,South,2022/2023,SOUTH-WESTERN MOTORWAY,HILLSBOROUGH ROAD OFF RAMP,,Non-Injury Crash,Yes,2023,0,North,0,0,0,Hill Road,1,,0,,0,Dark,570702,0,0,0,3,0,0,0,0,0,,0,0,Auckland Region,Nil,1-way,Sealed,0,0,0,0,100,0,On,0,0,,76,Auckland,Nil,0,0,0,0,0,0,Open,0,0,0,Fine,Null
1751431.6684,5950790.7299,764172,,505805,0,0,0,1,1,North,2022/2023,MARINE PARADE,PURIRI AVENUE,,Non-Injury Crash,No,2023,0,North,0,0,0,Flat,0,,0,,0,Dark,171104,0,0,0,1,0,0,0,0,0,,0,0,Auckland Region,Nil,2-way,Sealed,0,0,0,0,50,0,None,0,0,,76,Auckland,Nil,0,0,0,0,0,0,Urban,0,0,0,Heavy rain,Null
1741203.7806,5965085.789,764181,,506613,0,,0,0,,South,2023/2024,WOODCOCKS ROAD,KAPONGA LANE,,Serious Crash,No,2023,,East,,0,,Flat,,,,,,Overcast,145900,0,0,1,2,,,0,,,,,,Auckland Region,Nil,2-way,Sealed,,0,1,,100,,None,0,0,,76,Auckland,Nil,,,,,0,0,Open,0,,,Light rain,Null
1774680.1323,5896824.2766,764189,,525610,0,,0,2,,North,2022/2023,PRESIDENT AVENUE,HAPAI LANE,,Non-Injury Crash,No,2023,,South,,0,,Flat,,,,,,Overcast,799800,0,0,0,2,,,0,,,,,,Auckland Region,Nil,2-way,Sealed,,0,0,,50,,Off,0,0,,76,Auckland,Nil,,,,,0,0,Urban,0,,,Light rain,Null
1756059.2806,5913362.9474,764196,,518701,0,,0,2,,North,2023/2024,DORNWELL ROAD,CARR ROAD,,Non-Injury Crash,No,2023,,South,,0,,Flat,,,,,,Bright sun,569503,0,0,0,2,,,0,,,,,,Auckland Region,Nil,2-way,Sealed,,0,0,,50,,Off,0,0,,76,Auckland,Nil,,,,,0,0,Urban,0,,,Fine,Null
1755163.3595,5878702.697,764203,,521152,0,0,0,1,0,South,2023/2024,GLENBROOK-WAIUKU ROAD,MORLEY ROAD,,Serious Crash,No,2023,0,West,0,0,0,Flat,1,,0,,0,Dark,834100,0,0,0,2,0,0,0,0,0,,0,0,Auckland Region,Nil,2-way,Sealed,0,0,1,0,80,0,None,0,0,,76,Auckland,Nil,0,0,0,0,0,0,Open,0,0,0,Light rain,Null
1766047.7574,5907710.6638,764213,,522301,0,,0,2,,North,2022/2023,SOUTHERN MOTORWAY,EAST TAMAKI ROAD ON RAMP,,Non-Injury Crash,Yes,2023,,North,,0,,Flat,,,,,,Dark,666700,0,0,0,3,,,0,,,,,,Auckland Region,Nil,1-way,Sealed,,0,0,,100,,On,0,0,,76,Auckland,Nil,,,,,0,0,Open,0,,,Light rain,Null
1761291.9413,5916721.4934,764220,,516003,0,,0,1,,Null,2023/2024,REMUERA ROAD,TAHORA AVENUE,,Minor Crash,No,2024,,East,,0,,Flat,,,,,,Overcast,495900,1,0,0,4,,,0,,,,,,Auckland Region,Nil,2-way,Sealed,,0,0,,50,,Off,1,0,,76,Auckland,Stop,,,,,0,0,Urban,0,,,Fine,Null
1755928.6526,5931503.7448,764221,,508520,0,,0,1,,South,2022/2023,EAST COAST ROAD,KOWHAI ROAD,,Non-Injury Crash,No,2023,,South,,0,,Flat,,,,,,Bright sun,189901,0,0,0,2,,,0,,,,,,Auckland Region,Nil,2-way,Sealed,,0,0,,50,,Off,1,0,,76,Auckland,Nil,,,,,0,0,Urban,0,,,Fine,Null
1770500.1561,5898124.5109,764259,,523920,0,0,0,1,0,East,2022/2023,KINDERGARTEN DRIVE,CHIBNALL PLACE,,Minor Crash,No,2023,0,East,0,0,0,Flat,0,,0,,0,Dark,767501,1,0,0,2,0,0,0,0,0,,0,0,Auckland Region,Nil,2-way,Sealed,0,0,0,0,50,0,Off,0,0,,76,Auckland,Nil,0,0,0,1,0,0,Urban,0,0,0,Fine,Null
1728325.7535,5941737.3839,764261,,506645,0,,0,2,,Null,2023/2024,PARAKAI AVENUE,RERE PLACE,,Non-Injury Crash,No,2023,,West,,0,,Flat,,,,,,Bright sun,210803,0,0,0,2,,,0,,,,,,Auckland Region,Speed hump,2-way,Sealed,,0,0,,50,,Off,0,0,,76,Auckland,Give way,,,,,0,0,Urban,0,,,Fine,Null
1765838.8423,5907161.3988,764300,,522301,0,,0,2,,West,2023/2024,EAST TAMAKI ROAD,WINTERE ROAD,,Minor Crash,No,2023,,West,,0,,Flat,,,,,,Bright sun,666400,1,0,0,4,,,0,,,,,,Auckland Region,Nil,2-way,Sealed,,0,0,,50,,Off,0,0,,76,Auckland,Nil,,,,,0,0,Urban,0,,,Fine,Null
1775106.4647,5887004.7301,764316,,521132,0,,0,1,,South,2022/2023,SOUTHERN MOTORWAY,RAMARAMA OFF RAMP,,Non-Injury Crash,Yes,2023,,North,,0,,Flat,,,,,,Bright sun,814003,0,0,0,2,,,0,,,,,,Auckland Region,Nil,1-way,Sealed,,0,0,,100,,Off,1,0,,76,Auckland,Nil,,,,,0,0,Open,0,,,Fine,Null
1765067.6582,5910192.9792,764341,,521801,0,,0,2,,South,2023/2024,SOUTHERN MOTORWAY,PRINCES STREET,,Non-Injury Crash,Yes,2023,,North,,0,,Flat,,,,,,Bright sun,787700,0,0,0,3,,,0,,,,,,Auckland Region,Motorway ramp,1-way,Sealed,,0,0,,100,,Off,0,0,,76,Auckland,Nil,,,,,0,0,Open,0,,,Fine,Null
1756044.0781,5917670.305,764348,,518102,1,0,0,2,0,Null,2023/2024,ONSLOW ROAD,CROMWELL STREET,,Minor Crash,No,2024,0,North,0,0,0,Flat,0,,0,,0,Twilight,545900,1,0,0,2,0,0,0,0,1,,0,0,Auckland Region,Nil,2-way,Sealed,0,0,0,0,50,0,Off,0,0,,76,Auckland,Stop,0,0,0,0,0,0,Urban,0,0,0,Fine,Null
1754064.4433,5933739.0816,764372,,508804,0,0,0,3,0,South,2023/2024,GREVILLE ROAD,HAURAKI CRESCENT,,Non-Injury Crash,No,2023,0,West,0,0,0,Flat,0,,0,,0,Bright sun,180713,0,0,0,2,0,0,0,0,2,,0,0,Auckland Region,Nil,2-way,Sealed,0,0,0,0,50,0,Off,0,0,,76,Auckland,Nil,0,0,0,0,0,0,Urban,0,0,0,Fine,Null
1765408.9569,5907184.507,764373,,522201,0,,0,2,,Null,2023/2024,GREAT SOUTH ROAD,MAXWELL AVENUE,,Non-Injury Crash,No,2023,,South,,0,,Flat,,,,,,Twilight,661100,0,0,0,4,,,0,,,,,,Auckland Region,Nil,2-way,Sealed,,0,0,,50,,Off,0,0,,76,Auckland,Nil,,,,,0,0,Urban,0,,,Fine,Null
1751273.3435,5931863.0396,764389,,508807,0,0,0,0,0,West,2022/2023,JOHN GLENN AVENUE,UNITY DRIVE NORTH,,Non-Injury Crash,No,2023,0,West,0,0,0,Flat,0,,1,,1,Dark,180301,0,0,0,2,0,0,0,0,0,,0,0,Auckland Region,Nil,2-way,Sealed,0,0,0,0,50,0,On,1,0,,76,Auckland,Nil,0,0,0,0,0,0,Urban,0,0,0,Light rain,Null
1756723.9499,5926595.7964,764405,,507900,0,,0,1,,South,2022/2023,NORTHERN MOTORWAY,NORTHCOTE ROAD ON RAMP,,Non-Injury Crash,Yes,2023,,South,,0,,Hill Road,,,,,,Overcast,303901,0,0,0,3,,,0,,,,,,Auckland Region,Motorway ramp,1-way,Sealed,,0,0,,100,,Off,0,0,80,76,Auckland,Nil,,,,,0,0,Open,0,,,Fine,Null
1768077.1028,5881059.4725,764411,,525910,0,,0,0,,Null,2022/2023,HELVETIA ROAD,VICTORIA STREET WEST,,Non-Injury Crash,No,2023,,South,,0,,Hill Road,,,,,,Dark,819900,0,0,0,2,,,0,,,,,,Auckland Region,Nil,2-way,Sealed,,0,0,,50,,On,2,0,,76,Auckland,Stop,,,,,0,0,Urban,0,,,Fine,Null
1766912.4794,5900008.4809,764419,,524713,0,,1,1,,Null,2022/2023,WEYMOUTH ROAD,ANTALYA PLACE,,Non-Injury Crash,No,2023,,West,,0,,Flat,,,,,,Bright sun,775805,0,0,0,2,,,0,,,,,,Auckland Region,Nil,2-way,Sealed,,0,0,,50,,Off,0,0,,76,Auckland,Give way,,,,,0,0,Urban,0,,,Fine,Null
1765560.7652,5908185.8106,764420,,523403,0,,1,1,,Null,2023/2024,BAIRDS ROAD,WYMONDLEY ROAD,,Minor Crash,No,2023,,East,,0,,Hill Road,,,,,,Dark,696600,2,0,0,2,,,0,,,,,,Auckland Region,Nil,2-way,Sealed,,0,0,,50,,On,0,0,,76,Auckland,Traffic Signals,,,,,0,0,Urban,0,,,Fine,Null
1764719.5709,5917023.9087,764428,,517201,0,0,0,3,0,North,2023/2024,HOWARD HUNTER AVENUE,SWAINSTON ROAD,,Non-Injury Crash,No,2023,0,South,0,0,0,Hill Road,0,,0,,0,Overcast,465102,0,0,0,2,0,0,0,0,1,,0,0,Auckland Region,Nil,2-way,Sealed,0,0,0,0,50,0,Off,0,0,,76,Auckland,Nil,0,0,0,0,0,0,Urban,0,0,0,Fine,Null
1759052.5966,5916929.7173,764452,,516001,0,,0,1,,North,2023/2024,SOUTHERN MOTORWAY,MARKET OBR,,Non-Injury Crash,Yes,2023,,North,,0,,Flat,,,,,,Overcast,491200,0,0,0,3,,,0,,,,,,Auckland Region,Nil,1-way,Sealed,,0,0,,80,,Null,1,0,,76,Auckland,Nil,,,,,0,0,Open,0,,,Light rain,Null
1757714.9365,5920278.8351,764467,,514103,0,,0,0,,North,2022/2023,PRINCES STREET,ALFRED STREET,,Minor Crash,No,2023,,North,,0,,Flat,,,,,,Bright sun,437300,1,0,1,2,,,0,,,1,,,Auckland Region,Nil,2-way,Sealed,,0,0,,50,,Off,0,0,,76,Auckland,Give way,,,,,0,0,Urban,0,,,Fine,Null
1755990.6142,5924527.8969,764484,,509800,0,,0,1,,East,2022/2023,ONEWA ROAD,ONEPOTO CYCLEWAY,,Non-Injury Crash,No,2023,,East,,0,,Hill Road,,,,,,Bright sun,360500,0,0,0,4,,,0,,,,,,Auckland Region,Nil,2-way,Sealed,,0,0,,50,,Off,0,0,,76,Auckland,Nil,,,,,1,0,Urban,0,,,Fine,Null
1765625.7,5908915.5535,764485,,523402,0,,0,2,,Null,2023/2024,HIGHBROOK DRIVE,HELLABYS ROAD,,Minor Crash,No,2024,,South,,0,,Flat,,,,,,Bright sun,696900,1,0,0,2,,,0,,,,,,Auckland Region,Nil,1-way,Sealed,,0,0,,60,,Off,0,0,,76,Auckland,Give way,,,,,0,0,Urban,0,,,Fine,Null
1766877.7398,5903859.0998,764491,,524604,0,0,0,1,0,Null,2022/2023,LAMBIE DRIVE,LAMBIE DRIVE,,Non-Injury Crash,No,2023,0,South,0,0,0,Flat,0,,0,,0,Bright sun,780210,0,0,0,3,0,0,0,0,0,,0,0,Auckland Region,Motorway ramp,1-way,Sealed,0,0,0,0,60,0,Off,1,0,,76,Auckland,Traffic Signals,0,1,0,0,0,0,Urban,0,0,0,Fine,Null
1753983.7977,5934828.0753,764499,,508704,0,,0,2,,Null,2022/2023,EAST COAST ROAD,PONDEROSA DRIVE,,Non-Injury Crash,No,2023,,North,,0,,Flat,,,,,,Twilight,179122,0,0,0,4,,,0,,,,,,Auckland Region,Nil,2-way,Sealed,,0,0,,50,,Off,0,0,,76,Auckland,Give way,,,,,0,0,Urban,0,,,Fine,Null
1769135.0941,5906461.5756,764532,,523712,0,0,0,2,0,West,2022/2023,WHETSTONE ROAD,TE IRIRANGI DRIVE,,Non-Injury Crash,No,2023,0,East,0,0,0,Flat,0,,0,,0,Bright sun,713012,0,0,0,1,0,0,0,0,1,,0,0,Auckland Region,Nil,2-way,Sealed,0,0,0,0,50,0,None,0,0,,76,Auckland,Nil,0,0,0,0,0,0,Urban,1,0,0,Fine,None
1766749.3495,5902725.6496,764540,,524602,0,0,0,1,1,East,2024/2025,KERRS ROAD,DALGETY DRIVE,,Non-Injury Crash,No,2024,0,West,0,0,0,Flat,0,,0,,1,Dark,780407,0,0,0,2,0,0,0,0,0,,0,0,Auckland Region,Nil,2-way,Sealed,0,0,0,0,50,0,On,0,0,,76,Auckland,Nil,0,0,0,0,0,0,Urban,0,0,0,Fine,Null
1757300.4749,5919700.5145,764579,,514103,0,0,0,1,1,East,2022/2023,LIVERPOOL STREET,WHITE STREET,,Minor Crash,No,2023,0,North,0,0,0,Hill Road,0,,0,,0,Twilight,436300,1,0,0,2,0,0,0,0,0,,0,0,Auckland Region,Nil,2-way,Sealed,0,0,0,0,30,0,On,0,0,,76,Auckland,Nil,0,0,0,0,0,0,Urban,0,0,0,Light rain,Null
1754798.9185,5912953.4039,764580,,518803,0,,0,1,,North,2024/2025,DOMINION ROAD,HOWELL CRESCENT,,Minor Crash,No,2025,,South,,0,,Hill Road,,,,,,Bright sun,583600,2,0,0,2,,,0,,,,,,Auckland Region,Nil,2-way,Sealed,,0,0,,50,,Off,0,0,,76,Auckland,Nil,,,,,0,0,Urban,1,,,Fine,Null
1764006.0566,5904318.3365,764588,,522100,0,0,0,2,0,North,2023/2024,SOUTH-WESTERN MOTORWAY,PUHINUI ROAD,,Non-Injury Crash,Yes,2024,0,South,0,0,0,Flat,1,,0,,0,Dark,781001,0,0,0,2,0,0,0,0,0,,0,0,Auckland Region,Overpass,1-way,Sealed,0,0,0,0,100,0,On,0,0,,76,Auckland,Nil,0,0,0,0,0,0,Open,1,0,0,Fine,Null
1768321.9915,5901996.9195,764604,,525001,0,,0,0,,North,2024/2025,GREAT SOUTH ROAD,GRANDE VUE ROAD,,Non-Injury Crash,No,2024,,South,,0,,Null,,,,,,Unknown,750800,0,0,0,2,,,0,,,,,,Auckland Region,Nil,2-way,Null,,0,0,,50,,Null,1,0,,76,Auckland,Nil,,,,,0,1,Urban,1,,,Null,Null