X,Y,OBJECTID,advisorySpeed,areaUnitID,bicycle,bridge,bus,carStationWagon,cliffBank,crashDirectionDescription,crashFinancialYear,crashLocation1,crashLocation2,crashRoadSideRoad,crashSeverity,crashSHDescription,crashYear,debris,directionRoleDescription,ditch,fatalCount,fence,flatHill,guardRail,holiday,houseOrBuilding,intersection,kerb,light,meshblockId,minorInjuryCount,moped,motorcycle,NumberOfLanes,objectThrownOrDropped,otherObject,otherVehicleType,overBank,parkedVehicle,pedestrian,phoneBoxEtc,postOrPole,region,roadCharacter,roadLane,roadSurface,roadworks,schoolBus,seriousInjuryCount,slipOrFlood,speedLimit,strayAnimal,streetLight,suv,taxi,temporarySpeedLimit,tlaId,tlaName,trafficControl,trafficIsland,trafficSign,train,tree,truck,unknownVehicleType,urban,vanOrUtility,vehicle,waterRiver,weatherA,weatherB
1770799.6622,5914207.2208,764628,,522722,0,,0,1,,West,2023/2024,BRADBURY ROAD,BOTANY ROAD,,Non-Injury Crash,No,2024,,South,,0,,Flat,,,,,,Bright sun,647601,0,0,0,2,,,0,,,,,,Auckland Region,Nil,2-way,Sealed,,0,0,,50,,Null,1,0,,76,Auckland,Nil,,,,,0,0,Urban,0,,,Fine,Null
1772302.8843,5893600.6953,764660,,521201,0,0,0,0,0,South,2023/2024,SOUTHERN MOTORWAY,PARK ESTATE OBR,,Non-Injury Crash,Yes,2024,0,North,0,0,0,Flat,1,,0,,0,Dark,806800,0,0,0,2,0,0,0,0,0,,0,0,Auckland Region,Motorway ramp,1-way,Sealed,0,0,0,0,100,0,On,0,0,,76,Auckland,Nil,0,0,0,0,0,0,Open,1,0,0,Fine,Null
1752978.7343,5934921.644,764684,,508704,0,0,0,1,0,South,2023/2024,NORTHERN MOTORWAY,OTEHA VALLEY OBR,,Non-Injury Crash,Yes,2024,1,South,0,0,0,Hill Road,0,,0,,0,Overcast,179113,0,0,0,2,0,0,0,0,0,,0,0,Auckland Region,Nil,1-way,Sealed,0,0,0,0,100,0,Off,0,0,,76,Auckland,Nil,0,0,0,0,0,0,Open,1,0,0,Fine,Null
1765472.5909,5903722.4694,764701,,524604,0,,0,4,,East,2022/2023,SOUTH-WESTERN MOTORWAY,CAVENDISH DRIVE OFF RAMP,,Non-Injury Crash,Yes,2023,,West,,0,,Flat,,,,,,Overcast,781302,0,0,0,2,,,0,,,,,,Auckland Region,Nil,1-way,Sealed,,0,0,,100,,Off,1,0,,76,Auckland,Nil,,,,,0,0,Open,0,,,Heavy rain,Null
1764435.9204,5909809.826,764724,,521802,0,0,0,2,0,South,2024/2025,CHURCH STREET,AVENUE ROAD,,Minor Crash,No,2024,0,North,0,0,0,Flat,0,,0,,0,Overcast,787900,1,0,0,2,0,0,0,0,1,,0,0,Auckland Region,Nil,2-way,Sealed,0,0,0,0,30,0,Off,0,0,,76,Auckland,Nil,0,0,0,0,0,0,Urban,0,0,0,Fine,Null
1745815.7057,5917463.6636,764740,,510700,0,,0,2,,North,2022/2023,EDMONTON ROAD,TAKAPU STREET,,Non-Injury Crash,No,2023,,East,,0,,Hill Road,,,,,,Bright sun,240401,0,0,0,2,,,0,,,,,,Auckland Region,Nil,2-way,Sealed,,0,0,,50,,Off,0,0,,76,Auckland,Nil,,,,,0,0,Urban,0,,,Fine,Null
1770340.5132,5911301.6272,764757,,523109,0,,0,2,,Null,2022/2023,TI RAKAU DRIVE,BOTANY ROAD,,Non-Injury Crash,No,2023,,West,,0,,Null,,,,,,Unknown,711709,0,0,0,5,,,0,,,,,,Auckland Region,Nil,1-way,Sealed,,0,0,,60,,Null,0,0,,76,Auckland,Traffic Signals,,,,,0,0,Urban,0,,,Null,Null
1770343.1592,5911300.8584,764772,,523109,0,,0,1,,Null,2023/2024,TI RAKAU DRIVE,TE IRIRANGI DRIVE,,Minor Crash,No,2024,,West,,0,,Flat,,,,,,Overcast,711709,3,0,0,5,,,0,,,,,,Auckland Region,Nil,1-way,Sealed,,0,0,,60,,Off,1,0,,76,Auckland,Traffic Signals,,,,,0,0,Urban,0,,,Light rain,Null
1759703.9075,5908942.1923,764781,55,524121,0,0,0,1,0,East,2022/2023,CORONATION ROAD OFF RAMP,CORONATION ROAD,,Non-Injury Crash,No,2023,0,West,0,0,0,Flat,1,,0,,0,Dark,737000,0,0,0,1,0,0,0,0,0,,0,0,Auckland Region,Motorway ramp,1-way,Sealed,0,0,0,0,100,0,On,0,0,,76,Auckland,Nil,0,0,0,0,0,0,Open,0,0,0,Fine,Null
1751851.1698,5925991.1961,764805,,510220,0,,0,2,,South,2023/2024,BIRKDALE ROAD,BESWICK PLACE,,Minor Crash,No,2024,,North,,0,,Flat,,,,,,Twilight,349400,1,0,0,2,,,0,,,,,,Auckland Region,Nil,2-way,Sealed,,0,0,,50,,On,0,0,,76,Auckland,Nil,,,,,0,0,Urban,0,,,Fine,Null
1757632.4905,5915235.1198,764811,,515802,0,,0,2,,Null,2022/2023,THE DRIVE,ONSLOW AVENUE,,Non-Injury Crash,No,2023,,North,,0,,Flat,,,,,,Dark,448200,0,0,0,2,,,0,,,,,,Auckland Region,Nil,2-way,Sealed,,0,0,,50,,On,0,0,,76,Auckland,Stop,,,,,0,0,Urban,0,,,Fine,Null
1764138.8322,5912913.1093,764820,,520500,1,,0,1,,South,2023/2024,TE KEHU WAY,SOUTH-EASTERN HIGHWAY,,Minor Crash,No,2023,,North,,0,,Flat,,,,,,Bright sun,637500,1,0,0,3,,,0,,,,,,Auckland Region,Underpass,2-way,Sealed,,0,0,,30,,Off,0,0,,76,Auckland,Nil,,,,,0,0,Urban,0,,,Fine,Null
1760932.7356,5907108.9108,764821,,524112,0,,0,2,,South,2023/2024,SOUTH-WESTERN MOTORWAY,BADER OBR,,Minor Crash,Yes,2024,,North,,0,,Flat,,,,,,Overcast,742102,1,0,0,2,,,0,,,,,,Auckland Region,Nil,1-way,Sealed,,0,0,,100,,Off,0,0,,76,Auckland,Nil,,,,,0,0,Open,0,,,Fine,Null
1748143.3287,5913885.9733,764836,,511700,0,0,0,1,0,Null,2023/2024,WEST COAST ROAD,WESTWARD HO ROAD,,Non-Injury Crash,No,2023,0,South,0,0,0,Flat,0,,0,,0,Dark,270202,0,0,0,4,0,1,0,0,0,,0,0,Auckland Region,Nil,2-way,Sealed,0,0,0,0,50,0,On,0,0,,76,Auckland,Give way,0,0,0,1,0,0,Urban,0,0,0,Fine,Null
1765348.546,5908576.133,764845,45,523403,0,0,0,1,0,South,2022/2023,FIRTH CRESCENT,WYMONDLEY ROAD,,Non-Injury Crash,No,2023,0,North,0,0,1,Flat,0,,0,,0,Dark,699600,0,0,0,2,0,0,0,0,1,,0,0,Auckland Region,Nil,2-way,Sealed,0,0,0,0,50,0,On,1,0,,76,Auckland,Nil,0,0,0,0,0,0,Urban,1,0,0,Fine,Null
1761083.2516,5923216.4885,764875,,509400,0,0,0,2,0,Null,2022/2023,TAINUI ROAD,MATAI ROAD,,Minor Crash,No,2023,0,North,0,0,0,Flat,0,,0,,0,Dark,333400,1,0,0,2,0,0,0,0,1,,0,0,Auckland Region,Nil,2-way,Sealed,0,0,0,0,50,0,On,0,0,,76,Auckland,Nil,0,0,0,0,0,0,Urban,0,0,0,Fine,Null
1749369.253,5941242.6544,764901,,506300,0,0,0,1,0,South,2023/2024,NORTHERN MOTORWAY,WILKS OBR,,Minor Crash,Yes,2023,0,South,0,0,1,Flat,1,,0,,0,Bright sun,175902,1,0,0,2,0,0,0,0,0,,0,0,Auckland Region,Nil,1-way,Sealed,0,0,0,0,100,0,Off,0,0,,76,Auckland,Nil,0,0,0,0,0,0,Open,0,0,0,Fine,Null
1757688.0677,5918281.4624,764940,,518101,0,,0,1,,South,2023/2024,SOUTHERN MOTORWAY,KHYBER PASS ROAD OFF RAMP,,Non-Injury Crash,Yes,2023,,North,,0,,Flat,,,,,,Bright sun,543000,0,0,0,4,,,0,,,,,,Auckland Region,Nil,1-way,Sealed,,0,0,,80,,Off,1,0,,76,Auckland,Nil,,,,,0,0,Open,0,,,Fine,Null
1746445.4627,5918744.5408,764956,,512401,0,0,0,2,0,Null,2024/2025,EDMONTON ROAD,SCHOOL ROAD,,Minor Crash,No,2024,0,West,0,0,0,Hill Road,0,,0,,0,Overcast,255800,1,0,0,3,0,0,0,0,0,,0,0,Auckland Region,Nil,2-way,Sealed,0,0,0,0,50,0,Off,0,0,,76,Auckland,Give way,0,1,0,1,0,0,Urban,0,0,0,Fine,Null
1760193.3717,5915963.7574,764964,,516003,0,,0,1,,Null,2023/2024,GREEN LANE EAST,GREEN LANE EAST ON RAMP,,Non-Injury Crash,No,2023,,West,,0,,Flat,,,,,,Bright sun,494902,0,0,0,2,,,0,,,,,,Auckland Region,Motorway ramp,1-way,Sealed,,0,0,,50,,Off,0,0,,76,Auckland,Give way,,,,,0,0,Urban,1,,,Fine,Null
1765507.5297,5915932.2909,764972,,520301,0,0,0,3,0,Null,2023/2024,PILKINGTON ROAD,TORINO STREET,,Non-Injury Crash,No,2024,0,North,0,0,0,Flat,0,,0,,0,Dark,478000,0,0,0,2,0,0,0,0,2,,0,0,Auckland Region,Nil,2-way,Sealed,0,0,0,0,50,0,On,0,0,,76,Auckland,Nil,0,0,0,0,0,0,Urban,0,0,0,Fine,Null
1770432.5043,5907185.8643,764973,,523713,0,,0,0,,West,2023/2024,ORMISTON ROAD,PENCAITLAND DRIVE,,Minor Crash,No,2023,,East,,0,,Flat,,,,,,Bright sun,713100,1,0,0,3,,,0,,,1,,,Auckland Region,Nil,2-way,Sealed,,0,0,,50,,Off,0,0,,76,Auckland,Nil,,,,,0,0,Urban,1,,,Fine,Null
1743085.8145,5921358.4459,764989,,513631,0,,0,2,,West,2024/2025,DON BUCK ROAD,MALMO PLACE,,Non-Injury Crash,No,2024,,West,,0,,Flat,,,,,,Dark,227206,0,0,0,2,,,0,,,,,,Auckland Region,Nil,2-way,Sealed,,0,0,,50,,On,0,0,,76,Auckland,Nil,,,,,0,0,Urban,0,,,Fine,Null
1754775.2539,5914511.672,764995,,518802,0,0,0,2,0,South,2023/2024,GIFFORD AVENUE,MAYN AVENUE,,Minor Crash,No,2023,0,South,0,0,0,Flat,0,,0,,0,Dark,577800,1,0,0,2,0,0,0,0,1,,0,0,Auckland Region,Nil,2-way,Sealed,0,0,0,0,50,0,On,0,0,,76,Auckland,Nil,0,0,0,0,0,0,Urban,0,0,0,Light rain,Null
1752965.534,5914781.1046,765005,,517902,0,,0,0,,West,2024/2025,SH 20,MAIORO STREET ON RAMP,,Non-Injury Crash,Yes,2025,,West,,0,,Null,,,,,,Bright sun,518900,0,0,0,3,,,0,,,,,,Auckland Region,Nil,1-way,Sealed,,0,0,,80,,Null,0,0,,76,Auckland,Nil,,,,,0,0,Open,2,,,Fine,Null
1757260.1611,5915334.0808,765013,,515802,0,,0,2,,Null,2024/2025,ST ANDREWS ROAD,ONSLOW AVENUE,,Minor Crash,No,2025,,North,,0,,Hill Road,,,,,,Dark,447802,1,0,0,2,,,0,,,1,,,Auckland Region,Nil,2-way,Sealed,,0,0,,50,,On,0,0,,76,Auckland,Stop,,,,,0,0,Urban,0,,,Fine,Null
1785398.8634,5925596.0635,765021,,520801,0,0,0,1,0,Null,2023/2024,ONETANGI ROAD,WAIATA ROAD,,Non-Injury Crash,No,2024,0,North,0,0,0,Flat,0,,0,,1,Bright sun,515403,0,0,0,2,0,0,0,0,0,,0,0,Auckland Region,Nil,2-way,Sealed,0,0,0,0,60,0,Off,0,0,,76,Auckland,Give way,0,0,0,0,0,0,Urban,0,0,0,Fine,Null
1758842.4667,5911498.6817,765029,,519820,0,,0,2,,North,2024/2025,SOUTH-WESTERN MOTORWAY,NEILSON STREET ON RAMP,,Non-Injury Crash,Yes,2025,,South,,0,,Flat,,,,,,Bright sun,602402,0,0,0,3,,,0,,,,,,Auckland Region,Motorway ramp,1-way,Sealed,,0,0,,100,,Off,0,0,,76,Auckland,Nil,,,,,0,0,Open,0,,,Fine,Null
1759873.2614,5924377.8269,765037,,509300,0,,0,1,,South,2024/2025,LAKE ROAD,OLD LAKE ROAD,,Non-Injury Crash,No,2024,,South,,0,,Null,,,,,,Bright sun,340200,0,0,0,2,,,0,,,,,,Auckland Region,Nil,2-way,Sealed,,0,0,,50,,Null,0,0,,76,Auckland,Nil,,,,,0,0,Urban,1,,,Fine,Null
1754960.7276,5918309.6059,765076,,515500,0,,0,1,,East,2023/2024,NORTH-WESTERN MOTORWAY,MOUNTAIN VIEW OBR,,Non-Injury Crash,Yes,2024,,East,,0,,Flat,,,,,,Bright sun,418800,0,0,0,4,,,0,,,,,,Auckland Region,Nil,1-way,Sealed,,0,0,,80,,Off,0,0,,76,Auckland,Nil,,,,,0,0,Open,1,,,Fine,Null
1777184.4046,5879835.2726,765084,,521160,0,0,0,1,0,North,2023/2024,GREAT SOUTH ROAD,RIDGE ROAD ON RAMP,,Non-Injury Crash,Yes,2023,0,North,1,0,1,Hill Road,0,,0,,0,Bright sun,828204,0,0,0,3,0,0,0,0,0,,0,0,Auckland Region,Nil,1-way,Sealed,0,0,0,0,100,0,Off,0,0,,76,Auckland,Nil,0,0,0,0,0,0,Open,0,0,0,Fine,Null
1755538.2246,5919129.1755,765092,,515420,0,0,0,4,0,South,2024/2025,TURAKINA STREET,WILLIAMSON AVENUE,,Non-Injury Crash,No,2025,0,South,0,0,0,Flat,0,,0,,0,Dark,410500,0,0,0,2,0,0,0,0,1,,0,0,Auckland Region,Nil,2-way,Sealed,0,0,0,0,50,0,On,0,0,,76,Auckland,Nil,0,0,0,0,0,0,Urban,0,0,0,Fine,Null
1749493.9807,5945741.9964,765093,,506001,0,,0,1,,South,2023/2024,EAST COAST ROAD,HIBISCUS COAST HIGHWAY,,Non-Injury Crash,No,2024,,North,,0,,Hill Road,,,,,,Overcast,175600,0,0,0,3,,,0,,,,,,Auckland Region,Nil,2-way,Sealed,,0,0,,50,,Off,1,0,,76,Auckland,Nil,,,,,0,0,Urban,0,,,Fine,Null
1754705.6415,5918325.5448,765147,,517600,0,,0,5,,East,2022/2023,NORTH-WESTERN MOTORWAY,MOUNTAIN VIEW OBR,,Minor Crash,Yes,2023,,West,,0,,Flat,,,,,,Bright sun,533200,2,0,0,3,,,0,,,,,,Auckland Region,Nil,1-way,Sealed,,0,0,,80,,None,2,1,,76,Auckland,Nil,,,,,0,0,Open,0,,,Fine,Null
1762630.261,5920799.3256,765156,,516400,0,0,0,1,1,East,2025/2026,TAMAKI DRIVE,HAPIMANA STREET,,Non-Injury Crash,No,2025,0,East,0,0,0,Flat,0,,0,,0,Dark,498801,0,0,0,2,0,0,0,0,0,,0,0,Auckland Region,Nil,2-way,Sealed,0,0,0,0,50,0,On,0,0,,76,Auckland,Nil,0,0,0,0,0,0,Urban,0,0,0,Heavy rain,Strong wind
1756918.1772,5920843.1088,765165,,514101,0,,0,2,,South,2023/2024,CUSTOMS STREET WEST,LUCY LANE,,Non-Injury Crash,No,2024,,North,,0,,Flat,,,,,,Bright sun,440114,0,0,0,2,,,0,,,,,,Auckland Region,Nil,2-way,Sealed,,0,0,,30,,Off,0,0,,76,Auckland,Nil,,,,,0,0,Urban,0,,,Fine,None
1764628.5876,5915181.7453,765172,,520301,0,0,0,2,0,East,2025/2026,MOUNTAIN ROAD,MAUNGAREI MEMORIAL DRIVE,,Minor Crash,No,2025,0,North,0,0,0,Hill Road,0,,0,,0,Dark,626404,1,0,0,2,0,0,0,0,1,,0,0,Auckland Region,Nil,2-way,Sealed,0,0,0,0,50,0,On,0,0,,76,Auckland,Nil,0,0,0,0,0,0,Urban,0,0,0,Fine,Null
1771165.4593,5895182.5778,765173,45,521201,0,,0,1,,Null,2022/2023,HARBOURSIDE DRIVE,HINGAIA ROAD,,Non-Injury Crash,No,2023,,East,,0,,Flat,,,,,,Overcast,806604,0,0,0,2,,,0,,,,,,Auckland Region,Nil,2-way,Sealed,,0,0,,50,,Off,0,0,,76,Auckland,Give way,,,,,0,1,Urban,0,,,Fine,None
1755755.822,5934075.8784,765188,,507200,0,,0,2,,Null,2024/2025,BEACH ROAD,BRAEMAR ROAD,,Minor Crash,No,2025,,East,,0,,Flat,,,,,,Bright sun,156701,1,0,0,2,,,0,,,,,,Auckland Region,Nil,2-way,Sealed,,0,0,,50,,None,0,0,,76,Auckland,Give way,,,,,0,0,Urban,0,,,Fine,Null
1765602.2455,5906920.1931,765189,,522301,0,,0,1,,Null,2023/2024,GREAT SOUTH ROAD,KOLMAR ROAD,,Non-Injury Crash,No,2024,,North,,0,,Flat,,,,,,Bright sun,666800,0,0,0,4,,,0,,,,,,Auckland Region,Nil,2-way,Sealed,,0,0,,50,,Null,1,0,,76,Auckland,Traffic Signals,,,,,0,0,Urban,0,,,Fine,Null
1753369.3342,5932493.8379,765197,,508807,0,,0,2,,Null,2024/2025,ROSEDALE ROAD,TAWA DRIVE,,Non-Injury Crash,No,2024,,East,,0,,Flat,,,,,,Dark,180811,0,0,0,2,,,0,,,,,,Auckland Region,Nil,2-way,Sealed,,0,0,,50,,On,0,0,,76,Auckland,Give way,,,,,0,0,Urban,0,,,Fine,Null
1752323.2662,5934198.9718,765211,,508701,0,,0,1,,Null,2022/2023,DON MCKINNON DRIVE,CIVIC CRESCENT,,Minor Crash,No,2023,,North,,0,,Flat,,,,,,Bright sun,178900,1,0,1,2,,,0,,,,,,Auckland Region,Nil,1-way,Sealed,,0,0,,50,,Off,0,0,,76,Auckland,Give way,,,,,0,0,Urban,0,,,Fine,Null
1763474.1291,5908594.3889,765228,,521901,0,,0,2,,South,2023/2024,MANGERE ROAD,CHELSEA AVENUE,,Non-Injury Crash,No,2024,,North,,0,,Flat,,,,,,Unknown,786300,0,0,0,4,,,0,,,,,,Auckland Region,Nil,2-way,Sealed,,0,0,,50,,Off,0,0,,76,Auckland,Nil,,,,,0,0,Urban,0,,,Fine,None
1743811.4452,5923936.4638,765237,,513511,0,,0,1,,East,2024/2025,FRED TAYLOR DRIVE,MAKI STREET,,Non-Injury Crash,No,2024,,West,,0,,Null,,,,,,Overcast,224306,0,0,0,3,,,0,,,,,,Auckland Region,Nil,1-way,Sealed,,0,0,,50,,Null,0,0,,76,Auckland,Nil,,,,,0,0,Urban,1,,,Fine,Null
1754053.1052,5920801.9845,765253,,515201,0,0,0,1,0,South,2024/2025,HERNE BAY ROAD,UPTON STREET,,Minor Crash,No,2025,0,South,0,0,0,Flat,0,,0,,0,Bright sun,421500,1,0,0,2,0,0,0,0,1,,0,0,Auckland Region,Nil,2-way,Sealed,0,0,0,0,50,0,Off,1,0,,76,Auckland,Nil,0,0,0,0,0,0,Urban,0,0,0,Fine,Null
1765409.0485,5899536.1503,765260,,524822,0,0,0,2,0,North,2024/2025,FINLAYSON AVENUE,PALMERS ROAD,,Non-Injury Crash,No,2024,0,South,0,0,0,Flat,0,,0,,0,Dark,774422,0,0,0,2,0,0,0,0,1,,0,0,Auckland Region,Speed hump,2-way,Sealed,0,0,0,0,30,0,On,0,0,10,76,Auckland,Nil,0,0,0,0,0,0,Urban,0,0,0,Fine,Null
1757444.3296,5918630.1371,765261,,514302,0,,0,2,,Null,2024/2025,KHYBER PASS ROAD,AUBURN STREET,,Non-Injury Crash,No,2024,,East,,0,,Flat,,,,,,Bright sun,442000,0,0,0,5,,,0,,,,,,Auckland Region,Nil,2-way,Sealed,,0,0,,50,,Off,0,0,,76,Auckland,Stop,,,,,0,0,Urban,0,,,Fine,Null
1745100.2999,5923938.554,765268,,513521,0,0,0,2,0,North,2024/2025,BUISSON GLADE,TRENGOVE PLACE,,Non-Injury Crash,No,2025,0,South,0,0,0,Flat,0,,0,,0,Dark,224229,0,0,0,2,0,0,0,0,1,,0,0,Auckland Region,Nil,2-way,Sealed,0,0,0,0,50,0,Null,0,0,,76,Auckland,Nil,0,0,0,0,0,0,Urban,0,0,0,Fine,Null
1771522.1362,5915484.8808,765285,,521501,0,,0,1,,Null,2024/2025,CASTLETON DRIVE,CHILTON PLACE,,Serious Crash,No,2025,,South,,0,,Hill Road,,,,,,Bright sun,651100,0,0,1,1,,,0,,,,,,Auckland Region,Nil,2-way,Sealed,,0,1,,50,,None,0,0,,76,Auckland,Give way,,,,,0,0,Urban,0,,,Fine,Null
1766810.5574,5903992.063,765292,,524604,0,,0,2,,Null,2022/2023,MANUKAU STATION ROAD,LAMBIE DRIVE,,Non-Injury Crash,No,2023,,South,,0,,Flat,,,,,,Overcast,780209,0,0,0,1,,,0,,,,,,Auckland Region,Nil,2-way,Sealed,,0,0,,50,,Off,0,0,,76,Auckland,Give way,,,,,0,0,Urban,0,,,Fine,None
1750095.2916,5914182.1156,765300,,511303,0,,0,2,,South,2023/2024,GREAT NORTH ROAD,LYNNMALL CPK ENT,,Non-Injury Crash,No,2023,,North,,0,,Flat,,,,,,Twilight,265900,0,0,0,4,,,0,,,,,,Auckland Region,Nil,2-way,Sealed,,0,0,,50,,On,0,0,,76,Auckland,Give way,,,,,0,0,Urban,0,,,Fine,None
1765558.4746,5906994.0602,765308,,522301,0,,0,1,,Null,2023/2024,EAST TAMAKI ROAD,GREAT SOUTH ROAD,,Non-Injury Crash,No,2024,,South,,0,,Flat,,,,,,Unknown,666200,0,0,0,4,,,0,,,,,,Auckland Region,Nil,2-way,Sealed,,0,0,,50,,Off,0,0,,76,Auckland,Traffic Signals,,,,,0,1,Urban,0,,,Fine,None
1736264.4909,5942107.8964,765325,,506646,0,0,0,1,1,Null,2024/2025,PEAK ROAD,CHATHAM ROAD,,Minor Crash,No,2024,0,South,0,0,0,Flat,0,,0,,0,Overcast,211800,1,0,0,2,0,0,0,0,0,,0,0,Auckland Region,Nil,2-way,Sealed,0,0,0,0,80,0,None,0,0,,76,Auckland,Give way,0,1,0,1,0,0,Open,0,0,0,Fine,Strong wind
1747664.5552,5913029.2239,765340,,511100,0,0,0,1,0,South,2023/2024,PLEASANT ROAD,ROLAND HILL,,Non-Injury Crash,No,2024,0,North,0,0,0,Hill Road,0,,0,,0,Overcast,287400,0,0,0,2,0,0,0,0,0,,0,0,Auckland Region,Nil,2-way,Sealed,0,0,0,0,50,0,Off,0,0,,76,Auckland,Nil,0,1,0,0,0,0,Urban,0,0,0,Fine,Null
1770281.5834,5909626.4543,765363,,523114,0,0,0,1,0,North,2022/2023,CHAPEL ROAD,BALLYBAY ROAD,,Non-Injury Crash,No,2023,0,North,0,0,0,Flat,0,,0,,0,Bright sun,712032,0,0,0,2,0,0,0,0,0,,0,0,Auckland Region,Nil,2-way,Sealed,0,0,0,0,60,0,None,0,0,,76,Auckland,Nil,0,0,0,1,0,0,Urban,0,0,0,Fine,Null
1763253.088,5906061.4615,765388,,524303,0,,0,2,,Null,2022/2023,PORTAGE ROAD,WOBURN STREET,,Non-Injury Crash,No,2023,,West,,0,,Flat,,,,,,Bright sun,656200,0,0,0,2,,,0,,,,,,Auckland Region,Nil,2-way,Sealed,,0,0,,50,,Off,0,0,,76,Auckland,Traffic Signals,,,,,0,0,Urban,0,,,Light rain,None
1737498.1803,5910216.5053,765389,45,513800,0,0,0,1,0,East,2023/2024,PIHA ROAD,UPPER HUIA DAM TRACK,,Non-Injury Crash,No,2024,0,East,1,0,0,Hill Road,0,,0,,0,Dark,282007,0,0,0,2,0,0,0,0,0,,0,0,Auckland Region,Nil,2-way,Sealed,0,0,0,0,100,0,None,0,0,,76,Auckland,Nil,0,0,0,1,0,0,Open,0,0,0,Fine,Null
1757012.1748,5920047.2862,765412,,514102,0,,0,1,,East,2024/2025,MAYORAL DRIVE,VINCENT STREET,,Minor Crash,No,2024,,East,,0,,Flat,,,,,,Bright sun,434902,1,0,0,1,,,0,,,1,,,Auckland Region,Nil,1-way,Sealed,,0,0,,30,,Off,0,1,,76,Auckland,Nil,,,,,0,0,Urban,0,,,Fine,Null
1751666.3388,5939036.3345,765436,,506300,0,,0,1,,North,2023/2024,NORTHERN MOTORWAY,AWANOHI OBR,,Minor Crash,Yes,2024,,North,,0,,Hill Road,,,,,,Dark,176008,2,0,0,2,,,0,,,,,,Auckland Region,Nil,1-way,Sealed,,0,0,,100,,On,0,0,,76,Auckland,Nil,,,,,0,0,Open,1,,,Fine,Null
1757768.6734,5920989.964,765451,,514101,0,0,0,1,0,Null,2022/2023,QUAY STREET,GORE STREET,,Minor Crash,No,2023,0,East,0,0,0,Flat,0,,0,,0,Dark,438209,1,0,0,2,0,0,0,0,0,,1,0,Auckland Region,Nil,2-way,Sealed,0,0,0,0,30,0,On,0,0,,76,Auckland,Traffic Signals,0,0,0,0,0,0,Urban,0,0,0,Fine,Null
1753095.0638,5934428.9708,765453,,508701,0,,0,2,,North,2023/2024,NORTHERN MOTORWAY,MCCLYMONTS OBR,,Non-Injury Crash,Yes,2024,,North,,0,,Hill Road,,,,,,Overcast,179000,0,0,0,4,,,0,,,,,,Auckland Region,Motorway ramp,1-way,Sealed,,0,0,,100,,Off,0,0,,76,Auckland,Nil,,,,,0,0,Open,1,,,Fine,Null
1758247.5305,5913421.3981,765500,,519710,1,,0,0,,Null,2024/2025,CAMPBELL ROAD,MANUKAU ROAD,,Minor Crash,No,2025,,West,,0,,Flat,,,,,,Bright sun,594800,1,0,0,2,,,0,,,,,,Auckland Region,Nil,1-way,Sealed,,0,0,,50,,Off,0,0,,76,Auckland,Give way,,,,,0,1,Urban,0,,,Fine,Null
1771807.1354,5906930.3853,765516,,523713,0,,0,2,,Null,2024/2025,ORMISTON ROAD,VALDERAMA DRIVE,,Minor Crash,No,2025,,West,,0,,Hill Road,,,,,,Dark,712600,1,0,0,4,,,0,,,,,,Auckland Region,Nil,2-way,Sealed,,0,0,,60,,On,0,0,,76,Auckland,Traffic Signals,,,,,0,0,Urban,0,,,Fine,Null
1757564.1181,5913151.0058,765524,,518702,0,,0,1,,Null,2024/2025,PAH ROAD,VAGUS PLACE,,Non-Injury Crash,No,2025,,South,,0,,Flat,,,,,,Bright sun,567900,0,0,0,4,,,0,,,,,,Auckland Region,Nil,2-way,Sealed,,0,0,,50,,Off,0,1,,76,Auckland,Stop,,,,,0,0,Urban,1,,,Fine,Null
1763773.0538,5913717.5239,765541,,520402,0,,0,1,,West,2023/2024,PENROSE ROAD,MOUNT WELLINGTON HIGHWAY,,Non-Injury Crash,No,2024,,East,,0,,Hill Road,,,,,,Overcast,640002,0,0,0,5,,,0,,,,,,Auckland Region,Nil,2-way,Sealed,,0,0,,50,,Off,1,0,,76,Auckland,Nil,,,,,0,0,Urban,0,,,Light rain,Null
1766006.3968,5907770.8357,765549,,523402,0,,0,1,,North,2022/2023,SOUTHERN MOTORWAY,EAST TAMAKI ROAD OFF RAMP,,Non-Injury Crash,Yes,2023,,South,,0,,Flat,,,,,,Overcast,699200,0,0,0,3,,,0,,,,,,Auckland Region,Nil,1-way,Sealed,,0,0,,100,,Off,0,0,,76,Auckland,Nil,,,,,1,0,Open,0,,,Heavy rain,None
1764086.1369,5911552.7328,765556,,520500,0,,0,2,,Null,2023/2024,MOUNT WELLINGTON HIGHWAY,PANAMA ROAD,,Non-Injury Crash,No,2024,,North,,0,,Flat,,,,,,Bright sun,637900,0,0,0,4,,,0,,,,,,Auckland Region,Nil,2-way,Sealed,,0,0,,50,,Off,0,0,,76,Auckland,Traffic Signals,,,,,0,0,Urban,0,,,Fine,Null
1751897.6676,5874980.0159,765564,,521151,0,0,0,1,0,Null,2024/2025,CONSTABLE ROAD,KARIOITAHI ROAD,,Minor Crash,No,2024,0,West,0,0,1,Flat,0,,0,,0,Dark,831500,1,0,0,2,0,0,0,0,0,,0,0,Auckland Region,Nil,2-way,Sealed,0,0,0,0,100,0,Off,0,0,,76,Auckland,Stop,0,0,0,0,0,0,Open,0,0,0,Fine,Null