X,Y,OBJECTID,advisorySpeed,areaUnitID,bicycle,bridge,bus,carStationWagon,cliffBank,crashDirectionDescription,crashFinancialYear,crashLocation1,crashLocation2,crashRoadSideRoad,crashSeverity,crashSHDescription,crashYear,debris,directionRoleDescription,ditch,fatalCount,fence,flatHill,guardRail,holiday,houseOrBuilding,intersection,kerb,light,meshblockId,minorInjuryCount,moped,motorcycle,NumberOfLanes,objectThrownOrDropped,otherObject,otherVehicleType,overBank,parkedVehicle,pedestrian,phoneBoxEtc,postOrPole,region,roadCharacter,roadLane,roadSurface,roadworks,schoolBus,seriousInjuryCount,slipOrFlood,speedLimit,strayAnimal,streetLight,suv,taxi,temporarySpeedLimit,tlaId,tlaName,trafficControl,trafficIsland,trafficSign,train,tree,truck,unknownVehicleType,urban,vanOrUtility,vehicle,waterRiver,weatherA,weatherB
1754822.8552,5929272.7608,765637,,508420,0,,0,0,,Null,2024/2025,WAIRAU ROAD,WOODALL PLACE,,Serious Crash,No,2025,,East,,0,,Hill Road,,,,,,Bright sun,183700,0,0,1,4,,,0,,,,,,Auckland Region,Nil,2-way,Sealed,,0,1,,50,,Off,0,0,,76,Auckland,Give way,,,,,0,0,Urban,1,,,Fine,Null
1768680.5509,5901955.9183,765652,,524901,0,0,0,1,0,South,2024/2025,SCENIC DRIVE,GRANDE VUE ROAD,,Non-Injury Crash,No,2024,0,South,0,0,0,Flat,0,,0,,0,Bright sun,755800,0,0,0,2,0,0,0,0,1,,0,0,Auckland Region,Nil,2-way,Sealed,0,0,0,0,50,0,Null,0,0,,76,Auckland,Nil,0,0,0,0,0,1,Urban,0,0,0,Fine,Null
1766262.1235,5899900.8103,765661,,524822,0,,0,2,,North,2022/2023,ROSCOMMON ROAD,PALMERS ROAD,,Non-Injury Crash,No,2023,,North,,0,,Flat,,,,,,Unknown,774431,0,0,0,2,,,0,,,,,,Auckland Region,Nil,1-way,Sealed,,0,0,,50,,Off,0,0,,76,Auckland,Nil,,,,,0,0,Urban,0,,,Fine,None
1769055.0937,5911525.6981,765668,,523113,0,,0,1,,Null,2023/2024,TI RAKAU DRIVE,HARRIS ROAD,,Non-Injury Crash,No,2024,,West,,0,,Null,,,,,,Dark,711703,0,0,0,3,,,0,,,,,,Auckland Region,Nil,1-way,Sealed,,0,0,,50,,Null,0,0,,76,Auckland,Traffic Signals,,,,,0,1,Urban,0,,,Null,Null
1754018.249,5920353.4052,765669,,515301,0,,0,2,,South,2024/2025,WEST END ROAD,JERVOIS ROAD,,Non-Injury Crash,No,2024,,East,,0,,Flat,,,,,,Dark,426200,0,0,0,2,,,0,,,,,,Auckland Region,Nil,2-way,Sealed,,0,0,,50,,On,0,0,,76,Auckland,Nil,,,,,0,0,Urban,0,,,Fine,Null
1756074.8658,5919098.815,765677,,515420,0,,0,1,,Null,2024/2025,GREAT NORTH ROAD,POLLEN STREET,,Non-Injury Crash,No,2024,,West,,0,,Flat,,,,,,Bright sun,411400,0,0,0,4,,,0,,,,,,Auckland Region,Nil,2-way,Sealed,,0,0,,50,,Null,0,0,,76,Auckland,Give way,,,,,0,0,Urban,0,,,Fine,Null
1766225.6691,5903657.626,765693,,524604,0,,0,2,,Null,2023/2024,PLUNKET AVENUE,KEITH HAY DRIVE,,Non-Injury Crash,No,2024,,North,,0,,Hill Road,,,,,,Bright sun,780208,0,0,0,2,,,0,,,,,,Auckland Region,Nil,2-way,Sealed,,0,0,,50,,Off,0,0,,76,Auckland,Give way,,,,,0,0,Urban,0,,,Fine,Null
1747333.588,5914840.1874,765700,,511800,0,,0,2,,Null,2025/2026,GREAT NORTH ROAD,GREAT NORTH ROAD,,Non-Injury Crash,No,2025,,East,,0,,Hill Road,,,,,,Dark,277902,0,0,0,4,,,0,,,,,,Auckland Region,Nil,2-way,Sealed,,0,0,,50,,On,1,0,,76,Auckland,Give way,,,,,0,0,Urban,0,,,Fine,Null
1768077.4108,5881059.1267,765716,,525910,0,,1,0,,Null,2024/2025,HELVETIA ROAD,VICTORIA STREET,,Non-Injury Crash,No,2024,,South,,0,,Hill Road,,,,,,Overcast,819900,0,0,0,2,,,0,,,,,,Auckland Region,Nil,2-way,Sealed,,0,0,,50,,Off,0,0,,76,Auckland,Stop,,,,,0,0,Urban,1,,,Light rain,Null
1770639.5902,5908288.6728,765757,,523115,0,0,0,2,0,East,2022/2023,BAVERSTOCK ROAD,MIDDLEFIELD DRIVE,,Non-Injury Crash,No,2023,0,East,0,0,0,Flat,0,,0,,0,Dark,712121,0,0,0,2,0,0,0,0,1,,0,0,Auckland Region,Nil,2-way,Sealed,0,0,0,0,50,0,On,0,0,,76,Auckland,Nil,0,0,0,0,0,0,Urban,0,0,0,Light rain,None
1763374.3622,5908433.2703,765764,,524402,0,,0,0,,Null,2023/2024,MASSEY ROAD,HOSPITAL ROAD,,Non-Injury Crash,No,2024,,North,,0,,Flat,,,,,,Dark,749900,0,0,0,4,,,0,,,,,,Auckland Region,Overpass,2-way,Sealed,,0,0,,50,,On,2,0,40,76,Auckland,Traffic Signals,,,,,0,0,Urban,0,,,Fine,Null
1761230.6187,5914633.3407,765796,,520202,0,0,0,1,0,Null,2024/2025,SOUTHERN MOTORWAY,ELLERSLIE-PANMURE HWY OFF RAMP,,Non-Injury Crash,Yes,2025,0,North,0,0,0,Flat,0,,0,,0,Bright sun,612100,0,0,0,3,1,0,0,0,0,,0,0,Auckland Region,Nil,1-way,Sealed,0,0,0,0,100,0,Null,0,0,,76,Auckland,Nil,0,0,0,0,1,0,Open,0,0,0,Fine,Null
1744611.211,5925925.5268,765805,,513410,0,0,0,1,0,South,2024/2025,TRIG ROAD,BRIGHAM CREEK ROAD,,Non-Injury Crash,No,2024,0,North,0,0,0,Flat,0,,0,,0,Overcast,223600,0,0,0,2,0,0,0,0,0,,0,1,Auckland Region,Nil,2-way,Sealed,0,0,0,0,60,0,None,0,0,,76,Auckland,Nil,0,0,0,0,0,0,Urban,0,0,0,Light rain,Null
1768842.8397,5900905.999,765813,,525001,0,0,0,2,0,North,2023/2024,GREAT SOUTH ROAD,WEYMOUTH ROAD,,Non-Injury Crash,No,2024,0,North,0,0,0,Flat,0,,0,,0,Dark,751600,0,0,0,2,0,0,0,0,1,,0,0,Auckland Region,Nil,2-way,Sealed,0,0,0,0,50,0,On,0,0,,76,Auckland,Nil,0,0,0,0,0,0,Urban,0,0,0,Fine,Null
1753864.4708,5933596.4533,765821,,508804,0,,0,1,,Null,2024/2025,GREVILLE ROAD,HUGH GREEN DRIVE,,Non-Injury Crash,No,2024,,East,,0,,Hill Road,,,,,,Overcast,180605,0,0,0,3,,,0,,,,,,Auckland Region,Nil,1-way,Sealed,,0,0,,50,,Off,0,0,,76,Auckland,Traffic Signals,,,,,0,0,Urban,1,,,Fine,Null
1762922.9883,5914636.5141,765827,,520401,0,0,0,2,0,North,2022/2023,FERNDALE ROAD,PANORAMA ROAD,,Non-Injury Crash,No,2023,0,South,0,0,0,Flat,0,,0,,0,Bright sun,644200,0,0,0,2,0,0,0,0,1,,0,0,Auckland Region,Nil,2-way,Sealed,0,0,0,0,50,0,Null,0,0,,76,Auckland,Nil,0,0,0,0,0,0,Urban,0,0,0,Fine,Null
1772573.0017,5893207.3181,765828,,521301,0,0,0,1,0,North,2023/2024,SOUTHERN MOTORWAY,SERVICE CENTRE ON SBD,,Non-Injury Crash,Yes,2024,0,South,0,0,0,Flat,1,,0,,0,Dark,808608,0,0,0,2,0,0,0,0,0,,0,0,Auckland Region,Nil,1-way,Sealed,0,0,0,0,100,0,On,0,0,,76,Auckland,Nil,0,0,0,0,0,0,Open,0,0,0,Fine,Null
1769648.3666,5915592.1077,765829,,522711,0,,0,1,,East,2023/2024,GILLS ROAD,PIGEON MOUNTAIN ROAD,,Non-Injury Crash,No,2023,,North,,0,,Hill Road,,,,,,Overcast,680712,0,0,0,2,,,0,,,1,,,Auckland Region,Nil,2-way,Sealed,,0,0,,50,,Off,0,0,,76,Auckland,Nil,,,,,0,0,Urban,0,,,Mist or Fog,None
1754993.4883,5913616.7912,765844,,518803,0,,0,2,,North,2024/2025,DOMINION ROAD,DOMINION ROAD ON RAMP,,Non-Injury Crash,No,2025,,South,,0,,Hill Road,,,,,,Overcast,582500,0,0,0,2,,,0,,,,,,Auckland Region,Motorway ramp,1-way,Sealed,,0,0,,50,,Off,0,0,,76,Auckland,Nil,,,,,0,0,Urban,0,,,Fine,Null
1765944.8916,5906388.538,765845,,522202,0,,0,2,,South,2023/2024,ST GEORGE STREET,GREAT SOUTH ROAD,,Non-Injury Crash,No,2024,,North,,0,,Flat,,,,,,Dark,663900,0,0,0,2,,,0,,,,,,Auckland Region,Nil,2-way,Sealed,,0,0,,50,,On,0,0,,76,Auckland,Nil,,,,,0,0,Urban,1,,,Fine,None
1767857.1007,5907625.9544,765851,,523602,0,0,0,3,0,South,2022/2023,FISHER CRESCENT,EAST TAMAKI ROAD,,Non-Injury Crash,No,2023,0,South,0,0,0,Hill Road,0,Christmas New Year,0,,0,Dark,710000,0,0,0,2,0,0,0,0,1,,0,0,Auckland Region,Nil,2-way,Sealed,0,0,0,0,50,0,On,0,0,,76,Auckland,Nil,0,0,0,0,0,0,Urban,0,0,0,Fine,Null
1765420.1756,5901960.0862,765852,,524604,0,,0,1,,Null,2024/2025,ROSCOMMON ROAD,ROSCOMMON ROAD,,Non-Injury Crash,No,2025,,North,,0,,Null,,,,,,Dark,781200,0,0,0,2,,,0,,,,,,Auckland Region,Nil,1-way,Sealed,,0,0,,60,,Null,0,0,,76,Auckland,Nil,,,,,0,0,Urban,0,,,Light rain,Null
1753615.2385,5930350.3993,765860,45,508803,0,0,0,2,0,North,2024/2025,CARIBBEAN DRIVE,GOLDFINCH RISE,,Non-Injury Crash,No,2025,0,North,0,0,0,Flat,0,Queens Birthday,0,,0,Dark,180845,0,0,0,2,0,0,0,0,1,,0,0,Auckland Region,Nil,2-way,Sealed,0,0,0,0,50,0,On,0,0,30,76,Auckland,Nil,0,0,0,0,0,0,Urban,0,0,0,Fine,Null
1765589.1242,5908867.0323,765861,,523402,0,,0,2,,Null,2023/2024,HIGHBROOK DRIVE,HELLABYS ROAD,,Non-Injury Crash,No,2024,,East,,0,,Flat,,,,,,Dark,696900,0,0,0,2,,,0,,,,,,Auckland Region,Overpass,1-way,Sealed,,0,0,,50,,On,0,0,,76,Auckland,Give way,,,,,0,0,Urban,0,,,Fine,Null
1766389.0271,5910251.664,765868,,523112,0,0,0,1,0,West,2023/2024,HIGHBROOK DRIVE,EL KOBAR DRIVE,,Non-Injury Crash,No,2024,0,East,0,0,0,Flat,0,,0,,0,Dark,711301,0,0,0,2,0,0,0,0,0,,0,0,Auckland Region,Nil,1-way,Sealed,0,0,0,0,60,0,On,0,0,,76,Auckland,Nil,0,0,0,0,0,0,Urban,0,0,1,Fine,Null
1764263.7785,5912354.2848,765884,,520500,0,,0,4,,North,2024/2025,MOUNT WELLINGTON HWY ON RAMP,SOUTHERN MOTORWAY,,Minor Crash,No,2024,,South,,0,,Flat,,,,,,Overcast,639100,1,0,0,1,,,0,,,,,,Auckland Region,Motorway ramp,1-way,Sealed,,0,0,,100,,Off,0,0,,76,Auckland,Nil,,,,,0,0,Open,0,,,Heavy rain,Null
1757697.3379,5918274.1859,765885,75,518101,0,,0,1,,South,2023/2024,SOUTHERN MOTORWAY,KHYBER PASS ROAD OFF RAMP,,Non-Injury Crash,Yes,2024,,North,,0,,Flat,,,,,,Bright sun,543000,0,0,0,4,,,0,,,,,,Auckland Region,Nil,1-way,Sealed,,0,0,,80,,Off,1,0,,76,Auckland,Nil,,,,,0,0,Open,0,,,Fine,None
1768063.2961,5901380.9647,765892,,525001,0,,0,2,,Null,2023/2024,JELLICOE ROAD,JUTLAND ROAD,,Non-Injury Crash,No,2024,,North,,0,,Flat,,,,,,Bright sun,751200,0,0,0,2,,,0,,,,,,Auckland Region,Bridge,2-way,Sealed,,0,0,,50,,Off,0,0,,76,Auckland,Nil,,,,,0,0,Urban,0,,,Fine,Null
1753552.7299,5932511.041,765933,,508805,0,,0,3,,South,2023/2024,NORTHERN MOTORWAY,ROSEDALE OBR,,Non-Injury Crash,Yes,2024,,South,,0,,Flat,,,,,,Bright sun,180866,0,0,0,2,,,0,,,,,,Auckland Region,Motorway ramp,1-way,Sealed,,0,0,,100,,Off,0,0,,76,Auckland,Nil,,,,,0,0,Open,0,,,Fine,Null
1769886.4972,5900397.1291,765939,,524902,0,0,0,3,0,North,2022/2023,SOUTHERN MOTORWAY,MANUREWA-TAKANINI ON RAMP,,Minor Crash,Yes,2023,0,North,0,0,0,Flat,1,,0,,0,Overcast,759100,1,0,0,3,0,0,0,0,0,,0,0,Auckland Region,Nil,1-way,Sealed,0,0,0,0,100,0,Off,0,0,,76,Auckland,Nil,0,0,0,0,0,0,Open,0,0,0,Fine,Null
1756592.5441,5924742.2839,765941,,509702,0,,0,0,,North,2023/2024,NORTHERN MOTORWAY,ONEWA ROAD OFF RAMP,,Non-Injury Crash,Yes,2024,,South,,0,,Flat,,,,,,Overcast,366602,0,0,0,3,,,0,,,,,,Auckland Region,Nil,1-way,Sealed,,0,0,,100,,Off,0,0,,76,Auckland,Nil,,,,,0,0,Open,2,,,Fine,Null
1754636.2577,5912507.4057,765956,,519002,0,0,0,2,0,South,2024/2025,DOMINION ROAD EXTENSION,RICHARDSON ROAD,,Non-Injury Crash,No,2025,0,South,0,0,0,Flat,0,,0,,1,Dark,589400,0,0,0,2,0,0,0,0,1,,0,0,Auckland Region,Nil,2-way,Sealed,0,0,0,0,50,0,On,0,0,30,76,Auckland,Nil,0,0,0,0,0,0,Urban,0,0,0,Fine,Frost
1772827.2584,5896141.2801,765965,,525410,0,0,0,1,1,North,2024/2025,GREAT SOUTH ROAD,WOOD STREET,,Non-Injury Crash,No,2024,0,South,0,0,0,Flat,0,,0,,1,Dark,792100,0,0,0,2,0,0,0,0,0,,0,0,Auckland Region,Nil,2-way,Sealed,0,0,0,0,50,0,On,0,0,,76,Auckland,Nil,0,0,0,0,0,0,Urban,0,0,0,Fine,Null
1766852.0238,5905769.3314,765973,,522302,0,,1,0,,Null,2023/2024,GREAT SOUTH ROAD,PEMBROKE STREET,,Minor Crash,No,2024,,East,,0,,Flat,,,,,,Twilight,670600,1,0,0,4,,,0,,,,,,Auckland Region,Nil,2-way,Sealed,,0,0,,50,,On,2,0,,76,Auckland,Stop,,,,,0,0,Urban,0,,,Fine,Null
1748521.9723,5914981.8651,765979,,511700,0,,0,1,,North,2023/2024,ARCHIBALD ROAD,ARCHLYNN ROAD,,Serious Crash,No,2023,,South,,0,,Flat,,,,,,Overcast,271400,0,0,0,1,,,0,,,1,,,Auckland Region,Nil,2-way,Sealed,,0,2,,30,,Off,0,0,,76,Auckland,Nil,,,,,0,0,Urban,0,,,Fine,Null
1756198.9578,5929938.9066,765988,,508510,0,0,0,2,0,Null,2023/2024,RICHARDS AVENUE,KNIGHTSBRIDGE DRIVE,,Non-Injury Crash,No,2024,0,West,0,0,0,Flat,0,Easter,0,,0,Dark,194800,0,0,0,2,0,0,0,0,1,,0,0,Auckland Region,Nil,2-way,Sealed,0,0,0,0,50,0,On,0,0,,76,Auckland,Nil,0,0,0,0,0,0,Urban,0,0,0,Fine,Null
1761536.7872,5907662.6865,765996,,524520,0,0,0,3,0,South,2025/2026,WICKMAN WAY,GARUS AVENUE,,Non-Injury Crash,No,2025,0,South,0,0,0,Flat,0,Labour Weekend,0,,0,Bright sun,734300,0,0,0,2,0,0,0,0,1,,0,0,Auckland Region,Nil,2-way,Sealed,0,0,0,0,50,0,Off,1,0,,76,Auckland,Nil,0,0,0,0,0,0,Urban,0,0,0,Fine,Null
1769837.482,5906155.4417,765997,,523712,0,,0,2,,Null,2024/2025,DONEGAL PARK DRIVE,BROADHURST ROAD,,Minor Crash,No,2024,,North,,0,,Flat,,Labour Weekend,,,,Overcast,713201,1,0,0,2,,,0,,,,,,Auckland Region,Nil,2-way,Sealed,,0,0,,50,,Off,0,0,,76,Auckland,Give way,,,,,0,0,Urban,0,,,Fine,Null
1753770.3188,5927573.9366,766004,,508310,0,0,0,2,0,West,2024/2025,MARLBOROUGH AVENUE,MULBERRY PLACE,,Non-Injury Crash,No,2025,0,West,0,0,0,Flat,0,,0,,0,Dark,201801,0,0,0,2,0,0,0,0,1,,0,0,Auckland Region,Nil,2-way,Sealed,0,0,0,0,50,0,On,0,0,,76,Auckland,Nil,0,0,0,0,0,0,Urban,0,0,0,Fine,Null
1770040.097,5905137.8206,766012,,523712,0,0,0,2,0,North,2025/2026,ADAMSON ROAD,ARROWSMITH DRIVE,,Minor Crash,No,2025,0,South,0,0,0,Hill Road,0,,0,,0,Dark,716202,1,0,0,2,0,0,0,0,1,,0,0,Auckland Region,Nil,2-way,Sealed,0,0,0,0,50,0,On,0,0,,76,Auckland,Nil,0,0,0,0,0,0,Urban,0,0,0,Fine,Null
1756732.7521,5914259.3213,766028,,518600,0,0,0,3,0,South,2023/2024,MOUNT EDEN ROAD,KIMIORA STREET,,Non-Injury Crash,No,2024,0,North,0,0,0,Flat,0,,0,,0,Dark,564000,0,0,0,2,0,0,0,0,1,,0,0,Auckland Region,Nil,2-way,Sealed,0,0,0,0,50,0,On,1,0,,76,Auckland,Nil,0,0,0,0,0,0,Urban,0,0,0,Fine,Null
1753607.2662,5927758.597,766037,,508310,0,,0,2,,Null,2023/2024,GLENFIELD ROAD,DOWNING STREET,,Non-Injury Crash,No,2024,,South,,0,,Flat,,,,,,Dark,200300,0,0,0,4,,,0,,,,,,Auckland Region,Nil,2-way,Sealed,,0,0,,50,,On,0,0,,76,Auckland,Traffic Signals,,,,,0,0,Urban,0,,,Fine,Null
1752437.0519,5914246.4755,766059,,514500,0,,0,2,,West,2022/2023,TIVERTON ROAD,NEW WINDSOR ROAD,,Non-Injury Crash,No,2023,,East,,0,,Hill Road,,,,,,Bright sun,375001,0,0,0,4,,,0,,,,,,Auckland Region,Nil,2-way,Sealed,,0,0,,50,,Off,0,0,,76,Auckland,Nil,,,,,0,0,Urban,0,,,Fine,Strong wind
1763893.1098,5906523.4319,766061,,524303,0,,0,2,,North,2023/2024,STATION ROAD,ASHLYNNE AVENUE,,Non-Injury Crash,No,2023,,South,,0,,Flat,,,,,,Unknown,657300,0,0,0,2,,,0,,,,,,Auckland Region,Nil,2-way,Sealed,,0,0,,50,,Off,0,0,,76,Auckland,Nil,,,,,0,0,Urban,0,,,Light rain,None
1748661.4471,5944893.8187,766068,,506201,0,0,0,1,0,South,2024/2025,NORTHERN MOTORWAY,SILVERDALE OFF RAMP,,Non-Injury Crash,Yes,2024,0,North,0,0,0,Flat,0,,0,,0,Overcast,176801,0,0,0,3,0,0,0,0,0,,0,0,Auckland Region,Nil,1-way,Sealed,0,0,0,0,100,0,Off,0,0,,76,Auckland,Nil,0,0,0,1,1,0,Open,0,0,0,Fine,Null
1768963.8401,5900791.7873,766069,,525002,0,,0,1,,South,2023/2024,GREAT SOUTH ROAD,WEYMOUTH ROAD,,Non-Injury Crash,No,2024,,North,,0,,Flat,,,,,,Bright sun,752802,0,0,0,2,,,0,,,,,,Auckland Region,Nil,2-way,Sealed,,0,0,,50,,Off,1,0,,76,Auckland,Nil,,,,,0,0,Urban,0,,,Fine,None
1745327.0479,5971068.689,766075,,506613,0,0,0,1,0,South,2023/2024,CARRAN ROAD,KAIPARA FLATS ROAD,,Minor Crash,No,2023,0,South,0,0,1,Hill Road,0,Christmas New Year,0,,0,Dark,145800,1,0,0,2,0,0,0,0,0,,0,0,Auckland Region,Nil,2-way,Sealed,0,0,0,0,60,0,None,0,0,,76,Auckland,Nil,0,0,0,0,0,0,Urban,0,0,0,Light rain,Null
1770853.2168,5888159.7402,766076,65,521122,0,0,0,1,0,South,2024/2025,BURTT ROAD,CHERITON LANE,,Non-Injury Crash,No,2025,0,South,0,0,1,Hill Road,0,,0,,0,Bright sun,813300,0,0,0,2,0,0,0,0,0,,0,0,Auckland Region,Nil,2-way,Sealed,0,0,0,0,80,0,None,0,0,,76,Auckland,Nil,0,0,0,0,0,0,Open,0,0,0,Fine,Null
1762188.0662,5913636.5047,766093,,520500,0,,0,1,,South,2023/2024,SOUTHERN MOTORWAY,PENROSE OBR,,Non-Injury Crash,Yes,2024,,North,,0,,Flat,,,,,,Overcast,637100,0,0,0,3,,,0,,,,,,Auckland Region,Nil,1-way,Sealed,,0,0,,100,,Off,1,0,,76,Auckland,Nil,,,,,0,0,Open,0,,,Fine,Null
1745595.8162,5916428.8967,766100,,510800,0,,0,1,,Null,2024/2025,MILLBROOK ROAD,VIEW ROAD,,Minor Crash,No,2024,,North,,0,,Flat,,,,,,Dark,244500,1,0,0,2,,,0,,,,,,Auckland Region,Nil,2-way,Sealed,,0,0,,50,,On,0,0,,76,Auckland,Traffic Signals,,,,,0,0,Urban,0,,,Fine,Null
1765778.5542,5905726.5965,766109,,522400,0,0,0,1,0,South,2023/2024,CARRUTH ROAD,FAIRVIEW ROAD,,Non-Injury Crash,No,2023,0,North,0,0,0,Flat,0,,0,,1,Twilight,672600,0,0,0,2,0,0,0,0,1,,0,0,Auckland Region,Nil,2-way,Sealed,0,0,0,0,50,0,On,0,0,,76,Auckland,Nil,0,0,0,0,0,0,Urban,1,0,0,Fine,Null
1766894.525,5907368.8686,766115,,523601,0,,0,0,,Null,2022/2023,CLAYTON AVENUE,BAIRDS ROAD,,Minor Crash,No,2023,,West,,0,,Flat,,,,,,Dark,708000,1,0,1,2,,,0,,,,,,Auckland Region,Nil,2-way,Sealed,,0,0,,50,,On,0,0,,76,Auckland,Give way,,,,,0,0,Urban,0,,,Fine,Null
1751362.5282,5927201.9711,766116,,510010,0,0,0,2,0,West,2024/2025,BEACH HAVEN ROAD,HELLYERS STREET,,Non-Injury Crash,No,2024,0,West,0,0,0,Hill Road,0,,0,,0,Dark,343100,0,0,0,2,0,0,0,0,1,,0,0,Auckland Region,Nil,2-way,Sealed,0,0,0,0,50,0,On,0,0,,76,Auckland,Nil,0,0,0,0,0,0,Urban,0,0,0,Fine,Null
1744992.1349,5915764.492,766124,,510800,0,,0,1,,East,2024/2025,CORBAN AVENUE,ENTERPRISE DRIVE,,Non-Injury Crash,No,2025,,North,,0,,Flat,,,,,,Bright sun,242502,0,0,0,2,,,0,,,1,,,Auckland Region,Nil,2-way,Sealed,,0,0,,50,,Off,0,0,,76,Auckland,Nil,,,,,0,0,Urban,0,,,Fine,Null
1763913.6156,5910081.5867,766125,,521901,0,,0,1,,Null,2023/2024,GREAT SOUTH ROAD,PRINCES STREET,,Non-Injury Crash,No,2024,,South,,0,,Flat,,,,,,Bright sun,782600,0,0,0,2,,,0,,,,,,Auckland Region,Nil,2-way,Sealed,,0,0,,50,,Off,0,0,,76,Auckland,Traffic Signals,,,,,0,0,Urban,0,,,Fine,None
1756256.9026,5919238.5173,766148,,514200,0,,0,2,,Null,2024/2025,NEWTON ROAD,GREAT NORTH ROAD,,Non-Injury Crash,No,2024,,North,,0,,Hill Road,,,,,,Bright sun,411700,0,0,0,4,,,0,,,,,,Auckland Region,Nil,2-way,Sealed,,0,0,,50,,Off,0,0,,76,Auckland,Traffic Signals,,,,,0,0,Urban,0,,,Fine,Null
1741883.6571,5945366.5731,766149,,506614,0,0,0,1,0,West,2023/2024,WHITEHILLS ROAD,BODHISATTVA ROAD,,Serious Crash,No,2024,0,South,0,0,0,Hill Road,0,,0,,0,Overcast,177401,0,0,0,2,0,0,0,0,0,,0,0,Auckland Region,Nil,2-way,Sealed,0,0,1,0,100,0,None,0,0,,76,Auckland,Nil,0,0,0,1,0,0,Open,0,0,0,Fine,Null
1766878.6809,5903857.2851,766156,,524604,0,,0,2,,Null,2024/2025,LAMBIE DRIVE OFF RAMP,LAMBIE DRIVE,,Non-Injury Crash,No,2024,,South,,0,,Flat,,,,,,Bright sun,780210,0,0,0,5,,,0,,,,,,Auckland Region,Motorway ramp,2-way,Sealed,,0,0,,50,,Off,0,0,,76,Auckland,Traffic Signals,,,,,0,0,Urban,0,,,Fine,Null
1761680.6939,5913395.1687,766164,,519500,0,0,0,3,0,East,2024/2025,STATION ROAD,O'RORKE ROAD,,Non-Injury Crash,No,2024,0,South,0,0,0,Flat,0,,0,,0,Bright sun,621600,0,0,0,2,0,0,0,0,1,,0,0,Auckland Region,Nil,2-way,Sealed,0,0,0,0,50,0,Off,0,0,,76,Auckland,Nil,0,0,0,0,0,0,Urban,0,0,0,Fine,Null
1766369.1079,5899717.2633,766173,,524812,0,,0,2,,Null,2023/2024,MAHIA ROAD,WEYMOUTH ROAD,,Non-Injury Crash,No,2024,,North,,0,,Flat,,,,,,Bright sun,774201,0,0,0,2,,,0,,,,,,Auckland Region,Nil,2-way,Sealed,,0,0,,50,,Off,0,0,,76,Auckland,Give way,,,,,0,0,Urban,0,,,Fine,Null
1749569.7798,5916867.4616,766180,,514801,0,,0,0,,South,2024/2025,ROSEBANK ROAD,FREMLIN PLACE,,Minor Crash,No,2025,,North,,0,,Flat,,,,,,Bright sun,389300,1,0,0,2,,,0,,,,,,Auckland Region,Nil,2-way,Sealed,,0,0,,50,,Off,2,0,,76,Auckland,Nil,,,,,0,0,Urban,1,,,Fine,Null
1768922.8392,5900840.5607,766197,,524902,0,0,0,1,0,Null,2024/2025,ALFRISTON ROAD,WEYMOUTH ROAD,,Minor Crash,No,2024,0,South,0,0,0,Flat,0,,0,,0,Dark,758200,2,0,0,8,0,0,0,0,0,,0,0,Auckland Region,Nil,2-way,Sealed,0,0,0,0,50,0,On,0,0,,76,Auckland,Traffic Signals,0,1,0,0,0,0,Urban,0,0,0,Fine,Null
1756655.1166,5912619.6165,766204,,518702,0,,0,1,,North,2022/2023,KELSEY CRESCENT,HENDRY AVENUE,,Non-Injury Crash,No,2023,,North,,0,,Flat,,,,,,Dark,570600,0,0,0,2,,,0,,,,,,Auckland Region,Nil,2-way,Sealed,,0,0,,30,,None,0,0,,76,Auckland,Nil,,,,,1,0,Urban,0,,,Fine,None
1765053.5678,5915369.1594,766205,,520301,0,,0,2,,Null,2023/2024,MORRIN ROAD,FRASER ROAD,,Non-Injury Crash,No,2024,,South,,0,,Flat,,,,,,Bright sun,627800,0,0,0,1,,,0,,,,,,Auckland Region,Nil,1-way,Sealed,,0,0,,50,,Off,0,0,,76,Auckland,Traffic Signals,,,,,0,0,Urban,0,,,Fine,None
1781148.3125,5925899.8115,766213,,520801,0,0,0,0,0,Null,2022/2023,ALISON ROAD,KENNEDY ROAD,,Non-Injury Crash,No,2023,0,East,0,0,0,Hill Road,0,,0,,0,Bright sun,516703,0,0,0,2,0,1,0,0,0,,0,0,Auckland Region,Nil,2-way,Sealed,0,0,0,0,50,0,Off,0,0,,76,Auckland,Give way,0,0,0,0,1,0,Urban,0,0,0,Fine,Null
1757709.7453,5918262.9513,766244,,518101,0,,0,2,,West,2024/2025,SOUTHERN MOTORWAY,MOUNTAIN OBR,,Non-Injury Crash,Yes,2025,,North,,0,,Flat,,,,,,Bright sun,543000,0,0,0,5,,,0,,,,,,Auckland Region,Nil,1-way,Sealed,,0,0,,80,,Off,0,0,,76,Auckland,Nil,,,,,0,0,Open,0,,,Fine,Null
1781952.0664,5916398.0353,766253,,523300,0,0,0,1,0,West,2023/2024,MARAETAI DRIVE,REWA ROAD,,Non-Injury Crash,No,2024,0,West,0,0,0,Flat,0,,0,,0,Bright sun,719703,0,0,0,2,0,0,0,0,1,,0,0,Auckland Region,Nil,2-way,Sealed,0,0,0,0,50,0,Off,0,0,,76,Auckland,Nil,0,0,0,0,0,0,Urban,1,0,0,Fine,Null