X,Y,OBJECTID,advisorySpeed,areaUnitID,bicycle,bridge,bus,carStationWagon,cliffBank,crashDirectionDescription,crashFinancialYear,crashLocation1,crashLocation2,crashRoadSideRoad,crashSeverity,crashSHDescription,crashYear,debris,directionRoleDescription,ditch,fatalCount,fence,flatHill,guardRail,holiday,houseOrBuilding,intersection,kerb,light,meshblockId,minorInjuryCount,moped,motorcycle,NumberOfLanes,objectThrownOrDropped,otherObject,otherVehicleType,overBank,parkedVehicle,pedestrian,phoneBoxEtc,postOrPole,region,roadCharacter,roadLane,roadSurface,roadworks,schoolBus,seriousInjuryCount,slipOrFlood,speedLimit,strayAnimal,streetLight,suv,taxi,temporarySpeedLimit,tlaId,tlaName,trafficControl,trafficIsland,trafficSign,train,tree,truck,unknownVehicleType,urban,vanOrUtility,vehicle,waterRiver,weatherA,weatherB
1756547.9117,5919965.8034,766268,,514000,0,0,0,1,0,North,2024/2025,NORTHERN MOTORWAY,HOBSON STREET ON RAMP,,Non-Injury Crash,Yes,2024,0,South,0,0,0,Null,1,,0,,0,Overcast,417400,0,0,0,2,0,0,0,0,0,,0,0,Auckland Region,Nil,1-way,Sealed,0,0,0,0,80,0,Null,0,0,,76,Auckland,Nil,0,0,0,0,0,0,Open,0,0,0,Null,Null
1762392.8973,5913277.2697,766275,,520500,0,,0,3,,North,2022/2023,SOUTHERN MOTORWAY,SOUTH-EASTERN HWY ON RAMP,,Minor Crash,Yes,2023,,North,,0,,Flat,,,,,,Bright sun,637200,1,0,0,3,,,0,,,,,,Auckland Region,Nil,1-way,Sealed,,0,0,,100,,Off,0,0,,76,Auckland,Nil,,,,,0,0,Open,0,,,Fine,Null
1730024.7792,5968637.3742,766283,,506613,0,,0,1,,North,2022/2023,KAIPARA COAST HIGHWAY,OGLE ROAD,,Minor Crash,Yes,2023,,North,,0,,Hill Road,,,,,,Overcast,145200,1,0,1,2,,,0,,,,,,Auckland Region,Nil,2-way,Sealed,,0,0,,100,,None,0,0,,76,Auckland,Nil,,,,,0,0,Open,0,,,Fine,Null
1759692.5839,5909373.6697,766285,,524002,0,,0,2,,North,2023/2024,SOUTH-WESTERN MOTORWAY,WALMSLEY ROAD OFF RAMP,,Non-Injury Crash,Yes,2024,,South,,0,,Flat,,,,,,Overcast,724102,0,0,0,3,,,0,,,,,,Auckland Region,Nil,1-way,Sealed,,0,0,,100,,On,1,0,,76,Auckland,Nil,,,,,0,0,Open,0,,,Fine,Null
1760246.2749,5916847.6961,766292,,516102,0,,0,2,,Null,2024/2025,REMUERA ROAD,VICTORIA AVENUE,,Minor Crash,No,2025,,East,,0,,Flat,,,,,,Bright sun,485200,2,0,0,4,,,0,,,,,,Auckland Region,Nil,2-way,Sealed,,0,0,,50,,Off,0,0,,76,Auckland,Traffic Signals,,,,,0,0,Urban,0,,,Fine,Null
1753123.6486,5934297.2574,766315,,508704,0,,0,1,,South,2022/2023,NORTHERN MOTORWAY,MCCLYMONTS OBR,,Non-Injury Crash,Yes,2023,,South,,0,,Hill Road,,,,,,Dark,179119,0,0,0,4,,,0,,,,,,Auckland Region,Nil,1-way,Sealed,,0,0,,100,,On,0,0,,76,Auckland,Nil,,,,,0,0,Open,1,,,Fine,Null
1765521.6619,5908809.8124,766316,,523402,0,0,0,1,0,South,2024/2025,SOUTHERN MOTORWAY,HIGHBROOK OBR,,Non-Injury Crash,Yes,2024,0,South,0,0,0,Flat,1,,0,,0,Dark,696900,0,0,0,3,0,0,0,0,0,,0,0,Auckland Region,Overpass,1-way,Sealed,0,0,0,0,100,0,On,0,0,,76,Auckland,Nil,0,0,0,0,0,0,Open,0,0,0,Fine,Null
1760465.9951,5915678.7412,766323,,516003,0,,0,2,,South,2023/2024,SOUTHERN MOTORWAY,GREEN LANE EAST ON RAMP,,Non-Injury Crash,Yes,2023,,South,,0,,Flat,,,,,,Overcast,494902,0,0,0,3,,,0,,,,,,Auckland Region,Nil,1-way,Sealed,,0,0,,100,,Off,0,0,,76,Auckland,Nil,,,,,0,0,Open,0,,,Fine,Null
1747550.6227,5914650.9964,766349,,511100,0,,0,3,,East,2024/2025,GREAT NORTH ROAD,GLENVIEW ROAD,,Minor Crash,No,2024,,West,,0,,Hill Road,,,,,,Bright sun,284800,2,0,0,4,,,0,,,,,,Auckland Region,Nil,2-way,Sealed,,0,0,,50,,Off,0,0,,76,Auckland,Nil,,,,,0,0,Urban,0,,,Fine,Null
1761356.5452,5914258.9945,766373,,520202,0,,0,1,,Null,2023/2024,ELLERSLIE-PANMURE HIGHWAY,ELLERSLIE-PANMURE HIGHWAY,,Minor Crash,No,2024,,North,,0,,Flat,,Queens Birthday,,,,Bright sun,612100,1,0,1,2,,,0,,,,,,Auckland Region,Nil,1-way,Sealed,,0,0,,50,,Off,0,0,,76,Auckland,Give way,,,,,0,0,Urban,0,,,Fine,Null
1761075.4725,5908941.4428,766389,,524404,0,0,0,1,0,Null,2023/2024,HARANIA AVENUE,LACHLAN PLACE,,Non-Injury Crash,No,2023,0,South,0,0,0,Flat,0,,0,,0,Dark,730403,0,0,0,2,0,0,0,0,1,,0,0,Auckland Region,Nil,2-way,Sealed,0,0,0,0,50,0,On,1,0,,76,Auckland,Nil,0,0,0,0,0,0,Urban,0,0,0,Fine,Null
1769181.9529,5905156.9541,766396,,523721,0,,0,2,,Null,2024/2025,ASPIRING AVENUE,MATTHEWS ROAD,,Non-Injury Crash,No,2024,,East,,0,,Hill Road,,,,,,Overcast,715609,0,0,0,2,,,0,,,,,,Auckland Region,Nil,2-way,Sealed,,0,0,,50,,Off,0,0,,76,Auckland,Give way,,,,,0,0,Urban,0,,,Light rain,Null
1767306.4329,5906413.3665,766403,,523601,0,0,0,1,0,North,2022/2023,SOUTHERN MOTORWAY,REAGAN OBR,,Minor Crash,Yes,2023,0,South,0,0,0,Flat,1,,0,,0,Dark,707900,1,0,0,3,0,0,0,0,0,,0,0,Auckland Region,Nil,1-way,Sealed,0,0,0,0,100,0,On,0,0,,76,Auckland,Nil,0,0,0,0,0,0,Open,0,0,0,Fine,Null
1760803.853,5915382.1443,766412,,520201,0,,0,1,,South,2024/2025,SOUTHERN MOTORWAY,WALPOLE OBR,,Serious Crash,Yes,2024,,North,,0,,Flat,,,,,,Bright sun,613000,0,0,1,4,,,0,,,,,,Auckland Region,Nil,1-way,Sealed,,0,1,,100,,Off,0,0,,76,Auckland,Nil,,,,,0,0,Open,0,,,Fine,Frost
1748239.5972,5914013.7681,766421,,511700,0,,0,2,,Null,2024/2025,GREAT NORTH ROAD,WEST COAST ROAD,,Serious Crash,No,2024,,West,,0,,Hill Road,,,,,,Overcast,270201,0,0,0,3,,,0,,,,,,Auckland Region,Nil,1-way,Sealed,,0,1,,50,,Off,0,0,,76,Auckland,Traffic Signals,,,,,0,0,Urban,0,,,Fine,Strong wind
1758267.6912,5917109.5676,766427,,515700,0,,0,2,,West,2022/2023,OWENS ROAD,MANUKAU ROAD,,Non-Injury Crash,No,2023,,East,,0,,Hill Road,,Easter,,,,Dark,457800,0,0,0,2,,,0,,,,,,Auckland Region,Nil,1-way,Sealed,,0,0,,50,,On,0,0,,76,Auckland,Nil,,,,,0,0,Urban,0,,,Fine,Null
1768801.3778,5904060.3126,766435,,523820,0,,0,1,,South,2023/2024,EVERGLADE DRIVE,MELIA GROVE,,Non-Injury Crash,No,2023,,North,,0,,Flat,,,,,,Twilight,760141,0,0,1,2,,,0,,,,,,Auckland Region,Nil,2-way,Sealed,,0,0,,50,,On,0,0,,76,Auckland,Nil,,,,,0,0,Urban,0,,,Fine,Null
1765151.4802,5917677.9047,766483,,517001,0,,0,2,,Null,2022/2023,APIRANA AVENUE,EASTVIEW ROAD,,Minor Crash,No,2023,,South,,0,,Flat,,,,,,Overcast,463901,1,0,0,2,,,0,,,,,,Auckland Region,Nil,2-way,Sealed,,0,0,,50,,Off,0,0,,76,Auckland,Give way,,,,,0,0,Urban,0,,,Light rain,Null
1757615.3428,5918581.2769,766484,,514302,0,,0,2,,Null,2022/2023,KHYBER PASS ROAD,PARKFIELD TERRACE,,Non-Injury Crash,No,2023,,East,,0,,Flat,,,,,,Overcast,442100,0,0,0,4,,,0,,,,,,Auckland Region,Nil,2-way,Sealed,,0,0,,50,,Off,0,0,,76,Auckland,Traffic Signals,,,,,0,0,Urban,0,,,Heavy rain,Strong wind
1754373.9019,5930083.3794,766485,,508420,0,0,0,4,0,East,2023/2024,TARGET ROAD,CHEVAL DRIVE,,Non-Injury Crash,No,2024,0,East,0,0,0,Hill Road,0,,0,,0,Dark,182020,0,0,0,2,0,0,0,0,1,,0,0,Auckland Region,Nil,2-way,Sealed,0,0,0,0,50,0,On,0,0,,76,Auckland,Nil,0,0,0,0,0,0,Urban,0,0,0,Fine,Null
1754336.0166,5935911.5939,766500,15,507101,0,,0,1,,South,2023/2024,EAST COAST ROAD,CARLISLE ROAD,,Non-Injury Crash,No,2024,,South,,0,,Hill Road,,,,,,Bright sun,160403,0,0,0,2,,,0,,,,,,Auckland Region,Nil,2-way,Sealed,,0,0,,50,,Off,0,0,,76,Auckland,Nil,,,,,0,1,Urban,0,,,Fine,None
1755893.1691,5926836.0446,766508,,508620,0,0,0,0,0,South,2022/2023,SUNNYBRAE ROAD,EVELYN PLACE,,Non-Injury Crash,No,2023,0,North,0,0,0,Flat,0,,0,,0,Dark,204701,0,0,0,3,0,0,0,0,1,,0,0,Auckland Region,Nil,2-way,Sealed,0,0,0,0,50,0,On,0,0,,76,Auckland,Nil,0,0,0,0,0,1,Urban,1,0,0,Light rain,Null
1747401.6825,5921285.2727,766517,,512300,0,,0,0,,North,2024/2025,GUNNER DRIVE,RHONE AVENUE,,Minor Crash,No,2024,,South,,0,,Flat,,,,,,Bright sun,250101,1,0,1,2,,,0,,,,,,Auckland Region,Nil,2-way,Sealed,,0,0,,50,,Off,0,0,,76,Auckland,Nil,,,,,0,0,Urban,0,,,Fine,Null
1751992.5484,5930646.8972,766525,,509100,0,,0,1,,South,2024/2025,ALBANY HIGHWAY OFF RAMP,ALBANY HIGHWAY,,Minor Crash,No,2024,,North,,0,,Hill Road,,,,,,Overcast,181003,1,0,0,2,,,0,,,,,,Auckland Region,Motorway ramp,1-way,Sealed,,0,0,,60,,Off,0,0,,76,Auckland,Nil,,,,,0,0,Urban,1,,,Fine,Null
1746224.8032,5925677.8573,766531,,513432,0,,0,2,,North,2022/2023,HOBSONVILLE ROAD,LAURENSON ROAD,,Non-Injury Crash,No,2023,,South,,0,,Flat,,,,,,Bright sun,223007,0,0,0,2,,,0,,,,,,Auckland Region,Nil,2-way,Unsealed,,0,0,,50,,Off,0,0,,76,Auckland,Nil,,,,,0,0,Urban,0,,,Fine,Null
1755970.4131,5937524.7643,766548,,506903,0,0,0,1,0,Null,2025/2026,COUNTY ROAD,WAIRERE ROAD,,Minor Crash,No,2025,0,East,0,0,0,Hill Road,0,,0,,0,Bright sun,167800,1,0,0,2,0,0,0,0,0,,0,1,Auckland Region,Nil,2-way,Sealed,0,0,0,0,50,0,Off,0,0,,76,Auckland,Nil,0,0,0,0,0,0,Urban,0,0,0,Fine,Null
1768773.3179,5914111.1303,766557,,522723,0,,0,1,,Null,2023/2024,PAKURANGA ROAD,CASCADES ROAD,,Non-Injury Crash,No,2024,,East,,0,,Flat,,,,,,Bright sun,681600,0,0,0,2,,,0,,,,,,Auckland Region,Nil,2-way,Sealed,,0,0,,50,,Off,0,0,,76,Auckland,Traffic Signals,,,,,1,0,Urban,0,,,Fine,None
1751349.6726,5918015.746,766565,,515001,0,0,0,2,0,East,2024/2025,NORTH-WESTERN MOTORWAY,GREAT NORTH ROAD OFF RAMP,,Minor Crash,Yes,2025,0,East,0,0,0,Flat,1,,0,,0,Dark,392200,2,0,0,3,0,0,0,0,0,,0,0,Auckland Region,Nil,1-way,Sealed,0,0,0,0,100,0,On,0,0,,76,Auckland,Nil,0,0,0,0,0,0,Open,0,0,0,Fine,Null
1756828.5463,5915920.2386,766572,,518202,0,0,0,1,0,Null,2024/2025,MOUNT EDEN ROAD,BALMORAL ROAD,,Non-Injury Crash,No,2024,0,South,0,0,0,Flat,0,,0,,0,Overcast,551700,0,0,0,2,0,0,0,0,0,,0,0,Auckland Region,Nil,2-way,Sealed,0,0,0,0,50,0,Off,1,0,,76,Auckland,Traffic Signals,0,0,0,0,0,0,Urban,0,1,0,Light rain,Null
1761694.882,5907049.7178,766580,,524520,0,0,0,1,0,West,2024/2025,MERVAN STREET,VON STURMER STREET,,Non-Injury Crash,No,2025,0,North,0,0,1,Flat,0,,0,,0,Bright sun,736000,0,0,0,2,0,0,0,0,0,,0,0,Auckland Region,Nil,2-way,Sealed,0,0,0,0,50,0,Off,0,0,,76,Auckland,Nil,0,0,0,0,0,0,Urban,0,0,0,Fine,Null
1756069.2204,5916130.1598,766589,,518301,1,,0,1,,West,2024/2025,BALMORAL ROAD,MATIPO STREET,,Minor Crash,No,2025,,South,,0,,Flat,,,,,,Bright sun,555200,1,0,0,4,,,0,,,,,,Auckland Region,Nil,2-way,Sealed,,0,0,,50,,Off,0,0,,76,Auckland,Nil,,,,,0,0,Urban,0,,,Fine,Null
1757276.1288,5912443.164,766596,,518702,0,,0,1,,West,2024/2025,SOUTH-WESTERN MOTORWAY,QUEENSTOWN OBR,,Non-Injury Crash,Yes,2025,,South,,0,,Hill Road,,,,,,Bright sun,570300,0,0,0,3,,,0,,,,,,Auckland Region,Nil,1-way,Sealed,,0,0,,100,,Off,0,0,,76,Auckland,Nil,,,,,0,0,Open,1,,,Fine,Null
1756338.3666,5927885.0923,766604,,507900,0,,0,2,,North,2024/2025,WAIRAU ROAD,SHAKESPEARE ROAD,,Non-Injury Crash,No,2025,,North,,0,,Flat,,,,,,Dark,305202,0,0,0,2,,,0,,,,,,Auckland Region,Nil,2-way,Sealed,,0,0,,50,,On,0,0,,76,Auckland,Nil,,,,,0,0,Urban,0,,,Fine,Null
1758862.3212,5903137.1133,766612,,524200,0,,1,0,,West,2024/2025,RAY EMERY DRIVE,RAY EMERY DRIVE,,Non-Injury Crash,No,2025,,East,,0,,Flat,,,,,,Twilight,727200,0,0,0,1,,,0,,,,,,Auckland Region,Nil,1-way,Sealed,,0,0,,30,,On,1,0,,76,Auckland,Nil,,,,,0,0,Urban,0,,,Fine,Null
1767720.9333,5907715.3781,766613,,523602,0,,0,1,,Null,2023/2024,EAST TAMAKI ROAD,HILLS ROAD,,Non-Injury Crash,No,2024,,West,,0,,Flat,,,,,,Overcast,710000,0,0,0,2,,,0,,,,,,Auckland Region,Nil,1-way,Sealed,,0,0,,50,,Off,0,0,,76,Auckland,Traffic Signals,,,,,0,0,Urban,0,,,Fine,None
1756753.1357,5913175.7698,766628,,518702,0,,0,2,,Null,2024/2025,HILLSBOROUGH ROAD,HAUGHEY AVENUE,,Non-Injury Crash,No,2025,,South,,0,,Flat,,,,,,Bright sun,567700,0,0,0,2,,,0,,,,,,Auckland Region,Nil,2-way,Sealed,,0,0,,50,,Off,0,0,,76,Auckland,Stop,,,,,0,0,Urban,0,,,Fine,Null
1760142.7241,5915126.4112,766645,,519400,0,0,0,0,0,North,2024/2025,CAMPBELL ROAD,MIRO ROAD,,Non-Injury Crash,No,2024,0,South,0,0,0,Null,0,,0,,0,Bright sun,617500,0,0,0,2,0,0,0,0,1,,0,0,Auckland Region,Nil,2-way,Sealed,0,0,0,0,50,0,Null,1,0,,76,Auckland,Nil,0,0,0,0,0,0,Urban,1,0,0,Fine,Null
1754940.0332,5912301.858,766661,,519002,0,0,0,0,0,West,2024/2025,RICHARDSON ROAD,GLASS ROAD,,Non-Injury Crash,No,2024,0,East,0,0,0,Hill Road,0,,1,,0,Bright sun,589600,0,0,0,2,0,0,0,0,0,2,0,0,Auckland Region,Nil,2-way,Sealed,0,0,0,0,50,0,Off,0,0,,76,Auckland,Nil,0,0,0,0,0,0,Urban,1,0,0,Fine,Null
1767851.027,5900939.3737,766668,,525001,0,0,0,1,0,Null,2025/2026,RUSSELL ROAD,JUTLAND ROAD,,Non-Injury Crash,No,2025,0,West,0,0,0,Flat,0,,0,,0,Overcast,752300,0,0,0,2,0,0,0,0,0,,0,1,Auckland Region,Nil,2-way,Sealed,0,0,0,0,50,0,Off,0,0,,76,Auckland,Stop,0,0,0,0,0,0,Urban,0,0,0,Fine,Null
1756789.8454,5926504.6922,766669,,507900,0,,0,3,,North,2024/2025,NORTHERN MOTORWAY,ESMONDE ROAD OFF RAMP,,Non-Injury Crash,Yes,2024,,South,,0,,Flat,,,,,,Bright sun,304000,0,0,0,3,,,0,,,,,,Auckland Region,Nil,1-way,Sealed,,0,0,,100,,Off,0,0,,76,Auckland,Nil,,,,,0,0,Open,0,,,Fine,Null
1757726.9059,5919489.5712,766677,,514302,0,,0,1,,South,2024/2025,GRAFTON ROAD,GRAFTON MEWS,,Minor Crash,No,2024,,North,,0,,Hill Road,,,,,,Bright sun,442200,1,0,1,3,,,0,,,,,,Auckland Region,Nil,2-way,Sealed,,0,0,,50,,Off,0,0,,76,Auckland,Nil,,,,,0,0,Urban,0,,,Fine,Null
1752874.3301,5916606.7547,766701,35,517901,0,,0,2,,Null,2022/2023,NEW NORTH ROAD,MOUNT ALBERT ROAD,,Non-Injury Crash,No,2023,,East,,0,,Hill Road,,,,,,Overcast,524800,0,0,0,4,,,0,,,,,,Auckland Region,Nil,2-way,Sealed,,0,0,,50,,Off,0,0,,76,Auckland,Traffic Signals,,,,,0,0,Urban,0,,,Fine,None
1769018.2828,5900708.9545,766708,,525002,0,,0,2,,Null,2024/2025,GREAT SOUTH ROAD,WOODSIDE ROAD,,Minor Crash,No,2025,,South,,0,,Flat,,,,,,Overcast,752802,3,0,0,2,,,0,,,,,,Auckland Region,Nil,2-way,Sealed,,0,0,,50,,Off,0,0,,76,Auckland,Stop,,,,,0,0,Urban,0,,,Fine,Null
1753946.1646,5914168.4867,766716,,518801,0,,0,3,,South,2024/2025,MAIORO STREET ON RAMP,SH20,,Non-Injury Crash,No,2024,,North,,0,,Flat,,,,,,Dark,578500,0,0,0,3,,,0,,,,,,Auckland Region,Nil,1-way,Sealed,,0,0,,100,,On,0,0,,76,Auckland,Nil,,,,,0,0,Open,0,,,Fine,Null
1761138.0653,5914249.8991,766717,,519500,0,,0,2,,South,2024/2025,GREAT SOUTH ROAD,ELLERSLIE-PANMURE HIGHWAY,,Non-Injury Crash,No,2024,,South,,0,,Flat,,,,,,Bright sun,620500,0,0,0,4,,,0,,,,,,Auckland Region,Nil,2-way,Sealed,,0,0,,50,,Off,0,0,,76,Auckland,Nil,,,,,0,0,Urban,0,,,Fine,Null
1766738.8183,5902721.488,766725,,524602,0,,0,2,,East,2024/2025,KERRS ROAD,DALGETY DRIVE,,Non-Injury Crash,No,2024,,West,,0,,Flat,,,,,,Dark,780407,0,0,0,3,,,0,,,,,,Auckland Region,Nil,2-way,Sealed,,0,0,,50,,On,1,0,,76,Auckland,Nil,,,,,0,0,Urban,0,,,Light rain,Null
1755014.1474,5913737.1866,766740,,518803,0,,0,2,,Null,2024/2025,DOMINION ROAD,DENBIGH AVENUE,,Non-Injury Crash,No,2025,,North,,0,,Flat,,,,,,Bright sun,581700,0,0,0,2,,,0,,,,,,Auckland Region,Nil,1-way,Sealed,,0,0,,50,,None,0,0,20,76,Auckland,Give way,,,,,0,0,Urban,0,,,Fine,Null
1757006.8039,5917517.1914,766741,,518102,0,,0,2,,Null,2024/2025,BELLEVUE ROAD,MOUNT EDEN ROAD,,Non-Injury Crash,No,2024,,East,,0,,Null,,,,,,Dark,543400,0,0,0,2,,,0,,,,,,Auckland Region,Nil,2-way,Sealed,,0,0,,50,,On,0,0,,76,Auckland,Stop,,,,,0,0,Urban,0,,,Fine,Null
1820857.3767,5986500.2675,766755,,521000,0,0,0,1,0,West,2022/2023,HECTOR SANDERSON ROAD,AIRFIELD ACCESS ROAD,,Non-Injury Crash,No,2023,0,Null,0,0,0,Flat,0,,0,,0,Dark,439000,0,0,0,2,0,0,0,0,1,,0,0,Auckland Region,Nil,2-way,Sealed,0,0,0,0,100,0,None,0,0,,76,Auckland,Nil,0,0,0,0,0,0,Open,0,0,0,Fine,Null
1759413.583,5910236.7785,766756,,524002,0,,0,1,,Null,2024/2025,RIMU ROAD,RIMU ROAD ON RAMP,,Non-Injury Crash,No,2025,,East,,0,,Flat,,,,,,Dark,722000,0,0,0,2,,,0,,,,,,Auckland Region,Motorway ramp,2-way,Sealed,,0,0,,50,,On,1,0,,76,Auckland,Give way,,,,,0,0,Urban,0,,,Fine,Null
1756207.8853,5919286.2579,766764,,514000,0,,0,2,,North,2025/2026,PONSONBY ROAD,KARANGAHAPE ROAD,,Non-Injury Crash,No,2026,,South,,0,,Flat,,Christmas New Year,,,,Twilight,413800,0,0,0,4,,,0,,,,,,Auckland Region,Nil,2-way,Sealed,,0,0,,40,,On,0,0,,76,Auckland,Nil,,,,,0,0,Urban,0,,,Fine,Null
1741126.843,5921963.2492,766773,,513701,0,,0,2,,Null,2024/2025,RED HILLS ROAD,SUNNYVALE ROAD,,Non-Injury Crash,No,2024,,East,,0,,Flat,,Labour Weekend,,,,Overcast,229800,0,0,0,2,,,0,,,,,,Auckland Region,Nil,2-way,Unsealed,,0,0,,60,,None,0,0,,76,Auckland,Stop,,,,,0,0,Urban,0,,,Fine,Null
1768242.1734,5908131.7649,766780,,523502,0,,0,1,,South,2024/2025,EAST TAMAKI ROAD,BIRMINGHAM ROAD,,Serious Crash,No,2025,,South,,0,,Flat,,,,,,Overcast,703700,0,1,0,4,,,0,,,,,,Auckland Region,Nil,2-way,Sealed,,0,1,,60,,Off,0,0,,76,Auckland,Nil,,,,,0,0,Urban,0,,,Light rain,Null
1763644.7282,5908856.612,766803,,521901,0,0,0,2,0,West,2022/2023,MANGERE ROAD,WALMSLEY ROAD,,Minor Crash,No,2023,0,East,0,0,1,Flat,0,Christmas New Year,0,,0,Bright sun,786100,1,0,0,5,0,0,0,0,1,,0,0,Auckland Region,Nil,2-way,Sealed,0,0,0,0,50,0,Off,1,0,,76,Auckland,Nil,0,0,0,0,0,0,Urban,1,0,0,Fine,Null
1747996.7736,5922117.3618,766813,,512202,0,0,0,2,0,Null,2024/2025,MATAU RISE,WAIMANU BAY DRIVE,,Minor Crash,No,2025,0,West,0,0,0,Flat,0,,0,,0,Dark,249003,1,0,0,2,0,0,0,0,1,,0,0,Auckland Region,Nil,2-way,Sealed,0,0,0,0,50,0,On,0,0,,76,Auckland,Nil,0,0,0,0,0,0,Urban,0,0,0,Light rain,Null
1772968.9136,5891153.2273,766837,,521301,0,,0,2,,North,2024/2025,SOUTHERN MOTORWAY,GREAT SOUTH ROAD OFF RAMP,,Non-Injury Crash,Yes,2025,,North,,0,,Flat,,,,,,Bright sun,809200,0,0,0,4,,,0,,,,,,Auckland Region,Overpass,2-way,Sealed,,0,0,,100,,Off,0,0,,76,Auckland,Nil,,,,,0,0,Open,0,,,Fine,Null
1770626.8405,5912843.09,766845,,523106,0,,0,2,,South,2025/2026,BOTANY ROAD,HEADCORN PLACE,,Non-Injury Crash,No,2025,,North,,0,,Hill Road,,,,,,Overcast,711141,0,0,0,4,,,0,,,,,,Auckland Region,Nil,2-way,Sealed,,0,0,,60,,Off,0,0,50,76,Auckland,Nil,,,,,0,0,Urban,0,,,Fine,Null
1762876.7937,5912948.1755,766852,25,520402,0,,0,2,,West,2022/2023,SOUTHERN MOTORWAY,SOUTH-EASTERN HWY OFF RAMP,,Non-Injury Crash,Yes,2023,,South,,0,,Hill Road,,,,,,Overcast,642500,0,0,0,3,,,0,,,,,,Auckland Region,Nil,1-way,Sealed,,0,0,,100,,None,0,0,,76,Auckland,Nil,,,,,0,0,Open,0,,,Fine,None
1752497.5197,5925811.5123,766884,,510220,0,0,0,2,0,South,2023/2024,VERBENA ROAD,CASTLETON STREET,,Minor Crash,No,2024,0,South,0,0,0,Hill Road,0,,0,,0,Overcast,350700,1,0,0,2,0,0,0,0,1,,0,0,Auckland Region,Nil,2-way,Sealed,0,0,0,0,50,0,Off,0,0,,76,Auckland,Nil,0,0,0,0,0,0,Urban,0,0,0,Fine,Null
1745846.495,5920196.8371,766885,,513301,0,,0,2,,East,2025/2026,CENTRAL PARK DRIVE,TONY STREET,,Non-Injury Crash,No,2025,,North,,0,,Flat,,,,,,Bright sun,230302,0,0,0,2,,,0,,,,,,Auckland Region,Nil,2-way,Sealed,,0,0,,50,,Off,0,0,,76,Auckland,Nil,,,,,0,0,Urban,0,,,Fine,Null
1773060.2414,5896633.7321,766892,,525420,0,0,0,3,0,North,2023/2024,PRICTOR STREET,MARGARET STREET,,Non-Injury Crash,No,2023,0,South,0,0,0,Flat,0,,0,,0,Dark,792900,0,0,0,2,0,0,0,0,1,,0,0,Auckland Region,Nil,2-way,Sealed,0,0,0,0,50,0,On,0,0,,76,Auckland,Nil,0,0,0,0,0,0,Urban,0,0,0,Fine,Null
1755120.7366,5928709.7858,766900,,508320,0,,0,1,,Null,2023/2024,HILLSIDE ROAD,POLAND ROAD,,Serious Crash,No,2024,,South,,0,,Hill Road,,,,,,Overcast,198701,1,0,0,2,,,0,,,,,,Auckland Region,Nil,2-way,Sealed,,0,3,,50,,Off,1,0,,76,Auckland,Give way,,,,,0,0,Urban,1,,,Heavy rain,Null
1766391.6517,5899665.8453,766908,,524812,0,,0,1,,South,2023/2024,MAHIA ROAD,WEYMOUTH ROAD,,Minor Crash,No,2023,,South,,0,,Flat,,Christmas New Year,,,,Overcast,774214,3,0,0,2,,,0,,,,,,Auckland Region,Nil,2-way,Sealed,,0,0,,50,,Off,0,0,,76,Auckland,Nil,,,,,0,0,Urban,1,,,Light rain,Null
1750662.1588,5912789.4057,766957,,511402,0,,0,1,,Null,2025/2026,PORTAGE ROAD,BOLTON STREET,,Non-Injury Crash,No,2025,,North,,0,,Flat,,,,,,Bright sun,260500,0,0,0,2,,,0,,,,,,Auckland Region,Nil,2-way,Sealed,,0,0,,50,,Null,1,0,,76,Auckland,Give way,,,,,0,0,Urban,0,,,Fine,Null
1751959.7,5935824.0908,766965,35,506300,0,0,0,1,0,West,2025/2026,LONELY TRACK ROAD,KEWA ROAD,,Non-Injury Crash,No,2025,1,East,0,0,0,Hill Road,0,,0,,0,Overcast,176101,0,0,0,2,0,0,0,0,0,,0,0,Auckland Region,Nil,2-way,Sealed,0,0,0,0,60,0,None,0,0,,76,Auckland,Nil,0,0,0,0,0,0,Urban,0,0,0,Fine,Null
1746479.0533,5919728.3301,766980,,512402,0,0,0,1,0,East,2024/2025,ROYAL VIEW ROAD,FLANSHAW ROAD,,Non-Injury Crash,No,2024,0,West,0,0,0,Null,0,,0,,0,Dark,252400,0,0,0,2,0,0,0,0,1,,0,0,Auckland Region,Nil,2-way,Sealed,0,0,0,0,30,0,On,0,0,,76,Auckland,Nil,0,0,0,0,0,0,Urban,1,0,0,Fine,Null
1754475.1708,5920711.1721,766981,,515201,0,0,0,1,0,South,2025/2026,JERVOIS ROAD,SALISBURY STREET,,Non-Injury Crash,No,2026,0,North,0,0,0,Flat,0,Christmas New Year,0,,0,Dark,422500,0,0,0,4,0,0,0,0,0,,0,0,Auckland Region,Nil,2-way,Sealed,0,0,0,0,50,0,On,0,0,,76,Auckland,Nil,0,0,0,1,0,0,Urban,0,0,0,Fine,Null
1759243.6989,5920095.207,767004,,515902,0,0,0,3,0,Null,2024/2025,GLADSTONE ROAD,JUDGES BAY ROAD,,Minor Crash,No,2025,0,West,0,0,0,Hill Road,0,,0,,0,Bright sun,455200,1,0,0,2,0,1,0,0,0,,0,0,Auckland Region,Nil,2-way,Sealed,0,0,0,0,50,0,Off,1,0,,76,Auckland,Give way,0,0,0,0,0,0,Urban,0,0,0,Fine,Null