X,Y,OBJECTID,advisorySpeed,areaUnitID,bicycle,bridge,bus,carStationWagon,cliffBank,crashDirectionDescription,crashFinancialYear,crashLocation1,crashLocation2,crashRoadSideRoad,crashSeverity,crashSHDescription,crashYear,debris,directionRoleDescription,ditch,fatalCount,fence,flatHill,guardRail,holiday,houseOrBuilding,intersection,kerb,light,meshblockId,minorInjuryCount,moped,motorcycle,NumberOfLanes,objectThrownOrDropped,otherObject,otherVehicleType,overBank,parkedVehicle,pedestrian,phoneBoxEtc,postOrPole,region,roadCharacter,roadLane,roadSurface,roadworks,schoolBus,seriousInjuryCount,slipOrFlood,speedLimit,strayAnimal,streetLight,suv,taxi,temporarySpeedLimit,tlaId,tlaName,trafficControl,trafficIsland,trafficSign,train,tree,truck,unknownVehicleType,urban,vanOrUtility,vehicle,waterRiver,weatherA,weatherB
1762671.8336,5905724.7678,767011,,524200,0,,0,2,,North,2023/2024,SOUTH-WESTERN MOTORWAY,PORTAGE OBR,,Minor Crash,Yes,2023,,North,,0,,Flat,,,,,,Dark,729100,1,0,0,2,,,0,,,,,,Auckland Region,Nil,1-way,Sealed,,0,0,,100,,Off,0,0,,76,Auckland,Nil,,,,,0,0,Open,0,,,Fine,Null
1755976.0624,5918593.1061,767013,,515500,0,,0,2,,Null,2022/2023,NORTH-WESTERN MOTORWAY,NEWTON ROAD OFF RAMP,,Non-Injury Crash,Yes,2023,,North,,0,,Flat,,,,,,Unknown,418600,0,0,0,4,,,0,,,,,,Auckland Region,Nil,1-way,Sealed,,0,0,,80,,Off,0,0,,76,Auckland,Nil,,,,,0,0,Open,0,,,Fine,None
1783263.9419,5916020.5393,767027,,523300,0,0,0,1,0,East,2022/2023,MARAETAI COAST ROAD,COLSON LANE,,Non-Injury Crash,No,2023,0,North,0,0,0,Flat,0,,0,,0,Dark,720200,0,0,0,2,0,0,0,0,0,,0,0,Auckland Region,Nil,2-way,Sealed,0,0,0,0,50,0,None,0,0,,76,Auckland,Nil,0,0,0,1,0,0,Urban,0,0,0,Heavy rain,Strong wind
1758005.9412,5918470.8718,767029,,517400,0,,0,1,,Null,2024/2025,KHYBER PASS ROAD,MAUNGAWHAU ROAD,,Minor Crash,No,2024,,West,,0,,Null,,,,,,Overcast,450200,1,0,1,2,,,0,,,,,,Auckland Region,Nil,2-way,Sealed,,0,0,,50,,Null,0,0,,76,Auckland,Stop,,,,,0,0,Urban,0,,,Fine,Null
1768018.3093,5912056.0385,767035,,523000,0,0,0,2,0,North,2022/2023,GOSSAMER DRIVE,RIVERHILLS AVENUE,,Non-Injury Crash,No,2023,0,South,0,0,0,Flat,0,Easter,0,,0,Dark,688300,0,0,0,2,0,0,0,0,1,,0,0,Auckland Region,Nil,2-way,Sealed,0,0,0,0,50,0,On,0,0,,76,Auckland,Nil,0,0,0,0,0,0,Urban,0,0,0,Light rain,Null
1764343.9654,5909399.0997,767060,,521901,0,,0,1,,Null,2023/2024,GREAT SOUTH ROAD,FORT RICHARD ROAD,,Non-Injury Crash,No,2023,,North,,0,,Flat,,,,,,Dark,784700,0,0,0,4,,,0,,,,,,Auckland Region,Nil,2-way,Sealed,,0,0,,50,,On,0,0,,76,Auckland,Stop,,,,,1,0,Urban,0,,,Null,None
1742495.2496,5926410.8747,767061,,513410,0,0,0,1,0,Null,2025/2026,NORTH-WESTERN MOTORWAY,FRED TAYLOR DRIVE,,Non-Injury Crash,Yes,2025,0,North,0,0,0,Flat,0,,0,,0,Dark,223100,0,0,0,2,0,0,0,0,0,,0,0,Auckland Region,Nil,1-way,Sealed,0,0,0,0,80,0,On,0,0,,76,Auckland,Give way,1,0,0,1,0,0,Open,0,0,0,Fine,Null
1769912.9999,5898904.9961,767076,,523920,0,,0,2,,Null,2023/2024,TAKANINI ON RAMP,SOUTHERN MOTORWAY,,Non-Injury Crash,No,2023,,South,,0,,Flat,,,,,,Bright sun,768007,0,0,0,2,,,0,,,,,,Auckland Region,Nil,1-way,Sealed,,0,0,,100,,Off,0,0,,76,Auckland,Nil,,,,,0,0,Open,0,,,Light rain,None
1756838.0895,5915892.1687,767077,,518301,0,,0,2,,Null,2024/2025,BALMORAL ROAD,MOUNT EDEN ROAD,,Non-Injury Crash,No,2025,,West,,0,,Null,,,,,,Dark,557000,0,0,0,4,,,0,,,,,,Auckland Region,Nil,1-way,Sealed,,0,0,,50,,On,0,0,,76,Auckland,Traffic Signals,,,,,0,0,Urban,0,,,Fine,Null
1763721.2299,5913532.6558,767084,,520402,0,,0,1,,South,2024/2025,MOUNT WELLINGTON HIGHWAY,ROSLYN ROAD,,Non-Injury Crash,No,2024,,North,,0,,Flat,,,,,,Bright sun,640300,0,0,0,4,,,0,,,,,,Auckland Region,Nil,2-way,Sealed,,0,0,,50,,Off,0,0,,76,Auckland,Give way,,,,,0,0,Urban,1,,,Fine,Null
1753274.9704,5916270.2604,767085,,517800,0,0,0,1,0,East,2025/2026,MOUNT ALBERT ROAD,SUMMIT DRIVE,,Serious Crash,No,2026,0,North,0,0,0,Hill Road,0,,0,,0,Bright sun,528500,0,0,0,3,0,0,0,0,1,,0,0,Auckland Region,Nil,2-way,Sealed,0,0,1,0,50,0,Off,1,0,,76,Auckland,Nil,0,0,0,0,0,0,Urban,0,0,0,Fine,Null
1753437.9069,5914114.7179,767092,,518801,0,,0,1,,South,2024/2025,RICHARDSON ROAD,WELSH STREET,,Non-Injury Crash,No,2025,,North,,0,,Null,,,,,,Bright sun,578701,0,0,0,2,,,0,,,,,,Auckland Region,Nil,2-way,Sealed,,0,0,,50,,Null,0,0,,76,Auckland,Nil,,,,,0,1,Urban,0,,,Fine,Null
1750575.5028,5915699.3561,767107,,514802,0,0,0,2,0,North,2022/2023,ROSEBANK ROAD,CANAL ROAD,,Serious Crash,No,2023,0,North,0,0,0,Flat,0,,0,,0,Dark,390200,0,0,0,2,0,0,0,0,1,,0,0,Auckland Region,Nil,2-way,Sealed,0,0,2,0,50,0,On,0,0,,76,Auckland,Nil,0,0,0,0,0,0,Urban,0,0,0,Fine,Null
1767600.9428,5900512.8708,767109,,524720,0,0,0,2,0,North,2024/2025,WORDSWORTH ROAD,BEESTON CRESCENT,,Non-Injury Crash,No,2024,0,North,0,0,0,Flat,0,,0,,0,Dark,777000,0,0,0,2,0,0,0,0,1,,0,0,Auckland Region,Nil,2-way,Sealed,0,0,0,0,30,0,On,0,0,,76,Auckland,Nil,0,0,0,0,0,0,Urban,0,0,0,Null,None
1755925.8379,5916975.8818,767116,,518201,1,,0,0,,Null,2023/2024,DOMINION ROAD,KING EDWARD STREET,,Minor Crash,No,2024,,North,,0,,Flat,,,,,,Bright sun,548200,1,0,0,2,,,0,,,,,,Auckland Region,Nil,2-way,Sealed,,0,0,,50,,Off,0,0,,76,Auckland,Give way,,,,,0,0,Urban,1,,,Fine,Null
1793938.8923,5905416.5817,767125,,525202,0,0,0,0,1,South,2024/2025,KAWAKAWA-ORERE ROAD,FORESTRY ROAD 3,,Serious Crash,No,2025,0,North,0,0,0,Hill Road,0,,0,,1,Overcast,765200,0,0,1,2,0,0,0,0,0,,0,0,Auckland Region,Nil,2-way,Sealed,0,0,1,0,80,0,None,0,0,,76,Auckland,Nil,0,0,0,0,0,0,Open,0,0,0,Fine,Null
1753494.1885,5929286.2247,767133,,508411,0,,0,1,,Null,2024/2025,JAMES STREET,SPINELLA DRIVE,,Minor Crash,No,2025,,North,,0,,Hill Road,,,,,,Dark,184000,1,0,1,2,,,0,,,,,,Auckland Region,Nil,2-way,Sealed,,0,0,,50,,Off,0,0,,76,Auckland,Give way,,,,,0,0,Urban,0,,,Fine,Null
1771512.9778,5914215.7569,767140,,521602,0,,0,2,,Null,2023/2024,VINCENT STREET,WELLINGTON STREET,,Non-Injury Crash,No,2024,,East,,0,,Flat,,,,,,Bright sun,647800,0,0,0,2,,,0,,,,,,Auckland Region,Nil,2-way,Sealed,,0,0,,50,,Off,0,0,,76,Auckland,Give way,,,,,0,0,Urban,0,,,Fine,Null
1747496.2143,5926447.4537,767148,,513431,1,,0,0,,Null,2024/2025,NUGGET AVENUE,HOBSONVILLE POINT ROAD,,Minor Crash,No,2024,,South,,0,,Flat,,,,,,Bright sun,221907,1,0,0,3,,,0,,,1,,,Auckland Region,Nil,2-way,Sealed,,0,0,,50,,Off,0,0,40,76,Auckland,Traffic Signals,,,,,0,0,Urban,1,,,Fine,Null
1763358.5813,5909264.7211,767149,,521901,0,0,0,1,0,South,2024/2025,WALMSLEY ROAD,MARJORIE JAYNE CRESCENT,,Non-Injury Crash,No,2025,0,North,0,0,0,Flat,0,,0,,0,Bright sun,783300,0,0,0,4,0,0,0,0,0,,0,0,Auckland Region,Nil,2-way,Sealed,0,0,0,0,50,0,Off,0,0,,76,Auckland,Nil,0,1,0,0,0,0,Urban,0,0,0,Fine,Null
1756066.8212,5927862.7717,767157,,507900,0,,0,0,,North,2024/2025,NORTHERN MOTORWAY,NORTHCOTE ROAD ON RAMP,,Non-Injury Crash,Yes,2025,,North,,0,,Flat,,,,,,Overcast,305201,0,0,0,4,,,0,,,,,,Auckland Region,Nil,1-way,Sealed,,0,0,,100,,Off,0,0,,76,Auckland,Nil,,,,,0,0,Open,1,,,Fine,Null
1754775.2503,5914650.9527,767165,,517703,0,,0,1,,South,2024/2025,MOUNT ALBERT ROAD,RENFREW AVENUE,,Non-Injury Crash,No,2025,,North,,0,,Flat,,,,,,Twilight,539901,0,0,0,2,,,0,,,,,,Auckland Region,Nil,2-way,Sealed,,0,0,,50,,Off,0,0,,76,Auckland,Nil,,,,,1,0,Urban,0,,,Fine,Null
1766288.9824,5905190.8454,767181,,524603,0,0,0,1,0,East,2025/2026,PUHINUI ROAD,NORMAN SPENCER DRIVE,,Non-Injury Crash,No,2025,0,West,0,0,1,Flat,0,,0,,0,Bright sun,674300,0,0,0,4,0,0,0,0,0,,0,1,Auckland Region,Nil,2-way,Sealed,0,0,0,0,50,0,Off,0,0,,76,Auckland,Nil,0,0,0,0,0,0,Urban,0,0,0,Fine,Null
1756980.918,5944861.099,767204,35,505902,0,0,0,1,1,Null,2024/2025,LAURENCE STREET,LADIES MILE,,Minor Crash,No,2024,0,North,0,0,0,Flat,0,,0,,0,Dark,174505,2,0,0,2,0,0,0,0,0,,0,0,Auckland Region,Nil,2-way,Sealed,0,0,0,0,50,0,On,0,0,,76,Auckland,Give way,0,0,0,0,0,0,Urban,0,0,0,Fine,Null
1740168.481,5920188.4872,767212,35,513702,0,0,0,1,0,South,2024/2025,SUNNYVALE ROAD,CROWS ROAD,,Minor Crash,No,2025,0,East,0,0,0,Hill Road,0,,0,,0,Dark,229702,1,0,0,2,0,0,0,0,0,,0,1,Auckland Region,Nil,2-way,Sealed,0,0,0,0,60,0,None,0,0,,76,Auckland,Nil,0,1,0,0,0,0,Urban,0,0,0,Fine,Null
1782393.4174,5925948.2791,767220,,520801,0,0,0,0,1,South,2024/2025,WHARF ROAD,WAITAI ROAD,,Minor Crash,No,2025,0,North,1,0,0,Flat,0,,0,,0,Dark,515313,2,0,0,2,0,0,0,0,0,,0,0,Auckland Region,Nil,2-way,Sealed,0,0,0,0,50,0,On,0,0,,76,Auckland,Nil,0,0,0,0,0,0,Urban,1,0,0,Fine,Null
1754857.9422,5930498.4229,767237,,508520,0,,0,2,,South,2024/2025,NORTHERN MOTORWAY,UPPER HARBOUR HWY ON RAMP,,Minor Crash,Yes,2025,,South,,0,,Flat,,,,,,Dark,192700,1,0,0,2,,,0,,,,,,Auckland Region,Nil,1-way,Sealed,,0,0,,100,,On,0,0,,76,Auckland,Nil,,,,,0,0,Open,0,,,Light rain,Null
1778422.8585,5912577.9576,767269,75,523202,0,,0,1,,North,2024/2025,WHITFORD MARAETAI ROAD,PUKERANGI RISE,,Minor Crash,No,2025,,East,,0,,Hill Road,,,,,,Dark,762501,1,0,0,3,,,0,,,,,,Auckland Region,Nil,2-way,Sealed,,0,0,,80,,On,1,0,,76,Auckland,Nil,,,,,0,0,Open,0,,,Fine,Null
1739233.3433,5977788.3909,767285,,506660,0,,0,1,,North,2024/2025,SH 1,HOTEO RIV BR,,Non-Injury Crash,Yes,2024,,South,,0,,Null,,,,,,Dark,136700,0,0,0,2,,,0,,,,,,Auckland Region,Nil,2-way,Sealed,,0,0,,80,,Null,0,0,,76,Auckland,Nil,,,,,0,0,Open,0,,,Null,Null
1772758.9917,5896781.7958,767293,,525420,0,0,0,0,0,East,2024/2025,INGRAM STREET,PORCHESTER ROAD,,Non-Injury Crash,No,2024,0,West,0,0,0,Flat,0,,0,,0,Dark,792700,0,0,0,2,0,0,0,0,1,,0,0,Auckland Region,Nil,2-way,Sealed,0,0,0,0,50,0,On,1,0,,76,Auckland,Nil,0,0,0,0,1,0,Urban,0,0,0,Fine,Null
1770957.0638,5899512.9224,767340,,523911,0,0,0,1,0,North,2022/2023,TAKANINI SCHOOL ROAD,REDING STREET,,Non-Injury Crash,No,2023,0,North,0,0,0,Flat,0,,0,,0,Overcast,766700,0,0,0,2,0,0,0,0,1,,0,0,Auckland Region,Nil,2-way,Sealed,0,0,0,0,70,0,Off,0,0,,76,Auckland,Nil,0,0,0,0,1,0,Urban,0,0,0,Fine,Null
1757676.8383,5918290.3,767364,,518101,0,,0,2,,Null,2023/2024,SOUTHERN MOTORWAY,KHYBER PASS ROAD OFF RAMP,,Non-Injury Crash,Yes,2024,,North,,0,,Hill Road,,,,,,Bright sun,543000,0,0,0,4,,,0,,,,,,Auckland Region,Nil,1-way,Sealed,,0,0,,80,,Off,0,0,,76,Auckland,Nil,,,,,0,0,Open,0,,,Fine,Null
1763833.751,5914679.5512,767381,,520303,0,0,0,2,0,North,2023/2024,BARRACK ROAD,BANKS ROAD,,Non-Injury Crash,No,2024,0,South,0,0,0,Flat,0,,0,,0,Dark,626802,0,0,0,2,0,0,0,0,1,,0,1,Auckland Region,Nil,2-way,Sealed,0,0,0,0,50,0,On,0,0,,76,Auckland,Nil,0,0,0,0,0,0,Urban,0,0,0,Fine,Null
1744477.267,5922551.7217,767388,,513530,0,,0,1,,West,2023/2024,ROYAL ROAD,ROYAL ROAD ON RAMP,,Non-Injury Crash,No,2024,,East,,0,,Flat,,,,,,Bright sun,225802,0,0,0,2,,,0,,,,,,Auckland Region,Overpass,2-way,Sealed,,0,0,,50,,Off,0,0,,76,Auckland,Nil,,,,,0,0,Urban,1,,,Fine,Null
1765630.1011,5901485.8286,767389,,524604,0,0,0,1,0,North,2024/2025,ROSCOMMON ROAD,BROWNS ROAD,,Minor Crash,No,2024,0,South,0,0,0,Flat,0,,0,,0,Dark,781302,1,0,0,2,0,0,0,0,0,,0,0,Auckland Region,Nil,1-way,Sealed,0,0,0,1,60,0,On,0,0,,76,Auckland,Nil,0,0,0,0,0,0,Urban,0,0,0,Light rain,Null
1737649.423,5928051.3837,767396,65,505605,0,0,0,1,0,East,2024/2025,ACCESS ROAD,FARRAND ROAD,,Serious Crash,No,2024,0,East,2,0,0,Hill Road,0,,0,,0,Overcast,215201,3,0,0,2,0,0,0,0,0,,0,0,Auckland Region,Nil,2-way,Sealed,0,0,1,0,80,0,None,1,0,,76,Auckland,Nil,0,0,0,0,0,0,Open,0,0,0,Light rain,Null
1755302.2704,5921768.3514,767404,,515202,0,0,0,1,0,South,2023/2024,NORTHERN MOTORWAY,HARBOUR BR S,,Non-Injury Crash,Yes,2023,0,South,0,0,0,Flat,1,,0,,0,Overcast,423600,0,0,0,4,0,0,0,0,0,,0,0,Auckland Region,Bridge,1-way,Sealed,0,0,0,0,80,0,Off,0,0,,76,Auckland,Nil,0,0,0,0,0,0,Open,0,0,0,Fine,Null
1739227.7838,5918549.2821,767405,,513702,0,0,0,1,1,East,2023/2024,SCENIC DRIVE NORTH,AWHIORANGI PROMENADE,,Serious Crash,No,2024,0,East,0,0,0,Hill Road,0,,0,,0,Overcast,237203,0,0,0,2,0,0,0,0,0,,0,0,Auckland Region,Nil,2-way,Sealed,0,0,1,0,50,0,On,0,0,,76,Auckland,Nil,0,0,0,0,0,0,Urban,0,0,0,Fine,Null
1747999.7301,5930367.7008,767411,,509000,0,0,0,1,0,West,2022/2023,PAREMOREMO ROAD,TE ARAROA DRIVE,,Minor Crash,No,2023,0,West,0,0,0,Hill Road,0,,0,,0,Overcast,179704,1,0,0,2,0,0,0,0,0,,0,0,Auckland Region,Nil,2-way,Sealed,0,0,0,0,60,0,Off,0,0,,76,Auckland,Nil,0,0,0,1,0,0,Urban,0,0,0,Fine,Null
1769596.5419,5901802.4575,767413,,523814,0,,0,2,,South,2023/2024,SOUTHERN MOTORWAY,HILL OBR,,Non-Injury Crash,Yes,2024,,South,,0,,Flat,,,,,,Bright sun,759507,0,0,0,3,,,0,,,,,,Auckland Region,Nil,1-way,Sealed,,0,0,,100,,Off,0,0,,76,Auckland,Nil,,,,,0,0,Open,0,,,Fine,Null
1751537.4009,5912437.8201,767428,,514700,0,,0,1,,Null,2024/2025,BLOCKHOUSE BAY ROAD,EXMINSTER STREET,,Minor Crash,No,2024,,North,,0,,Flat,,,,,,Overcast,369900,4,0,0,2,,,0,,,,,,Auckland Region,Nil,2-way,Sealed,,0,0,,50,,Off,1,0,,76,Auckland,Give way,,,,,0,0,Urban,1,,,Fine,Null
1751577.3736,5915249.7925,767429,,514401,0,,0,0,,Null,2024/2025,NEW NORTH ROAD,BLOCKHOUSE BAY ROAD,,Minor Crash,No,2024,,West,,0,,Flat,,,,,,Bright sun,380001,1,0,0,5,,,0,,,,,,Auckland Region,Nil,2-way,Sealed,,0,0,,50,,Off,2,0,,76,Auckland,Traffic Signals,,,,,0,0,Urban,0,,,Fine,Null
1767378.0529,5907629.8919,767451,,523602,0,0,0,1,0,West,2023/2024,EAST TAMAKI ROAD,FERGUSON ROAD,,Minor Crash,No,2023,0,West,0,0,0,Flat,1,,0,,0,Bright sun,709800,1,0,0,2,0,0,0,0,0,,0,0,Auckland Region,Nil,1-way,Sealed,0,0,0,0,60,0,Off,0,0,40,76,Auckland,Nil,0,0,0,0,0,0,Urban,1,0,0,Fine,Null
1769470.4251,5903889.5254,767453,,523820,0,0,0,1,0,Null,2023/2024,GOODWOOD DRIVE,RIBBONWOOD CRESCENT,,Serious Crash,No,2024,0,North,0,0,0,Hill Road,0,,0,,0,Dark,760137,0,0,0,2,0,0,0,0,0,,0,0,Auckland Region,Nil,2-way,Sealed,0,0,1,0,50,0,On,0,0,,76,Auckland,Stop,0,0,0,1,0,0,Urban,0,0,0,Light rain,Null
1747675.3534,5914980.376,767476,,511700,0,0,0,3,0,Null,2023/2024,SABULITE ROAD,BUTTERWORTH DRIVE,,Minor Crash,No,2024,0,South,0,0,0,Flat,0,,0,,0,Bright sun,271700,2,0,0,2,0,0,0,0,2,2,0,0,Auckland Region,Nil,2-way,Sealed,0,0,0,0,50,0,Off,0,0,,76,Auckland,Give way,0,0,0,0,0,0,Urban,1,0,0,Fine,Null
1747061.4566,5917299.9507,767499,,512500,0,0,0,1,0,Null,2022/2023,DIVICH AVENUE,FINLOW DRIVE,,Non-Injury Crash,No,2023,0,East,0,0,1,Flat,0,,0,,0,Dark,258901,0,0,0,2,0,0,0,0,1,,0,0,Auckland Region,Nil,2-way,Sealed,0,0,0,0,50,0,On,0,0,,76,Auckland,Give way,0,0,0,0,0,0,Urban,0,0,0,Fine,Null
1755185.7906,5917909.5086,767509,,517500,0,,0,2,,North,2023/2024,KINGSLAND AVENUE,FIRST AVENUE,,Non-Injury Crash,No,2023,,South,,0,,Hill Road,,,,,,Bright sun,530500,0,0,0,1,,,0,,,,,,Auckland Region,Nil,2-way,Sealed,,0,0,,50,,Off,0,0,,76,Auckland,Nil,,,,,0,0,Urban,0,,,Fine,Null
1769643.5291,5909986.7972,767525,15,523113,0,0,0,2,0,East,2023/2024,KELVIN HART DRIVE,FRANSHELL CRESCENT,,Non-Injury Crash,No,2024,0,West,0,0,0,Flat,0,,0,,0,Dark,711729,0,0,0,2,0,0,0,0,1,,0,0,Auckland Region,Nil,2-way,Sealed,0,0,0,0,50,0,On,0,0,,76,Auckland,Nil,0,0,0,0,0,0,Urban,0,0,0,Fine,None
1755064.7886,5916985.8989,767533,,517701,0,0,0,1,0,South,2023/2024,SANDRINGHAM ROAD,GRIBBLEHIRST ROAD,,Non-Injury Crash,No,2024,0,North,0,0,0,Flat,0,,0,,0,Dark,537000,0,0,0,4,0,0,0,0,0,,0,1,Auckland Region,Nil,2-way,Sealed,0,0,0,0,50,0,On,0,0,,76,Auckland,Nil,0,0,0,0,0,0,Urban,0,0,0,Fine,Null
1755442.3999,5928253.687,767549,,507900,0,,0,1,,South,2023/2024,ARCHERS ROAD,POLAND ROAD,,Minor Crash,No,2024,,South,,0,,Flat,,,,,,Bright sun,305100,1,0,0,4,,,0,,,,,,Auckland Region,Nil,2-way,Sealed,,0,0,,50,,Off,1,0,,76,Auckland,Nil,,,,,0,0,Urban,0,,,Fine,Null
1776657.7386,5884325.5365,767563,,521132,0,0,0,1,0,South,2022/2023,HILLVIEW ROAD,STONE ROAD,,Minor Crash,No,2023,0,South,0,0,2,Hill Road,0,,0,,0,Overcast,814702,1,0,0,2,0,0,0,0,0,,0,0,Auckland Region,Nil,2-way,Sealed,0,0,0,0,80,0,None,0,0,,76,Auckland,Nil,0,0,0,0,0,0,Open,1,0,0,Fine,Null
1757334.4867,5914526.1316,767564,,518600,0,0,0,2,0,South,2023/2024,BUCKLEY ROAD,SELWYN ROAD,,Non-Injury Crash,No,2023,0,North,0,0,0,Hill Road,0,,0,,0,Dark,564300,0,0,0,2,0,0,0,0,1,,0,0,Auckland Region,Nil,2-way,Sealed,0,0,0,0,50,0,On,0,0,,76,Auckland,Nil,0,0,0,0,0,0,Urban,0,0,0,Fine,Null
1761447.0859,5916848.478,767572,,516202,0,,0,2,,West,2023/2024,REMUERA ROAD,UPLAND ROAD,,Non-Injury Crash,No,2024,,East,,0,,Flat,,,,,,Bright sun,489900,0,0,0,4,,,0,,,,,,Auckland Region,Nil,2-way,Sealed,,0,0,,50,,Off,0,0,,76,Auckland,Nil,,,,,0,0,Urban,0,,,Fine,Null
1765125.0952,5909818.1228,767573,,521802,0,,0,3,,South,2024/2025,SOUTHERN MOTORWAY,TRENWITH OBR,,Non-Injury Crash,Yes,2024,,North,,0,,Flat,,,,,,Overcast,788203,0,0,0,3,,,0,,,,,,Auckland Region,Motorway ramp,1-way,Sealed,,0,0,,100,,Off,0,0,,76,Auckland,Nil,,,,,0,0,Open,0,,,Fine,Null
1741905.6434,5919797.2517,767580,,513621,0,0,0,1,0,South,2023/2024,PATRICK RICE DRIVE,CROWS ROAD,,Non-Injury Crash,No,2023,0,South,0,0,1,Hill Road,0,,0,,0,Bright sun,238102,0,0,0,2,0,0,0,0,0,,0,0,Auckland Region,Nil,2-way,Sealed,0,0,0,0,50,0,None,0,0,,76,Auckland,Nil,0,0,0,0,0,0,Urban,0,0,0,Fine,Null
1743858.4096,5920869.4206,767605,,513632,0,0,0,1,0,Null,2023/2024,ZITA MARIA DRIVE,DONOVAN AVENUE,,Non-Injury Crash,No,2023,0,South,0,0,0,Hill Road,0,,0,,0,Overcast,228101,0,0,0,2,0,0,0,0,0,,1,0,Auckland Region,Nil,2-way,Sealed,0,0,0,0,50,0,Off,0,0,,76,Auckland,Give way,0,0,0,0,0,0,Urban,0,0,0,Light rain,Null
1757993.7542,5912238.3371,767628,,519810,0,0,0,2,0,West,2024/2025,BEACHCROFT AVENUE,NORMANS HILL ROAD,,Non-Injury Crash,No,2024,0,West,0,0,1,Flat,0,,0,,0,Dark,598200,0,0,0,2,0,0,0,0,1,,0,0,Auckland Region,Nil,2-way,Sealed,0,0,0,0,50,0,On,0,0,,76,Auckland,Nil,0,0,0,0,0,0,Urban,0,0,0,Fine,Null
1760140.1851,5915913.9728,767636,,516003,0,,0,1,,Null,2024/2025,GREEN LANE EAST,GREEN LANE EAST OFF RAMP,,Non-Injury Crash,No,2024,,West,,0,,Flat,,,,,,Overcast,494902,0,0,0,3,,,0,,,,,,Auckland Region,Motorway ramp,1-way,Sealed,,0,0,,50,,Off,1,0,,76,Auckland,Give way,,,,,0,0,Urban,0,,,Fine,Null
1772734.2015,5894629.5903,767651,,525520,0,0,0,1,0,Null,2022/2023,BELLFIELD ROAD,POLANDSON PLACE,,Minor Crash,No,2023,0,East,0,0,0,Flat,0,,0,,0,Dark,802900,1,0,0,2,0,0,0,0,0,,0,0,Auckland Region,Nil,2-way,Sealed,0,0,0,0,50,0,On,0,0,,76,Auckland,Nil,0,0,0,1,0,0,Urban,0,0,0,Light rain,Null
1764814.3062,5911181.0293,767653,,520500,0,,0,1,,North,2024/2025,SOUTHERN MOTORWAY,PRINCES ST-OTAHUHU OFF RAMP,,Non-Injury Crash,Yes,2024,,South,,0,,Flat,,,,,,Dark,635901,0,0,0,3,,,0,,,,,,Auckland Region,Nil,1-way,Sealed,,0,0,,100,,On,0,0,50,76,Auckland,Nil,,,,,0,0,Open,0,,,Fine,Null
1766710.2326,5904675.4905,767660,,524603,0,,0,1,,Null,2023/2024,CAVENDISH DRIVE,LAMBIE DRIVE,,Non-Injury Crash,No,2023,,East,,0,,Flat,,,,,,Bright sun,780202,0,0,0,4,,,0,,,,,,Auckland Region,Nil,2-way,Sealed,,0,0,,50,,Off,0,0,,76,Auckland,Traffic Signals,,,,,0,1,Urban,0,,,Fine,None
1757150.3146,5930616.8625,767684,,507710,0,0,0,0,0,North,2024/2025,BRAEMAR ROAD,STRATHMOOR DRIVE,,Non-Injury Crash,No,2025,0,East,0,0,0,Hill Road,0,,0,,0,Overcast,313900,0,0,0,2,0,0,0,0,1,,0,0,Auckland Region,Nil,2-way,Sealed,0,0,0,0,50,0,Off,2,0,30,76,Auckland,Nil,0,0,0,0,0,0,Urban,0,0,0,Fine,Null
1744699.718,5919812.5226,767693,,513301,0,,0,1,,East,2023/2024,UNIVERSAL DRIVE,RATHGAR ROAD,,Minor Crash,No,2024,,West,,0,,Flat,,,,,,Twilight,234401,2,0,0,2,,,0,,,,,,Auckland Region,Nil,2-way,Sealed,,0,0,,50,,Off,0,0,,76,Auckland,Nil,,,,,0,0,Urban,1,,,Fine,Null
1758032.7886,5915759.6199,767700,,515801,0,0,0,2,0,West,2024/2025,KING EDWARD AVENUE,MANUKAU ROAD,,Non-Injury Crash,No,2024,0,East,0,0,0,Flat,0,,1,,0,Bright sun,447100,0,0,0,2,0,0,0,0,1,,0,0,Auckland Region,Nil,2-way,Sealed,0,0,0,0,50,0,Off,0,0,,76,Auckland,Nil,0,0,0,0,0,0,Urban,0,0,0,Fine,Null
1758749.9224,5911582.1992,767716,,519820,0,0,0,1,0,South,2024/2025,NEILSON STREET ON RAMP,NEILSON STREET,,Non-Injury Crash,No,2024,0,South,0,0,0,Flat,1,,0,,0,Dark,602402,0,0,0,3,0,0,0,0,0,,0,1,Auckland Region,Motorway ramp,1-way,Sealed,0,0,0,0,100,0,On,0,0,,76,Auckland,Nil,0,0,0,0,0,0,Open,0,0,0,Fine,Null
1771604.3788,5898616.6066,767732,,523912,0,,0,0,,North,2023/2024,KAURI HEART AVENUE,ARION ROAD,,Non-Injury Crash,No,2024,,North,,0,,Flat,,,,,,Bright sun,767400,0,0,1,2,,,0,,,,,,Auckland Region,Nil,2-way,Sealed,,0,0,,50,,Off,1,0,,76,Auckland,Nil,,,,,0,0,Urban,0,,,Fine,Null
1761062.1179,5915063.5516,767733,,520201,0,0,0,1,0,South,2024/2025,SOUTHERN MOTORWAY,MAIN OBR,,Minor Crash,Yes,2024,0,South,0,0,0,Flat,1,,0,,0,Dark,613500,1,0,0,3,0,0,0,0,0,,0,0,Auckland Region,Nil,1-way,Sealed,0,0,0,0,100,0,On,0,0,,76,Auckland,Nil,0,0,0,0,0,0,Open,0,0,0,Light rain,Null