X,Y,OBJECTID,advisorySpeed,areaUnitID,bicycle,bridge,bus,carStationWagon,cliffBank,crashDirectionDescription,crashFinancialYear,crashLocation1,crashLocation2,crashRoadSideRoad,crashSeverity,crashSHDescription,crashYear,debris,directionRoleDescription,ditch,fatalCount,fence,flatHill,guardRail,holiday,houseOrBuilding,intersection,kerb,light,meshblockId,minorInjuryCount,moped,motorcycle,NumberOfLanes,objectThrownOrDropped,otherObject,otherVehicleType,overBank,parkedVehicle,pedestrian,phoneBoxEtc,postOrPole,region,roadCharacter,roadLane,roadSurface,roadworks,schoolBus,seriousInjuryCount,slipOrFlood,speedLimit,strayAnimal,streetLight,suv,taxi,temporarySpeedLimit,tlaId,tlaName,trafficControl,trafficIsland,trafficSign,train,tree,truck,unknownVehicleType,urban,vanOrUtility,vehicle,waterRiver,weatherA,weatherB
1768759.502,5904548.584,767748,,523722,0,,0,0,,Null,2023/2024,REDOUBT ROAD,HOLLYFORD DRIVE,,Non-Injury Crash,No,2024,,West,,0,,Hill Road,,,,,,Bright sun,715909,0,0,0,2,,,0,,,,,,Auckland Region,Nil,2-way,Sealed,,0,0,,50,,Off,0,0,,76,Auckland,Traffic Signals,,,,,0,2,Urban,0,,,Fine,None
1758115.881,5915520.6777,767773,,515801,0,,0,1,,North,2024/2025,MANUKAU ROAD,GREEN LANE WEST,,Serious Crash,No,2025,,South,,0,,Flat,,,,,,Bright sun,447300,0,0,0,4,,,0,,,1,,,Auckland Region,Nil,2-way,Sealed,,0,1,,50,,Off,0,0,,76,Auckland,Nil,,,,,0,0,Urban,0,,,Fine,Null
1765499.9077,5916351.2471,767780,,520301,0,,0,1,,North,2024/2025,APIRANA AVENUE,PILKINGTON ROAD,,Serious Crash,No,2024,,North,,0,,Hill Road,,,,,,Bright sun,478000,0,0,0,2,,,0,,,1,,,Auckland Region,Nil,2-way,Sealed,,0,1,,50,,Off,0,0,,76,Auckland,Nil,,,,,0,0,Urban,0,,,Fine,Null
1757687.8437,5918280.8826,767789,,518101,0,,0,2,,South,2023/2024,SOUTHERN MOTORWAY,KHYBER PASS ROAD OFF RAMP,,Non-Injury Crash,Yes,2023,,North,,0,,Flat,,,,,,Bright sun,543000,0,0,0,4,,,0,,,,,,Auckland Region,Nil,1-way,Sealed,,0,0,,80,,Off,1,0,,76,Auckland,Nil,,,,,0,0,Open,0,,,Fine,None
1759437.1523,5913055.0547,767796,,519720,0,0,0,2,0,South,2024/2025,MOUNT SMART ROAD,MOANA AVENUE,,Non-Injury Crash,No,2024,0,North,0,0,0,Flat,1,,0,,0,Overcast,594400,0,0,0,2,0,0,0,0,1,,0,0,Auckland Region,Nil,2-way,Sealed,0,0,0,0,50,0,Off,0,0,,76,Auckland,Nil,0,0,0,0,0,0,Urban,0,0,0,Fine,Null
1752253.4562,5915879.0967,767797,,517902,1,,0,1,,South,2023/2024,NEW NORTH ROAD,RICHARDSON ROAD,,Non-Injury Crash,No,2024,,North,,0,,Flat,,,,,,Twilight,520900,0,0,0,4,,,0,,,,,,Auckland Region,Nil,2-way,Sealed,,0,0,,50,,On,0,0,,76,Auckland,Nil,,,,,0,0,Urban,0,,,Fine,None
1759744.8389,5907646.2968,767811,,524121,0,,0,1,,South,2022/2023,BADER DRIVE,COMET CRESCENT,,Minor Crash,No,2023,,South,,0,,Flat,,,,,,Bright sun,737600,1,0,0,2,,,0,,,,,,Auckland Region,Nil,2-way,Sealed,,0,0,,50,,Off,0,0,,76,Auckland,Nil,,,,,0,0,Urban,1,,,Fine,Null
1742557.6211,5926376.1614,767812,,513410,0,,0,1,,South,2024/2025,NORTH-WESTERN MOTORWAY,BRIGHAM CREEK ROAD,,Non-Injury Crash,Yes,2024,,South,,0,,Flat,,,,,,Dark,223100,0,0,0,2,,,0,,,,,,Auckland Region,Nil,1-way,Sealed,,0,0,,80,,On,0,0,,76,Auckland,Nil,,,,,0,0,Open,0,,,Mist or Fog,Null
1756107.7344,5923779.3863,767813,,509800,0,,0,1,,South,2024/2025,NORTHERN MOTORWAY,WEIGH BRIDGE,,Non-Injury Crash,Yes,2024,,South,,0,,Flat,,,,,,Twilight,358800,0,0,0,5,,,0,,,,,,Auckland Region,Nil,1-way,Sealed,,0,0,,80,,On,1,0,70,76,Auckland,Nil,,,,,0,0,Open,0,,,Fine,Null
1766083.2053,5906887.1741,767820,,522301,0,,0,2,,South,2022/2023,WINTERE ROAD,HOTEO AVENUE,,Non-Injury Crash,No,2023,,South,,0,,Flat,,,,,,Bright sun,667200,0,0,0,2,,,0,,,,,,Auckland Region,Nil,2-way,Sealed,,0,0,,50,,Off,0,0,,76,Auckland,Nil,,,,,0,0,Urban,0,,,Fine,None
1764891.6365,5910296.8487,767829,,521801,0,,0,2,,East,2023/2024,PRINCES STREET,ALBERT STREET,,Non-Injury Crash,No,2023,,West,,0,,Flat,,,,,,Dark,787200,0,0,0,4,,,0,,,,,,Auckland Region,Nil,2-way,Sealed,,0,0,,50,,On,0,0,,76,Auckland,Nil,,,,,0,0,Urban,0,,,Fine,None
1761515.3655,5919847.2996,767836,,516400,0,0,0,0,0,Null,2023/2024,COATES AVENUE,FENTON CIRCUS,,Non-Injury Crash,No,2024,0,North,0,0,0,Flat,1,,0,,0,Dark,496700,0,0,0,2,0,0,0,0,0,,0,0,Auckland Region,Nil,2-way,Sealed,0,0,0,0,50,0,Off,1,0,,76,Auckland,Nil,0,0,0,0,0,0,Urban,0,0,0,Fine,Null
1765923.3812,5905625.7954,767837,,522202,0,,0,2,,Null,2022/2023,BIRDWOOD AVENUE,CARRUTH ROAD,,Non-Injury Crash,No,2023,,West,,0,,Flat,,,,,,Bright sun,665700,0,0,0,2,,,0,,,,,,Auckland Region,Nil,2-way,Sealed,,0,0,,50,,Off,0,0,,76,Auckland,Give way,,,,,0,0,Urban,0,,,Fine,None
1757662.7396,5920942.4582,767845,,514101,0,,0,2,,South,2023/2024,COMMERCE STREET,TYLER STREET,,Non-Injury Crash,No,2024,,South,,0,,Flat,,,,,,Overcast,437903,0,0,0,2,,,0,,,,,,Auckland Region,Nil,2-way,Sealed,,0,0,,30,,On,0,0,,76,Auckland,Isolated Pedestrian signal (non-intersection),,,,,0,0,Urban,0,,,Fine,None
1746822.0063,5918660.8,767867,,512402,0,,0,1,,Null,2022/2023,TE ATATU ROAD,WAKELING AVENUE,,Non-Injury Crash,No,2023,,Null,,0,,Flat,,,,,,Overcast,256200,0,0,0,2,,,0,,,,,,Auckland Region,Nil,2-way,Sealed,,0,0,,50,,On,0,0,,76,Auckland,Stop,,,,,0,0,Urban,0,,,Fine,Null
1760955.4025,5919954.1301,767868,,516400,0,0,0,1,0,Null,2024/2025,TAMAKI DRIVE,NGAPIPI ROAD,,Minor Crash,No,2024,0,West,0,0,0,Flat,0,,0,,0,Bright sun,496500,2,0,0,3,0,0,0,0,0,,0,0,Auckland Region,Nil,2-way,Sealed,0,0,0,0,50,0,Off,2,0,,76,Auckland,Traffic Signals,0,0,0,0,0,0,Urban,0,1,0,Fine,Null
1769513.0441,5902004.5464,767876,,523814,0,,0,0,,South,2024/2025,SOUTHERN MOTORWAY,HILL ROAD-MANUREWA OFF RAMP,,Minor Crash,Yes,2024,,South,,0,,Flat,,,,,,Bright sun,760702,1,0,1,3,,,0,,,,,,Auckland Region,Nil,2-way,Sealed,,0,0,,100,,Off,1,0,,76,Auckland,Nil,,,,,0,0,Open,0,,,Fine,Null
1757004.3658,5920792.6522,767892,,514102,0,,0,0,,Null,2024/2025,NELSON STREET,FANSHAWE STREET,,Minor Crash,No,2024,,North,,0,,Null,,,,,,Overcast,432603,1,0,0,4,,,0,,,,,,Auckland Region,Nil,1-way,Sealed,,0,0,,40,,Null,1,0,,76,Auckland,Traffic Signals,,,,,0,0,Urban,0,,,Fine,Null
1740718.0524,5929978.8484,767899,,505604,0,0,0,1,0,North,2022/2023,RIVERHEAD ROAD,LATHROPE ROAD,,Minor Crash,No,2023,0,North,0,0,0,Flat,0,,0,,0,Bright sun,214202,1,0,0,2,0,0,0,0,0,,0,2,Auckland Region,Nil,2-way,Sealed,0,0,0,0,80,0,None,0,0,,76,Auckland,Nil,0,0,0,0,0,0,Open,0,0,0,Fine,Null
1756819.6504,5918828.6636,767908,,515600,0,,0,0,,Null,2023/2024,EXMOUTH STREET,NEWTON ROAD,,Non-Injury Crash,No,2024,,North,,0,,Flat,,,,,,Overcast,420400,0,0,0,2,,,0,,,,,,Auckland Region,Nil,2-way,Sealed,,0,0,,50,,None,0,0,,76,Auckland,Nil,,,,,0,1,Urban,1,,,Fine,None
1770480.6082,5905008.6142,767931,,523712,0,,0,1,,Null,2022/2023,THOMAS ROAD,ELEVATION STREET,,Serious Crash,No,2023,,East,,0,,Hill Road,,,,,,Overcast,716300,2,0,0,2,,,0,,,,,,Auckland Region,Nil,2-way,Sealed,,0,1,,50,,None,0,0,40,76,Auckland,Stop,,,,,0,0,Urban,1,,,Light rain,Null
1765586.0987,5916205.295,767932,,517100,0,,0,0,,Null,2024/2025,TRIPOLI ROAD,PILKINGTON ROAD,,Minor Crash,No,2025,,West,,0,,Flat,,,,,,Overcast,479400,1,0,0,2,,,0,,,,,,Auckland Region,Nil,1-way,Sealed,,0,0,,50,,None,1,0,,76,Auckland,Give way,,,,,0,0,Urban,1,,,Fine,Null
1767292.2989,5906449.1005,767940,,523601,0,0,0,1,0,North,2024/2025,SOUTHERN MOTORWAY,REAGAN OBR,,Minor Crash,Yes,2025,0,South,0,0,0,Flat,1,,0,,0,Dark,707900,1,0,0,3,0,0,0,0,0,,0,0,Auckland Region,Nil,1-way,Sealed,0,0,0,0,100,0,On,0,0,,76,Auckland,Nil,0,0,0,0,0,0,Open,0,0,0,Fine,Null
1769375.235,5914752.5653,767949,,522721,0,,0,1,,West,2024/2025,PENRUDDOCKE ROAD,PIGEON MOUNTAIN ROAD,,Minor Crash,No,2024,,East,,0,,Flat,,,,,,Bright sun,680727,1,0,0,2,,,0,,,1,,,Auckland Region,Nil,2-way,Sealed,,0,0,,50,,Off,0,0,,76,Auckland,Nil,,,,,0,0,Urban,0,,,Fine,Null
1764215.3647,5920217.2903,767988,,516601,0,0,0,1,0,West,2024/2025,TAMAKI DRIVE,AVERILL AVENUE,,Non-Injury Crash,No,2024,0,West,0,0,0,Flat,0,,0,,0,Twilight,503900,0,0,0,2,0,0,0,0,1,,0,0,Auckland Region,Nil,2-way,Sealed,0,0,0,0,50,0,Off,1,0,,76,Auckland,Nil,0,0,0,0,0,0,Urban,0,0,0,Fine,Null
1752587.9735,5933284.7339,767989,,508701,0,,0,1,,East,2024/2025,ALBANY EXPRESSWAY,MERCARI WAY,,Non-Injury Crash,No,2024,,West,,0,,Flat,,,,,,Overcast,178900,0,0,0,2,,,0,,,,,,Auckland Region,Nil,1-way,Sealed,,0,0,,80,,Off,1,0,,76,Auckland,Nil,,,,,0,0,Open,1,,,Light rain,Null
1766713.4522,5904476.1003,768004,,524604,0,,0,1,,North,2024/2025,LAMBIE DRIVE,RONWOOD AVENUE,,Non-Injury Crash,No,2025,,North,,0,,Flat,,,,,,Bright sun,780209,0,0,0,2,,,0,,,,,,Auckland Region,Nil,1-way,Sealed,,0,0,,50,,Off,1,0,,76,Auckland,Nil,,,,,0,0,Urban,0,,,Fine,None
1759368.3778,5925793.6102,768013,,508020,0,0,0,1,0,North,2024/2025,LAKE ROAD,ST LEONARDS ROAD,,Non-Injury Crash,No,2024,0,North,0,0,0,Flat,0,Labour Weekend,0,,0,Overcast,321500,0,0,0,2,0,0,0,0,0,,0,1,Auckland Region,Nil,2-way,Sealed,0,0,0,0,50,0,Off,0,0,,76,Auckland,Nil,0,0,0,0,0,0,Urban,0,0,0,Heavy rain,Null
1743281.3129,5922550.0819,768036,,513512,0,0,0,0,0,South,2024/2025,CYCLARAMA CRESCENT,ROYAL ROAD,,Minor Crash,No,2025,0,East,0,0,0,Hill Road,0,,0,,0,Bright sun,224800,1,0,0,1,0,0,0,0,1,,0,0,Auckland Region,Nil,1-way,Sealed,0,0,0,0,50,0,Off,2,0,,76,Auckland,Nil,0,0,0,0,0,0,Urban,0,0,0,Fine,Null
1763221.4938,5909175.7449,768037,,524402,0,,0,1,,Null,2024/2025,KAKA STREET,TITI STREET,,Non-Injury Crash,No,2024,,West,,0,,Flat,,,,,,Overcast,749800,0,0,0,3,,,0,,,,,,Auckland Region,Nil,2-way,Sealed,,0,0,,50,,On,0,0,,76,Auckland,Traffic Signals,,,,,0,0,Urban,1,,,Light rain,None
1753414.5487,5933193.1101,768053,,508804,0,,0,0,,South,2024/2025,GREVILLE ROAD ON RAMP,GREVILLE ROAD,,Minor Crash,Yes,2025,,South,,0,,Flat,,,,,,Bright sun,180701,1,0,0,3,,,0,,,,,,Auckland Region,Nil,1-way,Sealed,,0,0,,80,,Off,2,0,,76,Auckland,Nil,,,,,0,0,Open,0,,,Fine,Null
1744091.9535,5922675.2901,768061,,513511,0,0,0,2,0,Null,2024/2025,WESTGATE DRIVE,BONNY CRESCENT,,Non-Injury Crash,No,2024,0,North,0,0,0,Hill Road,0,,1,,0,Bright sun,224303,0,0,0,2,0,0,0,0,0,,0,0,Auckland Region,Nil,2-way,Sealed,0,0,0,0,50,0,Off,0,0,,76,Auckland,Give way,0,0,0,0,0,0,Urban,0,0,0,Fine,Null
1765643.8744,5908463.7425,768068,,523403,0,,0,2,,Null,2023/2024,SOUTHERN MOTORWAY,HIGHBROOK DRIVE OFF RAMP,,Non-Injury Crash,Yes,2024,,North,,0,,Flat,,,,,,Bright sun,696400,0,0,0,3,,,0,,,,,,Auckland Region,Nil,1-way,Sealed,,0,0,,100,,Off,0,0,,76,Auckland,Nil,,,,,0,0,Open,0,,,Fine,Null
1760604.9851,5907021.9142,768091,,524112,0,,1,0,,Null,2022/2023,OFF ROAD - CAR PARK,,,Minor Crash,No,2023,,East,,0,,Hill Road,,,,,,Bright sun,742101,1,0,0,,,,0,,,1,,,Auckland Region,Nil,Off road,End of seal,,0,0,,,,Off,0,0,,76,Auckland,Nil,,,,,0,0,Urban,0,,,Fine,Null
1756855.7497,5916021.2447,768092,,518202,0,,0,2,,South,2024/2025,MOUNT EDEN ROAD,KINGSVIEW ROAD,,Non-Injury Crash,No,2024,,South,,0,,Null,,,,,,Unknown,551700,0,0,0,2,,,0,,,,,,Auckland Region,Nil,2-way,Null,,0,0,,50,,Null,0,0,,76,Auckland,Nil,,,,,0,0,Urban,0,,,Null,Null
1751217.8054,5931445.4663,768093,,508806,0,,0,0,,Null,2025/2026,ALBANY HIGHWAY,OAKWAY DRIVE,,Minor Crash,No,2025,,North,,0,,Hill Road,,,,,,Dark,180101,1,0,0,4,,,0,,,,,,Auckland Region,Nil,2-way,Sealed,,0,0,,50,,On,2,0,,76,Auckland,Traffic Signals,,,,,0,0,Urban,0,,,Fine,Null
1753750.5308,5928508.5087,768108,,508320,0,,0,2,,Null,2024/2025,GLENFIELD ROAD,MAYFIELD ROAD,,Non-Injury Crash,No,2025,,South,,0,,Flat,,,,,,Bright sun,197500,0,0,0,3,,,0,,,,,,Auckland Region,Nil,1-way,Sealed,,0,0,,50,,Off,0,0,,76,Auckland,Traffic Signals,,,,,0,0,Urban,0,,,Fine,Null
1766594.4749,5904987.2889,768109,,524603,0,,0,2,,South,2022/2023,LAMBIE DRIVE,IHAKA PLACE,,Non-Injury Crash,No,2023,,South,,0,,Flat,,,,,,Overcast,780205,0,0,0,2,,,0,,,,,,Auckland Region,Nil,2-way,Sealed,,0,0,,50,,None,0,0,,76,Auckland,Nil,,,,,0,0,Urban,0,,,Fine,Strong wind
1767751.905,5904271.1535,768124,,524602,0,,1,1,,Null,2024/2025,GREAT SOUTH ROAD,MANUKAU STATION ROAD,,Non-Injury Crash,No,2025,,North,,0,,Flat,,,,,,Bright sun,780416,0,0,0,1,,,0,,,,,,Auckland Region,Nil,1-way,Sealed,,0,0,,50,,Off,0,0,,76,Auckland,Give way,,,,,0,0,Urban,0,,,Fine,Null
1735998.9897,5910102.1889,768140,,513800,0,,0,1,,East,2024/2025,PIHA ROAD,ANAWHATA ROAD,,Minor Crash,No,2025,,West,,0,,Flat,,,,,,Bright sun,282007,5,0,0,2,,,0,,,,,,Auckland Region,Nil,2-way,Sealed,,0,0,,80,,None,0,0,,76,Auckland,Nil,,,,,0,0,Open,0,,,Fine,Null
1757428.185,5912438.6976,768157,,518702,0,,0,2,,Null,2023/2024,QUEENSTOWN ROAD,BEL AIR DRIVE,,Non-Injury Crash,No,2023,,North,,0,,Flat,,,,,,Unknown,570500,0,0,0,2,,,0,,,,,,Auckland Region,Nil,1-way,Sealed,,0,0,,50,,Null,0,0,,76,Auckland,Give way,,,,,0,0,Urban,0,,,Light rain,Null
1751931.5881,5949072.575,768181,,505805,0,,0,2,,North,2024/2025,HIBISCUS COAST HIGHWAY,WEITI ROAD,,Non-Injury Crash,No,2024,,South,,0,,Flat,,,,,,Overcast,172207,0,0,0,2,,,0,,,,,,Auckland Region,Nil,2-way,Sealed,,0,0,,50,,Null,0,0,,76,Auckland,Nil,,,,,0,0,Urban,0,,,Fine,Null
1751546.9385,5912364.9934,768188,,514700,0,,1,1,,Null,2024/2025,BLOCKHOUSE BAY ROAD,HEAPHY STREET,,Non-Injury Crash,No,2025,,South,,0,,Flat,,,,,,Overcast,369900,0,0,0,2,,,0,,,,,,Auckland Region,Nil,2-way,Sealed,,0,0,,50,,Off,0,0,,76,Auckland,Give way,,,,,0,0,Urban,0,,,Fine,Null
1758936.6293,5913189.1111,768189,,519820,0,,0,2,,Null,2024/2025,ONEHUNGA MALL,MOUNT SMART ROAD,,Minor Crash,No,2025,,North,,0,,Flat,,,,,,Dark,599100,1,0,0,3,,,0,,,,,,Auckland Region,Nil,2-way,Sealed,,0,0,,50,,On,0,0,,76,Auckland,Traffic Signals,,,,,0,0,Urban,0,,,Fine,Null
1766913.7334,5907654.2865,768195,,523501,0,,0,1,,Null,2022/2023,EAST TAMAKI ROAD,BAIRDS ROAD,,Serious Crash,No,2023,,East,,0,,Flat,,,,,,Dark,700602,0,0,0,2,,,0,,,1,,,Auckland Region,Nil,2-way,Sealed,,0,1,,60,,On,0,0,,76,Auckland,Traffic Signals,,,,,0,0,Urban,0,,,Fine,Null
1765084.6213,5902846.2602,768197,,524604,0,,0,2,,Null,2023/2024,WIRI STATION ROAD,ROSCOMMON ROAD,,Non-Injury Crash,No,2024,,West,,0,,Hill Road,,,,,,Bright sun,781302,0,0,0,2,,,0,,,,,,Auckland Region,Nil,1-way,Sealed,,0,0,,60,,Off,0,0,,76,Auckland,Give way,,,,,0,0,Urban,0,,,Fine,Null
1756992.6801,5920335.9936,768205,,514102,0,,0,1,,Null,2024/2025,WELLESLEY STREET WEST,HOBSON STREET,,Minor Crash,No,2024,,West,,0,,Flat,,Christmas New Year,,,,Bright sun,434200,1,0,0,4,,,0,,,1,,,Auckland Region,Nil,2-way,Sealed,,0,0,,40,,Off,0,0,,76,Auckland,Traffic Signals,,,,,0,0,Urban,0,,,Fine,Null
1770329.0812,5899484.5629,768228,,523911,0,,0,2,,Null,2023/2024,SPARTAN ROAD,OAKLEIGH AVENUE,,Non-Injury Crash,No,2024,,West,,0,,Flat,,,,,,Bright sun,766600,0,0,0,2,,,0,,,,,,Auckland Region,Nil,2-way,Sealed,,0,0,,70,,None,0,0,,76,Auckland,Give way,,,,,0,0,Urban,0,,,Fine,None
1771134.1603,5898183.6881,768229,45,523912,0,,0,1,,South,2023/2024,GREAT SOUTH ROAD,UNA STREET,,Non-Injury Crash,No,2024,,Null,,0,,Flat,,,,,,Dark,767705,0,0,1,2,,,0,,,,,,Auckland Region,Nil,2-way,Sealed,,0,0,,50,,On,0,0,,76,Auckland,Nil,,,,,0,0,Urban,0,,,Fine,None
1751993.4228,5925603.9963,768253,,510220,0,0,0,2,0,North,2024/2025,BIRKDALE ROAD,GATMAN STREET,,Serious Crash,No,2025,0,North,0,0,0,Hill Road,0,,0,,0,Bright sun,349802,1,0,0,2,0,0,0,0,1,,0,0,Auckland Region,Nil,2-way,Sealed,0,0,1,0,50,0,Off,1,0,,76,Auckland,Nil,0,0,0,0,0,0,Urban,0,0,0,Fine,Null
1752267.9557,5915320.6861,768260,,517902,0,,1,1,,Null,2024/2025,HENDON AVENUE,HARLSTON ROAD,,Minor Crash,No,2024,,South,,0,,Flat,,,,,,Overcast,519701,1,0,0,2,,,0,,,,,,Auckland Region,Nil,2-way,Sealed,,0,0,,50,,Off,0,0,30,76,Auckland,Give way,,,,,0,0,Urban,0,,,Light rain,Null
1762982.9544,5907799.0261,768267,,524301,0,0,0,0,0,North,2022/2023,MASSEY ROAD,TENNESSEE AVENUE,,Non-Injury Crash,No,2023,0,North,0,0,0,Flat,0,,0,,0,Bright sun,747401,0,0,0,2,0,0,0,0,0,,0,0,Auckland Region,Nil,2-way,Sealed,0,0,0,0,50,0,Off,0,0,,76,Auckland,Nil,0,0,0,1,0,0,Urban,1,0,0,Light rain,Null
1763935.9315,5912365.5521,768268,,520500,0,0,0,1,0,South,2024/2025,MOUNT WELLINGTON HIGHWAY,MOUNT WELLINGTON HWY OFF RAMP,,Non-Injury Crash,No,2025,0,South,1,0,0,Hill Road,0,,0,,0,Overcast,639500,0,0,0,0,0,0,0,0,0,,0,0,Auckland Region,Motorway ramp,Off road,Sealed,0,0,0,0,50,0,Off,0,0,,76,Auckland,Nil,0,0,0,0,0,0,Urban,0,0,0,Fine,Null
1750725.6407,5946682.5157,768277,,505807,0,,0,1,,Null,2023/2024,WHANGAPARAOA ROAD,HIBISCUS COAST HIGHWAY,,Non-Injury Crash,No,2023,,North,,0,,Flat,,,,,,Bright sun,172802,0,0,0,2,,,0,,,,,,Auckland Region,Nil,1-way,Sealed,,0,0,,50,,Off,1,0,,76,Auckland,Traffic Signals,,,,,0,0,Urban,0,,,Fine,Null
1735713.1068,5929909.9835,768283,,505605,0,0,0,1,1,East,2022/2023,SH 16,MATUA ROAD,,Non-Injury Crash,Yes,2023,0,West,0,0,0,Hill Road,0,,0,,0,Dark,215800,0,0,0,2,0,0,0,0,0,,0,0,Auckland Region,Nil,2-way,Sealed,0,0,0,0,80,0,None,0,0,,76,Auckland,Nil,0,0,0,0,0,0,Open,0,0,0,Fine,Null
1756105.6228,5929077.2208,768292,,508510,0,,0,2,,West,2024/2025,BOND CRESCENT,FORREST HILL ROAD,,Non-Injury Crash,No,2025,,East,,0,,Null,,Easter,,,,Bright sun,195600,0,0,0,2,,,0,,,,,,Auckland Region,Nil,2-way,Null,,0,0,,50,,Null,0,0,,76,Auckland,Nil,,,,,0,0,Urban,0,,,Light rain,Null
1764846.3905,5910353.4521,768308,,521801,0,,0,2,,Null,2025/2026,ALBERT STREET,AVALON COURT,,Minor Crash,No,2025,,North,,0,,Flat,,,,,,Overcast,787100,1,0,0,2,,,0,,,,,,Auckland Region,Nil,2-way,Sealed,,0,0,,30,,Off,0,0,,76,Auckland,Nil,,,,,0,0,Urban,0,,,Fine,Null
1765047.7283,5915359.9919,768316,,520301,0,,0,1,,Null,2025/2026,FRASER ROAD,TE HORETA ROAD,,Minor Crash,No,2025,,East,,0,,Flat,,,,,,Overcast,627800,2,0,0,5,,,0,,,,,,Auckland Region,Nil,2-way,Sealed,,0,0,,50,,Off,0,0,,76,Auckland,Traffic Signals,,,,,1,0,Urban,0,,,Fine,Null
1766586.0851,5910358.5223,768317,,523112,0,,0,2,,Null,2022/2023,HIGHBROOK DRIVE,EL KOBAR DRIVE,,Non-Injury Crash,No,2023,,East,,0,,Flat,,,,,,Overcast,711301,0,0,0,3,,,0,,,,,,Auckland Region,Nil,2-way,Sealed,,0,0,,50,,Off,0,0,,76,Auckland,Traffic Signals,,,,,0,0,Urban,1,,,Fine,Null
1771274.682,5895933.8416,768340,75,525540,0,,0,1,,Null,2024/2025,SOUTHERN MOTORWAY,PAPAKURA OFF RAMP,,Non-Injury Crash,Yes,2024,,South,,0,,Flat,,,,,,Bright sun,806208,0,0,0,3,,,0,,,,,,Auckland Region,Nil,1-way,Sealed,,0,0,,80,,Off,1,0,,76,Auckland,Nil,,,,,0,0,Open,0,,,Fine,None
1770916.6833,5901673.9658,768348,,523819,0,,0,1,,Null,2024/2025,RANFURLY ROAD,STRATFORD ROAD,,Non-Injury Crash,No,2024,,West,,0,,Flat,,,,,,Dark,760810,0,0,0,2,,,0,,,,,,Auckland Region,Nil,2-way,Sealed,,0,0,,50,,None,0,0,,76,Auckland,Give way,,,,,0,0,Urban,1,,,Fine,None
1764530.9374,5912091.5506,768349,,520500,0,,0,1,,South,2022/2023,SOUTHERN MOTORWAY,MOUNT WELLINGTON HWY ON RAMP,,Non-Injury Crash,Yes,2023,,Null,,0,,Flat,,,,,,Bright sun,639300,0,0,0,2,,,0,,,,,,Auckland Region,Nil,1-way,Sealed,,0,0,,100,,Off,0,0,,76,Auckland,Nil,,,,,1,0,Open,0,,,Fine,None
1769188.0996,5903194.3265,768355,,523820,0,,0,1,,Null,2022/2023,EUGENIA RISE,CALLUNA CRESCENT,,Minor Crash,No,2023,,South,,0,,Hill Road,,,,,,Overcast,760127,1,0,0,2,,,0,,,,,,Auckland Region,Nil,2-way,Sealed,,0,0,,50,,Off,0,0,,76,Auckland,Give way,,,,,0,0,Urban,1,,,Light rain,Null
1743937.3591,5924018.0233,768356,,513410,0,0,0,1,0,Null,2024/2025,HOBSONVILLE ROAD,FRED TAYLOR DRIVE,,Non-Injury Crash,No,2024,0,East,0,0,0,Flat,0,,0,,0,Dark,224000,0,0,0,4,0,0,0,0,0,,0,0,Auckland Region,Nil,2-way,Sealed,0,0,0,0,50,0,On,0,0,,76,Auckland,Traffic Signals,1,1,0,0,0,0,Urban,0,0,0,Fine,Null
1744745.9852,5914466.8112,768364,,512905,0,0,0,1,0,Null,2024/2025,PARRS CROSS ROAD,LEGACY DRIVE,,Minor Crash,No,2024,0,East,0,0,1,Flat,0,,0,,1,Dark,278903,1,0,0,2,0,0,0,0,0,,0,0,Auckland Region,Bridge,2-way,Sealed,0,0,0,0,50,0,On,0,0,,76,Auckland,Give way,0,0,0,1,0,0,Urban,0,0,0,Light rain,Null
1769996.6386,5917536.1463,768373,,522601,0,0,0,1,0,South,2024/2025,BUCKLANDS BEACH ROAD,EASTERN BEACH ROAD,,Non-Injury Crash,No,2024,0,South,0,0,0,Hill Road,0,,0,,0,Dark,676500,0,0,0,2,0,0,0,0,1,,0,0,Auckland Region,Nil,2-way,Sealed,0,0,0,0,50,0,On,2,0,,76,Auckland,Nil,0,0,0,0,0,0,Urban,0,0,0,Light rain,Null
1752804.065,5914096.1946,768389,,514500,0,,0,2,,East,2023/2024,MAIORO STREET,NEW WINDSOR ROAD,,Non-Injury Crash,No,2024,,West,,0,,Flat,,,,,,Overcast,376600,0,0,0,4,,,0,,,,,,Auckland Region,Nil,2-way,Sealed,,0,0,,50,,Off,0,0,,76,Auckland,Nil,,,,,0,0,Urban,0,,,Fine,Null
1756147.9548,5923965.0295,768396,,509800,0,,0,2,,South,2024/2025,NORTHERN MOTORWAY,WEIGH BRIDGE,,Non-Injury Crash,Yes,2024,,South,,0,,Flat,,,,,,Bright sun,361200,0,0,0,4,,,0,,,,,,Auckland Region,Nil,1-way,Sealed,,0,0,,80,,None,0,0,,76,Auckland,Nil,,,,,1,0,Open,0,,,Fine,Null
1754157.9205,5931416.0689,768404,,508805,0,,0,1,,North,2024/2025,CONSTELLATION DRIVE,UPPER HARBOUR HWY OFF RAMP,,Non-Injury Crash,No,2024,,North,,0,,Null,,,,,,Unknown,180813,0,0,0,2,,,0,,,,,,Auckland Region,Nil,1-way,Sealed,,0,0,,50,,Null,0,0,,76,Auckland,Nil,,,,,0,0,Urban,0,,,Null,Null