X,Y,OBJECTID,advisorySpeed,areaUnitID,bicycle,bridge,bus,carStationWagon,cliffBank,crashDirectionDescription,crashFinancialYear,crashLocation1,crashLocation2,crashRoadSideRoad,crashSeverity,crashSHDescription,crashYear,debris,directionRoleDescription,ditch,fatalCount,fence,flatHill,guardRail,holiday,houseOrBuilding,intersection,kerb,light,meshblockId,minorInjuryCount,moped,motorcycle,NumberOfLanes,objectThrownOrDropped,otherObject,otherVehicleType,overBank,parkedVehicle,pedestrian,phoneBoxEtc,postOrPole,region,roadCharacter,roadLane,roadSurface,roadworks,schoolBus,seriousInjuryCount,slipOrFlood,speedLimit,strayAnimal,streetLight,suv,taxi,temporarySpeedLimit,tlaId,tlaName,trafficControl,trafficIsland,trafficSign,train,tree,truck,unknownVehicleType,urban,vanOrUtility,vehicle,waterRiver,weatherA,weatherB
1771956.1174,5913663.0063,768420,,523102,1,,0,1,,Null,2024/2025,WHITFORD ROAD,NICHOLAS ROAD,,Minor Crash,No,2025,,South,,0,,Flat,,,,,,Bright sun,711026,1,0,0,2,,,0,,,,,,Auckland Region,Nil,2-way,Sealed,,0,0,,50,,Null,0,0,,76,Auckland,Stop,,,,,0,0,Urban,0,,,Fine,Null
1769892.2689,5901055.1156,768421,,524902,0,0,0,0,0,South,2024/2025,SOUTHERN MOTORWAY,ALFRISTON OBR,,Minor Crash,Yes,2024,0,North,0,0,0,Flat,1,,0,,0,Bright sun,757700,1,0,1,3,0,0,0,0,0,,0,0,Auckland Region,Nil,1-way,Sealed,0,0,0,0,100,0,Off,0,0,,76,Auckland,Nil,0,0,0,0,0,0,Open,0,0,0,Fine,Null
1747084.9272,5917598.3314,768428,,512500,0,,0,2,,Null,2024/2025,MCLEOD ROAD,GLYNNBROOKE STREET,,Non-Injury Crash,No,2024,,West,,0,,Hill Road,,,,,,Overcast,258700,0,0,0,2,,,0,,,1,,,Auckland Region,Nil,2-way,Sealed,,0,0,,50,,Off,0,0,,76,Auckland,Give way,,,,,0,0,Urban,0,,,Fine,Null
1755420.3966,5917871.6673,768437,,517500,0,0,0,1,0,West,2023/2024,NEW NORTH ROAD,CENTRAL ROAD,,Non-Injury Crash,No,2024,0,East,0,0,0,Flat,0,,0,,0,Dark,531800,0,1,0,4,0,0,0,0,1,,0,0,Auckland Region,Nil,2-way,Sealed,0,0,0,0,50,0,On,0,0,,76,Auckland,Nil,0,0,0,0,0,0,Urban,0,0,0,Fine,Null
1770019.8857,5906437.8328,768444,,523713,0,,0,2,,West,2024/2025,FLAT BUSH SCHOOL ROAD,CASTLEBANE DRIVE,,Minor Crash,No,2025,,East,,0,,Flat,,,,,,Bright sun,713100,1,0,0,2,,,0,,,,,,Auckland Region,Nil,2-way,Sealed,,0,0,,50,,Off,0,0,,76,Auckland,Nil,,,,,0,0,Urban,0,,,Fine,Null
1765482.2102,5901802.4878,768469,,524604,0,,0,2,,Null,2023/2024,ROSCOMMON ROAD,ROSCOMMON ROAD,,Non-Injury Crash,No,2024,,North,,0,,Flat,,,,,,Dark,781200,0,0,0,4,,,0,,,,,,Auckland Region,Nil,2-way,Sealed,,0,0,,50,,On,0,0,,76,Auckland,Nil,,,,,0,0,Urban,0,,,Fine,Null
1756554.2218,5917972.0468,768476,,518101,0,,0,1,,Null,2023/2024,WYNYARD ROAD,EDENVALE PARK ROAD,,Non-Injury Crash,No,2024,,North,,0,,Flat,,,,,,Bright sun,543700,0,0,0,2,,,0,,,,,,Auckland Region,Nil,2-way,Sealed,,0,0,,50,,Off,0,0,,76,Auckland,Nil,,,,,0,0,Urban,1,,,Fine,Null
1751675.1784,5934293.3323,768492,,508701,0,,0,1,,West,2024/2025,OTEHA VALLEY ROAD EXTENSION,OTEHA VALLEY ROAD,,Non-Injury Crash,No,2025,,East,,0,,Hill Road,,,,,,Bright sun,178900,0,0,0,2,,,0,,,1,,,Auckland Region,Nil,2-way,Sealed,,0,0,,50,,Null,0,0,,76,Auckland,Nil,,,,,0,0,Urban,0,,,Fine,Null
1744444.6393,5922281.4889,768500,,513530,0,,0,1,,North,2024/2025,NORTH-WESTERN MOTORWAY,LINCOLN ROAD OFF RAMP,,Non-Injury Crash,Yes,2024,,South,,0,,Hill Road,,,,,,Overcast,225807,0,0,0,3,,,0,,,,,,Auckland Region,Nil,1-way,Sealed,,0,0,,100,,Off,0,0,,76,Auckland,Nil,,,,,1,0,Open,0,,,Fine,Null
1747593.4812,5912377.0925,768501,,511901,0,0,0,1,0,East,2024/2025,ATKINSON ROAD,CAPTAIN SCOTT ROAD,,Non-Injury Crash,No,2024,0,West,0,0,1,Null,0,,0,,0,Unknown,294401,0,0,0,2,0,0,0,0,0,,0,0,Auckland Region,Nil,2-way,Sealed,0,0,0,0,50,0,Null,0,0,,76,Auckland,Nil,0,0,0,0,0,0,Urban,0,0,0,Light rain,Null
1765560.3516,5906994.8952,768517,,522301,0,0,0,1,0,Null,2024/2025,EAST TAMAKI ROAD,GREAT SOUTH ROAD,,Non-Injury Crash,No,2025,0,West,0,0,0,Flat,0,,1,,0,Bright sun,666200,0,0,0,4,0,0,0,0,0,,0,0,Auckland Region,Nil,2-way,Sealed,0,0,0,0,50,0,Off,0,0,,76,Auckland,Traffic Signals,0,0,0,0,0,0,Urban,0,0,0,Fine,Null
1758019.1106,5920587.2605,768533,,514103,0,,0,1,,South,2024/2025,ANZAC AVENUE,SHORT STREET,,Minor Crash,No,2025,,North,,0,,Hill Road,,,,,,Overcast,438406,1,0,0,4,,,0,,,1,,,Auckland Region,Nil,2-way,Sealed,,0,0,,30,,None,0,0,,76,Auckland,Nil,,,,,0,0,Urban,0,,,Fine,Null
1762304.7233,5907094.8392,768557,,524520,0,,1,0,,North,2024/2025,MASSEY ROAD,BUCKLAND ROAD,,Minor Crash,No,2025,,South,,0,,Flat,,,,,,Overcast,734703,1,0,0,2,,,0,,,1,,,Auckland Region,Nil,2-way,Sealed,,1,0,,50,,Off,0,0,,76,Auckland,Nil,,,,,0,0,Urban,0,,,Light rain,Null
1748688.3599,5948123.7293,768565,,506201,0,,0,1,,South,2023/2024,NORTHERN MOTORWAY,KOWHAI OBR,,Non-Injury Crash,Yes,2024,,North,,0,,Flat,,,,,,Dark,176603,0,0,0,2,,,0,,,,,,Auckland Region,Nil,1-way,Sealed,,0,0,,100,,None,0,0,,76,Auckland,Nil,,,,,1,0,Open,0,,,Fine,Null
1750530.2586,5939844.3937,768572,,506003,0,0,0,1,0,North,2025/2026,NORTHERN MOTORWAY,BAWDEN OBR,,Non-Injury Crash,Yes,2026,0,South,0,0,0,Hill Road,1,,0,,0,Overcast,175817,0,0,0,2,0,0,0,0,0,,0,0,Auckland Region,Nil,1-way,Sealed,0,0,0,0,100,0,Off,0,0,,76,Auckland,Nil,0,0,0,0,0,0,Open,0,0,0,Heavy rain,Null
1754507.7683,5912119.7372,768573,,519001,1,,0,1,,North,2024/2025,DOMINION ROAD EXTENSION,MARYDALE DRIVE,,Non-Injury Crash,No,2024,,South,,0,,Flat,,,,,,Bright sun,588901,0,0,0,2,,,0,,,,,,Auckland Region,Nil,2-way,Sealed,,0,0,,50,,Off,0,0,,76,Auckland,Nil,,,,,0,0,Urban,0,,,Fine,Null
1755994.9078,5917222.7627,768587,,518201,0,,0,2,,Null,2022/2023,DOMINION ROAD,EWINGTON AVENUE,,Minor Crash,No,2023,,South,,0,,Flat,,,,,,Bright sun,547900,1,1,0,4,,,0,,,,,,Auckland Region,Nil,2-way,Sealed,,0,0,,50,,Off,0,0,,76,Auckland,Stop,,,,,0,0,Urban,0,,,Fine,Null
1750127.558,5916286.5774,768612,,514801,0,,0,0,,Null,2024/2025,AVONDALE ROAD,ROSEBANK ROAD,,Minor Crash,No,2025,,North,,0,,Flat,,,,,,Dark,389102,1,0,0,3,,,0,,,1,,,Auckland Region,Nil,2-way,Sealed,,0,0,,50,,On,0,0,30,76,Auckland,Traffic Signals,,,,,0,0,Urban,0,,,Fine,Null
1771515.5191,5914215.909,768628,,521602,0,0,0,1,0,Null,2025/2026,VINCENT STREET,WELLINGTON STREET,,Non-Injury Crash,No,2025,0,East,0,0,1,Hill Road,0,,0,,0,Bright sun,647800,0,0,0,2,0,0,0,0,0,2,0,0,Auckland Region,Nil,2-way,Sealed,0,0,0,0,50,0,Off,0,0,,76,Auckland,Give way,0,0,0,0,0,0,Urban,1,0,0,Fine,Null
1755218.0008,5914454.5937,768629,,518500,0,,0,2,,Null,2024/2025,DOMINION ROAD,KEYSTONE AVENUE,,Minor Crash,No,2024,,North,,0,,Flat,,,,,,Dark,560900,1,0,0,4,,,0,,,,,,Auckland Region,Nil,2-way,Sealed,,0,0,,50,,On,0,0,,76,Auckland,Stop,,,,,0,0,Urban,0,,,Fine,Null
1770903.5907,5901230.7663,768653,,523813,0,,0,2,,Null,2023/2024,PORCHESTER ROAD,RIVERTON DRIVE,,Non-Injury Crash,No,2024,,North,,0,,Flat,,,,,,Bright sun,759800,0,0,0,2,,,0,,,,,,Auckland Region,Nil,2-way,Sealed,,0,0,,60,,Off,0,0,,76,Auckland,Give way,,,,,0,0,Urban,0,,,Fine,Null
1761133.8522,5919707.3196,768676,,516400,0,,0,0,,South,2024/2025,NGAPIPI ROAD,TAMAKI DRIVE,,Non-Injury Crash,No,2025,,West,,0,,Flat,,Queens Birthday,,,,Dark,496900,0,0,0,2,,,0,,,,,,Auckland Region,Nil,2-way,Sealed,,0,0,,50,,On,1,0,,76,Auckland,Nil,,,,,0,0,Urban,0,,,Fine,Null
1761740.2377,5906559.9321,768677,,524112,0,,0,0,,Null,2023/2024,MASSEY ROAD,MASSEY ROAD ON RAMP,,Non-Injury Crash,No,2023,,North,,0,,Hill Road,,,,,,Bright sun,742300,0,0,0,2,,,0,,,,,,Auckland Region,Nil,2-way,Sealed,,0,0,,50,,Off,0,0,,76,Auckland,Give way,,,,,0,0,Urban,1,,,Fine,Null
1755696.1606,5934520.6036,768684,,507200,0,,0,0,,South,2024/2025,BROWNS BAY ROAD,MASTERTON ROAD,,Minor Crash,No,2025,,South,,0,,Flat,,,,,,Dark,156900,1,0,1,2,,,0,,,,,,Auckland Region,Nil,2-way,Sealed,,0,0,,50,,On,0,0,,76,Auckland,Nil,,,,,0,0,Urban,1,,,Fine,Null
1755380.2761,5917856.8888,768692,,517500,0,,0,1,,East,2025/2026,NEW NORTH ROAD,KINGSLAND AVENUE,,Minor Crash,No,2025,,West,,0,,Flat,,,,,,Dark,531800,1,0,1,4,,,0,,,,,,Auckland Region,Nil,2-way,Sealed,,0,0,,50,,On,0,0,,76,Auckland,Nil,,,,,0,0,Urban,0,,,Fine,Null
1763166.0439,5912844.7345,768700,,520500,0,,0,2,,West,2024/2025,SOUTHERN MOTORWAY,SH1 OBR,,Non-Injury Crash,Yes,2025,,North,,0,,Hill Road,,,,,,Overcast,637300,0,0,0,3,,,0,,,,,,Auckland Region,Nil,1-way,Sealed,,0,0,,100,,Off,0,0,,76,Auckland,Nil,,,,,0,0,Open,1,,,Fine,Null
1761314.5607,5919995.5591,768708,,516400,0,0,0,3,0,West,2023/2024,PARITAI DRIVE,TITAI STREET,,Non-Injury Crash,No,2023,0,West,0,0,0,Flat,0,,0,,0,Overcast,496600,0,0,0,2,0,0,0,0,2,,0,0,Auckland Region,Nil,2-way,Sealed,0,0,0,0,50,0,None,0,0,,76,Auckland,Nil,0,0,0,0,0,0,Urban,0,0,0,Fine,None
1751524.5125,5934305.247,768717,,508701,0,0,0,0,0,East,2024/2025,OTEHA VALLEY ROAD EXTENSION,DAIRY FLAT HIGHWAY,,Non-Injury Crash,No,2024,0,East,0,0,1,Flat,0,,0,,0,Dark,178900,0,0,0,2,0,0,0,0,0,,0,0,Auckland Region,Nil,2-way,Sealed,0,0,0,0,50,0,On,0,0,,76,Auckland,Nil,0,0,0,1,0,0,Urban,1,0,0,Fine,Null
1756737.9899,5930412.3472,768733,,507710,0,,0,1,,Null,2024/2025,EAST COAST ROAD,TAPATAI PLACE,,Non-Injury Crash,No,2024,,West,,0,,Flat,,,,,,Bright sun,314002,0,0,0,2,,,0,,,1,,,Auckland Region,Nil,2-way,Sealed,,0,0,,50,,Off,0,0,,76,Auckland,Nil,,,,,0,0,Urban,0,,,Fine,Null
1771331.5069,5907022.1191,768764,,523713,0,,0,2,,Null,2024/2025,ORMISTON ROAD,MURPHYS ROAD,,Non-Injury Crash,No,2025,,East,,0,,Hill Road,,,,,,Dark,713100,0,0,0,4,,,0,,,,,,Auckland Region,Nil,2-way,Sealed,,0,0,,60,,On,0,0,30,76,Auckland,Traffic Signals,,,,,0,0,Urban,0,,,Fine,Null
1750205.8096,5916157.4112,768773,,514802,0,,0,1,,Null,2023/2024,ROSEBANK ROAD,ORCHARD STREET,,Non-Injury Crash,No,2024,,South,,0,,Flat,,,,,,Bright sun,389800,0,0,0,2,,,0,,,,,,Auckland Region,Nil,2-way,Sealed,,0,0,,50,,Off,0,0,,76,Auckland,Give way,,,,,0,0,Urban,1,,,Fine,Null
1761547.6831,5906057.9216,768797,,524200,0,0,0,1,0,Null,2023/2024,PRANGLEY AVENUE,TUSSOCK AVENUE,,Non-Injury Crash,No,2024,0,West,0,0,0,Flat,0,,0,,0,Bright sun,728801,0,0,0,2,0,0,0,0,0,,0,0,Auckland Region,Nil,2-way,Sealed,0,0,0,0,50,0,None,0,0,,76,Auckland,Give way,0,0,0,1,0,0,Urban,0,0,0,Fine,Null
1755750.878,5917588.4728,768803,,517500,0,,0,0,,South,2023/2024,KOWHAI STREET,WALTERS ROAD,,Minor Crash,No,2023,,South,,0,,Hill Road,,,,,,Bright sun,532300,1,0,1,2,,,0,,,1,,,Auckland Region,Nil,2-way,Sealed,,0,0,,50,,Off,0,0,,76,Auckland,Nil,,,,,0,0,Urban,0,,,Fine,Null
1766221.3588,5904585.1285,768813,,524603,0,,0,2,,West,2024/2025,CAVENDISH DRIVE,NORMAN SPENCER DRIVE,,Non-Injury Crash,No,2024,,East,,0,,Flat,,,,,,Overcast,780202,0,0,0,4,,,0,,,,,,Auckland Region,Nil,2-way,Sealed,,0,0,,50,,Off,0,0,,76,Auckland,Nil,,,,,0,0,Urban,1,,,Fine,Null
1755794.8181,5966900.652,768820,,506634,0,0,0,4,0,North,2025/2026,MAHURANGI EAST ROAD,MARINERS GROVE,,Minor Crash,No,2025,0,South,0,0,0,Hill Road,0,Labour Weekend,0,,0,Bright sun,141811,1,0,0,2,0,0,0,0,1,,0,0,Auckland Region,Nil,2-way,Sealed,0,0,0,0,50,0,Off,0,0,,76,Auckland,Nil,0,0,0,0,0,0,Urban,0,0,0,Fine,Null
1748042.0738,5912641.7129,768821,,511902,0,0,0,1,0,North,2024/2025,TITIRANGI ROAD,PLEASANT ROAD,,Non-Injury Crash,No,2024,0,South,0,0,0,Flat,0,,0,,0,Dark,292005,0,0,0,2,0,0,0,0,1,,0,0,Auckland Region,Nil,2-way,Sealed,0,0,0,0,50,0,On,0,0,,76,Auckland,Nil,0,0,0,0,0,0,Urban,1,0,0,Light rain,Null
1743364.9322,5921112.3986,768844,,513632,0,0,0,1,0,South,2024/2025,DON BUCK ROAD,WAIMUMU ROAD,,Non-Injury Crash,No,2025,0,South,0,0,1,Flat,0,,1,,0,Dark,227900,0,0,0,2,0,0,0,1,0,3,0,0,Auckland Region,Nil,2-way,Sealed,0,0,0,0,50,0,On,0,0,,76,Auckland,Nil,0,0,0,0,0,0,Urban,0,0,0,Fine,Null
1765930.5176,5906461.7416,768853,,522202,0,0,0,3,0,North,2023/2024,GREAT SOUTH ROAD,TUI ROAD,,Non-Injury Crash,No,2024,0,South,0,0,0,Flat,0,,0,,0,Bright sun,663900,0,0,0,4,0,0,0,0,1,,0,0,Auckland Region,Nil,2-way,Sealed,0,0,0,0,50,0,Off,0,1,,76,Auckland,Nil,0,0,0,0,0,0,Urban,0,0,0,Fine,Null
1753832.0476,5875691.4423,768868,,526104,0,0,0,1,0,West,2024/2025,VICTORIA AVENUE,VALLEY ROAD,,Non-Injury Crash,No,2025,0,West,0,0,1,Hill Road,0,,0,,1,Dark,835000,0,0,0,2,0,0,0,0,0,,0,1,Auckland Region,Nil,2-way,Sealed,0,0,0,0,50,0,On,0,0,,76,Auckland,Nil,0,0,0,1,0,0,Urban,0,0,0,Fine,Null
1766226.6759,5899449.0373,768876,,524812,0,0,0,0,0,South,2024/2025,WEYMOUTH ROAD,DAMIAN WAY,,Non-Injury Crash,No,2025,0,South,0,0,0,Flat,0,,0,,0,Dark,774003,0,0,0,2,0,0,0,0,0,,0,0,Auckland Region,Nil,2-way,Sealed,0,0,0,0,30,0,On,0,0,20,76,Auckland,Nil,0,0,0,1,0,0,Urban,1,0,0,Fine,Null
1754738.2995,5931302.0671,768884,,508520,1,,0,0,,Null,2025/2026,SUNSET ROAD,RAMP ROAD,,Serious Crash,No,2025,,North,,0,,Hill Road,,,,,,Bright sun,191502,0,0,0,2,,,0,,,,,,Auckland Region,Nil,2-way,Sealed,,0,1,,50,,Off,0,0,,76,Auckland,Give way,,,,,0,0,Urban,1,,,Fine,Null
1763574.1916,5914159.0404,768917,45,520303,0,0,0,2,0,North,2023/2024,BARRACK ROAD,MOUNTAIN VIEWS MEWS,,Non-Injury Crash,No,2024,0,South,0,0,0,Flat,0,,0,,0,Dark,627204,0,0,0,2,0,0,0,0,1,,0,0,Auckland Region,Nil,2-way,Sealed,0,0,0,0,50,0,On,0,0,,76,Auckland,Nil,0,0,0,0,0,0,Urban,0,0,0,Fine,None
1763664.2825,5904634.8002,768933,,524604,0,,0,0,,North,2024/2025,SOUTH-WESTERN MOTORWAY,PUHINUI ROAD-SH 20B ON RAMP,,Non-Injury Crash,Yes,2024,,North,,0,,Flat,,,,,,Dark,780902,0,0,0,2,,,0,,,,,,Auckland Region,Nil,1-way,Sealed,,0,0,,100,,On,2,0,,76,Auckland,Nil,,,,,0,0,Open,0,,,Fine,Null
1757275.2603,5920366.2387,768940,,514102,0,0,0,2,0,Null,2025/2026,ELLIOTT STREET,DARBY STREET,,Non-Injury Crash,No,2025,0,North,0,0,0,Flat,0,,0,,0,Dark,433900,0,0,0,1,0,0,0,0,1,,0,0,Auckland Region,Nil,1-way,Sealed,0,0,0,0,30,0,On,0,0,,76,Auckland,Give way,0,0,0,0,0,0,Urban,0,0,0,Fine,Null
1755311.8643,5921871.7117,768949,,515202,0,,0,1,,South,2024/2025,NORTHERN MOTORWAY,CURRAN STREET ON RAMP,,Minor Crash,Yes,2024,,North,,0,,Flat,,,,,,Bright sun,423600,1,0,0,2,,,0,,,,,,Auckland Region,Bridge,1-way,Sealed,,0,0,,80,,Off,1,0,,76,Auckland,Nil,,,,,0,0,Open,0,,,Fine,Null
1754061.5114,5931424.5762,768964,,508805,0,,0,2,,North,2025/2026,NORTHERN MOTORWAY,CONSTELLATION UNDERPASS,,Non-Injury Crash,Yes,2025,,South,,0,,Flat,,,,,,Overcast,180813,0,0,0,2,,,0,,,,,,Auckland Region,Nil,1-way,Sealed,,0,0,,100,,Off,0,0,,76,Auckland,Nil,,,,,0,0,Open,0,,,Fine,Null
1752497.1661,5925797.4278,769004,,510220,0,0,0,2,0,South,2025/2026,VERBENA ROAD,CASTLETON STREET,,Non-Injury Crash,No,2025,0,North,0,0,0,Hill Road,0,,0,,0,Bright sun,350700,0,0,0,2,0,0,0,0,1,,0,0,Auckland Region,Nil,2-way,Sealed,0,0,0,0,50,0,Off,0,0,,76,Auckland,Nil,0,0,0,0,0,0,Urban,0,0,0,Fine,Null
1752537.3789,5947647.897,769013,,505808,0,,0,0,,East,2023/2024,BAY STREET,RUSHDEN TERRACE,,Non-Injury Crash,No,2023,,East,,0,,Flat,,,,,,Twilight,173011,0,0,0,2,,,0,,,,,,Auckland Region,Nil,2-way,Sealed,,0,0,,50,,On,0,0,,76,Auckland,Nil,,,,,0,0,Urban,2,,,Fine,Null
1769274.58,5911470.5194,769021,,523113,0,,0,2,,West,2023/2024,TI RAKAU DRIVE,BURSWOOD DRIVE,,Non-Injury Crash,No,2024,,West,,0,,Flat,,,,,,Dark,711703,0,0,0,6,,,0,,,,,,Auckland Region,Nil,2-way,Sealed,,0,0,,50,,On,0,0,,76,Auckland,Nil,,,,,0,0,Urban,0,,,Fine,Null
1751670.3477,5931324.7167,769028,,508807,0,0,0,1,0,South,2025/2026,ROTHWELL AVENUE,UNITY DRIVE,,Non-Injury Crash,No,2025,0,South,0,0,0,Flat,0,,0,,0,Dark,180301,0,0,0,2,0,0,0,0,0,,0,1,Auckland Region,Nil,2-way,Sealed,0,0,0,0,50,0,On,0,0,,76,Auckland,Nil,0,0,0,0,0,0,Urban,0,0,0,Fine,Null
1756617.5852,5915433.569,769037,,518302,0,,0,1,,West,2024/2025,MARSDEN AVENUE,MOUNT EDEN ROAD,,Non-Injury Crash,No,2024,,East,,0,,Flat,,,,,,Bright sun,558000,0,0,0,2,,,0,,,,,,Auckland Region,Nil,2-way,Sealed,,0,0,,30,,Null,1,0,,76,Auckland,Nil,,,,,0,0,Urban,0,,,Fine,Null
1761075.3559,5907006.5635,769043,,524112,0,,0,3,,South,2022/2023,SOUTH-WESTERN MOTORWAY,BADER OBR,,Minor Crash,Yes,2023,,North,,0,,Flat,,,,,,Bright sun,742201,1,0,0,2,,,0,,,,,,Auckland Region,Nil,1-way,Sealed,,0,0,,100,,Off,0,0,,76,Auckland,Nil,,,,,0,0,Open,0,,,Fine,Null
1771813.1948,5906585.5076,769045,,523713,0,0,0,1,0,West,2023/2024,NGAKI STREET,TIPU ROAD,,Non-Injury Crash,No,2024,0,North,0,0,0,Flat,0,,0,,0,Unknown,712600,0,0,0,2,0,0,0,0,1,,0,0,Auckland Region,Nil,2-way,Null,0,0,0,0,50,0,Null,1,0,,76,Auckland,Nil,0,0,0,0,0,0,Urban,0,0,0,Null,Null
1756585.1275,5927365.895,769061,,507900,0,,0,1,,Null,2023/2024,NORTHCOTE ROAD,THE AVENUE,,Non-Injury Crash,No,2024,,North,,0,,Flat,,,,,,Bright sun,305202,0,0,0,5,,,0,,,,,,Auckland Region,Nil,2-way,Sealed,,0,0,,50,,Off,1,0,,76,Auckland,Traffic Signals,,,,,0,0,Urban,0,,,Fine,Null
1739853.8624,5977094.9609,769069,,506660,0,0,0,0,0,South,2023/2024,SH 1,RIVER ROAD,,Non-Injury Crash,Yes,2024,0,South,0,0,0,Flat,1,,0,,0,Overcast,136700,0,0,0,2,0,0,0,0,0,,0,0,Auckland Region,Nil,2-way,Sealed,0,0,0,0,80,0,Off,0,0,,76,Auckland,Nil,0,0,0,0,1,0,Open,0,0,0,Light rain,Null
1765185.5415,5914662.5218,769076,,520601,0,,0,2,,Null,2024/2025,QUEENS ROAD,PILKINGTON ROAD,,Non-Injury Crash,No,2024,,East,,0,,Flat,,,,,,Bright sun,630700,0,0,0,4,,,0,,,,,,Auckland Region,Nil,2-way,Sealed,,0,0,,50,,Off,0,0,,76,Auckland,Traffic Signals,,,,,0,0,Urban,0,,,Fine,Null
1772312.7352,5901952.0738,769091,,523813,0,0,0,1,0,South,2022/2023,MILL ROAD,RANFURLY ROAD,,Non-Injury Crash,No,2023,0,South,0,0,0,Hill Road,0,,0,,0,Dark,759600,0,0,0,2,0,0,0,1,0,,0,0,Auckland Region,Nil,2-way,Sealed,0,0,0,0,80,0,None,0,0,,76,Auckland,Nil,0,0,0,0,0,0,Open,0,0,0,Fine,Null
1769799.4751,5906016.6649,769092,45,523712,0,,0,2,,Null,2023/2024,DONEGAL PARK DRIVE,KSENIA DRIVE,,Non-Injury Crash,No,2023,,North,,0,,Flat,,,,,,Bright sun,713201,0,0,0,2,,,0,,,,,,Auckland Region,Nil,2-way,Sealed,,0,0,,50,,Off,0,0,,76,Auckland,Give way,,,,,0,0,Urban,0,,,Fine,None
1774330.5662,5896909.7833,769108,45,525610,0,,0,0,,Null,2023/2024,SUTTON CRESCENT,CROSS STREET,,Non-Injury Crash,No,2024,,North,,0,,Flat,,,,,,Bright sun,796700,0,0,1,2,,,0,,,,,,Auckland Region,Nil,2-way,Sealed,,0,0,,50,,Off,0,0,,76,Auckland,Nil,,,,,0,0,Urban,1,,,Fine,None
1759563.4369,5906359.9733,769117,,524200,0,,0,2,,Null,2023/2024,KIRKBRIDE ROAD,WESTNEY ROAD,,Non-Injury Crash,No,2024,,East,,0,,Hill Road,,,,,,Bright sun,727400,0,0,0,2,,,0,,,,,,Auckland Region,Nil,2-way,Sealed,,0,0,,50,,Off,0,0,,76,Auckland,Traffic Signals,,,,,0,0,Urban,0,,,Fine,None
1751804.5313,5925591.5871,769132,,510220,0,0,0,1,0,East,2024/2025,SEON PLACE,STOTT AVENUE,,Non-Injury Crash,No,2024,0,West,0,0,0,Null,0,,0,,0,Dark,349700,0,0,0,2,0,0,0,0,1,,0,0,Auckland Region,Nil,2-way,Sealed,0,0,0,0,50,0,On,1,0,,76,Auckland,Nil,0,0,0,0,0,0,Urban,0,0,0,Fine,Null
1753042.1937,5934317.7665,769156,,508701,0,0,0,1,0,East,2024/2025,MCCLYMONTS ROAD,ELLIOT ROSE AVENUE,,Non-Injury Crash,No,2024,1,East,0,0,0,Flat,0,,0,,0,Bright sun,178900,0,0,0,2,0,0,0,0,0,,0,0,Auckland Region,Overpass,2-way,Sealed,0,0,0,0,50,0,Null,0,0,,76,Auckland,Nil,0,0,0,0,0,0,Urban,0,0,0,Fine,Null
1770105.2351,5881517.6731,769163,,525910,0,,0,2,,Null,2022/2023,EAST STREET,VALLEY ROAD,,Non-Injury Crash,No,2023,,East,,0,,Flat,,,,,,Bright sun,816704,0,0,0,2,,,0,,,,,,Auckland Region,Nil,2-way,Sealed,,0,0,,50,,Off,0,0,30,76,Auckland,Give way,,,,,0,0,Urban,0,,,Fine,Null
1760684.0683,5916312.2699,769189,,516003,0,,0,0,,Null,2022/2023,PEACH PARADE,GREEN LANE EAST,,Non-Injury Crash,No,2023,,North,,0,,Flat,,,,,,Bright sun,494400,0,0,0,3,,,0,,,,,,Auckland Region,Nil,2-way,Sealed,,0,0,,50,,Null,2,0,,76,Auckland,Traffic Signals,,,,,0,0,Urban,0,,,Null,None
1771646.3337,5897648.0179,769196,,523912,0,,0,2,,North,2024/2025,GREAT SOUTH ROAD,WAKA STREET,,Non-Injury Crash,No,2024,,North,,0,,Flat,,,,,,Twilight,767808,0,0,0,2,,,0,,,,,,Auckland Region,Nil,2-way,Sealed,,0,0,,50,,On,0,0,,76,Auckland,Nil,,,,,0,0,Urban,0,,,Fine,Null
1757029.3687,5916808.1625,769197,,518202,0,,0,1,,Null,2023/2024,MOUNT EDEN ROAD,STOKES ROAD,,Non-Injury Crash,No,2024,,North,,0,,Flat,,,,,,Bright sun,550200,0,0,0,3,,,0,,,,,,Auckland Region,Nil,2-way,Sealed,,0,0,,50,,Null,1,0,,76,Auckland,Traffic Signals,,,,,0,0,Urban,0,,,Null,Null
1766582.6182,5905926.4883,769212,,522302,0,,0,2,,South,2024/2025,GREAT SOUTH ROAD,CARLIE STREET,,Non-Injury Crash,No,2024,,North,,0,,Flat,,,,,,Bright sun,669200,0,0,0,2,,,0,,,,,,Auckland Region,Nil,2-way,Sealed,,0,0,,50,,Off,0,0,,76,Auckland,Nil,,,,,0,0,Urban,0,,,Fine,Null
1761897.1049,5912488.5564,769229,,519500,0,,0,1,,East,2025/2026,CHURCH STREET,BEASLEY AVENUE,,Non-Injury Crash,No,2025,,West,,0,,Flat,,,,,,Bright sun,622400,0,0,0,4,,,0,,,,,,Auckland Region,Nil,2-way,Sealed,,0,0,,50,,Null,0,0,,76,Auckland,Nil,,,,,1,0,Urban,0,,,Fine,Null