X,Y,OBJECTID,advisorySpeed,areaUnitID,bicycle,bridge,bus,carStationWagon,cliffBank,crashDirectionDescription,crashFinancialYear,crashLocation1,crashLocation2,crashRoadSideRoad,crashSeverity,crashSHDescription,crashYear,debris,directionRoleDescription,ditch,fatalCount,fence,flatHill,guardRail,holiday,houseOrBuilding,intersection,kerb,light,meshblockId,minorInjuryCount,moped,motorcycle,NumberOfLanes,objectThrownOrDropped,otherObject,otherVehicleType,overBank,parkedVehicle,pedestrian,phoneBoxEtc,postOrPole,region,roadCharacter,roadLane,roadSurface,roadworks,schoolBus,seriousInjuryCount,slipOrFlood,speedLimit,strayAnimal,streetLight,suv,taxi,temporarySpeedLimit,tlaId,tlaName,trafficControl,trafficIsland,trafficSign,train,tree,truck,unknownVehicleType,urban,vanOrUtility,vehicle,waterRiver,weatherA,weatherB
1769854.521,5914764.018,769253,,522722,0,,0,2,,Null,2023/2024,AVIEMORE DRIVE,PAKURANGA ROAD,,Non-Injury Crash,No,2024,,North,,0,,Flat,,,,,,Twilight,681324,0,0,0,3,,,0,,,,,,Auckland Region,Nil,1-way,Sealed,,0,0,,50,,On,0,0,,76,Auckland,Traffic Signals,,,,,0,0,Urban,0,,,Fine,Null
1764146.2435,5910253.7247,769284,,521801,0,,0,2,,Null,2024/2025,ATKINSON AVENUE,ALBION ROAD,,Non-Injury Crash,No,2025,,North,,0,,Flat,,,,,,Dark,786802,0,0,0,2,,,0,,,,,,Auckland Region,Nil,2-way,Sealed,,0,0,,50,,On,0,0,,76,Auckland,Give way,,,,,0,0,Urban,0,,,Fine,Null
1767145.6264,5906006.1811,769308,,522302,0,0,0,2,0,East,2025/2026,ESPERANTO ROAD,PEMBROKE STREET,,Non-Injury Crash,No,2025,0,North,0,0,0,Flat,0,,0,,0,Twilight,670500,0,0,0,2,0,0,0,0,1,,0,0,Auckland Region,Nil,2-way,Sealed,0,0,0,0,50,0,Off,0,0,40,76,Auckland,Nil,0,0,0,0,0,0,Urban,0,0,0,Fine,Null
1757727.3275,5918247.9405,769333,,518101,0,,0,0,,North,2023/2024,SOUTHERN MOTORWAY,MOUNTAIN OBR,,Non-Injury Crash,Yes,2024,,North,,0,,Flat,,,,,,Bright sun,543000,0,0,0,4,,,0,,,,,,Auckland Region,Underpass,1-way,Sealed,,0,0,,80,,Off,2,0,,76,Auckland,Nil,,,,,0,0,Open,1,,,Fine,Null
1768774.1592,5914113.9108,769340,,522721,0,,1,0,,Null,2023/2024,PAKURANGA ROAD,CASCADES ROAD,,Non-Injury Crash,No,2024,,North,,0,,Flat,,,,,,Dark,681215,0,0,0,6,,,0,,,,,,Auckland Region,Nil,2-way,Sealed,,0,0,,50,,On,1,0,,76,Auckland,Traffic Signals,,,,,0,0,Urban,0,,,Fine,Null
1777913.0487,5904522.8376,769341,55,525201,0,0,0,1,0,South,2024/2025,WEST ROAD,SUTTON ROAD,,Serious Crash,No,2025,0,South,0,0,0,Hill Road,0,,0,,0,Dark,762200,0,0,0,2,0,0,0,0,0,,0,0,Auckland Region,Nil,2-way,Sealed,0,0,1,0,60,0,None,0,0,,76,Auckland,Nil,0,0,0,1,0,0,Urban,0,0,0,Fine,Null
1754321.2885,5918429.3269,769364,,515431,0,0,1,1,0,Null,2025/2026,IVANHOE ROAD,IVANHOE ROAD SOUTH,,Non-Injury Crash,No,2025,0,South,0,0,0,Flat,0,,0,,0,Dark,406201,0,0,0,2,0,0,0,0,1,,0,0,Auckland Region,Nil,2-way,Sealed,0,0,0,0,50,0,On,0,0,,76,Auckland,Nil,0,0,0,0,0,0,Urban,0,0,0,Fine,Null
1745487.7399,5920739.6041,769380,,513301,0,,0,0,,South,2023/2024,NORTH-WESTERN MOTORWAY,LINCOLN OBR,,Minor Crash,Yes,2024,,South,,0,,Flat,,,,,,Twilight,230200,1,0,1,3,,,0,,,,,,Auckland Region,Underpass,1-way,Sealed,,0,0,,100,,On,0,0,,76,Auckland,Nil,,,,,0,0,Open,1,,,Fine,Null
1767155.3398,5907893.3079,769404,,523501,0,,0,0,,South,2024/2025,LOVEGROVE CRESCENT,THURSO LANE,,Minor Crash,No,2024,,East,,0,,Flat,,,,,,Dark,700602,1,0,0,2,,,0,,,1,,,Auckland Region,Nil,2-way,Sealed,,0,0,,30,,On,0,0,,76,Auckland,Nil,,,,,1,1,Urban,0,,,Fine,Null
1755838.7774,5918079.2369,769453,,517500,0,,0,1,,South,2023/2024,NEW NORTH ROAD,NEW BOND STREET,,Non-Injury Crash,No,2024,,North,,0,,Flat,,,,,,Dark,530900,0,0,0,3,,,0,,,1,,,Auckland Region,Nil,2-way,Sealed,,0,0,,50,,On,0,0,,76,Auckland,Nil,,,,,0,0,Urban,0,,,Fine,Null
1757365.5872,5915756.2675,769469,,515802,0,,0,2,,Null,2023/2024,BALMORAL ROAD,ST ANDREWS ROAD,,Non-Injury Crash,No,2023,,East,,0,,Flat,,,,,,Bright sun,447700,0,0,0,2,,,0,,,,,,Auckland Region,Nil,2-way,Sealed,,0,0,,50,,None,0,0,,76,Auckland,Traffic Signals,,,,,0,0,Urban,0,,,Fine,None
1753607.5097,5927260.0673,769492,,508310,0,,0,1,,Null,2022/2023,HIGH ROAD,GLENFIELD ROAD,,Non-Injury Crash,No,2023,,East,,0,,Hill Road,,,,,,Dark,202400,0,0,0,2,,,0,,,,,,Auckland Region,Nil,2-way,Sealed,,0,0,,50,,None,0,0,,76,Auckland,Give way,,,,,0,1,Urban,0,,,Light rain,None
1746677.4385,5919163.1284,769501,,512402,0,,0,2,,Null,2024/2025,GRAINGER ROAD,FLANSHAW ROAD,,Non-Injury Crash,No,2024,,West,,0,,Null,,,,,,Bright sun,254500,0,0,0,2,,,0,,,,,,Auckland Region,Nil,2-way,Null,,0,0,,30,,Null,0,0,,76,Auckland,Give way,,,,,0,0,Urban,0,,,Null,Null
1768728.3138,5912656.8896,769516,,523000,0,0,0,1,0,South,2025/2026,ENNIS AVENUE,DE THIERY PLACE,,Non-Injury Crash,No,2025,0,South,0,0,0,Flat,0,,0,,0,Dark,688600,0,0,0,2,0,0,0,0,1,,0,0,Auckland Region,Nil,2-way,Sealed,0,0,0,0,50,0,On,1,0,,76,Auckland,Nil,0,0,0,0,0,0,Urban,0,0,0,Light rain,Null
1755542.8325,5927162.3409,769524,,508620,0,0,0,2,0,South,2025/2026,TUDWARD GLADE,SUNNYBRAE ROAD,,Non-Injury Crash,No,2025,0,North,0,0,0,Hill Road,0,,0,,0,Bright sun,204200,0,0,0,2,0,0,0,0,1,,0,0,Auckland Region,Nil,2-way,Sealed,0,0,0,0,50,0,Off,0,0,,76,Auckland,Nil,0,0,0,0,0,0,Urban,0,0,0,Fine,Null
1753227.0843,5918269.7139,769525,,515003,0,,0,2,,West,2024/2025,NORTH-WESTERN MOTORWAY,ST LUKES ROAD ON RAMP,,Non-Injury Crash,Yes,2024,,West,,0,,Flat,,,,,,Bright sun,390502,0,0,0,4,,,0,,,,,,Auckland Region,Nil,1-way,Sealed,,0,0,,80,,Off,0,0,,76,Auckland,Nil,,,,,0,0,Open,0,,,Fine,Null
1758136.6182,5911931.5846,769532,,519810,0,,0,1,,East,2024/2025,SOUTH-WESTERN MOTORWAY,BEACHCROFT FTBR,,Non-Injury Crash,Yes,2025,,North,,0,,Flat,,,,,,Twilight,602501,0,0,0,4,,,0,,,,,,Auckland Region,Nil,1-way,Sealed,,0,0,,100,,On,0,0,,76,Auckland,Nil,,,,,1,0,Open,0,,,Fine,Null
1756824.0114,5915879.1425,769541,,518301,0,0,0,1,0,Null,2024/2025,BALMORAL ROAD,MOUNT EDEN ROAD,,Serious Crash,No,2025,0,South,0,0,0,Hill Road,0,,0,,1,Bright sun,557000,0,0,0,1,0,0,0,0,0,,0,1,Auckland Region,Nil,1-way,Sealed,0,0,1,0,50,0,None,0,0,,76,Auckland,Give way,0,0,0,0,0,0,Urban,0,0,0,Fine,Null
1770389.5272,5912117.1602,769549,,523105,0,0,0,2,0,Null,2024/2025,BOTANY ROAD,GOLFLAND DRIVE,,Non-Injury Crash,No,2025,0,North,0,0,0,Flat,0,,0,,0,Bright sun,3203003,0,0,0,4,0,0,0,0,0,,0,0,Auckland Region,Nil,2-way,Sealed,0,0,0,0,50,0,Off,0,0,40,76,Auckland,Give way,0,0,0,1,0,0,Urban,0,0,0,Fine,Null
1757767.5054,5918208.8867,769556,,515700,0,,0,2,,South,2024/2025,SOUTHERN MOTORWAY,MOUNTAIN OBR,,Minor Crash,Yes,2024,,North,,0,,Flat,,,,,,Overcast,443600,1,0,0,5,,,0,,,,,,Auckland Region,Nil,1-way,Sealed,,0,0,,80,,Off,0,0,,76,Auckland,Nil,,,,,0,0,Open,1,,,Fine,Null
1751600.9971,5949797.1492,769573,,505805,0,,0,1,,Null,2024/2025,FLORENCE AVENUE,OREWA SQUARE,,Non-Injury Crash,No,2024,,West,,0,,Flat,,,,,,Overcast,171500,0,0,0,2,,,0,,,1,,,Auckland Region,Nil,2-way,Sealed,,0,0,,30,,Off,0,0,,76,Auckland,Give way,,,,,0,0,Urban,0,,,Fine,Null
1740862.5383,5930349.6723,769580,,505604,0,0,0,1,0,East,2023/2024,RIVERHEAD ROAD,DEACON ROAD,,Non-Injury Crash,No,2024,0,East,1,0,0,Hill Road,0,,0,,0,Overcast,213700,0,0,0,2,0,0,0,0,0,,0,0,Auckland Region,Nil,2-way,Sealed,0,0,0,0,80,0,Off,0,0,,76,Auckland,Nil,0,0,0,0,0,0,Open,0,0,0,Light rain,Null
1767319.8611,5906334.157,769581,,522302,0,,0,0,,North,2025/2026,SOUTHERN MOTORWAY,REAGAN OBR,,Minor Crash,Yes,2025,,North,,0,,Flat,,,,,,Bright sun,670200,1,0,0,3,,,0,,,,,,Auckland Region,Nil,1-way,Sealed,,0,0,,100,,Off,3,0,,76,Auckland,Nil,,,,,0,0,Open,0,,,Fine,Null
1751244.9436,5916037.4969,769588,,514401,0,,0,3,,Null,2023/2024,GREAT NORTH ROAD,BEATRIX STREET,,Non-Injury Crash,No,2024,,South,,0,,Flat,,,,,,Bright sun,383500,0,0,0,4,,,0,,,,,,Auckland Region,Nil,2-way,Sealed,,0,0,,50,,On,1,0,,76,Auckland,Give way,,,,,0,0,Urban,0,,,Fine,Null
1768931.0146,5881034.8836,769596,,525910,0,,0,2,,Null,2023/2024,EDINBURGH STREET,MASSEY AVENUE,,Non-Injury Crash,No,2024,,North,,0,,Flat,,,,,,Bright sun,818900,0,0,0,2,,,0,,,1,,,Auckland Region,Speed hump,2-way,Sealed,,0,0,,50,,Off,0,0,,76,Auckland,Give way,,,,,0,0,Urban,0,,,Fine,Null
1767051.8828,5905502.4604,769604,,522400,0,,0,1,,West,2024/2025,PUHINUI ROAD,GREAT SOUTH ROAD,,Non-Injury Crash,No,2024,,East,,0,,Flat,,,,,,Bright sun,671200,0,0,0,3,,,0,,,,,,Auckland Region,Nil,2-way,Sealed,,0,0,,50,,Off,1,0,30,76,Auckland,Nil,,,,,0,0,Urban,0,,,Fine,Null
1751610.9541,5916753.4685,769613,,514900,0,,0,2,,North,2024/2025,GREAT NORTH ROAD,WATERVIEW DOWNS,,Minor Crash,No,2025,,North,,0,,Flat,,,,,,Bright sun,384703,1,0,0,4,,,0,,,,,,Auckland Region,Nil,2-way,Sealed,,0,0,,50,,Off,0,0,,76,Auckland,Nil,,,,,0,0,Urban,0,,,Fine,Null
1770387.48,5898976.2159,769620,,523911,0,,0,3,,North,2024/2025,MANUROA ROAD,GREAT SOUTH ROAD,,Minor Crash,No,2025,,West,,0,,Flat,,,,,,Bright sun,768200,1,0,0,2,,,0,,,,,,Auckland Region,Nil,2-way,Sealed,,0,0,,50,,Off,0,0,,76,Auckland,Nil,,,,,0,0,Urban,0,,,Fine,Null
1745320.6502,5920126.158,769621,,513301,0,,0,2,,Null,2023/2024,LINCOLN ROAD,DAYTONA ROAD,,Non-Injury Crash,No,2024,,North,,0,,Flat,,,,,,Bright sun,230302,0,0,0,4,,,0,,,,,,Auckland Region,Nil,2-way,Sealed,,0,0,,50,,Off,0,0,,76,Auckland,Give way,,,,,0,0,Urban,0,,,Fine,None
1754955.8645,5929257.2896,769645,,508320,0,,0,2,,North,2024/2025,WAIRAU ROAD,TARGET ROAD,,Non-Injury Crash,No,2024,,South,,0,,Flat,,Labour Weekend,,,,Dark,196600,0,0,0,4,,,0,,,,,,Auckland Region,Nil,2-way,Sealed,,0,0,,50,,On,0,0,,76,Auckland,Nil,,,,,0,0,Urban,0,,,Fine,Null
1755094.1989,5929435.4859,769653,,508420,0,,0,1,,East,2023/2024,LINK DRIVE,TARGET ROAD,,Non-Injury Crash,No,2024,,East,,0,,Flat,,,,,,Twilight,183800,0,0,0,2,,,0,,,,,,Auckland Region,Nil,2-way,Sealed,,0,0,,50,,On,0,0,,76,Auckland,Nil,,,,,0,0,Urban,1,,,Light rain,Null
1764361.1739,5909300.6139,769660,,521901,0,,0,2,,South,2024/2025,GREAT SOUTH ROAD,FAIRBURN ROAD,,Non-Injury Crash,No,2024,,North,,0,,Flat,,,,,,Bright sun,784900,0,0,0,4,,,0,,,,,,Auckland Region,Nil,2-way,Sealed,,0,0,,50,,Off,0,0,,76,Auckland,Nil,,,,,1,0,Urban,0,,,Fine,None
1740719.8236,5918460.6699,769667,,513101,0,0,0,2,0,West,2023/2024,METTAM DRIVE,WILLIAM WALLBANK CRESCENT,,Minor Crash,No,2023,0,West,0,0,0,Hill Road,0,,0,,0,Overcast,237901,1,0,0,2,0,0,0,0,1,,0,0,Auckland Region,Nil,2-way,Sealed,0,0,0,0,50,0,Off,0,0,,76,Auckland,Nil,0,0,0,0,0,0,Urban,0,0,0,Fine,Null
1763979.603,5907282.107,769676,,522201,0,,0,2,,Null,2023/2024,HOSPITAL ROAD,MIDDLEMORE CRESCENT,,Non-Injury Crash,No,2023,,North,,0,,Flat,,Labour Weekend,,,,Dark,660700,0,0,0,2,,,0,,,,,,Auckland Region,Nil,2-way,Sealed,,0,0,,30,,On,0,0,,76,Auckland,Give way,,,,,0,0,Urban,0,,,Fine,Null
1748205.7273,5881837.8147,769684,55,521151,0,0,0,1,0,North,2023/2024,GLEESON ROAD,OLDFIELD ROAD,,Non-Injury Crash,No,2024,0,East,0,0,1,Flat,0,,0,,0,Overcast,830700,0,0,0,2,0,0,0,0,0,,0,0,Auckland Region,Nil,2-way,Sealed,0,0,0,0,60,0,None,0,0,,76,Auckland,Nil,0,0,0,1,0,0,Urban,0,0,0,Fine,Null
1765061.7226,5902835.8432,769693,,524604,0,,0,2,,Null,2022/2023,ROSCOMMON ROAD,OIL TERMINAL ROAD,,Non-Injury Crash,No,2023,,North,,0,,Flat,,,,,,Overcast,781200,0,0,0,2,,,0,,,,,,Auckland Region,Nil,1-way,Sealed,,0,0,,60,,Off,0,0,,76,Auckland,Traffic Signals,,,,,0,0,Urban,0,,,Fine,None
1763446.4577,5909614.2679,769701,,521901,0,,0,2,,Null,2022/2023,STATION ROAD,MARJORIE JAYNE CRESCENT,,Non-Injury Crash,No,2023,,West,,0,,Flat,,,,,,Twilight,782900,0,0,0,2,,,0,,,,,,Auckland Region,Nil,2-way,Sealed,,0,0,,50,,Null,0,0,,76,Auckland,Nil,,,,,0,0,Urban,0,,,Fine,None
1743394.2682,5924786.8521,769708,,513410,0,,0,2,,Null,2022/2023,MAKI STREET,GUNTON DRIVE,,Non-Injury Crash,No,2023,,South,,0,,Flat,,,,,,Twilight,224000,0,0,0,2,,,0,,,,,,Auckland Region,Nil,2-way,Sealed,,0,0,,50,,Off,0,0,,76,Auckland,Traffic Signals,,,,,0,0,Urban,0,,,Fine,None
1768766.217,5904002.3203,769724,,523820,0,0,0,3,0,North,2024/2025,EVERGLADE DRIVE,RANSOM SMYTH DRIVE,,Minor Crash,No,2024,0,South,0,0,0,Hill Road,0,,0,,0,Dark,760141,1,0,0,2,0,0,0,0,1,1,0,0,Auckland Region,Nil,2-way,Sealed,0,0,0,0,50,0,None,0,0,,76,Auckland,Nil,0,0,0,0,0,0,Urban,0,0,0,Fine,Null
1771266.1964,5894555.0943,769725,,521201,0,0,0,0,0,East,2024/2025,WAWATAI DRIVE,ANCHORAGE DRIVE,,Minor Crash,No,2024,0,South,0,0,0,Flat,0,,0,,0,Twilight,806700,1,0,0,2,0,0,0,0,0,,0,0,Auckland Region,Nil,2-way,Sealed,0,0,0,0,50,0,On,0,0,,76,Auckland,Nil,0,0,0,1,0,0,Urban,1,0,0,Fine,Null
1761452.8599,5915088.9149,769732,,520201,0,0,0,1,0,North,2024/2025,ARTHUR STREET,MAIN HIGHWAY,,Non-Injury Crash,No,2024,0,East,0,0,0,Hill Road,0,,0,,0,Overcast,611100,0,0,0,2,0,0,0,0,1,,0,0,Auckland Region,Nil,2-way,Sealed,0,0,0,0,50,0,Off,0,0,,76,Auckland,Nil,0,0,0,0,0,0,Urban,1,0,0,Fine,None
1760080.2778,5915572.0042,769733,,519400,0,,0,2,,Null,2023/2024,GREAT SOUTH ROAD,ATARANGI ROAD,,Non-Injury Crash,No,2024,,South,,0,,Flat,,,,,,Overcast,617000,0,0,0,6,,,0,,,,,,Auckland Region,Nil,2-way,Sealed,,0,0,,50,,Off,0,0,,76,Auckland,Stop,,,,,0,0,Urban,0,,,Fine,Null
1764298.7435,5914938.5955,769748,,520303,0,,0,2,,Null,2024/2025,ELLERSLIE-PANMURE HIGHWAY,MOUNTAIN ROAD,,Minor Crash,No,2024,,East,,0,,Flat,,,,,,Bright sun,627500,2,0,0,4,,,0,,,,,,Auckland Region,Nil,2-way,Sealed,,0,0,,50,,Off,0,0,,76,Auckland,Give way,,,,,0,0,Urban,0,,,Fine,Null
1756352.0947,5918366.7062,769749,,515600,0,0,0,1,0,North,2024/2025,DOMINION ROAD,NEW NORTH ROAD,,Non-Injury Crash,No,2024,0,East,0,0,0,Hill Road,1,,0,,0,Bright sun,419800,0,0,0,1,0,0,0,0,0,,0,0,Auckland Region,Overpass,1-way,Sealed,0,0,0,0,50,0,Off,0,0,,76,Auckland,Nil,0,0,0,0,0,0,Urban,0,0,0,Fine,Null
1753924.6901,5914148.0926,769757,,518802,0,,0,2,,South,2024/2025,SH 20,ERNIE PINCHES FOOTBRIDGE,,Non-Injury Crash,Yes,2024,,North,,0,,Flat,,,,,,Bright sun,579100,0,0,0,4,,,0,,,,,,Auckland Region,Nil,1-way,Sealed,,0,0,,100,,Off,0,0,,76,Auckland,Nil,,,,,0,0,Open,0,,,Fine,Null
1755677.0572,5931773.4238,769765,,508520,0,,0,0,,West,2023/2024,EAST COAST ROAD,DREAVER WAY,,Non-Injury Crash,No,2023,,West,,0,,Null,,,,,,Unknown,151602,0,0,1,2,,,0,,,,,,Auckland Region,Nil,2-way,Sealed,,0,0,,50,,Null,0,0,,76,Auckland,Nil,,,,,0,0,Urban,1,,,Null,Null
1773440.3107,5895327.0703,769771,,525520,0,,0,0,,South,2023/2024,GREENHAVEN AVENUE,SHORT STREET,,Minor Crash,No,2023,,North,,0,,Flat,,,,,,Overcast,802501,1,0,0,2,,,0,,,,,,Auckland Region,Nil,2-way,Sealed,,0,0,,50,,Off,0,0,,76,Auckland,Nil,,,,,0,1,Urban,0,,,Light rain,Null
1768316.9051,5902017.8527,769773,,525001,0,0,0,1,0,North,2024/2025,GREAT SOUTH ROAD,GRANDE VUE ROAD,,Minor Crash,No,2024,0,West,0,0,0,Flat,0,,0,,0,Overcast,750800,1,0,1,2,0,1,0,0,0,,0,0,Auckland Region,Nil,2-way,Sealed,0,0,0,0,50,0,Off,0,0,40,76,Auckland,Nil,0,0,0,0,0,0,Urban,0,0,0,Fine,Null
1764818.4828,5886991.2447,769780,,521122,0,0,0,2,0,East,2023/2024,GLENBROOK ROAD,HOMESTEAD HILL LANE,,Non-Injury Crash,No,2023,0,West,1,0,0,Hill Road,0,,0,,0,Bright sun,809900,0,0,0,2,0,0,0,0,0,,0,0,Auckland Region,Nil,2-way,Sealed,0,0,0,0,80,0,Null,0,0,,76,Auckland,Nil,0,0,0,0,0,0,Open,0,0,0,Fine,Null
1763257.3714,5915009.2692,769787,,520303,0,,0,0,,Null,2023/2024,ELLERSLIE-PANMURE HIGHWAY,HARRIS ROAD,,Minor Crash,No,2023,,East,,0,,Flat,,,,,,Bright sun,626700,1,0,0,4,,,0,,,,,,Auckland Region,Nil,2-way,Sealed,,0,0,,50,,Off,0,0,30,76,Auckland,Give way,,,,,1,0,Urban,1,,,Fine,Null
1746719.1332,5917716.5036,769804,,512500,0,,0,1,,South,2024/2025,TE ATATU ROAD,ROBERTS ROAD,,Non-Injury Crash,No,2024,,South,,0,,Flat,,,,,,Overcast,257300,0,0,0,2,,,0,,,,,,Auckland Region,Nil,2-way,Sealed,,0,0,,50,,Off,0,0,30,76,Auckland,Nil,,,,,0,0,Urban,1,,,Light rain,Null
1774776.7466,5887705.4082,769860,,521302,0,0,0,1,0,Null,2023/2024,RAMARAMA ON RAMP,SOUTHERN MOTORWAY,,Minor Crash,No,2024,0,North,1,0,0,Hill Road,0,,0,,0,Dark,809101,1,0,0,1,0,0,0,1,0,,0,1,Auckland Region,Motorway ramp,1-way,Sealed,0,0,0,0,100,0,On,0,0,,76,Auckland,Nil,0,0,0,1,0,0,Open,0,0,0,Fine,Null
1754134.7158,5931393.5644,769893,,508805,0,,0,1,,Null,2024/2025,CONSTELLATION DRIVE,UPPER HARBOUR HWY OFF RAMP,,Non-Injury Crash,No,2024,,South,,0,,Null,,,,,,Overcast,180826,0,0,1,3,,,0,,,,,,Auckland Region,Nil,1-way,Sealed,,0,0,,50,,Null,0,0,,76,Auckland,Traffic Signals,,,,,0,0,Urban,0,,,Fine,Null
1757410.043,5920939.4365,769932,,514101,0,,1,1,,Null,2023/2024,CUSTOMS STREET WEST,HAWKES BAY EXPRESSWAY,,Non-Injury Crash,No,2024,,West,,0,,Flat,,,,,,Overcast,432900,0,0,0,4,,,0,,,,,,Auckland Region,Nil,2-way,Sealed,,0,0,,30,,Off,0,0,,76,Auckland,Traffic Signals,,,,,0,0,Urban,0,,,Fine,Null
1737028.6369,5932771.4126,769939,45,506653,0,,0,0,,East,2023/2024,OLD NORTH ROAD,ARARIMU VALLEY ROAD,,Non-Injury Crash,No,2023,,South,,0,,Hill Road,,,,,,Overcast,217000,0,0,0,2,,,0,,,,,,Auckland Region,Nil,2-way,Sealed,,0,0,,80,,None,0,0,,76,Auckland,Nil,,,,,0,0,Open,1,,,Hail or Sleet,Null
1758270.2883,5916886.6876,769947,,515700,0,0,0,2,0,Null,2023/2024,MANUKAU ROAD,MOUNT ST JOHN AVENUE,,Non-Injury Crash,No,2023,0,South,0,0,0,Flat,0,,0,,0,Overcast,457900,0,0,0,4,0,0,0,0,0,,0,1,Auckland Region,Nil,2-way,Sealed,0,0,0,0,50,0,Off,0,0,,76,Auckland,Give way,0,0,0,0,0,0,Urban,0,0,0,Fine,Null
1787212.0633,5925661.4135,769949,,520801,0,,0,1,,South,2024/2025,WAIHEKE ROAD,FISHER ROAD,,Minor Crash,No,2024,,North,,0,,Hill Road,,,,,,Overcast,515703,1,0,1,2,,,0,,,,,,Auckland Region,Nil,2-way,Sealed,,0,0,,50,,None,0,0,,76,Auckland,Nil,,,,,0,0,Urban,0,,,Fine,Null
1768827.0779,5905568.1205,769957,,523721,0,,0,1,,South,2023/2024,TE IRIRANGI DRIVE,DAWSON ROAD,,Minor Crash,No,2024,,North,,0,,Flat,,,,,,Bright sun,715613,1,0,0,2,,,0,,,,,,Auckland Region,Nil,1-way,Sealed,,0,0,,60,,Off,0,0,,76,Auckland,Nil,,,,,0,0,Urban,2,,,Fine,Null
1764259.7184,5877890.821,769965,,521121,0,,0,1,,East,2024/2025,WAIUKU ROAD,ROGERS ROAD,,Serious Crash,No,2025,,West,,0,,Flat,,,,,,Overcast,825201,0,0,0,2,,,0,,,,,,Auckland Region,Nil,2-way,Sealed,,0,1,,80,,None,1,0,,76,Auckland,Nil,,,,,1,0,Open,0,,,Fine,Null
1755644.5462,5912149.9268,769971,,518701,0,0,0,2,0,North,2022/2023,STAVELEY AVENUE,RICHARDSON ROAD,,Non-Injury Crash,No,2023,0,North,0,0,0,Flat,0,,0,,0,Dark,573600,0,0,0,2,0,0,0,0,1,,0,0,Auckland Region,Nil,2-way,Sealed,0,0,0,0,50,0,On,0,0,,76,Auckland,Nil,0,0,0,0,0,0,Urban,0,0,0,Fine,Null
1764162.8738,5910127.2417,769988,,521901,0,,0,1,,Null,2023/2024,PRINCES STREET,ATKINSON AVENUE,,Non-Injury Crash,No,2024,,East,,0,,Flat,,,,,,Bright sun,782400,0,0,0,3,,,0,,,,,,Auckland Region,Nil,2-way,Sealed,,0,0,,50,,Off,0,0,,76,Auckland,Traffic Signals,,,,,0,0,Urban,1,,,Fine,Null
1767776.1098,5903926.8965,769995,,524602,0,0,0,1,0,West,2022/2023,SOUTH-WESTERN MOTORWAY,GREAT SOUTH OBR,,Non-Injury Crash,Yes,2023,0,East,0,0,0,Flat,1,,0,,0,Dark,780417,0,0,0,4,0,0,1,0,0,,0,0,Auckland Region,Nil,1-way,Sealed,0,0,0,0,100,0,On,0,0,,76,Auckland,Nil,0,0,0,0,0,0,Open,0,0,0,Light rain,Null
1752670.6103,5914036.6958,769997,,514500,0,,0,2,,Null,2024/2025,NEW WINDSOR ROAD,MAIORO STREET,,Non-Injury Crash,No,2025,,North,,0,,Flat,,,,,,Bright sun,375400,0,0,0,2,,,0,,,,,,Auckland Region,Nil,2-way,Sealed,,0,0,,50,,Null,0,0,,76,Auckland,Traffic Signals,,,,,0,0,Urban,0,,,Fine,Null
1758231.1791,5917118.1607,770013,,515700,0,0,0,1,0,West,2024/2025,OWENS ROAD,MANUKAU ROAD,,Non-Injury Crash,No,2024,0,East,0,0,0,Null,0,,0,,0,Unknown,457700,0,0,0,2,0,0,0,0,1,,0,0,Auckland Region,Nil,2-way,Sealed,0,0,0,0,50,0,Null,1,0,,76,Auckland,Nil,0,0,0,0,0,0,Urban,0,0,0,Light rain,Null
1790684.3435,5922634.2365,770027,,520801,0,0,0,1,0,North,2022/2023,ORAPIU ROAD,COWES BAY ROAD,,Minor Crash,No,2023,0,South,0,0,0,Hill Road,0,,0,,0,Bright sun,515801,1,0,0,2,0,0,0,0,0,,0,0,Auckland Region,Nil,2-way,Sealed,0,0,0,0,80,0,None,0,0,,76,Auckland,Nil,0,0,0,1,0,0,Open,0,0,0,Fine,Null
1769338.3063,5901015.1285,770052,,524902,0,,0,1,,Null,2024/2025,ALFRISTON ROAD,FLEMING STREET,,Minor Crash,No,2025,,East,,0,,Flat,,,,,,Dark,758300,1,0,0,2,,,0,,,1,,,Auckland Region,Nil,2-way,Sealed,,0,0,,50,,On,0,0,30,76,Auckland,Stop,,,,,0,0,Urban,0,,,Fine,Null
1757278.6819,5929071.1202,770053,,507800,0,,0,1,,South,2024/2025,EAST COAST ROAD,RANGITOTO TERRACE,,Non-Injury Crash,No,2024,,South,,0,,Hill Road,,,,,,Bright sun,310700,0,0,0,3,,,0,,,,,,Auckland Region,Nil,2-way,Sealed,,0,0,,50,,Null,1,0,,76,Auckland,Nil,,,,,0,0,Urban,0,,,Fine,Null
1768962.83,5914260.7355,770059,,522723,0,,0,3,,South,2022/2023,PAKURANGA ROAD,BELLS ROAD,,Non-Injury Crash,No,2023,,South,,0,,Flat,,,,,,Bright sun,681400,0,0,0,6,,,0,,,,,,Auckland Region,Nil,2-way,Sealed,,0,0,,50,,Off,0,0,,76,Auckland,Nil,,,,,0,0,Urban,0,,,Fine,Null