X,Y,OBJECTID,advisorySpeed,areaUnitID,bicycle,bridge,bus,carStationWagon,cliffBank,crashDirectionDescription,crashFinancialYear,crashLocation1,crashLocation2,crashRoadSideRoad,crashSeverity,crashSHDescription,crashYear,debris,directionRoleDescription,ditch,fatalCount,fence,flatHill,guardRail,holiday,houseOrBuilding,intersection,kerb,light,meshblockId,minorInjuryCount,moped,motorcycle,NumberOfLanes,objectThrownOrDropped,otherObject,otherVehicleType,overBank,parkedVehicle,pedestrian,phoneBoxEtc,postOrPole,region,roadCharacter,roadLane,roadSurface,roadworks,schoolBus,seriousInjuryCount,slipOrFlood,speedLimit,strayAnimal,streetLight,suv,taxi,temporarySpeedLimit,tlaId,tlaName,trafficControl,trafficIsland,trafficSign,train,tree,truck,unknownVehicleType,urban,vanOrUtility,vehicle,waterRiver,weatherA,weatherB
1759387.334,5910612.8762,770060,,524002,0,0,0,2,0,North,2023/2024,SOUTH-WESTERN MOTORWAY,MAHUNGA DRIVE OFF RAMP,,Non-Injury Crash,Yes,2024,0,South,0,0,0,Flat,1,,0,,0,Bright sun,722400,0,0,0,4,0,0,0,0,0,,0,0,Auckland Region,Nil,1-way,Sealed,0,0,0,0,100,0,Off,0,0,,76,Auckland,Nil,0,0,0,0,0,0,Open,0,0,0,Fine,Null
1755471.416,5914809.3711,770091,,518500,0,0,0,2,0,West,2022/2023,DUKE STREET,DUNCUMB STREET,,Minor Crash,No,2023,0,East,0,0,0,Flat,0,,0,,0,Dark,561800,1,0,0,2,0,0,0,0,1,,0,1,Auckland Region,Nil,2-way,Sealed,0,0,0,0,50,0,On,0,0,,76,Auckland,Nil,0,0,0,0,0,0,Urban,0,0,0,Fine,Null
1773270.96,5897983.1904,770101,,523912,0,0,0,1,0,North,2024/2025,GROVE ROAD,FRANKLAND ROAD,,Minor Crash,No,2025,0,South,0,0,0,Flat,0,,0,,0,Bright sun,765500,1,0,0,2,0,0,0,0,1,,0,0,Auckland Region,Nil,2-way,Sealed,0,0,0,0,50,0,Off,0,0,,76,Auckland,Nil,0,0,0,0,0,0,Urban,1,0,0,Fine,Null
1760648.1293,5915399.6881,770133,,520202,0,0,0,1,0,Null,2023/2024,WALPOLE STREET,TE MARAMA ROAD,,Non-Injury Crash,No,2023,0,North,0,0,0,Flat,0,Christmas New Year,0,,0,Dark,613200,0,0,0,2,0,0,0,0,1,,0,0,Auckland Region,Nil,2-way,Sealed,0,0,0,0,50,0,On,1,0,,76,Auckland,Nil,0,0,0,0,0,0,Urban,0,0,0,Light rain,Null
1758620.6174,5910064.3221,770148,,524002,0,0,0,1,0,West,2024/2025,CHURCH ROAD,SCOTT AVENUE,,Minor Crash,No,2024,0,East,0,0,0,Flat,0,,0,,0,Overcast,722900,1,0,0,2,0,0,0,0,0,,0,1,Auckland Region,Nil,2-way,Sealed,0,0,0,0,50,0,Off,0,0,20,76,Auckland,Nil,0,0,0,0,0,0,Urban,0,0,0,Fine,Null
1772115.4965,5906750.9194,770149,,523713,0,0,0,2,0,West,2023/2024,PEIHINGA ROAD,TAMURE ROAD,,Non-Injury Crash,No,2024,0,West,0,0,0,Flat,0,,0,,0,Dark,712600,0,0,0,2,0,0,0,0,1,,0,0,Auckland Region,Nil,2-way,Sealed,0,0,0,0,50,0,On,1,0,,76,Auckland,Nil,0,0,0,0,0,0,Urban,0,0,0,Fine,Null
1747935.8965,5965665.4312,770155,,506613,0,,0,1,,North,2022/2023,SH 1,BARKERS BR,,Non-Injury Crash,No,2023,,North,,0,,Flat,,,,,,Bright sun,146005,0,0,0,2,,,0,,,,,,Auckland Region,Nil,2-way,Sealed,,0,0,,80,,None,0,0,,76,Auckland,Nil,,,,,1,0,Open,0,,,Fine,Null
1763361.0239,5904961.0624,770165,,524200,0,,1,1,,North,2024/2025,SOUTH-WESTERN MOTORWAY,PUHINUI ROAD-SH 20B ON RAMP,,Minor Crash,Yes,2025,,North,,0,,Flat,,,,,,Bright sun,728900,2,0,0,2,,,0,,,,,,Auckland Region,Nil,1-way,Sealed,,0,0,,100,,Off,0,0,,76,Auckland,Nil,,,,,0,0,Open,0,,,Fine,Null
1763948.4327,5912302.7645,770171,,520500,0,,0,2,,Null,2022/2023,MOUNT WELLINGTON HIGHWAY,EAST WEST LINK,,Non-Injury Crash,No,2023,,South,,0,,Flat,,Easter,,,,Dark,639500,0,0,0,4,,,0,,,,,,Auckland Region,Nil,1-way,Sealed,,0,0,,50,,On,0,0,,76,Auckland,Traffic Signals,,,,,0,0,Urban,0,,,Light rain,Null
1757029.4729,5919998.5425,770189,,514102,0,,0,1,,North,2024/2025,MAYORAL DRIVE,GREYS AVENUE,,Minor Crash,No,2024,,South,,0,,Flat,,,,,,Dark,434902,1,0,0,4,,,0,,,1,,,Auckland Region,Nil,2-way,Sealed,,0,0,,30,,On,0,0,,76,Auckland,Nil,,,,,0,0,Urban,0,,,Light rain,Null
1777044.2704,5880239.6178,770211,,521160,0,0,0,1,0,North,2023/2024,BEAVER ROAD WEST OFF RAMP,GREAT SOUTH ROAD,,Fatal Crash,No,2023,0,North,0,1,1,Flat,0,,1,,0,Dark,828204,0,0,0,3,0,0,0,0,0,,0,0,Auckland Region,Nil,2-way,Sealed,0,0,0,0,100,0,On,0,0,,76,Auckland,Nil,0,0,0,0,0,0,Open,0,0,0,Mist or Fog,Null
1752994.3858,5935314.506,770212,,508703,0,0,0,1,0,East,2024/2025,NGAIO LANE,FAIRVIEW DRIVE,,Minor Crash,No,2024,0,East,0,0,0,Hill Road,0,,1,,0,Overcast,178510,1,0,0,2,0,0,0,0,0,,0,0,Auckland Region,Nil,2-way,Sealed,0,0,0,0,10,0,None,0,0,,76,Auckland,Nil,0,0,0,0,0,0,Urban,0,0,0,Fine,Strong wind
1769243.5847,5907479.9919,770228,,523711,0,,0,1,,West,2024/2025,ORMISTON ROAD,TE IRIRANGI DRIVE,,Non-Injury Crash,No,2024,,West,,0,,Null,,,,,,Bright sun,712304,0,0,0,4,,,0,,,,,,Auckland Region,Nil,2-way,Sealed,,0,0,,50,,Null,1,0,,76,Auckland,Nil,,,,,0,0,Urban,0,,,Fine,Null
1754554.3506,5928530.2186,770245,,508320,0,,0,2,,Null,2023/2024,DIANA DRIVE,WELDENE AVENUE,,Minor Crash,No,2024,,South,,0,,Flat,,,,,,Bright sun,198401,1,0,0,2,,,0,,,,,,Auckland Region,Nil,2-way,Sealed,,0,0,,50,,Off,0,1,,76,Auckland,Give way,,,,,0,0,Urban,0,,,Light rain,Null
1769921.038,5913297.1835,770253,,522722,0,0,0,2,0,North,2024/2025,AVIEMORE DRIVE,AMERCE PLACE,,Minor Crash,No,2024,0,North,0,0,0,Flat,0,,0,,0,Bright sun,681337,1,0,0,2,0,0,0,0,1,,0,0,Auckland Region,Nil,2-way,Sealed,0,0,0,0,50,0,Off,0,0,,76,Auckland,Nil,0,0,0,0,0,0,Urban,0,0,0,Fine,Null
1772970.556,5891156.1353,770284,,521301,0,,0,0,,North,2024/2025,SOUTHERN MOTORWAY,GREAT SOUTH ROAD OFF RAMP,,Non-Injury Crash,Yes,2025,,North,,0,,Flat,,,,,,Overcast,809200,0,0,0,2,,,0,,,,,,Auckland Region,Nil,1-way,Sealed,,0,0,,100,,Off,0,0,,76,Auckland,Nil,,,,,0,0,Open,3,,,Fine,Null
1773174.9699,5890514.0918,770291,,521301,0,,0,2,,North,2022/2023,SOUTHERN MOTORWAY,QUARRY OBR,,Non-Injury Crash,Yes,2023,,North,,0,,Flat,,,,,,Overcast,809200,0,0,0,2,,,0,,,,,,Auckland Region,Nil,1-way,Sealed,,0,0,,100,,Off,0,0,,76,Auckland,Nil,,,,,0,0,Open,0,,,Fine,Null
1756087.9659,5918740.8044,770293,,515500,0,,0,2,,South,2023/2024,NEWTON ROAD OFF RAMP,WAIMA STREET,,Non-Injury Crash,No,2023,,North,,0,,Flat,,,,,,Bright sun,418000,0,0,0,1,,,0,,,,,,Auckland Region,Motorway ramp,1-way,Sealed,,0,0,,50,,Off,0,1,,76,Auckland,Nil,,,,,0,0,Urban,0,,,Fine,Null
1775412.2612,5886392.6997,770301,,521132,0,0,0,1,1,South,2022/2023,SOUTHERN MOTORWAY,RAMARAMA ON RAMP,,Non-Injury Crash,Yes,2023,0,South,0,0,0,Flat,0,Easter,0,,0,Dark,814200,0,0,0,2,0,0,0,0,0,,0,1,Auckland Region,Nil,1-way,Sealed,0,0,0,0,100,0,On,0,0,,76,Auckland,Nil,0,0,0,0,0,0,Open,0,0,0,Fine,Null
1751644.0601,5916864.5379,770308,,514900,0,,0,2,,Null,2024/2025,KOKOPU LANE,GREAT NORTH ROAD,,Non-Injury Crash,No,2024,,West,,0,,Hill Road,,,,,,Dark,384704,0,0,0,2,,,0,,,,,,Auckland Region,Nil,2-way,Sealed,,0,0,,50,,On,0,0,,76,Auckland,Traffic Signals,,,,,0,0,Urban,0,,,Fine,Null
1769324.1437,5907519.3065,770324,,523711,0,,0,2,,North,2023/2024,TE IRIRANGI DRIVE,ORMISTON ROAD,,Non-Injury Crash,No,2024,,North,,0,,Flat,,,,,,Bright sun,712304,0,0,0,3,,,0,,,,,,Auckland Region,Nil,1-way,Sealed,,0,0,,60,,Off,0,0,,76,Auckland,Nil,,,,,0,0,Urban,0,,,Fine,None
1760905.7517,5916485.176,770332,,516002,0,0,0,2,0,North,2023/2024,GREEN LANE EAST,LOCHIEL ROAD,,Non-Injury Crash,No,2024,0,North,0,0,0,Flat,0,,0,,0,Overcast,494200,0,0,0,2,0,0,0,0,1,,0,0,Auckland Region,Nil,2-way,Sealed,0,0,0,0,50,0,Off,0,0,,76,Auckland,Nil,0,0,0,0,0,0,Urban,0,0,0,Fine,Null
1758145.0589,5920040.6063,770333,,514103,0,0,0,1,0,Null,2023/2024,STANLEY STREET,ALTEN ROAD,,Non-Injury Crash,Yes,2024,0,North,0,0,0,Flat,0,,0,,0,Dark,438203,0,0,0,4,0,0,0,0,0,,0,0,Auckland Region,Nil,1-way,Sealed,0,0,0,0,50,0,On,1,0,,76,Auckland,Traffic Signals,1,0,0,0,0,0,Urban,1,0,0,Fine,Null
1756205.3249,5913769.6657,770348,,518701,0,0,0,2,0,East,2023/2024,MOUNT ALBERT ROAD,MCCULLOUGH AVENUE,,Non-Injury Crash,No,2024,0,West,0,0,0,Flat,0,,0,,0,Dark,569200,0,0,0,2,0,0,0,0,1,,0,0,Auckland Region,Nil,2-way,Sealed,0,0,0,0,50,0,On,0,0,,76,Auckland,Nil,0,0,0,0,0,0,Urban,1,0,0,Fine,Null
1770533.6525,5881547.0143,770357,,525922,0,,0,1,,Null,2023/2024,EAST STREET,GOLDING ROAD,,Non-Injury Crash,No,2023,,East,,0,,Hill Road,,,,,,Bright sun,816900,0,0,0,2,,,0,,,,,,Auckland Region,Nil,2-way,Sealed,,0,0,,50,,Off,0,0,,76,Auckland,Give way,,,,,0,0,Urban,1,,,Fine,Null
1770554.7569,5912726.965,770365,,523106,0,0,0,1,0,Null,2022/2023,BOTANY ROAD,CASCADES ROAD,,Non-Injury Crash,No,2023,0,East,0,0,1,Flat,0,Queens Birthday,0,,0,Dark,711141,0,0,0,4,0,0,0,0,0,,0,0,Auckland Region,Nil,2-way,Sealed,0,0,0,0,50,0,On,0,0,,76,Auckland,Traffic Signals,0,0,0,0,0,0,Urban,0,0,0,Light rain,Null
1765234.373,5901092.2971,770372,,524821,0,0,0,1,0,North,2024/2025,KOPU PLACE,FINLAYSON AVENUE,,Non-Injury Crash,No,2024,0,North,0,0,1,Hill Road,0,,0,,0,Overcast,774444,0,0,0,2,0,0,0,0,0,,0,0,Auckland Region,Nil,2-way,Sealed,0,0,0,0,30,0,Off,0,0,,76,Auckland,Nil,0,0,0,0,0,0,Urban,0,0,0,Fine,Null
1747227.955,5919693.706,770373,,512300,0,,0,0,,West,2023/2024,NORTH-WESTERN MOTORWAY,TE ATATU OBR,,Minor Crash,Yes,2023,,East,,0,,Flat,,Christmas New Year,,,,Twilight,251700,1,0,1,3,,,0,,,,,,Auckland Region,Overpass,1-way,Sealed,,0,0,,100,,On,0,0,,76,Auckland,Nil,,,,,0,0,Open,0,,,Fine,Null
1764111.8562,5909917.6821,770380,,521901,0,,0,1,,East,2023/2024,KING STREET,GREAT SOUTH ROAD,,Non-Injury Crash,No,2023,,West,,0,,Flat,,,,,,Overcast,783800,0,0,0,2,,,0,,,1,,,Auckland Region,Nil,2-way,End of seal,,0,0,,30,,Off,0,0,,76,Auckland,Nil,,,,,0,0,Urban,0,,,Fine,None
1755906.891,5914374.4051,770396,35,518500,0,,0,1,,West,2023/2024,SCOUT AVENUE,MCCULLOUGH AVENUE,,Non-Injury Crash,No,2023,,North,,0,,Flat,,,,,,Overcast,562800,0,0,0,2,,,0,,,,,,Auckland Region,Nil,2-way,Sealed,,0,0,,50,,Off,0,0,,76,Auckland,Nil,,,,,0,0,Urban,1,,,Fine,None
1764361.2234,5909316.2818,770404,45,521901,0,0,0,1,0,Null,2024/2025,GREAT SOUTH ROAD,FAIRBURN ROAD,,Non-Injury Crash,No,2024,0,North,0,0,0,Flat,0,,0,,0,Bright sun,784900,0,0,0,4,0,0,0,0,1,,0,0,Auckland Region,Nil,2-way,Sealed,0,0,0,0,50,0,On,0,0,,76,Auckland,Stop,0,0,0,0,0,1,Urban,0,0,0,Fine,None
1766723.2424,5904677.1487,770405,,524603,0,0,0,2,0,Null,2023/2024,CAVENDISH DRIVE,LAMBIE DRIVE,,Non-Injury Crash,No,2023,0,East,0,0,0,Flat,0,,0,,1,Dark,780205,0,0,0,5,0,0,0,0,0,,0,0,Auckland Region,Nil,2-way,Sealed,0,0,0,0,50,0,On,0,0,,76,Auckland,Traffic Signals,0,0,0,1,0,0,Urban,0,0,0,Fine,Null
1753406.0689,5935382.0198,770420,,508704,0,,0,2,,North,2024/2025,OTEHA VALLEY ROAD,MEDALLION DRIVE,,Non-Injury Crash,No,2024,,North,,0,,Flat,,,,,,Dark,179109,0,0,0,4,,,0,,,,,,Auckland Region,Nil,2-way,Sealed,,0,0,,50,,On,0,0,,76,Auckland,Nil,,,,,0,0,Urban,0,,,Fine,Null
1756148.5265,5923970.1922,770436,,509800,0,,0,3,,South,2024/2025,NORTHERN MOTORWAY,NORTHERN BUSWAY,,Non-Injury Crash,Yes,2025,,South,,0,,Flat,,,,,,Dark,361200,0,0,0,4,,,0,,,,,,Auckland Region,Nil,1-way,Sealed,,0,0,,80,,On,0,0,,76,Auckland,Nil,,,,,0,0,Open,0,,,Fine,Null
1729773.0655,5967830.0847,770444,,506613,0,,0,1,,East,2024/2025,KAIPARA COAST HIGHWAY,MANGAKURA BR,,Minor Crash,Yes,2025,,West,,0,,Hill Road,,Queens Birthday,,,,Dark,145200,1,0,0,2,,,0,,,,,,Auckland Region,Bridge,2-way,Sealed,,0,0,,80,,On,1,0,,76,Auckland,Nil,,,,,0,0,Open,0,,,Fine,Null
1756226.2155,5886785.8453,770451,,521122,0,0,0,1,1,South,2022/2023,ESTUARY VIEW ROAD,WAIAU PA ROAD,,Minor Crash,No,2023,0,South,0,0,0,Hill Road,0,,0,,0,Overcast,810700,1,0,0,2,0,0,0,0,0,,0,0,Auckland Region,Nil,2-way,Sealed,0,0,0,0,60,0,None,0,0,,76,Auckland,Nil,0,0,0,0,0,0,Urban,0,0,0,Light rain,Null
1751702.3458,5949603.7584,770460,,505805,0,0,0,2,0,North,2024/2025,BAKEHOUSE LANE,TAMARIKI AVENUE,,Non-Injury Crash,No,2024,0,North,0,0,0,Null,0,,0,,0,Bright sun,172102,0,0,0,2,0,0,0,0,1,,0,0,Auckland Region,Nil,2-way,Sealed,0,0,0,0,30,0,Null,0,0,,76,Auckland,Nil,0,0,0,0,0,0,Urban,0,0,0,Fine,Null
1759535.6588,5910004.6322,770468,,524002,0,,0,2,,South,2023/2024,SOUTH-WESTERN MOTORWAY,RIMU OBR,,Non-Injury Crash,Yes,2024,,South,,0,,Flat,,,,,,Dark,722400,0,0,0,3,,,0,,,,,,Auckland Region,Nil,1-way,Sealed,,0,0,,100,,On,0,0,,76,Auckland,Nil,,,,,0,0,Open,0,,,Fine,Null
1773009.5918,5899532.5391,770500,,523912,0,0,0,1,0,South,2024/2025,AIRFIELD ROAD,MILL ROAD,,Non-Injury Crash,No,2025,0,South,0,0,0,Flat,0,,0,,0,Bright sun,765401,0,0,0,2,0,0,0,0,1,,0,0,Auckland Region,Nil,2-way,Sealed,0,0,0,0,50,0,Off,0,0,,76,Auckland,Nil,0,0,0,0,1,0,Urban,0,0,0,Fine,Null
1764093.0199,5906354.9004,770523,,524303,0,,0,1,,Null,2022/2023,STATION ROAD,PEVERILL CRESCENT,,Minor Crash,No,2023,,South,,0,,Flat,,,,,,Dark,657200,1,0,0,2,,,0,,,,,,Auckland Region,Nil,2-way,Sealed,,0,0,,50,,On,0,0,,76,Auckland,Nil,,,,,0,0,Urban,1,,,Fine,Null
1747222.3173,5920669.908,770548,,512300,0,,0,2,,Null,2024/2025,TE ATATU ROAD,TE ATATU ROAD,,Non-Injury Crash,No,2025,,South,,0,,Flat,,,,,,Bright sun,251000,0,0,0,4,,,0,,,,,,Auckland Region,Nil,2-way,Sealed,,0,0,,50,,Off,0,0,,76,Auckland,Nil,,,,,0,0,Urban,0,,,Fine,Null
1770281.0716,5900244.1462,770565,,523817,0,0,0,1,0,Null,2023/2024,HYPERION DRIVE,LIMOND STREET,,Non-Injury Crash,No,2024,0,East,0,0,1,Flat,0,,0,,0,Overcast,759722,0,0,0,2,0,0,0,0,0,,0,0,Auckland Region,Nil,2-way,Sealed,0,0,0,0,50,0,None,0,0,,76,Auckland,Stop,0,0,0,0,0,0,Urban,0,0,0,Mist or Fog,Null
1749172.4401,5911406.8916,770572,,512100,0,,0,0,,Null,2024/2025,AVONLEIGH ROAD,GODLEY ROAD,,Minor Crash,No,2024,,West,,0,,Hill Road,,,,,,Bright sun,290703,1,0,1,2,,,0,,,,,,Auckland Region,Nil,2-way,Sealed,,0,0,,50,,Off,1,0,30,76,Auckland,Give way,,,,,0,0,Urban,0,,,Fine,Null
1761035.2015,5922858.0512,770580,,509400,0,0,0,2,0,Null,2024/2025,CAMBRIDGE TERRACE,BURGESS ROAD,,Minor Crash,No,2024,0,North,0,0,0,Flat,0,,0,,0,Bright sun,328800,1,0,0,2,0,0,0,0,1,,0,0,Auckland Region,Nil,2-way,Sealed,0,0,0,0,50,0,Off,0,0,,76,Auckland,Nil,0,0,0,0,0,0,Urban,0,0,0,Fine,Null
1768221.9509,5881706.3809,770581,,525910,0,,0,2,,Null,2024/2025,BEATTY ROAD,PRINCES STREET,,Minor Crash,No,2024,,West,,0,,Flat,,,,,,Overcast,819700,1,0,0,2,,,0,,,,,,Auckland Region,Nil,2-way,Sealed,,0,0,,50,,Off,0,0,,76,Auckland,Give way,,,,,0,0,Urban,0,,,Light rain,Null
1759557.0955,5914106.6271,770621,,519720,0,0,0,1,0,Null,2023/2024,RAWHITI ROAD,AMARU ROAD,,Minor Crash,No,2024,0,East,0,0,1,Hill Road,0,,0,,0,Dark,592500,1,0,0,2,0,0,0,0,0,,0,0,Auckland Region,Nil,2-way,Sealed,0,0,0,0,50,0,On,0,0,,76,Auckland,Give way,0,0,0,0,0,0,Urban,0,0,0,Fine,Null
1737977.6414,5929256.809,770636,,505602,0,,0,2,,Null,2024/2025,MAIN ROAD,MATUA ROAD,,Non-Injury Crash,Yes,2025,,East,,0,,Flat,,,,,,Bright sun,216003,0,0,0,2,,,0,,,,,,Auckland Region,Nil,2-way,Sealed,,0,0,,50,,None,0,0,,76,Auckland,Traffic Signals,,,,,0,0,Urban,0,,,Fine,Null
1755789.3164,5918011.2852,770637,,517500,0,,0,1,,Null,2024/2025,NEW NORTH ROAD,STORMONT PLACE,,Minor Crash,No,2024,,North,,0,,Flat,,,,,,Bright sun,530900,1,1,0,4,,,0,,,,,,Auckland Region,Nil,2-way,Sealed,,0,0,,50,,Off,0,0,,76,Auckland,Stop,,,,,0,0,Urban,0,,,Fine,Null
1755896.0729,5918507.61,770652,,515500,0,,0,2,,South,2024/2025,NORTH-WESTERN MOTORWAY,NEWTON ROAD OFF RAMP,,Non-Injury Crash,Yes,2025,,North,,0,,Flat,,,,,,Twilight,418500,0,0,0,5,,,0,,,,,,Auckland Region,Nil,1-way,Sealed,,0,0,,80,,On,0,0,,76,Auckland,Nil,,,,,0,0,Open,0,,,Fine,Null
1775359.2875,5897533.9091,770676,75,523813,0,0,0,1,1,South,2024/2025,PAPAKURA-CLEVEDON ROAD,HEARD ROAD,,Non-Injury Crash,No,2024,0,South,0,0,0,Hill Road,0,,0,,0,Bright sun,761602,0,0,0,2,0,0,0,0,0,,0,0,Auckland Region,Nil,2-way,Sealed,0,0,0,0,80,0,None,0,0,,76,Auckland,Nil,0,0,0,0,0,0,Open,1,0,0,Fine,Null
1765926.029,5905618.0913,770692,,522400,0,,0,2,,Null,2024/2025,CARRUTH ROAD,BIRDWOOD AVENUE,,Non-Injury Crash,No,2025,,North,,0,,Null,,,,,,Dark,671801,0,0,0,2,,,0,,,,,,Auckland Region,Nil,2-way,Sealed,,0,0,,50,,Null,0,0,,76,Auckland,Stop,,,,,0,0,Urban,0,,,Null,Null
1772978.5397,5891179.4773,770693,,521301,0,,0,1,,South,2022/2023,SOUTHERN MOTORWAY,GREAT SOUTH ROAD ON RAMP,,Non-Injury Crash,Yes,2023,,South,,0,,Flat,,,,,,Unknown,809006,0,0,0,2,,,0,,,,,,Auckland Region,Nil,2-way,Sealed,,0,0,,100,,Off,0,0,,76,Auckland,Nil,,,,,0,1,Open,0,,,Fine,None
1756689.0719,5913940.856,770699,,518500,0,,0,1,,South,2022/2023,MOUNT EDEN ROAD,GRAHAME BREED DRIVE,,Fatal Crash,No,2023,,North,,1,,Flat,,,,,,Dark,563800,0,0,1,2,,,0,,,,,,Auckland Region,Nil,2-way,Sealed,,0,0,,50,,On,0,0,,76,Auckland,Nil,,,,,0,0,Urban,0,,,Fine,Null
1755630.1124,5921341.708,770716,,515202,0,0,0,1,0,West,2024/2025,NORTHERN MOTORWAY,FANSHAWE STREET OFF RAMP,,Non-Injury Crash,Yes,2025,0,South,0,0,0,Flat,1,,0,,0,Bright sun,425600,0,0,0,5,0,0,0,0,0,,0,0,Auckland Region,Nil,1-way,Sealed,0,0,0,0,80,0,Off,0,0,,76,Auckland,Nil,0,0,0,0,0,0,Open,0,0,0,Fine,Null
1761634.3952,5914750.4515,770756,,520202,0,,0,0,,East,2025/2026,MAIN HIGHWAY,CAWLEY STREET,,Fatal Crash,No,2025,,East,,1,,Flat,,,,,,Bright sun,612501,0,0,0,2,,,0,,,,,,Auckland Region,Nil,2-way,Sealed,,0,1,,50,,Off,2,0,,76,Auckland,Nil,,,,,0,0,Urban,0,,,Fine,Null
1764576.6775,5911948.687,770773,,520500,0,,0,1,,North,2024/2025,SOUTHERN MOTORWAY,EAST WEST LINK OFF RAMP,,Non-Injury Crash,Yes,2024,,North,,0,,Flat,,,,,,Bright sun,639500,0,0,0,3,,,0,,,,,,Auckland Region,Nil,1-way,Sealed,,0,0,,100,,Off,1,0,,76,Auckland,Nil,,,,,0,0,Open,0,,,Fine,Null
1759221.2701,5907366.0747,770788,,524122,0,,0,2,,Null,2024/2025,CONVAIR CRESCENT,IDLEWILD AVENUE,,Non-Injury Crash,No,2025,,South,,0,,Flat,,,,,,Dark,738700,0,0,0,2,,,0,,,,,,Auckland Region,Nil,2-way,Sealed,,0,0,,50,,On,0,0,,76,Auckland,Nil,,,,,0,0,Urban,0,,,Fine,Null
1753359.6958,5914783.6821,770789,45,518801,0,0,0,2,0,South,2023/2024,STODDARD ROAD,RICHARDSON ROAD,,Non-Injury Crash,No,2023,0,South,0,0,0,Flat,0,,0,,0,Dark,575900,0,0,0,2,0,0,0,0,1,,0,0,Auckland Region,Nil,2-way,Sealed,0,0,0,0,50,0,On,0,0,,76,Auckland,Nil,0,0,0,0,0,0,Urban,0,0,0,Fine,None
1762209.9988,5907093.2208,770804,,524520,0,,0,3,,West,2024/2025,BUCKLAND ROAD,MASSEY ROAD,,Non-Injury Crash,No,2024,,East,,0,,Flat,,,,,,Bright sun,734703,0,0,0,2,,,0,,,,,,Auckland Region,Nil,2-way,Sealed,,0,0,,50,,Off,0,0,,76,Auckland,Nil,,,,,0,0,Urban,0,,,Fine,Null
1764361.2353,5909325.6527,770805,,521901,0,,0,0,,Null,2024/2025,GREAT SOUTH ROAD,FAIRBURN ROAD,,Serious Crash,No,2024,,North,,0,,Flat,,,,,,Bright sun,784900,0,0,0,4,,,0,,,1,,,Auckland Region,Nil,2-way,Sealed,,0,1,,50,,Off,0,0,,76,Auckland,Stop,,,,,0,0,Urban,1,,,Fine,Null
1763342.1549,5903993.8956,770837,,524604,0,0,0,1,0,East,2024/2025,PUHINUI ROAD,PRICES ROAD,,Non-Injury Crash,Yes,2024,0,East,0,0,0,Flat,1,,0,,0,Dark,780902,0,0,0,2,0,0,0,0,0,,0,0,Auckland Region,Nil,2-way,Sealed,0,0,0,0,60,0,On,0,0,,76,Auckland,Nil,0,0,0,0,0,0,Urban,0,0,0,Light rain,Null
1753482.8205,5937114.4569,770853,,506300,0,,0,2,,South,2024/2025,EAST COAST ROAD,OKURA RIVER ROAD,,Non-Injury Crash,No,2024,,North,,0,,Flat,,,,,,Bright sun,176105,0,0,0,2,,,0,,,,,,Auckland Region,Nil,2-way,Sealed,,0,0,,80,,Off,0,0,30,76,Auckland,Nil,,,,,0,0,Open,0,,,Fine,Null
1766329.1924,5907562.8055,770869,,523601,0,0,0,2,0,Null,2024/2025,EAST TAMAKI ROAD,EAST TAMAKI ROAD OFF RAMP,,Non-Injury Crash,No,2025,0,North,0,0,0,Null,0,,0,,0,Bright sun,708500,0,0,0,3,0,0,0,0,0,,0,0,Auckland Region,Nil,1-way,Sealed,0,0,0,0,50,0,Null,0,0,,76,Auckland,Traffic Signals,0,0,0,0,0,0,Urban,0,1,0,Fine,Null
1760604.1074,5908459.2286,770885,,524405,0,,0,2,,Null,2024/2025,WAKEFIELD ROAD,ROBERTSON ROAD,,Non-Injury Crash,No,2025,,West,,0,,Flat,,,,,,Bright sun,731000,0,0,0,2,,,0,,,,,,Auckland Region,Nil,2-way,Sealed,,0,0,,50,,Off,0,0,,76,Auckland,Give way,,,,,0,0,Urban,0,,,Fine,Null
1748131.3325,5945828.9806,770916,,506201,0,0,0,1,1,East,2024/2025,OLD PINE VALLEY ROAD,ARGENT LANE,,Non-Injury Crash,No,2025,0,North,0,0,0,Flat,0,,0,,0,Overcast,176700,0,0,0,2,0,0,0,0,0,,0,0,Auckland Region,Nil,2-way,Unsealed,0,0,0,0,60,0,None,0,0,,76,Auckland,Nil,0,0,0,0,0,0,Urban,0,0,0,Fine,Null
1748688.8601,5915036.3047,770924,,511700,0,,0,2,,North,2024/2025,KELWYN ROAD,ALSTON AVENUE,,Non-Injury Crash,No,2024,,South,,0,,Flat,,Christmas New Year,,,,Bright sun,269900,0,0,0,2,,,0,,,,,,Auckland Region,Nil,2-way,Sealed,,0,0,,50,,Off,0,0,,76,Auckland,Nil,,,,,0,0,Urban,0,,,Fine,Null
1767545.0808,5903052.2301,770925,,524602,0,,0,1,,Null,2024/2025,KERRS ROAD,ERINA ROAD,,Non-Injury Crash,No,2024,,West,,0,,Flat,,,,,,Bright sun,780407,0,0,0,2,,,0,,,,,,Auckland Region,Nil,2-way,Sealed,,0,0,,50,,Off,0,0,,76,Auckland,Traffic Signals,,,,,0,0,Urban,1,,,Fine,Null