X,Y,OBJECTID,advisorySpeed,areaUnitID,bicycle,bridge,bus,carStationWagon,cliffBank,crashDirectionDescription,crashFinancialYear,crashLocation1,crashLocation2,crashRoadSideRoad,crashSeverity,crashSHDescription,crashYear,debris,directionRoleDescription,ditch,fatalCount,fence,flatHill,guardRail,holiday,houseOrBuilding,intersection,kerb,light,meshblockId,minorInjuryCount,moped,motorcycle,NumberOfLanes,objectThrownOrDropped,otherObject,otherVehicleType,overBank,parkedVehicle,pedestrian,phoneBoxEtc,postOrPole,region,roadCharacter,roadLane,roadSurface,roadworks,schoolBus,seriousInjuryCount,slipOrFlood,speedLimit,strayAnimal,streetLight,suv,taxi,temporarySpeedLimit,tlaId,tlaName,trafficControl,trafficIsland,trafficSign,train,tree,truck,unknownVehicleType,urban,vanOrUtility,vehicle,waterRiver,weatherA,weatherB
1743929.5192,5923636.1448,770940,,513511,1,,0,1,,Null,2024/2025,MAKI STREET,WESTGATE DRIVE,,Non-Injury Crash,No,2025,,South,,0,,Flat,,,,,,Bright sun,224306,0,0,0,2,,,0,,,,,,Auckland Region,Nil,2-way,Sealed,,0,0,,50,,Null,0,0,,76,Auckland,Give way,,,,,0,0,Urban,0,,,Null,Null
1756124.5545,5923873.2366,770941,,509800,0,,0,2,,South,2024/2025,NORTHERN MOTORWAY,WEIGH BRIDGE,,Non-Injury Crash,Yes,2024,,South,,0,,Flat,,,,,,Dark,361200,0,0,0,4,,,0,,,,,,Auckland Region,Nil,1-way,Sealed,,0,0,,80,,On,0,0,,76,Auckland,Nil,,,,,0,0,Open,0,,,Fine,Null
1766006.647,5903290.1586,770955,,524604,0,,0,2,,East,2022/2023,WIRI STATION ROAD,ASH ROAD,,Non-Injury Crash,No,2023,,West,,0,,Flat,,,,,,Dark,780403,0,0,0,2,,,0,,,,,,Auckland Region,Nil,1-way,Sealed,,0,0,,60,,On,0,0,,76,Auckland,Nil,,,,,1,0,Urban,0,,,Fine,Null
1757561.8952,5912281.4499,770956,,519810,0,,0,1,,East,2024/2025,SOUTH-WESTERN MOTORWAY,QUEENSTOWN OBR,,Non-Injury Crash,Yes,2024,,North,,0,,Flat,,,,,,Bright sun,597100,0,0,0,3,,,0,,,,,,Auckland Region,Nil,1-way,Sealed,,0,0,,100,,Off,1,0,,76,Auckland,Nil,,,,,1,0,Open,0,,,Fine,Null
1755395.4303,5928943.6474,770979,,508320,0,,0,1,,Null,2022/2023,WAIRAU ROAD,TRISTRAM AVENUE,,Non-Injury Crash,No,2023,,North,,0,,Flat,,,,,,Dark,198600,0,0,0,3,,,0,,,,,,Auckland Region,Nil,1-way,Sealed,,0,0,,50,,On,0,0,,76,Auckland,Traffic Signals,,,,,0,0,Urban,1,,,Light rain,Strong wind
1764944.9811,5905785.4268,770980,,522201,0,,0,2,,East,2024/2025,ST GEORGE STREET,TOWN HALL LANE,,Non-Injury Crash,No,2024,,West,,0,,Flat,,,,,,Dark,663200,0,0,0,2,,,0,,,,,,Auckland Region,Nil,2-way,Sealed,,0,0,,50,,On,0,0,,76,Auckland,Nil,,,,,0,0,Urban,0,,,Fine,Null
1749585.7231,5933246.3388,770996,,509000,0,0,0,1,0,North,2024/2025,PAREMOREMO ROAD,SMITHFIELD AVENUE,,Non-Injury Crash,No,2025,0,North,1,0,0,Flat,0,,0,,0,Dark,179305,0,0,0,2,0,0,0,0,0,,0,0,Auckland Region,Nil,2-way,Sealed,0,0,0,0,80,0,Off,0,0,,76,Auckland,Nil,0,0,0,0,0,0,Open,0,0,0,Light rain,Null
1759785.5041,5912760.1205,771019,,520000,0,,0,1,,Null,2022/2023,ALFRED STREET,GREY STREET,,Minor Crash,No,2023,,South,,0,,Flat,,,,,,Overcast,605700,1,0,0,2,,,0,,,,,,Auckland Region,Nil,2-way,Sealed,,0,0,,50,,Off,0,0,,76,Auckland,Stop,,,,,1,0,Urban,0,,,Fine,Null
1770804.935,5901497.4653,771020,,523813,0,,0,3,,South,2024/2025,PORCHESTER ROAD,SARTEANO DRIVE,,Non-Injury Crash,No,2024,,North,,0,,Flat,,,,,,Bright sun,759800,0,0,0,2,,,0,,,,,,Auckland Region,Nil,2-way,Sealed,,0,0,,50,,Off,0,0,,76,Auckland,Nil,,,,,0,0,Urban,0,,,Fine,Null
1767683.451,5905137.2045,771037,,524603,0,,0,1,,North,2025/2026,SOUTHERN MOTORWAY,TE IRIRANGI OBR,,Non-Injury Crash,Yes,2025,,North,,0,,Flat,,Christmas New Year,,,,Dark,780304,0,0,0,3,,,0,,,,,,Auckland Region,Nil,1-way,Sealed,,0,0,,100,,On,0,0,,76,Auckland,Nil,,,,,0,0,Open,1,,,Fine,Null
1759420.283,5912224.151,771043,,519820,0,0,0,2,0,Null,2022/2023,CHURCH STREET,SPRING STREET,,Minor Crash,No,2023,0,East,0,0,0,Flat,0,,0,,0,Overcast,602000,1,0,0,2,0,0,0,0,0,,0,1,Auckland Region,Nil,2-way,Sealed,0,0,0,0,50,0,Off,0,0,,76,Auckland,Stop,0,0,0,0,0,0,Urban,0,0,0,Light rain,Null
1773298.9431,5897902.451,771045,,523912,0,0,0,1,0,Null,2024/2025,GROVE ROAD,FRANKLAND ROAD,,Non-Injury Crash,No,2025,0,South,0,0,1,Flat,0,,0,,0,Dark,765600,0,0,0,2,0,0,0,0,0,,0,0,Auckland Region,Nil,2-way,Sealed,0,0,0,0,50,0,On,0,0,,76,Auckland,Give way,0,0,0,0,0,0,Urban,0,0,0,Fine,Null
1755607.4757,5928408.4401,771053,,508320,0,,0,2,,North,2024/2025,ARCHERS ROAD,WAIRAU ROAD,,Non-Injury Crash,No,2024,,North,,0,,Flat,,,,,,Overcast,198600,0,0,0,3,,,0,,,,,,Auckland Region,Nil,2-way,Sealed,,0,0,,50,,Off,0,0,,76,Auckland,Nil,,,,,0,0,Urban,0,,,Fine,Null
1735955.6317,5982493.0373,771068,,505300,0,0,0,0,1,West,2024/2025,WORKER ROAD,WAHAROA LANE,,Non-Injury Crash,No,2025,0,East,0,0,0,Hill Road,0,Queens Birthday,0,,0,Overcast,142400,0,0,0,2,0,0,0,0,0,,0,0,Auckland Region,Nil,2-way,Sealed,0,0,0,0,50,0,None,0,0,,76,Auckland,Nil,0,0,0,0,0,0,Urban,1,0,0,Fine,Null
1756734.0363,5918859.9877,771075,,515600,0,,0,2,,East,2022/2023,NEWTON ROAD,DIAMOND STREET,,Non-Injury Crash,No,2023,,West,,0,,Hill Road,,,,,,Bright sun,420400,0,0,0,4,,,0,,,,,,Auckland Region,Nil,2-way,Sealed,,0,0,,30,,Off,0,0,,76,Auckland,Nil,,,,,0,0,Urban,0,,,Fine,Null
1758238.9482,5913415.6357,771077,,519710,0,,0,2,,Null,2025/2026,CAMPBELL ROAD,MOUNT SMART ROAD,,Non-Injury Crash,No,2025,,South,,0,,Null,,,,,,Bright sun,594800,0,0,0,2,,,0,,,,,,Auckland Region,Nil,1-way,Sealed,,0,0,,50,,Null,0,0,,76,Auckland,Give way,,,,,0,0,Urban,0,,,Fine,Null
1757048.1564,5926128.6441,771092,,509702,0,,0,1,,South,2024/2025,NORTHERN MOTORWAY,AKORANGA FTBR,,Non-Injury Crash,Yes,2025,,North,,0,,Flat,,,,,,Dark,364602,0,0,0,3,,,0,,,,,,Auckland Region,Overpass,1-way,Sealed,,0,0,,100,,On,1,0,,76,Auckland,Nil,,,,,0,0,Open,2,,,Fine,Null
1762428.9727,5913250.9721,771101,,520402,0,,0,2,,South,2025/2026,SOUTHERN MOTORWAY,PENROSE OBR,,Non-Injury Crash,Yes,2025,,South,,0,,Flat,,,,,,Dark,642400,0,0,0,3,,,0,,,,,,Auckland Region,Nil,1-way,Sealed,,0,0,,100,,On,0,0,,76,Auckland,Nil,,,,,0,0,Open,0,,,Fine,Null
1755854.5367,5921129.3629,771108,,515202,0,,0,1,,West,2024/2025,NORTHERN MOTORWAY,FANSHAWE STREET ON RAMP,,Non-Injury Crash,Yes,2024,,West,,0,,Flat,,,,,,Bright sun,425600,0,0,0,4,,,0,,,,,,Auckland Region,Nil,1-way,Sealed,,0,0,,80,,Off,0,0,,76,Auckland,Nil,,,,,1,0,Open,0,,,Fine,Null
1768653.0696,5904524.5824,771109,,523722,0,,1,2,,Null,2025/2026,REDOUBT ROAD,ANCONA LANE,,Non-Injury Crash,No,2026,,West,,0,,Hill Road,,Christmas New Year,,,,Overcast,715917,0,0,0,5,,,0,,,,,,Auckland Region,Nil,2-way,Sealed,,0,0,,50,,Off,0,0,,76,Auckland,Nil,,,,,0,0,Urban,1,,,Light rain,Null
1765645.0895,5908458.3047,771117,,523403,0,,0,1,,South,2024/2025,SOUTHERN MOTORWAY,HIGHBROOK DRIVE OFF RAMP,,Non-Injury Crash,Yes,2025,,North,,0,,Null,,,,,,Dark,696400,0,0,0,3,,,0,,,,,,Auckland Region,Nil,1-way,Sealed,,0,0,,100,,Null,0,0,,76,Auckland,Nil,,,,,0,0,Open,0,,,Fine,Null
1769422.632,5902215.2599,771140,,523814,0,0,0,1,0,North,2025/2026,SOUTHERN MOTORWAY,HILL ROAD-MANUREWA OFF RAMP,,Minor Crash,Yes,2025,0,South,0,0,0,Flat,1,,0,,0,Dark,760702,1,0,0,4,0,0,0,0,0,,0,0,Auckland Region,Nil,1-way,Sealed,0,0,0,0,100,0,On,0,0,,76,Auckland,Nil,0,0,0,0,0,0,Open,0,0,0,Heavy rain,Null
1764037.6363,5910098.955,771141,,521901,0,0,0,3,0,East,2024/2025,PRINCES STREET,GREAT SOUTH ROAD,,Non-Injury Crash,No,2025,0,West,0,0,0,Flat,0,,0,,0,Dark,782200,0,0,0,3,0,0,0,0,1,,0,0,Auckland Region,Nil,2-way,Sealed,0,0,0,0,50,0,On,0,0,,76,Auckland,Nil,0,0,0,0,0,0,Urban,0,0,0,Fine,Null
1744637.231,5920898.6008,771156,,513632,0,0,0,1,0,East,2025/2026,WAIMUMU ROAD,CHORLEY AVENUE,,Non-Injury Crash,No,2025,0,North,0,0,0,Hill Road,0,,0,,1,Twilight,228600,0,0,0,2,0,0,0,0,0,,0,0,Auckland Region,Nil,2-way,Sealed,0,0,0,0,50,0,On,0,0,,76,Auckland,Nil,0,0,0,1,0,0,Urban,0,0,0,Fine,Null
1743361.0864,5920859.7053,771172,,513622,0,0,0,0,0,North,2024/2025,DON BUCK ROAD,CHAMBERLAIN ROAD,,Non-Injury Crash,No,2025,0,North,0,0,0,Hill Road,0,,0,,0,Overcast,226700,0,0,0,2,0,1,0,0,0,,0,0,Auckland Region,Nil,2-way,Sealed,0,0,0,0,50,0,Off,0,0,,76,Auckland,Nil,0,0,0,0,1,0,Urban,0,0,0,Fine,Null
1755534.3008,5915559.7714,771219,,518302,0,0,0,1,0,Null,2024/2025,PEARY ROAD,DOMINION ROAD,,Minor Crash,No,2024,0,West,0,0,0,Flat,0,,0,,0,Bright sun,555000,1,0,0,4,0,0,0,0,0,,0,1,Auckland Region,Nil,2-way,Sealed,0,0,0,0,50,0,Off,0,0,,76,Auckland,Give way,0,0,0,0,0,0,Urban,0,0,0,Fine,Null
1769903.2698,5898944.5223,771236,,523920,0,,0,1,,North,2025/2026,SOUTHERN MOTORWAY,TAKANINI ON RAMP,,Non-Injury Crash,Yes,2025,,South,,0,,Null,,,,,,Unknown,768005,0,0,0,3,,,0,,,,,,Auckland Region,Nil,1-way,Sealed,,0,0,,100,,On,0,0,,76,Auckland,Nil,,,,,0,1,Open,0,,,Light rain,Null
1753579.494,5929377.8847,771244,,508411,0,,0,2,,South,2024/2025,GLENFIELD ROAD,JAMES STREET,,Non-Injury Crash,No,2025,,North,,0,,Flat,,,,,,Overcast,184000,0,0,0,3,,,0,,,,,,Auckland Region,Nil,2-way,Sealed,,0,0,,50,,Off,0,0,,76,Auckland,Nil,,,,,0,0,Urban,0,,,Fine,Null
1769804.2968,5905890.2001,771298,,523712,0,0,0,2,0,East,2023/2024,REPEHINA ROAD,DONEGAL PARK DRIVE,,Non-Injury Crash,No,2023,0,West,0,0,0,Flat,0,,0,,0,Bright sun,713201,0,0,0,2,0,0,0,0,1,,0,0,Auckland Region,Nil,2-way,Sealed,0,0,0,0,50,0,Off,0,0,,76,Auckland,Nil,0,0,0,0,0,0,Urban,0,0,0,Fine,None
1760456.4772,5907554.9576,771307,,524510,0,0,0,1,0,South,2025/2026,SOUTH-WESTERN MOTORWAY,CENTRAL PARK FTBR,,Non-Injury Crash,Yes,2025,0,South,0,0,0,Flat,1,,0,,0,Dark,736900,0,0,0,2,0,0,0,0,0,,0,0,Auckland Region,Nil,1-way,Sealed,0,0,0,0,100,0,On,0,0,,76,Auckland,Nil,0,0,0,0,0,0,Open,0,0,0,Fine,Null
1755332.7046,5914857.0437,771314,,518500,0,,0,1,,Null,2024/2025,DOMINION ROAD,DUKE STREET,,Minor Crash,No,2025,,North,,0,,Flat,,,,,,Overcast,561600,1,0,0,4,,,0,,,1,,,Auckland Region,Nil,2-way,Sealed,,0,0,,50,,Off,0,0,,76,Auckland,Stop,,,,,0,0,Urban,0,,,Fine,Null
1755677.5041,5930700.3558,771315,,508520,0,,0,2,,Null,2025/2026,WOODSTOCK ROAD,BLAKEBOROUGH DRIVE,,Non-Injury Crash,No,2025,,North,,0,,Hill Road,,,,,,Bright sun,190600,0,0,0,2,,,0,,,,,,Auckland Region,Nil,2-way,Sealed,,0,0,,50,,Off,0,0,,76,Auckland,Stop,,,,,0,0,Urban,0,,,Fine,Null
1758229.5306,5916342.945,771331,,519200,0,,0,2,,South,2025/2026,MANUKAU ROAD,RANFURLY ROAD,,Serious Crash,No,2025,,North,,0,,Flat,,,,,,Dark,615102,0,0,0,4,,,0,,,1,,,Auckland Region,Nil,2-way,Sealed,,0,1,,50,,On,0,0,,76,Auckland,Nil,,,,,0,0,Urban,0,,,Fine,Null
1758258.3657,5920206.1473,771339,,514103,0,,0,0,,Null,2024/2025,BEACH ROAD,STANLEY STREET,,Non-Injury Crash,No,2025,,East,,0,,Flat,,,,,,Dark,438203,0,0,0,4,,,0,,,,,,Auckland Region,Nil,2-way,Sealed,,0,0,,50,,On,0,0,,76,Auckland,Traffic Signals,,,,,2,0,Urban,0,,,Heavy rain,Null
1765608.5372,5908592.0834,771362,,523402,0,0,0,0,0,North,2024/2025,SOUTHERN MOTORWAY,HIGHBROOK DRIVE ON RAMP,,Non-Injury Crash,Yes,2025,0,South,0,0,0,Flat,1,,0,,0,Dark,696900,0,0,0,3,0,0,0,0,0,,0,0,Auckland Region,Nil,1-way,Sealed,0,0,0,0,100,0,On,0,0,,76,Auckland,Nil,0,0,0,0,0,0,Open,1,0,0,Fine,Null
1745692.8575,5917002.1428,771395,,510800,0,,0,1,,Null,2024/2025,EDSEL STREET,VITASOVICH AVENUE,,Non-Injury Crash,No,2024,,South,,0,,Flat,,Christmas New Year,,,,Twilight,243300,0,0,0,1,,,0,,,,,,Auckland Region,Nil,1-way,Sealed,,0,0,,50,,Off,1,0,,76,Auckland,Give way,,,,,0,0,Urban,0,,,Fine,Null
1758996.0541,5906053.8349,771402,35,524200,0,,0,1,,South,2024/2025,GEORGE BOLT MEMORIAL DRIVE,KIRKBRIDE ROAD OFF RAMP,,Non-Injury Crash,Yes,2024,,North,,0,,Flat,,,,,,Unknown,726400,0,0,0,2,,,0,,,,,,Auckland Region,Nil,1-way,Sealed,,0,0,,100,,Off,0,0,,76,Auckland,Nil,,,,,1,0,Open,0,,,Fine,None
1767493.9472,5904947.9657,771459,,524604,0,,0,1,,East,2024/2025,TE IRIRANGI DRIVE,GREAT SOUTH ROAD,,Non-Injury Crash,No,2025,,West,,0,,Flat,,,,,,Dark,780302,0,0,0,3,,,0,,,,,,Auckland Region,Nil,2-way,Sealed,,0,0,,50,,On,1,0,,76,Auckland,Nil,,,,,0,0,Urban,0,,,Fine,Null
1752665.8632,5914043.0231,771466,,514500,0,,0,1,,Null,2024/2025,NEW WINDSOR ROAD,MAIORO STREET,,Non-Injury Crash,No,2025,,North,,0,,Null,,,,,,Bright sun,375400,0,0,0,3,,,0,,,,,,Auckland Region,Nil,2-way,Sealed,,0,0,,50,,Null,1,0,,76,Auckland,Traffic Signals,,,,,0,0,Urban,0,,,Fine,Null
1771629.3232,5914015.6084,771467,,521602,0,,0,2,,North,2024/2025,MOORE STREET,UNION ROAD,,Non-Injury Crash,No,2025,,North,,0,,Flat,,,,,,Bright sun,648400,0,0,0,2,,,0,,,,,,Auckland Region,Nil,2-way,Sealed,,0,0,,50,,Off,0,0,40,76,Auckland,Give way,,,,,0,0,Urban,0,,,Fine,Null
1744513.1291,5914851.784,771482,,513013,0,0,0,1,0,Null,2024/2025,BRUCE MCLAREN ROAD,APPLEWOOD DRIVE,,Non-Injury Crash,No,2025,0,South,0,0,0,Hill Road,0,,0,,0,Bright sun,281509,0,0,0,2,0,0,0,0,0,,0,0,Auckland Region,Nil,2-way,Sealed,0,0,0,0,50,0,Off,0,0,,76,Auckland,Give way,0,0,0,1,0,0,Urban,0,0,0,Fine,Null
1741539.6143,5976096.3113,771490,,506660,0,,0,0,,West,2024/2025,SH 1,FALLS BR,,Non-Injury Crash,Yes,2025,,East,,0,,Flat,,,,,,Overcast,136700,0,0,0,2,,,0,,,,,,Auckland Region,Nil,2-way,Sealed,,0,0,,80,,Off,0,0,,76,Auckland,Nil,,,,,1,0,Open,1,,,Light rain,Null
1771030.7056,5896667.3353,771521,,521201,0,,0,1,,South,2022/2023,SOUTHERN MOTORWAY,PAHUREHURE NO 2 BR,,Minor Crash,Yes,2023,,North,,0,,Flat,,,,,,Bright sun,806604,3,0,0,3,,,0,,,,,,Auckland Region,Overpass,1-way,Sealed,,0,0,,100,,Off,0,0,,76,Auckland,Nil,,,,,1,0,Open,0,,,Fine,Null
1759867.3372,5916126.4182,771537,,516002,0,,0,1,,North,2022/2023,SOUTHERN MOTORWAY,GREEN LANE EAST OFF RAMP,,Minor Crash,Yes,2023,,South,,0,,Flat,,,,,,Overcast,492000,1,0,0,3,,,0,,,,,,Auckland Region,Nil,1-way,Sealed,,0,0,,100,,Off,1,0,,76,Auckland,Nil,,,,,0,0,Open,0,,,Heavy rain,Null
1750367.9888,5913767.5531,771546,,511303,0,,0,2,,Null,2023/2024,CLARK STREET,WARD STREET,,Non-Injury Crash,No,2024,,East,,0,,Flat,,,,,,Overcast,265002,0,0,0,4,,,0,,,,,,Auckland Region,Nil,2-way,Sealed,,0,0,,50,,On,0,0,,76,Auckland,Traffic Signals,,,,,0,0,Urban,0,,,Light rain,Null
1748451.07,5918848.0754,771547,,514801,0,,0,2,,South,2024/2025,NORTH-WESTERN MOTORWAY,PATIKI ROAD ON RAMP,,Non-Injury Crash,Yes,2024,,North,,0,,Flat,,,,,,Overcast,389300,0,0,0,5,,,0,,,,,,Auckland Region,Nil,1-way,Sealed,,0,0,,100,,Off,0,0,,76,Auckland,Nil,,,,,1,0,Open,0,,,Fine,Null
1762744.9999,5907513.9961,771554,,524301,0,,0,1,,Null,2023/2024,MASSEY ROAD,VIOLA AVENUE,,Non-Injury Crash,No,2023,,South,,0,,Flat,,,,,,Bright sun,747700,0,0,0,2,,,0,,,,,,Auckland Region,Nil,2-way,Sealed,,0,0,,50,,Off,1,0,,76,Auckland,Give way,,,,,0,0,Urban,0,,,Fine,None
1739889.9042,5903911.4235,771563,,513800,0,0,0,1,1,South,2024/2025,HUIA ROAD,UPLAND ROAD,,Non-Injury Crash,No,2024,0,South,0,0,0,Flat,0,,0,,1,Dark,303204,0,0,0,2,0,0,0,0,0,,0,0,Auckland Region,Nil,2-way,Sealed,0,0,0,0,50,0,On,0,0,,76,Auckland,Nil,0,0,0,0,0,0,Urban,0,0,0,Fine,Null
1745117.7926,5919767.2296,771571,,513301,0,,0,3,,Null,2024/2025,UNIVERSAL DRIVE,TUDOR ROAD,,Non-Injury Crash,No,2024,,North,,0,,Flat,,,,,,Bright sun,232001,0,0,0,2,,,0,,,,,,Auckland Region,Nil,2-way,Sealed,,0,0,,50,,Off,0,0,,76,Auckland,Give way,,,,,0,0,Urban,0,,,Fine,Null
1743666.2973,5919362.9525,771579,,513213,0,,0,1,,Null,2024/2025,SWANSON ROAD,DON BUCK ROAD,,Minor Crash,No,2024,,North,,0,,Flat,,,,,,Overcast,235802,1,0,1,2,,,0,,,,,,Auckland Region,Nil,2-way,Sealed,,0,0,,50,,Null,0,0,,76,Auckland,Give way,,,,,0,0,Urban,0,,,Fine,Null
1770878.5091,5915507.4727,771595,,522712,0,0,0,2,0,North,2024/2025,HUTCHINSONS ROAD,FINNERTY AVENUE,,Non-Injury Crash,No,2025,0,North,0,0,0,Hill Road,0,,0,,0,Bright sun,681103,0,0,0,2,0,0,0,0,1,,0,0,Auckland Region,Nil,2-way,Sealed,0,0,0,0,50,0,Off,0,0,,76,Auckland,Nil,0,0,0,1,0,0,Urban,0,0,0,Fine,Null
1760646.1461,5907308.7668,771603,,524112,0,,0,1,,North,2024/2025,SOUTH-WESTERN MOTORWAY,SOUTH-WESTERN MOTORWAY,,Non-Injury Crash,Yes,2025,,North,,0,,Flat,,,,,,Twilight,737500,0,0,0,2,,,0,,,,,,Auckland Region,Nil,1-way,Sealed,,0,0,,100,,On,0,0,,76,Auckland,Nil,,,,,1,0,Open,0,,,Fine,Null
1768414.6183,5904461.6878,771626,,523820,0,,0,2,,East,2025/2026,REDOUBT ROAD,DIORELLA DRIVE,,Non-Injury Crash,No,2025,,East,,0,,Flat,,,,,,Overcast,759901,0,0,0,3,,,0,,,,,,Auckland Region,Nil,2-way,Sealed,,0,0,,50,,On,0,0,40,76,Auckland,Isolated Pedestrian signal (non-intersection),,,,,0,0,Urban,2,,,Light rain,Null
1756308.8136,5919316.7108,771635,,514000,0,,0,0,,Null,2024/2025,KARANGAHAPE ROAD,GUNDRY STREET,,Minor Crash,No,2025,,North,,0,,Flat,,,,,,Twilight,413800,1,0,0,4,,,0,,,,,,Auckland Region,Nil,2-way,Sealed,,0,0,,30,,Off,1,0,,76,Auckland,Stop,,,,,1,0,Urban,0,,,Fine,Null
1757704.9554,5918267.9682,771643,,518101,0,,0,2,,South,2024/2025,SOUTHERN MOTORWAY,KHYBER PASS ROAD OFF RAMP,,Non-Injury Crash,Yes,2025,,North,,0,,Flat,,,,,,Bright sun,543000,0,0,0,5,,,0,,,,,,Auckland Region,Nil,1-way,Sealed,,0,0,,80,,Off,0,0,,76,Auckland,Nil,,,,,0,0,Open,0,,,Fine,Null
1752322.4666,5936769.4438,771651,,506300,0,0,0,1,0,North,2024/2025,NORTHERN MOTORWAY,LONELY TRACK OBR,,Non-Injury Crash,Yes,2025,0,South,0,0,0,Hill Road,1,,0,,0,Overcast,176106,0,0,0,2,0,0,0,0,0,,0,0,Auckland Region,Nil,1-way,Sealed,0,0,0,0,100,0,Off,0,0,,76,Auckland,Nil,0,0,0,0,0,0,Open,0,0,0,Heavy rain,Null
1764414.3769,5916175.2045,771659,,520301,1,,0,0,,Null,2024/2025,STONEFIELDS AVENUE,COLLEGE ROAD,,Serious Crash,No,2025,,South,,0,,Hill Road,,,,,,Bright sun,465302,0,0,0,4,,,0,,,1,,,Auckland Region,Nil,2-way,Sealed,,0,1,,50,,None,0,0,,76,Auckland,Traffic Signals,,,,,0,0,Urban,0,,,Fine,Null
1772685.661,5896407.0847,771674,,525410,0,0,0,0,0,Null,2024/2025,GREAT SOUTH ROAD,ELLIOT STREET,,Non-Injury Crash,No,2024,0,North,0,0,0,Flat,0,,0,,0,Bright sun,792000,0,0,0,2,0,0,0,0,1,,0,0,Auckland Region,Nil,2-way,Sealed,0,0,0,0,50,0,Off,0,0,,76,Auckland,Traffic Signals,0,0,0,0,0,0,Urban,2,0,0,Fine,Null
1760389.5874,5907029.2542,771690,,524111,0,,0,2,,Null,2022/2023,MASCOT AVENUE,BADER DRIVE,,Non-Injury Crash,No,2023,,North,,0,,Flat,,,,,,Dark,740500,0,0,0,1,,,0,,,,,,Auckland Region,Nil,1-way,Sealed,,0,0,,30,,On,0,0,,76,Auckland,Give way,,,,,0,0,Urban,0,,,Fine,None
1763149.7264,5908069.6771,771730,,524402,0,,0,1,,Null,2025/2026,MASSEY ROAD,EWART ROAD,,Non-Injury Crash,No,2025,,South,,0,,Flat,,,,,,Bright sun,750000,0,0,0,4,,,0,,,,,,Auckland Region,Nil,2-way,Sealed,,0,0,,50,,Null,0,0,,76,Auckland,Nil,,,,,0,0,Urban,1,,,Fine,Null
1748458.1301,5948511.8641,771762,,506201,0,0,0,1,0,North,2024/2025,KOWHAI ROAD,WAINUI ROAD,,Non-Injury Crash,No,2024,0,East,0,0,1,Flat,0,,0,,0,Twilight,176406,0,0,0,2,0,0,0,0,0,,0,0,Auckland Region,Nil,2-way,Unsealed,0,0,0,0,50,0,Off,0,0,,76,Auckland,Nil,0,0,0,0,0,0,Urban,0,0,0,Fine,Null
1769712.1972,5901049.3244,771771,,524902,0,0,0,1,0,South,2024/2025,SCOTTS ROAD,ALFRISTON ROAD,,Non-Injury Crash,No,2024,0,North,0,0,0,Null,0,,0,,0,Bright sun,757700,0,0,0,2,0,0,0,0,1,,0,0,Auckland Region,Nil,2-way,Sealed,0,0,0,0,30,0,Null,0,0,,76,Auckland,Nil,0,0,0,0,0,1,Urban,0,0,0,Fine,Null
1772905.9228,5891594.4582,771786,,521301,0,,0,2,,South,2023/2024,SOUTHERN MOTORWAY,GREAT SOUTH ROAD ON RAMP,,Non-Injury Crash,Yes,2024,,North,,0,,Flat,,,,,,Bright sun,808702,0,0,0,2,,,0,,,,,,Auckland Region,Nil,1-way,Sealed,,0,0,,100,,Off,0,0,,76,Auckland,Nil,,,,,0,0,Open,0,,,Fine,None
1756163.5499,5928103.8563,771795,,507900,0,0,0,0,0,Null,2024/2025,FORREST HILL ROAD,WAIRAU ROAD,,Serious Crash,No,2025,0,South,0,0,0,Flat,1,,0,,0,Bright sun,305300,0,0,1,4,0,0,0,0,0,,0,0,Auckland Region,Nil,2-way,Sealed,0,0,1,0,50,0,Off,0,0,,76,Auckland,Traffic Signals,0,0,0,0,0,0,Urban,0,0,0,Fine,Null
1743878.2254,5922725.8054,771827,,513511,0,0,0,0,0,Null,2023/2024,PAINA CRESCENT,LAWSON CREEK STREET,,Non-Injury Crash,No,2024,0,East,0,0,0,Flat,0,,1,,0,Bright sun,224303,0,0,0,2,0,0,0,0,0,,0,0,Auckland Region,Nil,2-way,Sealed,0,0,0,0,50,0,Off,1,0,,76,Auckland,Give way,0,0,0,0,0,0,Urban,0,0,0,Fine,Null
1767758.1393,5904267.298,771834,,524602,0,,0,2,,Null,2024/2025,GREAT SOUTH ROAD,MANUKAU STATION ROAD,,Non-Injury Crash,No,2024,,North,,0,,Flat,,,,,,Overcast,780416,0,0,0,1,,,0,,,,,,Auckland Region,Nil,1-way,Sealed,,0,0,,50,,Off,0,0,,76,Auckland,Give way,,,,,0,0,Urban,0,,,Fine,Null
1763392.6679,5908444.2211,771843,,521901,0,,0,0,,Null,2024/2025,MANGERE ROAD,HOSPITAL ROAD,,Non-Injury Crash,No,2024,,South,,0,,Flat,,,,,,Overcast,786300,0,0,0,2,,,0,,,,,,Auckland Region,Nil,2-way,Sealed,,0,0,,50,,On,0,0,,76,Auckland,Traffic Signals,,,,,0,0,Urban,2,,,Light rain,None
1769084.1068,5900594.181,771850,,525002,0,0,1,0,0,Null,2024/2025,GREAT SOUTH ROAD,MCANNALLEY STREET,,Non-Injury Crash,No,2025,0,South,0,0,0,Flat,0,,0,,0,Bright sun,753202,0,0,0,2,0,0,0,0,0,,0,1,Auckland Region,Nil,2-way,Sealed,0,0,0,0,50,0,Off,0,0,,76,Auckland,Stop,0,0,0,0,0,0,Urban,0,0,0,Fine,Null