X,Y,OBJECTID,advisorySpeed,areaUnitID,bicycle,bridge,bus,carStationWagon,cliffBank,crashDirectionDescription,crashFinancialYear,crashLocation1,crashLocation2,crashRoadSideRoad,crashSeverity,crashSHDescription,crashYear,debris,directionRoleDescription,ditch,fatalCount,fence,flatHill,guardRail,holiday,houseOrBuilding,intersection,kerb,light,meshblockId,minorInjuryCount,moped,motorcycle,NumberOfLanes,objectThrownOrDropped,otherObject,otherVehicleType,overBank,parkedVehicle,pedestrian,phoneBoxEtc,postOrPole,region,roadCharacter,roadLane,roadSurface,roadworks,schoolBus,seriousInjuryCount,slipOrFlood,speedLimit,strayAnimal,streetLight,suv,taxi,temporarySpeedLimit,tlaId,tlaName,trafficControl,trafficIsland,trafficSign,train,tree,truck,unknownVehicleType,urban,vanOrUtility,vehicle,waterRiver,weatherA,weatherB
1767639.3697,5913526.9075,771858,,522910,0,,0,2,,Null,2024/2025,PAKURANGA ROAD,GREENHILL CRESCENT,,Non-Injury Crash,No,2025,,West,,0,,Flat,,,,,,Bright sun,685500,0,0,0,3,,,0,,,,,,Auckland Region,Nil,2-way,Sealed,,0,0,,60,,Off,0,0,,76,Auckland,Give way,,,,,0,0,Urban,0,,,Fine,Null
1744404.1271,5932083.5256,771875,,506400,0,,0,0,,South,2024/2025,COATESVILLE-RIVERHEAD HIGHWAY,MILL FLAT ROAD,,Minor Crash,No,2024,,North,,0,,Hill Road,,,,,,Bright sun,216800,1,0,1,2,,,0,,,,,,Auckland Region,Nil,2-way,Sealed,,0,0,,60,,None,1,0,30,76,Auckland,Nil,,,,,0,0,Urban,0,,,Fine,Null
1768263.3463,5912745.5348,771883,,523000,0,,0,2,,South,2024/2025,GOSSAMER DRIVE,REEVES ROAD,,Minor Crash,No,2024,,North,,0,,Hill Road,,,,,,Twilight,689000,1,0,0,2,,,0,,,,,,Auckland Region,Nil,2-way,Sealed,,0,0,,50,,On,0,0,,76,Auckland,Nil,,,,,0,0,Urban,0,,,Fine,Null
1766075.7365,5907302.9277,771923,,522302,0,,0,2,,Null,2025/2026,EAST TAMAKI ROAD,HUIA ROAD,,Non-Injury Crash,No,2025,,West,,0,,Flat,,,,,,Bright sun,667700,0,0,0,5,,,0,,,,,,Auckland Region,Nil,2-way,Sealed,,0,0,,50,,Off,0,0,,76,Auckland,Traffic Signals,,,,,0,0,Urban,0,,,Fine,Null
1770532.8941,5916576.9753,771930,,522601,0,0,0,2,0,North,2024/2025,MACLEANS ROAD,RICHARD AVENUE,,Non-Injury Crash,No,2025,0,South,0,0,0,Flat,0,,0,,0,Dark,678100,0,0,0,2,0,0,0,0,1,,0,0,Auckland Region,Nil,2-way,Sealed,0,0,0,0,50,0,On,0,0,40,76,Auckland,Nil,0,0,0,0,0,0,Urban,0,0,0,Fine,Null
1754751.8877,5918791.4843,771946,,515431,0,,0,1,,North,2024/2025,GREAT NORTH ROAD,SURREY CRESCENT,,Non-Injury Crash,No,2024,,East,,0,,Flat,,,,,,Overcast,405300,0,0,0,4,,,0,,,,,,Auckland Region,Nil,2-way,Sealed,,0,0,,50,,Off,0,0,,76,Auckland,Nil,,,,,0,0,Urban,1,,,Fine,Null
1756383.2511,5918590.8878,771947,,515600,0,0,0,1,0,North,2023/2024,IAN MCKINNON DRIVE,MINNIE STREET,,Non-Injury Crash,No,2024,0,North,0,0,0,Flat,0,Easter,0,,1,Dark,419900,0,0,0,4,0,0,0,0,0,,0,0,Auckland Region,Nil,2-way,Sealed,0,0,0,0,50,0,On,0,0,,76,Auckland,Nil,0,0,0,0,0,0,Urban,0,0,0,Fine,Null
1758220.7831,5916227.4961,771962,,515801,0,0,0,1,0,Null,2024/2025,MANUKAU ROAD,INVERARY AVENUE,,Non-Injury Crash,No,2025,0,South,0,0,0,Null,0,,0,,0,Bright sun,446300,0,0,0,4,0,0,0,0,1,,0,0,Auckland Region,Nil,2-way,Sealed,0,0,0,0,50,0,Null,0,0,,76,Auckland,Give way,0,0,0,0,0,0,Urban,1,0,0,Fine,Null
1769040.6387,5905767.6589,771963,,523721,0,,0,1,,South,2023/2024,DAWSON ROAD,DISSMEYER DRIVE,,Minor Crash,No,2024,,West,,0,,Flat,,,,,,Overcast,715606,1,0,0,2,,,0,,,1,,,Auckland Region,Nil,2-way,Sealed,,0,0,,50,,Off,0,0,40,76,Auckland,Nil,,,,,0,0,Urban,0,,,Fine,Null
1765731.5478,5915223.905,771970,,520601,0,0,0,2,0,South,2022/2023,MCCULLOCH ROAD,HOBSON DRIVE,,Non-Injury Crash,No,2023,0,Null,0,0,0,Flat,0,,0,,0,Bright sun,631900,0,0,0,2,0,0,0,0,1,,0,0,Auckland Region,Nil,2-way,Sealed,0,0,0,0,50,0,Off,0,0,,76,Auckland,Nil,0,0,0,0,0,0,Urban,0,0,0,Fine,None
1751305.8285,5912236.4277,772010,,514700,0,,0,2,,West,2023/2024,KINROSS STREET,HEAPHY STREET,,Non-Injury Crash,No,2024,,West,,0,,Hill Road,,,,,,Bright sun,368200,0,0,0,2,,,0,,,,,,Auckland Region,Nil,2-way,Sealed,,0,0,,50,,Off,0,0,,76,Auckland,Nil,,,,,0,0,Urban,0,,,Fine,Null
1770318.0816,5908534.9079,772011,,523115,0,,0,2,,Null,2023/2024,CYRIL FRENCH DRIVE,ELWYN CLOSE,,Non-Injury Crash,No,2023,,West,,0,,Hill Road,,,,,,Overcast,712110,0,0,0,2,,,0,,,,,,Auckland Region,Nil,2-way,Sealed,,0,0,,50,,Off,0,0,20,76,Auckland,Nil,,,,,0,0,Urban,0,,,Fine,Null
1757403.5474,5928739.864,772027,,507800,0,,0,1,,South,2023/2024,OTAKAU ROAD,FENWICK AVENUE,,Minor Crash,No,2024,,North,,0,,Flat,,,,,,Bright sun,307600,1,0,0,2,,,0,,,1,,,Auckland Region,Nil,2-way,Sealed,,0,0,,50,,Off,0,0,,76,Auckland,Nil,,,,,0,0,Urban,0,,,Fine,Null
1756493.812,5919398.2727,772050,,514102,0,,0,2,,Null,2023/2024,KARANGAHAPE ROAD,COBDEN STREET,,Non-Injury Crash,No,2024,,East,,0,,Flat,,,,,,Bright sun,436001,0,0,0,5,,,0,,,,,,Auckland Region,Bridge,2-way,Sealed,,0,0,,30,,Off,0,1,,76,Auckland,Stop,,,,,0,0,Urban,0,,,Fine,Null
1763201.3545,5912831.4303,772066,,520500,0,,0,3,,West,2024/2025,SOUTHERN MOTORWAY,SEART OBR,,Serious Crash,Yes,2024,,West,,0,,Hill Road,,,,,,Dark,637300,2,0,0,3,,,0,,,,,,Auckland Region,Nil,1-way,Sealed,,0,1,,100,,On,1,1,,76,Auckland,Nil,,,,,0,0,Open,0,,,Light rain,Null
1756822.6991,5919256.197,772074,,514200,0,0,0,1,0,West,2023/2024,SOUTHERN MOTORWAY,NORTH-WESTERN TO SOUTHERN LINK,,Non-Injury Crash,Yes,2024,0,West,0,0,0,Flat,1,,0,,0,Bright sun,412900,0,0,0,4,0,0,0,0,0,,0,0,Auckland Region,Nil,1-way,Sealed,0,0,0,0,80,0,Off,0,0,,76,Auckland,Nil,0,0,0,0,0,0,Open,0,0,0,Fine,Null
1751563.6179,5915236.5788,772105,,514401,0,,0,2,,Null,2023/2024,BLOCKHOUSE BAY ROAD,NEW NORTH ROAD,,Minor Crash,No,2023,,North,,0,,Flat,,Christmas New Year,,,,Overcast,382902,1,0,0,2,,,0,,,,,,Auckland Region,Nil,2-way,Sealed,,0,0,,50,,Off,0,0,,76,Auckland,Traffic Signals,,,,,0,0,Urban,0,,,Fine,Null
1754348.103,5935996.0348,772107,,507101,0,,0,2,,Null,2022/2023,CARLISLE ROAD,EAST COAST ROAD,,Non-Injury Crash,No,2023,,West,,0,,Flat,,,,,,Bright sun,160403,0,0,0,5,,,0,,,,,,Auckland Region,Nil,2-way,Sealed,,0,0,,50,,Off,0,0,,76,Auckland,Traffic Signals,,,,,0,0,Urban,0,,,Fine,Null
1750281.7232,5914358.0204,772114,,511303,0,,0,0,,Null,2024/2025,BENTINCK STREET,GREAT NORTH ROAD,,Minor Crash,No,2025,,South,,0,,Flat,,,,,,Bright sun,265800,1,0,0,1,,,0,,,1,,,Auckland Region,Nil,1-way,Sealed,,0,0,,50,,None,0,0,,76,Auckland,Stop,,,,,0,0,Urban,1,,,Fine,Null
1763728.838,5908890.8669,772122,,521901,0,,0,2,,Null,2024/2025,MANGERE ROAD,WALMSLEY ROAD,,Non-Injury Crash,No,2024,,East,,0,,Flat,,,,,,Dark,785400,0,0,0,2,,,0,,,,,,Auckland Region,Nil,2-way,Sealed,,0,0,,50,,On,0,0,,76,Auckland,Traffic Signals,,,,,0,0,Urban,0,,,Fine,Null
1757670.599,5918565.5663,772123,,514302,0,,0,1,,Null,2023/2024,KHYBER PASS ROAD,HUNTLY AVENUE,,Minor Crash,No,2024,,East,,0,,Flat,,,,,,Twilight,442100,1,0,1,4,,,0,,,,,,Auckland Region,Nil,2-way,Sealed,,0,0,,50,,On,0,0,30,76,Auckland,Give way,,,,,0,0,Urban,0,,,Fine,Null
1746363.7129,5940013.0872,772129,,506300,0,0,0,1,0,Null,2023/2024,DAIRY FLAT HIGHWAY,POSTMAN ROAD,,Serious Crash,No,2024,0,North,0,0,0,Hill Road,0,,0,,0,Overcast,175904,1,0,0,2,0,0,0,0,0,,0,1,Auckland Region,Nil,2-way,Sealed,0,0,1,0,80,0,Off,0,0,60,76,Auckland,Stop,0,0,0,0,0,0,Open,1,0,0,Fine,Null
1754776.8985,5930586.3942,772130,,508520,0,,0,2,,North,2024/2025,NORTHERN MOTORWAY,SUNNYNOOK OBR,,Minor Crash,Yes,2025,,South,,0,,Flat,,,,,,Overcast,191104,1,0,0,2,,,0,,,,,,Auckland Region,Nil,1-way,Sealed,,0,0,,100,,Off,1,0,,76,Auckland,Nil,,,,,0,0,Open,0,,,Light rain,Null
1765989.8989,5908243.5974,772131,,523402,0,,0,1,,Null,2022/2023,ASHTON AVENUE,BAIRDS ROAD,,Non-Injury Crash,No,2023,,North,,0,,Flat,,,,,,Bright sun,698900,0,0,0,2,,,0,,,,,,Auckland Region,Nil,2-way,Sealed,,0,0,,50,,Off,0,0,,76,Auckland,Stop,,,,,0,1,Urban,0,,,Fine,None
1758205.1208,5917509.7325,772137,,515700,0,,0,1,,East,2022/2023,ALPERS AVENUE,GILLIES AVENUE,,Minor Crash,No,2023,,West,,0,,Flat,,,,,,Bright sun,443401,1,0,0,3,,,0,,,1,,,Auckland Region,Nil,2-way,Sealed,,0,0,,50,,Off,0,0,,76,Auckland,Nil,,,,,0,0,Urban,0,,,Fine,Null
1757703.9675,5918268.0198,772138,,518101,0,,0,3,,South,2023/2024,SOUTHERN MOTORWAY,KHYBER PASS ROAD OFF RAMP,,Non-Injury Crash,Yes,2024,,North,,0,,Flat,,,,,,Overcast,543000,0,0,0,5,,,0,,,,,,Auckland Region,Overpass,1-way,Sealed,,0,0,,80,,Off,0,0,,76,Auckland,Nil,,,,,0,0,Open,0,,,Heavy rain,Null
1753624.8285,5931362.0912,772146,,508807,0,,0,1,,Null,2024/2025,PAUL MATTHEWS ROAD,PAUL MATTHEWS OFF-RAMP,,Non-Injury Crash,No,2025,,North,,0,,Flat,,,,,,Bright sun,180810,0,0,0,2,,,0,,,,,,Auckland Region,Nil,1-way,Sealed,,0,0,,50,,Off,0,0,,76,Auckland,Traffic Signals,,,,,0,0,Urban,1,,,Fine,Null
1767944.5035,5903881.7089,772147,65,524602,0,0,0,1,0,East,2024/2025,SOUTH-WESTERN MOTORWAY,GREAT SOUTH OBR,,Minor Crash,Yes,2024,0,West,0,0,0,Flat,1,Christmas New Year,0,,0,Dark,780506,1,0,0,2,0,0,0,0,0,,0,0,Auckland Region,Motorway ramp,1-way,Sealed,0,0,0,0,100,0,On,0,0,,76,Auckland,Nil,0,0,0,0,0,0,Open,0,0,0,Fine,Null
1752556.8095,5934753.8842,772155,,508701,0,,0,1,,Null,2023/2024,OTEHA VALLEY ROAD,MUNROE LANE,,Non-Injury Crash,No,2024,,East,,0,,Flat,,,,,,Dark,178501,0,0,0,2,,,0,,,,,,Auckland Region,Nil,1-way,Sealed,,0,0,,50,,On,0,0,,76,Auckland,Give way,,,,,0,0,Urban,1,,,Light rain,Null
1746647.669,5914015.039,772195,,511100,0,0,0,0,0,West,2023/2024,WEST COAST ROAD,SWAN HILL DRIVE,,Non-Injury Crash,No,2023,1,West,0,0,0,Flat,0,,0,,0,Dark,286100,0,0,0,2,0,0,0,0,0,,0,0,Auckland Region,Nil,2-way,Sealed,0,0,0,0,50,0,On,0,0,,76,Auckland,Nil,0,0,0,1,0,0,Urban,1,0,0,Fine,Null
1745331.1114,5914011.0457,772233,,512904,0,,0,1,,Null,2023/2024,WEST COAST ROAD,SELAK PLACE,,Minor Crash,No,2023,,West,,0,,Flat,,,,,,Overcast,278203,1,0,1,2,,,0,,,,,,Auckland Region,Nil,2-way,Sealed,,0,0,,50,,Off,0,0,40,76,Auckland,Nil,,,,,0,0,Urban,0,,,Fine,Null
1753524.4441,5927111.1004,772235,,508210,0,0,0,2,0,North,2024/2025,GLENFIELD ROAD,ROBERTS ROAD,,Non-Injury Crash,No,2024,0,South,0,0,1,Flat,0,,0,,0,Dark,187300,0,0,0,2,0,0,0,0,1,,0,0,Auckland Region,Nil,2-way,Sealed,0,0,0,0,50,0,On,0,0,,76,Auckland,Nil,0,0,0,1,0,0,Urban,0,0,0,Fine,Null
1749903.899,5928292.0037,772250,,509100,0,,0,1,,North,2023/2024,UPPER HARBOUR MOTORWAY,TAUHINU OBR,,Non-Injury Crash,Yes,2024,,South,,0,,Flat,,,,,,Dark,181902,0,0,0,2,,,0,,,,,,Auckland Region,Nil,1-way,Sealed,,0,0,,100,,On,0,0,,76,Auckland,Nil,,,,,0,0,Open,1,,,Fine,Null
1775783.245,5885559.3655,772258,,521132,0,0,0,1,0,South,2023/2024,SOUTHERN MOTORWAY,RAMARAMA OFF RAMP,,Non-Injury Crash,Yes,2024,1,North,0,0,0,Flat,0,,0,,0,Bright sun,814100,0,0,0,2,0,0,0,0,0,,0,0,Auckland Region,Nil,1-way,Sealed,0,0,0,0,100,0,Off,0,0,,76,Auckland,Nil,0,0,0,1,0,0,Open,0,0,0,Fine,Null
1778960.7555,5914021.0568,772259,,523202,0,0,0,1,0,South,2024/2025,WHITFORD MARAETAI ROAD,OKARORO DRIVE,,Non-Injury Crash,No,2024,0,South,0,0,1,Hill Road,0,,0,,0,Bright sun,762501,0,0,0,2,0,0,0,0,0,,0,0,Auckland Region,Nil,2-way,Sealed,0,0,0,0,80,0,None,0,0,,76,Auckland,Nil,0,0,0,0,0,0,Open,0,0,0,Fine,Null
1764892.1598,5914747.9244,772267,,520602,0,0,0,1,0,Null,2024/2025,ELLERSLIE-PANMURE HIGHWAY,LAGOON DRIVE,,Non-Injury Crash,No,2024,0,South,0,0,1,Flat,0,,0,,0,Dark,628400,0,0,0,2,0,0,0,0,0,,0,0,Auckland Region,Nil,2-way,Sealed,0,0,0,0,50,0,On,0,0,30,76,Auckland,Traffic Signals,0,1,0,0,0,0,Urban,0,0,0,Fine,Frost
1769344.4254,5902326.5249,772275,,523814,0,0,0,1,0,North,2024/2025,SOUTHERN MOTORWAY,HILL ROAD-MANUREWA OFF RAMP,,Minor Crash,Yes,2024,0,South,0,0,0,Flat,1,,0,,0,Bright sun,760701,1,0,0,3,0,0,0,0,0,,0,0,Auckland Region,Nil,1-way,Sealed,0,0,0,0,100,0,Off,0,0,,76,Auckland,Nil,0,0,0,0,0,0,Open,0,0,0,Fine,Null
1759775.4166,5912745.3027,772282,,520000,0,,0,2,,Null,2024/2025,GREY STREET,ALFRED STREET,,Non-Injury Crash,No,2025,,East,,0,,Flat,,,,,,Bright sun,605900,0,0,0,2,,,0,,,,,,Auckland Region,Nil,2-way,Sealed,,0,0,,50,,Off,0,0,,76,Auckland,Stop,,,,,0,0,Urban,0,,,Null,None
1747298.3227,5930723.2163,772290,,509000,0,0,0,0,0,South,2024/2025,PAREMOREMO ROAD,MEREWHIRA ROAD,,Non-Injury Crash,No,2025,0,North,0,0,0,Flat,0,,0,,0,Bright sun,179405,0,0,0,2,0,1,0,0,0,,0,0,Auckland Region,Nil,2-way,Sealed,0,0,0,0,60,0,Off,1,0,,76,Auckland,Nil,0,0,0,0,0,0,Urban,0,0,0,Fine,Null
1762925.4967,5907705.5574,772291,,524301,0,,0,2,,South,2023/2024,MASSEY ROAD,TENNESSEE AVENUE,,Non-Injury Crash,No,2023,,South,,0,,Flat,,,,,,Bright sun,747401,0,0,0,2,,,0,,,,,,Auckland Region,Nil,2-way,Sealed,,0,0,,50,,Off,0,0,,76,Auckland,Nil,,,,,0,0,Urban,0,,,Fine,Null
1753951.2709,5969845.4068,772297,55,506631,0,,0,2,,East,2022/2023,MAHURANGI EAST ROAD,JAMES STREET,,Serious Crash,No,2023,,East,,0,,Flat,,,,,,Overcast,139506,0,0,0,2,,,0,,,,,,Auckland Region,Nil,2-way,Sealed,,0,2,,80,,None,0,0,,76,Auckland,Nil,,,,,0,0,Open,0,,,Mist or Fog,Null
1760303.5404,5908163.2889,772306,,524403,0,0,0,2,0,North,2023/2024,AWHINA STREET,CURLEW PLACE,,Non-Injury Crash,No,2023,0,North,0,0,0,Flat,0,,0,,0,Dark,731104,0,0,0,2,0,0,0,0,1,,0,0,Auckland Region,Nil,2-way,Sealed,0,0,0,0,50,0,On,0,0,,76,Auckland,Nil,0,0,0,0,0,0,Urban,0,0,0,Fine,Null
1768016.8152,5904314.2433,772314,,523820,0,0,0,1,0,South,2023/2024,SOUTHERN MOTORWAY,SH 1 OBR,,Non-Injury Crash,Yes,2024,0,South,0,0,0,Flat,0,,0,,0,Twilight,759901,0,0,0,3,0,0,0,0,0,,0,0,Auckland Region,Nil,1-way,Sealed,0,0,0,0,100,0,On,0,0,70,76,Auckland,Nil,0,1,0,0,0,0,Open,0,0,0,Fine,Null
1765453.958,5908970.4445,772315,,523402,0,,0,1,,North,2023/2024,SOUTHERN MOTORWAY,HIGHBROOK OBR,,Minor Crash,Yes,2024,,South,,0,,Flat,,,,,,Bright sun,696900,1,0,0,3,,,0,,,,,,Auckland Region,Nil,1-way,Sealed,,0,0,,100,,Off,0,0,,76,Auckland,Nil,,,,,0,0,Open,1,,,Fine,Null
1761077.7181,5908947.4893,772322,,524404,0,0,0,1,0,Null,2023/2024,HARANIA AVENUE,LACHLAN PLACE,,Non-Injury Crash,No,2024,0,North,0,0,1,Flat,0,,0,,0,Dark,730403,0,0,0,2,0,0,0,0,0,,0,0,Auckland Region,Nil,2-way,Sealed,0,0,0,0,50,0,On,0,0,,76,Auckland,Nil,0,0,0,1,0,0,Urban,0,0,0,Fine,Null
1754950.6231,5923632.1728,772338,,510500,0,0,0,2,1,South,2024/2025,HINEMOA STREET,AWANUI STREET,,Non-Injury Crash,No,2025,0,South,0,0,0,Hill Road,0,,0,,0,Overcast,358300,0,0,0,2,0,0,0,0,0,,0,0,Auckland Region,Nil,2-way,Sealed,0,0,0,0,50,0,Off,0,0,,76,Auckland,Nil,0,0,0,0,0,0,Urban,0,0,0,Fine,Null
1764893.502,5906293.8508,772339,,522201,0,,0,2,,West,2023/2024,OMAGH AVENUE,RANGITOTO ROAD,,Non-Injury Crash,No,2023,,West,,0,,Flat,,,,,,Dark,661900,0,0,0,2,,,0,,,,,,Auckland Region,Nil,2-way,Sealed,,0,0,,50,,None,0,0,,76,Auckland,Nil,,,,,0,0,Urban,0,,,Light rain,None
1757978.9187,5920671.3273,772346,,514103,0,0,0,2,0,North,2025/2026,ANZAC AVENUE,SHORT STREET,,Non-Injury Crash,No,2025,0,North,0,0,1,Hill Road,0,,0,,0,Dark,438402,0,0,0,4,0,0,0,0,0,,0,0,Auckland Region,Nil,2-way,Sealed,0,0,0,0,30,0,On,0,1,,76,Auckland,Nil,0,0,0,0,0,0,Urban,0,0,0,Fine,Null
1756528.5744,5926935.4189,772354,,507900,0,,1,1,,North,2025/2026,NORTHERN MOTORWAY,NORTHCOTE ROAD ON RAMP,,Non-Injury Crash,Yes,2025,,South,,0,,Flat,,,,,,Overcast,303502,0,0,0,4,,,0,,,,,,Auckland Region,Motorway ramp,1-way,Sealed,,0,0,,100,,Off,0,0,,76,Auckland,Nil,,,,,0,0,Open,0,,,Light rain,Null
1765244.9977,5917145.8089,772369,,517001,0,,0,2,,Null,2022/2023,APIRANA AVENUE,OMARU LANE,,Minor Crash,No,2023,,South,,0,,Flat,,,,,,Bright sun,475600,1,0,0,2,,,0,,,,,,Auckland Region,Nil,2-way,Sealed,,0,0,,50,,Off,0,0,,76,Auckland,Nil,,,,,0,0,Urban,0,,,Fine,Null
1768184.8714,5902432.1144,772378,,524602,0,0,0,1,0,Null,2023/2024,GREAT SOUTH ROAD,BROWNS ROAD,,Non-Injury Crash,No,2024,0,South,0,0,0,Hill Road,0,,0,,0,Overcast,780700,0,0,0,4,0,0,0,0,0,,0,0,Auckland Region,Nil,2-way,Sealed,0,0,0,0,50,0,Off,0,0,,76,Auckland,Traffic Signals,0,1,0,0,0,0,Urban,0,0,0,Fine,Null
1766911.0204,5903825.2065,772387,,524604,0,,0,1,,Null,2024/2025,LAMBIE DRIVE OFF RAMP,LAMBIE DRIVE,,Non-Injury Crash,No,2024,,West,,0,,Hill Road,,,,,,Bright sun,780210,0,0,0,3,,,0,,,,,,Auckland Region,Motorway ramp,1-way,Sealed,,0,0,,60,,Off,0,0,,76,Auckland,Traffic Signals,,,,,1,0,Urban,0,,,Fine,Null
1771399.2589,5895211.7153,772410,35,521201,0,0,0,1,0,Null,2024/2025,HINGAIA ROAD,PAPAKURA ON RAMP,,Non-Injury Crash,No,2025,0,West,0,0,0,Flat,0,,0,,0,Dark,806700,0,0,0,1,0,0,0,0,0,,0,0,Auckland Region,Nil,1-way,Sealed,0,0,0,0,50,0,On,0,0,,76,Auckland,Traffic Signals,0,1,0,0,0,0,Urban,0,0,0,Fine,Null
1753263.4638,5920069.9117,772425,,515100,0,0,0,2,0,South,2022/2023,WEST END ROAD,KOTARE AVENUE,,Non-Injury Crash,No,2023,0,South,0,0,0,Hill Road,0,,0,,0,Bright sun,398900,0,0,0,2,0,0,0,0,1,,0,0,Auckland Region,Nil,2-way,Sealed,0,0,0,0,50,0,Off,0,0,,76,Auckland,Nil,0,0,0,0,0,0,Urban,0,0,0,Fine,Null
1756059.9026,5923778.3328,772434,,509800,0,,0,2,,South,2023/2024,NORTHERN MOTORWAY,TOLL PLAZA,,Minor Crash,Yes,2024,,North,,0,,Flat,,,,,,Overcast,358800,1,0,0,3,,,0,,,,,,Auckland Region,Nil,1-way,Sealed,,0,0,,80,,Off,0,0,,76,Auckland,Nil,,,,,0,0,Open,1,,,Fine,Null
1758543.4586,5913320.7403,772442,,519710,0,,0,2,,East,2024/2025,MOUNT SMART ROAD,INKERMAN STREET,,Minor Crash,No,2024,,East,,0,,Flat,,,,,,Bright sun,595400,1,0,0,2,,,0,,,,,,Auckland Region,Nil,2-way,Sealed,,0,0,,50,,Off,0,0,,76,Auckland,Nil,,,,,0,0,Urban,0,,,Fine,Null
1755015.0624,5913729.5397,772481,,518803,0,,0,2,,Null,2022/2023,DOMINION ROAD,DENBIGH AVENUE,,Non-Injury Crash,No,2023,,North,,0,,Flat,,,,,,Bright sun,581700,0,0,0,2,,,0,,,,,,Auckland Region,Nil,2-way,Sealed,,0,0,,50,,Off,0,0,,76,Auckland,Give way,,,,,0,0,Urban,0,,,Fine,Null
1769893.738,5914901.4172,772482,,522711,0,,0,2,,North,2023/2024,BUCKLANDS BEACH ROAD,PAKURANGA ROAD,,Non-Injury Crash,No,2024,,North,,0,,Flat,,,,,,Dark,680801,0,0,0,2,,,0,,,,,,Auckland Region,Nil,2-way,Sealed,,0,0,,50,,On,0,0,,76,Auckland,Nil,,,,,0,0,Urban,0,,,Fine,Null
1767135.8166,5904699.0442,772507,,524604,0,,0,2,,South,2023/2024,SHARKEY STREET,CAVENDISH DRIVE,,Non-Injury Crash,No,2024,,South,,0,,Flat,,,,,,Bright sun,780209,0,0,0,2,,,0,,,,,,Auckland Region,Nil,2-way,Sealed,,0,0,,50,,Off,1,0,,76,Auckland,Nil,,,,,0,0,Urban,0,,,Fine,None
1762436.7144,5913205.7497,772514,,520500,0,,0,2,,South,2024/2025,SOUTHERN MOTORWAY,SOUTH-EASTERN HWY ON RAMP,,Non-Injury Crash,Yes,2024,,North,,0,,Flat,,,,,,Dark,637200,0,0,0,3,,,0,,,,,,Auckland Region,Nil,1-way,Sealed,,0,0,,100,,On,0,0,,76,Auckland,Nil,,,,,0,0,Open,0,,,Fine,Null
1759897.5385,5889732.9857,772529,,521122,0,0,0,1,0,North,2022/2023,MCROBBIE ROAD,SETTLEMENT ROAD,,Non-Injury Crash,No,2023,0,South,0,0,0,Flat,0,,0,,0,Dark,811002,0,0,0,2,0,0,0,0,0,,0,0,Auckland Region,Nil,2-way,Sealed,0,0,0,0,50,1,Off,0,0,,76,Auckland,Nil,0,0,0,0,0,0,Urban,0,0,0,Fine,Null
1731427.9007,5930328.9376,772537,,505601,0,,0,3,,Null,2023/2024,SH 16,WOODHILL PARK ROAD,,Minor Crash,Yes,2024,,West,,0,,Hill Road,,,,,,Overcast,216202,1,0,0,2,,,0,,,,,,Auckland Region,Nil,2-way,Sealed,,0,0,,100,,Off,0,0,,76,Auckland,Stop,,,,,0,0,Open,0,,,Light rain,Null
1770311.608,5898814.8595,772546,,523920,0,0,0,1,0,East,2024/2025,TATUA PLACE,BEAUMARIS WAY,,Non-Injury Crash,No,2025,0,North,0,0,0,Flat,0,,0,,0,Overcast,768008,0,0,0,2,0,0,0,0,1,,0,0,Auckland Region,Nil,2-way,Sealed,0,0,0,0,50,0,Off,1,0,,76,Auckland,Nil,0,0,0,0,0,0,Urban,0,0,0,Fine,Null
1749378.1169,5970438.0328,772547,,505500,0,0,0,1,0,Null,2023/2024,PERCY STREET,ALNWICK STREET,,Non-Injury Crash,No,2024,0,South,0,0,0,Hill Road,0,Easter,1,,0,Overcast,140700,0,0,0,2,0,0,0,0,0,,0,0,Auckland Region,Nil,2-way,Sealed,0,0,0,0,50,0,None,0,0,,76,Auckland,Give way,0,0,0,0,0,0,Urban,0,0,0,Heavy rain,Null
1768358.0613,5904446.0594,772553,,523820,0,,0,1,,Null,2023/2024,REDOUBT ROAD,DIORELLA DRIVE,,Non-Injury Crash,No,2023,,East,,0,,Flat,,,,,,Overcast,759901,0,0,0,3,,,0,,,,,,Auckland Region,Nil,2-way,Sealed,,0,0,,50,,Off,0,0,,76,Auckland,Give way,,,,,0,0,Urban,1,,,Light rain,Null
1756100.5529,5918725.4704,772562,,515500,0,,0,1,,North,2025/2026,NORTH-WESTERN MOTORWAY,NEWTON ROAD OFF RAMP,,Minor Crash,Yes,2025,,North,,0,,Flat,,,,,,Overcast,417600,1,0,1,4,,,0,,,,,,Auckland Region,Nil,1-way,Sealed,,0,0,,80,,Off,0,0,,76,Auckland,Nil,,,,,0,0,Open,0,,,Light rain,Null
1764113.0065,5910403.3934,772586,,521801,0,,0,2,,Null,2024/2025,ATKINSON AVENUE,LUKE STREET,,Non-Injury Crash,No,2024,,South,,0,,Null,,,,,,Overcast,786600,0,0,0,2,,,0,,,,,,Auckland Region,Nil,2-way,Sealed,,0,0,,50,,Null,0,0,,76,Auckland,Stop,,,,,0,0,Urban,0,,,Fine,Null
1755291.4511,5936942.3649,772602,,506902,0,0,0,1,0,North,2024/2025,GLAMORGAN DRIVE,GEOFFREY ROAD,,Non-Injury Crash,No,2024,0,North,0,0,0,Flat,0,,0,,0,Dark,166304,0,0,0,2,0,0,0,0,0,,0,1,Auckland Region,Nil,2-way,Sealed,0,0,0,0,50,0,On,0,0,,76,Auckland,Nil,0,0,0,0,0,0,Urban,0,0,0,Fine,Null