X,Y,OBJECTID,advisorySpeed,areaUnitID,bicycle,bridge,bus,carStationWagon,cliffBank,crashDirectionDescription,crashFinancialYear,crashLocation1,crashLocation2,crashRoadSideRoad,crashSeverity,crashSHDescription,crashYear,debris,directionRoleDescription,ditch,fatalCount,fence,flatHill,guardRail,holiday,houseOrBuilding,intersection,kerb,light,meshblockId,minorInjuryCount,moped,motorcycle,NumberOfLanes,objectThrownOrDropped,otherObject,otherVehicleType,overBank,parkedVehicle,pedestrian,phoneBoxEtc,postOrPole,region,roadCharacter,roadLane,roadSurface,roadworks,schoolBus,seriousInjuryCount,slipOrFlood,speedLimit,strayAnimal,streetLight,suv,taxi,temporarySpeedLimit,tlaId,tlaName,trafficControl,trafficIsland,trafficSign,train,tree,truck,unknownVehicleType,urban,vanOrUtility,vehicle,waterRiver,weatherA,weatherB
1753763.3499,5931904.2961,772610,,508807,0,,0,1,,Null,2024/2025,NORTHERN MOTORWAY,UPPER HARBOUR HIGHWAY,,Non-Injury Crash,Yes,2025,,North,,0,,Null,,,,,,Unknown,180810,0,0,0,3,,,0,,,,,,Auckland Region,Nil,1-way,Null,,0,0,,100,,Null,0,0,,76,Auckland,Nil,,,,,1,0,Open,0,,,Null,Null
1749540.4202,5914145.5665,772619,,511302,0,,0,2,,Null,2022/2023,RATA STREET,RIMU STREET,,Non-Injury Crash,No,2023,,North,,0,,Flat,,,,,,Bright sun,268800,0,0,0,4,,,0,,,,,,Auckland Region,Nil,2-way,Sealed,,0,0,,50,,Off,0,0,,76,Auckland,Traffic Signals,,,,,0,0,Urban,0,,,Fine,None
1770471.1746,5904576.6214,772625,,523820,0,,0,2,,Null,2022/2023,MURPHYS ROAD,REDOUBT ROAD,,Non-Injury Crash,No,2023,,South,,0,,Hill Road,,,,,,Bright sun,760000,0,0,0,2,,,0,,,,,,Auckland Region,Nil,2-way,Sealed,,0,0,,60,,Off,0,0,30,76,Auckland,Stop,,,,,0,0,Urban,0,,,Fine,Null
1756469.9095,5927747.0175,772634,,507900,0,,0,2,,South,2024/2025,TAHAROTO ROAD,SHAKESPEARE ROAD,,Non-Injury Crash,No,2025,,North,,0,,Flat,,,,,,Dark,305202,0,0,0,4,,,0,,,,,,Auckland Region,Nil,2-way,Sealed,,0,0,,50,,On,0,0,,76,Auckland,Nil,,,,,0,0,Urban,0,,,Light rain,Null
1757979.6628,5919824.9712,772635,,514301,0,,0,2,,Null,2023/2024,STANLEY STREET OFF RAMP,LOWER DOMAIN DRIVE,,Non-Injury Crash,No,2024,,South,,0,,Flat,,,,,,Bright sun,440300,0,0,0,1,,,0,,,,,,Auckland Region,Nil,1-way,Sealed,,0,0,,50,,Off,0,0,,76,Auckland,Give way,,,,,0,0,Urban,0,,,Fine,Null
1762104.971,5905992.9377,772666,,524200,0,,0,1,,West,2025/2026,TIDAL ROAD,WAOKAURI PLACE,,Non-Injury Crash,No,2025,,East,,0,,Hill Road,,,,,,Bright sun,728900,0,0,0,2,,,0,,,,,,Auckland Region,Nil,2-way,Sealed,,0,0,,50,,Off,0,0,,76,Auckland,Nil,,,,,1,0,Urban,0,,,Fine,Null
1761521.844,5907627.3437,772667,,524520,0,0,0,1,0,South,2023/2024,WICKMAN WAY,GARUS AVENUE,,Non-Injury Crash,No,2023,0,East,0,0,0,Flat,0,,0,,0,Bright sun,734300,0,0,0,2,0,0,0,0,1,,0,0,Auckland Region,Nil,2-way,Sealed,0,0,0,0,50,0,Off,0,0,,76,Auckland,Nil,0,0,0,0,0,0,Urban,1,0,0,Fine,Null
1764777.9894,5914879.0153,772682,,520301,0,,0,1,,Null,2023/2024,QUINLAN STREET,MOUNTWELL CRESCENT,,Minor Crash,No,2023,,South,,0,,Flat,,,,,,Twilight,628203,1,0,0,2,,,0,,,,,,Auckland Region,Nil,2-way,Sealed,,0,0,,50,,Off,0,0,,76,Auckland,Give way,,,,,0,0,Urban,1,,,Fine,Null
1772860.4478,5900655.8472,772689,,523813,0,,0,1,,North,2025/2026,MILL ROAD,POPES ROAD,,Non-Injury Crash,No,2025,,South,,0,,Null,,,,,,Unknown,761000,0,0,0,2,,,0,,,,,,Auckland Region,Nil,2-way,Sealed,,0,0,,80,,Null,0,0,,76,Auckland,Nil,,,,,0,0,Open,0,,,Null,Strong wind
1765435.7938,5901964.6282,772698,,524604,0,,0,2,,Null,2023/2024,ROSCOMMON ROAD,BOLDERWOOD PLACE,,Serious Crash,No,2023,,South,,0,,Hill Road,,,,,,Dark,781302,0,0,0,2,,,0,,,,,,Auckland Region,Nil,1-way,Sealed,,0,1,,60,,On,0,0,,76,Auckland,Give way,,,,,0,0,Urban,0,,,Fine,Null
1752662.633,5914058.8095,772705,,514500,0,,0,2,,Null,2024/2025,MAIORO STREET,NEW WINDSOR ROAD,,Non-Injury Crash,No,2025,,West,,0,,Hill Road,,,,,,Bright sun,376500,0,0,0,4,,,0,,,,,,Auckland Region,Nil,2-way,Sealed,,0,0,,50,,Off,0,0,,76,Auckland,Traffic Signals,,,,,0,0,Urban,0,,,Fine,Null
1745005.9951,5914067.9695,772706,,512905,0,0,0,2,0,South,2023/2024,WEST COAST ROAD,PARRS CROSS ROAD,,Minor Crash,No,2024,0,East,0,0,1,Flat,0,,0,,0,Dark,278906,1,0,0,2,0,0,0,0,0,,0,0,Auckland Region,Nil,2-way,Sealed,0,0,0,0,50,0,On,0,0,,76,Auckland,Nil,0,0,0,0,0,0,Urban,0,0,0,Fine,Null
1763982.7947,5912050.7796,772713,,520500,0,0,0,1,0,Null,2024/2025,MOUNT WELLINGTON HIGHWAY,VESTEY DRIVE,,Non-Injury Crash,No,2025,0,North,0,0,0,Flat,0,,0,,1,Bright sun,637900,0,0,0,3,0,0,0,0,0,,0,0,Auckland Region,Nil,1-way,Sealed,0,0,0,0,50,0,Off,0,0,,76,Auckland,Give way,0,0,0,0,1,0,Urban,0,0,0,Fine,Null
1766693.0769,5905172.4729,772736,,524603,0,0,0,2,0,East,2023/2024,IHAKA PLACE,LAMBIE DRIVE,,Minor Crash,No,2023,0,North,0,0,0,Flat,0,,0,,0,Bright sun,780205,1,0,0,1,0,0,0,0,1,,0,1,Auckland Region,Nil,1-way,Sealed,0,0,0,0,50,0,None,0,0,,76,Auckland,Nil,0,0,0,0,0,0,Urban,0,0,0,Fine,Null
1770835.9228,5878331.7947,772738,,521116,0,0,0,1,0,Null,2023/2024,BUCKLAND ROAD,GEORGE CRESCENT,,Non-Injury Crash,No,2023,0,South,1,0,0,Flat,0,,0,,0,Dark,824402,0,0,0,2,0,0,0,0,0,,0,0,Auckland Region,Nil,2-way,Sealed,0,0,0,0,50,0,On,0,0,,76,Auckland,Stop,0,0,0,1,0,0,Urban,0,0,0,Fine,Null
1756977.3911,5927209.1345,772746,,507900,0,,0,0,,Null,2023/2024,TAHAROTO ROAD,KARAKA STREET,,Minor Crash,No,2023,,North,,0,,Flat,,,,,,Dark,304800,1,0,0,5,,,0,,,,,,Auckland Region,Nil,2-way,Sealed,,0,0,,50,,On,1,0,,76,Auckland,Traffic Signals,,,,,0,0,Urban,1,,,Fine,Null
1767788.1815,5904316.7933,772760,,524604,0,,0,3,,Null,2022/2023,GREAT SOUTH ROAD,REDOUBT ROAD,,Non-Injury Crash,No,2023,,South,,0,,Flat,,Queens Birthday,,,,Dark,780302,0,0,0,2,,,0,,,,,,Auckland Region,Nil,1-way,Sealed,,0,0,,60,,On,1,0,,76,Auckland,Traffic Signals,,,,,0,0,Urban,0,,,Fine,Null
1751970.4356,5915536.9332,772769,,517901,0,0,0,1,0,South,2024/2025,NEW NORTH ROAD,SH 20,,Non-Injury Crash,No,2024,0,North,0,0,1,Flat,0,,0,,0,Bright sun,523800,0,0,0,2,0,0,0,0,0,,0,0,Auckland Region,Nil,2-way,Sealed,0,0,0,0,50,0,Off,0,0,,76,Auckland,Nil,0,0,0,0,0,0,Urban,0,0,0,Fine,Null
1755758.8816,5945102.0852,772770,,505908,0,,0,1,,West,2023/2024,BRIGHTSIDE ROAD,GLANVILLE CLOSE,,Minor Crash,No,2023,,North,,0,,Flat,,,,,,Bright sun,173713,1,0,0,2,,,0,,,1,,,Auckland Region,Nil,2-way,Sealed,,0,0,,50,,Off,0,0,,76,Auckland,Nil,,,,,0,0,Urban,0,,,Fine,Null
1770952.955,5880964.8898,772786,,521111,0,0,0,0,0,North,2023/2024,GOLDING ROAD,ROYAL DOULTON DRIVE,,Non-Injury Crash,No,2024,0,North,1,0,0,Hill Road,0,,0,,0,Overcast,827003,0,0,0,2,0,0,0,0,0,,0,0,Auckland Region,Nil,2-way,Sealed,0,0,0,0,80,0,Off,0,0,,76,Auckland,Nil,0,0,0,1,1,0,Open,0,0,0,Light rain,Null
1749538.974,5914146.0773,772793,,511302,0,,0,1,,Null,2024/2025,RATA STREET,RIMU STREET,,Non-Injury Crash,No,2025,,North,,0,,Flat,,,,,,Bright sun,268800,0,0,0,4,,,0,,,,,,Auckland Region,Nil,2-way,Sealed,,0,0,,50,,Off,0,0,,76,Auckland,Traffic Signals,,,,,0,0,Urban,1,,,Fine,Null
1748772.1249,5945462.4897,772801,45,505806,0,,0,2,,Null,2025/2026,SILVERDALE OFF RAMP,HIBISCUS COAST HIGHWAY,,Non-Injury Crash,No,2025,,South,,0,,Flat,,,,,,Dark,176604,0,0,0,1,,,0,,,,,,Auckland Region,Motorway ramp,2-way,Sealed,,0,0,,60,,On,0,0,,76,Auckland,Give way,,,,,0,0,Urban,0,,,Fine,Null
1753280.4713,5914837.1726,772809,,518801,0,0,0,1,0,East,2025/2026,STODDARD ROAD,RICHARDSON ROAD,,Non-Injury Crash,No,2025,0,East,0,0,0,Null,0,Christmas New Year,0,,0,Overcast,578400,0,0,0,2,0,0,0,0,1,,0,0,Auckland Region,Nil,2-way,Sealed,0,0,0,0,50,0,Null,0,0,,76,Auckland,Nil,0,0,0,0,0,0,Urban,1,0,0,Fine,Null
1764563.0403,5912510.9563,772817,,520500,0,,0,0,,South,2025/2026,CARBINE ROAD,CLEMOW DRIVE,,Non-Injury Crash,No,2025,,South,,0,,Flat,,,,,,Overcast,639100,0,0,0,3,,,0,,,,,,Auckland Region,Nil,2-way,Sealed,,0,0,,50,,Off,0,0,,76,Auckland,Nil,,,,,0,0,Urban,2,,,Fine,Strong wind
1764424.1897,5909858.4329,772818,,521802,0,0,0,1,0,South,2022/2023,CHURCH STREET,AVENUE ROAD,,Non-Injury Crash,No,2023,0,North,0,0,0,Flat,0,,0,,0,Dark,787900,0,0,0,2,0,0,0,0,1,,0,0,Auckland Region,Nil,2-way,Sealed,0,0,0,0,50,0,On,0,0,,76,Auckland,Nil,0,0,0,0,0,1,Urban,0,0,0,Fine,None
1772155.8039,5899215.142,772825,,523912,0,0,0,1,0,East,2025/2026,AIRFIELD ROAD,TAKAHE AVENUE,,Minor Crash,No,2025,0,East,0,0,0,Flat,0,,0,,1,Bright sun,765401,1,0,0,2,0,0,0,0,0,,0,1,Auckland Region,Nil,2-way,Sealed,0,0,0,0,50,0,Off,0,0,,76,Auckland,Nil,0,0,0,0,0,0,Urban,0,0,0,Fine,Null
1753760.3582,5926252.7459,772850,,508220,0,0,0,1,0,South,2024/2025,GLENFIELD ROAD,SPEEDY CRESCENT,,Non-Injury Crash,No,2025,0,North,0,0,0,Flat,0,,0,,0,Overcast,189400,0,0,0,2,0,0,0,0,0,,0,1,Auckland Region,Nil,2-way,Sealed,0,0,0,0,50,0,Off,0,0,,76,Auckland,Nil,0,0,0,0,0,0,Urban,0,0,0,Light rain,Null
1772252.6649,5905832.7244,772857,,523713,0,0,0,4,0,Null,2024/2025,MOREPORK STREET,FLAT BUSH SCHOOL ROAD,,Non-Injury Crash,No,2024,0,West,0,0,0,Flat,0,,0,,0,Dark,713400,0,0,0,2,0,0,0,0,1,,0,0,Auckland Region,Nil,2-way,Sealed,0,0,0,0,50,0,On,0,0,,76,Auckland,Give way,0,0,0,0,0,0,Urban,0,0,0,Fine,Null
1767956.5768,5908182.8411,772858,,523502,0,0,0,1,0,South,2024/2025,BLAMPIED ROAD,LEONARD PLACE,,Non-Injury Crash,No,2024,0,South,0,0,0,Flat,0,,0,,0,Dark,703700,0,0,0,2,0,0,0,0,1,,0,0,Auckland Region,Nil,2-way,Sealed,0,0,0,0,30,0,None,0,0,10,76,Auckland,Nil,0,0,0,0,0,0,Urban,1,0,0,Fine,Null
1768452.3898,5903345.9727,772866,,524602,0,,0,4,,South,2024/2025,SOUTHERN MOTORWAY,AIRPORT OFF RAMP,,Non-Injury Crash,Yes,2024,,North,,0,,Flat,,,,,,Bright sun,780506,0,0,0,3,,,0,,,,,,Auckland Region,Nil,1-way,Sealed,,0,0,,100,,Off,1,0,,76,Auckland,Nil,,,,,0,0,Open,0,,,Fine,Null
1777837.5062,5901535.4631,772905,,525201,0,0,0,1,0,West,2024/2025,CLEVEDON-TAKANINI ROAD,PARISH LINE ROAD,,Non-Injury Crash,No,2024,0,West,0,0,0,Flat,0,,0,,0,Dark,762302,0,0,0,2,0,0,0,0,0,,0,1,Auckland Region,Nil,2-way,Sealed,0,0,0,0,80,0,Null,0,0,,76,Auckland,Nil,0,0,0,0,0,0,Open,0,0,0,Fine,Null
1766098.1507,5903803.5032,772930,,524604,0,0,0,1,0,West,2024/2025,SOUTH-WESTERN MOTORWAY,PLUNKET OBR,,Non-Injury Crash,Yes,2025,0,East,0,0,0,Flat,1,Christmas New Year,0,,0,Overcast,780208,0,0,0,2,0,0,0,0,0,,0,0,Auckland Region,Nil,1-way,Sealed,0,0,0,0,100,0,On,0,0,,76,Auckland,Nil,0,0,0,0,0,1,Open,0,0,0,Fine,Null
1759245.1666,5915521.8219,772937,,519300,0,,0,2,,East,2024/2025,GREEN LANE WEST,POHUTUKAWA DRIVE,,Non-Injury Crash,No,2024,,West,,0,,Flat,,,,,,Bright sun,623400,0,0,0,4,,,0,,,,,,Auckland Region,Nil,2-way,Sealed,,0,0,,50,,Off,1,0,,76,Auckland,Nil,,,,,0,0,Urban,0,,,Fine,Null
1754681.0393,5912585.9417,772938,,518803,0,,0,1,,North,2023/2024,DOMINION ROAD,RICHARDSON ROAD,,Minor Crash,No,2024,,South,,0,,Flat,,,,,,Overcast,583600,1,1,0,3,,,0,,,,,,Auckland Region,Nil,2-way,Sealed,,0,0,,50,,Off,0,0,,76,Auckland,Nil,,,,,0,0,Urban,0,,,Fine,Null
1761078.2464,5914368.7949,772946,,520202,0,,0,1,,Null,2023/2024,ELLERSLIE-PANMURE HIGHWAY,GREAT SOUTH ROAD,,Non-Injury Crash,No,2024,,East,,0,,Hill Road,,,,,,Bright sun,612200,0,0,0,2,,,0,,,,,,Auckland Region,Nil,1-way,Sealed,,0,0,,50,,Off,0,0,,76,Auckland,Give way,,,,,0,0,Urban,0,,,Fine,Null
1768867.1719,5900882.4689,772961,,525001,0,,0,2,,North,2024/2025,GREAT SOUTH ROAD,WEYMOUTH ROAD,,Minor Crash,No,2025,,North,,0,,Flat,,Easter,,,,Dark,751600,1,0,0,2,,,0,,,,,,Auckland Region,Nil,2-way,Sealed,,0,0,,50,,On,0,0,40,76,Auckland,Give way,,,,,0,0,Urban,0,,,Light rain,Strong wind
1764119.5522,5907012.8227,772970,,522201,0,,0,0,,South,2023/2024,SWAFFIELD ROAD,MIDDLEMORE CRESCENT,,Serious Crash,No,2024,,North,,0,,Flat,,,,,,Overcast,660800,0,0,0,2,,,0,,,1,,,Auckland Region,Nil,2-way,Sealed,,0,1,,50,,Off,1,0,,76,Auckland,Nil,,,,,0,0,Urban,0,,,Fine,Null
1772604.1394,5896901.4304,772984,,525420,0,,0,1,,Null,2022/2023,SUBWAY ROAD,PORCHESTER ROAD,,Minor Crash,No,2023,,North,,0,,Flat,,,,,,Bright sun,792601,1,0,0,3,,,0,,,1,,,Auckland Region,Underpass,2-way,Sealed,,0,0,,50,,Off,0,0,,76,Auckland,Traffic Signals,,,,,0,0,Urban,0,,,Fine,Null
1771753.9469,5895206.2768,772985,,525530,0,,0,1,,Null,2024/2025,BEACH ROAD,ELLIOT STREET,,Non-Injury Crash,No,2024,,East,,0,,Flat,,,,,,Overcast,804901,0,0,0,2,,,0,,,,,,Auckland Region,Nil,1-way,Sealed,,0,0,,50,,Off,1,0,,76,Auckland,Traffic Signals,,,,,0,0,Urban,0,,,Fine,None
1755036.1364,5929214.697,772994,,508420,0,,0,2,,Null,2023/2024,WAIRAU ROAD,TARGET ROAD,,Non-Injury Crash,No,2023,,South,,0,,Hill Road,,,,,,Dark,183700,0,0,0,5,,,0,,,,,,Auckland Region,Nil,2-way,Sealed,,0,0,,50,,On,0,0,,76,Auckland,Traffic Signals,,,,,0,0,Urban,0,,,Fine,Null
1771785.4669,5897913.753,773000,,523912,0,0,0,1,0,West,2022/2023,WALTERS ROAD,RAIL XING,,Minor Crash,No,2023,0,East,0,0,1,Flat,0,,0,,0,Dark,765700,1,0,0,2,0,0,0,0,0,,0,0,Auckland Region,Rail xing,2-way,Sealed,0,0,0,0,50,0,On,0,0,,76,Auckland,Nil,0,0,1,0,0,0,Urban,0,0,0,Fine,Null
1763096.5446,5917238.9837,773001,,516302,0,,0,1,,North,2024/2025,GERARD WAY,NORMAN LESSER DRIVE,,Non-Injury Crash,No,2024,,North,,0,,Null,,,,,,Bright sun,462809,0,0,0,2,,,0,,,,,,Auckland Region,Nil,2-way,Sealed,,0,0,,50,,Null,0,0,,76,Auckland,Nil,,,,,0,1,Urban,0,,,Fine,Null
1745395.5002,5920376.5149,773026,,513301,0,,0,1,,Null,2024/2025,LINCOLN ROAD,CENTRAL PARK DRIVE,,Non-Injury Crash,No,2024,,South,,0,,Null,,,,,,Bright sun,230301,0,0,0,1,,,0,,,,,,Auckland Region,Nil,1-way,Sealed,,0,0,,50,,Null,0,0,,76,Auckland,Give way,,,,,0,0,Urban,1,,,Fine,Null
1758041.9493,5916622.0898,773058,35,515700,0,0,0,1,0,East,2022/2023,EPSOM AVENUE,MANUKAU ROAD,,Non-Injury Crash,No,2023,0,East,0,0,0,Flat,0,,0,,0,Unknown,458200,0,0,0,2,0,0,0,0,1,,0,0,Auckland Region,Nil,2-way,Sealed,0,0,0,0,50,0,Null,0,0,,76,Auckland,Nil,0,0,0,0,0,1,Urban,0,0,0,Null,None
1755692.5289,5923908.3904,773073,,509800,0,0,0,1,0,East,2025/2026,BARTLEY STREET,QUEEN STREET,,Non-Injury Crash,No,2025,0,South,0,0,0,Null,0,,0,,0,Dark,358700,0,0,0,2,0,0,0,0,1,,0,0,Auckland Region,Nil,2-way,Sealed,0,0,0,0,50,0,Null,0,0,,76,Auckland,Nil,0,0,0,0,0,1,Urban,0,0,0,Fine,Null
1752610.1551,5918070.6307,773096,,515002,0,,0,2,,East,2022/2023,NORTH-WESTERN MOTORWAY,CARRINGTON OBR,,Minor Crash,Yes,2023,,East,,0,,Flat,,,,,,Bright sun,390701,1,0,1,5,,,0,,,,,,Auckland Region,Nil,1-way,Sealed,,0,0,,100,,Off,0,0,,76,Auckland,Nil,,,,,0,0,Open,0,,,Fine,Null
1772065.1077,5915641.1583,773105,,521501,0,,0,0,,South,2024/2025,MELLONS BAY ROAD,PAISLEY STREET,,Serious Crash,No,2025,,South,,0,,Flat,,,,,,Bright sun,650800,1,0,1,2,,,0,,,1,,,Auckland Region,Nil,2-way,Sealed,,0,1,,30,,None,0,0,,76,Auckland,Nil,,,,,0,0,Urban,0,,,Fine,Null
1769171.8434,5905151.8321,773114,,523721,0,,0,1,,Null,2024/2025,ASPIRING AVENUE,MATTHEWS ROAD,,Minor Crash,No,2024,,West,,0,,Hill Road,,,,,,Overcast,715609,1,0,0,2,,,0,,,,,,Auckland Region,Nil,2-way,Sealed,,0,0,,50,,Off,1,0,,76,Auckland,Give way,,,,,0,0,Urban,0,,,Fine,Null
1753818.4335,5918261.0211,773120,,515003,0,,0,2,,Null,2023/2024,ST LUKES ROAD,ST LUKES ROAD OFF RAMP,,Minor Crash,No,2023,,South,,0,,Hill Road,,,,,,Dark,390502,1,0,0,4,,,0,,,,,,Auckland Region,Motorway ramp,2-way,Sealed,,0,0,,50,,On,0,0,,76,Auckland,Traffic Signals,,,,,0,0,Urban,0,,,Heavy rain,Null
1767643.0655,5913528.1471,773128,,522910,0,,0,2,,Null,2022/2023,PAKURANGA ROAD,GREENHILL CRESCENT,,Non-Injury Crash,No,2023,,West,,0,,Flat,,,,,,Bright sun,685500,0,0,0,6,,,0,,,,,,Auckland Region,Nil,2-way,Sealed,,0,0,,60,,Off,0,0,,76,Auckland,Give way,,,,,0,0,Urban,1,,,Fine,Null
1769431.6734,5880493.8122,773129,,525922,0,0,0,1,0,North,2023/2024,MANUKAU ROAD,GLASGOW ROAD,,Non-Injury Crash,No,2023,0,North,0,0,0,Flat,0,,0,,0,Bright sun,823300,0,0,0,2,0,0,0,0,1,,0,0,Auckland Region,Nil,2-way,Sealed,0,0,0,0,50,0,Off,0,0,,76,Auckland,Nil,0,0,0,0,1,0,Urban,0,0,0,Fine,Null
1762232.3694,5913559.7558,773144,,520500,0,,0,1,,South,2022/2023,SOUTHERN MOTORWAY,PENROSE OBR,,Non-Injury Crash,Yes,2023,,North,,0,,Flat,,,,,,Bright sun,637100,0,0,0,3,,,0,,,,,,Auckland Region,Nil,1-way,Sealed,,0,0,,100,,Off,1,0,,76,Auckland,Nil,,,,,0,0,Open,0,,,Fine,Null
1744313.3052,5919715.1034,773154,,513301,0,,0,1,,East,2024/2025,UNIVERSAL DRIVE,UNIVERSAL DRIVE,,Serious Crash,No,2024,,West,,0,,Flat,,,,,,Bright sun,233900,0,0,1,1,,,0,,,,,,Auckland Region,Nil,1-way,Sealed,,0,1,,50,,Off,0,0,,76,Auckland,Nil,,,,,0,0,Urban,0,,,Fine,Null
1755150.4933,5914207.7888,773169,,518803,1,,0,1,,South,2023/2024,DOMINION ROAD,MOUNT ALBERT ROAD,,Non-Injury Crash,No,2023,,Null,,0,,Flat,,,,,,Bright sun,580700,0,0,0,2,,,0,,,,,,Auckland Region,Nil,2-way,Sealed,,0,0,,50,,Off,0,0,,76,Auckland,Nil,,,,,0,0,Urban,0,,,Fine,Null
1756688.5638,5919905.3231,773194,,514102,0,,0,1,,Null,2024/2025,UNION STREET,NELSON STREET OFF RAMP,,Non-Injury Crash,No,2024,,West,,0,,Flat,,,,,,Dark,435500,0,0,0,7,,,0,,,,,,Auckland Region,Nil,2-way,Sealed,,0,0,,30,,On,0,0,,76,Auckland,Unknown,,,,,0,0,Urban,1,,,Fine,Null
1756908.2335,5919163.0868,773201,,514200,0,,0,2,,Null,2023/2024,UPPER QUEEN STREET,IAN MCKINNON DRIVE,,Non-Injury Crash,No,2023,,South,,0,,Flat,,,,,,Overcast,412900,0,0,0,4,,,0,,,,,,Auckland Region,Nil,2-way,Sealed,,0,0,,50,,None,0,0,,76,Auckland,Traffic Signals,,,,,0,0,Urban,0,,,Heavy rain,Null
1770719.625,5900616.196,773218,,523817,0,,0,2,,Null,2024/2025,HYPERION DRIVE,NEARCO STREET,,Minor Crash,No,2025,,East,,0,,Hill Road,,,,,,Overcast,759719,2,0,0,2,,,0,,,,,,Auckland Region,Nil,2-way,Sealed,,0,0,,50,,Off,0,0,,76,Auckland,Give way,,,,,0,0,Urban,0,,,Mist or Fog,Null
1755199.2145,5914386.0758,773234,,518500,0,0,0,1,0,South,2023/2024,DOMINION ROAD,KEYSTONE AVENUE,,Non-Injury Crash,No,2023,0,South,0,0,0,Flat,0,,0,,0,Bright sun,560900,0,0,0,4,0,0,0,0,0,,0,0,Auckland Region,Nil,2-way,Sealed,0,0,0,0,50,0,Off,0,0,,76,Auckland,Nil,1,0,0,0,0,1,Urban,0,0,0,Fine,None
1737790.3404,5982795.4746,773242,,506660,0,0,0,0,0,North,2024/2025,WORTHINGTON ROAD,MATHESON ROAD,,Minor Crash,No,2025,0,South,0,0,1,Hill Road,0,,0,,0,Bright sun,136301,1,0,0,2,0,0,0,0,0,,0,0,Auckland Region,Nil,2-way,Unsealed,0,0,0,0,100,0,None,0,0,,76,Auckland,Nil,0,0,0,0,0,0,Open,1,0,0,Fine,Null
1750160.9372,5933928.944,773257,,509000,0,0,0,0,0,East,2023/2024,THE AVENUE,HOBSON ROAD,,Non-Injury Crash,No,2024,0,North,0,0,0,Hill Road,0,,0,,0,Overcast,179303,0,0,0,2,0,0,0,0,1,,0,0,Auckland Region,Nil,2-way,Sealed,0,0,0,0,50,0,Off,1,0,,76,Auckland,Nil,0,0,0,0,1,0,Urban,0,0,0,Light rain,Null
1768547.0722,5901241.924,773281,,525001,0,,0,1,,Null,2024/2025,NORTHCREST WAY,GREAT SOUTH ROAD,,Minor Crash,No,2024,,South,,0,,Flat,,,,,,Twilight,751500,1,0,0,2,,,0,,,1,,,Auckland Region,Nil,2-way,Sealed,,0,0,,50,,On,0,0,,76,Auckland,Give way,,,,,0,0,Urban,0,,,Fine,Null
1752489.6114,5914989.1158,773312,,514500,0,,0,2,,South,2022/2023,SH 20,NEW NORTH ROAD,,Serious Crash,Yes,2023,,North,,0,,Flat,,,,,,Bright sun,377800,0,0,1,3,,,0,,,,,,Auckland Region,Nil,1-way,Sealed,,0,1,,80,,Off,0,0,,76,Auckland,Traffic Signals,,,,,0,0,Open,0,,,Fine,Null
1751159.1172,5915482.6129,773313,35,514401,0,,0,2,,Null,2023/2024,ROSEBANK ROAD,GREAT NORTH ROAD,,Non-Injury Crash,No,2024,,East,,0,,Hill Road,,,,,,Bright sun,381802,0,0,0,2,,,0,,,,,,Auckland Region,Nil,2-way,Sealed,,0,0,,50,,Off,0,0,,76,Auckland,Traffic Signals,,,,,0,0,Urban,0,,,Fine,None
1758025.1141,5920269.4515,773321,15,514103,0,,0,2,,Null,2023/2024,ALTEN ROAD,ANZAC AVENUE,,Non-Injury Crash,No,2023,,South,,0,,Flat,,,,,,Overcast,438203,0,0,0,3,,,0,,,,,,Auckland Region,Nil,2-way,Unsealed,,0,0,,30,,Null,0,0,,76,Auckland,Traffic Signals,,,,,0,0,Urban,0,,,Null,None
1759635.103,5916285.7342,773322,,516002,0,,0,3,,North,2024/2025,SOUTHERN MOTORWAY,GREEN LANE EAST OFF RAMP,,Non-Injury Crash,Yes,2024,,South,,0,,Flat,,,,,,Dark,492000,0,0,0,3,,,0,,,,,,Auckland Region,Nil,1-way,Sealed,,0,0,,100,,On,0,0,,76,Auckland,Nil,,,,,0,0,Open,0,,,Fine,Null
1757279.9311,5921126.5254,773329,,514101,0,,0,2,,Null,2024/2025,LOWER HOBSON STREET,QUAY STREET,,Non-Injury Crash,No,2024,,North,,0,,Null,,,,,,Dark,433001,0,0,0,2,,,0,,,,,,Auckland Region,Nil,1-way,Sealed,,0,0,,30,,On,0,0,,76,Auckland,Traffic Signals,,,,,0,0,Urban,0,,,Fine,Null
1745463.2217,5916802.2283,773330,,510800,0,0,0,2,0,West,2023/2024,DORA STREET,CATHERINE STREET,,Non-Injury Crash,No,2024,0,North,0,0,0,Flat,0,,0,,0,Bright sun,243100,0,0,0,2,0,0,0,0,1,,0,0,Auckland Region,Nil,2-way,Sealed,0,0,0,0,50,0,Off,0,0,,76,Auckland,Nil,0,0,0,0,0,0,Urban,0,0,0,Fine,Null