X,Y,OBJECTID,advisorySpeed,areaUnitID,bicycle,bridge,bus,carStationWagon,cliffBank,crashDirectionDescription,crashFinancialYear,crashLocation1,crashLocation2,crashRoadSideRoad,crashSeverity,crashSHDescription,crashYear,debris,directionRoleDescription,ditch,fatalCount,fence,flatHill,guardRail,holiday,houseOrBuilding,intersection,kerb,light,meshblockId,minorInjuryCount,moped,motorcycle,NumberOfLanes,objectThrownOrDropped,otherObject,otherVehicleType,overBank,parkedVehicle,pedestrian,phoneBoxEtc,postOrPole,region,roadCharacter,roadLane,roadSurface,roadworks,schoolBus,seriousInjuryCount,slipOrFlood,speedLimit,strayAnimal,streetLight,suv,taxi,temporarySpeedLimit,tlaId,tlaName,trafficControl,trafficIsland,trafficSign,train,tree,truck,unknownVehicleType,urban,vanOrUtility,vehicle,waterRiver,weatherA,weatherB
1768062.2468,5913757.5607,773345,,522810,0,0,0,2,0,East,2023/2024,PAKURANGA ROAD,GLENMORE ROAD,,Non-Injury Crash,No,2024,0,East,0,0,0,Hill Road,0,,0,,0,Dark,691104,0,0,0,2,0,0,0,0,1,,0,0,Auckland Region,Nil,1-way,Sealed,0,0,0,0,50,0,On,0,0,,76,Auckland,Nil,0,0,0,0,0,0,Urban,0,0,0,Light rain,Strong wind
1770238.4134,5914907.7362,773361,,521601,0,,0,1,,South,2024/2025,HUTCHINSONS ROAD,DELL WAY,,Minor Crash,No,2025,,North,,0,,Hill Road,,,,,,Bright sun,645200,1,0,0,2,,,0,,,,,,Auckland Region,Nil,2-way,Sealed,,0,0,,50,,Off,1,0,40,76,Auckland,Nil,,,,,0,0,Urban,0,,,Fine,Null
1768761.6883,5900984.2726,773385,,524901,0,0,0,1,0,North,2023/2024,GREAT SOUTH ROAD,HALVER ROAD,,Non-Injury Crash,No,2023,0,North,0,0,0,Flat,0,,0,,0,Dark,757100,0,0,0,2,0,0,0,0,1,,0,0,Auckland Region,Nil,2-way,Sealed,0,0,0,0,50,0,Null,0,0,,76,Auckland,Nil,0,0,0,0,0,1,Urban,0,0,0,Fine,None
1751736.2892,5946842.0196,773409,,506001,0,,0,1,,East,2023/2024,WHANGAPARAOA ROAD,TAWHANA CRESCENT,,Non-Injury Crash,No,2024,,East,,0,,Hill Road,,,,,,Dark,175501,0,0,0,2,,,0,,,,,,Auckland Region,Nil,2-way,Sealed,,0,0,,50,,On,1,0,,76,Auckland,Nil,,,,,0,0,Urban,0,,,Fine,Null
1739024.0165,5928750.8449,773433,,505602,0,,0,1,,East,2024/2025,MAIN ROAD,ACCESS ROAD,,Minor Crash,Yes,2024,,West,,0,,Flat,,,,,,Bright sun,215000,1,0,0,5,,,0,,,,,,Auckland Region,Nil,2-way,Sealed,,0,0,,50,,Off,0,0,,76,Auckland,Nil,,,,,0,0,Urban,1,,,Fine,Null
1771199.7451,5897551.2229,773434,,523912,0,0,0,1,0,North,2023/2024,LONGFORD PARK DRIVE,MOSS CRESCENT,,Non-Injury Crash,No,2024,0,North,0,0,0,Flat,0,,0,,0,Bright sun,767810,0,0,0,0,0,0,0,0,1,,0,0,Auckland Region,Nil,2-way,Sealed,0,0,0,0,50,0,Off,1,0,,76,Auckland,Nil,0,0,0,0,0,0,Urban,0,0,0,Fine,Null
1757547.4915,5913052.0049,773442,,518702,1,,0,1,,Null,2024/2025,PAH ROAD,TRAFALGAR STREET,,Minor Crash,No,2024,,South,,0,,Hill Road,,,,,,Bright sun,567900,1,0,0,3,,,0,,,,,,Auckland Region,Nil,2-way,Sealed,,0,0,,50,,Off,0,0,,76,Auckland,Traffic Signals,,,,,0,0,Urban,0,,,Fine,Null
1727351.7618,5981606.8022,773457,,506613,0,0,0,1,1,South,2024/2025,PAH HILL ROAD,BEAVER ROAD,,Fatal Crash,No,2024,0,West,0,1,0,Hill Road,0,Christmas New Year,0,,0,Dark,144900,0,0,0,2,0,0,0,0,0,,0,0,Auckland Region,Nil,2-way,Unsealed,0,0,0,0,100,0,None,0,0,,76,Auckland,Nil,0,0,0,1,0,0,Open,0,0,0,Fine,Null
1768078.5911,5900491.9212,773458,,525101,0,,0,2,,Null,2022/2023,WEYMOUTH ROAD,COXHEAD ROAD,,Non-Injury Crash,No,2023,,West,,0,,Flat,,,,,,Dark,771400,0,0,0,2,,,0,,,,,,Auckland Region,Nil,2-way,Sealed,,0,0,,50,,None,0,0,,76,Auckland,Give way,,,,,0,0,Urban,0,,,Fine,None
1756322.8603,5919110.1339,773466,,514200,0,,0,2,,North,2024/2025,NEWTON ROAD,NEWTON ROAD OFF RAMP,,Non-Injury Crash,No,2024,,North,,0,,Null,,,,,,Unknown,411800,0,0,0,4,,,0,,,,,,Auckland Region,Nil,2-way,Sealed,,0,0,,50,,Null,0,0,,76,Auckland,Nil,,,,,0,0,Urban,0,,,Null,Null
1753520.4707,5929430.5374,773474,,508411,0,,0,1,,Null,2024/2025,JAMES STREET,GLENFIELD ROAD,,Non-Injury Crash,No,2024,,North,,0,,Hill Road,,Christmas New Year,,,,Overcast,183902,0,0,0,2,,,0,,,,,,Auckland Region,Nil,1-way,Sealed,,0,0,,50,,Off,0,0,,76,Auckland,Give way,,,,,1,0,Urban,0,,,Fine,Null
1764224.4037,5906242.0544,773497,,524303,0,,0,1,,Null,2023/2024,STATION ROAD,SPRING STREET,,Non-Injury Crash,No,2024,,South,,0,,Flat,,,,,,Dark,657200,0,0,0,2,,,0,,,,,,Auckland Region,Nil,2-way,Sealed,,0,0,,50,,On,1,0,,76,Auckland,Give way,,,,,0,0,Urban,0,,,Fine,Null
1752801.2388,5918120.8859,773513,,515003,0,,0,2,,East,2023/2024,NORTH-WESTERN MOTORWAY,GREAT NORTH ROAD OFF RAMP,,Non-Injury Crash,Yes,2023,,West,,0,,Flat,,,,,,Bright sun,390600,0,0,0,5,,,0,,,,,,Auckland Region,Motorway ramp,1-way,Sealed,,0,0,,80,,Off,0,0,,76,Auckland,Nil,,,,,0,0,Open,0,,,Fine,Null
1757050.7116,5919515.4625,773520,,514102,1,,1,1,,South,2022/2023,QUEEN STREET,SCOTIA PLACE,,Minor Crash,No,2023,,North,,0,,Hill Road,,,,,,Bright sun,435802,2,0,0,4,,,0,,,,,,Auckland Region,Nil,2-way,Sealed,,0,0,,30,,None,0,0,20,76,Auckland,Nil,,,,,0,0,Urban,0,,,Fine,Null
1753168.7212,5930034.1191,773536,,509100,0,,0,1,,Null,2022/2023,UNSWORTH DRIVE,ALBANY HIGHWAY,,Non-Injury Crash,No,2023,,South,,0,,Flat,,,,,,Bright sun,181200,0,0,0,2,,,0,,,,,,Auckland Region,Nil,2-way,Sealed,,0,0,,60,,Off,0,0,,76,Auckland,Give way,,,,,0,0,Urban,1,,,Fine,Null
1764276.2365,5904030.5724,773544,,524604,0,,0,2,,North,2022/2023,SOUTH-WESTERN MOTORWAY,CAVENDISH DRIVE ON RAMP,,Minor Crash,Yes,2023,,North,,0,,Flat,,,,,,Bright sun,781100,1,0,0,3,,,0,,,,,,Auckland Region,Nil,1-way,Sealed,,0,0,,100,,Off,0,0,,76,Auckland,Nil,,,,,0,0,Open,0,,,Fine,Null
1765306.13,5909345.6259,773552,,521803,0,,0,1,,North,2022/2023,SOUTHERN MOTORWAY,TAMAKI RIV BR,,Minor Crash,Yes,2023,,South,,0,,Flat,,,,,,Bright sun,788500,1,0,0,4,,,0,,,,,,Auckland Region,Nil,1-way,Sealed,,0,0,,100,,Off,0,0,,76,Auckland,Nil,,,,,1,0,Open,1,,,Fine,Null
1754299.6444,5931106.1921,773553,,508520,0,,0,3,,North,2023/2024,NORTHERN MOTORWAY,SUNSET OBR,,Non-Injury Crash,Yes,2024,,South,,0,,Hill Road,,,,,,Bright sun,191101,0,0,0,2,,,0,,,,,,Auckland Region,Nil,1-way,Sealed,,0,0,,100,,Off,0,0,,76,Auckland,Nil,,,,,0,0,Open,0,,,Fine,Null
1752873.1366,5935414.502,773554,,508703,0,0,0,1,0,Null,2024/2025,FAIRVIEW DRIVE,ELM HAVEN,,Minor Crash,No,2025,0,North,0,0,0,Flat,0,,0,,0,Overcast,178507,2,0,0,2,0,0,0,0,1,,0,0,Auckland Region,Nil,2-way,Sealed,0,0,0,0,20,0,Off,0,0,,76,Auckland,Unknown,0,0,0,0,0,0,Urban,0,0,0,Fine,Null
1753419.1685,5929784.1127,773561,,508420,0,,0,1,,Null,2023/2024,SUNSET ROAD,GLENFIELD ROAD,,Non-Injury Crash,No,2024,,West,,0,,Flat,,,,,,Bright sun,182903,0,0,0,1,,,0,,,,,,Auckland Region,Nil,1-way,Sealed,,0,0,,50,,Off,1,0,,76,Auckland,Stop,,,,,0,0,Urban,0,,,Fine,Null
1770550.3908,5901028.7504,773577,,523816,0,0,0,3,0,West,2023/2024,MAGIC WAY,RIVERTON DRIVE,,Non-Injury Crash,No,2024,0,East,0,0,0,Flat,0,,0,,0,Dark,759727,0,0,0,2,0,0,0,0,1,,0,0,Auckland Region,Nil,2-way,Sealed,0,0,0,0,50,0,On,0,0,,76,Auckland,Nil,0,0,0,0,0,0,Urban,0,0,0,Heavy rain,Null
1746581.4479,5914025.3982,773578,,511002,0,,1,0,,West,2023/2024,WEST COAST ROAD,SWAN HILL DRIVE,,Non-Injury Crash,No,2024,,East,,0,,Hill Road,,,,,,Bright sun,283301,0,0,0,2,,,0,,,,,,Auckland Region,Nil,2-way,Sealed,,0,0,,50,,Off,0,0,,76,Auckland,Nil,,,,,0,0,Urban,1,,,Fine,Null
1749056.5461,5912582.8941,773610,,511401,0,0,0,1,0,West,2025/2026,HUTCHINSON AVENUE,DAVERN LANE,,Serious Crash,No,2025,0,West,0,0,0,Flat,0,,0,,0,Dark,262003,0,0,0,2,0,0,0,0,1,,0,0,Auckland Region,Nil,2-way,Sealed,0,0,1,0,50,0,On,0,0,,76,Auckland,Nil,0,0,0,0,0,0,Urban,1,0,0,Fine,Null
1747802.7946,5926237.8112,773617,,513431,0,,0,2,,Null,2024/2025,CLARK ROAD,SIDNEY WALLINGFORD WAY,,Non-Injury Crash,No,2024,,South,,0,,Null,,,,,,Unknown,222800,0,0,0,2,,,0,,,,,,Auckland Region,Nil,2-way,Null,,0,0,,50,,Null,0,0,,76,Auckland,Give way,,,,,0,0,Urban,0,,,Null,Null
1769919.8091,5908144.5959,773618,,523713,0,,0,1,,Null,2024/2025,ACCENT DRIVE,CHAPEL ROAD,,Non-Injury Crash,No,2024,,East,,0,,Null,,,,,,Unknown,712302,0,0,0,5,,,0,,,,,,Auckland Region,Nil,2-way,Null,,0,0,,50,,Null,0,0,,76,Auckland,Traffic Signals,,,,,0,0,Urban,1,,,Null,Null
1753493.1772,5914415.8998,773642,,518801,0,0,0,0,0,Null,2023/2024,MAIORO STREET,MAIORO STREET ON RAMP,,Non-Injury Crash,No,2024,0,North,0,0,0,Hill Road,2,,0,,0,Dark,578400,0,0,0,1,0,0,0,0,0,,0,0,Auckland Region,Motorway ramp,1-way,Sealed,0,0,0,0,50,0,On,1,0,,76,Auckland,Give way,0,0,0,0,0,0,Urban,0,0,0,Fine,Null
1757165.852,5920315.5746,773649,35,514102,0,,1,1,,North,2023/2024,ALBERT STREET,WELLESLEY STREET WEST,,Non-Injury Crash,No,2024,,South,,0,,Flat,,,,,,Bright sun,433802,0,0,0,5,,,0,,,,,,Auckland Region,Nil,2-way,Sealed,,0,0,,40,,Off,0,0,,76,Auckland,Nil,,,,,0,0,Urban,0,,,Fine,None
1755817.2721,5913555.5794,773658,,518701,0,0,0,2,0,North,2023/2024,FROST ROAD,CARR ROAD,,Non-Injury Crash,No,2023,0,North,0,0,0,Flat,0,,0,,0,Twilight,569300,0,0,0,2,0,0,0,0,1,,0,1,Auckland Region,Nil,2-way,Sealed,0,0,0,0,50,0,On,0,0,,76,Auckland,Nil,0,0,0,0,0,0,Urban,0,0,0,Light rain,None
1763184.9703,5912851.4838,773674,,520500,0,,0,2,,East,2023/2024,SOUTHERN MOTORWAY,SOUTH-EASTERN HWY OFF RAMP,,Non-Injury Crash,Yes,2023,,East,,0,,Flat,,,,,,Dark,637400,0,0,0,3,,,0,,,,,,Auckland Region,Nil,1-way,Sealed,,0,0,,100,,On,0,0,,76,Auckland,Nil,,,,,0,0,Open,0,,,Fine,None
1741777.065,5911599.2372,773682,,512902,0,0,0,1,0,South,2024/2025,WEST COAST ROAD,RIMU ROAD,,Serious Crash,No,2025,0,West,1,0,0,Hill Road,0,,0,,0,Dark,279102,0,0,0,2,0,0,0,0,0,,0,0,Auckland Region,Nil,2-way,Sealed,0,0,1,0,60,0,None,0,0,,76,Auckland,Nil,0,0,0,0,0,0,Urban,0,0,0,Fine,Null
1767750.416,5904298.0921,773697,,524604,0,,0,1,,Null,2023/2024,MANUKAU STATION ROAD,GREAT SOUTH ROAD,,Non-Injury Crash,No,2023,,East,,0,,Flat,,,,,,Bright sun,780204,0,0,0,2,,,0,,,,,,Auckland Region,Nil,2-way,Sealed,,0,0,,50,,Off,0,0,,76,Auckland,Traffic Signals,,,,,0,1,Urban,0,,,Fine,None
1770078.7914,5906110.2907,773706,,523712,0,,0,1,,Null,2024/2025,BROADHURST ROAD,CASTLEBANE DRIVE,,Minor Crash,No,2025,,West,,0,,Flat,,,,,,Dark,713201,1,0,0,2,,,0,,,,,,Auckland Region,Nil,2-way,Sealed,,0,0,,50,,On,0,0,,76,Auckland,Give way,,,,,0,0,Urban,1,,,Fine,Null
1749300.6784,5944490.24,773714,,506003,0,0,0,0,0,South,2024/2025,EAST COAST ROAD,NEWMAN ROAD,,Minor Crash,No,2024,0,South,1,0,0,Hill Road,0,,0,,0,Dark,175702,1,0,1,2,0,0,0,0,0,,0,0,Auckland Region,Nil,2-way,Sealed,0,0,0,0,80,0,None,0,0,,76,Auckland,Nil,0,0,0,0,0,0,Open,0,0,0,Fine,Null
1764310.5374,5909549.6626,773722,,521802,0,,0,2,,South,2024/2025,GREAT SOUTH ROAD,HIGH STREET,,Non-Injury Crash,No,2024,,South,,0,,Flat,,,,,,Dark,788601,0,0,0,4,,,0,,,,,,Auckland Region,Nil,2-way,Sealed,,0,0,,50,,On,0,0,,76,Auckland,Nil,,,,,0,0,Urban,0,,,Fine,None
1760473.5111,5923084.0114,773729,,509400,0,0,0,1,0,East,2024/2025,ALBERT ROAD,LAKE ROAD,,Non-Injury Crash,No,2024,0,West,0,0,0,Null,0,,0,,0,Dark,333900,0,0,0,2,0,0,0,0,1,,0,0,Auckland Region,Nil,2-way,Sealed,0,0,0,0,50,0,Null,0,0,,76,Auckland,Nil,0,0,0,0,0,1,Urban,0,0,0,Fine,Null
1742475.7117,5976305.388,773736,,506661,0,0,0,1,0,North,2022/2023,SH 1,CROWTHER ROAD,,Non-Injury Crash,Yes,2023,0,East,0,0,0,Hill Road,1,,0,,0,Overcast,139000,0,0,0,2,0,0,0,0,0,,0,0,Auckland Region,Nil,2-way,Sealed,0,0,0,0,80,0,None,0,0,,76,Auckland,Nil,0,0,0,0,0,0,Open,0,0,0,Fine,Null
1780925.5154,5903341.5028,773737,,525201,0,0,0,1,0,East,2024/2025,PAPAKURA-CLEVEDON ROAD,NAU MAI ROAD,,Non-Injury Crash,No,2025,0,North,0,0,1,Flat,0,,0,,0,Dark,763000,0,0,0,2,0,0,0,0,0,,0,0,Auckland Region,Nil,2-way,Sealed,0,0,0,0,50,0,On,0,0,,76,Auckland,Nil,0,0,0,0,0,0,Urban,0,0,0,Fine,Null
1753443.1776,5876174.2235,773738,,526103,0,,0,1,,South,2024/2025,QUEEN STREET,KING STREET,,Minor Crash,No,2025,,South,,0,,Flat,,,,,,Twilight,837300,1,0,0,2,,,0,,,,,,Auckland Region,Nil,2-way,Sealed,,0,0,,50,,On,0,0,,76,Auckland,Nil,,,,,0,0,Urban,1,,,Fine,Null
1755277.9092,5921724.1564,773745,,515202,0,0,0,1,0,North,2024/2025,NORTHERN MOTORWAY,SHELLY BEACH OBR,,Non-Injury Crash,Yes,2025,0,North,0,0,0,Flat,1,,0,,0,Bright sun,423600,0,0,0,4,0,0,0,0,0,,0,0,Auckland Region,Bridge,1-way,Sealed,0,0,0,0,80,0,Off,0,0,,76,Auckland,Nil,0,0,0,0,0,0,Open,0,0,0,Fine,Null
1756134.0301,5935263.9599,773777,,507101,0,,0,1,,North,2025/2026,CLYDE ROAD,INVERNESS ROAD,,Minor Crash,No,2025,,North,,0,,Flat,,,,,,Bright sun,161000,1,0,0,2,,,0,,,1,,,Auckland Region,Nil,2-way,Sealed,,0,0,,50,,Off,0,0,,76,Auckland,Nil,,,,,0,0,Urban,0,,,Fine,Null
1770689.2894,5900715.4299,773800,,523816,0,,0,1,,North,2023/2024,NEARCO STREET,HYPERION DRIVE,,Minor Crash,No,2023,,North,,0,,Flat,,,,,,Bright sun,759717,1,0,0,2,,,0,,,1,,,Auckland Region,Nil,2-way,Sealed,,0,0,,50,,Off,0,0,,76,Auckland,Nil,,,,,0,0,Urban,0,,,Fine,Null
1767907.1571,5905650.1663,773818,,523721,0,0,0,1,0,Null,2024/2025,ISRAEL AVENUE,BOUNDARY ROAD,,Non-Injury Crash,No,2024,0,East,0,0,0,Flat,0,,0,,0,Bright sun,715507,0,0,0,2,0,0,0,0,0,,0,1,Auckland Region,Nil,2-way,Sealed,0,0,0,0,50,0,Off,0,0,,76,Auckland,Give way,0,0,0,0,0,0,Urban,0,0,0,Fine,Null
1758956.4395,5904672.9123,773826,,524200,0,,0,2,,Null,2022/2023,GEORGE BOLT MEMORIAL DRIVE,VERISSIMO DRIVE,,Non-Injury Crash,No,2023,,South,,0,,Flat,,,,,,Overcast,727800,0,0,0,3,,,0,,,,,,Auckland Region,Nil,1-way,Sealed,,0,0,,60,,On,0,0,,76,Auckland,Traffic Signals,,,,,0,0,Urban,0,,,Heavy rain,None
1765742.7724,5907104.0476,773834,,522301,0,,0,2,,North,2024/2025,EAST TAMAKI ROAD,KONINI AVENUE,,Non-Injury Crash,No,2024,,West,,0,,Flat,,,,,,Twilight,666301,0,0,0,4,,,0,,,,,,Auckland Region,Nil,2-way,Sealed,,0,0,,50,,Off,0,0,,76,Auckland,Nil,,,,,0,0,Urban,0,,,Fine,Null
1768335.7283,5908517.5032,773841,,523502,0,0,0,1,0,Null,2024/2025,EAST TAMAKI ROAD,JOHNSTONES ROAD,,Non-Injury Crash,No,2024,0,North,0,0,1,Flat,0,,1,,0,Dark,703400,0,0,0,2,0,0,0,0,0,,0,0,Auckland Region,Nil,2-way,Sealed,0,0,0,0,50,0,On,0,0,,76,Auckland,Traffic Signals,1,0,0,0,0,0,Urban,0,0,0,Fine,Null
1745088.4099,5917937.2902,773842,,510700,0,0,0,1,0,Null,2024/2025,SEL PEACOCK DRIVE,LINCOLN ROAD,,Minor Crash,No,2024,0,West,0,0,0,Flat,0,,0,,0,Dark,240200,1,0,0,2,0,0,0,0,0,,0,0,Auckland Region,Nil,2-way,Sealed,0,0,0,0,50,0,On,0,0,,76,Auckland,Traffic Signals,0,1,0,0,0,0,Urban,0,0,0,Fine,Null
1768302.6729,5913865.9088,773858,,523000,0,,0,1,,Null,2023/2024,PAKURANGA ROAD,GOSSAMER DRIVE,,Non-Injury Crash,No,2024,,South,,0,,Flat,,,,,,Unknown,690700,0,0,1,2,,,0,,,,,,Auckland Region,Nil,1-way,Null,,0,0,,50,,Null,0,0,,76,Auckland,Traffic Signals,,,,,0,0,Urban,0,,,Null,Null
1765405.9721,5907098.5595,773874,,522201,0,,0,1,,South,2024/2025,SHIRLEY ROAD,GREAT SOUTH ROAD,,Non-Injury Crash,No,2024,,North,,0,,Flat,,,,,,Bright sun,661100,0,0,0,2,,,0,,,,,,Auckland Region,Nil,2-way,Sealed,,0,0,,50,,Off,0,0,40,76,Auckland,Nil,,,,,0,0,Urban,1,,,Fine,Null
1770497.2301,5878958.5135,773889,,525922,0,0,0,1,0,North,2024/2025,BUCKLAND ROAD,MEADOWBROOK PLACE,,Non-Injury Crash,No,2024,0,North,0,0,0,Flat,0,,0,,0,Twilight,824301,0,0,0,2,0,0,0,0,0,,0,1,Auckland Region,Bridge,2-way,Sealed,0,0,0,0,80,0,On,0,0,,76,Auckland,Nil,0,0,0,0,0,0,Open,0,0,0,Fine,Null
1774092.353,5897369.8994,773890,,525630,0,0,0,0,0,North,2024/2025,COSGRAVE ROAD,CLEVEDON ROAD,,Non-Injury Crash,No,2024,0,North,0,0,0,Flat,0,,0,,0,Bright sun,795802,0,0,0,2,0,0,0,0,0,,0,3,Auckland Region,Nil,2-way,Sealed,0,0,0,0,50,0,Off,0,0,,76,Auckland,Nil,0,0,0,0,3,0,Urban,0,0,0,Fine,Null
1768984.6222,5905092.7937,773896,,523722,0,,0,2,,East,2022/2023,ASPIRING AVENUE,LYELL COURT,,Non-Injury Crash,No,2023,,West,,0,,Flat,,,,,,Bright sun,716015,0,0,0,2,,,0,,,,,,Auckland Region,Nil,2-way,Sealed,,0,0,,50,,Off,0,0,,76,Auckland,Nil,,,,,0,0,Urban,0,,,Fine,Null
1764585.6853,5911929.9164,773905,,520500,0,,0,3,,North,2023/2024,SOUTHERN MOTORWAY,EAST WEST LINK OFF RAMP,,Non-Injury Crash,Yes,2024,,North,,0,,Flat,,,,,,Overcast,639500,0,0,0,3,,,0,,,,,,Auckland Region,Bridge,1-way,Sealed,,0,0,,100,,Off,0,0,,76,Auckland,Nil,,,,,0,0,Open,0,,,Light rain,Null
1770966.9365,5899484.267,773906,,523911,0,,0,2,,North,2024/2025,TAKANINI SCHOOL ROAD,REDING STREET,,Non-Injury Crash,No,2024,,East,,0,,Flat,,,,,,Overcast,766700,0,0,0,2,,,0,,,,,,Auckland Region,Nil,2-way,Sealed,,0,0,,70,,Null,0,0,,76,Auckland,Nil,,,,,0,0,Urban,0,,,Fine,Null
1755122.8732,5914114.8073,773913,,518803,0,,0,1,,Null,2023/2024,DOMINION ROAD,MEMORIAL AVENUE,,Non-Injury Crash,No,2024,,South,,0,,Flat,,,,,,Dark,580700,0,0,0,2,,,0,,,,,,Auckland Region,Nil,2-way,Sealed,,0,0,,50,,On,1,0,,76,Auckland,Traffic Signals,,,,,0,0,Urban,0,,,Fine,Null
1756946.3824,5919441.8171,773921,,514200,0,,0,2,,West,2024/2025,KARANGAHAPE ROAD,UPPER QUEEN STREET,,Non-Injury Crash,No,2025,,East,,0,,Flat,,,,,,Bright sun,412200,0,0,0,2,,,0,,,,,,Auckland Region,Nil,2-way,Sealed,,0,0,,50,,Null,0,0,,76,Auckland,Nil,,,,,0,0,Urban,0,,,Fine,Null
1764219.6224,5918755.7798,773929,,516602,0,0,0,1,0,West,2025/2026,ALLUM STREET,HOPKINS CRESCENT,,Non-Injury Crash,No,2025,0,East,0,0,0,Flat,0,,0,,0,Dark,506500,0,0,0,2,0,0,0,0,0,,0,1,Auckland Region,Nil,2-way,Sealed,0,0,0,0,50,0,On,0,0,,76,Auckland,Nil,0,0,0,0,0,0,Urban,0,0,0,Fine,Null
1771149.9301,5895159.4801,773930,,521201,0,,0,1,,Null,2024/2025,HINAU ROAD,HINGAIA ROAD,,Minor Crash,No,2025,,North,,0,,Flat,,,,,,Dark,806700,3,0,0,1,,,0,,,,,,Auckland Region,Nil,1-way,Sealed,,0,0,,50,,On,1,0,,76,Auckland,Traffic Signals,,,,,0,0,Urban,0,,,Fine,Null
1744963.7943,5917813.1463,773937,,510700,0,,0,2,,North,2025/2026,SWANSON ROAD,MT LEBANON LANE,,Non-Injury Crash,No,2025,,North,,0,,Flat,,,,,,Overcast,239501,0,0,0,4,,,0,,,,,,Auckland Region,Nil,2-way,Sealed,,0,0,,50,,Off,0,0,,76,Auckland,Nil,,,,,0,0,Urban,0,,,Light rain,Null
1753697.8946,5931254.1967,773953,,508803,0,0,0,1,0,Null,2024/2025,UPPER HARBOUR HIGHWAY,CARIBBEAN DRIVE,,Non-Injury Crash,Yes,2025,0,West,0,0,0,Flat,0,Easter,0,,0,Bright sun,180815,0,0,0,3,0,0,0,0,0,,0,0,Auckland Region,Nil,2-way,Sealed,0,0,0,0,50,0,Off,0,0,,76,Auckland,Traffic Signals,1,1,0,0,0,0,Urban,1,0,0,Fine,Null
1756217.9942,5918020.7824,773977,,518101,0,,0,2,,Null,2025/2026,DOMINION ROAD,CHARLES STREET,,Non-Injury Crash,No,2025,,North,,0,,Flat,,,,,,Bright sun,544900,0,0,0,4,,,0,,,,,,Auckland Region,Nil,2-way,Sealed,,0,0,,50,,Null,0,0,,76,Auckland,Give way,,,,,0,0,Urban,0,,,Fine,Null
1747331.8211,5926601.5767,774016,,513431,0,0,0,1,0,Null,2022/2023,HOBSONVILLE ROAD,NUGGET AVENUE,,Non-Injury Crash,No,2023,0,North,1,0,0,Hill Road,0,,0,,0,Bright sun,221907,0,0,0,2,0,0,0,0,0,,0,0,Auckland Region,Nil,2-way,Sealed,0,0,0,0,50,0,Off,0,0,,76,Auckland,Give way,0,0,0,0,0,0,Urban,0,0,0,Fine,Null
1737743.9192,5920327.4537,774026,,513702,0,0,0,1,0,South,2023/2024,MCENTEE ROAD,TOWNSHIP ROAD,,Non-Injury Crash,No,2024,0,North,1,0,0,Hill Road,0,,0,,0,Twilight,230002,0,0,0,2,0,0,0,0,0,,0,0,Auckland Region,Nil,2-way,Sealed,0,0,0,0,50,0,On,0,0,,76,Auckland,Nil,0,0,0,0,0,0,Urban,0,0,0,Fine,Null
1753767.5139,5945654.9997,774041,,505906,0,,0,2,,South,2025/2026,WHANGAPARAOA ROAD,DOBELL ROAD,,Non-Injury Crash,No,2025,,North,,0,,Null,,,,,,Overcast,173806,0,0,0,2,,,0,,,,,,Auckland Region,Nil,2-way,Sealed,,0,0,,50,,Null,0,0,,76,Auckland,Nil,,,,,0,0,Urban,0,,,Light rain,Null
1753698.1968,5914354.9734,774048,,518801,0,0,0,0,0,South,2022/2023,MAIORO STREET ON RAMP,MAIORO STREET,,Minor Crash,No,2023,0,South,0,0,0,Hill Road,2,,0,,0,Dark,578500,1,0,0,2,0,0,0,0,0,,0,0,Auckland Region,Motorway ramp,1-way,Sealed,0,0,0,0,80,0,On,1,0,,76,Auckland,Nil,0,0,0,0,0,0,Open,0,0,0,Fine,Null
1736113.3242,5930360.5231,774056,,505605,0,,0,1,,Null,2022/2023,MATUA ROAD,MERYL AVENUE,,Serious Crash,No,2023,,West,,0,,Flat,,,,,,Overcast,215800,0,0,1,2,,,0,,,,,,Auckland Region,Nil,2-way,Sealed,,0,1,,80,,None,0,0,,76,Auckland,Nil,,,,,0,0,Open,0,,,Fine,Null
1751003.7793,5918028.5664,774057,,514801,0,,0,1,,West,2023/2024,NORTH-WESTERN MOTORWAY,GREAT NORTH ROAD OFF RAMP,,Non-Injury Crash,Yes,2024,,East,,0,,Flat,,,,,,Overcast,390402,0,0,0,4,,,0,,,,,,Auckland Region,Nil,1-way,Sealed,,0,0,,100,,Off,0,0,,76,Auckland,Nil,,,,,1,0,Open,0,,,Fine,Null
1769316.6568,5907394.2769,774065,,523712,1,,0,1,,Null,2024/2025,TE IRIRANGI DRIVE,BOTANY WAY,,Serious Crash,No,2024,,South,,0,,Flat,,,,,,Bright sun,712803,0,0,0,4,,,0,,,,,,Auckland Region,Nil,2-way,Sealed,,0,1,,50,,Off,0,0,,76,Auckland,Give way,,,,,0,0,Urban,0,,,Fine,Null
1767910.4502,5913681.7507,774066,,522820,0,0,0,1,0,Null,2023/2024,PAKURANGA ROAD,GLENMORE ROAD,,Non-Injury Crash,No,2024,0,East,0,0,0,Flat,0,,0,,1,Bright sun,695102,0,0,0,4,0,0,0,0,0,,0,0,Auckland Region,Nil,2-way,Sealed,0,0,0,0,50,0,Off,0,0,,76,Auckland,Traffic Signals,0,1,0,0,0,0,Urban,0,0,0,Fine,Null