X,Y,OBJECTID,advisorySpeed,areaUnitID,bicycle,bridge,bus,carStationWagon,cliffBank,crashDirectionDescription,crashFinancialYear,crashLocation1,crashLocation2,crashRoadSideRoad,crashSeverity,crashSHDescription,crashYear,debris,directionRoleDescription,ditch,fatalCount,fence,flatHill,guardRail,holiday,houseOrBuilding,intersection,kerb,light,meshblockId,minorInjuryCount,moped,motorcycle,NumberOfLanes,objectThrownOrDropped,otherObject,otherVehicleType,overBank,parkedVehicle,pedestrian,phoneBoxEtc,postOrPole,region,roadCharacter,roadLane,roadSurface,roadworks,schoolBus,seriousInjuryCount,slipOrFlood,speedLimit,strayAnimal,streetLight,suv,taxi,temporarySpeedLimit,tlaId,tlaName,trafficControl,trafficIsland,trafficSign,train,tree,truck,unknownVehicleType,urban,vanOrUtility,vehicle,waterRiver,weatherA,weatherB
1754183.3834,5924384.4506,774073,,510500,0,0,1,3,0,South,2023/2024,HINEMOA STREET,MARIPOSA CRESCENT,,Non-Injury Crash,No,2024,0,North,0,0,0,Flat,0,,0,,0,Bright sun,357700,0,0,0,2,0,0,0,0,1,,0,0,Auckland Region,Nil,2-way,Sealed,0,0,0,0,50,0,Off,0,0,,76,Auckland,Nil,0,0,0,0,0,0,Urban,0,0,0,Fine,Null
1755388.5408,5928954.9513,774074,,508320,0,,0,1,,Null,2023/2024,TRISTRAM AVENUE,HILLSIDE ROAD,,Non-Injury Crash,No,2023,,South,,0,,Flat,,,,,,Overcast,198600,0,0,0,5,,,0,,,,,,Auckland Region,Nil,2-way,Sealed,,0,0,,50,,Off,1,0,,76,Auckland,Traffic Signals,,,,,0,0,Urban,0,,,Fine,Null
1753166.113,5875965.1205,774080,,526103,0,,0,1,,Null,2023/2024,CONSTABLE ROAD,LEONARD STREET,,Minor Crash,No,2023,,South,,0,,Flat,,,,,,Overcast,837208,2,0,0,2,,,0,,,,,,Auckland Region,Nil,2-way,Sealed,,0,0,,50,,Off,1,0,,76,Auckland,Give way,,,,,0,0,Urban,0,,,Fine,Null
1762777.8429,5907825.3919,774082,,524530,0,0,0,0,0,Null,2024/2025,TENNESSEE AVENUE,DRIVER ROAD,,Serious Crash,No,2024,0,West,0,0,0,Flat,0,,0,,0,Dark,732602,0,0,0,2,0,0,0,0,0,,0,0,Auckland Region,Nil,2-way,Sealed,0,0,1,0,50,0,On,1,0,,76,Auckland,Give way,0,0,0,1,0,0,Urban,0,0,0,Fine,Null
1765551.1859,5905863.0267,774090,,522202,0,,0,2,,West,2024/2025,ST GEORGE STREET,CARRUTH ROAD,,Non-Injury Crash,No,2024,,West,,0,,Flat,,,,,,Bright sun,664300,0,0,0,2,,,0,,,,,,Auckland Region,Nil,2-way,Sealed,,0,0,,50,,Off,0,0,,76,Auckland,Nil,,,,,0,0,Urban,0,,,Light rain,Null
1757516.8362,5918621.5333,774096,,514302,0,,0,1,,North,2022/2023,SOUTHERN MOTORWAY,KHYBER PASS OBR,,Non-Injury Crash,Yes,2023,,North,,0,,Hill Road,,,,,,Bright sun,442500,0,0,0,4,,,0,,,,,,Auckland Region,Nil,1-way,Sealed,,0,0,,80,,Off,1,0,,76,Auckland,Nil,,,,,1,0,Open,0,,,Fine,Null
1762614.2995,5907996.1853,774104,,524530,0,0,0,2,0,North,2022/2023,CLEEK ROAD,TENNESSEE AVENUE,,Non-Injury Crash,No,2023,0,North,0,0,0,Flat,0,,0,,0,Dark,732400,0,0,0,2,0,0,0,0,1,,0,0,Auckland Region,Nil,2-way,Sealed,0,0,0,0,50,0,On,0,0,,76,Auckland,Nil,0,0,0,0,0,0,Urban,0,0,0,Fine,Null
1769479.2711,5906525.9357,774106,,523712,0,0,0,1,0,South,2022/2023,FARMDALE COURT,FARMDALE COURT,,Non-Injury Crash,No,2023,0,South,0,0,0,Flat,0,,0,,0,Bright sun,713009,0,0,0,2,0,0,0,0,1,,0,0,Auckland Region,Nil,2-way,Sealed,0,0,0,0,50,0,Off,0,0,,76,Auckland,Nil,0,0,0,0,0,0,Urban,1,0,0,Fine,None
1752603.7627,5916284.8358,774112,,517903,0,0,0,2,0,North,2022/2023,NEW NORTH ROAD,MCLEAN STREET,,Minor Crash,No,2023,0,North,0,0,0,Flat,0,,0,,0,Bright sun,520200,1,0,0,4,0,0,0,0,0,,1,0,Auckland Region,Nil,2-way,Sealed,0,0,0,0,50,0,Off,0,0,,76,Auckland,Nil,0,0,0,0,0,0,Urban,0,0,0,Fine,Null
1764866.7596,5905779.7383,774122,,522201,0,,0,2,,Null,2023/2024,ST GEORGE STREET,TOWN HALL LANE,,Non-Injury Crash,No,2023,,North,,0,,Flat,,,,,,Bright sun,663200,0,0,0,2,,,0,,,,,,Auckland Region,Nil,2-way,Sealed,,0,0,,50,,Off,0,0,,76,Auckland,Give way,,,,,0,0,Urban,0,,,Fine,Strong wind
1768770.8356,5905027.9117,774146,,523722,0,,0,2,,Null,2023/2024,HOLLYFORD DRIVE,ASPIRING AVENUE,,Minor Crash,No,2024,,South,,0,,Hill Road,,,,,,Dark,716007,1,0,0,2,,,0,,,,,,Auckland Region,Nil,2-way,Sealed,,0,0,,50,,On,0,0,,76,Auckland,Give way,,,,,0,0,Urban,0,,,Fine,Null
1772011.1997,5902686.7876,774161,,523818,0,0,0,1,0,South,2024/2025,MILL ROAD,POLO PRINCE DRIVE,,Non-Injury Crash,No,2024,1,North,0,0,0,Flat,0,,0,,0,Overcast,760904,0,0,0,2,0,0,0,0,0,,0,0,Auckland Region,Nil,2-way,Sealed,0,0,0,0,60,0,Off,0,0,,76,Auckland,Nil,0,0,0,0,0,0,Urban,0,0,0,Fine,Null
1767759.0755,5904266.6122,774186,,524602,0,,0,0,,Null,2023/2024,GREAT SOUTH ROAD,MANUKAU STATION ROAD,,Non-Injury Crash,No,2024,,North,,0,,Flat,,,,,,Overcast,780416,0,0,0,1,,,0,,,,,,Auckland Region,Nil,1-way,Sealed,,0,0,,50,,Off,1,0,,76,Auckland,Give way,,,,,0,1,Urban,0,,,Light rain,None
1761718.6758,5914044.1544,774201,,520202,0,,0,1,,East,2023/2024,SOUTHERN MOTORWAY,ELLERSLIE-PANMURE HWY OFF RAMP,,Non-Injury Crash,Yes,2024,,West,,0,,Flat,,,,,,Overcast,612300,0,0,0,3,,,0,,,,,,Auckland Region,Nil,1-way,Sealed,,0,0,,100,,Off,0,0,,76,Auckland,Nil,,,,,1,0,Open,0,,,Fine,Null
1779377.3709,5915045.8346,774208,,523300,0,0,0,1,1,North,2023/2024,WHITFORD MARAETAI ROAD,JACK LACHLAN DRIVE,,Minor Crash,No,2023,0,South,0,0,0,Flat,0,,0,,0,Dark,718900,1,0,0,2,0,0,0,0,0,,0,0,Auckland Region,Nil,2-way,Sealed,0,0,0,0,80,0,None,0,0,,76,Auckland,Nil,0,0,0,0,0,0,Open,0,0,0,Fine,Null
1774911.7489,5887432.2048,774209,,521302,0,,0,1,,North,2024/2025,SOUTHERN MOTORWAY,ARARIMU OBR,,Minor Crash,Yes,2024,,North,,0,,Flat,,,,,,Bright sun,809101,1,0,0,2,,,0,,,,,,Auckland Region,Nil,1-way,Sealed,,0,0,,100,,Off,0,0,,76,Auckland,Nil,,,,,1,0,Open,0,,,Fine,Null
1772911.767,5891519.7186,774216,,521301,0,,0,1,,North,2022/2023,SOUTHERN MOTORWAY,KARAKA OBR,,Minor Crash,Yes,2023,,North,,0,,Flat,,,,,,Dark,808702,1,0,0,2,,,0,,,,,,Auckland Region,Nil,1-way,Sealed,,0,0,,100,,On,0,0,80,76,Auckland,Nil,,,,,0,0,Open,1,,,Fine,Null
1769831.0028,5900560.911,774217,,524902,0,,0,1,,West,2024/2025,MYERS ROAD,SCOTTS ROAD,,Serious Crash,No,2024,,West,,0,,Flat,,,,,,Twilight,759100,0,0,0,2,,,0,,,1,,,Auckland Region,Nil,2-way,Sealed,,0,1,,50,,Off,0,0,,76,Auckland,Nil,,,,,0,0,Urban,0,,,Fine,Null
1759056.1992,5906138.0915,774218,,524200,0,,0,0,,South,2024/2025,GEORGE BOLT MEMORIAL DRIVE,KIRKBRIDE ROAD,,Non-Injury Crash,Yes,2024,,South,,0,,Flat,,,,,,Bright sun,727500,0,0,0,3,,,0,,,,,,Auckland Region,Nil,1-way,Sealed,,0,0,,60,,Off,1,1,,76,Auckland,Nil,,,,,1,0,Urban,0,,,Fine,Null
1751299.6124,5930986.6466,774224,,508806,0,,0,1,,Null,2023/2024,SCHNAPPER ROCK ROAD,OAKWAY DRIVE,,Minor Crash,No,2023,,East,,0,,Flat,,,,,,Overcast,180105,1,0,0,2,,,0,,,,,,Auckland Region,Nil,2-way,Sealed,,0,0,,50,,Off,0,0,,76,Auckland,Give way,,,,,0,0,Urban,1,,,Light rain,Null
1765777.0857,5906152.5049,774257,,522202,0,0,0,1,0,North,2024/2025,ST GEORGE STREET,SCOTT ROAD,,Serious Crash,No,2025,0,North,0,0,0,Flat,0,,0,,0,Overcast,665102,2,0,0,2,0,0,0,0,0,,0,1,Auckland Region,Nil,2-way,Sealed,0,0,1,0,50,0,Off,0,0,,76,Auckland,Nil,0,0,0,0,0,0,Urban,0,0,0,Fine,Null
1764575.5178,5911951.7685,774264,,520500,0,,0,2,,South,2022/2023,SOUTHERN MOTORWAY,EAST WEST LINK OFF RAMP,,Non-Injury Crash,Yes,2023,,North,,0,,Flat,,,,,,Bright sun,639500,0,0,0,3,,,0,,,,,,Auckland Region,Nil,1-way,Sealed,,0,0,,100,,Off,1,0,,76,Auckland,Nil,,,,,0,0,Open,0,,,Fine,Null
1767504.3992,5904606.2179,774273,,524604,0,,0,3,,Null,2024/2025,RONWOOD AVENUE,LEYTON WAY,,Non-Injury Crash,No,2024,,West,,0,,Flat,,,,,,Bright sun,780204,0,0,0,2,,,0,,,,,,Auckland Region,Nil,2-way,Sealed,,0,0,,50,,Off,0,0,,76,Auckland,Give way,,,,,0,0,Urban,0,,,Fine,Null
1759119.2781,5910185.2811,774282,,524002,0,,0,1,,Null,2023/2024,CORONATION ROAD,CHURCH ROAD,,Non-Injury Crash,No,2024,,South,,0,,Flat,,,,,,Overcast,722000,0,0,0,2,,,0,,,,,,Auckland Region,Speed hump,2-way,Sealed,,0,0,,50,,Off,1,0,,76,Auckland,Give way,,,,,0,0,Urban,0,,,Fine,Null
1754500.4248,5930879.7233,774296,,508520,0,,0,2,,North,2023/2024,NORTHERN MOTORWAY,UPPER HARBOUR HWY ON RAMP,,Non-Injury Crash,Yes,2024,,South,,0,,Flat,,,,,,Overcast,191107,0,0,0,2,,,0,,,,,,Auckland Region,Nil,1-way,Sealed,,0,0,,100,,Off,0,0,,76,Auckland,Nil,,,,,0,0,Open,0,,,Fine,Null
1769452.2565,5902153.8989,774297,,523814,0,0,0,1,0,North,2024/2025,SOUTHERN MOTORWAY,HILL ROAD-MANUREWA OFF RAMP,,Non-Injury Crash,Yes,2024,0,South,0,0,0,Hill Road,1,,0,,0,Dark,760702,0,0,0,3,0,0,0,0,0,,0,0,Auckland Region,Nil,1-way,Sealed,0,0,0,0,100,0,On,0,0,,76,Auckland,Nil,0,0,0,0,0,0,Open,0,0,0,Fine,Null
1771125.8645,5914638.1208,774298,,521602,0,0,0,0,0,South,2022/2023,VINCENT STREET,RIDGE ROAD,,Non-Injury Crash,No,2023,0,South,0,0,0,Flat,0,,0,,0,Overcast,647800,0,0,0,2,0,0,0,0,1,,0,0,Auckland Region,Nil,2-way,Sealed,0,0,0,0,50,0,Off,0,0,,76,Auckland,Nil,0,0,0,0,0,1,Urban,1,0,0,Light rain,None
1752024.6071,5930696.8042,774306,,509100,0,,0,1,,Null,2023/2024,ALBANY HIGHWAY OFF RAMP,ALBANY HIGHWAY,,Non-Injury Crash,No,2023,,North,,0,,Hill Road,,,,,,Bright sun,181003,0,0,0,3,,,0,,,,,,Auckland Region,Motorway ramp,1-way,Sealed,,0,0,,50,,Off,0,0,,76,Auckland,Traffic Signals,,,,,0,0,Urban,1,,,Fine,Null
1767436.3751,5905842.7287,774314,,522302,0,0,0,0,0,North,2024/2025,SOUTHERN MOTORWAY,REAGAN OBR,,Non-Injury Crash,Yes,2024,1,North,0,0,0,Flat,0,,0,,0,Bright sun,670902,0,0,0,3,0,0,0,0,0,,0,0,Auckland Region,Nil,1-way,Sealed,0,0,0,0,100,0,Off,0,0,,76,Auckland,Nil,0,0,0,0,1,0,Open,0,0,0,Fine,Null
1761808.8166,5914016.2872,774320,,520202,0,,0,1,,East,2023/2024,SOUTHERN MOTORWAY,ELLERSLIE-PANMURE HWY ON RAMP,,Non-Injury Crash,Yes,2024,,East,,0,,Flat,,,,,,Bright sun,612800,0,0,0,3,,,0,,,,,,Auckland Region,Nil,1-way,Sealed,,0,0,,100,,Off,0,0,,76,Auckland,Nil,,,,,0,0,Open,1,,,Fine,Null
1753768.1333,5919081.5774,774344,,515100,0,0,0,3,0,Null,2024/2025,OLD MILL ROAD,WELLPARK AVENUE,,Non-Injury Crash,No,2024,0,East,0,0,0,Flat,0,,0,,0,Dark,398300,0,0,0,2,0,0,0,0,1,,0,0,Auckland Region,Nil,2-way,Sealed,0,0,0,0,50,0,On,0,0,,76,Auckland,Give way,0,0,0,0,0,0,Urban,1,0,0,Mist or Fog,Frost
1764051.3085,5917014.0075,774345,,516302,0,0,0,0,0,North,2024/2025,COLLEGE ROAD,MERTON ROAD,,Non-Injury Crash,No,2024,0,South,0,0,1,Hill Road,0,,0,,0,Bright sun,462823,0,0,0,4,0,0,0,0,0,,0,1,Auckland Region,Nil,2-way,Sealed,0,0,0,0,50,0,Off,1,0,,76,Auckland,Nil,0,0,0,0,0,0,Urban,0,0,0,Fine,Null
1768742.1754,5881397.0331,774346,,525910,0,,0,1,,North,2024/2025,SEDDON STREET,TOBIN STREET,,Minor Crash,No,2025,,North,,0,,Flat,,,,,,Bright sun,818500,2,0,1,2,,,0,,,,,,Auckland Region,Nil,2-way,Sealed,,0,0,,50,,Off,0,0,,76,Auckland,Nil,,,,,0,0,Urban,0,,,Fine,Null
1758661.1323,5926196.6134,774352,,508020,0,,0,1,,North,2024/2025,LAKE ROAD,JUTLAND ROAD,,Non-Injury Crash,No,2024,,North,,0,,Null,,,,,,Unknown,323900,0,0,0,4,,,0,,,,,,Auckland Region,Nil,2-way,Null,,0,0,,50,,Null,0,0,,76,Auckland,Nil,,,,,1,0,Urban,0,,,Null,Null
1755876.4319,5918139.8261,774368,,517500,0,0,0,1,0,North,2023/2024,NEW NORTH ROAD,NEW BOND STREET,,Serious Crash,No,2023,0,East,0,0,0,Flat,0,,0,,0,Overcast,529600,1,0,0,2,0,0,0,0,0,1,0,1,Auckland Region,Nil,2-way,Sealed,0,0,1,0,50,0,Off,0,0,,76,Auckland,Nil,0,0,0,0,0,0,Urban,1,0,0,Fine,Null
1744321.8795,5922896.3868,774376,,513511,0,0,0,2,0,North,2023/2024,NORTH-WESTERN MOTORWAY,ROYAL OBR,,Non-Injury Crash,Yes,2023,0,North,0,0,0,Flat,1,,0,,0,Dark,224303,0,0,0,3,0,0,0,0,0,,0,0,Auckland Region,Nil,1-way,Sealed,0,0,0,0,100,0,On,0,0,,76,Auckland,Nil,0,0,0,0,0,0,Open,0,0,0,Fine,Null
1757253.272,5913681.6866,774377,,518702,0,,0,1,,West,2024/2025,MOUNT ALBERT ROAD,PEET AVENUE,,Non-Injury Crash,No,2024,,East,,0,,Flat,,,,,,Overcast,567600,0,0,1,4,,,0,,,,,,Auckland Region,Nil,2-way,Sealed,,0,0,,50,,Null,0,0,,76,Auckland,Nil,,,,,0,0,Urban,0,,,Fine,Null
1746035.2197,5926092.7565,774393,,513410,0,0,0,1,0,Null,2024/2025,BRIGHAM CREEK ROAD,BRIGHAM CREEK ROAD OFF RAMP,,Non-Injury Crash,No,2024,0,West,0,0,1,Hill Road,0,,0,,0,Overcast,223801,0,0,0,2,0,0,0,0,0,,1,0,Auckland Region,Motorway ramp,1-way,Sealed,0,0,0,0,50,0,Off,0,0,,76,Auckland,Give way,0,0,0,0,0,0,Urban,0,0,0,Light rain,Null
1758933.7982,5907309.9139,774402,,524200,0,0,0,1,0,North,2023/2024,KIRKBRIDE ROAD,IDLEWILD AVENUE,,Non-Injury Crash,No,2023,0,South,0,0,0,Flat,0,,0,,0,Bright sun,726300,0,0,0,2,0,0,0,0,0,,0,1,Auckland Region,Nil,2-way,Sealed,0,0,0,0,60,0,Off,0,0,,76,Auckland,Nil,0,0,0,1,0,0,Urban,0,0,0,Fine,Null
1758760.1066,5915874.7881,774410,,519300,0,0,0,1,0,East,2024/2025,PURIRI DRIVE,CAMPBELL CRESCENT,,Minor Crash,No,2024,0,West,0,0,0,Flat,0,,0,,0,Bright sun,622900,1,0,0,2,0,0,0,0,1,,0,0,Auckland Region,Speed hump,2-way,Sealed,0,0,0,0,30,0,Off,0,0,,76,Auckland,Nil,0,0,0,0,0,0,Urban,0,0,0,Fine,Null
1760188.803,5907623.5028,774416,,524121,0,0,0,1,0,South,2024/2025,SOUTH-WESTERN MOTORWAY,MOYLE PARK FTBR,,Non-Injury Crash,Yes,2024,0,North,0,0,0,Flat,2,,0,,0,Dark,737600,0,0,0,2,0,0,0,0,0,,0,0,Auckland Region,Nil,1-way,Sealed,0,0,0,0,100,0,On,0,0,,76,Auckland,Nil,0,0,0,0,0,0,Open,0,0,0,Light rain,Null
1766345.9025,5907559.8329,774418,,523601,0,,0,0,,Null,2024/2025,EAST TAMAKI ROAD,EAST TAMAKI ROAD ON RAMP,,Serious Crash,No,2024,,South,,0,,Flat,,,,,,Overcast,708500,0,0,1,6,,,0,,,,,,Auckland Region,Motorway ramp,2-way,Sealed,,0,1,,50,,Off,1,0,,76,Auckland,Traffic Signals,,,,,0,0,Urban,0,,,Fine,Null
1755361.8835,5913296.3441,774432,,518803,0,,0,2,,East,2024/2025,SOUTH-WESTERN MOTORWAY,DOMINION ROAD OFF RAMP,,Non-Injury Crash,Yes,2024,,West,,0,,Flat,,,,,,Bright sun,582700,0,0,0,4,,,0,,,,,,Auckland Region,Nil,1-way,Sealed,,0,0,,100,,None,0,0,,76,Auckland,Nil,,,,,0,0,Open,0,,,Fine,Null
1759870.8887,5908757.5917,774440,,524403,0,,0,1,,Null,2023/2024,WALMSLEY ROAD,WALMSLEY ROAD ON RAMP,,Non-Injury Crash,No,2023,,East,,0,,Flat,,,,,,Bright sun,729800,0,0,0,4,,,0,,,,,,Auckland Region,Nil,2-way,Sealed,,0,0,,50,,Off,0,0,,76,Auckland,Traffic Signals,,,,,0,1,Urban,0,,,Fine,None
1734511.0812,5935841.999,774450,,506653,0,0,0,1,0,North,2024/2025,PEAK ROAD,OLD NORTH ROAD,,Non-Injury Crash,No,2024,0,North,1,0,0,Flat,0,,0,,0,Bright sun,217703,0,0,0,2,0,0,0,0,0,,0,0,Auckland Region,Nil,2-way,Sealed,0,0,0,0,80,0,None,0,0,,76,Auckland,Nil,0,0,0,0,0,0,Open,0,0,0,Fine,Null
1772300.5098,5893632.5698,774457,,525530,0,,0,1,,South,2024/2025,SOUTHERN MOTORWAY,SERVICE CENTRE OFF SBD,,Non-Injury Crash,Yes,2025,,South,,0,,Flat,,,,,,Bright sun,808607,0,0,0,3,,,0,,,,,,Auckland Region,Nil,1-way,Sealed,,0,0,,100,,Off,0,0,,76,Auckland,Nil,,,,,0,0,Open,1,,,Fine,Null
1766183.8993,5906623.6717,774480,,522301,0,,0,1,,North,2023/2024,HUIA ROAD,TUI ROAD,,Non-Injury Crash,No,2023,,North,,0,,Flat,,,,,,Twilight,667300,0,0,0,2,,,0,,,,,,Auckland Region,Nil,2-way,Sealed,,0,0,,50,,None,1,0,,76,Auckland,Nil,,,,,0,0,Urban,0,,,Fine,None
1764085.9841,5912401.1673,774482,,520500,0,,0,1,,East,2024/2025,MOUNT WELLINGTON HWY OFF RAMP,MOUNT WELLINGTON HIGHWAY,,Minor Crash,No,2024,,North,,0,,Hill Road,,,,,,Overcast,639500,2,0,0,2,,,0,,,,,,Auckland Region,Motorway ramp,1-way,Sealed,,0,0,,100,,Off,2,0,,76,Auckland,Nil,,,,,1,0,Open,0,,,Fine,Null
1772952.3718,5913376.7127,774489,,523102,0,0,0,1,0,South,2024/2025,CURRELL WAY,MEADOWLAND DRIVE,,Serious Crash,No,2024,0,South,0,0,0,Flat,0,,0,,0,Dark,711034,1,0,0,2,0,0,0,0,0,,0,0,Auckland Region,Nil,2-way,Sealed,0,0,1,0,50,0,On,0,0,40,76,Auckland,Nil,0,0,0,1,0,0,Urban,0,0,0,Fine,Null
1743555.4959,5916352.6567,774498,,513012,0,0,0,0,0,East,2024/2025,SAN BERNADINO DRIVE,SAN VALENTINO DRIVE,,Minor Crash,No,2024,0,South,0,0,0,Hill Road,0,,0,,0,Bright sun,280710,1,0,1,2,0,0,0,0,1,,0,0,Auckland Region,Nil,2-way,Sealed,0,0,0,0,50,0,None,1,0,,76,Auckland,Nil,0,0,0,0,0,0,Urban,0,0,0,Fine,Null
1766061.0573,5899243.4854,774505,,524812,0,,0,2,,Null,2025/2026,WEYMOUTH ROAD,KAIMOANA STREET,,Non-Injury Crash,No,2025,,North,,0,,Flat,,,,,,Overcast,774003,0,0,0,2,,,0,,,,,,Auckland Region,Nil,2-way,Sealed,,0,0,,50,,On,0,0,,76,Auckland,Give way,,,,,0,0,Urban,0,,,Fine,Null
1765633.36,5906876.5704,774506,,522202,0,,0,1,,Null,2024/2025,GREAT SOUTH ROAD,CHARLES STREET,,Serious Crash,No,2024,,North,,0,,Flat,,,,,,Dark,663500,0,0,0,4,,,0,,,1,,,Auckland Region,Nil,2-way,Sealed,,0,1,,50,,On,0,0,,76,Auckland,Traffic Signals,,,,,0,0,Urban,0,,,Fine,Null
1758336.195,5920165.8926,774520,,515902,0,,0,1,,Null,2023/2024,PARNELL RISE,SHIPWRIGHT LANE,,Non-Injury Crash,No,2023,,West,,0,,Hill Road,,,,,,Bright sun,453000,0,0,1,4,,,0,,,,,,Auckland Region,Nil,2-way,Sealed,,0,0,,50,,Off,0,0,40,76,Auckland,Give way,,,,,0,0,Urban,0,,,Fine,Strong wind
1779288.728,5914379.0549,774521,,523300,0,0,0,1,0,North,2024/2025,WHITFORD MARAETAI ROAD,OKARORO DRIVE,,Non-Injury Crash,No,2024,0,North,0,0,1,Hill Road,0,,0,,0,Bright sun,718900,0,0,0,2,0,0,0,0,0,,0,1,Auckland Region,Nil,2-way,Sealed,0,0,0,0,80,0,Off,0,0,,76,Auckland,Nil,0,0,0,0,0,0,Open,0,0,0,Heavy rain,Null
1771256.1237,5898759.3649,774528,,523912,0,,0,2,,Null,2024/2025,KAURI HEART AVENUE,FUSELAGE LANE,,Non-Injury Crash,No,2024,,North,,0,,Flat,,,,,,Bright sun,767400,0,0,0,2,,,0,,,,,,Auckland Region,Nil,2-way,Sealed,,0,0,,50,,Off,0,0,,76,Auckland,Nil,,,,,0,0,Urban,0,,,Fine,Null
1772458.4784,5893360.7425,774562,,521201,0,,0,3,,South,2023/2024,SOUTHERN MOTORWAY,PARK ESTATE OBR,,Non-Injury Crash,Yes,2023,,North,,0,,Flat,,,,,,Overcast,806800,0,0,0,2,,,0,,,,,,Auckland Region,Nil,1-way,Sealed,,0,0,,80,,Off,0,0,,76,Auckland,Nil,,,,,0,0,Open,0,,,Fine,Null
1743804.617,5919219.5708,774568,,513213,0,,0,2,,Null,2023/2024,SWANSON ROAD,METCALFE ROAD,,Non-Injury Crash,No,2023,,North,,0,,Flat,,,,,,Dark,236001,0,0,0,2,,,0,,,,,,Auckland Region,Nil,2-way,Sealed,,0,0,,50,,On,0,0,,76,Auckland,Give way,,,,,0,0,Urban,0,,,Fine,Null
1757124.7724,5919084.6778,774569,,514301,0,,0,2,,East,2025/2026,SOUTHERN MOTORWAY,SYMONDS OBR,,Minor Crash,Yes,2025,,North,,0,,Flat,,,,,,Overcast,441200,1,0,0,3,,,0,,,,,,Auckland Region,Nil,1-way,Sealed,,0,0,,80,,Off,0,0,,76,Auckland,Nil,,,,,0,0,Open,0,,,Fine,Null
1744422.3861,5920479.9035,774577,,513632,0,0,0,2,0,South,2024/2025,CHORLEY AVENUE,WAIMUMU ROAD,,Non-Injury Crash,No,2024,0,West,0,0,0,Hill Road,0,Christmas New Year,0,,0,Dark,228400,0,0,0,2,0,0,0,0,1,,0,0,Auckland Region,Nil,2-way,Sealed,0,0,0,0,50,0,On,0,0,,76,Auckland,Nil,0,0,0,0,0,0,Urban,0,0,0,Light rain,Null
1778814.344,5913011.1627,774594,,523202,0,0,0,1,0,South,2023/2024,WHITFORD MARAETAI ROAD,OKARORO DRIVE,,Minor Crash,No,2024,0,North,0,0,0,Flat,0,,0,,0,Dark,762501,1,0,0,2,0,0,0,0,0,,0,0,Auckland Region,Nil,1-way,Sealed,0,0,0,0,60,0,On,0,0,,76,Auckland,Nil,0,0,0,1,0,0,Urban,0,0,0,Light rain,Null
1764057.6029,5909902.9712,774608,,521901,0,0,0,0,0,Null,2024/2025,KING STREET,GREAT SOUTH ROAD,,Serious Crash,No,2025,0,West,0,0,0,Flat,0,,0,,1,Overcast,783900,0,0,0,2,0,0,0,0,0,,1,0,Auckland Region,Nil,2-way,Sealed,0,0,1,0,30,0,Off,1,0,,76,Auckland,Give way,0,0,0,1,0,0,Urban,0,0,0,Fine,Null
1772580.3856,5896713.1734,774649,,525420,0,,0,0,,East,2023/2024,O'SHANNESSEY STREET,GREAT SOUTH ROAD,,Non-Injury Crash,No,2024,,East,,0,,Flat,,,,,,Dark,792800,0,0,0,2,,,0,,,,,,Auckland Region,Nil,2-way,Sealed,,0,0,,50,,On,1,0,,76,Auckland,Nil,,,,,0,0,Urban,0,,,Light rain,Null
1769408.3541,5906031.8838,774650,,523712,0,,0,2,,Null,2024/2025,CHAPEL ROAD,MEDVALE AVENUE,,Non-Injury Crash,No,2024,,North,,0,,Flat,,,,,,Bright sun,713202,0,0,0,2,,,0,,,,,,Auckland Region,Nil,2-way,Sealed,,0,0,,50,,Null,0,0,,76,Auckland,Give way,,,,,0,0,Urban,0,,,Fine,Null
1764307.7458,5914941.1653,774656,,520301,0,0,0,2,0,Null,2024/2025,MOUNTAIN ROAD,ELLERSLIE-PANMURE HIGHWAY,,Non-Injury Crash,No,2024,0,South,0,0,1,Hill Road,0,,0,,0,Bright sun,628205,0,0,0,4,0,0,0,0,0,,0,0,Auckland Region,Nil,2-way,Sealed,0,0,0,0,50,0,Off,0,0,,76,Auckland,Give way,0,0,0,0,0,0,Urban,0,0,0,Fine,Null
1752317.1129,5930941.9602,774666,,508807,0,0,0,1,0,West,2023/2024,UPPER HARBOUR HIGHWAY,ALBANY HIGHWAY ON RAMP,,Non-Injury Crash,Yes,2024,0,East,0,0,0,Hill Road,1,,0,,0,Dark,180809,0,0,0,2,0,0,0,0,0,,0,0,Auckland Region,Nil,1-way,Sealed,0,0,0,0,80,0,On,0,0,,76,Auckland,Nil,0,0,0,0,0,0,Open,0,0,0,Fine,Null
1751586.2358,5947969.7818,774681,,505808,0,,0,2,,North,2024/2025,HIBISCUS COAST HIGHWAY,RED BEACH ROAD,,Non-Injury Crash,No,2024,,North,,0,,Hill Road,,,,,,Bright sun,172904,0,0,0,3,,,0,,,,,,Auckland Region,Nil,2-way,Sealed,,0,0,,50,,Off,0,0,,76,Auckland,Nil,,,,,0,0,Urban,0,,,Fine,Null
1733628.6697,5932387.0383,774688,,505605,0,0,0,0,0,North,2023/2024,TAYLOR ROAD,WAIKOUKOU VALLEY ROAD,,Minor Crash,No,2024,0,South,1,0,0,Flat,0,,0,,0,Dark,215700,1,0,1,2,0,0,0,0,0,,0,0,Auckland Region,Nil,2-way,Sealed,0,0,0,0,80,0,None,0,0,,76,Auckland,Nil,0,1,0,0,0,0,Open,0,0,0,Fine,Null