X,Y,OBJECTID,advisorySpeed,areaUnitID,bicycle,bridge,bus,carStationWagon,cliffBank,crashDirectionDescription,crashFinancialYear,crashLocation1,crashLocation2,crashRoadSideRoad,crashSeverity,crashSHDescription,crashYear,debris,directionRoleDescription,ditch,fatalCount,fence,flatHill,guardRail,holiday,houseOrBuilding,intersection,kerb,light,meshblockId,minorInjuryCount,moped,motorcycle,NumberOfLanes,objectThrownOrDropped,otherObject,otherVehicleType,overBank,parkedVehicle,pedestrian,phoneBoxEtc,postOrPole,region,roadCharacter,roadLane,roadSurface,roadworks,schoolBus,seriousInjuryCount,slipOrFlood,speedLimit,strayAnimal,streetLight,suv,taxi,temporarySpeedLimit,tlaId,tlaName,trafficControl,trafficIsland,trafficSign,train,tree,truck,unknownVehicleType,urban,vanOrUtility,vehicle,waterRiver,weatherA,weatherB
1784001.289,5910707.2954,774689,,525201,0,,0,0,,North,2024/2025,NORTH ROAD,WHEELER RISE,,Serious Crash,No,2024,,North,,0,,Flat,,,,,,Dark,762700,0,0,1,2,,,0,,,,,,Auckland Region,Nil,2-way,Unsealed,,0,1,,80,,None,0,0,30,76,Auckland,Nil,,,,,0,0,Open,0,,,Mist or Fog,Strong wind
1769731.9139,5914204.6909,774698,,522722,0,0,0,4,0,South,2024/2025,AVIEMORE DRIVE,HIGHLAND PARK DRIVE,,Non-Injury Crash,No,2024,0,South,0,0,0,Flat,0,,0,,0,Bright sun,681324,0,0,0,2,0,0,0,0,1,,0,0,Auckland Region,Nil,2-way,Sealed,0,0,0,0,50,0,Off,0,0,,76,Auckland,Nil,0,0,0,0,0,0,Urban,0,0,0,Fine,Null
1752635.1914,5912565.2549,774705,,514700,0,,0,2,,North,2024/2025,BOUNDARY ROAD,WHITE SWAN ROAD,,Minor Crash,No,2024,,South,,0,,Flat,,,,,,Bright sun,370800,1,0,0,2,,,0,,,,,,Auckland Region,Nil,2-way,Sealed,,0,0,,50,,Off,0,0,,76,Auckland,Nil,,,,,0,0,Urban,0,,,Fine,Null
1757148.8681,5920280.7853,774712,,514102,0,0,0,1,0,Null,2022/2023,WELLESLEY STREET WEST,ALBERT STREET,,Non-Injury Crash,No,2023,0,East,0,0,0,Hill Road,0,,0,,0,Dark,433802,0,0,0,4,0,0,0,0,0,,0,0,Auckland Region,Nil,2-way,Sealed,0,0,0,0,30,0,On,0,0,,76,Auckland,Traffic Signals,0,1,0,0,0,0,Urban,0,0,0,Fine,Null
1758225.9682,5916317.7378,774713,,515801,0,,0,2,,South,2024/2025,MANUKAU ROAD,RANFURLY ROAD,,Non-Injury Crash,No,2024,,South,,0,,Flat,,,,,,Dark,446200,0,0,0,2,,,0,,,,,,Auckland Region,Nil,2-way,Sealed,,0,0,,50,,On,0,0,,76,Auckland,Nil,,,,,0,0,Urban,0,,,Fine,Null
1762949.1687,5912924.4541,774720,,520402,0,,0,1,,North,2023/2024,SOUTHERN MOTORWAY,SOUTH-EASTERN HWY OFF RAMP,,Non-Injury Crash,Yes,2023,,South,,0,,Flat,,,,,,Twilight,642500,0,0,0,4,,,0,,,,,,Auckland Region,Nil,1-way,Sealed,,0,0,,100,,Off,0,0,,76,Auckland,Nil,,,,,1,0,Open,0,,,Fine,Null
1768956.1287,5911183.0373,774729,,523112,0,,0,2,,Null,2024/2025,HARRIS ROAD,CRYERS ROAD,,Non-Injury Crash,No,2024,,North,,0,,Flat,,,,,,Bright sun,711404,0,0,0,4,,,0,,,,,,Auckland Region,Nil,2-way,Sealed,,0,0,,50,,Off,0,0,,76,Auckland,Give way,,,,,0,0,Urban,0,,,Fine,Null
1746474.998,5963625.0749,774746,,506613,0,0,0,1,0,North,2023/2024,NORTHERN MOTORWAY,PUHOI ROAD OFF RAMP,,Non-Injury Crash,Yes,2024,0,North,0,0,0,Hill Road,1,,0,,0,Dark,146800,0,0,0,4,0,0,0,0,0,,0,0,Auckland Region,Nil,2-way,Sealed,0,0,0,0,100,0,None,0,0,,76,Auckland,Nil,0,0,0,0,0,0,Open,0,0,0,Fine,Null
1757014.103,5927172.0058,774760,,507900,0,,0,3,,South,2024/2025,TAHAROTO ROAD,KARAKA STREET,,Minor Crash,No,2025,,South,,0,,Flat,,,,,,Bright sun,304800,1,0,0,5,,,0,,,,,,Auckland Region,Nil,2-way,Sealed,,0,0,,50,,Off,1,0,,76,Auckland,Nil,,,,,0,0,Urban,0,,,Fine,Null
1776954.1622,5892927.1668,774762,,521301,0,0,0,0,0,North,2024/2025,PONGA ROAD,JUDGE RICHARDSON DRIVE,,Minor Crash,No,2025,0,East,0,0,0,Hill Road,0,,0,,0,Bright sun,808002,1,0,1,2,0,0,0,0,0,,0,0,Auckland Region,Nil,2-way,Sealed,0,0,0,0,80,0,None,0,0,,76,Auckland,Nil,0,1,0,0,0,0,Open,0,0,0,Fine,Null
1757057.7472,5917610.3549,774769,25,518101,0,0,0,2,0,Null,2023/2024,MOUNT EDEN ROAD,HILLSIDE CRESCENT NORTH,,Minor Crash,No,2024,0,North,0,0,0,Hill Road,0,,0,,0,Dark,546200,2,0,0,2,0,0,0,0,1,,0,0,Auckland Region,Nil,2-way,Sealed,0,0,0,0,50,0,On,0,0,,76,Auckland,Give way,1,0,0,0,0,0,Urban,0,0,0,Fine,Null
1770493.5207,5901966.5586,774770,,523819,2,0,0,0,0,South,2024/2025,STRATFORD ROAD,HILL ROAD,,Serious Crash,No,2025,0,South,0,0,0,Hill Road,0,,0,,0,Bright sun,760810,0,0,0,2,0,1,0,0,0,,0,0,Auckland Region,Nil,2-way,Sealed,0,0,1,0,50,0,Off,0,0,,76,Auckland,Nil,0,0,0,0,0,0,Urban,0,0,0,Fine,Null
1761249.5309,5914538.6472,774794,,520202,0,,0,0,,Null,2023/2024,ELLERSLIE-PANMURE HWY ON RAMP,SOUTHERN MOTORWAY,,Non-Injury Crash,No,2024,,North,,0,,Flat,,,,,,Bright sun,612100,0,0,0,2,,,0,,,,,,Auckland Region,Motorway ramp,1-way,Sealed,,0,0,,100,,Off,0,0,,76,Auckland,Nil,,,,,0,0,Open,2,,,Fine,None
1748836.4849,5917409.9798,774800,45,514801,0,,0,2,,South,2024/2025,ROSEBANK ROAD,TIMOTHY PLACE,,Serious Crash,No,2024,,South,,0,,Flat,,,,,,Bright sun,389300,0,0,0,3,,,0,,,,,,Auckland Region,Nil,2-way,Sealed,,0,1,,50,,Off,0,0,,76,Auckland,Nil,,,,,0,0,Urban,0,,,Fine,Null
1758641.4207,5917589.8927,774809,,516001,0,,0,1,,Null,2024/2025,ST MARKS ROAD,ROBERT HALL AVENUE,,Non-Injury Crash,No,2024,,West,,0,,Null,,,,,,Bright sun,490703,0,0,0,3,,,0,,,,,,Auckland Region,Nil,2-way,Sealed,,0,0,,50,,Off,1,0,,76,Auckland,Stop,,,,,0,0,Urban,0,,,Fine,Null
1764690.5291,5914981.3344,774810,,520301,0,0,0,2,0,South,2022/2023,FORGE WAY,MOUNTWELL CRESCENT,,Non-Injury Crash,No,2023,0,Null,0,0,0,Flat,0,,0,,0,Bright sun,628203,0,0,0,2,0,0,0,0,1,,0,0,Auckland Region,Nil,2-way,Sealed,0,0,0,0,50,0,Off,0,0,,76,Auckland,Nil,0,0,0,0,0,0,Urban,0,0,0,Fine,None
1736484.1433,5983524.7355,774818,,505300,0,,0,1,,North,2024/2025,RODNEY STREET,SCHOOL ROAD,,Fatal Crash,Yes,2025,,South,,1,,Hill Road,,,,,,Bright sun,142300,1,0,0,2,,,0,,,,,,Auckland Region,Nil,2-way,Sealed,,0,2,,50,,Off,0,0,,76,Auckland,Nil,,,,,1,0,Urban,0,,,Fine,Null
1768371.2828,5890676.9848,774824,,521202,0,0,0,1,0,South,2023/2024,BLACKBRIDGE ROAD,MUIR ROAD,,Non-Injury Crash,No,2024,0,North,0,0,1,Flat,0,Queens Birthday,0,,0,Overcast,807100,0,0,0,2,0,0,0,0,0,,0,0,Auckland Region,Nil,2-way,Sealed,0,0,0,0,60,0,Off,0,0,,76,Auckland,Nil,0,0,0,0,0,0,Urban,0,0,0,Fine,Null
1743200.6198,5924434.1503,774834,,513410,0,0,0,0,0,Null,2024/2025,SPRING GARDEN AVENUE,FOXGLOVE ROAD,,Serious Crash,No,2025,0,East,0,0,0,Flat,0,,0,,0,Dark,224000,0,0,1,2,0,0,0,0,0,,0,0,Auckland Region,Nil,2-way,Sealed,0,0,1,0,50,0,On,0,0,,76,Auckland,Give way,0,1,0,0,0,0,Urban,0,0,0,Fine,Null
1751433.1883,5915484.7711,774857,,514401,0,0,0,0,0,Null,2024/2025,ROSEBANK ROAD,ROBERTON ROAD,,Minor Crash,No,2024,0,West,0,0,0,Hill Road,0,,0,,0,Bright sun,382200,1,0,0,2,0,0,0,0,0,,0,1,Auckland Region,Nil,2-way,Sealed,0,0,0,0,50,0,Off,0,0,,76,Auckland,Stop,0,1,0,0,0,0,Urban,1,0,0,Fine,Null
1771278.8555,5898062.1758,774880,,523912,0,,0,1,,Null,2023/2024,GREAT SOUTH ROAD,THE FURLONG,,Minor Crash,No,2023,,North,,0,,Flat,,,,,,Overcast,767705,1,0,0,4,,,0,,,,,,Auckland Region,Nil,2-way,Sealed,,0,0,,50,,Off,0,0,,76,Auckland,Traffic Signals,,,,,0,0,Urban,1,,,Fine,Null
1766016.1885,5918460.8436,774888,,516900,0,0,0,3,0,East,2023/2024,MOUNT TAYLOR DRIVE,ROMOLA STREET,,Non-Injury Crash,No,2023,0,West,0,0,0,Flat,0,,0,,0,Overcast,467100,0,0,0,2,0,0,0,0,1,,0,0,Auckland Region,Nil,2-way,Sealed,0,0,0,0,50,0,Off,1,0,,76,Auckland,Nil,0,0,0,0,0,0,Urban,0,0,0,Fine,Null
1758746.7212,5917361.6731,774896,,516001,0,0,0,1,0,South,2023/2024,SOUTHERN MOTORWAY,NEWMARKET VDT S,,Non-Injury Crash,Yes,2023,0,North,0,0,0,Flat,2,,0,,0,Dark,491000,0,0,0,3,0,0,0,0,0,,0,0,Auckland Region,Nil,1-way,Sealed,0,0,0,0,80,0,On,0,0,,76,Auckland,Nil,0,0,0,0,0,0,Open,0,0,0,Fine,Null
1762316.2389,5912954.1055,774905,,519500,0,,0,2,,West,2025/2026,GREAT SOUTH ROAD,SIMS ROAD,,Non-Injury Crash,No,2025,,South,,0,,Flat,,,,,,Overcast,622200,0,0,0,4,,,0,,,,,,Auckland Region,Nil,2-way,Sealed,,0,0,,50,,Off,0,0,,76,Auckland,Nil,,,,,0,0,Urban,1,,,Light rain,Null
1743942.4548,5918994.8194,774913,,513220,0,,0,2,,North,2024/2025,SWANSON ROAD,MIHINI ROAD,,Non-Injury Crash,No,2024,,North,,0,,Flat,,,,,,Dark,236103,0,0,0,2,,,0,,,,,,Auckland Region,Nil,2-way,Sealed,,0,0,,50,,On,0,0,,76,Auckland,Nil,,,,,0,0,Urban,1,,,Fine,Null
1763385.6665,5904946.6838,774929,,524303,0,,0,0,,North,2024/2025,SOUTH-WESTERN MOTORWAY,PUHINUI ROAD-SH 20B OFF RAMP,,Minor Crash,Yes,2024,,South,,0,,Flat,,,,,,Bright sun,746301,1,0,0,2,,,0,,,,,,Auckland Region,Nil,1-way,Sealed,,0,0,,100,,Off,1,0,,76,Auckland,Nil,,,,,1,0,Open,1,,,Fine,Null
1762432.4989,5913240.6874,774930,,520402,0,0,0,6,0,South,2024/2025,SOUTHERN MOTORWAY,PENROSE OBR,,Minor Crash,Yes,2025,0,South,0,0,1,Flat,0,,0,,0,Twilight,642400,4,0,0,3,0,0,0,0,0,,0,1,Auckland Region,Nil,1-way,Sealed,0,0,0,0,100,0,On,1,0,,76,Auckland,Nil,0,0,0,0,0,1,Open,0,0,0,Light rain,Null
1758184.1901,5926447.0744,774946,,508020,0,,0,1,,Null,2022/2023,ESMONDE ROAD,BURNS AVENUE,,Non-Injury Crash,No,2023,,East,,0,,Flat,,Easter,,,,Dark,325300,0,0,0,2,,,0,,,,,,Auckland Region,Nil,2-way,Sealed,,0,0,,60,,On,0,0,,76,Auckland,Traffic Signals,,,,,0,0,Urban,1,,,Fine,None
1749816.542,5912265.1428,774962,,511402,0,0,0,2,0,South,2023/2024,ASTLEY AVENUE,BLEASE STREET,,Non-Injury Crash,No,2024,0,South,0,0,0,Flat,0,Easter,0,,0,Dark,261300,0,0,0,2,0,0,0,0,1,,0,0,Auckland Region,Nil,2-way,Sealed,0,0,0,0,50,0,On,0,0,,76,Auckland,Nil,0,0,0,0,0,0,Urban,0,0,0,Fine,Null
1770035.2724,5910222.5837,774978,,523109,0,1,0,0,0,Null,2023/2024,TE IRIRANGI DRIVE,BRINLACK DRIVE,,Non-Injury Crash,No,2024,0,South,0,0,0,Flat,0,,0,,1,Twilight,711736,0,0,0,2,0,0,0,0,0,,0,0,Auckland Region,Bridge,1-way,Sealed,0,0,0,0,60,0,Off,0,0,,76,Auckland,Stop,0,0,0,0,0,0,Urban,0,0,0,Fine,Null
1746954.4764,5919052.5285,774984,,512402,0,,0,2,,South,2022/2023,TE ATATU ROAD,VERA ROAD,,Non-Injury Crash,No,2023,,South,,0,,Flat,,,,,,Dark,254500,0,0,0,4,,,0,,,,,,Auckland Region,Nil,2-way,Sealed,,0,0,,50,,On,0,0,,76,Auckland,Nil,,,,,0,0,Urban,0,,,Fine,Null
1752122.6539,5932830.4183,774985,,508807,0,,0,2,,North,2024/2025,BUSH ROAD,CAROLINA PLACE,,Minor Crash,No,2024,,North,,0,,Flat,,,,,,Dark,180501,1,0,0,2,,,0,,,,,,Auckland Region,Nil,2-way,Sealed,,0,0,,50,,On,0,0,,76,Auckland,Nil,,,,,0,0,Urban,0,,,Light rain,Null
1754675.967,5915704.0415,774986,,517702,0,,0,2,,West,2023/2024,KITCHENER ROAD,SANDRINGHAM ROAD,,Non-Injury Crash,No,2024,,West,,0,,Flat,,,,,,Dark,540900,0,0,0,2,,,0,,,,,,Auckland Region,Nil,2-way,Sealed,,0,0,,50,,On,0,0,,76,Auckland,Nil,,,,,0,0,Urban,0,,,Fine,Null
1746500.2192,5920053.0754,774993,,512402,0,,0,2,,East,2024/2025,NORTH-WESTERN MOTORWAY,HENDERSON CK BR,,Non-Injury Crash,Yes,2024,,West,,0,,Flat,,,,,,Overcast,252100,0,0,0,3,,,0,,,,,,Auckland Region,Nil,1-way,Sealed,,0,0,,100,,Off,1,0,,76,Auckland,Nil,,,,,0,0,Open,1,,,Fine,Null
1759550.322,5906288.8233,775001,25,524200,0,,0,2,,South,2022/2023,WESTNEY ROAD,KIRKBRIDE ROAD,,Non-Injury Crash,No,2023,,South,,0,,Flat,,,,,,Overcast,727400,0,0,0,2,,,0,,,,,,Auckland Region,Nil,2-way,Sealed,,0,0,,50,,Off,0,0,,76,Auckland,Nil,,,,,0,0,Urban,0,,,Fine,None
1763393.5792,5913939.8867,775002,,520401,0,0,0,1,0,East,2024/2025,PENROSE ROAD,YOUNG ROAD,,Serious Crash,No,2024,0,West,0,0,1,Flat,0,,0,,0,Dark,642900,3,0,0,2,0,0,0,0,0,,0,1,Auckland Region,Nil,2-way,Sealed,0,0,1,0,50,0,On,0,0,,76,Auckland,Nil,0,0,0,1,0,0,Urban,0,0,0,Fine,Null
1749325.7094,5945748.4864,775008,,505806,0,,0,1,,West,2023/2024,HIBISCUS COAST HIGHWAY,EAST COAST ROAD,,Serious Crash,No,2024,,West,,0,,Flat,,,,,,Overcast,176802,0,0,1,2,,,0,,,,,,Auckland Region,Nil,2-way,Sealed,,0,1,,60,,Off,0,0,,76,Auckland,Give way,,,,,0,0,Urban,0,,,Fine,Null
1755445.7992,5913278.8613,775025,,518803,0,0,0,1,0,East,2023/2024,SOUTH-WESTERN MOTORWAY,DOMINION ROAD ON RAMP,,Non-Injury Crash,Yes,2024,0,East,0,0,0,Flat,1,,0,,0,Dark,582700,0,0,0,2,0,1,0,0,0,,0,0,Auckland Region,Nil,1-way,Sealed,0,0,0,0,100,0,On,0,0,,76,Auckland,Nil,0,0,0,0,0,0,Open,0,0,0,Fine,Null
1747364.6028,5937860.7401,775026,,506614,0,0,0,1,0,North,2023/2024,GREEN ROAD,POTTER ROAD,,Non-Injury Crash,No,2023,0,South,0,0,1,Hill Road,0,,0,,0,Overcast,178102,0,0,0,2,0,0,0,0,0,,0,0,Auckland Region,Nil,2-way,Sealed,0,0,0,0,60,0,None,0,0,,76,Auckland,Nil,0,0,0,1,0,0,Urban,0,0,0,Fine,Null
1741013.9486,5912379.4169,775032,,512902,0,0,0,1,0,North,2023/2024,FOREST HILL ROAD,OLD FOREST HILL ROAD,,Non-Injury Crash,No,2023,0,North,0,0,0,Hill Road,0,,0,,0,Overcast,279101,0,0,0,2,0,0,0,0,0,,0,1,Auckland Region,Nil,2-way,Sealed,0,0,0,0,70,0,None,0,0,,76,Auckland,Nil,0,0,0,0,0,0,Urban,0,0,0,Light rain,Null
1758322.5494,5926530.3252,775040,,508020,0,,0,1,,West,2023/2024,ESMONDE ROAD,LAKE ROAD,,Serious Crash,No,2024,,East,,0,,Hill Road,,,,,,Overcast,325402,1,0,0,4,,,0,,,1,,,Auckland Region,Nil,2-way,Sealed,,0,1,,50,,Off,0,0,,76,Auckland,Nil,,,,,0,0,Urban,0,,,Fine,Null
1768707.0401,5910118.3813,775072,,523112,0,0,0,2,0,Null,2023/2024,HARRIS ROAD,CROOKS ROAD,,Minor Crash,No,2023,0,North,0,0,0,Flat,0,,0,,0,Overcast,711500,1,0,0,2,0,0,0,0,1,,0,0,Auckland Region,Nil,2-way,Sealed,0,0,0,0,50,0,Off,0,0,,76,Auckland,Give way,0,0,0,0,0,0,Urban,0,0,0,Light rain,Null
1767328.3476,5899094.637,775073,,525102,0,,0,2,,Null,2024/2025,MAHIA ROAD,SYKES ROAD,,Minor Crash,No,2024,,West,,0,,Flat,,,,,,Overcast,772902,1,0,0,2,,,0,,,,,,Auckland Region,Nil,2-way,Sealed,,0,0,,50,,Off,0,0,,76,Auckland,Give way,,,,,0,0,Urban,0,,,Fine,Null
1758891.4829,5917176.8775,775088,,516001,0,,0,2,,South,2022/2023,SOUTHERN MOTORWAY,DILWORTH FTBR,,Non-Injury Crash,Yes,2023,,South,,0,,Flat,,,,,,Bright sun,491200,0,0,0,4,,,0,,,,,,Auckland Region,Nil,1-way,Sealed,,0,0,,80,,Off,0,0,,76,Auckland,Nil,,,,,0,0,Open,0,,,Fine,Null
1768829.4363,5904253.1315,775089,,523820,0,,0,0,,Null,2023/2024,EVERGLADE DRIVE,RANSOM SMYTH DRIVE,,Non-Injury Crash,No,2024,,South,,0,,Hill Road,,,,,,Dark,760138,0,0,0,2,,,0,,,,,,Auckland Region,Nil,2-way,Sealed,,0,0,,50,,On,0,0,,76,Auckland,Give way,,,,,0,0,Urban,1,,,Light rain,Null
1757187.5204,5912509.1201,775114,,518702,0,0,0,1,0,Null,2023/2024,SH 20,HILLSBOROUGH ROAD ON RAMP,,Non-Injury Crash,Yes,2023,0,South,0,0,0,Flat,1,,0,,0,Dark,570300,0,0,0,4,0,0,0,0,0,,0,0,Auckland Region,Nil,1-way,Sealed,0,0,0,0,100,0,On,0,0,,76,Auckland,Nil,0,0,0,0,1,0,Open,0,0,0,Light rain,Null
1759672.2345,5947278.7825,775122,,505904,0,0,0,1,0,Null,2024/2025,WHANGAPARAOA ROAD,SIESTA TERRACE,,Minor Crash,No,2024,0,North,0,0,0,Hill Road,0,,0,,1,Overcast,175003,1,0,0,2,0,0,0,0,0,,0,0,Auckland Region,Nil,2-way,Sealed,0,0,0,0,50,0,Off,0,0,,76,Auckland,Stop,0,0,0,1,0,0,Urban,0,0,0,Fine,Null
1768244.9961,5913849.0353,775128,,522810,0,,0,2,,North,2022/2023,PAKURANGA ROAD,WILBUR PLACE,,Non-Injury Crash,No,2023,,North,,0,,Flat,,,,,,Unknown,691203,0,0,0,2,,,0,,,,,,Auckland Region,Nil,1-way,Sealed,,0,0,,60,,Null,0,0,,76,Auckland,Nil,,,,,0,0,Urban,0,,,Null,Null
1755700.8114,5915978.4361,775129,,518301,0,0,0,2,0,East,2024/2025,HALSTON ROAD,DOMINION ROAD,,Non-Injury Crash,No,2025,0,East,0,0,0,Flat,0,,0,,0,Dark,555500,0,0,0,2,0,0,0,0,1,,0,0,Auckland Region,Nil,2-way,Sealed,0,0,0,0,30,0,On,0,0,,76,Auckland,Nil,0,0,0,0,0,0,Urban,0,0,0,Fine,Null
1785366.3001,5925990.9746,775130,,520801,0,,0,1,,Null,2024/2025,ONETANGI ROAD,TOTARA ROAD,,Minor Crash,No,2024,,North,,0,,Flat,,,,,,Dark,515715,1,0,0,2,,,0,,,,,,Auckland Region,Nil,2-way,Sealed,,0,0,,50,,On,0,0,,76,Auckland,Give way,,,,,0,0,Urban,1,,,Fine,Null
1764290.6318,5910430.1258,775137,,521801,0,,0,1,,Null,2023/2024,CHURCH STREET,LUKE STREET,,Serious Crash,No,2024,,North,,0,,Flat,,,,,,Dark,786801,0,0,1,2,,,0,,,2,,,Auckland Region,Nil,2-way,Sealed,,0,1,,50,,On,0,0,,76,Auckland,Stop,,,,,0,0,Urban,0,,,Fine,Null
1759547.5684,5909899.56,775138,,524002,0,,0,3,,North,2024/2025,SOUTH-WESTERN MOTORWAY,HASTIE FTBR,,Minor Crash,Yes,2024,,North,,0,,Flat,,,,,,Overcast,722400,2,0,0,3,,,0,,,,,,Auckland Region,Nil,1-way,Sealed,,0,0,,100,,Off,0,0,,76,Auckland,Nil,,,,,0,0,Open,0,,,Fine,Null
1754971.5384,5930409.3119,775146,,508520,0,,0,1,,North,2023/2024,NORTHERN BUSWAY,SUNNYNOOK OBR,,Non-Injury Crash,No,2024,,South,,0,,Hill Road,,,,,,Dark,192700,0,0,0,2,,,0,,,,,,Auckland Region,Nil,2-way,Sealed,,0,0,,100,,On,0,1,,76,Auckland,Nil,,,,,0,0,Open,1,,,Fine,Null
1763490.0517,5910674.3556,775154,,520500,0,0,0,2,0,Null,2023/2024,GREAT SOUTH ROAD,PORTAGE ROAD,,Non-Injury Crash,No,2024,0,North,0,0,0,Flat,0,,0,,0,Bright sun,637801,0,0,0,4,0,1,0,0,0,,0,0,Auckland Region,Nil,2-way,Sealed,0,0,0,0,50,0,Off,0,0,,76,Auckland,Give way,0,0,0,0,0,0,Urban,0,0,0,Fine,Null
1756239.7526,5931128.4168,775160,,508520,0,,0,2,,North,2023/2024,EAST COAST ROAD,WILLIAM SOUTER STREET,,Serious Crash,No,2023,,North,,0,,Hill Road,,Christmas New Year,,,,Overcast,148705,1,0,0,3,,,0,,,,,,Auckland Region,Nil,2-way,Sealed,,0,2,,50,,Off,0,0,30,76,Auckland,Nil,,,,,0,0,Urban,0,,,Fine,Null
1741050.3737,5976507.9263,775168,,506660,0,,0,1,,South,2023/2024,SH 1,WAITARAIRE BR,,Non-Injury Crash,Yes,2023,,South,,0,,Flat,,,,,,Overcast,136700,0,0,0,2,,,0,,,,,,Auckland Region,Nil,2-way,Sealed,,0,0,,80,,Null,0,0,,76,Auckland,Nil,,,,,0,0,Open,1,,,Fine,Null
1764309.4841,5912297.3306,775176,,520500,0,,0,2,,North,2023/2024,SOUTHERN MOTORWAY,MOUNT WELLINGTON HWY OFF RAMP,,Non-Injury Crash,Yes,2023,,North,,0,,Flat,,,,,,Bright sun,639500,0,0,0,2,,,0,,,,,,Auckland Region,Nil,1-way,Sealed,,0,0,,100,,Off,0,0,,76,Auckland,Nil,,,,,0,0,Open,0,,,Fine,Null
1756954.9876,5919275.5351,775192,,514200,2,,0,0,,Null,2023/2024,UPPER QUEEN STREET,CANADA STREET,,Serious Crash,No,2024,,South,,0,,Hill Road,,,,,,Overcast,412200,0,0,0,4,,,0,,,,,,Auckland Region,Nil,2-way,Sealed,,0,1,,30,,Off,0,0,,76,Auckland,Traffic Signals,,,,,0,0,Urban,0,,,Fine,Null
1740757.576,5930259.0226,775224,,505604,0,0,0,1,0,Null,2022/2023,RIVERHEAD ROAD,DEACON ROAD,,Non-Injury Crash,No,2023,0,North,0,0,0,Flat,0,Easter,0,,0,Overcast,214202,0,0,0,2,0,0,0,0,0,,0,1,Auckland Region,Nil,2-way,Sealed,0,0,0,0,80,0,None,0,0,,76,Auckland,Nil,0,0,0,0,0,0,Open,0,0,0,Fine,Frost
1762361.748,5913365.4551,775225,,520402,0,,0,1,,South,2024/2025,SOUTHERN MOTORWAY,PENROSE OBR,,Minor Crash,Yes,2025,,South,,0,,Flat,,,,,,Bright sun,642200,1,0,0,3,,,0,,,,,,Auckland Region,Nil,1-way,Sealed,,0,0,,100,,Off,0,0,,76,Auckland,Nil,,,,,0,0,Open,2,,,Fine,Null
1747347.9656,5919572.2527,775233,,512402,0,,0,0,,East,2024/2025,TE ATATU ROAD OFF RAMP,TE ATATU ROAD,,Non-Injury Crash,No,2024,,West,,0,,Null,,,,,,Bright sun,253700,0,0,0,2,,,0,,,,,,Auckland Region,Nil,1-way,Sealed,,0,0,,50,,Off,1,0,,76,Auckland,Nil,,,,,1,0,Urban,0,,,Fine,Null
1769929.3132,5908142.2617,775242,,523713,0,,0,1,,Null,2024/2025,STANCOMBE ROAD,CHAPEL ROAD,,Minor Crash,No,2024,,West,,0,,Flat,,,,,,Twilight,712401,2,0,0,5,,,0,,,,,,Auckland Region,Nil,2-way,Sealed,,0,0,,60,,On,0,0,,76,Auckland,Traffic Signals,,,,,1,0,Urban,0,,,Fine,Null
1759755.316,5909111.0647,775250,,524002,0,,0,1,,North,2023/2024,SOUTH-WESTERN MOTORWAY,WALMSLEY ROAD OFF RAMP,,Non-Injury Crash,Yes,2024,,South,,0,,Flat,,,,,,Twilight,724102,0,0,0,3,,,0,,,,,,Auckland Region,Motorway ramp,1-way,Sealed,,0,0,,100,,On,1,1,,76,Auckland,Nil,,,,,0,0,Open,0,,,Fine,Null
1768899.8295,5914209.8343,775264,,522721,0,,0,1,,East,2022/2023,PAKURANGA ROAD,CASCADES ROAD,,Non-Injury Crash,No,2023,,West,,0,,Flat,,,,,,Dark,681215,0,0,0,6,,,0,,,,,,Auckland Region,Nil,2-way,Sealed,,0,0,,50,,On,0,1,,76,Auckland,Nil,,,,,0,0,Urban,1,,,Light rain,Frost
1764194.2042,5908966.1349,775265,,521901,0,,0,1,,Null,2024/2025,MANGERE ROAD,PIKI THOMPSON WAY,,Non-Injury Crash,No,2025,,East,,0,,Flat,,,,,,Overcast,785200,0,0,0,4,,,0,,,,,,Auckland Region,Nil,2-way,Sealed,,0,0,,50,,Off,0,0,,76,Auckland,Give way,,,,,1,0,Urban,0,,,Fine,Null
1756997.3405,5913742.3587,775266,,518701,0,,0,4,,Null,2023/2024,HILLSBOROUGH ROAD,MOUNT ALBERT ROAD,,Non-Injury Crash,No,2023,,North,,0,,Hill Road,,,,,,Dark,569100,0,0,0,2,,,0,,,,,,Auckland Region,Nil,2-way,Sealed,,0,0,,50,,On,0,0,,76,Auckland,Traffic Signals,,,,,0,0,Urban,0,,,Fine,Null
1763678.32,5919068.8692,775280,,516500,0,,0,2,,East,2022/2023,KEPA ROAD,GODDEN CRESCENT,,Non-Injury Crash,No,2023,,West,,0,,Flat,,,,,,Overcast,503300,0,0,0,2,,,0,,,,,,Auckland Region,Nil,2-way,Sealed,,0,0,,50,,Off,0,0,,76,Auckland,Nil,,,,,0,0,Urban,0,,,Fine,Null
1767291.8632,5902991.6198,775289,,524602,0,,0,1,,North,2024/2025,DRUCES ROAD,KERRS ROAD,,Non-Injury Crash,No,2024,,North,,0,,Flat,,,,,,Overcast,780404,0,0,0,2,,,0,,,,,,Auckland Region,Nil,1-way,Sealed,,0,0,,50,,Off,0,0,,76,Auckland,Nil,,,,,0,0,Urban,1,,,Fine,Null