X,Y,OBJECTID,advisorySpeed,areaUnitID,bicycle,bridge,bus,carStationWagon,cliffBank,crashDirectionDescription,crashFinancialYear,crashLocation1,crashLocation2,crashRoadSideRoad,crashSeverity,crashSHDescription,crashYear,debris,directionRoleDescription,ditch,fatalCount,fence,flatHill,guardRail,holiday,houseOrBuilding,intersection,kerb,light,meshblockId,minorInjuryCount,moped,motorcycle,NumberOfLanes,objectThrownOrDropped,otherObject,otherVehicleType,overBank,parkedVehicle,pedestrian,phoneBoxEtc,postOrPole,region,roadCharacter,roadLane,roadSurface,roadworks,schoolBus,seriousInjuryCount,slipOrFlood,speedLimit,strayAnimal,streetLight,suv,taxi,temporarySpeedLimit,tlaId,tlaName,trafficControl,trafficIsland,trafficSign,train,tree,truck,unknownVehicleType,urban,vanOrUtility,vehicle,waterRiver,weatherA,weatherB
1769913.206,5899348.4647,775297,,523920,0,,0,2,,Null,2023/2024,GREAT SOUTH ROAD,SPARTAN ROAD,,Non-Injury Crash,No,2024,,North,,0,,Flat,,Christmas New Year,,,,Bright sun,768005,0,0,0,2,,,0,,,,,,Auckland Region,Nil,2-way,Sealed,,0,0,,50,,Off,0,0,,76,Auckland,Traffic Signals,,,,,0,0,Urban,0,,,Fine,None
1758643.855,5905956.2393,775304,,524200,0,0,0,2,0,North,2022/2023,RICHARD PEARSE DRIVE,KINGSFORD SMITH PLACE,,Serious Crash,No,2023,0,North,0,0,0,Flat,0,,0,,0,Bright sun,726400,0,0,0,2,0,0,0,0,1,,0,0,Auckland Region,Nil,2-way,Sealed,0,0,1,0,50,0,Null,0,0,,76,Auckland,Nil,0,0,0,0,1,0,Urban,0,0,0,Fine,Null
1767126.7841,5904396.5934,775305,,524604,0,0,0,1,0,East,2024/2025,AMERSHAM WAY,DAVIES AVENUE,,Non-Injury Crash,No,2024,0,East,0,0,0,Flat,0,,0,,0,Bright sun,780204,0,0,0,2,0,0,0,0,1,,0,0,Auckland Region,Nil,2-way,Sealed,0,0,0,0,50,0,Null,1,0,,76,Auckland,Nil,0,0,0,0,0,0,Urban,0,0,0,Fine,Null
1761417.5731,5880718.5757,775313,,521121,0,0,0,1,0,South,2024/2025,TITI ROAD,UNION ROAD,,Minor Crash,No,2025,0,North,0,0,1,Flat,0,,0,,0,Bright sun,812201,1,0,0,2,0,0,0,0,0,,0,0,Auckland Region,Nil,2-way,Sealed,0,0,0,0,60,0,Null,0,0,,76,Auckland,Nil,0,0,0,0,0,0,Urban,0,0,0,Fine,Null
1751098.4664,5918025.6324,775314,,514801,0,,0,1,,West,2023/2024,NORTH-WESTERN MOTORWAY,GREAT NORTH ROAD OFF RAMP,,Non-Injury Crash,Yes,2023,,East,,0,,Flat,,,,,,Dark,390402,0,0,0,4,,,0,,,,,,Auckland Region,Nil,1-way,Sealed,,0,0,,100,,On,0,0,,76,Auckland,Nil,,,,,0,1,Open,0,,,Fine,Null
1772035.1575,5897211.7855,775320,,525420,0,0,1,1,0,West,2023/2024,GREAT SOUTH ROAD,YOUNGS ROAD,,Minor Crash,No,2024,0,South,0,0,0,Flat,0,,0,,0,Bright sun,790700,2,0,0,2,0,0,0,0,0,,0,0,Auckland Region,Nil,2-way,Sealed,0,0,0,0,50,0,Null,0,0,,76,Auckland,Nil,0,0,0,0,0,0,Urban,0,1,0,Fine,Null
1768127.7758,5881631.9213,775345,,525910,0,,0,2,,Null,2024/2025,PRINCES STREET,MONTGOMERY AVENUE,,Non-Injury Crash,No,2024,,West,,0,,Flat,,,,,,Overcast,820100,0,0,0,2,,,0,,,,,,Auckland Region,Nil,2-way,Sealed,,0,0,,50,,Off,0,0,,76,Auckland,Give way,,,,,0,0,Urban,0,,,Fine,Null
1769579.0382,5889641.4671,775352,65,521122,0,,0,0,,West,2023/2024,KARAKA ROAD,BYCROFT ROAD,,Minor Crash,Yes,2024,,East,,0,,Flat,,,,,,Bright sun,812600,1,0,1,2,,,0,,,,,,Auckland Region,Nil,2-way,Sealed,,0,0,,80,,Off,1,0,,76,Auckland,Nil,,,,,0,0,Open,0,,,Fine,Null
1768809.0154,5907594.1049,775353,,523711,0,,0,2,,Null,2024/2025,ORMISTON ROAD,LAIDLAW WAY,,Non-Injury Crash,No,2025,,East,,0,,Flat,,,,,,Bright sun,712304,0,0,0,4,,,0,,,,,,Auckland Region,Nil,2-way,Sealed,,0,0,,50,,Off,0,0,,76,Auckland,Traffic Signals,,,,,0,0,Urban,0,,,Fine,Null
1761250.0609,5909320.9375,775354,,524404,0,,0,2,,Null,2022/2023,FAVONA ROAD,FORBES ROAD,,Non-Injury Crash,No,2023,,West,,0,,Flat,,,,,,Bright sun,730500,0,0,0,2,,,0,,,,,,Auckland Region,Nil,2-way,Sealed,,0,0,,60,,Off,0,0,,76,Auckland,Give way,,,,,0,0,Urban,0,,,Fine,Null
1764003.3145,5907239.7118,775369,,522201,0,0,0,1,0,South,2024/2025,SWAFFIELD ROAD,MIDDLEMORE CRESCENT,,Non-Injury Crash,No,2024,0,North,0,0,0,Null,0,,0,,0,Bright sun,660600,0,0,0,2,0,0,0,0,1,,0,0,Auckland Region,Nil,2-way,Sealed,0,0,0,0,50,0,Off,1,0,,76,Auckland,Nil,0,0,0,0,0,0,Urban,0,0,0,Fine,Null
1755444.5549,5918619.8868,775376,,515420,0,,0,1,,North,2024/2025,GREAT NORTH ROAD,COOPER STREET,,Minor Crash,No,2024,,West,,0,,Flat,,,,,,Dark,407400,1,1,0,4,,,0,,,,,,Auckland Region,Nil,2-way,Sealed,,0,0,,50,,On,0,0,,76,Auckland,Nil,,,,,0,0,Urban,0,,,Fine,Null
1766410.9991,5912835.5829,775377,,522920,0,0,0,1,0,South,2024/2025,PAKURANGA HIGHWAY,TI RAKAU DRIVE,,Non-Injury Crash,No,2024,0,West,0,0,0,Flat,1,,0,,0,Dark,683800,0,0,0,4,0,0,0,0,0,,0,0,Auckland Region,Bridge,2-way,Sealed,0,0,0,0,80,0,On,0,0,,76,Auckland,Nil,0,0,0,0,0,0,Open,0,0,0,Heavy rain,Null
1762196.5789,5913623.3358,775384,,520500,0,0,0,1,0,South,2023/2024,SOUTHERN MOTORWAY,PENROSE OBR,,Non-Injury Crash,Yes,2023,0,North,0,0,1,Flat,0,,0,,0,Twilight,637100,0,0,0,3,0,0,0,0,0,,0,0,Auckland Region,Nil,1-way,Sealed,0,0,0,0,100,0,On,0,0,,76,Auckland,Nil,0,0,0,0,1,0,Open,0,0,0,Fine,Null
1762678.0807,5918287.1652,775392,45,516301,0,0,0,2,0,East,2023/2024,TAHAPA CRESCENT,MAMAKU STREET,,Non-Injury Crash,No,2023,0,East,0,0,0,Flat,0,,0,,0,Dark,460500,0,0,0,2,0,0,0,0,1,,0,1,Auckland Region,Nil,2-way,Sealed,0,0,0,0,50,0,On,0,0,,76,Auckland,Nil,0,0,0,0,0,0,Urban,0,0,0,Fine,Null
1751107.8833,5913415.5415,775393,,514600,0,,0,1,,Null,2024/2025,TAYLOR STREET,MATATA STREET,,Non-Injury Crash,No,2024,,South,,0,,Null,,,,,,Bright sun,371900,0,0,0,2,,,0,,,,,,Auckland Region,Nil,2-way,Sealed,,0,0,,50,,Null,0,0,,76,Auckland,Nil,,,,,0,0,Urban,0,,,Fine,Null
1751603.5344,5918044.376,775408,55,515001,0,,0,0,,West,2022/2023,GREAT NORTH ROAD ON RAMP,NORTH-WESTERN MOTORWAY,,Non-Injury Crash,No,2023,,South,,0,,Flat,,,,,,Dark,392200,0,0,1,2,,,0,,,,,,Auckland Region,Motorway ramp,1-way,Sealed,,0,0,,100,,On,0,0,,76,Auckland,Nil,,,,,0,0,Open,0,,,Fine,Null
1751037.881,5925450.8129,775409,,510020,0,,0,1,,South,2024/2025,RANGATIRA ROAD,PATARIKI WAY,,Minor Crash,No,2025,,South,,0,,Hill Road,,,,,,Bright sun,345200,1,0,0,2,,,0,,,1,,,Auckland Region,Nil,2-way,Sealed,,0,0,,50,,Off,0,0,,76,Auckland,Nil,,,,,0,0,Urban,0,,,Fine,Null
1771192.1655,5898135.2861,775417,45,523912,0,,0,1,,Null,2023/2024,GREAT SOUTH ROAD,GLENORA ROAD,,Non-Injury Crash,No,2023,,South,,0,,Flat,,,,,,Dark,767705,0,0,0,2,,,0,,,,,,Auckland Region,Nil,2-way,Sealed,,0,0,,50,,On,1,0,,76,Auckland,Traffic Signals,,,,,0,0,Urban,0,,,Fine,None
1758946.2152,5904777.6536,775418,,524200,0,,0,3,,North,2024/2025,GEORGE BOLT MEMORIAL DRIVE,VERISSIMO DRIVE,,Minor Crash,No,2025,,South,,0,,Flat,,,,,,Overcast,727800,1,0,0,3,,,0,,,,,,Auckland Region,Nil,2-way,Sealed,,0,0,,60,,Off,0,1,,76,Auckland,Nil,,,,,0,0,Urban,0,,,Fine,Null
1769217.1186,5908889.9605,775425,,523113,0,0,0,1,0,North,2024/2025,ACCENT DRIVE,EAST TAMAKI ROAD,,Non-Injury Crash,No,2025,0,North,0,0,0,Flat,0,,0,,0,Dark,711801,0,0,0,4,0,0,0,0,0,,0,1,Auckland Region,Nil,2-way,Sealed,0,0,0,0,50,0,On,0,0,,76,Auckland,Nil,0,0,0,0,0,0,Urban,0,0,0,Fine,Null
1753563.9999,5927946.9961,775449,,508210,0,,0,1,,Null,2024/2025,GLENFIELD ROAD,KAIPATIKI ROAD,,Non-Injury Crash,No,2025,,North,,0,,Flat,,,,,,Unknown,186500,0,0,0,3,,,0,,,,,,Auckland Region,Nil,1-way,Sealed,,0,0,,50,,Null,1,0,,76,Auckland,Traffic Signals,,,,,0,0,Urban,0,,,Null,Null
1769034.1731,5880355.3427,775450,,525922,0,,0,2,,Null,2024/2025,JOHN STREET,GLASGOW ROAD,,Minor Crash,No,2024,,South,,0,,Flat,,,,,,Bright sun,823300,1,0,0,2,,,0,,,,,,Auckland Region,Nil,2-way,Sealed,,0,0,,50,,Off,0,0,30,76,Auckland,Give way,,,,,0,0,Urban,0,,,Fine,Null
1743165.9999,5924321.9961,775457,,513410,0,0,0,2,0,North,2024/2025,TE MARA ROAD,WHAUWHAU AVENUE,,Non-Injury Crash,No,2024,0,West,0,0,0,Null,0,,0,,0,Unknown,224000,0,0,0,2,0,0,0,0,1,,0,0,Auckland Region,Nil,2-way,Null,0,0,0,0,50,0,Null,0,0,,76,Auckland,Nil,0,0,0,0,0,0,Urban,0,0,0,Null,Null
1771307.0,5893771.0426,775473,,521201,0,0,0,0,0,East,2024/2025,PARK ESTATE ROAD,NGAKORO ROAD,,Non-Injury Crash,No,2025,0,West,0,0,1,Flat,0,,0,,0,Bright sun,806800,0,0,0,2,0,0,0,0,0,,0,0,Auckland Region,Nil,2-way,Sealed,0,0,0,0,50,0,Off,1,0,,76,Auckland,Nil,0,0,0,0,0,0,Urban,0,0,0,Fine,Null
1762117.5863,5916956.1499,775474,,516301,0,,0,1,,East,2024/2025,REMUERA ROAD,KORAHA STREET,,Non-Injury Crash,No,2024,,West,,0,,Hill Road,,,,,,Overcast,459000,0,0,0,4,,,1,,,,,,Auckland Region,Nil,2-way,Sealed,,0,0,,50,,On,0,0,,76,Auckland,Stop,,,,,0,0,Urban,0,,,Fine,Null
1754813.5734,5930549.7819,775482,,508520,0,,0,2,,North,2023/2024,NORTHERN MOTORWAY,SUNNYNOOK OBR,,Minor Crash,Yes,2024,,South,,0,,Flat,,,,,,Twilight,192700,1,0,0,2,,,0,,,,,,Auckland Region,Nil,1-way,Sealed,,0,0,,100,,On,0,0,,76,Auckland,Nil,,,,,0,0,Open,2,,,Fine,Null
1770731.6808,5898552.3296,775497,,523920,0,,0,2,,South,2024/2025,GREAT SOUTH ROAD,TAKA STREET,,Non-Injury Crash,No,2024,,North,,0,,Flat,,,,,,Overcast,767503,0,0,0,2,,,0,,,,,,Auckland Region,Nil,2-way,Sealed,,0,0,,50,,Off,0,0,,76,Auckland,Nil,,,,,0,0,Urban,0,,,Light rain,Null
1758303.0632,5913457.6203,775505,,519710,0,,0,1,,East,2024/2025,CAMPBELL ROAD,MANUKAU ROAD,,Non-Injury Crash,No,2025,,East,,0,,Flat,,,,,,Bright sun,594701,0,0,0,3,,,0,,,,,,Auckland Region,Nil,2-way,Sealed,,0,0,,50,,Off,1,0,30,76,Auckland,Nil,,,,,0,0,Urban,0,,,Fine,Null
1765597.0569,5920108.3772,775513,,516700,0,,0,2,,South,2024/2025,ST HELIERS BAY ROAD,TAMAKI DRIVE,,Non-Injury Crash,No,2024,,Null,,0,,Null,,,,,,Bright sun,509300,0,0,0,2,,,0,,,,,,Auckland Region,Nil,2-way,Sealed,,0,0,,30,,Null,0,0,,76,Auckland,Nil,,,,,0,0,Urban,0,,,Fine,Null
1749543.2802,5914153.8954,775521,,511301,0,,0,2,,Null,2024/2025,RATA STREET,RIMU STREET,,Non-Injury Crash,No,2024,,North,,0,,Flat,,,,,,Overcast,267602,0,0,0,4,,,0,,,,,,Auckland Region,Nil,2-way,Sealed,,0,0,,50,,Off,0,0,,76,Auckland,Traffic Signals,,,,,0,0,Urban,0,,,Light rain,Null
1754992.3518,5944783.1163,775537,,505909,0,,0,1,,North,2024/2025,WHANGAPARAOA ROAD,SCOTT ROAD,,Non-Injury Crash,No,2024,,North,,0,,Hill Road,,,,,,Bright sun,173811,0,0,0,2,,,0,,,,,,Auckland Region,Nil,2-way,Sealed,,0,0,,50,,Off,1,0,,76,Auckland,Nil,,,,,0,0,Urban,0,,,Fine,Null
1766334.3812,5880396.2543,775553,,521112,0,0,0,1,0,Null,2024/2025,RUSSELL ROAD,EDEN ROAD,,Non-Injury Crash,No,2024,0,North,1,0,0,Flat,0,,0,,0,Dark,825800,0,0,0,2,0,0,0,0,0,,0,0,Auckland Region,Nil,2-way,Sealed,0,0,0,0,60,0,None,0,0,50,76,Auckland,Stop,0,0,0,0,0,0,Urban,0,0,0,Fine,Null
1758204.0779,5920287.9329,775562,,514103,0,,1,1,,North,2024/2025,BEACH ROAD,CHURCHILL STREET,,Non-Injury Crash,No,2024,,South,,0,,Flat,,,,,,Bright sun,438309,0,0,0,4,,,0,,,,,,Auckland Region,Nil,2-way,Sealed,,0,0,,30,,Off,0,1,,76,Auckland,Nil,,,,,0,0,Urban,0,,,Fine,Null
1763613.6322,5913800.0473,775569,,520402,0,0,0,0,0,Null,2024/2025,PENROSE ROAD,JARMAN ROAD,,Non-Injury Crash,No,2025,0,West,0,0,0,Hill Road,0,,0,,0,Dark,640001,0,0,0,4,0,0,0,0,0,,0,1,Auckland Region,Nil,2-way,Sealed,0,0,0,0,50,0,On,0,0,,76,Auckland,Give way,0,0,0,0,1,0,Urban,0,0,0,Fine,Null
1758943.1039,5926073.0469,775577,,508020,0,0,0,2,0,Null,2024/2025,ONEPOTO ROAD,LAKE ROAD,,Non-Injury Crash,No,2025,0,North,0,0,0,Flat,0,,0,,0,Overcast,321700,0,0,0,2,0,0,0,0,1,,0,0,Auckland Region,Nil,2-way,Sealed,0,0,0,0,50,0,Off,0,0,,76,Auckland,Give way,0,0,0,0,0,0,Urban,0,0,0,Fine,Null
1764710.1852,5911478.7063,775578,,520500,0,,0,2,,South,2024/2025,SOUTHERN MOTORWAY,PANAMA ROAD,,Non-Injury Crash,Yes,2024,,North,,0,,Flat,,,,,,Bright sun,636200,0,0,0,3,,,0,,,,,,Auckland Region,Nil,1-way,Sealed,,0,0,,100,,Off,0,0,,76,Auckland,Nil,,,,,0,0,Open,0,,,Fine,Null
1760280.6582,5915831.7431,775602,,516003,0,,0,0,,West,2024/2025,SOUTHERN MOTORWAY,GREEN LANE EAST ON RAMP,,Non-Injury Crash,Yes,2024,,East,,0,,Null,,,,,,Bright sun,494902,0,0,0,3,,,0,,,,,,Auckland Region,Nil,1-way,Sealed,,0,0,,100,,Null,2,0,,76,Auckland,Nil,,,,,0,0,Open,0,,,Fine,Null
1756772.577,5882700.1365,775616,,521152,0,,0,2,,Null,2023/2024,GLENBROOK ROAD,WYMER ROAD,,Non-Injury Crash,No,2023,,West,,0,,Flat,,,,,,Twilight,834400,0,0,0,2,,,0,,,,,,Auckland Region,Nil,2-way,Sealed,,0,0,,80,,None,0,0,,76,Auckland,Stop,,,,,0,0,Open,0,,,Fine,Null
1768044.0821,5900859.6399,775626,,525001,0,,0,2,,West,2024/2025,RUSSELL ROAD,KAY ROAD,,Minor Crash,No,2025,,South,,0,,Hill Road,,,,,,Bright sun,752300,1,0,0,2,,,0,,,,,,Auckland Region,Nil,2-way,Sealed,,0,0,,50,,Off,0,0,,76,Auckland,Nil,,,,,0,0,Urban,0,,,Fine,Null
1764603.5133,5911856.1842,775632,,520500,0,,0,4,,North,2023/2024,SOUTHERN MOTORWAY,EAST WEST LINK OFF RAMP,,Minor Crash,Yes,2024,,North,,0,,Flat,,,,,,Bright sun,639500,2,0,0,3,,,0,,,,,,Auckland Region,Nil,1-way,Sealed,,0,0,,100,,Off,0,0,,76,Auckland,Nil,,,,,1,0,Open,0,,,Fine,Null
1755757.7412,5918786.0693,775634,,515500,0,0,0,3,0,North,2024/2025,GREAT NORTH ROAD,POTATAU STREET,,Non-Injury Crash,No,2024,0,North,0,0,0,Flat,0,,0,,0,Dark,418600,0,0,0,4,0,0,0,0,1,,0,0,Auckland Region,Nil,2-way,Sealed,0,0,0,0,50,0,On,0,0,,76,Auckland,Nil,0,0,0,0,0,0,Urban,0,0,0,Light rain,Null
1766126.6435,5907216.0368,775657,,522302,0,,0,1,,Null,2024/2025,STONEX ROAD,HUIA ROAD,,Non-Injury Crash,No,2025,,West,,0,,Null,,,,,,Bright sun,667700,0,0,0,2,,,0,,,,,,Auckland Region,Nil,2-way,Sealed,,0,0,,50,,Null,0,0,,76,Auckland,Give way,,,,,0,0,Urban,1,,,Fine,Null
1768616.9665,5909675.5021,775664,,523113,0,,0,4,,South,2023/2024,SPRINGS ROAD,SMALES ROAD,,Minor Crash,No,2024,,North,,0,,Flat,,,,,,Bright sun,711809,2,0,0,5,,,0,,,,,,Auckland Region,Nil,2-way,Sealed,,0,0,,50,,Off,1,0,,76,Auckland,Nil,,,,,0,0,Urban,0,,,Fine,Null
1745818.163,5937264.1458,775673,45,506614,0,0,0,1,0,West,2024/2025,SUNNYSIDE ROAD,WAYMAU LANE,,Non-Injury Crash,No,2025,0,West,1,0,0,Hill Road,0,,0,,0,Overcast,178101,0,0,0,2,0,0,0,0,0,,0,0,Auckland Region,Nil,2-way,Sealed,0,0,0,0,60,0,None,0,0,,76,Auckland,Nil,0,0,0,0,0,0,Urban,0,0,0,Light rain,Null
1755493.0969,5927923.6217,775681,,507900,0,,0,2,,South,2025/2026,PORANA ROAD,SILVERFIELD,,Minor Crash,No,2025,,South,,0,,Flat,,,,,,Bright sun,305201,1,0,0,2,,,0,,,,,,Auckland Region,Nil,2-way,Sealed,,0,0,,50,,Off,0,0,,76,Auckland,Nil,,,,,0,0,Urban,0,,,Light rain,Null
1772899.3924,5890712.3629,775698,,521301,0,,0,0,,Null,2024/2025,PITT ROAD,GREAT SOUTH ROAD,,Non-Injury Crash,No,2024,,North,,0,,Null,,,,,,Bright sun,809200,0,0,0,2,,,0,,,,,,Auckland Region,Nil,2-way,Sealed,,0,0,,80,,Null,1,0,,76,Auckland,Give way,,,,,0,0,Open,1,,,Fine,Null
1773634.9346,5898581.7157,775713,,523912,0,,0,2,,Null,2024/2025,COSGRAVE ROAD,WALTERS ROAD,,Non-Injury Crash,No,2024,,North,,0,,Flat,,,,,,Bright sun,765500,0,0,0,2,,,0,,,,,,Auckland Region,Nil,2-way,Sealed,,0,0,,60,,Off,0,0,,76,Auckland,Stop,,,,,0,0,Urban,0,,,Fine,Null
1763025.4749,5912042.2727,775721,,519500,0,,0,1,,South,2023/2024,GREAT SOUTH ROAD,SOUTHDOWN LANE,,Non-Injury Crash,No,2023,,South,,0,,Flat,,,,,,Overcast,622800,0,0,0,4,,,0,,,,,,Auckland Region,Nil,2-way,Sealed,,0,0,,50,,Off,0,0,,76,Auckland,Nil,,,,,1,0,Urban,0,,,Light rain,None
1763343.8065,5909200.9629,775761,,521901,0,,0,2,,South,2024/2025,KAKA STREET,WALMSLEY ROAD,,Non-Injury Crash,No,2024,,East,,0,,Hill Road,,,,,,Unknown,783500,0,0,0,3,,,0,,,,,,Auckland Region,Nil,2-way,Sealed,,0,0,,50,,Null,0,0,,76,Auckland,Nil,,,,,0,0,Urban,0,,,Fine,None
1765007.8989,5904789.445,775762,,522100,0,,0,2,,Null,2022/2023,KENDERDINE ROAD,BRIDGE STREET,,Non-Injury Crash,No,2023,,North,,0,,Flat,,,,,,Overcast,660100,0,0,0,2,,,0,,,,,,Auckland Region,Nil,2-way,Sealed,,0,0,,50,,Off,0,0,,76,Auckland,Give way,,,,,0,0,Urban,0,,,Light rain,None
1771546.2187,5897773.8451,775785,,523912,0,,0,1,,South,2023/2024,GREAT SOUTH ROAD,WALTERS ROAD,,Non-Injury Crash,No,2023,,South,,0,,Flat,,,,,,Overcast,767808,0,0,0,2,,,0,,,,,,Auckland Region,Nil,2-way,Sealed,,0,0,,50,,Off,0,0,,76,Auckland,Nil,,,,,0,0,Urban,1,,,Fine,None
1757803.9139,5918174.6856,775786,,515700,0,,0,1,,South,2024/2025,SOUTHERN MOTORWAY,MOUNTAIN OBR,,Non-Injury Crash,Yes,2024,,North,,0,,Flat,,,,,,Bright sun,443600,0,0,0,4,,,0,,,,,,Auckland Region,Nil,1-way,Sealed,,0,0,,80,,Null,1,0,,76,Auckland,Nil,,,,,0,0,Open,0,,,Fine,Null
1762270.0738,5913525.1918,775800,,520402,0,,0,2,,South,2022/2023,SOUTHERN MOTORWAY,PENROSE OBR,,Minor Crash,Yes,2023,,South,,0,,Flat,,,,,,Bright sun,642200,1,0,0,3,,,0,,,,,,Auckland Region,Nil,1-way,Sealed,,0,0,,100,,Off,0,0,,76,Auckland,Nil,,,,,0,0,Open,1,,,Fine,Null
1760498.2081,5908943.273,775801,,524404,0,0,0,2,0,East,2024/2025,FAVONA ROAD,ROBERTSON ROAD,,Non-Injury Crash,No,2024,0,East,0,0,0,Flat,0,,0,,0,Overcast,729400,0,0,0,2,0,0,0,0,1,1,0,0,Auckland Region,Nil,2-way,Sealed,0,0,0,0,50,0,Off,0,0,,76,Auckland,Nil,0,0,0,0,0,0,Urban,0,0,0,Fine,Null
1765869.3185,5898817.6394,775809,,524812,0,,0,2,,South,2024/2025,WEYMOUTH ROAD,GILA PLACE,,Serious Crash,No,2024,,South,,0,,Flat,,,,,,Overcast,774303,1,0,0,2,,,0,,,,,,Auckland Region,Nil,2-way,Sealed,,0,1,,30,,On,0,0,,76,Auckland,Nil,,,,,0,0,Urban,0,,,Light rain,Null
1764908.6647,5910300.8916,775818,,521801,0,,0,2,,East,2023/2024,PRINCES STREET,ALBERT STREET,,Non-Injury Crash,No,2024,,West,,0,,Flat,,,,,,Bright sun,787200,0,0,0,4,,,0,,,,,,Auckland Region,Nil,2-way,Sealed,,0,0,,50,,Off,0,0,,76,Auckland,Nil,,,,,0,0,Urban,0,,,Fine,None
1765278.5091,5915053.5833,775832,,520301,0,0,0,1,0,Null,2022/2023,PILKINGTON ROAD,STEWART AVENUE,,Minor Crash,No,2023,0,South,0,0,1,Flat,0,,0,,0,Bright sun,628001,1,0,0,2,0,0,0,0,0,,0,0,Auckland Region,Nil,2-way,Sealed,0,0,0,0,50,0,Off,0,0,,76,Auckland,Give way,0,0,0,0,0,0,Urban,1,0,0,Fine,Null
1766399.2894,5898649.3565,775833,,524812,0,0,0,2,0,Null,2024/2025,WAIMAHIA AVENUE,WAIMAHIA AVENUE,,Non-Injury Crash,No,2024,0,East,0,0,0,Flat,0,,0,,0,Dark,774306,0,0,0,2,0,0,0,0,1,,0,0,Auckland Region,Nil,2-way,Sealed,0,0,0,0,30,0,On,0,0,,76,Auckland,Nil,0,0,0,0,0,0,Urban,0,0,0,Fine,Null
1754376.7529,5912832.5619,775834,,518901,0,0,0,0,0,South,2024/2025,RICHARDSON ROAD,PLAYFAIR ROAD,,Minor Crash,No,2025,0,South,0,0,0,Hill Road,0,,0,,0,Bright sun,586000,1,0,0,2,0,0,0,0,1,,0,0,Auckland Region,Nil,2-way,Sealed,0,0,0,0,50,0,Off,2,0,40,76,Auckland,Nil,0,0,0,0,0,0,Urban,0,0,0,Fine,Null
1764986.5874,5905788.698,775857,,522201,0,0,0,2,0,West,2023/2024,ST GEORGE STREET,KOLMAR ROAD,,Non-Injury Crash,No,2024,0,West,0,0,0,Flat,0,,0,,0,Overcast,663200,0,0,0,2,0,0,0,0,1,,0,0,Auckland Region,Nil,2-way,Sealed,0,0,0,0,50,0,Off,0,0,,76,Auckland,Nil,0,0,0,0,0,0,Urban,0,0,0,Fine,None
1753522.7905,5913365.228,775858,,518901,0,0,0,1,0,South,2024/2025,SUBRITZKY AVENUE,PARFITT STREET,,Minor Crash,No,2024,0,North,0,0,0,Hill Road,0,,0,,0,Bright sun,584200,1,0,0,2,0,0,0,0,0,,0,1,Auckland Region,Nil,2-way,Sealed,0,0,0,0,50,0,Off,0,0,,76,Auckland,Nil,0,0,0,0,0,0,Urban,0,0,0,Fine,Null
1773480.7626,5897464.5936,775890,,525630,0,,0,2,,Null,2024/2025,FERNAIG STREET,GROVE ROAD,,Minor Crash,No,2024,,West,,0,,Flat,,,,,,Bright sun,795600,1,0,0,3,,,0,,,,,,Auckland Region,Nil,2-way,Sealed,,0,0,,50,,Off,0,0,,76,Auckland,Stop,,,,,0,0,Urban,0,,,Fine,Null
1765061.3402,5910308.8231,775896,,521803,0,,0,1,,North,2023/2024,SOUTHERN MOTORWAY,PRINCES OBR,,Minor Crash,Yes,2023,,South,,0,,Flat,,,,,,Dark,790000,1,0,1,3,,,0,,,,,,Auckland Region,Nil,1-way,Sealed,,0,0,,100,,On,0,0,,76,Auckland,Nil,,,,,0,0,Open,0,,,Fine,Null
1773694.1808,5890047.7724,775905,,521302,0,0,0,0,0,South,2024/2025,SOUTHERN MOTORWAY,QUARRY ROAD,,Non-Injury Crash,Yes,2024,0,North,0,0,0,Flat,0,,0,,0,Dark,809101,0,0,0,2,0,0,0,0,0,,0,1,Auckland Region,Nil,1-way,Sealed,0,0,0,0,100,0,On,0,0,,76,Auckland,Nil,0,0,0,0,0,0,Open,1,0,0,Light rain,Null
1772044.0165,5898009.3721,775913,,523912,0,,0,0,,West,2024/2025,WALTERS ROAD,PORCHESTER ROAD,,Minor Crash,No,2024,,East,,0,,Flat,,,,,,Twilight,766302,1,0,1,2,,,0,,,,,,Auckland Region,Nil,2-way,Sealed,,0,0,,50,,On,0,0,,76,Auckland,Nil,,,,,0,0,Urban,0,,,Fine,Null
1766303.8798,5916393.9235,775914,,517100,0,,0,1,,South,2023/2024,KAWITI AVENUE,PT ENGLAND ROAD,,Minor Crash,No,2024,,South,,0,,Flat,,,,,,Bright sun,479000,1,0,0,0,,,0,,,1,,,Auckland Region,Nil,2-way,Sealed,,0,0,,50,,Off,0,0,,76,Auckland,Nil,,,,,0,0,Urban,0,,,Fine,Null
1756655.2185,5912916.652,775928,,518702,0,,0,1,,North,2023/2024,HILLSBOROUGH ROAD,HILLSBOROUGH ROAD OFF RAMP,,Serious Crash,No,2023,,North,,0,,Flat,,Labour Weekend,,,,Dark,569900,0,0,0,4,,,0,,,,,,Auckland Region,Nil,2-way,Sealed,,0,1,,50,,On,1,0,,76,Auckland,Nil,,,,,0,0,Urban,0,,,Fine,Null
1773171.0655,5891822.0384,775936,,521301,0,,0,2,,East,2022/2023,NORRIE ROAD,FIRTH STREET,,Non-Injury Crash,No,2023,,East,,0,,Flat,,,,,,Bright sun,808701,0,0,0,2,,,0,,,,,,Auckland Region,Bridge,2-way,Sealed,,0,0,,50,,Off,0,0,,76,Auckland,Nil,,,,,0,0,Urban,0,,,Fine,Null