X,Y,OBJECTID,advisorySpeed,areaUnitID,bicycle,bridge,bus,carStationWagon,cliffBank,crashDirectionDescription,crashFinancialYear,crashLocation1,crashLocation2,crashRoadSideRoad,crashSeverity,crashSHDescription,crashYear,debris,directionRoleDescription,ditch,fatalCount,fence,flatHill,guardRail,holiday,houseOrBuilding,intersection,kerb,light,meshblockId,minorInjuryCount,moped,motorcycle,NumberOfLanes,objectThrownOrDropped,otherObject,otherVehicleType,overBank,parkedVehicle,pedestrian,phoneBoxEtc,postOrPole,region,roadCharacter,roadLane,roadSurface,roadworks,schoolBus,seriousInjuryCount,slipOrFlood,speedLimit,strayAnimal,streetLight,suv,taxi,temporarySpeedLimit,tlaId,tlaName,trafficControl,trafficIsland,trafficSign,train,tree,truck,unknownVehicleType,urban,vanOrUtility,vehicle,waterRiver,weatherA,weatherB
1747473.1406,5914720.5882,775952,,511800,0,,0,2,,Null,2022/2023,GREAT NORTH ROAD,SABULITE ROAD,,Non-Injury Crash,No,2023,,South,,0,,Hill Road,,,,,,Overcast,277902,0,0,0,4,,,0,,,,,,Auckland Region,Nil,2-way,Sealed,,0,0,,50,,On,0,0,40,76,Auckland,Traffic Signals,,,,,0,0,Urban,0,,,Light rain,Null
1771083.4838,5896530.509,775968,,521201,0,0,0,1,0,South,2022/2023,SOUTHERN MOTORWAY,PAHUREHURE NO 2 BR,,Non-Injury Crash,Yes,2023,0,North,0,0,0,Flat,0,,0,,0,Overcast,806604,0,0,0,3,0,0,0,0,0,,0,0,Auckland Region,Nil,1-way,Sealed,0,0,0,0,100,0,Off,0,0,,76,Auckland,Nil,0,0,0,0,1,0,Open,0,1,0,Fine,Null
1746748.4509,5918841.1716,775969,,512401,0,0,0,0,0,Null,2024/2025,OFFROAD CARPARK SHOPPING AREA,,,Minor Crash,No,2024,0,North,0,0,0,Flat,0,,0,,0,Bright sun,255500,1,0,0,0,0,0,0,0,0,,0,0,Auckland Region,Nil,Off road,Sealed,0,0,0,0,10,0,Off,1,0,,76,Auckland,Nil,0,0,0,0,0,0,Urban,0,1,0,Fine,Null
1772602.6043,5910748.8983,775978,,523202,0,0,0,1,1,North,2023/2024,WHITFORD ROAD,MASONS ROAD,,Non-Injury Crash,No,2024,0,North,0,0,0,Hill Road,0,,0,,0,Overcast,717502,0,0,0,2,0,0,0,0,0,,0,0,Auckland Region,Nil,2-way,Sealed,0,0,0,0,60,0,Off,0,0,,76,Auckland,Nil,0,0,0,0,0,0,Urban,0,0,0,Fine,Strong wind
1762606.3647,5913814.311,775985,,520401,0,,0,0,,East,2023/2024,PENROSE ROAD,LEONARD ROAD,,Non-Injury Crash,No,2024,,West,,0,,Flat,,,,,,Dark,644504,0,1,0,2,,,0,,,,,,Auckland Region,Nil,2-way,Sealed,,0,0,,50,,On,0,0,,76,Auckland,Nil,,,,,0,0,Urban,0,,,Fine,Null
1765061.5677,5910228.0791,775986,,521801,0,,0,2,,South,2024/2025,SOUTHERN MOTORWAY,PRINCES OBR,,Minor Crash,Yes,2024,,North,,0,,Flat,,,,,,Bright sun,787700,1,0,0,6,,,0,,,,,,Auckland Region,Nil,2-way,Sealed,,0,0,,100,,Off,0,0,,76,Auckland,Nil,,,,,0,0,Open,0,,,Fine,Null
1743656.0538,5919376.4239,775994,,513212,0,,0,2,,Null,2023/2024,SWANSON ROAD,DON BUCK ROAD,,Non-Injury Crash,No,2024,,East,,0,,Flat,,,,,,Overcast,235711,0,0,0,2,,,0,,,,,,Auckland Region,Nil,1-way,Sealed,,0,0,,50,,Off,0,0,,76,Auckland,Give way,,,,,0,0,Urban,0,,,Fine,Null
1770462.882,5904574.9165,776018,,523820,0,0,0,0,0,Null,2024/2025,REDOUBT ROAD,MURPHYS ROAD,,Non-Injury Crash,No,2025,0,West,0,0,0,Hill Road,0,,0,,0,Dark,760000,0,0,0,2,0,0,0,0,0,,0,1,Auckland Region,Nil,1-way,Sealed,0,0,0,0,50,0,Off,0,0,,76,Auckland,Give way,0,0,0,0,1,0,Urban,0,0,0,Heavy rain,Null
1760716.3739,5914810.0382,776024,,519400,0,,0,1,,North,2023/2024,GREAT SOUTH ROAD,ROCKFIELD ROAD,,Non-Injury Crash,No,2023,,South,,0,,Hill Road,,,,,,Overcast,619600,0,0,0,4,,,0,,,,,,Auckland Region,Nil,2-way,Sealed,,0,0,,50,,Off,0,1,,76,Auckland,Nil,,,,,0,0,Urban,1,,,Fine,Null
1764415.185,5909896.754,776026,,521802,0,0,0,2,0,Null,2025/2026,CHURCH STREET,AVENUE ROAD,,Non-Injury Crash,No,2025,0,North,0,0,0,Flat,0,,0,,0,Dark,787900,0,0,0,2,0,0,0,0,0,,0,1,Auckland Region,Nil,2-way,Sealed,0,0,0,0,30,0,On,0,0,,76,Auckland,Give way,0,0,0,0,0,0,Urban,0,0,0,Light rain,Null
1767342.6855,5903921.1837,776032,,524602,0,,0,3,,West,2023/2024,SOUTH-WESTERN MOTORWAY,BARROWCLIFFE OBR,,Minor Crash,Yes,2024,,West,,0,,Flat,,,,,,Bright sun,780411,1,0,0,3,,,0,,,,,,Auckland Region,Nil,1-way,Sealed,,0,0,,100,,Off,0,0,,76,Auckland,Nil,,,,,0,0,Open,0,,,Fine,Null
1763020.6032,5907045.3992,776033,,524301,0,0,0,1,0,North,2024/2025,WEDGWOOD AVENUE,MALCOLM PLACE,,Minor Crash,No,2024,0,South,0,0,0,Flat,0,,0,,0,Bright sun,746500,1,0,1,2,0,0,0,0,1,,0,0,Auckland Region,Nil,2-way,Sealed,0,0,0,0,50,0,Off,0,0,,76,Auckland,Nil,0,0,0,0,0,0,Urban,0,0,0,Fine,Strong wind
1756684.3254,5924863.1849,776040,,509702,0,,0,2,,North,2023/2024,NORTHERN MOTORWAY,ONEWA ROAD OFF RAMP,,Non-Injury Crash,Yes,2023,,South,,0,,Flat,,,,,,Bright sun,366602,0,0,0,3,,,0,,,,,,Auckland Region,Nil,1-way,Sealed,,0,0,,100,,Off,0,0,,76,Auckland,Nil,,,,,0,0,Open,0,,,Fine,Null
1763926.5542,5912814.4591,776042,,520500,0,,0,2,,Null,2024/2025,TE KEHU WAY,TE PUTU AVENUE,,Non-Injury Crash,No,2025,,North,,0,,Null,,,,,,Bright sun,637500,0,0,0,2,,,0,,,,,,Auckland Region,Nil,2-way,Sealed,,0,0,,30,,Null,0,0,,76,Auckland,Give way,,,,,0,0,Urban,0,,,Fine,Null
1763663.304,5906669.1551,776048,,524301,0,0,0,4,0,North,2023/2024,ROSEBANK ROAD,FRANKLIN AVENUE,,Non-Injury Crash,No,2023,0,South,0,0,0,Flat,0,,0,,0,Overcast,656800,0,0,0,2,0,0,0,0,3,,0,0,Auckland Region,Nil,2-way,Sealed,0,0,0,0,50,0,Off,0,0,,76,Auckland,Nil,0,0,0,0,0,0,Urban,0,0,0,Light rain,Null
1758948.9999,5904041.9961,776050,,524200,0,,0,2,,North,2022/2023,JOSEPH HAMMOND PLACE,GEORGE BOLT MEMORIAL DRIVE,,Non-Injury Crash,No,2023,,North,,0,,Flat,,,,,,Bright sun,727100,0,0,0,2,,,0,,,,,,Auckland Region,Nil,2-way,Sealed,,0,0,,50,,Off,0,0,,76,Auckland,Nil,,,,,0,0,Urban,0,,,Fine,None
1756414.3869,5933621.3969,776057,,507300,0,0,0,0,0,North,2024/2025,BEACH ROAD,WESTBOURNE ROAD,,Non-Injury Crash,No,2024,0,North,0,0,2,Hill Road,0,,0,,0,Bright sun,154800,0,0,0,2,0,0,0,0,0,,0,0,Auckland Region,Nil,2-way,Sealed,0,0,0,0,50,0,Off,1,0,,76,Auckland,Nil,0,0,0,0,0,0,Urban,0,0,0,Fine,Null
1757871.1094,5918729.7777,776058,,517400,0,,0,2,,Null,2024/2025,PARK ROAD,CARLTON GORE ROAD,,Non-Injury Crash,No,2024,,North,,0,,Flat,,,,,,Overcast,450100,0,0,0,4,,,0,,,,,,Auckland Region,Nil,2-way,Sealed,,0,0,,50,,Off,0,0,,76,Auckland,Traffic Signals,,,,,0,0,Urban,0,,,Light rain,Null
1765240.7718,5920057.2206,776064,,516700,0,,1,1,,West,2024/2025,TAMAKI DRIVE,THE PARADE,,Minor Crash,No,2024,,West,,0,,Flat,,,,,,Bright sun,508500,1,0,0,2,,,0,,,,,,Auckland Region,Nil,2-way,Sealed,,0,0,,50,,Off,0,0,,76,Auckland,Nil,,,,,0,0,Urban,0,,,Fine,Null
1760578.0461,5908388.5134,776066,,524403,0,0,0,2,0,West,2023/2024,HALL AVENUE,ROBERTSON ROAD,,Non-Injury Crash,No,2024,0,North,0,0,0,Null,0,,0,,0,Unknown,729903,0,0,0,2,0,0,0,0,1,,0,0,Auckland Region,Nil,2-way,Sealed,0,0,0,0,50,0,Null,0,0,,76,Auckland,Nil,0,0,0,0,0,0,Urban,0,0,0,Fine,Null
1756938.9301,5919174.3187,776072,,514200,0,,0,2,,West,2023/2024,SOUTHERN MOTORWAY,SOUTHERN TO NORTH-WESTERN LINK,,Non-Injury Crash,Yes,2023,,West,,0,,Hill Road,,,,,,Overcast,412302,0,0,0,3,,,0,,,,,,Auckland Region,Nil,1-way,Sealed,,0,0,,80,,Off,0,0,,76,Auckland,Nil,,,,,0,0,Open,0,,,Fine,Null
1750203.6169,5946822.1447,776088,,505806,0,0,0,1,0,Null,2023/2024,MILLWATER PARKWAY,SILVERDALE STREET,,Non-Injury Crash,No,2024,0,East,0,0,0,Flat,0,,0,,0,Overcast,176505,0,0,0,4,0,0,0,0,0,,0,1,Auckland Region,Nil,2-way,Sealed,0,0,0,0,50,0,Off,0,0,,76,Auckland,Give way,0,0,0,0,0,0,Urban,0,0,0,Light rain,Null
1758076.3487,5915332.5545,776097,,515802,0,,0,1,,North,2024/2025,MANUKAU ROAD,ANNIE BUXTON PLACE,,Minor Crash,No,2025,,West,,0,,Flat,,,,,,Bright sun,448800,1,0,0,4,,,0,,,1,,,Auckland Region,Nil,2-way,Sealed,,0,0,,50,,Off,0,0,,76,Auckland,Nil,,,,,0,0,Urban,0,,,Fine,Null
1766812.1851,5903879.5939,776112,,524604,0,,0,0,,West,2022/2023,SOUTH-WESTERN MOTORWAY,LAMBIE OBR,,Non-Injury Crash,Yes,2023,,West,,0,,Flat,,,,,,Bright sun,780210,0,0,0,2,,,0,,,,,,Auckland Region,Nil,1-way,Sealed,,0,0,,100,,Off,0,0,,76,Auckland,Nil,,,,,1,0,Open,1,,,Fine,Null
1765345.0249,5916722.9327,776114,,517001,0,1,0,0,0,Null,2024/2025,MERTON ROAD,APIRANA AVENUE,,Non-Injury Crash,No,2024,0,West,0,0,0,Hill Road,0,,0,,0,Dark,463902,0,0,0,2,0,0,0,0,0,,0,0,Auckland Region,Underpass,2-way,Sealed,0,0,0,0,50,0,On,0,0,,76,Auckland,Give way,0,0,0,0,1,0,Urban,0,0,0,Light rain,Null
1762370.9446,5914850.7009,776120,,520302,0,,0,0,,Null,2023/2024,ELLERSLIE-PANMURE HIGHWAY,BALLARAT STREET,,Minor Crash,No,2023,,East,,0,,Flat,,,,,,Bright sun,625104,1,0,1,2,,,0,,,,,,Auckland Region,Nil,2-way,Sealed,,0,0,,50,,None,0,0,,76,Auckland,Stop,,,,,0,0,Urban,0,,,Fine,Null
1756875.2496,5926361.7268,776136,,509702,0,,0,3,,North,2022/2023,NORTHERN MOTORWAY,ESMONDE ROAD ON RAMP,,Non-Injury Crash,Yes,2023,,North,,0,,Flat,,,,,,Dark,364602,0,0,0,4,,,0,,,,,,Auckland Region,Nil,1-way,Sealed,,0,0,,100,,On,0,0,,76,Auckland,Nil,,,,,0,0,Open,0,,,Fine,Null
1766043.9786,5919245.6695,776161,,516800,0,,0,2,,Null,2025/2026,MASKELL STREET,BERWICK STREET,,Minor Crash,No,2025,,South,,0,,Flat,,,,,,Overcast,512900,2,0,0,2,,,0,,,,,,Auckland Region,Nil,2-way,Sealed,,0,0,,50,,Off,0,0,,76,Auckland,Give way,,,,,0,0,Urban,0,,,Light rain,Null
1753571.4875,5932411.3479,776170,,508805,0,,0,2,,South,2024/2025,NORTHERN MOTORWAY,ROSEDALE OBR,,Non-Injury Crash,Yes,2024,,South,,0,,Hill Road,,,,,,Twilight,180866,0,0,0,2,,,0,,,,,,Auckland Region,Nil,1-way,Sealed,,0,0,,100,,On,0,0,,76,Auckland,Nil,,,,,0,0,Open,0,,,Light rain,Strong wind
1757200.0418,5920926.538,776226,,514101,0,,0,2,,Null,2024/2025,FANSHAWE STREET,HOBSON STREET,,Non-Injury Crash,No,2025,,East,,0,,Flat,,,,,,Dark,433003,0,0,0,5,,,0,,,,,,Auckland Region,Nil,2-way,Sealed,,0,0,,40,,On,0,0,,76,Auckland,Traffic Signals,,,,,0,0,Urban,0,,,Fine,Null
1756635.4175,5912844.6967,776233,,518702,0,,0,1,,Null,2024/2025,HILLSBOROUGH ROAD,HILLSBOROUGH ROAD ON RAMP,,Serious Crash,No,2024,,South,,0,,Flat,,,,,,Dark,569900,0,0,1,3,,,0,,,,,,Auckland Region,Nil,2-way,Sealed,,0,1,,50,,On,0,0,,76,Auckland,Traffic Signals,,,,,0,0,Urban,0,,,Fine,Null
1741978.9222,5893040.0125,776250,,521151,0,0,0,1,0,South,2024/2025,KEMP ROAD,AWHITU CENTRAL ROAD,,Serious Crash,No,2025,0,South,0,0,0,Hill Road,0,,0,,0,Dark,829500,0,0,0,2,0,0,0,0,0,,0,0,Auckland Region,Nil,2-way,Sealed,0,0,1,0,60,0,None,0,0,,76,Auckland,Nil,0,0,0,1,0,0,Urban,0,0,0,Fine,Null
1763857.5599,5912631.3299,776258,,520500,0,,0,1,,Null,2025/2026,MOUNT WELLINGTON HWY OFF RAMP,MOUNT WELLINGTON HIGHWAY,,Non-Injury Crash,No,2025,,East,,0,,Flat,,,,,,Twilight,637400,0,0,0,2,,,0,,,,,,Auckland Region,Nil,1-way,Sealed,,0,0,,50,,On,0,0,,76,Auckland,Give way,,,,,0,0,Urban,0,,,Fine,Null
1769854.0284,5914779.2429,776265,,522722,0,,0,2,,Null,2024/2025,PAKURANGA ROAD,AVIEMORE DRIVE,,Non-Injury Crash,No,2025,,East,,0,,Flat,,,,,,Bright sun,681324,0,0,0,3,,,0,,,,,,Auckland Region,Nil,1-way,Sealed,,0,0,,50,,Off,0,0,40,76,Auckland,Traffic Signals,,,,,0,0,Urban,0,,,Fine,Null
1757368.7294,5920623.588,776266,,514102,0,0,0,0,0,West,2025/2026,WYNDHAM STREET,QUEEN STREET,,Minor Crash,No,2025,0,West,0,0,0,Hill Road,0,,0,,0,Overcast,433501,1,0,0,2,0,0,0,0,0,,0,0,Auckland Region,Nil,2-way,Sealed,0,0,0,0,50,0,Off,0,0,,76,Auckland,Nil,0,1,0,1,0,0,Urban,1,0,0,Fine,Null
1741624.6062,5987470.5792,776289,,506660,0,0,0,1,0,North,2024/2025,WAITEITEI ROAD,DAY ROAD,,Non-Injury Crash,No,2025,1,North,0,0,0,Flat,0,,0,,0,Bright sun,136301,0,0,0,2,0,0,0,0,0,,0,0,Auckland Region,Nil,2-way,Sealed,0,0,0,0,100,0,Null,0,0,,76,Auckland,Nil,0,0,0,0,0,0,Open,1,0,0,Fine,Null
1745620.0125,5913174.23,776290,,511001,0,0,0,1,0,East,2024/2025,PISCES ROAD,SOLAR ROAD,,Non-Injury Crash,No,2025,0,West,0,0,1,Hill Road,0,Easter,0,,0,Dark,282820,0,0,0,2,0,0,0,0,0,,0,0,Auckland Region,Speed hump,2-way,Sealed,0,0,0,0,50,0,On,0,0,,76,Auckland,Nil,0,0,0,0,0,0,Urban,0,0,0,Mist or Fog,Null
1763774.0756,5913165.5464,776297,,520402,0,,0,2,,Null,2023/2024,MOUNT WELLINGTON HIGHWAY,LONGFORD STREET,,Non-Injury Crash,No,2023,,South,,0,,Flat,,,,,,Dark,641501,0,0,0,6,,,0,,,,,,Auckland Region,Nil,2-way,Sealed,,0,0,,50,,On,0,0,,76,Auckland,Traffic Signals,,,,,0,0,Urban,0,,,Fine,None
1770151.6457,5911625.9479,776306,,523105,0,,0,2,,West,2024/2025,GOLFLAND DRIVE,FALDO DRIVE,,Non-Injury Crash,No,2025,,West,,0,,Null,,,,,,Dark,711149,0,0,0,2,,,0,,,,,,Auckland Region,Nil,2-way,Sealed,,0,0,,50,,On,0,0,,76,Auckland,Nil,,,,,0,0,Urban,0,,,Null,Null
1763920.2453,5908896.9812,776312,45,521901,0,0,0,1,0,East,2022/2023,MANGERE ROAD,AWA STREET,,Non-Injury Crash,No,2023,0,West,0,0,0,Flat,0,,0,,0,Twilight,785400,0,0,0,2,0,0,0,0,0,,0,0,Auckland Region,Nil,2-way,Sealed,0,0,0,0,50,0,On,0,0,,76,Auckland,Nil,1,0,0,0,0,0,Urban,0,0,0,Fine,Null
1748985.8878,5935905.4616,776314,,509000,0,0,0,0,0,Null,2024/2025,DAIRY FLAT HIGHWAY,COATESVILLE-RIVERHEAD HIGHWAY,,Minor Crash,No,2025,0,North,0,0,0,Flat,1,,0,,0,Bright sun,179301,1,0,1,2,0,0,0,0,0,,0,0,Auckland Region,Nil,1-way,Sealed,0,0,0,0,80,0,Off,0,0,,76,Auckland,Give way,0,0,0,0,0,0,Open,0,0,0,Fine,Null
1748690.1526,5946294.9274,776322,,506201,0,0,0,1,0,North,2024/2025,NORTHERN MOTORWAY,SILVERDALE ON RAMP,,Non-Injury Crash,Yes,2025,0,North,0,0,0,Flat,1,Queens Birthday,0,,0,Dark,176603,0,0,0,2,0,0,0,0,0,,0,0,Auckland Region,Nil,1-way,Sealed,0,0,0,0,100,0,On,0,0,,76,Auckland,Nil,0,0,0,0,0,0,Open,0,0,0,Fine,Null
1762437.1909,5903620.7791,776330,,524604,0,0,1,0,0,West,2025/2026,PUHINUI ROAD,CAMPANA ROAD,,Minor Crash,Yes,2025,0,East,0,0,0,Flat,0,,0,,0,Bright sun,781100,4,0,0,2,0,0,0,0,0,,1,0,Auckland Region,Nil,2-way,Sealed,0,0,0,0,60,0,None,0,0,20,76,Auckland,Nil,0,0,0,0,0,0,Urban,0,0,0,Fine,Null
1767447.1618,5912517.2722,776344,,522910,0,0,0,3,0,West,2022/2023,MARRIOTT ROAD,UDYS ROAD,,Non-Injury Crash,No,2023,0,South,0,0,0,Hill Road,0,,0,,0,Dark,686400,0,0,0,2,0,0,0,0,1,,0,0,Auckland Region,Nil,2-way,Sealed,0,0,0,0,50,0,On,0,0,,76,Auckland,Nil,0,0,0,0,0,0,Urban,0,0,0,Light rain,Null
1763001.9612,5917573.7886,776369,,516302,0,0,0,2,0,West,2024/2025,ST JOHNS ROAD,BLACKETT CRESCENT,,Minor Crash,No,2025,0,South,0,0,1,Flat,0,,0,,0,Dark,462809,2,0,0,2,0,0,0,0,1,,0,1,Auckland Region,Nil,2-way,Sealed,0,0,0,0,50,0,On,0,0,,76,Auckland,Nil,0,0,0,1,0,0,Urban,0,0,0,Fine,Null
1754755.3428,5915869.9472,776370,,517703,0,,0,2,,Null,2025/2026,SANDRINGHAM ROAD,COYLE STREET,,Non-Injury Crash,No,2025,,North,,0,,Flat,,,,,,Dark,538200,0,0,0,5,,,0,,,,,,Auckland Region,Nil,2-way,Sealed,,0,0,,50,,On,0,0,30,76,Auckland,Give way,,,,,0,0,Urban,0,,,Fine,Null
1752604.9571,5934760.3466,776378,,508701,0,,0,1,,Null,2025/2026,OTEHA VALLEY ROAD,MUNROE LANE,,Minor Crash,No,2025,,West,,0,,Flat,,,,,,Overcast,179000,1,0,0,2,,,0,,,,,,Auckland Region,Nil,1-way,Sealed,,0,0,,50,,Off,0,0,,76,Auckland,Give way,,,,,0,0,Urban,1,,,Fine,Null
1767044.1752,5900063.4423,776385,,524713,0,,0,2,,Null,2024/2025,WEYMOUTH ROAD,ROWANDALE AVENUE,,Non-Injury Crash,No,2024,,East,,0,,Flat,,,,,,Dark,775805,0,0,0,2,,,0,,,,,,Auckland Region,Nil,2-way,Sealed,,0,0,,50,,On,0,0,,76,Auckland,Give way,,,,,0,0,Urban,0,,,Fine,Null
1754313.2097,5918331.0659,776392,,515432,0,,0,2,,East,2022/2023,NORTH-WESTERN MOTORWAY,ST LUKES ROAD OFF RAMP,,Non-Injury Crash,Yes,2023,,West,,0,,Flat,,,,,,Twilight,406202,0,0,0,3,,,0,,,,,,Auckland Region,Nil,1-way,Sealed,,0,0,,80,,On,0,0,,76,Auckland,Nil,,,,,0,0,Open,0,,,Fine,Null
1752436.6631,5934665.7288,776441,,508701,0,,0,1,,West,2024/2025,OTEHA VALLEY ROAD,MILLS LANE,,Serious Crash,No,2025,,West,,0,,Flat,,,,,,Dark,179000,0,0,1,4,,,0,,,,,,Auckland Region,Nil,2-way,Sealed,,0,1,,50,,On,0,0,,76,Auckland,Nil,,,,,0,0,Urban,0,,,Fine,Null
1745371.17,5917132.3223,776448,,510800,0,,0,2,,South,2022/2023,RAILSIDE AVENUE,STEVIES LANE,,Non-Injury Crash,No,2023,,North,,0,,Flat,,,,,,Overcast,242700,0,0,0,2,,,0,,,,,,Auckland Region,Nil,2-way,Sealed,,0,0,,50,,Off,0,0,,76,Auckland,Nil,,,,,0,0,Urban,0,,,Light rain,Null
1768954.5982,5882192.4774,776449,,525910,0,,1,1,,South,2024/2025,SEDDON STREET,PAERATA ROAD,,Minor Crash,No,2025,,North,,0,,Flat,,,,,,Bright sun,818101,1,0,0,2,,,0,,,,,,Auckland Region,Nil,2-way,Sealed,,0,0,,50,,Off,1,0,,76,Auckland,Nil,,,,,0,0,Urban,0,,,Fine,Null
1757367.9757,5915733.8385,776450,,515802,0,0,0,2,0,Null,2025/2026,ST ANDREWS ROAD,GREEN LANE WEST,,Non-Injury Crash,No,2026,0,North,0,0,0,Flat,0,,0,,0,Dark,447700,0,0,0,4,0,0,0,0,0,,0,0,Auckland Region,Nil,2-way,Sealed,0,0,0,0,50,0,On,0,0,,76,Auckland,Traffic Signals,0,1,0,0,0,0,Urban,0,0,0,Fine,Null
1731507.2173,5925665.5003,776456,,506655,0,1,0,1,0,South,2023/2024,MURIWAI VALLEY ROAD,VALLEY ROAD,,Non-Injury Crash,No,2023,0,South,0,0,0,Flat,0,,0,,0,Dark,218702,0,0,0,2,0,0,0,0,0,,0,0,Auckland Region,Bridge,2-way,Sealed,0,0,0,0,100,0,None,0,0,,76,Auckland,Nil,0,0,0,0,0,0,Open,0,0,0,Fine,Null
1763487.708,5908615.9209,776465,,521901,0,,0,1,,Null,2022/2023,MANGERE ROAD,CHELSEA AVENUE,,Non-Injury Crash,No,2023,,North,,0,,Flat,,,,,,Bright sun,786200,0,0,0,4,,,0,,,,,,Auckland Region,Nil,2-way,Sealed,,0,0,,50,,Off,0,0,,76,Auckland,Traffic Signals,,,,,0,0,Urban,1,,,Fine,None
1769480.2911,5908025.0937,776472,,523713,0,,0,2,,North,2022/2023,TE IRIRANGI DRIVE,BISHOP DUNN PLACE,,Non-Injury Crash,No,2023,,South,,0,,Flat,,,,,,Overcast,712302,0,0,0,2,,,0,,,,,,Auckland Region,Nil,1-way,Sealed,,0,0,,80,,Off,0,0,,76,Auckland,Nil,,,,,0,0,Open,0,,,Fine,Null
1763873.8235,5913629.5005,776474,,520402,0,,0,0,,West,2025/2026,WAIPUNA ROAD,WAIPUNA ROAD,,Non-Injury Crash,No,2025,,East,,0,,Null,,,,,,Unknown,640600,0,0,0,2,,,0,,,,,,Auckland Region,Nil,2-way,Sealed,,0,0,,50,,Null,1,0,,76,Auckland,Nil,,,,,0,1,Urban,0,,,Fine,Null
1768151.9002,5905552.604,776481,,523721,0,,0,2,,South,2023/2024,BOUNDARY ROAD,SANDRINE AVENUE,,Non-Injury Crash,No,2023,,North,,0,,Flat,,,,,,Dark,715514,0,0,0,2,,,0,,,,,,Auckland Region,Nil,2-way,Sealed,,0,0,,50,,On,0,0,,76,Auckland,Nil,,,,,0,0,Urban,0,,,Fine,None
1749949.8404,5913814.4841,776520,,511303,0,,2,1,,Null,2022/2023,CLARK STREET,CLARK STREET,,Non-Injury Crash,No,2023,,South,,0,,Flat,,,,,,Bright sun,264904,0,0,0,2,,,0,,,,,,Auckland Region,Nil,2-way,Sealed,,0,0,,50,,Off,0,0,,76,Auckland,Traffic Signals,,,,,0,0,Urban,0,,,Fine,Null
1747942.7052,5916361.2711,776536,,511602,0,0,0,1,0,Null,2023/2024,AKATEA ROAD,HEPBURN ROAD,,Minor Crash,No,2023,0,North,0,0,1,Flat,0,Labour Weekend,0,,0,Overcast,273500,2,0,0,2,0,0,0,0,0,,0,0,Auckland Region,Nil,2-way,Sealed,0,0,0,0,50,0,Off,0,0,,76,Auckland,Nil,0,0,0,0,0,0,Urban,0,0,0,Fine,Null
1770466.3311,5910446.9481,776546,,523109,0,,0,1,,Null,2024/2025,ARMOY DRIVE,ARIGNA PLACE,,Non-Injury Crash,No,2024,,East,,0,,Null,,,,,,Unknown,711731,0,0,0,2,,,0,,,,,,Auckland Region,Nil,1-way,Sealed,,0,0,,70,,Null,0,0,,76,Auckland,Traffic Signals,,,,,0,1,Urban,0,,,Null,Null
1751241.1725,5913135.2801,776569,,514600,0,0,0,1,0,Null,2024/2025,TAYLOR STREET,PUKETEA STREET,,Non-Injury Crash,No,2024,0,North,0,0,0,Flat,0,,0,,0,Unknown,372000,0,0,0,2,0,0,0,0,1,,0,0,Auckland Region,Nil,2-way,Sealed,0,0,0,0,50,0,Null,0,0,,76,Auckland,Stop,0,0,0,0,0,0,Urban,0,0,0,Null,Null
1765727.0666,5906742.6431,776576,,522202,0,,0,2,,Null,2022/2023,GREAT SOUTH ROAD,SUTTON CRESCENT ,,Non-Injury Crash,No,2023,,West,,0,,Flat,,,,,,Bright sun,663500,0,0,0,4,,,0,,,,,,Auckland Region,Nil,2-way,Sealed,,0,0,,50,,Off,0,0,,76,Auckland,Traffic Signals,,,,,0,0,Urban,0,,,Fine,None
1773066.5923,5895434.7692,776585,,525410,0,0,0,2,0,South,2024/2025,OPAHEKE ROAD,ALEXANDER STREET,,Minor Crash,No,2025,0,South,0,0,0,Flat,0,,0,,0,Overcast,793800,1,0,0,2,0,0,0,0,1,,0,0,Auckland Region,Nil,2-way,Sealed,0,0,0,0,50,0,Off,0,0,,76,Auckland,Nil,0,0,0,0,0,0,Urban,0,0,0,Fine,Null
1774027.6479,5897536.4163,776592,,525630,0,0,0,1,0,Null,2023/2024,COSGRAVE ROAD,OLD WAIROA ROAD,,Non-Injury Crash,No,2024,0,North,0,0,1,Flat,0,,0,,0,Dark,795802,0,0,0,2,0,0,0,0,0,,0,0,Auckland Region,Nil,2-way,Sealed,0,0,0,0,50,0,On,1,0,,76,Auckland,Stop,0,0,0,0,0,0,Urban,0,0,0,Light rain,Null
1745599.9908,5916745.9104,776617,,510800,0,0,0,1,0,North,2024/2025,VITASOVICH AVENUE,VIEW ROAD,,Non-Injury Crash,No,2024,0,North,0,0,0,Flat,0,,0,,0,Twilight,243300,0,0,0,2,0,0,0,0,1,,0,0,Auckland Region,Nil,2-way,Sealed,0,0,0,0,50,0,On,1,0,,76,Auckland,Nil,0,0,0,0,0,0,Urban,0,0,0,Light rain,Null
1766667.9854,5912909.8598,776634,,522920,0,,0,1,,Null,2024/2025,TI RAKAU DRIVE,PAKURANGA HIGHWAY,,Minor Crash,No,2025,,North,,0,,Flat,,,,,,Twilight,683800,1,0,1,5,,,0,,,,,,Auckland Region,Nil,2-way,Sealed,,0,0,,50,,On,0,0,30,76,Auckland,Traffic Signals,,,,,0,0,Urban,0,,,Fine,Null