X,Y,OBJECTID,advisorySpeed,areaUnitID,bicycle,bridge,bus,carStationWagon,cliffBank,crashDirectionDescription,crashFinancialYear,crashLocation1,crashLocation2,crashRoadSideRoad,crashSeverity,crashSHDescription,crashYear,debris,directionRoleDescription,ditch,fatalCount,fence,flatHill,guardRail,holiday,houseOrBuilding,intersection,kerb,light,meshblockId,minorInjuryCount,moped,motorcycle,NumberOfLanes,objectThrownOrDropped,otherObject,otherVehicleType,overBank,parkedVehicle,pedestrian,phoneBoxEtc,postOrPole,region,roadCharacter,roadLane,roadSurface,roadworks,schoolBus,seriousInjuryCount,slipOrFlood,speedLimit,strayAnimal,streetLight,suv,taxi,temporarySpeedLimit,tlaId,tlaName,trafficControl,trafficIsland,trafficSign,train,tree,truck,unknownVehicleType,urban,vanOrUtility,vehicle,waterRiver,weatherA,weatherB
1747906.5894,5926364.3166,776640,,513431,0,,0,2,,Null,2024/2025,CLARK ROAD,SQUADRON DRIVE,,Minor Crash,No,2024,,South,,0,,Flat,,,,,,Overcast,222800,2,0,0,2,,,0,,,,,,Auckland Region,Nil,2-way,Sealed,,0,0,,50,,Off,0,0,,76,Auckland,Stop,,,,,0,0,Urban,0,,,Fine,Null
1770295.2371,5911222.0591,776641,,523113,0,,0,2,,Null,2024/2025,TE IRIRANGI DRIVE,TI RAKAU DRIVE,,Non-Injury Crash,No,2024,,North,,0,,Flat,,,,,,Overcast,711716,0,0,0,3,,,0,,,,,,Auckland Region,Nil,2-way,Sealed,,0,0,,50,,None,0,0,,76,Auckland,Traffic Signals,,,,,0,0,Urban,0,,,Fine,Null
1737006.9638,5971370.1505,776649,,506613,0,,0,1,,North,2024/2025,TAUHOA ROAD,HUDSON LANE,,Non-Injury Crash,No,2024,,South,,0,,Flat,,,,,,Bright sun,145300,0,0,0,2,,,0,,,,,,Auckland Region,Nil,2-way,Unsealed,,0,0,,100,,Off,0,0,,76,Auckland,Nil,,,,,0,0,Open,0,,,Fine,Null
1755788.5056,5918405.6852,776664,,515500,0,,0,0,,North,2023/2024,NORTH-WESTERN MOTORWAY,BOND OBR,,Non-Injury Crash,Yes,2024,,North,,0,,Flat,,,,,,Twilight,418500,0,0,0,4,,,0,,,,,,Auckland Region,Nil,1-way,Sealed,,0,0,,80,,On,1,0,,76,Auckland,Nil,,,,,0,0,Open,0,,,Fine,Null
1769336.7096,5911465.8248,776673,,523107,0,0,0,1,0,Null,2024/2025,TI RAKAU DRIVE,BURSWOOD DRIVE,,Non-Injury Crash,No,2024,0,East,0,0,0,Flat,0,,0,,0,Bright sun,711702,0,0,0,3,0,0,0,0,0,1,0,0,Auckland Region,Nil,1-way,Sealed,0,0,0,0,50,0,None,0,0,30,76,Auckland,Traffic Signals,0,1,0,0,0,0,Urban,0,0,0,Fine,Null
1744989.7101,5916243.7928,776674,,510800,0,0,0,2,0,South,2024/2025,HENDERSON VALLEY ROAD,WOODRUFFE AVENUE,,Minor Crash,No,2025,0,South,0,0,0,Flat,0,,0,,0,Bright sun,242501,2,0,0,2,0,0,0,0,1,,0,0,Auckland Region,Nil,2-way,Sealed,0,0,0,0,50,0,Off,0,0,,76,Auckland,Nil,0,0,0,0,1,0,Urban,0,0,0,Fine,Null
1754845.3004,5914586.972,776682,,518500,0,,0,2,,West,2023/2024,MOUNT ALBERT ROAD,MONS AVENUE,,Non-Injury Crash,No,2023,,West,,0,,Flat,,,,,,Bright sun,560300,0,0,0,2,,,0,,,,,,Auckland Region,Nil,2-way,Sealed,,0,0,,50,,Off,0,1,,76,Auckland,Nil,,,,,0,0,Urban,0,,,Fine,Null
1750019.916,5918002.6347,776706,,514801,0,0,0,1,0,East,2023/2024,NORTH-WESTERN MOTORWAY,ROSEBANK ROAD OFF RAMP,,Non-Injury Crash,Yes,2023,0,West,0,0,0,Flat,1,,0,,0,Overcast,390401,0,0,0,5,0,0,0,0,0,,0,0,Auckland Region,Motorway ramp,1-way,Sealed,0,0,0,0,100,0,Off,0,0,,76,Auckland,Nil,0,0,0,0,0,0,Open,0,0,0,Light rain,Null
1769423.8291,5901049.9191,776713,,524902,0,0,0,2,0,East,2024/2025,ALFRISTON ROAD,CLAUDE ROAD,,Non-Injury Crash,No,2025,0,West,0,0,0,Flat,0,,0,,0,Bright sun,757700,0,0,0,2,0,0,0,0,1,,0,0,Auckland Region,Nil,2-way,Sealed,0,0,0,0,50,0,None,0,0,,76,Auckland,Nil,0,0,0,0,0,0,Urban,0,0,0,Fine,Null
1759222.925,5903455.0132,776714,,524200,0,,0,2,,Null,2023/2024,GEORGE BOLT MEMORIAL DRIVE,TOM PEARCE DRIVE,,Non-Injury Crash,No,2024,,South,,0,,Flat,,,,,,Bright sun,727200,0,0,0,1,,,0,,,,,,Auckland Region,Nil,2-way,Sealed,,0,0,,50,,None,0,0,,76,Auckland,Traffic Signals,,,,,0,0,Urban,0,,,Fine,Null
1757003.0561,5920565.0136,776720,,514102,0,,0,2,,West,2022/2023,VICTORIA STREET WEST,VOGEL LANE,,Non-Injury Crash,No,2023,,East,,0,,Flat,,,,,,Overcast,433700,0,0,0,4,,,0,,,,,,Auckland Region,Nil,2-way,Sealed,,0,0,,30,,Null,0,0,,76,Auckland,Nil,,,,,0,0,Urban,0,,,Null,None
1774962.3892,5896994.1684,776721,,525610,0,0,0,1,0,North,2024/2025,DOMINION ROAD,ELSIE MORTON PLACE,,Non-Injury Crash,No,2024,0,South,0,0,0,Flat,0,,0,,1,Dark,799700,0,0,0,2,0,0,0,0,0,,0,0,Auckland Region,Nil,2-way,Sealed,0,0,0,0,50,0,On,0,0,,76,Auckland,Nil,0,0,0,0,0,0,Urban,0,0,0,Fine,Null
1768721.9922,5911621.2201,776722,,523107,0,,0,2,,Null,2024/2025,TI RAKAU DRIVE,BURSWOOD DRIVE,,Minor Crash,No,2024,,East,,0,,Flat,,,,,,Dark,711408,1,0,0,6,,,0,,,,,,Auckland Region,Nil,2-way,Sealed,,0,0,,50,,On,0,0,,76,Auckland,Traffic Signals,,,,,0,0,Urban,0,,,Fine,Null
1772452.1575,5890541.8304,776728,,521203,0,0,0,0,0,Null,2023/2024,KARAKA ROAD,MCPHERSON ROAD,,Non-Injury Crash,Yes,2024,0,North,1,0,1,Flat,0,,0,,0,Dark,807300,0,0,0,2,0,0,0,0,0,,0,1,Auckland Region,Nil,2-way,Sealed,0,0,0,0,60,0,On,0,0,,76,Auckland,Give way,0,0,0,0,0,0,Urban,1,0,0,Heavy rain,Null
1746118.2171,5913993.0791,776729,,511001,0,,0,2,,East,2024/2025,WEST COAST ROAD,KAMARA ROAD,,Non-Injury Crash,No,2024,,West,,0,,Flat,,,,,,Bright sun,282500,0,0,0,2,,,0,,,,,,Auckland Region,Nil,2-way,Sealed,,0,0,,50,,Off,0,0,,76,Auckland,Nil,,,,,0,0,Urban,0,,,Fine,Null
1739765.5569,5930364.5057,776736,,505604,0,0,0,0,1,Null,2024/2025,OLD NORTH ROAD,ORAHA ROAD,,Minor Crash,No,2024,0,North,0,0,0,Hill Road,0,,0,,0,Bright sun,213900,1,0,0,2,0,0,0,0,0,,0,0,Auckland Region,Nil,2-way,Sealed,0,0,0,0,80,0,None,0,0,,76,Auckland,Give way,0,0,0,0,0,0,Open,1,0,0,Fine,Null
1760921.3322,5906813.2318,776745,,524112,0,0,0,1,0,Null,2024/2025,ASHGROVE ROAD,CHINGFORD CLOSE,,Non-Injury Crash,No,2024,0,South,0,0,0,Flat,0,,1,,0,Dark,743000,0,0,0,2,0,0,0,0,0,,0,0,Auckland Region,Nil,2-way,Sealed,0,0,0,0,50,0,On,0,0,,76,Auckland,Nil,0,0,0,0,0,0,Urban,0,0,0,Fine,Null
1770931.2125,5905363.6157,776753,,523713,0,,0,2,,Null,2024/2025,MURPHYS ROAD,MURPHYS PARK DRIVE,,Non-Injury Crash,No,2024,,South,,0,,Flat,,,,,,Overcast,713400,0,0,0,2,,,0,,,,,,Auckland Region,Nil,2-way,Sealed,,0,0,,60,,None,0,0,,76,Auckland,Give way,,,,,0,0,Urban,0,,,Fine,Null
1764358.6603,5909283.2837,776760,,521901,0,0,0,2,0,North,2022/2023,GREAT SOUTH ROAD,ALEXANDER STREET,,Non-Injury Crash,No,2023,0,North,0,0,0,Flat,0,,0,,0,Overcast,784900,0,0,0,4,0,0,0,0,1,,0,0,Auckland Region,Nil,2-way,Sealed,0,0,0,0,50,0,Off,0,0,,76,Auckland,Nil,0,0,0,0,0,0,Urban,0,0,0,Light rain,None
1768985.5744,5911312.2207,776762,,523112,0,,0,2,,North,2023/2024,HARRIS ROAD,NANDINA AVENUE,,Non-Injury Crash,No,2024,,South,,0,,Flat,,,,,,Bright sun,711404,0,0,0,4,,,0,,,,,,Auckland Region,Nil,2-way,Sealed,,0,0,,60,,Off,0,0,,76,Auckland,Nil,,,,,0,0,Urban,0,,,Fine,Null
1751482.0021,5927245.2298,776770,,510210,0,,0,1,,Null,2023/2024,BEACH HAVEN ROAD,HELLYERS STREET,,Serious Crash,No,2024,,West,,0,,Hill Road,,,,,,Bright sun,346702,0,0,0,2,,,0,,,1,,,Auckland Region,Nil,2-way,Sealed,,0,1,,50,,Off,0,0,,76,Auckland,Give way,,,,,0,0,Urban,0,,,Fine,Null
1751558.2936,5915450.9914,776778,,514401,0,,0,1,,Null,2024/2025,BLOCKHOUSE BAY ROAD,TAIT STREET,,Non-Injury Crash,No,2024,,South,,0,,Null,,,,,,Bright sun,382600,0,0,0,3,,,0,,,,,,Auckland Region,Nil,2-way,Sealed,,0,0,,50,,Off,0,0,,76,Auckland,Give way,,,,,0,0,Urban,1,,,Fine,Null
1740374.3976,5918117.8417,776792,,513102,0,0,0,1,0,West,2023/2024,CHRISTIAN ROAD,METTAM DRIVE,,Minor Crash,No,2024,0,North,0,0,0,Hill Road,0,,0,,0,Dark,237700,1,0,0,2,0,0,0,0,0,,0,1,Auckland Region,Nil,2-way,Sealed,0,0,0,0,80,0,None,0,0,,76,Auckland,Nil,0,0,0,0,0,0,Open,0,0,0,Fine,Null
1755348.8991,5934296.5718,776810,,507200,0,0,0,2,0,North,2023/2024,BAYSIDE DRIVE,CRESTVIEW PLACE,,Non-Injury Crash,No,2023,0,North,0,0,0,Flat,0,,0,,0,Dark,156304,0,0,0,2,0,0,0,0,2,,0,0,Auckland Region,Nil,2-way,Sealed,0,0,0,0,50,0,Off,0,0,,76,Auckland,Nil,0,0,0,0,0,0,Urban,1,0,0,Fine,Null
1768414.8413,5903450.2374,776817,,523820,0,,0,3,,South,2024/2025,SOUTHERN MOTORWAY,REDOUBT ROAD ON RAMP,,Non-Injury Crash,Yes,2024,,South,,0,,Flat,,,,,,Bright sun,760142,0,0,0,3,,,0,,,,,,Auckland Region,Nil,1-way,Sealed,,0,0,,100,,Off,0,0,,76,Auckland,Nil,,,,,0,0,Open,0,,,Fine,Null
1769116.8725,5905937.9888,776826,,523712,0,0,0,1,0,North,2023/2024,NUNEATON DRIVE,CALDECOTE PLACE,,Non-Injury Crash,No,2023,0,North,0,0,0,Flat,0,,0,,0,Dark,713015,0,0,0,2,0,0,0,0,1,,0,0,Auckland Region,Nil,2-way,Sealed,0,0,0,0,50,0,On,0,0,,76,Auckland,Nil,0,0,0,0,0,0,Urban,0,0,0,Light rain,Null
1754941.7706,5944836.195,776832,,505909,0,,0,1,,North,2023/2024,WHANGAPARAOA ROAD,HIWI CRESCENT,,Serious Crash,No,2024,,North,,0,,Hill Road,,,,,,Overcast,173811,0,0,0,2,,,0,,,1,,,Auckland Region,Nil,2-way,Sealed,,0,1,,50,,Off,0,0,,76,Auckland,Nil,,,,,0,0,Urban,0,,,Fine,Null
1770768.6409,5898515.9443,776833,,523920,0,,0,2,,North,2024/2025,GREAT SOUTH ROAD,GRAHAM ROAD,,Non-Injury Crash,No,2024,,North,,0,,Flat,,,,,,Bright sun,767503,0,0,0,2,,,0,,,,,,Auckland Region,Nil,2-way,Sealed,,0,0,,50,,Off,0,0,,76,Auckland,Nil,,,,,0,0,Urban,0,,,Fine,Null
1765782.0596,5901124.1423,776834,,524711,0,0,0,2,0,Null,2023/2024,ROSCOMMON ROAD,BURBANK AVENUE,,Minor Crash,No,2024,0,South,0,0,0,Flat,0,,0,,0,Dark,774900,3,0,0,2,0,0,0,0,0,,0,1,Auckland Region,Nil,1-way,Sealed,0,0,0,0,50,0,On,0,0,30,76,Auckland,Give way,0,0,0,0,0,0,Urban,0,0,0,Fine,Null
1763989.3441,5913622.2298,776848,,520402,0,,0,1,,Null,2023/2024,WAIPUNA ROAD,MUSKET PLACE,,Non-Injury Crash,No,2023,,West,,0,,Flat,,,,,,Dark,640600,0,0,0,2,,,0,,,,,,Auckland Region,Nil,2-way,Sealed,,0,0,,50,,On,0,0,,76,Auckland,Traffic Signals,,,,,0,0,Urban,1,,,Light rain,Null
1748662.6521,5913867.4772,776857,,511302,0,0,0,1,0,Null,2024/2025,GREAT NORTH ROAD,FRUITVALE ROAD,,Non-Injury Crash,No,2025,0,West,0,0,1,Flat,0,,0,,0,Dark,269400,0,0,0,4,0,0,0,0,0,,0,0,Auckland Region,Nil,2-way,Sealed,0,0,0,0,50,0,On,0,0,,76,Auckland,Stop,0,0,0,0,0,0,Urban,0,0,0,Fine,Null
1746470.6828,5916385.4423,776865,,510800,0,0,0,1,0,West,2024/2025,JAMES LAURIE STREET,GREAT NORTH ROAD,,Non-Injury Crash,No,2025,0,West,0,0,0,Null,0,,0,,0,Dark,244001,0,0,0,2,0,0,0,0,0,,0,0,Auckland Region,Nil,2-way,Sealed,0,0,0,0,50,0,On,0,0,,76,Auckland,Nil,0,0,0,0,0,1,Urban,0,1,0,Fine,Null
1740281.8181,5911440.3895,776866,,513020,0,,0,1,,East,2024/2025,SCENIC DRIVE,QUINNS ROAD,,Minor Crash,No,2025,,South,,0,,Hill Road,,,,,,Bright sun,280302,1,0,0,2,,,0,,,,,,Auckland Region,Nil,2-way,Sealed,,0,0,,60,,None,1,0,,76,Auckland,Nil,,,,,0,0,Urban,0,,,Fine,Null
1755603.3809,5919973.3824,776881,,514000,0,,0,0,,Null,2024/2025,PONSONBY ROAD,FRANKLIN ROAD,,Minor Crash,No,2025,,South,,0,,Flat,,,,,,Dark,415700,1,0,1,4,,,0,,,,,,Auckland Region,Nil,2-way,Sealed,,0,0,,40,,On,1,0,,76,Auckland,Traffic Signals,,,,,0,0,Urban,0,,,Fine,Null
1749188.7039,5918234.8246,776890,,514801,0,,0,2,,South,2024/2025,NORTH-WESTERN MOTORWAY,ROSEBANK OBR,,Minor Crash,Yes,2024,,North,,0,,Flat,,,,,,Dark,390401,1,0,0,4,,,0,,,,,,Auckland Region,Nil,1-way,Sealed,,0,0,,100,,On,0,0,,76,Auckland,Nil,,,,,0,0,Open,0,,,Light rain,Null
1750612.0779,5914137.9434,776896,,511303,0,,0,1,,North,2023/2024,PORTAGE ROAD,PURIRI STREET,,Non-Injury Crash,No,2023,,South,,0,,Flat,,,,,,Overcast,266300,0,0,0,2,,,0,,,,,,Auckland Region,Nil,2-way,Sealed,,0,0,,50,,None,1,0,,76,Auckland,Nil,,,,,0,0,Urban,0,,,Light rain,Null
1756396.8343,5919362.0326,776897,,514000,0,0,0,4,0,West,2025/2026,KARANGAHAPE ROAD,EDINBURGH STREET,,Serious Crash,No,2025,0,West,0,0,0,Flat,0,,0,,0,Dark,413900,0,0,0,2,0,0,0,0,1,,0,0,Auckland Region,Nil,2-way,Sealed,0,0,1,0,30,0,On,0,0,,76,Auckland,Nil,0,0,0,0,0,0,Urban,0,0,0,Light rain,Null
1761094.9626,5916199.7892,776904,,516003,0,0,0,1,0,West,2023/2024,PEACH PARADE,LADIES MILE,,Non-Injury Crash,No,2023,0,West,0,0,0,Hill Road,0,,0,,0,Bright sun,494600,0,0,0,2,0,0,0,0,1,,0,0,Auckland Region,Nil,2-way,Sealed,0,0,0,0,50,0,Off,0,0,,76,Auckland,Nil,0,0,0,0,0,0,Urban,1,0,0,Fine,Frost
1750526.0492,5913619.0206,776906,,511303,0,,1,1,,North,2024/2025,PORTAGE ROAD,NEVILLE STREET,,Non-Injury Crash,No,2024,,North,,0,,Flat,,,,,,Dark,265400,0,0,0,2,,,0,,,,,,Auckland Region,Nil,2-way,Sealed,,0,0,,50,,On,0,0,,76,Auckland,Nil,,,,,0,0,Urban,0,,,Fine,Null
1748595.1665,5911276.3649,776914,,512100,0,,0,1,,East,2024/2025,GODLEY ROAD,STOTTHOLM ROAD,,Minor Crash,No,2025,,East,,0,,Hill Road,,,,,,Dark,290701,1,0,1,2,,,0,,,,,,Auckland Region,Nil,2-way,Sealed,,0,0,,50,,On,0,0,,76,Auckland,Nil,,,,,0,0,Urban,0,,,Fine,Null
1762886.4347,5913164.9191,776921,,520402,0,0,0,3,0,West,2024/2025,ARANUI ROAD,SKINNER ROAD,,Non-Injury Crash,No,2024,0,East,0,0,0,Hill Road,0,,0,,0,Dark,642500,0,0,0,2,0,0,0,0,1,,0,0,Auckland Region,Nil,2-way,Sealed,0,0,0,0,50,0,On,0,0,,76,Auckland,Nil,0,0,0,0,0,0,Urban,0,0,0,Fine,Null
1760810.2023,5913932.2293,776922,,519500,0,,0,2,,Null,2023/2024,ROCKFIELD ROAD,ORANGA AVENUE,,Non-Injury Crash,No,2024,,South,,0,,Flat,,,,,,Bright sun,620600,0,0,0,2,,,0,,,,,,Auckland Region,Nil,2-way,Sealed,,0,0,,50,,Off,0,0,,76,Auckland,Give way,,,,,0,0,Urban,0,,,Fine,Null
1757226.8933,5920248.1906,776936,,514102,0,0,0,2,0,Null,2023/2024,WELLESLEY STREET WEST,ELLIOTT STREET,,Non-Injury Crash,No,2023,0,East,0,0,0,Hill Road,0,,0,,0,Bright sun,433900,0,0,0,4,0,0,0,0,0,,0,1,Auckland Region,Nil,2-way,Sealed,0,0,0,0,30,0,Off,0,0,,76,Auckland,Traffic Signals,0,0,0,0,0,0,Urban,0,0,0,Fine,Null
1763336.1441,5909545.1708,776938,,521901,0,,0,2,,Null,2023/2024,STATION ROAD,SALEYARDS ROAD,,Non-Injury Crash,No,2024,,West,,0,,Flat,,,,,,Bright sun,783000,0,0,0,3,,,0,,,,,,Auckland Region,Nil,2-way,Sealed,,0,0,,50,,Off,0,0,,76,Auckland,Traffic Signals,,,,,0,0,Urban,0,,,Fine,None
1752465.3971,5916337.2208,776944,,517901,0,0,0,1,0,East,2023/2024,WILLCOTT STREET,WOODWARD ROAD,,Non-Injury Crash,No,2023,0,South,0,0,1,Flat,0,,0,,0,Dark,524700,0,0,0,2,0,0,0,0,0,,0,0,Auckland Region,Nil,2-way,Sealed,0,0,0,0,50,0,On,0,0,,76,Auckland,Nil,0,0,0,0,0,0,Urban,0,0,0,Fine,Null
1758915.2228,5913428.6633,776946,,519720,0,0,0,0,0,South,2024/2025,ONEHUNGA MALL,CLARKE ROAD,,Non-Injury Crash,No,2024,0,South,0,0,0,Hill Road,0,,0,,0,Overcast,593600,0,0,0,2,0,0,0,0,1,,0,0,Auckland Region,Nil,2-way,Sealed,0,0,0,0,50,0,Null,1,0,,76,Auckland,Nil,0,0,0,0,1,0,Urban,0,0,0,Null,Null
1764021.9437,5904261.9828,776962,45,524604,0,,0,2,,Null,2024/2025,PUHINUI ROAD,PUHINUI ROAD-SH 20B ON RAMP,,Non-Injury Crash,Yes,2024,,West,,0,,Flat,,,,,,Bright sun,781100,0,0,0,3,,,0,,,,,,Auckland Region,Nil,1-way,Sealed,,0,0,,50,,Off,0,0,,76,Auckland,Traffic Signals,,,,,0,0,Urban,0,,,Fine,None
1748053.0549,5912656.7517,776969,,511902,0,,0,1,,North,2024/2025,TITIRANGI ROAD,PLEASANT ROAD,,Minor Crash,No,2025,,North,,0,,Hill Road,,,,,,Bright sun,292005,1,0,1,2,,,0,,,,,,Auckland Region,Nil,2-way,Sealed,,0,0,,50,,Off,0,0,,76,Auckland,Nil,,,,,0,0,Urban,0,,,Fine,Null
1749559.9406,5911512.2593,776984,,512100,0,0,0,1,0,West,2023/2024,GODLEY ROAD,TAUPO STREET,,Non-Injury Crash,No,2023,0,West,0,0,0,Flat,1,,0,,0,Overcast,290300,0,0,0,2,0,0,0,0,0,,0,0,Auckland Region,Speed hump,2-way,Sealed,0,0,0,0,50,0,Off,0,0,,76,Auckland,Nil,1,0,0,0,0,0,Urban,0,0,0,Light rain,Null
1749391.4842,5935691.2021,776986,,506300,0,,0,2,,North,2025/2026,DAIRY FLAT HIGHWAY,ALBANY HEIGHTS ROAD,,Serious Crash,No,2025,,North,,0,,Flat,,,,,,Dark,176003,0,0,0,3,,,0,,,,,,Auckland Region,Nil,2-way,Sealed,,0,1,,80,,On,1,0,,76,Auckland,Nil,,,,,0,0,Open,0,,,Fine,Null
1764395.7541,5914314.7162,776992,35,520602,0,0,0,1,0,South,2023/2024,IRELAND ROAD,CLEARY ROAD,,Minor Crash,No,2024,0,South,0,0,0,Hill Road,0,,0,,0,Dark,629100,1,0,0,2,0,0,0,0,0,,0,1,Auckland Region,Nil,2-way,Sealed,0,0,0,0,50,0,On,0,0,,76,Auckland,Nil,0,0,0,0,0,0,Urban,0,0,0,Light rain,Strong wind
1744689.5756,5922429.9086,777008,,513530,0,,0,0,,Null,2023/2024,OFF ROAD - CAR PARK ROYAL ROAD,,,Minor Crash,No,2024,,Null,,0,,Flat,,,,,,Dark,224422,1,0,0,,,,0,,,1,,,Auckland Region,Nil,Off road,Sealed,,0,0,,,,On,0,0,,76,Auckland,Nil,,,,,0,0,Urban,0,,,Light rain,Null
1742071.6331,5919346.7061,777026,,513211,0,0,1,1,0,South,2024/2025,BIRDWOOD ROAD,WAIMOKO GLEN,,Serious Crash,No,2025,0,North,1,0,0,Hill Road,0,,0,,0,Dark,235010,4,0,0,2,0,0,0,0,0,,0,0,Auckland Region,Nil,2-way,Sealed,0,0,1,0,50,0,On,0,0,,76,Auckland,Nil,0,0,0,0,0,0,Urban,0,0,0,Fine,Null
1747214.0456,5919433.9531,777033,,512402,0,,0,2,,Null,2022/2023,ROYAL VIEW ROAD,TE ATATU ROAD,,Non-Injury Crash,No,2023,,South,,0,,Flat,,,,,,Bright sun,253600,0,0,0,2,,,0,,,,,,Auckland Region,Nil,2-way,Sealed,,0,0,,50,,Null,0,0,,76,Auckland,Give way,,,,,0,0,Urban,0,,,Fine,None
1770335.5819,5906360.4164,777041,,523713,0,0,0,1,0,East,2023/2024,FLAT BUSH SCHOOL ROAD,BROOKVIEW DRIVE,,Non-Injury Crash,No,2023,0,East,0,0,0,Null,0,,0,,0,Unknown,713100,0,0,0,2,0,0,0,0,1,,0,0,Auckland Region,Nil,2-way,Sealed,0,0,0,0,50,0,Null,0,0,,76,Auckland,Nil,0,0,0,0,0,1,Urban,0,0,0,Null,Null
1736172.5705,5910135.3571,777048,,513800,0,0,0,1,0,East,2023/2024,PIHA ROAD,ANAWHATA ROAD,,Non-Injury Crash,No,2023,0,West,1,0,0,Hill Road,0,,0,,0,Bright sun,281902,0,0,0,2,0,0,0,0,0,,0,0,Auckland Region,Nil,2-way,Sealed,0,0,0,0,70,0,Off,1,0,,76,Auckland,Nil,0,0,0,0,0,0,Urban,0,0,0,Fine,Null
1761069.6978,5914378.8585,777049,,520202,0,,0,2,,Null,2024/2025,GREAT SOUTH ROAD,ELLERSLIE-PANMURE HIGHWAY,,Non-Injury Crash,No,2024,,South,,0,,Flat,,,,,,Overcast,612200,0,0,0,2,,,0,,,,,,Auckland Region,Nil,1-way,Sealed,,0,0,,50,,Off,0,0,,76,Auckland,Give way,,,,,0,0,Urban,0,,,Fine,Null
1769048.0934,5914758.7306,777050,,522721,0,,0,1,,Null,2023/2024,FORTUNES ROAD,BUTLEY DRIVE,,Non-Injury Crash,No,2024,,North,,0,,Flat,,,,,,Bright sun,680726,0,0,0,2,,,0,,,1,,,Auckland Region,Nil,2-way,Sealed,,0,0,,50,,Off,0,0,,76,Auckland,Give way,,,,,0,0,Urban,0,,,Fine,Null
1744544.0316,5909341.3802,777058,,512801,0,0,0,1,0,West,2023/2024,HUIA ROAD,EXHIBITION DRIVE,,Non-Injury Crash,No,2024,0,North,0,0,0,Hill Road,0,,0,,0,Bright sun,302501,0,0,0,1,0,0,0,0,0,,0,0,Auckland Region,Nil,1-way,Sealed,0,0,0,0,60,0,Off,0,0,,76,Auckland,Nil,0,0,0,1,0,0,Urban,0,0,0,Fine,Null
1769079.9413,5902533.681,777065,,524901,0,,0,1,,South,2023/2024,SOUTHERN MOTORWAY,PUHINUI STM BR,,Non-Injury Crash,Yes,2024,,North,,0,,Flat,,,,,,Overcast,755000,0,0,0,3,,,0,,,,,,Auckland Region,Nil,1-way,Sealed,,0,0,,100,,Off,0,0,,76,Auckland,Nil,,,,,0,0,Open,2,,,Fine,Null
1754618.6474,5930728.276,777073,,508420,0,,0,2,,South,2024/2025,NORTHERN MOTORWAY,SUNSET OBR,,Non-Injury Crash,Yes,2024,,North,,0,,Hill Road,,,,,,Dark,182008,0,0,0,3,,,0,,,,,,Auckland Region,Motorway ramp,1-way,Sealed,,0,0,,100,,On,0,0,,76,Auckland,Nil,,,,,0,0,Open,0,,,Fine,Null
1772205.3483,5913933.1686,777074,,521502,0,,0,1,,Null,2023/2024,COOK STREET,RODNEY STREET,,Non-Injury Crash,No,2024,,North,,0,,Hill Road,,,,,,Dark,653701,0,0,0,2,,,0,,,,,,Auckland Region,Nil,2-way,Sealed,,0,0,,50,,On,0,0,,76,Auckland,Give way,,,,,0,0,Urban,1,,,Fine,Null
1758226.0372,5926896.8656,777080,,508010,0,,0,2,,Null,2023/2024,LAKE ROAD,BLOMFIELD SPA,,Non-Injury Crash,No,2024,,South,,0,,Flat,,,,,,Bright sun,324300,0,0,0,2,,,0,,,,,,Auckland Region,Nil,2-way,Sealed,,0,0,,30,,Off,0,0,,76,Auckland,Give way,,,,,0,0,Urban,0,,,Fine,Null
1757007.5263,5920828.5366,777089,,514101,0,,0,2,,Null,2022/2023,FANSHAWE STREET,MARKET PLACE,,Non-Injury Crash,No,2023,,East,,0,,Flat,,,,,,Bright sun,433005,0,0,0,5,,,0,,,,,,Auckland Region,Nil,1-way,Sealed,,0,0,,40,,None,0,0,,76,Auckland,Traffic Signals,,,,,0,0,Urban,0,,,Fine,None
1750482.2889,5954442.1871,777098,,506201,0,,0,0,,South,2025/2026,NORTHERN GATEWAY TOLL ROAD,WAIWERA VIADUCT SOUTH,,Minor Crash,Yes,2025,,South,,0,,Hill Road,,,,,,Dark,176204,1,0,0,2,,,0,,,,,,Auckland Region,Nil,1-way,Sealed,,0,0,,100,,None,0,0,,76,Auckland,Nil,,,,,0,0,Open,1,,,Heavy rain,Null
1746233.2119,5916953.1487,777120,,510800,0,0,0,1,0,Null,2023/2024,GREAT NORTH ROAD,NORCROSS AVENUE,,Non-Injury Crash,No,2024,0,East,0,0,1,Hill Road,0,,0,,0,Dark,243502,0,0,0,3,0,0,0,0,0,,0,0,Auckland Region,Nil,2-way,Sealed,0,0,0,0,50,0,On,0,0,,76,Auckland,Stop,1,1,0,0,0,0,Urban,0,0,0,Fine,Null
1758841.9999,5918947.9961,777121,,515901,0,,0,0,,Null,2023/2024,PARNELL ROAD,AYR STREET,,Non-Injury Crash,No,2023,,North,,0,,Flat,,,,,,Twilight,451800,0,0,0,2,,,0,,,,,,Auckland Region,Nil,2-way,Sealed,,0,0,,50,,Null,2,0,,76,Auckland,Traffic Signals,,,,,0,0,Urban,0,,,Light rain,None
1752414.3528,5937962.1005,777128,,506300,0,0,0,0,0,South,2024/2025,EAST COAST ROAD,JOHN BRIAN DRIVE,,Minor Crash,No,2024,0,North,1,0,0,Flat,0,,0,,0,Bright sun,176105,2,0,1,2,0,0,0,0,0,,0,0,Auckland Region,Nil,2-way,Sealed,0,0,0,0,80,0,None,0,0,,76,Auckland,Nil,0,0,0,0,0,0,Open,0,0,0,Fine,Null