X,Y,OBJECTID,advisorySpeed,areaUnitID,bicycle,bridge,bus,carStationWagon,cliffBank,crashDirectionDescription,crashFinancialYear,crashLocation1,crashLocation2,crashRoadSideRoad,crashSeverity,crashSHDescription,crashYear,debris,directionRoleDescription,ditch,fatalCount,fence,flatHill,guardRail,holiday,houseOrBuilding,intersection,kerb,light,meshblockId,minorInjuryCount,moped,motorcycle,NumberOfLanes,objectThrownOrDropped,otherObject,otherVehicleType,overBank,parkedVehicle,pedestrian,phoneBoxEtc,postOrPole,region,roadCharacter,roadLane,roadSurface,roadworks,schoolBus,seriousInjuryCount,slipOrFlood,speedLimit,strayAnimal,streetLight,suv,taxi,temporarySpeedLimit,tlaId,tlaName,trafficControl,trafficIsland,trafficSign,train,tree,truck,unknownVehicleType,urban,vanOrUtility,vehicle,waterRiver,weatherA,weatherB
1756245.8439,5935527.0451,777137,25,507101,0,0,0,1,0,Null,2024/2025,BAYVIEW ROAD,MANLY ESPLANADE,,Non-Injury Crash,No,2024,0,East,0,0,0,Flat,0,,0,,0,Dark,162200,0,0,0,2,0,0,0,0,0,,0,2,Auckland Region,Nil,2-way,Sealed,0,0,0,0,50,0,On,0,0,,76,Auckland,Give way,0,0,0,0,0,0,Urban,0,0,0,Mist or Fog,Null
1754203.1451,5918502.672,777138,,515431,0,,0,1,,South,2022/2023,GREAT NORTH ROAD,BULLOCK TRACK,,Non-Injury Crash,No,2023,,South,,0,,Flat,,Christmas New Year,,,,Overcast,406101,0,0,0,4,,,0,,,,,,Auckland Region,Nil,2-way,Sealed,,0,0,,50,,Null,1,0,,76,Auckland,Nil,,,,,0,0,Urban,0,,,Null,None
1757769.5438,5918207.106,777145,,515700,0,0,0,2,0,South,2023/2024,SOUTHERN MOTORWAY,MOUNTAIN OBR,,Non-Injury Crash,Yes,2024,0,North,0,0,0,Flat,1,,0,,0,Dark,443600,0,0,0,4,0,0,0,0,0,,0,0,Auckland Region,Bridge,1-way,Sealed,0,0,0,0,80,0,On,0,0,,76,Auckland,Nil,0,0,0,0,0,0,Open,0,0,0,Fine,Null
1755346.6939,5921574.6197,777153,,515202,0,,0,1,,East,2024/2025,NORTHERN MOTORWAY,SHELLY BEACH OBR,,Non-Injury Crash,Yes,2024,,North,,0,,Flat,,,,,,Overcast,423600,0,0,0,4,,,0,,,,,,Auckland Region,Nil,1-way,Sealed,,0,0,,80,,Off,0,0,,76,Auckland,Nil,,,,,1,0,Open,0,,,Fine,Null
1761682.5169,5916854.9913,777184,,516003,0,,0,1,,Null,2022/2023,REMUERA ROAD,HAAST STREET,,Minor Crash,No,2023,,West,,0,,Flat,,,,,,Twilight,495400,1,0,1,3,,,0,,,,,,Auckland Region,Nil,2-way,Sealed,,0,0,,50,,Off,0,0,,76,Auckland,Stop,,,,,0,0,Urban,0,,,Light rain,Null
1766273.2236,5901655.1024,777194,,524604,0,,0,1,,West,2024/2025,BROWNS ROAD,ROWANDALE AVENUE,,Non-Injury Crash,No,2024,,East,,0,,Flat,,,,,,Bright sun,781400,0,0,0,2,,,0,,,,,,Auckland Region,Nil,2-way,Sealed,,0,0,,50,,Off,0,0,,76,Auckland,Nil,,,,,0,0,Urban,1,,,Fine,Null
1754820.4066,5933166.999,777210,,508804,0,,0,2,,West,2024/2025,ROSEDALE ROAD,EAST COAST ROAD,,Non-Injury Crash,No,2024,,East,,0,,Null,,,,,,Unknown,156002,0,0,1,2,,,0,,,,,,Auckland Region,Nil,2-way,Sealed,,0,0,,50,,Null,0,0,,76,Auckland,Nil,,,,,0,0,Urban,0,,,Null,Null
1761381.334,5920141.3516,777216,,516400,1,,0,1,,East,2023/2024,TAMAKI DRIVE,POKANOA POINT ENT,,Minor Crash,No,2023,,West,,0,,Flat,,,,,,Overcast,496600,1,0,0,2,,,0,,,,,,Auckland Region,Nil,2-way,Sealed,,0,0,,50,,Null,0,0,,76,Auckland,Give way,,,,,0,0,Urban,0,,,Fine,Null
1769941.3642,5898835.0114,777233,,523920,0,,0,1,,South,2024/2025,SOUTHERN MOTORWAY,TAKANINI ON RAMP,,Non-Injury Crash,Yes,2024,,South,,0,,Flat,,,,,,Overcast,768007,0,0,0,4,,,0,,,,,,Auckland Region,Motorway ramp,1-way,Sealed,,0,0,,100,,Off,0,0,,76,Auckland,Nil,,,,,1,0,Open,0,,,Fine,Null
1771051.7044,5898252.7663,777250,,523912,0,,0,2,,Null,2024/2025,GREAT SOUTH ROAD,BEACH ROAD,,Non-Injury Crash,No,2025,,South,,0,,Flat,,,,,,Overcast,767705,0,0,0,2,,,0,,,,,,Auckland Region,Nil,2-way,Sealed,,0,0,,50,,Off,0,0,,76,Auckland,Stop,,,,,0,0,Urban,0,,,Fine,Null
1730223.776,5956925.4625,777256,,506613,0,0,0,1,0,Null,2022/2023,KAIPARA COAST HIGHWAY,TUHIRANGI ROAD,,Minor Crash,Yes,2023,0,North,1,0,0,Flat,0,,0,,0,Overcast,146300,1,0,0,2,0,0,0,0,0,,0,0,Auckland Region,Nil,2-way,Sealed,0,0,0,0,100,0,None,0,0,,76,Auckland,Give way,0,0,0,0,0,0,Open,0,0,0,Light rain,Null
1765413.4139,5902021.99,777257,,524604,0,,0,2,,Null,2024/2025,ROSCOMMON ROAD,KIWI TAMAKI ROAD,,Minor Crash,No,2025,,South,,0,,Flat,,,,,,Dark,781302,1,0,0,4,,,0,,,,,,Auckland Region,Nil,2-way,Sealed,,0,0,,50,,On,0,0,,76,Auckland,Traffic Signals,,,,,0,0,Urban,0,,,Fine,Null
1743915.2696,5914982.2188,777264,,513013,0,,0,1,,Null,2022/2023,PINE AVENUE,FOREST HILL ROAD,,Minor Crash,No,2023,,South,,0,,Hill Road,,,,,,Dark,281102,1,0,0,2,,,0,,,,,,Auckland Region,Nil,2-way,Sealed,,0,0,,50,,On,1,0,,76,Auckland,Give way,,,,,0,0,Urban,0,,,Fine,Null
1759470.2623,5910200.734,777273,,524002,0,,0,1,,South,2024/2025,SOUTH-WESTERN MOTORWAY,RIMU OBR,,Minor Crash,Yes,2025,,North,,0,,Flat,,,,,,Twilight,722400,2,0,0,3,,,0,,,,,,Auckland Region,Nil,1-way,Sealed,,0,0,,100,,On,1,0,,76,Auckland,Nil,,,,,0,0,Open,1,,,Fine,Null
1757531.9968,5918624.4558,777281,,517400,0,,0,2,,North,2024/2025,SOUTHERN MOTORWAY,KHYBER PASS OBR,,Non-Injury Crash,Yes,2024,,South,,0,,Flat,,,,,,Dark,449800,0,0,0,4,,,0,,,,,,Auckland Region,Nil,1-way,Sealed,,0,0,,80,,On,2,0,,76,Auckland,Nil,,,,,0,0,Open,0,,,Heavy rain,Frost
1767299.2513,5904151.3022,777290,,524604,0,0,0,1,0,Null,2024/2025,MANUKAU STATION ROAD,OSTERLEY WAY,,Non-Injury Crash,No,2025,0,East,0,0,0,Flat,0,,0,,0,Twilight,780204,0,0,0,3,0,0,0,0,0,,0,0,Auckland Region,Nil,2-way,Sealed,0,0,0,0,50,0,On,0,0,,76,Auckland,Traffic Signals,0,1,0,0,0,0,Urban,0,0,0,Fine,Null
1753063.4547,5918368.6163,777312,,515002,0,,0,2,,East,2023/2024,GREAT NORTH ROAD,PREMIER AVENUE,,Minor Crash,No,2024,,West,,0,,Flat,,,,,,Bright sun,390501,1,1,0,4,,,0,,,,,,Auckland Region,Nil,2-way,Sealed,,0,0,,50,,Off,0,0,,76,Auckland,Nil,,,,,0,0,Urban,0,,,Fine,Null
1754744.9414,5934301.4896,777314,,507102,0,0,0,1,0,North,2024/2025,ARRAN ROAD,ARRAN ROAD,,Non-Injury Crash,No,2025,0,North,0,0,0,Hill Road,0,,0,,0,Dark,158904,0,0,0,2,0,0,0,0,1,,0,0,Auckland Region,Nil,2-way,Sealed,0,0,0,0,50,0,On,1,0,,76,Auckland,Nil,0,0,0,0,0,0,Urban,0,0,0,Fine,Null
1752857.7529,5914957.0493,777322,,517902,0,0,0,1,0,Null,2024/2025,HENDON AVENUE,BARRYMORE ROAD,,Non-Injury Crash,No,2025,0,West,0,0,0,Flat,0,,0,,0,Bright sun,518900,0,0,0,2,0,0,0,0,1,,0,0,Auckland Region,Nil,2-way,Sealed,0,0,0,0,50,0,Off,1,0,,76,Auckland,Give way,0,0,0,0,0,0,Urban,0,0,0,Fine,Null
1757569.4639,5918439.729,777329,,518101,0,,0,2,,South,2024/2025,SOUTHERN MOTORWAY,BOSTON OBR,,Non-Injury Crash,Yes,2024,,North,,0,,Flat,,,,,,Overcast,542700,0,0,0,5,,,0,,,,,,Auckland Region,Nil,1-way,Sealed,,0,0,,80,,Off,0,0,,76,Auckland,Nil,,,,,0,0,Open,0,,,Light rain,Null
1764778.5769,5906112.3231,777345,,522201,0,0,0,2,0,Null,2023/2024,CORONATION ROAD,ALLEN AVENUE,,Non-Injury Crash,No,2024,0,South,0,0,0,Flat,0,,0,,0,Bright sun,662100,0,0,0,2,0,0,0,0,1,,0,0,Auckland Region,Nil,2-way,Sealed,0,0,0,0,50,0,Off,0,0,,76,Auckland,Nil,0,0,0,0,0,0,Urban,0,0,0,Fine,None
1771345.2154,5900040.9472,777346,,523911,0,,0,2,,Null,2024/2025,PORCHESTER ROAD,POPES ROAD,,Non-Injury Crash,No,2024,,South,,0,,Flat,,,,,,Bright sun,767202,0,0,0,2,,,0,,,,,,Auckland Region,Nil,2-way,Sealed,,0,0,,60,,Off,0,0,,76,Auckland,Stop,,,,,0,0,Urban,0,,,Fine,Null
1759915.4062,5908553.3538,777376,,524121,0,,0,1,,South,2023/2024,SOUTH-WESTERN MOTORWAY,CORONATION ROAD OFF RAMP,,Non-Injury Crash,Yes,2023,,South,,0,,Flat,,,,,,Bright sun,737000,0,0,0,3,,,0,,,,,,Auckland Region,Nil,1-way,Sealed,,0,0,,100,,Off,1,0,,76,Auckland,Nil,,,,,0,0,Open,0,,,Fine,Null
1747579.2468,5914629.6229,777378,,511100,0,,0,1,,East,2025/2026,GREAT NORTH ROAD,GLENVIEW ROAD,,Minor Crash,No,2025,,East,,0,,Hill Road,,,,,,Overcast,285202,1,0,0,4,,,0,,,1,,,Auckland Region,Nil,2-way,Sealed,,0,0,,50,,Off,0,0,,76,Auckland,Nil,,,,,0,0,Urban,0,,,Light rain,Null
1758241.3636,5916520.4749,777385,,519200,0,,0,1,,South,2024/2025,MANUKAU ROAD,EPSOM AVENUE,,Minor Crash,No,2024,,South,,0,,Flat,,,,,,Bright sun,614702,1,0,0,4,,,0,,,,,,Auckland Region,Nil,2-way,Sealed,,0,0,,50,,Off,1,0,,76,Auckland,Nil,,,,,0,0,Urban,0,,,Fine,Null
1763296.2885,5910135.6207,777386,,521901,0,0,0,1,0,North,2025/2026,SALEYARDS ROAD,RAILWAY LANE,,Minor Crash,No,2025,0,North,0,0,0,Flat,0,,0,,0,Bright sun,781900,1,0,0,2,0,0,0,0,1,,0,0,Auckland Region,Nil,2-way,Sealed,0,0,0,0,50,0,None,0,0,,76,Auckland,Nil,0,0,0,0,1,0,Urban,0,0,0,Fine,Null
1758109.5963,5914052.9855,777394,,518600,0,,0,2,,South,2024/2025,MANUKAU ROAD,GOODLAND STREET,,Non-Injury Crash,No,2025,,South,,0,,Flat,,,,,,Bright sun,566800,0,0,0,2,,,0,,,,,,Auckland Region,Nil,2-way,Sealed,,0,0,,50,,Off,0,0,,76,Auckland,Nil,,,,,0,0,Urban,0,,,Fine,Null
1756129.7217,5918755.8585,777400,,515500,0,,0,2,,North,2023/2024,NORTH-WESTERN MOTORWAY,WAIMA FTBR,,Non-Injury Crash,Yes,2024,,North,,0,,Flat,,,,,,Overcast,417600,0,0,0,4,,,0,,,,,,Auckland Region,Nil,1-way,Sealed,,0,0,,80,,Off,0,0,,76,Auckland,Nil,,,,,0,0,Open,0,,,Fine,Null
1790967.358,5909046.5708,777401,,525202,0,0,0,1,1,East,2024/2025,CLEVEDON-KAWAKAWA ROAD,PIRO BR,,Non-Injury Crash,No,2024,0,North,1,0,0,Flat,0,,0,,0,Overcast,764800,0,0,0,2,0,0,0,0,0,,0,0,Auckland Region,Nil,2-way,Sealed,0,0,0,0,60,0,None,0,0,,76,Auckland,Nil,0,0,0,0,0,0,Urban,0,0,0,Fine,Null
1753909.5934,5914394.0319,777402,,518801,0,,0,2,,West,2025/2026,STODDARD ROAD,SANDRINGHAM ROAD EXTENSION,,Non-Injury Crash,No,2025,,East,,0,,Flat,,,,,,Overcast,578500,0,0,0,2,,,0,,,,,,Auckland Region,Nil,2-way,Sealed,,0,0,,50,,Off,0,0,40,76,Auckland,Nil,,,,,0,0,Urban,0,,,Fine,Null
1757321.591,5920976.759,777409,,514101,0,,0,1,,East,2024/2025,CUSTOMS STREET WEST,STURDEE STREET,,Non-Injury Crash,No,2024,,East,,0,,Null,,,,,,Overcast,432800,0,0,0,3,,,0,,,,,,Auckland Region,Nil,1-way,Sealed,,0,0,,30,,On,0,0,,76,Auckland,Nil,,,,,0,0,Urban,0,,,Fine,Null
1765146.5218,5905376.7126,777432,,522202,0,0,0,1,0,Null,2022/2023,WALLACE ROAD,FAIRVIEW ROAD,,Non-Injury Crash,No,2023,0,North,0,0,0,Flat,0,,0,,0,Twilight,664700,0,0,0,1,0,0,0,0,0,,0,1,Auckland Region,Nil,1-way,Sealed,0,0,0,0,50,0,On,0,0,,76,Auckland,Give way,0,0,0,0,0,0,Urban,0,0,0,Fine,Null
1761377.2827,5912186.7874,777433,,519500,0,0,0,1,0,North,2025/2026,NEILSON STREET,RAILFREIGHT ENT,,Minor Crash,No,2025,0,South,0,0,0,Flat,0,,0,,0,Dark,622300,1,0,0,2,0,0,0,0,1,,0,0,Auckland Region,Nil,2-way,Sealed,0,0,0,0,50,0,On,0,0,,76,Auckland,Nil,0,0,0,0,1,0,Urban,0,0,0,Mist or Fog,Null
1766904.0826,5908189.464,777441,,523501,0,,0,1,,North,2024/2025,ALEXANDER CRESCENT,BLAIR PLACE,,Non-Injury Crash,No,2025,,North,,0,,Flat,,,,,,Dark,700602,0,0,0,2,,,0,,,,,,Auckland Region,Nil,2-way,Sealed,,0,0,,50,,On,0,0,,76,Auckland,Nil,,,,,0,0,Urban,1,,,Fine,Null
1747971.3932,5912489.7819,777448,,511902,0,0,0,1,1,Null,2022/2023,TITIRANGI ROAD,PLEASANT ROAD,,Non-Injury Crash,No,2023,0,South,0,0,0,Flat,0,,0,,0,Overcast,292103,0,0,0,2,0,0,0,0,0,,0,0,Auckland Region,Nil,2-way,Sealed,0,0,0,0,50,0,Off,0,0,,76,Auckland,Traffic Signals,0,0,0,0,0,0,Urban,1,0,0,Heavy rain,Null
1756372.4615,5920017.547,777449,,514000,1,,0,1,,Null,2024/2025,WELLINGTON STREET,HOWE STREET,,Serious Crash,No,2024,,West,,0,,Hill Road,,,,,,Dark,413002,0,0,0,2,,,0,,,,,,Auckland Region,Nil,2-way,Sealed,,0,1,,30,,On,0,0,,76,Auckland,Give way,,,,,0,0,Urban,0,,,Fine,Null
1767902.8353,5907764.5449,777456,,523602,0,,0,1,,Null,2023/2024,EAST TAMAKI ROAD,EAST TAMAKI ROAD,,Minor Crash,No,2024,,West,,0,,Flat,,Queens Birthday,,,,Overcast,710000,2,0,0,4,,,0,,,,,,Auckland Region,Nil,2-way,Sealed,,0,0,,50,,Off,0,0,,76,Auckland,Nil,,,,,0,0,Urban,1,,,Fine,Null
1747431.1759,5910718.7835,777464,,512000,0,0,0,1,0,West,2023/2024,TITIRANGI ROAD,SOUTH TITIRANGI ROAD,,Non-Injury Crash,No,2023,0,East,0,0,0,Hill Road,0,Christmas New Year,0,,0,Bright sun,297100,0,0,0,2,0,0,0,0,1,,0,0,Auckland Region,Nil,2-way,Sealed,0,0,0,0,50,0,Off,1,0,,76,Auckland,Nil,0,0,0,0,0,0,Urban,1,0,0,Fine,Null
1772108.4514,5898033.7727,777481,,523912,0,0,0,1,0,Null,2025/2026,WALTERS ROAD,PORCHESTER ROAD,,Minor Crash,No,2025,0,West,0,0,0,Flat,0,,0,,0,Dark,765405,1,0,0,2,0,0,0,0,0,,0,1,Auckland Region,Nil,2-way,Sealed,0,0,0,0,50,0,On,0,0,,76,Auckland,Give way,1,0,0,0,0,0,Urban,0,0,0,Fine,Null
1751967.6016,5948943.1348,777482,,505805,0,,0,1,,South,2024/2025,HIBISCUS COAST HIGHWAY,WEITI ROAD,,Minor Crash,No,2024,,South,,0,,Flat,,,,,,Bright sun,172401,1,0,0,2,,,0,,,,,,Auckland Region,Nil,2-way,Sealed,,0,0,,50,,Off,1,0,,76,Auckland,Nil,,,,,0,0,Urban,0,,,Fine,Null
1742251.2251,5943896.415,777488,,506614,0,,0,1,,West,2023/2024,KAHIKATEA FLAT ROAD,FROST ROAD,,Minor Crash,No,2024,,West,,0,,Flat,,,,,,Bright sun,177600,1,0,0,2,,,0,,,,,,Auckland Region,Nil,2-way,Sealed,,0,0,,100,,None,0,0,,76,Auckland,Nil,,,,,0,0,Open,1,,,Fine,Null
1756161.9674,5913093.3965,777490,,518701,0,,0,1,,West,2024/2025,SOUTH-WESTERN MOTORWAY,HAYR OBR,,Non-Injury Crash,Yes,2025,,East,,0,,Flat,,,,,,Bright sun,569800,0,0,0,3,,,0,,,,,,Auckland Region,Nil,1-way,Sealed,,0,0,,100,,Off,1,0,,76,Auckland,Nil,,,,,0,0,Open,0,,,Fine,Null
1768639.029,5901124.2161,777505,,524901,0,0,0,1,0,Null,2024/2025,HILL ROAD,GREAT SOUTH ROAD,,Non-Injury Crash,No,2025,0,West,0,0,0,Flat,0,,0,,1,Twilight,756600,0,0,0,3,0,0,0,0,0,,0,0,Auckland Region,Nil,2-way,Sealed,0,0,0,0,50,0,On,0,0,,76,Auckland,Traffic Signals,0,0,0,0,0,0,Urban,0,0,0,Light rain,Null
1757728.8604,5918246.8809,777506,,518101,0,,0,1,,North,2023/2024,SOUTHERN MOTORWAY,MOUNTAIN OBR,,Non-Injury Crash,Yes,2024,,North,,0,,Flat,,,,,,Bright sun,543000,0,0,0,4,,,0,,,,,,Auckland Region,Underpass,1-way,Sealed,,0,0,,80,,Off,0,0,,76,Auckland,Nil,,,,,1,0,Open,0,,,Fine,Strong wind
1753986.778,5930149.3265,777529,,508420,0,,0,2,,West,2024/2025,TARGET ROAD,CHEVAL DRIVE,,Non-Injury Crash,No,2024,,West,,0,,Flat,,,,,,Bright sun,182711,0,0,0,2,,,0,,,,,,Auckland Region,Nil,2-way,Sealed,,0,0,,50,,Off,0,0,,76,Auckland,Nil,,,,,0,0,Urban,0,,,Fine,Null
1764015.27,5911921.8425,777530,,520500,0,,0,2,,South,2023/2024,MOUNT WELLINGTON HIGHWAY,MONAHAN ROAD,,Non-Injury Crash,No,2024,,South,,0,,Flat,,,,,,Dark,637900,0,0,0,4,,,0,,,,,,Auckland Region,Nil,2-way,Sealed,,0,0,,50,,On,0,0,,76,Auckland,Nil,,,,,0,0,Urban,0,,,Fine,Null
1768409.9777,5906126.7117,777538,,523711,0,0,0,2,0,East,2024/2025,FLAT BUSH ROAD,RAVENNA WAY,,Non-Injury Crash,No,2024,0,East,0,0,0,Flat,0,,0,,0,Dark,714806,0,0,0,2,0,0,0,0,1,,0,0,Auckland Region,Nil,2-way,Sealed,0,0,0,0,50,0,None,0,0,,76,Auckland,Nil,0,0,0,0,0,0,Urban,0,0,0,Fine,Null
1768362.8807,5902499.1154,777545,,524901,0,,0,2,,West,2024/2025,ORAMS ROAD,ROTHERY ROAD,,Serious Crash,No,2025,,West,,0,,Flat,,Christmas New Year,,,,Bright sun,754300,1,0,0,2,,,0,,,,,,Auckland Region,Nil,2-way,Sealed,,0,1,,50,,Off,0,0,,76,Auckland,Nil,,,,,0,0,Urban,0,,,Fine,Null
1772974.9963,5913511.5348,777554,,523102,0,0,0,1,0,Null,2024/2025,MEADOWLAND DRIVE,SANDSPIT ROAD,,Non-Injury Crash,No,2024,0,North,0,0,1,Flat,0,,0,,0,Bright sun,711035,0,0,0,2,0,0,0,0,0,,0,0,Auckland Region,Nil,2-way,Sealed,0,0,0,0,50,0,Off,0,0,,76,Auckland,Give way,0,0,0,0,0,0,Urban,0,0,0,Fine,Null
1754214.1562,5918328.0907,777561,,515431,0,,0,2,,West,2024/2025,NORTH-WESTERN MOTORWAY,ST LUKES ROAD ON RAMP,,Minor Crash,Yes,2025,,East,,0,,Flat,,,,,,Bright sun,406300,1,0,0,5,,,0,,,,,,Auckland Region,Nil,1-way,Sealed,,0,0,,80,,Off,0,0,,76,Auckland,Nil,,,,,0,0,Open,0,,,Fine,Null
1756525.4937,5937435.8917,777570,,506903,0,,0,2,,South,2023/2024,BEACH ROAD,TOROA STREET,,Non-Injury Crash,No,2024,,North,,0,,Flat,,Easter,,,,Bright sun,169200,0,0,0,2,,,0,,,,,,Auckland Region,Nil,2-way,Sealed,,0,0,,30,,Off,0,0,,76,Auckland,Nil,,,,,0,0,Urban,0,,,Fine,None
1766114.9804,5900306.4705,777576,,524713,0,0,0,1,0,North,2022/2023,ROSCOMMON ROAD,SHARLAND AVENUE,,Minor Crash,No,2023,0,South,0,0,0,Flat,0,,0,,0,Overcast,775819,1,0,0,2,0,0,0,0,0,,0,0,Auckland Region,Nil,2-way,Sealed,0,0,0,0,60,0,Off,0,0,,76,Auckland,Nil,0,0,0,1,0,0,Urban,0,0,0,Light rain,Null
1746502.5929,5915636.6545,777584,,511800,0,,0,1,,East,2022/2023,VIEW ROAD,WAARI AVENUE,,Serious Crash,No,2023,,East,,0,,Flat,,,,,,Bright sun,276300,0,0,0,2,,,0,,,1,,,Auckland Region,Nil,2-way,Sealed,,0,1,,50,,Off,0,0,,76,Auckland,Nil,,,,,0,0,Urban,0,,,Fine,Null
1770403.0192,5909104.9529,777601,,523114,0,0,0,1,0,North,2024/2025,MIDDLEFIELD DRIVE,GRACECHURCH DRIVE,,Non-Injury Crash,No,2025,0,North,0,0,0,Flat,0,,0,,0,Bright sun,712136,0,0,0,2,0,0,0,0,1,,0,0,Auckland Region,Nil,2-way,Sealed,0,0,0,0,50,0,Null,1,0,,76,Auckland,Nil,0,0,0,0,0,0,Urban,0,0,0,Fine,Null
1762348.8647,5916473.8745,777609,,516302,0,,0,1,,Null,2024/2025,GRAND DRIVE,WINHALL RISE,,Minor Crash,No,2025,,North,,0,,Flat,,,,,,Dark,463400,1,0,0,2,,,0,,,,,,Auckland Region,Nil,2-way,Sealed,,0,0,,50,,On,0,0,,76,Auckland,Give way,,,,,0,0,Urban,1,,,Mist or Fog,Null
1755775.9687,5936146.7907,777625,,507000,0,,0,0,,North,2024/2025,DEEP CREEK ROAD,MIZPAH ROAD,,Serious Crash,No,2024,,North,,0,,Hill Road,,Labour Weekend,,,,Overcast,163500,0,0,1,2,,,0,,,,,,Auckland Region,Nil,2-way,Sealed,,0,1,,50,,Off,0,0,30,76,Auckland,Nil,,,,,0,0,Urban,0,,,Fine,Null
1734978.9691,5929924.3194,777626,,505605,0,,0,1,,South,2024/2025,FOSTER ROAD,SH 16,,Non-Injury Crash,No,2024,,South,,0,,Null,,,,,,Unknown,216102,0,0,0,2,,,0,,,,,,Auckland Region,Nil,2-way,Null,,0,0,,60,,Null,0,0,,76,Auckland,Nil,,,,,0,0,Urban,0,,,Null,Null
1772640.66,5904146.0272,777642,25,523818,0,0,0,1,0,North,2024/2025,REDOUBT ROAD,ANNMARIE AVENUE,,Non-Injury Crash,No,2024,0,North,0,0,0,Hill Road,1,,0,,0,Dark,762100,0,0,0,2,0,0,0,0,0,,0,0,Auckland Region,Nil,2-way,Sealed,0,0,0,0,50,0,None,0,0,,76,Auckland,Nil,0,0,0,0,0,0,Urban,0,0,0,Fine,Null
1760339.7136,5915760.6213,777657,,516003,0,0,0,2,0,North,2025/2026,SOUTHERN MOTORWAY,GREEN LANE EAST OFF RAMP,,Serious Crash,Yes,2025,0,North,0,0,0,Flat,1,,0,,0,Bright sun,494902,0,0,0,3,0,0,0,0,0,,0,0,Auckland Region,Motorway ramp,1-way,Sealed,0,0,1,0,100,0,Off,0,0,,76,Auckland,Nil,0,0,0,0,1,0,Open,0,0,0,Fine,Null
1754465.8979,5932170.4015,777666,,508805,0,,0,2,,South,2024/2025,APOLLO DRIVE,ANTARES PLACE,,Non-Injury Crash,No,2024,,North,,0,,Flat,,,,,,Bright sun,180813,0,0,0,2,,,0,,,,,,Auckland Region,Nil,2-way,Sealed,,0,0,,50,,Null,0,0,,76,Auckland,Nil,,,,,0,0,Urban,0,,,Fine,Null
1768075.7261,5904320.9927,777673,,523820,0,0,0,1,0,South,2023/2024,REDOUBT ROAD ON RAMP,REDOUBT ROAD,,Non-Injury Crash,No,2024,0,South,0,0,0,Hill Road,0,,0,,0,Overcast,759901,0,0,0,2,0,0,0,0,0,,0,1,Auckland Region,Motorway ramp,1-way,Sealed,0,0,0,0,100,0,Off,0,0,,76,Auckland,Nil,0,0,0,0,0,0,Open,0,0,0,Fine,Null
1745581.4165,5937412.6826,777681,35,506653,0,0,0,1,0,North,2023/2024,SUNNYSIDE ROAD,ROBINSON ROAD,,Non-Injury Crash,No,2024,0,West,1,0,0,Hill Road,0,,0,,0,Dark,217205,0,0,0,2,0,0,0,0,0,,0,0,Auckland Region,Nil,2-way,Sealed,0,0,0,0,60,0,None,0,0,,76,Auckland,Nil,0,0,0,0,0,0,Urban,0,0,0,Fine,Null
1756179.0234,5929895.8764,777698,,508510,0,0,0,1,0,South,2024/2025,KNIGHTSBRIDGE DRIVE,RICHARDS AVENUE,,Non-Injury Crash,No,2025,0,West,0,0,0,Flat,0,,0,,0,Unknown,194600,0,0,0,2,0,0,0,0,1,,0,0,Auckland Region,Nil,2-way,Sealed,0,0,0,0,50,0,Null,1,0,,76,Auckland,Nil,0,0,0,0,0,0,Urban,0,0,0,Fine,Null
1766274.2561,5902575.1333,777704,,524604,0,,0,2,,South,2022/2023,ASH ROAD,OAK ROAD,,Serious Crash,No,2023,,South,,0,,Flat,,,,,,Bright sun,780403,0,0,0,2,,,0,,,,,,Auckland Region,Nil,2-way,Sealed,,0,3,,50,,Off,0,0,,76,Auckland,Nil,,,,,0,0,Urban,0,,,Fine,Null
1769737.3316,5914285.8465,777706,,522722,0,,0,1,,South,2024/2025,AVIEMORE DRIVE,HIGHLAND PARK DRIVE,,Non-Injury Crash,No,2024,,South,,0,,Null,,,,,,Bright sun,681324,0,0,0,2,,,0,,,,,,Auckland Region,Nil,2-way,Sealed,,0,0,,50,,Null,1,0,,76,Auckland,Nil,,,,,0,0,Urban,0,,,Fine,Null
1753233.9645,5912709.5314,777744,,518901,0,,0,0,,Null,2023/2024,GRIFFEN PARK ROAD,WHITE SWAN ROAD,,Minor Crash,No,2023,,South,,0,,Flat,,,,,,Overcast,587000,1,0,0,2,,,0,,,1,,,Auckland Region,Nil,2-way,Sealed,,0,0,,50,,Off,0,0,,76,Auckland,Stop,,,,,0,0,Urban,1,,,Fine,Null
1755137.6656,5927063.4995,777745,,508620,0,0,1,0,0,South,2024/2025,HILLCREST AVENUE,CORONATION ROAD,,Non-Injury Crash,No,2024,0,North,0,0,0,Hill Road,0,,0,,0,Overcast,203601,0,0,0,2,0,0,0,0,1,,0,0,Auckland Region,Nil,2-way,Sealed,0,0,0,0,50,0,Off,0,0,,76,Auckland,Nil,0,0,0,0,0,0,Urban,1,0,0,Fine,Null
1757767.3767,5918208.2177,777746,,515700,0,,0,2,,South,2023/2024,SOUTHERN MOTORWAY,MOUNTAIN OBR,,Non-Injury Crash,Yes,2023,,North,,0,,Flat,,,,,,Overcast,443600,0,0,0,5,,,0,,,,,,Auckland Region,Overpass,2-way,Sealed,,0,0,,80,,Off,0,0,,76,Auckland,Nil,,,,,0,1,Open,0,,,Fine,Null