X,Y,OBJECTID,advisorySpeed,areaUnitID,bicycle,bridge,bus,carStationWagon,cliffBank,crashDirectionDescription,crashFinancialYear,crashLocation1,crashLocation2,crashRoadSideRoad,crashSeverity,crashSHDescription,crashYear,debris,directionRoleDescription,ditch,fatalCount,fence,flatHill,guardRail,holiday,houseOrBuilding,intersection,kerb,light,meshblockId,minorInjuryCount,moped,motorcycle,NumberOfLanes,objectThrownOrDropped,otherObject,otherVehicleType,overBank,parkedVehicle,pedestrian,phoneBoxEtc,postOrPole,region,roadCharacter,roadLane,roadSurface,roadworks,schoolBus,seriousInjuryCount,slipOrFlood,speedLimit,strayAnimal,streetLight,suv,taxi,temporarySpeedLimit,tlaId,tlaName,trafficControl,trafficIsland,trafficSign,train,tree,truck,unknownVehicleType,urban,vanOrUtility,vehicle,waterRiver,weatherA,weatherB
1747263.5191,5921214.9984,777752,,512300,0,,0,1,,Null,2023/2024,TE ATATU ROAD,GUNNER DRIVE,,Minor Crash,No,2023,,South,,0,,Flat,,,,,,Overcast,250101,1,0,0,2,,,0,,,,,,Auckland Region,Nil,2-way,Sealed,,0,0,,50,,Off,0,0,,76,Auckland,Give way,,,,,0,0,Urban,1,,,Fine,Null
1749676.5657,5913881.1734,777769,,511303,0,,0,2,,Null,2024/2025,GREAT NORTH ROAD,CLARK STREET,,Minor Crash,No,2025,,West,,0,,Hill Road,,,,,,Bright sun,264901,1,0,0,5,,,0,,,,,,Auckland Region,Nil,2-way,Sealed,,0,0,,50,,Off,0,0,,76,Auckland,Traffic Signals,,,,,0,0,Urban,0,,,Fine,Null
1752182.3463,5925251.3521,777786,,510220,0,,0,2,,East,2022/2023,VERRAN ROAD,RANGATIRA ROAD,,Non-Injury Crash,No,2023,,West,,0,,Flat,,Queens Birthday,,,,Overcast,350504,0,0,0,2,,,0,,,,,,Auckland Region,Nil,2-way,Sealed,,0,0,,50,,Off,0,0,,76,Auckland,Nil,,,,,0,0,Urban,0,,,Fine,Null
1763626.2447,5907466.0892,777794,,524301,0,0,0,0,0,Null,2023/2024,GRAY AVENUE,ORAKAU ROAD,,Non-Injury Crash,No,2023,0,East,0,0,0,Flat,0,,0,,0,Bright sun,749100,0,0,0,2,0,1,0,0,0,,0,0,Auckland Region,Nil,2-way,Sealed,0,0,0,0,50,0,Off,0,0,,76,Auckland,Stop,0,0,0,0,1,0,Urban,0,0,0,Fine,Null
1756848.4574,5926395.77,777800,,509702,0,,0,2,,North,2022/2023,NORTHERN MOTORWAY,ESMONDE ROAD ON RAMP,,Non-Injury Crash,Yes,2023,,North,,0,,Hill Road,,,,,,Overcast,364602,0,0,0,3,,,0,,,,,,Auckland Region,Nil,1-way,Sealed,,0,0,,100,,Off,0,0,,76,Auckland,Nil,,,,,0,0,Open,0,,,Light rain,Null
1764593.4907,5905550.7243,777802,,522100,0,0,0,2,0,Null,2023/2024,WYLLIE ROAD,HILL ROAD,,Minor Crash,No,2024,0,South,0,0,1,Hill Road,0,,0,,0,Dark,657900,1,0,0,2,0,0,0,0,0,,0,0,Auckland Region,Nil,2-way,Sealed,0,0,0,0,50,0,On,0,0,,76,Auckland,Give way,0,0,0,0,0,0,Urban,0,0,0,Light rain,Null
1743866.8802,5919142.1282,777809,,513220,0,,0,2,,Null,2024/2025,SWANSON ROAD,RAKICH PLACE,,Non-Injury Crash,No,2024,,North,,0,,Null,,,,,,Unknown,236101,0,0,0,2,,,0,,,,,,Auckland Region,Nil,2-way,Null,,0,0,,50,,Null,0,0,,76,Auckland,Stop,,,,,0,0,Urban,0,,,Null,Null
1756348.6547,5927308.8255,777817,,507900,0,,0,1,,South,2024/2025,NORTHERN MOTORWAY,NORTHCOTE ROAD OFF RAMP,,Minor Crash,Yes,2025,,South,,0,,Flat,,,,,,Bright sun,305202,1,0,0,3,,,0,,,,,,Auckland Region,Nil,1-way,Sealed,,0,0,,100,,Off,0,0,,76,Auckland,Nil,,,,,0,0,Open,1,,,Fine,Null
1747124.7951,5912129.3037,777818,,511901,1,,0,1,,South,2023/2024,KAURILANDS ROAD,WILLOWBROOK PLACE,,Non-Injury Crash,No,2023,,South,,0,,Flat,,,,,,Bright sun,294504,0,0,0,1,,,0,,,1,,,Auckland Region,Speed hump,2-way,Sealed,,0,0,,50,,Off,0,0,40,76,Auckland,Nil,,,,,0,0,Urban,0,,,Fine,Null
1764186.6927,5916356.9319,777826,,520301,0,,0,2,,Null,2023/2024,COLLEGE ROAD,BLUEGREY AVENUE,,Non-Injury Crash,No,2023,,East,,0,,Flat,,,,,,Bright sun,465302,0,0,0,4,,,0,,,,,,Auckland Region,Nil,2-way,Sealed,,0,0,,50,,Off,0,0,40,76,Auckland,Give way,,,,,0,0,Urban,0,,,Fine,Null
1769490.0887,5907326.8884,777833,,523712,0,,0,2,,Null,2024/2025,FUSION ROAD,MICHAEL JONES DRIVE,,Non-Injury Crash,No,2025,,East,,0,,Flat,,,,,,Overcast,712803,0,0,0,4,,,0,,,,,,Auckland Region,Nil,2-way,Sealed,,0,0,,50,,Off,0,0,,76,Auckland,Traffic Signals,,,,,0,0,Urban,0,,,Fine,Null
1753091.9943,5916805.4349,777834,,517800,1,,0,0,,Null,2024/2025,NEW NORTH ROAD,ASQUITH AVENUE,,Minor Crash,No,2024,,East,,0,,Hill Road,,,,,,Twilight,527600,1,0,0,4,,,0,,,,,,Auckland Region,Nil,2-way,Sealed,,0,0,,50,,On,1,0,,76,Auckland,Stop,,,,,0,0,Urban,0,,,Fine,Null
1754549.1488,5912388.2352,777840,,519002,0,0,0,2,0,North,2022/2023,DOMINION ROAD EXTENSION,KATAVICH PLACE,,Non-Injury Crash,No,2023,0,South,0,0,0,Flat,0,,0,,0,Dark,589400,0,0,0,2,0,0,0,0,1,,0,0,Auckland Region,Nil,2-way,Sealed,0,0,0,0,50,0,On,0,0,,76,Auckland,Nil,0,0,0,0,0,0,Urban,0,0,0,Fine,Null
1769982.7788,5900626.4051,777842,,523816,0,0,0,1,0,Null,2024/2025,SHIFNAL DRIVE,RIVERTON DRIVE,,Minor Crash,No,2024,0,South,0,0,1,Flat,0,,0,,0,Dark,759735,1,0,0,2,0,0,0,0,0,,0,0,Auckland Region,Nil,2-way,Sealed,0,0,0,0,50,0,On,0,0,,76,Auckland,Give way,0,0,0,0,0,0,Urban,0,0,0,Light rain,Frost
1769215.0269,5893236.4667,777856,,521202,0,,0,2,,Null,2022/2023,LINWOOD ROAD,WALTERS ROAD,,Non-Injury Crash,No,2023,,South,,0,,Flat,,,,,,Bright sun,806900,0,0,0,2,,,0,,,,,,Auckland Region,Nil,2-way,Sealed,,0,0,,80,,None,0,0,,76,Auckland,Give way,,,,,0,0,Open,0,,,Fine,Null
1754228.7728,5916908.8671,777864,,517600,0,,0,2,,Null,2023/2024,ST LUKES ROAD,LYON AVENUE,,Minor Crash,No,2023,,North,,0,,Flat,,,,,,Bright sun,535300,3,0,0,4,,,0,,,,,,Auckland Region,Nil,2-way,Sealed,,0,0,,50,,Off,0,0,,76,Auckland,Stop,,,,,0,0,Urban,1,,,Fine,Null
1772511.2416,5896822.8173,777865,,525420,0,0,0,1,1,Null,2025/2026,GREAT SOUTH ROAD,SUBWAY ROAD,,Non-Injury Crash,No,2025,0,South,0,0,0,Flat,0,,0,,0,Bright sun,792800,0,0,0,2,0,0,0,0,0,,0,0,Auckland Region,Nil,2-way,Sealed,0,0,0,0,50,0,Off,0,0,,76,Auckland,Traffic Signals,0,0,0,0,0,0,Urban,0,0,0,Fine,Null
1761023.6216,5918428.5526,777873,,516201,0,,0,2,,North,2024/2025,SHORE ROAD,SHORE ROAD,,Non-Injury Crash,No,2025,,South,,0,,Flat,,,,,,Bright sun,486000,0,0,0,4,,,0,,,,,,Auckland Region,Nil,2-way,Sealed,,0,0,,50,,Off,0,0,,76,Auckland,Nil,,,,,0,0,Urban,0,,,Fine,Null
1743900.9906,5926911.3845,777888,,513410,0,,0,1,,Null,2022/2023,BRIGHAM CREEK ROAD,TOTARA ROAD,,Non-Injury Crash,No,2023,,East,,0,,Flat,,,,,,Overcast,219900,0,0,0,4,,,0,,,,,,Auckland Region,Nil,2-way,Sealed,,0,0,,50,,Off,0,0,,76,Auckland,Traffic Signals,,,,,0,0,Urban,1,,,Fine,Null
1752078.8776,5915652.8357,777890,,517902,0,0,0,1,0,Null,2023/2024,ENNISMORE ROAD,NEW NORTH ROAD,,Non-Injury Crash,No,2023,0,North,0,0,0,Flat,0,,1,,0,Overcast,520900,0,0,0,2,0,1,0,0,0,,1,0,Auckland Region,Nil,2-way,Sealed,0,0,0,0,50,0,Off,0,0,,76,Auckland,Stop,0,0,0,1,0,0,Urban,0,0,0,Fine,Null
1746094.5022,5926862.4431,777912,55,513410,0,0,0,0,0,South,2023/2024,KAURI ROAD,RATA ROAD,,Minor Crash,No,2023,0,South,1,0,0,Hill Road,0,,0,,0,Bright sun,221700,1,0,1,2,0,0,0,0,0,,0,0,Auckland Region,Nil,2-way,Sealed,0,0,0,0,60,0,Off,0,0,,76,Auckland,Nil,0,0,0,0,0,0,Urban,0,0,0,Fine,Null
1770559.3757,5900800.7714,777920,,523816,0,0,0,2,0,South,2022/2023,RIVERTON DRIVE,NEARCO STREET,,Non-Injury Crash,No,2023,0,West,0,0,0,Flat,0,,0,,0,Twilight,759712,0,0,0,2,0,0,0,0,1,,0,0,Auckland Region,Nil,2-way,Sealed,0,0,0,0,50,0,On,0,0,,76,Auckland,Nil,0,0,0,0,0,0,Urban,0,0,0,Light rain,Null
1765351.2247,5905829.4488,777929,,522202,0,,0,1,,Null,2025/2026,ST GEORGE STREET,LANDSCAPE ROAD,,Non-Injury Crash,No,2025,,West,,0,,Flat,,,,,,Overcast,664200,0,0,0,2,,,0,,,,,,Auckland Region,Nil,2-way,Sealed,,0,0,,50,,Off,1,0,,76,Auckland,Give way,,,,,0,0,Urban,0,,,Fine,Null
1733523.7758,5907668.5035,777930,45,513800,0,,0,1,,East,2023/2024,PIHA ROAD,KAREKARE ROAD,,Non-Injury Crash,No,2024,,West,,0,,Hill Road,,,,,,Dark,282027,0,0,0,2,,,0,,,,,,Auckland Region,Nil,2-way,Sealed,,0,0,,60,,None,0,0,,76,Auckland,Nil,,,,,0,0,Urban,0,,,Fine,Null
1755115.3157,5917960.3634,777936,,517500,0,0,0,2,0,West,2022/2023,SECOND AVENUE,KINGSLAND AVENUE,,Non-Injury Crash,No,2023,0,West,0,0,0,Flat,0,,0,,0,Dark,530400,0,0,0,2,0,0,0,0,1,,0,0,Auckland Region,Nil,2-way,Sealed,0,0,0,0,50,0,On,0,0,,76,Auckland,Nil,0,0,0,0,0,0,Urban,0,0,0,Fine,Null
1760309.0423,5923287.676,777944,,509400,0,,0,3,,Null,2022/2023,LAKE ROAD,MOZELEY AVENUE,,Non-Injury Crash,No,2023,,North,,0,,Hill Road,,,,,,Overcast,332000,0,0,0,2,,,0,,,,,,Auckland Region,Tram lines,2-way,Sealed,,0,0,,50,,Off,0,0,30,76,Auckland,Give way,,,,,0,0,Urban,0,,,Light rain,Null
1758934.5724,5904308.8422,777945,,524200,0,,0,1,,Null,2025/2026,GEORGE BOLT MEMORIAL DRIVE,IHUMATAO ROAD,,Non-Injury Crash,No,2025,,North,,0,,Flat,,,,,,Bright sun,727000,0,0,0,2,,,0,,,,,,Auckland Region,Nil,1-way,Sealed,,0,0,,60,,Off,1,0,,76,Auckland,Stop,,,,,0,0,Urban,0,,,Fine,Null
1754315.6151,5935990.7915,777962,,508704,0,0,0,1,0,Null,2023/2024,OTEHA VALLEY ROAD,CARLISLE ROAD ,,Non-Injury Crash,No,2024,0,East,0,0,0,Flat,0,,0,,0,Overcast,178602,0,0,0,5,0,0,0,0,0,,0,0,Auckland Region,Nil,2-way,Sealed,0,0,0,0,50,0,Off,1,0,,76,Auckland,Traffic Signals,0,0,0,0,0,0,Urban,0,1,0,Light rain,Null
1768476.4852,5911456.6873,777978,,523112,0,0,0,2,0,South,2023/2024,TRUGOOD DRIVE,TRUGOOD DRIVE,,Non-Injury Crash,No,2024,0,South,0,0,0,Flat,0,,0,,0,Bright sun,711404,0,0,0,2,0,0,0,0,1,,0,0,Auckland Region,Nil,2-way,Sealed,0,0,0,0,50,0,Off,0,0,,76,Auckland,Nil,0,0,0,0,0,0,Urban,0,0,0,Fine,Null
1745742.2983,5912399.3414,777985,,512600,0,0,0,1,1,Null,2024/2025,GLENGARRY ROAD,PHILLIP AVENUE,,Non-Injury Crash,No,2025,0,West,0,0,0,Hill Road,0,,0,,0,Dark,299900,0,0,0,2,0,0,0,0,0,,0,0,Auckland Region,Nil,2-way,Sealed,0,0,0,0,50,0,On,0,0,,76,Auckland,Stop,0,0,0,0,0,0,Urban,0,0,0,Fine,Null
1754909.0394,5879794.7146,777992,65,521152,0,0,0,1,0,North,2022/2023,GLENBROOK-WAIUKU ROAD,MISSION BUSH ROAD,,Non-Injury Crash,No,2023,0,South,0,0,0,Flat,0,,0,,0,Dark,834300,0,0,0,2,0,0,0,0,0,,0,1,Auckland Region,Nil,2-way,Sealed,0,0,0,0,80,0,Off,0,0,,76,Auckland,Nil,0,0,0,0,0,0,Open,0,0,0,Light rain,Null
1748583.4815,5914282.6467,778000,25,511302,0,0,0,1,0,West,2023/2024,LYNWOOD ROAD,LYNVIEW LANE,,Minor Crash,No,2023,0,North,0,0,0,Flat,0,Labour Weekend,0,,0,Bright sun,268000,1,0,1,2,0,0,0,0,1,,0,0,Auckland Region,Nil,2-way,Sealed,0,0,0,0,50,0,Off,0,0,,76,Auckland,Nil,0,0,0,0,0,0,Urban,0,0,0,Fine,Null
1745863.4083,5916631.8744,778001,,510800,0,0,0,1,0,North,2025/2026,ROBERT BURKE PLACE,LAVELLE ROAD,,Non-Injury Crash,No,2025,0,North,0,0,0,Null,0,,0,,0,Overcast,243800,0,0,0,2,0,0,0,0,1,,0,0,Auckland Region,Nil,2-way,Sealed,0,0,0,0,50,0,Null,1,0,,76,Auckland,Nil,0,0,0,0,0,0,Urban,0,0,0,Fine,Null
1757099.9349,5919438.3462,778025,,514103,0,0,0,1,0,Null,2024/2025,KARANGAHAPE ROAD,LIVERPOOL STREET,,Non-Injury Crash,No,2025,0,North,0,0,0,Null,0,,0,,0,Unknown,436500,0,0,0,4,0,0,0,0,1,,0,0,Auckland Region,Nil,2-way,Null,0,0,0,0,30,0,Null,0,0,,76,Auckland,Nil,0,0,0,0,0,0,Urban,1,0,0,Null,Null
1759221.4103,5911777.2799,778026,,519820,0,0,0,1,0,West,2023/2024,NEILSON STREET,GALWAY STREET,,Non-Injury Crash,No,2024,0,East,0,0,0,Flat,0,,0,,0,Dark,602401,0,0,0,2,0,0,0,0,0,,0,1,Auckland Region,Nil,1-way,Sealed,0,0,0,0,50,0,On,0,0,,76,Auckland,Nil,0,0,0,0,0,0,Urban,0,0,0,Fine,Null
1760290.5995,5912311.9266,778033,,520000,0,0,0,0,0,West,2024/2025,CHURCH STREET,CAPTAIN SPRINGS ROAD,,Non-Injury Crash,No,2024,0,West,0,0,0,Flat,0,,0,,0,Dark,607400,0,0,0,2,0,1,0,0,0,,0,0,Auckland Region,Rail xing,2-way,Sealed,0,0,0,0,50,0,On,0,0,,76,Auckland,Nil,0,0,0,0,0,0,Urban,1,0,0,Fine,Null
1738597.2147,5969838.2666,778040,,506613,0,1,0,0,0,North,2022/2023,KAIPARA FLATS ROAD,SCHOOL ROAD,,Non-Injury Crash,No,2023,0,South,0,0,0,Flat,0,,0,,0,Dark,145700,0,0,0,2,0,0,0,0,0,,0,0,Auckland Region,Bridge,2-way,Sealed,0,0,0,0,50,0,None,0,0,,76,Auckland,Nil,0,0,0,0,1,0,Urban,0,0,0,Light rain,Null
1772878.8426,5891786.9191,778042,,521301,0,0,0,0,0,South,2023/2024,SOUTHERN MOTORWAY,BREMNER OBR,,Non-Injury Crash,Yes,2024,0,North,0,0,0,Flat,1,,0,,0,Overcast,808702,0,0,0,2,0,0,0,0,0,,0,0,Auckland Region,Nil,1-way,Sealed,0,0,0,0,100,0,Off,0,0,,76,Auckland,Nil,0,0,0,0,0,0,Open,1,0,0,Heavy rain,Strong wind
1758896.0333,5911464.7139,778048,,519820,0,,0,1,,North,2023/2024,SOUTH-WESTERN MOTORWAY,NEILSON STREET ON RAMP,,Non-Injury Crash,Yes,2023,,South,,0,,Flat,,,,,,Bright sun,602402,0,0,0,3,,,0,,,,,,Auckland Region,Nil,1-way,Sealed,,0,0,,100,,Off,0,0,,76,Auckland,Nil,,,,,1,0,Open,0,,,Fine,Null
1764599.0154,5911875.2502,778056,,520500,0,,0,1,,North,2022/2023,SOUTHERN MOTORWAY,PANAMA OBR,,Non-Injury Crash,Yes,2023,,North,,0,,Flat,,,,,,Bright sun,639500,0,0,0,3,,,0,,,,,,Auckland Region,Nil,1-way,Sealed,,0,0,,100,,None,0,0,,76,Auckland,Nil,,,,,0,0,Open,1,,,Fine,Null
1761018.9595,5916562.9349,778065,,516002,0,,0,2,,Null,2025/2026,GREEN LANE EAST,GRAND VIEW ROAD,,Non-Injury Crash,No,2026,,East,,0,,Hill Road,,,,,,Bright sun,494200,0,0,0,2,,,0,,,,,,Auckland Region,Nil,2-way,Sealed,,0,0,,50,,None,0,0,30,76,Auckland,Give way,,,,,0,0,Urban,1,,,Fine,Null
1766806.3198,5913348.0371,778072,,522820,0,,0,1,,Null,2022/2023,PAKURANGA ROAD,BRAMPTON COURT,,Non-Injury Crash,No,2023,,West,,0,,Flat,,,,,,Overcast,694800,0,0,0,3,,,0,,,,,,Auckland Region,Nil,2-way,Sealed,,0,0,,50,,Off,0,0,,76,Auckland,Give way,,,,,0,0,Urban,1,,,Heavy rain,Null
1740646.3529,5911364.544,778074,25,513020,0,0,0,0,0,East,2024/2025,WEST COAST ROAD,SCENIC DRIVE,,Minor Crash,No,2024,0,West,0,0,0,Hill Road,0,,0,,0,Dark,280302,1,0,0,2,0,0,0,0,0,,0,0,Auckland Region,Nil,2-way,Sealed,0,0,0,0,60,0,None,1,0,,76,Auckland,Nil,0,0,0,1,0,0,Urban,0,0,0,Fine,Null
1755975.0812,5917152.1113,778081,,518201,0,,0,2,,South,2024/2025,DOMINION ROAD,EWINGTON AVENUE,,Non-Injury Crash,No,2024,,North,,0,,Null,,,,,,Bright sun,548102,0,0,0,2,,,0,,,,,,Auckland Region,Nil,2-way,Sealed,,0,0,,50,,Null,0,0,,76,Auckland,Nil,,,,,0,0,Urban,0,,,Null,Null
1756137.208,5923921.0392,778082,,509800,0,,0,3,,South,2023/2024,NORTHERN MOTORWAY,WEIGH BRIDGE,,Minor Crash,Yes,2024,,South,,0,,Flat,,,,,,Overcast,361200,1,0,0,5,,,0,,,,,,Auckland Region,Nil,1-way,Sealed,,0,0,,80,,Off,0,0,,76,Auckland,Nil,,,,,0,0,Open,0,,,Fine,Null
1764601.2395,5911866.2574,778090,,520500,0,,0,1,,North,2024/2025,SOUTHERN MOTORWAY,PANAMA OBR,,Minor Crash,Yes,2024,,North,,0,,Flat,,,,,,Bright sun,639500,1,0,1,3,,,0,,,,,,Auckland Region,Nil,1-way,Sealed,,0,0,,100,,Off,0,0,,76,Auckland,Nil,,,,,0,0,Open,0,,,Fine,Null
1757708.2264,5918264.5072,778097,,518101,0,0,0,2,0,North,2024/2025,SOUTHERN MOTORWAY,MOUNTAIN OBR,,Non-Injury Crash,Yes,2024,0,North,0,0,0,Flat,0,,0,,0,Dark,543000,0,0,0,4,0,0,0,0,0,,0,0,Auckland Region,Nil,1-way,Sealed,0,0,0,0,80,0,On,0,0,,76,Auckland,Nil,0,0,0,0,0,0,Open,1,1,0,Fine,Null
1764475.2766,5906026.7414,778106,,524303,0,,0,2,,North,2023/2024,STATION ROAD,HILLCREST ROAD,,Non-Injury Crash,No,2024,,South,,0,,Flat,,,,,,Twilight,657602,0,0,0,2,,,0,,,,,,Auckland Region,Nil,2-way,Sealed,,0,0,,50,,On,0,0,,76,Auckland,Nil,,,,,0,0,Urban,0,,,Fine,Null
1757271.7138,5921108.6355,778113,,514101,0,,0,2,,South,2022/2023,LOWER HOBSON STREET,QUAY STREET,,Non-Injury Crash,No,2023,,North,,0,,Flat,,,,,,Overcast,433001,0,0,0,2,,,0,,,,,,Auckland Region,Nil,1-way,Sealed,,0,0,,30,,Off,0,0,,76,Auckland,Nil,,,,,0,0,Urban,0,,,Fine,None
1769941.9187,5905502.9114,778138,,523712,0,,0,2,,Null,2022/2023,TIR CONAILL AVENUE,GREENAN DRIVE,,Non-Injury Crash,No,2023,,East,,0,,Flat,,Easter,,,,Dark,713211,0,0,0,2,,,0,,,,,,Auckland Region,Nil,2-way,Sealed,,0,0,,50,,On,0,0,,76,Auckland,Give way,,,,,0,0,Urban,0,,,Fine,None
1779454.1099,5927045.9944,778145,,520801,0,0,0,1,0,North,2024/2025,TUI STREET,MATAI ROAD,,Non-Injury Crash,No,2024,0,South,0,0,0,Hill Road,0,,0,,0,Bright sun,516202,0,0,0,2,0,0,0,0,1,,0,0,Auckland Region,Nil,2-way,Sealed,0,0,0,0,30,0,Off,0,0,,76,Auckland,Nil,0,0,0,0,0,1,Urban,0,0,0,Fine,Null
1757044.2679,5925755.1882,778146,,509702,0,,0,1,,South,2024/2025,ESMONDE ROAD OFF RAMP,AKORANGA DRIVE,,Minor Crash,No,2024,,North,,0,,Flat,,,,,,Overcast,364601,1,0,1,2,,,0,,,,,,Auckland Region,Nil,1-way,Sealed,,0,0,,50,,Off,0,0,,76,Auckland,Nil,,,,,0,0,Urban,0,,,Fine,Null
1768276.4608,5901362.8323,778152,,525001,0,,0,1,,Null,2023/2024,MAICH ROAD,BEATTY AVENUE,,Minor Crash,No,2023,,North,,0,,Flat,,,,,,Overcast,751300,2,0,0,2,,,0,,,,,,Auckland Region,Nil,2-way,Sealed,,0,0,,50,,Off,0,0,,76,Auckland,Pointsman,,,,,0,0,Urban,1,,,Fine,Null
1766993.6788,5905816.2522,778162,,522302,0,0,0,1,0,North,2024/2025,BROOKLYN AVENUE,CASPAR ROAD,,Non-Injury Crash,No,2024,0,South,0,0,1,Flat,0,,0,,0,Dark,670600,0,0,0,2,0,0,0,0,0,,0,0,Auckland Region,Nil,2-way,Sealed,0,0,0,0,50,0,None,0,0,,76,Auckland,Nil,0,0,0,0,0,0,Urban,0,0,0,Fine,Null
1767049.569,5901323.8184,778170,,524712,0,,0,1,,North,2024/2025,MAIDA VALE,SWALLOW DRIVE,,Minor Crash,No,2025,,South,,0,,Flat,,,,,,Bright sun,777201,1,0,0,2,,,0,,,1,,,Auckland Region,Nil,2-way,Sealed,,0,0,,40,,Off,0,0,30,76,Auckland,Nil,,,,,0,0,Urban,0,,,Fine,Null
1763838.3505,5906561.4944,778186,,524303,0,,0,2,,Null,2023/2024,STATION ROAD,PORTAGE ROAD,,Non-Injury Crash,No,2023,,North,,0,,Flat,,,,,,Twilight,657300,0,0,0,2,,,0,,,,,,Auckland Region,Nil,1-way,Sealed,,0,0,,50,,On,0,0,,76,Auckland,Give way,,,,,0,0,Urban,0,,,Fine,Null
1780519.9096,5883211.4107,778194,,521132,0,0,0,1,0,East,2022/2023,PINNACLE HILL ROAD,FARR ROAD,,Non-Injury Crash,No,2023,0,East,0,0,1,Hill Road,0,,0,,0,Bright sun,815501,0,0,0,2,0,0,0,0,0,,0,0,Auckland Region,Nil,2-way,Sealed,0,0,0,0,100,0,None,0,0,,76,Auckland,Nil,0,0,0,0,0,0,Open,0,0,0,Fine,Null
1751784.0151,5917372.0587,778200,,514900,0,,0,2,,South,2022/2023,GREAT NORTH ROAD,HERDMAN STREET,,Minor Crash,No,2023,,South,,0,,Flat,,,,,,Dark,385803,1,0,0,4,,,0,,,,,,Auckland Region,Nil,2-way,Sealed,,0,0,,50,,On,0,0,,76,Auckland,Nil,,,,,0,0,Urban,0,,,Fine,Null
1771662.9376,5907715.3342,778201,,523713,0,0,0,1,0,East,2025/2026,JEFFS ROAD,BROBERG LANE,,Non-Injury Crash,No,2025,0,West,0,0,0,Flat,0,,0,,0,Twilight,712500,0,0,0,2,0,0,0,0,1,,0,0,Auckland Region,Nil,2-way,Sealed,0,0,0,0,50,0,On,0,0,,76,Auckland,Nil,0,0,0,0,0,0,Urban,1,0,0,Fine,Null
1753722.7993,5918290.8829,778202,,515003,0,,0,1,,West,2023/2024,NORTH-WESTERN MOTORWAY,ST LUKES OBR,,Minor Crash,Yes,2023,,West,,0,,Flat,,,,,,Overcast,390502,1,0,0,4,,,0,,,,,,Auckland Region,Nil,1-way,Sealed,,0,0,,100,,On,0,0,,76,Auckland,Nil,,,,,0,0,Open,1,,,Fine,Null
1760564.7932,5907042.7905,778208,,524112,0,,0,2,,West,2022/2023,BADER DRIVE,ASHGROVE ROAD,,Non-Injury Crash,No,2023,,East,,0,,Flat,,,,,,Dark,737500,0,0,0,2,,,0,,,,,,Auckland Region,Nil,1-way,Sealed,,0,0,,50,,On,0,0,,76,Auckland,Nil,,,,,0,0,Urban,0,,,Fine,Null
1772946.1155,5891302.3753,778217,,521301,0,,0,5,,North,2025/2026,SOUTHERN MOTORWAY,GREAT SOUTH ROAD ON RAMP,,Minor Crash,Yes,2026,,North,,0,,Flat,,,,,,Overcast,809005,1,0,0,2,,,0,,,,,,Auckland Region,Nil,1-way,Sealed,,0,0,,100,,Off,0,0,80,76,Auckland,Nil,,,,,0,0,Open,1,,,Light rain,Null
1756959.2356,5918794.1648,778218,,515600,0,,0,2,,Null,2024/2025,NEWTON ROAD,SYMONDS STREET,,Minor Crash,No,2025,,East,,0,,Flat,,,,,,Bright sun,420600,1,0,0,4,,,0,,,,,,Auckland Region,Nil,2-way,Sealed,,0,0,,50,,Off,0,1,,76,Auckland,Traffic Signals,,,,,0,0,Urban,0,,,Fine,Null
1758065.0741,5912898.0491,778224,,519710,0,,0,2,,Null,2022/2023,TRAFALGAR STREET,SYMONDS STREET,,Non-Injury Crash,No,2023,,East,,0,,Flat,,,,,,Overcast,596200,0,0,0,2,,,0,,,,,,Auckland Region,Nil,2-way,Sealed,,0,0,,50,,Off,0,0,,76,Auckland,Stop,,,,,0,0,Urban,0,,,Fine,Null
1758738.8963,5915509.619,778234,,519300,0,,0,1,,West,2024/2025,GREEN LANE WEST,POHUTUKAWA DRIVE,,Minor Crash,No,2025,,East,,0,,Flat,,,,,,Bright sun,622900,2,0,0,4,,,0,,,,,,Auckland Region,Nil,2-way,Sealed,,0,0,,50,,Off,0,0,,76,Auckland,Nil,,,,,0,0,Urban,1,,,Fine,Null
1763151.6111,5908073.3497,778240,,524402,0,,0,2,,Null,2023/2024,MASSEY ROAD,EWART ROAD,,Minor Crash,No,2023,,North,,0,,Flat,,Labour Weekend,,,,Dark,750000,2,0,0,4,,,0,,,,,,Auckland Region,Nil,2-way,Sealed,,0,0,,50,,On,0,0,,76,Auckland,Nil,,,,,0,0,Urban,0,,,Fine,Null
1745469.6895,5920685.0354,778258,,513301,0,,0,2,,Null,2024/2025,LINCOLN ROAD,LINCOLN ROAD OFF RAMP,,Minor Crash,No,2025,,South,,0,,Flat,,,,,,Twilight,230301,1,0,0,4,,,0,,,,,,Auckland Region,Nil,1-way,Sealed,,0,0,,50,,On,1,0,,76,Auckland,Traffic Signals,,,,,0,0,Urban,0,,,Fine,Null
1760182.836,5903762.1703,778265,,524200,0,0,0,1,0,Null,2024/2025,JIMMY WARD CRESCENT,TOM PEARCE DRIVE,,Minor Crash,No,2025,0,South,0,0,0,Flat,0,,0,,0,Dark,727200,1,0,0,2,0,0,0,0,0,,0,1,Auckland Region,Nil,1-way,Sealed,0,0,0,0,50,0,On,0,0,,76,Auckland,Give way,0,0,0,0,0,0,Urban,0,0,0,Heavy rain,Null