X,Y,OBJECTID,advisorySpeed,areaUnitID,bicycle,bridge,bus,carStationWagon,cliffBank,crashDirectionDescription,crashFinancialYear,crashLocation1,crashLocation2,crashRoadSideRoad,crashSeverity,crashSHDescription,crashYear,debris,directionRoleDescription,ditch,fatalCount,fence,flatHill,guardRail,holiday,houseOrBuilding,intersection,kerb,light,meshblockId,minorInjuryCount,moped,motorcycle,NumberOfLanes,objectThrownOrDropped,otherObject,otherVehicleType,overBank,parkedVehicle,pedestrian,phoneBoxEtc,postOrPole,region,roadCharacter,roadLane,roadSurface,roadworks,schoolBus,seriousInjuryCount,slipOrFlood,speedLimit,strayAnimal,streetLight,suv,taxi,temporarySpeedLimit,tlaId,tlaName,trafficControl,trafficIsland,trafficSign,train,tree,truck,unknownVehicleType,urban,vanOrUtility,vehicle,waterRiver,weatherA,weatherB
1739767.4797,5930433.7096,778272,,505604,0,,0,3,,North,2022/2023,OLD NORTH ROAD,ORAHA ROAD,,Non-Injury Crash,No,2023,,South,,0,,Hill Road,,,,,,Bright sun,214202,0,0,0,2,,,0,,,,,,Auckland Region,Nil,2-way,Sealed,,0,0,,80,,Off,0,0,,76,Auckland,Nil,,,,,0,0,Open,1,,,Heavy rain,Null
1768835.5259,5913807.9396,778282,,522723,0,,0,1,,West,2023/2024,WALWORTH AVENUE,HARFORD PLACE,,Serious Crash,No,2023,,West,,0,,Flat,,,,,,Dark,681700,0,0,0,2,,,0,,,1,,,Auckland Region,Nil,2-way,Sealed,,0,1,,50,,On,0,0,,76,Auckland,Nil,,,,,0,0,Urban,0,,,Fine,Null
1753218.1502,5914694.4434,778288,,518801,0,,0,2,,North,2022/2023,RICHARDSON ROAD,VALONIA STREET,,Non-Injury Crash,No,2023,,South,,0,,Hill Road,,,,,,Bright sun,578400,0,0,0,2,,,0,,,,,,Auckland Region,Bridge,2-way,Sealed,,0,0,,50,,Off,0,0,,76,Auckland,Nil,,,,,0,0,Urban,0,,,Fine,Null
1746555.4924,5921560.6228,778290,,512201,0,0,0,1,0,West,2023/2024,TAIKATA ROAD,RIXON PLACE,,Minor Crash,No,2023,0,West,0,0,0,Flat,0,Christmas New Year,0,,0,Overcast,247200,1,0,0,2,0,0,0,0,1,,0,0,Auckland Region,Nil,2-way,Sealed,0,0,0,0,50,0,None,1,0,,76,Auckland,Nil,0,0,0,0,0,0,Urban,1,0,0,Light rain,Null
1766787.8838,5903998.6046,778313,,524604,0,,0,1,,Null,2024/2025,LAMBIE DRIVE,LAMBIE DRIVE OFF RAMP,,Non-Injury Crash,No,2025,,North,,0,,Flat,,,,,,Bright sun,780209,0,0,0,2,,,0,,,,,,Auckland Region,Motorway ramp,1-way,Sealed,,0,0,,50,,Off,0,0,,76,Auckland,Give way,,,,,1,0,Urban,0,,,Fine,Null
1773772.0041,5898188.7999,778314,,523912,0,,0,1,,Null,2023/2024,CORPORAL STREET,COSGRAVE ROAD,,Non-Injury Crash,No,2024,,East,,0,,Flat,,,,,,Dark,765500,0,0,0,2,,,0,,,,,,Auckland Region,Nil,2-way,Sealed,,0,0,,50,,On,0,0,,76,Auckland,Give way,,,,,0,0,Urban,0,,,Mist or Fog,None
1762327.7864,5913689.952,778321,,520402,0,0,0,2,0,South,2024/2025,PORTMAN ROAD,PENROSE ROAD,,Non-Injury Crash,No,2024,0,South,0,0,0,Flat,0,,0,,0,Overcast,642200,0,0,0,2,0,0,0,0,1,,0,0,Auckland Region,Nil,Null,Sealed,0,0,0,0,50,0,Null,0,0,,76,Auckland,Nil,0,0,0,0,0,0,Urban,0,0,0,Light rain,Null
1749583.3415,5946547.9454,778329,,505806,0,0,0,1,0,East,2024/2025,WAINUI ROAD,SILVERHILL LANE,,Non-Injury Crash,No,2024,0,East,0,0,0,Flat,0,,0,,1,Dark,176504,0,0,0,2,0,0,0,0,0,,0,0,Auckland Region,Nil,2-way,Sealed,0,0,0,0,50,0,On,0,0,,76,Auckland,Nil,0,0,0,1,0,0,Urban,0,0,0,Fine,Null
1765946.4422,5878598.9629,778330,,521112,0,0,0,1,0,North,2024/2025,WAIUKU ROAD,ATTEWELL ROAD,,Minor Crash,No,2025,0,South,0,0,0,Flat,0,,0,,0,Dark,826000,2,0,0,2,0,0,0,0,0,,0,1,Auckland Region,Nil,2-way,Sealed,0,0,0,0,80,0,On,0,0,,76,Auckland,Nil,0,0,0,0,0,0,Open,0,0,0,Fine,Null
1754971.3915,5913516.0328,778336,,518803,0,0,0,2,0,Null,2023/2024,DOMINION ROAD OFF RAMP,DOMINION ROAD,,Non-Injury Crash,No,2023,0,West,0,0,0,Hill Road,0,,0,,0,Dark,582700,0,0,0,4,0,0,0,0,0,,0,0,Auckland Region,Motorway ramp,2-way,Sealed,0,0,0,0,50,0,On,0,0,,76,Auckland,Traffic Signals,1,1,0,0,0,0,Urban,0,0,0,Light rain,Null
1729332.234,5917770.7755,778344,,513800,0,,0,1,,North,2023/2024,BETHELLS ROAD,TASMAN VIEW ROAD,,Minor Crash,No,2023,,West,,0,,Hill Road,,,,,,Overcast,281601,2,0,0,2,,,0,,,,,,Auckland Region,Nil,2-way,Sealed,,0,0,,100,,None,0,0,,76,Auckland,Nil,,,,,0,0,Open,0,,,Fine,Null
1759001.4828,5918417.179,778346,,516101,0,0,0,3,0,North,2023/2024,BASSETT ROAD,MIDDLETON ROAD,,Non-Injury Crash,No,2024,0,South,0,0,0,Hill Road,0,,0,,0,Bright sun,481000,0,0,0,2,0,0,0,0,1,,0,0,Auckland Region,Nil,2-way,Sealed,0,0,0,0,50,0,Off,0,0,,76,Auckland,Nil,0,0,0,0,0,0,Urban,0,0,0,Fine,Null
1760009.0549,5913812.0918,778360,,519900,0,,0,2,,North,2023/2024,RAWHITI ROAD,PAIHIA ROAD,,Non-Injury Crash,No,2023,,North,,0,,Hill Road,,,,,,Overcast,602600,0,0,0,2,,,0,,,,,,Auckland Region,Nil,2-way,Sealed,,0,0,,50,,Off,0,0,,76,Auckland,Nil,,,,,0,0,Urban,0,,,Fine,Null
1750792.6094,5934546.4449,778362,,508701,0,0,0,2,0,Null,2024/2025,OFF ROAD - SHARED DRIVEWAY,,,Minor Crash,No,2024,0,East,0,0,0,Flat,0,,1,,0,Overcast,178706,1,0,0,,0,0,0,0,1,,0,0,Auckland Region,Nil,Off road,Sealed,0,0,0,0,,0,Off,0,0,,76,Auckland,Nil,0,0,0,0,0,0,Urban,0,0,0,Fine,Null
1759460.2678,5925802.488,778370,,508020,1,0,0,1,0,East,2023/2024,ST LEONARDS ROAD,LAKE ROAD,,Minor Crash,No,2024,0,East,0,0,0,Flat,0,,0,,0,Bright sun,321500,1,0,0,2,0,0,0,0,1,,0,0,Auckland Region,Nil,2-way,Sealed,0,0,0,0,50,0,Off,0,0,,76,Auckland,Nil,0,0,0,0,0,0,Urban,0,0,0,Fine,Null
1758229.9206,5920221.4469,778378,,514103,0,,0,0,,West,2023/2024,BEACH ROAD,THE STRAND,,Non-Injury Crash,No,2023,,East,,0,,Flat,,,,,,Overcast,438203,0,0,0,3,,,0,,,,,,Auckland Region,Nil,1-way,Sealed,,0,0,,30,,Off,1,0,,76,Auckland,Nil,,,,,1,0,Urban,0,,,Fine,Null
1760144.5107,5915913.4972,778409,,516003,0,,0,1,,Null,2024/2025,GREEN LANE EAST,GREEN LANE EAST OFF RAMP,,Non-Injury Crash,No,2024,,West,,0,,Flat,,,,,,Bright sun,494902,0,0,0,3,,,0,,,,,,Auckland Region,Motorway ramp,1-way,Sealed,,0,0,,50,,Off,0,0,,76,Auckland,Give way,,,,,0,1,Urban,0,,,Fine,Null
1769895.1157,5898981.5294,778416,,523920,0,0,0,2,0,South,2022/2023,SOUTHERN MOTORWAY,TAKANINI OBR,,Non-Injury Crash,Yes,2023,0,South,0,0,0,Flat,1,,0,,0,Dark,768005,0,0,0,3,0,0,0,0,0,,0,0,Auckland Region,Motorway ramp,1-way,Sealed,0,0,0,0,100,0,On,0,0,,76,Auckland,Nil,0,0,0,0,1,0,Open,0,0,0,Fine,Null
1761521.3728,5916883.6127,778450,,516202,0,0,0,1,0,North,2024/2025,REMUERA ROAD,UPLAND ROAD,,Minor Crash,No,2025,0,East,0,0,0,Flat,1,,0,,0,Bright sun,488700,1,0,1,2,0,0,0,0,0,,0,0,Auckland Region,Nil,2-way,Sealed,0,0,0,0,50,0,Off,0,0,,76,Auckland,Nil,0,0,0,0,0,0,Urban,0,0,0,Fine,Null
1758617.943,5913414.2234,778464,,519710,0,0,0,2,0,West,2023/2024,BROOKFIELD AVENUE,BAKER PLACE,,Non-Injury Crash,No,2023,0,East,0,0,0,Flat,0,,0,,0,Dark,594902,0,0,0,2,0,0,0,0,1,,0,0,Auckland Region,Nil,2-way,Sealed,0,0,0,0,50,0,None,0,0,,76,Auckland,Nil,0,0,0,0,0,0,Urban,0,0,0,Light rain,Null
1766057.2693,5904521.5432,778466,,524603,0,,0,2,,Null,2023/2024,CAVENDISH DRIVE,GRAYSON AVENUE,,Non-Injury Crash,No,2024,,North,,0,,Flat,,,,,,Bright sun,674600,0,0,0,2,,,0,,,,,,Auckland Region,Nil,2-way,Sealed,,0,0,,50,,Off,0,0,,76,Auckland,Give way,,,,,0,0,Urban,0,,,Fine,Null
1763897.6791,5904402.7441,778472,,524604,0,,0,1,,South,2023/2024,SOUTH-WESTERN MOTORWAY,PUHINUI ROAD-SH 20B ON RAMP,,Minor Crash,Yes,2024,,North,,0,,Flat,,,,,,Overcast,780902,1,0,1,2,,,0,,,,,,Auckland Region,Nil,1-way,Sealed,,0,0,,100,,Off,0,0,,76,Auckland,Nil,,,,,0,0,Open,0,,,Fine,Null
1731638.1302,5982371.0672,778481,,506660,0,0,0,1,0,North,2024/2025,PORT ALBERT ROAD,UNDERWOOD ROAD,,Minor Crash,No,2025,0,South,1,0,0,Flat,0,,0,,0,Dark,144400,1,0,0,2,0,0,0,0,0,,0,0,Auckland Region,Nil,2-way,Sealed,0,0,0,0,100,0,None,0,0,,76,Auckland,Nil,0,1,0,0,0,0,Open,0,0,0,Fine,Null
1767705.7816,5905730.6221,778488,,523721,0,0,0,1,0,East,2023/2024,BOUNDARY ROAD,REAGAN ROAD,,Minor Crash,No,2024,0,East,0,0,0,Flat,0,,0,,0,Bright sun,715400,1,0,0,2,0,0,0,0,1,,0,0,Auckland Region,Nil,2-way,Sealed,0,0,0,0,50,0,Off,0,0,,76,Auckland,Nil,0,0,0,0,1,0,Urban,0,0,0,Fine,Null
1765620.2003,5908526.4734,778536,,523403,0,,0,1,,North,2022/2023,SOUTHERN MOTORWAY,HIGHBROOK DRIVE OFF RAMP,,Minor Crash,Yes,2023,,North,,0,,Flat,,,,,,Dark,700100,2,0,0,4,,,0,,,,,,Auckland Region,Nil,1-way,Sealed,,0,0,,100,,On,0,0,,76,Auckland,Nil,,,,,0,1,Open,0,,,Fine,Null
1763793.7316,5911532.5918,778537,,520500,1,,0,1,,South,2023/2024,NIALL BURGESS ROAD,VESTEY DRIVE,,Minor Crash,No,2024,,West,,0,,Flat,,,,,,Bright sun,637900,1,0,0,2,,,0,,,,,,Auckland Region,Nil,2-way,Sealed,,0,0,,50,,Off,0,0,,76,Auckland,Nil,,,,,0,0,Urban,0,,,Fine,Null
1771847.7596,5908004.1189,778538,45,523116,0,0,0,2,0,South,2022/2023,CHATEAU RISE,GIBBSTON CRESCENT,,Non-Injury Crash,No,2023,0,South,0,0,0,Hill Road,0,,0,,0,Dark,712214,0,0,0,2,0,0,0,0,1,,0,0,Auckland Region,Nil,2-way,Sealed,0,0,0,0,50,0,On,0,0,,76,Auckland,Nil,0,0,0,0,0,0,Urban,0,0,0,Heavy rain,None
1769883.9387,5900126.6791,778554,,524902,0,,0,1,,North,2024/2025,SOUTHERN MOTORWAY,PAPAKURA STM BR,,Non-Injury Crash,Yes,2024,,North,,0,,Flat,,,,,,Bright sun,759200,0,0,0,3,,,0,,,,,,Auckland Region,Motorway ramp,1-way,Sealed,,0,0,,100,,Off,0,0,,76,Auckland,Nil,,,,,1,0,Open,0,,,Fine,Null
1772464.3049,5896948.4288,778562,,525420,0,,0,2,,Null,2024/2025,COLES CRESCENT,GREAT SOUTH ROAD,,Non-Injury Crash,No,2024,,North,,0,,Null,,,,,,Unknown,791300,0,0,0,2,,,0,,,,,,Auckland Region,Nil,2-way,Null,,0,0,,50,,Null,0,0,,76,Auckland,Stop,,,,,0,0,Urban,0,,,Null,Null
1757316.0593,5920224.1658,778569,,514102,0,,1,1,,Null,2023/2024,QUEEN STREET,WELLESLEY STREET EAST,,Non-Injury Crash,No,2023,,South,,0,,Flat,,,,,,Overcast,434000,0,0,0,4,,,0,,,,,,Auckland Region,Nil,2-way,Sealed,,0,0,,30,,Off,0,0,,76,Auckland,Traffic Signals,,,,,0,0,Urban,0,,,Fine,Null
1751407.1772,5912036.2485,778592,,514700,0,0,0,3,0,West,2022/2023,GILFILLAN STREET,BLOCKHOUSE BAY ROAD,,Minor Crash,No,2023,0,East,0,0,0,Flat,0,,0,,0,Dark,368400,1,0,0,2,0,0,0,0,1,,0,0,Auckland Region,Nil,2-way,Sealed,0,0,0,0,50,0,On,0,0,,76,Auckland,Nil,0,0,0,0,0,0,Urban,0,0,0,Fine,Null
1758213.7976,5911893.1598,778593,,519810,0,0,0,1,0,North,2023/2024,SOUTH-WESTERN MOTORWAY,NEILSON STREET OFF RAMP,,Non-Injury Crash,Yes,2024,0,South,0,0,0,Flat,0,,0,,0,Dark,602501,0,0,0,3,0,0,0,0,0,,0,0,Auckland Region,Motorway ramp,1-way,Sealed,0,0,0,0,100,0,On,0,0,,76,Auckland,Nil,1,1,0,0,0,0,Open,0,0,0,Fine,Null
1759947.5277,5906507.9218,778625,,524111,0,0,0,2,0,North,2024/2025,CAPE ROAD,THOMAS ROAD,,Minor Crash,No,2024,0,South,0,0,0,Flat,0,Labour Weekend,0,,0,Dark,740700,1,0,0,2,0,0,0,0,1,,0,0,Auckland Region,Nil,2-way,Sealed,0,0,0,0,30,0,On,0,0,,76,Auckland,Nil,0,0,0,0,0,0,Urban,1,0,0,Fine,Null
1769741.6153,5912144.2077,778626,,523105,0,0,0,1,0,East,2024/2025,FRANK NOBILO DRIVE,JAN HIGGINS PLACE,,Minor Crash,No,2025,0,West,0,0,0,Flat,0,,0,,0,Bright sun,711144,1,0,0,2,0,0,0,0,0,,0,0,Auckland Region,Nil,2-way,Sealed,0,0,0,0,50,0,Off,0,0,,76,Auckland,Nil,0,0,0,1,0,0,Urban,0,0,0,Fine,Null
1729411.5306,5917716.3321,778634,25,513800,0,0,0,0,0,North,2024/2025,BETHELLS ROAD,TASMAN VIEW ROAD,,Non-Injury Crash,No,2025,0,North,0,0,0,Hill Road,0,,0,,0,Dark,281601,0,0,0,2,0,0,0,0,0,,0,0,Auckland Region,Nil,2-way,Sealed,0,0,0,0,50,0,Off,0,0,,76,Auckland,Nil,0,0,0,1,0,0,Urban,1,0,0,Fine,Null
1763279.7095,5906598.8149,778649,,524301,0,,0,1,,North,2023/2024,GRAEME AVENUE,BUCKLAND ROAD,,Minor Crash,No,2024,,North,,0,,Flat,,,,,,Bright sun,747200,1,0,0,2,,,0,,,1,,,Auckland Region,Nil,2-way,Sealed,,0,0,,40,,Off,0,0,,76,Auckland,Nil,,,,,0,0,Urban,0,,,Fine,Null
1764240.2809,5914957.8184,778657,,520303,0,,0,1,,West,2023/2024,ELLERSLIE-PANMURE HIGHWAY,MOUNTAIN ROAD,,Non-Injury Crash,No,2024,,West,,0,,Flat,,,,,,Dark,627500,0,0,0,4,,,0,,,,,,Auckland Region,Nil,2-way,Sealed,,0,0,,50,,On,0,0,,76,Auckland,Traffic Signals,,,,,0,0,Urban,1,,,Fine,Null
1753249.3259,5933072.655,778658,,508807,0,,0,2,,Null,2023/2024,ALBANY EXPRESSWAY,TAWA DRIVE,,Non-Injury Crash,No,2024,,East,,0,,Flat,,,,,,Dark,180811,0,0,0,2,,,0,,,,,,Auckland Region,Overpass,1-way,Sealed,,0,0,,50,,On,0,0,,76,Auckland,Traffic Signals,,,,,0,0,Urban,0,,,Fine,Null
1766893.5546,5907657.2048,778704,,523501,0,,0,2,,Null,2023/2024,EAST TAMAKI ROAD,BAIRDS ROAD,,Non-Injury Crash,No,2023,,East,,0,,Flat,,,,,,Dark,700700,0,0,0,4,,,0,,,,,,Auckland Region,Nil,2-way,Sealed,,0,0,,50,,On,0,0,,76,Auckland,Traffic Signals,,,,,0,0,Urban,0,,,Light rain,Null
1776066.4765,5882667.7989,778714,65,521160,0,0,0,1,0,North,2024/2025,GREAT SOUTH ROAD,MILL ROAD,,Minor Crash,No,2024,0,North,0,0,1,Flat,0,,0,,0,Dark,827604,1,0,0,2,0,0,0,0,0,,0,0,Auckland Region,Nil,2-way,Sealed,0,0,0,0,80,0,Off,0,0,,76,Auckland,Nil,0,1,0,2,0,0,Open,0,0,0,Light rain,Null
1767913.6249,5904499.5281,778728,,524604,0,,0,1,,North,2023/2024,REDOUBT ROAD ON RAMP,REDOUBT ROAD,,Minor Crash,No,2024,,North,,0,,Flat,,,,,,Bright sun,780302,1,0,0,1,,,0,,,,,,Auckland Region,Motorway ramp,1-way,Sealed,,0,0,,100,,Off,0,0,,76,Auckland,Nil,,,,,0,0,Open,1,,,Fine,Null
1759152.9382,5903837.2717,778762,,524200,0,,0,0,,West,2023/2024,JOHN GOULTER DRIVE,LEONARD ISITT DRIVE,,Non-Injury Crash,No,2023,,West,,0,,Flat,,Christmas New Year,,,,Overcast,727200,0,0,0,2,,,0,,,,,,Auckland Region,Speed hump,1-way,Sealed,,0,0,,50,,None,2,0,20,76,Auckland,Nil,,,,,0,0,Urban,0,,,Heavy rain,Null
1745359.2853,5915059.8868,778777,,512903,0,0,1,1,0,North,2023/2024,SEYMOUR ROAD,ROSANDICH DRIVE,,Non-Injury Crash,No,2024,0,North,0,0,0,Flat,0,,0,,0,Twilight,278105,0,0,0,2,0,0,0,0,0,,0,0,Auckland Region,Nil,2-way,Sealed,0,0,0,0,50,0,Off,0,0,,76,Auckland,Nil,0,0,0,0,0,0,Urban,0,1,0,Fine,Null
1747291.0797,5971677.0879,778808,,506661,0,0,0,0,0,North,2023/2024,SH 1,NORTHERN MOTORWAY,,Non-Injury Crash,Yes,2023,0,North,0,0,0,Flat,0,,0,,0,Dark,139106,0,0,0,1,0,0,0,0,0,,0,1,Auckland Region,Nil,1-way,Sealed,0,0,0,0,80,0,On,0,0,,76,Auckland,Nil,0,1,0,0,0,0,Open,1,0,0,Fine,Null
1755790.2912,5914037.7436,778816,,518500,0,,1,1,,Null,2023/2024,SCOUT AVENUE,MOUNT ALBERT ROAD,,Non-Injury Crash,No,2023,,South,,0,,Flat,,,,,,Overcast,563300,0,0,0,2,,,0,,,,,,Auckland Region,Nil,2-way,Sealed,,0,0,,50,,Off,0,0,,76,Auckland,Traffic Signals,,,,,0,0,Urban,0,,,Fine,Null
1760561.0166,5915016.0564,778825,,519400,0,0,0,2,0,South,2024/2025,GREAT SOUTH ROAD,GARLAND ROAD,,Non-Injury Crash,No,2024,0,North,0,0,0,Flat,0,,0,,0,Overcast,619300,0,0,0,4,0,0,0,0,1,,0,0,Auckland Region,Nil,2-way,Sealed,0,0,0,0,50,0,Off,0,0,,76,Auckland,Nil,0,0,0,0,0,0,Urban,0,0,0,Light rain,Null
1771939.7713,5894194.3354,778834,,525530,0,0,0,1,0,North,2023/2024,SOUTHERN MOTORWAY,PARK ESTATE OBR,,Non-Injury Crash,Yes,2023,0,South,0,0,0,Flat,0,,0,,0,Dark,804100,0,0,0,2,0,1,0,0,0,,0,0,Auckland Region,Nil,1-way,Sealed,0,0,0,0,80,0,On,0,0,,76,Auckland,Nil,0,0,0,0,0,0,Open,0,0,0,Fine,Null
1746170.806,5925605.8303,778848,,513431,0,,0,1,,South,2023/2024,HOBSONVILLE ROAD,SUNCREST DRIVE,,Serious Crash,No,2024,,West,,0,,Flat,,,,,,Overcast,223802,0,0,0,2,,,0,,,1,,,Auckland Region,Nil,2-way,Sealed,,0,1,,50,,Off,0,0,,76,Auckland,Nil,,,,,0,0,Urban,0,,,Fine,Null
1757409.0945,5920502.4147,778850,,514102,0,,1,1,,Null,2023/2024,QUEEN STREET,DURHAM STREET WEST,,Non-Injury Crash,No,2023,,North,,0,,Flat,,,,,,Bright sun,433600,0,0,0,4,,,0,,,,,,Auckland Region,Nil,2-way,Sealed,,0,0,,30,,None,0,0,,76,Auckland,Nil,,,,,0,0,Urban,0,,,Fine,None
1757397.1099,5918785.4858,778873,,514302,0,,0,1,,North,2024/2025,SOUTHERN MOTORWAY,SOUTHERN TO PORT LINK,,Minor Crash,Yes,2024,,North,,0,,Flat,,,,,,Bright sun,441700,1,0,0,3,,,0,,,,,,Auckland Region,Nil,1-way,Sealed,,0,0,,80,,Off,0,0,,76,Auckland,Nil,,,,,0,0,Open,1,,,Fine,Null
1755027.6536,5918580.1326,778882,,515420,0,0,0,2,0,South,2024/2025,CRUMMER ROAD,COLERIDGE STREET,,Non-Injury Crash,No,2025,0,South,0,0,0,Hill Road,0,,0,,0,Overcast,404800,0,0,0,2,0,0,0,0,1,,0,0,Auckland Region,Nil,2-way,Sealed,0,0,0,0,50,0,Off,0,0,,76,Auckland,Nil,0,0,0,0,0,0,Urban,0,0,0,Fine,Null
1759500.2759,5908160.228,778905,,524121,0,,0,1,,South,2024/2025,BADER DRIVE,CESSNA CRESCENT,,Minor Crash,No,2025,,South,,0,,Flat,,,,,,Bright sun,737301,1,0,0,2,,,0,,,1,,,Auckland Region,Nil,2-way,Sealed,,0,0,,50,,Off,0,0,40,76,Auckland,Nil,,,,,0,0,Urban,0,,,Fine,Null
1752180.6359,5913902.4733,778912,,514500,0,,0,0,,Null,2023/2024,WHITNEY STREET,HOLBROOK STREET,,Non-Injury Crash,No,2023,,South,,0,,Hill Road,,,,,,Bright sun,375300,0,0,0,2,,,0,,,,,,Auckland Region,Nil,2-way,Sealed,,0,0,,50,,Off,2,0,,76,Auckland,Give way,,,,,0,0,Urban,0,,,Fine,Null
1769388.8518,5916270.4198,778913,,522730,0,,0,2,,Null,2023/2024,PRINCE REGENT DRIVE,PIGEON MOUNTAIN ROAD,,Minor Crash,No,2023,,East,,0,,Flat,,,,,,Unknown,678900,1,0,0,2,,,0,,,,,,Auckland Region,Nil,2-way,Sealed,,0,0,,50,,Off,0,0,,76,Auckland,Stop,,,,,0,0,Urban,0,,,Fine,None
1767836.0228,5913639.1569,778914,,522820,0,,0,1,,North,2024/2025,PAKURANGA ROAD,JOHNS LANE,,Minor Crash,No,2025,,North,,0,,Flat,,,,,,Overcast,695102,1,0,0,2,,,0,,,1,,,Auckland Region,Nil,1-way,Sealed,,0,0,,50,,Off,0,0,30,76,Auckland,Nil,,,,,0,0,Urban,0,,,Light rain,Null
1743085.171,5923910.5091,778920,,513410,0,0,0,0,1,West,2023/2024,FRED TAYLOR DRIVE,BAKER LANE,,Minor Crash,No,2024,0,West,0,0,0,Flat,0,,0,,0,Dark,226401,1,0,0,2,0,0,0,0,0,,0,1,Auckland Region,Nil,2-way,Sealed,0,0,0,0,80,0,On,0,0,50,76,Auckland,Nil,0,0,0,0,0,0,Open,1,0,0,Fine,Null
1774934.4082,5909345.132,778952,,523202,0,,0,1,,East,2023/2024,WHITFORD MARAETAI ROAD,WHITFORD PARK ROAD,,Minor Crash,No,2024,,East,,0,,Flat,,,,,,Dark,716601,1,0,1,2,,,0,,,,,,Auckland Region,Nil,2-way,Sealed,,0,0,,50,,On,0,0,,76,Auckland,Nil,,,,,0,0,Urban,0,,,Fine,Null
1758067.9849,5917527.2222,778985,,515700,0,,0,2,,Null,2023/2024,GILLIES AVENUE,ALPERS AVENUE,,Non-Injury Crash,No,2024,,North,,0,,Flat,,,,,,Bright sun,443500,0,0,0,4,,,0,,,,,,Auckland Region,Nil,2-way,Sealed,,0,0,,50,,Off,0,0,,76,Auckland,Traffic Signals,,,,,0,0,Urban,0,,,Fine,None
1756146.8225,5944134.5976,779002,,505909,0,,0,1,,South,2024/2025,MAIN STREET,WHANGAPARAOA ROAD,,Minor Crash,No,2025,,North,,0,,Hill Road,,,,,,Bright sun,174013,1,0,0,1,,,0,,,1,,,Auckland Region,Nil,1-way,Sealed,,0,0,,50,,Off,0,0,,76,Auckland,Nil,,,,,0,0,Urban,0,,,Fine,Null
1754953.0585,5931839.6001,779010,,508805,0,,0,1,,Null,2023/2024,APOLLO DRIVE,CONSTELLATION DRIVE,,Non-Injury Crash,No,2024,,South,,0,,Flat,,,,,,Bright sun,180813,0,0,0,4,,,0,,,,,,Auckland Region,Nil,2-way,Sealed,,0,0,,50,,Off,0,0,,76,Auckland,Traffic Signals,,,,,0,0,Urban,1,,,Light rain,Null
1770720.8371,5894953.1708,779016,,521201,0,,0,1,,South,2023/2024,HINGAIA ROAD,BRIDGEVIEW ROAD,,Minor Crash,No,2024,,South,,0,,Flat,,,,,,Bright sun,806603,3,0,0,2,,,0,,,,,,Auckland Region,Nil,2-way,Sealed,,0,0,,50,,None,1,0,,76,Auckland,Nil,,,,,0,0,Urban,0,,,Mist or Fog,Null
1761068.0289,5914367.3144,779032,,520202,0,,0,0,,Null,2023/2024,GREAT SOUTH ROAD,ELLERSLIE-PANMURE HIGHWAY,,Non-Injury Crash,No,2023,,South,,0,,Flat,,,,,,Overcast,612200,0,0,0,2,,,0,,,,,,Auckland Region,Motorway ramp,1-way,Sealed,,0,0,,50,,Off,0,0,,76,Auckland,Give way,,,,,1,0,Urban,1,,,Fine,Null
1737976.4324,5929379.184,779034,,505602,0,,0,2,,Null,2023/2024,ORAHA ROAD,MATUA ROAD,,Non-Injury Crash,No,2024,,West,,0,,Flat,,,,,,Dark,216003,0,0,0,2,,,0,,,,,,Auckland Region,Nil,2-way,Sealed,,0,0,,60,,On,0,0,,76,Auckland,Stop,,,,,0,0,Urban,0,,,Fine,Null
1759025.2113,5911373.712,779042,,519820,0,,0,2,,North,2024/2025,SOUTH-WESTERN MOTORWAY,NEILSON STREET ON RAMP,,Non-Injury Crash,Yes,2024,,South,,0,,Hill Road,,,,,,Bright sun,602402,0,0,0,4,,,0,,,,,,Auckland Region,Nil,1-way,Sealed,,0,0,,100,,Off,0,0,,76,Auckland,Nil,,,,,0,0,Open,0,,,Fine,Null
1770455.1025,5906669.4334,779049,,523713,0,0,0,3,0,North,2024/2025,KILLARNEY DRIVE,KILDARE ROAD,,Minor Crash,No,2025,0,North,0,0,0,Flat,0,,0,,0,Overcast,713100,1,0,0,2,0,0,0,0,2,,0,0,Auckland Region,Nil,2-way,Sealed,0,0,0,0,50,0,Off,0,0,,76,Auckland,Nil,0,0,0,0,0,1,Urban,1,0,0,Light rain,Null
1760118.5403,5915535.2391,779056,,519400,0,,0,1,,North,2024/2025,GREAT SOUTH ROAD,ADAM STREET,,Minor Crash,No,2024,,South,,0,,Flat,,,,,,Bright sun,617100,1,0,0,4,,,0,,,1,,,Auckland Region,Nil,2-way,Sealed,,0,0,,50,,Off,0,0,,76,Auckland,Nil,,,,,0,0,Urban,0,,,Fine,Null
1754737.5219,5931301.3424,779090,,508520,0,,0,1,,Null,2024/2025,SUNSET ROAD,RAMP ROAD,,Non-Injury Crash,No,2024,,East,,0,,Hill Road,,,,,,Bright sun,191502,0,0,0,2,,,0,,,,,,Auckland Region,Nil,2-way,Sealed,,0,0,,50,,Off,1,0,,76,Auckland,Give way,,,,,0,0,Urban,0,,,Fine,Null