X,Y,OBJECTID,advisorySpeed,areaUnitID,bicycle,bridge,bus,carStationWagon,cliffBank,crashDirectionDescription,crashFinancialYear,crashLocation1,crashLocation2,crashRoadSideRoad,crashSeverity,crashSHDescription,crashYear,debris,directionRoleDescription,ditch,fatalCount,fence,flatHill,guardRail,holiday,houseOrBuilding,intersection,kerb,light,meshblockId,minorInjuryCount,moped,motorcycle,NumberOfLanes,objectThrownOrDropped,otherObject,otherVehicleType,overBank,parkedVehicle,pedestrian,phoneBoxEtc,postOrPole,region,roadCharacter,roadLane,roadSurface,roadworks,schoolBus,seriousInjuryCount,slipOrFlood,speedLimit,strayAnimal,streetLight,suv,taxi,temporarySpeedLimit,tlaId,tlaName,trafficControl,trafficIsland,trafficSign,train,tree,truck,unknownVehicleType,urban,vanOrUtility,vehicle,waterRiver,weatherA,weatherB
1763338.9952,5906166.4594,779098,,524302,0,,0,2,,South,2024/2025,PORTAGE ROAD,MCDONALD ROAD,,Serious Crash,No,2024,,South,,0,,Flat,,,,,,Dark,746000,3,0,0,2,,,0,,,,,,Auckland Region,Nil,2-way,Sealed,,0,1,,50,,On,0,0,,76,Auckland,Nil,,,,,0,0,Urban,0,,,Light rain,Null
1778081.2989,5891968.1297,779105,,521301,0,0,0,1,1,North,2024/2025,PONGA ROAD,LAURIE DRIVE,,Non-Injury Crash,No,2024,0,North,0,0,0,Hill Road,0,,0,,0,Dark,816405,0,0,0,2,0,0,0,0,0,,0,0,Auckland Region,Nil,2-way,Sealed,0,0,0,0,60,0,None,0,0,,76,Auckland,Nil,0,0,0,0,0,0,Urban,0,0,0,Fine,Null
1750053.931,5918000.7431,779128,,514801,0,,0,1,,East,2024/2025,NORTH-WESTERN MOTORWAY,ROSEBANK ROAD OFF RAMP,,Non-Injury Crash,Yes,2024,,West,,0,,Flat,,,,,,Twilight,390401,0,0,0,5,,,0,,,,,,Auckland Region,Nil,1-way,Sealed,,0,0,,100,,On,0,0,80,76,Auckland,Nil,,,,,0,0,Open,1,,,Fine,Null
1769443.9744,5901880.6488,779130,,524901,0,,0,0,,Null,2024/2025,GRANDE VUE ROAD,HILL ROAD ON RAMP,,Non-Injury Crash,No,2024,,North,,0,,Null,,,,,,Unknown,755600,0,0,0,2,,,0,,,,,,Auckland Region,Nil,2-way,Null,,0,0,,50,,Null,0,0,,76,Auckland,Give way,,,,,0,0,Urban,2,,,Null,Null
1753024.7233,5933178.3375,779137,,508807,0,0,0,2,0,West,2024/2025,ALBANY EXPRESSWAY,TAWA DRIVE,,Minor Crash,No,2025,0,West,0,0,0,Hill Road,0,,0,,0,Overcast,180406,1,0,0,2,0,0,0,0,0,,0,0,Auckland Region,Nil,1-way,Sealed,0,0,0,0,80,0,Off,1,0,,76,Auckland,Nil,1,0,0,0,0,0,Open,0,0,0,Light rain,Null
1758104.6645,5915450.7133,779154,,519300,0,,0,1,,Null,2022/2023,MANUKAU ROAD,GREEN LANE WEST,,Non-Injury Crash,No,2023,,North,,0,,Flat,,,,,,Overcast,623100,0,0,0,3,,,0,,,,,,Auckland Region,Nil,2-way,Sealed,,0,0,,50,,Off,0,0,,76,Auckland,Traffic Signals,,,,,0,0,Urban,0,,,Fine,None
1757360.3056,5919865.5877,779161,,514103,0,,0,1,,Null,2024/2025,WAKEFIELD STREET,ST PAUL STREET,,Non-Injury Crash,No,2024,,North,,0,,Hill Road,,,,,,Overcast,436600,0,0,0,4,,,0,,,,,,Auckland Region,Nil,2-way,Sealed,,0,0,,30,,On,1,0,10,76,Auckland,Stop,,,,,0,0,Urban,0,,,Heavy rain,Strong wind
1770901.2957,5901235.8493,779162,,523816,0,,0,1,,Null,2022/2023,PORCHESTER ROAD,RIVERTON DRIVE,,Non-Injury Crash,No,2023,,South,,0,,Flat,,,,,,Overcast,759715,0,0,0,2,,,0,,,,,,Auckland Region,Nil,2-way,Sealed,,0,0,,60,,Off,0,0,,76,Auckland,Give way,,,,,0,0,Urban,1,,,Fine,None
1756848.3749,5920374.9728,779168,,514102,0,,0,2,,Null,2024/2025,NELSON STREET,WELLESLEY STREET WEST,,Non-Injury Crash,No,2024,,North,,0,,Null,,,,,,Unknown,434101,0,0,0,5,,,0,,,,,,Auckland Region,Nil,1-way,Null,,0,0,,40,,Null,0,0,,76,Auckland,Traffic Signals,,,,,0,0,Urban,0,,,Null,Null
1755998.727,5914179.7217,779170,,518500,0,,0,2,,South,2023/2024,MCCULLOUGH AVENUE,SCOUT AVENUE,,Non-Injury Crash,No,2024,,North,,0,,Flat,,,,,,Overcast,562900,0,0,0,2,,,0,,,,,,Auckland Region,Nil,2-way,Sealed,,0,0,,50,,Off,0,0,,76,Auckland,Nil,,,,,0,0,Urban,0,,,Light rain,None
1754965.7694,5913583.253,779177,,518803,0,,0,1,,Null,2024/2025,DOMINION ROAD,DOMINION ROAD OFF RAMP,,Non-Injury Crash,No,2024,,South,,0,,Null,,,,,,Dark,581700,0,0,0,2,,,0,,,,,,Auckland Region,Nil,1-way,Sealed,,0,0,,50,,On,0,0,,76,Auckland,Traffic Signals,,,,,0,0,Urban,0,,,Null,Null
1755305.3965,5920736.8927,779184,,515302,0,0,0,1,0,North,2024/2025,BLAKE STREET,PROSFORD STREET,,Non-Injury Crash,No,2024,0,South,0,0,0,Hill Road,0,,0,,0,Bright sun,429300,0,0,0,2,0,0,0,0,1,,0,0,Auckland Region,Nil,2-way,Sealed,0,0,0,0,30,0,Off,1,0,,76,Auckland,Nil,0,0,0,0,0,0,Urban,0,0,0,Fine,Null
1746251.5777,5916943.1732,779186,,510800,0,0,0,3,0,Null,2024/2025,GREAT NORTH ROAD,NORCROSS AVENUE,,Minor Crash,No,2025,0,South,0,0,0,Hill Road,0,,0,,0,Overcast,243502,1,0,0,3,0,0,0,0,1,,0,1,Auckland Region,Nil,2-way,Sealed,0,0,0,0,50,0,None,0,0,,76,Auckland,Stop,0,0,0,0,0,0,Urban,0,0,0,Fine,Null
1769728.0308,5907364.7021,779193,,523713,0,,0,2,,Null,2024/2025,ORMISTON ROAD,CHAPEL ROAD,,Non-Injury Crash,No,2024,,East,,0,,Flat,,,,,,Bright sun,712302,0,0,0,2,,,0,,,,,,Auckland Region,Nil,1-way,Sealed,,0,0,,50,,Off,0,0,,76,Auckland,Traffic Signals,,,,,0,0,Urban,0,,,Fine,Null
1766886.3863,5903855.8748,779200,,524604,0,,0,2,,Null,2023/2024,LAMBIE DRIVE OFF RAMP,LAMBIE DRIVE,,Non-Injury Crash,No,2024,,West,,0,,Hill Road,,,,,,Dark,780210,0,0,0,2,,,0,,,,,,Auckland Region,Motorway ramp,1-way,Sealed,,0,0,,60,,On,0,0,,76,Auckland,Traffic Signals,,,,,0,0,Urban,0,,,Fine,Null
1765613.3925,5906904.7596,779201,,522301,1,,0,1,,Null,2024/2025,GREAT SOUTH ROAD,KOLMAR ROAD,,Minor Crash,No,2025,,North,,0,,Flat,,,,,,Dark,666800,1,0,0,3,,,0,,,,,,Auckland Region,Nil,2-way,Sealed,,0,0,,50,,On,0,0,,76,Auckland,Traffic Signals,,,,,0,0,Urban,0,,,Fine,Null
1764972.8438,5908246.8715,779217,,523404,1,,0,1,,Null,2024/2025,BAIRDS ROAD,GREAT SOUTH ROAD,,Non-Injury Crash,No,2024,,West,,0,,Flat,,,,,,Bright sun,696801,0,0,0,2,,,0,,,,,,Auckland Region,Nil,2-way,Sealed,,0,0,,50,,Null,0,0,,76,Auckland,Give way,,,,,0,0,Urban,0,,,Fine,Null
1758408.4395,5918357.0092,779258,15,517400,0,,0,2,,West,2023/2024,KHYBER PASS ROAD,OSBORNE STREET,,Non-Injury Crash,No,2023,,West,,0,,Flat,,,,,,Bright sun,451100,0,0,0,2,,,0,,,,,,Auckland Region,Nil,2-way,Sealed,,0,0,,50,,On,0,0,,76,Auckland,Nil,,,,,0,0,Urban,0,,,Fine,None
1762655.2321,5908111.3224,779265,,524530,0,0,0,1,0,Null,2024/2025,VINE STREET,CLEEK ROAD,,Non-Injury Crash,No,2024,0,East,0,0,0,Flat,0,,0,,1,Bright sun,732400,0,0,0,2,0,0,0,0,0,,0,0,Auckland Region,Nil,2-way,Sealed,0,0,0,0,50,0,Off,0,0,,76,Auckland,Give way,0,0,0,0,0,0,Urban,0,0,0,Fine,Null
1759017.4283,5906815.1197,779266,,524200,0,,0,1,,Null,2024/2025,KIRKBRIDE ROAD,VISCOUNT STREET,,Minor Crash,No,2024,,South,,0,,Flat,,,,,,Bright sun,726300,1,0,0,2,,,0,,,,,,Auckland Region,Nil,2-way,Sealed,,0,0,,50,,Off,0,0,,76,Auckland,Stop,,,,,0,0,Urban,1,,,Fine,Null
1729771.3462,5940295.9418,779281,,506800,0,,0,2,,Null,2024/2025,GARFIELD ROAD,COMMERCIAL ROAD,,Non-Injury Crash,No,2025,,North,,0,,Hill Road,,,,,,Overcast,208400,0,0,0,2,,,0,,,,,,Auckland Region,Nil,2-way,Sealed,,0,0,,50,,Off,0,0,,76,Auckland,Give way,,,,,0,0,Urban,0,,,Fine,Null
1756786.6434,5919474.215,779288,,514102,0,,0,1,,West,2024/2025,KARANGAHAPE ROAD,PITT STREET,,Minor Crash,No,2025,,East,,0,,Flat,,,,,,Dark,435604,2,0,0,4,,,0,,,1,,,Auckland Region,Nil,2-way,Sealed,,0,0,,30,,On,0,0,,76,Auckland,Nil,,,,,0,0,Urban,0,,,Fine,Null
1769307.0726,5907464.8588,779296,,523711,0,,0,1,,Null,2024/2025,ORMISTON ROAD,TE IRIRANGI DRIVE,,Non-Injury Crash,No,2024,,North,,0,,Flat,,,,,,Overcast,712304,0,0,0,4,,,0,,,,,,Auckland Region,Nil,2-way,Sealed,,0,0,,50,,Off,0,0,,76,Auckland,Traffic Signals,,,,,0,0,Urban,1,,,Light rain,Null
1757170.1666,5920938.7103,779297,,514101,0,0,0,2,0,West,2024/2025,STURDEE STREET,MARKET LANE,,Non-Injury Crash,No,2025,0,East,0,0,0,Flat,0,,0,,0,Bright sun,433003,0,0,0,4,0,0,0,0,1,,0,2,Auckland Region,Nil,1-way,Sealed,0,0,0,0,30,0,Off,0,0,,76,Auckland,Nil,0,0,0,0,0,0,Urban,0,0,0,Fine,Null
1762026.5403,5920732.2631,779298,,516400,0,0,0,1,0,West,2025/2026,TAMAKI DRIVE,HAPIMANA STREET,,Non-Injury Crash,No,2025,0,West,0,0,0,Flat,0,,0,,0,Dark,498700,0,0,0,2,0,0,0,0,1,,0,0,Auckland Region,Nil,1-way,Sealed,0,0,0,0,50,0,On,0,0,,76,Auckland,Nil,0,0,0,0,0,0,Urban,1,0,0,Fine,Null
1751172.7896,5915913.6073,779304,,514401,0,,0,2,,North,2024/2025,GREAT NORTH ROAD,VICTOR STREET,,Non-Injury Crash,No,2024,,South,,0,,Flat,,,,,,Bright sun,383400,0,0,0,4,,,0,,,,,,Auckland Region,Nil,2-way,Sealed,,0,0,,50,,Off,0,0,,76,Auckland,Nil,,,,,0,0,Urban,0,,,Fine,Null
1769647.0395,5901840.4297,779329,15,523814,0,,0,1,,Null,2024/2025,HILL ROAD-MANUREWA OFF RAMP,HILL ROAD,,Non-Injury Crash,No,2024,,South,,0,,Flat,,,,,,Bright sun,760702,0,0,0,2,,,0,,,,,,Auckland Region,Nil,1-way,Sealed,,0,0,,50,,Off,0,0,,76,Auckland,Traffic Signals,,,,,1,0,Urban,0,,,Fine,None
1789550.8199,5908734.3485,779336,,525202,0,0,0,1,1,East,2024/2025,CLEVEDON-KAWAKAWA ROAD,TOWNSON ROAD,,Minor Crash,No,2025,0,North,0,0,0,Flat,0,,0,,0,Overcast,764800,2,0,0,2,0,0,0,0,0,,0,0,Auckland Region,Nil,2-way,Sealed,0,0,0,0,80,0,None,0,0,,76,Auckland,Nil,0,0,0,0,0,0,Open,0,0,0,Fine,Null
1756115.9605,5924019.0585,779337,,509800,0,,0,2,,Null,2024/2025,STAFFORD ROAD ON RAMP,NORTHERN MOTORWAY,,Non-Injury Crash,No,2025,,North,,0,,Flat,,,,,,Dark,361100,0,0,0,1,,,0,,,,,,Auckland Region,Nil,1-way,Sealed,,0,0,,100,,On,0,0,,76,Auckland,Nil,,,,,0,0,Open,0,,,Fine,Null
1754142.665,5927722.7746,779345,,508310,0,0,0,3,0,North,2024/2025,MARLBOROUGH AVENUE,CHEQUERS AVENUE,,Non-Injury Crash,No,2024,0,East,0,0,0,Hill Road,0,,0,,0,Dark,200500,0,0,0,2,0,0,0,0,1,,0,0,Auckland Region,Nil,2-way,Sealed,0,0,0,0,50,0,None,0,0,,76,Auckland,Nil,0,0,0,0,0,0,Urban,0,0,0,Light rain,Null
1751693.2796,5917094.0433,779346,,514900,0,0,0,1,0,South,2023/2024,GREAT NORTH ROAD,ALFORD STREET,,Non-Injury Crash,No,2024,0,North,0,0,0,Flat,0,,0,,0,Dark,384701,0,0,0,4,0,1,0,0,0,,0,0,Auckland Region,Tunnel,2-way,Sealed,0,0,0,0,50,0,On,0,0,,76,Auckland,Nil,0,0,0,0,0,0,Urban,0,0,0,Fine,Null
1756974.6036,5915865.0149,779352,,518301,0,,0,2,,West,2024/2025,BALMORAL ROAD,PENRHYN ROAD,,Non-Injury Crash,No,2024,,East,,0,,Flat,,,,,,Dark,557000,0,0,0,4,,,0,,,,,,Auckland Region,Nil,2-way,Sealed,,0,0,,50,,On,0,0,,76,Auckland,Nil,,,,,0,0,Urban,0,,,Light rain,Null
1754520.9374,5916088.6436,779360,,517702,0,0,0,2,0,South,2023/2024,KINGSWAY AVENUE,SHORWELL STREET,,Non-Injury Crash,No,2023,0,North,0,0,0,Flat,0,,0,,0,Dark,540500,0,0,0,2,0,0,0,0,1,,0,0,Auckland Region,Nil,2-way,Sealed,0,0,0,0,50,0,On,0,0,,76,Auckland,Nil,0,0,0,0,0,0,Urban,0,0,0,Fine,Null
1771325.8268,5914002.2196,779377,,521602,0,0,0,2,0,West,2024/2025,UNION ROAD,WELLINGTON STREET,,Non-Injury Crash,No,2024,0,West,0,0,0,Hill Road,0,,0,,0,Overcast,648701,0,0,0,2,0,0,0,0,1,,0,0,Auckland Region,Nil,2-way,Sealed,0,0,0,0,50,0,Off,0,0,,76,Auckland,Nil,0,0,0,0,0,0,Urban,0,0,0,Fine,Null
1741685.5309,5927020.9917,779378,,513701,0,,0,1,,West,2024/2025,SH 16,BRIGHAM CK BR,,Minor Crash,Yes,2024,,South,,0,,Hill Road,,,,,,Bright sun,220200,1,0,0,3,,,0,,,,,,Auckland Region,Nil,2-way,Sealed,,0,0,,80,,Off,0,0,,76,Auckland,Nil,,,,,1,0,Open,0,,,Fine,Null
1746590.4948,5916581.5385,779392,,512500,0,,0,2,,Null,2023/2024,TE ATATU ROAD,TIRIMOANA ROAD,,Non-Injury Crash,No,2023,,South,,0,,Flat,,,,,,Dark,260000,0,0,0,2,,,0,,,,,,Auckland Region,Nil,2-way,Sealed,,0,0,,50,,On,0,0,,76,Auckland,Stop,,,,,0,0,Urban,0,,,Mist or Fog,Null
1765466.2621,5907108.325,779400,,522201,0,,0,1,,Null,2023/2024,GREAT SOUTH ROAD,SHIRLEY ROAD,,Non-Injury Crash,No,2024,,North,,0,,Flat,,,,,,Twilight,662300,0,0,0,2,,,0,,,,,,Auckland Region,Nil,2-way,Sealed,,0,0,,50,,On,1,0,,76,Auckland,Traffic Signals,,,,,0,0,Urban,0,,,Fine,Null
1755684.9499,5919732.6831,779401,,514000,0,0,0,1,0,South,2023/2024,PONSONBY ROAD,DOUGLAS STREET,,Non-Injury Crash,No,2024,0,North,0,0,0,Flat,0,,0,,0,Bright sun,414000,0,0,0,4,0,0,0,0,1,,0,0,Auckland Region,Nil,2-way,Sealed,0,0,0,0,40,0,Null,1,0,,76,Auckland,Nil,0,0,0,0,0,0,Urban,0,0,0,Fine,None
1768709.1093,5881913.9299,779402,,525910,0,0,0,1,0,North,2023/2024,DUBLIN STREET,CARDIFF STREET,,Non-Injury Crash,No,2024,0,South,0,0,1,Flat,0,,0,,1,Overcast,817902,0,0,0,2,0,0,0,0,0,,0,0,Auckland Region,Nil,2-way,Sealed,0,0,0,0,50,0,Off,0,0,,76,Auckland,Nil,0,0,0,0,0,0,Urban,0,0,0,Fine,Null
1758385.0299,5917726.3757,779410,,515700,0,,0,1,,Null,2023/2024,BROADWAY,CLOVERNOOK ROAD,,Non-Injury Crash,No,2024,,North,,0,,Flat,,,,,,Dark,443300,0,0,0,4,,,0,,,,,,Auckland Region,Underpass,2-way,Sealed,,0,0,,50,,On,0,0,,76,Auckland,Traffic Signals,,,,,1,0,Urban,0,,,Fine,Null
1758941.9036,5920383.8523,779417,,514101,0,,0,1,,South,2024/2025,THE STRAND,GLADSTONE ROAD,,Fatal Crash,Yes,2025,,South,,1,,Flat,,,,,,Bright sun,438223,0,0,0,3,,,0,,,2,,,Auckland Region,Nil,2-way,Sealed,,0,0,,50,,Off,0,0,,76,Auckland,Nil,,,,,1,0,Urban,0,,,Fine,Null
1761047.1284,5908807.6555,779432,,524404,0,0,0,1,0,South,2023/2024,HARANIA AVENUE,TINKLER PLACE,,Non-Injury Crash,No,2023,0,South,0,0,1,Flat,0,,0,,0,Overcast,730403,0,0,0,2,0,0,0,0,0,,0,0,Auckland Region,Nil,2-way,Sealed,0,0,0,0,50,0,Off,0,0,,76,Auckland,Nil,0,0,0,1,0,0,Urban,0,0,0,Light rain,Null
1767086.1533,5913085.435,779448,,522910,0,0,0,2,0,East,2023/2024,REEVES ROAD,WILLIAM ROBERTS ROAD,,Non-Injury Crash,No,2023,0,East,0,0,0,Hill Road,0,,0,,0,Dark,685100,0,0,0,2,0,0,0,0,1,,0,0,Auckland Region,Nil,2-way,Sealed,0,0,0,0,50,0,On,0,0,40,76,Auckland,Nil,0,0,0,0,0,0,Urban,0,0,0,Fine,Null
1756417.4715,5918730.3694,779449,,515600,0,,0,2,,Null,2024/2025,IAN MCKINNON DRIVE,DEVON STREET,,Minor Crash,No,2025,,North,,0,,Hill Road,,,,,,Bright sun,420100,1,0,0,4,,,0,,,,,,Auckland Region,Nil,2-way,Sealed,,0,0,,50,,Off,0,0,,76,Auckland,Give way,,,,,0,0,Urban,0,,,Fine,Null
1755854.7225,5921129.2454,779457,,515202,0,,0,4,,West,2025/2026,NORTHERN MOTORWAY,FANSHAWE STREET ON RAMP,,Non-Injury Crash,Yes,2025,,North,,0,,Flat,,,,,,Bright sun,425600,0,0,0,4,,,0,,,,,,Auckland Region,Motorway ramp,1-way,Sealed,,0,0,,80,,Off,0,0,,76,Auckland,Nil,,,,,0,0,Open,0,,,Fine,Null
1735195.397,5909015.907,779482,,513800,0,0,0,1,1,South,2023/2024,PIHA ROAD,HOME TRACK,,Non-Injury Crash,No,2023,0,South,0,0,0,Hill Road,0,,0,,0,Dark,282027,0,0,0,2,0,0,0,0,0,,0,0,Auckland Region,Nil,2-way,Sealed,0,0,0,0,60,0,None,0,0,,76,Auckland,Nil,0,0,0,0,0,0,Urban,0,0,0,Fine,Null
1771085.4887,5896564.0748,779490,,525540,0,0,0,3,0,South,2024/2025,SOUTHERN MOTORWAY,PAHUREHURE NO 2 BR,,Minor Crash,Yes,2025,0,South,0,0,0,Flat,2,,0,,0,Dark,806204,1,0,0,3,0,0,0,0,0,,0,0,Auckland Region,Nil,1-way,Sealed,0,0,0,0,100,0,On,0,0,,76,Auckland,Nil,0,0,0,0,0,0,Open,0,0,0,Heavy rain,Null
1768792.0552,5902815.6574,779496,,523820,0,,0,2,,North,2022/2023,SOUTHERN MOTORWAY,ORAMS OBR,,Non-Injury Crash,Yes,2023,,South,,0,,Flat,,,,,,Bright sun,760122,0,0,0,4,,,0,,,,,,Auckland Region,Nil,1-way,Sealed,,0,0,,100,,Off,0,0,,76,Auckland,Nil,,,,,0,0,Open,0,,,Fine,Null
1771505.0425,5906323.9882,779505,,523713,0,0,0,2,0,Null,2024/2025,KOROPA ROAD,HORSEFIELDS DRIVE,,Non-Injury Crash,No,2025,0,North,0,0,0,Flat,0,,0,,0,Overcast,712701,0,0,0,2,0,0,0,0,1,,0,0,Auckland Region,Nil,2-way,Sealed,0,0,0,0,50,0,Off,0,0,,76,Auckland,Give way,0,0,0,0,0,0,Urban,0,0,0,Light rain,Strong wind
1742077.2928,5919918.7081,779514,,513621,0,0,0,1,0,South,2023/2024,CROWS ROAD,PATRICK RICE DRIVE,,Non-Injury Crash,No,2024,0,North,0,0,0,Hill Road,0,,0,,0,Bright sun,226602,0,0,0,2,0,0,0,0,0,,0,1,Auckland Region,Nil,2-way,Sealed,0,0,0,0,50,0,Off,0,0,,76,Auckland,Nil,0,0,0,0,0,0,Urban,0,0,0,Fine,Null
1753495.3491,5912753.816,779529,,518901,0,0,0,2,0,North,2024/2025,PENNEY AVENUE,IRA STREET,,Non-Injury Crash,No,2024,0,South,0,0,0,Flat,0,,0,,0,Dark,585700,0,0,0,2,0,0,0,0,1,,0,0,Auckland Region,Nil,2-way,Sealed,0,0,0,0,50,0,On,0,0,,76,Auckland,Nil,0,0,0,0,0,0,Urban,0,0,0,Fine,Null
1759758.581,5916177.8398,779544,,516002,0,,0,2,,North,2022/2023,SOUTHERN MOTORWAY,GREEN LANE EAST ON RAMP,,Non-Injury Crash,Yes,2023,,North,,0,,Flat,,,,,,Overcast,492000,0,0,0,3,,,0,,,,,,Auckland Region,Nil,1-way,Sealed,,0,0,,100,,Off,0,0,,76,Auckland,Nil,,,,,0,0,Open,0,,,Light rain,Null
1751850.1777,5948740.124,779545,,505805,1,,0,0,,Null,2024/2025,MILTON ROAD,BEACH ROAD,,Minor Crash,No,2025,,South,,0,,Flat,,,,,,Bright sun,172402,1,0,0,2,,,0,,,,,,Auckland Region,Nil,2-way,Sealed,,0,0,,50,,Off,1,0,,76,Auckland,Nil,,,,,0,0,Urban,0,,,Fine,Null
1757233.1618,5918957.9081,779553,,514301,0,,0,1,,North,2025/2026,SOUTHERN MOTORWAY,GRAFTON OBR,,Minor Crash,Yes,2025,,North,,0,,Flat,,,,,,Dark,441200,1,0,0,3,,,0,,,1,,,Auckland Region,Nil,1-way,Sealed,,0,0,,80,,On,0,0,,76,Auckland,Nil,,,,,0,0,Open,0,,,Fine,Null
1748570.3691,5914277.0919,779554,25,511302,0,0,0,1,0,North,2024/2025,LYNWOOD ROAD,KOHEKOHE STREET,,Non-Injury Crash,No,2025,0,North,0,0,0,Flat,0,,1,,0,Dark,269000,0,0,0,2,0,0,0,0,0,,0,0,Auckland Region,Nil,2-way,Sealed,0,0,0,0,50,0,On,0,0,,76,Auckland,Nil,0,0,0,0,0,0,Urban,0,0,0,Fine,Null
1756042.2271,5917390.3451,779569,,518201,0,,0,1,,South,2025/2026,DOMINION ROAD,VALLEY ROAD,,Minor Crash,No,2025,,North,,0,,Flat,,,,,,Overcast,547800,1,1,0,2,,,0,,,,,,Auckland Region,Nil,1-way,Sealed,,0,0,,50,,Off,0,0,,76,Auckland,Nil,,,,,0,0,Urban,0,,,Fine,Null
1762930.8674,5912188.6484,779576,,519500,0,,0,1,,Null,2023/2024,GREAT SOUTH ROAD,SOUTHDOWN LANE,,Non-Injury Crash,No,2023,,South,,0,,Flat,,,,,,Dark,622700,0,0,0,4,,,0,,,,,,Auckland Region,Nil,2-way,Sealed,,0,0,,50,,On,1,0,,76,Auckland,Give way,,,,,0,0,Urban,1,,,Fine,Null
1757914.5744,5920176.5393,779577,,514103,0,,0,2,,West,2024/2025,SYMONDS STREET,CHARLES NALDEN LANE,,Non-Injury Crash,No,2025,,South,,0,,Null,,,,,,Bright sun,437300,0,0,0,4,,,0,,,,,,Auckland Region,Nil,2-way,Sealed,,0,0,,30,,Null,0,0,,76,Auckland,Nil,,,,,0,0,Urban,0,,,Fine,Null
1762540.5973,5905873.0836,779594,,524302,0,0,0,1,0,North,2023/2024,SOUTH-WESTERN MOTORWAY,PORTAGE OBR,,Non-Injury Crash,Yes,2024,0,South,0,0,0,Flat,1,,0,,0,Overcast,744800,0,0,0,2,0,0,0,0,0,,0,0,Auckland Region,Nil,1-way,Sealed,0,0,0,0,100,0,Off,0,0,,76,Auckland,Nil,0,0,0,0,0,0,Open,0,0,0,Fine,Null
1753823.327,5918351.3283,779601,,515002,0,,0,1,,Null,2024/2025,ST LUKES ROAD,GREAT NORTH ROAD,,Non-Injury Crash,No,2024,,North,,0,,Null,,,,,,Unknown,390501,0,0,0,2,,,0,,,,,,Auckland Region,Nil,1-way,Sealed,,0,0,,50,,Null,0,0,,76,Auckland,Traffic Signals,,,,,0,1,Urban,0,,,Null,Null
1754983.2332,5913597.9832,779618,,518803,0,,0,2,,North,2024/2025,DOMINION ROAD,DOMINION OBR,,Non-Injury Crash,No,2025,,South,,0,,Flat,,,,,,Bright sun,582500,0,0,0,4,,,0,,,,,,Auckland Region,Nil,2-way,Sealed,,0,0,,50,,Off,0,0,,76,Auckland,Nil,,,,,0,0,Urban,0,,,Fine,Null
1737308.6713,5929360.8577,779640,,505602,0,,0,0,,Null,2024/2025,MAIN ROAD,TAPU ROAD,,Serious Crash,Yes,2024,,East,,0,,Flat,,,,,,Bright sun,214900,0,0,1,2,,,0,,,,,,Auckland Region,Nil,2-way,Sealed,,0,1,,50,,On,1,0,30,76,Auckland,Stop,,,,,0,0,Urban,0,,,Fine,Null
1772462.1915,5896947.4179,779648,,525420,0,0,0,1,0,Null,2023/2024,COLES CRESCENT,GREAT SOUTH ROAD,,Non-Injury Crash,No,2023,0,North,0,0,0,Flat,0,,0,,1,Dark,791300,0,0,0,2,0,0,0,0,0,,0,0,Auckland Region,Nil,2-way,Sealed,0,0,0,0,50,0,On,0,0,,76,Auckland,Traffic Signals,0,0,0,0,0,0,Urban,0,0,0,Fine,Null
1764146.0178,5910253.989,779657,,521901,0,,0,1,,Null,2024/2025,ATKINSON AVENUE,ALBION ROAD,,Minor Crash,No,2025,,North,,0,,Flat,,,,,,Bright sun,782200,1,0,0,2,,,0,,,,,,Auckland Region,Nil,2-way,Sealed,,0,0,,50,,Off,1,0,30,76,Auckland,Stop,,,,,0,0,Urban,1,,,Light rain,Null
1743484.8402,5924804.2246,779658,,513410,0,,0,1,,East,2024/2025,GUNTON DRIVE,MAKI STREET,,Minor Crash,No,2024,,East,,0,,Flat,,,,,,Overcast,224000,1,0,0,2,,,0,,,1,,,Auckland Region,Nil,2-way,Sealed,,0,0,,50,,Off,0,0,,76,Auckland,Nil,,,,,0,0,Urban,0,,,Fine,Null
1773989.3138,5891146.8471,779664,,521301,0,0,0,1,1,North,2023/2024,FITZGERALD ROAD,BROOKFIELD ROAD,,Minor Crash,No,2024,1,North,0,0,0,Hill Road,0,,0,,0,Dark,808901,1,0,0,2,0,0,0,0,0,,0,0,Auckland Region,Nil,2-way,Sealed,0,0,0,0,80,0,None,0,0,,76,Auckland,Nil,0,0,0,0,0,0,Open,1,0,0,Light rain,Frost
1760420.7177,5913062.81,779666,,520000,0,,0,1,,Null,2023/2024,MOUNT SMART ROAD,WAITANGI ROAD,,Non-Injury Crash,No,2023,,East,,0,,Flat,,,,,,Dark,606201,0,0,0,2,,,0,,,,,,Auckland Region,Nil,2-way,Sealed,,0,0,,50,,On,0,0,,76,Auckland,Stop,,,,,0,0,Urban,1,,,Fine,Null
1767321.1064,5906368.8446,779672,,523601,0,0,0,1,0,North,2023/2024,SOUTHERN MOTORWAY,REAGAN OBR,,Non-Injury Crash,Yes,2024,0,South,0,0,0,Flat,2,,0,,0,Overcast,707900,0,0,0,3,0,0,0,0,0,,0,0,Auckland Region,Nil,1-way,Sealed,0,0,0,0,100,0,Off,0,0,,76,Auckland,Nil,0,0,0,0,0,0,Open,0,0,0,Mist or Fog,Null