X,Y,OBJECTID,advisorySpeed,areaUnitID,bicycle,bridge,bus,carStationWagon,cliffBank,crashDirectionDescription,crashFinancialYear,crashLocation1,crashLocation2,crashRoadSideRoad,crashSeverity,crashSHDescription,crashYear,debris,directionRoleDescription,ditch,fatalCount,fence,flatHill,guardRail,holiday,houseOrBuilding,intersection,kerb,light,meshblockId,minorInjuryCount,moped,motorcycle,NumberOfLanes,objectThrownOrDropped,otherObject,otherVehicleType,overBank,parkedVehicle,pedestrian,phoneBoxEtc,postOrPole,region,roadCharacter,roadLane,roadSurface,roadworks,schoolBus,seriousInjuryCount,slipOrFlood,speedLimit,strayAnimal,streetLight,suv,taxi,temporarySpeedLimit,tlaId,tlaName,trafficControl,trafficIsland,trafficSign,train,tree,truck,unknownVehicleType,urban,vanOrUtility,vehicle,waterRiver,weatherA,weatherB
1766591.9155,5904646.4523,779674,,524603,0,,0,2,,West,2023/2024,CAVENDISH DRIVE,LAMBIE DRIVE,,Non-Injury Crash,No,2024,,East,,0,,Flat,,,,,,Bright sun,780202,0,0,0,4,,,0,,,,,,Auckland Region,Nil,2-way,Sealed,,0,0,,50,,Null,0,0,,76,Auckland,Nil,,,,,0,0,Urban,0,,,Fine,Null
1769186.6735,5902443.2239,779680,,524901,0,,0,2,,South,2023/2024,SOUTHERN MOTORWAY,PUHINUI STM BR,,Non-Injury Crash,Yes,2023,,North,,0,,Flat,,,,,,Overcast,755000,0,0,0,3,,,0,,,,,,Auckland Region,Nil,1-way,Sealed,,0,0,,100,,Null,0,0,,76,Auckland,Nil,,,,,0,0,Open,1,,,Fine,Null
1752903.8043,5918156.4832,779681,,515003,0,,0,3,,East,2024/2025,NORTH-WESTERN MOTORWAY,GREAT NORTH ROAD OFF RAMP,,Non-Injury Crash,Yes,2025,,West,,0,,Flat,,,,,,Dark,390502,0,0,0,3,,,0,,,,,,Auckland Region,Nil,1-way,Sealed,,0,0,,100,,Off,0,0,,76,Auckland,Nil,,,,,0,0,Open,0,,,Heavy rain,Null
1749491.7322,5916918.411,779728,,514801,0,,0,0,,North,2023/2024,ROSEBANK ROAD,FREMLIN PLACE,,Non-Injury Crash,No,2024,,East,,0,,Flat,,,,,,Bright sun,389400,0,0,0,2,,,0,,,,,,Auckland Region,Nil,2-way,Sealed,,0,0,,50,,Off,1,0,,76,Auckland,Nil,,,,,0,0,Urban,1,,,Fine,Null
1756008.5624,5919028.274,779729,,515500,0,,0,1,,Null,2024/2025,GREAT NORTH ROAD,MACKELVIE STREET,,Serious Crash,No,2025,,North,,0,,Flat,,,,,,Bright sun,417800,0,0,1,4,,,0,,,,,,Auckland Region,Nil,2-way,Sealed,,0,1,,50,,Off,0,0,,76,Auckland,Give way,,,,,0,0,Urban,0,,,Fine,Null
1765862.3238,5900879.9987,779737,,524821,0,0,0,3,0,Null,2023/2024,ROSCOMMON ROAD,MONCRIEFF AVENUE,,Non-Injury Crash,No,2024,0,South,0,0,0,Flat,0,,2,,0,Dark,774403,0,0,0,2,0,0,0,0,1,,0,0,Auckland Region,Nil,2-way,Sealed,0,0,0,0,60,0,On,0,0,,76,Auckland,Give way,0,0,0,0,0,0,Urban,0,0,0,Mist or Fog,Null
1731134.6549,5943745.618,779761,,506646,0,0,0,0,0,East,2024/2025,KAIPARA COAST HIGHWAY,ABEL ROAD,,Non-Injury Crash,Yes,2024,0,East,1,0,0,Flat,0,,0,,0,Bright sun,211402,0,0,0,2,0,0,0,0,0,,0,1,Auckland Region,Nil,2-way,Sealed,0,0,0,0,100,0,Off,0,0,,76,Auckland,Nil,0,0,0,0,0,0,Open,1,0,0,Fine,Null
1763403.2194,5911182.1835,779770,,520500,0,,0,2,,South,2023/2024,GREAT SOUTH ROAD,BELL AVENUE,,Non-Injury Crash,No,2024,,North,,0,,Flat,,,,,,Overcast,637900,0,0,0,4,,,0,,,,,,Auckland Region,Nil,2-way,Sealed,,0,0,,50,,Off,0,0,,76,Auckland,Nil,,,,,0,0,Urban,0,,,Fine,Null
1770989.8767,5881567.5761,779778,,521111,0,,0,1,,Null,2023/2024,PUKEKOHE EAST ROAD,ANSELMI RIDGE ROAD,,Non-Injury Crash,No,2023,,East,,0,,Hill Road,,,,,,Bright sun,826905,0,0,0,2,,,0,,,,,,Auckland Region,Nil,2-way,Sealed,,0,0,,60,,None,0,0,,76,Auckland,Give way,,,,,0,0,Urban,1,,,Fine,Null
1752210.958,5937655.2554,779784,,506300,0,,0,3,,South,2023/2024,NORTHERN MOTORWAY,WRIGHT OBR,,Non-Injury Crash,Yes,2024,,South,,0,,Flat,,,,,,Bright sun,176105,0,0,0,2,,,0,,,,,,Auckland Region,Nil,1-way,Sealed,,0,0,,100,,Off,0,0,,76,Auckland,Nil,,,,,0,0,Open,0,,,Fine,Null
1758970.2021,5904613.41,779802,,524200,0,,0,2,,Null,2023/2024,VERISSIMO DRIVE,LANDING DRIVE,,Non-Injury Crash,No,2023,,West,,0,,Flat,,,,,,Overcast,727800,0,0,0,1,,,0,,,,,,Auckland Region,Nil,1-way,Sealed,,0,0,,50,,Off,0,0,,76,Auckland,Give way,,,,,0,0,Urban,0,,,Light rain,Null
1757033.3541,5916702.413,779810,35,518202,0,,0,2,,Null,2023/2024,MOUNT EDEN ROAD,NGAURUHOE STREET,,Non-Injury Crash,No,2024,,North,,0,,Flat,,,,,,Bright sun,550200,0,0,0,3,,,0,,,,,,Auckland Region,Nil,2-way,Sealed,,0,0,,50,,Off,0,0,,76,Auckland,Stop,,,,,0,0,Urban,0,,,Fine,None
1755945.4188,5917046.4198,779818,,518201,0,0,0,1,0,South,2024/2025,DOMINION ROAD,BURNLEY TERRACE,,Non-Injury Crash,No,2024,0,North,0,0,0,Null,0,,0,,0,Unknown,548200,0,0,0,2,0,0,0,0,1,,0,0,Auckland Region,Nil,2-way,Sealed,0,0,0,0,50,0,Null,0,0,,76,Auckland,Nil,0,0,0,0,0,1,Urban,0,0,0,Fine,Null
1753147.6809,5970560.1826,779833,,506661,0,0,0,0,1,Null,2025/2026,SANDSPIT ROAD,SHARP ROAD,,Minor Crash,No,2025,0,East,0,0,0,Hill Road,0,,0,,1,Bright sun,139302,2,0,0,2,0,0,0,0,0,,0,0,Auckland Region,Nil,2-way,Sealed,0,0,0,0,80,0,None,0,0,,76,Auckland,Stop,1,0,0,0,1,0,Open,0,0,0,Fine,Null
1754820.7215,5933505.8174,779865,,508804,0,,1,0,,South,2023/2024,EAST COAST ROAD,BROWNS BAY ROAD,,Non-Injury Crash,No,2023,,North,,0,,Null,,,,,,Unknown,156002,0,0,0,2,,,0,,,,,,Auckland Region,Nil,2-way,Sealed,,0,0,,50,,Null,1,0,,76,Auckland,Nil,,,,,0,0,Urban,0,,,Null,Null
1752127.6741,5914233.307,779866,,514402,0,,0,2,,West,2023/2024,TIVERTON ROAD,WHITNEY STREET,,Non-Injury Crash,No,2024,,East,,0,,Hill Road,,,,,,Dark,380900,0,0,0,4,,,0,,,,,,Auckland Region,Nil,2-way,Sealed,,0,0,,50,,On,0,0,,76,Auckland,Nil,,,,,0,0,Urban,0,,,Fine,Null
1744355.9329,5917602.507,779880,,510700,0,,0,1,,Null,2023/2024,STURGES ROAD,GEORDIE STREET,,Non-Injury Crash,No,2023,,South,,0,,Flat,,,,,,Overcast,239400,0,0,0,2,,,0,,,,,,Auckland Region,Nil,2-way,Sealed,,0,0,,50,,Off,0,0,,76,Auckland,Give way,,,,,0,0,Urban,1,,,Light rain,Null
1759705.3918,5903596.918,779897,,524200,0,,0,2,,East,2025/2026,TOM PEARCE DRIVE,GEOFFREY ROBERTS ROAD,,Minor Crash,No,2025,,East,,0,,Flat,,,,,,Dark,727200,1,0,0,3,,,0,,,,,,Auckland Region,Nil,2-way,Sealed,,0,0,,50,,On,0,0,,76,Auckland,Nil,,,,,0,0,Urban,0,,,Fine,Null
1752857.9409,5933217.9029,779912,,508807,0,,0,2,,East,2023/2024,ALBANY EXPRESSWAY,DATA WAY,,Non-Injury Crash,No,2023,,West,,0,,Hill Road,,,,,,Overcast,180405,0,0,0,4,,,0,,,,,,Auckland Region,Nil,2-way,Sealed,,0,0,,80,,Off,0,0,,76,Auckland,Nil,,,,,0,0,Open,1,,,Fine,Null
1768128.5744,5881621.0809,779920,,525910,0,0,0,1,0,Null,2023/2024,MONTGOMERY AVENUE,PRINCES STREET,,Non-Injury Crash,No,2023,0,North,0,0,0,Flat,0,,0,,0,Overcast,820100,0,0,0,2,0,0,0,0,0,,0,1,Auckland Region,Nil,2-way,Sealed,0,0,0,0,50,0,Off,0,0,,76,Auckland,Give way,0,0,0,0,0,0,Urban,0,0,0,Fine,Null
1754140.4644,5931395.9403,779937,,508805,0,,0,1,,Null,2024/2025,CONSTELLATION DRIVE,UPPER HARBOUR HIGHWAY,,Non-Injury Crash,No,2024,,West,,0,,Flat,,,,,,Bright sun,180826,0,0,0,4,,,0,,,,,,Auckland Region,Nil,2-way,Sealed,,0,0,,50,,Off,0,0,,76,Auckland,Traffic Signals,,,,,1,0,Urban,0,,,Fine,Null
1753646.0679,5932171.8099,779946,,508805,0,,0,0,,South,2023/2024,NORTHERN MOTORWAY,ROSEDALE OBR,,Non-Injury Crash,Yes,2023,,South,,0,,Flat,,,,,,Bright sun,180866,0,0,0,2,,,0,,,,,,Auckland Region,Nil,1-way,Sealed,,0,0,,100,,Off,1,0,,76,Auckland,Nil,,,,,0,0,Open,1,,,Fine,Null
1773256.1005,5892376.4396,779970,,521301,0,,0,2,,Null,2024/2025,GREAT SOUTH ROAD,YOUNG CRESCENT,,Minor Crash,No,2024,,South,,0,,Flat,,,,,,Bright sun,808701,1,0,0,2,,,0,,,,,,Auckland Region,Nil,2-way,Sealed,,0,0,,50,,Off,0,0,,76,Auckland,Stop,,,,,0,0,Urban,0,,,Fine,Null
1772465.2684,5896948.5909,779977,,525420,1,,0,1,,Null,2024/2025,COLES CRESCENT,GREAT SOUTH ROAD,,Non-Injury Crash,No,2025,,East,,0,,Flat,,,,,,Twilight,791300,0,0,0,2,,,0,,,,,,Auckland Region,Nil,2-way,Sealed,,0,0,,50,,On,0,0,,76,Auckland,Stop,,,,,0,0,Urban,0,,,Fine,Null
1765097.6603,5915247.6078,779986,,520301,0,,0,1,,Null,2024/2025,JELLICOE ROAD,DUNN ROAD,,Minor Crash,No,2024,,South,,0,,Flat,,,,,,Bright sun,628100,1,0,0,2,,,0,,,,,,Auckland Region,Nil,2-way,Sealed,,0,0,,50,,Off,1,0,,76,Auckland,Stop,,,,,0,0,Urban,0,,,Fine,Null
1769394.0642,5916273.55,780009,,522730,0,,0,1,,Null,2024/2025,PIGEON MOUNTAIN ROAD,SUNDERLANDS ROAD,,Non-Injury Crash,No,2024,,North,,0,,Hill Road,,,,,,Bright sun,678900,0,0,0,2,,,0,,,,,,Auckland Region,Nil,2-way,Sealed,,0,0,,50,,Off,1,0,,76,Auckland,Stop,,,,,0,0,Urban,0,,,Fine,Null
1769963.4245,5914732.764,780016,,522722,0,,1,1,,East,2023/2024,PAKURANGA ROAD,BUCKLANDS BEACH ROAD,,Minor Crash,No,2023,,West,,0,,Flat,,,,,,Overcast,681308,1,0,0,4,,,0,,,,,,Auckland Region,Nil,2-way,Sealed,,1,0,,60,,Off,0,0,,76,Auckland,Nil,,,,,0,0,Urban,0,,,Fine,Null
1772807.6118,5895960.402,780024,,525410,0,0,0,1,0,Null,2023/2024,GREAT SOUTH ROAD,WELLINGTON STREET,,Minor Crash,No,2023,0,South,0,0,0,Flat,0,,0,,0,Dark,793400,1,0,0,2,0,0,0,0,0,,0,0,Auckland Region,Nil,2-way,Sealed,0,0,0,0,50,0,On,0,0,,76,Auckland,Traffic Signals,0,0,0,1,0,0,Urban,0,0,0,Fine,Null
1759254.2045,5911773.6157,780025,,519820,0,0,0,1,0,Null,2024/2025,NEILSON STREET,GALWAY STREET,,Non-Injury Crash,No,2025,0,East,0,0,0,Flat,0,,0,,1,Bright sun,602401,0,0,0,2,0,0,0,0,0,,0,0,Auckland Region,Nil,2-way,Sealed,0,0,0,0,50,0,None,0,0,30,76,Auckland,Give way,0,0,0,1,0,0,Urban,0,0,0,Fine,Null
1747394.5291,5913690.7964,780033,,511100,0,,0,2,,Null,2024/2025,BOWERS ROAD,WEST COAST ROAD,,Non-Injury Crash,No,2025,,North,,0,,Flat,,,,,,Bright sun,286200,0,0,0,2,,,0,,,,,,Auckland Region,Nil,2-way,Sealed,,0,0,,50,,Null,0,0,,76,Auckland,Traffic Signals,,,,,0,0,Urban,0,,,Fine,Null
1749190.2149,5942599.3765,780041,,506003,0,0,0,1,0,Null,2024/2025,JACKSON WAY,EAST COAST ROAD,,Non-Injury Crash,No,2025,0,West,1,0,0,Flat,0,,0,,0,Dark,175814,0,0,0,2,0,0,0,0,0,,0,1,Auckland Region,Nil,2-way,Sealed,0,0,0,0,60,0,On,0,0,,76,Auckland,Stop,0,0,0,0,0,0,Urban,0,0,0,Fine,Null
1772740.9975,5896575.8409,780042,,525420,0,,0,0,,North,2024/2025,O'SHANNESSEY STREET,BROADWAY,,Serious Crash,No,2025,,South,,0,,Flat,,,,,,Overcast,792800,0,0,0,2,,,0,,,1,,,Auckland Region,Nil,2-way,Sealed,,0,1,,50,,Off,0,0,,76,Auckland,Nil,,,,,0,0,Urban,0,,,Fine,Null
1768045.9999,5904192.9961,780050,,524602,0,,0,1,,South,2023/2024,SOUTHERN MOTORWAY,SOUTH-WESTERN MOTORWAY,,Non-Injury Crash,Yes,2023,,North,,0,,Hill Road,,,,,,Dark,780501,0,0,0,3,,,0,,,,,,Auckland Region,Nil,1-way,Sealed,,0,0,,100,,None,0,0,,76,Auckland,Nil,,,,,0,0,Open,0,,,Fine,None
1766616.4916,5887631.9371,780056,,521122,0,0,0,0,0,North,2022/2023,GLENBROOK ROAD,CHARLES ROAD,,Minor Crash,No,2023,0,North,1,0,0,Flat,0,,0,,0,Dark,813001,1,0,1,2,0,0,0,0,0,,0,0,Auckland Region,Nil,2-way,Sealed,0,0,0,0,80,0,None,0,0,,76,Auckland,Nil,0,0,0,0,0,0,Open,0,0,0,Light rain,Null
1766780.6032,5907639.5707,780057,,523601,0,,0,0,,Null,2025/2026,EAST TAMAKI ROAD,FULTON CRESCENT,,Serious Crash,No,2025,,West,,0,,Flat,,,,,,Dark,708600,0,0,0,2,,,0,,,1,,,Auckland Region,Nil,1-way,Sealed,,0,1,,50,,On,0,0,,76,Auckland,Give way,,,,,0,0,Urban,0,,,Fine,Null
1754329.454,5917080.9415,780064,,517600,0,0,0,2,0,South,2022/2023,TAYLORS ROAD,SAINSBURY ROAD,,Minor Crash,No,2023,0,North,0,0,0,Flat,0,,0,,0,Dark,535100,1,0,0,1,0,0,0,0,1,,0,0,Auckland Region,Nil,2-way,Sealed,0,0,0,0,50,0,On,0,0,,76,Auckland,Nil,0,0,0,0,0,0,Urban,0,0,0,Light rain,Null
1758331.2374,5916871.3328,780081,,519200,0,0,0,1,0,East,2024/2025,MOUNT ST JOHN AVENUE,MANUKAU ROAD,,Non-Injury Crash,No,2025,0,East,0,0,0,Null,0,,0,,0,Twilight,613900,0,0,0,2,0,0,0,0,1,,0,0,Auckland Region,Nil,2-way,Sealed,0,0,0,0,30,0,Null,0,0,,76,Auckland,Nil,0,0,0,0,0,0,Urban,0,0,0,Fine,Null
1771947.4755,5898427.9924,780090,,523912,0,,0,2,,Null,2023/2024,PORCHESTER ROAD,MARENGO PARKWAY,,Non-Injury Crash,No,2023,,South,,0,,Flat,,,,,,Bright sun,765402,0,0,0,2,,,0,,,,,,Auckland Region,Nil,2-way,Sealed,,0,0,,50,,Off,0,0,,76,Auckland,Give way,,,,,0,0,Urban,0,,,Fine,Null
1775442.1395,5898006.8464,780106,,523813,0,0,0,1,0,North,2023/2024,TWIN PARKS RISE,TE ARAMANU CRESCENT,,Non-Injury Crash,No,2024,0,South,0,0,0,Flat,0,,0,,0,Dark,761602,0,0,0,2,0,0,0,0,0,,0,1,Auckland Region,Nil,2-way,Sealed,0,0,0,0,50,0,On,0,0,,76,Auckland,Nil,0,0,0,0,0,0,Urban,0,0,0,Fine,Null
1756438.039,5919378.0217,780114,,514000,0,,0,2,,Null,2023/2024,KARANGAHAPE ROAD,HOWE STREET,,Non-Injury Crash,No,2024,,East,,0,,Flat,,,,,,Overcast,413900,0,0,0,5,,,0,,,,,,Auckland Region,Nil,2-way,Sealed,,0,0,,30,,On,0,1,,76,Auckland,Give way,,,,,0,0,Urban,0,,,Light rain,Null
1753450.7263,5876152.7414,780121,,526103,0,0,0,2,0,North,2024/2025,QUEEN STREET,BOWEN STREET,,Non-Injury Crash,No,2025,0,North,0,0,0,Flat,0,Queens Birthday,0,,0,Dark,837300,0,0,0,2,0,0,0,0,1,,0,0,Auckland Region,Nil,2-way,Sealed,0,0,0,0,50,0,On,0,0,,76,Auckland,Nil,0,0,0,0,0,0,Urban,0,0,0,Fine,Null
1740160.0109,5928119.1817,780128,,505604,0,0,0,1,0,South,2022/2023,SH 16,OLD RAILWAY ROAD,,Non-Injury Crash,Yes,2023,0,North,1,0,0,Flat,0,,0,,0,Bright sun,214501,0,0,0,2,0,0,0,0,0,,0,0,Auckland Region,Nil,2-way,Sealed,0,0,0,0,80,0,Off,0,0,,76,Auckland,Nil,0,0,0,0,0,0,Open,1,0,0,Fine,Null
1750053.9721,5928441.8457,780130,,509100,0,,0,2,,North,2023/2024,UPPER HARBOUR MOTORWAY,TAUHINU OBR,,Non-Injury Crash,Yes,2024,,North,,0,,Hill Road,,,,,,Overcast,181304,0,0,0,2,,,0,,,,,,Auckland Region,Nil,1-way,Sealed,,0,0,,100,,Off,0,0,,76,Auckland,Nil,,,,,0,0,Open,0,,,Fine,Null
1769444.3198,5918790.4009,780136,,522601,0,0,0,3,0,South,2023/2024,HATTAWAY AVENUE,THE PARADE,,Minor Crash,No,2023,0,North,0,0,0,Flat,0,,0,,0,Dark,675500,1,0,0,2,0,0,0,0,1,,0,0,Auckland Region,Nil,2-way,Sealed,0,0,0,0,50,0,None,0,0,30,76,Auckland,Nil,0,0,0,0,0,0,Urban,0,0,0,Fine,Null
1783833.9798,5927130.7144,780137,25,520801,0,,0,0,,North,2024/2025,SEA VIEW ROAD,VIEW ROAD,,Non-Injury Crash,No,2025,,West,,0,,Flat,,,,,,Bright sun,515201,0,0,0,2,,,0,,,,,,Auckland Region,Nil,2-way,Sealed,,0,0,,30,,None,1,0,,76,Auckland,Nil,,,,,0,0,Urban,1,,,Fine,Null
1754024.5855,5935046.6302,780153,,507102,0,0,0,2,0,South,2024/2025,EAST COAST ROAD,JOHN DOWNS DRIVE,,Non-Injury Crash,No,2024,0,South,0,0,0,Flat,0,Christmas New Year,0,,0,Dark,158701,0,0,0,2,0,0,0,0,2,,0,0,Auckland Region,Nil,2-way,Sealed,0,0,0,0,50,0,On,0,0,,76,Auckland,Nil,0,0,0,0,0,0,Urban,2,1,0,Light rain,Null
1765379.2097,5904823.519,780154,,522400,0,,0,1,,Null,2022/2023,PUHINUI ROAD,WALLACE ROAD,,Minor Crash,No,2023,,East,,0,,Flat,,,,,,Bright sun,673303,1,0,0,2,,,0,,,,,,Auckland Region,Nil,2-way,Sealed,,0,0,,50,,Off,0,0,,76,Auckland,Give way,,,,,0,0,Urban,1,,,Fine,None
1768030.1392,5904471.6344,780162,65,523722,0,,0,1,,North,2023/2024,REDOUBT ROAD OFF RAMP,REDOUBT ROAD,,Non-Injury Crash,No,2023,,South,,0,,Flat,,,,,,Overcast,715805,0,0,0,2,,,0,,,,,,Auckland Region,Nil,1-way,Sealed,,0,0,,100,,Off,1,0,,76,Auckland,Nil,,,,,0,0,Open,0,,,Null,Strong wind
1767338.9176,5905069.4624,780169,,524603,0,,0,3,,South,2024/2025,GREAT SOUTH ROAD,RYAN PLACE,,Minor Crash,No,2025,,South,,0,,Flat,,,,,,Overcast,780304,1,0,0,4,,,0,,,,,,Auckland Region,Nil,2-way,Sealed,,0,0,,50,,Off,0,1,,76,Auckland,Nil,,,,,0,0,Urban,0,,,Fine,Null
1733517.2146,5934904.5358,780178,75,506653,0,0,0,1,0,West,2023/2024,OLD NORTH ROAD,TAYLOR ROAD,,Non-Injury Crash,No,2024,0,South,0,0,0,Hill Road,0,,0,,0,Bright sun,217701,0,0,0,2,0,0,0,0,0,,0,1,Auckland Region,Nil,2-way,Sealed,0,0,0,0,80,0,Off,0,0,,76,Auckland,Nil,0,0,0,0,0,0,Open,0,0,0,Fine,Null
1770666.8801,5897380.7762,780186,,523912,0,,0,0,,South,2024/2025,SOUTHERN MOTORWAY,PAHUREHURE NO 1 BR,,Minor Crash,Yes,2024,,North,,0,,Flat,,,,,,Bright sun,767803,1,0,0,3,,,0,,,,,,Auckland Region,Nil,1-way,Sealed,,0,0,,100,,Off,0,0,,76,Auckland,Nil,,,,,1,0,Open,1,,,Fine,Null
1760220.6955,5906271.1141,780192,,524200,0,0,0,1,0,West,2022/2023,MASSEY ROAD,PLUMLEY CRESCENT,,Non-Injury Crash,No,2023,0,West,0,0,1,Flat,0,,0,,0,Bright sun,728001,0,0,0,2,0,0,0,0,0,,0,0,Auckland Region,Nil,2-way,Sealed,0,0,0,0,50,0,Off,0,0,,76,Auckland,Nil,0,0,0,1,0,0,Urban,0,0,0,Fine,Null
1754609.5871,5928600.6908,780216,,508320,0,0,0,3,0,North,2023/2024,DIANA DRIVE,WELDENE AVENUE,,Minor Crash,No,2024,0,North,0,0,0,Flat,0,,0,,0,Dark,196700,1,0,0,2,0,0,0,0,2,,0,0,Auckland Region,Nil,2-way,Sealed,0,0,0,0,50,0,On,0,0,30,76,Auckland,Nil,0,0,0,0,0,0,Urban,0,0,0,Fine,Null
1750353.4982,5914510.5153,780226,,511303,0,,0,1,,Null,2024/2025,STOCK STREET,DRURY STREET,,Minor Crash,No,2025,,North,,0,,Flat,,,,,,Bright sun,265700,2,0,0,2,,,0,,,,,,Auckland Region,Nil,2-way,Sealed,,0,0,,50,,Off,0,0,,76,Auckland,Give way,,,,,0,0,Urban,1,,,Fine,Null
1775811.3586,5882637.5583,780232,,521160,0,,0,3,,North,2022/2023,SOUTHERN MOTORWAY,BOMBAY ON RAMP,,Non-Injury Crash,Yes,2023,,North,,0,,Flat,,,,,,Dark,827603,0,0,0,2,,,0,,,,,,Auckland Region,Nil,1-way,Sealed,,0,0,,110,,On,0,0,,76,Auckland,Nil,,,,,0,0,Open,2,,,Heavy rain,Strong wind
1764489.2549,5910385.2085,780248,,521801,0,0,0,2,0,South,2022/2023,HUTTON STREET,LUKE STREET,,Non-Injury Crash,No,2023,0,South,0,0,0,Flat,0,,0,,0,Dark,787000,0,0,0,2,0,0,0,0,1,,0,1,Auckland Region,Nil,2-way,Sealed,0,0,0,0,50,0,On,0,0,,76,Auckland,Nil,0,0,0,0,0,0,Urban,0,0,0,Mist or Fog,Null
1771360.2763,5897995.5647,780249,,523912,0,,0,2,,South,2023/2024,GREAT SOUTH ROAD,THE FURLONG,,Non-Injury Crash,No,2024,,North,,0,,Flat,,,,,,Dark,767812,0,0,0,4,,,0,,,,,,Auckland Region,Nil,2-way,Sealed,,0,0,,50,,On,0,0,,76,Auckland,Nil,,,,,0,0,Urban,0,,,Fine,Null
1752666.2663,5912420.1323,780250,,518901,0,,1,0,,Null,2024/2025,WHITE SWAN ROAD,GILLETTA ROAD,,Minor Crash,No,2024,,West,,0,,Flat,,,,,,Overcast,586600,1,0,0,2,,,0,,,1,,,Auckland Region,Nil,2-way,Sealed,,0,0,,50,,Off,0,0,30,76,Auckland,Stop,,,,,0,0,Urban,0,,,Fine,Null
1748456.3463,5969656.5375,780272,,505500,0,,0,1,,South,2022/2023,WOODCOCKS ROAD,CAMPBELL DRIVE,,Non-Injury Crash,No,2023,,East,,0,,Flat,,,,,,Bright sun,140500,0,0,0,2,,,0,,,,,,Auckland Region,Nil,2-way,Sealed,,0,0,,50,,Off,1,0,,76,Auckland,Nil,,,,,0,0,Urban,0,,,Fine,Null
1755997.0235,5913166.9038,780290,,518701,0,,0,3,,West,2022/2023,SOUTH-WESTERN MOTORWAY,HAYR OBR,,Non-Injury Crash,Yes,2023,,East,,0,,Flat,,,,,,Bright sun,569800,0,0,0,3,,,0,,,,,,Auckland Region,Nil,1-way,Sealed,,0,0,,100,,Off,0,1,,76,Auckland,Nil,,,,,0,0,Open,0,,,Fine,Null
1768376.2191,5903552.4427,780306,,523820,0,,1,1,,North,2023/2024,SOUTH-WESTERN MOTORWAY,SOUTHERN MOTORWAY,,Non-Injury Crash,Yes,2023,,South,,0,,Flat,,,,,,Overcast,760142,0,0,0,2,,,0,,,,,,Auckland Region,Motorway ramp,1-way,Sealed,,0,0,,100,,Off,0,0,,76,Auckland,Nil,,,,,0,0,Open,0,,,Fine,Null
1748836.9118,5913426.4261,780314,,511401,0,0,0,2,0,North,2022/2023,KAWEKA STREET,TITIRANGI ROAD,,Non-Injury Crash,No,2023,0,North,0,0,1,Flat,0,,0,,0,Dark,263400,0,0,0,2,0,0,0,0,1,,0,0,Auckland Region,Nil,2-way,Sealed,0,0,0,0,50,0,On,0,0,,76,Auckland,Nil,0,0,0,0,0,0,Urban,0,0,0,Fine,Null
1768456.8454,5911500.6437,780322,,523112,0,0,0,2,0,South,2022/2023,TRUGOOD DRIVE,TI RAKAU DRIVE,,Non-Injury Crash,No,2023,0,South,0,0,0,Flat,0,,0,,0,Overcast,711404,0,0,0,3,0,0,0,0,1,,0,0,Auckland Region,Nil,2-way,Sealed,0,0,0,0,50,0,Off,0,0,,76,Auckland,Nil,0,0,0,0,0,0,Urban,0,0,0,Fine,Null
1755121.7043,5914111.1838,780337,,518803,0,,0,2,,Null,2022/2023,DOMINION ROAD,MEMORIAL AVENUE,,Non-Injury Crash,No,2023,,South,,0,,Flat,,,,,,Dark,580700,0,0,0,2,,,0,,,,,,Auckland Region,Nil,2-way,Sealed,,0,0,,50,,On,0,0,,76,Auckland,Traffic Signals,,,,,0,0,Urban,0,,,Fine,None
1766665.6801,5912913.1586,780338,,522920,0,0,0,2,0,Null,2024/2025,TI RAKAU DRIVE,PAKURANGA HIGHWAY,,Minor Crash,No,2024,0,North,0,0,0,Flat,0,,0,,0,Bright sun,683800,1,0,0,6,0,0,0,0,0,,0,0,Auckland Region,Nil,2-way,Sealed,0,0,0,0,50,0,Off,0,0,,76,Auckland,Traffic Signals,0,1,0,0,0,0,Urban,0,0,0,Fine,Null
1756573.3516,5919994.3795,780353,,514000,0,,0,1,,Null,2023/2024,UNION STREET,WELLINGTON STREET,,Non-Injury Crash,No,2024,,West,,0,,Hill Road,,,,,,Twilight,417400,0,0,0,2,,,0,,,,,,Auckland Region,Overpass,1-way,Sealed,,0,0,,30,,Off,0,0,,76,Auckland,Give way,,,,,0,0,Urban,1,,,Fine,Null
1745236.6025,5919145.4879,780354,,513302,0,,0,0,,South,2024/2025,LINCOLN ROAD,TE PAI PLACE,,Minor Crash,No,2024,,South,,0,,Flat,,,,,,Overcast,230701,1,0,0,4,,,0,,,,,,Auckland Region,Nil,2-way,Sealed,,0,0,,50,,Off,2,0,,76,Auckland,Nil,,,,,0,0,Urban,1,,,Fine,Null
1752804.7404,5933218.6677,780377,,508807,0,,0,3,,South,2025/2026,ALBANY EXPRESSWAY,BUSH ROAD,,Non-Injury Crash,No,2025,,West,,0,,Hill Road,,,,,,Overcast,180405,0,0,0,2,,,0,,,,,,Auckland Region,Nil,1-way,Sealed,,0,0,,50,,Off,0,0,,76,Auckland,Nil,,,,,0,0,Urban,0,,,Light rain,Null