X,Y,OBJECTID,advisorySpeed,areaUnitID,bicycle,bridge,bus,carStationWagon,cliffBank,crashDirectionDescription,crashFinancialYear,crashLocation1,crashLocation2,crashRoadSideRoad,crashSeverity,crashSHDescription,crashYear,debris,directionRoleDescription,ditch,fatalCount,fence,flatHill,guardRail,holiday,houseOrBuilding,intersection,kerb,light,meshblockId,minorInjuryCount,moped,motorcycle,NumberOfLanes,objectThrownOrDropped,otherObject,otherVehicleType,overBank,parkedVehicle,pedestrian,phoneBoxEtc,postOrPole,region,roadCharacter,roadLane,roadSurface,roadworks,schoolBus,seriousInjuryCount,slipOrFlood,speedLimit,strayAnimal,streetLight,suv,taxi,temporarySpeedLimit,tlaId,tlaName,trafficControl,trafficIsland,trafficSign,train,tree,truck,unknownVehicleType,urban,vanOrUtility,vehicle,waterRiver,weatherA,weatherB
1759876.4177,5908759.2276,780385,,524403,0,,0,1,,Null,2025/2026,WALMSLEY ROAD,WALMSLEY ROAD OFF RAMP,,Non-Injury Crash,No,2025,,East,,0,,Hill Road,,,,,,Dark,729800,0,0,0,3,,,0,,,,,,Auckland Region,Motorway ramp,2-way,Sealed,,0,0,,60,,On,0,0,,76,Auckland,Traffic Signals,,,,,1,0,Urban,0,,,Heavy rain,Null
1759943.1913,5916094.0682,780392,,516002,0,,0,1,,East,2022/2023,GREEN LANE EAST OFF RAMP,SOUTHERN MOTORWAY,,Non-Injury Crash,No,2023,,East,,0,,Hill Road,,,,,,Dark,492100,0,0,0,1,,,0,,,,,,Auckland Region,Motorway ramp,1-way,Sealed,,0,0,,100,,On,0,0,,76,Auckland,Nil,,,,,0,0,Open,0,,,Fine,Null
1757690.9661,5918306.7768,780410,,514302,0,,0,1,,South,2024/2025,SOUTHERN MOTORWAY,KHYBER PASS ROAD ON RAMP,,Non-Injury Crash,Yes,2024,,South,,0,,Null,,,,,,Dark,442100,0,0,0,5,,,0,,,,,,Auckland Region,Nil,1-way,Sealed,,0,0,,80,,On,0,0,,76,Auckland,Nil,,,,,0,1,Open,0,,,Fine,Null
1780200.7247,5926992.5857,780417,,520801,0,0,0,0,0,East,2025/2026,OCEAN VIEW ROAD,GOODWIN AVENUE,,Fatal Crash,No,2025,0,East,0,1,0,Hill Road,0,Labour Weekend,0,,1,Bright sun,516507,0,0,1,2,0,0,0,0,0,,0,0,Auckland Region,Nil,2-way,Sealed,0,0,1,0,50,0,Off,0,0,,76,Auckland,Nil,0,0,0,1,0,0,Urban,0,0,0,Fine,Null
1764068.4789,5909812.5459,780425,,521901,0,0,1,0,0,West,2023/2024,MASON AVENUE,GREAT SOUTH ROAD,,Non-Injury Crash,No,2024,0,East,0,0,0,Flat,0,,0,,0,Overcast,784400,0,0,0,2,0,0,0,0,1,,0,0,Auckland Region,Nil,2-way,Sealed,0,0,0,0,30,0,Off,1,0,,76,Auckland,Nil,0,0,0,0,0,0,Urban,0,0,0,Fine,Null
1756190.5758,5918823.1597,780433,,515500,0,,0,2,,North,2023/2024,NORTH-WESTERN MOTORWAY,WAIMA FTBR,,Non-Injury Crash,Yes,2024,,North,,0,,Flat,,,,,,Overcast,417700,0,0,0,4,,,0,,,,,,Auckland Region,Nil,1-way,Sealed,,0,0,,80,,Off,0,0,,76,Auckland,Nil,,,,,0,0,Open,0,,,Fine,Null
1770696.2876,5897358.1646,780439,,523912,0,,0,2,,South,2022/2023,SOUTHERN MOTORWAY,PAHUREHURE NO 1 BR,,Minor Crash,Yes,2023,,South,,0,,Flat,,,,,,Dark,767803,1,0,0,3,,,0,,,,,,Auckland Region,Nil,1-way,Sealed,,0,0,,100,,On,0,0,,76,Auckland,Nil,,,,,0,0,Open,1,,,Fine,Null
1759721.6069,5906899.215,780447,,524111,0,0,0,2,0,North,2023/2024,ORLY AVENUE,STAVERTON CRESCENT,,Minor Crash,No,2023,0,North,0,0,1,Flat,0,,1,,0,Dark,740000,1,0,0,2,0,0,0,0,2,,1,0,Auckland Region,Nil,2-way,Sealed,0,0,0,0,50,0,On,0,0,,76,Auckland,Nil,0,0,0,0,1,0,Urban,0,0,0,Heavy rain,Strong wind
1763377.3688,5909150.706,780456,,521901,0,,0,2,,South,2024/2025,HANS STREET,WALMSLEY ROAD,,Non-Injury Crash,No,2024,,East,,0,,Flat,,,,,,Dark,783500,0,0,0,2,,,0,,,,,,Auckland Region,Nil,2-way,Sealed,,0,0,,50,,None,0,0,,76,Auckland,Nil,,,,,0,0,Urban,0,,,Fine,Null
1759438.3187,5915528.2665,780457,,519400,0,,0,2,,West,2024/2025,GREEN LANE WEST,MAUNGAKIEKIE AVENUE,,Non-Injury Crash,No,2025,,East,,0,,Null,,,,,,Bright sun,616600,0,0,0,4,,,0,,,,,,Auckland Region,Nil,2-way,Sealed,,0,0,,50,,Null,0,0,,76,Auckland,Nil,,,,,0,0,Urban,0,,,Fine,Null
1767782.1215,5906278.0215,780465,,523601,0,,0,2,,South,2024/2025,PRESTON ROAD,BAIRDS ROAD,,Minor Crash,No,2025,,South,,0,,Flat,,,,,,Bright sun,706800,2,0,0,2,,,0,,,,,,Auckland Region,Nil,2-way,Sealed,,0,0,,50,,Off,0,0,,76,Auckland,Nil,,,,,0,0,Urban,0,,,Fine,Null
1764180.0092,5910131.1036,780472,,521801,0,,0,2,,Null,2023/2024,PRINCES STREET,ATKINSON AVENUE,,Non-Injury Crash,No,2024,,South,,0,,Flat,,,,,,Bright sun,787300,0,0,0,2,,,0,,,,,,Auckland Region,Nil,2-way,Sealed,,0,0,,50,,None,0,0,,76,Auckland,Traffic Signals,,,,,0,0,Urban,0,,,Fine,None
1766574.7474,5913050.3231,780487,,522920,0,,0,2,,Null,2022/2023,TI RAKAU DRIVE,PALM AVENUE,,Minor Crash,No,2023,,North,,0,,Flat,,,,,,Bright sun,683900,1,0,0,6,,,0,,,,,,Auckland Region,Nil,2-way,Sealed,,0,0,,50,,Null,0,0,,76,Auckland,Give way,,,,,0,0,Urban,0,,,Fine,Null
1764851.8627,5906647.8252,780504,,522201,0,0,0,2,0,North,2024/2025,SHIRLEY ROAD,TRIMMER TERRACE,,Non-Injury Crash,No,2024,0,North,0,0,0,Flat,0,,0,,0,Dark,661800,0,0,0,2,0,0,0,0,1,,0,0,Auckland Region,Nil,2-way,Sealed,0,0,0,0,50,0,On,0,0,,76,Auckland,Nil,0,0,0,0,0,0,Urban,1,0,0,Fine,Null
1756184.1572,5924123.9428,780512,,509800,0,,0,2,,South,2024/2025,NORTHERN MOTORWAY,NORTHERN BUSWAY,,Non-Injury Crash,Yes,2025,,South,,0,,Flat,,,,,,Dark,361100,0,0,0,4,,,0,,,,,,Auckland Region,Nil,1-way,Sealed,,0,0,,80,,On,0,0,,76,Auckland,Nil,,,,,0,0,Open,0,,,Fine,Null
1758342.2964,5918321.7233,780521,,517400,0,0,0,1,0,North,2024/2025,YORK STREET,KENT STREET,,Non-Injury Crash,No,2024,0,North,0,0,0,Null,0,,0,,0,Dark,451200,0,0,0,1,0,0,0,0,1,,0,0,Auckland Region,Nil,1-way,Sealed,0,0,0,0,50,0,Null,0,0,,76,Auckland,Nil,0,0,0,0,0,0,Urban,0,0,0,Fine,Null
1763921.0451,5912588.7255,780529,,520500,0,,0,1,,Null,2024/2025,MOUNT WELLINGTON HIGHWAY,MOUNT WELLINGTON HWY ON RAMP,,Minor Crash,No,2025,,South,,0,,Hill Road,,,,,,Bright sun,637500,1,0,1,2,,,0,,,,,,Auckland Region,Motorway ramp,1-way,Sealed,,0,0,,50,,Off,0,0,,76,Auckland,Nil,,,,,0,0,Urban,0,,,Fine,Null
1747282.8073,5919675.3987,780543,,512300,0,,0,5,,North,2023/2024,TE ATATU ROAD,TE ATATU OBR,,Serious Crash,No,2024,,South,,0,,Flat,,,,,,Bright sun,252000,1,0,0,3,,,0,,,,,,Auckland Region,Overpass,1-way,Sealed,,0,1,,50,,Off,0,0,,76,Auckland,Nil,,,,,0,0,Urban,0,,,Fine,Null
1753822.3273,5930193.1305,780545,,508420,0,,0,1,,Null,2024/2025,SUNSET ROAD,TARGET ROAD,,Non-Injury Crash,No,2024,,North,,0,,Flat,,,,,,Bright sun,182710,0,0,0,1,,,0,,,,,,Auckland Region,Nil,1-way,Sealed,,0,0,,50,,Off,1,0,,76,Auckland,Give way,,,,,0,0,Urban,0,,,Fine,Null
1756453.452,5933839.5495,780552,,507300,0,0,0,2,0,North,2024/2025,GULF VIEW ROAD,VAUGHAN CRESCENT,,Non-Injury Crash,No,2025,0,South,0,0,0,Hill Road,0,,0,,0,Dark,154700,0,0,0,2,0,0,0,0,1,,0,0,Auckland Region,Nil,2-way,Sealed,0,0,0,0,50,0,On,0,0,,76,Auckland,Nil,0,0,0,0,0,0,Urban,0,0,0,Fine,Null
1755759.0286,5920559.9138,780559,,514000,0,,0,1,,South,2022/2023,COLLEGE HILL,WOOD STREET,,Non-Injury Crash,No,2023,,South,,0,,Hill Road,,,,,,Overcast,415800,0,0,0,4,,,0,,,,,,Auckland Region,Nil,2-way,Sealed,,0,0,,50,,Off,1,0,,76,Auckland,Nil,,,,,0,0,Urban,0,,,Fine,Null
1751849.1791,5912406.7291,780568,,514700,0,0,0,1,0,West,2024/2025,DONOVAN STREET,RATHLIN STREET,,Non-Injury Crash,No,2025,0,West,0,0,0,Null,0,,0,,0,Twilight,368900,0,0,0,3,0,0,0,0,1,,0,0,Auckland Region,Nil,2-way,Null,0,0,0,0,50,0,Null,0,0,,76,Auckland,Nil,0,0,0,0,0,1,Urban,0,0,0,Fine,Null
1762678.452,5914933.4839,780569,25,520302,0,,0,2,,West,2023/2024,ELLERSLIE-PANMURE HIGHWAY,HARRISON ROAD,,Non-Injury Crash,No,2023,,West,,0,,Flat,,Labour Weekend,,,,Bright sun,625104,0,0,0,4,,,0,,,,,,Auckland Region,Nil,2-way,Sealed,,0,0,,50,,Off,0,0,,76,Auckland,Nil,,,,,0,0,Urban,0,,,Fine,None
1765066.0952,5910202.7681,780584,,521801,0,,0,2,,South,2024/2025,SOUTHERN MOTORWAY,PRINCES OBR,,Minor Crash,Yes,2025,,North,,0,,Flat,,,,,,Bright sun,787700,1,0,0,3,,,0,,,,,,Auckland Region,Nil,1-way,Sealed,,0,0,,100,,On,0,0,,76,Auckland,Nil,,,,,0,0,Open,0,,,Fine,Null
1769709.2179,5904686.4728,780592,,523820,0,,0,2,,Null,2022/2023,REDOUBT ROAD,HILLTOP ROAD,,Non-Injury Crash,No,2023,,West,,0,,Flat,,,,,,Bright sun,760000,0,0,0,2,,,0,,,,,,Auckland Region,Nil,2-way,Sealed,,0,0,,50,,Off,0,0,,76,Auckland,Give way,,,,,0,0,Urban,0,,,Fine,None
1755382.4736,5928194.6842,780600,,507900,0,,0,1,,East,2023/2024,ARCHERS ROAD,LOCKET ROAD,,Non-Injury Crash,No,2024,,East,,0,,Null,,,,,,Unknown,305100,0,0,0,2,,,0,,,,,,Auckland Region,Nil,2-way,Sealed,,0,0,,50,,Null,0,0,,76,Auckland,Nil,,,,,0,0,Urban,1,,,Null,Null
1759298.7876,5916637.5255,780608,,516001,0,0,0,2,0,South,2023/2024,SOUTHERN MOTORWAY,MARKET OBR,,Non-Injury Crash,Yes,2024,0,South,0,0,0,Flat,1,,0,,0,Overcast,491700,0,0,0,4,0,0,0,0,0,,0,0,Auckland Region,Nil,1-way,Sealed,0,0,0,0,100,0,Off,0,0,,76,Auckland,Nil,0,0,0,0,0,0,Open,0,0,0,Light rain,Null
1771199.9336,5896147.3068,780609,,521201,0,0,0,1,0,North,2023/2024,SOUTHERN MOTORWAY,PAPAKURA ON RAMP,,Non-Injury Crash,Yes,2024,0,North,0,0,0,Flat,0,,0,,0,Overcast,806604,0,0,0,3,0,0,0,0,0,,0,0,Auckland Region,Nil,1-way,Sealed,2,0,0,0,100,0,Off,0,0,,76,Auckland,Nil,0,0,0,0,0,0,Open,0,0,0,Fine,Null
1755356.865,5929435.4275,780616,,508420,0,,0,1,,North,2024/2025,NORTHERN MOTORWAY,TRISTRAM AVENUE ON RAMP,,Non-Injury Crash,Yes,2024,,Null,,0,,Flat,,,,,,Unknown,183800,0,0,1,3,,,0,,,,,,Auckland Region,Nil,1-way,Sealed,,0,0,,100,,Null,0,0,,76,Auckland,Nil,,,,,0,0,Open,0,,,Null,Null
1755004.9804,5917755.2564,780639,,517500,0,,0,1,,East,2023/2024,NEW NORTH ROAD,WESTERN SPRINGS ROAD,,Minor Crash,No,2023,,East,,0,,Flat,,,,,,Dark,530600,2,1,0,4,,,0,,,,,,Auckland Region,Nil,2-way,Sealed,,0,0,,50,,On,0,0,,76,Auckland,Nil,,,,,0,0,Urban,0,,,Fine,Null
1745305.2687,5914932.544,780641,,512903,0,0,0,2,0,South,2024/2025,SEYMOUR ROAD,ROSANDICH DRIVE,,Non-Injury Crash,No,2024,0,South,0,0,0,Flat,0,,0,,0,Overcast,278108,0,0,0,2,0,0,0,0,1,,0,0,Auckland Region,Nil,2-way,Sealed,0,0,0,0,50,0,Off,0,0,,76,Auckland,Nil,0,0,0,0,0,0,Urban,0,0,0,Fine,Null
1769273.6969,5908657.0587,780648,,523113,0,0,0,0,0,West,2024/2025,KORDEL PLACE,ACCENT DRIVE,,Non-Injury Crash,No,2025,0,East,0,0,0,Null,0,,0,,0,Unknown,711901,0,0,0,2,0,0,0,0,1,,0,0,Auckland Region,Nil,2-way,Sealed,0,0,0,0,50,0,Null,1,0,,76,Auckland,Nil,0,0,0,0,1,0,Urban,0,0,0,Fine,Null
1769849.7848,5882803.8776,780657,,525910,0,,0,1,,Null,2024/2025,VALLEY ROAD,CAPE HILL ROAD,,Minor Crash,No,2025,,North,,0,,Flat,,,,,,Overcast,816514,1,0,1,1,,,0,,,,,,Auckland Region,Nil,2-way,Sealed,,0,0,,50,,Off,0,0,,76,Auckland,Give way,,,,,0,0,Urban,0,,,Light rain,Null
1751325.3929,5949735.5177,780664,,505805,0,,0,2,,Null,2024/2025,CENTREWAY ROAD,FLORENCE AVENUE,,Non-Injury Crash,No,2025,,North,,0,,Flat,,,,,,Dark,171500,0,0,0,1,,,0,,,,,,Auckland Region,Nil,1-way,Sealed,,0,0,,50,,On,0,0,,76,Auckland,Give way,,,,,0,0,Urban,0,,,Fine,Null
1752901.4379,5933210.0178,780687,,508701,0,,0,2,,Null,2022/2023,ALBANY EXPRESSWAY,DATA WAY,,Non-Injury Crash,No,2023,,East,,0,,Hill Road,,,,,,Overcast,178900,0,0,0,2,,,0,,,,,,Auckland Region,Nil,1-way,Sealed,,0,0,,50,,Off,1,0,,76,Auckland,Give way,,,,,0,0,Urban,0,,,Fine,Null
1771574.9999,5906888.9961,780688,45,523713,0,,0,2,,Null,2022/2023,DISHYS ROAD,RUIA ROAD,,Non-Injury Crash,No,2023,,West,,0,,Flat,,,,,,Bright sun,712600,0,0,0,2,,,0,,,,,,Auckland Region,Nil,2-way,Sealed,,0,0,,50,,Null,0,0,,76,Auckland,Give way,,,,,0,0,Urban,0,,,Fine,None
1756171.9999,5924181.9961,780689,,509800,0,,0,2,,Null,2022/2023,NORTHERN MOTORWAY,ONEWA ROAD OFF RAMP,,Non-Injury Crash,Yes,2023,,North,,0,,Flat,,,,,,Dark,361100,0,0,0,5,,,0,,,,,,Auckland Region,Nil,1-way,Sealed,,0,0,,50,,On,0,0,,76,Auckland,Nil,,,,,0,0,Urban,0,,,Null,None
1768215.7627,5912597.3997,780695,,523000,0,,0,1,,Null,2022/2023,GOSSAMER DRIVE,BLYTON LANE,,Non-Injury Crash,No,2023,,North,,0,,Flat,,,,,,Twilight,689100,0,0,0,2,,,0,,,,,,Auckland Region,Nil,2-way,Sealed,,0,0,,50,,On,1,0,,76,Auckland,Give way,,,,,0,0,Urban,0,,,Fine,Null
1765162.0231,5898468.2068,780727,,524811,0,,0,0,,Null,2023/2024,OFF ROAD - PARK,,,Serious Crash,No,2023,,West,,0,,Hill Road,,,,,,Bright sun,773901,1,0,1,,,,0,,,2,,,Auckland Region,Nil,Off road,Sealed,,0,1,,,,None,0,0,,76,Auckland,Nil,,,,,0,0,Urban,0,,,Fine,Null
1765851.3209,5905673.7122,780728,,522202,0,,0,2,,North,2024/2025,CARRUTH ROAD,VICTORIA ROAD,,Minor Crash,No,2024,,South,,0,,Flat,,,,,,Bright sun,665300,1,0,0,2,,,0,,,,,,Auckland Region,Nil,2-way,Sealed,,0,0,,50,,Off,0,0,,76,Auckland,Nil,,,,,0,0,Urban,0,,,Fine,Null
1758904.9327,5903149.2376,780735,,524200,0,,0,2,,East,2022/2023,RAY EMERY DRIVE,INTERNATIONAL MAIN ENT,,Non-Injury Crash,No,2023,,West,,0,,Flat,,,,,,Dark,727200,0,0,0,2,,,0,,,,,,Auckland Region,Speed hump,1-way,Sealed,,0,0,,30,,On,0,0,,76,Auckland,Nil,,,,,0,0,Urban,0,,,Light rain,Null
1771756.7624,5894458.841,780752,,521201,0,,0,1,,South,2025/2026,SOUTHERN MOTORWAY,PAPAKURA OFF RAMP,,Non-Injury Crash,Yes,2025,,North,,0,,Null,,,,,,Dark,806700,0,0,0,2,,,0,,,,,,Auckland Region,Nil,1-way,Sealed,,0,0,,100,,Null,0,0,,76,Auckland,Nil,,,,,0,1,Open,0,,,Null,Null
1756387.5706,5920012.2301,780769,,514000,0,,0,1,,Null,2023/2024,WELLINGTON STREET,HOWE STREET,,Non-Injury Crash,No,2024,,West,,0,,Hill Road,,,,,,Dark,413100,0,0,0,2,,,0,,,,,,Auckland Region,Nil,2-way,Sealed,,0,0,,30,,On,1,0,,76,Auckland,Give way,,,,,0,0,Urban,0,,,Fine,Null
1769892.2237,5899550.0789,780775,,523911,0,,0,0,,South,2022/2023,SOUTHERN MOTORWAY,TAKANINI RAIL OBR,,Non-Injury Crash,Yes,2023,,South,,0,,Hill Road,,,,,,Dark,766500,0,0,0,3,,,0,,,,,,Auckland Region,Nil,1-way,Sealed,,0,0,,100,,On,2,0,,76,Auckland,Nil,,,,,0,0,Open,0,,,Fine,Null
1779252.1758,5915456.5673,780777,,523300,0,,0,1,,Null,2024/2025,OFF ROAD BEACHLAND CARPARK,,,Minor Crash,No,2025,,North,,0,,Flat,,,,,,Bright sun,718900,2,0,0,,,,0,,,,,,Auckland Region,Nil,Off road,Sealed,,0,0,,,,Off,0,0,,76,Auckland,Nil,,,,,0,0,Urban,1,,,Fine,Frost
1747661.5926,5919464.626,780783,,512402,0,,0,3,,Null,2022/2023,NORTH-WESTERN MOTORWAY,TE ATATU ROAD OFF RAMP,,Non-Injury Crash,Yes,2023,,West,,0,,Flat,,,,,,Dark,253700,0,0,0,4,,,0,,,,,,Auckland Region,Nil,1-way,Sealed,,0,0,,100,,On,0,0,,76,Auckland,Nil,,,,,0,0,Open,0,,,Mist or Fog,Null
1758828.6493,5911508.0977,780793,,519820,0,0,0,1,0,North,2024/2025,SOUTH-WESTERN MOTORWAY,NEILSON STREET ON RAMP,,Non-Injury Crash,Yes,2024,1,South,0,0,0,Flat,1,,0,,0,Dark,602402,0,0,0,3,0,0,0,0,0,,0,0,Auckland Region,Nil,1-way,Sealed,0,0,0,0,100,0,On,1,0,,76,Auckland,Nil,0,0,0,0,0,0,Open,0,0,0,Light rain,Null
1759083.2618,5910361.7608,780801,,524002,1,,0,0,,Null,2024/2025,WATERFRONT ROAD,KIWI ESPLANADE,,Minor Crash,No,2025,,North,,0,,Flat,,,,,,Bright sun,721900,1,0,0,2,,,0,,,,,,Auckland Region,Nil,2-way,Sealed,,0,0,,50,,Off,0,0,,76,Auckland,Give way,,,,,0,0,Urban,1,,,Fine,Null
1744732.8727,5917911.3267,780809,,510700,0,,0,1,,Null,2024/2025,STURGES ROAD,ISABELLA LANE,,Non-Injury Crash,No,2024,,North,,0,,Flat,,,,,,Bright sun,239501,0,0,0,2,,,0,,,,,,Auckland Region,Nil,2-way,Sealed,,0,0,,50,,Off,0,0,,76,Auckland,Traffic Signals,,,,,0,0,Urban,1,,,Fine,Null
1769373.5601,5904209.9454,780817,,523820,0,,0,1,,North,2024/2025,GOODWOOD DRIVE,RIBBONWOOD CRESCENT,,Non-Injury Crash,No,2024,,North,,0,,Null,,,,,,Bright sun,760135,0,0,0,2,,,0,,,,,,Auckland Region,Nil,2-way,Sealed,,0,0,,50,,Null,0,0,,76,Auckland,Nil,,,,,0,0,Urban,0,,,Fine,Null
1751143.8697,5918005.6165,780825,,514801,0,,0,1,,East,2024/2025,SH 20,NORTH-WESTERN MOTORWAY,,Non-Injury Crash,Yes,2025,,West,,0,,Flat,,,,,,Bright sun,390402,0,0,0,2,,,0,,,,,,Auckland Region,Nil,1-way,Sealed,,0,0,,80,,Off,0,0,,76,Auckland,Nil,,,,,0,0,Open,1,,,Fine,Null
1739438.342,5977609.2,780855,,506660,0,0,0,0,0,North,2023/2024,SH 1,RIVER ROAD,,Non-Injury Crash,Yes,2023,0,East,0,0,0,Flat,1,Labour Weekend,0,,0,Dark,136700,0,0,0,2,0,0,0,0,0,,0,0,Auckland Region,Nil,2-way,Sealed,0,0,0,0,80,0,None,0,0,,76,Auckland,Nil,0,0,0,0,0,0,Open,1,0,0,Fine,Null
1747683.2368,5912829.3745,780856,,511100,0,0,0,2,0,South,2024/2025,PLEASANT ROAD,MATAKI WAY,,Minor Crash,No,2025,0,South,0,0,0,Hill Road,0,,0,,0,Overcast,287806,2,0,0,2,0,0,0,0,0,,0,1,Auckland Region,Nil,2-way,Sealed,0,0,0,0,50,0,Off,0,0,,76,Auckland,Nil,0,0,0,0,1,0,Urban,0,0,0,Heavy rain,Strong wind
1773107.3196,5898401.2688,780865,,523912,0,,0,2,,Null,2024/2025,WALTERS ROAD,GROVE ROAD,,Non-Injury Crash,No,2024,,West,,0,,Flat,,,,,,Dark,765410,0,0,0,2,,,0,,,,,,Auckland Region,Nil,2-way,Sealed,,0,0,,50,,On,0,0,,76,Auckland,Give way,,,,,0,0,Urban,0,,,Fine,Null
1749168.2643,5970626.6573,780871,45,505500,0,,0,0,,East,2023/2024,QUEEN STREET,MILL LANE,,Minor Crash,No,2024,,West,,0,,Flat,,,,,,Overcast,140300,1,0,0,2,,,0,,,1,,,Auckland Region,Nil,2-way,Sealed,,0,0,,50,,Off,0,0,,76,Auckland,Nil,,,,,0,0,Urban,1,,,Fine,Null
1766042.909,5880843.7076,780879,,521112,0,0,0,2,0,Null,2023/2024,RUSSELL ROAD,RIFLE RANGE ROAD,,Non-Injury Crash,No,2024,0,South,0,0,0,Flat,0,,0,,0,Dark,825700,0,0,0,0,0,0,0,0,0,,0,1,Auckland Region,Nil,2-way,Sealed,0,0,0,0,60,0,Off,0,0,,76,Auckland,Nil,0,0,0,0,0,0,Urban,0,0,0,Fine,Null
1746298.3064,5918589.3902,780880,,512401,0,,0,2,,South,2024/2025,EDMONTON ROAD,ANNETTE AVENUE,,Non-Injury Crash,No,2024,,North,,0,,Flat,,,,,,Bright sun,256000,0,0,0,2,,,0,,,,,,Auckland Region,Nil,2-way,Sealed,,0,0,,50,,Off,0,0,,76,Auckland,Nil,,,,,0,0,Urban,0,,,Fine,Null
1745305.7491,5919732.6979,780911,,513301,0,,0,1,,Null,2024/2025,LINCOLN ROAD,UNIVERSAL DRIVE,,Minor Crash,No,2024,,North,,0,,Flat,,,,,,Bright sun,232001,1,0,0,6,,,0,,,,,,Auckland Region,Nil,2-way,Sealed,,0,0,,50,,Off,0,0,,76,Auckland,Traffic Signals,,,,,1,0,Urban,0,,,Fine,Null
1755090.1737,5930754.8864,780912,,508520,0,0,0,1,0,South,2024/2025,SYCAMORE DRIVE,MOWBRAY PLACE,,Non-Injury Crash,No,2024,0,South,0,0,0,Hill Road,0,,0,,0,Dark,192500,0,0,0,2,0,0,0,0,1,,0,0,Auckland Region,Nil,2-way,Sealed,0,0,0,0,50,0,On,1,0,,76,Auckland,Nil,0,0,0,0,0,0,Urban,0,0,0,Light rain,Null
1757483.7776,5919683.1231,780919,,514301,0,,0,1,,North,2023/2024,SYMONDS STREET,WAKEFIELD STREET,,Serious Crash,No,2024,,South,,0,,Hill Road,,,,,,Overcast,440600,0,0,1,4,,,0,,,,,,Auckland Region,Nil,2-way,Sealed,,0,1,,30,,Off,0,0,,76,Auckland,Nil,,,,,0,0,Urban,0,,,Fine,Null
1763713.5478,5904586.3909,780920,,524604,0,,0,1,,Null,2024/2025,SOUTH-WESTERN MOTORWAY,PUHINUI ROAD-SH 20B ON RAMP,,Non-Injury Crash,Yes,2025,,North,,0,,Hill Road,,,,,,Overcast,780902,0,0,0,2,,,0,,,,,,Auckland Region,Nil,1-way,Sealed,,0,0,,100,,Off,0,0,,76,Auckland,Nil,,,,,0,0,Open,1,,,Fine,Null
1749049.043,5927760.1613,780927,,509100,0,,0,1,,West,2023/2024,UPPER HARBOUR MOTORWAY,TAUHINU ROAD OFF RAMP,,Minor Crash,Yes,2024,,East,,0,,Hill Road,,,,,,Overcast,181703,1,0,0,3,,,0,,,,,,Auckland Region,Bridge,1-way,Sealed,,0,0,,100,,Off,2,0,,76,Auckland,Nil,,,,,0,0,Open,2,,,Fine,Null
1778011.4829,5894726.3879,780935,,521301,0,0,0,1,1,West,2023/2024,HUNUA ROAD,HAYS CREEK ROAD,,Non-Injury Crash,No,2023,0,East,0,0,0,Flat,0,Labour Weekend,0,,0,Dark,807900,0,0,0,2,0,0,0,0,0,,0,0,Auckland Region,Nil,2-way,Sealed,0,0,0,0,60,0,None,0,0,,76,Auckland,Nil,0,0,0,0,0,0,Urban,0,0,0,Fine,Null
1748332.0892,5912479.1207,780936,,511902,0,,0,0,,Null,2024/2025,WEST LYNN ROAD,DE VAL DRIVE,,Minor Crash,No,2025,,South,,0,,Hill Road,,,,,,Bright sun,291101,1,1,0,2,,,0,,,,,,Auckland Region,Nil,2-way,Sealed,,0,0,,50,,Off,1,0,,76,Auckland,Nil,,,,,0,0,Urban,0,,,Fine,Null
1764239.6654,5917515.8097,780937,,516301,0,0,0,2,0,North,2023/2024,ST JOHNS ROAD,COLLEGE ROAD,,Non-Injury Crash,No,2024,0,South,0,0,0,Flat,0,,0,,0,Dark,462400,0,0,0,2,0,0,0,0,1,,0,0,Auckland Region,Nil,2-way,Sealed,0,0,0,0,50,0,On,0,0,,76,Auckland,Nil,0,0,0,0,0,0,Urban,1,0,0,Light rain,Null
1757194.9335,5920924.4796,780952,,514101,0,,1,0,,Null,2024/2025,FANSHAWE STREET,HOBSON STREET,,Serious Crash,No,2025,,West,,0,,Flat,,Queens Birthday,,,,Dark,433003,0,0,0,5,,,0,,,1,,,Auckland Region,Nil,2-way,Sealed,,0,1,,40,,On,0,0,,76,Auckland,Traffic Signals,,,,,0,0,Urban,0,,,Fine,Null
1759252.3505,5911773.1703,780969,,519820,0,,0,1,,Null,2024/2025,NEILSON STREET,GALWAY STREET,,Minor Crash,No,2025,,East,,0,,Hill Road,,,,,,Bright sun,602401,1,0,1,4,,,0,,,,,,Auckland Region,Nil,2-way,Sealed,,0,0,,50,,Off,0,0,,76,Auckland,Give way,,,,,0,0,Urban,0,,,Fine,Null
1772444.3783,5884346.2816,780977,,521122,0,0,0,1,0,South,2024/2025,RUNCIMAN ROAD,VALLEY SPRINGS WAY,,Non-Injury Crash,No,2024,0,South,0,0,1,Flat,0,,0,,0,Dark,826902,0,0,0,2,0,0,0,0,0,,0,0,Auckland Region,Nil,2-way,Sealed,0,0,0,0,80,0,On,0,0,,76,Auckland,Nil,0,0,0,0,0,0,Open,0,0,0,Fine,Null
1767023.6896,5901960.4634,780999,,524602,0,,0,1,,Null,2023/2024,BROWNS ROAD,DALGETY DRIVE,,Non-Injury Crash,No,2023,,West,,0,,Flat,,,,,,Overcast,780407,0,0,0,3,,,0,,,,,,Auckland Region,Nil,2-way,Sealed,,0,0,,50,,Off,1,0,30,76,Auckland,Traffic Signals,,,,,0,0,Urban,0,,,Light rain,Null