X,Y,OBJECTID,advisorySpeed,areaUnitID,bicycle,bridge,bus,carStationWagon,cliffBank,crashDirectionDescription,crashFinancialYear,crashLocation1,crashLocation2,crashRoadSideRoad,crashSeverity,crashSHDescription,crashYear,debris,directionRoleDescription,ditch,fatalCount,fence,flatHill,guardRail,holiday,houseOrBuilding,intersection,kerb,light,meshblockId,minorInjuryCount,moped,motorcycle,NumberOfLanes,objectThrownOrDropped,otherObject,otherVehicleType,overBank,parkedVehicle,pedestrian,phoneBoxEtc,postOrPole,region,roadCharacter,roadLane,roadSurface,roadworks,schoolBus,seriousInjuryCount,slipOrFlood,speedLimit,strayAnimal,streetLight,suv,taxi,temporarySpeedLimit,tlaId,tlaName,trafficControl,trafficIsland,trafficSign,train,tree,truck,unknownVehicleType,urban,vanOrUtility,vehicle,waterRiver,weatherA,weatherB
1756461.5457,5924578.7305,781007,,509702,0,,0,1,,North,2024/2025,NORTHERN MOTORWAY,ONEWA OBR ON,,Serious Crash,Yes,2024,,South,,0,,Flat,,,,,,Bright sun,366700,0,0,0,3,,,0,,,,,,Auckland Region,Nil,1-way,Sealed,,0,1,,100,,Off,0,0,,76,Auckland,Nil,,,,,1,0,Open,0,,,Fine,Null
1747721.0093,5941946.3093,781017,,506300,0,,0,0,,South,2024/2025,POSTMAN ROAD,WILKS ROAD,,Fatal Crash,No,2025,,South,,1,,Flat,,,,,,Overcast,175903,0,0,1,2,,,0,,,,,,Auckland Region,Nil,2-way,Unsealed,,0,0,,80,,Off,0,0,30,76,Auckland,Nil,,,,,0,0,Open,1,,,Fine,Null
1758119.4659,5920392.8847,781024,,514103,0,0,0,1,0,East,2024/2025,ANZAC AVENUE,ALTEN ROAD,,Serious Crash,No,2025,0,South,0,0,0,Flat,0,,0,,1,Dark,438306,1,0,0,4,0,0,0,0,0,,0,1,Auckland Region,Nil,2-way,Sealed,0,0,2,0,30,0,On,0,0,,76,Auckland,Nil,0,0,0,0,0,0,Urban,0,0,0,Fine,Null
1758316.6611,5917943.7376,781031,,517400,0,0,0,1,1,Null,2024/2025,OFF ROAD WESTFIELD CARPARK,,,Minor Crash,No,2024,0,North,0,0,0,Flat,0,,0,,0,Bright sun,451300,2,0,0,0,0,0,0,0,0,,0,0,Auckland Region,Tunnel,Off road,Sealed,0,0,0,0,10,0,On,0,0,,76,Auckland,Nil,0,0,0,0,0,0,Urban,0,0,0,Fine,Null
1756591.0002,5918451.2633,781047,,515600,0,,0,2,,Null,2023/2024,NEW NORTH ROAD,NGAHURA STREET,,Minor Crash,No,2024,,West,,0,,Flat,,,,,,Overcast,419704,1,0,0,4,,,0,,,,,,Auckland Region,Nil,2-way,Sealed,,0,0,,50,,Off,1,0,,76,Auckland,Stop,,,,,0,0,Urban,0,,,Fine,Null
1752009.0675,5931740.0451,781049,,508807,0,,0,2,,West,2023/2024,PIERMARK DRIVE,BUSH ROAD,,Non-Injury Crash,No,2024,,East,,0,,Flat,,,,,,Overcast,180302,0,0,0,0,,,0,,,,,,Auckland Region,Nil,2-way,Sealed,,0,0,,50,,On,0,0,,76,Auckland,Nil,,,,,0,0,Urban,0,,,Fine,Null
1760262.8378,5916020.9976,781056,45,516003,0,,0,2,,East,2023/2024,GREEN LANE EAST,GREEN LANE EAST ON RAMP,,Non-Injury Crash,No,2023,,West,,0,,Flat,,,,,,Bright sun,494902,0,0,0,6,,,0,,,,,,Auckland Region,Nil,2-way,Sealed,,0,0,,50,,Off,0,0,,76,Auckland,Nil,,,,,0,0,Urban,0,,,Fine,None
1769077.5478,5901976.3547,781089,,524901,0,,0,2,,West,2022/2023,GRANDE VUE ROAD,DAVID AVENUE,,Non-Injury Crash,No,2023,,West,,0,,Flat,,,,,,Bright sun,755900,0,0,0,2,,,0,,,,,,Auckland Region,Nil,2-way,Sealed,,0,0,,50,,Off,0,0,,76,Auckland,Nil,,,,,0,0,Urban,0,,,Light rain,None
1753920.8763,5876599.6827,781095,,526104,0,0,0,1,1,North,2024/2025,RACECOURSE ROAD,HOWDEN STREET,,Minor Crash,No,2024,0,North,0,0,0,Flat,0,,0,,0,Overcast,836000,1,0,0,2,0,0,0,0,0,,0,0,Auckland Region,Nil,2-way,Sealed,0,0,0,0,50,0,Off,0,0,,76,Auckland,Nil,0,0,0,0,0,0,Urban,0,0,0,Fine,Null
1754576.4797,5915641.8109,781096,,517702,0,0,0,4,0,South,2024/2025,HAVERSTOCK ROAD,DUNCAN AVENUE,,Non-Injury Crash,No,2024,0,South,0,0,0,Flat,0,,0,,0,Dark,541300,0,0,0,2,0,0,0,0,3,,0,0,Auckland Region,Nil,2-way,Sealed,0,0,0,0,50,0,On,0,0,,76,Auckland,Nil,0,0,0,0,0,0,Urban,0,0,0,Fine,Null
1754611.2145,5913911.7487,781097,,518802,0,,0,1,,Null,2023/2024,STODDARD ROAD,MAY ROAD,,Non-Injury Crash,No,2023,,South,,0,,Flat,,,,,,Overcast,579200,0,0,0,4,,,0,,,,,,Auckland Region,Nil,2-way,Sealed,,0,0,,50,,Off,0,0,,76,Auckland,Traffic Signals,,,,,0,0,Urban,1,,,Fine,None
1758529.948,5917608.803,781105,,516001,0,,0,2,,North,2023/2024,SOUTHERN MOTORWAY,ST MARKS OBR,,Non-Injury Crash,Yes,2024,,South,,0,,Flat,,,,,,Bright sun,490701,0,0,0,3,,,0,,,,,,Auckland Region,Nil,1-way,Sealed,,0,0,,80,,Off,0,0,,76,Auckland,Nil,,,,,0,0,Open,0,,,Fine,None
1752779.8941,5942461.2556,781112,55,506003,0,0,0,0,0,East,2024/2025,ARA WEITI ROAD,OKURA ROAD,,Non-Injury Crash,No,2024,0,East,0,0,1,Flat,0,,0,,0,Bright sun,175815,0,0,1,2,0,0,0,0,0,,0,0,Auckland Region,Nil,2-way,Sealed,0,0,0,0,60,0,None,0,0,,76,Auckland,Nil,0,0,0,0,0,0,Urban,0,0,0,Fine,Null
1744090.6706,5922671.5293,781120,,513511,0,0,0,1,0,Null,2024/2025,WESTGATE DRIVE,BONNY CRESCENT,,Minor Crash,No,2025,0,North,0,0,0,Hill Road,0,,1,,0,Dark,224303,1,0,0,2,0,0,0,0,0,,0,0,Auckland Region,Nil,2-way,Sealed,0,0,0,0,50,0,On,0,0,,76,Auckland,Give way,0,0,0,0,0,0,Urban,0,0,0,Fine,Null
1765144.4888,5915329.5111,781127,,520301,0,,0,2,,Null,2023/2024,JELLICOE ROAD,MORRIN ROAD,,Minor Crash,No,2024,,North,,0,,Flat,,,,,,Dark,628100,1,0,0,4,,,0,,,,,,Auckland Region,Nil,2-way,Sealed,,0,0,,50,,On,0,0,,76,Auckland,Traffic Signals,,,,,0,0,Urban,0,,,Fine,Null
1761815.6114,5906626.7221,781129,,524302,0,,0,1,,North,2024/2025,MASSEY ROAD,MASSEY ROAD OFF RAMP,,Non-Injury Crash,No,2024,,North,,0,,Flat,,,,,,Dark,743600,0,0,0,4,,,0,,,,,,Auckland Region,Nil,2-way,Sealed,,0,0,,50,,On,0,0,,76,Auckland,Nil,,,,,0,0,Urban,1,,,Fine,Null
1755047.538,5913502.9041,781136,,518803,0,,0,3,,East,2024/2025,SOUTH-WESTERN MOTORWAY,DOMINION OBR,,Minor Crash,Yes,2025,,North,,0,,Flat,,,,,,Dark,582700,1,0,0,2,,,0,,,,,,Auckland Region,Nil,1-way,Sealed,,0,0,,100,,On,0,0,,76,Auckland,Nil,,,,,0,0,Open,0,,,Fine,Null
1769190.2887,5902443.0446,781153,,524901,0,,0,1,,South,2024/2025,SOUTHERN MOTORWAY,PUHINUI STM BR,,Minor Crash,Yes,2025,,North,,0,,Flat,,,,,,Bright sun,755000,3,0,0,3,,,0,,,,,,Auckland Region,Nil,1-way,Sealed,,0,0,,100,,Off,0,0,,76,Auckland,Nil,,,,,2,0,Open,1,,,Fine,Null
1767600.2138,5904359.8562,781161,,524604,0,,0,1,,Null,2024/2025,PUTNEY WAY,LEYTON WAY,,Non-Injury Crash,No,2024,,North,,0,,Flat,,,,,,Bright sun,780204,0,0,0,2,,,0,,,,,,Auckland Region,Nil,2-way,Sealed,,0,0,,50,,None,0,0,,76,Auckland,Give way,,,,,0,1,Urban,0,,,Fine,Null
1759371.4533,5916545.8511,781167,,516001,0,,0,2,,South,2022/2023,SOUTHERN MOTORWAY,MARKET ROAD OFF RAMP,,Non-Injury Crash,Yes,2023,,South,,0,,Hill Road,,,,,,Dark,491700,0,0,0,3,,,0,,,,,,Auckland Region,Nil,1-way,Sealed,,0,0,,100,,On,0,0,70,76,Auckland,Nil,,,,,0,0,Open,0,,,Fine,Null
1764962.1922,5914684.4983,781169,,520602,0,,0,2,,South,2022/2023,LAGOON DRIVE,IRELAND ROAD,,Non-Injury Crash,No,2023,,North,,0,,Flat,,,,,,Twilight,628601,0,0,0,2,,,0,,,,,,Auckland Region,Nil,2-way,Sealed,,0,0,,50,,Null,0,0,,76,Auckland,Nil,,,,,0,0,Urban,0,,,Fine,None
1767321.3853,5904141.5994,781176,,524602,0,,0,3,,East,2024/2025,MANUKAU STATION ROAD,BARROWCLIFFE PLACE,,Non-Injury Crash,No,2025,,West,,0,,Flat,,,,,,Bright sun,780416,0,0,0,3,,,0,,,,,,Auckland Region,Nil,1-way,Sealed,,0,0,,50,,Off,0,0,,76,Auckland,Nil,,,,,0,0,Urban,0,,,Fine,None
1765092.4083,5910132.9651,781201,,521803,0,,0,2,,North,2024/2025,SOUTHERN MOTORWAY,PRINCES ST-OTAHUHU ON RAMP,,Non-Injury Crash,Yes,2024,,South,,0,,Flat,,,,,,Overcast,790500,0,0,0,3,,,0,,,,,,Auckland Region,Nil,1-way,Sealed,,0,0,,100,,None,0,0,,76,Auckland,Nil,,,,,0,0,Open,0,,,Fine,None
1758430.1217,5918064.3129,781207,,517400,1,0,0,1,0,Null,2022/2023,BROADWAY,REMUERA ROAD,,Non-Injury Crash,No,2023,0,North,0,0,0,Flat,0,,0,,0,Dark,451300,0,0,0,4,0,0,0,0,1,,0,0,Auckland Region,Nil,2-way,Sealed,0,0,0,0,50,0,On,0,1,,76,Auckland,Traffic Signals,0,0,0,0,0,0,Urban,0,0,0,Fine,Null
1746526.3898,5916392.3428,781208,,510800,0,,0,2,,Null,2024/2025,GREAT NORTH ROAD,JAMES LAURIE STREET,,Non-Injury Crash,No,2024,,North,,0,,Flat,,,,,,Bright sun,244100,0,0,0,3,,,0,,,,,,Auckland Region,Nil,2-way,Sealed,,0,0,,50,,Off,0,0,,76,Auckland,Give way,,,,,0,0,Urban,0,,,Fine,Null
1761021.8633,5915119.2051,781224,,520201,0,,0,2,,North,2024/2025,SOUTHERN MOTORWAY,MAIN OBR,,Non-Injury Crash,Yes,2025,,North,,0,,Flat,,,,,,Bright sun,613500,0,0,0,4,,,0,,,,,,Auckland Region,Nil,1-way,Sealed,,0,0,,100,,Off,0,0,,76,Auckland,Nil,,,,,0,0,Open,0,,,Fine,Null
1767847.0825,5903177.857,781225,,524602,0,,0,2,,East,2024/2025,KERRS ROAD,INVERELL AVENUE,,Non-Injury Crash,No,2025,,West,,0,,Flat,,,,,,Bright sun,780407,0,0,0,2,,,0,,,,,,Auckland Region,Nil,2-way,Sealed,,0,0,,50,,Off,0,0,20,76,Auckland,Nil,,,,,0,0,Urban,0,,,Fine,Null
1751681.0833,5949318.3519,781231,,505805,0,0,0,1,0,West,2023/2024,RIVERSIDE ROAD,HIBISCUS COAST HIGHWAY,,Serious Crash,No,2023,0,East,0,0,0,Flat,0,,0,,0,Dark,172106,1,0,0,2,0,0,0,0,1,,0,0,Auckland Region,Nil,2-way,Sealed,0,0,1,0,50,0,On,0,0,,76,Auckland,Nil,0,0,0,0,1,0,Urban,0,0,0,Fine,Null
1757658.377,5929613.6868,781240,,507800,0,,0,2,,North,2024/2025,CRAIG ROAD,OMANA ROAD,,Non-Injury Crash,No,2024,,South,,0,,Flat,,,,,,Dark,311100,0,0,0,2,,,0,,,,,,Auckland Region,Nil,2-way,Sealed,,0,0,,50,,On,0,0,,76,Auckland,Nil,,,,,0,0,Urban,0,,,Fine,Null
1728359.8541,5937171.607,781255,75,506642,0,0,0,1,0,North,2022/2023,SH 16,OHIRANGI ROAD,,Non-Injury Crash,Yes,2023,0,South,0,0,0,Flat,1,,0,,0,Bright sun,211200,0,0,0,2,0,0,0,0,0,,0,0,Auckland Region,Nil,2-way,Sealed,0,0,0,0,100,0,None,0,0,50,76,Auckland,Nil,0,0,0,0,0,0,Open,0,0,0,Fine,Null
1771030.9143,5914170.6143,781256,,521602,0,0,0,1,0,West,2024/2025,UNION ROAD,PEGLER DRIVE,,Non-Injury Crash,No,2024,0,South,0,0,0,Flat,0,,0,,0,Overcast,648200,0,0,0,2,0,0,0,0,1,,0,0,Auckland Region,Nil,2-way,Sealed,0,0,0,0,50,0,Off,0,0,,76,Auckland,Nil,0,0,0,0,0,0,Urban,1,0,0,Light rain,Null
1756840.5245,5919168.7038,781265,,514200,0,0,0,0,0,West,2024/2025,SOUTHERN TO NORTH-WESTERN LINK,SOUTHERN MOTORWAY,,Non-Injury Crash,Yes,2024,0,West,0,0,0,Hill Road,1,,0,,0,Dark,412900,0,0,0,1,0,0,0,0,0,,0,0,Auckland Region,Nil,1-way,Sealed,0,0,0,0,80,0,On,1,0,,76,Auckland,Nil,0,0,0,0,0,0,Open,0,0,0,Light rain,Null
1765120.4271,5909847.5111,781271,,521802,0,0,0,4,0,South,2023/2024,SOUTHERN MOTORWAY,TRENWITH OBR,,Serious Crash,Yes,2023,0,North,0,0,0,Hill Road,1,,0,,0,Dark,788203,1,0,0,3,0,0,0,0,0,,0,0,Auckland Region,Nil,1-way,Sealed,0,0,1,0,100,0,On,0,0,,76,Auckland,Nil,0,0,0,0,0,0,Open,1,0,0,Fine,Null
1752860.1018,5930893.3755,781273,,508803,0,0,0,1,0,West,2024/2025,UNSWORTH DRIVE,TERN PLACE,,Non-Injury Crash,No,2024,0,South,0,0,0,Null,0,,0,,0,Dark,180849,0,0,0,2,0,0,0,0,1,,0,0,Auckland Region,Nil,2-way,Sealed,0,0,0,0,50,0,Null,0,0,,76,Auckland,Nil,0,0,0,0,0,1,Urban,0,0,0,Fine,Null
1770110.7307,5902171.3465,781280,,523814,0,0,0,0,0,South,2024/2025,CHARLES PREVOST DRIVE,LEMONWOOD PLACE,,Non-Injury Crash,No,2025,0,South,0,0,1,Flat,0,,0,,0,Bright sun,760707,0,0,0,1,0,0,0,0,2,,0,0,Auckland Region,Nil,1-way,Sealed,0,0,0,0,50,0,Null,1,0,,76,Auckland,Nil,0,0,0,0,0,0,Urban,2,0,0,Fine,Null
1771294.8208,5907805.405,781312,,523713,0,,0,2,,East,2022/2023,STANCOMBE ROAD,TOPLAND DRIVE,,Minor Crash,No,2023,,West,,0,,Flat,,,,,,Overcast,712402,1,0,0,2,,,0,,,,,,Auckland Region,Nil,2-way,Sealed,,0,0,,50,,Off,0,0,,76,Auckland,Nil,,,,,0,0,Urban,0,,,Light rain,None
1753749.4533,5928512.9115,781321,,508320,0,,0,1,,Null,2024/2025,GLENFIELD ROAD,MAYFIELD ROAD,,Non-Injury Crash,No,2024,,South,,0,,Flat,,,,,,Overcast,197500,0,0,0,3,,,0,,,,,,Auckland Region,Nil,1-way,Sealed,,0,0,,50,,Off,0,0,,76,Auckland,Traffic Signals,,,,,0,0,Urban,1,,,Light rain,Null
1756653.7434,5943793.453,781328,,505902,0,0,0,2,0,North,2024/2025,WHANGAPARAOA ROAD,LADIES MILE,,Non-Injury Crash,No,2024,0,West,0,0,0,Flat,0,Christmas New Year,0,,0,Bright sun,174604,0,0,0,2,0,0,0,0,1,,0,0,Auckland Region,Nil,2-way,Sealed,0,0,0,0,50,0,Off,0,0,,76,Auckland,Nil,0,0,0,0,0,0,Urban,0,0,0,Fine,Null
1770090.1006,5899174.3726,781329,,523920,0,,0,2,,East,2025/2026,GREAT SOUTH ROAD,TAKANINI ON RAMP,,Minor Crash,No,2025,,North,,0,,Flat,,,,,,Bright sun,768005,1,0,0,2,,,0,,,,,,Auckland Region,Nil,1-way,Sealed,,0,0,,50,,Off,0,0,,76,Auckland,Nil,,,,,0,0,Urban,1,,,Fine,Null
1758516.2749,5917346.414,781345,,516001,0,0,1,1,0,South,2024/2025,GREAT SOUTH ROAD,MARGOT STREET,,Non-Injury Crash,No,2024,0,South,0,0,0,Flat,0,,0,,0,Bright sun,490900,0,0,0,2,0,0,0,0,1,,0,0,Auckland Region,Nil,2-way,Sealed,0,0,0,0,50,0,Off,0,0,,76,Auckland,Nil,0,0,0,0,0,0,Urban,0,0,0,Fine,Null
1759694.263,5906877.9762,781367,35,524111,0,0,0,1,0,North,2022/2023,ORLY AVENUE,STAVERTON CRESCENT,,Non-Injury Crash,No,2023,0,North,0,0,1,Flat,0,,0,,0,Dark,740000,0,0,0,2,0,0,0,0,0,,0,1,Auckland Region,Nil,2-way,Sealed,0,0,0,0,50,0,On,0,0,,76,Auckland,Nil,0,0,0,0,0,0,Urban,0,0,0,Fine,Null
1768234.0465,5906599.8598,781375,,523711,0,0,0,1,0,East,2023/2024,COOMBE AVENUE,DAWSON ROAD,,Non-Injury Crash,No,2023,0,South,0,0,0,Flat,0,,0,,0,Dark,712904,0,0,0,2,0,0,0,0,1,,0,0,Auckland Region,Nil,2-way,Sealed,0,0,0,0,50,0,On,1,0,,76,Auckland,Nil,0,0,0,0,0,0,Urban,0,0,0,Fine,Null
1761058.6566,5914354.3441,781377,,520202,0,,0,2,,Null,2024/2025,GREAT SOUTH ROAD,ELLERSLIE-PANMURE HIGHWAY,,Non-Injury Crash,No,2025,,East,,0,,Flat,,,,,,Bright sun,612300,0,0,0,2,,,0,,,,,,Auckland Region,Nil,1-way,Sealed,,0,0,,50,,Off,0,0,,76,Auckland,Give way,,,,,0,0,Urban,0,,,Fine,Null
1764064.4297,5904316.281,781384,,522100,0,,0,1,,Null,2024/2025,PUHINUI ROAD-SH 20B OFF RAMP,PUHINUI ROAD,,Non-Injury Crash,Yes,2025,,South,,0,,Flat,,,,,,Bright sun,781001,0,0,0,3,,,0,,,,,,Auckland Region,Nil,1-way,Sealed,,0,0,,50,,Off,0,0,,76,Auckland,Traffic Signals,,,,,0,0,Urban,1,,,Fine,Null
1757041.4142,5919440.7051,781385,,514200,0,,0,1,,Null,2024/2025,KARANGAHAPE ROAD,UPPER QUEEN STREET,,Non-Injury Crash,No,2024,,West,,0,,Flat,,,,,,Bright sun,412301,0,0,1,4,,,0,,,,,,Auckland Region,Nil,2-way,Sealed,,0,0,,30,,Off,0,0,,76,Auckland,Traffic Signals,,,,,0,0,Urban,0,,,Fine,Null
1757465.2678,5918716.2725,781391,,514302,0,0,0,1,0,South,2023/2024,SOUTHERN MOTORWAY,SOUTHERN TO PORT LINK,,Non-Injury Crash,Yes,2023,1,North,0,0,0,Flat,0,,0,,0,Overcast,442500,0,0,0,4,0,0,0,0,0,,0,0,Auckland Region,Nil,1-way,Sealed,0,0,0,0,80,0,Off,0,0,,76,Auckland,Nil,0,0,0,0,0,0,Open,1,0,0,Fine,Null
1743602.1537,5919457.7822,781392,,513212,0,,0,2,,Null,2024/2025,DON BUCK ROAD,MAYFAIR PLACE,,Non-Injury Crash,No,2024,,South,,0,,Flat,,,,,,Bright sun,235711,0,0,0,2,,,0,,,,,,Auckland Region,Nil,2-way,Sealed,,0,0,,50,,Off,0,0,,76,Auckland,Nil,,,,,0,0,Urban,0,,,Fine,Null
1766769.5962,5904006.2053,781399,,524604,0,,0,2,,Null,2022/2023,LAMBIE DRIVE OFF RAMP,LAMBIE DRIVE,,Non-Injury Crash,No,2023,,South,,0,,Hill Road,,,,,,Bright sun,780209,0,0,0,3,,,0,,,,,,Auckland Region,Nil,1-way,Sealed,,0,0,,60,,Off,0,0,,76,Auckland,Traffic Signals,,,,,0,0,Urban,0,,,Fine,Null
1762493.3353,5916114.6568,781401,,516302,0,0,0,2,0,East,2025/2026,ABBOTTS WAY,GRAND DRIVE,,Minor Crash,No,2025,0,West,0,0,0,Flat,0,,0,,0,Dark,463601,1,0,0,2,0,0,0,0,1,,0,0,Auckland Region,Nil,2-way,Sealed,0,0,0,0,50,0,On,0,0,,76,Auckland,Nil,0,0,0,0,0,0,Urban,0,0,0,Fine,Null
1753273.2689,5916833.0767,781417,45,517800,0,,0,2,,Null,2025/2026,NEW NORTH ROAD,ALEXIS AVENUE,,Minor Crash,No,2025,,East,,0,,Hill Road,,,,,,Overcast,527600,2,0,0,4,,,0,,,,,,Auckland Region,Nil,2-way,Sealed,,0,0,,50,,Off,0,0,,76,Auckland,Stop,,,,,0,0,Urban,0,,,Heavy rain,Strong wind
1752110.8049,5947066.041,781425,,505808,0,,0,2,,Null,2024/2025,RED BEACH ROAD,ALBERT HALL DRIVE,,Non-Injury Crash,No,2025,,South,,0,,Hill Road,,,,,,Bright sun,173119,0,0,0,2,,,0,,,,,,Auckland Region,Nil,2-way,Sealed,,0,0,,50,,Off,0,0,,76,Auckland,Give way,,,,,0,0,Urban,0,,,Fine,Null
1750600.7446,5915669.5922,781433,,514802,0,0,0,2,0,Null,2024/2025,ROSEBANK ROAD,CANAL ROAD,,Non-Injury Crash,No,2025,0,South,0,0,1,Flat,0,Queens Birthday,0,,0,Dark,386300,0,0,0,2,0,0,0,0,0,,2,0,Auckland Region,Nil,2-way,Sealed,0,0,0,0,50,0,On,0,0,,76,Auckland,Stop,0,0,0,0,0,1,Urban,0,0,0,Fine,Null
1762899.8223,5919835.9466,781440,,516400,0,0,0,3,0,North,2024/2025,AOTEA STREET,RUKUTAI STREET,,Non-Injury Crash,No,2024,0,South,0,0,0,Flat,0,,0,,0,Overcast,499600,0,0,0,2,0,0,0,0,1,,0,0,Auckland Region,Nil,2-way,Sealed,0,0,0,0,50,0,Off,0,0,,76,Auckland,Nil,0,0,0,0,0,0,Urban,0,0,0,Light rain,Strong wind
1763984.1911,5912048.2403,781449,,520500,0,,0,2,,Null,2023/2024,MOUNT WELLINGTON HIGHWAY,MONAHAN ROAD,,Non-Injury Crash,No,2023,,North,,0,,Null,,,,,,Unknown,637900,0,0,0,0,,,0,,,,,,Auckland Region,Nil,Null,Null,,0,0,,,,Null,0,0,,76,Auckland,Give way,,,,,0,0,Urban,0,,,Null,Null
1770243.6274,5916288.7422,781457,,522604,0,,0,1,,Null,2024/2025,LOLOMA DRIVE,BUCKLANDS BEACH ROAD,,Minor Crash,No,2025,,East,,0,,Flat,,,,,,Bright sun,677902,1,0,1,2,,,0,,,,,,Auckland Region,Nil,2-way,Sealed,,0,0,,50,,Off,0,0,,76,Auckland,Stop,,,,,0,0,Urban,0,,,Fine,Null
1763985.1216,5915371.2203,781464,,517202,0,0,0,0,0,North,2024/2025,TIDEY ROAD,HARDING AVENUE,,Non-Injury Crash,No,2024,0,South,0,0,0,Flat,0,,0,,0,Dark,626302,0,0,0,2,0,0,0,0,0,,0,0,Auckland Region,Nil,2-way,Sealed,0,0,0,0,50,0,On,0,0,,76,Auckland,Nil,0,0,0,0,0,0,Urban,1,0,0,Fine,Null
1753576.934,5913502.6972,781471,,518901,0,0,0,2,0,Null,2022/2023,NIRVANA WAY,PAUA PLACE,,Non-Injury Crash,No,2023,0,West,0,0,0,Hill Road,0,,0,,0,Dark,584002,0,0,0,1,0,0,0,0,1,,0,0,Auckland Region,Nil,2-way,Sealed,0,0,0,0,50,0,On,0,0,,76,Auckland,Nil,0,0,0,0,0,0,Urban,0,0,0,Light rain,Null
1766171.1207,5907125.3887,781472,,522302,0,,0,1,,North,2023/2024,HUIA ROAD,HOTEO AVENUE,,Non-Injury Crash,No,2024,,North,,0,,Flat,,,,,,Overcast,667802,0,0,0,2,,,0,,,,,,Auckland Region,Nil,2-way,Sealed,,0,0,,50,,On,0,0,,76,Auckland,Nil,,,,,0,1,Urban,0,,,Fine,None
1760347.4215,5915307.0424,781495,,520202,0,,0,1,,Null,2023/2024,GREAT SOUTH ROAD,MAIN HIGHWAY,,Minor Crash,No,2024,,South,,0,,Hill Road,,Christmas New Year,,,,Bright sun,613200,1,0,0,5,,,0,,,,,,Auckland Region,Nil,2-way,Sealed,,0,0,,50,,Off,0,0,,76,Auckland,Traffic Signals,,,,,0,0,Urban,1,,,Fine,Null
1764406.442,5904680.6038,781503,,522100,0,0,0,1,0,Null,2022/2023,WYLLIE ROAD,GIFFORD ROAD,,Non-Injury Crash,No,2023,0,South,0,0,0,Flat,0,,0,,0,Dark,659200,0,0,0,2,0,0,0,0,0,,1,0,Auckland Region,Nil,2-way,Sealed,0,0,0,0,50,0,On,0,0,,76,Auckland,Give way,0,0,0,0,0,0,Urban,0,0,0,Heavy rain,Null
1745836.4575,5916288.146,781545,,510800,0,0,0,2,0,South,2024/2025,VIEW ROAD,LAVELLE ROAD,,Non-Injury Crash,No,2024,0,North,0,0,0,Hill Road,0,,0,,0,Dark,244400,0,0,0,2,0,0,0,0,1,,0,0,Auckland Region,Nil,2-way,Sealed,0,0,0,0,50,0,On,0,0,,76,Auckland,Nil,0,0,0,0,0,0,Urban,1,0,0,Light rain,Null
1757798.8454,5912159.5671,781551,,519810,0,0,0,1,0,East,2022/2023,SOUTH-WESTERN MOTORWAY,BEACHCROFT FTBR,,Minor Crash,Yes,2023,0,West,0,0,0,Flat,1,,0,,0,Dark,602501,1,0,0,3,0,0,0,0,0,,0,0,Auckland Region,Nil,1-way,Sealed,0,0,0,0,100,0,On,0,0,,76,Auckland,Nil,0,0,0,0,0,0,Open,0,0,0,Fine,Null
1756864.2276,5882728.2265,781553,,521152,0,0,0,1,0,East,2024/2025,GLENBROOK ROAD,WYMER ROAD,,Minor Crash,No,2025,0,West,1,0,0,Flat,0,,0,,0,Dark,834400,3,0,0,2,0,0,0,0,0,,0,0,Auckland Region,Nil,2-way,Sealed,0,0,0,0,80,0,None,0,0,,76,Auckland,Nil,0,0,0,1,1,0,Open,0,0,0,Light rain,Null
1771834.2567,5907733.6294,781560,,523116,0,,0,1,,Null,2024/2025,SERESIN CRESCENT,MISSION HEIGHTS DRIVE,,Non-Injury Crash,No,2025,,East,,0,,Null,,,,,,Overcast,712217,0,0,0,2,,,0,,,,,,Auckland Region,Nil,2-way,Sealed,,0,0,,50,,Null,0,0,,76,Auckland,Nil,,,,,1,0,Urban,0,,,Fine,Null
1756250.9693,5927514.7898,781568,,507900,0,,0,4,,South,2024/2025,NORTHERN MOTORWAY,NORTHCOTE ROAD OFF RAMP,,Non-Injury Crash,Yes,2025,,South,,0,,Flat,,,,,,Bright sun,305202,0,0,0,3,,,0,,,,,,Auckland Region,Nil,1-way,Sealed,,0,0,,100,,Off,0,1,,76,Auckland,Nil,,,,,0,0,Open,0,,,Fine,Null
1768339.1607,5880236.7546,781577,,525921,0,,0,0,,Null,2024/2025,WELLINGTON STREET,RUSSELL AVENUE,,Minor Crash,No,2025,,North,,0,,Null,,,,,,Bright sun,821303,1,0,0,2,,,0,,,,,,Auckland Region,Nil,2-way,Sealed,,0,0,,50,,Null,1,0,,76,Auckland,Nil,,,,,0,0,Urban,1,,,Fine,Null
1761335.8286,5906216.164,781584,,524200,0,,0,0,,Null,2025/2026,MASSEY ROAD,FRIESIAN DRIVE,,Minor Crash,No,2025,,South,,0,,Flat,,,,,,Bright sun,728801,1,0,0,2,,,0,,,,,,Auckland Region,Nil,2-way,Sealed,,0,0,,50,,Off,1,0,30,76,Auckland,Stop,,,,,0,0,Urban,0,,,Fine,Null
1757995.0509,5917206.4414,781585,,515700,0,,0,1,,North,2024/2025,GILLIES AVENUE,OWENS ROAD,,Non-Injury Crash,No,2024,,North,,0,,Hill Road,,,,,,Dark,457700,0,0,0,4,,,0,,,,,,Auckland Region,Nil,2-way,Sealed,,0,0,,50,,Null,0,0,,76,Auckland,Nil,,,,,0,1,Urban,0,,,Light rain,Null