X,Y,OBJECTID,advisorySpeed,areaUnitID,bicycle,bridge,bus,carStationWagon,cliffBank,crashDirectionDescription,crashFinancialYear,crashLocation1,crashLocation2,crashRoadSideRoad,crashSeverity,crashSHDescription,crashYear,debris,directionRoleDescription,ditch,fatalCount,fence,flatHill,guardRail,holiday,houseOrBuilding,intersection,kerb,light,meshblockId,minorInjuryCount,moped,motorcycle,NumberOfLanes,objectThrownOrDropped,otherObject,otherVehicleType,overBank,parkedVehicle,pedestrian,phoneBoxEtc,postOrPole,region,roadCharacter,roadLane,roadSurface,roadworks,schoolBus,seriousInjuryCount,slipOrFlood,speedLimit,strayAnimal,streetLight,suv,taxi,temporarySpeedLimit,tlaId,tlaName,trafficControl,trafficIsland,trafficSign,train,tree,truck,unknownVehicleType,urban,vanOrUtility,vehicle,waterRiver,weatherA,weatherB
1762203.9979,5913640.5543,781600,,520402,0,,0,2,,South,2024/2025,SOUTHERN MOTORWAY,PENROSE OBR,,Non-Injury Crash,Yes,2025,,South,,0,,Flat,,,,,,Twilight,642200,0,0,0,3,,,0,,,,,,Auckland Region,Overpass,1-way,Sealed,,0,0,,100,,On,0,0,,76,Auckland,Nil,,,,,0,0,Open,1,,,Fine,Null
1751481.7742,5935209.5228,781601,,508701,0,0,0,5,0,South,2025/2026,GOLDEN MORNING DRIVE,NEW DAWN LANE,,Minor Crash,No,2025,0,North,0,0,0,Hill Road,0,,0,,0,Dark,178501,3,0,0,2,0,0,0,0,1,,0,0,Auckland Region,Nil,2-way,Sealed,0,0,0,0,50,0,On,1,0,,76,Auckland,Nil,0,0,0,0,0,0,Urban,0,0,0,Fine,Null
1762185.2889,5913642.5114,781617,,520500,0,,0,3,,South,2025/2026,SOUTHERN MOTORWAY,PENROSE OBR,,Minor Crash,Yes,2025,,North,,0,,Flat,,,,,,Bright sun,637100,1,0,1,3,,,0,,,,,,Auckland Region,Nil,1-way,Sealed,,0,0,,100,,Off,0,0,,76,Auckland,Nil,,,,,0,0,Open,2,,,Fine,Null
1767996.8009,5903227.5051,781624,,524602,0,,0,1,,Null,2024/2025,WALLSON CRESCENT,KERRS ROAD,,Non-Injury Crash,No,2025,,North,,0,,Flat,,,,,,Bright sun,780407,0,0,0,2,,,0,,,,,,Auckland Region,Nil,2-way,Sealed,,0,0,,50,,Off,0,0,,76,Auckland,Stop,,,,,0,0,Urban,1,,,Fine,Null
1757070.2334,5918734.3714,781639,,514301,0,,0,2,,West,2023/2024,KHYBER PASS ROAD,BURLEIGH STREET,,Non-Injury Crash,No,2023,,East,,0,,Flat,,,,,,Dark,441506,0,0,0,4,,,0,,,,,,Auckland Region,Nil,2-way,Sealed,,0,0,,50,,On,0,0,,76,Auckland,Nil,,,,,0,0,Urban,0,,,Fine,Null
1765672.4176,5901412.3894,781641,,524604,0,,0,2,,Null,2023/2024,BROWNS ROAD,ROSCOMMON ROAD,,Non-Injury Crash,No,2024,,West,,0,,Flat,,,,,,Overcast,781302,0,0,0,2,,,0,,,,,,Auckland Region,Nil,2-way,Sealed,,0,0,,50,,Off,0,0,,76,Auckland,Traffic Signals,,,,,0,0,Urban,0,,,Fine,None
1772704.1,5896791.6106,781647,,525420,0,,0,2,,Null,2024/2025,PORCHESTER ROAD,INGRAM STREET,,Minor Crash,No,2024,,South,,0,,Flat,,,,,,Overcast,792603,3,0,0,2,,,0,,,,,,Auckland Region,Nil,2-way,Unsealed,,0,0,,50,,Off,0,0,,76,Auckland,Nil,,,,,0,0,Urban,0,,,Fine,Null
1761570.8751,5906064.9951,781656,,524200,0,0,0,2,0,Null,2024/2025,CINNAMON ROAD,TUSSOCK AVENUE,,Non-Injury Crash,No,2024,0,East,0,0,0,Null,0,,0,,0,Unknown,728810,0,0,0,2,0,0,0,0,1,,0,0,Auckland Region,Nil,2-way,Sealed,0,0,0,0,50,0,Null,0,0,,76,Auckland,Give way,0,0,0,0,0,0,Urban,0,0,0,Fine,Null
1760288.4102,5916050.6406,781671,,516002,0,,0,3,,Null,2023/2024,GREEN LANE EAST,OHINERAU STREET,,Non-Injury Crash,No,2023,,East,,0,,Flat,,,,,,Bright sun,493100,0,0,0,6,,,0,,,,,,Auckland Region,Nil,2-way,Sealed,,0,0,,50,,Off,0,0,,76,Auckland,Give way,,,,,0,0,Urban,0,,,Fine,Null
1769897.7733,5909861.7508,781704,,523113,0,,0,1,,West,2023/2024,SMALES ROAD,TE IRIRANGI DRIVE,,Non-Injury Crash,No,2024,,East,,0,,Flat,,,,,,Twilight,711730,0,0,0,4,,,0,,,,,,Auckland Region,Nil,1-way,Sealed,,0,0,,50,,Off,1,0,,76,Auckland,Nil,,,,,0,0,Urban,0,,,Fine,Null
1759322.8353,5910207.7495,781712,,524002,0,0,0,0,0,West,2024/2025,RIMU ROAD,CRAWFORD AVENUE,,Minor Crash,No,2024,0,West,0,0,0,Flat,0,,0,,1,Dark,722000,1,0,0,2,0,0,0,0,0,,0,0,Auckland Region,Nil,2-way,Sealed,0,0,0,0,50,0,On,0,0,,76,Auckland,Nil,0,0,0,1,0,0,Urban,1,0,0,Light rain,Null
1771914.7583,5885827.682,781713,,521122,0,0,0,1,0,West,2025/2026,TUHIMATA ROAD,RUNCIMAN ROAD,,Minor Crash,No,2025,0,West,0,0,1,Hill Road,0,,0,,0,Overcast,813400,1,0,0,2,0,0,0,0,0,,0,0,Auckland Region,Nil,2-way,Sealed,0,0,0,0,60,0,Off,0,0,,76,Auckland,Nil,0,0,0,0,0,0,Urban,0,0,0,Fine,Null
1762001.6611,5916059.6586,781737,,516003,0,0,0,1,0,West,2024/2025,ABBOTTS WAY,KORAHA STREET,,Non-Injury Crash,No,2025,0,West,0,0,0,Flat,0,,0,,0,Bright sun,494700,0,0,0,2,0,0,0,0,1,,0,0,Auckland Region,Nil,2-way,Sealed,0,0,0,0,50,0,Off,2,0,40,76,Auckland,Nil,0,0,0,0,0,0,Urban,0,0,0,Fine,Null
1760367.9857,5907694.7207,781753,,524510,0,0,0,0,0,South,2024/2025,SOUTH-WESTERN MOTORWAY,CENTRAL PARK FTBR,,Non-Injury Crash,Yes,2024,0,South,0,0,0,Flat,1,,0,,0,Bright sun,736900,0,0,0,2,0,0,0,0,0,,0,0,Auckland Region,Nil,1-way,Sealed,0,0,0,0,100,0,Off,0,0,80,76,Auckland,Nil,0,0,0,0,0,0,Open,1,0,0,Fine,Null
1765883.6512,5906303.0056,781768,,522202,0,0,0,2,0,South,2024/2025,ST GEORGE STREET,GREAT SOUTH ROAD,,Non-Injury Crash,No,2024,0,North,0,0,0,Flat,0,,0,,0,Overcast,663900,0,0,0,2,0,0,0,0,1,,0,0,Auckland Region,Nil,2-way,Sealed,0,0,0,0,50,0,Off,0,0,20,76,Auckland,Nil,0,0,0,0,0,0,Urban,0,0,0,Fine,Null
1759833.8968,5908769.1355,781769,,524121,0,,0,1,,North,2023/2024,SOUTH-WESTERN MOTORWAY,WALMSLEY OBR,,Non-Injury Crash,Yes,2024,,North,,0,,Flat,,,,,,Bright sun,737000,0,0,0,3,,,0,,,,,,Auckland Region,Nil,1-way,Sealed,,0,0,,100,,None,0,0,,76,Auckland,Nil,,,,,0,0,Open,1,,,Fine,None
1765865.8051,5916073.5241,781793,,517100,0,0,0,2,0,Null,2024/2025,TRIPOLI ROAD,WADDELL AVENUE,,Non-Injury Crash,No,2025,0,East,0,0,0,Flat,0,,0,,0,Dark,478600,0,0,0,2,0,0,0,0,2,,0,0,Auckland Region,Nil,2-way,Sealed,0,0,0,0,50,0,On,0,0,,76,Auckland,Give way,0,0,0,0,0,0,Urban,1,0,0,Fine,Null
1758231.1069,5918407.9138,781809,,517400,0,,0,2,,West,2024/2025,KHYBER PASS ROAD,CROWHURST STREET,,Non-Injury Crash,No,2024,,East,,0,,Flat,,,,,,Bright sun,450100,0,0,0,4,,,0,,,,,,Auckland Region,Nil,2-way,Sealed,,0,0,,50,,Off,0,0,,76,Auckland,Nil,,,,,0,0,Urban,0,,,Fine,Null
1769623.4332,5908617.3174,781824,,523113,0,0,0,1,0,North,2025/2026,TE IRIRANGI DRIVE,ACCENT DRIVE,,Minor Crash,No,2025,0,North,0,0,0,Flat,0,,0,,0,Dark,711902,2,0,0,4,0,0,0,0,0,,0,0,Auckland Region,Nil,2-way,Sealed,0,0,0,0,80,0,On,0,0,,76,Auckland,Nil,0,0,0,1,0,0,Open,0,0,0,Heavy rain,Null
1763331.4376,5909512.27,781825,,521901,1,,0,1,,South,2024/2025,WALMSLEY ROAD,STATION ROAD,,Non-Injury Crash,No,2024,,South,,0,,Flat,,,,,,Bright sun,783000,0,0,0,4,,,0,,,,,,Auckland Region,Nil,2-way,Sealed,,0,0,,50,,Null,0,0,,76,Auckland,Nil,,,,,0,0,Urban,0,,,Fine,Null
1767371.1407,5906784.0696,781832,35,523601,0,0,0,1,0,North,2024/2025,BAIRDS ROAD,SANDBROOK AVENUE,,Non-Injury Crash,No,2024,0,South,0,0,0,Flat,0,Labour Weekend,0,,0,Dark,707600,0,0,0,2,0,0,0,0,0,,0,1,Auckland Region,Nil,2-way,Sealed,0,0,0,0,50,0,On,0,0,40,76,Auckland,Nil,0,0,0,0,0,0,Urban,0,0,0,Fine,Null
1744488.4598,5921040.408,781839,,513631,0,,0,2,,North,2022/2023,KEEGAN DRIVE,LILBURN CRESCENT,,Non-Injury Crash,No,2023,,West,,0,,Hill Road,,,,,,Overcast,227804,0,0,0,2,,,0,,,,,,Auckland Region,Nil,2-way,Sealed,,0,0,,30,,Off,0,0,,76,Auckland,Nil,,,,,0,0,Urban,0,,,Fine,Null
1745734.3932,5917229.5825,781849,,510700,0,,0,2,,Null,2023/2024,EDMONTON ROAD,GREAT NORTH ROAD,,Non-Injury Crash,No,2023,,South,,0,,Flat,,,,,,Dark,240000,0,0,0,4,,,0,,,,,,Auckland Region,Nil,2-way,Sealed,,0,0,,50,,On,0,0,,76,Auckland,Traffic Signals,,,,,0,0,Urban,0,,,Fine,Null
1743853.5453,5915335.3586,781856,,513013,0,0,0,1,0,Null,2024/2025,HENDERSON VALLEY ROAD,MISTY VALLEY DRIVE,,Non-Injury Crash,No,2024,0,West,0,0,0,Flat,1,,0,,0,Dark,281402,0,0,0,2,0,0,0,0,0,,0,0,Auckland Region,Nil,2-way,Sealed,0,0,0,0,50,0,On,0,0,,76,Auckland,Give way,0,1,0,0,0,0,Urban,0,0,0,Fine,Null
1751592.6865,5949528.2113,781863,,505805,0,0,0,1,0,East,2023/2024,TAMARIKI AVENUE,CAMMISH LANE,,Non-Injury Crash,No,2023,0,West,0,0,0,Flat,0,,0,,0,Twilight,172102,0,0,0,2,0,0,0,0,1,,0,0,Auckland Region,Nil,2-way,Sealed,0,0,0,0,30,0,Off,0,0,,76,Auckland,Nil,0,0,0,0,0,0,Urban,1,0,0,Fine,Null
1758322.2386,5916870.6991,781872,,519200,0,0,0,0,0,East,2024/2025,MOUNT ST JOHN AVENUE,MANUKAU ROAD,,Non-Injury Crash,No,2024,0,West,0,0,0,Null,0,,0,,0,Overcast,613900,0,0,0,2,0,0,0,0,1,,0,0,Auckland Region,Nil,2-way,Sealed,0,0,0,0,30,0,Null,1,0,,76,Auckland,Nil,0,0,0,0,0,1,Urban,0,0,0,Light rain,Null
1763382.5292,5909229.6735,781873,,521901,0,,0,2,,Null,2024/2025,WALMSLEY ROAD,KAKA STREET,,Non-Injury Crash,No,2024,,North,,0,,Flat,,,,,,Dark,783500,0,0,0,2,,,0,,,,,,Auckland Region,Nil,2-way,Sealed,,0,0,,50,,Null,0,0,,76,Auckland,Traffic Signals,,,,,0,0,Urban,0,,,Fine,Null
1754886.9101,5931787.1574,781881,,508805,0,,0,0,,East,2024/2025,CONSTELLATION DRIVE,PARKWAY DRIVE,,Minor Crash,No,2025,,East,,0,,Flat,,,,,,Bright sun,180813,1,0,1,4,,,0,,,,,,Auckland Region,Nil,2-way,Sealed,,0,0,,50,,Off,1,0,,76,Auckland,Nil,,,,,0,0,Urban,0,,,Fine,Null
1764943.9279,5910676.0577,781888,,521801,0,0,0,1,0,North,2024/2025,SOUTHERN MOTORWAY,PRINCES ST-OTAHUHU ON RAMP,,Non-Injury Crash,Yes,2024,0,North,0,0,0,Flat,1,,0,,0,Dark,786700,0,0,0,3,0,0,0,0,0,,0,0,Auckland Region,Nil,1-way,Sealed,0,0,0,0,100,0,On,0,0,,76,Auckland,Nil,0,0,0,0,0,1,Open,0,0,0,Fine,Null
1752018.164,5915330.432,781895,,514401,0,0,0,1,0,North,2022/2023,BOLLARD AVENUE,WAITATI PLACE,,Minor Crash,No,2023,0,North,0,0,0,Flat,0,,0,,0,Overcast,380100,1,0,0,2,0,0,0,0,0,,0,1,Auckland Region,Nil,2-way,Sealed,0,0,0,0,50,0,Off,0,0,,76,Auckland,Nil,0,0,0,0,0,0,Urban,0,0,0,Fine,Null
1756430.6153,5920150.5505,781911,,514000,0,0,0,1,0,South,2022/2023,NORTHERN MOTORWAY,NORTHERN TO NORTH-WESTERN LINK,,Non-Injury Crash,Yes,2023,0,South,0,0,0,Hill Road,1,,0,,0,Twilight,417300,0,0,0,2,0,0,0,0,0,,0,0,Auckland Region,Overpass,1-way,Sealed,0,0,0,0,80,0,On,0,0,,76,Auckland,Nil,0,0,0,0,0,0,Open,0,0,0,Heavy rain,Null
1754372.9806,5925652.302,781919,,508610,0,,1,1,,Null,2022/2023,PUPUKE ROAD,TILDEN AVENUE,,Non-Injury Crash,No,2023,,West,,0,,Hill Road,,,,,,Bright sun,207701,0,0,0,2,,,0,,,,,,Auckland Region,Nil,2-way,Sealed,,0,0,,50,,Off,0,0,,76,Auckland,Give way,,,,,0,0,Urban,0,,,Fine,Null
1762361.3493,5914044.2885,781928,,520401,0,0,0,0,0,Null,2025/2026,LEONARD ROAD,SOPHIA STREET,,Serious Crash,No,2026,0,North,0,0,0,Flat,0,,0,,0,Overcast,644400,0,0,0,2,0,0,0,0,0,,0,0,Auckland Region,Nil,2-way,Sealed,0,0,1,0,50,0,Off,1,0,,76,Auckland,Stop,0,0,0,1,0,0,Urban,0,0,0,Fine,Null
1764499.3083,5918153.2073,781929,,516602,0,,0,2,,Null,2022/2023,ST HELIERS BAY ROAD,KOHIMARAMA ROAD,,Non-Injury Crash,No,2023,,West,,0,,Flat,,,,,,Overcast,508200,0,0,0,2,,,0,,,,,,Auckland Region,Nil,2-way,Sealed,,0,0,,50,,Off,0,0,,76,Auckland,Traffic Signals,,,,,0,0,Urban,0,,,Light rain,Strong wind
1729662.108,5931064.8213,781967,,506652,0,0,0,1,0,South,2023/2024,MCPIKE ROAD,SH 16,,Non-Injury Crash,No,2023,0,South,1,0,0,Flat,0,,0,,0,Dark,218101,0,0,0,2,0,0,0,0,0,,0,0,Auckland Region,Nil,2-way,Sealed,0,0,0,0,100,0,None,0,0,,76,Auckland,Nil,0,0,0,0,0,0,Open,0,0,0,Fine,Null
1746026.4504,5915937.6133,781969,,511800,0,0,0,1,0,South,2023/2024,VIEW ROAD,CHOICE AVENUE,,Serious Crash,No,2024,0,North,0,0,0,Hill Road,0,,0,,0,Overcast,276800,0,0,0,2,0,0,0,0,0,,0,1,Auckland Region,Nil,2-way,Sealed,0,0,1,0,50,0,Off,0,0,,76,Auckland,Nil,1,0,0,1,0,0,Urban,0,0,0,Fine,Null
1750748.2779,5915552.3474,781984,,514802,0,,0,0,,West,2024/2025,ASH STREET,ROSEBANK ROAD,,Non-Injury Crash,No,2025,,West,,0,,Flat,,Christmas New Year,,,,Dark,386600,0,0,0,4,,,0,,,,,,Auckland Region,Nil,2-way,Sealed,,0,0,,50,,On,0,0,,76,Auckland,Nil,,,,,0,1,Urban,1,,,Fine,Null
1741914.696,5916898.1522,781991,,513102,0,0,0,1,1,North,2022/2023,CANDIA ROAD,COULTER ROAD,,Minor Crash,No,2023,0,North,0,0,0,Hill Road,0,,0,,0,Bright sun,238600,2,0,0,2,0,0,0,0,0,,0,0,Auckland Region,Nil,2-way,Sealed,0,0,0,0,70,0,None,0,0,,76,Auckland,Nil,0,0,0,0,0,0,Urban,0,0,0,Fine,Null
1745700.8246,5917043.1827,781992,,510800,0,,0,1,,North,2024/2025,EDSEL STREET,VITASOVICH AVENUE,,Non-Injury Crash,No,2025,,South,,0,,Flat,,,,,,Overcast,243300,0,0,0,4,,,0,,,1,,,Auckland Region,Nil,2-way,Sealed,,0,0,,50,,Off,0,0,,76,Auckland,Nil,,,,,0,0,Urban,0,,,Light rain,Null
1756810.034,5919136.2341,781999,,514200,0,,0,2,,West,2022/2023,IAN MCKINNON DRIVE,UPPER QUEEN STREET,,Minor Crash,No,2023,,East,,0,,Hill Road,,,,,,Dark,412900,2,0,0,4,,,0,,,,,,Auckland Region,Nil,2-way,Sealed,,0,0,,60,,On,0,0,,76,Auckland,Nil,,,,,0,0,Urban,0,,,Fine,Null
1751932.6732,5915492.2974,782000,,517902,0,,0,2,,Null,2025/2026,NEW NORTH ROAD,BOLLARD AVENUE,,Minor Crash,No,2025,,South,,0,,Flat,,,,,,Bright sun,519702,1,0,0,4,,,0,,,,,,Auckland Region,Nil,2-way,Sealed,,0,0,,50,,Off,0,0,,76,Auckland,Traffic Signals,,,,,0,0,Urban,0,,,Fine,Null
1765631.5126,5920141.4696,782009,,516700,0,0,0,2,0,West,2023/2024,TAMAKI DRIVE,TURUA STREET,,Minor Crash,No,2024,0,East,0,0,0,Flat,0,,0,,0,Dark,509300,1,0,0,2,0,0,0,0,1,,0,0,Auckland Region,Nil,2-way,Sealed,0,0,0,0,50,0,On,0,0,,76,Auckland,Nil,0,0,0,0,0,0,Urban,0,0,0,Fine,Null
1758631.6014,5912030.0234,782016,,519810,0,0,0,2,0,South,2025/2026,HILL STREET,FLEMING STREET,,Non-Injury Crash,No,2025,0,South,0,0,0,Flat,0,,0,,0,Overcast,601600,0,0,0,1,0,0,0,0,1,,0,0,Auckland Region,Nil,2-way,Sealed,0,0,0,0,50,0,None,0,0,,76,Auckland,Nil,0,0,0,0,0,0,Urban,0,0,0,Light rain,Null
1745847.2238,5924064.5293,782023,,513522,0,,0,1,,Null,2023/2024,PICASSO DRIVE,MATISSE DRIVE,,Serious Crash,No,2023,,West,,0,,Hill Road,,,,,,Overcast,224124,0,0,0,2,,,0,,,1,,,Auckland Region,Nil,2-way,Sealed,,0,1,,50,,None,0,0,,76,Auckland,Give way,,,,,0,0,Urban,0,,,Fine,Null
1744311.4416,5915570.186,782024,,513013,0,0,0,2,0,South,2025/2026,FOREST HILL ROAD,HENDERSON VALLEY ROAD,,Non-Injury Crash,No,2025,0,South,0,0,1,Flat,0,,0,,0,Dark,281518,0,0,0,2,0,0,0,0,1,,0,0,Auckland Region,Nil,2-way,Sealed,0,0,0,0,50,0,On,0,0,,76,Auckland,Nil,0,0,0,0,0,0,Urban,1,0,0,Light rain,Null
1759966.0704,5908217.1323,782033,,524121,0,0,0,0,0,East,2023/2024,HALL AVENUE,ELMDON STREET,,Non-Injury Crash,No,2023,0,West,0,0,0,Flat,0,,0,,0,Dark,737103,0,0,0,2,0,0,0,0,1,,0,0,Auckland Region,Nil,2-way,Sealed,0,0,0,0,50,0,On,1,0,,76,Auckland,Nil,0,0,0,0,0,0,Urban,1,0,0,Fine,None
1761267.8852,5920087.1039,782048,,516400,0,0,0,2,0,West,2024/2025,TAMAKI DRIVE,POKANOA POINT ENT,,Non-Injury Crash,No,2025,0,North,0,0,0,Flat,0,,0,,0,Dark,496600,0,0,0,2,0,0,0,0,1,,0,0,Auckland Region,Nil,2-way,Sealed,0,0,0,0,50,0,On,0,0,,76,Auckland,Nil,0,0,0,0,0,0,Urban,0,0,0,Light rain,Null
1766253.4256,5899920.7834,782049,,524822,1,,0,1,,South,2024/2025,ROSCOMMON ROAD,ROBERT ROSS PLACE,,Minor Crash,No,2024,,South,,0,,Flat,,,,,,Dark,774431,1,0,0,2,,,0,,,,,,Auckland Region,Nil,2-way,Sealed,,0,0,,50,,On,0,0,,76,Auckland,Give way,,,,,0,0,Urban,0,,,Fine,Null
1763198.063,5908448.2734,782056,,524402,0,0,0,0,0,East,2025/2026,ALDERMAN PLACE,SAVILL DRIVE,,Non-Injury Crash,No,2025,0,West,0,0,0,Flat,0,,0,,0,Dark,749900,0,0,0,2,0,0,0,0,1,,0,0,Auckland Region,Nil,2-way,Sealed,0,0,0,0,50,0,On,0,0,,76,Auckland,Nil,0,0,0,0,1,0,Urban,0,0,0,Fine,Null
1759576.4705,5925843.1111,782063,,508110,0,0,0,2,0,East,2023/2024,ST LEONARDS ROAD,LAKE ROAD,,Minor Crash,No,2023,0,West,0,0,1,Flat,0,,0,,0,Bright sun,319200,1,0,0,2,0,0,0,0,0,,0,1,Auckland Region,Nil,2-way,Sealed,0,0,0,0,50,0,Off,0,0,,76,Auckland,Nil,0,0,0,0,0,0,Urban,1,0,0,Fine,Null
1741538.8252,5922111.1393,782064,,513621,0,0,0,1,0,East,2025/2026,RED HILLS ROAD,SUNNYVALE ROAD,,Non-Injury Crash,No,2025,0,East,1,0,0,Hill Road,0,,0,,0,Overcast,226601,0,0,0,2,0,0,0,0,0,,0,0,Auckland Region,Nil,2-way,Sealed,0,0,0,0,60,0,Off,0,0,,76,Auckland,Nil,0,0,0,0,0,0,Urban,0,0,0,Light rain,Null
1742539.9638,5924529.1155,782071,,513410,0,0,0,1,0,North,2023/2024,FRED TAYLOR DRIVE,PUA STREET,,Minor Crash,No,2023,0,North,0,0,0,Flat,0,,0,,0,Twilight,220400,1,0,0,2,0,1,0,0,0,,0,0,Auckland Region,Nil,2-way,Sealed,0,0,0,0,80,0,On,0,0,,76,Auckland,Nil,0,0,0,0,0,0,Open,0,0,0,Fine,Null
1761222.9385,5915410.4674,782079,,520201,0,,0,2,,Null,2022/2023,ROBERT STREET,MORRIN STREET,,Non-Injury Crash,No,2023,,South,,0,,Flat,,,,,,Overcast,613100,0,0,0,2,,,0,,,,,,Auckland Region,Nil,2-way,Sealed,,0,0,,50,,Off,0,0,,76,Auckland,Stop,,,,,0,0,Urban,0,,,Light rain,Null
1759418.3083,5910481.9794,782081,,524002,0,,0,1,,South,2023/2024,SOUTH-WESTERN MOTORWAY,MAHUNGA DRIVE OFF RAMP,,Non-Injury Crash,Yes,2023,,South,,0,,Flat,,,,,,Bright sun,722400,0,0,0,4,,,0,,,,,,Auckland Region,Nil,1-way,Sealed,,0,0,,100,,None,1,0,,76,Auckland,Nil,,,,,0,0,Open,0,,,Fine,None
1759189.6935,5916731.9483,782087,,516001,0,,0,0,,Null,2022/2023,MARKET ROAD OFF RAMP,MARKET ROAD,,Non-Injury Crash,No,2023,,North,,0,,Hill Road,,,,,,Bright sun,491700,0,0,0,2,,,0,,,1,,,Auckland Region,Motorway ramp,1-way,Sealed,,0,0,,50,,Off,0,0,,76,Auckland,Traffic Signals,,,,,0,0,Urban,0,,,Fine,Null
1773497.3605,5896700.0006,782095,,525630,0,,0,1,,Null,2023/2024,SHIRLEY AVENUE,CLEVEDON ROAD,,Serious Crash,No,2023,,South,,0,,Flat,,,,,,Bright sun,794900,0,0,0,2,,,0,,,1,,,Auckland Region,Nil,2-way,Sealed,,0,1,,50,,Off,0,0,,76,Auckland,Give way,,,,,0,0,Urban,0,,,Fine,Null
1763901.2808,5912479.1855,782103,,520500,0,,0,1,,Null,2022/2023,MOUNT WELLINGTON HIGHWAY,MOUNT WELLINGTON HWY ON RAMP,,Non-Injury Crash,No,2023,,North,,0,,Flat,,,,,,Bright sun,637300,0,0,0,4,,,0,,,,,,Auckland Region,Nil,2-way,Sealed,,0,0,,50,,Off,0,0,,76,Auckland,Traffic Signals,,,,,1,0,Urban,0,,,Fine,Null
1766747.0083,5904684.9847,782104,,524603,0,,0,0,,Null,2024/2025,CAVENDISH DRIVE,LAMBIE DRIVE,,Non-Injury Crash,No,2024,,West,,0,,Flat,,,,,,Unknown,780205,0,0,1,2,,,0,,,,,,Auckland Region,Nil,1-way,Sealed,,0,0,,50,,Null,0,0,,76,Auckland,Traffic Signals,,,,,0,0,Urban,1,,,Fine,Null
1750470.7364,5954764.7328,782111,,506201,0,,0,1,,South,2022/2023,NORTHERN GATEWAY TOLL ROAD,NORTHERN MOTORWAY,,Non-Injury Crash,Yes,2023,,North,,0,,Hill Road,,,,,,Overcast,176203,0,0,0,2,,,0,,,,,,Auckland Region,Bridge,1-way,Sealed,,0,0,,100,,Off,0,0,50,76,Auckland,Nil,,,,,1,0,Open,0,,,Fine,Null
1745111.7651,5919770.7229,782112,,513301,0,,0,1,,East,2024/2025,UNIVERSAL DRIVE,TUDOR ROAD,,Non-Injury Crash,No,2024,,East,,0,,Flat,,,,,,Bright sun,232001,0,0,0,4,,,0,,,,,,Auckland Region,Nil,2-way,Sealed,,0,0,,50,,Null,0,0,,76,Auckland,Give way,,,,,0,0,Urban,1,,,Fine,Null
1740462.166,5922770.3774,782113,,513701,0,,0,0,,South,2023/2024,RED HILLS ROAD,NELSON ROAD,,Non-Injury Crash,No,2024,,South,,0,,Hill Road,,,,,,Overcast,229800,0,0,0,2,,,0,,,,,,Auckland Region,Nil,2-way,Sealed,,0,0,,80,,Off,1,0,,76,Auckland,Nil,,,,,0,0,Open,0,,,Fine,Null
1750107.5857,5911648.8126,782121,,512100,0,0,0,1,0,East,2023/2024,GODLEY ROAD,BISHOP STREET,,Non-Injury Crash,No,2024,0,East,0,0,1,Flat,0,,0,,1,Dark,289400,0,0,0,2,0,0,0,0,0,,0,0,Auckland Region,Nil,2-way,Sealed,0,0,0,0,50,0,On,0,0,,76,Auckland,Nil,0,0,0,0,0,0,Urban,0,0,0,Light rain,Null
1749112.5026,5913899.6395,782127,,511302,0,0,0,2,0,West,2023/2024,GREAT NORTH ROAD,NIKAU STREET,,Minor Crash,No,2023,0,East,0,0,1,Flat,0,,0,,0,Dark,268900,1,0,0,2,0,0,0,0,0,,0,0,Auckland Region,Nil,2-way,Sealed,0,0,0,0,50,0,On,0,1,,76,Auckland,Nil,0,0,0,0,0,0,Urban,0,0,0,Fine,Null
1760635.4395,5916754.5118,782136,,516002,0,,0,2,,South,2024/2025,ASCOT AVENUE,REMUERA ROAD,,Non-Injury Crash,No,2025,,North,,0,,Null,,,,,,Unknown,493600,0,0,0,2,,,0,,,,,,Auckland Region,Nil,2-way,Null,,0,0,,50,,Null,0,0,,76,Auckland,Nil,,,,,0,0,Urban,0,,,Null,Null
1757961.4729,5919871.2457,782168,,514301,0,,0,2,,North,2024/2025,SH 16,GRAFTON ROAD ON RAMP,,Non-Injury Crash,Yes,2024,,North,,0,,Null,,,,,,Unknown,440300,0,0,0,3,,,0,,,,,,Auckland Region,Nil,1-way,Sealed,,0,0,,50,,Null,0,0,,76,Auckland,Nil,,,,,0,0,Urban,0,,,Null,Null
1754412.0385,5920646.8017,782175,,515201,0,,0,2,,Null,2025/2026,JERVOIS ROAD,WHARF ROAD,,Minor Crash,No,2025,,South,,0,,Flat,,,,,,Bright sun,422500,1,0,0,4,,,0,,,,,,Auckland Region,Nil,2-way,Sealed,,0,0,,50,,Off,0,0,,76,Auckland,Give way,,,,,0,0,Urban,0,,,Fine,Null
1742210.2092,5930550.6953,782182,,505603,0,0,0,2,0,South,2023/2024,ALEXANDRA STREET,ARTHUR STREET,,Non-Injury Crash,No,2023,0,West,0,0,0,Hill Road,0,,0,,0,Twilight,213602,0,0,0,1,0,0,0,0,1,,0,0,Auckland Region,Nil,2-way,Sealed,0,0,0,0,50,0,On,0,0,,76,Auckland,Nil,0,0,0,0,0,0,Urban,0,0,0,Fine,Null