X,Y,OBJECTID,advisorySpeed,areaUnitID,bicycle,bridge,bus,carStationWagon,cliffBank,crashDirectionDescription,crashFinancialYear,crashLocation1,crashLocation2,crashRoadSideRoad,crashSeverity,crashSHDescription,crashYear,debris,directionRoleDescription,ditch,fatalCount,fence,flatHill,guardRail,holiday,houseOrBuilding,intersection,kerb,light,meshblockId,minorInjuryCount,moped,motorcycle,NumberOfLanes,objectThrownOrDropped,otherObject,otherVehicleType,overBank,parkedVehicle,pedestrian,phoneBoxEtc,postOrPole,region,roadCharacter,roadLane,roadSurface,roadworks,schoolBus,seriousInjuryCount,slipOrFlood,speedLimit,strayAnimal,streetLight,suv,taxi,temporarySpeedLimit,tlaId,tlaName,trafficControl,trafficIsland,trafficSign,train,tree,truck,unknownVehicleType,urban,vanOrUtility,vehicle,waterRiver,weatherA,weatherB
1755015.8291,5913731.3059,782184,,518803,0,,0,1,,Null,2023/2024,DOMINION ROAD,DENBIGH AVENUE,,Non-Injury Crash,No,2023,,North,,0,,Flat,,,,,,Overcast,581700,0,0,0,3,,,0,,,,,,Auckland Region,Nil,2-way,Sealed,,0,0,,50,,Off,0,0,,76,Auckland,Give way,,,,,0,1,Urban,0,,,Light rain,None
1770301.9263,5906367.597,782190,,523712,0,,0,2,,Null,2023/2024,FLAT BUSH SCHOOL ROAD,BROOKVIEW DRIVE,,Non-Injury Crash,No,2023,,West,,0,,Null,,,,,,Unknown,713201,0,0,0,2,,,0,,,,,,Auckland Region,Nil,2-way,Sealed,,0,0,,50,,Null,0,0,,76,Auckland,Give way,,,,,0,0,Urban,0,,,Null,Null
1757993.0027,5912625.7498,782191,,519810,0,0,0,3,0,North,2025/2026,SYMONDS STREET,JACKSON STREET,,Non-Injury Crash,No,2025,0,South,0,0,0,Flat,0,,0,,0,Dark,597800,0,0,0,2,0,0,0,0,1,,0,0,Auckland Region,Nil,2-way,Sealed,0,0,0,0,50,0,On,0,0,,76,Auckland,Nil,0,0,0,0,0,0,Urban,1,0,0,Fine,Null
1764955.9923,5908206.8723,782192,,523404,0,,0,1,,South,2024/2025,GREAT SOUTH ROAD,BAIRDS ROAD,,Non-Injury Crash,No,2024,,North,,0,,Null,,,,,,Unknown,696801,0,0,0,2,,,0,,,,,,Auckland Region,Nil,2-way,Null,,0,0,,50,,Null,0,0,,76,Auckland,Nil,,,,,0,0,Urban,1,,,Null,Null
1755913.1696,5916933.7062,782198,,518201,0,,0,1,,Null,2024/2025,DOMINION ROAD,GRANGE ROAD,,Serious Crash,No,2024,,North,,0,,Flat,,,,,,Bright sun,549100,0,0,0,4,,,0,,,1,,,Auckland Region,Nil,2-way,Sealed,,0,1,,50,,Off,0,0,,76,Auckland,Stop,,,,,0,0,Urban,0,,,Fine,Null
1752317.0755,5930348.0702,782199,,509100,0,,0,1,,Null,2025/2026,UPPER HARBOUR DRIVE,ALBANY HIGHWAY,,Non-Injury Crash,No,2025,,West,,0,,Hill Road,,,,,,Dark,181200,0,0,0,5,,,0,,,,,,Auckland Region,Nil,2-way,Sealed,,0,0,,50,,On,0,0,,76,Auckland,Give way,,,,,0,0,Urban,0,,,Fine,Null
1745930.7606,5918725.4692,782200,,512500,0,,0,3,,Null,2024/2025,CENTRAL PARK DRIVE,SCHOOL ROAD,,Non-Injury Crash,No,2025,,North,,0,,Flat,,,,,,Bright sun,257004,0,0,0,2,,,0,,,,,,Auckland Region,Nil,2-way,Sealed,,0,0,,50,,Off,0,0,,76,Auckland,Traffic Signals,,,,,0,0,Urban,0,,,Fine,Null
1755384.6869,5944137.0052,782224,,505909,0,0,0,3,0,South,2024/2025,KAREPIRO DRIVE,DAVID SIDWELL PLACE,,Minor Crash,No,2024,0,North,0,0,0,Flat,0,,0,,0,Overcast,173909,1,0,0,2,0,0,0,0,1,,0,0,Auckland Region,Nil,2-way,Sealed,0,0,0,0,50,0,Off,0,0,,76,Auckland,Nil,0,0,0,0,0,0,Urban,0,0,0,Fine,Null
1737034.8568,5932766.1235,782240,45,506653,0,0,0,2,0,East,2024/2025,OLD NORTH ROAD,ARARIMU VALLEY ROAD,,Minor Crash,No,2024,0,South,1,0,0,Hill Road,0,,0,,0,Overcast,217000,1,0,0,2,0,0,0,0,0,,0,0,Auckland Region,Nil,2-way,Sealed,0,0,0,0,80,0,None,0,0,,76,Auckland,Nil,0,0,0,0,0,0,Open,0,0,0,Heavy rain,Null
1745530.4381,5916064.2001,782254,,510800,0,,0,2,,South,2023/2024,MILLBROOK ROAD,ARA MARA HUA,,Minor Crash,No,2023,,South,,0,,Flat,,,,,,Bright sun,244500,1,0,0,2,,,0,,,,,,Auckland Region,Nil,2-way,Sealed,,0,0,,50,,Off,0,0,40,76,Auckland,Nil,,,,,0,0,Urban,0,,,Fine,Null
1767089.5438,5905518.2887,782263,,522400,0,,0,1,,Null,2023/2024,PUHINUI ROAD,GREAT SOUTH ROAD,,Non-Injury Crash,No,2023,,East,,0,,Flat,,,,,,Overcast,671200,0,0,0,4,,,0,,,,,,Auckland Region,Nil,2-way,Sealed,,0,0,,50,,Off,1,0,,76,Auckland,Traffic Signals,,,,,0,0,Urban,0,,,Fine,None
1768590.4782,5898903.3277,782271,,525102,0,0,0,1,0,East,2025/2026,WATTLE FARM ROAD,RANGER PLACE,,Non-Injury Crash,No,2025,0,West,0,0,0,Hill Road,0,,0,,0,Dark,769011,0,0,0,2,0,0,0,0,0,,0,1,Auckland Region,Nil,2-way,Sealed,0,0,0,0,50,0,On,0,0,,76,Auckland,Nil,0,0,0,0,0,0,Urban,0,0,0,Light rain,Null
1767905.4462,5904396.0477,782279,,524604,0,0,0,1,0,North,2025/2026,REDOUBT ROAD ON RAMP,REDOUBT ROAD,,Non-Injury Crash,No,2025,0,North,0,0,0,Hill Road,0,Christmas New Year,0,,0,Overcast,780302,0,0,0,2,0,0,0,0,0,,0,1,Auckland Region,Motorway ramp,1-way,Sealed,0,0,0,0,100,0,Off,0,0,,76,Auckland,Nil,0,0,0,0,0,0,Open,0,0,0,Heavy rain,Null
1760686.6107,5916876.4677,782294,,516202,0,0,0,1,0,South,2024/2025,ORAKEI ROAD,ELMSTONE AVENUE,,Minor Crash,No,2024,0,North,0,0,0,Flat,0,,0,,0,Dark,489600,1,0,0,2,0,0,0,0,1,,0,0,Auckland Region,Nil,2-way,Sealed,0,0,0,0,50,0,On,1,0,,76,Auckland,Nil,0,0,0,0,0,0,Urban,0,0,0,Fine,Null
1768907.9049,5899569.5927,782295,,525101,0,,0,0,,East,2025/2026,MAHIA ROAD,TAWA CRESCENT,,Minor Crash,No,2025,,West,,0,,Hill Road,,,,,,Twilight,770200,1,0,0,2,,,0,,,1,,,Auckland Region,Nil,2-way,Sealed,,0,0,,50,,Off,0,0,,76,Auckland,Nil,,,,,0,0,Urban,1,,,Fine,Null
1756493.4391,5919031.9471,782328,,514200,0,0,0,1,0,East,2024/2025,NORTH-WESTERN MOTORWAY,NEWTON OBR,,Minor Crash,Yes,2025,0,West,0,0,0,Flat,1,,0,,0,Twilight,412800,2,0,0,2,0,0,0,0,0,,0,0,Auckland Region,Nil,1-way,Sealed,0,0,0,0,80,0,On,1,0,,76,Auckland,Nil,0,0,0,0,0,0,Open,0,0,0,Fine,Null
1769996.7617,5915299.6129,782336,,522711,0,,0,2,,Null,2023/2024,CASUARINA ROAD,BUCKLANDS BEACH ROAD,,Non-Injury Crash,No,2023,,East,,0,,Flat,,,,,,Overcast,680801,0,0,0,2,,,0,,,,,,Auckland Region,Nil,2-way,Sealed,,0,0,,50,,Off,0,0,,76,Auckland,Stop,,,,,0,0,Urban,0,,,Fine,None
1767422.6126,5903002.1303,782342,,524602,0,,0,0,,East,2023/2024,KERRS ROAD,DRUCES ROAD,,Non-Injury Crash,No,2024,,West,,0,,Flat,,,,,,Bright sun,780407,0,0,0,2,,,0,,,,,,Auckland Region,Nil,2-way,Sealed,,0,0,,60,,Off,0,0,,76,Auckland,Nil,,,,,1,0,Urban,1,,,Fine,Null
1754586.4361,5913622.4194,782343,,518803,0,,0,1,,North,2024/2025,ROSEMAN AVENUE,CHRISTIE STREET,,Minor Crash,No,2025,,North,,0,,Flat,,,,,,Bright sun,581900,1,0,0,2,,,0,,,1,,,Auckland Region,Nil,2-way,Sealed,,0,0,,50,,Off,0,0,,76,Auckland,Nil,,,,,0,0,Urban,0,,,Fine,Null
1752285.5253,5944222.8435,782359,45,506003,0,0,0,0,0,South,2023/2024,DUCK CREEK ROAD,CHARITY WAY,,Non-Injury Crash,No,2024,0,West,0,0,0,Hill Road,0,,0,,0,Overcast,175806,0,0,0,2,0,0,0,0,0,,0,0,Auckland Region,Nil,2-way,Sealed,0,0,0,0,60,0,None,0,0,,76,Auckland,Nil,0,1,0,0,0,0,Urban,1,0,0,Fine,Null
1751955.9692,5917953.1851,782368,,515001,0,0,0,1,0,West,2025/2026,GREAT NORTH ROAD ON RAMP,GT NORTH OBR,,Minor Crash,No,2025,0,East,0,0,0,Flat,0,,0,,0,Overcast,392400,1,0,0,2,0,0,0,0,0,,0,0,Auckland Region,Motorway ramp,1-way,Sealed,0,0,0,0,100,0,Off,0,0,,76,Auckland,Nil,0,0,0,1,0,0,Open,0,0,0,Fine,Null
1761795.6321,5906251.8035,782375,,524200,0,,0,2,,Null,2024/2025,TIDAL ROAD,CINNAMON ROAD,,Non-Injury Crash,No,2024,,North,,0,,Null,,,,,,Bright sun,728700,0,0,0,2,,,0,,,,,,Auckland Region,Nil,2-way,Sealed,,0,0,,50,,Null,0,0,,76,Auckland,Nil,,,,,0,0,Urban,0,,,Fine,Null
1753641.3326,5916505.0793,782383,,517800,1,,0,1,,Null,2024/2025,ALBERTON AVENUE,ALEXIS AVENUE,,Minor Crash,No,2025,,North,,0,,Hill Road,,,,,,Overcast,528400,2,0,0,2,,,0,,,,,,Auckland Region,Nil,2-way,Sealed,,0,0,,30,,Off,0,0,,76,Auckland,Nil,,,,,0,0,Urban,0,,,Fine,Null
1754833.6428,5917502.2757,782384,,517500,0,0,0,2,0,South,2024/2025,MCDONALD STREET,ALTHAM AVENUE,,Non-Injury Crash,No,2024,0,North,0,0,0,Flat,0,,0,,0,Dark,532600,0,0,0,2,0,0,0,0,1,,0,0,Auckland Region,Nil,2-way,Sealed,0,0,0,0,50,0,On,0,0,,76,Auckland,Nil,0,0,0,0,0,0,Urban,0,0,0,Fine,Null
1754454.7591,5915136.437,782400,,518802,0,,0,2,,Null,2024/2025,MOUNT ALBERT ROAD,SANDRINGHAM ROAD,,Non-Injury Crash,No,2024,,North,,0,,Flat,,,,,,Bright sun,577300,0,0,0,3,,,0,,,,,,Auckland Region,Nil,2-way,Sealed,,0,0,,50,,Off,0,0,,76,Auckland,Traffic Signals,,,,,0,0,Urban,0,,,Fine,Null
1759172.1439,5888340.5262,782407,,521122,0,0,0,0,0,Null,2023/2024,MCKENZIE ROAD,KINGSEAT ROAD,,Non-Injury Crash,No,2024,0,North,0,0,0,Flat,0,,0,,0,Overcast,810800,0,0,0,1,0,0,0,0,0,,0,1,Auckland Region,Nil,1-way,Sealed,0,0,0,0,80,0,Off,0,0,,76,Auckland,Give way,0,0,0,0,1,0,Open,0,0,0,Mist or Fog,Null
1763638.3362,5917621.188,782408,,516302,0,,0,1,,Null,2025/2026,ST JOHNS ROAD,TRUMAN STREET,,Minor Crash,No,2025,,East,,0,,Flat,,,,,,Bright sun,462602,1,1,0,2,,,0,,,,,,Auckland Region,Nil,2-way,Sealed,,0,0,,50,,Off,0,0,,76,Auckland,Give way,,,,,0,0,Urban,0,,,Fine,Null
1743881.0818,5921227.1159,782415,,513631,0,0,0,2,0,South,2024/2025,LINCOLN PARK AVENUE,SUNPARK PLACE,,Non-Injury Crash,No,2024,0,North,0,0,0,Flat,0,,0,,0,Dark,227500,0,0,0,2,0,0,0,0,1,,0,0,Auckland Region,Nil,2-way,Sealed,0,0,0,0,50,0,On,0,0,,76,Auckland,Nil,0,0,0,0,0,0,Urban,0,0,0,Fine,Null
1750121.0464,5918000.7875,782416,,514801,0,0,0,1,0,West,2024/2025,NORTH-WESTERN MOTORWAY,ROSEBANK BR,,Non-Injury Crash,Yes,2024,0,West,0,0,0,Flat,1,,0,,0,Dark,390401,0,0,0,5,0,0,0,0,0,,0,0,Auckland Region,Nil,1-way,Sealed,0,0,0,0,100,0,On,0,0,,76,Auckland,Nil,0,0,0,0,0,0,Open,0,0,0,Fine,Null
1765631.5645,5906879.1031,782431,,522202,0,,0,3,,Null,2024/2025,GREAT SOUTH ROAD,CHARLES STREET,,Minor Crash,No,2024,,North,,0,,Flat,,,,,,Overcast,663500,4,0,0,4,,,0,,,,,,Auckland Region,Nil,2-way,Sealed,,0,0,,50,,Off,0,0,,76,Auckland,Stop,,,,,0,0,Urban,0,,,Fine,Strong wind
1769741.94,5907357.1462,782432,,523713,0,,1,1,,Null,2024/2025,CHAPEL ROAD,ORMISTON ROAD,,Non-Injury Crash,No,2025,,South,,0,,Flat,,,,,,Overcast,712401,0,0,0,3,,,0,,,,,,Auckland Region,Nil,1-way,Sealed,,0,0,,50,,Off,0,0,,76,Auckland,Traffic Signals,,,,,0,0,Urban,0,,,Fine,Null
1755396.2113,5964605.069,782440,,506634,0,,0,1,,West,2024/2025,RIDGE ROAD,MARTINS BAY ROAD,,Non-Injury Crash,No,2024,,North,,0,,Flat,,,,,,Bright sun,141902,0,0,0,2,,,0,,,,,,Auckland Region,Nil,2-way,Sealed,,0,0,,50,,None,0,0,,76,Auckland,Nil,,,,,0,0,Urban,0,,,Fine,Null
1760605.1814,5912355.7966,782447,,520000,0,,0,2,,Null,2022/2023,MAYS ROAD,CHURCH STREET,,Non-Injury Crash,No,2023,,South,,0,,Flat,,,,,,Twilight,606600,0,0,0,2,,,0,,,,,,Auckland Region,Nil,2-way,Sealed,,0,0,,50,,On,0,0,,76,Auckland,Give way,,,,,0,0,Urban,0,,,Fine,None
1757922.6617,5912082.8612,782448,,519810,0,,0,1,,East,2024/2025,SOUTH-WESTERN MOTORWAY,QUEENSTOWN ROAD OFF RAMP,,Non-Injury Crash,Yes,2024,,West,,0,,Flat,,,,,,Dark,602501,0,0,0,3,,,0,,,,,,Auckland Region,Motorway ramp,1-way,Sealed,,0,0,,,,Null,0,0,,76,Auckland,Nil,,,,,0,0,Urban,1,,,Light rain,Null
1764073.3378,5915012.4729,782454,,520303,0,,1,1,,Null,2023/2024,ELLERSLIE-PANMURE HIGHWAY,LUNN AVENUE,,Non-Injury Crash,No,2023,,East,,0,,Flat,,,,,,Overcast,626901,0,0,0,2,,,0,,,,,,Auckland Region,Nil,2-way,Sealed,,0,0,,50,,On,0,0,,76,Auckland,Give way,,,,,0,0,Urban,0,,,Fine,Null
1753108.6357,5934307.6835,782455,,508701,0,,0,1,,South,2024/2025,NORTHERN MOTORWAY,MCCLYMONTS OBR,,Non-Injury Crash,Yes,2024,,North,,0,,Flat,,,,,,Bright sun,178900,0,0,0,3,,,0,,,,,,Auckland Region,Nil,1-way,Sealed,,0,0,,100,,Null,0,0,,76,Auckland,Nil,,,,,0,0,Open,1,,,Fine,Null
1766970.5579,5903700.5301,782464,,524602,0,,0,2,,Null,2024/2025,DRUCES ROAD,WIRI STATION ROAD,,Non-Injury Crash,No,2025,,North,,0,,Flat,,,,,,Bright sun,780404,0,0,0,5,,,0,,,,,,Auckland Region,Nil,2-way,Sealed,,0,0,,50,,None,0,0,,76,Auckland,Traffic Signals,,,,,0,0,Urban,0,,,Fine,Null
1748951.2611,5934932.1224,782472,,506653,0,0,0,1,0,South,2025/2026,O'BRIEN ROAD,COATESVILLE-RIVERHEAD HIGHWAY,,Non-Injury Crash,No,2025,0,South,0,0,0,Hill Road,0,,0,,0,Dark,217500,0,0,0,2,0,0,0,0,0,,0,0,Auckland Region,Nil,2-way,Sealed,0,0,0,0,60,0,None,0,0,,76,Auckland,Nil,0,0,0,1,0,0,Urban,0,0,0,Fine,Null
1757574.4355,5877859.286,782479,,521152,0,0,0,0,0,North,2023/2024,WAIUKU ROAD,BARRIBALL ROAD,,Non-Injury Crash,No,2024,0,South,0,0,0,Flat,0,,0,,0,Bright sun,832800,0,0,0,2,0,0,0,0,0,,0,1,Auckland Region,Nil,2-way,Sealed,0,0,0,0,80,0,None,0,0,,76,Auckland,Nil,0,0,0,0,0,0,Open,1,0,0,Fine,Null
1753251.8853,5912290.8825,782487,45,518902,0,,0,1,,South,2023/2024,HILLSBOROUGH ROAD,COMMODORE DRIVE,,Non-Injury Crash,No,2023,,South,,0,,Flat,,,,,,Dark,587100,0,0,0,2,,,0,,,,,,Auckland Region,Nil,2-way,Sealed,,0,0,,50,,On,1,0,,76,Auckland,Nil,,,,,0,0,Urban,0,,,Mist or Fog,None
1765167.0213,5914538.5525,782494,,520602,0,0,0,1,0,Null,2023/2024,SOUTH EASTERN BUSWAY,BASIN VIEW LANE,,Non-Injury Crash,No,2023,0,South,0,0,0,Flat,0,,0,,0,Bright sun,628700,0,0,0,1,0,0,0,0,0,,0,0,Auckland Region,Nil,1-way,Sealed,0,0,0,0,50,0,Off,0,0,,76,Auckland,Traffic Signals,0,1,0,0,0,0,Urban,1,0,0,Fine,Null
1763500.9437,5912752.9717,782496,,520500,0,,0,1,,East,2025/2026,SOUTHERN MOTORWAY,MOUNT WELLINGTON HWY OFF RAMP,,Minor Crash,Yes,2025,,East,,0,,Flat,,,,,,Overcast,637400,1,0,0,3,,,0,,,,,,Auckland Region,Nil,1-way,Sealed,,0,0,,100,,Off,0,0,,76,Auckland,Nil,,,,,0,0,Open,1,,,Fine,Null
1730243.1189,5974308.1339,782503,35,506613,0,0,0,0,1,South,2024/2025,KAIPARA COAST HIGHWAY,WHAREHINE ROAD,,Fatal Crash,Yes,2024,0,South,0,1,0,Hill Road,0,,0,,0,Overcast,145100,0,0,0,2,0,0,0,0,0,,0,0,Auckland Region,Nil,2-way,Sealed,0,0,0,0,100,0,Off,1,0,,76,Auckland,Nil,0,0,0,0,0,0,Open,0,0,0,Fine,Null
1753342.6958,5915370.941,782518,,517903,0,0,0,2,0,West,2022/2023,OWAIRAKA AVENUE,MOUNTFIELD TERRACE,,Non-Injury Crash,No,2023,0,West,0,0,0,Flat,0,,0,,0,Twilight,518000,0,0,0,2,0,0,0,0,1,,0,0,Auckland Region,Nil,2-way,Sealed,0,0,0,0,50,0,On,0,0,,76,Auckland,Nil,0,0,0,0,0,0,Urban,0,0,0,Light rain,Strong wind
1747913.4524,5913594.9527,782526,,511100,0,,0,2,,Null,2023/2024,WEST COAST ROAD,RUA ROAD,,Minor Crash,No,2024,,North,,0,,Flat,,,,,,Bright sun,286100,1,0,0,2,,,0,,,,,,Auckland Region,Nil,2-way,Sealed,,0,0,,50,,None,0,0,,76,Auckland,Give way,,,,,0,0,Urban,0,,,Fine,Null
1762617.6959,5905594.1321,782542,,524200,0,,0,2,,North,2023/2024,TIDAL ROAD,PORTAGE ROAD,,Serious Crash,No,2024,,South,,0,,Flat,,,,,,Bright sun,728900,1,0,0,2,,,0,,,,,,Auckland Region,Nil,2-way,Sealed,,0,1,,50,,Off,0,0,,76,Auckland,Nil,,,,,0,0,Urban,0,,,Fine,Null
1758975.1059,5911789.1456,782543,,519820,0,,0,0,,Null,2024/2025,NEILSON STREET,O'RORKE STREET,,Minor Crash,No,2024,,West,,0,,Flat,,,,,,Bright sun,602300,1,0,1,4,,,0,,,,,,Auckland Region,Nil,2-way,Sealed,,0,0,,50,,Off,0,0,,76,Auckland,Give way,,,,,0,1,Urban,0,,,Fine,Null
1752682.7711,5918253.687,782552,,515002,0,,0,1,,South,2025/2026,GREAT NORTH ROAD,WALMER ROAD,,Serious Crash,No,2025,,South,,0,,Hill Road,,,,,,Twilight,390501,0,0,1,3,,,0,,,,,,Auckland Region,Nil,2-way,Sealed,,0,1,,50,,On,0,0,,76,Auckland,Nil,,,,,0,0,Urban,0,,,Fine,Null
1759767.3123,5909058.7495,782558,,524002,0,,0,3,,Null,2023/2024,SOUTH-WESTERN MOTORWAY,WALMSLEY ROAD OFF RAMP,,Non-Injury Crash,Yes,2023,,South,,0,,Flat,,,,,,Overcast,724102,0,0,0,3,,,0,,,,,,Auckland Region,Motorway ramp,1-way,Sealed,,0,0,,100,,On,0,0,,76,Auckland,Nil,,,,,0,0,Open,0,,,Light rain,Null
1756177.6886,5924096.6042,782582,,509800,0,,0,1,,South,2022/2023,NORTHERN MOTORWAY,NORTHERN BUSWAY,,Non-Injury Crash,Yes,2023,,South,,0,,Flat,,,,,,Dark,361100,0,0,0,5,,,0,,,,,,Auckland Region,Nil,1-way,Sealed,,0,0,,80,,On,0,0,,76,Auckland,Nil,,,,,0,0,Open,2,,,Fine,Null
1744042.6588,5917100.9174,782598,,513220,0,0,0,2,0,South,2023/2024,STURGES ROAD,SPENCE ROAD,,Non-Injury Crash,No,2023,0,South,0,0,0,Flat,0,,0,,0,Overcast,236715,0,0,0,1,0,0,0,0,1,,0,0,Auckland Region,Nil,2-way,Sealed,0,0,0,0,50,0,Off,0,0,,76,Auckland,Nil,0,0,0,0,0,0,Urban,0,0,0,Fine,Null
1767049.381,5901969.192,782600,,524720,0,0,0,3,0,Null,2025/2026,BROWNS ROAD,MARR ROAD,,Minor Crash,No,2025,0,North,0,0,0,Flat,0,,0,,0,Bright sun,779500,1,0,0,2,0,0,0,0,2,,0,0,Auckland Region,Nil,2-way,Sealed,0,0,0,0,50,0,None,0,0,40,76,Auckland,Nil,0,0,0,0,0,0,Urban,0,0,0,Fine,Null
1764719.3771,5909975.7233,782639,,521802,0,,0,1,,West,2024/2025,AVENUE ROAD,WATER STREET,,Non-Injury Crash,No,2024,,West,,0,,Null,,,,,,Unknown,788101,0,0,0,2,,,0,,,,,,Auckland Region,Nil,2-way,Null,,0,0,,30,,Null,0,0,,76,Auckland,Nil,,,,,0,1,Urban,0,,,Null,Null
1747667.9462,5926526.7112,782647,,513431,0,0,0,0,0,East,2024/2025,HOBSONVILLE POINT ROAD,SIDNEY WALLINGFORD WAY,,Non-Injury Crash,No,2025,0,West,1,0,0,Flat,0,,0,,0,Overcast,221907,0,0,0,1,0,0,0,0,0,,0,0,Auckland Region,Nil,1-way,Sealed,0,0,0,0,50,0,Off,1,0,,76,Auckland,Nil,0,0,0,1,0,0,Urban,0,0,0,Light rain,Null
1770531.9123,5917557.7849,782678,,522601,0,0,0,1,0,North,2023/2024,THE ESPLANADE,HOSTEL ACCESS ROAD,,Non-Injury Crash,No,2023,0,North,0,0,0,Flat,0,,0,,0,Bright sun,676603,0,0,0,2,0,0,0,0,1,,0,0,Auckland Region,Nil,2-way,Sealed,0,0,0,0,50,0,Off,0,0,,76,Auckland,Nil,0,0,0,0,0,0,Urban,1,0,0,Fine,Null
1747420.5759,5969451.2169,782687,,506613,0,,0,2,,West,2024/2025,WOODCOCKS ROAD,MASON HEIGHTS,,Non-Injury Crash,No,2025,,West,,0,,Hill Road,,,,,,Twilight,146003,0,0,0,2,,,0,,,,,,Auckland Region,Nil,2-way,Sealed,,0,0,,50,,Off,0,0,,76,Auckland,Nil,,,,,0,1,Urban,0,,,Fine,Strong wind
1741832.0837,5917419.6054,782694,,513102,0,0,0,1,0,South,2023/2024,CANDIA ROAD,COULTER ROAD,,Non-Injury Crash,No,2023,0,North,1,0,0,Hill Road,0,,0,,0,Dark,238600,0,0,0,2,0,0,0,0,0,,0,0,Auckland Region,Nil,2-way,Sealed,0,0,0,0,60,0,None,0,0,,76,Auckland,Nil,0,0,0,0,0,0,Urban,0,0,0,Light rain,Null
1766370.0529,5907578.0272,782695,,523601,0,,0,0,,East,2024/2025,EAST TAMAKI ROAD,EAST TAMAKI ROAD ON RAMP,,Non-Injury Crash,No,2024,,West,,0,,Hill Road,,,,,,Overcast,708500,0,0,0,3,,,0,,,,,,Auckland Region,Nil,1-way,Sealed,,0,0,,50,,Off,2,0,,76,Auckland,Nil,,,,,0,0,Urban,0,,,Fine,None
1752152.0998,5938014.8478,782712,,506300,0,,0,2,,South,2024/2025,NORTHERN MOTORWAY,WRIGHT OBR,,Non-Injury Crash,Yes,2024,,North,,0,,Flat,,,,,,Overcast,176101,0,0,0,2,,,0,,,,,,Auckland Region,Nil,1-way,Sealed,,0,0,,100,,Off,0,0,,76,Auckland,Nil,,,,,0,0,Open,0,,,Heavy rain,Null
1758483.2381,5918041.4955,782718,,517400,0,,0,1,,North,2023/2024,REMUERA ROAD,NUFFIELD STREET,,Minor Crash,No,2024,,North,,0,,Hill Road,,,,,,Bright sun,451300,1,0,0,3,,,0,,,1,,,Auckland Region,Nil,2-way,Sealed,,0,0,,50,,None,0,0,,76,Auckland,Nil,,,,,0,0,Urban,0,,,Fine,Null
1769613.6669,5905398.7048,782726,,523712,0,,0,2,,Null,2023/2024,THOMAS ROAD,DONEGAL PARK DRIVE,,Non-Injury Crash,No,2023,,West,,0,,Flat,,,,,,Dark,716202,0,0,0,2,,,0,,,,,,Auckland Region,Nil,2-way,Sealed,,0,0,,50,,On,0,0,,76,Auckland,Give way,,,,,0,0,Urban,0,,,Fine,Null
1747165.7666,5915511.3744,782728,,511601,0,,0,0,,Null,2025/2026,HEPBURN ROAD,BUTTERWORTH DRIVE,,Non-Injury Crash,No,2025,,South,,0,,Null,,,,,,Overcast,272500,0,0,0,2,,,0,,,,,,Auckland Region,Nil,2-way,Sealed,,0,0,,50,,Null,1,0,,76,Auckland,Give way,,,,,0,0,Urban,0,,,Light rain,Null
1761074.9411,5909258.8848,782743,,524404,0,,0,1,,Null,2024/2025,FAVONA ROAD,HARANIA AVENUE,,Serious Crash,No,2025,,West,,0,,Flat,,,,,,Overcast,729400,0,0,0,2,,,0,,,,,,Auckland Region,Nil,2-way,Sealed,,0,1,,50,,Off,0,0,,76,Auckland,Give way,,,,,1,0,Urban,0,,,Heavy rain,Null
1754927.2407,5930229.6982,782744,,508420,0,,0,2,,East,2025/2026,TOTARAVALE DRIVE,TAWAVALE CRESCENT,,Minor Crash,No,2025,,North,,0,,Flat,,,,,,Overcast,182300,1,0,0,2,,,0,,,,,,Auckland Region,Nil,2-way,Sealed,,0,0,,50,,Off,0,0,,76,Auckland,Nil,,,,,0,0,Urban,0,,,Fine,Null
1754198.6073,5929817.637,782750,,508420,0,0,0,1,0,Null,2023/2024,LEIDEN PLACE,CHEVAL DRIVE,,Non-Injury Crash,No,2024,0,South,0,0,1,Hill Road,0,,0,,0,Dark,182702,0,0,0,2,0,0,0,0,0,,0,0,Auckland Region,Nil,2-way,Sealed,0,0,0,0,50,0,On,0,0,,76,Auckland,Give way,0,0,0,0,0,0,Urban,0,0,0,Fine,Null
1760964.4936,5907748.3906,782758,,524510,0,0,0,3,0,East,2023/2024,MCKINSTRY AVENUE,CRANMERE CRESCENT,,Non-Injury Crash,No,2024,0,North,0,0,0,Flat,0,,0,,0,Dark,736601,0,0,0,2,0,0,0,0,1,,0,0,Auckland Region,Nil,2-way,Sealed,0,0,0,0,50,0,On,0,0,,76,Auckland,Nil,0,0,0,0,0,0,Urban,0,0,0,Fine,Null
1753876.3608,5918280.4868,782760,,515432,0,0,0,2,0,East,2024/2025,NORTH-WESTERN MOTORWAY,ST LUKES OBR,,Minor Crash,Yes,2024,0,West,0,0,0,Flat,1,,0,,0,Dark,405500,2,0,0,3,0,0,0,0,0,,0,0,Auckland Region,Nil,1-way,Sealed,0,0,0,0,100,0,On,0,0,,76,Auckland,Nil,0,0,0,0,0,0,Open,0,0,0,Fine,Null
1763184.7988,5908126.0105,782774,,524402,0,,0,3,,Null,2023/2024,MASSEY ROAD,MIAMI STREET,,Non-Injury Crash,No,2023,,South,,0,,Flat,,,,,,Twilight,750000,0,0,0,4,,,0,,,,,,Auckland Region,Nil,2-way,Sealed,,0,0,,50,,On,0,0,,76,Auckland,Give way,,,,,0,0,Urban,0,,,Fine,Null