X,Y,OBJECTID,advisorySpeed,areaUnitID,bicycle,bridge,bus,carStationWagon,cliffBank,crashDirectionDescription,crashFinancialYear,crashLocation1,crashLocation2,crashRoadSideRoad,crashSeverity,crashSHDescription,crashYear,debris,directionRoleDescription,ditch,fatalCount,fence,flatHill,guardRail,holiday,houseOrBuilding,intersection,kerb,light,meshblockId,minorInjuryCount,moped,motorcycle,NumberOfLanes,objectThrownOrDropped,otherObject,otherVehicleType,overBank,parkedVehicle,pedestrian,phoneBoxEtc,postOrPole,region,roadCharacter,roadLane,roadSurface,roadworks,schoolBus,seriousInjuryCount,slipOrFlood,speedLimit,strayAnimal,streetLight,suv,taxi,temporarySpeedLimit,tlaId,tlaName,trafficControl,trafficIsland,trafficSign,train,tree,truck,unknownVehicleType,urban,vanOrUtility,vehicle,waterRiver,weatherA,weatherB
1760110.9441,5915540.7798,782790,,519400,0,,0,1,,North,2024/2025,GREAT SOUTH ROAD,ADAM STREET,,Minor Crash,No,2024,,North,,0,,Flat,,,,,,Overcast,617100,1,0,0,4,,,0,,,,,,Auckland Region,Nil,2-way,Sealed,,0,0,,50,,Off,1,0,,76,Auckland,Nil,,,,,0,0,Urban,0,,,Fine,Null
1761230.4069,5914126.2978,782792,,519500,0,,0,2,,North,2023/2024,GREAT SOUTH ROAD,GREENPARK ROAD,,Non-Injury Crash,No,2024,,North,,0,,Null,,,,,,Unknown,620500,0,0,0,4,,,0,,,,,,Auckland Region,Nil,2-way,Null,,0,0,,50,,Null,0,0,,76,Auckland,Nil,,,,,0,0,Urban,0,,,Null,Null
1757768.3051,5918210.714,782799,,515700,0,,0,0,,South,2024/2025,SOUTHERN MOTORWAY,MOUNTAIN OBR,,Non-Injury Crash,Yes,2025,,North,,0,,Flat,,,,,,Overcast,443600,0,0,0,5,,,0,,,,,,Auckland Region,Nil,1-way,Sealed,,0,0,,80,,Off,2,0,,76,Auckland,Nil,,,,,0,0,Open,1,,,Light rain,Null
1774549.5793,5896593.123,782808,,525610,0,0,0,1,0,East,2024/2025,SHEEHAN AVENUE,VALENTINE STREET,,Non-Injury Crash,No,2024,0,West,0,0,0,Null,0,,0,,0,Unknown,799900,0,0,0,2,0,0,0,0,1,,0,0,Auckland Region,Nil,2-way,Null,0,0,0,0,50,0,Null,0,0,,76,Auckland,Nil,0,0,0,0,0,0,Urban,0,0,0,Null,Null
1746071.4984,5920334.2543,782814,,513301,0,,0,2,,South,2022/2023,NORTH-WESTERN MOTORWAY,LINCOLN ROAD OFF RAMP,,Non-Injury Crash,Yes,2023,,North,,0,,Flat,,,,,,Overcast,230301,0,0,0,3,,,0,,,,,,Auckland Region,Nil,1-way,Sealed,,0,0,,100,,Off,0,0,,76,Auckland,Nil,,,,,0,0,Open,1,,,Light rain,Null
1755093.3271,5929152.331,782823,,508420,0,,0,1,,Null,2024/2025,WAIRAU ROAD,VIEW ROAD,,Minor Crash,No,2025,,North,,0,,Hill Road,,,,,,Dark,183800,1,0,1,5,,,0,,,,,,Auckland Region,Nil,2-way,Sealed,,0,0,,50,,On,0,0,,76,Auckland,Give way,,,,,0,0,Urban,0,,,Light rain,Null
1763389.3081,5920386.8071,782840,,516500,0,0,0,2,0,East,2024/2025,TAMAKI DRIVE,PATTESON AVENUE,,Non-Injury Crash,No,2024,0,East,0,0,0,Flat,0,,0,,0,Bright sun,500700,0,0,0,2,0,0,0,0,1,,0,0,Auckland Region,Nil,2-way,Sealed,0,0,0,0,30,0,Off,1,0,,76,Auckland,Nil,0,0,0,0,0,0,Urban,0,0,0,Fine,Null
1752550.5854,5916918.4757,782855,45,517901,0,,0,1,,Null,2024/2025,WOODWARD ROAD,CARRINGTON ROAD,,Minor Crash,No,2024,,East,,0,,Hill Road,,,,,,Overcast,524300,1,0,0,2,,,0,,,1,,,Auckland Region,Nil,2-way,Sealed,,0,0,,50,,Off,0,0,,76,Auckland,Give way,,,,,0,0,Urban,0,,,Fine,Null
1766661.6471,5907647.3473,782864,,523501,0,,0,2,,East,2023/2024,EAST TAMAKI ROAD,NEWBURY STREET,,Non-Injury Crash,No,2024,,East,,0,,Flat,,,,,,Bright sun,700700,0,0,0,2,,,0,,,,,,Auckland Region,Nil,1-way,Sealed,,0,0,,50,,Off,0,0,,76,Auckland,Nil,,,,,0,0,Urban,0,,,Fine,None
1770300.5644,5901417.5587,782870,,523814,0,,1,1,,West,2024/2025,ALFRISTON ROAD,SARALEE DRIVE,,Minor Crash,No,2024,,East,,0,,Flat,,,,,,Bright sun,759515,1,0,0,2,,,0,,,1,,,Auckland Region,Nil,2-way,Sealed,,0,0,,50,,Off,0,0,40,76,Auckland,Nil,,,,,0,0,Urban,0,,,Fine,Null
1771679.3529,5906900.5967,782872,,523713,0,,1,1,,North,2024/2025,TOFANE LANE,RUIA ROAD,,Non-Injury Crash,No,2024,,South,,0,,Flat,,Christmas New Year,,,,Bright sun,712600,0,0,0,2,,,0,,,,,,Auckland Region,Nil,2-way,Sealed,,0,0,,30,,Off,0,0,20,76,Auckland,Nil,,,,,0,0,Urban,0,,,Fine,Null
1763889.9999,5912605.6638,782878,,520500,0,,0,1,,Null,2023/2024,MOUNT WELLINGTON HIGHWAY,MOUNT WELLINGTON HWY OFF RAMP,,Non-Injury Crash,No,2023,,North,,0,,Flat,,,,,,Overcast,637500,0,0,0,3,,,0,,,,,,Auckland Region,Nil,1-way,Sealed,,0,0,,50,,Off,0,0,,76,Auckland,Traffic Signals,,,,,0,1,Urban,0,,,Fine,None
1777207.897,5879792.3149,782894,,521160,0,,0,1,,North,2024/2025,GREAT SOUTH ROAD,RIDGE ROAD ON RAMP,,Non-Injury Crash,Yes,2024,,North,,0,,Hill Road,,,,,,Overcast,828204,0,0,0,3,,,0,,,,,,Auckland Region,Nil,1-way,Sealed,,0,0,,100,,Off,0,0,,76,Auckland,Nil,,,,,0,0,Open,1,,,Heavy rain,Null
1755904.0346,5919496.8352,782903,,514000,0,,1,0,,North,2023/2024,PONSONBY ROAD,WILLIAMSON AVENUE,,Non-Injury Crash,No,2024,,North,,0,,Flat,,Easter,,,,Bright sun,414500,0,0,0,4,,,0,,,,,,Auckland Region,Nil,2-way,Sealed,,0,0,,40,,Off,1,0,,76,Auckland,Nil,,,,,0,0,Urban,0,,,Fine,Null
1761480.7096,5906461.8039,782904,,524112,1,0,0,1,0,North,2024/2025,IMRIE AVENUE,MASSEY ROAD,,Serious Crash,No,2025,0,North,0,0,0,Flat,0,,0,,0,Bright sun,742300,0,0,0,2,0,0,0,0,0,,0,0,Auckland Region,Speed hump,2-way,Sealed,0,0,1,0,50,0,Null,0,0,,76,Auckland,Nil,0,1,0,0,0,0,Urban,0,0,0,Fine,Null
1768937.2261,5881022.1489,782927,,525910,0,,0,0,,Null,2025/2026,MASSEY AVENUE,EDINBURGH STREET,,Minor Crash,No,2025,,West,,0,,Flat,,,,,,Bright sun,818900,1,0,1,1,,,0,,,,,,Auckland Region,Nil,1-way,Sealed,,0,0,,50,,Off,0,0,,76,Auckland,Give way,,,,,0,0,Urban,1,,,Fine,Null
1760006.2419,5906325.2878,782936,,524111,0,,0,1,,South,2022/2023,THOMAS ROAD,CORNWALL ROAD,,Non-Injury Crash,No,2023,,South,,0,,Flat,,,,,,Dark,740300,0,0,0,2,,,0,,,,,,Auckland Region,Nil,2-way,Sealed,,0,0,,50,,On,0,0,,76,Auckland,Nil,,,,,0,0,Urban,1,,,Light rain,Null
1757220.9849,5912480.5581,782943,,518702,0,,0,2,,South,2025/2026,SOUTH-WESTERN MOTORWAY,HILLSBOROUGH ROAD ON RAMP,,Minor Crash,Yes,2025,,South,,0,,Hill Road,,,,,,Dark,570300,1,0,0,3,,,0,,,,,,Auckland Region,Nil,1-way,Sealed,,0,0,,100,,On,0,0,,76,Auckland,Nil,,,,,0,0,Open,0,,,Heavy rain,Null
1764775.6897,5903718.0521,782951,,524604,0,,1,0,,Null,2024/2025,ROSCOMMON ROAD,CAVENDISH DRIVE,,Non-Injury Crash,No,2024,,North,,0,,Flat,,,,,,Bright sun,781200,0,0,0,3,,,0,,,,,,Auckland Region,Nil,1-way,Sealed,,0,0,,50,,Off,0,0,,76,Auckland,Traffic Signals,,,,,0,0,Urban,1,,,Fine,Null
1763110.2062,5919111.4654,782959,,516500,0,,0,2,,Null,2024/2025,KEPA ROAD,PATTESON AVENUE,,Non-Injury Crash,No,2024,,West,,0,,Flat,,,,,,Bright sun,502202,0,0,0,2,,,0,,,,,,Auckland Region,Nil,2-way,Sealed,,0,0,,50,,Null,0,0,,76,Auckland,Traffic Signals,,,,,0,0,Urban,0,,,Fine,Null
1751155.3154,5915532.0822,782976,,514401,0,0,0,1,0,North,2024/2025,GREAT NORTH ROAD,ROSEBANK ROAD,,Non-Injury Crash,No,2024,0,South,0,0,0,Flat,0,,0,,0,Dark,381802,0,0,0,3,0,0,0,0,1,,0,0,Auckland Region,Nil,2-way,Sealed,0,0,0,0,50,0,On,0,0,,76,Auckland,Nil,0,0,0,0,0,0,Urban,1,0,0,Light rain,Null
1756326.0189,5918401.7233,782984,,515600,0,,0,2,,Null,2023/2024,IAN MCKINNON DRIVE,NEW NORTH ROAD,,Non-Injury Crash,No,2024,,North,,0,,Flat,,,,,,Dark,419600,0,0,0,2,,,0,,,,,,Auckland Region,Nil,2-way,Sealed,,0,0,,50,,On,0,2,,76,Auckland,Give way,,,,,0,0,Urban,0,,,Fine,Null
1753197.4399,5916338.4671,782990,,517800,0,0,0,1,0,South,2024/2025,MOUNT ALBERT ROAD,FERNER AVENUE,,Minor Crash,No,2024,0,North,0,0,0,Hill Road,0,,0,,0,Bright sun,527900,1,0,0,2,0,0,0,0,0,,0,1,Auckland Region,Nil,2-way,Sealed,0,0,0,0,50,0,Off,0,0,,76,Auckland,Nil,0,0,0,0,1,0,Urban,0,0,0,Fine,Null
1757271.6441,5918769.8569,782991,,514302,0,,0,1,,South,2024/2025,GRAFTON ROAD,BURTON STREET,,Serious Crash,No,2025,,West,,0,,Flat,,,,,,Overcast,441700,0,0,0,4,,,0,,,1,,,Auckland Region,Nil,2-way,Sealed,,0,1,,50,,Off,0,0,,76,Auckland,Nil,,,,,0,0,Urban,0,,,Fine,Null
1755555.8814,5932591.8109,783006,,507400,1,,1,0,,Null,2023/2024,EAST COAST ROAD,EAST COAST ROAD,,Minor Crash,No,2023,,South,,0,,Hill Road,,,,,,Overcast,152900,1,0,0,4,,,0,,,,,,Auckland Region,Nil,2-way,Sealed,,0,0,,50,,Off,0,0,,76,Auckland,Traffic Signals,,,,,0,0,Urban,0,,,Fine,Null
1765625.6072,5908549.5755,783014,,523402,0,,0,0,,North,2022/2023,SOUTHERN MOTORWAY,HIGHBROOK DRIVE ON RAMP,,Non-Injury Crash,Yes,2023,,South,,0,,Hill Road,,,,,,Bright sun,696900,0,0,0,3,,,0,,,,,,Auckland Region,Motorway ramp,1-way,Sealed,,0,0,,50,,Off,0,0,,76,Auckland,Nil,,,,,2,0,Urban,0,,,Fine,Null
1770661.8906,5898621.474,783032,,523920,0,,0,2,,Null,2023/2024,GREAT SOUTH ROAD,TAKA STREET,,Non-Injury Crash,No,2023,,South,,0,,Flat,,,,,,Bright sun,768008,0,0,0,2,,,0,,,,,,Auckland Region,Nil,2-way,Sealed,,0,0,,50,,Null,0,0,,76,Auckland,Traffic Signals,,,,,0,0,Urban,0,,,Fine,Null
1770095.1436,5910613.7044,783046,,523113,0,,0,2,,Null,2023/2024,TE IRIRANGI DRIVE,LEIXLEP LANE,,Minor Crash,No,2024,,North,,0,,Flat,,,,,,Overcast,711742,2,0,0,3,,,0,,,,,,Auckland Region,Nil,1-way,Sealed,,0,0,,80,,Off,0,0,,76,Auckland,Give way,,,,,0,0,Open,1,,,Light rain,Strong wind
1759161.9799,5924832.1684,783048,,508120,0,,0,0,,Null,2024/2025,PHILOMEL CRESCENT,EGREMONT STREET,,Serious Crash,No,2024,,North,,0,,Hill Road,,,,,,Bright sun,318900,0,0,1,2,,,0,,,,,,Auckland Region,Nil,2-way,Sealed,,0,1,,50,,Off,0,0,,76,Auckland,Give way,,,,,0,0,Urban,0,,,Fine,Null
1757690.6914,5918305.9125,783055,,514302,0,,0,2,,North,2025/2026,SOUTHERN MOTORWAY,MOUNTAIN ROAD,,Non-Injury Crash,Yes,2025,,South,,0,,Flat,,,,,,Overcast,442100,0,0,0,5,,,0,,,,,,Auckland Region,Motorway ramp,1-way,Sealed,,0,0,,80,,Off,0,0,,76,Auckland,Nil,,,,,0,0,Open,0,,,Fine,Null
1755411.3706,5927385.2946,783072,,508620,0,0,0,0,0,North,2023/2024,SUNNYBRAE ROAD,CORONATION ROAD,,Non-Injury Crash,No,2024,0,North,0,0,0,Hill Road,0,,0,,0,Bright sun,203700,0,0,0,2,0,1,0,0,0,,0,0,Auckland Region,Nil,2-way,Sealed,0,0,0,0,50,0,Off,0,0,,76,Auckland,Nil,0,0,0,0,1,0,Urban,0,0,0,Fine,Null
1772651.9293,5894573.8372,783079,,525530,0,,0,1,,South,2024/2025,GREAT SOUTH ROAD,TAONUI STREET,,Non-Injury Crash,No,2025,,North,,0,,Flat,,,,,,Bright sun,803602,0,0,0,2,,,0,,,,,,Auckland Region,Nil,2-way,Sealed,,0,0,,50,,Off,1,0,,76,Auckland,Nil,,,,,0,0,Urban,0,,,Fine,Null
1753071.8308,5935187.6005,783094,,508703,0,,0,1,,North,2023/2024,FAIRVIEW AVENUE,OTEHA VALLEY ROAD,,Minor Crash,No,2024,,South,,0,,Flat,,,,,,Bright sun,179201,1,0,0,1,,,0,,,,,,Auckland Region,Nil,2-way,Sealed,,0,0,,50,,Off,0,0,,76,Auckland,Nil,,,,,0,0,Urban,1,,,Fine,Null
1754611.1674,5913874.7202,783111,,518803,0,,0,2,,South,2024/2025,MAY ROAD,STODDARD ROAD,,Non-Injury Crash,No,2025,,North,,0,,Null,,,,,,Overcast,581700,0,0,0,4,,,0,,,,,,Auckland Region,Nil,2-way,Sealed,,0,0,,50,,Null,0,0,,76,Auckland,Nil,,,,,0,0,Urban,0,,,Fine,Null
1758016.4136,5913474.3448,783119,,518600,0,,0,1,,West,2025/2026,MOUNT ALBERT ROAD,ERSON AVENUE,,Non-Injury Crash,No,2025,,East,,0,,Flat,,,,,,Overcast,567300,0,0,0,4,,,0,,,,,,Auckland Region,Nil,2-way,Sealed,,0,0,,50,,Off,0,0,,76,Auckland,Nil,,,,,0,0,Urban,1,,,Fine,Null
1762390.4958,5907176.6189,783126,,524520,0,,0,1,,North,2023/2024,MASSEY ROAD,BUCKLAND ROAD,,Minor Crash,No,2023,,South,,0,,Flat,,Christmas New Year,,,,Overcast,734703,1,0,1,2,,,0,,,,,,Auckland Region,Nil,2-way,Sealed,,0,0,,50,,Off,0,0,,76,Auckland,Nil,,,,,0,0,Urban,0,,,Fine,Null
1758266.2201,5927666.0645,783143,,508010,1,,0,1,,Null,2024/2025,HURSTMERE ROAD,THE PROMENADE,,Minor Crash,No,2025,,South,,0,,Hill Road,,,,,,Bright sun,326100,1,0,0,2,,,0,,,,,,Auckland Region,Nil,2-way,Sealed,,0,0,,30,,Off,0,0,,76,Auckland,Stop,,,,,0,0,Urban,0,,,Fine,Null
1758043.4599,5917946.3563,783184,,515700,0,,0,2,,North,2024/2025,GILLIES AVENUE OFF RAMP,GILLIES AVENUE,,Non-Injury Crash,No,2024,,South,,0,,Null,,,,,,Overcast,443200,0,0,0,2,,,0,,,,,,Auckland Region,Nil,1-way,Sealed,,0,0,,50,,Null,0,0,,76,Auckland,Nil,,,,,0,0,Urban,0,,,Null,Null
1767770.2208,5913592.5959,783200,45,522910,0,,0,1,,Null,2023/2024,PAKURANGA ROAD,JOHNS LANE,,Non-Injury Crash,No,2024,,South,,0,,Flat,,,,,,Dark,685500,0,0,1,3,,,0,,,,,,Auckland Region,Nil,2-way,Sealed,,0,0,,50,,On,0,0,,76,Auckland,Stop,,,,,0,0,Urban,0,,,Fine,None
1773201.1057,5897233.8137,783206,,525630,0,0,0,2,0,Null,2023/2024,OLD WAIROA ROAD,HALBERG STREET,,Non-Injury Crash,No,2023,0,West,0,0,0,Flat,0,,0,,0,Dark,793900,0,0,0,2,0,0,0,0,1,,0,0,Auckland Region,Nil,2-way,Sealed,0,0,0,0,50,0,On,0,0,,76,Auckland,Nil,0,0,0,0,0,0,Urban,0,0,0,Light rain,Null
1767682.3481,5907720.3063,783207,,523502,0,,0,2,,Null,2024/2025,EAST TAMAKI ROAD,HILLS ROAD,,Non-Injury Crash,No,2025,,East,,0,,Flat,,,,,,Bright sun,701900,0,0,0,2,,,0,,,,,,Auckland Region,Nil,1-way,Sealed,,0,0,,50,,Off,0,0,,76,Auckland,Traffic Signals,,,,,0,0,Urban,0,,,Fine,Null
1762523.2221,5906611.6539,783222,,524302,0,,0,0,,Null,2022/2023,RAGLAN STREET,WINTHROP WAY,,Non-Injury Crash,No,2023,,North,,0,,Flat,,,,,,Overcast,744000,0,0,1,2,,,0,,,,,,Auckland Region,Nil,2-way,Sealed,,0,0,,50,,Off,0,0,,76,Auckland,Nil,,,,,0,0,Urban,0,,,Fine,Null
1775108.3517,5887002.9944,783231,,521132,0,,0,0,,South,2024/2025,SOUTHERN MOTORWAY,RAMARAMA OFF RAMP,,Minor Crash,Yes,2025,,North,,0,,Flat,,,,,,Dark,814003,1,0,0,2,,,0,,,,,,Auckland Region,Motorway ramp,1-way,Sealed,,0,0,,100,,On,2,0,,76,Auckland,Nil,,,,,1,0,Open,2,,,Heavy rain,Null
1766318.1751,5907554.6429,783246,,523601,0,0,0,1,0,Null,2022/2023,EAST TAMAKI ROAD,EAST TAMAKI ROAD OFF RAMP,,Non-Injury Crash,No,2023,0,North,0,0,0,Flat,0,,0,,0,Overcast,708500,0,0,0,3,0,0,0,0,0,,0,0,Auckland Region,Nil,1-way,Sealed,0,0,0,0,60,0,Off,0,0,,76,Auckland,Traffic Signals,0,1,0,0,0,0,Urban,0,0,0,Fine,Null
1764264.842,5912324.6591,783247,,520500,0,,0,1,,East,2024/2025,SOUTHERN MOTORWAY,SYLVIA PARK RAIL OBR,,Non-Injury Crash,Yes,2025,,West,,0,,Flat,,,,,,Bright sun,639500,0,0,0,2,,,0,,,,,,Auckland Region,Nil,1-way,Sealed,,0,0,,100,,Off,1,0,,76,Auckland,Nil,,,,,0,0,Open,1,,,Fine,Null
1751553.9656,5915237.1082,783263,,514401,0,,0,1,,Null,2023/2024,ST JUDE STREET,BLOCKHOUSE BAY ROAD,,Non-Injury Crash,No,2023,,South,,0,,Hill Road,,,,,,Unknown,382901,0,0,0,2,,,0,,,,,,Auckland Region,Nil,2-way,Sealed,,0,0,,50,,Null,0,0,,76,Auckland,Traffic Signals,,,,,0,0,Urban,1,,,Fine,None
1728446.3668,5932130.189,783288,,506652,0,0,0,0,0,South,2022/2023,SH 16,RESTALL ROAD,,Non-Injury Crash,Yes,2023,0,South,0,0,0,Flat,0,,0,,0,Overcast,218200,0,0,0,2,0,0,0,0,0,,0,1,Auckland Region,Nil,2-way,Sealed,0,0,0,0,100,0,Off,1,0,,76,Auckland,Nil,0,0,0,0,0,0,Open,0,0,0,Heavy rain,Null
1749705.1897,5913847.0461,783302,,511303,0,,0,1,,South,2022/2023,CLARK STREET,GREAT NORTH ROAD,,Non-Injury Crash,No,2023,,Null,,0,,Hill Road,,,,,,Overcast,264901,0,0,1,2,,,0,,,,,,Auckland Region,Nil,1-way,Sealed,,0,0,,50,,Off,0,0,,76,Auckland,Nil,,,,,0,0,Urban,0,,,Light rain,Null
1761248.8594,5909318.3603,783304,,524404,0,,0,1,,Null,2023/2024,FAVONA ROAD,FORBES ROAD,,Serious Crash,No,2024,,West,,0,,Flat,,,,,,Dark,730500,0,0,1,2,,,0,,,,,,Auckland Region,Nil,2-way,Sealed,,0,1,,50,,On,0,0,,76,Auckland,Give way,,,,,0,0,Urban,0,,,Fine,Null
1755515.9652,5924732.1936,783335,,509800,0,0,0,1,0,North,2024/2025,LAKE ROAD,ONEWA ROAD,,Non-Injury Crash,No,2025,0,North,0,0,0,Null,1,,0,,0,Dark,360200,0,0,0,2,0,0,0,0,0,,0,0,Auckland Region,Nil,2-way,Sealed,0,0,0,0,50,0,On,0,0,,76,Auckland,Nil,0,0,0,0,0,0,Urban,0,0,0,Fine,Null
1757635.9829,5915250.0982,783359,,515802,0,,0,2,,Null,2024/2025,THE DRIVE,ONSLOW AVENUE,,Non-Injury Crash,No,2024,,South,,0,,Flat,,,,,,Dark,448100,0,0,0,2,,,0,,,,,,Auckland Region,Nil,2-way,Sealed,,0,0,,50,,On,0,0,,76,Auckland,Stop,,,,,0,0,Urban,0,,,Light rain,Null
1749984.4464,5911616.9738,783366,,512100,0,0,0,1,0,West,2023/2024,GODLEY ROAD,BISHOP STREET,,Minor Crash,No,2023,0,West,0,0,0,Flat,0,,0,,0,Bright sun,288900,1,0,0,2,0,0,0,0,2,,0,0,Auckland Region,Nil,2-way,Sealed,0,0,0,0,50,0,Off,1,0,,76,Auckland,Nil,0,0,0,0,0,0,Urban,1,0,0,Fine,Null
1766914.841,5907646.0359,783382,,523602,0,,0,2,,Null,2022/2023,EAST TAMAKI ROAD,BAIRDS ROAD,,Non-Injury Crash,No,2023,,West,,0,,Flat,,,,,,Dark,709300,0,0,0,2,,,0,,,,,,Auckland Region,Nil,2-way,Sealed,,0,0,,50,,On,0,0,,76,Auckland,Traffic Signals,,,,,0,0,Urban,0,,,Fine,Null
1763174.9294,5886339.4764,783391,,521122,0,,0,1,,Null,2024/2025,GLENBROOK ROAD,BATTY ROAD,,Non-Injury Crash,No,2025,,East,,0,,Flat,,,,,,Dark,813200,0,0,0,2,,,0,,,,,,Auckland Region,Nil,2-way,Sealed,,0,0,,80,,On,0,0,,76,Auckland,Stop,,,,,0,0,Open,1,,,Fine,Null
1768504.384,5901329.2921,783392,,524901,0,,0,1,,South,2023/2024,GREAT SOUTH ROAD,KELVYN GROVE,,Minor Crash,No,2024,,South,,0,,Hill Road,,,,,,Bright sun,756500,1,0,0,3,,,0,,,1,,,Auckland Region,Nil,2-way,Sealed,,0,0,,50,,Off,0,0,,76,Auckland,Nil,,,,,0,0,Urban,0,,,Fine,Null
1767881.5033,5880066.5914,783415,,525921,0,,0,1,,Null,2025/2026,WARD STREET,GREEN LANE,,Serious Crash,No,2025,,West,,0,,Flat,,,,,,Overcast,822401,0,0,0,2,,,0,,,,,,Auckland Region,Nil,2-way,Sealed,,0,1,,50,,Off,1,0,,76,Auckland,Give way,,,,,0,0,Urban,0,,,Heavy rain,Null
1744913.9331,5921264.4436,783416,,513530,0,,0,2,,West,2024/2025,NORTH-WESTERN MOTORWAY,HURUHURU OBR,,Minor Crash,Yes,2024,,South,,0,,Hill Road,,,,,,Dark,226302,1,0,0,3,,,0,,,,,,Auckland Region,Nil,1-way,Sealed,,0,0,,100,,On,0,0,,76,Auckland,Nil,,,,,0,0,Open,2,,,Fine,Null
1753429.8095,5931293.5324,783430,,508807,0,0,0,0,0,West,2023/2024,PAUL MATTHEWS ROAD,PAUL MATTHEWS OFF-RAMP,,Minor Crash,No,2023,0,West,0,0,0,Flat,0,,0,,1,Bright sun,180810,1,0,1,2,0,0,0,0,0,,0,0,Auckland Region,Nil,1-way,Sealed,0,0,0,0,80,0,Off,0,0,,76,Auckland,Nil,0,0,0,0,0,0,Open,0,0,0,Fine,Null
1756475.5354,5924436.8736,783439,,509702,0,0,0,1,0,East,2024/2025,ONEWA ROAD ON RAMP,NORTHERN MOTORWAY,,Non-Injury Crash,No,2025,0,South,0,0,0,Hill Road,1,,0,,0,Overcast,366700,0,0,0,2,0,0,0,0,0,,0,0,Auckland Region,Motorway ramp,1-way,Sealed,0,0,0,0,80,0,Null,0,0,,76,Auckland,Nil,0,0,0,0,0,0,Open,0,0,0,Light rain,Null
1770596.7396,5911030.8561,783446,,523109,0,,0,0,,South,2023/2024,CHAPEL ROAD,DANNEMORA DRIVE,,Minor Crash,No,2023,,East,,0,,Flat,,,,,,Overcast,712008,1,0,0,2,,,0,,,1,,,Auckland Region,Nil,2-way,Sealed,,0,0,,60,,Off,0,0,,76,Auckland,Give way,,,,,0,0,Urban,0,,,Light rain,Null
1741987.6025,5913161.7682,783447,45,512902,0,,0,0,,South,2024/2025,FOREST HILL ROAD,KELLYS ROAD,,Non-Injury Crash,No,2025,,East,,0,,Hill Road,,,,,,Dark,279000,0,0,0,2,,,0,,,,,,Auckland Region,Nil,2-way,Sealed,,0,0,,60,,None,0,0,,76,Auckland,Nil,,,,,0,0,Urban,1,,,Mist or Fog,Null
1751727.9108,5917229.7895,783485,,514900,0,0,0,1,0,Null,2022/2023,GREAT NORTH ROAD,OAKLEY AVENUE,,Minor Crash,No,2023,0,North,0,0,1,Flat,0,,0,,0,Twilight,384701,1,0,0,4,0,0,0,0,0,,0,0,Auckland Region,Nil,2-way,Sealed,0,0,0,0,50,0,Off,1,0,,76,Auckland,Give way,0,0,0,0,0,0,Urban,0,0,0,Fine,Null
1755922.6994,5936332.6479,783494,,507000,0,,0,1,,Null,2024/2025,DEEP CREEK ROAD,ALEXANDER AVENUE,,Minor Crash,No,2024,,North,,0,,Hill Road,,,,,,Dark,164800,1,0,0,2,,,0,,,,,,Auckland Region,Nil,2-way,Sealed,,0,0,,50,,On,0,0,,76,Auckland,Give way,,,,,0,0,Urban,1,,,Fine,Null
1768195.3841,5912514.9024,783495,,523000,0,0,0,2,0,North,2024/2025,GOSSAMER DRIVE,CHATSWORTH CRESCENT,,Non-Injury Crash,No,2024,0,North,0,0,0,Flat,0,,0,,0,Dark,689300,0,0,0,2,0,0,0,0,1,,0,0,Auckland Region,Nil,2-way,Sealed,0,0,0,0,50,0,On,0,0,40,76,Auckland,Nil,0,0,0,0,0,0,Urban,0,0,0,Fine,Null
1763394.6416,5911226.8396,783501,,520500,0,,0,0,,Null,2022/2023,GREAT SOUTH ROAD,MOUNT RICHMOND DRIVE,,Minor Crash,No,2023,,South,,0,,Flat,,,,,,Dark,637702,2,0,0,5,,,0,,,,,,Auckland Region,Nil,2-way,Sealed,,0,0,,50,,On,0,0,,76,Auckland,Traffic Signals,,,,,0,0,Urban,2,,,Fine,Null
1766463.9999,5907320.9961,783502,45,523601,0,,0,2,,Null,2022/2023,SOUTHERN MOTORWAY,EAST TAMAKI ROAD ON RAMP,,Non-Injury Crash,Yes,2023,,South,,0,,Flat,,,,,,Overcast,709000,0,0,0,3,,,0,,,,,,Auckland Region,Nil,1-way,Sealed,,0,0,,100,,Off,0,0,,76,Auckland,Give way,,,,,0,0,Open,0,,,Fine,None
1756703.2167,5912792.6155,783511,,518702,0,0,0,1,0,East,2023/2024,SOUTH-WESTERN MOTORWAY,HILLSBOROUGH OBR,,Non-Injury Crash,Yes,2024,0,East,0,0,0,Hill Road,1,,0,,0,Dark,569900,0,0,0,3,0,0,0,0,0,,0,0,Auckland Region,Bridge,1-way,Sealed,0,0,0,0,100,0,On,0,0,,76,Auckland,Nil,0,0,0,0,0,0,Open,0,0,0,Light rain,Null
1755979.5151,5928079.4338,783525,,507900,0,,0,0,,South,2022/2023,NORTHERN MOTORWAY,WAIRAU OBR,,Minor Crash,Yes,2023,,South,,0,,Flat,,,,,,Bright sun,305202,1,0,0,3,,,1,,,,,,Auckland Region,Nil,1-way,Sealed,,0,0,,100,,Off,1,0,,76,Auckland,Nil,,,,,1,0,Open,0,,,Fine,Null