X,Y,OBJECTID,advisorySpeed,areaUnitID,bicycle,bridge,bus,carStationWagon,cliffBank,crashDirectionDescription,crashFinancialYear,crashLocation1,crashLocation2,crashRoadSideRoad,crashSeverity,crashSHDescription,crashYear,debris,directionRoleDescription,ditch,fatalCount,fence,flatHill,guardRail,holiday,houseOrBuilding,intersection,kerb,light,meshblockId,minorInjuryCount,moped,motorcycle,NumberOfLanes,objectThrownOrDropped,otherObject,otherVehicleType,overBank,parkedVehicle,pedestrian,phoneBoxEtc,postOrPole,region,roadCharacter,roadLane,roadSurface,roadworks,schoolBus,seriousInjuryCount,slipOrFlood,speedLimit,strayAnimal,streetLight,suv,taxi,temporarySpeedLimit,tlaId,tlaName,trafficControl,trafficIsland,trafficSign,train,tree,truck,unknownVehicleType,urban,vanOrUtility,vehicle,waterRiver,weatherA,weatherB
1759935.9999,5908533.9961,783526,,524403,0,,0,0,,South,2024/2025,SOUTH-WESTERN MOTORWAY,WALMSLEY OBR,,Non-Injury Crash,Yes,2025,,South,,0,,Flat,,,,,,Bright sun,729800,0,0,0,2,,,0,,,,,,Auckland Region,Nil,1-way,Sealed,,0,0,,100,,Off,1,0,,76,Auckland,Nil,,,,,1,0,Open,0,,,Fine,None
1754692.6363,5916514.7124,783527,,517702,0,,0,1,,East,2024/2025,ST LUKES ROAD,KINGSWAY AVENUE,,Minor Crash,No,2025,,West,,0,,Flat,,,,,,Bright sun,540300,1,0,0,4,,,0,,,1,,,Auckland Region,Nil,2-way,Sealed,,0,0,,50,,Off,0,0,,76,Auckland,Nil,,,,,0,0,Urban,0,,,Fine,Null
1782910.7271,5905393.6118,783534,55,525201,0,0,0,1,0,South,2023/2024,CLEVEDON-KAWAKAWA ROAD,RIVERSIDE WAY,,Non-Injury Crash,No,2023,0,Null,0,0,1,Flat,0,,0,,0,Unknown,764400,0,0,0,2,0,0,0,0,0,,0,0,Auckland Region,Nil,2-way,Sealed,1,0,0,0,80,0,None,0,0,,76,Auckland,Nil,0,0,0,1,0,0,Open,0,0,0,Null,None
1769941.5058,5908139.6136,783551,,523713,0,,1,1,,Null,2023/2024,STANCOMBE ROAD,CHAPEL ROAD,,Minor Crash,No,2024,,West,,0,,Flat,,,,,,Bright sun,712401,2,0,0,5,,,0,,,,,,Auckland Region,Nil,2-way,Sealed,,0,0,,50,,Off,0,0,30,76,Auckland,Traffic Signals,,,,,0,0,Urban,0,,,Fine,Null
1766388.6126,5902581.7518,783582,,524604,0,,0,2,,West,2023/2024,KERRS ROAD,DALGETY DRIVE,,Non-Injury Crash,No,2024,,East,,0,,Flat,,,,,,Bright sun,780403,0,0,0,2,,,0,,,,,,Auckland Region,Nil,2-way,Sealed,,0,0,,50,,Off,0,0,,76,Auckland,Nil,,,,,0,0,Urban,0,,,Fine,None
1757660.027,5918337.334,783614,,514302,0,,0,2,,Null,2024/2025,SOUTHERN MOTORWAY,KHYBER PASS ROAD ON RAMP,,Non-Injury Crash,Yes,2024,,South,,0,,Null,,,,,,Unknown,442100,0,0,0,5,,,0,,,,,,Auckland Region,Nil,1-way,Sealed,,0,0,,80,,Null,0,0,,76,Auckland,Nil,,,,,0,0,Open,0,,,Fine,Null
1756147.3662,5920985.6724,783621,,515202,0,0,0,1,0,East,2023/2024,NORTHERN MOTORWAY,VICTORIA PARK VDT N,,Serious Crash,Yes,2024,0,South,0,0,0,Hill Road,2,,0,,0,Dark,425600,0,0,0,2,0,0,0,0,0,,0,0,Auckland Region,Nil,1-way,Sealed,0,0,1,0,80,0,On,0,0,,76,Auckland,Nil,0,0,0,0,0,0,Open,0,0,0,Light rain,Null
1768891.6816,5900858.7372,783623,,525001,0,,0,0,,Null,2024/2025,GREAT SOUTH ROAD,ALFRISTON ROAD,,Non-Injury Crash,No,2024,,North,,0,,Flat,,,,,,Twilight,751600,0,0,0,3,,,0,,,,,,Auckland Region,Nil,2-way,Sealed,,0,0,,50,,On,0,0,,76,Auckland,Traffic Signals,,,,,2,0,Urban,1,,,Fine,Null
1767970.9347,5903229.3839,783637,,524602,0,0,0,2,0,West,2023/2024,KERRS ROAD,WALLSON CRESCENT,,Non-Injury Crash,No,2023,0,West,0,0,0,Flat,0,,0,,0,Overcast,780407,0,0,0,1,0,0,0,0,1,,0,0,Auckland Region,Nil,2-way,Sealed,0,0,0,0,50,0,On,0,0,,76,Auckland,Nil,0,0,0,0,0,0,Urban,1,0,0,Light rain,Strong wind
1739672.6492,5928598.6034,783645,,505604,0,,0,1,,South,2022/2023,SH 16,RIVERHEAD ROAD,,Non-Injury Crash,Yes,2023,,North,,0,,Flat,,,,,,Overcast,214204,0,0,0,2,,,0,,,,,,Auckland Region,Nil,2-way,Sealed,,0,0,,50,,Off,0,0,,76,Auckland,Nil,,,,,0,0,Urban,1,,,Fine,Null
1752259.5642,5914908.8631,783647,,514500,0,0,0,1,0,East,2023/2024,METHUEN ROAD,BOLLARD AVENUE,,Non-Injury Crash,No,2024,0,East,0,0,0,Hill Road,0,,0,,0,Dark,377701,0,0,0,2,0,0,0,0,1,,0,0,Auckland Region,Nil,2-way,Sealed,0,0,0,0,50,0,On,0,0,,76,Auckland,Nil,0,0,0,0,0,0,Urban,0,0,0,Light rain,Null
1776446.0113,5881285.1348,783653,,521160,0,,0,1,,South,2022/2023,GREAT SOUTH ROAD,BOMBAY ON RAMP,,Non-Injury Crash,Yes,2023,,South,,0,,Flat,,,,,,Overcast,827800,0,0,0,2,,,0,,,,,,Auckland Region,Nil,1-way,Sealed,,0,0,,100,,Off,0,0,,76,Auckland,Nil,,,,,2,0,Open,0,,,Fine,Null
1751668.0895,5916983.6573,783661,,514900,0,,0,3,,Null,2023/2024,GREAT NORTH ROAD,ALVERSTON STREET,,Minor Crash,No,2023,,North,,0,,Flat,,,,,,Overcast,384701,1,0,0,4,,,0,,,,,,Auckland Region,Nil,2-way,Sealed,,0,0,,50,,Off,0,0,,76,Auckland,Stop,,,,,0,0,Urban,0,,,Fine,Null
1756056.308,5917444.1791,783677,,518201,0,,0,0,,Null,2023/2024,DOMINION ROAD,WALTERS ROAD,,Minor Crash,No,2024,,North,,0,,Flat,,,,,,Dark,547800,1,0,0,4,,,0,,,1,,,Auckland Region,Nil,2-way,Sealed,,0,0,,50,,On,0,0,,76,Auckland,Traffic Signals,,,,,0,0,Urban,0,,,Fine,Null
1730943.0257,5954415.3989,783679,,506613,0,0,0,1,1,North,2024/2025,KAIPARA COAST HIGHWAY,MAKARAU ROAD,,Serious Crash,Yes,2024,0,South,0,0,0,Hill Road,0,,0,,0,Bright sun,146300,0,0,0,2,0,0,0,0,0,,0,0,Auckland Region,Nil,2-way,Sealed,0,0,1,0,100,0,None,0,0,,76,Auckland,Nil,0,1,0,1,0,0,Open,0,0,0,Fine,Null
1757187.4813,5912507.004,783685,,518702,0,,0,3,,South,2023/2024,SOUTH-WESTERN MOTORWAY,HILLSBOROUGH ROAD ON RAMP,,Minor Crash,Yes,2024,,South,,0,,Hill Road,,,,,,Dark,570300,1,0,0,3,,,0,,,,,,Auckland Region,Nil,1-way,Sealed,,0,0,,100,,On,0,0,,76,Auckland,Nil,,,,,0,0,Open,1,,,Light rain,Null
1766585.6638,5913284.564,783687,,522910,0,0,0,1,0,East,2024/2025,PAKURANGA ROAD,TI RAKAU DRIVE,,Minor Crash,No,2025,0,West,0,0,0,Hill Road,0,,0,,0,Dark,684000,2,0,0,3,0,0,0,0,0,,0,0,Auckland Region,Nil,1-way,Sealed,0,0,0,0,50,0,On,0,0,,76,Auckland,Nil,0,1,0,0,0,0,Urban,0,0,0,Fine,Null
1747208.6512,5914945.6108,783711,,511800,0,,0,2,,South,2024/2025,GREAT NORTH ROAD,SOLDIERS WAY,,Minor Crash,No,2025,,South,,0,,Hill Road,,,,,,Overcast,277902,1,0,0,4,,,0,,,,,,Auckland Region,Nil,2-way,Sealed,,0,0,,50,,Off,0,0,,76,Auckland,Nil,,,,,0,0,Urban,0,,,Light rain,Null
1745544.1351,5922595.6469,783717,,513530,0,0,0,1,0,Null,2022/2023,ROYAL ROAD,GRANVILLE DRIVE,,Non-Injury Crash,No,2023,0,East,0,0,0,Hill Road,0,,0,,1,Dark,226005,0,0,0,2,0,0,0,0,0,,0,0,Auckland Region,Nil,2-way,Sealed,0,0,0,0,50,0,On,0,0,,76,Auckland,Stop,0,1,0,0,0,0,Urban,0,0,0,Light rain,Strong wind
1766340.3187,5905315.4118,783735,,522400,0,0,0,1,0,South,2022/2023,CARRUTH ROAD,FITZROY STREET,,Non-Injury Crash,No,2023,0,North,0,0,0,Flat,0,,0,,0,Bright sun,672104,0,0,0,2,0,0,0,0,1,,0,0,Auckland Region,Nil,2-way,Sealed,0,0,0,0,50,0,None,0,0,,76,Auckland,Nil,0,0,0,0,0,0,Urban,1,0,0,Fine,None
1749168.7645,5972768.5963,783749,,506661,0,,0,1,,North,2023/2024,CLAYDEN ROAD,MATAKANA ROAD,,Minor Crash,No,2023,,South,,0,,Hill Road,,,,,,Overcast,139105,1,0,0,2,,,0,,,,,,Auckland Region,Nil,2-way,Unsealed,,0,0,,80,,None,0,0,,76,Auckland,Nil,,,,,0,0,Open,0,,,Fine,Null
1758126.61,5915585.4776,783750,,515801,0,,0,1,,Null,2024/2025,MANUKAU ROAD,QUEEN MARY AVENUE,,Minor Crash,No,2025,,North,,0,,Flat,,,,,,Overcast,447300,1,0,0,4,,,0,,,1,,,Auckland Region,Nil,2-way,Sealed,,0,0,,50,,Off,0,0,,76,Auckland,Give way,,,,,0,0,Urban,0,,,Fine,Null
1731670.9962,5953575.5695,783759,,506646,0,0,0,0,0,South,2024/2025,KAIPARA COAST HIGHWAY,MAKARAU ROAD,,Serious Crash,Yes,2024,0,South,0,0,0,Flat,0,,0,,0,Twilight,212404,0,0,0,2,0,0,0,0,0,,0,1,Auckland Region,Nil,2-way,Sealed,0,0,1,0,100,0,None,0,0,,76,Auckland,Nil,0,0,0,0,0,0,Open,1,0,0,Light rain,Null
1774248.4978,5893936.5485,783773,45,521301,0,0,0,0,1,East,2023/2024,OPAHEKE ROAD,WALKER ROAD,,Minor Crash,No,2023,0,North,0,0,0,Hill Road,0,,0,,0,Overcast,808302,1,0,0,2,0,0,0,0,0,,0,0,Auckland Region,Nil,2-way,Sealed,0,0,0,0,60,0,None,0,0,,76,Auckland,Nil,0,0,0,0,0,0,Urban,1,0,0,Light rain,Null
1769692.654,5907185.8169,783774,,523713,0,,0,2,,South,2024/2025,CHAPEL ROAD,FUSION ROAD,,Non-Injury Crash,No,2025,,North,,0,,Flat,,,,,,Overcast,713100,0,0,0,2,,,0,,,,,,Auckland Region,Nil,2-way,Sealed,,0,0,,50,,Off,0,0,,76,Auckland,Nil,,,,,0,0,Urban,0,,,Fine,Null
1758080.7302,5917584.0823,783775,,515700,0,,0,2,,North,2024/2025,GILLIES AVENUE,ALPERS AVENUE,,Minor Crash,No,2025,,South,,0,,Hill Road,,,,,,Dark,443700,2,0,0,4,,,0,,,,,,Auckland Region,Nil,2-way,Sealed,,0,0,,50,,Off,0,0,,76,Auckland,Nil,,,,,0,0,Urban,0,,,Fine,Null
1749907.6605,5946602.3188,783783,,505806,0,,0,0,,West,2024/2025,WAINUI ROAD,SILVERDALE STREET,,Minor Crash,No,2025,,East,,0,,Hill Road,,,,,,Dark,176504,1,0,1,2,,,0,,,,,,Auckland Region,Nil,2-way,Sealed,,0,0,,50,,On,1,0,,76,Auckland,Nil,,,,,0,0,Urban,0,,,Fine,Null
1757938.8865,5920546.9671,783789,,514103,0,0,0,2,0,South,2022/2023,EDEN CRESCENT,SHORT STREET,,Non-Injury Crash,No,2023,0,South,0,0,0,Flat,0,,0,,0,Overcast,438502,0,0,0,2,0,0,0,0,1,,0,0,Auckland Region,Nil,2-way,Sealed,0,0,0,0,30,0,Off,0,0,,76,Auckland,Nil,0,0,0,0,0,0,Urban,0,0,0,Light rain,Null
1767892.983,5907775.5343,783791,,523502,0,,0,1,,East,2024/2025,EAST TAMAKI ROAD,HILLS ROAD,,Non-Injury Crash,No,2024,,East,,0,,Flat,,,,,,Overcast,703900,0,0,0,4,,,0,,,,,,Auckland Region,Nil,2-way,Sealed,,0,0,,50,,Off,0,0,,76,Auckland,Nil,,,,,0,0,Urban,1,,,Fine,Null
1761853.7375,5920034.7059,783797,,516400,0,0,0,3,0,North,2023/2024,TAMAKI DRIVE,WATENE CRESCENT,,Minor Crash,No,2024,0,South,0,0,0,Flat,0,,0,,0,Bright sun,498801,1,0,0,2,0,0,0,0,2,,0,0,Auckland Region,Nil,2-way,Sealed,0,0,0,0,50,0,Off,0,0,,76,Auckland,Nil,0,0,0,0,0,0,Urban,0,0,0,Fine,Null
1765204.6471,5906581.9143,783799,,522201,0,0,0,2,0,West,2024/2025,WESTON AVENUE,KOLMAR ROAD,,Non-Injury Crash,No,2024,0,East,0,0,0,Null,0,,0,,0,Unknown,662500,0,0,0,2,0,0,0,0,1,,0,0,Auckland Region,Nil,2-way,Null,0,0,0,0,50,0,Null,0,0,,76,Auckland,Nil,0,0,0,0,0,0,Urban,0,0,0,Null,Null
1768588.9514,5903415.1641,783807,,523820,0,0,0,2,0,South,2024/2025,EVERGLADE DRIVE,BANYAN DRIVE,,Minor Crash,No,2025,0,South,0,0,0,Flat,0,,0,,0,Overcast,760123,1,0,0,2,0,0,0,0,1,,0,0,Auckland Region,Nil,2-way,Sealed,0,0,0,0,50,0,Off,0,0,40,76,Auckland,Nil,0,0,0,0,0,0,Urban,0,0,0,Fine,Null
1768762.6145,5900983.4785,783815,,524901,0,,0,0,,North,2023/2024,GREAT SOUTH ROAD,HALVER ROAD,,Non-Injury Crash,No,2023,,North,,0,,Flat,,,,,,Bright sun,757100,0,0,0,2,,,1,,,,,,Auckland Region,Nil,2-way,Sealed,,0,0,,50,,Off,1,0,,76,Auckland,Nil,,,,,0,0,Urban,0,,,Fine,None
1770073.1591,5906107.3345,783831,,523712,0,,0,1,,Null,2024/2025,CASTLEBANE DRIVE,BROADHURST ROAD,,Non-Injury Crash,No,2024,,North,,0,,Flat,,,,,,Bright sun,713201,0,0,0,2,,,0,,,,,,Auckland Region,Nil,2-way,Sealed,,0,0,,50,,Off,1,0,,76,Auckland,Give way,,,,,0,0,Urban,0,,,Fine,Null
1764475.8749,5904453.8077,783838,,522100,0,0,0,3,0,South,2024/2025,PUHINUI ROAD,NOEL BURNSIDE ROAD,,Non-Injury Crash,No,2024,0,North,0,0,0,Flat,0,,0,,0,Dark,659300,0,0,0,3,0,0,0,0,2,,0,0,Auckland Region,Nil,2-way,Sealed,0,0,0,0,50,0,Null,0,0,,76,Auckland,Nil,0,0,0,0,0,0,Urban,0,0,0,Fine,Null
1760102.8997,5915551.2555,783862,,519400,0,,0,2,,South,2024/2025,GREAT SOUTH ROAD,ATARANGI ROAD,,Non-Injury Crash,No,2025,,North,,0,,Flat,,,,,,Overcast,617100,0,0,0,4,,,0,,,,,,Auckland Region,Nil,2-way,Sealed,,0,0,,50,,Off,0,0,,76,Auckland,Nil,,,,,0,0,Urban,0,,,Light rain,Null
1757763.947,5919582.2093,783863,,514301,0,0,0,1,0,South,2024/2025,GRAFTON ROAD,WELLESLEY STREET ON RAMP,,Minor Crash,No,2025,0,South,0,0,0,Flat,0,,0,,1,Dark,440400,1,0,0,4,0,0,0,0,0,,0,0,Auckland Region,Motorway ramp,2-way,Sealed,0,0,0,0,50,0,On,0,0,40,76,Auckland,Nil,0,0,0,0,0,0,Urban,0,0,0,Mist or Fog,Null
1758993.3581,5920444.0997,783885,,515902,0,,0,2,,Null,2023/2024,THE STRAND,GLADSTONE ROAD,,Minor Crash,Yes,2024,,North,,0,,Flat,,,,,,Bright sun,454800,1,0,0,4,,,0,,,,,,Auckland Region,Overpass,2-way,Sealed,,0,0,,50,,Off,0,0,,76,Auckland,Give way,,,,,0,0,Urban,0,,,Fine,Strong wind
1763176.6729,5908115.2863,783887,,524402,0,0,0,1,0,Null,2023/2024,MASSEY ROAD,MIAMI STREET,,Non-Injury Crash,No,2024,0,North,0,0,1,Flat,0,,0,,0,Bright sun,750000,0,0,0,4,0,0,0,0,0,,0,0,Auckland Region,Nil,2-way,Sealed,0,0,0,0,50,0,Off,0,0,,76,Auckland,Give way,0,0,0,0,1,0,Urban,0,0,0,Fine,Null
1753555.6753,5928924.345,783893,,508411,0,,0,2,,Null,2023/2024,GLENFIELD ROAD,JAMES STREET,,Minor Crash,No,2024,,North,,0,,Hill Road,,,,,,Bright sun,184000,1,0,0,4,,,0,,,,,,Auckland Region,Nil,2-way,Sealed,,0,0,,50,,Off,0,0,,76,Auckland,Stop,,,,,0,0,Urban,0,,,Fine,Null
1742831.3412,5919027.7515,783894,,513213,0,,0,1,,Null,2024/2025,SWANSON ROAD,RANUI STATION ROAD,,Serious Crash,No,2025,,East,,0,,Flat,,,,,,Bright sun,235200,0,0,1,2,,,0,,,,,,Auckland Region,Nil,2-way,Sealed,,0,1,,50,,Off,0,0,,76,Auckland,Traffic Signals,,,,,0,0,Urban,0,,,Fine,Null
1754995.8603,5913534.1493,783903,,518803,0,0,0,0,0,East,2023/2024,SOUTH-WESTERN MOTORWAY,DOMINION OBR,,Non-Injury Crash,Yes,2023,1,West,0,0,0,Flat,0,Labour Weekend,0,,0,Bright sun,582500,0,0,0,3,0,0,0,0,0,,0,0,Auckland Region,Nil,1-way,Sealed,0,0,0,0,100,0,Off,0,0,,76,Auckland,Nil,0,0,0,0,0,0,Open,2,0,0,Fine,Null
1750214.4177,5913803.0929,783909,,511303,0,,0,2,,Null,2023/2024,CLARK STREET,HETANA STREET,,Non-Injury Crash,No,2024,,East,,0,,Flat,,,,,,Bright sun,265002,0,0,0,3,,,0,,,,,,Auckland Region,Nil,2-way,Sealed,,0,0,,50,,Off,0,1,,76,Auckland,Traffic Signals,,,,,0,0,Urban,0,,,Fine,Null
1756613.7501,5918064.5588,783917,,518101,0,0,0,3,0,Null,2023/2024,WYNYARD ROAD,EDENVALE CRESCENT,,Non-Injury Crash,No,2023,0,South,0,0,0,Hill Road,0,,0,,0,Bright sun,543700,0,0,0,2,0,0,0,0,1,,0,0,Auckland Region,Nil,2-way,Sealed,0,0,0,0,50,0,Off,0,0,,76,Auckland,Nil,0,0,0,0,0,0,Urban,0,0,0,Fine,Null
1769338.9138,5901245.3196,783934,,524901,0,,0,1,,East,2025/2026,ARTHUR ROAD,CLAUDE ROAD,,Non-Injury Crash,No,2025,,West,,0,,Flat,,,,,,Bright sun,757500,0,0,0,2,,,0,,,,,,Auckland Region,Nil,2-way,Sealed,,0,0,,50,,Off,0,0,,76,Auckland,Nil,,,,,0,0,Urban,1,,,Fine,Frost
1760426.186,5915710.6498,783935,,516003,0,,0,2,,South,2023/2024,SOUTHERN MOTORWAY,GREEN LANE EAST ON RAMP,,Non-Injury Crash,Yes,2024,,South,,0,,Flat,,,,,,Bright sun,494902,0,0,0,3,,,0,,,,,,Auckland Region,Nil,1-way,Sealed,,0,0,,100,,Off,1,0,,76,Auckland,Nil,,,,,0,0,Open,0,,,Fine,Null
1758039.3444,5915038.6518,783941,,515802,0,0,0,2,0,North,2023/2024,MANUKAU ROAD,BANFF AVENUE,,Non-Injury Crash,No,2024,0,North,0,0,0,Flat,0,Easter,0,,0,Overcast,449100,0,0,0,2,0,0,0,0,1,,0,0,Auckland Region,Nil,2-way,Sealed,0,0,0,0,50,0,Off,0,0,,76,Auckland,Nil,0,0,0,0,0,0,Urban,0,0,0,Light rain,Null
1754881.7595,5913613.2416,783942,,518803,0,0,0,1,0,West,2024/2025,SOUTH-WESTERN MOTORWAY,HILLSBOROUGH ROAD ON RAMP,,Non-Injury Crash,Yes,2024,0,South,0,0,0,Flat,1,,0,,0,Dark,581700,0,0,0,2,0,0,0,0,0,,0,0,Auckland Region,Nil,1-way,Sealed,0,0,0,0,100,0,On,0,0,,76,Auckland,Nil,0,0,0,0,0,0,Open,0,0,0,Heavy rain,Null
1760342.4215,5915317.134,783958,,520202,0,,0,2,,Null,2024/2025,GREAT SOUTH ROAD,MAIN HIGHWAY,,Non-Injury Crash,No,2024,,South,,0,,Hill Road,,,,,,Dark,613200,0,0,0,2,,,0,,,,,,Auckland Region,Nil,1-way,Sealed,,0,0,,50,,On,0,0,,76,Auckland,Traffic Signals,,,,,0,0,Urban,0,,,Light rain,Null
1761153.1838,5907957.2327,783974,,524510,0,0,0,2,0,East,2024/2025,CRANMERE CRESCENT,LYTHAM LANE,,Non-Injury Crash,No,2024,0,East,0,0,1,Flat,0,,0,,0,Dark,733700,0,0,0,2,0,0,0,0,1,,0,0,Auckland Region,Nil,2-way,Sealed,0,0,0,0,50,0,On,0,0,,76,Auckland,Nil,0,0,0,0,0,0,Urban,0,0,0,Fine,Null
1757794.534,5918182.4802,783975,,515700,0,,0,2,,East,2023/2024,SOUTHERN MOTORWAY,MOUNTAIN OBR,,Non-Injury Crash,Yes,2024,,North,,0,,Flat,,,,,,Overcast,443600,0,0,0,5,,,0,,,,,,Auckland Region,Nil,1-way,Sealed,,0,0,,80,,Off,2,0,,76,Auckland,Nil,,,,,0,0,Open,1,,,Fine,Null
1758059.6276,5917488.9739,784014,,515700,0,,0,2,,Null,2024/2025,GILLIES AVENUE,WITHIEL DRIVE,,Non-Injury Crash,No,2025,,North,,0,,Flat,,,,,,Bright sun,443500,0,0,0,4,,,0,,,,,,Auckland Region,Nil,2-way,Sealed,,0,0,,50,,Off,0,0,,76,Auckland,Stop,,,,,0,0,Urban,0,,,Fine,Null
1759840.5207,5915801.9884,784023,,519200,0,,0,2,,Null,2023/2024,GREAT SOUTH ROAD,GREEN LANE EAST,,Non-Injury Crash,No,2024,,South,,0,,Flat,,,,,,Bright sun,616000,0,0,0,4,,,0,,,,,,Auckland Region,Nil,2-way,Sealed,,0,0,,50,,Off,0,0,,76,Auckland,Traffic Signals,,,,,0,0,Urban,0,,,Fine,Null
1753853.855,5916763.1877,784031,,517800,0,0,0,1,0,South,2024/2025,ALBERTON AVENUE,TAYLORS ROAD,,Minor Crash,No,2024,0,South,0,0,0,Flat,0,,0,,0,Dark,528100,1,0,0,2,0,0,0,0,0,,0,1,Auckland Region,Nil,2-way,Sealed,0,0,0,0,30,0,On,0,0,,76,Auckland,Nil,0,0,0,0,0,0,Urban,0,0,0,Fine,Null
1765033.7687,5905791.7667,784038,45,522202,0,,0,1,,Null,2024/2025,ST GEORGE STREET,KOLMAR ROAD,,Non-Injury Crash,No,2024,,East,,0,,Flat,,,,,,Twilight,663400,0,0,0,2,,,0,,,,,,Auckland Region,Nil,2-way,Sealed,,0,0,,50,,On,0,0,,76,Auckland,Traffic Signals,,,,,0,0,Urban,1,,,Fine,None
1766997.8365,5913381.8602,784039,,522820,0,,0,2,,Null,2023/2024,PAKURANGA ROAD,WILLIAM ROBERTS ROAD,,Non-Injury Crash,No,2024,,West,,0,,Flat,,,,,,Twilight,694900,0,0,0,6,,,0,,,,,,Auckland Region,Nil,2-way,Sealed,,0,0,,60,,On,0,0,30,76,Auckland,Give way,,,,,0,0,Urban,0,,,Fine,Null
1749727.3904,5928107.8498,784045,,509100,0,0,0,1,0,North,2022/2023,UPPER HARBOUR MOTORWAY,TAUHINU OBR,,Non-Injury Crash,Yes,2023,0,South,0,0,0,Hill Road,1,,0,,0,Dark,181906,0,0,0,2,0,0,0,0,0,,0,0,Auckland Region,Nil,1-way,Sealed,0,0,0,0,100,0,On,0,0,,76,Auckland,Nil,0,0,0,0,1,0,Open,0,0,0,Fine,Null
1759281.1989,5906541.7127,784053,,524111,0,0,0,1,0,Null,2022/2023,GEORGE BOLT MEMORIAL DRIVE,KIRKBRIDE ROAD,,Non-Injury Crash,Yes,2023,0,South,0,0,0,Flat,0,,0,,1,Dark,740200,0,0,0,3,0,0,0,0,0,,0,0,Auckland Region,Bridge,2-way,Sealed,0,0,0,0,50,0,On,0,0,,76,Auckland,Traffic Signals,0,0,0,0,0,0,Urban,0,0,0,Fine,Null
1769172.9234,5902456.3975,784061,,524901,0,,0,2,,South,2023/2024,SOUTHERN MOTORWAY,PUHINUI STM BR,,Minor Crash,Yes,2024,,North,,0,,Flat,,,,,,Overcast,755000,2,0,0,3,,,0,,,,,,Auckland Region,Nil,1-way,Sealed,,0,0,,100,,Off,0,0,,76,Auckland,Nil,,,,,0,0,Open,0,,,Fine,Null
1769158.0138,5899661.5621,784063,,525002,0,0,0,1,0,West,2023/2024,MAHIA ROAD,CHRISTMAS ROAD,,Non-Injury Crash,No,2024,0,North,0,0,1,Flat,0,,0,,0,Dark,754100,0,0,0,2,0,0,0,0,0,,0,0,Auckland Region,Nil,2-way,Sealed,0,0,0,0,50,0,On,0,0,,76,Auckland,Nil,0,0,0,0,0,0,Urban,0,0,0,Fine,Null
1761368.6604,5912432.4011,784077,,519500,0,,0,1,,East,2023/2024,CHURCH STREET,NEILSON STREET,,Non-Injury Crash,No,2023,,West,,0,,Flat,,,,,,Dark,622300,0,0,0,2,,,0,,,,,,Auckland Region,Nil,2-way,Sealed,,0,0,,50,,On,0,0,,76,Auckland,Nil,,,,,1,0,Urban,0,,,Fine,Null
1758125.1666,5919996.5656,784085,,515902,0,,0,1,,Null,2022/2023,STANLEY STREET,NICHOLLS LANE,,Non-Injury Crash,Yes,2023,,South,,0,,Hill Road,,,,,,Overcast,451400,0,0,0,2,,,0,,,,,,Auckland Region,Motorway ramp,1-way,Sealed,,0,0,,50,,Off,0,0,,76,Auckland,Give way,,,,,0,0,Urban,1,,,Fine,Null
1752954.0862,5930055.7655,784086,,509100,0,,0,2,,West,2023/2024,ALBANY HIGHWAY,UNSWORTH DRIVE,,Non-Injury Crash,No,2024,,West,,0,,Flat,,,,,,Bright sun,181200,0,0,0,2,,,0,,,,,,Auckland Region,Nil,2-way,Sealed,,0,0,,60,,Off,0,0,,76,Auckland,Nil,,,,,0,0,Urban,0,,,Fine,Null
1753906.0802,5924805.6821,784094,,510401,0,,0,2,,Null,2023/2024,HIGHBURY BYPASS,BIRKENHEAD AVENUE,,Non-Injury Crash,No,2024,,East,,0,,Flat,,,,,,Bright sun,350905,0,0,0,5,,,0,,,,,,Auckland Region,Nil,2-way,Sealed,,0,0,,50,,Off,0,0,,76,Auckland,Traffic Signals,,,,,0,0,Urban,0,,,Fine,Null
1749865.1821,5914628.0933,784095,,511303,0,,0,2,,Null,2023/2024,RATA STREET,BINSTED ROAD,,Non-Injury Crash,No,2024,,North,,0,,Flat,,,,,,Dark,266401,0,0,0,5,,,0,,,,,,Auckland Region,Nil,2-way,Sealed,,0,0,,50,,On,0,0,,76,Auckland,Traffic Signals,,,,,0,0,Urban,0,,,Fine,None
1771586.8002,5894879.6986,784101,,525530,0,,0,1,,South,2022/2023,SOUTHERN MOTORWAY,BEACH OBR,,Serious Crash,Yes,2023,,South,,0,,Flat,,,,,,Overcast,804901,1,0,0,2,,,0,,,,,,Auckland Region,Nil,1-way,Sealed,,0,1,,100,,Off,0,0,80,76,Auckland,Nil,,,,,0,0,Open,1,,,Fine,Null
1754039.7742,5930986.9061,784110,,508803,0,0,0,1,0,East,2023/2024,SANTIAGO CRESCENT,MEADOWOOD DRIVE,,Non-Injury Crash,No,2023,0,West,0,0,0,Hill Road,0,,0,,0,Dark,180818,0,0,0,2,0,0,0,0,1,,0,0,Auckland Region,Nil,2-way,Sealed,0,0,0,0,50,0,On,0,0,,76,Auckland,Nil,0,0,0,0,0,0,Urban,1,0,0,Fine,Strong wind
1753998.5586,5917199.3125,784111,,517600,0,,0,1,,Null,2024/2025,NEW NORTH ROAD,ST LUKES ROAD,,Non-Injury Crash,No,2024,,North,,0,,Null,,,,,,Unknown,535000,0,0,0,4,,,0,,,,,,Auckland Region,Nil,2-way,Null,,0,0,,50,,Null,0,0,,76,Auckland,Traffic Signals,,,,,0,0,Urban,1,,,Null,Null