X,Y,OBJECTID,advisorySpeed,areaUnitID,bicycle,bridge,bus,carStationWagon,cliffBank,crashDirectionDescription,crashFinancialYear,crashLocation1,crashLocation2,crashRoadSideRoad,crashSeverity,crashSHDescription,crashYear,debris,directionRoleDescription,ditch,fatalCount,fence,flatHill,guardRail,holiday,houseOrBuilding,intersection,kerb,light,meshblockId,minorInjuryCount,moped,motorcycle,NumberOfLanes,objectThrownOrDropped,otherObject,otherVehicleType,overBank,parkedVehicle,pedestrian,phoneBoxEtc,postOrPole,region,roadCharacter,roadLane,roadSurface,roadworks,schoolBus,seriousInjuryCount,slipOrFlood,speedLimit,strayAnimal,streetLight,suv,taxi,temporarySpeedLimit,tlaId,tlaName,trafficControl,trafficIsland,trafficSign,train,tree,truck,unknownVehicleType,urban,vanOrUtility,vehicle,waterRiver,weatherA,weatherB
1764396.2958,5912931.3987,784118,,520500,0,,0,2,,West,2023/2024,SOUTH-EASTERN HIGHWAY,SOUTH-EASTERN HIGHWAY,,Non-Injury Crash,No,2024,,East,,0,,Flat,,,,,,Bright sun,639100,0,0,0,2,,,0,,,,,,Auckland Region,Nil,1-way,Sealed,,0,0,,100,,Off,0,0,,76,Auckland,Nil,,,,,1,0,Open,0,,,Fine,None
1770028.7095,5898654.9972,784133,,523920,0,,1,1,,South,2022/2023,SOUTHERN MOTORWAY,TAKANINI ON RAMP,,Non-Injury Crash,Yes,2023,,South,,0,,Hill Road,,,,,,Twilight,768007,0,0,0,3,,,0,,,,,,Auckland Region,Motorway ramp,1-way,Sealed,,0,0,,100,,On,0,0,,76,Auckland,Nil,,,,,0,0,Open,0,,,Fine,Null
1741255.2951,5903279.1451,784142,,513800,0,0,0,1,1,South,2023/2024,KAITARAKIHI ROAD,HUIA ROAD,,Non-Injury Crash,No,2024,0,West,0,0,0,Hill Road,0,,0,,0,Bright sun,303202,0,0,0,2,0,0,0,0,0,,0,0,Auckland Region,Nil,2-way,Unsealed,0,0,0,0,30,0,None,0,0,,76,Auckland,Nil,0,0,0,0,0,0,Urban,0,0,0,Fine,Null
1755682.8989,5918715.4244,784149,,515500,0,,0,1,,East,2023/2024,GREAT NORTH ROAD,KING STREET,,Minor Crash,No,2023,,East,,0,,Hill Road,,,,,,Bright sun,418300,1,0,0,2,,,0,,,,,,Auckland Region,Nil,2-way,Sealed,,0,0,,50,,Off,0,0,,76,Auckland,Nil,,,,,0,0,Urban,1,,,Fine,Null
1765718.241,5906934.1061,784158,,522301,0,0,0,1,0,East,2024/2025,CHARLES STREET,GREAT SOUTH ROAD,,Non-Injury Crash,No,2024,0,West,0,0,0,Flat,0,,0,,0,Bright sun,666800,0,0,0,2,0,0,0,0,1,,0,0,Auckland Region,Nil,2-way,Sealed,0,0,0,0,50,0,None,0,0,,76,Auckland,Nil,0,0,0,0,0,1,Urban,0,0,0,Fine,None
1768691.9561,5911162.2967,784159,,523112,0,0,0,0,0,Null,2024/2025,CRYERS ROAD,TRUGOOD DRIVE,,Minor Crash,No,2025,0,West,0,0,0,Flat,0,,0,,0,Dark,711404,1,0,1,2,0,0,0,0,0,,0,0,Auckland Region,Nil,2-way,Sealed,0,0,0,0,50,0,On,0,0,,76,Auckland,Give way,1,0,0,0,0,0,Urban,0,0,0,Fine,Null
1765642.3733,5908853.9439,784167,,523402,0,,0,1,,Null,2024/2025,HIGHBROOK DRIVE,HELLABYS ROAD,,Non-Injury Crash,No,2024,,South,,0,,Flat,,,,,,Bright sun,696900,0,0,0,2,,,0,,,,,,Auckland Region,Nil,1-way,Sealed,,0,0,,50,,Off,1,0,,76,Auckland,Give way,,,,,0,0,Urban,0,,,Fine,Null
1753723.3456,5913713.6227,784181,,518802,0,0,0,2,0,North,2023/2024,RICHARDSON ROAD,NIRVANA WAY,,Non-Injury Crash,No,2023,0,South,0,0,0,Hill Road,0,,0,,0,Dark,579100,0,0,0,2,0,0,0,0,1,,0,0,Auckland Region,Nil,2-way,Sealed,0,0,0,0,50,0,On,0,0,,76,Auckland,Nil,0,0,0,0,0,0,Urban,0,0,0,Light rain,Null
1751215.7763,5927319.2572,784182,,510010,0,0,0,1,0,South,2024/2025,LANCASTER ROAD,MELBA STREET,,Minor Crash,No,2025,0,South,0,0,0,Flat,0,,0,,0,Dark,341400,1,0,0,2,0,0,0,0,1,,0,0,Auckland Region,Nil,2-way,Sealed,0,0,0,0,50,0,On,0,0,,76,Auckland,Nil,0,0,0,0,1,0,Urban,0,0,0,Fine,Null
1769282.1674,5908789.9136,784189,,523113,0,,0,2,,South,2023/2024,ACCENT DRIVE,EAST TAMAKI ROAD,,Non-Injury Crash,No,2023,,North,,0,,Flat,,,,,,Bright sun,711902,0,0,0,4,,,0,,,,,,Auckland Region,Nil,2-way,Sealed,,0,0,,50,,Off,0,0,,76,Auckland,Nil,,,,,0,0,Urban,0,,,Fine,Null
1772632.6526,5894335.9769,784190,,525530,0,,0,1,,Null,2024/2025,GREAT SOUTH ROAD,MAGNOLIA AVENUE,,Non-Injury Crash,No,2024,,North,,0,,Flat,,,,,,Dark,804500,0,0,0,2,,,0,,,,,,Auckland Region,Nil,2-way,Sealed,,0,0,,50,,On,0,0,,76,Auckland,Give way,,,,,0,0,Urban,1,,,Fine,Null
1772710.9853,5895270.0977,784215,,525530,0,,0,3,,North,2023/2024,GREAT SOUTH ROAD,BUTTERWORTH AVENUE,,Non-Injury Crash,No,2024,,North,,0,,Flat,,Christmas New Year,,,,Bright sun,804701,0,0,0,2,,,0,,,,,,Auckland Region,Nil,2-way,Sealed,,0,0,,50,,Null,0,0,,76,Auckland,Nil,,,,,0,0,Urban,0,,,Null,None
1779346.4731,5915412.2356,784221,,523300,0,,0,1,,Null,2022/2023,WHITFORD MARAETAI ROAD,KOUKA ROAD,,Minor Crash,No,2023,,North,,0,,Flat,,,,,,Overcast,718900,1,0,1,1,,,0,,,,,,Auckland Region,Nil,1-way,Sealed,,0,0,,80,,None,0,0,,76,Auckland,Give way,,,,,0,0,Open,0,,,Fine,Null
1770447.6103,5905250.2589,784222,,523712,0,0,0,2,0,South,2023/2024,TANNAGHMORE DRIVE,DRUMNACONAGHER ROAD,,Non-Injury Crash,No,2024,0,South,0,0,0,Hill Road,0,,0,,0,Bright sun,713300,0,0,0,2,0,0,0,0,1,,0,0,Auckland Region,Nil,2-way,Sealed,0,0,0,0,50,0,Off,0,0,,76,Auckland,Nil,0,0,0,0,0,0,Urban,0,0,0,Fine,None
1752698.0168,5918065.6752,784230,,515003,0,,0,1,,West,2023/2024,GREAT NORTH ROAD OFF RAMP,NORTH-WESTERN MOTORWAY,,Non-Injury Crash,No,2024,,West,,0,,Flat,,,,,,Dark,390600,0,0,0,1,,,0,,,,,,Auckland Region,Motorway ramp,1-way,Sealed,,0,0,,100,,On,1,0,,76,Auckland,Nil,,,,,0,0,Open,0,,,Fine,Null
1753322.5393,5919780.2137,784231,,515100,0,,2,0,,Null,2024/2025,GARNET ROAD,MEOLA ROAD,,Minor Crash,No,2025,,South,,0,,Flat,,,,,,Bright sun,400200,1,0,0,2,,,0,,,,,,Auckland Region,Nil,2-way,Sealed,,1,0,,50,,Off,0,0,,76,Auckland,Give way,,,,,0,0,Urban,0,,,Fine,Null
1755368.4527,5929458.0191,784238,,508510,0,,0,0,,Null,2023/2024,NORTHERN MOTORWAY,TRISTRAM AVENUE OFF RAMP,,Non-Injury Crash,Yes,2024,,South,,0,,Flat,,,,,,Twilight,194300,0,0,0,2,,,0,,,,,,Auckland Region,Nil,1-way,Sealed,,0,0,,100,,On,1,0,,76,Auckland,Nil,,,,,0,0,Open,1,,,Fine,Null
1772465.246,5896949.1822,784278,,525420,0,,0,1,,Null,2024/2025,COLES CRESCENT,GREAT SOUTH ROAD,,Non-Injury Crash,No,2024,,North,,0,,Null,,,,,,Bright sun,791300,0,0,0,2,,,0,,,,,,Auckland Region,Nil,2-way,Sealed,,0,0,,50,,Null,0,0,,76,Auckland,Stop,,,,,0,0,Urban,0,,,Fine,Null
1769358.0022,5880930.8247,784293,,525922,0,0,0,3,0,North,2023/2024,MANUKAU ROAD,HARRIS STREET,,Non-Injury Crash,No,2023,0,South,0,0,0,Flat,0,,0,,0,Overcast,823800,0,0,0,2,0,0,0,0,1,,0,0,Auckland Region,Nil,2-way,Sealed,0,0,0,0,50,0,Off,0,0,,76,Auckland,Nil,0,0,0,0,0,0,Urban,0,0,0,Fine,Null
1727979.3135,5982383.6989,784294,,506613,0,0,0,0,0,North,2024/2025,WHAREHINE ROAD,PAH HILL ROAD,,Non-Injury Crash,No,2024,0,South,0,0,0,Hill Road,0,,0,,0,Dark,145000,0,0,0,2,0,0,0,0,0,,0,0,Auckland Region,Nil,2-way,Sealed,0,0,0,0,100,1,None,0,0,,76,Auckland,Nil,0,0,0,0,0,0,Open,1,0,0,Fine,Null
1753543.6028,5914696.8241,784302,,518801,0,0,1,1,0,North,2024/2025,DENIZE ROAD,STODDARD ROAD,,Minor Crash,No,2025,0,South,0,0,0,Flat,0,Easter,0,,0,Overcast,576900,1,0,0,2,0,0,0,0,1,,0,0,Auckland Region,Nil,2-way,Sealed,0,0,0,0,50,0,Off,0,0,30,76,Auckland,Nil,0,0,0,0,0,0,Urban,0,0,0,Fine,Null
1754692.0136,5915518.5636,784311,,517702,0,,0,1,,Null,2024/2025,SANDRINGHAM ROAD,HARWOOD STREET,,Serious Crash,No,2025,,South,,0,,Flat,,,,,,Dark,541300,0,0,0,3,,,0,,,1,,,Auckland Region,Nil,2-way,Sealed,,0,1,,50,,On,0,0,,76,Auckland,Give way,,,,,0,0,Urban,0,,,Fine,Null
1757663.3772,5944584.9801,784326,,505902,0,0,0,1,0,Null,2023/2024,RAWHITI ROAD,LEAL PLACE,,Non-Injury Crash,No,2024,0,South,0,0,1,Flat,0,,0,,0,Overcast,174510,0,0,0,2,0,0,0,0,1,,1,0,Auckland Region,Nil,2-way,Sealed,0,0,0,0,50,0,Off,1,0,,76,Auckland,Give way,0,0,0,0,0,0,Urban,0,0,0,Fine,Null
1762460.1198,5917749.4717,784327,,516301,0,0,0,1,0,South,2024/2025,MEADOWBANK ROAD,BONNIE BRAE ROAD,,Non-Injury Crash,No,2024,0,North,0,0,0,Hill Road,0,,0,,0,Bright sun,459403,0,0,0,2,0,0,0,0,1,,0,0,Auckland Region,Nil,2-way,Sealed,0,0,0,0,30,0,Null,1,0,,76,Auckland,Nil,0,0,0,0,0,0,Urban,0,0,0,Fine,Null
1758386.3919,5917682.2087,784333,,515700,1,,0,0,,Null,2023/2024,BROADWAY,MAHURU STREET,,Minor Crash,No,2023,,South,,0,,Flat,,,,,,Overcast,443402,1,0,0,4,,,0,,,,,,Auckland Region,Nil,2-way,Sealed,,0,0,,50,,Off,1,0,,76,Auckland,Stop,,,,,0,0,Urban,0,,,Fine,Null
1774701.2877,5887878.7657,784335,,521302,0,,0,2,,North,2024/2025,SOUTHERN MOTORWAY,RAMARAMA ON RAMP,,Non-Injury Crash,Yes,2024,,North,,0,,Flat,,,,,,Overcast,809101,0,0,0,2,,,0,,,,,,Auckland Region,Nil,1-way,Sealed,,0,0,,100,,Off,0,0,,76,Auckland,Nil,,,,,0,0,Open,0,,,Fine,Null
1737848.5658,5924035.1063,784341,,505700,0,,0,1,,Null,2023/2024,WAITAKERE ROAD,COTTLE ROAD,,Non-Injury Crash,No,2023,,South,,0,,Flat,,,,,,Bright sun,216300,0,0,0,2,,,0,,,,,,Auckland Region,Nil,2-way,Sealed,,0,0,,60,,Off,0,0,,76,Auckland,Stop,,,,,0,0,Urban,1,,,Fine,Null
1756300.3099,5935635.8214,784350,,507101,0,0,0,1,0,North,2023/2024,MANLY ESPLANADE,VALLEY ROAD,,Non-Injury Crash,No,2024,0,South,0,0,0,Flat,0,,0,,0,Dark,162000,0,0,0,1,0,0,0,0,0,,1,0,Auckland Region,Nil,2-way,Sealed,0,0,0,0,30,0,Off,0,0,,76,Auckland,Nil,0,0,0,0,0,0,Urban,0,0,0,Fine,Null
1750268.0878,5915488.922,784351,,514802,0,,0,1,,Null,2024/2025,WAIRAU AVENUE,CANAL ROAD,,Minor Crash,No,2024,,North,,0,,Flat,,,,,,Dark,386700,1,0,0,2,,,0,,,,,,Auckland Region,Nil,2-way,Sealed,,0,0,,50,,On,1,0,,76,Auckland,Stop,,,,,0,0,Urban,0,,,Heavy rain,Null
1767112.7593,5905517.9733,784358,,524603,0,,0,1,,Null,2024/2025,GREAT SOUTH ROAD,REAGAN ROAD,,Minor Crash,No,2025,,North,,0,,Flat,,,,,,Bright sun,780205,1,0,1,5,,,0,,,,,,Auckland Region,Nil,2-way,Sealed,,0,0,,50,,Off,0,0,,76,Auckland,Traffic Signals,,,,,0,0,Urban,0,,,Light rain,Null
1768822.0203,5904158.6559,784382,,523820,0,0,0,2,0,Null,2023/2024,EVERGLADE DRIVE,DE HAVILLAND DRIVE,,Non-Injury Crash,No,2024,0,South,0,0,0,Hill Road,0,,0,,0,Overcast,760141,0,0,0,2,0,0,0,0,1,,0,0,Auckland Region,Nil,2-way,Sealed,0,0,0,0,50,0,Off,0,0,,76,Auckland,Give way,0,0,0,0,0,0,Urban,0,0,0,Fine,Null
1769891.7394,5898339.3035,784389,,523920,0,,0,2,,Null,2022/2023,WALTER STREVENS DRIVE,EMORY DRIVE,,Non-Injury Crash,No,2023,,North,,0,,Flat,,,,,,Dark,767907,0,0,0,2,,,0,,,,,,Auckland Region,Nil,2-way,Sealed,,0,0,,50,,On,0,0,,76,Auckland,Nil,,,,,0,0,Urban,0,,,Heavy rain,Strong wind
1753029.0282,5916751.5147,784390,,517800,1,,0,1,,Null,2025/2026,NEW NORTH ROAD,LLOYD AVENUE,,Serious Crash,No,2025,,North,,0,,Hill Road,,,,,,Bright sun,527800,0,0,0,4,,,0,,,,,,Auckland Region,Nil,2-way,Sealed,,0,1,,50,,Off,0,0,30,76,Auckland,Stop,,,,,0,0,Urban,0,,,Fine,Null
1743531.7893,5923806.8396,784391,,513410,0,,0,2,,Null,2023/2024,FRED TAYLOR DRIVE,TAWHIA DRIVE,,Non-Injury Crash,No,2023,,North,,0,,Flat,,,,,,Overcast,224000,0,0,0,5,,,0,,,,,,Auckland Region,Nil,2-way,Sealed,,0,0,,50,,Off,0,0,,76,Auckland,Traffic Signals,,,,,0,0,Urban,0,,,Light rain,Null
1758167.0163,5917969.6117,784406,,515700,0,,0,2,,Null,2023/2024,GILLIES AVENUE,MORTIMER PASS,,Non-Injury Crash,No,2023,,South,,0,,Flat,,,,,,Dark,443200,0,0,0,2,,,0,,,,,,Auckland Region,Nil,2-way,Sealed,,0,0,,50,,Off,0,0,,76,Auckland,Nil,,,,,0,0,Urban,0,,,Light rain,Null
1768783.7935,5904552.8992,784414,,523722,0,,0,1,,East,2025/2026,REDOUBT ROAD,EVERGLADE DRIVE,,Non-Injury Crash,No,2025,,West,,0,,Hill Road,,,,,,Bright sun,715909,0,0,0,2,,,0,,,,,,Auckland Region,Nil,2-way,Sealed,,0,0,,50,,Off,0,0,,76,Auckland,Nil,,,,,0,0,Urban,0,,,Fine,Null
1767539.2944,5904245.6729,784431,,524604,0,,0,0,,Null,2024/2025,MANUKAU STATION ROAD,PUTNEY WAY,,Non-Injury Crash,No,2024,,East,,0,,Flat,,,,,,Bright sun,780204,0,0,1,2,,,0,,,,,,Auckland Region,Nil,1-way,Sealed,,0,0,,50,,Off,0,0,,76,Auckland,Give way,,,,,0,0,Urban,1,,,Fine,Null
1779177.9593,5926832.7291,784437,,520801,0,,0,1,,North,2024/2025,TAHATAI ROAD,NIKAU ROAD,,Minor Crash,No,2024,,East,,0,,Hill Road,,,,,,Dark,516302,1,0,0,2,,,0,,,,,,Auckland Region,Nil,2-way,Sealed,,0,0,,30,,None,0,0,,76,Auckland,Nil,,,,,1,0,Urban,0,,,Fine,Null
1766647.0331,5912755.3717,784439,,522920,0,0,0,1,0,Null,2023/2024,TIRAUMEA DRIVE,DOLPHIN STREET,,Non-Injury Crash,No,2024,0,North,0,0,0,Flat,0,,0,,0,Dark,683800,0,0,0,2,0,0,0,0,1,,0,0,Auckland Region,Nil,2-way,Sealed,0,0,0,0,50,0,On,1,0,30,76,Auckland,Nil,0,0,0,0,0,0,Urban,0,0,0,Fine,Null
1767634.5177,5902206.9182,784446,,524602,0,,0,1,,East,2023/2024,BROWNS ROAD,STURDEE ROAD,,Non-Injury Crash,No,2024,,West,,0,,Flat,,,,,,Overcast,780600,0,0,0,2,,,0,,,,,,Auckland Region,Nil,2-way,Sealed,,0,0,,50,,Off,0,0,,76,Auckland,Nil,,,,,0,0,Urban,1,,,Light rain,Null
1745166.7771,5924314.5248,784454,,513521,0,0,0,1,0,North,2024/2025,LUCKENS ROAD,BERNLEIGH TERRACE,,Minor Crash,No,2024,0,North,0,0,0,Flat,0,,0,,0,Bright sun,224226,2,0,0,2,0,1,0,0,0,,0,0,Auckland Region,Nil,2-way,Sealed,0,0,0,0,50,0,Off,1,0,,76,Auckland,Nil,0,0,0,0,0,0,Urban,0,0,0,Fine,Null
1775546.7202,5881822.7402,784462,,521160,0,,0,0,,West,2023/2024,MILL ROAD,BOMBAY OFF RAMP,,Non-Injury Crash,No,2024,,East,,0,,Hill Road,,,,,,Dark,827603,0,0,0,2,,,0,,,,,,Auckland Region,Nil,2-way,Sealed,,0,0,,80,,On,2,0,,76,Auckland,Nil,,,,,0,0,Open,0,,,Light rain,Null
1754624.9066,5919965.0368,784469,45,515301,0,0,0,5,0,Null,2023/2024,MOKAU STREET,RICHMOND ROAD,,Minor Crash,No,2024,0,South,0,0,0,Hill Road,0,,0,,0,Dark,427000,1,0,0,2,0,0,0,0,1,,0,0,Auckland Region,Nil,2-way,Sealed,0,0,0,0,50,0,On,0,0,,76,Auckland,Stop,0,0,0,0,0,0,Urban,0,0,0,Light rain,Null
1740841.2206,5928498.278,784485,,505604,0,0,0,0,0,South,2023/2024,OLD NORTH ROAD,OLD RAILWAY ROAD,,Minor Crash,No,2024,0,South,1,0,0,Flat,0,,0,,0,Dark,214501,1,0,0,2,0,0,0,0,0,,0,0,Auckland Region,Nil,2-way,Sealed,0,0,0,0,80,0,On,1,0,,76,Auckland,Nil,0,0,0,0,0,0,Open,0,0,0,Fine,Null
1753311.1122,5934288.8939,784503,,508704,0,,0,3,,South,2024/2025,KEREKIN DRIVE,MCCLYMONTS ROAD,,Non-Injury Crash,No,2024,,West,,0,,Hill Road,,,,,,Overcast,179120,0,0,0,2,,,0,,,,,,Auckland Region,Nil,2-way,Sealed,,0,0,,50,,Off,0,0,,76,Auckland,Give way,,,,,0,0,Urban,0,,,Light rain,Null
1748720.1308,5945351.1937,784511,,505806,0,0,0,1,0,South,2023/2024,SILVERDALE ON RAMP,DAIRY FLAT HIGHWAY,,Non-Injury Crash,No,2024,0,South,0,0,0,Hill Road,1,,0,,0,Dark,176802,0,0,0,1,0,0,0,0,0,,0,0,Auckland Region,Motorway ramp,1-way,Sealed,0,0,0,0,80,0,On,0,0,,76,Auckland,Nil,0,0,0,0,0,0,Open,0,0,0,Light rain,Null
1764255.1937,5906268.7672,784526,,524303,0,,0,2,,North,2023/2024,SPRING STREET,STATION ROAD,,Non-Injury Crash,No,2024,,Null,,0,,Flat,,,,,,Bright sun,657500,0,0,0,2,,,0,,,,,,Auckland Region,Nil,2-way,Sealed,,0,0,,50,,Off,0,0,,76,Auckland,Nil,,,,,0,0,Urban,0,,,Fine,None
1757395.1437,5920416.4295,784534,,514103,0,,1,1,,Null,2022/2023,VICTORIA STREET EAST,QUEEN STREET,,Non-Injury Crash,No,2023,,East,,0,,Hill Road,,,,,,Twilight,437101,0,0,0,4,,,0,,,,,,Auckland Region,Nil,2-way,Sealed,,0,0,,30,,On,0,0,,76,Auckland,Traffic Signals,,,,,0,0,Urban,0,,,Fine,None
1767915.6351,5913679.7085,784535,,522820,0,,0,2,,Null,2024/2025,PAKURANGA ROAD,GLENMORE ROAD,,Non-Injury Crash,No,2024,,East,,0,,Hill Road,,,,,,Bright sun,695102,0,0,0,2,,,0,,,,,,Auckland Region,Nil,1-way,Sealed,,0,0,,60,,Off,0,0,,76,Auckland,Traffic Signals,,,,,0,0,Urban,0,,,Fine,Null
1766775.2507,5904679.183,784543,,524604,0,,0,2,,East,2023/2024,CAVENDISH DRIVE,LAMBIE DRIVE,,Non-Injury Crash,No,2023,,West,,0,,Flat,,,,,,Bright sun,780209,0,0,0,2,,,0,,,,,,Auckland Region,Nil,1-way,Sealed,,0,0,,50,,Off,1,0,,76,Auckland,Nil,,,,,0,0,Urban,0,,,Fine,None
1766283.408,5906104.1453,784557,,522302,0,,1,1,,Null,2023/2024,GREAT SOUTH ROAD,BIRDWOOD AVENUE,,Non-Injury Crash,No,2023,,North,,0,,Flat,,,,,,Bright sun,669000,0,0,0,2,,,0,,,,,,Auckland Region,Nil,2-way,Sealed,,0,0,,50,,Off,0,0,,76,Auckland,Stop,,,,,0,0,Urban,0,,,Fine,Null
1768328.3358,5901965.6557,784558,,525001,0,0,0,2,0,Null,2024/2025,GREAT SOUTH ROAD,GRANDE VUE ROAD,,Minor Crash,No,2024,0,South,0,0,0,Flat,0,,0,,0,Dark,750800,1,0,0,2,0,0,0,0,0,,0,0,Auckland Region,Nil,2-way,Sealed,0,0,0,0,50,0,On,0,0,30,76,Auckland,Stop,0,0,0,1,0,0,Urban,0,0,0,Fine,Null
1766071.0363,5907299.4792,784559,,522301,0,,0,1,,Null,2024/2025,EAST TAMAKI ROAD,HOLROYD PLACE,,Non-Injury Crash,No,2024,,East,,0,,Flat,,,,,,Twilight,666700,0,0,0,5,,,0,,,,,,Auckland Region,Nil,2-way,Sealed,,0,0,,50,,On,1,0,,76,Auckland,Traffic Signals,,,,,0,0,Urban,0,,,Light rain,Null
1760731.5506,5911853.7839,784565,,520000,0,0,0,1,0,West,2023/2024,NEILSON STREET,ANGLE STREET,,Non-Injury Crash,No,2023,0,West,0,0,0,Flat,0,,0,,0,Dark,608200,0,0,0,4,0,0,0,0,0,,0,1,Auckland Region,Nil,2-way,Sealed,0,0,0,0,50,0,On,0,0,,76,Auckland,Nil,0,0,0,0,0,0,Urban,0,0,0,Heavy rain,Null
1755031.3133,5913740.5744,784566,,518803,0,,0,2,,Null,2022/2023,DENBIGH AVENUE,DOMINION ROAD,,Non-Injury Crash,No,2023,,West,,0,,Flat,,,,,,Unknown,582500,0,0,0,3,,,0,,,,,,Auckland Region,Nil,2-way,Sealed,,0,0,,50,,None,0,0,,76,Auckland,Give way,,,,,0,0,Urban,0,,,Null,None
1764047.6189,5920060.7607,784573,,516601,0,0,0,3,0,Null,2023/2024,KOHIMARAMA ROAD,TARANAKI ROAD,,Non-Injury Crash,No,2024,0,South,0,0,0,Hill Road,0,,0,,0,Overcast,505000,0,0,0,2,0,0,0,0,1,,0,0,Auckland Region,Nil,2-way,Sealed,0,0,0,0,50,0,None,0,0,,76,Auckland,Nil,0,0,0,0,0,0,Urban,0,0,0,Light rain,Null
1761712.7056,5906533.6,784574,,524112,0,,0,1,,Null,2023/2024,MASSEY ROAD,MASSEY ROAD OFF RAMP,,Non-Injury Crash,No,2023,,North,,0,,Hill Road,,,,,,Dark,742300,0,0,0,6,,,0,,,,,,Auckland Region,Nil,2-way,Sealed,,0,0,,50,,On,1,0,,76,Auckland,Traffic Signals,,,,,0,0,Urban,0,,,Fine,None
1771137.8272,5895543.6475,784575,,521201,0,0,0,2,0,South,2024/2025,HARBOURSIDE DRIVE,NORMANBY ROAD EAST,,Minor Crash,No,2025,0,South,0,0,0,Flat,0,,0,,0,Bright sun,806604,1,0,0,2,0,0,0,0,1,,0,0,Auckland Region,Nil,2-way,Sealed,0,0,0,0,50,0,Off,0,0,,76,Auckland,Nil,0,0,0,0,0,0,Urban,0,0,0,Fine,Null
1728916.3154,5964518.6603,784581,65,506613,0,,0,0,,South,2024/2025,KAIPARA COAST HIGHWAY,OMAUMAU BR,,Serious Crash,Yes,2025,,North,,0,,Flat,,Christmas New Year,,,,Bright sun,146200,1,0,1,2,,,0,,,,,,Auckland Region,Nil,2-way,Sealed,,0,1,,100,,None,0,0,,76,Auckland,Nil,,,,,0,0,Open,1,,,Fine,Null
1755465.6438,5921473.5366,784583,,515202,0,,0,2,,South,2024/2025,NORTHERN MOTORWAY,SHELLY BEACH OBR,,Non-Injury Crash,Yes,2024,,North,,0,,Flat,,Christmas New Year,,,,Bright sun,425600,0,0,0,4,,,0,,,,,,Auckland Region,Nil,2-way,Sealed,,0,0,,80,,Off,1,0,70,76,Auckland,Nil,,,,,0,0,Open,0,,,Fine,Strong wind
1752577.9972,5918060.2371,784589,,515002,0,0,0,1,0,East,2023/2024,NORTH-WESTERN MOTORWAY,CARRINGTON OBR,,Non-Injury Crash,Yes,2023,0,East,0,0,0,Flat,1,,0,,0,Dark,390701,0,0,0,5,0,1,0,0,0,,0,0,Auckland Region,Nil,1-way,Sealed,0,0,0,0,100,0,On,0,0,,76,Auckland,Nil,0,0,0,0,0,0,Open,0,0,0,Fine,Null
1753390.4941,5933230.7744,784605,,508804,0,,0,2,,Null,2023/2024,GREVILLE ROAD,GREVILLE ROAD OFF RAMP,,Non-Injury Crash,No,2024,,East,,0,,Flat,,,,,,Dark,180605,0,0,0,4,,,0,,,,,,Auckland Region,Motorway ramp,2-way,Sealed,,0,0,,50,,On,0,1,,76,Auckland,Traffic Signals,,,,,0,0,Urban,0,,,Fine,Null
1755321.4999,5912695.5306,784614,45,518701,0,0,0,2,0,West,2024/2025,ARUNDEL STREET,STAMFORD PARK ROAD,,Non-Injury Crash,No,2024,0,West,0,0,0,Flat,0,,0,,0,Bright sun,574300,0,0,0,2,0,0,0,0,0,,0,0,Auckland Region,Nil,2-way,Sealed,0,0,0,0,50,0,Off,0,0,,76,Auckland,Nil,0,0,0,0,0,0,Urban,0,1,0,Fine,None
1770730.8825,5913205.4085,784621,,523101,0,0,0,2,0,South,2023/2024,BOTANY ROAD,PINEWOOD GROVE,,Non-Injury Crash,No,2024,0,South,0,0,0,Hill Road,0,,0,,0,Dark,710512,0,0,0,2,0,0,0,0,1,,0,0,Auckland Region,Nil,2-way,Sealed,0,0,0,0,50,0,On,0,0,,76,Auckland,Nil,0,0,0,0,0,0,Urban,0,0,0,Fine,Null
1755675.1006,5916081.4462,784630,,518301,0,,0,2,,Null,2024/2025,DOMINION ROAD,ROCKLANDS AVENUE,,Non-Injury Crash,No,2025,,North,,0,,Null,,,,,,Bright sun,555300,0,0,0,4,,,0,,,,,,Auckland Region,Nil,2-way,Sealed,,0,0,,50,,Null,0,0,,76,Auckland,Stop,,,,,0,0,Urban,0,,,Fine,Null
1765660.9336,5901411.6611,784645,,524604,0,0,0,1,0,Null,2024/2025,BROWNS ROAD,ROSCOMMON ROAD,,Non-Injury Crash,No,2024,0,South,0,0,0,Flat,0,,0,,0,Dark,781302,0,0,0,2,0,0,0,0,0,,0,0,Auckland Region,Nil,1-way,Sealed,0,0,0,0,50,0,On,0,0,,76,Auckland,Traffic Signals,1,0,0,0,0,0,Urban,1,0,0,Fine,Null
1756437.1435,5920111.5204,784646,,514000,0,,0,1,,North,2024/2025,NORTHERN MOTORWAY,WELLINGTON OBR,,Non-Injury Crash,Yes,2025,,North,,0,,Hill Road,,,,,,Bright sun,417400,0,0,0,3,,,0,,,,,,Auckland Region,Nil,1-way,Sealed,,0,0,,80,,Off,1,0,,76,Auckland,Nil,,,,,0,0,Open,0,,,Fine,Null