X,Y,OBJECTID,advisorySpeed,areaUnitID,bicycle,bridge,bus,carStationWagon,cliffBank,crashDirectionDescription,crashFinancialYear,crashLocation1,crashLocation2,crashRoadSideRoad,crashSeverity,crashSHDescription,crashYear,debris,directionRoleDescription,ditch,fatalCount,fence,flatHill,guardRail,holiday,houseOrBuilding,intersection,kerb,light,meshblockId,minorInjuryCount,moped,motorcycle,NumberOfLanes,objectThrownOrDropped,otherObject,otherVehicleType,overBank,parkedVehicle,pedestrian,phoneBoxEtc,postOrPole,region,roadCharacter,roadLane,roadSurface,roadworks,schoolBus,seriousInjuryCount,slipOrFlood,speedLimit,strayAnimal,streetLight,suv,taxi,temporarySpeedLimit,tlaId,tlaName,trafficControl,trafficIsland,trafficSign,train,tree,truck,unknownVehicleType,urban,vanOrUtility,vehicle,waterRiver,weatherA,weatherB
1754200.7659,5913961.8214,784670,,518802,0,,0,3,,South,2024/2025,SOUTH-WESTERN MOTORWAY,MAIORO STREET ON RAMP,,Non-Injury Crash,Yes,2025,,South,,0,,Flat,,,,,,Dark,579100,0,0,0,3,,,0,,,,,,Auckland Region,Nil,1-way,Sealed,,0,0,,100,,On,0,0,,76,Auckland,Nil,,,,,0,0,Open,0,,,Fine,Null
1754306.1864,5931098.3939,784671,,508520,0,,0,1,,North,2023/2024,NORTHERN MOTORWAY,SUNSET OBR,,Non-Injury Crash,Yes,2024,,South,,0,,Flat,,,,,,Dark,191101,0,0,0,2,,,0,,,,,,Auckland Region,Underpass,1-way,Sealed,,0,0,,100,,On,0,0,,76,Auckland,Nil,,,,,0,0,Open,1,,,Fine,Null
1737436.0859,5929355.5625,784686,,505602,0,,0,1,,East,2024/2025,MAIN ROAD,TAPU ROAD,,Minor Crash,Yes,2025,,West,,0,,Flat,,,,,,Bright sun,214900,1,0,0,2,,,0,,,,,,Auckland Region,Nil,2-way,Sealed,,0,0,,50,,Off,0,0,,76,Auckland,Nil,,,,,0,0,Urban,1,,,Fine,Null
1772877.6268,5900610.6685,784702,,523813,0,0,0,1,0,Null,2024/2025,MILL ROAD,WEDDING PLACE,,Non-Injury Crash,No,2025,0,Null,0,0,1,Flat,0,,0,,0,Dark,761000,0,0,0,2,0,0,0,0,0,,0,0,Auckland Region,Nil,2-way,Sealed,0,0,0,0,80,1,Null,0,0,,76,Auckland,Stop,0,0,0,0,0,0,Open,0,0,0,Light rain,Null
1757415.2793,5921105.5517,784725,,514101,0,0,0,0,0,Null,2022/2023,QUAY STREET,LOWER ALBERT STREET,,Non-Injury Crash,No,2023,0,West,0,0,0,Hill Road,0,,0,,0,Dark,438209,0,0,0,4,0,0,0,0,1,,0,0,Auckland Region,Nil,2-way,Sealed,0,0,0,0,30,0,On,0,0,,76,Auckland,Traffic Signals,0,0,0,0,0,0,Urban,2,0,0,Fine,Null
1764071.5182,5911638.4121,784727,,520500,0,,0,1,,North,2023/2024,MOUNT WELLINGTON HIGHWAY,PANAMA ROAD,,Non-Injury Crash,No,2023,,South,,0,,Hill Road,,Labour Weekend,,,,Bright sun,637900,0,0,0,4,,,0,,,,,,Auckland Region,Nil,2-way,Sealed,,0,0,,50,,Off,0,0,,76,Auckland,Nil,,,,,0,0,Urban,1,,,Fine,Null
1745082.7139,5917943.466,784733,,510700,0,,0,0,,Null,2023/2024,LINCOLN ROAD,SEL PEACOCK DRIVE,,Non-Injury Crash,No,2023,,South,,0,,Flat,,,,,,Dark,240200,0,0,1,4,,,0,,,,,,Auckland Region,Nil,2-way,Sealed,,0,0,,50,,On,0,0,,76,Auckland,Traffic Signals,,,,,0,0,Urban,1,,,Fine,Null
1752410.4824,5917918.6327,784734,,515003,0,,0,1,,Null,2024/2025,CARRINGTON ROAD,SUTHERLAND ROAD,,Non-Injury Crash,No,2025,,South,,0,,Flat,,,,,,Bright sun,391602,0,0,0,2,,,0,,,,,,Auckland Region,Nil,2-way,Sealed,,0,0,,50,,Off,0,0,,76,Auckland,Give way,,,,,0,0,Urban,1,,,Fine,Null
1755149.6811,5913442.2053,784750,,518803,0,,0,1,,West,2024/2025,SOUTH-WESTERN MOTORWAY,DOMINION ROAD ON RAMP,,Non-Injury Crash,Yes,2025,,South,,0,,Flat,,,,,,Overcast,582700,0,0,0,3,,,0,,,,,,Auckland Region,Nil,1-way,Sealed,,0,0,,100,,Off,1,0,,76,Auckland,Nil,,,,,0,0,Open,0,,,Fine,Null
1746136.9864,5918294.1141,784758,,512500,0,,0,2,,South,2024/2025,EDMONTON ROAD,ALMA STREET,,Non-Injury Crash,No,2025,,North,,0,,Null,,,,,,Overcast,257002,0,0,0,2,,,0,,,,,,Auckland Region,Nil,2-way,Sealed,,0,0,,50,,Null,0,0,,76,Auckland,Nil,,,,,0,0,Urban,0,,,Fine,Null
1746907.8937,5913081.5286,784759,,511002,0,0,0,3,0,North,2023/2024,GLENDALE ROAD,GLENGARRY ROAD,,Non-Injury Crash,No,2024,0,South,0,0,0,Flat,0,,0,,0,Bright sun,284303,0,0,0,2,0,0,0,0,1,,0,0,Auckland Region,Nil,2-way,Sealed,0,0,0,0,50,0,None,0,0,,76,Auckland,Nil,0,0,0,0,0,0,Urban,0,0,0,Fine,Null
1764045.7368,5918611.4582,784766,,516500,0,0,0,2,0,West,2024/2025,JOHN RYMER PLACE,KOHIMARAMA ROAD,,Non-Injury Crash,No,2025,0,North,0,0,0,Hill Road,0,,0,,0,Overcast,503401,0,0,0,2,0,0,0,0,1,,0,0,Auckland Region,Nil,2-way,Sealed,0,0,0,0,50,0,None,0,0,,76,Auckland,Nil,0,0,0,0,0,0,Urban,0,0,0,Light rain,Null
1765055.7708,5907814.1117,784767,,522301,0,,0,2,,North,2024/2025,GREAT SOUTH ROAD,GRANGE ROAD,,Non-Injury Crash,No,2024,,South,,0,,Flat,,,,,,Dark,665900,0,0,0,1,,,0,,,,,,Auckland Region,Nil,2-way,Sealed,,0,0,,50,,On,0,0,,76,Auckland,Traffic Signals,,,,,0,0,Urban,0,,,Light rain,None
1750338.1773,5952558.5663,784791,,506201,0,,0,1,,South,2024/2025,NORTHERN GATEWAY TOLL ROAD,OTANERUA VIADUCT SOUTH,,Minor Crash,Yes,2024,,North,,0,,Hill Road,,,,,,Overcast,176301,1,0,0,2,,,0,,,1,,,Auckland Region,Nil,1-way,Sealed,,0,0,,100,,None,0,0,,76,Auckland,Nil,,,,,0,0,Open,0,,,Fine,Null
1752739.4386,5914856.0278,784805,,517902,0,,0,1,,West,2023/2024,SH 20,MAIORO STREET ON RAMP,,Non-Injury Crash,Yes,2024,,West,,0,,Flat,,,,,,Bright sun,518900,0,0,0,3,,,0,,,,,,Auckland Region,Nil,1-way,Sealed,,0,0,,80,,Off,0,0,,76,Auckland,Nil,,,,,1,0,Open,0,,,Fine,Null
1782772.086,5904899.3094,784814,55,525201,0,,0,0,,North,2024/2025,CLEVEDON-KAWAKAWA ROAD,HOLDENS ROAD,,Non-Injury Crash,No,2024,,North,,0,,Flat,,,,,,Overcast,764100,0,0,0,2,,,0,,,,,,Auckland Region,Nil,2-way,Sealed,,0,0,,80,,None,0,0,,76,Auckland,Nil,,,,,1,0,Open,0,,,Light rain,Null
1746973.8744,5919105.0228,784821,,512402,0,,0,2,,Null,2023/2024,VERA ROAD,TE ATATU ROAD,,Non-Injury Crash,No,2024,,South,,0,,Flat,,,,,,Dark,254500,0,0,0,3,,,0,,,,,,Auckland Region,Nil,2-way,Sealed,,0,0,,50,,On,0,0,,76,Auckland,Traffic Signals,,,,,1,0,Urban,0,,,Fine,Null
1762382.0117,5920684.2755,784823,,516400,0,,0,1,,Null,2023/2024,HAPIMANA STREET,TAMAKI DRIVE,,Non-Injury Crash,No,2024,,North,,0,,Flat,,,,,,Bright sun,498700,0,0,0,2,,,0,,,,,,Auckland Region,Nil,2-way,Sealed,,0,0,,50,,Off,1,0,,76,Auckland,Give way,,,,,0,0,Urban,0,,,Fine,Null
1758378.5731,5916849.8457,784838,,519200,0,,0,1,,Null,2024/2025,MARGOT STREET,MOUNT ST JOHN AVENUE,,Minor Crash,No,2024,,North,,0,,Null,,,,,,Overcast,614302,1,0,1,2,,,0,,,,,,Auckland Region,Nil,2-way,Sealed,,0,0,,30,,Null,0,0,,76,Auckland,Give way,,,,,0,0,Urban,0,,,Fine,Null
1756386.0669,5919357.664,784839,,514200,0,,0,2,,West,2024/2025,KARANGAHAPE ROAD,EDINBURGH STREET,,Minor Crash,No,2025,,East,,0,,Flat,,,,,,Dark,411900,1,0,0,2,,,0,,,,,,Auckland Region,Nil,2-way,Sealed,,0,0,,40,,On,0,1,,76,Auckland,Nil,,,,,0,0,Urban,0,,,Fine,Null
1751698.7688,5914752.5431,784853,,514402,0,0,0,5,0,East,2023/2024,NEW WINDSOR ROAD,BRIGHTWELL PLACE,,Non-Injury Crash,No,2023,0,West,0,0,0,Flat,0,,0,,0,Dark,380504,0,0,0,2,0,0,0,0,2,,0,0,Auckland Region,Nil,2-way,Sealed,0,0,0,0,50,0,On,0,0,,76,Auckland,Nil,0,0,0,0,0,0,Urban,0,0,0,Fine,Null
1744320.0839,5915711.5515,784855,,513012,0,0,0,2,0,Null,2023/2024,HENDERSON VALLEY ROAD,BORDER ROAD,,Non-Injury Crash,No,2024,0,East,0,0,0,Flat,0,,0,,0,Bright sun,280904,0,0,0,1,0,0,0,0,0,,0,0,Auckland Region,Nil,1-way,Sealed,0,0,0,0,50,0,Off,0,0,,76,Auckland,Give way,1,1,0,0,0,0,Urban,0,0,0,Fine,Null
1754931.6332,5914366.8118,784863,,518802,0,,0,1,,West,2024/2025,GIFFORD AVENUE,MAY ROAD,,Minor Crash,No,2025,,West,,0,,Flat,,,,,,Bright sun,577900,1,0,0,2,,,0,,,,,,Auckland Region,Nil,2-way,Sealed,,0,0,,50,,Off,1,0,,76,Auckland,Nil,,,,,0,0,Urban,0,,,Fine,Null
1745850.1437,5917183.6407,784870,,510700,0,,0,1,,East,2024/2025,GREAT NORTH ROAD,EDSEL STREET,,Minor Crash,No,2025,,North,,0,,Flat,,,,,,Bright sun,240401,1,0,0,3,,,0,,,1,,,Auckland Region,Nil,2-way,Sealed,,0,0,,50,,Off,0,0,,76,Auckland,Nil,,,,,0,0,Urban,0,,,Fine,Null
1764023.0641,5910829.6,784877,,520500,0,,0,0,,North,2023/2024,MOUNT WELLINGTON HIGHWAY,NEW BRIGHTON ROAD,,Non-Injury Crash,No,2023,,North,,0,,Flat,,,,,,Overcast,638100,0,0,0,2,,,0,,,,,,Auckland Region,Nil,2-way,Sealed,,0,0,,50,,None,0,0,,76,Auckland,Nil,,,,,1,0,Urban,1,,,Light rain,Null
1747255.6594,5919834.7621,784879,,512300,0,,0,1,,Null,2023/2024,TE ATATU ROAD,TE ATATU ROAD OFF RAMP,,Minor Crash,No,2024,,South,,0,,Hill Road,,,,,,Overcast,252000,1,0,0,2,,,0,,,,,,Auckland Region,Nil,1-way,Sealed,,0,0,,50,,Off,0,0,,76,Auckland,Traffic Signals,,,,,0,0,Urban,1,,,Light rain,Null
1760179.0141,5916857.6163,784893,,516102,0,0,0,1,0,West,2023/2024,REMUERA ROAD,CLONBERN ROAD,,Non-Injury Crash,No,2023,0,East,0,0,0,Null,0,,0,,0,Unknown,485200,0,0,0,4,0,0,0,0,1,,0,0,Auckland Region,Nil,2-way,Null,0,0,0,0,50,0,Null,1,0,,76,Auckland,Nil,0,0,0,0,0,0,Urban,0,0,0,Null,Null
1769893.7114,5901059.3207,784909,,524902,0,,0,2,,South,2024/2025,SOUTHERN MOTORWAY,ALFRISTON OBR,,Non-Injury Crash,Yes,2024,,North,,0,,Flat,,,,,,Bright sun,757700,0,0,0,3,,,0,,,,,,Auckland Region,Nil,1-way,Sealed,,0,0,,100,,Off,1,0,,76,Auckland,Nil,,,,,0,0,Open,0,,,Fine,Null
1756118.5486,5887175.6738,784919,,521122,0,0,0,1,0,West,2024/2025,WAIAU PA ROAD,ESTUARY VIEW ROAD,,Minor Crash,No,2025,0,East,1,0,0,Flat,0,,0,,0,Overcast,810700,1,0,0,2,0,0,0,0,0,,0,1,Auckland Region,Nil,2-way,Sealed,0,0,0,0,80,0,None,0,0,,76,Auckland,Nil,0,0,0,0,0,0,Open,0,0,0,Light rain,Null
1759861.2537,5924411.1505,784933,,509300,0,,0,0,,Null,2023/2024,LAKE ROAD,OLD LAKE ROAD,,Minor Crash,No,2023,,South,,0,,Hill Road,,,,,,Overcast,340200,1,0,1,2,,,0,,,,,,Auckland Region,Nil,2-way,Sealed,,0,0,,50,,Off,0,0,,76,Auckland,Give way,,,,,1,0,Urban,0,,,Light rain,Null
1734087.8849,5933699.3234,784959,,506653,0,,0,1,,South,2024/2025,OLD NORTH ROAD,PEAK ROAD,,Non-Injury Crash,No,2024,,North,,0,,Hill Road,,,,,,Overcast,217704,0,0,0,2,,,0,,,,,,Auckland Region,Nil,2-way,Sealed,,0,0,,80,,Off,0,0,,76,Auckland,Nil,,,,,0,0,Open,0,,,Light rain,Null
1770612.278,5909736.8103,784997,,523114,0,0,0,1,0,Null,2023/2024,KILKENNY DRIVE,POINT VIEW LINK,,Minor Crash,No,2024,0,East,0,0,1,Flat,0,,0,,0,Overcast,712033,1,0,0,2,0,0,0,0,0,,0,0,Auckland Region,Nil,2-way,Sealed,0,0,0,0,50,0,Off,0,0,,76,Auckland,Give way,0,0,0,0,0,0,Urban,0,0,0,Fine,Null
1785970.7288,5926153.0331,784998,,520801,0,0,0,1,0,West,2024/2025,VICTORIA ROAD NORTH,SCOTTS TERRACE,,Non-Injury Crash,No,2024,0,South,0,0,0,Hill Road,0,,0,,0,Dark,515712,0,0,0,2,0,0,0,0,0,,0,0,Auckland Region,Nil,2-way,Sealed,0,0,0,0,30,0,None,0,0,,76,Auckland,Nil,0,0,0,1,0,0,Urban,0,0,0,Fine,Null
1758597.9014,5945789.8581,785007,,505902,0,0,0,1,0,North,2023/2024,WHANGAPARAOA ROAD,ZITA AVENUE,,Non-Injury Crash,No,2024,0,South,0,0,0,Hill Road,0,,0,,0,Bright sun,174801,0,0,0,2,0,0,0,0,1,,0,0,Auckland Region,Nil,2-way,Sealed,0,0,0,0,50,0,Off,0,0,,76,Auckland,Nil,0,0,0,0,1,0,Urban,0,0,0,Fine,Null
1774160.0601,5896530.706,785013,,525610,0,0,0,1,0,Null,2023/2024,SHEEHAN AVENUE,KELVIN ROAD,,Non-Injury Crash,No,2023,0,Null,0,0,0,Flat,0,,0,,0,Dark,798400,0,0,0,2,0,0,0,0,1,,0,0,Auckland Region,Nil,2-way,Sealed,0,0,0,0,50,0,On,0,0,,76,Auckland,Give way,0,0,0,0,0,0,Urban,1,0,0,Fine,Null
1769345.0949,5907452.2033,785014,,523712,0,0,0,2,0,Null,2024/2025,ORMISTON ROAD,TE IRIRANGI DRIVE,,Non-Injury Crash,No,2024,0,West,0,0,0,Flat,0,,0,,0,Overcast,712803,0,0,0,2,0,0,0,0,0,,0,0,Auckland Region,Nil,2-way,Sealed,0,0,0,0,50,0,Off,0,0,,76,Auckland,Traffic Signals,0,0,0,0,0,0,Urban,0,1,0,Mist or Fog,Null
1733632.7901,5934509.9039,785015,,506653,0,0,0,1,0,West,2024/2025,OLD NORTH ROAD,TAYLOR ROAD,,Minor Crash,No,2024,0,East,0,0,0,Hill Road,0,,0,,0,Bright sun,217701,1,0,0,2,0,0,0,0,0,,0,0,Auckland Region,Nil,2-way,Sealed,0,0,0,0,80,0,None,0,0,,76,Auckland,Nil,0,0,0,1,0,0,Open,0,0,0,Fine,Null
1755631.9958,5928738.0243,785039,,508320,0,0,0,0,0,North,2024/2025,TRISTRAM AVENUE OFF RAMP,NORTHERN MOTORWAY,,Minor Crash,No,2025,0,North,0,0,0,Flat,0,,0,,0,Overcast,198500,1,0,0,2,0,0,0,0,0,,0,1,Auckland Region,Motorway ramp,1-way,Sealed,0,0,0,0,100,0,Off,0,0,,76,Auckland,Nil,0,0,0,1,0,0,Open,1,0,0,Fine,Null
1756042.8074,5927946.2376,785045,,507900,0,,0,0,,South,2023/2024,NORTHERN MOTORWAY,WAIRAU OBR,,Non-Injury Crash,Yes,2024,,South,,0,,Flat,,,,,,Twilight,305202,0,0,0,3,,,0,,,,,,Auckland Region,Nil,1-way,Sealed,,0,0,,100,,Off,0,0,,76,Auckland,Nil,,,,,0,0,Open,2,,,Fine,Null
1768026.3508,5885534.5596,785046,,521111,0,,0,1,,North,2024/2025,PAERATA ROAD,CROWN ROAD,,Non-Injury Crash,Yes,2025,,South,,0,,Flat,,,,,,Twilight,813601,0,0,0,2,,,0,,,,,,Auckland Region,Nil,2-way,Sealed,,0,0,,60,,Off,0,0,,76,Auckland,Nil,,,,,0,0,Urban,1,,,Fine,Null
1752328.806,5915112.9399,785054,,517902,0,1,0,0,0,West,2023/2024,SH 20,MAIORO STREET ON RAMP,,Non-Injury Crash,Yes,2024,0,North,0,0,0,Flat,0,,0,,0,Bright sun,519600,0,0,0,3,0,0,0,0,0,,0,0,Auckland Region,Tunnel,1-way,Sealed,0,0,0,0,80,0,Off,0,0,,76,Auckland,Nil,0,0,0,0,1,0,Open,0,0,0,Fine,Null
1759575.4186,5909846.9282,785061,,524002,0,,0,3,,North,2023/2024,SOUTH-WESTERN MOTORWAY,HASTIE FTBR,,Minor Crash,Yes,2024,,South,,0,,Hill Road,,,,,,Overcast,722400,1,0,0,3,,,0,,,,,,Auckland Region,Nil,1-way,Sealed,,0,0,,100,,Off,0,0,,76,Auckland,Nil,,,,,0,0,Open,0,,,Fine,Null
1765471.443,5918738.5304,785063,,516900,0,,0,1,,Null,2023/2024,ST HELIERS BAY ROAD,ASHBY AVENUE,,Non-Injury Crash,No,2024,,North,,0,,Flat,,,,,,Bright sun,465400,0,0,0,2,,,0,,,,,,Auckland Region,Nil,2-way,Sealed,,0,0,,50,,Off,0,0,,76,Auckland,Traffic Signals,,,,,0,0,Urban,1,,,Null,Null
1762316.1782,5913416.0752,785077,,520500,0,,0,1,,South,2022/2023,SOUTHERN MOTORWAY,PENROSE OBR,,Non-Injury Crash,Yes,2023,,North,,0,,Flat,,,,,,Dark,637100,0,0,0,4,,,0,,,,,,Auckland Region,Nil,1-way,Sealed,,0,0,,100,,On,0,0,,76,Auckland,Nil,,,,,0,0,Open,1,,,Heavy rain,Null
1758722.1083,5946332.5922,785085,,505904,0,0,0,1,1,North,2023/2024,WHANGAPARAOA ROAD,ROBERTS ROAD,,Serious Crash,No,2024,0,South,0,0,0,Flat,0,,0,,0,Dark,174904,0,0,0,2,0,0,0,0,0,,0,0,Auckland Region,Nil,2-way,Sealed,0,0,1,0,50,0,On,0,0,,76,Auckland,Nil,0,0,0,0,0,0,Urban,0,0,0,Heavy rain,Null
1757689.914,5913760.6007,785087,,518600,0,0,0,1,0,Null,2024/2025,PAH ROAD,OAK STREET,,Minor Crash,No,2025,0,South,0,0,0,Flat,0,,0,,0,Bright sun,565300,1,0,0,4,0,0,0,0,1,,0,0,Auckland Region,Nil,2-way,Sealed,0,0,0,0,50,0,Off,0,0,,76,Auckland,Stop,0,0,0,0,0,0,Urban,1,0,0,Fine,Frost
1745595.8235,5919151.0126,785093,,513302,0,,0,2,,Null,2024/2025,TE PAI PLACE,WAIPAREIRA AVENUE,,Minor Crash,No,2024,,West,,0,,Flat,,,,,,Overcast,230702,1,0,0,2,,,0,,,,,,Auckland Region,Nil,2-way,Sealed,,0,0,,50,,None,0,0,,76,Auckland,Give way,,,,,0,0,Urban,0,,,Fine,Null
1768462.0143,5909036.8559,785094,,523112,0,,0,0,,South,2023/2024,SPRINGS ROAD,LADY RUBY DRIVE,,Non-Injury Crash,No,2024,,North,,0,,Null,,,,,,Unknown,711600,0,0,0,4,,,0,,,,,,Auckland Region,Nil,2-way,Sealed,,0,0,,50,,Null,2,0,,76,Auckland,Nil,,,,,0,0,Urban,0,,,Fine,Null
1767571.7583,5904617.4984,785119,45,524604,0,,0,1,,Null,2023/2024,GREAT SOUTH ROAD,RONWOOD AVENUE,,Minor Crash,No,2024,,North,,0,,Flat,,,,,,Overcast,780204,2,0,0,1,,,0,,,,,,Auckland Region,Nil,1-way,Sealed,,0,0,,50,,Off,0,0,,76,Auckland,Give way,,,,,0,0,Urban,1,,,Light rain,Strong wind
1751180.7528,5915048.1984,785125,,514402,0,0,0,2,0,Null,2023/2024,GREAT NORTH ROAD,WINGATE STREET,,Non-Injury Crash,No,2024,0,East,0,0,0,Flat,0,,0,,0,Dark,381000,0,0,0,2,0,0,0,0,0,,0,0,Auckland Region,Nil,2-way,Sealed,0,0,0,0,50,0,On,0,0,,76,Auckland,Give way,1,0,0,0,0,0,Urban,0,0,0,Fine,Null
1755330.1573,5921632.5551,785127,,515202,0,0,0,1,0,South,2024/2025,NORTHERN MOTORWAY,SHELLY BEACH OBR,,Non-Injury Crash,Yes,2024,0,South,0,0,0,Flat,1,,0,,0,Overcast,423600,0,0,0,4,0,0,0,0,0,,0,0,Auckland Region,Nil,1-way,Sealed,0,0,0,0,80,0,Off,0,0,,76,Auckland,Nil,0,0,0,0,0,0,Open,0,0,0,Fine,Null
1756625.7572,5912761.2421,785135,,518702,0,,0,2,,Null,2024/2025,HILLSBOROUGH ROAD OFF RAMP,HILLSBOROUGH ROAD,,Minor Crash,No,2025,,West,,0,,Flat,,,,,,Overcast,570200,1,0,0,2,,,0,,,,,,Auckland Region,Motorway ramp,1-way,Sealed,,0,0,,50,,Off,0,0,,76,Auckland,Traffic Signals,,,,,0,0,Urban,0,,,Fine,Null
1760789.9251,5907224.3538,785143,,524112,0,,0,1,,West,2024/2025,SOUTH-WESTERN MOTORWAY,BADER OBR,,Non-Injury Crash,Yes,2024,,South,,0,,Flat,,,,,,Bright sun,737500,0,0,0,2,,,0,,,,,,Auckland Region,Nil,1-way,Sealed,,0,0,,100,,Off,1,0,,76,Auckland,Nil,,,,,0,0,Open,0,,,Fine,Null
1747107.594,5909548.6621,785167,,512000,0,,0,2,,North,2022/2023,SOUTH TITIRANGI ROAD,GRENDON ROAD,,Non-Injury Crash,No,2023,,South,,0,,Hill Road,,,,,,Dark,297200,0,0,0,2,,,0,,,,,,Auckland Region,Nil,2-way,Sealed,,0,0,,50,,On,0,0,,76,Auckland,Nil,,,,,0,0,Urban,0,,,Light rain,Null
1755951.689,5934040.8736,785175,,507200,1,,0,1,,Null,2023/2024,BEACH ROAD,KNIGHTS ROAD,,Non-Injury Crash,No,2023,,West,,0,,Hill Road,,,,,,Bright sun,156702,0,0,0,2,,,0,,,,,,Auckland Region,Nil,2-way,Sealed,,0,0,,50,,Off,0,0,,76,Auckland,Give way,,,,,0,0,Urban,0,,,Fine,Null
1769452.8248,5900405.0963,785181,,524902,0,,0,2,,East,2023/2024,MYERS ROAD,LINCOLN ROAD,,Non-Injury Crash,No,2024,,North,,0,,Flat,,,,,,Bright sun,758800,0,0,0,2,,,0,,,,,,Auckland Region,Nil,2-way,Sealed,,0,0,,50,,Off,0,0,,76,Auckland,Nil,,,,,0,0,Urban,0,,,Fine,Null
1749296.3907,5913915.3273,785182,,511302,0,,0,1,,Null,2024/2025,GREAT NORTH ROAD,PINE STREET,,Minor Crash,No,2025,,East,,0,,Flat,,,,,,Dark,268900,1,0,1,5,,,0,,,,,,Auckland Region,Nil,2-way,Sealed,,0,0,,50,,On,0,0,,76,Auckland,Stop,,,,,0,0,Urban,0,,,Light rain,Null
1758954.528,5907225.6805,785198,,524122,0,,0,1,,Null,2024/2025,IDLEWILD AVENUE,KIRKBRIDE ROAD,,Non-Injury Crash,No,2024,,West,,0,,Flat,,,,,,Dark,739400,0,0,0,2,,,0,,,,,,Auckland Region,Nil,2-way,Sealed,,0,0,,50,,On,1,0,,76,Auckland,Give way,,,,,0,0,Urban,0,,,Light rain,Null
1748932.6315,5970755.9791,785205,,505500,0,,0,2,,Null,2023/2024,GREAT NORTH ROAD,SANDSPIT ROAD,,Minor Crash,No,2024,,South,,0,,Hill Road,,Easter,,,,Bright sun,140000,1,0,0,3,,,0,,,,,,Auckland Region,Nil,2-way,Sealed,,0,0,,50,,Off,0,0,,76,Auckland,Give way,,,,,0,0,Urban,0,,,Fine,Null
1732956.2383,5944729.4278,785222,,506646,0,,0,1,,South,2024/2025,KAIPARA COAST HIGHWAY,CAROL LEON AVENUE,,Non-Injury Crash,Yes,2025,,South,,0,,Hill Road,,,,,,Dark,211503,0,0,0,2,,,0,,,,,,Auckland Region,Nil,2-way,Sealed,,0,0,,100,,None,1,0,,76,Auckland,Nil,,,,,0,0,Open,1,,,Light rain,Null
1758138.6359,5920014.2914,785223,,515902,0,0,0,1,0,Null,2025/2026,STANLEY STREET,NICHOLLS LANE,,Non-Injury Crash,Yes,2025,0,South,0,0,0,Flat,0,,1,,0,Dark,451400,0,0,0,4,0,0,0,0,0,,0,0,Auckland Region,Nil,2-way,Sealed,0,0,0,0,50,0,On,0,0,,76,Auckland,Traffic Signals,0,0,0,0,0,0,Urban,0,0,0,Fine,Null
1756613.9368,5919326.0987,785246,,514200,0,0,0,1,0,West,2025/2026,SOUTHERN MOTORWAY,NORTH-WESTERN TO SOUTHERN LINK,,Non-Injury Crash,Yes,2025,0,South,0,0,0,Flat,2,,0,,0,Overcast,411900,0,0,0,3,0,0,0,0,0,,0,0,Auckland Region,Motorway ramp,1-way,Sealed,0,0,0,0,80,0,Off,0,0,,76,Auckland,Nil,0,0,0,0,0,0,Open,0,0,0,Light rain,Null
1754288.9509,5913424.5395,785262,,518802,0,,0,1,,North,2025/2026,MAY ROAD,GLYNN STREET,,Non-Injury Crash,No,2025,,East,,0,,Flat,,,,,,Dark,579300,0,0,0,3,,,0,,,,,,Auckland Region,Nil,2-way,Sealed,,0,0,,50,,On,0,0,,76,Auckland,Nil,,,,,0,0,Urban,1,,,Fine,Null
1757712.9144,5918285.8116,785271,,514302,0,,0,1,,North,2024/2025,SOUTHERN MOTORWAY,MOUNTAIN OBR,,Non-Injury Crash,Yes,2024,,South,,0,,Flat,,,,,,Overcast,442100,0,0,0,5,,,0,,,,,,Auckland Region,Nil,1-way,Sealed,,0,0,,80,,Off,1,0,,76,Auckland,Nil,,,,,0,0,Open,0,,,Fine,Null
1763282.1333,5906601.5328,785278,,524301,0,,0,2,,North,2023/2024,GRAEME AVENUE,BUCKLAND ROAD,,Non-Injury Crash,No,2023,,East,,0,,Flat,,,,,,Bright sun,747200,0,0,0,2,,,0,,,,,,Auckland Region,Nil,2-way,Sealed,,0,0,,50,,Off,0,0,,76,Auckland,Nil,,,,,0,0,Urban,0,,,Fine,None
1728337.8311,5941482.2335,785287,,506644,0,0,0,0,0,Null,2024/2025,PARKHURST ROAD,WAIWERA AVENUE,,Minor Crash,No,2025,0,South,0,0,0,Flat,0,,0,,0,Bright sun,211005,1,0,1,2,0,0,0,0,0,,0,0,Auckland Region,Nil,2-way,Sealed,0,0,0,0,50,0,Off,0,0,,76,Auckland,Give way,0,0,0,1,0,0,Urban,0,0,0,Fine,Null
1753669.6476,5931136.7987,785293,,508803,0,0,0,2,0,Null,2022/2023,CARIBBEAN DRIVE,BARBADOS DRIVE,,Minor Crash,No,2023,0,South,0,0,1,Flat,0,,0,,0,Overcast,180819,1,0,0,2,0,0,0,0,0,,0,0,Auckland Region,Nil,2-way,Sealed,0,0,0,0,50,0,Off,0,0,,76,Auckland,Give way,1,0,0,0,0,0,Urban,0,0,0,Fine,Null
1760087.0086,5915928.1316,785294,,516002,0,,0,2,,South,2024/2025,GREEN LANE EAST,GREEN LANE EAST ON RAMP,,Non-Injury Crash,No,2024,,North,,0,,Flat,,,,,,Dark,492100,0,0,0,1,,,0,,,,,,Auckland Region,Motorway ramp,1-way,Sealed,,0,0,,50,,On,0,0,,76,Auckland,Nil,,,,,0,0,Urban,0,,,Light rain,Null