X,Y,OBJECTID,advisorySpeed,areaUnitID,bicycle,bridge,bus,carStationWagon,cliffBank,crashDirectionDescription,crashFinancialYear,crashLocation1,crashLocation2,crashRoadSideRoad,crashSeverity,crashSHDescription,crashYear,debris,directionRoleDescription,ditch,fatalCount,fence,flatHill,guardRail,holiday,houseOrBuilding,intersection,kerb,light,meshblockId,minorInjuryCount,moped,motorcycle,NumberOfLanes,objectThrownOrDropped,otherObject,otherVehicleType,overBank,parkedVehicle,pedestrian,phoneBoxEtc,postOrPole,region,roadCharacter,roadLane,roadSurface,roadworks,schoolBus,seriousInjuryCount,slipOrFlood,speedLimit,strayAnimal,streetLight,suv,taxi,temporarySpeedLimit,tlaId,tlaName,trafficControl,trafficIsland,trafficSign,train,tree,truck,unknownVehicleType,urban,vanOrUtility,vehicle,waterRiver,weatherA,weatherB
1755379.5846,5932237.905,785301,,508805,0,,0,2,,Null,2022/2023,EAST COAST ROAD,MAXWELTON DRIVE,,Minor Crash,No,2023,,South,,0,,Flat,,,,,,Dark,151101,1,0,0,4,,,0,,,,,,Auckland Region,Nil,2-way,Sealed,,0,0,,50,,On,0,0,,76,Auckland,Give way,,,,,0,0,Urban,0,,,Fine,Null
1765049.2248,5910314.9862,785302,,521801,0,,0,2,,South,2024/2025,SOUTHERN MOTORWAY,PRINCES ST-OTAHUHU ON RAMP,,Non-Injury Crash,Yes,2024,,North,,0,,Flat,,,,,,Overcast,787700,0,0,0,3,,,0,,,,,,Auckland Region,Nil,1-way,Sealed,,0,0,,100,,Off,0,0,,76,Auckland,Nil,,,,,0,0,Open,0,,,Fine,Null
1768122.1751,5903022.6133,785319,,524602,0,,0,2,,Null,2024/2025,GREAT SOUTH ROAD,RATA VINE DRIVE,,Non-Injury Crash,No,2024,,North,,0,,Flat,,,,,,Twilight,780504,0,0,0,2,,,0,,,,,,Auckland Region,Nil,2-way,Sealed,,0,0,,50,,On,1,0,30,76,Auckland,Stop,,,,,0,0,Urban,0,,,Light rain,Strong wind
1752615.9377,5916845.5953,785348,,517901,0,0,0,2,0,South,2022/2023,CARRINGTON ROAD,WOODWARD ROAD,,Non-Injury Crash,No,2023,0,North,0,0,0,Flat,0,,0,,0,Dark,524300,0,0,0,2,0,0,0,0,1,,0,0,Auckland Region,Nil,2-way,Sealed,0,0,0,0,50,0,On,0,0,,76,Auckland,Nil,0,0,0,0,0,0,Urban,0,0,0,Light rain,Strong wind
1757190.1801,5919862.9262,785356,,514103,0,,0,2,,Null,2022/2023,MAYORAL DRIVE,QUEEN STREET,,Non-Injury Crash,No,2023,,West,,0,,Flat,,,,,,Bright sun,436100,0,0,0,4,,,0,,,,,,Auckland Region,Nil,2-way,Sealed,,0,0,,30,,On,0,0,,76,Auckland,Traffic Signals,,,,,0,0,Urban,0,,,Fine,Null
1776730.7517,5894949.5029,785358,,521301,0,0,0,1,0,West,2024/2025,HUNUA ROAD,DOMINION ROAD,,Non-Injury Crash,No,2024,0,South,0,0,0,Hill Road,0,,0,,0,Dark,807900,0,0,0,2,0,0,0,1,0,,0,0,Auckland Region,Nil,2-way,Sealed,0,0,0,0,60,0,None,0,0,,76,Auckland,Nil,0,0,0,0,0,0,Urban,0,0,0,Light rain,Null
1759775.0752,5913017.3661,785364,,519900,0,,0,1,,Null,2023/2024,MOUNT SMART ROAD,ARAPUNI AVENUE,,Minor Crash,No,2023,,East,,0,,Flat,,,,,,Bright sun,604300,2,0,0,2,,,0,,,,,,Auckland Region,Nil,2-way,Sealed,,0,0,,50,,Off,1,0,,76,Auckland,Give way,,,,,0,0,Urban,0,,,Fine,Null
1734944.4849,5907880.1622,785365,,513800,0,0,0,1,1,South,2024/2025,PIHA ROAD,KAURI GROVE TRACK,,Non-Injury Crash,No,2025,0,South,1,0,0,Hill Road,0,,0,,0,Overcast,282027,0,0,0,2,0,0,0,0,0,,0,0,Auckland Region,Nil,2-way,Sealed,0,0,0,0,70,0,None,0,0,,76,Auckland,Nil,0,0,0,0,0,0,Urban,0,0,0,Light rain,Null
1748024.3113,5945479.2708,785390,,506201,0,,0,2,,South,2025/2026,PINE VALLEY ROAD,OLD PINE VALLEY ROAD,,Minor Crash,No,2025,,North,,0,,Hill Road,,,,,,Dark,176700,1,0,0,2,,,0,,,,,,Auckland Region,Nil,2-way,Sealed,,0,0,,60,,None,0,0,,76,Auckland,Nil,,,,,0,0,Urban,0,,,Fine,Null
1751305.8828,5915032.8624,785397,,514401,1,,0,0,,Null,2024/2025,ST JUDE STREET,GEDDES TERRACE,,Serious Crash,No,2025,,East,,0,,Hill Road,,,,,,Overcast,382800,0,0,0,2,,,0,,,,,,Auckland Region,Nil,2-way,Sealed,,0,1,,50,,Off,0,0,,76,Auckland,Give way,,,,,0,0,Urban,0,,,Fine,Null
1767143.5232,5884273.9831,785405,,521122,0,0,0,1,0,North,2025/2026,OSTRICH FARM ROAD,HEIGHTS ROAD,,Non-Injury Crash,No,2025,0,South,0,0,0,Hill Road,0,,0,,0,Bright sun,813702,0,0,0,2,0,0,0,0,0,,0,1,Auckland Region,Nil,2-way,Sealed,0,0,0,0,60,0,Off,0,0,,76,Auckland,Nil,0,0,0,0,0,0,Urban,0,0,0,Fine,Null
1752937.5082,5934969.8798,785422,,508701,0,,0,1,,Null,2024/2025,OTEHA VALLEY ROAD,OTEHA VALLEY ROAD OFF RAMP,,Minor Crash,No,2024,,West,,0,,Null,,,,,,Dark,179000,1,0,0,3,,,0,,,,,,Auckland Region,Nil,1-way,Sealed,,0,0,,50,,On,0,0,,76,Auckland,Traffic Signals,,,,,0,0,Urban,0,,,Fine,Null
1757537.4142,5919493.458,785428,,514301,0,0,0,1,0,North,2022/2023,WELLESLEY STREET OFF RAMP,PORT OFF RAMP,,Non-Injury Crash,No,2023,0,North,0,0,0,Hill Road,1,,0,,0,Overcast,440903,0,0,0,3,0,0,0,0,0,,0,0,Auckland Region,Motorway ramp,1-way,Sealed,0,0,0,0,80,0,On,0,0,,76,Auckland,Nil,0,0,0,0,0,0,Open,0,0,0,Light rain,Null
1750259.4588,5913791.1196,785437,,511303,0,,0,1,,East,2024/2025,CLARK STREET,HETANA STREET,,Non-Injury Crash,No,2025,,West,,0,,Flat,,,,,,Overcast,265002,0,0,0,4,,,0,,,,,,Auckland Region,Nil,2-way,Sealed,,0,0,,50,,Off,0,0,,76,Auckland,Nil,,,,,1,0,Urban,0,,,Light rain,Strong wind
1760300.5131,5907805.439,785446,,524403,0,,0,3,,South,2024/2025,SOUTH-WESTERN MOTORWAY,WALMSLEY ROAD ON RAMP,,Non-Injury Crash,Yes,2024,,South,,0,,Flat,,,,,,Bright sun,731105,0,0,0,2,,,0,,,,,,Auckland Region,Nil,1-way,Sealed,,0,0,,100,,None,0,0,,76,Auckland,Nil,,,,,0,0,Open,0,,,Fine,Null
1768675.6546,5888951.5998,785454,,521122,0,,0,2,,West,2025/2026,KARAKA ROAD,SIM ROAD,,Minor Crash,Yes,2025,,West,,0,,Hill Road,,,,,,Overcast,812700,2,0,0,3,,,0,,,,,,Auckland Region,Nil,2-way,Sealed,,0,0,,80,,Off,0,0,,76,Auckland,Nil,,,,,0,0,Open,0,,,Fine,Null
1719348.6396,5947723.4322,785469,,506642,0,,0,2,,North,2024/2025,SOUTH HEAD ROAD,CROSLAND ROAD,,Non-Injury Crash,No,2025,,South,,0,,Hill Road,,,,,,Bright sun,210301,0,0,0,2,,,0,,,,,,Auckland Region,Nil,2-way,Sealed,,0,0,,100,,None,0,0,,76,Auckland,Nil,,,,,0,0,Open,0,,,Fine,Null
1757742.2453,5919986.5796,785470,,514103,0,0,0,1,0,South,2024/2025,SYMONDS STREET,GRAFTON ROAD,,Serious Crash,No,2025,0,South,0,0,0,Flat,0,,0,,1,Bright sun,437500,4,0,0,4,0,0,0,0,0,5,0,0,Auckland Region,Nil,2-way,Sealed,0,0,1,0,30,0,Off,0,0,,76,Auckland,Nil,0,0,0,1,0,0,Urban,0,0,0,Fine,Null
1753165.4084,5924718.965,785477,,510401,0,,0,2,,Null,2024/2025,MOKOIA ROAD,CHELSEA VIEW DRIVE,,Non-Injury Crash,No,2025,,East,,0,,Null,,,,,,Twilight,355200,0,0,0,4,,,0,,,,,,Auckland Region,Nil,2-way,Sealed,,0,0,,50,,Null,0,0,,76,Auckland,Traffic Signals,,,,,0,0,Urban,0,,,Fine,Null
1733855.4577,5990156.9249,785494,,506660,0,,0,1,,South,2024/2025,SH 1,ROSS ROAD,,Minor Crash,Yes,2024,,South,,0,,Hill Road,,,,,,Overcast,135700,1,0,0,2,,,0,,,,,,Auckland Region,Nil,2-way,Sealed,,0,0,,100,,None,0,0,,76,Auckland,Nil,,,,,0,0,Open,0,,,Heavy rain,Null
1767828.4991,5886562.716,785510,,521122,0,,0,3,,South,2023/2024,PAERATA ROAD,WESLEY COLLEGE SOUTH,,Non-Injury Crash,Yes,2024,,North,,0,,Flat,,Easter,,,,Bright sun,812900,0,0,0,2,,,0,,,,,,Auckland Region,Nil,2-way,Sealed,,0,0,,80,,None,0,0,,76,Auckland,Nil,,,,,0,0,Open,0,,,Fine,Frost
1741959.8363,5915172.7139,785517,,513020,0,,0,2,,East,2025/2026,HENDERSON VALLEY ROAD,GUM ROAD,,Serious Crash,No,2025,,East,,0,,Hill Road,,,,,,Dark,281000,3,0,0,2,,,0,,,,,,Auckland Region,Nil,2-way,Sealed,,0,1,,60,,None,0,0,,76,Auckland,Nil,,,,,0,0,Urban,0,,,Fine,Null
1770295.0389,5898130.8051,785524,,523920,0,0,0,1,0,South,2023/2024,SOUTHERN MOTORWAY,WALTER STREVENS OBR,,Non-Injury Crash,Yes,2023,0,South,0,0,0,Flat,1,Labour Weekend,0,,0,Dark,768003,0,0,0,3,0,0,0,0,0,,0,0,Auckland Region,Nil,1-way,Sealed,0,0,0,0,100,0,On,0,0,,76,Auckland,Nil,0,0,0,0,0,0,Open,0,0,0,Fine,Null
1766274.5535,5917193.9838,785534,35,517001,0,0,0,1,0,West,2024/2025,CHILTERN CRESCENT,ELSTREE AVENUE,,Non-Injury Crash,No,2025,0,South,0,0,0,Flat,0,,0,,0,Dark,474300,0,0,0,2,0,0,0,0,0,,0,1,Auckland Region,Nil,2-way,Unsealed,0,0,0,0,50,0,On,0,0,30,76,Auckland,Nil,0,0,0,0,0,0,Urban,0,0,0,Fine,Null
1757859.0883,5920444.155,785542,,514103,0,0,0,2,0,East,2024/2025,WATERLOO QUADRANT,PRINCES STREET,,Non-Injury Crash,No,2025,0,South,0,0,0,Hill Road,0,Easter,0,,0,Dark,437300,0,0,0,4,0,0,0,0,1,,0,0,Auckland Region,Nil,2-way,Sealed,0,0,0,0,30,0,Null,0,0,,76,Auckland,Nil,0,0,0,0,0,0,Urban,0,0,0,Light rain,Null
1746939.0985,5935563.8652,785548,,506653,0,,0,0,,North,2022/2023,COATESVILLE-RIVERHEAD HIGHWAY,MAHOENUI VALLEY ROAD,,Minor Crash,No,2023,,West,,0,,Flat,,,,,,Bright sun,217209,1,0,0,2,,,0,,,,,,Auckland Region,Bridge,2-way,Sealed,,0,0,,60,,Off,0,0,,76,Auckland,Nil,,,,,2,0,Urban,0,,,Fine,Null
1759016.2287,5903875.8045,785549,,524200,0,,0,2,,North,2024/2025,GEORGE BOLT MEMORIAL DRIVE,TERMINAL EXIT ROAD,,Non-Injury Crash,No,2025,,North,,0,,Flat,,,,,,Bright sun,727100,0,0,0,8,,,0,,,,,,Auckland Region,Nil,2-way,Sealed,,0,0,,50,,Off,0,0,,76,Auckland,Nil,,,,,0,0,Urban,0,,,Fine,Null
1746221.8989,5913962.6172,785550,,511002,0,,0,0,,South,2024/2025,ROSIER ROAD,ROSIER ROAD,,Minor Crash,No,2025,,North,,0,,Flat,,,,,,Overcast,283100,1,0,0,2,,,0,,,1,,,Auckland Region,Nil,2-way,Sealed,,0,0,,50,,Off,0,0,,76,Auckland,Nil,,,,,0,0,Urban,1,,,Fine,Null
1756916.3812,5920581.5279,785566,,514102,0,,0,2,,Null,2024/2025,VICTORIA STREET WEST,NELSON STREET,,Non-Injury Crash,No,2024,,East,,0,,Null,,,,,,Bright sun,433700,0,0,0,4,,,0,,,,,,Auckland Region,Nil,2-way,Sealed,,0,0,,30,,Null,0,0,,76,Auckland,Traffic Signals,,,,,0,0,Urban,0,,,Fine,Null
1752318.3874,5915951.6852,785573,,517902,0,,0,2,,South,2024/2025,NEW NORTH ROAD,RICHARDSON ROAD,,Minor Crash,No,2025,,North,,0,,Flat,,,,,,Bright sun,520700,2,0,0,4,,,0,,,,,,Auckland Region,Nil,2-way,Sealed,,0,0,,50,,Off,0,0,,76,Auckland,Nil,,,,,0,0,Urban,0,,,Fine,Null
1754144.3924,5931237.4032,785574,,508803,0,,0,2,,South,2024/2025,UPPER HARBOUR HWY OFF RAMP,UPPER HARBOUR HIGHWAY,,Non-Injury Crash,Yes,2024,,North,,0,,Flat,,,,,,Dark,180818,0,0,0,2,,,0,,,,,,Auckland Region,Nil,1-way,Sealed,,0,0,,100,,On,0,0,,76,Auckland,Nil,,,,,0,0,Open,0,,,Fine,Null
1752392.2791,5947636.2205,785580,,505808,0,,0,2,,Null,2023/2024,BAY STREET,LAURIE STREET,,Minor Crash,No,2024,,East,,0,,Flat,,,,,,Dark,173009,1,0,0,2,,,0,,,,,,Auckland Region,Nil,2-way,Sealed,,0,0,,50,,On,0,0,,76,Auckland,Give way,,,,,0,0,Urban,0,,,Fine,Null
1756113.7421,5919129.6909,785581,,515500,0,,0,1,,Null,2024/2025,GREAT NORTH ROAD,NIXON STREET,,Minor Crash,No,2025,,North,,0,,Flat,,,,,,Overcast,417700,1,0,1,4,,,0,,,,,,Auckland Region,Nil,2-way,Sealed,,0,0,,50,,Off,0,1,,76,Auckland,Give way,,,,,0,0,Urban,0,,,Light rain,Null
1772848.1406,5892001.9541,785589,,521301,0,,0,0,,North,2024/2025,SOUTHERN MOTORWAY,BREMNER OBR,,Non-Injury Crash,Yes,2024,,North,,0,,Flat,,,,,,Bright sun,808702,0,0,0,2,,,0,,,,,,Auckland Region,Nil,1-way,Sealed,,0,0,,100,,Off,0,0,,76,Auckland,Nil,,,,,1,0,Open,1,,,Fine,Null
1759751.5224,5907622.7579,785590,,524121,0,0,0,2,0,North,2024/2025,BADER DRIVE,IDLEWILD AVENUE,,Non-Injury Crash,No,2025,0,North,0,0,0,Flat,0,,0,,0,Bright sun,737600,0,0,0,2,0,0,0,0,1,,0,0,Auckland Region,Nil,2-way,Sealed,0,0,0,0,50,0,Off,0,0,,76,Auckland,Nil,0,0,0,0,0,0,Urban,0,0,0,Fine,Null
1768224.7848,5902355.8958,785597,,525001,0,0,0,1,0,South,2024/2025,GREAT SOUTH ROAD,ORAMS ROAD,,Serious Crash,No,2025,0,West,0,0,1,Flat,0,,1,,0,Dark,750800,0,0,0,3,0,0,0,0,0,,1,0,Auckland Region,Nil,2-way,Sealed,0,0,1,0,50,0,On,0,0,40,76,Auckland,Nil,0,0,0,0,0,0,Urban,0,0,0,Fine,Null
1763577.9338,5879518.3101,785622,,521121,0,0,0,1,0,West,2024/2025,UNION ROAD,PATUMAHOE ROAD,,Non-Injury Crash,No,2025,0,South,1,0,0,Flat,0,,0,,0,Overcast,812100,0,0,0,2,0,0,0,0,0,,0,0,Auckland Region,Nil,2-way,Sealed,0,0,0,0,80,0,None,0,0,,76,Auckland,Nil,0,0,0,0,0,0,Open,0,0,0,Light rain,Null
1758539.255,5906134.7365,785629,,524200,0,0,0,1,0,North,2025/2026,RENNIE DRIVE,AINTREE AVENUE,,Non-Injury Crash,No,2025,0,South,0,0,0,Flat,0,,0,,0,Bright sun,726400,0,0,0,2,0,0,0,0,1,,0,0,Auckland Region,Nil,2-way,Sealed,0,0,0,0,50,0,Off,0,0,,76,Auckland,Nil,0,0,0,0,0,1,Urban,0,0,0,Fine,Null
1754218.2549,5935623.7486,785675,,507101,0,0,0,2,0,North,2022/2023,EAST COAST ROAD,SARTORS AVENUE,,Non-Injury Crash,No,2023,0,South,0,0,0,Flat,0,,0,,1,Overcast,160403,0,0,0,2,0,0,0,0,0,,0,0,Auckland Region,Nil,2-way,Sealed,0,0,0,0,50,0,Off,0,0,,76,Auckland,Nil,0,0,0,0,0,0,Urban,0,0,0,Light rain,Null
1757848.1369,5914341.6011,785685,,518600,0,,0,1,,Null,2025/2026,PAH ROAD,GREENFIELD ROAD,,Non-Injury Crash,No,2025,,South,,0,,Flat,,,,,,Twilight,566100,0,0,0,4,,,0,,,,,,Auckland Region,Nil,2-way,Sealed,,0,0,,50,,On,1,0,,76,Auckland,Stop,,,,,0,0,Urban,0,,,Fine,Null
1739883.9316,5930023.2669,785693,,505604,0,,0,1,,South,2024/2025,OLD NORTH ROAD,ORAHA ROAD,,Non-Injury Crash,No,2024,,South,,0,,Hill Road,,,,,,Overcast,214202,0,0,0,2,,,0,,,,,,Auckland Region,Nil,2-way,Sealed,,0,0,,80,,None,0,0,,76,Auckland,Nil,,,,,1,0,Open,0,,,Fine,Null
1755969.1915,5935928.3396,785714,,507000,0,,0,1,,Null,2023/2024,BEACH ROAD,ORCHARD ROAD,,Minor Crash,No,2024,,South,,0,,Flat,,,,,,Bright sun,163200,1,0,0,2,,,0,,,,,,Auckland Region,Nil,2-way,Sealed,,0,0,,50,,Off,0,0,,76,Auckland,Give way,,,,,0,0,Urban,1,,,Fine,Null
1764275.9174,5912317.434,785715,,520500,0,,0,1,,North,2025/2026,SOUTHERN MOTORWAY,MOUNT WELLINGTON HWY OFF RAMP,,Non-Injury Crash,Yes,2025,,North,,0,,Flat,,,,,,Bright sun,639500,0,0,0,2,,,0,,,,,,Auckland Region,Nil,1-way,Sealed,,0,0,,100,,Off,1,0,,76,Auckland,Nil,,,,,0,0,Open,0,,,Fine,Null
1765139.4904,5903724.0266,785724,,524604,0,,0,2,,Null,2025/2026,SOUTH-WESTERN MOTORWAY,CAVENDISH DRIVE ON RAMP,,Non-Injury Crash,Yes,2025,,East,,0,,Flat,,,,,,Dark,781302,0,0,0,2,,,0,,,,,,Auckland Region,Motorway ramp,1-way,Sealed,,0,0,,100,,On,0,0,,76,Auckland,Nil,,,,,0,0,Open,0,,,Fine,Null
1768588.32,5909550.2873,785739,,523113,0,0,0,2,0,South,2024/2025,SPRINGS ROAD,SMALES ROAD,,Non-Injury Crash,No,2025,0,South,0,0,0,Flat,0,,0,,0,Dark,711809,0,0,0,4,0,0,0,0,0,,0,1,Auckland Region,Nil,2-way,Sealed,0,0,0,0,60,0,On,0,0,,76,Auckland,Nil,0,0,0,0,0,0,Urban,0,0,0,Fine,Null
1759736.8986,5904227.8775,785740,,524200,0,0,0,1,0,East,2025/2026,JIMMY WARD CRESCENT,NIXON ROAD,,Minor Crash,No,2025,0,East,0,0,0,Flat,1,,0,,0,Dark,727800,1,0,0,2,0,0,0,0,0,,0,0,Auckland Region,Nil,2-way,Sealed,0,0,0,0,100,0,On,0,0,,76,Auckland,Nil,0,0,0,0,0,0,Open,0,0,0,Light rain,Null
1756645.352,5919846.5279,785746,,514000,0,,0,2,,South,2023/2024,NELSON STREET OFF RAMP,UNION STREET,,Non-Injury Crash,No,2023,,North,,0,,Hill Road,,,,,,Dark,413200,0,0,0,4,,,0,,,,,,Auckland Region,Motorway ramp,1-way,Sealed,,0,0,,80,,On,0,0,,76,Auckland,Nil,,,,,0,0,Open,0,,,Fine,Null
1765909.5511,5918302.501,785747,,516900,0,,0,1,,West,2025/2026,ESPERANCE ROAD,JEFFERSON STREET,,Minor Crash,No,2025,,West,,0,,Hill Road,,,,,,Bright sun,467800,1,0,0,2,,,0,,,,,,Auckland Region,Nil,2-way,Sealed,,0,0,,50,,Off,1,0,,76,Auckland,Nil,,,,,0,0,Urban,0,,,Fine,Null
1754163.6935,5930361.9554,785754,,508420,0,,0,0,,East,2023/2024,TRIAS ROAD,THEBAN PLACE,,Minor Crash,No,2024,,West,,0,,Hill Road,,,,,,Bright sun,182017,1,0,0,2,,,0,,,1,,,Auckland Region,Nil,2-way,Sealed,,0,0,,50,,Off,0,0,,76,Auckland,Nil,,,,,0,0,Urban,0,,,Fine,Null
1769491.5708,5899783.8995,785755,,525002,0,,0,1,,Null,2025/2026,MAHIA ROAD,GREAT SOUTH ROAD,,Non-Injury Crash,No,2025,,East,,0,,Flat,,,,,,Overcast,754100,0,0,0,3,,,0,,,,,,Auckland Region,Nil,2-way,Sealed,,0,0,,50,,Off,1,0,,76,Auckland,Traffic Signals,,,,,0,0,Urban,0,,,Fine,Null
1756723.3035,5915928.1471,785764,,518301,0,,0,2,,West,2024/2025,BALMORAL ROAD,MOUNT EDEN ROAD,,Non-Injury Crash,No,2024,,West,,0,,Flat,,,,,,Dark,556600,0,0,0,5,,,0,,,,,,Auckland Region,Nil,2-way,Sealed,,0,0,,50,,On,0,0,,76,Auckland,Nil,,,,,0,0,Urban,0,,,Light rain,Null
1768038.5161,5903879.6816,785772,,524602,0,,0,1,,East,2024/2025,AIRPORT OFF RAMP,GREAT SOUTH OBR,,Serious Crash,Yes,2025,,West,,0,,Flat,,,,,,Bright sun,780506,1,0,1,2,,,0,,,,,,Auckland Region,Nil,1-way,Sealed,,0,1,,100,,Off,0,0,,76,Auckland,Nil,,,,,0,0,Open,0,,,Fine,Null
1757690.676,5918280.0018,785779,,518101,0,,0,2,,North,2025/2026,SOUTHERN MOTORWAY,MOUNTAIN OBR,,Non-Injury Crash,Yes,2025,,North,,0,,Flat,,,,,,Bright sun,543000,0,0,0,4,,,0,,,,,,Auckland Region,Overpass,1-way,Sealed,,0,0,,80,,Off,0,0,,76,Auckland,Nil,,,,,0,0,Open,0,,,Fine,Strong wind
1757164.871,5925976.9934,785786,,507900,0,,0,2,,Null,2023/2024,ESMONDE ROAD,ESMONDE ROAD OFF RAMP,,Non-Injury Crash,No,2023,,East,,0,,Flat,,,,,,Overcast,304000,0,0,0,3,,,0,,,,,,Auckland Region,Motorway ramp,1-way,Sealed,,0,0,,60,,Null,0,0,,76,Auckland,Traffic Signals,,,,,0,0,Urban,0,,,Fine,Null
1764584.5331,5905557.7969,785788,,522100,0,0,0,1,0,Null,2024/2025,HILL ROAD,WYLLIE ROAD,,Non-Injury Crash,No,2024,0,West,0,0,1,Flat,0,,1,,0,Bright sun,657800,0,0,0,2,0,0,0,0,0,,0,0,Auckland Region,Speed hump,2-way,Sealed,0,0,0,0,50,0,Off,0,0,,76,Auckland,Give way,0,1,0,0,0,0,Urban,0,0,0,Fine,Null
1734149.6695,5907502.2069,785795,,513800,0,0,0,0,1,West,2024/2025,PIHA ROAD,LONE KAURI ROAD,,Minor Crash,No,2024,0,West,0,0,1,Hill Road,0,,0,,0,Overcast,282027,1,0,0,2,0,0,0,0,0,,0,0,Auckland Region,Nil,2-way,Sealed,0,0,0,0,60,0,None,1,0,,76,Auckland,Nil,0,0,0,0,0,0,Urban,0,0,0,Light rain,Null
1754580.4192,5911576.9708,785820,,519002,0,0,0,1,0,North,2025/2026,DOMINION ROAD EXTENSION,HILLTOP DRIVE,,Non-Injury Crash,No,2025,0,North,0,0,0,Null,0,,0,,0,Dark,590400,0,0,0,2,0,0,0,0,1,,0,0,Auckland Region,Nil,2-way,Sealed,0,0,0,0,50,0,On,0,0,,76,Auckland,Nil,0,0,0,0,0,0,Urban,0,0,0,Fine,Null
1754774.6965,5944955.3328,785826,,505909,0,,0,1,,Null,2023/2024,WHANGAPARAOA ROAD,BEVERLEY ROAD,,Minor Crash,No,2023,,East,,0,,Hill Road,,,,,,Overcast,173809,2,0,0,2,,,0,,,,,,Auckland Region,Nil,2-way,Sealed,,0,0,,50,,Off,0,0,,76,Auckland,Stop,,,,,0,0,Urban,1,,,Fine,Null
1755507.5746,5920142.1795,785836,,515302,0,0,0,2,0,West,2024/2025,SUMMER STREET,PONSONBY ROAD,,Non-Injury Crash,No,2024,0,West,0,0,0,Null,0,,0,,0,Bright sun,430800,0,0,0,2,0,0,0,0,1,,0,0,Auckland Region,Nil,2-way,Sealed,0,0,0,0,30,0,Null,0,0,,76,Auckland,Nil,0,0,0,0,0,0,Urban,0,0,0,Fine,Null
1768499.4853,5900892.3141,785843,,525001,0,,1,1,,Null,2024/2025,LUPTON ROAD,SELWYN ROAD,,Non-Injury Crash,No,2025,,North,,0,,Flat,,Queens Birthday,,,,Unknown,752000,0,0,0,2,,,0,,,,,,Auckland Region,Nil,2-way,Sealed,,0,0,,50,,Null,0,0,,76,Auckland,Give way,,,,,0,0,Urban,0,,,Null,Null
1772255.8514,5898089.0032,785851,,523912,0,,0,0,,East,2025/2026,WALTERS ROAD,PORCHESTER ROAD,,Non-Injury Crash,No,2025,,West,,0,,Flat,,,,,,Overcast,765405,0,0,0,2,,,0,,,1,,,Auckland Region,Nil,2-way,Sealed,,0,0,,50,,Off,1,0,,76,Auckland,Nil,,,,,0,0,Urban,0,,,Fine,Null
1763376.9611,5909236.0592,785852,,521901,0,0,0,0,0,Null,2023/2024,WALMSLEY ROAD,KAKA STREET,,Non-Injury Crash,No,2024,0,North,0,0,0,Flat,0,,0,,0,Dark,783000,0,0,0,3,0,0,0,0,0,,0,0,Auckland Region,Nil,2-way,Sealed,0,0,0,0,50,0,On,1,0,,76,Auckland,Traffic Signals,0,0,0,0,1,0,Urban,0,1,0,Fine,Null
1748230.0144,5914010.9567,785860,,511100,0,,0,2,,Null,2023/2024,WEST COAST ROAD,GREAT NORTH ROAD,,Non-Injury Crash,No,2024,,North,,0,,Flat,,Queens Birthday,,,,Overcast,285800,0,0,0,3,,,0,,,,,,Auckland Region,Nil,2-way,Sealed,,0,0,,50,,Off,0,0,,76,Auckland,Traffic Signals,,,,,0,0,Urban,0,,,Fine,Null
1780891.993,5926309.9538,785882,,520801,0,,0,0,,North,2023/2024,TETLEY ROAD,HAMILTON ROAD,,Serious Crash,No,2023,,West,,0,,Flat,,,,,,Bright sun,516603,0,0,1,2,,,0,,,,,,Auckland Region,Nil,2-way,Sealed,,0,1,,30,,None,0,0,,76,Auckland,Nil,,,,,0,0,Urban,0,,,Fine,Null
1749410.7946,5969683.9219,785890,,505500,0,0,0,2,0,South,2022/2023,PULHAM ROAD,SOUTHGATE ROAD,,Non-Injury Crash,No,2023,0,South,0,0,0,Hill Road,0,,0,,0,Bright sun,141302,0,0,0,2,0,0,0,0,1,,0,0,Auckland Region,Nil,2-way,Sealed,0,0,0,0,50,0,Off,0,0,,76,Auckland,Nil,0,0,0,0,0,0,Urban,0,0,0,Fine,Null
1773031.9745,5895610.6608,785915,,525410,0,,0,2,,Null,2024/2025,OPAHEKE ROAD,SETTLEMENT ROAD,,Minor Crash,No,2024,,North,,0,,Flat,,,,,,Bright sun,793400,1,0,0,2,,,0,,,,,,Auckland Region,Nil,2-way,Sealed,,0,0,,50,,Off,0,0,30,76,Auckland,Give way,,,,,0,0,Urban,0,,,Fine,Null
1766638.0513,5912887.7679,785938,,522920,0,0,0,0,0,Null,2022/2023,TI RAKAU DRIVE,PAKURANGA HIGHWAY,,Non-Injury Crash,No,2023,0,South,0,0,0,Flat,0,,0,,0,Overcast,683800,0,0,0,4,0,0,0,0,0,,0,1,Auckland Region,Bridge,2-way,Sealed,0,0,0,1,60,0,Off,0,0,,76,Auckland,Nil,0,0,0,0,0,0,Urban,1,0,0,Heavy rain,Null
1767968.2137,5907028.8435,785955,,523711,0,,0,2,,North,2025/2026,PRESTON ROAD,FERGUSON ROAD,,Non-Injury Crash,No,2025,,South,,0,,Flat,,,,,,Dark,714100,0,0,0,2,,,0,,,,,,Auckland Region,Nil,2-way,Sealed,,0,0,,50,,On,0,0,,76,Auckland,Nil,,,,,0,0,Urban,0,,,Light rain,Null