X,Y,OBJECTID,advisorySpeed,areaUnitID,bicycle,bridge,bus,carStationWagon,cliffBank,crashDirectionDescription,crashFinancialYear,crashLocation1,crashLocation2,crashRoadSideRoad,crashSeverity,crashSHDescription,crashYear,debris,directionRoleDescription,ditch,fatalCount,fence,flatHill,guardRail,holiday,houseOrBuilding,intersection,kerb,light,meshblockId,minorInjuryCount,moped,motorcycle,NumberOfLanes,objectThrownOrDropped,otherObject,otherVehicleType,overBank,parkedVehicle,pedestrian,phoneBoxEtc,postOrPole,region,roadCharacter,roadLane,roadSurface,roadworks,schoolBus,seriousInjuryCount,slipOrFlood,speedLimit,strayAnimal,streetLight,suv,taxi,temporarySpeedLimit,tlaId,tlaName,trafficControl,trafficIsland,trafficSign,train,tree,truck,unknownVehicleType,urban,vanOrUtility,vehicle,waterRiver,weatherA,weatherB
1790193.0128,5922741.0394,785962,,520801,0,0,0,0,0,West,2022/2023,ORAPIU ROAD,COWES BAY ROAD,,Non-Injury Crash,No,2023,0,East,1,0,0,Hill Road,0,,0,,0,Overcast,515801,0,0,0,2,0,0,0,0,0,,0,0,Auckland Region,Nil,2-way,Sealed,0,0,0,0,80,0,None,0,0,,76,Auckland,Nil,0,0,0,0,1,0,Open,0,0,0,Light rain,Null
1758981.8588,5912670.8111,785971,,519820,0,,0,0,,Null,2025/2026,ONEHUNGA MALL,GREY STREET,,Non-Injury Crash,No,2025,,South,,0,,Hill Road,,Labour Weekend,,,,Bright sun,600500,0,0,0,2,,,0,,,,,,Auckland Region,Nil,2-way,Sealed,,0,0,,50,,None,1,0,,76,Auckland,Stop,,,,,0,0,Urban,1,,,Fine,Null
1772827.4398,5893175.8593,785996,,521301,0,,0,0,,South,2025/2026,GREAT SOUTH ROAD,PARKHAVEN DRIVE,,Serious Crash,No,2025,,South,,0,,Flat,,,,,,Bright sun,808608,0,0,0,2,,,0,,,,,,Auckland Region,Nil,2-way,Sealed,,0,2,,50,,Off,0,0,,76,Auckland,Nil,,,,,0,0,Urban,2,,,Fine,Null
1756878.8262,5919916.2256,786012,,514102,0,0,0,1,0,North,2024/2025,VINCENT STREET,PITT STREET,,Non-Injury Crash,No,2024,0,North,0,0,0,Null,0,,0,,0,Unknown,434802,0,0,0,4,0,0,0,0,1,,0,0,Auckland Region,Nil,2-way,Null,0,0,0,0,30,0,Null,1,0,,76,Auckland,Nil,0,0,0,0,0,0,Urban,0,0,0,Null,Null
1756662.0804,5924857.8209,786018,,509702,0,0,0,0,0,North,2022/2023,NORTHERN MOTORWAY,ONEWA ROAD ON RAMP,,Minor Crash,Yes,2023,0,North,0,0,0,Flat,1,,0,,0,Overcast,366602,1,0,0,4,0,0,0,0,0,,0,0,Auckland Region,Motorway ramp,1-way,Sealed,0,0,0,0,100,0,Off,0,0,70,76,Auckland,Nil,0,0,0,0,1,0,Open,1,0,0,Fine,Null
1759210.5968,5915443.5302,786019,45,519300,0,0,0,3,0,South,2024/2025,POHUTUKAWA DRIVE,GREEN LANE WEST,,Non-Injury Crash,No,2024,0,South,0,0,0,Flat,0,,0,,0,Bright sun,623400,0,0,0,2,0,0,0,0,1,,0,0,Auckland Region,Nil,2-way,Sealed,0,0,0,0,50,0,None,0,0,,76,Auckland,Nil,0,0,0,0,0,0,Urban,0,0,0,Fine,None
1766992.0768,5901947.0428,786027,45,524602,0,,0,2,,Null,2023/2024,BROWNS ROAD,DALGETY DRIVE,,Non-Injury Crash,No,2024,,East,,0,,Flat,,,,,,Overcast,780407,0,0,0,3,,,0,,,,,,Auckland Region,Nil,2-way,Sealed,,0,0,,50,,Off,0,0,,76,Auckland,Traffic Signals,,,,,0,0,Urban,0,,,Light rain,None
1746386.0579,5935247.5176,786034,,506653,1,,0,0,,Null,2022/2023,COATESVILLE-RIVERHEAD HIGHWAY,GLENMORE ROAD,,Serious Crash,No,2023,,East,,0,,Flat,,,,,,Dark,217209,0,0,0,2,,,0,,,,,,Auckland Region,Nil,2-way,Sealed,,0,1,,50,,On,0,0,,76,Auckland,Stop,,,,,0,0,Urban,0,,,Fine,Null
1734937.3479,5907904.7472,786042,45,513800,0,0,0,1,0,East,2023/2024,PIHA ROAD,LONE KAURI ROAD,,Non-Injury Crash,No,2023,0,South,1,0,0,Hill Road,0,,0,,0,Overcast,282027,0,0,0,2,0,0,0,0,0,,0,0,Auckland Region,Nil,2-way,Sealed,0,0,0,0,70,0,None,0,0,,76,Auckland,Nil,0,0,0,1,0,0,Urban,0,0,0,Light rain,Null
1764929.7355,5914715.5014,786052,,520602,0,,0,2,,Null,2024/2025,LAGOON DRIVE,ELLERSLIE-PANMURE HIGHWAY,,Minor Crash,No,2025,,West,,0,,Flat,,,,,,Dark,628601,2,0,0,6,,,0,,,,,,Auckland Region,Nil,2-way,Sealed,,0,0,,50,,On,0,0,,76,Auckland,Traffic Signals,,,,,0,0,Urban,0,,,Fine,Null
1752489.3487,5933311.9902,786058,,508807,0,,0,2,,Null,2023/2024,BUSH ROAD,ALBANY EXPRESSWAY,,Non-Injury Crash,No,2024,,North,,0,,Flat,,,,,,Overcast,180404,0,0,0,2,,,0,,,,,,Auckland Region,Nil,1-way,Sealed,,0,0,,80,,Off,0,0,,76,Auckland,Traffic Signals,,,,,0,0,Open,0,,,Fine,Null
1759308.6031,5925102.3521,786060,,508110,0,0,0,1,0,South,2024/2025,MOA STREET,BARDIA STREET,,Non-Injury Crash,No,2024,0,Null,0,0,0,Null,0,,0,,0,Twilight,318200,0,0,0,2,0,0,0,0,1,,0,0,Auckland Region,Nil,Null,Sealed,0,0,0,0,50,0,On,1,0,,76,Auckland,Nil,0,0,0,0,0,0,Urban,0,0,0,Fine,Null
1771473.6785,5895388.8496,786067,,525540,0,,0,2,,North,2023/2024,PAPAKURA OFF RAMP,BEACH ROAD,,Non-Injury Crash,No,2024,,South,,0,,Flat,,,,,,Dark,806402,0,0,0,2,,,0,,,,,,Auckland Region,Motorway ramp,1-way,Sealed,,0,0,,50,,On,0,0,30,76,Auckland,Nil,,,,,0,0,Urban,0,,,Fine,Null
1758441.5815,5912139.0484,786075,,519810,0,,0,3,,West,2024/2025,CHURCH STREET,QUADRANT ROAD,,Non-Injury Crash,No,2025,,West,,0,,Flat,,,,,,Overcast,601400,0,0,0,1,,,0,,,,,,Auckland Region,Nil,2-way,Sealed,,0,0,,50,,Off,1,0,,76,Auckland,Nil,,,,,0,0,Urban,0,,,Light rain,Null
1756118.1948,5923829.2094,786076,,509800,0,,0,0,,South,2024/2025,NORTHERN MOTORWAY,NORTHERN BUSWAY,,Non-Injury Crash,Yes,2024,,South,,0,,Flat,,,,,,Twilight,358800,0,0,0,5,,,0,,,,,,Auckland Region,Nil,1-way,Sealed,,0,0,,80,,Null,1,0,,76,Auckland,Nil,,,,,0,0,Open,1,,,Null,Null
1767933.964,5911973.1242,786090,,522910,0,,0,1,,North,2023/2024,GOSSAMER DRIVE,TI RAKAU DRIVE,,Minor Crash,No,2023,,South,,0,,Hill Road,,,,,,Twilight,687802,1,0,0,2,,,0,,,,,,Auckland Region,Nil,2-way,Sealed,,0,0,,50,,On,0,0,30,76,Auckland,Nil,,,,,0,0,Urban,1,,,Fine,Null
1766435.3924,5900758.0285,786091,,524711,0,,0,2,,West,2024/2025,WORDSWORTH ROAD,JOHN WALKER DRIVE,,Non-Injury Crash,No,2024,,West,,0,,Flat,,,,,,Overcast,774702,0,0,0,2,,,0,,,,,,Auckland Region,Speed hump,2-way,Sealed,,0,0,,30,,Null,0,0,,76,Auckland,Nil,,,,,0,0,Urban,0,,,Fine,Null
1769072.0322,5900614.8519,786098,,525002,0,,0,0,,Null,2022/2023,GREAT SOUTH ROAD,MCANNALLEY STREET,,Serious Crash,No,2023,,South,,0,,Flat,,,,,,Bright sun,753202,0,0,1,2,,,0,,,,,,Auckland Region,Nil,2-way,Sealed,,0,1,,50,,None,0,0,,76,Auckland,Nil,,,,,0,0,Urban,1,,,Fine,Null
1769468.842,5901759.5363,786108,,524901,0,0,0,1,0,Null,2025/2026,HILL ROAD,GRANDE VUE ROAD,,Minor Crash,No,2025,0,East,0,0,0,Flat,0,,0,,0,Dark,756901,1,0,1,2,0,0,0,0,0,,0,0,Auckland Region,Nil,2-way,Sealed,0,0,0,0,50,0,On,0,0,,76,Auckland,Give way,0,0,0,0,0,0,Urban,0,1,0,Fine,Null
1757041.6185,5925836.4632,786122,25,509702,0,,0,0,,South,2023/2024,ESMONDE ROAD ON RAMP,ESMONDE ROAD,,Minor Crash,No,2024,,South,,0,,Flat,,,,,,Bright sun,364602,1,0,1,1,,,0,,,,,,Auckland Region,Motorway ramp,1-way,Sealed,,0,0,,50,,None,0,0,,76,Auckland,Nil,,,,,0,0,Urban,0,,,Fine,Null
1748342.6409,5961273.344,786123,75,506613,0,0,0,1,1,South,2024/2025,POHUEHUE ROAD,SCHOLLUM ACCESS ROAD,,Non-Injury Crash,No,2025,0,West,0,0,0,Hill Road,1,,0,,0,Dark,146800,0,0,0,2,0,0,0,0,0,,0,0,Auckland Region,Nil,2-way,Sealed,0,0,0,0,80,0,None,0,0,,76,Auckland,Nil,0,0,0,0,0,0,Open,0,0,0,Light rain,Null
1759272.421,5920537.5084,786124,,515902,0,,0,0,,West,2024/2025,TAMAKI DRIVE,SOLENT STREET,,Non-Injury Crash,No,2024,,East,,0,,Hill Road,,,,,,Overcast,454800,0,0,0,4,,,0,,,,,,Auckland Region,Nil,2-way,Sealed,,0,0,,50,,Off,1,0,,76,Auckland,Nil,,,,,0,0,Urban,1,,,Fine,Null
1765361.2442,5907500.7303,786139,,522301,0,,0,1,,Null,2025/2026,KAUTAMI AVENUE,SEYMOUR AVENUE,,Non-Injury Crash,No,2025,,South,,0,,Flat,,,,,,Bright sun,666100,0,0,0,1,,,0,,,,,,Auckland Region,Nil,1-way,Sealed,,0,0,,50,,Off,0,0,,76,Auckland,Give way,,,,,0,0,Urban,1,,,Fine,Null
1769909.073,5900865.8767,786146,,523816,0,,0,3,,South,2023/2024,SOUTHERN MOTORWAY,ALFRISTON OBR,,Non-Injury Crash,Yes,2023,,South,,0,,Flat,,,,,,Dark,759724,0,0,0,3,,,0,,,,,,Auckland Region,Nil,1-way,Sealed,,0,0,,100,,On,0,0,,76,Auckland,Nil,,,,,0,0,Open,0,,,Fine,Null
1765182.4118,5911470.6024,786148,,520500,0,0,0,2,0,Null,2024/2025,PANAMA ROAD,PARINGA LANE,,Non-Injury Crash,No,2025,0,East,0,0,0,Flat,0,,0,,0,Bright sun,635400,0,0,0,2,0,0,0,0,1,,0,0,Auckland Region,Nil,2-way,Sealed,0,0,0,0,30,0,Off,1,0,,76,Auckland,Nil,0,0,0,0,0,0,Urban,0,1,0,Fine,Null
1761873.9302,5913967.6842,786154,,520202,0,0,0,1,0,East,2023/2024,SOUTHERN MOTORWAY,ELLERSLIE-PANMURE HWY OFF RAMP,,Non-Injury Crash,Yes,2023,0,North,0,0,0,Flat,1,,0,,0,Dark,612400,0,0,0,3,0,0,0,0,0,,0,0,Auckland Region,Nil,1-way,Sealed,0,0,0,0,100,0,Off,0,0,,76,Auckland,Nil,0,0,0,0,0,0,Open,0,0,0,Light rain,Null
1768470.3541,5908241.8084,786155,,523711,0,0,0,1,0,East,2024/2025,BIRMINGHAM ROAD,NEWARK PLACE,,Non-Injury Crash,No,2024,0,East,0,0,0,Null,0,,0,,0,Bright sun,712303,0,0,0,2,0,0,0,0,1,,0,0,Auckland Region,Nil,2-way,Sealed,0,0,0,0,50,0,Null,0,0,,76,Auckland,Nil,0,0,0,0,0,0,Urban,0,0,0,Fine,Null
1768435.7593,5910631.6047,786170,,523112,0,0,0,1,0,East,2023/2024,NEALES ROAD,BRUCE RODERICK DRIVE,,Non-Injury Crash,No,2023,0,East,0,0,0,Flat,0,,0,,0,Overcast,711500,0,0,0,2,0,0,0,0,0,,0,1,Auckland Region,Nil,2-way,Sealed,0,0,0,0,50,0,Off,0,0,,76,Auckland,Nil,0,0,0,0,0,0,Urban,0,0,0,Fine,Null
1769216.2439,5901609.5125,786171,,524901,0,,1,1,,North,2024/2025,HILL ROAD,CLAUDE ROAD,,Non-Injury Crash,No,2024,,South,,0,,Hill Road,,,,,,Bright sun,756000,0,0,0,2,,,0,,,,,,Auckland Region,Nil,2-way,Sealed,,0,0,,50,,None,0,0,,76,Auckland,Nil,,,,,0,0,Urban,0,,,Fine,Null
1764803.1014,5903718.4695,786186,,524604,0,,0,2,,Null,2023/2024,CAVENDISH DRIVE OFF RAMP,ROSCOMMON ROAD,,Non-Injury Crash,No,2023,,West,,0,,Flat,,,,,,Dark,781200,0,0,0,4,,,0,,,,,,Auckland Region,Nil,1-way,Sealed,,0,0,,100,,On,0,0,,76,Auckland,Traffic Signals,,,,,0,0,Open,0,,,Fine,Null
1766266.7388,5905369.2658,786188,,522400,0,,0,2,,Null,2024/2025,CARRUTH ROAD,ALLENBY ROAD,,Non-Injury Crash,No,2025,,North,,0,,Null,,,,,,Overcast,672103,0,0,0,2,,,0,,,,,,Auckland Region,Nil,2-way,Sealed,,0,0,,50,,Null,0,0,,76,Auckland,Stop,,,,,0,0,Urban,0,,,Light rain,Null
1752797.8189,5916515.4114,786196,,517901,0,0,0,1,0,South,2025/2026,NEW NORTH ROAD,MOUNT ALBERT ROAD,,Non-Injury Crash,No,2025,0,North,0,0,0,Flat,0,,0,,0,Dark,524800,0,0,0,4,0,0,0,0,0,,0,0,Auckland Region,Nil,2-way,Sealed,0,0,0,0,50,0,On,0,0,,76,Auckland,Nil,0,0,0,1,0,0,Urban,0,0,0,Fine,Null
1761624.7035,5906444.075,786204,,524200,0,0,0,1,0,Null,2024/2025,MASSEY ROAD,TIDAL ROAD,,Non-Injury Crash,No,2024,0,North,0,0,0,Flat,0,,0,,1,Overcast,728700,0,0,0,4,0,0,0,0,0,,0,1,Auckland Region,Nil,2-way,Sealed,0,0,0,0,50,0,Off,0,0,30,76,Auckland,Traffic Signals,0,0,0,0,0,0,Urban,0,0,0,Fine,Null
1756653.7492,5915267.9103,786211,,518302,0,,0,0,,Null,2024/2025,MOUNT EDEN ROAD,PEARY ROAD,,Minor Crash,No,2024,,North,,0,,Flat,,,,,,Overcast,558200,1,0,1,2,,,0,,,,,,Auckland Region,Nil,2-way,Sealed,,0,0,,50,,Off,0,0,,76,Auckland,Stop,,,,,0,0,Urban,0,,,Fine,Null
1766641.1791,5903866.7446,786212,,524604,0,,0,1,,East,2024/2025,SOUTH-WESTERN MOTORWAY,LAMBIE DRIVE OFF RAMP,,Non-Injury Crash,Yes,2024,,East,,0,,Flat,,,,,,Overcast,780210,0,0,0,4,,,0,,,,,,Auckland Region,Nil,2-way,Sealed,,0,0,,100,,Off,0,0,,76,Auckland,Nil,,,,,1,0,Open,0,,,Heavy rain,None
1752801.5694,5918136.9759,786220,,515002,0,,0,1,,East,2024/2025,NORTH-WESTERN MOTORWAY,SH 20,,Non-Injury Crash,Yes,2025,,East,,0,,Flat,,,,,,Bright sun,390501,0,0,0,4,,,0,,,,,,Auckland Region,Nil,1-way,Sealed,,0,0,,100,,Off,0,0,,76,Auckland,Nil,,,,,0,0,Open,1,,,Fine,Null
1755329.9622,5921906.0754,786236,,515202,0,,0,1,,Null,2024/2025,NORTHERN MOTORWAY,CURRAN STREET ON RAMP,,Non-Injury Crash,Yes,2025,,North,,0,,Hill Road,,Easter,,,,Overcast,423600,0,0,0,2,,,0,,,,,,Auckland Region,Motorway ramp,1-way,Sealed,,0,0,,80,,Off,0,0,,76,Auckland,Nil,,,,,0,0,Open,1,,,Light rain,Strong wind
1738819.6937,5928555.7499,786243,,505602,0,0,0,0,0,South,2024/2025,ACCESS ROAD,GRIVELLE STREET,,Serious Crash,No,2025,0,North,0,0,1,Flat,0,,1,,0,Dark,215000,0,0,0,2,0,0,0,0,0,,0,0,Auckland Region,Nil,2-way,Sealed,0,0,1,0,50,0,On,0,0,,76,Auckland,Nil,0,0,0,0,0,0,Urban,1,0,0,Light rain,Null
1768886.3969,5905730.3099,786250,,523721,2,,0,0,,South,2023/2024,TE IRIRANGI DRIVE,DAWSON ROAD,,Minor Crash,No,2023,,South,,0,,Flat,,,,,,Overcast,715605,2,0,0,2,,,0,,,,,,Auckland Region,Nil,1-way,Sealed,,0,0,,60,,Off,1,0,,76,Auckland,Nil,,,,,0,0,Urban,0,,,Fine,Null
1736539.7335,5928934.8608,786260,,505605,0,0,0,0,0,North,2025/2026,TRIGG ROAD,MOTU ROAD,,Minor Crash,No,2025,0,North,1,0,0,Flat,0,,0,,0,Dark,214700,1,0,1,2,0,0,0,0,0,,0,0,Auckland Region,Nil,2-way,Sealed,0,0,0,0,60,0,On,0,0,,76,Auckland,Nil,0,0,0,0,0,0,Urban,0,0,0,Fine,Null
1763314.5048,5905026.5234,786267,,524303,0,,0,2,,North,2024/2025,SOUTH-WESTERN MOTORWAY,PUHINUI ROAD-SH 20B OFF RAMP,,Non-Injury Crash,Yes,2025,,South,,0,,Flat,,,,,,Bright sun,746301,0,0,0,2,,,0,,,,,,Auckland Region,Nil,1-way,Sealed,,0,0,,100,,Off,0,0,,76,Auckland,Nil,,,,,0,0,Open,0,,,Fine,Null
1771761.676,5914298.524,786268,,521602,0,,0,1,,Null,2024/2025,MOORE STREET,ELLIOT STREET,,Non-Injury Crash,No,2025,,South,,0,,Null,,,,,,Unknown,649400,0,0,0,2,,,0,,,,,,Auckland Region,Nil,2-way,Sealed,,0,0,,50,,Null,0,0,,76,Auckland,Stop,,,,,0,0,Urban,0,,,Fine,Null
1759839.7099,5909713.7392,786282,,524002,0,,0,0,,Null,2022/2023,MAHUNGA DRIVE,HASTIE AVENUE,,Minor Crash,No,2023,,North,,0,,Flat,,,,,,Bright sun,724102,1,0,0,2,,,0,,,,,,Auckland Region,Nil,2-way,Sealed,,0,0,,50,,Off,1,0,,76,Auckland,Stop,,,,,1,0,Urban,0,,,Fine,Null
1766847.3877,5913684.372,786299,,522820,0,,0,1,,Null,2024/2025,OFF ROAD - SHARED DRIVEWAY - SAINT KENTIGERN COLLEGE  ,,,Minor Crash,No,2024,,North,,0,,Hill Road,,,,,,Overcast,694900,1,0,0,,,,0,,,1,,,Auckland Region,Nil,Off road,Sealed,,0,0,,,,Off,0,0,,76,Auckland,Nil,,,,,0,0,Urban,0,,,Fine,Null
1771381.378,5895523.9959,786300,,521201,0,,0,1,,North,2024/2025,SOUTHERN MOTORWAY,PAPAKURA ON RAMP,,Minor Crash,Yes,2025,,North,,0,,Null,,,,,,Overcast,806604,1,0,0,3,,,0,,,,,,Auckland Region,Nil,1-way,Sealed,,0,0,,100,,Null,1,0,,76,Auckland,Nil,,,,,0,0,Open,0,,,Light rain,Null
1774771.1281,5896185.9052,786308,,525610,0,0,0,1,0,Null,2024/2025,DOMINION ROAD,EASTBURN STREET,,Non-Injury Crash,No,2024,0,South,0,0,0,Flat,0,,0,,0,Dark,799000,0,0,0,2,0,0,0,0,0,,0,0,Auckland Region,Nil,2-way,Sealed,0,0,0,0,50,0,On,0,0,,76,Auckland,Nil,1,0,0,0,0,0,Urban,0,0,0,Fine,Null
1761129.7431,5983495.0864,786314,,506661,0,0,0,1,0,East,2023/2024,CAPE RODNEY ROAD,GOAT ISLAND ROAD,,Serious Crash,No,2024,0,East,0,0,0,Hill Road,0,,0,,0,Bright sun,137800,0,0,0,2,0,0,0,1,0,,0,0,Auckland Region,Nil,2-way,Unsealed,0,0,1,0,40,0,None,0,0,,76,Auckland,Nil,0,0,0,0,0,0,Urban,0,0,0,Fine,Null
1756273.9389,5913177.9838,786316,,518701,0,,0,0,,Null,2024/2025,CARR ROAD,HAYR ROAD,,Non-Injury Crash,No,2024,,West,,0,,Flat,,,,,,Bright sun,569000,0,0,0,4,,,0,,,,,,Auckland Region,Nil,2-way,Sealed,,0,0,,50,,Off,2,0,,76,Auckland,Give way,,,,,0,0,Urban,0,,,Fine,Null
1771537.7765,5899339.0,786331,,523911,0,,0,1,,West,2025/2026,MANUROA ROAD,PORCHESTER ROAD,,Minor Crash,No,2025,,West,,0,,Flat,,,,,,Overcast,767100,1,0,0,2,,,0,,,1,,,Auckland Region,Nil,2-way,Sealed,,0,0,,50,,Off,0,0,,76,Auckland,Nil,,,,,0,0,Urban,0,,,Fine,Null
1754400.4321,5918360.7617,786346,,515431,0,0,0,1,0,Null,2023/2024,NORTH-WESTERN MOTORWAY,ST LUKES ROAD ON RAMP,,Minor Crash,Yes,2023,0,East,0,0,0,Flat,2,,0,,0,Dark,406201,1,0,0,5,0,0,0,0,0,,0,0,Auckland Region,Motorway ramp,1-way,Sealed,0,0,0,0,80,0,On,0,0,,76,Auckland,Nil,0,0,0,0,0,0,Open,1,0,0,Fine,Null
1768503.7662,5880786.8128,786348,,525921,0,,0,2,,East,2025/2026,HARRIS STREET,WELLINGTON STREET,,Non-Injury Crash,No,2025,,West,,0,,Flat,,,,,,Overcast,821900,0,0,0,2,,,0,,,,,,Auckland Region,Nil,2-way,Sealed,,0,0,,50,,None,0,0,,76,Auckland,Nil,,,,,0,0,Urban,0,,,Light rain,Null
1769429.6705,5914590.7521,786354,,522723,0,,0,2,,West,2023/2024,PAKURANGA ROAD,PIGEON MOUNTAIN ROAD,,Minor Crash,No,2023,,East,,0,,Flat,,,,,,Overcast,681304,1,0,0,6,,,0,,,,,,Auckland Region,Nil,2-way,Sealed,,0,0,,60,,On,0,0,,76,Auckland,Nil,,,,,0,0,Urban,0,,,Light rain,Strong wind
1753872.7952,5935605.8959,786355,,508704,0,,0,1,,Null,2024/2025,OFF ROAD - OTEHA VALLEY SHOPS,,,Minor Crash,No,2024,,South,,0,,Flat,,Labour Weekend,,,,Bright sun,178608,1,0,0,,,,0,,,1,,,Auckland Region,Nil,Off road,Sealed,,0,0,,,,None,0,0,,76,Auckland,Nil,,,,,0,0,Urban,0,,,Fine,Null
1749226.9291,5944361.7467,786356,,506003,0,0,0,1,0,North,2024/2025,EAST COAST ROAD,SPUR ROAD,,Non-Injury Crash,No,2025,0,North,0,0,1,Flat,0,,0,,0,Overcast,175702,0,0,0,2,0,0,0,1,0,,0,0,Auckland Region,Nil,2-way,Sealed,0,0,0,0,80,0,None,0,0,,76,Auckland,Nil,0,0,0,0,0,0,Open,0,0,0,Light rain,Null
1748089.4939,5914193.3467,786362,,511100,0,,0,1,,South,2023/2024,GREAT NORTH ROAD,WESTECH PLACE,,Minor Crash,No,2023,,South,,0,,Hill Road,,,,,,Dark,285403,1,0,0,4,,,0,,,1,,,Auckland Region,Nil,2-way,Sealed,,0,0,,50,,On,0,0,,76,Auckland,Nil,,,,,1,0,Urban,0,,,Fine,Null
1745217.42,5917866.5362,786370,,510700,0,,0,1,,Null,2022/2023,SEL PEACOCK DRIVE,BUSCOMB AVENUE,,Minor Crash,No,2023,,North,,0,,Flat,,,,,,Overcast,239804,1,0,1,2,,,0,,,,,,Auckland Region,Nil,2-way,Sealed,,0,0,,50,,None,0,0,,76,Auckland,Give way,,,,,0,0,Urban,0,,,Fine,Null
1764770.9999,5905771.9961,786380,45,522202,0,,0,1,,Null,2022/2023,SHIRLEY ROAD,ST GEORGE STREET,,Non-Injury Crash,No,2023,,East,,0,,Flat,,,,,,Bright sun,663300,0,0,0,2,,,0,,,,,,Auckland Region,Nil,2-way,Sealed,,0,0,,50,,None,0,0,,76,Auckland,Traffic Signals,,,,,0,1,Urban,0,,,Fine,None
1760418.5992,5924653.3821,786396,,509300,0,0,0,2,0,North,2023/2024,HAMANA STREET,OLD LAKE ROAD,,Non-Injury Crash,No,2023,0,South,0,0,0,Flat,0,,0,,0,Dark,338400,0,0,0,2,0,0,0,0,1,,0,0,Auckland Region,Nil,2-way,Sealed,0,0,0,0,50,0,On,0,0,,76,Auckland,Nil,0,0,0,0,0,0,Urban,0,0,0,Fine,Null
1762482.429,5912766.8091,786410,,519500,0,0,0,1,0,Null,2023/2024,SOUTH-EASTERN HIGHWAY,GREAT SOUTH ROAD,,Minor Crash,No,2023,0,North,0,0,1,Flat,0,,0,,0,Dark,622200,1,0,0,3,0,0,0,0,0,,0,0,Auckland Region,Nil,1-way,Sealed,0,0,0,0,50,0,On,0,0,,76,Auckland,Traffic Signals,0,0,0,0,0,0,Urban,0,0,0,Fine,Null
1770086.3178,5915648.2253,786434,,522711,0,,0,1,,Null,2023/2024,BUCKLANDS BEACH ROAD,GILLS ROAD,,Serious Crash,No,2024,,North,,0,,Flat,,,,,,Bright sun,680804,0,0,0,2,,,0,,,,,,Auckland Region,Nil,2-way,Sealed,,0,1,,50,,Off,1,0,,76,Auckland,Give way,,,,,0,0,Urban,0,,,Fine,Null
1754949.6411,5914490.9777,786436,,518500,0,0,0,2,0,South,2024/2025,MOUNT ALBERT ROAD,MONS AVENUE,,Non-Injury Crash,No,2024,0,North,0,0,0,Flat,0,,0,,0,Overcast,560900,0,0,0,2,0,0,0,0,1,,0,0,Auckland Region,Nil,2-way,Sealed,0,0,0,0,50,0,None,0,0,,76,Auckland,Nil,0,0,0,0,0,1,Urban,0,0,0,Fine,Null
1764990.6199,5903697.5605,786450,,524604,0,,0,2,,West,2022/2023,CAVENDISH DRIVE OFF RAMP,SOUTH-WESTERN MOTORWAY,,Non-Injury Crash,No,2023,,West,,0,,Null,,,,,,Dark,781302,0,0,0,1,,,0,,,,,,Auckland Region,Nil,1-way,Sealed,,0,0,,60,,On,0,0,,76,Auckland,Nil,,,,,0,0,Urban,0,,,Fine,Null
1755424.4588,5924230.9029,786467,,509800,0,,0,1,,West,2024/2025,COUNCIL TERRACE,CHURCH STREET,,Non-Injury Crash,No,2024,,East,,0,,Null,,,,,,Bright sun,359701,0,0,0,2,,,0,,,,,,Auckland Region,Nil,2-way,Sealed,,0,0,,50,,Null,1,0,,76,Auckland,Nil,,,,,0,0,Urban,0,,,Fine,Null
1757832.6826,5920472.9852,786468,,514103,0,,0,1,,East,2023/2024,WATERLOO QUADRANT,PRINCES STREET,,Non-Injury Crash,No,2023,,West,,0,,Hill Road,,,,,,Overcast,438501,0,0,0,4,,,0,,,,,,Auckland Region,Nil,2-way,Sealed,,0,0,,30,,Off,0,0,,76,Auckland,Nil,,,,,0,0,Urban,1,,,Fine,Null
1783012.6299,5927104.3238,786475,25,520801,0,0,0,1,0,West,2024/2025,CRESCENT ROAD WEST,CRESCENT ROAD EAST,,Non-Injury Crash,No,2024,0,West,0,0,0,Hill Road,0,,0,,0,Overcast,515201,0,0,0,2,0,0,0,1,0,,0,0,Auckland Region,Nil,2-way,Sealed,0,0,0,0,30,0,None,0,0,,76,Auckland,Nil,0,0,0,0,0,0,Urban,0,0,0,Fine,Null
1756452.9459,5913769.2058,786483,,518500,0,,0,0,,Null,2024/2025,OFF ROAD - CAR PARK,,,Minor Crash,No,2025,,West,,0,,Flat,,,,,,Overcast,563800,1,0,0,,,,0,,,1,,,Auckland Region,Nil,Off road,Sealed,,0,0,,,,Off,0,0,,76,Auckland,Nil,,,,,0,1,Urban,0,,,Light rain,Null
1758458.7341,5917870.7506,786491,,516001,0,,0,2,,Null,2023/2024,NUFFIELD STREET,BALM STREET,,Non-Injury Crash,No,2023,,North,,0,,Flat,,,,,,Unknown,490701,0,0,0,2,,,0,,,,,,Auckland Region,Nil,2-way,Sealed,,0,0,,50,,Off,0,0,,76,Auckland,Give way,,,,,0,0,Urban,0,,,Fine,None