X,Y,OBJECTID,advisorySpeed,areaUnitID,bicycle,bridge,bus,carStationWagon,cliffBank,crashDirectionDescription,crashFinancialYear,crashLocation1,crashLocation2,crashRoadSideRoad,crashSeverity,crashSHDescription,crashYear,debris,directionRoleDescription,ditch,fatalCount,fence,flatHill,guardRail,holiday,houseOrBuilding,intersection,kerb,light,meshblockId,minorInjuryCount,moped,motorcycle,NumberOfLanes,objectThrownOrDropped,otherObject,otherVehicleType,overBank,parkedVehicle,pedestrian,phoneBoxEtc,postOrPole,region,roadCharacter,roadLane,roadSurface,roadworks,schoolBus,seriousInjuryCount,slipOrFlood,speedLimit,strayAnimal,streetLight,suv,taxi,temporarySpeedLimit,tlaId,tlaName,trafficControl,trafficIsland,trafficSign,train,tree,truck,unknownVehicleType,urban,vanOrUtility,vehicle,waterRiver,weatherA,weatherB
1762607.3333,5919156.6557,786500,,516400,0,0,0,1,0,South,2023/2024,KUPE STREET,TOKOMARU STREET,,Serious Crash,No,2024,0,South,0,0,0,Flat,0,,0,,0,Dark,500500,0,0,0,2,0,0,0,0,0,,0,0,Auckland Region,Nil,2-way,Unsealed,0,0,1,0,50,0,On,0,0,30,76,Auckland,Nil,0,0,0,1,0,0,Urban,0,0,0,Fine,Null
1761474.9544,5920117.9405,786506,,516400,0,,0,2,,West,2023/2024,TAMAKI DRIVE,OKAHU STREET,,Non-Injury Crash,No,2023,,West,,0,,Flat,,,,,,Overcast,496600,0,0,0,2,,,0,,,,,,Auckland Region,Nil,2-way,Sealed,,0,0,,50,,Off,0,0,,76,Auckland,Nil,,,,,0,0,Urban,0,,,Fine,Null
1733646.6093,5934495.9273,786516,,506653,0,0,0,1,1,West,2024/2025,OLD NORTH ROAD,TAYLOR ROAD,,Minor Crash,No,2024,0,South,0,0,0,Hill Road,0,,0,,0,Overcast,217701,1,0,0,2,0,0,0,0,0,,0,0,Auckland Region,Nil,2-way,Sealed,0,0,0,0,80,0,None,0,0,,76,Auckland,Nil,0,0,0,0,0,0,Open,0,0,0,Light rain,Null
1763844.5254,5906724.8037,786523,,524301,0,0,0,0,0,South,2024/2025,GRAY AVENUE,MILTON ROAD,,Non-Injury Crash,No,2024,0,North,0,0,0,Flat,0,,0,,1,Dark,656600,0,0,0,2,0,0,0,0,0,,0,0,Auckland Region,Nil,2-way,Sealed,0,0,0,0,50,0,On,0,0,,76,Auckland,Nil,0,0,0,1,0,0,Urban,1,0,0,Fine,Null
1749510.9259,5916315.1126,786539,,514801,0,0,0,2,0,North,2024/2025,MEAD STREET,MELIORA PLACE,,Non-Injury Crash,No,2025,0,North,0,0,0,Flat,0,,0,,0,Overcast,388100,0,0,0,2,0,0,0,0,1,,0,0,Auckland Region,Nil,2-way,Sealed,0,0,0,0,50,0,None,0,0,,76,Auckland,Nil,0,0,0,0,0,0,Urban,0,0,0,Light rain,Null
1769905.5369,5900634.2628,786555,,523816,0,,0,3,,South,2025/2026,SOUTHERN MOTORWAY,ALFRISTON OBR,,Non-Injury Crash,Yes,2025,,South,,0,,Flat,,,,,,Dark,759734,0,0,0,3,,,0,,,,,,Auckland Region,Nil,1-way,Sealed,,0,0,,100,,On,0,0,,76,Auckland,Nil,,,,,0,0,Open,0,,,Light rain,Null
1772134.002,5914955.8771,786563,,521602,0,,0,2,,Null,2024/2025,MOORE STREET,FENCIBLE DRIVE,,Non-Injury Crash,No,2025,,South,,0,,Flat,,,,,,Twilight,649900,0,0,0,2,,,0,,,,,,Auckland Region,Nil,2-way,Sealed,,0,0,,50,,On,0,0,30,76,Auckland,Give way,,,,,0,0,Urban,0,,,Fine,Frost
1757932.9879,5916929.0546,786571,,515700,0,,0,2,,Null,2024/2025,GILLIES AVENUE,DOMETT AVENUE,,Non-Injury Crash,No,2025,,South,,0,,Flat,,,,,,Overcast,457900,0,0,0,3,,,0,,,,,,Auckland Region,Nil,2-way,Sealed,,0,0,,50,,Off,0,0,,76,Auckland,Give way,,,,,0,0,Urban,0,,,Fine,Null
1766900.5171,5907656.3422,786579,,523501,0,,0,2,,Null,2025/2026,EAST TAMAKI ROAD,BAIRDS ROAD,,Non-Injury Crash,No,2025,,East,,0,,Flat,,,,,,Dark,700700,0,0,0,5,,,0,,,,,,Auckland Region,Nil,2-way,Sealed,,0,0,,60,,On,0,0,30,76,Auckland,Traffic Signals,,,,,0,0,Urban,0,,,Fine,Null
1738380.7848,5931526.2642,786595,,506653,0,,0,2,,North,2024/2025,OLD NORTH ROAD,PINETONE ROAD,,Minor Crash,No,2025,,South,,0,,Hill Road,,,,,,Overcast,217000,1,0,0,2,,,0,,,,,,Auckland Region,Nil,2-way,Sealed,,0,0,,80,,None,0,0,,76,Auckland,Nil,,,,,0,0,Open,0,,,Light rain,Null
1772295.581,5914821.3705,786596,,521501,0,,0,2,,Null,2024/2025,COOK STREET,FENCIBLE DRIVE,,Non-Injury Crash,No,2024,,South,,0,,Null,,,,,,Dark,652500,0,0,0,1,,,0,,,,,,Auckland Region,Nil,1-way,Sealed,,0,0,,50,,Null,0,0,,76,Auckland,Give way,,,,,0,0,Urban,0,,,Fine,Null
1754854.3647,5914008.7257,786604,,518803,0,,0,2,,Null,2024/2025,COLEMAN AVENUE,MOUNT ROSKILL ROAD,,Minor Crash,No,2025,,South,,0,,Flat,,,,,,Bright sun,580400,2,0,0,2,,,0,,,,,,Auckland Region,Nil,2-way,Sealed,,0,0,,50,,Off,0,0,,76,Auckland,Give way,,,,,0,0,Urban,0,,,Fine,Null
1764529.4356,5911660.7038,786610,,520500,0,0,0,1,0,Null,2023/2024,SOPHIA CLOSE,PANAMA ROAD,,Non-Injury Crash,No,2023,0,South,0,0,0,Hill Road,0,,0,,0,Overcast,636400,0,0,0,2,0,0,0,0,0,,0,1,Auckland Region,Nil,2-way,Sealed,0,0,0,0,50,0,None,0,0,,76,Auckland,Give way,0,0,0,0,0,0,Urban,0,0,0,Fine,Null
1773143.9845,5892517.3839,786611,,521301,0,0,0,2,0,South,2024/2025,GREAT SOUTH ROAD,SUTTON ROAD,,Non-Injury Crash,No,2024,0,South,0,0,0,Flat,0,,0,,0,Bright sun,808701,0,0,0,2,0,0,0,0,1,,0,0,Auckland Region,Nil,2-way,Sealed,0,0,0,0,50,0,Off,0,0,,76,Auckland,Nil,0,0,0,0,0,0,Urban,0,0,0,Fine,Null
1764821.407,5905321.8172,786619,,522100,0,,0,2,,South,2025/2026,KENDERDINE ROAD,VERDI STREET,,Minor Crash,No,2025,,North,,0,,Flat,,,,,,Bright sun,659800,1,0,0,2,,,0,,,,,,Auckland Region,Nil,2-way,Sealed,,0,0,,50,,Off,0,0,,76,Auckland,Nil,,,,,0,0,Urban,0,,,Fine,Null
1761144.9385,5914848.81,786626,,520202,0,,0,5,,South,2022/2023,SOUTHERN MOTORWAY,ELLERSLIE FTBR,,Non-Injury Crash,Yes,2023,,South,,0,,Flat,,,,,,Dark,611900,0,0,0,6,,,0,,,,,,Auckland Region,Nil,2-way,Sealed,,0,0,,100,,On,0,0,,76,Auckland,Nil,,,,,0,0,Open,2,,,Fine,Null
1744036.1116,5923461.928,786668,,513511,0,,0,1,,North,2024/2025,WESTGATE DRIVE,TIHEMA LANE,,Non-Injury Crash,No,2024,,South,,0,,Flat,,,,,,Bright sun,224303,0,0,1,2,,,0,,,,,,Auckland Region,Nil,2-way,Sealed,,0,0,,50,,Off,0,0,,76,Auckland,Nil,,,,,0,0,Urban,0,,,Fine,Null
1752562.4323,5918972.837,786674,,515002,0,,0,1,,East,2023/2024,DE LUEN STREET,MOA ROAD,,Serious Crash,No,2023,,East,,0,,Flat,,,,,,Bright sun,396800,0,0,0,2,,,0,,,1,,,Auckland Region,Nil,2-way,Sealed,,0,2,,50,,Off,0,0,,76,Auckland,Nil,,,,,0,0,Urban,0,,,Fine,Null
1775916.8056,5885305.5027,786675,,521132,0,0,0,1,0,North,2024/2025,SOUTHERN MOTORWAY,ST STEPHENS OBR,,Non-Injury Crash,Yes,2025,0,North,0,0,0,Hill Road,1,,0,,0,Bright sun,814100,0,0,0,2,0,0,0,0,0,,0,0,Auckland Region,Nil,1-way,Sealed,0,0,0,0,100,0,Off,0,0,,76,Auckland,Nil,0,0,0,0,0,0,Open,0,0,0,Mist or Fog,Null
1762890.4953,5912944.9627,786698,,520402,0,,0,0,,West,2023/2024,SOUTHERN MOTORWAY,SOUTH-EASTERN HWY OFF RAMP,,Non-Injury Crash,Yes,2024,,East,,0,,Flat,,,,,,Dark,642500,0,0,0,3,,,0,,,,,,Auckland Region,Nil,1-way,Sealed,,0,0,,100,,On,2,0,70,76,Auckland,Nil,,,,,1,0,Open,1,,,Fine,Null
1746792.7811,5926473.0454,786700,,513431,0,0,0,1,0,South,2024/2025,UPPER HARBOUR MOTORWAY,OCKLESTON OBR,,Non-Injury Crash,Yes,2024,0,North,0,0,0,Flat,1,,0,,0,Overcast,221802,0,0,0,2,0,0,0,0,0,,0,0,Auckland Region,Nil,1-way,Sealed,0,0,0,0,100,0,None,0,0,,76,Auckland,Nil,0,0,0,0,0,0,Open,0,0,0,Heavy rain,Null
1751712.2858,5934257.5146,786708,,508701,0,,0,0,,Null,2024/2025,OTEHA VALLEY ROAD,OTEHA VALLEY ROAD EXTENSION,,Minor Crash,No,2025,,North,,0,,Flat,,,,,,Bright sun,178900,4,0,0,2,,,0,,,,,,Auckland Region,Nil,1-way,Sealed,,0,0,,50,,Off,2,0,,76,Auckland,Nil,,,,,0,0,Urban,0,,,Fine,Null
1759627.2008,5916292.5828,786714,,516002,0,0,0,1,0,South,2022/2023,SOUTHERN MOTORWAY,OMAHU OBR,,Non-Injury Crash,Yes,2023,0,South,0,0,0,Flat,1,,0,,0,Bright sun,492000,0,0,0,3,0,0,0,0,0,,0,0,Auckland Region,Nil,1-way,Sealed,0,0,0,0,100,0,Off,0,0,,76,Auckland,Nil,0,0,0,0,0,0,Open,0,0,0,Fine,Null
1756771.9762,5920167.8965,786715,,514102,1,,0,1,,Null,2025/2026,NELSON STREET,COOK STREET,,Minor Crash,No,2025,,North,,0,,Hill Road,,,,,,Overcast,434500,1,0,0,5,,,0,,,,,,Auckland Region,Nil,1-way,Sealed,,0,0,,40,,Off,0,0,,76,Auckland,Traffic Signals,,,,,0,0,Urban,0,,,Fine,Null
1753669.5843,5918312.6278,786731,,515002,0,,0,5,,West,2024/2025,NORTH-WESTERN MOTORWAY,ST LUKES OBR,,Minor Crash,Yes,2025,,East,,0,,Flat,,,,,,Twilight,390501,4,0,0,5,,,0,,,,,,Auckland Region,Nil,1-way,Sealed,,0,0,,80,,On,0,0,,76,Auckland,Nil,,,,,0,0,Open,0,,,Fine,Null
1753424.8815,5929763.3284,786771,,508411,0,,0,0,,Null,2025/2026,GLENFIELD ROAD,SUNSET ROAD,,Non-Injury Crash,No,2025,,South,,0,,Hill Road,,,,,,Twilight,183902,0,0,0,5,,,0,,,,,,Auckland Region,Nil,2-way,Sealed,,0,0,,50,,Off,1,0,,76,Auckland,Give way,,,,,1,0,Urban,0,,,Fine,Null
1767204.3727,5904516.3046,786780,,524604,0,,0,1,,North,2022/2023,OSTERLEY WAY,RONWOOD AVENUE,,Non-Injury Crash,No,2023,,North,,0,,Flat,,,,,,Bright sun,780204,0,0,0,2,,,0,,,,,,Auckland Region,Nil,2-way,Sealed,,0,0,,50,,Off,0,0,,76,Auckland,Nil,,,,,0,0,Urban,1,,,Fine,None
1765322.7079,5916896.811,786795,,517001,0,0,0,1,0,Null,2024/2025,OFF ROAD CARPARK,,,Minor Crash,No,2024,0,North,0,0,0,Flat,0,,0,,0,Overcast,476100,1,0,0,1,0,1,0,0,1,,0,0,Auckland Region,Nil,Off road,Sealed,0,0,0,0,20,0,Off,0,0,,76,Auckland,Nil,1,0,0,0,0,0,Urban,1,0,0,Fine,Null
1756585.4725,5920779.8301,786803,,514101,0,,0,1,,Null,2024/2025,FANSHAWE STREET,HALSEY STREET,,Non-Injury Crash,No,2024,,East,,0,,Null,,,,,,Unknown,432400,0,0,0,6,,,0,,,,,,Auckland Region,Nil,2-way,Sealed,,0,0,,40,,Null,0,0,,76,Auckland,Traffic Signals,,,,,0,1,Urban,0,,,Null,Null
1749988.8684,5947034.2166,786858,,505806,0,0,0,1,0,North,2023/2024,MILLWATER PARKWAY,BONAIR CRESCENT,,Minor Crash,No,2024,0,North,0,0,0,Flat,0,,0,,0,Dark,176501,2,0,0,1,0,0,0,0,0,,0,0,Auckland Region,Nil,1-way,Sealed,0,0,0,0,50,0,On,0,0,,76,Auckland,Nil,0,0,0,1,0,0,Urban,0,0,1,Fine,Null
1736174.59,5944732.9689,786859,,506646,0,,0,1,,East,2024/2025,KAHIKATEA FLAT ROAD,RAPSON ROAD,,Non-Injury Crash,No,2024,,West,,0,,Flat,,,,,,Dark,213100,0,0,0,2,,,0,,,,,,Auckland Region,Nil,2-way,Sealed,,0,0,,80,,None,1,0,,76,Auckland,Nil,,,,,0,0,Open,0,,,Fine,Null
1758201.251,5920811.6526,786860,,514101,0,,0,1,,East,2023/2024,QUAY STREET,TINLEY STREET,,Non-Injury Crash,No,2024,,West,,0,,Null,,,,,,Bright sun,438211,0,0,0,3,,,0,,,,,,Auckland Region,Nil,1-way,Sealed,,0,0,,30,,Null,0,0,,76,Auckland,Nil,,,,,1,0,Urban,0,,,Fine,Null
1759859.851,5920377.9106,786875,,516400,0,,1,1,,East,2024/2025,TAMAKI DRIVE,SOLENT STREET,,Non-Injury Crash,No,2024,,East,,0,,Flat,,,,,,Bright sun,455000,0,0,0,4,,,0,,,,,,Auckland Region,Nil,2-way,Sealed,,0,0,,50,,Null,0,0,,76,Auckland,Nil,,,,,0,0,Urban,0,,,Fine,Null
1757348.7223,5920310.5688,786882,,514102,0,,1,0,,South,2023/2024,QUEEN STREET,DARBY STREET,,Minor Crash,No,2024,,South,,0,,Flat,,,,,,Bright sun,434000,1,0,0,2,,,0,,,1,,,Auckland Region,Nil,2-way,Sealed,,0,0,,30,,Off,0,0,,76,Auckland,Nil,,,,,0,0,Urban,0,,,Fine,Null
1764632.0896,5911798.6121,786891,,520500,0,,0,1,,North,2024/2025,SOUTHERN MOTORWAY,PANAMA OBR,,Minor Crash,Yes,2025,,South,,0,,Flat,,,,,,Bright sun,639601,1,0,0,3,,,0,,,,,,Auckland Region,Nil,1-way,Sealed,,0,0,,100,,Off,0,0,,76,Auckland,Nil,,,,,0,0,Open,1,,,Fine,Null
1772089.5797,5898045.9384,786898,,523912,0,,0,2,,Null,2023/2024,PORCHESTER ROAD,WALTERS ROAD,,Non-Injury Crash,No,2023,,South,,0,,Flat,,,,,,Dark,767400,0,0,0,2,,,0,,,,,,Auckland Region,Nil,2-way,Sealed,,0,0,,50,,On,0,0,,76,Auckland,Give way,,,,,0,0,Urban,0,,,Fine,Null
1766327.8252,5906077.1449,786899,45,522202,0,,0,2,,South,2023/2024,GREAT SOUTH ROAD,BIRDWOOD AVENUE,,Non-Injury Crash,No,2023,,North,,0,,Flat,,,,,,Twilight,665400,0,0,0,2,,,0,,,,,,Auckland Region,Nil,2-way,Sealed,,0,0,,50,,Off,0,0,,76,Auckland,Nil,,,,,0,0,Urban,0,,,Fine,None
1786588.7514,5908194.9418,786908,,525201,0,,0,0,,North,2024/2025,CLEVEDON-KAWAKAWA ROAD,KAIMAHI RISE,,Minor Crash,No,2024,,East,,0,,Flat,,,,,,Bright sun,764700,1,0,1,2,,,0,,,,,,Auckland Region,Nil,2-way,Sealed,,0,0,,80,,None,0,0,,76,Auckland,Nil,,,,,0,0,Open,0,,,Fine,Null
1764597.0896,5911886.9328,786922,,520500,0,,0,2,,North,2023/2024,SOUTHERN MOTORWAY,EAST WEST LINK OFF RAMP,,Minor Crash,Yes,2024,,North,,0,,Flat,,,,,,Dark,639500,1,0,0,3,,,0,,,,,,Auckland Region,Nil,1-way,Sealed,,0,0,,100,,On,0,0,,76,Auckland,Nil,,,,,0,0,Open,1,,,Fine,Null
1743752.0748,5923916.9814,786923,,513410,0,,0,1,,Null,2024/2025,FRED TAYLOR DRIVE,MAKI STREET,,Minor Crash,No,2025,,East,,0,,Flat,,,,,,Bright sun,224000,1,0,0,4,,,0,,,,,,Auckland Region,Nil,2-way,Sealed,,0,0,,50,,Off,0,0,,76,Auckland,Traffic Signals,,,,,1,0,Urban,0,,,Fine,Null
1768864.5796,5900817.3326,786932,,525002,0,,0,2,,East,2022/2023,"WEYMOUTH ROAD, MANUREWA, AUCKLAND 2102",GREAT SOUTH ROAD,,Non-Injury Crash,No,2023,,East,,0,,Hill Road,,,,,,Bright sun,752802,0,0,0,4,,,0,,,,,,Auckland Region,Nil,2-way,Sealed,,0,0,,50,,Off,0,0,,76,Auckland,Give way,,,,,0,0,Urban,0,,,Fine,None
1763281.3353,5915051.2508,786939,,520302,0,0,0,2,0,North,2024/2025,HARRIS ROAD,ELLERSLIE-PANMURE HIGHWAY,,Non-Injury Crash,No,2025,0,North,0,0,0,Flat,0,,0,,0,Bright sun,626101,0,0,0,2,0,0,0,0,1,,0,0,Auckland Region,Nil,2-way,Sealed,0,0,0,0,50,0,Null,0,0,,76,Auckland,Nil,0,0,0,0,0,0,Urban,0,0,0,Fine,Null
1764360.4735,5910173.4498,786940,,521801,0,,0,1,,Null,2023/2024,PRINCES STREET,CHURCH STREET,,Non-Injury Crash,No,2024,,West,,0,,Flat,,,,,,Dark,786902,0,0,0,2,,,0,,,,,,Auckland Region,Nil,2-way,Sealed,,0,0,,50,,On,1,0,30,76,Auckland,Traffic Signals,,,,,0,0,Urban,0,,,Fine,Null
1754072.5219,5914389.2046,786963,,518802,1,,0,1,,East,2025/2026,WILLIAM BLOFIELD AVENUE,SANDRINGHAM ROAD EXTENSION,,Minor Crash,No,2025,,West,,0,,Flat,,,,,,Overcast,578100,1,0,0,2,,,0,,,,,,Auckland Region,Nil,2-way,Sealed,,0,0,,50,,Off,0,0,,76,Auckland,Nil,,,,,0,0,Urban,0,,,Fine,Null
1743817.5123,5915306.2987,786980,,513013,0,0,0,2,0,South,2023/2024,HENDERSON VALLEY ROAD,MISTY VALLEY DRIVE,,Non-Injury Crash,No,2024,0,East,0,0,0,Flat,0,,0,,0,Overcast,281402,0,0,0,2,0,0,0,0,1,,0,0,Auckland Region,Nil,2-way,Sealed,0,0,0,0,50,0,Off,1,0,,76,Auckland,Nil,0,0,0,0,0,0,Urban,0,0,0,Fine,Frost
1766929.1352,5902154.0443,786986,,524602,0,0,0,1,0,North,2023/2024,DALGETY DRIVE,BROWNS ROAD,,Serious Crash,No,2023,0,South,0,0,0,Flat,0,,0,,0,Bright sun,780407,0,0,0,2,0,0,0,0,1,,0,0,Auckland Region,Nil,2-way,Sealed,0,0,1,0,50,0,Off,0,0,,76,Auckland,Nil,0,0,0,0,1,0,Urban,0,0,0,Fine,Null
1772908.5624,5891705.3239,786988,,521301,0,0,0,1,0,South,2024/2025,SOUTHERN MOTORWAY,GREAT SOUTH ROAD OFF RAMP,,Non-Injury Crash,Yes,2024,0,South,0,0,0,Flat,1,,0,,0,Overcast,808701,0,0,0,2,0,0,0,0,0,,0,0,Auckland Region,Nil,1-way,Sealed,0,0,0,0,100,0,Off,0,0,,76,Auckland,Nil,0,0,0,0,1,0,Open,0,0,0,Light rain,Strong wind
1746954.2346,5916599.809,786995,,512500,0,0,0,2,0,East,2024/2025,TIRIMOANA ROAD,GLENDENE AVENUE,,Non-Injury Crash,No,2025,0,West,0,0,0,Flat,0,,0,,0,Overcast,259700,0,0,0,2,0,0,0,0,1,,0,0,Auckland Region,Nil,2-way,Sealed,0,0,0,0,50,0,Off,0,0,,76,Auckland,Nil,0,0,0,0,0,0,Urban,0,0,0,Fine,Null
1771637.4932,5899254.2353,787010,,523911,0,,0,2,,North,2022/2023,PORCHESTER ROAD,CLARICE PLACE,,Non-Injury Crash,No,2023,,North,,0,,Flat,,,,,,Bright sun,767302,0,0,0,2,,,0,,,,,,Auckland Region,Nil,2-way,Sealed,,0,0,,50,,Off,0,0,,76,Auckland,Nil,,,,,0,0,Urban,0,,,Fine,Null
1769006.9429,5901438.3252,787011,,524901,0,0,0,2,0,East,2025/2026,HILL ROAD,SCENIC DRIVE,,Minor Crash,No,2025,0,North,0,0,0,Flat,0,,0,,0,Dark,756700,1,0,0,2,0,0,0,0,1,,0,0,Auckland Region,Nil,2-way,Sealed,0,0,0,0,50,0,On,0,0,,76,Auckland,Nil,0,0,0,0,0,0,Urban,0,0,0,Fine,Null
1768279.7612,5912839.2942,787020,,523000,0,,0,2,,Null,2023/2024,REEVES ROAD,GOSSAMER DRIVE,,Non-Injury Crash,No,2023,,East,,0,,Hill Road,,,,,,Dark,688800,0,0,0,1,,,0,,,,,,Auckland Region,Nil,1-way,Sealed,,0,0,,50,,On,0,0,,76,Auckland,Give way,,,,,0,0,Urban,0,,,Light rain,None
1766649.188,5917387.8537,787036,,517002,0,0,0,1,0,Null,2024/2025,FENCHURCH STREET,AVELINE PLACE,,Minor Crash,No,2024,0,North,0,0,0,Flat,0,,0,,0,Bright sun,471800,1,0,0,2,0,0,0,0,1,,0,0,Auckland Region,Nil,2-way,Sealed,0,0,0,0,30,0,Off,2,0,,76,Auckland,Nil,0,0,0,0,0,0,Urban,0,0,0,Fine,Null
1750223.6228,5913810.4188,787044,,511303,0,,0,2,,Null,2024/2025,HETANA STREET,CLARK STREET,,Non-Injury Crash,No,2024,,South,,0,,Flat,,,,,,Bright sun,265100,0,0,0,2,,,0,,,,,,Auckland Region,Nil,2-way,Sealed,,0,0,,50,,Off,0,1,,76,Auckland,Traffic Signals,,,,,0,0,Urban,0,,,Fine,Null
1760748.0614,5913218.1394,787052,,519900,0,0,0,0,0,South,2024/2025,EDMONTON AVENUE,GAMBIA PLACE,,Non-Injury Crash,No,2024,0,South,0,0,0,Flat,0,,0,,0,Bright sun,605200,0,0,0,2,0,0,0,0,0,,0,1,Auckland Region,Nil,2-way,Sealed,0,0,0,0,50,0,Off,1,0,,76,Auckland,Nil,0,0,0,0,0,0,Urban,0,0,0,Fine,Null
1743560.0158,5923807.9251,787058,,513511,0,,0,1,,Null,2023/2024,FRED TAYLOR DRIVE,FERNHILL DRIVE,,Minor Crash,No,2023,,West,,0,,Flat,,,,,,Bright sun,224306,1,0,0,2,,,0,,,,,,Auckland Region,Nil,1-way,Sealed,,0,0,,50,,Off,0,0,,76,Auckland,Traffic Signals,,,,,0,0,Urban,1,,,Fine,Null
1761557.8019,5914132.1829,787068,,520202,0,,0,3,,West,2024/2025,SOUTHERN MOTORWAY,ELLERSLIE-PANMURE HWY OFF RAMP,,Minor Crash,Yes,2025,,North,,0,,Flat,,,,,,Overcast,612300,1,0,0,3,,,0,,,,,,Auckland Region,Nil,1-way,Sealed,,0,0,,100,,Off,0,0,,76,Auckland,Nil,,,,,0,0,Open,0,,,Light rain,Null
1757724.57,5913887.5648,787082,,518600,0,,0,2,,Null,2022/2023,PAH ROAD,AMBURY AVENUE,,Non-Injury Crash,No,2023,,South,,0,,Flat,,,,,,Bright sun,565000,0,0,0,4,,,0,,,,,,Auckland Region,Nil,2-way,Sealed,,0,0,,50,,Off,0,0,,76,Auckland,Stop,,,,,0,0,Urban,0,,,Fine,Null
1729592.2686,5939878.8074,787083,,506800,0,,0,2,,Null,2025/2026,COMMERCIAL ROAD,RATA STREET,,Non-Injury Crash,Yes,2026,,South,,0,,Flat,,,,,,Bright sun,208700,0,0,0,2,,,0,,,,,,Auckland Region,Nil,2-way,Sealed,,0,0,,50,,Off,0,0,,76,Auckland,Give way,,,,,0,0,Urban,0,,,Fine,Null
1756124.5671,5918750.1127,787090,,515500,0,,0,2,,North,2022/2023,NORTH-WESTERN MOTORWAY,WAIMA FTBR,,Non-Injury Crash,Yes,2023,,North,,0,,Flat,,,,,,Overcast,417600,0,0,0,4,,,0,,,,,,Auckland Region,Nil,1-way,Sealed,,0,0,,80,,Off,0,0,,76,Auckland,Nil,,,,,0,0,Open,0,,,Fine,Null
1754860.2744,5931769.503,787116,,508805,0,,0,0,,Null,2024/2025,CONSTELLATION DRIVE,PARKWAY DRIVE,,Non-Injury Crash,No,2024,,East,,0,,Null,,,,,,Unknown,180826,0,0,0,4,,,0,,,,,,Auckland Region,Nil,2-way,Sealed,,0,0,,50,,Null,1,0,,76,Auckland,Give way,,,,,1,0,Urban,0,,,Fine,Null
1762346.1473,5906029.5035,787122,,524200,0,,0,2,,South,2022/2023,SOUTH-WESTERN MOTORWAY,MASSEY ROAD OFF RAMP,,Non-Injury Crash,Yes,2023,,West,,0,,Flat,,,,,,Twilight,729000,0,0,0,2,,,0,,,,,,Auckland Region,Nil,1-way,Sealed,,0,0,,100,,On,0,0,,76,Auckland,Nil,,,,,0,0,Open,0,,,Light rain,Null
1769846.3068,5899413.2449,787131,,523920,0,,0,2,,North,2025/2026,GREAT SOUTH ROAD,MANUREWA-TAKANINI ON RAMP,,Non-Injury Crash,No,2025,,North,,0,,Flat,,,,,,Overcast,767922,0,0,0,2,,,0,,,,,,Auckland Region,Nil,2-way,Sealed,,0,0,,70,,Null,0,0,,76,Auckland,Nil,,,,,0,0,Urban,0,,,Light rain,Null
1770822.1364,5898462.2843,787170,,523920,0,,0,1,,Null,2023/2024,GREAT SOUTH ROAD,GRAHAM ROAD,,Minor Crash,No,2023,,North,,0,,Flat,,,,,,Bright sun,767503,1,0,1,2,,,0,,,,,,Auckland Region,Nil,2-way,Sealed,,0,0,,50,,Off,0,0,,76,Auckland,Give way,,,,,0,0,Urban,0,,,Fine,Null
1765120.3582,5910275.9954,787171,,521803,0,,0,2,,Null,2025/2026,PRINCES STREET,FRANK GREY PLACE,,Non-Injury Crash,No,2025,,East,,0,,Flat,,,,,,Bright sun,790500,0,0,0,2,,,0,,,,,,Auckland Region,Nil,2-way,Sealed,,0,0,,50,,Null,0,0,,76,Auckland,Traffic Signals,,,,,0,0,Urban,0,,,Fine,Null
1751707.1753,5932369.1363,787179,,508807,0,,0,2,,Null,2025/2026,ROSEDALE ROAD,DOUGLAS ALEXANDER PARADE,,Non-Injury Crash,No,2025,,East,,0,,Null,,,,,,Bright sun,180302,0,0,0,2,,,0,,,,,,Auckland Region,Nil,2-way,Sealed,,0,0,,50,,Null,0,0,,76,Auckland,Give way,,,,,0,0,Urban,0,,,Fine,Null
1749378.584,5913922.1597,787186,,511302,0,,0,4,,Null,2022/2023,GREAT NORTH ROAD,GREAT NORTH ROAD,,Minor Crash,No,2023,,East,,0,,Flat,,,,,,Overcast,268800,1,0,0,5,,,0,,,,,,Auckland Region,Nil,2-way,Sealed,,0,0,,50,,Off,0,0,,76,Auckland,Nil,,,,,0,0,Urban,2,,,Light rain,Null
1754118.8489,5913186.7786,787188,,518802,0,,0,0,,Null,2024/2025,MAY ROAD,RICHARDSON ROAD,,Minor Crash,No,2024,,South,,0,,Flat,,,,,,Bright sun,579500,1,0,1,2,,,0,,,,,,Auckland Region,Nil,2-way,Sealed,,0,0,,50,,Off,0,0,,76,Auckland,Traffic Signals,,,,,0,0,Urban,0,,,Fine,Null
1760104.909,5908834.0443,787195,,524403,0,,0,0,,Null,2023/2024,MAHUNGA DRIVE,WALMSLEY ROAD,,Non-Injury Crash,No,2023,,South,,0,,Flat,,,,,,Bright sun,729500,0,0,0,2,,,0,,,,,,Auckland Region,Nil,2-way,Sealed,,0,0,,60,,Off,1,0,,76,Auckland,Traffic Signals,,,,,0,0,Urban,0,,,Fine,None
1756231.8347,5911935.9736,787196,,518702,0,0,0,2,0,East,2023/2024,GOODALL STREET,HILLSBOROUGH ROAD,,Non-Injury Crash,No,2024,0,East,0,0,0,Hill Road,0,,0,,0,Dark,571700,0,0,0,2,0,0,0,0,1,,0,0,Auckland Region,Nil,2-way,Sealed,0,0,0,0,50,0,On,0,0,,76,Auckland,Nil,0,0,0,0,0,0,Urban,1,0,0,Fine,Null