X,Y,OBJECTID,advisorySpeed,areaUnitID,bicycle,bridge,bus,carStationWagon,cliffBank,crashDirectionDescription,crashFinancialYear,crashLocation1,crashLocation2,crashRoadSideRoad,crashSeverity,crashSHDescription,crashYear,debris,directionRoleDescription,ditch,fatalCount,fence,flatHill,guardRail,holiday,houseOrBuilding,intersection,kerb,light,meshblockId,minorInjuryCount,moped,motorcycle,NumberOfLanes,objectThrownOrDropped,otherObject,otherVehicleType,overBank,parkedVehicle,pedestrian,phoneBoxEtc,postOrPole,region,roadCharacter,roadLane,roadSurface,roadworks,schoolBus,seriousInjuryCount,slipOrFlood,speedLimit,strayAnimal,streetLight,suv,taxi,temporarySpeedLimit,tlaId,tlaName,trafficControl,trafficIsland,trafficSign,train,tree,truck,unknownVehicleType,urban,vanOrUtility,vehicle,waterRiver,weatherA,weatherB
1766199.6405,5907076.7422,787218,,522301,0,,0,0,,Null,2023/2024,HUIA ROAD,HOTEO AVENUE,,Minor Crash,No,2023,,South,,0,,Flat,,,,,,Overcast,667100,1,0,0,2,,,0,,,,,,Auckland Region,Nil,2-way,Sealed,,0,0,,50,,Off,0,0,,76,Auckland,Give way,,,,,0,0,Urban,1,,,Fine,Null
1752897.9999,5918167.9961,787227,,515002,0,,0,2,,East,2025/2026,NORTH-WESTERN MOTORWAY,CARRINGTON ROAD,,Non-Injury Crash,Yes,2025,,Null,,0,,Null,,,,,,Unknown,390501,0,0,0,2,,,0,,,,,,Auckland Region,Nil,Null,Null,,0,0,,,,Null,0,0,,76,Auckland,Nil,,,,,0,0,Urban,0,,,Null,Null
1753590.1078,5914861.9417,787236,,518801,0,,0,1,,Null,2024/2025,FARRELLY AVENUE,JESSOP STREET,,Minor Crash,No,2024,,North,,0,,Flat,,,,,,Twilight,576400,1,0,0,2,,,0,,,1,,,Auckland Region,Nil,2-way,Sealed,,0,0,,30,,On,0,0,,76,Auckland,Nil,,,,,0,0,Urban,0,,,Fine,Null
1772912.2626,5891554.9307,787242,,521301,0,,0,3,,North,2023/2024,SOUTHERN MOTORWAY,KARAKA OBR,,Non-Injury Crash,Yes,2023,,North,,0,,Flat,,,,,,Twilight,808702,0,0,0,2,,,0,,,,,,Auckland Region,Nil,1-way,Sealed,,0,0,,100,,On,0,0,,76,Auckland,Nil,,,,,0,0,Open,0,,,Mist or Fog,Null
1762955.8142,5914999.7497,787243,,520401,0,,0,2,,West,2024/2025,ELLERSLIE-PANMURE HIGHWAY,STANHOPE ROAD,,Non-Injury Crash,No,2025,,East,,0,,Flat,,,,,,Dark,644000,0,0,0,4,,,0,,,,,,Auckland Region,Nil,2-way,Sealed,,0,0,,50,,On,0,1,,76,Auckland,Nil,,,,,0,0,Urban,0,,,Fine,Null
1754206.4488,5933320.3584,787250,,508804,0,,0,2,,Null,2023/2024,HUGH GREEN DRIVE,KILLYBEGS DRIVE,,Non-Injury Crash,No,2023,,South,,0,,Flat,,,,,,Bright sun,180701,0,0,0,2,,,0,,,,,,Auckland Region,Nil,2-way,Sealed,,0,0,,50,,Off,0,0,,76,Auckland,Give way,,,,,0,0,Urban,0,,,Fine,Null
1764034.9283,5905054.3284,787252,,522100,0,,0,2,,Null,2023/2024,HILLSIDE ROAD,PAH ROAD,,Non-Injury Crash,No,2023,,South,,0,,Flat,,,,,,Bright sun,658500,0,1,0,2,,,0,,,,,,Auckland Region,Nil,2-way,Sealed,,0,0,,50,,Off,0,0,30,76,Auckland,Give way,,,,,0,0,Urban,0,,,Fine,Null
1758230.445,5913398.632,787260,,519710,0,,0,2,,Null,2023/2024,MOUNT ALBERT ROAD,MANUKAU ROAD,,Non-Injury Crash,No,2023,,East,,0,,Flat,,,,,,Dark,596300,0,0,0,4,,,0,,,,,,Auckland Region,Nil,2-way,Sealed,,0,0,,50,,On,0,0,,76,Auckland,Give way,,,,,0,0,Urban,0,,,Light rain,Null
1742207.1816,5993797.1507,787274,,506660,0,,0,0,,North,2024/2025,MANGAWHAI ROAD,KEITH ROAD,,Minor Crash,No,2024,,South,,0,,Hill Road,,,,,,Overcast,135600,3,0,0,2,,,0,,,,,,Auckland Region,Nil,2-way,Sealed,,0,0,,100,,None,1,0,,76,Auckland,Nil,,,,,0,0,Open,1,,,Fine,Null
1768644.3208,5909746.488,787284,,523113,0,,0,1,,Null,2022/2023,SMALES ROAD,SPRINGS ROAD,,Non-Injury Crash,No,2023,,East,,0,,Flat,,,,,,Bright sun,711809,0,0,0,3,,,0,,,,,,Auckland Region,Nil,2-way,Sealed,,0,0,,50,,Off,0,0,,76,Auckland,Traffic Signals,,,,,0,1,Urban,0,,,Fine,None
1745659.1429,5916391.265,787300,,510800,0,,0,2,,Null,2023/2024,VIEW ROAD,NEWINGTON ROAD,,Non-Injury Crash,No,2023,,West,,0,,Hill Road,,,,,,Bright sun,244500,0,0,0,3,,,0,,,,,,Auckland Region,Nil,2-way,Sealed,,0,0,,50,,Off,0,0,,76,Auckland,Stop,,,,,0,0,Urban,0,,,Fine,Null
1763781.6854,5919073.3741,787308,,516500,0,,0,0,,Null,2023/2024,KEPA ROAD,KOHIMARAMA ROAD,,Serious Crash,No,2024,,South,,0,,Flat,,,,,,Dark,502900,0,0,0,2,,,0,,,1,,,Auckland Region,Nil,2-way,Sealed,,0,1,,50,,On,0,0,,76,Auckland,Traffic Signals,,,,,0,0,Urban,1,,,Fine,Null
1770103.8207,5899986.9546,787331,,523817,0,0,0,2,0,West,2024/2025,TRIMDON STREET,SHIFNAL DRIVE,,Non-Injury Crash,No,2025,0,West,0,0,0,Flat,0,,0,,0,Bright sun,759739,0,0,0,2,0,0,0,0,1,,0,0,Auckland Region,Nil,2-way,Sealed,0,0,0,0,50,0,Off,0,0,10,76,Auckland,Nil,0,0,0,0,0,0,Urban,0,0,0,Fine,Null
1763451.8306,5913915.6292,787332,,520303,0,0,0,1,0,Null,2023/2024,BARRACK ROAD,PENROSE ROAD,,Non-Injury Crash,No,2024,0,South,0,0,0,Flat,0,,0,,0,Bright sun,627300,0,0,0,2,0,0,0,0,0,,0,0,Auckland Region,Nil,2-way,Sealed,0,0,0,0,50,0,Off,1,0,,76,Auckland,Traffic Signals,0,0,0,0,0,0,Urban,0,1,0,Fine,Null
1748073.8928,5914584.6876,787339,,511700,0,0,0,2,0,Null,2024/2025,KELMAN ROAD,LAURA STREET,,Non-Injury Crash,No,2025,0,South,0,0,0,Flat,0,,0,,0,Dark,272403,0,0,0,2,0,0,0,0,1,,0,0,Auckland Region,Nil,2-way,Sealed,0,0,0,0,50,0,On,0,0,,76,Auckland,Give way,0,0,0,0,0,0,Urban,0,0,0,Fine,Null
1758245.6345,5913407.5199,787347,,519710,0,,0,2,,Null,2025/2026,MOUNT SMART ROAD,MANUKAU ROAD,,Non-Injury Crash,No,2025,,West,,0,,Flat,,,,,,Dark,595200,0,0,0,2,,,0,,,,,,Auckland Region,Nil,1-way,Sealed,,0,0,,50,,On,0,0,,76,Auckland,Give way,,,,,0,0,Urban,0,,,Light rain,Null
1764290.5488,5909631.9208,787355,,521901,0,,0,2,,Null,2024/2025,ATKINSON AVENUE,HIGH STREET,,Non-Injury Crash,No,2024,,South,,0,,Hill Road,,,,,,Dark,784100,0,0,0,5,,,0,,,,,,Auckland Region,Speed hump,2-way,Sealed,,0,0,,50,,On,0,0,30,76,Auckland,Traffic Signals,,,,,0,0,Urban,0,,,Heavy rain,Strong wind
1749682.758,5913882.2576,787379,,511303,0,,0,0,,Null,2022/2023,GREAT NORTH ROAD,CLARK STREET,,Non-Injury Crash,No,2023,,East,,0,,Hill Road,,Easter,,,,Bright sun,264901,0,0,0,5,,,0,,,,,,Auckland Region,Nil,2-way,Sealed,,0,0,,50,,Off,1,0,,76,Auckland,Traffic Signals,,,,,0,0,Urban,0,,,Fine,None
1746845.6511,5915257.9059,787388,,511800,0,,0,1,,Null,2023/2024,GREAT NORTH ROAD,AWAROA ROAD,,Non-Injury Crash,No,2024,,North,,0,,Hill Road,,,,,,Bright sun,276400,0,0,0,4,,,0,,,,,,Auckland Region,Nil,2-way,Sealed,,0,0,,50,,Off,0,0,,76,Auckland,Stop,,,,,0,0,Urban,1,,,Fine,Null
1755611.2861,5918304.3627,787395,,515500,0,0,0,1,0,West,2024/2025,NORTH-WESTERN MOTORWAY,BOND OBR,,Non-Injury Crash,Yes,2024,0,East,0,0,0,Flat,1,,0,,0,Overcast,419300,0,0,0,4,0,0,0,0,0,,0,0,Auckland Region,Nil,1-way,Sealed,0,0,0,0,80,0,Off,0,0,,76,Auckland,Nil,0,0,0,0,0,0,Open,0,0,0,Fine,Null
1770359.3928,5916728.3404,787404,,522604,0,,0,2,,South,2023/2024,BUCKLANDS BEACH ROAD,MACLEANS ROAD,,Non-Injury Crash,No,2023,,North,,0,,Flat,,,,,,Bright sun,677400,0,0,0,2,,,0,,,,,,Auckland Region,Nil,2-way,Sealed,,0,0,,50,,Off,0,0,,76,Auckland,Nil,,,,,0,0,Urban,0,,,Fine,None
1780122.5647,5894006.3076,787410,,521132,0,0,0,2,0,East,2023/2024,HUNUA ROAD,MIDDLETON ROAD,,Non-Injury Crash,No,2023,0,East,1,0,1,Flat,0,,0,,0,Bright sun,816401,0,0,0,2,0,0,0,0,0,,0,0,Auckland Region,Nil,2-way,Sealed,0,0,0,0,80,0,None,0,0,,76,Auckland,Nil,0,0,0,0,0,0,Open,0,0,0,Fine,Null
1748944.4497,5970757.0879,787411,,505500,0,,0,1,,Null,2024/2025,SANDSPIT ROAD,GREAT NORTH ROAD,,Non-Injury Crash,No,2024,,West,,0,,Flat,,,,,,Overcast,140300,0,0,0,3,,,0,,,,,,Auckland Region,Nil,2-way,Sealed,,0,0,,50,,Off,1,0,,76,Auckland,Give way,,,,,0,0,Urban,0,,,Fine,Null
1763964.2998,5913994.746,787434,,520303,0,0,0,1,0,North,2022/2023,MOUNT WELLINGTON HIGHWAY,ROWLANDS AVENUE,,Serious Crash,No,2023,0,North,0,0,0,Flat,0,,0,,0,Overcast,627600,0,0,0,4,0,0,0,0,0,,0,1,Auckland Region,Nil,2-way,Sealed,0,0,1,0,50,0,Off,1,0,,76,Auckland,Nil,0,0,0,0,0,0,Urban,0,0,0,Heavy rain,Null
1756990.6951,5925329.5577,787443,,509702,0,,0,1,,South,2024/2025,NORTHERN MOTORWAY,ESMONDE ROAD OFF RAMP,,Non-Injury Crash,Yes,2024,,North,,0,,Flat,,,,,,Overcast,364601,0,0,0,4,,,0,,,,,,Auckland Region,Nil,1-way,Sealed,,0,0,,100,,Off,0,0,50,76,Auckland,Nil,,,,,0,0,Open,1,,,Fine,Strong wind
1760715.3424,5908065.5073,787483,,524405,0,,0,1,,South,2025/2026,ROBERTSON ROAD,CALTHORP CLOSE,,Non-Injury Crash,No,2025,,South,,0,,Flat,,,,,,Dark,730704,0,0,1,2,,,0,,,,,,Auckland Region,Nil,2-way,Sealed,,0,0,,50,,On,0,0,,76,Auckland,Nil,,,,,0,0,Urban,0,,,Fine,Null
1753276.9777,5913343.9564,787498,,518901,0,0,0,2,0,South,2023/2024,ELLIS AVENUE,GRAHAM BELL AVENUE,,Non-Injury Crash,No,2023,0,South,0,0,0,Flat,0,,0,,0,Overcast,584402,0,0,0,2,0,0,0,0,1,,0,0,Auckland Region,Nil,2-way,Sealed,0,0,0,0,50,0,On,0,0,,76,Auckland,Nil,0,0,0,0,0,0,Urban,0,0,0,Light rain,Null
1754901.3558,5930449.8734,787500,,508520,0,,0,1,,North,2024/2025,NORTHERN MOTORWAY,SUNNYNOOK OBR,,Minor Crash,Yes,2025,,South,,0,,Hill Road,,,,,,Dark,192700,1,0,0,2,,,0,,,,,,Auckland Region,Nil,1-way,Sealed,,0,0,,100,,On,0,0,,76,Auckland,Nil,,,,,0,0,Open,1,,,Fine,Null
1744496.7278,5919848.2337,787506,,513301,0,,0,3,,East,2022/2023,UNIVERSAL DRIVE,BITTERN PLACE,,Non-Injury Crash,No,2023,,West,,0,,Hill Road,,,,,,Overcast,233700,0,0,0,2,,,0,,,,,,Auckland Region,Nil,2-way,Sealed,,0,0,,50,,Off,0,0,,76,Auckland,Nil,,,,,0,0,Urban,0,,,Fine,Null
1770266.9612,5906373.738,787508,,523712,0,,0,2,,Null,2022/2023,FLAT BUSH SCHOOL ROAD,HIKUAWA ROAD,,Non-Injury Crash,No,2023,,West,,0,,Flat,,,,,,Overcast,713201,0,0,0,2,,,0,,,,,,Auckland Region,Nil,2-way,Sealed,,0,0,,50,,Off,0,0,,76,Auckland,Give way,,,,,0,0,Urban,0,,,Fine,None
1751893.835,5947308.373,787514,,505808,0,0,0,1,0,South,2023/2024,RED BEACH ROAD,KUKUWAI AVENUE,,Serious Crash,No,2024,0,South,0,0,0,Hill Road,0,,0,,0,Bright sun,173119,2,0,0,2,0,0,0,0,1,,0,0,Auckland Region,Nil,2-way,Sealed,0,0,1,0,50,0,Off,2,0,,76,Auckland,Nil,0,0,0,0,0,0,Urban,1,0,0,Fine,Null
1764709.0546,5920075.8647,787515,,516602,0,0,0,1,0,East,2024/2025,TAMAKI DRIVE,SAGE ROAD,,Minor Crash,No,2024,0,East,0,0,0,Flat,0,,0,,0,Dark,504400,2,0,0,2,0,0,0,0,0,,0,1,Auckland Region,Nil,2-way,Sealed,0,0,0,0,30,0,On,0,0,,76,Auckland,Nil,0,0,0,0,0,0,Urban,0,0,0,Fine,Null
1772031.3569,5897212.9783,787531,,525420,0,0,0,0,0,South,2024/2025,GREAT SOUTH ROAD,TRENTHAM ROAD,,Minor Crash,No,2024,0,North,0,0,0,Flat,0,,0,,0,Bright sun,790800,1,0,0,2,0,0,0,0,0,,0,1,Auckland Region,Nil,2-way,Sealed,0,0,0,0,50,0,Off,1,0,,76,Auckland,Nil,0,0,0,0,0,0,Urban,0,0,0,Fine,Null
1773778.3821,5898198.4504,787532,,523912,0,0,0,1,0,Null,2024/2025,COSGRAVE ROAD,CORPORAL STREET,,Non-Injury Crash,No,2024,0,North,0,0,1,Flat,0,,1,,1,Bright sun,765500,0,0,0,2,0,0,0,0,0,,0,1,Auckland Region,Nil,2-way,Sealed,0,0,0,0,60,0,Off,0,0,,76,Auckland,Give way,0,1,0,0,0,0,Urban,0,0,0,Fine,Null
1754207.7442,5933127.0718,787538,,508804,0,,0,2,,Null,2023/2024,ROSEDALE ROAD,APOLLO DRIVE,,Non-Injury Crash,No,2023,,East,,0,,Flat,,,,,,Dark,180701,0,0,0,2,,,0,,,,,,Auckland Region,Nil,2-way,Sealed,,0,0,,50,,On,0,0,,76,Auckland,Give way,,,,,0,0,Urban,0,,,Fine,Null
1771524.4583,5897832.1423,787546,,523912,0,,0,2,,Null,2023/2024,GREAT SOUTH ROAD,LONGFORD PARK DRIVE,,Non-Injury Crash,No,2024,,South,,0,,Flat,,,,,,Bright sun,765700,0,0,0,4,,,0,,,,,,Auckland Region,Nil,2-way,Sealed,,0,0,,50,,Off,0,0,,76,Auckland,Give way,,,,,0,0,Urban,0,,,Fine,Null
1768533.3353,5900880.1699,787548,,525001,0,0,0,1,0,South,2023/2024,SELWYN ROAD,LUPTON ROAD,,Non-Injury Crash,No,2023,0,South,0,0,1,Null,0,,0,,0,Unknown,752100,0,0,0,2,0,0,0,0,0,,0,0,Auckland Region,Nil,2-way,Null,0,0,0,0,50,0,Null,0,0,,76,Auckland,Nil,0,0,0,0,0,0,Urban,0,0,0,Null,Null
1757010.1255,5916656.742,787554,,518202,0,,0,0,,Null,2023/2024,MOUNT EDEN ROAD,PORONUI STREET,,Minor Crash,No,2023,,West,,0,,Flat,,,,,,Dark,550500,1,0,0,4,,,0,,,1,,,Auckland Region,Nil,2-way,Sealed,,0,0,,50,,On,0,0,,76,Auckland,Stop,,,,,0,0,Urban,0,,,Fine,Null
1762378.3219,5913823.0677,787563,,520401,0,0,0,1,0,Null,2024/2025,PENROSE ROAD,RYDAL DRIVE,,Minor Crash,No,2024,0,West,0,0,0,Flat,0,,0,,0,Dark,644300,1,0,0,2,0,0,0,0,0,,0,1,Auckland Region,Nil,2-way,Sealed,0,0,0,0,50,0,On,0,0,,76,Auckland,Give way,0,0,0,0,0,0,Urban,0,0,0,Fine,Null
1772909.9089,5891283.1012,787570,,521301,0,,0,3,,South,2023/2024,GREAT SOUTH ROAD OFF RAMP,GREAT SOUTH ROAD,,Non-Injury Crash,Yes,2024,,North,,0,,Hill Road,,,,,,Dark,809200,0,0,0,1,,,0,,,,,,Auckland Region,Motorway ramp,1-way,Sealed,,0,0,,100,,On,0,0,,76,Auckland,Nil,,,,,0,0,Open,0,,,Light rain,Null
1756537.111,5918905.3854,787572,,514200,0,,1,0,,Null,2023/2024,NEWTON ROAD,PIWAKAWAKA STREET,,Non-Injury Crash,No,2024,,West,,0,,Hill Road,,,,,,Bright sun,412800,0,0,0,4,,,0,,,,,,Auckland Region,Bridge,2-way,Sealed,,1,0,,50,,Off,0,0,,76,Auckland,Traffic Signals,,,,,0,0,Urban,1,,,Fine,Null
1755016.039,5913731.8602,787578,,518803,0,,0,2,,Null,2022/2023,DOMINION ROAD,DENBIGH AVENUE,,Non-Injury Crash,No,2023,,North,,0,,Flat,,,,,,Bright sun,581700,0,0,0,4,,,0,,,,,,Auckland Region,Nil,2-way,Sealed,,0,0,,50,,Off,0,0,,76,Auckland,Give way,,,,,0,0,Urban,0,,,Fine,Null
1758401.3513,5918361.095,787587,45,517400,0,,0,2,,West,2023/2024,KHYBER PASS ROAD,OSBORNE STREET,,Non-Injury Crash,No,2023,,West,,0,,Flat,,,,,,Dark,451000,0,0,0,2,,,0,,,,,,Auckland Region,Nil,2-way,Sealed,,0,0,,50,,On,0,0,,76,Auckland,Nil,,,,,0,0,Urban,0,,,Fine,None
1745395.5867,5916179.8293,787594,,510800,0,0,0,1,0,North,2023/2024,RAILSIDE AVENUE,BRUCE MCLAREN ROAD,,Minor Crash,No,2023,0,North,0,0,0,Flat,0,,0,,0,Twilight,244600,1,0,0,2,0,0,0,0,1,,0,0,Auckland Region,Nil,2-way,Sealed,0,0,0,0,50,0,On,0,0,,76,Auckland,Nil,0,0,0,0,0,0,Urban,0,0,0,Fine,Null
1757720.9535,5920829.1547,787595,,514103,0,,0,2,,Null,2023/2024,CUSTOMS STREET EAST,GORE STREET,,Non-Injury Crash,No,2023,,West,,0,,Flat,,,,,,Dark,438104,0,0,0,6,,,0,,,,,,Auckland Region,Nil,2-way,Sealed,,0,0,,50,,On,0,0,,76,Auckland,Traffic Signals,,,,,0,0,Urban,0,,,Fine,None
1759200.2108,5916802.2821,787596,,516001,0,,0,1,,North,2024/2025,MOUNT HOBSON ROAD,MARKET ROAD,,Serious Crash,No,2024,,South,,0,,Flat,,,,,,Overcast,491400,0,0,0,2,,,0,,,,,,Auckland Region,Motorway ramp,1-way,Sealed,,0,1,,50,,Off,1,0,,76,Auckland,Nil,,,,,1,0,Urban,0,,,Fine,Null
1766807.2583,5919047.7291,787636,,516800,0,,0,1,,Null,2023/2024,COLCHESTER AVENUE,GRANTHAM ROAD,,Non-Injury Crash,No,2023,,West,,0,,Flat,,,,,,Bright sun,514000,0,0,0,2,,,0,,,,,,Auckland Region,Nil,2-way,Sealed,,0,0,,50,,Off,0,0,,76,Auckland,Give way,,,,,0,0,Urban,1,,,Fine,Null
1771357.676,5906108.3427,787643,,523713,0,0,0,2,0,Null,2023/2024,FLAT BUSH SCHOOL ROAD,AKO ROAD,,Non-Injury Crash,No,2024,0,East,0,0,0,Flat,0,,0,,0,Dark,712701,0,0,0,2,0,0,0,0,1,,0,0,Auckland Region,Nil,2-way,Sealed,0,0,0,0,50,0,Off,0,0,,76,Auckland,Nil,0,0,0,0,0,0,Urban,0,0,0,Fine,Null
1783253.914,5925722.5235,787644,,520801,0,,0,1,,West,2024/2025,OSTEND ROAD,TAHI ROAD,,Non-Injury Crash,No,2024,,West,,0,,Flat,,,,,,Bright sun,515401,0,0,0,2,,,0,,,,,,Auckland Region,Nil,2-way,Sealed,,0,0,,50,,Off,1,0,,76,Auckland,Nil,,,,,0,0,Urban,0,,,Fine,Null
1756053.6279,5918675.5925,787651,,515500,0,,0,2,,North,2023/2024,NORTH-WESTERN MOTORWAY,NEWTON ROAD OFF RAMP,,Non-Injury Crash,Yes,2024,,North,,0,,Flat,,,,,,Dark,418700,0,0,0,4,,,0,,,,,,Auckland Region,Motorway ramp,1-way,Sealed,,0,0,,80,,On,0,0,,76,Auckland,Nil,,,,,0,0,Open,0,,,Fine,Null
1756134.6866,5923906.0732,787666,,509800,0,,0,3,,South,2023/2024,NORTHERN MOTORWAY,WEIGH BRIDGE,,Minor Crash,Yes,2024,,South,,0,,Flat,,,,,,Dark,361200,1,0,0,5,,,0,,,,,,Auckland Region,Nil,1-way,Sealed,,0,0,,80,,On,0,0,,76,Auckland,Nil,,,,,0,0,Open,0,,,Fine,Null
1769955.5476,5905492.5114,787700,,523712,0,,0,1,,Null,2023/2024,GREENAN DRIVE,TIR CONAILL AVENUE,,Minor Crash,No,2023,,North,,0,,Flat,,Christmas New Year,,,,Overcast,713211,1,0,0,2,,,0,,,,,,Auckland Region,Nil,2-way,Sealed,,0,0,,50,,None,0,0,,76,Auckland,Give way,,,,,1,0,Urban,0,,,Fine,Null
1768150.5046,5907849.3835,787708,,523502,0,,0,1,,Null,2022/2023,EAST TAMAKI ROAD,PRESTON ROAD,,Non-Injury Crash,No,2023,,North,,0,,Flat,,,,,,Bright sun,703800,0,0,0,4,,,0,,,,,,Auckland Region,Nil,2-way,Sealed,,0,0,,60,,Off,0,0,,76,Auckland,Traffic Signals,,,,,1,0,Urban,0,,,Fine,Null
1754705.5575,5930663.1485,787716,,508520,0,,0,1,,South,2022/2023,NORTHERN MOTORWAY,UPPER HARBOUR HWY ON RAMP,,Non-Injury Crash,Yes,2023,,South,,0,,Hill Road,,,,,,Overcast,191104,0,0,0,2,,,0,,,,,,Auckland Region,Nil,1-way,Sealed,,0,0,,100,,Off,0,0,,76,Auckland,Nil,,,,,0,0,Open,1,,,Light rain,Null
1760006.0838,5924003.6356,787722,,509300,0,0,0,1,0,Null,2022/2023,LAKE ROAD,HANLON CRESCENT,,Non-Injury Crash,No,2023,0,South,0,0,0,Hill Road,0,,0,,0,Bright sun,340500,0,0,0,2,0,0,0,0,0,,0,1,Auckland Region,Nil,2-way,Sealed,0,0,0,0,50,0,Off,0,0,,76,Auckland,Stop,0,0,0,0,0,0,Urban,0,0,0,Light rain,Null
1750241.2113,5945696.8722,787724,,506001,0,0,0,1,0,Null,2023/2024,FORGE ROAD,FOUNDRY ROAD,,Non-Injury Crash,No,2023,0,North,0,0,0,Flat,0,,0,,1,Dark,175701,0,0,0,2,0,0,0,0,0,,0,0,Auckland Region,Nil,2-way,Sealed,0,0,0,0,50,0,On,0,0,,76,Auckland,Give way,0,0,0,0,0,0,Urban,0,0,0,Fine,Null
1757102.3402,5919100.7493,787739,,514301,0,,0,0,,North,2024/2025,SOUTHERN MOTORWAY,KHYBER PASS OBR,,Non-Injury Crash,Yes,2024,,North,,0,,Hill Road,,,,,,Overcast,441200,0,0,0,3,,,0,,,,,,Auckland Region,Nil,1-way,Sealed,,0,0,,80,,Off,0,0,,76,Auckland,Nil,,,,,0,0,Open,2,,,Fine,Null
1759651.2187,5909536.4244,787746,,524002,0,,0,2,,South,2023/2024,SOUTH-WESTERN MOTORWAY,HASTIE FTBR,,Minor Crash,Yes,2023,,South,,0,,Hill Road,,,,,,Twilight,724102,1,0,0,3,,,0,,,,,,Auckland Region,Nil,1-way,Sealed,,0,0,,100,,On,0,0,,76,Auckland,Nil,,,,,0,0,Open,0,,,Fine,Null
1746847.7865,5922537.8089,787747,,512201,1,,0,1,,Null,2024/2025,WHARF ROAD,TE ATATU ROAD,,Minor Crash,No,2025,,East,,0,,Flat,,,,,,Bright sun,245500,1,0,0,2,,,0,,,,,,Auckland Region,Nil,2-way,Sealed,,0,0,,50,,Off,0,0,,76,Auckland,Give way,,,,,0,0,Urban,0,,,Fine,Null
1768628.6708,5901127.2085,787754,,524901,0,,0,2,,Null,2022/2023,GREAT SOUTH ROAD,HILL ROAD,,Non-Injury Crash,No,2023,,South,,0,,Flat,,Queens Birthday,,,,Dark,756600,0,0,0,2,,,0,,,,,,Auckland Region,Nil,2-way,Sealed,,0,0,,50,,On,0,0,,76,Auckland,Traffic Signals,,,,,0,0,Urban,0,,,Light rain,Null
1759815.3796,5906923.9463,787756,,524111,0,,0,2,,Null,2024/2025,KILLINGTON CRESCENT,ORLY AVENUE,,Minor Crash,No,2025,,South,,0,,Flat,,,,,,Bright sun,740000,2,0,0,2,,,0,,,,,,Auckland Region,Nil,2-way,Sealed,,0,0,,30,,Off,0,0,,76,Auckland,Give way,,,,,0,0,Urban,0,,,Fine,Null
1735156.3446,5930406.8647,787770,25,505605,0,0,0,0,0,North,2022/2023,MATUA ROAD,SH 16,,Non-Injury Crash,No,2023,0,South,0,0,0,Flat,0,,0,,0,Twilight,215800,0,0,0,2,0,0,0,0,0,,0,0,Auckland Region,Nil,2-way,Sealed,0,0,0,0,80,0,Off,0,0,,76,Auckland,Nil,0,0,0,1,0,0,Open,1,0,0,Fine,Null
1752490.2854,5933330.2568,787772,,508701,0,,0,2,,Null,2024/2025,DAIRY FLAT HIGHWAY,MERCARI WAY,,Minor Crash,No,2025,,East,,0,,Hill Road,,,,,,Bright sun,178900,2,0,0,2,,,0,,,,,,Auckland Region,Nil,1-way,Sealed,,0,0,,80,,Off,0,0,,76,Auckland,Traffic Signals,,,,,0,0,Open,0,,,Fine,Null
1758753.8768,5904911.3248,787794,,524200,0,0,0,3,0,North,2023/2024,AIRPARK DRIVE,LANDING DRIVE,,Minor Crash,No,2023,0,South,0,0,0,Flat,0,,0,,0,Dark,726500,1,0,0,2,0,0,0,0,1,,0,0,Auckland Region,Nil,2-way,Sealed,0,0,0,0,50,0,On,0,0,,76,Auckland,Nil,0,0,0,0,0,0,Urban,1,0,0,Fine,Null
1766510.292,5900088.3202,787803,,524713,0,0,0,2,0,North,2024/2025,JOHN WALKER DRIVE,TAMWORTH CLOSE,,Non-Injury Crash,No,2024,0,North,0,0,0,Flat,0,,0,,0,Bright sun,775813,0,0,0,2,0,0,0,0,1,,0,0,Auckland Region,Nil,2-way,Sealed,0,0,0,0,50,0,Null,0,0,,76,Auckland,Nil,0,0,0,0,0,0,Urban,0,0,0,Fine,Null
1743261.8428,5931428.9418,787804,,506400,0,0,0,0,0,West,2024/2025,COATESVILLE-RIVERHEAD HIGHWAY,BARRETT ROAD,,Minor Crash,No,2025,0,West,1,0,0,Flat,0,,0,,0,Bright sun,216903,1,0,0,2,0,0,0,0,0,,0,0,Auckland Region,Nil,2-way,Unsealed,0,0,0,0,60,0,None,1,0,30,76,Auckland,Nil,0,0,0,0,0,0,Urban,0,0,0,Fine,Null
1766093.6435,5915975.2634,787842,,517100,0,,0,1,,Null,2023/2024,ERIMA AVENUE,TRIPOLI ROAD,,Minor Crash,No,2024,,South,,0,,Flat,,,,,,Bright sun,479200,1,0,0,3,,,0,,,,,,Auckland Region,Nil,2-way,Sealed,,0,0,,50,,Off,0,0,,76,Auckland,Give way,,,,,0,0,Urban,1,,,Fine,Null
1756032.112,5918233.3661,787844,,517500,1,,0,1,,Null,2024/2025,NEW NORTH ROAD,GEORGE STREET,,Serious Crash,No,2025,,West,,0,,Flat,,,,,,Bright sun,529500,0,0,0,2,,,0,,,,,,Auckland Region,Nil,2-way,Sealed,,0,1,,50,,Off,0,0,40,76,Auckland,Stop,,,,,0,0,Urban,0,,,Fine,Null