X,Y,OBJECTID,advisorySpeed,areaUnitID,bicycle,bridge,bus,carStationWagon,cliffBank,crashDirectionDescription,crashFinancialYear,crashLocation1,crashLocation2,crashRoadSideRoad,crashSeverity,crashSHDescription,crashYear,debris,directionRoleDescription,ditch,fatalCount,fence,flatHill,guardRail,holiday,houseOrBuilding,intersection,kerb,light,meshblockId,minorInjuryCount,moped,motorcycle,NumberOfLanes,objectThrownOrDropped,otherObject,otherVehicleType,overBank,parkedVehicle,pedestrian,phoneBoxEtc,postOrPole,region,roadCharacter,roadLane,roadSurface,roadworks,schoolBus,seriousInjuryCount,slipOrFlood,speedLimit,strayAnimal,streetLight,suv,taxi,temporarySpeedLimit,tlaId,tlaName,trafficControl,trafficIsland,trafficSign,train,tree,truck,unknownVehicleType,urban,vanOrUtility,vehicle,waterRiver,weatherA,weatherB
1752950.6331,5915812.2832,787850,,517903,0,0,0,1,0,North,2023/2024,GRANDE AVENUE,RICHARDSON ROAD,,Non-Injury Crash,No,2023,0,South,0,0,1,Hill Road,0,,0,,0,Bright sun,521200,0,0,0,2,0,0,0,0,0,,0,1,Auckland Region,Nil,2-way,Sealed,0,0,0,0,50,0,Off,0,0,,76,Auckland,Nil,0,0,0,0,0,0,Urban,0,0,0,Fine,Null
1758283.6684,5908969.2661,787858,,524001,0,0,0,1,0,South,2023/2024,WALLACE ROAD,WELLESLEY ROAD,,Non-Injury Crash,No,2023,0,North,0,0,1,Flat,0,,0,,0,Dark,725300,0,0,0,2,0,0,0,0,0,,0,0,Auckland Region,Nil,2-way,Sealed,0,0,0,0,50,0,On,0,0,,76,Auckland,Nil,0,0,0,0,0,0,Urban,0,0,0,Fine,Null
1758974.5045,5907227.655,787860,,524122,0,0,0,0,0,East,2024/2025,IDLEWILD AVENUE,KIRKBRIDE ROAD,,Non-Injury Crash,No,2024,0,West,0,0,0,Flat,0,,0,,0,Dark,739400,0,0,0,2,0,0,0,0,0,,0,1,Auckland Region,Nil,2-way,Unsealed,0,0,0,0,50,0,On,0,0,30,76,Auckland,Nil,0,0,0,0,1,0,Urban,0,0,0,Heavy rain,Null
1766390.5255,5906064.0289,787868,,522302,0,,0,1,,Null,2024/2025,ALEXANDER AVENUE,GREAT SOUTH ROAD,,Minor Crash,No,2024,,East,,0,,Flat,,,,,,Dark,669000,1,0,0,2,,,0,,,2,,,Auckland Region,Nil,2-way,Unsealed,,0,0,,50,,On,0,0,30,76,Auckland,Stop,,,,,0,0,Urban,0,,,Fine,Null
1745982.0569,5916453.5314,787876,,510800,0,0,0,1,0,East,2023/2024,LAVELLE ROAD,ROBERT BURKE PLACE,,Non-Injury Crash,No,2024,0,East,0,0,0,Hill Road,0,,0,,0,Bright sun,244200,0,0,0,2,0,0,0,0,1,,0,0,Auckland Region,Nil,2-way,Sealed,0,0,0,0,50,0,Off,0,0,,76,Auckland,Nil,0,0,0,0,1,0,Urban,0,0,0,Fine,Null
1765448.7149,5908695.1921,787884,,523403,0,0,0,0,0,South,2023/2024,WYMONDLEY ROAD,FIRTH CRESCENT,,Non-Injury Crash,No,2023,0,South,0,0,0,Flat,0,,0,,0,Bright sun,699900,0,0,0,2,0,0,0,0,1,,0,0,Auckland Region,Nil,2-way,Sealed,0,0,0,0,50,0,Off,1,0,,76,Auckland,Nil,0,0,0,0,1,0,Urban,0,0,0,Fine,None
1765268.1755,5915015.3033,787906,,520301,0,,0,1,,Null,2023/2024,PILKINGTON ROAD,GREEN ROAD,,Minor Crash,No,2024,,North,,0,,Flat,,,,,,Bright sun,628002,1,0,0,2,,,0,,,,,,Auckland Region,Nil,2-way,Sealed,,0,0,,50,,Off,1,0,,76,Auckland,Stop,,,,,0,0,Urban,0,,,Fine,Null
1757804.3279,5918172.3195,787915,,515700,0,,0,1,,East,2024/2025,SOUTHERN MOTORWAY,MOUNTAIN OBR,,Minor Crash,Yes,2025,,North,,0,,Flat,,,,,,Bright sun,443600,2,0,0,5,,,0,,,,,,Auckland Region,Motorway ramp,1-way,Sealed,,0,0,,80,,Off,1,0,,76,Auckland,Nil,,,,,0,0,Open,0,,,Fine,Null
1766699.5986,5905859.2073,787916,,522302,0,,0,1,,Null,2024/2025,GREAT SOUTH ROAD,ALLENBY ROAD,,Serious Crash,No,2024,,East,,0,,Flat,,,,,,Bright sun,669300,1,0,1,2,,,0,,,,,,Auckland Region,Nil,1-way,Sealed,,0,1,,50,,Off,0,0,,76,Auckland,Stop,,,,,0,0,Urban,0,,,Fine,Null
1755944.8541,5929514.0533,787923,,508510,0,0,0,0,0,West,2023/2024,HAVELOCK AVENUE,FORREST HILL ROAD,,Non-Injury Crash,No,2023,0,West,0,0,0,Flat,0,,0,,0,Bright sun,195500,0,0,0,2,0,0,0,0,1,,0,0,Auckland Region,Nil,2-way,Sealed,0,0,0,0,50,0,None,1,0,,76,Auckland,Nil,0,0,0,0,0,0,Urban,0,0,0,Fine,None
1770329.9986,5898065.2269,787924,,523920,0,,0,1,,North,2024/2025,SOUTHERN MOTORWAY,PAHUREHURE NO 1 BR,,Serious Crash,Yes,2024,,South,,0,,Flat,,Labour Weekend,,,,Bright sun,768009,0,0,1,3,,,0,,,,,,Auckland Region,Nil,1-way,Unsealed,,0,1,,100,,Off,0,0,,76,Auckland,Nil,,,,,0,0,Open,0,,,Fine,Null
1763020.7666,5912889.73,787931,,520500,0,,0,1,,West,2023/2024,SOUTHERN MOTORWAY,SEART OBR,,Non-Injury Crash,Yes,2024,,West,,0,,Flat,,,,,,Bright sun,637300,0,0,0,3,,,0,,,,,,Auckland Region,Nil,1-way,Sealed,,0,0,,100,,Off,0,0,,76,Auckland,Nil,,,,,0,1,Open,0,,,Fine,None
1765585.9103,5907011.7297,787932,,522301,0,,0,0,,North,2023/2024,EAST TAMAKI ROAD,GREAT SOUTH ROAD,,Non-Injury Crash,No,2024,,South,,0,,Flat,,Easter,,,,Bright sun,666200,0,0,0,4,,,0,,,,,,Auckland Region,Nil,2-way,Sealed,,0,0,,50,,Off,0,0,,76,Auckland,Nil,,,,,0,0,Urban,1,,,Fine,None
1757370.5405,5919843.1347,787939,,514103,0,,0,1,,South,2024/2025,WAKEFIELD STREET,ST PAUL STREET,,Minor Crash,No,2025,,East,,0,,Hill Road,,,,,,Overcast,436803,1,0,0,4,,,0,,,1,,,Auckland Region,Nil,2-way,Sealed,,0,0,,30,,Off,0,0,,76,Auckland,Nil,,,,,0,0,Urban,0,,,Fine,Null
1769494.7035,5914631.2406,787946,,522723,0,,0,0,,Null,2023/2024,PAKURANGA ROAD,PIGEON MOUNTAIN ROAD,,Non-Injury Crash,No,2023,,East,,0,,Flat,,,,,,Dark,681304,0,0,0,6,,,0,,,,,,Auckland Region,Nil,2-way,Sealed,,0,0,,50,,On,0,0,,76,Auckland,Traffic Signals,,,,,0,0,Urban,1,,,Fine,Null
1770326.9817,5909749.6264,787955,,523114,0,0,0,1,0,Null,2024/2025,KILKENNY DRIVE,CHAPEL ROAD,,Non-Injury Crash,No,2024,0,West,0,0,0,Flat,0,,0,,0,Overcast,712032,0,0,0,4,0,0,0,0,0,,0,0,Auckland Region,Nil,2-way,Sealed,0,0,0,0,60,0,On,0,0,,76,Auckland,Traffic Signals,0,0,0,0,0,0,Urban,1,1,0,Heavy rain,Null
1764778.8096,5909990.7552,787962,,521801,0,0,0,1,0,Null,2022/2023,AVENUE ROAD,WATER STREET,,Non-Injury Crash,No,2023,0,East,0,0,0,Flat,0,,0,,0,Dark,787603,0,0,0,2,0,0,0,0,0,,0,1,Auckland Region,Nil,2-way,Sealed,0,0,0,0,50,0,On,0,0,,76,Auckland,Stop,0,0,0,0,0,0,Urban,0,0,0,Light rain,Null
1745856.0686,5922480.4996,787963,,513530,0,0,0,1,1,Null,2024/2025,CLAVERDON DRIVE,SPARGO ROAD,,Non-Injury Crash,No,2024,0,North,0,0,0,Hill Road,0,,0,,0,Dark,226004,0,0,0,2,0,0,0,0,0,,0,0,Auckland Region,Nil,2-way,Sealed,0,0,0,0,50,0,On,0,0,,76,Auckland,Nil,0,0,0,0,0,0,Urban,0,0,0,Fine,Null
1763951.3218,5912274.5116,787964,,520500,0,0,0,1,0,Null,2024/2025,SYLVIA PARK ROAD,MOUNT WELLINGTON HIGHWAY,,Non-Injury Crash,No,2024,0,East,0,0,0,Flat,1,,0,,0,Dark,639500,0,0,0,4,0,0,0,0,0,,0,0,Auckland Region,Overpass,2-way,Sealed,0,0,0,0,50,0,On,0,0,,76,Auckland,Traffic Signals,0,0,0,0,0,0,Urban,0,0,0,Fine,Null
1751861.6294,5938419.4991,787988,,506300,0,0,0,1,0,South,2024/2025,WRIGHT ROAD,AWANOHI ROAD,,Non-Injury Crash,No,2024,0,West,0,0,1,Hill Road,0,,0,,0,Bright sun,176101,0,0,0,2,0,0,0,0,0,,0,0,Auckland Region,Nil,2-way,Sealed,0,0,0,0,60,0,None,0,0,,76,Auckland,Nil,0,0,0,1,0,0,Urban,0,0,0,Fine,Null
1752252.6996,5930473.8864,788018,,509100,0,,0,2,,South,2023/2024,ALBANY HIGHWAY,KORARI WAY,,Non-Injury Crash,No,2024,,South,,0,,Flat,,,,,,Bright sun,181004,0,0,0,3,,,0,,,,,,Auckland Region,Nil,2-way,Sealed,,0,0,,60,,Off,0,0,,76,Auckland,Nil,,,,,0,0,Urban,0,,,Fine,Null
1759243.546,5909585.1635,788026,,524002,0,,0,1,,Null,2023/2024,HASTIE AVENUE,CORONATION ROAD,,Serious Crash,No,2023,,West,,0,,Flat,,,,,,Bright sun,724300,0,0,0,2,,,0,,,1,,,Auckland Region,Nil,2-way,Sealed,,0,1,,50,,None,0,0,,76,Auckland,Give way,,,,,0,0,Urban,0,,,Fine,Null
1753713.3411,5932029.4103,788028,,508805,0,,0,1,,North,2024/2025,NORTHERN MOTORWAY,UPPER HARBOUR HIGHWAY,,Non-Injury Crash,Yes,2024,,South,,0,,Null,,,,,,Dark,180813,0,0,0,2,,,0,,,,,,Auckland Region,Nil,1-way,Sealed,,0,0,,100,,On,0,0,,76,Auckland,Nil,,,,,0,0,Open,1,,,Fine,Null
1753568.7404,5914363.8877,788034,,518801,0,,0,4,,South,2023/2024,MAIORO STREET OFF RAMP,MAIORO STREET,,Minor Crash,No,2024,,North,,0,,Hill Road,,,,,,Overcast,578400,2,0,0,2,,,0,,,,,,Auckland Region,Motorway ramp,1-way,Sealed,,0,0,,100,,Off,0,0,,76,Auckland,Nil,,,,,0,0,Open,0,,,Fine,Null
1744508.7279,5922536.4715,788042,,513530,0,,0,2,,Null,2023/2024,ROYAL ROAD,ROYAL ROAD ON RAMP,,Non-Injury Crash,No,2023,,West,,0,,Flat,,,,,,Dark,225802,0,0,0,3,,,0,,,,,,Auckland Region,Nil,2-way,Sealed,,0,0,,50,,On,0,0,,76,Auckland,Traffic Signals,,,,,0,0,Urban,0,,,Fine,Null
1765107.3895,5910020.4423,788059,,521803,0,,0,0,,South,2024/2025,SOUTHERN MOTORWAY,PRINCES ST-OTAHUHU ON RAMP,,Non-Injury Crash,Yes,2025,,South,,0,,Flat,,,,,,Overcast,788300,0,0,0,3,,,0,,,,,,Auckland Region,Nil,1-way,Sealed,,0,0,,100,,Off,0,0,,76,Auckland,Nil,,,,,0,0,Open,2,,,Fine,Null
1769428.3006,5882356.7037,788060,,525910,0,0,0,0,0,Null,2024/2025,CAPE HILL ROAD,CAPE VISTA CRESCENT,,Minor Crash,No,2025,0,East,0,0,1,Hill Road,0,,1,,1,Bright sun,816511,1,0,0,2,0,0,0,0,0,,0,0,Auckland Region,Nil,2-way,Sealed,0,0,0,0,50,0,Off,1,0,,76,Auckland,Give way,0,1,0,0,0,0,Urban,0,0,0,Fine,Null
1748933.7111,5970749.0589,788067,,505500,0,,0,0,,Null,2024/2025,SANDSPIT ROAD,ELIZABETH STREET,,Non-Injury Crash,No,2024,,West,,0,,Flat,,,,,,Bright sun,140300,0,0,1,3,,,0,,,,,,Auckland Region,Nil,2-way,Sealed,,0,0,,50,,Off,0,0,,76,Auckland,Give way,,,,,0,0,Urban,1,,,Fine,Null
1768523.4208,5879042.6089,788068,,525922,0,0,0,2,0,South,2024/2025,UPPER QUEEN STREET,LYNLEY TERRACE,,Non-Injury Crash,No,2024,0,North,0,0,0,Null,0,,0,,0,Unknown,822800,0,0,0,0,0,0,0,0,0,,0,0,Auckland Region,Nil,Null,Null,0,0,0,0,,0,Null,0,0,,76,Auckland,Nil,0,0,0,0,0,0,Urban,0,1,0,Null,Null
1756672.1644,5918524.3437,788082,,515600,0,0,0,1,0,Null,2023/2024,NEW NORTH ROAD,RENDALL PLACE,,Minor Crash,No,2023,0,North,0,0,0,Flat,0,,0,,0,Dark,421000,1,0,0,2,0,0,0,0,0,,0,1,Auckland Region,Nil,2-way,Sealed,0,0,0,0,50,0,On,0,0,,76,Auckland,Stop,0,0,0,0,0,0,Urban,0,0,0,Fine,Null
1779621.6081,5904951.6988,788090,,525201,0,,0,1,,West,2024/2025,TWILIGHT ROAD,NORTH ROAD,,Minor Crash,No,2024,,South,,0,,Hill Road,,,,,,Bright sun,762000,1,0,0,2,,,0,,,,,,Auckland Region,Nil,2-way,Sealed,,0,0,,60,,None,0,0,,76,Auckland,Nil,,,,,0,0,Urban,1,,,Fine,Null
1758896.7521,5917161.9707,788091,,516001,0,,0,1,,South,2025/2026,SOUTHERN MOTORWAY,DILWORTH FTBR,,Minor Crash,Yes,2025,,South,,0,,Flat,,,,,,Twilight,491200,3,0,0,4,,,0,,,,,,Auckland Region,Nil,1-way,Sealed,,0,0,,80,,Off,0,0,,76,Auckland,Nil,,,,,1,0,Open,0,,,Light rain,Strong wind
1728344.071,5941383.722,788092,,506644,0,0,0,1,0,South,2023/2024,PARKHURST ROAD,WAIWERA AVENUE,,Non-Injury Crash,No,2023,0,North,0,0,0,Flat,0,,0,,0,Twilight,211005,0,0,0,2,0,0,0,0,0,,0,0,Auckland Region,Bridge,2-way,Sealed,0,0,0,0,50,0,None,0,0,,76,Auckland,Nil,0,0,0,1,0,0,Urban,0,0,0,Fine,Null
1766010.8794,5914795.7447,788098,,520601,0,,0,0,,North,2023/2024,CORAL CRESCENT,MATAPAN ROAD,,Minor Crash,No,2023,,South,,0,,Flat,,,,,,Overcast,632900,1,0,0,2,,,0,,,1,,,Auckland Region,Nil,2-way,Sealed,,0,0,,50,,Off,1,0,,76,Auckland,Nil,,,,,0,0,Urban,0,,,Fine,Null
1757133.8139,5920715.7598,788099,,514102,0,,1,1,,Null,2025/2026,HOBSON STREET,WYNDHAM STREET,,Non-Injury Crash,No,2025,,West,,0,,Null,,,,,,Unknown,433401,0,0,0,4,,,0,,,,,,Auckland Region,Nil,2-way,Null,,0,0,,,,Null,0,0,,76,Auckland,Traffic Signals,,,,,0,0,Urban,0,,,Null,Null
1755558.0169,5944373.8833,788100,,505908,0,0,0,1,0,West,2023/2024,MATAI ROAD,PENTON ROAD,,Non-Injury Crash,No,2024,0,South,0,0,0,Hill Road,0,,0,,0,Overcast,173604,0,0,0,2,0,0,0,0,1,,0,0,Auckland Region,Nil,2-way,Sealed,0,0,0,0,50,0,Off,1,0,,76,Auckland,Nil,0,0,0,0,0,0,Urban,0,0,0,Fine,Null
1740332.2759,5984930.6606,788124,,506660,0,0,0,1,1,North,2023/2024,WAITEITEI ROAD,FARMERS LIME ROAD,,Non-Injury Crash,No,2024,0,South,0,0,0,Hill Road,0,,0,,0,Overcast,136301,0,0,0,2,0,0,0,0,0,,0,0,Auckland Region,Nil,2-way,Sealed,0,0,0,0,100,0,None,0,0,,76,Auckland,Nil,0,0,0,0,0,0,Open,0,0,0,Light rain,Null
1771226.7013,5901457.9341,788148,,523813,0,,0,0,,South,2022/2023,ALFRISTON ROAD,RANFURLY ROAD,,Non-Injury Crash,No,2023,,West,,0,,Flat,,,,,,Overcast,759800,0,0,0,2,,,0,,,,,,Auckland Region,Nil,2-way,Sealed,,0,0,,80,,None,0,0,,76,Auckland,Nil,,,,,1,0,Open,0,,,Light rain,Null
1753408.1365,5919217.286,788156,,515100,0,,0,0,,South,2023/2024,OLD MILL ROAD,SAVAGE STREET,,Minor Crash,No,2023,,South,,0,,Hill Road,,,,,,Bright sun,398100,1,0,0,2,,,0,,,,,,Auckland Region,Nil,2-way,Sealed,,0,0,,50,,Off,1,0,,76,Auckland,Nil,,,,,0,0,Urban,1,,,Fine,Null
1760522.6248,5917747.6189,788163,,516201,0,,0,2,,West,2025/2026,COMBES ROAD,MAHOE AVENUE,,Serious Crash,No,2025,,West,,0,,Hill Road,,,,,,Twilight,486200,1,0,0,2,,,0,,,,,,Auckland Region,Nil,2-way,Sealed,,0,1,,50,,Off,0,0,,76,Auckland,Nil,,,,,0,0,Urban,0,,,Fine,Null
1783914.1946,5909311.1834,788172,,525201,0,0,0,1,0,North,2023/2024,NORTH ROAD,WHEELER RISE,,Minor Crash,No,2024,0,North,0,0,0,Flat,1,,0,,0,Overcast,762700,1,0,0,2,0,0,0,0,0,,0,0,Auckland Region,Nil,2-way,Sealed,0,0,0,0,80,0,None,0,0,,76,Auckland,Nil,0,0,0,0,0,0,Open,0,0,0,Light rain,Null
1750195.3732,5946800.6905,788204,,505806,0,,0,1,,Null,2023/2024,MILLWATER PARKWAY,SILVERDALE STREET,,Non-Injury Crash,No,2023,,West,,0,,Flat,,,,,,Overcast,176504,0,0,0,2,,,0,,,,,,Auckland Region,Nil,1-way,Sealed,,0,0,,50,,Off,1,0,,76,Auckland,Give way,,,,,0,0,Urban,0,,,Fine,Null
1752534.3454,5918394.2471,788211,,515002,0,,0,2,,Null,2024/2025,KIWI ROAD,TUI STREET,,Minor Crash,No,2024,,North,,0,,Flat,,,,,,Overcast,396500,1,0,0,2,,,0,,,,,,Auckland Region,Nil,2-way,Sealed,,0,0,,50,,Off,0,0,,76,Auckland,Stop,,,,,0,0,Urban,0,,,Fine,Null
1770769.8259,5897185.2206,788220,,523912,0,,0,1,,North,2023/2024,SOUTHERN MOTORWAY,PAHUREHURE NO 2 BR,,Non-Injury Crash,Yes,2023,,North,,0,,Flat,,,,,,Twilight,767803,0,0,0,3,,,0,,,,,,Auckland Region,Nil,1-way,Sealed,,0,0,,100,,On,0,0,,76,Auckland,Nil,,,,,1,0,Open,0,,,Fine,Null
1758965.4532,5904001.406,788226,,524200,0,,0,2,,South,2023/2024,GEORGE BOLT MEMORIAL DRIVE,JOSEPH HAMMOND PLACE,,Non-Injury Crash,No,2024,,North,,0,,Flat,,Easter,,,,Twilight,727100,0,0,0,2,,,0,,,,,,Auckland Region,Nil,1-way,Sealed,,0,0,,50,,On,0,0,,76,Auckland,Nil,,,,,0,0,Urban,0,,,Fine,Null
1754213.5417,5933861.0652,788235,,508804,0,,0,2,,Null,2023/2024,GREVILLE ROAD,HAURAKI CRESCENT,,Non-Injury Crash,No,2024,,North,,0,,Hill Road,,,,,,Overcast,180611,0,0,0,2,,,0,,,,,,Auckland Region,Nil,2-way,Sealed,,0,0,,50,,Null,0,0,,76,Auckland,Give way,,,,,0,0,Urban,0,,,Light rain,Null
1770093.6426,5915674.7217,788236,,522711,0,0,0,1,0,Null,2023/2024,BUCKLANDS BEACH ROAD,GILLS ROAD,,Non-Injury Crash,No,2024,0,North,0,0,0,Flat,0,,0,,0,Overcast,679309,0,0,0,2,0,0,0,0,0,,0,0,Auckland Region,Nil,2-way,Sealed,0,0,0,0,50,0,Off,0,0,,76,Auckland,Give way,1,0,0,0,0,0,Urban,0,0,0,Light rain,Null
1752506.1573,5918876.3425,788242,,515002,0,0,0,2,0,South,2024/2025,MOA ROAD,DE LUEN STREET,,Minor Crash,No,2024,0,South,0,0,0,Flat,0,,0,,0,Bright sun,396100,1,0,0,2,0,0,0,0,1,,0,0,Auckland Region,Nil,2-way,Sealed,0,0,0,0,50,0,Off,0,0,,76,Auckland,Nil,0,0,0,0,0,0,Urban,0,0,0,Fine,Null
1765400.8816,5909107.541,788260,,523402,0,,0,2,,South,2023/2024,SOUTHERN MOTORWAY,HIGHBROOK DRIVE OFF RAMP,,Non-Injury Crash,Yes,2023,,South,,0,,Flat,,,,,,Dark,696900,0,0,0,3,,,0,,,,,,Auckland Region,Nil,1-way,Sealed,,0,0,,100,,On,0,0,,76,Auckland,Nil,,,,,0,0,Open,0,,,Fine,Null
1756768.1194,5920596.5464,788267,,514102,0,,0,1,,North,2024/2025,HARDINGE STREET,VICTORIA STREET WEST,,Non-Injury Crash,No,2024,,East,,0,,Null,,,,,,Unknown,432604,0,0,0,2,,,0,,,,,,Auckland Region,Nil,2-way,Sealed,,0,0,,30,,Null,0,0,,76,Auckland,Nil,,,,,0,0,Urban,0,,,Null,Null
1752572.6722,5914164.4451,788268,,514500,0,,0,2,,South,2023/2024,NEW WINDSOR ROAD,DICKEY STREET,,Non-Injury Crash,No,2023,,North,,0,,Flat,,,,,,Twilight,375100,0,0,0,5,,,0,,,,,,Auckland Region,Nil,2-way,Sealed,,0,0,,50,,On,0,0,,76,Auckland,Nil,,,,,0,0,Urban,0,,,Fine,Null
1746685.343,5911489.0325,788283,,512600,0,,0,1,,East,2024/2025,WIRIHANA ROAD,KAURIMU RISE,,Minor Crash,No,2025,,South,,0,,Hill Road,,,,,,Overcast,298905,1,0,1,2,,,0,,,,,,Auckland Region,Nil,2-way,Sealed,,0,0,,30,,None,0,0,,76,Auckland,Nil,,,,,0,0,Urban,0,,,Fine,Null
1747023.1154,5922354.8924,788300,,512201,0,0,0,1,0,Null,2023/2024,TE ATATU ROAD,KERVIL AVENUE,,Non-Injury Crash,No,2023,0,North,0,0,0,Flat,0,,0,,0,Dark,247400,0,0,0,2,0,0,0,0,1,,0,0,Auckland Region,Nil,2-way,Sealed,0,0,0,0,50,0,On,0,0,,76,Auckland,Give way,0,0,0,0,0,0,Urban,0,0,0,Fine,Null
1755046.533,5918298.1194,788308,,515500,0,,0,2,,East,2023/2024,NORTH-WESTERN MOTORWAY,MOUNTAIN VIEW OBR,,Minor Crash,Yes,2024,,East,,0,,Flat,,,,,,Bright sun,418800,1,0,0,5,,,0,,,,,,Auckland Region,Nil,1-way,Sealed,,0,0,,80,,Off,0,0,,76,Auckland,Nil,,,,,0,0,Open,0,,,Fine,Null
1732071.1223,5925993.2215,788315,,506652,0,0,0,1,1,East,2024/2025,CABLE ROAD,VALLEY ROAD,,Minor Crash,No,2025,0,East,0,0,0,Hill Road,0,,0,,0,Dark,218602,3,0,0,2,0,0,0,0,0,,0,0,Auckland Region,Nil,2-way,Unsealed,0,0,0,0,60,0,None,0,0,,76,Auckland,Nil,0,0,0,0,0,0,Urban,0,0,0,Fine,Null
1756526.9239,5919974.7691,788316,,514000,0,,0,1,,North,2023/2024,NORTHERN MOTORWAY,WELLINGTON OBR,,Non-Injury Crash,Yes,2023,,North,,0,,Flat,,,,,,Dark,417400,0,0,0,3,,,0,,,,,,Auckland Region,Motorway ramp,1-way,Sealed,,0,0,,80,,On,1,0,,76,Auckland,Nil,,,,,0,0,Open,0,,,Fine,Null
1727943.1093,5922972.6394,788338,,506655,0,,0,1,,North,2022/2023,OAIA ROAD,WAITEA ROAD,,Non-Injury Crash,No,2023,,South,,0,,Hill Road,,Queens Birthday,,,,Dark,218701,0,0,0,2,,,0,,,,,,Auckland Region,Nil,2-way,Sealed,,0,0,,50,,None,0,0,,76,Auckland,Nil,,,,,0,0,Urban,0,,,Light rain,Null
1773770.3408,5895978.8015,788363,,525510,0,,0,1,,West,2024/2025,SETTLEMENT ROAD,LAURIE AVENUE,,Serious Crash,No,2025,,East,,0,,Flat,,,,,,Dark,800600,0,1,0,2,,,0,,,,,,Auckland Region,Nil,2-way,Sealed,,0,1,,50,,On,0,0,,76,Auckland,Nil,,,,,0,0,Urban,0,,,Fine,Null
1757676.5835,5919083.8047,788379,,514302,0,0,0,1,0,Null,2024/2025,PARK AVENUE,PARK ROAD,,Non-Injury Crash,No,2024,0,East,0,0,0,Flat,0,,0,,0,Overcast,443000,0,0,0,2,0,0,0,0,0,,0,1,Auckland Region,Nil,2-way,Sealed,0,0,0,0,50,0,Off,0,0,,76,Auckland,Stop,0,0,0,0,0,0,Urban,0,0,0,Fine,Null
1762551.6496,5909297.305,788380,,524402,0,,0,1,,Null,2023/2024,JAMES FLETCHER DRIVE,BEACH ROAD,,Non-Injury Crash,No,2023,,East,,0,,Flat,,,,,,Bright sun,749700,0,0,0,3,,,0,,,,,,Auckland Region,Nil,2-way,Sealed,,0,0,,50,,Off,0,0,,76,Auckland,Traffic Signals,,,,,0,0,Urban,1,,,Fine,None
1758541.7253,5904467.1954,788386,55,524200,0,,0,2,,North,2022/2023,MAURICE WILSON AVENUE,IHUMATAO ROAD,,Non-Injury Crash,No,2023,,South,,0,,Flat,,,,,,Dark,727000,0,0,0,2,,,0,,,,,,Auckland Region,Nil,2-way,Sealed,,0,0,,60,,None,0,0,,76,Auckland,Nil,,,,,0,0,Urban,0,,,Fine,None
1763483.7853,5906450.4701,788387,,524301,0,,0,1,,Null,2025/2026,BUCKLAND ROAD,FRANKLIN AVENUE,,Minor Crash,No,2025,,West,,0,,Flat,,,,,,Twilight,656900,1,0,0,2,,,0,,,2,,,Auckland Region,Nil,2-way,Sealed,,0,0,,50,,On,0,0,30,76,Auckland,Give way,,,,,0,0,Urban,0,,,Fine,Null
1772578.3016,5896595.7719,788396,,525420,0,0,0,1,0,Null,2024/2025,GREAT SOUTH ROAD,QUEEN STREET,,Serious Crash,No,2024,0,South,0,0,0,Flat,0,,0,,1,Overcast,791300,0,0,0,3,0,0,0,0,0,,0,0,Auckland Region,Nil,2-way,Sealed,0,0,1,0,50,0,Off,0,0,,76,Auckland,Traffic Signals,0,1,0,0,0,0,Urban,0,0,0,Light rain,Null
1749018.7744,5950392.2318,788403,,506202,0,0,0,1,0,North,2024/2025,NORTHERN GATEWAY TOLL ROAD,TOLL GANTRY,,Non-Injury Crash,Yes,2025,0,North,0,0,0,Flat,1,,0,,0,Dark,176411,0,0,0,2,0,0,0,0,0,,0,0,Auckland Region,Nil,1-way,Sealed,0,0,0,1,100,0,On,0,0,,76,Auckland,Nil,0,0,0,0,0,0,Open,0,0,0,Heavy rain,Null
1769318.2947,5905662.0644,788411,,523712,0,0,0,2,0,North,2024/2025,CHAPEL ROAD,DAWSON ROAD,,Non-Injury Crash,No,2024,0,North,0,0,0,Flat,0,,0,,0,Bright sun,713016,0,0,0,2,0,0,0,0,1,,0,0,Auckland Region,Nil,2-way,Sealed,0,0,0,0,50,0,Off,0,0,,76,Auckland,Nil,0,0,0,0,0,0,Urban,0,0,0,Fine,None
1753323.3633,5912844.0218,788412,15,518901,0,0,0,2,0,Null,2023/2024,WHITE SWAN ROAD,MARSHALL LAING AVENUE,,Non-Injury Crash,No,2024,0,South,0,0,0,Flat,0,,0,,0,Bright sun,585700,0,0,0,2,0,0,0,0,1,,0,0,Auckland Region,Nil,2-way,Sealed,0,0,0,0,50,0,None,0,0,,76,Auckland,Stop,0,0,0,0,0,0,Urban,0,0,0,Fine,None
1756083.0089,5928610.5819,788418,,507900,0,0,0,1,0,North,2023/2024,FORREST HILL ROAD,CURREY CRESCENT,,Non-Injury Crash,No,2024,0,South,0,0,0,Hill Road,0,,0,,1,Dark,306700,0,0,0,2,0,0,0,0,0,,0,0,Auckland Region,Nil,2-way,Sealed,0,0,0,0,50,0,On,0,0,,76,Auckland,Nil,0,0,0,0,0,0,Urban,0,0,0,Fine,Null