X,Y,OBJECTID,advisorySpeed,areaUnitID,bicycle,bridge,bus,carStationWagon,cliffBank,crashDirectionDescription,crashFinancialYear,crashLocation1,crashLocation2,crashRoadSideRoad,crashSeverity,crashSHDescription,crashYear,debris,directionRoleDescription,ditch,fatalCount,fence,flatHill,guardRail,holiday,houseOrBuilding,intersection,kerb,light,meshblockId,minorInjuryCount,moped,motorcycle,NumberOfLanes,objectThrownOrDropped,otherObject,otherVehicleType,overBank,parkedVehicle,pedestrian,phoneBoxEtc,postOrPole,region,roadCharacter,roadLane,roadSurface,roadworks,schoolBus,seriousInjuryCount,slipOrFlood,speedLimit,strayAnimal,streetLight,suv,taxi,temporarySpeedLimit,tlaId,tlaName,trafficControl,trafficIsland,trafficSign,train,tree,truck,unknownVehicleType,urban,vanOrUtility,vehicle,waterRiver,weatherA,weatherB
1784373.6324,5890603.9834,788426,,521132,0,0,0,1,0,North,2024/2025,GELLING ROAD,ALDRIDGE ROAD,,Serious Crash,No,2024,0,West,1,0,1,Hill Road,0,,0,,0,Twilight,815900,0,0,0,2,0,0,0,0,0,,0,0,Auckland Region,Nil,2-way,Unsealed,0,0,1,0,80,0,None,0,0,30,76,Auckland,Nil,0,0,0,0,0,0,Open,0,0,0,Fine,Null
1768793.3098,5901191.0922,788428,,524901,0,,0,2,,East,2024/2025,HILL ROAD,NEWHOOK LANE,,Minor Crash,No,2024,,East,,0,,Flat,,,,,,Bright sun,756600,1,0,0,2,,,0,,,,,,Auckland Region,Nil,2-way,Sealed,,0,0,,50,,Off,0,0,,76,Auckland,Nil,,,,,0,0,Urban,0,,,Fine,Null
1750320.5678,5914379.7017,788436,,511303,0,,0,0,,South,2023/2024,GREAT NORTH ROAD,CRUM AVENUE,,Non-Injury Crash,No,2024,,North,,0,,Flat,,,,,,Bright sun,265800,0,0,0,4,,,0,,,,,,Auckland Region,Nil,2-way,Sealed,,0,0,,50,,Off,2,0,,76,Auckland,Nil,,,,,0,0,Urban,0,,,Fine,Null
1758490.8757,5912143.9016,788459,,519810,0,,0,1,,Null,2024/2025,CHURCH STREET,QUADRANT ROAD,,Minor Crash,No,2025,,East,,0,,Flat,,,,,,Bright sun,601400,1,0,0,2,,,0,,,,,,Auckland Region,Nil,2-way,Sealed,,0,0,,50,,Null,0,0,,76,Auckland,Stop,,,,,0,0,Urban,1,,,Fine,Null
1748809.7498,5946494.8879,788467,,505806,0,0,0,2,0,Null,2024/2025,HIGHGATE PARKWAY,WATERLOO ROAD,,Non-Injury Crash,No,2024,0,South,0,0,0,Flat,1,,0,,0,Dark,176604,0,0,0,2,0,0,0,0,0,,0,0,Auckland Region,Nil,2-way,Sealed,0,0,0,0,50,0,On,0,0,,76,Auckland,Give way,0,0,0,0,0,0,Urban,0,0,0,Fine,Null
1754002.4499,5945376.3149,788474,,505909,0,,0,2,,South,2024/2025,WHANGAPARAOA ROAD,D'OYLY DRIVE,,Minor Crash,No,2025,,East,,0,,Flat,,,,,,Bright sun,173807,1,0,0,2,,,0,,,,,,Auckland Region,Nil,2-way,Sealed,,0,0,,50,,Off,0,0,,76,Auckland,Nil,,,,,0,0,Urban,1,,,Fine,Null
1737560.3738,5932386.4133,788482,45,506653,0,,0,0,,East,2024/2025,OLD NORTH ROAD,ARARIMU VALLEY ROAD,,Serious Crash,No,2025,,South,,0,,Flat,,,,,,Dark,217000,1,0,0,2,,,0,,,,,,Auckland Region,Nil,2-way,Sealed,,0,1,,80,,None,1,0,,76,Auckland,Nil,,,,,0,0,Open,1,,,Fine,Null
1754711.6342,5915685.18,788492,,517702,0,,0,1,,Null,2024/2025,SANDRINGHAM ROAD,KITCHENER ROAD,,Serious Crash,No,2025,,East,,0,,Flat,,,,,,Dark,540900,0,0,0,2,,,0,,,1,,,Auckland Region,Nil,2-way,Sealed,,0,1,,50,,On,0,0,,76,Auckland,Give way,,,,,0,0,Urban,0,,,Mist or Fog,Null
1769638.9163,5901823.2243,788499,,523814,0,0,0,2,0,Null,2023/2024,WHITBOURNE HEIGHTS,HILL ROAD,,Non-Injury Crash,No,2024,0,West,0,0,0,Flat,0,,0,,0,Bright sun,759507,0,0,0,1,0,0,0,0,0,,0,1,Auckland Region,Motorway ramp,1-way,Sealed,0,0,0,0,50,0,Off,0,0,30,76,Auckland,Give way,0,1,0,0,0,0,Urban,0,0,0,Fine,Frost
1754138.4048,5924817.3879,788500,,510500,0,,0,1,,East,2024/2025,ONEWA ROAD,BIRKENHEAD AVENUE,,Serious Crash,No,2025,,East,,0,,Hill Road,,Easter,,,,Overcast,355800,0,0,0,4,,,0,,,1,,,Auckland Region,Nil,2-way,Sealed,,0,1,,50,,Off,0,0,,76,Auckland,Nil,,,,,0,0,Urban,0,,,Fine,Null
1755519.7748,5924674.1327,788508,,509800,0,,0,1,,Null,2024/2025,ONEWA ROAD,LAKE ROAD,,Non-Injury Crash,No,2024,,East,,0,,Flat,,,,,,Overcast,360200,0,0,0,4,,,0,,,,,,Auckland Region,Nil,2-way,Sealed,,0,0,,50,,Off,0,0,,76,Auckland,Traffic Signals,,,,,0,0,Urban,1,,,Light rain,Null
1757187.4249,5919021.9368,788523,,514301,0,,0,2,,South,2024/2025,SOUTHERN MOTORWAY,SOUTHERN TO NORTH-WESTERN LINK,,Minor Crash,Yes,2025,,North,,0,,Hill Road,,,,,,Bright sun,441200,3,0,0,3,,,0,,,,,,Auckland Region,Nil,1-way,Sealed,,0,0,,80,,Off,0,0,,76,Auckland,Nil,,,,,0,0,Open,1,,,Fine,Null
1759167.9882,5925279.272,788530,,508110,0,0,0,2,0,South,2023/2024,CORONATION STREET,EVERSLEIGH ROAD,,Non-Injury Crash,No,2024,0,North,0,0,0,Flat,0,Queens Birthday,0,,0,Dark,320600,0,0,0,2,0,0,0,0,1,,0,0,Auckland Region,Nil,2-way,Sealed,0,0,0,0,50,0,On,0,0,,76,Auckland,Nil,0,0,0,0,0,0,Urban,0,0,0,Fine,Null
1760522.8341,5905797.0735,788539,,524200,0,,0,1,,South,2023/2024,CROSSANDRA DRIVE,CYCLAMEN ROAD,,Non-Injury Crash,No,2024,,South,,0,,Flat,,,,,,Twilight,728619,0,0,0,2,,,0,,,,,,Auckland Region,Nil,2-way,Sealed,,0,0,,50,,Off,0,0,,76,Auckland,Nil,,,,,0,0,Urban,1,,,Fine,Null
1759218.4263,5977644.7685,788540,,506658,0,0,0,1,0,South,2024/2025,OMAHA DRIVE,NORTH WEST ANCHORAGE,,Minor Crash,No,2024,0,South,0,0,0,Flat,0,,0,,0,Overcast,138815,1,0,0,2,0,0,0,0,1,,0,0,Auckland Region,Nil,1-way,Sealed,0,0,0,0,50,0,Off,1,0,,76,Auckland,Nil,0,0,0,0,0,0,Urban,0,0,0,Fine,Null
1761195.1539,5913101.1568,788546,,519500,0,,0,1,,Null,2023/2024,MAURICE ROAD,STATION ROAD,,Non-Injury Crash,No,2023,,North,,0,,Flat,,,,,,Overcast,621700,0,0,0,3,,,0,,,,,,Auckland Region,Rail xing,2-way,Sealed,,0,0,,50,,Off,0,0,,76,Auckland,Give way,,,,,0,0,Urban,1,,,Light rain,Null
1765021.6865,5904736.5048,788548,,522100,0,,0,1,,South,2024/2025,KENDERDINE ROAD,MILAN ROAD,,Non-Injury Crash,No,2024,,South,,0,,Flat,,,,,,Bright sun,660300,0,0,0,2,,,0,,,,,,Auckland Region,Nil,2-way,Sealed,,0,0,,50,,None,1,0,,76,Auckland,Nil,,,,,0,0,Urban,0,,,Fine,None
1764816.7805,5911121.4809,788562,,520500,0,,0,1,,North,2023/2024,SOUTHERN MOTORWAY,PRINCES ST-OTAHUHU ON RAMP,,Non-Injury Crash,Yes,2023,,North,,0,,Hill Road,,,,,,Overcast,636300,0,0,0,3,,,0,,,,,,Auckland Region,Nil,1-way,Sealed,,0,0,,100,,Off,0,0,,76,Auckland,Nil,,,,,1,0,Open,0,,,Fine,Null
1762405.5006,5913289.8667,788571,,520402,0,0,0,1,0,South,2024/2025,SOUTHERN MOTORWAY,PENROSE OBR,,Non-Injury Crash,Yes,2024,0,South,0,0,0,Flat,0,,0,,0,Overcast,642200,0,0,0,3,0,0,0,0,1,,0,0,Auckland Region,Nil,1-way,Sealed,0,0,0,0,100,0,Off,0,0,,76,Auckland,Nil,0,0,0,0,0,0,Open,0,0,0,Fine,Null
1745616.8604,5912515.582,788586,,511001,0,0,0,2,0,North,2024/2025,GLENGARRY ROAD,PHILLIP AVENUE,,Minor Crash,No,2025,0,South,0,0,0,Flat,0,,0,,1,Dark,282900,1,0,0,2,0,0,0,0,1,,0,0,Auckland Region,Nil,2-way,Sealed,0,0,0,0,50,0,On,0,0,,76,Auckland,Nil,0,0,0,0,0,0,Urban,0,0,0,Fine,Null
1735655.84,5929918.7295,788604,,505605,0,,0,0,,East,2024/2025,SH 16,MATUA ROAD,,Minor Crash,Yes,2024,,East,,0,,Flat,,,,,,Bright sun,215800,1,0,0,2,,,0,,,,,,Auckland Region,Nil,2-way,Sealed,,0,0,,80,,Off,1,0,,76,Auckland,Nil,,,,,0,0,Open,1,,,Fine,Null
1743779.8246,5921127.0865,788620,,513631,0,0,0,1,0,West,2024/2025,WAIMUMU ROAD,LINCOLN PARK AVENUE,,Non-Injury Crash,No,2024,0,East,0,0,0,Hill Road,0,,0,,0,Bright sun,227305,0,0,0,2,0,0,0,0,1,,0,0,Auckland Region,Nil,2-way,Sealed,0,0,0,0,50,0,Off,0,0,,76,Auckland,Nil,0,0,0,0,1,0,Urban,0,0,0,Fine,Null
1751549.1644,5912355.853,788627,,514700,0,,0,1,,Null,2024/2025,BLOCKHOUSE BAY ROAD,HEAPHY STREET,,Non-Injury Crash,No,2024,,South,,0,,Flat,,,,,,Overcast,369900,0,0,0,2,,,0,,,,,,Auckland Region,Nil,2-way,Sealed,,0,0,,50,,Off,0,0,,76,Auckland,Give way,,,,,0,1,Urban,0,,,Light rain,None
1755736.4161,5929346.1145,788635,,508510,0,,0,1,,Null,2024/2025,BECROFT DRIVE,HAVELOCK AVENUE,,Non-Injury Crash,No,2025,,South,,0,,Null,,,,,,Unknown,194100,0,0,0,2,,,0,,,,,,Auckland Region,Nil,2-way,Sealed,,0,0,,50,,Null,0,0,,76,Auckland,Give way,,,,,0,1,Urban,0,,,Light rain,Null
1754325.2091,5916756.5036,788650,,517600,0,,0,2,,Null,2022/2023,ST LUKES ROAD,MORNINGSIDE DRIVE,,Non-Injury Crash,No,2023,,South,,0,,Flat,,Easter,,,,Dark,535300,0,0,0,3,,,0,,,,,,Auckland Region,Nil,2-way,Sealed,,0,0,,50,,On,0,0,30,76,Auckland,Traffic Signals,,,,,0,0,Urban,0,,,Fine,Null
1749317.3287,5944543.756,788660,,506003,0,0,0,0,0,South,2023/2024,EAST COAST ROAD,NEWMAN ROAD,,Non-Injury Crash,No,2024,0,North,0,0,0,Hill Road,0,,0,,0,Overcast,175702,0,0,0,2,0,0,0,0,0,,0,0,Auckland Region,Nil,2-way,Sealed,0,0,0,0,80,0,Off,0,0,,76,Auckland,Nil,0,0,0,1,1,0,Open,0,0,0,Heavy rain,Strong wind
1765632.8499,5908848.6123,788666,,523402,0,,0,2,,Null,2022/2023,HIGHBROOK DRIVE,HELLABYS ROAD,,Non-Injury Crash,No,2023,,West,,0,,Flat,,,,,,Overcast,696900,0,0,0,2,,,0,,,,,,Auckland Region,Nil,1-way,Sealed,,0,0,,50,,Off,0,0,,76,Auckland,Give way,,,,,0,0,Urban,0,,,Light rain,Null
1769192.5675,5905169.9954,788667,,523712,0,,0,2,,Null,2024/2025,MATTHEWS ROAD,ASPIRING AVENUE,,Non-Injury Crash,No,2024,,South,,0,,Hill Road,,,,,,Bright sun,716206,0,0,0,2,,,0,,,,,,Auckland Region,Nil,2-way,Sealed,,0,0,,50,,Off,0,0,,76,Auckland,Give way,,,,,0,0,Urban,0,,,Fine,Null
1761171.086,5913822.9321,788676,,519500,0,0,0,0,0,North,2024/2025,BASSANT AVENUE,WALLS ROAD,,Non-Injury Crash,No,2024,0,South,0,0,0,Flat,0,,0,,0,Bright sun,620702,0,0,0,2,0,0,0,0,0,,0,1,Auckland Region,Nil,2-way,Sealed,0,0,0,0,50,0,Off,0,0,,76,Auckland,Nil,0,0,0,0,1,0,Urban,0,0,0,Fine,Null
1750420.1227,5929144.5751,788691,,509100,0,,0,2,,Null,2025/2026,GREENHITHE ROAD,GREENHITHE ROAD ON RAMP,,Minor Crash,No,2025,,East,,0,,Hill Road,,,,,,Dark,181302,1,0,0,2,,,0,,,,,,Auckland Region,Motorway ramp,2-way,Sealed,,0,0,,50,,On,0,0,,76,Auckland,Give way,,,,,0,0,Urban,0,,,Light rain,Null
1765926.8322,5907859.6468,788700,,523402,0,,0,1,,North,2024/2025,SOUTHERN MOTORWAY,EAST TAMAKI ROAD OFF RAMP,,Minor Crash,Yes,2024,,South,,0,,Flat,,,,,,Overcast,699000,1,0,0,3,,,0,,,,,,Auckland Region,Nil,1-way,Sealed,,0,0,,100,,Off,0,0,,76,Auckland,Nil,,,,,1,0,Open,0,,,Fine,Null
1755279.3231,5932010.4995,788707,,508805,0,,1,0,,Null,2024/2025,EAST COAST ROAD,CONSTELLATION DRIVE,,Non-Injury Crash,No,2024,,North,,0,,Hill Road,,,,,,Bright sun,151104,0,0,0,4,,,0,,,,,,Auckland Region,Nil,2-way,Sealed,,0,0,,50,,Off,0,0,,76,Auckland,Traffic Signals,,,,,0,0,Urban,1,,,Fine,Null
1748856.1972,5913314.272,788714,,511401,0,,0,2,,Null,2022/2023,TITIRANGI ROAD,WILLERTON AVENUE,,Minor Crash,No,2023,,South,,0,,Flat,,,,,,Bright sun,263700,1,0,0,2,,,0,,,,,,Auckland Region,Nil,2-way,Sealed,,0,0,,50,,Off,0,0,,76,Auckland,Give way,,,,,0,0,Urban,0,,,Fine,Null
1745206.6487,5918929.1604,788724,,513302,0,,0,2,,South,2023/2024,LINCOLN ROAD,MOSELLE AVENUE,,Non-Injury Crash,No,2023,,South,,0,,Flat,,,,,,Dark,232205,0,0,0,4,,,0,,,,,,Auckland Region,Nil,2-way,Sealed,,0,0,,50,,On,1,0,,76,Auckland,Nil,,,,,0,0,Urban,0,,,Fine,Null
1748696.0714,5945538.2268,788732,,505806,0,0,0,3,0,North,2023/2024,NORTHERN MOTORWAY,SILVERDALE OBR,,Non-Injury Crash,Yes,2024,0,South,0,0,0,Flat,1,,0,,0,Bright sun,176604,0,0,0,2,0,0,0,0,0,,0,0,Auckland Region,Nil,1-way,Sealed,0,0,0,0,100,0,Off,0,0,,76,Auckland,Nil,0,0,0,0,0,0,Open,0,0,0,Fine,Null
1753842.6044,5918242.7821,788739,,515432,1,,0,1,,Null,2024/2025,ST LUKES ROAD OFF RAMP,ST LUKES ROAD,,Minor Crash,No,2025,,West,,0,,Flat,,,,,,Overcast,405500,1,0,0,1,,,0,,,,,,Auckland Region,Motorway ramp,1-way,Sealed,,0,0,,50,,Off,0,0,30,76,Auckland,Give way,,,,,0,0,Urban,0,,,Fine,Null
1760388.4338,5907031.1152,788756,,524111,0,,0,1,,Null,2023/2024,MASCOT AVENUE,BADER DRIVE,,Non-Injury Crash,No,2024,,North,,0,,Flat,,,,,,Bright sun,740500,0,0,0,1,,,0,,,,,,Auckland Region,Nil,1-way,Sealed,,0,0,,30,,Off,1,0,,76,Auckland,Give way,,,,,0,0,Urban,0,,,Fine,Null
1756672.5284,5924871.2104,788763,,509702,0,,0,2,,North,2025/2026,NORTHERN MOTORWAY,ONEWA ROAD ON RAMP,,Minor Crash,Yes,2025,,North,,0,,Flat,,,,,,Dark,366602,1,0,0,4,,,0,,,,,,Auckland Region,Nil,1-way,Sealed,,0,0,,100,,On,0,0,,76,Auckland,Nil,,,,,0,0,Open,0,,,Heavy rain,Null
1759306.3998,5902954.2733,788771,,524200,0,0,0,0,0,South,2024/2025,ANDREW MCKEE AVENUE,GEORGE BOLT MEMORIAL DRIVE,,Non-Injury Crash,No,2025,0,North,0,0,1,Flat,0,,0,,0,Bright sun,727200,0,0,0,2,0,0,0,0,0,,0,0,Auckland Region,Nil,1-way,Sealed,0,0,0,0,10,0,Off,0,0,,76,Auckland,Nil,0,0,0,0,0,0,Urban,1,0,0,Fine,Null
1756056.6937,5918676.9215,788779,,515500,0,,0,1,,North,2024/2025,NORTH-WESTERN MOTORWAY,NEWTON ROAD OFF RAMP,,Non-Injury Crash,Yes,2024,,North,,0,,Flat,,,,,,Bright sun,418700,0,0,0,4,,,0,,,,,,Auckland Region,Nil,1-way,Sealed,,0,0,,80,,Off,0,0,,76,Auckland,Nil,,,,,0,0,Open,1,,,Fine,Null
1768906.5958,5903891.1221,788788,,523820,0,0,0,2,0,Null,2022/2023,PELARGONIUM TERRACE,MACADAMIA CLOSE,,Non-Injury Crash,No,2023,0,North,0,0,0,Flat,0,,0,,0,Bright sun,760152,0,0,0,1,0,0,0,0,1,,0,0,Auckland Region,Nil,2-way,Sealed,0,0,0,0,50,0,On,0,0,,76,Auckland,Nil,0,0,0,0,0,0,Urban,0,0,0,Fine,None
1753221.7204,5912565.7732,788796,,518901,0,,0,2,,South,2024/2025,GRIFFEN PARK ROAD,GRIFFEN PARK ENT,,Non-Injury Crash,No,2025,,South,,0,,Flat,,,,,,Bright sun,585800,0,0,0,2,,,0,,,,,,Auckland Region,Nil,2-way,Sealed,,0,0,,50,,Off,0,0,,76,Auckland,Give way,,,,,0,0,Urban,0,,,Fine,Null
1778808.3907,5912944.8286,788811,65,523300,0,0,0,0,0,North,2024/2025,WHITFORD MARAETAI ROAD,PUKERANGI RISE,,Non-Injury Crash,No,2024,0,North,1,0,0,Hill Road,0,,0,,0,Overcast,718900,0,0,0,2,0,0,0,0,0,,0,0,Auckland Region,Nil,2-way,Sealed,0,0,0,0,80,0,None,0,0,,76,Auckland,Nil,0,0,0,0,0,0,Open,1,0,0,Light rain,Null
1765185.3965,5914655.0332,788826,,520602,0,,0,2,,Null,2022/2023,QUEENS ROAD,PILKINGTON ROAD,,Non-Injury Crash,No,2023,,West,,0,,Null,,,,,,Unknown,628700,0,0,0,5,,,0,,,,,,Auckland Region,Nil,2-way,Sealed,,0,0,,50,,Null,0,0,,76,Auckland,Traffic Signals,,,,,0,0,Urban,0,,,Null,Null
1766394.7031,5907389.2564,788827,,523601,0,,0,0,,North,2024/2025,SOUTHERN MOTORWAY,EAST TAMAKI ROAD ON RAMP,,Non-Injury Crash,Yes,2025,,South,,0,,Flat,,,,,,Twilight,708500,0,0,0,3,,,0,,,,,,Auckland Region,Nil,1-way,Sealed,,0,0,,100,,Off,1,0,,76,Auckland,Nil,,,,,1,0,Open,1,,,Fine,Null
1770331.6974,5898524.9746,788834,,523920,0,,0,0,,South,2023/2024,KINDERGARTEN DRIVE,WALTER STREVENS DRIVE,,Non-Injury Crash,No,2023,,South,,0,,Flat,,,,,,Dark,768003,0,0,0,2,,,0,,,,,,Auckland Region,Nil,2-way,Sealed,,0,0,,50,,On,1,0,,76,Auckland,Nil,,,,,0,1,Urban,0,,,Light rain,Null
1751943.2031,5927457.5925,788835,,510210,0,,0,1,,East,2024/2025,BEACH HAVEN ROAD,LAUDERDALE ROAD,,Non-Injury Crash,No,2025,,East,,0,,Null,,,,,,Unknown,347100,0,0,0,2,,,0,,,,,,Auckland Region,Nil,2-way,Sealed,,0,0,,50,,Null,0,0,,76,Auckland,Nil,,,,,0,0,Urban,1,,,Fine,Null
1758895.5547,5913795.7654,788842,,519300,0,,0,1,,Null,2023/2024,CAMPBELL ROAD,ONEHUNGA MALL,,Minor Crash,No,2023,,South,,0,,Flat,,,,,,Dark,624900,2,0,0,2,,,0,,,,,,Auckland Region,Nil,2-way,Sealed,,0,0,,50,,On,0,0,,76,Auckland,Give way,,,,,0,0,Urban,1,,,Fine,Null
1765576.6228,5916657.1196,788851,,517100,0,,0,2,,Null,2024/2025,POINT ENGLAND ROAD,FLANDERS STREET,,Non-Injury Crash,No,2024,,East,,0,,Flat,,,,,,Dark,477800,0,0,0,2,,,0,,,,,,Auckland Region,Nil,2-way,Sealed,,0,0,,50,,Null,0,0,,76,Auckland,Stop,,,,,0,0,Urban,0,,,Fine,Null
1786131.7937,5921742.0783,788867,,520801,0,0,0,0,0,North,2024/2025,GORDONS ROAD,WOODSIDE BAY ROAD,,Non-Injury Crash,No,2025,1,North,0,0,0,Flat,0,,0,,0,Bright sun,515608,0,0,0,2,0,0,0,0,0,,0,0,Auckland Region,Nil,2-way,Unsealed,0,0,0,0,40,0,Null,0,0,,76,Auckland,Nil,0,0,0,0,0,0,Urban,1,0,0,Fine,Null
1753644.1465,5914074.3585,788875,,518801,0,0,0,1,0,Null,2024/2025,MALCOLM STREET,ALLISON STREET,,Non-Injury Crash,No,2025,0,West,0,0,0,Null,0,,0,,0,Unknown,578900,0,0,0,2,0,0,0,0,1,,0,0,Auckland Region,Nil,2-way,Sealed,0,0,0,0,50,0,Null,0,0,,76,Auckland,Nil,0,0,0,0,0,1,Urban,0,0,0,Fine,Null
1752709.076,5947794.7842,788890,,505808,0,0,0,1,0,West,2022/2023,WALTON STREET,NGAPARA STREET,,Non-Injury Crash,No,2023,0,West,0,0,0,Flat,0,,0,,0,Overcast,173012,0,0,0,2,0,0,0,0,0,,0,0,Auckland Region,Speed hump,2-way,Sealed,0,0,0,0,50,0,Off,0,0,,76,Auckland,Nil,0,0,0,1,0,0,Urban,0,0,0,Fine,Null
1756977.6414,5913756.5057,788891,,518600,0,,0,1,,East,2024/2025,MOUNT ALBERT ROAD,HILLSBOROUGH ROAD,,Non-Injury Crash,No,2024,,East,,0,,Null,,,,,,Overcast,564700,0,0,0,4,,,0,,,,,,Auckland Region,Nil,2-way,Sealed,,0,0,,50,,Null,0,0,,76,Auckland,Traffic Signals,,,,,0,1,Urban,0,,,Fine,Null
1760221.9017,5907798.6049,788907,,524403,0,0,0,0,0,North,2024/2025,SOUTH-WESTERN MOTORWAY,SH 20 MANGERE OBR,,Non-Injury Crash,Yes,2024,0,North,0,0,0,Flat,1,,0,,0,Dark,731105,0,0,0,2,0,0,0,0,0,,0,1,Auckland Region,Nil,1-way,Sealed,0,0,0,0,100,0,On,0,0,,76,Auckland,Nil,0,0,0,0,0,0,Open,1,0,0,Heavy rain,Null
1775169.0874,5909628.2887,788915,,523202,0,,0,1,,West,2024/2025,WHITFORD MARAETAI ROAD,TRIG ROAD,,Minor Crash,No,2024,,North,,0,,Null,,,,,,Unknown,716401,1,0,0,2,,,0,,,,,,Auckland Region,Nil,2-way,Sealed,,0,0,,50,,Null,0,0,,76,Auckland,Nil,,,,,0,0,Urban,1,,,Fine,Null
1753114.9811,5934225.3672,788916,,508701,0,,0,2,,South,2023/2024,NORTHERN MOTORWAY,MCCLYMONTS OBR,,Non-Injury Crash,Yes,2024,,North,,0,,Flat,,,,,,Dark,178900,0,0,0,3,,,0,,,,,,Auckland Region,Nil,1-way,Sealed,,0,0,,100,,On,0,0,,76,Auckland,Nil,,,,,0,0,Open,0,,,Fine,Null
1772510.0312,5896825.1881,788923,45,525420,0,,0,1,,Null,2024/2025,GREAT SOUTH ROAD,SUBWAY ROAD,,Non-Injury Crash,No,2024,,South,,0,,Hill Road,,,,,,Overcast,792800,0,0,0,2,,,0,,,,,,Auckland Region,Nil,2-way,Sealed,,0,0,,50,,Off,0,0,,76,Auckland,Traffic Signals,,,,,0,0,Urban,1,,,Null,None
1752488.9421,5924832.9708,788931,,510401,0,,0,2,,North,2024/2025,WAIPA STREET,BALMAIN ROAD,,Non-Injury Crash,No,2025,,North,,0,,Flat,,,,,,Dark,353801,0,0,0,2,,,0,,,,,,Auckland Region,Nil,2-way,Sealed,,0,0,,50,,On,0,0,,76,Auckland,Nil,,,,,0,0,Urban,0,,,Fine,Null
1756108.2064,5923780.7226,788939,,509800,0,,0,2,,South,2024/2025,NORTHERN MOTORWAY,WEIGH BRIDGE,,Non-Injury Crash,Yes,2024,,South,,0,,Flat,,Christmas New Year,,,,Bright sun,358800,0,0,0,5,,,0,,,,,,Auckland Region,Bridge,1-way,Sealed,,0,0,,80,,Off,0,0,,76,Auckland,Nil,,,,,1,0,Open,0,,,Fine,Null
1772973.5528,5891135.7672,788955,,521301,0,0,0,1,0,North,2024/2025,SOUTHERN MOTORWAY,GREAT SOUTH ROAD OFF RAMP,,Minor Crash,Yes,2024,0,North,0,0,0,Flat,1,,0,,0,Twilight,809200,2,0,0,2,0,0,0,0,0,,0,0,Auckland Region,Motorway ramp,1-way,Sealed,0,0,0,0,100,0,Off,0,0,,76,Auckland,Nil,0,0,0,0,0,0,Open,1,1,0,Fine,Null
1755295.3294,5921817.5556,788963,,515202,0,0,0,0,0,North,2023/2024,NORTHERN MOTORWAY,NORTHERN MOTORWAY,,Non-Injury Crash,Yes,2024,0,North,0,0,0,Flat,1,,0,,0,Overcast,423600,0,0,0,4,0,0,0,0,0,,0,0,Auckland Region,Motorway ramp,1-way,Sealed,0,0,0,0,80,0,Off,1,0,,76,Auckland,Nil,0,0,0,0,0,0,Open,0,0,0,Fine,Null
1747184.2073,5913896.754,788970,,511100,0,,0,2,,Null,2023/2024,GLENVIEW ROAD,CLAYBURN ROAD,,Non-Injury Crash,No,2023,,South,,0,,Flat,,,,,,Bright sun,285500,0,0,0,2,,,0,,,,,,Auckland Region,Nil,2-way,Sealed,,0,0,,50,,Off,0,0,,76,Auckland,Stop,,,,,0,0,Urban,0,,,Fine,Null
1760436.9225,5908917.8371,788972,,524403,0,,0,1,,Null,2023/2024,WALMSLEY ROAD,FAVONA ROAD,,Non-Injury Crash,No,2023,,East,,0,,Flat,,,,,,Overcast,729901,0,0,0,2,,,0,,,,,,Auckland Region,Nil,2-way,Sealed,,0,0,,60,,Off,0,0,,76,Auckland,Traffic Signals,,,,,0,0,Urban,1,,,Light rain,Null
1770095.5367,5900715.5424,788980,,523816,0,,0,1,,North,2022/2023,ADVOCATE PLACE,RIVERTON DRIVE,,Non-Injury Crash,No,2023,,West,,0,,Flat,,,,,,Overcast,759735,0,0,0,2,,,0,,,,,,Auckland Region,Nil,2-way,Sealed,,0,0,,50,,Null,0,0,,76,Auckland,Nil,,,,,0,0,Urban,1,,,Fine,Null
1770770.1031,5898515.4628,788987,,523920,0,,0,1,,North,2024/2025,GREAT SOUTH ROAD,GRAHAM ROAD,,Serious Crash,No,2025,,North,,0,,Flat,,,,,,Bright sun,767503,0,0,1,2,,,0,,,,,,Auckland Region,Nil,2-way,Sealed,,0,1,,50,,Null,0,0,,76,Auckland,Nil,,,,,0,0,Urban,0,,,Fine,Null
1754884.4106,5916195.4683,788988,,517703,0,0,0,2,0,East,2023/2024,JASON AVENUE,SANDRINGHAM ROAD,,Non-Injury Crash,No,2023,0,East,0,0,0,Flat,0,,0,,0,Bright sun,537701,0,0,0,2,0,0,0,0,1,,0,0,Auckland Region,Nil,2-way,Sealed,0,0,0,0,30,0,None,0,0,,76,Auckland,Nil,0,0,0,0,0,0,Urban,0,0,0,Fine,None
1765557.842,5906859.0127,788995,,522201,0,,0,2,,South,2024/2025,KOLMAR ROAD,MCCAULEY LANE,,Minor Crash,No,2024,,South,,0,,Flat,,,,,,Bright sun,662400,1,0,0,3,,,0,,,,,,Auckland Region,Nil,2-way,Sealed,,0,0,,50,,Off,0,0,,76,Auckland,Nil,,,,,0,0,Urban,0,,,Fine,Null
1768247.4539,5890851.1971,789010,,521122,0,,0,1,,North,2022/2023,BLACKBRIDGE ROAD,MUIR ROAD,,Non-Injury Crash,No,2023,,North,,0,,Flat,,Easter,,,,Dark,810100,0,0,0,2,,,0,,,,,,Auckland Region,Nil,2-way,Sealed,,0,0,,80,,On,0,0,,76,Auckland,Nil,,,,,0,0,Open,0,,,Fine,Null