X,Y,OBJECTID,advisorySpeed,areaUnitID,bicycle,bridge,bus,carStationWagon,cliffBank,crashDirectionDescription,crashFinancialYear,crashLocation1,crashLocation2,crashRoadSideRoad,crashSeverity,crashSHDescription,crashYear,debris,directionRoleDescription,ditch,fatalCount,fence,flatHill,guardRail,holiday,houseOrBuilding,intersection,kerb,light,meshblockId,minorInjuryCount,moped,motorcycle,NumberOfLanes,objectThrownOrDropped,otherObject,otherVehicleType,overBank,parkedVehicle,pedestrian,phoneBoxEtc,postOrPole,region,roadCharacter,roadLane,roadSurface,roadworks,schoolBus,seriousInjuryCount,slipOrFlood,speedLimit,strayAnimal,streetLight,suv,taxi,temporarySpeedLimit,tlaId,tlaName,trafficControl,trafficIsland,trafficSign,train,tree,truck,unknownVehicleType,urban,vanOrUtility,vehicle,waterRiver,weatherA,weatherB
1759176.896,5916793.0657,789019,,516001,0,,0,1,,North,2023/2024,SOUTHERN MOTORWAY,MARKET OBR,,Non-Injury Crash,Yes,2024,,South,,0,,Flat,,,,,,Overcast,491200,0,0,0,3,,,0,,,,,,Auckland Region,Nil,1-way,Sealed,,0,0,,100,,Off,1,0,,76,Auckland,Nil,,,,,0,0,Open,1,,,Fine,Null
1755305.6184,5913701.4939,789027,,518803,0,,0,1,,North,2024/2025,SOMERSET ROAD,DENBIGH AVENUE,,Minor Crash,No,2024,,North,,0,,Flat,,,,,,Overcast,581300,1,0,0,2,,,0,,,1,,,Auckland Region,Nil,2-way,Sealed,,0,0,,50,,Off,0,0,,76,Auckland,Nil,,,,,0,0,Urban,0,,,Fine,Null
1752291.0537,5925253.0487,789028,,510220,0,0,0,2,0,East,2024/2025,VERRAN ROAD,WAIPA STREET,,Minor Crash,No,2025,0,East,0,0,0,Hill Road,0,,0,,0,Bright sun,350600,1,0,0,2,0,0,0,0,1,,0,0,Auckland Region,Nil,2-way,Sealed,0,0,0,0,30,0,None,0,0,,76,Auckland,Nil,0,0,0,0,0,0,Urban,0,0,0,Fine,Null
1763728.9999,5908891.9961,789036,,521901,0,,0,1,,Null,2023/2024,MANGERE ROAD,WALMSLEY ROAD,,Non-Injury Crash,No,2024,,West,,0,,Flat,,,,,,Bright sun,785400,0,0,0,5,,,0,,,,,,Auckland Region,Nil,2-way,Sealed,,0,0,,50,,Null,0,0,,76,Auckland,Nil,,,,,0,0,Urban,0,,,Fine,None
1764034.5099,5910009.3987,789043,,521901,0,,0,2,,East,2024/2025,GORDON ROAD,GREAT SOUTH ROAD,,Non-Injury Crash,No,2024,,South,,0,,Flat,,,,,,Unknown,782400,0,0,0,2,,,0,,,,,,Auckland Region,Nil,2-way,Sealed,,0,0,,30,,Null,0,0,,76,Auckland,Nil,,,,,0,0,Urban,0,,,Null,Null
1757980.8686,5917152.7717,789050,,515700,0,,0,2,,Null,2023/2024,GILLIES AVENUE,OWENS ROAD,,Non-Injury Crash,No,2023,,North,,0,,Flat,,,,,,Overcast,444600,0,0,0,4,,,0,,,,,,Auckland Region,Nil,2-way,Sealed,,0,0,,50,,Off,0,0,,76,Auckland,Traffic Signals,,,,,0,0,Urban,0,,,Light rain,Null
1769038.6514,5911541.9686,789059,,523107,0,,0,2,,Null,2023/2024,TI RAKAU DRIVE,HARRIS ROAD,,Non-Injury Crash,No,2024,,East,,0,,Flat,,,,,,Unknown,711402,0,0,0,2,,,0,,,,,,Auckland Region,Nil,1-way,Sealed,,0,0,,50,,Null,0,0,,76,Auckland,Traffic Signals,,,,,0,0,Urban,0,,,Null,Null
1733182.7262,5929684.5365,789067,,505601,0,1,0,1,0,Null,2024/2025,SH 16,MURIWAI ROAD,,Non-Injury Crash,Yes,2024,0,South,0,0,0,Flat,0,Labour Weekend,0,,0,Bright sun,216103,0,0,0,2,0,0,0,0,0,,0,0,Auckland Region,Nil,2-way,Sealed,0,0,0,0,60,0,Off,0,0,,76,Auckland,Give way,1,0,0,0,0,0,Urban,0,0,0,Fine,Null
1758060.5026,5913914.5851,789068,,518600,0,0,0,1,0,West,2024/2025,BECKENHAM AVENUE,MANUKAU ROAD,,Non-Injury Crash,No,2024,0,East,0,0,0,Null,0,,0,,0,Bright sun,566900,0,0,0,2,0,0,0,0,1,,0,0,Auckland Region,Nil,2-way,Sealed,0,0,0,0,50,0,Null,1,0,,76,Auckland,Nil,0,0,0,0,0,0,Urban,0,0,0,Fine,Null
1755542.3141,5920225.1291,789082,,515302,0,0,0,4,0,Null,2023/2024,PONSONBY ROAD,O'NEILL STREET,,Serious Crash,No,2023,0,North,0,0,0,Flat,0,,0,,0,Dark,430400,0,0,0,4,0,0,0,0,2,,0,0,Auckland Region,Nil,2-way,Sealed,0,0,1,0,40,0,On,1,0,,76,Auckland,Nil,0,0,0,0,0,0,Urban,0,0,0,Fine,Null
1763416.2177,5904900.5368,789084,,524200,0,0,0,1,0,North,2022/2023,SOUTH-WESTERN MOTORWAY,PUHINUI ROAD-SH 20B ON RAMP,,Non-Injury Crash,Yes,2023,0,North,0,0,0,Flat,1,,0,,0,Dark,728900,0,0,0,2,0,0,0,0,0,,0,0,Auckland Region,Nil,1-way,Sealed,0,0,0,0,100,0,On,0,0,,76,Auckland,Nil,0,0,0,0,0,0,Open,1,0,0,Light rain,Null
1758179.8557,5918422.8637,789092,,517400,0,,0,2,,Null,2022/2023,KHYBER PASS ROAD,MELROSE STREET,,Non-Injury Crash,No,2023,,West,,0,,Flat,,,,,,Dark,450100,0,0,0,4,,,0,,,,,,Auckland Region,Nil,2-way,Sealed,,0,0,,50,,On,0,0,,76,Auckland,Give way,,,,,0,0,Urban,0,,,Fine,Null
1735520.7617,5945144.8802,789106,,506646,0,0,0,0,0,West,2022/2023,KAHIKATEA FLAT ROAD,RAPSON ROAD,,Non-Injury Crash,No,2023,0,North,0,0,0,Flat,0,,0,,0,Dark,213000,0,0,0,1,0,0,0,0,0,,0,0,Auckland Region,Nil,2-way,Sealed,0,0,0,0,80,0,None,0,0,,76,Auckland,Nil,0,0,0,0,0,0,Open,2,1,0,Light rain,Null
1768793.2958,5904554.8728,789116,,523722,0,,0,2,,East,2023/2024,REDOUBT ROAD,EVERGLADE DRIVE,,Non-Injury Crash,No,2023,,West,,0,,Hill Road,,,,,,Bright sun,715909,0,0,0,2,,,0,,,,,,Auckland Region,Nil,2-way,Sealed,,0,0,,50,,Off,0,0,,76,Auckland,Nil,,,,,0,0,Urban,0,,,Fine,None
1753251.306,5974386.3379,789123,,506661,0,,0,2,,North,2024/2025,MATAKANA ROAD,WRIGHT ROAD,,Minor Crash,No,2025,,South,,0,,Flat,,,,,,Overcast,139700,2,0,0,2,,,0,,,,,,Auckland Region,Nil,2-way,Sealed,,0,0,,80,,None,1,0,,76,Auckland,Nil,,,,,0,0,Open,0,,,Light rain,Null
1759680.3082,5913000.6463,789124,45,520000,0,,0,2,,Null,2024/2025,MOUNT SMART ROAD,MAYS ROAD,,Non-Injury Crash,No,2024,,South,,0,,Flat,,,,,,Dark,605500,0,0,0,2,,,0,,,,,,Auckland Region,Nil,2-way,Sealed,,0,0,,50,,On,0,0,,76,Auckland,Give way,,,,,0,0,Urban,0,,,Fine,Null
1761088.1895,5914998.0917,789130,,520201,0,0,0,1,1,North,2022/2023,SOUTHERN MOTORWAY,ELLERSLIE FTBR,,Non-Injury Crash,Yes,2023,0,South,0,0,0,Flat,0,,0,,0,Dark,613500,0,0,0,3,0,0,0,0,0,,0,0,Auckland Region,Nil,1-way,Sealed,0,0,0,0,100,0,On,0,0,,76,Auckland,Nil,0,0,0,0,0,0,Open,0,0,0,Fine,Null
1768679.6372,5905317.7467,789138,,523722,0,,0,2,,Null,2022/2023,TE IRIRANGI DRIVE,HOLLYFORD DRIVE,,Minor Crash,No,2023,,West,,0,,Flat,,,,,,Overcast,716008,1,0,0,3,,,0,,,,,,Auckland Region,Nil,2-way,Sealed,,0,0,,60,,On,0,0,,76,Auckland,Traffic Signals,,,,,0,0,Urban,0,,,Fine,Null
1758390.5009,5917571.7179,789146,,516001,0,,0,2,,South,2022/2023,BROADWAY,EDGERLEY AVENUE,,Non-Injury Crash,No,2023,,South,,0,,Flat,,,,,,Bright sun,490800,0,0,0,4,,,0,,,,,,Auckland Region,Nil,2-way,Sealed,,0,0,,50,,Off,0,0,,76,Auckland,Nil,,,,,0,0,Urban,0,,,Fine,Null
1768319.2435,5903698.911,789204,,523820,0,,0,1,,North,2024/2025,SOUTH-WESTERN MOTORWAY,SOUTHERN MOTORWAY,,Non-Injury Crash,Yes,2024,,South,,0,,Flat,,,,,,Twilight,760142,0,0,0,3,,,0,,,,,,Auckland Region,Underpass,1-way,Sealed,,0,0,,100,,On,0,0,,76,Auckland,Nil,,,,,1,0,Open,0,,,Fine,Null
1754292.2552,5933957.5879,789211,,508804,0,,0,1,,Null,2025/2026,EAST COAST ROAD,GREVILLE ROAD,,Non-Injury Crash,No,2025,,South,,0,,Hill Road,,,,,,Overcast,180611,0,0,0,2,,,0,,,,,,Auckland Region,Nil,2-way,Sealed,,0,0,,50,,Off,0,0,,76,Auckland,Traffic Signals,,,,,0,0,Urban,1,,,Heavy rain,Null
1754131.719,5933118.8525,789212,,508805,0,0,0,1,0,West,2024/2025,ROSEDALE ROAD,HUGH GREEN DRIVE,,Non-Injury Crash,No,2024,0,North,0,0,0,Null,0,,0,,0,Unknown,180866,0,0,0,2,0,0,0,0,1,,0,0,Auckland Region,Nil,2-way,Sealed,0,0,0,0,50,0,Null,1,0,,76,Auckland,Nil,0,0,0,0,0,0,Urban,0,0,0,Fine,Null
1769600.6986,5905403.922,789218,,523712,0,,0,1,,Null,2022/2023,THOMAS ROAD,ASPIRING AVENUE,,Non-Injury Crash,No,2023,,East,,0,,Hill Road,,,,,,Overcast,716202,0,0,0,2,,,0,,,,,,Auckland Region,Nil,2-way,Sealed,,0,0,,50,,Off,1,0,,76,Auckland,Give way,,,,,0,0,Urban,0,,,Fine,Null
1747536.4631,5915947.0084,789220,,511602,0,0,0,2,0,South,2024/2025,HEPBURN ROAD,HARMEL ROAD,,Minor Crash,No,2025,0,South,0,0,0,Flat,0,,0,,0,Bright sun,272900,1,0,0,2,0,0,0,0,1,,0,0,Auckland Region,Nil,2-way,Sealed,0,0,0,0,50,0,Off,0,0,,76,Auckland,Nil,0,0,0,0,0,0,Urban,0,0,0,Fine,Null
1753340.2162,5933044.7539,789228,,508701,0,0,0,1,0,East,2024/2025,GREVILLE ROAD ON RAMP,GREVILLE ROAD,,Minor Crash,Yes,2025,0,East,0,0,0,Flat,1,,0,,0,Bright sun,178900,1,0,0,1,0,0,0,0,0,,0,0,Auckland Region,Motorway ramp,1-way,Sealed,0,0,0,0,100,0,Off,0,0,,76,Auckland,Nil,0,0,0,0,0,0,Open,0,0,0,Fine,Null
1760039.9923,5915887.417,789243,,516002,0,,0,2,,North,2024/2025,GREEN LANE EAST,MAREWA ROAD,,Non-Injury Crash,No,2025,,North,,0,,Flat,,,,,,Bright sun,494000,0,0,0,3,,,0,,,,,,Auckland Region,Motorway ramp,2-way,Sealed,,0,0,,50,,Off,0,0,,76,Auckland,Nil,,,,,0,0,Urban,0,,,Fine,Null
1749934.5197,5946236.1321,789252,,506001,0,0,1,0,0,North,2025/2026,SILVERDALE STREET,AGENCY LANE,,Minor Crash,No,2025,0,South,0,0,0,Hill Road,0,,1,,0,Dark,175400,2,0,0,2,0,0,0,0,0,,0,0,Auckland Region,Nil,2-way,Sealed,0,0,0,0,50,0,On,0,0,,76,Auckland,Nil,0,0,0,0,0,0,Urban,0,0,0,Fine,Null
1764151.9843,5904171.9609,789275,,524604,0,,0,1,,South,2024/2025,SOUTH-WESTERN MOTORWAY,PUHINUI OBR,,Non-Injury Crash,Yes,2025,,South,,0,,Flat,,,,,,Overcast,781100,0,0,0,2,,,0,,,,,,Auckland Region,Bridge,1-way,Sealed,,0,0,,100,,Off,0,0,,76,Auckland,Nil,,,,,0,0,Open,1,,,Fine,Null
1736907.1673,5982871.605,789276,,505300,0,0,0,0,0,Null,2023/2024,BATTEN STREET,ARMITAGE ROAD,,Non-Injury Crash,No,2024,0,North,0,0,0,Hill Road,0,,0,,0,Overcast,142800,0,0,0,2,0,0,0,0,0,,0,1,Auckland Region,Nil,2-way,Sealed,0,0,0,0,50,0,Off,0,0,,76,Auckland,Stop,0,1,0,0,0,0,Urban,1,0,0,Light rain,Null
1760273.677,5915819.7625,789283,,516003,0,,0,2,,North,2025/2026,SOUTHERN MOTORWAY,GREENLANE INT S,,Non-Injury Crash,Yes,2025,,North,,0,,Null,,,,,,Overcast,494902,0,0,0,3,,,0,,,,,,Auckland Region,Nil,1-way,Sealed,,0,0,,100,,Null,0,0,,76,Auckland,Nil,,,,,0,0,Open,0,,,Light rain,Null
1750734.4806,5946720.7325,789290,,505807,0,,0,1,,North,2023/2024,HIBISCUS COAST HIGHWAY,WHANGAPARAOA ROAD,,Non-Injury Crash,No,2023,,South,,0,,Flat,,,,,,Bright sun,172802,0,0,0,3,,,0,,,,,,Auckland Region,Nil,1-way,Sealed,,0,0,,70,,Off,1,0,,76,Auckland,Nil,,,,,0,0,Urban,0,,,Fine,Null
1783823.2347,5894582.9482,789291,,521132,0,0,0,1,0,North,2025/2026,HUNUA ROAD,WHITE ROAD,,Minor Crash,No,2025,0,East,0,0,0,Flat,0,,0,,0,Dark,816100,1,0,0,2,0,0,0,0,0,,0,0,Auckland Region,Nil,2-way,Sealed,0,0,0,0,80,0,None,0,0,,76,Auckland,Nil,0,0,0,1,0,0,Open,0,0,0,Light rain,Null
1770157.082,5899118.0704,789292,,523911,0,,0,2,,North,2024/2025,GREAT SOUTH ROAD,CHALLEN CLOSE,,Serious Crash,No,2024,,South,,0,,Flat,,,,,,Bright sun,768100,0,0,0,4,,,0,,,,,,Auckland Region,Nil,2-way,Sealed,,0,2,,50,,Off,0,0,,76,Auckland,Nil,,,,,0,0,Urban,0,,,Fine,Null
1746872.0171,5926173.5554,789298,,513432,0,0,0,1,0,Null,2023/2024,HOBSONVILLE ROAD,SINTON ROAD EAST,,Non-Injury Crash,No,2023,0,West,0,0,0,Flat,0,Christmas New Year,0,,1,Overcast,222901,0,0,0,3,0,0,0,0,0,,0,0,Auckland Region,Nil,2-way,Sealed,0,0,0,0,50,0,Off,0,0,,76,Auckland,Traffic Signals,0,2,0,0,0,0,Urban,0,0,0,Fine,Null
1773016.0468,5891019.013,789299,,521301,0,,0,2,,South,2024/2025,SOUTHERN MOTORWAY,GREAT SOUTH ROAD ON RAMP,,Non-Injury Crash,Yes,2025,,South,,0,,Flat,,Christmas New Year,,,,Bright sun,809006,0,0,0,3,,,0,,,,,,Auckland Region,Nil,1-way,Sealed,,0,0,,100,,Off,0,0,,76,Auckland,Nil,,,,,0,0,Open,0,,,Fine,Null
1746532.0908,5916342.7672,789300,,510800,0,0,0,0,0,South,2024/2025,GREAT NORTH ROAD,JAMES LAURIE STREET,,Minor Crash,No,2024,0,North,0,0,1,Flat,0,,0,,0,Dark,244100,2,0,0,4,0,0,0,0,0,,0,0,Auckland Region,Nil,2-way,Sealed,0,0,0,0,50,0,On,1,0,,76,Auckland,Nil,0,0,0,0,0,0,Urban,1,0,0,Fine,Null
1772803.637,5892541.2498,789314,,521301,0,,0,4,,South,2023/2024,SOUTHERN MOTORWAY,SLIPPERY CK BR,,Minor Crash,Yes,2024,,North,,0,,Flat,,,,,,Dark,808702,1,0,0,2,,,0,,,,,,Auckland Region,Nil,1-way,Sealed,,0,0,,100,,On,0,0,,76,Auckland,Nil,,,,,0,0,Open,0,,,Fine,Null
1749844.2609,5940820.3015,789316,,506300,0,,0,1,,North,2024/2025,NORTHERN MOTORWAY,BAWDEN OBR,,Non-Injury Crash,Yes,2024,,South,,0,,Flat,,,,,,Bright sun,175902,0,0,0,2,,,0,,,,,,Auckland Region,Nil,1-way,Sealed,,0,0,,100,,None,0,0,,76,Auckland,Nil,,,,,1,0,Open,0,,,Fine,Null
1757550.9786,5920561.1255,789324,,514103,0,0,0,1,0,Null,2024/2025,CHANCERY STREET,O'CONNELL STREET,,Non-Injury Crash,No,2024,0,West,0,0,0,Flat,1,Christmas New Year,0,,0,Dark,437701,0,0,0,2,0,0,0,0,0,,0,0,Auckland Region,Nil,2-way,Sealed,0,0,0,0,30,0,On,0,0,,76,Auckland,Stop,0,0,0,0,0,0,Urban,0,0,0,Fine,Null
1764854.0076,5911712.8338,789331,,520500,0,0,0,2,0,East,2024/2025,PANAMA ROAD,MCLENNAN ROAD,,Non-Injury Crash,No,2025,0,East,0,0,1,Hill Road,0,,0,,0,Overcast,639602,0,0,0,2,0,0,0,0,0,,0,0,Auckland Region,Nil,2-way,Sealed,0,0,0,0,50,0,Off,0,0,,76,Auckland,Nil,0,0,0,0,0,0,Urban,0,0,0,Light rain,Null
1773178.8712,5899791.7133,789338,,523813,0,,0,2,,North,2023/2024,MILL ROAD,AIRFIELD ROAD,,Non-Injury Crash,No,2023,,South,,0,,Flat,,,,,,Bright sun,761000,0,0,0,2,,,0,,,,,,Auckland Region,Nil,2-way,Sealed,,0,0,,80,,None,0,0,,76,Auckland,Nil,,,,,0,0,Open,1,,,Fine,Null
1759017.6629,5912259.1998,789340,,519820,0,0,0,2,0,North,2024/2025,ONEHUNGA MALL,CHURCH STREET,,Minor Crash,No,2025,0,North,0,0,0,Flat,0,,0,,0,Bright sun,601100,1,0,0,2,0,0,0,0,0,,0,0,Auckland Region,Nil,2-way,Sealed,0,0,0,0,50,0,Off,0,0,,76,Auckland,Nil,0,0,0,0,0,0,Urban,0,1,0,Fine,Null
1753058.7136,5911151.89,789346,,518902,0,,0,1,,South,2023/2024,GODWIT PLACE,HALSEY DRIVE,,Non-Injury Crash,No,2023,,North,,0,,Hill Road,,,,,,Bright sun,588402,0,0,0,1,,,0,,,1,,,Auckland Region,Nil,2-way,Sealed,,0,0,,50,,Null,0,0,,76,Auckland,Nil,,,,,0,0,Urban,0,,,Fine,Null
1745694.0024,5915492.1338,789354,,511800,0,0,0,3,0,South,2023/2024,SUNNYSIDE ROAD,AWAROA ROAD,,Non-Injury Crash,No,2024,0,South,0,0,0,Hill Road,0,,0,,0,Bright sun,277600,0,0,0,2,0,0,0,0,1,,0,0,Auckland Region,Nil,2-way,Sealed,0,0,0,0,50,0,None,0,0,,76,Auckland,Nil,0,0,0,0,0,0,Urban,0,0,0,Fine,Null
1772788.1664,5895827.3924,789362,,525410,0,,0,1,,Null,2024/2025,GREAT SOUTH ROAD,NELSON STREET,,Minor Crash,No,2024,,North,,0,,Flat,,,,,,Bright sun,793400,1,0,0,2,,,0,,,,,,Auckland Region,Nil,2-way,Sealed,,0,0,,50,,Off,1,0,30,76,Auckland,Stop,,,,,0,0,Urban,0,,,Fine,Null
1753546.354,5927944.9509,789378,,508210,0,,0,0,,Null,2023/2024,KAIPATIKI ROAD,GLENFIELD ROAD,,Minor Crash,No,2024,,East,,0,,Flat,,,,,,Bright sun,186500,1,0,0,1,,,0,,,1,,,Auckland Region,Nil,1-way,Sealed,,0,0,,50,,Off,0,0,,76,Auckland,Give way,,,,,0,0,Urban,0,,,Fine,Null
1766704.9823,5900866.6012,789380,,524711,0,0,0,1,0,Null,2024/2025,WORDSWORTH ROAD,ROWANDALE AVENUE,,Non-Injury Crash,No,2025,0,East,0,0,0,Null,1,,0,,0,Overcast,774801,0,0,0,2,0,0,0,0,0,,0,0,Auckland Region,Nil,2-way,Sealed,0,0,0,0,30,0,Null,0,0,,76,Auckland,Give way,0,0,0,0,0,1,Urban,0,0,0,Light rain,Null
1757422.2833,5920602.2608,789386,,514102,0,,0,2,,Null,2023/2024,WYNDHAM STREET,QUEEN STREET,,Non-Injury Crash,No,2023,,South,,0,,Hill Road,,,,,,Dark,433503,0,0,0,4,,,0,,,,,,Auckland Region,Nil,2-way,Sealed,,0,0,,30,,On,0,0,,76,Auckland,Traffic Signals,,,,,0,0,Urban,0,,,Fine,Null
1757943.5961,5920357.2713,789388,,514103,0,,0,1,,Null,2024/2025,WATERLOO QUADRANT,PARLIAMENT STREET,,Non-Injury Crash,No,2025,,South,,0,,Null,,,,,,Unknown,438203,0,0,0,4,,,0,,,,,,Auckland Region,Nil,1-way,Sealed,,0,0,,30,,Null,0,0,,76,Auckland,Stop,,,,,0,0,Urban,0,,,Fine,Null
1756968.6205,5917265.636,789394,,518102,0,0,0,2,0,North,2023/2024,MOUNT EDEN ROAD,LOVELOCK AVENUE,,Non-Injury Crash,No,2024,0,North,0,0,0,Flat,0,,0,,0,Dark,546500,0,0,0,2,0,0,0,0,1,,0,0,Auckland Region,Nil,2-way,Sealed,0,0,0,0,50,0,On,0,0,,76,Auckland,Nil,0,0,0,0,0,0,Urban,0,0,0,Fine,Null
1752965.3177,5913591.1024,789396,,514500,0,,0,0,,Null,2025/2026,NEW WINDSOR ROAD,BOUNDARY ROAD,,Minor Crash,No,2025,,South,,0,,Hill Road,,,,,,Dark,374400,1,0,0,2,,,0,,,,,,Auckland Region,Nil,2-way,Sealed,,0,0,,50,,On,0,0,,76,Auckland,Nil,,,,,0,0,Urban,1,,,Fine,Null
1763685.1002,5920512.6813,789402,,516500,0,0,0,1,0,East,2023/2024,TAMAKI DRIVE,SELWYN AVENUE,,Non-Injury Crash,No,2023,0,East,0,0,0,Flat,1,,0,,0,Dark,501301,0,0,0,2,0,0,0,0,0,,0,0,Auckland Region,Nil,2-way,Sealed,0,0,0,0,50,0,On,0,0,,76,Auckland,Nil,0,0,0,0,0,0,Urban,0,0,0,Light rain,Null
1751179.901,5915425.5358,789412,,514401,0,,0,1,,South,2024/2025,GREAT NORTH ROAD,ROSEBANK ROAD,,Non-Injury Crash,No,2024,,North,,0,,Flat,,,,,,Dark,382300,0,0,0,2,,,0,,,,,,Auckland Region,Nil,2-way,Sealed,,0,0,,50,,On,1,0,,76,Auckland,Nil,,,,,0,0,Urban,0,,,Fine,Null
1743372.2694,5923522.1517,789420,,513511,0,,0,1,,North,2024/2025,DON BUCK ROAD,WESTGATE DRIVE,,Minor Crash,No,2025,,South,,0,,Hill Road,,,,,,Overcast,224306,1,0,1,2,,,0,,,,,,Auckland Region,Nil,2-way,Sealed,,0,0,,50,,Off,0,0,,76,Auckland,Nil,,,,,0,0,Urban,0,,,Fine,Null
1757335.8579,5918832.8624,789452,,514302,0,,0,2,,North,2024/2025,SOUTHERN MOTORWAY,SOUTHERN TO PORT LINK,,Non-Injury Crash,Yes,2024,,North,,0,,Flat,,,,,,Bright sun,441700,0,0,0,3,,,0,,,,,,Auckland Region,Nil,1-way,Sealed,,0,0,,80,,Off,1,0,,76,Auckland,Nil,,,,,0,0,Open,1,,,Fine,Null
1768869.5134,5900878.8684,789475,,525001,0,,0,1,,North,2024/2025,GREAT SOUTH ROAD,WEYMOUTH ROAD,,Non-Injury Crash,No,2024,,South,,0,,Flat,,,,,,Dark,751600,0,0,0,2,,,0,,,,,,Auckland Region,Nil,2-way,Sealed,,0,0,,50,,On,0,0,,76,Auckland,Nil,,,,,0,0,Urban,0,,,Fine,Null
1744919.4756,5921241.3814,789482,,513631,0,,0,3,,North,2024/2025,NORTH-WESTERN MOTORWAY,HURUHURU OBR,,Minor Crash,Yes,2024,,North,,0,,Flat,,,,,,Dark,227801,3,0,0,3,,,0,,,,,,Auckland Region,Nil,1-way,Sealed,,0,0,,100,,On,0,0,,76,Auckland,Nil,,,,,0,0,Open,0,,,Fine,Null
1752743.1758,5915615.7414,789490,,517902,0,0,0,2,0,North,2023/2024,RICHARDSON ROAD,GRANDE AVENUE,,Non-Injury Crash,No,2024,0,North,0,0,0,Flat,0,,0,,0,Dark,519100,0,0,0,2,0,0,0,0,2,,0,0,Auckland Region,Nil,2-way,Sealed,0,0,0,0,50,0,On,1,0,,76,Auckland,Nil,0,0,0,0,0,0,Urban,0,0,0,Fine,Null
1754587.7028,5913723.2162,789499,,518803,0,,0,2,,West,2025/2026,SOUTH-WESTERN MOTORWAY,DOMINION ROAD OFF RAMP,,Non-Injury Crash,Yes,2025,,South,,0,,Flat,,,,,,Twilight,581700,0,0,0,3,,,0,,,,,,Auckland Region,Nil,1-way,Sealed,,0,0,,100,,On,0,0,,76,Auckland,Nil,,,,,0,1,Open,0,,,Fine,Null
1764472.8225,5912962.8324,789514,,520500,0,,0,1,,Null,2022/2023,CARBINE ROAD,SOUTH-EASTERN HIGHWAY,,Non-Injury Crash,No,2023,,South,,0,,Flat,,Queens Birthday,,,,Overcast,639100,0,0,0,5,,,0,,,,,,Auckland Region,Nil,2-way,Sealed,,0,0,,50,,Off,1,0,,76,Auckland,Traffic Signals,,,,,0,0,Urban,0,,,Fine,Null
1766898.4858,5901816.8515,789515,,524720,0,,0,1,,South,2025/2026,GLOUCESTER ROAD,BROWNS ROAD,,Non-Injury Crash,No,2025,,North,,0,,Flat,,,,,,Dark,777800,0,0,0,2,,,0,,,,,,Auckland Region,Nil,2-way,Sealed,,0,0,,50,,On,0,0,,76,Auckland,Nil,,,,,0,0,Urban,1,,,Fine,Null
1749504.9437,5945810.5625,789524,,506001,0,,0,0,,Null,2024/2025,HIBISCUS COAST HIGHWAY,EAST COAST ROAD,,Non-Injury Crash,No,2025,,West,,0,,Flat,,,,,,Overcast,175600,0,0,0,2,,,0,,,,,,Auckland Region,Nil,1-way,Sealed,,0,0,,60,,Off,1,0,,76,Auckland,Traffic Signals,,,,,0,0,Urban,1,,,Light rain,Null
1758935.8866,5913196.0948,789532,,519820,0,,0,1,,Null,2023/2024,ONEHUNGA MALL,MOUNT SMART ROAD,,Serious Crash,No,2024,,North,,0,,Flat,,,,,,Dark,599100,0,0,1,4,,,0,,,,,,Auckland Region,Nil,2-way,Sealed,,0,1,,50,,On,0,0,,76,Auckland,Traffic Signals,,,,,0,0,Urban,0,,,Fine,Null
1763201.7937,5913944.2853,789547,,520401,0,0,0,1,0,West,2024/2025,PENROSE ROAD,FITZGERALD ROAD,,Non-Injury Crash,No,2024,0,East,0,0,0,Null,0,,0,,0,Unknown,642802,0,0,0,2,0,0,0,0,1,,0,0,Auckland Region,Nil,2-way,Sealed,0,0,0,0,50,0,Null,0,0,,76,Auckland,Nil,0,0,0,0,0,0,Urban,0,0,0,Fine,Null
1753220.9475,5931096.2206,789555,,508803,0,0,0,3,0,Null,2024/2025,BARBADOS DRIVE,GRENADINE PLACE,,Non-Injury Crash,No,2024,0,East,0,0,0,Flat,0,,0,,0,Overcast,180819,0,0,0,2,0,0,0,0,2,,0,0,Auckland Region,Nil,2-way,Sealed,0,0,0,0,50,0,Off,0,0,,76,Auckland,Give way,0,0,0,0,0,0,Urban,0,0,0,Fine,Null
1758938.5062,5913820.1529,789564,,519300,0,,0,2,,North,2024/2025,CAMPBELL ROAD,ONEHUNGA MALL,,Non-Injury Crash,No,2025,,South,,0,,Null,,,,,,Bright sun,624900,0,0,0,2,,,0,,,,,,Auckland Region,Nil,2-way,Sealed,,0,0,,50,,Null,0,0,,76,Auckland,Nil,,,,,0,0,Urban,0,,,Fine,Null
1759178.5825,5908024.4067,789570,,524002,0,0,0,3,0,Null,2023/2024,MCKENZIE ROAD,KORO LANE,,Non-Injury Crash,No,2023,0,South,0,0,0,Flat,0,,0,,0,Twilight,725601,0,0,0,2,0,0,0,0,1,,0,0,Auckland Region,Nil,2-way,Sealed,0,0,0,0,50,0,On,0,0,,76,Auckland,Nil,0,0,0,0,0,0,Urban,0,0,0,Fine,Null
1754181.149,5927890.125,789587,,508310,0,,1,0,,Null,2024/2025,BENTLEY AVENUE,BATTLE PLACE,,Minor Crash,No,2025,,West,,0,,Flat,,,,,,Overcast,200500,1,0,0,2,,,0,,,1,,,Auckland Region,Nil,2-way,Sealed,,0,0,,50,,None,0,0,,76,Auckland,Nil,,,,,0,0,Urban,0,,,Fine,Null