X,Y,OBJECTID,advisorySpeed,areaUnitID,bicycle,bridge,bus,carStationWagon,cliffBank,crashDirectionDescription,crashFinancialYear,crashLocation1,crashLocation2,crashRoadSideRoad,crashSeverity,crashSHDescription,crashYear,debris,directionRoleDescription,ditch,fatalCount,fence,flatHill,guardRail,holiday,houseOrBuilding,intersection,kerb,light,meshblockId,minorInjuryCount,moped,motorcycle,NumberOfLanes,objectThrownOrDropped,otherObject,otherVehicleType,overBank,parkedVehicle,pedestrian,phoneBoxEtc,postOrPole,region,roadCharacter,roadLane,roadSurface,roadworks,schoolBus,seriousInjuryCount,slipOrFlood,speedLimit,strayAnimal,streetLight,suv,taxi,temporarySpeedLimit,tlaId,tlaName,trafficControl,trafficIsland,trafficSign,train,tree,truck,unknownVehicleType,urban,vanOrUtility,vehicle,waterRiver,weatherA,weatherB
1750822.5569,5926242.4905,789618,,510010,0,0,0,1,0,Null,2023/2024,RANGATIRA ROAD,TRAMWAY ROAD,,Non-Injury Crash,No,2023,0,South,0,0,0,Flat,1,,0,,0,Overcast,344000,0,0,0,2,0,0,0,0,0,,0,0,Auckland Region,Nil,2-way,Sealed,0,0,0,0,50,0,Off,0,0,,76,Auckland,Give way,0,0,0,0,0,0,Urban,0,0,0,Fine,Null
1765030.9253,5902949.1002,789619,,524604,0,,0,0,,North,2025/2026,ROSCOMMON ROAD,WIRI STATION ROAD,,Non-Injury Crash,No,2025,,South,,0,,Flat,,,,,,Overcast,781302,0,0,0,4,,,0,,,,,,Auckland Region,Nil,2-way,Sealed,,0,0,,60,,Off,0,0,,76,Auckland,Nil,,,,,0,0,Urban,2,,,Heavy rain,Strong wind
1765797.5034,5906645.4394,789620,,522202,0,,0,2,,Null,2024/2025,GREAT SOUTH ROAD,BUTLER AVENUE,,Minor Crash,No,2025,,South,,0,,Flat,,,,,,Overcast,663800,1,0,0,4,,,0,,,,,,Auckland Region,Nil,2-way,Sealed,,0,0,,50,,Off,0,0,,76,Auckland,Stop,,,,,0,0,Urban,0,,,Fine,Null
1770445.796,5898833.7002,789626,,523920,0,0,0,2,0,North,2023/2024,GREAT SOUTH ROAD,MARU ROAD,,Serious Crash,No,2023,0,South,0,0,0,Flat,0,,0,,0,Dark,768008,0,0,0,2,0,0,0,0,0,,0,0,Auckland Region,Nil,2-way,Sealed,0,0,1,0,50,0,On,0,0,,76,Auckland,Nil,0,0,0,1,0,0,Urban,0,0,0,Fine,Null
1770844.3536,5886872.9916,789628,,521122,0,,0,0,,South,2024/2025,BURTT ROAD,SOLITAIRE LANE,,Non-Injury Crash,No,2024,,North,,0,,Hill Road,,,,,,Bright sun,813400,0,0,0,2,,,0,,,,,,Auckland Region,Nil,2-way,Sealed,,0,0,,80,,None,0,0,,76,Auckland,Nil,,,,,0,0,Open,1,,,Fine,Null
1763540.3212,5915334.6783,789650,,520302,0,,0,2,,South,2024/2025,MARUA ROAD,HARRIS ROAD,,Minor Crash,No,2024,,South,,0,,Flat,,,,,,Overcast,626000,2,0,0,2,,,0,,,,,,Auckland Region,Nil,2-way,Sealed,,0,0,,50,,None,0,0,,76,Auckland,Nil,,,,,0,0,Urban,0,,,Fine,Null
1770413.771,5909270.1817,789660,,523114,0,,0,1,,Null,2023/2024,RIALTO COURT,MIDDLEFIELD DRIVE,,Minor Crash,No,2024,,East,,0,,Flat,,,,,,Overcast,712101,2,0,0,2,,,0,,,2,,,Auckland Region,Nil,2-way,Sealed,,0,0,,50,,None,0,0,40,76,Auckland,Give way,,,,,0,0,Urban,0,,,Fine,Strong wind
1770115.309,5905826.8032,789666,,523712,0,,0,2,,Null,2022/2023,HIKUAWA ROAD,CASTLEBANE DRIVE,,Non-Injury Crash,No,2023,,South,,0,,Flat,,,,,,Dark,713201,0,0,0,4,,,0,,,,,,Auckland Region,Nil,2-way,Sealed,,0,0,,50,,On,0,0,,76,Auckland,Give way,,,,,0,0,Urban,0,,,Fine,Null
1785571.282,5926103.5641,789668,,520801,0,,0,1,,Null,2024/2025,OFF ROAD - CAR PARK,,,Minor Crash,No,2025,,West,,0,,Flat,,,,,,Overcast,515715,1,0,0,,,,0,,,1,,,Auckland Region,Nil,Off road,Sealed,,0,0,,,,Off,0,0,,76,Auckland,Nil,,,,,0,0,Urban,0,,,Fine,Null
1745593.1259,5916718.7197,789675,,510800,0,0,0,2,0,South,2025/2026,VITASOVICH AVENUE,BRISCOES CARPARK ENT,,Minor Crash,No,2026,0,South,0,0,0,Flat,0,,0,,0,Bright sun,243300,1,0,0,2,0,0,0,0,1,,0,0,Auckland Region,Nil,2-way,Sealed,0,0,0,0,50,0,Off,1,0,,76,Auckland,Nil,0,0,0,0,0,0,Urban,0,0,0,Fine,Null
1764969.895,5911735.724,789676,,520500,0,,0,0,,West,2023/2024,PANAMA ROAD,CARBINE ROAD,,Non-Injury Crash,No,2024,,East,,0,,Flat,,,,,,Bright sun,635602,0,0,0,2,,,0,,,,,,Auckland Region,Nil,2-way,Sealed,,0,0,,50,,Off,1,0,,76,Auckland,Traffic Signals,,,,,0,0,Urban,1,,,Fine,Null
1762700.6694,5906848.6677,789682,,524301,0,0,0,1,0,East,2022/2023,BUCKLAND ROAD,RAGLAN STREET,,Non-Injury Crash,No,2023,0,East,0,0,0,Flat,0,,0,,0,Dark,746700,0,0,0,2,0,0,0,0,0,,0,0,Auckland Region,Nil,2-way,Sealed,0,0,0,0,50,0,On,0,0,,76,Auckland,Nil,0,0,0,1,0,0,Urban,0,0,0,Fine,Null
1735620.6984,5989260.9213,789684,,506660,0,0,0,1,0,East,2023/2024,SH 1,VIPOND ROAD,,Non-Injury Crash,Yes,2024,0,South,1,0,0,Hill Road,0,,0,,0,Bright sun,135700,0,0,0,2,0,0,0,0,0,,0,0,Auckland Region,Nil,2-way,Sealed,0,0,0,0,100,0,None,0,0,,76,Auckland,Nil,0,0,0,0,0,0,Open,0,0,0,Fine,Null
1756179.9876,5926983.4047,789699,,507900,0,,0,2,,North,2023/2024,NORTHCOTE ROAD,TAKAPUNA GOLF COURSE,,Non-Injury Crash,No,2024,,East,,0,,Flat,,,,,,Bright sun,305201,0,0,0,4,,,0,,,,,,Auckland Region,Nil,2-way,Sealed,,0,0,,50,,Off,0,0,,76,Auckland,Nil,,,,,0,0,Urban,0,,,Fine,Null
1749968.6544,5952152.5026,789714,,506202,0,0,0,0,1,South,2025/2026,NORTHERN GATEWAY TOLL ROAD,OTANERUA VIADUCT SOUTH,,Minor Crash,Yes,2025,0,South,0,0,0,Hill Road,0,,0,,0,Overcast,176303,1,0,0,4,0,0,0,0,0,,0,0,Auckland Region,Nil,2-way,Sealed,0,0,0,0,100,0,None,0,0,,76,Auckland,Nil,0,0,0,0,0,0,Open,1,0,0,Heavy rain,Null
1760958.9356,5947652.9053,789715,,505904,0,0,0,1,0,West,2024/2025,WHANGAPARAOA ROAD,BLUE VISTA ROAD,,Non-Injury Crash,No,2024,0,East,0,0,0,Flat,0,,0,,0,Dark,175006,0,0,0,2,0,0,0,0,1,,0,0,Auckland Region,Nil,2-way,Sealed,0,0,0,0,50,0,On,1,0,,76,Auckland,Nil,0,0,0,0,0,0,Urban,0,0,0,Light rain,Null
1772423.4322,5898980.4958,789722,,523912,0,,0,1,,Null,2024/2025,TARAPIROE AVENUE,KUAKA DRIVE,,Non-Injury Crash,No,2025,,East,,0,,Null,,,,,,Twilight,765401,0,0,0,2,,,0,,,,,,Auckland Region,Nil,2-way,Sealed,,0,0,,50,,Null,1,0,,76,Auckland,Nil,,,,,0,0,Urban,0,,,Fine,Null
1756104.7596,5923764.0095,789738,,509800,0,,0,0,,South,2024/2025,NORTHERN MOTORWAY,WEIGH BRIDGE,,Non-Injury Crash,Yes,2025,,South,,0,,Flat,,,,,,Dark,358800,0,0,0,5,,,0,,,,,,Auckland Region,Nil,1-way,Sealed,,0,0,,80,,On,0,0,,76,Auckland,Nil,,,,,2,0,Open,0,,,Fine,Null
1757129.7887,5920517.947,789747,,514102,0,0,0,1,0,Null,2022/2023,VICTORIA STREET WEST,FEDERAL STREET,,Non-Injury Crash,No,2023,0,West,0,0,0,Flat,0,Queens Birthday,0,,0,Dark,433404,0,0,0,6,0,1,0,0,0,,0,0,Auckland Region,Nil,2-way,Sealed,0,0,0,0,30,0,On,0,0,,76,Auckland,Traffic Signals,0,0,0,0,0,0,Urban,0,0,0,Fine,Null
1777192.992,5879842.142,789753,,521160,0,,0,4,,North,2023/2024,GREAT SOUTH ROAD,RIDGE ROAD OFF RAMP,,Minor Crash,Yes,2024,,South,,0,,Flat,,,,,,Bright sun,827800,1,0,0,2,,,0,,,,,,Auckland Region,Nil,1-way,Sealed,,0,0,,100,,Off,0,0,,76,Auckland,Nil,,,,,0,0,Open,0,,,Fine,Null
1760157.8041,5908650.3923,789769,,524403,0,,0,2,,Null,2022/2023,DONNELL AVENUE,MASTERS PLACE,,Non-Injury Crash,No,2023,,South,,0,,Flat,,,,,,Overcast,729800,0,0,0,2,,,0,,,,,,Auckland Region,Nil,2-way,Sealed,,0,0,,50,,Off,0,0,,76,Auckland,Nil,,,,,0,0,Urban,0,,,Fine,Null
1767259.3769,5888061.2887,789778,,521122,0,,0,2,,Null,2024/2025,PAERATA ROAD,KARAKA ROAD,,Non-Injury Crash,Yes,2024,,North,,0,,Flat,,,,,,Overcast,812800,0,0,0,2,,,0,,,,,,Auckland Region,Nil,2-way,Sealed,,0,0,,80,,Null,0,0,,76,Auckland,Give way,,,,,0,0,Open,0,,,Fine,Null
1769307.2795,5916278.7355,789785,,522730,0,,0,1,,Null,2023/2024,PRINCE REGENT DRIVE,TUSCAN PLACE,,Minor Crash,No,2024,,East,,0,,Flat,,,,,,Bright sun,679200,1,0,0,2,,,0,,,1,,,Auckland Region,Nil,2-way,Sealed,,0,0,,50,,Off,0,0,,76,Auckland,Nil,,,,,0,0,Urban,0,,,Fine,Null
1745692.4496,5917002.5133,789803,,510800,0,,0,2,,Null,2025/2026,EDSEL STREET,VITASOVICH AVENUE,,Non-Injury Crash,No,2025,,South,,0,,Flat,,,,,,Dark,243300,0,0,0,4,,,0,,,,,,Auckland Region,Nil,2-way,Sealed,,0,0,,50,,Off,0,0,,76,Auckland,Give way,,,,,0,0,Urban,0,,,Fine,Null
1768831.5645,5899541.3131,789811,,525101,0,,0,1,,Null,2024/2025,MAHIA ROAD,FIELDS ROAD,,Non-Injury Crash,No,2025,,East,,0,,Flat,,,,,,Bright sun,770400,0,0,0,2,,,0,,,,,,Auckland Region,Nil,2-way,Sealed,,0,0,,50,,Off,0,0,,76,Auckland,Stop,,,,,0,0,Urban,1,,,Fine,None
1759366.0714,5910712.4816,789818,,524002,0,,0,2,,North,2023/2024,SOUTH-WESTERN MOTORWAY,MAHUNGA DRIVE OFF RAMP,,Non-Injury Crash,Yes,2024,,South,,0,,Flat,,,,,,Bright sun,722400,0,0,0,4,,,0,,,,,,Auckland Region,Nil,1-way,Sealed,,0,0,,100,,Off,3,0,,76,Auckland,Nil,,,,,0,0,Open,0,,,Fine,Null
1744184.2029,5931832.8326,789819,,506400,0,,0,0,,North,2023/2024,COATESVILLE-RIVERHEAD HIGHWAY,RIDGE ROAD,,Non-Injury Crash,No,2023,,North,,0,,Hill Road,,,,,,Bright sun,216800,0,0,0,2,,,0,,,,,,Auckland Region,Nil,2-way,Sealed,,0,0,,60,,Off,0,0,,76,Auckland,Nil,,,,,0,0,Urban,1,,,Fine,Null
1763643.4807,5907458.7515,789834,,524301,0,0,0,0,0,Null,2024/2025,GRAY AVENUE,ORAKAU ROAD,,Non-Injury Crash,No,2025,0,East,0,0,0,Flat,0,,0,,0,Bright sun,748100,0,0,0,2,0,1,0,0,0,1,0,0,Auckland Region,Nil,2-way,Sealed,0,0,0,0,40,0,Off,0,0,20,76,Auckland,Stop,0,0,0,0,1,0,Urban,0,0,0,Fine,Null
1764798.6323,5903510.7981,789835,,524604,0,,0,1,,Null,2023/2024,ROSCOMMON ROAD,JERRY GREEN STREET,,Minor Crash,No,2023,,South,,0,,Flat,,Christmas New Year,,,,Dark,781200,1,0,0,4,,,0,,,1,,,Auckland Region,Nil,2-way,Sealed,,0,0,,60,,On,0,0,,76,Auckland,Give way,,,,,0,0,Urban,0,,,Fine,Null
1776022.1062,5883679.8164,789841,35,521132,0,,0,2,,Null,2023/2024,BOMBAY ROAD,GREAT SOUTH ROAD,,Non-Injury Crash,No,2024,,West,,0,,Hill Road,,,,,,Overcast,814702,0,0,0,2,,,0,,,,,,Auckland Region,Nil,2-way,Sealed,,0,0,,60,,Off,0,0,,76,Auckland,Stop,,,,,0,0,Urban,0,,,Light rain,Null
1758659.3748,5911614.1607,789843,,519810,0,,0,3,,South,2023/2024,SOUTH-WESTERN MOTORWAY,NEILSON STREET OFF RAMP,,Non-Injury Crash,Yes,2023,,South,,0,,Flat,,,,,,Overcast,602501,0,0,0,3,,,0,,,,,,Auckland Region,Motorway ramp,1-way,Sealed,,0,0,,100,,Off,0,0,,76,Auckland,Nil,,,,,0,0,Open,0,,,Fine,Null
1752494.2716,5916158.4478,789851,,517903,0,,0,1,,Null,2023/2024,NEW NORTH ROAD,MCLEAN STREET,,Minor Crash,No,2024,,South,,0,,Flat,,Easter,,,,Bright sun,520200,1,0,0,4,,,0,,,,,,Auckland Region,Nil,2-way,Sealed,,0,0,,50,,Off,0,0,,76,Auckland,Stop,,,,,0,0,Urban,1,,,Fine,Null
1771525.2227,5897802.9107,789857,,523912,0,,0,2,,Null,2023/2024,GREAT SOUTH ROAD,INLET ROAD,,Non-Injury Crash,No,2023,,North,,0,,Flat,,,,,,Overcast,767808,0,0,0,2,,,0,,,,,,Auckland Region,Nil,2-way,Sealed,,0,0,,50,,Off,0,0,,76,Auckland,Give way,,,,,0,0,Urban,0,,,Light rain,Null
1764902.7678,5913340.7811,789859,,520500,0,0,0,1,0,East,2023/2024,ALLRIGHT PLACE,DONNOR PLACE,,Non-Injury Crash,No,2023,0,East,0,0,0,Flat,0,,1,,0,Dark,638906,0,0,0,2,0,0,0,0,0,,0,0,Auckland Region,Nil,2-way,Sealed,0,0,0,0,50,0,On,0,0,,76,Auckland,Nil,0,0,0,0,0,0,Urban,0,0,0,Fine,Null
1767998.9287,5913995.844,789866,,522820,0,,0,2,,South,2025/2026,GLENMORE ROAD,THE BOULEVARD,,Serious Crash,No,2025,,North,,0,,Hill Road,,,,,,Bright sun,692202,0,0,1,2,,,0,,,,,,Auckland Region,Nil,2-way,Sealed,,0,1,,50,,None,0,0,40,76,Auckland,Nil,,,,,0,0,Urban,0,,,Fine,Null
1768841.3779,5910694.7629,789867,,523112,0,,0,1,,Null,2023/2024,HARRIS ROAD,GREENMOUNT DRIVE,,Non-Injury Crash,No,2023,,South,,0,,Flat,,,,,,Bright sun,711701,0,0,0,4,,,0,,,,,,Auckland Region,Nil,2-way,Sealed,,0,0,,60,,Off,0,0,20,76,Auckland,Give way,,,,,0,0,Urban,1,,,Light rain,Null
1747024.9928,5913810.6394,789874,,511100,0,,0,2,,Null,2024/2025,GLENDALE ROAD,GLENMALL PLACE,,Non-Injury Crash,No,2025,,North,,0,,Flat,,,,,,Bright sun,286200,0,0,0,2,,,0,,,,,,Auckland Region,Nil,2-way,Sealed,,0,0,,50,,Off,0,0,,76,Auckland,Traffic Signals,,,,,0,0,Urban,0,,,Fine,Null
1776173.8108,5884836.6348,789875,,521132,0,,0,2,,North,2023/2024,SOUTHERN MOTORWAY,ST STEPHENS OBR,,Non-Injury Crash,Yes,2023,,South,,0,,Flat,,,,,,Overcast,814702,0,0,0,2,,,0,,,,,,Auckland Region,Nil,1-way,Sealed,,0,0,,100,,None,0,0,,76,Auckland,Nil,,,,,0,0,Open,0,,,Light rain,Null
1751218.8919,5915262.1089,789882,,514401,0,,0,1,,Null,2025/2026,GREAT NORTH ROAD,CRAYFORD STREET WEST,,Serious Crash,No,2025,,North,,0,,Flat,,,,,,Overcast,382400,0,0,1,2,,,0,,,,,,Auckland Region,Nil,2-way,Sealed,,0,1,,50,,Off,0,0,,76,Auckland,Nil,,,,,0,0,Urban,0,,,Fine,Null
1746691.335,5917782.6059,789889,,512500,0,,0,1,,Null,2023/2024,TE ATATU ROAD,ROBERTS ROAD,,Non-Injury Crash,No,2023,,North,,0,,Flat,,,,,,Bright sun,257300,0,0,1,2,,,0,,,,,,Auckland Region,Nil,2-way,Sealed,,0,0,,50,,Off,0,0,,76,Auckland,Give way,,,,,0,0,Urban,0,,,Fine,Null
1760129.6316,5915948.6548,789890,,516002,0,,0,1,,North,2024/2025,SOUTHERN MOTORWAY,GREENLANE INT,,Non-Injury Crash,Yes,2024,,North,,0,,Flat,,,,,,Overcast,492100,0,0,0,3,,,0,,,,,,Auckland Region,Nil,1-way,Sealed,,0,0,,100,,Off,0,0,,76,Auckland,Nil,,,,,1,0,Open,0,,,Fine,Null
1756133.0012,5916110.1924,789891,,518301,0,0,0,2,1,East,2023/2024,BALMORAL ROAD,MATIPO STREET,,Non-Injury Crash,No,2023,0,West,0,0,1,Flat,0,,0,,0,Dark,556200,0,0,0,4,0,0,0,0,1,,0,0,Auckland Region,Nil,2-way,Sealed,0,0,0,0,50,0,On,0,0,,76,Auckland,Nil,0,0,0,0,0,0,Urban,0,0,0,Fine,Null
1756843.2683,5919462.1065,789897,,514200,0,0,0,2,0,Null,2023/2024,KARANGAHAPE ROAD,PITT STREET,,Non-Injury Crash,No,2023,0,West,0,0,0,Hill Road,0,,0,,0,Dark,412200,0,0,0,1,0,0,0,0,1,,0,0,Auckland Region,Nil,1-way,Sealed,0,0,0,0,30,0,On,0,0,,76,Auckland,Nil,0,0,0,0,0,0,Urban,0,0,0,Fine,Null
1768498.6417,5907662.4404,789898,,523711,0,,0,0,,Null,2024/2025,ORMISTON ROAD,JARVIS WAY,,Non-Injury Crash,No,2024,,West,,0,,Flat,,,,,,Dark,712304,0,0,0,4,,,0,,,,,,Auckland Region,Nil,2-way,Sealed,,0,0,,50,,On,0,0,,76,Auckland,Traffic Signals,,,,,1,0,Urban,0,,,Fine,Null
1746581.4675,5916565.4672,789914,,511601,0,,0,1,,South,2025/2026,TE ATATU ROAD,TIRIMOANA ROAD,,Minor Crash,No,2025,,North,,0,,Flat,,,,,,Bright sun,274505,1,0,0,2,,,0,,,1,,,Auckland Region,Nil,2-way,Sealed,,0,0,,50,,Off,0,0,,76,Auckland,Nil,,,,,0,0,Urban,0,,,Fine,Null
1752520.0834,5914236.6149,789915,,514500,0,,0,1,,Null,2024/2025,NEW WINDSOR ROAD,TIVERTON ROAD,,Minor Crash,No,2024,,West,,0,,Flat,,,,,,Twilight,375100,1,1,0,4,,,0,,,,,,Auckland Region,Nil,2-way,Sealed,,0,0,,50,,On,0,0,,76,Auckland,Traffic Signals,,,,,0,0,Urban,0,,,Fine,Null
1756012.9772,5923133.1259,789930,,509800,0,,0,2,,South,2024/2025,NORTHERN MOTORWAY,HARBOUR BR N,,Non-Injury Crash,Yes,2025,,North,,0,,Flat,,,,,,Bright sun,359300,0,0,0,2,,,0,,,,,,Auckland Region,Bridge,1-way,Sealed,,0,0,,80,,Off,0,0,,76,Auckland,Nil,,,,,0,0,Open,0,,,Fine,Null
1783820.9398,5908877.8567,789945,,525201,0,0,0,1,1,South,2022/2023,NORTH ROAD,WHEELER RISE,,Serious Crash,No,2023,0,North,0,0,0,Flat,0,,0,,0,Dark,762700,0,0,0,2,0,0,0,0,0,,0,0,Auckland Region,Nil,2-way,Sealed,0,0,1,0,80,0,None,0,0,,76,Auckland,Nil,0,0,0,0,0,0,Open,0,0,0,Light rain,Null
1758930.9745,5904906.6477,789946,,524200,0,,0,2,,North,2024/2025,GEORGE BOLT MEMORIAL DRIVE,VERISSIMO DRIVE,,Non-Injury Crash,Yes,2025,,South,,0,,Flat,,,,,,Dark,727700,0,0,0,5,,,0,,,,,,Auckland Region,Nil,2-way,Sealed,,0,0,,60,,On,0,0,,76,Auckland,Nil,,,,,0,0,Urban,0,,,Fine,Null
1756513.5502,5926968.0755,789947,,507900,0,,0,0,,North,2023/2024,NORTHERN MOTORWAY,NORTHCOTE ROAD ON RAMP,,Minor Crash,Yes,2024,,South,,0,,Flat,,,,,,Twilight,303502,1,0,1,3,,,0,,,,,,Auckland Region,Nil,1-way,Sealed,,0,0,,100,,On,1,0,,76,Auckland,Nil,,,,,0,0,Open,0,,,Fine,Null
1772135.2322,5914956.6826,789954,,521602,0,,0,1,,Null,2024/2025,MOORE STREET,FENCIBLE DRIVE,,Non-Injury Crash,No,2024,,South,,0,,Null,,,,,,Unknown,649900,0,0,0,2,,,0,,,,,,Auckland Region,Nil,2-way,Null,,0,0,,50,,Null,0,0,,76,Auckland,Give way,,,,,0,1,Urban,0,,,Null,Null
1744574.4219,5922475.2871,789955,,513521,0,,0,1,,Null,2023/2024,ROYAL ROAD,MOIRE ROAD,,Non-Injury Crash,No,2023,,North,,0,,Hill Road,,,,,,Bright sun,224237,0,0,0,4,,,0,,,,,,Auckland Region,Nil,2-way,Sealed,,0,0,,50,,Off,0,0,,76,Auckland,Traffic Signals,,,,,1,0,Urban,0,,,Fine,Null
1761092.1556,5914366.0571,789969,,520202,0,,0,2,,Null,2022/2023,ELLERSLIE-PANMURE HIGHWAY,GREAT SOUTH ROAD,,Non-Injury Crash,No,2023,,East,,0,,Flat,,,,,,Bright sun,612200,0,0,0,2,,,0,,,,,,Auckland Region,Nil,1-way,Sealed,,0,0,,50,,None,0,0,,76,Auckland,Give way,,,,,0,0,Urban,0,,,Fine,Null
1745125.6356,5925465.3969,789985,,513431,0,0,0,0,0,West,2023/2024,UPPER HARBOUR MOTORWAY,BRIGHAM CREEK ROAD OFF RAMP,,Minor Crash,Yes,2023,0,East,0,0,0,Flat,1,,0,,0,Dark,223702,1,0,0,2,0,0,0,0,0,,0,0,Auckland Region,Nil,1-way,Sealed,0,0,0,0,100,0,On,0,0,,76,Auckland,Nil,0,0,0,0,0,0,Open,1,0,0,Fine,Null
1756190.2454,5924148.7532,790003,,509800,0,0,0,0,0,Null,2023/2024,NORTHERN MOTORWAY,NORTHERN BUSWAY,,Serious Crash,Yes,2023,0,South,0,0,0,Flat,1,Christmas New Year,0,,0,Twilight,361100,0,0,1,5,0,0,0,0,0,,0,0,Auckland Region,Nil,1-way,Sealed,0,0,1,0,80,0,On,0,0,,76,Auckland,Nil,0,0,0,0,0,0,Open,0,0,0,Fine,Null
1749850.6815,5969492.6412,790017,,505500,1,,0,1,,Null,2023/2024,PULHAM ROAD,ALNWICK STREET,,Minor Crash,No,2024,,West,,0,,Flat,,,,,,Bright sun,141400,1,0,0,2,,,0,,,1,,,Auckland Region,Nil,2-way,Sealed,,0,0,,50,,Off,0,0,,76,Auckland,Nil,,,,,0,0,Urban,0,,,Fine,Null
1759726.4724,5908020.2059,790019,,524121,0,0,0,1,0,Null,2023/2024,ELMDON STREET,VENTURA STREET,,Non-Injury Crash,No,2024,0,South,0,0,0,Flat,0,,0,,0,Overcast,737302,0,0,0,2,0,0,0,0,0,,0,1,Auckland Region,Nil,2-way,Sealed,0,0,0,0,50,0,Off,0,0,,76,Auckland,Nil,0,0,0,0,0,0,Urban,0,0,0,Fine,Null
1774056.4078,5899916.0629,790025,,523813,0,0,0,0,0,West,2023/2024,AIRFIELD ROAD,CORSAIR LANE,,Fatal Crash,No,2023,0,East,1,1,1,Flat,0,,1,,0,Overcast,761000,0,0,0,2,0,1,0,0,0,,0,0,Auckland Region,Nil,2-way,Unsealed,0,0,0,0,80,0,None,1,0,,76,Auckland,Nil,0,0,0,0,0,0,Open,0,0,0,Fine,Strong wind
1744224.2677,5922554.6119,790026,,513511,0,,0,0,,West,2024/2025,ROYAL ROAD,MAKORA ROAD,,Non-Injury Crash,No,2024,,West,,0,,Hill Road,,,,,,Bright sun,224303,0,0,0,2,,,0,,,,,,Auckland Region,Nil,2-way,Sealed,,0,0,,50,,Off,1,0,,76,Auckland,Nil,,,,,0,0,Urban,1,,,Fine,Null
1757694.8467,5918276.365,790027,,518101,0,,0,3,,South,2024/2025,SOUTHERN MOTORWAY,KHYBER PASS ROAD OFF RAMP,,Minor Crash,Yes,2024,,North,,0,,Flat,,,,,,Bright sun,543000,1,0,0,5,,,0,,,,,,Auckland Region,Motorway ramp,1-way,Sealed,,0,0,,80,,Off,0,0,,76,Auckland,Nil,,,,,0,0,Open,0,,,Fine,Null
1743633.0865,5923667.2743,790033,,513511,0,,1,1,,Null,2023/2024,FERNHILL DRIVE,CABERNET CRESCENT,,Non-Injury Crash,No,2023,,North,,0,,Flat,,,,,,Overcast,224306,0,0,0,4,,,0,,,,,,Auckland Region,Nil,2-way,Sealed,,0,0,,50,,Off,0,0,,76,Auckland,Traffic Signals,,,,,0,0,Urban,0,,,Fine,Null
1728352.0649,5941737.0667,790034,,506645,0,0,0,1,0,East,2024/2025,PARAKAI AVENUE,TE MOAU AVENUE,,Non-Injury Crash,No,2024,0,West,0,0,0,Null,0,,0,,0,Dark,210803,0,0,0,2,0,0,0,0,1,,0,0,Auckland Region,Nil,2-way,Sealed,0,0,0,0,50,0,On,0,0,,76,Auckland,Nil,0,0,0,0,0,1,Urban,0,0,0,Light rain,Null
1769922.855,5909831.3913,790041,,523113,0,,0,2,,Null,2022/2023,TE IRIRANGI DRIVE,SMALES ROAD,,Non-Injury Crash,No,2023,,North,,0,,Flat,,,,,,Dark,711813,0,0,0,6,,,0,,,,,,Auckland Region,Nil,2-way,Sealed,,0,0,,60,,On,0,0,,76,Auckland,Traffic Signals,,,,,0,0,Urban,0,,,Fine,Null
1758935.6355,5916551.0051,790042,,519200,0,0,0,0,0,South,2024/2025,MARKET ROAD,DUNKERRON AVENUE,,Non-Injury Crash,No,2024,0,West,0,0,0,Flat,0,,0,,0,Dark,615000,0,0,0,2,0,0,0,0,0,,0,1,Auckland Region,Nil,2-way,Sealed,0,0,0,0,50,0,On,0,0,,76,Auckland,Nil,0,0,0,0,0,0,Urban,1,0,0,Light rain,Null
1763715.6426,5905881.3704,790050,,524303,0,,0,1,,Null,2024/2025,LENDENFELD DRIVE,MALASPINA PLACE,,Non-Injury Crash,No,2024,,North,,0,,Null,,,,,,Unknown,746312,0,0,0,2,,,0,,,,,,Auckland Region,Nil,2-way,Null,,0,0,,50,,Null,0,0,,76,Auckland,Give way,,,,,0,1,Urban,0,,,Null,Null
1748912.6532,5911983.9599,790059,,512100,0,0,0,1,0,Null,2023/2024,GOLF ROAD,HAVELLE AVENUE,,Non-Injury Crash,No,2023,0,East,0,0,1,Hill Road,0,,0,,0,Overcast,289500,0,0,0,2,0,0,0,0,0,,0,0,Auckland Region,Nil,2-way,Sealed,0,0,0,0,50,0,Off,0,0,,76,Auckland,Nil,0,0,0,0,0,0,Urban,0,0,0,Fine,Null
1755818.6697,5914010.7973,790065,,518500,0,0,0,0,0,South,2023/2024,MOUNT ALBERT ROAD,BREMNER AVENUE,,Non-Injury Crash,No,2023,0,North,0,0,1,Flat,0,,0,,0,Overcast,563300,0,0,0,4,0,0,0,0,0,,0,0,Auckland Region,Nil,2-way,Sealed,0,0,0,0,50,0,Off,0,0,,76,Auckland,Nil,0,0,0,0,0,0,Urban,1,0,0,Light rain,Null
1754561.9473,5930824.8165,790067,,508520,0,0,0,1,0,North,2023/2024,UPPER HARBOUR HWY ON RAMP,NORTHERN MOTORWAY,,Non-Injury Crash,Yes,2023,0,South,0,0,0,Hill Road,1,,0,,0,Twilight,191104,0,0,0,2,0,0,0,0,0,,0,0,Auckland Region,Motorway ramp,1-way,Sealed,0,0,0,0,100,0,On,0,0,,76,Auckland,Nil,0,0,0,0,0,0,Open,0,0,0,Fine,Null