X,Y,OBJECTID,advisorySpeed,areaUnitID,bicycle,bridge,bus,carStationWagon,cliffBank,crashDirectionDescription,crashFinancialYear,crashLocation1,crashLocation2,crashRoadSideRoad,crashSeverity,crashSHDescription,crashYear,debris,directionRoleDescription,ditch,fatalCount,fence,flatHill,guardRail,holiday,houseOrBuilding,intersection,kerb,light,meshblockId,minorInjuryCount,moped,motorcycle,NumberOfLanes,objectThrownOrDropped,otherObject,otherVehicleType,overBank,parkedVehicle,pedestrian,phoneBoxEtc,postOrPole,region,roadCharacter,roadLane,roadSurface,roadworks,schoolBus,seriousInjuryCount,slipOrFlood,speedLimit,strayAnimal,streetLight,suv,taxi,temporarySpeedLimit,tlaId,tlaName,trafficControl,trafficIsland,trafficSign,train,tree,truck,unknownVehicleType,urban,vanOrUtility,vehicle,waterRiver,weatherA,weatherB
1753559.3147,5924737.0313,790107,,510401,0,,0,2,,Null,2022/2023,HIGHBURY BYPASS,MAHARA AVENUE,,Non-Injury Crash,No,2023,,South,,0,,Flat,,,,,,Unknown,351202,0,0,0,3,,,0,,,,,,Auckland Region,Nil,2-way,Sealed,,0,0,,50,,Off,0,0,,76,Auckland,Give way,,,,,0,0,Urban,0,,,Fine,None
1753756.0718,5930248.0354,790138,,508420,0,,0,1,,West,2024/2025,CARIBBEAN DRIVE,SUNSET ROAD,,Minor Crash,No,2025,,East,,0,,Flat,,,,,,Overcast,182001,1,0,0,1,,,0,,,,,,Auckland Region,Nil,1-way,Sealed,,0,0,,50,,Off,1,0,,76,Auckland,Nil,,,,,0,0,Urban,0,,,Fine,Null
1784014.4388,5901300.9997,790153,,525201,0,0,0,0,0,South,2022/2023,MCNICOL ROAD,WHITESIDE LANE,,Minor Crash,No,2023,0,South,1,0,1,Flat,0,,0,,0,Bright sun,764300,1,0,0,2,0,0,0,0,0,,0,0,Auckland Region,Nil,2-way,Sealed,0,0,0,0,100,0,None,0,0,,76,Auckland,Nil,0,0,0,0,1,0,Open,0,0,0,Fine,Null
1747605.0644,5915051.1907,790162,,511602,0,0,0,2,0,South,2024/2025,BUTTERWORTH DRIVE,ROSEWARNE CRESCENT,,Non-Injury Crash,No,2025,0,South,0,0,0,Hill Road,0,,0,,0,Dark,272707,0,0,0,2,0,0,0,0,1,,0,0,Auckland Region,Nil,2-way,Sealed,0,0,0,0,50,0,On,0,0,,76,Auckland,Nil,0,0,0,0,0,0,Urban,0,0,0,Fine,Null
1772408.6045,5896295.0695,790169,,525410,0,,0,1,,Null,2023/2024,ELLIOT STREET,WOOD STREET,,Non-Injury Crash,No,2023,,East,,0,,Hill Road,,,,,,Dark,791802,0,0,0,2,,,0,,,,,,Auckland Region,Nil,2-way,Sealed,,0,0,,50,,On,0,0,,76,Auckland,Stop,,,,,0,0,Urban,1,,,Fine,Null
1751171.2042,5915034.3566,790187,,514402,0,,0,1,,Null,2024/2025,GREAT NORTH ROAD,WINGATE STREET,,Minor Crash,No,2025,,South,,0,,Flat,,,,,,Overcast,381000,1,0,0,4,,,0,,,,,,Auckland Region,Nil,2-way,Sealed,,0,0,,50,,Off,0,0,,76,Auckland,Give way,,,,,0,0,Urban,1,,,Light rain,Null
1770082.8395,5915605.7514,790202,,522712,0,,0,2,,South,2024/2025,BUCKLANDS BEACH ROAD,GILLS ROAD,,Non-Injury Crash,No,2024,,South,,0,,Flat,,,,,,Bright sun,680808,0,0,0,2,,,0,,,,,,Auckland Region,Nil,2-way,Sealed,,0,0,,50,,Null,0,0,,76,Auckland,Nil,,,,,0,0,Urban,0,,,Fine,Null
1755501.1474,5928216.0151,790203,,507900,0,,0,0,,Null,2024/2025,OFF ROAD-PUBLIC CARPARK,,,Serious Crash,No,2024,,West,,0,,Flat,,,,,,Overcast,305100,0,0,0,,,,0,,,1,,,Auckland Region,Nil,Off road,Sealed,,0,1,,,,Off,1,0,,76,Auckland,Nil,,,,,0,0,Urban,0,,,Fine,Null
1748660.9391,5944881.3118,790227,,506201,0,,0,0,,South,2024/2025,NORTHERN MOTORWAY,SILVERDALE OFF RAMP,,Minor Crash,Yes,2025,,North,,0,,Flat,,,,,,Overcast,176801,1,0,1,3,,,0,,,,,,Auckland Region,Motorway ramp,1-way,Sealed,,0,0,,100,,Off,0,0,,76,Auckland,Nil,,,,,0,0,Open,1,,,Fine,Null
1756771.6803,5919476.7433,790235,,514102,0,,0,2,,West,2024/2025,KARANGAHAPE ROAD,MERCURY LANE,,Non-Injury Crash,No,2024,,East,,0,,Flat,,,,,,Dark,435604,0,0,0,4,,,0,,,,,,Auckland Region,Nil,2-way,Sealed,,0,0,,30,,On,0,0,,76,Auckland,Nil,,,,,0,0,Urban,0,,,Fine,Null
1771126.4604,5906150.0211,790243,,523713,0,,0,2,,Null,2024/2025,MURPHYS ROAD,FLAT BUSH SCHOOL ROAD,,Non-Injury Crash,No,2024,,East,,0,,Flat,,,,,,Dark,713400,0,0,0,5,,,0,,,,,,Auckland Region,Nil,2-way,Sealed,,0,0,,60,,On,0,0,,76,Auckland,Traffic Signals,,,,,0,0,Urban,0,,,Fine,Null
1765482.2429,5899109.2472,790275,,524811,0,0,0,1,0,North,2024/2025,ETHERTON DRIVE,HAROBED PLACE,,Non-Injury Crash,No,2025,0,North,0,0,0,Flat,0,,0,,1,Bright sun,773801,0,0,0,2,0,0,0,0,0,,0,0,Auckland Region,Nil,2-way,Sealed,0,0,0,0,50,0,Off,0,0,,76,Auckland,Nil,0,0,0,0,0,0,Urban,0,0,0,Fine,Null
1765007.437,5904791.0578,790282,35,522100,0,,0,2,,Null,2024/2025,KENDERDINE ROAD,BRIDGE STREET,,Non-Injury Crash,No,2024,,North,,0,,Hill Road,,Christmas New Year,,,,Dark,660100,0,0,0,2,,,0,,,,,,Auckland Region,Nil,2-way,Sealed,,0,0,,50,,On,0,0,,76,Auckland,Stop,,,,,0,0,Urban,0,,,Fine,Null
1753094.9385,5934419.8616,790289,,508701,0,,0,1,,North,2023/2024,NORTHERN MOTORWAY,MCCLYMONTS OBR,,Serious Crash,Yes,2023,,North,,0,,Hill Road,,,,,,Bright sun,179000,0,0,1,5,,,0,,,,,,Auckland Region,Nil,1-way,Sealed,,0,1,,100,,Off,0,0,,76,Auckland,Nil,,,,,0,0,Open,0,,,Fine,Null
1770396.0228,5909013.2506,790290,,523114,0,,0,1,,Null,2024/2025,GRACECHURCH DRIVE,MIDDLEFIELD DRIVE,,Non-Injury Crash,No,2024,,West,,0,,Flat,,,,,,Bright sun,712104,0,0,0,2,,,0,,,,,,Auckland Region,Nil,2-way,Sealed,,0,0,,50,,Null,1,0,,76,Auckland,Give way,,,,,0,0,Urban,0,,,Fine,Null
1752999.1309,5935031.211,790291,,508703,0,,0,1,,Null,2024/2025,OTEHA VALLEY ROAD,OTEHA VALLEY ROAD OFF RAMP,,Non-Injury Crash,No,2024,,East,,0,,Null,,,,,,Overcast,178511,0,0,0,6,,,0,,,,,,Auckland Region,Nil,2-way,Sealed,,0,0,,50,,Null,0,0,,76,Auckland,Traffic Signals,,,,,0,1,Urban,0,,,Fine,Null
1752996.5494,5930203.3847,790297,,508803,0,0,0,2,0,East,2022/2023,BRONZEWING TERRACE,CARL PLACE,,Non-Injury Crash,No,2023,0,West,0,0,0,Hill Road,0,,0,,0,Dark,180855,0,0,0,2,0,0,0,0,1,,0,0,Auckland Region,Nil,2-way,Sealed,0,0,0,0,50,0,On,0,0,,76,Auckland,Nil,0,0,0,0,0,0,Urban,0,0,0,Light rain,Null
1763610.1955,5905412.3389,790299,,524303,0,,0,2,,Null,2024/2025,FERNDOWN AVENUE,KOMAKO PLACE,,Minor Crash,No,2024,,South,,0,,Flat,,,,,,Bright sun,746309,1,0,0,2,,,0,,,,,,Auckland Region,Nil,2-way,Sealed,,0,0,,50,,Off,0,0,,76,Auckland,Nil,,,,,0,0,Urban,0,,,Fine,Null
1744178.1409,5915063.4685,790307,,513013,0,0,0,2,0,Null,2023/2024,LANDOW PLACE,MILE PLACE,,Non-Injury Crash,No,2024,0,North,0,0,0,Hill Road,0,,0,,0,Dark,281510,0,0,0,2,0,0,0,0,1,,0,0,Auckland Region,Nil,2-way,Sealed,0,0,0,0,50,0,On,0,0,,76,Auckland,Nil,0,0,0,0,0,0,Urban,0,0,0,Light rain,Null
1765769.6756,5908150.6808,790321,,523404,0,,0,1,,North,2023/2024,SOUTHERN MOTORWAY,EAST TAMAKI ROAD ON RAMP,,Minor Crash,Yes,2023,,North,,0,,Flat,,,,,,Bright sun,696801,1,0,1,3,,,0,,,,,,Auckland Region,Nil,1-way,Sealed,,0,0,,100,,Off,0,0,,76,Auckland,Nil,,,,,0,0,Open,0,,,Fine,Null
1751841.3687,5915388.5829,790322,,517901,0,,0,2,,South,2024/2025,NEW NORTH ROAD,SOLJAK PLACE,,Minor Crash,No,2024,,South,,0,,Flat,,,,,,Bright sun,523800,2,0,0,4,,,0,,,,,,Auckland Region,Nil,2-way,Sealed,,0,0,,50,,Off,0,0,,76,Auckland,Nil,,,,,0,0,Urban,0,,,Fine,Null
1751222.2576,5946667.4529,790330,,506001,0,0,0,1,0,Null,2023/2024,WHANGAPARAOA ROAD,TAWHANA CRESCENT,,Non-Injury Crash,No,2024,0,West,0,0,1,Flat,0,,0,,0,Overcast,175501,0,0,0,2,0,0,0,0,0,,0,0,Auckland Region,Nil,2-way,Sealed,0,0,0,0,50,0,Off,0,0,,76,Auckland,Nil,0,0,0,0,0,0,Urban,0,0,0,Fine,Null
1762881.0534,5905618.3289,790331,,524302,0,0,0,2,0,South,2023/2024,PORTAGE ROAD,SELFS ROAD,,Non-Injury Crash,No,2024,0,North,0,0,0,Flat,0,,0,,0,Dark,745000,0,0,0,2,0,0,0,0,1,,0,0,Auckland Region,Overpass,2-way,Sealed,0,0,0,0,50,0,On,0,0,,76,Auckland,Nil,0,0,0,0,0,0,Urban,0,0,0,Light rain,Null
1747081.4488,5919765.5074,790345,,512300,0,0,0,1,0,West,2022/2023,NORTH-WESTERN MOTORWAY,TE ATATU ROAD ON RAMP,,Non-Injury Crash,Yes,2023,0,East,0,0,0,Flat,0,,0,,0,Dark,251700,0,0,0,3,0,0,0,0,0,,0,0,Auckland Region,Motorway ramp,1-way,Sealed,0,0,0,0,100,0,On,0,0,,76,Auckland,Nil,0,0,0,1,0,0,Open,0,0,0,Fine,Null
1753929.7797,5924754.906,790346,,510401,0,,0,1,,South,2023/2024,BIRKENHEAD AVENUE,ONEWA ROAD,,Minor Crash,No,2024,,South,,0,,Hill Road,,,,,,Overcast,351500,1,0,1,2,,,0,,,,,,Auckland Region,Nil,2-way,Sealed,,0,0,,50,,Off,0,0,,76,Auckland,Nil,,,,,0,0,Urban,0,,,Fine,Null
1778798.1285,5912886.4005,790354,65,523300,0,0,0,0,0,North,2023/2024,WHITFORD MARAETAI ROAD,PUKERANGI RISE,,Non-Injury Crash,No,2024,0,North,1,0,0,Flat,0,,0,,0,Overcast,718900,0,0,0,2,0,0,0,0,0,,0,0,Auckland Region,Nil,2-way,Sealed,0,0,0,0,80,0,None,0,0,,76,Auckland,Nil,0,0,0,0,0,0,Open,1,0,0,Light rain,Null
1753524.6898,5914387.5042,790361,,518801,0,0,0,1,0,Null,2023/2024,MAIORO STREET OFF RAMP,MAIORO STREET,,Minor Crash,No,2024,0,West,0,0,0,Hill Road,0,,0,,0,Twilight,578400,1,0,0,2,0,0,0,0,0,,0,0,Auckland Region,Motorway ramp,1-way,Sealed,0,0,0,0,50,0,On,0,0,,76,Auckland,Traffic Signals,0,1,0,0,0,0,Urban,0,0,0,Fine,Null
1757308.1393,5918887.7986,790370,,514302,0,0,0,2,0,North,2024/2025,PORT TO SOUTHERN LINK,GRAFTON OBR,,Non-Injury Crash,Yes,2024,0,South,0,0,0,Flat,1,,0,,0,Dark,441700,0,0,0,1,0,0,0,0,0,,0,0,Auckland Region,Motorway ramp,1-way,Sealed,0,0,0,0,100,0,On,0,0,,76,Auckland,Nil,0,0,0,0,0,0,Open,0,0,0,Fine,Null
1763688.4594,5908882.7169,790395,,521901,0,0,0,1,0,Null,2024/2025,MANGERE ROAD,WALMSLEY ROAD,,Minor Crash,No,2024,0,East,0,0,0,Flat,0,,0,,1,Bright sun,786100,1,0,0,4,0,0,0,0,0,,0,0,Auckland Region,Nil,2-way,Sealed,0,0,0,0,50,0,None,0,0,,76,Auckland,Traffic Signals,0,0,0,0,0,0,Urban,1,0,0,Fine,Null
1742837.1394,5919032.458,790402,,513211,0,,0,2,,Null,2024/2025,ARMADA DRIVE,SWANSON ROAD,,Non-Injury Crash,No,2024,,West,,0,,Flat,,,,,,Bright sun,235724,0,0,0,3,,,0,,,,,,Auckland Region,Nil,2-way,Sealed,,0,0,,,,Null,0,0,,76,Auckland,Traffic Signals,,,,,0,0,Urban,0,,,Fine,Null
1769001.1587,5905105.2969,790409,,523722,0,,0,2,,South,2024/2025,ASPIRING AVENUE,MATAURA PLACE,,Minor Crash,No,2024,,South,,0,,Hill Road,,,,,,Overcast,716015,1,0,0,2,,,0,,,,,,Auckland Region,Nil,2-way,Sealed,,0,0,,50,,Off,0,0,30,76,Auckland,Nil,,,,,0,0,Urban,0,,,Fine,Strong wind
1766565.5186,5912842.3551,790417,,522920,0,0,0,1,0,South,2023/2024,PAKURANGA HIGHWAY,TI RAKAU DRIVE,,Non-Injury Crash,No,2024,0,South,0,0,0,Flat,1,,0,,0,Dark,683800,0,0,0,2,0,0,0,0,0,,0,0,Auckland Region,Nil,1-way,Sealed,0,0,0,0,50,0,On,0,0,,76,Auckland,Nil,0,0,0,0,0,0,Urban,0,0,0,Light rain,Null
1755147.2978,5914312.8561,790427,,518803,0,,0,1,,West,2024/2025,MOUNT ALBERT ROAD,DOMINION ROAD,,Non-Injury Crash,No,2024,,East,,0,,Hill Road,,,,,,Bright sun,580100,0,0,0,5,,,0,,,,,,Auckland Region,Nil,2-way,Sealed,,0,0,,50,,Null,0,0,,76,Auckland,Nil,,,,,0,1,Urban,0,,,Null,Null
1746630.2629,5926017.8666,790434,,513432,0,,0,1,,Null,2024/2025,HOBSONVILLE ROAD,BRIGHAM CREEK ROAD,,Non-Injury Crash,No,2024,,South,,0,,Hill Road,,,,,,Bright sun,223005,0,0,0,2,,,0,,,,,,Auckland Region,Nil,2-way,Sealed,,0,0,,50,,Off,1,0,,76,Auckland,Stop,,,,,0,0,Urban,0,,,Fine,Null
1761063.6687,5915026.0695,790449,,520201,0,,0,2,,South,2022/2023,SOUTHERN MOTORWAY,MAIN OBR,,Non-Injury Crash,Yes,2023,,North,,0,,Flat,,,,,,Dark,613500,0,0,0,4,,,0,,,,,,Auckland Region,Nil,1-way,Sealed,,0,0,,100,,On,0,0,,76,Auckland,Nil,,,,,0,0,Open,0,,,Fine,Null
1747059.0004,5961588.5335,790457,,506613,0,0,0,0,0,North,2023/2024,NORTHERN MOTORWAY,PUHOI ROAD OFF RAMP,,Non-Injury Crash,Yes,2023,0,South,0,0,0,Hill Road,1,,0,,0,Overcast,146800,0,0,0,4,0,0,0,0,0,,0,0,Auckland Region,Nil,2-way,Sealed,0,0,0,0,100,0,None,0,0,,76,Auckland,Nil,0,0,0,0,0,0,Open,1,0,0,Fine,Null
1750005.5478,5952197.8104,790459,,506201,0,,0,2,,North,2023/2024,NORTHERN GATEWAY TOLL ROAD,HILLCREST OBR,,Non-Injury Crash,Yes,2024,,North,,0,,Hill Road,,,,,,Bright sun,176301,0,0,0,2,,,0,,,,,,Auckland Region,Nil,1-way,Sealed,,0,0,,100,,Off,0,0,,76,Auckland,Nil,,,,,0,0,Open,0,,,Fine,Null
1764175.0135,5916363.6336,790466,,520301,0,,0,2,,North,2023/2024,COLLEGE ROAD,BLUEGREY AVENUE,,Non-Injury Crash,No,2024,,South,,0,,Flat,,,,,,Bright sun,465302,0,0,0,2,,,0,,,,,,Auckland Region,Nil,2-way,Sealed,,0,0,,50,,Off,0,0,,76,Auckland,Nil,,,,,0,0,Urban,0,,,Fine,Null
1768666.2275,5902621.9458,790474,,524901,0,0,0,2,0,East,2023/2024,ORAMS ROAD,LYNMORE DRIVE,,Non-Injury Crash,No,2024,0,East,0,0,0,Hill Road,0,,0,,0,Dark,754500,0,0,0,2,0,0,0,0,1,,0,0,Auckland Region,Nil,2-way,Sealed,0,0,0,0,50,0,On,1,0,,76,Auckland,Nil,0,0,0,0,0,0,Urban,0,0,0,Fine,Null
1765672.5948,5901383.9087,790483,,524711,0,,0,0,,Null,2023/2024,ROSCOMMON ROAD,BROWNS ROAD,,Non-Injury Crash,No,2024,,South,,0,,Flat,,,,,,Overcast,774900,0,0,0,2,,,0,,,,,,Auckland Region,Nil,1-way,Sealed,,0,0,,50,,Off,2,0,,76,Auckland,Give way,,,,,0,0,Urban,0,,,Fine,Null
1767570.569,5903931.9159,790490,,524602,0,,0,1,,East,2024/2025,SOUTH-WESTERN MOTORWAY,LAMBIE DRIVE ON RAMP,,Non-Injury Crash,Yes,2024,,East,,0,,Flat,,,,,,Overcast,780417,0,0,0,3,,,0,,,,,,Auckland Region,Nil,1-way,Sealed,,0,0,,100,,None,0,0,,76,Auckland,Nil,,,,,1,0,Open,0,,,Fine,Null
1769277.5101,5901672.5111,790498,,524901,0,0,0,1,0,East,2024/2025,HILL ROAD,CLAUDE ROAD,,Non-Injury Crash,No,2025,0,East,0,0,0,Hill Road,0,,0,,0,Dark,756000,0,0,0,2,0,0,0,0,0,,0,1,Auckland Region,Nil,2-way,Sealed,0,0,0,0,50,0,On,0,0,,76,Auckland,Nil,0,0,0,0,0,0,Urban,0,0,0,Fine,Null
1755572.1954,5924541.3077,790506,,509800,0,0,0,1,0,West,2024/2025,FAULKNER ROAD,QUEEN STREET,,Non-Injury Crash,No,2024,0,West,0,0,0,Flat,0,,0,,0,Dark,359600,0,0,0,2,0,0,0,0,2,,0,0,Auckland Region,Nil,2-way,Sealed,0,0,0,0,50,0,On,2,0,,76,Auckland,Nil,0,0,0,0,0,0,Urban,0,0,0,Fine,Null
1776217.5633,5884468.7649,790539,,521132,0,0,0,1,0,North,2023/2024,SOUTHERN MOTORWAY,ST STEPHENS OBR,,Non-Injury Crash,Yes,2024,0,South,0,0,0,Flat,1,,0,,0,Overcast,814702,0,0,0,2,0,0,0,0,0,,0,0,Auckland Region,Nil,1-way,Sealed,0,0,0,0,100,0,Off,0,0,,76,Auckland,Nil,0,0,0,0,0,0,Open,0,0,0,Fine,Null
1756272.9416,5918824.265,790545,,515600,0,,0,2,,South,2022/2023,NEWTON ROAD ON RAMP,NEWTON ROAD,,Non-Injury Crash,No,2023,,South,,0,,Hill Road,,,,,,Overcast,420000,0,0,0,2,,,0,,,,,,Auckland Region,Motorway ramp,1-way,Sealed,,0,0,,80,,Off,0,0,,76,Auckland,Nil,,,,,0,0,Open,0,,,Fine,Null
1752285.8311,5918008.9522,790553,,515001,0,0,0,0,0,West,2023/2024,NORTH-WESTERN MOTORWAY,CARRINGTON OBR,,Non-Injury Crash,Yes,2024,0,West,0,0,0,Flat,1,,0,,0,Bright sun,391601,0,0,0,4,0,0,0,0,0,,0,0,Auckland Region,Nil,1-way,Sealed,0,0,0,0,80,0,Off,0,0,,76,Auckland,Nil,0,0,0,0,0,0,Open,1,0,0,Fine,Null
1737653.8127,5910178.7861,790561,,513800,0,0,0,1,0,East,2023/2024,PIHA ROAD,ANAWHATA ROAD,,Minor Crash,No,2024,0,West,1,0,0,Hill Road,0,,0,,0,Bright sun,282007,1,0,0,2,0,0,0,0,0,,0,0,Auckland Region,Nil,2-way,Sealed,0,0,0,0,100,0,Off,1,0,,76,Auckland,Nil,0,0,0,0,0,0,Open,0,0,0,Fine,Null
1753839.3562,5930225.1423,790563,25,508420,0,,0,2,,Null,2023/2024,SUNSET ROAD,CARIBBEAN ROAD,,Non-Injury Crash,No,2023,,South,,0,,Flat,,,,,,Overcast,182026,0,0,0,2,,,0,,,,,,Auckland Region,Nil,2-way,Sealed,,0,0,,50,,Off,0,0,,76,Auckland,Give way,,,,,0,0,Urban,0,,,Fine,Null
1776098.9998,5882037.5571,790569,,521160,0,0,0,1,0,North,2023/2024,GREAT SOUTH ROAD,MILL ROAD,,Minor Crash,No,2024,0,South,0,0,0,Flat,0,,0,,0,Dark,827800,1,0,0,2,0,0,0,0,0,,0,0,Auckland Region,Nil,2-way,Sealed,0,0,0,0,60,0,On,1,0,,76,Auckland,Nil,0,0,0,0,0,0,Urban,0,1,0,Fine,Null
1772869.4279,5896326.3353,790578,,525410,0,,0,2,,West,2024/2025,AVERILL STREET,RAILWAY STREET WEST,,Non-Injury Crash,No,2025,,East,,0,,Flat,,,,,,Overcast,793000,0,0,0,2,,,0,,,,,,Auckland Region,Nil,2-way,Sealed,,0,0,,50,,Off,0,0,,76,Auckland,Nil,,,,,0,0,Urban,0,,,Fine,Null
1769507.0028,5919401.5408,790602,,522601,0,0,0,1,0,North,2024/2025,MUSICK POINT ROAD,CLOVELLY ROAD,,Non-Injury Crash,No,2024,0,North,0,0,0,Hill Road,1,Christmas New Year,0,,0,Twilight,675100,0,0,0,2,0,0,0,0,0,,0,0,Auckland Region,Nil,2-way,Sealed,0,0,0,0,50,0,None,0,0,,76,Auckland,Nil,0,0,0,0,0,0,Urban,0,0,0,Fine,Null
1759192.7924,5916338.8893,790618,,519200,0,0,0,1,0,East,2023/2024,CORNWALL PARK AVENUE,DUNKERRON AVENUE,,Non-Injury Crash,No,2024,0,East,0,0,0,Flat,0,,0,,0,Overcast,615000,0,0,0,2,0,0,0,0,1,,0,0,Auckland Region,Nil,2-way,Sealed,0,0,0,0,50,0,Off,2,0,,76,Auckland,Nil,0,0,0,0,0,0,Urban,0,0,0,Fine,Null
1761890.5253,5916902.0009,790634,,516003,0,0,0,2,0,West,2024/2025,REMUERA ROAD,PUKEORA AVENUE,,Serious Crash,No,2025,0,East,0,0,0,Hill Road,0,,0,,0,Overcast,495300,0,0,0,2,0,0,0,0,1,,0,0,Auckland Region,Nil,2-way,Sealed,0,0,1,0,50,0,Off,0,0,,76,Auckland,Nil,0,0,0,0,0,0,Urban,0,0,0,Fine,Null
1755060.8578,5929260.2823,790641,,508420,0,0,0,1,0,North,2023/2024,TARGET ROAD,WAIRAU ROAD,,Non-Injury Crash,No,2024,0,South,0,0,1,Hill Road,0,,0,,0,Dark,183800,0,0,0,4,0,0,0,0,1,,0,0,Auckland Region,Nil,2-way,Sealed,0,0,0,0,50,0,On,0,0,,76,Auckland,Nil,0,0,0,0,0,0,Urban,2,0,0,Fine,Null
1768129.5416,5903883.5162,790649,,524602,0,1,0,1,0,West,2023/2024,SOUTH-WESTERN MOTORWAY,LINK 1N SBD OBR,,Non-Injury Crash,Yes,2023,0,East,0,0,0,Flat,0,Christmas New Year,0,,0,Dark,780506,0,0,0,2,0,0,0,0,0,,0,0,Auckland Region,Tunnel,2-way,Sealed,0,0,0,0,100,0,On,0,0,,76,Auckland,Nil,0,0,0,0,0,0,Open,0,0,0,Light rain,Null
1750069.8084,5913870.0393,790658,,511303,0,,1,1,,Null,2025/2026,MEMORIAL DRIVE,TOTARA AVENUE,,Non-Injury Crash,No,2025,,North,,0,,Null,,,,,,Overcast,265100,0,0,0,4,,,0,,,,,,Auckland Region,Nil,2-way,Sealed,,0,0,,50,,Null,0,0,,76,Auckland,Traffic Signals,,,,,0,0,Urban,0,,,Fine,Null
1754191.4569,5913973.4212,790665,,518802,0,0,0,1,0,South,2023/2024,SOUTH-WESTERN MOTORWAY,MAIORO STREET ON RAMP,,Non-Injury Crash,Yes,2023,0,South,0,0,0,Flat,1,,0,,0,Dark,579000,0,0,0,3,0,0,0,0,0,,0,0,Auckland Region,Nil,1-way,Sealed,0,0,0,0,100,0,On,0,0,,76,Auckland,Nil,0,0,0,0,0,0,Open,0,0,0,Fine,Null
1743639.1686,5919420.9653,790673,,513212,0,,0,2,,Null,2023/2024,DON BUCK ROAD,SWANSON ROAD,,Non-Injury Crash,No,2023,,South,,0,,Flat,,,,,,Overcast,235506,0,0,0,2,,,0,,,,,,Auckland Region,Nil,2-way,Sealed,,0,0,,50,,Off,0,0,,76,Auckland,Nil,,,,,0,0,Urban,0,,,Fine,Null
1772871.8487,5891833.5285,790674,,521301,0,,0,1,,South,2025/2026,SOUTHERN MOTORWAY,BREMNER OBR,,Non-Injury Crash,Yes,2025,,North,,0,,Flat,,,,,,Bright sun,808702,0,0,0,2,,,0,,,,,,Auckland Region,Motorway ramp,1-way,Sealed,,0,0,,80,,Off,0,0,,76,Auckland,Nil,,,,,1,0,Open,0,,,Fine,Null
1762528.5935,5905883.0154,790689,,524302,0,,0,0,,North,2023/2024,SOUTH-WESTERN MOTORWAY,PORTAGE OBR,,Non-Injury Crash,Yes,2023,,South,,0,,Flat,,,,,,Bright sun,744800,0,0,0,2,,,0,,,,,,Auckland Region,Nil,1-way,Sealed,,0,0,,100,,Off,0,0,,76,Auckland,Nil,,,,,1,0,Open,1,,,Fine,Null
1753418.199,5924676.9333,790697,,510401,0,0,0,1,0,East,2023/2024,MOKOIA ROAD,WILLOW AVENUE,,Non-Injury Crash,No,2023,0,West,0,0,0,Hill Road,0,,0,,0,Dark,355101,0,0,0,2,0,0,0,0,0,,0,0,Auckland Region,Nil,2-way,Sealed,0,0,0,0,50,0,On,0,0,,76,Auckland,Nil,0,0,0,1,0,0,Urban,0,0,0,Heavy rain,Null
1767300.8154,5905123.5461,790698,,524603,0,,0,2,,Null,2023/2024,GREAT SOUTH ROAD,RYAN PLACE,,Minor Crash,No,2024,,South,,0,,Flat,,,,,,Bright sun,780304,1,0,0,4,,,0,,,,,,Auckland Region,Nil,2-way,Sealed,,0,0,,50,,Off,0,0,,76,Auckland,Traffic Signals,,,,,0,0,Urban,0,,,Fine,Null
1755365.3424,5926622.7949,790730,,509701,0,0,0,2,0,Null,2025/2026,SYLVIA ROAD,STANAWAY STREET,,Non-Injury Crash,No,2025,0,South,0,0,0,Null,0,,0,,0,Unknown,363600,0,0,0,2,0,0,0,0,0,,0,0,Auckland Region,Nil,2-way,Null,0,0,0,0,50,0,Null,0,0,,76,Auckland,Stop,0,0,0,0,0,0,Urban,0,1,0,Null,Null
1764595.7304,5911886.9591,790737,,520500,0,,0,2,,North,2023/2024,SOUTHERN MOTORWAY,EAST WEST LINK OFF RAMP,,Non-Injury Crash,Yes,2023,,North,,0,,Flat,,,,,,Overcast,639500,0,0,0,3,,,0,,,,,,Auckland Region,Nil,1-way,Sealed,,0,0,,100,,Off,0,0,,76,Auckland,Nil,,,,,0,0,Open,0,,,Light rain,Null
1772434.7282,5884416.2153,790745,,521122,0,0,0,0,0,South,2023/2024,RUNCIMAN ROAD,VALLEY SPRINGS WAY,,Non-Injury Crash,No,2023,0,North,0,0,0,Flat,0,,0,,0,Overcast,826902,0,0,0,2,0,0,0,0,0,,0,1,Auckland Region,Nil,2-way,Sealed,0,0,0,0,80,0,None,0,0,,76,Auckland,Nil,0,0,0,0,0,0,Open,1,0,0,Light rain,Null
1770607.8642,5907973.9139,790761,,523713,0,0,0,1,0,West,2023/2024,STANCOMBE ROAD,KENSWAY DRIVE,,Non-Injury Crash,No,2023,0,West,0,0,0,Flat,0,,0,,0,Twilight,712401,0,0,0,1,0,0,0,0,0,,0,0,Auckland Region,Nil,2-way,Sealed,0,0,0,0,50,0,On,0,0,40,76,Auckland,Nil,0,1,0,0,0,0,Urban,0,0,0,Fine,Null
1756762.4042,5919884.0296,790779,,514102,0,,0,2,,Null,2024/2025,HOBSON STREET,HOBSON STREET ON RAMP,,Non-Injury Crash,No,2024,,South,,0,,Flat,,,,,,Overcast,434603,0,0,0,2,,,0,,,,,,Auckland Region,Nil,1-way,Sealed,,0,0,,40,,Null,0,0,,76,Auckland,Traffic Signals,,,,,0,0,Urban,0,,,Fine,Null