X,Y,OBJECTID,advisorySpeed,areaUnitID,bicycle,bridge,bus,carStationWagon,cliffBank,crashDirectionDescription,crashFinancialYear,crashLocation1,crashLocation2,crashRoadSideRoad,crashSeverity,crashSHDescription,crashYear,debris,directionRoleDescription,ditch,fatalCount,fence,flatHill,guardRail,holiday,houseOrBuilding,intersection,kerb,light,meshblockId,minorInjuryCount,moped,motorcycle,NumberOfLanes,objectThrownOrDropped,otherObject,otherVehicleType,overBank,parkedVehicle,pedestrian,phoneBoxEtc,postOrPole,region,roadCharacter,roadLane,roadSurface,roadworks,schoolBus,seriousInjuryCount,slipOrFlood,speedLimit,strayAnimal,streetLight,suv,taxi,temporarySpeedLimit,tlaId,tlaName,trafficControl,trafficIsland,trafficSign,train,tree,truck,unknownVehicleType,urban,vanOrUtility,vehicle,waterRiver,weatherA,weatherB
1768736.4042,5914090.5402,790786,,522723,0,0,0,1,0,West,2024/2025,PAKURANGA ROAD,CASCADES ROAD,,Non-Injury Crash,No,2025,0,West,0,0,0,Hill Road,0,,0,,1,Dark,681600,0,0,0,6,0,0,0,0,0,,0,0,Auckland Region,Nil,2-way,Sealed,0,0,0,0,50,0,On,0,0,,76,Auckland,Nil,0,0,0,0,0,1,Urban,0,0,0,Fine,Null
1767151.0983,5906246.8764,790787,,522302,0,0,0,0,0,North,2024/2025,PEMBROKE STREET,BRUCE PLACE,,Minor Crash,No,2025,0,South,0,0,0,Flat,0,,0,,0,Overcast,669500,1,0,0,2,0,0,0,0,0,,0,1,Auckland Region,Nil,2-way,Sealed,0,0,0,0,50,0,Off,1,0,,76,Auckland,Nil,0,0,0,0,0,0,Urban,0,0,0,Fine,Null
1745679.9314,5924871.1512,790794,,513431,1,,0,0,,North,2024/2025,HOBSONVILLE ROAD,WESTPARK DRIVE,,Non-Injury Crash,No,2025,,North,,0,,Flat,,,,,,Overcast,223802,1,0,0,2,,,0,,,,,,Auckland Region,Nil,2-way,Sealed,,0,0,,50,,Off,1,0,,76,Auckland,Nil,,,,,0,0,Urban,0,,,Fine,Null
1740663.6976,5911317.2298,790803,25,513020,0,0,0,1,0,East,2024/2025,WEST COAST ROAD,SCENIC DRIVE,,Serious Crash,No,2025,0,North,0,0,0,Hill Road,0,,0,,0,Overcast,280302,2,0,0,2,0,0,0,0,0,,0,0,Auckland Region,Nil,2-way,Sealed,0,0,1,0,60,0,Off,0,0,50,76,Auckland,Nil,0,0,0,1,0,0,Urban,0,0,0,Fine,Null
1741829.161,5917433.6816,790811,,513220,0,,0,0,,South,2024/2025,CANDIA ROAD,COULTER ROAD,,Minor Crash,No,2024,,South,,0,,Hill Road,,,,,,Overcast,238702,2,0,2,2,,,0,,,,,,Auckland Region,Nil,2-way,Sealed,,0,0,,60,,Off,0,0,30,76,Auckland,Nil,,,,,0,0,Urban,0,,,Fine,Null
1756618.6502,5917094.2527,790817,,518201,0,0,0,2,0,North,2022/2023,VALLEY ROAD,TARATA STREET,,Non-Injury Crash,No,2023,0,North,0,0,0,Flat,0,,0,,0,Dark,547402,0,0,0,2,0,0,0,0,1,,0,0,Auckland Region,Nil,2-way,Sealed,0,0,0,0,50,0,On,0,0,,76,Auckland,Nil,0,0,0,1,0,0,Urban,0,0,0,Fine,Null
1771900.1854,5905748.6584,790827,,523713,0,,0,0,,Null,2024/2025,MCQUOIDS ROAD,WHAKATUPU ROAD,,Non-Injury Crash,No,2024,,South,,0,,Flat,,,,,,Overcast,713400,0,0,0,2,,,0,,,,,,Auckland Region,Nil,2-way,Sealed,,0,0,,50,,Off,1,0,,76,Auckland,Give way,,,,,0,0,Urban,1,,,Light rain,Null
1761061.1912,5914372.6772,790834,,520202,0,,0,2,,Null,2023/2024,GREAT SOUTH ROAD,ELLERSLIE-PANMURE HIGHWAY,,Non-Injury Crash,No,2024,,South,,0,,Flat,,,,,,Overcast,612200,0,0,0,2,,,0,,,,,,Auckland Region,Nil,1-way,Sealed,,0,0,,50,,Off,0,0,,76,Auckland,Give way,,,,,0,0,Urban,0,,,Fine,Null
1745309.784,5919872.4416,790835,,513301,0,,0,1,,South,2024/2025,LINCOLN ROAD,PARAMOUNT DRIVE,,Fatal Crash,No,2025,,East,,1,,Flat,,,,,,Bright sun,230401,0,0,0,4,,,0,,,1,,,Auckland Region,Nil,2-way,Sealed,,0,0,,50,,Off,0,0,,76,Auckland,Nil,,,,,0,0,Urban,0,,,Fine,Null
1758923.402,5926090.8421,790843,,508020,0,0,0,1,0,West,2024/2025,LAKE ROAD,ONEPOTO ROAD,,Non-Injury Crash,No,2024,0,West,0,0,0,Flat,0,,0,,0,Dark,321400,0,0,0,2,0,0,0,0,0,,0,1,Auckland Region,Nil,2-way,Sealed,0,0,0,0,50,0,On,0,0,,76,Auckland,Nil,0,0,0,0,0,0,Urban,0,0,0,Fine,Null
1767662.1424,5901022.8146,790849,,524720,0,0,0,2,0,Null,2023/2024,KERRYDALE ROAD,RUSSELL ROAD,,Non-Injury Crash,No,2023,0,West,0,0,0,Flat,0,,0,,0,Dark,777601,0,0,0,2,0,0,0,0,1,,0,0,Auckland Region,Nil,2-way,Sealed,0,0,0,0,50,0,On,0,0,,76,Auckland,Stop,0,0,0,0,0,0,Urban,1,0,0,Fine,Null
1757736.9334,5919512.5051,790865,,514302,0,,0,2,,Null,2022/2023,GRAFTON ROAD,GRAFTON MEWS,,Non-Injury Crash,No,2023,,North,,0,,Hill Road,,,,,,Dark,442200,0,0,0,2,,,0,,,,,,Auckland Region,Nil,2-way,Sealed,,0,0,,50,,On,0,0,,76,Auckland,Nil,,,,,0,0,Urban,0,,,Fine,Null
1767956.4453,5899629.0885,790873,,525101,0,0,0,2,0,South,2023/2024,FRIEDLANDERS ROAD,DR PICKERING AVENUE,,Minor Crash,No,2023,0,South,0,0,0,Flat,0,,0,,0,Bright sun,772700,1,0,0,2,0,0,0,0,1,,0,0,Auckland Region,Nil,2-way,Sealed,0,0,0,0,50,0,Off,0,0,,76,Auckland,Nil,0,0,0,0,0,0,Urban,0,0,0,Fine,Null
1775988.2621,5883786.368,790881,,521132,0,0,0,0,0,North,2022/2023,SOUTHERN MOTORWAY,ST STEPHENS OBR,,Non-Injury Crash,Yes,2023,0,South,0,0,0,Flat,1,,0,,0,Overcast,814702,0,0,0,2,0,0,0,0,0,,0,0,Auckland Region,Nil,1-way,Sealed,0,0,0,0,100,0,Off,0,0,,76,Auckland,Nil,0,1,0,0,1,0,Open,0,0,0,Fine,Null
1746557.8674,5917355.6365,790883,,512500,0,0,0,3,0,South,2024/2025,MILTONIA AVENUE,ORCHID PLACE,,Non-Injury Crash,No,2024,0,South,0,0,0,Flat,0,,0,,0,Dark,257601,0,0,0,2,0,0,0,0,1,,0,0,Auckland Region,Nil,2-way,Sealed,0,0,0,0,50,0,None,0,0,,76,Auckland,Nil,0,0,0,0,0,0,Urban,0,0,0,Fine,Null
1771588.4821,5899361.8934,790891,,523911,0,,0,2,,Null,2024/2025,PORCHESTER ROAD,MANUROA ROAD,,Non-Injury Crash,No,2024,,North,,0,,Flat,,,,,,Overcast,767100,0,0,0,2,,,0,,,,,,Auckland Region,Nil,2-way,Sealed,,0,0,,50,,None,0,0,,76,Auckland,Give way,,,,,0,0,Urban,0,,,Fine,Null
1768888.3244,5909533.4241,790906,,523113,0,0,0,0,0,Null,2023/2024,SIR WILLIAM AVENUE,LADY RUBY DRIVE,,Non-Injury Crash,No,2023,0,West,0,0,0,Flat,0,,0,,0,Overcast,711809,0,0,0,2,0,0,0,0,1,,0,0,Auckland Region,Nil,2-way,Sealed,0,0,0,0,50,0,Null,2,0,,76,Auckland,Give way,0,0,0,0,0,0,Urban,0,0,0,Light rain,None
1746760.2244,5917613.0863,790915,,512500,0,,0,0,,North,2023/2024,TE ATATU ROAD,MCLEOD ROAD,,Non-Injury Crash,No,2023,,North,,0,,Hill Road,,,,,,Dark,258200,0,0,1,4,,,0,,,,,,Auckland Region,Nil,2-way,Sealed,,0,0,,50,,On,1,0,,76,Auckland,Nil,,,,,0,0,Urban,0,,,Fine,Null
1760030.8409,5916029.1493,790922,,516002,0,0,0,1,0,South,2025/2026,SOUTHERN MOTORWAY,GREEN LANE EAST OFF RAMP,,Minor Crash,Yes,2025,0,South,0,0,0,Flat,1,,0,,0,Dark,492100,1,0,0,4,0,0,0,0,0,,0,0,Auckland Region,Motorway ramp,1-way,Sealed,0,0,0,0,100,0,On,0,0,,76,Auckland,Nil,0,0,0,0,0,0,Open,0,0,0,Light rain,Strong wind
1778210.9365,5912506.443,790954,75,523202,0,0,0,1,0,North,2024/2025,WHITFORD MARAETAI ROAD,PUKERANGI RISE,,Non-Injury Crash,No,2025,0,South,0,0,0,Hill Road,1,,0,,0,Overcast,762501,0,0,0,3,0,0,0,0,0,,0,0,Auckland Region,Nil,2-way,Sealed,0,0,0,0,80,0,None,0,0,,76,Auckland,Nil,0,0,0,0,0,0,Open,0,0,0,Fine,Null
1770387.8993,5911917.5426,790969,,523105,0,,0,1,,Null,2022/2023,BOTANY ROAD,KO LANE,,Minor Crash,No,2023,,North,,0,,Flat,,,,,,Overcast,3203003,1,0,1,2,,,0,,,,,,Auckland Region,Nil,2-way,Sealed,,0,0,,50,,None,0,0,,76,Auckland,Nil,,,,,0,0,Urban,0,,,Heavy rain,Strong wind
1762673.6136,5905550.1667,790970,,524200,0,0,0,0,1,West,2024/2025,PORTAGE ROAD,TE HIKO WAY,,Non-Injury Crash,No,2025,0,West,0,0,1,Flat,0,,0,,0,Bright sun,729100,0,0,0,2,0,0,0,0,0,,0,0,Auckland Region,Nil,2-way,Sealed,0,0,0,0,50,0,Off,0,0,,76,Auckland,Nil,0,0,0,0,0,0,Urban,1,0,0,Fine,Null
1769803.925,5899319.8067,790971,,523920,0,0,0,1,0,South,2024/2025,MANUREWA-TAKANINI ON RAMP,GREAT SOUTH ROAD,,Minor Crash,No,2025,0,South,0,0,0,Hill Road,1,,0,,0,Dark,767922,1,0,0,2,0,0,0,0,0,,0,0,Auckland Region,Motorway ramp,1-way,Sealed,0,0,0,0,70,0,On,0,0,,76,Auckland,Nil,0,0,0,0,0,0,Urban,0,0,0,Fine,Null
1766372.3885,5912855.3875,790978,,522920,0,,0,2,,South,2024/2025,PAKURANGA HIGHWAY,TI RAKAU DRIVE,,Non-Injury Crash,No,2024,,West,,0,,Flat,,,,,,Dark,683800,0,0,0,2,,,0,,,,,,Auckland Region,Nil,1-way,Sealed,,0,0,,80,,On,0,0,,76,Auckland,Nil,,,,,0,0,Open,1,,,Light rain,Null
1758937.0058,5910130.9203,791017,,524002,0,0,0,3,0,East,2022/2023,CHURCH ROAD,WOODWARD AVENUE,,Non-Injury Crash,No,2023,0,East,0,0,0,Flat,0,,0,,0,Dark,721800,0,0,0,2,0,0,0,0,2,,0,0,Auckland Region,Speed hump,2-way,Sealed,0,0,0,0,50,0,On,0,0,,76,Auckland,Nil,0,0,0,0,0,0,Urban,0,0,0,Light rain,Null
1744047.0221,5924068.9905,791019,,513431,0,,0,1,,Null,2024/2025,HOBSONVILLE ROAD,HOBSONVILLE ROAD ON RAMP,,Non-Injury Crash,No,2025,,West,,0,,Flat,,,,,,Dark,223903,0,0,0,6,,,0,,,,,,Auckland Region,Overpass,2-way,Sealed,,0,0,,50,,On,0,0,,76,Auckland,Traffic Signals,,,,,0,1,Urban,0,,,Fine,Null
1775706.1655,5885718.5374,791025,,521132,0,0,0,0,0,South,2023/2024,SOUTHERN MOTORWAY,RAMARAMA OFF RAMP,,Non-Injury Crash,Yes,2023,0,North,0,0,0,Flat,1,,0,,0,Twilight,814100,0,0,0,2,0,0,0,0,0,,0,0,Auckland Region,Nil,1-way,Sealed,0,0,0,0,100,0,Off,0,0,,76,Auckland,Nil,0,0,0,0,0,0,Open,1,0,0,Heavy rain,Null
1765525.9816,5901736.1102,791027,,524604,0,,0,1,,South,2024/2025,ROSCOMMON ROAD,ROSCOMMON ROAD,,Non-Injury Crash,No,2025,,South,,0,,Flat,,Queens Birthday,,,,Bright sun,781302,0,0,0,4,,,0,,,,,,Auckland Region,Nil,2-way,Sealed,,0,0,,60,,Off,0,0,,76,Auckland,Nil,,,,,0,1,Urban,1,,,Fine,Null
1756338.4289,5919075.732,791035,,514200,0,,0,1,,Null,2024/2025,NEWTON ROAD,NEWTON ROAD OFF RAMP,,Non-Injury Crash,No,2024,,North,,0,,Null,,,,,,Unknown,411800,0,0,0,4,,,0,,,,,,Auckland Region,Nil,2-way,Null,,0,0,,50,,Null,0,0,,76,Auckland,Give way,,,,,0,0,Urban,1,,,Null,Null
1770728.9935,5898555.8208,791043,,523920,0,,0,1,,South,2024/2025,GREAT SOUTH ROAD,TAKA STREET,,Non-Injury Crash,No,2024,,North,,0,,Flat,,,,,,Bright sun,767503,0,0,0,4,,,0,,,,,,Auckland Region,Nil,2-way,Sealed,,0,0,,50,,Off,0,0,,76,Auckland,Nil,,,,,0,0,Urban,1,,,Fine,Null
1752169.4433,5932376.2088,791050,45,508807,0,,0,2,,South,2023/2024,BUSH ROAD,ROSEDALE ROAD,,Non-Injury Crash,No,2024,,South,,0,,Flat,,,,,,Unknown,180810,0,0,0,2,,,0,,,,,,Auckland Region,Nil,2-way,Sealed,,0,0,,50,,Off,0,0,,76,Auckland,Nil,,,,,0,0,Urban,0,,,Fine,None
1761892.9038,5906700.3731,791058,,524302,0,,0,2,,Null,2024/2025,MASSEY ROAD,HENWOOD ROAD,,Non-Injury Crash,No,2024,,South,,0,,Flat,,,,,,Dark,743500,0,0,0,2,,,0,,,,,,Auckland Region,Nil,2-way,Sealed,,0,0,,50,,On,1,0,,76,Auckland,Traffic Signals,,,,,0,0,Urban,0,,,Fine,Null
1789347.4556,5908603.0627,791073,75,525202,0,0,0,1,1,East,2023/2024,CLEVEDON-KAWAKAWA ROAD,TOWNSON ROAD,,Non-Injury Crash,No,2023,0,East,0,0,0,Hill Road,0,,0,,0,Overcast,764800,0,0,0,2,0,1,0,0,0,,0,0,Auckland Region,Nil,2-way,Sealed,0,0,0,0,80,0,None,0,0,,76,Auckland,Nil,0,0,0,0,0,0,Open,0,0,0,Fine,Null
1765485.3731,5900267.4154,791075,,524822,0,,0,2,,North,2024/2025,TEMPLETON PLACE,VOLTA PLACE,,Non-Injury Crash,No,2024,,North,,0,,Flat,,,,,,Overcast,774424,0,0,0,2,,,0,,,,,,Auckland Region,Nil,2-way,Sealed,,0,0,,30,,Off,0,0,,76,Auckland,Nil,,,,,0,0,Urban,0,,,Fine,Null
1757499.0786,5912327.9558,791083,,519810,0,,0,1,,East,2024/2025,SOUTH-WESTERN MOTORWAY,QUEENSTOWN OBR,,Non-Injury Crash,Yes,2025,,East,,0,,Flat,,,,,,Twilight,596700,0,0,0,3,,,0,,,,,,Auckland Region,Nil,1-way,Sealed,,0,0,,100,,On,0,0,,76,Auckland,Nil,,,,,1,0,Open,0,,,Fine,Null
1744559.3263,5918261.4728,791089,,510700,0,0,0,3,0,West,2022/2023,TI NANA CRESCENT,PAPATAHI PLACE,,Non-Injury Crash,No,2023,0,East,0,0,0,Flat,0,Easter,0,,0,Dark,238802,0,0,0,2,0,0,0,0,1,,0,0,Auckland Region,Nil,2-way,Sealed,0,0,0,0,50,0,On,0,0,,76,Auckland,Nil,0,0,0,0,0,0,Urban,0,0,0,Fine,Null
1754233.4688,5933119.8014,791106,,508805,0,,0,1,,Null,2024/2025,ROSEDALE ROAD,HUGH GREEN DRIVE,,Minor Crash,No,2024,,West,,0,,Flat,,,,,,Bright sun,180866,1,0,0,1,,,0,,,,,,Auckland Region,Nil,1-way,Sealed,,0,0,,50,,Off,1,0,,76,Auckland,Give way,,,,,0,0,Urban,0,,,Fine,Null
1769462.4353,5902128.2506,791107,,523814,0,,0,1,,North,2025/2026,SOUTHERN MOTORWAY,HILL ROAD-MANUREWA OFF RAMP,,Non-Injury Crash,Yes,2025,,South,,0,,Flat,,,,,,Bright sun,760702,0,0,0,3,,,0,,,,,,Auckland Region,Nil,1-way,Sealed,,0,0,,100,,Null,0,0,,76,Auckland,Nil,,,,,1,0,Open,0,,,Fine,Null
1732276.6447,5976519.3694,791115,45,506660,0,0,0,0,0,South,2025/2026,KAIPARA COAST HIGHWAY,INGLETON ROAD,,Serious Crash,Yes,2026,0,South,1,0,0,Hill Road,0,,0,,0,Overcast,144600,0,0,1,2,0,0,0,0,0,,0,0,Auckland Region,Nil,2-way,Sealed,0,0,1,0,100,0,Off,0,0,50,76,Auckland,Nil,0,0,0,0,0,0,Open,0,0,0,Fine,Null
1755730.1273,5928593.9229,791123,,508510,0,,0,0,,North,2025/2026,NORTHERN MOTORWAY,TRISTRAM AVENUE ON RAMP,,Minor Crash,Yes,2025,,South,,0,,Flat,,,,,,Bright sun,195700,1,0,1,2,,,0,,,,,,Auckland Region,Nil,1-way,Sealed,,0,0,,100,,Off,1,0,,76,Auckland,Nil,,,,,0,0,Open,0,,,Fine,Null
1747074.9195,5919811.6816,791131,55,512300,0,0,0,1,0,West,2025/2026,TE ATATU ROAD OFF RAMP,TE ATATU ROAD,,Non-Injury Crash,No,2025,0,East,0,0,0,Flat,0,,0,,0,Dark,251700,0,0,0,1,0,0,0,0,0,,0,0,Auckland Region,Nil,1-way,Sealed,0,0,0,0,100,0,On,0,0,,76,Auckland,Nil,0,1,0,0,0,0,Open,0,0,0,Light rain,Null
1768677.642,5903310.7371,791154,,523820,0,0,0,1,0,South,2024/2025,EVERGLADE DRIVE,KIMDALE PLACE,,Non-Injury Crash,No,2024,0,North,0,0,0,Hill Road,0,,0,,0,Dark,760121,0,0,0,2,0,0,0,0,0,,0,0,Auckland Region,Nil,2-way,Sealed,0,0,0,0,50,0,On,0,0,,76,Auckland,Nil,0,0,0,1,0,0,Urban,0,0,0,Fine,Null
1763820.4187,5913675.1312,791155,,520303,0,,0,2,,Null,2025/2026,WAIPUNA ROAD,MOUNT WELLINGTON HIGHWAY,,Non-Injury Crash,No,2026,,West,,0,,Null,,,,,,Bright sun,627700,0,0,0,2,,,0,,,,,,Auckland Region,Nil,1-way,Sealed,,0,0,,50,,Null,0,0,,76,Auckland,Traffic Signals,,,,,0,0,Urban,0,,,Fine,Null
1766698.1504,5904792.6979,791163,45,524603,0,,0,2,,North,2022/2023,LAMBIE DRIVE,CAVENDISH DRIVE,,Non-Injury Crash,No,2023,,South,,0,,Flat,,,,,,Overcast,780205,0,0,0,2,,,0,,,,,,Auckland Region,Nil,1-way,Sealed,,0,0,,50,,Off,0,0,,76,Auckland,Nil,,,,,0,0,Urban,0,,,Fine,None
1770513.3842,5916643.6092,791171,,522604,0,0,0,1,1,South,2024/2025,MACLEANS ROAD,OLIVER ROAD,,Non-Injury Crash,No,2024,0,South,0,0,1,Hill Road,0,,0,,0,Dark,677502,0,0,0,2,0,0,0,0,0,,0,0,Auckland Region,Nil,2-way,Sealed,0,0,0,0,50,0,On,0,0,,76,Auckland,Nil,0,0,0,0,0,0,Urban,0,0,0,Light rain,Null
1747131.3144,5919737.5518,791178,,512300,0,,0,2,,West,2024/2025,NORTH-WESTERN MOTORWAY,TE ATATU ROAD ON RAMP,,Non-Injury Crash,Yes,2024,,East,,0,,Flat,,,,,,Overcast,251700,0,0,0,3,,,0,,,,,,Auckland Region,Nil,1-way,Sealed,,0,0,,100,,Off,0,0,,76,Auckland,Nil,,,,,0,0,Open,0,,,Light rain,Null
1762299.5496,5906067.9337,791194,,524200,0,,0,2,,South,2024/2025,SOUTH-WESTERN MOTORWAY,MASSEY ROAD OFF RAMP,,Non-Injury Crash,Yes,2024,,North,,0,,Flat,,,,,,Dark,728900,0,0,0,2,,,0,,,,,,Auckland Region,Nil,1-way,Sealed,,0,0,,100,,On,0,0,,76,Auckland,Nil,,,,,0,0,Open,0,,,Fine,Null
1774363.451,5896007.8138,791202,,525510,0,0,0,0,0,Null,2024/2025,SETTLEMENT ROAD,HARPER STREET,,Minor Crash,No,2024,0,East,0,0,0,Flat,0,,0,,0,Dark,801002,1,0,0,2,0,0,0,0,1,,0,0,Auckland Region,Nil,2-way,Sealed,0,0,0,0,50,0,On,0,0,,76,Auckland,Nil,0,0,0,0,1,0,Urban,1,0,0,Fine,Null
1757974.894,5917124.0934,791218,,515700,0,,0,1,,South,2023/2024,GILLIES AVENUE,OWENS ROAD,,Minor Crash,No,2024,,North,,0,,Flat,,,,,,Dark,444600,1,0,0,4,,,0,,,,,,Auckland Region,Nil,2-way,Sealed,,0,0,,50,,On,0,0,,76,Auckland,Nil,,,,,0,0,Urban,1,,,Fine,Null
1745328.3613,5919763.9055,791219,,513301,0,,0,0,,Null,2024/2025,UNIVERSAL DRIVE,LINCOLN ROAD,,Minor Crash,No,2025,,West,,0,,Flat,,,,,,Bright sun,230401,1,0,0,4,,,0,,,1,,,Auckland Region,Nil,2-way,Sealed,,0,0,,50,,Off,0,0,,76,Auckland,Traffic Signals,,,,,0,1,Urban,0,,,Fine,Null
1763781.2013,5913651.3529,791233,,520402,0,,0,1,,South,2023/2024,MOUNT WELLINGTON HIGHWAY,PENROSE ROAD,,Non-Injury Crash,No,2023,,North,,0,,Flat,,,,,,Overcast,640002,0,0,0,3,,,0,,,,,,Auckland Region,Nil,1-way,Sealed,,0,0,,50,,Off,0,0,30,76,Auckland,Nil,,,,,0,0,Urban,0,,,Light rain,Null
1766239.856,5914735.4038,791242,,520601,0,0,0,1,0,South,2024/2025,DUNKIRK ROAD,MARETH STREET,,Non-Injury Crash,No,2025,0,South,0,0,0,Flat,0,,1,,1,Dark,633100,0,0,0,2,0,0,0,0,0,,0,0,Auckland Region,Nil,2-way,Unsealed,0,0,0,0,50,0,On,0,0,,76,Auckland,Nil,0,0,0,0,0,0,Urban,0,0,0,Fine,Null
1772961.1838,5891344.2004,791258,,521301,0,0,0,2,0,North,2024/2025,GREAT SOUTH ROAD ON RAMP,SOUTHERN MOTORWAY,,Non-Injury Crash,Yes,2025,0,South,0,0,0,Hill Road,0,,0,,0,Dark,809005,0,0,0,1,0,0,0,0,0,,0,0,Auckland Region,Motorway ramp,1-way,Sealed,0,0,0,0,100,0,On,0,0,10,76,Auckland,Nil,0,0,0,0,1,0,Open,0,1,0,Fine,Null
1755469.6974,5929203.3755,791259,,508510,0,,0,1,,North,2024/2025,NORTHERN MOTORWAY,TRISTRAM OBR,,Minor Crash,Yes,2025,,South,,0,,Flat,,,,,,Overcast,195200,1,0,0,2,,,0,,,,,,Auckland Region,Nil,1-way,Sealed,,0,0,,100,,Off,1,0,,76,Auckland,Nil,,,,,0,0,Open,0,,,Fine,Null
1772068.4166,5915184.0948,791266,,521602,0,0,0,2,0,Null,2022/2023,PICTON STREET,PARKHILL ROAD,,Non-Injury Crash,No,2023,0,South,0,0,0,Flat,0,,0,,0,Dark,649900,0,0,0,2,0,0,0,0,1,,0,0,Auckland Region,Nil,2-way,Sealed,0,0,0,0,50,0,On,0,0,,76,Auckland,Give way,0,0,0,0,0,0,Urban,0,0,0,Fine,None
1763828.008,5913739.8614,791267,,520303,0,,0,1,,North,2023/2024,MOUNT WELLINGTON HIGHWAY,PENROSE ROAD,,Non-Injury Crash,No,2024,,North,,0,,Hill Road,,,,,,Bright sun,627300,0,0,0,2,,,0,,,,,,Auckland Region,Nil,1-way,Sealed,,0,0,,50,,Off,0,0,,76,Auckland,Nil,,,,,0,1,Urban,0,,,Fine,None
1751932.0551,5915494.0328,791273,,517901,0,,0,1,,Null,2023/2024,NEW NORTH ROAD,BOLLARD AVENUE,,Minor Crash,No,2023,,South,,0,,Flat,,Christmas New Year,,,,Overcast,523800,1,0,0,4,,,0,,,,,,Auckland Region,Nil,2-way,Sealed,,0,0,,50,,Off,0,0,,76,Auckland,Traffic Signals,,,,,0,0,Urban,1,,,Fine,Strong wind
1745295.5016,5912825.418,791275,,512906,0,0,0,2,0,West,2024/2025,GLENGARRY ROAD,AUTUMN AVENUE,,Minor Crash,No,2024,0,West,0,0,0,Hill Road,0,,0,,0,Dark,278515,1,0,0,2,0,0,0,0,1,,0,0,Auckland Region,Nil,2-way,Sealed,0,0,0,0,50,0,On,0,0,,76,Auckland,Nil,0,0,0,0,0,0,Urban,0,0,0,Fine,Null
1745380.8912,5920832.934,791283,,513301,0,,0,2,,West,2024/2025,NORTH-WESTERN MOTORWAY,LINCOLN OBR,,Non-Injury Crash,Yes,2024,,East,,0,,Flat,,,,,,Overcast,230200,0,0,0,3,,,0,,,,,,Auckland Region,Nil,1-way,Sealed,,0,0,,100,,On,0,0,,76,Auckland,Nil,,,,,0,0,Open,1,,,Mist or Fog,Null
1771004.3005,5906159.134,791291,,523712,0,0,0,3,0,South,2024/2025,CRANFORD DRIVE,FLAT BUSH SCHOOL ROAD,,Non-Injury Crash,No,2025,0,South,0,0,0,Flat,0,,0,,0,Dark,713300,0,0,0,2,0,0,0,0,2,,0,0,Auckland Region,Nil,2-way,Sealed,0,0,0,0,50,0,On,0,0,,76,Auckland,Nil,0,0,0,0,0,0,Urban,0,0,0,Fine,Null
1769012.2579,5905478.7447,791297,,523721,0,0,0,1,0,Null,2023/2024,SIDEY AVENUE,LEMA PLACE,,Non-Injury Crash,No,2023,0,West,0,0,0,Flat,0,,0,,0,Dark,715607,0,0,0,1,0,0,0,0,1,,0,0,Auckland Region,Nil,2-way,Sealed,0,0,0,0,50,0,On,0,0,,76,Auckland,Nil,0,0,0,0,1,0,Urban,0,0,0,Fine,Null
1753294.9232,5946499.7488,791298,,505808,0,0,0,1,0,South,2024/2025,VIPOND ROAD,WHANGAPARAOA ROAD,,Non-Injury Crash,No,2024,0,East,0,0,1,Hill Road,0,,1,,0,Dark,173112,0,0,0,2,0,0,0,0,0,,0,0,Auckland Region,Nil,2-way,Sealed,0,0,0,0,50,0,On,0,0,,76,Auckland,Nil,0,0,0,0,0,0,Urban,0,0,0,Fine,Null
1746928.7676,5919008.1635,791314,,512402,0,,0,1,,South,2023/2024,TE ATATU ROAD,VERA ROAD,,Non-Injury Crash,No,2024,,North,,0,,Flat,,,,,,Overcast,254500,0,0,1,4,,,0,,,,,,Auckland Region,Nil,2-way,Sealed,,0,0,,50,,Off,0,0,,76,Auckland,Nil,,,,,0,0,Urban,0,,,Mist or Fog,Null
1758109.3106,5905926.958,791315,,524200,0,,0,1,,Null,2025/2026,MONTGOMERIE ROAD,PAVILION DRIVE,,Non-Injury Crash,No,2025,,West,,0,,Flat,,,,,,Overcast,726500,0,0,0,2,,,0,,,,,,Auckland Region,Nil,2-way,Sealed,,0,0,,50,,Off,0,0,,76,Auckland,Give way,,,,,1,0,Urban,0,,,Fine,Null
1759784.7705,5915852.9921,791321,,519200,0,,0,0,,North,2023/2024,GREAT SOUTH ROAD,GREEN LANE WEST,,Minor Crash,No,2023,,South,,0,,Flat,,,,,,Dark,616000,1,1,0,2,,,0,,,,,,Auckland Region,Nil,2-way,Sealed,,0,0,,50,,On,1,0,,76,Auckland,Nil,,,,,0,0,Urban,0,,,Fine,Null
1754843.7671,5937456.2887,791329,,506901,0,0,0,2,0,North,2023/2024,STREDWICK DRIVE,TALLINGTON CRESCENT,,Minor Crash,No,2023,0,South,0,0,0,Hill Road,0,,0,,0,Dark,166200,2,0,0,2,0,0,0,0,1,,0,0,Auckland Region,Nil,2-way,Sealed,0,0,0,0,50,0,On,0,0,,76,Auckland,Nil,0,0,0,0,0,0,Urban,1,0,0,Light rain,Null
1755757.9259,5919335.0387,791353,,515420,0,,0,2,,Null,2022/2023,WILLIAMSON AVENUE,MACKELVIE STREET,,Non-Injury Crash,No,2023,,West,,0,,Hill Road,,,,,,Overcast,411100,0,0,0,2,,,0,,,,,,Auckland Region,Nil,2-way,Sealed,,0,0,,50,,Off,0,0,,76,Auckland,Stop,,,,,0,0,Urban,0,,,Fine,Null