X,Y,OBJECTID,advisorySpeed,areaUnitID,bicycle,bridge,bus,carStationWagon,cliffBank,crashDirectionDescription,crashFinancialYear,crashLocation1,crashLocation2,crashRoadSideRoad,crashSeverity,crashSHDescription,crashYear,debris,directionRoleDescription,ditch,fatalCount,fence,flatHill,guardRail,holiday,houseOrBuilding,intersection,kerb,light,meshblockId,minorInjuryCount,moped,motorcycle,NumberOfLanes,objectThrownOrDropped,otherObject,otherVehicleType,overBank,parkedVehicle,pedestrian,phoneBoxEtc,postOrPole,region,roadCharacter,roadLane,roadSurface,roadworks,schoolBus,seriousInjuryCount,slipOrFlood,speedLimit,strayAnimal,streetLight,suv,taxi,temporarySpeedLimit,tlaId,tlaName,trafficControl,trafficIsland,trafficSign,train,tree,truck,unknownVehicleType,urban,vanOrUtility,vehicle,waterRiver,weatherA,weatherB
1768170.1611,5881659.2477,791354,,525910,0,,0,1,,North,2025/2026,PRINCES STREET,MONTGOMERY AVENUE,,Minor Crash,No,2025,,North,,0,,Flat,,,,,,Bright sun,820100,1,0,0,2,,,0,,,1,,,Auckland Region,Nil,2-way,Sealed,,0,0,,50,,Off,0,0,,76,Auckland,Nil,,,,,0,0,Urban,0,,,Fine,Null
1752732.3557,5935388.7148,791361,,508701,0,0,0,0,0,South,2022/2023,NORTHERN MOTORWAY,OTEHA VALLEY ROAD ON RAMP,,Non-Injury Crash,Yes,2023,0,North,0,0,0,Flat,2,,0,,0,Overcast,178501,0,0,0,2,0,0,0,0,0,,0,0,Auckland Region,Nil,1-way,Sealed,0,0,0,0,100,0,Off,1,0,,76,Auckland,Nil,0,0,0,0,0,0,Open,0,0,0,Fine,Null
1756770.3898,5918887.684,791362,,514200,0,,0,2,,North,2024/2025,UPPER QUEEN STREET,NEWTON ROAD,,Minor Crash,No,2025,,South,,0,,Null,,,,,,Unknown,412700,1,0,0,0,,,0,,,,,,Auckland Region,Nil,Null,Null,,0,0,,,,Null,0,0,,76,Auckland,Nil,,,,,0,0,Urban,0,,,Null,Null
1759389.8353,5910604.8602,791395,95,524002,0,,0,1,,North,2023/2024,SOUTH-WESTERN MOTORWAY,MAHUNGA DRIVE OFF RAMP,,Non-Injury Crash,Yes,2023,,North,,0,,Flat,,,,,,Bright sun,722400,0,0,0,4,,,0,,,,,,Auckland Region,Nil,1-way,Sealed,,0,0,,100,,Off,0,0,,76,Auckland,Nil,,,,,0,0,Open,1,,,Fine,None
1747341.9084,5971722.9582,791402,,506661,0,0,0,0,0,Null,2024/2025,SH 1,SH 1,,Minor Crash,Yes,2024,0,East,0,0,0,Flat,0,,0,,0,Bright sun,139106,1,0,0,2,0,0,0,0,0,,0,0,Auckland Region,Nil,1-way,Sealed,0,0,0,0,80,0,Off,0,0,,76,Auckland,Give way,1,0,0,0,1,0,Open,0,0,0,Fine,Null
1742960.7258,5924053.2547,791403,,513410,0,0,0,1,0,South,2024/2025,FRED TAYLOR DRIVE,DUNLOP ROAD,,Minor Crash,No,2024,0,South,0,0,0,Flat,0,,0,,0,Bright sun,226401,1,0,0,2,0,0,0,0,0,,0,1,Auckland Region,Nil,2-way,Sealed,0,0,0,0,80,0,Off,0,0,,76,Auckland,Nil,0,0,0,0,0,0,Open,0,0,0,Fine,Null
1751654.8409,5930143.8089,791410,,509100,0,0,0,1,0,South,2024/2025,UPPER HARBOUR MOTORWAY,ALBANY HIGHWAY ON RAMP,,Minor Crash,Yes,2025,0,South,0,0,0,Flat,2,Easter,0,,0,Twilight,181108,1,0,0,2,0,0,0,0,0,,0,0,Auckland Region,Nil,1-way,Sealed,0,0,0,0,100,0,On,0,0,,76,Auckland,Nil,0,0,0,0,0,0,Open,0,0,0,Heavy rain,Strong wind
1768899.2626,5905894.7062,791418,,523711,0,,0,2,,Null,2023/2024,DAWSON ROAD,TE IRIRANGI DRIVE,,Non-Injury Crash,No,2024,,East,,0,,Flat,,,,,,Dark,713005,0,0,0,1,,,0,,,,,,Auckland Region,Nil,1-way,Sealed,,0,0,,60,,On,0,0,,76,Auckland,Give way,,,,,0,0,Urban,0,,,Fine,None
1754344.4687,5945782.1289,791426,,505907,0,0,0,1,0,Null,2024/2025,DONALD STREET,D'OYLY DRIVE,,Non-Injury Crash,No,2025,0,North,0,0,1,Flat,0,,0,,0,Bright sun,173412,0,0,0,2,0,0,0,0,0,,0,0,Auckland Region,Nil,2-way,Sealed,0,0,0,0,50,0,Off,0,0,,76,Auckland,Give way,0,0,0,0,0,0,Urban,0,0,0,Fine,Null
1770143.7228,5911477.1856,791427,,523105,0,0,0,1,0,North,2024/2025,FALDO DRIVE,TIGER DRIVE,,Non-Injury Crash,No,2025,0,North,0,0,0,Null,0,,0,,0,Dark,711149,0,0,0,2,0,0,0,0,1,,0,0,Auckland Region,Nil,2-way,Null,0,0,0,0,50,0,On,0,0,,76,Auckland,Nil,0,0,0,0,0,0,Urban,0,0,0,Fine,Null
1768372.5206,5904464.7176,791449,,523722,0,,0,0,,Null,2023/2024,DIORELLA DRIVE,REDOUBT ROAD,,Minor Crash,No,2023,,South,,0,,Hill Road,,,,,,Overcast,715917,1,0,1,2,,,0,,,,,,Auckland Region,Nil,2-way,Sealed,,0,0,,50,,Off,0,0,,76,Auckland,Give way,,,,,0,0,Urban,0,,,Fine,Null
1769037.327,5911519.0824,791451,,523112,0,,0,1,,Null,2025/2026,HARRIS ROAD,TI RAKAU DRIVE,,Minor Crash,No,2025,,North,,0,,Null,,,,,,Overcast,711404,1,0,0,4,,,0,,,,,,Auckland Region,Nil,2-way,Sealed,,0,0,,50,,Null,1,0,,76,Auckland,Traffic Signals,,,,,0,0,Urban,0,,,Fine,Null
1745313.0496,5919960.1316,791457,,513301,0,,0,1,,Null,2022/2023,LINCOLN ROAD,PARAMOUNT DRIVE,,Non-Injury Crash,No,2023,,South,,0,,Flat,,,,,,Overcast,230401,0,0,0,4,,,0,,,,,,Auckland Region,Nil,2-way,Sealed,,0,0,,50,,Off,0,0,,76,Auckland,Give way,,,,,0,0,Urban,1,,,Fine,Null
1743669.0753,5919359.157,791483,,513213,0,,0,1,,Null,2024/2025,SWANSON ROAD,DON BUCK ROAD,,Non-Injury Crash,No,2024,,Null,,0,,Flat,,,,,,Twilight,235802,0,0,0,2,,,0,,,,,,Auckland Region,Nil,1-way,Sealed,,0,0,,50,,Null,0,0,,76,Auckland,Give way,,,,,0,1,Urban,0,,,Light rain,Null
1753497.3421,5932786.5401,791489,,508804,0,,0,1,,South,2023/2024,NORTHERN MOTORWAY,GREVILLE ROAD ON RAMP,,Serious Crash,Yes,2024,,South,,0,,Flat,,,,,,Bright sun,180701,0,0,2,3,,,0,,,,,,Auckland Region,Nil,1-way,Sealed,,0,1,,100,,Off,0,0,,76,Auckland,Nil,,,,,0,0,Open,0,,,Fine,Null
1755912.4104,5913044.4767,791491,,518701,0,,0,2,,North,2024/2025,STAMFORD PARK ROAD,MELROSE ROAD,,Non-Injury Crash,No,2024,,East,,0,,Flat,,,,,,Overcast,574000,0,0,0,2,,,0,,,,,,Auckland Region,Nil,2-way,Sealed,,0,0,,50,,Off,0,0,,76,Auckland,Nil,,,,,0,0,Urban,0,,,Light rain,Null
1753119.4712,5934161.7698,791497,,508701,0,,0,2,,South,2023/2024,NORTHERN MOTORWAY,MCCLYMONTS OBR,,Minor Crash,Yes,2024,,North,,0,,Flat,,,,,,Bright sun,178900,1,0,0,4,,,0,,,,,,Auckland Region,Motorway ramp,1-way,Sealed,,0,0,,100,,Off,0,0,,76,Auckland,Nil,,,,,0,0,Open,0,,,Fine,Null
1764363.4773,5912248.8631,791499,,520500,0,0,0,1,0,North,2024/2025,MOUNT WELLINGTON HWY OFF RAMP,SOUTHERN MOTORWAY,,Minor Crash,No,2025,0,West,0,0,0,Flat,0,,0,,0,Twilight,639500,1,0,0,3,0,0,0,0,0,,0,1,Auckland Region,Motorway ramp,1-way,Sealed,0,0,0,0,100,0,On,0,0,,76,Auckland,Nil,0,0,0,0,0,0,Open,0,0,0,Fine,Null
1751583.433,5914658.2224,791507,,514402,0,,0,2,,North,2024/2025,BLOCKHOUSE BAY ROAD,ACTON PLACE,,Non-Injury Crash,No,2024,,South,,0,,Flat,,,,,,Bright sun,380503,0,0,0,2,,,0,,,,,,Auckland Region,Nil,2-way,Sealed,,0,0,,50,,Off,0,0,,76,Auckland,Nil,,,,,0,0,Urban,0,,,Fine,Null
1760683.0873,5905345.0026,791521,,524200,0,0,0,1,0,South,2022/2023,PUKAKI ROAD,CYCLAMEN ROAD,,Non-Injury Crash,No,2023,0,North,0,0,0,Flat,0,,0,,0,Bright sun,728500,0,0,0,1,0,0,0,0,0,,0,1,Auckland Region,Nil,2-way,Sealed,0,0,0,0,50,0,Off,0,0,,76,Auckland,Nil,0,0,0,0,0,0,Urban,0,0,0,Fine,Null
1765134.272,5909847.7269,791529,,521803,0,,0,2,,South,2023/2024,SOUTHERN MOTORWAY,TRENWITH OBR,,Non-Injury Crash,Yes,2023,,South,,0,,Flat,,,,,,Twilight,788300,0,0,0,4,,,0,,,,,,Auckland Region,Nil,1-way,Sealed,,0,0,,100,,On,0,0,,76,Auckland,Nil,,,,,0,0,Open,0,,,Heavy rain,Null
1751202.4016,5932316.6631,791546,,508807,0,,0,1,,East,2025/2026,ROSEDALE ROAD,ALBANY HIGHWAY,,Minor Crash,No,2025,,West,,0,,Hill Road,,,,,,Bright sun,180204,1,0,0,2,,,0,,,1,,,Auckland Region,Nil,2-way,Sealed,,0,0,,50,,Off,0,0,,76,Auckland,Nil,,,,,0,0,Urban,0,,,Fine,Null
1748856.327,5972081.8699,791563,,506661,0,,0,1,,Null,2024/2025,TE HONOHONO KI TAI ROAD,MATAKANA ROAD,,Non-Injury Crash,No,2024,,East,,0,,Flat,,,,,,Overcast,139105,0,0,0,2,,,0,,,,,,Auckland Region,Nil,2-way,Sealed,,0,0,,50,,Null,0,0,,76,Auckland,Give way,,,,,0,0,Urban,1,,,Fine,None
1768589.8063,5905836.3982,791569,,523721,0,,0,1,,East,2024/2025,BAHAMA PLACE,OTHELLO DRIVE,,Serious Crash,No,2025,,East,,0,,Flat,,,,,,Bright sun,715610,0,0,0,2,,,0,,,1,,,Auckland Region,Nil,2-way,Sealed,,0,1,,50,,Off,0,0,,76,Auckland,Nil,,,,,0,0,Urban,0,,,Fine,Null
1756691.2989,5927481.0806,791570,,507900,0,,0,1,,South,2024/2025,NORTHCOTE ROAD,TAHAROTO ROAD,,Non-Injury Crash,No,2025,,North,,0,,Null,,,,,,Overcast,305202,0,0,0,1,,,0,,,,,,Auckland Region,Nil,1-way,Sealed,,0,0,,50,,Null,1,0,,76,Auckland,Nil,,,,,0,0,Urban,0,,,Fine,Null
1752724.13,5918277.9499,791577,,515002,0,,0,0,,Null,2023/2024,GREAT NORTH ROAD,WALMER ROAD,,Non-Injury Crash,No,2024,,East,,0,,Flat,,,,,,Bright sun,390501,0,0,0,5,,,0,,,,,,Auckland Region,Nil,2-way,Sealed,,0,0,,50,,Off,1,0,30,76,Auckland,Give way,,,,,0,0,Urban,1,,,Fine,Null
1755554.4833,5915649.1185,791602,,518302,0,,0,2,,North,2024/2025,DOMINION ROAD,BIRDSONG LANE,,Non-Injury Crash,No,2025,,South,,0,,Null,,,,,,Unknown,554900,0,0,0,2,,,0,,,,,,Auckland Region,Nil,2-way,Sealed,,0,0,,50,,Null,0,0,,76,Auckland,Nil,,,,,0,0,Urban,0,,,Fine,Null
1754874.6401,5930480.2692,791609,,508520,0,,0,1,,North,2023/2024,NORTHERN MOTORWAY,SUNNYNOOK OBR,,Non-Injury Crash,Yes,2024,,South,,0,,Flat,,,,,,Bright sun,192700,0,0,0,2,,,0,,,,,,Auckland Region,Nil,1-way,Sealed,,0,0,,100,,Off,0,0,,76,Auckland,Nil,,,,,0,0,Open,1,,,Fine,Null
1769604.268,5905393.5222,791611,,523712,0,,0,2,,Null,2023/2024,ASPIRING AVENUE,DONEGAL PARK DRIVE,,Non-Injury Crash,No,2023,,North,,0,,Null,,,,,,Unknown,716202,0,0,0,2,,,0,,,,,,Auckland Region,Nil,2-way,Null,,0,0,,50,,Null,0,0,,76,Auckland,Give way,,,,,0,1,Urban,0,,,Null,Null
1765480.2062,5908805.5029,791625,25,523403,0,0,0,1,0,Null,2023/2024,HIGHBROOK DRIVE,HIGHBROOK DRIVE OFF RAMP,,Non-Injury Crash,No,2024,0,West,0,0,0,Hill Road,1,,0,,0,Dark,700100,0,0,0,2,0,0,0,0,0,,0,0,Auckland Region,Motorway ramp,1-way,Sealed,0,0,0,0,50,0,On,0,0,,76,Auckland,Traffic Signals,0,0,0,0,0,0,Urban,0,0,0,Fine,Null
1757008.9508,5925846.8053,791626,,509702,0,,0,0,,Null,2024/2025,ESMONDE ROAD OFF RAMP,ESMONDE ROAD,,Non-Injury Crash,No,2024,,North,,0,,Null,,,,,,Unknown,364602,0,0,0,3,,,0,,,,,,Auckland Region,Nil,1-way,Null,,0,0,,50,,Null,1,0,,76,Auckland,Traffic Signals,,,,,0,0,Urban,1,,,Fine,Null
1759975.4854,5916075.2555,791659,,516002,0,,0,0,,East,2024/2025,GREEN LANE EAST OFF RAMP,SOUTHERN MOTORWAY,,Minor Crash,No,2024,,East,,0,,Flat,,,,,,Overcast,492100,2,0,0,1,,,0,,,,,,Auckland Region,Nil,1-way,Sealed,,0,0,,50,,Off,1,0,,76,Auckland,Nil,,,,,0,0,Urban,2,,,Light rain,Null
1754881.9416,5920883.7143,791673,,515301,0,,0,2,,West,2023/2024,JERVOIS ROAD,JOHN STREET,,Minor Crash,No,2024,,East,,0,,Flat,,Queens Birthday,,,,Dark,427900,1,0,0,4,,,0,,,,,,Auckland Region,Nil,2-way,Sealed,,0,0,,50,,On,0,0,,76,Auckland,Nil,,,,,0,0,Urban,0,,,Fine,Null
1727803.5956,5941494.178,791674,,506644,0,0,0,0,0,West,2025/2026,FORDYCE ROAD,RAABIA CLOSE,,Serious Crash,No,2025,0,South,0,0,0,Flat,0,,0,,0,Overcast,211005,0,0,0,2,0,0,0,0,0,,0,1,Auckland Region,Nil,2-way,Sealed,0,0,1,0,80,0,None,0,0,,76,Auckland,Nil,0,0,0,0,0,0,Open,1,0,0,Fine,Null
1769772.3837,5907480.1818,791683,,523713,0,0,0,0,1,North,2024/2025,CHAPEL ROAD,CHAPEL ROAD,,Non-Injury Crash,No,2024,0,North,0,0,0,Hill Road,0,,0,,0,Bright sun,712401,0,0,0,2,0,0,0,0,0,,0,0,Auckland Region,Bridge,2-way,Sealed,0,0,0,0,50,0,Off,0,0,,76,Auckland,Nil,0,0,0,1,0,0,Urban,1,0,0,Fine,Null
1745490.802,5920641.5248,791689,,513301,0,0,0,1,0,Null,2023/2024,LINCOLN ROAD OFF RAMP,LINCOLN ROAD,,Non-Injury Crash,No,2024,0,West,0,0,0,Hill Road,0,,0,,0,Bright sun,230301,0,0,0,3,0,0,0,0,0,,0,1,Auckland Region,Motorway ramp,1-way,Sealed,0,0,0,0,50,0,Off,0,0,,76,Auckland,Traffic Signals,0,0,0,0,0,0,Urban,0,0,0,Fine,Null
1750509.9201,5913735.0363,791691,,511303,0,,0,1,,Null,2024/2025,CLARK STREET,PORTAGE ROAD,,Minor Crash,No,2024,,West,,0,,Flat,,,,,,Dark,265200,1,0,0,5,,,0,,,,,,Auckland Region,Nil,2-way,Sealed,,0,0,,50,,On,0,0,,76,Auckland,Traffic Signals,,,,,0,0,Urban,1,,,Fine,Null
1758973.1171,5917059.2037,791697,,516001,0,0,0,2,0,South,2023/2024,SOUTHERN MOTORWAY,MARKET ROAD OFF RAMP,,Non-Injury Crash,Yes,2024,0,South,0,0,0,Flat,1,,0,,0,Bright sun,491200,0,0,0,3,0,0,0,0,0,,0,0,Auckland Region,Nil,1-way,Sealed,0,0,0,0,100,0,Off,0,0,,76,Auckland,Nil,0,0,0,0,0,0,Open,0,0,0,Fine,Null
1763445.3377,5908225.7339,791705,,521901,0,,0,2,,South,2023/2024,HOSPITAL ROAD,MASSEY ROAD,,Non-Injury Crash,No,2024,,North,,0,,Flat,,,,,,Bright sun,786300,0,0,0,2,,,0,,,,,,Auckland Region,Nil,2-way,Sealed,,0,0,,50,,Off,0,0,,76,Auckland,Nil,,,,,0,0,Urban,0,,,Fine,Null
1771162.989,5895185.8332,791715,,521201,0,,0,0,,Null,2024/2025,HARBOURSIDE DRIVE,HINGAIA ROAD,,Minor Crash,No,2024,,Null,,0,,Flat,,,,,,Bright sun,806604,1,0,0,1,,,0,,,1,,,Auckland Region,Nil,1-way,Sealed,,0,0,,50,,Off,0,0,,76,Auckland,Give way,,,,,0,0,Urban,0,,,Fine,Null
1757172.3078,5919842.8037,791722,,514102,0,,1,0,,South,2024/2025,QUEEN STREET,MAYORAL DRIVE,,Non-Injury Crash,No,2025,,North,,0,,Hill Road,,,,,,Bright sun,435201,0,0,0,5,,,0,,,,,,Auckland Region,Nil,2-way,Sealed,,0,0,,30,,Off,0,0,,76,Auckland,Nil,,,,,1,0,Urban,0,,,Fine,Null
1774402.8614,5897007.2295,791730,,525610,0,0,0,1,0,North,2024/2025,RICE CRESCENT,PEMBROOK STREET,,Non-Injury Crash,No,2025,0,North,0,0,1,Flat,0,,0,,1,Overcast,796400,0,0,0,2,0,0,0,0,0,,0,0,Auckland Region,Nil,2-way,Sealed,0,0,0,0,50,0,Off,0,0,,76,Auckland,Nil,0,0,0,0,0,0,Urban,0,0,0,Fine,Null
1750514.5973,5913734.2942,791745,,511303,0,,0,2,,Null,2023/2024,CLARK STREET,PORTAGE ROAD,,Non-Injury Crash,No,2024,,West,,0,,Hill Road,,,,,,Overcast,265200,0,0,0,4,,,0,,,,,,Auckland Region,Nil,2-way,Sealed,,0,0,,50,,None,0,0,,76,Auckland,Traffic Signals,,,,,0,0,Urban,0,,,Light rain,Null
1772704.3945,5906490.1626,791762,35,523713,0,0,0,1,0,West,2024/2025,REGIS LANE,KITENGA ROAD,,Non-Injury Crash,No,2024,0,West,0,0,1,Hill Road,0,,0,,0,Overcast,712600,0,0,0,2,0,0,0,0,0,,0,0,Auckland Region,Nil,2-way,Sealed,0,0,0,0,50,0,Off,0,0,,76,Auckland,Nil,0,0,0,0,0,0,Urban,0,0,0,Light rain,Null
1741322.9791,5912952.5013,791770,,513020,0,,0,0,,North,2024/2025,FOREST HILL ROAD,OLD FOREST HILL ROAD,,Serious Crash,No,2025,,North,,0,,Hill Road,,,,,,Dark,280302,0,0,1,2,,,0,,,,,,Auckland Region,Nil,2-way,Sealed,,0,1,,60,,None,0,0,,76,Auckland,Nil,,,,,0,0,Urban,0,,,Light rain,Null
1758683.8509,5918766.7455,791777,,517400,0,0,0,2,0,North,2022/2023,PARNELL ROAD,GEORGE STREET,,Non-Injury Crash,No,2023,0,South,0,0,0,Flat,0,,0,,0,Dark,450800,0,0,0,2,0,0,0,0,1,,0,0,Auckland Region,Nil,2-way,Sealed,0,0,0,0,50,0,On,0,0,,76,Auckland,Nil,0,0,0,0,0,0,Urban,0,0,0,Light rain,None
1762382.6431,5913328.6862,791779,,520402,0,,0,1,,South,2023/2024,SOUTHERN MOTORWAY,PENROSE OBR,,Non-Injury Crash,Yes,2023,,South,,0,,Flat,,,,,,Bright sun,642200,0,0,0,3,,,0,,,,,,Auckland Region,Nil,1-way,Sealed,,0,0,,100,,Off,0,0,,76,Auckland,Nil,,,,,0,0,Open,2,,,Fine,Null
1757468.9999,5919883.9961,791810,,514103,0,0,0,0,0,East,2024/2025,ST PAUL STREET,GOVERNOR FITZROY PLACE,,Non-Injury Crash,No,2024,0,East,0,0,0,Null,0,,0,,0,Bright sun,436700,0,0,0,2,0,0,0,0,1,,0,0,Auckland Region,Nil,2-way,Sealed,0,0,0,0,30,0,Off,0,0,,76,Auckland,Nil,0,0,0,0,0,1,Urban,1,0,0,Fine,Null
1745602.1665,5916445.1787,791811,,510800,0,,0,0,,Null,2024/2025,VITASOVICH AVENUE,VIEW ROAD,,Minor Crash,No,2025,,South,,0,,Flat,,,,,,Dark,243300,2,0,0,2,,,0,,,,,,Auckland Region,Nil,2-way,Sealed,,0,0,,50,,On,2,0,,76,Auckland,Traffic Signals,,,,,0,0,Urban,0,,,Fine,Null
1766366.202,5899718.4339,791825,,524812,0,,0,2,,Null,2023/2024,MAHIA ROAD,WEYMOUTH ROAD,,Non-Injury Crash,No,2024,,North,,0,,Flat,,,,,,Bright sun,774201,0,0,0,2,,,0,,,,,,Auckland Region,Nil,2-way,Sealed,,0,0,,50,,Off,0,0,,76,Auckland,Give way,,,,,0,0,Urban,0,,,Fine,None
1744011.2258,5915068.9702,791827,,513013,0,,0,1,,Null,2024/2025,FOREST HILL ROAD,PARRS CROSS ROAD,,Serious Crash,No,2024,,North,,0,,Flat,,,,,,Dark,281300,0,0,1,2,,,0,,,,,,Auckland Region,Nil,2-way,Sealed,,0,1,,50,,On,0,0,,76,Auckland,Stop,,,,,0,0,Urban,0,,,Fine,Null
1751710.0029,5917105.5766,791834,,514900,0,0,0,1,0,South,2024/2025,SH 20,GT NORTH OBR,,Non-Injury Crash,Yes,2024,0,North,0,0,0,Flat,1,,0,,0,Bright sun,384701,0,0,0,3,0,0,0,0,0,,0,0,Auckland Region,Tunnel,1-way,Sealed,0,0,0,0,80,0,On,1,0,,76,Auckland,Nil,0,0,0,0,0,0,Open,0,0,0,Fine,Null
1765913.185,5900805.1877,791842,,524711,0,0,0,1,0,South,2023/2024,ROSCOMMON ROAD,PUSHON PLACE,,Non-Injury Crash,No,2023,0,South,0,0,0,Flat,0,,0,,0,Dark,774505,0,0,0,1,0,0,0,0,1,,0,0,Auckland Region,Nil,1-way,Sealed,0,0,0,0,50,0,On,1,0,,76,Auckland,Nil,0,0,0,0,0,0,Urban,0,0,0,Fine,None
1768748.9451,5904559.0259,791843,,523722,0,,0,3,,Null,2023/2024,HOLLYFORD DRIVE,REDOUBT ROAD,,Minor Crash,No,2023,,South,,0,,Flat,,,,,,Bright sun,715909,1,0,0,3,,,0,,,,,,Auckland Region,Nil,2-way,Sealed,,0,0,,50,,None,0,0,,76,Auckland,Traffic Signals,,,,,0,0,Urban,0,,,Fine,Null
1745972.4757,5922837.6971,791851,,513530,1,,0,0,,West,2023/2024,ROYAL ROAD,WICKSTEAD PLACE,,Minor Crash,No,2024,,West,,0,,Flat,,,,,,Bright sun,226004,1,0,0,2,,,0,,,,,,Auckland Region,Speed hump,2-way,Sealed,,0,0,,50,,Off,0,0,,76,Auckland,Nil,,,,,0,0,Urban,1,,,Fine,Null
1772142.7313,5894192.4282,791858,,525530,0,,0,0,,Null,2023/2024,CHICHESTER DRIVE,JOANNE PLACE,,Non-Injury Crash,No,2024,,North,,0,,Flat,,,,,,Overcast,804100,0,0,0,2,,,0,,,,,,Auckland Region,Nil,2-way,Sealed,,0,0,,30,,Off,1,0,,76,Auckland,Nil,,,,,0,1,Urban,0,,,Fine,Null
1742847.1453,5918895.6945,791865,,513213,0,0,0,1,0,South,2024/2025,RANUI STATION ROAD,SWANSON ROAD,,Non-Injury Crash,No,2024,0,South,0,0,0,Flat,0,,0,,0,Bright sun,235300,0,0,0,2,0,0,0,0,0,,0,1,Auckland Region,Nil,2-way,Sealed,0,0,0,0,50,0,Off,0,0,,76,Auckland,Nil,0,0,0,0,0,0,Urban,0,0,0,Fine,Null
1762278.527,5907069.1064,791866,,524520,0,,0,2,,Null,2024/2025,MASSEY ROAD,BUCKLAND ROAD,,Non-Injury Crash,No,2025,,South,,0,,Flat,,,,,,Bright sun,734703,0,0,0,2,,,0,,,,,,Auckland Region,Nil,2-way,Sealed,,0,0,,50,,Null,0,0,,76,Auckland,Traffic Signals,,,,,0,0,Urban,0,,,Fine,Null
1766615.3623,5913307.1066,791867,,522820,0,,0,1,,East,2023/2024,PAKURANGA ROAD,TI RAKAU DRIVE,,Non-Injury Crash,No,2024,,East,,0,,Flat,,,,,,Bright sun,694800,0,0,0,3,,,0,,,,,,Auckland Region,Nil,1-way,Sealed,,0,0,,50,,Off,0,0,,76,Auckland,Nil,,,,,0,0,Urban,1,,,Fine,None
1768131.0705,5888714.286,791882,,521122,0,,0,2,,West,2024/2025,KARAKA ROAD,GELLERT ROAD,,Fatal Crash,Yes,2025,,West,,1,,Hill Road,,,,,,Overcast,812700,0,0,0,2,,,0,,,,,,Auckland Region,Nil,2-way,Sealed,,0,3,,80,,Off,0,0,,76,Auckland,Nil,,,,,0,0,Open,0,,,Fine,Strong wind
1759864.0568,5915779.8767,791899,,519200,0,,0,2,,Null,2022/2023,GREAT SOUTH ROAD,GREEN LANE EAST,,Non-Injury Crash,No,2023,,South,,0,,Flat,,,,,,Bright sun,616000,0,0,0,4,,,0,,,,,,Auckland Region,Nil,2-way,Sealed,,0,0,,50,,Off,0,0,,76,Auckland,Traffic Signals,,,,,0,0,Urban,0,,,Fine,None
1757809.627,5918168.5627,791922,,515700,0,,0,3,,North,2024/2025,SOUTHERN MOTORWAY,GILLIES AVENUE ON RAMP,,Non-Injury Crash,Yes,2025,,North,,0,,Flat,,,,,,Dark,443600,0,0,0,5,,,0,,,,,,Auckland Region,Nil,1-way,Sealed,,0,0,,80,,On,0,0,,76,Auckland,Nil,,,,,0,0,Open,0,,,Light rain,Null
1760448.2165,5907046.6292,791923,,524112,0,,0,0,,East,2024/2025,BADER DRIVE,MASCOT AVENUE,,Non-Injury Crash,No,2024,,East,,0,,Flat,,,,,,Dark,737500,0,0,0,2,,,0,,,1,,,Auckland Region,Nil,1-way,Sealed,,0,0,,50,,On,1,0,,76,Auckland,Nil,,,,,0,0,Urban,0,,,Light rain,Null
1764861.0583,5912277.0951,791929,,520500,0,,0,1,,East,2024/2025,GABADOR PLACE,CARBINE ROAD,,Non-Injury Crash,No,2024,,East,,0,,Flat,,,,,,Bright sun,639400,0,0,0,2,,,0,,,,,,Auckland Region,Nil,2-way,Sealed,,0,0,,50,,None,0,0,,76,Auckland,Nil,,,,,1,0,Urban,0,,,Fine,None
1767651.0195,5902110.9288,791931,,525001,0,,0,1,,Null,2024/2025,ADAMS ROAD,STURDEE ROAD,,Non-Injury Crash,No,2024,,West,,0,,Null,,,,,,Unknown,750200,0,0,0,2,,,0,,,,,,Auckland Region,Nil,2-way,Sealed,,0,0,,50,,Null,0,0,,76,Auckland,Nil,,,,,0,0,Urban,1,,,Fine,Null
1758045.5782,5915060.623,791955,,519300,0,,0,1,,South,2022/2023,MANUKAU ROAD,ONSLOW AVENUE,,Non-Injury Crash,No,2023,,North,,0,,Flat,,,,,,Bright sun,623800,0,0,0,2,,,0,,,,,,Auckland Region,Nil,2-way,Sealed,,0,0,,50,,Null,0,0,,76,Auckland,Nil,,,,,0,1,Urban,0,,,Fine,Null
1765610.6409,5906906.9352,791986,,522201,0,,0,1,,Null,2025/2026,GREAT SOUTH ROAD,KOLMAR ROAD,,Non-Injury Crash,No,2025,,South,,0,,Flat,,,,,,Dark,662400,0,0,0,4,,,0,,,,,,Auckland Region,Nil,2-way,Sealed,,0,0,,50,,On,1,0,,76,Auckland,Traffic Signals,,,,,0,0,Urban,0,,,Fine,Null
1758013.6573,5920597.8568,791994,,514103,0,,0,1,,Null,2024/2025,ANZAC AVENUE,SHORT STREET,,Minor Crash,No,2025,,East,,0,,Flat,,,,,,Overcast,438406,0,0,0,4,,,0,,,1,,,Auckland Region,Nil,2-way,Sealed,,0,0,,30,,Off,0,0,,76,Auckland,Nil,,,,,0,0,Urban,0,,,Fine,Null
1760731.5038,5915444.9924,792001,,520201,0,,0,1,,South,2023/2024,SOUTHERN MOTORWAY,WALPOLE OBR,,Non-Injury Crash,Yes,2024,,North,,0,,Flat,,,,,,Bright sun,613000,0,0,0,4,,,0,,,,,,Auckland Region,Nil,1-way,Sealed,,0,0,,100,,Off,1,0,,76,Auckland,Nil,,,,,0,0,Open,0,,,Fine,Null