X,Y,OBJECTID,advisorySpeed,areaUnitID,bicycle,bridge,bus,carStationWagon,cliffBank,crashDirectionDescription,crashFinancialYear,crashLocation1,crashLocation2,crashRoadSideRoad,crashSeverity,crashSHDescription,crashYear,debris,directionRoleDescription,ditch,fatalCount,fence,flatHill,guardRail,holiday,houseOrBuilding,intersection,kerb,light,meshblockId,minorInjuryCount,moped,motorcycle,NumberOfLanes,objectThrownOrDropped,otherObject,otherVehicleType,overBank,parkedVehicle,pedestrian,phoneBoxEtc,postOrPole,region,roadCharacter,roadLane,roadSurface,roadworks,schoolBus,seriousInjuryCount,slipOrFlood,speedLimit,strayAnimal,streetLight,suv,taxi,temporarySpeedLimit,tlaId,tlaName,trafficControl,trafficIsland,trafficSign,train,tree,truck,unknownVehicleType,urban,vanOrUtility,vehicle,waterRiver,weatherA,weatherB
1769427.4114,5880519.1852,792002,,525922,0,0,0,1,0,North,2024/2025,MANUKAU ROAD,GLASGOW ROAD,,Non-Injury Crash,No,2025,0,North,0,0,0,Flat,0,,0,,0,Bright sun,823300,0,0,0,2,0,0,0,0,1,,0,0,Auckland Region,Nil,2-way,Sealed,0,0,0,0,50,0,Off,0,0,,76,Auckland,Nil,0,0,0,0,1,0,Urban,0,0,0,Fine,Null
1761195.9088,5914724.0709,792010,,520202,0,,0,2,,North,2024/2025,SOUTHERN MOTORWAY,ELLERSLIE-PANMURE HWY OFF RAMP,,Non-Injury Crash,Yes,2024,,South,,0,,Flat,,,,,,Overcast,612100,0,0,0,3,,,0,,,,,,Auckland Region,Nil,1-way,Sealed,,0,0,,100,,Off,0,0,,76,Auckland,Nil,,,,,0,0,Open,1,,,Fine,Null
1769644.7789,5897656.6656,792025,,523920,0,,0,2,,Null,2024/2025,WALTER STREVENS DRIVE,GIGI PLACE,,Minor Crash,No,2025,,West,,0,,Flat,,,,,,Dark,767913,2,0,0,2,,,0,,,,,,Auckland Region,Nil,2-way,Sealed,,0,0,,50,,On,0,0,,76,Auckland,Nil,,,,,0,0,Urban,0,,,Fine,Null
1759521.9808,5917072.5671,792027,,516102,0,,0,1,,West,2024/2025,REMUERA ROAD,MARKET ROAD,,Non-Injury Crash,No,2024,,West,,0,,Flat,,,,,,Overcast,484900,0,0,1,4,,,0,,,,,,Auckland Region,Nil,2-way,Sealed,,0,0,,50,,Off,0,0,,76,Auckland,Nil,,,,,0,0,Urban,0,,,Fine,Null
1755067.9928,5931482.2606,792042,,508520,0,,0,2,,Null,2025/2026,JUNIPER ROAD,SUNSET ROAD,,Non-Injury Crash,No,2025,,North,,0,,Flat,,,,,,Overcast,191901,0,0,0,2,,,0,,,,,,Auckland Region,Nil,2-way,Sealed,,0,0,,30,,Null,0,0,,76,Auckland,Nil,,,,,0,0,Urban,0,,,Fine,Null
1769789.66,5918974.2612,792065,,522601,0,,0,2,,North,2024/2025,CLOVELLY ROAD,LYNTON ROAD,,Minor Crash,No,2024,,South,,0,,Flat,,,,,,Dark,675200,1,0,0,1,,,0,,,,,,Auckland Region,Nil,2-way,Sealed,,0,0,,50,,On,0,0,,76,Auckland,Nil,,,,,0,0,Urban,0,,,Fine,Null
1754511.2945,5918270.5881,792081,,517600,0,0,0,1,0,Null,2023/2024,LEVONIA STREET,MOUNTAIN VIEW ROAD,,Non-Injury Crash,No,2024,0,West,0,0,0,Flat,0,,0,,0,Dark,533100,0,0,0,2,0,0,0,0,0,,0,1,Auckland Region,Nil,2-way,Sealed,0,0,0,0,50,0,On,0,0,,76,Auckland,Stop,0,0,0,0,0,0,Urban,0,0,0,Fine,Null
1748549.2462,5945371.78,792082,,506201,0,,0,4,,Null,2025/2026,DAIRY FLAT HIGHWAY,SILVERDALE OFF RAMP,,Minor Crash,No,2025,,North,,0,,Flat,,,,,,Overcast,176700,2,0,0,2,,,0,,,,,,Auckland Region,Nil,1-way,Sealed,,0,0,,60,,Off,1,0,,76,Auckland,Give way,,,,,1,0,Urban,0,,,Heavy rain,Null
1754627.6022,5918335.7224,792089,,517600,0,,0,3,,East,2023/2024,NORTH-WESTERN MOTORWAY,ST LUKES ROAD OFF RAMP,,Non-Injury Crash,Yes,2023,,West,,0,,Flat,,,,,,Dark,533100,0,0,0,4,,,0,,,,,,Auckland Region,Nil,1-way,Sealed,,0,0,,80,,On,0,0,,76,Auckland,Nil,,,,,0,0,Open,0,,,Fine,Null
1767903.1602,5903201.0528,792090,,524602,0,,1,1,,West,2023/2024,KERRS ROAD,WALLSON CRESCENT,,Non-Injury Crash,No,2024,,East,,0,,Flat,,,,,,Overcast,780407,0,0,0,2,,,0,,,,,,Auckland Region,Nil,2-way,Sealed,,0,0,,60,,Off,0,0,,76,Auckland,Nil,,,,,0,0,Urban,0,,,Fine,Null
1760082.7698,5913772.2271,792153,,519900,0,,0,2,,Null,2022/2023,PAIHIA ROAD,RAWHITI ROAD,,Non-Injury Crash,No,2023,,South,,0,,Hill Road,,,,,,Overcast,602600,0,0,0,2,,,0,,,,,,Auckland Region,Nil,2-way,Sealed,,0,0,,50,,Off,0,0,,76,Auckland,Stop,,,,,0,0,Urban,0,,,Light rain,Null
1769892.6869,5913354.5201,792163,,522722,0,0,0,2,0,South,2024/2025,AVIEMORE DRIVE,MARCO PLACE,,Minor Crash,No,2024,0,North,0,0,0,Flat,0,,0,,0,Dark,681337,1,0,0,2,0,0,0,0,1,,0,0,Auckland Region,Nil,2-way,Sealed,0,0,0,0,50,0,On,0,0,,76,Auckland,Nil,0,0,0,0,0,0,Urban,0,0,0,Fine,Null
1760975.7235,5915194.1128,792178,,520201,0,,0,2,,North,2024/2025,SOUTHERN MOTORWAY,MAIN OBR,,Non-Injury Crash,Yes,2024,,North,,0,,Flat,,,,,,Bright sun,613500,0,0,0,4,,,0,,,,,,Auckland Region,Nil,1-way,Sealed,,0,0,,100,,Off,0,0,,76,Auckland,Nil,,,,,0,0,Open,1,,,Fine,None
1753320.3961,5915188.8271,792179,,517903,0,0,0,2,0,Null,2023/2024,HENDON AVENUE,HALLAM STREET,,Non-Injury Crash,No,2024,0,West,0,0,0,Flat,0,,0,,0,Dark,518000,0,0,0,2,0,0,0,0,1,,0,0,Auckland Region,Nil,2-way,Sealed,0,0,0,0,50,0,None,0,0,,76,Auckland,Give way,0,0,0,0,1,0,Urban,0,0,0,Heavy rain,Null
1771803.1863,5906932.7217,792185,,523713,0,,0,1,,Null,2022/2023,ORMISTON ROAD,VALDERAMA DRIVE,,Minor Crash,No,2023,,West,,0,,Flat,,,,,,Bright sun,712500,1,0,0,4,,,0,,,,,,Auckland Region,Nil,2-way,Sealed,,0,0,,50,,Off,0,0,,76,Auckland,Give way,,,,,0,0,Urban,1,,,Fine,Null
1771757.8668,5895183.045,792202,,525530,0,,0,2,,Null,2023/2024,CHICHESTER DRIVE,BEACH ROAD,,Non-Injury Crash,No,2024,,North,,0,,Flat,,,,,,Dark,804901,0,0,0,3,,,0,,,,,,Auckland Region,Nil,2-way,Sealed,,0,0,,30,,On,0,0,,76,Auckland,Traffic Signals,,,,,0,0,Urban,0,,,Fine,Null
1753923.4322,5933640.3398,792203,,508804,0,,0,0,,East,2024/2025,GREVILLE ROAD,HUGH GREEN DRIVE,,Non-Injury Crash,No,2024,,East,,0,,Null,,,,,,Dark,180609,0,0,0,2,,,0,,,,,,Auckland Region,Nil,1-way,Sealed,,0,0,,50,,On,1,0,,76,Auckland,Nil,,,,,0,0,Urban,1,,,Fine,Null
1766861.7437,5905763.7922,792210,45,522302,0,,0,2,,Null,2023/2024,GREAT SOUTH ROAD,PEMBROKE STREET,,Non-Injury Crash,No,2024,,North,,0,,Flat,,,,,,Twilight,670600,0,0,0,4,,,0,,,,,,Auckland Region,Nil,2-way,Sealed,,0,0,,50,,Off,0,0,,76,Auckland,Stop,,,,,0,0,Urban,0,,,Fine,None
1757197.8768,5912497.9442,792211,,518702,0,0,0,4,0,South,2024/2025,SOUTH-WESTERN MOTORWAY,HILLSBOROUGH ROAD ON RAMP,,Minor Crash,Yes,2025,0,South,0,0,0,Hill Road,1,,0,,0,Overcast,570300,1,0,0,3,0,0,0,0,0,,0,0,Auckland Region,Motorway ramp,1-way,Sealed,0,0,0,0,100,0,Off,0,0,,76,Auckland,Nil,0,0,0,0,0,0,Open,0,0,0,Light rain,Null
1763601.2773,5911099.1087,792234,,520500,0,0,0,1,0,South,2024/2025,DORAVAL PLACE,MOUNT RICHMOND DRIVE,,Non-Injury Crash,No,2024,0,South,0,0,1,Flat,0,,0,,0,Bright sun,637900,0,0,0,1,0,0,0,0,0,1,0,0,Auckland Region,Nil,2-way,Sealed,0,0,0,0,50,0,Off,0,0,,76,Auckland,Nil,0,0,0,0,0,0,Urban,0,0,0,Fine,Null
1765919.9187,5906476.4339,792242,,522202,0,0,0,0,0,South,2023/2024,GREAT SOUTH ROAD,REX LANE,,Non-Injury Crash,No,2023,0,South,0,0,0,Flat,0,,0,,0,Bright sun,663900,0,0,0,4,0,0,0,0,1,,0,0,Auckland Region,Nil,2-way,Sealed,0,0,0,0,50,0,Off,1,0,,76,Auckland,Nil,0,0,0,0,1,0,Urban,0,0,0,Fine,None
1745345.4871,5920307.5355,792243,,513301,0,,0,1,,South,2024/2025,LINCOLN ROAD,CENTRAL PARK DRIVE,,Minor Crash,No,2024,,South,,0,,Flat,,,,,,Overcast,230302,1,0,0,4,,,0,,,,,,Auckland Region,Nil,2-way,Sealed,,0,0,,50,,Off,0,0,,76,Auckland,Nil,,,,,0,0,Urban,1,,,Fine,Null
1761409.6595,5914334.6081,792249,,520202,0,0,0,2,0,Null,2023/2024,ELLERSLIE-PANMURE HWY OFF RAMP,ELLERSLIE-PANMURE HIGHWAY,,Non-Injury Crash,No,2023,0,South,0,0,0,Flat,1,,0,,0,Dark,612501,0,0,0,2,0,0,0,0,0,,0,0,Auckland Region,Motorway ramp,1-way,Sealed,0,0,0,0,50,0,On,0,0,,76,Auckland,Give way,0,0,0,0,0,0,Urban,0,0,0,Fine,Null
1771007.5809,5906623.5764,792267,,523713,0,,0,1,,West,2025/2026,KERRYKEEL DRIVE,SPRINGSIDE DRIVE,,Serious Crash,No,2025,,West,,0,,Flat,,,,,,Bright sun,713100,0,0,0,2,,,0,,,1,,,Auckland Region,Nil,2-way,Sealed,,0,1,,50,,Off,0,0,40,76,Auckland,Nil,,,,,0,0,Urban,0,,,Fine,Null
1763777.0766,5910265.1879,792274,,521901,0,,0,1,,North,2023/2024,GREAT SOUTH ROAD,HUIA ROAD,,Non-Injury Crash,No,2023,,North,,0,,Flat,,,,,,Bright sun,782100,0,0,0,2,,,0,,,,,,Auckland Region,Nil,2-way,Sealed,,0,0,,50,,Off,0,0,,76,Auckland,Nil,,,,,1,0,Urban,0,,,Fine,None
1744276.4269,5974633.3596,792281,,506661,0,0,0,0,0,North,2023/2024,SH 1,KRAACK ROAD,,Non-Injury Crash,Yes,2023,0,West,0,0,0,Hill Road,1,,0,,0,Bright sun,138900,0,0,0,2,0,0,0,0,0,,0,0,Auckland Region,Nil,2-way,Sealed,0,0,0,0,80,0,None,1,0,,76,Auckland,Nil,0,0,0,0,0,0,Open,0,0,0,Fine,Null
1764718.1241,5905752.0245,792282,,522100,0,,0,2,,East,2024/2025,STATION ROAD,WYLLIE ROAD,,Non-Injury Crash,No,2024,,West,,0,,Flat,,,,,,Overcast,657700,0,0,0,4,,,0,,,,,,Auckland Region,Nil,2-way,Sealed,,0,0,,50,,On,0,0,,76,Auckland,Nil,,,,,0,0,Urban,0,,,Light rain,None
1773127.2942,5892539.8587,792298,,521301,0,,0,1,,Null,2023/2024,GREAT SOUTH ROAD,SUTTON ROAD,,Non-Injury Crash,No,2024,,North,,0,,Flat,,,,,,Overcast,808701,0,0,0,2,,,0,,,,,,Auckland Region,Nil,2-way,Sealed,,0,0,,50,,Off,0,0,,76,Auckland,Stop,,,,,0,0,Urban,1,,,Fine,Null
1769126.2111,5912772.1138,792299,,522723,0,0,0,1,1,Null,2024/2025,CANON PLACE,BEN LOMOND CRESCENT,,Non-Injury Crash,No,2025,0,East,0,0,1,Flat,0,,0,,0,Bright sun,682900,0,0,0,2,0,0,0,0,0,,0,1,Auckland Region,Nil,2-way,Unsealed,0,0,0,0,50,0,Off,0,0,,76,Auckland,Nil,0,0,0,0,0,0,Urban,0,0,0,Fine,Null
1765427.4395,5906756.0165,792307,,522202,0,,0,1,,Null,2023/2024,SUTTON CRESCENT,KOLMAR ROAD,,Non-Injury Crash,No,2024,,North,,0,,Flat,,,,,,Twilight,663500,0,0,0,2,,,0,,,,,,Auckland Region,Nil,2-way,Sealed,,0,0,,50,,Off,1,0,,76,Auckland,Give way,,,,,0,0,Urban,0,,,Fine,None
1751571.9958,5915247.0832,792321,,514401,0,,0,1,,Null,2023/2024,NEW NORTH ROAD,BLOCKHOUSE BAY ROAD,,Minor Crash,No,2023,,West,,0,,Flat,,,,,,Bright sun,380001,1,0,1,4,,,0,,,,,,Auckland Region,Nil,2-way,Sealed,,0,0,,50,,None,0,0,,76,Auckland,Traffic Signals,,,,,0,0,Urban,0,,,Fine,Null
1785622.0578,5926638.9986,792322,,520801,0,,0,1,,West,2024/2025,THE STRAND,FOURTH AVENUE,,Minor Crash,No,2025,,West,,0,,Flat,,,,,,Bright sun,515503,1,0,0,2,,,0,,,1,,,Auckland Region,Nil,2-way,Sealed,,0,0,,30,,Off,0,0,,76,Auckland,Nil,,,,,0,0,Urban,0,,,Fine,Null
1772424.2681,5896295.0667,792330,,525410,0,,0,1,,Null,2024/2025,WOOD STREET,ELLIOT STREET,,Non-Injury Crash,No,2024,,North,,0,,Null,,,,,,Overcast,791802,0,0,0,2,,,0,,,,,,Auckland Region,Nil,2-way,Sealed,,0,0,,50,,Off,0,0,,76,Auckland,Stop,,,,,0,1,Urban,0,,,Null,Null
1766949.3001,5904720.6755,792331,,524603,0,,0,1,,West,2023/2024,CAVENDISH DRIVE,JACK CONWAY AVENUE,,Non-Injury Crash,No,2023,,East,,0,,Flat,,,,,,Bright sun,780205,0,0,0,2,,,0,,,,,,Auckland Region,Nil,1-way,Sealed,,0,0,,60,,Off,1,0,,76,Auckland,Nil,,,,,0,0,Urban,0,,,Fine,Null
1770019.9903,5901177.8478,792338,,523816,0,0,0,2,0,East,2023/2024,SKELTON AVENUE,SHIFNAL DRIVE,,Non-Injury Crash,No,2024,0,East,0,0,0,Flat,0,,0,,0,Dark,759743,0,0,0,2,0,0,0,0,2,,0,0,Auckland Region,Nil,2-way,Sealed,0,0,0,0,50,0,On,0,0,,76,Auckland,Nil,0,0,0,1,0,0,Urban,1,0,0,Light rain,Null
1761033.5538,5909247.2966,792339,,524404,0,,0,1,,West,2023/2024,FAVONA ROAD,HARANIA AVENUE,,Minor Crash,No,2024,,East,,0,,Flat,,,,,,Bright sun,729400,1,0,0,2,,,0,,,,,,Auckland Region,Nil,2-way,Sealed,,0,0,,50,,Off,0,0,,76,Auckland,Nil,,,,,0,0,Urban,1,,,Fine,Null
1764352.952,5909257.6432,792354,,521901,0,0,0,1,0,North,2023/2024,GREAT SOUTH ROAD,ALEXANDER STREET,,Non-Injury Crash,No,2023,0,North,0,0,0,Flat,0,,0,,0,Overcast,784900,0,0,0,2,0,0,0,0,1,,0,0,Auckland Region,Nil,2-way,Sealed,0,0,0,0,50,0,Off,0,0,,76,Auckland,Nil,0,0,0,0,0,0,Urban,0,0,0,Fine,None
1749856.8632,5913859.2743,792371,,511303,0,,0,2,,East,2023/2024,TOTARA AVENUE,TODD PLAZA,,Non-Injury Crash,No,2023,,West,,0,,Flat,,,,,,Dark,266000,0,0,0,2,,,0,,,,,,Auckland Region,Nil,2-way,Sealed,,0,0,,50,,On,0,0,40,76,Auckland,Nil,,,,,0,0,Urban,0,,,Fine,Null
1760299.3505,5916057.8865,792394,,516002,0,,0,2,,Null,2024/2025,GREEN LANE EAST,OHINERAU STREET,,Non-Injury Crash,No,2024,,East,,0,,Null,,,,,,Dark,493100,0,0,0,3,,,0,,,,,,Auckland Region,Nil,1-way,Sealed,,0,0,,50,,On,0,0,,76,Auckland,Nil,,,,,0,0,Urban,0,,,Fine,Null
1759323.7394,5908348.5196,792395,,524122,0,,0,0,,Null,2023/2024,BADER DRIVE,MCKENZIE ROAD,,Non-Injury Crash,No,2023,,West,,0,,Flat,,,,,,Bright sun,737700,0,0,0,2,,,0,,,,,,Auckland Region,Nil,1-way,Sealed,,0,0,,50,,Off,1,0,,76,Auckland,Give way,,,,,0,0,Urban,1,,,Fine,Null
1773583.6524,5896763.7189,792426,,525620,0,0,0,1,0,East,2024/2025,CLEVEDON ROAD,SHIRLEY AVENUE,,Non-Injury Crash,No,2025,0,South,0,0,0,Flat,0,,0,,0,Overcast,797100,0,0,1,2,0,0,0,0,1,,0,0,Auckland Region,Nil,2-way,Sealed,0,0,0,0,50,0,Off,0,0,,76,Auckland,Nil,0,0,0,0,0,0,Urban,0,0,0,Fine,Null
1745742.064,5919160.2898,792427,,513302,0,,0,1,,Null,2023/2024,TE PAI PLACE,CENTRAL PARK DRIVE,,Non-Injury Crash,No,2023,,East,,0,,Flat,,,,,,Overcast,230702,0,0,0,2,,,0,,,,,,Auckland Region,Nil,2-way,Sealed,,0,0,,50,,Off,1,0,,76,Auckland,Traffic Signals,,,,,0,0,Urban,0,,,Fine,Null
1746205.3337,5915386.9945,792449,,511800,0,0,0,3,0,North,2022/2023,AWAROA ROAD,WAARI AVENUE,,Minor Crash,No,2023,0,North,0,0,0,Hill Road,0,,0,,0,Overcast,277301,1,0,0,2,0,0,0,0,1,,0,0,Auckland Region,Nil,2-way,Sealed,0,0,0,0,50,0,Off,0,0,,76,Auckland,Nil,0,0,0,0,0,0,Urban,0,0,0,Fine,Null
1736033.802,5984273.6068,792451,,506660,0,,0,2,,South,2023/2024,SH 1,LOVERS LANE,,Minor Crash,Yes,2024,,South,,0,,Hill Road,,,,,,Overcast,143800,1,0,0,2,,,0,,,,,,Auckland Region,Nil,2-way,Sealed,,0,0,,100,,None,0,0,,76,Auckland,Nil,,,,,0,0,Open,0,,,Light rain,Null
1758669.1067,5918750.1499,792459,,517400,1,,0,1,,Null,2023/2024,PARNELL ROAD,GEORGE STREET,,Serious Crash,No,2023,,North,,0,,Flat,,,,,,Bright sun,450800,0,0,0,3,,,0,,,,,,Auckland Region,Nil,2-way,Sealed,,0,1,,50,,Off,0,0,,76,Auckland,Stop,,,,,0,0,Urban,0,,,Fine,Null
1768598.3629,5914885.0992,792513,,522810,0,0,0,1,0,West,2023/2024,BUTLEY DRIVE,STANNILAND STREET,,Non-Injury Crash,No,2024,0,East,0,0,0,Flat,0,,0,,0,Dark,693002,0,0,0,2,0,0,0,0,0,,0,0,Auckland Region,Nil,2-way,Sealed,0,0,0,0,50,0,On,0,0,,76,Auckland,Nil,0,0,0,1,0,0,Urban,0,0,0,Fine,Null
1753849.6766,5919892.7494,792523,,515100,0,0,0,2,0,South,2023/2024,FIFE STREET,NOTTINGHAM STREET,,Non-Injury Crash,No,2024,0,South,0,0,0,Flat,0,Easter,0,,0,Dark,399400,0,0,0,2,0,0,0,0,0,,0,0,Auckland Region,Nil,2-way,Sealed,0,0,0,0,50,0,On,0,0,,76,Auckland,Nil,0,0,0,0,0,0,Urban,0,1,0,Fine,Null
1740317.7843,5929504.9528,792570,,505604,0,,0,0,,Null,2024/2025,RIVERHEAD ROAD,OLD NORTH ROAD,,Non-Injury Crash,No,2025,,East,,0,,Flat,,,,,,Overcast,214000,0,0,0,2,,,0,,,,,,Auckland Region,Nil,2-way,Sealed,,0,0,,80,,Off,1,0,,76,Auckland,Give way,,,,,0,0,Open,1,,,Fine,Null
1766346.6374,5907560.4131,792571,45,523601,0,,0,1,,Null,2023/2024,EAST TAMAKI ROAD,EAST TAMAKI ROAD ON RAMP,,Minor Crash,No,2024,,South,,0,,Flat,,,,,,Overcast,708500,1,0,0,3,,,0,,,,,,Auckland Region,Nil,1-way,End of seal,,0,0,,50,,Null,0,0,,76,Auckland,Traffic Signals,,,,,0,0,Urban,1,,,Fine,None
1755574.4638,5915721.2269,792578,,518301,0,,1,1,,Null,2024/2025,DOMINION ROAD,MARSDEN AVENUE,,Non-Injury Crash,No,2024,,West,,0,,Null,,,,,,Unknown,556000,0,0,0,2,,,0,,,,,,Auckland Region,Nil,2-way,Null,,0,0,,50,,Null,0,0,,76,Auckland,Stop,,,,,0,0,Urban,0,,,Null,Null
1767698.7447,5912277.9344,792593,,523000,0,,0,1,,North,2023/2024,RIVERHILLS AVENUE,TE ANAU PLACE,,Minor Crash,No,2023,,South,,0,,Hill Road,,,,,,Overcast,688101,1,0,1,2,,,0,,,,,,Auckland Region,Nil,2-way,Sealed,,0,0,,50,,Off,0,0,,76,Auckland,Nil,,,,,0,0,Urban,0,,,Fine,Null
1756784.4705,5919766.5731,792610,,514102,0,,0,2,,Null,2024/2025,PITT STREET,VINCENT STREET,,Non-Injury Crash,No,2024,,South,,0,,Flat,,,,,,Dark,434802,0,0,0,6,,,0,,,,,,Auckland Region,Nil,2-way,Sealed,,0,0,,30,,On,0,0,,76,Auckland,Traffic Signals,,,,,0,0,Urban,0,,,Fine,Null
1756484.8899,5921396.1328,792625,,514101,0,,0,2,,Null,2023/2024,JELLICOE STREET,BEAUMONT STREET,,Non-Injury Crash,No,2024,,West,,0,,Flat,,,,,,Bright sun,432400,0,0,0,2,,,0,,,,,,Auckland Region,Nil,2-way,Sealed,,0,0,,30,,Off,0,0,,76,Auckland,Give way,,,,,0,0,Urban,0,,,Fine,Null
1765920.6632,5918424.4523,792627,,516900,0,,0,2,,Null,2024/2025,MOUNT TAYLOR DRIVE,SIERRA STREET,,Non-Injury Crash,No,2024,,East,,0,,Null,,,,,,Bright sun,466400,0,0,0,2,,,0,,,,,,Auckland Region,Nil,2-way,Sealed,,0,0,,50,,Null,0,0,,76,Auckland,Give way,,,,,0,0,Urban,0,,,Fine,Null
1769250.3819,5914478.9047,792633,,522721,0,,0,1,,East,2023/2024,PAKURANGA HIGHWAY,FORTUNES ROAD,,Minor Crash,No,2023,,East,,0,,Flat,,,,,,Overcast,680727,1,0,0,5,,,0,,,,,,Auckland Region,Nil,2-way,Sealed,,0,0,,50,,Off,0,0,,76,Auckland,Nil,,,,,0,0,Urban,1,,,Fine,Null
1759768.3511,5918307.3397,792634,,516101,1,,0,1,,Null,2024/2025,ARNEY ROAD,WHARUA ROAD,,Minor Crash,No,2025,,North,,0,,Hill Road,,,,,,Bright sun,482000,1,0,0,2,,,0,,,,,,Auckland Region,Nil,2-way,Sealed,,0,0,,50,,Off,0,0,,76,Auckland,Give way,,,,,0,0,Urban,0,,,Fine,Null
1759227.3228,5903436.6457,792635,,524200,0,,0,1,,Null,2022/2023,TOM PEARCE DRIVE,GEORGE BOLT MEMORIAL DRIVE,,Non-Injury Crash,No,2023,,West,,0,,Flat,,,,,,Bright sun,727200,0,0,0,4,,,0,,,,,,Auckland Region,Nil,1-way,Sealed,,0,0,,50,,On,0,0,,76,Auckland,Traffic Signals,,,,,0,0,Urban,1,,,Fine,None
1751987.9662,5917793.1724,792651,,515003,0,0,0,1,0,Null,2024/2025,GREAT NORTH ROAD,GREAT NORTH ROAD OFF RAMP,,Non-Injury Crash,No,2024,0,South,0,0,0,Hill Road,0,,0,,0,Dark,391602,0,0,0,5,0,0,0,0,0,,0,1,Auckland Region,Motorway ramp,2-way,Sealed,0,0,0,0,50,0,On,0,0,,76,Auckland,Nil,0,0,0,0,0,0,Urban,0,0,0,Fine,Null
1765991.7978,5901148.9727,792658,,524711,0,0,0,2,0,West,2023/2024,BURBANK AVENUE,FEASEGATE STREET,,Non-Injury Crash,No,2024,0,East,0,0,0,Flat,0,,0,,0,Dark,774602,0,0,0,2,0,0,0,0,1,,0,0,Auckland Region,Nil,2-way,Sealed,0,0,0,0,30,0,Off,0,0,,76,Auckland,Nil,0,0,0,0,0,0,Urban,0,0,0,Fine,None
1758146.3099,5913438.8586,792667,,518600,0,,0,2,,West,2024/2025,MOUNT ALBERT ROAD,MANUKAU ROAD,,Non-Injury Crash,No,2024,,East,,0,,Flat,,,,,,Bright sun,567300,0,0,0,2,,,0,,,,,,Auckland Region,Nil,1-way,Sealed,,0,0,,50,,Off,0,0,,76,Auckland,Nil,,,,,0,0,Urban,1,,,Fine,None
1756969.0698,5912682.0672,792673,,518702,0,,0,1,,East,2023/2024,SOUTH-WESTERN MOTORWAY,HILLSBOROUGH OBR,,Non-Injury Crash,Yes,2024,,East,,0,,Hill Road,,,,,,Overcast,569900,0,0,0,3,,,0,,,,,,Auckland Region,Nil,1-way,Sealed,,0,0,,100,,On,0,0,,76,Auckland,Nil,,,,,2,0,Open,0,,,Light rain,Null
1749773.0774,5913322.0945,792698,,511402,0,,0,2,,South,2025/2026,HUTCHINSON AVENUE,MARGAN AVENUE,,Non-Injury Crash,No,2025,,South,,0,,Null,,,,,,Overcast,264600,0,0,0,2,,,0,,,,,,Auckland Region,Nil,2-way,Sealed,,0,0,,50,,Null,0,0,,76,Auckland,Nil,,,,,0,0,Urban,0,,,Null,Null
1782675.8537,5925803.7881,792706,,520801,0,0,0,1,0,West,2024/2025,BELGIUM STREET,OSTEND ROAD,,Non-Injury Crash,No,2025,0,East,0,0,0,Flat,0,Queens Birthday,0,,0,Bright sun,515313,0,0,0,2,0,0,0,0,0,,0,1,Auckland Region,Speed hump,2-way,Sealed,0,0,0,0,30,0,Off,0,0,,76,Auckland,Nil,0,0,0,0,0,0,Urban,0,0,0,Fine,Null
1764913.4973,5913056.5551,792713,,520500,0,0,0,2,1,East,2023/2024,SOUTH-EASTERN HIGHWAY,CARBINE ROAD,,Minor Crash,No,2024,0,East,0,0,0,Flat,1,,0,,0,Dark,639000,2,0,0,2,0,0,0,0,0,,0,0,Auckland Region,Nil,1-way,Sealed,0,0,0,0,80,0,On,0,0,,76,Auckland,Nil,0,0,0,0,0,0,Open,0,0,0,Light rain,Null
1756020.5131,5927993.1546,792722,,507900,0,,0,3,,South,2025/2026,NORTHERN MOTORWAY,WAIRAU OBR,,Minor Crash,Yes,2025,,South,,0,,Flat,,,,,,Bright sun,305202,4,0,0,3,,,0,,,,,,Auckland Region,Nil,1-way,Sealed,,0,0,,100,,Off,0,0,,76,Auckland,Nil,,,,,0,0,Open,0,,,Fine,Null
1770459.2158,5904576.6686,792737,,523820,0,,0,2,,Null,2022/2023,REDOUBT ROAD,MURPHYS ROAD,,Non-Injury Crash,No,2023,,East,,0,,Flat,,,,,,Bright sun,760000,0,0,0,3,,,0,,,,,,Auckland Region,Nil,2-way,Sealed,,0,0,,60,,Off,0,0,,76,Auckland,Give way,,,,,0,0,Urban,0,,,Fine,Null
1745599.0804,5913691.4807,792747,,512906,0,0,0,2,0,North,2024/2025,SUNVUE ROAD,LIBRA STREET,,Non-Injury Crash,No,2024,0,North,0,0,0,Null,0,,0,,0,Overcast,278502,0,0,0,2,0,0,0,0,1,,0,0,Auckland Region,Nil,2-way,Sealed,0,0,0,0,50,0,Null,0,0,,76,Auckland,Nil,0,0,0,0,0,0,Urban,0,0,0,Fine,Null
1737314.6324,5929364.9205,792754,,505602,0,,0,2,,Null,2024/2025,TAPU ROAD,MAIN ROAD,,Non-Injury Crash,No,2025,,South,,0,,Flat,,,,,,Bright sun,216002,0,0,0,2,,,0,,,,,,Auckland Region,Nil,2-way,Sealed,,0,0,,50,,Null,0,0,,76,Auckland,Stop,,,,,0,0,Urban,0,,,Null,Null