X,Y,OBJECTID,advisorySpeed,areaUnitID,bicycle,bridge,bus,carStationWagon,cliffBank,crashDirectionDescription,crashFinancialYear,crashLocation1,crashLocation2,crashRoadSideRoad,crashSeverity,crashSHDescription,crashYear,debris,directionRoleDescription,ditch,fatalCount,fence,flatHill,guardRail,holiday,houseOrBuilding,intersection,kerb,light,meshblockId,minorInjuryCount,moped,motorcycle,NumberOfLanes,objectThrownOrDropped,otherObject,otherVehicleType,overBank,parkedVehicle,pedestrian,phoneBoxEtc,postOrPole,region,roadCharacter,roadLane,roadSurface,roadworks,schoolBus,seriousInjuryCount,slipOrFlood,speedLimit,strayAnimal,streetLight,suv,taxi,temporarySpeedLimit,tlaId,tlaName,trafficControl,trafficIsland,trafficSign,train,tree,truck,unknownVehicleType,urban,vanOrUtility,vehicle,waterRiver,weatherA,weatherB
1764034.6787,5914134.1167,792755,,520303,0,,0,1,,South,2024/2025,MOUNT WELLINGTON HIGHWAY,TE HORETA ROAD,,Non-Injury Crash,No,2024,,South,,0,,Null,,,,,,Bright sun,627600,0,0,0,4,,,0,,,,,,Auckland Region,Nil,2-way,Null,,0,0,,50,,Null,0,0,,76,Auckland,Nil,,,,,0,0,Urban,0,,,Fine,Null
1747543.8983,5919541.5204,792770,,512300,0,0,0,1,0,East,2025/2026,NORTH-WESTERN MOTORWAY,TE ATATU ROAD ON RAMP,,Non-Injury Crash,Yes,2025,0,East,0,0,0,Flat,1,,0,,0,Bright sun,252000,0,0,0,4,0,0,0,0,0,,0,0,Auckland Region,Nil,1-way,Sealed,0,0,0,0,100,0,Off,0,0,,76,Auckland,Nil,0,0,0,0,0,0,Open,0,0,0,Fine,Null
1772826.5672,5899465.3593,792787,,523911,0,0,0,1,0,West,2024/2025,AIRFIELD ROAD,MILL ROAD,,Non-Injury Crash,No,2024,0,West,0,0,1,Flat,0,,0,,0,Dark,767204,0,0,0,2,0,0,0,0,0,,0,0,Auckland Region,Nil,2-way,Sealed,0,0,0,0,60,0,None,0,0,,76,Auckland,Nil,0,0,0,0,0,0,Urban,0,0,0,Fine,Null
1751557.313,5944445.9755,792793,45,506003,0,0,0,0,1,Null,2022/2023,DUCK CREEK ROAD,WILLOW LANE,,Non-Injury Crash,No,2023,0,West,0,0,1,Hill Road,0,,0,,0,Dark,175812,0,0,0,2,0,0,0,0,0,1,0,0,Auckland Region,Nil,2-way,Sealed,0,0,0,0,60,0,None,0,0,,76,Auckland,Nil,0,0,0,0,0,0,Urban,1,0,0,Heavy rain,Null
1743099.3489,5923894.1783,792817,,513410,0,0,0,1,0,North,2023/2024,FRED TAYLOR DRIVE,BAKER LANE,,Non-Injury Crash,No,2023,0,North,0,0,0,Flat,0,,0,,0,Dark,226401,0,0,0,2,0,0,0,0,0,,0,1,Auckland Region,Nil,2-way,Sealed,0,0,0,0,80,0,On,0,0,,76,Auckland,Nil,0,0,0,0,0,0,Open,0,0,0,Light rain,Null
1744512.0624,5915625.3509,792818,,513013,0,0,0,1,0,North,2025/2026,IMPERIAL PLACE,HINDMARSH STREET,,Non-Injury Crash,No,2026,0,North,0,0,0,Flat,0,,0,,0,Bright sun,281520,1,0,1,2,0,0,0,0,1,,0,0,Auckland Region,Nil,2-way,Sealed,0,0,0,0,50,0,Null,0,0,,76,Auckland,Nil,0,0,0,0,0,0,Urban,0,0,0,Fine,Null
1740664.5885,5927558.1814,792834,,505604,0,,0,2,,Null,2025/2026,SH 16,TAUPAKI ROAD,,Minor Crash,Yes,2025,,East,,0,,Flat,,Christmas New Year,,,,Dark,214604,1,0,0,2,,,0,,,,,,Auckland Region,Nil,2-way,Sealed,,0,0,,80,,On,0,0,,76,Auckland,Give way,,,,,0,0,Open,0,,,Fine,Null
1769766.5139,5905676.5591,792842,,523712,0,,0,1,,South,2025/2026,DONEGAL PARK DRIVE,DUNAFF PLACE,,Minor Crash,No,2026,,South,,0,,Flat,,,,,,Dark,713206,1,0,0,2,,,0,,,,,,Auckland Region,Nil,2-way,Sealed,,0,0,,50,,On,2,0,,76,Auckland,Nil,,,,,0,0,Urban,0,,,Fine,Null
1762006.2858,5916941.0542,792843,,516003,1,,0,0,,Null,2024/2025,REMUERA ROAD,KELVIN ROAD,,Minor Crash,No,2025,,East,,0,,Hill Road,,,,,,Bright sun,495300,1,0,0,4,,,0,,,,,,Auckland Region,Nil,2-way,Sealed,,0,0,,50,,Off,2,0,,76,Auckland,Give way,,,,,0,0,Urban,0,,,Fine,Null
1769603.1379,5905402.1572,792849,,523712,0,,0,1,,Null,2023/2024,THOMAS ROAD,ASPIRING AVENUE,,Minor Crash,No,2023,,East,,0,,Hill Road,,,,,,Overcast,716202,3,0,0,2,,,0,,,,,,Auckland Region,Nil,2-way,Sealed,,0,0,,50,,Off,1,0,,76,Auckland,Give way,,,,,0,0,Urban,0,,,Fine,Null
1755701.1697,5916250.4663,792851,,518201,0,,0,0,,Null,2023/2024,BALMORAL ROAD,DOMINION ROAD,,Non-Injury Crash,No,2024,,North,,0,,Flat,,,,,,Dark,552700,0,0,0,1,,,0,,,1,,,Auckland Region,Nil,1-way,Sealed,,0,0,,50,,On,1,0,,76,Auckland,Traffic Signals,,,,,0,0,Urban,0,,,Light rain,Null
1762057.1142,5920467.7222,792858,,516400,1,,0,1,,North,2025/2026,TAMAKI DRIVE,KITEMOANA STREET,,Serious Crash,No,2025,,South,,0,,Flat,,,,,,Bright sun,498700,0,0,0,2,,,0,,,,,,Auckland Region,Nil,2-way,Sealed,,0,1,,50,,Off,0,0,,76,Auckland,Nil,,,,,0,0,Urban,0,,,Fine,Null
1764932.4019,5903191.7691,792867,,524604,0,0,0,1,0,South,2024/2025,ROSCOMMON ROAD,PUAKI DRIVE,,Non-Injury Crash,No,2024,0,South,0,0,1,Flat,0,,0,,0,Bright sun,781302,0,0,0,4,0,1,0,0,0,,0,0,Auckland Region,Nil,2-way,Sealed,0,0,0,0,60,0,Off,0,0,,76,Auckland,Nil,0,0,0,0,0,0,Urban,0,0,0,Fine,Null
1757771.1702,5919109.6472,792882,,514302,0,,0,0,,Null,2024/2025,OFF ROAD - ACCESSWAY,,,Minor Crash,No,2024,,North,,0,,Flat,,,,,,Bright sun,442400,1,0,0,,,,0,,,1,,,Auckland Region,Nil,Off road,Sealed,,0,0,,,,Off,0,1,,76,Auckland,Nil,,,,,0,1,Urban,0,,,Fine,Null
1752057.4879,5930699.4741,792888,,508807,0,,0,2,,South,2022/2023,ALBANY HIGHWAY,ALBANY HIGHWAY ON RAMP,,Non-Injury Crash,No,2023,,South,,0,,Hill Road,,,,,,Bright sun,180809,0,0,0,3,,,0,,,,,,Auckland Region,Bridge,1-way,Sealed,,0,0,,60,,Off,0,0,,76,Auckland,Nil,,,,,0,0,Urban,0,,,Fine,Null
1770471.651,5904568.0889,792890,,523820,0,,0,2,,Null,2024/2025,REDOUBT ROAD,MURPHYS ROAD,,Non-Injury Crash,No,2024,,South,,0,,Flat,,,,,,Dark,760000,0,0,0,2,,,0,,,,,,Auckland Region,Nil,2-way,Sealed,,0,0,,60,,On,0,0,,76,Auckland,Stop,,,,,0,0,Urban,0,,,Fine,Null
1760413.953,5912325.6401,792898,,520000,0,,0,2,,East,2024/2025,CHURCH STREET,CAPTAIN SPRINGS ROAD,,Non-Injury Crash,No,2024,,West,,0,,Flat,,,,,,Overcast,607500,0,0,0,2,,,0,,,,,,Auckland Region,Nil,2-way,Sealed,,0,0,,50,,Off,0,0,,76,Auckland,Nil,,,,,0,0,Urban,0,,,Fine,Null
1743710.1764,5915218.0343,792906,,513013,0,0,0,1,0,Null,2024/2025,HENDERSON VALLEY ROAD,PINE AVENUE,,Non-Injury Crash,No,2024,0,West,0,0,1,Flat,0,,0,,0,Dark,281402,0,0,0,2,0,0,0,0,0,,0,0,Auckland Region,Nil,2-way,Sealed,0,0,0,0,50,0,On,0,0,,76,Auckland,Stop,0,0,0,0,0,0,Urban,0,0,0,Fine,Null
1762673.1294,5905550.1419,792920,,524200,0,0,0,1,0,Null,2022/2023,PORTAGE ROAD,TIDAL ROAD,,Non-Injury Crash,No,2023,0,West,0,0,1,Hill Road,0,,0,,0,Overcast,729100,0,0,0,2,0,0,0,0,0,,0,0,Auckland Region,Nil,2-way,Sealed,0,0,0,0,50,0,Off,0,0,,76,Auckland,Give way,0,0,0,0,0,0,Urban,0,0,0,Mist or Fog,Null
1764433.408,5904959.6456,792952,,522100,0,,0,0,,South,2023/2024,WYLLIE ROAD,PAH ROAD,,Minor Crash,No,2023,,North,,0,,Flat,,,,,,Bright sun,658500,1,0,0,2,,,0,,,1,,,Auckland Region,Nil,2-way,Sealed,,0,0,,50,,Off,0,0,,76,Auckland,Nil,,,,,0,0,Urban,1,,,Fine,Null
1753687.1024,5918311.5007,792978,,515002,0,,0,2,,West,2024/2025,NORTH-WESTERN MOTORWAY,ST LUKES OBR,,Non-Injury Crash,Yes,2024,,East,,0,,Flat,,,,,,Dark,390501,0,0,0,4,,,0,,,,,,Auckland Region,Nil,1-way,Sealed,,0,0,,100,,On,0,0,,76,Auckland,Nil,,,,,0,0,Open,0,,,Heavy rain,Null
1764317.6314,5910163.2009,792986,,521801,0,,0,1,,West,2024/2025,PRINCES STREET,CHURCH STREET,,Non-Injury Crash,No,2024,,West,,0,,Flat,,,,,,Bright sun,786802,0,0,0,4,,,0,,,,,,Auckland Region,Nil,2-way,Sealed,,0,0,,50,,Off,0,0,,76,Auckland,Nil,,,,,0,0,Urban,1,,,Fine,Null
1758677.3064,5926174.4969,792994,,508020,0,,0,1,,West,2023/2024,LAKE ROAD,JUTLAND ROAD,,Non-Injury Crash,No,2023,,South,,0,,Flat,,,,,,Overcast,321000,0,0,0,2,,,0,,,,,,Auckland Region,Nil,2-way,Sealed,,0,0,,50,,On,0,0,,76,Auckland,Nil,,,,,0,0,Urban,0,,,Fine,Null
1762228.1027,5913564.4318,793001,,520500,0,,0,0,,South,2024/2025,SOUTHERN MOTORWAY,PENROSE OBR,,Non-Injury Crash,Yes,2025,,North,,0,,Flat,,,,,,Dark,637100,0,0,0,3,,,0,,,,,,Auckland Region,Nil,1-way,Sealed,,0,0,,100,,On,0,0,,76,Auckland,Nil,,,,,0,0,Open,2,,,Light rain,Null
1779523.1665,5927227.3647,793002,,520801,0,0,0,0,0,West,2024/2025,OCEAN VIEW ROAD,PURIRI ROAD,,Minor Crash,No,2024,0,West,0,0,0,Flat,1,Christmas New Year,0,,0,Bright sun,516100,1,0,1,2,0,0,0,0,0,,0,0,Auckland Region,Nil,2-way,Sealed,0,0,0,0,30,0,Off,0,0,,76,Auckland,Nil,0,0,0,0,0,0,Urban,0,0,0,Fine,Null
1760681.8998,5916324.4791,793010,,516003,0,,0,2,,Null,2024/2025,GREEN LANE EAST,PEACH PARADE,,Minor Crash,No,2024,,South,,0,,Flat,,,,,,Overcast,494400,2,0,0,4,,,0,,,,,,Auckland Region,Nil,2-way,Sealed,,0,0,,50,,Off,0,0,,76,Auckland,Traffic Signals,,,,,0,0,Urban,0,,,Fine,Null
1765410.8332,5916877.4728,793025,,517001,0,,0,1,,West,2024/2025,STRATTON LANE,LINE ROAD,,Non-Injury Crash,No,2024,,East,,0,,Null,,,,,,Bright sun,476100,0,0,0,2,,,0,,,,,,Auckland Region,Nil,2-way,Sealed,,0,0,,30,,Off,0,0,,76,Auckland,Nil,,,,,1,0,Urban,0,,,Fine,Null
1769921.2647,5914985.5479,793034,,522712,0,0,0,2,0,South,2024/2025,BUCKLANDS BEACH ROAD,TANGELO PLACE,,Non-Injury Crash,No,2024,0,South,0,0,0,Flat,0,,0,,0,Bright sun,644800,0,0,0,2,0,0,0,0,1,,0,0,Auckland Region,Nil,2-way,Sealed,0,0,0,0,50,0,Off,0,0,,76,Auckland,Nil,0,0,0,0,0,0,Urban,0,0,0,Fine,Null
1767909.4383,5911889.7485,793056,,522920,0,,0,1,,East,2022/2023,TI RAKAU DRIVE,FREMANTLE PLACE,,Non-Injury Crash,No,2023,,West,,0,,Flat,,,,,,Bright sun,687801,0,0,0,4,,,0,,,,,,Auckland Region,Nil,2-way,Sealed,,0,0,,50,,None,0,0,,76,Auckland,Nil,,,,,0,0,Urban,1,,,Fine,Null
1752243.2437,5931880.2319,793066,,508807,0,0,0,2,0,South,2024/2025,BUSH ROAD,TARNDALE GROVE,,Non-Injury Crash,No,2024,0,Null,0,0,0,Flat,0,,0,,0,Dark,180302,0,0,0,2,0,0,0,0,1,,0,0,Auckland Region,Nil,2-way,Sealed,0,0,0,0,50,0,Null,0,0,,76,Auckland,Nil,0,0,0,0,0,0,Urban,0,0,0,Light rain,Null
1770009.2372,5914713.9828,793074,,522712,0,,0,2,,West,2024/2025,PAKURANGA ROAD,ABERFELDY AVENUE,,Non-Injury Crash,No,2025,,East,,0,,Flat,,,,,,Bright sun,644800,0,0,0,4,,,0,,,,,,Auckland Region,Nil,2-way,Sealed,,0,0,,50,,Off,0,0,,76,Auckland,Nil,,,,,0,0,Urban,0,,,Fine,Null
1749740.6378,5916515.5562,793080,,514801,0,0,0,2,0,Null,2022/2023,MEAD STREET,WATERTON PLACE,,Non-Injury Crash,No,2023,0,West,0,0,0,Flat,0,,0,,0,Twilight,388700,0,0,0,2,0,0,0,0,1,,0,0,Auckland Region,Nil,2-way,Sealed,0,0,0,0,50,0,Off,0,0,,76,Auckland,Nil,0,0,0,0,0,0,Urban,0,0,0,Fine,Null
1743712.7562,5919363.4079,793081,,513212,0,,0,1,,Null,2024/2025,UNIVERSAL DRIVE,SWANSON ROAD,,Non-Injury Crash,No,2024,,South,,0,,Flat,,,,,,Dark,235600,0,0,0,2,,,0,,,,,,Auckland Region,Nil,2-way,Sealed,,0,0,,50,,On,1,0,,76,Auckland,Give way,,,,,0,0,Urban,0,,,Null,Null
1775330.563,5895684.3834,793090,,525700,0,,0,0,,Null,2023/2024,REDCREST AVENUE,BALMERINO AVENUE,,Non-Injury Crash,No,2024,,East,,0,,Flat,,,,,,Overcast,800303,0,0,1,2,,,0,,,,,,Auckland Region,Nil,2-way,Sealed,,0,0,,50,,Off,0,0,,76,Auckland,Nil,,,,,0,0,Urban,0,,,Fine,Null
1757215.8092,5919030.928,793097,,514301,0,0,0,0,0,South,2024/2025,SOUTHERN MOTORWAY,SYMONDS STREET ON RAMP,,Non-Injury Crash,Yes,2024,0,South,0,0,0,Flat,1,,0,,0,Overcast,441200,0,0,0,4,0,0,0,0,0,,0,0,Auckland Region,Nil,1-way,Sealed,0,0,0,0,80,0,Off,0,0,,76,Auckland,Nil,0,0,0,0,0,0,Open,1,0,0,Light rain,Null
1763258.0703,5919206.4285,793105,,516500,0,,0,3,,East,2024/2025,GODDEN CRESCENT,PATTESON AVENUE,,Non-Injury Crash,No,2025,,East,,0,,Hill Road,,,,,,Bright sun,502100,0,0,0,2,,,0,,,,,,Auckland Region,Nil,2-way,Sealed,,0,0,,50,,Off,0,0,,76,Auckland,Nil,,,,,0,0,Urban,0,,,Fine,Null
1754969.0907,5932999.2786,793106,,507300,0,,0,2,,North,2024/2025,EAST COAST ROAD,SUNRISE AVENUE,,Non-Injury Crash,No,2024,,North,,0,,Hill Road,,,,,,Overcast,155901,0,0,0,3,,,0,,,,,,Auckland Region,Nil,2-way,Sealed,,0,0,,50,,Off,0,0,,76,Auckland,Nil,,,,,0,0,Urban,0,,,Light rain,Null
1773179.3759,5895700.5372,793112,,525410,0,,0,2,,East,2022/2023,SETTLEMENT ROAD,KING EDWARD AVENUE,,Non-Injury Crash,No,2023,,East,,0,,Flat,,,,,,Overcast,793501,0,0,0,2,,,0,,,,,,Auckland Region,Nil,2-way,Sealed,,0,0,,50,,Off,0,0,,76,Auckland,Nil,,,,,0,0,Urban,0,,,Fine,Null
1759348.7562,5918705.0093,793113,,515901,0,,0,1,,Null,2025/2026,BRIGHTON ROAD,SHORE ROAD,,Minor Crash,No,2025,,South,,0,,Hill Road,,,,,,Bright sun,456900,1,0,1,2,,,0,,,,,,Auckland Region,Nil,2-way,Sealed,,0,0,,50,,Off,0,0,,76,Auckland,Give way,,,,,0,0,Urban,0,,,Fine,Null
1755055.3076,5913873.1715,793120,,518803,0,,0,2,,South,2022/2023,DOMINION ROAD,COLEMAN AVENUE,,Non-Injury Crash,No,2023,,North,,0,,Flat,,,,,,Bright sun,581200,0,0,0,4,,,1,,,,,,Auckland Region,Nil,2-way,Sealed,,0,0,,50,,Off,0,0,,76,Auckland,Nil,,,,,1,0,Urban,0,,,Fine,Null
1732357.3096,5943648.4435,793121,,506646,0,0,0,1,1,South,2024/2025,INLAND ROAD,SHEFFIELD ROAD,,Non-Injury Crash,No,2025,0,West,0,0,0,Hill Road,0,,0,,0,Dark,211403,0,0,0,2,0,0,0,0,0,,0,0,Auckland Region,Nil,2-way,Unsealed,0,0,0,0,60,0,None,0,0,,76,Auckland,Nil,0,0,0,1,0,0,Urban,0,0,0,Light rain,Null
1752645.0003,5973361.003,793144,,506661,0,0,0,1,0,West,2022/2023,MATAKANA ROAD,SHARP ROAD,,Non-Injury Crash,No,2023,0,West,0,0,1,Flat,0,,0,,0,Bright sun,139200,0,0,0,2,0,0,0,0,0,,0,0,Auckland Region,Nil,2-way,Sealed,0,0,0,0,80,0,None,0,0,,76,Auckland,Nil,0,0,0,0,0,0,Open,0,0,0,Fine,Null
1755826.6144,5936981.1829,793177,,506902,0,0,0,2,0,North,2025/2026,MARINA ROAD,GLAMORGAN DRIVE,,Non-Injury Crash,No,2025,0,North,0,0,0,Hill Road,0,,0,,0,Dark,165100,0,0,0,2,0,0,0,0,1,,0,0,Auckland Region,Nil,2-way,Sealed,0,0,0,0,50,0,On,0,0,,76,Auckland,Nil,0,0,0,0,0,0,Urban,0,0,0,Fine,Null
1761038.8845,5908717.0187,793184,,524405,0,,0,0,,Null,2023/2024,GADSBY ROAD,WAKEFIELD ROAD,,Minor Crash,No,2024,,West,,0,,Flat,,,,,,Dark,730800,1,0,0,2,,,0,,,1,,,Auckland Region,Nil,2-way,Sealed,,0,0,,50,,On,0,0,,76,Auckland,Give way,,,,,0,0,Urban,1,,,Fine,Null
1750571.7882,5954732.3115,793200,,506201,0,0,0,0,0,East,2024/2025,WERANUI ROAD,WAIWERA VIADUCT MID,,Minor Crash,No,2024,0,East,1,0,0,Flat,0,,0,,0,Dark,176204,1,0,0,2,0,0,0,0,0,,0,0,Auckland Region,Nil,2-way,Unsealed,0,0,0,0,100,0,None,0,0,,76,Auckland,Nil,0,0,0,0,0,0,Open,1,0,0,Fine,Null
1753408.4434,5914314.5499,793201,,518801,0,,0,1,,East,2024/2025,MAIORO STREET,RICHARDSON ROAD,,Non-Injury Crash,No,2025,,West,,0,,Flat,,,,,,Dark,578400,0,0,0,4,,,0,,,,,,Auckland Region,Nil,1-way,Sealed,,0,0,,50,,On,1,0,,76,Auckland,Nil,,,,,0,0,Urban,0,,,Fine,Null
1757696.3559,5944584.2291,793209,25,505902,0,,0,1,,Null,2025/2026,WHANGAPARAOA ROAD,RAWHITI ROAD,,Minor Crash,No,2025,,North,,0,,Flat,,,,,,Bright sun,174514,1,0,0,1,,,0,,,,,,Auckland Region,Nil,1-way,Sealed,,0,0,,50,,Off,1,0,,76,Auckland,Give way,,,,,0,0,Urban,0,,,Fine,Null
1768063.6387,5904117.9096,793210,,524602,0,0,0,1,0,South,2023/2024,SOUTH-WESTERN MOTORWAY,SH 1 OBR,,Non-Injury Crash,Yes,2024,0,North,0,0,0,Flat,1,,0,,0,Overcast,780501,0,0,0,1,0,0,0,0,0,,0,0,Auckland Region,Motorway ramp,1-way,Sealed,0,0,0,0,100,0,Off,0,0,,76,Auckland,Nil,0,0,0,0,0,0,Open,0,0,0,Light rain,Null
1757676.1575,5913567.1669,793217,,518702,0,0,0,1,0,East,2025/2026,MOUNT ALBERT ROAD,PAH ROAD,,Non-Injury Crash,No,2025,0,South,0,0,0,Flat,0,,0,,0,Dark,567900,0,0,0,4,0,0,0,0,1,,0,0,Auckland Region,Nil,2-way,Sealed,0,0,0,0,50,0,On,0,0,,76,Auckland,Nil,0,0,0,0,0,0,Urban,1,0,0,Light rain,Null
1759204.2785,5903420.4283,793225,,524200,0,,0,2,,Null,2025/2026,GEORGE BOLT MEMORIAL DRIVE,TOM PEARCE DRIVE,,Non-Injury Crash,No,2025,,North,,0,,Null,,,,,,Bright sun,727200,0,0,0,6,,,0,,,,,,Auckland Region,Nil,2-way,Sealed,,0,0,,50,,Null,0,0,,76,Auckland,Traffic Signals,,,,,0,0,Urban,0,,,Fine,Null
1765568.535,5906999.7429,793234,,522301,0,,0,2,,Null,2023/2024,EAST TAMAKI ROAD,GREAT SOUTH ROAD,,Non-Injury Crash,No,2023,,West,,0,,Flat,,,,,,Bright sun,666200,0,0,0,3,,,0,,,,,,Auckland Region,Nil,2-way,Sealed,,0,0,,50,,Off,0,0,,76,Auckland,Traffic Signals,,,,,0,0,Urban,0,,,Fine,None
1732389.4528,5936180.3366,793241,,506653,0,0,0,0,0,South,2023/2024,OLD NORTH ROAD,KIWITAHI ROAD,,Non-Injury Crash,No,2024,0,South,1,0,0,Hill Road,0,,0,,0,Overcast,217701,0,0,0,2,0,0,0,0,0,,0,0,Auckland Region,Nil,2-way,Sealed,0,0,0,0,80,0,None,1,0,,76,Auckland,Nil,0,0,0,0,0,0,Open,0,0,0,Light rain,Null
1729870.8217,5961292.7578,793257,,506613,0,0,0,1,0,South,2023/2024,KAIPARA COAST HIGHWAY,KAIPARA HILLS ROAD,,Minor Crash,Yes,2024,0,North,1,0,0,Flat,0,,0,,0,Dark,146200,1,0,0,2,0,0,0,0,0,,0,0,Auckland Region,Nil,2-way,Sealed,0,0,0,0,100,0,None,0,0,,76,Auckland,Nil,0,0,0,0,0,0,Open,0,0,0,Fine,Null
1775205.63,5895261.9873,793288,,525510,0,0,0,1,0,North,2024/2025,DOMINION ROAD,RED HILL ROAD,,Non-Injury Crash,No,2025,0,North,0,0,0,Flat,0,,0,,0,Overcast,801500,0,0,0,2,0,0,0,0,0,,1,0,Auckland Region,Nil,2-way,Sealed,0,0,0,0,50,0,Off,0,0,,76,Auckland,Nil,0,0,0,0,0,0,Urban,0,0,0,Fine,Null
1764397.0187,5904824.9897,793305,,522100,0,0,0,1,0,North,2024/2025,WYLLIE ROAD,GIFFORD ROAD,,Non-Injury Crash,No,2025,0,South,0,0,0,Flat,0,,0,,0,Twilight,658500,0,0,0,2,0,0,0,0,1,,0,0,Auckland Region,Nil,2-way,Sealed,0,0,0,0,50,0,On,1,0,,76,Auckland,Nil,0,0,0,0,0,0,Urban,0,0,0,Fine,Null
1756022.9675,5913326.51,793311,,518701,0,,0,2,,Null,2024/2025,CARR ROAD,DORNWELL ROAD,,Minor Crash,No,2024,,East,,0,,Flat,,,,,,Overcast,569800,1,0,0,2,,,0,,,,,,Auckland Region,Nil,2-way,Sealed,,0,0,,50,,Off,0,0,,76,Auckland,Stop,,,,,0,0,Urban,0,,,Fine,Strong wind
1748122.927,5913556.3111,793312,,511100,0,0,0,1,0,Null,2023/2024,RUA ROAD,TAHI TERRACE,,Non-Injury Crash,No,2023,0,South,0,0,1,Null,0,Christmas New Year,0,,0,Unknown,286900,0,0,0,2,0,0,0,0,0,,0,0,Auckland Region,Nil,2-way,Null,0,0,0,0,50,0,Null,0,0,,76,Auckland,Stop,0,0,0,0,0,0,Urban,0,0,0,Null,Null
1758304.0368,5920732.451,793321,,514101,0,,0,1,,Null,2025/2026,QUAY STREET,TAPORA STREET,,Minor Crash,No,2025,,West,,0,,Flat,,,,,,Bright sun,438214,1,0,0,3,,,0,,,1,,,Auckland Region,Nil,1-way,Sealed,,0,0,,30,,Off,0,0,,76,Auckland,Traffic Signals,,,,,0,0,Urban,0,,,Fine,Null
1770192.316,5905391.8954,793328,,523712,0,,0,1,,Null,2025/2026,TIR CONAILL AVENUE,CLOONLYON DRIVE,,Minor Crash,No,2025,,West,,0,,Flat,,,,,,Twilight,713300,1,0,0,2,,,0,,,,,,Auckland Region,Nil,2-way,Sealed,,0,0,,50,,Off,0,0,,76,Auckland,Give way,,,,,0,0,Urban,1,,,Mist or Fog,Frost
1745376.0504,5913999.2798,793329,,512904,0,,0,2,,Null,2024/2025,WEST COAST ROAD,ALBIONVALE ROAD,,Non-Injury Crash,No,2025,,East,,0,,Flat,,,,,,Bright sun,278203,0,0,0,2,,,0,,,,,,Auckland Region,Nil,2-way,Sealed,,0,0,,50,,Off,0,0,,76,Auckland,Give way,,,,,0,0,Urban,0,,,Fine,Null
1768868.2207,5902710.9677,793337,,524901,0,,0,1,,South,2024/2025,SOUTHERN MOTORWAY,ORAMS OBR,,Non-Injury Crash,Yes,2025,,North,,0,,Flat,,,,,,Dark,755000,0,0,0,3,,,0,,,,,,Auckland Region,Nil,1-way,Sealed,,0,0,,100,,On,1,0,,76,Auckland,Nil,,,,,0,0,Open,0,,,Heavy rain,Null
1745132.1431,5924410.2281,793343,,513431,0,,0,2,,Null,2023/2024,HOBSONVILLE ROAD,LUCKENS ROAD,,Minor Crash,No,2023,,West,,0,,Flat,,,,,,Bright sun,223802,1,0,0,2,,,0,,,,,,Auckland Region,Nil,2-way,Sealed,,0,0,,50,,Off,0,0,,76,Auckland,Give way,,,,,0,0,Urban,0,,,Fine,Null
1746448.4126,5916593.9776,793344,,510800,0,,0,2,,Null,2024/2025,GREAT NORTH ROAD,RAUPETI LANE,,Non-Injury Crash,No,2025,,North,,0,,Hill Road,,,,,,Bright sun,244001,0,0,0,3,,,0,,,,,,Auckland Region,Nil,2-way,Sealed,,0,0,,50,,Off,0,0,,76,Auckland,Nil,,,,,0,0,Urban,0,,,Fine,Null
1752723.8353,5918110.5176,793345,,515002,0,,0,2,,East,2023/2024,NORTH-WESTERN MOTORWAY,SH 20,,Minor Crash,Yes,2023,,East,,0,,Flat,,,,,,Overcast,390501,1,0,1,4,,,0,,,,,,Auckland Region,Motorway ramp,1-way,Sealed,,0,0,,100,,Off,0,0,80,76,Auckland,Nil,,,,,0,0,Open,0,,,Light rain,Strong wind
1755849.6579,5932251.3585,793353,,507400,0,0,0,1,0,West,2025/2026,MAXWELTON DRIVE,AMANTE CRESCENT,,Non-Injury Crash,No,2025,0,East,0,0,0,Hill Road,0,,0,,0,Dark,150700,0,0,0,2,0,0,0,0,1,,0,0,Auckland Region,Nil,2-way,Sealed,0,0,0,0,50,0,On,1,0,,76,Auckland,Nil,0,0,0,0,0,0,Urban,0,0,0,Heavy rain,Null
1752829.9453,5918313.9397,793359,,515002,0,,0,0,,Null,2023/2024,GREAT NORTH ROAD,MOA ROAD,,Serious Crash,No,2023,,East,,0,,Flat,,,,,,Overcast,390501,1,0,1,3,,,0,,,,,,Auckland Region,Nil,2-way,Sealed,,0,1,,50,,Off,0,0,,76,Auckland,Give way,,,,,0,0,Urban,1,,,Fine,Null
1757980.8919,5919826.9683,793368,,514301,0,,0,2,,Null,2024/2025,STANLEY STREET OFF RAMP,LOWER DOMAIN DRIVE,,Non-Injury Crash,No,2024,,South,,0,,Flat,,,,,,Bright sun,440300,0,0,0,2,,,0,,,,,,Auckland Region,Nil,2-way,Sealed,,0,0,,50,,Null,0,0,,76,Auckland,Stop,,,,,0,0,Urban,0,,,Fine,Null
1770076.1377,5906111.8088,793369,,523712,0,0,0,1,0,Null,2023/2024,BROADHURST ROAD,CASTLEBANE DRIVE,,Non-Injury Crash,No,2024,0,West,0,0,0,Flat,0,,0,,0,Dark,713201,0,0,0,2,0,0,0,0,0,,0,1,Auckland Region,Nil,2-way,Sealed,0,0,0,0,50,0,On,0,0,,76,Auckland,Give way,0,0,0,0,0,0,Urban,0,0,0,Fine,Null