X,Y,OBJECTID,advisorySpeed,areaUnitID,bicycle,bridge,bus,carStationWagon,cliffBank,crashDirectionDescription,crashFinancialYear,crashLocation1,crashLocation2,crashRoadSideRoad,crashSeverity,crashSHDescription,crashYear,debris,directionRoleDescription,ditch,fatalCount,fence,flatHill,guardRail,holiday,houseOrBuilding,intersection,kerb,light,meshblockId,minorInjuryCount,moped,motorcycle,NumberOfLanes,objectThrownOrDropped,otherObject,otherVehicleType,overBank,parkedVehicle,pedestrian,phoneBoxEtc,postOrPole,region,roadCharacter,roadLane,roadSurface,roadworks,schoolBus,seriousInjuryCount,slipOrFlood,speedLimit,strayAnimal,streetLight,suv,taxi,temporarySpeedLimit,tlaId,tlaName,trafficControl,trafficIsland,trafficSign,train,tree,truck,unknownVehicleType,urban,vanOrUtility,vehicle,waterRiver,weatherA,weatherB
1756542.5014,5914922.5907,793383,,518302,0,,0,0,,Null,2023/2024,LANDSCAPE ROAD,MOUNT EDEN ROAD,,Minor Crash,No,2023,,East,,0,,Flat,,,,,,Bright sun,558500,1,0,0,2,,,0,,,2,,,Auckland Region,Nil,2-way,Sealed,,0,0,,50,,Off,0,0,,76,Auckland,Stop,,,,,0,0,Urban,1,,,Fine,Null
1753529.574,5914386.6447,793393,,518801,0,,0,1,,Null,2024/2025,MAIORO STREET OFF RAMP,MAIORO STREET,,Minor Crash,No,2025,,North,,0,,Hill Road,,,,,,Bright sun,578400,1,0,0,2,,,0,,,,,,Auckland Region,Motorway ramp,1-way,Sealed,,0,0,,50,,Off,0,0,,76,Auckland,Traffic Signals,,,,,1,0,Urban,0,,,Fine,Null
1760899.1497,5907496.9163,793399,,524510,0,,0,0,,Null,2023/2024,ROBERTSON ROAD,KIVELL CLOSE,,Serious Crash,No,2023,,South,,0,,Flat,,,,,,Dark,736900,0,0,0,2,,,0,,,,,,Auckland Region,Nil,2-way,Sealed,,0,1,,50,,On,0,0,,76,Auckland,Nil,,,,,0,0,Urban,1,,,Fine,Null
1751549.0895,5917980.2317,793401,,515001,0,0,0,1,0,East,2024/2025,NORTH-WESTERN MOTORWAY,GREAT NORTH ROAD OFF RAMP,,Non-Injury Crash,Yes,2025,0,East,0,0,0,Flat,1,,0,,0,Dark,392200,0,0,0,3,0,0,0,0,0,,0,0,Auckland Region,Nil,1-way,Sealed,0,0,0,0,100,0,On,0,0,,76,Auckland,Nil,0,0,0,0,0,0,Open,0,0,0,Light rain,Null
1759690.0478,5916224.691,793408,,516002,0,,0,0,,North,2025/2026,SOUTHERN MOTORWAY,GREEN LANE EAST ON RAMP,,Minor Crash,Yes,2025,,North,,0,,Flat,,,,,,Bright sun,492000,1,0,0,4,,,0,,,,,,Auckland Region,Nil,1-way,Sealed,,0,0,,100,,Off,0,0,,76,Auckland,Nil,,,,,1,0,Open,1,,,Fine,Null
1747315.0478,5922545.2704,793440,,512202,0,0,0,1,0,West,2025/2026,WHARF ROAD,BAYSIDE AVENUE,,Non-Injury Crash,No,2025,0,West,0,0,0,Flat,0,,0,,0,Bright sun,245800,0,0,0,2,0,1,0,0,0,,0,1,Auckland Region,Nil,2-way,Sealed,0,0,0,0,50,0,Off,0,0,,76,Auckland,Nil,0,0,0,0,1,0,Urban,0,0,0,Fine,Null
1765031.7723,5905792.5705,793441,,522202,0,,0,1,,Null,2024/2025,ST GEORGE STREET,KOLMAR ROAD,,Non-Injury Crash,No,2024,,East,,0,,Flat,,,,,,Overcast,664100,0,0,0,3,,,0,,,,,,Auckland Region,Nil,2-way,Sealed,,0,0,,50,,Off,1,0,,76,Auckland,Traffic Signals,,,,,0,0,Urban,0,,,Fine,None
1768747.3131,5904567.623,793448,,523722,0,,0,1,,Null,2024/2025,HOLLYFORD DRIVE,REDOUBT ROAD,,Non-Injury Crash,No,2025,,South,,0,,Null,,,,,,Bright sun,715909,0,0,0,4,,,0,,,,,,Auckland Region,Nil,2-way,Sealed,,0,0,,50,,Null,0,0,,76,Auckland,Traffic Signals,,,,,0,1,Urban,0,,,Fine,Null
1767799.179,5906345.5714,793449,,523711,0,0,0,0,0,Null,2024/2025,PRESTON ROAD,BAIRDS ROAD,,Serious Crash,No,2025,0,South,0,0,0,Flat,1,,0,,0,Dark,715000,0,0,1,2,0,0,0,0,0,,0,0,Auckland Region,Nil,2-way,Sealed,0,0,1,0,50,0,On,0,0,,76,Auckland,Give way,0,0,0,0,0,0,Urban,0,0,0,Fine,Null
1755114.2628,5943135.7266,793456,,505909,0,0,0,3,0,South,2025/2026,FERRY ROAD,WADE RIVER ROAD,,Serious Crash,No,2025,0,East,0,0,0,Hill Road,0,,0,,0,Bright sun,173904,0,0,0,2,0,0,0,0,1,,0,0,Auckland Region,Nil,2-way,Sealed,0,0,1,0,50,0,Off,0,0,,76,Auckland,Nil,0,0,0,0,0,0,Urban,0,0,0,Fine,Null
1758941.635,5913202.9587,793471,,519820,0,,0,2,,Null,2022/2023,MOUNT SMART ROAD,ONEHUNGA MALL,,Non-Injury Crash,No,2023,,West,,0,,Flat,,,,,,Overcast,599100,0,0,0,3,,,0,,,,,,Auckland Region,Nil,2-way,Sealed,,0,0,,50,,Off,0,0,,76,Auckland,Traffic Signals,,,,,0,0,Urban,0,,,Light rain,Null
1745443.7146,5920350.7834,793479,,513301,0,,1,2,,East,2023/2024,CENTRAL PARK DRIVE,LINCOLN ROAD,,Minor Crash,No,2023,,West,,0,,Flat,,,,,,Overcast,230301,1,0,0,3,,,0,,,,,,Auckland Region,Nil,2-way,Sealed,,0,0,,50,,Off,0,0,,76,Auckland,Nil,,,,,0,0,Urban,0,,,Fine,Null
1769087.151,5914364.158,793481,,522723,0,,0,2,,Null,2024/2025,PAKURANGA ROAD,BELLS ROAD,,Minor Crash,No,2024,,East,,0,,Flat,,,,,,Overcast,681400,2,0,0,6,,,0,,,,,,Auckland Region,Nil,2-way,Sealed,,0,0,,50,,Off,2,0,40,76,Auckland,Give way,,,,,0,0,Urban,0,,,Fine,Null
1763159.1181,5912761.0971,793497,,520500,0,,0,1,,South,2023/2024,SOUTH-EASTERN HIGHWAY,SEART OBR,,Non-Injury Crash,No,2024,,West,,0,,Flat,,,,,,Overcast,637300,0,0,0,3,,,0,,,,,,Auckland Region,Nil,2-way,Sealed,,0,0,,80,,Off,0,0,,76,Auckland,Nil,,,,,0,0,Open,1,,,Fine,Null
1759278.575,5888046.6828,793511,,521122,0,0,0,1,0,South,2023/2024,KINGSEAT ROAD,MCKENZIE ROAD,,Non-Injury Crash,No,2023,0,North,1,0,0,Flat,0,,0,,0,Overcast,810901,0,0,0,2,0,0,0,0,0,,0,0,Auckland Region,Nil,2-way,Sealed,0,0,0,0,80,0,None,0,0,,76,Auckland,Nil,0,0,0,0,0,0,Open,0,0,0,Light rain,Null
1763406.9578,5911149.4605,793520,,520500,0,,0,4,,South,2025/2026,GREAT SOUTH ROAD,MOUNT RICHMOND DRIVE,,Non-Injury Crash,No,2025,,North,,0,,Flat,,,,,,Overcast,637900,0,0,0,4,,,0,,,,,,Auckland Region,Nil,2-way,Sealed,,0,0,,50,,Off,0,0,,76,Auckland,Nil,,,,,0,0,Urban,0,,,Light rain,Null
1753556.7862,5913947.0298,793521,,518801,0,,0,1,,South,2024/2025,RICHARDSON ROAD,MALCOLM STREET,,Minor Crash,No,2024,,South,,0,,Hill Road,,,,,,Overcast,578900,1,0,0,1,,,0,,,1,,,Auckland Region,Nil,1-way,Sealed,,0,0,,10,,Off,0,0,,76,Auckland,Nil,,,,,0,0,Urban,0,,,Fine,Null
1768123.4818,5903214.8468,793527,,524602,0,,0,2,,South,2022/2023,GREAT SOUTH ROAD,KERRS ROAD,,Non-Injury Crash,No,2023,,North,,0,,Flat,,,,,,Overcast,780506,0,0,0,4,,,0,,,,,,Auckland Region,Nil,2-way,Sealed,,0,0,,60,,Off,0,0,,76,Auckland,Nil,,,,,0,0,Urban,0,,,Fine,Null
1765877.9955,5907904.2618,793535,,522301,0,0,0,1,0,North,2022/2023,SOUTHERN MOTORWAY,EAST TAMAKI ROAD ON RAMP,,Non-Injury Crash,Yes,2023,0,North,0,0,0,Hill Road,1,,0,,0,Dark,666700,0,0,0,3,0,0,0,0,0,,0,0,Auckland Region,Nil,1-way,Sealed,0,0,0,0,100,0,On,0,0,,76,Auckland,Nil,0,0,0,0,0,0,Open,0,0,0,Fine,Null
1765228.4459,5906307.8504,793543,,522201,0,0,0,2,0,South,2023/2024,KOLMAR ROAD,MARGAN AVENUE,,Minor Crash,No,2023,0,South,0,0,0,Hill Road,0,,0,,0,Dark,662700,1,0,0,2,0,0,0,0,1,,0,0,Auckland Region,Nil,2-way,Sealed,0,0,0,0,50,0,On,1,0,,76,Auckland,Nil,0,0,0,0,0,0,Urban,0,0,0,Fine,Null
1763354.859,5920387.8083,793545,,516500,0,,0,2,,East,2023/2024,TAMAKI DRIVE,PATTESON AVENUE,,Non-Injury Crash,No,2024,,West,,0,,Flat,,,,,,Bright sun,500700,0,0,0,2,,,0,,,,,,Auckland Region,Nil,2-way,Sealed,,0,0,,30,,Off,0,0,,76,Auckland,Nil,,,,,0,0,Urban,0,,,Fine,Null
1757181.4527,5919318.2932,793552,,514200,0,,0,1,,South,2025/2026,SYMONDS STREET,KARANGAHAPE ROAD,,Minor Crash,No,2025,,North,,0,,Flat,,,,,,Dark,412301,1,0,0,6,,,0,,,1,,,Auckland Region,Nil,2-way,Sealed,,0,0,,50,,On,0,0,,76,Auckland,Nil,,,,,0,0,Urban,0,,,Fine,Null
1746657.3985,5917584.567,793568,,512500,0,0,0,1,0,Null,2025/2026,MCLEOD ROAD,BORDEAUX PARADE,,Non-Injury Crash,No,2025,0,East,0,0,0,Flat,0,,0,,0,Bright sun,257500,0,0,0,2,0,0,0,0,1,,0,0,Auckland Region,Nil,2-way,Sealed,0,0,0,0,50,0,None,1,0,,76,Auckland,Give way,0,0,0,0,0,0,Urban,0,0,0,Fine,Null
1759057.0959,5911802.22,793569,,519820,0,,0,2,,Null,2024/2025,ONEHUNGA MALL,NEILSON STREET,,Non-Injury Crash,No,2024,,South,,0,,Flat,,,,,,Bright sun,602401,0,0,0,2,,,0,,,,,,Auckland Region,Nil,2-way,Sealed,,0,0,,50,,Off,0,0,,76,Auckland,Traffic Signals,,,,,0,0,Urban,0,,,Fine,Null
1751346.8604,5914054.5019,793585,,514402,0,,0,0,,East,2024/2025,WOLVERTON STREET,LANSFORD CRESCENT,,Non-Injury Crash,No,2024,,West,,0,,Flat,,,,,,Unknown,379500,0,0,0,4,,,0,,,,,,Auckland Region,Nil,2-way,Sealed,,0,0,,50,,Null,0,0,,76,Auckland,Nil,,,,,0,0,Urban,1,,,Null,Null
1753997.2128,5918274.805,793591,,515432,0,0,0,0,0,West,2023/2024,NORTH-WESTERN MOTORWAY,ST LUKES ROAD OFF RAMP,,Minor Crash,Yes,2023,0,West,0,0,0,Flat,1,,0,,0,Bright sun,405400,1,0,0,3,0,0,0,0,0,,0,0,Auckland Region,Nil,1-way,Sealed,0,0,0,0,100,0,Off,1,0,,76,Auckland,Nil,0,0,0,0,0,0,Open,0,0,0,Fine,Null
1770574.1833,5898224.8129,793593,,523920,0,0,0,2,0,South,2024/2025,KINDERGARTEN DRIVE,WAIARI ROAD,,Non-Injury Crash,No,2025,0,North,0,0,0,Null,0,,0,,0,Overcast,767501,0,0,0,2,0,0,0,0,1,,0,0,Auckland Region,Nil,2-way,Sealed,0,0,0,0,50,0,Null,0,0,,76,Auckland,Nil,0,0,0,0,0,0,Urban,0,0,0,Light rain,Null
1763628.8467,5912957.8657,793600,,520500,0,0,0,2,0,West,2025/2026,ARANUI ROAD,MOUNT WELLINGTON HIGHWAY,,Non-Injury Crash,No,2025,0,East,0,0,0,Flat,0,,0,,0,Dark,637400,0,0,0,2,0,0,0,0,1,,0,0,Auckland Region,Nil,2-way,Sealed,0,0,0,0,50,0,On,0,0,,76,Auckland,Nil,0,0,0,0,0,0,Urban,0,0,0,Fine,Null
1766442.8351,5905252.9052,793601,,524603,0,,0,2,,Null,2024/2025,PUHINUI ROAD,CARRUTH ROAD,,Non-Injury Crash,No,2025,,West,,0,,Flat,,,,,,Bright sun,671700,0,0,0,5,,,0,,,,,,Auckland Region,Nil,2-way,Sealed,,0,0,,50,,Off,1,0,,76,Auckland,Traffic Signals,,,,,0,0,Urban,0,,,Fine,Null
1768555.2412,5900829.4474,793616,,525001,0,0,0,2,0,South,2025/2026,SELWYN ROAD,LUPTON ROAD,,Non-Injury Crash,No,2025,0,South,0,0,1,Flat,0,,1,,0,Dark,752100,0,0,0,2,0,0,0,0,1,1,0,0,Auckland Region,Nil,2-way,Sealed,0,0,0,0,50,0,On,0,0,,76,Auckland,Nil,0,0,0,0,0,0,Urban,0,0,0,Light rain,Null
1770983.9614,5913993.8907,793647,,521602,0,0,0,2,0,Null,2023/2024,BOTANY ROAD,ANDREW ROAD,,Minor Crash,No,2024,0,North,0,0,1,Flat,0,Queens Birthday,0,,0,Dark,648100,1,0,0,2,0,0,0,0,1,,0,0,Auckland Region,Nil,2-way,Sealed,0,0,0,0,50,0,On,0,0,40,76,Auckland,Give way,0,0,0,0,0,0,Urban,0,0,0,Light rain,Null
1756266.9448,5931104.2696,793648,,508520,0,0,0,1,0,North,2024/2025,EAST COAST ROAD,WILLIAM SOUTER STREET,,Minor Crash,No,2025,0,South,0,0,0,Flat,0,,0,,0,Dark,148705,2,0,0,3,0,0,0,0,0,,0,1,Auckland Region,Nil,2-way,Sealed,0,0,0,0,50,0,On,0,0,,76,Auckland,Nil,0,0,0,0,0,0,Urban,0,0,0,Fine,Null
1756670.0954,5919900.8107,793649,,514102,0,0,0,1,0,Null,2024/2025,NELSON STREET OFF RAMP,UNION STREET,,Minor Crash,No,2025,0,North,0,0,0,Flat,0,,0,,0,Dark,435500,1,0,0,1,0,0,0,0,0,,0,0,Auckland Region,Motorway ramp,1-way,Sealed,0,0,0,0,50,0,On,0,0,,76,Auckland,Traffic Signals,0,1,0,0,0,0,Urban,0,0,0,Fine,Null
1756004.9855,5919023.6882,793655,,515500,0,,0,1,,Null,2023/2024,GREAT NORTH ROAD,MACKELVIE STREET,,Minor Crash,No,2024,,North,,0,,Flat,,,,,,Bright sun,417800,1,0,0,2,,,0,,,,,,Auckland Region,Nil,2-way,Sealed,,0,0,,50,,Off,1,0,,76,Auckland,Give way,,,,,0,0,Urban,0,,,Fine,Null
1748705.1704,5913170.738,793656,,511401,0,0,0,2,0,South,2024/2025,TITIRANGI ROAD,NORTHALL ROAD,,Non-Injury Crash,No,2025,0,West,0,0,0,Flat,0,,0,,0,Dark,263900,0,0,0,2,0,0,0,0,1,,0,0,Auckland Region,Nil,2-way,Sealed,0,0,0,0,50,0,On,0,0,,76,Auckland,Nil,0,0,0,0,0,0,Urban,0,0,0,Fine,Null
1752105.4577,5930693.8041,793665,,508803,0,0,0,1,0,North,2024/2025,ALBANY HIGHWAY OFF RAMP,ALBANY HIGHWAY,,Non-Injury Crash,No,2024,0,South,0,0,0,Hill Road,0,,0,,0,Dark,180858,0,0,0,3,0,0,0,0,1,,0,0,Auckland Region,Motorway ramp,1-way,Sealed,0,0,0,0,60,0,On,1,0,,76,Auckland,Nil,0,0,0,0,0,0,Urban,0,0,0,Fine,Null
1773221.8727,5895861.4334,793672,,525410,1,,0,1,,South,2025/2026,ONSLOW ROAD,PRATT STREET,,Minor Crash,No,2025,,North,,0,,Hill Road,,,,,,Bright sun,793100,1,0,0,2,,,0,,,,,,Auckland Region,Bridge,2-way,Sealed,,0,0,,50,,Off,0,0,,76,Auckland,Nil,,,,,0,0,Urban,0,,,Fine,Frost
1773054.1672,5914440.5881,793680,,521502,0,0,0,1,0,North,2024/2025,LITTEN ROAD,EVELYN ROAD,,Non-Injury Crash,No,2025,0,North,0,0,1,Flat,0,,0,,1,Bright sun,653400,0,0,0,2,0,0,0,0,0,,0,0,Auckland Region,Nil,2-way,Sealed,0,0,0,0,50,0,Off,0,0,,76,Auckland,Nil,0,0,0,0,0,0,Urban,0,0,0,Fine,Null
1768872.8786,5900876.5632,793681,,525001,0,,0,2,,North,2024/2025,GREAT SOUTH ROAD,WEYMOUTH ROAD,,Non-Injury Crash,No,2024,,East,,0,,Flat,,,,,,Overcast,751600,0,0,0,2,,,0,,,,,,Auckland Region,Nil,2-way,Sealed,,0,0,,50,,On,0,0,,76,Auckland,Nil,,,,,0,0,Urban,0,,,Fine,None
1765116.0066,5914874.1544,793687,,520301,0,,0,3,,West,2023/2024,PLEASANT VIEW ROAD,PILKINGTON ROAD,,Minor Crash,No,2024,,West,,0,,Hill Road,,,,,,Overcast,628002,1,0,0,2,,,0,,,,,,Auckland Region,Nil,2-way,Sealed,,0,0,,50,,Off,0,0,,76,Auckland,Nil,,,,,0,0,Urban,0,,,Fine,Null
1756886.3418,5919169.7998,793704,,514200,0,,0,1,,West,2025/2026,SOUTHERN TO NORTH-WESTERN LINK,SOUTHERN MOTORWAY,,Minor Crash,Yes,2025,,West,,0,,Flat,,,,,,Dark,412900,1,0,0,4,,,0,,,,,,Auckland Region,Nil,1-way,Sealed,,0,0,,80,,On,0,0,,76,Auckland,Nil,,,,,0,0,Open,1,,,Light rain,Null
1746951.8749,5913712.9498,793713,,511100,0,0,0,1,0,Null,2024/2025,OATES ROAD,GLENDALE ROAD,,Non-Injury Crash,No,2024,0,West,0,0,0,Hill Road,0,,0,,1,Dark,286200,0,0,0,2,0,0,0,0,0,,0,0,Auckland Region,Nil,2-way,Sealed,0,0,0,0,50,0,On,0,0,,76,Auckland,Give way,0,0,0,0,0,0,Urban,0,0,0,Fine,Null
1759442.7877,5910380.6694,793729,,524002,0,,1,1,,South,2024/2025,SOUTH-WESTERN MOTORWAY,MAHUNGA DRIVE OFF RAMP,,Non-Injury Crash,Yes,2024,,South,,0,,Hill Road,,,,,,Bright sun,722400,0,0,0,4,,,0,,,,,,Auckland Region,Nil,1-way,Sealed,,1,0,,100,,Off,0,0,,76,Auckland,Nil,,,,,0,0,Open,0,,,Fine,Null
1761761.8283,5914039.4815,793745,,520202,0,,0,0,,East,2024/2025,SOUTHERN MOTORWAY,ELLERSLIE-PANMURE HWY ON RAMP,,Non-Injury Crash,Yes,2024,,East,,0,,Flat,,,,,,Bright sun,612800,0,0,0,3,,,0,,,,,,Auckland Region,Nil,1-way,Sealed,,0,0,,100,,Off,2,0,,76,Auckland,Nil,,,,,0,0,Open,0,,,Fine,Null
1757919.6223,5912085.4351,793752,,519810,0,,0,1,,East,2025/2026,SOUTH-WESTERN MOTORWAY,QUEENSTOWN ROAD OFF RAMP,,Non-Injury Crash,Yes,2025,,West,,0,,Null,,,,,,Unknown,602501,0,0,0,3,,,0,,,,,,Auckland Region,Nil,1-way,Sealed,,0,0,,100,,On,0,0,,76,Auckland,Nil,,,,,0,1,Open,0,,,Null,Null
1759630.4268,5916269.8649,793759,,516002,0,,0,1,,East,2023/2024,SOUTHERN MOTORWAY,OMAHU OBR,,Non-Injury Crash,Yes,2023,,North,,0,,Flat,,,,,,Bright sun,492000,0,0,0,4,,,0,,,,,,Auckland Region,Nil,1-way,Sealed,,0,0,,100,,Off,0,0,,76,Auckland,Nil,,,,,1,0,Open,0,,,Fine,Null
1766453.8099,5905203.7906,793760,,524603,0,,0,2,,South,2025/2026,LAMBIE DRIVE,PUHINUI ROAD,,Non-Injury Crash,No,2025,,North,,0,,Flat,,,,,,Bright sun,674300,0,0,0,2,,,0,,,,,,Auckland Region,Nil,1-way,Sealed,,0,0,,50,,Off,0,0,,76,Auckland,Nil,,,,,0,0,Urban,0,,,Fine,Null
1760977.8254,5907092.631,793769,,524112,0,,0,1,,South,2024/2025,SOUTH-WESTERN MOTORWAY,BADER OBR,,Non-Injury Crash,Yes,2024,,South,,0,,Flat,,,,,,Bright sun,742102,0,0,0,2,,,0,,,,,,Auckland Region,Nil,1-way,Sealed,,0,0,,100,,Off,2,0,,76,Auckland,Nil,,,,,0,0,Open,0,,,Fine,Null
1763539.7083,5909060.0709,793777,,521901,0,,0,2,,Null,2024/2025,WALMSLEY ROAD,NIKAU ROAD,,Non-Injury Crash,No,2024,,South,,0,,Flat,,,,,,Overcast,783400,0,0,0,4,,,0,,,,,,Auckland Region,Nil,2-way,Sealed,,0,0,,50,,Off,0,0,,76,Auckland,Stop,,,,,0,0,Urban,0,,,Fine,None
1750372.9457,5913014.7628,793817,,511402,0,0,0,1,0,West,2025/2026,LINKS ROAD,PORTAGE ROAD,,Minor Crash,No,2025,0,East,0,0,0,Hill Road,0,,0,,0,Bright sun,260500,1,0,0,2,0,0,0,0,0,,0,1,Auckland Region,Nil,2-way,Sealed,0,0,0,0,50,0,Off,0,0,,76,Auckland,Nil,0,0,0,0,0,0,Urban,0,0,0,Fine,Null
1758247.483,5916605.7328,793824,,519200,0,,0,1,,Null,2025/2026,MANUKAU ROAD,WARBOROUGH AVENUE,,Minor Crash,No,2025,,South,,0,,Flat,,,,,,Twilight,614301,1,0,1,4,,,0,,,,,,Auckland Region,Nil,2-way,Sealed,,0,0,,50,,On,0,0,,76,Auckland,Give way,,,,,0,0,Urban,0,,,Fine,Null
1766271.8752,5913395.0429,793825,,522820,0,0,0,2,0,West,2023/2024,WILLIAMS AVENUE,TAMAKI BAY DRIVE,,Non-Injury Crash,No,2024,0,West,0,0,0,Flat,0,,0,,0,Dark,695600,0,0,0,2,0,0,0,0,1,,0,0,Auckland Region,Nil,2-way,Unsealed,0,0,0,0,50,0,On,0,0,,76,Auckland,Nil,0,0,0,0,0,0,Urban,0,0,0,Light rain,Null
1745744.0089,5912397.9777,793847,,512600,0,0,0,0,1,Null,2023/2024,GLENGARRY ROAD,PHILLIP AVENUE,,Minor Crash,No,2024,0,West,0,0,0,Hill Road,0,,0,,1,Overcast,299900,1,0,0,2,0,0,0,0,0,,0,0,Auckland Region,Nil,2-way,Sealed,0,0,0,0,50,0,Off,0,0,,76,Auckland,Stop,0,0,0,0,0,0,Urban,1,0,0,Fine,Null
1763157.9893,5912845.5098,793864,,520500,0,,0,1,,West,2023/2024,SOUTHERN MOTORWAY,SH1 OBR,,Non-Injury Crash,Yes,2024,,West,,0,,Flat,,,,,,Dark,637300,0,0,0,3,,,0,,,,,,Auckland Region,Motorway ramp,1-way,Sealed,,0,0,,100,,On,0,0,,76,Auckland,Nil,,,,,0,0,Open,0,,,Light rain,Null
1771602.7735,5898568.9518,793872,,523912,0,,0,1,,East,2023/2024,TAUKARI ROAD,TREESTUMP ROAD,,Non-Injury Crash,No,2024,,West,,0,,Flat,,,,,,Dark,767400,0,0,0,2,,,0,,,,,,Auckland Region,Nil,2-way,Sealed,,0,0,,50,,On,1,1,30,76,Auckland,Nil,,,,,0,0,Urban,0,,,Fine,Null
1779044.0451,5894350.8375,793879,65,521301,0,0,0,1,0,North,2022/2023,HUNUA ROAD,MIDDLETON ROAD,,Minor Crash,No,2023,0,North,0,0,1,Flat,0,,0,,0,Overcast,816403,1,0,0,2,0,0,0,0,0,,0,0,Auckland Region,Nil,2-way,Sealed,0,0,0,0,80,0,None,0,0,,76,Auckland,Nil,0,0,0,0,0,0,Open,0,0,0,Fine,Null
1756172.1061,5924071.2738,793896,,509800,0,,0,1,,South,2025/2026,NORTHERN MOTORWAY,NORTHERN BUSWAY,,Non-Injury Crash,Yes,2025,,South,,0,,Flat,,,,,,Dark,361100,0,0,0,5,,,0,,,,,,Auckland Region,Nil,1-way,Sealed,,0,0,,80,,On,1,0,,76,Auckland,Nil,,,,,0,0,Open,0,,,Fine,Null
1767439.5595,5904914.7133,793905,45,524604,0,,0,2,,Null,2022/2023,GREAT SOUTH ROAD,CAVENDISH DRIVE,,Non-Injury Crash,No,2023,,North,,0,,Flat,,,,,,Bright sun,780209,0,0,0,4,,,0,,,,,,Auckland Region,Nil,2-way,Sealed,,0,0,,50,,None,0,0,,76,Auckland,Traffic Signals,,,,,0,0,Urban,0,,,Fine,None
1752798.5152,5914094.7141,793912,,514500,0,,0,1,,East,2024/2025,MAIORO STREET,NEW WINDSOR ROAD,,Non-Injury Crash,No,2025,,West,,0,,Flat,,,,,,Bright sun,376600,0,0,0,4,,,0,,,,,,Auckland Region,Nil,2-way,Sealed,,0,0,,50,,Off,1,0,30,76,Auckland,Nil,,,,,0,0,Urban,0,,,Fine,Null
1757947.8292,5913493.1578,793927,,518600,0,,1,2,,Null,2023/2024,MOUNT ALBERT ROAD,CROWN STREET,,Minor Crash,No,2023,,East,,0,,Flat,,,,,,Overcast,567200,1,0,0,4,,,0,,,,,,Auckland Region,Nil,2-way,Sealed,,0,0,,50,,Off,0,0,,76,Auckland,Give way,,,,,0,0,Urban,0,,,Fine,Null
1756955.9957,5918723.9391,793928,,514301,0,,0,1,,South,2024/2025,SYMONDS STREET,KHYBER PASS ROAD,,Serious Crash,No,2025,,North,,0,,Flat,,,,,,Dark,441800,0,1,0,4,,,0,,,,,,Auckland Region,Nil,2-way,Sealed,,0,1,,30,,On,0,0,,76,Auckland,Nil,,,,,0,0,Urban,0,,,Fine,Null
1772915.4591,5891475.5621,793929,,521301,0,,0,0,,North,2024/2025,SOUTHERN MOTORWAY,KARAKA OBR,,Minor Crash,Yes,2025,,North,,0,,Hill Road,,,,,,Overcast,808702,1,0,0,2,,,0,,,,,,Auckland Region,Motorway ramp,1-way,Sealed,,0,0,,100,,Off,2,0,,76,Auckland,Nil,,,,,0,0,Open,2,,,Light rain,Null
1765558.9476,5908672.9142,793937,,523403,0,,0,3,,South,2024/2025,SOUTHERN MOTORWAY,HIGHBROOK OBR,,Serious Crash,Yes,2025,,North,,0,,Flat,,,,,,Bright sun,700100,1,0,0,3,,,0,,,,,,Auckland Region,Nil,1-way,Sealed,,0,1,,100,,Off,1,0,,76,Auckland,Nil,,,,,0,0,Open,0,,,Fine,Null
1775256.7811,5896334.5655,793945,,525610,0,,0,0,,Null,2024/2025,EMMERDALE AVENUE,DUCKWORTH ROAD,,Non-Injury Crash,No,2025,,South,,0,,Null,,,,,,Unknown,799113,0,0,0,2,,,0,,,,,,Auckland Region,Nil,2-way,Null,,0,0,,50,,Null,0,0,,76,Auckland,Give way,,,,,0,1,Urban,1,,,Null,Null
1765000.8427,5916856.4881,793959,,517201,0,,0,1,,North,2023/2024,FELTON MATHEW AVENUE,MERTON ROAD,,Minor Crash,No,2023,,South,,0,,Flat,,,,,,Bright sun,464200,1,0,1,2,,,0,,,,,,Auckland Region,Nil,2-way,Sealed,,0,0,,50,,Off,0,0,,76,Auckland,Nil,,,,,0,0,Urban,0,,,Fine,Null
1771762.0173,5906005.6065,793961,,523713,0,,0,0,,Null,2024/2025,FLAT BUSH SCHOOL ROAD,RASHNI ROAD,,Minor Crash,No,2024,,East,,0,,Hill Road,,,,,,Bright sun,712701,1,0,0,2,,,0,,,1,,,Auckland Region,Nil,2-way,Sealed,,0,0,,50,,Off,1,0,,76,Auckland,Nil,,,,,0,0,Urban,0,,,Fine,Null
1763348.512,5912798.2867,793967,,520500,0,,0,1,,West,2023/2024,SOUTHERN MOTORWAY,MOUNT WELLINGTON HWY OFF RAMP,,Non-Injury Crash,Yes,2023,,East,,0,,Flat,,,,,,Overcast,637400,0,0,0,3,,,0,,,,,,Auckland Region,Nil,1-way,Sealed,,0,0,,100,,Off,0,0,,76,Auckland,Nil,,,,,0,0,Open,1,,,Light rain,Null
1753383.204,5929808.5703,793968,,508411,0,,0,2,,Null,2024/2025,ALBANY HIGHWAY,SUNSET ROAD,,Non-Injury Crash,No,2024,,South,,0,,Null,,,,,,Bright sun,183903,0,0,0,6,,,0,,,,,,Auckland Region,Nil,2-way,Sealed,,0,0,,50,,Null,0,0,,76,Auckland,Traffic Signals,,,,,0,0,Urban,0,,,Fine,Null