X,Y,OBJECTID,advisorySpeed,areaUnitID,bicycle,bridge,bus,carStationWagon,cliffBank,crashDirectionDescription,crashFinancialYear,crashLocation1,crashLocation2,crashRoadSideRoad,crashSeverity,crashSHDescription,crashYear,debris,directionRoleDescription,ditch,fatalCount,fence,flatHill,guardRail,holiday,houseOrBuilding,intersection,kerb,light,meshblockId,minorInjuryCount,moped,motorcycle,NumberOfLanes,objectThrownOrDropped,otherObject,otherVehicleType,overBank,parkedVehicle,pedestrian,phoneBoxEtc,postOrPole,region,roadCharacter,roadLane,roadSurface,roadworks,schoolBus,seriousInjuryCount,slipOrFlood,speedLimit,strayAnimal,streetLight,suv,taxi,temporarySpeedLimit,tlaId,tlaName,trafficControl,trafficIsland,trafficSign,train,tree,truck,unknownVehicleType,urban,vanOrUtility,vehicle,waterRiver,weatherA,weatherB
1767494.0693,5905631.8807,793975,,524603,0,0,0,2,0,South,2023/2024,SOUTHERN MOTORWAY,REAGAN OBR,,Non-Injury Crash,Yes,2024,0,North,0,0,0,Flat,1,,0,,0,Dark,671000,0,0,0,3,0,0,0,0,0,,0,0,Auckland Region,Nil,1-way,Sealed,0,0,0,0,100,0,On,0,0,,76,Auckland,Nil,0,0,0,0,0,0,Open,0,0,0,Fine,Null
1755544.3753,5918282.0504,793976,,515500,0,,0,1,,West,2024/2025,NORTH-WESTERN MOTORWAY,BOND OBR,,Minor Crash,Yes,2024,,East,,0,,Flat,,,,,,Bright sun,419100,1,0,0,4,,,0,,,,,,Auckland Region,Nil,1-way,Sealed,,0,0,,80,,Null,1,0,,76,Auckland,Nil,,,,,0,0,Open,0,,,Fine,Null
1756186.7239,5920955.1743,793977,,515202,0,,0,1,,South,2023/2024,NORTHERN MOTORWAY,VICTORIA PARK VDT N,,Non-Injury Crash,Yes,2024,,South,,0,,Flat,,,,,,Dark,425600,0,0,0,4,,,0,,,,,,Auckland Region,Nil,1-way,Sealed,,0,0,,80,,On,0,0,,76,Auckland,Nil,,,,,1,0,Open,1,,,Fine,Null
1728579.807,5932826.4996,793984,,506652,0,0,0,1,0,South,2024/2025,SH 16,KIWITAHI ROAD,,Non-Injury Crash,Yes,2024,0,North,0,0,0,Null,0,,0,,0,Dark,218300,0,0,0,2,0,0,0,0,0,,0,0,Auckland Region,Nil,2-way,Sealed,0,0,0,0,100,0,None,0,0,,76,Auckland,Nil,0,0,0,0,0,0,Open,0,0,0,Null,Null
1744019.6593,5918767.3548,794000,,513220,0,0,0,1,0,South,2024/2025,SWANSON ROAD,BRICK STREET,,Minor Crash,No,2025,0,North,0,0,0,Flat,0,,0,,0,Bright sun,236103,1,0,0,2,0,0,0,0,1,,0,0,Auckland Region,Nil,2-way,Sealed,0,0,0,0,50,0,Off,0,0,,76,Auckland,Nil,0,0,0,0,0,0,Urban,1,0,0,Fine,Null
1747746.3603,5943237.5878,794007,,506300,0,0,0,0,0,North,2024/2025,WILKS ROAD,POSTMAN ROAD,,Fatal Crash,No,2024,0,East,0,1,0,Flat,0,,0,,0,Dark,175903,0,0,1,2,0,0,0,0,0,,0,1,Auckland Region,Nil,2-way,Sealed,0,0,0,0,80,0,None,0,0,,76,Auckland,Nil,0,0,0,0,0,0,Open,0,0,0,Fine,Null
1764891.9384,5903326.486,794015,,524604,0,,0,1,,Null,2023/2024,PUAKI DRIVE,ROSCOMMON ROAD,,Non-Injury Crash,No,2023,,East,,0,,Flat,,,,,,Overcast,781302,0,0,0,2,,,0,,,,,,Auckland Region,Nil,2-way,Sealed,,0,0,,30,,Off,1,0,,76,Auckland,Traffic Signals,,,,,0,0,Urban,0,,,Fine,Null
1772917.4563,5895840.0806,794017,,525410,0,,0,2,,Null,2024/2025,OPAHEKE ROAD,CHAPEL STREET,,Minor Crash,No,2024,,South,,0,,Flat,,,,,,Overcast,793200,2,0,0,2,,,0,,,,,,Auckland Region,Nil,2-way,Sealed,,0,0,,50,,Off,0,0,,76,Auckland,Stop,,,,,0,0,Urban,0,,,Heavy rain,Null
1756193.4917,5924161.8587,794023,,509800,0,,0,1,,North,2023/2024,NORTHERN MOTORWAY,NORTHERN BUSWAY,,Non-Injury Crash,Yes,2024,,South,,0,,Flat,,,,,,Bright sun,361100,0,0,0,5,,,0,,,,,,Auckland Region,Nil,1-way,Sealed,,0,0,,80,,Off,1,0,,76,Auckland,Nil,,,,,0,0,Open,0,,,Fine,Null
1768912.945,5911203.1951,794041,,523112,0,,0,2,,West,2022/2023,CRYERS ROAD,HARRIS ROAD,,Non-Injury Crash,No,2023,,East,,0,,Flat,,,,,,Overcast,711404,0,0,0,2,,,0,,,,,,Auckland Region,Nil,2-way,Sealed,,0,0,,50,,Off,0,0,,76,Auckland,Nil,,,,,0,0,Urban,0,,,Light rain,None
1767696.8273,5907722.5913,794049,,523502,0,,0,1,,Null,2024/2025,EAST TAMAKI ROAD,HILLS ROAD,,Minor Crash,No,2024,,West,,0,,Flat,,,,,,Dark,704000,2,0,0,2,,,0,,,1,,,Auckland Region,Nil,2-way,Sealed,,0,0,,50,,On,0,0,,76,Auckland,Traffic Signals,,,,,0,0,Urban,0,,,Fine,Null
1817393.8289,5987501.8537,794056,,521000,0,0,0,0,0,West,2024/2025,WHANGAPARAPARA ROAD,GRAY ROAD,,Non-Injury Crash,No,2024,0,South,0,0,0,Hill Road,0,,0,,0,Dark,438901,0,0,0,2,0,0,0,0,0,,0,0,Auckland Region,Nil,2-way,Unsealed,0,0,0,0,60,0,None,0,0,,76,Auckland,Nil,0,0,0,1,1,0,Urban,0,0,0,Light rain,Strong wind
1766826.8442,5909824.1624,794057,,523112,0,0,0,1,0,North,2023/2024,EL KOBAR DRIVE,PUKEKIWIRIKI PLACE,,Serious Crash,No,2024,0,South,0,0,0,Flat,0,,0,,0,Dark,711301,0,0,0,1,0,0,0,0,0,,0,0,Auckland Region,Nil,1-way,Sealed,0,0,1,0,50,0,On,0,0,,76,Auckland,Nil,0,0,0,1,0,0,Urban,0,0,0,Fine,Null
1767630.8998,5905272.251,794072,,524603,0,,0,3,,South,2024/2025,SOUTHERN MOTORWAY,TE IRIRANGI DRIVE ON RAMP,,Non-Injury Crash,Yes,2024,,North,,0,,Flat,,,,,,Bright sun,780304,0,0,0,3,,,0,,,,,,Auckland Region,Nil,1-way,Sealed,,0,0,,100,,Off,0,0,,76,Auckland,Nil,,,,,0,0,Open,1,,,Fine,Null
1736870.7233,5917728.9825,794073,,513800,0,0,0,1,0,East,2024/2025,TE HENGA ROAD,UNITY ROAD,,Non-Injury Crash,No,2025,0,West,1,0,0,Hill Road,0,,0,,0,Overcast,281700,0,0,0,2,0,0,0,1,0,,0,0,Auckland Region,Nil,2-way,Sealed,0,0,0,0,60,0,None,0,0,,76,Auckland,Nil,0,0,0,0,0,0,Urban,0,0,0,Heavy rain,Null
1746946.7293,5917123.6402,794080,,512500,0,0,0,1,0,East,2024/2025,KOKIRI STREET,TE ATATU ROAD,,Non-Injury Crash,No,2024,0,West,0,0,0,Hill Road,0,,0,,0,Bright sun,259300,0,0,0,2,0,0,0,0,0,,0,1,Auckland Region,Nil,2-way,Sealed,0,0,0,0,30,0,Off,0,0,,76,Auckland,Nil,0,0,0,0,0,0,Urban,0,0,0,Fine,Null
1752583.3954,5934566.0458,794081,,508701,0,,0,1,,Null,2025/2026,MUNROE LANE,CORBAN AVENUE,,Minor Crash,No,2025,,North,,0,,Flat,,,,,,Bright sun,179000,1,0,1,2,,,0,,,,,,Auckland Region,Nil,2-way,Sealed,,0,0,,50,,Off,0,0,,76,Auckland,Give way,,,,,0,0,Urban,0,,,Fine,Null
1769554.9606,5906685.5529,794087,,523712,0,,0,2,,Null,2023/2024,MICHAEL JONES DRIVE,CHAPEL ROAD,,Non-Injury Crash,No,2024,,East,,0,,Flat,,,,,,Dark,712809,0,0,0,2,,,0,,,,,,Auckland Region,Nil,2-way,Sealed,,0,0,,50,,None,0,0,,76,Auckland,Give way,,,,,0,0,Urban,0,,,Fine,Null
1757047.0566,5914558.2406,794088,,518600,0,0,0,1,0,South,2024/2025,ST ANDREWS ROAD,SELWYN ROAD,,Non-Injury Crash,No,2025,0,North,0,0,0,Flat,0,,0,,0,Overcast,563902,0,0,0,2,0,0,0,0,1,,0,0,Auckland Region,Nil,2-way,Sealed,0,0,0,0,50,0,Null,1,0,,76,Auckland,Nil,0,0,0,0,0,0,Urban,0,0,0,Light rain,Null
1768138.6739,5907842.4358,794096,,523502,0,,0,1,,Null,2024/2025,EAST TAMAKI ROAD,PRESTON ROAD,,Non-Injury Crash,No,2024,,East,,0,,Null,,,,,,Bright sun,703800,0,0,0,6,,,0,,,,,,Auckland Region,Nil,2-way,Sealed,,0,0,,50,,Null,0,0,,76,Auckland,Traffic Signals,,,,,1,0,Urban,0,,,Fine,Null
1754495.9599,5918652.3634,794097,35,515431,0,,0,1,,North,2025/2026,TUARANGI ROAD,WEXFORD ROAD,,Minor Crash,No,2025,,South,,0,,Hill Road,,,,,,Twilight,406401,2,0,0,2,,,0,,,,,,Auckland Region,Nil,2-way,Sealed,,0,0,,50,,Off,0,0,,76,Auckland,Nil,,,,,0,0,Urban,1,,,Light rain,Frost
1749176.3362,5918245.7035,794103,,514801,0,,0,1,,East,2022/2023,NORTH-WESTERN MOTORWAY,ROSEBANK OBR,,Minor Crash,Yes,2023,,West,,0,,Flat,,,,,,Dark,390401,1,0,0,4,,,0,,,,,,Auckland Region,Bridge,1-way,Sealed,,0,0,,100,,On,1,0,,76,Auckland,Nil,,,,,0,0,Open,0,,,Fine,Null
1769602.5378,5901814.7683,794175,,523814,0,,0,2,,East,2022/2023,HILL ROAD,HILL OBR,,Non-Injury Crash,No,2023,,East,,0,,Flat,,,,,,Bright sun,759507,0,0,0,2,,,0,,,,,,Auckland Region,Nil,2-way,Sealed,,0,0,,50,,Off,0,0,,76,Auckland,Nil,,,,,0,0,Urban,0,,,Fine,Null
1739761.6254,5930387.5091,794177,,505604,0,0,0,1,0,Null,2023/2024,OLD NORTH ROAD,ORAHA ROAD,,Non-Injury Crash,No,2024,0,South,0,0,0,Flat,0,,0,,0,Dark,214202,0,0,0,2,0,0,0,0,0,,0,1,Auckland Region,Nil,2-way,Sealed,0,0,0,0,80,0,On,0,0,,76,Auckland,Give way,0,0,0,0,0,0,Open,0,0,0,Fine,Null
1761902.6122,5906392.429,794185,,524200,0,0,0,0,0,West,2024/2025,SOUTH-WESTERN MOTORWAY,MASSEY ROAD OFF RAMP,,Non-Injury Crash,Yes,2024,0,West,0,0,0,Flat,0,,0,,0,Overcast,728700,0,0,0,2,0,0,0,0,0,,0,1,Auckland Region,Motorway ramp,1-way,Sealed,0,0,0,0,100,0,Off,0,0,,76,Auckland,Nil,0,0,0,0,0,0,Open,1,0,0,Fine,Null
1768863.1023,5905904.9731,794193,45,523711,0,,0,2,,Null,2022/2023,DAWSON ROAD,Te Irirangi Drive,,Non-Injury Crash,No,2023,,East,,0,,Flat,,,,,,Dark,713005,0,0,0,2,,,0,,,,,,Auckland Region,Nil,2-way,Sealed,,0,0,,50,,On,0,0,,76,Auckland,Traffic Signals,,,,,0,0,Urban,0,,,Fine,None
1764124.1569,5908947.3902,794200,,521901,0,,0,0,,West,2024/2025,MANGERE ROAD,PIKI THOMPSON WAY,,Non-Injury Crash,No,2024,,West,,0,,Flat,,,,,,Bright sun,785300,0,0,0,2,,,0,,,,,,Auckland Region,Nil,2-way,Sealed,,0,0,,50,,Off,0,0,,76,Auckland,Nil,,,,,0,0,Urban,2,,,Fine,Null
1752215.8848,5926411.8139,794208,,510220,0,0,0,2,0,South,2024/2025,SALISBURY ROAD,PARAMU AVENUE,,Non-Injury Crash,No,2025,0,South,0,0,0,Hill Road,0,,0,,0,Overcast,350000,0,0,0,2,0,0,0,0,1,,0,0,Auckland Region,Nil,2-way,Sealed,0,0,0,0,50,0,Null,0,0,,76,Auckland,Nil,0,0,0,0,0,0,Urban,1,0,0,Fine,Null
1755365.4846,5915001.918,794209,,518500,0,,0,1,,Null,2024/2025,FOCH AVENUE,DOMINION ROAD,,Minor Crash,No,2025,,East,,0,,Flat,,,,,,Bright sun,560100,1,0,0,2,,,0,,,1,,,Auckland Region,Nil,2-way,Sealed,,0,0,,50,,Off,0,0,,76,Auckland,Stop,,,,,0,0,Urban,0,,,Fine,Null
1766242.5586,5916609.9635,794217,,517100,0,,0,1,,Null,2024/2025,ELSTREE AVENUE,MAYBURY STREET,,Serious Crash,No,2024,,North,,0,,Flat,,,,,,Dark,477300,0,0,1,2,,,0,,,,,,Auckland Region,Nil,2-way,Sealed,,0,2,,50,,On,0,0,,76,Auckland,Give way,,,,,0,0,Urban,0,,,Fine,Null
1759313.8654,5910818.4053,794232,,524002,0,,0,1,,North,2024/2025,SOUTH-WESTERN MOTORWAY,RIMU ROAD ON RAMP,,Non-Injury Crash,Yes,2025,,North,,0,,Flat,,,,,,Bright sun,722400,0,0,0,4,,,0,,,,,,Auckland Region,Bridge,1-way,Sealed,,0,0,,100,,Off,0,0,,76,Auckland,Nil,,,,,1,0,Open,0,,,Fine,Null
1743929.4247,5923162.3264,794240,,513511,0,0,0,2,0,North,2024/2025,ALLOWAY STREET,BAUMEA RISE,,Non-Injury Crash,No,2024,0,South,0,0,0,Flat,0,,0,,0,Bright sun,224303,0,0,0,2,0,0,0,0,1,,0,0,Auckland Region,Nil,2-way,Sealed,0,0,0,0,50,0,Off,0,0,,76,Auckland,Nil,0,0,0,0,0,0,Urban,0,0,0,Fine,Null
1767087.2267,5904758.8429,794256,,524603,1,,0,1,,Null,2024/2025,CAVENDISH DRIVE,SHARKEY STREET,,Non-Injury Crash,No,2024,,East,,0,,Flat,,,,,,Bright sun,780205,1,0,0,2,,,0,,,,,,Auckland Region,Nil,2-way,Sealed,,0,0,,50,,Off,0,0,,76,Auckland,Traffic Signals,,,,,0,0,Urban,0,,,Fine,None
1766620.7618,5900712.5056,794257,,524713,0,,0,2,,East,2024/2025,ORATU PLACE,JOHN WALKER DRIVE,,Non-Injury Crash,No,2024,,East,,0,,Flat,,,,,,Dark,775816,0,0,0,2,,,0,,,,,,Auckland Region,Nil,2-way,Sealed,,0,0,,30,,On,0,0,,76,Auckland,Nil,,,,,0,0,Urban,0,,,Fine,Null
1737660.2818,5926206.8872,794263,,505605,0,0,0,0,0,North,2023/2024,POMONA ROAD,HANHAM ROAD,,Minor Crash,No,2023,0,South,1,0,0,Hill Road,0,,0,,0,Overcast,215400,1,0,0,2,0,0,0,0,0,,0,0,Auckland Region,Nil,2-way,Sealed,0,0,0,0,60,0,None,0,0,,76,Auckland,Nil,0,0,0,0,1,0,Urban,0,0,0,Fine,Null
1757024.4157,5925401.5668,794271,,509702,0,0,0,2,0,Null,2022/2023,NORTHERN MOTORWAY,ESMONDE ROAD OFF RAMP,,Non-Injury Crash,Yes,2023,0,North,0,0,0,Flat,1,,0,,0,Bright sun,364601,0,0,0,4,0,0,0,0,0,,0,0,Auckland Region,Motorway ramp,1-way,Sealed,0,0,0,0,100,0,Off,0,0,,76,Auckland,Nil,0,0,0,0,0,0,Open,0,0,0,Fine,Null
1756109.0958,5923785.5406,794272,,509800,0,,0,2,,South,2024/2025,NORTHERN MOTORWAY,WEIGH BRIDGE,,Non-Injury Crash,Yes,2024,,South,,0,,Flat,,,,,,Dark,358800,0,0,0,5,,,0,,,,,,Auckland Region,Nil,1-way,Sealed,,0,0,,80,,On,0,0,,76,Auckland,Nil,,,,,0,0,Open,0,,,Fine,Null
1759322.5711,5903118.705,794289,,524200,0,,0,1,,Null,2023/2024,GEORGE BOLT MEMORIAL DRIVE,CYRIL KAY ROAD,,Non-Injury Crash,No,2024,,North,,0,,Flat,,,,,,Overcast,727200,0,0,0,4,,,0,,,,,,Auckland Region,Nil,2-way,Sealed,,0,0,,50,,Off,1,0,,76,Auckland,Give way,,,,,0,0,Urban,0,,,Fine,Null
1776109.0308,5884011.9811,794295,,521132,0,0,0,1,0,North,2023/2024,SOUTHERN MOTORWAY,ST STEPHENS OBR,,Non-Injury Crash,Yes,2024,0,South,0,0,0,Hill Road,1,,0,,0,Overcast,814702,0,0,0,2,0,0,0,0,0,,0,0,Auckland Region,Nil,1-way,Sealed,0,0,0,0,100,0,Off,0,0,,76,Auckland,Nil,0,0,0,0,1,0,Open,0,0,0,Fine,Null
1738504.055,5944482.8345,794296,,506646,0,0,0,0,0,West,2023/2024,KAHIKATEA FLAT ROAD,WAITOKI ROAD,,Non-Injury Crash,No,2024,0,West,0,0,0,Flat,0,,0,,0,Dark,213100,0,0,0,2,0,0,0,0,1,,0,0,Auckland Region,Nil,2-way,Unsealed,0,0,0,0,50,0,On,0,0,,76,Auckland,Nil,0,0,0,0,1,0,Urban,1,0,0,Fine,Null
1745098.1707,5916476.9701,794311,,510800,0,0,0,1,0,Null,2023/2024,HENDERSON VALLEY ROAD,KEELING ROAD,,Non-Injury Crash,No,2023,0,South,0,0,0,Flat,0,,0,,0,Dark,241800,0,0,0,2,0,0,0,0,0,,0,1,Auckland Region,Nil,2-way,Sealed,0,0,0,0,50,0,On,0,0,,76,Auckland,Give way,0,0,0,0,0,0,Urban,0,0,0,Fine,Null
1764057.3959,5904290.5355,794319,,522100,0,,0,0,,Null,2024/2025,PUHINUI ROAD,PUHINUI ROAD-SH 20B OFF RAMP,,Minor Crash,Yes,2024,,East,,0,,Flat,,,,,,Bright sun,781001,1,0,0,3,,,0,,,,,,Auckland Region,Nil,1-way,Sealed,,0,0,,50,,Off,1,0,,76,Auckland,Traffic Signals,,,,,1,0,Urban,0,,,Fine,Null
1757357.5095,5916991.7472,794335,,515700,0,0,0,2,0,West,2022/2023,OWENS ROAD,CECIL ROAD,,Non-Injury Crash,No,2023,0,East,0,0,0,Flat,0,,0,,0,Dark,444501,0,0,0,2,0,0,0,0,1,,0,0,Auckland Region,Nil,2-way,Sealed,0,0,0,0,50,0,None,0,0,,76,Auckland,Nil,0,0,0,0,0,0,Urban,0,0,0,Fine,Null
1759975.4256,5908219.6381,794336,,524121,0,0,0,0,0,East,2023/2024,HALL AVENUE,ELMDON STREET,,Non-Injury Crash,No,2023,0,West,0,0,0,Flat,0,,0,,0,Bright sun,737103,0,0,0,2,0,0,0,0,1,,0,0,Auckland Region,Nil,2-way,Sealed,0,0,0,0,50,0,On,0,0,,76,Auckland,Nil,0,0,0,0,0,1,Urban,1,0,0,Fine,None
1761384.1456,5920141.6245,794351,,516400,1,,0,0,,East,2022/2023,TAMAKI DRIVE,POKANOA POINT ENT,,Serious Crash,No,2023,,East,,0,,Flat,,,,,,Bright sun,496600,0,0,0,2,,,0,,,,,,Auckland Region,Nil,2-way,Sealed,,0,1,,50,,Off,0,0,,76,Auckland,Give way,,,,,1,0,Urban,0,,,Fine,Null
1742124.5014,5921412.6405,794352,,513621,0,0,0,1,1,North,2024/2025,BIRDWOOD ROAD,MUDGEWAYS ROAD,,Minor Crash,No,2025,0,North,0,0,0,Hill Road,0,,0,,0,Overcast,226601,1,0,0,2,0,0,0,0,0,,0,0,Auckland Region,Nil,2-way,Sealed,0,0,0,0,60,0,None,0,0,,76,Auckland,Nil,0,0,0,0,0,0,Urban,0,0,0,Light rain,Null
1773843.4521,5889814.7345,794361,,521302,0,,0,0,,South,2024/2025,SOUTHERN MOTORWAY,QUARRY OBR,,Non-Injury Crash,Yes,2025,,North,,0,,Flat,,,,,,Bright sun,809101,0,0,0,2,,,0,,,,,,Auckland Region,Nil,1-way,Sealed,,0,0,,100,,Off,2,0,,76,Auckland,Nil,,,,,0,0,Open,1,,,Fine,Null
1766755.4351,5900097.0815,794367,,524713,0,0,0,1,0,East,2023/2024,LANDETTE ROAD,SELAGO PLACE,,Non-Injury Crash,No,2024,0,East,0,0,1,Flat,0,,0,,0,Overcast,775805,0,0,0,2,0,0,0,0,0,,0,0,Auckland Region,Nil,2-way,Sealed,0,0,0,0,30,0,Off,0,0,,76,Auckland,Nil,0,0,0,0,0,0,Urban,0,0,0,Fine,Null
1766492.8931,5904624.576,794369,,524603,0,,0,2,,East,2024/2025,CAVENDISH DRIVE,NORMAN SPENCER DRIVE,,Non-Injury Crash,No,2024,,West,,0,,Flat,,,,,,Dark,780202,0,0,0,4,,,0,,,,,,Auckland Region,Nil,2-way,Sealed,,0,0,,50,,On,0,0,,76,Auckland,Give way,,,,,0,0,Urban,0,,,Fine,Null
1744095.4312,5923597.7937,794375,,513511,0,0,0,0,0,Null,2024/2025,OFF ROAD - WESTGATE PEDESTRIAN LINK,,,Minor Crash,No,2024,0,North,0,0,0,Flat,0,,0,,0,Overcast,224303,2,1,0,,0,0,0,0,0,,0,0,Auckland Region,Nil,Off road,Unsealed,0,0,0,0,,0,None,0,0,,76,Auckland,Nil,0,0,0,1,0,0,Urban,0,0,0,Fine,Null
1766753.7833,5903908.0863,794385,,524604,0,,0,2,,West,2024/2025,LAMBIE DRIVE ON RAMP,SOUTH-WESTERN MOTORWAY,,Minor Crash,No,2025,,East,,0,,Hill Road,,,,,,Bright sun,780209,3,0,0,2,,,0,,,,,,Auckland Region,Motorway ramp,1-way,Sealed,,0,0,,100,,Off,0,0,30,76,Auckland,Traffic Signals,,,,,0,0,Open,0,,,Fine,Null
1770521.6489,5917576.6375,794391,,522601,0,,0,1,,North,2023/2024,THE ESPLANADE,HOSTEL ACCESS ROAD,,Non-Injury Crash,No,2024,,North,,0,,Flat,,,,,,Dark,676603,0,0,0,2,,,0,,,,,,Auckland Region,Speed hump,2-way,Sealed,,0,0,,50,,On,0,0,,76,Auckland,Nil,,,,,0,0,Urban,0,,,Fine,Null
1771139.3457,5896357.7118,794392,,521201,0,,0,1,,South,2024/2025,SOUTHERN MOTORWAY,PAHUREHURE NO 2 BR,,Minor Crash,Yes,2025,,North,,0,,Flat,,,,,,Bright sun,806604,1,0,0,3,,,0,,,,,,Auckland Region,Nil,1-way,Sealed,,0,0,,100,,Off,0,0,,76,Auckland,Nil,,,,,0,0,Open,1,,,Fine,Null
1760757.4077,5907231.6938,794400,,524112,0,,0,2,,North,2024/2025,SOUTH-WESTERN MOTORWAY,BADER OBR,,Minor Crash,Yes,2024,,North,,0,,Flat,,,,,,Bright sun,737500,1,0,0,2,,,0,,,,,,Auckland Region,Nil,1-way,Sealed,,0,0,,100,,Off,1,0,,76,Auckland,Nil,,,,,0,0,Open,0,,,Fine,Null
1769129.2988,5900928.3937,794401,,524902,0,,0,2,,East,2024/2025,ALFRISTON ROAD,GREAT SOUTH ROAD,,Non-Injury Crash,No,2024,,East,,0,,Flat,,,,,,Overcast,758200,0,0,0,2,,,0,,,,,,Auckland Region,Nil,2-way,Sealed,,0,0,,50,,None,0,0,,76,Auckland,Nil,,,,,0,0,Urban,0,,,Fine,Null
1769832.4046,5901219.4616,794407,,524901,0,,0,2,,West,2023/2024,ALFRISTON ROAD,ALFRISTON OBR,,Non-Injury Crash,No,2024,,West,,0,,Hill Road,,,,,,Twilight,757602,0,0,0,2,,,0,,,,,,Auckland Region,Bridge,2-way,Sealed,,0,0,,50,,On,0,0,,76,Auckland,Nil,,,,,0,0,Urban,0,,,Fine,Null
1764033.3037,5909917.5694,794408,,521901,0,0,0,1,0,Null,2023/2024,GREAT SOUTH ROAD,KING STREET,,Non-Injury Crash,No,2023,0,Null,0,0,0,Flat,0,,0,,0,Bright sun,783800,0,0,0,2,0,0,0,0,1,,0,0,Auckland Region,Nil,2-way,Sealed,0,0,0,0,30,0,Off,0,0,,76,Auckland,Stop,0,0,0,0,1,0,Urban,0,0,0,Fine,None
1767110.4683,5901846.5439,794417,,524720,0,,0,2,,South,2024/2025,MARR ROAD,BROWNS ROAD,,Non-Injury Crash,No,2025,,North,,0,,Flat,,,,,,Bright sun,779600,0,0,0,2,,,0,,,,,,Auckland Region,Nil,2-way,Sealed,,0,0,,50,,Off,0,0,,76,Auckland,Nil,,,,,0,0,Urban,0,,,Fine,Null
1747410.6828,5919604.0225,794424,,512300,0,,0,0,,West,2023/2024,NORTH-WESTERN MOTORWAY,TE ATATU ROAD ON RAMP,,Non-Injury Crash,Yes,2024,,East,,0,,Flat,,,,,,Bright sun,252000,0,0,0,4,,,0,,,,,,Auckland Region,Nil,1-way,Sealed,,0,0,,100,,Off,0,0,,76,Auckland,Nil,,,,,1,0,Open,1,,,Fine,Null
1756547.2773,5914915.7537,794456,,518302,0,,0,2,,Null,2023/2024,MOUNT EDEN ROAD,LANDSCAPE ROAD,,Non-Injury Crash,No,2023,,South,,0,,Flat,,,,,,Overcast,558800,0,0,0,2,,,0,,,,,,Auckland Region,Nil,2-way,Sealed,,0,0,,50,,Off,0,0,,76,Auckland,Stop,,,,,0,0,Urban,0,,,Light rain,Null
1758749.3245,5911705.3465,794463,,519810,0,,0,1,,South,2023/2024,GLOUCESTER PARK ROAD,NEILSON STREET OFF RAMP,,Non-Injury Crash,No,2023,,South,,0,,Flat,,,,,,Overcast,602200,0,0,0,4,,,0,,,,,,Auckland Region,Motorway ramp,2-way,Sealed,,0,0,,50,,None,0,0,,76,Auckland,Nil,,,,,0,0,Urban,1,,,Fine,Null
1737908.1826,5929271.8668,794471,,505602,0,,0,2,,East,2023/2024,MAIN ROAD,ORAHA ROAD,,Minor Crash,Yes,2024,,East,,0,,Flat,,,,,,Bright sun,214900,1,0,0,2,,,0,,,,,,Auckland Region,Nil,2-way,Sealed,,0,0,,50,,None,0,0,,76,Auckland,Nil,,,,,0,0,Urban,0,,,Fine,Null
1776000.0589,5881868.6876,794472,,521160,0,0,0,2,0,South,2024/2025,SH 1,MILL OBR,,Minor Crash,Yes,2024,0,South,0,0,0,Flat,1,,0,,0,Bright sun,827800,1,0,0,2,0,0,0,0,0,,0,0,Auckland Region,Nil,1-way,Sealed,0,0,0,0,100,0,Off,1,0,,76,Auckland,Nil,0,0,0,0,0,0,Open,0,0,0,Fine,Null
1761319.468,5906203.7371,794473,,524200,0,,0,2,,Null,2024/2025,MASSEY ROAD,FRIESIAN DRIVE,,Non-Injury Crash,No,2025,,North,,0,,Flat,,,,,,Dark,728801,0,0,0,2,,,0,,,,,,Auckland Region,Nil,2-way,Sealed,,0,0,,50,,On,0,0,,76,Auckland,Stop,,,,,0,0,Urban,0,,,Fine,Null
1768191.7761,5903944.5002,794479,,523820,0,,0,2,,North,2023/2024,REDOUBT ROAD ON RAMP,LINK 1N SBD OBR,,Non-Injury Crash,No,2023,,South,,0,,Hill Road,,Christmas New Year,,,,Bright sun,760142,0,0,0,2,,,0,,,,,,Auckland Region,Nil,1-way,Sealed,,0,0,,100,,Off,0,0,,76,Auckland,Traffic Signals,,,,,0,0,Open,0,,,Fine,Null
1748071.6244,5912236.1971,794480,,511902,0,,0,0,,Null,2024/2025,TITIRANGI ROAD,WEST LYNN ROAD,,Minor Crash,No,2025,,South,,0,,Hill Road,,,,,,Bright sun,292104,1,0,1,2,,,0,,,,,,Auckland Region,Nil,2-way,Sealed,,0,0,,50,,Off,0,0,,76,Auckland,Stop,,,,,0,0,Urban,1,,,Fine,Null
1733725.1854,5934350.4993,794495,,506653,0,,0,2,,South,2023/2024,TAYLOR ROAD,OLD NORTH ROAD,,Non-Injury Crash,No,2023,,North,,0,,Hill Road,,,,,,Dark,217704,0,0,0,2,,,0,,,,,,Auckland Region,Nil,2-way,Sealed,,0,0,,100,,None,0,0,,76,Auckland,Nil,,,,,0,0,Open,0,,,Light rain,Null
1757721.659,5920295.9824,794503,,514103,0,,0,2,,North,2023/2024,PRINCES STREET,ALFRED STREET,,Non-Injury Crash,No,2023,,North,,0,,Flat,,,,,,Overcast,437300,0,0,0,2,,,0,,,,,,Auckland Region,Nil,2-way,Sealed,,0,0,,30,,Off,0,0,,76,Auckland,Nil,,,,,0,0,Urban,0,,,Fine,Null