X,Y,OBJECTID,advisorySpeed,areaUnitID,bicycle,bridge,bus,carStationWagon,cliffBank,crashDirectionDescription,crashFinancialYear,crashLocation1,crashLocation2,crashRoadSideRoad,crashSeverity,crashSHDescription,crashYear,debris,directionRoleDescription,ditch,fatalCount,fence,flatHill,guardRail,holiday,houseOrBuilding,intersection,kerb,light,meshblockId,minorInjuryCount,moped,motorcycle,NumberOfLanes,objectThrownOrDropped,otherObject,otherVehicleType,overBank,parkedVehicle,pedestrian,phoneBoxEtc,postOrPole,region,roadCharacter,roadLane,roadSurface,roadworks,schoolBus,seriousInjuryCount,slipOrFlood,speedLimit,strayAnimal,streetLight,suv,taxi,temporarySpeedLimit,tlaId,tlaName,trafficControl,trafficIsland,trafficSign,train,tree,truck,unknownVehicleType,urban,vanOrUtility,vehicle,waterRiver,weatherA,weatherB
1768857.7541,5902013.6139,794504,,524901,0,0,0,2,0,East,2023/2024,GRANDE VUE ROAD,SCENIC DRIVE,,Non-Injury Crash,No,2024,0,North,0,0,0,Flat,0,,0,,0,Bright sun,755900,0,0,0,2,0,0,0,0,1,,0,0,Auckland Region,Nil,2-way,Sealed,0,0,0,0,50,0,None,0,0,,76,Auckland,Nil,0,0,0,0,0,0,Urban,0,0,0,Fine,None
1743705.8956,5920087.3813,794512,,513632,0,,0,2,,Null,2024/2025,HELENA STREET,DON BUCK ROAD,,Minor Crash,No,2025,,West,,0,,Hill Road,,,,,,Dark,228801,2,0,0,2,,,0,,,,,,Auckland Region,Nil,2-way,Sealed,,0,0,,50,,On,0,0,,76,Auckland,Stop,,,,,0,0,Urban,0,,,Fine,Null
1753197.1208,5919909.7628,794544,45,515100,0,,0,0,,Null,2023/2024,OBAN ROAD,GARNET ROAD,,Non-Injury Crash,No,2024,,South,,0,,Flat,,,,,,Bright sun,400000,0,0,0,2,,,0,,,,,,Auckland Region,Nil,2-way,Sealed,,0,0,,50,,None,0,0,,76,Auckland,Give way,,,,,1,1,Urban,0,,,Fine,None
1773088.1756,5895789.9781,794559,,525410,0,0,0,2,0,Null,2024/2025,ONSLOW ROAD,KING EDWARD AVENUE,,Non-Injury Crash,No,2024,0,North,0,0,0,Flat,0,,0,,0,Overcast,793301,0,0,0,2,0,0,0,0,1,,0,0,Auckland Region,Nil,2-way,Sealed,0,0,0,0,50,0,Off,0,0,,76,Auckland,Stop,0,1,0,0,0,0,Urban,0,0,0,Light rain,Null
1769278.9447,5914985.916,794576,,522721,0,,0,1,,Null,2023/2024,PIGEON MOUNTAIN ROAD,CASUARINA ROAD,,Non-Injury Crash,No,2024,,North,,0,,Flat,,,,,,Dark,680724,0,0,0,2,,,0,,,,,,Auckland Region,Nil,2-way,Sealed,,0,0,,50,,On,0,0,,76,Auckland,Traffic Signals,,,,,0,0,Urban,0,,,Fine,None
1769335.343,5905538.1503,794585,,523712,0,0,0,0,0,East,2024/2025,THOMAS ROAD,MATTHEWS ROAD,,Non-Injury Crash,No,2024,0,West,0,0,1,Flat,0,,0,,0,Overcast,713208,0,0,0,2,0,0,0,0,0,,0,0,Auckland Region,Nil,2-way,Sealed,0,0,0,0,50,0,Off,0,0,,76,Auckland,Nil,0,0,0,0,0,0,Urban,1,0,0,Heavy rain,Null
1743495.7578,5923885.3633,794600,,513410,0,,0,1,,North,2025/2026,TAWHIA DRIVE,FRED TAYLOR DRIVE,,Non-Injury Crash,No,2025,,North,,0,,Hill Road,,,,,,Bright sun,224000,0,0,0,4,,,0,,,,,,Auckland Region,Nil,2-way,Sealed,,0,0,,50,,Off,1,0,,76,Auckland,Nil,,,,,0,0,Urban,0,,,Fine,Null
1758413.7193,5928349.586,794608,,507800,0,0,0,2,0,North,2025/2026,HURSTMERE ROAD,MINNEHAHA AVENUE,,Minor Crash,No,2025,0,South,0,0,0,Flat,0,,0,,0,Dark,309100,1,0,0,2,0,0,0,0,1,,0,0,Auckland Region,Nil,2-way,Sealed,0,0,0,0,50,0,On,0,0,,76,Auckland,Nil,0,0,0,0,0,0,Urban,0,0,0,Fine,Frost
1769965.0596,5913168.4717,794609,,522722,0,,0,2,,South,2024/2025,AVIEMORE DRIVE,BRADBURY ROAD,,Non-Injury Crash,No,2024,,South,,0,,Hill Road,,,,,,Bright sun,681333,0,0,0,2,,,0,,,,,,Auckland Region,Nil,2-way,Sealed,,0,0,,50,,Off,1,0,,76,Auckland,Nil,,,,,0,0,Urban,0,,,Fine,Null
1757974.4314,5918711.3187,794616,,517400,0,0,0,2,0,East,2024/2025,CARLTON GORE ROAD,PARK ROAD,,Non-Injury Crash,No,2024,0,West,0,0,0,Hill Road,0,,0,,0,Dark,450100,0,0,0,2,0,0,0,0,3,,0,0,Auckland Region,Nil,2-way,Sealed,0,0,0,0,50,0,On,2,0,,76,Auckland,Nil,0,0,0,0,0,0,Urban,0,0,0,Light rain,Null
1766827.2293,5901873.2466,794623,,524720,0,,0,2,,Null,2023/2024,GLOUCESTER ROAD,BROWNS ROAD,,Non-Injury Crash,No,2023,,North,,0,,Flat,,,,,,Overcast,777800,0,0,0,2,,,0,,,,,,Auckland Region,Nil,2-way,Sealed,,0,0,,50,,Off,0,0,,76,Auckland,Give way,,,,,0,0,Urban,0,,,Light rain,None
1752554.7447,5933608.3472,794624,,508701,0,,0,2,,Null,2024/2025,MERCARI WAY,DON MCKINNON DRIVE,,Non-Injury Crash,No,2025,,North,,0,,Flat,,,,,,Bright sun,178900,0,0,0,4,,,0,,,,,,Auckland Region,Nil,2-way,Sealed,,0,0,,50,,Off,0,0,,76,Auckland,Give way,,,,,0,0,Urban,0,,,Fine,Null
1764742.0777,5911370.5457,794639,,520500,0,,0,2,,South,2023/2024,SOUTHERN MOTORWAY,PANAMA OBR,,Non-Injury Crash,Yes,2024,,North,,0,,Flat,,,,,,Overcast,636200,0,0,0,3,,,0,,,,,,Auckland Region,Nil,1-way,Sealed,,0,0,,100,,Off,0,0,,76,Auckland,Nil,,,,,0,0,Open,0,,,Light rain,Null
1748649.2701,5944358.7973,794641,,506201,0,,0,2,,South,2025/2026,NORTHERN MOTORWAY,SILVERDALE OFF RAMP,,Non-Injury Crash,Yes,2025,,North,,0,,Flat,,,,,,Bright sun,176801,0,0,0,2,,,0,,,,,,Auckland Region,Nil,1-way,Sealed,,0,0,,100,,Off,0,0,,76,Auckland,Nil,,,,,0,0,Open,0,,,Fine,Null
1733968.6368,5928072.2017,794648,,506652,0,0,0,0,0,East,2025/2026,FOSTER ROAD,KAURI CRESCENT,,Minor Crash,No,2025,0,East,0,0,1,Flat,0,,0,,0,Dark,219301,2,0,0,2,0,0,0,0,0,,0,1,Auckland Region,Nil,2-way,Sealed,0,0,0,0,60,0,None,1,0,,76,Auckland,Nil,0,0,0,0,0,0,Urban,0,0,0,Heavy rain,Null
1758586.4227,5917565.7673,794655,,516001,0,,0,1,,North,2022/2023,SOUTHERN MOTORWAY,ST MARKS ROAD ON RAMP,,Non-Injury Crash,Yes,2023,,South,,0,,Flat,,,,,,Bright sun,490701,0,0,0,4,,,0,,,,,,Auckland Region,Overpass,1-way,Sealed,,0,0,,80,,Off,0,0,,76,Auckland,Nil,,,,,0,0,Open,1,,,Fine,Null
1752861.2269,5934566.6975,794671,,508701,0,,1,0,,Null,2023/2024,OFF ROAD - ALBANY BUS STATION,,,Fatal Crash,No,2023,,West,,1,,Flat,,,,,,Overcast,179000,0,0,0,,,,0,,,1,,,Auckland Region,Nil,Off road,Sealed,,0,0,,,,Off,0,0,,76,Auckland,Nil,,,,,0,0,Urban,0,,,Fine,Null
1765924.395,5905620.0625,794673,,522202,0,,0,1,,Null,2025/2026,CARRUTH ROAD,BIRDWOOD AVENUE,,Non-Injury Crash,No,2025,,North,,0,,Flat,,,,,,Overcast,665700,0,0,0,2,,,0,,,,,,Auckland Region,Nil,2-way,Sealed,,0,0,,50,,Off,1,0,40,76,Auckland,Stop,,,,,0,0,Urban,0,,,Fine,Null
1757474.1655,5920756.9284,794679,,514102,0,,0,1,,South,2023/2024,QUEEN STREET,FORT STREET,,Minor Crash,No,2024,,South,,0,,Flat,,,,,,Bright sun,433200,1,0,0,2,,,0,,,1,,,Auckland Region,Nil,2-way,Sealed,,0,0,,30,,Off,0,0,,76,Auckland,Nil,,,,,0,0,Urban,0,,,Fine,Null
1753590.2801,5914436.7745,794687,,518801,0,,0,2,,Null,2022/2023,MAIORO STREET ON RAMP,MAIORO STREET,,Non-Injury Crash,No,2023,,East,,0,,Flat,,,,,,Bright sun,578500,0,0,0,2,,,0,,,,,,Auckland Region,Motorway ramp,1-way,Sealed,,0,0,,100,,Off,0,0,,76,Auckland,Give way,,,,,0,0,Open,0,,,Fine,Null
1778053.0307,5911965.6685,794689,,523202,0,0,0,1,0,North,2024/2025,WHITFORD MARAETAI ROAD,PUKERANGI RISE,,Non-Injury Crash,No,2025,0,North,1,0,1,Flat,0,,0,,0,Bright sun,762501,0,0,0,2,0,0,0,0,0,,0,0,Auckland Region,Nil,2-way,Sealed,0,0,0,0,80,0,Off,0,0,,76,Auckland,Nil,0,0,0,0,0,0,Open,0,0,0,Fine,Null
1755423.9283,5925635.3715,794697,,509701,0,0,0,2,0,East,2024/2025,RALEIGH ROAD,POTTER AVENUE,,Non-Injury Crash,No,2024,0,West,0,0,0,Flat,0,,0,,0,Overcast,367000,0,0,0,2,0,0,0,0,1,,0,0,Auckland Region,Nil,2-way,Sealed,0,0,0,0,50,0,Off,0,0,,76,Auckland,Nil,0,0,0,0,0,0,Urban,0,0,0,Fine,Null
1750657.6959,5925578.3992,794704,,510020,0,0,0,2,0,South,2023/2024,BRIGANTINE DRIVE,JACARANDA AVENUE,,Non-Injury Crash,No,2024,0,West,0,0,0,Flat,0,,0,,0,Dark,345700,0,0,0,2,0,0,0,0,1,,0,0,Auckland Region,Nil,2-way,Sealed,0,0,0,0,50,0,On,0,0,,76,Auckland,Nil,0,0,0,0,0,0,Urban,0,0,0,Null,Null
1756060.0777,5917459.0418,794713,,518102,0,,0,0,,Null,2024/2025,DOMINION ROAD,WALTERS ROAD,,Non-Injury Crash,No,2025,,South,,0,,Flat,,,,,,Overcast,546000,0,0,0,2,,,0,,,1,,,Auckland Region,Nil,2-way,Sealed,,0,0,,50,,On,0,0,30,76,Auckland,Traffic Signals,,,,,0,0,Urban,1,,,Fine,Null
1765161.7478,5903695.729,794719,,524604,0,,0,1,,Null,2023/2024,CAVENDISH DRIVE OFF RAMP,SOUTH-WESTERN MOTORWAY,,Non-Injury Crash,No,2023,,West,,0,,Hill Road,,,,,,Dark,781302,0,0,0,4,,,0,,,,,,Auckland Region,Nil,1-way,End of seal,,0,0,,50,,On,1,0,,76,Auckland,Nil,,,,,0,0,Urban,0,,,Fine,None
1745593.0946,5916438.7189,794727,,510800,0,,0,1,,Null,2024/2025,VIEW ROAD,VITASOVICH AVENUE,,Minor Crash,No,2025,,West,,0,,Hill Road,,,,,,Dark,244500,1,0,0,2,,,0,,,1,,,Auckland Region,Bridge,2-way,Sealed,,0,0,,50,,On,0,0,,76,Auckland,Traffic Signals,,,,,0,0,Urban,0,,,Fine,Null
1752398.9187,5918078.4938,794728,,515001,0,,0,2,,Null,2024/2025,CARRINGTON ROAD,GREAT NORTH ROAD,,Non-Injury Crash,No,2025,,North,,0,,Null,,,,,,Unknown,391601,0,0,0,3,,,0,,,,,,Auckland Region,Nil,2-way,Sealed,,0,0,,50,,Null,0,0,,76,Auckland,Traffic Signals,,,,,0,0,Urban,0,,,Null,Null
1771268.2311,5906778.213,794737,,523713,0,0,0,1,0,South,2024/2025,MURPHYS ROAD,GERANIUM AVENUE,,Non-Injury Crash,No,2024,0,North,0,0,0,Flat,1,,0,,1,Bright sun,713100,0,0,0,2,0,0,0,0,0,,0,0,Auckland Region,Nil,1-way,Sealed,0,0,0,0,60,0,Off,0,0,,76,Auckland,Nil,0,0,0,0,0,0,Urban,0,0,0,Fine,Null
1769432.9826,5902192.8966,794743,,523814,0,,0,1,,North,2023/2024,SOUTHERN MOTORWAY,HILL ROAD-MANUREWA OFF RAMP,,Non-Injury Crash,Yes,2024,,South,,0,,Flat,,,,,,Bright sun,760702,0,0,0,3,,,0,,,,,,Auckland Region,Nil,1-way,Sealed,,0,0,,100,,Off,0,0,,76,Auckland,Nil,,,,,1,0,Open,0,,,Fine,None
1742588.9907,5976264.3932,794744,,506661,0,,0,1,,West,2024/2025,SH 1,SH 1,,Serious Crash,Yes,2024,,East,,0,,Flat,,,,,,Dark,138900,0,0,0,2,,,0,,,,,,Auckland Region,Nil,2-way,Sealed,,0,1,,80,,None,0,0,,76,Auckland,Nil,,,,,1,0,Open,0,,,Fine,Null
1764174.4156,5910130.3258,794751,,521901,0,,0,1,,Null,2022/2023,ATKINSON AVENUE,PRINCES STREET,,Non-Injury Crash,No,2023,,North,,0,,Flat,,,,,,Bright sun,782400,0,0,0,4,,,0,,,,,,Auckland Region,Nil,2-way,Sealed,,0,0,,50,,Off,0,0,,76,Auckland,Traffic Signals,,,,,0,1,Urban,0,,,Fine,None
1747143.7495,5912961.4915,794752,,511100,0,0,0,2,0,Null,2023/2024,CAPTAIN SCOTT ROAD,OSMAN STREET,,Non-Injury Crash,No,2024,0,North,0,0,0,Hill Road,0,,0,,0,Overcast,288000,0,0,0,2,0,0,0,0,1,,0,0,Auckland Region,Nil,2-way,Sealed,0,0,0,0,50,0,Off,0,0,,76,Auckland,Give way,0,0,0,0,0,0,Urban,0,0,0,Light rain,Null
1757623.0399,5917096.5436,794753,,515700,0,,0,1,,East,2025/2026,OWENS ROAD,MARAMA AVENUE,,Minor Crash,No,2026,,South,,0,,Flat,,,,,,Bright sun,444900,1,0,0,2,,,0,,,1,,,Auckland Region,Nil,2-way,Sealed,,0,0,,50,,None,0,0,,76,Auckland,Stop,,,,,0,0,Urban,0,,,Fine,Null
1767803.229,5906360.3226,794759,45,523711,0,,0,2,,Null,2022/2023,PRESTON ROAD,BAIRDS ROAD,,Non-Injury Crash,No,2023,,South,,0,,Flat,,,,,,Bright sun,715000,0,0,0,1,,,0,,,,,,Auckland Region,Nil,2-way,Sealed,,0,0,,50,,Off,0,0,,76,Auckland,Give way,,,,,0,0,Urban,0,,,Fine,None
1764965.1792,5905787.335,794767,,522201,0,0,0,2,0,East,2023/2024,ST GEORGE STREET,RANGITOTO ROAD,,Non-Injury Crash,No,2024,0,West,0,0,0,Flat,0,,0,,0,Bright sun,663200,0,0,0,2,0,0,0,0,1,,0,0,Auckland Region,Nil,2-way,Sealed,0,0,0,0,50,0,Off,0,0,,76,Auckland,Nil,0,0,0,0,0,0,Urban,0,0,0,Fine,Null
1745322.5812,5919761.9103,794776,,513301,0,,0,1,,Null,2024/2025,UNIVERSAL DRIVE,LINCOLN ROAD,,Non-Injury Crash,No,2025,,West,,0,,Flat,,,,,,Overcast,230401,0,0,0,6,,,0,,,,,,Auckland Region,Nil,2-way,Sealed,,0,0,,50,,None,1,0,,76,Auckland,Traffic Signals,,,,,0,0,Urban,1,,,Fine,Null
1755533.7238,5918332.0504,794783,,515500,0,0,0,1,0,South,2023/2024,COOPER STREET,SEDDON STREET,,Non-Injury Crash,No,2024,0,South,0,0,0,Hill Road,1,Queens Birthday,0,,0,Dark,419100,0,0,0,2,0,0,0,0,0,,0,0,Auckland Region,Nil,2-way,Sealed,0,0,0,0,30,0,On,0,0,,76,Auckland,Nil,0,0,0,0,0,0,Urban,0,0,0,Fine,Frost
1745322.4232,5919185.8088,794785,,513302,0,,0,4,,East,2025/2026,TE PAI PLACE,LINCOLN ROAD,,Non-Injury Crash,No,2025,,West,,0,,Flat,,,,,,Bright sun,230701,0,0,0,3,,,0,,,,,,Auckland Region,Nil,2-way,Sealed,,0,0,,50,,Off,0,0,,76,Auckland,Nil,,,,,0,0,Urban,0,,,Fine,Null
1755525.5145,5915536.7329,794791,,518302,0,0,0,2,0,South,2023/2024,DOMINION ROAD,PEARY ROAD,,Non-Injury Crash,No,2024,0,South,0,0,0,Flat,0,,0,,0,Twilight,555000,0,0,0,2,0,0,0,0,1,,0,0,Auckland Region,Nil,2-way,Sealed,0,0,0,0,50,0,On,0,0,,76,Auckland,Nil,0,0,0,0,0,0,Urban,0,0,0,Fine,Null
1748612.2146,5948053.1986,794792,,506201,0,0,0,2,0,South,2024/2025,WANUI ROAD OFF RAMP,WAINUI ROAD,,Non-Injury Crash,No,2024,0,North,0,0,0,Flat,0,,0,,0,Dark,176603,0,0,0,1,0,0,0,0,0,,0,0,Auckland Region,Nil,1-way,Sealed,0,0,0,0,100,0,On,0,0,,76,Auckland,Nil,0,0,0,0,0,0,Open,0,1,0,Fine,Null
1754276.6405,5935964.4838,794793,,508704,0,,0,2,,Null,2024/2025,OTEHA VALLEY ROAD,KANAPA ROAD,,Non-Injury Crash,No,2025,,North,,0,,Flat,,,,,,Overcast,178602,0,0,0,4,,,0,,,,,,Auckland Region,Nil,2-way,Sealed,,0,0,,50,,Off,0,0,,76,Auckland,Nil,,,,,0,0,Urban,0,,,Light rain,Null
1771445.9603,5906417.7519,794799,,523713,0,0,0,2,0,North,2023/2024,NIGHTINGALE ROAD,HORSEFIELDS DRIVE,,Non-Injury Crash,No,2023,0,North,0,0,0,Flat,0,,0,,0,Bright sun,712701,0,0,0,2,0,0,0,0,1,,0,0,Auckland Region,Nil,2-way,Sealed,0,0,0,0,50,0,Off,0,0,,76,Auckland,Nil,0,0,0,0,0,0,Urban,0,0,0,Fine,None
1756156.4716,5918754.7407,794800,,515500,0,,0,2,,South,2024/2025,NORTH-WESTERN MOTORWAY,WAIMA FTBR,,Non-Injury Crash,Yes,2024,,North,,0,,Flat,,,,,,Overcast,417600,0,0,0,4,,,0,,,,,,Auckland Region,Nil,1-way,Sealed,,0,0,,80,,Null,1,0,,76,Auckland,Nil,,,,,0,0,Open,0,,,Light rain,Null
1766413.0434,5907608.1439,794801,,523601,0,0,0,2,0,South,2025/2026,EAST TAMAKI ROAD,OTARA ROAD,,Non-Injury Crash,No,2025,0,South,0,0,0,Flat,0,,0,,0,Dark,708500,0,0,0,3,0,0,0,0,0,,0,0,Auckland Region,Nil,1-way,Sealed,0,0,0,0,50,0,On,0,0,,76,Auckland,Nil,1,0,0,0,1,0,Urban,0,0,0,Fine,Null
1767945.4378,5913701.8103,794807,,522810,0,,0,0,,Null,2024/2025,GLENMORE ROAD,PAKURANGA ROAD,,Minor Crash,No,2024,,South,,0,,Hill Road,,,,,,Overcast,691103,1,0,0,1,,,0,,,1,,,Auckland Region,Nil,1-way,Sealed,,0,0,,50,,Off,0,0,,76,Auckland,Give way,,,,,0,0,Urban,1,,,Light rain,Null
1766105.5772,5906217.4126,794808,,522202,0,,0,2,,South,2024/2025,GREAT SOUTH ROAD,CENTRAL AVENUE,,Non-Injury Crash,No,2025,,East,,0,,Flat,,,,,,Bright sun,665200,0,0,0,2,,,0,,,,,,Auckland Region,Nil,2-way,Sealed,,0,0,,50,,Off,0,0,,76,Auckland,Nil,,,,,0,0,Urban,0,,,Fine,Null
1757443.0313,5915719.0302,794824,,515801,0,,0,2,,East,2024/2025,GREEN LANE WEST,ST ANDREWS ROAD,,Non-Injury Crash,No,2024,,West,,0,,Null,,,,,,Bright sun,446902,0,0,0,2,,,0,,,,,,Auckland Region,Nil,1-way,Sealed,,0,0,,50,,Null,0,0,,76,Auckland,Nil,,,,,0,0,Urban,0,,,Fine,Null
1770333.8745,5906121.0749,794832,,523712,0,,0,2,,Null,2025/2026,CHARLESTOWN DRIVE,HUGHS WAY,,Minor Crash,No,2025,,North,,0,,Flat,,,,,,Bright sun,713300,1,0,0,2,,,0,,,,,,Auckland Region,Nil,2-way,Sealed,,0,0,,50,,Off,0,0,,76,Auckland,Give way,,,,,0,0,Urban,0,,,Fine,Null
1765949.4292,5906401.9925,794839,45,522202,0,,0,2,,Null,2022/2023,ST GEORGE STREET,Great south road,,Non-Injury Crash,No,2023,,North,,0,,Flat,,,,,,Bright sun,663900,0,0,0,2,,,0,,,,,,Auckland Region,Nil,2-way,Sealed,,0,0,,50,,Off,0,0,,76,Auckland,Traffic Signals,,,,,0,0,Urban,0,,,Fine,None
1755722.3641,5919421.5757,794840,,515420,0,0,0,2,0,Null,2023/2024,MACKELVIE STREET,ROSE ROAD,,Non-Injury Crash,No,2024,0,North,0,0,0,Flat,0,,0,,0,Bright sun,410900,0,0,0,2,0,0,0,0,1,,0,0,Auckland Region,Nil,2-way,Sealed,0,0,0,0,50,0,Off,0,0,,76,Auckland,Stop,1,0,0,0,0,0,Urban,0,0,0,Fine,Null
1771808.1278,5895196.5568,794841,,525530,0,,0,0,,East,2023/2024,BEACH ROAD,CHICHESTER DRIVE,,Non-Injury Crash,No,2024,,West,,0,,Flat,,,,,,Bright sun,804901,0,0,0,2,,,0,,,,,,Auckland Region,Nil,2-way,Sealed,,0,0,,50,,Off,2,0,,76,Auckland,Nil,,,,,0,0,Urban,0,,,Fine,Null
1745321.5742,5907342.0302,794855,,512801,0,0,0,1,0,West,2024/2025,VICTORY ROAD,KAURI POINT ROAD,,Minor Crash,No,2025,0,North,1,0,0,Hill Road,0,,0,,0,Bright sun,302802,1,0,0,2,0,0,0,0,0,,0,0,Auckland Region,Nil,2-way,Sealed,0,0,0,0,50,0,None,0,0,30,76,Auckland,Nil,0,0,0,0,0,0,Urban,0,0,0,Fine,Null
1765100.3667,5913365.3891,794863,,520500,0,,0,2,,West,2023/2024,SOUTH-EASTERN HIGHWAY,WAIPUNA ROAD,,Non-Injury Crash,No,2024,,East,,0,,Flat,,,,,,Bright sun,638908,0,0,0,3,,,0,,,,,,Auckland Region,Nil,1-way,Sealed,,0,0,,80,,Off,0,0,,76,Auckland,Nil,,,,,0,0,Open,1,,,Fine,Null
1763390.1666,5907985.9472,794889,,524301,0,,0,2,,West,2022/2023,CHAPLIN STREET,ROSELLA ROAD,,Non-Injury Crash,No,2023,,East,,0,,Flat,,,,,,Dark,748800,0,0,0,2,,,0,,,,,,Auckland Region,Nil,2-way,Sealed,,0,0,,30,,On,0,0,,76,Auckland,Nil,,,,,0,0,Urban,0,,,Light rain,None
1759695.8916,5914572.7758,794895,,519400,0,,0,0,,North,2024/2025,CAMPBELL ROAD,HOROTUTU ROAD,,Non-Injury Crash,No,2024,,East,,0,,Null,,,,,,Unknown,617900,0,0,0,3,,,0,,,,,,Auckland Region,Nil,2-way,Null,,0,0,,50,,Null,0,0,,76,Auckland,Nil,,,,,0,1,Urban,1,,,Fine,Null
1753816.6513,5918100.4634,794905,,515432,0,,0,2,,Null,2024/2025,DUNCAN MACLEAN LINK,ST LUKES ROAD,,Non-Injury Crash,No,2024,,West,,0,,Null,,,,,,Unknown,405500,0,0,0,2,,,0,,,,,,Auckland Region,Nil,2-way,Sealed,,0,0,,50,,Null,0,0,,76,Auckland,Give way,,,,,0,0,Urban,0,,,Null,Null
1738654.1962,5919401.7115,794911,,513702,0,,1,1,,East,2023/2024,WAITAKERE ROAD,NORTHFIELD ROAD,,Non-Injury Crash,No,2024,,South,,0,,Hill Road,,,,,,Bright sun,237100,0,0,0,2,,,0,,,,,,Auckland Region,Nil,2-way,Sealed,,0,0,,80,,Off,0,0,,76,Auckland,Nil,,,,,0,0,Open,0,,,Fine,Null
1746569.9964,5915671.1354,794920,,511800,0,,0,0,,Null,2024/2025,GREAT NORTH ROAD,FELGROVE STREET,,Minor Crash,No,2024,,South,,0,,Hill Road,,,,,,Overcast,276300,2,1,0,5,,,0,,,,,,Auckland Region,Nil,2-way,Sealed,,0,0,,50,,Off,1,0,,76,Auckland,Traffic Signals,,,,,0,0,Urban,1,,,Fine,Null
1751314.1531,5927186.3898,794935,,510010,1,,0,1,,East,2024/2025,BEACH HAVEN ROAD,LANCASTER ROAD,,Serious Crash,No,2025,,West,,0,,Hill Road,,,,,,Dark,343100,0,0,0,2,,,0,,,,,,Auckland Region,Nil,2-way,Sealed,,0,1,,50,,On,0,0,,76,Auckland,Nil,,,,,0,0,Urban,0,,,Fine,Null
1765367.5435,5904947.4258,794937,,522400,0,0,0,1,0,East,2024/2025,FITZROY STREET,WALLACE ROAD,,Non-Injury Crash,No,2024,0,West,0,0,0,Null,0,,0,,0,Dark,672500,0,0,0,2,0,0,0,0,1,,0,0,Auckland Region,Nil,2-way,Sealed,0,0,0,0,50,0,Null,0,0,,76,Auckland,Nil,0,0,0,0,0,0,Urban,0,0,0,Light rain,Null
1763391.0871,5908421.0412,794945,,521901,0,,0,1,,Null,2024/2025,HOSPITAL ROAD,MASSEY ROAD,,Non-Injury Crash,No,2024,,South,,0,,Hill Road,,,,,,Dark,786300,0,0,0,2,,,0,,,,,,Auckland Region,Bridge,2-way,Sealed,,0,0,,50,,On,1,0,,76,Auckland,Traffic Signals,,,,,0,0,Urban,0,,,Fine,Null
1767563.3795,5905484.7175,794951,95,523722,0,,0,1,,South,2023/2024,SOUTHERN MOTORWAY,TE IRIRANGI DRIVE OFF RAMP,,Non-Injury Crash,Yes,2024,,South,,0,,Flat,,,,,,Bright sun,715701,0,0,0,3,,,0,,,,,,Auckland Region,Nil,1-way,Sealed,,0,0,,100,,Off,0,0,,76,Auckland,Nil,,,,,0,0,Open,0,,,Fine,None
1752907.601,5913389.4798,794960,,518901,0,0,0,2,0,South,2022/2023,BOUNDARY ROAD,DUNDALE AVENUE,,Non-Injury Crash,No,2023,0,South,0,0,0,Flat,0,,0,,0,Bright sun,584501,0,0,0,2,0,0,0,0,1,,0,0,Auckland Region,Nil,2-way,Sealed,0,0,0,0,50,0,Off,0,0,,76,Auckland,Nil,0,0,0,0,0,0,Urban,0,0,0,Fine,None
1765083.8881,5910085.449,794967,,521801,0,,0,1,,North,2024/2025,SOUTHERN MOTORWAY,PRINCES ST-OTAHUHU OFF RAMP,,Non-Injury Crash,Yes,2024,,North,,0,,Flat,,,,,,Overcast,787700,0,0,0,3,,,0,,,,,,Auckland Region,Nil,1-way,Sealed,,0,0,,100,,Off,1,0,,76,Auckland,Nil,,,,,0,0,Open,0,,,Light rain,Null
1767588.9173,5905380.077,794977,,524603,0,,0,2,,Null,2025/2026,SOUTHERN MOTORWAY,TE IRIRANGI DRIVE ON RAMP,,Non-Injury Crash,Yes,2025,,North,,0,,Flat,,,,,,Twilight,780304,0,0,0,4,,,0,,,,,,Auckland Region,Nil,1-way,Sealed,,0,0,,100,,Off,1,0,,76,Auckland,Nil,,,,,0,0,Open,1,,,Fine,Null
1752242.0566,5933842.5095,794991,,508701,0,,0,0,,Null,2024/2025,DON MCKINNON DRIVE,COLISEUM DRIVE,,Non-Injury Crash,No,2024,,South,,0,,Flat,,,,,,Bright sun,178900,0,0,0,2,,,1,,,,,,Auckland Region,Nil,1-way,Sealed,,0,0,,50,,Off,0,0,,76,Auckland,Give way,,,,,0,0,Urban,1,,,Fine,None
1775830.6319,5882544.338,795000,,521160,0,0,0,0,0,North,2024/2025,SOUTHERN MOTORWAY,BOMBAY ON RAMP,,Minor Crash,Yes,2025,0,North,0,0,0,Flat,1,,0,,0,Dark,827603,1,0,0,2,0,0,0,0,0,,0,1,Auckland Region,Nil,1-way,Sealed,0,0,0,0,100,0,On,1,0,,76,Auckland,Nil,0,0,0,0,0,0,Open,0,0,0,Fine,Null
1747217.9882,5945299.9097,795009,,506201,0,0,0,1,0,East,2023/2024,PINE VALLEY ROAD,YOUNG ACCESS,,Non-Injury Crash,No,2023,0,West,1,0,0,Flat,0,,0,,0,Bright sun,176700,0,0,0,2,0,0,0,0,0,,0,0,Auckland Region,Nil,2-way,Sealed,0,0,0,0,80,0,None,0,0,,76,Auckland,Nil,0,0,0,0,0,0,Open,0,0,0,Fine,Null