X,Y,OBJECTID,advisorySpeed,areaUnitID,bicycle,bridge,bus,carStationWagon,cliffBank,crashDirectionDescription,crashFinancialYear,crashLocation1,crashLocation2,crashRoadSideRoad,crashSeverity,crashSHDescription,crashYear,debris,directionRoleDescription,ditch,fatalCount,fence,flatHill,guardRail,holiday,houseOrBuilding,intersection,kerb,light,meshblockId,minorInjuryCount,moped,motorcycle,NumberOfLanes,objectThrownOrDropped,otherObject,otherVehicleType,overBank,parkedVehicle,pedestrian,phoneBoxEtc,postOrPole,region,roadCharacter,roadLane,roadSurface,roadworks,schoolBus,seriousInjuryCount,slipOrFlood,speedLimit,strayAnimal,streetLight,suv,taxi,temporarySpeedLimit,tlaId,tlaName,trafficControl,trafficIsland,trafficSign,train,tree,truck,unknownVehicleType,urban,vanOrUtility,vehicle,waterRiver,weatherA,weatherB
1775727.9621,5881872.8675,795016,,521160,0,,0,1,,West,2024/2025,MILL ROAD,BOMBAY OFF RAMP,,Minor Crash,No,2025,,West,,0,,Flat,,,,,,Overcast,827603,1,0,0,2,,,0,,,,,,Auckland Region,Nil,2-way,Sealed,,0,0,,60,,Off,0,0,,76,Auckland,Nil,,,,,0,0,Urban,1,,,Fine,Null
1757742.4968,5919075.4264,795032,,514302,0,,0,1,,West,2024/2025,PARK ROAD,AUCKLAND HOSP ENT,,Non-Injury Crash,No,2024,,East,,0,,Null,,,,,,Overcast,442400,0,0,0,2,,,0,,,,,,Auckland Region,Nil,2-way,Null,,0,0,,50,,Null,0,0,,76,Auckland,Traffic Signals,,,,,0,1,Urban,0,,,Null,Null
1758926.6597,5916279.936,795033,,519200,0,0,0,1,0,West,2024/2025,CORNWALL PARK AVENUE,WAPITI AVENUE,,Non-Injury Crash,No,2024,0,West,0,0,0,Null,0,,0,,0,Dark,614900,0,0,0,2,0,0,0,0,1,,0,0,Auckland Region,Nil,2-way,Sealed,0,0,0,0,50,0,On,0,0,,76,Auckland,Nil,0,0,0,0,0,0,Urban,0,0,0,Light rain,Null
1771205.252,5887592.7625,795040,,521122,0,,0,1,,North,2024/2025,BURTT ROAD,SOLITAIRE LANE,,Non-Injury Crash,No,2024,,North,,0,,Null,,,,,,Bright sun,813300,0,0,0,2,,,0,,,,,,Auckland Region,Nil,2-way,Sealed,,0,0,,80,,Null,0,0,,76,Auckland,Nil,,,,,0,1,Open,0,,,Fine,Null
1757532.3576,5912959.8174,795049,,519810,0,,0,2,,Null,2024/2025,QUEENSTOWN ROAD,HERD ROAD,,Non-Injury Crash,No,2024,,South,,0,,Flat,,,,,,Overcast,596700,0,0,0,4,,,0,,,,,,Auckland Region,Nil,2-way,Sealed,,0,0,,50,,Off,0,0,,76,Auckland,Traffic Signals,,,,,0,0,Urban,0,,,Light rain,Strong wind
1766800.1397,5903622.6901,795055,,524602,0,,0,1,,West,2023/2024,WIRI STATION ROAD,DRUCES ROAD,,Non-Injury Crash,No,2023,,West,,0,,Flat,,,,,,Bright sun,780404,0,0,0,4,,,0,,,,,,Auckland Region,Nil,2-way,Sealed,,0,0,,50,,Off,0,0,,76,Auckland,Nil,,,,,0,0,Urban,1,,,Fine,Null
1749275.288,5913912.3019,795063,,511302,0,0,0,1,0,West,2023/2024,GREAT NORTH ROAD,PINE STREET,,Non-Injury Crash,No,2024,0,East,0,0,1,Flat,0,,0,,0,Bright sun,268900,0,0,0,4,0,0,0,0,0,,0,0,Auckland Region,Nil,2-way,Sealed,0,0,0,0,50,0,Off,0,0,,76,Auckland,Nil,0,0,0,0,0,0,Urban,0,0,0,Fine,Null
1754311.432,5913453.9296,795079,,518803,0,,0,3,,North,2023/2024,MAY ROAD,GLYNN STREET,,Non-Injury Crash,No,2024,,South,,0,,Flat,,,,,,Bright sun,581800,0,0,0,2,,,0,,,,,,Auckland Region,Nil,2-way,Sealed,,0,0,,50,,Off,0,0,,76,Auckland,Nil,,,,,0,0,Urban,0,,,Fine,Null
1762267.8208,5907059.3358,795080,,524520,0,,0,1,,Null,2023/2024,MASSEY ROAD,BUCKLAND ROAD,,Non-Injury Crash,No,2023,,North,,0,,Null,,,,,,Unknown,735200,0,0,0,3,,,0,,,,,,Auckland Region,Nil,2-way,Sealed,,0,0,,50,,Null,0,0,,76,Auckland,Traffic Signals,,,,,0,1,Urban,0,,,Null,Null
1764526.3429,5912073.6815,795119,,520500,0,,0,2,,South,2022/2023,SOUTHERN MOTORWAY,MOUNT WELLINGTON HWY OFF RAMP,,Non-Injury Crash,Yes,2023,,North,,0,,Flat,,,,,,Dark,639500,0,0,0,3,,,0,,,,,,Auckland Region,Nil,1-way,Sealed,,0,0,,100,,On,0,0,,76,Auckland,Nil,,,,,0,0,Open,0,,,Fine,Null
1772020.0222,5898000.6329,795160,,523912,0,,0,0,,West,2025/2026,WALTERS ROAD,PORCHESTER ROAD,,Non-Injury Crash,No,2025,,West,,0,,Null,,,,,,Twilight,766301,0,0,0,2,,,1,,,,,,Auckland Region,Nil,2-way,Sealed,,0,0,,50,,Null,0,0,,76,Auckland,Nil,,,,,0,0,Urban,1,,,Fine,Null
1767253.6399,5913419.6266,795169,,522910,0,,0,2,,West,2023/2024,PAKURANGA ROAD,LEWIS ROAD,,Non-Injury Crash,No,2023,,West,,0,,Flat,,,,,,Bright sun,685000,0,0,0,4,,,0,,,,,,Auckland Region,Nil,2-way,Sealed,,0,0,,50,,Off,0,0,,76,Auckland,Nil,,,,,0,0,Urban,0,,,Fine,Null
1770719.2484,5898565.0756,795184,,523920,0,,0,2,,South,2025/2026,GREAT SOUTH ROAD,TAKA STREET,,Non-Injury Crash,No,2025,,South,,0,,Null,,,,,,Bright sun,768001,0,0,0,4,,,0,,,,,,Auckland Region,Nil,2-way,Sealed,,0,0,,50,,Off,0,0,,76,Auckland,Nil,,,,,0,0,Urban,0,,,Fine,Null
1755459.2443,5927334.1765,795192,,508620,0,0,0,1,0,South,2024/2025,SUNNYBRAE ROAD,BENDERS AVENUE,,Non-Injury Crash,No,2025,0,South,0,0,0,Null,0,,0,,0,Unknown,204000,0,0,0,2,0,0,0,0,0,,0,0,Auckland Region,Nil,2-way,Sealed,0,0,0,0,50,0,Null,0,0,,76,Auckland,Nil,0,0,0,0,0,1,Urban,0,1,0,Fine,Null
1756673.2919,5917009.6552,795199,,518201,0,0,0,2,0,Null,2022/2023,TARATA STREET,VALLEY ROAD,,Non-Injury Crash,No,2023,0,West,0,0,0,Flat,0,,0,,0,Bright sun,547700,0,0,0,2,0,0,0,0,0,,0,0,Auckland Region,Nil,2-way,Sealed,0,0,0,0,50,0,None,0,0,,76,Auckland,Give way,0,0,0,0,0,0,Urban,0,1,0,Fine,Strong wind
1757948.9152,5919862.893,795215,,514301,0,0,0,1,0,Null,2022/2023,SH 16,GRAFTON ROAD ON RAMP,,Non-Injury Crash,Yes,2023,0,East,0,0,0,Hill Road,1,,0,,0,Dark,440300,0,0,0,3,0,0,0,0,0,,0,0,Auckland Region,Nil,1-way,Sealed,0,0,0,0,80,0,On,0,0,,76,Auckland,Nil,0,0,0,0,0,0,Open,0,0,0,Fine,Null
1753686.6964,5931270.4013,795217,,508807,0,,0,2,,Null,2024/2025,PAUL MATTHEWS ROAD,UPPER HARBOUR HIGHWAY,,Minor Crash,No,2024,,South,,0,,Flat,,,,,,Dark,180810,1,0,0,2,,,0,,,,,,Auckland Region,Nil,1-way,Sealed,,0,0,,80,,On,0,0,,76,Auckland,Traffic Signals,,,,,0,0,Open,0,,,Fine,Null
1772816.9314,5896043.9443,795223,,525410,0,,0,0,,Null,2023/2024,GREAT SOUTH ROAD,OPAHEKE ROAD,,Minor Crash,No,2023,,South,,0,,Flat,,,,,,Dark,792202,1,0,1,3,,,0,,,,,,Auckland Region,Nil,2-way,Sealed,,0,0,,50,,On,0,0,,76,Auckland,Stop,,,,,0,0,Urban,1,,,Fine,Null
1745603.2201,5920842.6528,795224,,513301,0,0,0,2,0,East,2024/2025,THE CONCOURSE,SELWOOD ROAD,,Non-Injury Crash,No,2025,0,East,0,0,0,Flat,0,,0,,0,Bright sun,230200,0,0,0,2,0,0,0,0,1,,0,0,Auckland Region,Nil,2-way,Sealed,0,0,0,0,50,0,Off,0,0,,76,Auckland,Nil,0,0,0,0,0,0,Urban,0,0,0,Fine,Null
1756597.7965,5919434.3744,795232,,514200,0,,0,1,,Null,2025/2026,KARANGAHAPE ROAD,DAY STREET,,Serious Crash,No,2025,,East,,0,,Flat,,,,,,Bright sun,412000,0,0,0,4,,,0,,,1,,,Auckland Region,Nil,2-way,Sealed,,0,1,,30,,Off,0,0,,76,Auckland,Traffic Signals,,,,,0,0,Urban,0,,,Fine,Null
1772922.4238,5891392.7827,795233,,521301,0,,0,1,,South,2024/2025,SOUTHERN MOTORWAY,KARAKA OBR,,Non-Injury Crash,Yes,2024,,North,,0,,Flat,,,,,,Overcast,809200,0,0,0,2,,,0,,,,,,Auckland Region,Overpass,1-way,Sealed,,0,0,,100,,Off,0,0,,76,Auckland,Nil,,,,,1,0,Open,0,,,Heavy rain,Null
1779585.5141,5927183.0248,795240,,520801,0,,0,1,,Null,2024/2025,OCEAN VIEW ROAD,PURIRI ROAD,,Non-Injury Crash,No,2025,,West,,0,,Hill Road,,,,,,Dark,516100,0,0,0,2,,,0,,,,,,Auckland Region,Nil,2-way,Sealed,,0,0,,50,,On,0,0,,76,Auckland,Stop,,,,,0,0,Urban,1,,,Light rain,Null
1754125.7802,5931416.6956,795241,,508805,0,,0,1,,Null,2023/2024,UPPER HARBOUR HWY OFF RAMP,CONSTELLATION DRIVE,,Non-Injury Crash,Yes,2023,,South,,0,,Flat,,,,,,Bright sun,180813,0,0,0,2,,,0,,,,,,Auckland Region,Motorway ramp,2-way,Sealed,,0,0,,50,,On,0,0,,76,Auckland,Nil,,,,,1,0,Urban,0,,,Fine,Null
1749175.2365,5942943.7592,795249,,506003,0,0,0,1,0,South,2024/2025,EAST COAST ROAD,SPUR ROAD,,Minor Crash,No,2025,0,South,1,0,1,Flat,0,,0,,0,Dark,175814,1,0,0,2,0,0,0,0,0,,0,0,Auckland Region,Nil,2-way,Sealed,0,0,0,0,80,0,None,0,0,,76,Auckland,Nil,0,0,0,1,0,0,Open,0,0,0,Fine,Null
1771138.1567,5914087.5021,795257,,521602,0,,0,1,,Null,2024/2025,UNION ROAD,PEGLER DRIVE,,Non-Injury Crash,No,2024,,West,,0,,Flat,,,,,,Unknown,648300,0,0,0,2,,,0,,,,,,Auckland Region,Nil,2-way,Sealed,,0,0,,50,,Null,0,0,,76,Auckland,Stop,,,,,0,0,Urban,1,,,Fine,None
1757818.8561,5918160.9182,795263,,515700,0,,0,2,,North,2022/2023,SOUTHERN MOTORWAY,MAUNGAWHAU OBR,,Non-Injury Crash,Yes,2023,,North,,0,,Flat,,,,,,Bright sun,443600,0,0,0,4,,,0,,,,,,Auckland Region,Nil,1-way,Sealed,,0,0,,80,,Off,0,0,,76,Auckland,Nil,,,,,0,0,Open,0,,,Fine,Null
1764358.1659,5909342.1898,795264,,521901,0,,0,1,,Null,2024/2025,GREAT SOUTH ROAD,FAIRBURN ROAD,,Non-Injury Crash,No,2025,,South,,0,,Flat,,,,,,Dark,784900,0,0,0,4,,,0,,,,,,Auckland Region,Nil,2-way,Sealed,,0,0,,50,,On,0,0,,76,Auckland,Stop,,,,,0,0,Urban,1,,,Fine,Null
1767349.8333,5904152.6567,795272,,524602,0,,0,1,,East,2025/2026,MANUKAU STATION ROAD,BARROWCLIFFE PLACE,,Non-Injury Crash,No,2025,,West,,0,,Flat,,,,,,Bright sun,780416,0,0,0,3,,,0,,,,,,Auckland Region,Nil,1-way,Sealed,,0,0,,50,,Null,0,0,,76,Auckland,Nil,,,,,0,0,Urban,1,,,Fine,Null
1772736.9743,5895447.7676,795295,,525540,0,,0,2,,Null,2022/2023,GREAT SOUTH ROAD,SETTLEMENT ROAD,,Non-Injury Crash,No,2023,,South,,0,,Flat,,,,,,Bright sun,806103,0,0,0,3,,,0,,,,,,Auckland Region,Nil,2-way,Sealed,,0,0,,50,,Off,0,0,,76,Auckland,Give way,,,,,0,0,Urban,1,,,Fine,Frost
1771325.6935,5906375.6104,795296,,523713,0,0,0,1,0,West,2023/2024,HORSEFIELDS DRIVE,TIMMER ROAD,,Non-Injury Crash,No,2024,0,West,0,0,0,Flat,0,,0,,0,Dark,712701,0,0,0,2,0,0,0,0,1,,0,0,Auckland Region,Nil,2-way,Sealed,0,0,0,0,50,0,Off,1,0,,76,Auckland,Nil,0,0,0,0,0,0,Urban,0,0,0,Heavy rain,Null
1763621.7197,5920446.5743,795297,,516500,0,0,0,0,0,East,2024/2025,TAMAKI DRIVE,SELWYN AVENUE,,Minor Crash,No,2025,0,East,0,0,1,Flat,0,,0,,0,Dark,501301,1,0,0,2,0,0,0,0,0,,0,0,Auckland Region,Nil,2-way,Sealed,0,0,0,0,50,0,On,0,0,,76,Auckland,Nil,0,0,0,0,0,0,Urban,1,0,0,Fine,Null
1765456.488,5907121.0473,795303,,522201,0,,0,2,,Null,2022/2023,GREAT SOUTH ROAD,SHIRLEY ROAD,,Minor Crash,No,2023,,North,,0,,Flat,,,,,,Dark,662300,3,0,0,4,,,0,,,,,,Auckland Region,Nil,2-way,Sealed,,0,0,,50,,On,1,0,,76,Auckland,Traffic Signals,,,,,0,0,Urban,0,,,Fine,Null
1781369.792,5894153.4084,795312,,521132,0,0,0,1,1,East,2024/2025,HUNUA ROAD,PONGA ROAD,,Non-Injury Crash,No,2024,0,West,0,0,0,Hill Road,0,,0,,0,Bright sun,816305,0,0,0,2,0,0,0,0,0,,0,0,Auckland Region,Nil,2-way,Sealed,0,0,0,0,80,0,None,0,0,,76,Auckland,Nil,0,0,0,2,0,0,Open,0,0,0,Mist or Fog,Null
1770913.7791,5895077.3702,795320,,521201,0,,0,2,,Null,2023/2024,HINGAIA ROAD,PARAREKAU ROAD,,Non-Injury Crash,No,2024,,North,,0,,Flat,,,,,,Bright sun,806700,0,0,0,4,,,0,,,,,,Auckland Region,Nil,2-way,Sealed,,0,0,,50,,Off,0,0,,76,Auckland,Stop,,,,,0,0,Urban,0,,,Fine,Null
1756013.1971,5920617.9224,795328,,515202,0,0,0,1,0,Null,2024/2025,GUDGEON STREET,HARGREAVES STREET,,Non-Injury Crash,No,2024,0,North,0,0,0,Hill Road,0,,0,,0,Overcast,426102,0,0,0,2,0,0,0,0,0,,0,0,Auckland Region,Nil,2-way,Sealed,0,0,0,0,50,0,Off,0,0,,76,Auckland,Give way,0,1,0,0,0,0,Urban,0,0,0,Light rain,Null
1765652.0126,5901387.7571,795329,45,524821,0,,0,2,,Null,2023/2024,ROSCOMMON ROAD,BROWNS ROAD,,Non-Injury Crash,No,2024,,North,,0,,Flat,,,,,,Overcast,774446,0,0,0,2,,,0,,,,,,Auckland Region,Nil,2-way,Sealed,,0,0,,50,,Off,0,0,,76,Auckland,Traffic Signals,,,,,0,0,Urban,0,,,Light rain,Strong wind
1756604.9094,5920782.6786,795337,,514101,0,,0,1,,Null,2023/2024,HALSEY STREET,FANSHAWE STREET,,Non-Injury Crash,No,2023,,South,,0,,Flat,,,,,,Dark,432400,0,0,0,5,,,0,,,,,,Auckland Region,Nil,2-way,Sealed,,0,0,,30,,On,1,0,,76,Auckland,Traffic Signals,,,,,0,0,Urban,0,,,Light rain,Null
1766102.1729,5907585.8243,795361,,522301,0,,0,2,,South,2023/2024,EAST TAMAKI ROAD ON RAMP,SOUTHERN MOTORWAY,,Non-Injury Crash,No,2023,,North,,0,,Flat,,,,,,Unknown,666700,0,0,0,1,,,0,,,,,,Auckland Region,Nil,1-way,Sealed,,0,0,,50,,Null,0,0,,76,Auckland,Traffic Signals,,,,,0,0,Urban,0,,,Null,Null
1755554.5573,5932571.7983,795368,,508805,1,,0,1,,Null,2024/2025,EAST COAST ROAD,HASTINGS ROAD,,Minor Crash,No,2024,,North,,0,,Hill Road,,,,,,Bright sun,153200,1,0,0,4,,,0,,,,,,Auckland Region,Nil,2-way,Sealed,,0,0,,50,,Off,0,0,,76,Auckland,Nil,,,,,0,0,Urban,0,,,Fine,Null
1757113.8244,5912551.7725,795375,,518702,0,,0,2,,North,2022/2023,SOUTH-WESTERN MOTORWAY,HILLSBOROUGH ROAD OFF RAMP,,Non-Injury Crash,Yes,2023,,North,,0,,Hill Road,,,,,,Overcast,570702,0,0,0,3,,,0,,,,,,Auckland Region,Nil,1-way,Sealed,,0,0,,100,,Off,0,0,,76,Auckland,Nil,,,,,0,0,Open,0,,,Fine,Null
1770659.8716,5900610.1049,795377,,523817,0,0,0,1,0,West,2024/2025,HYPERION DRIVE,NEARCO STREET,,Fatal Crash,No,2024,0,East,0,1,0,Hill Road,0,,0,,0,Overcast,759702,1,0,0,2,0,0,0,0,0,,0,0,Auckland Region,Nil,2-way,Sealed,0,0,0,0,50,0,Off,0,0,,76,Auckland,Nil,0,0,0,1,0,1,Urban,0,0,0,Light rain,Null
1770607.7093,5889755.3051,795393,,521203,0,0,0,0,1,East,2024/2025,KARAKA ROAD,WOODLYN DRIVE,,Minor Crash,Yes,2024,0,South,0,0,0,Hill Road,0,Labour Weekend,0,,0,Dark,807400,1,0,0,2,0,0,0,0,0,,0,0,Auckland Region,Nil,2-way,Sealed,0,0,0,0,80,0,None,0,0,,76,Auckland,Nil,0,0,0,0,0,0,Open,1,0,0,Fine,Null
1767400.5485,5902990.1907,795407,,524602,0,,0,1,,East,2023/2024,KERRS ROAD,DRUCES ROAD,,Minor Crash,No,2023,,West,,0,,Flat,,,,,,Dark,780407,1,0,0,2,,,0,,,1,,,Auckland Region,Nil,2-way,Sealed,,0,0,,50,,On,0,1,,76,Auckland,Nil,,,,,0,0,Urban,0,,,Fine,Null
1762913.8905,5906322.0006,795409,,524302,0,0,0,1,0,Null,2023/2024,RAGLAN STREET,HOKIANGA STREET,,Non-Injury Crash,No,2024,0,West,0,0,0,Flat,0,,0,,0,Overcast,744600,0,0,0,2,0,0,0,0,0,,0,1,Auckland Region,Nil,2-way,Sealed,0,0,0,0,30,0,Off,0,0,,76,Auckland,Give way,0,0,0,0,0,0,Urban,1,0,0,Fine,Null
1765673.4957,5901337.6107,795432,,524821,0,,0,2,,South,2024/2025,ROSCOMMON ROAD,BROWNS ROAD,,Non-Injury Crash,No,2025,,North,,0,,Hill Road,,,,,,Bright sun,774446,0,0,0,2,,,0,,,,,,Auckland Region,Nil,1-way,Sealed,,0,0,,50,,Off,0,0,,76,Auckland,Nil,,,,,0,0,Urban,0,,,Fine,Null
1745445.9862,5920349.3995,795433,,513301,0,,0,1,,East,2024/2025,CENTRAL PARK DRIVE,LINCOLN ROAD,,Non-Injury Crash,No,2024,,West,,0,,Null,,,,,,Unknown,230301,0,0,0,2,,,0,,,,,,Auckland Region,Nil,2-way,Null,,0,0,,50,,Null,0,0,,76,Auckland,Nil,,,,,1,0,Urban,0,,,Null,Null
1765459.5208,5907119.2578,795456,,522201,0,,0,1,,Null,2025/2026,GREAT SOUTH ROAD,SHIRLEY ROAD,,Non-Injury Crash,No,2025,,North,,0,,Flat,,,,,,Bright sun,662300,0,0,0,4,,,0,,,,,,Auckland Region,Nil,2-way,Sealed,,0,0,,50,,Null,0,0,,76,Auckland,Traffic Signals,,,,,1,0,Urban,0,,,Fine,Null
1757031.8147,5919985.7217,795463,,514102,0,,1,1,,North,2022/2023,MAYORAL DRIVE,GREYS AVENUE,,Non-Injury Crash,No,2023,,North,,0,,Flat,,,,,,Bright sun,435000,0,0,0,4,,,0,,,,,,Auckland Region,Nil,2-way,Sealed,,0,0,,30,,Off,0,0,,76,Auckland,Nil,,,,,0,0,Urban,0,,,Fine,Null
1769634.599,5899630.8429,795479,,523920,0,,0,2,,Null,2023/2024,GREAT SOUTH ROAD,OLD TAUPO ROAD,,Minor Crash,No,2023,,South,,0,,Flat,,Christmas New Year,,,,Bright sun,767922,1,0,0,5,,,0,,,,,,Auckland Region,Nil,2-way,Sealed,,0,0,,50,,Off,0,0,,76,Auckland,Traffic Signals,,,,,0,0,Urban,0,,,Fine,Null
1766373.2902,5901695.2264,795480,,524604,0,,0,1,,East,2024/2025,BROWNS ROAD,ROWANDALE AVENUE,,Non-Injury Crash,No,2025,,West,,0,,Null,,,,,,Overcast,781400,0,0,0,2,,,0,,,,,,Auckland Region,Nil,2-way,Sealed,,0,0,,50,,Null,0,0,,76,Auckland,Nil,,,,,1,0,Urban,0,,,Light rain,Null
1756322.1357,5913734.8283,795488,,518500,0,0,0,2,0,Null,2024/2025,MOUNT ALBERT ROAD,HAYR ROAD,,Non-Injury Crash,No,2025,0,East,0,0,0,Flat,0,,0,,0,Overcast,563800,0,0,0,2,0,0,0,0,1,,0,0,Auckland Region,Nil,2-way,Sealed,0,0,0,0,50,0,Off,0,0,,76,Auckland,Give way,0,0,0,0,0,0,Urban,0,0,0,Light rain,Null
1769555.8313,5894844.3039,795497,,521201,0,0,0,1,0,South,2024/2025,HAYFIELD WAY,OAKLAND ROAD,,Non-Injury Crash,No,2024,0,South,0,0,0,Flat,0,,0,,0,Dark,806601,0,0,0,2,0,0,0,0,0,,0,0,Auckland Region,Nil,2-way,Sealed,0,0,0,0,30,0,None,0,0,,76,Auckland,Nil,0,0,0,1,0,0,Urban,0,0,0,Fine,Null
1744102.5012,5919502.5008,795512,,513302,0,0,0,0,0,Null,2025/2026,HARRINGTON ROAD,ZODIAC STREET,,Non-Injury Crash,No,2025,0,West,0,0,1,Flat,0,,0,,0,Dark,234101,0,0,0,2,0,0,0,0,0,,1,0,Auckland Region,Nil,2-way,Sealed,0,0,0,0,50,0,On,0,0,,76,Auckland,Nil,0,0,0,1,0,0,Urban,1,0,0,Mist or Fog,Null
1765067.0582,5910202.8402,795513,,521801,0,,0,2,,South,2023/2024,SOUTHERN MOTORWAY,PRINCES OBR,,Non-Injury Crash,Yes,2023,,North,,0,,Flat,,,,,,Overcast,787700,0,0,0,3,,,0,,,,,,Auckland Region,Nil,1-way,Sealed,,0,0,,100,,Off,0,0,,76,Auckland,Nil,,,,,0,0,Open,0,,,Light rain,Null
1751069.7058,5947170.6209,795529,,505807,0,0,0,1,0,Null,2024/2025,TAIKURA AVENUE,SURF VIEW CRESCENT,,Minor Crash,No,2024,0,West,0,0,0,Hill Road,0,,0,,0,Bright sun,172803,1,0,0,2,0,0,0,0,2,,0,0,Auckland Region,Nil,2-way,Sealed,0,0,0,0,50,0,Off,0,0,,76,Auckland,Give way,0,0,0,0,1,0,Urban,1,0,0,Fine,Null
1746695.8783,5917084.3211,795535,,510700,0,0,0,2,0,North,2023/2024,TE ATATU ROAD,TAITUA DRIVE,,Serious Crash,No,2024,0,South,0,0,0,Flat,0,,0,,0,Dark,241100,0,0,0,2,0,0,0,0,1,,0,0,Auckland Region,Nil,2-way,Sealed,0,0,1,0,50,0,On,0,0,,76,Auckland,Nil,0,0,0,0,0,0,Urban,0,0,0,Fine,Null
1745443.6756,5944838.3123,795545,,506614,0,,0,0,,East,2023/2024,PINE VALLEY ROAD,POYNTER LANE,,Non-Injury Crash,No,2024,,West,,0,,Flat,,,,,,Overcast,177803,0,0,0,2,,,0,,,,,,Auckland Region,Nil,2-way,Sealed,,0,0,,80,,Off,0,0,,76,Auckland,Nil,,,,,0,0,Open,2,,,Fine,Null
1747224.5916,5937413.8036,795553,35,506614,0,0,0,1,0,West,2023/2024,SUNNYSIDE ROAD,GREEN ROAD,,Non-Injury Crash,No,2024,0,West,1,0,0,Hill Road,0,,0,,0,Bright sun,178101,0,0,0,2,0,0,0,0,0,,0,0,Auckland Region,Nil,2-way,Sealed,0,0,0,0,60,0,Off,0,0,,76,Auckland,Nil,0,0,0,0,0,0,Urban,0,0,0,Fine,Null
1771342.308,5900042.0126,795568,,523911,0,0,0,1,0,Null,2025/2026,PORCHESTER ROAD,POPES ROAD,,Minor Crash,No,2025,0,South,0,0,1,Flat,0,,0,,0,Overcast,767100,1,0,0,2,0,0,0,0,0,,0,0,Auckland Region,Nil,2-way,Sealed,0,0,0,0,50,0,Off,0,0,,76,Auckland,Stop,0,0,0,0,0,0,Urban,1,0,0,Light rain,Null
1763509.5009,5908651.1058,795615,,521901,0,,0,2,,Null,2023/2024,MANGERE ROAD,MIDDLEMORE ROAD,,Non-Injury Crash,No,2024,,North,,0,,Hill Road,,,,,,Overcast,783700,0,0,0,2,,,0,,,,,,Auckland Region,Nil,1-way,Sealed,,0,0,,50,,Off,0,0,,76,Auckland,Traffic Signals,,,,,0,0,Urban,0,,,Fine,None
1761015.7806,5914399.4438,795616,,519500,0,,0,2,,North,2024/2025,GREAT SOUTH ROAD,GREAT SOUTH ROAD,,Non-Injury Crash,No,2024,,North,,0,,Flat,,,,,,Overcast,620500,0,0,0,5,,,0,,,,,,Auckland Region,Nil,2-way,Sealed,,0,0,,50,,On,0,0,,76,Auckland,Nil,,,,,0,0,Urban,0,,,Light rain,Null
1769905.2374,5898874.366,795624,,523920,0,,0,0,,North,2024/2025,SOUTHERN MOTORWAY,MANUREWA-TAKANINI OFF RAMP,,Non-Injury Crash,Yes,2024,,North,,0,,Null,,,,,,Unknown,767911,0,0,1,3,,,0,,,,,,Auckland Region,Nil,1-way,Sealed,,0,0,,100,,Null,1,0,,76,Auckland,Nil,,,,,0,0,Open,0,,,Fine,Null
1763352.1853,5909303.6827,795647,,521901,0,,0,2,,Null,2023/2024,WALMSLEY ROAD,MARJORIE JAYNE CRESCENT,,Non-Injury Crash,No,2024,,South,,0,,Flat,,,,,,Dark,783000,0,0,0,4,,,0,,,,,,Auckland Region,Nil,2-way,Sealed,,0,0,,50,,On,0,0,,76,Auckland,Nil,,,,,0,0,Urban,0,,,Fine,None
1764240.3576,5909843.5095,795654,,521901,0,,0,2,,South,2023/2024,ATKINSON AVENUE,AVENUE ROAD,,Minor Crash,No,2023,,North,,0,,Flat,,,,,,Bright sun,784000,1,0,0,4,,,0,,,,,,Auckland Region,Nil,2-way,Sealed,,0,0,,50,,Off,0,0,,76,Auckland,Nil,,,,,0,0,Urban,0,,,Fine,Null
1763114.4899,5920462.8909,795664,,516500,0,,0,3,,Null,2024/2025,TAMAKI DRIVE,ATKIN AVENUE,,Non-Injury Crash,No,2024,,West,,0,,Flat,,,,,,Bright sun,500600,0,0,0,2,,,0,,,,,,Auckland Region,Nil,2-way,Sealed,,0,0,,50,,Off,0,0,,76,Auckland,Give way,,,,,0,0,Urban,0,,,Fine,Null
1757291.0197,5920399.2099,795670,,514102,0,0,0,2,0,North,2023/2024,ELLIOTT STREET,DARBY STREET,,Non-Injury Crash,No,2023,0,North,0,0,0,Flat,0,,0,,0,Dark,434000,0,0,0,1,0,0,0,0,1,,0,1,Auckland Region,Nil,1-way,Sealed,0,0,0,0,10,0,On,0,0,,76,Auckland,Nil,0,0,0,0,0,0,Urban,0,0,0,Light rain,Null
1743308.0928,5944162.5594,795678,,506614,0,0,0,1,0,East,2023/2024,KAHIKATEA FLAT ROAD,FROST ROAD,,Non-Injury Crash,No,2023,0,West,0,0,0,Flat,0,,0,,0,Overcast,177500,0,0,0,2,0,0,0,0,0,,0,0,Auckland Region,Nil,2-way,Sealed,0,0,0,0,80,0,None,0,0,,76,Auckland,Nil,0,0,0,0,0,0,Open,0,0,0,Fine,Null
1767601.0484,5902193.085,795686,,524602,0,,0,2,,Null,2023/2024,BROWNS ROAD,STURDEE ROAD,,Non-Injury Crash,No,2023,,North,,0,,Flat,,,,,,Dark,780600,0,0,0,2,,,0,,,,,,Auckland Region,Nil,2-way,Sealed,,0,0,,50,,On,0,0,30,76,Auckland,Give way,,,,,0,0,Urban,0,,,Light rain,Null