X,Y,OBJECTID,advisorySpeed,areaUnitID,bicycle,bridge,bus,carStationWagon,cliffBank,crashDirectionDescription,crashFinancialYear,crashLocation1,crashLocation2,crashRoadSideRoad,crashSeverity,crashSHDescription,crashYear,debris,directionRoleDescription,ditch,fatalCount,fence,flatHill,guardRail,holiday,houseOrBuilding,intersection,kerb,light,meshblockId,minorInjuryCount,moped,motorcycle,NumberOfLanes,objectThrownOrDropped,otherObject,otherVehicleType,overBank,parkedVehicle,pedestrian,phoneBoxEtc,postOrPole,region,roadCharacter,roadLane,roadSurface,roadworks,schoolBus,seriousInjuryCount,slipOrFlood,speedLimit,strayAnimal,streetLight,suv,taxi,temporarySpeedLimit,tlaId,tlaName,trafficControl,trafficIsland,trafficSign,train,tree,truck,unknownVehicleType,urban,vanOrUtility,vehicle,waterRiver,weatherA,weatherB
1769543.3937,5889635.3122,795687,,521122,0,,0,1,,West,2024/2025,KARAKA ROAD,BYCROFT ROAD,,Serious Crash,Yes,2025,,West,,0,,Flat,,,,,,Overcast,812600,0,0,0,2,,,0,,,,,,Auckland Region,Nil,2-way,Sealed,,0,1,,80,,Off,0,0,,76,Auckland,Nil,,,,,1,0,Open,0,,,Fine,Null
1755366.6723,5921950.376,795694,,515202,0,,0,1,,South,2023/2024,NORTHERN MOTORWAY,HARBOUR BR S,,Non-Injury Crash,Yes,2023,,North,,0,,Flat,,,,,,Overcast,423600,0,0,0,5,,,0,,,,,,Auckland Region,Bridge,1-way,Sealed,,0,0,,80,,Off,0,0,,76,Auckland,Nil,,,,,0,0,Open,1,,,Light rain,Null
1763371.4515,5908428.2673,795695,,524402,0,,0,1,,Null,2024/2025,MASSEY ROAD,HOSPITAL ROAD,,Non-Injury Crash,No,2024,,North,,0,,Null,,,,,,Unknown,749900,0,0,0,4,,,0,,,,,,Auckland Region,Nil,2-way,Sealed,,0,0,,50,,Null,0,0,,76,Auckland,Traffic Signals,,,,,0,0,Urban,0,,,Fine,Null
1738385.5654,5969687.0189,795703,,506613,0,0,0,1,1,East,2024/2025,KAIPARA FLATS ROAD,KAIPARA HILLS ROAD,,Minor Crash,No,2025,0,East,0,0,0,Hill Road,0,Easter,0,,0,Dark,145400,2,0,0,2,0,0,0,0,0,,0,0,Auckland Region,Nil,2-way,Sealed,0,0,0,0,50,0,On,0,0,,76,Auckland,Nil,0,0,0,0,0,0,Urban,0,0,0,Mist or Fog,Null
1759885.6935,5916115.1695,795704,,516002,0,,0,2,,Null,2023/2024,SOUTHERN MOTORWAY,GREEN LANE EAST OFF RAMP,,Non-Injury Crash,Yes,2023,,East,,0,,Flat,,,,,,Overcast,492100,0,0,0,4,,,0,,,,,,Auckland Region,Nil,1-way,Sealed,,0,0,,100,,Off,0,0,,76,Auckland,Nil,,,,,0,0,Open,0,,,Fine,None
1760958.4427,5919954.1054,795718,,516400,0,0,0,1,0,Null,2023/2024,TAMAKI DRIVE,NGAPIPI ROAD,,Minor Crash,No,2023,0,East,0,0,0,Flat,0,,0,,0,Dark,496500,1,0,0,2,0,0,0,0,0,,0,0,Auckland Region,Bridge,2-way,Sealed,0,0,0,0,50,0,On,0,0,,76,Auckland,Traffic Signals,0,1,0,0,0,0,Urban,0,0,0,Fine,Null
1753658.8532,5932141.4513,795720,,508805,0,,0,3,,South,2024/2025,NORTHERN MOTORWAY,ROSEDALE OBR,,Minor Crash,Yes,2025,,South,,0,,Hill Road,,,,,,Bright sun,180866,1,0,0,4,,,0,,,,,,Auckland Region,Nil,1-way,Sealed,,0,0,,100,,Off,0,0,,76,Auckland,Nil,,,,,0,0,Open,0,,,Fine,Null
1752363.0991,5936464.6192,795726,,506300,0,0,0,0,0,North,2022/2023,NORTHERN MOTORWAY,LONELY TRACK OBR,,Non-Injury Crash,Yes,2023,0,South,0,0,0,Hill Road,0,,0,,0,Bright sun,176106,0,0,0,3,0,0,0,0,0,,0,0,Auckland Region,Nil,1-way,Sealed,0,0,0,0,100,0,None,1,0,,76,Auckland,Nil,0,0,0,0,1,0,Open,0,1,0,Fine,Null
1745524.4643,5919753.4386,795736,,513301,0,,0,2,,Null,2023/2024,UNIVERSAL DRIVE,SOLJAN DRIVE,,Non-Injury Crash,No,2024,,East,,0,,Flat,,,,,,Twilight,230401,0,0,0,3,,,0,,,,,,Auckland Region,Nil,2-way,Sealed,,0,0,,50,,Off,0,0,,76,Auckland,Give way,,,,,0,0,Urban,0,,,Fine,Null
1770359.8963,5898007.4251,795751,,523920,0,0,0,1,0,North,2024/2025,SOUTHERN MOTORWAY,PAHUREHURE NO 1 BR,,Minor Crash,Yes,2024,0,South,0,0,0,Flat,1,,0,,0,Dark,768010,1,0,0,3,0,0,0,0,0,,0,0,Auckland Region,Nil,1-way,Sealed,0,0,0,0,100,0,On,0,0,,76,Auckland,Nil,0,0,0,0,0,0,Open,0,0,0,Fine,Null
1770412.5558,5912420.8732,795759,,523105,0,,0,1,,North,2024/2025,BOTANY ROAD,MILLHOUSE DRIVE,,Serious Crash,No,2025,,North,,0,,Flat,,,,,,Dark,711139,0,0,1,2,,,0,,,,,,Auckland Region,Nil,2-way,Sealed,,0,1,,60,,On,0,0,,76,Auckland,Nil,,,,,0,0,Urban,0,,,Heavy rain,Null
1746900.6588,5910161.7657,795760,,512000,0,0,0,1,1,North,2024/2025,HUIA ROAD,TITIRANGI ROAD,,Non-Injury Crash,No,2024,0,North,0,0,0,Hill Road,0,,0,,0,Dark,297000,0,0,0,2,0,0,0,0,0,,0,0,Auckland Region,Nil,2-way,Sealed,0,0,0,0,50,0,None,0,0,,76,Auckland,Nil,0,0,0,0,0,0,Urban,0,0,0,Fine,Null
1756846.0047,5920370.7945,795766,,514102,0,0,0,2,0,Null,2022/2023,NELSON STREET,WELLESLEY STREET WEST,,Non-Injury Crash,No,2023,0,North,0,0,0,Hill Road,0,,0,,0,Dark,434101,0,0,0,5,0,0,0,0,0,,0,0,Auckland Region,Nil,1-way,Sealed,0,0,0,0,40,0,On,0,0,,76,Auckland,Traffic Signals,0,0,0,0,0,0,Urban,0,1,0,Fine,Null
1770501.3865,5912637.6621,795784,35,523105,0,0,0,2,0,Null,2024/2025,BOTANY ROAD,VESCA PLACE,,Minor Crash,No,2025,0,North,0,0,1,Flat,0,,0,,0,Overcast,711139,2,0,0,2,0,0,0,0,0,,0,0,Auckland Region,Nil,1-way,Sealed,0,0,0,0,50,0,Off,0,0,30,76,Auckland,Give way,1,0,0,0,0,0,Urban,0,0,0,Light rain,Strong wind
1762785.9587,5903735.7757,795806,,524604,0,,0,1,,West,2023/2024,PUHINUI ROAD,PRICES ROAD,,Minor Crash,Yes,2024,,East,,0,,Flat,,,,,,Dark,781100,2,0,0,4,,,0,,,,,,Auckland Region,Nil,2-way,Sealed,,0,0,,60,,On,0,0,,76,Auckland,Nil,,,,,1,0,Urban,0,,,Light rain,Null
1751630.8631,5934059.5514,795808,,508701,0,,0,2,,Null,2024/2025,DAIRY FLAT HIGHWAY,ALBANY HIGHWAY,,Non-Injury Crash,No,2024,,North,,0,,Flat,,,,,,Dark,178800,0,0,0,3,,,0,,,,,,Auckland Region,Nil,2-way,Sealed,,0,0,,50,,On,0,0,,76,Auckland,Traffic Signals,,,,,0,0,Urban,0,,,Fine,Null
1753692.2548,5928222.5248,795814,,508210,0,,0,1,,Null,2022/2023,GLENFIELD ROAD,MAYFIELD ROAD,,Non-Injury Crash,No,2023,,North,,0,,Hill Road,,,,,,Bright sun,186301,0,0,0,4,,,0,,,,,,Auckland Region,Nil,2-way,Sealed,,0,0,,50,,Off,1,0,,76,Auckland,Give way,,,,,0,0,Urban,0,,,Fine,Null
1754215.4408,5933070.7506,795816,,508805,0,0,0,1,0,South,2023/2024,APOLLO DRIVE,ROSEDALE ROAD,,Non-Injury Crash,No,2024,0,South,0,0,0,Flat,0,,0,,0,Overcast,180866,0,0,0,2,0,0,0,0,1,,0,0,Auckland Region,Nil,2-way,Sealed,0,0,0,0,50,0,Off,2,0,,76,Auckland,Nil,0,0,0,0,0,0,Urban,0,0,0,Fine,Null
1759388.3161,5916244.2971,795823,,519200,0,,0,0,,Null,2023/2024,GREAT SOUTH ROAD,ARATONGA AVENUE,,Non-Injury Crash,No,2023,,North,,0,,Flat,,,,,,Bright sun,615700,0,0,0,2,,,0,,,,,,Auckland Region,Nil,2-way,Sealed,,0,0,,50,,Off,1,0,,76,Auckland,Give way,,,,,0,1,Urban,0,,,Fine,None
1754532.6395,5917742.7167,795830,,517600,1,,0,1,,Null,2023/2024,WESTERN SPRINGS ROAD,FINCH STREET,,Serious Crash,No,2024,,East,,0,,Hill Road,,,,,,Bright sun,533200,0,0,0,2,,,0,,,,,,Auckland Region,Nil,2-way,Sealed,,0,1,,50,,Off,0,0,,76,Auckland,Give way,,,,,0,0,Urban,0,,,Fine,Null
1764524.9823,5912699.8744,795831,,520500,0,,0,2,,Null,2025/2026,CARBINE ROAD,TE AHOTERANGI RISE,,Non-Injury Crash,No,2025,,West,,0,,Null,,,,,,Dark,639100,0,0,0,2,,,0,,,,,,Auckland Region,Nil,2-way,Sealed,,0,0,,50,,On,0,0,,76,Auckland,Nil,,,,,0,0,Urban,0,,,Light rain,Null
1757043.2165,5907577.3582,795832,,524200,0,0,0,2,0,West,2024/2025,ISLAND ROAD,MARK FORD DRIVE,,Fatal Crash,No,2025,0,East,0,1,0,Flat,0,,0,,0,Dark,726000,1,0,0,2,0,0,0,0,1,,0,0,Auckland Region,Nil,2-way,Sealed,0,0,2,0,50,0,None,0,0,,76,Auckland,Nil,0,0,0,1,0,0,Urban,0,0,0,Fine,Null
1750476.2934,5929176.0395,795838,,509100,0,,0,2,,South,2023/2024,UPPER HARBOUR MOTORWAY,GREENHITHE ROAD OFF RAMP,,Non-Injury Crash,Yes,2023,,South,,0,,Hill Road,,,,,,Bright sun,181301,0,0,0,2,,,0,,,,,,Auckland Region,Nil,1-way,Sealed,,0,0,,100,,Off,0,0,,76,Auckland,Nil,,,,,0,0,Open,1,,,Fine,Null
1756127.4381,5924530.3442,795840,,509702,0,,0,2,,West,2023/2024,ONEWA ROAD,SYLVAN AVENUE,,Non-Injury Crash,No,2023,,East,,0,,Flat,,,,,,Overcast,366700,0,0,0,4,,,0,,,,,,Auckland Region,Nil,2-way,Sealed,,0,0,,50,,Null,0,0,,76,Auckland,Nil,,,,,0,0,Urban,1,,,Null,Null
1782461.1901,5900129.9615,795854,45,525201,0,0,0,1,1,South,2023/2024,MONUMENT ROAD,PIONEER ROAD,,Non-Injury Crash,No,2023,0,South,0,0,0,Hill Road,0,,0,,0,Bright sun,764000,0,0,0,2,0,0,0,0,0,,0,0,Auckland Region,Nil,2-way,Sealed,0,0,0,0,100,0,None,0,0,,76,Auckland,Nil,0,0,0,0,0,0,Open,0,0,0,Fine,Null
1752297.7649,5912417.6255,795856,,514700,0,,0,0,,West,2024/2025,DONOVAN STREET,FRANCIS CURTIS AVENUE,,Minor Crash,No,2025,,East,,0,,Flat,,,,,,Bright sun,370700,1,0,0,2,,,0,,,,,,Auckland Region,Nil,2-way,Sealed,,0,0,,50,,Off,2,0,,76,Auckland,Nil,,,,,0,0,Urban,0,,,Fine,Null
1756925.9584,5925175.6055,795871,,509702,0,,0,2,,North,2024/2025,NORTHERN MOTORWAY,EXMOUTH FTBR,,Non-Injury Crash,Yes,2025,,South,,0,,Flat,,,,,,Dark,366000,0,0,0,3,,,0,,,,,,Auckland Region,Nil,1-way,Sealed,,0,0,,100,,On,0,0,,76,Auckland,Nil,,,,,0,0,Open,1,,,Light rain,Strong wind
1767777.2524,5880075.6141,795872,,525921,0,0,0,1,1,East,2024/2025,WARD STREET,SUNSET DRIVE,,Non-Injury Crash,No,2024,0,East,0,0,0,Flat,0,,0,,0,Dark,822401,0,0,0,2,0,0,0,0,0,,0,0,Auckland Region,Nil,2-way,Sealed,0,0,0,0,50,0,On,0,0,,76,Auckland,Nil,0,0,0,0,0,0,Urban,0,0,0,Light rain,Null
1763209.8505,5903941.1198,795879,,524604,0,0,0,1,0,East,2024/2025,PUHINUI ROAD,PRICES ROAD,,Non-Injury Crash,Yes,2025,0,East,0,0,0,Flat,1,,0,,0,Dark,780902,0,0,0,4,0,0,0,0,0,,0,0,Auckland Region,Nil,2-way,Sealed,0,0,0,0,60,0,On,0,0,,76,Auckland,Nil,0,0,0,0,0,0,Urban,0,0,0,Fine,Null
1755771.8,5916425.5511,795888,,518201,1,,0,1,,Null,2024/2025,DOMINION ROAD,DEXTER AVENUE,,Minor Crash,No,2025,,North,,0,,Flat,,,,,,Bright sun,553200,2,0,0,2,,,0,,,,,,Auckland Region,Nil,2-way,Sealed,,0,0,,50,,Off,0,1,,76,Auckland,Stop,,,,,0,0,Urban,0,,,Fine,Null
1750558.1359,5915720.2108,795896,35,514802,0,,0,2,,North,2022/2023,ROSEBANK ROAD,VICTOR STREET,,Non-Injury Crash,No,2023,,West,,0,,Flat,,,,,,Bright sun,390200,0,0,0,2,,,0,,,,,,Auckland Region,Nil,2-way,Sealed,,0,0,,50,,Off,0,0,,76,Auckland,Nil,,,,,0,0,Urban,0,,,Fine,None
1763122.4282,5908029.519,795902,,524402,0,,0,2,,Null,2023/2024,MASSEY ROAD,GRAY AVENUE,,Non-Injury Crash,No,2023,,South,,0,,Flat,,,,,,Bright sun,750000,0,0,0,4,,,0,,,,,,Auckland Region,Nil,2-way,Sealed,,0,0,,50,,Off,0,0,,76,Auckland,Traffic Signals,,,,,0,0,Urban,0,,,Fine,Null
1760430.6334,5913064.0563,795904,,519900,1,,0,1,,Null,2023/2024,MOUNT SMART ROAD,WAITANGI ROAD,,Minor Crash,No,2024,,East,,0,,Flat,,,,,,Dark,604100,1,0,0,2,,,0,,,,,,Auckland Region,Nil,2-way,Sealed,,0,0,,50,,On,0,0,,76,Auckland,Stop,,,,,0,0,Urban,0,,,Fine,Null
1761410.5106,5906771.367,795910,,524112,0,,0,1,,West,2023/2024,SOUTH-WESTERN MOTORWAY,MASSEY ROAD ON RAMP,,Non-Injury Crash,Yes,2024,,West,,0,,Flat,,,,,,Bright sun,742300,0,0,0,2,,,0,,,,,,Auckland Region,Motorway ramp,1-way,Sealed,,0,0,,100,,Off,0,0,,76,Auckland,Nil,,,,,1,0,Open,0,,,Fine,Null
1744328.2683,5915659.7337,795918,,513013,0,0,0,2,0,South,2023/2024,FOREST HILL ROAD,HENDERSON VALLEY ROAD,,Non-Injury Crash,No,2024,0,North,0,0,0,Flat,0,,0,,0,Dark,281401,0,0,0,2,0,0,0,0,1,,0,0,Auckland Region,Nil,2-way,Sealed,0,0,0,0,50,0,On,0,0,,76,Auckland,Nil,0,0,0,0,0,0,Urban,0,0,0,Fine,Null
1758856.3914,5911784.9078,795926,,519810,0,,0,2,,Null,2023/2024,SELWYN STREET,NEILSON STREET,,Minor Crash,No,2023,,South,,0,,Flat,,,,,,Dark,602200,2,0,0,4,,,0,,,,,,Auckland Region,Nil,2-way,Sealed,,0,0,,50,,On,0,0,40,76,Auckland,Traffic Signals,,,,,0,0,Urban,0,,,Fine,Null
1756923.3804,5916417.9561,795928,,518202,0,0,0,2,0,Null,2024/2025,FAIRVIEW ROAD,MOUNT EDEN ROAD,,Minor Crash,No,2025,0,West,0,0,0,Hill Road,0,,0,,0,Overcast,551000,1,0,0,2,0,0,0,0,1,,0,0,Auckland Region,Nil,2-way,Sealed,0,0,0,0,50,0,Off,0,0,,76,Auckland,Stop,0,0,0,0,0,0,Urban,0,0,0,Light rain,Null
1749514.0702,5927973.706,795934,,509100,0,0,0,1,0,South,2022/2023,TAUHINU ROAD OFF RAMP,TAUHINU ROAD,,Non-Injury Crash,No,2023,0,North,0,0,0,Hill Road,0,,0,,0,Dark,181703,0,0,0,3,0,0,0,0,0,,0,0,Auckland Region,Motorway ramp,1-way,Unsealed,0,0,0,0,50,0,On,0,0,,76,Auckland,Nil,0,1,0,0,0,0,Urban,0,0,0,Mist or Fog,Null
1765926.1565,5905630.0441,795935,,522202,0,0,0,1,0,Null,2024/2025,BIRDWOOD AVENUE,CARRUTH ROAD,,Non-Injury Crash,No,2025,0,South,0,0,0,Flat,0,,0,,0,Dark,665300,0,0,0,2,0,0,0,0,0,,0,0,Auckland Region,Nil,2-way,Sealed,0,0,0,0,50,0,On,0,0,,76,Auckland,Stop,1,0,0,0,0,0,Urban,1,1,0,Fine,Null
1747719.7426,5910962.9142,795936,,512000,0,,0,2,,South,2023/2024,TITIRANGI ROAD,PARK ROAD,,Non-Injury Crash,No,2023,,South,,0,,Hill Road,,,,,,Overcast,295200,0,0,0,2,,,0,,,,,,Auckland Region,Nil,2-way,Sealed,,0,0,,50,,Off,0,0,,76,Auckland,Nil,,,,,0,0,Urban,1,,,Light rain,Null
1756606.3299,5920764.9533,795942,,514101,0,0,0,1,0,Null,2022/2023,HALSEY STREET,FANSHAWE STREET,,Non-Injury Crash,No,2023,0,Null,0,0,0,Flat,1,,0,,0,Dark,432400,0,0,0,4,0,0,0,0,0,,0,0,Auckland Region,Nil,2-way,Sealed,0,0,0,0,30,0,On,0,0,,76,Auckland,Traffic Signals,0,0,0,0,0,0,Urban,0,0,0,Heavy rain,Null
1757089.2884,5925580.0578,795959,,509702,0,,0,1,,North,2024/2025,NORTHERN MOTORWAY,ESMONDE ROAD OFF RAMP,,Non-Injury Crash,Yes,2024,,North,,0,,Flat,,,,,,Dark,364602,0,0,0,3,,,0,,,,,,Auckland Region,Motorway ramp,1-way,Sealed,,0,0,,100,,On,0,0,,76,Auckland,Nil,,,,,1,0,Open,0,,,Fine,Null
1770692.8712,5912984.1421,795960,,523106,0,,0,2,,North,2023/2024,BOTANY ROAD,HEADCORN PLACE,,Minor Crash,No,2024,,North,,0,,Flat,,,,,,Bright sun,711141,2,0,0,2,,,0,,,,,,Auckland Region,Nil,2-way,Sealed,,0,0,,50,,Off,0,0,,76,Auckland,Nil,,,,,0,0,Urban,0,,,Fine,Null
1754885.031,5921347.1954,795967,,515201,0,0,0,2,1,North,2025/2026,HAMILTON ROAD,SARSFIELD STREET,,Minor Crash,No,2025,0,North,0,0,0,Hill Road,0,,0,,0,Overcast,423700,1,0,0,1,0,0,0,0,1,,0,0,Auckland Region,Nil,2-way,Sealed,0,0,0,0,50,0,Off,0,0,,76,Auckland,Nil,0,0,0,0,0,0,Urban,0,0,0,Fine,Null
1766855.048,5913359.3512,795975,,522820,0,,0,2,,West,2025/2026,PAKURANGA ROAD,WILLIAM ROBERTS ROAD,,Non-Injury Crash,No,2025,,West,,0,,Flat,,,,,,Overcast,694800,0,0,0,6,,,0,,,,,,Auckland Region,Nil,2-way,Sealed,,0,0,,60,,Off,0,0,,76,Auckland,Nil,,,,,0,0,Urban,0,,,Fine,Null
1755671.2397,5914092.6158,795976,,518803,0,,0,1,,West,2023/2024,MOUNT ALBERT ROAD,PARAU STREET,,Non-Injury Crash,No,2023,,East,,0,,Flat,,,,,,Twilight,580900,0,0,0,2,,,0,,,,,,Auckland Region,Nil,2-way,Sealed,,0,0,,50,,On,0,0,,76,Auckland,Nil,,,,,0,0,Urban,1,,,Fine,Null
1753488.89,5929251.8776,795984,,508411,0,0,0,2,0,South,2023/2024,JAMES STREET,SPINELLA DRIVE,,Non-Injury Crash,No,2023,0,North,0,0,0,Flat,0,,0,,0,Bright sun,184000,0,0,0,2,0,0,0,0,1,,0,0,Auckland Region,Nil,2-way,Sealed,0,0,0,0,50,0,Off,0,0,,76,Auckland,Nil,0,0,0,0,0,0,Urban,0,0,0,Fine,Null
1761252.9499,5920069.506,795990,,516400,0,0,0,1,0,West,2023/2024,TAMAKI DRIVE,POKANOA POINT ENT,,Minor Crash,No,2023,0,West,0,0,0,Flat,0,,0,,0,Dark,496600,1,0,0,3,0,0,0,0,0,,0,0,Auckland Region,Nil,2-way,Sealed,0,0,0,0,50,0,On,0,0,,76,Auckland,Nil,0,0,0,1,0,0,Urban,0,0,0,Fine,Null
1763652.3955,5913778.831,795991,,520402,0,,1,1,,East,2024/2025,PENROSE ROAD,JARMAN ROAD,,Non-Injury Crash,No,2024,,East,,0,,Hill Road,,,,,,Bright sun,640001,0,0,0,2,,,0,,,,,,Auckland Region,Nil,2-way,Sealed,,0,0,,50,,Off,0,0,,76,Auckland,Nil,,,,,0,0,Urban,0,,,Fine,Null
1751604.5628,5930104.5955,795999,,509100,0,,0,2,,South,2025/2026,UPPER HARBOUR MOTORWAY,ALBANY HIGHWAY ON RAMP,,Non-Injury Crash,Yes,2025,,South,,0,,Hill Road,,,,,,Dark,181108,0,0,0,2,,,0,,,,,,Auckland Region,Nil,1-way,Sealed,,0,0,,100,,On,0,0,,76,Auckland,Nil,,,,,0,0,Open,0,,,Fine,Null
1778635.272,5913508.938,796016,,523202,0,,0,1,,South,2023/2024,WHITFORD MARAETAI ROAD,OKARORO DRIVE,,Non-Injury Crash,No,2024,,South,,0,,Hill Road,,,,,,Overcast,762501,0,0,0,2,,,0,,,,,,Auckland Region,Nil,2-way,Sealed,,0,0,,50,,Off,0,0,,76,Auckland,Nil,,,,,0,0,Urban,1,,,Light rain,Null
1765662.3588,5906841.4796,796024,,522301,0,0,0,2,0,Null,2022/2023,GREAT SOUTH ROAD,CHARLES ROAD,,Non-Injury Crash,No,2023,0,South,0,0,0,Flat,0,,0,,0,Bright sun,666900,0,0,0,2,0,0,0,0,1,,0,0,Auckland Region,Nil,2-way,Sealed,0,0,0,0,50,0,Off,0,0,,76,Auckland,Nil,0,0,0,0,0,0,Urban,0,0,0,Fine,None
1772911.7551,5890723.0282,796056,,521301,0,,0,1,,Null,2024/2025,GREAT SOUTH ROAD,PITT ROAD,,Serious Crash,No,2024,,East,,0,,Hill Road,,,,,,Overcast,809200,0,0,1,2,,,0,,,,,,Auckland Region,Nil,2-way,Sealed,,0,1,,80,,Off,0,0,,76,Auckland,Give way,,,,,0,0,Open,0,,,Fine,Null
1765434.0398,5909058.1576,796062,,523402,0,0,0,1,0,South,2023/2024,HIGHBROOK DRIVE OFF RAMP,SOUTHERN MOTORWAY,,Minor Crash,No,2024,0,South,0,0,0,Flat,1,,0,,0,Bright sun,696900,3,0,0,3,0,0,0,0,0,,0,0,Auckland Region,Motorway ramp,1-way,Sealed,0,0,0,0,100,0,Off,0,0,,76,Auckland,Nil,0,0,0,0,2,0,Open,1,0,0,Fine,Null
1760436.3917,5913064.0262,796070,,520000,0,,0,1,,Null,2022/2023,MOUNT SMART ROAD,WAITANGI ROAD,,Non-Injury Crash,No,2023,,South,,0,,Flat,,,,,,Twilight,606201,0,0,0,2,,,0,,,,,,Auckland Region,Nil,2-way,Sealed,,0,0,,50,,Null,0,0,,76,Auckland,Stop,,,,,1,0,Urban,0,,,Fine,Null
1744584.2309,5918082.2422,796071,,510700,0,0,0,3,0,South,2024/2025,SWANSON ROAD,RATHGAR ROAD,,Non-Injury Crash,No,2025,0,South,0,0,0,Flat,0,Easter,0,,0,Dark,239200,0,0,0,2,0,0,0,0,2,,0,0,Auckland Region,Nil,2-way,Sealed,0,0,0,0,50,0,Off,0,0,,76,Auckland,Nil,0,0,0,0,0,0,Urban,0,0,0,Fine,Null
1731616.4501,5907787.4789,796072,35,513800,0,0,0,1,0,Null,2024/2025,PIHA ROAD,TE AHUAHU ROAD,,Serious Crash,No,2024,0,North,1,0,0,Hill Road,0,Labour Weekend,0,,0,Dark,282017,0,0,0,2,0,0,0,0,0,,0,0,Auckland Region,Nil,2-way,Sealed,0,0,1,0,50,0,None,0,0,,76,Auckland,Give way,0,0,0,0,0,0,Urban,0,0,0,Fine,Null
1754769.9199,5915701.8991,796086,,517703,0,,0,2,,East,2023/2024,CALGARY STREET,SANDRINGHAM ROAD,,Non-Injury Crash,No,2023,,East,,0,,Flat,,,,,,Dark,538300,0,0,0,2,,,0,,,,,,Auckland Region,Nil,2-way,Sealed,,0,0,,50,,On,0,0,,76,Auckland,Nil,,,,,0,1,Urban,0,,,Fine,Null
1753573.8544,5918377.0116,796096,,515431,0,0,0,0,0,West,2023/2024,GREAT NORTH ROAD,ST LUKES ROAD,,Non-Injury Crash,No,2023,0,North,0,0,0,Flat,0,,0,,0,Dark,397600,0,0,0,3,0,0,0,0,0,,0,0,Auckland Region,Tram lines,2-way,Sealed,0,0,0,0,50,0,On,0,0,,76,Auckland,Nil,0,1,0,0,0,0,Urban,1,0,0,Fine,Null
1744799.8191,5921243.3915,796102,,513631,0,0,0,1,0,Null,2023/2024,TRIANGLE ROAD,KEEGAN DRIVE,,Non-Injury Crash,No,2023,0,South,0,0,1,Flat,0,,0,,1,Dark,227801,0,0,0,2,0,0,0,0,0,,0,0,Auckland Region,Nil,2-way,Sealed,0,0,0,0,50,0,On,0,0,,76,Auckland,Give way,0,0,0,0,0,0,Urban,0,0,0,Light rain,Null
1744056.3173,5924087.5817,796110,,513431,0,0,0,1,1,Null,2023/2024,HOBSONVILLE ROAD,HOBSONVILLE ROAD OFF RAMP,,Non-Injury Crash,No,2023,0,East,0,0,0,Hill Road,0,,0,,0,Dark,223903,0,0,0,2,0,0,0,0,0,,0,0,Auckland Region,Motorway ramp,1-way,Sealed,0,0,0,0,50,0,On,0,0,,76,Auckland,Give way,0,0,0,0,0,0,Urban,0,0,0,Light rain,Null
1746628.3898,5919974.7598,796112,,512402,0,0,0,3,0,West,2023/2024,NORTH-WESTERN MOTORWAY,TE ATATU ROAD ON RAMP,,Non-Injury Crash,Yes,2024,0,West,0,0,0,Flat,1,,0,,0,Bright sun,252200,0,0,0,3,0,0,0,0,0,,0,0,Auckland Region,Nil,1-way,Sealed,0,0,0,0,100,0,None,0,0,,76,Auckland,Nil,0,0,0,0,0,0,Open,0,0,0,Fine,Null
1753675.4332,5918298.0362,796127,,515003,0,0,0,1,0,West,2024/2025,NORTH-WESTERN MOTORWAY,ST LUKES OBR,,Minor Crash,Yes,2024,0,West,0,0,0,Flat,1,Christmas New Year,0,,0,Dark,390502,1,0,0,4,0,0,0,0,0,,0,0,Auckland Region,Nil,1-way,Sealed,0,0,0,0,100,0,On,0,0,,76,Auckland,Nil,0,0,0,0,0,0,Open,0,0,0,Light rain,Null
1755084.7629,5918289.8775,796134,,515500,0,,0,1,,West,2023/2024,NORTH-WESTERN MOTORWAY,BOND OBR,,Non-Injury Crash,Yes,2024,,East,,0,,Flat,,,,,,Bright sun,418800,0,0,0,4,,,0,,,,,,Auckland Region,Nil,1-way,Sealed,,0,0,,80,,Off,1,0,,76,Auckland,Nil,,,,,0,0,Open,0,,,Fine,Null
1756633.2564,5919930.2895,796142,,514102,0,,0,3,,West,2024/2025,UNION STREET,NELSON STREET,,Serious Crash,No,2024,,East,,0,,Flat,,,,,,Dark,434402,2,0,0,3,,,0,,,3,,,Auckland Region,Nil,2-way,Sealed,,0,1,,30,,On,0,1,,76,Auckland,Nil,,,,,0,0,Urban,0,,,Fine,Null
1752443.8659,5914345.6587,796144,,514500,0,0,0,2,0,North,2024/2025,NEW WINDSOR ROAD,TIVERTON ROAD,,Minor Crash,No,2024,0,South,0,0,0,Flat,0,,0,,0,Dark,376900,1,0,0,2,0,0,0,0,1,,0,0,Auckland Region,Nil,2-way,Sealed,0,0,0,0,50,0,On,0,0,,76,Auckland,Nil,0,0,0,0,0,0,Urban,0,0,0,Fine,Null
1758697.6808,5920378.8886,796152,,515902,0,,0,2,,West,2023/2024,THE STRAND,COTESMORE WAY,,Non-Injury Crash,Yes,2024,,East,,0,,Flat,,,,,,Bright sun,453000,0,0,0,2,,,0,,,,,,Auckland Region,Nil,2-way,Sealed,,0,0,,50,,Off,0,0,30,76,Auckland,Nil,,,,,0,0,Urban,0,,,Fine,Null
1745724.3431,5917226.8369,796159,,510700,0,,0,2,,Null,2024/2025,GREAT NORTH ROAD,EDSEL STREET,,Minor Crash,No,2024,,East,,0,,Flat,,Christmas New Year,,,,Dark,240000,1,0,0,4,,,0,,,,,,Auckland Region,Nil,2-way,Sealed,,0,0,,50,,On,0,0,,76,Auckland,Traffic Signals,,,,,0,0,Urban,0,,,Fine,Null