X,Y,OBJECTID,advisorySpeed,areaUnitID,bicycle,bridge,bus,carStationWagon,cliffBank,crashDirectionDescription,crashFinancialYear,crashLocation1,crashLocation2,crashRoadSideRoad,crashSeverity,crashSHDescription,crashYear,debris,directionRoleDescription,ditch,fatalCount,fence,flatHill,guardRail,holiday,houseOrBuilding,intersection,kerb,light,meshblockId,minorInjuryCount,moped,motorcycle,NumberOfLanes,objectThrownOrDropped,otherObject,otherVehicleType,overBank,parkedVehicle,pedestrian,phoneBoxEtc,postOrPole,region,roadCharacter,roadLane,roadSurface,roadworks,schoolBus,seriousInjuryCount,slipOrFlood,speedLimit,strayAnimal,streetLight,suv,taxi,temporarySpeedLimit,tlaId,tlaName,trafficControl,trafficIsland,trafficSign,train,tree,truck,unknownVehicleType,urban,vanOrUtility,vehicle,waterRiver,weatherA,weatherB
1763188.7533,5909288.0603,796160,,524402,0,0,0,1,0,Null,2024/2025,TITI STREET,KAHU STREET,,Minor Crash,No,2024,0,East,0,0,1,Flat,0,,0,,0,Dark,749800,1,0,0,2,0,1,0,0,0,,0,0,Auckland Region,Nil,2-way,Sealed,0,0,0,0,50,0,None,0,0,,76,Auckland,Nil,0,0,0,0,0,0,Urban,0,0,0,Fine,Null
1743655.2436,5917889.6025,796168,,513220,0,0,0,1,0,North,2024/2025,SUMMERLAND DRIVE,HARVEST DRIVE,,Minor Crash,No,2024,0,East,0,0,0,Flat,0,,0,,0,Overcast,236703,1,0,0,2,0,0,0,0,1,,0,0,Auckland Region,Nil,2-way,Sealed,0,0,0,0,50,0,Off,1,0,,76,Auckland,Nil,0,0,0,0,0,0,Urban,0,0,0,Fine,Null
1764295.3963,5909877.9082,796182,,521802,0,,0,1,,East,2023/2024,AVENUE ROAD,ATKINSON AVENUE,,Minor Crash,No,2023,,East,,0,,Flat,,,,,,Bright sun,787800,1,0,0,2,,,0,,,1,,,Auckland Region,Nil,2-way,Sealed,,0,0,,50,,Off,0,0,,76,Auckland,Nil,,,,,0,0,Urban,0,,,Fine,Null
1745095.0044,5921074.1324,796191,,513632,0,,0,2,,North,2024/2025,NORTH-WESTERN MOTORWAY,LINCOLN ROAD ON RAMP,,Non-Injury Crash,Yes,2025,,North,,0,,Hill Road,,,,,,Dark,228701,0,0,0,3,,,0,,,,,,Auckland Region,Motorway ramp,1-way,Sealed,,0,0,,100,,On,0,0,,76,Auckland,Nil,,,,,0,0,Open,0,,,Fine,Null
1764215.1507,5920031.8766,796192,,516601,0,0,0,2,0,South,2023/2024,MELANESIA ROAD,SPEIGHT ROAD,,Non-Injury Crash,No,2024,0,South,0,0,0,Flat,0,,0,,0,Twilight,504000,0,0,0,2,0,0,0,0,1,,0,0,Auckland Region,Nil,2-way,Sealed,0,0,0,0,50,0,On,0,0,,76,Auckland,Nil,0,0,0,0,0,0,Urban,0,0,0,Fine,Null
1755456.6392,5945135.2175,796200,,505908,0,,0,1,,Null,2024/2025,KAURI ROAD,BRIGHTSIDE ROAD,,Minor Crash,No,2024,,South,,0,,Flat,,,,,,Bright sun,173502,1,0,0,2,,,0,,,1,,,Auckland Region,Nil,2-way,Sealed,,0,0,,50,,Off,0,0,,76,Auckland,Stop,,,,,0,0,Urban,0,,,Fine,Null
1743066.9595,5917885.0569,796208,,513220,0,0,0,2,1,Null,2023/2024,IRONGATE AVENUE,BABICH ROAD NORTH,,Non-Injury Crash,No,2023,0,North,0,0,0,Flat,0,,2,,0,Dark,236609,0,0,0,2,0,0,0,0,1,,0,0,Auckland Region,Nil,2-way,Sealed,0,0,0,0,50,0,On,0,0,,76,Auckland,Nil,0,0,0,0,0,0,Urban,0,0,0,Fine,Null
1763873.697,5912619.8135,796214,,520500,0,,0,2,,North,2023/2024,MOUNT WELLINGTON HIGHWAY,MOUNT WELLINGTON HWY OFF RAMP,,Non-Injury Crash,No,2024,,North,,0,,Flat,,,,,,Overcast,637400,0,0,0,2,,,0,,,,,,Auckland Region,Nil,1-way,Sealed,,0,0,,50,,Off,0,0,,76,Auckland,Nil,,,,,0,0,Urban,1,,,Fine,Null
1738949.3987,5930093.3187,796216,35,505604,0,0,0,0,0,North,2024/2025,ORAHA ROAD,BURNS LANE,,Serious Crash,No,2025,0,North,1,0,0,Hill Road,0,,0,,0,Bright sun,213900,0,0,1,2,0,0,0,0,0,,0,0,Auckland Region,Nil,2-way,Sealed,0,0,1,0,60,0,None,0,0,,76,Auckland,Nil,0,0,0,0,0,0,Urban,0,0,0,Fine,Null
1743653.4295,5919366.9657,796224,,513213,0,,0,0,,Null,2024/2025,SWANSON ROAD,DON BUCK ROAD,,Serious Crash,No,2025,,East,,0,,Flat,,,,,,Bright sun,235802,0,0,0,2,,,0,,,1,,,Auckland Region,Nil,1-way,Sealed,,0,1,,50,,Off,0,0,,76,Auckland,Give way,,,,,0,0,Urban,0,,,Fine,Null
1763823.7921,5912630.5087,796231,,520500,0,0,0,1,1,West,2024/2025,MOUNT WELLINGTON HWY OFF RAMP,MOUNT WELLINGTON HIGHWAY,,Non-Injury Crash,No,2024,0,East,0,0,0,Hill Road,0,,0,,0,Dark,637400,0,0,0,2,0,0,0,0,0,,0,0,Auckland Region,Motorway ramp,1-way,Sealed,0,0,0,0,50,0,On,0,0,,76,Auckland,Nil,0,1,0,0,0,0,Urban,0,0,0,Heavy rain,Null
1752775.4951,5973395.3449,796238,,506661,0,,0,1,,Null,2023/2024,MATAKANA ROAD,SHARP ROAD,,Non-Injury Crash,No,2024,,West,,0,,Flat,,,,,,Bright sun,139200,0,0,0,2,,,0,,,,,,Auckland Region,Nil,2-way,Sealed,,0,0,,80,,Off,0,0,,76,Auckland,Stop,,,,,1,0,Open,0,,,Fine,Null
1769335.5711,5907472.9648,796239,,523713,0,,0,2,,Null,2024/2025,TE IRIRANGI DRIVE,ORMISTON ROAD,,Non-Injury Crash,No,2024,,South,,0,,Flat,,,,,,Dark,712302,0,0,0,6,,,0,,,,,,Auckland Region,Nil,2-way,Sealed,,0,0,,60,,On,0,0,,76,Auckland,Traffic Signals,,,,,0,0,Urban,0,,,Mist or Fog,Null
1756465.6409,5927249.0356,796262,,507900,0,,0,0,,North,2022/2023,NORTHCOTE ROAD,NORTHCOTE OBR,,Non-Injury Crash,No,2023,,South,,0,,Flat,,,,,,Bright sun,303502,0,0,0,3,,,0,,,,,,Auckland Region,Nil,1-way,Sealed,,0,0,,50,,On,1,0,30,76,Auckland,Nil,,,,,0,0,Urban,1,,,Fine,Frost
1757263.964,5912451.8198,796263,,518702,0,,0,6,,North,2024/2025,SOUTH-WESTERN MOTORWAY,QUEENSTOWN OBR,,Minor Crash,Yes,2025,,South,,0,,Hill Road,,,,,,Dark,570300,3,0,0,3,,,0,,,,,,Auckland Region,Motorway ramp,1-way,Sealed,,0,0,,100,,On,1,0,,76,Auckland,Nil,,,,,0,0,Open,1,,,Heavy rain,Null
1769884.2725,5900190.5733,796286,,524902,0,,0,2,,North,2023/2024,SOUTHERN MOTORWAY,MANUREWA-TAKANINI ON RAMP,,Non-Injury Crash,Yes,2024,,North,,0,,Hill Road,,,,,,Dark,759100,0,0,0,3,,,0,,,,,,Auckland Region,Nil,1-way,Sealed,,0,0,,100,,On,0,0,,76,Auckland,Nil,,,,,0,0,Open,0,,,Light rain,Null
1751427.2341,5918046.375,796294,,515001,0,0,0,2,0,East,2023/2024,SH 20,GREAT NORTH ROAD OFF RAMP,,Non-Injury Crash,Yes,2023,0,East,0,0,0,Flat,2,,0,,0,Dark,392200,0,0,0,2,0,0,0,0,0,,0,0,Auckland Region,Motorway ramp,1-way,Sealed,0,0,0,0,80,0,On,0,0,,76,Auckland,Nil,0,0,0,0,0,0,Open,0,0,0,Fine,Null
1748018.5507,5970376.3456,796296,,505500,0,0,0,1,0,Null,2023/2024,HUDSON ROAD,FALLS ROAD,,Minor Crash,No,2024,0,South,0,0,1,Flat,0,,0,,0,Dark,140102,1,0,0,2,0,0,0,0,0,,0,0,Auckland Region,Nil,2-way,Sealed,0,0,0,0,50,0,Off,1,0,,76,Auckland,Give way,0,0,0,0,0,0,Urban,0,0,0,Fine,Null
1746879.2804,5921393.4056,796304,,512201,0,0,0,1,0,East,2023/2024,TAIKATA ROAD,YEOVIL ROAD,,Non-Injury Crash,No,2023,0,West,0,0,0,Flat,0,,0,,0,Dark,248100,0,0,0,2,0,0,0,0,0,,0,1,Auckland Region,Nil,2-way,Sealed,0,0,0,0,50,0,On,0,0,,76,Auckland,Nil,0,0,0,0,0,0,Urban,0,0,0,Fine,Null
1758801.7059,5916449.0814,796310,,519200,0,0,0,1,0,South,2023/2024,MARKET ROAD,HIGHWIC AVENUE,,Non-Injury Crash,No,2024,0,South,0,0,0,Flat,0,,0,,0,Dark,614900,0,0,0,2,0,0,0,0,1,,0,0,Auckland Region,Nil,2-way,Sealed,0,0,0,0,50,0,On,1,0,,76,Auckland,Nil,0,0,0,0,0,0,Urban,0,0,0,Fine,Null
1755867.9138,5916773.4668,796319,,518201,1,0,0,1,0,Null,2024/2025,DOMINION ROAD,ELIZABETH STREET,,Minor Crash,No,2025,0,South,0,0,0,Hill Road,0,,0,,0,Overcast,549200,1,0,0,4,0,0,0,0,1,,0,0,Auckland Region,Nil,2-way,Unsealed,0,0,0,0,50,0,Off,0,0,,76,Auckland,Stop,0,0,0,0,0,0,Urban,0,0,0,Fine,Null
1759583.0566,5917042.0761,796328,,516102,0,,0,2,,Null,2022/2023,REMUERA ROAD,MARKET ROAD,,Non-Injury Crash,No,2023,,West,,0,,Flat,,Easter,,,,Bright sun,484900,0,0,0,2,,,0,,,,,,Auckland Region,Nil,2-way,Sealed,,0,0,,50,,On,0,0,,76,Auckland,Traffic Signals,,,,,0,0,Urban,0,,,Null,None
1757523.9007,5919788.2806,796335,,514103,0,,0,2,,West,2024/2025,MOUNT STREET,SYMONDS STREET,,Non-Injury Crash,No,2024,,West,,0,,Flat,,,,,,Bright sun,436902,0,0,0,2,,,0,,,,,,Auckland Region,Nil,2-way,Sealed,,0,0,,30,,None,0,0,20,76,Auckland,Nil,,,,,0,0,Urban,0,,,Fine,Null
1759762.3798,5916192.8078,796342,,516002,0,,0,2,,North,2023/2024,SOUTHERN MOTORWAY,GREEN LANE EAST OFF RAMP,,Minor Crash,Yes,2023,,South,,0,,Flat,,,,,,Bright sun,492000,1,0,0,4,,,0,,,,,,Auckland Region,Nil,1-way,Sealed,,0,0,,100,,Off,0,0,,76,Auckland,Nil,,,,,0,0,Open,0,,,Fine,Null
1747575.3611,5921458.4449,796343,,512300,0,0,0,1,0,North,2025/2026,GUNNER DRIVE,LONGBUSH ROAD,,Minor Crash,No,2025,0,North,0,0,0,Flat,0,,0,,0,Dark,250101,1,0,0,2,0,0,0,0,1,,0,0,Auckland Region,Nil,2-way,Sealed,0,0,0,0,50,0,On,0,0,,76,Auckland,Nil,0,0,0,0,0,0,Urban,1,0,0,Fine,Null
1753503.5261,5914407.7859,796360,,518801,0,,0,2,,Null,2023/2024,MAIORO STREET,MAIORO STREET OFF RAMP,,Non-Injury Crash,No,2023,,North,,0,,Flat,,,,,,Bright sun,578400,0,0,0,3,,,0,,,,,,Auckland Region,Overpass,1-way,Sealed,,0,0,,50,,Off,0,0,,76,Auckland,Traffic Signals,,,,,0,0,Urban,0,,,Fine,Null
1746060.3752,5914651.9204,796382,,511800,0,0,0,1,0,South,2022/2023,RANGEVIEW ROAD,SHERRYBROOKE PLACE,,Non-Injury Crash,No,2023,0,North,0,0,0,Hill Road,0,,0,,0,Dark,277801,0,0,0,2,0,0,0,0,1,,0,0,Auckland Region,Nil,2-way,Sealed,0,0,0,0,50,0,On,0,0,,76,Auckland,Nil,0,0,0,0,0,0,Urban,1,0,0,Light rain,Null
1762560.9327,5906917.9175,796383,,524301,0,,0,2,,West,2024/2025,BUCKLAND ROAD,RAGLAN STREET,,Minor Crash,No,2025,,East,,0,,Flat,,,,,,Bright sun,746602,2,0,0,2,,,0,,,,,,Auckland Region,Nil,2-way,Sealed,,0,0,,50,,Off,1,0,,76,Auckland,Nil,,,,,0,0,Urban,0,,,Fine,Null
1749948.7373,5913817.4121,796390,,511303,0,,1,1,,Null,2022/2023,CLARK STREET,RANKIN AVENUE,,Non-Injury Crash,No,2023,,South,,0,,Flat,,Queens Birthday,,,,Dark,264904,0,0,0,4,,,0,,,,,,Auckland Region,Nil,2-way,Sealed,,0,0,,50,,On,0,0,,76,Auckland,Traffic Signals,,,,,0,0,Urban,0,,,Fine,Null
1760658.4293,5906576.5421,796391,,524112,0,0,0,1,0,South,2024/2025,NEVIS PLACE,FRIESIAN DRIVE,,Non-Injury Crash,No,2024,0,South,0,0,0,Flat,0,,0,,0,Overcast,741301,0,0,0,2,0,0,0,0,1,,0,0,Auckland Region,Nil,2-way,Sealed,0,0,0,0,30,0,Off,1,0,,76,Auckland,Nil,0,0,0,0,0,0,Urban,0,0,0,Fine,Null
1770557.8759,5909905.9662,796400,,523109,0,0,0,2,0,South,2023/2024,EAGLEMONT DRIVE,RIDGEFIELD LANE,,Non-Injury Crash,No,2024,0,South,0,0,0,Flat,0,,0,,0,Bright sun,712014,0,0,0,2,0,0,0,0,1,,0,0,Auckland Region,Nil,2-way,Sealed,0,0,0,0,50,0,Off,0,0,,76,Auckland,Nil,0,0,0,0,0,0,Urban,1,0,0,Fine,Null
1748071.5955,5942898.976,796407,,506201,0,,0,1,,South,2024/2025,WILKS ROAD,POSTMAN ROAD,,Non-Injury Crash,No,2024,,North,,0,,Flat,,,,,,Bright sun,176801,0,0,1,2,,,0,,,,,,Auckland Region,Nil,2-way,Sealed,,0,0,,80,,Off,0,0,,76,Auckland,Give way,,,,,0,0,Open,0,,,Fine,None
1771621.6287,5895713.1444,796415,,525540,0,0,1,0,0,North,2024/2025,ELLIOT STREET,LAKESIDE DRIVE,,Minor Crash,No,2025,0,South,0,0,0,Flat,0,,0,,0,Bright sun,806207,2,0,0,2,0,0,0,0,0,,0,0,Auckland Region,Nil,2-way,Sealed,0,1,0,0,50,0,Off,0,0,,76,Auckland,Nil,0,0,0,1,0,0,Urban,0,0,0,Fine,Null
1746095.2582,5973553.3721,796430,,506661,0,0,0,0,0,South,2023/2024,SH 1,L PHILLIPS ROAD,,Minor Crash,Yes,2023,0,North,0,0,0,Flat,1,,0,,0,Overcast,139000,1,0,0,2,0,0,0,0,0,,0,0,Auckland Region,Nil,2-way,Sealed,0,0,0,0,80,0,None,0,0,,76,Auckland,Nil,0,0,0,0,0,0,Open,1,0,0,Light rain,Null
1753549.3082,5927157.8437,796431,,508210,0,,0,1,,South,2024/2025,GLENFIELD ROAD,CAPILANO PLACE,,Minor Crash,No,2025,,South,,0,,Hill Road,,,,,,Overcast,187300,2,0,0,2,,,0,,,,,,Auckland Region,Nil,2-way,Sealed,,0,0,,50,,Off,0,0,,76,Auckland,Nil,,,,,0,0,Urban,1,,,Fine,Null
1753903.1474,5914202.066,796447,,518801,0,0,0,2,0,North,2024/2025,MAIORO STREET ON RAMP,SH 20,,Non-Injury Crash,No,2025,2,South,0,0,0,Hill Road,0,,0,,0,Overcast,578500,0,0,0,3,0,0,0,0,0,,0,0,Auckland Region,Nil,1-way,Sealed,0,0,0,0,100,0,Off,0,0,,76,Auckland,Nil,0,0,0,0,1,0,Open,0,0,0,Fine,Null
1759684.7941,5914023.7133,796448,,519720,1,,0,0,,Null,2024/2025,RAWHITI ROAD,TAWA ROAD,,Minor Crash,No,2024,,East,,0,,Hill Road,,,,,,Overcast,592500,1,0,0,2,,,0,,,,,,Auckland Region,Nil,2-way,Sealed,,0,0,,50,,Off,1,0,,76,Auckland,Stop,,,,,0,0,Urban,0,,,Fine,Null
1745561.0344,5918929.1427,796454,,513302,0,,0,2,,Null,2023/2024,WAIPAREIRA AVENUE,MOSELLE AVENUE,,Fatal Crash,No,2023,,North,,1,,Flat,,,,,,Dark,230701,0,0,1,2,,,0,,,,,,Auckland Region,Nil,2-way,Sealed,,0,0,,50,,On,0,0,,76,Auckland,Stop,,,,,0,0,Urban,0,,,Fine,Null
1743482.76,5919618.4186,796462,,513622,0,,0,2,,North,2023/2024,DON BUCK ROAD,GLEN ROAD,,Non-Injury Crash,No,2023,,South,,0,,Hill Road,,,,,,Overcast,226903,0,0,0,2,,,0,,,,,,Auckland Region,Nil,2-way,Sealed,,0,0,,50,,Off,0,0,,76,Auckland,Nil,,,,,0,0,Urban,0,,,Fine,Null
1747560.4111,5914823.1287,796478,,511602,0,,0,1,,Null,2023/2024,SABULITE ROAD,CARTWRIGHT ROAD,,Non-Injury Crash,No,2023,,North,,0,,Flat,,,,,,Dark,272800,0,0,0,2,,,0,,,,,,Auckland Region,Nil,2-way,Sealed,,0,0,,50,,On,1,0,,76,Auckland,Give way,,,,,0,0,Urban,0,,,Fine,Null
1755317.1845,5921878.9622,796487,,515202,0,,0,1,,South,2024/2025,NORTHERN MOTORWAY,CURRAN STREET ON RAMP,,Non-Injury Crash,Yes,2024,,North,,0,,Hill Road,,,,,,Dark,423600,0,0,0,3,,,0,,,,,,Auckland Region,Bridge,1-way,Sealed,,0,0,,80,,On,1,0,,76,Auckland,Nil,,,,,0,0,Open,0,,,Fine,Null
1763925.9455,5912479.1132,796488,,520500,0,,0,2,,Null,2023/2024,MOUNT WELLINGTON HWY OFF RAMP,MOUNT WELLINGTON HIGHWAY,,Serious Crash,No,2024,,West,,0,,Hill Road,,,,,,Dark,639500,4,0,0,2,,,0,,,,,,Auckland Region,Motorway ramp,1-way,Sealed,,0,1,,50,,On,0,0,,76,Auckland,Traffic Signals,,,,,0,0,Urban,1,,,Light rain,Null
1766262.5256,5899901.5213,796495,,524822,0,,0,2,,North,2024/2025,ROSCOMMON ROAD,PALMERS ROAD,,Non-Injury Crash,No,2024,,North,,0,,Flat,,,,,,Overcast,774431,0,0,0,2,,,0,,,,,,Auckland Region,Nil,1-way,Sealed,,0,0,,50,,Off,0,0,,76,Auckland,Nil,,,,,0,0,Urban,0,,,Heavy rain,Null
1770207.0582,5899069.3048,796504,,523920,0,,0,2,,Null,2023/2024,GREAT SOUTH ROAD,MANUIA ROAD,,Non-Injury Crash,No,2024,,South,,0,,Flat,,,,,,Dark,768005,0,0,0,5,,,0,,,,,,Auckland Region,Nil,2-way,Sealed,,0,0,,50,,On,0,0,,76,Auckland,Stop,,,,,0,0,Urban,0,,,Fine,Null
1765968.7891,5906405.8673,796510,,522202,0,,0,2,,Null,2022/2023,GREAT SOUTH ROAD,TUI ROAD,,Minor Crash,No,2023,,North,,0,,Flat,,Queens Birthday,,,,Overcast,665101,1,0,0,2,,,0,,,,,,Auckland Region,Nil,2-way,Sealed,,0,0,,50,,Off,0,0,,76,Auckland,Traffic Signals,,,,,0,0,Urban,0,,,Fine,Null
1767370.4791,5901210.2535,796519,,524720,0,0,0,1,0,West,2025/2026,RUSSELL ROAD,DEVERON ROAD,,Non-Injury Crash,No,2025,0,East,0,0,0,Flat,0,,0,,0,Bright sun,777502,0,0,0,2,0,0,0,0,1,,0,0,Auckland Region,Nil,2-way,Sealed,0,0,0,0,50,0,Null,0,0,,76,Auckland,Nil,0,0,0,0,0,0,Urban,0,0,0,Fine,Null
1770821.8962,5898464.848,796535,,523920,0,0,0,3,0,Null,2024/2025,GREAT SOUTH ROAD,GRAHAM ROAD,,Non-Injury Crash,No,2025,0,South,0,0,0,Flat,0,Queens Birthday,0,,0,Bright sun,767503,0,0,0,2,0,0,0,0,1,,0,0,Auckland Region,Nil,2-way,Sealed,0,0,0,0,50,0,Off,0,0,,76,Auckland,Stop,0,0,0,0,0,0,Urban,1,0,0,Fine,Null
1752495.8556,5914246.1818,796536,,514500,0,,0,2,,Null,2023/2024,TIVERTON ROAD,NEW WINDSOR ROAD,,Non-Injury Crash,No,2023,,East,,0,,Flat,,,,,,Overcast,375100,0,0,0,4,,,0,,,,,,Auckland Region,Nil,2-way,Sealed,,0,0,,50,,On,0,0,,76,Auckland,Traffic Signals,,,,,0,0,Urban,0,,,Fine,None
1759609.2531,5909648.1317,796566,,524002,0,,0,2,,South,2023/2024,SOUTH-WESTERN MOTORWAY,HASTIE FTBR,,Minor Crash,Yes,2024,,North,,0,,Flat,,,,,,Dark,724102,1,0,0,3,,,0,,,,,,Auckland Region,Nil,1-way,Sealed,,0,0,,100,,On,1,0,50,76,Auckland,Nil,,,,,0,0,Open,0,,,Fine,Null
1768267.7688,5908240.2264,796590,,523711,0,,0,2,,South,2023/2024,EAST TAMAKI ROAD,BIRMINGHAM ROAD,,Minor Crash,No,2023,,North,,0,,Flat,,,,,,Dark,712303,1,0,0,2,,,0,,,,,,Auckland Region,Nil,2-way,Sealed,,0,0,,50,,On,0,0,,76,Auckland,Nil,,,,,0,0,Urban,0,,,Fine,Null
1751586.495,5914556.3779,796607,,514402,0,,0,1,,South,2024/2025,BLOCKHOUSE BAY ROAD,ACTON PLACE,,Minor Crash,No,2025,,South,,0,,Flat,,,,,,Dark,380503,1,0,0,2,,,0,,,,,,Auckland Region,Nil,2-way,Sealed,,0,0,,50,,Off,0,1,,76,Auckland,Nil,,,,,0,0,Urban,1,,,Fine,Null
1757480.0168,5926715.9379,796616,,507900,0,,0,2,,North,2023/2024,BARRYS POINT ROAD,DES SWANN DRIVE,,Non-Injury Crash,No,2023,,South,,0,,Flat,,,,,,Bright sun,304100,0,0,0,2,,,0,,,,,,Auckland Region,Nil,2-way,Sealed,,0,0,,50,,Off,0,0,,76,Auckland,Nil,,,,,1,0,Urban,0,,,Fine,Null
1763809.4758,5904488.6488,796632,,524604,0,0,0,3,0,South,2024/2025,SOUTH-WESTERN MOTORWAY,PUHINUI ROAD-SH 20B ON RAMP,,Minor Crash,Yes,2025,0,North,0,0,0,Flat,1,,0,,0,Overcast,780902,1,0,0,2,0,0,0,0,0,,0,0,Auckland Region,Motorway ramp,1-way,Sealed,0,0,0,0,100,0,Off,0,0,,76,Auckland,Nil,0,0,0,0,0,0,Open,0,0,0,Fine,Null
1768857.752,5905907.7789,796648,,523721,0,,0,1,,North,2022/2023,DAWSON ROAD,TE IRIRANGI DRIVE,,Non-Injury Crash,No,2023,,South,,0,,Flat,,,,,,Overcast,715616,0,0,0,2,,,0,,,,,,Auckland Region,Nil,2-way,Sealed,,0,0,,50,,On,1,0,,76,Auckland,Nil,,,,,0,0,Urban,0,,,Light rain,None
1768886.2235,5880042.8331,796656,,525922,0,0,0,1,0,West,2024/2025,NELSON STREET,COLLIE ROAD,,Non-Injury Crash,No,2024,0,East,0,0,0,Flat,0,,0,,0,Bright sun,823401,0,0,0,2,0,0,0,0,1,,0,0,Auckland Region,Nil,2-way,Sealed,0,0,0,0,50,0,Off,0,0,,76,Auckland,Nil,0,0,0,0,0,0,Urban,1,0,0,Fine,Null
1769904.7713,5901090.7917,796663,,523816,0,,0,1,,South,2024/2025,SOUTHERN MOTORWAY,ALFRISTON OBR,,Minor Crash,Yes,2024,,South,,0,,Flat,,,,,,Dark,759724,1,0,0,3,,,0,,,,,,Auckland Region,Nil,1-way,Sealed,,0,0,,100,,On,0,0,,76,Auckland,Nil,,,,,1,0,Open,0,,,Light rain,Null
1745348.7107,5920862.9995,796664,,513301,0,0,0,2,0,South,2025/2026,NORTH-WESTERN MOTORWAY,HURUHURU CK BR,,Minor Crash,Yes,2025,0,South,0,0,0,Hill Road,0,,0,,0,Dark,230200,1,0,0,3,0,0,0,0,0,,0,0,Auckland Region,Nil,1-way,Sealed,0,0,0,0,100,0,On,0,0,,76,Auckland,Nil,0,0,0,0,0,0,Open,0,1,0,Fine,Null
1763309.2357,5909736.5722,796680,,521901,0,0,2,3,0,Null,2024/2025,SALEYARDS ROAD,RAILWAY LANE,,Non-Injury Crash,No,2024,0,South,0,0,0,Flat,0,,0,,0,Dark,782700,0,0,0,2,0,0,0,0,1,,0,0,Auckland Region,Nil,2-way,Sealed,0,0,0,0,50,0,On,0,2,,76,Auckland,Stop,0,0,0,0,0,0,Urban,0,0,0,Fine,Null
1752300.0582,5970393.2116,796694,,506631,0,0,0,0,0,East,2023/2024,SANDSPIT ROAD,HAMILTON ROAD,,Non-Injury Crash,No,2024,0,West,0,0,0,Flat,0,,0,,0,Dark,139501,0,0,0,2,0,0,0,0,0,,0,0,Auckland Region,Nil,2-way,Sealed,0,0,0,0,80,0,On,0,0,,76,Auckland,Nil,0,0,0,0,0,0,Open,1,0,0,Fine,Null
1774735.7799,5896203.1137,796704,,525610,0,0,0,1,0,West,2023/2024,EASTBURN STREET,DOMINION ROAD,,Non-Injury Crash,No,2023,0,East,0,0,0,Flat,0,,0,,0,Twilight,799000,0,0,0,2,0,0,0,0,1,,0,0,Auckland Region,Nil,2-way,Sealed,0,0,0,0,50,0,On,0,0,,76,Auckland,Nil,0,0,0,0,1,0,Urban,0,0,0,Light rain,Null
1756084.027,5924062.1049,796712,,509800,0,0,0,1,0,East,2023/2024,STAFFORD ROAD OFF RAMP,NELSON AVENUE,,Minor Crash,No,2024,0,North,0,0,1,Flat,1,,0,,0,Overcast,361100,1,0,0,1,0,0,0,0,0,,0,0,Auckland Region,Nil,1-way,Sealed,0,0,0,0,50,0,Off,0,0,,76,Auckland,Nil,0,1,0,0,0,0,Urban,0,0,0,Fine,Null
1768133.8036,5907703.8559,796719,,523602,0,,0,1,,South,2024/2025,PRESTON ROAD,ORMISTON ROAD,,Non-Injury Crash,No,2025,,North,,0,,Flat,,,,,,Dark,710100,0,0,0,2,,,0,,,,,,Auckland Region,Nil,2-way,Sealed,,0,0,,50,,On,0,0,,76,Auckland,Nil,,,,,0,0,Urban,1,,,Fine,Null
1758430.5253,5912140.2972,796726,,519810,0,,0,0,,West,2023/2024,CHURCH STREET,QUADRANT ROAD,,Minor Crash,No,2023,,West,,0,,Flat,,,,,,Overcast,598700,1,0,0,2,,,0,,,1,,,Auckland Region,Nil,2-way,Sealed,,0,0,,50,,Off,1,0,,76,Auckland,Nil,,,,,0,0,Urban,0,,,Fine,Null
1766017.0108,5900501.1889,796728,,524821,0,0,0,1,0,Null,2024/2025,ROSCOMMON ROAD,BURUNDI AVENUE,,Non-Injury Crash,No,2024,0,North,0,0,0,Flat,0,,0,,0,Overcast,774405,0,0,0,1,0,0,0,0,0,,0,0,Auckland Region,Nil,1-way,Sealed,0,0,0,0,50,0,Off,0,0,,76,Auckland,Traffic Signals,0,1,0,0,0,0,Urban,1,0,0,Fine,Null
1762563.1194,5913074.5308,796734,,520500,0,0,0,1,0,South,2023/2024,SOUTHERN MOTORWAY,SOUTH-EASTERN HWY ON RAMP,,Non-Injury Crash,Yes,2023,0,North,0,0,0,Flat,2,,0,,0,Overcast,637200,0,0,0,3,0,0,0,0,0,,0,1,Auckland Region,Nil,1-way,Sealed,0,0,0,0,100,0,Off,0,0,,76,Auckland,Nil,0,0,0,0,0,0,Open,0,0,0,Light rain,Strong wind
1758644.2624,5880447.0372,796735,35,521121,0,0,0,1,0,North,2024/2025,GLENBROOK STATION ROAD,FARM PARK ROAD,,Non-Injury Crash,No,2024,0,East,0,0,0,Flat,0,,0,,0,Overcast,812400,0,0,0,2,0,0,0,0,0,,0,0,Auckland Region,Rail xing,2-way,Sealed,0,0,0,0,60,0,None,0,0,,76,Auckland,Nil,0,1,0,0,0,0,Urban,0,0,0,Heavy rain,Strong wind
1757649.6251,5920900.7816,796736,,514101,0,,0,1,,Null,2024/2025,COMMERCE STREET,GALWAY STREET,,Minor Crash,No,2025,,North,,0,,Flat,,,,,,Bright sun,437903,1,0,0,2,,,0,,,1,,,Auckland Region,Nil,2-way,Sealed,,0,0,,30,,Off,0,0,,76,Auckland,Give way,,,,,0,0,Urban,0,,,Fine,Null