X,Y,OBJECTID,advisorySpeed,areaUnitID,bicycle,bridge,bus,carStationWagon,cliffBank,crashDirectionDescription,crashFinancialYear,crashLocation1,crashLocation2,crashRoadSideRoad,crashSeverity,crashSHDescription,crashYear,debris,directionRoleDescription,ditch,fatalCount,fence,flatHill,guardRail,holiday,houseOrBuilding,intersection,kerb,light,meshblockId,minorInjuryCount,moped,motorcycle,NumberOfLanes,objectThrownOrDropped,otherObject,otherVehicleType,overBank,parkedVehicle,pedestrian,phoneBoxEtc,postOrPole,region,roadCharacter,roadLane,roadSurface,roadworks,schoolBus,seriousInjuryCount,slipOrFlood,speedLimit,strayAnimal,streetLight,suv,taxi,temporarySpeedLimit,tlaId,tlaName,trafficControl,trafficIsland,trafficSign,train,tree,truck,unknownVehicleType,urban,vanOrUtility,vehicle,waterRiver,weatherA,weatherB
1769869.8758,5901923.7066,796743,,523814,0,,0,2,,East,2024/2025,HILL ROAD,NORM PELLOW DRIVE,,Non-Injury Crash,No,2025,,West,,0,,Flat,,,,,,Twilight,759513,0,0,0,2,,,0,,,,,,Auckland Region,Nil,2-way,Sealed,,0,0,,50,,On,0,0,,76,Auckland,Nil,,,,,0,0,Urban,1,,,Fine,Null
1767274.8795,5905956.5109,796744,,522302,0,0,0,1,0,North,2024/2025,CASPAR ROAD,ESPERANTO ROAD,,Non-Injury Crash,No,2024,0,North,0,0,0,Flat,0,,0,,0,Dark,670901,0,0,0,2,0,0,0,0,1,,0,0,Auckland Region,Nil,2-way,Sealed,0,0,0,0,50,0,On,0,0,,76,Auckland,Nil,0,0,0,0,1,0,Urban,0,0,0,Fine,Null
1768786.3302,5904967.6332,796758,,523722,0,0,0,1,0,South,2022/2023,HOLLYFORD DRIVE,ASPIRING AVENUE,,Non-Injury Crash,No,2023,0,South,0,0,0,Hill Road,0,,0,,0,Twilight,716014,0,0,0,2,0,0,0,0,0,,0,0,Auckland Region,Nil,2-way,Sealed,0,0,0,0,50,0,Off,0,0,,76,Auckland,Nil,0,0,0,1,0,0,Urban,0,0,0,Heavy rain,Strong wind
1753383.68,5929807.4238,796760,,508411,0,,0,1,,Null,2023/2024,ALBANY HIGHWAY,SUNSET ROAD,,Non-Injury Crash,No,2024,,South,,0,,Flat,,,,,,Dark,183903,0,0,0,6,,,0,,,,,,Auckland Region,Nil,2-way,Sealed,,0,0,,50,,On,1,0,,76,Auckland,Traffic Signals,,,,,0,0,Urban,0,,,Fine,Null
1756431.3644,5919377.1762,796766,,514000,0,0,0,0,0,Null,2022/2023,KARANGAHAPE ROAD,EDINBURGH STREET,,Non-Injury Crash,No,2023,0,West,0,0,0,Flat,0,,0,,0,Overcast,413900,0,0,0,5,0,0,0,0,0,,0,1,Auckland Region,Nil,2-way,Sealed,0,0,0,0,30,0,Off,0,0,,76,Auckland,Give way,0,0,0,0,0,0,Urban,1,0,0,Light rain,Null
1769872.9355,5899095.8506,796792,,523920,0,,0,3,,South,2024/2025,SOUTHERN MOTORWAY,GT SOUTH OBR,,Non-Injury Crash,Yes,2025,,North,,0,,Flat,,,,,,Dark,767911,0,0,0,3,,,0,,,,,,Auckland Region,Nil,1-way,Sealed,,0,0,,100,,On,0,0,,76,Auckland,Nil,,,,,1,0,Open,0,,,Fine,Null
1768944.9203,5881179.8069,796799,,525910,0,,0,1,,Null,2023/2024,EDINBURGH STREET,KING STREET,,Non-Injury Crash,No,2024,,South,,0,,Flat,,,,,,Overcast,819100,0,0,0,2,,,0,,,,,,Auckland Region,Nil,2-way,Sealed,,0,0,,50,,Off,0,0,,76,Auckland,Give way,,,,,0,0,Urban,1,,,Fine,Null
1759023.9644,5906808.6098,796800,,524122,0,,0,0,,Null,2025/2026,VISCOUNT STREET,KIRKBRIDE ROAD,,Serious Crash,No,2025,,West,,0,,Flat,,,,,,Dark,739700,1,0,0,2,,,0,,,,,,Auckland Region,Nil,2-way,Sealed,,0,1,,50,,On,0,0,,76,Auckland,Stop,,,,,0,0,Urban,2,,,Light rain,Null
1754159.3973,5930861.9719,796808,,508420,0,,0,2,,West,2024/2025,SUNSET ROAD,HIGHGROVE LANE,,Non-Injury Crash,No,2025,,East,,0,,Flat,,,,,,Bright sun,182008,0,0,0,2,,,0,,,,,,Auckland Region,Nil,2-way,Sealed,,0,0,,50,,None,0,0,,76,Auckland,Nil,,,,,0,0,Urban,0,,,Fine,Null
1768090.377,5881064.2582,796816,,525921,0,,0,2,,Null,2024/2025,VICTORIA STREET,HELVETIA ROAD,,Non-Injury Crash,No,2025,,South,,0,,Null,,,,,,Overcast,821800,0,0,0,2,,,0,,,,,,Auckland Region,Nil,2-way,Sealed,,0,0,,50,,Null,0,0,,76,Auckland,Stop,,,,,0,0,Urban,0,,,Light rain,Null
1757721.5381,5918253.5724,796824,,518101,0,,0,1,,West,2024/2025,SOUTHERN MOTORWAY,MOUNTAIN OBR,,Non-Injury Crash,Yes,2025,,North,,0,,Flat,,,,,,Bright sun,543000,0,0,0,5,,,0,,,,,,Auckland Region,Nil,1-way,Sealed,,0,0,,80,,Off,0,0,,76,Auckland,Nil,,,,,2,0,Open,1,,,Fine,Null
1765496.7594,5901811.5996,796830,,524604,0,,0,1,,South,2023/2024,ROSCOMMON ROAD,BOLDERWOOD PLACE,,Minor Crash,No,2023,,South,,0,,Flat,,,,,,Bright sun,781302,1,0,0,4,,,0,,,,,,Auckland Region,Nil,2-way,Sealed,,0,0,,60,,Off,0,0,,76,Auckland,Nil,,,,,1,0,Urban,0,,,Fine,Null
1747111.5354,5921444.2563,796831,45,512300,0,0,0,2,0,Null,2024/2025,TAIKATA ROAD,KAUMATUA PLACE,,Minor Crash,No,2025,0,East,0,0,0,Flat,0,,0,,0,Dark,250300,1,0,0,2,0,0,0,0,1,,0,0,Auckland Region,Nil,2-way,Sealed,0,0,0,0,50,0,On,0,0,,76,Auckland,Nil,0,0,0,1,0,0,Urban,0,0,0,Fine,Null
1753745.3492,5918307.1141,796832,,515002,0,,0,2,,West,2024/2025,NORTH-WESTERN MOTORWAY,ST LUKES OBR,,Non-Injury Crash,Yes,2025,,East,,0,,Flat,,,,,,Overcast,390501,0,0,0,4,,,0,,,,,,Auckland Region,Nil,1-way,Sealed,,0,0,,100,,On,0,0,,76,Auckland,Nil,,,,,0,0,Open,0,,,Fine,Null
1749567.938,5945449.5821,796838,,506001,0,,0,0,,Null,2023/2024,TAVERN ROAD,EAST COAST ROAD,,Non-Injury Crash,No,2023,,West,,0,,Hill Road,,,,,,Overcast,175600,0,0,0,2,,,0,,,,,,Auckland Region,Nil,2-way,Sealed,,0,0,,50,,On,0,0,,76,Auckland,Traffic Signals,,,,,0,0,Urban,2,,,Heavy rain,Strong wind
1753777.2879,5936737.8422,796839,,508703,0,0,0,0,0,Null,2024/2025,EAST COAST ROAD,GLENVAR ROAD,,Minor Crash,No,2024,0,East,0,0,0,Flat,0,,0,,0,Bright sun,179213,1,0,0,2,0,0,0,0,0,,0,1,Auckland Region,Nil,2-way,Sealed,0,0,0,0,50,0,Off,1,0,,76,Auckland,Give way,0,0,0,0,1,0,Urban,1,0,0,Fine,Null
1764121.6812,5909796.8464,796847,25,521901,0,,0,2,,South,2023/2024,GREAT SOUTH ROAD,AVENUE ROAD,,Non-Injury Crash,No,2024,,North,,0,,Flat,,,,,,Bright sun,784000,0,0,0,2,,,0,,,,,,Auckland Region,Nil,2-way,Sealed,,0,0,,50,,None,0,0,,76,Auckland,Nil,,,,,0,0,Urban,0,,,Fine,None
1775155.0874,5896747.9675,796848,,525610,0,0,0,3,0,North,2025/2026,KERI VISTA RISE,NYKKI PLACE,,Minor Crash,No,2025,0,North,0,0,0,Flat,0,,0,,0,Dark,799123,1,0,0,2,0,0,0,0,2,,0,0,Auckland Region,Nil,2-way,Sealed,0,0,0,0,50,0,On,0,0,,76,Auckland,Nil,0,0,0,0,0,0,Urban,0,0,0,Fine,Null
1754042.9757,5929529.7732,796855,,508420,0,0,0,2,0,North,2023/2024,ELLICE ROAD,AYTON DRIVE,,Non-Injury Crash,No,2024,0,South,0,0,0,Hill Road,0,,0,,0,Overcast,183000,0,0,0,2,0,0,0,0,1,,0,0,Auckland Region,Nil,2-way,Sealed,0,0,0,0,50,0,Off,0,0,,76,Auckland,Nil,0,0,0,0,0,0,Urban,0,0,0,Light rain,Null
1757576.7535,5921045.5237,796856,,514101,0,,0,1,,Null,2024/2025,QUAY STREET,QUEEN STREET,,Serious Crash,No,2025,,East,,0,,Flat,,,,,,Bright sun,437901,0,0,0,2,,,0,,,1,,,Auckland Region,Nil,2-way,Sealed,,0,1,,30,,Off,0,0,,76,Auckland,Traffic Signals,,,,,0,0,Urban,0,,,Fine,Null
1765215.3035,5909918.6601,796862,,521803,0,,0,1,,North,2022/2023,FRANK GREY PLACE,TRENWITH STREET,,Non-Injury Crash,No,2023,,North,,0,,Flat,,,,,,Bright sun,788300,0,0,0,2,,,0,,,,,,Auckland Region,Nil,2-way,Sealed,,0,0,,50,,Off,1,0,,76,Auckland,Nil,,,,,0,0,Urban,0,,,Fine,Null
1752281.7542,5915909.803,796871,,517902,0,,0,1,,South,2024/2025,NEW NORTH ROAD,RICHARDSON ROAD,,Serious Crash,No,2024,,North,,0,,Flat,,,,,,Overcast,520700,0,0,0,4,,,0,,,1,,,Auckland Region,Nil,2-way,Sealed,,0,1,,50,,Off,0,0,,76,Auckland,Nil,,,,,0,0,Urban,0,,,Fine,Null
1746144.3935,5926066.5233,796872,,513431,0,0,0,2,0,North,2024/2025,UPPER HARBOUR MOTORWAY,BRIGHAM CK OBR,,Minor Crash,Yes,2025,0,South,0,0,0,Flat,1,,0,,0,Bright sun,223802,1,0,0,2,0,0,0,0,0,,0,0,Auckland Region,Nil,1-way,Sealed,0,0,0,0,100,0,Off,0,0,,76,Auckland,Nil,0,0,0,0,0,0,Open,0,0,0,Fine,Null
1746077.9594,5928203.1019,796878,,513420,0,0,0,0,0,East,2022/2023,PURIRI ROAD,WAIMARIE ROAD,,Non-Injury Crash,No,2023,0,East,1,0,0,Flat,0,,0,,0,Bright sun,221000,0,0,0,2,0,0,0,0,0,,0,0,Auckland Region,Nil,2-way,Sealed,0,0,0,0,50,0,Off,1,0,,76,Auckland,Nil,0,0,0,0,0,0,Urban,0,0,0,Fine,Null
1772785.434,5895831.182,796886,,525410,0,0,0,2,0,Null,2023/2024,GREAT SOUTH ROAD,NELSON STREET,,Serious Crash,No,2023,0,South,0,0,1,Flat,0,,0,,0,Dark,792504,0,0,0,2,0,0,0,0,0,,0,0,Auckland Region,Nil,2-way,Sealed,0,0,1,0,50,0,On,0,0,,76,Auckland,Stop,0,0,0,0,0,0,Urban,0,0,0,Fine,Null
1728306.0881,5923714.5854,796888,,506654,0,0,0,1,0,East,2023/2024,MOTUTARA ROAD,COAST ROAD,,Non-Injury Crash,No,2024,0,East,0,0,0,Hill Road,0,,0,,0,Dark,218804,0,0,0,2,0,0,0,0,1,,0,0,Auckland Region,Nil,2-way,Sealed,0,0,0,0,50,0,On,0,0,,76,Auckland,Nil,0,0,0,1,0,0,Urban,1,0,0,Fine,Null
1762868.5932,5905525.5686,796902,,524303,0,0,0,1,0,South,2023/2024,SOUTH-WESTERN MOTORWAY,PORTAGE OBR,,Minor Crash,Yes,2023,0,South,0,0,0,Flat,1,,0,,0,Dark,746301,1,0,0,2,0,0,0,0,0,,0,0,Auckland Region,Nil,1-way,Sealed,0,0,0,0,100,0,On,0,0,,76,Auckland,Nil,0,0,0,1,0,0,Open,0,0,0,Fine,Null
1769894.3685,5899807.2706,796918,,523911,0,,0,3,,South,2023/2024,SOUTHERN MOTORWAY,TAKANINI OFF RAMP,,Minor Crash,Yes,2023,,South,,0,,Hill Road,,,,,,Bright sun,766600,1,0,0,3,,,0,,,,,,Auckland Region,Overpass,1-way,Sealed,,0,0,,100,,Off,0,0,,76,Auckland,Nil,,,,,0,0,Open,0,,,Fine,Null
1761449.5096,5917504.0847,796920,45,516202,0,0,0,2,0,Null,2023/2024,BENSON ROAD,CROWN ROAD,,Non-Injury Crash,No,2023,0,Null,0,0,0,Flat,0,,0,,0,Bright sun,488400,0,0,0,2,0,0,0,0,1,,0,0,Auckland Region,Nil,2-way,Sealed,0,0,0,0,50,0,Off,0,0,,76,Auckland,Give way,0,0,0,0,0,0,Urban,0,0,0,Fine,None
1746912.0376,5913112.6121,796926,,511100,0,0,0,1,0,South,2023/2024,GLENDALE ROAD,LEVY ROAD,,Serious Crash,No,2023,0,South,0,0,0,Flat,0,,0,,0,Dark,288000,0,0,0,2,0,0,0,0,1,,0,0,Auckland Region,Nil,2-way,Sealed,0,0,1,0,50,0,On,1,0,,76,Auckland,Nil,0,0,0,0,0,0,Urban,0,0,0,Fine,Null
1758416.5809,5926592.1232,796927,,508020,0,,0,2,,Null,2023/2024,LAKE ROAD,ESMONDE ROAD,,Non-Injury Crash,No,2024,,South,,0,,Flat,,,,,,Overcast,324700,0,0,0,4,,,0,,,,,,Auckland Region,Nil,2-way,Sealed,,0,0,,50,,Off,0,0,,76,Auckland,Traffic Signals,,,,,0,0,Urban,0,,,Fine,Null
1748228.8455,5914295.0673,796928,,511700,0,0,1,1,0,North,2024/2025,ARCHIBALD ROAD,NETHERLANDS AVENUE,,Minor Crash,No,2025,0,North,0,0,0,Flat,0,,0,,0,Overcast,270201,1,0,0,2,0,0,0,0,1,,0,0,Auckland Region,Nil,2-way,Sealed,0,0,0,0,50,0,Off,1,0,,76,Auckland,Nil,0,0,0,0,0,0,Urban,0,0,0,Fine,Null
1767184.8745,5917894.4919,796934,,517002,0,0,1,1,0,East,2022/2023,INGLEWOOD STREET,TANIWHA STREET,,Non-Injury Crash,No,2023,0,South,0,0,0,Hill Road,0,,0,,0,Bright sun,473600,0,0,0,2,0,0,0,0,1,,0,0,Auckland Region,Nil,2-way,Sealed,0,0,0,0,50,0,None,0,0,30,76,Auckland,Nil,0,0,0,0,0,0,Urban,0,0,0,Fine,Null
1752094.9495,5930631.6645,796943,,509100,0,0,0,1,0,Null,2023/2024,ALBANY HIGHWAY,ALBANY HIGHWAY ON RAMP,,Non-Injury Crash,No,2024,0,North,0,0,0,Hill Road,1,,0,,0,Overcast,181004,0,0,0,1,0,0,0,0,0,,0,0,Auckland Region,Motorway ramp,1-way,Sealed,0,0,0,0,60,0,On,0,0,,76,Auckland,Traffic Signals,0,0,0,0,0,0,Urban,0,0,0,Fine,Null
1728394.9354,5932213.5485,796950,,506652,0,0,0,1,0,Null,2023/2024,SH 16,RESTALL ROAD,,Minor Crash,Yes,2024,0,South,1,0,0,Flat,0,,0,,0,Bright sun,218200,1,0,0,2,0,0,0,0,0,,0,0,Auckland Region,Nil,2-way,Sealed,0,0,0,1,100,0,None,0,0,,76,Auckland,Give way,0,0,0,0,0,0,Open,0,0,0,Fine,Strong wind
1759098.4035,5907822.1031,796952,,524002,0,0,0,1,0,Null,2024/2025,MCKENZIE ROAD,VALIANT STREET,,Non-Injury Crash,No,2024,0,North,0,0,0,Flat,0,,0,,0,Dark,725601,0,0,0,2,0,0,0,0,0,,0,0,Auckland Region,Nil,2-way,Sealed,0,0,0,0,50,0,On,0,0,,76,Auckland,Give way,0,0,0,1,0,0,Urban,0,0,0,Fine,Null
1762884.4782,5907646.0782,796959,,524301,0,0,0,2,0,South,2024/2025,MASSEY ROAD,TENNESSEE AVENUE,,Non-Injury Crash,No,2024,0,North,0,0,0,Flat,0,,0,,0,Overcast,747601,0,0,0,2,0,0,0,0,1,,0,1,Auckland Region,Nil,2-way,Sealed,0,0,0,0,50,0,Off,1,0,,76,Auckland,Nil,0,0,0,0,0,0,Urban,0,0,0,Fine,Null
1742945.382,5913526.1615,796968,,513020,0,,0,2,,North,2024/2025,FOREST HILL ROAD,KELLYS ROAD,,Non-Injury Crash,No,2025,,East,,0,,Flat,,,,,,Bright sun,281103,0,0,0,2,,,0,,,,,,Auckland Region,Nil,2-way,Sealed,,0,0,,60,,Off,0,0,,76,Auckland,Nil,,,,,0,0,Urban,0,,,Fine,Null
1774864.0123,5896520.6174,796974,,525610,0,,0,0,,Null,2023/2024,DOMINION ROAD,SHEEHAN AVENUE,,Minor Crash,No,2024,,South,,0,,Flat,,,,,,Bright sun,799102,1,0,0,1,,,0,,,1,,,Auckland Region,Nil,2-way,Sealed,,0,0,,50,,Off,0,0,,76,Auckland,Stop,,,,,0,0,Urban,1,,,Fine,Null
1773415.8202,5892039.695,796991,,521301,0,0,0,1,0,Null,2023/2024,GREAT SOUTH ROAD,CAMERON PLACE,,Non-Injury Crash,No,2024,0,South,0,0,0,Flat,0,,0,,0,Twilight,808701,0,0,0,2,0,0,0,0,0,,0,1,Auckland Region,Nil,2-way,Sealed,0,0,0,0,50,0,On,0,0,,76,Auckland,Stop,0,0,0,0,0,0,Urban,0,0,0,Fine,Null
1764873.3643,5910293.7538,796998,,521801,0,,0,2,,Null,2023/2024,PRINCES STREET,ALBERT STREET,,Non-Injury Crash,No,2023,,East,,0,,Flat,,,,,,Dark,787200,0,0,0,4,,,0,,,,,,Auckland Region,Nil,2-way,Sealed,,0,0,,50,,On,0,0,,76,Auckland,Traffic Signals,,,,,0,0,Urban,0,,,Fine,Null
1743174.4968,5921339.4396,797000,,513631,0,,0,1,,Null,2024/2025,DON BUCK ROAD,MALMO PLACE,,Non-Injury Crash,No,2024,,West,,0,,Hill Road,,,,,,Bright sun,227203,0,0,0,2,,,0,,,,,,Auckland Region,Nil,2-way,Sealed,,0,0,,50,,Off,0,0,,76,Auckland,Give way,,,,,0,0,Urban,1,,,Fine,Null
1764600.66,5905892.8224,797007,,524303,0,,0,2,,Null,2023/2024,STATION ROAD,HILLCREST ROAD,,Non-Injury Crash,No,2024,,North,,0,,Flat,,,,,,Bright sun,657500,0,0,0,2,,,0,,,,,,Auckland Region,Nil,2-way,Sealed,,0,0,,50,,Off,0,0,,76,Auckland,Stop,,,,,0,0,Urban,0,,,Fine,Null
1756750.5701,5927015.5545,797014,,507900,0,,0,2,,North,2023/2024,KARAKA STREET,TE URU LANE,,Non-Injury Crash,No,2023,,North,,0,,Flat,,,,,,Overcast,303700,0,0,0,2,,,0,,,,,,Auckland Region,Nil,2-way,Sealed,,0,0,,50,,Null,0,0,,76,Auckland,Nil,,,,,0,0,Urban,0,,,Light rain,Null
1771567.4606,5897743.6214,797016,,523912,0,,0,2,,South,2024/2025,GREAT SOUTH ROAD,INLET ROAD,,Non-Injury Crash,No,2024,,North,,0,,Flat,,,,,,Overcast,767808,0,0,0,2,,,0,,,,,,Auckland Region,Nil,2-way,Sealed,,0,0,,50,,Off,0,0,,76,Auckland,Nil,,,,,0,0,Urban,0,,,Fine,Null
1763422.7493,5909186.53,797022,,521901,0,,0,2,,Null,2023/2024,WALMSLEY ROAD,HANS STREET,,Non-Injury Crash,No,2024,,South,,0,,Flat,,,,,,Dark,783500,0,0,0,4,,,0,,,,,,Auckland Region,Nil,2-way,Sealed,,0,0,,50,,On,0,0,,76,Auckland,Stop,,,,,0,0,Urban,0,,,Fine,Null
1763849.6009,5909687.5603,797024,,521901,0,0,0,1,0,South,2023/2024,MASON AVENUE,STATION ROAD,,Non-Injury Crash,No,2024,0,West,0,0,1,Flat,0,,0,,0,Dark,784200,0,0,0,2,0,0,0,0,0,,0,0,Auckland Region,Nil,2-way,Sealed,0,0,0,0,50,0,On,0,0,,76,Auckland,Nil,0,0,0,0,0,0,Urban,0,0,0,Fine,Null
1775324.3751,5886579.3793,797031,,521132,0,0,1,2,0,South,2024/2025,SOUTHERN MOTORWAY,RAMARAMA ON RAMP,,Fatal Crash,Yes,2024,0,South,0,3,0,Flat,3,,0,,0,Overcast,814200,6,0,0,2,0,0,0,0,0,,0,0,Auckland Region,Nil,1-way,Sealed,0,0,2,0,100,0,Off,0,0,,76,Auckland,Nil,0,0,0,0,2,0,Open,1,0,0,Fine,Null
1763834.304,5906587.4126,797056,45,524303,0,,0,1,,Null,2023/2024,GRAY AVENUE,STATION ROAD,,Non-Injury Crash,No,2024,,South,,0,,Flat,,,,,,Bright sun,657100,0,0,0,1,,,0,,,,,,Auckland Region,Nil,1-way,Sealed,,0,0,,50,,On,0,0,,76,Auckland,Give way,,,,,0,0,Urban,1,,,Fine,None
1766077.845,5907676.874,797086,,522301,0,,0,2,,North,2023/2024,SOUTHERN MOTORWAY,EAST TAMAKI ROAD ON RAMP,,Non-Injury Crash,Yes,2023,,North,,0,,Flat,,,,,,Bright sun,666700,0,0,0,3,,,0,,,,,,Auckland Region,Nil,1-way,Sealed,,0,0,,100,,Off,0,0,,76,Auckland,Nil,,,,,0,0,Open,0,,,Fine,Null
1767721.7541,5905724.3306,797088,,523721,0,,0,2,,East,2022/2023,BOUNDARY ROAD,PRESTON ROAD,,Non-Injury Crash,No,2023,,East,,0,,Flat,,,,,,Twilight,715400,0,0,0,2,,,0,,,,,,Auckland Region,Nil,2-way,Sealed,,0,0,,50,,None,0,0,,76,Auckland,Nil,,,,,0,0,Urban,0,,,Light rain,None
1764337.9377,5915049.5269,797104,,520301,0,,0,2,,North,2024/2025,MOUNTAIN ROAD,ELLERSLIE-PANMURE HIGHWAY,,Minor Crash,No,2024,,North,,0,,Flat,,,,,,Bright sun,626404,1,0,0,2,,,0,,,,,,Auckland Region,Nil,2-way,Sealed,,0,0,,50,,Off,1,0,,76,Auckland,Nil,,,,,1,0,Urban,0,,,Fine,Null
1758850.9358,5919429.8023,797119,,515902,0,0,0,3,0,Null,2024/2025,PARNELL ROAD,BIRDWOOD CRESCENT,,Minor Crash,No,2025,0,South,0,0,0,Flat,0,,0,,0,Dark,454400,1,0,0,2,0,0,0,0,4,,0,0,Auckland Region,Nil,2-way,Sealed,0,0,0,0,50,0,On,2,0,40,76,Auckland,Stop,0,0,0,0,0,0,Urban,0,0,0,Fine,Null
1764194.5208,5909565.0182,797127,,521901,0,,0,1,,Null,2023/2024,QUEEN STREET,PARK AVENUE,,Non-Injury Crash,No,2023,,South,,0,,Flat,,,,,,Bright sun,784500,0,0,0,2,,,0,,,,,,Auckland Region,Nil,2-way,Sealed,,0,0,,50,,Off,0,0,,76,Auckland,Stop,,,,,0,0,Urban,1,,,Fine,None
1744968.3349,5921213.5823,797128,,513530,0,,0,0,,South,2024/2025,NORTH-WESTERN MOTORWAY,HURUHURU OBR,,Non-Injury Crash,Yes,2024,,South,,0,,Flat,,,,,,Overcast,226303,0,0,0,3,,,0,,,,,,Auckland Region,Nil,1-way,Sealed,,0,0,,100,,Off,0,0,,76,Auckland,Nil,,,,,0,0,Open,2,,,Heavy rain,Null
1766417.2266,5905242.2237,797143,,524603,0,,0,2,,Null,2023/2024,PUHINUI ROAD,CARRUTH ROAD,,Non-Injury Crash,No,2024,,East,,0,,Flat,,,,,,Bright sun,674300,0,0,0,2,,,0,,,,,,Auckland Region,Nil,2-way,Sealed,,0,0,,50,,Null,0,0,,76,Auckland,Traffic Signals,,,,,0,0,Urban,0,,,Fine,Null
1757522.5586,5916005.4311,797159,,515801,0,0,0,2,0,East,2024/2025,KING GEORGE AVENUE,ST ANDREWS ROAD,,Non-Injury Crash,No,2024,0,West,0,0,0,Flat,0,,0,,0,Dark,445500,0,0,0,2,0,0,0,0,1,,0,0,Auckland Region,Nil,2-way,Sealed,0,0,0,0,50,0,On,0,0,,76,Auckland,Nil,0,0,0,0,0,0,Urban,0,0,0,Light rain,Null
1774695.9283,5891448.5136,797160,55,521301,0,,0,1,,Null,2024/2025,WAIHOEHOE ROAD,APPLEBY ROAD,,Minor Crash,No,2024,,North,,0,,Flat,,,,,,Bright sun,808800,3,0,0,2,,,0,,,,,,Auckland Region,Nil,2-way,Sealed,,0,0,,80,,Off,0,0,,76,Auckland,Stop,,,,,0,0,Open,1,,,Fine,Null
1753150.1918,5946774.364,797168,,505906,0,,0,1,,North,2024/2025,WHANGAPARAOA ROAD,GLENELG ROAD,,Non-Injury Crash,No,2024,,South,,0,,Hill Road,,,,,,Bright sun,173803,0,0,0,4,,,0,,,,,,Auckland Region,Nil,2-way,Sealed,,0,0,,50,,Off,0,0,,76,Auckland,Nil,,,,,0,0,Urban,1,,,Fine,Null
1751784.8293,5917425.6195,797175,,514900,0,,0,1,,South,2024/2025,SH 20,GREAT NORTH ROAD ON RAMP,,Non-Injury Crash,Yes,2024,,South,,0,,Flat,,,,,,Overcast,386003,0,0,0,3,,,0,,,,,,Auckland Region,Nil,1-way,Sealed,,0,0,,80,,On,0,0,,76,Auckland,Nil,,,,,1,0,Open,0,,,Fine,Null
1769891.2867,5900899.7009,797191,,524902,0,,0,1,,South,2024/2025,SOUTHERN MOTORWAY,ALFRISTON OBR,,Non-Injury Crash,Yes,2024,,North,,0,,Flat,,Labour Weekend,,,,Twilight,757700,0,0,0,3,,,0,,,,,,Auckland Region,Nil,1-way,Sealed,,0,0,,100,,On,0,0,,76,Auckland,Nil,,,,,0,0,Open,1,,,Fine,Null
1774086.3884,5889245.5521,797199,,521302,0,0,0,1,0,South,2024/2025,SOUTHERN MOTORWAY,QUARRY OBR,,Non-Injury Crash,Yes,2025,0,North,0,0,0,Flat,1,,0,,0,Overcast,809101,0,0,0,2,0,0,0,0,0,,0,0,Auckland Region,Nil,1-way,Sealed,0,0,0,0,100,0,Off,0,0,,76,Auckland,Nil,0,0,0,0,0,0,Open,0,0,0,Fine,Null
1757317.9593,5912336.1117,797224,,518702,0,0,0,1,0,West,2024/2025,HENDRY AVENUE,QUEENSTOWN ROAD,,Non-Injury Crash,No,2024,0,West,0,0,0,Hill Road,0,,0,,0,Twilight,570900,0,0,0,2,0,0,0,0,0,,0,1,Auckland Region,Nil,2-way,Sealed,0,0,0,0,30,0,On,0,0,,76,Auckland,Nil,0,0,0,0,0,0,Urban,0,0,0,Fine,Null
1759650.4358,5915534.4607,797238,,519400,0,,0,3,,South,2023/2024,WHETURANGI ROAD,GREEN LANE WEST,,Non-Injury Crash,No,2023,,North,,0,,Flat,,,,,,Bright sun,616700,0,0,0,3,,,0,,,,,,Auckland Region,Nil,2-way,Sealed,,0,0,,50,,Off,0,0,,76,Auckland,Nil,,,,,0,0,Urban,0,,,Fine,Null
1755200.1171,5914265.8412,797239,,518803,0,,0,1,,South,2024/2025,MOUNT ALBERT ROAD,DOMINION ROAD,,Non-Injury Crash,No,2024,,North,,0,,Null,,,,,,Overcast,580700,0,0,0,4,,,0,,,,,,Auckland Region,Nil,2-way,Sealed,,0,0,,50,,Null,0,0,,76,Auckland,Traffic Signals,,,,,0,0,Urban,1,,,Light rain,Null
1747020.3902,5913806.7591,797240,,511002,0,,0,2,,Null,2023/2024,GLENDALE ROAD,GLENMALL PLACE,,Non-Injury Crash,No,2024,,North,,0,,Flat,,,,,,Twilight,283400,0,0,0,2,,,0,,,,,,Auckland Region,Nil,2-way,Sealed,,0,0,,50,,None,0,0,,76,Auckland,Give way,,,,,0,0,Urban,0,,,Light rain,Null
1747813.1843,5916244.9254,797254,,511601,0,,0,1,,South,2023/2024,HEPBURN ROAD,JULIANA WAY,,Non-Injury Crash,No,2023,,North,,0,,Flat,,,,,,Bright sun,274204,0,0,0,2,,,0,,,,,,Auckland Region,Nil,2-way,Sealed,,0,0,,50,,Off,0,0,,76,Auckland,Nil,,,,,1,0,Urban,0,,,Fine,Null
1767346.252,5905055.803,797262,,524603,0,,0,1,,South,2023/2024,GREAT SOUTH ROAD,RYAN PLACE,,Minor Crash,No,2024,,North,,0,,Flat,,,,,,Overcast,780304,1,0,0,4,,,0,,,,,,Auckland Region,Nil,2-way,Sealed,,0,0,,60,,Off,0,0,,76,Auckland,Nil,,,,,0,0,Urban,1,,,Fine,Null