X,Y,OBJECTID,advisorySpeed,areaUnitID,bicycle,bridge,bus,carStationWagon,cliffBank,crashDirectionDescription,crashFinancialYear,crashLocation1,crashLocation2,crashRoadSideRoad,crashSeverity,crashSHDescription,crashYear,debris,directionRoleDescription,ditch,fatalCount,fence,flatHill,guardRail,holiday,houseOrBuilding,intersection,kerb,light,meshblockId,minorInjuryCount,moped,motorcycle,NumberOfLanes,objectThrownOrDropped,otherObject,otherVehicleType,overBank,parkedVehicle,pedestrian,phoneBoxEtc,postOrPole,region,roadCharacter,roadLane,roadSurface,roadworks,schoolBus,seriousInjuryCount,slipOrFlood,speedLimit,strayAnimal,streetLight,suv,taxi,temporarySpeedLimit,tlaId,tlaName,trafficControl,trafficIsland,trafficSign,train,tree,truck,unknownVehicleType,urban,vanOrUtility,vehicle,waterRiver,weatherA,weatherB
1754373.3611,5916800.6707,797280,,517701,0,,0,2,,East,2023/2024,MORNINGSIDE DRIVE,ST LUKES ROAD,,Non-Injury Crash,No,2024,,South,,0,,Flat,,,,,,Overcast,536100,0,0,0,2,,,0,,,,,,Auckland Region,Nil,2-way,Sealed,,0,0,,50,,None,0,0,,76,Auckland,Nil,,,,,0,0,Urban,0,,,Fine,Null
1753710.6316,5919211.1858,797287,,515100,0,0,0,1,0,South,2024/2025,GARNET ROAD,LARCHWOOD AVENUE,,Non-Injury Crash,No,2024,0,North,0,0,0,Hill Road,0,,0,,0,Dark,398200,0,0,0,2,0,0,0,0,1,,0,0,Auckland Region,Nil,2-way,Sealed,0,0,0,0,50,0,On,2,0,,76,Auckland,Nil,0,0,0,1,0,0,Urban,1,0,0,Fine,Null
1766773.243,5904009.0886,797288,,524604,0,,0,2,,Null,2024/2025,LAMBIE DRIVE OFF RAMP,LAMBIE DRIVE,,Minor Crash,No,2024,,East,,0,,Flat,,Labour Weekend,,,,Overcast,780209,1,0,0,3,,,0,,,,,,Auckland Region,Motorway ramp,1-way,Sealed,,0,0,,60,,Off,0,0,40,76,Auckland,Traffic Signals,,,,,0,0,Urban,0,,,Light rain,Null
1760280.893,5913054.8716,797294,,519900,0,,0,1,,Null,2024/2025,MOUNT SMART ROAD,CAPTAIN SPRINGS ROAD,,Minor Crash,No,2024,,West,,0,,Flat,,,,,,Overcast,604100,1,0,0,2,,,0,,,,,,Auckland Region,Nil,2-way,Sealed,,0,0,,50,,Off,0,0,,76,Auckland,Stop,,,,,0,0,Urban,1,,,Heavy rain,Null
1761321.8078,5912945.5228,797295,,519500,0,,0,0,,Null,2024/2025,OFF ROAD CAR PARK,,,Minor Crash,No,2025,,North,,0,,Flat,,,,,,Bright sun,621700,1,0,0,0,,,0,,,1,,,Auckland Region,Nil,Off road,Unsealed,,0,0,,,,None,1,0,,76,Auckland,Nil,,,,,0,0,Urban,0,,,Fine,Null
1759943.9226,5915799.0897,797328,,516003,0,0,0,3,0,West,2023/2024,GREEN LANE EAST,NOLAN ROAD,,Non-Injury Crash,No,2024,0,West,0,0,0,Flat,0,,0,,0,Bright sun,495200,0,0,0,4,0,0,0,0,0,,0,0,Auckland Region,Nil,1-way,Sealed,0,0,0,0,50,0,Off,0,0,,76,Auckland,Nil,0,0,0,0,0,0,Urban,0,1,0,Fine,Null
1744018.2707,5918772.6068,797334,,513220,0,,0,1,,South,2023/2024,SWANSON ROAD,BRICK STREET,,Minor Crash,No,2024,,North,,0,,Flat,,,,,,Twilight,236103,2,0,1,2,,,0,,,,,,Auckland Region,Nil,2-way,Sealed,,0,0,,50,,Off,0,0,,76,Auckland,Nil,,,,,0,0,Urban,0,,,Fine,Null
1768623.5371,5880754.7483,797335,,525921,0,,0,1,,Null,2024/2025,OFF ROAD PAK N SAVE CARPARK,,,Serious Crash,No,2025,,North,,0,,Flat,,,,,,Bright sun,821900,0,0,0,,,,0,,,1,,,Auckland Region,Nil,Off road,Sealed,,0,1,,10,,Off,1,0,,76,Auckland,Nil,,,,,0,0,Urban,0,,,Fine,Null
1759990.6762,5906883.8134,797366,,524111,0,,0,2,,South,2023/2024,WADDON PLACE,ORLY AVENUE,,Minor Crash,No,2024,,South,,0,,Flat,,,,,,Dark,740500,1,0,0,2,,,0,,,,,,Auckland Region,Nil,2-way,Sealed,,0,0,,50,,On,0,0,,76,Auckland,Nil,,,,,0,0,Urban,0,,,Fine,Null
1762728.2551,5916996.428,797384,,516302,0,0,0,2,0,North,2023/2024,MCFARLAND STREET,GRAND DRIVE,,Non-Injury Crash,No,2024,0,South,0,0,0,Hill Road,0,,0,,0,Dark,463007,0,0,0,2,0,0,0,0,1,,0,0,Auckland Region,Nil,2-way,Sealed,0,0,0,0,50,0,On,0,0,,76,Auckland,Nil,0,0,0,0,0,0,Urban,0,0,0,Light rain,Null
1762717.5037,5912988.3835,797390,,520500,0,,0,2,,South,2023/2024,SOUTHERN MOTORWAY,SOUTH-EASTERN HWY ON RAMP,,Non-Injury Crash,Yes,2023,,North,,0,,Flat,,,,,,Overcast,637300,0,0,0,3,,,0,,,,,,Auckland Region,Nil,2-way,Sealed,,0,0,,100,,Off,0,0,,76,Auckland,Nil,,,,,0,0,Open,0,,,Fine,Null
1756544.5499,5918906.0396,797398,,514200,0,,0,1,,Null,2023/2024,NEWTON ROAD,PIWAKAWAKA STREET,,Minor Crash,No,2024,,West,,0,,Hill Road,,,,,,Bright sun,412800,1,1,0,4,,,0,,,,,,Auckland Region,Nil,2-way,Sealed,,0,0,,50,,Off,0,1,,76,Auckland,Traffic Signals,,,,,0,0,Urban,0,,,Light rain,Null
1766949.5175,5906842.4902,797399,,523601,0,,0,1,,South,2024/2025,SOUTHERN MOTORWAY,EAST TAMAKI ROAD ON RAMP,,Non-Injury Crash,Yes,2024,,North,,0,,Flat,,,,,,Dark,707400,0,0,0,2,,,0,,,,,,Auckland Region,Nil,1-way,Sealed,,0,0,,100,,Off,0,0,,76,Auckland,Nil,,,,,1,0,Open,0,,,Light rain,Null
1763823.4112,5913690.8467,797400,,520303,0,,0,0,,Null,2024/2025,WAIPUNA ROAD,MOUNT WELLINGTON HIGHWAY,,Minor Crash,No,2025,,North,,0,,Flat,,,,,,Dark,627700,1,0,0,4,,,0,,,1,,,Auckland Region,Nil,2-way,Sealed,,0,0,,50,,On,1,0,,76,Auckland,Traffic Signals,,,,,0,0,Urban,0,,,Fine,Null
1742527.2219,5997532.6047,797407,65,505021,0,0,0,1,0,South,2025/2026,MANGAWHAI ROAD,CARTERS ROAD,,Minor Crash,No,2025,0,South,0,0,1,Hill Road,0,,0,,0,Dark,134100,2,0,0,2,0,0,0,0,0,,0,0,Auckland Region,Nil,2-way,Sealed,0,0,0,0,80,0,None,0,0,,76,Auckland,Nil,0,0,0,0,0,0,Open,0,0,0,Light rain,Null
1765371.3116,5899016.7547,797408,,524811,0,0,0,2,0,South,2024/2025,EBANJANE WAY,NICHOLAS GIBBONS DRIVE,,Non-Injury Crash,No,2024,0,North,0,0,0,Flat,0,,0,,0,Twilight,773801,0,0,0,2,0,0,0,0,1,,0,1,Auckland Region,Nil,2-way,Sealed,0,0,0,0,30,0,On,0,0,,76,Auckland,Nil,0,0,0,0,0,0,Urban,0,0,0,Light rain,Null
1768210.7842,5908876.304,797414,,523502,0,0,0,1,0,Null,2023/2024,PEARL BAKER DRIVE,OROUA PLACE,,Non-Injury Crash,No,2023,0,East,0,0,0,Flat,0,,0,,0,Dark,702000,0,0,0,2,0,0,0,0,1,,0,0,Auckland Region,Nil,2-way,Sealed,0,0,0,0,50,0,On,0,0,,76,Auckland,Give way,0,0,0,0,0,0,Urban,1,0,0,Mist or Fog,Null
1771817.4791,5914872.0667,797415,,521602,0,0,0,0,0,North,2024/2025,WELLINGTON STREET,HOWE STREET,,Non-Injury Crash,No,2025,0,South,0,0,0,Null,0,,0,,0,Bright sun,647300,0,0,0,2,0,0,0,0,1,,0,0,Auckland Region,Nil,2-way,Sealed,0,0,0,0,50,0,Null,1,0,,76,Auckland,Nil,0,0,0,0,0,0,Urban,0,0,0,Fine,Null
1770754.5782,5916208.6028,797416,,522712,0,,0,1,,West,2025/2026,MACLEANS ROAD,MURVALE DRIVE,,Minor Crash,No,2025,,East,,0,,Flat,,,,,,Bright sun,680200,1,0,1,2,,,0,,,,,,Auckland Region,Nil,2-way,Sealed,,0,0,,50,,Off,0,0,,76,Auckland,Nil,,,,,0,0,Urban,1,,,Fine,Null
1753611.5573,5927778.8837,797422,,508310,0,,0,2,,Null,2023/2024,GLENFIELD ROAD,DOWNING STREET,,Non-Injury Crash,No,2023,,East,,0,,Flat,,,,,,Dark,200000,0,0,0,3,,,0,,,,,,Auckland Region,Nil,1-way,Sealed,,0,0,,50,,On,0,0,,76,Auckland,Traffic Signals,,,,,0,0,Urban,0,,,Fine,Null
1756827.3317,5919196.2985,797438,,514200,0,0,0,1,0,West,2022/2023,NORTH-WESTERN MOTORWAY,PORT TO NORTHERN LINK,,Non-Injury Crash,Yes,2023,0,West,0,0,0,Hill Road,1,,0,,0,Overcast,412900,0,0,0,1,0,0,0,0,0,,0,0,Auckland Region,Nil,1-way,Sealed,0,0,0,0,80,0,Off,0,0,,76,Auckland,Nil,0,0,0,0,0,0,Open,0,0,0,Mist or Fog,Null
1743723.5162,5915198.5068,797440,,513013,0,,0,1,,South,2023/2024,PINE AVENUE,HENDERSON VALLEY ROAD,,Non-Injury Crash,No,2024,,South,,0,,Hill Road,,,,,,Bright sun,281102,0,0,0,2,,,0,,,,,,Auckland Region,Nil,2-way,Sealed,,0,0,,50,,Off,0,0,,76,Auckland,Nil,,,,,0,0,Urban,1,,,Fine,Null
1754455.3466,5915150.8093,797464,,517702,0,0,0,2,0,Null,2023/2024,SANDRINGHAM ROAD,SANDRINGHAM ROAD EXTENSION,,Non-Injury Crash,No,2024,0,South,0,0,0,Hill Road,0,,0,,0,Bright sun,541500,0,0,0,3,0,0,0,0,1,,0,0,Auckland Region,Nil,2-way,Sealed,0,0,0,0,50,0,Off,0,0,,76,Auckland,Traffic Signals,0,1,0,0,0,0,Urban,0,0,0,Fine,Null
1755729.9593,5943947.5552,797480,,505909,0,0,0,3,0,Null,2024/2025,RISHWORTH AVENUE,MOERA PLACE,,Minor Crash,No,2024,0,North,0,0,1,Hill Road,0,,0,,0,Bright sun,174011,1,0,0,2,0,0,0,0,1,,0,0,Auckland Region,Nil,2-way,Sealed,0,0,0,0,50,0,None,0,0,,76,Auckland,Nil,0,0,0,0,0,0,Urban,0,0,0,Fine,Null
1752081.1433,5932443.7544,797487,,508807,0,,0,0,,West,2024/2025,ROSEDALE ROAD,BUSH ROAD,,Non-Injury Crash,No,2024,,East,,0,,Null,,,,,,Overcast,180302,0,0,1,2,,,0,,,,,,Auckland Region,Nil,2-way,Sealed,,0,0,,50,,Null,1,0,,76,Auckland,Nil,,,,,0,0,Urban,0,,,Fine,Null
1764987.9217,5910431.7542,797494,,521801,0,0,0,2,0,North,2023/2024,PRINCES ST-OTAHUHU ON RAMP,PRINCES STREET,,Minor Crash,No,2024,0,North,0,0,0,Hill Road,0,Queens Birthday,0,,0,Dark,787200,1,0,0,1,0,0,0,0,0,,0,0,Auckland Region,Motorway ramp,1-way,Sealed,0,0,0,0,100,0,On,0,0,,76,Auckland,Nil,0,0,0,0,0,0,Open,0,1,0,Fine,Null
1761278.34,5914065.5164,797518,,520202,0,,0,1,,Null,2023/2024,GREAT SOUTH ROAD,GREENPARK ROAD,,Non-Injury Crash,No,2023,,North,,0,,Flat,,,,,,Overcast,612300,0,0,0,4,,,0,,,,,,Auckland Region,Nil,2-way,Sealed,,0,0,,50,,Off,0,0,,76,Auckland,Stop,,,,,1,0,Urban,0,,,Fine,Null
1766619.4887,5918996.2885,797519,,516900,1,,0,0,,Null,2024/2025,RIDDELL ROAD,CROSSFIELD ROAD,,Minor Crash,No,2025,,West,,0,,Hill Road,,,,,,Overcast,467500,1,0,0,2,,,0,,,,,,Auckland Region,Nil,2-way,Sealed,,0,0,,50,,Off,0,0,,76,Auckland,Stop,,,,,0,0,Urban,0,,,Fine,Null
1766018.3738,5901552.5293,797527,,524604,0,,0,4,,Null,2024/2025,BROWNS ROAD,FEASEGATE STREET,,Minor Crash,No,2025,,East,,0,,Flat,,,,,,Overcast,781302,1,0,0,2,,,0,,,,,,Auckland Region,Nil,2-way,Sealed,,0,0,,50,,None,0,0,,76,Auckland,Give way,,,,,0,0,Urban,0,,,Light rain,Null
1770375.4617,5898972.6739,797544,,523911,0,,0,0,,Null,2025/2026,MANUROA ROAD,GREAT SOUTH ROAD,,Minor Crash,No,2025,,West,,0,,Flat,,,,,,Bright sun,768200,1,0,1,3,,,0,,,,,,Auckland Region,Nil,2-way,Sealed,,0,0,,50,,Off,1,0,,76,Auckland,Nil,,,,,0,0,Urban,0,,,Fine,Null
1752913.3872,5914123.0979,797550,,514500,0,,0,1,,West,2023/2024,MAIORO STREET,ROSAMUND AVENUE,,Non-Injury Crash,No,2023,,East,,0,,Flat,,,,,,Twilight,376600,0,0,0,4,,,0,,,,,,Auckland Region,Nil,2-way,Sealed,,0,0,,50,,Off,0,0,,76,Auckland,Nil,,,,,1,0,Urban,0,,,Fine,Null
1757400.3516,5918782.6299,797551,,514302,0,0,0,1,0,North,2024/2025,SOUTHERN MOTORWAY,SOUTHERN TO PORT LINK,,Non-Injury Crash,Yes,2024,0,North,0,0,0,Flat,1,,0,,0,Dark,441700,0,0,0,4,0,0,0,0,0,,0,0,Auckland Region,Motorway ramp,1-way,Sealed,0,0,0,0,80,0,On,0,0,,76,Auckland,Nil,0,0,0,0,0,0,Open,0,0,0,Mist or Fog,Null
1754597.2211,5930780.166,797574,,508520,0,,0,0,,Null,2022/2023,NORTHERN MOTORWAY,UPPER HARBOUR HWY ON RAMP,,Non-Injury Crash,Yes,2023,,South,,0,,Flat,,,,,,Bright sun,191104,0,0,0,2,,,0,,,,,,Auckland Region,Motorway ramp,1-way,Sealed,,0,0,,100,,Off,1,0,,76,Auckland,Nil,,,,,1,0,Open,0,,,Fine,Null
1771441.7445,5901387.1564,797583,,523813,0,,0,1,,South,2024/2025,ALFRISTON ROAD,RANFURLY ROAD,,Non-Injury Crash,No,2025,,East,,0,,Hill Road,,,,,,Bright sun,759800,0,0,0,2,,,0,,,,,,Auckland Region,Nil,2-way,Sealed,,0,0,,80,,None,0,0,,76,Auckland,Nil,,,,,1,0,Open,0,,,Fine,Null
1758833.0016,5911523.1857,797608,,519820,0,,0,0,,West,2023/2024,NEILSON STREET ON RAMP,GLOUCESTER PARK ROAD ON RAMP,,Non-Injury Crash,No,2024,,East,,0,,Hill Road,,,,,,Overcast,602402,0,0,0,1,,,0,,,,,,Auckland Region,Nil,1-way,Sealed,,0,0,,50,,Off,1,0,,76,Auckland,Traffic Signals,,,,,0,0,Urban,1,,,Heavy rain,Strong wind
1757036.3629,5919970.9247,797622,,514102,0,,0,2,,North,2022/2023,MAYORAL DRIVE,GREYS AVENUE,,Non-Injury Crash,No,2023,,North,,0,,Flat,,,,,,Bright sun,435000,0,0,0,4,,,0,,,,,,Auckland Region,Nil,2-way,Sealed,,0,0,,30,,Off,0,0,,76,Auckland,Nil,,,,,0,0,Urban,0,,,Fine,Null
1734993.7251,5929960.6457,797630,,505605,0,,0,2,,Null,2023/2024,SH 16,FOSTER ROAD,,Minor Crash,Yes,2023,,West,,0,,Flat,,,,,,Overcast,214700,2,0,0,2,,,0,,,,,,Auckland Region,Nil,2-way,Sealed,,0,0,,80,,Off,0,0,,76,Auckland,Give way,,,,,0,0,Open,0,,,Fine,Null
1755657.381,5918323.0829,797632,,515500,0,0,0,1,0,East,2023/2024,NORTH-WESTERN MOTORWAY,BOND OBR,,Non-Injury Crash,Yes,2024,0,West,0,0,0,Flat,1,,0,,0,Dark,419400,0,0,0,4,0,0,0,0,0,,0,0,Auckland Region,Underpass,1-way,Sealed,0,0,0,0,80,0,On,0,0,,76,Auckland,Nil,0,0,0,0,0,0,Open,0,0,0,Fine,Null
1766629.8981,5912904.2866,797672,,522920,0,0,0,1,0,West,2024/2025,PAKURANGA HIGHWAY,TI RAKAU DRIVE,,Minor Crash,No,2025,0,East,0,0,0,Flat,0,,0,,0,Dark,683900,1,0,0,3,0,0,0,0,0,,0,0,Auckland Region,Nil,1-way,Sealed,0,0,0,0,60,0,On,0,0,30,76,Auckland,Nil,0,1,0,0,0,0,Urban,0,0,0,Light rain,Null
1756347.0655,5918365.5487,797679,,515600,0,,0,0,,North,2025/2026,DOMINION ROAD,NEW NORTH ROAD,,Minor Crash,No,2025,,North,,0,,Flat,,,,,,Dark,419800,1,0,1,1,,,0,,,,,,Auckland Region,Bridge,1-way,Sealed,,0,0,,50,,On,0,0,,76,Auckland,Nil,,,,,0,0,Urban,0,,,Heavy rain,Null
1748711.9927,5915421.3946,797687,,511700,0,0,0,1,0,Null,2024/2025,ARCHIBALD ROAD,BRAINS ROAD,,Non-Injury Crash,No,2024,0,East,0,0,0,Hill Road,0,,0,,0,Overcast,269700,0,0,0,2,0,0,0,0,0,,0,1,Auckland Region,Nil,2-way,Sealed,0,0,0,0,30,0,Off,0,0,,76,Auckland,Give way,0,0,0,0,0,0,Urban,0,0,0,Fine,Null
1753134.5967,5933901.9229,797695,,508701,0,0,0,0,0,South,2024/2025,NORTHERN MOTORWAY,MCCLYMONTS OBR,,Non-Injury Crash,Yes,2024,0,North,0,0,0,Hill Road,0,,0,,0,Dark,178900,0,0,0,4,0,0,0,0,0,,0,0,Auckland Region,Nil,1-way,Sealed,0,0,0,0,100,0,On,1,0,,76,Auckland,Nil,1,0,0,0,0,0,Open,0,0,0,Fine,Null
1758845.1385,5917206.755,797704,,516001,0,0,0,1,0,South,2024/2025,SOUTHERN MOTORWAY,DILWORTH FTBR,,Minor Crash,Yes,2024,0,North,0,0,0,Flat,1,,0,,0,Dark,491200,1,0,0,3,0,0,0,0,0,,0,0,Auckland Region,Overpass,1-way,Sealed,0,0,0,0,80,0,On,1,0,,76,Auckland,Nil,0,0,0,0,0,0,Open,0,0,0,Fine,Null
1765437.6231,5916879.0289,797710,,517001,0,,0,2,,Null,2022/2023,LINE ROAD,STRATTON LANE,,Non-Injury Crash,No,2023,,North,,0,,Flat,,,,,,Overcast,476200,0,0,0,2,,,0,,,,,,Auckland Region,Nil,2-way,Sealed,,0,0,,50,,Off,0,0,,76,Auckland,Nil,,,,,0,0,Urban,0,,,Fine,Null
1757185.2921,5919087.7651,797720,,514301,0,0,0,1,0,South,2024/2025,SOUTHERN MOTORWAY,SYMONDS OBR,,Serious Crash,Yes,2024,0,South,0,0,0,Flat,1,,0,,0,Bright sun,441200,0,0,0,4,0,0,0,0,0,,0,0,Auckland Region,Nil,1-way,Sealed,0,0,1,0,80,0,Off,0,0,,76,Auckland,Nil,0,0,0,0,0,0,Open,0,0,0,Fine,Null
1761091.6777,5919998.6808,797727,35,516400,0,0,0,1,0,East,2024/2025,TAMAKI DRIVE,NGAPIPI ROAD,,Minor Crash,No,2025,0,East,0,0,0,Flat,1,,0,,0,Dark,496600,1,0,0,2,0,0,0,0,0,,0,0,Auckland Region,Bridge,2-way,Sealed,0,0,0,0,50,0,On,0,0,,76,Auckland,Nil,0,0,0,0,0,0,Urban,0,0,0,Mist or Fog,Frost
1752211.7431,5913232.6741,797728,,514600,0,0,0,2,0,South,2023/2024,WHITNEY STREET,MAUI POMARE STREET,,Non-Injury Crash,No,2024,0,East,0,0,0,Hill Road,0,,0,,0,Bright sun,372800,0,0,0,2,0,0,0,0,1,,0,0,Auckland Region,Nil,2-way,Sealed,0,0,0,0,50,0,Off,0,0,,76,Auckland,Nil,0,0,0,0,0,0,Urban,0,0,0,Fine,Null
1764629.2464,5905838.9673,797734,,522100,0,,0,1,,South,2022/2023,STATION ROAD,HILLCREST ROAD,,Non-Injury Crash,No,2023,,North,,0,,Flat,,,,,,Dark,657700,0,0,0,2,,,0,,,,,,Auckland Region,Nil,2-way,Unsealed,,0,0,,50,,On,1,0,,76,Auckland,Nil,,,,,0,0,Urban,0,,,Fine,Null
1771785.9339,5912886.0599,797767,,523102,0,0,0,1,0,Null,2024/2025,OFF ROAD - CAR PARK,,,Serious Crash,No,2025,0,South,0,0,0,Flat,0,,0,,0,Overcast,711005,1,0,0,,0,0,0,0,2,1,0,0,Auckland Region,Nil,Off road,Sealed,0,0,1,0,,0,Off,2,0,,76,Auckland,Nil,0,0,0,0,0,0,Urban,0,0,0,Light rain,Null
1772426.2181,5896303.8254,797768,,525410,0,,0,2,,Null,2023/2024,ELLIOT STREET,WOOD STREET,,Non-Injury Crash,No,2024,,West,,0,,Flat,,,,,,Dark,791900,0,0,0,2,,,0,,,,,,Auckland Region,Nil,2-way,Sealed,,0,0,,50,,On,0,0,,76,Auckland,Stop,,,,,0,0,Urban,0,,,Light rain,Null
1751903.188,5952723.6013,797774,,506201,0,,0,1,,North,2023/2024,HIBISCUS COAST HIGHWAY,HATFIELDS BR,,Non-Injury Crash,No,2024,,North,,0,,Hill Road,,,,,,Dark,176204,0,0,0,2,,,0,,,,,,Auckland Region,Nil,2-way,Sealed,,0,0,,50,,None,0,0,,76,Auckland,Nil,,,,,0,0,Urban,0,,,Fine,Null
1767981.4621,5904359.8007,797783,,524604,0,0,0,1,0,North,2023/2024,SOUTHERN MOTORWAY,REDOUBT OBR,,Non-Injury Crash,Yes,2024,0,North,0,0,0,Flat,0,,0,,0,Bright sun,780302,0,0,0,3,0,0,0,0,0,,0,0,Auckland Region,Nil,1-way,Sealed,0,0,0,0,100,0,Off,0,0,,76,Auckland,Nil,0,1,0,0,1,0,Open,0,0,0,Fine,Null
1756872.7773,5918820.2668,797784,,514200,0,,0,1,,Null,2024/2025,NEWTON ROAD,ST BENEDICTS STREET,,Non-Injury Crash,No,2024,,East,,0,,Flat,,,,,,Overcast,412302,0,0,0,4,,,0,,,,,,Auckland Region,Nil,2-way,Sealed,,0,0,,50,,Off,0,0,,76,Auckland,Give way,,,,,1,0,Urban,0,,,Fine,Null
1765862.6103,5907176.8186,797792,,522301,0,,0,2,,West,2024/2025,EAST TAMAKI ROAD,WINTERE ROAD,,Non-Injury Crash,No,2024,,West,,0,,Null,,,,,,Dark,666400,0,0,0,4,,,0,,,,,,Auckland Region,Nil,2-way,Null,,0,0,,50,,On,0,0,,76,Auckland,Nil,,,,,0,0,Urban,0,,,Fine,Null
1757238.3642,5920476.6047,797799,,514102,0,,0,0,,Null,2024/2025,VICTORIA STREET WEST,ALBERT STREET,,Non-Injury Crash,No,2025,,West,,0,,Null,,,,,,Bright sun,433900,0,0,0,4,,,0,,,,,,Auckland Region,Nil,2-way,Sealed,,0,0,,30,,Null,1,0,,76,Auckland,Traffic Signals,,,,,0,0,Urban,1,,,Fine,Null
1769122.5648,5889411.8195,797808,,521202,0,,0,1,,Null,2025/2026,KARAKA ROAD,BLACKBRIDGE ROAD,,Minor Crash,Yes,2025,,East,,0,,Flat,,,,,,Bright sun,807100,2,0,0,2,,,0,,,,,,Auckland Region,Nil,2-way,Sealed,,0,0,,80,,On,0,0,,76,Auckland,Give way,,,,,0,0,Open,1,,,Fine,Null
1751235.5785,5970521.0353,797815,,506661,0,0,0,1,0,West,2024/2025,SANDSPIT ROAD,HAMILTON ROAD,,Non-Injury Crash,No,2025,0,North,1,0,0,Hill Road,0,,0,,0,Bright sun,139400,0,0,0,2,0,0,1,0,1,,0,0,Auckland Region,Nil,2-way,Sealed,0,0,0,0,80,0,None,0,0,,76,Auckland,Nil,0,0,0,0,0,0,Open,0,0,0,Fine,Null
1763661.8937,5906669.3972,797830,,524301,0,,0,0,,North,2023/2024,ROSEBANK ROAD,FRANKLIN AVENUE,,Minor Crash,No,2023,,North,,0,,Flat,,,,,,Bright sun,656900,1,0,0,2,,,0,,,1,,,Auckland Region,Nil,2-way,Sealed,,0,0,,50,,Off,0,0,,76,Auckland,Nil,,,,,0,1,Urban,0,,,Fine,Null
1746020.5022,5917645.9686,797839,,510700,0,0,0,1,0,Null,2025/2026,MATUHI RISE,EDMONTON ROAD,,Non-Injury Crash,No,2025,0,West,0,0,1,Flat,0,,0,,0,Bright sun,240305,0,0,0,2,0,0,0,0,0,,0,0,Auckland Region,Nil,2-way,Sealed,0,0,0,0,50,0,Off,0,0,,76,Auckland,Stop,0,0,0,0,0,0,Urban,0,0,0,Fine,Null
1756338.6849,5920386.6627,797848,,514102,0,0,0,1,0,South,2024/2025,COOK STREET OFF RAMP,NORTHERN MOTORWAY,,Non-Injury Crash,No,2024,0,South,0,0,0,Flat,1,,0,,0,Bright sun,432700,0,0,0,1,0,0,0,0,0,,0,0,Auckland Region,Motorway ramp,1-way,Sealed,0,0,0,0,80,0,Off,0,0,,76,Auckland,Nil,0,0,0,0,0,0,Open,0,0,0,Fine,Null
1771345.224,5900041.3704,797878,,523911,0,,0,2,,Null,2024/2025,PORCHESTER ROAD,POPES ROAD ,,Non-Injury Crash,No,2024,,East,,0,,Flat,,,,,,Overcast,767202,0,0,0,2,,,0,,,,,,Auckland Region,Nil,2-way,Sealed,,0,0,,60,,Off,0,0,,76,Auckland,Stop,,,,,0,0,Urban,0,,,Fine,Null
1756383.9977,5920013.8527,797880,,514000,0,,0,2,,Null,2024/2025,WELLINGTON STREET,HOWE STREET,,Non-Injury Crash,No,2024,,West,,0,,Hill Road,,,,,,Twilight,413100,0,0,0,2,,,0,,,,,,Auckland Region,Nil,2-way,Sealed,,0,0,,30,,Off,0,0,,76,Auckland,Give way,,,,,0,0,Urban,0,,,Fine,Null
1745494.74,5920609.9411,797895,,513301,0,,0,2,,Null,2024/2025,LINCOLN ROAD OFF RAMP,LINCOLN ROAD,,Non-Injury Crash,No,2024,,West,,0,,Flat,,,,,,Dark,230301,0,0,0,3,,,0,,,,,,Auckland Region,Nil,1-way,Sealed,,0,0,,50,,On,0,0,,76,Auckland,Traffic Signals,,,,,0,0,Urban,0,,,Light rain,Null
1766958.0909,5903734.9287,797904,,524604,0,,0,2,,Null,2024/2025,LAMBIE DRIVE,WIRI STATION ROAD,,Minor Crash,No,2024,,South,,0,,Flat,,,,,,Overcast,780210,1,0,0,4,,,0,,,,,,Auckland Region,Nil,2-way,Sealed,,0,0,,50,,Off,0,0,,76,Auckland,Traffic Signals,,,,,0,0,Urban,0,,,Light rain,Null
1771661.0119,5910039.8427,797919,35,523114,0,0,0,1,0,North,2025/2026,POINT VIEW DRIVE,MASONS ROAD,,Non-Injury Crash,No,2025,0,South,0,0,1,Flat,0,,0,,0,Dark,712026,0,0,0,2,0,0,0,0,0,,0,1,Auckland Region,Nil,2-way,Sealed,0,0,0,0,50,0,On,0,0,,76,Auckland,Nil,0,0,0,1,0,0,Urban,0,0,0,Fine,Null
1772406.3448,5893441.5261,797926,,521201,0,,0,1,,South,2023/2024,SOUTHERN MOTORWAY,PARK ESTATE OBR,,Non-Injury Crash,Yes,2023,,North,,0,,Flat,,,,,,Overcast,806800,0,0,0,4,,,0,,,,,,Auckland Region,Nil,2-way,Sealed,,0,0,,100,,Off,1,0,80,76,Auckland,Nil,,,,,0,0,Open,0,,,Fine,Null
1770207.299,5899069.8065,797935,,523920,0,0,0,1,0,Null,2025/2026,GREAT SOUTH ROAD,MANUIA ROAD,,Minor Crash,No,2025,0,South,0,0,0,Flat,0,,1,,0,Dark,768005,2,0,0,5,0,0,0,0,0,,0,1,Auckland Region,Nil,2-way,Sealed,0,0,0,0,50,0,On,0,0,,76,Auckland,Stop,0,0,0,1,0,0,Urban,0,0,0,Fine,Null
1729287.3319,5943357.4132,797942,,506646,0,0,0,0,0,West,2023/2024,KAIPARA COAST HIGHWAY,ABEL ROAD,,Non-Injury Crash,Yes,2024,0,West,0,0,0,Flat,0,,0,,0,Bright sun,211401,0,0,0,2,0,0,0,0,0,,0,0,Auckland Region,Nil,2-way,Sealed,0,0,0,0,100,0,Off,0,0,,76,Auckland,Nil,0,0,0,0,1,0,Open,0,0,0,Fine,Null