X,Y,OBJECTID,advisorySpeed,areaUnitID,bicycle,bridge,bus,carStationWagon,cliffBank,crashDirectionDescription,crashFinancialYear,crashLocation1,crashLocation2,crashRoadSideRoad,crashSeverity,crashSHDescription,crashYear,debris,directionRoleDescription,ditch,fatalCount,fence,flatHill,guardRail,holiday,houseOrBuilding,intersection,kerb,light,meshblockId,minorInjuryCount,moped,motorcycle,NumberOfLanes,objectThrownOrDropped,otherObject,otherVehicleType,overBank,parkedVehicle,pedestrian,phoneBoxEtc,postOrPole,region,roadCharacter,roadLane,roadSurface,roadworks,schoolBus,seriousInjuryCount,slipOrFlood,speedLimit,strayAnimal,streetLight,suv,taxi,temporarySpeedLimit,tlaId,tlaName,trafficControl,trafficIsland,trafficSign,train,tree,truck,unknownVehicleType,urban,vanOrUtility,vehicle,waterRiver,weatherA,weatherB
1768410.5567,5908821.4411,797966,,523502,0,,0,2,,Null,2023/2024,SPRINGS ROAD,PEARL BAKER DRIVE,,Non-Injury Crash,No,2024,,North,,0,,Flat,,,,,,Overcast,702402,0,0,0,4,,,0,,,,,,Auckland Region,Nil,2-way,Sealed,,0,0,,60,,Off,0,0,,76,Auckland,Give way,,,,,0,0,Urban,0,,,Fine,Null
1766770.1168,5909001.2627,797982,,523501,0,,0,1,,North,2023/2024,OTARA ROAD,ALEXANDER CRESCENT,,Serious Crash,No,2024,,North,,0,,Flat,,,,,,Bright sun,704100,0,0,0,2,,,0,,,1,,,Auckland Region,Nil,2-way,Sealed,,0,1,,10,,Off,0,0,,76,Auckland,Nil,,,,,0,0,Urban,0,,,Fine,Null
1753698.0163,5930269.3814,798007,,508803,0,,0,2,,Null,2024/2025,CARIBBEAN DRIVE,GOLDFINCH RISE,,Non-Injury Crash,No,2024,,East,,0,,Flat,,,,,,Overcast,180846,0,0,0,1,,,0,,,,,,Auckland Region,Nil,2-way,Sealed,,0,0,,50,,Off,0,0,,76,Auckland,Give way,,,,,0,0,Urban,0,,,Light rain,Null
1754863.5515,5930465.4595,798022,,508420,0,0,0,1,0,South,2023/2024,NORTHERN MOTORWAY,UPPER HARBOUR HWY OFF RAMP,,Non-Injury Crash,Yes,2024,0,North,0,0,0,Hill Road,0,,0,,0,Dark,182100,0,0,0,3,0,0,0,0,0,,0,1,Auckland Region,Nil,1-way,Sealed,0,0,0,0,100,0,On,0,0,,76,Auckland,Nil,0,0,0,0,0,0,Open,0,0,0,Light rain,Null
1766044.0642,5907736.387,798024,,523402,0,,0,2,,North,2024/2025,SOUTHERN MOTORWAY,EAST TAMAKI OBR,,Non-Injury Crash,Yes,2024,,South,,0,,Flat,,,,,,Bright sun,699300,0,0,0,3,,,0,,,,,,Auckland Region,Nil,1-way,Sealed,,0,0,,100,,Off,0,0,,76,Auckland,Nil,,,,,0,0,Open,0,,,Fine,Null
1756074.0283,5919091.345,798030,,515500,0,,0,1,,Null,2024/2025,GREAT NORTH ROAD,POLLEN STREET,,Minor Crash,No,2024,,North,,0,,Flat,,,,,,Dark,417700,1,0,1,4,,,0,,,,,,Auckland Region,Nil,2-way,Sealed,,0,0,,50,,On,0,0,,76,Auckland,Give way,,,,,0,0,Urban,0,,,Light rain,Null
1763456.2613,5907541.3518,798031,,524301,0,,0,1,,Null,2024/2025,ROSELLA ROAD,GRAY AVENUE,,Non-Injury Crash,No,2025,,South,,0,,Null,,,,,,Overcast,749100,0,0,1,2,,,0,,,,,,Auckland Region,Nil,2-way,Sealed,,0,0,,50,,Null,0,0,,76,Auckland,Give way,,,,,0,0,Urban,0,,,Fine,Null
1755501.7804,5920390.5249,798038,,515302,0,,0,2,,North,2024/2025,PONSONBY ROAD,PONSONBY TERRACE,,Non-Injury Crash,No,2024,,North,,0,,Null,,,,,,Dark,430000,0,0,0,4,,,0,,,,,,Auckland Region,Nil,2-way,Sealed,,0,0,,40,,Null,0,0,,76,Auckland,Nil,,,,,0,0,Urban,0,,,Fine,Null
1766269.3323,5913265.1102,798039,,522920,0,,0,2,,West,2023/2024,PAKURANGA ROAD,WILLIAMS AVENUE,,Non-Injury Crash,No,2024,,West,,0,,Flat,,,,,,Bright sun,683400,0,0,0,2,,,0,,,,,,Auckland Region,Nil,1-way,Sealed,,0,0,,50,,Off,0,0,,76,Auckland,Nil,,,,,0,0,Urban,0,,,Fine,Null
1754742.765,5931310.5495,798040,,508520,0,0,0,1,0,Null,2024/2025,RAMP ROAD,SUNSET ROAD,,Minor Crash,No,2025,0,South,0,0,0,Flat,0,,0,,0,Bright sun,191801,1,0,0,3,0,0,0,0,0,,0,1,Auckland Region,Nil,2-way,Sealed,0,0,0,0,50,0,Off,0,0,30,76,Auckland,Give way,0,0,0,0,0,0,Urban,0,0,0,Fine,Null
1746242.2846,5991919.4537,798046,,506660,0,0,0,1,0,West,2024/2025,OCEAN VIEW ROAD,CIVIL ROAD,,Non-Injury Crash,No,2024,0,West,1,0,0,Hill Road,0,,0,,0,Dark,135400,0,0,0,2,0,0,0,0,0,,0,0,Auckland Region,Nil,2-way,Unsealed,0,0,0,0,100,0,None,0,0,,76,Auckland,Nil,0,0,0,0,0,0,Open,0,0,0,Fine,Null
1751953.5375,5917948.2204,798056,45,515001,0,,0,1,,Null,2023/2024,NORTH-WESTERN MOTORWAY,GREAT NORTH ROAD ON RAMP,,Non-Injury Crash,Yes,2023,,East,,0,,Flat,,,,,,Bright sun,392400,0,0,0,4,,,0,,,,,,Auckland Region,Nil,1-way,Sealed,,0,0,,100,,Off,0,0,,76,Auckland,Nil,,,,,0,0,Open,0,,,Fine,None
1745204.327,5917864.3693,798062,,510700,0,,0,1,,Null,2024/2025,BUSCOMB AVENUE,SEL PEACOCK DRIVE,,Non-Injury Crash,No,2024,,North,,0,,Flat,,,,,,Bright sun,239804,0,0,0,2,,,0,,,,,,Auckland Region,Nil,2-way,Sealed,,0,0,,50,,Null,1,0,,76,Auckland,Give way,,,,,0,0,Urban,0,,,Fine,Null
1752602.1098,5934756.2128,798071,,508701,0,,0,1,,Null,2024/2025,OTEHA VALLEY ROAD,MUNROE LANE,,Non-Injury Crash,No,2024,,West,,0,,Flat,,,,,,Bright sun,179000,0,0,0,2,,,0,,,,,,Auckland Region,Nil,1-way,Sealed,,0,0,,50,,Off,1,0,,76,Auckland,Give way,,,,,0,0,Urban,0,,,Fine,Null
1766322.5391,5903449.1282,798078,,524604,0,0,0,1,0,Null,2023/2024,PLUNKET AVENUE,WIRI STATION ROAD,,Minor Crash,No,2023,0,South,0,0,0,Flat,0,,0,,0,Bright sun,780208,1,0,0,2,0,0,0,0,0,,0,1,Auckland Region,Nil,2-way,Sealed,0,0,0,0,50,0,None,0,0,,76,Auckland,Traffic Signals,0,0,0,0,0,0,Urban,0,0,0,Fine,Null
1758714.3792,5920585.7753,798079,,514101,0,,0,1,,West,2024/2025,QUAY STREET,THE STRAND,,Serious Crash,No,2025,,North,,0,,Flat,,,,,,Bright sun,438214,0,0,0,2,,,0,,,1,,,Auckland Region,Nil,1-way,Sealed,,0,1,,50,,Off,0,0,,76,Auckland,Nil,,,,,0,0,Urban,0,,,Fine,Null
1753863.1864,5913382.3527,798080,,518901,0,,0,1,,South,2023/2024,WHITE SWAN ROAD,RICHARDSON ROAD,,Non-Injury Crash,No,2024,,North,,0,,Null,,,,,,Unknown,585101,0,0,0,2,,,0,,,,,,Auckland Region,Nil,2-way,Sealed,,0,0,,50,,Null,0,0,,76,Auckland,Nil,,,,,0,0,Urban,1,,,Null,Null
1745496.317,5917458.6407,798103,,510700,0,,0,2,,Null,2024/2025,ALDERMAN DRIVE,RATANUI STREET,,Non-Injury Crash,No,2025,,West,,0,,Flat,,,,,,Bright sun,239900,0,0,0,4,,,0,,,,,,Auckland Region,Nil,2-way,Sealed,,0,0,,50,,Off,0,0,,76,Auckland,Give way,,,,,0,0,Urban,0,,,Fine,Null
1771067.0408,5903856.6059,798118,45,523819,0,,0,0,,Null,2023/2024,REDOUBT ROAD,MILL ROAD,,Non-Injury Crash,No,2024,,South,,0,,Hill Road,,,,,,Bright sun,760500,0,0,0,2,,,0,,,,,,Auckland Region,Nil,2-way,Sealed,,0,0,,50,,Null,0,0,,76,Auckland,Stop,,,,,1,0,Urban,1,,,Fine,Null
1772661.9313,5896439.3927,798127,,525410,0,,0,1,,Null,2024/2025,ELLIOT STREET,GREAT SOUTH ROAD,,Non-Injury Crash,No,2024,,North,,0,,Flat,,,,,,Dark,792000,0,0,0,2,,,0,,,1,,,Auckland Region,Nil,2-way,Sealed,,0,0,,50,,On,0,0,,76,Auckland,Traffic Signals,,,,,0,0,Urban,0,,,Fine,Null
1765778.4816,5906672.1245,798142,,522202,0,,1,0,,North,2023/2024,GREAT SOUTH ROAD,BUTLER AVENUE,,Non-Injury Crash,No,2023,,South,,0,,Flat,,,,,,Dark,663800,0,0,0,4,,,0,,,,,,Auckland Region,Nil,2-way,Sealed,,0,0,,50,,On,1,0,,76,Auckland,Nil,,,,,0,0,Urban,0,,,Light rain,Null
1756995.7944,5920355.5211,798143,,514102,0,,0,0,,Null,2024/2025,HOBSON STREET,WELLESLEY STREET WEST,,Minor Crash,No,2025,,South,,0,,Flat,,,,,,Overcast,433700,1,0,0,5,,,0,,,,,,Auckland Region,Nil,2-way,Sealed,,0,0,,40,,Off,1,0,,76,Auckland,Traffic Signals,,,,,0,0,Urban,1,,,Mist or Fog,Null
1757638.7103,5919879.744,798151,,514103,0,,0,2,,North,2023/2024,WELLESLEY STREET EAST,SYMONDS OBR,,Non-Injury Crash,No,2024,,South,,0,,Flat,,,,,,Dark,436700,0,0,0,3,,,0,,,,,,Auckland Region,Nil,2-way,Sealed,,0,0,,30,,On,0,0,,76,Auckland,Nil,,,,,0,0,Urban,0,,,Fine,Null
1769309.3991,5899716.9222,798168,,525002,0,,0,1,,Null,2024/2025,MAHIA ROAD,HOLMES ROAD,,Non-Injury Crash,No,2024,,West,,0,,Null,,,,,,Unknown,754100,0,0,0,2,,,0,,,,,,Auckland Region,Nil,2-way,Sealed,,0,0,,50,,Null,0,0,,76,Auckland,Give way,,,,,0,0,Urban,1,,,Fine,Null
1752778.8979,5913000.5706,798183,,518901,0,,0,1,,Null,2023/2024,BOUNDARY ROAD,TERRY STREET,,Non-Injury Crash,No,2024,,South,,0,,Null,,,,,,Unknown,586400,0,0,0,2,,,0,,,,,,Auckland Region,Nil,2-way,Sealed,,0,0,,50,,Null,0,0,,76,Auckland,Stop,,,,,0,1,Urban,0,,,Null,Null
1772818.6273,5900765.0809,798191,,523911,0,0,0,1,0,Null,2024/2025,MILL ROAD,PHILLIP ROAD,,Non-Injury Crash,No,2024,0,South,0,0,0,Flat,1,,0,,0,Dark,767201,0,0,0,2,0,0,0,0,0,,0,0,Auckland Region,Nil,2-way,Sealed,0,0,0,0,80,0,None,0,0,,76,Auckland,Stop,0,0,0,0,0,0,Open,0,0,0,Fine,Null
1760867.1749,5911870.8821,798216,,520000,0,,0,2,,East,2023/2024,NEILSON STREET,ANGLE STREET,,Non-Injury Crash,No,2024,,East,,0,,Flat,,,,,,Overcast,607602,0,0,0,2,,,0,,,,,,Auckland Region,Nil,2-way,Sealed,,0,0,,50,,Off,0,0,,76,Auckland,Nil,,,,,0,0,Urban,0,,,Fine,None
1772924.1427,5895827.9241,798223,,525410,0,,0,1,,Null,2023/2024,OPAHEKE ROAD,CHAPEL STREET,,Non-Injury Crash,No,2024,,North,,0,,Flat,,,,,,Overcast,793301,0,0,0,2,,,0,,,,,,Auckland Region,Nil,2-way,Sealed,,0,0,,50,,Off,1,0,,76,Auckland,Stop,,,,,0,0,Urban,0,,,Fine,Null
1755091.6973,5929154.4288,798238,,508420,1,,0,1,,Null,2023/2024,WAIRAU ROAD,VIEW ROAD,,Minor Crash,No,2023,,West,,0,,Hill Road,,,,,,Bright sun,183800,1,0,0,5,,,0,,,,,,Auckland Region,Nil,2-way,Sealed,,0,0,,50,,Off,0,0,,76,Auckland,Give way,,,,,0,0,Urban,0,,,Fine,Null
1767622.3962,5900384.0768,798239,,524720,0,0,0,1,0,South,2024/2025,WORDSWORTH ROAD,BEESTON CRESCENT,,Non-Injury Crash,No,2024,0,North,0,0,1,Flat,0,,0,,0,Overcast,776900,0,0,0,2,0,0,0,0,0,,0,0,Auckland Region,Nil,2-way,Sealed,0,0,0,0,30,0,None,0,0,,76,Auckland,Nil,0,0,0,0,0,0,Urban,0,0,0,Fine,Null
1751670.2032,5912375.7454,798246,,514700,0,0,0,2,0,East,2023/2024,DONOVAN STREET,BLOCKHOUSE BAY ROAD,,Non-Injury Crash,No,2023,0,East,0,0,0,Flat,0,,0,,0,Dark,368700,0,0,0,2,0,0,0,0,1,,0,0,Auckland Region,Nil,2-way,Sealed,0,0,0,0,50,0,On,0,0,,76,Auckland,Nil,0,0,0,0,0,0,Urban,0,0,0,Fine,Null
1766957.377,5903693.1231,798248,,524602,0,,0,2,,Null,2023/2024,DRUCES ROAD,WIRI STATION ROAD,,Non-Injury Crash,No,2024,,North,,0,,Flat,,,,,,Bright sun,780404,0,0,0,1,,,0,,,,,,Auckland Region,Nil,1-way,Sealed,,0,0,,50,,Off,0,0,,76,Auckland,Give way,,,,,0,0,Urban,0,,,Fine,None
1759872.3428,5903651.4681,798254,,524200,0,,0,2,,Null,2023/2024,TOM PEARCE DRIVE,UENUKU WAY,,Non-Injury Crash,No,2023,,East,,0,,Flat,,,,,,Overcast,727200,0,0,0,4,,,0,,,,,,Auckland Region,Nil,2-way,Sealed,,0,0,,50,,Off,0,0,,76,Auckland,Give way,,,,,0,0,Urban,0,,,Fine,Null
1755762.3117,5916392.9396,798255,,518201,1,,0,1,,Null,2024/2025,DOMINION ROAD,BRIXTON ROAD,,Serious Crash,No,2025,,North,,0,,Flat,,,,,,Bright sun,553200,0,0,0,2,,,0,,,,,,Auckland Region,Nil,2-way,Sealed,,0,1,,50,,None,0,0,,76,Auckland,Nil,,,,,0,0,Urban,0,,,Fine,Null
1754530.837,5933286.0759,798262,,508804,0,0,0,1,0,South,2023/2024,MULROY PLACE,KILLYBEGS DRIVE,,Non-Injury Crash,No,2024,0,South,0,0,0,Hill Road,0,,0,,0,Overcast,180704,0,0,0,2,0,0,0,0,1,,0,0,Auckland Region,Nil,2-way,Sealed,0,0,0,0,50,0,Off,1,0,,76,Auckland,Nil,0,0,0,0,0,0,Urban,0,0,0,Light rain,Null
1745373.7015,5917163.7323,798263,,510800,0,0,0,0,0,Null,2024/2025,RAILSIDE AVENUE,STEVIES LANE,,Non-Injury Crash,No,2025,0,North,0,0,0,Flat,0,,0,,0,Dark,242700,0,0,0,3,0,1,0,0,0,,1,0,Auckland Region,Nil,2-way,Sealed,0,0,0,0,50,0,On,1,0,,76,Auckland,Give way,0,0,0,1,0,0,Urban,0,0,0,Fine,Null
1755217.4702,5924724.3183,798279,,509800,0,,0,1,,West,2025/2026,ONEWA ROAD,WOODSIDE AVENUE,,Serious Crash,No,2025,,East,,0,,Flat,,,,,,Overcast,361600,0,0,0,4,,,0,,,,,,Auckland Region,Nil,2-way,Sealed,,0,1,,50,,Off,0,0,40,76,Auckland,Nil,,,,,0,0,Urban,2,,,Fine,Null
1748749.6582,5969454.5775,798287,,505500,0,,0,2,,Null,2024/2025,FAIRWATER ROAD,AUCKLAND ROAD,,Non-Injury Crash,No,2025,,West,,0,,Flat,,Christmas New Year,,,,Overcast,141200,0,0,0,2,,,0,,,,,,Auckland Region,Nil,2-way,Sealed,,0,0,,20,,Off,0,0,,76,Auckland,Give way,,,,,0,0,Urban,0,,,Fine,Null
1753079.7616,5934606.3581,798302,,508704,0,,0,1,,North,2022/2023,OTEHA VALLEY ROAD ON RAMP,NORTHERN MOTORWAY,,Non-Injury Crash,No,2023,,South,,0,,Null,,,,,,Dark,179113,0,0,0,1,,,0,,,,,,Auckland Region,Motorway ramp,1-way,Sealed,,0,0,,50,,On,1,0,,76,Auckland,Nil,,,,,0,0,Urban,0,,,Fine,Null
1778163.0541,5912437.8186,798310,,523202,0,0,0,1,0,North,2022/2023,WHITFORD MARAETAI ROAD,PUKERANGI RISE,,Non-Injury Crash,No,2023,0,South,0,0,1,Flat,0,,0,,0,Overcast,762501,0,0,0,2,0,0,0,0,0,,0,0,Auckland Region,Nil,2-way,Sealed,0,0,0,0,80,0,None,0,0,,76,Auckland,Nil,0,0,0,0,0,0,Open,0,0,0,Light rain,None
1746431.0308,5918733.3897,798311,,512401,0,,0,2,,Null,2024/2025,EDMONTON ROAD,SCHOOL ROAD,,Non-Injury Crash,No,2024,,North,,0,,Flat,,,,,,Overcast,256000,0,0,0,2,,,0,,,,,,Auckland Region,Nil,2-way,Sealed,,0,0,,50,,Off,0,0,,76,Auckland,Give way,,,,,0,0,Urban,0,,,Fine,Null
1752395.9762,5916107.1672,798312,,517901,0,,0,2,,North,2022/2023,WOODWARD ROAD,NEW NORTH ROAD,,Non-Injury Crash,No,2023,,North,,0,,Flat,,,,,,Bright sun,523700,0,0,0,2,,,0,,,,,,Auckland Region,Nil,2-way,Sealed,,0,0,,50,,Off,0,0,,76,Auckland,Nil,,,,,0,0,Urban,0,,,Fine,None
1756131.6544,5923889.1943,798319,,509800,0,,0,1,,South,2025/2026,NORTHERN MOTORWAY,WEIGH BRIDGE,,Minor Crash,Yes,2025,,South,,0,,Flat,,,,,,Bright sun,361200,1,0,0,5,,,0,,,,,,Auckland Region,Nil,1-way,Sealed,,0,0,,80,,Off,0,0,,76,Auckland,Nil,,,,,0,0,Open,1,,,Fine,Null
1767844.2913,5903865.4786,798335,,524602,0,,0,2,,East,2023/2024,GREAT SOUTH ROAD OFF RAMP,GREAT SOUTH ROAD,,Non-Injury Crash,No,2023,,West,,0,,Flat,,,,,,Dark,780506,0,0,0,2,,,0,,,,,,Auckland Region,Nil,1-way,Sealed,,0,0,,100,,Off,0,0,,76,Auckland,Nil,,,,,0,0,Open,0,,,Fine,None
1763923.4225,5904376.4817,798366,,524604,0,0,0,1,0,South,2022/2023,SOUTH-WESTERN MOTORWAY,PUHINUI ROAD-SH 20B ON RAMP,,Non-Injury Crash,Yes,2023,0,North,0,0,0,Flat,1,,0,,0,Dark,780902,0,0,0,2,0,0,0,0,0,,0,0,Auckland Region,Nil,1-way,Sealed,0,0,0,0,100,0,On,0,0,,76,Auckland,Nil,0,0,0,0,0,1,Open,0,0,0,Fine,Null
1763046.6005,5905817.3027,798368,,524302,0,0,0,2,0,North,2024/2025,PORTAGE ROAD,SKIPTON STREET,,Non-Injury Crash,No,2024,0,South,0,0,0,Flat,0,,0,,0,Dark,746200,0,0,0,2,0,0,0,0,3,,0,0,Auckland Region,Nil,2-way,Sealed,0,0,0,0,50,0,On,0,0,,76,Auckland,Nil,0,0,0,0,0,0,Urban,2,0,0,Fine,Null
1757143.1797,5925926.8066,798376,,509702,0,,0,0,,South,2024/2025,NORTHERN MOTORWAY,ESMONDE OBR,,Minor Crash,Yes,2024,,South,,0,,Hill Road,,,,,,Overcast,364602,1,0,1,3,,,0,,,,,,Auckland Region,Underpass,1-way,Sealed,,0,0,,100,,Off,1,0,,76,Auckland,Nil,,,,,0,0,Open,1,,,Fine,Null
1756355.1939,5921067.3614,798400,,514101,1,,0,1,,Null,2024/2025,WESTHAVEN DRIVE,BEAUMONT STREET,,Non-Injury Crash,No,2024,,East,,0,,Null,,,,,,Bright sun,432400,0,0,0,2,,,0,,,,,,Auckland Region,Nil,2-way,Sealed,,0,0,,30,,Null,0,0,,76,Auckland,Stop,,,,,0,0,Urban,0,,,Null,Null
1768082.5057,5906898.71,798415,,523711,0,0,0,1,0,West,2025/2026,RONGOMAI ROAD,WYNTON PLACE,,Non-Injury Crash,No,2025,0,West,0,0,1,Flat,0,,0,,1,Twilight,714100,0,0,0,2,0,0,0,0,0,,0,0,Auckland Region,Nil,2-way,Sealed,0,0,0,0,50,0,Off,0,0,,76,Auckland,Nil,0,0,0,0,0,0,Urban,0,0,0,Fine,Strong wind
1765677.7003,5916627.3611,798423,,517100,0,,0,1,,Null,2023/2024,PILKINGTON ROAD,PT ENGLAND ROAD,,Non-Injury Crash,No,2024,,North,,0,,Flat,,Easter,,,,Bright sun,477700,0,0,0,2,,,0,,,,,,Auckland Region,Nil,2-way,Sealed,,0,0,,50,,Off,1,0,,76,Auckland,Stop,,,,,0,0,Urban,0,,,Fine,Null
1760655.7386,5914889.3186,798424,,519400,0,,0,1,,Null,2024/2025,GREAT SOUTH ROAD,WAIOHUA ROAD,,Minor Crash,No,2025,,North,,0,,Flat,,,,,,Bright sun,619600,1,0,0,4,,,0,,,,,,Auckland Region,Nil,2-way,Sealed,,0,0,,50,,Off,1,0,40,76,Auckland,Give way,,,,,0,0,Urban,0,,,Fine,Null
1750871.3423,5914716.7673,798440,,514402,0,,0,2,,South,2024/2025,GREAT NORTH ROAD,LARCH STREET,,Non-Injury Crash,No,2025,,East,,0,,Null,,,,,,Bright sun,381102,0,0,0,2,,,0,,,,,,Auckland Region,Nil,2-way,Sealed,,0,0,,50,,Null,0,0,,76,Auckland,Nil,,,,,0,0,Urban,0,,,Fine,Null
1765688.6452,5908394.9336,798448,,523402,0,,0,0,,South,2024/2025,SOUTHERN MOTORWAY,HIGHBROOK DRIVE ON RAMP,,Minor Crash,Yes,2025,,South,,0,,Flat,,,,,,Bright sun,697000,1,0,0,3,,,0,,,,,,Auckland Region,Nil,1-way,Sealed,,0,0,,100,,Off,1,0,,76,Auckland,Nil,,,,,0,0,Open,1,,,Fine,Null
1768744.1208,5904545.1757,798456,,523722,0,,0,0,,Null,2022/2023,REDOUBT ROAD,EVERGLADE DRIVE,,Non-Injury Crash,No,2023,,East,,0,,Hill Road,,,,,,Dark,715917,0,0,0,4,,,0,,,,,,Auckland Region,Nil,2-way,Sealed,,0,0,,50,,On,1,0,,76,Auckland,Traffic Signals,,,,,0,0,Urban,1,,,Light rain,None
1782033.9724,5905713.6751,798471,,525201,0,0,0,0,0,North,2024/2025,NORTH ROAD,NZ WOODZONE ENT,,Serious Crash,No,2025,0,North,1,0,0,Flat,0,,0,,0,Bright sun,762700,0,0,1,2,0,0,0,0,0,,0,0,Auckland Region,Nil,2-way,Sealed,0,0,1,0,80,0,None,0,0,,76,Auckland,Nil,0,0,0,0,0,0,Open,0,0,0,Fine,Null
1765064.7249,5905132.4186,798478,,522400,0,0,0,3,0,South,2023/2024,CAMBRIDGE TERRACE,EVELYN STREET,,Non-Injury Crash,No,2024,0,North,0,0,0,Flat,0,,0,,0,Dark,673201,0,0,0,2,0,0,0,0,1,,0,0,Auckland Region,Speed hump,2-way,Sealed,0,0,0,0,50,0,On,1,0,,76,Auckland,Nil,1,0,0,0,0,0,Urban,0,0,0,Fine,Null
1760630.6421,5915527.2059,798479,,520201,0,,0,2,,North,2024/2025,SOUTHERN MOTORWAY,WALPOLE OBR,,Non-Injury Crash,Yes,2024,,North,,0,,Flat,,,,,,Bright sun,613000,0,0,0,4,,,0,,,,,,Auckland Region,Nil,1-way,Sealed,,0,0,,100,,Off,0,0,,76,Auckland,Nil,,,,,0,0,Open,0,,,Fine,Null
1768824.8558,5904188.5438,798480,,523820,0,,0,1,,Null,2023/2024,EVERGLADE DRIVE,DE HAVILLAND DRIVE,,Non-Injury Crash,No,2024,,South,,0,,Hill Road,,,,,,Dark,760138,0,0,0,2,,,0,,,,,,Auckland Region,Nil,2-way,Sealed,,0,0,,50,,On,0,0,30,76,Auckland,Give way,,,,,0,0,Urban,1,,,Heavy rain,Null
1765274.7723,5915039.1975,798486,,520301,0,,0,1,,Null,2023/2024,PILKINGTON ROAD,GREEN ROAD,,Minor Crash,No,2023,,North,,0,,Flat,,,,,,Overcast,628001,1,0,0,2,,,0,,,,,,Auckland Region,Nil,2-way,Sealed,,0,0,,50,,Off,0,0,,76,Auckland,Give way,,,,,0,0,Urban,1,,,Fine,Strong wind
1771109.1025,5900676.0065,798487,,523816,0,,0,1,,Null,2024/2025,PORCHESTER ROAD,HYPERION DRIVE,,Non-Injury Crash,No,2025,,South,,0,,Flat,,,,,,Dark,759730,0,0,0,2,,,0,,,,,,Auckland Region,Nil,2-way,Sealed,,0,0,,60,,On,0,0,,76,Auckland,Stop,,,,,1,0,Urban,0,,,Fine,Null
1761083.9639,5903430.7834,798488,,524604,0,,0,1,,West,2024/2025,PUHINUI ROAD,AIRPORT LOOKOUT EBD,,Non-Injury Crash,Yes,2024,,West,,0,,Flat,,,,,,Bright sun,781100,0,0,0,2,,,0,,,,,,Auckland Region,Nil,2-way,Sealed,,0,0,,50,,Off,0,0,,76,Auckland,Nil,,,,,0,0,Urban,1,,,Fine,Null
1755489.9829,5924248.9442,798503,,509800,0,0,0,2,0,Null,2025/2026,RODNEY ROAD,CHURCH STREET,,Minor Crash,No,2025,0,South,0,0,0,Hill Road,0,,0,,0,Bright sun,359600,1,0,0,2,0,0,0,0,1,,0,0,Auckland Region,Nil,2-way,Sealed,0,0,0,0,50,0,Off,0,0,,76,Auckland,Give way,1,0,0,0,0,0,Urban,0,0,0,Fine,Null
1767898.9331,5911897.4564,798504,,522920,0,,0,2,,Null,2024/2025,TI RAKAU DRIVE,GOSSAMER DRIVE,,Non-Injury Crash,No,2024,,West,,0,,Null,,,,,,Dark,687801,0,0,0,2,,,0,,,,,,Auckland Region,Nil,1-way,Sealed,,0,0,,50,,On,0,0,,76,Auckland,Traffic Signals,,,,,0,0,Urban,0,,,Fine,Null
1746489.5033,5917582.0456,798512,35,512500,0,0,0,1,0,Null,2024/2025,MCLEOD ROAD,SHEEHAN ROAD,,Minor Crash,No,2025,0,East,0,0,0,Hill Road,0,,0,,0,Bright sun,257500,1,0,0,2,0,0,0,0,1,,0,0,Auckland Region,Nil,2-way,Sealed,0,0,0,0,50,0,Off,0,0,,76,Auckland,Give way,0,0,0,0,0,0,Urban,2,0,0,Fine,Null
1772495.4049,5893327.4639,798518,,521301,0,,0,1,,North,2023/2024,SOUTHERN MOTORWAY,SERVICE CENTRE ON SBD,,Non-Injury Crash,Yes,2023,,South,,0,,Flat,,,,,,Overcast,808608,0,0,0,2,,,0,,,,,,Auckland Region,Nil,1-way,Sealed,,0,0,,100,,None,0,0,80,76,Auckland,Nil,,,,,0,0,Open,1,,,Fine,Null
1747698.7761,5926943.4067,798526,,513431,0,0,0,1,0,Null,2023/2024,SQUADRON DRIVE,SQUADRON DRIVE,,Non-Injury Crash,No,2023,0,South,0,0,0,Flat,0,,0,,0,Overcast,221903,0,0,0,2,0,0,0,0,0,,0,1,Auckland Region,Motorway ramp,1-way,Sealed,0,0,0,0,50,0,Off,0,0,,76,Auckland,Nil,0,0,0,0,0,0,Urban,0,0,0,Light rain,Null
1750767.6107,5946658.3562,798527,,505807,0,,0,1,,Null,2024/2025,WHANGAPARAOA ROAD,WHANGAPARAOA ROAD,,Non-Injury Crash,No,2025,,West,,0,,Null,,,,,,Bright sun,172802,0,0,0,4,,,0,,,,,,Auckland Region,Nil,2-way,Sealed,,0,0,,50,,Null,0,0,,76,Auckland,Nil,,,,,0,0,Urban,1,,,Fine,Null
1753575.4815,5914360.2604,798552,,518801,0,,0,0,,South,2024/2025,MAIORO STREET OFF RAMP,MAIORO STREET,,Non-Injury Crash,No,2024,,West,,0,,Hill Road,,,,,,Overcast,578400,0,0,0,5,,,1,,,,,,Auckland Region,Motorway ramp,1-way,Sealed,,0,0,,50,,Off,0,0,,76,Auckland,Nil,,,,,1,0,Urban,0,,,Fine,Null