X,Y,OBJECTID,advisorySpeed,areaUnitID,bicycle,bridge,bus,carStationWagon,cliffBank,crashDirectionDescription,crashFinancialYear,crashLocation1,crashLocation2,crashRoadSideRoad,crashSeverity,crashSHDescription,crashYear,debris,directionRoleDescription,ditch,fatalCount,fence,flatHill,guardRail,holiday,houseOrBuilding,intersection,kerb,light,meshblockId,minorInjuryCount,moped,motorcycle,NumberOfLanes,objectThrownOrDropped,otherObject,otherVehicleType,overBank,parkedVehicle,pedestrian,phoneBoxEtc,postOrPole,region,roadCharacter,roadLane,roadSurface,roadworks,schoolBus,seriousInjuryCount,slipOrFlood,speedLimit,strayAnimal,streetLight,suv,taxi,temporarySpeedLimit,tlaId,tlaName,trafficControl,trafficIsland,trafficSign,train,tree,truck,unknownVehicleType,urban,vanOrUtility,vehicle,waterRiver,weatherA,weatherB
1744164.1319,5944670.0152,798582,,506614,0,0,0,1,0,West,2023/2024,KAHIKATEA FLAT ROAD,WHITEHILLS ROAD,,Non-Injury Crash,No,2023,0,West,1,0,0,Hill Road,0,,0,,0,Bright sun,177500,0,0,0,2,0,0,0,0,0,,0,0,Auckland Region,Nil,2-way,Sealed,0,0,0,0,80,0,Off,0,0,,76,Auckland,Nil,0,0,0,0,0,0,Open,0,0,0,Fine,Null
1756637.8885,5912861.3584,798583,,518702,0,,0,1,,Null,2024/2025,HILLSBOROUGH ROAD,HILLSBOROUGH ROAD ON RAMP,,Non-Injury Crash,No,2024,,South,,0,,Flat,,,,,,Bright sun,569900,0,0,0,5,,,0,,,,,,Auckland Region,Overpass,2-way,Sealed,,0,0,,50,,Off,0,0,,76,Auckland,Traffic Signals,,,,,1,0,Urban,0,,,Fine,Null
1774225.5949,5902621.5896,798592,,523813,0,1,0,1,0,South,2024/2025,ALFRISTON-ARDMORE ROAD,MUIRS BR,,Non-Injury Crash,No,2024,0,North,0,0,0,Flat,0,,0,,0,Dark,761000,0,0,0,2,0,0,0,0,0,,0,0,Auckland Region,Bridge,2-way,Unsealed,0,0,0,0,80,0,None,0,0,,76,Auckland,Nil,0,0,0,0,0,0,Open,0,0,0,Heavy rain,Frost
1743495.4728,5975642.752,798600,,506661,0,,0,3,,South,2024/2025,SH 1,SH 1,,Serious Crash,Yes,2025,,North,,0,,Hill Road,,,,,,Overcast,139000,1,0,0,2,,,0,,,,,,Auckland Region,Nil,2-way,Sealed,,0,1,,80,,Off,0,0,,76,Auckland,Nil,,,,,0,0,Open,1,,,Light rain,Null
1753311.5766,5914814.141,798607,,518801,0,,0,2,,East,2024/2025,STODDARD ROAD,RICHARDSON ROAD,,Non-Injury Crash,No,2024,,West,,0,,Flat,,,,,,Twilight,578400,0,0,0,2,,,0,,,,,,Auckland Region,Nil,2-way,Sealed,,0,0,,50,,On,0,0,,76,Auckland,Nil,,,,,0,0,Urban,0,,,Fine,None
1761459.5742,5914322.9073,798615,,520202,0,,0,1,,Null,2024/2025,ELLERSLIE-PANMURE HIGHWAY,ELLERSLIE-PANMURE HWY ON RAMP,,Non-Injury Crash,No,2025,,South,,0,,Flat,,,,,,Bright sun,612502,0,0,0,2,,,0,,,,,,Auckland Region,Nil,1-way,Sealed,,0,0,,50,,Off,0,0,,76,Auckland,Give way,,,,,0,0,Urban,0,,,Fine,Null
1770662.0819,5898613.9564,798616,,523920,0,,0,2,,Null,2024/2025,WALTER STREVENS DRIVE,GREAT SOUTH ROAD,,Minor Crash,No,2024,,East,,0,,Flat,,Christmas New Year,,,,Dark,768001,1,0,0,2,,,0,,,,,,Auckland Region,Nil,2-way,Sealed,,0,0,,50,,On,0,0,,76,Auckland,Traffic Signals,,,,,0,0,Urban,0,,,Fine,Null
1760128.9853,5915991.3722,798640,45,516002,0,,0,2,,North,2023/2024,GREEN LANE EAST OFF RAMP,GREEN LANE EAST,,Non-Injury Crash,No,2024,,South,,0,,Hill Road,,,,,,Bright sun,492100,0,0,0,1,,,0,,,,,,Auckland Region,Nil,1-way,Sealed,,0,0,,50,,Off,0,0,,76,Auckland,Nil,,,,,0,0,Urban,0,,,Light rain,None
1758622.0522,5912147.8872,798654,,519810,0,,0,0,,Null,2022/2023,HILL STREET,CHURCH STREET,,Non-Injury Crash,No,2023,,North,,0,,Flat,,,,,,Bright sun,601600,0,0,0,2,,,0,,,,,,Auckland Region,Nil,2-way,Sealed,,0,0,,50,,On,0,0,,76,Auckland,Stop,,,,,0,0,Urban,1,,,Fine,Null
1765151.8954,5920096.7362,798655,,516700,1,,0,1,,Null,2025/2026,TAMAKI DRIVE,LONG DRIVE,,Minor Crash,No,2025,,North,,0,,Flat,,,,,,Twilight,508400,1,0,0,2,,,0,,,,,,Auckland Region,Nil,2-way,Sealed,,0,0,,50,,On,0,0,,76,Auckland,Stop,,,,,0,0,Urban,0,,,Light rain,Null
1748140.8044,5958280.6047,798663,,506613,0,,0,0,,Null,2024/2025,AHUROA ROAD,BRUCE MACGREGOR LANE,,Serious Crash,No,2025,,West,,0,,Flat,,,,,,Dark,146901,0,0,0,2,,,0,,,,,,Auckland Region,Nil,2-way,Sealed,,0,1,,50,,None,0,0,,76,Auckland,Nil,,,,,0,0,Urban,1,,,Fine,Null
1767306.6982,5905606.7243,798664,,522302,0,,0,2,,Null,2023/2024,REAGAN ROAD,MEADOWCOURT DRIVE,,Non-Injury Crash,No,2024,,West,,0,,Flat,,,,,,Bright sun,670802,0,0,0,2,,,0,,,,,,Auckland Region,Nil,2-way,Sealed,,0,0,,50,,None,0,0,,76,Auckland,Give way,,,,,0,0,Urban,0,,,Fine,None
1764128.3076,5915670.2449,798671,,517202,0,0,0,0,0,East,2024/2025,KORERE TERRACE,HOCHSTETTER PLACE,,Minor Crash,No,2025,0,North,0,0,0,Flat,0,,0,,0,Dark,626303,1,0,0,2,0,1,0,0,0,1,0,0,Auckland Region,Nil,2-way,Sealed,0,0,0,0,50,0,On,1,0,,76,Auckland,Nil,0,0,0,0,0,0,Urban,0,0,0,Fine,Null
1756178.1562,5929038.9978,798672,,508510,0,,0,1,,Null,2024/2025,FORREST HILL ROAD,NILE ROAD,,Minor Crash,No,2024,,South,,0,,Null,,,,,,Overcast,195100,1,0,1,2,,,0,,,,,,Auckland Region,Nil,2-way,Sealed,,0,0,,50,,Null,0,0,,76,Auckland,Give way,,,,,0,0,Urban,0,,,Light rain,Null
1760037.0769,5916024.3029,798678,,516002,0,,0,3,,North,2023/2024,SOUTHERN MOTORWAY,GREENLANE INT N,,Non-Injury Crash,Yes,2023,,South,,0,,Flat,,,,,,Overcast,492100,0,0,0,3,,,0,,,,,,Auckland Region,Nil,1-way,Sealed,,0,0,,100,,Off,0,0,,76,Auckland,Nil,,,,,0,0,Open,0,,,Light rain,Null
1749471.3189,5948971.0682,798688,,506202,0,0,0,1,0,Null,2024/2025,ARRAN DRIVE,ARRAN POINT PARADE,,Non-Injury Crash,No,2025,0,South,0,0,0,Hill Road,0,,0,,1,Dark,176412,0,0,0,2,0,0,0,0,0,,0,1,Auckland Region,Nil,2-way,Sealed,0,0,0,0,50,0,On,0,0,,76,Auckland,Give way,0,0,0,0,0,0,Urban,0,0,0,Heavy rain,Null
1757206.1151,5926970.4907,798694,,507900,0,,0,2,,Null,2023/2024,TAHAROTO ROAD,KILLARNEY STREET,,Non-Injury Crash,No,2023,,South,,0,,Flat,,,,,,Dark,305000,0,0,0,6,,,0,,,,,,Auckland Region,Nil,2-way,Sealed,,0,0,,50,,On,0,0,,76,Auckland,Traffic Signals,,,,,0,0,Urban,0,,,Light rain,Null
1745939.7387,5920434.5847,798702,,513301,0,0,0,2,0,South,2024/2025,NORTH-WESTERN MOTORWAY,LINCOLN ROAD ON RAMP,,Minor Crash,Yes,2024,0,South,0,0,0,Flat,1,,0,,0,Overcast,230200,2,0,0,3,0,0,0,0,0,,0,0,Auckland Region,Nil,1-way,Sealed,0,0,0,0,100,0,Off,0,0,,76,Auckland,Nil,0,0,0,0,0,0,Open,0,0,0,Fine,Null
1754813.225,5930545.5388,798717,,508520,0,,0,1,,North,2023/2024,NORTHERN MOTORWAY,SUNNYNOOK OBR,,Non-Injury Crash,Yes,2023,,South,,0,,Hill Road,,,,,,Overcast,192700,0,0,0,2,,,0,,,,,,Auckland Region,Nil,1-way,Sealed,,0,0,,100,,Off,1,0,,76,Auckland,Nil,,,,,0,0,Open,0,,,Fine,Null
1757073.2923,5920893.1657,798718,,514101,0,,0,0,,Null,2025/2026,PAKENHAM STREET EAST,STURDEE STREET,,Non-Injury Crash,No,2025,,East,,0,,Null,,,,,,Bright sun,433003,0,0,0,1,,,0,,,,,,Auckland Region,Nil,1-way,Sealed,,0,0,,30,,Null,1,0,,76,Auckland,Stop,,,,,1,0,Urban,0,,,Fine,Null
1761116.2383,5916657.2558,798719,,516202,0,,0,1,,Null,2024/2025,REMUERA ROAD,GREEN LANE EAST,,Non-Injury Crash,No,2025,,East,,0,,Flat,,,,,,Overcast,489900,0,0,0,4,,,0,,,,,,Auckland Region,Nil,2-way,Sealed,,0,0,,50,,None,0,0,,76,Auckland,Traffic Signals,,,,,0,0,Urban,0,,,Fine,Null
1762852.5368,5912308.4594,798727,,519500,0,,0,4,,North,2025/2026,GREAT SOUTH ROAD,SOUTHDOWN LANE,,Minor Crash,No,2025,,North,,0,,Flat,,,,,,Bright sun,622700,1,0,0,4,,,0,,,,,,Auckland Region,Nil,2-way,Sealed,,0,0,,50,,Off,0,0,,76,Auckland,Nil,,,,,0,0,Urban,1,,,Fine,Null
1772272.9464,5897097.7495,798734,,525420,0,,1,1,,West,2025/2026,GREAT SOUTH ROAD,DON STREET,,Non-Injury Crash,No,2025,,East,,0,,Null,,,,,,Bright sun,790700,0,0,0,2,,,0,,,,,,Auckland Region,Nil,2-way,Null,,0,0,,50,,Null,0,0,,76,Auckland,Nil,,,,,0,0,Urban,0,,,Fine,Null
1766788.404,5906492.424,798735,,522302,0,,0,2,,North,2024/2025,MORRIS AVENUE,MORRIS AVENUE,,Non-Injury Crash,No,2025,,North,,0,,Flat,,,,,,Bright sun,669900,0,0,0,2,,,0,,,,,,Auckland Region,Nil,2-way,Sealed,,0,0,,,,Null,0,0,,76,Auckland,Nil,,,,,0,0,Urban,0,,,Fine,Null
1754963.4896,5913494.9646,798741,,518803,0,0,0,1,0,Null,2023/2024,DOMINION ROAD OFF RAMP,DOMINION ROAD,,Non-Injury Crash,No,2023,0,West,0,0,0,Flat,0,,0,,1,Dark,582700,0,0,0,4,0,0,0,0,0,,0,0,Auckland Region,Motorway ramp,1-way,Sealed,0,0,0,0,50,0,On,0,0,,76,Auckland,Traffic Signals,1,1,0,0,0,0,Urban,0,0,0,Fine,Null
1756180.3372,5918810.3071,798750,,515500,0,,0,2,,North,2024/2025,NORTH-WESTERN MOTORWAY,NEWTON ROAD OFF RAMP,,Minor Crash,Yes,2025,,North,,0,,Flat,,,,,,Bright sun,417700,1,0,0,4,,,0,,,,,,Auckland Region,Motorway ramp,1-way,Sealed,,0,0,,80,,Off,0,0,,76,Auckland,Nil,,,,,0,0,Open,1,,,Fine,Null
1768158.1087,5899316.2109,798757,,525102,0,,0,2,,East,2022/2023,MAHIA ROAD,FRIEDLANDERS ROAD,,Non-Injury Crash,No,2023,,West,,0,,Hill Road,,,,,,Dark,769200,0,0,0,2,,,0,,,,,,Auckland Region,Nil,2-way,Sealed,,0,0,,50,,On,0,0,,76,Auckland,Nil,,,,,0,0,Urban,0,,,Fine,Null
1761347.5586,5914251.3106,798765,45,520202,0,0,0,1,0,Null,2023/2024,ELLERSLIE-PANMURE HIGHWAY,ELLERSLIE-PANMURE HWY ON RAMP,,Non-Injury Crash,No,2023,0,South,0,0,0,Flat,0,Labour Weekend,0,,1,Dark,612300,0,0,0,2,0,0,0,0,0,,0,0,Auckland Region,Nil,2-way,Sealed,0,0,0,0,50,0,Off,0,0,,76,Auckland,Give way,0,0,0,0,0,0,Urban,0,0,0,Fine,Null
1720344.7074,5946527.1391,798767,,506642,0,,0,2,,Null,2024/2025,SOUTH HEAD ROAD,SLATER ROAD,,Minor Crash,No,2024,,North,,0,,Flat,,,,,,Overcast,210301,1,0,0,2,,,0,,,,,,Auckland Region,Nil,2-way,Sealed,,0,0,,80,,None,0,0,,76,Auckland,Nil,,,,,0,0,Open,0,,,Light rain,Null
1765475.7732,5917071.0933,798789,,517001,0,,0,1,,Null,2023/2024,TANIWHA STREET,LINE ROAD,,Minor Crash,No,2024,,West,,0,,Flat,,,,,,Dark,475600,1,1,0,1,,,0,,,,,,Auckland Region,Nil,1-way,Sealed,,0,0,,50,,On,0,0,,76,Auckland,Give way,,,,,0,0,Urban,0,,,Light rain,Null
1758801.2234,5912410.9261,798798,,519810,0,,0,2,,Null,2024/2025,SELWYN STREET,ARTHUR STREET,,Non-Injury Crash,No,2024,,North,,0,,Flat,,,,,,Bright sun,599000,0,0,0,2,,,0,,,,,,Auckland Region,Nil,2-way,Sealed,,0,0,,50,,Off,0,0,,76,Auckland,Stop,,,,,0,0,Urban,0,,,Fine,Null
1761742.4106,5906570.454,798806,,524520,0,1,0,1,0,Null,2025/2026,MASSEY ROAD OFF RAMP,MASSEY ROAD,,Serious Crash,No,2026,0,South,0,0,0,Flat,1,,0,,0,Dark,736300,0,0,0,2,0,0,0,0,0,,0,0,Auckland Region,Motorway ramp,1-way,Sealed,0,0,1,0,100,0,On,0,0,,76,Auckland,Give way,0,0,0,0,0,0,Open,0,0,0,Fine,Null
1761943.9319,5912494.2604,798807,,519500,1,,0,1,,West,2023/2024,CHURCH STREET,O'RORKE ROAD,,Minor Crash,No,2023,,East,,0,,Flat,,,,,,Bright sun,622400,1,0,0,4,,,0,,,,,,Auckland Region,Nil,2-way,Sealed,,0,0,,50,,Off,0,0,,76,Auckland,Nil,,,,,0,0,Urban,0,,,Fine,Null
1746930.0296,5915186.8183,798822,,511800,0,,0,0,,West,2025/2026,GREAT NORTH ROAD,HEPBURN ROAD,,Minor Crash,No,2026,,South,,0,,Hill Road,,,,,,Overcast,277902,1,1,0,4,,,0,,,,,,Auckland Region,Nil,2-way,Sealed,,0,0,,50,,Off,0,0,,76,Auckland,Nil,,,,,0,0,Urban,0,,,Light rain,Null
1767140.0814,5905465.7996,798823,,524603,0,,0,1,,South,2023/2024,GREAT SOUTH ROAD,PUHINUI ROAD,,Non-Injury Crash,No,2023,,North,,0,,Flat,,,,,,Bright sun,780205,0,0,0,4,,,0,,,,,,Auckland Region,Nil,2-way,Sealed,,0,0,,60,,Off,0,0,,76,Auckland,Nil,,,,,0,0,Urban,1,,,Fine,Null
1765663.4199,5897970.6242,798837,,524812,0,,0,2,,Null,2023/2024,WEYMOUTH ROAD,HAZARDS ROAD,,Minor Crash,No,2024,,North,,0,,Flat,,,,,,Dark,773400,1,0,0,2,,,0,,,,,,Auckland Region,Overpass,2-way,Sealed,,0,0,,50,,On,0,0,30,76,Auckland,Give way,,,,,0,0,Urban,0,,,Light rain,Null
1757218.0337,5926965.0524,798869,,507900,0,0,0,1,0,Null,2023/2024,TAHAROTO ROAD,FRED THOMAS DRIVE,,Non-Injury Crash,No,2024,0,South,0,0,1,Flat,0,,0,,0,Dark,305000,0,0,0,4,0,0,0,0,0,,0,0,Auckland Region,Nil,2-way,Sealed,0,0,0,0,50,0,On,0,0,,76,Auckland,Traffic Signals,0,0,0,0,0,0,Urban,0,0,0,Fine,Null
1770277.2745,5905141.1837,798894,,523712,0,,0,2,,Null,2025/2026,THOMAS ROAD,BUSHFIELD DRIVE,,Non-Injury Crash,No,2025,,East,,0,,Hill Road,,,,,,Dark,713300,0,0,0,2,,,0,,,,,,Auckland Region,Nil,2-way,Sealed,,0,0,,50,,On,0,0,,76,Auckland,Nil,,,,,0,0,Urban,0,,,Light rain,Frost
1764514.3642,5904469.4908,798903,,522100,0,,0,2,,Null,2024/2025,PUHINUI ROAD,NOEL BURNSIDE ROAD,,Minor Crash,No,2024,,West,,0,,Flat,,,,,,Bright sun,659400,2,0,0,2,,,0,,,,,,Auckland Region,Nil,2-way,Sealed,,0,0,,50,,Off,0,0,,76,Auckland,Traffic Signals,,,,,0,0,Urban,0,,,Fine,Null
1746184.9867,5925648.7736,798917,,513431,0,0,0,0,0,Null,2023/2024,HOBSONVILLE ROAD,LAURENSON ROAD,,Non-Injury Crash,No,2023,0,North,0,0,0,Flat,0,,0,,0,Bright sun,223802,0,0,0,1,0,0,0,0,0,,0,0,Auckland Region,Nil,1-way,Sealed,0,0,0,0,50,0,Off,1,0,,76,Auckland,Give way,0,1,0,0,0,0,Urban,0,0,0,Fine,Strong wind
1745229.4215,5919100.0755,798942,,513302,0,,0,2,,South,2023/2024,LINCOLN ROAD,TE PAI PLACE,,Non-Injury Crash,No,2024,,North,,0,,Flat,,,,,,Dark,232205,0,0,0,4,,,0,,,,,,Auckland Region,Nil,2-way,Sealed,,0,0,,50,,On,0,0,,76,Auckland,Nil,,,,,0,0,Urban,0,,,Fine,Null
1745750.5676,5917220.8385,798948,,510800,0,,0,2,,Null,2023/2024,GREAT NORTH ROAD,EDMONTON ROAD,,Non-Injury Crash,No,2023,,West,,0,,Flat,,,,,,Bright sun,243300,0,0,0,5,,,0,,,,,,Auckland Region,Nil,2-way,Sealed,,0,0,,50,,Off,0,0,,76,Auckland,Traffic Signals,,,,,0,0,Urban,0,,,Fine,Null
1745303.5971,5924463.8796,798950,,513431,0,0,1,1,0,East,2024/2025,HOBSONVILLE ROAD,LUCKENS ROAD,,Minor Crash,No,2024,0,East,0,0,0,Hill Road,0,,0,,0,Bright sun,223802,1,0,0,2,0,0,0,0,0,,0,0,Auckland Region,Nil,2-way,Sealed,0,0,0,0,50,0,Off,0,0,,76,Auckland,Nil,0,0,0,0,0,0,Urban,0,1,0,Fine,Null
1764883.4719,5905780.6283,798956,,522201,0,,0,1,,East,2024/2025,ST GEORGE STREET,TOWN HALL LANE,,Minor Crash,No,2024,,East,,0,,Flat,,,,,,Bright sun,663200,2,0,0,2,,,0,,,,,,Auckland Region,Nil,2-way,Sealed,,0,0,,50,,Off,1,0,,76,Auckland,Nil,,,,,0,0,Urban,0,,,Fine,Null
1751762.575,5947620.5787,798957,,505808,0,,0,1,,Null,2025/2026,RED BEACH ROAD,ALBATROSS ROAD,,Non-Injury Crash,No,2025,,South,,0,,Flat,,,,,,Overcast,172903,0,0,0,2,,,0,,,,,,Auckland Region,Nil,2-way,Sealed,,0,0,,50,,Off,0,0,,76,Auckland,Give way,,,,,0,0,Urban,1,,,Fine,Null
1747705.4288,5928196.1631,798974,,513420,0,0,0,1,1,North,2023/2024,FERRY PARADE,DUNCAN RISE,,Non-Injury Crash,No,2024,0,South,0,0,0,Flat,0,,0,,0,Dark,221200,0,0,0,2,0,0,0,0,0,,0,0,Auckland Region,Nil,2-way,Sealed,0,0,0,0,50,0,On,0,0,,76,Auckland,Nil,0,0,0,1,0,0,Urban,0,0,0,Mist or Fog,Null
1764735.7749,5916855.6616,798980,,520301,0,,0,1,,Null,2024/2025,MERTON ROAD,HOWARD HUNTER AVENUE,,Minor Crash,No,2024,,East,,0,,Flat,,,,,,Dark,465302,1,0,0,2,,,0,,,,,,Auckland Region,Nil,2-way,Sealed,,0,0,,50,,On,0,0,,76,Auckland,Stop,,,,,0,0,Urban,1,,,Fine,Null
1768697.5973,5912745.2143,798990,,523000,0,0,0,2,0,Null,2023/2024,ENNIS AVENUE,DE THIERY PLACE,,Non-Injury Crash,No,2023,0,South,0,0,0,Flat,0,Christmas New Year,0,,0,Bright sun,688600,0,0,0,2,0,0,0,0,1,,0,0,Auckland Region,Nil,2-way,Sealed,0,0,0,0,50,0,On,0,0,,76,Auckland,Nil,0,0,0,0,0,0,Urban,0,0,0,Fine,Null
1744590.9603,5919815.5458,799006,,513301,0,0,0,0,0,East,2023/2024,UNIVERSAL DRIVE,RIVERPARK CRESCENT,,Non-Injury Crash,No,2024,0,West,0,0,0,Hill Road,0,,0,,1,Dark,234301,0,0,0,2,0,0,0,0,0,,0,1,Auckland Region,Nil,2-way,Sealed,0,0,0,0,50,0,On,1,0,,76,Auckland,Nil,0,0,0,0,0,0,Urban,0,0,0,Fine,Null
1777990.3367,5911719.7296,799012,,523202,0,0,0,3,0,North,2023/2024,WHITFORD MARAETAI ROAD,WAIKOPUA BR,,Serious Crash,No,2023,0,South,0,0,0,Flat,1,,0,,0,Bright sun,762501,1,0,0,2,0,0,0,0,0,,0,0,Auckland Region,Bridge,2-way,Sealed,0,0,1,0,80,0,None,0,0,,76,Auckland,Nil,0,0,0,0,0,0,Open,0,0,0,Fine,Null
1761744.6637,5906525.3106,799021,,524200,0,,0,1,,East,2025/2026,SOUTH-WESTERN MOTORWAY,MOYLE PARK FTBR,,Non-Injury Crash,Yes,2025,,West,,0,,Flat,,,,,,Bright sun,728700,0,0,0,2,,,0,,,,,,Auckland Region,Nil,1-way,Sealed,,0,0,,100,,Off,0,0,,76,Auckland,Nil,,,,,0,0,Open,2,,,Fine,Null
1757623.7012,5919484.3507,799030,,514301,0,,0,2,,South,2024/2025,SH 16,PORT TO SOUTHERN LINK,,Non-Injury Crash,Yes,2025,,South,,0,,Hill Road,,,,,,Overcast,440800,0,0,0,2,,,0,,,,,,Auckland Region,Nil,1-way,Sealed,,0,0,,80,,Off,0,0,,76,Auckland,Nil,,,,,0,0,Open,0,,,Fine,Null
1745050.4148,5917757.0882,799037,,510700,0,,0,2,,Null,2024/2025,SWANSON ROAD,GREAT NORTH ROAD,,Non-Injury Crash,No,2025,,South,,0,,Hill Road,,,,,,Dark,239104,0,0,0,3,,,0,,,,,,Auckland Region,Nil,2-way,Sealed,,0,0,,50,,On,0,0,,76,Auckland,Traffic Signals,,,,,0,0,Urban,0,,,Light rain,Strong wind
1770659.821,5898622.6945,799061,,523920,0,,0,2,,Null,2024/2025,GREAT SOUTH ROAD,WALTER STREVENS DRIVE,,Fatal Crash,No,2024,,North,,2,,Flat,,,,,,Dark,768008,1,0,0,4,,,0,,,,,,Auckland Region,Nil,2-way,Sealed,,0,1,,50,,On,0,0,,76,Auckland,Traffic Signals,,,,,1,0,Urban,0,,,Fine,Null
1757915.8816,5919742.9538,799062,,514301,0,,0,3,,Null,2024/2025,STANLEY STREET,GRAFTON ROAD,,Non-Injury Crash,No,2025,,East,,0,,Hill Road,,,,,,Overcast,440300,0,0,0,2,,,0,,,,,,Auckland Region,Nil,1-way,Sealed,,0,0,,50,,Off,0,2,,76,Auckland,Traffic Signals,,,,,0,0,Urban,0,,,Fine,Null
1761179.5739,5914727.3892,799069,,520202,0,0,0,1,0,South,2024/2025,SOUTHERN MOTORWAY,ELLERSLIE FTBR,,Non-Injury Crash,Yes,2024,0,North,0,0,0,Flat,1,,0,,0,Dark,612100,0,0,0,4,0,0,0,0,0,,0,0,Auckland Region,Nil,1-way,Sealed,0,0,0,0,100,0,On,0,0,,76,Auckland,Nil,0,0,0,0,1,0,Open,0,0,0,Fine,Null
1759704.5126,5906887.3518,799076,,524111,0,0,0,1,0,North,2022/2023,ORLY AVENUE,STAVERTON CRESCENT,,Non-Injury Crash,No,2023,0,South,0,0,1,Flat,0,,0,,0,Dark,740000,0,0,0,2,0,0,0,0,0,,0,0,Auckland Region,Nil,2-way,Sealed,0,0,0,0,50,0,On,0,0,,76,Auckland,Nil,1,0,0,0,0,0,Urban,0,0,0,Fine,Null
1773384.1576,5897677.517,799078,,523912,0,,0,1,,South,2025/2026,GROVE ROAD,BATTALION DRIVE,,Non-Injury Crash,No,2025,,North,,0,,Flat,,,,,,Dark,765500,0,0,0,2,,,0,,,,,,Auckland Region,Nil,2-way,Sealed,,0,0,,50,,On,0,0,,76,Auckland,Nil,,,,,0,0,Urban,0,,,Fine,Null
1738114.8899,5925710.3551,799094,,505700,0,,0,2,,South,2025/2026,WAITAKERE ROAD,HANHAM ROAD,,Minor Crash,No,2025,,North,,0,,Hill Road,,,,,,Overcast,216402,2,0,0,2,,,0,,,,,,Auckland Region,Nil,2-way,Sealed,,0,0,,80,,None,0,0,,76,Auckland,Nil,,,,,0,0,Open,0,,,Light rain,Null
1748460.4843,5946997.1066,799101,,506201,0,0,0,1,0,South,2025/2026,NORTHERN MOTORWAY,WANUI ROAD OFF RAMP,,Non-Injury Crash,Yes,2025,0,North,0,0,0,Flat,1,,0,,0,Bright sun,176603,0,0,0,4,0,0,0,0,0,,0,0,Auckland Region,Nil,2-way,Sealed,0,0,0,0,110,0,Off,0,0,,76,Auckland,Nil,0,0,0,0,0,0,Open,0,0,0,Fine,Null
1755890.459,5920390.7476,799109,,514000,0,0,0,1,0,North,2024/2025,ENGLAND STREET,SPRING STREET,,Non-Injury Crash,No,2025,0,North,0,0,0,Flat,0,,0,,0,Dark,416100,0,0,0,1,0,0,0,0,0,,0,0,Auckland Region,Nil,1-way,Sealed,1,0,0,0,30,0,On,0,0,,76,Auckland,Nil,0,0,0,0,0,0,Urban,0,0,0,Fine,Null
1769250.9267,5908856.3726,799116,,523113,0,,0,2,,Null,2023/2024,EAST TAMAKI ROAD,ACCENT DRIVE,,Non-Injury Crash,No,2023,,South,,0,,Flat,,,,,,Dark,711902,0,0,0,2,,,0,,,,,,Auckland Region,Nil,2-way,Sealed,,0,0,,60,,On,0,0,,76,Auckland,Traffic Signals,,,,,0,0,Urban,0,,,Fine,Null
1747318.8097,5919566.7952,799124,,512402,0,,0,2,,North,2022/2023,TE ATATU ROAD OFF RAMP,TE ATATU ROAD,,Non-Injury Crash,No,2023,,West,,0,,Hill Road,,,,,,Overcast,253700,0,0,0,2,,,0,,,,,,Auckland Region,Nil,1-way,Sealed,,0,0,,50,,Off,0,0,,76,Auckland,Nil,,,,,0,0,Urban,0,,,Light rain,Null
1750519.9621,5929161.1388,799132,,509100,0,,0,0,,Null,2023/2024,GREENHITHE ROAD,GREENHITHE ROAD OFF RAMP,,Non-Injury Crash,No,2023,,East,,0,,Hill Road,,,,,,Dark,181107,0,0,0,3,,,0,,,,,,Auckland Region,Motorway ramp,2-way,Sealed,,0,0,,70,,On,1,0,,76,Auckland,Stop,,,,,0,0,Urban,1,,,Fine,Null
1760274.377,5908871.5649,799133,,524403,0,,0,1,,Null,2024/2025,WALMSLEY ROAD,KATATAI STREET,,Minor Crash,No,2025,,East,,0,,Flat,,,,,,Bright sun,729901,1,0,0,2,,,0,,,,,,Auckland Region,Nil,2-way,Sealed,,0,0,,50,,Off,1,0,30,76,Auckland,Nil,,,,,0,0,Urban,0,,,Fine,Null
1765563.9301,5906876.55,799149,,522201,0,,0,1,,Null,2023/2024,ERIC BAKER PLACE,KOLMAR ROAD,,Non-Injury Crash,No,2024,,South,,0,,Flat,,,,,,Overcast,662400,0,0,0,2,,,0,,,,,,Auckland Region,Nil,2-way,Sealed,,0,0,,50,,Off,0,0,,76,Auckland,Give way,,,,,0,1,Urban,0,,,Fine,None
1742798.8294,5922047.3975,799157,,513622,0,,0,2,,Null,2023/2024,DON BUCK ROAD,RED HILLS ROAD,,Non-Injury Crash,No,2024,,South,,0,,Flat,,Queens Birthday,,,,Overcast,226700,0,0,0,3,,,0,,,,,,Auckland Region,Nil,2-way,Sealed,,0,0,,50,,Off,0,0,,76,Auckland,Give way,,,,,0,0,Urban,0,,,Fine,Null
1769037.0909,5906403.8448,799158,,523711,0,,0,0,,Null,2024/2025,TE IRIRANGI DRIVE,BELINDA AVENUE,,Non-Injury Crash,No,2025,,North,,0,,Flat,,,,,,Bright sun,713007,0,0,0,2,,,0,,,,,,Auckland Region,Nil,1-way,Sealed,,0,0,,50,,Null,1,0,,76,Auckland,Give way,,,,,0,0,Urban,1,,,Fine,Null