X,Y,OBJECTID,advisorySpeed,areaUnitID,bicycle,bridge,bus,carStationWagon,cliffBank,crashDirectionDescription,crashFinancialYear,crashLocation1,crashLocation2,crashRoadSideRoad,crashSeverity,crashSHDescription,crashYear,debris,directionRoleDescription,ditch,fatalCount,fence,flatHill,guardRail,holiday,houseOrBuilding,intersection,kerb,light,meshblockId,minorInjuryCount,moped,motorcycle,NumberOfLanes,objectThrownOrDropped,otherObject,otherVehicleType,overBank,parkedVehicle,pedestrian,phoneBoxEtc,postOrPole,region,roadCharacter,roadLane,roadSurface,roadworks,schoolBus,seriousInjuryCount,slipOrFlood,speedLimit,strayAnimal,streetLight,suv,taxi,temporarySpeedLimit,tlaId,tlaName,trafficControl,trafficIsland,trafficSign,train,tree,truck,unknownVehicleType,urban,vanOrUtility,vehicle,waterRiver,weatherA,weatherB
1736453.4571,5944573.7236,799164,,506646,0,,0,0,,West,2023/2024,KAHIKATEA FLAT ROAD,FIELD LANE,,Minor Crash,No,2023,,East,,0,,Flat,,,,,,Overcast,213100,1,0,0,2,,,0,,,,,,Auckland Region,Nil,2-way,Sealed,,0,0,,80,,None,0,0,,76,Auckland,Nil,,,,,0,0,Open,2,,,Fine,Null
1768498.4645,5900665.4562,799172,,525002,0,,0,2,,Null,2023/2024,WEYMOUTH ROAD,CHURCHILL AVENUE,,Minor Crash,No,2023,,West,,0,,Flat,,,,,,Dark,752900,1,0,0,1,,,0,,,,,,Auckland Region,Nil,2-way,Sealed,,0,0,,50,,On,0,0,,76,Auckland,Give way,,,,,0,0,Urban,0,,,Fine,Null
1768424.152,5901530.7505,799173,,524901,0,0,0,1,0,North,2023/2024,GREAT SOUTH ROAD,CORIN AVENUE,,Non-Injury Crash,No,2024,0,North,0,0,0,Flat,0,,0,,0,Dark,756100,0,0,0,2,0,0,0,0,0,,0,0,Auckland Region,Nil,2-way,Sealed,0,0,0,0,50,0,On,0,0,,76,Auckland,Nil,0,0,0,1,0,0,Urban,0,0,0,Fine,Null
1762296.9213,5982498.1636,799174,,505400,0,0,0,1,0,North,2025/2026,HAURAKI ROAD,HARBOUR VIEW ROAD,,Non-Injury Crash,No,2025,0,East,0,0,0,Flat,0,,0,,0,Bright sun,136900,0,0,1,2,0,0,0,0,1,,0,0,Auckland Region,Nil,2-way,Sealed,0,0,0,0,40,0,Off,0,0,,76,Auckland,Nil,0,0,0,0,0,0,Urban,1,0,0,Fine,Null
1755946.4774,5936355.8193,799197,,507000,0,,0,2,,East,2025/2026,DEEP CREEK ROAD,ALEXANDER AVENUE,,Non-Injury Crash,No,2025,,South,,0,,Null,,,,,,Unknown,164800,0,0,0,2,,,0,,,,,,Auckland Region,Nil,2-way,Null,,0,0,,50,,Null,0,0,,76,Auckland,Nil,,,,,0,0,Urban,0,,,Null,Null
1768053.3365,5903362.8006,799205,,524602,0,,0,2,,North,2024/2025,GREAT SOUTH ROAD,PACIFIC EVENTS CENTRE DRIVE,,Non-Injury Crash,No,2025,,South,,0,,Flat,,,,,,Unknown,780506,0,0,0,4,,,0,,,,,,Auckland Region,Nil,2-way,Sealed,,0,0,,50,,Null,0,0,,76,Auckland,Nil,,,,,0,0,Urban,0,,,Fine,Null
1770026.3619,5899235.5665,799212,,523920,0,,0,1,,South,2025/2026,GREAT SOUTH ROAD,TAKANINI ON RAMP,,Non-Injury Crash,No,2025,,North,,0,,Flat,,,,,,Dark,768005,0,0,0,3,,,0,,,,,,Auckland Region,Nil,1-way,Sealed,,0,0,,70,,On,0,0,,76,Auckland,Nil,,,,,0,0,Urban,1,,,Fine,Null
1767437.205,5907638.2027,799219,,523602,0,,0,2,,Null,2023/2024,EAST TAMAKI ROAD,FERGUSON ROAD,,Non-Injury Crash,No,2023,,West,,0,,Flat,,,,,,Twilight,709900,0,0,0,4,,,0,,,,,,Auckland Region,Nil,2-way,Sealed,,0,0,,50,,On,0,0,,76,Auckland,Traffic Signals,,,,,0,0,Urban,0,,,Fine,Null
1743687.2404,5923766.3772,799227,,513511,0,,0,2,,Null,2023/2024,OFFROAD WESTGATE CARPARK,,,Minor Crash,No,2024,,North,,0,,Hill Road,,,,,,Bright sun,224306,1,0,0,0,,,0,,,,,,Auckland Region,Nil,Off road,Sealed,,0,0,,20,,Off,0,0,,76,Auckland,Nil,,,,,0,0,Urban,0,,,Fine,Null
1772554.221,5896393.1505,799236,,525420,0,,0,2,,Null,2025/2026,EAST STREET,ELLIOT STREET,,Non-Injury Crash,No,2025,,South,,0,,Flat,,,,,,Dark,791600,0,0,0,3,,,0,,,,,,Auckland Region,Nil,2-way,Sealed,,0,0,,50,,On,0,0,,76,Auckland,Traffic Signals,,,,,0,0,Urban,0,,,Fine,Null
1753139.0435,5918253.0001,799252,,515002,0,,0,2,,East,2024/2025,NORTH-WESTERN MOTORWAY,MOUNTAIN VIEW OBR,,Non-Injury Crash,Yes,2024,,East,,0,,Flat,,,,,,Overcast,390501,0,0,0,4,,,0,,,,,,Auckland Region,Nil,1-way,Sealed,,0,0,,100,,Off,0,0,,76,Auckland,Nil,,,,,0,0,Open,0,,,Heavy rain,Null
1753849.3054,5931766.9203,799260,,508805,0,,0,1,,North,2024/2025,NORTHERN MOTORWAY,UPPER HARBOUR HWY OFF RAMP,,Non-Injury Crash,Yes,2024,,South,,0,,Flat,,,,,,Bright sun,180813,0,0,1,5,,,0,,,,,,Auckland Region,Nil,2-way,Sealed,,0,0,,100,,Off,0,0,,76,Auckland,Nil,,,,,0,0,Open,0,,,Fine,Null
1764368.7099,5915762.8075,799269,,517202,0,0,0,1,0,Null,2025/2026,TIHI STREET,PAPANGO STREET,,Non-Injury Crash,No,2025,0,North,0,0,0,Flat,0,,0,,0,Dark,465307,0,0,0,2,0,0,0,0,0,,0,1,Auckland Region,Nil,2-way,Sealed,0,0,0,0,30,0,On,0,0,,76,Auckland,Give way,0,0,0,0,0,0,Urban,0,0,0,Fine,Null
1769797.2582,5899478.5739,799283,,523920,0,,0,3,,Null,2023/2024,GREAT SOUTH ROAD,MANUREWA-TAKANINI OFF RAMP,,Non-Injury Crash,No,2024,,South,,0,,Flat,,,,,,Twilight,767921,0,0,0,4,,,0,,,,,,Auckland Region,Nil,2-way,Sealed,,0,0,,50,,On,0,0,,76,Auckland,Traffic Signals,,,,,0,0,Urban,0,,,Fine,Null
1755665.0179,5935131.0772,799284,,507101,0,,0,3,,Null,2024/2025,ANZAC ROAD,BEACH ROAD,,Minor Crash,No,2025,,South,,0,,Flat,,,,,,Bright sun,161500,2,0,0,4,,,0,,,,,,Auckland Region,Nil,2-way,Sealed,,0,0,,50,,Off,0,0,,76,Auckland,Traffic Signals,,,,,0,0,Urban,0,,,Fine,Null
1760029.3382,5920182.6599,799285,,516400,0,,1,1,,East,2025/2026,TAMAKI DRIVE,SOLENT STREET,,Fatal Crash,No,2025,,North,,1,,Flat,,,,,,Dark,455000,1,0,0,4,,,0,,,,,,Auckland Region,Nil,2-way,Sealed,,0,1,,50,,On,1,1,,76,Auckland,Nil,,,,,0,0,Urban,0,,,Light rain,Null
1744468.0818,5917167.6974,799293,,513011,0,0,0,1,0,East,2025/2026,FITZWATER PLACE,EYRE STREET,,Non-Injury Crash,No,2025,0,West,0,0,0,Null,0,,0,,0,Dark,280402,0,0,0,2,0,0,0,0,1,,0,0,Auckland Region,Nil,2-way,Sealed,0,0,0,0,50,0,None,1,0,,76,Auckland,Nil,0,0,0,0,0,0,Urban,0,0,0,Light rain,Null
1769706.2391,5884858.0489,799299,,521122,0,0,0,1,0,North,2023/2024,TUHIMATA ROAD,CAPE HILL ROAD,,Minor Crash,No,2024,0,South,0,0,0,Hill Road,0,,0,,0,Twilight,813400,1,0,0,2,0,0,0,1,0,,0,0,Auckland Region,Nil,2-way,Sealed,0,0,0,0,100,0,None,0,0,,76,Auckland,Nil,0,0,0,0,0,0,Open,0,0,0,Light rain,Null
1755293.7488,5929642.389,799300,,508420,0,,0,2,,North,2024/2025,NORTHERN MOTORWAY,TRISTRAM AVENUE ON RAMP,,Non-Injury Crash,Yes,2025,,North,,0,,Flat,,,,,,Dark,183800,0,0,0,3,,,0,,,,,,Auckland Region,Nil,1-way,Sealed,,0,0,,100,,On,0,0,,76,Auckland,Nil,,,,,0,0,Open,0,,,Fine,Null
1757077.2898,5919077.3439,799331,,514301,0,,1,0,,Null,2023/2024,SYMONDS STREET OFF RAMP,SYMONDS STREET,,Non-Injury Crash,No,2023,,West,,0,,Flat,,,,,,Bright sun,441200,0,0,0,2,,,0,,,,,,Auckland Region,Motorway ramp,1-way,Sealed,,0,0,,50,,Off,1,0,,76,Auckland,Traffic Signals,,,,,0,0,Urban,0,,,Fine,Null
1754938.1727,5920889.618,799332,,515201,0,,0,1,,Null,2024/2025,JERVOIS ROAD,JOHN STREET,,Serious Crash,No,2025,,North,,0,,Flat,,,,,,Bright sun,423500,0,0,0,4,,,0,,,1,,,Auckland Region,Nil,2-way,Sealed,,0,1,,50,,Off,0,0,,76,Auckland,Nil,,,,,0,0,Urban,0,,,Light rain,Strong wind
1765865.2805,5899577.3079,799348,,524822,0,0,0,2,0,East,2024/2025,PALMERS ROAD,TAITIMU DRIVE,,Non-Injury Crash,No,2024,0,West,0,0,0,Flat,0,,0,,0,Dark,774449,0,0,0,2,0,0,0,0,1,,0,0,Auckland Region,Nil,2-way,Sealed,0,0,0,0,30,0,On,0,0,,76,Auckland,Nil,0,0,0,0,0,0,Urban,0,0,0,Light rain,Null
1729863.8251,5959906.8068,799356,,506613,0,0,0,0,1,North,2024/2025,KAIPARA COAST HIGHWAY,WEST COAST ROAD,,Non-Injury Crash,Yes,2024,0,South,0,0,0,Flat,0,,0,,0,Bright sun,146200,0,0,0,2,0,0,0,0,0,,0,0,Auckland Region,Nil,2-way,Sealed,0,0,0,0,100,0,None,0,0,,76,Auckland,Nil,0,0,0,0,0,0,Open,1,0,0,Fine,Null
1748037.2709,5945454.3265,799364,,506201,0,0,0,2,0,South,2025/2026,PINE VALLEY ROAD,OLD PINE VALLEY ROAD,,Non-Injury Crash,No,2025,0,North,0,0,0,Flat,0,,0,,0,Dark,176700,0,0,0,2,0,0,0,0,0,,0,0,Auckland Region,Nil,2-way,Sealed,0,0,0,0,60,0,None,0,0,,76,Auckland,Nil,0,0,0,0,0,0,Urban,0,1,0,Fine,Null
1742551.0999,5887050.1286,799365,,521151,0,0,0,0,0,North,2024/2025,AWHITU ROAD,GIVEN ROAD,,Non-Injury Crash,No,2025,0,North,0,0,0,Null,0,,0,,0,Dark,830100,0,0,0,2,0,0,0,0,0,,0,0,Auckland Region,Nil,2-way,Sealed,0,0,0,0,80,1,Null,1,0,,76,Auckland,Nil,0,0,0,0,0,0,Open,0,0,0,Fine,Null
1765792.5401,5906174.2553,799371,,522202,0,0,0,3,0,South,2024/2025,ST GEORGE STREET,KINGSWOOD ROAD,,Minor Crash,No,2024,0,South,0,0,0,Flat,0,,0,,0,Bright sun,665102,1,0,0,2,0,0,0,0,1,,0,0,Auckland Region,Nil,2-way,Sealed,0,0,0,0,50,0,Off,0,0,,76,Auckland,Nil,0,0,0,0,0,0,Urban,0,0,0,Fine,Null
1754825.6743,5913049.842,799381,,518803,0,,0,1,,South,2024/2025,DOMINION ROAD,YOUTH STREET,,Non-Injury Crash,No,2024,,North,,0,,Flat,,,,,,Bright sun,582700,0,0,0,2,,,0,,,,,,Auckland Region,Nil,2-way,Sealed,,0,0,,50,,Off,1,0,30,76,Auckland,Nil,,,,,0,0,Urban,0,,,Fine,Null
1751387.3993,5916225.8795,799395,,514401,0,,0,3,,South,2023/2024,GREAT NORTH ROAD,ROBERTON ROAD,,Non-Injury Crash,No,2023,,North,,0,,Flat,,,,,,Overcast,383100,0,0,0,4,,,0,,,,,,Auckland Region,Nil,2-way,Sealed,,0,0,,50,,Off,0,1,,76,Auckland,Nil,,,,,0,0,Urban,0,,,Light rain,Null
1766619.9908,5910350.0193,799397,,523112,0,,0,2,,Null,2024/2025,HIGHBROOK DRIVE,EL KOBAR DRIVE,,Non-Injury Crash,No,2024,,South,,0,,Flat,,,,,,Dark,711301,0,0,0,3,,,0,,,,,,Auckland Region,Nil,1-way,Sealed,,0,0,,60,,On,0,0,50,76,Auckland,Traffic Signals,,,,,0,0,Urban,0,,,Fine,Null
1772960.6286,5891201.2224,799403,,521301,0,,0,2,,North,2023/2024,SOUTHERN MOTORWAY,GREAT SOUTH ROAD OFF RAMP,,Minor Crash,Yes,2024,,North,,0,,Flat,,,,,,Overcast,809200,1,0,0,2,,,0,,,,,,Auckland Region,Nil,1-way,Sealed,,0,0,,100,,Off,0,0,,76,Auckland,Nil,,,,,0,0,Open,0,,,Fine,Null
1767737.0767,5904356.6258,799413,,524604,0,,0,2,,Null,2023/2024,GREAT SOUTH ROAD,MANUKAU STATION ROAD,,Non-Injury Crash,No,2023,,North,,0,,Flat,,Christmas New Year,,,,Bright sun,780302,0,0,0,3,,,0,,,,,,Auckland Region,Nil,2-way,Sealed,,0,0,,50,,Off,0,0,,76,Auckland,Give way,,,,,0,0,Urban,0,,,Light rain,None
1748287.1697,5913991.5758,799419,,511700,0,0,0,1,0,East,2022/2023,GREAT NORTH ROAD,WEST COAST ROAD,,Non-Injury Crash,No,2023,0,North,0,0,0,Hill Road,0,,0,,0,Dark,270202,0,0,0,3,0,0,0,0,0,,0,1,Auckland Region,Nil,2-way,Sealed,0,0,0,0,50,0,On,0,0,,76,Auckland,Nil,0,0,0,0,0,0,Urban,0,0,0,Fine,Null
1754378.3525,5916587.5727,799421,,517702,0,,1,0,,Null,2024/2025,WAGENER PLACE,ST LUKES ROAD,,Non-Injury Crash,No,2025,,North,,0,,Flat,,,,,,Bright sun,540001,0,0,0,2,,,0,,,,,,Auckland Region,Nil,2-way,Sealed,,0,0,,50,,Off,1,0,,76,Auckland,Traffic Signals,,,,,0,0,Urban,0,,,Fine,Null
1756860.2566,5916041.7024,799429,,518202,0,,0,1,,South,2024/2025,MOUNT EDEN ROAD,KINGSVIEW ROAD,,Non-Injury Crash,No,2024,,North,,0,,Null,,,,,,Bright sun,551700,0,0,0,2,,,0,,,,,,Auckland Region,Nil,2-way,Sealed,,0,0,,50,,Null,0,0,,76,Auckland,Nil,,,,,0,1,Urban,0,,,Fine,Null
1747810.6224,5911441.1514,799437,,511901,0,,1,1,,North,2024/2025,TITIRANGI ROAD,GODLEY ROAD,,Minor Crash,No,2025,,South,,0,,Flat,,,,,,Overcast,294102,1,0,0,2,,,0,,,,,,Auckland Region,Nil,2-way,Sealed,,1,0,,50,,Off,0,0,,76,Auckland,Nil,,,,,0,0,Urban,0,,,Fine,Null
1766541.3687,5904636.1047,799461,,524603,0,,0,2,,West,2024/2025,CAVENDISH DRIVE,LAMBIE DRIVE,,Non-Injury Crash,No,2024,,East,,0,,Flat,,,,,,Overcast,780202,0,0,0,4,,,0,,,,,,Auckland Region,Nil,2-way,Sealed,,0,0,,50,,On,0,0,,76,Auckland,Nil,,,,,0,0,Urban,0,,,Fine,None
1765764.5213,5905736.865,799468,,522400,0,,0,2,,South,2024/2025,CARRUTH ROAD,FAIRVIEW ROAD,,Non-Injury Crash,No,2024,,South,,0,,Flat,,,,,,Dark,672600,0,0,0,2,,,0,,,,,,Auckland Region,Nil,2-way,Sealed,,0,0,,50,,On,0,0,,76,Auckland,Nil,,,,,0,0,Urban,0,,,Fine,Null
1765436.2159,5905843.6959,799469,,522202,0,0,0,2,0,West,2024/2025,ST GEORGE STREET,MAHON PLACE,,Non-Injury Crash,No,2024,0,East,0,0,0,Flat,0,,0,,0,Dark,664200,0,0,0,2,0,0,0,0,1,,0,0,Auckland Region,Nil,2-way,Sealed,0,0,0,0,50,0,On,0,0,,76,Auckland,Nil,0,0,0,0,0,0,Urban,0,0,0,Fine,Null
1747428.4373,5913676.972,799476,,511100,0,,0,2,,East,2024/2025,WEST COAST ROAD,BOWERS ROAD,,Non-Injury Crash,No,2024,,North,,0,,Flat,,,,,,Overcast,286100,0,0,0,4,,,0,,,,,,Auckland Region,Speed hump,2-way,Sealed,,0,0,,50,,Off,0,0,,76,Auckland,Nil,,,,,0,0,Urban,0,,,Fine,Null
1747646.2478,5970224.4389,799483,,505500,1,,0,0,,North,2023/2024,FALLS ROAD,FALLS ROAD,,Fatal Crash,No,2024,,South,,1,,Hill Road,,,,,,Overcast,139103,0,0,0,2,,,0,,,,,,Auckland Region,Nil,2-way,Sealed,,0,0,,50,,Off,0,0,,76,Auckland,Nil,,,,,1,0,Urban,0,,,Fine,Null
1774075.9652,5896162.0324,799491,,525620,0,0,0,1,0,Null,2022/2023,RESOLUTE WAY,VIOLA PLACE,,Non-Injury Crash,No,2023,0,East,0,0,1,Flat,0,,1,,0,Bright sun,798200,0,0,0,2,0,0,0,0,0,,0,0,Auckland Region,Nil,2-way,Sealed,0,0,0,0,50,0,None,0,0,,76,Auckland,Nil,0,0,0,0,0,0,Urban,0,0,0,Fine,Null
1769605.922,5905405.4887,799499,,523712,0,,0,2,,Null,2022/2023,THOMAS ROAD,ASPIRING AVENUE,,Non-Injury Crash,No,2023,,East,,0,,Hill Road,,,,,,Dark,713209,0,0,0,2,,,0,,,,,,Auckland Region,Nil,2-way,Sealed,,0,0,,50,,On,0,0,,76,Auckland,Give way,,,,,0,0,Urban,0,,,Light rain,Null
1758992.6268,5912539.2302,799500,,519820,0,,0,2,,North,2024/2025,ONEHUNGA MALL,ARTHUR STREET,,Non-Injury Crash,No,2024,,North,,0,,Null,,,,,,Unknown,600500,0,0,0,2,,,0,,,,,,Auckland Region,Nil,2-way,Null,,0,0,,50,,Null,0,0,,76,Auckland,Nil,,,,,0,0,Urban,0,,,Null,Null
1771884.9869,5906905.2963,799507,,523713,0,,0,1,,East,2022/2023,ORMISTON ROAD,VALDERAMA DRIVE,,Non-Injury Crash,No,2023,,West,,0,,Hill Road,,,,,,Bright sun,712500,0,0,0,4,,,0,,,,,,Auckland Region,Nil,2-way,Sealed,,0,0,,60,,Off,0,0,,76,Auckland,Nil,,,,,1,0,Urban,0,,,Fine,Null
1748245.4414,5915002.1328,799508,,511700,0,0,0,1,0,North,2024/2025,VANGUARD ROAD,ST LEONARDS ROAD,,Non-Injury Crash,No,2024,0,North,0,0,0,Null,0,,0,,0,Unknown,271600,0,0,0,2,0,0,0,0,1,,0,0,Auckland Region,Nil,2-way,Sealed,0,0,0,0,30,0,Null,0,0,,76,Auckland,Nil,0,0,0,0,0,1,Urban,0,0,0,Null,Null
1771261.5926,5895977.8007,799509,,525540,0,,0,2,,North,2024/2025,SOUTHERN MOTORWAY,PAPAKURA OFF RAMP,,Non-Injury Crash,Yes,2024,,South,,0,,Flat,,,,,,Bright sun,806208,0,0,0,3,,,0,,,,,,Auckland Region,Nil,1-way,Sealed,,0,0,,100,,Off,0,0,,76,Auckland,Nil,,,,,0,0,Open,0,,,Fine,Null
1755642.4964,5915960.1543,799516,,518301,0,,0,1,,Null,2024/2025,DOMINION ROAD,TENNYSON STREET,,Non-Injury Crash,No,2024,,South,,0,,Flat,,,,,,Bright sun,555500,0,0,1,2,,,0,,,,,,Auckland Region,Nil,2-way,Sealed,,0,0,,50,,Off,0,0,,76,Auckland,Stop,,,,,0,0,Urban,0,,,Fine,Null
1758226.6312,5916300.1885,799525,,519200,0,,0,2,,North,2024/2025,MANUKAU ROAD,INVERARY AVENUE,,Non-Injury Crash,No,2024,,North,,0,,Flat,,,,,,Overcast,615102,0,0,0,4,,,0,,,,,,Auckland Region,Nil,2-way,Sealed,,0,0,,50,,Off,0,0,,76,Auckland,Nil,,,,,0,0,Urban,0,,,Fine,Null
1760341.8549,5915328.0065,799532,,520202,0,,0,2,,North,2024/2025,GREAT SOUTH ROAD,MAIN HIGHWAY,,Non-Injury Crash,No,2024,,South,,0,,Flat,,,,,,Bright sun,613200,0,0,0,1,,,0,,,,,,Auckland Region,Nil,1-way,Sealed,,0,0,,50,,Off,1,0,,76,Auckland,Nil,,,,,0,0,Urban,0,,,Light rain,Null
1765235.7067,5914646.752,799548,,520601,0,,0,1,,East,2024/2025,QUEENS ROAD,PILKINGTON ROAD,,Minor Crash,No,2025,,East,,0,,Null,,,,,,Bright sun,630700,1,0,1,2,,,0,,,,,,Auckland Region,Nil,1-way,Sealed,,0,0,,50,,Null,0,0,,76,Auckland,Nil,,,,,0,0,Urban,0,,,Fine,Null
1748265.0651,5926261.9965,799557,,513431,0,0,0,2,0,Null,2025/2026,JOSHUA CARDER DRIVE,WATERLILY STREET,,Non-Injury Crash,No,2025,0,South,0,0,0,Flat,0,,0,,1,Overcast,222800,0,0,0,2,0,0,0,0,1,,0,0,Auckland Region,Nil,2-way,Sealed,0,0,0,0,50,0,Off,1,0,,76,Auckland,Give way,0,0,0,0,0,0,Urban,0,0,0,Fine,Null
1756884.7947,5944338.7398,799565,,505902,0,,1,1,,South,2025/2026,LADIES MILE,KAWAU ISLAND AVENUE,,Minor Crash,No,2025,,North,,0,,Flat,,Christmas New Year,,,,Twilight,174204,1,0,0,2,,,0,,,,,,Auckland Region,Nil,2-way,Sealed,,0,0,,50,,None,0,0,,76,Auckland,Nil,,,,,0,0,Urban,0,,,Light rain,Null
1746595.5888,5916591.4291,799573,,512500,0,,0,2,,Null,2024/2025,TE ATATU ROAD,TIRIMOANA ROAD,,Minor Crash,No,2025,,South,,0,,Flat,,,,,,Overcast,260000,1,0,0,2,,,0,,,,,,Auckland Region,Nil,2-way,Sealed,,0,0,,50,,Off,0,0,,76,Auckland,Stop,,,,,0,0,Urban,0,,,Fine,Null
1756223.0708,5924399.8773,799581,,509702,0,,0,1,,South,2024/2025,ONEWA ROAD OFF RAMP,ONEWA ROAD,,Non-Injury Crash,No,2024,,North,,0,,Flat,,,,,,Bright sun,366700,0,0,0,1,,,0,,,,,,Auckland Region,Nil,1-way,Sealed,,0,0,,50,,Off,0,0,,76,Auckland,Nil,,,,,1,0,Urban,0,,,Fine,Null
1767752.0193,5905110.3113,799605,,523722,0,,0,2,,West,2023/2024,TE IRIRANGI DRIVE OFF RAMP,TE IRIRANGI DRIVE,,Non-Injury Crash,No,2023,,South,,0,,Flat,,,,,,Bright sun,715701,0,0,0,2,,,0,,,,,,Auckland Region,Nil,1-way,End of seal,,0,0,,50,,Off,0,0,,76,Auckland,Nil,,,,,0,0,Urban,0,,,Fine,None
1772317.1437,5895537.1097,799612,,525540,0,,0,2,,East,2024/2025,CLARK ROAD,JOYCE STREET,,Non-Injury Crash,No,2024,,East,,0,,Null,,,,,,Twilight,806001,0,0,0,2,,,0,,,,,,Auckland Region,Nil,2-way,Null,,0,0,,30,,Null,0,0,,76,Auckland,Nil,,,,,0,0,Urban,0,,,Light rain,Null
1754565.7041,5911448.7583,799621,,519001,0,,0,2,,Null,2023/2024,HILLSBOROUGH ROAD,DOMINION ROAD EXTENSION,,Non-Injury Crash,No,2023,,East,,0,,Flat,,,,,,Bright sun,591800,0,0,0,2,,,0,,,,,,Auckland Region,Nil,2-way,Sealed,,0,0,,50,,Off,0,0,,76,Auckland,Give way,,,,,0,0,Urban,0,,,Fine,None
1757778.7163,5919630.0883,799628,,514301,0,,0,2,,Null,2023/2024,GRAFTON ROAD,WELLESLEY STREET EAST,,Non-Injury Crash,No,2024,,West,,0,,Hill Road,,,,,,Dark,440400,0,0,0,3,,,0,,,,,,Auckland Region,Nil,2-way,Sealed,,0,0,,50,,On,0,1,,76,Auckland,Traffic Signals,,,,,0,0,Urban,0,,,Fine,Null
1730338.7605,5955979.0371,799676,,506613,0,,0,2,,South,2024/2025,KAIPARA COAST HIGHWAY,TUHIRANGI ROAD,,Non-Injury Crash,Yes,2024,,North,,0,,Hill Road,,,,,,Bright sun,146300,0,0,0,2,,,0,,,,,,Auckland Region,Nil,2-way,Sealed,,0,0,,100,,Off,0,0,,76,Auckland,Nil,,,,,0,0,Open,0,,,Fine,Null
1755352.6742,5921277.8604,799677,,515202,0,,0,1,,West,2025/2026,EMMETT STREET,SHELLY BEACH ROAD,,Minor Crash,No,2025,,East,,0,,Flat,,,,,,Overcast,424200,1,0,0,2,,,0,,,1,,,Auckland Region,Nil,2-way,Sealed,,0,0,,50,,Off,1,0,,76,Auckland,Nil,,,,,0,0,Urban,0,,,Fine,Null
1744752.5195,5913943.6704,799691,,512905,0,0,0,1,0,East,2023/2024,WEST COAST ROAD,AWARANGI RISE,,Minor Crash,No,2024,0,East,0,0,0,Flat,0,,0,,0,Dark,278906,2,0,0,2,0,0,0,0,1,,0,0,Auckland Region,Nil,2-way,Sealed,0,0,0,0,50,0,On,0,0,,76,Auckland,Nil,0,0,0,0,0,0,Urban,1,0,0,Fine,Null
1763694.7741,5920513.9002,799707,,516500,0,,0,1,,East,2023/2024,TAMAKI DRIVE,SELWYN AVENUE,,Non-Injury Crash,No,2023,,West,,0,,Flat,,Labour Weekend,,,,Dark,501301,0,0,0,2,,,0,,,,,,Auckland Region,Nil,2-way,Sealed,,0,0,,50,,On,0,0,,76,Auckland,Nil,,,,,0,0,Urban,0,,,Fine,Null
1761361.2741,5906826.0745,799717,,524112,0,,0,1,,West,2024/2025,SOUTH-WESTERN MOTORWAY,MASSEY ROAD OFF RAMP,,Non-Injury Crash,Yes,2025,,South,,0,,Flat,,,,,,Dark,742201,0,0,0,2,,,0,,,,,,Auckland Region,Nil,1-way,Sealed,,0,0,,100,,On,0,0,,76,Auckland,Nil,,,,,0,0,Open,1,,,Fine,Null
1741176.5814,5943732.6931,799723,,506614,0,,0,2,,West,2023/2024,KAHIKATEA FLAT ROAD,HULL ROAD,,Non-Injury Crash,No,2023,,East,,0,,Flat,,,,,,Overcast,177600,0,0,0,2,,,0,,,,,,Auckland Region,Nil,2-way,Sealed,,0,0,,80,,None,0,0,,76,Auckland,Nil,,,,,0,0,Open,0,,,Fine,Strong wind
1766911.9483,5907646.2596,799733,,523602,0,,0,2,,Null,2024/2025,EAST TAMAKI ROAD,BAIRDS ROAD,,Non-Injury Crash,No,2024,,West,,0,,Flat,,,,,,Dark,709300,0,0,0,3,,,0,,,,,,Auckland Region,Nil,1-way,Sealed,,0,0,,50,,On,0,0,,76,Auckland,Traffic Signals,,,,,0,0,Urban,0,,,Fine,Null
1755094.6733,5918270.7878,799741,,517500,0,,0,6,,West,2024/2025,NORTH-WESTERN MOTORWAY,BOND OBR,,Non-Injury Crash,Yes,2024,,West,,0,,Flat,,,,,,Dark,529900,0,0,0,4,,,0,,,,,,Auckland Region,Nil,1-way,Sealed,,0,0,,80,,On,0,0,,76,Auckland,Nil,,,,,0,0,Open,0,,,Light rain,Null
1749559.939,5914190.8774,799747,,511301,0,,0,1,,North,2023/2024,RATA STREET,RIMU STREET,,Serious Crash,No,2023,,North,,0,,Flat,,,,,,Overcast,267602,0,0,0,4,,,0,,,1,,,Auckland Region,Nil,2-way,Sealed,,0,1,,50,,Off,0,0,,76,Auckland,Nil,,,,,0,0,Urban,0,,,Light rain,Null
1758183.306,5915942.6644,799749,,515801,0,,1,1,,Null,2025/2026,MANUKAU ROAD,CAMPBELL CRESCENT,,Minor Crash,No,2025,,South,,0,,Flat,,,,,,Dark,446600,2,0,0,4,,,0,,,,,,Auckland Region,Nil,2-way,Sealed,,0,0,,50,,On,0,0,,76,Auckland,Give way,,,,,0,0,Urban,0,,,Fine,Null