X,Y,OBJECTID,advisorySpeed,areaUnitID,bicycle,bridge,bus,carStationWagon,cliffBank,crashDirectionDescription,crashFinancialYear,crashLocation1,crashLocation2,crashRoadSideRoad,crashSeverity,crashSHDescription,crashYear,debris,directionRoleDescription,ditch,fatalCount,fence,flatHill,guardRail,holiday,houseOrBuilding,intersection,kerb,light,meshblockId,minorInjuryCount,moped,motorcycle,NumberOfLanes,objectThrownOrDropped,otherObject,otherVehicleType,overBank,parkedVehicle,pedestrian,phoneBoxEtc,postOrPole,region,roadCharacter,roadLane,roadSurface,roadworks,schoolBus,seriousInjuryCount,slipOrFlood,speedLimit,strayAnimal,streetLight,suv,taxi,temporarySpeedLimit,tlaId,tlaName,trafficControl,trafficIsland,trafficSign,train,tree,truck,unknownVehicleType,urban,vanOrUtility,vehicle,waterRiver,weatherA,weatherB
1763851.4075,5912795.7123,799756,,520500,0,,0,0,,Null,2025/2026,MOUNT WELLINGTON HIGHWAY,TE PUTU AVENUE,,Minor Crash,No,2025,,South,,0,,Flat,,,,,,Bright sun,637500,1,0,1,3,,,0,,,,,,Auckland Region,Nil,1-way,Sealed,,0,0,,50,,Off,0,0,,76,Auckland,Give way,,,,,1,0,Urban,0,,,Fine,Null
1759531.5973,5910265.4287,799763,,524002,0,0,0,1,0,East,2023/2024,MAHUNGA DRIVE OFF RAMP,MAHUNGA DRIVE,,Non-Injury Crash,No,2023,0,East,0,0,0,Flat,2,,0,,0,Twilight,722400,0,0,0,1,0,0,0,0,0,,0,0,Auckland Region,Nil,1-way,Sealed,0,0,0,0,50,0,On,0,0,,76,Auckland,Nil,0,0,0,0,0,0,Urban,0,0,0,Fine,Null
1756098.7636,5912104.9431,799765,,518702,0,,0,2,,North,2024/2025,HILLSBOROUGH ROAD,GOODALL STREET,,Non-Injury Crash,No,2025,,North,,0,,Null,,,,,,Bright sun,571400,0,0,0,4,,,0,,,,,,Auckland Region,Nil,2-way,Sealed,,0,0,,50,,Null,0,0,,76,Auckland,Nil,,,,,0,0,Urban,0,,,Fine,Null
1768383.4977,5884743.7446,799780,,521111,0,0,0,1,0,South,2024/2025,PAERATA ROAD,CROWN ROAD,,Minor Crash,Yes,2024,0,South,0,0,0,Flat,0,,0,,0,Bright sun,813502,2,0,0,2,0,0,0,0,1,,0,0,Auckland Region,Nil,2-way,Sealed,0,0,0,0,60,0,Off,0,0,,76,Auckland,Nil,0,0,0,0,0,0,Urban,1,0,0,Fine,Null
1759663.2927,5916243.997,799781,,516002,0,,0,1,,North,2024/2025,SOUTHERN MOTORWAY,GREEN LANE EAST ON RAMP,,Non-Injury Crash,Yes,2025,,North,,0,,Flat,,,,,,Twilight,492000,0,0,0,3,,,0,,,,,,Auckland Region,Nil,1-way,Sealed,,0,0,,100,,On,0,0,,76,Auckland,Nil,,,,,0,0,Open,1,,,Light rain,Null
1759547.7176,5888644.0559,799787,,521122,0,0,0,1,0,East,2022/2023,KINGSEAT ROAD,MCKENZIE ROAD,,Non-Injury Crash,No,2023,0,South,0,0,0,Flat,0,,0,,0,Dark,810901,0,0,0,2,0,0,0,0,0,,0,0,Auckland Region,Nil,2-way,Sealed,0,0,0,0,80,1,None,0,0,,76,Auckland,Nil,0,0,0,0,0,0,Open,0,0,0,Fine,Null
1766319.2126,5915555.0351,799796,,520601,0,0,0,3,0,Null,2025/2026,RIVERSIDE AVENUE,TOBRUK ROAD,,Minor Crash,No,2025,0,North,0,0,0,Flat,0,Christmas New Year,0,,0,Dark,633300,1,0,0,2,0,0,0,0,1,,0,0,Auckland Region,Nil,2-way,Sealed,0,0,0,0,50,0,On,0,0,40,76,Auckland,Stop,0,0,0,0,0,0,Urban,0,0,0,Fine,Null
1751424.3539,5915074.3795,799803,,514401,0,,0,2,,Null,2022/2023,ST JUDE STREET,DONEGAL STREET,,Non-Injury Crash,No,2023,,South,,0,,Flat,,,,,,Dark,382903,0,0,0,2,,,0,,,,,,Auckland Region,Rail xing,2-way,Sealed,,0,0,,50,,On,0,0,,76,Auckland,Give way,,,,,0,0,Urban,0,,,Fine,Null
1754329.5604,5935090.3946,799804,,507102,0,0,0,1,0,East,2025/2026,JOHN DOWNS DRIVE,ELMIRA PLACE,,Non-Injury Crash,No,2025,0,East,0,0,0,Null,0,,0,,0,Dark,158701,0,0,0,2,0,0,0,0,1,,0,0,Auckland Region,Nil,2-way,Sealed,0,0,0,0,50,0,Null,0,0,,76,Auckland,Nil,0,0,0,0,0,1,Urban,0,0,0,Fine,Null
1755052.3319,5945376.1929,799813,,505907,0,0,0,1,0,South,2024/2025,VIPOND ROAD,JOYDON PLACE,,Non-Injury Crash,No,2024,0,South,0,0,1,Hill Road,0,,0,,0,Dark,173410,0,0,0,2,0,0,0,0,0,,0,1,Auckland Region,Nil,2-way,Sealed,0,0,0,0,50,0,On,0,0,,76,Auckland,Nil,0,0,0,1,0,0,Urban,0,0,0,Fine,Null
1746164.1219,5920273.7165,799827,,513301,0,,0,1,,West,2022/2023,NORTH-WESTERN MOTORWAY,HENDERSON CK BR,,Non-Injury Crash,Yes,2023,,North,,0,,Flat,,,,,,Dark,230301,0,0,0,3,,,0,,,,,,Auckland Region,Nil,1-way,Sealed,,0,0,,100,,On,0,0,,76,Auckland,Nil,,,,,0,0,Open,2,,,Fine,Null
1773875.8613,5889780.7066,799828,,521301,0,,0,2,,South,2024/2025,SOUTHERN MOTORWAY,QUARRY OBR,,Non-Injury Crash,Yes,2024,,South,,0,,Flat,,,,,,Dark,809103,0,0,0,2,,,0,,,,,,Auckland Region,Nil,1-way,Sealed,,0,0,,100,,On,0,0,,76,Auckland,Nil,,,,,0,0,Open,0,,,Fine,Null
1785876.1971,5926599.5653,799829,,520801,0,0,0,0,0,Null,2024/2025,THIRD AVENUE,THE STRAND,,Non-Injury Crash,No,2024,0,East,0,0,0,Flat,0,,0,,0,Dark,515704,0,0,0,2,0,0,0,0,0,,0,0,Auckland Region,Nil,2-way,Sealed,0,0,0,0,30,0,On,1,0,,76,Auckland,Give way,0,0,0,1,0,0,Urban,0,0,0,Fine,Null
1743850.36,5975041.442,799837,,506661,0,0,0,1,0,West,2024/2025,SH 1,WAIWHIU CONICAL PEAK ROAD,,Non-Injury Crash,Yes,2024,0,East,0,0,0,Hill Road,0,,0,,0,Dark,139000,0,0,0,1,0,0,0,0,1,,0,0,Auckland Region,Nil,1-way,Sealed,0,0,0,0,80,0,On,0,0,,76,Auckland,Nil,0,0,0,0,0,1,Open,0,0,0,Fine,Null
1770419.3726,5906761.3642,799860,,523713,0,,0,2,,Null,2025/2026,BROOKVIEW DRIVE,KILLARNEY DRIVE,,Non-Injury Crash,No,2025,,East,,0,,Flat,,,,,,Bright sun,713100,0,0,0,2,,,0,,,,,,Auckland Region,Nil,2-way,Sealed,,0,0,,50,,Off,0,0,,76,Auckland,Give way,,,,,0,0,Urban,0,,,Fine,Null
1768241.3187,5910664.6918,799875,,523112,0,,0,0,,Null,2022/2023,BRUCE RODERICK DRIVE,NEALES ROAD,,Minor Crash,No,2023,,North,,0,,Flat,,,,,,Dark,711500,1,0,0,2,,,0,,,,,,Auckland Region,Nil,2-way,Sealed,,0,0,,50,,On,0,0,,76,Auckland,Give way,,,,,1,0,Urban,1,,,Fine,Null
1737768.0107,5980038.9006,799884,,506660,0,0,0,1,0,North,2024/2025,SH 1,ROBERTSON ROAD,,Non-Injury Crash,Yes,2024,0,West,0,0,1,Hill Road,0,,0,,0,Dark,136400,0,0,0,2,0,0,0,0,0,,0,0,Auckland Region,Overpass,2-way,Sealed,0,0,0,0,100,0,None,0,0,,76,Auckland,Nil,0,0,0,0,0,0,Open,0,0,0,Light rain,Null
1768346.8,5900603.1973,799900,,525101,1,,0,0,,Null,2024/2025,WEYMOUTH ROAD,BOWATER PLACE,,Minor Crash,No,2024,,West,,0,,Flat,,,,,,Dark,771100,1,0,0,2,,,0,,,1,,,Auckland Region,Nil,2-way,Sealed,,0,0,,50,,On,0,0,,76,Auckland,Give way,,,,,0,0,Urban,1,,,Fine,Null
1768467.9487,5901409.1952,799906,,524901,0,,0,2,,Null,2023/2024,KELVYN GROVE,GREAT SOUTH ROAD,,Serious Crash,No,2024,,South,,0,,Flat,,,,,,Bright sun,756500,0,0,0,2,,,0,,,1,,,Auckland Region,Nil,2-way,Sealed,,0,1,,50,,None,1,0,,76,Auckland,Stop,,,,,0,0,Urban,0,,,Fine,Null
1756152.4855,5918272.2176,799907,,517500,0,,0,1,,Null,2024/2025,NEW NORTH ROAD,NEW NORTH ROAD,,Minor Crash,No,2025,,West,,0,,Flat,,,,,,Twilight,531700,1,1,0,2,,,0,,,,,,Auckland Region,Nil,2-way,Sealed,,0,0,,50,,On,1,0,,76,Auckland,Give way,,,,,0,0,Urban,0,,,Fine,Null
1749410.7851,5913919.0506,799908,45,511302,0,,0,1,,Null,2023/2024,GREAT NORTH ROAD,TITIRANGI ROAD,,Non-Injury Crash,No,2024,,East,,0,,Flat,,,,,,Bright sun,268800,0,0,0,3,,,0,,,,,,Auckland Region,Nil,1-way,Sealed,,0,0,,50,,None,0,0,,76,Auckland,Traffic Signals,,,,,0,0,Urban,1,,,Fine,None
1759415.0041,5910489.4876,799924,,524002,0,,0,2,,South,2024/2025,SOUTH-WESTERN MOTORWAY,MAHUNGA DRIVE OFF RAMP,,Non-Injury Crash,Yes,2024,,South,,0,,Flat,,,,,,Bright sun,722400,0,0,0,4,,,0,,,,,,Auckland Region,Nil,1-way,Sealed,,0,0,,100,,Null,0,0,,76,Auckland,Nil,,,,,0,0,Open,0,,,Fine,Null
1763821.4553,5913704.8426,799947,,520303,0,,0,1,,Null,2025/2026,MOUNT WELLINGTON HIGHWAY,WAIPUNA ROAD,,Non-Injury Crash,No,2025,,South,,0,,Null,,,,,,Dark,627700,0,0,0,3,,,0,,,,,,Auckland Region,Nil,1-way,Sealed,,0,0,,50,,Null,0,0,,76,Auckland,Traffic Signals,,,,,0,1,Urban,0,,,Fine,Null
1747321.2221,5910688.9456,799948,,512000,0,,0,2,,Null,2024/2025,TITIRANGI ROAD,ATKINSON ROAD,,Non-Injury Crash,No,2025,,West,,0,,Flat,,,,,,Twilight,297100,0,0,0,2,,,0,,,,,,Auckland Region,Speed hump,1-way,Sealed,,0,0,,50,,Off,0,0,,76,Auckland,Give way,,,,,0,0,Urban,0,,,Fine,Null
1768498.1493,5901338.8641,799954,,525001,0,,0,1,,South,2022/2023,GREAT SOUTH ROAD,KELVYN GROVE,,Non-Injury Crash,No,2023,,South,,0,,Flat,,,,,,Overcast,751500,0,0,0,2,,,0,,,,,,Auckland Region,Nil,2-way,Sealed,,0,0,,50,,Off,1,0,40,76,Auckland,Nil,,,,,0,0,Urban,0,,,Fine,Null
1752341.9841,5936511.768,799970,,506300,0,,0,0,,North,2022/2023,NORTHERN MOTORWAY,LONELY TRACK OBR,,Non-Injury Crash,Yes,2023,,North,,0,,Flat,,,,,,Overcast,176101,0,0,0,2,,,0,,,,,,Auckland Region,Nil,1-way,Sealed,,0,0,,100,,Off,0,0,,76,Auckland,Nil,,,,,0,0,Open,1,,,Fine,Strong wind
1756562.6593,5926865.369,799978,,507900,0,,0,3,,South,2022/2023,NORTHERN MOTORWAY,NORTHCOTE ROAD ON RAMP,,Non-Injury Crash,Yes,2023,,South,,0,,Hill Road,,,,,,Overcast,303502,0,0,0,3,,,0,,,,,,Auckland Region,Nil,1-way,Sealed,,0,0,,100,,Off,0,0,,76,Auckland,Nil,,,,,0,0,Open,0,,,Light rain,Strong wind
1748104.5119,5927379.1497,799986,,513410,0,,0,2,,North,2023/2024,UPPER HARBOUR MOTORWAY,SQUADRON DRIVE OFF RAMP,,Serious Crash,Yes,2023,,East,,0,,Flat,,,,,,Twilight,221902,3,0,0,2,,,0,,,,,,Auckland Region,Nil,1-way,Sealed,,0,1,,100,,On,0,0,,76,Auckland,Nil,,,,,0,0,Open,1,,,Fine,Null
1759418.1341,5925653.1321,799994,,508110,0,,0,2,,South,2023/2024,LAKE ROAD,EVERSLEIGH ROAD,,Minor Crash,No,2023,,South,,0,,Hill Road,,,,,,Bright sun,319200,1,0,0,2,,,0,,,,,,Auckland Region,Nil,2-way,Sealed,,0,0,,50,,Off,0,0,,76,Auckland,Nil,,,,,0,0,Urban,0,,,Fine,Null
1768758.6486,5911716.3998,799995,,523107,0,,0,1,,South,2025/2026,BURSWOOD DRIVE,TORRENS ROAD,,Minor Crash,No,2025,,South,,0,,Flat,,,,,,Bright sun,711408,1,0,0,2,,,0,,,1,,,Auckland Region,Nil,2-way,Sealed,,0,0,,50,,Off,0,0,,76,Auckland,Nil,,,,,0,0,Urban,0,,,Fine,Null
1753050.6481,5912486.8481,800018,,518901,0,,0,2,,Null,2023/2024,WHITE SWAN ROAD,HILLSBOROUGH ROAD,,Minor Crash,No,2023,,South,,0,,Flat,,,,,,Overcast,587000,1,0,0,1,,,0,,,,,,Auckland Region,Nil,1-way,Sealed,,0,0,,50,,Off,1,0,,76,Auckland,Stop,,,,,0,0,Urban,0,,,Light rain,Null
1764622.6781,5911842.1239,800020,,520500,0,,0,2,,South,2023/2024,SOUTHERN MOTORWAY,EAST WEST LINK ON RAMP,,Non-Injury Crash,Yes,2024,,South,,0,,Flat,,,,,,Overcast,639601,0,0,0,3,,,0,,,,,,Auckland Region,Nil,1-way,Sealed,,0,0,,100,,Off,0,0,,76,Auckland,Nil,,,,,0,0,Open,0,,,Fine,Null
1747199.8457,5921833.4447,800028,,512201,0,0,0,3,0,South,2024/2025,TE ATATU ROAD,CLINTON AVENUE,,Serious Crash,No,2025,0,South,0,0,0,Flat,0,,0,,0,Overcast,247700,1,0,0,2,0,0,0,0,1,1,0,1,Auckland Region,Nil,2-way,Sealed,0,0,2,0,50,0,Off,0,0,,76,Auckland,Nil,0,0,0,0,0,0,Urban,0,0,0,Fine,Null
1764164.4514,5914390.1216,800035,,520303,0,,0,0,,Null,2025/2026,MOUNT WELLINGTON HIGHWAY,MALONE ROAD,,Non-Injury Crash,No,2025,,South,,0,,Flat,,,,,,Overcast,627600,0,0,1,2,,,0,,,,,,Auckland Region,Nil,2-way,Sealed,,0,0,,50,,Off,0,0,,76,Auckland,Stop,,,,,0,0,Urban,0,,,Fine,Null
1755589.7822,5928557.7809,800043,,508320,0,,0,1,,North,2025/2026,WAIRAU ROAD,ARCHERS ROAD,,Non-Injury Crash,No,2025,,North,,0,,Flat,,,,,,Overcast,198500,0,0,0,4,,,0,,,,,,Auckland Region,Nil,2-way,Sealed,,0,0,,50,,None,1,0,,76,Auckland,Nil,,,,,0,0,Urban,0,,,Fine,Null
1754327.1535,5914106.8576,800044,,518802,0,,0,2,,Null,2023/2024,STODDARD ROAD,TORY STREET,,Non-Injury Crash,No,2024,,West,,0,,Flat,,,,,,Bright sun,579000,0,0,0,2,,,0,,,,,,Auckland Region,Nil,2-way,Sealed,,0,0,,50,,Off,0,1,,76,Auckland,Stop,,,,,0,0,Urban,0,,,Fine,Null
1759685.4615,5915946.2116,800058,,519200,0,0,0,2,0,South,2022/2023,GREAT SOUTH ROAD,MAPAU ROAD,,Non-Injury Crash,No,2023,0,South,0,0,0,Flat,0,,0,,0,Dark,616000,0,0,0,2,0,0,0,0,1,,0,0,Auckland Region,Nil,2-way,Sealed,0,0,0,0,50,0,On,0,0,,76,Auckland,Nil,0,0,0,0,0,0,Urban,0,0,0,Fine,Null
1766300.3293,5899677.9959,800068,,524812,0,,0,2,,South,2023/2024,WEYMOUTH ROAD,PALMERS ROAD,,Non-Injury Crash,No,2023,,North,,0,,Flat,,,,,,Overcast,774201,0,0,0,2,,,0,,,,,,Auckland Region,Nil,2-way,Sealed,,0,0,,30,,Off,0,0,,76,Auckland,Nil,,,,,0,0,Urban,0,,,Fine,None
1759244.9491,5911958.4318,800075,,519820,0,,0,1,,Null,2025/2026,GALWAY STREET,PRINCES STREET,,Minor Crash,No,2025,,North,,0,,Flat,,,,,,Overcast,602401,1,0,0,2,,,0,,,,,,Auckland Region,Rail xing,2-way,Sealed,,0,0,,50,,Off,0,0,,76,Auckland,Stop,,,,,0,0,Urban,1,,,Fine,Null
1761621.6538,5907408.0993,800083,,524520,0,,0,2,,Null,2024/2025,BUCKLAND ROAD,ASHLEY AVENUE,,Non-Injury Crash,No,2025,,East,,0,,Flat,,,,,,Bright sun,734300,0,0,0,2,,,0,,,,,,Auckland Region,Nil,2-way,Sealed,,0,0,,50,,Off,0,0,,76,Auckland,Traffic Signals,,,,,0,0,Urban,1,,,Fine,Null
1745105.9784,5916521.6276,800084,,510800,0,0,0,0,0,North,2024/2025,HENDERSON VALLEY ROAD,KEELING ROAD,,Non-Injury Crash,No,2025,0,South,0,0,1,Flat,0,,0,,0,Bright sun,241800,0,0,1,2,0,0,0,0,0,,0,0,Auckland Region,Nil,2-way,Sealed,0,0,0,0,50,0,None,0,0,,76,Auckland,Nil,0,0,0,0,0,0,Urban,0,0,0,Fine,Null
1769921.1896,5909836.5665,800090,,523113,0,,0,1,,Null,2022/2023,TE IRIRANGI DRIVE,SMALES ROAD,,Non-Injury Crash,No,2023,,North,,0,,Flat,,,,,,Overcast,711813,0,0,0,6,,,0,,,,,,Auckland Region,Nil,2-way,Sealed,,0,0,,80,,Off,1,0,,76,Auckland,Traffic Signals,,,,,0,0,Open,0,,,Light rain,Null
1753703.0835,5875170.9184,800091,,526104,0,0,0,4,0,Null,2024/2025,GEORGE STREET,GLEBE PLACE,,Non-Injury Crash,No,2025,0,North,0,0,0,Hill Road,0,,0,,0,Dark,835102,0,0,0,2,0,0,0,0,1,,0,0,Auckland Region,Nil,2-way,Sealed,0,0,0,0,50,0,On,0,0,,76,Auckland,Nil,0,0,0,0,0,0,Urban,0,0,0,Light rain,Null
1751513.6674,5949217.2132,800092,,505805,0,0,0,0,0,South,2024/2025,CENTREWAY ROAD,RIVERSIDE ROAD,,Non-Injury Crash,No,2025,0,South,0,0,0,Flat,0,,0,,0,Dark,172300,0,0,0,2,0,0,0,0,1,,0,0,Auckland Region,Nil,2-way,Sealed,0,0,0,0,50,0,On,0,0,,76,Auckland,Nil,0,0,0,0,0,0,Urban,2,0,0,Fine,Null
1768748.001,5904567.5337,800100,,523722,0,,0,1,,Null,2024/2025,HOLLYFORD DRIVE,REDOUBT ROAD,,Non-Injury Crash,No,2024,,South,,0,,Null,,Christmas New Year,,,,Bright sun,715909,0,0,0,4,,,0,,,,,,Auckland Region,Nil,2-way,Sealed,,0,0,,50,,Null,0,0,,76,Auckland,Traffic Signals,,,,,0,1,Urban,0,,,Fine,Null
1767755.8114,5905075.2195,800106,,523722,0,,0,2,,Null,2022/2023,TE IRIRANGI DRIVE,TE IRIRANGI DRIVE OFF RAMP,,Non-Injury Crash,No,2023,,East,,0,,Flat,,,,,,Dark,715701,0,0,0,2,,,0,,,,,,Auckland Region,Motorway ramp,1-way,Sealed,,0,0,,60,,On,0,0,,76,Auckland,Traffic Signals,,,,,0,0,Urban,0,,,Light rain,Null
1822858.5128,5979694.156,800107,,521000,0,0,0,0,0,West,2025/2026,PURIRI BAY ROAD,MEDLAND ROAD,,Serious Crash,No,2025,0,West,0,0,0,Flat,1,,0,,0,Dark,439200,0,0,0,2,0,0,0,1,0,,0,0,Auckland Region,Nil,2-way,Sealed,0,0,1,0,60,0,None,1,0,,76,Auckland,Nil,0,0,0,1,0,0,Urban,0,0,0,Fine,Null
1755201.399,5914393.3019,800116,,518500,0,,0,1,,South,2025/2026,DOMINION ROAD,KEYSTONE AVENUE,,Serious Crash,No,2025,,North,,0,,Hill Road,,,,,,Bright sun,560900,0,0,0,4,,,0,,,1,,,Auckland Region,Nil,2-way,Sealed,,0,1,,50,,Off,0,0,,76,Auckland,Nil,,,,,0,0,Urban,0,,,Fine,Null
1767216.2453,5907221.5455,800155,,523602,0,0,0,1,0,North,2025/2026,CROWN CRESCENT,COBHAM CRESCENT,,Non-Injury Crash,No,2025,0,West,0,0,0,Null,0,,0,,0,Overcast,709600,0,0,0,2,0,0,0,0,1,,0,0,Auckland Region,Nil,2-way,Sealed,0,0,0,0,30,0,Null,0,0,,76,Auckland,Nil,0,0,0,0,0,0,Urban,1,0,0,Light rain,Null
1750271.4842,5915500.355,800156,,514802,0,,0,1,,Null,2024/2025,CANAL ROAD,WAIRAU AVENUE,,Minor Crash,No,2025,,West,,0,,Flat,,,,,,Overcast,386300,2,0,0,2,,,0,,,,,,Auckland Region,Nil,2-way,Sealed,,0,0,,50,,Off,1,0,,76,Auckland,Stop,,,,,0,0,Urban,0,,,Fine,Null
1752243.1302,5933796.1977,800163,,508701,0,,0,1,,Null,2024/2025,DON MCKINNON DRIVE,COLISEUM DRIVE,,Non-Injury Crash,No,2025,,East,,0,,Flat,,,,,,Overcast,178900,0,0,0,2,,,0,,,,,,Auckland Region,Nil,2-way,Sealed,,0,0,,50,,Off,0,0,,76,Auckland,Give way,,,,,0,0,Urban,1,,,Light rain,Null
1765140.4952,5915343.3583,800179,,520301,0,0,0,3,0,Null,2024/2025,MORRIN ROAD,JELLICOE ROAD,,Non-Injury Crash,No,2025,0,East,0,0,0,Flat,0,,0,,0,Bright sun,628100,0,0,0,2,0,0,0,0,1,,0,0,Auckland Region,Nil,2-way,Sealed,0,0,0,0,50,0,Off,0,0,,76,Auckland,Nil,0,0,0,0,0,0,Urban,0,0,0,Fine,Null
1759490.7922,5920512.7458,800187,,515902,0,0,0,2,0,East,2025/2026,TAMAKI DRIVE,SOLENT STREET,,Non-Injury Crash,No,2025,0,West,0,0,0,Flat,0,,0,,0,Dark,454800,0,0,0,4,0,0,0,0,1,1,0,0,Auckland Region,Nil,2-way,Sealed,0,0,0,0,50,0,On,0,0,,76,Auckland,Nil,0,0,0,0,0,0,Urban,0,0,0,Fine,Null
1769881.889,5900163.3473,800211,,524902,0,,0,1,,North,2025/2026,SOUTHERN MOTORWAY,MANUREWA-TAKANINI ON RAMP,,Non-Injury Crash,Yes,2025,,North,,0,,Flat,,Labour Weekend,,,,Bright sun,759200,0,0,0,3,,,0,,,,,,Auckland Region,Nil,1-way,Sealed,,0,0,,100,,Off,0,0,,76,Auckland,Nil,,,,,0,0,Open,1,,,Fine,Null
1754129.6807,5914016.455,800212,,518802,0,,0,2,,South,2023/2024,SOUTH-WESTERN MOTORWAY,MAIORO STREET ON RAMP,,Non-Injury Crash,Yes,2023,,South,,0,,Flat,,,,,,Overcast,579000,0,0,0,2,,,0,,,,,,Auckland Region,Nil,1-way,Sealed,,0,0,,100,,On,0,0,,76,Auckland,Nil,,,,,0,0,Open,0,,,Light rain,Null
1742364.7956,5919897.075,800227,,513212,0,0,0,1,0,North,2025/2026,BIRDWOOD ROAD,JACINTA GROVE,,Non-Injury Crash,No,2025,0,East,0,0,0,Flat,0,,0,,0,Dark,235712,0,0,0,2,0,0,0,0,0,,0,0,Auckland Region,Nil,2-way,Sealed,0,0,0,0,50,0,On,0,0,,76,Auckland,Nil,0,0,0,1,0,0,Urban,0,0,0,Fine,Null
1746703.6871,5913991.8789,800243,,511002,0,0,0,1,0,Null,2025/2026,WEST COAST ROAD,SWAN HILL DRIVE,,Non-Injury Crash,No,2025,0,East,0,0,0,Hill Road,0,,1,,0,Bright sun,283302,0,0,0,2,0,0,0,0,0,,0,0,Auckland Region,Nil,2-way,Sealed,0,0,0,0,50,0,None,0,0,,76,Auckland,Give way,0,0,0,0,0,0,Urban,0,0,0,Fine,Null
1773499.4374,5897680.1722,800244,,523912,0,,0,1,,East,2024/2025,BELLBIRD STREET,SADDLEBACK CRESCENT,,Non-Injury Crash,No,2024,,East,,0,,Null,,,,,,Unknown,765500,0,0,0,2,,,0,,,,,,Auckland Region,Nil,2-way,Null,,0,0,,50,,Null,0,0,,76,Auckland,Nil,,,,,0,1,Urban,0,,,Null,Null
1757691.3674,5918276.8383,800251,,518101,0,,0,2,,West,2024/2025,SOUTHERN MOTORWAY,MOUNTAIN OBR,,Non-Injury Crash,Yes,2024,,North,,0,,Flat,,,,,,Overcast,543000,0,0,0,5,,,0,,,,,,Auckland Region,Nil,1-way,Sealed,,0,0,,80,,Off,1,0,,76,Auckland,Nil,,,,,0,0,Open,0,,,Light rain,Null
1742724.0097,5921922.9057,800258,,513622,0,,0,2,,South,2022/2023,DON BUCK ROAD,CHERRY TREE PLACE,,Non-Injury Crash,No,2023,,North,,0,,Flat,,,,,,Bright sun,226700,0,0,0,1,,,0,,,,,,Auckland Region,Nil,2-way,Sealed,,0,0,,50,,Off,0,0,,76,Auckland,Nil,,,,,0,0,Urban,0,,,Fine,Null
1758709.1353,5926125.1479,800268,,508020,0,,0,2,,Null,2024/2025,JUTLAND ROAD,LAKE ROAD,,Minor Crash,No,2025,,North,,0,,Flat,,,,,,Overcast,324000,2,0,0,2,,,0,,,,,,Auckland Region,Nil,2-way,Sealed,,0,0,,50,,Off,0,0,30,76,Auckland,Traffic Signals,,,,,0,0,Urban,0,,,Fine,Null
1761477.2498,5907509.8886,800274,,524520,0,,0,1,,Null,2023/2024,BUCKLAND ROAD,WICKMAN WAY,,Minor Crash,No,2023,,East,,0,,Flat,,,,,,Bright sun,734800,1,0,1,2,,,0,,,,,,Auckland Region,Nil,2-way,Sealed,,0,0,,50,,Off,0,0,,76,Auckland,Traffic Signals,,,,,0,0,Urban,0,,,Fine,Null
1768144.9008,5907743.5301,800276,,523602,0,,0,1,,Null,2023/2024,PRESTON ROAD,ORMISTON ROAD,,Non-Injury Crash,No,2023,,North,,0,,Flat,,,,,,Twilight,710100,0,0,0,4,,,0,,,,,,Auckland Region,Nil,2-way,Sealed,,0,0,,50,,Off,1,0,,76,Auckland,Traffic Signals,,,,,0,0,Urban,0,,,Fine,Null
1758009.4525,5914640.7539,800291,,519300,0,,0,0,,North,2024/2025,MANUKAU ROAD,PUKENUI ROAD,,Serious Crash,No,2024,,South,,0,,Flat,,,,,,Twilight,624200,0,0,0,2,,,0,,,1,,,Auckland Region,Nil,2-way,Sealed,,0,1,,50,,On,0,0,,76,Auckland,Nil,,,,,0,0,Urban,1,,,Fine,Null
1745280.0215,5919520.416,800292,,513301,0,,0,1,,North,2023/2024,LINCOLN ROAD,POINSETTIA PLACE,,Non-Injury Crash,No,2023,,North,,0,,Flat,,,,,,Bright sun,232001,0,0,0,5,,,0,,,,,,Auckland Region,Nil,2-way,Sealed,,0,0,,50,,Off,1,0,,76,Auckland,Nil,,,,,0,0,Urban,0,,,Fine,Null
1822458.8908,5979598.6705,800330,,521000,0,0,0,1,0,West,2022/2023,PURIRI BAY ROAD,MEDLAND ROAD,,Serious Crash,No,2023,1,West,0,0,0,Flat,0,,0,,0,Dark,439200,0,0,0,2,0,0,0,1,0,,0,0,Auckland Region,Nil,2-way,Sealed,0,0,1,0,100,0,None,0,0,,76,Auckland,Nil,0,0,0,0,0,0,Open,0,0,0,Fine,Null
1765355.222,5906712.3398,800332,,522201,0,0,0,1,0,South,2023/2024,KOLMAR ROAD,SUTTON CRESCENT,,Non-Injury Crash,No,2024,0,North,0,0,0,Flat,0,,0,,0,Bright sun,662500,0,0,0,2,0,0,0,0,1,,0,0,Auckland Region,Nil,2-way,Sealed,0,0,0,0,50,0,Off,0,0,,76,Auckland,Nil,0,0,0,0,1,0,Urban,0,0,0,Fine,Null
1750343.598,5914047.8689,800339,,511303,0,,0,2,,West,2023/2024,TOTARA AVENUE,VERONICA STREET,,Non-Injury Crash,No,2024,,West,,0,,Flat,,,,,,Overcast,266100,0,0,0,2,,,0,,,,,,Auckland Region,Nil,2-way,Sealed,,0,0,,50,,Off,0,0,,76,Auckland,Nil,,,,,0,0,Urban,0,,,Fine,Null
1765653.812,5908437.8612,800356,,523403,0,,0,1,,South,2022/2023,SOUTHERN MOTORWAY,HIGHBROOK DRIVE OFF RAMP,,Non-Injury Crash,Yes,2023,,North,,0,,Flat,,,,,,Dark,696400,0,0,0,3,,,0,,,,,,Auckland Region,Motorway ramp,1-way,Sealed,,0,0,,100,,On,1,0,80,76,Auckland,Nil,,,,,0,0,Open,0,,,Fine,Null