X,Y,OBJECTID,advisorySpeed,areaUnitID,bicycle,bridge,bus,carStationWagon,cliffBank,crashDirectionDescription,crashFinancialYear,crashLocation1,crashLocation2,crashRoadSideRoad,crashSeverity,crashSHDescription,crashYear,debris,directionRoleDescription,ditch,fatalCount,fence,flatHill,guardRail,holiday,houseOrBuilding,intersection,kerb,light,meshblockId,minorInjuryCount,moped,motorcycle,NumberOfLanes,objectThrownOrDropped,otherObject,otherVehicleType,overBank,parkedVehicle,pedestrian,phoneBoxEtc,postOrPole,region,roadCharacter,roadLane,roadSurface,roadworks,schoolBus,seriousInjuryCount,slipOrFlood,speedLimit,strayAnimal,streetLight,suv,taxi,temporarySpeedLimit,tlaId,tlaName,trafficControl,trafficIsland,trafficSign,train,tree,truck,unknownVehicleType,urban,vanOrUtility,vehicle,waterRiver,weatherA,weatherB
1773020.0187,5891483.1159,800362,,521301,0,,0,2,,Null,2023/2024,GREAT SOUTH ROAD OFF RAMP,GREAT SOUTH ROAD,,Non-Injury Crash,Yes,2023,,South,,0,,Flat,,,,,,Dark,808701,0,0,0,3,,,0,,,,,,Auckland Region,Motorway ramp,1-way,Sealed,,0,0,,60,,On,0,0,,76,Auckland,Traffic Signals,,,,,0,0,Urban,0,,,Light rain,Strong wind
1745790.5617,5922404.5763,800364,,513530,0,0,0,2,0,South,2023/2024,REINGA PLACE,CLAVERDON DRIVE,,Non-Injury Crash,No,2024,0,South,0,0,0,Hill Road,0,,0,,0,Dark,226003,0,0,0,2,0,0,0,0,1,,0,0,Auckland Region,Nil,2-way,Sealed,0,0,0,0,50,0,On,0,0,,76,Auckland,Nil,0,0,0,0,0,0,Urban,0,0,0,Fine,Null
1756089.5602,5923615.9762,800380,,509800,0,,0,2,,North,2023/2024,NORTHERN MOTORWAY,HARBOUR BR N,,Non-Injury Crash,Yes,2024,,South,,0,,Flat,,,,,,Dark,359100,0,0,0,5,,,0,,,,,,Auckland Region,Bridge,1-way,Sealed,,0,0,,80,,On,0,0,,76,Auckland,Nil,,,,,0,0,Open,0,,,Fine,Null
1769898.6321,5900097.7665,800420,,523817,0,,0,3,,North,2024/2025,SOUTHERN MOTORWAY,PAPAKURA STM BR,,Minor Crash,Yes,2025,,South,,0,,Flat,,,,,,Overcast,759738,1,0,0,3,,,0,,,,,,Auckland Region,Nil,1-way,Sealed,,0,0,,100,,Off,0,0,,76,Auckland,Nil,,,,,0,0,Open,0,,,Fine,Null
1758025.4377,5920282.8664,800435,,514103,0,,0,0,,Null,2024/2025,ANZAC AVENUE,ALTEN ROAD,,Minor Crash,No,2025,,Null,,0,,Flat,,,,,,Dark,438203,1,0,0,4,,,0,,,1,,,Auckland Region,Nil,2-way,Sealed,,0,0,,30,,On,0,0,,76,Auckland,Traffic Signals,,,,,0,1,Urban,0,,,Heavy rain,Null
1732866.0046,5935706.7487,800444,55,506653,0,0,0,1,0,South,2024/2025,OLD NORTH ROAD,KIWITAHI ROAD,,Minor Crash,No,2024,0,South,0,0,0,Flat,0,,0,,1,Overcast,217701,3,0,0,2,0,0,0,0,0,,0,1,Auckland Region,Nil,2-way,Sealed,0,0,0,0,80,0,None,0,0,,76,Auckland,Nil,0,0,0,0,0,0,Open,0,0,0,Fine,Null
1759526.6423,5910037.9154,800452,,524002,0,0,0,2,0,South,2024/2025,SOUTH-WESTERN MOTORWAY,RIMU OBR,,Minor Crash,Yes,2024,0,South,0,0,0,Flat,1,,0,,0,Twilight,722400,1,0,0,3,0,0,0,0,0,,0,0,Auckland Region,Nil,1-way,Sealed,0,0,0,0,100,0,On,0,0,,76,Auckland,Nil,0,0,0,0,0,0,Open,0,0,0,Fine,Null
1754669.1525,5930702.1534,800466,,508520,0,,0,0,,South,2023/2024,NORTHERN MOTORWAY,UPPER HARBOUR HWY ON RAMP,,Non-Injury Crash,Yes,2023,,South,,0,,Flat,,,,,,Overcast,191104,0,0,0,2,,,0,,,,,,Auckland Region,Motorway ramp,1-way,Sealed,,0,0,,100,,Null,0,0,,76,Auckland,Nil,,,,,0,0,Open,2,,,Fine,Null
1754820.0858,5914609.5406,800468,,517703,0,0,0,2,0,North,2024/2025,MOUNT ALBERT ROAD,MONS AVENUE,,Non-Injury Crash,No,2025,0,North,0,0,0,Flat,0,,0,,0,Bright sun,539901,0,0,0,2,0,0,0,0,1,,0,0,Auckland Region,Nil,2-way,Sealed,0,0,0,0,50,0,None,0,0,,76,Auckland,Nil,0,0,0,0,0,0,Urban,0,0,0,Fine,Null
1729703.2293,5941025.9306,800482,,506800,0,,0,1,,South,2022/2023,RAILWAY STREET,SALEYARD STREET,,Non-Injury Crash,Yes,2023,,South,,0,,Flat,,,,,,Dark,208201,0,0,0,2,,,0,,,,,,Auckland Region,Nil,2-way,Sealed,,0,0,,50,,On,1,0,,76,Auckland,Nil,,,,,0,0,Urban,0,,,Light rain,Null
1759472.4387,5906395.4331,800484,,524200,0,0,0,1,0,West,2024/2025,KIRKBRIDE ROAD,WESTNEY ROAD,,Non-Injury Crash,No,2025,0,East,0,0,0,Null,1,,0,,0,Unknown,727400,0,0,0,2,0,0,0,0,0,,0,0,Auckland Region,Nil,2-way,Sealed,0,0,0,0,50,0,Null,0,0,,76,Auckland,Nil,0,0,0,0,0,0,Urban,0,0,0,Fine,Null
1770406.0604,5912344.17,800492,,523105,0,,0,1,,Null,2024/2025,BOTANY ROAD,MILLHOUSE DRIVE,,Non-Injury Crash,No,2024,,South,,0,,Null,,,,,,Dark,711139,0,0,0,2,,,0,,,,,,Auckland Region,Nil,1-way,Sealed,,0,0,,50,,Null,1,0,,76,Auckland,Traffic Signals,,,,,0,0,Urban,0,,,Fine,Null
1746031.2896,5912595.8425,800506,,511002,0,0,0,1,0,East,2022/2023,GLENGARRY ROAD,ROSIER ROAD,,Non-Injury Crash,No,2023,0,North,0,0,0,Hill Road,0,,0,,0,Bright sun,284701,0,0,0,2,0,0,0,0,0,,0,0,Auckland Region,Speed hump,2-way,Sealed,0,0,0,0,50,0,None,0,0,,76,Auckland,Nil,0,1,0,0,0,0,Urban,0,0,0,Fine,Null
1756692.6688,5919469.0384,800515,,514200,0,,0,2,,Null,2024/2025,KARANGAHAPE ROAD,EAST STREET,,Non-Injury Crash,No,2025,,West,,0,,Flat,,,,,,Dark,412000,0,0,0,2,,,0,,,,,,Auckland Region,Nil,2-way,Sealed,,0,0,,40,,On,0,1,,76,Auckland,Nil,,,,,0,0,Urban,0,,,Light rain,Null
1748003.8725,5916220.779,800522,,511602,0,0,0,1,0,North,2023/2024,AKATEA ROAD,BANCROFT CRESCENT,,Minor Crash,No,2024,0,North,0,0,0,Flat,0,,0,,0,Bright sun,273500,1,0,0,2,0,0,0,0,1,,0,0,Auckland Region,Nil,2-way,Sealed,0,0,0,0,50,0,Off,0,0,,76,Auckland,Nil,0,0,0,0,1,0,Urban,0,0,0,Fine,Null
1741513.3391,5976101.3471,800523,,506660,0,0,0,0,0,West,2024/2025,SH 1,FALLS BR,,Non-Injury Crash,Yes,2024,0,East,0,0,0,Flat,1,,0,,0,Bright sun,136700,0,0,0,2,0,0,0,0,0,,0,0,Auckland Region,Nil,2-way,Sealed,0,0,0,0,100,0,Off,1,0,,76,Auckland,Nil,0,0,0,0,0,0,Open,0,0,0,Fine,Null
1760318.0006,5907600.92,800530,,524112,0,,0,2,,South,2023/2024,SOUTH-WESTERN MOTORWAY,MOYLE PARK FTBR,,Non-Injury Crash,Yes,2023,,North,,0,,Flat,,,,,,Dark,737500,0,0,0,2,,,0,,,,,,Auckland Region,Nil,2-way,Sealed,,0,0,,100,,On,0,0,,76,Auckland,Nil,,,,,0,0,Open,0,,,Light rain,Null
1743582.2234,5922064.7568,800531,,513512,0,0,0,2,0,Null,2024/2025,BELLRINGER ROAD,TRIANGLE ROAD,,Non-Injury Crash,No,2025,0,South,0,0,0,Flat,0,,0,,0,Bright sun,225201,0,0,0,2,0,0,0,0,1,,0,0,Auckland Region,Nil,2-way,Sealed,0,0,0,0,50,0,Off,0,0,,76,Auckland,Stop,0,0,0,0,0,0,Urban,0,0,0,Light rain,Null
1779151.4036,5915690.3485,800538,,523300,0,0,0,3,0,North,2023/2024,CONSTELLATION AVENUE,INTREPID CRESCENT,,Minor Crash,No,2024,0,North,0,0,0,Flat,0,,0,,0,Bright sun,719400,1,0,0,2,0,0,0,0,1,,0,0,Auckland Region,Nil,2-way,Sealed,0,0,0,0,50,0,Off,0,0,,76,Auckland,Nil,0,0,0,0,0,0,Urban,0,0,0,Fine,Null
1767470.1256,5904872.2653,800540,,524604,0,,0,2,,South,2024/2025,GREAT SOUTH ROAD,CAVENDISH DRIVE,,Non-Injury Crash,No,2024,,North,,0,,Null,,,,,,Overcast,780209,0,0,0,4,,,0,,,,,,Auckland Region,Nil,1-way,Null,,0,0,,50,,Null,0,0,,76,Auckland,Nil,,,,,0,0,Urban,0,,,Fine,Null
1771519.9261,5897836.0268,800546,,523912,0,,0,1,,Null,2023/2024,GREAT SOUTH ROAD,WALTERS ROAD,,Non-Injury Crash,No,2023,,South,,0,,Flat,,Christmas New Year,,,,Overcast,765700,0,0,0,3,,,0,,,,,,Auckland Region,Nil,1-way,Sealed,,0,0,,50,,Off,1,0,,76,Auckland,Give way,,,,,0,0,Urban,0,,,Light rain,Null
1757423.9645,5921100.4233,800547,,514101,0,0,0,2,0,West,2024/2025,AWHITU ROAD,LOWER ALBERT STREET,,Non-Injury Crash,No,2025,0,West,0,0,0,Flat,0,,0,,0,Dark,438209,0,0,0,4,0,0,0,0,0,,0,0,Auckland Region,Nil,2-way,Sealed,0,0,0,0,30,0,On,0,1,,76,Auckland,Nil,0,0,0,0,0,0,Urban,0,1,0,Fine,Null
1757788.1916,5919634.7927,800556,,514301,0,,0,2,,Null,2023/2024,GRAFTON ROAD,WELLESLEY STREET EAST,,Non-Injury Crash,No,2024,,South,,0,,Flat,,,,,,Bright sun,440400,0,0,0,3,,,0,,,,,,Auckland Region,Nil,2-way,Sealed,,0,0,,50,,Off,0,0,,76,Auckland,Traffic Signals,,,,,0,0,Urban,0,,,Null,None
1774718.3015,5896041.3646,800564,,525610,0,0,0,1,0,Null,2024/2025,DOMINION ROAD,SETTLEMENT ROAD,,Non-Injury Crash,No,2024,0,South,0,0,0,Flat,0,,0,,0,Dark,799111,0,0,0,2,0,0,0,0,0,,0,0,Auckland Region,Nil,2-way,Sealed,0,0,0,0,50,0,On,0,0,,76,Auckland,Give way,1,0,0,0,0,0,Urban,0,0,0,Light rain,Null
1767689.9257,5904422.6971,800572,,524604,0,0,0,1,0,South,2024/2025,GREAT SOUTH ROAD,GLADDING PLACE,,Non-Injury Crash,No,2024,0,North,0,0,0,Flat,0,,0,,1,Dark,780204,0,0,0,4,0,0,0,0,0,,0,0,Auckland Region,Nil,2-way,Sealed,0,0,0,0,50,0,On,0,0,,76,Auckland,Nil,0,0,0,0,0,0,Urban,0,0,0,Fine,Strong wind
1745386.9799,5894682.3651,800579,25,521151,0,0,0,1,0,Null,2024/2025,AWHITU ROAD,COLBECK ROAD,,Non-Injury Crash,No,2024,0,South,1,0,0,Flat,0,,0,,0,Overcast,829500,0,0,0,2,0,0,0,0,0,,0,0,Auckland Region,Nil,2-way,Sealed,0,0,0,0,80,0,Off,0,0,,76,Auckland,Stop,0,1,0,0,0,0,Open,0,0,0,Light rain,Null
1766929.4705,5907646.4339,800580,,523602,0,,0,2,,Null,2023/2024,EAST TAMAKI ROAD,BAIRDS ROAD,,Non-Injury Crash,No,2023,,West,,0,,Flat,,,,,,Dark,709300,0,0,0,6,,,0,,,,,,Auckland Region,Nil,2-way,Sealed,,0,0,,30,,On,0,0,,76,Auckland,Traffic Signals,,,,,0,0,Urban,0,,,Fine,None
1732147.0825,5937464.0016,800587,45,506648,0,0,0,0,0,East,2024/2025,OLD NORTH ROAD,INLAND ROAD,,Minor Crash,No,2025,0,North,0,0,1,Flat,0,,0,,0,Overcast,212200,2,0,0,2,0,0,0,0,1,,0,0,Auckland Region,Nil,2-way,Sealed,0,0,0,0,80,0,None,0,0,,76,Auckland,Nil,0,0,0,0,0,0,Open,2,0,0,Fine,Null
1760345.5397,5915310.2829,800594,,520202,0,,0,2,,Null,2023/2024,GREAT SOUTH ROAD,MAIN HIGHWAY,,Non-Injury Crash,No,2024,,South,,0,,Hill Road,,,,,,Overcast,613200,0,0,0,2,,,0,,,,,,Auckland Region,Nil,1-way,Sealed,,0,0,,50,,Off,0,0,,76,Auckland,Traffic Signals,,,,,0,0,Urban,0,,,Heavy rain,Null
1757310.4564,5912422.648,800596,,518702,0,,0,3,,West,2023/2024,SOUTH-WESTERN MOTORWAY,QUEENSTOWN OBR,,Non-Injury Crash,Yes,2024,,South,,0,,Hill Road,,,,,,Overcast,570300,0,0,0,3,,,0,,,,,,Auckland Region,Nil,1-way,Sealed,,0,0,,100,,Off,0,0,,76,Auckland,Nil,,,,,0,0,Open,0,,,Light rain,Null
1759655.902,5946809.0812,800603,,505904,0,0,0,1,0,East,2024/2025,GULF HARBOUR DRIVE,JAVELIN CLOSE,,Non-Injury Crash,No,2025,0,East,0,0,0,Hill Road,0,,0,,0,Overcast,174906,0,0,0,2,0,0,0,0,0,,0,1,Auckland Region,Nil,2-way,Sealed,0,0,0,0,50,0,Off,0,0,,76,Auckland,Nil,0,0,0,0,0,0,Urban,0,0,0,Light rain,Null
1761791.3832,5914691.2067,800618,,520202,0,,0,2,,Null,2023/2024,MAIN HIGHWAY,ELLERSLIE-PANMURE HIGHWAY,,Non-Injury Crash,No,2023,,West,,0,,Flat,,Christmas New Year,,,,Bright sun,612600,0,0,0,2,,,0,,,,,,Auckland Region,Nil,2-way,Sealed,,0,0,,50,,Off,0,0,,76,Auckland,Traffic Signals,,,,,0,0,Urban,0,,,Fine,Null
1776800.4855,5882189.4724,800620,35,521160,0,,0,2,,Null,2024/2025,BOMBAY ROAD,RAZORBACK ROAD,,Minor Crash,No,2024,,South,,0,,Hill Road,,,,,,Overcast,827800,1,0,0,2,,,0,,,,,,Auckland Region,Nil,2-way,Sealed,,0,0,,50,,Off,0,0,,76,Auckland,Give way,,,,,0,0,Urban,0,,,Fine,Null
1774517.2454,5896948.1814,800636,,525610,0,,0,2,,Null,2024/2025,VALENTINE STREET,PEMBROOK STREET,,Non-Injury Crash,No,2024,,North,,0,,Flat,,,,,,Overcast,796800,0,0,0,2,,,0,,,,,,Auckland Region,Nil,2-way,Sealed,,0,0,,50,,On,0,0,,76,Auckland,Give way,,,,,0,0,Urban,0,,,Light rain,Null
1753941.2813,5931665.4073,800642,,508805,0,,0,1,,South,2022/2023,UPPER HARBOUR HIGHWAY,NORTHERN MOTORWAY,,Non-Injury Crash,Yes,2023,,South,,0,,Flat,,,,,,Dark,180813,0,0,0,2,,,0,,,,,,Auckland Region,Tunnel,1-way,Sealed,,0,0,,80,,On,1,0,,76,Auckland,Nil,,,,,0,0,Open,0,,,Fine,Null
1752130.8105,5934497.0853,800650,,508701,0,0,0,1,1,Null,2023/2024,OTEHA VALLEY ROAD,APPIAN WAY,,Non-Injury Crash,No,2023,0,East,0,0,0,Flat,0,,0,,0,Dark,178501,0,0,0,2,0,0,0,0,0,,0,0,Auckland Region,Nil,2-way,Sealed,0,0,0,0,50,0,On,0,0,,76,Auckland,Give way,0,0,0,1,0,0,Urban,0,0,0,Mist or Fog,Null
1754182.5142,5913064.8834,800651,,518901,0,,0,1,,Null,2024/2025,PENNEY AVENUE,RICHARDSON ROAD,,Non-Injury Crash,No,2024,,East,,0,,Null,,,,,,Unknown,586000,0,0,0,2,,,0,,,,,,Auckland Region,Nil,2-way,Sealed,,0,0,,50,,Null,1,0,,76,Auckland,Stop,,,,,0,0,Urban,0,,,Light rain,Null
1765268.7499,5916730.4939,800675,,520301,0,,0,3,,West,2024/2025,MERTON ROAD,RAIL OBR,,Non-Injury Crash,No,2025,,East,,0,,Flat,,,,,,Bright sun,465303,0,0,0,2,,,0,,,,,,Auckland Region,Nil,2-way,Sealed,,0,0,,30,,Null,0,0,,76,Auckland,Nil,,,,,0,0,Urban,0,,,Fine,Null
1782369.0405,5904706.9338,800676,,525201,0,0,0,1,0,East,2023/2024,CLEVEDON-KAWAKAWA ROAD,MCNICOL ROAD,,Non-Injury Crash,No,2023,0,West,0,0,0,Flat,1,,0,,0,Overcast,764201,0,0,0,2,0,0,0,0,0,,0,0,Auckland Region,Nil,2-way,Sealed,0,0,0,0,80,0,None,0,0,,76,Auckland,Nil,0,0,0,0,0,0,Open,0,0,0,Fine,Null
1757369.3893,5918807.2875,800684,,514302,0,,0,1,,North,2023/2024,SOUTHERN MOTORWAY,SOUTHERN TO PORT LINK,,Non-Injury Crash,Yes,2024,,North,,0,,Flat,,,,,,Twilight,441700,0,0,0,5,,,0,,,,,,Auckland Region,Nil,1-way,Sealed,,0,0,,80,,On,0,0,,76,Auckland,Nil,,,,,1,0,Open,2,,,Light rain,Null
1774116.0441,5881349.9155,800691,,521160,0,,0,1,,East,2024/2025,MILL ROAD,MILL ROAD,,Non-Injury Crash,No,2025,,East,,0,,Flat,,,,,,Bright sun,827300,0,0,0,3,,,0,,,,,,Auckland Region,Nil,2-way,Sealed,,0,0,,80,,None,0,0,,76,Auckland,Nil,,,,,1,0,Open,0,,,Fine,Null
1763844.0312,5912771.6404,800692,,520500,0,,0,1,,South,2023/2024,MOUNT WELLINGTON HIGHWAY,TE PUTU AVENUE,,Non-Injury Crash,No,2023,,North,,0,,Flat,,,,,,Overcast,637400,0,0,0,3,,,0,,,,,,Auckland Region,Nil,1-way,Sealed,,0,0,,50,,On,0,0,,76,Auckland,Nil,,,,,0,1,Urban,0,,,Null,None
1756634.3024,5930514.5548,800723,,507710,0,,0,1,,Null,2024/2025,ABERDEEN ROAD,EAST COAST ROAD,,Minor Crash,No,2025,,North,,0,,Hill Road,,,,,,Bright sun,315003,1,0,0,2,,,0,,,1,,,Auckland Region,Nil,2-way,Sealed,,0,0,,50,,Off,0,0,,76,Auckland,Give way,,,,,0,0,Urban,0,,,Fine,Null
1771846.3071,5898714.0492,800730,,523912,0,0,0,2,0,North,2024/2025,PORCHESTER ROAD,KAURI HEART AVENUE,,Minor Crash,No,2024,0,North,0,0,1,Flat,0,,0,,0,Overcast,765401,2,0,0,2,0,0,0,0,0,,0,0,Auckland Region,Nil,2-way,Sealed,0,0,0,0,50,0,Off,0,0,,76,Auckland,Nil,0,0,0,0,0,0,Urban,0,0,0,Fine,Null
1755224.1082,5911633.5336,800747,,519002,0,0,0,1,0,South,2023/2024,HALLEYS PLACE,ALBRECHT AVENUE,,Non-Injury Crash,No,2024,0,South,0,0,0,Flat,0,,0,,0,Bright sun,590701,0,0,0,2,0,0,0,0,1,,0,0,Auckland Region,Nil,2-way,Sealed,0,0,0,0,50,0,Off,0,0,,76,Auckland,Nil,0,0,0,0,0,0,Urban,1,0,0,Fine,None
1750130.0225,5931159.9893,800762,,509100,0,0,0,2,0,South,2023/2024,SCHNAPPER ROCK ROAD,ABERLEY ROAD,,Non-Injury Crash,No,2023,0,East,0,0,0,Flat,0,,0,,0,Dark,180901,0,0,0,2,0,0,0,0,1,,0,0,Auckland Region,Nil,2-way,Sealed,0,0,0,0,50,0,None,0,0,,76,Auckland,Nil,0,0,0,0,0,0,Urban,0,0,0,Fine,Null
1766608.0392,5904964.3699,800772,,524603,0,,0,2,,South,2024/2025,LAMBIE DRIVE,IHAKA PLACE,,Non-Injury Crash,No,2025,,West,,0,,Flat,,,,,,Overcast,780205,0,0,0,2,,,0,,,,,,Auckland Region,Nil,1-way,Sealed,,0,0,,50,,Off,0,0,,76,Auckland,Nil,,,,,0,0,Urban,0,,,Fine,Null
1769099.2194,5911514.6514,800780,,523113,0,,0,1,,East,2025/2026,TI RAKAU DRIVE,HARRIS ROAD,,Minor Crash,No,2025,,West,,0,,Flat,,,,,,Twilight,711703,1,0,0,5,,,0,,,1,,,Auckland Region,Nil,2-way,Sealed,,0,0,,60,,On,0,0,,76,Auckland,Nil,,,,,0,0,Urban,0,,,Fine,Null
1766619.6995,5910377.7827,800802,,523112,0,,0,1,,Null,2023/2024,HIGHBROOK DRIVE,EL KOBAR DRIVE,,Non-Injury Crash,No,2024,,East,,0,,Flat,,,,,,Overcast,711301,0,0,0,2,,,0,,,,,,Auckland Region,Nil,1-way,Sealed,,0,0,,60,,Off,0,0,,76,Auckland,Traffic Signals,,,,,0,0,Urban,1,,,Fine,Null
1764479.0986,5912930.0,800811,,520500,0,,0,2,,Null,2024/2025,CARBINE ROAD,SOUTH-EASTERN HIGHWAY,,Minor Crash,No,2025,,North,,0,,Flat,,,,,,Bright sun,639100,1,0,0,6,,,0,,,,,,Auckland Region,Nil,2-way,Sealed,,0,0,,50,,Off,1,0,,76,Auckland,Traffic Signals,,,,,0,0,Urban,1,,,Fine,Null
1757984.7827,5927275.8462,800834,,508010,0,0,0,1,0,Null,2023/2024,ANZAC STREET,LAKE ROAD,,Minor Crash,No,2024,0,West,0,0,0,Flat,0,,0,,0,Overcast,327600,3,0,0,2,0,0,0,0,0,,0,0,Auckland Region,Nil,2-way,Sealed,0,0,0,0,30,0,Off,0,0,,76,Auckland,Give way,0,0,0,1,0,0,Urban,0,0,0,Fine,Null
1765717.8529,5905770.9618,800835,,522202,0,0,0,1,0,Null,2024/2025,CARRUTH ROAD,CENTRAL AVENUE,,Minor Crash,No,2024,0,South,0,0,0,Flat,0,,0,,0,Dark,665000,1,0,0,2,0,0,0,0,0,,0,1,Auckland Region,Nil,2-way,Sealed,0,0,0,0,50,0,On,0,0,,76,Auckland,Stop,0,0,0,0,0,0,Urban,0,0,0,Fine,Null
1775021.3243,5895575.7937,800836,,525700,0,0,0,1,0,South,2024/2025,REDCREST AVENUE,ARIKI PLACE,,Non-Injury Crash,No,2025,0,East,0,0,0,Flat,0,,0,,0,Bright sun,800312,0,0,0,2,0,0,0,0,1,,0,0,Auckland Region,Nil,2-way,Sealed,0,0,0,0,50,0,Off,0,0,,76,Auckland,Nil,0,0,0,0,0,0,Urban,1,0,0,Fine,Null
1753566.8732,5914460.5407,800850,,518801,0,,0,1,,Null,2023/2024,MAIORO STREET,MAIORO STREET OFF RAMP,,Non-Injury Crash,No,2024,,North,,0,,Flat,,,,,,Dark,578500,0,0,0,2,,,0,,,,,,Auckland Region,Motorway ramp,1-way,Sealed,,0,0,,50,,On,1,0,,76,Auckland,Traffic Signals,,,,,0,0,Urban,0,,,Fine,Null
1759245.7583,5926029.3904,800851,,508020,0,,0,2,,North,2024/2025,LAKE ROAD,NORTHUMBERLAND AVENUE,,Non-Injury Crash,No,2024,,North,,0,,Flat,,,,,,Bright sun,321800,0,0,0,2,,,0,,,,,,Auckland Region,Nil,2-way,Sealed,,0,0,,50,,Null,0,0,,76,Auckland,Nil,,,,,0,0,Urban,0,,,Null,Null
1755435.1394,5932749.4527,800866,,508805,0,,0,2,,East,2023/2024,EAST COAST ROAD,TUDOR PLACE,,Minor Crash,No,2024,,East,,0,,Flat,,,,,,Bright sun,153200,1,0,0,4,,,0,,,,,,Auckland Region,Nil,2-way,Sealed,,0,0,,50,,None,0,0,,76,Auckland,Give way,,,,,0,0,Urban,0,,,Fine,Null
1745855.4651,5911076.2294,800867,,512700,0,0,0,0,0,Null,2024/2025,SCENIC DRIVE,TAWINI ROAD,,Non-Injury Crash,No,2024,0,North,0,0,0,Null,0,,0,,0,Dark,300100,0,0,0,2,0,0,0,0,0,,0,0,Auckland Region,Nil,2-way,Sealed,0,0,0,0,50,0,Null,0,0,,76,Auckland,Give way,0,1,0,0,0,0,Urban,1,0,0,Null,Null
1768806.9152,5914826.8196,800868,,522721,0,0,0,1,0,Null,2023/2024,STANNILAND STREET,BUTLEY DRIVE,,Non-Injury Crash,No,2024,0,North,0,0,0,Flat,0,,0,,1,Bright sun,681216,0,0,0,2,0,0,0,0,0,,0,0,Auckland Region,Nil,2-way,Sealed,0,0,0,0,50,0,Off,0,0,,76,Auckland,Give way,0,0,0,0,0,0,Urban,0,0,0,Fine,Null
1762751.1416,5908513.3844,800876,,524402,0,0,0,1,0,West,2023/2024,SAVILL DRIVE,MASSEY ROAD,,Non-Injury Crash,No,2024,0,North,0,0,0,Flat,0,,0,,0,Overcast,749800,0,0,0,2,0,0,0,0,0,,0,0,Auckland Region,Nil,2-way,Sealed,0,0,0,0,50,0,On,0,0,,76,Auckland,Nil,0,0,0,1,0,0,Urban,0,0,0,Light rain,Null
1769544.942,5911372.6834,800890,,523107,0,,0,4,,East,2023/2024,TI RAKAU DRIVE,GREENMOUNT DRIVE,,Minor Crash,No,2024,,East,,0,,Flat,,,,,,Dark,711702,1,0,0,3,,,0,,,,,,Auckland Region,Nil,1-way,Sealed,,0,0,,60,,On,0,0,,76,Auckland,Nil,,,,,0,0,Urban,0,,,Fine,Null
1754433.6693,5933111.8647,800891,,508805,0,,0,1,,West,2024/2025,ROSEDALE ROAD,MANA LANE,,Minor Crash,No,2024,,East,,0,,Hill Road,,,,,,Bright sun,180867,1,0,0,2,,,0,,,1,,,Auckland Region,Nil,2-way,Sealed,,0,0,,50,,Off,0,0,,76,Auckland,Nil,,,,,0,0,Urban,0,,,Fine,Null
1745363.4206,5912816.2158,800906,,512906,0,,0,1,,West,2023/2024,GLENGARRY ROAD,AUTUMN AVENUE,,Non-Injury Crash,No,2024,,West,,0,,Hill Road,,,,,,Dark,278515,0,0,0,2,,,0,,,1,,,Auckland Region,Nil,2-way,Sealed,,0,0,,50,,On,0,0,,76,Auckland,Nil,,,,,0,0,Urban,0,,,Fine,Null
1765846.2309,5914971.7807,800915,,520601,0,0,0,1,0,South,2024/2025,TRIPOLI ROAD,KAY ROAD,,Minor Crash,No,2024,0,North,0,0,0,Flat,0,,0,,0,Bright sun,632701,1,0,0,2,0,0,0,0,1,,0,0,Auckland Region,Nil,2-way,Sealed,0,0,0,0,50,0,Off,1,0,,76,Auckland,Nil,0,0,0,0,0,0,Urban,0,0,0,Fine,Null
1754854.3096,5931989.0188,800931,,508805,0,0,0,2,0,North,2024/2025,APOLLO DRIVE,CONSTELLATION DRIVE,,Non-Injury Crash,No,2024,0,North,0,0,1,Flat,0,,0,,0,Overcast,180813,0,0,0,2,0,0,0,0,0,,0,1,Auckland Region,Nil,2-way,Sealed,0,0,0,0,50,0,Off,0,0,,76,Auckland,Nil,0,0,0,0,0,0,Urban,0,0,0,Fine,Null
1766140.4425,5900243.8612,800939,,524713,0,,0,2,,Null,2024/2025,ROSCOMMON ROAD,SHARLAND AVENUE,,Non-Injury Crash,No,2024,,South,,0,,Flat,,,,,,Twilight,775820,0,0,0,1,,,0,,,,,,Auckland Region,Nil,1-way,Sealed,,0,0,,50,,On,0,0,,76,Auckland,Give way,,,,,0,0,Urban,0,,,Fine,Null
1755583.2258,5925602.4049,800940,,509701,0,,0,1,,Null,2024/2025,RALEIGH ROAD,LAKE ROAD,,Serious Crash,No,2024,,East,,0,,Hill Road,,,,,,Overcast,362501,1,0,0,1,,,0,,,2,,,Auckland Region,Nil,1-way,Sealed,,0,1,,50,,Off,0,0,,76,Auckland,Give way,,,,,0,0,Urban,0,,,Fine,Null
1765398.1432,5918677.8173,800963,,516900,0,,0,1,,North,2024/2025,ST HELIERS BAY ROAD,WYNSFIELD GARDEN,,Minor Crash,No,2025,,West,,0,,Hill Road,,,,,,Bright sun,465400,3,0,0,2,,,0,,,,,,Auckland Region,Nil,2-way,Sealed,,0,0,,50,,Off,1,0,,76,Auckland,Nil,,,,,0,0,Urban,0,,,Fine,Null