X,Y,OBJECTID,advisorySpeed,areaUnitID,bicycle,bridge,bus,carStationWagon,cliffBank,crashDirectionDescription,crashFinancialYear,crashLocation1,crashLocation2,crashRoadSideRoad,crashSeverity,crashSHDescription,crashYear,debris,directionRoleDescription,ditch,fatalCount,fence,flatHill,guardRail,holiday,houseOrBuilding,intersection,kerb,light,meshblockId,minorInjuryCount,moped,motorcycle,NumberOfLanes,objectThrownOrDropped,otherObject,otherVehicleType,overBank,parkedVehicle,pedestrian,phoneBoxEtc,postOrPole,region,roadCharacter,roadLane,roadSurface,roadworks,schoolBus,seriousInjuryCount,slipOrFlood,speedLimit,strayAnimal,streetLight,suv,taxi,temporarySpeedLimit,tlaId,tlaName,trafficControl,trafficIsland,trafficSign,train,tree,truck,unknownVehicleType,urban,vanOrUtility,vehicle,waterRiver,weatherA,weatherB
1755002.6457,5927822.5303,800970,,508620,0,,0,0,,Null,2023/2024,SUNNYBRAE ROAD,ARCHERS ROAD,,Serious Crash,No,2023,,North,,0,,Hill Road,,,,,,Twilight,202600,0,0,1,2,,,0,,,,,,Auckland Region,Nil,2-way,Sealed,,0,1,,50,,On,0,0,,76,Auckland,Traffic Signals,,,,,0,0,Urban,0,,,Fine,Null
1757650.8543,5913618.111,800971,,518600,0,,0,3,,North,2024/2025,PAH ROAD,MOUNT ALBERT ROAD,,Minor Crash,No,2024,,North,,0,,Flat,,,,,,Overcast,565400,1,0,0,4,,,0,,,,,,Auckland Region,Nil,2-way,Sealed,,0,0,,50,,Off,0,0,,76,Auckland,Nil,,,,,0,0,Urban,0,,,Light rain,Null
1760755.2984,5914222.7665,800978,,519400,0,,0,1,,North,2024/2025,ROCKFIELD ROAD,GREENPARK ROAD,,Serious Crash,No,2025,,North,,0,,Flat,,,,,,Overcast,620000,1,0,0,2,,,0,,,1,,,Auckland Region,Nil,2-way,Sealed,,0,1,,50,,Off,0,0,,76,Auckland,Nil,,,,,0,0,Urban,0,,,Fine,Null
1754499.495,5916546.1985,800988,,517702,0,,0,2,,South,2023/2024,FOWLDS AVENUE,ST LUKES ROAD,,Non-Injury Crash,No,2024,,North,,0,,Flat,,,,,,Overcast,540002,0,0,0,2,,,0,,,,,,Auckland Region,Nil,2-way,Sealed,,0,0,,50,,Off,0,0,,76,Auckland,Nil,,,,,0,0,Urban,0,,,Light rain,None
1730054.826,5958279.7368,800994,55,506613,0,0,0,0,0,South,2024/2025,KAIPARA COAST HIGHWAY,WEST COAST ROAD,,Minor Crash,Yes,2025,0,North,1,0,1,Flat,0,,0,,0,Bright sun,146300,1,0,1,2,0,0,0,0,0,,0,0,Auckland Region,Nil,2-way,Sealed,0,0,0,0,100,0,None,0,0,,76,Auckland,Nil,0,0,0,0,0,0,Open,0,0,0,Fine,Null
1756160.542,5924520.2183,801019,,509702,0,,0,2,,Null,2024/2025,ONEWA ROAD OFF RAMP,ONEWA ROAD,,Non-Injury Crash,No,2024,,North,,0,,Flat,,,,,,Overcast,366700,0,0,0,4,,,0,,,,,,Auckland Region,Motorway ramp,1-way,Sealed,,0,0,,50,,Off,0,0,,76,Auckland,Traffic Signals,,,,,0,0,Urban,0,,,Fine,Null
1755829.283,5935593.9806,801034,35,507101,0,0,0,0,0,Null,2024/2025,BEACH ROAD,BAYVIEW ROAD,,Minor Crash,No,2024,0,South,0,0,0,Hill Road,0,,0,,0,Overcast,162502,1,0,0,2,0,0,0,0,0,,0,0,Auckland Region,Nil,2-way,Sealed,0,0,0,0,50,0,Off,0,0,,76,Auckland,Give way,0,0,0,1,0,0,Urban,1,0,0,Heavy rain,Null
1758090.3433,5909162.5261,801043,,524001,0,0,0,0,1,West,2023/2024,WELLESLEY ROAD,WALLACE ROAD,,Non-Injury Crash,No,2024,0,North,0,0,1,Flat,0,,0,,0,Bright sun,725100,0,0,0,2,0,0,0,0,0,,0,0,Auckland Region,Nil,2-way,Sealed,0,0,0,0,50,0,Off,1,0,,76,Auckland,Nil,0,0,0,0,0,0,Urban,0,0,0,Fine,Null
1758186.9207,5915942.7548,801050,,519300,0,0,0,1,0,Null,2023/2024,MANUKAU ROAD,CAMPBELL CRESCENT,,Non-Injury Crash,No,2023,0,South,0,0,0,Flat,0,Christmas New Year,0,,0,Bright sun,622900,0,0,0,2,0,0,0,0,0,,0,0,Auckland Region,Nil,2-way,Sealed,0,0,0,0,50,0,Off,0,0,,76,Auckland,Give way,1,0,0,0,0,0,Urban,0,0,0,Fine,Null
1750289.2705,5914345.9659,801060,,511303,0,,0,1,,Null,2023/2024,CLAYPIT LANE,GREAT NORTH ROAD,,Non-Injury Crash,No,2024,,North,,0,,Flat,,,,,,Bright sun,266200,0,0,0,2,,,0,,,,,,Auckland Region,Nil,2-way,Sealed,,0,0,,50,,Off,1,0,,76,Auckland,Give way,,,,,0,0,Urban,0,,,Fine,Null
1749036.1265,5950399.2948,801075,,506202,0,,0,1,,North,2025/2026,NORTHERN GATEWAY TOLL ROAD,TOLL GANTRY,,Minor Crash,Yes,2025,,South,,0,,Hill Road,,,,,,Dark,176411,1,0,0,2,,,0,,,,,,Auckland Region,Nil,1-way,Sealed,,0,0,,110,,On,0,0,,76,Auckland,Nil,,,,,0,0,Open,0,,,Heavy rain,Null
1765270.4282,5908920.2593,801083,,523403,0,0,0,1,0,North,2024/2025,WYMONDLEY ROAD,BILLINGTON AVENUE,,Non-Injury Crash,No,2024,0,North,0,0,1,Flat,0,,0,,0,Dark,699700,0,0,0,2,0,0,0,0,0,,0,0,Auckland Region,Nil,2-way,Sealed,0,0,0,0,50,0,On,0,0,,76,Auckland,Nil,0,0,0,0,0,0,Urban,0,0,0,Fine,Null
1767448.6496,5904931.7163,801091,,524604,0,,0,2,,Null,2025/2026,TE IRIRANGI DRIVE,GREAT SOUTH ROAD,,Minor Crash,No,2025,,West,,0,,Flat,,,,,,Dark,780302,4,0,0,2,,,0,,,,,,Auckland Region,Nil,1-way,Sealed,,0,0,,50,,On,0,0,,76,Auckland,Traffic Signals,,,,,0,0,Urban,0,,,Light rain,Null
1763473.679,5910728.9048,801100,,520500,0,,0,1,,North,2022/2023,GREAT SOUTH ROAD,PORTAGE ROAD,,Non-Injury Crash,No,2023,,South,,0,,Flat,,,,,,Bright sun,638001,0,0,0,4,,,0,,,,,,Auckland Region,Nil,2-way,Sealed,,0,0,,50,,Off,1,0,,76,Auckland,Nil,,,,,0,0,Urban,0,,,Fine,None
1754197.7556,5875129.4909,801132,,526105,0,0,0,1,1,West,2023/2024,KAIWAKA ROAD,KATHLEEN REECE PLACE,,Non-Injury Crash,No,2024,0,East,0,0,0,Hill Road,0,,0,,0,Overcast,835501,0,0,0,2,0,0,0,0,0,,0,0,Auckland Region,Nil,2-way,Sealed,0,0,0,0,50,0,Off,0,0,,76,Auckland,Nil,0,0,0,0,0,0,Urban,0,0,0,Fine,Null
1759408.7039,5908583.6514,801138,,524121,0,0,0,0,0,North,2023/2024,MCKENZIE ROAD,MILLER ROAD,,Serious Crash,No,2024,0,South,0,0,0,Flat,0,,0,,0,Overcast,737104,0,0,0,3,0,0,0,0,0,,0,0,Auckland Region,Nil,2-way,Sealed,0,0,1,0,50,0,On,0,0,,76,Auckland,Nil,0,0,0,1,0,0,Urban,1,0,0,Heavy rain,Null
1759605.6473,5909656.8647,801148,,524002,0,,0,2,,South,2024/2025,SOUTH-WESTERN MOTORWAY,HASTIE FTBR,,Non-Injury Crash,Yes,2025,,North,,0,,Hill Road,,,,,,Bright sun,724102,0,0,0,3,,,0,,,,,,Auckland Region,Underpass,1-way,Sealed,,0,0,,100,,Off,0,0,,76,Auckland,Nil,,,,,0,0,Open,0,,,Fine,Null
1735148.8041,5909216.0849,801155,,513800,0,0,0,1,0,South,2024/2025,PIHA ROAD,ANAWHATA ROAD,,Non-Injury Crash,No,2025,0,South,0,0,1,Flat,0,,0,,0,Dark,282007,0,0,0,2,0,0,0,0,0,,0,0,Auckland Region,Nil,2-way,Sealed,0,0,0,0,80,0,None,0,0,,76,Auckland,Nil,0,0,0,0,0,0,Open,0,0,0,Fine,Null
1764786.8575,5911274.0663,801178,,520500,0,,0,1,,North,2023/2024,SOUTHERN MOTORWAY,OTAHUHU CK BR,,Non-Injury Crash,Yes,2023,,South,,0,,Flat,,,,,,Twilight,635901,0,0,0,3,,,0,,,,,,Auckland Region,Nil,1-way,Sealed,,0,0,,100,,On,0,0,,76,Auckland,Nil,,,,,1,0,Open,0,,,Fine,Null
1765592.851,5920115.7845,801179,,516700,0,,0,2,,Null,2024/2025,ST HELIERS BAY ROAD,TAMAKI DRIVE,,Non-Injury Crash,No,2025,,North,,0,,Flat,,,,,,Bright sun,509200,0,0,0,2,,,0,,,,,,Auckland Region,Nil,2-way,Sealed,,0,0,,30,,Null,0,0,,76,Auckland,Nil,,,,,0,0,Urban,0,,,Fine,Null
1770929.8242,5905356.0773,801187,,523713,0,,0,2,,Null,2025/2026,MURPHYS ROAD,MURPHYS PARK DRIVE,,Non-Injury Crash,No,2025,,South,,0,,Flat,,,,,,Dark,713501,0,0,0,2,,,0,,,,,,Auckland Region,Nil,2-way,Sealed,,0,0,,60,,On,0,0,,76,Auckland,Give way,,,,,0,0,Urban,0,,,Fine,Null
1766616.5879,5912961.8431,801196,,522920,0,,0,1,,Null,2024/2025,TI RAKAU DRIVE,PAKURANGA HIGHWAY,,Non-Injury Crash,No,2025,,North,,0,,Null,,,,,,Bright sun,683900,0,0,0,3,,,0,,,,,,Auckland Region,Nil,1-way,Sealed,,0,0,,50,,Null,0,0,,76,Auckland,Traffic Signals,,,,,0,1,Urban,0,,,Fine,Null
1765914.9114,5900795.5485,801202,,524711,0,0,0,2,0,South,2024/2025,ROSCOMMON ROAD,PUSHON PLACE,,Minor Crash,No,2024,0,South,0,0,1,Flat,0,,0,,1,Dark,774505,1,0,0,1,0,0,0,0,1,,0,0,Auckland Region,Nil,1-way,Sealed,0,0,0,0,60,0,On,0,0,,76,Auckland,Nil,0,0,0,0,0,0,Urban,0,0,0,Fine,Null
1758411.2199,5945535.1478,801203,,505902,0,0,0,1,0,South,2024/2025,WHANGAPARAOA ROAD,CAPITOL ROAD,,Non-Injury Crash,No,2025,0,South,0,0,0,Hill Road,0,,0,,0,Dark,174703,0,0,0,2,0,0,0,0,1,,0,0,Auckland Region,Nil,2-way,Sealed,0,0,0,0,50,0,Off,0,0,,76,Auckland,Nil,0,0,0,0,0,0,Urban,1,0,0,Fine,Strong wind
1748843.0404,5917993.8013,801210,,514801,0,0,0,1,0,East,2023/2024,ROSEBANK ROAD,PATIKI ROAD,,Non-Injury Crash,No,2024,0,East,0,0,0,Flat,0,,0,,0,Dark,389400,0,0,0,2,0,0,0,0,0,,0,1,Auckland Region,Nil,2-way,Sealed,0,0,0,0,50,0,On,0,0,30,76,Auckland,Nil,0,0,0,0,0,0,Urban,0,0,0,Fine,Null
1761105.9999,5914943.9961,801218,,520202,0,,0,2,,South,2022/2023,SOUTHERN MOTORWAY,ELLERSLIE FTBR,,Non-Injury Crash,Yes,2023,,South,,0,,Flat,,,,,,Dark,611900,0,0,0,3,,,0,,,,,,Auckland Region,Nil,2-way,Sealed,,0,0,,100,,On,0,0,,76,Auckland,Nil,,,,,0,1,Open,0,,,Heavy rain,None
1758320.9999,5906021.9961,801220,,524200,0,,0,1,,Null,2023/2024,AINTREE AVENUE,ANDREW BAXTER DRIVE,,Non-Injury Crash,No,2024,,East,,0,,Flat,,,,,,Twilight,726400,0,0,0,2,,,0,,,,,,Auckland Region,Nil,2-way,End of seal,,0,0,,50,,On,1,0,,76,Auckland,Nil,,,,,0,0,Urban,0,,,Light rain,None
1770741.5775,5898542.5666,801228,,523920,0,,0,2,,South,2024/2025,GREAT SOUTH ROAD,WALTER STREVENS DRIVE,,Non-Injury Crash,No,2024,,North,,0,,Null,,,,,,Bright sun,767503,0,0,0,4,,,0,,,,,,Auckland Region,Nil,2-way,Sealed,,0,0,,50,,Off,0,0,,76,Auckland,Nil,,,,,0,0,Urban,0,,,Fine,Null
1764307.2068,5910160.1812,801250,,521801,0,0,0,0,0,West,2022/2023,PRINCES STREET,CHURCH STREET,,Non-Injury Crash,No,2023,0,West,0,0,0,Flat,0,,0,,0,Bright sun,787300,0,0,0,4,1,0,0,0,0,,0,0,Auckland Region,Nil,2-way,Sealed,0,0,0,0,50,0,Off,0,0,,76,Auckland,Nil,0,0,0,0,1,0,Urban,0,0,0,Fine,Null
1765166.3861,5913381.008,801258,,520500,0,0,0,1,0,Null,2023/2024,PAKURANGA HIGHWAY,SOUTH-EASTERN HIGHWAY,,Non-Injury Crash,No,2023,0,West,0,0,0,Flat,0,,0,,0,Twilight,638908,0,0,0,4,0,0,0,0,0,,0,0,Auckland Region,Nil,2-way,Sealed,0,0,0,0,80,0,On,0,0,,76,Auckland,Traffic Signals,1,1,0,0,0,0,Open,0,0,0,Fine,Null
1756584.4635,5926826.4064,801260,,507900,0,,0,3,,South,2024/2025,NORTHERN MOTORWAY,NORTHCOTE ROAD ON RAMP,,Minor Crash,Yes,2025,,South,,0,,Hill Road,,,,,,Overcast,303902,1,0,0,3,,,0,,,,,,Auckland Region,Motorway ramp,1-way,Sealed,,0,0,,100,,Off,3,0,,76,Auckland,Nil,,,,,0,0,Open,0,,,Heavy rain,Null
1771404.4896,5895446.1682,801299,,521201,0,,0,2,,South,2023/2024,SOUTHERN MOTORWAY,PAPAKURA ON RAMP,,Non-Injury Crash,Yes,2023,,North,,0,,Flat,,Christmas New Year,,,,Overcast,806604,0,0,0,2,,,0,,,,,,Auckland Region,Nil,1-way,Sealed,,0,0,,100,,Off,0,0,80,76,Auckland,Nil,,,,,0,0,Open,0,,,Fine,Null
1756752.5603,5919871.4083,801300,,514102,0,,0,1,,Null,2023/2024,HOBSON STREET ON RAMP,UNION STREET,,Non-Injury Crash,No,2024,,North,,0,,Flat,,,,,,Bright sun,435500,0,0,0,3,,,0,,,,,,Auckland Region,Nil,1-way,Sealed,,0,0,,50,,Off,0,0,,76,Auckland,Traffic Signals,,,,,1,0,Urban,0,,,Fine,None
1752162.2959,5914244.0608,801306,,514402,0,,0,2,,Null,2023/2024,WHITNEY STREET,TIVERTON ROAD,,Non-Injury Crash,No,2023,,South,,0,,Flat,,,,,,Dark,380900,0,0,0,3,,,0,,,,,,Auckland Region,Nil,2-way,Sealed,,0,0,,50,,On,0,0,,76,Auckland,Traffic Signals,,,,,0,0,Urban,0,,,Light rain,Null
1771934.152,5895179.5922,801323,,525540,0,,0,1,,East,2024/2025,BEACH ROAD,CHICHESTER DRIVE,,Non-Injury Crash,No,2024,,West,,0,,Null,,,,,,Unknown,805901,0,0,0,2,,,0,,,,,,Auckland Region,Nil,2-way,Null,,0,0,,50,,Null,0,0,,76,Auckland,Nil,,,,,0,0,Urban,0,,,Null,Null
1755268.1365,5929793.4153,801330,,508510,0,,0,2,,South,2023/2024,NORTHERN MOTORWAY,SUNNYNOOK OBR,,Non-Injury Crash,Yes,2023,,South,,0,,Flat,,,,,,Twilight,194405,0,0,0,3,,,0,,,,,,Auckland Region,Nil,1-way,Sealed,,0,0,,100,,Off,0,0,,76,Auckland,Nil,,,,,0,0,Open,1,,,Fine,Strong wind
1742784.1006,5976155.3738,801331,,506661,0,,0,1,,South,2023/2024,SH 1,CROWTHER ROAD,,Non-Injury Crash,Yes,2024,,South,,0,,Hill Road,,,,,,Dark,139000,0,0,0,2,,,0,,,,,,Auckland Region,Nil,2-way,Sealed,,0,0,,80,,None,0,0,,76,Auckland,Nil,,,,,0,0,Open,1,,,Heavy rain,Strong wind
1764595.4666,5914838.2383,801340,,520303,0,0,0,1,0,West,2024/2025,ELLERSLIE-PANMURE HIGHWAY,FORGE WAY,,Non-Injury Crash,No,2025,1,West,0,0,0,Null,0,,0,,0,Bright sun,627400,0,0,0,3,0,0,0,0,0,,0,0,Auckland Region,Nil,1-way,Sealed,0,0,0,0,50,0,Null,0,0,,76,Auckland,Nil,0,0,0,0,0,0,Urban,0,0,0,Fine,Null
1765411.917,5907180.5624,801355,,522201,0,,0,2,,Null,2024/2025,GREAT SOUTH ROAD,MAXWELL AVENUE,,Non-Injury Crash,No,2024,,North,,0,,Null,,,,,,Dark,661100,0,0,0,4,,,0,,,,,,Auckland Region,Nil,2-way,Sealed,,0,0,,50,,On,0,0,,76,Auckland,Give way,,,,,0,0,Urban,0,,,Fine,Null
1756211.0013,5924210.77,801371,,509800,0,,0,1,,South,2024/2025,NORTHERN MOTORWAY,ONEPOTO STM BR,,Non-Injury Crash,Yes,2025,,South,,0,,Flat,,,,,,Dark,361100,0,0,0,4,,,0,,,,,,Auckland Region,Nil,1-way,Sealed,,0,0,,100,,On,0,0,,76,Auckland,Nil,,,,,0,0,Open,1,,,Fine,Null
1756196.613,5944079.1665,801379,,505909,0,0,0,1,0,South,2024/2025,MAIN STREET,WHANGAPARAOA ROAD,,Non-Injury Crash,No,2024,0,South,0,0,0,Null,0,,0,,0,Unknown,174013,0,0,0,1,0,0,0,0,1,,0,0,Auckland Region,Nil,1-way,Null,0,0,0,0,50,0,Null,0,0,,76,Auckland,Nil,0,0,0,0,0,0,Urban,1,0,0,Fine,Null
1752384.4406,5918068.4222,801395,,515001,0,,0,1,,Null,2024/2025,CARRINGTON ROAD,GREAT NORTH ROAD,,Non-Injury Crash,No,2024,,North,,0,,Flat,,,,,,Bright sun,391601,0,0,0,1,,,0,,,,,,Auckland Region,Nil,1-way,Sealed,,0,0,,50,,None,0,0,,76,Auckland,Give way,,,,,0,0,Urban,0,,,Fine,None
1760653.1139,5916801.638,801403,,516202,0,,0,2,,Null,2024/2025,ORAKEI ROAD,REMUERA ROAD,,Non-Injury Crash,No,2024,,South,,0,,Hill Road,,Labour Weekend,,,,Bright sun,489600,0,0,0,2,,,0,,,,,,Auckland Region,Nil,2-way,Sealed,,0,0,,50,,Off,0,0,,76,Auckland,Traffic Signals,,,,,0,0,Urban,0,,,Fine,Null
1759445.0597,5913729.8309,801404,,519720,1,,0,0,,Null,2023/2024,MOANA AVENUE,TAWA ROAD,,Minor Crash,No,2024,,South,,0,,Flat,,,,,,Bright sun,592800,1,0,0,1,,,0,,,,,,Auckland Region,Nil,1-way,Sealed,,0,0,,50,,Null,1,0,,76,Auckland,Give way,,,,,0,0,Urban,0,,,Fine,Null
1758608.2874,5917256.0425,801426,,516001,0,,0,1,,South,2023/2024,GREAT SOUTH ROAD,NGAIRE AVENUE,,Serious Crash,No,2024,,South,,0,,Flat,,,,,,Dark,490900,0,0,1,2,,,0,,,,,,Auckland Region,Nil,2-way,Sealed,,0,1,,50,,On,0,0,,76,Auckland,Nil,,,,,0,0,Urban,0,,,Fine,Null
1758735.0079,5911598.8251,801435,45,519820,0,0,0,0,0,North,2024/2025,NEILSON STREET ON RAMP,GLOUCESTER PARK ROAD ON RAMP,,Non-Injury Crash,No,2024,0,South,0,0,0,Flat,1,,0,,0,Bright sun,602402,0,0,1,2,0,0,0,0,0,,0,0,Auckland Region,Motorway ramp,1-way,Sealed,0,0,0,0,50,0,On,0,0,,76,Auckland,Nil,0,0,0,0,0,0,Urban,0,0,0,Fine,Null
1736849.2254,5929075.2682,801442,,505602,0,0,0,1,0,South,2023/2024,TRIGG ROAD,VINTNERS CLOSE,,Minor Crash,No,2024,0,South,0,0,1,Flat,0,,0,,0,Dark,214800,1,0,0,2,0,0,0,0,0,,0,0,Auckland Region,Nil,2-way,Sealed,0,0,0,0,50,0,On,0,0,,76,Auckland,Nil,0,0,0,0,0,0,Urban,0,0,0,Fine,Null
1768160.1946,5912359.9313,801450,,523000,0,,0,1,,Null,2023/2024,GOSSAMER DRIVE,WAIKAREMOANA PLACE,,Minor Crash,No,2024,,North,,0,,Flat,,,,,,Dark,688200,1,0,0,2,,,0,,,1,,,Auckland Region,Nil,2-way,Sealed,,0,0,,50,,On,0,0,,76,Auckland,Give way,,,,,0,0,Urban,0,,,Fine,Null
1756050.9968,5917201.9337,801467,,518201,0,0,0,3,0,East,2024/2025,EWINGTON AVENUE,DOMINION ROAD,,Non-Injury Crash,No,2025,0,East,0,0,0,Flat,0,,0,,0,Overcast,547900,0,0,0,2,0,0,0,0,1,,0,0,Auckland Region,Nil,2-way,Sealed,0,0,0,0,30,0,Off,0,0,,76,Auckland,Nil,0,0,0,0,1,0,Urban,1,0,0,Fine,Null
1751949.2232,5915509.9596,801475,,517902,0,0,0,3,0,North,2024/2025,NEW NORTH ROAD,SOLJAK PLACE,,Minor Crash,No,2025,0,North,0,0,0,Flat,0,Queens Birthday,0,,0,Dark,519702,1,0,0,4,0,0,0,0,2,,0,0,Auckland Region,Nil,2-way,Sealed,0,0,0,0,50,0,On,0,0,30,76,Auckland,Nil,0,0,0,0,0,0,Urban,0,0,0,Fine,Null
1754595.999,5918819.4558,801476,25,515431,0,0,0,1,0,West,2024/2025,GREAT NORTH ROAD,SURREY CRESCENT,,Minor Crash,No,2025,0,North,0,0,1,Hill Road,0,,0,,0,Dark,405800,2,0,0,2,0,0,0,0,0,,0,0,Auckland Region,Nil,2-way,Sealed,0,0,0,0,50,0,On,0,0,,76,Auckland,Nil,0,0,0,0,0,0,Urban,0,0,0,Fine,Null
1754996.4145,5913750.3373,801491,,518803,0,,1,0,,Null,2024/2025,DENBIGH AVENUE,DOMINION ROAD,,Non-Injury Crash,No,2024,,East,,0,,Flat,,,,,,Bright sun,581700,0,0,0,2,,,0,,,,,,Auckland Region,Nil,2-way,Sealed,,0,0,,50,,Off,0,0,,76,Auckland,Give way,,,,,0,0,Urban,1,,,Fine,Null
1767790.3377,5904203.4093,801515,,524602,0,,0,2,,South,2023/2024,GREAT SOUTH ROAD,MANUKAU STATION ROAD,,Non-Injury Crash,No,2024,,North,,0,,Hill Road,,,,,,Overcast,780416,0,0,0,5,,,0,,,,,,Auckland Region,Nil,1-way,Sealed,,0,0,,50,,On,0,0,,76,Auckland,Nil,,,,,0,0,Urban,0,,,Fine,None
1751187.8554,5914839.3912,801516,,514401,0,,0,1,,Null,2024/2025,ST GEORGES ROAD,CHALMERS STREET,,Minor Crash,No,2024,,North,,0,,Flat,,,,,,Dark,382800,1,0,0,2,,,0,,,,,,Auckland Region,Nil,2-way,Sealed,,0,0,,50,,On,0,0,,76,Auckland,Give way,,,,,0,0,Urban,1,,,Fine,Null
1746152.8488,5920295.869,801538,,513301,0,,0,1,,North,2022/2023,NORTH-WESTERN MOTORWAY,HENDERSON CK BR,,Minor Crash,Yes,2023,,East,,0,,Flat,,,,,,Overcast,230200,1,0,1,3,,,0,,,,,,Auckland Region,Nil,1-way,Sealed,,0,0,,100,,Off,0,0,,76,Auckland,Nil,,,,,0,0,Open,0,,,Light rain,Null
1737308.7354,5930085.351,801539,,505602,0,,0,2,,Null,2024/2025,TAPU ROAD,MATUA ROAD,,Non-Injury Crash,No,2024,,South,,0,,Null,,,,,,Dark,215903,0,0,0,2,,,0,,,,,,Auckland Region,Nil,2-way,Sealed,,0,0,,50,,On,0,0,,76,Auckland,Stop,,,,,0,0,Urban,0,,,Light rain,Null
1748780.657,5937038.6716,801547,,506300,0,0,0,1,0,Null,2024/2025,DAIRY FLAT HIGHWAY,POTTER ROAD,,Non-Injury Crash,No,2025,0,North,0,0,0,Hill Road,0,,0,,0,Dark,176004,0,0,0,2,0,0,0,0,0,,0,0,Auckland Region,Nil,2-way,Sealed,0,0,0,0,60,0,On,0,0,,76,Auckland,Give way,0,1,0,0,0,0,Urban,0,0,0,Fine,Null
1763105.2182,5912876.2335,801562,,520402,0,,0,2,,East,2022/2023,SOUTHERN MOTORWAY,SOUTH-EASTERN HWY OFF RAMP,,Non-Injury Crash,Yes,2023,,East,,0,,Flat,,,,,,Overcast,642500,0,0,0,3,,,0,,,,,,Auckland Region,Nil,1-way,Sealed,,0,0,,100,,Off,0,0,,76,Auckland,Nil,,,,,0,0,Open,1,,,Light rain,Null
1770439.8953,5901026.0592,801563,,523816,0,0,0,1,0,East,2024/2025,MAGIC WAY,RUSHBURY PLACE,,Non-Injury Crash,No,2025,0,East,0,0,1,Flat,0,,0,,0,Dark,759727,0,0,0,1,0,1,0,0,0,,0,0,Auckland Region,Nil,1-way,Sealed,0,0,0,0,50,0,On,0,0,,76,Auckland,Nil,0,0,0,0,0,0,Urban,0,0,0,Fine,Null
1753657.8694,5918300.0021,801578,,515003,0,0,0,1,0,East,2023/2024,NORTH-WESTERN MOTORWAY,ST LUKES ROAD ON RAMP,,Minor Crash,Yes,2023,0,West,0,0,0,Flat,1,,0,,0,Dark,390502,2,0,0,3,0,0,0,0,0,,0,0,Auckland Region,Nil,1-way,Sealed,0,0,0,0,100,0,On,1,0,,76,Auckland,Nil,0,0,0,0,0,0,Open,0,0,0,Light rain,Null
1742219.4453,5926740.5393,801579,,513410,0,0,0,0,0,North,2024/2025,SH 16,KENNEDYS ROAD,,Minor Crash,Yes,2025,0,East,0,0,0,Hill Road,0,,0,,0,Dark,220000,2,0,0,2,0,0,0,0,0,,0,1,Auckland Region,Nil,2-way,Sealed,0,0,0,0,80,0,On,0,0,,76,Auckland,Nil,0,0,0,0,0,0,Open,1,0,0,Fine,Null
1747095.5482,5919743.8964,801587,,512402,0,,0,1,,East,2024/2025,NORTH-WESTERN MOTORWAY,TE ATATU ROAD ON RAMP,,Minor Crash,Yes,2025,,West,,0,,Flat,,,,,,Overcast,253600,1,0,1,3,,,0,,,,,,Auckland Region,Nil,1-way,Sealed,,0,0,,100,,Off,0,0,,76,Auckland,Nil,,,,,0,0,Open,0,,,Fine,Null
1750076.4891,5913828.2146,801602,,511303,0,,0,1,,Null,2023/2024,CLARK STREET,MEMORIAL DRIVE,,Minor Crash,No,2024,,West,,0,,Flat,,,,,,Bright sun,265100,1,0,0,2,,,0,,,1,,,Auckland Region,Nil,2-way,Sealed,,0,0,,50,,Off,0,0,,76,Auckland,Traffic Signals,,,,,0,0,Urban,0,,,Fine,Null
1756932.7802,5920811.3719,801603,,514101,0,,0,2,,Null,2024/2025,FANSHAWE STREET,CUSTOMS STREET WEST,,Non-Injury Crash,No,2024,,East,,0,,Flat,,,,,,Overcast,433005,0,0,0,4,,,0,,,,,,Auckland Region,Nil,1-way,Sealed,,0,0,,40,,Off,0,0,,76,Auckland,Give way,,,,,0,0,Urban,0,,,Fine,Null
1758625.0612,5917531.3474,801604,,516001,0,,0,2,,South,2023/2024,SOUTHERN MOTORWAY,ST MARKS OBR,,Non-Injury Crash,Yes,2024,,North,,0,,Flat,,,,,,Twilight,491000,0,0,0,3,,,0,,,,,,Auckland Region,Overpass,1-way,Sealed,,0,0,,80,,Off,0,0,,76,Auckland,Nil,,,,,0,0,Open,0,,,Fine,None
1746937.6221,5939515.6799,801610,,506300,0,,0,2,,Null,2024/2025,DAIRY FLAT HIGHWAY,GREEN ROAD,,Serious Crash,No,2024,,East,,0,,Hill Road,,,,,,Bright sun,175904,0,0,0,2,,,0,,,,,,Auckland Region,Nil,2-way,Sealed,,0,1,,80,,Off,0,0,,76,Auckland,Give way,,,,,0,0,Open,0,,,Fine,Null
1783622.5626,5924520.8049,801626,,520801,0,0,0,1,0,North,2022/2023,O'BRIEN ROAD,MARGARET REEVE LANE,,Non-Injury Crash,No,2023,0,East,0,0,0,Hill Road,0,,0,,0,Dark,515603,0,0,0,2,0,0,0,1,0,,0,0,Auckland Region,Nil,2-way,Sealed,0,0,0,0,50,0,None,0,0,,76,Auckland,Nil,0,0,0,1,0,0,Urban,0,0,0,Heavy rain,Null
1774834.9999,5887633.9961,801644,,521302,0,,0,0,,South,2024/2025,SOUTHERN MOTORWAY,RAMARAMA OFF RAMP,,Non-Injury Crash,Yes,2024,,South,,0,,Null,,,,,,Bright sun,809104,0,0,0,2,,,0,,,,,,Auckland Region,Nil,1-way,Sealed,,0,0,,100,,Null,2,0,,76,Auckland,Nil,,,,,0,0,Open,0,,,Fine,Null