X,Y,OBJECTID,advisorySpeed,areaUnitID,bicycle,bridge,bus,carStationWagon,cliffBank,crashDirectionDescription,crashFinancialYear,crashLocation1,crashLocation2,crashRoadSideRoad,crashSeverity,crashSHDescription,crashYear,debris,directionRoleDescription,ditch,fatalCount,fence,flatHill,guardRail,holiday,houseOrBuilding,intersection,kerb,light,meshblockId,minorInjuryCount,moped,motorcycle,NumberOfLanes,objectThrownOrDropped,otherObject,otherVehicleType,overBank,parkedVehicle,pedestrian,phoneBoxEtc,postOrPole,region,roadCharacter,roadLane,roadSurface,roadworks,schoolBus,seriousInjuryCount,slipOrFlood,speedLimit,strayAnimal,streetLight,suv,taxi,temporarySpeedLimit,tlaId,tlaName,trafficControl,trafficIsland,trafficSign,train,tree,truck,unknownVehicleType,urban,vanOrUtility,vehicle,waterRiver,weatherA,weatherB
1763516.8596,5908663.4329,801650,,521901,0,,0,2,,Null,2022/2023,MANGERE ROAD,MIDDLEMORE ROAD,,Non-Injury Crash,No,2023,,South,,0,,Flat,,,,,,Overcast,783700,0,0,0,5,,,0,,,,,,Auckland Region,Nil,2-way,Sealed,,0,0,,50,,Off,0,0,,76,Auckland,Traffic Signals,,,,,0,0,Urban,0,,,Fine,Null
1765906.5506,5898099.85,801651,,524812,0,0,0,1,0,North,2025/2026,EVANS ROAD,GREERS ROAD,,Non-Injury Crash,No,2025,0,East,0,0,0,Null,0,,0,,0,Unknown,773100,0,0,0,2,0,0,0,0,1,,0,0,Auckland Region,Nil,2-way,Null,0,0,0,0,30,0,Null,0,0,,76,Auckland,Nil,0,0,0,0,0,0,Urban,1,0,0,Null,Null
1752607.5308,5934762.9549,801666,,508701,0,,0,2,,Null,2022/2023,OTEHA VALLEY ROAD,MUNROE LANE,,Non-Injury Crash,No,2023,,South,,0,,Flat,,,,,,Overcast,179000,0,0,0,4,,,0,,,,,,Auckland Region,Nil,2-way,Sealed,,0,0,,50,,Off,0,0,,76,Auckland,Give way,,,,,0,0,Urban,0,,,Fine,Null
1744737.0399,5914568.9447,801667,,512903,0,0,0,1,0,North,2024/2025,LEGACY DRIVE,PARRS CROSS ROAD,,Non-Injury Crash,No,2025,0,South,0,0,1,Flat,0,,0,,0,Dark,278006,0,0,0,2,0,0,0,0,0,,0,0,Auckland Region,Nil,2-way,Sealed,0,0,0,0,50,0,On,0,0,,76,Auckland,Nil,0,0,0,0,0,0,Urban,0,0,0,Light rain,Null
1772917.18,5895841.7802,801676,,525410,0,,0,2,,Null,2023/2024,OPAHEKE ROAD,CHAPEL STREET,,Non-Injury Crash,No,2024,,South,,0,,Flat,,,,,,Overcast,793200,0,0,0,2,,,0,,,,,,Auckland Region,Nil,2-way,Sealed,,0,0,,50,,Off,0,0,,76,Auckland,Stop,,,,,0,0,Urban,0,,,Fine,Null
1765914.0871,5905611.1129,801684,,522400,0,,0,1,,Null,2024/2025,VICTORIA ROAD,CARRUTH ROAD,,Non-Injury Crash,No,2024,,North,,0,,Null,,,,,,Unknown,671801,0,0,0,0,,,0,,,,,,Auckland Region,Nil,Null,Sealed,,0,0,,,,Null,0,0,,76,Auckland,Stop,,,,,0,1,Urban,0,,,Fine,Null
1748766.8853,5945466.3998,801706,,505806,0,,0,3,,Null,2022/2023,SILVERDALE OFF RAMP,HIBISCUS COAST HIGHWAY,,Non-Injury Crash,No,2023,,South,,0,,Hill Road,,,,,,Bright sun,176604,0,0,0,2,,,0,,,,,,Auckland Region,Motorway ramp,1-way,Sealed,,0,0,,70,,Off,0,0,,76,Auckland,Give way,,,,,0,0,Urban,0,,,Fine,Null
1752705.5322,5935429.6609,801715,,508701,0,,0,2,,Null,2024/2025,OTEHA VALLEY ROAD ON RAMP,NORTHERN MOTORWAY,,Non-Injury Crash,No,2025,,North,,0,,Hill Road,,,,,,Bright sun,178501,0,0,0,2,,,0,,,,,,Auckland Region,Motorway ramp,1-way,Sealed,,0,0,,100,,Off,0,0,,76,Auckland,Nil,,,,,0,0,Open,0,,,Fine,Null
1772609.8203,5896296.333,801723,,525410,0,,0,1,,South,2024/2025,EAST STREET,ELLIOT STREET,,Non-Injury Crash,No,2025,,North,,0,,Null,,,,,,Unknown,791900,0,0,0,3,,,0,,,,,,Auckland Region,Nil,2-way,Null,,0,0,,50,,Null,1,0,,76,Auckland,Nil,,,,,0,0,Urban,0,,,Null,Null
1766877.2074,5903860.074,801730,,524604,0,,0,1,,Null,2023/2024,LAMBIE DRIVE,LAMBIE DRIVE OFF RAMP,,Minor Crash,No,2023,,South,,0,,Flat,,,,,,Bright sun,780210,1,0,0,3,,,0,,,,,,Auckland Region,Motorway ramp,1-way,Sealed,,0,0,,60,,Off,1,0,,76,Auckland,Traffic Signals,,,,,0,0,Urban,0,,,Fine,Null
1746005.7118,5945054.3148,801732,,506614,0,0,0,0,0,East,2024/2025,PINE VALLEY ROAD,POYNTER LANE,,Minor Crash,No,2025,0,West,1,0,0,Flat,0,,0,,0,Bright sun,177405,2,0,0,2,0,0,0,0,0,,0,0,Auckland Region,Nil,2-way,Sealed,0,0,0,0,80,0,None,1,0,,76,Auckland,Nil,0,0,0,0,0,0,Open,0,0,0,Fine,Null
1743663.9581,5919374.4308,801754,,513212,0,,0,1,,Null,2023/2024,SWANSON ROAD,SWANSON ROAD,,Minor Crash,No,2023,,North,,0,,Flat,,,,,,Dark,235711,1,0,0,2,,,0,,,,,,Auckland Region,Nil,1-way,Sealed,,0,0,,50,,On,0,0,,76,Auckland,Give way,,,,,0,0,Urban,1,,,Fine,Null
1745082.8016,5917951.8134,801762,,510700,0,,0,2,,Null,2023/2024,LINCOLN ROAD,SEL PEACOCK DRIVE,,Non-Injury Crash,No,2023,,South,,0,,Flat,,,,,,Overcast,240200,0,0,0,4,,,0,,,,,,Auckland Region,Nil,2-way,Sealed,,0,0,,50,,Off,0,0,,76,Auckland,Traffic Signals,,,,,0,0,Urban,0,,,Light rain,Null
1759539.3291,5920512.9879,801770,,515902,0,,0,2,,East,2022/2023,TAMAKI DRIVE,SOLENT STREET,,Non-Injury Crash,No,2023,,West,,0,,Flat,,,,,,Bright sun,454800,0,0,0,4,,,0,,,,,,Auckland Region,Nil,2-way,Sealed,,0,0,,50,,Off,0,0,,76,Auckland,Nil,,,,,0,0,Urban,0,,,Fine,Null
1771006.5275,5898290.7711,801772,,523912,0,,0,2,,North,2023/2024,GREAT SOUTH ROAD,BEACH ROAD,,Non-Injury Crash,No,2024,,North,,0,,Flat,,,,,,Overcast,767705,0,0,0,2,,,0,,,,,,Auckland Region,Nil,2-way,Sealed,,0,0,,50,,Off,0,0,,76,Auckland,Nil,,,,,0,0,Urban,0,,,Light rain,Null
1753591.7643,5917400.2645,801780,,517600,0,,0,2,,North,2024/2025,ASQUITH AVENUE,ROSSGROVE TERRACE,,Non-Injury Crash,No,2025,,South,,0,,Flat,,,,,,Overcast,534100,0,0,0,2,,,0,,,,,,Auckland Region,Rail xing,2-way,Sealed,,0,0,,50,,Off,0,0,,76,Auckland,Nil,,,,,0,0,Urban,0,,,Fine,Null
1757348.0691,5976821.9483,801786,,506661,0,0,0,1,0,Null,2023/2024,OMAHA FLATS ROAD,JONES ROAD,,Minor Crash,No,2023,0,East,1,0,1,Flat,0,,0,,0,Dark,138500,1,0,0,2,0,1,0,0,0,,0,0,Auckland Region,Nil,2-way,Sealed,0,0,0,0,80,0,Off,0,0,,76,Auckland,Stop,0,0,0,0,0,0,Open,0,0,0,Fine,Null
1768541.6139,5901238.5056,801788,,525001,0,,0,1,,Null,2024/2025,NORTHCREST WAY,GREAT SOUTH ROAD,,Non-Injury Crash,No,2024,,North,,0,,Flat,,,,,,Unknown,751500,0,0,0,2,,,0,,,,,,Auckland Region,Nil,2-way,Sealed,,0,0,,50,,On,1,0,,76,Auckland,Nil,,,,,0,0,Urban,0,,,Null,None
1741186.4014,5976110.8457,801803,65,506660,0,0,0,1,0,South,2023/2024,SH 1,PICNIC AREA,,Non-Injury Crash,Yes,2024,0,South,0,0,0,Flat,1,,0,,0,Bright sun,136700,0,0,0,1,0,0,0,0,0,,0,0,Auckland Region,Nil,1-way,Sealed,0,0,0,0,80,0,Off,0,0,,76,Auckland,Nil,0,0,0,0,0,0,Open,0,0,0,Fine,Null
1758140.8078,5927033.9817,801804,,508010,0,,0,2,,Null,2025/2026,LAKE ROAD,THE STRAND,,Minor Crash,No,2025,,North,,0,,Flat,,,,,,Overcast,324300,1,0,0,3,,,0,,,,,,Auckland Region,Nil,2-way,Sealed,,0,0,,50,,Off,0,0,,76,Auckland,Traffic Signals,,,,,0,0,Urban,0,,,Heavy rain,Null
1757794.3941,5917405.3276,801819,,515700,0,,0,1,,Null,2024/2025,MOUNTAIN ROAD,ALBURY AVENUE,,Minor Crash,No,2024,,North,,0,,Hill Road,,,,,,Overcast,444200,1,0,0,2,,,0,,,2,,,Auckland Region,Nil,2-way,Sealed,,0,0,,50,,Off,0,0,,76,Auckland,Stop,,,,,0,0,Urban,0,,,Fine,Null
1752467.8847,5917406.4415,801828,,515003,0,,1,0,,Null,2024/2025,FONTENOY STREET,CARRINGTON ROAD,,Serious Crash,No,2024,,West,,0,,Flat,,,,,,Overcast,391200,0,0,1,2,,,0,,,,,,Auckland Region,Nil,2-way,Sealed,,0,1,,50,,Off,0,0,,76,Auckland,Give way,,,,,0,0,Urban,0,,,Fine,Null
1751580.1427,5917938.6269,801834,,515001,0,0,0,1,0,East,2023/2024,NORTH-WESTERN MOTORWAY,GREAT NORTH ROAD ON RAMP,,Minor Crash,Yes,2023,0,West,0,0,0,Flat,1,,0,,0,Dark,392200,1,0,0,2,0,0,0,0,0,,0,0,Auckland Region,Nil,1-way,Sealed,0,0,0,0,100,0,On,1,0,,76,Auckland,Nil,0,0,0,0,0,0,Open,0,0,0,Heavy rain,Null
1722588.4679,5945248.3993,801835,,506642,0,0,0,1,0,West,2025/2026,SOUTH HEAD ROAD,TARAWERA ROAD,,Non-Injury Crash,No,2025,0,North,0,0,0,Hill Road,0,,0,,0,Dark,210400,0,0,0,2,0,0,0,0,0,,0,0,Auckland Region,Nil,2-way,Sealed,0,0,0,0,80,1,None,0,0,,76,Auckland,Nil,0,0,0,0,0,0,Open,0,0,0,Light rain,Null
1755236.5022,5924722.3166,801841,,509800,0,0,0,1,0,Null,2023/2024,ONEWA ROAD,WOODSIDE AVENUE,,Minor Crash,No,2023,0,West,0,0,0,Hill Road,0,,0,,0,Overcast,361600,2,0,0,4,0,0,0,0,0,,0,1,Auckland Region,Nil,2-way,Sealed,0,0,0,0,50,0,Off,0,0,,76,Auckland,Nil,0,0,0,0,0,0,Urban,0,0,0,Light rain,Null
1768231.4716,5905269.3526,801847,,523722,0,,0,2,,West,2022/2023,TE IRIRANGI DRIVE,SHALIMAR PLACE,,Non-Injury Crash,No,2023,,East,,0,,Hill Road,,,,,,Twilight,715704,0,0,0,5,,,0,,,,,,Auckland Region,Nil,2-way,Sealed,,0,0,,50,,On,0,0,,76,Auckland,Nil,,,,,0,0,Urban,0,,,Light rain,Null
1759656.8187,5915973.0371,801849,,519200,0,,0,2,,Null,2025/2026,GREAT SOUTH ROAD,MAPAU ROAD,,Non-Injury Crash,No,2025,,South,,0,,Flat,,,,,,Bright sun,616000,0,0,0,4,,,0,,,,,,Auckland Region,Nil,2-way,Sealed,,0,0,,50,,Off,0,0,,76,Auckland,Stop,,,,,0,0,Urban,0,,,Fine,Null
1765840.9498,5907162.0549,801863,,522301,0,0,0,2,0,South,2022/2023,EAST TAMAKI ROAD,WINTERE ROAD,,Non-Injury Crash,No,2023,0,West,0,0,0,Flat,0,,0,,0,Dark,666400,0,0,0,4,0,0,0,0,1,,0,0,Auckland Region,Nil,2-way,Sealed,0,0,0,0,50,0,On,0,0,,76,Auckland,Nil,0,0,0,0,0,0,Urban,0,0,0,Light rain,Null
1755847.1076,5916695.7333,801864,,518201,0,0,0,1,0,Null,2025/2026,DOMINION ROAD,ST ALBANS AVENUE,,Non-Injury Crash,No,2025,0,South,0,0,0,Flat,0,,0,,0,Dark,549300,0,0,0,2,0,0,0,0,0,,0,0,Auckland Region,Nil,2-way,Sealed,0,0,0,0,50,0,On,0,0,,76,Auckland,Stop,0,0,0,0,0,1,Urban,0,1,0,Fine,Null
1754243.3587,5913932.2167,801873,,518802,0,,0,3,,East,2024/2025,SOUTH-WESTERN MOTORWAY,MAIORO STREET ON RAMP,,Non-Injury Crash,Yes,2025,,South,,0,,Flat,,,,,,Dark,579200,0,0,0,3,,,0,,,,,,Auckland Region,Nil,1-way,Sealed,,0,0,,100,,On,0,0,,76,Auckland,Nil,,,,,0,0,Open,0,,,Heavy rain,Null
1765057.81,5910325.7318,801894,,521803,0,,0,2,,North,2022/2023,SOUTHERN MOTORWAY,PRINCES OBR,,Non-Injury Crash,Yes,2023,,South,,0,,Flat,,,,,,Overcast,790000,0,0,0,3,,,0,,,,,,Auckland Region,Nil,1-way,Sealed,,0,0,,100,,Off,0,0,,76,Auckland,Nil,,,,,0,0,Open,0,,,Light rain,Null
1752584.2954,5935641.3124,801895,,508701,0,0,0,1,0,North,2025/2026,NORTHERN MOTORWAY,OTEHA VALLEY ROAD ON RAMP,,Non-Injury Crash,Yes,2025,0,North,0,0,0,Hill Road,1,,0,,0,Twilight,178501,0,0,0,3,0,0,0,0,0,,0,0,Auckland Region,Nil,1-way,Sealed,0,0,0,0,100,0,On,0,0,,76,Auckland,Nil,0,0,0,0,0,0,Open,0,0,0,Light rain,Null
1756664.9525,5919917.5004,801911,,514102,0,,0,2,,Null,2025/2026,UNION STREET,NELSON STREET,,Non-Injury Crash,No,2025,,East,,0,,Flat,,,,,,Twilight,434402,0,0,0,4,,,0,,,,,,Auckland Region,Nil,2-way,Sealed,,0,0,,50,,On,0,0,,76,Auckland,Traffic Signals,,,,,0,0,Urban,0,,,Fine,Null
1761932.3212,5906357.5239,801918,,524200,0,,0,2,,West,2025/2026,MASSEY ROAD OFF RAMP,SOUTH-WESTERN MOTORWAY,,Non-Injury Crash,No,2025,,West,,0,,Hill Road,,,,,,Twilight,728700,0,0,0,1,,,0,,,,,,Auckland Region,Motorway ramp,1-way,Sealed,,0,0,,100,,On,0,0,,76,Auckland,Nil,,,,,0,0,Open,0,,,Fine,Null
1768143.8462,5905235.7584,801941,,523722,0,0,0,1,0,Null,2023/2024,TE IRIRANGI DRIVE,SANDRINE AVENUE,,Non-Injury Crash,No,2024,0,East,0,0,1,Flat,0,,0,,0,Overcast,715701,0,0,0,2,0,0,0,0,0,,0,0,Auckland Region,Nil,1-way,Sealed,0,0,0,0,60,0,Off,0,0,,76,Auckland,Give way,0,0,0,0,0,0,Urban,0,0,0,Fine,Null
1758116.7861,5917530.0745,801942,,515700,0,,0,1,,East,2025/2026,ALPERS AVENUE,GILLIES AVENUE,,Non-Injury Crash,No,2025,,West,,0,,Flat,,,,,,Twilight,443401,0,0,0,3,,,0,,,,,,Auckland Region,Nil,1-way,Sealed,,0,0,,50,,Off,2,0,,76,Auckland,Nil,,,,,0,0,Urban,0,,,Fine,Null
1751976.8687,5935811.8644,801949,35,506300,0,0,0,1,0,East,2023/2024,LONELY TRACK ROAD,GILLS ROAD,,Non-Injury Crash,No,2024,0,West,1,0,1,Hill Road,0,,0,,0,Dark,176101,0,0,0,2,0,0,0,0,0,,0,0,Auckland Region,Nil,2-way,Sealed,0,0,0,0,50,0,None,0,0,,76,Auckland,Nil,0,0,0,0,0,0,Urban,0,0,0,Fine,Null
1758390.2398,5917541.9067,801957,,516001,1,,0,0,,North,2023/2024,BROADWAY,ALPERS AVENUE,,Minor Crash,No,2024,,North,,0,,Flat,,,,,,Overcast,490800,1,0,0,4,,,0,,,,,,Auckland Region,Nil,2-way,Sealed,,0,0,,30,,Null,0,0,,76,Auckland,Nil,,,,,0,0,Urban,0,,,Fine,Null
1763541.6745,5909057.5665,801958,,521901,0,,0,2,,Null,2025/2026,WALMSLEY ROAD,NIKAU ROAD,,Non-Injury Crash,No,2025,,South,,0,,Flat,,,,,,Overcast,783500,0,0,0,4,,,0,,,,,,Auckland Region,Nil,2-way,Sealed,,0,0,,50,,Off,0,0,,76,Auckland,Stop,,,,,0,0,Urban,0,,,Fine,Null
1755228.1752,5914239.7521,801973,,518803,0,,0,2,,North,2022/2023,MOUNT ALBERT ROAD,WINSTONE ROAD,,Non-Injury Crash,No,2023,,South,,0,,Flat,,,,,,Bright sun,580700,0,0,0,4,,,0,,,,,,Auckland Region,Nil,2-way,Sealed,,0,0,,50,,Off,0,0,,76,Auckland,Nil,,,,,0,0,Urban,0,,,Fine,Null
1769874.9724,5899517.6209,801974,,523920,0,,0,2,,North,2025/2026,SOUTHERN MOTORWAY,GT SOUTH OBR,,Minor Crash,Yes,2025,,North,,0,,Flat,,,,,,Overcast,767921,1,0,0,3,,,0,,,,,,Auckland Region,Bridge,1-way,Sealed,,0,0,,100,,Off,0,0,,76,Auckland,Nil,,,,,0,0,Open,2,,,Light rain,Null
1750018.1269,5940645.5647,801981,,506300,0,,0,0,,North,2024/2025,NORTHERN MOTORWAY,BAWDEN OBR,,Minor Crash,Yes,2025,,North,,0,,Flat,,,,,,Bright sun,175906,1,0,0,2,,,0,,,,,,Auckland Region,Nil,1-way,Sealed,,0,0,,100,,Off,0,0,,76,Auckland,Nil,,,,,0,0,Open,1,,,Fine,Null
1755438.2466,5928970.3278,801990,,508320,0,,0,0,,East,2025/2026,TRISTRAM AVENUE,WAIRAU ROAD,,Non-Injury Crash,No,2025,,West,,0,,Null,,,,,,Unknown,198500,0,0,0,4,,,0,,,,,,Auckland Region,Nil,1-way,Sealed,,0,0,,50,,Null,0,0,,76,Auckland,Nil,,,,,1,0,Urban,1,,,Null,Null
1771292.7303,5895878.4395,801997,,525540,0,,0,2,,South,2024/2025,SOUTHERN MOTORWAY,PAPAKURA OFF RAMP,,Non-Injury Crash,Yes,2025,,South,,0,,Flat,,,,,,Bright sun,806208,0,0,0,2,,,0,,,,,,Auckland Region,Nil,1-way,Sealed,,0,0,,100,,Off,1,0,,76,Auckland,Nil,,,,,0,0,Open,0,,,Fine,Null
1752225.2772,5937541.0132,801998,,506300,0,,0,2,,South,2025/2026,NORTHERN MOTORWAY,WRIGHT OBR,,Non-Injury Crash,Yes,2025,,South,,0,,Hill Road,,,,,,Overcast,176105,0,0,0,2,,,0,,,,,,Auckland Region,Nil,1-way,Sealed,,0,0,,100,,None,0,0,,76,Auckland,Nil,,,,,0,0,Open,0,,,Light rain,Null
1769941.6086,5909851.3826,802005,,523109,0,,0,2,,Null,2024/2025,SMALES ROAD,TE IRIRANGI DRIVE,,Non-Injury Crash,No,2025,,East,,0,,Flat,,,,,,Overcast,711737,0,0,0,2,,,0,,,,,,Auckland Region,Nil,2-way,Sealed,,0,0,,60,,Off,0,0,,76,Auckland,Traffic Signals,,,,,0,0,Urban,0,,,Fine,Null
1757200.1992,5919064.9842,802014,,514301,0,,0,1,,Null,2025/2026,SOUTHERN MOTORWAY,SYMONDS STREET ON RAMP,,Non-Injury Crash,Yes,2025,,South,,0,,Flat,,,,,,Overcast,441200,0,0,0,4,,,0,,,,,,Auckland Region,Motorway ramp,1-way,Sealed,,0,0,,80,,Off,0,0,,76,Auckland,Nil,,,,,1,0,Open,0,,,Heavy rain,Null
1744141.6239,5927013.8506,802020,,513410,0,0,0,3,0,East,2022/2023,MARAMARA ROAD,NILS ANDERSEN ROAD,,Non-Injury Crash,No,2023,0,West,0,0,0,Flat,0,,0,,0,Dark,221600,0,0,0,2,0,0,0,0,1,,0,0,Auckland Region,Nil,2-way,Sealed,0,0,0,0,50,0,On,0,0,,76,Auckland,Nil,0,0,0,0,0,0,Urban,0,1,0,Light rain,Null
1750492.2375,5913737.3253,802021,,511303,0,,0,2,,Null,2025/2026,CLARK STREET,PORTAGE ROAD,,Non-Injury Crash,No,2025,,East,,0,,Flat,,,,,,Dark,265100,0,0,0,2,,,0,,,,,,Auckland Region,Nil,2-way,Sealed,,0,0,,50,,Off,0,0,,76,Auckland,Traffic Signals,,,,,0,0,Urban,0,,,Fine,Null
1771807.0289,5897921.9768,802022,,523912,0,,0,2,,East,2025/2026,WALTERS ROAD,RAIL XING,,Non-Injury Crash,No,2025,,East,,0,,Flat,,,,,,Bright sun,766301,0,0,0,2,,,0,,,,,,Auckland Region,Nil,2-way,Sealed,,0,0,,50,,None,0,0,,76,Auckland,Nil,,,,,0,0,Urban,0,,,Fine,Null
1765321.8317,5908857.2874,802036,,523403,0,0,0,1,0,North,2023/2024,WYMONDLEY ROAD,STERLING STREET,,Serious Crash,No,2023,0,North,0,0,0,Flat,0,,0,,0,Bright sun,700200,0,0,0,2,0,0,0,0,1,,0,0,Auckland Region,Nil,2-way,Sealed,0,0,1,0,50,0,Off,0,0,,76,Auckland,Nil,0,0,0,0,0,1,Urban,0,0,0,Fine,Null
1744832.5435,5919804.4306,802044,,513301,0,,0,2,,East,2023/2024,UNIVERSAL DRIVE,SIR WILLIAM AVENUE,,Minor Crash,No,2023,,West,,0,,Hill Road,,,,,,Dark,234403,1,0,0,2,,,0,,,,,,Auckland Region,Nil,2-way,Sealed,,0,0,,50,,On,0,0,,76,Auckland,Nil,,,,,0,0,Urban,1,,,Fine,Null
1775916.9838,5882164.0021,802100,,521160,0,0,0,2,0,South,2022/2023,SOUTHERN MOTORWAY,BOMBAY OFF RAMP,,Non-Injury Crash,Yes,2023,0,South,0,0,0,Hill Road,0,,0,,0,Bright sun,827604,0,0,0,3,0,0,0,0,0,,0,0,Auckland Region,Motorway ramp,1-way,Sealed,0,0,0,0,100,0,Off,0,0,,76,Auckland,Nil,1,0,0,1,0,0,Open,0,0,0,Fine,Null
1756827.4339,5918832.3948,802101,,515600,0,,0,2,,Null,2024/2025,NEWTON ROAD,EXMOUTH STREET,,Non-Injury Crash,No,2025,,West,,0,,Hill Road,,,,,,Overcast,420500,0,0,0,4,,,0,,,,,,Auckland Region,Nil,2-way,Sealed,,0,0,,50,,On,0,0,30,76,Auckland,Give way,,,,,0,0,Urban,0,,,Fine,Null
1769305.8339,5901230.6745,802109,,524901,0,,0,2,,Null,2025/2026,CLAUDE ROAD,ARTHUR ROAD,,Non-Injury Crash,No,2025,,West,,0,,Hill Road,,,,,,Bright sun,757500,0,0,0,2,,,0,,,,,,Auckland Region,Nil,2-way,Sealed,,0,0,,50,,Off,0,0,,76,Auckland,Give way,,,,,0,0,Urban,0,,,Fine,Null
1770342.1226,5911329.2997,802118,,523106,0,,0,2,,Null,2025/2026,BOTANY ROAD,TI RAKAU DRIVE,,Minor Crash,No,2025,,South,,0,,Flat,,Labour Weekend,,,,Bright sun,711174,1,0,0,4,,,0,,,,,,Auckland Region,Nil,1-way,Sealed,,0,0,,50,,Off,0,0,,76,Auckland,Traffic Signals,,,,,0,0,Urban,0,,,Fine,Null
1756914.2607,5926345.1734,802140,,507900,0,,0,0,,North,2022/2023,NORTHERN MOTORWAY,ESMONDE ROAD OFF RAMP,,Non-Injury Crash,Yes,2023,,South,,0,,Flat,,,,,,Overcast,304000,0,0,0,3,,,0,,,,,,Auckland Region,Nil,1-way,Sealed,,0,0,,100,,Off,1,0,,76,Auckland,Nil,,,,,1,0,Open,1,,,Fine,Null
1764927.8893,5905911.7384,802188,,522201,0,0,0,1,0,East,2023/2024,DUNNOTAR ROAD,RANGITOTO ROAD,,Minor Crash,No,2023,0,East,0,0,0,Flat,0,,0,,0,Dark,663000,1,0,0,2,0,0,0,0,0,,0,0,Auckland Region,Nil,2-way,Sealed,0,0,0,0,50,0,On,0,0,,76,Auckland,Nil,0,0,0,1,0,0,Urban,0,0,0,Fine,Null
1767487.8477,5904621.9275,802203,,524604,0,,0,2,,Null,2022/2023,RONWOOD AVENUE,LEYTON WAY,,Non-Injury Crash,No,2023,,North,,0,,Flat,,,,,,Bright sun,780209,0,0,0,4,,,0,,,,,,Auckland Region,Nil,2-way,Sealed,,0,0,,50,,Off,0,0,,76,Auckland,Give way,,,,,0,0,Urban,0,,,Fine,Null
1756326.7853,5931026.3784,802212,,507500,0,,0,2,,South,2025/2026,EAST COAST ROAD,WILLIAM SOUTER STREET,,Non-Injury Crash,No,2025,,South,,0,,Hill Road,,,,,,Overcast,148701,0,0,0,2,,,0,,,,,,Auckland Region,Nil,2-way,Sealed,,0,0,,50,,Off,0,0,,76,Auckland,Nil,,,,,0,0,Urban,0,,,Fine,Null
1753680.4522,5926926.902,802218,,508220,0,,0,1,,Null,2022/2023,GLENFIELD ROAD,PARK ROAD,,Non-Injury Crash,No,2023,,South,,0,,Hill Road,,,,,,Twilight,187700,0,0,0,2,,,0,,,,,,Auckland Region,Nil,2-way,Sealed,,0,0,,50,,Off,0,0,,76,Auckland,Give way,,,,,0,0,Urban,1,,,Fine,Null
1755415.9512,5934918.3733,802233,,507102,0,0,0,1,0,South,2022/2023,ARRAN ROAD,NIGEL ROAD,,Non-Injury Crash,No,2023,0,South,0,0,0,Hill Road,0,,0,,0,Dark,158400,0,0,0,2,0,0,0,0,1,,0,0,Auckland Region,Nil,2-way,Sealed,0,0,0,0,50,0,On,1,0,,76,Auckland,Nil,0,0,0,0,0,0,Urban,0,0,0,Fine,Null
1771807.4877,5895948.1751,802241,,525540,1,,0,0,,South,2023/2024,ELLIOT STREET,MOSSFORD GREEN,,Serious Crash,No,2023,,West,,0,,Hill Road,,,,,,Overcast,806301,0,0,0,2,,,0,,,1,,,Auckland Region,Nil,2-way,Sealed,,0,1,,50,,Null,0,0,,76,Auckland,Nil,,,,,0,0,Urban,0,,,Fine,Null
1768305.2845,5900749.1292,802242,,525001,0,,0,0,,North,2024/2025,RUSSELL ROAD,LUPTON ROAD,,Non-Injury Crash,No,2024,,North,,0,,Flat,,,,,,Overcast,752400,0,0,0,2,,,0,,,,,,Auckland Region,Nil,2-way,Sealed,,0,0,,50,,Null,2,0,,76,Auckland,Nil,,,,,0,0,Urban,0,,,Fine,None
1758250.3165,5917112.9253,802274,,515700,0,,0,2,,West,2025/2026,OWENS ROAD,MANUKAU ROAD,,Non-Injury Crash,No,2025,,East,,0,,Flat,,,,,,Bright sun,457800,0,0,0,2,,,0,,,,,,Auckland Region,Nil,1-way,Sealed,,0,0,,50,,Off,0,0,,76,Auckland,Nil,,,,,0,0,Urban,0,,,Fine,Null
1772950.8234,5891433.8563,802282,,521301,0,,0,1,,East,2024/2025,GREAT SOUTH ROAD,KARAKA OBR,,Non-Injury Crash,Yes,2025,,East,,0,,Flat,,,,,,Bright sun,808701,0,0,0,2,,,0,,,,,,Auckland Region,Nil,1-way,Sealed,,0,0,,60,,Off,0,0,,76,Auckland,Nil,,,,,1,0,Urban,0,,,Fine,Null
1768588.4849,5900703.7055,802299,,525002,0,,0,1,,Null,2025/2026,WEYMOUTH ROAD,ROGERS ROAD,,Non-Injury Crash,No,2025,,West,,0,,Flat,,,,,,Bright sun,752900,0,0,0,2,,,0,,,,,,Auckland Region,Nil,2-way,Sealed,,0,0,,50,,Null,1,0,,76,Auckland,Give way,,,,,0,0,Urban,0,,,Fine,Null
1767277.4513,5906446.824,802306,,522302,0,0,0,2,0,North,2025/2026,SOUTHERN MOTORWAY,REAGAN OBR,,Minor Crash,Yes,2025,1,North,0,0,0,Flat,1,,0,,0,Dark,670200,2,0,0,3,0,0,0,0,0,,0,0,Auckland Region,Nil,1-way,Sealed,0,0,0,0,100,0,On,0,0,,76,Auckland,Nil,0,0,0,1,0,0,Open,0,0,0,Fine,Null