X,Y,OBJECTID,advisorySpeed,areaUnitID,bicycle,bridge,bus,carStationWagon,cliffBank,crashDirectionDescription,crashFinancialYear,crashLocation1,crashLocation2,crashRoadSideRoad,crashSeverity,crashSHDescription,crashYear,debris,directionRoleDescription,ditch,fatalCount,fence,flatHill,guardRail,holiday,houseOrBuilding,intersection,kerb,light,meshblockId,minorInjuryCount,moped,motorcycle,NumberOfLanes,objectThrownOrDropped,otherObject,otherVehicleType,overBank,parkedVehicle,pedestrian,phoneBoxEtc,postOrPole,region,roadCharacter,roadLane,roadSurface,roadworks,schoolBus,seriousInjuryCount,slipOrFlood,speedLimit,strayAnimal,streetLight,suv,taxi,temporarySpeedLimit,tlaId,tlaName,trafficControl,trafficIsland,trafficSign,train,tree,truck,unknownVehicleType,urban,vanOrUtility,vehicle,waterRiver,weatherA,weatherB
1752625.8896,5918222.3216,802307,,515002,0,,0,2,,Null,2025/2026,GREAT NORTH ROAD,KIWI ROAD,,Non-Injury Crash,No,2025,,East,,0,,Flat,,,,,,Dark,396600,0,0,0,6,,,0,,,,,,Auckland Region,Nil,2-way,Sealed,,0,0,,50,,On,0,0,,76,Auckland,Traffic Signals,,,,,0,0,Urban,0,,,Fine,Null
1778963.0518,5914025.9371,802314,,523202,0,0,0,1,1,South,2025/2026,WHITFORD MARAETAI ROAD,OKARORO DRIVE,,Non-Injury Crash,No,2025,0,North,0,0,0,Hill Road,0,,0,,0,Overcast,762501,0,0,0,2,0,0,0,0,0,,0,0,Auckland Region,Nil,2-way,Sealed,0,0,0,0,80,0,Off,0,0,,76,Auckland,Nil,0,0,0,0,0,0,Open,0,0,0,Light rain,Null
1755619.3708,5913292.3334,802323,45,518803,0,0,0,1,0,South,2025/2026,SOMERSET ROAD,FROST ROAD,,Minor Crash,No,2025,0,South,0,0,0,Flat,0,,0,,0,Dark,582700,1,0,0,2,0,0,0,0,0,,0,0,Auckland Region,Nil,2-way,Sealed,0,0,0,0,50,0,On,0,0,40,76,Auckland,Nil,0,0,0,1,0,0,Urban,0,0,0,Light rain,Null
1753202.5432,5931188.8904,802330,,508807,0,,0,2,,West,2024/2025,UPPER HARBOUR HIGHWAY,UPPER HARBOUR HIGHWAY,,Non-Injury Crash,Yes,2025,,West,,0,,Flat,,,,,,Dark,180809,0,0,0,2,,,0,,,,,,Auckland Region,Motorway ramp,1-way,Sealed,,0,0,,100,,On,0,0,,76,Auckland,Nil,,,,,0,0,Open,0,,,Light rain,Null
1761714.9861,5906524.5454,802337,,524200,0,0,0,0,0,Null,2022/2023,MASSEY ROAD OFF RAMP,MASSEY ROAD,,Non-Injury Crash,No,2023,0,North,0,0,0,Flat,1,Queens Birthday,0,,0,Bright sun,728700,0,0,0,2,0,0,0,0,0,,0,0,Auckland Region,Motorway ramp,2-way,Sealed,0,0,0,0,50,0,Off,0,0,,76,Auckland,Traffic Signals,0,0,0,0,0,0,Urban,1,0,0,Fine,Null
1743660.0983,5922701.2114,802339,,513511,0,0,0,2,0,East,2025/2026,ROYAL ROAD,KEMP ROAD,,Minor Crash,No,2026,0,East,0,0,0,Flat,0,,0,,0,Overcast,224305,1,0,0,2,0,0,0,0,1,,0,0,Auckland Region,Nil,2-way,Sealed,0,0,0,0,50,0,Off,0,0,,76,Auckland,Nil,0,0,0,0,0,0,Urban,0,0,0,Fine,Null
1753521.1131,5916645.4813,802346,,517800,0,,0,1,,North,2024/2025,KITENUI AVENUE,ALEXIS AVENUE,,Non-Injury Crash,No,2024,,North,,0,,Null,,,,,,Unknown,527400,0,0,0,2,,,0,,,,,,Auckland Region,Nil,2-way,Sealed,,0,0,,30,,Null,1,0,,76,Auckland,Nil,,,,,0,0,Urban,0,,,Fine,Null
1761089.4704,5913640.6488,802353,,519500,0,0,0,1,0,Null,2023/2024,WALLS ROAD,BOTHA ROAD,,Non-Injury Crash,No,2024,0,East,0,0,0,Flat,0,,1,,0,Bright sun,620702,0,0,0,2,0,0,0,0,0,,0,0,Auckland Region,Nil,2-way,Sealed,0,0,0,0,50,0,Off,0,0,,76,Auckland,Give way,0,0,0,0,0,0,Urban,0,0,0,Fine,Null
1750304.1875,5946699.2078,802355,,505806,0,0,0,2,0,West,2025/2026,CENTRAL BOULEVARD,WEIR LANE,,Non-Injury Crash,No,2026,0,East,0,0,0,Flat,1,,0,,1,Bright sun,176504,0,0,0,2,0,0,0,0,0,,0,0,Auckland Region,Nil,2-way,Sealed,0,0,0,0,50,0,Off,0,0,,76,Auckland,Nil,0,0,0,0,0,0,Urban,0,0,0,Fine,Null
1765929.1234,5905614.8837,802393,,522400,0,,0,2,,Null,2022/2023,CARRUTH ROAD,BIRDWOOD AVENUE,,Non-Injury Crash,No,2023,,West,,0,,Flat,,,,,,Bright sun,671801,0,0,0,2,,,0,,,,,,Auckland Region,Nil,2-way,Sealed,,0,0,,50,,Off,0,0,,76,Auckland,Stop,,,,,0,0,Urban,0,,,Fine,Null
1742408.4979,5922061.2333,802411,,513622,0,,0,2,,Null,2025/2026,RED HILLS ROAD,BIRDWOOD ROAD,,Non-Injury Crash,No,2025,,West,,0,,Flat,,,,,,Overcast,226700,0,0,0,2,,,0,,,,,,Auckland Region,Nil,2-way,Sealed,,0,0,,50,,Null,0,0,,76,Auckland,Stop,,,,,0,0,Urban,0,,,Fine,Null
1762530.5399,5907924.5965,802418,,524530,0,0,0,0,0,West,2024/2025,TENNESSEE AVENUE,CLEEK ROAD,,Non-Injury Crash,No,2025,0,South,0,0,0,Flat,0,,0,,0,Bright sun,732400,0,0,0,2,0,0,0,0,0,,0,1,Auckland Region,Nil,2-way,Sealed,0,0,0,0,50,0,None,0,0,,76,Auckland,Nil,0,0,0,0,1,0,Urban,0,0,0,Fine,Null
1757834.685,5913523.6919,802419,,518702,0,,0,1,,West,2025/2026,MOUNT ALBERT ROAD,CROWN STREET,,Non-Injury Crash,No,2025,,West,,0,,Flat,,,,,,Overcast,567900,0,0,0,4,,,0,,,,,,Auckland Region,Nil,2-way,Sealed,,0,0,,50,,Off,0,0,,76,Auckland,Nil,,,,,0,0,Urban,1,,,Fine,Null
1756945.0599,5916366.7778,802426,,518202,0,,0,1,,South,2024/2025,MOUNT EDEN ROAD,FAIRVIEW ROAD,,Non-Injury Crash,No,2025,,South,,0,,Null,,,,,,Unknown,551000,0,0,0,2,,,0,,,,,,Auckland Region,Nil,2-way,Null,,0,0,,50,,Null,1,0,,76,Auckland,Nil,,,,,0,0,Urban,0,,,Null,Null
1751857.6752,5918642.6878,802427,,515001,0,0,0,3,0,East,2025/2026,WALKER ROAD,MURIPARA AVENUE,,Non-Injury Crash,No,2025,0,East,0,0,0,Flat,0,,0,,0,Bright sun,392700,0,0,0,2,0,0,0,0,3,,0,0,Auckland Region,Nil,2-way,Sealed,0,0,0,0,50,0,Off,1,0,40,76,Auckland,Nil,0,0,0,0,0,0,Urban,0,0,0,Fine,Null
1754739.2887,5931301.786,802450,,508520,0,,0,2,,Null,2024/2025,SUNSET ROAD,RAMP ROAD,,Minor Crash,No,2025,,East,,0,,Hill Road,,,,,,Overcast,191502,1,0,0,2,,,0,,,,,,Auckland Region,Nil,2-way,Sealed,,0,0,,50,,Off,0,0,,76,Auckland,Give way,,,,,0,0,Urban,0,,,Light rain,Null
1753822.3937,5925898.0478,802459,,508220,0,,0,2,,South,2025/2026,GLENFIELD ROAD,MCDOWELL CRESCENT,,Non-Injury Crash,No,2025,,North,,0,,Null,,,,,,Unknown,189600,0,0,0,2,,,0,,,,,,Auckland Region,Nil,2-way,Sealed,,0,0,,50,,Null,0,0,,76,Auckland,Nil,,,,,0,0,Urban,0,,,Light rain,Null
1751998.6819,5915255.0111,802467,,514401,0,0,0,4,0,North,2025/2026,BOLLARD AVENUE,WAITATI PLACE,,Non-Injury Crash,No,2025,0,North,0,0,0,Flat,0,,0,,0,Bright sun,380100,0,0,0,2,0,0,0,0,1,,0,0,Auckland Region,Nil,2-way,Sealed,0,0,0,0,50,0,Off,0,0,,76,Auckland,Nil,0,0,0,0,0,0,Urban,0,0,0,Fine,Null
1760008.5949,5912766.6167,802483,,520000,0,0,0,1,0,Null,2025/2026,GREY STREET,PUKA STREET,,Non-Injury Crash,No,2026,0,North,0,0,1,Flat,0,,1,,0,Dark,606100,0,0,0,2,0,0,0,0,0,,0,0,Auckland Region,Nil,2-way,Sealed,0,0,0,0,50,0,On,0,0,,76,Auckland,Nil,0,0,0,0,0,0,Urban,0,0,0,Fine,Null
1763787.7722,5917593.1179,802490,,516302,0,0,0,1,0,East,2025/2026,ST JOHNS ROAD,TRUMAN STREET,,Minor Crash,No,2025,0,East,0,0,0,Flat,0,,0,,0,Dark,462700,1,0,0,2,0,0,0,0,0,,0,1,Auckland Region,Nil,2-way,Sealed,0,0,0,0,50,0,On,0,0,,76,Auckland,Nil,0,0,0,0,0,0,Urban,0,0,0,Fine,Null
1757257.5955,5919442.5204,802496,,514301,0,,0,3,,South,2022/2023,SYMONDS STREET,ST MARTINS LANE,,Non-Injury Crash,No,2023,,North,,0,,Flat,,,,,,Bright sun,440904,0,0,0,4,,,0,,,,,,Auckland Region,Nil,2-way,Sealed,,0,0,,30,,Null,1,0,,76,Auckland,Nil,,,,,0,0,Urban,0,,,Fine,Null
1766783.578,5901856.0351,802498,,524720,0,,0,0,,Null,2025/2026,RUSSELL ROAD,BROWNS ROAD,,Minor Crash,No,2025,,East,,0,,Flat,,,,,,Bright sun,777800,1,0,0,4,,,0,,,1,,,Auckland Region,Nil,2-way,Sealed,,0,0,,50,,Off,0,0,,76,Auckland,Traffic Signals,,,,,0,1,Urban,0,,,Fine,Null
1749090.4666,5945611.3957,802512,,505806,0,,0,2,,Null,2022/2023,HIBISCUS COAST HIGHWAY,PAINTON ROAD,,Minor Crash,No,2023,,South,,0,,Flat,,,,,,Dark,176802,2,0,0,5,,,0,,,,,,Auckland Region,Nil,2-way,Sealed,,0,0,,70,,On,0,0,,76,Auckland,Traffic Signals,,,,,0,0,Urban,0,,,Fine,Null
1768764.2247,5908632.9337,802514,,523113,0,0,1,1,0,East,2025/2026,EAST TAMAKI ROAD,EAST TAMAKI ROAD,,Minor Crash,No,2025,0,East,0,0,0,Flat,0,,0,,0,Dark,711801,1,0,0,2,0,0,0,0,1,,0,0,Auckland Region,Nil,2-way,Sealed,0,0,0,0,50,0,On,0,0,,76,Auckland,Nil,0,0,0,0,0,0,Urban,0,0,0,Fine,Frost
1754454.9253,5915147.3877,802529,,517702,0,,0,1,,Null,2025/2026,SANDRINGHAM ROAD,MOUNT ALBERT ROAD,,Non-Injury Crash,No,2026,,South,,0,,Null,,,,,,Unknown,541500,0,0,0,2,,,0,,,,,,Auckland Region,Nil,2-way,Null,,0,0,,50,,Null,0,0,,76,Auckland,Traffic Signals,,,,,0,0,Urban,1,,,Null,Null
1752167.7443,5930798.8122,802535,,508803,0,,0,3,,North,2023/2024,UPPER HARBOUR HIGHWAY,ALBANY HWAY OBR,,Non-Injury Crash,Yes,2024,,South,,0,,Hill Road,,,,,,Overcast,180857,0,0,0,2,,,0,,,,,,Auckland Region,Overpass,1-way,Sealed,,0,0,,100,,On,0,0,,76,Auckland,Nil,,,,,0,0,Open,0,,,Fine,Null
1767278.1621,5913039.0345,802552,,522910,0,0,0,1,0,East,2024/2025,REEVES ROAD,LEWIS ROAD,,Non-Injury Crash,No,2025,0,West,0,0,1,Hill Road,0,,0,,0,Dark,685200,0,0,0,2,0,0,0,0,0,,0,0,Auckland Region,Nil,2-way,Sealed,0,0,0,0,50,0,On,0,0,30,76,Auckland,Nil,0,0,0,1,0,0,Urban,0,0,0,Fine,Null
1745658.2395,5916403.8249,802560,,510800,0,,0,1,,Null,2025/2026,NEWINGTON ROAD,VIEW ROAD,,Minor Crash,No,2025,,South,,0,,Flat,,,,,,Twilight,243700,1,0,0,2,,,0,,,,,,Auckland Region,Nil,2-way,Sealed,,0,0,,50,,On,0,0,,76,Auckland,Stop,,,,,0,1,Urban,0,,,Fine,Null
1758089.1717,5917856.096,802576,,515700,0,,0,1,,North,2024/2025,SOUTHERN MOTORWAY,GILLIES OBR,,Non-Injury Crash,Yes,2025,,North,,0,,Flat,,,,,,Bright sun,443200,0,0,0,3,,,0,,,,,,Auckland Region,Nil,1-way,Sealed,,0,0,,80,,Off,1,0,,76,Auckland,Nil,,,,,0,0,Open,0,,,Fine,Null
1743696.0406,5919350.5316,802583,45,513213,0,,0,2,,Null,2023/2024,SWANSON ROAD,UNIVERSAL DRIVE,,Non-Injury Crash,No,2023,,North,,0,,Flat,,,,,,Dark,235802,0,0,0,2,,,0,,,,,,Auckland Region,Nil,1-way,Sealed,,0,0,,50,,On,0,0,,76,Auckland,Give way,,,,,0,0,Urban,0,,,Fine,Null
1753311.844,5933797.8493,802601,,508804,0,0,0,2,0,North,2025/2026,COLLISTON RISE,RATHMULLEN PLACE,,Non-Injury Crash,No,2025,0,North,0,0,1,Hill Road,0,,0,,0,Dark,180605,0,0,0,2,0,1,0,0,1,,0,0,Auckland Region,Nil,2-way,Sealed,0,0,0,0,50,0,On,0,0,,76,Auckland,Nil,0,0,0,0,0,0,Urban,0,0,0,Fine,Null
1751063.8471,5912144.5245,802623,,514700,0,,0,1,,Null,2022/2023,KINROSS STREET,ENDEAVOUR STREET,,Serious Crash,No,2023,,West,,0,,Flat,,,,,,Dark,368200,0,0,1,2,,,0,,,,,,Auckland Region,Nil,2-way,Sealed,,0,1,,50,,On,0,0,,76,Auckland,Give way,,,,,0,0,Urban,0,,,Fine,Frost
1751040.7165,5913869.9091,802624,,514402,0,,0,2,,Null,2025/2026,WOLVERTON STREET,AMSTERDAM PLACE,,Minor Crash,No,2026,,East,,0,,Hill Road,,,,,,Bright sun,379700,2,0,0,4,,,0,,,,,,Auckland Region,Nil,2-way,Sealed,,0,0,,50,,Off,0,0,,76,Auckland,Stop,,,,,0,0,Urban,0,,,Fine,Null
1745764.0491,5920549.0935,802649,,513301,0,,0,2,,South,2025/2026,NORTH-WESTERN MOTORWAY,LINCOLN ROAD ON RAMP,,Minor Crash,Yes,2025,,East,,0,,Flat,,,,,,Overcast,230200,1,0,0,4,,,0,,,,,,Auckland Region,Motorway ramp,1-way,Sealed,,0,0,,100,,Off,1,0,,76,Auckland,Nil,,,,,0,0,Open,0,,,Heavy rain,Null
1769954.6922,5913988.1888,802655,,522722,0,0,0,2,0,South,2023/2024,ABERFELDY AVENUE,VEAGH PLACE,,Minor Crash,No,2023,0,South,0,0,0,Flat,0,,0,,0,Overcast,681317,1,0,0,2,0,0,0,0,1,,0,0,Auckland Region,Nil,2-way,Sealed,0,0,0,0,50,0,Off,0,0,,76,Auckland,Nil,0,0,0,0,0,0,Urban,0,0,0,Light rain,Null
1752511.9822,5978686.2683,802656,,506661,0,,0,0,,North,2025/2026,MATAKANA VALLEY ROAD,SMITH ROAD,,Serious Crash,No,2025,,South,,0,,Hill Road,,,,,,Bright sun,138201,0,0,1,2,,,0,,,,,,Auckland Region,Nil,2-way,Sealed,,0,1,,60,,Off,0,0,,76,Auckland,Nil,,,,,0,0,Urban,0,,,Fine,Null
1758920.9767,5919120.4553,802663,,515902,1,,0,1,,Null,2022/2023,PARNELL ROAD,CATHEDRAL PLACE,,Serious Crash,No,2023,,South,,0,,Flat,,,,,,Bright sun,452100,0,0,0,4,,,0,,,,,,Auckland Region,Nil,2-way,Sealed,,0,1,,50,,Off,0,0,30,76,Auckland,Give way,,,,,0,0,Urban,0,,,Fine,Null
1745370.7253,5917135.2149,802681,,510800,0,,0,1,,South,2024/2025,RAILSIDE AVENUE,STEVIES LANE,,Non-Injury Crash,No,2025,,North,,0,,Null,,,,,,Bright sun,242700,0,0,0,2,,,0,,,,,,Auckland Region,Nil,2-way,Sealed,,0,0,,50,,Null,0,0,,76,Auckland,Nil,,,,,0,1,Urban,0,,,Null,Null
1766169.4261,5910178.0142,802688,,523112,0,,0,1,,West,2025/2026,HIGHBROOK DRIVE,EL KOBAR DRIVE,,Non-Injury Crash,Unknown,2026,,West,,0,,Null,,,,,,Bright sun,711301,0,0,0,2,,,0,,,,,,Auckland Region,Nil,1-way,Sealed,,0,0,,60,,Null,0,0,,76,Auckland,Nil,,,,,1,0,Urban,0,,,Fine,Null
1757730.6493,5927226.9866,802695,,508010,0,,0,0,,South,2023/2024,AUBURN STREET,LOMOND STREET,,Minor Crash,No,2024,,South,,0,,Flat,,,,,,Overcast,327500,1,0,1,2,,,0,,,,,,Auckland Region,Nil,2-way,Sealed,,0,0,,50,,Off,1,0,,76,Auckland,Nil,,,,,0,0,Urban,0,,,Fine,Null
1761540.3606,5919227.2408,802703,,516400,0,,0,2,,Null,2023/2024,AWARUA CRESCENT,SUDELEY STREET,,Non-Injury Crash,No,2023,,East,,0,,Flat,,,,,,Bright sun,497400,0,0,0,2,,,0,,,,,,Auckland Region,Nil,2-way,Sealed,,0,0,,50,,Off,0,0,,76,Auckland,Nil,,,,,0,0,Urban,0,,,Fine,Null
1758956.7282,5911438.369,802704,,519820,0,,0,0,,Null,2024/2025,NEILSON STREET ON RAMP,GLOUCESTER PARK ROAD ON RAMP,,Non-Injury Crash,No,2024,,South,,0,,Flat,,,,,,Overcast,602402,0,0,0,2,,,0,,,,,,Auckland Region,Motorway ramp,1-way,Sealed,,0,0,,100,,Off,0,0,,76,Auckland,Nil,,,,,2,0,Open,0,,,Fine,Strong wind
1754481.7369,5930901.2288,802710,,508520,0,,0,1,,North,2023/2024,NORTHERN MOTORWAY,UPPER HARBOUR HWY ON RAMP,,Non-Injury Crash,Yes,2023,,South,,0,,Hill Road,,,,,,Overcast,191107,0,0,0,2,,,0,,,,,,Auckland Region,Nil,1-way,Sealed,,0,0,,100,,Off,0,0,,76,Auckland,Nil,,,,,0,0,Open,1,,,Fine,Null
1764058.9809,5912454.0903,802711,,520500,0,0,0,1,0,West,2025/2026,SOUTHERN MOTORWAY,SYLVIA PARK RAIL OBR,,Non-Injury Crash,Yes,2025,0,South,0,0,0,Flat,2,,0,,0,Dark,637500,0,0,0,2,0,0,0,0,0,,0,0,Auckland Region,Nil,1-way,Sealed,0,0,0,0,100,0,On,0,0,,76,Auckland,Nil,0,0,0,0,0,0,Open,0,0,0,Light rain,Null
1748674.867,5944758.8104,802712,,505806,0,,0,0,,South,2025/2026,NORTHERN MOTORWAY,SILVERDALE ON RAMP,,Minor Crash,Yes,2025,,South,,0,,Flat,,,,,,Overcast,176802,1,0,1,2,,,0,,,,,,Auckland Region,Nil,1-way,Sealed,,0,0,,100,,Off,0,0,,76,Auckland,Nil,,,,,0,0,Open,1,,,Fine,Null
1769775.9729,5899472.7165,802742,,523920,0,0,0,1,0,Null,2022/2023,MANUREWA-TAKANINI OFF RAMP,GREAT SOUTH ROAD,,Minor Crash,No,2023,0,North,0,0,0,Flat,1,,0,,0,Overcast,767922,1,0,0,2,0,0,0,0,0,,0,1,Auckland Region,Motorway ramp,2-way,Sealed,0,0,0,0,50,0,Off,0,0,,76,Auckland,Traffic Signals,0,1,0,0,0,0,Urban,0,0,0,Light rain,Null
1767799.8504,5904067.0053,802759,,524602,0,,0,2,,Null,2024/2025,GREAT SOUTH ROAD,LAKEWOOD COURT,,Non-Injury Crash,No,2025,,North,,0,,Flat,,,,,,Dark,780416,0,0,0,2,,,0,,,,,,Auckland Region,Nil,1-way,Sealed,,0,0,,60,,On,0,0,50,76,Auckland,Traffic Signals,,,,,0,0,Urban,0,,,Fine,Frost
1745628.0071,5924683.7749,802766,,513431,0,,0,2,,North,2022/2023,HOBSONVILLE ROAD,WESTPARK DRIVE,,Non-Injury Crash,No,2023,,South,,0,,Flat,,,,,,Dark,223802,0,0,0,2,,,0,,,,,,Auckland Region,Nil,2-way,Sealed,,0,0,,50,,On,0,0,,76,Auckland,Nil,,,,,0,0,Urban,0,,,Fine,Null
1766259.2663,5905368.5852,802768,,522400,0,,0,2,,Null,2025/2026,FITZROY STREET,CARRUTH ROAD,,Non-Injury Crash,No,2025,,North,,0,,Flat,,,,,,Overcast,672001,0,0,0,2,,,0,,,,,,Auckland Region,Nil,2-way,Sealed,,0,0,,50,,Off,0,0,,76,Auckland,Stop,,,,,0,0,Urban,0,,,Fine,Null
1758848.8777,5920291.8226,802775,,514101,0,,0,2,,Null,2025/2026,THE STRAND,ST GEORGES BAY ROAD,,Non-Injury Crash,Yes,2025,,East,,0,,Flat,,,,,,Overcast,438221,0,0,0,3,,,0,,,,,,Auckland Region,Nil,2-way,Sealed,,0,0,,50,,Off,0,0,,76,Auckland,Give way,,,,,0,0,Urban,0,,,Fine,Null
1747135.5388,5922541.6336,802791,,512202,0,0,0,3,0,West,2024/2025,WHARF ROAD,BAYSIDE AVENUE,,Non-Injury Crash,No,2025,0,West,0,0,0,Flat,0,,0,,0,Twilight,245300,0,0,0,2,0,0,0,0,1,,0,0,Auckland Region,Nil,2-way,Sealed,0,0,0,0,50,0,None,0,0,,76,Auckland,Nil,0,0,0,0,0,0,Urban,0,0,0,Fine,Null
1757819.9691,5918159.9933,802792,,515700,0,,0,2,,North,2024/2025,SOUTHERN MOTORWAY,GILLIES AVENUE ON RAMP,,Non-Injury Crash,Yes,2025,,North,,0,,Flat,,,,,,Bright sun,443600,0,0,0,3,,,0,,,,,,Auckland Region,Overpass,1-way,Sealed,,0,0,,80,,Off,0,0,,76,Auckland,Nil,,,,,0,0,Open,0,,,Fine,Null
1750633.8984,5926686.8974,802798,,510010,0,0,0,3,0,North,2022/2023,RANGATIRA ROAD,MOKOPIKO COURT,,Serious Crash,No,2023,0,South,0,0,1,Hill Road,0,,0,,0,Dark,342600,2,0,0,2,0,0,0,0,1,1,0,0,Auckland Region,Nil,2-way,Sealed,0,0,1,0,50,0,On,0,0,,76,Auckland,Nil,0,0,0,0,0,0,Urban,0,0,0,Light rain,Null
1749027.1307,5917152.2979,802806,,514801,0,0,0,1,1,North,2022/2023,ROSEBANK ROAD,CHARANN PLACE,,Non-Injury Crash,No,2023,0,North,0,0,0,Flat,0,,0,,0,Dark,389300,0,0,0,2,0,0,0,0,0,,0,1,Auckland Region,Nil,2-way,Sealed,0,0,0,0,50,0,On,0,0,,76,Auckland,Nil,0,0,0,0,0,0,Urban,0,0,0,Fine,Null
1753263.0087,5918296.2133,802808,,515002,0,0,0,1,0,West,2025/2026,NORTH-WESTERN MOTORWAY,ST LUKES OBR,,Non-Injury Crash,Yes,2025,0,West,0,0,0,Hill Road,1,,0,,0,Dark,390501,0,0,0,4,0,0,0,0,0,,0,0,Auckland Region,Nil,1-way,Sealed,0,0,0,0,100,0,On,0,0,,76,Auckland,Nil,0,0,0,0,0,0,Open,0,0,0,Fine,Null
1745847.5685,5920197.1574,802846,,513301,0,0,0,3,0,East,2023/2024,CENTRAL PARK DRIVE,TONY STREET,,Non-Injury Crash,No,2024,0,East,0,0,0,Hill Road,0,,0,,0,Bright sun,230302,0,0,0,2,0,0,0,0,2,,0,0,Auckland Region,Nil,2-way,Sealed,0,0,0,0,50,0,Off,0,0,,76,Auckland,Nil,0,0,0,0,0,0,Urban,0,0,0,Fine,Null
1770675.3421,5897366.3741,802854,,523912,0,,0,1,,South,2022/2023,SOUTHERN MOTORWAY,PAHUREHURE NO 1 BR,,Non-Injury Crash,Yes,2023,,North,,0,,Flat,,,,,,Overcast,767803,0,0,0,3,,,0,,,,,,Auckland Region,Motorway ramp,2-way,Sealed,,0,0,,100,,Off,1,0,80,76,Auckland,Nil,,,,,0,0,Open,1,,,Light rain,Null
1755858.546,5916739.1868,802871,,518201,0,0,0,1,0,Null,2025/2026,DOMINION ROAD,HERBERT ROAD,,Non-Injury Crash,No,2025,0,North,0,0,0,Flat,0,,0,,0,Dark,549200,0,0,0,4,0,0,0,0,2,,0,0,Auckland Region,Nil,2-way,Sealed,0,0,0,0,50,0,On,2,0,,76,Auckland,Stop,0,0,0,0,0,0,Urban,0,0,0,Fine,Null
1761460.0085,5915538.151,802872,,520201,0,0,0,2,0,South,2024/2025,LADIES MILE,UMERE CRESCENT,,Non-Injury Crash,No,2025,0,South,0,0,0,Hill Road,0,,0,,0,Dark,610000,0,0,0,2,0,0,0,0,1,,0,0,Auckland Region,Nil,2-way,Sealed,0,0,0,0,50,0,On,0,0,,76,Auckland,Nil,0,0,0,0,0,0,Urban,0,0,0,Fine,Null
1759641.4835,5909575.0972,802894,,524002,0,0,0,1,0,South,2023/2024,SOUTH-WESTERN MOTORWAY,HASTIE FTBR,,Non-Injury Crash,Yes,2023,0,South,0,0,0,Flat,1,,0,,0,Bright sun,724102,0,0,0,3,0,0,0,0,0,,0,0,Auckland Region,Nil,1-way,Sealed,0,0,0,0,100,0,Off,0,0,,76,Auckland,Nil,0,0,0,0,0,0,Open,0,0,0,Fine,Null
1756159.9414,5924021.1884,802895,,509800,0,,0,2,,North,2025/2026,NORTHERN MOTORWAY,WEIGH BRIDGE,,Non-Injury Crash,Yes,2025,,South,,0,,Flat,,,,,,Overcast,361100,0,0,0,3,,,0,,,,,,Auckland Region,Nil,1-way,Sealed,,0,0,,100,,None,0,0,,76,Auckland,Nil,,,,,0,0,Open,0,,,Fine,Null
1768214.0249,5903805.2529,802910,,523820,0,,0,1,,South,2022/2023,SOUTHERN MOTORWAY,MANUKAU ON SBD OBR,,Non-Injury Crash,Yes,2023,,South,,0,,Hill Road,,,,,,Bright sun,760142,0,0,0,3,,,1,,,,,,Auckland Region,Nil,1-way,Sealed,,0,0,,100,,Off,0,0,,76,Auckland,Nil,,,,,0,0,Open,1,,,Fine,Null
1766604.1814,5910342.6991,802919,,523112,0,,0,1,,Null,2025/2026,HIGHBROOK DRIVE,EL KOBAR DRIVE,,Non-Injury Crash,No,2025,,South,,0,,Flat,,,,,,Overcast,711301,0,0,0,4,,,0,,,,,,Auckland Region,Nil,2-way,Sealed,,0,0,,60,,Null,0,0,,76,Auckland,Traffic Signals,,,,,0,1,Urban,0,,,Fine,Null
1753951.6104,5931351.5059,802920,,508807,0,,0,1,,West,2024/2025,UPPER HARBOUR HIGHWAY,UPPER HARBOUR HWY ON RAMP,,Non-Injury Crash,Yes,2025,,East,,0,,Flat,,,,,,Overcast,180810,0,0,0,2,,,0,,,,,,Auckland Region,Nil,1-way,Sealed,,0,0,,50,,Null,1,0,,76,Auckland,Nil,,,,,0,0,Urban,0,,,Fine,Null
1761999.3949,5916060.6466,802926,,516003,0,0,0,1,0,West,2023/2024,ABBOTTS WAY,KORAHA STREET,,Non-Injury Crash,No,2024,0,West,0,0,0,Flat,0,,0,,0,Bright sun,494700,0,0,0,2,0,0,0,0,1,,0,0,Auckland Region,Nil,2-way,Sealed,0,0,0,0,50,0,None,0,0,,76,Auckland,Nil,0,0,0,0,0,0,Urban,1,0,0,Fine,Null
1782406.7887,5925854.1754,802928,,520801,0,0,0,1,0,East,2025/2026,BELGIUM STREET,WHARF ROAD,,Minor Crash,No,2025,0,East,0,0,1,Hill Road,0,,0,,0,Overcast,515314,1,0,0,2,0,0,0,0,0,,0,0,Auckland Region,Nil,2-way,Sealed,0,0,0,0,30,0,Off,0,0,,76,Auckland,Nil,0,0,0,0,0,0,Urban,0,0,0,Fine,Null
1767767.799,5883371.4527,802934,,521111,0,0,0,1,1,Null,2023/2024,BEATTY ROAD,HEIGHTS ROAD,,Minor Crash,No,2024,0,North,0,0,0,Hill Road,0,,0,,0,Dark,826601,1,0,0,2,0,0,0,0,0,,0,0,Auckland Region,Nil,2-way,Sealed,0,0,0,0,50,0,None,0,0,,76,Auckland,Stop,0,0,0,0,0,0,Urban,0,0,0,Fine,Null