X,Y,OBJECTID,advisorySpeed,areaUnitID,bicycle,bridge,bus,carStationWagon,cliffBank,crashDirectionDescription,crashFinancialYear,crashLocation1,crashLocation2,crashRoadSideRoad,crashSeverity,crashSHDescription,crashYear,debris,directionRoleDescription,ditch,fatalCount,fence,flatHill,guardRail,holiday,houseOrBuilding,intersection,kerb,light,meshblockId,minorInjuryCount,moped,motorcycle,NumberOfLanes,objectThrownOrDropped,otherObject,otherVehicleType,overBank,parkedVehicle,pedestrian,phoneBoxEtc,postOrPole,region,roadCharacter,roadLane,roadSurface,roadworks,schoolBus,seriousInjuryCount,slipOrFlood,speedLimit,strayAnimal,streetLight,suv,taxi,temporarySpeedLimit,tlaId,tlaName,trafficControl,trafficIsland,trafficSign,train,tree,truck,unknownVehicleType,urban,vanOrUtility,vehicle,waterRiver,weatherA,weatherB
1743379.1057,5923202.6478,802942,,513511,0,,0,1,,South,2023/2024,DON BUCK ROAD,RUSH CREEK DRIVE,,Non-Injury Crash,No,2023,,North,,0,,Flat,,,,,,Overcast,224311,0,0,0,2,,,0,,,,,,Auckland Region,Nil,2-way,Sealed,,0,0,,50,,Off,1,0,,76,Auckland,Nil,,,,,0,0,Urban,0,,,Fine,Null
1767386.4077,5906887.5421,802944,,523602,0,,0,0,,North,2024/2025,BAIRDS ROAD,SANDBROOK AVENUE,,Non-Injury Crash,No,2025,,North,,0,,Hill Road,,,,,,Dark,708200,0,0,0,2,,,0,,,,,,Auckland Region,Nil,2-way,Sealed,,0,0,,50,,On,2,0,,76,Auckland,Nil,,,,,0,0,Urban,0,,,Fine,Null
1756036.0794,5923730.4254,802958,,509800,0,0,0,3,0,North,2023/2024,STAFFORD ROAD OFF RAMP,NORTHERN MOTORWAY,,Serious Crash,No,2024,0,North,0,0,0,Flat,1,,0,,0,Bright sun,358800,0,0,0,1,0,0,0,0,0,,0,0,Auckland Region,Motorway ramp,1-way,Sealed,0,0,1,0,80,0,Off,0,0,,76,Auckland,Nil,0,0,0,0,0,0,Open,0,0,0,Fine,Null
1765839.4518,5908020.0972,802959,,523402,0,,0,1,,South,2025/2026,SOUTHERN MOTORWAY,BAIRDS OBR,,Non-Injury Crash,Yes,2025,,South,,0,,Flat,,,,,,Bright sun,699000,0,0,0,3,,,0,,,,,,Auckland Region,Nil,1-way,Sealed,,0,0,,100,,Off,0,0,,76,Auckland,Nil,,,,,0,0,Open,1,,,Fine,Null
1762284.5088,5907075.7433,802960,,524520,0,,0,0,,Null,2025/2026,MASSEY ROAD,BUCKLAND ROAD,,Non-Injury Crash,No,2025,,South,,0,,Flat,,,,,,Overcast,734703,0,0,0,3,,,0,,,,,,Auckland Region,Nil,2-way,Sealed,,0,0,,50,,Off,0,0,40,76,Auckland,Traffic Signals,,,,,0,0,Urban,2,,,Fine,Null
1752678.8494,5914027.533,802966,,514500,0,,1,1,,South,2023/2024,NEW WINDSOR ROAD,MAIORO STREET,,Non-Injury Crash,No,2023,,North,,0,,Hill Road,,,,,,Bright sun,375400,0,0,0,3,,,0,,,,,,Auckland Region,Nil,2-way,Sealed,,0,0,,50,,Off,0,0,,76,Auckland,Nil,,,,,0,0,Urban,0,,,Fine,Null
1753572.4854,5929385.6351,802975,,508411,0,,0,1,,South,2025/2026,GLENFIELD ROAD,JAMES STREET,,Non-Injury Crash,No,2025,,North,,0,,Flat,,,,,,Dark,184000,0,0,0,3,,,0,,,,,,Auckland Region,Nil,2-way,Sealed,,0,0,,50,,On,0,0,,76,Auckland,Nil,,,,,0,0,Urban,2,,,Fine,Null
1760900.6284,5914564.9344,802983,,519500,0,0,0,0,0,South,2025/2026,GREAT SOUTH ROAD,CENTRAL PARK,,Non-Injury Crash,No,2025,0,North,0,0,0,Flat,0,,0,,0,Overcast,620400,0,0,0,4,0,0,0,0,1,,0,0,Auckland Region,Nil,2-way,Sealed,0,0,0,0,50,0,Off,2,1,,76,Auckland,Nil,0,0,0,0,0,0,Urban,0,0,0,Fine,Null
1761348.1988,5917918.0712,802992,,516201,0,0,0,1,0,Null,2024/2025,UPLAND ROAD,DELL AVENUE,,Non-Injury Crash,No,2025,0,North,0,0,1,Hill Road,0,,0,,0,Dark,486700,0,0,0,2,0,0,0,0,0,,0,0,Auckland Region,Nil,2-way,Sealed,0,0,0,0,50,0,On,0,0,,76,Auckland,Give way,0,0,0,1,0,0,Urban,0,0,0,Fine,Null
1771775.0646,5894453.498,802999,,525530,0,,0,1,,North,2025/2026,SOUTHERN MOTORWAY,PARK ESTATE OBR,,Non-Injury Crash,Yes,2026,,South,,0,,Flat,,,,,,Bright sun,805400,0,0,0,3,,,0,,,,,,Auckland Region,Nil,1-way,Sealed,,0,0,,100,,Off,0,0,,76,Auckland,Nil,,,,,0,0,Open,0,,,Fine,Strong wind
1749083.3481,5945598.8803,803006,,505806,0,0,1,0,0,Null,2023/2024,PAINTON ROAD,HIBISCUS COAST HIGHWAY,,Non-Injury Crash,No,2023,0,North,0,0,0,Flat,0,,0,,0,Dark,176802,0,0,0,5,0,0,0,0,0,,0,0,Auckland Region,Nil,2-way,Sealed,0,0,0,0,60,0,On,0,0,,76,Auckland,Traffic Signals,0,1,0,0,0,0,Urban,0,0,0,Light rain,Null
1768626.7881,5906075.2869,803014,,523721,0,,0,2,,Null,2023/2024,OTHELLO DRIVE,DAWSON ROAD,,Non-Injury Crash,No,2023,,North,,0,,Flat,,,,,,Dark,715616,0,0,0,2,,,0,,,,,,Auckland Region,Nil,2-way,Sealed,,0,0,,50,,On,0,0,,76,Auckland,Stop,,,,,0,0,Urban,0,,,Fine,Null
1754290.5717,5916812.3886,803023,,517600,0,,0,2,,North,2025/2026,ST LUKES ROAD,ST LUKES ROAD,,Non-Injury Crash,No,2026,,South,,0,,Flat,,,,,,Bright sun,535300,0,0,0,5,,,0,,,,,,Auckland Region,Nil,2-way,Sealed,,0,0,,50,,Off,0,0,,76,Auckland,Nil,,,,,0,0,Urban,0,,,Fine,Null
1765140.99,5907622.2309,803053,,522301,0,,0,2,,Null,2023/2024,GREAT SOUTH ROAD,MOTATAU ROAD,,Non-Injury Crash,No,2023,,South,,0,,Flat,,,,,,Overcast,665900,0,0,0,2,,,0,,,,,,Auckland Region,Nil,2-way,Sealed,,0,0,,50,,Off,0,0,,76,Auckland,Stop,,,,,0,0,Urban,0,,,Fine,Null
1757733.1964,5919645.0887,803068,,514301,0,0,0,1,0,South,2023/2024,SH 16,WELLESLEY STREET EAST,,Minor Crash,Yes,2024,0,South,0,0,0,Hill Road,1,,0,,0,Overcast,440400,1,0,0,3,0,0,0,0,0,,0,0,Auckland Region,Motorway ramp,1-way,Sealed,0,0,0,0,80,0,Off,0,0,,76,Auckland,Nil,0,0,0,0,0,0,Open,0,0,0,Light rain,Strong wind
1766710.0129,5908045.5237,803077,,523501,0,0,0,1,0,South,2025/2026,BAIRDS ROAD,TOSO WAY,,Non-Injury Crash,No,2025,0,South,0,0,1,Flat,0,,0,,0,Dark,700601,0,0,0,2,0,1,0,0,0,,0,0,Auckland Region,Nil,2-way,Sealed,0,0,0,0,30,0,On,0,0,,76,Auckland,Nil,0,0,0,0,0,0,Urban,0,0,0,Light rain,Null
1758209.2901,5920331.6501,803109,,514103,0,,0,3,,South,2025/2026,BEACH ROAD,RONAYNE STREET,,Non-Injury Crash,No,2025,,North,,0,,Flat,,,,,,Twilight,438203,0,0,0,4,,,0,,,,,,Auckland Region,Nil,2-way,Sealed,,0,0,,30,,On,0,0,,76,Auckland,Nil,,,,,0,0,Urban,0,,,Light rain,Null
1765090.2359,5911973.9566,803110,,520500,0,,0,1,,Null,2024/2025,FISHER CRESCENT,PONUI PLACE,,Non-Injury Crash,No,2025,,East,,0,,Flat,,,,,,Overcast,639700,0,0,0,2,,,0,,,,,,Auckland Region,Nil,2-way,Sealed,,0,0,,50,,Off,0,0,,76,Auckland,Nil,,,,,0,0,Urban,1,,,Fine,Null
1754193.2365,5916960.7562,803117,,517600,0,,0,2,,Null,2025/2026,ST LUKES ROAD,TAYLORS ROAD,,Non-Injury Crash,No,2025,,North,,0,,Flat,,,,,,Bright sun,535000,0,0,0,4,,,0,,,,,,Auckland Region,Nil,2-way,Sealed,,0,0,,50,,Off,0,0,,76,Auckland,Stop,,,,,0,0,Urban,0,,,Fine,Null
1744227.8246,5922553.4803,803126,,513511,0,,0,1,,West,2025/2026,ROYAL ROAD,MAKORA ROAD,,Non-Injury Crash,No,2025,,East,,0,,Flat,,,,,,Bright sun,224303,0,0,0,2,,,0,,,,,,Auckland Region,Nil,2-way,Sealed,,0,0,,50,,None,1,0,,76,Auckland,Nil,,,,,0,1,Urban,0,,,Fine,Null
1761605.1522,5906426.3498,803149,,524200,0,,0,1,,Null,2025/2026,MASSEY ROAD,TIDAL ROAD,,Minor Crash,No,2025,,South,,0,,Flat,,,,,,Bright sun,728700,1,0,0,4,,,0,,,,,,Auckland Region,Nil,2-way,Sealed,,0,0,,50,,Off,0,0,,76,Auckland,Traffic Signals,,,,,1,0,Urban,0,,,Fine,Null
1737996.9124,5934443.4256,803171,,506653,0,0,0,0,0,North,2025/2026,ARARIMU VALLEY ROAD,CARTERS ROAD,,Non-Injury Crash,No,2025,0,North,1,0,0,Null,0,,0,,0,Dark,217000,0,0,0,2,0,0,0,0,0,,0,0,Auckland Region,Nil,2-way,Sealed,0,0,0,0,80,0,None,1,0,,76,Auckland,Nil,0,0,0,0,0,0,Open,0,0,0,Fine,Null
1755069.6718,5929921.8567,803178,,508420,0,,0,1,,South,2025/2026,LINK DRIVE,SUNNYNOOK ROAD,,Minor Crash,No,2026,,East,,0,,Flat,,,,,,Bright sun,183800,1,0,0,2,,,0,,,1,,,Auckland Region,Nil,2-way,Sealed,,0,0,,50,,Off,0,0,,76,Auckland,Nil,,,,,0,0,Urban,0,,,Fine,Null
1756487.6202,5920032.6922,803185,,514000,0,,0,1,,North,2023/2024,NORTHERN MOTORWAY,WELLINGTON OBR,,Non-Injury Crash,Yes,2023,,North,,0,,Hill Road,,,,,,Bright sun,417400,0,0,0,3,,,0,,,,,,Auckland Region,Nil,1-way,Sealed,,0,0,,80,,Off,0,0,,76,Auckland,Nil,,,,,0,0,Open,1,,,Fine,Null
1761487.5502,5912388.279,803187,,519500,0,,0,3,,South,2025/2026,NEILSON STREET,CHURCH STREET,,Minor Crash,No,2025,,North,,0,,Hill Road,,,,,,Overcast,622400,1,0,0,4,,,0,,,,,,Auckland Region,Nil,2-way,Sealed,,0,0,,50,,Off,1,0,,76,Auckland,Nil,,,,,0,0,Urban,0,,,Fine,Null
1764178.0185,5917448.9588,803195,,516302,0,0,0,2,0,West,2025/2026,ST JOHNS ROAD,COLLEGE ROAD,,Non-Injury Crash,No,2025,0,West,0,0,0,Null,0,,0,,0,Dark,462700,0,0,0,2,0,0,0,0,1,,0,0,Auckland Region,Nil,2-way,Sealed,0,0,0,0,50,0,On,0,0,,76,Auckland,Nil,0,0,0,0,0,0,Urban,0,0,0,Fine,Null
1773511.6434,5895881.046,803225,,525510,0,,0,1,,East,2023/2024,SETTLEMENT ROAD,MARNE ROAD,,Minor Crash,No,2024,,West,,0,,Flat,,,,,,Overcast,801103,2,0,0,2,,,0,,,,,,Auckland Region,Nil,2-way,Sealed,,0,0,,50,,None,0,0,,76,Auckland,Nil,,,,,0,0,Urban,1,,,Fine,Null
1765762.6605,5908169.3544,803240,,523404,0,,0,3,,South,2022/2023,SOUTHERN MOTORWAY,BAIRDS OBR,,Non-Injury Crash,Yes,2023,,North,,0,,Flat,,,,,,Twilight,696801,0,0,0,3,,,0,,,,,,Auckland Region,Nil,1-way,Sealed,,0,0,,100,,On,0,0,,76,Auckland,Nil,,,,,0,0,Open,0,,,Fine,Null
1763262.2043,5919935.3492,803241,,516500,0,0,0,3,0,South,2025/2026,PATTESON AVENUE,NIHILL CRESCENT,,Non-Injury Crash,No,2025,0,South,0,0,0,Hill Road,0,,0,,0,Dark,502300,0,0,0,2,0,0,0,0,1,,0,0,Auckland Region,Nil,2-way,Sealed,0,0,0,0,50,0,On,0,0,,76,Auckland,Nil,0,0,0,0,0,0,Urban,0,0,0,Fine,Null
1761083.2958,5915010.2648,803242,,520201,0,,0,2,,North,2025/2026,SOUTHERN MOTORWAY,ELLERSLIE FTBR,,Non-Injury Crash,Yes,2025,,South,,0,,Null,,Christmas New Year,,,,Overcast,613500,0,0,0,2,,,0,,,,,,Auckland Region,Nil,1-way,Sealed,,0,0,,100,,Null,0,0,,76,Auckland,Nil,,,,,0,0,Open,0,,,Null,Null
1771389.7135,5899184.256,803258,,523911,0,0,0,1,0,North,2025/2026,PATEKE DRIVE,ANTON PLACE,,Non-Injury Crash,No,2025,0,South,0,0,0,Flat,0,,0,,0,Dark,767001,0,0,0,2,0,0,0,0,1,,0,0,Auckland Region,Nil,2-way,Sealed,0,0,0,0,50,0,On,0,0,,76,Auckland,Nil,0,0,0,0,0,0,Urban,1,0,0,Fine,Null
1761195.8945,5914962.1562,803274,,520201,0,0,0,0,0,North,2025/2026,LADIES MILE,MAIN HIGHWAY,,Non-Injury Crash,No,2025,0,South,0,0,0,Flat,0,,0,,0,Dark,610900,0,0,0,2,0,0,0,0,1,,0,0,Auckland Region,Nil,2-way,Sealed,0,0,0,0,50,0,On,1,0,,76,Auckland,Nil,0,0,0,0,0,1,Urban,0,0,0,Fine,Null
1741366.5971,5922028.6324,803290,,513701,0,,0,2,,East,2025/2026,RED HILLS ROAD,SUNNYVALE ROAD,,Non-Injury Crash,No,2025,,South,,0,,Flat,,,,,,Overcast,226501,0,0,0,2,,,0,,,,,,Auckland Region,Nil,2-way,Sealed,,0,0,,60,,None,0,0,,76,Auckland,Traffic Signals,,,,,0,0,Urban,0,,,Light rain,Null
1770631.8071,5906831.7831,803297,,523713,0,0,0,3,0,North,2025/2026,COLLIER DRIVE,ROSEWELL CRESCENT,,Non-Injury Crash,No,2025,0,North,0,0,0,Flat,0,,0,,0,Dark,713100,0,0,0,2,0,0,0,0,1,,0,0,Auckland Region,Nil,2-way,Sealed,0,0,0,0,50,0,On,0,0,,76,Auckland,Nil,0,0,0,0,0,0,Urban,0,0,0,Fine,Null
1764226.7375,5909904.7858,803305,,521901,0,,0,0,,South,2025/2026,ATKINSON AVENUE,KING STREET,,Non-Injury Crash,No,2025,,North,,0,,Flat,,,,,,Dark,783900,0,0,0,4,,,0,,,,,,Auckland Region,Nil,2-way,Sealed,,0,0,,50,,On,2,0,,76,Auckland,Nil,,,,,0,0,Urban,0,,,Fine,Null
1771922.9547,5890138.8874,803314,,521203,0,0,0,0,0,West,2025/2026,KARAKA ROAD,JESMOND ROAD,,Serious Crash,Yes,2025,0,West,1,0,0,Hill Road,0,,0,,0,Bright sun,807400,0,0,1,2,0,0,0,0,0,,0,0,Auckland Region,Nil,2-way,Sealed,0,0,1,0,80,0,On,0,0,,76,Auckland,Nil,0,0,0,1,0,0,Open,0,0,0,Fine,Null
1765969.1733,5906417.0893,803320,,522302,0,,0,3,,Null,2023/2024,TUI ROAD,GREAT SOUTH ROAD,,Minor Crash,No,2023,,West,,0,,Flat,,,,,,Overcast,668700,2,0,0,3,,,0,,,,,,Auckland Region,Nil,2-way,Sealed,,0,0,,50,,Off,0,0,,76,Auckland,Traffic Signals,,,,,0,0,Urban,0,,,Light rain,Null
1745204.9726,5919759.7819,803322,,513301,0,,0,2,,West,2025/2026,UNIVERSAL DRIVE,UNIVERSAL DRIVE,,Non-Injury Crash,No,2025,,East,,0,,Flat,,,,,,Overcast,232001,0,0,0,6,,,0,,,,,,Auckland Region,Nil,2-way,Sealed,,0,0,,50,,Off,0,0,,76,Auckland,Nil,,,,,0,0,Urban,0,,,Fine,Null
1751447.0075,5950342.4594,803330,,505805,0,,0,2,,North,2025/2026,HIBISCUS COAST HIGHWAY,WEST HOE ROAD,,Non-Injury Crash,No,2025,,South,,0,,Flat,,,,,,Bright sun,171205,0,0,0,3,,,0,,,,,,Auckland Region,Nil,2-way,Sealed,,0,0,,50,,Off,0,0,,76,Auckland,Nil,,,,,0,0,Urban,0,,,Fine,Strong wind
1773168.7257,5904887.5457,803337,,523818,0,,0,2,,West,2025/2026,MICHAEL BOSHER WAY,REDOUBT ROAD,,Non-Injury Crash,No,2025,,West,,0,,Hill Road,,,,,,Dark,717202,0,0,0,2,,,0,,,,,,Auckland Region,Nil,2-way,Sealed,,0,0,,50,,On,0,0,40,76,Auckland,Nil,,,,,0,0,Urban,0,,,Fine,Null
1756351.705,5930686.4577,803351,,507500,0,,0,2,,South,2022/2023,EAST COAST ROAD,FORREST HILL ROAD,,Non-Injury Crash,No,2023,,North,,0,,Flat,,,,,,Bright sun,148701,0,0,0,2,,,0,,,,,,Auckland Region,Nil,2-way,Sealed,,0,0,,50,,Off,0,0,,76,Auckland,Nil,,,,,0,0,Urban,1,,,Fine,Null
1740601.2251,5923674.0548,803360,,513701,0,0,0,1,0,West,2025/2026,NELSON ROAD,RED HILLS ROAD,,Non-Injury Crash,No,2025,0,East,0,0,1,Flat,0,,0,,0,Bright sun,229800,0,0,0,2,0,0,0,0,0,,0,0,Auckland Region,Nil,2-way,Sealed,0,0,0,0,60,0,None,0,0,,76,Auckland,Nil,0,0,0,0,0,0,Urban,0,0,0,Fine,Null
1748782.8124,5935752.7717,803368,,509000,0,,0,1,,Null,2025/2026,COATESVILLE-RIVERHEAD HIGHWAY,O'BRIEN ROAD,,Non-Injury Crash,No,2026,,West,,0,,Hill Road,,,,,,Overcast,179301,0,0,0,2,,,0,,,,,,Auckland Region,Nil,2-way,Sealed,,0,0,,80,,Off,0,0,,76,Auckland,Stop,,,,,0,0,Open,1,,,Heavy rain,Strong wind
1755933.4012,5926767.8023,803375,,508620,0,,0,1,,Null,2024/2025,NORTHCOTE ROAD,SUNNYBRAE ROAD,,Non-Injury Crash,No,2025,,North,,0,,Null,,,,,,Unknown,204701,0,0,0,1,,,0,,,,,,Auckland Region,Nil,1-way,Sealed,,0,0,,50,,Null,0,0,,76,Auckland,Give way,,,,,0,1,Urban,0,,,Null,Null
1770818.6215,5900831.0679,803376,,523816,0,,0,1,,Null,2024/2025,FOXLAW STREET,NERISSA PLACE,,Minor Crash,No,2025,,South,,0,,Flat,,,,,,Bright sun,759730,1,0,0,2,,,0,,,1,,,Auckland Region,Nil,2-way,Sealed,,0,0,,50,,Off,0,0,,76,Auckland,Nil,,,,,0,0,Urban,0,,,Fine,Null
1758025.8072,5917340.7003,803382,,515700,0,,0,2,,Null,2022/2023,GILLIES AVENUE,ALBURY AVENUE,,Non-Injury Crash,No,2023,,North,,0,,Flat,,,,,,Overcast,457700,0,0,0,4,,,0,,,,,,Auckland Region,Nil,2-way,Sealed,,0,0,,50,,Off,0,0,,76,Auckland,Give way,,,,,0,0,Urban,0,,,Fine,Null
1754965.9326,5927805.6861,803383,,508620,0,,0,3,,West,2024/2025,ARCHERS ROAD,SUNNYBRAE ROAD,,Non-Injury Crash,No,2025,,East,,0,,Flat,,,,,,Bright sun,202700,0,0,0,4,,,0,,,,,,Auckland Region,Nil,2-way,Sealed,,0,0,,50,,Off,0,0,,76,Auckland,Nil,,,,,0,0,Urban,0,,,Fine,Null
1764239.0823,5909850.4655,803391,,521901,0,,1,0,,Null,2025/2026,ATKINSON AVENUE,AVENUE ROAD,,Non-Injury Crash,No,2025,,North,,0,,Flat,,,,,,Dark,784000,0,0,0,6,,,0,,,1,,,Auckland Region,Nil,2-way,Sealed,,0,0,,50,,On,0,0,,76,Auckland,Traffic Signals,,,,,0,0,Urban,0,,,Fine,Null
1740645.9559,5983978.5744,803398,,506660,0,,0,1,,North,2023/2024,WAITEITEI ROAD,WHANGARIPO VALLEY ROAD,,Minor Crash,No,2024,,South,,0,,Hill Road,,,,,,Overcast,136301,2,0,0,0,,,0,,,,,,Auckland Region,Nil,2-way,Sealed,,0,0,,100,,None,0,0,,76,Auckland,Nil,,,,,0,0,Open,0,,,Fine,Null
1751957.5337,5948978.6024,803415,,505805,0,0,0,2,0,South,2025/2026,HIBISCUS COAST HIGHWAY,WEITI ROAD,,Non-Injury Crash,No,2025,0,North,0,0,0,Null,0,,0,,0,Unknown,172401,0,0,0,2,0,0,0,0,1,,0,0,Auckland Region,Nil,2-way,Sealed,0,0,0,0,50,0,Null,0,0,,76,Auckland,Nil,0,0,0,0,0,0,Urban,0,0,0,Fine,Null
1744318.7016,5922437.1648,803423,,513512,0,,0,2,,Null,2025/2026,MAKORA ROAD,ROYAL ROAD OFF RAMP,,Non-Injury Crash,No,2025,,South,,0,,Flat,,,,,,Dark,225501,0,0,0,4,,,0,,,,,,Auckland Region,Motorway ramp,2-way,Sealed,,0,0,,50,,On,0,2,,76,Auckland,Traffic Signals,,,,,0,0,Urban,0,,,Fine,Null
1738905.8273,5928694.3002,803429,,505602,0,,0,1,,Null,2023/2024,ACCESS ROAD,WAITAKERE ROAD,,Minor Crash,No,2024,,South,,0,,Flat,,,,,,Bright sun,215000,1,0,0,2,,,0,,,,,,Auckland Region,Nil,2-way,Sealed,,0,0,,50,,None,2,0,,76,Auckland,Stop,,,,,0,0,Urban,0,,,Fine,Null
1772546.7833,5896840.6788,803431,,525420,0,,0,1,,East,2025/2026,SUBWAY ROAD,GREAT SOUTH ROAD,,Non-Injury Crash,No,2025,,East,,0,,Flat,,,,,,Bright sun,792800,0,0,0,3,,,0,,,,,,Auckland Region,Nil,2-way,Sealed,,0,0,,50,,On,0,0,,76,Auckland,Nil,,,,,0,0,Urban,1,,,Fine,Null
1792051.8734,5927529.8678,803454,,520801,0,0,0,1,0,South,2025/2026,MAN O'WAR BAY ROAD,STONYBATTER ROAD,,Non-Injury Crash,No,2025,0,South,0,0,1,Hill Road,0,,0,,0,Overcast,515801,0,0,0,2,0,0,0,0,0,,0,0,Auckland Region,Nil,2-way,Unsealed,0,0,0,0,60,0,None,0,0,,76,Auckland,Nil,0,0,0,0,0,0,Urban,0,0,0,Light rain,Null
1767840.7329,5910404.8757,803461,,523112,0,0,0,2,0,North,2023/2024,CRYERS ROAD,HIGHBROOK DRIVE,,Non-Injury Crash,No,2023,0,North,0,0,0,Flat,0,,0,,0,Dark,711500,0,0,0,2,0,0,0,0,1,,0,0,Auckland Region,Nil,2-way,Sealed,0,0,0,0,50,0,On,0,0,,76,Auckland,Nil,0,0,0,0,0,0,Urban,0,0,0,Heavy rain,Null
1766336.9268,5916057.2072,803463,,517100,0,0,0,3,0,North,2024/2025,TAMATEA AVENUE,TUAKIRI STREET,,Non-Injury Crash,No,2025,0,North,0,0,0,Flat,0,,0,,1,Dark,480200,0,0,0,2,0,0,0,0,1,,0,0,Auckland Region,Nil,2-way,Sealed,0,0,0,0,50,0,On,0,0,,76,Auckland,Nil,0,0,0,0,0,0,Urban,0,0,0,Fine,Null
1760109.4423,5915543.3131,803477,,519400,0,0,0,1,0,South,2023/2024,GREAT SOUTH ROAD,ATARANGI ROAD,,Non-Injury Crash,No,2023,0,North,0,0,0,Flat,0,,0,,0,Bright sun,617100,0,0,0,4,0,0,0,0,0,,0,0,Auckland Region,Nil,2-way,Sealed,0,0,0,0,50,0,Off,0,0,,76,Auckland,Nil,1,0,0,0,0,0,Urban,0,0,0,Fine,Null
1768536.9333,5899430.5973,803478,,525102,0,,0,1,,North,2024/2025,MAHIA ROAD,COXHEAD ROAD,,Non-Injury Crash,No,2025,,West,,0,,Null,,Queens Birthday,,,,Unknown,768300,0,0,0,2,,,0,,,,,,Auckland Region,Nil,2-way,Null,,0,0,,50,,Null,0,0,,76,Auckland,Nil,,,,,0,0,Urban,0,,,Null,Null
1743696.7148,5920089.3877,803479,,513632,0,0,0,1,0,Null,2025/2026,DON BUCK ROAD,HELENA STREET,,Minor Crash,No,2025,0,South,0,0,0,Hill Road,0,,0,,0,Overcast,228801,1,0,0,2,0,0,0,0,0,,0,0,Auckland Region,Nil,2-way,Sealed,0,0,0,0,50,0,Off,0,0,,76,Auckland,Stop,0,1,0,0,0,0,Urban,0,0,0,Fine,Null
1769179.6555,5905154.2358,803494,,523721,0,0,0,1,0,Null,2025/2026,ASPIRING AVENUE,MATTHEWS ROAD,,Non-Injury Crash,No,2026,0,West,0,0,0,Flat,0,,0,,0,Twilight,715609,0,0,0,2,0,0,0,0,0,,0,1,Auckland Region,Nil,2-way,Sealed,0,0,0,0,60,0,On,0,0,,76,Auckland,Give way,0,1,0,0,0,0,Urban,0,0,0,Mist or Fog,Null
1767264.0489,5906472.6056,803495,,522302,0,,0,2,,North,2024/2025,SOUTHERN MOTORWAY,REAGAN OBR,,Non-Injury Crash,Yes,2025,,North,,0,,Flat,,,,,,Bright sun,670200,0,0,0,3,,,0,,,,,,Auckland Region,Nil,1-way,Unsealed,,0,0,,100,,Off,0,0,,76,Auckland,Nil,,,,,0,0,Open,0,,,Fine,Null
1771600.5093,5899347.5029,803518,,523911,0,,0,1,,Null,2024/2025,PORCHESTER ROAD,BERWYN AVENUE,,Non-Injury Crash,No,2025,,North,,0,,Flat,,,,,,Bright sun,767002,0,0,0,2,,,0,,,,,,Auckland Region,Nil,2-way,Sealed,,0,0,,50,,Off,0,0,,76,Auckland,Give way,,,,,0,0,Urban,1,,,Fine,None
1756367.1154,5927133.1171,803519,,507900,0,,0,1,,Null,2025/2026,NORTHCOTE ROAD OFF RAMP,NORTHCOTE ROAD,,Non-Injury Crash,No,2025,,North,,0,,Null,,,,,,Unknown,303501,0,0,0,2,,,0,,,,,,Auckland Region,Nil,1-way,Null,,0,0,,50,,Null,0,0,,76,Auckland,Traffic Signals,,,,,0,1,Urban,0,,,Null,Null
1766136.5197,5906525.1935,803543,35,522302,0,0,0,1,0,South,2025/2026,TUI ROAD,HUIA ROAD,,Non-Injury Crash,No,2026,0,South,0,0,0,Flat,0,,0,,0,Bright sun,668700,0,0,0,2,0,0,0,0,1,,0,0,Auckland Region,Nil,2-way,Sealed,0,0,0,0,50,0,Off,0,0,,76,Auckland,Nil,0,0,0,0,1,0,Urban,0,0,0,Fine,Null
1754591.1619,5937549.1706,803557,,506901,0,,0,1,,Null,2022/2023,ALLENDER DRIVE,STREDWICK DRIVE,,Minor Crash,No,2023,,West,,0,,Hill Road,,,,,,Bright sun,166103,1,0,0,2,,,0,,,1,,,Auckland Region,Nil,2-way,Sealed,,0,0,,50,,Off,0,0,,76,Auckland,Nil,,,,,0,0,Urban,0,,,Fine,Null
1754621.6538,5924774.9635,803558,,510500,0,,0,2,,Null,2025/2026,ONEWA ROAD,KAURI GLEN ROAD,,Non-Injury Crash,No,2025,,East,,0,,Hill Road,,,,,,Bright sun,356202,0,0,0,4,,,0,,,,,,Auckland Region,Nil,2-way,Sealed,,0,0,,50,,Off,0,0,,76,Auckland,Stop,,,,,0,0,Urban,0,,,Fine,Null
1763394.9216,5908464.9871,803564,,524402,0,,0,1,,North,2022/2023,MANGERE ROAD,HOSPITAL ROAD,,Non-Injury Crash,No,2023,,South,,0,,Flat,,Easter,,,,Overcast,749900,0,0,0,4,,,0,,,,,,Auckland Region,Bridge,2-way,Sealed,,0,0,,50,,Off,3,0,,76,Auckland,Nil,,,,,0,0,Urban,0,,,Light rain,Null
1769820.2126,5907578.0436,803565,,523713,0,0,0,1,0,North,2025/2026,CHAPEL ROAD,ORMISTON ROAD,,Non-Injury Crash,No,2025,0,South,1,0,1,Hill Road,0,Labour Weekend,0,,0,Dark,712401,0,0,0,2,0,0,0,0,0,,0,0,Auckland Region,Bridge,2-way,Sealed,0,0,0,0,60,0,On,0,0,50,76,Auckland,Nil,0,0,0,0,0,0,Urban,0,0,0,Fine,Null
1741295.8824,5927485.5907,803596,,505604,0,,0,0,,Null,2025/2026,SH 16,COATESVILLE-RIVERHEAD HIGHWAY,,Non-Injury Crash,Yes,2025,,East,,0,,Flat,,,,,,Overcast,214502,0,0,0,1,,,0,,,,,,Auckland Region,Nil,1-way,Sealed,,0,0,,80,,Null,1,0,,76,Auckland,Give way,,,,,0,1,Open,0,,,Heavy rain,Null