X,Y,OBJECTID,advisorySpeed,areaUnitID,bicycle,bridge,bus,carStationWagon,cliffBank,crashDirectionDescription,crashFinancialYear,crashLocation1,crashLocation2,crashRoadSideRoad,crashSeverity,crashSHDescription,crashYear,debris,directionRoleDescription,ditch,fatalCount,fence,flatHill,guardRail,holiday,houseOrBuilding,intersection,kerb,light,meshblockId,minorInjuryCount,moped,motorcycle,NumberOfLanes,objectThrownOrDropped,otherObject,otherVehicleType,overBank,parkedVehicle,pedestrian,phoneBoxEtc,postOrPole,region,roadCharacter,roadLane,roadSurface,roadworks,schoolBus,seriousInjuryCount,slipOrFlood,speedLimit,strayAnimal,streetLight,suv,taxi,temporarySpeedLimit,tlaId,tlaName,trafficControl,trafficIsland,trafficSign,train,tree,truck,unknownVehicleType,urban,vanOrUtility,vehicle,waterRiver,weatherA,weatherB
1769861.8364,5911241.7606,803610,,523113,0,,0,1,,West,2025/2026,TI RAKAU DRIVE,TE KOHA ROAD,,Non-Injury Crash,No,2025,,West,,0,,Flat,,,,,,Bright sun,711716,0,0,0,3,,,0,,,,,,Auckland Region,Nil,1-way,Sealed,,0,0,,50,,Off,1,0,,76,Auckland,Give way,,,,,0,0,Urban,0,,,Fine,Null
1752378.515,5915222.4159,803618,,517902,0,0,0,1,0,South,2024/2025,HENDON AVENUE,STEWART ROAD,,Non-Injury Crash,No,2025,0,North,0,0,0,Hill Road,1,,0,,0,Dark,519400,0,0,0,2,0,0,0,0,0,,0,0,Auckland Region,Tunnel,2-way,Sealed,0,0,0,0,50,0,On,0,0,,76,Auckland,Nil,0,0,0,0,1,0,Urban,0,0,0,Fine,Null
1767121.2143,5905506.4362,803626,,524603,0,,0,2,,Null,2025/2026,GREAT SOUTH ROAD,REAGAN ROAD,,Non-Injury Crash,No,2025,,South,,0,,Flat,,,,,,Dark,780205,0,0,0,6,,,0,,,,,,Auckland Region,Nil,2-way,Sealed,,0,0,,50,,On,0,0,20,76,Auckland,Give way,,,,,0,0,Urban,0,,,Fine,Null
1752813.4201,5933227.5847,803634,,508807,0,,0,1,,Null,2025/2026,ALBANY EXPRESSWAY,DATA WAY,,Minor Crash,No,2025,,East,,0,,Hill Road,,,,,,Bright sun,180405,2,0,0,2,,,0,,,,,,Auckland Region,Nil,1-way,Sealed,,0,0,,80,,Off,1,0,,76,Auckland,Nil,,,,,0,0,Open,0,,,Fine,Null
1757163.3102,5919818.5466,803641,,514102,0,,0,0,,Null,2025/2026,QUEEN STREET,MARMION STREET,,Non-Injury Crash,No,2025,,North,,0,,Hill Road,,,,,,Dark,435201,0,0,0,4,,,0,,,1,,,Auckland Region,Nil,2-way,Sealed,,0,0,,30,,On,1,0,,76,Auckland,Nil,,,,,0,0,Urban,0,,,Fine,Null
1770591.5411,5908546.6004,803649,,523115,0,0,0,2,0,North,2025/2026,MIDDLEFIELD DRIVE,CYRIL FRENCH DRIVE,,Minor Crash,No,2025,0,South,0,0,0,Flat,0,Christmas New Year,0,,0,Dark,712118,1,0,0,2,0,0,0,0,1,,0,0,Auckland Region,Nil,2-way,Sealed,0,0,0,0,30,0,On,0,0,,76,Auckland,Nil,0,0,0,0,0,0,Urban,0,0,0,Fine,Null
1755331.2835,5937855.6605,803656,,506903,0,,0,0,,East,2025/2026,COVENTRY WAY,IAN SAGE AVENUE,,Non-Injury Crash,No,2025,,West,,0,,Null,,,,,,Bright sun,178312,0,0,1,2,,,0,,,,,,Auckland Region,Nil,2-way,Sealed,,0,0,,30,,Null,0,0,,76,Auckland,Nil,,,,,0,1,Urban,0,,,Fine,Null
1744625.7191,5925148.6354,803665,,513431,0,0,0,0,0,West,2025/2026,UPPER HARBOUR MOTORWAY,TRIG ROAD OFF RAMP,,Non-Injury Crash,Yes,2026,0,West,0,0,0,Flat,1,,0,,0,Overcast,223702,0,0,0,2,0,0,0,0,0,,0,0,Auckland Region,Nil,1-way,Sealed,0,0,0,0,100,0,Off,1,0,,76,Auckland,Nil,0,0,0,0,0,0,Open,0,0,0,Fine,Null
1763423.8386,5915393.5821,803686,,520302,0,,0,2,,Null,2022/2023,MARUA ROAD,HARRIS ROAD ,,Non-Injury Crash,No,2023,,South,,0,,Flat,,,,,,Bright sun,625800,0,0,0,2,,,0,,,,,,Auckland Region,Nil,2-way,Sealed,,0,0,,50,,Off,0,0,,76,Auckland,Stop,,,,,0,0,Urban,0,,,Fine,Null
1745169.236,5918629.0693,803694,,513302,0,,0,2,,Null,2023/2024,LINCOLN ROAD,WOODFORD AVENUE,,Non-Injury Crash,No,2023,,South,,0,,Flat,,,,,,Dark,230802,0,0,0,4,,,0,,,,,,Auckland Region,Nil,2-way,Sealed,,0,0,,50,,On,0,0,,76,Auckland,Give way,,,,,0,0,Urban,0,,,Fine,Null
1758973.2686,5918372.1815,803695,,516101,0,0,0,0,0,Null,2025/2026,BASSETT ROAD,MIDDLETON ROAD,,Non-Injury Crash,No,2026,0,North,0,0,0,Flat,0,,0,,0,Overcast,481400,0,0,0,2,0,0,0,0,0,,0,1,Auckland Region,Nil,2-way,Sealed,0,0,0,0,50,0,Off,0,0,,76,Auckland,Give way,0,0,0,0,1,0,Urban,0,0,0,Fine,Null
1753412.3471,5929778.2963,803701,,508411,0,,0,1,,Null,2022/2023,GLENFIELD ROAD,SUNSET ROAD,,Non-Injury Crash,No,2023,,North,,0,,Flat,,,,,,Bright sun,183902,0,0,0,6,,,0,,,,,,Auckland Region,Nil,2-way,Sealed,,0,0,,50,,Off,1,0,,76,Auckland,Traffic Signals,,,,,0,0,Urban,0,,,Fine,Null
1770510.9656,5906920.5595,803709,,523713,0,0,0,1,0,South,2023/2024,ROSEWELL CRESCENT,GILSTON AVENUE,,Non-Injury Crash,No,2023,0,South,0,0,2,Flat,0,,0,,0,Overcast,713100,0,0,0,2,0,0,0,0,0,,0,0,Auckland Region,Nil,2-way,Sealed,0,0,0,0,50,0,Off,0,0,,76,Auckland,Nil,0,0,0,0,0,0,Urban,0,0,0,Heavy rain,Strong wind
1753755.4413,5917018.0975,803717,,517800,0,0,0,1,0,Null,2023/2024,NEW NORTH ROAD,KITENUI AVENUE,,Non-Injury Crash,No,2023,0,West,0,0,0,Flat,0,,0,,0,Dark,527100,0,0,0,4,0,0,0,0,0,,0,0,Auckland Region,Nil,2-way,Sealed,0,0,0,0,50,0,On,0,0,,76,Auckland,Nil,0,1,0,0,0,0,Urban,0,0,0,Light rain,Null
1766440.2986,5907352.8164,803725,,523601,0,,0,2,,North,2022/2023,EAST TAMAKI ROAD ON RAMP,SOUTHERN MOTORWAY,,Non-Injury Crash,No,2023,,South,,0,,Flat,,,,,,Overcast,708500,0,0,0,4,,,0,,,,,,Auckland Region,Nil,1-way,Sealed,,0,0,,100,,Off,0,0,,76,Auckland,Nil,,,,,0,0,Open,0,,,Light rain,Null
1760733.0263,5908959.5695,803727,,524404,0,0,0,2,0,North,2025/2026,DEWHURST PLACE,ASICS DRIVE,,Non-Injury Crash,No,2025,0,South,0,0,0,Flat,0,,0,,0,Bright sun,730001,0,0,0,2,0,0,0,0,1,,0,0,Auckland Region,Nil,2-way,Sealed,0,0,0,0,50,0,Off,0,0,,76,Auckland,Nil,0,0,0,0,0,0,Urban,1,0,0,Fine,Null
1755169.0129,5914277.9778,803735,,518803,0,,0,2,,Null,2025/2026,DOMINION ROAD,MOUNT ALBERT ROAD,,Non-Injury Crash,No,2025,,North,,0,,Flat,,,,,,Dark,580100,0,0,0,4,,,0,,,,,,Auckland Region,Nil,2-way,Sealed,,0,0,,50,,On,0,0,,76,Auckland,Traffic Signals,,,,,0,0,Urban,0,,,Fine,Null
1744124.9032,5915973.0898,803741,,510800,0,,0,1,,North,2024/2025,BORDER ROAD,RIWAI LANE,,Minor Crash,No,2024,,North,,0,,Flat,,,,,,Overcast,242200,1,0,0,2,,,0,,,1,,,Auckland Region,Speed hump,2-way,Sealed,,0,0,,50,,Off,0,0,,76,Auckland,Nil,,,,,0,0,Urban,0,,,Light rain,Strong wind
1769900.9497,5900396.1594,803750,,523816,0,,0,4,,North,2024/2025,SOUTHERN MOTORWAY,PAPAKURA STM BR,,Non-Injury Crash,Yes,2025,,South,,0,,Flat,,,,,,Dark,759734,0,0,0,3,,,0,,,,,,Auckland Region,Nil,1-way,Unsealed,,0,0,,100,,On,0,1,,76,Auckland,Nil,,,,,0,0,Open,0,,,Fine,Null
1754796.8571,5945173.534,803780,,505907,0,0,0,1,0,South,2022/2023,BRIGHTSIDE ROAD,JEAN PLACE,,Non-Injury Crash,No,2023,0,Null,0,0,0,Hill Road,0,,0,,0,Dark,173416,0,0,0,2,0,0,0,0,1,,0,0,Auckland Region,Nil,2-way,Sealed,0,0,0,0,50,0,On,0,0,,76,Auckland,Nil,0,0,0,0,0,0,Urban,0,0,0,Light rain,Null
1764771.9922,5909707.74,803798,,521802,0,,0,1,,West,2025/2026,HIGH STREET,JACK BROWNE PLACE,,Non-Injury Crash,No,2025,,East,,0,,Flat,,,,,,Bright sun,788102,0,0,0,2,,,0,,,,,,Auckland Region,Nil,2-way,Sealed,,0,0,,50,,Off,1,0,30,76,Auckland,Nil,,,,,0,0,Urban,0,,,Fine,Strong wind
1765195.91,5903723.5452,803822,,524604,0,0,0,0,0,Null,2025/2026,SOUTH-WESTERN MOTORWAY,CAVENDISH DRIVE ON RAMP,,Non-Injury Crash,Yes,2026,0,East,0,0,0,Flat,1,,0,,0,Bright sun,781301,0,0,0,2,0,0,0,0,0,,0,0,Auckland Region,Nil,2-way,Sealed,0,0,0,0,100,0,Off,0,0,,76,Auckland,Nil,0,0,0,0,1,0,Open,0,0,0,Fine,Null
1762239.2335,5907033.8168,803844,,524520,0,,0,3,,South,2023/2024,MASSEY ROAD,BUCKLAND ROAD,,Non-Injury Crash,No,2023,,North,,0,,Flat,,,,,,Twilight,735200,0,0,0,3,,,0,,,,,,Auckland Region,Nil,2-way,Sealed,,0,0,,50,,On,0,0,,76,Auckland,Nil,,,,,0,0,Urban,0,,,Fine,Null
1746353.8668,5918651.8339,803852,,512401,0,,0,1,,Null,2022/2023,EDMONTON ROAD,ANNETTE AVENUE,,Non-Injury Crash,No,2023,,South,,0,,Flat,,,,,,Twilight,256000,0,0,0,1,,,0,,,,,,Auckland Region,Nil,2-way,Sealed,,0,0,,50,,Off,0,0,,76,Auckland,Nil,,,,,0,0,Urban,1,,,Fine,Null
1751061.8846,5950493.2748,803877,,505805,1,,0,1,,South,2025/2026,CENTREWAY ROAD,PURIRI BOULEVARD,,Minor Crash,No,2026,,North,,0,,Flat,,,,,,Bright sun,171318,1,0,0,2,,,0,,,,,,Auckland Region,Nil,2-way,Sealed,,0,0,,30,,Off,0,0,,76,Auckland,Nil,,,,,0,0,Urban,0,,,Fine,Null
1731468.1045,5926620.1611,803908,,506652,0,0,0,1,0,North,2025/2026,SCHOOL ROAD,MURIWAI ROAD,,Non-Injury Crash,No,2025,0,North,0,0,0,Hill Road,0,,0,,0,Dark,218601,0,0,0,2,0,0,0,0,0,,0,0,Auckland Region,Nil,2-way,Sealed,0,0,0,0,50,0,None,0,0,,76,Auckland,Nil,0,0,0,1,0,0,Urban,0,0,0,Fine,Null
1753123.672,5934081.8519,803914,,508701,0,,0,2,,South,2023/2024,NORTHERN MOTORWAY,MCCLYMONTS OBR,,Non-Injury Crash,Yes,2023,,North,,0,,Hill Road,,,,,,Dark,178900,0,0,0,4,,,0,,,,,,Auckland Region,Nil,1-way,Sealed,,0,0,,100,,On,0,0,,76,Auckland,Nil,,,,,0,0,Open,0,,,Fine,Null
1771295.7619,5895886.6,803915,,525540,0,,0,1,,Null,2024/2025,PAPAKURA OFF RAMP,SOUTHERN MOTORWAY,,Non-Injury Crash,No,2025,,South,,0,,Flat,,,,,,Bright sun,806208,0,0,0,3,,,0,,,,,,Auckland Region,Motorway ramp,1-way,Sealed,,0,0,,100,,Off,0,0,80,76,Auckland,Nil,,,,,0,0,Open,3,,,Fine,Null
1746232.05,5914020.1753,803922,,511001,0,,0,2,,Null,2024/2025,WEST COAST ROAD,ROSIER ROAD,,Non-Injury Crash,No,2024,,East,,0,,Flat,,,,,,Bright sun,282500,0,0,0,2,,,0,,,,,,Auckland Region,Nil,2-way,Sealed,,0,0,,50,,Off,0,0,,76,Auckland,Traffic Signals,,,,,0,0,Urban,0,,,Fine,Null
1756433.1475,5927236.1202,803938,,507900,0,,0,2,,Null,2024/2025,NORTHCOTE ROAD,NORTHCOTE ROAD OFF RAMP,,Minor Crash,No,2024,,South,,0,,Flat,,,,,,Overcast,305202,1,0,0,2,,,0,,,,,,Auckland Region,Overpass,1-way,Sealed,,0,0,,50,,Off,0,0,,76,Auckland,Traffic Signals,,,,,0,0,Urban,0,,,Fine,Null
1756622.1633,5919268.5074,803940,,514200,0,,0,1,,West,2025/2026,SOUTHERN MOTORWAY,UPPER QUEEN OBR,,Non-Injury Crash,Yes,2025,,North,,0,,Flat,,,,,,Overcast,411900,0,0,1,3,,,0,,,,,,Auckland Region,Nil,1-way,Sealed,,0,0,,80,,Off,0,0,,76,Auckland,Nil,,,,,0,0,Open,0,,,Fine,Null
1761874.2494,5908214.3221,803954,,524530,0,0,1,0,0,South,2024/2025,TENNESSEE AVENUE,VINE STREET,,Minor Crash,No,2024,0,North,0,0,0,Flat,0,,0,,0,Dark,732002,1,0,0,2,0,0,0,0,1,,0,0,Auckland Region,Nil,2-way,Sealed,0,0,0,0,50,0,On,1,0,,76,Auckland,Nil,0,0,0,0,0,0,Urban,0,0,0,Fine,Null
1764453.6224,5903929.8664,803964,,524604,0,,0,2,,West,2024/2025,SOUTH-WESTERN MOTORWAY,PUHINUI ROAD-SH 20B ON RAMP,,Non-Injury Crash,Yes,2025,,South,,0,,Flat,,,,,,Dark,781100,0,0,0,2,,,0,,,,,,Auckland Region,Nil,1-way,Sealed,,0,0,,100,,On,0,0,,76,Auckland,Nil,,,,,0,0,Open,0,,,Fine,Null
1750299.1001,5946813.7462,803970,,505806,0,,0,0,,West,2024/2025,MILLWATER PARKWAY,TOTARA VIEWS DRIVE,,Minor Crash,No,2024,,East,,0,,Flat,,,,,,Bright sun,176505,1,0,1,2,,,0,,,,,,Auckland Region,Nil,1-way,Sealed,,0,0,,50,,Off,0,0,,76,Auckland,Nil,,,,,0,0,Urban,1,,,Fine,Null
1763452.4345,5909617.2417,803972,,521901,0,,0,1,,North,2025/2026,STATION ROAD,MARJORIE JAYNE CRESCENT,,Non-Injury Crash,No,2026,,West,,0,,Null,,,,,,Overcast,782900,0,0,0,2,,,0,,,,,,Auckland Region,Nil,2-way,Sealed,,0,0,,50,,Null,0,0,,76,Auckland,Nil,,,,,0,1,Urban,0,,,Light rain,Null
1723680.9598,5944596.6554,803986,,506642,0,0,0,1,0,South,2023/2024,SOUTH HEAD ROAD,HARANUI ROAD,,Minor Crash,No,2024,0,South,0,0,0,Flat,0,,0,,0,Dark,210500,1,0,0,2,0,0,0,0,0,,0,0,Auckland Region,Nil,2-way,Sealed,0,0,0,0,80,1,None,0,0,,76,Auckland,Nil,0,0,0,0,0,0,Open,0,0,0,Fine,Null
1777681.3252,5915691.056,804019,,523300,0,0,0,2,0,South,2025/2026,WINTERMAN ROAD,SEVENTH VIEW AVENUE,,Non-Injury Crash,No,2025,0,North,0,0,0,Flat,0,,0,,0,Dark,718800,0,0,0,2,0,0,0,0,1,,0,0,Auckland Region,Nil,2-way,Sealed,0,0,0,0,50,0,On,0,0,,76,Auckland,Nil,0,0,0,0,0,0,Urban,1,0,0,Fine,Null
1769366.1743,5902271.0055,804026,,524901,0,,0,2,,North,2025/2026,SOUTHERN MOTORWAY,HILL ROAD ON RAMP,,Minor Crash,Yes,2026,,North,,0,,Flat,,,,,,Overcast,755600,1,0,0,3,,,0,,,,,,Auckland Region,Motorway ramp,1-way,Sealed,,0,0,,100,,Off,0,0,,76,Auckland,Nil,,,,,0,0,Open,0,,,Fine,Null
1772006.7995,5894088.579,804034,,525530,0,,0,1,,North,2025/2026,SOUTHERN MOTORWAY,PARK ESTATE OBR,,Minor Crash,Yes,2025,,South,,0,,Flat,,,,,,Bright sun,804100,1,0,0,4,,,0,,,,,,Auckland Region,Overpass,2-way,Sealed,,0,0,,100,,Off,0,0,,76,Auckland,Nil,,,,,0,0,Open,1,,,Fine,Null
1759503.0005,5910297.055,804041,,524002,0,,0,2,,North,2025/2026,MAHUNGA DRIVE OFF RAMP,RIMU ROAD,,Non-Injury Crash,No,2025,,South,,0,,Null,,,,,,Bright sun,722400,0,0,0,1,,,0,,,,,,Auckland Region,Nil,1-way,Sealed,,0,0,,50,,Null,0,0,,76,Auckland,Nil,,,,,0,0,Urban,0,,,Fine,Null
1758753.7839,5911768.2777,804049,45,519810,0,0,0,0,0,Null,2025/2026,NEILSON STREET OFF RAMP,GLOUCESTER PARK ROAD,,Non-Injury Crash,No,2025,0,East,0,0,0,Hill Road,0,,0,,0,Dark,602501,0,0,0,3,0,0,0,0,0,,0,0,Auckland Region,Motorway ramp,1-way,Sealed,0,0,0,0,50,0,On,0,0,40,76,Auckland,Traffic Signals,0,1,0,0,0,0,Urban,1,0,0,Light rain,Null
1759805.6728,5916949.0675,804081,,516102,0,0,0,1,0,East,2024/2025,REMUERA ROAD,OMAHU ROAD,,Non-Injury Crash,No,2025,0,West,0,0,0,Flat,0,,0,,0,Bright sun,485000,0,0,0,4,0,0,0,0,1,,0,0,Auckland Region,Nil,2-way,Sealed,0,0,0,0,50,0,Null,1,0,,76,Auckland,Nil,0,0,0,0,0,0,Urban,0,0,0,Fine,Null
1769848.6187,5901915.9769,804089,,523814,0,,0,2,,East,2025/2026,HILL ROAD,NORM PELLOW DRIVE,,Non-Injury Crash,No,2025,,West,,0,,Null,,,,,,Bright sun,759513,0,0,0,2,,,0,,,,,,Auckland Region,Nil,2-way,Sealed,,0,0,,50,,Null,0,0,,76,Auckland,Nil,,,,,0,0,Urban,0,,,Fine,Null
1767231.0503,5902043.4332,804096,,524602,0,0,0,1,0,East,2023/2024,BROWNS ROAD,JELLICOE ROAD,,Non-Injury Crash,No,2024,0,West,0,0,0,Flat,0,Queens Birthday,0,,0,Dark,780407,0,0,0,2,0,0,0,0,1,,0,0,Auckland Region,Nil,2-way,Sealed,0,0,0,0,50,0,On,0,0,30,76,Auckland,Nil,0,0,0,0,0,0,Urban,1,0,0,Fine,Null
1742046.8326,5916666.846,804097,,513020,0,,0,2,,Null,2025/2026,CANDIA ROAD,SIMPSON ROAD,,Non-Injury Crash,No,2025,,South,,0,,Flat,,,,,,Dark,279800,0,0,0,2,,,0,,,,,,Auckland Region,Nil,2-way,Sealed,,0,0,,60,,On,0,0,,76,Auckland,Stop,,,,,0,0,Urban,0,,,Fine,Null
1754604.4775,5937541.1318,804114,,506901,0,0,0,3,0,Null,2024/2025,STREDWICK DRIVE,ALLENDER DRIVE,,Non-Injury Crash,No,2025,0,North,0,0,0,Hill Road,0,,0,,0,Dark,166000,0,0,0,2,0,0,0,0,1,,0,0,Auckland Region,Nil,2-way,Sealed,0,0,0,0,50,0,On,0,0,,76,Auckland,Nil,0,0,0,0,0,0,Urban,0,0,0,Light rain,Null
1764109.9675,5918710.3103,804122,,516500,0,0,0,1,0,Null,2024/2025,KOHIMARAMA ROAD,JOHN RYMER PLACE,,Non-Injury Crash,No,2025,0,North,0,0,0,Flat,0,,0,,0,Bright sun,503401,0,0,0,2,0,0,0,0,0,,0,0,Auckland Region,Nil,2-way,Sealed,0,0,0,0,50,0,Off,0,0,,76,Auckland,Traffic Signals,0,0,0,1,0,0,Urban,0,0,0,Fine,Frost
1769524.9547,5901933.6968,804129,,524901,0,,0,1,,North,2025/2026,SOUTHERN MOTORWAY,HILL OBR,,Non-Injury Crash,Yes,2025,,North,,0,,Flat,,,,,,Bright sun,755600,0,0,0,3,,,0,,,,,,Auckland Region,Nil,1-way,Sealed,,0,0,,100,,Off,0,0,,76,Auckland,Nil,,,,,1,0,Open,0,,,Fine,Null
1767101.5541,5905539.4285,804136,,522400,0,,0,2,,Null,2022/2023,GREAT SOUTH ROAD,REAGAN ROAD,,Non-Injury Crash,No,2023,,South,,0,,Flat,,,,,,Dark,671200,0,0,0,5,,,0,,,,,,Auckland Region,Nil,2-way,Sealed,,0,0,,50,,On,0,0,,76,Auckland,Traffic Signals,,,,,0,0,Urban,0,,,Fine,None
1765025.1835,5917122.5399,804166,,517201,0,,0,1,,South,2025/2026,FELTON MATHEW AVENUE,FARMHOUSE LANE,,Non-Injury Crash,No,2026,,North,,0,,Flat,,,,,,Bright sun,464200,0,0,0,2,,,0,,,,,,Auckland Region,Nil,2-way,Sealed,,0,0,,50,,Off,0,0,,76,Auckland,Nil,,,,,0,0,Urban,1,,,Fine,Null
1754854.533,5914007.9025,804172,,518803,0,,0,2,,Null,2022/2023,COLEMAN AVENUE,MOUNT ROSKILL ROAD,,Non-Injury Crash,No,2023,,East,,0,,Flat,,,,,,Bright sun,580400,0,0,0,2,,,0,,,,,,Auckland Region,Nil,2-way,Sealed,,0,0,,50,,Off,0,0,,76,Auckland,Give way,,,,,0,0,Urban,0,,,Fine,Null
1772939.531,5896264.581,804173,,525410,0,,0,1,,South,2025/2026,RAILWAY STREET WEST,AVERILL STREET,,Minor Crash,No,2025,,North,,0,,Flat,,,,,,Bright sun,793000,1,0,0,2,,,0,,,1,,,Auckland Region,Speed hump,2-way,Sealed,,0,0,,50,,Off,0,0,,76,Auckland,Nil,,,,,0,0,Urban,0,,,Fine,Null
1764113.9673,5910390.7279,804174,,521901,0,,0,1,,Null,2025/2026,ATKINSON AVENUE,LUKE STREET,,Non-Injury Crash,No,2025,,North,,0,,Flat,,,,,,Overcast,782000,0,0,0,2,,,0,,,,,,Auckland Region,Nil,2-way,Sealed,,0,0,,50,,None,0,0,,76,Auckland,Stop,,,,,1,0,Urban,0,,,Fine,Null
1754632.1759,5911454.5794,804188,,519001,0,0,0,1,0,East,2022/2023,HILLSBOROUGH ROAD,DOMINION ROAD EXTENSION,,Non-Injury Crash,No,2023,0,East,0,0,1,Hill Road,0,,0,,0,Bright sun,591800,0,0,0,2,0,0,0,0,0,,0,0,Auckland Region,Nil,2-way,Sealed,0,0,0,0,50,0,Off,0,0,,76,Auckland,Nil,0,0,0,0,0,0,Urban,0,0,0,Fine,Null
1762316.631,5913439.7761,804196,,520402,0,,0,2,,South,2022/2023,SOUTHERN MOTORWAY,PENROSE OBR,,Non-Injury Crash,Yes,2023,,South,,0,,Flat,,,,,,Overcast,642200,0,0,0,3,,,0,,,,,,Auckland Region,Nil,1-way,Sealed,,0,0,,100,,Off,0,0,,76,Auckland,Nil,,,,,0,0,Open,1,,,Fine,Null
1771883.7617,5907129.7518,804205,,523713,0,,0,1,,South,2025/2026,VALDERAMA DRIVE,SILVANA DRIVE,,Minor Crash,No,2025,,South,,0,,Flat,,,,,,Overcast,712500,1,0,0,2,,,0,,,,,,Auckland Region,Nil,2-way,Sealed,,0,0,,50,,Off,0,0,,76,Auckland,Nil,,,,,0,0,Urban,0,,,Fine,Null
1752740.1793,5918098.1216,804214,,515003,0,,0,2,,West,2024/2025,NORTH-WESTERN MOTORWAY,GREAT NORTH ROAD OFF RAMP,,Non-Injury Crash,Yes,2025,,West,,0,,Hill Road,,,,,,Overcast,390600,0,0,0,3,,,0,,,,,,Auckland Region,Nil,1-way,Sealed,,0,0,,80,,Off,0,0,,76,Auckland,Nil,,,,,0,0,Open,0,,,Light rain,Null
1767968.8807,5904388.8963,804237,,524604,0,0,0,1,0,North,2025/2026,SOUTHERN MOTORWAY,REDOUBT OBR,,Non-Injury Crash,Yes,2025,0,North,0,0,0,Flat,0,,0,,0,Twilight,780302,0,0,0,4,0,0,0,0,0,,0,0,Auckland Region,Motorway ramp,1-way,Sealed,0,0,0,0,100,0,Off,0,0,,76,Auckland,Nil,0,0,0,1,0,0,Open,1,0,0,Fine,Null
1744259.3223,5923168.0267,804244,,513521,0,,0,2,,South,2025/2026,NORTH-WESTERN MOTORWAY,HOBSONVILLE ROAD ON RAMP,,Non-Injury Crash,Yes,2026,,North,,0,,Flat,,Christmas New Year,,,,Dark,224233,0,0,0,3,,,0,,,,,,Auckland Region,Nil,1-way,Sealed,,0,0,,100,,On,0,0,,76,Auckland,Nil,,,,,0,0,Open,0,,,Fine,Null
1757178.6306,5920837.0574,804253,,514102,0,,0,1,,Null,2025/2026,HOBSON STREET,SWANSON STREET,,Minor Crash,No,2025,,South,,0,,Hill Road,,,,,,Overcast,433101,1,0,0,3,,,0,,,1,,,Auckland Region,Nil,1-way,Sealed,,0,0,,40,,Off,0,0,20,76,Auckland,Stop,,,,,0,0,Urban,0,,,Fine,Null
1760018.5538,5889514.7197,804260,,521122,0,,0,1,,North,2025/2026,KINGSEAT ROAD,SETTLEMENT ROAD,,Minor Crash,No,2026,,South,,0,,Flat,,,,,,Bright sun,811002,1,0,0,2,,,0,,,1,,,Auckland Region,Nil,2-way,Sealed,,0,0,,50,,Off,0,0,,76,Auckland,Nil,,,,,0,0,Urban,0,,,Fine,Null
1754584.9834,5920665.7428,804267,,515301,0,0,0,1,0,North,2023/2024,KELMARNA AVENUE,BULLER STREET,,Minor Crash,No,2023,0,North,0,0,0,Hill Road,0,,0,,0,Dark,426400,1,0,0,2,0,0,0,0,1,,0,0,Auckland Region,Nil,2-way,Sealed,0,0,0,0,50,0,On,1,0,,76,Auckland,Nil,0,0,0,0,0,0,Urban,0,0,0,Fine,Null
1757329.1901,5920759.2473,804275,,514102,1,,0,0,,Null,2025/2026,ALBERT STREET,SWANSON STREET,,Serious Crash,No,2025,,North,,0,,Flat,,,,,,Bright sun,433103,1,0,0,4,,,0,,,1,,,Auckland Region,Nil,2-way,Sealed,,0,1,,30,,None,0,0,,76,Auckland,Traffic Signals,,,,,0,0,Urban,0,,,Fine,Null
1760010.4942,5906380.1675,804283,,524111,0,0,0,2,0,East,2025/2026,CORNWALL ROAD,THOMAS ROAD,,Non-Injury Crash,No,2025,0,East,0,0,0,Flat,0,,0,,0,Dark,740500,0,0,0,2,0,0,0,0,1,,0,0,Auckland Region,Nil,2-way,Sealed,0,0,0,0,30,0,On,0,0,,76,Auckland,Nil,0,0,0,0,0,0,Urban,0,0,0,Fine,Null
1760035.2067,5909046.4587,804290,,524403,0,,1,1,,South,2023/2024,MAHUNGA DRIVE,MARKET COVE ROAD,,Serious Crash,No,2023,,South,,0,,Flat,,,,,,Bright sun,729500,0,0,0,2,,,0,,,,,,Auckland Region,Nil,2-way,Sealed,,0,1,,50,,Null,0,0,,76,Auckland,Nil,,,,,0,0,Urban,0,,,Fine,Null
1753923.435,5934598.5228,804307,,507102,0,0,0,2,0,South,2025/2026,EAST COAST ROAD,MULGAN WAY,,Non-Injury Crash,No,2026,0,South,0,0,0,Flat,0,,0,,0,Dark,159003,0,0,0,2,0,0,0,0,1,,0,0,Auckland Region,Nil,2-way,Sealed,0,0,0,0,50,0,On,0,0,,76,Auckland,Nil,0,0,0,0,0,0,Urban,0,0,0,Fine,Null
1751614.1754,5934077.1694,804308,,508701,0,,0,1,,Null,2024/2025,DAIRY FLAT HIGHWAY,ALBANY HIGHWAY,,Non-Injury Crash,No,2025,,South,,0,,Flat,,Queens Birthday,,,,Bright sun,178800,0,0,0,4,,,0,,,,,,Auckland Region,Nil,2-way,Sealed,,0,0,,50,,Null,0,0,,76,Auckland,Traffic Signals,,,,,0,1,Urban,0,,,Fine,Null