X,Y,OBJECTID,advisorySpeed,areaUnitID,bicycle,bridge,bus,carStationWagon,cliffBank,crashDirectionDescription,crashFinancialYear,crashLocation1,crashLocation2,crashRoadSideRoad,crashSeverity,crashSHDescription,crashYear,debris,directionRoleDescription,ditch,fatalCount,fence,flatHill,guardRail,holiday,houseOrBuilding,intersection,kerb,light,meshblockId,minorInjuryCount,moped,motorcycle,NumberOfLanes,objectThrownOrDropped,otherObject,otherVehicleType,overBank,parkedVehicle,pedestrian,phoneBoxEtc,postOrPole,region,roadCharacter,roadLane,roadSurface,roadworks,schoolBus,seriousInjuryCount,slipOrFlood,speedLimit,strayAnimal,streetLight,suv,taxi,temporarySpeedLimit,tlaId,tlaName,trafficControl,trafficIsland,trafficSign,train,tree,truck,unknownVehicleType,urban,vanOrUtility,vehicle,waterRiver,weatherA,weatherB
1767290.8577,5888084.4475,804316,,521122,0,0,0,1,0,Null,2024/2025,KARAKA ROAD,TE RATA BOULEVARD,,Non-Injury Crash,Yes,2025,0,South,0,0,0,Flat,0,,0,,1,Twilight,812800,0,0,0,1,0,1,0,0,0,,0,1,Auckland Region,Nil,1-way,Sealed,0,0,0,0,50,0,Off,0,0,,76,Auckland,Give way,0,0,0,0,0,0,Urban,0,0,0,Heavy rain,Frost
1767182.7491,5908538.636,804331,,523501,0,0,0,2,0,East,2024/2025,FRANKLYNE ROAD,CRAIG PLACE,,Non-Injury Crash,No,2025,0,West,0,0,0,Flat,0,,0,,0,Dark,704400,0,0,0,2,0,0,0,0,1,,0,0,Auckland Region,Nil,2-way,Sealed,0,0,0,0,50,0,On,0,0,30,76,Auckland,Nil,0,0,0,0,0,0,Urban,0,0,0,Fine,Null
1769296.3228,5900193.0448,804332,,525002,0,,0,2,,Null,2024/2025,GREAT SOUTH ROAD,KEVALE PLACE,,Non-Injury Crash,No,2025,,West,,0,,Null,,,,,,Bright sun,754000,0,0,0,2,,,0,,,,,,Auckland Region,Nil,2-way,Sealed,,0,0,,50,,Null,0,0,,76,Auckland,Give way,,,,,0,0,Urban,0,,,Null,Null
1745599.5674,5913187.031,804338,,511001,0,0,0,2,0,Null,2023/2024,SOLAR ROAD,PISCES ROAD,,Non-Injury Crash,No,2023,0,South,0,0,0,Hill Road,0,Labour Weekend,0,,1,Overcast,282820,0,0,0,2,0,0,0,0,1,,0,0,Auckland Region,Nil,2-way,Sealed,0,0,0,0,50,0,Off,0,0,,76,Auckland,Give way,1,0,0,0,0,0,Urban,0,0,0,Fine,Null
1746598.9184,5962315.2146,804340,,506613,0,0,0,1,0,North,2024/2025,NORTHERN MOTORWAY,PUHOI SOUTHBOUND ON RAMP,,Minor Crash,Yes,2025,0,South,0,0,0,Flat,1,,0,,0,Dark,146800,1,0,0,2,0,0,0,0,0,,0,0,Auckland Region,Nil,1-way,Sealed,0,0,0,0,100,0,None,0,0,,76,Auckland,Nil,0,0,0,0,0,0,Open,0,0,0,Fine,Null
1758303.4764,5918045.8037,804361,,517400,0,,0,1,,West,2025/2026,MORROW STREET,BOURKE STREET,,Non-Injury Crash,No,2025,,West,,0,,Null,,,,,,Bright sun,451300,0,0,0,2,,,0,,,,,,Auckland Region,Nil,1-way,Sealed,,0,0,,50,,Off,0,0,,76,Auckland,Nil,,,,,0,1,Urban,0,,,Fine,Null
1770469.6495,5904576.3166,804362,,523820,0,,0,1,,Null,2024/2025,MURPHYS ROAD,REDOUBT ROAD,,Non-Injury Crash,No,2025,,South,,0,,Null,,,,,,Bright sun,760000,0,0,0,2,,,0,,,,,,Auckland Region,Nil,2-way,Sealed,,0,0,,60,,Null,0,0,,76,Auckland,Stop,,,,,0,0,Urban,1,,,Fine,Null
1751527.8036,5916410.7427,804376,,514900,0,0,0,1,0,Null,2023/2024,GREAT NORTH ROAD,BLOCKHOUSE BAY ROAD,,Non-Injury Crash,No,2024,0,North,0,0,0,Flat,0,,0,,0,Overcast,384901,0,0,0,4,0,0,0,0,0,,1,0,Auckland Region,Nil,2-way,Sealed,0,0,0,0,50,0,Off,0,0,,76,Auckland,Give way,0,0,0,0,0,0,Urban,0,0,0,Light rain,Null
1758149.4749,5920027.6271,804378,,515902,0,,0,1,,Null,2024/2025,STANLEY STREET,ALTEN ROAD,,Non-Injury Crash,Yes,2025,,South,,0,,Flat,,,,,,Dark,452300,0,0,0,5,,,0,,,,,,Auckland Region,Nil,2-way,Sealed,,0,0,,50,,On,0,0,,76,Auckland,Traffic Signals,,,,,0,0,Urban,0,,,Fine,Null
1756844.186,5920157.9105,804384,,514102,0,,0,2,,West,2023/2024,COOK STREET,HOBSON STREET,,Non-Injury Crash,No,2023,,West,,0,,Hill Road,,,,,,Bright sun,434500,0,0,0,4,,,0,,,,,,Auckland Region,Nil,2-way,Sealed,,0,0,,30,,Off,0,1,,76,Auckland,Nil,,,,,0,0,Urban,0,,,Fine,Null
1760904.3603,5907717.4922,804394,,524510,0,,0,1,,Null,2025/2026,MCKINSTRY AVENUE,CRANMERE CRESCENT,,Non-Injury Crash,No,2025,,West,,0,,Flat,,,,,,Bright sun,736800,0,0,0,2,,,0,,,,,,Auckland Region,Nil,2-way,Sealed,,0,0,,50,,Null,0,0,,76,Auckland,Nil,,,,,0,0,Urban,1,,,Null,Null
1769381.6485,5900039.7645,804417,,525002,0,,0,1,,South,2025/2026,GREAT SOUTH ROAD,KEVALE PLACE,,Non-Injury Crash,No,2025,,South,,0,,Flat,,,,,,Overcast,753900,0,0,0,2,,,0,,,,,,Auckland Region,Nil,2-way,Sealed,,0,0,,50,,Off,0,0,,76,Auckland,Nil,,,,,1,0,Urban,0,,,Fine,Null
1756819.827,5915910.1971,804441,,518202,0,,0,2,,Null,2025/2026,BALMORAL ROAD,MOUNT EDEN ROAD,,Non-Injury Crash,No,2025,,East,,0,,Flat,,,,,,Bright sun,551600,0,0,0,4,,,0,,,,,,Auckland Region,Nil,1-way,Sealed,,0,0,,50,,Null,0,0,,76,Auckland,Traffic Signals,,,,,0,0,Urban,0,,,Fine,Null
1740688.2919,5928741.8936,804457,,505604,0,0,0,1,0,Null,2025/2026,OLD NORTH ROAD,OLD RAILWAY ROAD,,Minor Crash,No,2025,0,North,0,0,1,Flat,0,,0,,0,Bright sun,214501,4,0,0,2,0,0,0,0,0,,0,0,Auckland Region,Nil,2-way,Sealed,0,0,0,0,80,0,None,0,0,,76,Auckland,Stop,0,0,0,0,0,0,Open,1,0,0,Fine,Null
1771156.8478,5906246.0165,804458,,523713,0,,0,1,,North,2025/2026,MURPHYS ROAD,FLAT BUSH SCHOOL ROAD,,Non-Injury Crash,No,2025,,North,,0,,Null,,,,,,Twilight,712701,0,0,0,2,,,0,,,,,,Auckland Region,Nil,2-way,Sealed,,0,0,,60,,Null,0,0,,76,Auckland,Nil,,,,,0,0,Urban,1,,,Fine,Null
1756091.5265,5923705.3433,804472,,509800,0,,0,3,,North,2023/2024,NORTHERN MOTORWAY,NORTHERN MOTORWAY,,Non-Injury Crash,Yes,2023,,South,,0,,Flat,,,,,,Dark,358800,0,0,0,3,,,0,,,,,,Auckland Region,Nil,1-way,Sealed,,0,0,,80,,On,0,0,,76,Auckland,Nil,,,,,0,0,Open,0,,,Light rain,Null
1760410.2241,5911857.3288,804473,,520000,0,0,0,2,0,North,2024/2025,CAPTAIN SPRINGS ROAD,NEILSON STREET,,Non-Injury Crash,No,2025,0,North,0,0,0,Flat,0,,0,,0,Bright sun,607400,0,0,0,2,0,0,0,0,2,,0,0,Auckland Region,Nil,2-way,Sealed,0,0,0,0,50,0,None,1,0,,76,Auckland,Nil,0,0,0,0,0,0,Urban,1,0,0,Fine,Null
1755533.7395,5919168.1434,804479,,515420,0,0,0,3,0,North,2022/2023,WILLIAMSON AVENUE,TURAKINA STREET,,Non-Injury Crash,No,2023,0,North,0,0,0,Flat,0,,0,,0,Dark,410500,0,0,0,2,0,0,0,0,1,,0,0,Auckland Region,Nil,2-way,Sealed,0,0,0,0,50,0,On,0,0,,76,Auckland,Nil,0,0,0,0,0,0,Urban,0,0,0,Fine,Null
1770175.1637,5904996.0686,804481,,523712,0,0,0,2,0,South,2025/2026,PIKI STREET,RIPA STREET,,Non-Injury Crash,No,2025,0,South,0,0,0,Flat,0,Christmas New Year,0,,0,Dark,716300,0,0,0,1,0,0,0,0,1,,0,0,Auckland Region,Nil,1-way,Sealed,0,0,0,0,50,0,On,0,0,,76,Auckland,Nil,0,0,0,0,0,0,Urban,0,0,0,Fine,Null
1766764.9322,5904003.7568,804494,,524604,0,,0,1,,Null,2023/2024,LAMBIE DRIVE OFF RAMP,LAMBIE DRIVE,,Non-Injury Crash,No,2023,,East,,0,,Flat,,,,,,Dark,780209,0,0,0,4,,,0,,,,,,Auckland Region,Motorway ramp,1-way,Sealed,,0,0,,50,,On,0,0,,76,Auckland,Traffic Signals,,,,,0,0,Urban,1,,,Fine,Null
1746470.2536,5920069.8437,804504,,512402,0,,0,1,,East,2025/2026,NORTH-WESTERN MOTORWAY,HENDERSON CK BR,,Non-Injury Crash,Yes,2025,,West,,0,,Flat,,,,,,Overcast,252100,0,0,0,4,,,0,,,,,,Auckland Region,Nil,1-way,Sealed,,0,0,,100,,On,0,0,,76,Auckland,Nil,,,,,0,0,Open,1,,,Fine,Null
1769944.2825,5913248.0015,804512,,522722,0,0,0,0,0,South,2025/2026,AVIEMORE DRIVE,AMERCE PLACE,,Non-Injury Crash,No,2025,0,North,0,0,0,Flat,0,,0,,0,Bright sun,681333,0,0,0,2,0,0,0,0,1,,0,0,Auckland Region,Nil,2-way,Sealed,0,0,0,0,50,0,Null,0,0,,76,Auckland,Nil,0,0,0,0,1,0,Urban,1,0,0,Fine,Null
1756804.3407,5915913.7497,804520,,518301,0,,0,2,,Null,2025/2026,BALMORAL ROAD,MOUNT EDEN ROAD,,Non-Injury Crash,No,2026,,East,,0,,Flat,,,,,,Twilight,556600,0,0,0,7,,,0,,,,,,Auckland Region,Nil,2-way,Sealed,,0,0,,50,,On,0,0,,76,Auckland,Traffic Signals,,,,,0,0,Urban,0,,,Fine,Null
1770185.2525,5899090.0044,804550,,523920,0,,0,1,,West,2023/2024,GREAT SOUTH ROAD,CHALLEN CLOSE,,Non-Injury Crash,No,2024,,North,,0,,Flat,,,,,,Dark,768005,0,0,0,4,,,0,,,,,,Auckland Region,Nil,2-way,Sealed,,0,0,,50,,On,0,0,,76,Auckland,Nil,,,,,0,0,Urban,0,,,Fine,Null
1759085.3983,5906827.9505,804558,,524122,0,0,0,2,0,West,2024/2025,VISCOUNT STREET,MARINER STREET,,Minor Crash,No,2024,0,West,0,0,0,Flat,0,,0,,0,Twilight,739802,1,0,0,2,0,0,0,0,1,,0,0,Auckland Region,Nil,2-way,Sealed,0,0,0,0,50,0,On,0,0,,76,Auckland,Nil,0,0,0,0,0,0,Urban,0,0,0,Fine,Null
1750836.0729,5950291.5132,804568,,505805,0,,0,2,,North,2025/2026,MILLENNIAL WAY,WEST HOE HEIGHTS,,Non-Injury Crash,No,2025,,North,,0,,Flat,,,,,,Bright sun,171305,0,0,0,2,,,0,,,,,,Auckland Region,Nil,2-way,Sealed,,0,0,,30,,Null,0,0,,76,Auckland,Nil,,,,,0,0,Urban,0,,,Fine,Null
1755962.3327,5918577.5367,804575,,515500,0,,0,2,,South,2024/2025,NORTH-WESTERN MOTORWAY,NEWTON ROAD OFF RAMP,,Non-Injury Crash,Yes,2025,,North,,0,,Flat,,,,,,Dark,418600,0,0,0,4,,,0,,,,,,Auckland Region,Motorway ramp,1-way,Sealed,,0,0,,80,,On,0,0,,76,Auckland,Nil,,,,,0,0,Open,0,,,Fine,Null
1781372.1124,5904263.0208,804582,,525201,0,0,0,0,0,North,2025/2026,NORTH ROAD,TWILIGHT ROAD,,Non-Injury Crash,No,2025,0,North,1,0,0,Null,0,,0,,0,Unknown,762800,0,0,0,2,0,0,0,0,0,,0,0,Auckland Region,Nil,2-way,Sealed,0,0,0,0,50,0,Null,0,0,,76,Auckland,Nil,0,0,0,0,0,1,Urban,0,0,0,Light rain,Null
1756592.1896,5912809.8955,804583,,518701,0,0,0,0,0,West,2025/2026,SOUTH-WESTERN MOTORWAY,HILLSBOROUGH OBR,,Non-Injury Crash,Yes,2025,0,West,0,0,0,Hill Road,1,,0,,0,Dark,572100,0,0,0,3,0,0,0,0,0,,0,0,Auckland Region,Underpass,1-way,Sealed,0,0,0,0,100,0,On,0,0,,76,Auckland,Nil,0,0,0,0,1,0,Open,0,0,0,Light rain,Strong wind
1765731.8157,5906942.2442,804589,,522301,0,0,0,1,0,North,2022/2023,CHARLES STREET,KELLIHER LANE,,Non-Injury Crash,No,2023,0,West,0,0,0,Flat,0,,0,,0,Bright sun,666800,0,0,0,2,0,0,0,0,1,,0,0,Auckland Region,Nil,2-way,Sealed,0,0,0,0,50,0,Off,0,0,,76,Auckland,Nil,0,0,0,0,0,0,Urban,2,0,0,Fine,Null
1769154.6139,5907502.8659,804612,,523711,1,,0,1,,Null,2024/2025,ORMISTON ROAD,BISHOP LENIHAN PLACE,,Minor Crash,No,2024,,West,,0,,Flat,,,,,,Dark,712304,1,0,0,4,,,0,,,,,,Auckland Region,Nil,2-way,Sealed,,0,0,,60,,On,0,0,,76,Auckland,Give way,,,,,0,0,Urban,0,,,Fine,Null
1760056.066,5906271.9204,804614,,524200,0,0,0,1,0,East,2025/2026,MASSEY ROAD,THOMAS ROAD,,Non-Injury Crash,No,2025,0,West,0,0,0,Flat,0,,0,,0,Dark,728001,0,0,0,2,0,0,0,0,1,,0,0,Auckland Region,Nil,2-way,Sealed,0,0,0,0,50,0,On,1,0,,76,Auckland,Nil,0,0,0,0,0,0,Urban,0,0,0,Fine,Null
1733517.7553,5907665.725,804620,35,513800,0,0,0,1,0,West,2023/2024,PIHA ROAD,ARTHUR MEAD TRACK,,Minor Crash,No,2024,0,West,0,0,0,Hill Road,0,,0,,0,Overcast,282027,1,0,0,2,0,0,0,1,0,,0,0,Auckland Region,Nil,2-way,Sealed,0,0,0,0,80,0,None,0,0,,76,Auckland,Nil,0,0,0,0,0,0,Open,0,0,0,Fine,Null
1765410.2372,5914917.8058,804621,,520601,0,0,0,1,0,Null,2024/2025,TE KOA ROAD,NGARIMU ROAD,,Non-Injury Crash,No,2024,0,East,0,0,0,Hill Road,0,,0,,1,Bright sun,630800,0,0,0,2,0,0,0,0,0,,0,0,Auckland Region,Nil,2-way,Sealed,0,0,0,0,50,0,Off,0,0,,76,Auckland,Nil,0,0,0,0,0,0,Urban,0,0,0,Fine,Null
1766238.1565,5901070.2692,804628,,524711,0,0,0,1,0,South,2023/2024,SMEDLEY STREET,BURBANK AVENUE,,Non-Injury Crash,No,2023,0,North,0,0,1,Flat,0,,0,,0,Twilight,774602,0,0,0,2,0,0,0,0,0,,0,0,Auckland Region,Nil,2-way,Sealed,0,0,0,0,50,0,On,0,0,,76,Auckland,Nil,0,0,0,0,0,0,Urban,0,0,0,Fine,Null
1768118.0277,5902937.0372,804652,,524602,0,0,0,1,0,South,2022/2023,GREAT SOUTH ROAD,RATA VINE DRIVE,,Non-Injury Crash,No,2023,0,North,0,0,0,Flat,0,,0,,0,Dark,780407,0,0,0,4,0,1,0,0,0,,0,0,Auckland Region,Nil,2-way,Sealed,1,0,0,0,50,0,On,0,0,30,76,Auckland,Nil,0,0,0,0,0,0,Urban,0,1,0,Fine,Null
1777454.3934,5901396.8176,804661,,525201,0,,0,2,,East,2025/2026,CLEVEDON-TAKANINI ROAD,BURNSIDE ROAD,,Non-Injury Crash,No,2025,,West,,0,,Flat,,,,,,Bright sun,762302,0,0,0,2,,,0,,,,,,Auckland Region,Nil,2-way,Sealed,,0,0,,80,,None,0,0,,76,Auckland,Nil,,,,,0,0,Open,1,,,Fine,Null
1758086.5255,5917610.4659,804662,,515700,0,,0,1,,North,2025/2026,GILLIES AVENUE,ALPERS AVENUE,,Minor Crash,No,2026,,North,,0,,Flat,,,,,,Overcast,443700,1,0,1,4,,,0,,,,,,Auckland Region,Nil,2-way,Sealed,,0,0,,50,,On,0,0,,76,Auckland,Nil,,,,,0,0,Urban,0,,,Fine,Null
1756938.5405,5920306.0214,804670,,514102,0,0,0,1,0,West,2025/2026,PACIFIC PLACE,HOBSON STREET,,Non-Injury Crash,No,2025,0,West,0,0,0,Flat,0,,1,,0,Dark,434101,0,0,0,2,0,0,0,0,0,,0,0,Auckland Region,Nil,2-way,Sealed,0,0,0,0,30,0,On,0,0,,76,Auckland,Nil,0,0,0,0,0,0,Urban,0,0,0,Fine,Null
1752678.005,5935480.425,804677,,508701,0,,0,1,,North,2024/2025,NORTHERN MOTORWAY,OTEHA VALLEY ROAD ON RAMP,,Non-Injury Crash,Yes,2025,,North,,0,,Hill Road,,,,,,Bright sun,178501,0,0,0,3,,,0,,,,,,Auckland Region,Nil,1-way,Sealed,,0,0,,100,,Off,0,0,,76,Auckland,Nil,,,,,0,0,Open,1,,,Fine,Null
1745266.0478,5919404.0502,804678,,513301,0,,0,2,,North,2025/2026,LINCOLN ROAD,POINSETTIA PLACE,,Non-Injury Crash,No,2025,,South,,0,,Null,,,,,,Twilight,232003,0,0,0,4,,,0,,,,,,Auckland Region,Nil,2-way,Sealed,,0,0,,50,,Null,0,0,,76,Auckland,Nil,,,,,0,0,Urban,0,,,Fine,Null
1746037.4254,5918796.0427,804693,,512401,0,,0,2,,North,2024/2025,VODANOVICH ROAD,SCHOOL ROAD,,Non-Injury Crash,No,2025,,North,,0,,Hill Road,,,,,,Bright sun,255300,0,0,0,2,,,0,,,,,,Auckland Region,Nil,2-way,Sealed,,0,0,,50,,Off,0,0,,76,Auckland,Nil,,,,,0,0,Urban,0,,,Fine,Null
1758038.8679,5913467.5184,804724,,519710,0,,0,1,,Null,2023/2024,MOUNT ALBERT ROAD,ERSON AVENUE,,Minor Crash,No,2023,,East,,0,,Flat,,,,,,Dark,596100,1,0,0,4,,,0,,,1,,,Auckland Region,Nil,2-way,Sealed,,0,0,,50,,On,0,0,,76,Auckland,Stop,,,,,0,0,Urban,0,,,Fine,Null
1765125.296,5909811.2378,804758,,521802,0,,0,1,,South,2025/2026,SOUTHERN MOTORWAY,TRENWITH OBR,,Non-Injury Crash,Yes,2025,,North,,0,,Flat,,,,,,Overcast,788203,0,0,0,3,,,0,,,,,,Auckland Region,Nil,1-way,Sealed,,0,0,,100,,Off,0,0,,76,Auckland,Nil,,,,,0,0,Open,1,,,Light rain,Null
1760067.6262,5908193.1476,804766,,524403,0,,0,5,,South,2025/2026,SOUTH-WESTERN MOTORWAY,HALL FTBR,,Non-Injury Crash,Yes,2026,,South,,0,,Flat,,,,,,Bright sun,731104,0,0,0,2,,,0,,,,,,Auckland Region,Nil,1-way,Sealed,,0,0,,100,,Off,1,0,,76,Auckland,Nil,,,,,0,0,Open,0,,,Fine,Null
1754649.6023,5916526.6186,804796,,517702,0,,0,3,,Null,2022/2023,ST LUKES ROAD,KINGSWAY AVENUE,,Non-Injury Crash,No,2023,,West,,0,,Flat,,,,,,Bright sun,540300,0,0,0,2,,,0,,,,,,Auckland Region,Nil,2-way,Sealed,,0,0,,50,,Off,0,0,,76,Auckland,Traffic Signals,,,,,0,0,Urban,0,,,Fine,Null
1745276.2715,5917345.9224,804821,,510800,0,,0,2,,West,2024/2025,HENDERSON VALLEY ROAD,STEVIES LANE,,Non-Injury Crash,No,2025,,East,,0,,Hill Road,,,,,,Overcast,241600,0,0,0,3,,,0,,,,,,Auckland Region,Underpass,2-way,Sealed,,0,0,,50,,Off,0,0,,76,Auckland,Nil,,,,,0,0,Urban,0,,,Light rain,Null
1749998.2039,5945947.369,804828,,506001,0,0,0,1,0,North,2023/2024,TAVERN ROAD,BLUE GUM AVENUE,,Non-Injury Crash,No,2023,0,South,0,0,0,Hill Road,0,,0,,0,Overcast,175502,0,0,0,2,0,0,0,0,0,,1,0,Auckland Region,Nil,2-way,Sealed,0,0,0,0,50,0,Off,0,0,,76,Auckland,Nil,0,0,0,0,0,0,Urban,0,0,0,Light rain,Null
1776192.2834,5884254.652,804835,,521132,0,,0,1,,North,2022/2023,SOUTHERN MOTORWAY,ST STEPHENS OBR,,Non-Injury Crash,Yes,2023,,South,,0,,Flat,,,,,,Overcast,814702,0,0,0,3,,,0,,,,,,Auckland Region,Nil,1-way,Sealed,,0,0,,100,,Off,0,0,,76,Auckland,Nil,,,,,1,0,Open,0,,,Fine,Null
1744715.1769,5910395.1509,804836,,512902,0,,0,0,,Null,2025/2026,SHAW ROAD,SCENIC DRIVE,,Serious Crash,No,2025,,East,,0,,Hill Road,,,,,,Bright sun,282302,0,0,1,2,,,0,,,,,,Auckland Region,Nil,2-way,Sealed,,0,1,,50,,Off,0,0,,76,Auckland,Stop,,,,,0,0,Urban,0,,,Fine,Null
1763065.0823,5912896.897,804851,,520402,0,0,0,1,0,East,2022/2023,SOUTH-EASTERN HWY OFF RAMP,SOUTHERN MOTORWAY,,Non-Injury Crash,No,2023,0,East,0,0,0,Flat,1,,0,,0,Dark,642500,0,0,0,1,0,0,0,0,0,,0,0,Auckland Region,Nil,1-way,Sealed,0,0,0,0,100,0,On,0,0,,76,Auckland,Nil,0,0,0,0,0,0,Open,0,0,0,Fine,Null
1757760.2994,5918244.0803,804853,,515700,0,,0,2,,South,2025/2026,SOUTHERN MOTORWAY,MOUNTAIN OBR,,Non-Injury Crash,Yes,2025,,South,,0,,Flat,,,,,,Bright sun,443200,0,0,0,4,,,0,,,,,,Auckland Region,Motorway ramp,1-way,Sealed,,0,0,,80,,Off,0,0,,76,Auckland,Nil,,,,,1,0,Open,0,,,Fine,Null
1766130.5931,5907360.8518,804868,,522302,0,,0,2,,North,2025/2026,EAST TAMAKI ROAD,HUIA ROAD,,Non-Injury Crash,No,2025,,South,,0,,Null,,,,,,Unknown,667700,0,0,0,2,,,0,,,,,,Auckland Region,Nil,2-way,Sealed,,0,0,,50,,Null,0,0,,76,Auckland,Nil,,,,,0,0,Urban,0,,,Null,Null
1751765.6245,5912391.2197,804869,,514700,0,,0,2,,East,2025/2026,DONOVAN STREET,BLOCKHOUSE BAY ROAD,,Minor Crash,No,2025,,East,,0,,Flat,,,,,,Dark,368900,3,0,0,2,,,0,,,,,,Auckland Region,Nil,1-way,Sealed,,0,0,,50,,On,1,0,,76,Auckland,Nil,,,,,0,0,Urban,0,,,Light rain,Null
1761413.5388,5914333.8302,804892,,520202,0,,0,1,,Null,2025/2026,ELLERSLIE-PANMURE HWY OFF RAMP,ELLERSLIE-PANMURE HIGHWAY,,Non-Injury Crash,No,2025,,East,,0,,Flat,,Christmas New Year,,,,Overcast,612501,0,0,0,2,,,0,,,,,,Auckland Region,Nil,2-way,Sealed,,0,0,,50,,Off,0,0,,76,Auckland,Give way,,,,,0,0,Urban,1,,,Light rain,Null
1763755.7414,5912590.7537,804907,,520500,0,,0,2,,West,2023/2024,MOUNT WELLINGTON HWY ON RAMP,MOUNT WELLINGTON HIGHWAY,,Minor Crash,No,2023,,West,,0,,Flat,,,,,,Bright sun,637300,1,0,0,3,,,0,,,,,,Auckland Region,Motorway ramp,1-way,Sealed,,0,0,,50,,Off,0,0,,76,Auckland,Traffic Signals,,,,,0,0,Urban,0,,,Fine,Null
1754942.3219,5918313.2171,804916,,515500,0,,0,2,,East,2024/2025,NORTH-WESTERN MOTORWAY,MOUNTAIN VIEW OBR,,Non-Injury Crash,Yes,2025,,East,,0,,Flat,,,,,,Twilight,418800,0,0,0,4,,,0,,,,,,Auckland Region,Nil,1-way,Sealed,,0,0,,80,,Off,0,0,,76,Auckland,Nil,,,,,0,0,Open,0,,,Fine,Null
1756168.446,5924530.7647,804925,,509702,0,,0,3,,Null,2025/2026,ONEWA ROAD,SYLVAN AVENUE,,Minor Crash,No,2025,,East,,0,,Flat,,,,,,Bright sun,366700,1,0,0,2,,,0,,,,,,Auckland Region,Motorway ramp,1-way,Sealed,,0,0,,50,,Off,0,0,,76,Auckland,Traffic Signals,,,,,0,0,Urban,0,,,Fine,Null
1761349.7366,5920133.2101,804933,,516400,0,0,0,1,0,West,2024/2025,TAMAKI DRIVE,POKANOA POINT ENT,,Non-Injury Crash,No,2025,0,West,0,0,0,Flat,0,,0,,0,Dark,496600,0,0,0,3,0,0,0,0,0,,0,0,Auckland Region,Nil,2-way,Sealed,0,0,0,0,50,0,On,0,0,,76,Auckland,Nil,0,0,0,1,0,0,Urban,0,0,0,Fine,Null
1757763.9494,5918212.3448,804947,,515700,0,,0,2,,South,2024/2025,SOUTHERN MOTORWAY,MOUNTAIN OBR,,Minor Crash,Yes,2024,,North,,0,,Flat,,,,,,Overcast,443600,2,0,0,4,,,0,,,,,,Auckland Region,Nil,1-way,Sealed,,0,0,,80,,Off,1,0,,76,Auckland,Nil,,,,,0,0,Open,0,,,Light rain,Null
1756159.0792,5917171.3983,804948,,518201,0,0,0,0,0,West,2024/2025,EWINGTON AVENUE,KENYON AVENUE,,Serious Crash,No,2025,0,East,0,0,0,Flat,0,,0,,0,Dark,547900,0,0,0,2,0,0,0,0,0,1,0,1,Auckland Region,Nil,2-way,Sealed,0,0,1,0,30,0,On,0,0,,76,Auckland,Nil,0,0,0,0,0,1,Urban,0,0,0,Fine,Null
1763404.8316,5907557.7518,804955,,524301,1,,0,1,,Null,2023/2024,GRAY AVENUE,EARLSWORTH ROAD,,Non-Injury Crash,No,2023,,East,,0,,Flat,,,,,,Overcast,749002,0,0,0,2,,,0,,,,,,Auckland Region,Nil,2-way,Sealed,,0,0,,50,,Off,0,0,,76,Auckland,Give way,,,,,0,0,Urban,0,,,Light rain,Null
1764748.4681,5916851.944,804964,,520301,0,,0,0,,Null,2025/2026,MERTON ROAD,HOWARD HUNTER AVENUE,,Minor Crash,No,2025,,West,,0,,Flat,,,,,,Bright sun,465302,1,0,1,2,,,0,,,,,,Auckland Region,Nil,2-way,Sealed,,0,0,,50,,Off,0,0,,76,Auckland,Stop,,,,,0,0,Urban,1,,,Fine,Null
1746948.1649,5922438.9891,804973,,512201,0,0,1,2,0,North,2025/2026,TE ATATU ROAD,KERVIL AVENUE,,Non-Injury Crash,No,2026,0,North,0,0,0,Flat,0,Christmas New Year,0,,0,Dark,246500,0,0,0,2,0,0,0,0,2,,0,0,Auckland Region,Nil,2-way,Sealed,0,0,0,0,50,0,On,0,0,,76,Auckland,Nil,0,0,0,0,0,0,Urban,0,0,0,Light rain,Null
1756138.0881,5923919.7612,804979,,509800,0,,0,1,,South,2023/2024,NORTHERN MOTORWAY,WEIGH BRIDGE,,Non-Injury Crash,Yes,2024,,South,,0,,Flat,,,,,,Dark,361200,0,0,0,5,,,0,,,,,,Auckland Region,Nil,1-way,Sealed,,0,0,,80,,On,1,0,,76,Auckland,Nil,,,,,0,0,Open,0,,,Fine,Null
1770603.8181,5911251.6907,804989,,523106,0,,0,0,,West,2024/2025,TI RAKAU DRIVE,CHAPEL ROAD,,Non-Injury Crash,No,2025,,East,,0,,Null,,,,,,Twilight,711174,0,0,0,2,,,0,,,,,,Auckland Region,Nil,1-way,Sealed,,0,0,,50,,Null,1,0,,76,Auckland,Nil,,,,,0,0,Urban,0,,,Fine,Null
1736851.6252,5920477.1754,805002,,505700,0,0,0,1,0,West,2024/2025,BETHELLS ROAD,WAIRERE ROAD,,Minor Crash,No,2024,0,East,1,0,0,Flat,0,,0,,0,Twilight,216700,1,0,0,2,0,0,0,0,0,,0,0,Auckland Region,Nil,2-way,Sealed,0,0,0,0,60,0,None,0,0,,76,Auckland,Nil,0,0,0,0,0,0,Urban,0,0,0,Fine,Null
1772477.1649,5896951.787,805010,,525420,0,,0,2,,Null,2023/2024,GREAT SOUTH ROAD,COLES CRESCENT,,Non-Injury Crash,No,2024,,North,,0,,Flat,,,,,,Twilight,790700,0,0,0,2,,,0,,,,,,Auckland Region,Nil,2-way,Sealed,,0,0,,50,,On,0,0,,76,Auckland,Stop,,,,,0,0,Urban,0,,,Fine,Null