X,Y,OBJECTID,advisorySpeed,areaUnitID,bicycle,bridge,bus,carStationWagon,cliffBank,crashDirectionDescription,crashFinancialYear,crashLocation1,crashLocation2,crashRoadSideRoad,crashSeverity,crashSHDescription,crashYear,debris,directionRoleDescription,ditch,fatalCount,fence,flatHill,guardRail,holiday,houseOrBuilding,intersection,kerb,light,meshblockId,minorInjuryCount,moped,motorcycle,NumberOfLanes,objectThrownOrDropped,otherObject,otherVehicleType,overBank,parkedVehicle,pedestrian,phoneBoxEtc,postOrPole,region,roadCharacter,roadLane,roadSurface,roadworks,schoolBus,seriousInjuryCount,slipOrFlood,speedLimit,strayAnimal,streetLight,suv,taxi,temporarySpeedLimit,tlaId,tlaName,trafficControl,trafficIsland,trafficSign,train,tree,truck,unknownVehicleType,urban,vanOrUtility,vehicle,waterRiver,weatherA,weatherB
1744018.4347,5924000.3785,805018,,513521,0,,0,2,,North,2023/2024,NORTH-WESTERN MOTORWAY,HOBSONVILLE ROAD ON RAMP,,Non-Injury Crash,Yes,2023,,South,,0,,Flat,,Labour Weekend,,,,Overcast,224240,0,0,0,3,,,0,,,,,,Auckland Region,Nil,1-way,Sealed,,0,0,,100,,None,0,0,,76,Auckland,Nil,,,,,0,0,Open,0,,,Fine,Null
1758613.3072,5917569.0808,805019,,516001,0,,0,1,,Null,2025/2026,ST MARKS ROAD,ST MARKS ROAD ON RAMP,,Minor Crash,No,2025,,West,,0,,Flat,,,,,,Bright sun,491000,1,0,0,2,,,0,,,,,,Auckland Region,Underpass,2-way,Sealed,,0,0,,50,,None,1,0,,76,Auckland,Give way,,,,,0,0,Urban,0,,,Fine,Null
1758279.7851,5928632.4215,805026,,507800,0,0,0,1,0,East,2023/2024,KITCHENER ROAD,TIRI ROAD,,Non-Injury Crash,No,2024,0,West,0,0,0,Flat,0,,0,,0,Dark,309200,0,0,0,2,0,0,0,0,1,,0,0,Auckland Region,Nil,2-way,Sealed,0,0,0,0,50,0,On,1,0,,76,Auckland,Nil,0,0,0,0,0,0,Urban,0,0,0,Fine,Null
1766325.9165,5913261.6841,805028,,522820,0,,0,4,,West,2025/2026,PAKURANGA ROAD,TI RAKAU DRIVE,,Non-Injury Crash,No,2025,,East,,0,,Flat,,,,,,Overcast,695600,0,0,0,2,,,0,,,,,,Auckland Region,Nil,1-way,Sealed,,0,0,,50,,Off,0,0,,76,Auckland,Nil,,,,,0,0,Urban,0,,,Light rain,Null
1747913.63,5914715.8849,805050,,511700,0,0,0,1,0,West,2023/2024,KELMAN ROAD,MANATU LANE,,Non-Injury Crash,No,2023,0,South,0,0,0,Hill Road,0,,0,,0,Dark,272002,0,0,0,2,0,0,0,0,1,,0,0,Auckland Region,Nil,2-way,Sealed,0,0,0,0,50,0,On,1,0,,76,Auckland,Nil,0,0,0,0,0,0,Urban,0,0,0,Fine,Null
1744826.0089,5919238.6936,805083,,513302,0,0,0,1,0,West,2025/2026,POMARIA ROAD,KINGDALE ROAD,,Minor Crash,No,2025,0,West,0,0,1,Hill Road,0,,0,,0,Dark,232201,1,0,0,2,0,0,0,0,0,,0,1,Auckland Region,Nil,2-way,Sealed,0,0,0,0,30,0,On,0,0,,76,Auckland,Nil,0,0,0,0,0,0,Urban,0,0,0,Light rain,Null
1757139.5402,5925944.1851,805090,,507900,0,,0,2,,South,2024/2025,NORTHERN MOTORWAY,ESMONDE OBR,,Minor Crash,Yes,2024,,North,,0,,Flat,,,,,,Dark,304000,2,0,0,3,,,0,,,,,,Auckland Region,Underpass,1-way,Sealed,,0,0,,100,,On,0,0,,76,Auckland,Nil,,,,,0,0,Open,0,,,Fine,Null
1768924.578,5900828.1003,805105,,525002,0,,0,2,,Null,2023/2024,GREAT SOUTH ROAD,WEYMOUTH ROAD,,Non-Injury Crash,No,2023,,South,,0,,Flat,,Labour Weekend,,,,Bright sun,752802,0,0,0,1,,,0,,,,,,Auckland Region,Nil,2-way,Sealed,,0,0,,50,,Off,0,0,40,76,Auckland,Nil,,,,,0,0,Urban,0,,,Fine,Null
1767644.3011,5912560.0168,805123,,522910,0,0,0,2,0,South,2024/2025,UDYS ROAD,PARKVIEW PLACE,,Non-Injury Crash,No,2025,0,North,0,0,0,Flat,0,,0,,0,Dark,686600,0,0,0,2,0,0,0,0,1,,0,0,Auckland Region,Nil,2-way,Sealed,0,0,0,0,50,0,On,0,0,30,76,Auckland,Nil,0,0,0,0,0,0,Urban,0,0,0,Fine,Null
1750381.601,5913775.6835,805131,,511303,0,,0,2,,Null,2024/2025,WARD STREET,CLARK STREET,,Non-Injury Crash,No,2025,,North,,0,,Null,,,,,,Bright sun,265100,0,0,0,2,,,0,,,,,,Auckland Region,Nil,2-way,Sealed,,0,0,,50,,Null,0,0,,76,Auckland,Traffic Signals,,,,,0,0,Urban,0,,,Fine,Null
1757757.7457,5912402.2946,805137,,519810,0,0,0,0,0,North,2023/2024,PLEASANT STREET,JACKSON STREET,,Minor Crash,No,2023,0,North,0,0,0,Hill Road,0,,0,,0,Dark,596700,1,0,0,2,0,0,0,0,1,,0,0,Auckland Region,Nil,2-way,Sealed,0,0,0,0,50,0,None,2,0,,76,Auckland,Nil,0,0,0,0,0,0,Urban,0,0,0,Fine,Null
1761402.0383,5916945.3348,805138,,516202,0,0,1,0,0,North,2025/2026,UPLAND ROAD,REMUERA ROAD,,Non-Injury Crash,No,2025,0,South,0,0,0,Hill Road,0,,0,,0,Bright sun,489900,0,0,0,2,0,0,0,0,0,,0,1,Auckland Region,Nil,2-way,Sealed,0,0,0,0,50,0,Off,0,0,,76,Auckland,Nil,0,0,0,0,0,0,Urban,0,0,0,Fine,Strong wind
1765427.6801,5906752.9835,805139,,522202,0,,0,1,,Null,2025/2026,SUTTON CRESCENT,KOLMAR ROAD,,Serious Crash,No,2025,,North,,0,,Hill Road,,,,,,Overcast,663600,0,0,0,2,,,0,,,1,,,Auckland Region,Nil,2-way,Sealed,,0,1,,50,,Off,0,0,,76,Auckland,Give way,,,,,0,0,Urban,0,,,Fine,Null
1763978.4642,5909759.5119,805145,,521901,0,,0,1,,West,2023/2024,MASON AVENUE,GREAT SOUTH ROAD,,Minor Crash,No,2023,,North,,0,,Flat,,,,,,Bright sun,784400,1,0,0,2,,,0,,,1,,,Auckland Region,Nil,2-way,Sealed,,0,0,,50,,Off,0,0,,76,Auckland,Nil,,,,,0,0,Urban,0,,,Fine,Null
1749975.3491,5945781.4376,805153,,506001,0,,0,2,,Null,2023/2024,FOUNDRY ROAD,ANVIL ROAD,,Minor Crash,No,2024,,East,,0,,Hill Road,,,,,,Bright sun,175701,1,0,0,2,,,0,,,,,,Auckland Region,Nil,2-way,Unsealed,,0,0,,50,,Off,0,0,,76,Auckland,Give way,,,,,0,0,Urban,0,,,Fine,Null
1771753.3088,5909905.4146,805154,,523114,0,0,0,1,0,East,2025/2026,MASONS ROAD,POINT VIEW DRIVE,,Non-Injury Crash,No,2025,0,East,0,0,0,Null,0,,0,,0,Dark,718100,0,0,0,2,0,0,0,0,1,,0,0,Auckland Region,Nil,2-way,Sealed,0,0,0,0,50,0,Null,1,0,,76,Auckland,Nil,0,0,0,0,0,0,Urban,0,0,0,Fine,Null
1768928.7135,5900844.6854,805155,,524902,0,,0,1,,Null,2024/2025,ALFRISTON ROAD,GREAT SOUTH ROAD,,Non-Injury Crash,No,2025,,West,,0,,Null,,,,,,Bright sun,758200,0,0,0,4,,,0,,,,,,Auckland Region,Nil,2-way,Sealed,,0,0,,50,,Null,0,0,,76,Auckland,Traffic Signals,,,,,0,0,Urban,1,,,Fine,Null
1756457.7507,5936716.4279,805171,,507000,0,,0,1,,North,2025/2026,BEACH ROAD,ELLANGOWAN ROAD,,Non-Injury Crash,No,2025,,North,,0,,Flat,,,,,,Twilight,164300,0,0,0,2,,,0,,,,,,Auckland Region,Nil,2-way,Sealed,,0,0,,50,,Off,0,0,,76,Auckland,Nil,,,,,0,0,Urban,1,,,Fine,Null
1754414.7273,5912791.2709,805186,,518901,0,0,0,2,0,North,2024/2025,RICHARDSON ROAD,FREER STREET,,Non-Injury Crash,No,2025,0,North,0,0,0,Hill Road,0,,0,,0,Dark,586000,0,0,0,2,0,0,0,0,1,,0,0,Auckland Region,Nil,2-way,Sealed,0,0,0,0,50,0,On,0,0,,76,Auckland,Nil,0,0,0,0,0,0,Urban,0,0,0,Fine,Null
1771816.5521,5895196.0901,805187,,525530,0,,0,2,,East,2025/2026,BEACH ROAD,ELLIOT STREET,,Non-Injury Crash,No,2025,,West,,0,,Flat,,,,,,Bright sun,804901,0,0,0,2,,,0,,,,,,Auckland Region,Nil,2-way,Sealed,,0,0,,50,,Off,0,0,,76,Auckland,Nil,,,,,0,0,Urban,1,,,Fine,Null
1766538.8322,5903853.4017,805194,,524604,0,,0,2,,East,2025/2026,SOUTH-WESTERN MOTORWAY,LAMBIE DRIVE OFF RAMP,,Non-Injury Crash,Yes,2025,,East,,0,,Flat,,,,,,Dark,780210,0,0,0,2,,,0,,,,,,Auckland Region,Nil,1-way,Sealed,,0,0,,100,,On,1,0,,76,Auckland,Nil,,,,,0,0,Open,0,,,Fine,Null
1750639.6785,5915776.065,805208,,514802,0,,0,2,,West,2022/2023,VICTOR STREET,ASPEN STREET,,Non-Injury Crash,No,2023,,West,,0,,Flat,,,,,,Unknown,390200,0,0,0,2,,,0,,,,,,Auckland Region,Nil,2-way,Sealed,,0,0,,30,,Off,0,0,,76,Auckland,Nil,,,,,0,0,Urban,0,,,Null,Null
1746692.7061,5917780.6826,805232,,512500,0,,0,3,,Null,2024/2025,TE ATATU ROAD,ROBERTS ROAD,,Minor Crash,No,2025,,South,,0,,Flat,,,,,,Dark,257300,1,0,0,2,,,0,,,,,,Auckland Region,Nil,2-way,Sealed,,0,0,,50,,On,0,0,,76,Auckland,Traffic Signals,,,,,0,0,Urban,0,,,Fine,Null
1739765.476,5930366.597,805240,,505604,0,,0,1,,Null,2025/2026,OLD NORTH ROAD,ORAHA ROAD,,Minor Crash,No,2025,,North,,0,,Hill Road,,,,,,Overcast,214202,1,0,1,2,,,0,,,,,,Auckland Region,Nil,2-way,Sealed,,0,0,,80,,None,0,0,,76,Auckland,Give way,,,,,0,0,Open,0,,,Heavy rain,Strong wind
1770382.8681,5898896.1356,805241,,523920,0,,0,2,,South,2025/2026,GREAT SOUTH ROAD,MANUROA ROAD,,Non-Injury Crash,No,2025,,North,,0,,Flat,,,,,,Dark,768008,0,0,0,2,,,0,,,,,,Auckland Region,Nil,2-way,Sealed,,0,0,,50,,On,0,0,,76,Auckland,Nil,,,,,0,0,Urban,0,,,Fine,Null
1750634.9291,5913715.7375,805248,,511303,0,,1,1,,East,2025/2026,CLARK STREET,OLYMPIC PLACE,,Non-Injury Crash,No,2025,,West,,0,,Null,,,,,,Overcast,265200,0,0,0,4,,,0,,,,,,Auckland Region,Nil,2-way,Sealed,,0,0,,50,,Null,0,0,,76,Auckland,Nil,,,,,0,0,Urban,0,,,Light rain,Null
1756542.369,5932675.9308,805263,,507400,0,0,0,1,0,Null,2024/2025,HASTINGS ROAD,BEACH ROAD,,Serious Crash,No,2025,0,East,0,0,0,Flat,0,,1,,0,Bright sun,152000,2,0,0,2,0,0,0,0,0,3,0,0,Auckland Region,Nil,2-way,Sealed,0,0,3,0,50,0,On,0,0,,76,Auckland,Give way,0,0,0,0,0,0,Urban,0,0,0,Fine,Null
1759713.6153,5916227.1682,805270,,516002,0,,0,0,,West,2025/2026,SOUTHERN MOTORWAY,GREEN LANE EAST OFF RAMP,,Non-Injury Crash,Yes,2025,,South,,0,,Flat,,,,,,Bright sun,492000,0,0,0,4,,,0,,,,,,Auckland Region,Nil,1-way,Sealed,,0,0,,100,,Off,0,0,,76,Auckland,Nil,,,,,0,0,Open,2,,,Fine,Null
1743514.3538,5924539.8203,805271,,513410,0,,0,0,,North,2025/2026,MAKI STREET,KEDGLEY ROAD,,Non-Injury Crash,No,2025,,South,,0,,Flat,,,,,,Bright sun,224000,0,0,0,2,,,0,,,,,,Auckland Region,Nil,2-way,Sealed,,0,0,,50,,Off,1,0,,76,Auckland,Nil,,,,,0,0,Urban,1,,,Fine,Null
1751611.3645,5913754.8896,805286,,514402,0,,0,1,,Null,2024/2025,BLOCKHOUSE BAY ROAD,MIRANDA STREET,,Non-Injury Crash,No,2025,,South,,0,,Flat,,,,,,Bright sun,378800,0,0,0,2,,,0,,,,,,Auckland Region,Nil,2-way,Sealed,,0,0,,50,,Null,0,0,,76,Auckland,Give way,,,,,0,0,Urban,0,,,Fine,Null
1765684.7709,5916024.6752,805287,,517100,0,0,0,1,1,Null,2025/2026,NGAKAHIKATEA LANE,PARATA STREET,,Non-Injury Crash,No,2025,0,Null,0,0,1,Null,0,,1,,0,Bright sun,479500,0,0,0,2,0,0,0,0,0,,0,0,Auckland Region,Nil,2-way,Sealed,0,0,0,0,50,0,Null,0,0,,76,Auckland,Stop,0,0,0,0,0,0,Urban,0,0,0,Fine,Null
1750854.3576,5926022.984,805311,,510020,0,,0,2,,Null,2025/2026,RANGATIRA ROAD,TEAL CRESCENT,,Non-Injury Crash,No,2025,,North,,0,,Flat,,,,,,Overcast,344901,0,0,0,2,,,0,,,,,,Auckland Region,Nil,2-way,Sealed,,0,0,,50,,Off,0,0,,76,Auckland,Stop,,,,,0,0,Urban,0,,,Fine,Null
1765727.0417,5906738.4638,805319,,522202,0,,0,2,,Null,2025/2026,GREAT SOUTH ROAD,SUTTON CRESCENT,,Non-Injury Crash,No,2025,,North,,0,,Flat,,,,,,Dark,663500,0,0,0,4,,,0,,,,,,Auckland Region,Nil,2-way,Sealed,,0,0,,50,,On,0,0,,76,Auckland,Traffic Signals,,,,,0,0,Urban,0,,,Light rain,Null
1768518.7697,5899424.5234,805349,,525102,0,,0,1,,Null,2025/2026,MAHIA ROAD,COXHEAD ROAD,,Non-Injury Crash,No,2025,,West,,0,,Flat,,,,,,Overcast,768300,0,0,0,2,,,0,,,,,,Auckland Region,Nil,2-way,Sealed,,0,0,,50,,None,0,0,,76,Auckland,Give way,,,,,0,0,Urban,1,,,Fine,Null
1766096.4224,5917915.3524,805350,,517001,0,0,0,2,0,Null,2025/2026,PADDINGTON STREET,WEST TAMAKI ROAD,,Non-Injury Crash,No,2025,0,North,0,0,1,Flat,0,Christmas New Year,0,,0,Twilight,471100,0,0,0,2,0,0,0,0,1,,0,0,Auckland Region,Nil,2-way,Sealed,0,0,0,0,50,0,On,0,0,,76,Auckland,Stop,0,0,0,0,0,0,Urban,0,0,0,Light rain,Null
1770396.5642,5906344.4212,805365,,523712,0,,0,0,,Null,2025/2026,FLAT BUSH SCHOOL ROAD,LOUIS BRAILLE LANE,,Serious Crash,No,2026,,West,,0,,Flat,,,,,,Bright sun,713300,0,0,0,2,,,0,,,1,,,Auckland Region,Nil,2-way,Sealed,,0,1,,50,,Off,0,0,,76,Auckland,Give way,,,,,0,0,Urban,0,,,Fine,Null
1764459.1812,5913030.7602,805382,,520500,0,,0,1,,North,2025/2026,CARBINE ROAD,SOUTH-EASTERN HIGHWAY,,Non-Injury Crash,No,2025,,North,,0,,Flat,,,,,,Bright sun,639100,0,0,0,4,,,0,,,,,,Auckland Region,Nil,2-way,Sealed,,0,0,,50,,Null,0,0,,76,Auckland,Nil,,,,,0,0,Urban,1,,,Fine,Null
1772694.6243,5905180.429,805390,,523713,0,0,0,2,0,South,2024/2025,MICHAEL BOSHER WAY,RATHFARNHAM ROAD,,Non-Injury Crash,No,2025,0,South,0,0,0,Hill Road,0,,0,,0,Dark,717201,0,0,0,2,0,0,0,0,1,,0,0,Auckland Region,Speed hump,2-way,Sealed,0,0,0,0,50,0,On,0,0,,76,Auckland,Nil,0,0,0,0,0,0,Urban,0,0,0,Fine,Null
1751418.9625,5916094.5331,805406,,514401,0,0,0,2,0,South,2025/2026,ROBERTON ROAD,GREAT NORTH ROAD,,Non-Injury Crash,No,2025,0,South,0,0,0,Flat,0,,0,,0,Dark,383600,0,0,0,2,0,0,0,0,1,,0,0,Auckland Region,Nil,2-way,Sealed,0,0,0,0,50,0,On,0,0,,76,Auckland,Nil,0,0,0,0,0,0,Urban,1,0,0,Fine,Null
1752578.1459,5914934.4939,805420,,517902,0,,0,1,,West,2025/2026,SH 20,MAIORO STREET ON RAMP,,Non-Injury Crash,Yes,2025,,West,,0,,Flat,,,,,,Bright sun,518800,0,0,0,3,,,0,,,,,,Auckland Region,Tunnel,1-way,Sealed,,0,0,,80,,Off,0,0,,76,Auckland,Nil,,,,,0,0,Open,0,,,Fine,Null
1747440.3796,5914747.8916,805421,,511800,0,,0,2,,North,2024/2025,GREAT NORTH ROAD,SABULITE ROAD,,Non-Injury Crash,No,2025,,North,,0,,Flat,,,,,,Dark,277902,0,0,0,5,,,0,,,,,,Auckland Region,Nil,2-way,Sealed,,0,0,,50,,On,0,0,40,76,Auckland,Nil,,,,,0,0,Urban,0,,,Fine,Null
1753840.59,5918362.6959,805427,,515431,1,,0,1,,Null,2023/2024,GREAT NORTH ROAD,ST LUKES ROAD,,Minor Crash,No,2024,,West,,0,,Flat,,,,,,Overcast,405000,1,0,0,4,,,0,,,,,,Auckland Region,Nil,2-way,Sealed,,0,0,,50,,Off,0,0,,76,Auckland,Traffic Signals,,,,,0,0,Urban,0,,,Fine,Null
1767953.8038,5908285.6644,805429,,523502,0,0,0,1,0,North,2025/2026,LEONARD PLACE,BLAMPIED ROAD,,Non-Injury Crash,No,2025,0,West,0,0,0,Flat,0,,0,,0,Overcast,703500,0,0,0,2,0,0,0,0,0,,0,0,Auckland Region,Nil,2-way,Sealed,0,0,0,0,30,0,None,0,0,,76,Auckland,Nil,0,0,0,0,0,0,Urban,1,1,0,Fine,Null
1755027.0758,5918786.1683,805437,,515410,0,0,0,4,0,Null,2025/2026,WILLIAMSON AVENUE,NORTHLAND STREET,,Non-Injury Crash,No,2025,0,North,0,0,0,Hill Road,0,,0,,0,Bright sun,404500,0,0,0,2,0,0,0,0,2,,0,0,Auckland Region,Nil,2-way,Sealed,0,0,0,0,50,0,Off,0,0,,76,Auckland,Stop,0,0,0,0,0,0,Urban,0,0,0,Fine,Null
1762610.9375,5919014.881,805445,,516400,0,0,0,1,0,North,2025/2026,KUPE STREET,KEPA ROAD,,Non-Injury Crash,No,2026,0,North,0,0,0,Flat,0,,0,,0,Dark,498600,0,0,0,2,0,0,0,0,0,,1,0,Auckland Region,Nil,2-way,Sealed,0,0,0,0,50,0,On,0,0,,76,Auckland,Nil,0,0,0,1,0,0,Urban,0,0,0,Fine,Null
1751175.6333,5915445.5656,805453,,514401,0,,0,2,,South,2025/2026,GREAT NORTH ROAD,ROSEBANK ROAD,,Non-Injury Crash,No,2025,,North,,0,,Flat,,,,,,Overcast,382300,0,0,0,2,,,0,,,,,,Auckland Region,Nil,2-way,Sealed,,0,0,,50,,Null,0,0,,76,Auckland,Nil,,,,,0,0,Urban,0,,,Fine,Null
1756245.1386,5920831.6846,805467,,515202,0,,0,3,,North,2023/2024,NORTHERN MOTORWAY,FANSHAWE OBR,,Non-Injury Crash,Yes,2023,,North,,0,,Flat,,,,,,Bright sun,426101,0,0,0,3,,,0,,,,,,Auckland Region,Tunnel,1-way,Sealed,,0,0,,80,,On,1,0,,76,Auckland,Nil,,,,,0,0,Open,1,,,Fine,Null
1768304.7644,5879197.6819,805477,,525921,0,0,0,2,0,North,2025/2026,ANZAC ROAD,ANZAC ROAD,,Minor Crash,No,2025,0,North,0,0,0,Hill Road,0,,0,,0,Dark,822701,1,0,0,2,0,0,0,0,1,,0,1,Auckland Region,Nil,2-way,Sealed,0,0,0,0,50,0,None,0,0,,76,Auckland,Nil,0,0,0,0,0,0,Urban,0,0,0,Fine,Null
1757808.9863,5918170.8924,805485,,515700,0,,0,1,,South,2025/2026,SOUTHERN MOTORWAY,MOUNTAIN OBR,,Minor Crash,Yes,2025,,North,,0,,Flat,,,,,,Overcast,443600,1,0,0,5,,,0,,,,,,Auckland Region,Nil,1-way,Sealed,,0,0,,80,,Off,2,0,,76,Auckland,Nil,,,,,0,0,Open,0,,,Fine,Null
1749654.8955,5914385.8327,805493,,511301,0,0,0,1,0,Null,2025/2026,RATA STREET,REWAREWA COURT,,Non-Injury Crash,No,2025,0,South,0,0,1,Flat,0,,0,,0,Dark,267602,0,0,0,4,0,0,0,0,0,,0,1,Auckland Region,Nil,2-way,Sealed,0,0,0,0,50,0,On,0,0,,76,Auckland,Nil,0,0,0,0,0,0,Urban,0,0,0,Fine,Null
1760149.3971,5908061.2019,805499,,524403,0,,0,2,,North,2023/2024,SOUTH-WESTERN MOTORWAY,WALMSLEY ROAD ON RAMP,,Non-Injury Crash,Yes,2023,,South,,0,,Flat,,Labour Weekend,,,,Dark,731104,0,0,0,2,,,0,,,,,,Auckland Region,Motorway ramp,1-way,Sealed,,0,0,,100,,On,0,0,,76,Auckland,Nil,,,,,0,0,Open,0,,,Fine,Null
1771570.4214,5912921.7478,805500,,523106,0,0,0,1,0,East,2025/2026,MILLHOUSE DRIVE,NORTHPARK AVENUE,,Non-Injury Crash,No,2025,0,West,0,0,0,Flat,0,,0,,0,Overcast,711114,0,0,0,2,0,0,0,0,0,,0,1,Auckland Region,Nil,2-way,Sealed,0,0,0,0,50,0,Off,0,0,30,76,Auckland,Nil,0,0,0,0,0,0,Urban,0,0,0,Fine,Null
1765414.0498,5909036.0964,805501,,523403,0,,0,2,,South,2025/2026,SOUTHERN MOTORWAY,HIGHBROOK DRIVE ON RAMP,,Non-Injury Crash,Yes,2025,,North,,0,,Flat,,,,,,Overcast,700200,0,0,0,3,,,0,,,,,,Auckland Region,Nil,1-way,Sealed,,0,0,,100,,Off,1,0,,76,Auckland,Nil,,,,,0,0,Open,0,,,Fine,Null
1757796.9388,5918180.4198,805531,,515700,0,,0,1,,East,2025/2026,SOUTHERN MOTORWAY,MOUNTAIN OBR,,Non-Injury Crash,Yes,2025,,North,,0,,Flat,,,,,,Bright sun,443600,0,0,0,4,,,0,,,,,,Auckland Region,Nil,1-way,Sealed,,0,0,,80,,Off,1,0,,76,Auckland,Nil,,,,,0,0,Open,0,,,Fine,Null
1742427.0583,5926432.8681,805547,,513410,0,,0,1,,Null,2025/2026,FRED TAYLOR DRIVE,SH 16,,Non-Injury Crash,No,2025,,North,,0,,Flat,,,,,,Bright sun,223100,0,0,0,2,,,0,,,,,,Auckland Region,Nil,2-way,Sealed,,0,0,,50,,Null,1,0,,76,Auckland,Give way,,,,,0,0,Urban,0,,,Fine,Null
1773096.9279,5895354.5369,805553,,525410,0,0,0,1,0,South,2023/2024,OPAHEKE ROAD,ALBERT STREET,,Non-Injury Crash,No,2023,0,South,0,0,1,Flat,0,,0,,0,Bright sun,793800,0,0,0,2,0,0,0,0,0,,0,0,Auckland Region,Nil,2-way,Sealed,0,0,0,0,50,0,Off,0,0,,76,Auckland,Nil,0,0,0,0,0,0,Urban,1,0,0,Fine,Null
1758939.034,5907237.125,805562,,524200,0,0,0,1,0,Null,2025/2026,KIRKBRIDE ROAD,IDLEWILD AVENUE,,Minor Crash,No,2025,0,South,0,0,1,Flat,0,,0,,1,Dark,726300,1,0,0,2,0,0,0,0,0,,0,0,Auckland Region,Nil,2-way,Sealed,0,0,0,0,50,0,On,0,0,,76,Auckland,Give way,0,0,0,0,0,0,Urban,0,0,0,Fine,Null
1756196.2937,5979388.5659,805571,,506661,0,0,0,0,0,West,2025/2026,LEIGH ROAD,SCHOLLUM ROAD,,Serious Crash,No,2025,0,West,1,0,0,Hill Road,0,,0,,0,Overcast,137502,0,0,0,2,0,0,0,0,0,,0,0,Auckland Region,Nil,2-way,Sealed,0,0,1,0,80,0,None,0,0,,76,Auckland,Nil,0,0,0,1,0,0,Open,1,0,0,Fine,Null
1744394.4035,5922602.5563,805578,,513511,0,,0,2,,North,2024/2025,NORTH-WESTERN MOTORWAY,ROYAL OBR,,Non-Injury Crash,Yes,2025,,North,,0,,Flat,,,,,,Bright sun,224303,0,0,0,3,,,0,,,,,,Auckland Region,Nil,1-way,Sealed,,0,0,,100,,Off,0,0,,76,Auckland,Nil,,,,,0,0,Open,0,,,Fine,Null
1764508.2243,5912832.4923,805593,,520500,0,,0,1,,Null,2024/2025,BOWDEN ROAD,CARBINE ROAD,,Minor Crash,No,2024,,West,,0,,Flat,,,,,,Overcast,639201,1,0,0,2,,,0,,,,,,Auckland Region,Nil,2-way,Sealed,,0,0,,50,,Off,0,0,,76,Auckland,Traffic Signals,,,,,0,0,Urban,1,,,Fine,Null
1751905.3416,5927199.8967,805595,,510210,0,0,0,0,0,North,2025/2026,LAUDERDALE ROAD,ROSENEATH PLACE,,Non-Injury Crash,No,2025,0,North,0,0,0,Flat,0,,0,,0,Overcast,346900,0,0,0,2,0,0,0,0,1,,0,0,Auckland Region,Nil,2-way,Sealed,0,0,0,0,50,0,Null,0,0,,76,Auckland,Nil,0,0,0,0,0,0,Urban,2,0,0,Fine,Null
1743266.2456,5918686.5223,805603,,513213,0,0,0,2,0,West,2025/2026,METCALFE ROAD,MARTIN JUGUM LANE,,Non-Injury Crash,No,2025,0,South,0,0,0,Flat,0,,0,,0,Dark,236005,0,0,0,2,0,0,0,0,1,,0,0,Auckland Region,Nil,2-way,Sealed,0,0,0,0,50,0,On,0,0,,76,Auckland,Nil,0,0,0,0,0,0,Urban,0,0,0,Light rain,Null
1820627.629,5986798.9368,805610,,521000,0,,0,1,,South,2025/2026,HECTOR SANDERSON ROAD,BLIND BAY ROAD,,Minor Crash,No,2025,,South,,0,,Flat,,,,,,Dark,439000,1,0,0,2,,,0,,,,,,Auckland Region,Nil,2-way,Sealed,,0,0,,40,,None,0,0,,76,Auckland,Nil,,,,,0,0,Urban,0,,,Fine,Null
1752775.4933,5914858.7397,805618,,517902,0,0,0,1,0,West,2025/2026,SH 20,MAIORO STREET OFF RAMP,,Minor Crash,Yes,2025,0,East,0,0,0,Flat,1,,0,,0,Dark,518900,1,0,0,3,0,0,0,0,0,,0,0,Auckland Region,Nil,1-way,Sealed,0,0,0,0,80,0,On,0,0,,76,Auckland,Nil,0,0,0,0,0,0,Open,0,0,0,Fine,Null
1757098.8434,5925557.1739,805657,,509702,0,,0,2,,South,2023/2024,NORTHERN MOTORWAY,ESMONDE ROAD ON RAMP,,Non-Injury Crash,Yes,2023,,South,,0,,Flat,,,,,,Twilight,364602,0,0,0,6,,,0,,,,,,Auckland Region,Nil,2-way,Sealed,,0,0,,100,,On,0,0,,76,Auckland,Nil,,,,,0,0,Open,1,,,Mist or Fog,Null
1756636.413,5938023.8808,805675,,506903,0,0,0,1,0,North,2025/2026,GILBERD PLACE,TOROA STREET,,Non-Injury Crash,No,2026,0,North,0,0,1,Hill Road,0,Christmas New Year,0,,0,Overcast,178303,0,0,0,2,0,0,0,0,0,,0,1,Auckland Region,Nil,2-way,Sealed,0,0,0,0,50,0,Off,0,0,,76,Auckland,Nil,0,0,0,0,0,0,Urban,0,0,0,Heavy rain,Null
1763007.1507,5912907.1026,805681,,520402,0,,0,1,,West,2022/2023,SOUTHERN MOTORWAY,SOUTH-EASTERN HWY OFF RAMP,,Non-Injury Crash,Yes,2023,,East,,0,,Flat,,,,,,Bright sun,642500,0,0,0,4,,,0,,,,,,Auckland Region,Nil,1-way,Sealed,,0,0,,100,,Off,0,0,,76,Auckland,Nil,,,,,1,0,Open,0,,,Fine,Null
1775825.2036,5881900.2682,805682,,521160,0,,0,1,,West,2024/2025,MILL ROAD,BOMBAY ON RAMP,,Non-Injury Crash,No,2025,,West,,0,,Flat,,,,,,Dark,827603,0,0,0,2,,,0,,,,,,Auckland Region,Nil,2-way,Sealed,,0,0,,60,,On,0,0,,76,Auckland,Stop,,,,,0,0,Urban,1,,,Fine,Strong wind