X,Y,OBJECTID,advisorySpeed,areaUnitID,bicycle,bridge,bus,carStationWagon,cliffBank,crashDirectionDescription,crashFinancialYear,crashLocation1,crashLocation2,crashRoadSideRoad,crashSeverity,crashSHDescription,crashYear,debris,directionRoleDescription,ditch,fatalCount,fence,flatHill,guardRail,holiday,houseOrBuilding,intersection,kerb,light,meshblockId,minorInjuryCount,moped,motorcycle,NumberOfLanes,objectThrownOrDropped,otherObject,otherVehicleType,overBank,parkedVehicle,pedestrian,phoneBoxEtc,postOrPole,region,roadCharacter,roadLane,roadSurface,roadworks,schoolBus,seriousInjuryCount,slipOrFlood,speedLimit,strayAnimal,streetLight,suv,taxi,temporarySpeedLimit,tlaId,tlaName,trafficControl,trafficIsland,trafficSign,train,tree,truck,unknownVehicleType,urban,vanOrUtility,vehicle,waterRiver,weatherA,weatherB
1760097.2456,5915906.8688,805683,,516003,0,,0,2,,West,2025/2026,GREEN LANE EAST,GREEN LANE EAST OFF RAMP,,Non-Injury Crash,No,2025,,South,,0,,Flat,,Labour Weekend,,,,Bright sun,495200,0,0,0,2,,,0,,,,,,Auckland Region,Motorway ramp,1-way,Unsealed,,0,0,,100,,Off,0,0,,76,Auckland,Nil,,,,,0,0,Open,0,,,Fine,Null
1753873.1763,5929337.404,805691,,508320,0,0,0,3,0,East,2025/2026,WAIRAU ROAD,OKI PLACE,,Minor Crash,No,2025,0,East,0,0,0,Hill Road,0,,0,,0,Overcast,196201,1,0,0,3,0,0,0,0,1,,0,0,Auckland Region,Nil,2-way,Sealed,0,0,0,0,50,0,Off,0,0,,76,Auckland,Nil,0,0,0,0,0,0,Urban,0,0,0,Heavy rain,Null
1757717.4361,5918281.4296,805697,,514302,0,,0,2,,North,2023/2024,SOUTHERN MOTORWAY,MOUNTAIN OBR,,Non-Injury Crash,Yes,2023,,North,,0,,Flat,,,,,,Overcast,442100,0,0,0,4,,,0,,,,,,Auckland Region,Overpass,1-way,Sealed,,0,0,,80,,Off,0,0,,76,Auckland,Nil,,,,,0,0,Open,0,,,Fine,Null
1753182.3796,5918393.521,805698,,515002,0,0,0,1,0,West,2025/2026,GREAT NORTH ROAD,MOTIONS ROAD,,Non-Injury Crash,No,2025,0,West,0,0,0,Flat,0,,0,,0,Dark,397400,0,0,0,3,0,1,0,0,0,,0,0,Auckland Region,Nil,2-way,Sealed,0,0,0,0,50,0,On,0,0,,76,Auckland,Nil,0,0,0,0,0,0,Urban,0,0,0,Fine,Null
1756306.0662,5919386.293,805712,,514000,0,0,0,1,0,Null,2022/2023,HEREFORD STREET,MAHON WAY,,Non-Injury Crash,No,2023,0,South,0,0,0,Hill Road,0,,0,,0,Dark,413800,0,0,0,2,0,0,0,0,0,,0,1,Auckland Region,Nil,2-way,Sealed,0,0,0,0,30,0,On,0,0,,76,Auckland,Nil,0,0,0,0,0,0,Urban,0,0,0,Fine,Null
1759914.3489,5913524.8053,805713,,519900,0,0,0,2,0,Null,2025/2026,NAMATA ROAD,PAIHIA ROAD,,Non-Injury Crash,No,2025,0,South,0,0,0,Flat,0,,0,,0,Dark,603300,0,0,0,2,0,0,0,0,1,,0,0,Auckland Region,Nil,2-way,Sealed,0,0,0,0,50,0,On,0,0,,76,Auckland,Stop,0,0,0,0,0,0,Urban,0,0,0,Fine,Null
1765620.7814,5908518.827,805729,,523403,0,0,0,0,0,North,2025/2026,SOUTHERN MOTORWAY,HIGHBROOK DRIVE OFF RAMP,,Serious Crash,Yes,2025,0,North,0,0,0,Flat,1,,0,,0,Twilight,700100,0,0,0,3,0,0,0,0,0,,0,0,Auckland Region,Motorway ramp,1-way,Sealed,0,0,1,0,100,0,On,1,0,,76,Auckland,Nil,0,0,0,0,0,0,Open,1,0,0,Fine,Null
1748838.3158,5913587.1452,805744,,511401,0,0,0,1,0,Null,2022/2023,STOLFORD CRESCENT,SKILGATE AVENUE,,Non-Injury Crash,No,2023,0,East,0,0,0,Flat,0,,0,,0,Dark,263305,0,0,0,2,0,0,0,0,0,,1,0,Auckland Region,Nil,2-way,Sealed,0,0,0,0,50,0,On,0,0,,76,Auckland,Nil,0,0,0,0,0,0,Urban,0,0,0,Fine,Null
1759410.0644,5916217.2415,805746,,519200,0,,0,1,,Null,2025/2026,GREAT SOUTH ROAD,OTAHURI CRESCENT,,Minor Crash,No,2025,,South,,0,,Flat,,,,,,Bright sun,615900,1,0,0,4,,,0,,,,,,Auckland Region,Nil,2-way,Sealed,,0,0,,50,,Off,1,0,,76,Auckland,Stop,,,,,0,0,Urban,0,,,Fine,Strong wind
1740333.4764,5929525.9438,805752,,505604,0,,0,1,,Null,2022/2023,OLD NORTH ROAD,RIVERHEAD ROAD,,Non-Injury Crash,No,2023,,South,,0,,Flat,,,,,,Bright sun,214000,0,0,0,2,,,0,,,,,,Auckland Region,Nil,2-way,Sealed,,0,0,,80,,None,0,0,,76,Auckland,Give way,,,,,0,0,Open,1,,,Fine,Null
1749188.8265,5970642.542,805760,,505500,0,0,0,1,0,East,2022/2023,QUEEN STREET,MILL LANE,,Non-Injury Crash,No,2023,0,East,0,0,0,Flat,0,,0,,0,Overcast,140300,0,0,0,2,0,0,0,0,1,,0,0,Auckland Region,Nil,2-way,Sealed,0,0,0,0,50,0,Off,0,0,,76,Auckland,Nil,0,0,0,0,0,0,Urban,1,0,0,Fine,Null
1766117.8251,5913297.1431,805776,,522920,0,,1,1,,Null,2023/2024,PAKURANGA ROAD,WILLIAMS AVENUE,,Non-Injury Crash,No,2023,,West,,0,,Flat,,,,,,Bright sun,683300,0,0,0,2,,,0,,,,,,Auckland Region,Nil,2-way,Sealed,,0,0,,50,,Off,0,0,,76,Auckland,Traffic Signals,,,,,0,0,Urban,0,,,Fine,Null
1758929.1218,5904935.6433,805778,,524200,0,,0,2,,North,2024/2025,GEORGE BOLT MEMORIAL DRIVE,VERISSIMO DRIVE,,Non-Injury Crash,Yes,2025,,South,,0,,Flat,,,,,,Bright sun,727700,0,0,0,2,,,0,,,,,,Auckland Region,Nil,1-way,Sealed,,0,0,,60,,Off,1,0,,76,Auckland,Nil,,,,,0,0,Urban,0,,,Fine,Null
1738558.1427,5942232.5338,805784,,506646,0,0,0,1,0,South,2023/2024,FORESTRY ROAD,VALLEY ROAD,,Non-Injury Crash,No,2023,0,North,0,0,0,Flat,0,,0,,0,Overcast,213200,0,0,0,2,0,0,0,0,0,,0,1,Auckland Region,Nil,2-way,Sealed,0,0,0,0,80,0,None,0,0,,76,Auckland,Nil,0,0,0,0,0,0,Open,0,0,0,Fine,Null
1755575.4782,5918671.6006,805794,,515500,0,,0,2,,Null,2024/2025,GREAT NORTH ROAD,BEACONSFIELD STREET,,Non-Injury Crash,No,2025,,East,,0,,Null,,,,,,Bright sun,418100,0,0,0,4,,,0,,,,,,Auckland Region,Nil,2-way,Sealed,,0,0,,50,,Null,0,0,,76,Auckland,Nil,,,,,0,0,Urban,0,,,Fine,Null
1761833.2432,5909223.4804,805802,,524402,0,0,0,0,0,West,2024/2025,FAVONA ROAD,SAVILL DRIVE,,Non-Injury Crash,No,2025,0,East,0,0,0,Flat,1,,0,,0,Dark,749800,0,0,0,3,0,0,0,0,0,,0,0,Auckland Region,Nil,2-way,Sealed,0,0,0,0,50,0,On,0,0,,76,Auckland,Nil,0,0,0,1,1,0,Urban,0,0,0,Light rain,Null
1768182.7941,5902436.3098,805809,,524602,0,,0,2,,Null,2025/2026,GREAT SOUTH ROAD,ORAMS ROAD,,Non-Injury Crash,No,2026,,South,,0,,Hill Road,,,,,,Overcast,780700,0,0,0,5,,,0,,,,,,Auckland Region,Nil,2-way,Sealed,,0,0,,50,,Off,0,0,,76,Auckland,Traffic Signals,,,,,0,0,Urban,0,,,Fine,Null
1769380.6504,5907443.6138,805825,,523712,0,,0,3,,Null,2025/2026,ORMISTON ROAD,TE IRIRANGI DRIVE,,Non-Injury Crash,No,2025,,West,,0,,Flat,,,,,,Overcast,712803,0,0,0,5,,,0,,,,,,Auckland Region,Nil,2-way,Sealed,,0,0,,60,,Off,0,0,50,76,Auckland,Nil,,,,,0,0,Urban,0,,,Light rain,Null
1772941.5954,5915275.1286,805850,,521501,0,0,0,1,0,South,2025/2026,BEACH ROAD,UXBRIDGE ROAD,,Non-Injury Crash,No,2025,0,East,0,0,0,Flat,0,,0,,0,Dark,652100,0,0,0,2,0,0,0,0,0,,0,1,Auckland Region,Nil,2-way,Sealed,0,0,0,0,50,0,On,0,0,,76,Auckland,Nil,0,0,0,0,0,0,Urban,0,0,0,Fine,Null
1742496.4,5926408.817,805864,,513410,0,0,0,0,0,Null,2023/2024,NORTH-WESTERN MOTORWAY,FRED TAYLOR DRIVE,,Non-Injury Crash,Yes,2023,0,North,0,0,0,Flat,0,,0,,0,Dark,223100,0,0,0,2,0,0,0,0,0,,0,1,Auckland Region,Nil,1-way,Sealed,0,0,0,0,80,0,On,0,0,,76,Auckland,Give way,1,1,0,1,0,0,Open,1,0,0,Fine,Null
1769269.0227,5902377.1282,805874,,524901,0,,0,1,,North,2025/2026,SOUTHERN MOTORWAY,HILL ROAD ON RAMP,,Non-Injury Crash,Yes,2026,,North,,0,,Flat,,,,,,Bright sun,755600,0,0,0,3,,,0,,,,,,Auckland Region,Nil,1-way,Sealed,,0,0,,100,,Off,1,0,,76,Auckland,Nil,,,,,0,0,Open,0,,,Fine,Null
1771456.3717,5915267.4561,805888,,521601,0,,0,1,,Null,2023/2024,RIDGE ROAD,BLEAKHOUSE ROAD,,Minor Crash,No,2023,,North,,0,,Hill Road,,,,,,Bright sun,646000,1,0,1,3,,,0,,,,,,Auckland Region,Nil,2-way,Sealed,,0,0,,50,,Off,0,0,,76,Auckland,Give way,,,,,0,0,Urban,0,,,Fine,Strong wind
1756715.039,5915709.1002,805890,,518301,0,0,0,2,0,West,2025/2026,WAIRIKI ROAD,MOUNT EDEN ROAD,,Non-Injury Crash,No,2025,0,East,0,0,0,Flat,0,,0,,0,Overcast,556900,0,0,0,2,0,0,0,0,1,,0,0,Auckland Region,Nil,2-way,Sealed,0,0,0,0,30,0,Off,0,0,,76,Auckland,Nil,0,0,0,0,0,0,Urban,0,0,0,Fine,Null
1774952.1986,5887339.8829,805896,,521132,0,,0,1,,South,2023/2024,SOUTHERN MOTORWAY,PRATTS OBR,,Non-Injury Crash,Yes,2024,,North,,0,,Flat,,,,,,Overcast,814003,0,0,0,2,,,0,,,,,,Auckland Region,Overpass,1-way,Sealed,,0,0,,100,,Off,1,0,,76,Auckland,Nil,,,,,0,0,Open,0,,,Heavy rain,Null
1757137.0244,5920729.5537,805897,,514102,0,,0,2,,Null,2024/2025,HOBSON STREET,WYNDHAM STREET,,Non-Injury Crash,No,2025,,South,,0,,Flat,,,,,,Dark,433103,0,0,0,4,,,0,,,,,,Auckland Region,Nil,1-way,Sealed,,0,0,,30,,On,0,0,,76,Auckland,Traffic Signals,,,,,0,0,Urban,0,,,Fine,Null
1767591.0396,5905412.4856,805905,,523722,0,0,0,1,0,South,2025/2026,SOUTHERN MOTORWAY,TE IRIRANGI DRIVE OFF RAMP,,Non-Injury Crash,Yes,2025,0,South,0,0,0,Flat,1,,0,,0,Dark,715701,0,0,0,3,0,0,0,0,0,,0,0,Auckland Region,Nil,1-way,Sealed,0,0,0,0,100,0,On,0,0,,76,Auckland,Nil,0,0,0,0,0,0,Open,0,0,0,Fine,Null
1742857.4087,5918741.7595,805920,,513213,0,0,0,4,0,North,2025/2026,RANUI STATION ROAD,ROBERTSON ROAD,,Non-Injury Crash,No,2025,0,North,0,0,0,Flat,0,,0,,0,Dark,235200,0,0,0,2,0,0,0,0,1,,0,0,Auckland Region,Nil,2-way,Sealed,0,0,0,0,50,0,On,0,0,,76,Auckland,Nil,0,0,0,1,0,0,Urban,0,0,0,Light rain,Null
1761084.5927,5915004.3222,805928,,520201,0,,0,0,,North,2025/2026,SOUTHERN MOTORWAY,ELLERSLIE FTBR,,Non-Injury Crash,Yes,2025,,South,,0,,Flat,,,,,,Dark,613500,0,0,0,3,,,0,,,,,,Auckland Region,Nil,1-way,Sealed,,0,0,,100,,On,2,0,,76,Auckland,Nil,,,,,0,0,Open,0,,,Fine,Null
1775031.0411,5897582.0173,805935,,523813,0,0,0,1,0,Null,2025/2026,TWIN PARKS RISE,PAPAVIEW ROAD,,Non-Injury Crash,No,2025,0,East,0,0,0,Hill Road,0,,0,,0,Overcast,761602,0,0,0,2,0,0,0,0,0,,0,0,Auckland Region,Nil,2-way,Sealed,0,0,0,0,50,0,Off,0,0,,76,Auckland,Give way,0,0,0,1,0,0,Urban,0,0,0,Fine,Null
1771127.7159,5906155.8426,805936,,523713,0,,0,0,,Null,2025/2026,MURPHYS ROAD,FLAT BUSH SCHOOL ROAD,,Minor Crash,No,2025,,North,,0,,Flat,,,,,,Dark,713400,3,0,0,2,,,0,,,,,,Auckland Region,Nil,2-way,Sealed,,0,0,,60,,On,1,0,,76,Auckland,Traffic Signals,,,,,0,0,Urban,1,,,Fine,Null
1757641.5981,5913583.4095,805951,,518600,0,,0,2,,Null,2025/2026,PAH ROAD,MOUNT ALBERT ROAD,,Non-Injury Crash,No,2026,,South,,0,,Flat,,,,,,Dark,567200,0,0,0,4,,,0,,,,,,Auckland Region,Nil,2-way,Sealed,,0,0,,50,,On,0,1,40,76,Auckland,Traffic Signals,,,,,0,0,Urban,0,,,Light rain,Null
1740314.0322,5918884.4723,805958,,513101,0,,0,0,,West,2024/2025,SWANSON ROAD,KNOX ROAD,,Non-Injury Crash,No,2025,,East,,0,,Null,,,,,,Bright sun,237901,0,0,0,2,,,0,,,,,,Auckland Region,Nil,2-way,Sealed,,0,0,,50,,Null,1,0,,76,Auckland,Nil,,,,,0,1,Urban,0,,,Fine,Null
1753322.1088,5913282.0705,805965,,518901,0,0,0,3,0,Null,2024/2025,ELLIS AVENUE,PARFITT STREET,,Minor Crash,No,2024,0,North,0,0,0,Flat,0,,0,,0,Bright sun,584800,1,0,0,2,0,0,0,0,1,,0,0,Auckland Region,Nil,2-way,Sealed,0,0,0,0,50,0,None,0,0,,76,Auckland,Nil,0,0,0,0,0,0,Urban,0,0,0,Fine,Null
1745279.1219,5919514.6625,805974,,513301,0,,0,1,,South,2025/2026,LINCOLN ROAD,UNIVERSAL DRIVE,,Non-Injury Crash,No,2025,,North,,0,,Null,,,,,,Unknown,232001,0,0,0,5,,,0,,,,,,Auckland Region,Nil,2-way,Sealed,,0,0,,50,,Null,0,0,,76,Auckland,Nil,,,,,1,0,Urban,0,,,Fine,Null
1759531.3017,5917064.6735,805982,,516001,0,,0,2,,West,2025/2026,REMUERA ROAD,MARKET ROAD,,Non-Injury Crash,No,2025,,East,,0,,Null,,,,,,Bright sun,491400,0,0,0,4,,,0,,,,,,Auckland Region,Nil,2-way,Sealed,,0,0,,50,,Off,0,0,,76,Auckland,Nil,,,,,0,0,Urban,0,,,Fine,Null
1752557.4931,5934753.1975,805990,,508701,0,,0,0,,Null,2024/2025,OTEHA VALLEY ROAD,MUNROE LANE,,Non-Injury Crash,No,2025,,East,,0,,Flat,,,,,,Dark,178501,0,0,0,4,,,0,,,,,,Auckland Region,Nil,2-way,Sealed,,0,0,,50,,On,2,0,,76,Auckland,Give way,,,,,0,0,Urban,0,,,Mist or Fog,Null
1758841.2499,5909692.3955,805991,,524002,0,0,0,1,0,West,2025/2026,TAYLOR ROAD,WOODWARD AVENUE,,Non-Injury Crash,No,2026,0,West,0,0,0,Flat,0,,0,,0,Bright sun,722600,0,0,0,2,0,0,0,0,1,,0,1,Auckland Region,Nil,2-way,Sealed,0,0,0,0,50,0,Off,0,0,30,76,Auckland,Nil,0,0,0,0,0,0,Urban,1,0,0,Fine,Null
1767624.37,5912470.0395,805997,,523000,0,0,0,2,0,North,2022/2023,UDYS ROAD,MARRIOTT ROAD,,Non-Injury Crash,No,2023,0,North,0,0,0,Flat,0,,0,,0,Dark,688101,0,0,0,2,0,0,0,0,1,,0,0,Auckland Region,Nil,2-way,Sealed,0,0,0,0,50,0,On,0,0,,76,Auckland,Nil,0,0,0,0,0,0,Urban,0,0,0,Fine,Null
1751162.5437,5913302.479,805998,,514600,0,0,0,2,0,South,2024/2025,TAYLOR STREET,MATATA STREET,,Non-Injury Crash,No,2025,0,South,0,0,0,Flat,0,,0,,0,Twilight,372000,0,0,0,2,0,0,0,0,1,,0,0,Auckland Region,Nil,2-way,Sealed,0,0,0,0,50,0,On,0,0,,76,Auckland,Nil,0,0,0,0,0,0,Urban,0,0,0,Null,Null
1738793.4784,5919359.9865,806006,,513702,0,,0,2,,East,2025/2026,WAITAKERE ROAD,NORTHFIELD ROAD,,Non-Injury Crash,No,2025,,West,,0,,Hill Road,,,,,,Bright sun,237100,0,0,0,2,,,0,,,,,,Auckland Region,Nil,2-way,Sealed,,0,0,,80,,None,0,0,,76,Auckland,Nil,,,,,0,0,Open,0,,,Fine,Null
1755306.9108,5880421.7056,806007,,521152,0,0,0,2,0,South,2025/2026,GLENBROOK-WAIUKU ROAD,BANCROFT,,Minor Crash,No,2025,0,South,1,0,0,Hill Road,0,,0,,0,Overcast,834200,1,0,0,2,0,0,0,0,0,,0,0,Auckland Region,Nil,2-way,Unsealed,0,0,0,0,80,0,None,0,0,,76,Auckland,Nil,0,0,0,0,0,0,Open,0,0,0,Fine,Null
1754564.7761,5915319.8188,806013,,517702,0,,0,1,,Null,2024/2025,SANDRINGHAM ROAD,MARNE ROAD,,Minor Crash,No,2024,,South,,0,,Hill Road,,,,,,Overcast,541500,1,0,0,2,,,0,,,,,,Auckland Region,Nil,2-way,Sealed,,0,0,,50,,Off,1,0,,76,Auckland,School Patrol/warden,,,,,0,0,Urban,0,,,Fine,Null
1748983.9947,5942673.4658,806021,,505806,0,,1,1,,West,2023/2024,WILKS ROAD,EAST COAST ROAD,,Non-Injury Crash,No,2024,,East,,0,,Hill Road,,,,,,Bright sun,176802,0,0,0,2,,,0,,,,,,Auckland Region,Nil,2-way,Sealed,,1,0,,80,,Off,0,0,,76,Auckland,Nil,,,,,0,0,Open,0,,,Fine,Null
1769282.7162,5906801.4667,806030,,523712,0,0,0,1,0,Null,2025/2026,ROBIN BROOKE DRIVE,VIDIRI COURT,,Non-Injury Crash,No,2025,0,West,0,0,0,Flat,0,,0,,0,Dark,712809,0,0,0,2,0,0,0,0,0,,0,0,Auckland Region,Nil,2-way,Sealed,0,0,0,0,50,0,On,0,0,,76,Auckland,Nil,0,0,0,1,0,0,Urban,0,0,0,Fine,Null
1733115.6856,5950182.0773,806031,,506646,0,0,0,0,0,North,2025/2026,KAIPARA COAST HIGHWAY,QUAIL ROAD,,Non-Injury Crash,Yes,2026,0,North,0,0,1,Flat,0,,0,,0,Dark,212406,0,0,0,2,0,0,0,0,0,,0,0,Auckland Region,Nil,2-way,Sealed,0,0,0,0,100,0,None,0,0,,76,Auckland,Nil,0,0,0,0,0,0,Open,1,0,0,Fine,Null
1745066.2834,5921126.8534,806053,,513530,0,,0,1,,Null,2022/2023,LINCOLN ROAD OFF RAMP,NORTH-WESTERN MOTORWAY,,Non-Injury Crash,No,2023,,East,,0,,Hill Road,,,,,,Twilight,226303,0,0,0,3,,,0,,,,,,Auckland Region,Nil,1-way,Sealed,,0,0,,100,,On,0,0,,76,Auckland,Nil,,,,,1,0,Open,0,,,Fine,Null
1794049.2465,5905743.1307,806071,,525202,0,0,0,0,0,North,2025/2026,KAWAKAWA-ORERE ROAD,FORESTRY ROAD 3,,Serious Crash,No,2025,0,North,0,0,0,Hill Road,0,Christmas New Year,0,,0,Overcast,765200,0,0,1,2,0,0,0,0,0,,0,0,Auckland Region,Nil,2-way,Sealed,0,0,1,0,60,0,None,0,0,,76,Auckland,Nil,0,0,0,1,0,0,Urban,0,0,0,Fine,Null
1766302.4607,5913256.6555,806115,,522920,0,,0,2,,East,2022/2023,PAKURANGA ROAD,WILLIAMS AVENUE,,Non-Injury Crash,No,2023,,West,,0,,Flat,,,,,,Bright sun,683400,0,0,0,2,,,0,,,,,,Auckland Region,Nil,1-way,Sealed,,0,0,,60,,Off,0,0,,76,Auckland,Nil,,,,,0,0,Urban,0,,,Fine,Null
1744817.4205,5924280.4826,806116,,513521,0,,0,1,,East,2025/2026,HOBSONVILLE ROAD,CYRIL CRESCENT,,Minor Crash,No,2026,,West,,0,,Flat,,,,,,Overcast,224226,1,0,0,2,,,0,,,,,,Auckland Region,Nil,2-way,Sealed,,0,0,,50,,Off,0,0,,76,Auckland,Nil,,,,,0,0,Urban,2,,,Fine,Null
1757780.355,5915689.1806,806132,,515801,0,0,0,2,0,East,2025/2026,QUEEN MARY AVENUE,THE DRIVE,,Non-Injury Crash,No,2026,0,West,0,0,0,Flat,0,,0,,0,Dark,447200,0,0,0,2,0,0,0,0,1,,0,0,Auckland Region,Nil,2-way,Sealed,0,0,0,0,50,0,On,0,0,,76,Auckland,Nil,0,0,0,0,0,0,Urban,0,0,0,Light rain,Strong wind
1754676.1353,5920863.8083,806140,,515301,0,,0,1,,Null,2025/2026,JERVOIS ROAD,ALBANY ROAD,,Non-Injury Crash,No,2026,,West,,0,,Flat,,,,,,Bright sun,427400,0,0,0,4,,,0,,,,,,Auckland Region,Nil,2-way,Sealed,,0,0,,50,,Null,1,0,,76,Auckland,Stop,,,,,0,0,Urban,0,,,Fine,Null
1757810.6677,5918172.0202,806146,,515700,0,,0,2,,South,2023/2024,SOUTHERN MOTORWAY,MOUNTAIN OBR,,Non-Injury Crash,Yes,2023,,North,,0,,Flat,,,,,,Bright sun,443600,0,0,0,5,,,0,,,,,,Auckland Region,Nil,1-way,Sealed,,0,0,,80,,Off,0,0,,76,Auckland,Nil,,,,,0,0,Open,0,,,Fine,Null
1755762.4708,5912302.3972,806147,,518701,0,,0,2,,Null,2025/2026,OAKDALE ROAD,NORTON ROAD,,Non-Injury Crash,No,2026,,North,,0,,Null,,,,,,Unknown,573400,0,0,0,0,,,0,,,,,,Auckland Region,Nil,Null,Null,,0,0,,,,Null,0,0,,76,Auckland,Give way,,,,,0,0,Urban,0,,,Null,Null
1766345.6165,5903809.504,806154,,524604,0,0,0,1,0,West,2023/2024,SOUTH-WESTERN MOTORWAY,LAMBIE DRIVE ON RAMP,,Non-Injury Crash,Yes,2023,0,West,0,0,0,Hill Road,1,,0,,0,Bright sun,780210,0,0,0,2,0,0,0,0,0,,0,0,Auckland Region,Nil,1-way,Sealed,0,0,0,0,100,0,Off,0,0,,76,Auckland,Nil,0,0,0,0,1,0,Open,0,0,0,Fine,Null
1763725.8643,5906826.293,806178,,524301,0,0,0,1,0,North,2025/2026,PICTON STREET,MILTON ROAD,,Non-Injury Crash,No,2025,0,North,0,0,0,Flat,0,,0,,0,Dark,656700,0,0,0,2,0,0,0,0,1,,0,0,Auckland Region,Nil,2-way,Sealed,0,0,0,0,50,0,On,0,0,,76,Auckland,Nil,0,0,0,0,1,0,Urban,0,0,0,Heavy rain,Null
1755005.848,5929237.3065,806179,,508320,0,,0,0,,North,2025/2026,WAIRAU ROAD,TARGET ROAD,,Serious Crash,No,2026,,East,,0,,Hill Road,,,,,,Overcast,196600,0,0,1,3,,,0,,,,,,Auckland Region,Nil,2-way,Sealed,,0,1,,50,,Off,0,0,,76,Auckland,Nil,,,,,0,0,Urban,0,,,Light rain,Null
1750499.393,5914531.7873,806186,,511303,0,1,0,2,0,West,2025/2026,GREAT NORTH ROAD,WHAU BR,,Non-Injury Crash,No,2025,0,East,0,0,0,Null,0,,0,,1,Dark,265700,0,0,0,2,0,0,0,0,0,,0,0,Auckland Region,Bridge,2-way,Sealed,0,0,0,0,50,0,On,0,0,,76,Auckland,Nil,0,0,0,0,0,0,Urban,0,0,0,Fine,Null
1742120.371,5916458.3002,806201,,513020,0,0,0,1,1,South,2025/2026,CANDIA ROAD,SIMPSON ROAD,,Non-Injury Crash,No,2025,0,South,0,0,0,Flat,0,,0,,0,Bright sun,279800,0,0,0,2,0,0,0,0,0,,0,0,Auckland Region,Nil,2-way,Sealed,0,0,0,0,60,0,None,0,0,,76,Auckland,Nil,0,0,0,0,0,0,Urban,0,0,0,Fine,Null
1753065.8298,5876995.2376,806217,,526103,0,0,0,1,0,East,2025/2026,RIVERSIDE DRIVE,SANDSPIT ROAD,,Non-Injury Crash,No,2026,0,North,0,0,0,Flat,0,,0,,0,Twilight,837002,0,0,0,2,0,0,0,0,0,,0,0,Auckland Region,Nil,2-way,Sealed,0,0,0,0,50,0,On,0,0,,76,Auckland,Nil,0,0,0,1,0,0,Urban,0,0,0,Fine,Null
1768560.0418,5905390.4555,806224,,523721,0,0,0,0,0,East,2025/2026,BOUNDARY ROAD,OTHELLO DRIVE,,Non-Injury Crash,No,2025,0,East,0,0,1,Flat,0,,0,,0,Dark,715613,0,0,0,2,0,0,0,0,0,,0,0,Auckland Region,Nil,2-way,Sealed,0,0,0,0,50,0,On,0,0,,76,Auckland,Nil,0,0,0,0,0,1,Urban,0,0,0,Fine,Null
1738315.6202,5929135.6474,806232,,505602,0,0,0,1,0,South,2025/2026,MAIN ROAD,JOHN MCDONALD LANE,,Non-Injury Crash,Yes,2025,0,North,0,0,0,Flat,0,,0,,0,Dark,214102,0,0,0,2,0,0,0,0,1,,0,0,Auckland Region,Nil,2-way,Sealed,0,0,0,0,50,0,On,0,0,,76,Auckland,Nil,0,0,0,0,0,0,Urban,1,0,0,Fine,Null
1748756.6495,5969457.6669,806239,,505500,0,,0,0,,Null,2022/2023,FAIRWATER ROAD,AUCKLAND ROAD,,Non-Injury Crash,No,2023,,West,,0,,Null,,,,,,Unknown,141200,0,0,0,3,,,0,,,,,,Auckland Region,Nil,2-way,Sealed,,0,0,,20,,Null,2,0,,76,Auckland,Give way,,,,,0,0,Urban,0,,,Null,Null
1746872.9972,5910563.4692,806247,45,512000,0,0,0,1,0,South,2022/2023,SCENIC DRIVE,WOODLANDS PARK ROAD,,Non-Injury Crash,No,2023,0,South,0,0,1,Hill Road,0,,0,,1,Dark,296900,0,0,0,2,0,0,0,0,0,,0,0,Auckland Region,Nil,2-way,Sealed,0,0,0,0,50,0,On,0,0,,76,Auckland,Nil,0,0,0,1,0,0,Urban,0,0,0,Fine,Null
1769192.6458,5905171.6109,806248,,523712,0,,0,2,,Null,2025/2026,MATTHEWS ROAD,ASPIRING AVENUE,,Non-Injury Crash,No,2025,,South,,0,,Flat,,,,,,Bright sun,716206,0,0,0,2,,,0,,,,,,Auckland Region,Nil,2-way,Sealed,,0,0,,50,,Null,0,0,,76,Auckland,Give way,,,,,0,0,Urban,0,,,Fine,Null
1760379.1201,5914328.7916,806255,,519400,0,0,0,2,0,North,2023/2024,KONINI ROAD,NGATIAWA STREET,,Non-Injury Crash,No,2023,0,East,0,0,1,Hill Road,0,,0,,0,Dark,618803,0,0,0,2,0,0,0,0,1,,0,0,Auckland Region,Nil,2-way,Sealed,0,0,0,0,50,0,On,1,0,,76,Auckland,Nil,0,0,0,0,0,0,Urban,0,0,0,Fine,Null
1745745.2099,5917221.9841,806257,,510800,0,,0,2,,Null,2025/2026,GREAT NORTH ROAD,EDSEL STREET,,Minor Crash,No,2025,,West,,0,,Hill Road,,,,,,Dark,243300,1,0,0,6,,,0,,,,,,Auckland Region,Nil,2-way,Sealed,,0,0,,50,,On,0,0,,76,Auckland,Traffic Signals,,,,,0,0,Urban,0,,,Fine,Null
1763858.4337,5912803.1827,806271,,520500,0,0,0,1,0,Null,2025/2026,TE PUTU AVENUE,MOUNT WELLINGTON HIGHWAY,,Non-Injury Crash,No,2025,0,South,0,0,0,Hill Road,0,,0,,0,Bright sun,637500,0,0,0,1,0,0,0,0,0,,0,0,Auckland Region,Nil,1-way,Sealed,0,0,0,0,50,0,Off,0,0,,76,Auckland,Give way,0,0,0,1,0,0,Urban,0,0,0,Fine,Null