X,Y,OBJECTID,advisorySpeed,areaUnitID,bicycle,bridge,bus,carStationWagon,cliffBank,crashDirectionDescription,crashFinancialYear,crashLocation1,crashLocation2,crashRoadSideRoad,crashSeverity,crashSHDescription,crashYear,debris,directionRoleDescription,ditch,fatalCount,fence,flatHill,guardRail,holiday,houseOrBuilding,intersection,kerb,light,meshblockId,minorInjuryCount,moped,motorcycle,NumberOfLanes,objectThrownOrDropped,otherObject,otherVehicleType,overBank,parkedVehicle,pedestrian,phoneBoxEtc,postOrPole,region,roadCharacter,roadLane,roadSurface,roadworks,schoolBus,seriousInjuryCount,slipOrFlood,speedLimit,strayAnimal,streetLight,suv,taxi,temporarySpeedLimit,tlaId,tlaName,trafficControl,trafficIsland,trafficSign,train,tree,truck,unknownVehicleType,urban,vanOrUtility,vehicle,waterRiver,weatherA,weatherB
1767581.3728,5904623.4972,806279,,524604,0,,0,2,,Null,2025/2026,GREAT SOUTH ROAD,RONWOOD AVENUE,,Minor Crash,No,2026,,North,,0,,Flat,,,,,,Bright sun,780204,1,0,0,3,,,0,,,,,,Auckland Region,Nil,1-way,Sealed,,0,0,,50,,Off,0,0,,76,Auckland,Traffic Signals,,,,,0,0,Urban,0,,,Fine,Null
1752966.591,5973581.8353,806286,,506661,0,,0,1,,South,2023/2024,MATAKANA ROAD,OAK RIVER DRIVE,,Minor Crash,No,2024,,South,,0,,Flat,,,,,,Overcast,139303,3,0,0,2,,,0,,,,,,Auckland Region,Nil,2-way,Sealed,,0,0,,80,,None,0,0,,76,Auckland,Nil,,,,,0,0,Open,1,,,Heavy rain,Null
1758030.8376,5920571.7601,806287,,514103,0,,0,1,,South,2025/2026,ANZAC AVENUE,SHORT STREET,,Minor Crash,No,2025,,South,,0,,Hill Road,,,,,,Bright sun,438406,1,0,0,4,,,0,,,1,,,Auckland Region,Nil,1-way,Sealed,,0,0,,30,,Off,0,0,,76,Auckland,Give way,,,,,0,0,Urban,0,,,Fine,Null
1761334.8834,5914367.1923,806327,,520202,0,0,0,2,0,North,2025/2026,SOUTHERN MOTORWAY,PENROSE INT N,,Non-Injury Crash,Yes,2025,0,North,0,0,0,Flat,2,,0,,0,Dark,612100,0,0,0,3,0,0,0,0,0,,0,0,Auckland Region,Nil,1-way,Sealed,0,0,0,0,100,0,On,0,0,,76,Auckland,Nil,0,0,0,0,0,0,Open,0,0,0,Light rain,Null
1765674.1708,5916636.2556,806335,,517100,0,,0,1,,Null,2025/2026,POINT ENGLAND ROAD,DALTON STREET,,Serious Crash,No,2025,,East,,0,,Flat,,Labour Weekend,,,,Overcast,477000,0,0,1,2,,,0,,,,,,Auckland Region,Nil,2-way,Sealed,,0,1,,50,,Off,0,0,,76,Auckland,Stop,,,,,0,0,Urban,0,,,Fine,Null
1766893.4796,5907655.9484,806341,,523501,0,,0,1,,Null,2022/2023,EAST TAMAKI ROAD,BAIRDS ROAD,,Non-Injury Crash,No,2023,,East,,0,,Flat,,,,,,Twilight,700700,0,0,0,2,,,0,,,,,,Auckland Region,Nil,2-way,Sealed,,0,0,,50,,On,1,0,,76,Auckland,Traffic Signals,,,,,0,0,Urban,0,,,Light rain,None
1769061.4557,5911525.0539,806375,,523113,0,,0,1,,East,2025/2026,TI RAKAU DRIVE,HARRIS ROAD,,Non-Injury Crash,No,2025,,West,,0,,Flat,,,,,,Dark,711703,0,0,0,3,,,0,,,,,,Auckland Region,Nil,1-way,Sealed,,0,0,,50,,On,1,0,,76,Auckland,Nil,,,,,0,0,Urban,0,,,Fine,Null
1755526.6665,5934403.0131,806396,,507200,0,,0,1,,Null,2023/2024,BEACH ROAD,BAYSIDE DRIVE,,Serious Crash,No,2023,,North,,0,,Hill Road,,,,,,Bright sun,158000,0,0,0,2,,,0,,,1,,,Auckland Region,Nil,2-way,Sealed,,0,1,,50,,Off,0,0,,76,Auckland,Give way,,,,,0,0,Urban,0,,,Fine,Null
1767801.7833,5906350.5201,806403,,523711,0,,0,1,,Null,2022/2023,PRESTON ROAD,BAIRDS ROAD,,Non-Injury Crash,No,2023,,North,,0,,Flat,,,,,,Dark,715000,0,0,0,2,,,0,,,,,,Auckland Region,Nil,2-way,Sealed,,0,0,,50,,On,0,0,,76,Auckland,Give way,,,,,0,0,Urban,1,,,Fine,Null
1759384.4761,5903495.104,806411,,524200,0,0,0,1,0,West,2023/2024,TOM PEARCE DRIVE,LEONARD ISITT DRIVE,,Minor Crash,No,2024,0,West,0,0,0,Flat,0,,0,,0,Dark,727200,1,0,0,4,0,0,0,0,0,,0,1,Auckland Region,Nil,2-way,Sealed,0,0,0,0,50,0,On,0,1,,76,Auckland,Nil,0,0,0,0,0,0,Urban,0,0,0,Heavy rain,Strong wind
1760737.6654,5914719.1679,806435,,519400,0,,0,2,,South,2023/2024,ROCKFIELD ROAD,GREAT SOUTH ROAD,,Non-Injury Crash,No,2024,,North,,0,,Flat,,,,,,Overcast,619600,0,0,0,2,,,0,,,,,,Auckland Region,Nil,2-way,Sealed,,0,0,,50,,Off,0,0,,76,Auckland,Nil,,,,,0,0,Urban,0,,,Light rain,Null
1748950.2443,5934935.7381,806450,,506653,0,,0,1,,South,2023/2024,O'BRIEN ROAD,COATESVILLE-RIVERHEAD HIGHWAY,,Serious Crash,No,2024,,North,,0,,Hill Road,,,,,,Bright sun,217500,1,0,0,2,,,0,,,,,,Auckland Region,Nil,2-way,Sealed,,0,1,,60,,Off,0,0,,76,Auckland,Nil,,,,,0,0,Urban,1,,,Fine,Null
1770290.5011,5914339.4793,806475,,522722,0,,0,2,,Null,2025/2026,HIGHLAND PARK DRIVE,CROMDALE AVENUE,,Non-Injury Crash,No,2025,,West,,0,,Flat,,,,,,Overcast,681303,0,0,0,1,,,0,,,,,,Auckland Region,Nil,1-way,Sealed,,0,0,,50,,None,0,0,40,76,Auckland,Stop,,,,,0,0,Urban,0,,,Fine,Null
1753256.9705,5933084.7738,806483,,508701,0,,0,1,,Null,2025/2026,ALBANY EXPRESSWAY,GREVILLE ROAD,,Non-Injury Crash,No,2026,,East,,0,,Flat,,,,,,Bright sun,178900,0,0,0,4,,,0,,,,,,Auckland Region,Nil,2-way,Sealed,,0,0,,50,,Off,1,0,,76,Auckland,Traffic Signals,,,,,0,0,Urban,0,,,Fine,Null
1750519.9442,5913657.2689,806489,,511303,0,0,0,1,0,South,2023/2024,PORTAGE ROAD,CLARK STREET,,Non-Injury Crash,No,2023,0,South,0,0,0,Hill Road,0,,0,,0,Dark,265400,0,0,0,4,0,0,0,0,0,,0,1,Auckland Region,Nil,2-way,Sealed,0,0,0,0,50,0,On,0,0,,76,Auckland,Nil,0,0,0,0,0,0,Urban,0,0,0,Light rain,Null
1757684.9063,5920998.9541,806506,,514101,0,,0,1,,Null,2025/2026,COMMERCE STREET,QUAY STREET,,Non-Injury Crash,No,2025,,North,,0,,Null,,,,,,Bright sun,437902,0,0,0,2,,,0,,,,,,Auckland Region,Nil,2-way,Sealed,,0,0,,30,,Off,1,0,,76,Auckland,Traffic Signals,,,,,0,0,Urban,0,,,Fine,Null
1765955.6779,5907707.5071,806507,,522301,0,0,0,3,0,Null,2025/2026,MOTATAU ROAD,SUNNYSIDE CRESCENT,,Non-Injury Crash,No,2025,0,South,0,0,0,Flat,0,,0,,0,Overcast,666700,0,0,0,2,0,0,0,0,1,,0,0,Auckland Region,Nil,2-way,Sealed,0,0,0,0,50,0,Off,0,0,,76,Auckland,Nil,0,0,0,0,0,0,Urban,0,0,0,Fine,Null
1767680.3786,5905040.723,806522,,524604,0,,0,2,,Null,2025/2026,TE IRIRANGI DRIVE,TE IRIRANGI DRIVE ON RAMP,,Non-Injury Crash,No,2025,,East,,0,,Flat,,,,,,Bright sun,780302,0,0,0,2,,,0,,,,,,Auckland Region,Bridge,1-way,Sealed,,0,0,,60,,Off,0,0,,76,Auckland,Give way,,,,,0,0,Urban,0,,,Fine,Null
1753007.2017,5930789.752,806523,,508803,0,,0,1,,Null,2025/2026,BARBADOS DRIVE,UNSWORTH DRIVE,,Minor Crash,No,2026,,South,,0,,Hill Road,,,,,,Bright sun,180842,1,0,0,2,,,0,,,,,,Auckland Region,Nil,2-way,Sealed,,0,0,,50,,Off,1,0,,76,Auckland,Give way,,,,,0,0,Urban,0,,,Fine,Null
1773477.7779,5899704.392,806531,,523813,0,,0,3,,East,2025/2026,AIRFIELD ROAD,MILL ROAD,,Non-Injury Crash,No,2026,,East,,0,,Flat,,,,,,Overcast,761000,0,0,0,2,,,0,,,,,,Auckland Region,Nil,2-way,Sealed,,0,0,,80,,Off,0,0,,76,Auckland,Nil,,,,,0,0,Open,0,,,Light rain,Null
1741666.001,5922042.6503,806537,,513621,0,0,0,1,0,West,2023/2024,RED HILLS ROAD,MORUS ROAD,,Non-Injury Crash,No,2023,0,East,0,0,1,Hill Road,0,,0,,0,Dark,226601,0,0,0,2,0,0,0,0,0,,0,0,Auckland Region,Nil,2-way,Sealed,0,0,0,0,70,0,None,0,0,,76,Auckland,Nil,0,0,0,1,0,0,Urban,0,0,0,Fine,Null
1753689.3943,5911394.7788,806546,,519001,0,0,0,1,0,South,2024/2025,CANBERRA AVENUE,JAMES TYLER CRESCENT,,Serious Crash,No,2025,0,West,0,0,1,Flat,0,,0,,0,Bright sun,592000,0,0,0,2,0,0,0,0,0,1,0,0,Auckland Region,Nil,2-way,Sealed,0,0,1,0,50,0,Off,0,0,,76,Auckland,Nil,0,0,0,0,0,0,Urban,0,0,0,Fine,Null
1768888.4437,5900861.4136,806554,,525001,0,,0,0,,Null,2025/2026,GREAT SOUTH ROAD,GREAT SOUTH ROAD,,Minor Crash,No,2025,,South,,0,,Flat,,,,,,Bright sun,751600,1,0,1,3,,,0,,,1,,,Auckland Region,Nil,2-way,Sealed,,0,0,,50,,None,0,0,,76,Auckland,Give way,,,,,0,0,Urban,0,,,Fine,Null
1758991.0359,5912187.9545,806560,,519820,0,0,0,2,0,West,2022/2023,CHURCH STREET,ONEHUNGA MALL,,Non-Injury Crash,No,2023,0,East,0,0,0,Flat,0,,0,,0,Bright sun,600800,0,0,0,2,0,0,0,0,1,,0,0,Auckland Region,Nil,2-way,Sealed,0,0,0,0,50,0,Off,0,0,,76,Auckland,Nil,0,0,0,0,0,0,Urban,0,0,0,Fine,Null
1754379.3988,5920612.1924,806561,,515201,0,0,0,1,0,South,2025/2026,JERVOIS ROAD,CLIFTON ROAD,,Non-Injury Crash,No,2025,0,South,1,0,1,Flat,0,,0,,0,Dark,422100,0,0,0,2,0,1,0,0,0,,0,0,Auckland Region,Nil,2-way,Sealed,0,0,0,0,50,0,On,0,0,,76,Auckland,Nil,0,0,0,1,0,0,Urban,0,0,0,Fine,Null
1763893.9128,5909517.0468,806576,,521901,0,0,0,1,0,East,2022/2023,HALL AVENUE,NIKAU ROAD,,Non-Injury Crash,No,2023,0,West,0,0,0,Flat,0,,0,,0,Bright sun,784500,0,0,0,1,0,0,0,0,1,,0,0,Auckland Region,Nil,2-way,Sealed,0,0,0,0,50,0,Off,1,0,,76,Auckland,Nil,0,0,0,0,0,0,Urban,0,0,0,Fine,Null
1747795.5487,5911265.4014,806578,,511901,0,,0,2,,Null,2025/2026,TITIRANGI ROAD,GODLEY ROAD,,Non-Injury Crash,No,2025,,South,,0,,Hill Road,,,,,,Overcast,294102,0,0,0,2,,,0,,,,,,Auckland Region,Nil,2-way,Sealed,,0,0,,50,,Off,0,0,,76,Auckland,Give way,,,,,0,0,Urban,0,,,Fine,Null
1760594.8044,5913075.8037,806600,,519900,0,0,0,2,0,West,2025/2026,MOUNT SMART ROAD,FELIX STREET,,Minor Crash,No,2026,0,West,0,0,0,Flat,0,,0,,0,Overcast,604000,1,0,0,2,0,0,0,0,1,,0,0,Auckland Region,Nil,2-way,Sealed,0,0,0,0,50,0,Off,0,0,,76,Auckland,Nil,0,0,0,0,0,0,Urban,0,0,0,Fine,Null
1762154.4038,5913704.1022,806601,,520500,0,,0,2,,East,2025/2026,"SOUTHERN MOTORWAY, PENROSE, AUCKLAND 1060",SOUTHERN MOTORWAY,,Non-Injury Crash,Yes,2025,,North,,0,,Flat,,,,,,Bright sun,637000,0,0,0,3,,,0,,,,,,Auckland Region,Nil,1-way,Sealed,,0,0,,100,,Off,0,0,,76,Auckland,Nil,,,,,0,0,Open,0,,,Fine,Null
1744821.5067,5941944.7227,806607,65,506614,0,0,0,0,1,East,2023/2024,HORSESHOE BUSH ROAD,TENDER ROAD,,Non-Injury Crash,No,2023,0,West,1,0,0,Flat,0,,0,,0,Bright sun,177802,0,0,0,2,0,0,0,0,0,,0,0,Auckland Region,Nil,2-way,Sealed,0,0,0,0,80,0,None,0,0,,76,Auckland,Nil,0,0,0,0,1,0,Open,0,0,0,Fine,Null
1754786.1744,5931725.2508,806623,,508805,0,0,0,1,0,South,2023/2024,CONSTELLATION DRIVE,ASCENSION PLACE,,Non-Injury Crash,No,2023,0,South,0,0,0,Flat,0,,0,,0,Dark,180813,0,0,0,2,0,0,0,0,0,,0,1,Auckland Region,Nil,2-way,Sealed,0,0,0,0,50,0,On,0,0,,76,Auckland,Nil,0,0,0,0,0,0,Urban,0,0,0,Fine,Null
1757149.914,5925801.0231,806624,,509702,0,,0,0,,South,2025/2026,NORTHERN MOTORWAY,ESMONDE OBR,,Non-Injury Crash,Yes,2025,,South,,0,,Flat,,,,,,Bright sun,364602,0,0,1,3,,,0,,,,,,Auckland Region,Nil,1-way,Sealed,,0,0,,100,,Off,0,0,,76,Auckland,Nil,,,,,1,0,Open,0,,,Fine,Null
1752488.4666,5929058.447,806647,,508411,0,,0,1,,North,2025/2026,SPINELLA DRIVE,BAYVIEW ROAD,,Minor Crash,No,2025,,South,,0,,Hill Road,,,,,,Twilight,184912,1,0,0,2,,,0,,,,,,Auckland Region,Nil,2-way,Sealed,,0,0,,50,,Off,1,0,,76,Auckland,Nil,,,,,0,0,Urban,0,,,Fine,Null
1780046.8159,5900921.4865,806654,,525201,0,0,0,0,0,North,2022/2023,PAPAKURA-CLEVEDON ROAD,TOURIST ROAD,,Non-Injury Crash,No,2023,0,North,1,0,0,Flat,0,,0,,0,Bright sun,763400,0,0,0,2,0,0,0,0,0,,0,0,Auckland Region,Nil,2-way,Sealed,0,0,0,0,80,0,Off,0,0,,76,Auckland,Nil,0,0,0,0,1,0,Open,0,0,0,Fine,Null
1760959.7002,5919954.9251,806655,,516400,0,,0,1,,Null,2025/2026,TAMAKI DRIVE,NGAPIPI ROAD,,Non-Injury Crash,No,2025,,East,,0,,Null,,,,,,Bright sun,496500,0,0,0,3,,,0,,,,,,Auckland Region,Nil,2-way,Sealed,,0,0,,50,,Null,0,0,,76,Auckland,Traffic Signals,,,,,0,0,Urban,0,,,Fine,Null
1765211.5152,5907500.9403,806656,,522301,0,,0,2,,North,2025/2026,GREAT SOUTH ROAD,GREAT SOUTH ROAD,,Non-Injury Crash,No,2025,,South,,0,,Flat,,,,,,Overcast,665800,0,0,0,3,,,0,,,,,,Auckland Region,Nil,2-way,Sealed,,0,0,,50,,Off,0,0,,76,Auckland,Nil,,,,,0,0,Urban,0,,,Fine,Null
1757903.9273,5918099.0042,806679,,515700,0,,1,1,,North,2024/2025,SOUTHERN MOTORWAY,GILLIES AVENUE OFF RAMP,,Non-Injury Crash,Yes,2025,,South,,0,,Flat,,Queens Birthday,,,,Twilight,443200,0,0,0,5,,,0,,,,,,Auckland Region,Nil,1-way,Sealed,,0,0,,80,,On,0,0,,76,Auckland,Nil,,,,,0,0,Open,0,,,Fine,Null
1772656.8658,5898236.514,806695,,523912,0,0,0,2,0,West,2025/2026,WALTERS ROAD,BATTALION DRIVE,,Non-Injury Crash,No,2025,0,East,0,0,0,Flat,0,,0,,0,Bright sun,765410,0,0,0,2,0,0,0,0,0,,0,1,Auckland Region,Nil,2-way,Sealed,0,0,0,0,50,0,Off,0,0,,76,Auckland,Nil,0,0,0,0,0,0,Urban,0,0,0,Fine,Null
1756697.51,5919212.298,806703,,514200,0,0,0,1,0,West,2025/2026,SOUTHERN MOTORWAY,UPPER QUEEN OBR,,Non-Injury Crash,Yes,2025,0,West,0,0,0,Flat,1,,0,,0,Dark,412900,0,0,0,3,0,0,0,0,0,,0,0,Auckland Region,Nil,1-way,Sealed,0,0,0,0,80,0,On,0,0,,76,Auckland,Nil,0,0,0,0,0,0,Open,0,0,0,Fine,Null
1743345.8373,5919248.8776,806711,,513212,0,0,0,1,0,North,2025/2026,SWANSON ROAD,BAHARI DRIVE,,Non-Injury Crash,No,2025,0,South,0,0,0,Flat,0,,0,,0,Overcast,235711,0,0,0,2,0,0,0,0,1,,0,0,Auckland Region,Nil,2-way,Sealed,0,0,0,0,50,0,Off,0,0,,76,Auckland,Nil,0,0,0,0,0,0,Urban,1,0,0,Fine,Null
1768002.2359,5903240.3726,806712,,524602,0,,0,2,,Null,2025/2026,KERRS ROAD,WALLSON CRESCENT,,Non-Injury Crash,No,2025,,East,,0,,Flat,,Christmas New Year,,,,Overcast,780407,0,0,0,3,,,0,,,,,,Auckland Region,Nil,2-way,Sealed,,0,0,,50,,Off,0,0,,76,Auckland,Nil,,,,,0,0,Urban,0,,,Fine,Null
1755329.0553,5915230.4533,806718,,518500,0,0,0,1,0,West,2023/2024,INVERMAY AVENUE,DOMINION ROAD,,Minor Crash,No,2023,0,West,0,0,0,Flat,0,,0,,0,Dark,559900,1,0,0,2,0,0,0,0,1,,0,0,Auckland Region,Nil,2-way,Sealed,0,0,0,0,50,0,On,0,0,,76,Auckland,Nil,0,0,0,0,1,0,Urban,0,0,0,Fine,Null
1757870.1842,5912950.2728,806743,,519810,0,0,0,1,0,East,2025/2026,TRAFALGAR STREET,PLEASANT STREET,,Minor Crash,No,2026,0,East,0,0,0,Flat,0,,0,,0,Overcast,596800,1,0,0,2,0,0,0,0,1,,0,0,Auckland Region,Nil,2-way,Sealed,0,0,0,0,50,0,Off,1,0,,76,Auckland,Nil,0,0,0,0,0,0,Urban,0,0,0,Fine,Null
1764007.2037,5916641.191,806766,,516302,0,,0,2,,Null,2023/2024,COLLEGE ROAD,NGAHUE DRIVE,,Minor Crash,No,2024,,North,,0,,Hill Road,,,,,,Bright sun,465301,2,0,0,4,,,0,,,,,,Auckland Region,Nil,2-way,Sealed,,0,0,,50,,Off,0,0,,76,Auckland,Traffic Signals,,,,,0,0,Urban,0,,,Fine,Null
1756636.7978,5912771.8862,806767,,518702,0,,0,2,,East,2025/2026,HILLSBOROUGH ROAD OFF RAMP,HILLSBOROUGH ROAD,,Non-Injury Crash,No,2025,,West,,0,,Null,,,,,,Unknown,570100,0,0,0,2,,,0,,,,,,Auckland Region,Nil,1-way,Sealed,,0,0,,50,,Null,0,0,,76,Auckland,Nil,,,,,0,0,Urban,0,,,Null,Null
1742743.3292,5919017.8166,806774,,513213,0,0,0,0,0,East,2023/2024,SWANSON ROAD,ARNEY ROAD,,Serious Crash,No,2023,0,East,0,0,0,Flat,0,,0,,0,Dark,235200,0,0,1,2,0,0,0,0,0,,0,0,Auckland Region,Nil,2-way,Sealed,0,0,1,0,50,0,On,0,0,,76,Auckland,Nil,1,0,0,0,0,0,Urban,0,0,0,Fine,Null
1753871.2581,5920417.5522,806781,,515301,0,0,0,1,0,West,2022/2023,JERVOIS ROAD,MARINE PARADE,,Non-Injury Crash,No,2023,0,West,0,0,1,Hill Road,0,,0,,0,Dark,426200,0,0,0,2,0,0,0,0,0,,0,0,Auckland Region,Nil,2-way,Sealed,0,0,0,0,50,0,On,0,0,,76,Auckland,Nil,0,0,0,0,0,0,Urban,0,0,0,Fine,Null
1746172.929,5920268.8433,806790,,513301,0,,0,1,,West,2025/2026,NORTH-WESTERN MOTORWAY,HENDERSON CK BR,,Non-Injury Crash,Yes,2026,,West,,0,,Flat,,,,,,Overcast,230301,0,0,0,3,,,0,,,,,,Auckland Region,Nil,1-way,Sealed,,0,0,,100,,Off,0,0,,76,Auckland,Nil,,,,,1,0,Open,0,,,Fine,Null
1740895.2125,5953361.6086,806798,,506614,0,,0,0,,West,2025/2026,MONOWAI ROAD,UPPER WAIWERA ROAD,,Serious Crash,No,2026,,South,,0,,Hill Road,,,,,,Dark,177000,0,0,0,2,,,1,,,,,,Auckland Region,Nil,2-way,Sealed,,0,1,,100,,None,0,0,,76,Auckland,Nil,,,,,0,0,Open,0,,,Fine,Null
1743723.7859,5916235.8613,806823,,513012,0,0,0,3,0,North,2025/2026,SAN PEDRO PLACE,SAN ANTONIO WAY,,Non-Injury Crash,No,2026,0,North,0,0,0,Flat,0,Christmas New Year,0,,0,Dark,280710,0,0,0,2,0,0,0,0,1,,0,0,Auckland Region,Nil,2-way,Sealed,0,0,0,0,50,0,On,0,0,,76,Auckland,Nil,0,0,0,0,0,0,Urban,0,0,0,Fine,Null
1760679.0187,5903448.0518,806839,,524200,0,,0,3,,East,2025/2026,PUHINUI ROAD,TOM PEARCE DRIVE,,Non-Injury Crash,Yes,2025,,East,,0,,Flat,,,,,,Overcast,727200,0,0,0,2,,,0,,,,,,Auckland Region,Bridge,2-way,Sealed,,0,0,,50,,Off,0,0,,76,Auckland,Nil,,,,,0,0,Urban,0,,,Heavy rain,Null
1754491.2309,5916517.4239,806845,,517702,0,,0,2,,South,2023/2024,FOWLDS AVENUE,ST LUKES ROAD,,Non-Injury Crash,No,2023,,North,,0,,Flat,,,,,,Bright sun,540201,0,0,0,2,,,0,,,,,,Auckland Region,Nil,2-way,Sealed,,0,0,,50,,On,0,0,,76,Auckland,Nil,,,,,0,0,Urban,0,,,Fine,Null
1772876.4737,5900614.0008,806846,,523813,0,,0,1,,Null,2025/2026,MILL ROAD,POPES ROAD,,Non-Injury Crash,No,2025,,North,,0,,Flat,,,,,,Bright sun,761000,0,0,0,2,,,0,,,,,,Auckland Region,Nil,2-way,Sealed,,0,0,,80,,Off,0,0,,76,Auckland,Stop,,,,,0,0,Open,1,,,Fine,Null
1767115.6401,5904748.5501,806853,,524604,0,,0,1,,Null,2022/2023,SHARKEY STREET,CAVENDISH DRIVE,,Non-Injury Crash,No,2023,,North,,0,,Flat,,,,,,Bright sun,780209,0,0,0,2,,,0,,,,,,Auckland Region,Nil,2-way,Sealed,,0,0,,60,,None,1,0,,76,Auckland,Traffic Signals,,,,,0,0,Urban,0,,,Fine,Null
1757509.2359,5918647.1217,806870,,514302,0,,0,2,,North,2024/2025,SOUTHERN MOTORWAY,KHYBER PASS OBR,,Non-Injury Crash,Yes,2025,,North,,0,,Flat,,,,,,Bright sun,442500,0,0,0,3,,,0,,,,,,Auckland Region,Nil,1-way,Sealed,,0,0,,80,,Off,0,0,,76,Auckland,Nil,,,,,0,0,Open,0,,,Fine,Null
1767775.9286,5906253.6179,806878,,523601,0,0,0,1,0,North,2025/2026,PRESTON ROAD,FLAT BUSH ROAD,,Serious Crash,No,2025,0,East,0,0,0,Flat,0,,0,,0,Overcast,706800,1,0,0,2,0,0,0,0,0,2,0,0,Auckland Region,Nil,2-way,Sealed,0,0,1,0,50,0,Off,0,0,,76,Auckland,Nil,0,0,0,1,0,0,Urban,0,0,0,Fine,Null
1772210.6738,5913956.0355,806885,,521602,0,,0,2,,Null,2025/2026,COOK STREET,RODNEY STREET,,Non-Injury Crash,Unknown,2026,,North,,0,,Null,,,,,,Bright sun,649800,0,0,0,1,,,0,,,,,,Auckland Region,Nil,1-way,Sealed,,0,0,,50,,Null,0,0,,76,Auckland,Give way,,,,,0,0,Urban,0,,,Fine,Null
1757028.6028,5918404.8057,806900,,518101,0,,0,2,,Null,2023/2024,MOUNT EDEN ROAD,BOSTON ROAD,,Minor Crash,No,2024,,North,,0,,Hill Road,,,,,,Twilight,542501,1,0,0,3,,,0,,,,,,Auckland Region,Nil,2-way,Sealed,,0,0,,50,,On,0,0,,76,Auckland,Traffic Signals,,,,,0,0,Urban,0,,,Fine,Null
1759584.1735,5912735.66,806910,,520000,0,,0,2,,Null,2024/2025,VICTORIA STREET,GREY STREET,,Non-Injury Crash,No,2025,,South,,0,,Flat,,,,,,Dark,605700,0,0,0,2,,,0,,,,,,Auckland Region,Nil,2-way,Sealed,,0,0,,50,,On,0,0,,76,Auckland,Stop,,,,,0,0,Urban,0,,,Heavy rain,Null
1769728.957,5907344.6052,806917,,523712,0,,0,2,,Null,2025/2026,CHAPEL ROAD,ORMISTON ROAD,,Non-Injury Crash,No,2025,,North,,0,,Flat,,,,,,Overcast,712803,0,0,0,4,,,0,,,,,,Auckland Region,Nil,2-way,Sealed,,0,0,,60,,Off,0,0,,76,Auckland,Traffic Signals,,,,,0,0,Urban,0,,,Light rain,Null
1769231.0631,5909361.0421,806918,,523113,0,,0,2,,Null,2025/2026,LADY RUBY DRIVE,BASALT PLACE,,Non-Injury Crash,No,2025,,North,,0,,Flat,,,,,,Bright sun,711811,0,0,0,2,,,0,,,,,,Auckland Region,Nil,2-way,Sealed,,0,0,,50,,Null,0,0,,76,Auckland,Nil,,,,,0,0,Urban,0,,,Fine,Null
1768738.8004,5900766.0095,806926,,525001,0,,0,0,,Null,2025/2026,WEYMOUTH ROAD,BEAUMONTS WAY,,Minor Crash,No,2025,,West,,0,,Flat,,,,,,Dark,752100,1,0,1,2,,,0,,,,,,Auckland Region,Bridge,2-way,Sealed,,0,0,,50,,On,0,0,40,76,Auckland,Give way,,,,,0,0,Urban,0,,,Fine,Null
1771842.1579,5903770.8458,806932,,523818,0,0,0,1,1,East,2022/2023,REDOUBT ROAD,TIFFANY CLOSE,,Non-Injury Crash,No,2023,0,West,1,0,1,Hill Road,0,,0,,0,Overcast,760400,0,0,0,2,0,0,0,0,0,,0,0,Auckland Region,Nil,2-way,Sealed,0,0,0,0,60,0,None,0,0,,76,Auckland,Nil,0,0,0,0,0,0,Urban,0,0,0,Light rain,Null
1768731.09,5901015.4644,806942,,524901,0,0,0,1,0,North,2025/2026,GREAT SOUTH ROAD,HALVER ROAD,,Non-Injury Crash,No,2025,0,North,0,0,0,Flat,0,,0,,1,Overcast,757100,0,0,0,2,0,0,0,0,0,,0,0,Auckland Region,Nil,2-way,Sealed,0,0,0,0,50,0,Off,0,0,,76,Auckland,Nil,0,0,0,0,0,0,Urban,0,0,0,Light rain,Null
1763615.9939,5906924.4675,806949,,524301,0,0,0,1,0,South,2025/2026,LANDON AVENUE,EDEN STREET,,Non-Injury Crash,No,2025,0,South,0,0,0,Flat,0,,0,,0,Bright sun,747300,0,0,0,1,0,0,0,0,1,,0,0,Auckland Region,Nil,2-way,Sealed,0,0,0,0,50,0,None,0,0,,76,Auckland,Nil,0,0,0,0,0,0,Urban,1,0,0,Fine,Null
1756432.2125,5924567.2972,806965,,509702,0,,0,1,,North,2025/2026,NORTHERN MOTORWAY,ONEWA OBR ON,,Non-Injury Crash,Yes,2025,,North,,0,,Flat,,,,,,Overcast,366700,0,0,0,4,,,0,,,,,,Auckland Region,Overpass,1-way,Sealed,,0,0,,100,,Off,0,0,,76,Auckland,Nil,,,,,0,0,Open,1,,,Fine,Null
1766176.3327,5912526.4203,806966,,522920,0,0,0,1,0,Null,2024/2025,TIRAUMEA DRIVE,CHALLINOR STREET,,Non-Injury Crash,No,2025,0,West,0,0,1,Flat,0,,0,,0,Bright sun,684500,0,0,0,2,0,0,0,0,0,,0,0,Auckland Region,Nil,2-way,Sealed,0,0,0,0,30,0,Off,0,0,,76,Auckland,Nil,0,0,0,1,0,0,Urban,0,0,0,Fine,Null
1763107.3119,5907152.4611,806974,,524301,0,,0,2,,Null,2025/2026,HAIN AVENUE,WEDGWOOD AVENUE,,Non-Injury Crash,No,2025,,East,,0,,Flat,,,,,,Bright sun,747900,0,0,0,2,,,0,,,,,,Auckland Region,Nil,2-way,Sealed,,0,0,,50,,None,0,0,,76,Auckland,Give way,,,,,0,0,Urban,0,,,Mist or Fog,Null