X,Y,OBJECTID,advisorySpeed,areaUnitID,bicycle,bridge,bus,carStationWagon,cliffBank,crashDirectionDescription,crashFinancialYear,crashLocation1,crashLocation2,crashRoadSideRoad,crashSeverity,crashSHDescription,crashYear,debris,directionRoleDescription,ditch,fatalCount,fence,flatHill,guardRail,holiday,houseOrBuilding,intersection,kerb,light,meshblockId,minorInjuryCount,moped,motorcycle,NumberOfLanes,objectThrownOrDropped,otherObject,otherVehicleType,overBank,parkedVehicle,pedestrian,phoneBoxEtc,postOrPole,region,roadCharacter,roadLane,roadSurface,roadworks,schoolBus,seriousInjuryCount,slipOrFlood,speedLimit,strayAnimal,streetLight,suv,taxi,temporarySpeedLimit,tlaId,tlaName,trafficControl,trafficIsland,trafficSign,train,tree,truck,unknownVehicleType,urban,vanOrUtility,vehicle,waterRiver,weatherA,weatherB
1744543.7805,5919121.3815,806989,,513302,0,,0,2,,Null,2025/2026,LARNOCH ROAD,RATHGAR ROAD,,Non-Injury Crash,No,2025,,East,,0,,Null,,,,,,Dark,232800,0,0,0,2,,,0,,,,,,Auckland Region,Nil,2-way,Sealed,,0,0,,30,,On,0,0,,76,Auckland,Give way,,,,,0,0,Urban,0,,,Fine,Null
1755026.6676,5918787.0177,806997,,515420,0,,0,1,,Null,2025/2026,WILLIAMSON AVENUE,DRYDEN STREET,,Minor Crash,No,2025,,South,,0,,Flat,,Christmas New Year,,,,Bright sun,407000,2,0,0,2,,,0,,,,,,Auckland Region,Nil,2-way,Sealed,,0,0,,50,,Off,0,0,,76,Auckland,Give way,,,,,0,0,Urban,1,,,Fine,Null
1752499.1931,5926557.7158,806998,,508220,0,,0,2,,North,2025/2026,VERBENA ROAD,VANDELEUR AVENUE,,Non-Injury Crash,No,2025,,South,,0,,Hill Road,,,,,,Bright sun,188800,0,0,0,2,,,0,,,,,,Auckland Region,Nil,2-way,Sealed,,0,0,,50,,Off,0,0,,76,Auckland,Nil,,,,,0,0,Urban,0,,,Fine,Null
1756802.9999,5927730.9961,807014,,507900,0,,1,1,,North,2025/2026,SHEA TERRACE,MARY POYNTON CRESCENT,,Non-Injury Crash,No,2025,,South,,0,,Flat,,,,,,Unknown,304300,0,0,0,2,,,0,,,,,,Auckland Region,Nil,2-way,Sealed,,0,0,,50,,Null,0,0,,76,Auckland,Nil,,,,,0,0,Urban,0,,,Fine,Null
1757147.3968,5925749.9321,807029,,509702,0,,0,1,,North,2025/2026,NORTHERN MOTORWAY,ESMONDE ROAD ON RAMP,,Non-Injury Crash,Yes,2025,,South,,0,,Flat,,,,,,Overcast,364602,0,0,0,3,,,0,,,,,,Auckland Region,Motorway ramp,1-way,Sealed,,0,0,,100,,Off,1,0,,76,Auckland,Nil,,,,,0,0,Open,0,,,Light rain,Null
1755195.1757,5914370.605,807052,,518500,0,,0,2,,North,2025/2026,DOMINION ROAD,MOUNT ALBERT ROAD,,Non-Injury Crash,No,2025,,West,,0,,Null,,,,,,Overcast,560900,0,0,0,4,,,0,,,,,,Auckland Region,Nil,2-way,Sealed,,0,0,,50,,Null,0,0,,76,Auckland,Nil,,,,,0,0,Urban,0,,,Fine,Null
1752240.7339,5933844.5108,807059,,508701,0,,0,2,,Null,2023/2024,DON MCKINNON DRIVE,COLISEUM DRIVE,,Serious Crash,No,2024,,South,,0,,Flat,,,,,,Dark,178900,0,0,0,2,,,0,,,,,,Auckland Region,Nil,1-way,Sealed,,0,1,,50,,On,0,0,,76,Auckland,Give way,,,,,0,0,Urban,0,,,Fine,Null
1762138.5479,5906198.6499,807068,,524200,0,0,0,1,0,South,2024/2025,SOUTH-WESTERN MOTORWAY,MASSEY ROAD OFF RAMP,,Non-Injury Crash,Yes,2025,0,North,0,0,0,Flat,1,,0,,0,Dark,728900,0,0,0,2,0,0,0,0,0,,0,0,Auckland Region,Nil,1-way,Sealed,0,0,0,0,100,0,On,0,0,,76,Auckland,Nil,0,0,0,0,0,0,Open,0,0,0,Light rain,Null
1763426.7536,5915700.2491,807083,,520302,0,,0,1,,South,2022/2023,LUNN AVENUE,NGAHUE DRIVE,,Non-Injury Crash,No,2023,,South,,0,,Flat,,Easter,,,,Bright sun,625800,0,0,0,2,,,0,,,,,,Auckland Region,Nil,2-way,Sealed,,0,0,,50,,Off,0,0,,76,Auckland,Nil,,,,,1,0,Urban,0,,,Fine,Null
1755038.6919,5918799.1188,807084,,515410,1,,0,1,,Null,2025/2026,WILLIAMSON AVENUE,DRYDEN STREET,,Minor Crash,No,2026,,South,,0,,Hill Road,,,,,,Bright sun,404600,1,0,0,2,,,0,,,,,,Auckland Region,Nil,2-way,Sealed,,0,0,,50,,Off,0,0,,76,Auckland,Stop,,,,,0,0,Urban,0,,,Fine,Null
1743958.1047,5918949.408,807091,,513220,0,,0,1,,Null,2023/2024,SWANSON ROAD,MIHINI ROAD,,Serious Crash,No,2024,,North,,0,,Flat,,,,,,Bright sun,236103,0,0,1,2,,,0,,,,,,Auckland Region,Nil,2-way,Sealed,,0,1,,50,,Off,0,0,,76,Auckland,Give way,,,,,0,0,Urban,0,,,Fine,Null
1751867.9673,5914718.4167,807092,,514402,0,0,0,2,0,West,2025/2026,NEW WINDSOR ROAD,BOLLARD AVENUE,,Non-Injury Crash,No,2025,0,West,0,0,0,Flat,0,,0,,0,Bright sun,380505,0,0,0,2,0,0,0,0,1,,0,0,Auckland Region,Nil,2-way,Sealed,0,0,0,0,50,0,Off,0,0,,76,Auckland,Nil,0,0,0,0,0,0,Urban,0,0,0,Fine,Null
1741325.086,5927405.865,807099,,513701,0,,0,2,,Null,2023/2024,SH 16,COATESVILLE-RIVERHEAD HIGHWAY,,Non-Injury Crash,Yes,2024,,North,,0,,Flat,,,,,,Overcast,220200,0,0,0,2,,,0,,,,,,Auckland Region,Nil,2-way,Sealed,,0,0,,80,,Off,0,0,,76,Auckland,Give way,,,,,0,0,Open,2,,,Light rain,Null
1775045.0822,5887136.5723,807115,,521132,0,0,0,1,0,Null,2024/2025,SOUTHERN MOTORWAY,RAMARAMA OFF RAMP,,Non-Injury Crash,Yes,2024,0,North,0,0,0,Flat,1,,0,,0,Dark,814003,0,0,0,2,0,0,0,0,0,,0,0,Auckland Region,Motorway ramp,1-way,Sealed,0,0,0,0,100,0,On,0,0,,76,Auckland,Nil,0,1,0,0,0,0,Open,0,0,0,Fine,Null
1769930.8728,5908159.9787,807117,,523115,0,,0,0,,Null,2025/2026,CHAPEL ROAD,STANCOMBE ROAD,,Non-Injury Crash,No,2025,,South,,0,,Null,,,,,,Bright sun,711911,0,0,0,5,,,0,,,,,,Auckland Region,Nil,2-way,Sealed,,0,0,,50,,Null,1,0,,76,Auckland,Traffic Signals,,,,,0,1,Urban,0,,,Fine,Null
1744046.4438,5918690.4824,807125,,513302,0,,0,2,,South,2025/2026,SWANSON ROAD,BRICK STREET,,Non-Injury Crash,No,2025,,North,,0,,Flat,,,,,,Overcast,233300,0,0,0,2,,,0,,,,,,Auckland Region,Nil,2-way,Sealed,,0,0,,50,,None,0,0,,76,Auckland,Nil,,,,,0,0,Urban,0,,,Light rain,Null
1761062.3807,5914346.8909,807131,45,519500,0,,0,1,,Null,2024/2025,GREAT SOUTH ROAD,ELLERSLIE-PANMURE HIGHWAY,,Non-Injury Crash,No,2024,,North,,0,,Flat,,,,,,Dark,620500,0,0,0,2,,,0,,,,,,Auckland Region,Nil,1-way,Sealed,,0,0,,50,,On,0,0,,76,Auckland,Give way,,,,,1,0,Urban,0,,,Fine,None
1750315.0719,5913311.526,807140,,511303,0,,0,1,,Null,2024/2025,HILL CRESCENT,ASTLEY AVENUE,,Non-Injury Crash,No,2025,,East,,0,,Null,,,,,,Bright sun,265600,0,0,0,2,,,0,,,,,,Auckland Region,Nil,2-way,Sealed,,0,0,,50,,Null,0,0,,76,Auckland,Stop,,,,,0,1,Urban,0,,,Null,Null
1763079.1959,5908428.0722,807147,,524402,0,0,0,0,0,North,2024/2025,SAVILL DRIVE,ALDERMAN PLACE,,Serious Crash,No,2025,0,North,0,0,0,Flat,0,,0,,0,Dark,749900,1,0,0,2,0,0,0,0,1,,0,0,Auckland Region,Nil,2-way,Sealed,0,0,1,0,50,0,On,1,0,,76,Auckland,Nil,0,0,0,0,1,0,Urban,0,0,0,Fine,Null
1759288.2373,5909497.2744,807163,,524002,0,,0,2,,East,2024/2025,CORONATION ROAD,HASTIE AVENUE,,Non-Injury Crash,No,2024,,West,,0,,Hill Road,,,,,,Overcast,724300,0,0,0,2,,,0,,,,,,Auckland Region,Nil,2-way,Sealed,,0,0,,50,,Off,0,0,,76,Auckland,Nil,,,,,0,0,Urban,0,,,Fine,Null
1752603.052,5973357.6829,807171,,506661,0,0,0,1,0,West,2023/2024,MATAKANA ROAD,SHARP ROAD,,Non-Injury Crash,No,2024,0,West,0,0,1,Flat,0,,0,,0,Dark,139302,0,0,0,2,0,0,0,0,0,,0,0,Auckland Region,Nil,2-way,Sealed,0,0,0,0,80,0,Off,0,0,,76,Auckland,Nil,0,0,0,0,0,0,Open,0,0,0,Fine,Null
1769487.3714,5902029.9702,807179,,524901,0,,0,1,,South,2023/2024,SOUTHERN MOTORWAY,HILL ROAD ON RAMP,,Non-Injury Crash,Yes,2024,,North,,0,,Flat,,,,,,Bright sun,755600,0,0,0,3,,,0,,,,,,Auckland Region,Nil,1-way,Sealed,,0,0,,100,,Off,0,0,,76,Auckland,Nil,,,,,0,0,Open,1,,,Fine,Null
1761729.9315,5913128.728,807181,,519500,0,,0,1,,North,2025/2026,O'RORKE ROAD,ROCKRIDGE AVENUE,,Non-Injury Crash,No,2025,,North,,0,,Null,,,,,,Unknown,621600,0,0,0,2,,,0,,,,,,Auckland Region,Nil,2-way,Sealed,,0,0,,50,,Null,0,0,,76,Auckland,Nil,,,,,0,1,Urban,0,,,Fine,Null
1751951.7946,5912426.2393,807211,,514700,0,,0,0,,Null,2024/2025,DONOVAN STREET,RATHLIN STREET,,Non-Injury Crash,No,2024,,South,,0,,Null,,,,,,Twilight,368900,0,0,0,2,,,0,,,,,,Auckland Region,Nil,2-way,Sealed,,0,0,,50,,Null,1,0,,76,Auckland,Give way,,,,,1,0,Urban,0,,,Fine,Null
1770108.7588,5900812.807,807212,,523816,0,0,0,2,0,South,2025/2026,SECRETARIAT PLACE,SHIFNAL DRIVE,,Non-Injury Crash,No,2025,0,South,0,0,0,Flat,0,,0,,0,Dark,759745,0,0,0,2,0,0,0,0,1,,0,0,Auckland Region,Nil,2-way,Sealed,0,0,0,0,50,0,On,0,0,,76,Auckland,Nil,0,0,0,0,0,0,Urban,0,0,0,Fine,Null
1763850.2315,5912802.7688,807219,,520500,0,,0,2,,Null,2024/2025,MOUNT WELLINGTON HIGHWAY,TE PUTU AVENUE,,Non-Injury Crash,No,2024,,South,,0,,Hill Road,,,,,,Dark,637500,0,0,0,3,,,0,,,,,,Auckland Region,Nil,1-way,Sealed,,0,0,,50,,On,0,0,,76,Auckland,Give way,,,,,0,0,Urban,0,,,Fine,Null
1755625.4783,5919965.2961,807221,,514000,0,,0,2,,Null,2024/2025,FRANKLIN ROAD,PONSONBY ROAD,,Non-Injury Crash,No,2025,,West,,0,,Flat,,,,,,Twilight,414900,0,0,0,3,,,0,,,,,,Auckland Region,Nil,2-way,Sealed,,0,0,,30,,Null,0,0,,76,Auckland,Traffic Signals,,,,,0,0,Urban,0,,,Fine,Null
1744511.6756,5998910.3126,807227,,506660,0,0,0,0,1,North,2024/2025,BLACK SWAMP ROAD,COAL HILL ROAD,,Minor Crash,No,2024,0,North,0,0,0,Flat,0,,0,,0,Overcast,135201,1,0,0,2,0,0,0,0,0,,0,0,Auckland Region,Nil,2-way,Unsealed,0,0,0,0,60,0,None,0,0,,76,Auckland,Nil,0,0,0,0,0,0,Urban,1,0,0,Light rain,Null
1759711.9853,5916907.7911,807229,,516002,0,,0,1,,South,2025/2026,OMAHU ROAD,REMUERA ROAD,,Non-Injury Crash,No,2025,,South,,0,,Null,,,,,,Bright sun,491600,0,0,0,2,,,0,,,,,,Auckland Region,Nil,2-way,Sealed,,0,0,,50,,Null,0,0,,76,Auckland,Nil,,,,,0,1,Urban,0,,,Null,Null
1769142.3393,5900492.1179,807244,,525002,0,0,0,1,0,South,2025/2026,GREAT SOUTH ROAD,MCANNALLEY STREET,,Minor Crash,No,2025,0,South,0,0,0,Flat,0,,0,,0,Overcast,753202,2,0,0,2,0,0,0,0,0,,0,1,Auckland Region,Nil,2-way,Sealed,0,0,0,0,50,0,Off,0,0,,76,Auckland,Nil,0,0,0,0,0,0,Urban,0,0,0,Fine,Null
1761610.1713,5906431.293,807257,45,524200,0,,0,1,,Null,2023/2024,MASSEY ROAD,TIDAL ROAD,,Non-Injury Crash,No,2024,,North,,0,,Flat,,,,,,Dark,728700,0,0,0,4,,,0,,,,,,Auckland Region,Nil,2-way,Sealed,,0,0,,50,,On,0,0,,76,Auckland,Traffic Signals,,,,,0,0,Urban,1,,,Fine,None
1756024.32,5935219.7588,807265,,507101,0,,0,0,,Null,2024/2025,OFFROAD NEW WORLD CARPARK,,,Minor Crash,No,2025,,South,,0,,Flat,,,,,,Overcast,161100,1,0,0,0,,,0,,,1,,,Auckland Region,Nil,Off road,Sealed,,0,0,,10,,Off,1,0,,76,Auckland,Nil,,,,,0,0,Urban,0,,,Fine,Null
1764999.2205,5910316.3849,807267,,521801,0,,0,2,,Null,2025/2026,PRINCES STREET,PRINCES ST-OTAHUHU ON RAMP,,Non-Injury Crash,No,2025,,North,,0,,Flat,,,,,,Bright sun,787700,0,0,0,1,,,0,,,,,,Auckland Region,Motorway ramp,1-way,Sealed,,0,0,,100,,Off,0,0,,76,Auckland,Give way,,,,,0,0,Open,0,,,Fine,Null
1755551.2247,5925008.0961,807275,,509800,0,,0,1,,South,2025/2026,LAKE ROAD,KAWANA STREET,,Non-Injury Crash,No,2025,,North,,0,,Hill Road,,,,,,Bright sun,360300,0,0,0,2,,,0,,,,,,Auckland Region,Nil,2-way,Sealed,,0,0,,50,,Off,0,0,,76,Auckland,Nil,,,,,1,0,Urban,0,,,Fine,Null
1745319.2164,5920113.8978,807298,,513301,0,,0,2,,Null,2025/2026,LINCOLN ROAD,DAYTONA ROAD,,Non-Injury Crash,No,2026,,North,,0,,Flat,,,,,,Bright sun,231900,0,0,0,4,,,0,,,,,,Auckland Region,Nil,2-way,Sealed,,0,0,,50,,Off,0,0,,76,Auckland,Give way,,,,,0,0,Urban,0,,,Fine,Null
1762242.7654,5907034.4795,807312,,524302,0,,0,1,,Null,2023/2024,MASSEY ROAD,MASSEY ROAD,,Non-Injury Crash,No,2024,,South,,0,,Flat,,,,,,Bright sun,743200,0,0,0,2,,,0,,,,,,Auckland Region,Nil,2-way,Sealed,,0,0,,50,,Off,0,0,,76,Auckland,Nil,,,,,0,1,Urban,0,,,Fine,None
1730217.1034,5956247.3201,807328,65,506613,0,0,0,0,0,South,2023/2024,KAIPARA COAST HIGHWAY,TUHIRANGI ROAD,,Serious Crash,Yes,2023,0,South,1,0,0,Flat,0,,0,,0,Overcast,146300,0,0,1,2,0,0,0,0,0,,0,0,Auckland Region,Nil,2-way,Sealed,0,0,1,0,100,0,None,0,0,,76,Auckland,Nil,0,0,0,0,0,0,Open,0,0,0,Fine,Null
1759287.8739,5914018.5396,807337,,519720,0,,0,2,,Null,2025/2026,CAMPBELL ROAD,MOANA AVENUE,,Minor Crash,No,2025,,West,,0,,Flat,,,,,,Bright sun,592700,1,0,0,2,,,0,,,,,,Auckland Region,Nil,2-way,Sealed,,0,0,,50,,Off,0,0,,76,Auckland,Give way,,,,,0,0,Urban,0,,,Fine,Null
1758550.3213,5917593.0187,807338,,516001,0,0,0,1,0,North,2025/2026,SOUTHERN MOTORWAY,DILWORTH FTBR,,Non-Injury Crash,Yes,2026,0,South,0,0,0,Flat,0,,0,,0,Bright sun,490701,0,0,0,3,0,1,0,0,0,,0,0,Auckland Region,Bridge,1-way,Sealed,0,0,0,0,80,0,Off,0,0,,76,Auckland,Nil,0,0,0,0,0,0,Open,0,0,0,Fine,Null
1763439.3902,5905826.9693,807344,,524303,0,,0,2,,North,2023/2024,PARK AVENUE,CLAUDE AVENUE,,Minor Crash,No,2023,,East,,0,,Flat,,,,,,Bright sun,656000,1,0,0,2,,,0,,,,,,Auckland Region,Nil,2-way,Sealed,,0,0,,50,,Off,0,0,,76,Auckland,Nil,,,,,0,0,Urban,0,,,Fine,Null
1765534.9327,5901721.5301,807375,,524604,0,,0,0,,South,2023/2024,ROSCOMMON ROAD,BOLDERWOOD PLACE,,Non-Injury Crash,No,2023,,South,,0,,Flat,,,,,,Bright sun,781302,0,0,0,2,,,0,,,,,,Auckland Region,Nil,1-way,Sealed,,0,0,,60,,Off,2,0,,76,Auckland,Nil,,,,,0,0,Urban,0,,,Fine,Null
1761225.5616,5916656.509,807383,,516003,0,,0,1,,Null,2025/2026,LADIES MILE,REMUERA ROAD,,Non-Injury Crash,No,2026,,North,,0,,Null,,,,,,Overcast,494300,0,0,0,2,,,0,,,,,,Auckland Region,Nil,2-way,Sealed,,0,0,,50,,Null,0,0,,76,Auckland,Traffic Signals,,,,,0,1,Urban,0,,,Heavy rain,Null
1756691.9312,5918533.6865,807389,,515600,0,,0,2,,Null,2024/2025,NEW NORTH ROAD,RURU STREET,,Non-Injury Crash,No,2024,,West,,0,,Flat,,,,,,Dark,421000,0,0,0,4,,,0,,,,,,Auckland Region,Nil,2-way,Sealed,,0,0,,50,,On,0,0,,76,Auckland,Give way,,,,,0,0,Urban,0,,,Fine,Null
1760635.0502,5918218.153,807390,,516201,0,0,0,1,0,Null,2024/2025,MANAWA ROAD,MAHOE AVENUE,,Non-Injury Crash,No,2025,0,East,0,0,0,Hill Road,0,,0,,0,Bright sun,486300,0,0,0,2,0,1,0,0,0,,0,0,Auckland Region,Nil,2-way,Sealed,0,0,0,0,50,0,Off,0,0,,76,Auckland,Nil,0,0,0,0,0,0,Urban,0,0,0,Fine,Null
1758723.507,5908773.8823,807391,,524002,0,0,0,2,0,East,2025/2026,KAPUKA ROAD,WALLACE ROAD,,Non-Injury Crash,No,2026,0,East,0,0,0,Flat,0,,0,,0,Bright sun,724900,0,0,0,2,0,0,0,0,1,,0,0,Auckland Region,Nil,2-way,Sealed,0,0,0,0,50,0,None,0,0,,76,Auckland,Nil,0,0,0,0,0,0,Urban,0,0,0,Fine,Null
1755041.3025,5927876.9078,807399,,508620,0,,0,1,,Null,2025/2026,ARCHERS ROAD,CHIVALRY ROAD,,Minor Crash,No,2025,,North,,0,,Hill Road,,,,,,Overcast,202600,1,0,0,2,,,0,,,1,,,Auckland Region,Nil,2-way,Sealed,,0,0,,50,,Off,0,0,,76,Auckland,Traffic Signals,,,,,0,0,Urban,0,,,Fine,Strong wind
1757526.1838,5913606.8119,807414,,518702,0,,0,2,,West,2024/2025,MOUNT ALBERT ROAD,PAH ROAD,,Non-Injury Crash,No,2025,,East,,0,,Flat,,,,,,Overcast,567600,0,0,0,4,,,0,,,,,,Auckland Region,Nil,2-way,Sealed,,0,0,,50,,Off,0,0,,76,Auckland,Nil,,,,,0,0,Urban,0,,,Fine,Null
1758959.0103,5904654.7035,807421,,524200,0,,0,0,,Null,2022/2023,GEORGE BOLT MEMORIAL DRIVE,VERISSIMO DRIVE,,Non-Injury Crash,No,2023,,South,,0,,Flat,,,,,,Overcast,727800,0,0,0,3,,,0,,,,,,Auckland Region,Nil,1-way,Sealed,,0,0,,60,,Null,1,0,,76,Auckland,Traffic Signals,,,,,0,0,Urban,1,,,Light rain,None
1769125.0533,5909144.2984,807436,,523113,0,,0,2,,Null,2023/2024,ACCENT DRIVE,LADY RUBY DRIVE,,Non-Injury Crash,No,2023,,North,,0,,Null,,,,,,Unknown,711801,0,0,0,2,,,0,,,,,,Auckland Region,Nil,2-way,Sealed,,0,0,,50,,Null,0,0,,76,Auckland,Give way,,,,,0,0,Urban,0,,,Null,Null
1766463.0014,5913269.259,807437,,522820,0,,0,3,,West,2025/2026,PAKURANGA ROAD,SOUTH EASTERN BUSWAY,,Non-Injury Crash,No,2025,,East,,0,,Flat,,,,,,Overcast,694700,0,0,0,5,,,0,,,,,,Auckland Region,Nil,2-way,Sealed,,0,0,,60,,Off,0,0,,76,Auckland,Nil,,,,,0,0,Urban,0,,,Fine,Strong wind
1744943.3576,5923534.2921,807438,,513521,0,0,0,2,0,North,2025/2026,MOIRE ROAD,OREIL AVENUE,,Non-Injury Crash,No,2025,0,North,0,0,0,Hill Road,0,,0,,0,Dark,224239,0,0,0,2,0,0,0,0,1,,0,0,Auckland Region,Nil,2-way,Sealed,0,0,0,0,50,0,On,0,0,,76,Auckland,Nil,0,0,0,0,0,0,Urban,0,0,0,Fine,Null
1756785.356,5919738.8291,807452,,514102,0,,0,1,,Null,2023/2024,PITT STREET,HOPETOUN STREET,,Non-Injury Crash,No,2023,,North,,0,,Flat,,,,,,Dark,435100,0,0,0,6,,,0,,,,,,Auckland Region,Nil,2-way,Sealed,,0,0,,30,,On,1,0,,76,Auckland,Traffic Signals,,,,,0,0,Urban,0,,,Fine,Null
1768328.8988,5913879.811,807462,,523000,0,,0,2,,Null,2025/2026,PAKURANGA ROAD,GOSSAMER DRIVE,,Non-Injury Crash,No,2025,,East,,0,,Null,,,,,,Dark,690200,0,0,0,3,,,0,,,,,,Auckland Region,Nil,1-way,Sealed,,0,0,,50,,On,0,0,,76,Auckland,Traffic Signals,,,,,0,0,Urban,0,,,Fine,Null
1755964.3958,5921087.4277,807468,,515202,0,0,0,1,0,East,2023/2024,NORTHERN MOTORWAY,FANSHAWE STREET ON RAMP,,Non-Injury Crash,Yes,2023,0,West,0,0,0,Flat,1,Christmas New Year,0,,0,Bright sun,425600,0,0,0,3,0,0,0,0,0,,0,0,Auckland Region,Nil,1-way,Sealed,0,0,0,0,80,0,Off,0,0,,76,Auckland,Nil,0,0,0,0,1,0,Open,0,0,0,Fine,Null
1772663.9109,5896445.0671,807477,,525410,1,,0,1,,Null,2025/2026,GREAT SOUTH ROAD,BROADWAY,,Minor Crash,No,2025,,North,,0,,Flat,,,,,,Bright sun,792000,1,0,0,2,,,0,,,,,,Auckland Region,Nil,2-way,Sealed,,0,0,,50,,Off,0,0,,76,Auckland,Traffic Signals,,,,,0,0,Urban,0,,,Fine,Null
1771975.8057,5915283.5232,807485,,521501,0,,0,1,,Null,2024/2025,WALTER MACDONALD STREET,PICTON STREET,,Non-Injury Crash,No,2025,,South,,0,,Null,,,,,,Unknown,651800,0,0,0,2,,,0,,,,,,Auckland Region,Nil,2-way,Sealed,,0,0,,50,,Null,0,0,,76,Auckland,Give way,,,,,0,1,Urban,0,,,Null,Null
1768635.972,5899186.6809,807486,,525102,0,,0,2,,East,2025/2026,CLAYTON ROAD,COXHEAD ROAD,,Non-Injury Crash,No,2026,,North,,0,,Hill Road,,,,,,Bright sun,768400,0,0,0,2,,,0,,,,,,Auckland Region,Nil,2-way,Sealed,,0,0,,50,,Off,0,0,,76,Auckland,Nil,,,,,0,0,Urban,0,,,Fine,Null
1765605.9285,5908903.7803,807493,,523402,0,0,0,1,1,Null,2025/2026,HIGHBROOK DRIVE,HIGHBROOK DRIVE OFF RAMP,,Non-Injury Crash,No,2025,0,East,0,0,0,Flat,0,,0,,1,Overcast,696900,0,0,0,2,0,0,0,0,0,,0,0,Auckland Region,Motorway ramp,2-way,Sealed,0,0,0,0,50,0,Off,0,0,,76,Auckland,Give way,0,0,0,0,0,0,Urban,0,0,0,Heavy rain,Null
1755918.2636,5918532.3007,807494,,515500,0,,0,2,,South,2025/2026,NORTH-WESTERN MOTORWAY,NEWTON ROAD OFF RAMP,,Minor Crash,Yes,2026,,East,,0,,Flat,,,,,,Overcast,418500,1,0,0,4,,,0,,,,,,Auckland Region,Nil,1-way,Sealed,,0,0,,80,,Off,0,0,,76,Auckland,Nil,,,,,1,0,Open,0,,,Fine,Null
1750012.4976,5929091.8883,807502,,509100,0,0,0,2,0,Null,2025/2026,GREENHITHE ROAD,DRESSAGE LANE,,Non-Injury Crash,No,2026,0,East,0,0,0,Hill Road,0,,0,,0,Bright sun,181302,0,0,0,2,0,0,0,0,1,,0,0,Auckland Region,Nil,2-way,Sealed,0,0,0,0,50,0,Off,0,0,,76,Auckland,Give way,0,0,0,0,0,0,Urban,1,0,0,Fine,Null
1770315.2733,5917993.808,807508,,522601,0,0,0,1,0,North,2023/2024,THE ESPLANADE,EASTERN BEACH ROAD,,Non-Injury Crash,No,2024,0,North,0,0,0,Flat,0,Christmas New Year,0,,0,Bright sun,676404,0,0,0,2,0,0,0,0,1,,0,0,Auckland Region,Nil,2-way,Sealed,0,0,0,0,50,0,Off,0,0,,76,Auckland,Nil,0,0,0,0,0,0,Urban,1,0,0,Fine,Null
1766673.1911,5908077.8583,807518,25,523501,0,,0,1,,Null,2025/2026,BAIRDS ROAD,TOSO WAY,,Non-Injury Crash,No,2026,,West,,0,,Flat,,,,,,Bright sun,700601,0,0,0,2,,,0,,,,,,Auckland Region,Nil,2-way,Sealed,,0,0,,30,,Off,0,0,,76,Auckland,Nil,,,,,0,0,Urban,1,,,Fine,Null
1751563.8336,5915251.9165,807531,,514401,0,,0,2,,Null,2023/2024,BLOCKHOUSE BAY ROAD,CRAYFORD STREET,,Non-Injury Crash,No,2023,,South,,0,,Flat,,,,,,Overcast,382500,0,0,0,4,,,0,,,,,,Auckland Region,Nil,2-way,Sealed,,0,0,,50,,Off,0,0,,76,Auckland,Traffic Signals,,,,,0,0,Urban,0,,,Fine,Null
1753411.1011,5933233.7243,807532,,508804,0,,0,1,,Null,2024/2025,GREVILLE ROAD,GREVILLE ROAD ON RAMP,,Non-Injury Crash,No,2025,,West,,0,,Flat,,,,,,Overcast,180605,0,0,0,3,,,0,,,,,,Auckland Region,Nil,1-way,Sealed,,0,0,,50,,Off,0,0,,76,Auckland,Traffic Signals,,,,,1,0,Urban,0,,,Light rain,Null
1754009.5797,5917216.969,807541,,517600,0,,0,2,,Null,2025/2026,ST LUKES ROAD,NEW NORTH ROAD,,Non-Injury Crash,No,2025,,South,,0,,Flat,,,,,,Overcast,534400,0,0,0,6,,,0,,,,,,Auckland Region,Nil,2-way,Sealed,,0,0,,50,,Off,0,0,,76,Auckland,Traffic Signals,,,,,0,0,Urban,0,,,Fine,Null
1765767.5634,5904339.2944,807547,,524603,0,,0,2,,Null,2023/2024,CAVENDISH DRIVE,RANFURLY ROAD,,Non-Injury Crash,No,2024,,East,,0,,Flat,,,,,,Dark,674800,0,0,0,4,,,0,,,,,,Auckland Region,Nil,2-way,Sealed,,0,0,,60,,On,0,0,,76,Auckland,Stop,,,,,0,0,Urban,0,,,Light rain,Null
1772099.5568,5907462.6416,807549,,523713,0,0,0,1,0,North,2025/2026,VALDERAMA DRIVE,CETONA COURT,,Non-Injury Crash,No,2025,0,South,0,0,0,Null,0,,0,,0,Overcast,712500,0,0,0,2,0,0,0,0,0,,0,1,Auckland Region,Nil,2-way,Sealed,0,0,0,0,50,0,Null,0,0,,76,Auckland,Nil,0,0,0,0,0,0,Urban,0,0,0,Fine,Null
1736831.3806,5989019.3852,807579,55,506660,0,0,0,1,0,East,2022/2023,MANGAWHAI ROAD,VIPOND ROAD,,Non-Injury Crash,No,2023,0,East,0,0,1,Hill Road,0,,0,,0,Overcast,135700,0,0,0,2,0,0,0,0,0,,0,0,Auckland Region,Nil,2-way,Sealed,0,0,0,0,100,0,None,0,0,,76,Auckland,Nil,0,0,0,0,0,0,Open,0,0,0,Light rain,Null