X,Y,OBJECTID,advisorySpeed,areaUnitID,bicycle,bridge,bus,carStationWagon,cliffBank,crashDirectionDescription,crashFinancialYear,crashLocation1,crashLocation2,crashRoadSideRoad,crashSeverity,crashSHDescription,crashYear,debris,directionRoleDescription,ditch,fatalCount,fence,flatHill,guardRail,holiday,houseOrBuilding,intersection,kerb,light,meshblockId,minorInjuryCount,moped,motorcycle,NumberOfLanes,objectThrownOrDropped,otherObject,otherVehicleType,overBank,parkedVehicle,pedestrian,phoneBoxEtc,postOrPole,region,roadCharacter,roadLane,roadSurface,roadworks,schoolBus,seriousInjuryCount,slipOrFlood,speedLimit,strayAnimal,streetLight,suv,taxi,temporarySpeedLimit,tlaId,tlaName,trafficControl,trafficIsland,trafficSign,train,tree,truck,unknownVehicleType,urban,vanOrUtility,vehicle,waterRiver,weatherA,weatherB
1757435.2738,5920604.3894,807588,,514102,0,,0,1,,Null,2024/2025,QUEEN STREET,WYNDHAM STREET,,Non-Injury Crash,No,2025,,South,,0,,Hill Road,,,,,,Dark,433501,0,0,0,2,,,0,,,1,,,Auckland Region,Nil,2-way,Sealed,,0,0,,30,,On,0,0,,76,Auckland,Traffic Signals,,,,,0,0,Urban,0,,,Fine,Null
1753813.2172,5929319.1376,807611,,508320,0,,0,1,,Null,2023/2024,WAIRAU ROAD,OKI PLACE,,Non-Injury Crash,No,2023,,West,,0,,Hill Road,,,,,,Overcast,196201,0,0,0,2,,,0,,,,,,Auckland Region,Nil,2-way,Sealed,,0,0,,50,,Off,0,0,,76,Auckland,Nil,,,,,0,0,Urban,1,,,Fine,Null
1765706.051,5898242.0484,807620,,524812,0,0,0,2,0,South,2024/2025,WEYMOUTH ROAD,ESTUARY ROAD,,Non-Injury Crash,No,2025,0,South,0,0,0,Flat,0,,0,,0,Twilight,773100,0,0,0,2,0,0,0,0,1,,0,0,Auckland Region,Nil,2-way,Sealed,0,0,0,0,50,0,On,0,0,,76,Auckland,Nil,0,0,0,0,0,0,Urban,0,0,0,Light rain,Frost
1764488.6496,5906015.7131,807642,,524303,0,,0,1,,South,2025/2026,STATION ROAD,PEVERILL CRESCENT,,Non-Injury Crash,No,2025,,South,,0,,Flat,,,,,,Twilight,657500,0,0,0,2,,,0,,,,,,Auckland Region,Nil,2-way,Sealed,,0,0,,50,,On,0,0,,76,Auckland,Nil,,,,,0,0,Urban,1,,,Fine,Null
1767870.1654,5902160.8468,807664,,525001,0,0,0,1,0,East,2024/2025,ADAMS ROAD,LYNDON PLACE,,Serious Crash,No,2024,0,East,0,0,0,Flat,0,,0,,0,Dark,750300,0,0,0,2,0,0,0,0,1,,0,0,Auckland Region,Nil,2-way,Sealed,0,0,2,0,50,0,None,0,0,,76,Auckland,Nil,0,0,0,0,1,0,Urban,0,0,0,Fine,Frost
1757285.9652,5920656.8463,807666,,514102,0,,0,1,,Null,2025/2026,WYNDHAM STREET,ALBERT STREET,,Non-Injury Crash,No,2025,,East,,0,,Flat,,,,,,Dark,433401,0,0,0,4,,,0,,,,,,Auckland Region,Nil,2-way,Sealed,,0,0,,30,,On,1,1,,76,Auckland,Traffic Signals,,,,,0,0,Urban,0,,,Fine,Null
1758979.9071,5904015.8037,807687,,524200,0,,0,3,,South,2024/2025,GEORGE BOLT MEMORIAL DRIVE,TE ARA KORAKO DRIVE,,Minor Crash,No,2024,,South,,0,,Flat,,,,,,Bright sun,727200,1,0,0,3,,,0,,,,,,Auckland Region,Nil,1-way,Sealed,,0,0,,50,,Off,0,0,30,76,Auckland,Nil,,,,,0,0,Urban,0,,,Fine,Null
1755768.1446,5928477.3563,807688,,507900,0,,0,1,,South,2024/2025,NORTHERN MOTORWAY,TRISTRAM AVENUE OFF RAMP,,Non-Injury Crash,Yes,2025,,North,,0,,Flat,,,,,,Bright sun,305201,0,0,0,4,,,0,,,,,,Auckland Region,Nil,1-way,Sealed,,0,0,,100,,Off,0,0,,76,Auckland,Nil,,,,,0,0,Open,0,,,Fine,Null
1779372.4233,5915441.6935,807694,,523300,0,,0,2,,Null,2023/2024,WHITFORD MARAETAI ROAD,BEACHLANDS ROAD,,Non-Injury Crash,No,2023,,South,,0,,Flat,,,,,,Bright sun,718900,0,0,0,1,,,0,,,,,,Auckland Region,Nil,1-way,Sealed,,0,0,,80,,Off,0,0,,76,Auckland,Give way,,,,,0,0,Open,0,,,Fine,Null
1750055.878,5940629.8003,807695,,506300,0,0,0,1,0,North,2025/2026,NORTHERN MOTORWAY,BAWDEN OBR,,Non-Injury Crash,Yes,2025,0,South,0,0,0,Flat,1,,0,,0,Overcast,175902,0,0,0,2,0,0,0,0,0,,0,0,Auckland Region,Nil,1-way,Sealed,0,0,0,0,100,0,Off,0,0,,76,Auckland,Nil,0,0,0,0,0,0,Open,0,0,0,Light rain,Strong wind
1766239.0041,5905055.6523,807696,,524603,0,0,0,1,0,East,2025/2026,LEITH COURT,NORMAN SPENCER DRIVE,,Non-Injury Crash,No,2025,0,West,0,0,0,Null,0,,0,,0,Dark,780202,0,0,0,2,0,0,0,0,1,,0,0,Auckland Region,Nil,2-way,Sealed,0,0,0,0,50,0,Null,0,0,,76,Auckland,Nil,0,0,0,0,0,1,Urban,0,0,0,Fine,Null
1759043.7669,5913173.5579,807704,,519720,1,,1,0,,Null,2025/2026,MOUNT SMART ROAD,CARDWELL STREET,,Serious Crash,No,2025,,West,,0,,Flat,,,,,,Bright sun,595900,0,0,0,2,,,0,,,,,,Auckland Region,Nil,2-way,Sealed,,0,1,,50,,Off,0,0,,76,Auckland,Give way,,,,,0,0,Urban,0,,,Fine,Null
1774369.9746,5897668.5563,807711,,525630,0,0,0,1,0,West,2025/2026,OLD WAIROA ROAD,BRIGHTWELL STREET,,Minor Crash,No,2025,0,East,0,0,0,Flat,0,,0,,0,Bright sun,796200,2,0,0,2,0,0,0,0,0,,0,1,Auckland Region,Nil,2-way,Sealed,0,0,0,0,50,0,Off,1,0,,76,Auckland,Nil,0,0,0,0,0,0,Urban,0,0,0,Fine,Null
1744295.0137,5924976.9115,807712,,513410,0,0,0,1,0,West,2025/2026,UPPER HARBOUR MOTORWAY,TRIG OBR,,Non-Injury Crash,Yes,2026,0,East,0,0,0,Flat,0,,0,,0,Bright sun,223901,0,0,0,2,0,0,0,0,0,,0,1,Auckland Region,Nil,1-way,Sealed,0,0,0,0,100,0,Off,0,0,,76,Auckland,Nil,0,0,0,0,0,0,Open,0,0,0,Fine,Null
1766683.1545,5913315.7357,807718,,522820,0,,0,0,,Null,2023/2024,PAKURANGA ROAD,KENTIGERN CLOSE,,Serious Crash,No,2023,,East,,0,,Flat,,,,,,Overcast,694800,0,0,1,4,,,0,,,,,,Auckland Region,Nil,2-way,Sealed,,0,2,,50,,Off,0,0,,76,Auckland,Traffic Signals,,,,,0,0,Urban,1,,,Fine,Null
1753787.235,5888614.9189,807726,,521122,0,0,0,1,0,West,2022/2023,CLARKS BEACH ROAD,FARLEY ROAD,,Non-Injury Crash,No,2023,0,West,1,0,1,Flat,0,,0,,0,Dark,810500,0,0,0,2,0,0,0,0,0,,0,0,Auckland Region,Nil,2-way,Sealed,0,0,0,0,80,0,None,0,0,,76,Auckland,Nil,0,0,0,1,0,0,Open,0,0,0,Light rain,Null
1754392.2851,5926989.0484,807728,,508610,0,,0,1,,East,2025/2026,CORONATION ROAD,MOUNTBATTEN AVENUE,,Minor Crash,No,2026,,East,,0,,Hill Road,,,,,,Overcast,205700,1,0,0,2,,,0,,,1,,,Auckland Region,Nil,2-way,Sealed,,0,0,,50,,Off,0,0,,76,Auckland,Nil,,,,,0,0,Urban,0,,,Light rain,Null
1768085.5767,5888684.8809,807734,,521122,0,,0,2,,West,2022/2023,KARAKA ROAD,GELLERT ROAD,,Non-Injury Crash,Yes,2023,,South,,0,,Hill Road,,,,,,Dark,812800,0,0,0,2,,,0,,,,,,Auckland Region,Nil,2-way,Sealed,,0,0,,80,,Off,0,0,,76,Auckland,Nil,,,,,0,0,Open,0,,,Fine,Null
1753938.5965,5931613.2691,807736,,508805,0,,0,2,,South,2025/2026,NORTHERN MOTORWAY,UPPER HARBOUR HWY OFF RAMP,,Non-Injury Crash,Yes,2025,,South,,0,,Flat,,,,,,Bright sun,180813,0,0,0,3,,,0,,,,,,Auckland Region,Nil,1-way,Sealed,,0,0,,100,,Off,0,0,,76,Auckland,Nil,,,,,0,0,Open,0,,,Fine,Null
1753230.5814,5932950.5885,807743,,508807,0,0,0,1,0,South,2025/2026,TAWA DRIVE,ALBANY EXPRESSWAY,,Non-Injury Crash,No,2025,0,North,0,0,0,Flat,0,,0,,0,Dark,180811,0,0,0,2,0,0,0,0,1,,0,0,Auckland Region,Nil,2-way,Sealed,0,0,0,0,50,0,On,1,0,,76,Auckland,Nil,0,0,0,0,0,0,Urban,1,0,0,Fine,Null
1758962.747,5904064.3416,807750,,524200,0,,0,2,,Null,2025/2026,GEORGE BOLT MEMORIAL DRIVE,TE ARA KORAKO DRIVE,,Non-Injury Crash,No,2025,,South,,0,,Null,,,,,,Bright sun,727200,0,0,0,4,,,0,,,,,,Auckland Region,Nil,1-way,Sealed,,0,0,,60,,Off,0,0,,76,Auckland,Traffic Signals,,,,,0,0,Urban,0,,,Fine,Null
1762352.1391,5908258.5347,807751,,524530,0,0,0,0,0,Null,2025/2026,FARMER STREET,VINE STREET,,Minor Crash,No,2026,0,North,0,0,0,Flat,0,,0,,0,Overcast,732300,1,0,1,2,0,0,0,0,0,,0,0,Auckland Region,Nil,2-way,Sealed,0,0,0,0,50,0,Off,0,0,,76,Auckland,Give way,1,0,0,0,0,0,Urban,0,0,0,Fine,Null
1758096.8607,5917883.0731,807767,,515700,0,,1,1,,South,2025/2026,GILLIES AVENUE OFF RAMP,GILLIES AVENUE,,Non-Injury Crash,No,2025,,South,,0,,Flat,,,,,,Unknown,443200,0,0,0,2,,,0,,,,,,Auckland Region,Nil,1-way,Sealed,,0,0,,50,,Null,0,0,,76,Auckland,Nil,,,,,0,0,Urban,0,,,Light rain,Null
1756951.1582,5918710.7768,807774,,515600,0,0,0,2,0,South,2025/2026,SYMONDS STREET,KHYBER PASS ROAD,,Non-Injury Crash,No,2026,0,North,0,0,0,Flat,0,,0,,0,Dark,420600,0,0,0,4,0,0,0,0,1,,0,0,Auckland Region,Nil,2-way,Sealed,0,0,0,0,50,0,On,0,0,,76,Auckland,Nil,0,0,0,0,0,0,Urban,0,0,0,Fine,Null
1757780.8498,5913539.3159,807775,,518600,0,,0,1,,East,2025/2026,MOUNT ALBERT ROAD,PAH ROAD,,Non-Injury Crash,No,2026,,West,,0,,Flat,,,,,,Overcast,567200,0,0,0,4,,,0,,,,,,Auckland Region,Nil,2-way,Sealed,,0,0,,50,,Off,0,0,,76,Auckland,Nil,,,,,0,0,Urban,2,,,Heavy rain,Null
1768342.0305,5901958.9551,807782,,524901,0,0,0,1,0,Null,2024/2025,GRANDE VUE ROAD,GREAT SOUTH ROAD,,Non-Injury Crash,No,2025,0,West,0,0,0,Flat,0,,0,,0,Overcast,755700,0,0,0,2,0,0,0,0,0,,1,1,Auckland Region,Nil,2-way,Sealed,0,0,0,0,50,0,Off,0,0,,76,Auckland,Stop,0,0,0,0,0,0,Urban,0,0,0,Heavy rain,Null
1758322.8238,5917145.0356,807783,,519200,0,,0,1,,Null,2025/2026,MANUKAU ROAD,CLYDE STREET,,Non-Injury Crash,No,2025,,South,,0,,Null,,,,,,Bright sun,613600,0,0,0,4,,,0,,,,,,Auckland Region,Nil,2-way,Sealed,,0,0,,50,,Null,0,0,,76,Auckland,Give way,,,,,0,1,Urban,0,,,Fine,Null
1768385.4492,5905461.9112,807789,,523721,0,0,0,2,0,East,2023/2024,BOUNDARY ROAD,TOWNLEY PLACE,,Non-Injury Crash,No,2024,0,East,0,0,0,Flat,0,,0,,0,Overcast,715514,0,0,0,2,0,0,0,0,0,,0,0,Auckland Region,Nil,2-way,Sealed,0,0,0,0,50,0,Off,0,0,,76,Auckland,Nil,0,1,0,0,0,0,Urban,0,0,0,Fine,Null
1763092.2456,5907977.6292,807797,,524530,0,,0,0,,Null,2023/2024,MASSEY ROAD,GRAY AVENUE,,Minor Crash,No,2023,,North,,0,,Flat,,,,,,Overcast,733400,1,0,1,2,,,0,,,,,,Auckland Region,Nil,2-way,Sealed,,0,0,,50,,Null,0,0,,76,Auckland,Nil,,,,,1,0,Urban,0,,,Fine,Null
1763839.0573,5906563.3372,807798,,524303,0,,0,1,,Null,2025/2026,STATION ROAD,PORTAGE ROAD,,Non-Injury Crash,No,2025,,West,,0,,Flat,,,,,,Overcast,657300,0,0,0,2,,,0,,,,,,Auckland Region,Nil,1-way,Sealed,,0,0,,50,,Off,0,0,,76,Auckland,Give way,,,,,0,0,Urban,1,,,Fine,Null
1765715.9152,5913481.4541,807819,,522920,0,,0,1,,North,2022/2023,PAKURANGA ROAD,KERSWILL PLACE,,Non-Injury Crash,No,2023,,North,,0,,Flat,,,,,,Overcast,683000,0,0,0,2,,,0,,,,,,Auckland Region,Nil,2-way,Sealed,,0,0,,50,,Off,0,0,,76,Auckland,Nil,,,,,1,0,Urban,0,,,Fine,Null
1748995.4808,5949578.6699,807859,,506202,0,0,0,1,0,Null,2023/2024,GRAND DRIVE,OREWA OFF RAMP,,Non-Injury Crash,No,2023,0,East,0,0,0,Flat,0,,0,,0,Dark,176411,0,0,0,1,0,0,0,0,0,,0,0,Auckland Region,Motorway ramp,2-way,Sealed,0,0,0,0,60,0,On,0,0,,76,Auckland,Give way,0,1,0,0,0,0,Urban,0,0,0,Heavy rain,Null
1761008.0238,5915143.806,807861,,520201,0,,0,1,,North,2025/2026,SOUTHERN MOTORWAY,MAIN OBR,,Non-Injury Crash,Yes,2025,,North,,0,,Flat,,,,,,Dark,613500,0,0,0,4,,,0,,,,,,Auckland Region,Motorway ramp,1-way,Sealed,,0,0,,100,,On,0,0,,76,Auckland,Nil,,,,,1,0,Open,0,,,Light rain,Null
1746453.1898,5917547.5039,807876,,512500,0,0,0,2,0,South,2024/2025,MCLEOD ROAD,SHEEHAN ROAD,,Non-Injury Crash,No,2025,0,North,0,0,0,Flat,0,,0,,0,Overcast,257400,0,0,0,2,0,0,0,0,1,,0,0,Auckland Region,Nil,2-way,Sealed,0,0,0,0,50,0,Off,0,0,,76,Auckland,Nil,0,0,0,0,0,0,Urban,0,0,0,Light rain,Null
1756199.2974,5935200.5858,807882,,507101,0,,0,1,,North,2023/2024,BEACH FRONT LANE,ANZAC ROAD,,Serious Crash,No,2023,,South,,0,,Flat,,Christmas New Year,,,,Overcast,160900,0,0,0,2,,,0,,,1,,,Auckland Region,Nil,2-way,Sealed,,0,1,,30,,Off,0,0,,76,Auckland,Nil,,,,,0,0,Urban,0,,,Fine,Null
1771198.1992,5914059.6989,807883,,521602,0,0,0,0,0,East,2025/2026,UNION ROAD,PEGLER DRIVE,,Non-Injury Crash,No,2025,0,West,0,0,2,Hill Road,0,,0,,0,Twilight,648701,0,0,0,2,0,0,0,0,0,,0,0,Auckland Region,Nil,2-way,Sealed,0,0,0,0,50,0,On,0,0,,76,Auckland,Nil,0,0,0,0,0,0,Urban,1,0,0,Fine,Null
1771529.6434,5914208.6771,807892,,521602,0,,0,1,,Null,2025/2026,VINCENT STREET,WELLINGTON STREET,,Non-Injury Crash,No,2025,,West,,0,,Null,,,,,,Bright sun,648400,0,0,0,2,,,0,,,,,,Auckland Region,Nil,2-way,Sealed,,0,0,,50,,Null,0,0,,76,Auckland,Give way,,,,,0,1,Urban,0,,,Null,Null
1753571.5089,5927937.9014,807900,,508310,0,,0,1,,Null,2025/2026,GLENFIELD ROAD,KAIPATIKI ROAD,,Minor Crash,No,2025,,South,,0,,Null,,,,,,Bright sun,200000,1,0,0,2,,,0,,,,,,Auckland Region,Nil,1-way,Sealed,,0,0,,50,,Null,0,0,,76,Auckland,Traffic Signals,,,,,0,1,Urban,0,,,Fine,Null
1771419.5072,5913467.2841,807906,,523101,0,0,0,2,0,South,2023/2024,MIRRABOOKA AVENUE,KURNELL DRIVE,,Non-Injury Crash,No,2023,0,North,0,0,0,Flat,0,,0,,0,Bright sun,710801,0,0,0,2,0,0,0,0,1,,0,0,Auckland Region,Nil,2-way,Sealed,0,0,0,0,50,0,Off,0,0,,76,Auckland,Nil,0,0,0,0,0,0,Urban,0,0,0,Light rain,Null
1774079.0581,5889305.0306,807914,,521301,0,0,0,1,0,South,2023/2024,SOUTHERN MOTORWAY,QUARRY OBR,,Non-Injury Crash,Yes,2023,0,South,0,0,0,Flat,1,,0,,0,Overcast,809103,0,0,0,2,0,0,0,0,0,,0,0,Auckland Region,Nil,1-way,Sealed,0,0,0,0,100,0,Off,0,0,,76,Auckland,Nil,0,0,0,0,0,0,Open,0,0,0,Fine,Null
1769754.1627,5901470.318,807915,,523814,0,0,0,0,0,North,2025/2026,SOUTHERN MOTORWAY,ALFRISTON OBR,,Minor Crash,Yes,2026,0,South,0,0,0,Flat,1,,0,,0,Bright sun,759510,1,0,0,3,0,0,0,0,0,,0,0,Auckland Region,Nil,1-way,Sealed,0,0,0,0,100,0,Off,1,0,,76,Auckland,Nil,0,0,0,0,1,0,Open,0,0,0,Fine,Null
1756987.6332,5925321.8971,807924,,509702,0,,0,2,,South,2025/2026,NORTHERN MOTORWAY,ESMONDE ROAD OFF RAMP,,Non-Injury Crash,Yes,2025,,North,,0,,Flat,,,,,,Bright sun,364601,0,0,0,4,,,0,,,,,,Auckland Region,Nil,1-way,Sealed,,0,0,,100,,Off,0,0,,76,Auckland,Nil,,,,,0,0,Open,0,,,Fine,Null
1770291.5781,5909037.4012,807932,,523114,0,0,0,3,0,East,2025/2026,GRACECHURCH DRIVE,BALTERSAN DRIVE,,Non-Injury Crash,No,2025,0,West,0,0,0,Flat,0,,0,,0,Bright sun,712136,0,0,0,2,0,0,0,0,2,,0,0,Auckland Region,Nil,2-way,Sealed,0,0,0,0,50,0,Off,0,0,,76,Auckland,Nil,0,0,0,0,0,0,Urban,0,0,0,Fine,Null
1769117.0187,5902522.4482,807940,,523814,0,,0,0,,South,2025/2026,SOUTHERN MOTORWAY,PUHINUI STM BR,,Non-Injury Crash,Yes,2025,,South,,0,,Flat,,,,,,Bright sun,760701,0,0,0,4,,,0,,,,,,Auckland Region,Nil,1-way,Sealed,,0,0,,100,,Off,0,0,,76,Auckland,Nil,,,,,1,0,Open,1,,,Fine,Null
1759466.4702,5925518.857,807947,,508110,0,0,0,1,0,North,2025/2026,LAKE ROAD,WINSCOMBE STREET,,Non-Injury Crash,No,2025,0,South,0,0,0,Hill Road,0,,0,,0,Dark,319200,0,0,0,2,0,0,0,0,0,,0,1,Auckland Region,Nil,2-way,Sealed,0,0,0,0,50,0,On,0,0,,76,Auckland,Nil,0,0,0,0,0,0,Urban,0,0,0,Fine,Null
1753198.3414,5933119.5786,807955,,508701,0,,0,1,,West,2025/2026,ALBANY EXPRESSWAY,GREVILLE ROAD,,Non-Injury Crash,No,2025,,East,,0,,Hill Road,,,,,,Bright sun,178900,0,0,0,4,,,0,,,,,,Auckland Region,Nil,2-way,Sealed,,0,0,,80,,Off,0,0,,76,Auckland,Nil,,,,,0,0,Open,1,,,Fine,Null
1756516.1471,5937457.8401,807963,,506903,0,,0,0,,Null,2025/2026,BEACH ROAD,TOROA STREET,,Non-Injury Crash,No,2025,,South,,0,,Flat,,,,,,Dark,169200,0,0,1,2,,,0,,,,,,Auckland Region,Nil,2-way,Sealed,,0,0,,30,,On,0,0,,76,Auckland,Give way,,,,,0,0,Urban,1,,,Fine,Null
1755484.802,5935848.9569,807964,,507000,0,0,0,2,0,South,2025/2026,CARLISLE ROAD,FIRTH ROAD,,Non-Injury Crash,No,2025,0,South,0,0,0,Flat,0,,0,,0,Overcast,163300,0,0,0,2,0,0,0,0,1,,0,0,Auckland Region,Nil,2-way,Sealed,0,0,0,0,50,0,Null,0,0,,76,Auckland,Nil,0,0,0,0,0,0,Urban,0,0,0,Fine,Frost
1768285.4022,5883924.9071,807971,,521111,0,0,0,1,0,West,2024/2025,HEIGHTS ROAD,PAERATA ROAD,,Non-Injury Crash,No,2025,0,West,0,0,0,Hill Road,0,,0,,0,Dark,813800,0,0,0,2,0,0,0,0,0,,0,1,Auckland Region,Nil,2-way,Sealed,0,0,0,0,80,0,Off,0,0,,76,Auckland,Nil,0,0,0,0,0,0,Open,0,0,0,Light rain,Null
1752569.0079,5916900.6542,807986,,517800,0,0,0,1,0,South,2023/2024,CARRINGTON ROAD,WOODWARD ROAD,,Minor Crash,No,2023,0,South,0,0,1,Hill Road,0,,0,,0,Dark,525500,1,0,0,2,0,0,0,0,1,,0,0,Auckland Region,Nil,2-way,Sealed,0,0,0,0,50,0,On,0,0,,76,Auckland,Nil,0,0,0,0,0,0,Urban,1,0,0,Fine,Null
1761760.3579,5906512.8881,807987,,524200,0,,0,4,,South,2025/2026,SOUTH-WESTERN MOTORWAY,MASSEY OBR,,Non-Injury Crash,Yes,2026,,North,,0,,Flat,,,,,,Bright sun,728700,0,0,0,2,,,0,,,,,,Auckland Region,Nil,1-way,Sealed,,0,0,,100,,None,0,0,,76,Auckland,Nil,,,,,0,0,Open,0,,,Fine,Null
1755992.2431,5923065.3074,808002,,509800,0,,0,3,,South,2022/2023,NORTHERN MOTORWAY,HARBOUR BR N,,Non-Injury Crash,Yes,2023,,South,,0,,Hill Road,,,,,,Overcast,359300,0,0,0,4,,,0,,,,,,Auckland Region,Bridge,1-way,Sealed,,0,0,,80,,Off,0,0,,76,Auckland,Nil,,,,,0,0,Open,0,,,Fine,Null
1767754.0415,5904297.862,808004,,524604,0,,0,2,,Null,2025/2026,MANUKAU STATION ROAD,GREAT SOUTH ROAD,,Non-Injury Crash,No,2025,,East,,0,,Flat,,,,,,Dark,780204,0,0,0,3,,,0,,,,,,Auckland Region,Nil,2-way,Sealed,,0,0,,50,,On,0,0,,76,Auckland,Traffic Signals,,,,,0,0,Urban,0,,,Fine,Null
1743328.6643,5923731.2563,808010,,513410,0,,0,2,,Null,2022/2023,FRED TAYLOR DRIVE,DON BUCK ROAD,,Non-Injury Crash,No,2023,,West,,0,,Flat,,,,,,Bright sun,224000,0,0,0,2,,,0,,,,,,Auckland Region,Nil,1-way,Sealed,,0,0,,50,,Off,1,0,,76,Auckland,Give way,,,,,0,0,Urban,2,,,Fine,Null
1756018.0422,5921057.4661,808011,,515202,0,,0,0,,East,2025/2026,NORTHERN MOTORWAY,FANSHAWE STREET ON RAMP,,Minor Crash,Yes,2025,,West,,0,,Hill Road,,,,,,Bright sun,425600,1,0,1,3,,,0,,,,,,Auckland Region,Nil,1-way,Sealed,,0,0,,80,,Off,0,0,,76,Auckland,Nil,,,,,0,0,Open,0,,,Fine,Null
1757082.986,5919602.9082,808024,,514102,0,,0,0,,Null,2024/2025,QUEEN STREET,CITY ROAD,,Minor Crash,No,2024,,South,,0,,Hill Road,,,,,,Overcast,435900,1,0,0,4,,,0,,,1,,,Auckland Region,Nil,2-way,Sealed,,0,0,,30,,Off,1,0,,76,Auckland,Stop,,,,,0,0,Urban,0,,,Fine,Null
1759418.685,5916218.5078,808025,,516002,0,,0,1,,Null,2024/2025,OTAHURI CRESCENT,GREAT SOUTH ROAD,,Non-Injury Crash,No,2025,,West,,0,,Null,,,,,,Bright sun,493900,0,0,0,2,,,0,,,,,,Auckland Region,Nil,2-way,Sealed,,0,0,,50,,Off,1,0,,76,Auckland,Stop,,,,,0,0,Urban,0,,,Fine,Null
1754665.0904,5912546.1635,808026,,518803,0,,0,2,,Null,2025/2026,DOMINION ROAD,RICHARDSON ROAD,,Non-Injury Crash,No,2025,,South,,0,,Flat,,,,,,Dark,583600,0,0,0,2,,,0,,,,,,Auckland Region,Nil,2-way,Sealed,,0,0,,50,,On,0,0,,76,Auckland,Give way,,,,,0,0,Urban,0,,,Light rain,Null
1766701.0887,5904333.5775,808039,,524604,0,0,0,1,0,Null,2023/2024,LAMBIE DRIVE,LAMBIE DRIVE,,Non-Injury Crash,No,2024,0,South,0,0,0,Flat,0,,0,,1,Bright sun,780209,0,0,0,2,0,0,0,0,0,,0,0,Auckland Region,Nil,2-way,Sealed,0,0,0,0,50,0,Off,0,0,,76,Auckland,Nil,0,0,0,0,0,0,Urban,0,0,0,Fine,Null
1744136.9633,5911619.8505,808041,,512902,0,0,0,1,0,South,2025/2026,CARTER ROAD,PARKIN ROAD,,Non-Injury Crash,No,2025,0,South,0,0,0,Flat,0,,0,,0,Bright sun,279700,0,0,0,2,0,0,0,0,0,,0,1,Auckland Region,Nil,2-way,Sealed,0,0,0,0,60,0,Off,0,0,,76,Auckland,Nil,0,0,0,0,0,0,Urban,0,0,0,Fine,Null
1752716.2514,5916415.0523,808048,,517903,0,,1,0,,South,2025/2026,NEW NORTH ROAD,BALLAST LANE,,Non-Injury Crash,No,2025,,North,,0,,Flat,,,,,,Bright sun,520101,0,0,0,4,,,0,,,,,,Auckland Region,Nil,2-way,Sealed,,0,0,,50,,Off,1,0,,76,Auckland,Nil,,,,,0,0,Urban,0,,,Fine,Null
1753810.4249,5926570.7323,808056,,508220,0,,0,2,,South,2025/2026,GLENFIELD ROAD,CORONATION ROAD,,Non-Injury Crash,No,2025,,South,,0,,Flat,,,,,,Unknown,189400,0,0,0,2,,,0,,,,,,Auckland Region,Nil,2-way,Sealed,,0,0,,50,,Null,0,0,,76,Auckland,Nil,,,,,0,0,Urban,0,,,Fine,Null
1764337.8744,5917706.5589,808057,,517201,0,0,0,1,0,South,2025/2026,ST JOHNS ROAD,GOWING DRIVE,,Minor Crash,No,2025,0,North,0,0,0,Flat,0,Christmas New Year,0,,0,Overcast,464300,1,0,0,2,0,0,0,0,1,,0,0,Auckland Region,Nil,2-way,Sealed,0,0,0,0,50,0,Off,0,0,,76,Auckland,Nil,0,0,0,0,0,0,Urban,1,0,0,Fine,Null
1750407.0811,5913879.5791,808064,,511303,0,,0,2,,Null,2025/2026,WARD STREET,PURIRI STREET,,Non-Injury Crash,No,2025,,North,,0,,Flat,,,,,,Overcast,265100,0,0,0,2,,,0,,,,,,Auckland Region,Nil,2-way,Sealed,,0,0,,50,,Off,0,0,,76,Auckland,Stop,,,,,0,0,Urban,1,,,Fine,Strong wind
1774674.8509,5897783.0626,808071,,523813,0,0,0,2,0,West,2023/2024,OLD WAIROA ROAD,OKAWA AVENUE,,Minor Crash,No,2023,0,West,0,0,1,Flat,0,,0,,0,Dark,761602,1,0,0,2,0,0,0,0,1,,0,0,Auckland Region,Nil,2-way,Sealed,0,0,0,0,50,0,On,0,0,,76,Auckland,Nil,0,0,0,0,0,0,Urban,0,0,0,Fine,Null
1766249.3449,5906886.7319,808080,,522302,0,0,0,2,0,North,2025/2026,HUIA ROAD,HAMILTON ROAD,,Non-Injury Crash,No,2026,0,South,0,0,0,Flat,0,,0,,0,Bright sun,668100,0,0,0,2,0,0,0,0,1,,0,0,Auckland Region,Nil,2-way,Sealed,0,0,0,0,50,0,Off,0,0,,76,Auckland,Nil,0,0,0,0,0,0,Urban,0,0,0,Fine,Null
1749958.7762,5946083.7658,808095,,506001,0,,0,1,,Null,2024/2025,HIBISCUS COAST HIGHWAY,TAVERN ROAD,,Minor Crash,No,2024,,West,,0,,Hill Road,,,,,,Overcast,175501,1,0,0,2,,,0,,,,,,Auckland Region,Nil,1-way,Sealed,,0,0,,60,,Off,1,0,,76,Auckland,Stop,,,,,0,0,Urban,0,,,Fine,Null