X,Y,OBJECTID,advisorySpeed,areaUnitID,bicycle,bridge,bus,carStationWagon,cliffBank,crashDirectionDescription,crashFinancialYear,crashLocation1,crashLocation2,crashRoadSideRoad,crashSeverity,crashSHDescription,crashYear,debris,directionRoleDescription,ditch,fatalCount,fence,flatHill,guardRail,holiday,houseOrBuilding,intersection,kerb,light,meshblockId,minorInjuryCount,moped,motorcycle,NumberOfLanes,objectThrownOrDropped,otherObject,otherVehicleType,overBank,parkedVehicle,pedestrian,phoneBoxEtc,postOrPole,region,roadCharacter,roadLane,roadSurface,roadworks,schoolBus,seriousInjuryCount,slipOrFlood,speedLimit,strayAnimal,streetLight,suv,taxi,temporarySpeedLimit,tlaId,tlaName,trafficControl,trafficIsland,trafficSign,train,tree,truck,unknownVehicleType,urban,vanOrUtility,vehicle,waterRiver,weatherA,weatherB
1764174.7194,5912377.3704,808097,,520500,0,,0,2,,South,2025/2026,SOUTHERN MOTORWAY,SYLVIA PARK RAIL OBR,,Non-Injury Crash,Yes,2025,,North,,0,,Flat,,,,,,Overcast,639500,0,0,0,2,,,0,,,,,,Auckland Region,Nil,1-way,Sealed,,0,0,,100,,Off,0,0,,76,Auckland,Nil,,,,,0,0,Open,0,,,Fine,Null
1758099.8013,5915427.4373,808104,,519300,0,,0,1,,North,2025/2026,MANUKAU ROAD,ARCADIA ROAD,,Minor Crash,No,2025,,North,,0,,Flat,,,,,,Overcast,624000,2,0,0,4,,,0,,,3,,,Auckland Region,Nil,2-way,Sealed,,0,0,,50,,Off,0,0,,76,Auckland,Nil,,,,,0,0,Urban,0,,,Fine,Null
1751663.8038,5916967.154,808119,,514900,0,,0,2,,South,2023/2024,GREAT NORTH ROAD,ALVERSTON STREET,,Non-Injury Crash,No,2023,,North,,0,,Hill Road,,,,,,Bright sun,384701,0,0,0,4,,,0,,,,,,Auckland Region,Nil,2-way,Sealed,,0,0,,50,,None,0,0,,76,Auckland,Nil,,,,,0,0,Urban,0,,,Fine,Null
1771621.2782,5906994.7942,808128,,523713,0,,0,1,,Null,2024/2025,ORMISTON ROAD,DISHYS ROAD,,Non-Injury Crash,No,2025,,West,,0,,Flat,,,,,,Dark,712500,0,0,0,4,,,0,,,,,,Auckland Region,Nil,2-way,Sealed,,0,0,,60,,On,0,0,,76,Auckland,Give way,,,,,0,0,Urban,1,,,Light rain,Null
1752532.2143,5917008.8578,808136,,517800,1,,0,1,,Null,2025/2026,CARRINGTON ROAD,SEAVIEW TERRACE,,Minor Crash,No,2025,,South,,0,,Hill Road,,,,,,Overcast,525500,1,0,0,2,,,0,,,,,,Auckland Region,Nil,2-way,Sealed,,0,0,,50,,Off,0,0,,76,Auckland,Give way,,,,,0,0,Urban,0,,,Fine,Null
1754805.6931,5918908.6287,808143,,515410,0,,0,1,,Null,2023/2024,SELBOURNE STREET,SURREY CRESCENT,,Serious Crash,No,2024,,North,,0,,Flat,,,,,,Dark,404400,0,0,0,2,,,0,,,1,,,Auckland Region,Nil,2-way,Sealed,,0,1,,50,,Off,0,0,,76,Auckland,Nil,,,,,0,0,Urban,0,,,Fine,Null
1771846.374,5898664.2308,808153,,523912,0,,0,2,,Null,2025/2026,KAURI HEART AVENUE,PORCHESTER ROAD,,Non-Injury Crash,No,2025,,East,,0,,Flat,,,,,,Twilight,767400,0,0,0,3,,,0,,,,,,Auckland Region,Nil,2-way,Sealed,,0,0,,50,,Off,0,0,,76,Auckland,Traffic Signals,,,,,0,0,Urban,0,,,Fine,Null
1757205.0362,5912491.7401,808160,,518702,0,0,0,0,0,West,2025/2026,SOUTH-WESTERN MOTORWAY,SOUTH-WESTERN MOTORWAY,,Non-Injury Crash,Yes,2025,0,South,0,0,0,Flat,1,,0,,0,Dark,570300,0,0,0,3,0,0,0,0,0,,0,0,Auckland Region,Nil,1-way,Sealed,0,0,0,0,100,0,On,0,0,,76,Auckland,Nil,0,0,0,0,0,0,Open,1,0,0,Light rain,Null
1769077.6446,5901065.081,808161,,524901,0,,0,1,,Null,2025/2026,OFF ROAD - SHARED SHARED DRIVEWAY - HALVER ROAD,,,Serious Crash,No,2025,,North,,0,,Flat,,Labour Weekend,,,,Dark,757400,0,0,0,,,,0,,,1,,,Auckland Region,Nil,Null,Sealed,,0,1,,,,Off,0,0,,76,Auckland,Nil,,,,,0,0,Urban,0,,,Fine,Null
1756205.1912,5919285.1793,808175,,515420,0,,0,0,,North,2023/2024,PONSONBY ROAD,KARANGAHAPE ROAD,,Minor Crash,No,2024,,South,,0,,Flat,,,,,,Dark,411600,1,0,0,3,,,0,,,1,,,Auckland Region,Nil,2-way,Sealed,,0,0,,50,,On,0,0,,76,Auckland,Nil,,,,,0,0,Urban,1,,,Fine,Null
1744319.0355,5922440.5603,808177,,513512,0,,0,2,,Null,2025/2026,MAKORA ROAD,ROYAL ROAD OFF RAMP,,Non-Injury Crash,No,2025,,South,,0,,Hill Road,,,,,,Overcast,225501,0,0,0,2,,,0,,,,,,Auckland Region,Nil,2-way,Sealed,,0,0,,50,,Off,0,0,,76,Auckland,Traffic Signals,,,,,0,0,Urban,0,,,Heavy rain,Null
1758651.5515,5880469.992,808184,35,521121,0,0,0,1,0,North,2024/2025,GLENBROOK STATION ROAD,FARM PARK ROAD,,Non-Injury Crash,No,2025,0,North,0,0,0,Flat,0,,0,,0,Dark,811805,0,0,0,2,0,0,0,0,0,,0,0,Auckland Region,Rail xing,2-way,Sealed,0,0,0,0,60,0,None,0,0,,76,Auckland,Nil,0,1,0,0,0,0,Urban,0,0,0,Light rain,Null
1773622.1395,5898589.4368,808185,,523912,0,,0,2,,Null,2025/2026,WALTERS ROAD,COSGRAVE ROAD,,Non-Injury Crash,No,2025,,East,,0,,Flat,,Christmas New Year,,,,Overcast,765500,0,0,0,2,,,0,,,,,,Auckland Region,Nil,2-way,Sealed,,0,0,,50,,Off,0,0,,76,Auckland,Stop,,,,,0,0,Urban,0,,,Fine,Null
1758007.6667,5927303.5307,808192,,508010,1,,0,0,,East,2025/2026,ANZAC STREET,THE TERRACE,,Minor Crash,No,2025,,East,,0,,Flat,,,,,,Bright sun,326900,1,0,0,2,,,0,,,,,,Auckland Region,Nil,2-way,Sealed,,0,0,,30,,Off,1,0,,76,Auckland,Nil,,,,,0,0,Urban,0,,,Fine,Null
1760065.8751,5908172.0405,808193,,524403,0,0,0,1,0,South,2024/2025,SOUTH-WESTERN MOTORWAY,HALL FTBR,,Non-Injury Crash,Yes,2025,0,North,0,0,0,Flat,1,,0,,0,Dark,731104,0,0,0,2,0,0,0,0,0,,0,0,Auckland Region,Motorway ramp,1-way,Sealed,0,0,0,0,100,0,On,0,0,,76,Auckland,Nil,0,1,0,0,0,0,Open,0,0,0,Fine,Null
1752651.3242,5954006.8742,808200,,506201,0,,0,2,,South,2025/2026,HIBISCUS COAST HIGHWAY,WAIWERA OBR,,Non-Injury Crash,No,2025,,South,,0,,Hill Road,,,,,,Bright sun,176204,0,0,0,3,,,0,,,,,,Auckland Region,Nil,2-way,Sealed,,0,0,,60,,None,0,0,,76,Auckland,Nil,,,,,0,0,Urban,0,,,Fine,Null
1735115.0768,5937304.914,808207,,506653,0,0,0,1,0,North,2023/2024,PEAK ROAD,OLD NORTH ROAD,,Minor Crash,No,2023,0,North,0,0,0,Flat,0,Christmas New Year,0,,0,Dark,217702,2,0,0,2,0,0,0,0,0,,0,0,Auckland Region,Nil,2-way,Sealed,0,0,0,0,80,0,None,0,0,,76,Auckland,Nil,0,0,0,1,0,0,Open,0,0,0,Fine,Null
1753494.5348,5876038.1742,808231,,526104,0,,0,1,,Null,2025/2026,KITCHENER ROAD,QUEEN STREET,,Non-Injury Crash,No,2025,,West,,0,,Hill Road,,,,,,Bright sun,834800,0,0,0,2,,,0,,,,,,Auckland Region,Nil,2-way,Sealed,,0,0,,50,,Off,0,0,,76,Auckland,Give way,,,,,0,0,Urban,1,,,Fine,Null
1754317.549,5916505.8047,808239,,517702,0,0,0,2,0,South,2025/2026,WAGENER PLACE,ST LUKES ROAD,,Non-Injury Crash,No,2025,0,North,0,0,0,Flat,0,,0,,0,Bright sun,540001,0,0,0,2,0,0,0,0,1,,0,0,Auckland Region,Nil,2-way,Sealed,0,0,0,0,50,0,Null,0,0,,76,Auckland,Nil,0,0,0,0,0,0,Urban,0,0,0,Fine,Null
1765377.8216,5915404.439,808268,,520601,0,0,0,1,0,Null,2023/2024,MARTIN PLACE,PILKINGTON ROAD,,Non-Injury Crash,No,2023,0,West,0,0,1,Flat,0,Christmas New Year,0,,1,Dark,631400,0,0,0,2,0,0,0,0,0,,0,0,Auckland Region,Nil,2-way,Sealed,0,0,0,0,50,0,On,0,0,,76,Auckland,Stop,0,0,0,0,0,0,Urban,0,0,0,Fine,Null
1748776.4335,5942152.8053,808269,,506300,0,0,0,1,0,South,2025/2026,NORTHERN MOTORWAY,WILKS OBR,,Non-Injury Crash,Yes,2025,0,South,0,0,0,Flat,1,,0,,0,Dark,175902,0,0,0,2,0,0,0,0,0,,0,0,Auckland Region,Nil,1-way,Sealed,0,0,0,0,100,0,On,0,0,,76,Auckland,Nil,0,0,0,0,0,0,Open,0,0,0,Fine,Null
1751954.3048,5917953.7519,808284,45,515001,0,,0,1,,West,2023/2024,GREAT NORTH ROAD ON RAMP,NORTH-WESTERN MOTORWAY,,Non-Injury Crash,No,2024,,East,,0,,Flat,,,,,,Overcast,392400,0,0,0,2,,,0,,,,,,Auckland Region,Motorway ramp,1-way,Sealed,,0,0,,80,,Off,0,0,,76,Auckland,Nil,,,,,1,0,Open,0,,,Fine,Null
1759372.8896,5925778.9094,808286,,508020,0,,0,1,,Null,2025/2026,LAKE ROAD,ST LEONARDS ROAD,,Non-Injury Crash,No,2025,,South,,0,,Null,,,,,,Overcast,321900,0,0,0,2,,,0,,,,,,Auckland Region,Nil,2-way,Sealed,,0,0,,50,,Null,0,0,,76,Auckland,Give way,,,,,0,1,Urban,0,,,Light rain,Null
1752244.162,5925251.3621,808292,,510220,0,,0,0,,Null,2024/2025,VERRAN ROAD,WAIPA STREET,,Minor Crash,No,2024,,West,,0,,Flat,,,,,,Overcast,350600,1,1,0,2,,,0,,,,,,Auckland Region,Nil,2-way,Sealed,,0,0,,30,,Off,1,0,,76,Auckland,Give way,,,,,0,0,Urban,0,,,Fine,Null
1763590.8227,5915568.9523,808293,,520302,0,0,0,3,0,South,2025/2026,LUNN AVENUE,NGAHUE DRIVE,,Serious Crash,No,2025,0,North,0,0,0,Flat,0,,0,,2,Overcast,625900,2,0,0,2,0,0,0,0,0,1,0,0,Auckland Region,Nil,2-way,Sealed,0,0,1,0,50,0,Off,0,0,,76,Auckland,Nil,0,1,0,0,0,0,Urban,0,0,0,Fine,Null
1768131.902,5880973.0394,808302,,525921,0,,0,2,,South,2025/2026,HELVETIA ROAD,VICTORIA STREET WEST,,Non-Injury Crash,No,2025,,South,,0,,Null,,,,,,Unknown,821800,0,0,0,2,,,0,,,,,,Auckland Region,Nil,2-way,Sealed,,0,0,,50,,Null,0,0,,76,Auckland,Nil,,,,,0,0,Urban,0,,,Fine,Null
1753826.0029,5913349.3842,808309,,518901,0,,0,2,,West,2025/2026,WHITE SWAN ROAD,RICHARDSON ROAD,,Non-Injury Crash,No,2025,,East,,0,,Flat,,,,,,Overcast,585101,0,0,0,3,,,0,,,,,,Auckland Region,Nil,2-way,Sealed,,0,0,,50,,Off,0,0,,76,Auckland,Nil,,,,,0,0,Urban,0,,,Fine,Null
1761973.4217,5909187.9745,808316,,524402,0,,0,3,,Null,2023/2024,FAVONA ROAD,SAVILL DRIVE,,Non-Injury Crash,No,2023,,East,,0,,Flat,,,,,,Bright sun,749800,0,0,0,3,,,0,,,,,,Auckland Region,Nil,2-way,Sealed,,0,0,,60,,Off,0,0,,76,Auckland,Traffic Signals,,,,,0,0,Urban,0,,,Light rain,Strong wind
1770319.3378,5911291.3706,808326,,523113,0,,0,2,,Null,2025/2026,TE IRIRANGI DRIVE,TI RAKAU DRIVE,,Non-Injury Crash,No,2025,,North,,0,,Flat,,,,,,Dark,711716,0,0,0,6,,,0,,,,,,Auckland Region,Nil,2-way,Sealed,,0,0,,60,,On,0,0,,76,Auckland,Traffic Signals,,,,,0,0,Urban,0,,,Fine,Null
1756321.6289,5924378.3926,808332,55,509702,0,0,0,1,0,South,2023/2024,ONEWA ROAD OFF RAMP,ONEWA OBR OFF,,Minor Crash,No,2023,0,West,0,0,0,Flat,1,Christmas New Year,0,,0,Overcast,366700,1,0,0,1,0,0,0,0,0,,0,0,Auckland Region,Motorway ramp,1-way,Sealed,0,0,0,0,100,0,On,0,0,,76,Auckland,Nil,0,0,0,0,0,0,Open,0,0,0,Light rain,Null
1756591.4011,5917190.8127,808340,,518201,0,0,0,1,0,Null,2023/2024,VALLEY ROAD,PENTLAND AVENUE,,Minor Crash,No,2024,0,North,0,0,0,Hill Road,0,,0,,0,Overcast,547402,1,0,0,2,0,0,0,0,0,,0,0,Auckland Region,Nil,2-way,Sealed,0,0,0,0,50,0,Off,0,0,,76,Auckland,Stop,0,0,0,1,0,0,Urban,0,0,0,Fine,Null
1757582.871,5920410.9827,808342,,514103,0,,0,2,,East,2025/2026,BOWEN AVENUE,KITCHENER STREET,,Non-Injury Crash,No,2025,,East,,0,,Hill Road,,,,,,Bright sun,437200,0,0,0,2,,,0,,,,,,Auckland Region,Nil,2-way,Sealed,,0,0,,30,,Off,0,0,,76,Auckland,Nil,,,,,0,0,Urban,0,,,Fine,Null
1764594.4128,5905550.1525,808366,,522100,0,,0,2,,Null,2025/2026,WYLLIE ROAD,HILL ROAD,,Non-Injury Crash,No,2026,,North,,0,,Flat,,,,,,Bright sun,657900,0,0,0,2,,,0,,,,,,Auckland Region,Nil,2-way,Sealed,,0,0,,50,,None,0,0,,76,Auckland,Give way,,,,,0,0,Urban,0,,,Fine,Null
1765333.6655,5902169.5448,808373,,524604,0,0,0,1,0,North,2025/2026,ROSCOMMON ROAD,KIWI TAMAKI ROAD,,Non-Injury Crash,No,2025,0,North,0,0,1,Flat,0,,0,,0,Dark,781200,0,0,0,2,0,1,0,0,0,,0,0,Auckland Region,Nil,2-way,Sealed,0,0,0,0,60,0,On,0,0,50,76,Auckland,Nil,0,0,0,0,0,0,Urban,0,0,0,Fine,Null
1744448.9697,5921670.4148,808374,,513631,0,,0,2,,Null,2025/2026,LINCOLN PARK AVENUE,TRIANGLE ROAD,,Non-Injury Crash,No,2025,,North,,0,,Hill Road,,,,,,Overcast,227500,0,0,0,2,,,0,,,,,,Auckland Region,Nil,2-way,Sealed,,0,0,,50,,Off,0,0,,76,Auckland,Stop,,,,,0,0,Urban,0,,,Fine,Null
1757782.381,5918195.5012,808388,,515700,0,,0,2,,East,2024/2025,SOUTHERN MOTORWAY,MOUNTAIN OBR,,Non-Injury Crash,Yes,2025,,North,,0,,Flat,,,,,,Overcast,443600,0,0,0,5,,,0,,,,,,Auckland Region,Nil,1-way,Unsealed,,0,0,,80,,Off,0,0,,76,Auckland,Nil,,,,,0,0,Open,1,,,Fine,Null
1751733.9751,5925404.4693,808405,,510220,0,0,0,2,0,West,2025/2026,GATMAN STREET,BIRKDALE ROAD,,Minor Crash,No,2026,0,North,0,0,0,Hill Road,0,,0,,0,Bright sun,349902,1,0,0,2,0,0,0,0,1,,0,0,Auckland Region,Nil,2-way,Sealed,0,0,0,0,50,0,Off,0,0,,76,Auckland,Nil,0,0,0,0,0,0,Urban,0,0,0,Fine,Null
1742447.6318,5924389.1065,808413,,513410,0,,0,2,,Null,2025/2026,MATAKOHE ROAD,TAHETOKA STREET,,Non-Injury Crash,No,2025,,South,,0,,Flat,,,,,,Bright sun,226401,0,0,0,2,,,0,,,,,,Auckland Region,Nil,2-way,Sealed,,0,0,,50,,Off,0,0,,76,Auckland,Give way,,,,,0,0,Urban,0,,,Fine,Null
1750434.062,5940011.4818,808419,,506300,0,,0,2,,North,2023/2024,NORTHERN MOTORWAY,BAWDEN OBR,,Non-Injury Crash,Yes,2023,,North,,0,,Flat,,,,,,Overcast,175906,0,0,0,4,,,0,,,,,,Auckland Region,Nil,2-way,Sealed,,0,0,,100,,None,0,0,,76,Auckland,Nil,,,,,0,0,Open,0,,,Light rain,Null
1755344.1106,5930366.9834,808420,,508520,0,,0,1,,Null,2025/2026,OFF ROAD - CAR PARK - SUNNYNOOK ROAD,,,Minor Crash,No,2026,,West,,0,,Flat,,,,,,Overcast,192800,1,0,0,,,,0,,,1,,,Auckland Region,Nil,Off road,Sealed,,0,0,,,,Off,0,0,,76,Auckland,Nil,,,,,0,0,Urban,0,,,Light rain,Null
1766817.7478,5903628.1416,808428,,524602,0,,0,1,,South,2025/2026,WIRI STATION ROAD,DRUCES ROAD,,Non-Injury Crash,No,2025,,West,,0,,Flat,,,,,,Overcast,780404,0,0,0,2,,,0,,,,,,Auckland Region,Nil,1-way,Sealed,,0,0,,50,,Null,0,0,,76,Auckland,Nil,,,,,1,0,Urban,0,,,Light rain,Null
1757703.658,5918271.3792,808444,,518101,0,,0,3,,North,2025/2026,SOUTHERN MOTORWAY,MOUNTAIN OBR,,Minor Crash,Yes,2026,,North,,0,,Flat,,,,,,Bright sun,543000,2,0,0,4,,,0,,,,,,Auckland Region,Nil,1-way,Sealed,,0,0,,80,,Off,0,0,,76,Auckland,Nil,,,,,0,0,Open,0,,,Fine,Null
1745374.674,5916998.1955,808450,,510800,0,0,0,2,0,Null,2023/2024,RAILSIDE AVENUE,EDSEL STREET,,Non-Injury Crash,No,2023,0,South,0,0,0,Flat,0,,0,,0,Dark,242700,0,0,0,2,0,0,0,0,1,,0,0,Auckland Region,Nil,2-way,Sealed,0,0,0,0,50,0,On,0,0,,76,Auckland,Nil,0,0,0,0,0,0,Urban,1,0,0,Fine,Null
1755009.686,5927814.5306,808451,,508620,0,,0,2,,Null,2025/2026,SUNNYBRAE ROAD,ARCHERS ROAD,,Non-Injury Crash,No,2025,,South,,0,,Hill Road,,,,,,Overcast,202700,0,0,0,2,,,0,,,,,,Auckland Region,Nil,2-way,Sealed,,0,0,,50,,Off,0,0,,76,Auckland,Give way,,,,,0,0,Urban,0,,,Fine,Null
1757598.5905,5920777.6195,808452,,514103,0,0,0,1,0,North,2025/2026,COMMERCE STREET,FORT STREET,,Non-Injury Crash,No,2026,0,South,0,0,0,Flat,0,,0,,0,Overcast,438000,0,0,0,2,0,0,0,0,0,,0,0,Auckland Region,Nil,2-way,Sealed,0,0,0,0,30,0,Off,0,0,,76,Auckland,Nil,0,0,0,0,0,0,Urban,1,1,0,Fine,Null
1753800.747,5918235.4107,808459,,515003,1,,0,1,,North,2025/2026,ST LUKES ROAD ON RAMP,ST LUKES ROAD,,Non-Injury Crash,No,2025,,North,,0,,Flat,,,,,,Bright sun,390502,0,0,0,1,,,0,,,,,,Auckland Region,Motorway ramp,1-way,Sealed,,0,0,,50,,Off,0,0,,76,Auckland,Nil,,,,,0,0,Urban,0,,,Fine,Null
1765957.0993,5907800.5054,808466,,522301,0,,0,1,,North,2023/2024,SOUTHERN MOTORWAY,EAST TAMAKI ROAD ON RAMP,,Minor Crash,Yes,2023,,North,,0,,Flat,,,,,,Twilight,666700,1,0,1,3,,,0,,,,,,Auckland Region,Nil,1-way,Sealed,,0,0,,100,,On,0,0,,76,Auckland,Nil,,,,,0,0,Open,0,,,Heavy rain,Strong wind
1763594.3123,5907479.0222,808468,,524301,0,0,0,1,0,West,2024/2025,GRAY AVENUE,ORAKAU ROAD,,Non-Injury Crash,No,2025,0,South,0,0,0,Flat,0,,0,,0,Dark,748100,0,0,0,2,0,0,0,0,0,,0,1,Auckland Region,Speed hump,2-way,Sealed,0,0,0,0,50,0,On,0,0,30,76,Auckland,Nil,0,0,0,0,0,0,Urban,0,0,0,Fine,Null
1765347.184,5909243.6713,808476,,523402,0,0,0,0,0,South,2025/2026,SOUTHERN MOTORWAY,TAMAKI RIV BR,,Non-Injury Crash,Yes,2025,0,South,0,0,0,Flat,0,,0,,0,Bright sun,696900,0,0,0,4,0,0,0,0,0,,0,0,Auckland Region,Motorway ramp,1-way,Sealed,0,0,0,0,100,0,Off,1,0,,76,Auckland,Nil,0,0,0,0,0,0,Open,1,1,0,Fine,Null
1768668.3379,5903011.9124,808491,,523820,0,,0,1,,South,2025/2026,SOUTHERN MOTORWAY,SOUTH-WESTERN MOTORWAY,,Non-Injury Crash,Yes,2025,,South,,0,,Hill Road,,Labour Weekend,,,,Overcast,760121,0,0,0,4,,,0,,,,,,Auckland Region,Nil,1-way,Sealed,,0,0,,100,,Off,0,0,,76,Auckland,Nil,,,,,0,0,Open,1,,,Fine,Null
1758262.9698,5927101.8715,808492,,508010,0,,0,1,,West,2025/2026,THE STRAND,GIBBONS ROAD,,Non-Injury Crash,No,2025,,West,,0,,Hill Road,,,,,,Overcast,324300,0,0,0,2,,,0,,,,,,Auckland Region,Nil,2-way,Sealed,,0,0,,50,,Off,2,0,,76,Auckland,Nil,,,,,0,0,Urban,0,,,Light rain,Null
1742148.4562,5930543.5562,808499,,505603,0,,0,1,,Null,2025/2026,ALEXANDRA STREET,GREAT NORTH ROAD,,Serious Crash,No,2025,,East,,0,,Flat,,,,,,Bright sun,213604,0,0,0,2,,,0,,,,,,Auckland Region,Nil,2-way,Sealed,,0,1,,50,,Off,0,0,,76,Auckland,Nil,,,,,0,1,Urban,0,,,Fine,Null
1759056.6134,5911803.2365,808507,,519820,0,,0,2,,Null,2025/2026,ONEHUNGA MALL,NEILSON STREET,,Non-Injury Crash,No,2025,,South,,0,,Flat,,,,,,Bright sun,602300,0,0,0,8,,,0,,,,,,Auckland Region,Nil,2-way,Sealed,,0,0,,50,,Off,0,0,,76,Auckland,Traffic Signals,,,,,0,0,Urban,1,,,Fine,Null
1764464.3583,5913003.9925,808514,,520500,0,,0,1,,North,2023/2024,CARBINE ROAD,SOUTH-EASTERN HIGHWAY,,Non-Injury Crash,No,2023,,North,,0,,Flat,,,,,,Dark,639100,0,0,0,4,,,0,,,,,,Auckland Region,Nil,2-way,Sealed,,0,0,,50,,On,1,0,,76,Auckland,Nil,,,,,0,0,Urban,0,,,Fine,Null
1756416.2458,5927219.0002,808515,,507900,0,,0,2,,Null,2025/2026,NORTHCOTE ROAD,NORTHCOTE ROAD OFF RAMP,,Non-Injury Crash,No,2026,,East,,0,,Null,,,,,,Bright sun,305202,0,0,0,3,,,0,,,,,,Auckland Region,Nil,1-way,Sealed,,0,0,,50,,Null,0,0,,76,Auckland,Traffic Signals,,,,,0,0,Urban,0,,,Fine,Null
1755672.3844,5928393.4541,808537,,507900,0,,0,1,,South,2023/2024,WAIRAU ROAD,ARCHERS ROAD,,Minor Crash,No,2024,,South,,0,,Flat,,,,,,Bright sun,305100,1,0,0,4,,,0,,,1,,,Auckland Region,Nil,2-way,Sealed,,0,0,,50,,Off,0,0,,76,Auckland,Nil,,,,,0,0,Urban,0,,,Fine,Null
1757812.4061,5916432.3576,808544,,515801,0,0,0,1,0,North,2023/2024,GILLIES AVENUE,WOODHALL ROAD,,Non-Injury Crash,No,2024,0,South,0,0,0,Flat,0,,0,,0,Bright sun,445300,0,0,0,2,0,0,0,0,1,,0,0,Auckland Region,Nil,2-way,Sealed,0,0,0,0,50,0,Off,0,0,,76,Auckland,Nil,0,0,0,0,0,0,Urban,1,0,0,Fine,Null
1757919.7976,5918057.4495,808560,,515700,0,,0,1,,South,2022/2023,SOUTHERN MOTORWAY,MAUNGAWHAU OBR,,Non-Injury Crash,Yes,2023,,North,,0,,Flat,,,,,,Twilight,443700,0,0,0,4,,,0,,,,,,Auckland Region,Motorway ramp,1-way,Sealed,,0,0,,80,,On,1,0,,76,Auckland,Nil,,,,,0,0,Open,0,,,Fine,Null
1767355.0513,5906929.1641,808561,,523602,0,,0,2,,West,2025/2026,BAIRDS ROAD,BAIRDS ROAD,,Non-Injury Crash,No,2025,,South,,0,,Flat,,,,,,Dark,708200,0,0,0,2,,,0,,,,,,Auckland Region,Nil,2-way,Sealed,,0,0,,50,,On,0,0,,76,Auckland,Nil,,,,,0,0,Urban,0,,,Fine,Null
1757572.2436,5909963.4789,808568,,524001,1,,0,0,,West,2023/2024,MUIR AVENUE,SEAFORTH AVENUE,,Minor Crash,No,2023,,West,,0,,Flat,,,,,,Bright sun,720600,1,0,0,2,,,0,,,,,,Auckland Region,Nil,2-way,Sealed,,0,0,,50,,None,0,0,,76,Auckland,Nil,,,,,0,0,Urban,0,,,Fine,Null
1765049.9317,5915066.5163,808575,,520301,0,0,0,1,0,Null,2023/2024,JELLICOE ROAD,GREEN ROAD,,Non-Injury Crash,No,2023,0,North,0,0,0,Flat,0,,0,,0,Bright sun,628100,0,0,0,2,0,0,0,0,0,,0,1,Auckland Region,Nil,2-way,Sealed,0,0,0,0,50,0,Off,0,0,,76,Auckland,Give way,0,0,0,0,0,0,Urban,0,0,0,Fine,Null
1754698.5725,5927556.3017,808577,,508620,0,0,0,1,0,Null,2025/2026,"ARCHERS ROAD, GLENFIELD, AUCKLAND 0627",CHARTWELL AVENUE,,Minor Crash,No,2025,0,South,0,0,0,Flat,0,,0,,0,Dark,202801,1,0,0,2,0,0,0,0,0,,0,1,Auckland Region,Nil,2-way,Sealed,0,0,0,0,50,0,On,0,0,,76,Auckland,Give way,0,0,0,0,0,0,Urban,0,0,0,Light rain,Null
1767494.4247,5913473.4042,808601,,522820,0,,0,2,,West,2025/2026,PAKURANGA ROAD,GREENHILL CRESCENT,,Non-Injury Crash,No,2025,,West,,0,,Hill Road,,,,,,Overcast,695002,0,0,0,6,,,0,,,,,,Auckland Region,Nil,2-way,Sealed,,0,0,,60,,Off,0,0,,76,Auckland,Nil,,,,,0,0,Urban,0,,,Fine,Null
1744912.7993,5916182.7938,808609,,510800,0,0,0,2,0,East,2025/2026,HENDERSON VALLEY ROAD,GARELJA ROAD,,Non-Injury Crash,No,2025,0,North,0,0,0,Flat,0,,0,,0,Overcast,242501,0,0,0,2,0,0,0,0,1,,0,0,Auckland Region,Nil,2-way,Sealed,0,0,0,0,50,0,Off,0,0,,76,Auckland,Nil,0,0,0,0,0,0,Urban,0,0,0,Light rain,Null
1747899.3382,5926359.5182,808616,,513431,0,,0,2,,Null,2025/2026,SQUADRON DRIVE,CLARK ROAD,,Non-Injury Crash,No,2025,,South,,0,,Flat,,,,,,Bright sun,222200,0,0,0,2,,,0,,,,,,Auckland Region,Nil,2-way,Sealed,,0,0,,50,,Off,0,0,,76,Auckland,Stop,,,,,0,0,Urban,1,,,Fine,Null
1767384.7031,5900803.0002,808624,,524720,0,0,0,3,0,Null,2025/2026,WORDSWORTH ROAD,WINSFORD STREET,,Non-Injury Crash,No,2025,0,North,0,0,1,Flat,0,Christmas New Year,0,,0,Dark,777000,0,0,0,2,0,0,0,0,1,,0,0,Auckland Region,Nil,2-way,Sealed,0,0,0,0,50,0,On,0,0,,76,Auckland,Give way,0,0,0,0,0,0,Urban,0,0,0,Fine,Null
1768204.4266,5912552.2754,808625,,523000,0,0,0,1,0,South,2025/2026,GOSSAMER DRIVE,BLYTON LANE,,Non-Injury Crash,No,2025,0,North,0,0,0,Null,0,,0,,0,Dark,689100,0,0,0,2,0,0,0,0,1,,0,0,Auckland Region,Nil,2-way,Sealed,0,0,0,0,50,0,Null,0,0,,76,Auckland,Nil,0,0,0,0,0,1,Urban,0,0,0,Fine,Null
1755554.171,5918289.3532,808631,,515500,0,,0,2,,South,2022/2023,NORTH-WESTERN MOTORWAY,NEWTON ROAD OFF RAMP,,Non-Injury Crash,Yes,2023,,East,,0,,Flat,,,,,,Bright sun,419300,0,0,0,4,,,0,,,,,,Auckland Region,Nil,1-way,Sealed,,0,0,,80,,Off,0,0,,76,Auckland,Nil,,,,,0,0,Open,0,,,Fine,Null