X,Y,OBJECTID,advisorySpeed,areaUnitID,bicycle,bridge,bus,carStationWagon,cliffBank,crashDirectionDescription,crashFinancialYear,crashLocation1,crashLocation2,crashRoadSideRoad,crashSeverity,crashSHDescription,crashYear,debris,directionRoleDescription,ditch,fatalCount,fence,flatHill,guardRail,holiday,houseOrBuilding,intersection,kerb,light,meshblockId,minorInjuryCount,moped,motorcycle,NumberOfLanes,objectThrownOrDropped,otherObject,otherVehicleType,overBank,parkedVehicle,pedestrian,phoneBoxEtc,postOrPole,region,roadCharacter,roadLane,roadSurface,roadworks,schoolBus,seriousInjuryCount,slipOrFlood,speedLimit,strayAnimal,streetLight,suv,taxi,temporarySpeedLimit,tlaId,tlaName,trafficControl,trafficIsland,trafficSign,train,tree,truck,unknownVehicleType,urban,vanOrUtility,vehicle,waterRiver,weatherA,weatherB
1752674.6788,5918055.4167,808640,,515003,0,0,0,1,0,West,2025/2026,GREAT NORTH ROAD OFF RAMP,NORTH-WESTERN MOTORWAY,,Minor Crash,No,2025,0,West,0,0,0,Flat,1,,0,,0,Dark,390600,1,0,0,3,0,0,0,0,0,,0,0,Auckland Region,Motorway ramp,1-way,Sealed,0,0,0,0,100,0,On,0,0,,76,Auckland,Nil,0,0,0,0,0,0,Open,0,0,0,Fine,Null
1760695.3476,5912357.3582,808647,,520000,0,,0,1,,Null,2022/2023,CHURCH STREET,PATRICK STREET,,Non-Injury Crash,No,2023,,West,,0,,Flat,,,,,,Overcast,607601,0,0,0,2,,,0,,,,,,Auckland Region,Nil,2-way,Sealed,,0,0,,50,,Off,0,0,,76,Auckland,Stop,,,,,0,0,Urban,1,,,Light rain,Null
1754882.8688,5919838.9362,808655,,515301,0,0,0,2,0,Null,2022/2023,RICHMOND ROAD,FARRAR STREET,,Non-Injury Crash,No,2023,0,West,0,0,0,Hill Road,0,,0,,0,Twilight,428500,0,0,0,2,0,0,0,0,1,,0,0,Auckland Region,Nil,2-way,Sealed,0,0,0,0,50,0,On,0,0,,76,Auckland,Nil,0,0,0,0,0,0,Urban,1,0,0,Fine,Null
1747222.8254,5920587.7037,808664,,512300,0,0,0,1,1,Null,2025/2026,TE ATATU ROAD,GLORIA AVENUE,,Minor Crash,No,2025,0,South,0,0,0,Flat,0,,0,,1,Twilight,252000,1,0,0,2,0,0,0,0,0,,0,0,Auckland Region,Nil,1-way,Sealed,0,0,0,0,50,0,On,0,0,,76,Auckland,Give way,0,0,0,0,0,0,Urban,0,0,0,Fine,Null
1769321.1042,5905158.1561,808665,,523722,0,,0,3,,Null,2025/2026,ASPIRING AVENUE,HILLTOP ROAD,,Non-Injury Crash,No,2025,,East,,0,,Null,,,,,,Dark,716101,0,0,0,2,,,0,,,,,,Auckland Region,Nil,2-way,Sealed,,0,0,,50,,On,0,0,,76,Auckland,Give way,,,,,0,0,Urban,0,,,Fine,Null
1765973.8159,5898269.3719,808688,,524812,0,0,0,1,0,East,2025/2026,ESTUARY ROAD,EVANS ROAD,,Minor Crash,No,2025,0,West,0,0,1,Flat,0,,0,,0,Bright sun,773200,1,0,0,2,0,0,0,0,0,,0,0,Auckland Region,Nil,2-way,Sealed,0,0,0,0,30,0,Off,0,0,,76,Auckland,Nil,0,0,0,0,0,0,Urban,0,0,0,Fine,Null
1744052.786,5919619.457,808705,,513301,0,,0,2,,Null,2025/2026,UNIVERSAL DRIVE,ZODIAC STREET,,Minor Crash,No,2026,,West,,0,,Flat,,,,,,Overcast,233900,1,0,0,2,,,0,,,,,,Auckland Region,Nil,2-way,Sealed,,0,0,,50,,Off,0,0,,76,Auckland,Give way,,,,,0,0,Urban,0,,,Fine,Null
1761354.1989,5914255.9975,808712,,520202,0,,0,2,,Null,2025/2026,ELLERSLIE-PANMURE HIGHWAY,ELLERSLIE-PANMURE HWY ON RAMP,,Non-Injury Crash,No,2026,,North,,0,,Flat,,,,,,Overcast,612100,0,0,0,2,,,0,,,,,,Auckland Region,Nil,1-way,Sealed,,0,0,,50,,Off,0,0,,76,Auckland,Give way,,,,,0,0,Urban,0,,,Fine,Null
1752174.6069,5914093.1547,808713,,514500,0,,0,3,,Null,2025/2026,WHITNEY STREET,PETER BUCK ROAD,,Non-Injury Crash,No,2025,,South,,0,,Hill Road,,,,,,Bright sun,374900,0,0,0,4,,,0,,,,,,Auckland Region,Nil,2-way,Sealed,,0,0,,50,,Off,0,0,,76,Auckland,Nil,,,,,0,0,Urban,0,,,Light rain,Null
1767761.8648,5906159.7273,808721,,523711,0,,0,1,,Null,2025/2026,FLAT BUSH ROAD,PRESTON ROAD,,Non-Injury Crash,No,2025,,West,,0,,Flat,,Christmas New Year,,,,Dark,715000,0,0,0,2,,,0,,,,,,Auckland Region,Nil,2-way,Sealed,,0,0,,50,,On,0,0,,76,Auckland,Traffic Signals,,,,,0,0,Urban,0,,,Fine,Null
1765658.4712,5906841.705,808745,,522301,0,,0,2,,South,2025/2026,GREAT SOUTH ROAD,CHARLES STREET,,Non-Injury Crash,No,2025,,North,,0,,Flat,,,,,,Bright sun,666900,0,0,0,4,,,0,,,,,,Auckland Region,Nil,2-way,Sealed,,0,0,,50,,Off,0,1,,76,Auckland,Nil,,,,,1,0,Urban,0,,,Fine,Null
1738565.9603,5930332.7349,808752,,505604,0,0,0,1,0,Null,2025/2026,BALTHAZAR ROAD,MONTRACHET LANE,,Non-Injury Crash,No,2025,0,North,0,0,0,Flat,0,,0,,0,Bright sun,213800,0,0,0,2,0,0,0,0,1,,0,0,Auckland Region,Nil,2-way,Sealed,0,0,0,0,50,0,Null,1,0,,76,Auckland,Nil,0,0,0,0,0,0,Urban,0,0,0,Null,Null
1758958.0146,5904659.1519,808760,,524200,0,,0,2,,Null,2025/2026,GEORGE BOLT MEMORIAL DRIVE,VERISSIMO DRIVE,,Non-Injury Crash,No,2025,,South,,0,,Flat,,,,,,Bright sun,727800,0,0,0,3,,,0,,,,,,Auckland Region,Nil,1-way,Sealed,,0,0,,60,,Off,0,0,,76,Auckland,Traffic Signals,,,,,0,0,Urban,0,,,Fine,Null
1766803.376,5912780.8145,808775,,522910,0,,0,2,,North,2025/2026,TI RAKAU DRIVE,WILLIAM ROBERTS ROAD,,Non-Injury Crash,No,2025,,South,,0,,Flat,,,,,,Bright sun,684000,0,0,0,3,,,0,,,,,,Auckland Region,Nil,1-way,Sealed,,0,0,,50,,Off,0,0,,76,Auckland,Nil,,,,,0,0,Urban,0,,,Fine,Null
1752275.4982,5934600.3864,808781,,508701,0,,0,1,,Null,2023/2024,MILLS LANE,OTEHA VALLEY ROAD,,Minor Crash,No,2023,,West,,0,,Flat,,,,,,Dark,178501,1,0,0,2,,,0,,,1,,,Auckland Region,Nil,2-way,Sealed,,0,0,,50,,On,0,0,,76,Auckland,Give way,,,,,0,0,Urban,0,,,Heavy rain,Strong wind
1755776.5316,5928210.7456,808783,,507900,0,,0,2,,Null,2025/2026,WAIRAU ROAD,PORANA ROAD,,Non-Injury Crash,No,2025,,South,,0,,Null,,,,,,Bright sun,305201,0,0,0,5,,,0,,,,,,Auckland Region,Nil,2-way,Sealed,,0,0,,50,,Null,0,0,,76,Auckland,Traffic Signals,,,,,0,0,Urban,0,,,Fine,Null
1757938.6596,5918030.3565,808790,,515700,0,,0,3,,North,2024/2025,SOUTHERN MOTORWAY,GILLIES AVENUE ON RAMP,,Non-Injury Crash,Yes,2025,,North,,0,,Flat,,,,,,Dark,443700,0,0,0,5,,,0,,,,,,Auckland Region,Nil,1-way,Sealed,,0,0,,80,,On,0,0,,76,Auckland,Nil,,,,,0,0,Open,0,,,Fine,Null
1766675.1844,5904845.8883,808791,,524603,0,,0,1,,North,2025/2026,LAMBIE DRIVE,CAVENDISH DRIVE,,Serious Crash,No,2025,,North,,0,,Flat,,,,,,Bright sun,780205,0,1,0,2,,,0,,,,,,Auckland Region,Nil,1-way,Sealed,,0,1,,50,,Off,0,0,,76,Auckland,Nil,,,,,0,0,Urban,0,,,Fine,Null
1744318.8103,5922546.2652,808805,,513512,0,0,0,0,0,Null,2023/2024,MAKORA ROAD,ROYAL ROAD,,Minor Crash,No,2024,0,North,0,0,1,Hill Road,0,,0,,0,Bright sun,225501,1,0,0,2,0,0,0,0,0,,0,0,Auckland Region,Nil,2-way,Sealed,0,0,0,0,50,0,Off,1,0,,76,Auckland,Traffic Signals,0,1,0,0,0,0,Urban,0,0,0,Fine,Null
1758572.185,5888419.6421,808814,,521122,0,0,0,1,1,West,2025/2026,MCKENZIE ROAD,KINGSEAT ROAD,,Minor Crash,No,2025,0,West,0,0,0,Flat,0,,0,,0,Dark,810800,1,0,0,2,0,0,0,0,0,,0,0,Auckland Region,Nil,2-way,Sealed,0,0,0,0,80,0,None,0,0,,76,Auckland,Nil,0,0,0,0,0,0,Open,0,0,0,Fine,Null
1756108.0669,5923783.4157,808822,,509800,0,,0,2,,South,2025/2026,NORTHERN MOTORWAY,WEIGH BRIDGE,,Non-Injury Crash,Yes,2025,,South,,0,,Flat,,,,,,Dark,358800,0,0,0,4,,,0,,,,,,Auckland Region,Nil,1-way,Sealed,,0,0,,80,,On,0,0,,76,Auckland,Nil,,,,,0,0,Open,0,,,Fine,Strong wind
1756990.0761,5916616.9258,808830,,518202,0,,0,1,,Null,2025/2026,MOUNT EDEN ROAD,GRANGE ROAD,,Minor Crash,No,2025,,North,,0,,Flat,,,,,,Overcast,550100,1,0,1,2,,,0,,,,,,Auckland Region,Nil,2-way,Sealed,,0,0,,50,,Off,0,0,,76,Auckland,Nil,,,,,0,0,Urban,0,,,Fine,Null
1765203.4208,5906976.968,808837,,522201,0,0,0,1,0,West,2024/2025,SHIRLEY ROAD,SHIRLEY ROAD,,Non-Injury Crash,No,2025,0,West,0,0,1,Flat,0,,0,,0,Overcast,662200,0,0,0,2,0,1,0,0,1,,0,0,Auckland Region,Nil,2-way,Sealed,0,0,0,0,50,0,Off,0,0,,76,Auckland,Nil,0,0,0,0,0,0,Urban,1,0,0,Light rain,Null
1769423.0812,5914587.0027,808838,,522723,0,,0,1,,West,2025/2026,PAKURANGA ROAD,PIGEON MOUNTAIN ROAD,,Minor Crash,No,2025,,East,,0,,Null,,,,,,Unknown,681304,1,0,0,6,,,0,,,,,,Auckland Region,Nil,2-way,Sealed,,0,0,,50,,Null,0,0,,76,Auckland,Nil,,,,,0,1,Urban,0,,,Null,Null
1756918.1238,5876192.3301,808845,,521152,0,0,0,1,0,South,2024/2025,WAIUKU ROAD,BALD HILL ROAD,,Non-Injury Crash,No,2025,0,East,0,0,1,Hill Road,0,,0,,0,Dark,832900,0,0,0,2,0,0,0,0,0,,0,0,Auckland Region,Nil,2-way,Sealed,0,0,0,0,80,0,None,0,0,,76,Auckland,Nil,0,0,0,1,0,0,Open,0,0,0,Fine,Null
1760850.9528,5947594.5173,808852,,505904,0,0,0,2,0,East,2022/2023,WHANGAPARAOA ROAD,MOTUKETEKETE AVENUE,,Minor Crash,No,2023,0,West,0,0,0,Flat,0,Queens Birthday,0,,0,Dark,175006,1,0,0,2,0,0,0,0,1,,0,0,Auckland Region,Nil,2-way,Sealed,0,0,0,0,50,0,On,0,0,,76,Auckland,Unknown,0,0,0,0,0,0,Urban,0,0,0,Fine,Null
1745225.7564,5919070.9173,808853,,513302,0,,0,1,,North,2025/2026,LINCOLN ROAD,MOSELLE AVENUE,,Non-Injury Crash,No,2025,,West,,0,,Flat,,,,,,Dark,232205,0,0,0,4,,,0,,,2,,,Auckland Region,Nil,2-way,Sealed,,0,0,,50,,On,0,0,,76,Auckland,Nil,,,,,0,0,Urban,0,,,Fine,Null
1782493.6175,5925837.1696,808860,,520801,0,,0,1,,East,2022/2023,BELGIUM STREET,WHARF ROAD,,Minor Crash,No,2023,,North,,0,,Flat,,,,,,Overcast,515314,1,0,0,2,,,0,,,1,,,Auckland Region,Nil,2-way,Sealed,,0,0,,50,,Off,0,0,,76,Auckland,Nil,,,,,0,0,Urban,0,,,Fine,Null
1763600.4577,5908798.2251,808868,,521901,0,,0,1,,West,2024/2025,MANGERE ROAD,GOLF AVENUE,,Non-Injury Crash,No,2025,,West,,0,,Flat,,,,,,Bright sun,783600,0,0,0,4,,,0,,,1,,,Auckland Region,Nil,2-way,Sealed,,0,0,,50,,None,0,0,,76,Auckland,Nil,,,,,0,0,Urban,0,,,Fine,Null
1764981.6461,5904660.1406,808869,,522100,0,0,0,1,0,West,2025/2026,PUHINUI ROAD,KENDERDINE ROAD,,Fatal Crash,No,2026,0,East,0,1,0,Flat,0,Christmas New Year,0,,0,Dark,659400,0,0,0,2,0,0,0,0,0,,0,0,Auckland Region,Nil,2-way,Sealed,0,0,0,0,50,0,On,0,0,,76,Auckland,Nil,0,0,0,1,0,0,Urban,0,0,0,Fine,Null
1756122.7981,5923851.6773,808875,,509800,0,,0,2,,South,2023/2024,NORTHERN MOTORWAY,WEIGH BRIDGE,,Non-Injury Crash,Yes,2023,,South,,0,,Flat,,,,,,Overcast,358800,0,0,0,3,,,0,,,,,,Auckland Region,Nil,1-way,Sealed,,0,0,,80,,Off,0,0,,76,Auckland,Nil,,,,,0,0,Open,0,,,Fine,Null
1756598.6982,5912780.4851,808882,,518701,0,,0,2,,Null,2023/2024,HILLSBOROUGH ROAD,HILLSBOROUGH ROAD ON RAMP,,Non-Injury Crash,No,2023,,North,,0,,Flat,,,,,,Overcast,572100,0,0,0,3,,,0,,,,,,Auckland Region,Overpass,1-way,Sealed,,0,0,,50,,Off,0,0,,76,Auckland,Traffic Signals,,,,,0,0,Urban,0,,,Fine,Strong wind
1753975.6354,5934782.133,808883,,508704,0,,0,2,,Null,2025/2026,EAST COAST ROAD,PONDEROSA DRIVE,,Non-Injury Crash,No,2025,,North,,0,,Flat,,,,,,Overcast,179133,0,0,0,2,,,0,,,,,,Auckland Region,Nil,2-way,Sealed,,0,0,,50,,Off,0,0,,76,Auckland,Traffic Signals,,,,,0,0,Urban,0,,,Fine,Null
1744279.3406,5923048.4834,808890,,513511,0,,0,2,,North,2023/2024,NORTH-WESTERN MOTORWAY,ROYAL OBR,,Non-Injury Crash,Yes,2023,,North,,0,,Hill Road,,Christmas New Year,,,,Overcast,224303,0,0,0,3,,,0,,,,,,Auckland Region,Nil,1-way,Sealed,,0,0,,100,,Off,0,0,,76,Auckland,Nil,,,,,0,0,Open,0,,,Heavy rain,Null
1760165.6062,5916014.05,808898,,516002,0,,0,2,,North,2025/2026,CLONBERN ROAD,GREEN LANE EAST,,Non-Injury Crash,Unknown,2026,,South,,0,,Flat,,,,,,Bright sun,493000,0,0,0,1,,,0,,,,,,Auckland Region,Nil,1-way,Sealed,,0,0,,50,,Null,0,0,,76,Auckland,Nil,,,,,0,0,Urban,0,,,Fine,Null
1757483.7456,5926846.4007,808913,,507900,0,,0,2,,South,2023/2024,BARRYS POINT ROAD,GREYDENE PLACE,,Non-Injury Crash,No,2023,,South,,0,,Flat,,,,,,Dark,304200,0,0,0,2,,,0,,,,,,Auckland Region,Nil,2-way,Sealed,,0,0,,50,,On,0,0,,76,Auckland,Give way,,,,,0,0,Urban,0,,,Light rain,Null
1763914.9918,5914457.8225,808920,,520303,0,0,0,2,0,South,2023/2024,BERTRAND ROAD,MALONE ROAD,,Non-Injury Crash,No,2023,0,North,0,0,0,Hill Road,0,,0,,0,Dark,627101,0,0,0,2,0,0,0,0,1,,0,0,Auckland Region,Nil,2-way,Sealed,0,0,0,0,50,0,None,0,0,,76,Auckland,Nil,0,0,0,0,0,0,Urban,0,0,0,Fine,Null
1758922.8833,5913335.9237,808929,,519720,0,,0,2,,Null,2025/2026,ONEHUNGA MALL,BROOKFIELD AVENUE,,Non-Injury Crash,No,2025,,South,,0,,Null,,,,,,Dark,593600,0,0,0,2,,,0,,,,,,Auckland Region,Nil,2-way,Sealed,,0,0,,50,,Null,0,0,,76,Auckland,Give way,,,,,0,0,Urban,0,,,Fine,Null
1769193.1395,5905172.2227,808935,,523712,0,,0,2,,Null,2023/2024,MATTHEWS ROAD,ASPIRING AVENUE,,Minor Crash,No,2024,,South,,0,,Flat,,,,,,Dark,716206,1,0,0,2,,,0,,,,,,Auckland Region,Nil,2-way,Sealed,,0,0,,50,,On,0,0,,76,Auckland,Give way,,,,,0,0,Urban,0,,,Fine,Null
1766501.1101,5907266.0956,808942,,522302,0,0,0,1,0,South,2024/2025,SOUTHERN MOTORWAY,EAST TAMAKI OBR,,Minor Crash,Yes,2024,0,North,0,0,0,Flat,0,,0,,0,Dark,668000,2,0,0,3,0,0,0,0,0,,0,0,Auckland Region,Nil,1-way,Sealed,0,0,0,0,100,0,On,0,0,,76,Auckland,Nil,0,0,0,1,0,0,Open,0,0,0,Fine,Null
1746540.3419,5916506.7247,808950,,510700,0,,0,2,,Null,2022/2023,TE ATATU ROAD,GREAT NORTH ROAD,,Non-Injury Crash,No,2023,,South,,0,,Flat,,,,,,Bright sun,241000,0,0,0,2,,,0,,,,,,Auckland Region,Nil,2-way,Sealed,,0,0,,50,,Off,0,0,,76,Auckland,Give way,,,,,0,0,Urban,0,,,Fine,Null
1755771.5208,5911932.4933,808958,,519002,0,0,0,1,0,Null,2025/2026,RICHARDSON ROAD,OAKDALE ROAD,,Non-Injury Crash,No,2025,0,East,0,0,0,Flat,0,,0,,0,Dark,591302,0,0,0,2,0,0,0,0,0,,0,0,Auckland Region,Nil,2-way,Sealed,0,0,0,0,50,0,On,0,0,,76,Auckland,Give way,1,0,0,0,0,0,Urban,0,0,0,Fine,Null
1768645.1275,5906072.1461,808974,,523721,0,,0,0,,Null,2025/2026,DAWSON ROAD,OTHELLO DRIVE,,Minor Crash,No,2025,,Null,,0,,Flat,,,,,,Bright sun,715616,1,0,0,2,,,0,,,1,,,Auckland Region,Nil,2-way,Sealed,,0,0,,50,,Off,0,0,,76,Auckland,Stop,,,,,0,0,Urban,0,,,Fine,Null
1758701.7128,5946282.73,808988,,505904,0,0,0,1,0,North,2022/2023,WHANGAPARAOA ROAD,ROBERTS ROAD,,Non-Injury Crash,No,2023,0,South,0,0,0,Flat,0,,0,,1,Overcast,174904,0,0,0,2,0,0,0,0,0,1,0,0,Auckland Region,Nil,2-way,Sealed,0,0,0,0,50,0,Off,0,0,,76,Auckland,Nil,0,0,0,1,0,0,Urban,0,0,0,Light rain,Null
1772101.7687,5898012.3471,808990,,523912,0,,0,2,,Null,2025/2026,PORCHESTER ROAD,WALTERS ROAD,,Non-Injury Crash,No,2025,,North,,0,,Flat,,Christmas New Year,,,,Dark,766302,0,0,0,2,,,0,,,,,,Auckland Region,Nil,2-way,Sealed,,0,0,,50,,Null,0,0,,76,Auckland,Give way,,,,,0,0,Urban,0,,,Fine,Null
1751122.6424,5915888.3469,808997,,514401,0,0,0,2,0,Null,2025/2026,VICTOR STREET,PLANE STREET,,Non-Injury Crash,No,2025,0,West,0,0,0,Flat,0,,0,,0,Twilight,383400,0,0,0,2,0,0,0,0,1,,0,0,Auckland Region,Nil,2-way,Sealed,0,0,0,0,30,0,On,0,0,,76,Auckland,Nil,0,0,0,0,0,0,Urban,0,0,0,Fine,Null
1764525.2215,5912073.1956,809014,,520500,0,,0,3,,South,2025/2026,SOUTHERN MOTORWAY,MOUNT WELLINGTON HWY OFF RAMP,,Non-Injury Crash,Yes,2026,,North,,0,,Flat,,,,,,Overcast,639500,0,0,0,3,,,0,,,,,,Auckland Region,Nil,1-way,Sealed,,0,0,,100,,Off,0,0,,76,Auckland,Nil,,,,,0,0,Open,0,,,Heavy rain,Strong wind
1754067.4467,5924488.6079,809020,,510500,0,,0,1,,North,2023/2024,HINEMOA STREET,ENTERPRISE STREET,,Serious Crash,No,2023,,North,,0,,Hill Road,,,,,,Dark,357500,0,0,0,2,,,0,,,1,,,Auckland Region,Nil,2-way,Sealed,,0,1,,50,,On,0,0,,76,Auckland,Nil,,,,,0,0,Urban,0,,,Fine,Null
1752069.7619,5930911.5035,809021,,508807,0,,0,2,,East,2025/2026,BUSH ROAD,BEATRICE TINSLEY CRESCENT,,Minor Crash,No,2025,,West,,0,,Hill Road,,,,,,Bright sun,180809,1,0,0,2,,,0,,,,,,Auckland Region,Nil,2-way,Sealed,,0,0,,50,,Off,0,0,,76,Auckland,Nil,,,,,0,0,Urban,0,,,Fine,Null
1745307.1208,5919773.9532,809028,,513301,0,,0,2,,Null,2022/2023,LINCOLN ROAD,UNIVERSAL DRIVE,,Non-Injury Crash,No,2023,,East,,0,,Flat,,,,,,Overcast,230401,0,0,0,4,,,0,,,,,,Auckland Region,Nil,2-way,Sealed,,0,0,,50,,On,0,0,,76,Auckland,Traffic Signals,,,,,0,0,Urban,0,,,Fine,Null
1754343.8713,5933932.9749,809045,,508804,0,,0,0,,East,2025/2026,EAST COAST ROAD,GREVILLE ROAD,,Non-Injury Crash,No,2025,,West,,0,,Flat,,,,,,Twilight,180711,0,0,0,2,,,0,,,,,,Auckland Region,Nil,2-way,Sealed,,0,0,,50,,On,1,0,,76,Auckland,Nil,,,,,0,0,Urban,1,,,Fine,Null
1756218.9616,5935480.8656,809046,,507101,0,,0,1,,South,2025/2026,BEACH FRONT LANE,BAYVIEW ROAD,,Non-Injury Crash,No,2025,,North,,0,,Flat,,,,,,Bright sun,160800,0,0,0,2,,,0,,,,,,Auckland Region,Nil,2-way,Sealed,,0,0,,30,,Off,1,0,,76,Auckland,Nil,,,,,0,0,Urban,0,,,Fine,Null
1763953.716,5920380.3035,809052,,516500,1,,0,1,,North,2023/2024,TAMAKI DRIVE,KOHIMARAMA ROAD,,Minor Crash,No,2024,,North,,0,,Flat,,,,,,Bright sun,501102,1,0,0,2,,,0,,,,,,Auckland Region,Nil,2-way,Sealed,,0,0,,50,,Off,0,0,,76,Auckland,Nil,,,,,0,0,Urban,0,,,Fine,Null
1767971.8004,5907050.0286,809054,,523711,0,0,0,2,0,North,2025/2026,PRESTON ROAD,FERGUSON ROAD,,Non-Injury Crash,No,2026,0,South,0,0,0,Flat,0,,0,,0,Dark,714100,0,0,0,2,0,0,0,0,1,,0,0,Auckland Region,Nil,2-way,Sealed,0,0,0,0,50,0,On,0,0,,76,Auckland,Nil,0,0,0,0,0,0,Urban,0,0,0,Fine,Null
1744689.2233,5924688.165,809067,,513431,0,,0,2,,North,2023/2024,TRIG ROAD,RYANS ROAD,,Minor Crash,No,2024,,South,,0,,Flat,,,,,,Bright sun,223902,1,0,0,2,,,0,,,,,,Auckland Region,Nil,2-way,Sealed,,0,0,,60,,Off,0,0,,76,Auckland,Nil,,,,,0,0,Urban,0,,,Fine,Null
1755301.8723,5913711.2444,809069,,518803,0,0,0,3,0,North,2025/2026,SOMERSET ROAD,DENBIGH AVENUE,,Non-Injury Crash,No,2025,0,North,0,0,0,Flat,0,,0,,0,Bright sun,581300,0,0,0,2,0,0,0,0,2,,0,0,Auckland Region,Nil,1-way,Sealed,0,0,0,0,50,0,Off,0,0,,76,Auckland,Nil,0,0,0,0,0,0,Urban,0,0,0,Fine,Null
1756166.2448,5924514.1255,809075,,509702,0,,0,2,,Null,2023/2024,ONEWA ROAD OFF RAMP,ONEWA ROAD OFF RAMP,,Non-Injury Crash,No,2023,,North,,0,,Flat,,,,,,Dark,366700,0,0,0,1,,,0,,,,,,Auckland Region,Motorway ramp,1-way,Sealed,,0,0,,50,,On,0,0,,76,Auckland,Traffic Signals,,,,,0,0,Urban,0,,,Heavy rain,Strong wind
1747140.9936,5919721.8466,809128,,512402,0,0,0,1,0,East,2022/2023,NORTH-WESTERN MOTORWAY,TE ATATU ROAD ON RAMP,,Non-Injury Crash,Yes,2023,0,West,0,0,0,Flat,1,,0,,0,Twilight,253600,0,0,0,3,0,0,0,0,0,,0,0,Auckland Region,Nil,1-way,Sealed,0,0,0,0,100,0,On,0,0,,76,Auckland,Nil,0,0,0,1,0,0,Open,0,0,0,Fine,Null
1753622.0391,5875286.5661,809136,,526104,0,,0,1,,North,2022/2023,GEORGE STREET,GLEBE PLACE,,Minor Crash,No,2023,,South,,0,,Flat,,,,,,Dark,835000,3,0,0,2,,,0,,,3,,,Auckland Region,Nil,2-way,Sealed,,0,0,,50,,On,0,0,,76,Auckland,Nil,,,,,0,0,Urban,0,,,Fine,Null
1745188.5943,5917212.2458,809152,,510800,0,,0,1,,North,2025/2026,HENDERSON VALLEY ROAD,ALBERT PRYOR AVENUE,,Non-Injury Crash,No,2025,,North,,0,,Flat,,,,,,Overcast,241500,0,0,0,2,,,0,,,2,,,Auckland Region,Nil,2-way,Sealed,,0,0,,50,,None,0,0,10,76,Auckland,Nil,,,,,0,0,Urban,1,,,Fine,Null
1774835.9734,5897385.4816,809153,,525610,0,0,0,1,0,Null,2025/2026,DOMINION ROAD,CLEVEDON ROAD,,Non-Injury Crash,No,2026,0,North,0,0,0,Flat,0,Christmas New Year,0,,0,Overcast,799400,0,0,0,2,0,0,0,0,0,,0,1,Auckland Region,Nil,2-way,Sealed,0,0,0,0,50,0,On,0,0,,76,Auckland,Give way,0,0,0,0,0,0,Urban,0,0,0,Fine,Null
1761933.1178,5913938.6433,809159,,520202,0,,0,2,,East,2023/2024,SOUTHERN MOTORWAY,ELLERSLIE-PANMURE HWY OFF RAMP,,Non-Injury Crash,Yes,2024,,North,,0,,Flat,,,,,,Bright sun,612400,0,0,0,4,,,0,,,,,,Auckland Region,Nil,1-way,Sealed,,0,0,,100,,Off,0,0,,76,Auckland,Nil,,,,,0,0,Open,0,,,Fine,Null
1766024.6711,5905546.8029,809161,,522202,0,0,0,1,0,Null,2025/2026,CARRUTH ROAD,ELIZABETH AVENUE,,Minor Crash,No,2026,0,East,0,0,0,Flat,0,,0,,0,Bright sun,665700,1,0,0,2,0,0,0,0,1,,0,0,Auckland Region,Nil,2-way,Sealed,0,0,0,0,50,0,Off,1,0,,76,Auckland,Stop,0,0,0,0,0,0,Urban,0,0,0,Fine,Null
1728363.5032,5966091.5481,809167,,506613,0,0,0,1,0,North,2024/2025,KAIPARA COAST HIGHWAY,OMAUMAU ROAD,,Minor Crash,Yes,2024,0,North,0,0,0,Flat,0,,0,,0,Overcast,146200,1,0,0,2,0,0,0,0,0,,0,0,Auckland Region,Nil,2-way,Sealed,0,0,0,0,100,0,Null,0,0,,76,Auckland,Nil,0,0,0,1,0,0,Open,0,0,0,Fine,Null
1751076.8897,5934596.6058,809174,,508701,0,,0,1,,Null,2022/2023,DAIRY FLAT HIGHWAY,THE AVENUE,,Non-Injury Crash,No,2023,,North,,0,,Flat,,,,,,Bright sun,178708,0,0,0,1,,,1,,,,,,Auckland Region,Nil,1-way,Sealed,,0,0,,50,,Off,0,0,,76,Auckland,Give way,,,,,0,0,Urban,0,,,Fine,Null
1767010.6261,5900756.0903,809191,,524720,0,0,0,0,0,North,2025/2026,AARTS AVENUE,CRAMPTON PLACE,,Non-Injury Crash,No,2025,0,East,0,0,0,Flat,0,,0,,0,Bright sun,775901,0,0,0,2,0,0,0,0,1,1,0,0,Auckland Region,Nil,2-way,Sealed,0,0,0,0,30,0,None,2,0,20,76,Auckland,Nil,0,0,0,0,0,0,Urban,1,0,0,Fine,Null
1792711.6457,5908543.2327,809199,,525202,0,,0,2,,West,2025/2026,CLEVEDON-KAWAKAWA ROAD,KAWAKAWA BAY COAST ROAD,,Non-Injury Crash,No,2025,,East,,0,,Flat,,Christmas New Year,,,,Bright sun,764902,0,0,0,2,,,0,,,,,,Auckland Region,Nil,2-way,Sealed,,0,0,,50,,None,0,0,,76,Auckland,Nil,,,,,0,0,Urban,0,,,Fine,Null
1760270.6317,5922319.1146,809221,,509400,0,0,0,2,0,North,2022/2023,VICTORIA ROAD,KING EDWARD PARADE,,Non-Injury Crash,No,2023,0,North,0,0,0,Flat,0,,0,,0,Bright sun,331200,0,0,0,2,0,0,0,0,1,,0,0,Auckland Region,Nil,2-way,Sealed,0,0,0,0,50,0,Off,0,0,,76,Auckland,Nil,0,0,0,0,0,0,Urban,0,0,0,Fine,Null