X,Y,OBJECTID,advisorySpeed,areaUnitID,bicycle,bridge,bus,carStationWagon,cliffBank,crashDirectionDescription,crashFinancialYear,crashLocation1,crashLocation2,crashRoadSideRoad,crashSeverity,crashSHDescription,crashYear,debris,directionRoleDescription,ditch,fatalCount,fence,flatHill,guardRail,holiday,houseOrBuilding,intersection,kerb,light,meshblockId,minorInjuryCount,moped,motorcycle,NumberOfLanes,objectThrownOrDropped,otherObject,otherVehicleType,overBank,parkedVehicle,pedestrian,phoneBoxEtc,postOrPole,region,roadCharacter,roadLane,roadSurface,roadworks,schoolBus,seriousInjuryCount,slipOrFlood,speedLimit,strayAnimal,streetLight,suv,taxi,temporarySpeedLimit,tlaId,tlaName,trafficControl,trafficIsland,trafficSign,train,tree,truck,unknownVehicleType,urban,vanOrUtility,vehicle,waterRiver,weatherA,weatherB
1756953.1959,5919371.039,809222,,514200,0,0,0,8,0,West,2024/2025,CROSS STREET,UPPER QUEEN STREET,,Non-Injury Crash,No,2025,0,West,0,0,0,Flat,0,,0,,0,Dark,412200,0,0,0,1,0,0,0,0,1,,0,0,Auckland Region,Nil,1-way,Sealed,0,0,0,0,30,0,On,0,0,,76,Auckland,Nil,0,0,0,0,0,0,Urban,0,0,0,Heavy rain,Null
1788072.7063,5883393.9248,809236,,521134,0,0,0,0,0,North,2022/2023,PAPARIMU ROAD,MATHESON ROAD,,Non-Injury Crash,No,2023,0,East,0,0,1,Hill Road,0,,0,,0,Dark,815702,0,0,0,2,0,0,0,0,0,,0,0,Auckland Region,Nil,2-way,Sealed,0,0,0,0,100,0,None,0,0,,76,Auckland,Nil,0,0,0,1,0,0,Open,1,0,0,Fine,Null
1768801.4083,5911587.6027,809237,,523112,0,,0,0,,East,2025/2026,TI RAKAU DRIVE,BURSWOOD DRIVE,,Non-Injury Crash,No,2025,,West,,0,,Null,,,,,,Twilight,711404,0,0,0,3,,,0,,,,,,Auckland Region,Nil,1-way,Sealed,,0,0,,50,,Null,1,0,,76,Auckland,Nil,,,,,0,1,Urban,0,,,Fine,Null
1766293.557,5918552.5065,809245,,516900,0,0,0,2,0,West,2025/2026,MOUNT TAYLOR DRIVE,WENDOVER ROAD,,Non-Injury Crash,No,2025,0,East,0,0,0,Hill Road,0,,0,,0,Overcast,467200,0,0,0,2,0,0,0,0,1,,0,0,Auckland Region,Nil,2-way,Sealed,0,0,0,0,50,0,Off,0,1,,76,Auckland,Nil,0,0,0,0,0,0,Urban,0,0,0,Fine,Null
1756575.8876,5927355.7551,809246,,507900,0,,0,2,,Null,2025/2026,NORTHCOTE ROAD,THE AVENUE,,Non-Injury Crash,No,2025,,East,,0,,Flat,,,,,,Bright sun,303502,0,0,0,4,,,0,,,,,,Auckland Region,Nil,2-way,Sealed,,0,0,,50,,Off,0,0,,76,Auckland,Traffic Signals,,,,,0,0,Urban,0,,,Fine,Null
1772581.9413,5890908.6476,809252,,521203,0,,0,0,,Null,2023/2024,KARAKA ROAD,GREAT SOUTH ROAD,,Minor Crash,Yes,2023,,South,,0,,Flat,,,,,,Overcast,807300,2,0,0,2,,,0,,,,,,Auckland Region,Nil,2-way,Sealed,,0,0,,60,,Off,0,0,,76,Auckland,Give way,,,,,1,0,Urban,1,,,Fine,Null
1772873.3215,5900622.5093,809268,,523813,0,,0,1,,Null,2025/2026,MILL ROAD,POPES ROAD,,Non-Injury Crash,No,2025,,North,,0,,Null,,,,,,Bright sun,761000,0,0,0,2,,,0,,,,,,Auckland Region,Nil,2-way,Sealed,,0,0,,80,,Null,0,0,,76,Auckland,Stop,,,,,0,0,Open,1,,,Fine,Null
1754862.9362,5967577.2047,809276,,506631,0,,0,2,,Null,2025/2026,MAHURANGI EAST ROAD,DALTON ROAD,,Non-Injury Crash,No,2026,,South,,0,,Hill Road,,,,,,Overcast,141605,0,0,0,2,,,0,,,,,,Auckland Region,Nil,2-way,Sealed,,0,0,,50,,Off,0,0,,76,Auckland,Nil,,,,,0,0,Urban,0,,,Light rain,Null
1767486.3026,5913470.3281,809284,,522820,0,,0,1,,Null,2025/2026,PAKURANGA ROAD,WHITI LANE,,Minor Crash,No,2025,,East,,0,,Flat,,,,,,Bright sun,695002,1,0,0,3,,,0,,,,,,Auckland Region,Nil,2-way,Sealed,,0,0,,50,,Off,0,0,,76,Auckland,Nil,,,,,0,0,Urban,1,,,Fine,Null
1759634.4452,5907963.9737,809285,,524121,0,,0,1,,Null,2025/2026,BADER DRIVE,ELMDON STREET,,Non-Injury Crash,No,2026,,South,,0,,Flat,,,,,,Overcast,737301,0,0,0,2,,,0,,,,,,Auckland Region,Nil,2-way,Sealed,,0,0,,50,,Off,0,0,,76,Auckland,Give way,,,,,0,0,Urban,1,,,Fine,Null
1766013.147,5907767.8367,809291,,523402,0,0,0,0,0,North,2023/2024,SOUTHERN MOTORWAY,EAST TAMAKI ROAD OFF RAMP,,Non-Injury Crash,Yes,2023,0,South,0,0,0,Flat,1,,0,,0,Bright sun,699200,0,0,0,3,0,0,0,0,0,,0,0,Auckland Region,Nil,1-way,Sealed,0,0,0,0,100,0,On,0,0,80,76,Auckland,Nil,0,0,0,0,0,0,Open,1,0,0,Fine,Null
1766769.8295,5913163.7289,809306,,522910,0,,0,2,,West,2025/2026,AYLESBURY STREET,PENNELL PLACE,,Non-Injury Crash,No,2025,,South,,0,,Flat,,,,,,Overcast,684000,0,0,0,2,,,0,,,,,,Auckland Region,Speed hump,2-way,Sealed,,0,0,,50,,Off,0,0,,76,Auckland,Nil,,,,,0,0,Urban,0,,,Fine,Null
1757420.0172,5919615.389,809312,,514301,0,,0,2,,Null,2022/2023,SYMONDS STREET,WAKEFIELD STREET,,Non-Injury Crash,No,2023,,North,,0,,Hill Road,,,,,,Dark,441101,0,0,0,4,,,0,,,,,,Auckland Region,Nil,2-way,Sealed,,0,0,,30,,On,0,1,,76,Auckland,Traffic Signals,,,,,0,0,Urban,0,,,Light rain,Null
1755038.6865,5918300.0311,809313,,515500,0,,0,1,,East,2025/2026,NORTH-WESTERN MOTORWAY,MOUNTAIN VIEW OBR,,Non-Injury Crash,Yes,2025,,East,,0,,Flat,,,,,,Bright sun,418800,0,0,0,4,,,0,,,,,,Auckland Region,Nil,1-way,Sealed,,0,0,,80,,Off,0,0,,76,Auckland,Nil,,,,,0,0,Open,1,,,Fine,Null
1756714.4176,5913074.6285,809314,,518702,1,,0,0,,Null,2025/2026,HILLSBOROUGH ROAD,CARR ROAD,,Minor Crash,No,2025,,South,,0,,Flat,,,,,,Overcast,568000,2,0,0,4,,,0,,,,,,Auckland Region,Nil,2-way,Sealed,,0,0,,50,,Off,1,0,,76,Auckland,Traffic Signals,,,,,0,0,Urban,0,,,Fine,Null
1768122.3894,5903032.098,809320,,524602,0,0,0,0,0,Null,2022/2023,GREAT SOUTH ROAD,RATA VINE DRIVE,,Non-Injury Crash,No,2023,0,South,0,0,1,Flat,0,,0,,0,Bright sun,780506,0,0,0,4,0,1,0,0,0,,0,0,Auckland Region,Nil,2-way,Sealed,0,0,0,0,50,0,Off,0,0,,76,Auckland,Stop,0,1,0,0,1,0,Urban,0,0,0,Light rain,Null
1753256.7149,5929938.6006,809329,,509100,0,,0,1,,South,2024/2025,ALBANY HIGHWAY,UNSWORTH DRIVE,,Non-Injury Crash,No,2024,,South,,0,,Hill Road,,,,,,Bright sun,181200,0,0,0,3,,,0,,,,,,Auckland Region,Nil,2-way,Sealed,,0,0,,50,,Off,0,0,,76,Auckland,Nil,,,,,0,0,Urban,0,,,Fine,Null
1772809.2266,5895494.2811,809337,,525520,0,,0,1,,Null,2025/2026,SETTLEMENT ROAD,LIVERPOOL STREET,,Non-Injury Crash,No,2025,,North,,0,,Null,,,,,,Unknown,801700,0,0,0,4,,,0,,,,,,Auckland Region,Nil,2-way,Null,,0,0,,50,,Null,0,0,,76,Auckland,Stop,,,,,1,0,Urban,0,,,Null,Null
1760539.3368,5906578.2453,809345,,524111,0,,0,1,,North,2025/2026,MASCOT AVENUE,FRIESIAN DRIVE,,Non-Injury Crash,No,2025,,South,,0,,Null,,,,,,Overcast,741001,0,0,0,2,,,0,,,,,,Auckland Region,Nil,2-way,Sealed,,0,0,,30,,Null,0,0,,76,Auckland,Nil,,,,,0,0,Urban,1,,,Light rain,Null
1768954.3485,5911181.195,809353,,523112,0,,0,0,,Null,2025/2026,HARRIS ROAD,CRYERS ROAD,,Non-Injury Crash,No,2025,,North,,0,,Flat,,,,,,Bright sun,711404,0,0,0,4,,,0,,,,,,Auckland Region,Nil,2-way,Sealed,,0,0,,60,,Off,0,0,,76,Auckland,Give way,,,,,1,0,Urban,1,,,Fine,Null
1763353.2666,5909298.2013,809354,,521901,0,,0,1,,Null,2025/2026,WALMSLEY ROAD,MARJORIE JAYNE CRESCENT,,Non-Injury Crash,No,2026,,South,,0,,Flat,,,,,,Bright sun,783000,0,0,0,4,,,0,,,,,,Auckland Region,Nil,2-way,Sealed,,0,0,,50,,Off,0,0,,76,Auckland,Give way,,,,,0,0,Urban,1,,,Fine,Null
1755037.9575,5929213.2201,809369,,508420,0,,0,3,,Null,2025/2026,WAIRAU ROAD,TARGET ROAD,,Non-Injury Crash,No,2025,,South,,0,,Hill Road,,,,,,Dark,183700,0,0,0,5,,,0,,,,,,Auckland Region,Nil,2-way,Sealed,,0,0,,50,,On,0,0,,76,Auckland,Traffic Signals,,,,,0,0,Urban,0,,,Fine,Null
1757820.9512,5915942.2452,809370,,515801,0,0,0,1,0,Null,2025/2026,KING GEORGE AVENUE,THE DRIVE,,Non-Injury Crash,No,2025,0,East,0,0,0,Hill Road,0,,0,,1,Dark,446700,0,0,0,2,0,0,0,0,0,,0,1,Auckland Region,Nil,2-way,Sealed,0,0,0,0,50,0,On,0,0,,76,Auckland,Stop,0,0,0,0,0,0,Urban,0,0,0,Fine,Null
1745428.7027,5920453.2199,809376,,513301,0,,0,0,,Null,2023/2024,LINCOLN ROAD,LINCOLN ROAD ON RAMP,,Minor Crash,No,2024,,South,,0,,Flat,,,,,,Bright sun,230301,2,0,1,3,,,0,,,,,,Auckland Region,Nil,2-way,Sealed,,0,0,,50,,Off,1,0,,76,Auckland,Nil,,,,,0,0,Urban,0,,,Fine,Null
1759560.0336,5913018.13,809384,,519720,0,,1,1,,Null,2024/2025,MOUNT SMART ROAD,VICTORIA STREET,,Non-Injury Crash,No,2025,,East,,0,,Null,,,,,,Overcast,594400,0,0,0,2,,,0,,,,,,Auckland Region,Nil,2-way,Sealed,,0,0,,50,,Null,0,0,,76,Auckland,Stop,,,,,0,0,Urban,0,,,Null,Null
1767918.2648,5906413.9201,809406,,523711,0,0,0,0,0,Null,2025/2026,COLLETT ROAD,RAPSON ROAD,,Minor Crash,No,2026,0,South,0,0,0,Hill Road,0,Christmas New Year,1,,0,Bright sun,714700,1,0,0,2,0,0,0,0,0,,0,0,Auckland Region,Nil,2-way,Sealed,0,0,0,0,50,0,Off,1,0,,76,Auckland,Nil,0,0,0,0,0,0,Urban,0,0,0,Fine,Null
1753263.9157,5933047.4227,809413,,508807,0,,0,2,,Null,2023/2024,TAWA DRIVE,GREVILLE ROAD OFF RAMP,,Non-Injury Crash,No,2024,,North,,0,,Flat,,,,,,Twilight,180811,0,0,0,5,,,0,,,,,,Auckland Region,Nil,2-way,Sealed,,0,0,,50,,On,0,0,,76,Auckland,Traffic Signals,,,,,0,0,Urban,0,,,Fine,Null
1755825.7784,5914007.5379,809436,,518500,0,0,0,1,0,South,2022/2023,MOUNT ALBERT ROAD,SCOUT AVENUE,,Non-Injury Crash,No,2023,0,South,0,0,1,Flat,0,Easter,0,,0,Dark,563300,0,0,0,2,0,0,0,0,0,,0,1,Auckland Region,Nil,2-way,Sealed,0,0,0,0,50,0,On,0,0,,76,Auckland,Nil,0,0,0,0,0,0,Urban,0,0,0,Fine,Null
1770785.4072,5898652.7631,809444,,523911,0,0,0,2,0,West,2024/2025,TAKA STREET,TAKANINI ROAD,,Non-Injury Crash,No,2025,0,East,0,0,0,Flat,0,,0,,0,Dark,768200,0,0,0,2,0,0,0,0,0,,0,1,Auckland Region,Nil,2-way,Sealed,0,0,0,0,50,0,On,0,0,,76,Auckland,Nil,0,0,0,0,0,0,Urban,0,0,0,Fine,Null
1760098.1955,5908820.631,809466,,524403,0,,0,3,,Null,2023/2024,WALMSLEY ROAD,DONNELL AVENUE,,Non-Injury Crash,No,2023,,East,,0,,Flat,,,,,,Dark,729800,0,0,0,4,,,0,,,,,,Auckland Region,Nil,2-way,Sealed,,0,0,,50,,On,0,0,,76,Auckland,Traffic Signals,,,,,0,0,Urban,0,,,Light rain,Null
1769876.0983,5906288.9981,809474,,523712,0,0,0,3,0,Null,2024/2025,DONEGAL PARK DRIVE,PUORO STREET,,Non-Injury Crash,No,2025,0,South,0,0,0,Flat,0,,0,,0,Bright sun,713201,0,0,0,2,0,0,0,0,2,,0,0,Auckland Region,Nil,2-way,Sealed,0,0,0,0,50,0,Off,0,0,40,76,Auckland,Traffic Signals,0,0,0,0,0,0,Urban,0,0,0,Fine,Null
1755283.8208,5914195.8025,809498,,518803,0,,0,2,,Null,2024/2025,MOUNT ALBERT ROAD,WINSTONE ROAD,,Non-Injury Crash,No,2025,,North,,0,,Flat,,,,,,Dark,580700,0,0,0,5,,,0,,,,,,Auckland Region,Nil,2-way,Sealed,,0,0,,50,,On,0,0,,76,Auckland,Traffic Signals,,,,,0,1,Urban,0,,,Heavy rain,Null
1768916.2488,5905836.0504,809507,,523721,0,,0,2,,Null,2025/2026,DAWSON ROAD,TE IRIRANGI DRIVE,,Non-Injury Crash,No,2025,,West,,0,,Flat,,,,,,Bright sun,715605,0,0,0,3,,,0,,,,,,Auckland Region,Nil,2-way,Sealed,,0,0,,50,,Off,1,0,,76,Auckland,Give way,,,,,0,0,Urban,0,,,Fine,Null
1769888.1234,5911208.4686,809513,,523113,0,,0,0,,Null,2023/2024,OFF ROAD - CAR PARK,,,Serious Crash,No,2023,,West,,0,,Flat,,,,,,Dark,711716,0,0,0,,,,0,,,1,,,Auckland Region,Nil,Off road,Sealed,,0,1,,,,Off,1,0,,76,Auckland,Nil,,,,,0,0,Urban,0,,,Fine,Null
1761529.0194,5906690.4245,809521,,524112,0,,0,1,,East,2022/2023,SOUTH-WESTERN MOTORWAY,MASSEY ROAD ON RAMP,,Minor Crash,Yes,2023,,West,,0,,Flat,,,,,,Bright sun,742300,1,0,0,2,,,0,,,,,,Auckland Region,Nil,1-way,Sealed,,0,0,,100,,Off,0,0,,76,Auckland,Nil,,,,,1,0,Open,0,,,Fine,Null
1765724.2035,5906747.9411,809523,,522202,0,,0,2,,Null,2025/2026,GREAT SOUTH ROAD,SUTTON CRESCENT,,Serious Crash,No,2025,,South,,0,,Flat,,,,,,Dark,663500,0,0,0,3,,,0,,,1,,,Auckland Region,Nil,2-way,Sealed,,0,1,,50,,On,0,0,,76,Auckland,Traffic Signals,,,,,0,0,Urban,0,,,Fine,Null
1764707.4378,5911547.3492,809538,,520500,0,,0,2,,South,2024/2025,SOUTHERN MOTORWAY,PANAMA OBR,,Non-Injury Crash,Yes,2025,,South,,0,,Flat,,,,,,Dark,635601,0,0,0,3,,,0,,,,,,Auckland Region,Nil,1-way,Sealed,,0,0,,100,,On,0,0,,76,Auckland,Nil,,,,,0,0,Open,0,,,Fine,Null
1760141.6284,5889053.4041,809539,35,521122,0,,0,1,,South,2025/2026,KINGSEAT ROAD,SETTLEMENT ROAD,,Non-Injury Crash,No,2025,,South,,0,,Flat,,,,,,Dark,811002,0,0,0,2,,,0,,,,,,Auckland Region,Nil,2-way,Sealed,,0,0,,50,,None,0,0,,76,Auckland,Nil,,,,,0,0,Urban,0,,,Light rain,Null
1770970.6832,5898321.6044,809553,,523920,0,,0,0,,North,2023/2024,GREAT SOUTH ROAD,BEACH ROAD,,Serious Crash,No,2024,,South,,0,,Hill Road,,,,,,Bright sun,767503,0,0,1,2,,,0,,,,,,Auckland Region,Nil,2-way,Sealed,,0,1,,50,,Off,0,0,,76,Auckland,Nil,,,,,0,1,Urban,0,,,Fine,Null
1769830.6421,5914686.9489,809562,,522722,0,,0,2,,South,2025/2026,AVIEMORE DRIVE,AVIEMORE DRIVE,,Non-Injury Crash,No,2025,,North,,0,,Flat,,,,,,Bright sun,681324,0,0,0,6,,,0,,,,,,Auckland Region,Nil,2-way,Sealed,,0,0,,60,,Off,0,0,,76,Auckland,Nil,,,,,0,0,Urban,0,,,Fine,Null
1755708.3231,5926516.2832,809569,,509701,0,0,0,1,0,Null,2023/2024,LAKE ROAD,OCEAN VIEW ROAD,,Minor Crash,No,2024,0,North,0,0,0,Flat,0,,0,,0,Dark,361900,2,0,0,1,0,0,0,0,0,,0,1,Auckland Region,Nil,1-way,Sealed,0,0,0,0,50,0,On,0,0,,76,Auckland,Give way,0,0,0,0,0,0,Urban,0,0,0,Fine,Null
1759826.485,5912265.7634,809577,,520000,0,,0,1,,Null,2023/2024,ALFRED STREET,CHURCH STREET,,Minor Crash,No,2023,,South,,0,,Flat,,Christmas New Year,,,,Overcast,607000,1,0,1,2,,,0,,,,,,Auckland Region,Nil,2-way,Sealed,,0,0,,50,,Off,0,0,,76,Auckland,Stop,,,,,0,0,Urban,0,,,Fine,Null
1771118.6027,5889958.2846,809579,,521203,0,,0,1,,Null,2025/2026,KARAKA ROAD,OIRA ROAD,,Non-Injury Crash,Yes,2026,,West,,0,,Flat,,,,,,Bright sun,807400,0,0,0,2,,,0,,,,,,Auckland Region,Nil,2-way,Sealed,,0,0,,80,,Off,0,0,,76,Auckland,Stop,,,,,0,0,Open,1,,,Fine,Null
1752885.0716,5913325.1277,809587,,518901,0,,0,0,,Null,2025/2026,BOUNDARY ROAD,DUNDALE AVENUE,,Non-Injury Crash,No,2025,,South,,0,,Hill Road,,,,,,Bright sun,584501,0,0,0,2,,,0,,,,,,Auckland Region,Nil,2-way,Sealed,,0,0,,50,,Off,0,0,,76,Auckland,Stop,,,,,0,0,Urban,1,,,Fine,Null
1744044.745,5924017.6669,809602,,513521,0,0,0,0,0,South,2025/2026,HOBSONVILLE ROAD ON RAMP,HOBSONVILLE ROAD,,Minor Crash,No,2025,0,South,0,0,0,Hill Road,1,,0,,0,Dark,224240,1,0,1,2,0,0,0,0,0,,0,0,Auckland Region,Motorway ramp,1-way,Sealed,0,0,0,0,50,0,On,0,0,,76,Auckland,Nil,0,0,0,0,0,0,Urban,0,0,0,Light rain,Null
1770153.2247,5909069.7741,809611,,523114,0,,0,1,,Null,2025/2026,GRACECHURCH DRIVE,CHAPEL ROAD,,Minor Crash,No,2025,,West,,0,,Flat,,,,,,Bright sun,712136,1,0,0,2,,,0,,,,,,Auckland Region,Nil,2-way,Sealed,,0,0,,60,,Off,0,0,,76,Auckland,Give way,,,,,0,0,Urban,1,,,Fine,Null
1757759.453,5914486.3305,809619,,518600,0,0,0,1,0,East,2025/2026,SELWYN ROAD,BISHOP STREET,,Non-Injury Crash,No,2026,0,East,0,0,0,Null,0,,0,,0,Bright sun,566000,0,0,0,2,0,0,0,0,1,,0,0,Auckland Region,Nil,2-way,Sealed,0,0,0,0,50,0,Null,0,0,,76,Auckland,Nil,0,0,0,0,0,1,Urban,0,0,0,Fine,Null
1765772.7148,5908181.8299,809626,,523402,0,,0,1,,South,2025/2026,SOUTHERN MOTORWAY,BAIRDS OBR,,Non-Injury Crash,Yes,2025,,South,,0,,Flat,,,,,,Overcast,698900,0,0,0,3,,,0,,,,,,Auckland Region,Overpass,1-way,Sealed,,0,0,,100,,On,0,0,,76,Auckland,Nil,,,,,1,0,Open,0,,,Light rain,Null
1761857.4706,5906694.6794,809642,,524520,0,,0,2,,Null,2024/2025,MASSEY ROAD,ROBERTSON ROAD,,Non-Injury Crash,No,2025,,North,,0,,Flat,,,,,,Overcast,736400,0,0,0,1,,,0,,,,,,Auckland Region,Nil,1-way,Sealed,,0,0,,50,,Off,0,0,,76,Auckland,Give way,,,,,0,0,Urban,0,,,Light rain,Null
1768196.1916,5903849.5862,809658,,523820,0,,0,1,,North,2024/2025,SOUTHERN MOTORWAY,MANUKAU ON SBD OBR,,Non-Injury Crash,Yes,2025,,South,,0,,Flat,,,,,,Dark,760142,0,0,1,3,,,0,,,,,,Auckland Region,Nil,1-way,Sealed,,0,0,,100,,Null,0,0,,76,Auckland,Nil,,,,,0,0,Open,0,,,Null,Null
1757714.53,5927252.5401,809667,,508010,0,0,0,1,0,Null,2025/2026,AUBURN STREET,LOMOND STREET,,Minor Crash,No,2025,0,North,0,0,0,Flat,0,Labour Weekend,1,,0,Bright sun,327400,1,0,0,2,0,0,0,0,0,,0,1,Auckland Region,Nil,2-way,Sealed,0,0,0,0,30,0,Off,0,0,,76,Auckland,Give way,0,0,0,0,0,0,Urban,0,0,0,Fine,Null
1758471.4143,5918054.8722,809673,,517400,0,,0,1,,Null,2022/2023,REMUERA ROAD,BROADWAY,,Minor Crash,No,2023,,South,,0,,Flat,,,,,,Bright sun,451300,1,0,0,2,,,0,,,1,,,Auckland Region,Nil,2-way,Sealed,,0,0,,50,,Off,0,0,,76,Auckland,Give way,,,,,0,0,Urban,0,,,Fine,Null
1757549.0363,5920889.9494,809688,,514103,0,0,1,1,0,East,2022/2023,CUSTOMS STREET EAST,QUEEN STREET,,Non-Injury Crash,No,2023,0,West,0,0,0,Flat,0,,0,,0,Overcast,438000,0,0,0,4,0,0,0,0,0,,0,0,Auckland Region,Nil,2-way,Sealed,0,0,0,0,30,0,Off,0,1,,76,Auckland,Nil,0,0,0,0,0,0,Urban,0,1,0,Fine,Null
1775011.575,5896129.1622,809689,,525700,0,,0,1,,Null,2025/2026,SETTLEMENT ROAD,FAIRDALE AVENUE,,Minor Crash,No,2025,,West,,0,,Flat,,,,,,Dark,800314,1,0,1,2,,,0,,,,,,Auckland Region,Nil,2-way,Sealed,,0,0,,50,,None,0,0,,76,Auckland,Give way,,,,,0,0,Urban,0,,,Fine,Null
1766049.7065,5906976.083,809696,,522301,0,,0,1,,Null,2022/2023,HOTEO AVENUE,WINTERE ROAD,,Non-Injury Crash,No,2023,,West,,0,,Flat,,,,,,Dark,667200,0,0,0,2,,,0,,,,,,Auckland Region,Nil,2-way,Sealed,,0,0,,50,,On,0,0,,76,Auckland,Stop,,,,,0,0,Urban,0,,,Fine,Strong wind
1742202.1491,5915354.455,809697,,513020,0,0,0,0,0,Null,2024/2025,HENDERSON VALLEY ROAD,CANDIA ROAD,,Non-Injury Crash,No,2025,0,North,1,0,0,Flat,0,,0,,0,Overcast,281000,0,0,0,2,0,0,0,0,0,,0,0,Auckland Region,Nil,2-way,Sealed,0,0,0,0,60,0,Off,0,0,,76,Auckland,Give way,0,0,0,0,0,0,Urban,1,0,0,Light rain,Null
1743752.7316,5923918.4489,809712,,513410,0,,0,2,,Null,2025/2026,FRED TAYLOR DRIVE,MAKI STREET,,Non-Injury Crash,No,2026,,East,,0,,Flat,,,,,,Overcast,224000,0,0,0,2,,,0,,,,,,Auckland Region,Nil,1-way,Sealed,,0,0,,50,,Off,0,0,,76,Auckland,Traffic Signals,,,,,0,0,Urban,0,,,Heavy rain,Null
1768955.3603,5911185.3148,809718,,523112,0,,0,1,,Null,2022/2023,HARRIS ROAD,CRYERS ROAD,,Non-Injury Crash,No,2023,,North,,0,,Flat,,,,,,Twilight,711404,0,0,0,4,,,0,,,,,,Auckland Region,Nil,2-way,Sealed,,0,0,,60,,Off,0,0,,76,Auckland,Give way,,,,,1,0,Urban,0,,,Heavy rain,Null
1756137.5483,5923913.6413,809719,,509800,0,,1,0,,South,2024/2025,NORTHERN MOTORWAY,WEIGH BRIDGE,,Non-Injury Crash,Yes,2025,,South,,0,,Flat,,,,,,Overcast,361200,0,0,0,4,,,0,,,,,,Auckland Region,Nil,1-way,Sealed,,0,0,,80,,Off,1,0,,76,Auckland,Nil,,,,,0,0,Open,0,,,Fine,Null
1754409.6046,5930958.7124,809742,,508420,0,0,0,1,0,South,2022/2023,NORTHERN MOTORWAY,SUNSET OBR,,Non-Injury Crash,Yes,2023,0,North,0,0,0,Hill Road,0,,0,,0,Dark,182008,0,0,0,3,0,0,0,0,0,,0,1,Auckland Region,Nil,1-way,Sealed,0,0,0,0,100,0,On,0,0,,76,Auckland,Nil,0,0,0,0,0,0,Open,0,0,0,Fine,Null
1745396.8851,5920391.9159,809759,,513301,0,,0,1,,Null,2025/2026,LINCOLN ROAD,CENTRAL PARK DRIVE,,Non-Injury Crash,No,2025,,South,,0,,Flat,,,,,,Dark,230301,0,0,0,3,,,0,,,,,,Auckland Region,Nil,2-way,Sealed,,0,0,,50,,On,0,0,,76,Auckland,Traffic Signals,,,,,0,1,Urban,0,,,Light rain,Null
1752938.9515,5918339.1904,809760,,515002,0,,0,1,,West,2025/2026,GREAT NORTH ROAD,PREMIER AVENUE,,Minor Crash,No,2026,,East,,0,,Flat,,,,,,Overcast,390501,1,0,0,3,,,0,,,1,,,Auckland Region,Nil,2-way,Sealed,,0,0,,50,,Off,0,0,,76,Auckland,Traffic Signals,,,,,0,0,Urban,0,,,Fine,Null
1764929.9689,5917902.5178,809774,,517001,0,,0,2,,Null,2023/2024,APIRANA AVENUE,CASTLEDINE CRESCENT,,Minor Crash,No,2024,,South,,0,,Flat,,Easter,,,,Dark,463901,2,0,0,2,,,0,,,,,,Auckland Region,Nil,2-way,Sealed,,0,0,,50,,On,0,0,,76,Auckland,Stop,,,,,0,0,Urban,0,,,Fine,Null
1756167.5891,5918799.1795,809776,,515500,0,,0,2,,North,2025/2026,NORTH-WESTERN MOTORWAY,WAIMA FTBR,,Non-Injury Crash,Yes,2026,,North,,0,,Flat,,,,,,Bright sun,417700,0,0,0,4,,,0,,,,,,Auckland Region,Nil,1-way,Sealed,,0,0,,80,,Off,0,0,,76,Auckland,Nil,,,,,0,0,Open,0,,,Fine,Null
1767641.0894,5900328.8334,809784,,524720,0,,0,2,,Null,2025/2026,WORDSWORTH ROAD,WEYMOUTH ROAD,,Non-Injury Crash,No,2025,,South,,0,,Null,,,,,,Twilight,776900,0,0,0,2,,,0,,,,,,Auckland Region,Nil,2-way,Sealed,,0,0,,30,,Null,0,0,,76,Auckland,Give way,,,,,0,0,Urban,0,,,Fine,Null
1750287.733,5933962.3717,809806,,508701,0,0,0,2,0,North,2025/2026,THE AVENUE,HOBSON ROAD,,Non-Injury Crash,No,2025,0,West,0,0,0,Flat,0,,0,,0,Bright sun,178701,0,0,0,2,0,0,0,0,1,,0,0,Auckland Region,Nil,2-way,Sealed,0,0,0,0,50,0,Off,0,0,,76,Auckland,Nil,0,0,0,0,0,0,Urban,0,0,0,Fine,Null
1746639.5902,5912763.1127,809814,,511002,0,,0,2,,Null,2024/2025,GLENGARRY ROAD,AMBLER AVENUE,,Non-Injury Crash,No,2025,,East,,0,,Hill Road,,,,,,Bright sun,284104,0,0,0,2,,,0,,,,,,Auckland Region,Nil,2-way,Sealed,,0,0,,50,,Off,0,0,,76,Auckland,Give way,,,,,0,0,Urban,0,,,Fine,Null
1767912.6402,5904539.3092,809815,,524604,0,,0,1,,South,2025/2026,SOUTHERN MOTORWAY,REDOUBT ROAD ON RAMP,,Fatal Crash,Yes,2026,,North,,1,,Flat,,,,,,Dark,780302,1,0,0,4,,,0,,,1,,,Auckland Region,Motorway ramp,1-way,Sealed,,0,0,,100,,On,0,0,,76,Auckland,Nil,,,,,0,0,Open,0,,,Fine,Null