X,Y,OBJECTID,advisorySpeed,areaUnitID,bicycle,bridge,bus,carStationWagon,cliffBank,crashDirectionDescription,crashFinancialYear,crashLocation1,crashLocation2,crashRoadSideRoad,crashSeverity,crashSHDescription,crashYear,debris,directionRoleDescription,ditch,fatalCount,fence,flatHill,guardRail,holiday,houseOrBuilding,intersection,kerb,light,meshblockId,minorInjuryCount,moped,motorcycle,NumberOfLanes,objectThrownOrDropped,otherObject,otherVehicleType,overBank,parkedVehicle,pedestrian,phoneBoxEtc,postOrPole,region,roadCharacter,roadLane,roadSurface,roadworks,schoolBus,seriousInjuryCount,slipOrFlood,speedLimit,strayAnimal,streetLight,suv,taxi,temporarySpeedLimit,tlaId,tlaName,trafficControl,trafficIsland,trafficSign,train,tree,truck,unknownVehicleType,urban,vanOrUtility,vehicle,waterRiver,weatherA,weatherB
1763461.3141,5920388.7265,809821,,516500,0,0,0,3,0,West,2022/2023,TAMAKI DRIVE,MARAU CRESCENT,,Non-Injury Crash,No,2023,0,East,0,0,0,Flat,0,,0,,0,Bright sun,500700,0,0,0,2,0,0,0,0,1,,0,0,Auckland Region,Speed hump,2-way,Sealed,0,0,0,0,50,0,Off,0,0,,76,Auckland,Nil,0,0,0,0,0,0,Urban,0,0,0,Fine,Null
1753160.2859,5930040.8525,809843,,508803,0,,0,2,,Null,2022/2023,ALBANY HIGHWAY,UNSWORTH DRIVE,,Non-Injury Crash,No,2023,,East,,0,,Hill Road,,,,,,Overcast,180855,0,0,0,2,,,0,,,,,,Auckland Region,Nil,2-way,Sealed,,0,0,,60,,Off,0,0,,76,Auckland,Give way,,,,,0,0,Urban,0,,,Fine,Null
1784668.1448,5923858.1134,809844,,520801,0,0,0,0,0,South,2025/2026,GORDONS ROAD,CARSONS ROAD,,Serious Crash,No,2025,0,South,0,0,0,Flat,0,,0,,0,Bright sun,515608,0,0,0,2,0,0,0,1,0,,0,0,Auckland Region,Nil,2-way,Sealed,0,0,1,0,50,0,None,1,0,,76,Auckland,Nil,0,0,0,1,0,0,Urban,0,0,0,Fine,Null
1754248.7777,5913367.0914,809861,,518802,0,,0,1,,Null,2025/2026,MAY ROAD,GLYNN STREET,,Non-Injury Crash,No,2025,,North,,0,,Null,,Christmas New Year,,,,Unknown,579300,0,0,0,2,,,0,,,,,,Auckland Region,Nil,2-way,Sealed,,0,0,,50,,On,0,0,,76,Auckland,Stop,,,,,0,1,Urban,0,,,Fine,Null
1758386.8691,5918022.8569,809867,,517400,0,,0,1,,West,2022/2023,MORROW STREET,BROADWAY,,Non-Injury Crash,No,2023,,West,,0,,Flat,,,,,,Overcast,451300,0,0,0,2,,,0,,,1,,,Auckland Region,Nil,1-way,Sealed,,0,0,,50,,Off,0,0,,76,Auckland,Nil,,,,,0,0,Urban,1,,,Fine,Null
1766058.064,5904535.0583,809874,,524603,0,0,0,2,0,Null,2025/2026,GRAYSON AVENUE,CAVENDISH DRIVE,,Non-Injury Crash,No,2026,0,South,0,0,0,Null,0,,0,,0,Bright sun,674500,0,0,0,2,0,0,0,0,0,,0,0,Auckland Region,Nil,2-way,Sealed,0,0,0,0,50,0,Null,0,0,,76,Auckland,Give way,0,0,0,0,0,0,Urban,0,1,0,Fine,Null
1757163.9707,5919818.9647,809890,,514102,1,,0,0,,Null,2025/2026,QUEEN STREET,MARMION STREET,,Serious Crash,No,2026,,North,,0,,Hill Road,,Christmas New Year,,,,Bright sun,435201,0,0,0,4,,,0,,,,,,Auckland Region,Nil,2-way,Sealed,,0,1,,30,,Null,1,0,,76,Auckland,Nil,,,,,0,0,Urban,0,,,Fine,Null
1758097.6774,5911960.0008,809905,,519810,0,0,0,1,0,South,2025/2026,SOUTH-WESTERN MOTORWAY,QUEENSTOWN ROAD OFF RAMP,,Non-Injury Crash,Yes,2025,1,North,0,0,0,Flat,0,,0,,0,Bright sun,602501,0,0,0,3,0,0,0,0,0,,0,0,Auckland Region,Nil,1-way,Sealed,0,0,0,0,100,0,Off,0,0,,76,Auckland,Nil,0,0,0,0,0,0,Open,1,0,0,Fine,Null
1766867.4944,5880646.2696,809920,,521112,0,0,0,1,0,Null,2025/2026,BELMONT ROAD,ADAMS ROAD SOUTH,,Non-Injury Crash,No,2025,0,West,1,0,0,Hill Road,0,,0,,0,Dark,826500,0,0,0,2,0,0,0,0,0,,0,0,Auckland Region,Nil,2-way,Sealed,0,0,0,0,30,0,On,0,0,,76,Auckland,Give way,0,0,0,0,0,0,Urban,0,0,0,Light rain,Null
1755265.4617,5932017.6634,809929,,508805,0,0,0,1,0,Null,2025/2026,CONSTELLATION DRIVE,EAST COAST ROAD,,Non-Injury Crash,No,2025,0,East,0,0,0,Null,0,Christmas New Year,0,,1,Unknown,151104,0,0,0,3,0,0,0,0,0,,0,0,Auckland Region,Nil,2-way,Null,0,0,0,0,50,0,Null,0,0,,76,Auckland,Traffic Signals,0,0,0,0,0,0,Urban,0,0,0,Heavy rain,Null
1768870.2363,5900879.5345,809936,,525001,0,,0,1,,North,2025/2026,GREAT SOUTH ROAD,WEYMOUTH ROAD,,Minor Crash,No,2025,,South,,0,,Flat,,,,,,Overcast,751600,1,0,0,2,,,0,,,,,,Auckland Region,Nil,2-way,Sealed,,0,0,,50,,Off,0,0,,76,Auckland,Nil,,,,,0,0,Urban,1,,,Fine,Strong wind
1741792.8239,5926953.4089,809943,,513701,0,,0,2,,West,2023/2024,SH 16,BRIGHAM CK BR,,Minor Crash,Yes,2023,,West,,0,,Hill Road,,,,,,Bright sun,220200,1,0,0,3,,,0,,,,,,Auckland Region,Nil,2-way,Sealed,,0,0,,80,,Off,0,0,,76,Auckland,Nil,,,,,0,0,Open,0,,,Fine,Null
1765277.9972,5916976.4305,809951,,517001,0,,2,0,,South,2025/2026,APIRANA AVENUE,DELWYN LANE,,Minor Crash,No,2025,,North,,0,,Flat,,,,,,Bright sun,475900,1,0,0,2,,,0,,,,,,Auckland Region,Nil,2-way,Sealed,,0,0,,30,,Off,1,0,,76,Auckland,Nil,,,,,0,0,Urban,0,,,Fine,Null
1758208.7856,5924151.0657,809952,,508120,0,0,0,2,0,Null,2025/2026,BAYSWATER AVENUE,BALFOUR STREET,,Non-Injury Crash,No,2026,0,West,0,0,0,Flat,0,Christmas New Year,0,,0,Bright sun,316000,0,0,0,2,0,0,0,0,2,,0,0,Auckland Region,Nil,2-way,Sealed,0,0,0,0,50,0,Off,1,0,,76,Auckland,Give way,0,0,0,0,0,0,Urban,0,0,0,Fine,Null
1766893.9491,5907656.2121,809968,,523501,0,,0,2,,Null,2025/2026,EAST TAMAKI ROAD,BAIRDS ROAD,,Non-Injury Crash,No,2026,,East,,0,,Flat,,Christmas New Year,,,,Dark,700700,0,0,0,2,,,0,,,,,,Auckland Region,Nil,2-way,Sealed,,0,0,,50,,On,0,0,,76,Auckland,Traffic Signals,,,,,0,0,Urban,0,,,Fine,Null
1758323.5058,5925543.4148,809974,,508020,0,0,0,2,0,Null,2022/2023,JUTLAND ROAD,WAITEMATA ROAD,,Non-Injury Crash,No,2023,0,North,0,0,0,Flat,0,,0,,0,Bright sun,322900,0,0,0,2,0,0,0,0,1,,0,0,Auckland Region,Nil,2-way,Sealed,0,0,0,0,50,0,Off,0,0,,76,Auckland,Give way,0,0,0,0,0,0,Urban,0,0,0,Fine,Null
1766774.7163,5913522.3526,809975,,522820,0,0,0,1,0,East,2025/2026,KENTIGERN CLOSE,KENTIGERN CLOSE,,Non-Injury Crash,No,2025,0,East,0,0,0,Hill Road,0,Labour Weekend,1,,0,Overcast,694800,0,0,0,0,0,0,0,0,0,,0,0,Auckland Region,Nil,2-way,Sealed,0,0,0,0,50,0,Off,0,0,,76,Auckland,Nil,0,0,0,1,0,0,Urban,0,0,0,Fine,Null
1744488.8528,5912917.8045,809983,,512902,0,0,0,1,0,North,2024/2025,SHAW ROAD,NOLA ROAD,,Non-Injury Crash,No,2025,0,South,1,0,0,Flat,0,,0,,0,Overcast,279600,0,0,0,2,0,0,0,0,0,,0,0,Auckland Region,Nil,2-way,Sealed,0,0,0,0,60,0,None,0,0,,76,Auckland,Nil,0,0,0,0,0,0,Urban,0,0,0,Light rain,Null
1754542.2461,5931579.6813,809998,,508805,0,,0,0,,West,2025/2026,CONSTELLATION DRIVE,VEGA PLACE,,Non-Injury Crash,No,2025,,East,,0,,Flat,,,,,,Bright sun,180813,0,0,0,4,,,0,,,,,,Auckland Region,Nil,2-way,Sealed,,0,0,,50,,Off,2,0,40,76,Auckland,Nil,,,,,0,0,Urban,0,,,Fine,Null
1771911.0927,5915437.4385,810006,,521501,0,0,0,2,0,East,2025/2026,MELLONS BAY ROAD,PICTON STREET,,Non-Injury Crash,No,2025,0,North,0,0,0,Hill Road,0,,0,,0,Dark,651800,0,0,0,2,0,0,0,0,1,,0,0,Auckland Region,Nil,2-way,Sealed,0,0,0,0,30,0,On,0,0,,76,Auckland,Nil,0,0,0,0,0,0,Urban,0,0,0,Fine,Null
1766930.3095,5906860.3266,810012,,523601,0,0,0,2,0,South,2023/2024,SOUTHERN MOTORWAY,EAST TAMAKI ROAD ON RAMP,,Minor Crash,Yes,2023,0,South,0,0,0,Flat,1,,0,,0,Twilight,707400,1,0,0,3,0,0,0,0,0,,0,0,Auckland Region,Nil,1-way,Sealed,0,0,0,0,100,0,On,0,0,,76,Auckland,Nil,0,0,0,0,0,0,Open,0,0,0,Fine,Null
1753824.4291,5918354.925,810013,,515002,0,,0,1,,Null,2024/2025,ST LUKES ROAD,GREAT NORTH ROAD,,Non-Injury Crash,No,2025,,North,,0,,Null,,,,,,Bright sun,390501,0,0,0,2,,,0,,,,,,Auckland Region,Nil,1-way,Sealed,,0,0,,50,,Null,0,0,,76,Auckland,Traffic Signals,,,,,0,0,Urban,1,,,Null,Null
1756920.6105,5930807.9232,810028,,507710,0,0,0,3,0,South,2024/2025,ABERDEEN ROAD,RAE ROAD,,Non-Injury Crash,No,2025,0,North,0,0,0,Flat,0,,0,,0,Dark,315001,0,0,0,2,0,0,0,0,1,,0,0,Auckland Region,Nil,2-way,Sealed,0,0,0,0,50,0,On,0,0,,76,Auckland,Nil,0,0,0,0,0,0,Urban,0,0,0,Fine,Null
1757725.0758,5918252.354,810058,,518101,0,,0,3,,North,2023/2024,SOUTHERN MOTORWAY,MOUNTAIN OBR,,Minor Crash,Yes,2024,,South,,0,,Flat,,,,,,Bright sun,543000,1,0,0,4,,,0,,,,,,Auckland Region,Overpass,1-way,Sealed,,0,0,,80,,Off,0,0,,76,Auckland,Nil,,,,,0,0,Open,0,,,Fine,Null
1755875.3343,5931997.5222,810059,,507400,0,0,0,1,0,North,2025/2026,GALAXY DRIVE,MATIPO ROAD,,Non-Injury Crash,No,2025,0,South,0,0,0,Null,0,,0,,0,Bright sun,150500,0,0,0,2,0,0,0,0,1,,0,0,Auckland Region,Nil,2-way,Sealed,0,0,0,0,30,0,Null,0,0,,76,Auckland,Nil,0,0,0,0,1,0,Urban,0,0,0,Light rain,Null
1782665.8131,5895230.8501,810067,,521132,0,0,0,0,0,West,2025/2026,HUNUA ROAD,JOHN HILL ROAD,,Minor Crash,No,2025,0,East,1,0,1,Hill Road,0,,0,,0,Overcast,816100,1,0,0,2,0,0,0,0,0,,0,0,Auckland Region,Nil,2-way,Sealed,0,0,0,0,80,0,Off,0,0,,76,Auckland,Nil,0,0,0,0,0,0,Open,1,0,0,Fine,Null
1761989.435,5913408.3302,810081,,520500,0,,0,0,,Null,2022/2023,GREAT SOUTH ROAD,PENROSE ROAD,,Non-Injury Crash,No,2023,,West,,0,,Flat,,,,,,Dark,637100,0,0,0,4,,,0,,,,,,Auckland Region,Nil,2-way,Sealed,,0,0,,50,,Off,0,0,,76,Auckland,Traffic Signals,,,,,0,2,Urban,0,,,Fine,None
1739022.4421,5931073.3755,810083,,505604,0,,0,1,,East,2025/2026,OLD NORTH ROAD,PINETONE ROAD,,Non-Injury Crash,No,2026,,East,,0,,Flat,,,,,,Bright sun,213800,0,0,0,2,,,0,,,,,,Auckland Region,Nil,2-way,Sealed,,0,0,,50,,Off,0,0,,76,Auckland,Nil,,,,,0,0,Urban,1,,,Fine,Null
1743931.8745,5914971.9929,810096,,513013,0,,0,2,,Null,2023/2024,FOREST HILL ROAD,PINE AVENUE,,Non-Injury Crash,No,2024,,South,,0,,Hill Road,,,,,,Bright sun,281300,0,0,0,2,,,0,,,,,,Auckland Region,Nil,2-way,Sealed,,0,0,,50,,None,0,0,,76,Auckland,Give way,,,,,0,0,Urban,0,,,Fine,Null
1765714.3681,5914810.7982,810105,,520601,0,,0,2,,Null,2025/2026,TRIPOLI ROAD,STEWART AVENUE,,Minor Crash,No,2026,,North,,0,,Flat,,,,,,Dark,630800,3,0,0,2,,,0,,,,,,Auckland Region,Nil,2-way,Sealed,,0,0,,50,,On,0,0,,76,Auckland,Stop,,,,,0,0,Urban,0,,,Fine,Null
1755821.3319,5875783.0033,810112,,521152,0,0,0,1,0,Null,2023/2024,MASTERS ROAD,MASTERS ROAD,,Non-Injury Crash,No,2024,0,West,0,0,0,Hill Road,0,,0,,0,Dark,832900,0,0,0,2,0,0,0,0,0,,1,1,Auckland Region,Nil,2-way,Sealed,0,0,0,0,60,0,On,0,0,,76,Auckland,Give way,0,0,0,0,0,0,Urban,0,0,0,Light rain,Null
1763274.86,5908275.2181,810120,,524402,0,,0,2,,North,2025/2026,MASSEY ROAD,SAVILL DRIVE,,Minor Crash,No,2025,,South,,0,,Hill Road,,,,,,Dark,749900,1,0,0,4,,,0,,,,,,Auckland Region,Bridge,2-way,Sealed,,0,0,,50,,On,1,0,,76,Auckland,Nil,,,,,0,0,Urban,0,,,Fine,Null
1761370.3226,5920139.6957,810126,,516400,0,0,0,1,0,West,2023/2024,TAMAKI DRIVE,POKANOA POINT ENT,,Non-Injury Crash,No,2023,0,East,0,0,0,Flat,0,Christmas New Year,0,,0,Dark,496600,0,0,0,3,0,0,0,0,0,,0,0,Auckland Region,Nil,2-way,Sealed,0,0,0,0,50,0,On,0,0,,76,Auckland,Give way,0,0,0,1,0,0,Urban,0,0,0,Light rain,Null
1755242.6479,5939473.5543,810141,,508900,0,0,0,0,0,Null,2023/2024,VAUGHANS ROAD,TE ONEROA WAY,,Non-Injury Crash,No,2023,0,East,0,0,0,Flat,0,Christmas New Year,0,,0,Dark,178304,0,0,0,2,0,0,0,0,0,,0,1,Auckland Region,Nil,2-way,Sealed,0,0,0,0,50,0,On,0,0,,76,Auckland,Give way,0,0,0,0,0,0,Urban,1,0,0,Light rain,Null
1756474.8789,5919390.893,810157,,514102,0,,0,1,,East,2025/2026,KARANGAHAPE ROAD,HOWE STREET,,Non-Injury Crash,No,2025,,West,,0,,Flat,,,,,,Overcast,436001,0,0,0,5,,,0,,,,,,Auckland Region,Nil,2-way,Sealed,,0,0,,30,,Off,1,0,,76,Auckland,Nil,,,,,0,0,Urban,1,,,Light rain,Null
1765346.5032,5899361.6895,810165,,524822,0,0,0,2,0,Null,2025/2026,PALMERS ROAD,PITT AVENUE,,Non-Injury Crash,No,2025,0,West,0,0,0,Hill Road,0,,0,,0,Dark,774440,0,0,0,1,0,0,0,0,2,,0,0,Auckland Region,Nil,2-way,Sealed,0,0,0,0,50,0,On,0,0,,76,Auckland,Give way,0,0,0,0,1,0,Urban,0,0,0,Light rain,Null
1763449.0611,5910866.969,810180,,520500,0,,0,1,,South,2023/2024,GREAT SOUTH ROAD,MOUNT RICHMOND ENT,,Non-Injury Crash,No,2024,,South,,0,,Flat,,,,,,Dark,637900,0,0,0,4,,,0,,,,,,Auckland Region,Nil,2-way,Sealed,,0,0,,50,,On,1,0,,76,Auckland,Nil,,,,,0,0,Urban,0,,,Fine,Null
1765258.6349,5907427.7984,810181,,522301,0,,0,2,,Null,2025/2026,GREAT SOUTH ROAD,KAUTAMI AVENUE,,Non-Injury Crash,No,2025,,North,,0,,Flat,,,,,,Dark,666100,0,0,0,2,,,0,,,,,,Auckland Region,Nil,2-way,Sealed,,0,0,,50,,On,0,0,,76,Auckland,Give way,,,,,0,0,Urban,0,,,Fine,Null
1755026.8852,5915838.6756,810217,,517703,0,,0,2,,Null,2023/2024,TRANMERE ROAD,ARABI STREET,,Non-Injury Crash,No,2024,,East,,0,,Flat,,,,,,Dark,538100,0,0,0,2,,,0,,,,,,Auckland Region,Nil,2-way,Sealed,,0,0,,30,,On,0,0,,76,Auckland,Stop,,,,,0,0,Urban,0,,,Fine,Null
1790129.4131,5890951.5463,810219,,521132,0,,0,0,,West,2025/2026,MOUMOUKAI ROAD,REPEATER ROAD,,Minor Crash,No,2026,,West,,0,,Hill Road,,,,,,Bright sun,815607,1,0,0,2,,,0,,,,,,Auckland Region,Nil,2-way,Unsealed,,0,0,,60,,None,1,0,,76,Auckland,Nil,,,,,0,0,Urban,0,,,Fine,Null
1755253.6435,5936290.2832,810226,,507000,0,0,0,1,0,North,2025/2026,ALEXANDER AVENUE,FINCHLEY ROAD,,Non-Injury Crash,No,2025,0,North,0,0,0,Null,0,,0,,0,Unknown,163903,0,0,0,0,0,0,0,0,1,,0,0,Auckland Region,Nil,Null,Null,0,0,0,0,,0,Null,0,0,,76,Auckland,Nil,0,0,0,0,1,0,Urban,0,0,0,Null,Null
1747687.7182,5914535.3427,810233,,511100,0,,0,1,,West,2025/2026,GREAT NORTH ROAD,PALM COURT DRIVE,,Minor Crash,No,2025,,North,,0,,Hill Road,,Christmas New Year,,,,Dark,285100,1,1,0,4,,,0,,,,,,Auckland Region,Nil,2-way,Sealed,,0,0,,50,,On,0,0,,76,Auckland,Nil,,,,,0,0,Urban,0,,,Fine,Strong wind
1757458.9591,5918750.0839,810241,,514302,0,,0,1,,East,2025/2026,SOUTHERN MOTORWAY,PORT TO SOUTHERN LINK,,Non-Injury Crash,Yes,2025,,South,,0,,Hill Road,,,,,,Bright sun,442500,0,0,0,3,,,0,,,,,,Auckland Region,Motorway ramp,1-way,Sealed,,0,0,,80,,Off,0,0,,76,Auckland,Nil,,,,,1,0,Open,0,,,Fine,Null
1744875.8745,5922339.1125,810248,,513530,0,,0,2,,Null,2025/2026,ROYAL ROAD,COLWILL ROAD,,Minor Crash,No,2025,,West,,0,,Hill Road,,Christmas New Year,,,,Overcast,224423,1,0,0,2,,,0,,,,,,Auckland Region,Nil,2-way,Sealed,,0,0,,50,,None,0,0,,76,Auckland,Stop,,,,,0,0,Urban,0,,,Fine,Null
1766630.388,5902677.3972,810255,,524602,0,0,0,1,0,West,2023/2024,KERRS ROAD,DALGETY DRIVE,,Non-Injury Crash,No,2024,0,South,0,0,0,Flat,0,,0,,1,Overcast,780407,0,0,0,2,0,0,0,0,1,,0,0,Auckland Region,Nil,2-way,Sealed,0,0,0,0,60,0,Off,0,0,,76,Auckland,Nil,0,0,0,0,1,0,Urban,0,0,0,Fine,Strong wind
1759609.6657,5909699.6013,810264,,524002,0,,0,2,,North,2024/2025,SOUTH-WESTERN MOTORWAY,HASTIE FTBR,,Non-Injury Crash,Yes,2025,,South,,0,,Flat,,,,,,Bright sun,722400,0,0,0,3,,,0,,,,,,Auckland Region,Nil,1-way,Sealed,,0,0,,100,,Off,0,1,,76,Auckland,Nil,,,,,0,0,Open,0,,,Fine,Null
1754624.1355,5913906.0381,810280,,518802,0,0,0,1,0,Null,2024/2025,STODDARD ROAD,MAY ROAD,,Non-Injury Crash,No,2025,0,East,0,0,0,Flat,0,,0,,0,Overcast,579900,0,0,0,4,0,0,0,0,0,1,0,1,Auckland Region,Nil,2-way,Sealed,0,0,0,0,50,0,Off,0,0,,76,Auckland,Traffic Signals,0,0,0,0,0,0,Urban,1,0,0,Light rain,Null
1754476.1225,5912277.7537,810289,,519002,0,,0,1,,North,2025/2026,DOMINION ROAD EXTENSION,BUDGEN STREET,,Serious Crash,No,2025,,South,,0,,Flat,,,,,,Bright sun,589501,1,0,0,2,,,0,,,,,,Auckland Region,Nil,2-way,Sealed,,0,1,,50,,On,0,0,,76,Auckland,Nil,,,,,0,0,Urban,1,,,Fine,Null
1761982.1586,5913425.8747,810305,,520500,0,,0,0,,Null,2025/2026,PENROSE ROAD,GREAT SOUTH ROAD,,Non-Injury Crash,No,2025,,South,,0,,Null,,,,,,Bright sun,637100,0,0,0,3,,,0,,,,,,Auckland Region,Nil,2-way,Sealed,,0,0,,50,,Null,2,0,,76,Auckland,Traffic Signals,,,,,0,0,Urban,0,,,Fine,Null
1756939.9837,5912036.4335,810311,,519810,0,0,0,1,0,North,2023/2024,FREDERICK STREET,PALLISTER DRIVE,,Non-Injury Crash,No,2023,0,West,0,0,0,Hill Road,0,,0,,0,Bright sun,597400,0,0,0,2,0,0,1,0,1,,0,0,Auckland Region,Nil,1-way,Sealed,0,0,0,0,50,0,None,0,0,,76,Auckland,Nil,0,0,0,0,0,0,Urban,1,0,0,Fine,Null
1769833.6955,5913497.6443,810320,45,522722,0,0,0,1,0,North,2025/2026,AVIEMORE DRIVE,DE QUINCEY TERRACE,,Non-Injury Crash,No,2025,0,South,0,0,1,Hill Road,0,Christmas New Year,0,,0,Overcast,681336,0,0,0,2,0,0,0,0,0,,1,0,Auckland Region,Nil,2-way,Sealed,0,0,0,0,50,0,Off,0,0,,76,Auckland,Nil,0,0,0,0,0,0,Urban,0,0,0,Fine,Null
1754812.1296,5913801.1192,810329,,518803,0,0,0,2,0,West,2025/2026,DENBIGH AVENUE,RADNOR ROAD,,Non-Injury Crash,No,2025,0,West,0,0,0,Flat,0,,0,,0,Dark,581700,0,0,0,2,0,0,0,0,1,,0,0,Auckland Region,Nil,2-way,Sealed,0,0,0,0,50,0,On,0,0,,76,Auckland,Nil,0,0,0,0,0,0,Urban,0,0,0,Fine,Null
1759239.1601,5911964.5358,810345,,519820,0,,0,1,,Null,2025/2026,PRINCES STREET,GALWAY STREET,,Non-Injury Crash,No,2025,,East,,0,,Flat,,,,,,Bright sun,602401,0,0,0,2,,,0,,,,,,Auckland Region,Nil,2-way,Sealed,,0,0,,50,,Off,1,0,,76,Auckland,Stop,,,,,0,0,Urban,0,,,Fine,Null
1749982.988,5945224.1707,810351,,506003,0,0,0,1,0,South,2023/2024,PETERS WAY,FORGE ROAD,,Non-Injury Crash,No,2023,0,West,0,0,0,Hill Road,0,,0,,1,Bright sun,175702,0,0,0,2,0,0,0,0,0,,0,0,Auckland Region,Nil,2-way,Sealed,0,0,0,0,50,0,Off,0,0,,76,Auckland,Nil,0,0,0,0,0,0,Urban,0,0,0,Fine,Null
1754954.0663,5934486.3254,810360,,507200,0,0,0,2,0,West,2025/2026,ARRAN ROAD,PHILLIPA PLACE,,Non-Injury Crash,No,2025,0,South,0,0,0,Null,0,,0,,0,Unknown,156301,0,0,0,2,0,0,0,0,1,,0,0,Auckland Region,Nil,2-way,Sealed,0,0,0,0,50,0,Null,0,0,,76,Auckland,Nil,0,0,0,0,0,0,Urban,0,0,0,Null,Null
1782187.4478,5925660.1427,810375,,520801,0,,0,1,,Null,2023/2024,WHARF ROAD,PUTIKI ROAD,,Minor Crash,No,2024,,South,,0,,Flat,,,,,,Bright sun,515314,1,0,1,2,,,0,,,,,,Auckland Region,Nil,2-way,Sealed,,0,0,,50,,None,0,0,,76,Auckland,Stop,,,,,0,0,Urban,0,,,Fine,Null
1765872.07,5913121.797,810384,,522920,0,,0,0,,East,2025/2026,PAKURANGA HIGHWAY,MILLEN UNDERPASS,,Non-Injury Crash,No,2025,,West,,0,,Null,,,,,,Bright sun,683100,0,0,0,2,,,0,,,,,,Auckland Region,Nil,1-way,Sealed,,0,0,,80,,Off,0,0,,76,Auckland,Nil,,,,,0,0,Open,1,,,Fine,Null
1756910.3581,5919164.8676,810385,,514200,1,,0,0,,Null,2024/2025,UPPER QUEEN STREET,IAN MCKINNON DRIVE,,Serious Crash,No,2024,,South,,0,,Flat,,,,,,Dark,412900,1,0,0,4,,,0,,,1,,,Auckland Region,Nil,2-way,Sealed,,0,1,,50,,On,0,0,,76,Auckland,Traffic Signals,,,,,0,1,Urban,0,,,Fine,Null
1768137.415,5904068.7976,810393,,523820,0,0,0,1,0,South,2025/2026,SOUTH-WESTERN MOTORWAY,AIRPORT OFF RAMP,,Non-Injury Crash,Yes,2025,0,South,0,0,0,Flat,1,,0,,0,Dark,759901,0,0,0,2,0,0,0,0,0,,0,0,Auckland Region,Nil,1-way,Sealed,0,0,0,0,100,0,On,0,0,,76,Auckland,Nil,0,0,0,0,0,0,Open,0,0,0,Fine,Null
1750117.6504,5912325.4159,810399,,511402,0,0,0,2,0,North,2022/2023,GOLF ROAD,ASTLEY AVENUE,,Non-Injury Crash,No,2023,0,North,0,0,0,Flat,0,,0,,0,Overcast,260400,0,0,0,2,0,0,0,0,1,,0,0,Auckland Region,Nil,2-way,Sealed,0,0,0,0,50,0,Off,0,0,,76,Auckland,Nil,0,0,0,0,0,0,Urban,0,0,0,Fine,Null
1766996.5533,5913381.0724,810406,,522820,0,0,0,2,0,Null,2025/2026,PAKURANGA ROAD,WILLIAM ROBERTS ROAD,,Non-Injury Crash,No,2025,0,West,0,0,0,Hill Road,0,,0,,0,Bright sun,694900,0,0,0,6,0,0,0,0,0,,0,0,Auckland Region,Nil,2-way,Sealed,0,0,0,0,60,0,Off,0,0,,76,Auckland,Traffic Signals,0,0,0,0,0,0,Urban,0,1,0,Fine,Null
1758607.2749,5912310.9119,810422,,519810,0,0,0,0,0,South,2025/2026,HILL STREET,ARTHUR STREET,,Non-Injury Crash,No,2025,0,North,0,0,0,Flat,0,,0,,0,Unknown,598800,0,0,0,2,0,0,0,0,1,,0,0,Auckland Region,Nil,2-way,Sealed,0,0,0,0,50,0,Off,0,0,,76,Auckland,Nil,0,0,0,0,1,0,Urban,1,0,0,Fine,Null
1750416.6455,5926933.7661,810445,,510010,0,,0,2,,East,2025/2026,BEACH HAVEN ROAD,CRESTA AVENUE,,Non-Injury Crash,No,2025,,East,,0,,Flat,,,,,,Bright sun,341900,0,0,0,2,,,0,,,,,,Auckland Region,Nil,2-way,Sealed,,0,0,,50,,Off,0,0,,76,Auckland,Nil,,,,,0,0,Urban,0,,,Fine,Null
1763988.9669,5912109.7992,810451,,520500,0,,0,1,,Null,2023/2024,MOUNT WELLINGTON HIGHWAY,CLEMOW DRIVE,,Non-Injury Crash,No,2023,,South,,0,,Flat,,,,,,Overcast,639500,0,0,0,3,,,0,,,,,,Auckland Region,Nil,1-way,Sealed,,0,0,,50,,Off,0,0,,76,Auckland,Give way,,,,,0,0,Urban,1,,,Light rain,Null
1745208.9932,5942074.8802,810461,,506614,0,0,0,0,0,West,2025/2026,HORSESHOE BUSH ROAD,LIME ACCESS ROAD,,Fatal Crash,No,2026,0,East,1,1,0,Hill Road,0,,0,,0,Dark,177802,0,0,1,2,0,0,0,0,0,,0,0,Auckland Region,Nil,2-way,Sealed,0,0,0,0,80,0,None,0,0,,76,Auckland,Nil,0,0,0,0,0,0,Open,0,0,0,Fine,Null
1749501.4791,5948586.8598,810467,,505806,0,,0,1,,North,2023/2024,ARRAN DRIVE,MILLWATER PARKWAY,,Non-Injury Crash,No,2023,,North,,0,,Hill Road,,,,,,Overcast,176501,0,0,0,2,,,0,,,,,,Auckland Region,Bridge,2-way,Sealed,,0,0,,50,,Off,0,0,30,76,Auckland,Nil,,,,,1,0,Urban,0,,,Heavy rain,Null
1764510.8987,5877796.0841,810475,,521121,0,,0,1,,Null,2023/2024,WAIUKU ROAD,AKA AKA ROAD,,Serious Crash,No,2024,,West,,0,,Hill Road,,,,,,Overcast,825301,0,0,0,2,,,0,,,,,,Auckland Region,Nil,2-way,Sealed,,0,1,,60,,None,0,0,,76,Auckland,Stop,,,,,0,0,Urban,1,,,Light rain,Null