X,Y,OBJECTID,advisorySpeed,areaUnitID,bicycle,bridge,bus,carStationWagon,cliffBank,crashDirectionDescription,crashFinancialYear,crashLocation1,crashLocation2,crashRoadSideRoad,crashSeverity,crashSHDescription,crashYear,debris,directionRoleDescription,ditch,fatalCount,fence,flatHill,guardRail,holiday,houseOrBuilding,intersection,kerb,light,meshblockId,minorInjuryCount,moped,motorcycle,NumberOfLanes,objectThrownOrDropped,otherObject,otherVehicleType,overBank,parkedVehicle,pedestrian,phoneBoxEtc,postOrPole,region,roadCharacter,roadLane,roadSurface,roadworks,schoolBus,seriousInjuryCount,slipOrFlood,speedLimit,strayAnimal,streetLight,suv,taxi,temporarySpeedLimit,tlaId,tlaName,trafficControl,trafficIsland,trafficSign,train,tree,truck,unknownVehicleType,urban,vanOrUtility,vehicle,waterRiver,weatherA,weatherB
1764978.5121,5916802.3097,810484,,517201,0,,0,2,,Null,2024/2025,MERTON ROAD,FELTON MATHEW AVENUE,,Non-Injury Crash,No,2025,,North,,0,,Null,,,,,,Overcast,464200,0,0,0,2,,,0,,,,,,Auckland Region,Nil,1-way,Sealed,,0,0,,50,,Null,0,0,,76,Auckland,Give way,,,,,0,0,Urban,0,,,Fine,Null
1758080.4084,5917584.4272,810499,,515700,0,,0,3,,North,2023/2024,GILLIES AVENUE,ALPERS AVENUE,,Non-Injury Crash,No,2023,,North,,0,,Hill Road,,,,,,Overcast,443700,0,0,0,4,,,0,,,,,,Auckland Region,Nil,2-way,Sealed,,0,0,,50,,Off,0,0,,76,Auckland,Nil,,,,,0,0,Urban,1,,,Fine,Null
1769033.4286,5902572.2335,810516,,524901,0,,0,1,,South,2025/2026,SOUTHERN MOTORWAY,PUHINUI STM BR,,Non-Injury Crash,Yes,2025,,North,,0,,Flat,,,,,,Overcast,755000,0,0,0,3,,,0,,,,,,Auckland Region,Nil,1-way,Sealed,,0,0,,100,,Off,0,0,,76,Auckland,Nil,,,,,1,0,Open,0,,,Fine,Null
1747906.5445,5926364.0246,810523,,513431,0,,0,3,,Null,2025/2026,CLARK ROAD,SQUADRON DRIVE,,Minor Crash,No,2025,,South,,0,,Flat,,,,,,Overcast,222800,2,0,0,2,,,0,,,,,,Auckland Region,Nil,2-way,Sealed,,0,0,,50,,Off,0,0,,76,Auckland,Stop,,,,,0,0,Urban,0,,,Fine,Null
1767730.1551,5903130.4043,810545,,524602,0,,0,2,,West,2024/2025,KERRS ROAD,INVERELL AVENUE,,Non-Injury Crash,No,2024,,West,,0,,Null,,,,,,Overcast,780407,0,0,0,2,,,0,,,,,,Auckland Region,Nil,2-way,Sealed,,0,0,,50,,Off,0,0,,76,Auckland,Nil,,,,,0,0,Urban,0,,,Light rain,Null
1752034.929,5928630.6749,810569,,508411,0,0,0,0,0,North,2025/2026,LYNN ROAD,HOUSTON PLACE,,Minor Crash,No,2026,0,South,0,0,0,Hill Road,0,,0,,0,Bright sun,185006,1,0,1,2,0,0,0,0,0,,0,0,Auckland Region,Nil,2-way,Sealed,0,0,0,0,50,0,None,0,0,,76,Auckland,Nil,0,0,0,0,0,0,Urban,0,0,0,Fine,Null
1764562.0231,5904491.7142,810577,,522100,0,0,0,1,0,East,2025/2026,PUHINUI ROAD,MILAN ROAD,,Non-Injury Crash,No,2025,0,East,0,0,1,Flat,0,,0,,0,Dark,660200,0,0,0,3,0,0,0,0,0,,0,0,Auckland Region,Nil,2-way,Sealed,0,0,0,0,50,0,On,0,0,,76,Auckland,Nil,0,0,0,0,0,0,Urban,0,0,0,Fine,Null
1765397.4963,5905644.958,810605,,522202,0,0,0,4,0,North,2024/2025,LANDSCAPE ROAD,FAIRVIEW ROAD,,Minor Crash,No,2025,0,North,0,0,0,Flat,0,,0,,0,Bright sun,664900,1,0,0,2,0,0,0,0,1,,0,0,Auckland Region,Nil,2-way,Sealed,0,0,0,0,50,0,Off,0,0,,76,Auckland,Nil,0,0,0,0,0,0,Urban,0,0,0,Fine,Null
1761473.5673,5914255.8736,810620,,520202,0,,0,1,,South,2023/2024,ELLERSLIE-PANMURE HWY ON RAMP,ELLERSLIE-PANMURE HIGHWAY,,Non-Injury Crash,No,2023,,East,,0,,Flat,,,,,,Bright sun,612700,0,0,0,2,,,0,,,,,,Auckland Region,Nil,1-way,Sealed,,0,0,,50,,None,0,0,,76,Auckland,Nil,,,,,0,0,Urban,1,,,Fine,None
1771400.8249,5895507.9001,810628,,525540,0,,0,2,,North,2023/2024,SOUTHERN MOTORWAY,BEACH OBR,,Non-Injury Crash,Yes,2023,,South,,0,,Flat,,,,,,Overcast,806402,0,0,0,2,,,0,,,,,,Auckland Region,Nil,1-way,Sealed,,0,0,,100,,None,1,0,,76,Auckland,Nil,,,,,0,0,Open,0,,,Fine,None
1754873.1562,5916467.2417,810635,,517702,0,,0,2,,Null,2024/2025,ST LUKES ROAD,SANDRINGHAM ROAD,,Non-Injury Crash,No,2024,,West,,0,,Null,,,,,,Bright sun,540300,0,0,0,5,,,0,,,,,,Auckland Region,Nil,2-way,Sealed,,0,0,,50,,Null,0,0,,76,Auckland,Give way,,,,,0,0,Urban,0,,,Fine,Null
1751686.3728,5912015.9228,810642,,514700,0,,0,1,,East,2024/2025,GILL CRESCENT,BLOCKHOUSE BAY ROAD,,Non-Injury Crash,No,2024,,South,,0,,Null,,,,,,Unknown,368500,0,0,0,2,,,0,,,,,,Auckland Region,Nil,2-way,Sealed,,0,0,,30,,Null,0,0,,76,Auckland,Nil,,,,,0,0,Urban,1,,,Fine,Null
1768682.5084,5899485.9035,810644,,525101,0,0,0,1,0,East,2025/2026,MAHIA ROAD,BOON STREET,,Non-Injury Crash,No,2025,0,West,0,0,1,Flat,0,,0,,0,Overcast,770400,0,0,0,2,0,0,0,0,1,,0,0,Auckland Region,Nil,2-way,Sealed,0,0,0,0,50,0,Off,0,0,,76,Auckland,Nil,0,0,0,0,0,0,Urban,1,0,0,Fine,Null
1734249.2136,5933424.7921,810651,,506653,0,0,0,1,0,North,2025/2026,OLD NORTH ROAD,WAIKOUKOU VALLEY ROAD,,Non-Injury Crash,No,2026,0,North,1,0,0,Flat,0,,0,,0,Dark,217704,0,0,0,2,0,0,0,0,0,2,0,0,Auckland Region,Nil,2-way,Sealed,0,0,0,0,80,0,None,0,0,30,76,Auckland,Nil,0,0,0,0,1,0,Open,0,0,0,Light rain,Null
1764006.2343,5915018.746,810667,,520303,0,,0,1,,Null,2025/2026,BARRACK ROAD,ELLERSLIE-PANMURE HIGHWAY,,Minor Crash,No,2026,,North,,0,,Hill Road,,,,,,Bright sun,626901,1,0,0,2,,,0,,,,,,Auckland Region,Nil,2-way,Sealed,,0,0,,50,,On,0,0,,76,Auckland,Give way,,,,,0,0,Urban,1,,,Fine,Null
1770781.9999,5897163.9961,810673,,523912,0,,0,1,,North,2022/2023,SOUTHERN MOTORWAY,PAHUREHURE NO 2 BR,,Non-Injury Crash,Yes,2023,,North,,0,,Flat,,,,,,Dark,767803,0,0,0,3,,,0,,,,,,Auckland Region,Nil,1-way,Sealed,,0,0,,100,,On,0,0,,76,Auckland,Nil,,,,,1,0,Open,0,,,Fine,None
1756544.2014,5919722.7396,810674,,514000,0,,0,1,,North,2025/2026,NORTH-WESTERN TO NORTHERN LINK,HOPETOUN OBR,,Non-Injury Crash,Yes,2025,,North,,0,,Hill Road,,,,,,Bright sun,413300,0,0,0,2,,,0,,,,,,Auckland Region,Motorway ramp,1-way,Sealed,,0,0,,80,,Off,0,0,,76,Auckland,Nil,,,,,0,0,Open,1,,,Fine,Null
1744101.1175,5923616.8939,810712,,513511,0,,0,2,,South,2025/2026,UPPER HARBOUR MOTORWAY,HOBSONVILLE ROAD OFF RAMP,,Minor Crash,Yes,2025,,North,,0,,Flat,,Christmas New Year,,,,Overcast,224303,1,0,0,2,,,0,,,,,,Auckland Region,Motorway ramp,1-way,Sealed,,0,0,,100,,Off,0,0,,76,Auckland,Nil,,,,,0,0,Open,0,,,Light rain,Null
1773993.8899,5895989.6052,810719,,525620,0,0,0,1,0,Null,2025/2026,SETTLEMENT ROAD,HUNUA ROAD,,Non-Injury Crash,No,2025,0,East,0,0,0,Flat,0,,0,,0,Dark,798102,0,0,0,2,0,0,0,0,0,,0,1,Auckland Region,Nil,2-way,Sealed,0,0,0,0,50,0,On,0,0,,76,Auckland,Give way,0,0,0,0,0,0,Urban,0,0,0,Fine,Null
1773173.114,5896437.1128,810734,,525410,0,,0,1,,Null,2024/2025,CLEVEDON ROAD,MARNE ROAD,,Non-Injury Crash,No,2024,,East,,0,,Flat,,,,,,Overcast,793100,0,0,1,2,,,0,,,,,,Auckland Region,Nil,2-way,Sealed,,0,0,,50,,Off,0,0,,76,Auckland,Give way,,,,,0,0,Urban,0,,,Fine,None
1744507.4493,5922537.5495,810736,,513530,0,,0,1,,Null,2025/2026,ROYAL ROAD,ROYAL ROAD ON RAMP,,Non-Injury Crash,No,2026,,West,,0,,Flat,,,,,,Overcast,225802,0,0,0,3,,,0,,,,,,Auckland Region,Nil,2-way,Sealed,,0,0,,50,,Off,0,0,,76,Auckland,Traffic Signals,,,,,0,0,Urban,1,,,Light rain,Null
1768767.6812,5914107.6414,810742,,522723,0,,1,0,,Null,2024/2025,PAKURANGA ROAD,CASCADES ROAD,,Non-Injury Crash,No,2024,,East,,0,,Null,,,,,,Bright sun,681600,0,0,0,6,,,0,,,,,,Auckland Region,Nil,2-way,Sealed,,0,0,,50,,Off,0,0,,76,Auckland,Traffic Signals,,,,,0,0,Urban,1,,,Fine,Null
1753515.3249,5929500.8321,810744,,508411,0,,0,2,,North,2025/2026,GLENFIELD ROAD,JAMES STREET,,Non-Injury Crash,No,2026,,North,,0,,Flat,,,,,,Bright sun,183902,0,0,0,3,,,0,,,,,,Auckland Region,Nil,2-way,Sealed,,0,0,,50,,Null,0,0,,76,Auckland,Nil,,,,,0,0,Urban,0,,,Fine,Null
1767621.7807,5906498.0668,810765,,523602,0,,0,1,,South,2024/2025,BAIRDS ROAD,INGRAM CRESCENT,,Serious Crash,No,2025,,North,,0,,Flat,,,,,,Bright sun,706300,0,0,0,2,,,0,,,1,,,Auckland Region,Nil,2-way,Sealed,,0,1,,50,,Off,0,0,,76,Auckland,Nil,,,,,0,0,Urban,0,,,Fine,Null
1769577.7562,5905414.2672,810773,45,523712,0,0,0,2,0,West,2022/2023,THOMAS ROAD,ASPIRING AVENUE,,Non-Injury Crash,No,2023,0,East,0,0,0,Hill Road,0,,0,,0,Bright sun,716202,0,0,0,2,0,0,0,0,1,,0,0,Auckland Region,Nil,2-way,Sealed,0,0,0,0,50,0,Off,0,0,,76,Auckland,Nil,0,0,0,0,0,0,Urban,0,0,0,Fine,None
1757946.3916,5927261.3151,810782,,508010,0,,0,0,,West,2025/2026,ANZAC STREET,LAKE ROAD,,Serious Crash,No,2025,,West,,0,,Flat,,,,,,Bright sun,327600,0,0,0,1,,,0,,,1,,,Auckland Region,Nil,1-way,Sealed,,0,1,,30,,None,0,0,,76,Auckland,Nil,,,,,0,0,Urban,0,,,Fine,Null
1762683.1679,5912565.6101,810788,,519500,0,,0,2,,Null,2022/2023,GREAT SOUTH ROAD,CHURCH STREET EAST,,Non-Injury Crash,No,2023,,North,,0,,Flat,,,,,,Overcast,622700,0,0,0,4,,,0,,,,,,Auckland Region,Nil,2-way,Sealed,,0,0,,50,,Off,0,0,,76,Auckland,Traffic Signals,,,,,0,0,Urban,0,,,Fine,None
1761298.4819,5914885.7056,810796,,520201,0,,0,2,,West,2024/2025,MAIN HIGHWAY,RAMSGATE STREET,,Non-Injury Crash,No,2024,,West,,0,,Null,,,,,,Unknown,611200,0,0,0,2,,,0,,,,,,Auckland Region,Nil,2-way,Null,,0,0,,50,,Null,0,0,,76,Auckland,Nil,,,,,0,0,Urban,0,,,Null,Null
1743515.0849,5923625.6551,810797,,513511,0,0,0,2,0,Null,2025/2026,PINOT LANE,CABERNET CRESCENT,,Minor Crash,No,2025,0,South,0,0,0,Hill Road,0,,0,,0,Overcast,224306,2,0,0,2,0,0,0,0,1,,0,0,Auckland Region,Nil,2-way,Sealed,0,0,0,0,50,0,Off,2,0,,76,Auckland,Give way,0,0,0,1,0,0,Urban,0,0,0,Light rain,Null
1760888.6488,5915336.5352,810825,,520201,0,0,0,1,0,Null,2023/2024,TECOMA STREET OFF RAMP,KENTUCKY STREET,,Minor Crash,No,2024,0,South,0,0,1,Hill Road,0,,2,,0,Dark,613000,1,0,0,1,0,0,0,0,0,,0,0,Auckland Region,Motorway ramp,1-way,Sealed,0,0,0,0,50,0,On,0,0,,76,Auckland,Stop,1,1,0,0,0,0,Urban,0,0,0,Light rain,Null
1770241.6961,5916247.9413,810840,,522604,0,,0,1,,South,2023/2024,BUCKLANDS BEACH ROAD,LOLOMA DRIVE,,Minor Crash,No,2024,,South,,0,,Flat,,,,,,Overcast,677905,1,0,1,2,,,0,,,,,,Auckland Region,Nil,2-way,Sealed,,0,0,,50,,Off,0,0,,76,Auckland,Nil,,,,,0,0,Urban,0,,,Fine,Null
1743664.4572,5919371.238,810848,,513212,0,,0,3,,Null,2023/2024,SWANSON ROAD,DON BUCK ROAD,,Non-Injury Crash,No,2023,,North,,0,,Flat,,,,,,Bright sun,235711,0,0,0,2,,,0,,,,,,Auckland Region,Nil,2-way,Sealed,,0,0,,50,,Off,0,0,,76,Auckland,Give way,,,,,0,0,Urban,0,,,Fine,Null
1755525.9759,5924675.9546,810856,,509800,0,,0,1,,Null,2025/2026,LAKE ROAD,ONEWA ROAD,,Non-Injury Crash,No,2025,,South,,0,,Null,,,,,,Unknown,360200,0,0,0,4,,,0,,,,,,Auckland Region,Nil,2-way,Null,,0,0,,50,,Null,1,0,,76,Auckland,Traffic Signals,,,,,0,0,Urban,0,,,Null,Null
1757609.7522,5927055.3135,810863,,508010,0,,0,1,,East,2025/2026,ANZAC STREET,ANZAC STREET,,Serious Crash,No,2026,,North,,0,,Flat,,,,,,Bright sun,327700,0,0,0,4,,,0,,,1,,,Auckland Region,Nil,2-way,Sealed,,0,1,,50,,Off,0,0,,76,Auckland,Nil,,,,,0,0,Urban,0,,,Fine,Null
1757739.6735,5919684.5692,810872,,514301,0,,0,2,,South,2025/2026,SH 16,PORT OFF RAMP,,Non-Injury Crash,Yes,2025,,North,,0,,Hill Road,,,,,,Overcast,440400,0,0,0,3,,,0,,,,,,Auckland Region,Nil,1-way,Sealed,,0,0,,80,,Off,0,0,,76,Auckland,Nil,,,,,0,0,Open,0,,,Fine,Null
1757678.863,5918291.6699,810886,,518101,0,,0,2,,Null,2024/2025,SOUTHERN MOTORWAY,KHYBER PASS ROAD OFF RAMP,,Non-Injury Crash,Yes,2025,,North,,0,,Flat,,,,,,Bright sun,543000,0,0,0,4,,,0,,,,,,Auckland Region,Nil,1-way,Sealed,,0,0,,80,,Off,0,0,,76,Auckland,Nil,,,,,0,0,Open,0,,,Fine,Null
1768092.1547,5904381.8224,810910,,523722,0,0,0,1,0,Null,2025/2026,REDOUBT ROAD OFF RAMP,REDOUBT ROAD,,Minor Crash,No,2026,0,South,0,0,0,Flat,0,,0,,0,Dark,715805,1,0,0,2,0,0,0,0,0,,0,0,Auckland Region,Nil,2-way,Sealed,0,0,0,0,50,0,On,0,0,,76,Auckland,Traffic Signals,0,1,0,0,0,0,Urban,0,0,0,Light rain,Null
1752541.4227,5926589.6226,810916,,508220,0,,0,0,,East,2025/2026,ESKDALE ROAD,VERBENA ROAD,,Non-Injury Crash,No,2025,,West,,0,,Flat,,,,,,Bright sun,188601,0,0,0,2,,,0,,,,,,Auckland Region,Nil,2-way,Sealed,,0,0,,50,,Off,2,0,,76,Auckland,Nil,,,,,0,0,Urban,1,,,Fine,Null
1766910.321,5903824.6762,810939,,524604,0,,0,0,,Null,2023/2024,LAMBIE DRIVE OFF RAMP,LAMBIE DRIVE,,Non-Injury Crash,No,2024,,South,,0,,Flat,,,,,,Overcast,780210,0,0,0,2,,,0,,,,,,Auckland Region,Nil,1-way,Sealed,,0,0,,60,,On,0,0,,76,Auckland,Traffic Signals,,,,,0,0,Urban,2,,,Fine,Null
1747297.3504,5926544.9909,810947,,513431,0,0,0,2,0,Null,2025/2026,HOBSONVILLE ROAD,TE AHO MATUA ROAD,,Minor Crash,No,2025,0,South,0,0,0,Flat,0,Christmas New Year,0,,0,Overcast,221907,2,0,0,2,0,0,0,0,2,,0,0,Auckland Region,Nil,2-way,Sealed,0,0,0,0,50,0,Off,1,0,,76,Auckland,Give way,0,0,0,0,0,0,Urban,0,0,0,Fine,Null
1751664.5939,5916970.9998,810960,,514900,0,,0,3,,South,2024/2025,GREAT NORTH ROAD,ALVERSTON STREET,,Non-Injury Crash,No,2024,,North,,0,,Hill Road,,,,,,Bright sun,384701,0,0,0,4,,,0,,,,,,Auckland Region,Nil,2-way,Sealed,,0,0,,50,,Off,0,0,,76,Auckland,Nil,,,,,0,0,Urban,0,,,Fine,Null
1747588.1872,5927061.3365,810968,,513410,0,,0,1,,Null,2024/2025,SQUADRON DRIVE,SQUADRON DRIVE ON RAMP,,Non-Injury Crash,No,2024,,West,,0,,Hill Road,,,,,,Dark,221902,0,0,0,2,,,0,,,,,,Auckland Region,Nil,2-way,Sealed,,0,0,,50,,On,1,0,,76,Auckland,Give way,,,,,0,0,Urban,1,,,Light rain,Null
1746949.8152,5919045.4813,810976,,512402,0,,0,3,,South,2024/2025,TE ATATU ROAD,VERA ROAD,,Non-Injury Crash,No,2024,,North,,0,,Flat,,,,,,Dark,254500,0,0,0,4,,,0,,,,,,Auckland Region,Nil,2-way,Sealed,,0,0,,50,,On,1,0,,76,Auckland,Nil,,,,,0,0,Urban,0,,,Fine,Null
1770625.9743,5911213.8503,810977,,523109,0,,0,2,,Null,2025/2026,CHAPEL ROAD,TI RAKAU DRIVE,,Minor Crash,No,2025,,North,,0,,Flat,,,,,,Dark,711709,1,0,0,2,,,0,,,,,,Auckland Region,Nil,1-way,Sealed,,0,0,,50,,On,0,0,,76,Auckland,Traffic Signals,,,,,0,0,Urban,0,,,Fine,Null
1767212.4457,5906578.3601,810978,,523601,0,0,0,1,0,South,2025/2026,SOUTHERN MOTORWAY,EAST TAMAKI ROAD ON RAMP,,Non-Injury Crash,Yes,2025,0,South,0,0,0,Flat,1,,0,,0,Bright sun,707600,0,0,0,3,0,0,0,0,0,,0,0,Auckland Region,Nil,1-way,Sealed,0,0,0,0,100,0,Off,0,0,,76,Auckland,Nil,0,0,0,0,0,1,Open,0,0,0,Fine,Null
1745379.8433,5916814.8308,810984,,510800,0,,0,2,,Null,2024/2025,RAILSIDE AVENUE,DORA STREET,,Non-Injury Crash,No,2024,,South,,0,,Flat,,,,,,Dark,243100,0,0,0,2,,,0,,,,,,Auckland Region,Nil,2-way,Sealed,,0,0,,50,,On,0,0,,76,Auckland,Give way,,,,,0,0,Urban,0,,,Light rain,Null
1764459.0645,5912959.7721,810986,,520500,0,,0,2,,Null,2025/2026,SOUTH-EASTERN HIGHWAY,CARBINE ROAD,,Non-Injury Crash,No,2025,,East,,0,,Null,,Christmas New Year,,,,Unknown,639100,0,0,0,1,,,0,,,,,,Auckland Region,Nil,1-way,Sealed,,0,0,,50,,Null,0,0,,76,Auckland,Give way,,,,,0,0,Urban,0,,,Null,Null
1747266.954,5921515.5073,810992,,512201,1,,0,0,,Null,2025/2026,OFFROAD SHOPPING CENTRE,,,Minor Crash,No,2025,,South,,0,,Flat,,Christmas New Year,,,,Overcast,248000,1,0,0,0,,,0,,,1,,,Auckland Region,Nil,Off road,Sealed,,0,0,,,,None,0,0,,76,Auckland,Nil,,,,,0,0,Urban,0,,,Fine,Null
1752109.5467,5932451.7037,810993,,508807,0,,0,2,,West,2025/2026,ROSEDALE ROAD,BUSH ROAD,,Non-Injury Crash,No,2025,,West,,0,,Null,,,,,,Bright sun,180302,0,0,0,3,,,0,,,,,,Auckland Region,Nil,2-way,Sealed,,0,0,,50,,Null,0,0,,76,Auckland,Nil,,,,,0,0,Urban,0,,,Fine,Null
1758851.6393,5913536.11,811008,,519710,0,,0,1,,West,2025/2026,CLARKE ROAD,ONEHUNGA MALL,,Non-Injury Crash,No,2025,,West,,0,,Flat,,,,,,Bright sun,595100,0,0,0,2,,,0,,,,,,Auckland Region,Nil,2-way,Sealed,,0,0,,50,,Off,0,0,,76,Auckland,Nil,,,,,1,0,Urban,0,,,Fine,Null
1770502.6503,5901799.3045,811017,,523814,0,0,0,1,0,West,2025/2026,RATHMAR DRIVE,STRATFORD ROAD,,Serious Crash,No,2026,0,West,0,0,0,Flat,0,,0,,0,Dark,759519,0,0,0,2,0,0,0,0,1,,0,0,Auckland Region,Nil,2-way,Sealed,0,0,2,0,50,0,On,1,0,,76,Auckland,Nil,0,0,0,0,0,0,Urban,0,0,0,Fine,Null
1743366.5694,5921090.7649,811023,,513622,0,0,0,2,1,North,2024/2025,DON BUCK ROAD,DONOVAN AVENUE,,Minor Crash,No,2025,0,South,0,0,0,Hill Road,0,Christmas New Year,0,,0,Bright sun,226700,1,0,0,1,0,0,0,0,0,,0,0,Auckland Region,Nil,2-way,Sealed,0,0,0,0,50,0,Off,0,0,,76,Auckland,Nil,0,0,0,0,0,0,Urban,0,0,0,Fine,Null
1761237.1074,5916173.3725,811025,,516003,0,,0,2,,Null,2025/2026,LADIES MILE,PEACH PARADE,,Non-Injury Crash,No,2025,,North,,0,,Flat,,,,,,Overcast,494902,0,0,0,3,,,0,,,,,,Auckland Region,Nil,2-way,Sealed,,0,0,,50,,Off,0,0,,76,Auckland,Traffic Signals,,,,,0,0,Urban,0,,,Fine,Null
1762836.8278,5906375.3618,811032,,524302,0,0,0,1,0,Null,2025/2026,RAGLAN STREET,CHEVIOT STREET,,Non-Injury Crash,No,2025,0,West,0,0,0,Flat,0,,0,,0,Overcast,744600,0,0,0,2,0,0,0,0,0,,0,0,Auckland Region,Nil,2-way,Sealed,0,0,0,0,30,0,Off,1,0,,76,Auckland,Nil,0,0,0,0,0,0,Urban,0,1,0,Light rain,Null
1757707.368,5918264.5388,811040,,518101,0,,0,1,,North,2025/2026,SOUTHERN MOTORWAY,MOUNTAIN OBR,,Non-Injury Crash,Yes,2025,,North,,0,,Flat,,,,,,Twilight,543000,0,0,0,4,,,0,,,,,,Auckland Region,Motorway ramp,1-way,Sealed,,0,0,,80,,Off,0,0,,76,Auckland,Nil,,,,,0,0,Open,0,,,Fine,Null
1756535.1584,5932672.9769,811041,,507400,0,,0,1,,Null,2025/2026,HASTINGS ROAD,BEACH ROAD,,Serious Crash,No,2026,,North,,0,,Flat,,,,,,Bright sun,152000,0,0,0,2,,,0,,,1,,,Auckland Region,Nil,2-way,Sealed,,0,0,,50,,Off,0,0,,76,Auckland,Give way,,,,,0,0,Urban,0,,,Fine,Null
1769122.8198,5914622.0163,811055,,522721,0,,0,1,,Null,2025/2026,FORTUNES ROAD,PARK AVENUE,,Minor Crash,No,2025,,South,,0,,Flat,,,,,,Bright sun,680728,1,0,0,2,,,0,,,,,,Auckland Region,Nil,2-way,Sealed,,0,0,,50,,Off,1,0,,76,Auckland,Give way,,,,,0,0,Urban,0,,,Fine,Null
1773138.1161,5889129.089,811056,75,521302,0,,0,0,,East,2025/2026,RUNCIMAN ROAD,NGAKOROA ROAD,,Non-Injury Crash,No,2025,,West,,0,,Flat,,,,,,Dark,807700,0,0,0,2,,,0,,,,,,Auckland Region,Nil,2-way,Sealed,,0,0,,80,,None,0,0,,76,Auckland,Nil,,,,,0,0,Open,1,,,Fine,Null
1758127.4204,5917787.3214,811063,,515700,0,,0,2,,Null,2025/2026,GILLIES AVENUE,GILLIES AVENUE ON RAMP,,Serious Crash,No,2026,,North,,0,,Flat,,,,,,Dark,443700,2,0,0,3,,,0,,,,,,Auckland Region,Motorway ramp,2-way,Sealed,,0,1,,50,,On,0,0,40,76,Auckland,Give way,,,,,0,0,Urban,0,,,Fine,Null
1758672.6572,5906764.1851,811080,,524200,0,,1,0,,East,2025/2026,ASCOT ROAD,GREENWOOD ROAD,,Non-Injury Crash,No,2025,,East,,0,,Flat,,,,,,Dark,726400,0,0,0,2,,,0,,,,,,Auckland Region,Nil,2-way,Sealed,,0,0,,50,,On,1,0,,76,Auckland,Nil,,,,,0,0,Urban,0,,,Fine,Null
1729589.5834,5939874.2468,811087,,506800,0,0,0,3,0,Null,2024/2025,COMMERCIAL ROAD,RATA STREET,,Non-Injury Crash,Yes,2024,0,North,0,0,0,Flat,0,,0,,0,Dark,209100,0,0,0,2,0,0,0,0,1,,0,0,Auckland Region,Nil,2-way,Sealed,0,0,0,0,50,0,On,0,0,,76,Auckland,Nil,0,0,0,0,0,0,Urban,2,0,0,Fine,Null
1759210.8273,5906572.991,811088,,524200,0,0,0,1,0,Null,2025/2026,KIRKBRIDE ROAD OFF RAMP,KIRKBRIDE ROAD,,Non-Injury Crash,No,2025,0,North,0,0,0,Flat,0,,0,,0,Dark,726400,0,0,0,2,0,0,0,0,0,,0,0,Auckland Region,Motorway ramp,1-way,Sealed,0,0,0,0,60,0,On,0,0,,76,Auckland,Traffic Signals,0,1,0,0,0,0,Urban,0,0,0,Fine,Null
1745414.94,5947759.235,811105,,506614,0,0,0,1,0,East,2025/2026,WAINUI ROAD,WINDMILL DRIVE,,Minor Crash,No,2026,0,East,1,0,1,Flat,0,,0,,0,Bright sun,177403,1,0,0,2,0,0,0,0,0,,0,0,Auckland Region,Nil,2-way,Sealed,0,0,0,0,100,0,None,0,0,,76,Auckland,Nil,0,0,0,1,0,0,Open,0,0,0,Fine,Null
1768909.23,5914219.5707,811119,,522721,0,,0,1,,East,2025/2026,PAKURANGA ROAD,CASCADES ROAD,,Non-Injury Crash,No,2026,,West,,0,,Flat,,,,,,Overcast,681215,0,0,0,6,,,0,,,,,,Auckland Region,Nil,2-way,Sealed,,0,0,,50,,Off,1,0,,76,Auckland,Nil,,,,,0,0,Urban,0,,,Fine,Null
1753112.1022,5914177.6565,811129,,514500,0,,0,1,,Null,2025/2026,MAIORO STREET,ROSEVILLE STREET,,Serious Crash,No,2025,,East,,0,,Flat,,,,,,Bright sun,376800,0,0,0,4,,,0,,,1,,,Auckland Region,Nil,2-way,Sealed,,0,1,,50,,Off,0,0,,76,Auckland,Give way,,,,,0,0,Urban,0,,,Fine,Null
1745151.0493,5916754.0917,811135,,510800,0,,0,2,,South,2024/2025,HENDERSON VALLEY ROAD,HICKORY AVENUE,,Non-Injury Crash,No,2025,,South,,0,,Flat,,,,,,Bright sun,241700,0,0,0,2,,,0,,,,,,Auckland Region,Nil,2-way,Sealed,,0,0,,50,,Off,0,0,,76,Auckland,Nil,,,,,0,0,Urban,0,,,Fine,Null
1749860.6736,5943873.3408,811136,,506003,0,0,0,1,0,East,2024/2025,SPUR ROAD,AUBREY ROAD,,Minor Crash,No,2025,0,East,0,0,0,Flat,0,,0,,0,Dark,175813,3,0,0,2,0,0,0,0,0,,0,0,Auckland Region,Nil,2-way,Sealed,0,0,0,0,60,2,Off,0,0,,76,Auckland,Nil,0,0,0,0,1,0,Urban,1,0,0,Fine,Null
1751848.7653,5917501.5292,811137,,514900,0,,0,2,,North,2025/2026,GREAT NORTH ROAD,HERDMAN STREET,,Minor Crash,No,2025,,South,,0,,Flat,,,,,,Bright sun,385803,1,0,0,4,,,0,,,,,,Auckland Region,Nil,2-way,Sealed,,0,0,,50,,Off,0,0,,76,Auckland,Nil,,,,,0,0,Urban,1,,,Fine,Null