X,Y,OBJECTID,advisorySpeed,areaUnitID,bicycle,bridge,bus,carStationWagon,cliffBank,crashDirectionDescription,crashFinancialYear,crashLocation1,crashLocation2,crashRoadSideRoad,crashSeverity,crashSHDescription,crashYear,debris,directionRoleDescription,ditch,fatalCount,fence,flatHill,guardRail,holiday,houseOrBuilding,intersection,kerb,light,meshblockId,minorInjuryCount,moped,motorcycle,NumberOfLanes,objectThrownOrDropped,otherObject,otherVehicleType,overBank,parkedVehicle,pedestrian,phoneBoxEtc,postOrPole,region,roadCharacter,roadLane,roadSurface,roadworks,schoolBus,seriousInjuryCount,slipOrFlood,speedLimit,strayAnimal,streetLight,suv,taxi,temporarySpeedLimit,tlaId,tlaName,trafficControl,trafficIsland,trafficSign,train,tree,truck,unknownVehicleType,urban,vanOrUtility,vehicle,waterRiver,weatherA,weatherB
1762202.1412,5913640.1067,811144,,520402,0,,0,3,,South,2024/2025,SOUTHERN MOTORWAY,PENROSE OBR,,Non-Injury Crash,Yes,2025,,South,,0,,Flat,,,,,,Dark,642200,0,0,0,3,,,0,,,,,,Auckland Region,Nil,1-way,Sealed,,0,0,,100,,On,0,0,,76,Auckland,Nil,,,,,0,0,Open,1,,,Fine,Null
1759596.151,5912589.1967,811151,,520000,0,0,0,2,0,North,2024/2025,VICTORIA STREET,ARTHUR STREET,,Non-Injury Crash,No,2024,0,North,0,0,0,Flat,0,,0,,0,Dark,605900,0,0,0,2,0,0,0,0,1,,0,0,Auckland Region,Nil,2-way,Sealed,0,0,0,0,50,0,On,0,0,,76,Auckland,Nil,0,0,0,0,0,0,Urban,0,0,0,Fine,None
1737367.437,5954011.4184,811152,,506614,0,0,0,1,1,North,2025/2026,TAHEKEROA ROAD,TIRO WAINUI ROAD,,Non-Injury Crash,No,2025,0,North,0,0,0,Hill Road,0,,0,,0,Overcast,177000,0,0,0,2,0,0,0,0,0,,0,0,Auckland Region,Nil,2-way,Unsealed,0,0,0,0,100,0,None,0,0,,76,Auckland,Nil,0,0,0,0,0,0,Open,0,0,0,Light rain,Null
1745366.573,5920358.7961,811160,,513301,0,,0,1,,Null,2025/2026,LINCOLN ROAD,CENTRAL PARK DRIVE,,Serious Crash,No,2025,,North,,0,,Flat,,,,,,Dark,230302,0,0,0,5,,,0,,,1,,,Auckland Region,Nil,2-way,Sealed,,0,1,,50,,On,0,0,,76,Auckland,Give way,,,,,0,0,Urban,0,,,Fine,Null
1756974.9499,5919190.246,811161,,514200,0,0,0,1,0,Null,2025/2026,NORTH-WESTERN MOTORWAY,PORT TO NORTHERN LINK,,Minor Crash,Yes,2026,0,West,0,0,0,Flat,1,,0,,0,Dark,412302,1,0,0,2,0,0,0,0,0,,0,0,Auckland Region,Nil,1-way,Sealed,0,0,0,0,80,0,On,0,0,,76,Auckland,Nil,0,0,0,0,0,0,Open,0,0,0,Fine,Null
1769878.1757,5899826.0265,811167,,523920,0,,0,3,,South,2024/2025,SOUTHERN MOTORWAY,MANUREWA-TAKANINI ON RAMP,,Non-Injury Crash,Yes,2025,,North,,0,,Flat,,,,,,Bright sun,767921,0,0,0,3,,,0,,,,,,Auckland Region,Nil,1-way,Sealed,,0,0,,100,,Off,0,0,,76,Auckland,Nil,,,,,0,0,Open,1,,,Fine,Strong wind
1745744.4622,5920560.7472,811175,,513301,0,0,0,1,0,Null,2024/2025,NORTH-WESTERN MOTORWAY,LINCOLN ROAD ON RAMP,,Non-Injury Crash,Yes,2025,0,South,0,0,0,Flat,1,,0,,0,Bright sun,230200,0,0,0,3,0,0,0,0,0,,0,0,Auckland Region,Motorway ramp,1-way,Sealed,0,0,0,0,100,0,Off,0,0,,76,Auckland,Nil,0,0,0,0,0,0,Open,0,0,0,Fine,Null
1753895.7421,5927586.0741,811176,,508310,0,0,0,3,0,East,2024/2025,MARLBOROUGH AVENUE,MULBERRY PLACE,,Non-Injury Crash,No,2025,0,West,0,0,0,Hill Road,0,,0,,0,Bright sun,201501,0,0,0,2,0,0,0,0,2,,0,0,Auckland Region,Nil,2-way,Sealed,0,0,0,0,50,0,Off,0,0,,76,Auckland,Nil,0,0,0,0,0,0,Urban,1,0,0,Fine,Null
1768114.8503,5903272.8235,811183,,524602,0,0,0,1,0,Null,2025/2026,GREAT SOUTH ROAD,KERRS ROAD,,Non-Injury Crash,No,2025,0,North,0,0,0,Flat,0,,0,,0,Dark,780506,0,0,0,5,0,0,0,0,0,,0,0,Auckland Region,Nil,2-way,Sealed,0,0,0,0,50,0,On,0,0,,76,Auckland,Traffic Signals,0,1,0,0,0,0,Urban,0,0,0,Heavy rain,Strong wind
1756932.7204,5927187.563,811185,,507900,0,,0,2,,West,2025/2026,KARAKA STREET,TAHAROTO ROAD,,Non-Injury Crash,Unknown,2026,,West,,0,,Null,,,,,,Overcast,303700,0,0,0,2,,,0,,,,,,Auckland Region,Nil,2-way,Sealed,,0,0,,50,,Null,0,0,,76,Auckland,Nil,,,,,0,0,Urban,0,,,Fine,Null
1768039.8246,5905191.3734,811199,,523722,0,,0,1,,Null,2025/2026,TE IRIRANGI DRIVE,DIORELLA DRIVE,,Non-Injury Crash,No,2025,,East,,0,,Null,,,,,,Dark,715701,0,0,0,3,,,0,,,,,,Auckland Region,Nil,1-way,Sealed,,0,0,,50,,Null,0,0,,76,Auckland,Traffic Signals,,,,,0,0,Urban,1,,,Null,Null
1774119.4157,5896612.7305,811215,,525620,0,0,0,1,0,North,2025/2026,KELVIN ROAD,WILLIS ROAD,,Minor Crash,No,2025,0,North,0,0,0,Flat,0,,0,,0,Twilight,797300,1,0,0,2,0,0,0,0,0,,0,1,Auckland Region,Nil,2-way,Sealed,0,0,0,0,50,0,Off,0,0,,76,Auckland,Nil,0,0,0,0,0,0,Urban,0,0,0,Fine,Null
1767518.024,5906858.8397,811224,,523602,0,0,0,1,0,Null,2024/2025,HANNAH ROAD,KUDU ROAD,,Non-Injury Crash,No,2025,0,South,0,0,0,Flat,0,,0,,0,Bright sun,706000,0,0,0,2,0,0,0,0,0,,0,1,Auckland Region,Nil,2-way,Sealed,0,0,0,0,30,0,Off,0,0,,76,Auckland,Nil,0,0,0,0,0,0,Urban,0,0,0,Fine,Null
1760772.6588,5914129.0841,811278,,519400,0,,0,2,,Null,2025/2026,ROCKFIELD ROAD,GREENPARK ROAD,,Non-Injury Crash,No,2025,,South,,0,,Null,,,,,,Unknown,620000,0,0,0,2,,,0,,,,,,Auckland Region,Nil,2-way,Null,,0,0,,50,,Null,0,0,,76,Auckland,Give way,,,,,0,0,Urban,0,,,Null,Null
1754273.5552,5929213.9481,811286,,508320,0,0,0,2,0,West,2024/2025,WAIRAU ROAD,KATHLEEN STREET,,Non-Injury Crash,No,2025,0,East,0,0,0,Hill Road,0,,0,,0,Overcast,196301,0,0,0,2,0,0,0,0,1,,0,0,Auckland Region,Nil,2-way,Sealed,0,0,0,0,50,0,Off,0,0,,76,Auckland,Nil,0,0,0,0,0,0,Urban,0,0,0,Light rain,Strong wind
1751314.9738,5914034.8687,811287,,514402,0,,0,0,,Null,2024/2025,WOLVERTON STREET,LANSFORD CRESCENT,,Non-Injury Crash,No,2025,,West,,0,,Flat,,,,,,Overcast,379500,0,0,0,4,,,0,,,,,,Auckland Region,Nil,2-way,Sealed,,0,0,,50,,Off,0,0,,76,Auckland,Give way,,,,,0,0,Urban,2,,,Fine,Null
1769127.8469,5901530.2827,811293,,524901,0,,0,1,,Null,2025/2026,HILL ROAD,DENNIS AVENUE,,Non-Injury Crash,No,2025,,North,,0,,Flat,,,,,,Overcast,756700,0,0,0,2,,,0,,,,,,Auckland Region,Nil,2-way,Sealed,,0,0,,50,,Off,1,0,,76,Auckland,Stop,,,,,0,0,Urban,0,,,Light rain,Null
1751421.4177,5934263.8172,811302,,508701,0,0,0,1,0,South,2025/2026,DAIRY FLAT HIGHWAY,OTEHA VALLEY ROAD EXTENSION,,Non-Injury Crash,No,2025,0,North,0,0,0,Flat,0,,0,,0,Bright sun,178800,0,0,0,1,0,0,0,0,1,,0,0,Auckland Region,Nil,1-way,Sealed,0,0,0,0,50,0,Off,0,0,,76,Auckland,Nil,0,0,0,0,0,0,Urban,1,0,0,Fine,Null
1763077.7131,5905281.7194,811309,,524200,0,0,0,1,0,South,2024/2025,SOUTH-WESTERN MOTORWAY,PORTAGE OBR,,Non-Injury Crash,Yes,2025,0,North,0,0,0,Flat,0,,0,,0,Dark,728900,0,0,0,2,0,0,0,0,0,,0,1,Auckland Region,Nil,1-way,Sealed,0,0,0,0,100,0,On,0,0,,76,Auckland,Nil,0,0,0,0,0,0,Open,0,0,0,Fine,Frost
1759513.2225,5908861.7152,811311,,524002,0,,0,2,,Null,2025/2026,CORONATION ROAD,CORONATION ROAD OFF RAMP,,Non-Injury Crash,No,2026,,North,,0,,Flat,,,,,,Dark,724101,0,0,0,1,,,0,,,,,,Auckland Region,Nil,1-way,Sealed,,0,0,,60,,On,0,0,,76,Auckland,Give way,,,,,0,0,Urban,0,,,Fine,Null
1757763.8071,5918213.1093,811317,,515700,0,,0,1,,South,2025/2026,SOUTHERN MOTORWAY,MOUNTAIN OBR,,Non-Injury Crash,Yes,2025,,North,,0,,Flat,,,,,,Bright sun,443600,0,0,0,5,,,0,,,,,,Auckland Region,Nil,1-way,Sealed,,0,0,,80,,Off,0,0,,76,Auckland,Nil,,,,,1,0,Open,0,,,Fine,Null
1747814.5477,5946201.3356,811319,,506201,0,,0,1,,Null,2025/2026,JOHN FAIR DRIVE,AHUTOETOE ROAD,,Non-Injury Crash,No,2025,,West,,0,,Flat,,,,,,Bright sun,176603,0,0,0,2,,,0,,,,,,Auckland Region,Nil,2-way,Sealed,,0,0,,50,,None,0,0,,76,Auckland,Give way,,,,,1,0,Urban,0,,,Light rain,Null
1770158.8659,5904672.563,811325,,523712,0,0,0,0,0,West,2024/2025,REDOUBT ROAD,REDOUBT ROAD,,Non-Injury Crash,No,2025,0,East,0,0,1,Flat,0,,0,,0,Dark,716300,0,0,0,2,0,0,0,0,0,,0,0,Auckland Region,Nil,2-way,Sealed,0,0,0,0,60,0,On,1,0,,76,Auckland,Nil,0,0,0,1,0,0,Urban,0,0,0,Fine,Null
1745214.7837,5936679.1992,811334,,506653,0,,0,1,,South,2025/2026,SUNNYSIDE ROAD,ROBINSON ROAD,,Minor Crash,No,2026,,North,,0,,Flat,,,,,,Bright sun,217201,1,0,0,2,,,0,,,1,,,Auckland Region,Nil,2-way,Sealed,,0,0,,60,,None,0,0,,76,Auckland,Nil,,,,,0,0,Urban,0,,,Fine,Null
1757699.0675,5918271.4247,811341,,518101,0,,0,2,,West,2025/2026,SOUTHERN MOTORWAY,MOUNTAIN OBR,,Minor Crash,Yes,2025,,North,,0,,Flat,,,,,,Bright sun,543000,1,0,0,5,,,0,,,,,,Auckland Region,Nil,1-way,Sealed,,0,0,,80,,Off,1,0,,76,Auckland,Nil,,,,,0,0,Open,0,,,Fine,Null
1754371.524,5914076.1496,811349,,518802,0,0,0,2,0,South,2025/2026,STODDARD ROAD,STODDARD PLACE,,Serious Crash,No,2025,0,South,0,0,0,Flat,0,,0,,0,Bright sun,579000,0,0,0,2,0,0,0,0,1,,0,0,Auckland Region,Nil,2-way,Sealed,0,0,1,0,50,0,Off,0,0,,76,Auckland,Nil,0,0,0,0,0,0,Urban,0,0,0,Fine,Null
1757232.1189,5919370.7987,811372,,514301,1,,1,0,,Null,2024/2025,GRAFTON BRIDGE,SYMONDS STREET,,Non-Injury Crash,No,2025,,North,,0,,Flat,,,,,,Dark,441200,0,0,0,2,,,0,,,1,,,Auckland Region,Bridge,2-way,Sealed,,0,0,,30,,On,0,0,,76,Auckland,Traffic Signals,,,,,0,0,Urban,0,,,Fine,Null
1765206.6577,5909590.8804,811373,,521803,0,,0,2,,North,2025/2026,SOUTHERN MOTORWAY,TAMAKI RIV BR,,Non-Injury Crash,Yes,2026,,South,,0,,Flat,,,,,,Bright sun,788500,0,0,0,4,,,0,,,,,,Auckland Region,Nil,1-way,Sealed,,0,0,,100,,Off,0,0,,76,Auckland,Nil,,,,,0,0,Open,0,,,Fine,Null
1727847.5604,5942079.5432,811412,,506645,0,,1,1,,Null,2025/2026,SPRINGS ROAD,PARKHURST ROAD,,Non-Injury Crash,No,2025,,West,,0,,Flat,,,,,,Unknown,210802,0,0,0,2,,,0,,,,,,Auckland Region,Nil,2-way,Sealed,,0,0,,50,,Null,0,0,,76,Auckland,Give way,,,,,0,0,Urban,0,,,Fine,Null
1766586.3838,5904646.6781,811427,,524603,0,,0,1,,West,2025/2026,CAVENDISH DRIVE,LAMBIE DRIVE,,Minor Crash,No,2025,,West,,0,,Flat,,,,,,Overcast,780202,1,0,1,4,,,0,,,,,,Auckland Region,Nil,2-way,Sealed,,0,0,,50,,Off,0,0,,76,Auckland,Nil,,,,,0,0,Urban,0,,,Fine,Null
1762537.9826,5906929.5484,811442,,524301,0,0,0,1,0,South,2025/2026,BUCKLAND ROAD,ALLEN STREET,,Minor Crash,No,2025,0,North,0,0,0,Flat,0,,0,,0,Dark,746602,1,0,0,2,0,0,0,0,0,,0,0,Auckland Region,Nil,2-way,Sealed,0,0,0,0,50,0,On,0,0,,76,Auckland,Nil,0,0,0,1,0,0,Urban,0,0,0,Fine,Null
1771606.3686,5914028.2394,811443,,521602,0,,0,1,,Null,2025/2026,OFF ROAD-CAR PARK,,,Minor Crash,No,2025,,North,,0,,Flat,,Christmas New Year,,,,Bright sun,648400,1,0,0,,,,0,,,1,,,Auckland Region,Nil,Off road,Sealed,,0,0,,,,Off,0,0,,76,Auckland,Nil,,,,,0,0,Urban,0,,,Fine,Null
1757681.94,5919383.1027,811465,,514301,0,,0,1,,South,2025/2026,GRAFTON ROAD,GATE 2 AUCK HOSP,,Non-Injury Crash,No,2026,,South,,0,,Hill Road,,,,,,Overcast,440800,0,0,0,2,,,0,,,,,,Auckland Region,Nil,2-way,Sealed,,0,0,,50,,Null,0,0,,76,Auckland,Nil,,,,,0,0,Urban,1,,,Light rain,Null
1759946.2619,5946791.0147,811471,,505904,0,0,0,1,0,East,2025/2026,GULF HARBOUR DRIVE,BINNACLE RISE,,Minor Crash,No,2025,0,East,0,0,0,Hill Road,0,,0,,0,Dark,174906,1,0,0,2,0,0,0,0,0,,0,1,Auckland Region,Nil,2-way,Sealed,0,0,0,0,50,0,On,0,0,,76,Auckland,Nil,0,0,0,1,0,0,Urban,0,0,0,Light rain,Null
1770445.1437,5906981.3131,811472,,523713,0,,0,2,,Null,2025/2026,GILSTON AVENUE,PENCAITLAND DRIVE,,Non-Injury Crash,No,2026,,West,,0,,Flat,,,,,,Bright sun,713100,0,0,0,0,,,0,,,,,,Auckland Region,Nil,Null,Sealed,,0,0,,,,Null,0,0,,76,Auckland,Give way,,,,,0,0,Urban,0,,,Fine,Null
1766808.2891,5904016.282,811473,,524604,0,,0,2,,North,2025/2026,MANUKAU STATION ROAD,LAMBIE DRIVE,,Non-Injury Crash,No,2026,,West,,0,,Null,,,,,,Unknown,780209,0,0,0,2,,,0,,,,,,Auckland Region,Nil,1-way,Sealed,,0,0,,50,,Null,0,0,,76,Auckland,Nil,,,,,0,0,Urban,0,,,Null,Null
1770658.8668,5904591.4446,811479,35,523712,0,,0,2,,North,2025/2026,MURPHYS ROAD,REDOUBT ROAD,,Non-Injury Crash,No,2025,,East,,0,,Hill Road,,,,,,Bright sun,716300,0,0,0,2,,,0,,,,,,Auckland Region,Nil,2-way,Sealed,,0,0,,60,,None,0,0,30,76,Auckland,Nil,,,,,0,0,Urban,0,,,Fine,Null
1752524.7824,5926600.3656,811480,,508220,0,,0,1,,Null,2025/2026,ESKDALE ROAD,VERBENA ROAD,,Non-Injury Crash,No,2026,,West,,0,,Null,,,,,,Unknown,188601,0,0,0,2,,,0,,,,,,Auckland Region,Nil,2-way,Null,,0,0,,50,,Null,0,0,,76,Auckland,Give way,,,,,0,1,Urban,0,,,Null,Null
1766842.9011,5907922.4231,811481,,523501,0,,0,0,,North,2025/2026,BAIRDS ROAD,FAIR MALL,,Fatal Crash,No,2026,,South,,1,,Flat,,,,,,Overcast,700602,0,0,1,2,,,0,,,,,,Auckland Region,Nil,2-way,Sealed,,0,0,,30,,Off,0,0,,76,Auckland,Nil,,,,,0,0,Urban,1,,,Fine,Strong wind
1766505.4067,5905140.3157,811487,,524603,0,,0,2,,South,2024/2025,LAMBIE DRIVE,IHAKA PLACE,,Non-Injury Crash,No,2025,,South,,0,,Flat,,,,,,Bright sun,780205,0,0,0,4,,,0,,,,,,Auckland Region,Speed hump,2-way,Sealed,,0,0,,50,,Off,0,0,,76,Auckland,Nil,,,,,0,0,Urban,1,,,Fine,Null
1791099.7536,5908894.7441,811495,35,525202,0,0,0,1,0,North,2024/2025,CLEVEDON-KAWAKAWA ROAD,TUREI ROAD,,Non-Injury Crash,No,2025,0,South,1,0,0,Hill Road,0,,0,,0,Overcast,764800,0,0,0,2,0,0,0,0,0,,0,0,Auckland Region,Nil,2-way,Sealed,0,0,0,0,80,0,Off,0,0,,76,Auckland,Nil,0,0,0,0,0,0,Open,1,0,0,Fine,Null
1756812.406,5919372.3097,811512,,514200,0,,0,1,,Null,2025/2026,MERCURY LANE,CROSS STREET,,Serious Crash,No,2026,,North,,0,,Flat,,,,,,Dark,412100,0,0,0,1,,,0,,,1,,,Auckland Region,Nil,1-way,Sealed,,0,1,,30,,On,0,0,,76,Auckland,Nil,,,,,0,0,Urban,0,,,Fine,Null
1767096.9619,5905511.2008,811528,,524603,0,,0,1,,Null,2025/2026,GREAT SOUTH ROAD,PUHINUI ROAD,,Non-Injury Crash,No,2026,,West,,0,,Flat,,,,,,Overcast,780205,0,0,0,1,,,0,,,,,,Auckland Region,Nil,1-way,Sealed,,0,0,,50,,Null,0,0,,76,Auckland,Give way,,,,,0,1,Urban,0,,,Fine,None
1753857.1476,5933590.2553,811542,,508804,0,,0,2,,Null,2024/2025,GREVILLE ROAD,HUGH GREEN DRIVE,,Non-Injury Crash,No,2024,,North,,0,,Hill Road,,,,,,Bright sun,180605,0,0,0,5,,,0,,,,,,Auckland Region,Nil,2-way,Sealed,,0,0,,50,,Off,0,0,,76,Auckland,Traffic Signals,,,,,0,0,Urban,0,,,Fine,Null
1741571.4565,5928464.703,811549,,505604,0,0,0,1,0,North,2024/2025,COATESVILLE-RIVERHEAD HIGHWAY,MOONTIDE ROAD,,Fatal Crash,No,2025,0,North,0,1,0,Hill Road,0,,1,,0,Dark,214502,0,0,0,2,0,0,0,0,0,,0,0,Auckland Region,Nil,2-way,Sealed,0,0,3,0,60,0,On,0,0,,76,Auckland,Nil,0,0,0,1,0,0,Urban,0,0,0,Fine,Frost
1757825.3295,5920086.2344,811550,,514103,0,,0,2,,Null,2025/2026,SYMONDS STREET,GRAFTON ROAD,,Minor Crash,No,2026,,South,,0,,Hill Road,,,,,,Dark,437500,2,0,0,4,,,0,,,,,,Auckland Region,Nil,2-way,Sealed,,0,0,,30,,On,0,0,,76,Auckland,Traffic Signals,,,,,0,0,Urban,0,,,Light rain,Null
1766075.1038,5907679.8242,811563,,522301,0,,0,2,,West,2025/2026,SOUTHERN MOTORWAY,EAST TAMAKI ROAD ON RAMP,,Non-Injury Crash,Yes,2025,,North,,0,,Flat,,,,,,Overcast,666700,0,0,0,3,,,0,,,,,,Auckland Region,Nil,1-way,Sealed,,0,0,,100,,Off,1,0,,76,Auckland,Nil,,,,,0,0,Open,0,,,Fine,Null
1776737.8714,5894944.5171,811572,,521301,0,0,0,1,0,East,2025/2026,HUNUA ROAD,DOMINION ROAD,,Non-Injury Crash,No,2026,0,North,0,0,1,Hill Road,0,Christmas New Year,0,,0,Overcast,807900,0,0,0,2,0,0,0,0,0,,0,0,Auckland Region,Nil,2-way,Sealed,0,0,0,0,60,0,None,0,0,,76,Auckland,Nil,0,0,0,0,0,0,Urban,0,0,0,Fine,Null
1765814.4659,5908310.3187,811580,,523402,0,0,0,1,0,South,2025/2026,BAIRDS ROAD,HELLABYS ROAD,,Non-Injury Crash,No,2025,0,North,0,0,1,Flat,0,,0,,0,Bright sun,697000,0,0,0,1,0,0,0,0,0,,0,0,Auckland Region,Bridge,1-way,Sealed,0,0,0,0,50,0,None,0,0,,76,Auckland,Nil,0,0,0,0,0,0,Urban,0,0,0,Fine,Null
1779261.2745,5887129.2437,811586,,521132,0,0,0,1,0,North,2024/2025,ARARIMU ROAD,FAUSETT ROAD,,Non-Injury Crash,No,2024,0,South,1,0,1,Hill Road,0,,0,,0,Overcast,814403,0,0,0,2,0,0,0,0,0,,0,0,Auckland Region,Nil,2-way,Sealed,0,0,0,0,80,0,None,0,0,,76,Auckland,Nil,0,0,0,0,0,0,Open,0,0,0,Light rain,Null
1760713.8697,5917404.6671,811617,,516202,0,0,0,2,0,Null,2024/2025,ORAKEI ROAD,ARA STREET,,Non-Injury Crash,No,2025,0,North,0,0,0,Flat,0,,0,,0,Dark,489100,0,0,0,2,0,0,0,0,1,,0,0,Auckland Region,Nil,2-way,Sealed,0,0,0,0,50,0,On,0,0,,76,Auckland,Stop,0,0,0,0,0,0,Urban,0,0,0,Fine,Null
1768735.8221,5904544.2355,811642,,523722,0,,0,1,,Null,2024/2025,REDOUBT ROAD,EVERGLADE DRIVE,,Non-Injury Crash,No,2025,,East,,0,,Hill Road,,,,,,Bright sun,715917,0,0,0,4,,,0,,,,,,Auckland Region,Nil,2-way,Sealed,,0,0,,50,,Off,1,0,,76,Auckland,Traffic Signals,,,,,0,0,Urban,0,,,Fine,Null
1758023.3728,5917336.1397,811643,,515700,0,,0,2,,Null,2025/2026,GILLIES AVENUE,ALBURY AVENUE,,Non-Injury Crash,No,2026,,North,,0,,Flat,,,,,,Bright sun,457600,0,0,0,4,,,0,,,,,,Auckland Region,Nil,2-way,Sealed,,0,0,,50,,Off,0,0,,76,Auckland,Give way,,,,,0,0,Urban,0,,,Fine,Null
1745906.5814,5973790.7668,811658,,506661,0,0,0,1,0,North,2025/2026,SH 1,L PHILLIPS ROAD,,Non-Injury Crash,Yes,2026,0,South,0,0,0,Hill Road,1,,0,,0,Bright sun,138900,0,0,0,1,0,0,0,0,0,,0,0,Auckland Region,Nil,1-way,Sealed,0,0,0,0,80,0,None,0,0,,76,Auckland,Nil,0,0,0,0,0,0,Open,0,0,0,Fine,Null
1771356.1129,5895609.765,811666,,521201,0,,1,1,,North,2025/2026,SOUTHERN MOTORWAY,PAPAKURA ON RAMP,,Serious Crash,Yes,2026,,North,,0,,Flat,,,,,,Bright sun,806604,0,0,0,3,,,0,,,,,,Auckland Region,Nil,1-way,Sealed,,0,1,,100,,Off,0,0,,76,Auckland,Nil,,,,,0,0,Open,0,,,Fine,Null
1763475.0906,5909130.924,811679,,521901,0,,0,1,,South,2024/2025,WALMSLEY ROAD,LIPPIATT ROAD,,Non-Injury Crash,No,2024,,North,,0,,Flat,,,,,,Overcast,783400,0,0,0,4,,,0,,,,,,Auckland Region,Nil,2-way,Sealed,,0,0,,50,,Off,0,0,,76,Auckland,Nil,,,,,1,0,Urban,1,,,Fine,Null
1775451.9507,5896900.9634,811680,,525610,0,0,0,2,0,North,2025/2026,KERI VISTA RISE,KOKAKO RISE,,Non-Injury Crash,No,2025,0,East,0,0,0,Flat,0,,0,,0,Dark,799121,0,0,0,2,0,0,0,0,1,,0,0,Auckland Region,Nil,2-way,Sealed,0,0,0,0,50,0,On,0,0,,76,Auckland,Nil,0,0,0,0,0,0,Urban,0,0,0,Fine,Null
1763069.9302,5907938.665,811686,,524301,0,,0,0,,Null,2022/2023,MASSEY ROAD,VINE STREET,,Non-Injury Crash,No,2023,,North,,0,,Flat,,,,,,Bright sun,747500,0,0,0,2,,,0,,,,,,Auckland Region,Nil,2-way,Sealed,,0,0,,50,,Off,1,0,,76,Auckland,Give way,,,,,0,1,Urban,0,,,Light rain,Strong wind
1733142.9669,5929689.1938,811687,,505601,0,,0,0,,Null,2025/2026,SH 16,MURIWAI ROAD,,Minor Crash,Yes,2025,,East,,0,,Flat,,,,,,Bright sun,216208,1,0,1,2,,,0,,,,,,Auckland Region,Nil,2-way,Sealed,,0,0,,50,,Off,1,0,,76,Auckland,Give way,,,,,0,0,Urban,0,,,Fine,Null
1768787.0013,5900959.7255,811710,,524901,0,0,0,1,0,Null,2025/2026,GREAT SOUTH ROAD,HALVER ROAD,,Minor Crash,No,2026,0,North,0,0,0,Flat,1,,0,,0,Bright sun,757300,1,0,0,2,0,0,0,0,0,,0,0,Auckland Region,Nil,2-way,Sealed,0,0,0,0,50,0,None,0,0,,76,Auckland,Stop,0,0,0,0,0,0,Urban,0,0,0,Fine,Null
1755960.5116,5912202.6524,811717,,518701,0,0,0,1,0,South,2025/2026,EATON ROAD,GOAD CRESCENT,,Non-Injury Crash,No,2025,0,North,0,0,0,Hill Road,0,,0,,0,Dark,572801,0,0,0,2,0,0,0,0,1,,0,0,Auckland Region,Nil,2-way,Sealed,0,0,0,0,50,0,On,1,0,,76,Auckland,Nil,0,0,0,0,0,0,Urban,0,0,0,Fine,Null
1759511.2695,5916392.9016,811724,,516002,0,0,0,0,0,East,2025/2026,SOUTHERN MOTORWAY,OMAHU OBR,,Minor Crash,Yes,2025,0,South,0,0,0,Flat,1,,0,,0,Dark,492000,1,0,0,4,0,0,0,0,0,,0,0,Auckland Region,Motorway ramp,1-way,Sealed,0,0,0,0,100,0,On,1,0,,76,Auckland,Nil,0,0,0,0,0,0,Open,0,0,0,Fine,Null
1752746.5272,5918100.1231,811732,,515003,0,0,0,1,0,West,2025/2026,NORTH-WESTERN MOTORWAY,GREAT NORTH ROAD OFF RAMP,,Non-Injury Crash,Yes,2026,0,West,0,0,0,Flat,0,,0,,0,Twilight,390600,0,0,0,4,0,0,0,0,0,,0,0,Auckland Region,Motorway ramp,1-way,Sealed,0,0,0,0,100,0,On,0,0,,76,Auckland,Nil,0,0,0,0,1,0,Open,0,1,0,Fine,Null
1758112.5999,5915500.8812,811738,,515801,0,,0,1,,Null,2024/2025,MANUKAU ROAD,GREEN LANE WEST,,Non-Injury Crash,No,2025,,South,,0,,Flat,,,,,,Overcast,447300,0,0,0,4,,,0,,,,,,Auckland Region,Nil,2-way,Sealed,,0,0,,50,,Off,0,0,,76,Auckland,Traffic Signals,,,,,0,0,Urban,1,,,Fine,Null
1770972.875,5914585.5114,811739,,522722,0,,0,2,,Null,2024/2025,RANGE VIEW ROAD,RIDGE ROAD,,Non-Injury Crash,No,2025,,South,,0,,Hill Road,,,,,,Dark,647601,0,0,0,3,,,0,,,,,,Auckland Region,Nil,2-way,Sealed,,0,0,,50,,On,0,0,,76,Auckland,Traffic Signals,,,,,0,0,Urban,0,,,Fine,Null
1756056.9725,5923757.4292,811740,,509800,0,,0,2,,North,2025/2026,NORTHERN MOTORWAY,NORTHERN MOTORWAY,,Non-Injury Crash,Yes,2025,,North,,0,,Flat,,,,,,Bright sun,358800,0,0,0,5,,,0,,,,,,Auckland Region,Nil,1-way,Sealed,,0,0,,80,,Off,0,0,,76,Auckland,Nil,,,,,0,0,Open,0,,,Fine,Null
1753843.1374,5917074.5579,811746,,517800,0,,0,1,,Null,2024/2025,NEW NORTH ROAD,ALBERTON AVENUE,,Non-Injury Crash,No,2025,,West,,0,,Flat,,,,,,Bright sun,528100,0,0,0,4,,,0,,,,,,Auckland Region,Nil,2-way,Sealed,,0,0,,50,,Null,1,0,,76,Auckland,Traffic Signals,,,,,0,0,Urban,0,,,Fine,Null
1741869.972,5976103.4485,811747,,506661,0,0,0,1,0,East,2025/2026,SH 1,FALLS BR,,Non-Injury Crash,Yes,2025,0,North,0,0,0,Hill Road,1,Christmas New Year,0,,0,Overcast,139000,0,0,0,1,0,0,0,0,0,,0,0,Auckland Region,Nil,1-way,Sealed,0,0,0,0,80,0,None,0,0,,76,Auckland,Nil,0,0,0,0,0,0,Open,0,0,0,Fine,Null