X,Y,OBJECTID,advisorySpeed,areaUnitID,bicycle,bridge,bus,carStationWagon,cliffBank,crashDirectionDescription,crashFinancialYear,crashLocation1,crashLocation2,crashRoadSideRoad,crashSeverity,crashSHDescription,crashYear,debris,directionRoleDescription,ditch,fatalCount,fence,flatHill,guardRail,holiday,houseOrBuilding,intersection,kerb,light,meshblockId,minorInjuryCount,moped,motorcycle,NumberOfLanes,objectThrownOrDropped,otherObject,otherVehicleType,overBank,parkedVehicle,pedestrian,phoneBoxEtc,postOrPole,region,roadCharacter,roadLane,roadSurface,roadworks,schoolBus,seriousInjuryCount,slipOrFlood,speedLimit,strayAnimal,streetLight,suv,taxi,temporarySpeedLimit,tlaId,tlaName,trafficControl,trafficIsland,trafficSign,train,tree,truck,unknownVehicleType,urban,vanOrUtility,vehicle,waterRiver,weatherA,weatherB
1769965.7714,5917252.8653,811762,,522601,0,0,0,1,1,West,2025/2026,LAINGS ROAD,BUCKLANDS BEACH ROAD,,Non-Injury Crash,No,2025,0,North,0,0,0,Hill Road,0,,0,,0,Bright sun,676900,0,0,0,2,0,0,0,0,0,,0,0,Auckland Region,Nil,2-way,Sealed,0,0,0,0,50,0,None,0,0,,76,Auckland,Nil,0,0,0,0,0,0,Urban,0,0,0,Fine,Null
1744918.6465,5921259.7574,811763,,513530,0,,0,1,,West,2025/2026,NORTH-WESTERN MOTORWAY,HURUHURU OBR,,Non-Injury Crash,Yes,2026,,East,,0,,Flat,,,,,,Overcast,226302,0,0,1,3,,,0,,,,,,Auckland Region,Nil,1-way,Sealed,,0,0,,100,,Off,0,0,,76,Auckland,Nil,,,,,0,0,Open,0,,,Fine,Null
1754571.9776,5914651.108,811769,,518802,0,0,0,2,0,North,2024/2025,WAITE AVENUE,GIFFORD AVENUE,,Non-Injury Crash,No,2024,0,North,0,0,0,Flat,0,,0,,0,Dark,577600,0,0,0,2,0,0,0,0,1,,0,0,Auckland Region,Nil,2-way,Sealed,0,0,0,0,50,0,On,0,0,,76,Auckland,Nil,0,0,0,0,0,0,Urban,0,0,0,Fine,Null
1751046.3914,5915869.2991,811770,,514401,0,0,0,2,0,East,2025/2026,VICTOR STREET,WHAUTAPU COURT,,Non-Injury Crash,No,2025,0,West,0,0,0,Hill Road,0,,0,,0,Dark,383300,0,0,0,2,0,0,0,0,1,,0,0,Auckland Region,Nil,2-way,Sealed,0,0,0,0,30,0,On,0,0,,76,Auckland,Nil,0,0,0,0,0,0,Urban,0,0,0,Fine,Null
1766345.8749,5907578.3125,811776,,523601,0,,0,1,,North,2023/2024,EAST TAMAKI ROAD,EAST TAMAKI ROAD OFF RAMP,,Non-Injury Crash,No,2024,,North,,0,,Flat,,,,,,Overcast,708500,0,0,0,3,,,0,,,,,,Auckland Region,Nil,1-way,Sealed,,0,0,,50,,On,0,0,,76,Auckland,Nil,,,,,1,0,Urban,0,,,Light rain,None
1755812.4154,5913206.18,811777,,518701,0,,0,2,,East,2025/2026,SOUTH-WESTERN MOTORWAY,KEITH HAY PARK FTBR,,Non-Injury Crash,Yes,2025,,East,,0,,Flat,,,,,,Bright sun,573800,0,0,0,3,,,0,,,,,,Auckland Region,Nil,1-way,Sealed,,0,0,,100,,Off,0,0,,76,Auckland,Nil,,,,,0,0,Open,0,,,Fine,Null
1772255.266,5896206.4698,811791,,525410,0,,0,1,,Null,2024/2025,ELLIOT STREET,RAY SMALL DRIVE,,Non-Injury Crash,No,2025,,West,,0,,Flat,,,,,,Dark,791802,0,0,0,2,,,0,,,,,,Auckland Region,Nil,2-way,Sealed,,0,0,,50,,On,0,0,,76,Auckland,Stop,,,,,0,0,Urban,1,,,Fine,Null
1770166.9444,5915943.2529,811798,,522711,0,0,0,1,0,North,2024/2025,BUCKLANDS BEACH ROAD,PRIESTLEY DRIVE,,Non-Injury Crash,No,2024,0,North,0,0,0,Flat,0,,0,,0,Dark,679301,0,0,0,2,0,0,0,0,1,,0,0,Auckland Region,Nil,2-way,Sealed,0,0,0,0,50,0,Null,0,0,,76,Auckland,Nil,0,0,0,0,0,1,Urban,0,0,0,Fine,Null
1765223.8507,5909878.2863,811807,,521803,0,,0,2,,Null,2025/2026,FRANK GREY PLACE,TRENWITH STREET,,Minor Crash,No,2026,,North,,0,,Flat,,,,,,Overcast,788300,2,0,0,2,,,0,,,,,,Auckland Region,Nil,2-way,Sealed,,0,0,,50,,Off,1,0,,76,Auckland,Give way,,,,,0,0,Urban,0,,,Light rain,Null
1758892.3678,5913699.5053,811820,,519720,0,,0,2,,Null,2024/2025,ONEHUNGA MALL,AMARU ROAD,,Non-Injury Crash,No,2024,,South,,0,,Hill Road,,,,,,Overcast,593300,0,0,0,2,,,0,,,,,,Auckland Region,Nil,2-way,Sealed,,0,0,,50,,Off,0,0,,76,Auckland,Nil,,,,,0,0,Urban,0,,,Fine,Null
1757791.8372,5918183.8004,811861,,515700,0,,0,2,,South,2025/2026,SOUTHERN MOTORWAY,MOUNTAIN OBR,,Non-Injury Crash,Yes,2026,,North,,0,,Flat,,,,,,Bright sun,443600,0,0,0,4,,,0,,,,,,Auckland Region,Motorway ramp,1-way,Sealed,,0,0,,80,,Off,0,0,,76,Auckland,Nil,,,,,0,0,Open,0,,,Fine,Null
1756809.9189,5917503.9984,811868,,518102,0,,0,2,,Null,2024/2025,BELLEVUE ROAD,ESPLANADE ROAD,,Non-Injury Crash,No,2024,,West,,0,,Hill Road,,,,,,Dark,546300,0,0,0,2,,,0,,,,,,Auckland Region,Nil,2-way,Sealed,,0,0,,50,,On,0,0,,76,Auckland,Stop,,,,,0,0,Urban,0,,,Fine,Null
1773711.4449,5892839.7075,811883,,521301,0,,0,1,,North,2025/2026,SUTTON ROAD,YORK STREET,,Non-Injury Crash,No,2025,,South,,0,,Flat,,,,,,Dark,808502,0,0,0,2,,,0,,,,,,Auckland Region,Rail xing,2-way,Sealed,,0,0,,60,,None,0,0,,76,Auckland,Nil,,,,,0,0,Urban,0,,,Fine,Null
1761972.8171,5906775.8035,811889,,524302,0,,0,2,,Null,2024/2025,MASSEY ROAD,GEORGE STREET,,Non-Injury Crash,No,2024,,South,,0,,Flat,,Labour Weekend,,,,Dark,743500,0,0,0,2,,,0,,,,,,Auckland Region,Nil,2-way,Sealed,,0,0,,50,,On,0,0,,76,Auckland,Give way,,,,,0,0,Urban,0,,,Fine,Null
1766034.0917,5915323.5883,811897,,520601,0,0,0,1,0,North,2025/2026,TRIPOLI ROAD,HOBSON DRIVE,,Non-Injury Crash,No,2025,0,North,0,0,0,Flat,0,,0,,0,Bright sun,633500,0,0,0,2,0,1,0,0,1,,0,0,Auckland Region,Speed hump,2-way,Sealed,0,0,0,0,50,0,Null,1,0,,76,Auckland,Nil,0,0,0,0,0,0,Urban,0,0,0,Fine,Null
1762053.4652,5913837.5103,811906,,520500,0,,0,1,,North,2024/2025,SOUTHERN MOTORWAY,PENROSE OBR,,Non-Injury Crash,Yes,2025,,North,,0,,Flat,,,,,,Bright sun,637000,0,0,0,3,,,0,,,,,,Auckland Region,Nil,1-way,Sealed,,0,0,,100,,Off,0,0,,76,Auckland,Nil,,,,,0,0,Open,1,,,Fine,Null
1754980.9455,5917751.6331,811907,,517500,0,,0,1,,East,2025/2026,NEW NORTH ROAD,WESTERN SPRINGS ROAD,,Minor Crash,No,2025,,West,,0,,Hill Road,,,,,,Dark,532000,1,0,0,4,,,0,,,,,,Auckland Region,Nil,2-way,Sealed,,0,0,,50,,On,0,0,,76,Auckland,Nil,,,,,0,0,Urban,1,,,Fine,Null
1765880.0658,5900885.3356,811922,,524711,0,,0,2,,Null,2025/2026,ROSCOMMON ROAD,MONCRIEFF AVENUE,,Non-Injury Crash,No,2025,,South,,0,,Flat,,,,,,Dark,774503,0,0,0,4,,,0,,,,,,Auckland Region,Nil,2-way,Sealed,,0,0,,50,,On,0,0,,76,Auckland,Give way,,,,,0,0,Urban,0,,,Fine,Null
1765602.7478,5906891.2055,811947,,522201,0,,0,1,,Null,2024/2025,KOLMAR ROAD,GREAT SOUTH ROAD,,Non-Injury Crash,No,2025,,North,,0,,Flat,,,,,,Dark,662400,0,0,0,3,,,0,,,,,,Auckland Region,Nil,2-way,Sealed,,0,0,,50,,On,0,0,,76,Auckland,Traffic Signals,,,,,0,0,Urban,1,,,Null,Null
1747567.3427,5919528.6096,811961,,512300,0,,0,1,,East,2025/2026,NORTH-WESTERN MOTORWAY,TE ATATU ROAD ON RAMP,,Non-Injury Crash,Yes,2025,,East,,0,,Flat,,,,,,Bright sun,252000,0,0,0,4,,,0,,,,,,Auckland Region,Nil,1-way,Sealed,,0,0,,100,,Off,1,0,,76,Auckland,Nil,,,,,0,0,Open,1,,,Fine,Null
1756032.0231,5919049.7567,811970,,515500,0,,0,1,,Null,2025/2026,GREAT NORTH ROAD,BURNS STREET,,Minor Crash,No,2025,,West,,0,,Flat,,,,,,Twilight,417800,1,1,0,4,,,0,,,,,,Auckland Region,Speed hump,2-way,Sealed,,0,0,,30,,Off,0,0,,76,Auckland,Give way,,,,,0,0,Urban,0,,,Fine,Strong wind
1765164.7599,5914668.697,811992,,520301,0,0,0,2,0,Null,2025/2026,QUEENS ROAD,PILKINGTON ROAD,,Non-Injury Crash,No,2026,0,East,0,0,0,Flat,0,,0,,0,Dark,628300,0,0,0,2,0,0,0,0,0,,1,0,Auckland Region,Nil,2-way,Sealed,0,0,0,0,50,0,On,0,0,,76,Auckland,Traffic Signals,0,0,0,0,0,0,Urban,0,0,0,Fine,Null
1759812.191,5912928.8815,811999,,520000,0,0,0,2,0,East,2024/2025,MAYS ROAD,ALFRED STREET,,Non-Injury Crash,No,2025,0,West,0,0,0,Null,0,,0,,0,Twilight,605800,0,0,0,2,0,0,0,0,1,,0,0,Auckland Region,Nil,2-way,Sealed,0,0,0,0,50,0,On,0,0,,76,Auckland,Nil,0,0,0,0,0,0,Urban,0,0,0,Light rain,Null
1762518.0247,5907342.7801,812046,,524520,0,,0,1,,North,2025/2026,YATES ROAD,MASSEY ROAD,,Non-Injury Crash,No,2025,,North,,0,,Null,,,,,,Bright sun,734603,0,0,0,2,,,0,,,,,,Auckland Region,Nil,2-way,Sealed,,0,0,,30,,Null,1,0,,76,Auckland,Nil,,,,,0,0,Urban,0,,,Fine,Null
1745103.9764,5914069.0281,812054,,512906,0,,0,2,,West,2025/2026,WEST COAST ROAD,SELO STREET,,Minor Crash,No,2025,,East,,0,,Flat,,,,,,Overcast,278410,1,0,0,2,,,0,,,,,,Auckland Region,Speed hump,2-way,Sealed,,0,0,,50,,Off,0,0,,76,Auckland,Nil,,,,,0,0,Urban,1,,,Light rain,Null
1759103.9927,5912395.9564,812061,,519820,0,0,0,2,0,Null,2024/2025,CAR PARK DRESSMART OUTLET SHOPPING CENTRE,,,Serious Crash,No,2025,0,South,0,0,0,Flat,0,,0,,0,Overcast,601000,0,0,0,,0,0,0,0,0,,0,1,Auckland Region,Nil,Off road,Sealed,0,0,1,0,10,0,On,0,0,,76,Auckland,Nil,0,0,0,0,0,0,Urban,0,0,0,Fine,Null
1765645.1654,5904929.6469,812063,,524603,0,,1,1,,Null,2025/2026,PUHINUI ROAD,PLUNKET AVENUE,,Non-Injury Crash,No,2025,,East,,0,,Null,,,,,,Bright sun,673402,0,0,0,4,,,0,,,,,,Auckland Region,Nil,2-way,Sealed,,0,0,,50,,Null,0,0,,76,Auckland,Give way,,,,,0,0,Urban,0,,,Fine,Null
1765383.2589,5909109.9804,812070,,523402,0,,0,2,,South,2025/2026,SOUTHERN MOTORWAY,HIGHBROOK DRIVE ON RAMP,,Non-Injury Crash,Yes,2025,,North,,0,,Flat,,,,,,Bright sun,696900,0,0,0,3,,,0,,,,,,Auckland Region,Nil,1-way,Sealed,,0,0,,100,,Off,0,0,,76,Auckland,Nil,,,,,0,0,Open,0,,,Fine,Null
1743946.0815,5924144.731,812071,,513410,0,,0,3,,North,2024/2025,NORTH-WESTERN MOTORWAY,HOBSONVILLE OBR,,Non-Injury Crash,Yes,2025,,North,,0,,Flat,,,,,,Dark,223901,0,0,0,2,,,0,,,,,,Auckland Region,Nil,1-way,Sealed,,0,0,,100,,On,0,0,,76,Auckland,Nil,,,,,0,0,Open,0,,,Heavy rain,Null
1746454.6855,5909877.0895,812077,35,512000,0,0,0,1,1,North,2025/2026,HUIA ROAD,LANDING ROAD,,Minor Crash,No,2025,0,South,0,0,0,Hill Road,0,,0,,0,Overcast,297301,1,0,0,2,0,0,0,0,0,,0,0,Auckland Region,Nil,2-way,Sealed,0,0,0,0,60,0,Off,0,0,,76,Auckland,Nil,0,0,0,0,0,0,Urban,0,0,0,Fine,Frost
1774421.4634,5896959.2323,812091,,525610,0,0,0,1,0,North,2024/2025,RICE CRESCENT,PEMBROOK STREET,,Non-Injury Crash,No,2025,0,North,0,0,1,Flat,0,,0,,1,Dark,796400,0,0,0,2,0,0,0,0,0,,0,1,Auckland Region,Nil,2-way,Sealed,0,0,0,0,50,0,On,0,0,,76,Auckland,Nil,0,0,0,0,0,0,Urban,0,0,0,Fine,Null
1772366.5985,5898688.8511,812099,,523912,0,0,0,1,0,South,2024/2025,BRUCE PULMAN PARK,KUAKA DRIVE,,Serious Crash,No,2025,0,North,0,0,0,Flat,0,,0,,0,Bright sun,765410,0,0,1,2,0,0,0,0,1,,0,0,Auckland Region,Nil,2-way,Sealed,0,0,1,0,20,0,None,0,0,,76,Auckland,Nil,0,0,0,0,0,0,Urban,0,0,0,Fine,Null
1769883.173,5899979.2969,812101,,524902,0,,0,0,,North,2024/2025,SOUTHERN MOTORWAY,PAPAKURA STM BR,,Non-Injury Crash,Yes,2025,,North,,0,,Flat,,,,,,Bright sun,759200,0,0,0,3,,,0,,,,,,Auckland Region,Nil,1-way,Sealed,,0,0,,100,,Off,1,0,,76,Auckland,Nil,,,,,1,0,Open,0,,,Fine,Null
1759372.9669,5919835.5791,812115,,515902,0,0,0,1,0,East,2024/2025,CANTERBURY PLACE,TAURARUA TERRACE,,Non-Injury Crash,No,2025,0,West,0,0,0,Flat,0,,0,,0,Bright sun,455400,0,0,0,2,0,0,0,0,1,,0,0,Auckland Region,Nil,2-way,Sealed,0,0,0,0,30,0,Off,0,0,,76,Auckland,Nil,0,0,0,0,0,0,Urban,0,0,0,Fine,Null
1749978.2612,5949060.5059,812117,,506202,0,0,0,1,1,East,2024/2025,ARRAN POINT PARADE,PAIGE ROAD,,Non-Injury Crash,No,2025,0,East,0,0,0,Flat,0,,0,,1,Dark,176412,0,0,0,2,0,0,0,0,0,,0,0,Auckland Region,Nil,2-way,Sealed,0,0,0,0,50,0,On,0,0,,76,Auckland,Nil,0,0,0,0,0,0,Urban,0,0,0,Fine,Null
1768181.1358,5914727.9093,812124,,522810,0,0,0,2,0,North,2025/2026,GLENMORE ROAD,HAMISH PLACE,,Non-Injury Crash,No,2026,0,South,0,0,0,Flat,0,,0,,0,Overcast,692803,0,0,0,2,0,0,0,0,1,,0,0,Auckland Region,Nil,2-way,Sealed,0,0,0,0,50,0,Off,0,0,,76,Auckland,Nil,0,0,0,0,0,0,Urban,0,0,0,Light rain,Null
1753408.3032,5933215.1012,812133,,508804,0,,0,0,,Null,2024/2025,GREVILLE ROAD ON RAMP,GREVILLE ROAD,,Non-Injury Crash,Yes,2025,,South,,0,,Flat,,,,,,Overcast,180701,0,0,0,2,,,0,,,,,,Auckland Region,Motorway ramp,1-way,Sealed,,0,0,,50,,Off,1,0,,76,Auckland,Traffic Signals,,,,,0,0,Urban,1,,,Fine,Null
1764072.4221,5908932.2926,812147,,521901,0,,0,1,,West,2024/2025,MANGERE ROAD,PIKI THOMPSON WAY,,Non-Injury Crash,No,2025,,West,,0,,Flat,,,,,,Bright sun,785300,0,0,0,2,,,0,,,,,,Auckland Region,Nil,2-way,Sealed,,0,0,,50,,On,1,0,,76,Auckland,Nil,,,,,0,0,Urban,0,,,Fine,Null
1748681.8176,5945555.2522,812165,,506201,0,,0,1,,North,2024/2025,NORTHERN MOTORWAY,SILVERDALE OBR,,Non-Injury Crash,Yes,2025,,North,,0,,Flat,,,,,,Bright sun,176700,0,0,0,2,,,0,,,,,,Auckland Region,Nil,1-way,Sealed,,0,0,,100,,Off,1,0,,76,Auckland,Nil,,,,,0,0,Open,1,,,Fine,Null
1771986.3125,5907387.7538,812172,,523713,0,0,0,0,0,Null,2025/2026,OFFROAD MISSION HEIGHTS PRIMARY SCHOOL DRIVEWAY,,,Minor Crash,Unknown,2025,0,North,0,0,0,Hill Road,0,,0,,0,Bright sun,712500,2,0,0,2,0,0,0,0,0,,0,1,Auckland Region,Nil,2-way,Sealed,0,0,0,0,20,0,None,0,0,,76,Auckland,Nil,0,0,0,0,0,0,Urban,1,0,0,Fine,Null
1767783.1213,5903879.0801,812180,,524602,0,,0,2,,Null,2025/2026,GREAT SOUTH ROAD OFF RAMP,GREAT SOUTH ROAD,,Non-Injury Crash,No,2025,,South,,0,,Flat,,,,,,Overcast,780417,0,0,0,4,,,0,,,,,,Auckland Region,Motorway ramp,2-way,Sealed,,0,0,,50,,None,0,0,,76,Auckland,Traffic Signals,,,,,0,0,Urban,0,,,Fine,Null
1756570.9958,5927351.4731,812203,,507900,0,,0,2,,Null,2024/2025,NORTHCOTE ROAD,THE AVENUE,,Non-Injury Crash,No,2024,,South,,0,,Flat,,,,,,Bright sun,305202,0,0,0,5,,,0,,,,,,Auckland Region,Nil,2-way,Sealed,,0,0,,50,,Off,1,0,,76,Auckland,Traffic Signals,,,,,0,0,Urban,0,,,Fine,Null
1765908.5099,5906491.6935,812204,,522202,0,,0,3,,South,2025/2026,GREAT SOUTH ROAD,REX LANE,,Non-Injury Crash,No,2026,,South,,0,,Flat,,,,,,Dark,663900,0,0,0,4,,,0,,,,,,Auckland Region,Nil,2-way,Sealed,,0,0,,50,,On,0,0,,76,Auckland,Nil,,,,,0,0,Urban,0,,,Fine,Null
1757765.186,5919678.263,812211,,514301,0,,0,1,,Null,2024/2025,WELLESLEY STREET EAST,WELLESLEY STREET ON RAMP,,Minor Crash,No,2024,,North,,0,,Flat,,,,,,Bright sun,440400,1,0,1,2,,,0,,,,,,Auckland Region,Motorway ramp,2-way,Sealed,,0,0,,30,,None,0,0,,76,Auckland,Traffic Signals,,,,,0,0,Urban,0,,,Fine,Null
1752013.7606,5915570.7017,812212,,517902,0,0,0,0,0,Null,2024/2025,SH 20,NEW NORTH ROAD,,Non-Injury Crash,Yes,2025,0,North,0,0,0,Flat,0,,0,,0,Overcast,519701,0,0,0,2,0,0,0,0,0,,0,1,Auckland Region,Nil,2-way,Sealed,0,0,0,0,50,0,None,0,0,,76,Auckland,Traffic Signals,0,0,0,0,1,0,Urban,0,0,0,Fine,Null
1755562.5333,5935383.1805,812227,,507101,0,0,0,2,0,West,2025/2026,WOODLANDS CRESCENT,BEACH ROAD,,Non-Injury Crash,No,2025,0,West,0,0,0,Flat,0,,0,,0,Dark,162501,0,0,0,2,0,0,0,0,1,,0,0,Auckland Region,Nil,2-way,Sealed,0,0,0,0,50,0,Null,0,0,,76,Auckland,Nil,0,0,0,0,0,0,Urban,0,0,0,Fine,Null
1756341.9381,5924378.8567,812234,55,509702,0,0,0,1,0,East,2025/2026,ONEWA ROAD OFF RAMP,ONEWA OBR OFF,,Non-Injury Crash,No,2025,0,West,0,0,0,Hill Road,1,,0,,0,Dark,366700,0,0,0,1,0,0,0,0,0,,0,0,Auckland Region,Motorway ramp,1-way,Sealed,0,0,0,0,100,0,On,0,0,,76,Auckland,Nil,0,0,0,0,0,0,Open,0,0,0,Light rain,Strong wind
1770685.7851,5907027.6401,812236,,523713,0,,0,1,,Null,2023/2024,COLLIER DRIVE,ROSEWELL CRESCENT,,Non-Injury Crash,No,2024,,South,,0,,Flat,,,,,,Overcast,713100,0,0,0,2,,,0,,,,,,Auckland Region,Nil,2-way,Sealed,,0,0,,50,,Off,0,0,,76,Auckland,Give way,,,,,0,1,Urban,0,,,Fine,None
1756629.5227,5912774.5071,812258,,518702,0,,0,0,,Null,2024/2025,HILLSBOROUGH ROAD OFF RAMP,HILLSBOROUGH ROAD,,Non-Injury Crash,No,2025,,West,,0,,Null,,,,,,Bright sun,570100,0,0,0,2,,,0,,,,,,Auckland Region,Nil,1-way,Sealed,,0,0,,50,,Off,0,0,,76,Auckland,Traffic Signals,,,,,0,0,Urban,2,,,Fine,Null
1761293.4325,5914414.8364,812259,,520202,0,,0,1,,South,2025/2026,ELLERSLIE-PANMURE HWY ON RAMP,SOUTHERN MOTORWAY,,Non-Injury Crash,No,2025,,North,,0,,Hill Road,,,,,,Overcast,612100,0,0,0,2,,,0,,,,,,Auckland Region,Motorway ramp,1-way,Sealed,,0,0,,100,,Off,0,0,,76,Auckland,Nil,,,,,0,0,Open,1,,,Fine,Null
1772378.6771,5895891.5618,812266,,525410,0,0,0,1,0,Null,2024/2025,NELSON STREET,WEST STREET,,Non-Injury Crash,No,2024,0,West,0,0,1,Flat,0,,0,,0,Overcast,792501,0,0,0,2,0,0,0,0,0,,0,0,Auckland Region,Nil,2-way,Sealed,0,0,0,0,50,0,Off,0,0,,76,Auckland,Nil,0,0,0,0,0,0,Urban,0,0,0,Fine,Null
1751592.843,5915252.307,812275,,514401,0,0,0,1,0,Null,2024/2025,NEW NORTH ROAD,BLOCKHOUSE BAY ROAD,,Non-Injury Crash,No,2025,0,East,0,0,1,Flat,0,,0,,0,Overcast,380001,0,0,0,4,0,0,0,0,0,,0,0,Auckland Region,Nil,2-way,Sealed,0,0,0,0,50,0,Off,0,0,,76,Auckland,Give way,0,0,0,0,0,0,Urban,1,0,0,Light rain,Null
1759729.8878,5920470.9313,812276,,515902,0,0,0,3,0,East,2024/2025,TAMAKI DRIVE,SOLENT STREET,,Non-Injury Crash,No,2024,0,East,0,0,0,Flat,0,,0,,0,Dark,454800,0,0,0,4,0,0,0,0,2,,0,0,Auckland Region,Nil,2-way,Sealed,0,0,0,0,50,0,On,0,0,,76,Auckland,Nil,0,0,0,0,0,0,Urban,0,0,0,Fine,Null
1761231.2402,5915413.9522,812322,,520201,0,,0,2,,Null,2024/2025,MORRIN STREET,ROBERT STREET,,Non-Injury Crash,No,2025,,West,,0,,Hill Road,,,,,,Bright sun,610900,0,0,0,2,,,0,,,,,,Auckland Region,Nil,2-way,Sealed,,0,0,,50,,Off,0,0,,76,Auckland,Stop,,,,,0,0,Urban,0,,,Fine,Null
1765189.2291,5914520.7186,812329,,520602,0,,0,2,,Null,2025/2026,BASIN VIEW LANE,SOUTH EASTERN BUSWAY,,Non-Injury Crash,No,2025,,West,,0,,Null,,,,,,Bright sun,628700,0,0,0,3,,,0,,,,,,Auckland Region,Nil,2-way,Sealed,,0,0,,50,,On,0,0,,76,Auckland,Give way,,,,,0,0,Urban,0,,,Null,Null
1756629.4419,5919310.0008,812330,,514200,0,0,0,1,0,West,2024/2025,SOUTHERN MOTORWAY,UPPER QUEEN OBR,,Non-Injury Crash,Yes,2025,0,East,0,0,0,Hill Road,1,,0,,0,Dark,411900,0,0,0,3,0,0,0,0,0,,0,0,Auckland Region,Motorway ramp,1-way,Sealed,0,0,0,0,80,0,On,0,0,,76,Auckland,Nil,0,0,0,0,0,0,Open,0,0,0,Mist or Fog,Null
1753875.7861,5928504.5587,812338,,508320,0,,0,1,,East,2024/2025,CHIVALRY ROAD,GLENFIELD ROAD,,Non-Injury Crash,No,2024,,East,,0,,Flat,,,,,,Overcast,197500,0,0,0,2,,,0,,,,,,Auckland Region,Nil,2-way,Sealed,,0,0,,50,,Off,1,0,,76,Auckland,Nil,,,,,0,0,Urban,0,,,Fine,Null
1760650.6537,5924335.8579,812360,,509300,0,,0,2,,Null,2024/2025,OLD LAKE ROAD,SEABREEZE ROAD,,Non-Injury Crash,No,2025,,North,,0,,Flat,,,,,,Twilight,337000,0,0,0,2,,,0,,,,,,Auckland Region,Nil,2-way,Sealed,,0,0,,50,,On,0,0,,76,Auckland,Give way,,,,,0,0,Urban,0,,,Fine,Null
1759362.376,5907765.4344,812361,,524122,0,0,0,1,0,North,2025/2026,VALIANT STREET,VICKERS CRESCENT,,Non-Injury Crash,No,2025,0,East,0,0,0,Flat,0,,0,,0,Dark,737901,0,0,0,2,0,0,0,0,0,,0,1,Auckland Region,Nil,2-way,Sealed,0,0,0,0,50,0,On,0,0,,76,Auckland,Nil,0,0,0,0,0,0,Urban,0,0,0,Fine,Null
1745362.7513,5915065.8962,812369,,512904,0,,0,2,,North,2025/2026,SEYMOUR ROAD,BENITA PLACE,,Non-Injury Crash,No,2026,,South,,0,,Flat,,,,,,Bright sun,278201,0,0,0,2,,,0,,,,,,Auckland Region,Speed hump,2-way,Sealed,,0,0,,50,,None,0,0,,76,Auckland,Nil,,,,,0,0,Urban,0,,,Fine,Null
1770407.7296,5912347.1769,812370,,523106,0,,0,0,,Null,2024/2025,BOTANY ROAD,MILLHOUSE DRIVE,,Non-Injury Crash,No,2025,,South,,0,,Flat,,,,,,Bright sun,711163,0,0,0,3,,,0,,,,,,Auckland Region,Nil,1-way,Sealed,,0,0,,50,,Off,1,0,,76,Auckland,Traffic Signals,,,,,0,0,Urban,1,,,Fine,None
1752332.3877,5931570.1417,812378,,508807,0,0,0,1,0,Null,2024/2025,VOLKNER PLACE,BUSH ROAD,,Non-Injury Crash,No,2025,0,West,0,0,1,Flat,0,,0,,0,Overcast,180809,0,0,0,1,0,0,0,0,0,,0,0,Auckland Region,Nil,1-way,Sealed,0,0,0,0,50,0,None,1,0,,76,Auckland,Give way,1,0,0,0,0,0,Urban,0,0,0,Fine,Null
1769097.8103,5907514.838,812414,,523711,0,,0,2,,East,2025/2026,ORMISTON ROAD,FLORENCE CARTER AVENUE,,Non-Injury Crash,No,2026,,East,,0,,Flat,,,,,,Bright sun,712801,0,0,0,4,,,0,,,,,,Auckland Region,Nil,2-way,Sealed,,0,0,,50,,Null,0,0,,76,Auckland,Nil,,,,,0,0,Urban,0,,,Fine,Null
1748176.7948,5971284.7954,812431,,505500,0,0,0,1,0,East,2025/2026,GREAT NORTH ROAD,HUDSON ROAD,,Serious Crash,No,2026,0,South,0,0,0,Hill Road,0,,0,,0,Bright sun,140000,2,0,0,2,0,0,0,0,0,,0,0,Auckland Region,Nil,2-way,Sealed,0,0,1,0,60,0,Off,0,0,,76,Auckland,Nil,0,1,0,0,0,0,Urban,0,0,0,Fine,Null
1756913.9972,5925192.0325,812438,,509702,0,,0,1,,North,2025/2026,NORTHERN MOTORWAY,EXMOUTH FTBR,,Non-Injury Crash,Yes,2025,,North,,0,,Flat,,,,,,Dark,366000,0,0,0,4,,,0,,,,,,Auckland Region,Motorway ramp,1-way,Sealed,,0,0,,100,,On,0,0,,76,Auckland,Nil,,,,,0,0,Open,1,,,Heavy rain,Null
1756579.2171,5912595.1669,812448,,518702,0,,0,2,,Null,2025/2026,HILLSBOROUGH ROAD,LITTLEJOHN STREET,,Non-Injury Crash,No,2025,,North,,0,,Null,,,,,,Unknown,570600,0,0,0,4,,,0,,,,,,Auckland Region,Nil,2-way,Sealed,,0,0,,,,Null,0,0,,76,Auckland,Stop,,,,,0,0,Urban,0,,,Fine,Null
1756582.8078,5920533.7131,812462,,514102,0,,0,2,,Null,2025/2026,VICTORIA STREET WEST,HALSEY STREET,,Non-Injury Crash,No,2026,,East,,0,,Null,,,,,,Unknown,432500,0,0,0,4,,,0,,,,,,Auckland Region,Nil,2-way,Sealed,,0,0,,30,,On,0,0,,76,Auckland,Traffic Signals,,,,,0,0,Urban,0,,,Null,Null