X,Y,OBJECTID,advisorySpeed,areaUnitID,bicycle,bridge,bus,carStationWagon,cliffBank,crashDirectionDescription,crashFinancialYear,crashLocation1,crashLocation2,crashRoadSideRoad,crashSeverity,crashSHDescription,crashYear,debris,directionRoleDescription,ditch,fatalCount,fence,flatHill,guardRail,holiday,houseOrBuilding,intersection,kerb,light,meshblockId,minorInjuryCount,moped,motorcycle,NumberOfLanes,objectThrownOrDropped,otherObject,otherVehicleType,overBank,parkedVehicle,pedestrian,phoneBoxEtc,postOrPole,region,roadCharacter,roadLane,roadSurface,roadworks,schoolBus,seriousInjuryCount,slipOrFlood,speedLimit,strayAnimal,streetLight,suv,taxi,temporarySpeedLimit,tlaId,tlaName,trafficControl,trafficIsland,trafficSign,train,tree,truck,unknownVehicleType,urban,vanOrUtility,vehicle,waterRiver,weatherA,weatherB
1770463.0636,5897806.0915,812486,,523920,0,,0,1,,North,2025/2026,SOUTHERN MOTORWAY,PAHUREHURE NO 1 BR,,Non-Injury Crash,Yes,2025,,South,,0,,Flat,,,,,,Dark,768010,0,0,0,3,,,0,,,,,,Auckland Region,Nil,1-way,Sealed,,0,0,,100,,On,0,0,,76,Auckland,Nil,,,,,1,0,Open,0,,,Fine,Null
1720362.1543,5946514.0771,812487,,506642,0,,0,1,,East,2025/2026,SOUTH HEAD ROAD,SLATER ROAD,,Minor Crash,No,2025,,East,,0,,Hill Road,,,,,,Bright sun,210301,1,0,0,2,,,0,,,,,,Auckland Region,Nil,2-way,Sealed,,0,0,,100,,None,0,0,,76,Auckland,Nil,,,,,0,0,Open,1,,,Fine,Null
1768924.741,5902662.548,812495,,524901,0,,0,0,,South,2024/2025,SOUTHERN MOTORWAY,PUHINUI STM BR,,Non-Injury Crash,Yes,2025,,North,,0,,Flat,,,,,,Bright sun,755000,0,0,0,3,,,0,,,,,,Auckland Region,Nil,1-way,Sealed,,0,0,,100,,Off,0,0,,76,Auckland,Nil,,,,,0,0,Open,2,,,Fine,Null
1755982.7387,5913681.7506,812502,,518701,0,0,0,3,0,East,2025/2026,BRITTON AVENUE,FROST ROAD,,Non-Injury Crash,No,2025,0,East,0,0,0,Flat,0,Christmas New Year,0,,0,Dark,569300,0,0,0,2,0,0,0,0,1,,0,0,Auckland Region,Nil,2-way,Sealed,0,0,0,0,50,0,On,0,0,,76,Auckland,Nil,0,0,0,0,0,0,Urban,0,0,0,Fine,Null
1742485.4309,5926478.5139,812510,,513410,0,,0,1,,Null,2025/2026,SH 16,BRIGHAM CREEK ROAD,,Non-Injury Crash,Yes,2025,,South,,0,,Hill Road,,,,,,Overcast,223100,0,0,0,2,,,0,,,,,,Auckland Region,Nil,1-way,Sealed,,0,0,,50,,Off,0,0,,76,Auckland,Give way,,,,,1,0,Urban,0,,,Fine,Strong wind
1767921.8143,5891498.6412,812516,,521202,0,0,0,1,0,Null,2025/2026,WALTERS ROAD,BLACKBRIDGE ROAD,,Non-Injury Crash,No,2025,0,West,0,0,1,Flat,0,,0,,0,Dark,807000,0,0,0,2,0,0,0,0,0,,0,0,Auckland Region,Nil,2-way,Sealed,0,0,0,0,80,0,None,0,0,,76,Auckland,Give way,0,0,0,0,0,0,Open,0,0,0,Fine,Null
1744049.0847,5908262.8876,812530,,513800,0,0,0,1,0,West,2025/2026,HUIA ROAD,VICTORY ROAD,,Non-Injury Crash,No,2025,0,South,0,0,0,Hill Road,0,,0,,0,Dark,303001,0,0,0,2,0,0,0,0,0,,0,0,Auckland Region,Nil,2-way,Sealed,0,0,0,0,60,0,None,0,0,,76,Auckland,Nil,0,0,0,1,0,0,Urban,0,0,0,Fine,Null
1769939.7905,5917771.5777,812538,,522601,0,0,0,2,0,South,2025/2026,BUCKLANDS BEACH ROAD,WHITCOMBE ROAD,,Non-Injury Crash,No,2025,0,North,0,0,0,Flat,0,Labour Weekend,0,,0,Bright sun,676402,0,0,0,2,0,0,0,0,1,,0,0,Auckland Region,Nil,2-way,Sealed,0,0,0,0,50,0,Off,0,0,,76,Auckland,Nil,0,0,0,0,0,0,Urban,0,0,0,Fine,Null
1747102.0261,5922230.4152,812553,,512202,0,0,0,1,0,South,2025/2026,TE ATATU ROAD,WAIPANI ROAD,,Minor Crash,No,2025,0,South,0,0,0,Flat,0,,0,,0,Dark,248200,1,0,0,2,0,0,0,0,0,,0,1,Auckland Region,Nil,2-way,Sealed,0,0,0,0,50,0,On,0,0,,76,Auckland,Nil,1,0,0,0,0,0,Urban,0,0,0,Fine,Null
1765203.6,5907516.5733,812554,,522301,0,0,0,1,0,North,2025/2026,GREAT SOUTH ROAD,KAUTAMI AVENUE,,Non-Injury Crash,No,2025,0,South,0,0,0,Flat,0,,0,,0,Overcast,665900,0,0,0,2,0,0,0,0,1,,0,0,Auckland Region,Nil,2-way,Sealed,0,0,0,0,50,0,Off,1,0,,76,Auckland,Nil,0,0,0,0,0,0,Urban,0,0,0,Fine,Null
1778464.0001,5904288.5755,812562,35,525201,0,0,0,1,0,South,2025/2026,WEST ROAD,SUTTON ROAD,,Minor Crash,No,2025,0,East,0,0,1,Hill Road,0,Christmas New Year,0,,0,Bright sun,763202,5,0,0,2,0,0,0,0,0,,0,0,Auckland Region,Nil,2-way,Sealed,0,0,0,0,50,0,None,0,0,,76,Auckland,Nil,0,0,0,0,0,0,Urban,0,0,0,Fine,Null
1756550.5727,5919070.3176,812570,,514200,0,,0,1,,East,2025/2026,SOUTHERN TO NORTH-WESTERN LINK,SOUTHERN TO NORTH-WESTERN LINK,,Non-Injury Crash,Yes,2025,,West,,0,,Flat,,,,,,Overcast,412800,0,0,1,2,,,0,,,,,,Auckland Region,Nil,1-way,Sealed,,0,0,,80,,Off,0,0,,76,Auckland,Nil,,,,,0,0,Open,0,,,Fine,Null
1769414.4349,5880605.8892,812571,,525922,0,,0,2,,North,2025/2026,MANUKAU ROAD,GLASGOW ROAD,,Minor Crash,No,2025,,South,,0,,Flat,,,,,,Twilight,823800,1,0,0,2,,,0,,,,,,Auckland Region,Nil,2-way,Sealed,,0,0,,50,,Off,0,0,,76,Auckland,Nil,,,,,0,0,Urban,0,,,Fine,Frost
1755255.8717,5913877.6082,812579,,518803,0,,0,1,,Null,2025/2026,JAMES PRESTON AVENUE,SOMERSET ROAD,,Non-Injury Crash,No,2026,,West,,0,,Flat,,,,,,Dark,581300,0,0,0,2,,,0,,,,,,Auckland Region,Nil,2-way,Sealed,,0,0,,50,,On,1,0,,76,Auckland,Nil,,,,,0,0,Urban,0,,,Fine,Null
1768724.2124,5899500.9242,812585,,525101,0,0,0,2,0,East,2025/2026,MAHIA ROAD,BOON STREET,,Non-Injury Crash,No,2025,0,West,0,0,0,Flat,0,,0,,0,Dark,770400,0,0,0,2,0,0,0,0,1,,0,0,Auckland Region,Nil,2-way,Sealed,0,0,0,0,50,0,On,0,0,,76,Auckland,Nil,0,0,0,0,0,0,Urban,0,0,0,Fine,Null
1743619.2061,5914494.4068,812592,45,513020,0,0,0,1,0,North,2025/2026,FOREST HILL ROAD,HOLDENS ROAD,,Non-Injury Crash,No,2026,0,North,1,0,0,Flat,0,,0,,0,Overcast,281201,0,0,0,2,0,0,0,0,0,,0,0,Auckland Region,Nil,2-way,Sealed,0,0,0,0,50,0,None,0,0,,76,Auckland,Nil,0,0,0,0,0,0,Urban,0,0,0,Heavy rain,Null
1756288.9977,5924384.5362,812600,,509702,0,,0,1,,West,2025/2026,ONEWA ROAD OFF RAMP,ONEWA OBR OFF,,Non-Injury Crash,No,2025,,West,,0,,Flat,,Christmas New Year,,,,Overcast,366700,0,0,0,1,,,0,,,,,,Auckland Region,Bridge,1-way,Sealed,,0,0,,100,,Off,0,0,,76,Auckland,Nil,,,,,0,0,Open,0,,,Light rain,Null
1750424.8674,5913751.5288,812613,,511303,0,0,0,1,0,East,2024/2025,CLARK STREET,WARD STREET,,Non-Injury Crash,No,2025,0,East,0,0,0,Flat,0,,0,,0,Dark,265002,0,0,0,4,0,0,0,0,0,,0,1,Auckland Region,Nil,2-way,Sealed,0,0,0,0,50,0,On,0,0,,76,Auckland,Nil,0,0,0,0,0,0,Urban,0,0,0,Light rain,Null
1748602.0173,5918678.7389,812614,,514801,0,0,0,1,0,South,2025/2026,NORTH-WESTERN MOTORWAY,PATIKI OBR,,Non-Injury Crash,Yes,2025,0,South,0,0,0,Flat,0,,0,,0,Overcast,389200,0,0,0,4,1,0,0,0,0,,0,0,Auckland Region,Nil,1-way,Sealed,0,0,0,0,100,0,Off,0,0,,76,Auckland,Nil,0,0,0,0,1,0,Open,0,0,0,Fine,Strong wind
1768881.0382,5912057.4843,812622,,523107,0,0,0,0,0,North,2025/2026,BURSWOOD DRIVE,ELDERBERRY ROAD,,Non-Injury Crash,No,2025,0,North,0,0,0,Flat,0,,0,,0,Bright sun,711412,0,0,0,2,0,0,0,0,1,,0,0,Auckland Region,Nil,2-way,Sealed,0,0,0,0,50,0,Off,0,0,,76,Auckland,Nil,0,0,0,0,1,0,Urban,1,0,0,Fine,Null
1748789.2621,5917940.2528,812635,,514801,0,,0,1,,Null,2024/2025,ROSEBANK ROAD,PATIKI ROAD,,Non-Injury Crash,No,2025,,North,,0,,Flat,,,,,,Dark,389300,0,0,0,2,,,0,,,,,,Auckland Region,Nil,1-way,Sealed,,0,0,,50,,On,0,0,,76,Auckland,Give way,,,,,0,0,Urban,0,,,Light rain,Null
1756682.4186,5919906.8569,812636,,514102,0,,0,2,,Null,2025/2026,UNION STREET,NELSON STREET OFF RAMP,,Non-Injury Crash,No,2025,,West,,0,,Flat,,,,,,Bright sun,435500,0,0,0,2,,,0,,,,,,Auckland Region,Nil,2-way,Sealed,,0,0,,50,,Off,0,0,,76,Auckland,Traffic Signals,,,,,0,0,Urban,0,,,Fine,Null
1747265.4312,5921248.7078,812651,,512300,0,0,0,1,0,North,2024/2025,TE ATATU ROAD,GUNNER DRIVE,,Non-Injury Crash,No,2025,0,North,0,0,0,Null,0,,0,,0,Twilight,250101,0,0,0,2,0,0,0,0,0,,0,1,Auckland Region,Nil,2-way,Sealed,0,0,0,0,50,0,Null,0,0,,76,Auckland,Nil,0,0,0,0,0,0,Urban,0,0,0,Null,Null
1757735.0145,5920991.155,812652,,514101,0,,1,1,,West,2025/2026,QUAY STREET,GORE STREET,,Non-Injury Crash,No,2025,,West,,0,,Flat,,,,,,Bright sun,438103,0,0,0,2,,,0,,,,,,Auckland Region,Nil,1-way,Sealed,,0,0,,30,,Off,0,0,,76,Auckland,Nil,,,,,0,0,Urban,0,,,Fine,Null
1763902.057,5912479.3208,812653,,520500,0,,0,2,,Null,2024/2025,MOUNT WELLINGTON HIGHWAY,MOUNT WELLINGTON HWY ON RAMP,,Non-Injury Crash,No,2025,,North,,0,,Null,,,,,,Unknown,637300,0,0,0,3,,,0,,,,,,Auckland Region,Nil,1-way,Sealed,,0,0,,50,,Null,0,0,,76,Auckland,Traffic Signals,,,,,0,0,Urban,0,,,Fine,Null
1743616.1993,5920205.2772,812667,,513632,0,0,1,1,0,East,2025/2026,DON BUCK ROAD,GORDON STANLEY DRIVE,,Non-Injury Crash,No,2025,0,South,0,0,0,Flat,0,,0,,0,Overcast,228801,0,0,0,2,0,0,0,0,2,,0,0,Auckland Region,Nil,2-way,Sealed,0,0,0,0,50,0,Off,0,0,,76,Auckland,Nil,0,0,0,0,0,0,Urban,1,0,0,Heavy rain,Strong wind
1757213.2738,5926966.7161,812677,,507900,0,,0,2,,Null,2025/2026,TAHAROTO ROAD,KILLARNEY STREET,,Minor Crash,No,2025,,East,,0,,Flat,,,,,,Overcast,305000,1,0,0,4,,,0,,,,,,Auckland Region,Nil,2-way,Sealed,,0,0,,50,,Off,0,0,,76,Auckland,Traffic Signals,,,,,0,0,Urban,0,,,Fine,Null
1752717.945,5934567.6092,812706,,508701,0,,1,1,,Null,2024/2025,ELLIOT ROSE AVENUE,KAIPIHO LANE,,Non-Injury Crash,No,2025,,East,,0,,Flat,,,,,,Bright sun,179000,0,0,0,2,,,0,,,,,,Auckland Region,Nil,2-way,Sealed,,0,0,,50,,Null,0,0,30,76,Auckland,Traffic Signals,,,,,0,0,Urban,0,,,Fine,Null
1758133.2436,5915476.9143,812714,25,519300,0,,0,1,,East,2024/2025,GREEN LANE WEST,MANUKAU ROAD,,Non-Injury Crash,No,2024,,West,,0,,Flat,,,,,,Bright sun,623100,0,0,0,1,,,0,,,,,,Auckland Region,Nil,1-way,Sealed,,0,0,,50,,Off,1,0,,76,Auckland,Nil,,,,,0,0,Urban,0,,,Fine,None
1748369.2645,5914887.6917,812731,,511700,0,0,0,1,0,Null,2025/2026,ST LEONARDS ROAD,BAMBOO GROVE,,Non-Injury Crash,No,2025,0,North,0,0,0,Flat,0,,0,,0,Bright sun,271400,0,0,0,2,0,0,0,0,1,,0,0,Auckland Region,Nil,2-way,Sealed,0,0,0,0,30,0,Null,1,0,,76,Auckland,Nil,0,0,0,0,0,0,Urban,0,0,0,Fine,Null
1768941.5349,5899582.1907,812732,,525101,0,,1,1,,East,2025/2026,MAHIA ROAD,TAWA CRESCENT,,Non-Injury Crash,No,2025,,North,,0,,Flat,,,,,,Dark,770200,0,0,0,2,,,0,,,,,,Auckland Region,Nil,2-way,Sealed,,0,0,,50,,On,0,0,,76,Auckland,Nil,,,,,0,0,Urban,0,,,Light rain,Frost
1764162.5211,5906295.1261,812738,,524303,0,,0,2,,North,2025/2026,STATION ROAD,SPRING STREET,,Minor Crash,No,2025,,South,,0,,Flat,,,,,,Bright sun,657200,1,0,0,2,,,0,,,,,,Auckland Region,Nil,2-way,Sealed,,0,0,,50,,Off,0,0,,76,Auckland,Nil,,,,,0,0,Urban,0,,,Fine,Null
1743848.3658,5923968.4911,812740,,513410,0,,0,1,,West,2024/2025,FRED TAYLOR DRIVE,HOBSONVILLE ROAD ON RAMP,,Non-Injury Crash,No,2025,,East,,0,,Flat,,,,,,Bright sun,224000,0,0,0,2,,,0,,,,,,Auckland Region,Nil,2-way,Sealed,,0,0,,50,,Null,0,0,,76,Auckland,Nil,,,,,1,0,Urban,0,,,Fine,Null
1765086.3811,5907651.3465,812746,,523404,0,,0,0,,Null,2024/2025,GRANGE ROAD,GREAT SOUTH ROAD,,Non-Injury Crash,No,2025,,North,,0,,Flat,,,,,,Bright sun,695800,0,0,0,2,,,0,,,,,,Auckland Region,Nil,2-way,Sealed,,0,0,,50,,Off,2,0,,76,Auckland,Traffic Signals,,,,,0,1,Urban,0,,,Fine,None
1754440.0352,5945262.7413,812754,,505907,0,0,0,1,0,East,2025/2026,BRIGHTSIDE ROAD,WHANGAPARAOA ROAD,,Non-Injury Crash,No,2025,0,East,0,0,0,Hill Road,0,,0,,0,Bright sun,173416,0,0,0,2,0,0,0,0,1,,0,0,Auckland Region,Nil,2-way,Sealed,0,0,0,0,50,0,Off,0,0,,76,Auckland,Nil,0,0,0,0,0,0,Urban,1,0,0,Fine,Null
1758026.2826,5920283.4881,812756,,514103,0,,0,1,,Null,2025/2026,ANZAC AVENUE,ALTEN ROAD,,Non-Injury Crash,No,2025,,South,,0,,Flat,,,,,,Overcast,438203,0,0,0,5,,,0,,,,,,Auckland Region,Nil,2-way,Sealed,,0,0,,40,,Off,0,0,,76,Auckland,Traffic Signals,,,,,0,0,Urban,1,,,Fine,Null
1759944.1625,5908478.7878,812771,,524121,0,0,0,1,0,South,2025/2026,SOUTH-WESTERN MOTORWAY,CORONATION ROAD OFF RAMP,,Non-Injury Crash,Yes,2025,0,North,0,0,0,Flat,0,,0,,0,Dark,737000,0,0,0,3,0,0,0,0,0,,0,1,Auckland Region,Nil,1-way,Sealed,0,0,0,0,100,0,On,0,0,,76,Auckland,Nil,0,0,0,1,0,0,Open,0,0,0,Fine,Null
1755080.7595,5918294.1841,812779,,515500,0,,0,2,,West,2025/2026,NORTH-WESTERN MOTORWAY,BOND OBR,,Non-Injury Crash,Yes,2025,,East,,0,,Flat,,,,,,Bright sun,418800,0,0,0,4,,,0,,,,,,Auckland Region,Nil,1-way,Sealed,,0,0,,100,,Off,0,0,,76,Auckland,Nil,,,,,0,0,Open,0,,,Fine,Null
1756268.7394,5924551.7177,812785,,509702,0,0,0,1,0,North,2024/2025,ONEWA ROAD ON RAMP,ONEWA ROAD,,Non-Injury Crash,No,2024,0,East,0,0,0,Flat,0,,0,,0,Overcast,366700,0,0,0,1,0,0,0,0,0,,0,1,Auckland Region,Nil,1-way,Sealed,0,0,0,0,50,0,Off,0,0,,76,Auckland,Nil,0,0,0,0,0,0,Urban,0,0,0,Fine,Null
1751414.5688,5939310.4389,812794,,506003,0,0,0,1,0,North,2025/2026,EAST COAST ROAD,HAIGH ACCESS ROAD,,Non-Injury Crash,No,2025,0,West,1,0,0,Flat,0,,0,,0,Bright sun,175818,0,0,0,2,0,0,0,0,0,,0,0,Auckland Region,Nil,2-way,Sealed,0,0,0,0,80,0,None,0,0,,76,Auckland,Nil,0,0,0,0,1,0,Open,0,0,0,Fine,Null
1780000.6183,5898022.6708,812801,,521301,0,0,0,1,1,North,2025/2026,CREIGHTONS ROAD,CHERRINGTON ROAD,,Non-Injury Crash,No,2025,0,North,0,0,0,Hill Road,0,,0,,0,Bright sun,763800,0,0,0,2,0,0,0,0,0,,0,0,Auckland Region,Nil,2-way,Sealed,0,0,0,0,80,0,Null,0,0,,76,Auckland,Nil,0,0,0,0,0,0,Open,0,0,0,Fine,Null
1751803.5312,5917412.5529,812808,,514900,0,,0,1,,Null,2025/2026,GREAT NORTH ROAD,HERDMAN STREET,,Non-Injury Crash,No,2025,,Null,,0,,Null,,,,,,Bright sun,385803,0,0,0,4,,,0,,,,,,Auckland Region,Nil,2-way,Sealed,,0,0,,50,,Null,0,0,,76,Auckland,Traffic Signals,,,,,1,0,Urban,0,,,Fine,Null
1764445.9958,5912201.4785,812818,,520500,0,,0,1,,North,2025/2026,SOUTHERN MOTORWAY,MOUNT WELLINGTON HWY ON RAMP,,Non-Injury Crash,Yes,2025,,South,,0,,Null,,,,,,Bright sun,639300,0,0,0,2,,,0,,,,,,Auckland Region,Nil,1-way,Sealed,,0,0,,100,,Null,0,0,,76,Auckland,Nil,,,,,0,1,Open,0,,,Fine,Null
1744219.013,5922555.0311,812832,,513511,0,,0,1,,West,2025/2026,ROYAL ROAD,MAKORA ROAD,,Non-Injury Crash,No,2025,,East,,0,,Null,,,,,,Bright sun,224303,0,0,0,2,,,0,,,,,,Auckland Region,Nil,2-way,Sealed,,0,0,,50,,Null,0,0,,76,Auckland,Nil,,,,,0,1,Urban,0,,,Fine,Null
1755854.1021,5918106.8412,812841,,517500,0,0,0,2,0,Null,2025/2026,NEW NORTH ROAD,NEW BOND STREET,,Serious Crash,No,2025,0,North,0,0,0,Flat,0,,0,,0,Bright sun,529600,1,0,0,2,0,0,0,0,2,,0,0,Auckland Region,Nil,2-way,Sealed,0,0,1,0,50,0,Off,2,0,,76,Auckland,Give way,0,1,0,0,0,0,Urban,1,0,0,Fine,Null
1771071.0445,5895146.516,812863,,521201,0,0,0,1,0,West,2024/2025,HINGAIA ROAD,HARBOURSIDE DRIVE,,Non-Injury Crash,No,2025,0,East,0,0,0,Flat,0,,0,,0,Dark,806604,0,0,0,4,0,0,0,0,0,,0,0,Auckland Region,Nil,2-way,Sealed,0,0,0,0,50,0,On,0,0,,76,Auckland,Nil,0,1,0,0,0,0,Urban,0,0,0,Fine,Null
1759163.408,5916524.69,812864,,519200,0,1,0,0,0,North,2025/2026,GREAT SOUTH ROAD,PATEY STREET,,Minor Crash,No,2025,0,South,0,0,0,Flat,0,,1,,0,Overcast,615000,1,0,0,2,0,0,0,1,0,,0,0,Auckland Region,Nil,2-way,Sealed,0,0,0,0,50,0,Off,1,0,,76,Auckland,Nil,0,0,0,1,0,0,Urban,0,0,0,Fine,Null
1756825.4787,5913759.3376,812872,,518600,0,,0,2,,Null,2025/2026,MOUNT ALBERT ROAD,ST ANDREWS ROAD,,Minor Crash,No,2025,,East,,0,,Hill Road,,,,,,Overcast,564405,2,0,0,4,,,0,,,,,,Auckland Region,Nil,2-way,Sealed,,0,0,,50,,Off,0,0,,76,Auckland,Nil,,,,,0,0,Urban,0,,,Light rain,Null
1772655.3304,5896703.981,812873,,525420,0,,0,0,,East,2024/2025,O'SHANNESSEY STREET,GREAT SOUTH ROAD,,Serious Crash,No,2025,,East,,0,,Flat,,,,,,Overcast,792800,0,0,0,2,,,0,,,1,,,Auckland Region,Nil,2-way,Sealed,,0,1,,50,,Off,0,0,,76,Auckland,Nil,,,,,0,0,Urban,0,,,Fine,Null
1746940.2617,5912793.3743,812880,,511100,0,,0,2,,Null,2025/2026,GLENDALE ROAD,GLENGARRY ROAD,,Non-Injury Crash,No,2025,,North,,0,,Flat,,,,,,Overcast,288301,0,0,0,2,,,0,,,,,,Auckland Region,Nil,2-way,Sealed,,0,0,,50,,Off,0,0,,76,Auckland,Give way,,,,,0,0,Urban,0,,,Fine,Null
1740284.1281,5920459.8824,812881,,513702,0,0,0,0,0,North,2025/2026,SUNNYVALE ROAD,CROWS ROAD,,Non-Injury Crash,No,2025,0,North,0,0,0,Flat,0,,0,,0,Dark,229702,0,0,0,1,0,0,0,0,0,,0,0,Auckland Region,Nil,2-way,Sealed,0,0,0,0,50,0,None,0,0,,76,Auckland,Nil,0,0,0,2,0,0,Urban,1,0,0,Fine,Null
1771993.0213,5898302.464,812887,,523912,0,0,0,3,0,North,2024/2025,PORCHESTER ROAD,WINDFOLA PARKWAY,,Minor Crash,No,2025,0,South,0,0,0,Flat,0,,0,,0,Dark,767400,1,0,0,2,0,0,0,0,1,,0,0,Auckland Region,Nil,2-way,Sealed,0,0,0,0,50,0,On,0,0,,76,Auckland,Nil,0,0,0,0,0,0,Urban,2,0,0,Mist or Fog,Null
1755196.2229,5918278.7027,812888,,515500,0,,0,2,,West,2025/2026,NORTH-WESTERN MOTORWAY,BOND OBR,,Non-Injury Crash,Yes,2026,,East,,0,,Flat,,,,,,Overcast,418800,0,0,0,5,,,0,,,,,,Auckland Region,Nil,1-way,Sealed,,0,0,,80,,Off,0,0,,76,Auckland,Nil,,,,,0,0,Open,0,,,Light rain,Null
1780028.2722,5900884.9119,812895,,525201,0,,0,2,,Null,2025/2026,PAPAKURA-CLEVEDON ROAD,TOURIST ROAD,,Minor Crash,No,2025,,South,,0,,Flat,,Christmas New Year,,,,Bright sun,763300,2,0,0,2,,,0,,,,,,Auckland Region,Nil,2-way,Sealed,,0,0,,80,,Off,0,0,,76,Auckland,Stop,,,,,0,0,Open,0,,,Fine,Null
1759352.5037,5907040.8337,812903,,524122,0,0,0,1,0,Null,2025/2026,VISCOUNT STREET,WIMPEY STREET,,Non-Injury Crash,No,2025,0,South,0,0,1,Flat,0,,1,,0,Bright sun,739300,0,0,0,2,0,0,0,0,0,,0,0,Auckland Region,Nil,2-way,Sealed,0,0,0,0,50,0,Off,0,0,,76,Auckland,Give way,0,0,0,0,0,0,Urban,0,0,0,Fine,Null
1756586.9016,5927366.6033,812911,,507900,0,,0,2,,Null,2025/2026,NORTHCOTE ROAD,THE AVENUE,,Non-Injury Crash,No,2026,,East,,0,,Flat,,,,,,Overcast,305202,0,0,0,5,,,0,,,,,,Auckland Region,Nil,2-way,Sealed,,0,0,,50,,Off,0,0,,76,Auckland,Traffic Signals,,,,,0,0,Urban,0,,,Heavy rain,Null
1756441.7127,5920101.4982,812913,,514000,0,0,0,1,0,North,2025/2026,NORTHERN MOTORWAY,WELLINGTON OBR,,Minor Crash,Yes,2025,0,North,0,0,0,Hill Road,1,,0,,0,Dark,417400,1,0,0,3,0,0,0,0,0,,0,0,Auckland Region,Nil,1-way,Sealed,0,0,0,0,80,0,On,0,0,,76,Auckland,Nil,0,0,0,0,0,0,Open,0,0,0,Light rain,Null
1755376.3921,5921850.0362,812925,,515202,1,,0,1,,South,2023/2024,WESTHAVEN DRIVE,CURRAN STREET,,Non-Injury Crash,No,2023,,North,,0,,Flat,,,,,,Unknown,423600,1,0,0,2,,,0,,,,,,Auckland Region,Nil,2-way,Sealed,,0,0,,50,,None,0,0,,76,Auckland,Nil,,,,,0,0,Urban,0,,,Fine,None
1778980.6004,5914041.3917,812933,,523202,0,0,0,1,1,South,2024/2025,WHITFORD MARAETAI ROAD,OKARORO DRIVE,,Non-Injury Crash,No,2024,0,North,0,0,0,Hill Road,0,,0,,0,Overcast,762501,0,0,0,2,0,0,0,0,0,1,0,0,Auckland Region,Nil,2-way,Sealed,0,0,0,0,80,0,None,0,0,60,76,Auckland,Nil,0,0,0,0,0,0,Open,0,0,0,Heavy rain,Null
1769636.9428,5905388.387,812934,,523712,0,0,0,1,0,East,2025/2026,THOMAS ROAD,DONEGAL PARK DRIVE,,Minor Crash,No,2025,0,East,0,0,0,Hill Road,0,,0,,0,Dark,716202,1,0,0,2,0,0,0,0,1,,0,0,Auckland Region,Nil,2-way,Sealed,0,0,0,0,50,0,On,1,0,,76,Auckland,Nil,0,0,0,0,0,0,Urban,0,0,0,Fine,Null
1774784.2448,5897566.8348,812935,,523813,0,0,0,0,0,Null,2024/2025,WELLFIELD DRIVE,LAMBORN DRIVE,,Non-Injury Crash,No,2025,0,North,0,0,0,Flat,0,,1,,0,Bright sun,761602,0,0,0,2,0,0,0,0,0,,0,0,Auckland Region,Nil,2-way,Sealed,0,0,0,0,50,0,None,1,0,,76,Auckland,Nil,0,0,0,0,0,0,Urban,0,0,0,Fine,Null
1758216.525,5927435.0415,812948,,508010,0,0,0,1,0,Null,2025/2026,HURSTMERE ROAD,THE STRAND,,Non-Injury Crash,No,2025,0,South,0,0,0,Flat,0,,0,,0,Twilight,326204,0,0,0,2,0,0,0,0,0,,1,0,Auckland Region,Speed hump,2-way,Sealed,0,0,0,0,30,0,On,0,0,,76,Auckland,Give way,0,0,0,0,0,0,Urban,0,0,0,Fine,Null
1763963.6632,5906463.648,812949,,524303,0,,0,2,,South,2025/2026,STATION ROAD,ASHLYNNE AVENUE,,Non-Injury Crash,No,2025,,South,,0,,Flat,,,,,,Bright sun,657200,0,0,0,2,,,0,,,,,,Auckland Region,Nil,2-way,Sealed,,0,0,,50,,Off,0,0,,76,Auckland,Nil,,,,,0,0,Urban,0,,,Fine,Null
1764327.5393,5905637.6635,812963,,522100,0,,0,1,,Null,2024/2025,HILLCREST ROAD,HILL ROAD,,Non-Injury Crash,No,2025,,South,,0,,Flat,,,,,,Overcast,657700,0,0,0,2,,,0,,,,,,Auckland Region,Nil,2-way,Sealed,,0,0,,50,,Off,1,0,,76,Auckland,Give way,,,,,0,0,Urban,0,,,Fine,Null
1772901.8514,5891740.8118,812971,,521301,0,0,0,2,0,South,2024/2025,SOUTHERN MOTORWAY,GREAT SOUTH ROAD OFF RAMP,,Non-Injury Crash,Yes,2025,1,South,0,0,0,Flat,1,,0,,0,Dark,808701,0,0,0,2,0,0,0,0,0,,0,0,Auckland Region,Motorway ramp,1-way,Sealed,0,0,0,0,100,0,On,0,0,80,76,Auckland,Nil,0,0,0,0,0,0,Open,0,0,0,Light rain,Null
1774033.5286,5889369.3617,812972,,521302,0,,0,0,,South,2025/2026,SOUTHERN MOTORWAY,QUARRY OBR,,Non-Injury Crash,Yes,2025,,North,,0,,Flat,,,,,,Bright sun,809101,0,0,0,2,,,0,,,,,,Auckland Region,Nil,1-way,Sealed,,0,0,,100,,Off,1,0,,76,Auckland,Nil,,,,,0,0,Open,1,,,Fine,Null
1753772.5215,5914297.6218,812973,,518801,0,,0,1,,East,2024/2025,MAIORO STREET ON RAMP,MAIORO STREET,,Non-Injury Crash,No,2025,,South,,0,,Flat,,,,,,Overcast,578500,0,0,0,3,,,0,,,,,,Auckland Region,Motorway ramp,1-way,Sealed,,0,0,,100,,Off,0,0,,76,Auckland,Nil,,,,,1,0,Open,0,,,Light rain,Null