X,Y,OBJECTID,advisorySpeed,areaUnitID,bicycle,bridge,bus,carStationWagon,cliffBank,crashDirectionDescription,crashFinancialYear,crashLocation1,crashLocation2,crashRoadSideRoad,crashSeverity,crashSHDescription,crashYear,debris,directionRoleDescription,ditch,fatalCount,fence,flatHill,guardRail,holiday,houseOrBuilding,intersection,kerb,light,meshblockId,minorInjuryCount,moped,motorcycle,NumberOfLanes,objectThrownOrDropped,otherObject,otherVehicleType,overBank,parkedVehicle,pedestrian,phoneBoxEtc,postOrPole,region,roadCharacter,roadLane,roadSurface,roadworks,schoolBus,seriousInjuryCount,slipOrFlood,speedLimit,strayAnimal,streetLight,suv,taxi,temporarySpeedLimit,tlaId,tlaName,trafficControl,trafficIsland,trafficSign,train,tree,truck,unknownVehicleType,urban,vanOrUtility,vehicle,waterRiver,weatherA,weatherB
1763610.7346,5904714.6252,812987,,522100,0,,1,1,,North,2025/2026,SOUTH-WESTERN MOTORWAY,PUHINUI ROAD-SH 20B OFF RAMP,,Minor Crash,Yes,2025,,South,,0,,Flat,,,,,,Overcast,658600,1,0,0,2,,,0,,,,,,Auckland Region,Nil,1-way,Sealed,,0,0,,100,,Off,0,0,,76,Auckland,Nil,,,,,0,0,Open,0,,,Light rain,Null
1772488.5134,5890157.3582,812995,,521302,0,,0,1,,South,2025/2026,BURTT ROAD,MCPHERSON ROAD,,Non-Injury Crash,No,2025,,South,,0,,Flat,,,,,,Overcast,807500,0,0,0,2,,,0,,,,,,Auckland Region,Nil,2-way,Sealed,,0,0,,80,,None,0,0,,76,Auckland,Nil,,,,,0,0,Open,0,,,Heavy rain,Strong wind
1756438.1215,5918993.8467,813028,,514200,0,,0,1,,East,2025/2026,NORTH-WESTERN MOTORWAY,NEWTON OBR,,Non-Injury Crash,Yes,2025,,South,,0,,Flat,,,,,,Bright sun,412800,0,0,0,2,,,0,,,,,,Auckland Region,Nil,1-way,Sealed,,0,0,,80,,Off,0,0,,76,Auckland,Nil,,,,,0,0,Open,0,,,Fine,Null
1768962.238,5881383.035,813035,,525910,0,,0,2,,North,2025/2026,EDINBURGH STREET,TOBIN STREET,,Non-Injury Crash,No,2025,,North,,0,,Flat,,,,,,Overcast,818600,0,0,0,2,,,0,,,,,,Auckland Region,Nil,2-way,Sealed,,0,0,,50,,Off,0,0,,76,Auckland,Nil,,,,,0,0,Urban,0,,,Fine,Null
1757476.8261,5920710.9937,813036,,514103,0,,0,3,,Null,2025/2026,SHORTLAND STREET,QUEEN STREET,,Non-Injury Crash,No,2026,,West,,0,,Flat,,Christmas New Year,,,,Dark,438102,0,0,0,2,,,0,,,,,,Auckland Region,Nil,2-way,Sealed,,0,0,,30,,On,0,1,,76,Auckland,Traffic Signals,,,,,0,0,Urban,0,,,Light rain,Null
1751181.9999,5918033.9961,813042,,514801,0,0,0,1,0,Null,2024/2025,GREAT NORTH ROAD OFF RAMP,NORTH-WESTERN MOTORWAY,,Non-Injury Crash,No,2025,1,East,0,0,0,Null,0,,0,,0,Bright sun,390402,0,0,0,2,0,0,0,0,0,,0,0,Auckland Region,Motorway ramp,1-way,Sealed,0,0,0,0,100,0,Null,0,0,,76,Auckland,Nil,0,0,0,0,0,0,Open,0,0,0,Fine,Null
1752172.9494,5934509.6118,813050,,508701,1,,0,1,,Null,2025/2026,OTEHA VALLEY ROAD,APPIAN WAY,,Minor Crash,No,2025,,South,,0,,Flat,,,,,,Bright sun,179000,1,0,0,2,,,0,,,,,,Auckland Region,Nil,1-way,Sealed,,0,0,,50,,Off,0,0,,76,Auckland,Give way,,,,,0,0,Urban,0,,,Fine,Null
1775500.5603,5895213.5019,813051,,525700,0,0,0,2,0,East,2025/2026,RED HILL ROAD,BARBERTON TERRACE,,Non-Injury Crash,No,2025,0,North,0,0,0,Null,0,,0,,0,Overcast,800500,0,0,0,2,0,0,0,0,1,,0,0,Auckland Region,Nil,2-way,Sealed,0,0,0,0,50,0,Null,0,0,,76,Auckland,Nil,0,0,0,0,0,0,Urban,1,0,0,Null,Null
1764982.0249,5907024.2341,813066,,522201,0,,0,1,,North,2025/2026,OMANA ROAD,SHIRLEY ROAD,,Minor Crash,No,2025,,South,,0,,Flat,,Christmas New Year,,,,Dark,661200,1,0,0,2,,,0,,,,,,Auckland Region,Nil,2-way,Sealed,,0,0,,50,,On,1,0,,76,Auckland,Nil,,,,,0,0,Urban,1,,,Fine,Null
1770103.5415,5905271.7872,813081,,523712,0,0,0,1,0,Null,2024/2025,THOMAS ROAD,CLOONLYON DRIVE,,Non-Injury Crash,No,2024,0,East,0,0,0,Hill Road,0,,0,,1,Dark,713300,0,0,0,2,0,0,0,0,0,,0,0,Auckland Region,Nil,2-way,Sealed,0,0,0,0,50,0,On,0,0,,76,Auckland,Give way,0,1,0,0,0,0,Urban,0,0,0,Fine,Null
1757638.9999,5928887.9961,813083,,507800,0,0,0,2,0,North,2024/2025,MILFORD ROAD,KITCHENER ROAD,,Non-Injury Crash,No,2025,0,South,0,0,0,Null,0,,0,,0,Unknown,310800,0,0,0,2,0,0,0,0,1,,0,0,Auckland Region,Nil,2-way,Sealed,0,0,0,0,40,0,Null,0,0,,76,Auckland,Nil,0,0,0,0,0,0,Urban,0,0,0,Fine,Null
1760446.0985,5906956.1346,813087,,524112,0,,0,0,,Null,2022/2023,CANNING CRESCENT,WANSTEAD WAY,,Serious Crash,No,2023,,North,,0,,Flat,,,,,,Bright sun,742101,0,0,0,2,,,0,,,,,,Auckland Region,Nil,2-way,Sealed,,0,1,,50,,Off,1,0,,76,Auckland,Nil,,,,,0,0,Urban,0,,,Fine,Null
1761373.6017,5920141.0744,813097,,516400,0,,0,1,,West,2024/2025,TAMAKI DRIVE,POKANOA POINT ENT,,Minor Crash,No,2025,,East,,0,,Flat,,Queens Birthday,,,,Overcast,496600,1,0,0,2,,,0,,,1,,,Auckland Region,Nil,2-way,Sealed,,0,0,,50,,Off,0,0,,76,Auckland,Give way,,,,,0,0,Urban,0,,,Fine,Null
1756988.5791,5918775.3327,813098,,514301,0,,0,2,,Null,2025/2026,KHYBER PASS ROAD,SYMONDS STREET,,Non-Injury Crash,No,2025,,West,,0,,Null,,,,,,Bright sun,441505,0,0,0,2,,,0,,,,,,Auckland Region,Nil,2-way,Sealed,,0,0,,50,,Null,0,0,,76,Auckland,Traffic Signals,,,,,0,0,Urban,0,,,Null,Null
1766762.5703,5917305.4792,813105,,517002,0,0,0,1,0,Null,2024/2025,SUNNYMEAD ROAD,BUNKYS WAY,,Non-Injury Crash,No,2025,0,West,0,0,0,Flat,0,,0,,0,Bright sun,473100,0,0,0,2,0,0,0,0,1,,0,0,Auckland Region,Nil,2-way,Sealed,0,0,0,0,50,0,Off,0,0,,76,Auckland,Nil,0,0,0,0,0,1,Urban,0,0,0,Fine,Null
1773363.3412,5892220.376,813114,,521301,0,,0,1,,South,2024/2025,GREAT SOUTH ROAD,EAST STREET,,Non-Injury Crash,No,2025,,North,,0,,Flat,,,,,,Dark,808701,0,0,0,2,,,0,,,,,,Auckland Region,Nil,2-way,Sealed,,0,0,,50,,On,0,0,,76,Auckland,Nil,,,,,1,0,Urban,0,,,Light rain,Null
1746927.5508,5912713.6448,813122,,511100,0,,0,1,,South,2025/2026,GLENDALE ROAD,GLENGARRY ROAD,,Non-Injury Crash,No,2025,,North,,0,,Flat,,,,,,Dark,288301,0,0,0,2,,,0,,,,,,Auckland Region,Nil,2-way,Sealed,,0,0,,50,,On,0,0,,76,Auckland,Nil,,,,,0,0,Urban,1,,,Fine,Null
1761412.6519,5920133.6645,813128,,516400,0,,0,0,,East,2024/2025,TAMAKI DRIVE,POKANOA POINT ENT,,Non-Injury Crash,No,2024,,West,,0,,Flat,,Labour Weekend,,,,Dark,496600,0,0,1,2,,,0,,,,,,Auckland Region,Nil,2-way,Sealed,,0,0,,50,,On,0,0,,76,Auckland,Nil,,,,,0,1,Urban,0,,,Fine,Null
1757229.4816,5926962.9275,813145,,507900,0,,0,2,,Null,2025/2026,ANZAC STREET,TAHAROTO ROAD,,Minor Crash,No,2025,,West,,0,,Flat,,,,,,Dark,305000,1,0,0,4,,,0,,,,,,Auckland Region,Nil,2-way,Sealed,,0,0,,50,,On,0,0,,76,Auckland,Traffic Signals,,,,,0,0,Urban,0,,,Fine,Null
1758615.7281,5908678.1851,813151,,524002,0,0,0,2,0,South,2024/2025,WALLACE ROAD,KAPUKA ROAD,,Non-Injury Crash,No,2024,0,South,0,0,0,Flat,0,,0,,0,Dark,725000,0,0,0,2,0,0,0,0,1,,0,0,Auckland Region,Nil,2-way,Sealed,0,0,0,0,50,0,On,0,0,,76,Auckland,Nil,1,0,0,0,0,0,Urban,0,0,0,Fine,Null
1765850.9051,5907999.4632,813152,,523402,0,,0,2,,South,2025/2026,SOUTHERN MOTORWAY,BAIRDS OBR,,Non-Injury Crash,Yes,2026,,South,,0,,Flat,,,,,,Overcast,699000,0,0,0,3,,,0,,,,,,Auckland Region,Nil,1-way,Sealed,,0,0,,100,,Off,0,0,,76,Auckland,Nil,,,,,0,0,Open,1,,,Light rain,Null
1755781.783,5918372.9297,813153,,517500,0,,0,1,,East,2025/2026,NORTH-WESTERN MOTORWAY,BOND OBR,,Non-Injury Crash,Yes,2026,,West,,0,,Flat,,,,,,Overcast,529300,0,0,0,4,,,0,,,,,,Auckland Region,Nil,1-way,Sealed,,0,0,,80,,Off,0,0,,76,Auckland,Nil,,,,,1,0,Open,0,,,Fine,Null
1753739.7804,5935714.5815,813199,,508703,0,0,0,1,0,North,2024/2025,RISING PARADE,PHARLAP DRIVE,,Non-Injury Crash,No,2025,0,South,0,0,0,Hill Road,0,,0,,0,Overcast,179210,0,0,0,2,0,0,0,0,1,,0,0,Auckland Region,Nil,2-way,Sealed,0,0,0,0,50,0,Off,0,0,,76,Auckland,Nil,0,0,0,0,1,0,Urban,0,0,0,Fine,Null
1767353.5766,5904034.7492,813223,,524602,0,0,0,0,0,South,2025/2026,BARROWCLIFFE PLACE,MANUKAU STATION ROAD,,Non-Injury Crash,No,2025,0,East,0,0,0,Flat,0,,0,,0,Dark,780416,0,0,0,2,0,0,0,0,0,,0,0,Auckland Region,Nil,2-way,Sealed,0,0,0,0,50,0,On,0,0,,76,Auckland,Nil,0,0,0,1,1,0,Urban,0,0,0,Fine,Null
1760885.1508,5914585.4095,813247,,519500,0,0,0,1,0,North,2025/2026,GREAT SOUTH ROAD,CENTRAL PARK,,Non-Injury Crash,No,2025,0,North,0,0,0,Flat,0,,0,,0,Bright sun,620400,0,0,0,4,0,0,0,0,0,,0,0,Auckland Region,Nil,2-way,Sealed,0,0,0,0,50,0,Off,0,0,,76,Auckland,Nil,0,0,0,0,1,0,Urban,0,1,0,Fine,Null
1764633.0161,5905678.3091,813248,,522100,0,,0,2,,Null,2024/2025,WYLLIE ROAD,KENDERDINE ROAD,,Non-Injury Crash,No,2025,,North,,0,,Null,,,,,,Unknown,657800,0,0,0,2,,,0,,,,,,Auckland Region,Nil,2-way,Sealed,,0,0,,40,,Null,0,0,,76,Auckland,Give way,,,,,0,0,Urban,0,,,Fine,Null
1748089.2062,5912075.5629,813256,,511902,0,,0,1,,Null,2024/2025,TITIRANGI ROAD,GOLF ROAD,,Non-Injury Crash,No,2025,,South,,0,,Null,,,,,,Unknown,292402,0,0,1,1,,,0,,,,,,Auckland Region,Nil,1-way,Sealed,,0,0,,50,,Null,0,0,,76,Auckland,Give way,,,,,0,0,Urban,0,,,Null,Null
1759393.3553,5916903.579,813271,,516001,1,,0,1,,South,2025/2026,MARKET ROAD,DROMORNE ROAD,,Serious Crash,No,2025,,South,,0,,Flat,,Christmas New Year,,,,Bright sun,491700,0,0,0,2,,,0,,,,,,Auckland Region,Nil,2-way,Sealed,,0,1,,50,,Off,0,0,,76,Auckland,Nil,,,,,0,0,Urban,0,,,Fine,Null
1757953.8016,5927330.9339,813280,,508010,0,0,0,4,0,North,2024/2025,THE TERRACE,ANZAC STREET,,Non-Injury Crash,No,2024,0,North,0,0,0,Hill Road,0,,0,,1,Overcast,327300,0,0,0,2,0,0,0,0,2,,0,0,Auckland Region,Nil,2-way,Sealed,0,0,0,0,30,0,Off,0,0,,76,Auckland,Nil,0,1,0,0,0,0,Urban,0,0,0,Fine,Null
1764003.8242,5912086.1804,813286,,520500,0,,0,0,,Null,2024/2025,MOUNT WELLINGTON HIGHWAY,MONAHAN ROAD,,Non-Injury Crash,No,2024,,South,,0,,Null,,,,,,Twilight,639500,0,0,0,3,,,0,,,,,,Auckland Region,Nil,1-way,Sealed,,0,0,,50,,Null,1,0,,76,Auckland,Give way,,,,,0,0,Urban,1,,,Fine,Null
1766192.7347,5899194.5114,813288,,524812,0,,0,2,,Null,2024/2025,KAIMOANA STREET,TUTUWHATU CRESCENT,,Non-Injury Crash,No,2025,,East,,0,,Flat,,,,,,Bright sun,774003,0,0,0,2,,,0,,,,,,Auckland Region,Nil,2-way,Unsealed,,0,0,,50,,Off,0,1,30,76,Auckland,Give way,,,,,0,0,Urban,0,,,Fine,Null
1772903.0637,5890727.8517,813295,,521301,0,,0,2,,Null,2025/2026,GREAT SOUTH ROAD,PITT ROAD,,Non-Injury Crash,No,2025,,South,,0,,Flat,,,,,,Dark,809200,0,0,0,2,,,0,,,,,,Auckland Region,Nil,2-way,Sealed,,0,0,,80,,On,0,0,,76,Auckland,Give way,,,,,0,0,Open,0,,,Light rain,Null
1755577.5083,5920076.7529,813302,,515302,0,,0,2,,South,2024/2025,PONSONBY ROAD,SUMMER STREET,,Non-Injury Crash,No,2024,,North,,0,,Null,,,,,,Unknown,431000,0,0,0,4,,,0,,,,,,Auckland Region,Nil,2-way,Sealed,,0,0,,40,,Null,0,0,,76,Auckland,Nil,,,,,0,0,Urban,0,,,Fine,Null
1743173.2681,5926729.4627,813303,,513410,0,,0,1,,West,2025/2026,BRIGHAM CREEK ROAD,JOSEPH MCDONALD DRIVE,,Minor Crash,No,2026,,East,,0,,Flat,,,,,,Overcast,223200,2,0,1,2,,,0,,,,,,Auckland Region,Nil,2-way,Sealed,,0,0,,80,,Off,0,0,,76,Auckland,Nil,,,,,0,0,Open,0,,,Fine,Null
1753559.1538,5913116.4741,813304,,518901,0,0,0,2,0,North,2025/2026,WHITE SWAN ROAD,PASCOE STREET,,Minor Crash,No,2025,0,South,0,0,0,Hill Road,0,,0,,0,Overcast,585200,1,0,0,2,0,0,0,0,1,,0,0,Auckland Region,Nil,2-way,Sealed,0,0,0,0,50,0,Off,0,0,,76,Auckland,Nil,0,0,0,0,0,0,Urban,0,0,0,Fine,Null
1752036.462,5917971.1347,813310,,515001,0,0,0,1,0,East,2024/2025,NORTH-WESTERN MOTORWAY,GT NORTH OBR,,Non-Injury Crash,Yes,2025,0,East,0,0,0,Hill Road,1,,0,,0,Dark,392400,0,0,0,4,0,0,0,0,0,,0,0,Auckland Region,Motorway ramp,1-way,Sealed,0,0,0,0,100,0,On,0,0,,76,Auckland,Nil,0,0,0,0,0,0,Open,0,0,0,Fine,Null
1768205.4395,5904406.0512,813318,,523722,0,,0,2,,West,2023/2024,REDOUBT ROAD,WILISA RISE,,Non-Injury Crash,No,2023,,East,,0,,Hill Road,,,,,,Overcast,715805,0,0,0,2,,,0,,,,,,Auckland Region,Nil,1-way,Sealed,,0,0,,50,,Off,0,0,,76,Auckland,Nil,,,,,0,0,Urban,0,,,Light rain,None
1767170.6662,5904608.8644,813319,,524604,0,,0,1,,North,2025/2026,SHARKEY STREET,RONWOOD AVENUE,,Non-Injury Crash,No,2025,,North,,0,,Flat,,,,,,Bright sun,780209,0,0,0,2,,,0,,,,,,Auckland Region,Nil,2-way,Sealed,,0,0,,50,,Off,0,0,,76,Auckland,Nil,,,,,0,0,Urban,1,,,Fine,Null
1765393.3231,5909126.3841,813327,,523402,0,,0,2,,South,2025/2026,SOUTHERN MOTORWAY,HIGHBROOK DRIVE OFF RAMP,,Non-Injury Crash,Yes,2025,,South,,0,,Flat,,,,,,Bright sun,696900,0,0,0,4,,,0,,,,,,Auckland Region,Nil,1-way,Sealed,,0,0,,100,,Off,0,0,,76,Auckland,Nil,,,,,0,0,Open,0,,,Fine,Null
1767195.4908,5902027.7024,813328,,524720,0,0,0,2,0,East,2024/2025,BROWNS ROAD,JELLICOE ROAD,,Serious Crash,No,2025,0,West,0,0,1,Flat,0,,0,,0,Dark,779700,1,0,0,2,0,0,0,0,1,,0,0,Auckland Region,Nil,2-way,Sealed,0,0,1,0,50,0,On,0,0,40,76,Auckland,Nil,0,0,0,1,0,0,Urban,0,0,0,Fine,Frost
1785040.2455,5925353.698,813341,,520801,0,,0,2,,West,2025/2026,ONETANGI ROAD,WAIATA ROAD,,Non-Injury Crash,No,2026,,North,,0,,Flat,,,,,,Bright sun,515403,0,0,0,2,,,0,,,,,,Auckland Region,Nil,2-way,Sealed,,0,0,,60,,Off,0,0,,76,Auckland,Nil,,,,,0,0,Urban,0,,,Fine,Null
1766906.2073,5912612.5332,813358,,522920,0,,0,2,,North,2025/2026,TI RAKAU DRIVE,ROSEBURN PLACE,,Non-Injury Crash,No,2025,,North,,0,,Flat,,,,,,Overcast,686800,0,0,0,4,,,0,,,,,,Auckland Region,Nil,2-way,Sealed,,0,0,,60,,Off,0,0,,76,Auckland,Nil,,,,,0,0,Urban,0,,,Fine,Null
1769434.6632,5902190.882,813365,,523814,0,,0,1,,North,2025/2026,SOUTHERN MOTORWAY,HILL ROAD-MANUREWA OFF RAMP,,Non-Injury Crash,Yes,2025,,South,,0,,Hill Road,,,,,,Twilight,760702,0,0,0,4,,,0,,,,,,Auckland Region,Nil,1-way,Sealed,,0,0,,100,,On,1,0,,76,Auckland,Nil,,,,,0,0,Open,0,,,Heavy rain,Null
1749842.1642,5913950.7211,813371,,511303,0,,0,2,,Null,2025/2026,GREAT NORTH ROAD,MCCRAE WAY,,Non-Injury Crash,No,2026,,South,,0,,Null,,,,,,Unknown,267000,0,0,0,0,,,0,,,,,,Auckland Region,Nil,Null,Null,,0,0,,,,Null,0,0,,76,Auckland,Traffic Signals,,,,,0,0,Urban,0,,,Null,Null
1765542.6153,5906834.1215,813380,,522202,0,,0,1,,Null,2025/2026,BISLEY STREET,KOLMAR ROAD,,Non-Injury Crash,No,2025,,North,,0,,Null,,,,,,Overcast,663500,0,0,0,2,,,0,,,,,,Auckland Region,Nil,2-way,Sealed,,0,0,,50,,Null,0,0,,76,Auckland,Stop,,,,,0,1,Urban,0,,,Fine,Null
1734069.4091,5933747.1941,813388,35,506653,0,0,0,1,0,South,2025/2026,OLD NORTH ROAD,PEAK ROAD,,Minor Crash,No,2025,0,South,0,0,0,Hill Road,0,,0,,0,Overcast,217704,1,0,0,2,0,0,0,0,0,,0,0,Auckland Region,Nil,2-way,Sealed,0,0,0,0,80,0,None,1,0,,76,Auckland,Nil,0,1,0,0,0,0,Open,0,0,0,Light rain,Null
1763558.1509,5910009.3349,813395,,521901,0,,0,2,,West,2025/2026,HUIA ROAD,MOA STREET,,Non-Injury Crash,No,2025,,East,,0,,Null,,,,,,Bright sun,782500,0,0,0,2,,,0,,,,,,Auckland Region,Nil,2-way,Sealed,,0,0,,50,,Null,0,0,,76,Auckland,Nil,,,,,0,0,Urban,0,,,Fine,Null
1769921.9111,5909838.8242,813404,,523113,0,,0,1,,Null,2025/2026,TE IRIRANGI DRIVE,SMALES ROAD,,Non-Injury Crash,No,2025,,North,,0,,Flat,,,,,,Dark,711813,0,0,0,2,,,0,,,,,,Auckland Region,Nil,2-way,Sealed,,0,0,,80,,On,0,0,,76,Auckland,Traffic Signals,,,,,0,0,Open,1,,,Fine,Null
1768658.7246,5914054.0863,813413,,522721,0,,0,1,,East,2024/2025,PAKURANGA ROAD,STANNILAND STREET,,Minor Crash,No,2025,,East,,0,,Hill Road,,,,,,Dark,681215,1,0,0,4,,,0,,,,,,Auckland Region,Nil,2-way,Sealed,,0,0,,60,,On,0,0,,76,Auckland,Nil,,,,,0,0,Urban,0,,,Fine,Null
1755274.1854,5915244.11,813421,,518500,0,0,0,1,0,East,2024/2025,INVERMAY AVENUE,HARDLEY AVENUE,,Non-Injury Crash,No,2024,0,East,0,0,0,Null,0,,0,,0,Unknown,559900,0,0,0,2,0,0,0,0,1,,0,0,Auckland Region,Nil,2-way,Sealed,0,0,0,0,50,0,Null,0,0,,76,Auckland,Nil,0,0,0,0,0,0,Urban,0,0,0,Fine,Null
1766968.087,5903710.7353,813429,,524602,0,,0,1,,Null,2024/2025,WIRI STATION ROAD,DRUCES ROAD,,Non-Injury Crash,No,2024,,West,,0,,Flat,,,,,,Overcast,780411,0,0,0,3,,,0,,,,,,Auckland Region,Nil,2-way,Sealed,,0,0,,50,,Off,0,0,,76,Auckland,Traffic Signals,,,,,1,0,Urban,0,,,Light rain,Null
1737524.6017,5932412.9637,813443,,506653,0,0,0,0,1,East,2025/2026,OLD NORTH ROAD,ARARIMU VALLEY ROAD,,Serious Crash,No,2026,0,North,0,0,0,Hill Road,0,,0,,0,Overcast,217000,0,0,0,2,0,0,0,0,0,,0,0,Auckland Region,Nil,2-way,Sealed,0,0,1,0,80,0,None,0,0,,76,Auckland,Nil,0,0,0,0,0,0,Open,1,0,0,Fine,Null
1746525.6749,5916395.3743,813452,,510800,0,,0,2,,Null,2024/2025,GREAT NORTH ROAD,JAMES LAURIE STREET,,Non-Injury Crash,No,2025,,North,,0,,Flat,,,,,,Overcast,244100,0,0,0,2,,,0,,,,,,Auckland Region,Nil,1-way,Sealed,,0,0,,50,,Off,0,0,,76,Auckland,Traffic Signals,,,,,0,0,Urban,0,,,Fine,Null
1757453.6086,5918627.2914,813460,,514302,0,0,0,1,0,Null,2025/2026,KHYBER PASS ROAD,AUBURN STREET,,Serious Crash,No,2025,0,West,0,0,0,Hill Road,0,Labour Weekend,0,,0,Dark,442000,0,0,0,5,0,1,0,0,0,,0,0,Auckland Region,Nil,2-way,Sealed,0,0,1,0,50,0,On,0,0,,76,Auckland,Stop,0,1,0,0,0,0,Urban,0,0,0,Fine,Null
1763100.3758,5907988.7657,813482,,524530,0,,0,1,,Null,2025/2026,MASSEY ROAD,GRAY AVENUE,,Non-Injury Crash,No,2026,,South,,0,,Flat,,,,,,Bright sun,733400,0,0,0,3,,,0,,,,,,Auckland Region,Nil,2-way,Sealed,,0,0,,50,,Off,0,0,,76,Auckland,Give way,,,,,0,0,Urban,1,,,Fine,Null
1753221.1594,5931096.1466,813483,,508803,0,0,0,1,0,Null,2024/2025,BARBADOS DRIVE,GRENADINE PLACE,,Non-Injury Crash,No,2025,0,East,0,0,0,Hill Road,0,,0,,0,Bright sun,180819,0,0,0,2,0,0,0,0,1,,0,0,Auckland Region,Nil,2-way,Sealed,0,0,0,0,50,0,Off,0,0,,76,Auckland,Nil,0,0,0,0,1,0,Urban,0,0,0,Mist or Fog,Null
1757043.7051,5919441.466,813489,,514200,0,,0,1,,Null,2024/2025,KARANGAHAPE ROAD,QUEEN STREET,,Non-Injury Crash,No,2025,,West,,0,,Null,,,,,,Overcast,412301,0,0,0,4,,,0,,,,,,Auckland Region,Nil,2-way,Sealed,,0,0,,30,,Off,0,0,,76,Auckland,Traffic Signals,,,,,0,1,Urban,0,,,Fine,Null
1754642.246,5916539.5717,813496,,517701,0,,0,2,,Null,2025/2026,ST LUKES ROAD,CORNWALLIS STREET,,Non-Injury Crash,No,2025,,East,,0,,Hill Road,,Labour Weekend,,,,Bright sun,536200,0,0,0,4,,,0,,,,,,Auckland Region,Nil,2-way,Sealed,,0,0,,50,,Off,0,0,,76,Auckland,Traffic Signals,,,,,0,0,Urban,0,,,Fine,Null
1757185.1508,5919578.6901,813498,,514103,0,0,0,2,0,North,2025/2026,LIVERPOOL STREET,CITY ROAD,,Non-Injury Crash,No,2025,0,South,0,0,0,Flat,0,,0,,0,Unknown,436300,0,0,0,1,0,0,0,0,1,,0,0,Auckland Region,Nil,1-way,Sealed,0,0,0,0,30,0,Null,0,0,,76,Auckland,Nil,0,0,0,0,0,0,Urban,0,0,0,Null,Null
1773623.5399,5896796.3247,813504,,525620,0,0,0,2,0,South,2024/2025,CLEVEDON ROAD,GROVE ROAD,,Non-Injury Crash,No,2025,0,South,0,0,0,Flat,0,,0,,0,Twilight,797100,0,0,0,2,0,0,0,0,1,,0,1,Auckland Region,Nil,2-way,Sealed,0,0,0,0,50,0,On,0,0,,76,Auckland,Nil,0,0,0,0,0,0,Urban,0,0,0,Mist or Fog,Frost
1755018.8973,5918303.6324,813512,,515500,0,,0,0,,East,2025/2026,NORTH-WESTERN MOTORWAY,MOUNTAIN VIEW OBR,,Non-Injury Crash,Yes,2025,,East,,0,,Flat,,,,,,Bright sun,418800,0,0,0,4,,,0,,,,,,Auckland Region,Nil,1-way,Sealed,,0,0,,80,,Off,0,0,,76,Auckland,Nil,,,,,0,0,Open,2,,,Fine,Null
1739280.4188,5913147.7502,813522,,513020,0,0,0,1,0,East,2024/2025,OPANUKU ROAD,DREAMLANDS TRACK,,Non-Injury Crash,No,2024,0,North,0,0,0,Hill Road,0,,0,,0,Dark,280200,0,0,0,1,0,0,0,0,0,,0,0,Auckland Region,Nil,2-way,Unsealed,0,0,0,0,40,0,None,0,0,,76,Auckland,Nil,0,0,0,1,0,0,Urban,0,0,0,Fine,Null
1775829.7058,5883289.9697,813528,,521160,0,,0,1,,South,2025/2026,SOUTHERN MOTORWAY,ST STEPHENS OBR,,Minor Crash,Yes,2025,,South,,0,,Flat,,,,,,Dark,827604,1,0,0,2,,,0,,,,,,Auckland Region,Nil,1-way,Sealed,,0,0,,100,,On,0,0,,76,Auckland,Nil,,,,,0,0,Open,1,,,Fine,Null
1758954.9779,5912975.9694,813529,,519820,0,,0,2,,Null,2025/2026,ONEHUNGA MALL,TRAFALGAR STREET,,Non-Injury Crash,No,2026,,South,,0,,Flat,,,,,,Bright sun,599100,0,0,0,3,,,0,,,,,,Auckland Region,Nil,2-way,Sealed,,0,0,,50,,Null,0,0,,76,Auckland,Traffic Signals,,,,,0,0,Urban,0,,,Fine,Null
1758780.1547,5912652.3294,813538,,519810,0,0,0,2,0,Null,2024/2025,SELWYN STREET,GREY STREET,,Non-Injury Crash,No,2025,0,North,0,0,0,Flat,0,,0,,0,Overcast,598400,0,0,0,6,0,0,0,0,0,,0,1,Auckland Region,Nil,2-way,Sealed,0,0,0,0,50,0,Off,0,0,,76,Auckland,Stop,1,0,0,0,0,0,Urban,1,0,0,Light rain,Null
1766847.1196,5902358.5783,813545,,524602,0,,0,2,,South,2025/2026,DALGETY DRIVE,KERRS ROAD,,Minor Crash,No,2025,,North,,0,,Flat,,,,,,Overcast,780407,1,0,0,2,,,0,,,,,,Auckland Region,Nil,2-way,Sealed,,0,0,,50,,None,0,0,30,76,Auckland,Nil,,,,,0,0,Urban,1,,,Heavy rain,Null
1758012.5357,5920268.1629,813552,,514103,0,,0,2,,Null,2025/2026,SYMONDS STREET,WATERLOO QUADRANT,,Non-Injury Crash,No,2026,,North,,0,,Hill Road,,,,,,Dark,437400,0,0,0,4,,,0,,,,,,Auckland Region,Nil,2-way,Sealed,,0,0,,50,,On,0,1,,76,Auckland,Traffic Signals,,,,,0,0,Urban,0,,,Light rain,Null