X,Y,OBJECTID,advisorySpeed,areaUnitID,bicycle,bridge,bus,carStationWagon,cliffBank,crashDirectionDescription,crashFinancialYear,crashLocation1,crashLocation2,crashRoadSideRoad,crashSeverity,crashSHDescription,crashYear,debris,directionRoleDescription,ditch,fatalCount,fence,flatHill,guardRail,holiday,houseOrBuilding,intersection,kerb,light,meshblockId,minorInjuryCount,moped,motorcycle,NumberOfLanes,objectThrownOrDropped,otherObject,otherVehicleType,overBank,parkedVehicle,pedestrian,phoneBoxEtc,postOrPole,region,roadCharacter,roadLane,roadSurface,roadworks,schoolBus,seriousInjuryCount,slipOrFlood,speedLimit,strayAnimal,streetLight,suv,taxi,temporarySpeedLimit,tlaId,tlaName,trafficControl,trafficIsland,trafficSign,train,tree,truck,unknownVehicleType,urban,vanOrUtility,vehicle,waterRiver,weatherA,weatherB
1756501.1205,5920013.3793,813569,,514000,0,,0,3,,North,2024/2025,NORTHERN MOTORWAY,WELLINGTON OBR,,Non-Injury Crash,Yes,2025,,North,,0,,Hill Road,,,,,,Bright sun,417400,0,0,0,3,,,0,,,,,,Auckland Region,Nil,1-way,Sealed,,0,0,,80,,Off,0,0,,76,Auckland,Nil,,,,,0,0,Open,0,,,Fine,Null
1758559.6563,5911675.5681,813590,,519810,0,,0,2,,South,2024/2025,SOUTH-WESTERN MOTORWAY,NEILSON STREET OFF RAMP,,Non-Injury Crash,Yes,2025,,South,,0,,Flat,,,,,,Bright sun,602501,0,0,0,4,,,0,,,,,,Auckland Region,Nil,1-way,Sealed,,0,0,,100,,Off,0,0,,76,Auckland,Nil,,,,,0,1,Open,0,,,Fine,Null
1776093.5228,5881975.8092,813599,,521160,0,,0,2,,Null,2024/2025,MILL ROAD,GREAT SOUTH ROAD,,Non-Injury Crash,No,2025,,East,,0,,Flat,,,,,,Overcast,827800,0,0,0,1,,,0,,,,,,Auckland Region,Nil,2-way,Sealed,,0,0,,50,,Off,0,0,,76,Auckland,Give way,,,,,0,0,Urban,0,,,Light rain,Null
1757277.0853,5920943.0206,813613,,514102,0,,0,2,,West,2025/2026,FANSHAWE STREET,FEDERAL STREET,,Non-Injury Crash,No,2025,,West,,0,,Null,,Labour Weekend,,,,Dark,433101,0,0,0,4,,,0,,,,,,Auckland Region,Nil,1-way,Sealed,,0,0,,40,,On,0,0,,76,Auckland,Nil,,,,,0,0,Urban,0,,,Light rain,Null
1746640.8704,5917917.2819,813614,,512500,0,0,0,1,0,South,2025/2026,TE ATATU ROAD,TREASURE LANE,,Non-Injury Crash,No,2025,0,North,0,0,0,Flat,1,,0,,0,Dark,257300,0,0,0,2,0,0,0,0,0,,0,0,Auckland Region,Nil,2-way,Sealed,0,0,0,0,50,0,On,0,0,,76,Auckland,Nil,0,0,0,0,0,0,Urban,0,0,0,Fine,Null
1763912.9362,5884805.2097,813649,,521122,0,0,0,3,1,Null,2025/2026,OSTRICH ROAD,EGGLETON ROAD,,Serious Crash,No,2025,0,East,0,0,0,Hill Road,0,,0,,0,Overcast,813200,1,0,0,2,0,0,0,0,0,,0,0,Auckland Region,Nil,2-way,Sealed,0,0,2,0,80,0,None,0,0,,76,Auckland,Nil,0,0,0,0,0,0,Open,0,0,0,Fine,Null
1771475.5876,5913935.1125,813685,,521602,0,,0,1,,East,2024/2025,UNION ROAD,WOOD AVENUE,,Non-Injury Crash,No,2024,,East,,0,,Flat,,,,,,Overcast,648900,0,0,0,2,,,0,,,,,,Auckland Region,Nil,2-way,Sealed,,0,0,,50,,Off,0,0,,76,Auckland,Nil,,,,,0,0,Urban,1,,,Fine,Null
1757068.0041,5920548.2149,813686,,514102,0,,0,1,,Null,2025/2026,HOBSON STREET,VICTORIA STREET WEST,,Non-Injury Crash,No,2025,,South,,0,,Flat,,Christmas New Year,,,,Overcast,433403,0,0,0,4,,,0,,,,,,Auckland Region,Nil,1-way,Sealed,,0,0,,40,,Off,0,0,,76,Auckland,Traffic Signals,,,,,1,0,Urban,0,,,Fine,Null
1765049.8773,5919657.7026,813692,,516700,0,0,0,1,0,Null,2024/2025,LONG DRIVE,MELANESIA ROAD,,Non-Injury Crash,No,2024,0,North,0,0,0,Flat,0,,0,,0,Dark,508700,0,0,0,2,0,0,0,0,1,,0,0,Auckland Region,Nil,2-way,Sealed,0,0,0,0,50,0,On,1,0,,76,Auckland,Stop,0,0,0,0,0,0,Urban,0,0,0,Fine,Null
1756763.7476,5919887.014,813700,,514102,0,,0,2,,Null,2024/2025,HOBSON STREET,PITT STREET,,Non-Injury Crash,No,2025,,South,,0,,Flat,,,,,,Bright sun,434603,0,0,0,4,,,0,,,,,,Auckland Region,Motorway ramp,1-way,Sealed,,0,0,,40,,Off,0,0,,76,Auckland,Traffic Signals,,,,,0,0,Urban,0,,,Fine,Null
1759881.6809,5917803.8148,813701,,516102,0,0,0,3,0,North,2025/2026,LEYS CRESCENT,SHERA ROAD,,Serious Crash,No,2026,0,South,0,0,1,Flat,0,,0,,0,Dark,483800,1,0,0,2,0,0,0,0,1,,0,0,Auckland Region,Nil,2-way,Sealed,0,0,1,0,50,0,On,0,0,,76,Auckland,Nil,0,0,0,0,0,0,Urban,0,1,0,Fine,Null
1763494.4783,5915638.705,813717,,520302,0,,0,2,,South,2025/2026,LUNN AVENUE,ABBOTTS WAY,,Non-Injury Crash,No,2025,,South,,0,,Flat,,,,,,Bright sun,625800,0,0,0,2,,,0,,,,,,Auckland Region,Nil,2-way,Sealed,,0,0,,50,,Off,0,0,,76,Auckland,Nil,,,,,0,0,Urban,0,,,Fine,Null
1767230.7633,5901309.7717,813730,,524712,0,,0,2,,Null,2025/2026,RUSSELL ROAD,SWALLOW DRIVE,,Minor Crash,No,2026,,East,,0,,Flat,,,,,,Dark,777202,1,0,0,2,,,0,,,,,,Auckland Region,Nil,2-way,Sealed,,0,0,,50,,On,0,0,,76,Auckland,Give way,,,,,0,0,Urban,0,,,Fine,Strong wind
1762727.4004,5914863.8086,813776,,520401,1,,0,0,,Null,2025/2026,HARRISON ROAD,ELLERSLIE GARDEN,,Minor Crash,No,2025,,North,,0,,Flat,,Labour Weekend,,,,Dark,644101,1,0,0,2,,,0,,,,,,Auckland Region,Nil,2-way,Sealed,,0,0,,50,,On,0,0,,76,Auckland,Nil,,,,,0,0,Urban,0,,,Fine,Null
1760876.8745,5917767.0563,813784,,516201,0,,0,2,,North,2024/2025,ORAKEI ROAD,BENSON ROAD,,Minor Crash,No,2025,,South,,0,,Flat,,,,,,Bright sun,487100,1,0,0,2,,,0,,,,,,Auckland Region,Nil,2-way,Sealed,,0,0,,50,,Off,0,0,,76,Auckland,Nil,,,,,0,0,Urban,0,,,Fine,Null
1757564.8893,5919990.129,813785,,514103,0,0,0,0,0,Null,2025/2026,WELLESLEY STREET EAST,PRINCES STREET,,Non-Injury Crash,No,2026,0,North,0,0,0,Hill Road,0,,0,,0,Dark,436700,0,0,0,3,0,0,0,0,0,,0,0,Auckland Region,Nil,2-way,Sealed,0,0,0,0,30,0,On,0,0,,76,Auckland,Traffic Signals,1,1,0,0,0,0,Urban,1,0,0,Fine,Null
1754085.7226,5933441.481,813792,,508804,0,,0,2,,Null,2025/2026,HUGH GREEN DRIVE,KILLYBEGS DRIVE,,Minor Crash,No,2025,,North,,0,,Flat,,,,,,Overcast,180708,1,0,0,2,,,0,,,,,,Auckland Region,Nil,2-way,Sealed,,0,0,,50,,Off,0,0,40,76,Auckland,Give way,,,,,0,0,Urban,0,,,Fine,Null
1748743.5876,5948015.5293,813794,,505806,0,0,0,1,0,West,2025/2026,MILLWATER PARKWAY ON RAMP,MILLWATER PARKWAY,,Non-Injury Crash,No,2025,0,West,0,0,0,Hill Road,0,,0,,0,Dark,176501,0,0,0,1,0,0,0,0,0,,0,1,Auckland Region,Motorway ramp,1-way,Sealed,0,0,0,0,100,0,On,0,0,,76,Auckland,Nil,0,0,0,0,0,0,Open,0,0,0,Fine,Null
1767807.1163,5910171.7177,813816,,523112,0,0,0,2,0,South,2025/2026,NEILPARK DRIVE,ALLENS ROAD,,Non-Injury Crash,No,2025,0,North,0,0,0,Flat,0,,0,,0,Bright sun,711600,0,0,0,2,0,0,0,0,1,,0,0,Auckland Region,Nil,2-way,Sealed,0,0,0,0,50,0,Off,0,0,,76,Auckland,Nil,0,0,0,0,0,0,Urban,0,0,0,Fine,Null
1761186.4813,5903424.5144,813832,,524604,0,0,0,2,0,West,2025/2026,PUHINUI ROAD,AIRPORT LOOKOUT WBD EXT,,Non-Injury Crash,Yes,2025,0,West,0,0,0,Flat,1,,0,,0,Bright sun,780902,0,0,0,2,0,0,0,0,0,,0,0,Auckland Region,Nil,2-way,Sealed,0,0,0,0,50,0,Off,0,0,20,76,Auckland,Nil,0,0,0,0,0,0,Urban,0,0,0,Fine,Null
1770271.057,5913877.9065,813834,,522722,0,0,0,1,0,East,2025/2026,MCCAHILL VIEWS,MCCAHILL VIEWS,,Non-Injury Crash,No,2025,0,West,0,0,1,Hill Road,0,,0,,0,Bright sun,681318,0,0,0,2,0,0,0,0,0,,0,0,Auckland Region,Nil,2-way,Sealed,0,0,0,0,50,0,Off,0,0,,76,Auckland,Nil,0,0,0,0,0,0,Urban,0,0,0,Fine,Strong wind
1743406.6054,5921887.2436,813841,,513631,0,0,0,1,0,Null,2025/2026,BROADFIELD STREET,KILLYGORDON PLACE,,Non-Injury Crash,No,2026,0,North,0,0,1,Hill Road,0,,0,,0,Dark,227005,0,0,0,2,0,0,0,0,0,,0,0,Auckland Region,Nil,2-way,Sealed,0,0,0,0,50,0,On,0,0,,76,Auckland,Give way,0,0,0,0,0,0,Urban,0,0,0,Fine,Null
1768564.2805,5900866.7313,813849,,525001,0,,0,0,,Null,2025/2026,OFF ROAD CARPARK,,,Minor Crash,No,2026,,East,,0,,Flat,,,,,,Overcast,752100,1,0,1,2,,,0,,,1,,,Auckland Region,Nil,Off road,Sealed,,0,0,,50,,Off,0,0,40,76,Auckland,Nil,,,,,0,0,Urban,0,,,Fine,Null
1754957.0527,5913600.6828,813856,,518803,0,,0,1,,Null,2023/2024,DOMINION ROAD OFF RAMP,DOMINION ROAD,,Non-Injury Crash,No,2024,,East,,0,,Hill Road,,,,,,Unknown,581700,0,0,0,3,,,0,,,,,,Auckland Region,Nil,1-way,Sealed,,0,0,,50,,Off,1,0,,76,Auckland,Give way,,,,,0,0,Urban,0,,,Fine,None
1751669.2363,5917136.8518,813857,,514900,0,,0,2,,West,2024/2025,ALFORD STREET,GREAT NORTH ROAD,,Non-Injury Crash,No,2025,,East,,0,,Null,,,,,,Overcast,384200,0,0,0,2,,,0,,,,,,Auckland Region,Nil,2-way,Sealed,,0,0,,30,,Null,0,0,,76,Auckland,Nil,,,,,0,0,Urban,0,,,Null,Null
1754761.1828,5930606.1746,813865,,508520,0,,0,1,,South,2025/2026,NORTHERN MOTORWAY,UPPER HARBOUR HWY ON RAMP,,Non-Injury Crash,Yes,2025,,South,,0,,Hill Road,,,,,,Dark,191104,0,0,0,2,,,0,,,,,,Auckland Region,Nil,1-way,Sealed,,0,0,,100,,On,1,0,,76,Auckland,Nil,,,,,0,0,Open,0,,,Fine,Null
1768266.7995,5880842.8185,813872,,525921,0,0,1,1,0,East,2024/2025,HARRIS STREET,WEST STREET,,Non-Injury Crash,No,2024,0,West,0,0,0,Flat,0,,0,,0,Dark,821700,0,0,0,2,0,0,0,0,1,,0,0,Auckland Region,Nil,2-way,Sealed,0,0,0,0,50,0,On,0,0,,76,Auckland,Nil,0,0,0,0,0,0,Urban,0,0,0,Light rain,Null
1769258.0412,5907261.3645,813882,,523711,0,0,0,1,0,North,2025/2026,TE IRIRANGI DRIVE,FLORENCE CARTER AVENUE,,Minor Crash,No,2025,0,North,0,0,0,Flat,0,,0,,0,Overcast,712801,2,0,0,2,0,0,0,0,0,,0,0,Auckland Region,Nil,1-way,Sealed,0,0,0,0,60,0,Off,0,0,,76,Auckland,Nil,0,0,0,1,0,0,Urban,0,0,0,Fine,Null
1769432.0266,5907346.7582,813890,,523712,0,0,0,1,0,West,2024/2025,BOTANY WAY,MICHAEL JONES DRIVE,,Non-Injury Crash,No,2025,0,West,0,0,0,Flat,1,,0,,0,Bright sun,712803,0,0,0,2,0,0,0,0,0,,0,0,Auckland Region,Nil,2-way,Sealed,0,0,0,0,50,0,Off,0,0,,76,Auckland,Nil,0,0,0,0,0,0,Urban,0,0,0,Fine,Null
1740711.3646,5921283.2586,813920,,513701,0,,0,0,,South,2024/2025,SUNNYVALE ROAD,HASZARD ROAD,,Non-Injury Crash,No,2025,,North,,0,,Hill Road,,,,,,Dark,229800,0,0,0,2,,,0,,,,,,Auckland Region,Nil,2-way,Sealed,,0,0,,60,,On,0,0,,76,Auckland,Nil,,,,,0,0,Urban,1,,,Fine,Null
1758127.8673,5917788.5363,813921,,515700,0,,0,2,,Null,2025/2026,GILLIES AVENUE,GILLIES AVENUE ON RAMP,,Minor Crash,No,2026,,North,,0,,Flat,,,,,,Overcast,443700,2,0,0,3,,,0,,,,,,Auckland Region,Overpass,2-way,Sealed,,0,0,,50,,On,0,0,,76,Auckland,Traffic Signals,,,,,0,0,Urban,0,,,Fine,Null
1774796.4565,5900274.1702,813936,45,523813,0,0,0,1,0,North,2024/2025,AIRFIELD ROAD,ALTITUDE ROAD,,Non-Injury Crash,No,2025,0,West,0,0,1,Flat,0,,0,,0,Overcast,761300,0,0,0,2,0,0,0,0,0,,0,0,Auckland Region,Nil,2-way,Sealed,0,0,0,0,80,0,None,0,0,,76,Auckland,Nil,0,1,0,1,0,0,Open,0,0,0,Fine,Null
1765959.5541,5900689.9089,813937,,524711,0,,0,1,,North,2025/2026,ROSCOMMON ROAD,WORDSWORTH ROAD,,Non-Injury Crash,No,2025,,South,,0,,Flat,,,,,,Bright sun,774505,0,0,1,1,,,0,,,,,,Auckland Region,Nil,1-way,Sealed,,0,0,,50,,Null,0,0,,76,Auckland,Nil,,,,,0,0,Urban,0,,,Fine,Null
1757871.2292,5918731.9186,813944,,517400,0,,1,0,,Null,2024/2025,PARK ROAD,CARLTON GORE ROAD,,Minor Crash,No,2025,,North,,0,,Flat,,,,,,Bright sun,450100,3,0,0,2,,,0,,,,,,Auckland Region,Nil,2-way,Sealed,,0,0,,50,,Off,1,0,,76,Auckland,Traffic Signals,,,,,0,0,Urban,0,,,Fine,Null
1755442.9644,5915223.8459,813953,,518500,0,0,0,1,0,Null,2025/2026,LANDSCAPE ROAD,DOMINION ROAD,,Non-Injury Crash,No,2026,0,West,0,0,0,Hill Road,0,,1,,0,Bright sun,561200,0,0,0,2,0,0,0,0,0,,0,0,Auckland Region,Nil,2-way,Sealed,0,0,0,0,50,0,Off,0,0,,76,Auckland,Stop,0,0,0,1,0,0,Urban,0,0,0,Fine,Null
1755660.7113,5935063.8402,813954,,507101,0,0,0,1,0,Null,2024/2025,BEACH ROAD,WILK LANE,,Non-Injury Crash,No,2025,0,North,0,0,0,Flat,0,,0,,1,Dark,161900,0,0,0,3,0,0,0,0,0,,0,0,Auckland Region,Nil,2-way,Sealed,0,0,0,0,50,0,On,0,0,,76,Auckland,Traffic Signals,0,0,0,0,0,0,Urban,0,0,0,Fine,Null
1765062.2313,5902834.4053,813961,,524604,0,,0,2,,Null,2025/2026,ROSCOMMON ROAD,OIL TERMINAL ROAD,,Non-Injury Crash,No,2026,,North,,0,,Flat,,Christmas New Year,,,,Dark,781200,0,0,0,2,,,0,,,,,,Auckland Region,Nil,1-way,Sealed,,0,0,,60,,On,0,0,,76,Auckland,Traffic Signals,,,,,0,0,Urban,0,,,Light rain,Null
1764839.0403,5917527.0757,813969,,517201,0,,0,1,,West,2025/2026,FELTON MATHEW AVENUE,HOWARD HUNTER AVENUE,,Non-Injury Crash,No,2025,,East,,0,,Null,,,,,,Overcast,464000,0,0,0,2,,,0,,,,,,Auckland Region,Nil,2-way,Sealed,,0,0,,50,,Null,0,0,,76,Auckland,Nil,,,,,0,0,Urban,1,,,Light rain,Null
1753301.9113,5914243.3059,813985,,514500,0,,0,1,,West,2025/2026,MAIORO STREET,RICHARDSON ROAD,,Non-Injury Crash,No,2025,,West,,0,,Null,,,,,,Unknown,376800,0,0,0,7,,,0,,,,,,Auckland Region,Nil,2-way,Sealed,,0,0,,50,,Null,1,0,,76,Auckland,Nil,,,,,0,0,Urban,0,,,Light rain,Null
1762230.1652,5913564.6769,813986,,520500,0,,0,1,,South,2025/2026,SOUTHERN MOTORWAY,PENROSE OBR,,Non-Injury Crash,Yes,2025,,North,,0,,Flat,,,,,,Bright sun,637100,0,0,1,3,,,0,,,,,,Auckland Region,Nil,1-way,Sealed,,0,0,,100,,Off,0,0,,76,Auckland,Nil,,,,,0,0,Open,0,,,Fine,Null
1769915.2285,5898548.0027,813993,,523920,0,0,0,1,0,North,2025/2026,BRYLEE DRIVE,SYNTAX PLACE,,Non-Injury Crash,No,2025,0,South,0,0,0,Hill Road,0,,0,,0,Dark,767912,0,0,0,2,0,0,0,0,0,,0,0,Auckland Region,Nil,2-way,Sealed,0,0,0,0,50,0,On,0,0,,76,Auckland,Nil,0,0,0,1,0,0,Urban,0,0,0,Fine,Null
1760104.3889,5907124.6216,814007,,524112,0,,0,2,,Null,2024/2025,BADER DRIVE,ORLY AVENUE,,Non-Injury Crash,No,2024,,East,,0,,Flat,,,,,,Bright sun,737500,0,0,0,4,,,0,,,,,,Auckland Region,Nil,2-way,Sealed,,0,0,,50,,Off,0,0,,76,Auckland,Give way,,,,,0,0,Urban,0,,,Fine,Null
1763357.3724,5905406.9549,814009,,524303,0,0,0,1,0,East,2025/2026,CARINGBAH DRIVE,SABRE PLACE,,Minor Crash,No,2025,0,South,0,0,0,Flat,0,,0,,0,Bright sun,746301,2,0,0,2,0,0,0,0,1,,0,0,Auckland Region,Nil,2-way,Sealed,0,0,0,0,50,0,Off,0,0,,76,Auckland,Nil,0,0,0,0,0,0,Urban,1,0,0,Fine,Null
1757689.5965,5919715.7522,814017,,514301,0,,0,2,,South,2024/2025,WELLESLEY STREET OFF RAMP,WELLESLEY STREET EAST,,Non-Injury Crash,No,2025,,North,,0,,Hill Road,,,,,,Overcast,440400,0,0,0,2,,,0,,,,,,Auckland Region,Motorway ramp,1-way,Sealed,,0,0,,50,,Off,1,0,,76,Auckland,Nil,,,,,0,0,Urban,0,,,Fine,Null
1774717.1666,5896004.5131,814031,,525700,0,,0,1,,Null,2024/2025,DOMINION ROAD,SETTLEMENT ROAD,,Non-Injury Crash,No,2025,,East,,0,,Null,,,,,,Unknown,800308,0,0,0,2,,,0,,,,,,Auckland Region,Nil,2-way,Sealed,,0,0,,50,,Null,0,0,,76,Auckland,Give way,,,,,0,0,Urban,0,,,Null,Null
1745187.9113,5917189.4885,814033,,510800,0,,0,1,,South,2024/2025,HENDERSON VALLEY ROAD,TE ARA PUHEKE,,Minor Crash,No,2025,,South,,0,,Flat,,,,,,Bright sun,241500,2,0,0,2,,,0,,,,,,Auckland Region,Nil,2-way,Sealed,,0,0,,50,,Off,1,0,,76,Auckland,Nil,,,,,0,0,Urban,0,,,Fine,Null
1752100.9826,5938296.4297,814039,,506300,0,,0,1,,South,2024/2025,NORTHERN MOTORWAY,WRIGHT OBR,,Non-Injury Crash,Yes,2024,,North,,0,,Flat,,,,,,Bright sun,176101,0,0,0,2,,,0,,,,,,Auckland Region,Nil,1-way,Sealed,,0,0,,100,,Off,1,0,,76,Auckland,Nil,,,,,0,0,Open,0,,,Fine,Null
1755376.752,5928970.8617,814047,,508320,0,,0,1,,Null,2025/2026,WAIRAU ROAD,TRISTRAM AVENUE,,Non-Injury Crash,No,2025,,South,,0,,Null,,,,,,Bright sun,196700,0,0,0,5,,,0,,,,,,Auckland Region,Nil,2-way,Sealed,,0,0,,50,,Null,1,0,,76,Auckland,Traffic Signals,,,,,0,0,Urban,0,,,Fine,Null
1761527.3457,5912432.5624,814048,,519500,0,,0,1,,North,2024/2025,CHURCH STREET,NEILSON STREET,,Non-Injury Crash,No,2025,,South,,0,,Hill Road,,,,,,Dark,622400,0,0,0,4,,,0,,,,,,Auckland Region,Nil,2-way,Sealed,,0,0,,50,,On,0,0,,76,Auckland,Nil,,,,,0,0,Urban,1,,,Fine,Null
1745617.6745,5920630.7703,814063,,513301,0,0,0,1,0,East,2025/2026,NORTH-WESTERN MOTORWAY,LINCOLN OBR,,Serious Crash,Yes,2025,0,West,0,0,0,Flat,1,,0,,0,Dark,230301,0,0,0,3,0,0,0,0,0,,0,0,Auckland Region,Nil,1-way,Sealed,0,0,1,0,100,0,On,0,0,,76,Auckland,Nil,0,0,0,1,0,0,Open,0,0,0,Fine,Null
1757773.4479,5918201.4378,814071,,515700,0,,0,2,,South,2025/2026,SOUTHERN MOTORWAY,MOUNTAIN OBR,,Non-Injury Crash,Yes,2025,,North,,0,,Flat,,,,,,Dark,443600,0,0,0,4,,,0,,,,,,Auckland Region,Nil,1-way,Sealed,,0,0,,80,,On,1,0,,76,Auckland,Nil,,,,,0,0,Open,0,,,Fine,Null
1768521.9986,5881345.5795,814072,,525910,0,0,0,1,0,South,2024/2025,VICTORIA STREET,HARRINGTON AVENUE,,Non-Injury Crash,No,2024,0,North,0,0,1,Flat,0,,0,,0,Twilight,820300,0,0,0,2,0,0,0,0,0,,0,0,Auckland Region,Nil,2-way,Sealed,0,0,0,0,50,0,On,0,0,,76,Auckland,Nil,0,0,0,0,0,0,Urban,0,0,0,Fine,Null
1757532.5049,5918565.8297,814102,,514302,0,0,0,2,0,North,2024/2025,SOUTHERN MOTORWAY,BOSTON OBR,,Minor Crash,Yes,2025,0,North,0,0,0,Flat,1,,0,,0,Dark,442100,1,0,0,4,0,0,0,0,0,,0,0,Auckland Region,Nil,1-way,Sealed,0,0,0,0,80,0,On,0,1,,76,Auckland,Nil,0,0,0,0,0,0,Open,1,0,0,Fine,Null
1755375.939,5932233.8713,814111,,508805,0,,1,1,,Null,2025/2026,EAST COAST ROAD,MAXWELTON DRIVE,,Non-Injury Crash,No,2025,,South,,0,,Flat,,,,,,Bright sun,151101,0,0,0,4,,,0,,,,,,Auckland Region,Nil,2-way,Sealed,,0,0,,50,,Off,0,0,,76,Auckland,Give way,,,,,0,0,Urban,0,,,Fine,Null
1756830.4743,5929220.4074,814119,,507800,0,0,0,0,0,South,2025/2026,STANLEY AVENUE,TOBRUK CRESCENT,,Non-Injury Crash,No,2025,0,North,0,0,0,Hill Road,0,,0,,0,Overcast,308000,0,0,0,2,0,0,1,0,1,,0,0,Auckland Region,Nil,2-way,Sealed,0,0,0,0,50,0,Off,1,0,,76,Auckland,Nil,0,0,0,0,0,0,Urban,1,0,0,Fine,Null
1752846.1708,5927194.9771,814167,,508210,0,,0,2,,North,2024/2025,GLENCOURT PLACE,SEAVIEW ROAD,,Non-Injury Crash,No,2024,,North,,0,,Flat,,,,,,Unknown,188001,0,0,0,2,,,0,,,,,,Auckland Region,Nil,2-way,Sealed,,0,0,,50,,Null,0,0,,76,Auckland,Nil,,,,,0,0,Urban,0,,,Fine,Null
1753827.7478,5916719.1725,814173,,517800,0,,0,1,,South,2025/2026,ALBERTON AVENUE,TAYLORS ROAD,,Non-Injury Crash,No,2025,,North,,0,,Null,,,,,,Bright sun,528100,0,0,1,2,,,0,,,,,,Auckland Region,Nil,2-way,Sealed,,0,0,,30,,Null,0,0,,76,Auckland,Nil,,,,,0,0,Urban,0,,,Fine,Null
1755689.0589,5916131.4935,814175,,518301,0,,0,2,,Null,2024/2025,DOMINION ROAD,WIREMU STREET,,Non-Injury Crash,No,2024,,North,,0,,Flat,,,,,,Overcast,555100,0,0,0,4,,,0,,,,,,Auckland Region,Nil,2-way,Sealed,,0,0,,50,,Off,0,0,,76,Auckland,Stop,,,,,0,0,Urban,0,,,Fine,Null
1759789.7583,5915848.5582,814191,,519200,0,,0,1,,North,2024/2025,GREAT SOUTH ROAD,GREEN LANE EAST,,Non-Injury Crash,No,2025,,South,,0,,Null,,,,,,Bright sun,616000,0,0,0,4,,,0,,,,,,Auckland Region,Nil,2-way,Null,,0,0,,50,,Null,1,0,,76,Auckland,Nil,,,,,0,0,Urban,0,,,Fine,Null
1753275.3989,5914413.7018,814197,,518801,0,,0,3,,North,2024/2025,RICHARDSON ROAD,MAIORO STREET,,Non-Injury Crash,No,2025,,South,,0,,Hill Road,,,,,,Dark,578400,0,0,0,2,,,0,,,,,,Auckland Region,Nil,2-way,Sealed,,0,0,,50,,On,0,0,30,76,Auckland,Nil,,,,,0,0,Urban,0,,,Fine,Null
1749121.5344,5927778.9954,814214,,509100,0,,0,2,,West,2024/2025,UPPER HARBOUR MOTORWAY,TAUHINU ROAD OFF RAMP,,Non-Injury Crash,Yes,2025,,West,,0,,Flat,,,,,,Bright sun,181400,0,0,0,3,,,0,,,,,,Auckland Region,Nil,1-way,Sealed,,0,0,,100,,Off,0,0,,76,Auckland,Nil,,,,,0,0,Open,0,,,Fine,Null
1754240.0264,5914784.926,814229,,518802,0,,0,1,,North,2025/2026,SANDRINGHAM ROAD EXTENSION,O'DONNELL AVENUE,,Non-Injury Crash,No,2025,,South,,0,,Flat,,,,,,Overcast,578000,0,0,1,2,,,0,,,,,,Auckland Region,Nil,2-way,Sealed,,0,0,,50,,Off,0,0,,76,Auckland,Nil,,,,,0,0,Urban,0,,,Light rain,Null
1765299.9372,5906841.3167,814230,,522201,0,0,0,1,0,South,2025/2026,RANGITOTO ROAD,SHIRLEY ROAD,,Non-Injury Crash,No,2025,0,North,0,0,1,Flat,0,,1,,0,Dark,662200,0,0,0,2,0,0,0,0,0,,0,0,Auckland Region,Nil,2-way,Sealed,0,0,0,0,50,0,On,0,0,,76,Auckland,Nil,0,0,0,0,0,0,Urban,0,0,0,Fine,Null
1769469.5912,5901759.0488,814231,,524901,0,,0,2,,Null,2024/2025,HILL ROAD,GRANDE VUE ROAD,,Non-Injury Crash,No,2025,,East,,0,,Flat,,,,,,Bright sun,756901,0,0,0,1,,,0,,,,,,Auckland Region,Nil,2-way,Sealed,,0,0,,50,,Off,0,0,,76,Auckland,Give way,,,,,0,0,Urban,0,,,Fine,Null
1751645.8869,5947774.3584,814237,,505808,0,0,0,2,0,South,2025/2026,RED BEACH ROAD,FAIRWAY AVENUE,,Non-Injury Crash,No,2025,0,North,0,0,0,Hill Road,0,,0,,0,Dark,172903,0,0,0,2,0,0,0,0,1,,0,0,Auckland Region,Nil,2-way,Sealed,0,0,0,0,50,0,On,0,0,,76,Auckland,Nil,0,0,0,0,0,0,Urban,0,0,0,Fine,Null
1744933.252,5919792.1906,814238,,513301,0,,0,0,,West,2025/2026,UNIVERSAL DRIVE,TUDOR ROAD,,Non-Injury Crash,No,2025,,West,,0,,Flat,,,,,,Twilight,234403,0,0,1,2,,,0,,,,,,Auckland Region,Nil,2-way,Sealed,,0,0,,50,,On,1,0,,76,Auckland,Nil,,,,,0,0,Urban,0,,,Light rain,Null
1771215.052,5898776.8833,814254,,523912,0,,0,1,,Null,2025/2026,KAURI HEART AVENUE,TAKA STREET,,Non-Injury Crash,No,2025,,West,,0,,Null,,,,,,Bright sun,767400,0,0,0,2,,,0,,,,,,Auckland Region,Nil,2-way,Sealed,,0,0,,50,,Null,0,0,,76,Auckland,Give way,,,,,0,0,Urban,1,,,Fine,Null
1759705.5668,5916990.8219,814255,,516001,0,0,1,1,0,Null,2025/2026,REMUERA ROAD,PORTLAND ROAD,,Minor Crash,No,2025,0,East,0,0,0,Flat,0,,0,,0,Dark,491500,1,0,0,4,0,0,0,0,0,,0,0,Auckland Region,Nil,2-way,Sealed,0,0,0,0,50,0,On,0,0,,76,Auckland,Give way,0,0,0,0,0,0,Urban,0,1,0,Light rain,Null