X,Y,OBJECTID,advisorySpeed,areaUnitID,bicycle,bridge,bus,carStationWagon,cliffBank,crashDirectionDescription,crashFinancialYear,crashLocation1,crashLocation2,crashRoadSideRoad,crashSeverity,crashSHDescription,crashYear,debris,directionRoleDescription,ditch,fatalCount,fence,flatHill,guardRail,holiday,houseOrBuilding,intersection,kerb,light,meshblockId,minorInjuryCount,moped,motorcycle,NumberOfLanes,objectThrownOrDropped,otherObject,otherVehicleType,overBank,parkedVehicle,pedestrian,phoneBoxEtc,postOrPole,region,roadCharacter,roadLane,roadSurface,roadworks,schoolBus,seriousInjuryCount,slipOrFlood,speedLimit,strayAnimal,streetLight,suv,taxi,temporarySpeedLimit,tlaId,tlaName,trafficControl,trafficIsland,trafficSign,train,tree,truck,unknownVehicleType,urban,vanOrUtility,vehicle,waterRiver,weatherA,weatherB
1771062.8702,5899179.2821,814261,,523911,0,,0,2,,Null,2024/2025,TAKANINI SCHOOL ROAD,MANUROA ROAD,,Non-Injury Crash,No,2025,,North,,0,,Flat,,Christmas New Year,,,,Overcast,766800,0,0,0,2,,,0,,,,,,Auckland Region,Nil,2-way,Sealed,,0,0,,50,,Off,0,0,,76,Auckland,Traffic Signals,,,,,0,0,Urban,0,,,Fine,Null
1761087.4479,5907240.0129,814263,,524520,0,0,0,1,0,Null,2025/2026,ROBERTSON ROAD,BARI LANE,,Minor Crash,No,2025,0,North,0,0,0,Flat,0,,0,,0,Bright sun,736101,2,0,0,2,0,0,0,0,1,,0,0,Auckland Region,Nil,2-way,Sealed,0,0,0,0,50,0,Off,0,0,,76,Auckland,Nil,0,0,0,0,1,0,Urban,0,0,0,Fine,Null
1763553.6862,5909062.8244,814277,,521901,0,,0,2,,Null,2024/2025,NIKAU ROAD,WALMSLEY ROAD,,Non-Injury Crash,No,2024,,West,,0,,Flat,,,,,,Bright sun,785000,0,0,0,2,,,0,,,,,,Auckland Region,Nil,2-way,Sealed,,0,0,,50,,Off,0,0,,76,Auckland,Stop,,,,,1,0,Urban,0,,,Fine,Null
1756492.5135,5926301.098,814278,,509702,1,,0,1,,Null,2025/2026,AKORANGA DRIVE,COLLEGE ROAD,,Serious Crash,No,2025,,South,,0,,Flat,,,,,,Bright sun,364602,0,0,0,5,,,0,,,,,,Auckland Region,Nil,2-way,Sealed,,0,1,,50,,Off,0,0,,76,Auckland,Traffic Signals,,,,,0,0,Urban,0,,,Fine,Null
1757316.3458,5920222.456,814293,,514103,0,,1,0,,Null,2025/2026,QUEEN STREET,WELLESLEY STREET EAST,,Minor Crash,No,2026,,South,,0,,Flat,,,,,,Bright sun,437101,1,0,0,4,,,0,,,1,,,Auckland Region,Nil,2-way,Sealed,,0,0,,30,,Null,0,0,,76,Auckland,Traffic Signals,,,,,0,0,Urban,0,,,Fine,Null
1756430.0118,5924365.6668,814302,,509702,0,0,0,1,0,North,2025/2026,NORTHERN BUSWAY,NORTHERN MOTORWAY,,Non-Injury Crash,No,2025,0,South,0,0,0,Flat,1,,0,,0,Dark,366700,0,0,0,1,0,0,0,0,0,,0,0,Auckland Region,Motorway ramp,1-way,Sealed,0,0,0,0,50,0,On,0,0,,76,Auckland,Nil,0,0,0,0,0,0,Urban,0,0,0,Fine,Null
1757195.7773,5919864.6591,814316,,514103,0,,0,1,,Null,2025/2026,MAYORAL DRIVE,QUEEN STREET,,Non-Injury Crash,No,2025,,West,,0,,Hill Road,,,,,,Bright sun,436100,0,1,0,6,,,0,,,,,,Auckland Region,Nil,2-way,Sealed,,0,0,,30,,Off,0,0,,76,Auckland,Traffic Signals,,,,,0,0,Urban,0,,,Fine,Null
1757006.3396,5917948.6154,814318,,518101,0,0,0,2,0,South,2025/2026,MOUNT EDEN ROAD,KOHEKOHE STREET,,Non-Injury Crash,No,2025,0,North,0,0,0,Flat,0,,0,,0,Bright sun,543100,0,0,0,2,0,0,0,0,1,,0,0,Auckland Region,Nil,2-way,Sealed,0,0,0,0,50,0,Off,0,0,,76,Auckland,Nil,0,0,0,0,0,0,Urban,0,0,0,Fine,Null
1754940.113,5931857.605,814325,,508805,0,,0,2,,Null,2025/2026,APOLLO DRIVE,CONSTELLATION DRIVE,,Non-Injury Crash,No,2025,,North,,0,,Null,,,,,,Unknown,180813,0,0,0,4,,,0,,,,,,Auckland Region,Nil,2-way,Sealed,,0,0,,50,,Null,0,0,,76,Auckland,Give way,,,,,0,0,Urban,0,,,Fine,Null
1768095.8276,5899196.9998,814341,,525102,0,0,0,1,0,East,2025/2026,GAMBARE PLACE,VOLANTE AVENUE,,Non-Injury Crash,No,2025,0,East,0,0,2,Flat,0,,1,,0,Dark,769200,0,0,0,2,0,0,0,0,0,,0,0,Auckland Region,Nil,2-way,Sealed,0,0,0,0,50,0,On,0,0,,76,Auckland,Nil,0,0,0,0,0,0,Urban,0,0,0,Fine,Null
1771140.7699,5895163.3483,814357,,521201,0,,0,2,,Null,2025/2026,HINGAIA ROAD,HINAU ROAD,,Minor Crash,No,2026,,East,,0,,Flat,,,,,,Overcast,806604,1,0,0,4,,,0,,,,,,Auckland Region,Bridge,2-way,Sealed,,0,0,,50,,Off,0,0,,76,Auckland,Traffic Signals,,,,,0,0,Urban,0,,,Fine,Null
1770948.4319,5913640.9565,814364,,523101,0,0,0,2,0,West,2025/2026,KURNELL DRIVE,BARINGA PLACE,,Minor Crash,No,2025,0,West,0,0,0,Flat,0,,0,,0,Twilight,710601,1,0,0,2,0,0,0,0,1,,0,0,Auckland Region,Nil,2-way,Sealed,0,0,0,0,50,0,On,0,0,,76,Auckland,Nil,0,0,0,0,0,0,Urban,0,0,0,Fine,Null
1747095.3409,5921551.3283,814372,,512201,0,0,0,0,0,North,2024/2025,KAUMATUA PLACE,TAIKATA ROAD,,Non-Injury Crash,No,2025,0,South,0,0,0,Flat,0,,0,,0,Overcast,248000,0,0,0,2,0,0,0,0,1,,0,0,Auckland Region,Nil,2-way,Sealed,0,0,0,0,50,0,Null,1,0,,76,Auckland,Nil,0,0,0,0,0,0,Urban,0,0,0,Fine,Null
1755892.7269,5943750.4276,814387,,505909,0,0,0,1,0,East,2024/2025,WADE RIVER ROAD,COCHRANE AVENUE,,Non-Injury Crash,No,2024,0,West,0,0,1,Flat,0,,0,,0,Dark,174005,0,0,0,2,0,1,0,0,0,,0,0,Auckland Region,Nil,2-way,Sealed,0,0,0,0,50,0,None,0,0,,76,Auckland,Nil,0,0,0,0,0,0,Urban,0,0,0,Fine,Null
1758131.8166,5920024.8243,814395,,514301,0,,0,2,,Null,2025/2026,STANLEY STREET,ALTEN ROAD,,Non-Injury Crash,Yes,2025,,North,,0,,Flat,,,,,,Dark,440300,0,0,0,4,,,0,,,,,,Auckland Region,Nil,2-way,Sealed,,0,0,,50,,On,0,0,,76,Auckland,Traffic Signals,,,,,0,0,Urban,0,,,Fine,Null
1771386.4791,5895503.4083,814396,,521201,0,,0,1,,Null,2025/2026,SOUTHERN MOTORWAY,PAPAKURA ON RAMP,,Non-Injury Crash,Yes,2025,,North,,0,,Flat,,,,,,Unknown,806604,0,0,0,3,,,0,,,,,,Auckland Region,Nil,1-way,Sealed,,0,0,,100,,Null,0,0,,76,Auckland,Nil,,,,,0,0,Open,1,,,Fine,Null
1758199.4174,5926939.2924,814397,,508010,0,,0,2,,Null,2025/2026,LAKE ROAD,BYRON AVENUE,,Non-Injury Crash,No,2025,,North,,0,,Null,,,,,,Bright sun,324300,0,0,0,2,,,0,,,,,,Auckland Region,Nil,2-way,Sealed,,0,0,,30,,Null,0,0,,76,Auckland,Traffic Signals,,,,,0,0,Urban,0,,,Null,Null
1757436.3829,5912341.1499,814403,,519810,0,0,0,1,0,West,2025/2026,SOUTH-WESTERN MOTORWAY,QUEENSTOWN ROAD ON RAMP,,Non-Injury Crash,Yes,2025,0,South,0,0,0,Flat,0,,0,,0,Dark,597100,0,0,0,3,0,0,0,0,1,,0,0,Auckland Region,Bridge,1-way,Sealed,0,0,0,0,100,0,On,0,0,,76,Auckland,Nil,0,0,0,0,1,0,Open,0,0,0,Light rain,Null
1755593.0913,5918678.3045,814417,,515500,0,0,0,3,0,Null,2025/2026,GREAT NORTH ROAD,BEACONSFIELD STREET,,Non-Injury Crash,No,2025,0,West,0,0,0,Hill Road,0,,0,,0,Dark,418100,0,0,0,4,0,0,0,0,2,,0,0,Auckland Region,Nil,2-way,Sealed,0,0,0,0,50,0,On,0,0,,76,Auckland,Give way,0,0,0,0,0,0,Urban,0,0,0,Fine,Null
1751694.2846,5933999.9025,814418,,508701,0,,0,2,,South,2025/2026,DAIRY FLAT HIGHWAY,OTEHA VALLEY ROAD,,Minor Crash,No,2026,,North,,0,,Flat,,,,,,Twilight,178900,2,0,0,2,,,0,,,,,,Auckland Region,Nil,1-way,Sealed,,0,0,,50,,Off,0,0,,76,Auckland,Nil,,,,,0,0,Urban,0,,,Fine,Null
1774113.8782,5896166.7042,814426,,525620,0,0,0,1,0,East,2025/2026,RESOLUTE WAY,VIOLA PLACE,,Serious Crash,No,2025,0,East,0,0,0,Flat,0,,0,,0,Bright sun,798200,0,0,1,2,0,0,0,0,1,,0,0,Auckland Region,Nil,2-way,Sealed,0,0,1,0,50,0,Off,0,0,,76,Auckland,Nil,0,0,0,0,0,0,Urban,0,0,0,Fine,Null
1760421.8791,5911817.4406,814458,,520000,0,,0,0,,Null,2024/2025,NEILSON STREET,CAPTAIN SPRINGS ROAD,,Non-Injury Crash,No,2024,,West,,0,,Flat,,,,,,Bright sun,607900,0,0,0,2,,,0,,,,,,Auckland Region,Nil,2-way,Sealed,,0,0,,50,,Null,0,0,,76,Auckland,Traffic Signals,,,,,2,0,Urban,0,,,Fine,Null
1767915.2916,5899241.9222,814465,,525102,0,,0,1,,Null,2025/2026,MAHIA ROAD,VOLANTE AVENUE,,Non-Injury Crash,No,2025,,East,,0,,Null,,,,,,Bright sun,769200,1,0,0,2,,,0,,,,,,Auckland Region,Nil,2-way,Sealed,,0,0,,50,,Null,0,0,,76,Auckland,Give way,,,,,1,0,Urban,0,,,Fine,Null
1759227.2615,5918616.8441,814466,,516101,0,0,0,0,0,West,2024/2025,BASSETT ROAD,HOBSON CIRCLE,,Non-Injury Crash,No,2025,0,West,0,0,0,Hill Road,0,,0,,0,Bright sun,481000,0,0,0,2,0,0,0,0,0,,0,1,Auckland Region,Nil,2-way,Sealed,0,0,0,0,50,0,Off,0,0,,76,Auckland,Nil,0,0,0,0,1,0,Urban,0,0,0,Fine,Null
1754722.7306,5915567.8035,814472,,517702,0,,0,0,,Null,2025/2026,SANDRINGHAM ROAD,LAMBETH ROAD,,Minor Crash,No,2025,,North,,0,,Flat,,,,,,Overcast,541600,1,0,0,2,,,0,,,1,,,Auckland Region,Nil,2-way,Sealed,,0,0,,50,,Null,0,0,,76,Auckland,Nil,,,,,0,0,Urban,0,,,Fine,Null
1769061.1991,5900634.4311,814473,,525002,0,0,0,2,0,North,2025/2026,GREAT SOUTH ROAD,MCANNALLEY STREET,,Non-Injury Crash,No,2025,0,South,0,0,0,Null,0,,0,,0,Bright sun,753202,0,0,0,2,0,0,0,0,1,,0,0,Auckland Region,Nil,2-way,Sealed,0,0,0,0,50,0,Null,0,0,,76,Auckland,Nil,0,0,0,0,0,0,Urban,0,0,0,Fine,Null
1768989.666,5902607.227,814482,,524901,0,,0,0,,South,2025/2026,SOUTHERN MOTORWAY,PUHINUI STM BR,,Non-Injury Crash,Yes,2025,,North,,0,,Flat,,,,,,Bright sun,755000,0,0,0,3,,,0,,,,,,Auckland Region,Nil,1-way,Sealed,,0,0,,100,,Off,0,0,,76,Auckland,Nil,,,,,2,0,Open,1,,,Fine,Null
1756103.2828,5923353.9839,814497,,509800,0,,0,0,,South,2025/2026,NORTHERN MOTORWAY,HARBOUR BR N,,Minor Crash,Yes,2025,,North,,0,,Hill Road,,,,,,Overcast,359200,1,0,2,4,,,0,,,,,,Auckland Region,Bridge,1-way,Sealed,,0,0,,80,,Off,0,0,,76,Auckland,Nil,,,,,0,0,Open,0,,,Fine,Null
1749567.86,5957367.1225,814505,,506613,0,,0,1,,Null,2025/2026,POHUEHUE ROAD,PUHOI SOUTHBOUND ON RAMP,,Non-Injury Crash,No,2025,,North,,0,,Flat,,,,,,Bright sun,147000,0,0,0,3,,,0,,,,,,Auckland Region,Nil,2-way,Sealed,,0,0,,80,,Off,0,0,,76,Auckland,Nil,,,,,0,0,Open,1,,,Fine,Null
1743674.6708,5919354.7916,814512,45,513213,0,,1,1,,Null,2025/2026,SWANSON ROAD,UNIVERSAL DRIVE,,Non-Injury Crash,No,2025,,North,,0,,Flat,,,,,,Bright sun,235802,0,0,0,2,,,0,,,,,,Auckland Region,Nil,1-way,Sealed,,0,0,,50,,Off,0,0,40,76,Auckland,Give way,,,,,0,0,Urban,0,,,Fine,Null
1769751.7356,5914397.8628,814521,,522722,0,,0,2,,South,2025/2026,AVIEMORE DRIVE,HIGHLAND PARK DRIVE,,Non-Injury Crash,No,2025,,North,,0,,Flat,,,,,,Overcast,681324,0,0,0,2,,,0,,,,,,Auckland Region,Nil,2-way,Sealed,,0,0,,50,,On,0,0,,76,Auckland,Nil,,,,,0,0,Urban,0,,,Light rain,Null
1750723.4061,5946703.1776,814522,,505807,0,,0,2,,Null,2024/2025,HIBISCUS COAST HIGHWAY,WHANGAPARAOA ROAD,,Non-Injury Crash,No,2025,,South,,0,,Flat,,,,,,Bright sun,172802,0,0,0,3,,,0,,,,,,Auckland Region,Nil,1-way,Sealed,,0,0,,60,,Off,0,0,,76,Auckland,Traffic Signals,,,,,0,0,Urban,0,,,Fine,Null
1762531.7254,5903659.024,814529,,524604,0,,0,2,,East,2025/2026,PUHINUI ROAD,CAMPANA ROAD,,Non-Injury Crash,Yes,2025,,West,,0,,Flat,,,,,,Bright sun,780902,0,0,0,6,,,0,,,,,,Auckland Region,Nil,2-way,Sealed,,0,0,,60,,Off,0,0,,76,Auckland,Nil,,,,,0,0,Urban,0,,,Fine,Null
1756113.6427,5923807.0157,814530,,509800,0,,0,1,,North,2024/2025,NORTHERN MOTORWAY,HARBOUR BR N,,Non-Injury Crash,Yes,2025,,South,,0,,Flat,,,,,,Bright sun,358800,0,0,0,5,,,0,,,,,,Auckland Region,Nil,1-way,Sealed,,0,0,,80,,Off,0,0,,76,Auckland,Nil,,,,,1,0,Open,0,,,Fine,Null
1760190.4956,5915467.8898,814536,,519400,0,,0,0,,Null,2025/2026,GREAT SOUTH ROAD,MATAI ROAD,,Serious Crash,No,2026,,North,,0,,Flat,,,,,,Overcast,617301,0,0,1,4,,,0,,,,,,Auckland Region,Nil,2-way,Sealed,,0,1,,50,,Off,1,0,,76,Auckland,Stop,,,,,0,0,Urban,0,,,Fine,Null
1769236.0205,5900327.4078,814545,,525002,0,0,0,1,0,Null,2025/2026,GREAT SOUTH ROAD,MYERS ROAD,,Non-Injury Crash,No,2025,0,South,0,0,1,Flat,0,,0,,0,Overcast,753202,0,0,0,2,0,0,0,0,0,,0,0,Auckland Region,Nil,2-way,Sealed,0,0,0,0,50,0,Off,0,0,,76,Auckland,Give way,0,1,0,0,0,0,Urban,0,0,0,Fine,Null
1763292.2855,5905052.6983,814552,,524303,0,0,0,1,0,North,2024/2025,SOUTH-WESTERN MOTORWAY,PUHINUI ROAD-SH 20B OFF RAMP,,Non-Injury Crash,Yes,2024,0,South,0,0,0,Flat,0,,0,,0,Overcast,746301,0,0,0,2,0,0,0,0,0,,0,0,Auckland Region,Nil,1-way,Sealed,0,0,0,0,100,0,Off,0,0,,76,Auckland,Nil,0,0,0,0,0,0,Open,0,0,0,Fine,Null
1766247.4397,5906878.6226,814554,,522302,0,,0,2,,North,2024/2025,HUIA ROAD,HAMILTON ROAD,,Non-Injury Crash,No,2024,,North,,0,,Flat,,,,,,Overcast,668100,0,0,0,2,,,0,,,,,,Auckland Region,Nil,2-way,Sealed,,0,0,,50,,None,0,0,,76,Auckland,Nil,,,,,0,0,Urban,0,,,Fine,Null
1768598.9111,5884396.1465,814570,,521111,0,0,0,1,0,North,2025/2026,PAERATA ROAD,HEIGHTS ROAD,,Non-Injury Crash,Yes,2026,0,North,0,0,0,Flat,0,,0,,0,Dark,813502,0,0,0,2,0,1,0,0,0,,0,0,Auckland Region,Nil,2-way,Sealed,0,0,0,0,60,0,None,0,0,50,76,Auckland,Nil,0,0,0,0,0,0,Urban,0,0,0,Fine,Null
1766002.9771,5907775.9418,814577,,523402,0,,0,2,,North,2025/2026,SOUTHERN MOTORWAY,EAST TAMAKI ROAD OFF RAMP,,Minor Crash,Yes,2025,,South,,0,,Flat,,,,,,Twilight,699200,1,0,0,3,,,0,,,,,,Auckland Region,Nil,1-way,Sealed,,0,0,,100,,On,0,0,,76,Auckland,Nil,,,,,0,0,Open,0,,,Fine,Null
1765730.6005,5914832.3242,814578,,520601,0,0,0,2,0,Null,2025/2026,TRIPOLI ROAD,STEWART AVENUE,,Minor Crash,No,2025,0,South,0,0,1,Flat,0,Christmas New Year,0,,0,Overcast,632500,1,0,0,2,0,0,0,0,0,,0,0,Auckland Region,Nil,2-way,Sealed,0,0,0,0,50,0,Off,0,0,,76,Auckland,Stop,0,0,0,0,0,0,Urban,0,0,0,Fine,Null
1769630.1166,5899366.5681,814584,,523920,0,,0,2,,Null,2024/2025,KAWE MARIE LANE,TE AWAPU CRESCENT,,Minor Crash,No,2025,,South,,0,,Null,,,,,,Bright sun,767922,1,0,0,2,,,0,,,,,,Auckland Region,Nil,2-way,Sealed,,0,0,,50,,Null,0,0,,76,Auckland,Give way,,,,,0,0,Urban,0,,,Fine,Null
1745628.621,5915630.075,814585,,511800,0,0,0,2,0,North,2025/2026,MILLBROOK ROAD,AWAROA ROAD,,Non-Injury Crash,No,2025,0,South,0,0,0,Flat,0,Christmas New Year,0,,0,Bright sun,277600,0,0,0,2,0,0,0,0,1,,0,0,Auckland Region,Nil,2-way,Sealed,0,0,0,0,50,0,Off,0,0,,76,Auckland,Nil,0,0,0,0,0,0,Urban,0,0,0,Fine,Null
1764963.4863,5908264.7827,814592,,523404,0,0,0,0,0,Null,2024/2025,GREAT SOUTH ROAD,BAIRDS ROAD,,Non-Injury Crash,No,2025,0,South,0,0,0,Flat,0,,0,,0,Dark,696701,0,0,0,1,0,0,0,0,0,,0,0,Auckland Region,Nil,1-way,Sealed,0,0,0,0,50,0,On,0,0,,76,Auckland,Give way,0,0,0,0,0,0,Urban,2,1,0,Fine,Null
1759871.5392,5924381.851,814615,,509300,0,,0,1,,South,2025/2026,LAKE ROAD,OLD LAKE ROAD,,Non-Injury Crash,No,2026,,South,,0,,Flat,,,,,,Bright sun,340200,0,0,1,2,,,0,,,,,,Auckland Region,Nil,2-way,Sealed,,0,0,,50,,Null,0,0,,76,Auckland,Nil,,,,,0,0,Urban,0,,,Fine,Null
1758014.0686,5913473.8164,814616,,519710,0,,0,1,,East,2025/2026,MOUNT ALBERT ROAD,CROWN STREET,,Minor Crash,No,2025,,East,,0,,Flat,,,,,,Overcast,596100,1,1,0,4,,,0,,,,,,Auckland Region,Nil,2-way,Sealed,,0,0,,50,,Off,0,0,,76,Auckland,Nil,,,,,0,0,Urban,0,,,Fine,Null
1765147.9221,5907604.8522,814623,,522301,0,0,0,1,0,Null,2025/2026,GREAT SOUTH ROAD,MOTATAU ROAD,,Non-Injury Crash,No,2025,0,South,0,0,0,Flat,0,,0,,0,Dark,665900,0,0,0,2,0,0,0,0,1,,0,0,Auckland Region,Nil,2-way,Sealed,0,0,0,0,50,0,On,0,0,,76,Auckland,Stop,0,0,0,0,1,0,Urban,0,0,0,Fine,Null
1748677.8325,5915009.044,814625,,511700,0,0,0,1,0,North,2025/2026,KELWYN ROAD,ALSTON AVENUE,,Minor Crash,No,2025,0,North,0,0,0,Hill Road,0,,0,,0,Dark,269900,3,0,0,2,0,0,0,0,1,,0,0,Auckland Region,Nil,2-way,Sealed,0,0,0,0,50,0,On,0,0,,76,Auckland,Nil,0,0,0,0,0,0,Urban,1,0,0,Light rain,Null
1730380.8061,5943770.9494,814631,65,506646,0,0,1,0,0,West,2025/2026,KAIPARA COAST HIGHWAY,ABEL ROAD,,Non-Injury Crash,Yes,2025,0,West,1,0,0,Flat,0,,0,,0,Dark,211401,0,0,0,2,0,0,0,0,0,,0,0,Auckland Region,Nil,2-way,Sealed,0,0,0,0,100,0,None,0,0,,76,Auckland,Nil,0,0,0,0,0,0,Open,0,0,0,Mist or Fog,Null
1776488.7676,5881187.5587,814640,,521160,0,0,0,1,0,South,2025/2026,GREAT SOUTH ROAD,BOMBAY OFF RAMP,,Non-Injury Crash,Yes,2025,0,North,0,0,0,Flat,0,,0,,0,Twilight,827700,0,0,0,4,0,0,0,0,0,,0,2,Auckland Region,Nil,2-way,Sealed,0,0,0,0,100,0,On,0,0,,76,Auckland,Nil,0,0,0,0,0,0,Open,0,0,0,Fine,Null
1743584.4954,5921134.5105,814664,,513632,0,0,0,2,0,Null,2025/2026,WAIMUMU ROAD,WAIMUMU ROAD,,Serious Crash,No,2026,0,East,0,0,0,Flat,0,,0,,0,Dark,227900,2,0,0,2,0,0,0,0,1,,0,0,Auckland Region,Nil,2-way,Sealed,0,0,1,0,50,0,On,0,0,,76,Auckland,Nil,0,0,0,0,0,0,Urban,0,0,0,Fine,Null
1766599.0337,5879999.2158,814673,,521112,0,,0,1,,Null,2025/2026,POLLOCK ROAD,STUART ROAD,,Minor Crash,No,2025,,North,,0,,Flat,,,,,,Twilight,825900,1,0,0,2,,,0,,,,,,Auckland Region,Nil,2-way,Sealed,,0,0,,60,,None,0,0,,76,Auckland,Stop,,,,,0,0,Urban,1,,,Fine,Null
1758116.1096,5915521.8429,814680,,515801,0,,0,0,,North,2025/2026,MANUKAU ROAD,GREEN LANE WEST,,Minor Crash,No,2025,,South,,0,,Null,,,,,,Bright sun,447300,1,0,1,5,,,0,,,,,,Auckland Region,Nil,2-way,Sealed,,0,0,,50,,Null,1,0,,76,Auckland,Nil,,,,,0,0,Urban,0,,,Fine,Null
1752362.9885,5919086.7045,814696,,515002,0,,0,1,,Null,2025/2026,MEOLA ROAD,MOA ROAD,,Non-Injury Crash,No,2025,,East,,0,,Null,,,,,,Bright sun,395900,0,0,0,2,,,0,,,,,,Auckland Region,Nil,2-way,Sealed,,0,0,,50,,Null,1,0,,76,Auckland,Give way,,,,,0,0,Urban,0,,,Fine,Null
1761799.6141,5907299.4507,814710,,524520,0,,0,0,,South,2025/2026,BUCKLAND ROAD,BEN LORA PLACE,,Serious Crash,No,2025,,South,,0,,Flat,,,,,,Bright sun,734400,0,0,1,2,,,0,,,,,,Auckland Region,Nil,2-way,Sealed,,0,1,,50,,Off,1,0,,76,Auckland,Nil,,,,,0,0,Urban,0,,,Fine,Null
1755612.9334,5915866.0639,814718,,518301,0,0,0,2,0,North,2024/2025,DOMINION ROAD,CARMEN AVENUE,,Non-Injury Crash,No,2025,0,North,0,0,0,Flat,0,,0,,0,Dark,553900,0,0,0,2,0,0,0,0,2,,0,0,Auckland Region,Nil,2-way,Sealed,0,0,0,0,50,0,On,1,0,40,76,Auckland,Nil,0,0,0,0,0,0,Urban,0,0,0,Fine,Null
1756976.05,5918834.2232,814726,,514200,0,0,0,2,0,North,2025/2026,SYMONDS STREET,NEWTON ROAD,,Non-Injury Crash,No,2025,0,North,0,0,0,Null,0,,0,,0,Unknown,412302,0,0,0,2,0,0,0,0,1,,0,0,Auckland Region,Nil,1-way,Sealed,0,0,0,0,50,0,Null,0,0,,76,Auckland,Nil,0,0,0,0,0,0,Urban,0,0,0,Fine,Null
1755624.7952,5924553.7291,814734,,509800,0,0,0,1,0,Null,2025/2026,QUEEN STREET,FAULKNER ROAD,,Minor Crash,No,2025,0,North,0,0,0,Hill Road,0,,0,,0,Dark,360400,1,0,0,2,0,0,0,0,0,,0,1,Auckland Region,Nil,2-way,Sealed,0,0,0,0,50,0,On,0,0,,76,Auckland,Give way,0,0,0,0,0,0,Urban,0,0,0,Fine,Null
1749023.6728,5911199.6286,814741,,512100,0,0,0,2,0,North,2025/2026,AVONLEIGH ROAD,VINCEROY PLACE,,Non-Injury Crash,No,2025,0,South,0,0,0,Null,0,,0,,0,Dark,290703,0,0,0,2,0,0,0,0,1,,0,0,Auckland Region,Nil,2-way,Sealed,0,0,0,0,50,0,On,0,0,,76,Auckland,Nil,0,0,0,0,0,0,Urban,0,0,0,Fine,Null
1752966.2899,5946916.2614,814748,55,505808,0,,0,1,,East,2025/2026,WHANGAPARAOA ROAD,MARELLEN DRIVE,,Non-Injury Crash,No,2025,,West,,0,,Hill Road,,,,,,Bright sun,173111,0,0,0,2,,,0,,,,,,Auckland Region,Nil,2-way,Sealed,,0,0,,60,,Off,0,0,,76,Auckland,Nil,,,,,0,0,Urban,1,,,Fine,Null
1749612.8912,5945450.9366,814756,,506001,0,,0,1,,Null,2025/2026,TAVERN ROAD,FORGE ROAD,,Minor Crash,No,2025,,East,,0,,Hill Road,,,,,,Overcast,175701,2,0,0,2,,,0,,,,,,Auckland Region,Nil,2-way,Sealed,,0,0,,50,,Off,0,0,,76,Auckland,Give way,,,,,1,0,Urban,0,,,Light rain,Null
1740382.7591,5926167.5431,814779,,513701,0,0,0,1,0,Null,2025/2026,TAUPAKI ROAD,NIXON ROAD,,Non-Injury Crash,No,2026,0,South,1,0,0,Hill Road,0,,0,,0,Twilight,229400,0,0,0,2,0,0,0,0,0,,0,0,Auckland Region,Nil,2-way,Sealed,0,0,0,0,60,0,Off,0,0,,76,Auckland,Give way,0,0,0,0,0,0,Urban,0,0,0,Fine,Null
1766748.2933,5899287.7724,814780,,524812,0,,0,2,,Null,2025/2026,MAHIA ROAD,GLENVEAGH PARK DRIVE,,Non-Injury Crash,No,2025,,West,,0,,Null,,,,,,Bright sun,774211,0,0,0,2,,,0,,,,,,Auckland Region,Nil,2-way,Sealed,,0,0,,50,,Null,0,0,,76,Auckland,Give way,,,,,0,0,Urban,0,,,Fine,Null
1748701.3222,5944768.1885,814816,,505806,0,0,0,1,0,South,2024/2025,SMALL ROAD,WILLOW RISE,,Non-Injury Crash,No,2025,0,North,0,0,1,Flat,0,,0,,0,Dark,176802,0,0,0,2,0,0,0,0,0,,0,0,Auckland Region,Nil,2-way,Sealed,0,0,0,0,50,0,On,0,0,,76,Auckland,Nil,0,0,0,0,0,0,Urban,0,0,0,Fine,Null
1768077.7955,5881058.7881,814818,,525910,0,,0,2,,Null,2024/2025,HELVETIA ROAD,VICTORIA STREET,,Non-Injury Crash,No,2025,,North,,0,,Flat,,,,,,Dark,819900,0,0,0,2,,,0,,,,,,Auckland Region,Nil,2-way,Sealed,,0,0,,50,,On,0,0,,76,Auckland,Stop,,,,,0,0,Urban,0,,,Fine,Null
1771704.0837,5896748.997,814824,25,525420,0,0,0,1,0,South,2024/2025,GILLS AVENUE,WHANGAMARU WAY,,Minor Crash,No,2025,0,West,0,0,0,Flat,0,,0,,0,Overcast,791101,1,0,0,2,0,0,0,0,0,,0,1,Auckland Region,Nil,2-way,Sealed,0,0,0,0,50,0,Off,0,0,,76,Auckland,Nil,0,0,0,0,0,0,Urban,0,0,0,Heavy rain,Null
1768292.0407,5898048.7332,814833,,525102,0,0,0,1,0,North,2025/2026,CARNOUSTIE DRIVE,OAKMONT PLACE,,Minor Crash,No,2026,0,North,0,0,1,Flat,0,,0,,0,Dark,769018,1,0,0,1,0,0,0,0,0,,0,0,Auckland Region,Nil,2-way,Sealed,0,0,0,0,50,0,On,0,0,,76,Auckland,Nil,0,0,0,1,0,0,Urban,0,0,0,Fine,Null
1757667.7591,5929278.4521,814834,,507800,0,,0,0,,Null,2024/2025,INGA ROAD,OMANA ROAD,,Serious Crash,No,2025,,North,,0,,Flat,,Easter,,,,Overcast,310900,0,0,0,2,,,0,,,1,,,Auckland Region,Nil,2-way,Sealed,,0,1,,50,,Off,0,0,,76,Auckland,Give way,,,,,0,1,Urban,0,,,Fine,Null