X,Y,OBJECTID,advisorySpeed,areaUnitID,bicycle,bridge,bus,carStationWagon,cliffBank,crashDirectionDescription,crashFinancialYear,crashLocation1,crashLocation2,crashRoadSideRoad,crashSeverity,crashSHDescription,crashYear,debris,directionRoleDescription,ditch,fatalCount,fence,flatHill,guardRail,holiday,houseOrBuilding,intersection,kerb,light,meshblockId,minorInjuryCount,moped,motorcycle,NumberOfLanes,objectThrownOrDropped,otherObject,otherVehicleType,overBank,parkedVehicle,pedestrian,phoneBoxEtc,postOrPole,region,roadCharacter,roadLane,roadSurface,roadworks,schoolBus,seriousInjuryCount,slipOrFlood,speedLimit,strayAnimal,streetLight,suv,taxi,temporarySpeedLimit,tlaId,tlaName,trafficControl,trafficIsland,trafficSign,train,tree,truck,unknownVehicleType,urban,vanOrUtility,vehicle,waterRiver,weatherA,weatherB
1766293.2984,5903803.4158,814855,,524604,0,,0,1,,East,2024/2025,SOUTH-WESTERN MOTORWAY,PLUNKET OBR,,Serious Crash,Yes,2025,,West,,0,,Flat,,,,,,Bright sun,780210,0,0,1,2,,,0,,,,,,Auckland Region,Motorway ramp,1-way,Sealed,,0,1,,100,,Off,0,0,,76,Auckland,Nil,,,,,0,0,Open,0,,,Fine,Null
1765441.8791,5904464.525,814862,,524603,0,0,0,2,0,East,2023/2024,SEDDON AVENUE,CLENDON AVENUE,,Non-Injury Crash,No,2023,0,Null,0,0,0,Flat,0,,0,,0,Overcast,673800,0,0,0,2,0,0,0,0,1,,0,0,Auckland Region,Nil,2-way,Sealed,0,0,0,0,50,0,Off,0,0,,76,Auckland,Nil,0,0,0,0,0,0,Urban,0,0,0,Fine,None
1768320.1866,5904601.5009,814877,,523722,0,0,0,1,0,Null,2024/2025,DIORELLA DRIVE,DERRIMORE HEIGHTS,,Non-Injury Crash,No,2025,0,South,0,0,0,Hill Road,0,,0,,0,Twilight,715915,0,0,0,1,0,0,0,0,0,,0,0,Auckland Region,Nil,1-way,Sealed,0,0,0,0,50,0,On,0,0,,76,Auckland,Nil,0,0,0,1,0,0,Urban,0,0,0,Fine,Null
1768885.9375,5905789.6269,814884,,523721,0,0,0,0,0,South,2025/2026,TE IRIRANGI DRIVE,DAWSON ROAD,,Serious Crash,No,2025,0,North,0,0,1,Flat,0,,0,,0,Dark,715616,0,0,0,2,0,0,0,0,0,,0,0,Auckland Region,Nil,1-way,Sealed,0,0,1,0,60,0,On,1,0,,76,Auckland,Nil,0,0,0,0,0,0,Urban,0,0,0,Fine,Null
1764196.5515,5912952.8548,814900,,520500,0,0,0,1,0,West,2025/2026,SOUTH-EASTERN HIGHWAY,CARBINE ROAD,,Non-Injury Crash,No,2025,0,East,0,0,0,Flat,1,,0,,0,Dark,639100,0,0,0,2,0,0,0,0,0,,0,0,Auckland Region,Nil,1-way,Sealed,0,0,0,0,80,0,On,0,0,,76,Auckland,Nil,0,0,0,0,0,0,Open,0,0,0,Fine,Null
1757200.8679,5920926.2361,814902,,514101,0,,0,2,,Null,2024/2025,FANSHAWE STREET,HOBSON STREET,,Non-Injury Crash,No,2024,,East,,0,,Hill Road,,,,,,Dark,433003,0,0,0,4,,,0,,,,,,Auckland Region,Nil,2-way,Sealed,,0,0,,30,,On,0,0,,76,Auckland,Traffic Signals,,,,,0,0,Urban,0,,,Fine,Null
1755395.6124,5915315.5135,814916,,518302,0,0,0,0,0,West,2024/2025,LAMBETH ROAD,DOMINION ROAD,,Non-Injury Crash,No,2025,0,East,0,0,0,Flat,0,,0,,0,Overcast,554800,0,0,0,2,0,0,0,0,1,,0,0,Auckland Region,Nil,2-way,Sealed,0,0,0,0,50,0,Off,2,0,,76,Auckland,Nil,0,0,0,0,0,0,Urban,1,0,0,Light rain,Null
1763699.3465,5912891.7445,814917,,520500,0,0,0,0,0,West,2025/2026,SOUTH-EASTERN HWY OFF RAMP,SOUTH-EASTERN HIGHWAY,,Minor Crash,No,2026,0,East,0,0,0,Hill Road,1,,0,,0,Dark,637400,1,0,0,1,0,0,0,0,0,,0,0,Auckland Region,Motorway ramp,1-way,Sealed,0,0,0,0,80,0,On,0,0,,76,Auckland,Nil,0,0,0,0,0,0,Open,1,0,0,Light rain,Null
1754324.6089,5931330.3841,814940,,508805,0,,0,1,,Null,2024/2025,OFF ROAD - CONSTELLATION BUS STATION,,,Minor Crash,No,2025,,South,,0,,Flat,,,,,,Bright sun,180826,1,0,0,,,,0,,,1,,,Auckland Region,Nil,Off road,Sealed,,0,0,,,,Off,0,0,,76,Auckland,Nil,,,,,0,0,Urban,0,,,Fine,Null
1771108.5954,5900675.1116,814955,,523816,0,0,0,1,0,Null,2025/2026,PORCHESTER ROAD,HYPERION DRIVE,,Non-Injury Crash,No,2025,0,South,0,0,0,Null,0,Labour Weekend,0,,0,Unknown,759730,0,0,0,2,0,0,0,0,1,,0,0,Auckland Region,Nil,2-way,Sealed,0,0,0,0,60,0,Null,1,0,,76,Auckland,Stop,0,0,0,0,0,0,Urban,0,0,0,Fine,Null
1756100.0078,5923745.8956,814963,,509800,0,,0,1,,South,2025/2026,NORTHERN MOTORWAY,WEIGH BRIDGE,,Non-Injury Crash,Yes,2025,,South,,0,,Flat,,,,,,Bright sun,358800,0,0,0,4,,,0,,,,,,Auckland Region,Bridge,1-way,Sealed,,0,0,,80,,Off,1,0,,76,Auckland,Nil,,,,,0,0,Open,0,,,Fine,Null
1735140.7121,5932664.5643,814971,,505605,0,,0,1,,East,2024/2025,OLD NORTH ROAD,WAIKOUKOU VALLEY ROAD,,Non-Injury Crash,No,2024,,East,,0,,Hill Road,,,,,,Bright sun,215700,0,0,0,2,,,0,,,,,,Auckland Region,Nil,2-way,Sealed,,0,0,,80,,None,0,0,,76,Auckland,Nil,,,,,0,0,Open,1,,,Fine,Null
1769687.0035,5900868.0964,814985,,524902,0,,0,0,,East,2024/2025,ELLEN STREET,SHORT STREET,,Non-Injury Crash,No,2024,,West,,0,,Null,,,,,,Bright sun,758100,0,0,0,2,,,0,,,,,,Auckland Region,Nil,2-way,Sealed,,0,0,,30,,Off,1,0,,76,Auckland,Nil,,,,,0,0,Urban,1,,,Null,Null
1758443.3571,5918579.2856,814993,,517400,0,0,0,2,0,Null,2024/2025,CARLTON GORE ROAD,CLAYTON STREET,,Non-Injury Crash,No,2024,0,East,0,0,0,Flat,0,Christmas New Year,0,,0,Overcast,451000,0,0,0,2,0,0,0,0,1,,0,0,Auckland Region,Nil,2-way,Sealed,0,0,0,0,50,0,Off,0,0,,76,Auckland,Give way,0,0,0,0,0,0,Urban,0,0,0,Fine,Null
1763450.2958,5907538.3191,814994,,524301,0,,0,2,,Null,2024/2025,GRAY AVENUE,ROSELLA ROAD,,Non-Injury Crash,No,2025,,East,,0,,Null,,,,,,Bright sun,749002,0,0,0,2,,,0,,,,,,Auckland Region,Nil,2-way,Sealed,,0,0,,50,,Null,0,0,,76,Auckland,Give way,,,,,0,0,Urban,0,,,Fine,Null
1772431.5626,5899319.7436,815001,,523911,0,0,0,1,0,East,2025/2026,AIRFIELD ROAD,AMOKURA AVENUE,,Non-Injury Crash,No,2025,0,East,1,0,0,Flat,0,,0,,0,Overcast,767204,0,0,0,2,0,0,0,1,0,,0,0,Auckland Region,Nil,2-way,Sealed,0,0,0,0,60,0,None,0,0,,76,Auckland,Nil,0,0,0,0,0,0,Urban,0,0,0,Light rain,Null
1776467.7265,5901036.5587,815009,,525201,0,,0,0,,East,2025/2026,CLEVEDON-TAKANINI ROAD,ALFRISTON-ARDMORE ROAD,,Non-Injury Crash,No,2025,,East,,0,,Flat,,,,,,Overcast,761100,0,0,0,2,,,0,,,,,,Auckland Region,Nil,2-way,Sealed,,0,0,,80,,None,0,0,,76,Auckland,Nil,,,,,0,0,Open,1,,,Fine,Null
1772710.0706,5895049.2892,815018,,525520,0,,0,3,,West,2025/2026,SHARED DRIVEWAY,GREAT SOUTH ROAD,,Non-Injury Crash,No,2025,,West,,0,,Flat,,,,,,Bright sun,801800,0,0,0,2,,,0,,,,,,Auckland Region,Nil,2-way,Sealed,,0,0,,10,,Off,1,0,,76,Auckland,Nil,,,,,0,0,Urban,0,,,Fine,Null
1752269.8725,5937077.2444,815024,,506300,0,,0,2,,North,2024/2025,NORTHERN MOTORWAY,LONELY TRACK OBR,,Non-Injury Crash,Yes,2025,,North,,0,,Flat,,,,,,Bright sun,176101,0,0,0,2,,,0,,,,,,Auckland Region,Nil,1-way,Sealed,,0,0,,100,,Off,0,0,,76,Auckland,Nil,,,,,0,0,Open,0,,,Fine,Null
1756281.6609,5913182.0574,815041,,518701,0,,0,1,,Null,2025/2026,CARR ROAD,HAYR ROAD,,Non-Injury Crash,No,2025,,West,,0,,Flat,,,,,,Bright sun,569000,0,0,0,2,,,0,,,,,,Auckland Region,Nil,1-way,Sealed,,0,0,,50,,Off,0,0,,76,Auckland,Give way,,,,,1,0,Urban,0,,,Fine,Null
1763029.663,5909156.9838,815048,,524402,0,,0,1,,Null,2024/2025,KAKA STREET,TUI STREET,,Non-Injury Crash,No,2024,,West,,0,,Flat,,,,,,Dark,749800,0,0,0,2,,,0,,,,,,Auckland Region,Nil,2-way,Sealed,,0,0,,50,,On,0,0,,76,Auckland,Give way,,,,,0,1,Urban,0,,,Fine,None
1763930.5443,5909539.6064,815049,,521901,0,0,0,1,0,East,2025/2026,HALL AVENUE,NIKAU ROAD,,Minor Crash,No,2026,0,West,0,0,0,Flat,0,Christmas New Year,0,,0,Overcast,784400,1,0,0,2,0,0,0,0,1,,0,0,Auckland Region,Nil,2-way,Sealed,0,0,0,0,50,0,Off,1,0,,76,Auckland,Nil,0,0,0,0,0,0,Urban,0,0,0,Fine,Null
1758799.8541,5903115.8974,815081,,524200,0,,1,1,,East,2025/2026,RAY EMERY DRIVE,INTERNATIONAL MAIN ENT,,Non-Injury Crash,No,2025,,West,,0,,Flat,,,,,,Overcast,727200,0,0,0,1,,,0,,,,,,Auckland Region,Speed hump,1-way,Sealed,,0,0,,30,,On,0,2,,76,Auckland,Nil,,,,,0,0,Urban,0,,,Fine,Null
1767539.3024,5905548.1427,815090,,523722,0,0,0,2,0,North,2025/2026,SOUTHERN MOTORWAY,TE IRIRANGI DRIVE OFF RAMP,,Minor Crash,Yes,2026,0,South,0,0,0,Flat,0,,0,,0,Dark,715701,1,0,0,3,0,0,0,0,0,,0,1,Auckland Region,Nil,1-way,Sealed,0,0,0,0,100,0,On,0,0,,76,Auckland,Nil,0,0,0,0,0,0,Open,0,0,0,Heavy rain,Null
1772248.0149,5893713.4458,815098,,525530,0,,0,0,,South,2025/2026,SOUTHERN MOTORWAY,SERVICE CENTRE OFF SBD,,Non-Injury Crash,Yes,2025,,South,,0,,Flat,,,,,,Bright sun,808607,0,0,0,2,,,0,,,,,,Auckland Region,Nil,1-way,Sealed,,0,0,,100,,Off,2,0,80,76,Auckland,Nil,,,,,0,0,Open,0,,,Fine,Null
1771687.6636,5894620.1312,815121,,525530,0,,0,2,,South,2024/2025,SOUTHERN MOTORWAY,PAPAKURA ON RAMP,,Non-Injury Crash,Yes,2025,,South,,0,,Flat,,,,,,Bright sun,804901,0,0,0,2,,,0,,,,,,Auckland Region,Motorway ramp,1-way,Sealed,,0,0,,100,,Off,0,0,,76,Auckland,Nil,,,,,0,0,Open,0,,,Fine,Null
1753432.6273,5875011.6673,815129,,526103,0,,0,2,,Null,2025/2026,QUEEN STREET,FRANCE STREET,,Non-Injury Crash,No,2025,,North,,0,,Flat,,Christmas New Year,,,,Overcast,837700,0,0,0,2,,,0,,,,,,Auckland Region,Nil,2-way,Sealed,,0,0,,50,,Off,0,0,,76,Auckland,Nil,,,,,0,0,Urban,0,,,Light rain,Strong wind
1756171.9582,5924531.6916,815137,,509702,0,,0,0,,Null,2025/2026,ONEWA ROAD,ONEWA ROAD OFF RAMP,,Non-Injury Crash,No,2025,,East,,0,,Hill Road,,,,,,Dark,366700,0,0,0,2,,,0,,,,,,Auckland Region,Motorway ramp,1-way,Sealed,,0,0,,50,,On,0,0,,76,Auckland,Traffic Signals,,,,,1,0,Urban,1,,,Light rain,Strong wind
1751795.3237,5917480.0451,815144,,514900,0,,0,1,,South,2024/2025,SH 20,SH 20,,Non-Injury Crash,Yes,2024,,South,,0,,Flat,,,,,,Bright sun,385802,0,0,0,3,,,0,,,,,,Auckland Region,Tunnel,1-way,Sealed,,0,0,,80,,None,0,0,,76,Auckland,Nil,,,,,0,0,Open,1,,,Fine,Null
1762456.3339,5905934.9336,815159,,524200,0,,0,1,,North,2024/2025,SOUTH-WESTERN MOTORWAY,PORTAGE OBR,,Non-Injury Crash,Yes,2024,,North,,0,,Flat,,,,,,Overcast,729000,0,0,0,2,,,0,,,,,,Auckland Region,Nil,1-way,Sealed,,0,0,,100,,Off,1,0,,76,Auckland,Nil,,,,,0,0,Open,0,,,Fine,Null
1749297.0863,5913915.4141,815176,,511302,0,0,0,3,0,Null,2025/2026,GREAT NORTH ROAD,PINE STREET,,Non-Injury Crash,No,2025,0,South,0,0,0,Flat,0,,0,,0,Overcast,268900,0,0,0,4,0,0,0,0,0,,0,0,Auckland Region,Nil,2-way,Sealed,0,0,0,0,50,0,Off,0,0,,76,Auckland,Stop,0,0,0,0,0,0,Urban,0,1,0,Fine,Null
1763076.7041,5907952.2139,815199,,524530,0,,0,2,,Null,2024/2025,MASSEY ROAD,VINE STREET,,Non-Injury Crash,No,2025,,South,,0,,Null,,,,,,Overcast,733400,0,0,0,2,,,0,,,,,,Auckland Region,Nil,2-way,Sealed,,0,0,,50,,Null,0,0,,76,Auckland,Give way,,,,,0,0,Urban,0,,,Fine,Null
1760539.356,5908652.9987,815215,,524403,0,0,0,1,0,South,2024/2025,ROBERTSON ROAD,TILBERG STREET,,Non-Injury Crash,No,2024,0,South,0,0,0,Flat,0,,0,,0,Dark,729902,0,0,0,2,0,0,0,0,0,,0,1,Auckland Region,Nil,2-way,Unsealed,0,0,0,0,50,0,On,0,0,,76,Auckland,Nil,0,0,0,0,0,0,Urban,0,0,0,Fine,Null
1766176.5587,5900155.9368,815216,,524713,0,0,0,3,0,South,2025/2026,ROSCOMMON ROAD,SHARLAND AVENUE,,Minor Crash,No,2025,0,South,0,0,0,Flat,0,,0,,0,Dark,775821,1,0,0,2,0,0,0,0,1,,0,0,Auckland Region,Nil,2-way,Sealed,0,0,0,0,50,0,On,0,0,,76,Auckland,Nil,0,0,0,1,0,0,Urban,0,0,0,Fine,Null
1769367.3272,5901066.5962,815223,,524901,0,,0,3,,North,2025/2026,CLAUDE ROAD,ALFRISTON ROAD,,Non-Injury Crash,No,2025,,North,,0,,Hill Road,,,,,,Overcast,757400,0,0,0,2,,,0,,,,,,Auckland Region,Nil,2-way,Sealed,,0,0,,50,,Off,0,0,,76,Auckland,Nil,,,,,0,0,Urban,0,,,Fine,Null
1754958.8055,5924745.3164,815224,,509800,0,0,0,1,0,Null,2024/2025,ONEWA ROAD,GLADSTONE ROAD,,Non-Injury Crash,No,2025,0,East,0,0,1,Hill Road,0,,0,,0,Overcast,361703,0,0,0,4,0,0,0,0,0,,0,1,Auckland Region,Nil,2-way,Sealed,0,0,0,0,50,0,Null,0,0,,76,Auckland,Stop,0,0,0,0,0,0,Urban,0,0,0,Light rain,Null
1769919.0438,5909824.1911,815238,,523113,0,,0,1,,Null,2024/2025,TE IRIRANGI DRIVE,SMALES ROAD,,Non-Injury Crash,No,2025,,North,,0,,Flat,,,,,,Bright sun,711813,0,0,0,3,,,0,,,,,,Auckland Region,Nil,1-way,Sealed,,0,0,,80,,Off,1,0,,76,Auckland,Traffic Signals,,,,,0,0,Open,0,,,Fine,None
1756770.514,5913223.9638,815247,,518702,0,,0,2,,South,2024/2025,HILLSBOROUGH ROAD,DELARGEY AVENUE,,Non-Injury Crash,No,2024,,South,,0,,Flat,,,,,,Bright sun,567700,0,0,0,2,,,0,,,,,,Auckland Region,Nil,2-way,Sealed,,0,0,,50,,Null,0,0,,76,Auckland,Nil,,,,,0,0,Urban,0,,,Null,Null
1766666.4991,5904664.4149,815253,,524603,0,,0,1,,West,2024/2025,CAVENDISH DRIVE,LAMBIE DRIVE,,Non-Injury Crash,No,2024,,East,,0,,Flat,,,,,,Twilight,780202,0,0,0,3,,,0,,,,,,Auckland Region,Nil,1-way,Sealed,,0,0,,50,,On,0,0,,76,Auckland,Nil,,,,,0,0,Urban,1,,,Light rain,Null
1743321.3837,5922850.6529,815270,,513610,0,,0,1,,South,2025/2026,DON BUCK ROAD,BEAUCHAMP DRIVE,,Minor Crash,No,2025,,South,,0,,Hill Road,,,,,,Overcast,226504,1,0,1,2,,,0,,,,,,Auckland Region,Nil,2-way,Sealed,,0,0,,50,,Off,0,0,,76,Auckland,Nil,,,,,0,0,Urban,0,,,Fine,Null
1765696.6432,5908377.8141,815277,,523402,0,0,0,1,0,North,2024/2025,SOUTHERN MOTORWAY,BAIRDS OBR,,Minor Crash,Yes,2025,0,South,0,0,0,Flat,0,,0,,0,Bright sun,697000,1,0,0,3,0,0,0,0,0,,0,0,Auckland Region,Nil,1-way,Sealed,0,0,0,0,100,0,Off,0,0,,76,Auckland,Nil,0,0,0,2,0,0,Open,0,0,0,Fine,Null
1752509.1624,5933306.0564,815279,,508807,0,,0,1,,Null,2024/2025,ALBANY EXPRESSWAY,BUSH ROAD,,Non-Injury Crash,No,2024,,North,,0,,Null,,,,,,Unknown,180404,0,0,0,4,,,0,,,,,,Auckland Region,Nil,1-way,Sealed,,0,0,,80,,Null,0,0,,76,Auckland,Traffic Signals,,,,,0,0,Open,0,,,Null,Null
1756039.194,5936438.1598,815285,,507000,0,,0,0,,North,2024/2025,DEEP CREEK ROAD,ALEXANDER AVENUE,,Minor Crash,No,2025,,North,,0,,Flat,,,,,,Bright sun,164800,2,0,0,2,,,0,,,1,,,Auckland Region,Nil,2-way,Sealed,,0,0,,50,,None,0,0,,76,Auckland,Nil,,,,,0,0,Urban,1,,,Fine,Null
1769253.768,5903188.3917,815294,,523820,0,0,0,3,0,East,2025/2026,CALLUNA CRESCENT,EUGENIA RISE,,Non-Injury Crash,No,2026,0,East,0,0,0,Hill Road,0,,0,,0,Dark,760129,0,0,0,2,0,0,0,0,2,,0,0,Auckland Region,Nil,2-way,Sealed,0,0,0,0,50,0,On,0,0,,76,Auckland,Nil,0,0,0,0,0,0,Urban,0,0,0,Fine,Null
1755471.8565,5928793.024,815295,,508320,0,,0,2,,North,2024/2025,WAIRAU ROAD,CURRYS LANE,,Non-Injury Crash,No,2025,,South,,0,,Flat,,,,,,Overcast,198600,0,0,0,4,,,0,,,,,,Auckland Region,Nil,2-way,Sealed,,0,0,,50,,Off,0,0,30,76,Auckland,Nil,,,,,0,0,Urban,0,,,Fine,Null
1744608.3525,5949636.5552,815316,,506614,0,0,0,1,0,East,2025/2026,WERANUI ROAD,WERANUI ROAD,,Non-Injury Crash,No,2025,0,West,0,0,1,Flat,0,,0,,0,Overcast,176904,0,0,0,2,0,1,0,0,0,,0,0,Auckland Region,Nil,2-way,Sealed,0,0,0,0,100,0,None,0,0,,76,Auckland,Nil,0,0,0,0,0,0,Open,0,0,0,Fine,Null
1758029.0982,5917354.4215,815333,,515700,0,,0,1,,Null,2025/2026,GILLIES AVENUE,ALBURY AVENUE,,Minor Crash,No,2025,,South,,0,,Flat,,,,,,Bright sun,457700,2,0,0,4,,,0,,,,,,Auckland Region,Nil,2-way,Sealed,,0,0,,50,,Off,0,0,,76,Auckland,Give way,,,,,0,0,Urban,1,,,Fine,Null
1759345.879,5916553.6483,815339,,516001,0,,0,2,,North,2025/2026,SOUTHERN MOTORWAY,OMAHU OBR,,Non-Injury Crash,Yes,2025,,North,,0,,Flat,,,,,,Dark,491700,0,0,0,3,,,0,,,,,,Auckland Region,Motorway ramp,1-way,Sealed,,0,0,,80,,On,0,0,,76,Auckland,Nil,,,,,0,0,Open,0,,,Fine,Null
1758932.8062,5904638.0231,815356,,524200,0,,0,1,,Null,2025/2026,LANDING DRIVE,GEORGE BOLT MEMORIAL DRIVE,,Non-Injury Crash,No,2025,,East,,0,,Flat,,,,,,Dark,727000,0,0,0,4,,,0,,,,,,Auckland Region,Nil,1-way,Sealed,,0,0,,50,,Null,1,0,,76,Auckland,Traffic Signals,,,,,0,0,Urban,0,,,Fine,Null
1746018.3757,5917657.2002,815362,,510700,0,,0,2,,Null,2025/2026,EDMONTON ROAD,MATUHI RISE,,Minor Crash,No,2025,,South,,0,,Hill Road,,,,,,Bright sun,240303,1,0,0,3,,,0,,,,,,Auckland Region,Nil,2-way,Sealed,,0,0,,50,,Off,0,0,,76,Auckland,Give way,,,,,0,0,Urban,0,,,Fine,Null
1779421.5911,5903313.1694,815363,,525201,0,0,0,0,0,East,2025/2026,WEST ROAD,TYLDENS ROAD,,Non-Injury Crash,No,2025,0,East,0,0,1,Flat,0,,0,,0,Bright sun,763201,0,0,0,2,0,0,0,0,0,,0,0,Auckland Region,Nil,2-way,Sealed,0,0,0,0,80,0,None,1,0,,76,Auckland,Nil,0,0,0,0,1,0,Open,0,0,0,Fine,Null
1755238.4471,5933812.3222,815371,,507200,0,0,0,1,0,North,2025/2026,BROWNS BAY ROAD,BUSHGLEN COURT,,Minor Crash,No,2026,0,South,0,0,0,Hill Road,0,,0,,0,Bright sun,156602,1,0,0,2,0,0,0,0,0,,0,1,Auckland Region,Nil,2-way,Sealed,0,0,0,0,50,0,Off,0,0,,76,Auckland,Nil,0,0,0,0,0,0,Urban,0,0,0,Fine,Null
1763321.1736,5906804.2692,815378,,524301,0,0,0,2,0,South,2025/2026,GRAEME AVENUE,LANDON AVENUE,,Non-Injury Crash,No,2026,0,North,0,0,0,Flat,0,,0,,0,Overcast,747100,0,0,0,2,0,0,0,0,1,,0,0,Auckland Region,Nil,2-way,Sealed,0,0,0,0,50,0,Off,0,0,,76,Auckland,Nil,0,0,0,0,0,0,Urban,0,0,0,Fine,Null
1762835.2925,5907293.5175,815392,,524301,0,0,0,1,0,West,2025/2026,HAIN AVENUE,CALVERT AVENUE,,Non-Injury Crash,No,2025,0,East,0,0,0,Flat,0,,0,,0,Bright sun,746400,0,0,0,2,0,0,0,0,1,,0,0,Auckland Region,Nil,2-way,Sealed,0,0,0,0,50,0,Off,0,0,,76,Auckland,Nil,0,0,0,0,0,0,Urban,1,0,0,Fine,Null
1758443.8983,5918114.0102,815401,,517400,0,,0,1,,North,2024/2025,BROADWAY,REMUERA ROAD,,Non-Injury Crash,No,2025,,North,,0,,Flat,,,,,,Overcast,451300,0,0,1,4,,,0,,,,,,Auckland Region,Nil,2-way,Sealed,,0,0,,50,,Off,0,0,,76,Auckland,Nil,,,,,0,0,Urban,0,,,Fine,Null
1774877.2245,5896570.7557,815407,,525610,0,0,0,2,0,North,2024/2025,DOMINION ROAD,SHEEHAN AVENUE,,Non-Injury Crash,No,2025,0,South,0,0,1,Flat,0,,0,,0,Dark,799102,0,0,0,2,0,0,0,0,0,,0,0,Auckland Region,Nil,2-way,Sealed,0,0,0,0,50,0,On,0,0,,76,Auckland,Nil,0,0,0,0,0,0,Urban,0,0,0,Fine,Null
1748522.5104,5914140.6592,815409,,511302,0,0,0,2,0,Null,2024/2025,LYNWOOD ROAD,EVERGREEN RISE,,Non-Injury Crash,No,2025,0,Null,0,0,0,Null,0,,0,,0,Bright sun,269200,0,0,0,2,0,0,0,0,1,,0,0,Auckland Region,Nil,2-way,Sealed,0,0,0,0,30,0,Null,0,0,,76,Auckland,Nil,0,0,0,0,0,0,Urban,0,0,0,Fine,Null
1772550.8678,5896843.1336,815416,,525420,0,,0,2,,East,2025/2026,SUBWAY ROAD,GREAT SOUTH ROAD,,Non-Injury Crash,No,2025,,West,,0,,Null,,,,,,Unknown,792800,0,0,0,3,,,0,,,,,,Auckland Region,Nil,2-way,Sealed,,0,0,,50,,Null,0,0,,76,Auckland,Nil,,,,,0,0,Urban,0,,,Fine,Null
1764497.1732,5918104.9419,815423,,516500,1,,1,0,,Null,2025/2026,ST JOHNS ROAD,ST HELIERS BAY ROAD,,Non-Injury Crash,No,2025,,North,,0,,Flat,,,,,,Bright sun,503800,0,0,0,4,,,0,,,,,,Auckland Region,Nil,2-way,Sealed,,0,0,,50,,Off,0,0,,76,Auckland,Traffic Signals,,,,,0,0,Urban,0,,,Fine,Null
1764961.794,5906276.525,815424,,522201,0,,0,2,,Null,2025/2026,OMAGH AVENUE,RANGITOTO ROAD,,Non-Injury Crash,No,2025,,West,,0,,Flat,,,,,,Bright sun,662700,0,0,0,2,,,0,,,,,,Auckland Region,Nil,2-way,Sealed,,0,0,,50,,Off,0,0,,76,Auckland,Give way,,,,,0,0,Urban,0,,,Fine,Null
1763817.262,5908892.3288,815431,,521901,0,0,0,0,0,East,2025/2026,MANGERE ROAD,AWA STREET,,Non-Injury Crash,No,2025,0,West,0,0,1,Flat,0,,0,,0,Dark,785400,0,0,0,3,0,0,0,0,0,,0,0,Auckland Region,Nil,2-way,Sealed,0,0,0,0,50,0,On,0,0,30,76,Auckland,Nil,0,0,0,0,0,0,Urban,2,0,0,Fine,Null
1766696.8274,5904671.674,815433,,524603,0,,0,2,,Null,2024/2025,CAVENDISH DRIVE,LAMBIE DRIVE,,Non-Injury Crash,No,2025,,West,,0,,Flat,,,,,,Dark,780202,0,0,0,2,,,0,,,,,,Auckland Region,Nil,2-way,Sealed,,0,0,,50,,On,0,0,,76,Auckland,Give way,,,,,0,0,Urban,0,,,Heavy rain,Null
1764897.852,5906702.5765,815439,,522201,0,0,1,1,0,North,2025/2026,SHIRLEY ROAD,TRIMMER TERRACE,,Non-Injury Crash,No,2025,0,South,0,0,1,Flat,0,,0,,0,Bright sun,661800,0,0,0,2,0,0,0,0,0,,0,0,Auckland Region,Nil,2-way,Sealed,0,0,0,0,50,0,Off,0,0,40,76,Auckland,Nil,0,0,0,0,0,0,Urban,0,0,0,Fine,Null
1771572.6146,5899001.0763,815440,,523912,0,0,0,1,0,East,2025/2026,AIRFIELD ROAD,KATANA LANE,,Non-Injury Crash,No,2025,0,West,0,0,0,Flat,0,Christmas New Year,0,,0,Dark,767400,0,0,0,2,0,0,0,0,0,,0,1,Auckland Region,Nil,2-way,Sealed,0,0,0,0,50,0,On,0,0,30,76,Auckland,Nil,0,0,0,0,0,0,Urban,0,0,0,Light rain,Null
1735449.1645,5909813.6831,815456,45,513800,0,,0,0,,West,2025/2026,PIHA ROAD,ANAWHATA ROAD,,Serious Crash,No,2026,,South,,0,,Hill Road,,,,,,Overcast,281902,0,0,1,2,,,0,,,,,,Auckland Region,Nil,2-way,Sealed,,0,1,,60,,None,1,0,,76,Auckland,Nil,,,,,0,0,Urban,0,,,Light rain,Null
1766239.3416,5899955.1612,815457,,524822,0,,0,1,,South,2024/2025,ROSCOMMON ROAD,ROBERT ROSS PLACE,,Non-Injury Crash,No,2025,,North,,0,,Null,,,,,,Bright sun,774431,0,0,0,2,,,0,,,,,,Auckland Region,Nil,1-way,Sealed,,0,0,,50,,Off,0,0,,76,Auckland,Nil,,,,,0,0,Urban,1,,,Fine,Null
1757756.2996,5916694.4213,815470,,515700,0,0,0,2,0,West,2025/2026,EPSOM AVENUE,GILLIES AVENUE,,Non-Injury Crash,No,2025,0,West,0,0,0,Null,0,,0,,0,Unknown,444702,0,0,0,2,0,0,0,0,1,,0,0,Auckland Region,Nil,2-way,Sealed,0,0,0,0,50,0,On,0,0,,76,Auckland,Nil,0,0,0,0,0,0,Urban,0,0,0,Fine,Null