X,Y,OBJECTID,advisorySpeed,areaUnitID,bicycle,bridge,bus,carStationWagon,cliffBank,crashDirectionDescription,crashFinancialYear,crashLocation1,crashLocation2,crashRoadSideRoad,crashSeverity,crashSHDescription,crashYear,debris,directionRoleDescription,ditch,fatalCount,fence,flatHill,guardRail,holiday,houseOrBuilding,intersection,kerb,light,meshblockId,minorInjuryCount,moped,motorcycle,NumberOfLanes,objectThrownOrDropped,otherObject,otherVehicleType,overBank,parkedVehicle,pedestrian,phoneBoxEtc,postOrPole,region,roadCharacter,roadLane,roadSurface,roadworks,schoolBus,seriousInjuryCount,slipOrFlood,speedLimit,strayAnimal,streetLight,suv,taxi,temporarySpeedLimit,tlaId,tlaName,trafficControl,trafficIsland,trafficSign,train,tree,truck,unknownVehicleType,urban,vanOrUtility,vehicle,waterRiver,weatherA,weatherB
1759929.6885,5908516.1572,815472,,524121,0,,0,3,,South,2024/2025,SOUTH-WESTERN MOTORWAY,CORONATION ROAD OFF RAMP,,Non-Injury Crash,Yes,2025,,North,,0,,Flat,,,,,,Dark,737000,0,0,0,3,,,0,,,,,,Auckland Region,Nil,1-way,Sealed,,0,0,,100,,On,0,0,,76,Auckland,Nil,,,,,0,0,Open,0,,,Fine,Null
1755318.1118,5929064.3622,815478,,508420,0,,0,2,,Null,2024/2025,OFF ROAD - MOBIL SERVICE STATION,,,Minor Crash,No,2025,,West,,0,,Flat,,,,,,Dark,183800,1,0,0,,,,0,,,,,,Auckland Region,Nil,Off road,Sealed,,0,0,,,,On,0,0,,76,Auckland,Nil,,,,,0,0,Urban,0,,,Fine,Null
1755287.9003,5913573.0056,815504,,518803,0,,0,1,,North,2025/2026,SOMERSET ROAD,BRISTOL ROAD,,Minor Crash,No,2025,,North,,0,,Flat,,,,,,Bright sun,581600,1,0,0,2,,,0,,,1,,,Auckland Region,Nil,2-way,Sealed,,0,0,,50,,Off,0,0,,76,Auckland,Nil,,,,,0,0,Urban,0,,,Fine,Null
1755849.0535,5916701.3361,815518,,518201,0,,1,1,,Null,2025/2026,DOMINION ROAD,ST ALBANS AVENUE,,Minor Crash,No,2025,,South,,0,,Flat,,Christmas New Year,,,,Bright sun,549300,2,0,0,2,,,0,,,,,,Auckland Region,Nil,2-way,Sealed,,0,0,,50,,Off,0,0,,76,Auckland,Stop,,,,,0,0,Urban,0,,,Fine,Null
1768174.6059,5902455.8815,815526,,524602,0,0,0,1,0,Null,2025/2026,GREAT SOUTH ROAD,BROWNS ROAD,,Non-Injury Crash,No,2026,0,North,0,0,0,Flat,0,,0,,0,Bright sun,780700,0,0,0,4,1,0,0,0,0,,0,0,Auckland Region,Nil,2-way,Sealed,0,0,0,0,50,0,Off,0,0,,76,Auckland,Give way,0,0,0,0,0,0,Urban,0,0,0,Fine,Strong wind
1766972.4628,5913377.9133,815527,,522820,0,,0,2,,Null,2025/2026,PAKURANGA ROAD,WILLIAM ROBERTS ROAD,,Non-Injury Crash,No,2026,,East,,0,,Hill Road,,,,,,Bright sun,694900,0,0,0,6,,,0,,,,,,Auckland Region,Nil,2-way,Sealed,,0,0,,60,,Off,0,0,,76,Auckland,Traffic Signals,,,,,0,0,Urban,0,,,Fine,Null
1741604.2301,5976072.2848,815534,55,506661,0,,0,3,,West,2025/2026,SH 1,FALLS BR,,Non-Injury Crash,Yes,2025,,West,,0,,Hill Road,,,,,,Overcast,139000,0,0,0,2,,,0,,,,,,Auckland Region,Nil,2-way,Sealed,,0,0,,80,,Off,0,0,,76,Auckland,Nil,,,,,0,0,Open,0,,,Light rain,Null
1773051.5805,5896658.2638,815550,,525630,0,0,0,4,0,South,2024/2025,PRICTOR STREET,VERNON STREET,,Non-Injury Crash,No,2025,0,South,0,0,0,Flat,0,,0,,0,Twilight,794600,0,0,0,2,0,0,0,0,4,,0,0,Auckland Region,Nil,2-way,Sealed,0,0,0,0,50,0,On,0,0,,76,Auckland,Nil,0,0,0,0,0,0,Urban,0,0,0,Fine,Null
1745215.0395,5918991.8484,815551,,513302,0,,0,1,,Null,2024/2025,LINCOLN ROAD,MOSELLE AVENUE,,Minor Crash,No,2025,,South,,0,,Flat,,,,,,Dark,232205,1,0,0,4,,,0,,,1,,,Auckland Region,Nil,2-way,Sealed,,0,0,,50,,On,0,0,,76,Auckland,Give way,,,,,0,0,Urban,0,,,Light rain,Null
1764411.7424,5904588.9718,815559,,522100,0,,0,4,,South,2024/2025,WYLLIE ROAD,GIFFORD ROAD,,Minor Crash,No,2025,,South,,0,,Hill Road,,,,,,Overcast,659100,1,0,0,2,,,0,,,,,,Auckland Region,Nil,2-way,Sealed,,0,0,,50,,Off,0,0,,76,Auckland,Nil,,,,,0,0,Urban,0,,,Light rain,Null
1734308.2287,5945720.844,815589,,506647,0,,0,2,,Null,2024/2025,KAIPARA COAST HIGHWAY,KAHIKATEA FLAT ROAD,,Non-Injury Crash,Yes,2025,,South,,0,,Hill Road,,,,,,Overcast,211600,0,0,0,2,,,0,,,,,,Auckland Region,Nil,2-way,Sealed,,0,0,,50,,None,0,0,,76,Auckland,Give way,,,,,0,0,Urban,0,,,Fine,Null
1767115.2395,5904051.3628,815599,,524602,0,0,0,1,0,Null,2024/2025,WIRI STATION ROAD,MANUKAU STATION ROAD,,Minor Crash,No,2025,0,North,0,0,0,Flat,0,,0,,0,Dark,780416,1,0,0,3,0,0,0,0,0,,0,0,Auckland Region,Nil,1-way,Sealed,0,0,0,0,50,0,On,0,0,,76,Auckland,Traffic Signals,1,1,0,0,0,0,Urban,0,0,0,Fine,Null
1747301.4937,5919557.7614,815622,,512402,0,0,0,1,0,North,2024/2025,TE ATATU ROAD OFF RAMP,TE ATATU ROAD,,Non-Injury Crash,No,2025,0,West,0,0,0,Hill Road,1,,0,,0,Overcast,253700,0,0,0,2,0,0,0,0,0,,0,0,Auckland Region,Motorway ramp,1-way,Sealed,0,0,0,0,50,0,Off,0,0,,76,Auckland,Nil,0,0,0,0,0,0,Urban,0,0,0,Light rain,Null
1768919.0743,5905866.7805,815628,,523712,0,,0,2,,Null,2024/2025,TE IRIRANGI DRIVE,DAWSON ROAD,,Non-Injury Crash,No,2025,,South,,0,,Flat,,,,,,Dark,713013,0,0,0,4,,,0,,,,,,Auckland Region,Nil,2-way,Sealed,,0,0,,60,,On,0,0,,76,Auckland,Traffic Signals,,,,,0,0,Urban,1,,,Fine,Null
1760210.9839,5912302.3693,815629,,520000,0,0,0,2,0,East,2025/2026,CHURCH STREET,MOUNTJOY PLACE,,Non-Injury Crash,No,2025,0,East,0,0,0,Null,0,,0,,0,Bright sun,607301,0,0,0,2,0,0,0,0,1,,0,0,Auckland Region,Nil,2-way,Sealed,0,0,0,0,50,0,Null,0,0,,76,Auckland,Nil,0,0,0,0,0,0,Urban,0,0,0,Fine,Null
1767331.2033,5883261.6077,815654,35,521111,0,0,0,1,0,South,2025/2026,HEIGHTS ROAD,HEIGHTS SOUTH,,Non-Injury Crash,No,2025,0,North,0,0,0,Hill Road,0,,0,,0,Dark,826601,0,0,0,2,0,0,0,0,0,,0,0,Auckland Region,Nil,2-way,Sealed,0,0,0,0,80,0,On,0,0,,76,Auckland,Nil,0,0,0,1,0,0,Open,0,0,0,Fine,Null
1769585.6701,5911352.4921,815668,,523107,0,0,0,1,0,West,2024/2025,TI RAKAU DRIVE,TI RAKAU DRIVE,,Non-Injury Crash,No,2025,0,East,0,0,0,Flat,0,,0,,0,Twilight,711702,0,0,0,4,0,0,0,0,0,,0,0,Auckland Region,Nil,2-way,Sealed,0,0,0,0,50,0,On,0,0,,76,Auckland,Nil,0,1,0,0,0,0,Urban,0,0,0,Fine,Null
1771329.1559,5907021.8752,815676,,523713,0,,0,1,,Null,2024/2025,ORMISTON ROAD,MURPHYS ROAD,,Non-Injury Crash,No,2025,,East,,0,,Flat,,,,,,Bright sun,712401,0,0,0,4,,,0,,,,,,Auckland Region,Nil,2-way,Sealed,,0,0,,50,,None,1,0,20,76,Auckland,Traffic Signals,,,,,0,0,Urban,0,,,Fine,Null
1749414.8997,5970640.6515,815686,,505500,0,0,0,2,0,South,2025/2026,BAXTER STREET,NEVILLE STREET,,Non-Injury Crash,No,2025,0,North,0,0,0,Flat,0,,0,,0,Dark,140600,0,0,0,2,0,0,0,0,1,,0,0,Auckland Region,Nil,2-way,Sealed,0,0,0,0,50,0,Null,0,0,,76,Auckland,Nil,0,0,0,0,0,0,Urban,0,0,0,Fine,Null
1761508.7439,5912436.6567,815700,,519500,0,,0,1,,Null,2024/2025,NEILSON STREET,CHURCH STREET,,Non-Injury Crash,No,2025,,North,,0,,Flat,,,,,,Overcast,622300,0,0,0,4,,,0,,,,,,Auckland Region,Nil,2-way,Sealed,,0,0,,50,,Off,0,0,,76,Auckland,Traffic Signals,,,,,0,0,Urban,1,,,Fine,Null
1753796.6257,5918363.1232,815708,,515431,0,,0,2,,Null,2025/2026,GREAT NORTH ROAD,ST LUKES ROAD,,Non-Injury Crash,No,2025,,East,,0,,Flat,,,,,,Dark,397600,0,0,0,5,,,0,,,,,,Auckland Region,Nil,2-way,Sealed,,0,0,,50,,On,0,0,30,76,Auckland,Traffic Signals,,,,,0,1,Urban,0,,,Fine,Null
1772918.792,5890717.091,815709,,521301,0,,0,0,,Null,2025/2026,GREAT SOUTH ROAD,PITT ROAD,,Minor Crash,No,2026,,North,,0,,Hill Road,,,,,,Bright sun,809200,2,0,0,2,,,0,,,,,,Auckland Region,Nil,2-way,Sealed,,0,0,,80,,None,0,0,,76,Auckland,Give way,,,,,1,0,Open,2,,,Fine,Null
1752495.4825,5933295.0822,815715,,508807,0,,0,1,,Null,2025/2026,ALBANY EXPRESSWAY,BUSH ROAD,,Minor Crash,No,2025,,West,,0,,Flat,,,,,,Bright sun,180404,1,0,0,1,,,0,,,1,,,Auckland Region,Nil,1-way,Sealed,,0,0,,80,,Off,0,0,,76,Auckland,Give way,,,,,0,0,Open,0,,,Fine,Null
1756760.5672,5927440.5777,815716,,507900,0,,0,2,,South,2025/2026,TAHAROTO ROAD,NORTHCOTE ROAD,,Non-Injury Crash,No,2025,,North,,0,,Flat,,,,,,Bright sun,304500,0,0,0,5,,,0,,,,,,Auckland Region,Nil,2-way,Sealed,,0,0,,50,,Off,0,0,,76,Auckland,Nil,,,,,0,0,Urban,0,,,Fine,Null
1751101.3795,5912158.2329,815730,,514700,0,,0,2,,East,2025/2026,KINROSS STREET,ENDEAVOUR STREET,,Minor Crash,No,2025,,East,,0,,Hill Road,,,,,,Overcast,368200,1,0,0,2,,,0,,,1,,,Auckland Region,Nil,2-way,Sealed,,0,0,,50,,Off,0,0,,76,Auckland,Nil,,,,,0,0,Urban,0,,,Fine,Null
1761956.4489,5916049.8917,815739,,516003,0,0,0,2,0,West,2025/2026,ABBOTTS WAY,KORAHA STREET,,Non-Injury Crash,No,2025,0,West,0,0,0,Flat,0,,0,,0,Dark,494700,0,0,0,2,0,0,0,0,1,,0,0,Auckland Region,Nil,2-way,Sealed,0,0,0,0,50,0,On,0,0,,76,Auckland,Nil,0,0,0,0,0,0,Urban,0,0,0,Fine,Null
1755301.1602,5913654.6805,815752,,518803,0,0,0,0,0,Null,2025/2026,SOMERSET ROAD,DENBIGH AVENUE,,Non-Injury Crash,No,2025,0,North,0,0,1,Flat,0,,0,,0,Overcast,582600,0,0,0,2,0,0,0,0,0,,0,2,Auckland Region,Nil,2-way,Sealed,0,0,0,0,50,0,Off,1,0,,76,Auckland,Give way,0,0,0,0,0,0,Urban,0,0,0,Heavy rain,Null
1771197.4423,5895172.736,815760,,521201,0,0,0,1,0,East,2025/2026,HINGAIA ROAD,HINAU ROAD,,Non-Injury Crash,No,2025,0,West,0,0,0,Flat,0,,0,,0,Bright sun,806700,0,0,0,2,0,0,0,0,0,,0,0,Auckland Region,Nil,1-way,Sealed,0,0,0,0,50,0,Off,0,0,,76,Auckland,Nil,1,0,0,0,0,0,Urban,1,0,0,Fine,Null
1763252.8913,5908258.6669,815768,,524402,0,,0,1,,Null,2025/2026,SAVILL DRIVE,MASSEY ROAD,,Minor Crash,No,2026,,East,,0,,Flat,,,,,,Overcast,749900,1,0,0,2,,,0,,,1,,,Auckland Region,Nil,2-way,Sealed,,0,0,,50,,Off,0,0,30,76,Auckland,Traffic Signals,,,,,0,0,Urban,0,,,Fine,Null
1756087.9459,5944178.4834,815794,,505909,0,,0,2,,East,2025/2026,WHANGAPARAOA ROAD,LINK CRESCENT,,Minor Crash,No,2026,,East,,0,,Hill Road,,,,,,Bright sun,174013,1,0,0,2,,,0,,,,,,Auckland Region,Nil,2-way,Sealed,,0,0,,50,,Off,0,0,,76,Auckland,Nil,,,,,0,0,Urban,0,,,Fine,Null
1758958.6983,5903748.1264,815800,,524200,0,,0,1,,West,2025/2026,TERMINAL EXIT ROAD,GEORGE BOLT MEMORIAL DRIVE,,Non-Injury Crash,No,2026,,East,,0,,Flat,,,,,,Overcast,727100,0,0,0,2,,,0,,,,,,Auckland Region,Nil,1-way,Sealed,,0,0,,30,,Null,1,0,,76,Auckland,Nil,,,,,0,0,Urban,0,,,Fine,Null
1750406.3611,5913878.0285,815808,,511303,0,,0,2,,Null,2025/2026,WARD STREET,PURIRI STREET,,Non-Injury Crash,No,2026,,North,,0,,Flat,,,,,,Bright sun,265100,0,0,0,2,,,0,,,,,,Auckland Region,Nil,2-way,Sealed,,0,0,,50,,Off,0,0,,76,Auckland,Stop,,,,,0,0,Urban,0,,,Fine,Strong wind
1763804.0257,5907393.9316,815810,45,524301,0,0,0,1,0,East,2025/2026,GRAY AVENUE,ORAKAU ROAD,,Serious Crash,No,2025,0,West,0,0,0,Flat,0,,0,,0,Dark,748100,0,0,0,2,0,0,0,0,1,,0,0,Auckland Region,Nil,2-way,Sealed,0,0,1,0,50,0,On,1,0,,76,Auckland,Nil,0,0,0,0,1,0,Urban,0,0,0,Fine,Null
1731606.3489,5927491.9048,815816,,506652,0,,0,1,,North,2025/2026,MURIWAI ROAD,FLETCHER ROAD,,Non-Injury Crash,No,2026,,South,,0,,Hill Road,,,,,,Bright sun,218601,0,0,0,2,,,0,,,,,,Auckland Region,Nil,2-way,Sealed,,0,0,,80,,Off,0,0,,76,Auckland,Nil,,,,,0,0,Open,1,,,Fine,Null
1756283.9438,5913180.8546,815839,,518701,0,,0,2,,Null,2025/2026,CARR ROAD,HAYR ROAD,,Minor Crash,No,2026,,West,,0,,Flat,,,,,,Overcast,569000,1,0,0,2,,,0,,,,,,Auckland Region,Nil,2-way,Sealed,,0,0,,50,,Off,0,0,,76,Auckland,Give way,,,,,0,0,Urban,0,,,Heavy rain,Null
1757244.8662,5920528.0565,815869,,514102,0,,1,1,,Null,2025/2026,ALBERT STREET,DURHAM STREET WEST,,Non-Injury Crash,No,2025,,South,,0,,Flat,,,,,,Overcast,433600,0,0,0,4,,,0,,,,,,Auckland Region,Nil,2-way,Sealed,,0,0,,30,,Off,0,0,,76,Auckland,Traffic Signals,,,,,0,0,Urban,0,,,Fine,Strong wind
1759982.392,5906358.886,815870,,524111,0,0,0,1,0,Null,2025/2026,THOMAS ROAD,CORNWALL ROAD,,Non-Injury Crash,No,2025,0,South,0,0,0,Flat,0,,0,,0,Overcast,740500,0,0,0,2,0,0,0,0,0,,0,0,Auckland Region,Nil,2-way,Sealed,0,0,0,0,50,0,Off,0,0,,76,Auckland,Give way,1,0,0,0,0,0,Urban,0,0,0,Fine,Null
1743968.8448,5916166.2421,815884,,513012,0,0,1,1,0,North,2025/2026,BORDER ROAD,TARANUI PLACE,,Non-Injury Crash,No,2025,0,North,0,0,0,Flat,0,,0,,0,Overcast,280710,0,0,0,2,0,0,0,0,1,,0,0,Auckland Region,Nil,2-way,Sealed,0,1,0,0,50,0,Off,0,0,,76,Auckland,Nil,0,0,0,0,0,0,Urban,0,0,0,Fine,Null
1760497.2209,5915634.2274,815892,,520201,0,0,0,1,0,East,2025/2026,SOUTHERN MOTORWAY,GREEN LANE EAST OFF RAMP,,Non-Injury Crash,Yes,2025,0,North,0,0,1,Flat,0,,0,,0,Bright sun,613000,0,0,0,4,0,0,0,0,0,,0,0,Auckland Region,Nil,1-way,Sealed,0,0,0,0,100,0,Off,0,0,,76,Auckland,Nil,0,0,0,0,0,0,Open,0,0,0,Fine,Null
1745354.9078,5917406.5016,815908,,510700,0,,0,2,,Null,2024/2025,ALDERMAN DRIVE,GREAT NORTH ROAD,,Non-Injury Crash,No,2024,,South,,0,,Flat,,,,,,Bright sun,239900,0,0,0,3,,,0,,,,,,Auckland Region,Nil,2-way,Sealed,,0,0,,50,,Off,0,0,10,76,Auckland,Traffic Signals,,,,,0,0,Urban,0,,,Fine,Null
1755052.2855,5930831.6564,815909,,508520,0,0,0,2,0,South,2025/2026,SYCAMORE DRIVE,JUNIPER ROAD,,Minor Crash,No,2026,0,South,0,0,0,Hill Road,0,,0,,0,Bright sun,192500,1,0,0,2,0,0,0,0,1,,0,0,Auckland Region,Nil,2-way,Sealed,0,0,0,0,50,0,Off,0,0,,76,Auckland,Nil,0,0,0,0,0,0,Urban,1,0,0,Fine,Null
1759799.5571,5912592.5703,815932,,520000,0,0,0,1,0,Null,2025/2026,ALFRED STREET,HERETAUNGA AVENUE,,Minor Crash,No,2025,0,North,0,0,0,Flat,0,,0,,0,Bright sun,605900,1,0,0,2,0,0,0,0,1,,0,0,Auckland Region,Nil,2-way,Sealed,0,0,0,0,50,0,Off,0,0,,76,Auckland,Nil,0,0,0,0,0,0,Urban,1,0,0,Fine,Null
1770097.615,5898481.2835,815946,,523920,0,1,0,0,0,South,2025/2026,SOUTHERN MOTORWAY,WALTER STREVENS OBR,,Non-Injury Crash,Yes,2026,0,North,0,0,0,Flat,0,Christmas New Year,0,,0,Bright sun,767918,0,0,0,3,0,0,0,0,0,,0,0,Auckland Region,Nil,1-way,Sealed,0,0,0,0,100,0,Off,0,0,,76,Auckland,Nil,0,0,0,0,1,0,Open,0,0,0,Fine,Null
1765837.3835,5898741.948,815947,,524812,0,0,0,1,0,South,2025/2026,WEYMOUTH ROAD,WAIMAHIA AVENUE,,Non-Injury Crash,No,2025,0,South,0,0,0,Flat,0,,0,,0,Dark,774305,0,0,0,2,0,0,0,0,1,,0,0,Auckland Region,Nil,2-way,Sealed,0,0,0,0,30,0,On,1,0,,76,Auckland,Nil,0,0,0,0,0,0,Urban,0,0,0,Fine,Null
1767589.4853,5904646.4756,815955,,524604,0,,0,2,,Null,2025/2026,GREAT SOUTH ROAD,RONWOOD AVENUE,,Non-Injury Crash,No,2025,,South,,0,,Flat,,,,,,Overcast,780302,0,0,0,4,,,0,,,,,,Auckland Region,Nil,1-way,Sealed,,0,0,,50,,Null,0,0,,76,Auckland,Traffic Signals,,,,,0,0,Urban,0,,,Null,Null
1754159.6516,5913993.828,815963,,518802,0,,0,2,,East,2025/2026,SOUTH-WESTERN MOTORWAY,MAIORO STREET ON RAMP,,Non-Injury Crash,Yes,2026,,South,,0,,Flat,,,,,,Bright sun,579000,0,0,0,3,,,0,,,,,,Auckland Region,Nil,1-way,Sealed,,0,0,,100,,Off,0,0,,76,Auckland,Nil,,,,,0,0,Open,0,,,Fine,Null
1759350.148,5925844.8517,815979,,508020,0,0,0,0,0,North,2025/2026,LAKE ROAD,ST LEONARDS ROAD,,Non-Injury Crash,No,2026,0,North,0,0,0,Flat,0,,0,,0,Twilight,321500,0,0,0,2,0,0,0,0,0,,0,1,Auckland Region,Nil,2-way,Sealed,0,0,0,0,50,0,On,0,0,,76,Auckland,Nil,0,0,0,0,0,0,Urban,1,0,0,Fine,Null
1743735.1853,5917694.2139,815995,,513220,0,,0,1,,East,2024/2025,SEMILLON AVENUE,SUMMERLAND DRIVE,,Non-Injury Crash,No,2025,,North,,0,,Flat,,,,,,Bright sun,236704,0,0,0,2,,,0,,,2,,,Auckland Region,Nil,2-way,Sealed,,0,0,,50,,Off,0,0,,76,Auckland,Nil,,,,,0,0,Urban,0,,,Fine,Null
1760776.1741,5917590.8487,816003,,516202,0,0,0,1,1,North,2024/2025,ORAKEI ROAD,KOMARU STREET,,Non-Injury Crash,No,2025,0,North,0,0,0,Hill Road,0,,0,,1,Dark,488800,0,0,0,2,0,1,0,0,0,,0,1,Auckland Region,Nil,2-way,Sealed,0,0,0,0,50,0,On,0,0,,76,Auckland,Nil,0,1,0,0,0,0,Urban,0,0,0,Fine,Null
1753803.9999,5933550.9961,816024,,508804,0,,0,0,,West,2024/2025,GREVILLE ROAD,HUGH GREEN DRIVE,,Non-Injury Crash,No,2024,,East,,0,,Null,,,,,,Unknown,180605,0,0,0,3,,,0,,,,,,Auckland Region,Nil,1-way,Sealed,,0,0,,50,,Null,0,0,,76,Auckland,Nil,,,,,0,1,Urban,1,,,Fine,Null
1757633.9448,5918336.9543,816031,,518101,0,,0,2,,North,2025/2026,SOUTHERN MOTORWAY,KHYBER PASS ROAD OFF RAMP,,Minor Crash,Yes,2025,,North,,0,,Flat,,,,,,Bright sun,543000,1,0,1,4,,,0,,,,,,Auckland Region,Motorway ramp,1-way,Sealed,,0,0,,80,,Off,0,0,,76,Auckland,Nil,,,,,0,0,Open,0,,,Fine,Null
1768638.0084,5911628.5511,816038,,523112,0,,0,1,,Null,2025/2026,TI RAKAU DRIVE,TI RAKAU DRIVE,,Serious Crash,No,2025,,West,,0,,Flat,,,,,,Bright sun,711404,0,0,1,4,,,0,,,,,,Auckland Region,Nil,2-way,Sealed,,0,1,,60,,Off,0,0,,76,Auckland,Nil,,,,,0,0,Urban,0,,,Fine,Null
1768748.9193,5904546.3297,816063,,523722,0,0,0,1,0,Null,2025/2026,REDOUBT ROAD,EVERGLADE DRIVE,,Non-Injury Crash,No,2026,0,East,0,0,0,Flat,0,,0,,0,Dark,715917,0,0,0,4,0,0,0,0,0,,0,0,Auckland Region,Nil,2-way,Null,0,0,0,0,50,0,On,0,0,,76,Auckland,Traffic Signals,0,0,0,0,0,1,Urban,0,1,0,Fine,Null
1758621.3373,5906906.3442,816070,,524200,0,,0,1,,North,2024/2025,GREENWOOD ROAD,ASCOT ROAD,,Non-Injury Crash,No,2025,,South,,0,,Flat,,,,,,Bright sun,726200,0,0,0,2,,,0,,,,,,Auckland Region,Nil,2-way,Sealed,,0,0,,50,,Off,0,0,,76,Auckland,Nil,,,,,0,0,Urban,1,,,Fine,Null
1767463.2351,5904936.2383,816072,,524604,0,,0,1,,Null,2025/2026,TE IRIRANGI DRIVE,GREAT SOUTH ROAD,,Non-Injury Crash,No,2025,,West,,0,,Flat,,,,,,Overcast,780302,0,0,0,3,,,0,,,,,,Auckland Region,Nil,2-way,Sealed,,0,0,,50,,Off,0,0,,76,Auckland,Traffic Signals,,,,,0,0,Urban,1,,,Fine,Null
1766309.2874,5899811.6745,816078,,524713,0,,0,1,,Null,2024/2025,WEYMOUTH ROAD,ROSCOMMON ROAD,,Non-Injury Crash,No,2024,,East,,0,,Null,,,,,,Dark,775823,0,0,0,1,,,0,,,,,,Auckland Region,Nil,1-way,Sealed,,0,0,,50,,On,0,0,,76,Auckland,Give way,,,,,0,0,Urban,1,,,Null,Null
1756747.2431,5928695.4204,816087,,507900,0,0,0,0,0,Null,2025/2026,NILE ROAD,ALMA ROAD,,Minor Crash,No,2026,0,South,0,0,0,Flat,0,,0,,1,Bright sun,306100,1,1,0,2,0,0,0,0,0,,0,0,Auckland Region,Nil,2-way,Sealed,0,0,0,0,50,0,Off,0,0,,76,Auckland,Give way,0,0,0,0,0,1,Urban,0,0,0,Fine,Null
1759870.5724,5909577.4251,816102,,524002,0,0,0,1,0,South,2025/2026,MAHUNGA DRIVE,HASTIE AVENUE,,Minor Crash,No,2025,0,South,0,0,0,Flat,0,,0,,0,Dark,724102,2,0,0,2,0,0,0,0,0,,0,0,Auckland Region,Nil,2-way,Sealed,0,0,0,0,50,0,On,0,0,,76,Auckland,Nil,0,0,0,1,0,0,Urban,0,0,0,Fine,Null
1757277.4534,5920127.658,816111,,514103,0,0,1,0,0,North,2025/2026,QUEEN STREET,MYERS ST,,Non-Injury Crash,No,2025,0,North,0,0,0,Hill Road,0,,0,,0,Overcast,436600,0,0,0,4,0,0,0,0,1,,0,0,Auckland Region,Nil,2-way,Sealed,0,0,0,0,30,0,Off,0,0,,76,Auckland,Nil,0,0,0,0,0,0,Urban,1,0,0,Fine,Strong wind
1760674.8969,5915509.9817,816120,,520201,0,,0,1,,West,2024/2025,SOUTHERN MOTORWAY,WALPOLE OBR,,Non-Injury Crash,Yes,2025,,South,,0,,Flat,,,,,,Dark,613000,0,0,0,3,,,0,,,,,,Auckland Region,Nil,1-way,Sealed,,0,0,,100,,On,1,0,,76,Auckland,Nil,,,,,0,0,Open,0,,,Fine,Null
1743962.9241,5919590.4236,816127,,513212,0,0,0,2,0,Null,2025/2026,UNIVERSAL DRIVE,LINCOLN GARDEN CLOSE,,Non-Injury Crash,No,2025,0,East,0,0,1,Flat,0,,0,,0,Bright sun,235600,0,0,1,1,0,0,0,0,1,,0,0,Auckland Region,Nil,1-way,Sealed,0,0,0,0,50,0,Off,0,0,,76,Auckland,Give way,0,0,0,0,0,0,Urban,0,0,0,Fine,Null
1762910.4115,5912925.6052,816128,,520500,0,,0,2,,West,2024/2025,SOUTHERN MOTORWAY,SH1 OBR,,Non-Injury Crash,Yes,2025,,West,,0,,Flat,,,,,,Bright sun,637300,0,0,0,3,,,0,,,,,,Auckland Region,Nil,1-way,Sealed,,0,0,,100,,Off,0,0,,76,Auckland,Nil,,,,,0,0,Open,0,,,Fine,Null
1756107.2842,5923971.5078,816134,,509800,0,,0,2,,South,2024/2025,NORTHERN MOTORWAY,STAFFORD ROAD ON RAMP,,Minor Crash,Yes,2025,,North,,0,,Flat,,,,,,Dark,361200,2,0,0,5,,,0,,,,,,Auckland Region,Nil,1-way,Sealed,,0,0,,80,,On,0,0,,76,Auckland,Nil,,,,,0,0,Open,1,,,Fine,Null
1754959.001,5929256.5051,816142,,508320,0,,0,2,,Null,2024/2025,WAIRAU ROAD,TARGET ROAD,,Non-Injury Crash,No,2024,,West,,0,,Flat,,,,,,Overcast,196600,0,0,0,3,,,0,,,,,,Auckland Region,Bridge,2-way,Sealed,,0,0,,50,,Off,0,0,,76,Auckland,Give way,,,,,0,0,Urban,0,,,Light rain,Null
1758023.9923,5916449.2887,816143,,515801,0,,1,1,,East,2025/2026,RANFURLY ROAD,GILLIES AVENUE,,Non-Injury Crash,No,2025,,West,,0,,Flat,,,,,,Overcast,446100,0,0,0,2,,,0,,,,,,Auckland Region,Nil,2-way,Sealed,,0,0,,50,,Off,0,1,,76,Auckland,Nil,,,,,0,0,Urban,0,,,Fine,Null
1753367.4161,5875438.0415,816151,,526103,0,,0,1,,South,2024/2025,DOMAIN STREET,KENT STREET,,Non-Injury Crash,No,2025,,South,,0,,Null,,,,,,Overcast,837700,0,0,0,2,,,0,,,,,,Auckland Region,Nil,2-way,Sealed,,0,0,,50,,Null,0,0,,76,Auckland,Nil,,,,,0,0,Urban,1,,,Light rain,Null
1759853.4572,5906264.3807,816167,,524111,0,0,0,1,0,West,2025/2026,MASSEY ROAD,PLUMLEY CRESCENT,,Non-Injury Crash,No,2025,0,East,0,0,1,Flat,0,,0,,0,Dark,740400,0,0,0,2,0,0,0,0,0,,1,0,Auckland Region,Nil,2-way,Sealed,0,0,0,0,50,0,On,0,0,40,76,Auckland,Nil,0,0,0,0,0,0,Urban,0,0,0,Light rain,Null
1752518.9681,5917060.0606,816181,,517800,0,0,0,1,0,North,2025/2026,CARRINGTON ROAD,CARRINGTON TECH GT4,,Non-Injury Crash,No,2025,0,East,0,0,1,Null,0,,0,,0,Bright sun,525500,0,0,0,2,0,0,0,0,0,,0,0,Auckland Region,Nil,2-way,Sealed,0,0,0,0,50,0,Null,0,0,,76,Auckland,Nil,0,0,0,0,0,0,Urban,0,0,0,Fine,Null