X,Y,OBJECTID,advisorySpeed,areaUnitID,bicycle,bridge,bus,carStationWagon,cliffBank,crashDirectionDescription,crashFinancialYear,crashLocation1,crashLocation2,crashRoadSideRoad,crashSeverity,crashSHDescription,crashYear,debris,directionRoleDescription,ditch,fatalCount,fence,flatHill,guardRail,holiday,houseOrBuilding,intersection,kerb,light,meshblockId,minorInjuryCount,moped,motorcycle,NumberOfLanes,objectThrownOrDropped,otherObject,otherVehicleType,overBank,parkedVehicle,pedestrian,phoneBoxEtc,postOrPole,region,roadCharacter,roadLane,roadSurface,roadworks,schoolBus,seriousInjuryCount,slipOrFlood,speedLimit,strayAnimal,streetLight,suv,taxi,temporarySpeedLimit,tlaId,tlaName,trafficControl,trafficIsland,trafficSign,train,tree,truck,unknownVehicleType,urban,vanOrUtility,vehicle,waterRiver,weatherA,weatherB
1760104.1146,5908822.7296,816182,,524403,0,0,0,0,0,Null,2024/2025,WALMSLEY ROAD,DONNELL AVENUE,,Minor Crash,No,2025,0,South,0,0,0,Flat,0,,0,,1,Bright sun,729800,1,0,1,2,0,0,0,0,0,,0,0,Auckland Region,Nil,2-way,Sealed,0,0,0,0,50,0,Off,0,0,,76,Auckland,Traffic Signals,0,0,0,0,0,0,Urban,0,0,0,Fine,Null
1755125.7051,5928713.1769,816190,,508320,0,,0,1,,Null,2024/2025,HILLSIDE ROAD,POLAND ROAD,,Minor Crash,No,2025,,South,,0,,Null,,,,,,Overcast,198600,1,0,1,2,,,0,,,,,,Auckland Region,Nil,2-way,Sealed,,0,0,,50,,Null,0,0,,76,Auckland,Give way,,,,,0,0,Urban,0,,,Fine,Null
1754593.5124,5933808.4724,816197,,507200,0,,0,1,,Null,2025/2026,EAST COAST ROAD,ARRAN ROAD,,Non-Injury Crash,No,2025,,North,,0,,Null,,Labour Weekend,,,,Dark,156506,0,0,0,2,,,0,,,,,,Auckland Region,Nil,2-way,Sealed,,0,0,,50,,Null,0,0,,76,Auckland,Give way,,,,,0,1,Urban,0,,,Fine,Null
1763616.9563,5884651.8816,816205,,521121,0,0,0,1,0,North,2025/2026,OSTRICH ROAD,CUFF ROAD,,Non-Injury Crash,No,2025,0,East,1,0,1,Flat,0,,0,,0,Dark,811401,0,0,0,2,0,0,0,0,0,,0,0,Auckland Region,Nil,2-way,Sealed,0,0,0,0,80,0,None,0,0,,76,Auckland,Nil,0,0,0,0,0,0,Open,0,0,0,Fine,Null
1748334.6673,5971197.0011,816212,,505500,0,0,0,1,0,South,2024/2025,GREAT NORTH ROAD,HUDSON ROAD,,Minor Crash,No,2025,0,South,0,0,0,Hill Road,1,,0,,0,Overcast,140000,1,0,0,2,0,0,0,0,0,,0,0,Auckland Region,Nil,2-way,Sealed,0,0,0,0,60,0,Off,0,0,,76,Auckland,Nil,0,0,0,0,0,0,Urban,0,0,0,Fine,Null
1770323.9015,5894683.7044,816261,,521201,0,,0,0,,West,2024/2025,HINGAIA ROAD,KUHANUI DRIVE,,Non-Injury Crash,No,2025,,East,,0,,Flat,,,,,,Dark,806700,0,0,0,2,,,0,,,,,,Auckland Region,Nil,2-way,Sealed,,0,0,,50,,On,0,0,,76,Auckland,Nil,,,,,0,0,Urban,2,,,Fine,Null
1758346.429,5928596.8662,816268,35,507800,0,0,0,1,0,Null,2025/2026,KITCHENER ROAD,AUDREY LANE,,Non-Injury Crash,No,2025,0,South,0,0,0,Flat,0,,0,,0,Twilight,308900,0,0,0,2,0,0,0,0,0,,0,1,Auckland Region,Nil,2-way,Sealed,0,0,0,0,50,0,On,0,0,30,76,Auckland,Nil,0,0,0,0,0,0,Urban,0,0,0,Light rain,Strong wind
1745213.7473,5917868.3062,816269,,510700,0,,0,1,,Null,2025/2026,SEL PEACOCK DRIVE,BUSCOMB AVENUE,,Non-Injury Crash,No,2026,,West,,0,,Flat,,,,,,Overcast,239804,0,0,0,1,,,0,,,,,,Auckland Region,Nil,1-way,Sealed,,0,0,,50,,Off,1,0,,76,Auckland,Give way,,,,,0,0,Urban,0,,,Fine,Null
1758993.6905,5903621.2868,816276,,524200,0,,0,0,,Null,2024/2025,TAHINGA LANE,RAY EMERY DRIVE,,Non-Injury Crash,No,2025,,North,,0,,Flat,,,,,,Bright sun,727200,0,0,0,2,,,1,,,,,,Auckland Region,Nil,2-way,Sealed,,0,0,,50,,Off,0,0,,76,Auckland,Give way,,,,,0,0,Urban,1,,,Fine,Null
1757700.4099,5918269.1718,816277,,518101,0,,0,2,,West,2025/2026,SOUTHERN MOTORWAY,MOUNTAIN OBR,,Non-Injury Crash,Yes,2025,,North,,0,,Flat,,,,,,Bright sun,543000,0,0,0,4,,,0,,,,,,Auckland Region,Nil,1-way,Sealed,,0,0,,80,,Off,0,0,,76,Auckland,Nil,,,,,0,0,Open,0,,,Fine,Null
1759018.0959,5903547.4105,816284,,524200,0,,0,1,,South,2024/2025,TAHINGA LANE,RAY EMERY DRIVE,,Non-Injury Crash,No,2024,,South,,0,,Flat,,,,,,Bright sun,727200,0,0,0,2,,,0,,,,,,Auckland Region,Nil,2-way,Sealed,,0,0,,30,,Off,1,0,,76,Auckland,Nil,,,,,0,0,Urban,0,,,Fine,Null
1756575.0146,5927355.2972,816299,,507900,0,,0,2,,Null,2025/2026,NORTHCOTE ROAD,THE AVENUE,,Non-Injury Crash,No,2025,,North,,0,,Flat,,,,,,Twilight,305202,0,0,0,5,,,0,,,,,,Auckland Region,Nil,2-way,Sealed,,0,0,,50,,On,0,1,,76,Auckland,Traffic Signals,,,,,0,0,Urban,0,,,Fine,Null
1752694.1585,5918082.9545,816301,,515003,0,,0,1,,West,2024/2025,NORTH-WESTERN MOTORWAY,GREAT NORTH ROAD OFF RAMP,,Non-Injury Crash,Yes,2024,,West,,0,,Flat,,,,,,Overcast,390600,0,0,0,4,,,0,,,,,,Auckland Region,Nil,1-way,Sealed,,0,0,,100,,Off,0,0,,76,Auckland,Nil,,,,,0,0,Open,1,,,Fine,Null
1764986.8702,5910323.0607,816332,,521801,0,,0,2,,Null,2025/2026,PRINCES STREET,PRINCES ST-OTAHUHU ON RAMP,,Non-Injury Crash,No,2025,,East,,0,,Flat,,,,,,Bright sun,787200,0,0,0,1,,,0,,,,,,Auckland Region,Motorway ramp,1-way,Sealed,,0,0,,50,,Off,0,0,,76,Auckland,Give way,,,,,0,0,Urban,0,,,Fine,Null
1762541.9873,5909296.9275,816333,,524402,0,,0,1,,Null,2025/2026,JAMES FLETCHER DRIVE,BEACH ROAD,,Non-Injury Crash,No,2025,,East,,0,,Flat,,,,,,Overcast,749700,0,0,0,5,,,0,,,,,,Auckland Region,Nil,2-way,Sealed,,0,0,,50,,Off,1,0,,76,Auckland,Traffic Signals,,,,,0,0,Urban,0,,,Light rain,Null
1757259.9636,5930124.176,816349,,507710,0,0,0,3,0,North,2024/2025,SEAVIEW ROAD,HEATHCOTE ROAD,,Non-Injury Crash,No,2025,0,North,0,0,0,Flat,0,,0,,0,Dark,313100,0,0,0,2,0,0,0,0,1,,0,0,Auckland Region,Nil,2-way,Sealed,0,0,0,0,50,0,On,0,0,,76,Auckland,Nil,0,0,0,0,0,0,Urban,0,0,0,Fine,Null
1750491.4181,5918008.0678,816373,,514801,0,,0,1,,West,2024/2025,NORTH-WESTERN MOTORWAY,ROSEBANK BR,,Non-Injury Crash,Yes,2024,,West,,0,,Flat,,,,,,Bright sun,390401,0,0,0,5,,,0,,,,,,Auckland Region,Nil,1-way,Sealed,,0,0,,100,,Off,2,0,80,76,Auckland,Nil,,,,,0,0,Open,0,,,Fine,Null
1762948.5103,5914681.9237,816379,,520401,0,0,0,0,0,South,2025/2026,FERNDALE ROAD,FABER AVENUE,,Non-Injury Crash,No,2025,0,South,0,0,0,Flat,0,,0,,0,Unknown,644200,0,0,0,2,0,0,0,0,0,,0,0,Auckland Region,Nil,2-way,Sealed,0,0,0,0,50,0,Null,0,0,,76,Auckland,Nil,0,0,0,0,1,0,Urban,0,0,0,Fine,Null
1773082.7564,5890776.6966,816381,,521301,0,0,0,1,0,South,2024/2025,SOUTHERN MOTORWAY,GREAT SOUTH ROAD ON RAMP,,Non-Injury Crash,Yes,2025,0,South,0,0,0,Flat,1,,0,,0,Bright sun,809006,0,0,0,2,0,0,0,0,0,,0,0,Auckland Region,Nil,1-way,Sealed,0,0,0,0,100,0,Off,0,0,,76,Auckland,Nil,0,0,0,0,1,0,Open,0,0,0,Fine,Null
1748144.4566,5913529.2758,816396,,511100,0,,0,0,,Null,2024/2025,RUA ROAD,TAHI TERRACE,,Non-Injury Crash,No,2025,,Null,,0,,Hill Road,,,,,,Overcast,286900,0,0,0,2,,,0,,,,,,Auckland Region,Nil,2-way,Sealed,,0,0,,50,,Off,0,0,,76,Auckland,Stop,,,,,0,1,Urban,1,,,Fine,Null
1767497.2017,5904601.0294,816421,,524604,0,,0,2,,Null,2025/2026,LEYTON WAY,RONWOOD AVENUE,,Non-Injury Crash,No,2025,,North,,0,,Null,,,,,,Unknown,780204,0,0,0,2,,,0,,,,,,Auckland Region,Nil,2-way,Sealed,,0,0,,50,,Null,0,0,,76,Auckland,Give way,,,,,0,0,Urban,0,,,Null,Null
1746559.4533,5915625.8061,816428,,511800,0,,0,1,,Null,2025/2026,VIEW ROAD,GREAT NORTH ROAD,,Non-Injury Crash,No,2025,,East,,0,,Null,,,,,,Unknown,276400,0,0,0,2,,,0,,,,,,Auckland Region,Nil,2-way,Null,,0,0,,50,,Null,0,0,,76,Auckland,Give way,,,,,0,1,Urban,0,,,Null,Null
1744986.7534,5914221.5326,816435,,512905,0,,0,2,,North,2024/2025,PARRS CROSS ROAD,WEST COAST ROAD,,Non-Injury Crash,No,2025,,North,,0,,Flat,,,,,,Bright sun,278904,0,0,0,2,,,0,,,,,,Auckland Region,Nil,2-way,Sealed,,0,0,,50,,Null,0,0,,76,Auckland,Nil,,,,,0,0,Urban,0,,,Fine,Null
1750520.618,5912099.4329,816445,,512100,0,0,0,1,0,North,2024/2025,PORTAGE ROAD,KINROSS STREET,,Non-Injury Crash,No,2024,0,North,0,0,0,Flat,0,,0,,0,Overcast,289400,0,0,0,2,0,0,0,0,1,,0,0,Auckland Region,Nil,2-way,Sealed,0,0,0,0,50,0,Off,0,0,,76,Auckland,Nil,0,0,0,0,0,0,Urban,1,0,0,Fine,Null
1761408.8943,5914335.5887,816451,,520202,0,,0,1,,Null,2025/2026,ELLERSLIE-PANMURE HWY OFF RAMP,ELLERSLIE-PANMURE HIGHWAY,,Minor Crash,No,2025,,South,,0,,Flat,,,,,,Overcast,612501,1,0,1,1,,,0,,,,,,Auckland Region,Motorway ramp,1-way,Sealed,,0,0,,50,,None,0,0,,76,Auckland,Give way,,,,,0,0,Urban,0,,,Fine,Null
1748487.4532,5914900.8367,816459,,511700,0,0,0,0,0,North,2024/2025,ARCHIBALD ROAD,ST LEONARDS ROAD,,Non-Injury Crash,No,2025,0,West,0,0,1,Flat,0,,0,,0,Dark,271400,0,0,0,2,0,0,0,0,0,,0,1,Auckland Region,Nil,2-way,Sealed,0,0,0,0,50,0,Off,0,0,,76,Auckland,Nil,0,1,0,0,0,0,Urban,1,0,0,Fine,Null
1772486.8223,5890147.6055,816460,,521302,0,0,0,1,0,West,2025/2026,BURTT ROAD,MCPHERSON ROAD,,Non-Injury Crash,No,2025,0,South,0,0,0,Hill Road,0,,0,,0,Overcast,807500,0,0,0,2,0,0,0,1,0,,0,0,Auckland Region,Nil,2-way,Sealed,0,0,0,0,80,0,None,0,0,,76,Auckland,Nil,0,0,0,0,0,0,Open,0,0,0,Light rain,Null
1757615.5585,5929112.3384,816467,,507800,0,,0,2,,Null,2024/2025,OMANA ROAD,IHUMATA ROAD,,Non-Injury Crash,No,2025,,East,,0,,Flat,,,,,,Bright sun,310800,0,0,0,2,,,0,,,,,,Auckland Region,Nil,2-way,Sealed,,0,0,,50,,None,0,0,,76,Auckland,Give way,,,,,0,0,Urban,0,,,Fine,Null
1771007.7633,5899171.1551,816475,,523911,0,,0,2,,West,2024/2025,MANUROA ROAD,TAKANINI SCHOOL ROAD,,Non-Injury Crash,No,2024,,East,,0,,Flat,,,,,,Bright sun,766800,0,0,0,2,,,0,,,,,,Auckland Region,Nil,2-way,Sealed,,0,0,,50,,Off,0,0,,76,Auckland,Nil,,,,,0,0,Urban,0,,,Fine,Null
1751273.7141,5933509.3789,816484,,508807,0,0,0,1,0,West,2025/2026,ALBANY HIGHWAY,TE ARA TU PARA,,Non-Injury Crash,No,2025,0,South,0,0,0,Hill Road,0,,0,,0,Dark,180201,0,0,0,4,0,0,0,0,0,,0,0,Auckland Region,Nil,2-way,Sealed,0,0,0,0,50,0,On,0,0,,76,Auckland,Nil,1,1,0,1,0,0,Urban,0,0,0,Light rain,Null
1759840.4105,5912423.832,816492,,520000,0,,0,2,,East,2025/2026,GROTTO STREET,ALFRED STREET,,Non-Injury Crash,No,2025,,West,,0,,Hill Road,,,,,,Bright sun,606800,0,0,0,2,,,0,,,,,,Auckland Region,Nil,2-way,Sealed,,0,0,,50,,None,0,0,,76,Auckland,Nil,,,,,0,0,Urban,0,,,Fine,Null
1756780.0759,5920193.2268,816493,,514102,0,0,0,1,0,Null,2024/2025,NELSON STREET,COOK STREET,,Non-Injury Crash,No,2025,0,North,0,0,0,Hill Road,0,,0,,0,Dark,434103,0,0,0,4,0,0,0,0,0,,0,0,Auckland Region,Nil,1-way,Sealed,0,0,0,0,40,0,On,0,1,,76,Auckland,Traffic Signals,0,0,0,1,0,0,Urban,0,0,0,Fine,Null
1766524.3416,5913231.3245,816507,,522920,0,,0,0,,South,2025/2026,TI RAKAU DRIVE,PAKURANGA ROAD,,Non-Injury Crash,No,2025,,North,,0,,Flat,,,,,,Overcast,683900,0,0,0,1,,,0,,,,,,Auckland Region,Nil,1-way,Sealed,,0,0,,50,,Off,1,0,,76,Auckland,Nil,,,,,0,0,Urban,1,,,Fine,Null
1759474.3379,5910372.1332,816564,,524002,0,,0,3,,North,2025/2026,MAHUNGA DRIVE OFF RAMP,RIMU ROAD,,Non-Injury Crash,No,2025,,South,,0,,Flat,,,,,,Bright sun,722400,0,0,0,1,,,0,,,,,,Auckland Region,Motorway ramp,1-way,Sealed,,0,0,,50,,Off,0,0,,76,Auckland,Nil,,,,,0,0,Urban,0,,,Fine,Null
1756945.0553,5919442.1705,816565,,514200,0,0,2,0,0,West,2024/2025,KARANGAHAPE ROAD,UPPER QUEEN STREET,,Non-Injury Crash,No,2025,0,East,0,0,0,Flat,0,,0,,0,Bright sun,412200,0,0,0,4,0,0,0,0,0,,0,0,Auckland Region,Nil,2-way,Sealed,0,0,0,0,30,0,Off,0,0,,76,Auckland,Nil,0,0,0,0,0,0,Urban,0,1,0,Fine,Null
1759170.1702,5918578.4452,816573,,516101,0,0,0,2,0,South,2025/2026,BASSETT ROAD,HOBSON CIRCLE,,Minor Crash,No,2025,0,North,0,0,0,Hill Road,0,,0,,0,Bright sun,480500,1,0,0,2,0,0,0,0,1,,0,0,Auckland Region,Nil,2-way,Sealed,0,0,0,0,50,0,Off,0,0,,76,Auckland,Nil,0,0,0,0,0,0,Urban,0,0,0,Fine,Null
1733832.7278,5930826.1185,816579,45,505605,0,0,0,1,0,Null,2024/2025,WAIKOUKOU VALLEY ROAD,TAYLOR ROAD,,Non-Injury Crash,No,2025,0,South,1,0,0,Flat,0,,0,,0,Bright sun,215700,0,0,0,2,0,0,0,0,0,,0,0,Auckland Region,Nil,2-way,Sealed,0,0,0,0,80,0,None,0,0,,76,Auckland,Give way,0,0,0,0,0,0,Open,0,0,0,Fine,Null
1751576.7644,5914855.8968,816587,,514401,0,,0,2,,North,2024/2025,BLOCKHOUSE BAY ROAD,NEW WINDSOR ROAD,,Non-Injury Crash,No,2025,,South,,0,,Flat,,,,,,Overcast,380300,0,0,0,2,,,0,,,,,,Auckland Region,Nil,2-way,Sealed,,0,0,,50,,Off,0,0,,76,Auckland,Nil,,,,,0,0,Urban,0,,,Fine,Null
1756670.1781,5926650.6291,816589,,507900,0,0,0,1,0,South,2024/2025,NORTHERN MOTORWAY,NORTHCOTE ROAD OFF RAMP,,Non-Injury Crash,Yes,2025,0,North,0,0,0,Flat,2,,0,,0,Overcast,303501,0,0,0,4,0,0,0,0,0,,0,0,Auckland Region,Nil,1-way,Sealed,0,0,0,0,100,0,Off,0,0,,76,Auckland,Nil,0,0,0,0,0,0,Open,0,0,0,Fine,Null
1768604.104,5903091.1062,816595,,524602,0,,0,1,,North,2024/2025,SOUTHERN MOTORWAY,PUHINUI STM BR,,Non-Injury Crash,Yes,2025,,North,,0,,Flat,,,,,,Bright sun,780508,0,0,0,3,,,0,,,,,,Auckland Region,Nil,1-way,Sealed,,0,0,,100,,Off,0,0,,76,Auckland,Nil,,,,,1,0,Open,0,,,Fine,Null
1770946.6118,5905425.399,816603,,523713,0,0,0,1,0,North,2025/2026,MURPHYS ROAD,MURPHYS PARK DRIVE,,Minor Crash,No,2025,0,South,0,0,0,Flat,0,,0,,0,Dark,713400,1,0,0,2,0,0,0,0,0,,0,1,Auckland Region,Nil,2-way,Sealed,0,0,0,0,60,0,On,0,0,,76,Auckland,Nil,0,0,0,0,0,0,Urban,0,0,0,Fine,Strong wind
1768734.3121,5904543.0753,816612,,523722,0,,0,1,,Null,2025/2026,REDOUBT ROAD,HOLLYFORD DRIVE,,Non-Injury Crash,No,2026,,West,,0,,Null,,,,,,Dark,715917,0,0,0,4,,,0,,,,,,Auckland Region,Nil,2-way,Sealed,,0,0,,50,,Null,0,0,,76,Auckland,Traffic Signals,,,,,0,1,Urban,0,,,Fine,Null
1748364.1734,5914611.9654,816613,,511700,0,,0,1,,South,2025/2026,ARCHIBALD ROAD,SCANLEN TERRACE,,Non-Injury Crash,No,2025,,North,,0,,Flat,,,,,,Bright sun,270201,0,0,0,2,,,0,,,,,,Auckland Region,Speed hump,2-way,Sealed,,0,0,,30,,None,1,0,,76,Auckland,Nil,,,,,0,0,Urban,0,,,Fine,Null
1756615.1051,5912825.7375,816619,,518701,0,,0,1,,Null,2024/2025,HILLSBOROUGH ROAD,HILLSBOROUGH ROAD OFF RAMP,,Non-Injury Crash,No,2024,,North,,0,,Null,,Christmas New Year,,,,Overcast,569000,0,0,0,3,,,0,,,,,,Auckland Region,Nil,1-way,Null,,0,0,,50,,Null,0,0,,76,Auckland,Traffic Signals,,,,,0,0,Urban,0,,,Fine,Null
1757248.2544,5918936.0981,816635,,514301,0,,0,3,,North,2025/2026,SOUTHERN MOTORWAY,GRAFTON OBR,,Minor Crash,Yes,2025,,North,,0,,Flat,,,,,,Overcast,441300,1,0,0,3,,,0,,,,,,Auckland Region,Bridge,1-way,Sealed,,0,0,,80,,Off,1,1,,76,Auckland,Nil,,,,,0,0,Open,0,,,Fine,Null
1759261.0396,5919977.3972,816643,,515902,0,0,0,2,0,Null,2025/2026,GLADSTONE ROAD,AVON STREET,,Non-Injury Crash,No,2025,0,South,0,0,0,Hill Road,0,,0,,1,Bright sun,453900,0,0,0,2,0,0,0,0,0,,0,0,Auckland Region,Nil,2-way,Sealed,0,0,0,0,50,0,Off,0,0,,76,Auckland,Give way,0,0,0,0,0,0,Urban,0,1,0,Fine,Null
1772818.7815,5896802.5531,816651,,525420,0,0,0,2,0,West,2025/2026,INGRAM STREET,VIEW ROAD,,Non-Injury Crash,No,2025,0,East,0,0,0,Flat,0,,0,,0,Twilight,792700,0,0,0,2,0,0,0,0,1,,0,0,Auckland Region,Nil,2-way,Sealed,0,0,0,0,50,0,On,0,0,,76,Auckland,Nil,0,0,0,0,1,0,Urban,0,0,0,Fine,Null
1731985.9272,5907491.1659,816668,,513800,0,0,0,0,0,East,2025/2026,PIHA ROAD,TE AHUAHU ROAD,,Minor Crash,No,2025,0,West,1,0,0,Hill Road,0,Christmas New Year,0,,0,Bright sun,282018,1,0,0,2,0,0,0,0,0,,0,0,Auckland Region,Nil,2-way,Sealed,0,0,0,0,50,0,Off,0,0,,76,Auckland,Nil,0,0,0,2,0,0,Urban,1,0,0,Fine,Null
1788942.0673,5925092.6091,816669,,520801,0,0,0,1,0,East,2024/2025,ORAPIU ROAD,AWAAWAROA ROAD,,Non-Injury Crash,No,2025,0,East,0,0,0,Hill Road,0,,0,,0,Dark,515801,0,0,0,2,0,0,0,0,0,,0,0,Auckland Region,Nil,2-way,Sealed,0,0,0,0,60,0,None,0,0,,76,Auckland,Nil,0,0,0,1,0,0,Urban,0,0,0,Fine,Null
1771674.9297,5899148.4037,816691,,523911,0,,0,1,,Null,2025/2026,PORCHESTER ROAD,CLARICE PLACE,,Minor Crash,No,2025,,North,,0,,Flat,,,,,,Dark,767004,1,0,1,2,,,0,,,,,,Auckland Region,Nil,2-way,Sealed,,0,0,,50,,On,0,0,,76,Auckland,Nil,,,,,0,0,Urban,0,,,Fine,Null
1766606.3504,5907158.178,816692,,522302,0,,0,0,,South,2025/2026,SOUTHERN MOTORWAY,EAST TAMAKI OBR,,Non-Injury Crash,Yes,2026,,North,,0,,Flat,,,,,,Bright sun,668000,0,0,0,3,,,0,,,,,,Auckland Region,Motorway ramp,1-way,Sealed,,0,0,,100,,Off,1,0,,76,Auckland,Nil,,,,,0,0,Open,2,,,Fine,Null
1757093.2707,5925535.3476,816699,,509702,0,,0,1,,South,2024/2025,NORTHERN MOTORWAY,ESMONDE ROAD ON RAMP,,Non-Injury Crash,Yes,2025,,South,,0,,Flat,,,,,,Overcast,364602,0,0,2,4,,,0,,,,,,Auckland Region,Nil,1-way,Sealed,,0,0,,100,,Off,0,0,,76,Auckland,Nil,,,,,0,0,Open,0,,,Fine,Null
1755603.1383,5919747.7978,816700,,515302,0,0,0,1,0,West,2025/2026,DOUGLAS STREET,PONSONBY ROAD,,Non-Injury Crash,No,2025,0,East,0,0,0,Null,0,,0,,0,Unknown,432100,0,0,0,2,0,0,0,0,1,,0,0,Auckland Region,Nil,2-way,Null,0,0,0,0,30,0,Null,1,0,,76,Auckland,Nil,0,0,0,0,0,0,Urban,0,0,0,Null,Null
1753523.8726,5912865.5409,816701,,518901,0,0,0,1,0,South,2025/2026,WEBSTER AVENUE,PASCOE STREET,,Non-Injury Crash,No,2025,0,South,0,0,0,Hill Road,0,,0,,0,Bright sun,585600,0,0,0,2,0,0,0,0,1,,0,0,Auckland Region,Speed hump,2-way,Sealed,0,0,0,0,50,0,Off,0,0,,76,Auckland,Nil,0,0,0,0,0,0,Urban,1,0,0,Fine,Null
1758192.0583,5913593.1868,816708,,518600,0,,0,2,,Null,2025/2026,MANUKAU ROAD,TURAMA ROAD,,Minor Crash,No,2025,,North,,0,,Flat,,,,,,Bright sun,567300,1,0,0,2,,,0,,,,,,Auckland Region,Nil,2-way,Sealed,,0,0,,50,,Null,0,0,,76,Auckland,Nil,,,,,0,0,Urban,0,,,Fine,Null
1759785.449,5912754.9849,816715,,520000,0,,0,1,,Null,2025/2026,ALFRED STREET,GREY STREET,,Serious Crash,No,2025,,South,,0,,Flat,,,,,,Dark,605700,0,0,1,2,,,0,,,,,,Auckland Region,Nil,2-way,Sealed,,0,1,,50,,On,0,0,,76,Auckland,Stop,,,,,0,0,Urban,0,,,Fine,Null
1772503.3856,5903799.1996,816717,,523818,0,0,0,1,0,South,2025/2026,REDOUBT ROAD,ANNMARIE AVENUE,,Non-Injury Crash,No,2026,0,South,0,0,1,Hill Road,0,,0,,0,Bright sun,760903,0,0,0,2,0,0,0,0,0,,0,0,Auckland Region,Nil,2-way,Sealed,0,0,0,0,50,0,Off,0,0,,76,Auckland,Nil,0,0,0,0,0,0,Urban,0,0,0,Light rain,Strong wind
1756241.5758,5920898.5754,816731,,514101,0,,0,2,,East,2025/2026,NORTHERN MOTORWAY,VICTORIA PARK VDT N,,Non-Injury Crash,Yes,2025,,South,,0,,Flat,,,,,,Overcast,432400,0,0,0,2,,,0,,,,,,Auckland Region,Nil,1-way,Sealed,,0,0,,80,,Off,0,0,,76,Auckland,Nil,,,,,0,0,Open,0,,,Fine,Null
1761521.0285,5914160.5852,816739,,520202,0,0,0,1,0,South,2025/2026,SOUTHERN MOTORWAY,PENROSE INT S,,Non-Injury Crash,Yes,2025,0,West,0,0,0,Flat,1,Labour Weekend,0,,0,Dark,612300,0,0,0,3,0,0,0,0,0,,0,1,Auckland Region,Motorway ramp,1-way,Sealed,0,0,0,0,100,0,On,0,0,,76,Auckland,Nil,0,0,0,0,0,0,Open,0,0,0,Fine,Null
1759479.8789,5909650.5358,816760,,524002,0,,0,2,,Null,2024/2025,CRAWFORD AVENUE,HASTIE AVENUE,,Non-Injury Crash,No,2024,,South,,0,,Flat,,,,,,Dark,722301,0,0,0,2,,,0,,,,,,Auckland Region,Nil,2-way,Sealed,,0,0,,50,,On,0,0,,76,Auckland,Give way,,,,,0,0,Urban,0,,,Fine,Null
1773508.9261,5897341.2071,816761,,525630,0,,0,2,,Null,2025/2026,GROVE ROAD,OLD WAIROA ROAD,,Non-Injury Crash,No,2025,,North,,0,,Flat,,,,,,Overcast,795200,0,0,0,2,,,0,,,,,,Auckland Region,Nil,2-way,Sealed,,0,0,,50,,Off,0,0,,76,Auckland,Stop,,,,,0,0,Urban,0,,,Light rain,Null
1745449.5283,5920793.3773,816762,,513301,0,,0,0,,Null,2025/2026,LINCOLN ROAD,LINCOLN ROAD ON RAMP,,Non-Injury Crash,No,2025,,North,,0,,Hill Road,,,,,,Dark,230200,0,0,0,3,,,0,,,,,,Auckland Region,Motorway ramp,1-way,Sealed,,0,0,,50,,On,0,0,,76,Auckland,Traffic Signals,,,,,1,0,Urban,0,,,Fine,Null
1760968.1053,5915043.8671,816791,,520202,0,,0,1,,Null,2025/2026,KALMIA STREET,MAIN HIGHWAY,,Non-Injury Crash,No,2025,,North,,0,,Flat,,,,,,Bright sun,611700,0,0,0,2,,,0,,,,,,Auckland Region,Nil,2-way,Sealed,,0,0,,30,,Null,0,0,,76,Auckland,Give way,,,,,0,0,Urban,1,,,Null,Null
1760261.9734,5908868.35,816792,,524403,0,,0,2,,Null,2025/2026,WALMSLEY ROAD,HARI PLACE,,Non-Injury Crash,No,2025,,West,,0,,Flat,,,,,,Bright sun,729901,0,0,0,4,,,0,,,,,,Auckland Region,Nil,2-way,Sealed,,0,0,,50,,Off,0,0,,76,Auckland,Nil,,,,,0,0,Urban,0,,,Fine,Null
1763515.0594,5911651.8337,816804,,520500,0,0,0,0,0,North,2025/2026,LOCKHART PLACE,VESTEY DRIVE,,Serious Crash,No,2025,0,South,0,0,0,Flat,0,,0,,0,Bright sun,637701,0,0,1,2,0,0,0,0,1,,0,0,Auckland Region,Nil,2-way,Sealed,0,0,1,0,50,0,None,0,0,,76,Auckland,Nil,0,0,0,0,0,1,Urban,0,0,0,Fine,Null
1753103.9727,5913642.4363,816805,,514500,0,,0,0,,West,2025/2026,ROSAMUND AVENUE,HILLVIEW AVENUE,,Non-Injury Crash,No,2025,,West,,0,,Null,,,,,,Unknown,376000,0,0,0,2,,,0,,,,,,Auckland Region,Nil,2-way,Sealed,,0,0,,50,,Null,0,0,,76,Auckland,Nil,,,,,1,0,Urban,1,,,Fine,Null
1747850.7762,5916298.0598,816806,,511601,0,0,0,1,0,South,2025/2026,JULIANA WAY,HEPBURN ROAD,,Minor Crash,No,2025,0,South,0,0,1,Hill Road,0,,1,,0,Dark,274204,1,0,0,2,0,0,0,0,0,,0,0,Auckland Region,Nil,2-way,Sealed,0,0,0,0,50,0,On,0,0,,76,Auckland,Nil,0,0,0,0,0,0,Urban,0,0,0,Fine,Null
1752002.8541,5918885.0952,816812,,515001,0,,0,2,,Null,2024/2025,POINT CHEVALIER ROAD,MEOLA ROAD,,Minor Crash,No,2025,,South,,0,,Flat,,,,,,Dark,393800,1,0,0,2,,,0,,,,,,Auckland Region,Nil,2-way,Sealed,,0,0,,50,,On,0,0,40,76,Auckland,Give way,,,,,0,0,Urban,0,,,Light rain,Null