X,Y,OBJECTID,advisorySpeed,areaUnitID,bicycle,bridge,bus,carStationWagon,cliffBank,crashDirectionDescription,crashFinancialYear,crashLocation1,crashLocation2,crashRoadSideRoad,crashSeverity,crashSHDescription,crashYear,debris,directionRoleDescription,ditch,fatalCount,fence,flatHill,guardRail,holiday,houseOrBuilding,intersection,kerb,light,meshblockId,minorInjuryCount,moped,motorcycle,NumberOfLanes,objectThrownOrDropped,otherObject,otherVehicleType,overBank,parkedVehicle,pedestrian,phoneBoxEtc,postOrPole,region,roadCharacter,roadLane,roadSurface,roadworks,schoolBus,seriousInjuryCount,slipOrFlood,speedLimit,strayAnimal,streetLight,suv,taxi,temporarySpeedLimit,tlaId,tlaName,trafficControl,trafficIsland,trafficSign,train,tree,truck,unknownVehicleType,urban,vanOrUtility,vehicle,waterRiver,weatherA,weatherB
1772584.2198,5890921.3031,816859,,521203,0,0,0,1,0,Null,2025/2026,GREAT SOUTH ROAD,KARAKA ROAD,,Minor Crash,Yes,2025,0,West,0,0,0,Flat,0,,0,,0,Bright sun,807300,1,0,0,5,0,0,0,0,0,,0,0,Auckland Region,Nil,2-way,Sealed,0,0,0,0,60,0,Off,0,0,,76,Auckland,Traffic Signals,0,1,0,0,0,0,Urban,0,0,0,Fine,Null
1754848.0176,5918306.4237,816873,,517600,0,0,0,1,0,East,2025/2026,NORTH-WESTERN MOTORWAY,NORTH-WESTERN MOTORWAY,,Non-Injury Crash,Yes,2025,0,West,0,0,0,Flat,1,,0,,0,Twilight,533502,0,0,0,4,0,0,0,0,0,,0,0,Auckland Region,Nil,1-way,Sealed,0,0,0,0,80,0,Off,1,0,,76,Auckland,Nil,0,0,0,0,0,0,Open,1,0,0,Fine,Null
1762357.6425,5917240.2691,816880,,516301,1,,0,1,,North,2025/2026,WAIATARUA ROAD,KEITH AVENUE,,Minor Crash,No,2026,,North,,0,,Hill Road,,,,,,Bright sun,458900,1,0,0,2,,,0,,,,,,Auckland Region,Nil,2-way,Sealed,,0,0,,30,,None,0,0,,76,Auckland,Nil,,,,,0,0,Urban,0,,,Fine,Null
1758576.9948,5926259.5523,816881,,508020,0,0,0,2,0,West,2025/2026,HART ROAD,LAKE ROAD,,Minor Crash,No,2025,0,West,0,0,0,Hill Road,0,,0,,0,Bright sun,323900,1,0,0,2,0,0,0,0,1,,0,0,Auckland Region,Nil,2-way,Sealed,0,0,0,0,50,0,Off,1,0,,76,Auckland,Nil,0,0,0,0,0,0,Urban,0,0,0,Fine,Null
1763839.8566,5912788.4937,816888,,520500,0,,0,2,,South,2025/2026,MOUNT WELLINGTON HIGHWAY,TE PUTU AVENUE,,Non-Injury Crash,No,2025,,North,,0,,Flat,,,,,,Bright sun,637400,0,0,0,3,,,0,,,,,,Auckland Region,Nil,1-way,Sealed,,0,0,,50,,Off,0,0,,76,Auckland,Nil,,,,,0,0,Urban,1,,,Fine,Null
1747861.3099,5913526.5581,816889,,511100,0,,0,1,,South,2025/2026,WEST COAST ROAD,BRIAN BERG PLACE,,Non-Injury Crash,No,2025,,West,,0,,Hill Road,,,,,,Twilight,286900,0,0,0,3,,,0,,,,,,Auckland Region,Nil,2-way,Sealed,,0,0,,50,,Off,1,0,,76,Auckland,Nil,,,,,0,0,Urban,0,,,Light rain,Null
1769924.1035,5906455.1641,816897,,523712,0,,0,1,,Null,2025/2026,DONEGAL PARK DRIVE,FLAT BUSH SCHOOL ROAD,,Non-Injury Crash,No,2026,,North,,0,,Null,,,,,,Unknown,713201,0,0,0,2,,,0,,,,,,Auckland Region,Nil,2-way,Null,,0,0,,50,,Null,0,0,,76,Auckland,Give way,,,,,0,0,Urban,0,,,Null,Null
1760312.0582,5913902.5235,816905,,519400,0,0,0,0,0,North,2025/2026,RANGIPAWA ROAD,HOUPARA STREET,,Non-Injury Crash,No,2025,0,North,0,0,0,Flat,0,,0,,0,Bright sun,619100,0,0,0,2,0,0,0,0,0,,0,1,Auckland Region,Nil,2-way,Sealed,0,0,0,0,50,0,Off,0,0,,76,Auckland,Nil,0,0,0,0,0,0,Urban,1,0,0,Fine,Null
1745442.2208,5917457.2152,816911,,510700,0,0,0,2,0,West,2024/2025,ALDERMAN DRIVE,RATANUI STREET,,Minor Crash,No,2025,0,East,0,0,0,Hill Road,0,,0,,0,Dark,239900,2,0,0,4,0,0,0,0,0,,0,0,Auckland Region,Nil,2-way,Sealed,0,0,0,0,50,0,On,1,0,,76,Auckland,Nil,0,0,0,0,0,0,Urban,1,1,0,Fine,Null
1757246.0275,5928762.0815,816913,,507800,0,0,0,0,0,North,2025/2026,SHAKESPEARE ROAD,STRATFORD AVENUE,,Non-Injury Crash,No,2025,0,North,0,0,1,Flat,0,Labour Weekend,0,,0,Dark,307300,0,0,0,2,0,0,0,0,1,,0,1,Auckland Region,Nil,2-way,Sealed,0,0,0,0,50,0,On,0,0,,76,Auckland,Nil,0,0,0,0,0,0,Urban,2,0,0,Light rain,Null
1757101.3683,5919651.2959,816926,,514102,0,,1,1,,North,2024/2025,QUEEN STREET,CITY ROAD,,Non-Injury Crash,No,2024,,North,,0,,Null,,,,,,Bright sun,435900,0,0,0,4,,,0,,,,,,Auckland Region,Nil,2-way,Sealed,,0,0,,30,,Off,0,0,,76,Auckland,Nil,,,,,0,0,Urban,0,,,Fine,Null
1762947.0863,5916035.7644,816936,,516302,0,,0,1,,East,2024/2025,ABBOTTS WAY,WINSTONE DRIVE,,Minor Crash,No,2025,,North,,0,,Flat,,,,,,Bright sun,463602,1,0,1,2,,,0,,,,,,Auckland Region,Nil,2-way,Sealed,,0,0,,50,,Off,0,0,,76,Auckland,Nil,,,,,0,0,Urban,0,,,Fine,Null
1751301.6064,5917682.8068,816943,,514900,0,0,0,1,0,North,2025/2026,DAVENTRY STREET,TOREA PLACE,,Non-Injury Crash,No,2026,0,North,0,0,0,Flat,0,,0,,0,Twilight,385400,0,0,0,2,0,0,0,0,1,,0,0,Auckland Region,Nil,2-way,Sealed,0,0,0,0,30,0,On,1,0,,76,Auckland,Nil,0,0,0,0,0,0,Urban,0,0,0,Fine,Null
1763985.4968,5912049.2879,816959,,520500,0,,0,2,,Null,2025/2026,MOUNT WELLINGTON HIGHWAY,MONAHAN ROAD,,Minor Crash,No,2026,,North,,0,,Flat,,,,,,Overcast,637900,1,0,0,3,,,0,,,,,,Auckland Region,Nil,1-way,Sealed,,0,0,,50,,Off,0,0,,76,Auckland,Give way,,,,,0,0,Urban,0,,,Fine,Null
1745714.886,5924599.8165,816966,,513522,0,,0,0,,South,2025/2026,SEAGROVE ROAD,WESTPARK DRIVE,,Minor Crash,No,2025,,North,,0,,Flat,,,,,,Overcast,224120,1,0,0,2,,,0,,,1,,,Auckland Region,Nil,2-way,Sealed,,0,0,,50,,Off,0,0,,76,Auckland,Nil,,,,,0,1,Urban,0,,,Fine,Null
1755260.81,5914599.5979,816974,,518500,0,,0,1,,Null,2025/2026,DOMINION ROAD,DONALD CRESCENT,,Non-Injury Crash,No,2025,,North,,0,,Null,,,,,,Overcast,560800,0,0,0,2,,,0,,,,,,Auckland Region,Nil,2-way,Sealed,,0,0,,50,,Null,1,0,,76,Auckland,Stop,,,,,0,0,Urban,0,,,Light rain,Null
1757002.6798,5925874.4776,816981,,509702,0,,1,0,,Null,2025/2026,AKORANGA DRIVE,ESMONDE ROAD OFF RAMP,,Minor Crash,No,2026,,East,,0,,Flat,,,,,,Bright sun,364602,2,0,0,4,,,0,,,,,,Auckland Region,Motorway ramp,2-way,Sealed,,0,0,,50,,Off,0,0,,76,Auckland,Traffic Signals,,,,,1,0,Urban,0,,,Fine,Null
1772023.1581,5907407.9672,816997,,523713,0,0,0,1,0,South,2025/2026,VALDERAMA DRIVE,CETONA COURT,,Non-Injury Crash,No,2025,0,North,0,0,1,Flat,0,,0,,1,Twilight,712500,0,0,0,2,0,0,0,0,0,,0,0,Auckland Region,Nil,2-way,Sealed,0,0,0,0,50,0,On,0,0,,76,Auckland,Nil,0,0,0,0,0,0,Urban,0,0,0,Light rain,Strong wind
1757872.146,5918735.6625,817012,,517400,0,,0,1,,Null,2025/2026,PARK ROAD,CARLTON GORE ROAD,,Minor Crash,No,2026,,North,,0,,Flat,,,,,,Bright sun,450000,1,0,1,2,,,0,,,,,,Auckland Region,Nil,2-way,Sealed,,0,0,,50,,Off,0,0,,76,Auckland,Traffic Signals,,,,,0,0,Urban,0,,,Fine,Null
1764978.6802,5908112.592,817022,,523404,0,,0,2,,North,2025/2026,GREAT SOUTH ROAD,LAURESTON AVENUE,,Non-Injury Crash,No,2025,,North,,0,,Flat,,,,,,Bright sun,696801,0,0,0,2,,,0,,,,,,Auckland Region,Tram lines,2-way,Sealed,,0,0,,50,,None,0,0,,76,Auckland,Nil,,,,,0,0,Urban,0,,,Fine,Null
1768361.2949,5904446.5536,817045,,523820,0,,0,1,,Null,2025/2026,REDOUBT ROAD,DIORELLA DRIVE,,Non-Injury Crash,No,2025,,East,,0,,Flat,,,,,,Bright sun,759901,0,0,0,3,,,0,,,,,,Auckland Region,Nil,2-way,Sealed,,0,0,,50,,Off,1,0,,76,Auckland,Give way,,,,,0,0,Urban,0,,,Fine,Null
1745529.7075,5916071.2714,817061,,510800,0,0,0,3,0,South,2025/2026,MILLBROOK ROAD,ARA MARA HUA,,Minor Crash,No,2026,0,South,0,0,0,Flat,0,,0,,0,Bright sun,244500,1,0,0,2,0,0,0,0,1,,0,0,Auckland Region,Nil,2-way,Sealed,0,0,0,0,50,0,Off,0,0,,76,Auckland,Nil,0,0,0,0,0,0,Urban,0,0,0,Fine,Null
1769935.8206,5917786.512,817069,,522601,0,,1,1,,Null,2025/2026,BUCKLANDS BEACH ROAD,WHITCOMBE ROAD,,Minor Crash,No,2026,,North,,0,,Flat,,,,,,Bright sun,676402,1,0,0,2,,,0,,,,,,Auckland Region,Nil,1-way,Sealed,,0,0,,50,,Off,0,0,,76,Auckland,Give way,,,,,0,0,Urban,0,,,Fine,Null
1772663.8414,5895854.8788,817076,,525410,0,,0,2,,Null,2024/2025,NELSON STREET,EAST STREET,,Minor Crash,No,2025,,East,,0,,Flat,,,,,,Overcast,792301,1,0,0,2,,,0,,,,,,Auckland Region,Nil,2-way,Sealed,,0,0,,50,,On,0,0,,76,Auckland,Give way,,,,,0,0,Urban,0,,,Light rain,Null
1757078.2444,5918205.8687,817085,,518101,0,0,0,2,0,South,2025/2026,MARY STREET,ENFIELD STREET,,Non-Injury Crash,No,2025,0,North,0,0,0,Flat,0,,0,,0,Bright sun,542800,0,0,0,2,0,0,0,0,1,1,0,0,Auckland Region,Nil,2-way,Sealed,0,0,0,0,50,0,None,0,0,,76,Auckland,Nil,0,0,0,0,0,0,Urban,0,0,0,Fine,Null
1755651.5333,5935910.6208,817113,25,507000,0,0,0,2,0,Null,2025/2026,FIRTH ROAD,DEEP CREEK ROAD,,Minor Crash,No,2025,0,East,0,0,0,Hill Road,0,,0,,0,Dark,163600,2,0,0,2,0,0,0,0,0,,0,0,Auckland Region,Nil,2-way,Sealed,1,0,0,0,50,0,On,0,0,,76,Auckland,Give way,0,0,0,0,0,0,Urban,0,0,0,Fine,Null
1748693.9705,5945465.414,817137,,505806,0,,0,2,,North,2025/2026,NORTHERN MOTORWAY,SILVERDALE OBR,,Minor Crash,Yes,2025,,South,,0,,Flat,,,,,,Bright sun,176604,1,0,0,2,,,0,,,,,,Auckland Region,Overpass,1-way,Sealed,,0,0,,100,,Off,0,0,,76,Auckland,Nil,,,,,0,0,Open,0,,,Fine,Null
1756946.5319,5926307.5446,817145,,507900,0,0,0,1,0,South,2025/2026,ESMONDE ROAD OFF RAMP,NORTHERN MOTORWAY,,Serious Crash,No,2025,0,South,0,0,0,Hill Road,1,,0,,0,Bright sun,304000,0,0,0,3,0,0,0,0,0,,0,0,Auckland Region,Motorway ramp,1-way,Sealed,0,0,1,0,100,0,Off,0,0,,76,Auckland,Nil,0,0,0,0,0,0,Open,0,0,0,Fine,Null
1765673.123,5901422.9082,817154,,524604,0,,0,2,,Null,2025/2026,ROSCOMMON ROAD,BROWNS ROAD,,Non-Injury Crash,No,2025,,South,,0,,Flat,,,,,,Dark,781302,0,0,0,1,,,0,,,,,,Auckland Region,Nil,1-way,Sealed,,0,0,,50,,On,0,0,,76,Auckland,Give way,,,,,0,0,Urban,0,,,Light rain,Null
1760832.9967,5913485.8232,817170,,519500,0,,0,4,,North,2025/2026,ROCKFIELD ROAD,EDMONTON AVENUE,,Non-Injury Crash,No,2025,,South,,0,,Flat,,,,,,Twilight,620900,0,0,0,2,,,0,,,,,,Auckland Region,Nil,2-way,Sealed,,0,0,,50,,On,0,0,,76,Auckland,Nil,,,,,0,0,Urban,0,,,Fine,Null
1758889.1431,5919066.109,817176,,515902,0,,0,2,,Null,2025/2026,CLAYBROOK ROAD,PARNELL ROAD,,Non-Injury Crash,No,2025,,South,,0,,Null,,,,,,Bright sun,451600,0,0,0,2,,,0,,,,,,Auckland Region,Nil,2-way,Sealed,,0,0,,50,,Null,0,0,,76,Auckland,Give way,,,,,0,0,Urban,0,,,Fine,Null
1737459.4908,5981834.7916,817184,,505300,0,0,0,0,0,North,2025/2026,CENTENNIAL PARK ROAD,FLAGSTAFFE ROAD,,Non-Injury Crash,No,2025,0,North,1,0,0,Flat,0,,0,,0,Bright sun,143600,0,0,0,2,0,0,0,0,0,,0,0,Auckland Region,Nil,2-way,Sealed,0,0,0,0,50,0,None,0,0,,76,Auckland,Nil,0,0,0,0,0,0,Urban,1,0,0,Fine,Null
1761004.5832,5907293.8574,817185,,524520,0,0,0,1,0,Null,2025/2026,ROBERTSON ROAD,BADER DRIVE,,Non-Injury Crash,No,2025,0,West,0,0,0,Flat,0,,0,,0,Bright sun,736101,0,0,0,2,0,0,0,0,0,,0,1,Auckland Region,Nil,2-way,Sealed,0,0,0,0,50,0,Off,0,0,,76,Auckland,Give way,0,0,0,0,0,0,Urban,0,0,0,Fine,Null
1763999.4616,5904326.3938,817199,,522100,0,,0,2,,North,2025/2026,SOUTH-WESTERN MOTORWAY,PUHINUI UNDERPASS,,Minor Crash,Yes,2025,,South,,0,,Flat,,,,,,Overcast,781001,3,0,0,2,,,0,,,,,,Auckland Region,Bridge,1-way,Sealed,,0,0,,100,,Off,0,0,,76,Auckland,Nil,,,,,0,0,Open,0,,,Light rain,Frost
1772792.1156,5896101.6152,817207,,525410,0,,0,2,,West,2024/2025,WOOD STREET,GREAT SOUTH ROAD,,Non-Injury Crash,No,2025,,West,,0,,Flat,,,,,,Bright sun,792100,0,0,0,2,,,0,,,,,,Auckland Region,Nil,2-way,Sealed,,0,0,,50,,Off,0,0,,76,Auckland,Nil,,,,,0,0,Urban,0,,,Fine,Null
1755889.1104,5935216.2948,817214,,507101,0,0,0,1,0,South,2024/2025,GLEN ROAD,INVERNESS ROAD,,Non-Injury Crash,No,2025,0,North,0,0,0,Flat,0,,0,,0,Overcast,161400,0,0,0,2,0,0,0,0,1,,0,0,Auckland Region,Nil,2-way,Sealed,0,0,0,0,50,0,Off,1,0,,76,Auckland,Nil,0,0,0,0,0,0,Urban,0,0,0,Fine,Null
1753526.6461,5917663.8337,817215,,517800,0,0,0,2,0,South,2025/2026,LINWOOD AVENUE,ST HELENS ENT,,Non-Injury Crash,No,2026,0,South,0,0,0,Flat,0,,0,,0,Dark,525800,0,0,0,2,0,0,0,0,1,,0,0,Auckland Region,Nil,2-way,Sealed,0,0,0,0,50,0,On,0,0,,76,Auckland,Nil,0,0,0,0,0,0,Urban,0,0,0,Fine,Null
1748652.7014,5942627.1371,817229,,505806,0,,0,0,,North,2024/2025,NORTHERN MOTORWAY,WILKS OBR,,Non-Injury Crash,Yes,2025,,South,,0,,Flat,,,,,,Twilight,176802,0,0,0,2,,,0,,,,,,Auckland Region,Nil,1-way,Sealed,,0,0,,100,,On,0,0,,76,Auckland,Nil,,,,,0,0,Open,4,,,Fine,Null
1760865.5093,5918153.7395,817236,,516201,0,0,0,1,0,Null,2024/2025,MANAWA ROAD,LINGARTH STREET,,Non-Injury Crash,No,2025,0,West,0,0,0,Hill Road,0,,0,,0,Overcast,485900,0,0,0,2,0,0,0,0,0,,0,1,Auckland Region,Nil,2-way,Sealed,0,0,0,0,50,0,Off,0,0,,76,Auckland,Give way,0,0,0,0,0,0,Urban,0,0,0,Fine,Null
1770455.6767,5904579.2256,817250,,523820,0,,0,2,,Null,2024/2025,REDOUBT ROAD,MURPHYS ROAD,,Non-Injury Crash,No,2024,,East,,0,,Null,,,,,,Unknown,760000,0,0,0,2,,,0,,,,,,Auckland Region,Nil,2-way,Null,,0,0,,60,,Null,0,0,,76,Auckland,Give way,,,,,0,0,Urban,0,,,Null,Null
1744432.2892,5955373.4252,817264,,506613,0,0,0,0,0,South,2024/2025,KRIPPNER ROAD,WENZ BAYER ROAD,,Minor Crash,No,2025,0,North,0,0,0,Hill Road,0,,0,,0,Dark,146902,1,0,0,2,0,0,0,1,0,,0,0,Auckland Region,Nil,2-way,Unsealed,0,0,0,0,100,0,None,1,0,,76,Auckland,Nil,0,0,0,0,0,0,Open,0,0,0,Fine,Null
1756909.0567,5919160.8441,817265,,514200,0,,0,2,,Null,2025/2026,UPPER QUEEN STREET,IAN MCKINNON DRIVE,,Non-Injury Crash,No,2026,,South,,0,,Hill Road,,,,,,Bright sun,412900,0,0,0,4,,,0,,,,,,Auckland Region,Nil,2-way,Sealed,,0,0,,50,,Off,0,0,,76,Auckland,Traffic Signals,,,,,0,0,Urban,0,,,Fine,Null
1744728.657,5893588.8504,817272,,521151,0,0,0,1,1,North,2024/2025,AWHITU ROAD,BROOK ROAD,,Non-Injury Crash,No,2024,0,North,0,0,0,Flat,0,Labour Weekend,0,,0,Bright sun,829500,0,0,0,2,0,0,0,0,0,,0,0,Auckland Region,Nil,2-way,Sealed,0,0,0,0,80,0,None,0,0,,76,Auckland,Nil,0,0,0,0,0,0,Open,0,0,0,Fine,Null
1743671.1083,5919389.1264,817281,,513212,0,,0,2,,Null,2025/2026,DON BUCK ROAD,UNIVERSAL DRIVE,,Non-Injury Crash,No,2025,,South,,0,,Flat,,Labour Weekend,,,,Bright sun,235600,0,0,0,2,,,0,,,,,,Auckland Region,Nil,1-way,Sealed,,0,0,,50,,Null,0,0,,76,Auckland,Give way,,,,,0,0,Urban,0,,,Fine,Null
1753978.5985,5914124.0626,817288,,518802,0,0,0,1,0,North,2024/2025,SH 20,MAIORO STREET ON RAMP,,Non-Injury Crash,Yes,2024,0,South,0,0,0,Flat,1,,0,,0,Twilight,579000,0,0,0,3,0,0,0,0,0,,0,0,Auckland Region,Nil,1-way,Sealed,0,0,0,0,100,0,On,0,0,,76,Auckland,Nil,0,0,0,0,0,0,Open,0,0,0,Fine,Null
1765956.8706,5905056.3953,817297,,522400,0,0,0,1,0,East,2025/2026,PUHINUI ROAD,YORK ROAD,,Non-Injury Crash,No,2026,0,East,0,0,0,Flat,0,,0,,0,Dark,672101,0,0,0,2,0,0,0,0,0,,0,1,Auckland Region,Nil,2-way,Sealed,0,0,0,0,50,0,On,0,0,,76,Auckland,Nil,0,0,0,0,0,0,Urban,0,0,0,Fine,Null
1762421.378,5913216.8675,817298,,520500,0,,0,1,,Null,2024/2025,SOUTH-EASTERN HWY ON RAMP,SOUTHERN MOTORWAY,,Non-Injury Crash,No,2024,,North,,0,,Flat,,,,,,Overcast,637200,0,0,0,2,,,0,,,,,,Auckland Region,Nil,1-way,Sealed,,0,0,,80,,Off,0,0,,76,Auckland,Nil,,,,,1,0,Open,0,,,Fine,Null
1747968.9324,5912499.2104,817335,,511902,0,,0,1,,Null,2024/2025,TITIRANGI ROAD,PLEASANT ROAD,,Minor Crash,No,2025,,North,,0,,Flat,,,,,,Dark,292103,1,0,0,3,,,0,,,,,,Auckland Region,Nil,2-way,Sealed,,0,0,,50,,On,1,0,,76,Auckland,Traffic Signals,,,,,0,0,Urban,0,,,Light rain,Null
1760596.0275,5908465.5557,817336,,524403,0,,0,2,,Null,2025/2026,ROBERTSON ROAD,WAKEFIELD ROAD,,Minor Crash,No,2026,,South,,0,,Flat,,,,,,Bright sun,729903,1,0,0,2,,,0,,,,,,Auckland Region,Nil,2-way,Sealed,,0,0,,50,,Off,0,0,,76,Auckland,Give way,,,,,0,0,Urban,0,,,Fine,Null
1768905.2358,5882152.6084,817343,,525910,0,0,0,0,0,West,2024/2025,SEDDON STREET,EDINBURGH STREET,,Non-Injury Crash,No,2025,0,East,0,0,0,Flat,0,,0,,1,Dark,818101,0,0,0,2,0,0,0,0,0,,0,1,Auckland Region,Nil,2-way,Sealed,0,0,0,0,50,0,On,1,0,30,76,Auckland,Nil,0,0,0,0,0,0,Urban,0,0,0,Fine,Null
1761984.707,5913410.5405,817344,,519500,0,0,0,1,0,Null,2025/2026,GREAT SOUTH ROAD,PENROSE ROAD,,Non-Injury Crash,No,2025,0,East,0,0,0,Flat,0,,0,,0,Bright sun,621500,0,0,0,4,0,0,0,0,0,,0,0,Auckland Region,Nil,2-way,Sealed,0,0,0,0,50,0,Off,0,0,,76,Auckland,Traffic Signals,0,0,0,0,1,0,Urban,0,1,0,Fine,Null
1769596.7687,5901903.4323,817359,,523814,0,,0,2,,North,2025/2026,HILL ROAD-MANUREWA OFF RAMP,HILL ROAD,,Non-Injury Crash,No,2025,,South,,0,,Null,,Christmas New Year,,,,Bright sun,760702,0,0,0,2,,,0,,,,,,Auckland Region,Motorway ramp,1-way,Sealed,,0,0,,50,,Null,0,0,,76,Auckland,Nil,,,,,0,0,Urban,0,,,Fine,Null
1758948.7144,5907127.2148,817374,,524200,0,0,0,2,0,South,2024/2025,KIRKBRIDE ROAD,IDLEWILD AVENUE,,Minor Crash,No,2025,0,South,0,0,0,Flat,0,,0,,0,Bright sun,726300,1,0,0,2,0,0,0,0,1,,0,0,Auckland Region,Nil,2-way,Sealed,0,0,0,0,50,0,Off,1,0,,76,Auckland,Nil,0,0,0,0,0,0,Urban,1,0,0,Fine,Null
1746867.1986,5919855.0363,817375,,512402,0,,0,3,,West,2024/2025,NORTH-WESTERN MOTORWAY,TE ATATU ROAD ON RAMP,,Non-Injury Crash,Yes,2025,,West,,0,,Flat,,,,,,Bright sun,252300,0,0,0,3,,,0,,,,,,Auckland Region,Motorway ramp,1-way,Sealed,,0,0,,100,,Off,0,0,,76,Auckland,Nil,,,,,0,0,Open,0,,,Fine,Null
1755429.4662,5932318.9452,817382,,508805,0,,0,1,,North,2025/2026,EAST COAST ROAD,MAXWELTON DRIVE,,Non-Injury Crash,No,2026,,South,,0,,Flat,,,,,,Dark,151101,0,0,0,4,,,0,,,,,,Auckland Region,Nil,2-way,Sealed,,0,0,,50,,On,1,0,,76,Auckland,Nil,,,,,0,0,Urban,0,,,Fine,Null
1759037.864,5911794.917,817389,,519820,0,,1,0,,Null,2023/2024,NEILSON STREET ,ONEHUNGA MALL,,Non-Injury Crash,No,2024,,East,,0,,Flat,,,,,,Dark,602300,0,0,0,4,,,0,,,,,,Auckland Region,Nil,2-way,Sealed,,0,0,,50,,On,1,0,,76,Auckland,Traffic Signals,,,,,0,0,Urban,0,,,Light rain,Null
1772110.073,5893926.8555,817391,,525530,0,,0,3,,South,2024/2025,SOUTHERN MOTORWAY,PARK ESTATE OBR,,Non-Injury Crash,Yes,2025,,South,,0,,Flat,,,,,,Overcast,808602,0,0,0,2,,,0,,,,,,Auckland Region,Nil,1-way,Sealed,,0,0,,100,,Off,0,0,,76,Auckland,Nil,,,,,0,0,Open,0,,,Fine,Null
1753100.1019,5915096.721,817404,,517903,0,,0,1,,Null,2023/2024,RICHARDSON ROAD,HENDON AVENUE,,Non-Injury Crash,No,2024,,South,,0,,Flat,,,,,,Bright sun,518100,0,0,0,2,,,0,,,,,,Auckland Region,Nil,2-way,Sealed,,0,0,,50,,Off,0,0,,76,Auckland,Traffic Signals,,,,,0,0,Urban,0,,,Fine,None
1756090.8073,5923547.0987,817405,,509800,0,,0,1,,North,2024/2025,NORTHERN MOTORWAY,HARBOUR BR N,,Non-Injury Crash,Yes,2025,,South,,0,,Flat,,,,,,Bright sun,359100,0,0,0,2,,,0,,,,,,Auckland Region,Nil,1-way,Sealed,,0,0,,80,,Off,0,0,,76,Auckland,Nil,,,,,1,0,Open,0,,,Fine,Null
1765421.5801,5909015.8273,817412,,523403,0,,0,2,,South,2025/2026,SOUTHERN MOTORWAY,HIGHBROOK DRIVE ON RAMP,,Non-Injury Crash,Yes,2025,,North,,0,,Flat,,,,,,Overcast,700200,0,0,0,3,,,0,,,,,,Auckland Region,Nil,1-way,Sealed,,0,0,,100,,Off,1,0,,76,Auckland,Nil,,,,,0,0,Open,0,,,Heavy rain,Null
1763323.8021,5912763.2132,817434,,520500,0,0,0,1,0,West,2025/2026,SOUTH-EASTERN HIGHWAY,SH1 OBR,,Non-Injury Crash,No,2026,0,East,0,0,0,Flat,1,,0,,0,Twilight,637300,0,0,0,2,0,0,0,0,0,,0,0,Auckland Region,Underpass,1-way,Sealed,0,0,0,0,80,0,None,0,0,,76,Auckland,Nil,0,0,0,0,0,0,Open,0,0,0,Fine,Null
1747141.9757,5914057.8995,817448,,511100,0,0,0,0,0,North,2024/2025,GLENVIEW ROAD,WAIKUMETE ROAD,,Non-Injury Crash,No,2025,0,South,0,0,1,Flat,0,,0,,1,Dark,285500,0,0,0,2,0,0,0,0,0,,1,0,Auckland Region,Nil,2-way,Sealed,0,0,0,0,50,0,On,0,0,,76,Auckland,Nil,0,0,0,0,0,0,Urban,0,0,0,Fine,Null
1757441.6641,5918745.7469,817471,,514302,0,0,0,3,0,Null,2024/2025,SOUTHERN MOTORWAY,SOUTHERN TO PORT LINK,,Minor Crash,Yes,2025,0,North,0,0,0,Flat,1,Easter,0,,0,Dark,442500,1,0,0,5,0,0,0,0,0,,0,0,Auckland Region,Nil,1-way,Sealed,0,0,0,0,80,0,On,0,0,,76,Auckland,Nil,0,0,0,0,0,0,Open,1,0,0,Light rain,Strong wind
1758262.9969,5916805.9575,817472,,519200,1,0,0,0,0,South,2025/2026,MANUKAU ROAD,DOMETT AVENUE,,Serious Crash,No,2025,0,South,0,0,0,Flat,0,,0,,0,Bright sun,614301,0,0,0,4,0,0,0,0,1,,0,0,Auckland Region,Nil,2-way,Sealed,0,0,1,0,50,0,Off,1,0,,76,Auckland,Nil,0,0,0,0,0,0,Urban,0,0,0,Fine,Null
1758359.8791,5913375.0946,817480,,519710,0,0,0,2,0,East,2024/2025,MOUNT SMART ROAD,MANUKAU ROAD,,Non-Injury Crash,No,2025,0,West,0,0,0,Flat,0,,0,,0,Bright sun,595200,0,0,0,2,0,0,0,0,1,,0,0,Auckland Region,Nil,2-way,Sealed,0,0,0,0,50,0,Null,0,0,,76,Auckland,Nil,0,0,0,0,0,0,Urban,0,0,0,Fine,Null
1766717.3161,5905714.4853,817530,15,522400,0,0,0,3,0,South,2024/2025,BUCKINGHAM CRESCENT,ALLENBY ROAD,,Non-Injury Crash,No,2025,0,South,0,0,0,Flat,0,,0,,0,Dark,671100,0,0,0,2,0,0,0,0,1,,0,0,Auckland Region,Nil,2-way,Sealed,0,0,0,0,50,0,On,0,0,30,76,Auckland,Nil,0,0,0,0,0,0,Urban,0,0,0,Light rain,Null
1765300.9738,5909350.6725,817539,,521803,0,,0,3,,North,2024/2025,SOUTHERN MOTORWAY,TAMAKI RIV BR,,Non-Injury Crash,Yes,2025,,South,,0,,Flat,,,,,,Twilight,788500,0,0,0,4,,,0,,,,,,Auckland Region,Nil,1-way,Sealed,,0,0,,100,,On,0,0,,76,Auckland,Nil,,,,,0,0,Open,0,,,Fine,Null