X,Y,OBJECTID,advisorySpeed,areaUnitID,bicycle,bridge,bus,carStationWagon,cliffBank,crashDirectionDescription,crashFinancialYear,crashLocation1,crashLocation2,crashRoadSideRoad,crashSeverity,crashSHDescription,crashYear,debris,directionRoleDescription,ditch,fatalCount,fence,flatHill,guardRail,holiday,houseOrBuilding,intersection,kerb,light,meshblockId,minorInjuryCount,moped,motorcycle,NumberOfLanes,objectThrownOrDropped,otherObject,otherVehicleType,overBank,parkedVehicle,pedestrian,phoneBoxEtc,postOrPole,region,roadCharacter,roadLane,roadSurface,roadworks,schoolBus,seriousInjuryCount,slipOrFlood,speedLimit,strayAnimal,streetLight,suv,taxi,temporarySpeedLimit,tlaId,tlaName,trafficControl,trafficIsland,trafficSign,train,tree,truck,unknownVehicleType,urban,vanOrUtility,vehicle,waterRiver,weatherA,weatherB
1755309.0622,5918243.6893,817545,,517500,0,,0,1,,West,2024/2025,NORTH-WESTERN MOTORWAY,BOND OBR,,Non-Injury Crash,Yes,2025,,West,,0,,Flat,,,,,,Overcast,529900,0,0,1,4,,,0,,,,,,Auckland Region,Nil,1-way,Sealed,,0,0,,80,,Off,0,0,,76,Auckland,Nil,,,,,0,0,Open,0,,,Fine,Null
1765605.7214,5908557.916,817546,,523403,0,,0,1,,North,2024/2025,SOUTHERN MOTORWAY,HIGHBROOK DRIVE OFF RAMP,,Non-Injury Crash,Yes,2025,,North,,0,,Flat,,,,,,Dark,700100,0,0,0,3,,,0,,,,,,Auckland Region,Nil,1-way,Sealed,,0,0,,100,,On,0,0,,76,Auckland,Nil,,,,,0,0,Open,1,,,Fine,Null
1748531.3125,5914686.5276,817552,,511700,0,0,0,1,0,South,2025/2026,KELWYN ROAD,ARCHLYNN ROAD,,Non-Injury Crash,No,2025,0,North,0,0,0,Flat,0,,0,,0,Bright sun,270100,0,0,0,2,0,0,0,0,1,,0,0,Auckland Region,Speed hump,2-way,Sealed,0,0,0,0,30,0,None,1,0,,76,Auckland,Nil,0,0,0,0,0,0,Urban,0,0,0,Fine,Null
1757804.2782,5883392.439,817554,,521152,0,0,0,1,0,North,2025/2026,GLENBROOK ROAD,CONROY ROAD,,Minor Crash,No,2025,0,South,0,0,0,Hill Road,0,,0,,0,Dark,834503,1,0,0,3,0,0,0,0,0,,0,0,Auckland Region,Nil,2-way,Sealed,0,0,0,0,80,0,None,0,0,,76,Auckland,Nil,0,0,0,1,0,0,Open,0,0,0,Mist or Fog,Null
1762644.3236,5905754.6247,817561,,524200,0,,0,1,,North,2024/2025,SOUTH-WESTERN MOTORWAY,PORTAGE OBR,,Non-Injury Crash,Yes,2025,,North,,0,,Flat,,,,,,Overcast,729100,0,0,0,2,,,0,,,,,,Auckland Region,Nil,1-way,Unsealed,,0,0,,100,,Off,0,0,,76,Auckland,Nil,,,,,1,0,Open,0,,,Fine,Null
1771493.8869,5895189.3404,817567,,525530,0,,0,1,,South,2025/2026,SOUTHERN MOTORWAY,BEACH OBR,,Non-Injury Crash,Yes,2025,,South,,0,,Flat,,,,,,Bright sun,804901,0,0,0,3,,,0,,,,,,Auckland Region,Nil,1-way,Sealed,,0,0,,100,,Off,0,0,,76,Auckland,Nil,,,,,0,0,Open,2,,,Fine,Null
1744032.2189,5924075.6032,817575,,513431,0,,0,1,,Null,2025/2026,HOBSONVILLE ROAD,HOBSONVILLE ROAD ON RAMP,,Serious Crash,No,2025,,East,,0,,Flat,,Christmas New Year,,,,Overcast,223903,0,0,0,2,,,0,,,1,,,Auckland Region,Motorway ramp,1-way,Sealed,,0,1,,50,,Off,0,0,,76,Auckland,Traffic Signals,,,,,0,0,Urban,0,,,Fine,Null
1745393.2392,5916248.5188,817634,,510800,0,0,0,1,0,North,2025/2026,RAILSIDE AVENUE,BRUCE MCLAREN ROAD,,Minor Crash,No,2026,0,South,0,0,0,Flat,1,,1,,0,Bright sun,244600,1,0,0,2,0,0,0,0,0,,0,1,Auckland Region,Nil,2-way,Sealed,0,0,0,0,50,0,None,0,0,,76,Auckland,Nil,0,1,0,1,0,0,Urban,1,0,0,Fine,Null
1771490.051,5899322.6767,817640,,523911,0,0,0,2,0,West,2025/2026,MANUROA ROAD,PORCHESTER ROAD,,Non-Injury Crash,No,2025,0,East,0,0,0,Null,0,,0,,0,Bright sun,767002,0,0,0,2,0,0,0,0,1,,0,0,Auckland Region,Nil,2-way,Sealed,0,0,0,0,50,0,Null,0,0,,76,Auckland,Nil,0,0,0,0,0,0,Urban,0,0,0,Fine,Null
1770981.1897,5914255.086,817657,,521602,0,0,0,2,0,South,2025/2026,UNION ROAD,BOTANY ROAD,,Minor Crash,No,2025,0,South,0,0,0,Flat,0,Christmas New Year,0,,0,Overcast,647704,3,0,0,2,0,0,0,0,1,,0,0,Auckland Region,Nil,2-way,Sealed,0,0,0,0,50,0,Off,0,0,,76,Auckland,Nil,0,0,0,0,0,0,Urban,0,0,0,Fine,Null
1756310.5216,5919023.2114,817658,,515500,0,,0,1,,South,2025/2026,NEWTON ROAD OFF RAMP,NEWTON ROAD,,Non-Injury Crash,No,2025,,North,,0,,Null,,,,,,Bright sun,417600,0,0,0,2,,,0,,,,,,Auckland Region,Nil,1-way,Sealed,,0,0,,50,,Null,0,0,,76,Auckland,Nil,,,,,0,1,Urban,0,,,Fine,Null
1746762.5583,5917608.1541,817664,,512500,0,,1,2,,Null,2025/2026,TE ATATU ROAD,MCLEOD ROAD,,Non-Injury Crash,No,2026,,North,,0,,Hill Road,,,,,,Overcast,258200,0,0,0,3,,,0,,,,,,Auckland Region,Nil,2-way,Sealed,,0,0,,50,,Off,0,1,,76,Auckland,Traffic Signals,,,,,0,0,Urban,0,,,Fine,Null
1746741.5498,5917350.4495,817665,,512500,0,,0,2,,Null,2025/2026,TE ATATU ROAD,DIVICH AVENUE,,Minor Crash,No,2025,,South,,0,,Flat,,,,,,Bright sun,257601,2,0,0,2,,,0,,,,,,Auckland Region,Nil,2-way,Sealed,,0,0,,50,,Off,0,0,,76,Auckland,Give way,,,,,0,0,Urban,0,,,Fine,Null
1767272.8198,5905952.9856,817672,,522302,0,0,0,2,0,North,2024/2025,CASPAR ROAD,ESPERANTO ROAD,,Non-Injury Crash,No,2025,0,South,0,0,0,Flat,0,Easter,0,,0,Dark,670901,0,0,0,2,0,0,0,0,1,,0,0,Auckland Region,Nil,2-way,Sealed,0,0,0,0,50,0,On,0,0,,76,Auckland,Nil,0,0,0,0,0,0,Urban,0,0,0,Fine,Null
1756611.223,5912847.5447,817681,,518701,0,,0,0,,Null,2025/2026,HILLSBOROUGH ROAD OFF RAMP,HILLSBOROUGH ROAD,,Minor Crash,No,2025,,East,,0,,Flat,,,,,,Bright sun,569000,1,0,0,2,,,0,,,,,,Auckland Region,Motorway ramp,1-way,Sealed,,0,0,,50,,Off,1,0,,76,Auckland,Traffic Signals,,,,,0,0,Urban,1,,,Fine,Null
1748563.8048,5945401.7799,817682,,506201,0,,0,2,,Null,2024/2025,DAIRY FLAT HIGHWAY,SILVERDALE ON RAMP,,Non-Injury Crash,No,2025,,North,,0,,Flat,,,,,,Twilight,176700,0,0,0,2,,,0,,,,,,Auckland Region,Nil,1-way,Sealed,,0,0,,60,,On,0,0,,76,Auckland,Give way,,,,,0,0,Urban,0,,,Fine,Null
1764948.201,5917887.1274,817688,,517001,0,0,0,2,0,South,2025/2026,APIRANA AVENUE,CASTLEDINE CRESCENT,,Non-Injury Crash,No,2025,0,South,0,0,0,Hill Road,0,,0,,0,Dark,463901,0,0,0,2,0,0,0,0,1,,0,1,Auckland Region,Nil,2-way,Sealed,0,0,0,0,50,0,On,0,0,,76,Auckland,Nil,0,0,0,0,0,0,Urban,0,0,0,Fine,Null
1744027.2416,5923491.6252,817689,,513511,0,0,0,2,0,North,2025/2026,WESTGATE DRIVE,TIHEMA LANE,,Non-Injury Crash,No,2026,0,South,0,0,0,Null,0,,0,,0,Bright sun,224303,0,0,0,2,0,0,0,0,1,,0,0,Auckland Region,Nil,2-way,Sealed,0,0,0,0,50,0,Null,0,0,,76,Auckland,Nil,0,0,0,0,0,0,Urban,0,0,0,Fine,Null
1754871.3515,5914237.5584,817690,,518803,0,,0,2,,Null,2025/2026,MAY ROAD,MEMORIAL AVENUE,,Non-Injury Crash,No,2025,,South,,0,,Flat,,,,,,Bright sun,580000,0,0,0,2,,,0,,,,,,Auckland Region,Nil,2-way,Sealed,,0,0,,50,,Off,0,0,30,76,Auckland,Nil,,,,,0,0,Urban,0,,,Fine,Null
1755458.7272,5928267.8635,817696,,507900,0,,0,2,,South,2025/2026,ARCHERS ROAD,POLAND ROAD,,Non-Injury Crash,No,2025,,West,,0,,Hill Road,,,,,,Dark,305100,0,0,0,3,,,0,,,,,,Auckland Region,Nil,2-way,Sealed,,0,0,,50,,On,0,0,,76,Auckland,Nil,,,,,0,0,Urban,0,,,Fine,Null
1751577.6921,5914791.4299,817698,,514401,0,,0,2,,Null,2025/2026,BLOCKHOUSE BAY ROAD,CHALMERS STREET,,Non-Injury Crash,No,2025,,South,,0,,Null,,,,,,Dark,382903,0,0,0,3,,,0,,,,,,Auckland Region,Nil,2-way,Sealed,,0,0,,50,,On,0,0,,76,Auckland,Traffic Signals,,,,,0,0,Urban,0,,,Fine,Null
1740128.1535,5976810.9273,817706,,506660,0,0,0,1,1,West,2025/2026,SH 1,WAITARAIRE BR,,Minor Crash,Yes,2025,0,North,0,0,0,Flat,1,,0,,0,Bright sun,136700,2,0,0,3,0,0,0,0,0,,0,0,Auckland Region,Nil,2-way,Sealed,0,0,0,0,80,0,None,0,0,,76,Auckland,Nil,0,0,0,0,0,0,Open,0,0,0,Fine,Null
1756607.1609,5920706.2801,817727,,514102,0,,0,1,,South,2025/2026,HALSEY STREET,FANSHAWE STREET,,Non-Injury Crash,No,2025,,North,,0,,Null,,,,,,Bright sun,432601,0,0,0,5,,,0,,,,,,Auckland Region,Nil,2-way,Sealed,,0,0,,30,,Null,0,0,,76,Auckland,Nil,,,,,0,0,Urban,1,,,Fine,Null
1770227.069,5911016.8273,817735,,523109,0,0,0,1,0,Null,2024/2025,TE IRIRANGI DRIVE,TOWN CENTRE DRIVE,,Non-Injury Crash,No,2025,0,South,0,0,0,Flat,0,,0,,0,Dark,711709,0,0,0,3,0,0,0,0,0,,0,0,Auckland Region,Nil,1-way,Sealed,0,0,0,0,60,0,On,0,0,,76,Auckland,Traffic Signals,0,1,0,0,0,0,Urban,0,0,0,Fine,Null
1745932.1698,5918703.515,817736,,512500,0,,0,2,,Null,2025/2026,CENTRAL PARK DRIVE,CENTRAL PARK DRIVE,,Non-Injury Crash,No,2025,,North,,0,,Flat,,,,,,Bright sun,257004,0,0,0,2,,,0,,,,,,Auckland Region,Nil,2-way,Sealed,,0,0,,50,,None,0,0,,76,Auckland,Traffic Signals,,,,,0,0,Urban,0,,,Fine,Null
1762022.2745,5913888.1873,817742,,520401,0,,0,1,,North,2025/2026,SOUTHERN MOTORWAY,PENROSE OBR,,Non-Injury Crash,Yes,2025,,South,,0,,Flat,,,,,,Overcast,644300,0,0,0,3,,,0,,,,,,Auckland Region,Nil,1-way,Sealed,,0,0,,100,,On,0,0,,76,Auckland,Nil,,,,,0,1,Open,0,,,Fine,Null
1755620.1083,5919921.0175,817744,,515302,0,0,0,2,0,South,2025/2026,PONSONBY ROAD,FRANKLIN ROAD,,Non-Injury Crash,No,2025,0,North,0,0,0,Null,0,,0,,0,Dark,431100,0,0,0,4,0,0,0,0,1,,0,0,Auckland Region,Nil,2-way,Sealed,0,0,0,0,40,0,Null,0,0,,76,Auckland,Nil,0,0,0,0,0,0,Urban,0,0,0,Fine,Null
1747930.6071,5973900.4924,817750,,506661,0,0,0,1,0,North,2025/2026,GOATLEY ROAD,SH 1,,Non-Injury Crash,No,2025,0,North,0,0,1,Flat,0,,0,,0,Bright sun,138900,0,0,0,2,0,0,0,0,0,,0,0,Auckland Region,Nil,2-way,Sealed,0,0,0,0,100,0,None,0,0,,76,Auckland,Nil,0,0,0,0,0,0,Open,0,0,0,Fine,Null
1757108.1947,5925581.9281,817760,,509702,0,,0,1,,Null,2024/2025,NORTHERN MOTORWAY,ESMONDE ROAD ON RAMP,,Non-Injury Crash,Yes,2025,,South,,0,,Null,,,,,,Twilight,364602,0,0,0,4,,,0,,,,,,Auckland Region,Motorway ramp,1-way,Sealed,,0,0,,100,,Null,0,0,,76,Auckland,Nil,,,,,0,1,Open,0,,,Fine,Null
1756085.9696,5938128.5091,817792,,508900,0,0,0,2,0,Null,2025/2026,TE ONEROA WAY,BEARING PARADE,,Non-Injury Crash,No,2025,0,North,0,0,0,Hill Road,0,,0,,0,Dark,178307,0,0,0,1,0,0,0,0,1,,0,0,Auckland Region,Nil,1-way,Sealed,0,0,0,0,50,0,Off,0,0,,76,Auckland,Give way,1,0,0,0,0,0,Urban,0,0,0,Fine,Null
1765798.3119,5908284.1692,817798,,523402,0,,0,2,,Null,2025/2026,BAIRDS ROAD,HELLABYS ROAD,,Non-Injury Crash,No,2025,,East,,0,,Null,,,,,,Overcast,698900,0,0,0,1,,,0,,,,,,Auckland Region,Nil,1-way,Sealed,,0,0,,50,,Null,0,0,,76,Auckland,Traffic Signals,,,,,0,0,Urban,0,,,Fine,Null
1761282.021,5912021.7558,817799,,519500,0,0,0,1,0,South,2025/2026,NEILSON STREET,RAILFREIGHT ENT,,Serious Crash,No,2025,0,North,0,0,1,Flat,0,,0,,0,Dark,622400,0,0,0,2,0,0,0,0,0,,0,0,Auckland Region,Nil,2-way,Sealed,0,0,1,0,50,0,On,0,0,,76,Auckland,Nil,0,0,0,1,0,0,Urban,0,0,0,Fine,Null
1762985.5137,5919034.9114,817800,,516500,0,0,0,2,0,West,2025/2026,KEPA ROAD,PATTESON AVENUE,,Non-Injury Crash,No,2025,0,North,0,0,0,Flat,0,,0,,0,Dark,502202,0,0,0,2,0,0,0,0,1,,0,0,Auckland Region,Nil,2-way,Sealed,0,0,0,0,50,0,On,0,0,,76,Auckland,Nil,0,0,0,0,0,0,Urban,0,0,0,Fine,Null
1768046.6389,5908791.058,817806,,523502,0,,0,1,,North,2025/2026,PEARL BAKER DRIVE,VALDER AVENUE,,Serious Crash,No,2025,,South,,0,,Flat,,Labour Weekend,,,,Bright sun,702100,0,0,0,2,,,0,,,1,,,Auckland Region,Nil,2-way,Sealed,,0,1,,50,,Off,0,0,,76,Auckland,Nil,,,,,0,0,Urban,0,,,Fine,Null
1766306.1641,5902564.2603,817807,,524604,0,0,0,1,0,West,2025/2026,ASH ROAD,DALGETY DRIVE,,Minor Crash,No,2025,0,West,0,0,0,Flat,0,,0,,0,Overcast,780403,2,0,0,2,0,0,0,0,0,,0,1,Auckland Region,Nil,2-way,Sealed,0,0,0,0,50,0,Off,0,0,,76,Auckland,Nil,0,0,0,0,0,0,Urban,0,0,0,Light rain,Null
1754097.1007,5931373.417,817808,,508805,0,,0,1,,South,2024/2025,NORTHERN MOTORWAY,CONSTELLATION UNDERPASS,,Non-Injury Crash,Yes,2025,,South,,0,,Hill Road,,,,,,Overcast,180826,0,0,0,3,,,0,,,,,,Auckland Region,Nil,1-way,Sealed,,0,0,,100,,Off,1,0,,76,Auckland,Nil,,,,,0,0,Open,0,,,Light rain,Null
1764034.155,5906402.6132,817814,,524303,0,,0,3,,North,2024/2025,STATION ROAD,PEVERILL CRESCENT,,Non-Injury Crash,No,2025,,North,,0,,Flat,,,,,,Dark,657300,0,0,0,2,,,0,,,,,,Auckland Region,Nil,2-way,Sealed,,0,0,,50,,On,0,0,,76,Auckland,Nil,,,,,0,0,Urban,0,,,Light rain,Null
1758850.5428,5918967.931,817822,,515901,0,,0,2,,Null,2024/2025,PARNELL ROAD,AYR STREET,,Non-Injury Crash,No,2025,,East,,0,,Flat,,,,,,Dark,451800,0,0,0,4,,,0,,,,,,Auckland Region,Nil,2-way,Sealed,,0,0,,50,,On,0,0,,76,Auckland,Traffic Signals,,,,,0,0,Urban,0,,,Fine,Null
1763904.4335,5912460.8427,817838,,520500,0,0,0,2,0,South,2025/2026,MOUNT WELLINGTON HIGHWAY,MOUNT WELLINGTON HWY ON RAMP,,Non-Injury Crash,No,2025,0,North,0,0,0,Flat,0,,0,,0,Bright sun,637300,0,0,0,3,0,0,0,0,0,,0,0,Auckland Region,Motorway ramp,2-way,Sealed,0,0,0,0,50,0,Off,0,0,,76,Auckland,Nil,0,1,0,0,0,0,Urban,0,0,0,Fine,Null
1763945.637,5913958.2905,817854,,520303,0,,0,2,,North,2025/2026,MOUNT WELLINGTON HIGHWAY,ROWLANDS AVENUE,,Serious Crash,No,2025,,North,,0,,Hill Road,,,,,,Dark,627600,1,0,0,4,,,0,,,,,,Auckland Region,Nil,2-way,Sealed,,0,1,,50,,On,0,0,,76,Auckland,Nil,,,,,0,0,Urban,0,,,Fine,Null
1765583.2124,5907009.5081,817869,,522301,0,,0,1,,West,2025/2026,EAST TAMAKI ROAD,KELLIHER LANE,,Minor Crash,No,2025,,South,,0,,Flat,,,,,,Twilight,666200,1,0,0,4,,,0,,,3,,,Auckland Region,Nil,2-way,Sealed,,0,0,,50,,On,0,0,,76,Auckland,Nil,,,,,0,0,Urban,0,,,Fine,Null
1772014.6504,5898242.0569,817870,,523912,0,,0,0,,South,2025/2026,PORCHESTER ROAD,WINDFOLA PARKWAY,,Non-Injury Crash,No,2025,,North,,0,,Flat,,,,,,Bright sun,767400,0,0,0,2,,,0,,,,,,Auckland Region,Nil,2-way,Sealed,,0,0,,50,,Off,1,0,,76,Auckland,Nil,,,,,0,0,Urban,0,,,Fine,Null
1718981.073,5950698.6574,817876,,506642,0,,0,1,,North,2024/2025,SOUTH HEAD ROAD,SOUTH HEAD ROAD,,Non-Injury Crash,No,2024,,South,,0,,Hill Road,,,,,,Overcast,210301,0,0,0,2,,,0,,,,,,Auckland Region,Nil,2-way,Sealed,,0,0,,80,,None,0,0,,76,Auckland,Nil,,,,,0,0,Open,1,,,Light rain,Strong wind
1769516.0872,5906475.2963,817878,,523712,0,,0,1,,North,2025/2026,CHAPEL ROAD,MEDVALE AVENUE,,Non-Injury Crash,No,2025,,South,,0,,Flat,,,,,,Dark,713201,0,0,0,2,,,0,,,,,,Auckland Region,Nil,2-way,Sealed,,0,0,,50,,On,0,0,,76,Auckland,Nil,,,,,0,0,Urban,1,,,Fine,Null
1746870.8648,5926172.559,817884,,513432,0,0,0,1,0,Null,2024/2025,HOBSONVILLE ROAD,SINTON ROAD EAST,,Non-Injury Crash,No,2024,0,West,0,0,0,Flat,0,Christmas New Year,0,,0,Bright sun,222901,0,0,0,3,0,0,0,0,0,,0,0,Auckland Region,Nil,2-way,Sealed,0,0,0,0,50,0,Off,0,0,,76,Auckland,Traffic Signals,0,1,0,0,0,0,Urban,0,0,0,Fine,Null
1744653.727,5918030.9769,817885,,510700,0,,0,0,,West,2025/2026,SWANSON ROAD,STURGES ROAD,,Non-Injury Crash,No,2025,,West,,0,,Null,,,,,,Overcast,238804,0,0,0,2,,,0,,,,,,Auckland Region,Nil,2-way,Sealed,,0,0,,50,,Null,1,0,,76,Auckland,Nil,,,,,0,0,Urban,0,,,Light rain,Null
1769778.8612,5912933.864,817901,,523105,0,,0,2,,Null,2025/2026,CASCADES ROAD,LOCHEND PLACE,,Minor Crash,No,2026,,East,,0,,Flat,,,,,,Bright sun,711139,1,0,0,2,,,0,,,,,,Auckland Region,Nil,2-way,Sealed,,0,0,,60,,Off,0,0,,76,Auckland,Give way,,,,,0,0,Urban,0,,,Fine,Null
1758412.8007,5926597.4773,817908,,508020,0,,0,1,,Null,2025/2026,LAKE ROAD,ESMONDE ROAD,,Non-Injury Crash,No,2026,,South,,0,,Null,,,,,,Overcast,325300,0,0,0,2,,,0,,,,,,Auckland Region,Nil,2-way,Sealed,,0,0,,50,,Null,0,0,,76,Auckland,Traffic Signals,,,,,0,1,Urban,0,,,Null,Null
1772462.3478,5899330.7873,817909,,523911,0,0,0,0,0,East,2025/2026,AIRFIELD ROAD,AMOKURA AVENUE,,Non-Injury Crash,No,2026,0,East,0,0,1,Flat,0,,0,,0,Overcast,767204,0,0,0,2,0,0,0,0,0,,0,0,Auckland Region,Nil,2-way,Sealed,0,0,0,0,60,0,Null,0,0,,76,Auckland,Nil,0,0,0,0,0,0,Urban,1,0,0,Fine,Null
1755009.1198,5933578.5533,817918,,507200,0,,0,2,,East,2024/2025,BROWNS BAY ROAD,EAST COAST ROAD,,Non-Injury Crash,No,2025,,East,,0,,Hill Road,,,,,,Bright sun,156507,0,0,0,2,,,0,,,,,,Auckland Region,Nil,2-way,Sealed,,0,0,,50,,Off,0,0,,76,Auckland,Nil,,,,,0,0,Urban,0,,,Fine,Null
1756164.4394,5924041.313,817924,,509800,0,,0,0,,North,2025/2026,NORTHERN MOTORWAY,WEIGH BRIDGE,,Non-Injury Crash,Yes,2025,,South,,0,,Flat,,,,,,Overcast,361100,0,0,0,5,,,0,,,,,,Auckland Region,Nil,1-way,Sealed,,0,0,,80,,On,2,1,,76,Auckland,Nil,,,,,0,0,Open,0,,,Fine,Strong wind
1762975.0999,5914999.5624,817925,,520401,0,0,0,1,0,West,2025/2026,ELLERSLIE-PANMURE HIGHWAY,STANHOPE ROAD,,Non-Injury Crash,No,2025,0,West,0,0,0,Flat,0,,0,,0,Bright sun,644000,0,0,0,4,0,0,0,0,0,,1,0,Auckland Region,Nil,2-way,Sealed,0,0,0,0,50,0,Off,0,0,40,76,Auckland,Nil,0,0,0,0,0,0,Urban,0,0,0,Fine,Null
1751095.1549,5932783.5838,817931,,508807,0,0,0,1,0,North,2024/2025,ALBANY HIGHWAY,PRINCETON PARADE,,Non-Injury Crash,No,2025,0,South,0,0,0,Flat,0,,0,,0,Twilight,180202,0,0,0,4,0,0,0,0,0,,0,1,Auckland Region,Nil,2-way,Sealed,0,0,0,0,50,0,Off,0,0,,76,Auckland,Nil,0,0,0,0,0,0,Urban,0,0,0,Fine,Null
1749557.8812,5945457.8407,817940,,505806,0,,0,0,,Null,2025/2026,EAST COAST ROAD,TAVERN ROAD,,Minor Crash,No,2026,,South,,0,,Hill Road,,Christmas New Year,,,,Overcast,176802,1,0,1,3,,,0,,,,,,Auckland Region,Nil,2-way,Sealed,,0,0,,50,,Off,0,0,,76,Auckland,Traffic Signals,,,,,0,0,Urban,0,,,Fine,Null
1770261.5469,5916883.486,817954,,522604,0,0,0,2,0,West,2025/2026,BUCKLANDS BEACH ROAD,OLIVER ROAD,,Non-Injury Crash,No,2025,0,East,0,0,0,Flat,0,,0,,0,Bright sun,677400,0,0,0,2,0,0,0,0,1,,0,0,Auckland Region,Nil,2-way,Sealed,0,0,0,0,50,0,None,0,0,,76,Auckland,Nil,0,0,0,0,0,0,Urban,0,0,0,Fine,Null
1758748.9865,5912947.6934,817956,,519810,0,0,0,3,0,Null,2025/2026,TRAFALGAR STREET,SELWYN STREET,,Non-Injury Crash,No,2025,0,East,0,0,0,Flat,1,,0,,0,Dark,598300,0,0,0,2,0,0,0,0,1,,0,0,Auckland Region,Nil,2-way,Sealed,0,0,0,0,50,0,On,0,0,,76,Auckland,Stop,0,0,0,0,0,0,Urban,0,0,0,Fine,Null
1745834.1509,5912421.136,817985,,511002,0,0,0,1,1,East,2025/2026,GLENGARRY ROAD,PHILLIP AVENUE,,Non-Injury Crash,No,2025,0,East,0,0,0,Hill Road,0,,0,,0,Overcast,284701,0,0,0,2,0,0,0,0,0,,0,0,Auckland Region,Nil,2-way,Sealed,0,0,0,0,50,0,Off,0,0,,76,Auckland,Nil,0,0,0,0,0,0,Urban,0,0,0,Fine,Null
1763347.5546,5905722.5416,817993,,524303,0,0,0,1,0,Null,2025/2026,FERNDOWN AVENUE,PARK AVENUE,,Non-Injury Crash,No,2026,0,North,0,0,1,Flat,0,,1,,0,Bright sun,746301,0,0,0,2,0,0,0,0,0,,0,0,Auckland Region,Nil,2-way,Sealed,0,0,0,0,50,0,Off,0,0,,76,Auckland,Give way,0,0,0,0,0,0,Urban,0,0,0,Fine,Null
1767136.177,5904080.0256,817994,,524602,0,,0,1,,Null,2025/2026,MANUKAU STATION ROAD,WIRI STATION ROAD,,Non-Injury Crash,No,2025,,West,,0,,Null,,,,,,Bright sun,780416,0,0,0,3,,,0,,,,,,Auckland Region,Nil,1-way,Sealed,,0,0,,50,,Null,0,0,,76,Auckland,Traffic Signals,,,,,0,0,Urban,1,,,Fine,Null
1731731.9171,5908797.6949,818008,,513800,0,0,0,1,1,South,2024/2025,PIHA ROAD,PENDRELL ROAD,,Non-Injury Crash,No,2025,0,North,0,0,0,Hill Road,0,,0,,0,Bright sun,282015,0,0,0,2,0,1,0,0,0,,0,0,Auckland Region,Nil,2-way,Sealed,0,0,0,0,50,0,None,0,0,,76,Auckland,Nil,0,0,0,0,0,0,Urban,0,0,0,Fine,Null
1771587.6633,5895231.1572,818010,,525530,0,,0,2,,Null,2025/2026,BEACH ROAD,PAPAKURA ON RAMP,,Non-Injury Crash,No,2025,,East,,0,,Hill Road,,,,,,Dark,804901,0,0,0,2,,,0,,,,,,Auckland Region,Nil,2-way,Sealed,,0,0,,50,,On,0,0,,76,Auckland,Traffic Signals,,,,,0,0,Urban,0,,,Light rain,Null
1765452.2311,5899420.7642,818017,,524822,0,,0,1,,Null,2025/2026,FINLAYSON AVENUE,PALMERS ROAD,,Non-Injury Crash,No,2025,,North,,0,,Flat,,,,,,Bright sun,774437,0,0,0,2,,,0,,,,,,Auckland Region,Nil,2-way,Sealed,,0,0,,50,,Off,0,0,,76,Auckland,Give way,,,,,0,0,Urban,1,,,Fine,Null
1735140.7574,5932665.0667,818033,,505605,0,0,0,1,0,East,2025/2026,OLD NORTH ROAD,OLD NORTH ROAD,,Minor Crash,No,2026,0,East,1,0,0,Hill Road,0,,0,,0,Dark,215700,1,0,0,2,0,0,0,0,0,,0,0,Auckland Region,Nil,2-way,Sealed,0,0,0,0,80,0,Off,0,0,30,76,Auckland,Nil,0,0,0,0,0,0,Open,0,0,0,Fine,Null
1754178.4146,5911434.5849,818048,,519001,0,0,0,1,0,South,2025/2026,HILLSBOROUGH ROAD,JAMES TYLER CRESCENT,,Serious Crash,No,2025,0,East,0,0,0,Hill Road,0,,0,,0,Overcast,591702,1,0,0,2,0,0,0,0,2,,0,0,Auckland Region,Nil,2-way,Sealed,0,0,1,0,50,0,Off,2,0,,76,Auckland,Nil,0,0,0,0,0,0,Urban,3,0,0,Heavy rain,Strong wind
1769652.2428,5901145.0073,818050,,524902,0,,0,2,,Null,2025/2026,ALFRISTON ROAD,SCOTTS ROAD,,Non-Injury Crash,No,2025,,West,,0,,Null,,,,,,Overcast,757700,0,0,0,2,,,0,,,,,,Auckland Region,Nil,2-way,Sealed,,0,0,,50,,Null,0,0,,76,Auckland,Stop,,,,,0,0,Urban,0,,,Light rain,Null
1756107.7532,5923777.8938,818065,,509800,0,,0,0,,South,2025/2026,NORTHERN MOTORWAY,WEIGH BRIDGE,,Non-Injury Crash,Yes,2025,,South,,0,,Flat,,,,,,Bright sun,358800,0,0,0,4,,,0,,,,,,Auckland Region,Nil,1-way,Sealed,,0,0,,80,,Off,0,0,,76,Auckland,Nil,,,,,2,0,Open,0,,,Fine,Null
1769950.4065,5881495.9372,818073,,525910,1,,0,0,,West,2025/2026,EAST STREET,LEN BROWN PLACE,,Non-Injury Crash,No,2025,,South,,0,,Hill Road,,,,,,Bright sun,816704,0,0,0,2,,,0,,,,,,Auckland Region,Nil,2-way,Sealed,,0,0,,50,,Off,0,0,,76,Auckland,Nil,,,,,0,0,Urban,1,,,Fine,Null