X,Y,OBJECTID,advisorySpeed,areaUnitID,bicycle,bridge,bus,carStationWagon,cliffBank,crashDirectionDescription,crashFinancialYear,crashLocation1,crashLocation2,crashRoadSideRoad,crashSeverity,crashSHDescription,crashYear,debris,directionRoleDescription,ditch,fatalCount,fence,flatHill,guardRail,holiday,houseOrBuilding,intersection,kerb,light,meshblockId,minorInjuryCount,moped,motorcycle,NumberOfLanes,objectThrownOrDropped,otherObject,otherVehicleType,overBank,parkedVehicle,pedestrian,phoneBoxEtc,postOrPole,region,roadCharacter,roadLane,roadSurface,roadworks,schoolBus,seriousInjuryCount,slipOrFlood,speedLimit,strayAnimal,streetLight,suv,taxi,temporarySpeedLimit,tlaId,tlaName,trafficControl,trafficIsland,trafficSign,train,tree,truck,unknownVehicleType,urban,vanOrUtility,vehicle,waterRiver,weatherA,weatherB
1744415.7478,5944605.0866,818082,,506614,0,0,0,1,1,Null,2025/2026,KAHIKATEA FLAT ROAD,PINE VALLEY ROAD,,Minor Crash,No,2026,0,South,0,0,1,Hill Road,0,,0,,0,Bright sun,177405,1,0,0,2,0,0,0,0,0,,0,0,Auckland Region,Nil,2-way,Sealed,0,0,0,0,80,0,None,0,0,,76,Auckland,Nil,0,0,0,0,0,0,Open,0,0,0,Fine,Null
1763155.3116,5917628.961,818089,,516301,0,0,0,2,0,West,2025/2026,ST JOHNS ROAD,PUREWA CEMETERY,,Serious Crash,No,2025,0,East,0,0,0,Flat,0,,0,,0,Dark,461100,0,0,0,2,0,0,0,0,1,,0,0,Auckland Region,Nil,2-way,Sealed,0,0,1,0,50,0,On,0,0,,76,Auckland,Nil,0,0,0,0,0,0,Urban,0,0,0,Fine,Null
1738034.3462,5979938.3998,818103,,506660,0,0,0,1,0,North,2025/2026,SH 1,MCPHERSON WAY,,Non-Injury Crash,Yes,2025,0,South,0,0,0,Hill Road,1,,0,,0,Dark,136400,0,0,0,2,0,0,0,0,0,,0,0,Auckland Region,Nil,2-way,Sealed,0,0,0,0,100,0,None,0,0,,76,Auckland,Nil,0,0,0,0,0,0,Open,0,0,0,Fine,Null
1754407.9043,5918508.2356,818105,,515431,0,,0,2,,Null,2025/2026,WEXFORD ROAD,TUARANGI ROAD,,Non-Injury Crash,No,2025,,North,,0,,Flat,,,,,,Twilight,406401,0,0,0,2,,,0,,,,,,Auckland Region,Nil,2-way,Sealed,,0,0,,50,,On,0,0,,76,Auckland,Give way,,,,,0,0,Urban,0,,,Fine,Null
1757450.5551,5912456.0005,818113,,519810,0,,0,2,,Null,2025/2026,QUEENSTOWN ROAD,BEACHCROFT AVENUE,,Non-Injury Crash,No,2025,,South,,0,,Hill Road,,,,,,Overcast,596700,0,0,0,8,,,0,,,,,,Auckland Region,Motorway ramp,2-way,Sealed,,0,0,,50,,Off,0,0,,76,Auckland,Give way,,,,,0,0,Urban,0,,,Fine,Null
1765572.6427,5905866.7899,818119,,522202,0,,0,2,,Null,2025/2026,ST GEORGE STREET,CARRUTH ROAD,,Non-Injury Crash,No,2025,,East,,0,,Flat,,,,,,Overcast,664300,0,0,0,2,,,0,,,,,,Auckland Region,Nil,2-way,Sealed,,0,0,,50,,Off,0,0,,76,Auckland,Give way,,,,,0,0,Urban,0,,,Fine,Null
1763250.0832,5908236.218,818126,,524402,0,,0,2,,Null,2025/2026,MASSEY ROAD,ROSELLA ROAD,,Non-Injury Crash,No,2025,,North,,0,,Flat,,,,,,Bright sun,750000,0,0,0,4,,,0,,,,,,Auckland Region,Nil,2-way,Sealed,,0,0,,50,,Off,0,0,,76,Auckland,Traffic Signals,,,,,0,0,Urban,0,,,Fine,Frost
1757233.1353,5920003.5137,818127,,514103,1,0,0,1,0,North,2025/2026,QUEEN STREET,AIREDALE STREET,,Minor Crash,No,2025,0,North,0,0,0,Flat,0,,0,,0,Bright sun,436600,1,0,0,4,0,0,0,0,1,,0,0,Auckland Region,Nil,2-way,Sealed,0,0,0,0,30,0,Null,0,0,,76,Auckland,Nil,0,0,0,0,0,0,Urban,0,0,0,Fine,Null
1767769.9816,5906213.9043,818143,,523711,0,,0,2,,North,2025/2026,PRESTON ROAD,FLAT BUSH ROAD,,Non-Injury Crash,No,2025,,South,,0,,Flat,,,,,,Overcast,715000,0,0,0,3,,,0,,,,,,Auckland Region,Nil,2-way,Sealed,,0,0,,50,,None,0,0,,76,Auckland,Nil,,,,,0,0,Urban,0,,,Fine,Null
1755599.5437,5915988.6332,818150,,518301,0,,0,1,,West,2025/2026,TENNYSON STREET,DOMINION ROAD,,Non-Injury Crash,No,2025,,South,,0,,Null,,,,,,Bright sun,553900,0,0,0,2,,,0,,,,,,Auckland Region,Nil,2-way,Sealed,,0,0,,30,,Null,1,0,,76,Auckland,Nil,,,,,0,0,Urban,0,,,Null,Null
1761018.3542,5915153.7144,818157,,520201,0,,0,2,,South,2025/2026,SOUTHERN MOTORWAY,TECOMA STREET ON RAMP,,Non-Injury Crash,Yes,2025,,South,,0,,Null,,,,,,Overcast,613500,0,0,0,3,,,0,,,,,,Auckland Region,Nil,1-way,Sealed,,0,0,,100,,Null,0,0,,76,Auckland,Nil,,,,,0,0,Open,0,,,Fine,Null
1744010.2432,5915066.7974,818158,,513013,0,,0,1,,Null,2025/2026,FOREST HILL ROAD,PARRS CROSS ROAD,,Minor Crash,No,2025,,North,,0,,Flat,,,,,,Bright sun,281300,1,0,0,2,,,0,,,,,,Auckland Region,Nil,2-way,Sealed,,0,0,,50,,None,0,0,,76,Auckland,Stop,,,,,0,0,Urban,1,,,Fine,Null
1764803.268,5903809.4722,818167,,524604,0,,0,0,,Null,2024/2025,CAVENDISH DRIVE,CAVENDISH DRIVE ON RAMP,,Non-Injury Crash,No,2025,,East,,0,,Flat,,,,,,Bright sun,781301,0,0,0,2,,,0,,,,,,Auckland Region,Motorway ramp,2-way,Sealed,,0,0,,50,,Off,0,0,,76,Auckland,Traffic Signals,,,,,2,0,Urban,0,,,Fine,Null
1759662.3344,5907442.2237,818174,,524122,0,,0,2,,Null,2025/2026,PROCTOR PLACE,IDLEWILD AVENUE,,Minor Crash,No,2025,,South,,0,,Flat,,,,,,Twilight,738200,1,0,0,2,,,0,,,,,,Auckland Region,Nil,2-way,Sealed,,0,0,,50,,On,0,0,,76,Auckland,Nil,,,,,0,0,Urban,0,,,Fine,Null
1758699.3859,5886538.5932,818205,,521122,0,,0,0,,East,2024/2025,WAIAU PA ROAD,SYDNEY OWEN ROAD,,Serious Crash,No,2024,,West,,0,,Flat,,,,,,Overcast,810800,0,0,1,2,,,0,,,,,,Auckland Region,Nil,2-way,Sealed,,0,1,,80,,None,0,0,,76,Auckland,Nil,,,,,0,0,Open,0,,,Light rain,Null
1764395.3396,5918441.0394,818218,,516500,0,,0,1,,North,2024/2025,KOHIMARAMA ROAD,WHYTEHEAD CRESCENT,,Non-Injury Crash,No,2024,,South,,0,,Hill Road,,Labour Weekend,,,,Dark,503700,0,0,0,2,,,0,,,,,,Auckland Region,Nil,2-way,Sealed,,0,0,,50,,On,0,0,,76,Auckland,Nil,,,,,0,0,Urban,0,,,Fine,Null
1774081.4584,5897396.3644,818243,,525630,0,0,0,1,0,South,2025/2026,COSGRAVE ROAD,OLD WAIROA ROAD,,Non-Injury Crash,No,2026,0,South,0,0,0,Flat,0,,0,,0,Dark,795802,0,0,0,2,0,0,0,0,1,,0,0,Auckland Region,Nil,2-way,Sealed,0,0,0,0,50,0,On,0,0,,76,Auckland,Nil,0,0,0,0,1,0,Urban,0,0,0,Fine,Null
1762768.088,5905642.8986,818244,,524302,0,,0,2,,North,2025/2026,SOUTH-WESTERN MOTORWAY,PORTAGE OBR,,Non-Injury Crash,Yes,2025,,South,,0,,Flat,,,,,,Bright sun,745000,0,0,0,2,,,0,,,,,,Auckland Region,Nil,1-way,Sealed,,0,0,,100,,Off,0,0,,76,Auckland,Nil,,,,,0,0,Open,1,,,Fine,Null
1766156.9845,5908217.9981,818248,,523402,0,,0,1,,Null,2022/2023,BAIRDS ROAD,GILBERT ROAD,,Minor Crash,No,2023,,East,,0,,Flat,,,,,,Twilight,697300,1,0,0,2,,,0,,,,,,Auckland Region,Nil,2-way,Sealed,,0,0,,50,,Off,0,0,,76,Auckland,Give way,,,,,0,0,Urban,0,,,Fine,Null
1756774.4243,5932723.515,818251,,507400,0,,0,2,,North,2025/2026,MONTROSE TERRACE,BEACH ROAD,,Minor Crash,No,2026,,South,,0,,Flat,,,,,,Bright sun,151800,1,0,0,2,,,0,,,,,,Auckland Region,Nil,2-way,Sealed,,0,0,,30,,None,0,0,,76,Auckland,Nil,,,,,0,0,Urban,0,,,Fine,Null
1751802.0182,5914731.0722,818252,,514402,0,0,0,2,0,East,2025/2026,NEW WINDSOR ROAD,EXLER PLACE,,Non-Injury Crash,No,2025,0,West,0,0,0,Flat,0,,0,,0,Overcast,380505,0,0,0,2,0,0,0,0,1,,0,0,Auckland Region,Nil,2-way,Sealed,0,0,0,0,50,0,Off,0,0,,76,Auckland,Nil,0,0,0,0,0,0,Urban,1,0,0,Light rain,Frost
1754887.9562,5918599.5488,818267,,515420,0,,0,1,,South,2025/2026,GREAT NORTH ROAD,WILLIAMSON AVENUE,,Minor Crash,No,2026,,North,,0,,Hill Road,,,,,,Overcast,404700,1,0,1,3,,,0,,,,,,Auckland Region,Nil,2-way,Sealed,,0,0,,50,,Off,0,0,,76,Auckland,Nil,,,,,0,0,Urban,0,,,Fine,Null
1749274.5492,5941337.5923,818268,,506300,0,,0,1,,South,2025/2026,NORTHERN MOTORWAY,WILKS OBR,,Non-Injury Crash,Yes,2026,,South,,0,,Flat,,,,,,Dark,175902,0,0,0,2,,,0,,,,,,Auckland Region,Nil,1-way,Sealed,,0,0,,100,,On,0,0,,76,Auckland,Nil,,,,,1,0,Open,0,,,Fine,Null
1757717.9374,5913554.9686,818284,,518702,0,,0,2,,East,2024/2025,MOUNT ALBERT ROAD,PAH ROAD,,Non-Injury Crash,No,2025,,West,,0,,Flat,,,,,,Overcast,567900,0,0,0,4,,,0,,,,,,Auckland Region,Nil,2-way,Sealed,,0,0,,50,,Null,0,0,,76,Auckland,Nil,,,,,0,0,Urban,0,,,Light rain,Null
1758817.1197,5912172.3352,818290,,519810,0,,0,1,,Null,2024/2025,CHURCH STREET,SELWYN STREET,,Non-Injury Crash,No,2024,,West,,0,,Flat,,,,,,Bright sun,599000,0,0,0,4,,,0,,,,,,Auckland Region,Nil,2-way,Sealed,,0,0,,50,,Off,1,0,,76,Auckland,Traffic Signals,,,,,0,0,Urban,0,,,Fine,Null
1756880.4369,5913575.0918,818292,,518702,0,0,0,2,0,North,2025/2026,HILLSBOROUGH ROAD,BUDOCK ROAD,,Non-Injury Crash,No,2025,0,South,0,0,0,Flat,0,,0,,0,Overcast,567500,0,0,0,2,0,0,0,0,1,,0,0,Auckland Region,Nil,2-way,Sealed,0,0,0,0,50,0,Off,1,0,,76,Auckland,Nil,0,0,0,0,0,0,Urban,0,0,0,Light rain,Null
1745269.6674,5919427.184,818298,,513301,0,,0,1,,North,2024/2025,LINCOLN ROAD,POINSETTIA PLACE,,Serious Crash,No,2025,,North,,0,,Flat,,,,,,Bright sun,232003,0,0,0,4,,,0,,,1,,,Auckland Region,Nil,2-way,Sealed,,0,1,,50,,Off,0,0,,76,Auckland,Nil,,,,,0,0,Urban,0,,,Fine,Null
1747377.2685,5910304.948,818323,,512000,0,0,0,2,0,South,2025/2026,SOUTH TITIRANGI ROAD,PARK ROAD,,Non-Injury Crash,No,2026,0,North,0,0,0,Flat,0,,0,,0,Bright sun,296000,0,0,0,2,0,0,0,0,1,,0,0,Auckland Region,Nil,2-way,Sealed,0,0,0,0,50,0,Off,0,0,,76,Auckland,Nil,0,0,0,0,0,0,Urban,0,0,0,Fine,Null
1768963.8085,5893139.9243,818329,,521202,0,0,0,0,0,South,2025/2026,LINWOOD ROAD,WALTERS ROAD,,Minor Crash,No,2025,0,West,0,0,1,Flat,0,,0,,0,Overcast,807000,1,0,0,2,0,0,0,0,0,,0,1,Auckland Region,Nil,2-way,Sealed,0,0,0,0,80,0,Off,0,0,,76,Auckland,Nil,0,0,0,0,0,0,Open,1,0,0,Heavy rain,Null
1764834.9317,5905777.1616,818337,,522201,0,,0,1,,Null,2024/2025,ST GEORGE STREET,RANGITOTO ROAD,,Non-Injury Crash,No,2024,,East,,0,,Null,,,,,,Bright sun,663100,0,0,0,2,,,0,,,,,,Auckland Region,Nil,2-way,Sealed,,0,0,,50,,Null,0,0,,76,Auckland,Give way,,,,,0,0,Urban,0,,,Fine,Null
1767693.8356,5904439.2499,818352,,524604,0,,0,2,,South,2025/2026,GREAT SOUTH ROAD,GLADDING PLACE,,Minor Crash,No,2026,,South,,0,,Hill Road,,,,,,Overcast,780302,1,0,0,3,,,0,,,,,,Auckland Region,Nil,2-way,Sealed,,0,0,,50,,Off,0,0,,76,Auckland,Nil,,,,,0,0,Urban,0,,,Light rain,Null
1769139.3674,5901135.8075,818359,,524901,0,,0,0,,East,2025/2026,HALVER ROAD,KNOX ROAD,,Minor Crash,No,2026,,East,,0,,Flat,,,,,,Overcast,757400,1,0,0,2,,,0,,,,,,Auckland Region,Nil,2-way,Sealed,,0,0,,50,,Off,0,0,,76,Auckland,Nil,,,,,0,0,Urban,2,,,Light rain,Null
1755268.3854,5925131.8832,818374,,509800,0,,0,2,,Null,2025/2026,WOODSIDE AVENUE,KAWANA STREET,,Non-Injury Crash,No,2025,,North,,0,,Null,,,,,,Bright sun,361500,0,0,0,2,,,0,,,,,,Auckland Region,Nil,2-way,Sealed,,0,0,,50,,Null,0,0,,76,Auckland,Nil,,,,,0,0,Urban,0,,,Fine,Null
1770013.1937,5917216.7672,818382,,522604,0,0,0,1,0,West,2025/2026,LAINGS ROAD,BUCKLANDS BEACH ROAD,,Non-Injury Crash,No,2025,0,South,0,0,1,Hill Road,0,,0,,0,Unknown,677000,0,0,0,2,0,0,0,0,0,,0,0,Auckland Region,Nil,2-way,Sealed,0,0,0,0,50,0,Null,0,0,,76,Auckland,Nil,0,0,0,0,0,0,Urban,0,0,0,Null,Null
1770480.3049,5911294.1756,818388,,523106,0,,0,2,,Null,2024/2025,TI RAKAU DRIVE,TI RAKAU DRIVE,,Non-Injury Crash,No,2024,,South,,0,,Flat,,,,,,Overcast,711174,0,0,0,2,,,0,,,,,,Auckland Region,Nil,2-way,Sealed,,0,0,,50,,None,0,0,20,76,Auckland,Traffic Signals,,,,,0,0,Urban,0,,,Light rain,Strong wind
1765478.4428,5908877.0347,818390,,523403,0,,0,3,,North,2025/2026,SOUTHERN MOTORWAY,HIGHBROOK OBR,,Minor Crash,Yes,2025,,North,,0,,Flat,,,,,,Bright sun,700200,2,0,0,3,,,0,,,,,,Auckland Region,Nil,1-way,Sealed,,0,0,,100,,Off,0,0,,76,Auckland,Nil,,,,,0,0,Open,1,,,Fine,Null
1762080.0937,5913828.5292,818396,,520401,0,,0,1,,North,2024/2025,SOUTHERN MOTORWAY,PENROSE OBR,,Minor Crash,Yes,2025,,South,,0,,Flat,,,,,,Unknown,644300,1,0,0,3,,,0,,,,,,Auckland Region,Nil,1-way,Sealed,,0,0,,100,,Null,0,0,,76,Auckland,Nil,,,,,1,0,Open,0,,,Fine,Null
1743266.9687,5920692.1307,818413,,513622,0,0,0,1,0,East,2025/2026,MAMUKU DRIVE,TIRIWA DRIVE,,Non-Injury Crash,No,2026,0,East,0,0,0,Flat,0,,0,,0,Bright sun,226800,0,0,0,2,0,0,0,0,1,,0,0,Auckland Region,Nil,2-way,Sealed,0,0,0,0,50,0,Null,0,0,,76,Auckland,Nil,0,0,0,0,1,0,Urban,0,0,0,Fine,Null
1761630.3728,5914513.3958,818420,,520202,0,,0,1,,Null,2024/2025,WILKINSON ROAD,GAVIN STREET,,Non-Injury Crash,No,2025,,North,,0,,Null,,,,,,Bright sun,612700,0,0,0,2,,,0,,,,,,Auckland Region,Nil,2-way,Sealed,,0,0,,50,,Null,1,0,,76,Auckland,Give way,,,,,0,0,Urban,0,,,Fine,Null
1767274.5752,5904839.7646,818427,,524604,0,0,0,1,0,West,2024/2025,CAVENDISH DRIVE,GREAT SOUTH ROAD,,Non-Injury Crash,No,2025,0,West,0,0,0,Flat,0,,0,,0,Dark,780209,0,0,0,2,0,1,0,0,0,,0,0,Auckland Region,Nil,2-way,Sealed,0,0,0,0,50,0,On,0,0,,76,Auckland,Nil,0,0,0,0,0,0,Urban,0,0,0,Light rain,Null
1751630.8777,5913110.9824,818436,,514600,0,0,0,2,0,South,2025/2026,BLOCKHOUSE BAY ROAD,PUKETEA STREET,,Non-Injury Crash,No,2025,0,South,0,0,0,Hill Road,0,,0,,0,Twilight,372900,0,0,0,2,0,0,0,0,1,,0,0,Auckland Region,Nil,2-way,Sealed,0,0,0,0,50,0,On,0,0,,76,Auckland,Nil,0,0,0,0,0,0,Urban,0,0,0,Fine,Null
1752214.6472,5913107.2448,818450,,514600,0,0,0,2,0,North,2025/2026,WHITNEY STREET,TERRY STREET,,Serious Crash,No,2025,0,North,0,0,1,Flat,0,,0,,0,Overcast,373100,1,0,0,2,0,0,0,0,1,1,0,0,Auckland Region,Nil,2-way,Sealed,0,0,1,0,50,0,Off,0,0,,76,Auckland,Nil,0,0,0,0,0,0,Urban,0,0,0,Fine,Null
1749554.6989,5928121.4434,818452,,509100,0,0,0,3,0,East,2025/2026,THE CLOSE,TAUHINU ROAD,,Non-Injury Crash,No,2025,0,West,0,0,0,Hill Road,0,,0,,0,Dark,181906,0,0,0,2,0,0,0,0,1,,0,0,Auckland Region,Nil,2-way,Sealed,0,0,0,0,50,0,None,0,0,40,76,Auckland,Nil,0,0,0,0,0,0,Urban,0,0,0,Fine,Null
1763981.6273,5904320.5256,818459,,524604,0,,0,0,,North,2024/2025,SOUTH-WESTERN MOTORWAY,PUHINUI UNDERPASS,,Non-Injury Crash,Yes,2025,,North,,0,,Flat,,,,,,Bright sun,780902,0,0,0,2,,,0,,,,,,Auckland Region,Bridge,1-way,Sealed,,0,0,,100,,Off,1,0,,76,Auckland,Nil,,,,,0,1,Open,2,,,Fine,Null
1758613.5154,5912154.7419,818466,,519810,0,,1,0,,Null,2025/2026,CHURCH STREET,HILL STREET,,Minor Crash,No,2025,,East,,0,,Flat,,,,,,Overcast,598800,2,0,0,2,,,0,,,,,,Auckland Region,Nil,2-way,Sealed,,0,0,,50,,Off,1,0,,76,Auckland,Stop,,,,,0,0,Urban,0,,,Fine,Null
1751484.9999,5914789.1258,818480,,514402,0,0,0,1,0,Null,2024/2025,CHALMERS STREET,DONEGAL STREET,,Non-Injury Crash,No,2024,0,West,0,0,0,Flat,0,,0,,0,Bright sun,379300,0,0,0,2,0,0,0,0,1,,0,0,Auckland Region,Nil,2-way,Sealed,0,0,0,0,50,0,Null,0,0,,76,Auckland,Nil,0,0,0,0,1,0,Urban,0,0,0,Light rain,Null
1772942.0644,5899507.1168,818488,,523912,0,,0,0,,West,2025/2026,AIRFIELD ROAD,MILL ROAD,,Minor Crash,No,2025,,West,,0,,Flat,,Christmas New Year,,,,Twilight,765401,1,0,0,2,,,0,,,,,,Auckland Region,Nil,2-way,Sealed,,0,0,,60,,Off,0,0,,76,Auckland,Nil,,,,,1,0,Urban,1,,,Fine,Null
1743258.9925,5922754.2238,818511,,513511,0,,0,1,,North,2024/2025,DON BUCK ROAD,ROYAL ROAD,,Non-Injury Crash,No,2025,,South,,0,,Hill Road,,,,,,Bright sun,224305,0,0,0,2,,,0,,,,,,Auckland Region,Nil,2-way,Sealed,,0,0,,50,,Off,0,0,,76,Auckland,Nil,,,,,0,0,Urban,0,,,Fine,Null
1763200.8623,5905152.6327,818512,,524303,0,,0,2,,South,2025/2026,SOUTH-WESTERN MOTORWAY,PORTAGE OBR,,Minor Crash,Yes,2025,,South,,0,,Flat,,,,,,Overcast,746301,1,0,0,2,,,0,,,,,,Auckland Region,Nil,1-way,Sealed,,0,0,,100,,Off,0,0,,76,Auckland,Nil,,,,,0,0,Open,2,,,Fine,Null
1763060.3333,5912806.5355,818535,,520500,0,0,0,1,0,West,2025/2026,SOUTH-EASTERN HIGHWAY,SEART OBR,,Non-Injury Crash,No,2026,0,West,0,0,0,Flat,1,,0,,0,Dark,637300,0,0,0,2,0,0,0,0,0,,0,0,Auckland Region,Motorway ramp,1-way,Sealed,0,0,0,0,80,0,On,0,0,,76,Auckland,Nil,0,0,0,0,0,0,Open,0,0,0,Heavy rain,Null
1755838.2435,5918863.591,818549,,515500,0,,0,2,,South,2024/2025,GREAT NORTH ROAD,SUSSEX STREET,,Non-Injury Crash,No,2024,,North,,0,,Flat,,,,,,Dark,418700,0,0,0,4,,,0,,,,,,Auckland Region,Nil,2-way,Sealed,,0,0,,50,,On,0,0,,76,Auckland,Nil,,,,,0,0,Urban,0,,,Heavy rain,None
1753314.4872,5933032.4416,818558,,508807,0,,0,1,,Null,2025/2026,GREVILLE ROAD OFF RAMP,TAWA DRIVE,,Non-Injury Crash,No,2025,,North,,0,,Flat,,,,,,Overcast,180811,0,0,0,4,,,0,,,,,,Auckland Region,Nil,1-way,Sealed,,0,0,,50,,Off,0,0,,76,Auckland,Traffic Signals,,,,,0,0,Urban,1,,,Fine,Null
1764816.1176,5903801.3093,818564,,524604,0,,0,2,,Null,2024/2025,CAVENDISH DRIVE,CAVENDISH DRIVE ON RAMP,,Non-Injury Crash,No,2025,,North,,0,,Flat,,,,,,Bright sun,781301,0,0,0,3,,,0,,,,,,Auckland Region,Nil,2-way,Sealed,,0,0,,50,,Off,0,0,,76,Auckland,Traffic Signals,,,,,0,0,Urban,0,,,Fine,Null
1765271.5594,5901046.6908,818566,,524821,0,0,0,1,0,Null,2025/2026,FINLAYSON AVENUE,KOPU PLACE,,Non-Injury Crash,No,2025,0,West,0,0,0,Flat,0,,0,,0,Dark,774444,0,0,0,2,0,0,0,0,0,,0,0,Auckland Region,Nil,2-way,Sealed,0,0,0,0,50,0,On,0,0,,76,Auckland,Nil,0,0,0,1,0,0,Urban,0,0,0,Fine,Null
1755400.5847,5915097.0237,818593,,518500,0,,0,1,,Null,2024/2025,DOMINION ROAD,HAZEL AVENUE,,Serious Crash,No,2024,,East,,0,,Flat,,,,,,Bright sun,561200,0,0,0,4,,,0,,,1,,,Auckland Region,Nil,2-way,Sealed,,0,1,,50,,Off,0,0,,76,Auckland,Stop,,,,,0,0,Urban,0,,,Fine,Null
1771137.0766,5906591.1926,818600,,523713,0,,0,2,,Null,2023/2024,KERRYKEEL DRIVE,SUNSHINE LANE,,Non-Injury Crash,No,2023,,West,,0,,Null,,,,,,Unknown,713100,0,0,0,2,,,0,,,,,,Auckland Region,Nil,2-way,Null,,0,0,,50,,Null,0,0,,76,Auckland,Give way,,,,,0,0,Urban,0,,,Null,Null
1760253.3317,5913239.3348,818613,,519900,0,0,0,1,0,West,2024/2025,ROOSEVELT AVENUE,HULL PLACE,,Minor Crash,No,2025,0,West,0,0,1,Flat,0,,0,,1,Dark,603700,1,0,0,2,0,0,0,0,0,,0,0,Auckland Region,Nil,2-way,Sealed,0,0,0,0,50,0,On,0,0,,76,Auckland,Nil,0,0,0,1,0,0,Urban,0,0,0,Fine,Null
1753978.5198,5934746.9159,818614,,507102,1,,0,1,,Null,2025/2026,MULGAN WAY,EAST COAST ROAD,,Non-Injury Crash,No,2025,,North,,0,,Null,,,,,,Bright sun,158707,0,0,0,1,,,0,,,,,,Auckland Region,Nil,1-way,Sealed,,0,0,,50,,Null,0,0,,76,Auckland,Give way,,,,,0,0,Urban,0,,,Null,Null
1753197.1888,5935760.9166,818637,,508703,0,0,0,2,0,Null,2025/2026,FAIRVIEW AVENUE,HORNBILL DRIVE,,Non-Injury Crash,No,2025,0,East,0,0,0,Hill Road,0,,0,,0,Dark,178504,0,0,0,2,0,0,0,0,1,,0,0,Auckland Region,Nil,2-way,Sealed,0,0,0,0,50,0,On,0,0,,76,Auckland,Give way,0,0,0,0,0,0,Urban,0,0,0,Fine,Null
1769785.2322,5913647.4,818659,,522722,0,0,0,1,0,Null,2025/2026,AVIEMORE DRIVE,LEWISHAM STREET,,Non-Injury Crash,No,2026,0,South,0,0,0,Flat,0,,0,,0,Bright sun,681337,0,0,0,2,0,0,0,0,1,,0,1,Auckland Region,Nil,2-way,Sealed,0,0,0,0,60,0,Off,0,0,,76,Auckland,Give way,0,0,0,0,0,0,Urban,1,0,0,Fine,Null
1769340.9218,5881032.498,818660,,525922,0,0,0,0,0,South,2024/2025,MANUKAU ROAD,MASSEY AVENUE,,Non-Injury Crash,No,2025,0,South,0,0,0,Flat,0,,0,,0,Twilight,823800,0,0,0,2,0,0,0,0,1,,0,0,Auckland Region,Nil,2-way,Sealed,0,0,0,0,50,0,On,0,0,,76,Auckland,Nil,0,0,0,0,1,0,Urban,1,0,0,Fine,Null
1752927.1474,5913664.512,818668,,514500,0,,0,1,,Null,2025/2026,NEW WINDSOR ROAD,DALLAS PLACE,,Non-Injury Crash,No,2025,,South,,0,,Hill Road,,,,,,Bright sun,374400,0,0,0,2,,,0,,,,,,Auckland Region,Nil,2-way,Sealed,,0,0,,50,,Off,0,0,,76,Auckland,Nil,,,,,1,0,Urban,0,,,Fine,Null
1765729.4756,5916623.3968,818675,,517100,0,0,0,2,0,East,2025/2026,POINT ENGLAND ROAD,PILKINGTON ROAD,,Minor Crash,No,2025,0,West,0,0,1,Flat,0,,0,,0,Dark,477100,1,0,0,2,0,0,0,0,1,,0,0,Auckland Region,Nil,2-way,Sealed,0,0,0,0,50,0,On,0,0,,76,Auckland,Nil,0,0,0,0,0,0,Urban,0,0,0,Fine,Null
1772030.4053,5897211.2851,818689,,525420,0,,0,1,,South,2025/2026,GREAT SOUTH ROAD,TRENTHAM ROAD,,Minor Crash,No,2026,,South,,0,,Flat,,,,,,Overcast,790800,1,0,0,2,,,0,,,,,,Auckland Region,Nil,2-way,Sealed,,0,0,,50,,Off,1,0,,76,Auckland,Nil,,,,,0,0,Urban,1,,,Fine,Null
1759022.0093,5925609.2823,818712,,508020,0,0,0,2,0,West,2025/2026,NORTHBORO ROAD,EVERSLEIGH ROAD,,Non-Injury Crash,No,2026,0,West,0,0,0,Null,0,,0,,0,Unknown,322002,0,0,0,2,0,0,0,0,1,,0,0,Auckland Region,Nil,2-way,Sealed,0,0,0,0,50,0,Null,0,0,,76,Auckland,Nil,0,0,0,0,0,0,Urban,0,0,0,Heavy rain,Strong wind
1750180.2109,5928582.8101,818736,,509100,0,,0,3,,South,2024/2025,UPPER HARBOUR MOTORWAY,SH 18,,Non-Injury Crash,Yes,2025,,East,,0,,Hill Road,,,,,,Bright sun,181304,0,0,0,2,,,0,,,,,,Auckland Region,Nil,1-way,Sealed,,0,0,,100,,Off,0,0,,76,Auckland,Nil,,,,,0,0,Open,0,,,Fine,Null
1766556.594,5917742.9379,818752,,517002,0,0,0,1,0,South,2024/2025,RIDGEWAY PLACE,ROSEWAY PLACE,,Non-Injury Crash,No,2025,0,West,0,0,0,Hill Road,0,,0,,0,Overcast,472400,0,0,0,2,0,0,0,0,1,,0,0,Auckland Region,Nil,2-way,Sealed,0,0,0,0,50,0,Off,1,0,,76,Auckland,Nil,0,0,0,0,0,0,Urban,0,0,0,Light rain,Null
1755403.889,5976542.2832,818760,,506661,0,0,0,1,0,North,2025/2026,LEIGH ROAD,TAKATU ROAD,,Non-Injury Crash,No,2025,0,South,1,0,0,Flat,0,,0,,0,Dark,138605,0,0,0,4,0,0,0,0,0,,0,0,Auckland Region,Nil,2-way,Sealed,0,0,0,0,80,0,On,0,0,,76,Auckland,Nil,0,0,0,0,0,0,Open,0,0,0,Fine,Null