X,Y,OBJECTID,advisorySpeed,areaUnitID,bicycle,bridge,bus,carStationWagon,cliffBank,crashDirectionDescription,crashFinancialYear,crashLocation1,crashLocation2,crashRoadSideRoad,crashSeverity,crashSHDescription,crashYear,debris,directionRoleDescription,ditch,fatalCount,fence,flatHill,guardRail,holiday,houseOrBuilding,intersection,kerb,light,meshblockId,minorInjuryCount,moped,motorcycle,NumberOfLanes,objectThrownOrDropped,otherObject,otherVehicleType,overBank,parkedVehicle,pedestrian,phoneBoxEtc,postOrPole,region,roadCharacter,roadLane,roadSurface,roadworks,schoolBus,seriousInjuryCount,slipOrFlood,speedLimit,strayAnimal,streetLight,suv,taxi,temporarySpeedLimit,tlaId,tlaName,trafficControl,trafficIsland,trafficSign,train,tree,truck,unknownVehicleType,urban,vanOrUtility,vehicle,waterRiver,weatherA,weatherB
1765383.2158,5907224.8881,818767,,522301,0,0,0,1,0,North,2024/2025,GREAT SOUTH ROAD,MAXWELL AVENUE,,Non-Injury Crash,No,2025,0,North,0,0,0,Flat,0,,0,,0,Dark,666100,0,0,0,2,0,0,0,0,0,,0,0,Auckland Region,Nil,2-way,Sealed,0,0,0,0,50,0,On,0,0,,76,Auckland,Nil,0,0,0,1,0,0,Urban,0,0,0,Fine,Null
1751826.4396,5915379.1736,818768,45,517901,0,0,0,1,0,South,2025/2026,NEW NORTH ROAD,BOLLARD AVENUE,,Serious Crash,No,2026,0,South,0,0,0,Flat,0,,0,,0,Dark,523800,0,0,0,4,0,0,0,0,1,,0,0,Auckland Region,Nil,2-way,Sealed,0,0,1,0,50,0,On,0,0,,76,Auckland,Nil,0,0,0,0,1,0,Urban,0,0,0,Fine,Null
1748969.2205,5914395.1253,818774,,511302,0,0,0,1,0,Null,2025/2026,RIMU STREET,HINEKOHU STREET,,Non-Injury Crash,No,2025,0,East,0,0,0,Null,0,,0,,0,Unknown,268400,0,0,0,2,0,0,0,0,1,,0,0,Auckland Region,Nil,2-way,Sealed,0,0,0,0,30,0,Null,0,0,,76,Auckland,Nil,0,0,0,0,0,0,Urban,1,0,0,Fine,Null
1743853.8534,5919773.2451,818776,,513212,0,0,0,2,0,East,2024/2025,WOODSIDE ROAD,DON BUCK ROAD,,Non-Injury Crash,No,2025,0,West,0,0,0,Flat,0,Queens Birthday,0,,1,Overcast,235501,0,0,0,0,0,0,0,0,1,,0,0,Auckland Region,Nil,2-way,Sealed,0,0,0,0,50,0,On,0,0,,76,Auckland,Nil,0,0,0,0,0,0,Urban,0,0,0,Light rain,Null
1747186.7152,5913819.2554,818791,,511100,0,,0,1,,Null,2025/2026,GLENVIEW ROAD,WEST COAST ROAD,,Non-Injury Crash,No,2025,,South,,0,,Null,,,,,,Bright sun,286100,0,0,0,2,,,0,,,,,,Auckland Region,Nil,2-way,Sealed,,0,0,,50,,Null,1,0,,76,Auckland,Traffic Signals,,,,,0,0,Urban,0,,,Fine,Null
1754225.9272,5936128.0558,818815,,507000,0,,0,1,,North,2025/2026,EAST COAST ROAD,KANAPA ROAD,,Minor Crash,No,2025,,South,,0,,Hill Road,,,,,,Bright sun,164203,1,0,0,2,,,0,,,1,,,Auckland Region,Nil,2-way,Sealed,,0,0,,50,,Off,0,0,,76,Auckland,Nil,,,,,0,0,Urban,0,,,Fine,Null
1749261.7843,5942034.117,818823,,506003,0,0,0,1,0,South,2025/2026,EAST COAST ROAD,JACKSON WAY,,Non-Injury Crash,No,2025,0,North,1,0,0,Hill Road,0,,0,,0,Dark,175815,0,0,0,3,0,0,0,0,0,,0,0,Auckland Region,Nil,2-way,Sealed,0,0,0,0,80,0,None,0,0,,76,Auckland,Nil,0,0,0,0,0,0,Open,0,0,0,Heavy rain,Strong wind
1749715.0698,5928095.4319,818830,,509100,0,,0,0,,East,2025/2026,UPPER HARBOUR MOTORWAY,TAUHINU OBR,,Non-Injury Crash,Yes,2025,,West,,0,,Flat,,,,,,Overcast,181904,0,0,0,2,,,0,,,,,,Auckland Region,Nil,1-way,Sealed,,0,0,,100,,Off,0,0,,76,Auckland,Nil,,,,,2,0,Open,0,,,Light rain,Null
1762148.9942,5913312.9568,818831,,520500,0,,0,1,,North,2025/2026,GREAT SOUTH ROAD,HOLLOWAY PLACE,,Non-Injury Crash,No,2025,,North,,0,,Flat,,,,,,Bright sun,637100,0,0,0,2,,,0,,,,,,Auckland Region,Nil,2-way,Sealed,,0,0,,50,,Off,0,0,,76,Auckland,Nil,,,,,1,0,Urban,0,,,Fine,Null
1769409.5007,5893522.4125,818836,,521202,0,,0,2,,South,2022/2023,LINWOOD ROAD,ROSENEATH ROAD,,Serious Crash,No,2023,,North,,0,,Hill Road,,,,,,Dark,806900,2,0,0,2,,,0,,,,,,Auckland Region,Nil,2-way,Sealed,,0,1,,80,,None,0,0,,76,Auckland,Nil,,,,,0,0,Open,0,,,Fine,Null
1767079.3739,5899073.0227,818840,,524812,0,0,0,1,0,Null,2025/2026,MAHIA ROAD,MONTEGO PLACE,,Non-Injury Crash,No,2025,0,West,0,0,0,Flat,0,,0,,0,Overcast,774104,0,0,0,2,0,0,0,0,0,,0,0,Auckland Region,Nil,2-way,Sealed,0,0,0,0,50,0,On,0,0,,76,Auckland,Give way,0,0,0,1,0,0,Urban,0,0,0,Light rain,Null
1757714.4962,5918259.2191,818847,,518101,0,,0,1,,North,2025/2026,SOUTHERN MOTORWAY,MOUNTAIN OBR,,Non-Injury Crash,Yes,2025,,North,,0,,Flat,,,,,,Bright sun,543000,0,0,1,5,,,0,,,,,,Auckland Region,Motorway ramp,1-way,Sealed,,0,0,,80,,Off,0,0,,76,Auckland,Nil,,,,,0,0,Open,0,,,Fine,Null
1769645.9242,5899619.3831,818856,,523920,0,,0,2,,Null,2025/2026,GREAT SOUTH ROAD,TE NAPI DRIVE,,Non-Injury Crash,No,2025,,South,,0,,Flat,,,,,,Dark,767922,0,0,0,4,,,0,,,,,,Auckland Region,Nil,2-way,Sealed,,0,0,,70,,On,0,0,,76,Auckland,Traffic Signals,,,,,0,0,Urban,0,,,Light rain,Null
1752114.8456,5933618.1217,818862,,508701,0,,0,1,,West,2024/2025,DAIRY FLAT HIGHWAY,UNIVERSITY AVENUE,,Non-Injury Crash,No,2025,,South,,0,,Flat,,,,,,Overcast,178900,0,0,0,2,,,0,,,,,,Auckland Region,Nil,1-way,Sealed,,0,0,,80,,Off,0,0,,76,Auckland,Nil,,,,,0,0,Open,1,,,Light rain,Null
1768846.9895,5910687.8735,818877,,523113,0,,0,1,,Null,2024/2025,GREENMOUNT DRIVE,HARRIS ROAD,,Non-Injury Crash,No,2025,,West,,0,,Null,,,,,,Dark,711703,0,0,0,2,,,0,,,,,,Auckland Region,Nil,2-way,Sealed,,0,0,,50,,Null,0,0,,76,Auckland,Give way,,,,,0,0,Urban,1,,,Light rain,Null
1755964.4679,5918582.0733,818878,,515500,0,,0,3,,South,2025/2026,NORTH-WESTERN MOTORWAY,NEWTON ROAD OFF RAMP,,Non-Injury Crash,Yes,2025,,East,,0,,Flat,,,,,,Bright sun,418600,0,0,0,5,,,0,,,,,,Auckland Region,Nil,1-way,Sealed,,0,0,,80,,Off,1,0,,76,Auckland,Nil,,,,,0,0,Open,0,,,Fine,Null
1728416.1937,5936988.0168,818894,75,506642,0,0,0,0,0,South,2025/2026,SH 16,BRADLY ROAD,,Minor Crash,Yes,2025,0,South,0,0,0,Flat,0,,0,,0,Overcast,211200,1,0,1,2,0,0,0,0,0,,0,0,Auckland Region,Nil,2-way,Sealed,0,0,0,0,100,0,None,0,0,,76,Auckland,Nil,0,0,0,0,0,0,Open,0,0,0,Heavy rain,Null
1766710.544,5912862.8657,818918,,522920,0,,0,1,,North,2025/2026,TI RAKAU DRIVE,TIRAUMEA DRIVE,,Non-Injury Crash,No,2025,,North,,0,,Null,,,,,,Bright sun,683800,0,0,0,6,,,0,,,,,,Auckland Region,Nil,2-way,Sealed,,0,0,,50,,Null,0,0,,76,Auckland,Nil,,,,,0,0,Urban,1,,,Fine,Null
1776883.0308,5881711.9737,818925,,521160,0,,0,1,,South,2025/2026,RAZORBACK ROAD,MILL ROAD,,Minor Crash,No,2025,,South,,0,,Hill Road,,,,,,Dark,827800,1,0,0,2,,,0,,,,,,Auckland Region,Nil,2-way,Sealed,,0,0,,50,,None,0,0,,76,Auckland,Nil,,,,,0,0,Urban,0,,,Fine,Null
1760075.022,5908198.6772,818932,,524403,0,,0,2,,South,2025/2026,SOUTH-WESTERN MOTORWAY,HALL FTBR,,Non-Injury Crash,Yes,2025,,South,,0,,Flat,,Christmas New Year,,,,Overcast,731104,0,0,0,3,,,0,,,,,,Auckland Region,Nil,1-way,Sealed,,0,0,,80,,Off,0,0,,76,Auckland,Nil,,,,,0,0,Open,0,,,Fine,Null
1764831.8055,5905776.9178,818934,,522201,0,,0,2,,Null,2025/2026,ST GEORGE STREET,RANGITOTO ROAD,,Non-Injury Crash,No,2025,,East,,0,,Null,,,,,,Bright sun,663100,0,0,0,2,,,0,,,,,,Auckland Region,Nil,2-way,Sealed,,0,0,,50,,Null,0,0,,76,Auckland,Give way,,,,,0,0,Urban,0,,,Fine,Null
1751756.6069,5949461.1327,818940,,505805,0,,0,2,,West,2025/2026,MOENUI AVENUE,HIBISCUS COAST HIGHWAY,,Non-Injury Crash,No,2025,,South,,0,,Null,,,,,,Bright sun,172107,0,0,0,2,,,0,,,,,,Auckland Region,Nil,2-way,Sealed,,0,0,,30,,Null,0,0,,76,Auckland,Nil,,,,,0,0,Urban,0,,,Null,Null
1751224.3396,5912202.9658,818950,,514700,0,,0,2,,East,2025/2026,KINROSS STREET,ENDEAVOUR STREET,,Non-Injury Crash,No,2025,,West,,0,,Flat,,,,,,Bright sun,368200,0,0,0,2,,,0,,,,,,Auckland Region,Nil,2-way,Sealed,,0,0,,50,,Off,0,0,,76,Auckland,Nil,,,,,0,0,Urban,0,,,Fine,Null
1769754.4562,5901442.2282,818958,,524901,0,,0,2,,North,2024/2025,SOUTHERN MOTORWAY,ALFRISTON OBR,,Non-Injury Crash,Yes,2025,,North,,0,,Flat,,,,,,Bright sun,756902,0,0,0,3,,,0,,,,,,Auckland Region,Nil,1-way,Sealed,,0,0,,100,,Off,0,0,,76,Auckland,Nil,,,,,0,0,Open,0,,,Fine,None
1750096.1603,5913826.3845,818964,,511303,0,,1,1,,Null,2024/2025,CLARK STREET,MEMORIAL DRIVE,,Non-Injury Crash,No,2025,,West,,0,,Flat,,,,,,Overcast,265100,0,0,0,5,,,0,,,,,,Auckland Region,Nil,2-way,Sealed,,0,0,,50,,Off,0,0,,76,Auckland,Traffic Signals,,,,,0,0,Urban,0,,,Fine,Null
1766542.9482,5913232.7663,818979,,522910,0,,0,1,,South,2024/2025,TI RAKAU DRIVE,PAKURANGA ROAD,,Minor Crash,No,2025,,South,,0,,Flat,,,,,,Twilight,684000,1,0,0,2,,,0,,,,,,Auckland Region,Nil,1-way,Sealed,,0,0,,50,,On,0,0,,76,Auckland,Nil,,,,,0,0,Urban,1,,,Heavy rain,Null
1755922.6782,5922959.9299,818981,,509800,0,0,0,1,0,South,2025/2026,PRINCES STREET,HARBOUR BR N,,Non-Injury Crash,No,2025,0,North,0,0,0,Hill Road,1,,0,,0,Bright sun,359300,0,0,0,2,0,0,0,0,0,,0,0,Auckland Region,Bridge,1-way,Sealed,0,0,0,0,80,0,Off,0,0,,76,Auckland,Nil,0,0,0,0,0,0,Open,0,0,0,Fine,Null
1755770.6715,5923898.8756,818987,,509800,0,0,0,1,0,Null,2024/2025,BARTLEY STREET,RICHMOND AVENUE,,Non-Injury Crash,No,2024,0,East,0,0,0,Flat,0,Christmas New Year,0,,0,Dark,358700,0,0,0,2,0,0,0,0,0,,0,1,Auckland Region,Nil,2-way,Sealed,0,0,0,0,50,0,On,0,0,,76,Auckland,Give way,0,0,0,0,0,0,Urban,0,0,0,Light rain,Null
1757493.6312,5926978.087,818988,,507900,0,0,0,1,0,Null,2025/2026,BARRYS POINT ROAD,ANZAC STREET,,Non-Injury Crash,No,2026,0,North,0,0,1,Flat,1,,0,,0,Dark,305000,0,0,0,4,0,0,0,0,0,,0,0,Auckland Region,Nil,2-way,Sealed,0,0,0,0,50,0,On,0,0,,76,Auckland,Traffic Signals,0,0,0,0,0,0,Urban,0,0,0,Light rain,Null
1732358.558,5940288.436,818997,,506646,0,0,0,1,1,East,2025/2026,INLAND ROAD,RAUTAWHIRI ROAD,,Non-Injury Crash,No,2025,0,North,0,0,0,Hill Road,0,,0,,0,Twilight,211403,0,0,0,2,0,0,0,0,0,,0,0,Auckland Region,Nil,2-way,Unsealed,0,0,0,0,60,0,None,0,0,,76,Auckland,Nil,0,0,0,0,0,0,Urban,0,0,0,Fine,Null
1756194.4408,5936934.6544,819027,,506903,1,,1,0,,Null,2025/2026,GLAMORGAN DRIVE,SEALY ROAD,,Minor Crash,No,2026,,North,,0,,Hill Road,,,,,,Bright sun,165200,1,0,0,2,,,0,,,,,,Auckland Region,Nil,2-way,Sealed,,0,0,,50,,Off,0,0,,76,Auckland,Nil,,,,,0,0,Urban,0,,,Fine,Null
1765969.4879,5900664.3385,819034,,524711,0,0,0,2,0,North,2025/2026,ROSCOMMON ROAD,WORDSWORTH ROAD,,Non-Injury Crash,No,2025,0,South,0,0,1,Flat,0,,0,,0,Dark,774505,0,0,0,1,0,0,0,0,1,,0,0,Auckland Region,Nil,1-way,Sealed,0,0,0,0,50,0,On,0,0,,76,Auckland,Nil,0,0,0,0,0,0,Urban,0,0,0,Fine,Null
1750516.9887,5939868.3462,819035,,506003,0,0,0,1,1,North,2025/2026,NORTHERN MOTORWAY,BAWDEN OBR,,Serious Crash,Yes,2026,0,South,0,0,0,Hill Road,0,,0,,0,Bright sun,175817,0,0,0,2,0,0,0,0,0,,0,0,Auckland Region,Underpass,1-way,Sealed,0,0,2,0,100,0,None,0,0,,76,Auckland,Nil,0,0,0,0,0,0,Open,0,0,0,Fine,Null
1766832.3133,5917524.703,819042,,517002,0,0,0,0,0,West,2024/2025,LEYBOURNE CIRCLE,LYNDALE PLACE,,Non-Injury Crash,No,2025,0,West,0,0,0,Flat,0,Queens Birthday,0,,0,Dark,472502,0,0,0,2,0,0,0,0,1,,0,0,Auckland Region,Nil,2-way,Sealed,0,0,0,0,30,0,On,2,0,,76,Auckland,Nil,0,0,0,0,0,0,Urban,0,0,0,Fine,Null
1761060.3468,5914374.2329,819050,,520202,0,,0,2,,Null,2025/2026,GREAT SOUTH ROAD,ELLERSLIE-PANMURE HIGHWAY,,Non-Injury Crash,No,2025,,South,,0,,Flat,,,,,,Bright sun,612200,0,0,0,8,,,0,,,,,,Auckland Region,Nil,2-way,Sealed,,0,0,,50,,Off,0,0,,76,Auckland,Give way,,,,,0,0,Urban,0,,,Fine,Null
1758650.0851,5916333.1903,819051,,519200,0,,0,1,,Null,2025/2026,MARKET ROAD,RANFURLY ROAD,,Non-Injury Crash,No,2026,,West,,0,,Flat,,,,,,Bright sun,615200,0,0,0,2,,,0,,,,,,Auckland Region,Nil,2-way,Sealed,,0,0,,50,,Off,0,0,,76,Auckland,Give way,,,,,1,0,Urban,0,,,Fine,Null
1770038.3286,5917626.7364,819052,,522601,0,0,0,2,0,East,2025/2026,EASTERN BEACH ROAD,BUCKLANDS BEACH ROAD,,Non-Injury Crash,No,2025,0,West,0,0,0,Hill Road,0,,0,,0,Dark,676402,0,0,0,2,0,0,0,0,1,,0,0,Auckland Region,Nil,2-way,Sealed,0,0,0,0,50,0,On,0,0,,76,Auckland,Nil,0,0,0,0,0,0,Urban,0,0,0,Fine,Null
1756007.6103,5917272.8738,819058,,518201,0,,0,0,,South,2024/2025,DOMINION ROAD,BELLWOOD AVENUE,,Minor Crash,No,2025,,South,,0,,Flat,,,,,,Overcast,547900,1,0,0,2,,,0,,,1,,,Auckland Region,Nil,2-way,Sealed,,0,0,,50,,Null,0,0,,76,Auckland,Nil,,,,,0,0,Urban,1,,,Fine,Null
1758982.6145,5904654.0061,819059,,524200,0,0,0,1,0,South,2025/2026,VERISSIMO DRIVE,GEORGE BOLT MEMORIAL DRIVE,,Non-Injury Crash,No,2025,0,East,0,0,0,Hill Road,0,,0,,1,Dark,727800,0,0,0,3,0,0,0,0,0,,0,0,Auckland Region,Nil,2-way,Sealed,0,0,0,0,60,0,On,0,0,,76,Auckland,Nil,0,0,0,0,0,0,Urban,1,0,0,Fine,Null
1772366.1517,5897300.1378,819075,,525630,0,0,0,1,0,North,2025/2026,PORCHESTER ROAD,WAITAUA STREET,,Minor Crash,No,2025,0,North,0,0,0,Flat,0,,0,,0,Bright sun,794700,2,0,0,2,0,0,0,0,1,,0,0,Auckland Region,Nil,2-way,Sealed,0,0,0,0,50,0,Off,1,0,,76,Auckland,Nil,0,0,0,0,0,0,Urban,0,0,0,Fine,Null
1745412.604,5920430.1953,819090,,513301,0,,0,2,,North,2024/2025,LINCOLN ROAD,CENTRAL PARK DRIVE,,Non-Injury Crash,No,2024,,North,,0,,Flat,,,,,,Overcast,230301,0,0,0,4,,,0,,,,,,Auckland Region,Nil,2-way,Sealed,,0,0,,50,,Null,0,0,,76,Auckland,Nil,,,,,0,0,Urban,0,,,Fine,Null
1762731.1428,5917265.9616,819091,,516302,0,,0,2,,Null,2025/2026,ST JOHNS ROAD,MEADOWBANK ROAD,,Non-Injury Crash,No,2025,,West,,0,,Null,,,,,,Overcast,462900,0,0,0,4,,,0,,,,,,Auckland Region,Nil,2-way,Sealed,,0,0,,50,,Null,0,0,,76,Auckland,Traffic Signals,,,,,0,0,Urban,0,,,Fine,Null
1758085.5916,5917536.4007,819099,,515700,0,,0,1,,Null,2025/2026,ALPERS AVENUE,GILLIES AVENUE,,Non-Injury Crash,No,2025,,West,,0,,Null,,,,,,Bright sun,443500,0,0,0,2,,,0,,,,,,Auckland Region,Nil,1-way,Sealed,,0,0,,50,,Null,0,0,,76,Auckland,Traffic Signals,,,,,1,1,Urban,0,,,Fine,Null
1764231.9187,5909881.5728,819105,,521901,0,0,0,2,0,Null,2025/2026,ATKINSON AVENUE,AVENUE ROAD,,Non-Injury Crash,No,2026,0,South,0,0,0,Null,0,,0,,0,Overcast,783900,0,0,0,4,0,0,0,0,1,,0,0,Auckland Region,Nil,2-way,Sealed,0,0,0,0,50,0,Null,0,0,,76,Auckland,Traffic Signals,0,0,0,0,0,0,Urban,0,0,0,Fine,Null
1738795.6598,5978436.0655,819115,,506660,0,0,0,1,0,Null,2025/2026,SH 1,WAYBY VALLEY ROAD,,Non-Injury Crash,Yes,2025,0,South,0,0,0,Flat,1,,0,,0,Bright sun,136400,0,0,0,2,0,0,0,0,0,,0,0,Auckland Region,Nil,2-way,Sealed,0,0,0,0,80,0,Off,0,0,,76,Auckland,Give way,0,0,0,0,0,0,Open,0,0,0,Fine,Null
1741992.5872,5916718.7781,819145,,513020,0,,0,2,,Null,2025/2026,CANDIA ROAD,COULTER ROAD,,Non-Injury Crash,No,2025,,North,,0,,Hill Road,,,,,,Bright sun,279800,0,0,0,2,,,0,,,,,,Auckland Region,Nil,2-way,Sealed,,0,0,,60,,Off,0,0,,76,Auckland,Stop,,,,,0,0,Urban,0,,,Fine,Null
1768917.54,5881024.1175,819166,,525910,0,0,0,1,0,Null,2025/2026,WESLEY STREET,EDINBURGH STREET,,Non-Injury Crash,No,2025,0,East,0,0,0,Flat,0,,0,,0,Overcast,818800,0,0,0,2,0,0,0,0,0,,0,1,Auckland Region,Nil,2-way,Sealed,0,0,0,0,50,0,Off,0,0,,76,Auckland,Give way,0,0,0,0,0,0,Urban,0,0,0,Fine,Null
1749224.7774,5913788.3343,819182,,511302,0,,0,1,,West,2025/2026,ARAWA STREET,TITIRANGI ROAD,,Minor Crash,No,2025,,South,,0,,Flat,,,,,,Overcast,268900,1,0,0,2,,,0,,,1,,,Auckland Region,Nil,2-way,Sealed,,0,0,,50,,None,0,0,,76,Auckland,Nil,,,,,0,0,Urban,0,,,Fine,Null
1753551.24,5927932.5463,819189,,508210,0,,0,0,,Null,2025/2026,KAIPATIKI ROAD,GLENFIELD ROAD,,Minor Crash,No,2025,,North,,0,,Hill Road,,,,,,Bright sun,186800,1,0,0,3,,,0,,,,,,Auckland Region,Nil,2-way,Sealed,,0,0,,50,,Off,2,0,,76,Auckland,Traffic Signals,,,,,0,0,Urban,0,,,Fine,Null
1755016.224,5918301.0109,819196,,515500,0,,0,3,,East,2025/2026,NORTH-WESTERN MOTORWAY,MOUNTAIN VIEW OBR,,Non-Injury Crash,Yes,2025,,East,,0,,Flat,,,,,,Bright sun,418800,0,0,0,4,,,0,,,,,,Auckland Region,Nil,1-way,Sealed,,0,0,,80,,Off,0,0,,76,Auckland,Nil,,,,,0,0,Open,0,,,Fine,Null
1744200.6285,5923378.4214,819202,,513521,0,0,0,1,0,South,2025/2026,NORTH-WESTERN MOTORWAY,HOBSONVILLE ROAD ON RAMP,,Non-Injury Crash,Yes,2025,0,South,1,0,0,Hill Road,1,,0,,0,Dark,224232,0,0,0,3,0,0,0,0,0,,0,0,Auckland Region,Nil,1-way,Sealed,0,0,0,0,100,0,On,0,0,,76,Auckland,Nil,0,0,0,0,0,0,Open,0,0,0,Heavy rain,Null
1751554.8811,5912353.1408,819210,,514700,0,,1,0,,Null,2025/2026,BLOCKHOUSE BAY ROAD,DONOVAN STREET,,Minor Crash,No,2026,,East,,0,,Flat,,,,,,Bright sun,368700,1,0,1,1,,,0,,,,,,Auckland Region,Nil,1-way,Sealed,,0,0,,50,,Off,0,0,,76,Auckland,Give way,,,,,0,0,Urban,0,,,Fine,Null
1770017.4737,5899245.1675,819217,,523920,0,,0,2,,East,2025/2026,GREAT SOUTH ROAD,TAKANINI ON RAMP,,Minor Crash,No,2026,,North,,0,,Flat,,,,,,Twilight,768005,1,0,0,3,,,0,,,,,,Auckland Region,Nil,1-way,Sealed,,0,0,,70,,On,1,0,,76,Auckland,Nil,,,,,0,0,Urban,0,,,Light rain,Null
1745959.7743,5915550.3463,819218,,511800,0,,0,2,,Null,2025/2026,AWAROA ROAD,WATTLE ROAD,,Non-Injury Crash,No,2026,,East,,0,,Hill Road,,,,,,Bright sun,277100,0,0,0,2,,,0,,,,,,Auckland Region,Nil,2-way,Sealed,,0,0,,50,,Off,0,0,,76,Auckland,Give way,,,,,0,0,Urban,0,,,Fine,Null
1769694.3666,5901852.148,819231,,523814,0,0,0,2,0,East,2024/2025,HILL ROAD,HILL ROAD-MANUREWA OFF RAMP,,Non-Injury Crash,No,2025,0,East,0,0,0,Flat,0,,0,,0,Bright sun,759508,0,0,0,1,0,0,0,0,0,,0,0,Auckland Region,Nil,2-way,Sealed,0,0,0,0,50,0,None,0,0,,76,Auckland,Nil,0,0,0,0,0,0,Urban,0,1,0,Fine,Null
1764510.6017,5904457.62,819233,,522100,0,,0,1,,Null,2025/2026,NOEL BURNSIDE ROAD,PUHINUI ROAD,,Non-Injury Crash,No,2025,,North,,0,,Null,,,,,,Dark,659400,0,0,0,3,,,0,,,,,,Auckland Region,Nil,2-way,Sealed,,0,0,,50,,On,0,0,,76,Auckland,Traffic Signals,,,,,0,0,Urban,1,,,Fine,Null
1761976.7892,5906329.7167,819256,,524200,0,,0,2,,East,2025/2026,MASSEY ROAD OFF RAMP,SOUTH-WESTERN MOTORWAY,,Non-Injury Crash,No,2025,,North,,0,,Flat,,,,,,Dark,728700,0,0,0,2,,,0,,,,,,Auckland Region,Motorway ramp,1-way,Sealed,,0,0,,100,,On,0,0,,76,Auckland,Nil,,,,,0,0,Open,0,,,Fine,Null
1732185.6054,5906963.1274,819271,,513800,0,0,0,1,1,North,2025/2026,KAREKARE ROAD,HOROEKA TRACK,,Non-Injury Crash,No,2025,0,West,0,0,0,Flat,0,,0,,0,Bright sun,282021,0,0,0,2,0,0,0,0,0,,0,0,Auckland Region,Nil,2-way,Sealed,0,0,0,0,40,0,Null,0,0,,76,Auckland,Nil,0,0,0,0,0,0,Urban,0,0,0,Fine,Null
1764474.5251,5912150.8965,819278,,520500,0,0,0,1,0,South,2025/2026,SOUTHERN MOTORWAY,MOUNT WELLINGTON HWY OFF RAMP,,Non-Injury Crash,Yes,2025,0,North,0,0,0,Flat,1,,0,,0,Bright sun,639500,0,0,0,3,0,0,0,0,0,,0,0,Auckland Region,Nil,2-way,Sealed,0,0,0,0,100,0,Off,0,0,,76,Auckland,Nil,0,0,0,0,0,0,Open,0,0,0,Fine,Null
1764198.858,5910135.2937,819285,,521801,0,,0,1,,Null,2025/2026,PRINCES STREET,ATKINSON AVENUE,,Non-Injury Crash,No,2025,,West,,0,,Flat,,,,,,Dark,786802,0,0,0,4,,,0,,,,,,Auckland Region,Nil,2-way,Sealed,,0,0,,50,,On,0,0,,76,Auckland,Traffic Signals,,,,,1,0,Urban,0,,,Light rain,Null
1766106.8703,5887713.3046,819295,,521122,0,0,0,1,0,South,2025/2026,CHARLES ROAD,ERNEST GEORGE DRIVE,,Non-Injury Crash,No,2026,0,South,1,0,0,Flat,0,,0,,0,Twilight,810000,0,0,0,2,0,0,0,0,0,,0,0,Auckland Region,Nil,2-way,Sealed,0,0,0,0,80,0,On,0,0,,76,Auckland,Nil,0,0,0,0,0,0,Open,0,0,0,Fine,Null
1769384.3175,5915386.2278,819317,,522711,0,,0,1,,Null,2025/2026,BLANCHE WAY,PIGEON MOUNTAIN ROAD,,Serious Crash,No,2025,,East,,0,,Flat,,,,,,Dark,680719,0,0,0,2,,,0,,,1,,,Auckland Region,Nil,2-way,Sealed,,0,1,,50,,On,0,0,,76,Auckland,Nil,,,,,0,0,Urban,0,,,Fine,Null
1746792.5397,5918831.3196,819325,,512401,0,,0,2,,Null,2025/2026,EDMONTON ROAD,TE ATATU ROAD,,Non-Injury Crash,No,2025,,East,,0,,Null,,,,,,Bright sun,255500,0,0,0,4,,,0,,,,,,Auckland Region,Nil,2-way,Sealed,,0,0,,50,,Null,0,0,,76,Auckland,Traffic Signals,,,,,0,0,Urban,0,,,Fine,Null
1762237.2282,5913581.9278,819331,,520402,0,,0,2,,South,2024/2025,SOUTHERN MOTORWAY,ELLERSLIE-PANMURE HWY ON RAMP,,Non-Injury Crash,Yes,2025,,South,,0,,Flat,,,,,,Bright sun,642200,0,0,0,3,,,0,,,,,,Auckland Region,Nil,1-way,Sealed,,0,0,,100,,Off,0,0,,76,Auckland,Nil,,,,,0,0,Open,0,,,Fine,Null
1771147.6338,5914752.9461,819332,,521602,0,0,0,1,0,North,2025/2026,RIDGE ROAD,VINCENT STREET,,Minor Crash,No,2025,0,North,0,0,0,Flat,0,,0,,0,Bright sun,647400,2,0,0,2,0,0,0,0,2,,0,0,Auckland Region,Nil,2-way,Sealed,0,0,0,0,50,0,Off,0,0,,76,Auckland,Nil,0,0,0,0,0,0,Urban,2,0,0,Fine,Null
1754596.9044,5919714.6697,819339,,515410,0,,0,2,,West,2025/2026,SACKVILLE STREET,RICHMOND ROAD,,Non-Injury Crash,No,2025,,East,,0,,Null,,,,,,Unknown,402400,0,0,0,2,,,0,,,,,,Auckland Region,Nil,2-way,Null,,0,0,,50,,Null,0,0,,76,Auckland,Nil,,,,,0,0,Urban,0,,,Null,Null
1753889.3741,5925659.9618,819345,,508610,0,0,0,1,0,South,2025/2026,GLENFIELD ROAD,COROGLEN AVENUE,,Non-Injury Crash,No,2026,0,North,0,0,0,Flat,0,,0,,0,Dark,207200,0,0,0,3,0,0,0,0,1,,0,0,Auckland Region,Nil,2-way,Sealed,0,0,0,0,50,0,On,1,0,,76,Auckland,Nil,0,0,0,0,0,0,Urban,0,0,0,Fine,Null