X,Y,OBJECTID,advisorySpeed,areaUnitID,bicycle,bridge,bus,carStationWagon,cliffBank,crashDirectionDescription,crashFinancialYear,crashLocation1,crashLocation2,crashRoadSideRoad,crashSeverity,crashSHDescription,crashYear,debris,directionRoleDescription,ditch,fatalCount,fence,flatHill,guardRail,holiday,houseOrBuilding,intersection,kerb,light,meshblockId,minorInjuryCount,moped,motorcycle,NumberOfLanes,objectThrownOrDropped,otherObject,otherVehicleType,overBank,parkedVehicle,pedestrian,phoneBoxEtc,postOrPole,region,roadCharacter,roadLane,roadSurface,roadworks,schoolBus,seriousInjuryCount,slipOrFlood,speedLimit,strayAnimal,streetLight,suv,taxi,temporarySpeedLimit,tlaId,tlaName,trafficControl,trafficIsland,trafficSign,train,tree,truck,unknownVehicleType,urban,vanOrUtility,vehicle,waterRiver,weatherA,weatherB
1769899.125,5900115.8312,819355,,523817,0,,0,3,,North,2024/2025,SOUTHERN MOTORWAY,PAPAKURA STM BR,,Non-Injury Crash,Yes,2025,,South,,0,,Flat,,,,,,Dark,759738,0,0,0,3,,,0,,,,,,Auckland Region,Nil,1-way,Sealed,,0,0,,100,,On,0,1,,76,Auckland,Nil,,,,,0,0,Open,0,,,Fine,Null
1759010.6294,5920418.1601,819369,,515902,0,,0,1,,Null,2024/2025,GLADSTONE ROAD,THE STRAND,,Minor Crash,No,2025,,East,,0,,Hill Road,,,,,,Bright sun,453200,2,0,0,2,,,0,,,,,,Auckland Region,Nil,2-way,Sealed,,0,0,,50,,Off,0,0,,76,Auckland,Give way,,,,,0,0,Urban,1,,,Fine,Null
1757062.948,5918412.036,819384,,514301,0,,0,1,,Null,2023/2024,BOSTON ROAD,MOUNT EDEN ROAD,,Non-Injury Crash,No,2024,,West,,0,,Flat,,Easter,,,,Unknown,441900,0,0,0,2,,,0,,,,,,Auckland Region,Nil,2-way,Sealed,,0,0,,50,,Off,0,0,,76,Auckland,Give way,,,,,0,0,Urban,0,,,Null,None
1753789.2612,5917873.5055,819399,,517800,1,,0,1,,Null,2025/2026,ST LUKES ROAD,LINWOOD AVENUE,,Minor Crash,No,2025,,North,,0,,Flat,,,,,,Bright sun,526801,1,0,0,2,,,0,,,,,,Auckland Region,Nil,2-way,Sealed,,0,0,,50,,Off,0,0,,76,Auckland,Stop,,,,,0,0,Urban,0,,,Fine,Null
1769008.3215,5900877.9935,819406,,524902,0,0,1,1,0,East,2024/2025,ALFRISTON ROAD,GREAT SOUTH ROAD,,Minor Crash,No,2025,0,West,0,0,0,Flat,0,,0,,0,Overcast,758200,1,0,0,2,0,0,0,0,0,,0,0,Auckland Region,Nil,2-way,Sealed,0,1,0,0,50,0,Off,0,0,,76,Auckland,Nil,0,0,0,0,0,0,Urban,0,1,0,Light rain,Null
1752400.7019,5918049.0466,819408,,515001,1,,0,1,,South,2025/2026,CARRINGTON ROAD,GREAT NORTH ROAD,,Non-Injury Crash,No,2025,,West,,0,,Null,,,,,,Bright sun,391601,1,0,0,3,,,0,,,,,,Auckland Region,Nil,2-way,Sealed,,0,0,,50,,Null,0,0,,76,Auckland,Nil,,,,,0,0,Urban,0,,,Fine,Null
1772676.0688,5894913.0927,819415,,525530,0,,0,1,,South,2025/2026,GREAT SOUTH ROAD,ROSEHILL DRIVE,,Non-Injury Crash,No,2025,,North,,0,,Flat,,,,,,Bright sun,803400,0,0,0,2,,,0,,,,,,Auckland Region,Nil,2-way,Sealed,,0,0,,50,,Off,0,0,,76,Auckland,Nil,,,,,0,0,Urban,1,,,Fine,Null
1755490.5037,5912620.5448,819423,,518701,0,0,0,2,0,South,2025/2026,ROGAN STREET,ARUNDEL STREET,,Non-Injury Crash,No,2025,0,South,0,0,0,Hill Road,0,,0,,0,Bright sun,573000,0,0,0,2,0,0,0,0,1,,0,0,Auckland Region,Nil,2-way,Sealed,0,0,0,0,50,0,Off,0,0,,76,Auckland,Nil,0,0,0,0,0,0,Urban,0,0,0,Fine,Null
1769408.2189,5914577.9976,819429,,522723,0,,0,2,,North,2025/2026,PAKURANGA ROAD,SIR LLOYD DRIVE,,Non-Injury Crash,No,2025,,North,,0,,Flat,,,,,,Overcast,681304,0,0,0,6,,,0,,,,,,Auckland Region,Nil,2-way,Sealed,,0,0,,60,,Off,0,0,,76,Auckland,Nil,,,,,0,0,Urban,0,,,Fine,Null
1772270.0214,5897099.7791,819430,,525420,0,,0,3,,Null,2025/2026,GREAT SOUTH ROAD,BRYNBELA COURT,,Minor Crash,No,2026,,West,,0,,Flat,,,,,,Bright sun,790700,2,0,0,2,,,0,,,,,,Auckland Region,Nil,2-way,Sealed,,0,0,,50,,Off,0,0,,76,Auckland,Nil,,,,,0,0,Urban,0,,,Fine,Null
1762916.0636,5907690.4981,819437,,524301,0,0,0,1,0,South,2025/2026,MASSEY ROAD,TENNESSEE AVENUE,,Non-Injury Crash,No,2026,0,North,0,0,1,Flat,0,,0,,0,Dark,747401,0,0,0,2,0,0,0,0,0,,0,0,Auckland Region,Nil,2-way,Sealed,0,0,0,0,50,0,On,0,0,,76,Auckland,Nil,0,0,0,0,0,0,Urban,0,0,0,Fine,Null
1767877.4276,5901848.5109,819453,,525001,0,0,0,1,0,East,2025/2026,CLARK STREET,STURDEE ROAD,,Non-Injury Crash,No,2025,0,West,0,0,0,Null,0,,0,,0,Bright sun,750500,0,0,0,2,0,0,0,0,1,,0,0,Auckland Region,Nil,2-way,Sealed,0,0,0,0,50,0,Off,0,0,,76,Auckland,Nil,0,0,0,0,0,0,Urban,1,0,0,Fine,Null
1757271.2776,5920939.8246,819454,,514102,0,0,0,0,0,West,2025/2026,FANSHAWE STREET,FEDERAL STREET,,Minor Crash,No,2025,0,West,0,0,0,Flat,0,,0,,0,Bright sun,433101,1,0,0,4,0,0,0,0,0,1,0,0,Auckland Region,Nil,1-way,Sealed,0,0,0,0,40,0,Off,0,0,,76,Auckland,Nil,0,1,0,0,1,0,Urban,0,0,0,Fine,Null
1768881.6143,5907574.8898,819455,,523711,0,,0,2,,East,2025/2026,ORMISTON ROAD,LAIDLAW WAY,,Non-Injury Crash,No,2025,,East,,0,,Flat,,,,,,Dark,712304,0,0,0,2,,,0,,,,,,Auckland Region,Nil,1-way,Sealed,,0,0,,50,,On,0,0,,76,Auckland,Nil,,,,,0,0,Urban,0,,,Fine,Null
1768688.7133,5904532.9041,819461,,523722,0,0,0,1,0,East,2025/2026,REDOUBT ROAD,ANCONA LANE,,Minor Crash,No,2025,0,East,0,0,0,Flat,1,,0,,0,Dark,715917,1,0,0,3,0,0,0,0,0,1,0,0,Auckland Region,Nil,2-way,Sealed,0,0,0,0,50,0,On,0,0,40,76,Auckland,Nil,0,0,0,0,0,0,Urban,0,0,0,Fine,Null
1765869.1887,5906282.4146,819462,,522202,0,0,0,2,0,North,2025/2026,ST GEORGE STREET,KINGSWOOD ROAD,,Non-Injury Crash,No,2025,0,North,0,0,0,Flat,0,,0,,0,Overcast,663900,0,0,0,2,0,0,0,0,1,,0,0,Auckland Region,Nil,2-way,Sealed,0,0,0,0,50,0,Off,0,0,,76,Auckland,Nil,0,0,0,0,0,0,Urban,0,0,0,Fine,Null
1751634.4176,5917624.4196,819463,,514900,0,,0,1,,North,2025/2026,WATERBANK CRESCENT,HERDMAN STREET,,Non-Injury Crash,No,2025,,West,,0,,Flat,,,,,,Bright sun,385200,0,0,0,2,,,0,,,,,,Auckland Region,Nil,2-way,Sealed,,0,0,,30,,None,1,0,,76,Auckland,Nil,,,,,0,0,Urban,0,,,Fine,Null
1766349.5762,5899499.0027,819469,,524812,0,0,0,0,0,West,2025/2026,DAMIAN WAY,LEAVER PLACE,,Minor Crash,No,2025,0,West,0,0,0,Flat,0,,0,,0,Dark,774202,1,0,0,2,0,0,0,0,0,,0,0,Auckland Region,Nil,2-way,Sealed,0,0,0,0,30,0,On,0,0,,76,Auckland,Nil,0,0,0,1,0,0,Urban,1,0,0,Fine,Null
1757197.3441,5919389.1671,819478,,514200,0,,1,1,,Null,2025/2026,KARANGAHAPE ROAD,SYMONDS STREET,,Non-Injury Crash,No,2026,,East,,0,,Flat,,,,,,Overcast,412301,0,0,0,6,,,0,,,,,,Auckland Region,Nil,2-way,Sealed,,0,0,,50,,Off,0,0,,76,Auckland,Traffic Signals,,,,,0,0,Urban,0,,,Fine,Null
1754022.897,5914433.7169,819484,,518802,0,,0,2,,Null,2025/2026,SANDRINGHAM ROAD EXTENSION,WILLIAM BLOFIELD AVENUE,,Non-Injury Crash,No,2025,,North,,0,,Flat,,,,,,Bright sun,578100,0,0,0,2,,,0,,,,,,Auckland Region,Nil,2-way,Sealed,,0,0,,50,,Off,0,0,30,76,Auckland,Stop,,,,,0,0,Urban,0,,,Fine,Null
1767365.0051,5907331.3156,819492,,523602,0,,0,1,,Null,2025/2026,COBHAM CRESCENT,BOND STREET,,Non-Injury Crash,No,2025,,North,,0,,Flat,,,,,,Dark,708300,0,0,0,2,,,0,,,,,,Auckland Region,Nil,2-way,Sealed,,0,0,,50,,On,0,0,,76,Auckland,Give way,,,,,0,0,Urban,1,,,Fine,Null
1757427.765,5914578.429,819500,,515802,0,,0,1,,East,2025/2026,SELWYN ROAD,BUCKLEY ROAD,,Non-Injury Crash,No,2025,,East,,0,,Flat,,,,,,Bright sun,448700,0,0,0,2,,,0,,,,,,Auckland Region,Nil,2-way,Sealed,,0,0,,50,,Off,0,0,,76,Auckland,Nil,,,,,0,0,Urban,1,,,Fine,Null
1747012.9503,5919150.1912,819507,,512402,0,,0,1,,North,2024/2025,TE ATATU ROAD,JAEMONT AVENUE,,Non-Injury Crash,No,2025,,North,,0,,Null,,,,,,Bright sun,254600,0,0,0,4,,,0,,,1,,,Auckland Region,Nil,2-way,Sealed,,0,0,,50,,Null,0,0,,76,Auckland,Nil,,,,,0,0,Urban,0,,,Fine,Null
1735990.6832,5985153.8195,819514,,506660,0,0,0,1,0,North,2024/2025,SH 1,LOVERS LANE,,Non-Injury Crash,Yes,2025,0,South,0,0,0,Flat,1,,0,,0,Overcast,143900,0,0,0,2,0,0,0,0,0,,0,0,Auckland Region,Nil,2-way,Sealed,0,0,0,1,100,0,Off,0,0,,76,Auckland,Nil,0,0,0,0,0,0,Open,0,0,0,Heavy rain,Null
1768176.9015,5885108.9799,819515,,521111,0,,0,2,,South,2025/2026,PAERATA ROAD,CROWN ROAD,,Non-Injury Crash,Yes,2025,,North,,0,,Flat,,,,,,Overcast,813800,0,0,0,2,,,0,,,,,,Auckland Region,Nil,2-way,Sealed,,0,0,,60,,Off,0,0,,76,Auckland,Nil,,,,,0,0,Urban,0,,,Fine,Null
1770583.7275,5901806.2285,819536,,523814,0,0,0,1,0,West,2024/2025,RATHMAR DRIVE,STRATFORD ROAD,,Non-Injury Crash,No,2025,0,East,0,0,0,Flat,0,,0,,0,Twilight,759520,0,0,0,2,0,0,0,0,1,,0,0,Auckland Region,Nil,2-way,Sealed,0,0,0,0,50,0,Null,0,0,,76,Auckland,Nil,0,0,0,0,0,0,Urban,1,0,0,Fine,Null
1753812.4985,5930388.2214,819546,,508420,0,0,0,2,0,North,2025/2026,SUNSET ROAD,TRIAS ROAD,,Non-Injury Crash,No,2025,0,North,0,0,0,Hill Road,0,,0,,0,Dark,182001,0,0,0,2,0,0,0,0,1,,0,0,Auckland Region,Nil,2-way,Sealed,0,0,0,0,50,0,On,0,0,,76,Auckland,Nil,0,0,0,0,0,0,Urban,0,0,0,Fine,Null
1735199.1729,5909292.4034,819552,,513800,0,0,0,3,0,West,2025/2026,PIHA ROAD,ANAWHATA ROAD,,Minor Crash,No,2025,0,North,0,0,0,Hill Road,0,,0,,0,Dark,281902,1,0,0,2,0,0,0,0,0,,0,0,Auckland Region,Nil,2-way,Sealed,0,0,0,0,60,0,None,0,0,,76,Auckland,Nil,0,0,0,1,0,0,Urban,1,0,0,Fine,Null
1768038.9944,5903254.626,819567,,524602,0,,0,2,,West,2024/2025,KERRS ROAD,GREAT SOUTH ROAD,,Non-Injury Crash,No,2025,,East,,0,,Flat,,,,,,Dark,780407,0,0,0,4,,,0,,,,,,Auckland Region,Nil,2-way,Sealed,,0,0,,50,,On,0,0,,76,Auckland,Nil,,,,,0,0,Urban,0,,,Fine,Null
1755778.3296,5916448.9363,819569,,518201,0,,0,2,,Null,2025/2026,DOMINION ROAD,DEXTER AVENUE,,Non-Injury Crash,No,2025,,South,,0,,Flat,,,,,,Overcast,552900,0,0,0,2,,,0,,,,,,Auckland Region,Nil,2-way,Sealed,,0,0,,50,,Off,0,0,,76,Auckland,Stop,,,,,0,0,Urban,0,,,Light rain,Null
1768020.1649,5910077.1367,819575,,523112,0,0,0,1,0,North,2025/2026,ALLENS ROAD,ROSS REID PLACE,,Minor Crash,No,2025,0,North,0,0,0,Flat,0,,0,,0,Overcast,711600,1,0,0,2,0,0,0,0,1,,0,0,Auckland Region,Nil,2-way,Sealed,0,0,0,0,50,0,Off,0,0,,76,Auckland,Nil,0,0,0,0,1,0,Urban,0,0,0,Fine,Null
1771611.7929,5903172.2747,819576,,523818,0,0,0,0,1,North,2025/2026,MILL ROAD,POLO PRINCE DRIVE,,Minor Crash,No,2025,0,North,0,0,0,Hill Road,0,,0,,0,Bright sun,760904,1,0,0,2,0,0,0,0,0,,0,0,Auckland Region,Nil,2-way,Sealed,0,0,0,0,60,0,None,0,0,30,76,Auckland,Nil,0,0,0,0,1,0,Urban,0,0,0,Fine,Null
1775147.9366,5909581.2787,819577,,523202,0,,0,1,,West,2025/2026,WHITFORD MARAETAI ROAD,TRIG ROAD,,Minor Crash,No,2025,,North,,0,,Flat,,,,,,Bright sun,716401,4,0,0,2,,,0,,,,,,Auckland Region,Nil,2-way,Sealed,,0,0,,50,,Off,0,0,,76,Auckland,Nil,,,,,0,0,Urban,1,,,Fine,Null
1768006.7629,5914026.6923,819584,,522820,0,0,0,1,0,Null,2025/2026,GLENMORE ROAD,THE BOULEVARD,,Non-Injury Crash,No,2025,0,North,0,0,0,Flat,0,Labour Weekend,0,,0,Bright sun,692202,0,0,0,2,0,0,0,0,0,,0,0,Auckland Region,Nil,2-way,Sealed,0,0,0,0,50,0,Off,0,0,40,76,Auckland,Stop,1,0,0,1,0,0,Urban,0,0,0,Fine,Null
1754255.1083,5926623.3133,819585,,508610,0,0,0,1,0,West,2025/2026,MOUNTBATTEN AVENUE,HUME DRIVE,,Non-Injury Crash,No,2025,0,North,0,0,0,Null,0,Christmas New Year,0,,0,Bright sun,205500,0,0,0,2,0,0,0,0,1,,0,0,Auckland Region,Nil,2-way,Sealed,0,0,0,0,50,0,Null,0,0,,76,Auckland,Nil,0,0,0,0,1,0,Urban,0,0,0,Fine,Null
1757921.5585,5920181.283,819598,,514103,0,,1,0,,South,2024/2025,SYMONDS STREET,CHARLES NALDEN LANE,,Non-Injury Crash,No,2025,,South,,0,,Flat,,,,,,Bright sun,437300,0,0,0,4,,,0,,,,,,Auckland Region,Nil,2-way,Sealed,,0,0,,30,,Off,0,0,,76,Auckland,Nil,,,,,1,0,Urban,0,,,Fine,Null
1752345.7856,5924983.8967,819599,,510401,0,0,0,3,0,South,2025/2026,WAIPA STREET,KAURI ROAD,,Non-Injury Crash,No,2026,0,North,0,0,0,Hill Road,0,,0,,0,Bright sun,353801,0,0,0,2,0,0,0,0,2,,0,0,Auckland Region,Nil,2-way,Sealed,0,0,0,0,50,0,Off,0,0,,76,Auckland,Nil,0,0,0,0,0,0,Urban,0,0,0,Fine,Null
1768318.2948,5913858.3991,819606,,523000,0,,0,2,,Null,2024/2025,GOSSAMER DRIVE,PAKURANGA ROAD,,Non-Injury Crash,No,2025,,North,,0,,Flat,,,,,,Bright sun,690200,0,0,0,2,,,0,,,,,,Auckland Region,Nil,2-way,Sealed,,0,0,,50,,Off,1,0,,76,Auckland,Traffic Signals,,,,,0,0,Urban,0,,,Fine,Null
1764114.2484,5910402.5533,819607,,521801,0,,1,1,,Null,2025/2026,ATKINSON AVENUE,LUKE STREET,,Minor Crash,No,2025,,South,,0,,Flat,,Labour Weekend,,,,Bright sun,786600,1,0,0,2,,,0,,,,,,Auckland Region,Nil,2-way,Sealed,,0,0,,50,,Off,0,0,,76,Auckland,Stop,,,,,0,0,Urban,0,,,Fine,Null
1746470.1252,5918757.2006,819630,,512401,0,0,0,1,0,West,2025/2026,EDMONTON ROAD,BOSNYAK DRIVE,,Non-Injury Crash,No,2025,0,West,0,0,1,Hill Road,0,Christmas New Year,0,,0,Overcast,256000,0,0,0,3,0,0,0,0,0,,0,0,Auckland Region,Nil,2-way,Sealed,0,0,0,0,50,0,Off,0,0,,76,Auckland,Nil,0,0,0,0,0,0,Urban,0,0,0,Fine,Null
1742195.0532,5920637.1452,819639,,513622,0,0,0,1,1,East,2025/2026,CHAMBERLAIN ROAD,BIRDWOOD ROAD,,Non-Injury Crash,No,2025,0,East,0,0,0,Hill Road,0,,0,,0,Overcast,226700,0,0,0,2,0,0,0,0,0,,0,0,Auckland Region,Nil,2-way,Sealed,0,0,0,0,40,0,Off,0,0,,76,Auckland,Nil,0,0,0,0,0,0,Urban,0,0,0,Fine,Null
1768365.0313,5908557.2462,819663,,523113,0,,0,1,,Null,2025/2026,EAST TAMAKI ROAD,SPRINGS ROAD,,Non-Injury Crash,No,2025,,West,,0,,Flat,,,,,,Bright sun,711901,0,0,0,2,,,0,,,,,,Auckland Region,Nil,2-way,Sealed,,0,0,,50,,Off,1,0,,76,Auckland,Give way,,,,,0,0,Urban,0,,,Fine,Null
1755142.8152,5917258.8858,819686,,517701,0,,0,1,,South,2025/2026,SANDRINGHAM ROAD,ETHEL STREET,,Minor Crash,No,2025,,North,,0,,Flat,,,,,,Overcast,536700,1,0,0,2,,,0,,,1,,,Auckland Region,Nil,2-way,Sealed,,0,0,,50,,Off,0,0,,76,Auckland,Nil,,,,,0,0,Urban,0,,,Fine,Null
1743557.5712,5921140.8713,819687,,513632,0,0,0,0,0,West,2025/2026,WAIMUMU ROAD,HEWLETT ROAD,,Minor Crash,No,2026,0,East,0,0,0,Flat,0,,0,,0,Bright sun,227900,3,0,0,2,0,0,0,0,1,,0,0,Auckland Region,Nil,2-way,Sealed,0,0,0,0,50,0,Off,1,0,,76,Auckland,Nil,0,0,0,0,0,0,Urban,1,0,0,Fine,Null
1749576.4669,5912373.9314,819693,,511402,0,,0,0,,West,2025/2026,SHERIDAN DRIVE,BLEASE STREET,,Minor Crash,No,2026,,East,,0,,Hill Road,,,,,,Bright sun,262402,1,0,0,2,,,0,,,1,,,Auckland Region,Speed hump,2-way,Sealed,,0,0,,50,,Off,0,0,,76,Auckland,Nil,,,,,0,0,Urban,1,,,Fine,Null
1752273.8099,5925358.9129,819695,,510220,0,0,0,1,0,North,2024/2025,VERBENA ROAD,VERBENA ROAD,,Non-Injury Crash,No,2025,0,South,0,0,0,Null,0,,0,,1,Dark,350504,0,0,0,2,0,0,0,0,1,,0,0,Auckland Region,Nil,2-way,Sealed,0,0,0,0,50,0,Null,0,0,,76,Auckland,Nil,0,0,0,0,0,0,Urban,0,0,0,Fine,Null
1753985.9719,5975427.5542,819702,,506659,0,0,0,1,0,West,2025/2026,MATAKANA ROAD,RIVERGLADE LANE,,Non-Injury Crash,No,2025,0,West,1,0,0,Flat,0,,0,,0,Bright sun,138003,0,0,0,2,0,0,0,0,0,,0,0,Auckland Region,Nil,2-way,Sealed,0,0,0,0,50,0,Off,0,0,,76,Auckland,Nil,0,1,0,0,0,0,Urban,0,0,0,Fine,Null
1759060.7185,5918806.666,819708,,515901,0,0,0,1,0,South,2024/2025,AYR STREET,LAURIE AVENUE,,Minor Crash,No,2025,0,East,0,0,0,Hill Road,0,,0,,0,Dark,451800,1,0,0,2,0,0,0,0,0,,0,1,Auckland Region,Nil,2-way,Sealed,0,0,0,0,50,0,On,0,0,,76,Auckland,Nil,0,0,0,0,0,0,Urban,0,0,0,Fine,Null
1753451.0256,5912124.846,819716,,518902,0,,0,1,,North,2024/2025,HILLSBOROUGH ROAD,THE AVENUE,,Minor Crash,No,2025,,North,,0,,Hill Road,,,,,,Dark,587300,1,0,1,2,,,0,,,,,,Auckland Region,Nil,2-way,Sealed,,0,0,,50,,On,0,0,,76,Auckland,Nil,,,,,0,0,Urban,0,,,Fine,Null
1745590.9675,5917539.804,819724,,510700,0,,0,0,,Null,2024/2025,ALDERMAN DRIVE,SEL PEACOCK DRIVE,,Minor Crash,No,2025,,East,,0,,Flat,,,,,,Overcast,239900,1,0,0,1,,,0,,,,,,Auckland Region,Speed hump,1-way,Sealed,,0,0,,50,,Off,1,0,,76,Auckland,Give way,,,,,0,0,Urban,0,,,Light rain,Null
1756371.2817,5920225.8897,819740,,514000,0,0,0,1,0,North,2025/2026,NORTHERN MOTORWAY,NORTH-WESTERN TO NORTHERN LINK,,Non-Injury Crash,Yes,2025,0,North,0,0,0,Hill Road,1,,0,,0,Bright sun,416800,0,0,0,3,0,0,0,0,0,,0,0,Auckland Region,Nil,1-way,Sealed,0,0,0,0,80,0,Null,0,0,,76,Auckland,Nil,0,0,0,0,1,0,Open,0,0,0,Fine,Null
1750169.8743,5946793.4809,819747,,505806,0,,0,2,,Null,2025/2026,MILLWATER PARKWAY,SILVERDALE STREET,,Minor Crash,No,2025,,West,,0,,Flat,,,,,,Overcast,176504,1,0,0,4,,,0,,,,,,Auckland Region,Nil,2-way,Sealed,,0,0,,50,,Off,0,0,,76,Auckland,Give way,,,,,0,0,Urban,0,,,Fine,Null
1755876.7343,5913645.2156,819754,,518701,0,0,0,1,0,South,2025/2026,FROST ROAD,BRITTON AVENUE,,Non-Injury Crash,No,2025,0,North,0,0,0,Null,0,,0,,0,Bright sun,569300,0,0,0,2,0,0,0,0,1,,0,0,Auckland Region,Nil,2-way,Sealed,0,0,0,0,50,0,Null,0,0,,76,Auckland,Nil,0,0,0,0,1,0,Urban,0,0,0,Fine,Null
1756783.6799,5920181.3144,819761,,514102,0,,0,1,,Null,2025/2026,COOK STREET,NELSON STREET,,Non-Injury Crash,No,2025,,West,,0,,Hill Road,,,,,,Dark,434103,0,0,0,3,,,0,,,1,,,Auckland Region,Nil,2-way,Sealed,,0,0,,30,,On,0,0,,76,Auckland,Traffic Signals,,,,,0,0,Urban,0,,,Fine,Null
1751711.0619,5934255.4285,819762,,508701,0,,0,1,,Null,2024/2025,OTEHA VALLEY ROAD,OTEHA VALLEY ROAD EXTENSION,,Non-Injury Crash,No,2025,,North,,0,,Flat,,,,,,Dark,178900,0,0,0,2,,,0,,,,,,Auckland Region,Nil,1-way,Sealed,,0,0,,50,,On,1,0,,76,Auckland,Give way,,,,,0,0,Urban,0,,,Light rain,Null
1765630.151,5898551.919,819768,,524811,0,0,0,1,0,Null,2025/2026,GIBBONS ROAD,HONEY PLACE,,Non-Injury Crash,No,2025,0,West,0,0,1,Flat,0,,0,,1,Dark,773804,0,0,0,2,0,0,0,0,0,,0,0,Auckland Region,Nil,2-way,Sealed,0,0,0,0,50,0,On,0,0,,76,Auckland,Nil,0,0,0,0,0,0,Urban,0,0,0,Fine,Null
1767871.7126,5883399.3107,819790,,521111,0,0,0,1,0,East,2025/2026,HEIGHTS ROAD,BEATTY ROAD,,Non-Injury Crash,No,2025,0,West,1,0,0,Hill Road,0,,0,,0,Overcast,826601,0,0,0,2,0,0,0,0,0,,0,0,Auckland Region,Nil,2-way,Sealed,0,0,0,0,80,0,None,0,0,,76,Auckland,Nil,0,0,0,0,0,0,Open,0,0,0,Light rain,Null
1752492.5262,5933295.0467,819798,35,508807,0,,0,2,,Null,2025/2026,ALBANY EXPRESSWAY,BUSH ROAD,,Non-Injury Crash,No,2025,,West,,0,,Flat,,,,,,Bright sun,180404,0,0,0,3,,,0,,,,,,Auckland Region,Nil,2-way,Sealed,,0,0,,50,,Off,0,0,30,76,Auckland,Give way,,,,,0,0,Urban,0,,,Fine,Null
1764445.5162,5904995.2747,819805,,522100,0,,0,1,,Null,2025/2026,WYLLIE ROAD,PAH ROAD,,Minor Crash,No,2025,,North,,0,,Flat,,,,,,Twilight,658500,2,0,0,2,,,0,,,,,,Auckland Region,Nil,2-way,Sealed,,0,0,,50,,On,1,0,,76,Auckland,Give way,,,,,0,0,Urban,0,,,Fine,Null
1769920.1536,5906461.9583,819812,,523713,0,,0,1,,Null,2025/2026,FLAT BUSH SCHOOL ROAD,DONEGAL PARK DRIVE,,Minor Crash,No,2026,,West,,0,,Flat,,,,,,Bright sun,713100,1,0,1,2,,,0,,,,,,Auckland Region,Nil,2-way,Sealed,,0,0,,50,,Off,0,0,,76,Auckland,Give way,,,,,0,0,Urban,0,,,Fine,Null
1758293.2937,5911840.2267,819813,,519810,0,0,0,0,0,East,2025/2026,SOUTH-WESTERN MOTORWAY,NEILSON STREET OFF RAMP,,Serious Crash,Yes,2025,0,East,0,0,0,Flat,1,,0,,0,Dark,602501,1,0,0,3,0,0,0,0,0,,0,0,Auckland Region,Nil,1-way,Sealed,0,0,1,0,100,0,On,1,0,,76,Auckland,Nil,0,0,0,0,0,0,Open,1,0,0,Fine,Null
1752894.4596,5934207.1757,819814,,508701,0,0,0,1,0,Null,2025/2026,DON MCKINNON DRIVE,CIVIC CRESCENT,,Non-Injury Crash,No,2025,0,South,0,0,0,Flat,0,Christmas New Year,0,,1,Bright sun,178900,0,0,0,2,0,0,0,0,0,,0,0,Auckland Region,Nil,1-way,Sealed,0,0,0,0,50,0,Off,0,0,,76,Auckland,Give way,0,0,0,1,0,0,Urban,0,0,0,Fine,Strong wind
1753886.7035,5934484.1954,819817,,508704,1,,0,0,,North,2022/2023,EAST COAST ROAD,SPENCER ROAD,,Minor Crash,No,2023,,South,,0,,Flat,,,,,,Overcast,179130,1,0,0,2,,,0,,,,,,Auckland Region,Nil,2-way,Sealed,,0,0,,50,,Off,0,0,,76,Auckland,Nil,,,,,1,0,Urban,0,,,Fine,Null
1765929.914,5906460.1886,819829,,522202,0,0,0,3,0,North,2025/2026,GREAT SOUTH ROAD,TUI ROAD,,Minor Crash,No,2026,0,South,0,0,0,Flat,0,,1,,0,Dark,663900,1,0,0,4,0,0,0,0,2,,0,0,Auckland Region,Nil,2-way,Sealed,0,0,0,0,50,0,On,0,0,,76,Auckland,Nil,0,0,0,0,0,0,Urban,0,0,0,Fine,Null
1755254.0152,5938264.6859,819840,,508900,0,0,0,2,0,Null,2022/2023,ASHLEY AVENUE,CAVALLI ROAD,,Minor Crash,No,2023,0,South,0,0,1,Hill Road,1,,0,,0,Bright sun,178310,3,0,0,2,0,0,0,0,0,,0,0,Auckland Region,Nil,2-way,Sealed,0,0,0,0,50,0,Off,0,0,,76,Auckland,Give way,0,0,0,0,0,0,Urban,0,0,0,Fine,Null
1769898.1654,5900058.7678,819851,,523817,0,,0,1,,North,2025/2026,SOUTHERN MOTORWAY,PAPAKURA STM BR,,Non-Injury Crash,Yes,2025,,South,,0,,Flat,,,,,,Overcast,759738,0,0,0,3,,,0,,,,,,Auckland Region,Nil,1-way,Sealed,,0,0,,100,,Off,1,0,90,76,Auckland,Nil,,,,,0,0,Open,0,,,Light rain,Null
1752534.3387,5917006.6314,819853,,517800,1,,0,1,,Null,2025/2026,CARRINGTON ROAD,SEAVIEW TERRACE,,Minor Crash,No,2025,,South,,0,,Hill Road,,,,,,Dark,525500,1,0,0,4,,,0,,,,,,Auckland Region,Nil,2-way,Sealed,,0,0,,50,,On,0,0,,76,Auckland,Give way,,,,,0,0,Urban,0,,,Heavy rain,Null
1745425.0705,5920770.1889,819860,,513301,0,0,0,1,0,West,2025/2026,NORTH-WESTERN MOTORWAY,LINCOLN OBR,,Non-Injury Crash,Yes,2025,0,West,1,0,0,Flat,0,,0,,0,Overcast,231700,0,0,0,3,0,0,0,0,0,,0,0,Auckland Region,Underpass,1-way,Sealed,0,0,0,0,100,0,On,0,0,,76,Auckland,Nil,0,0,0,0,0,0,Open,0,0,0,Fine,Null