X,Y,OBJECTID,advisorySpeed,areaUnitID,bicycle,bridge,bus,carStationWagon,cliffBank,crashDirectionDescription,crashFinancialYear,crashLocation1,crashLocation2,crashRoadSideRoad,crashSeverity,crashSHDescription,crashYear,debris,directionRoleDescription,ditch,fatalCount,fence,flatHill,guardRail,holiday,houseOrBuilding,intersection,kerb,light,meshblockId,minorInjuryCount,moped,motorcycle,NumberOfLanes,objectThrownOrDropped,otherObject,otherVehicleType,overBank,parkedVehicle,pedestrian,phoneBoxEtc,postOrPole,region,roadCharacter,roadLane,roadSurface,roadworks,schoolBus,seriousInjuryCount,slipOrFlood,speedLimit,strayAnimal,streetLight,suv,taxi,temporarySpeedLimit,tlaId,tlaName,trafficControl,trafficIsland,trafficSign,train,tree,truck,unknownVehicleType,urban,vanOrUtility,vehicle,waterRiver,weatherA,weatherB
1761224.0483,5912416.3922,819861,,519500,0,,0,2,,Null,2025/2026,CHURCH STREET,MAURICE ROAD,,Non-Injury Crash,No,2025,,East,,0,,Flat,,,,,,Bright sun,622300,0,0,0,2,,,0,,,,,,Auckland Region,Nil,2-way,Sealed,,0,0,,50,,Off,0,0,,76,Auckland,Stop,,,,,0,0,Urban,0,,,Fine,Null
1768171.0685,5902467.964,819868,,524602,0,,1,2,,North,2025/2026,GREAT SOUTH ROAD,ORAMS ROAD,,Non-Injury Crash,No,2025,,South,,0,,Flat,,,,,,Overcast,780700,0,0,0,4,,,0,,,,,,Auckland Region,Nil,2-way,Sealed,,0,0,,50,,Off,0,0,,76,Auckland,Nil,,,,,0,0,Urban,0,,,Fine,Null
1769872.9371,5899267.9328,819883,,523920,0,,0,1,,South,2024/2025,SOUTHERN MOTORWAY,GT SOUTH OBR,,Non-Injury Crash,Yes,2024,,North,,0,,Flat,,,,,,Bright sun,767922,0,0,0,3,,,0,,,,,,Auckland Region,Nil,1-way,Sealed,,0,0,,100,,Off,0,0,,76,Auckland,Nil,,,,,1,0,Open,1,,,Fine,Null
1756898.0425,5919180.9776,819884,,514200,0,,0,2,,West,2025/2026,SOUTHERN MOTORWAY,UPPER QUEEN OBR,,Non-Injury Crash,Yes,2026,,West,,0,,Flat,,,,,,Bright sun,412900,0,0,0,3,,,0,,,,,,Auckland Region,Underpass,1-way,Sealed,,0,0,,80,,Off,0,0,,76,Auckland,Nil,,,,,0,0,Open,0,,,Fine,Null
1753844.4562,5926758.1583,819899,,508610,0,,0,1,,Null,2025/2026,CORONATION ROAD,GLENFIELD ROAD,,Non-Injury Crash,No,2025,,West,,0,,Null,,,,,,Bright sun,205201,0,0,0,2,,,0,,,,,,Auckland Region,Nil,2-way,Sealed,,0,0,,50,,Null,0,0,,76,Auckland,Give way,,,,,0,1,Urban,0,,,Null,Null
1754739.9732,5915816.6645,819907,,517703,0,,0,2,,Null,2025/2026,SANDRINGHAM ROAD,HALESOWEN AVENUE,,Non-Injury Crash,No,2026,,North,,0,,Flat,,,,,,Overcast,538200,0,0,0,2,,,0,,,,,,Auckland Region,Nil,2-way,Sealed,,0,0,,50,,Off,0,0,,76,Auckland,Give way,,,,,0,0,Urban,0,,,Fine,Null
1745318.4334,5920094.5844,819914,,513301,0,,0,1,,South,2024/2025,LINCOLN ROAD,DAYTONA ROAD,,Non-Injury Crash,No,2025,,North,,0,,Null,,,,,,Overcast,231900,0,0,0,4,,,0,,,,,,Auckland Region,Nil,2-way,Sealed,,0,0,,50,,Null,1,0,,76,Auckland,Nil,,,,,0,0,Urban,0,,,Fine,Null
1746031.4548,5947807.4879,819916,,506614,0,0,0,0,0,North,2025/2026,GERVIN ROAD,WAINUI ROAD,,Non-Injury Crash,No,2025,0,South,0,0,0,Hill Road,0,,0,,0,Dark,177702,0,0,0,2,0,0,0,0,0,,0,0,Auckland Region,Nil,2-way,Unsealed,0,0,0,0,100,0,None,1,0,,76,Auckland,Nil,0,0,0,0,0,0,Open,0,0,1,Light rain,Null
1757771.8426,5918206.1864,819919,,515700,0,,0,2,,South,2022/2023,SOUTHERN MOTORWAY,MOUNTAIN OBR,,Minor Crash,Yes,2023,,North,,0,,Flat,,,,,,Overcast,443600,1,0,0,4,,,0,,,,,,Auckland Region,Nil,1-way,Sealed,,0,0,,80,,Off,0,0,,76,Auckland,Nil,,,,,0,0,Open,0,,,Fine,Null
1751098.6898,5915765.5953,819924,,514401,0,,0,0,,Null,2025/2026,GREAT NORTH ROAD,ASH STREET,,Non-Injury Crash,No,2026,,South,,0,,Flat,,,,,,Bright sun,381801,0,0,0,2,,,0,,,,,,Auckland Region,Nil,2-way,Sealed,,0,0,,50,,Off,2,0,,76,Auckland,Traffic Signals,,,,,0,0,Urban,0,,,Fine,Null
1768303.1335,5913860.0413,819931,,523000,0,,0,2,,Null,2024/2025,GOSSAMER DRIVE,PAKURANGA ROAD ,,Non-Injury Crash,No,2025,,North,,0,,Null,,,,,,Unknown,690700,0,0,0,2,,,0,,,,,,Auckland Region,Nil,1-way,Sealed,,0,0,,50,,Null,0,0,,76,Auckland,Give way,,,,,0,0,Urban,0,,,Heavy rain,Null
1768684.3675,5905320.1414,819946,,523722,0,,0,2,,Null,2025/2026,TE IRIRANGI DRIVE,HOLLYFORD DRIVE,,Non-Injury Crash,No,2025,,West,,0,,Flat,,,,,,Bright sun,716008,0,0,0,3,,,0,,,,,,Auckland Region,Nil,2-way,Sealed,,0,0,,60,,Off,0,0,,76,Auckland,Traffic Signals,,,,,0,0,Urban,0,,,Fine,Null
1755879.3928,5916810.08,819947,,518201,0,,0,3,,North,2025/2026,DOMINION ROAD,ELIZABETH STREET,,Minor Crash,No,2025,,South,,0,,Hill Road,,,,,,Bright sun,549200,1,0,0,2,,,0,,,,,,Auckland Region,Nil,2-way,Sealed,,0,0,,50,,Off,0,0,,76,Auckland,Nil,,,,,0,0,Urban,0,,,Fine,Null
1758747.5854,5915509.168,819953,,519300,0,0,0,1,0,East,2025/2026,GREEN LANE WEST,GREENLANE HPTL GT2,,Non-Injury Crash,No,2025,0,East,0,0,0,Flat,0,,0,,0,Bright sun,622900,0,0,0,4,0,0,0,0,0,,0,1,Auckland Region,Nil,2-way,Sealed,0,0,0,0,50,0,Off,0,0,,76,Auckland,Nil,0,0,0,0,0,0,Urban,0,0,0,Fine,Null
1756696.1408,5919212.2376,819960,,514200,0,,0,2,,West,2025/2026,SOUTHERN MOTORWAY,UPPER QUEEN OBR,,Non-Injury Crash,Yes,2026,,West,,0,,Flat,,,,,,Twilight,412900,0,0,0,2,,,0,,,,,,Auckland Region,Nil,1-way,Sealed,,0,0,,80,,Off,0,0,,76,Auckland,Nil,,,,,0,0,Open,0,,,Fine,Null
1753815.7749,5918362.0864,819968,,515431,0,,0,1,,Null,2025/2026,GREAT NORTH ROAD,ST LUKES ROAD,,Non-Injury Crash,No,2025,,East,,0,,Flat,,,,,,Overcast,405000,0,0,0,4,,,0,,,,,,Auckland Region,Nil,2-way,Sealed,,0,0,,50,,Null,1,0,,76,Auckland,Traffic Signals,,,,,0,0,Urban,0,,,Fine,Null
1758479.2306,5918568.926,819975,,517400,0,,0,0,,Null,2025/2026,CARLTON GORE ROAD,DAVIS CRESCENT,,Minor Crash,No,2025,,West,,0,,Flat,,,,,,Overcast,451000,1,0,1,3,,,0,,,,,,Auckland Region,Nil,2-way,Sealed,,0,0,,50,,Off,1,0,,76,Auckland,Give way,,,,,0,0,Urban,0,,,Fine,Null
1767061.4776,5901973.7091,819983,,524720,0,,0,2,,Null,2024/2025,BROWNS ROAD,MARR ROAD,,Non-Injury Crash,No,2025,,West,,0,,Flat,,,,,,Bright sun,779600,0,0,0,2,,,0,,,,,,Auckland Region,Nil,2-way,Sealed,,0,0,,50,,Off,0,0,,76,Auckland,Give way,,,,,0,0,Urban,0,,,Fine,Null
1774977.0033,5887327.5936,819991,,521302,0,0,0,1,0,South,2025/2026,SOUTHERN MOTORWAY,PRATTS OBR,,Non-Injury Crash,Yes,2025,0,South,0,0,0,Flat,0,,0,,0,Dark,809104,0,0,0,2,0,0,0,0,0,,0,1,Auckland Region,Overpass,1-way,Sealed,0,0,0,0,100,0,On,0,0,,76,Auckland,Nil,0,0,0,0,0,0,Open,0,0,0,Fine,Null
1748855.6975,5913304.0463,820006,,511401,0,,0,2,,Null,2025/2026,WILLERTON AVENUE,TITIRANGI ROAD,,Non-Injury Crash,No,2025,,North,,0,,Flat,,,,,,Twilight,263700,0,0,0,2,,,0,,,,,,Auckland Region,Nil,2-way,Sealed,,0,0,,50,,On,0,0,,76,Auckland,Give way,,,,,0,0,Urban,0,,,Fine,Null
1757223.7824,5912478.3639,820014,,518702,0,,0,2,,East,2024/2025,SOUTH-WESTERN MOTORWAY,HILLSBOROUGH ROAD ON RAMP,,Non-Injury Crash,Yes,2025,,South,,0,,Hill Road,,,,,,Dark,570300,0,0,0,3,,,0,,,,,,Auckland Region,Nil,1-way,Sealed,,0,0,,100,,On,0,0,,76,Auckland,Nil,,,,,0,0,Open,0,,,Light rain,Null
1763592.2209,5912891.5823,820022,45,520500,0,1,0,1,0,East,2025/2026,SOUTH-EASTERN HWY OFF RAMP,SOUTH-EASTERN HIGHWAY,,Minor Crash,No,2026,0,South,0,0,0,Flat,0,,0,,0,Overcast,637400,1,0,0,1,0,0,0,0,0,,0,0,Auckland Region,Motorway ramp,1-way,Sealed,0,0,0,0,80,0,Off,0,0,,76,Auckland,Nil,0,0,0,0,0,0,Open,0,0,0,Fine,Null
1745448.9396,5917265.0693,820028,,510700,0,0,0,2,0,Null,2024/2025,RATANUI STREET,GREAT NORTH ROAD,,Non-Injury Crash,No,2025,0,South,0,0,0,Flat,0,,0,,0,Bright sun,239900,0,0,0,2,0,0,0,0,0,,0,0,Auckland Region,Nil,2-way,Sealed,0,0,0,0,50,0,None,0,0,,76,Auckland,Traffic Signals,0,0,0,0,0,0,Urban,0,1,0,Fine,Null
1764157.1725,5909749.8142,820036,45,521901,0,,0,2,,Null,2025/2026,GREAT SOUTH ROAD,CRITERION STREET,,Non-Injury Crash,No,2025,,South,,0,,Flat,,,,,,Overcast,784100,0,0,0,4,,,0,,,,,,Auckland Region,Nil,2-way,Sealed,,0,0,,50,,On,0,0,,76,Auckland,Nil,,,,,0,0,Urban,0,,,Fine,None
1763092.8306,5919093.6715,820037,,516500,0,,0,2,,Null,2025/2026,KEPA ROAD,PATTESON AVENUE,,Non-Injury Crash,No,2025,,North,,0,,Flat,,,,,,Overcast,502202,0,0,0,2,,,0,,,,,,Auckland Region,Nil,2-way,Sealed,,0,0,,50,,Null,0,0,,76,Auckland,Give way,,,,,0,0,Urban,0,,,Light rain,Null
1766748.3747,5908010.9316,820045,,523501,0,,0,1,,Null,2025/2026,BAIRDS ROAD,ALEXANDER CRESCENT,,Serious Crash,No,2025,,South,,0,,Flat,,Christmas New Year,,,,Overcast,700601,0,0,1,2,,,0,,,,,,Auckland Region,Nil,2-way,Sealed,,0,1,,30,,Off,0,0,,76,Auckland,Give way,,,,,0,0,Urban,0,,,Fine,Null
1743519.4955,5924506.9607,820059,,513410,0,,0,2,,North,2024/2025,MAKI STREET,KEDGLEY ROAD,,Non-Injury Crash,No,2025,,South,,0,,Flat,,,,,,Overcast,224000,0,0,0,3,,,0,,,,,,Auckland Region,Nil,2-way,Sealed,,0,0,,50,,Off,0,0,,76,Auckland,Nil,,,,,0,0,Urban,0,,,Fine,Null
1753023.978,5929568.3386,820068,,508411,0,,0,1,,North,2025/2026,GLENDHU ROAD,SANTORINI RISE,,Non-Injury Crash,No,2025,,East,,0,,Hill Road,,Christmas New Year,,,,Overcast,183904,0,0,0,2,,,0,,,,,,Auckland Region,Nil,2-way,Sealed,,0,0,,50,,Off,0,0,,76,Auckland,Nil,,,,,0,0,Urban,1,,,Light rain,Null
1758391.993,5917494.4834,820069,,516001,0,,0,0,,Null,2025/2026,BROADWAY,ST MARKS ROAD,,Non-Injury Crash,No,2025,,South,,0,,Null,,,,,,Bright sun,490800,0,0,1,6,,,0,,,,,,Auckland Region,Nil,2-way,Sealed,,0,0,,50,,Null,1,0,,76,Auckland,Traffic Signals,,,,,0,0,Urban,0,,,Fine,Null
1749538.7976,5918048.6605,820075,,514801,0,0,0,1,0,West,2024/2025,NORTH-WESTERN MOTORWAY,ROSEBANK ROAD OFF RAMP,,Minor Crash,Yes,2025,0,West,0,0,0,Flat,1,,0,,0,Dark,390401,1,0,0,4,0,0,0,0,0,,0,0,Auckland Region,Nil,1-way,Sealed,0,0,0,0,100,0,On,0,0,,76,Auckland,Nil,0,0,0,0,0,0,Open,0,0,0,Fine,Null
1742703.3083,5921579.02,820076,,513631,0,0,0,0,0,North,2025/2026,DON BUCK ROAD,GALLONY AVENUE,,Non-Injury Crash,No,2025,0,North,0,0,0,Flat,0,,0,,0,Dark,227101,0,0,0,2,0,0,0,0,0,,0,1,Auckland Region,Nil,2-way,Sealed,0,0,0,0,50,0,On,1,0,,76,Auckland,Nil,0,0,0,0,0,0,Urban,0,0,0,Fine,Null
1764464.4728,5913009.8317,820084,,520500,0,,0,1,,North,2025/2026,CARBINE ROAD,SOUTH-EASTERN HIGHWAY,,Non-Injury Crash,No,2025,,South,,0,,Flat,,,,,,Bright sun,639100,0,0,0,2,,,0,,,,,,Auckland Region,Nil,2-way,Sealed,,0,0,,50,,Null,0,0,,76,Auckland,Nil,,,,,1,0,Urban,0,,,Fine,Null
1753257.7393,5933085.3149,820091,,508701,0,,1,0,,Null,2025/2026,ALBANY EXPRESSWAY,GREVILLE ROAD,,Minor Crash,No,2025,,South,,0,,Flat,,,,,,Dark,178900,1,0,0,3,,,0,,,,,,Auckland Region,Nil,1-way,Sealed,,0,0,,50,,On,1,0,,76,Auckland,Traffic Signals,,,,,0,0,Urban,0,,,Fine,Strong wind
1746125.7322,5917599.6429,820101,,510700,0,0,0,3,0,South,2025/2026,MATUHI RISE,EDMONTON ROAD,,Non-Injury Crash,No,2025,0,East,0,0,0,Flat,0,,0,,0,Overcast,240304,0,0,0,2,0,0,0,0,2,,0,0,Auckland Region,Nil,2-way,Sealed,0,0,0,0,50,0,Off,1,0,,76,Auckland,Nil,0,0,0,0,0,0,Urban,0,0,0,Light rain,Null
1744605.3514,5921424.1058,820108,,513631,0,,0,0,,Null,2025/2026,TRIANGLE ROAD,EXOTIC PLACE,,Minor Crash,No,2026,,North,,0,,Hill Road,,,,,,Bright sun,227601,1,0,1,2,,,0,,,,,,Auckland Region,Nil,2-way,Sealed,,0,0,,50,,Off,1,0,,76,Auckland,Give way,,,,,0,0,Urban,0,,,Fine,Null
1759642.1381,5907949.682,820147,,524122,0,,0,1,,Null,2025/2026,BADER DRIVE,ELMDON STREET,,Minor Crash,No,2026,,North,,0,,Flat,,,,,,Overcast,737802,1,0,0,2,,,0,,,,,,Auckland Region,Nil,2-way,Sealed,,0,0,,50,,Off,1,0,,76,Auckland,Give way,,,,,0,0,Urban,0,,,Light rain,Null
1771342.9813,5900039.882,820154,,523911,0,,0,2,,Null,2025/2026,PORCHESTER ROAD,POPES ROAD,,Non-Injury Crash,No,2025,,South,,0,,Flat,,,,,,Dark,767100,0,0,0,2,,,0,,,,,,Auckland Region,Nil,2-way,Sealed,,0,0,,60,,On,0,0,,76,Auckland,Stop,,,,,0,0,Urban,0,,,Fine,Null
1752224.2981,5914237.0804,820164,,514500,0,,0,2,,East,2025/2026,TIVERTON ROAD,WHITNEY STREET,,Minor Crash,No,2025,,West,,0,,Hill Road,,,,,,Dark,374900,3,0,0,4,,,0,,,,,,Auckland Region,Nil,2-way,Sealed,,0,0,,50,,On,0,0,,76,Auckland,Nil,,,,,0,0,Urban,1,,,Fine,Null
1760651.9277,5914895.4091,820167,,519400,0,,0,1,,Null,2023/2024,GREAT SOUTH ROAD,WAIOHUA ROAD,,Serious Crash,No,2023,,North,,0,,Flat,,,,,,Dark,619600,0,0,0,4,,,0,,,,,,Auckland Region,Nil,2-way,Sealed,,0,3,,50,,On,1,0,,76,Auckland,Nil,,,,,0,0,Urban,0,,,Fine,Null
1757263.446,5918161.0129,820170,,518101,0,,0,1,,Null,2025/2026,NORMANBY ROAD,ENFIELD STREET,,Non-Injury Crash,No,2026,,South,,0,,Flat,,,,,,Bright sun,543000,0,0,0,2,,,0,,,,,,Auckland Region,Nil,2-way,Sealed,,0,0,,50,,Null,0,0,,76,Auckland,Nil,,,,,1,0,Urban,0,,,Fine,Null
1766254.1921,5907498.8497,820179,,522301,0,,0,3,,West,2025/2026,EAST TAMAKI ROAD,EAST TAMAKI OBR,,Non-Injury Crash,No,2026,,North,,0,,Flat,,,,,,Bright sun,666700,0,0,0,2,,,0,,,,,,Auckland Region,Nil,1-way,Sealed,,0,0,,50,,Off,0,0,30,76,Auckland,Nil,,,,,0,0,Urban,0,,,Fine,Null
1757589.1596,5929392.1441,820186,,507800,0,,0,0,,North,2025/2026,INGA ROAD,OMANA ROAD,,Serious Crash,No,2026,,North,,0,,Flat,,,,,,Overcast,311200,1,0,0,2,,,0,,,,,,Auckland Region,Nil,2-way,Sealed,,0,1,,50,,Off,2,0,,76,Auckland,Nil,,,,,0,0,Urban,0,,,Heavy rain,Null
1762565.837,5907343.8077,820194,,524530,0,,0,2,,North,2025/2026,MASSEY ROAD,YATES ROAD,,Non-Injury Crash,No,2025,,North,,0,,Flat,,,,,,Overcast,733000,0,0,0,2,,,0,,,,,,Auckland Region,Nil,2-way,Sealed,,0,0,,50,,On,0,0,,76,Auckland,Nil,,,,,0,0,Urban,0,,,Light rain,Null
1744466.9046,5922056.7908,820202,,513530,0,0,0,1,0,North,2025/2026,NORTH-WESTERN MOTORWAY,ROYAL ROAD ON RAMP,,Non-Injury Crash,Yes,2025,0,South,0,0,0,Hill Road,1,,0,,0,Dark,225807,0,0,0,4,0,0,0,0,0,,0,0,Auckland Region,Nil,1-way,Sealed,0,0,0,0,100,0,Off,0,0,,76,Auckland,Nil,0,0,0,0,0,0,Open,0,0,0,Light rain,Null
1756171.9999,5924181.9961,820218,,509800,0,,0,2,,Null,2025/2026,NORTHERN MOTORWAY,ONEWA ROAD OFF RAMP,,Non-Injury Crash,Yes,2025,,North,,0,,Flat,,,,,,Unknown,361100,0,0,0,5,,,0,,,,,,Auckland Region,Nil,1-way,Sealed,,0,0,,100,,Null,0,0,,76,Auckland,Nil,,,,,0,0,Open,0,,,Fine,Null
1756462.127,5919125.7897,820226,,514200,0,,0,1,,North,2025/2026,NORTH-WESTERN TO SOUTHERN LINK,NEWTON ROAD,,Non-Injury Crash,Yes,2025,,South,,0,,Flat,,,,,,Bright sun,411900,0,0,0,5,,,0,,,,,,Auckland Region,Nil,1-way,Sealed,,0,0,,80,,Off,0,0,,76,Auckland,Nil,,,,,0,0,Open,1,,,Fine,Null
1762261.4192,5913540.9106,820239,,520402,0,,0,1,,South,2024/2025,SOUTHERN MOTORWAY,PENROSE OBR,,Non-Injury Crash,Yes,2025,,South,,0,,Flat,,,,,,Overcast,642200,0,0,0,3,,,0,,,,,,Auckland Region,Nil,1-way,Sealed,,0,0,,100,,Off,0,0,,76,Auckland,Nil,,,,,0,0,Open,1,,,Fine,Null
1754945.9351,5924746.0669,820252,,509800,0,,0,2,,Null,2025/2026,ONEWA ROAD,FAIRFAX AVENUE,,Non-Injury Crash,No,2026,,West,,0,,Flat,,,,,,Overcast,361703,0,0,0,4,,,0,,,,,,Auckland Region,Nil,2-way,Sealed,,0,0,,50,,Off,0,0,,76,Auckland,Stop,,,,,0,0,Urban,0,,,Light rain,Null
1747916.1536,5912524.9353,820253,,511901,0,,0,2,,Null,2025/2026,PLEASANT ROAD,ATKINSON ROAD,,Non-Injury Crash,No,2026,,South,,0,,Hill Road,,,,,,Overcast,294401,0,0,0,2,,,0,,,,,,Auckland Region,Nil,2-way,Sealed,,0,0,,50,,Off,0,0,,76,Auckland,Give way,,,,,0,0,Urban,0,,,Light rain,Null
1766661.3675,5900849.0609,820261,,524711,0,0,0,1,0,West,2025/2026,WORDSWORTH ROAD,ROWANDALE AVENUE,,Non-Injury Crash,No,2026,0,East,0,0,0,Flat,0,,0,,0,Bright sun,774801,0,0,0,2,0,0,0,0,0,,0,1,Auckland Region,Nil,2-way,Sealed,0,0,0,0,50,0,Off,0,0,,76,Auckland,Nil,1,0,0,0,0,0,Urban,0,0,0,Fine,Null
1757747.3091,5918228.7174,820265,,515700,0,0,0,0,0,South,2022/2023,SOUTHERN MOTORWAY,MOUNTAIN OBR,,Minor Crash,Yes,2023,0,North,0,0,0,Flat,1,,0,,0,Bright sun,443600,1,0,0,4,0,0,0,0,0,,0,0,Auckland Region,Nil,1-way,Sealed,0,0,0,0,80,0,Off,0,0,,76,Auckland,Nil,0,0,0,0,1,0,Open,2,0,0,Fine,Null
1773504.417,5897353.0399,820268,,525630,0,,0,1,,Null,2025/2026,GROVE ROAD,OLD WAIROA ROAD,,Minor Crash,No,2026,,South,,0,,Flat,,,,,,Bright sun,793900,1,0,0,1,,,0,,,,,,Auckland Region,Nil,2-way,Sealed,,0,0,,50,,Off,0,0,,76,Auckland,Stop,,,,,0,0,Urban,0,,,Fine,Null
1756537.9572,5930565.395,820272,,507720,1,,0,1,,West,2022/2023,EAST COAST ROAD,ABERDEEN ROAD,,Minor Crash,No,2023,,East,,0,,Hill Road,,,,,,Overcast,314802,1,0,0,2,,,0,,,,,,Auckland Region,Nil,2-way,Sealed,,0,0,,50,,Off,0,0,,76,Auckland,Nil,,,,,0,0,Urban,0,,,Fine,Null
1765813.1696,5917510.6579,820277,,517001,0,0,0,3,0,North,2024/2025,FARRINGDON STREET,HEATHERBANK STREET,,Non-Injury Crash,No,2025,0,North,0,0,0,Flat,0,,0,,0,Dark,470900,0,0,0,2,0,0,0,0,1,,0,0,Auckland Region,Nil,2-way,Sealed,0,0,0,0,50,0,On,0,0,,76,Auckland,Nil,0,0,0,0,0,0,Urban,0,0,0,Light rain,Null
1758150.9888,5917801.4134,820283,,515700,0,,0,2,,South,2024/2025,SOUTHERN MOTORWAY,GILLIES OBR,,Non-Injury Crash,Yes,2024,,North,,0,,Null,,,,,,Unknown,443300,0,0,0,3,,,0,,,,,,Auckland Region,Nil,1-way,Sealed,,0,0,,80,,Null,0,0,,76,Auckland,Nil,,,,,0,0,Open,0,,,Fine,Null
1753804.4818,5918101.8467,820288,,515003,0,,0,0,,Null,2022/2023,ST LUKES ROAD,DUNCAN MACLEAN LINK,,Serious Crash,No,2023,,South,,0,,Flat,,,,,,Dark,390502,0,0,1,3,,,0,,,,,,Auckland Region,Nil,2-way,Sealed,,0,1,,50,,On,1,0,,76,Auckland,Give way,,,,,0,0,Urban,0,,,Fine,Null
1767460.6417,5900743.0243,820291,,524720,0,0,0,2,0,North,2024/2025,WORDSWORTH ROAD,BEESTON CRESCENT,,Non-Injury Crash,No,2024,0,South,0,0,0,Flat,0,,0,,0,Overcast,777000,0,0,0,2,0,0,0,0,1,,0,0,Auckland Region,Nil,2-way,Sealed,0,0,0,0,30,0,Off,0,0,,76,Auckland,Nil,0,0,0,0,0,0,Urban,0,0,0,Fine,Null
1767824.3585,5906457.7683,820292,,523602,0,0,0,2,0,North,2025/2026,PRESTON ROAD,RAPSON ROAD,,Non-Injury Crash,No,2026,0,North,0,0,0,Flat,0,Christmas New Year,0,,0,Twilight,706300,0,0,0,2,0,0,0,0,1,,0,0,Auckland Region,Nil,2-way,Sealed,0,0,0,0,50,0,On,1,0,,76,Auckland,Nil,0,0,0,0,0,0,Urban,0,0,0,Fine,Null
1767975.4624,5904331.1168,820300,,524602,0,,0,1,,West,2025/2026,REDOUBT ROAD,REDOUBT OBR,,Serious Crash,No,2026,,West,,0,,Flat,,,,,,Bright sun,780501,2,0,0,2,,,0,,,,,,Auckland Region,Bridge,1-way,Sealed,,0,2,,50,,Off,1,0,40,76,Auckland,Nil,,,,,0,0,Urban,1,,,Fine,Null
1771539.277,5899514.3233,820308,,523911,0,,0,0,,North,2025/2026,PORCHESTER ROAD,NANCY WAKE STREET,,Non-Injury Crash,No,2025,,North,,0,,Null,,,,,,Twilight,767100,0,0,1,2,,,0,,,,,,Auckland Region,Nil,2-way,Sealed,,0,0,,50,,Null,1,0,,76,Auckland,Nil,,,,,0,0,Urban,0,,,Fine,Null
1754713.6274,5924766.7812,820315,,510500,0,,0,0,,West,2024/2025,ONEWA ROAD,VALLEY ROAD,,Serious Crash,No,2025,,West,,0,,Hill Road,,,,,,Overcast,356202,0,0,1,4,,,0,,,,,,Auckland Region,Nil,2-way,Sealed,,0,1,,50,,Off,1,0,,76,Auckland,Nil,,,,,0,0,Urban,0,,,Fine,Null
1760302.8318,5906972.4471,820316,,524111,0,0,0,2,0,West,2025/2026,MANGERE TOWN SQUARE,MANGERE TOWN SQUARE,,Non-Injury Crash,No,2026,0,West,0,0,0,Flat,0,,0,,0,Bright sun,740500,0,0,0,2,0,0,0,0,1,,0,0,Auckland Region,Nil,2-way,Sealed,0,0,0,0,30,0,Off,0,0,,76,Auckland,Nil,0,0,0,0,0,0,Urban,0,0,0,Fine,Strong wind
1764131.7624,5905348.8676,820323,,522100,0,0,0,1,0,North,2024/2025,HILLSIDE ROAD,SUMNER STREET,,Non-Injury Crash,No,2025,0,South,0,0,0,Flat,0,,0,,0,Dark,658000,0,0,0,2,0,0,0,0,1,,0,0,Auckland Region,Nil,2-way,Sealed,0,0,0,0,50,0,Null,0,0,,76,Auckland,Nil,0,0,0,0,1,0,Urban,0,0,0,Fine,Null
1763563.3375,5907988.4258,820346,,521901,0,0,0,2,0,North,2025/2026,HOSPITAL ROAD,AHUNUI ROAD,,Serious Crash,No,2026,0,South,0,0,0,Flat,0,,0,,0,Bright sun,786300,0,0,0,2,0,0,0,0,1,,0,0,Auckland Region,Nil,2-way,Sealed,0,0,1,0,50,0,Off,0,0,,76,Auckland,Nil,0,0,0,0,0,0,Urban,0,0,0,Fine,Null
1749868.2837,5914632.0823,820347,,511303,0,,0,2,,Null,2024/2025,RATA STREET,BINSTED ROAD,,Non-Injury Crash,No,2025,,North,,0,,Flat,,,,,,Overcast,266401,0,0,0,2,,,0,,,,,,Auckland Region,Nil,1-way,Sealed,,0,0,,50,,Off,0,0,,76,Auckland,Traffic Signals,,,,,0,0,Urban,0,,,Fine,Null
1769708.2549,5906535.4484,820353,,523713,1,,0,1,,Null,2025/2026,OFF-ROAD CARPARK,,,Minor Crash,No,2026,,West,,0,,Flat,,,,,,Bright sun,713100,1,0,0,,,,0,,,,,,Auckland Region,Speed hump,Off road,Sealed,,0,0,,,,Off,0,0,,76,Auckland,Nil,,,,,0,0,Urban,0,,,Fine,Null
1745788.2932,5970518.0337,820362,,506613,0,,0,1,,North,2025/2026,CARRAN ROAD,WOODCOCKS ROAD,,Non-Injury Crash,No,2026,,West,,0,,Flat,,,,,,Bright sun,145800,0,0,0,2,,,0,,,,,,Auckland Region,Nil,2-way,Sealed,,0,0,,80,,Off,1,0,,76,Auckland,Nil,,,,,0,0,Open,0,,,Fine,Null
1763163.714,5908091.0068,820370,,524402,0,,0,1,,Null,2025/2026,MASSEY ROAD,EWART ROAD,,Non-Injury Crash,No,2025,,North,,0,,Null,,,,,,Unknown,750000,0,0,0,0,,,0,,,,,,Auckland Region,Nil,Null,Null,,0,0,,,,Null,0,0,,76,Auckland,Give way,,,,,1,0,Urban,0,,,Null,Null