X,Y,OBJECTID,advisorySpeed,areaUnitID,bicycle,bridge,bus,carStationWagon,cliffBank,crashDirectionDescription,crashFinancialYear,crashLocation1,crashLocation2,crashRoadSideRoad,crashSeverity,crashSHDescription,crashYear,debris,directionRoleDescription,ditch,fatalCount,fence,flatHill,guardRail,holiday,houseOrBuilding,intersection,kerb,light,meshblockId,minorInjuryCount,moped,motorcycle,NumberOfLanes,objectThrownOrDropped,otherObject,otherVehicleType,overBank,parkedVehicle,pedestrian,phoneBoxEtc,postOrPole,region,roadCharacter,roadLane,roadSurface,roadworks,schoolBus,seriousInjuryCount,slipOrFlood,speedLimit,strayAnimal,streetLight,suv,taxi,temporarySpeedLimit,tlaId,tlaName,trafficControl,trafficIsland,trafficSign,train,tree,truck,unknownVehicleType,urban,vanOrUtility,vehicle,waterRiver,weatherA,weatherB
1767775.1275,5904308.6889,820377,,524604,0,,0,0,,Null,2025/2026,GREAT SOUTH ROAD,REDOUBT ROAD,,Non-Injury Crash,No,2025,,South,,0,,Flat,,,,,,Dark,780302,0,0,0,7,,,0,,,,,,Auckland Region,Nil,2-way,Sealed,,0,0,,50,,On,0,0,,76,Auckland,Traffic Signals,,,,,0,0,Urban,2,,,Fine,Null
1769484.9933,5899833.2581,820391,,525002,0,,0,2,,North,2025/2026,GREAT SOUTH ROAD,MAHIA ROAD,,Non-Injury Crash,No,2025,,South,,0,,Null,,,,,,Unknown,753900,0,0,0,3,,,0,,,,,,Auckland Region,Nil,2-way,Sealed,,0,0,,50,,On,0,0,,76,Auckland,Nil,,,,,0,0,Urban,0,,,Fine,Null
1774159.47,5889084.7907,820392,,521302,0,,0,2,,South,2025/2026,SOUTHERN MOTORWAY,QUARRY OBR,,Minor Crash,Yes,2025,,North,,0,,Flat,,,,,,Bright sun,809101,1,0,0,2,,,0,,,,,,Auckland Region,Nil,1-way,Sealed,,0,0,,100,,Off,0,0,,76,Auckland,Nil,,,,,0,0,Open,1,,,Fine,Null
1774279.3617,5888804.4104,820400,,521302,0,,0,3,,North,2025/2026,SOUTHERN MOTORWAY,RAMARAMA ON RAMP,,Non-Injury Crash,Yes,2026,,North,,0,,Flat,,,,,,Overcast,809101,0,0,0,2,,,0,,,,,,Auckland Region,Nil,1-way,Sealed,,0,0,,100,,Off,0,0,,76,Auckland,Nil,,,,,0,0,Open,0,,,Fine,Null
1750142.8126,5916285.7399,820401,,514802,0,0,0,1,0,Null,2025/2026,ROSEBANK ROAD,AVONDALE ROAD,,Minor Crash,No,2025,0,North,0,0,0,Flat,0,,1,,0,Dark,389800,2,0,0,4,0,0,0,0,0,,0,0,Auckland Region,Nil,2-way,Sealed,0,0,0,0,50,0,On,0,0,,76,Auckland,Traffic Signals,0,0,0,0,0,0,Urban,1,0,0,Light rain,Null
1754637.9347,5915906.5025,820404,,517702,0,,0,1,,West,2022/2023,COYLE STREET,CARRIE STREET,,Minor Crash,No,2023,,West,,0,,Flat,,,,,,Bright sun,540800,1,0,0,2,,,0,,,1,,,Auckland Region,Nil,2-way,Sealed,,0,0,,50,,Off,0,0,,76,Auckland,Nil,,,,,0,0,Urban,0,,,Fine,Null
1755897.9884,5916873.9595,820408,,518201,1,,0,1,,Null,2025/2026,DOMINION ROAD,PAICE AVENUE,,Minor Crash,No,2026,,North,,0,,Flat,,,,,,Bright sun,549100,1,0,0,4,,,0,,,,,,Auckland Region,Nil,2-way,Sealed,,0,0,,50,,Off,0,0,,76,Auckland,Give way,,,,,0,0,Urban,0,,,Fine,Null
1755596.2441,5913234.6776,820416,,518803,0,,0,0,,East,2025/2026,SOUTH-WESTERN MOTORWAY,KEITH HAY PARK FTBR,,Non-Injury Crash,Yes,2026,,East,,0,,Flat,,,,,,Overcast,582700,0,0,0,3,,,0,,,,,,Auckland Region,Nil,1-way,Sealed,,0,0,,100,,Off,0,0,,76,Auckland,Nil,,,,,1,0,Open,1,,,Fine,Null
1746535.2849,5916285.1261,820424,,510800,0,,0,3,,South,2025/2026,GREAT NORTH ROAD,JAMES LAURIE STREET,,Serious Crash,No,2025,,North,,0,,Hill Road,,,,,,Bright sun,244100,3,0,0,4,,,0,,,,,,Auckland Region,Nil,2-way,Sealed,,0,3,,40,,Off,0,0,,76,Auckland,Nil,,,,,0,0,Urban,0,,,Fine,Null
1738219.2853,5919794.3989,820431,55,513702,0,0,0,2,0,North,2025/2026,NORTHFIELD ROAD,WAITAKERE ROAD,,Non-Injury Crash,No,2025,0,South,0,0,1,Hill Road,0,,0,,0,Dark,230100,0,0,0,2,0,0,0,0,1,,0,0,Auckland Region,Nil,2-way,Sealed,0,0,0,0,80,0,On,0,0,,76,Auckland,Nil,0,0,0,0,0,0,Open,0,0,0,Fine,Null
1760323.5792,5922647.5358,820438,,509400,0,0,0,1,0,Null,2025/2026,OFF ROAD CARPARK,,,Minor Crash,No,2025,0,East,0,0,1,Hill Road,1,,0,,0,Overcast,334100,1,0,0,,0,0,0,0,0,,0,0,Auckland Region,Nil,Off road,Sealed,0,0,0,0,,0,Off,0,0,,76,Auckland,Nil,0,0,0,1,0,0,Urban,0,0,0,Fine,Null
1773719.795,5896873.9375,820456,,525620,0,,0,2,,Null,2023/2024,CLEVEDON ROAD,GROVE ROAD,,Minor Crash,No,2023,,East,,0,,Flat,,,,,,Overcast,797100,1,0,0,2,,,0,,,,,,Auckland Region,Speed hump,2-way,Sealed,,0,0,,50,,Off,0,0,,76,Auckland,Give way,,,,,0,0,Urban,0,,,Light rain,Null
1755222.9038,5929920.43,820459,,508510,0,,0,2,,South,2025/2026,NORTHERN MOTORWAY,SUNNYNOOK OBR,,Non-Injury Crash,Yes,2026,,South,,0,,Flat,,,,,,Bright sun,194409,0,0,0,2,,,0,,,,,,Auckland Region,Nil,1-way,Sealed,,0,0,,100,,Off,0,0,,76,Auckland,Nil,,,,,0,0,Open,0,,,Fine,Null
1773823.9451,5895849.7571,820460,,525510,0,0,0,1,0,North,2024/2025,TENSING PLACE,BATES STREET,,Non-Injury Crash,No,2024,0,North,0,0,0,Flat,0,,0,,0,Overcast,800600,0,0,0,2,0,0,0,0,0,,0,0,Auckland Region,Nil,2-way,Sealed,0,0,0,0,50,0,Off,0,0,,76,Auckland,Nil,0,0,0,1,0,0,Urban,0,0,0,Fine,Null
1750349.5559,5946700.2619,820468,,505806,0,,0,1,,West,2025/2026,CENTRAL BOULEVARD,MILNER AVENUE,,Serious Crash,No,2025,,West,,0,,Flat,,,,,,Overcast,176504,1,0,0,2,,,0,,,1,,,Auckland Region,Nil,2-way,Sealed,,0,1,,50,,Off,0,0,,76,Auckland,Nil,,,,,1,0,Urban,0,,,Fine,Null
1750087.0469,5938067.3973,820471,,506300,0,0,0,1,0,South,2022/2023,DUREY ROAD,MYRA EVELYN GROVE,,Non-Injury Crash,No,2023,0,East,0,0,0,Hill Road,0,,0,,0,Overcast,176008,0,0,0,2,0,0,0,0,0,,0,0,Auckland Region,Nil,2-way,Sealed,0,0,0,0,100,0,Off,0,0,,76,Auckland,Nil,0,0,0,1,0,0,Open,0,0,0,Fine,Null
1753402.579,5929787.3757,820474,,508411,0,,0,2,,Null,2025/2026,GLENFIELD ROAD,SUNSET ROAD,,Non-Injury Crash,No,2025,,North,,0,,Flat,,,,,,Bright sun,183902,0,0,0,4,,,0,,,,,,Auckland Region,Nil,2-way,Sealed,,0,0,,50,,Off,0,0,,76,Auckland,Traffic Signals,,,,,0,0,Urban,0,,,Fine,Null
1769398.6786,5899749.598,820483,,525002,0,,0,1,,Null,2024/2025,MAHIA ROAD,BEAUMONTS WAY EXTENSION,,Non-Injury Crash,No,2025,,West,,0,,Flat,,,,,,Overcast,754100,0,0,0,3,,,0,,,,,,Auckland Region,Nil,2-way,Sealed,,0,0,,50,,Off,1,0,,76,Auckland,Nil,,,,,0,0,Urban,0,,,Light rain,Null
1764481.8976,5905117.4406,820520,,522100,0,0,0,1,0,North,2024/2025,WYLLIE ROAD,TUTERE ROAD,,Non-Injury Crash,No,2024,0,South,0,0,0,Hill Road,0,,0,,0,Dark,658300,0,0,0,2,0,0,0,0,1,,0,0,Auckland Region,Nil,2-way,Sealed,0,0,0,0,50,0,On,0,0,30,76,Auckland,Nil,0,0,0,0,1,0,Urban,0,0,0,Light rain,Null
1754191.5405,5928196.8998,820533,,508310,0,,0,2,,East,2022/2023,CHIVALRY ROAD,HAMILTON PLACE,,Non-Injury Crash,No,2023,,East,,0,,Hill Road,,Easter,,,,Bright sun,200200,0,0,0,2,,,0,,,,,,Auckland Region,Nil,2-way,Sealed,,0,0,,50,,Off,0,0,,76,Auckland,Nil,,,,,0,0,Urban,0,,,Fine,Null
1768283.5537,5900576.6144,820545,,525101,0,,0,1,,West,2024/2025,WEYMOUTH ROAD,BOWATER PLACE,,Non-Injury Crash,No,2025,,West,,0,,Hill Road,,,,,,Bright sun,771200,0,0,0,2,,,0,,,,,,Auckland Region,Nil,2-way,Sealed,,0,0,,50,,Off,1,0,,76,Auckland,Nil,,,,,0,0,Urban,1,,,Fine,Null
1766390.7478,5916272.2248,820551,,517100,0,0,0,1,0,North,2025/2026,TAMATEA AVENUE,ANDERSON AVENUE,,Non-Injury Crash,No,2025,0,South,0,0,0,Flat,0,,0,,0,Bright sun,479100,0,0,0,2,0,0,0,0,1,1,0,0,Auckland Region,Nil,2-way,Sealed,0,0,0,0,50,0,Off,1,0,,76,Auckland,Nil,0,0,0,0,0,0,Urban,0,0,0,Fine,Null
1773019.9765,5891484.1743,820566,,521301,0,0,0,1,0,Null,2025/2026,GREAT SOUTH ROAD OFF RAMP,GREAT SOUTH ROAD,,Non-Injury Crash,Yes,2025,0,South,0,0,0,Flat,1,,0,,0,Twilight,808701,0,0,0,2,0,0,0,0,0,,0,0,Auckland Region,Nil,1-way,Sealed,0,0,0,0,60,0,On,0,0,,76,Auckland,Traffic Signals,0,0,0,0,0,0,Urban,0,0,0,Light rain,Null
1756319.5372,5944428.4942,820574,,505908,0,0,0,2,0,South,2024/2025,STANMORE BAY ROAD,LAYTON ROAD,,Non-Injury Crash,No,2025,0,North,0,0,0,Hill Road,0,,0,,0,Dark,173706,0,0,0,2,0,0,0,0,1,,0,0,Auckland Region,Nil,2-way,Sealed,0,0,0,0,50,0,On,0,0,,76,Auckland,Nil,0,0,0,0,0,0,Urban,1,0,0,Fine,Null
1752381.5457,5933401.9739,820576,,508701,0,,0,2,,West,2025/2026,DAIRY FLAT HIGHWAY,MERCARI WAY,,Non-Injury Crash,No,2025,,South,,0,,Flat,,,,,,Overcast,178900,0,0,0,2,,,0,,,,,,Auckland Region,Nil,1-way,Sealed,,0,0,,80,,Off,0,0,,76,Auckland,Nil,,,,,0,0,Open,0,,,Light rain,Null
1769182.4643,5901563.0576,820582,,524901,0,,0,2,,Null,2024/2025,CLAUDE ROAD,HILL ROAD,,Non-Injury Crash,No,2024,,North,,0,,Hill Road,,,,,,Overcast,756700,0,0,0,2,,,0,,,,,,Auckland Region,Nil,2-way,Sealed,,0,0,,50,,Off,1,0,,76,Auckland,Traffic Signals,,,,,0,0,Urban,0,,,Fine,Null
1746549.6371,5916025.0601,820590,,511800,0,,0,2,,South,2025/2026,GREAT NORTH ROAD,KIRBY STREET,,Non-Injury Crash,No,2025,,North,,0,,Null,,,,,,Bright sun,276202,0,0,0,4,,,0,,,,,,Auckland Region,Nil,2-way,Sealed,,0,0,,50,,Null,0,0,,76,Auckland,Isolated Pedestrian signal (non-intersection),,,,,0,0,Urban,0,,,Fine,Null
1745131.7061,5918326.6938,820626,,513302,0,,0,1,,Null,2025/2026,LINCOLN ROAD,NORVAL ROAD,,Non-Injury Crash,No,2025,,South,,0,,Flat,,,,,,Overcast,231001,0,0,0,4,,,0,,,,,,Auckland Region,Nil,2-way,Sealed,,0,0,,50,,Off,1,0,,76,Auckland,Traffic Signals,,,,,0,0,Urban,0,,,Light rain,Null
1770523.0589,5906314.5206,820633,,523712,0,,0,0,,East,2024/2025,FLAT BUSH SCHOOL ROAD,DUNKINEELY ROAD,,Minor Crash,No,2025,,East,,0,,Flat,,,,,,Overcast,713300,1,0,0,2,,,0,,,1,,,Auckland Region,Nil,2-way,Sealed,,0,0,,50,,Null,0,0,,76,Auckland,Nil,,,,,0,0,Urban,0,,,Fine,Null
1758870.355,5917199.5004,820635,,516001,0,0,0,0,0,South,2025/2026,SOUTHERN MOTORWAY,DILWORTH FTBR,,Non-Injury Crash,Yes,2025,0,South,0,0,0,Flat,1,,0,,0,Bright sun,491200,0,0,0,4,0,0,0,0,0,,0,0,Auckland Region,Motorway ramp,1-way,Sealed,0,0,0,0,80,0,Off,0,0,,76,Auckland,Nil,0,0,0,0,0,0,Open,1,0,0,Fine,Null
1773044.5811,5906670.4303,820643,,523713,0,0,0,1,0,West,2025/2026,REGIS LANE,KITENGA ROAD,,Non-Injury Crash,No,2025,0,East,0,0,1,Flat,0,,0,,0,Dark,712600,0,0,0,2,0,0,0,0,0,,0,0,Auckland Region,Nil,2-way,Sealed,0,0,0,0,50,0,On,0,0,,76,Auckland,Nil,0,0,0,0,0,0,Urban,0,0,0,Fine,Null
1769241.5392,5904707.9452,820646,,523820,0,0,0,0,0,East,2022/2023,REDOUBT ROAD,BARTELLS DRIVE,,Non-Injury Crash,No,2023,0,East,0,0,1,Hill Road,0,,0,,0,Overcast,759903,0,0,0,2,0,0,0,0,0,,0,0,Auckland Region,Nil,2-way,Sealed,0,0,0,0,50,0,Off,0,0,,76,Auckland,Nil,0,0,0,0,0,0,Urban,1,0,0,Light rain,Null
1743368.5741,5915452.3346,820654,,513012,0,0,0,1,0,North,2022/2023,HENDERSON VALLEY ROAD,PINE AVENUE,,Non-Injury Crash,No,2023,0,West,0,0,1,Flat,0,,0,,0,Overcast,281101,0,0,0,2,0,0,0,0,0,,0,0,Auckland Region,Nil,2-way,Sealed,0,0,0,0,50,0,None,0,0,,76,Auckland,Nil,0,0,0,1,0,0,Urban,0,0,0,Fine,Null
1778269.1049,5882997.1816,820672,,521160,0,0,0,1,0,Null,2025/2026,WOOTTEN ROAD,PAPARATA ROAD,,Non-Injury Crash,No,2025,0,South,0,0,1,Flat,0,,0,,0,Dark,814800,0,0,0,2,0,0,0,0,0,,0,0,Auckland Region,Nil,2-way,Sealed,0,0,0,0,80,0,None,0,0,,76,Auckland,Give way,0,0,0,0,0,0,Open,0,0,0,Fine,Null
1755785.7124,5916476.2633,820689,,518201,0,0,0,1,0,North,2025/2026,DOMINION ROAD,DEXTER AVENUE,,Minor Crash,No,2025,0,South,0,0,0,Flat,0,,0,,0,Overcast,552900,1,0,0,4,0,0,0,0,0,,0,1,Auckland Region,Nil,2-way,Sealed,0,0,0,0,50,0,Null,0,0,,76,Auckland,Isolated Pedestrian signal (non-intersection),0,0,0,0,0,0,Urban,1,1,0,Light rain,Null
1762877.8789,5912934.2485,820695,,520500,0,,0,1,,West,2024/2025,SOUTHERN MOTORWAY,SH1 OBR,,Non-Injury Crash,Yes,2024,,West,,0,,Flat,,,,,,Bright sun,637300,0,0,0,3,,,0,,,,,,Auckland Region,Nil,1-way,Sealed,,0,0,,100,,Off,0,0,,76,Auckland,Nil,,,,,0,0,Open,1,,,Fine,Null
1769300.254,5905589.5457,820710,,523712,0,0,0,0,0,Null,2024/2025,CHAPEL ROAD,DAWSON ROAD,,Non-Injury Crash,No,2024,0,North,0,0,0,Flat,0,,0,,0,Dark,713016,0,0,0,2,0,0,0,0,0,,1,0,Auckland Region,Nil,2-way,Sealed,0,0,0,0,50,0,On,0,0,,76,Auckland,Traffic Signals,0,0,0,0,1,0,Urban,0,0,0,Mist or Fog,Null
1772208.9088,5893772.633,820718,,525530,0,,0,2,,South,2025/2026,SOUTHERN MOTORWAY,SERVICE CENTRE OFF SBD,,Non-Injury Crash,Yes,2025,,South,,0,,Flat,,,,,,Bright sun,808607,0,0,0,2,,,0,,,,,,Auckland Region,Nil,1-way,Sealed,,0,0,,100,,On,0,0,,76,Auckland,Nil,,,,,0,0,Open,0,,,Fine,Null
1778196.6915,5915822.0184,820727,,523300,0,,0,1,,Null,2025/2026,BEACHLANDS ROAD,BELL ROAD,,Serious Crash,No,2025,,East,,0,,Flat,,,,,,Overcast,719106,0,0,0,2,,,0,,,,,,Auckland Region,Nil,2-way,Sealed,,0,1,,50,,None,1,0,,76,Auckland,Give way,,,,,0,0,Urban,0,,,Fine,Strong wind
1756168.976,5924056.8057,820734,,509800,0,,0,1,,South,2024/2025,NORTHERN MOTORWAY,NORTHERN BUSWAY,,Non-Injury Crash,Yes,2025,,South,,0,,Null,,,,,,Bright sun,361100,0,0,0,5,,,0,,,,,,Auckland Region,Nil,1-way,Sealed,,0,0,,80,,Null,0,0,,76,Auckland,Nil,,,,,0,1,Open,1,,,Fine,Null
1757574.7042,5919405.4026,820742,,514301,0,,0,1,,North,2024/2025,SH 16,WELLESLEY STREET ON RAMP,,Non-Injury Crash,Yes,2025,,South,,0,,Hill Road,,,,,,Overcast,440800,0,0,0,1,,,0,,,,,,Auckland Region,Nil,1-way,Sealed,,0,0,,80,,Off,0,0,,76,Auckland,Nil,,,,,0,0,Open,0,,,Light rain,Null
1751157.0591,5915482.197,820756,,514401,0,,0,2,,Null,2024/2025,ROSEBANK ROAD,GREAT NORTH ROAD,,Non-Injury Crash,No,2025,,Null,,0,,Null,,,,,,Bright sun,381802,0,0,0,2,,,0,,,,,,Auckland Region,Nil,2-way,Sealed,,0,0,,50,,Null,0,0,,76,Auckland,Traffic Signals,,,,,0,0,Urban,0,,,Fine,Null
1745111.0191,5916536.6877,820757,,510800,0,,0,1,,North,2025/2026,HENDERSON VALLEY ROAD,KEELING ROAD,,Non-Injury Crash,No,2026,,South,,0,,Flat,,,,,,Overcast,242000,0,0,0,2,,,0,,,,,,Auckland Region,Nil,2-way,Sealed,,0,0,,50,,None,0,0,,76,Auckland,Nil,,,,,0,0,Urban,1,,,Fine,Null
1760148.1391,5916864.1444,820766,,516102,0,,0,2,,West,2025/2026,REMUERA ROAD,CLONBERN ROAD,,Non-Injury Crash,No,2025,,East,,0,,Flat,,,,,,Bright sun,485200,0,0,0,4,,,0,,,,,,Auckland Region,Nil,2-way,Sealed,,0,0,,50,,Off,0,0,,76,Auckland,Nil,,,,,0,0,Urban,0,,,Fine,Null
1746032.1358,5916872.7474,820781,,510800,0,,1,1,,North,2025/2026,TARA ROAD,KERERU STREET,,Non-Injury Crash,No,2026,,West,,0,,Flat,,,,,,Dark,243501,0,0,0,2,,,0,,,,,,Auckland Region,Nil,2-way,Sealed,,0,0,,50,,On,0,0,,76,Auckland,Nil,,,,,0,0,Urban,0,,,Light rain,Null
1766520.7228,5913260.3131,820797,15,522920,0,,0,2,,Null,2024/2025,TI RAKAU DRIVE,PAKURANGA ROAD,,Non-Injury Crash,No,2025,,North,,0,,Flat,,,,,,Bright sun,683900,0,0,0,2,,,0,,,,,,Auckland Region,Nil,1-way,Sealed,,0,0,,50,,Off,0,0,,76,Auckland,Traffic Signals,,,,,0,0,Urban,0,,,Fine,None
1744799.1331,5971108.5561,820805,,506613,0,0,0,1,0,Null,2024/2025,KAIPARA FLATS ROAD,MARUA WAY,,Non-Injury Crash,No,2025,0,West,1,0,0,Flat,0,,0,,0,Overcast,145800,0,0,0,2,0,0,0,0,0,,0,0,Auckland Region,Nil,2-way,Sealed,0,0,0,0,80,0,None,0,0,,76,Auckland,Nil,0,0,0,0,0,0,Open,0,0,0,Fine,Null
1744390.0744,5913670.9246,820819,,512902,0,,0,1,,Null,2025/2026,SHAW ROAD,WEST COAST ROAD,,Non-Injury Crash,No,2025,,North,,0,,Null,,,,,,Dark,279600,0,0,0,2,,,0,,,,,,Auckland Region,Nil,2-way,Sealed,,0,0,,50,,Null,0,0,,76,Auckland,Give way,,,,,0,1,Urban,0,,,Fine,Null
1770308.1372,5914965.0246,820834,,521601,0,0,0,0,0,Null,2025/2026,HUTCHINSONS ROAD,DELL WAY,,Minor Crash,No,2025,0,East,0,0,0,Flat,0,,0,,0,Bright sun,644900,1,0,0,2,0,0,0,0,0,,0,1,Auckland Region,Nil,2-way,Sealed,0,0,0,0,50,0,Off,1,0,,76,Auckland,Give way,0,0,0,0,0,0,Urban,0,0,0,Fine,Null
1758089.3816,5915385.0495,820858,,519300,0,,1,1,,Null,2024/2025,MANUKAU ROAD,ARCADIA ROAD,,Non-Injury Crash,No,2024,,North,,0,,Flat,,,,,,Overcast,623500,0,0,0,4,,,0,,,,,,Auckland Region,Nil,2-way,Sealed,,0,0,,50,,Off,1,0,,76,Auckland,Give way,,,,,0,0,Urban,0,,,Light rain,Null
1757435.9488,5928925.1942,820873,,507800,0,0,1,1,0,Null,2024/2025,KITCHENER ROAD,FENWICK AVENUE,,Non-Injury Crash,No,2025,0,East,0,0,0,Null,0,,0,,0,Bright sun,307800,0,0,0,2,0,0,0,0,1,,0,0,Auckland Region,Nil,2-way,Sealed,0,0,0,0,50,0,Null,0,0,,76,Auckland,Give way,0,0,0,0,0,0,Urban,0,0,0,Fine,Null
1769231.9728,5914466.1631,820882,,522721,0,,0,1,,Null,2025/2026,PAKURANGA ROAD,FORTUNES ROAD,,Non-Injury Crash,No,2026,,South,,0,,Flat,,,,,,Unknown,680727,0,0,0,6,,,0,,,,,,Auckland Region,Nil,2-way,Sealed,,0,0,,50,,Null,0,0,,76,Auckland,Traffic Signals,,,,,0,0,Urban,1,,,Light rain,Null
1762234.5602,5913557.3511,820888,,520500,0,,0,1,,South,2024/2025,SOUTHERN MOTORWAY,PENROSE OBR,,Non-Injury Crash,Yes,2025,,North,,0,,Flat,,,,,,Overcast,637100,0,0,0,3,,,0,,,,,,Auckland Region,Nil,1-way,Sealed,,0,0,,100,,Off,0,0,,76,Auckland,Nil,,,,,0,0,Open,1,,,Light rain,Null
1763765.3301,5919768.7204,820889,,516500,0,0,1,1,0,North,2025/2026,KOHIMARAMA ROAD,RAWHITIROA ROAD,,Non-Injury Crash,No,2025,0,North,0,0,0,Null,0,,0,,0,Bright sun,501500,0,0,0,2,0,0,0,0,1,,0,0,Auckland Region,Nil,2-way,Sealed,0,0,0,0,50,0,Null,0,0,,76,Auckland,Nil,0,0,0,0,0,0,Urban,0,0,0,Fine,Null
1749355.1789,5911463.5194,820890,,512100,0,0,0,1,0,Null,2025/2026,GODLEY ROAD,LEX AVENUE,,Minor Crash,No,2025,0,West,0,0,0,Flat,0,,0,,0,Twilight,290401,1,0,0,2,0,0,0,0,0,,0,1,Auckland Region,Nil,2-way,Sealed,0,0,0,0,50,0,Off,0,0,,76,Auckland,Give way,0,0,0,0,0,0,Urban,0,0,0,Fine,Null
1756296.852,5920888.7537,820904,,514101,0,,0,2,,Null,2024/2025,BEAUMONT STREET,FANSHAWE STREET OFF RAMP,,Minor Crash,No,2024,,North,,0,,Flat,,,,,,Dark,432400,1,0,0,2,,,0,,,,,,Auckland Region,Nil,2-way,Sealed,,0,0,,30,,Null,0,0,,76,Auckland,Traffic Signals,,,,,0,0,Urban,0,,,Fine,Null
1756306.4778,5919142.5868,820905,,514200,0,,0,0,,Null,2024/2025,NEWTON ROAD,OPHIR STREET,,Non-Injury Crash,No,2025,,South,,0,,Hill Road,,,,,,Dark,411800,0,0,0,2,,,0,,,,,,Auckland Region,Nil,2-way,Sealed,,0,0,,50,,On,0,0,40,76,Auckland,Stop,,,,,0,1,Urban,1,,,Fine,Null
1743995.1204,5924065.4686,820919,,513431,0,,0,2,,North,2024/2025,NORTH-WESTERN MOTORWAY,HOBSONVILLE OBR,,Non-Injury Crash,Yes,2024,,South,,0,,Null,,,,,,Overcast,223903,0,0,0,2,,,0,,,,,,Auckland Region,Nil,1-way,Sealed,,0,0,,100,,Null,0,0,,76,Auckland,Nil,,,,,0,0,Open,0,,,Light rain,Null
1759330.1491,5910755.3066,820941,,524002,0,0,0,1,0,North,2024/2025,SOUTH-WESTERN MOTORWAY,RIMU ROAD ON RAMP,,Non-Injury Crash,Yes,2024,1,North,0,0,0,Flat,0,,0,,0,Bright sun,722400,0,0,0,4,0,0,0,0,0,,0,0,Auckland Region,Bridge,1-way,Sealed,0,0,0,0,100,0,Null,0,0,,76,Auckland,Nil,0,0,0,0,1,0,Open,0,0,0,Fine,Null
1755738.3129,5916304.686,820950,,518201,0,,0,1,,Null,2025/2026,DOMINION ROAD,DUNBAR ROAD,,Serious Crash,No,2025,,South,,0,,Flat,,,,,,Overcast,553200,0,0,0,4,,,0,,,1,,,Auckland Region,Nil,2-way,Sealed,,0,1,,50,,Off,0,0,,76,Auckland,Stop,,,,,0,0,Urban,0,,,Fine,Null
1755217.4071,5917528.0473,820957,,517500,0,,0,1,,Null,2024/2025,SANDRINGHAM ROAD,ALTHAM AVENUE,,Minor Crash,No,2025,,East,,0,,Flat,,,,,,Twilight,532400,1,0,0,2,,,0,,,1,,,Auckland Region,Nil,2-way,Sealed,,0,0,,50,,Off,0,1,10,76,Auckland,Stop,,,,,0,0,Urban,0,,,Fine,Null
1742825.9366,5918569.4503,820958,,513214,0,,0,2,,West,2025/2026,POOKS ROAD,PUTNEY PLACE,,Non-Injury Crash,No,2026,,East,,0,,Flat,,,,,,Bright sun,236400,0,0,0,2,,,0,,,,,,Auckland Region,Nil,2-way,Sealed,,0,0,,50,,Off,0,0,,76,Auckland,Nil,,,,,0,0,Urban,0,,,Fine,Null
1764359.4041,5910173.7334,820982,,521801,0,,0,2,,Null,2025/2026,PRINCES STREET,CHURCH STREET,,Non-Injury Crash,No,2025,,West,,0,,Flat,,,,,,Bright sun,786902,0,0,0,2,,,0,,,,,,Auckland Region,Nil,2-way,Sealed,,0,0,,50,,Off,0,0,,76,Auckland,Traffic Signals,,,,,0,0,Urban,0,,,Fine,Null
1769091.2458,5881355.9972,820994,,525910,0,,0,1,,Null,2025/2026,STADIUM DRIVE,HALL STREET,,Minor Crash,No,2025,,East,,0,,Flat,,,,,,Twilight,818600,1,0,0,2,,,0,,,,,,Auckland Region,Nil,2-way,Sealed,,0,0,,50,,On,1,0,,76,Auckland,Give way,,,,,0,0,Urban,0,,,Fine,Null
1769319.8361,5902327.8659,821008,,524901,0,,0,0,,North,2025/2026,SOUTHERN MOTORWAY,HILL ROAD ON RAMP,,Non-Injury Crash,Yes,2025,,North,,0,,Flat,,,,,,Bright sun,755600,0,0,1,3,,,0,,,,,,Auckland Region,Nil,1-way,Sealed,,0,0,,100,,Off,0,0,,76,Auckland,Nil,,,,,0,0,Open,1,,,Fine,Null
1753777.6793,5936864.7448,821014,,508900,0,0,0,1,0,North,2025/2026,GLENVAR ROAD,EAST COAST ROAD,,Non-Injury Crash,No,2025,0,South,0,0,0,Flat,0,,0,,0,Dark,178308,0,0,0,2,0,0,0,0,0,,0,0,Auckland Region,Nil,2-way,Sealed,0,0,0,0,50,0,On,0,0,,76,Auckland,Nil,0,0,0,1,0,0,Urban,0,0,0,Light rain,Null
1745742.0975,5912254.0127,821030,,511002,0,0,0,1,0,South,2025/2026,PHILLIP AVENUE,ORATIA DRIVE,,Non-Injury Crash,No,2025,0,South,0,0,0,Hill Road,0,,0,,0,Overcast,284701,0,0,0,2,0,0,0,0,0,,0,0,Auckland Region,Nil,2-way,Sealed,0,0,0,0,50,0,None,0,0,,76,Auckland,Nil,0,0,0,1,0,0,Urban,0,0,0,Fine,Null
1755297.9511,5914194.631,821038,45,518500,0,0,0,1,0,Null,2025/2026,MOUNT ALBERT ROAD,WINSTONE ROAD,,Non-Injury Crash,No,2025,0,West,0,0,0,Hill Road,1,,0,,0,Bright sun,561000,0,0,0,2,0,0,0,0,0,,0,0,Auckland Region,Nil,2-way,Sealed,0,0,0,0,50,0,Off,0,0,,76,Auckland,Stop,0,0,0,0,0,0,Urban,0,0,0,Fine,Null