X,Y,OBJECTID,advisorySpeed,areaUnitID,bicycle,bridge,bus,carStationWagon,cliffBank,crashDirectionDescription,crashFinancialYear,crashLocation1,crashLocation2,crashRoadSideRoad,crashSeverity,crashSHDescription,crashYear,debris,directionRoleDescription,ditch,fatalCount,fence,flatHill,guardRail,holiday,houseOrBuilding,intersection,kerb,light,meshblockId,minorInjuryCount,moped,motorcycle,NumberOfLanes,objectThrownOrDropped,otherObject,otherVehicleType,overBank,parkedVehicle,pedestrian,phoneBoxEtc,postOrPole,region,roadCharacter,roadLane,roadSurface,roadworks,schoolBus,seriousInjuryCount,slipOrFlood,speedLimit,strayAnimal,streetLight,suv,taxi,temporarySpeedLimit,tlaId,tlaName,trafficControl,trafficIsland,trafficSign,train,tree,truck,unknownVehicleType,urban,vanOrUtility,vehicle,waterRiver,weatherA,weatherB
1773236.2935,5899634.7113,821039,,523911,0,,0,1,,Null,2025/2026,MILL ROAD,AIRFIELD ROAD,,Non-Injury Crash,No,2026,,South,,0,,Flat,,,,,,Overcast,767204,0,0,0,2,,,0,,,,,,Auckland Region,Nil,2-way,Sealed,,0,0,,80,,Off,1,0,,76,Auckland,Give way,,,,,0,0,Open,0,,,Fine,Null
1756074.6549,5944068.5981,821046,,505909,0,0,0,1,0,Null,2025/2026,OFF ROAD - CAR PARK - WHANGAPARAOA ROAD,,,Minor Crash,No,2025,0,North,0,0,0,Flat,0,Christmas New Year,0,,0,Overcast,174013,1,0,0,2,0,1,0,0,0,,0,0,Auckland Region,Nil,Off road,Sealed,0,0,0,0,,0,Off,0,0,,76,Auckland,Nil,0,0,0,0,0,0,Urban,0,0,0,Fine,Null
1769834.1417,5910100.4823,821052,,523113,0,0,0,2,0,North,2025/2026,KELVIN HART DRIVE,FRANSHELL CRESCENT,,Non-Injury Crash,No,2025,0,North,0,0,0,Flat,0,,0,,0,Bright sun,711729,0,0,0,2,0,0,0,0,1,,0,0,Auckland Region,Nil,2-way,Sealed,0,0,0,0,50,0,Null,0,0,,76,Auckland,Nil,0,0,0,0,0,0,Urban,0,0,0,Fine,Null
1751544.1187,5915923.8533,821053,,514401,0,,0,2,,North,2025/2026,BLOCKHOUSE BAY ROAD,HENRY STREET,,Non-Injury Crash,No,2026,,West,,0,,Flat,,,,,,Overcast,383802,0,0,0,2,,,0,,,,,,Auckland Region,Nil,2-way,Sealed,,0,0,,50,,Null,0,0,,76,Auckland,Nil,,,,,0,0,Urban,0,,,Null,Null
1759174.4597,5916798.6247,821060,,516001,0,,0,1,,North,2025/2026,SOUTHERN MOTORWAY,MARKET OBR,,Non-Injury Crash,Yes,2025,,South,,0,,Flat,,,,,,Bright sun,491200,0,0,0,4,,,0,,,,,,Auckland Region,Nil,1-way,Sealed,,0,0,,80,,Off,0,0,,76,Auckland,Nil,,,,,0,0,Open,1,,,Fine,Null
1768092.0569,5903899.5422,821067,,524602,0,0,0,1,0,East,2025/2026,SOUTH-WESTERN MOTORWAY,GREAT SOUTH OBR,,Minor Crash,Yes,2026,0,South,0,0,0,Flat,1,,0,,0,Overcast,780506,1,0,0,2,0,0,0,0,0,,0,0,Auckland Region,Nil,1-way,Sealed,0,0,0,0,100,0,Off,0,0,,76,Auckland,Nil,0,0,0,0,0,0,Open,0,0,0,Light rain,Null
1755027.642,5913772.4572,821097,,518803,0,,0,1,,North,2025/2026,DOMINION ROAD,DENBIGH AVENUE,,Non-Injury Crash,No,2025,,South,,0,,Null,,,,,,Bright sun,581200,0,0,0,2,,,0,,,,,,Auckland Region,Nil,2-way,Sealed,,0,0,,50,,Null,0,0,,76,Auckland,Nil,,,,,0,1,Urban,0,,,Null,Null
1770809.1465,5898464.1361,821102,,523920,0,,0,0,,Null,2022/2023,GRAHAM ROAD,GREAT SOUTH ROAD,,Minor Crash,No,2023,,North,,0,,Flat,,,,,,Bright sun,767503,1,0,1,2,,,0,,,,,,Auckland Region,Nil,2-way,Sealed,,0,0,,50,,Off,0,0,,76,Auckland,Stop,,,,,0,0,Urban,1,,,Fine,Null
1755794.9111,5928461.2173,821106,,507900,0,0,0,1,0,South,2025/2026,NORTHERN MOTORWAY,TRISTRAM AVENUE ON RAMP,,Minor Crash,Yes,2025,0,South,0,0,0,Flat,1,,0,,0,Bright sun,307000,1,0,0,3,0,0,0,0,0,,0,0,Auckland Region,Nil,1-way,Sealed,0,0,0,0,100,0,Off,0,0,,76,Auckland,Nil,0,0,0,0,0,0,Open,1,0,0,Fine,Null
1772938.4521,5891355.3483,821120,,521301,0,,0,0,,South,2025/2026,SOUTHERN MOTORWAY,KARAKA OBR,,Non-Injury Crash,Yes,2025,,South,,0,,Flat,,,,,,Overcast,809005,0,0,1,2,,,0,,,,,,Auckland Region,Motorway ramp,1-way,Sealed,,0,0,,100,,Off,0,0,80,76,Auckland,Nil,,,,,0,0,Open,1,,,Fine,Null
1770314.0524,5909762.5194,821122,,523109,0,,0,2,,Null,2025/2026,CHAPEL ROAD,KILKENNY DRIVE,,Non-Injury Crash,No,2026,,South,,0,,Flat,,,,,,Bright sun,712013,0,0,0,5,,,0,,,,,,Auckland Region,Nil,2-way,Sealed,,0,0,,50,,Off,0,0,,76,Auckland,Traffic Signals,,,,,0,0,Urban,0,,,Fine,Null
1743634.5456,5924130.3071,821129,,513410,0,0,0,1,0,North,2025/2026,MAKI STREET,TE PUMANAWA SQUARE,,Non-Injury Crash,No,2025,0,North,0,0,0,Flat,0,,0,,0,Overcast,224000,0,0,0,2,0,0,0,0,0,,0,0,Auckland Region,Nil,2-way,Sealed,0,0,0,0,30,0,Off,0,0,,76,Auckland,Nil,0,0,0,1,0,0,Urban,0,0,0,Fine,Null
1770999.9048,5898718.2788,821135,,523912,0,0,0,0,0,East,2024/2025,TAKA STREET,RAIL XING,,Non-Injury Crash,No,2025,0,East,0,0,0,Flat,0,,0,,0,Overcast,767400,0,0,0,2,0,0,0,0,1,,0,0,Auckland Region,Nil,2-way,Sealed,0,0,0,0,50,0,Null,1,0,,76,Auckland,Nil,0,0,0,0,1,0,Urban,0,0,0,Fine,Null
1757034.7438,5916706.1032,821158,,518202,0,,0,2,,Null,2025/2026,MOUNT EDEN ROAD,NGAURUHOE STREET,,Non-Injury Crash,No,2025,,Null,,0,,Null,,,,,,Bright sun,550200,0,0,0,2,,,0,,,,,,Auckland Region,Nil,2-way,Sealed,,0,0,,50,,Off,0,0,,76,Auckland,Stop,,,,,0,0,Urban,0,,,Fine,Null
1730570.7354,5939578.0479,821171,,506800,0,0,1,0,0,West,2025/2026,RAUTAWHIRI ROAD,AWAROA ROAD,,Minor Crash,No,2025,0,East,0,0,0,Hill Road,0,,0,,0,Dark,209703,1,0,0,2,0,1,0,0,0,,0,0,Auckland Region,Nil,2-way,Sealed,0,0,0,0,50,0,None,0,0,,76,Auckland,Nil,0,0,0,0,1,0,Urban,0,0,0,Fine,Null
1753553.2497,5914448.8055,821194,,518801,0,0,0,1,0,Null,2025/2026,MAIORO STREET,MAIORO STREET ON RAMP,,Non-Injury Crash,No,2025,0,North,0,0,0,Hill Road,1,,0,,0,Overcast,578500,0,0,0,2,0,0,0,0,0,,0,0,Auckland Region,Motorway ramp,1-way,Sealed,0,0,0,0,100,0,Off,0,0,,76,Auckland,Traffic Signals,0,0,0,0,0,0,Open,0,0,0,Light rain,Strong wind
1749207.959,5944315.9855,821208,,506003,0,0,0,0,1,South,2024/2025,EAST COAST ROAD,NEWMAN ROAD,,Non-Injury Crash,No,2024,0,North,0,0,2,Flat,0,,0,,0,Overcast,175702,0,0,0,2,0,0,0,0,0,,0,0,Auckland Region,Nil,2-way,Sealed,0,0,0,0,80,0,Off,0,0,,76,Auckland,Nil,0,0,0,1,1,0,Open,0,0,0,Heavy rain,Null
1758485.2812,5918303.4262,821234,,517400,0,0,1,1,0,South,2025/2026,BROADWAY,KHYBER PASS ROAD,,Non-Injury Crash,No,2025,0,North,0,0,0,Flat,0,,0,,0,Twilight,451100,0,0,0,4,0,0,0,0,1,,0,0,Auckland Region,Nil,2-way,Sealed,0,0,0,0,50,0,Off,0,0,,76,Auckland,Nil,0,0,0,0,0,0,Urban,0,0,0,Fine,Null
1759935.9999,5908533.9961,821240,,524403,0,,0,1,,North,2024/2025,SOUTH-WESTERN MOTORWAY,WALMSLEY ROAD ON RAMP,,Non-Injury Crash,Yes,2024,,South,,0,,Null,,,,,,Bright sun,729800,0,0,0,2,,,0,,,,,,Auckland Region,Nil,1-way,Sealed,,0,0,,100,,Null,0,0,,76,Auckland,Nil,,,,,0,0,Open,1,,,Null,Null
1750637.8434,5926681.5631,821257,,510010,0,0,0,1,0,South,2025/2026,RANGATIRA ROAD,SUNNYHAVEN AVENUE,,Non-Injury Crash,No,2025,0,East,0,0,0,Hill Road,0,,0,,0,Dark,342700,0,0,0,2,0,0,0,0,1,,0,0,Auckland Region,Nil,2-way,Sealed,0,0,0,0,50,0,On,0,0,,76,Auckland,Nil,0,0,0,0,0,0,Urban,1,0,0,Fine,Null
1760082.8709,5915998.72,821278,,516002,0,,0,1,,North,2024/2025,SOUTHERN MOTORWAY,GREENLANE INT N,,Minor Crash,Yes,2025,,South,,0,,Flat,,,,,,Overcast,492100,1,0,0,3,,,0,,,,,,Auckland Region,Nil,1-way,Sealed,,0,0,,100,,Off,0,0,,76,Auckland,Nil,,,,,0,0,Open,1,,,Light rain,Null
1760453.5198,5912646.4735,821286,,520000,0,0,0,1,0,North,2024/2025,MAYS ROAD,FELIX STREET,,Non-Injury Crash,No,2024,0,South,0,0,0,Flat,0,,0,,0,Dark,606300,0,0,0,2,0,0,0,0,1,,0,0,Auckland Region,Nil,2-way,Sealed,0,0,0,0,50,0,On,0,0,,76,Auckland,Nil,0,0,0,0,0,0,Urban,1,0,0,Fine,Null
1759566.5963,5909882.8446,821310,,524002,0,,0,5,,North,2024/2025,SOUTH-WESTERN MOTORWAY,HASTIE FTBR,,Non-Injury Crash,Yes,2025,,South,,0,,Flat,,,,,,Dark,722400,0,0,0,3,,,0,,,,,,Auckland Region,Nil,1-way,Sealed,,0,0,,100,,On,0,0,,76,Auckland,Nil,,,,,0,0,Open,0,,,Light rain,Null
1752530.9999,5912399.7342,821318,,514700,0,,0,2,,West,2024/2025,DONOVAN STREET,LYNBROOKE AVENUE,,Non-Injury Crash,No,2025,,East,,0,,Flat,,,,,,Unknown,369200,0,0,0,2,,,0,,,,,,Auckland Region,Nil,2-way,Sealed,,0,0,,50,,Null,0,0,,76,Auckland,Nil,,,,,0,0,Urban,0,,,Light rain,Null
1770032.7413,5900282.8669,821320,,523817,0,0,0,2,0,South,2025/2026,SHIFNAL DRIVE,BALLOCH STREET,,Minor Crash,No,2025,0,South,0,0,0,Flat,0,,0,,0,Dark,759737,1,0,0,2,0,0,0,0,1,,0,0,Auckland Region,Nil,2-way,Sealed,0,0,0,0,50,0,On,1,0,,76,Auckland,Nil,0,0,0,0,0,0,Urban,0,0,0,Fine,Null
1770179.9219,5913507.7259,821327,,522722,0,,0,2,,Null,2025/2026,BRADBURY ROAD,ACLAND PLACE,,Non-Injury Crash,No,2025,,South,,0,,Flat,,,,,,Dark,681327,0,0,0,2,,,0,,,,,,Auckland Region,Nil,2-way,Sealed,,0,0,,50,,Null,0,0,,76,Auckland,Nil,,,,,0,0,Urban,0,,,Light rain,Null
1754690.3874,5913985.0908,821341,,518803,0,,0,2,,South,2025/2026,MAY ROAD,CULLEN AVENUE,,Non-Injury Crash,No,2026,,North,,0,,Flat,,,,,,Bright sun,580400,0,0,0,2,,,0,,,,,,Auckland Region,Nil,2-way,Sealed,,0,0,,50,,Null,0,0,,76,Auckland,Nil,,,,,0,0,Urban,0,,,Fine,Null
1760584.6378,5908502.1105,821342,,524403,0,0,0,1,0,North,2022/2023,ROBERTSON ROAD,WAKEFIELD ROAD,,Minor Crash,No,2023,0,South,0,0,0,Flat,0,,0,,0,Overcast,729903,1,0,0,2,0,0,0,0,0,,0,1,Auckland Region,Nil,2-way,Sealed,0,0,0,0,50,0,Off,0,0,,76,Auckland,Nil,0,0,0,0,0,0,Urban,0,0,0,Fine,Null
1761076.8666,5906105.3037,821351,,524200,0,0,0,0,0,Null,2025/2026,MASSEY ROAD,PRANGLEY AVENUE,,Minor Crash,No,2025,0,East,0,0,0,Flat,0,,0,,0,Bright sun,728300,2,0,0,2,0,0,0,0,0,,0,1,Auckland Region,Nil,2-way,Sealed,0,0,0,0,50,0,Off,0,0,,76,Auckland,Give way,0,0,0,0,0,0,Urban,1,0,0,Fine,Null
1765170.8897,5918489.4766,821354,,516900,0,,0,1,,North,2023/2024,ST HELIERS BAY ROAD,LAMMERMOOR DRIVE,,Minor Crash,No,2023,,South,,0,,Flat,,,,,,Overcast,465503,1,1,0,2,,,0,,,,,,Auckland Region,Nil,2-way,Sealed,,0,0,,50,,Off,0,0,,76,Auckland,Nil,,,,,0,0,Urban,0,,,Fine,Null
1770004.0262,5908470.8834,821367,,523115,0,,0,3,,North,2025/2026,CHAPEL ROAD,BAVERSTOCK ROAD,,Minor Crash,No,2025,,North,,0,,Flat,,,,,,Bright sun,711911,1,0,0,2,,,0,,,,,,Auckland Region,Nil,2-way,Sealed,,0,0,,50,,Off,0,0,,76,Auckland,Nil,,,,,0,0,Urban,0,,,Fine,Null
1752309.5751,5918061.1225,821373,,515001,0,,0,1,,West,2024/2025,GREAT NORTH ROAD,CARRINGTON ROAD,,Non-Injury Crash,No,2025,,West,,0,,Null,,,,,,Overcast,392400,0,0,0,6,,,0,,,,,,Auckland Region,Nil,2-way,Sealed,,0,0,,50,,Null,1,0,,76,Auckland,Nil,,,,,0,0,Urban,0,,,Fine,Null
1759291.639,5907368.6772,821381,,524122,0,0,0,1,0,Null,2024/2025,IDLEWILD AVENUE,CONVAIR CRESCENT,,Non-Injury Crash,No,2025,0,East,0,0,1,Flat,0,,1,,0,Twilight,738700,0,0,0,2,0,0,0,0,0,,0,0,Auckland Region,Nil,2-way,Sealed,0,0,0,0,50,0,Off,0,0,30,76,Auckland,Nil,0,0,0,0,0,0,Urban,0,0,0,Fine,Null
1772868.3917,5891846.3383,821430,,521301,0,,0,1,,South,2025/2026,SOUTHERN MOTORWAY,BREMNER OBR,,Non-Injury Crash,Yes,2025,,North,,0,,Null,,,,,,Overcast,808702,0,0,0,2,,,0,,,,,,Auckland Region,Nil,1-way,Sealed,,0,0,,100,,Null,0,0,,76,Auckland,Nil,,,,,0,1,Open,0,,,Light rain,Null
1755811.117,5918835.7347,821433,,515500,1,,0,1,,Null,2022/2023,GREAT NORTH ROAD,BRISBANE STREET,,Minor Crash,No,2023,,South,,0,,Flat,,,,,,Bright sun,418700,1,0,0,4,,,0,,,,,,Auckland Region,Nil,2-way,Sealed,,0,0,,50,,Off,0,0,,76,Auckland,Give way,,,,,0,0,Urban,0,,,Fine,Null
1793426.6899,5907471.8653,821436,,525202,0,0,0,0,0,North,2025/2026,KAWAKAWA-ORERE ROAD,FORESTRY ROAD 2,,Minor Crash,No,2025,0,South,0,0,1,Flat,0,,0,,0,Bright sun,764902,1,0,1,2,0,0,0,0,0,,0,0,Auckland Region,Nil,2-way,Sealed,0,0,0,0,60,0,Null,0,0,,76,Auckland,Nil,0,0,0,1,0,0,Urban,0,0,0,Fine,Null
1743769.3574,5924650.0165,821452,,513410,0,0,0,0,0,North,2025/2026,NORTH-WESTERN MOTORWAY,UPPER HARBOUR MOTORWAY ,,Serious Crash,Yes,2025,0,North,0,0,0,Flat,1,,0,,0,Bright sun,223901,0,0,0,2,0,0,0,0,0,,0,1,Auckland Region,Nil,1-way,Sealed,0,0,1,0,100,0,Off,0,0,,76,Auckland,Nil,0,0,0,0,1,0,Open,0,0,0,Fine,Null
1769839.5582,5906161.2786,821460,,523712,0,,0,2,,Null,2025/2026,DONEGAL PARK DRIVE,BROADHURST ROAD,,Non-Injury Crash,No,2025,,West,,0,,Flat,,,,,,Overcast,713201,0,0,0,2,,,0,,,,,,Auckland Region,Nil,2-way,Sealed,,0,0,,50,,None,0,0,40,76,Auckland,Give way,,,,,0,0,Urban,0,,,Fine,Null
1762479.8967,5912784.8752,821468,,520500,0,,0,0,,Null,2024/2025,GREAT SOUTH ROAD,SOUTH-EASTERN HIGHWAY,,Non-Injury Crash,No,2025,,South,,0,,Null,,,,,,Dark,637300,0,0,0,4,,,0,,,,,,Auckland Region,Nil,2-way,Sealed,,0,0,,50,,Null,0,0,,76,Auckland,Traffic Signals,,,,,0,2,Urban,0,,,Null,Null
1772585.5046,5890912.3442,821477,,521203,0,,0,0,,Null,2023/2024,GREAT SOUTH ROAD,KARAKA ROAD,,Minor Crash,No,2023,,West,,0,,Flat,,,,,,Overcast,807400,1,0,0,2,,,0,,,,,,Auckland Region,Nil,2-way,Sealed,,0,0,,100,,None,2,0,,76,Auckland,Give way,,,,,0,0,Open,0,,,Fine,Null
1770410.4012,5899327.2967,821520,,523911,0,0,0,1,0,North,2022/2023,OAKLEIGH AVENUE,HITCHCOCK ROAD,,Non-Injury Crash,No,2023,0,South,0,0,0,Flat,0,,0,,0,Bright sun,768100,0,0,0,2,0,0,0,0,1,,0,0,Auckland Region,Nil,2-way,Sealed,0,0,0,0,70,0,Off,0,0,,76,Auckland,Nil,0,0,0,0,0,0,Urban,2,0,0,Fine,Null
1745342.7013,5920301.4924,821536,,513301,0,,0,2,,South,2022/2023,LINCOLN ROAD,CENTRAL PARK DRIVE,,Non-Injury Crash,No,2023,,North,,0,,Flat,,,,,,Bright sun,230302,0,0,0,4,,,0,,,,,,Auckland Region,Nil,2-way,Sealed,,0,0,,50,,Off,0,0,,76,Auckland,Nil,,,,,0,0,Urban,0,,,Fine,Null
1767023.3591,5905686.5453,821549,,522302,0,,0,2,,East,2025/2026,CASPAR ROAD,GREAT SOUTH ROAD,,Non-Injury Crash,No,2025,,West,,0,,Flat,,,,,,Bright sun,670600,0,0,0,2,,,0,,,,,,Auckland Region,Nil,2-way,Sealed,,0,0,,50,,Off,0,0,,76,Auckland,Nil,,,,,0,0,Urban,0,,,Fine,Null
1755728.8757,5921174.1383,821596,,515202,0,,0,0,,West,2023/2024,NORTHERN MOTORWAY,FANSHAWE STREET ON RAMP,,Non-Injury Crash,Yes,2023,,North,,0,,Flat,,,,,,Overcast,425600,0,0,0,4,,,0,,,,,,Auckland Region,Nil,1-way,Sealed,,0,0,,80,,Off,1,0,,76,Auckland,Nil,,,,,0,0,Open,1,,,Fine,Null
1747843.4622,5914363.9576,821612,,511100,0,0,0,0,0,Null,2023/2024,OFF ROAD - CAR PARK - GREAT NORTH ROAD,,,Minor Crash,No,2024,0,South,0,0,0,Flat,0,,0,,0,Overcast,285100,1,0,0,,0,0,1,0,1,,0,0,Auckland Region,Nil,Off road,Sealed,0,0,0,0,,0,Off,1,0,,76,Auckland,Nil,0,0,0,0,0,0,Urban,0,0,0,Fine,Null
1765692.5838,5920087.0554,821628,,516700,0,0,0,0,0,North,2025/2026,TURUA STREET,POLYGON ROAD,,Non-Injury Crash,No,2025,0,West,0,0,0,Null,0,,0,,0,Bright sun,509300,0,0,0,2,0,0,0,0,1,,0,0,Auckland Region,Nil,2-way,Sealed,0,0,0,0,30,0,Null,2,0,,76,Auckland,Nil,0,0,0,0,0,0,Urban,0,0,0,Fine,Null
1764519.3876,5910209.1661,821658,,521801,0,,0,2,,Null,2023/2024,PRINCES STREET,HUTTON STREET,,Minor Crash,No,2023,,East,,0,,Flat,,,,,,Overcast,787400,1,0,0,2,,,0,,,,,,Auckland Region,Nil,2-way,Sealed,,0,0,,50,,Off,0,1,,76,Auckland,Stop,,,,,0,0,Urban,0,,,Fine,Null
1763506.4338,5909651.3236,821690,,521901,0,0,0,1,0,West,2022/2023,STATION ROAD,HUIA ROAD,,Non-Injury Crash,No,2023,0,West,0,0,0,Flat,0,,0,,0,Bright sun,782900,0,0,0,2,0,0,0,0,1,,0,0,Auckland Region,Nil,2-way,Sealed,0,0,0,0,50,0,Off,0,0,,76,Auckland,Nil,0,0,0,0,0,0,Urban,1,0,0,Fine,Null
1768010.3027,5900111.2292,821691,,525101,0,0,0,2,0,South,2025/2026,KIRTON CRESCENT,MORRIN STREET,,Serious Crash,No,2026,0,South,0,0,0,Hill Road,0,,0,,0,Bright sun,772300,0,0,0,2,0,0,0,0,1,,0,0,Auckland Region,Nil,2-way,Sealed,0,0,1,0,30,0,Off,0,0,,76,Auckland,Nil,0,0,0,0,0,0,Urban,0,0,0,Fine,Null
1766197.9591,5900106.5964,821698,,524713,0,0,0,2,0,Null,2022/2023,ROSCOMMON ROAD,ROSCOMMON ROAD,,Minor Crash,No,2023,0,South,0,0,0,Flat,0,Easter,0,,0,Dark,775821,1,0,0,2,0,0,0,0,1,,0,0,Auckland Region,Nil,2-way,Sealed,0,0,0,0,50,0,On,0,0,,76,Auckland,Give way,0,0,0,0,0,0,Urban,0,0,0,Fine,Null
1774962.3616,5897002.7317,821699,,525610,0,0,0,2,0,North,2025/2026,DOMINION ROAD,ELSIE MORTON PLACE,,Minor Crash,No,2025,0,South,0,0,1,Flat,0,,1,,0,Bright sun,799500,1,0,0,2,0,0,0,0,1,,0,0,Auckland Region,Nil,2-way,Sealed,0,0,0,0,50,0,Off,0,0,,76,Auckland,Nil,0,0,0,0,0,0,Urban,0,0,0,Fine,Null
1764222.2874,5912326.2382,821713,,520500,0,,0,3,,North,2024/2025,MOUNT WELLINGTON HWY OFF RAMP,SOUTHERN MOTORWAY,,Non-Injury Crash,No,2025,,North,,0,,Flat,,,,,,Bright sun,639500,0,0,0,2,,,0,,,,,,Auckland Region,Motorway ramp,1-way,Sealed,,0,0,,100,,Off,0,0,,76,Auckland,Nil,,,,,0,0,Open,0,,,Fine,Null
1769881.1712,5899378.6498,821715,,523920,0,,0,3,,South,2025/2026,GREAT SOUTH ROAD,TAKANINI OBR,,Non-Injury Crash,No,2026,,North,,0,,Flat,,,,,,Overcast,767922,0,0,0,3,,,0,,,,,,Auckland Region,Underpass,2-way,Sealed,,0,0,,70,,None,0,0,,76,Auckland,Nil,,,,,0,0,Urban,0,,,Light rain,Null
1771592.8292,5899371.6612,821721,,523911,0,,0,1,,Null,2024/2025,PORCHESTER ROAD,BERWYN AVENUE,,Minor Crash,No,2025,,North,,0,,Flat,,,,,,Dark,767301,1,0,0,2,,,0,,,1,,,Auckland Region,Nil,2-way,Sealed,,0,0,,50,,None,0,0,,76,Auckland,Give way,,,,,0,0,Urban,0,,,Fine,Null
1753995.9176,5928403.9495,821723,,508320,0,0,0,1,0,North,2025/2026,CHIVALRY ROAD,COLIN WILD PLACE,,Non-Injury Crash,No,2025,0,North,0,0,0,Hill Road,0,,0,,0,Dark,197500,0,0,0,2,0,0,0,0,1,,0,0,Auckland Region,Nil,2-way,Sealed,0,0,0,0,50,0,On,0,0,,76,Auckland,Nil,0,0,0,0,0,0,Urban,1,0,0,Fine,Null
1770204.5919,5898273.5019,821729,,523920,0,,0,0,,South,2024/2025,SOUTHERN MOTORWAY,WALTER STREVENS OBR,,Non-Injury Crash,Yes,2024,,North,,0,,Flat,,,,,,Overcast,767918,0,0,0,3,,,0,,,,,,Auckland Region,Nil,1-way,Sealed,,0,0,,100,,Off,1,0,,76,Auckland,Nil,,,,,0,0,Open,1,,,Fine,Null
1752179.0903,5914235.6501,821731,,514500,0,,0,2,,Null,2025/2026,TIVERTON ROAD,WHITNEY STREET,,Minor Crash,No,2025,,West,,0,,Hill Road,,,,,,Dark,374800,1,0,0,4,,,0,,,,,,Auckland Region,Nil,2-way,Sealed,,0,0,,50,,On,0,0,,76,Auckland,Traffic Signals,,,,,0,0,Urban,0,,,Fine,Null
1755207.2093,5935928.0667,821734,,507101,0,0,0,2,0,West,2022/2023,CARLISLE ROAD,FINCHLEY ROAD,,Non-Injury Crash,No,2023,0,East,0,0,0,Hill Road,0,,0,,0,Overcast,159201,0,0,0,2,0,0,0,0,1,,0,0,Auckland Region,Nil,2-way,Sealed,0,0,0,0,50,0,Off,0,0,,76,Auckland,Nil,0,0,0,0,0,0,Urban,0,0,0,Light rain,Null
1777124.1548,5910123.9743,821745,,523202,0,0,0,1,0,Null,2025/2026,WHITFORD MARAETAI ROAD,CLIFTON ROAD,,Non-Injury Crash,No,2025,0,North,0,0,1,Hill Road,0,,0,,0,Bright sun,718203,0,0,0,2,0,0,0,0,0,,0,0,Auckland Region,Nil,2-way,Sealed,0,0,0,0,80,0,Off,0,0,,76,Auckland,Stop,0,0,0,1,0,0,Open,0,0,0,Fine,Null
1764806.8616,5905361.0071,821755,,522100,0,0,0,2,0,Null,2025/2026,KENDERDINE ROAD,VERDI STREET,,Non-Injury Crash,No,2025,0,North,0,0,0,Flat,0,,0,,0,Dark,659702,0,0,0,2,0,0,0,0,1,,0,0,Auckland Region,Nil,2-way,Sealed,0,0,0,0,50,0,On,0,0,,76,Auckland,Give way,0,0,0,0,0,0,Urban,0,0,0,Light rain,Null
1751472.0819,5915875.4916,821763,,514401,0,0,0,1,0,East,2025/2026,HENRY STREET,ROBERTON ROAD,,Non-Injury Crash,No,2025,0,North,0,0,0,Flat,0,,0,,0,Overcast,382000,0,0,0,2,0,0,0,0,1,,0,0,Auckland Region,Nil,2-way,Sealed,0,0,0,0,50,0,Off,0,0,,76,Auckland,Nil,0,0,0,0,1,0,Urban,0,0,0,Fine,Null
1767849.4445,5910314.9169,821766,,523112,0,0,0,1,0,Null,2022/2023,ALLENS ROAD,CROOKS ROAD,,Non-Injury Crash,No,2023,0,South,0,0,0,Flat,1,,0,,0,Dark,711600,0,0,0,4,0,0,0,0,0,,1,0,Auckland Region,Nil,2-way,Sealed,0,0,0,0,60,0,On,0,0,,76,Auckland,Give way,0,0,0,0,0,0,Urban,0,0,0,Light rain,Null
1752153.8302,5932476.2087,821791,,508807,0,,0,0,,Null,2025/2026,BUSH ROAD,ROSEDALE ROAD,,Minor Crash,No,2026,,South,,0,,Flat,,,,,,Bright sun,180501,2,0,0,4,,,0,,,,,,Auckland Region,Nil,2-way,Sealed,,0,0,,50,,Off,1,0,,76,Auckland,Traffic Signals,,,,,0,0,Urban,1,,,Fine,Null
1761222.3529,5912416.5267,821796,,519500,0,,0,2,,Null,2022/2023,CHURCH STREET,MAURICE ROAD,,Non-Injury Crash,No,2023,,East,,0,,Flat,,,,,,Overcast,622300,0,0,0,2,,,0,,,,,,Auckland Region,Nil,2-way,Sealed,,0,0,,50,,Off,0,0,,76,Auckland,Stop,,,,,0,0,Urban,0,,,Light rain,Null
1768087.6603,5900494.8603,821800,,525101,0,,0,1,,Null,2022/2023,WEYMOUTH ROAD,COXHEAD ROAD,,Non-Injury Crash,No,2023,,West,,0,,Flat,,,,,,Dark,771200,0,0,0,2,,,0,,,,,,Auckland Region,Speed hump,2-way,Sealed,,0,0,,50,,On,1,0,,76,Auckland,Stop,,,,,0,0,Urban,0,,,Light rain,Null
1754720.8191,5915651.8536,821804,,517703,0,,0,0,,South,2022/2023,SANDRINGHAM ROAD,KITCHENER ROAD,,Minor Crash,No,2023,,Null,,0,,Flat,,,,,,Dark,538500,1,0,0,2,,,0,,,1,,,Auckland Region,Nil,2-way,Sealed,,0,0,,50,,On,0,0,,76,Auckland,Nil,,,,,0,1,Urban,0,,,Fine,Null
1767527.6388,5904240.4749,821809,,524604,0,,0,1,,Null,2025/2026,MANUKAU STATION ROAD,PUTNEY WAY,,Non-Injury Crash,No,2025,,West,,0,,Flat,,,,,,Bright sun,780204,0,0,0,2,,,0,,,,,,Auckland Region,Nil,1-way,Sealed,,0,0,,50,,Null,0,0,,76,Auckland,Traffic Signals,,,,,0,0,Urban,1,,,Fine,Null