X,Y,OBJECTID,advisorySpeed,areaUnitID,bicycle,bridge,bus,carStationWagon,cliffBank,crashDirectionDescription,crashFinancialYear,crashLocation1,crashLocation2,crashRoadSideRoad,crashSeverity,crashSHDescription,crashYear,debris,directionRoleDescription,ditch,fatalCount,fence,flatHill,guardRail,holiday,houseOrBuilding,intersection,kerb,light,meshblockId,minorInjuryCount,moped,motorcycle,NumberOfLanes,objectThrownOrDropped,otherObject,otherVehicleType,overBank,parkedVehicle,pedestrian,phoneBoxEtc,postOrPole,region,roadCharacter,roadLane,roadSurface,roadworks,schoolBus,seriousInjuryCount,slipOrFlood,speedLimit,strayAnimal,streetLight,suv,taxi,temporarySpeedLimit,tlaId,tlaName,trafficControl,trafficIsland,trafficSign,train,tree,truck,unknownVehicleType,urban,vanOrUtility,vehicle,waterRiver,weatherA,weatherB
1772487.211,5890145.3669,821815,,521302,0,,0,2,,South,2025/2026,BURTT ROAD,MCPHERSON ROAD,,Minor Crash,No,2025,,North,,0,,Flat,,,,,,Bright sun,807500,2,0,0,2,,,0,,,,,,Auckland Region,Nil,2-way,Sealed,,0,0,,80,,None,0,0,,76,Auckland,Nil,,,,,0,0,Open,0,,,Fine,Null
1748787.5008,5917957.738,821816,,514801,0,,0,0,,Null,2022/2023,PATIKI ROAD,ROSEBANK ROAD,,Non-Injury Crash,No,2023,,South,,0,,Flat,,,,,,Twilight,389300,0,0,0,2,,,0,,,,,,Auckland Region,Nil,1-way,Sealed,,0,0,,50,,On,0,0,,76,Auckland,Give way,,,,,1,0,Urban,1,,,Fine,Null
1756724.0904,5919264.1734,821835,,514200,0,0,0,1,0,West,2022/2023,SOUTHERN MOTORWAY,NORTH-WESTERN TO SOUTHERN LINK,,Non-Injury Crash,Yes,2023,0,East,0,0,0,Hill Road,1,,0,,0,Dark,411900,0,0,0,3,0,0,0,0,0,,0,0,Auckland Region,Nil,1-way,Sealed,0,0,0,0,80,0,On,0,0,,76,Auckland,Nil,0,0,0,0,0,0,Open,0,0,0,Light rain,Null
1756916.5124,5916419.397,821846,,518202,0,0,0,2,0,West,2023/2024,FAIRVIEW ROAD,MOUNT EDEN ROAD,,Minor Crash,No,2023,0,West,0,0,0,Flat,0,,0,,0,Twilight,551000,1,0,0,2,0,0,0,0,1,,0,0,Auckland Region,Nil,2-way,Sealed,0,0,0,0,50,0,On,0,0,,76,Auckland,Nil,0,0,0,0,0,0,Urban,0,0,0,Fine,Null
1748783.8588,5960763.0354,821861,,506613,0,,0,2,,North,2022/2023,SH 1,MAHURANGI WEST ROAD,,Minor Crash,Yes,2023,,North,,0,,Hill Road,,,,,,Dark,147107,1,0,0,2,,,1,,,,,,Auckland Region,Nil,2-way,Sealed,,0,0,,80,,None,0,0,,76,Auckland,Nil,,,,,0,0,Open,0,,,Fine,Null
1764044.6683,5916904.977,821876,,517201,1,,0,1,,Null,2022/2023,COLLEGE ROAD,MERTON ROAD,,Minor Crash,No,2023,,South,,0,,Hill Road,,,,,,Bright sun,465202,1,0,0,2,,,0,,,,,,Auckland Region,Nil,1-way,Sealed,,0,0,,50,,Off,0,0,,76,Auckland,Give way,,,,,0,0,Urban,0,,,Fine,Null
1753488.9558,5914403.6742,821883,,518801,0,0,0,2,0,Null,2025/2026,MAIORO STREET,MAIORO STREET ON RAMP,,Non-Injury Crash,No,2025,0,North,0,0,0,Hill Road,1,,0,,0,Dark,578400,0,0,0,2,0,0,0,0,0,,0,0,Auckland Region,Motorway ramp,1-way,Sealed,0,0,0,0,100,0,On,0,0,,76,Auckland,Traffic Signals,0,0,0,0,0,0,Open,0,0,0,Heavy rain,Null
1752159.9173,5925250.9629,821884,,510220,0,,0,1,,West,2023/2024,VERRAN ROAD,VERBENA ROAD,,Minor Crash,No,2023,,East,,0,,Flat,,,,,,Dark,350504,1,0,0,2,,,0,,,1,,,Auckland Region,Nil,2-way,Sealed,,0,0,,50,,Off,0,0,,76,Auckland,Nil,,,,,0,0,Urban,0,,,Light rain,Null
1749476.8364,5948747.3428,821888,,506202,1,,0,1,,Null,2022/2023,ARRAN DRIVE,ARRAN POINT PARADE,,Minor Crash,No,2023,,North,,0,,Hill Road,,,,,,Bright sun,176412,1,0,0,2,,,0,,,,,,Auckland Region,Nil,2-way,Sealed,,0,0,,50,,Off,0,0,,76,Auckland,Give way,,,,,0,0,Urban,0,,,Fine,Null
1760405.8708,5913575.9592,821915,,519900,0,0,0,2,0,South,2024/2025,WAITANGI ROAD,ORANGA AVENUE,,Non-Injury Crash,No,2024,0,West,0,0,0,Flat,0,,0,,0,Bright sun,604500,0,0,0,2,0,0,0,0,1,,0,0,Auckland Region,Nil,2-way,Sealed,0,0,0,0,50,0,Null,0,0,,76,Auckland,Nil,0,0,0,0,0,0,Urban,0,0,0,Fine,Null
1745545.0442,5916475.1444,821924,,510800,0,,0,1,,North,2022/2023,VIEW ROAD,MILLBROOK ROAD,,Minor Crash,No,2023,,North,,0,,Hill Road,,,,,,Overcast,243200,1,0,0,2,,,0,,,1,,,Auckland Region,Nil,2-way,Sealed,,0,0,,50,,Off,0,0,,76,Auckland,Nil,,,,,0,0,Urban,0,,,Light rain,Null
1768909.7921,5909732.8624,821931,,523113,0,,0,1,,Null,2025/2026,SMALES ROAD,SIR WILLIAM AVENUE,,Minor Crash,No,2025,,West,,0,,Flat,,,,,,Overcast,711703,1,0,0,2,,,0,,,,,,Auckland Region,Nil,2-way,Sealed,,0,0,,50,,Off,1,0,,76,Auckland,Give way,,,,,0,0,Urban,0,,,Fine,Null
1754369.4985,5916682.9594,821947,,517701,0,,0,1,,West,2025/2026,ST LUKES ROAD,WAGENER PLACE,,Non-Injury Crash,No,2025,,South,,0,,Null,,,,,,Bright sun,536100,0,0,1,3,,,0,,,,,,Auckland Region,Nil,1-way,Sealed,,0,0,,50,,Null,0,0,,76,Auckland,Nil,,,,,0,0,Urban,0,,,Null,Null
1763922.0042,5910075.6604,821959,,521901,0,,0,2,,Null,2022/2023,GREAT SOUTH ROAD,PRINCES STREET,,Non-Injury Crash,No,2023,,South,,0,,Flat,,,,,,Bright sun,782200,0,0,0,4,,,0,,,,,,Auckland Region,Nil,2-way,Sealed,,0,0,,50,,Off,0,0,,76,Auckland,Traffic Signals,,,,,0,0,Urban,0,,,Fine,Null
1757080.3804,5919107.8735,821969,,514200,0,,0,2,,South,2025/2026,SYMONDS STREET,SYMONDS OBR,,Non-Injury Crash,No,2025,,South,,0,,Null,,,,,,Dark,412302,0,0,0,6,,,0,,,,,,Auckland Region,Bridge,2-way,Sealed,,0,0,,50,,On,0,0,,76,Auckland,Nil,,,,,0,0,Urban,0,,,Fine,Null
1755656.7015,5924348.7588,821977,,509800,0,,0,3,,South,2025/2026,QUEEN STREET,BELLE VUE AVENUE,,Non-Injury Crash,No,2026,,South,,0,,Hill Road,,,,,,Overcast,360700,0,0,0,2,,,0,,,,,,Auckland Region,Nil,2-way,Sealed,,0,0,,50,,Off,0,0,,76,Auckland,Nil,,,,,0,0,Urban,0,,,Light rain,Null
1755924.6866,5919463.0852,821995,,515420,0,,1,1,,Null,2024/2025,WILLIAMSON AVENUE,PONSONBY ROAD,,Non-Injury Crash,No,2025,,East,,0,,Flat,,,,,,Dark,409200,0,0,0,3,,,0,,,,,,Auckland Region,Nil,2-way,Sealed,,0,0,,40,,On,0,0,30,76,Auckland,Traffic Signals,,,,,0,0,Urban,0,,,Fine,Null
1749339.6738,5941250.7103,821998,,506300,0,,0,1,,South,2023/2024,NORTHERN MOTORWAY,WILKS OBR,,Minor Crash,Yes,2023,,North,,0,,Flat,,,,,,Dark,175906,1,0,1,2,,,0,,,,,,Auckland Region,Nil,1-way,Sealed,,0,0,,100,,None,0,0,,76,Auckland,Nil,,,,,0,0,Open,0,,,Light rain,Null
1750099.2315,5916271.1365,822001,,514801,0,0,0,1,0,South,2024/2025,AVONDALE ROAD,ROSEBANK ROAD,,Non-Injury Crash,No,2025,0,South,0,0,0,Null,0,Easter,0,,0,Unknown,387200,0,0,0,2,0,0,0,0,1,,0,0,Auckland Region,Nil,2-way,Null,0,0,0,0,50,0,Null,1,0,,76,Auckland,Nil,0,0,0,0,0,0,Urban,0,0,0,Null,Null
1758283.0933,5918392.7309,822017,,517400,0,,0,0,,East,2025/2026,KHYBER PASS ROAD,CROWHURST STREET,,Non-Injury Crash,No,2025,,West,,0,,Null,,,,,,Bright sun,450100,0,0,0,4,,,0,,,,,,Auckland Region,Nil,2-way,Sealed,,0,0,,50,,Null,2,0,,76,Auckland,Nil,,,,,0,0,Urban,0,,,Fine,Null
1719344.4584,5947728.6886,822019,,506642,0,,0,0,,South,2025/2026,SOUTH HEAD ROAD,CROSLAND ROAD,,Minor Crash,No,2025,,South,,0,,Hill Road,,,,,,Bright sun,210301,1,0,1,2,,,0,,,,,,Auckland Region,Nil,2-way,Sealed,,0,0,,100,,None,0,0,,76,Auckland,Nil,,,,,0,0,Open,1,,,Fine,Null
1769167.7115,5901561.2556,822032,,524901,0,,0,2,,Null,2025/2026,HILL ROAD,CLAUDE ROAD,,Non-Injury Crash,No,2025,,North,,0,,Hill Road,,,,,,Bright sun,756000,0,0,0,2,,,0,,,,,,Auckland Region,Nil,2-way,Sealed,,0,0,,50,,Off,0,0,,76,Auckland,Traffic Signals,,,,,0,0,Urban,0,,,Fine,Null
1767278.2484,5906275.0462,822042,,522302,0,,0,1,,East,2024/2025,TUI ROAD,PEMBROKE STREET,,Non-Injury Crash,No,2025,,East,,0,,Hill Road,,,,,,Dark,670300,0,0,0,2,,,0,,,,,,Auckland Region,Nil,2-way,Sealed,,0,0,,50,,On,0,0,,76,Auckland,Nil,,,,,0,0,Urban,0,,,Fine,Null
1757489.3865,5926895.9222,822053,,507900,0,,0,0,,South,2022/2023,BARRYS POINT ROAD,GREYDENE PLACE,,Minor Crash,No,2023,,North,,0,,Flat,,,,,,Overcast,304200,1,0,1,2,,,0,,,,,,Auckland Region,Nil,2-way,Sealed,,0,0,,50,,None,0,0,,76,Auckland,Nil,,,,,1,0,Urban,0,,,Fine,Null
1758357.1631,5917320.1916,822056,,519200,0,,0,1,,South,2025/2026,MANUKAU ROAD,GREAT SOUTH ROAD,,Non-Injury Crash,No,2025,,North,,0,,Flat,,,,,,Overcast,613600,0,0,0,4,,,0,,,,,,Auckland Region,Nil,2-way,Sealed,,0,0,,50,,Off,0,0,,76,Auckland,Nil,,,,,0,0,Urban,1,,,Light rain,Null
1748779.9318,5914475.6449,822074,,511302,0,,0,2,,Null,2024/2025,RIMU STREET,LYNWOOD ROAD,,Non-Injury Crash,No,2025,,West,,0,,Hill Road,,Easter,,,,Dark,268200,0,0,0,2,,,0,,,,,,Auckland Region,Nil,2-way,Sealed,,0,0,,50,,On,0,0,,76,Auckland,Stop,,,,,0,0,Urban,0,,,Heavy rain,Strong wind
1747605.4398,5940070.9354,822106,,506300,0,0,0,1,1,South,2025/2026,BAWDEN ROAD,DAIRY STREAM ROAD,,Non-Injury Crash,No,2025,0,South,0,0,0,Flat,0,,0,,0,Dark,176006,0,0,0,2,0,0,0,0,0,,0,0,Auckland Region,Nil,2-way,Sealed,0,0,0,0,60,0,None,0,0,,76,Auckland,Nil,0,0,0,0,0,0,Urban,0,0,0,Fine,Null
1752355.597,5919082.1429,822114,,515002,0,,0,0,,Null,2025/2026,MEOLA ROAD,MOA ROAD,,Non-Injury Crash,No,2025,,East,,0,,Null,,Christmas New Year,,,,Bright sun,395900,0,0,0,2,,,0,,,,,,Auckland Region,Nil,2-way,Sealed,,0,0,,50,,Null,1,0,,76,Auckland,Stop,,,,,0,0,Urban,1,,,Fine,Null
1753352.4272,5929838.9965,822136,,508411,0,,0,2,,South,2025/2026,ALBANY HIGHWAY,WESTWOOD COURT,,Non-Injury Crash,No,2025,,South,,0,,Hill Road,,,,,,Bright sun,183903,0,0,0,4,,,0,,,,,,Auckland Region,Nil,2-way,Sealed,,0,0,,50,,Off,0,0,,76,Auckland,Nil,,,,,0,0,Urban,0,,,Fine,Null
1754380.1674,5916584.5649,822160,,517702,0,,0,1,,Null,2025/2026,WAGENER PLACE,ST LUKES ROAD,,Serious Crash,No,2025,,North,,0,,Flat,,,,,,Overcast,540002,0,0,1,2,,,0,,,,,,Auckland Region,Nil,2-way,Sealed,,0,1,,50,,Off,0,0,,76,Auckland,Stop,,,,,0,0,Urban,0,,,Fine,Null
1757440.0317,5920625.3102,822168,,514102,0,,1,1,,South,2024/2025,QUEEN STREET,VULCAN LANE,,Non-Injury Crash,No,2025,,North,,0,,Null,,,,,,Unknown,433501,0,0,0,4,,,0,,,,,,Auckland Region,Nil,2-way,Null,,0,0,,30,,Null,0,0,,76,Auckland,Nil,,,,,0,0,Urban,0,,,Null,Null
1760277.2962,5923366.4469,822224,,509400,0,,0,1,,South,2024/2025,LAKE ROAD,ARIHO TERRACE,,Non-Injury Crash,No,2025,,North,,0,,Flat,,,,,,Twilight,331500,0,0,0,2,,,0,,,,,,Auckland Region,Nil,2-way,Sealed,,0,0,,50,,Off,0,0,,76,Auckland,Nil,,,,,0,0,Urban,1,,,Fine,Null
1746419.3454,5935251.2903,822246,,506653,0,0,0,1,0,East,2024/2025,COATESVILLE-RIVERHEAD HIGHWAY,GLENMORE ROAD,,Non-Injury Crash,No,2025,0,West,0,0,0,Flat,0,,0,,0,Overcast,217209,0,0,0,2,0,0,0,0,0,,0,3,Auckland Region,Nil,2-way,Sealed,0,0,0,0,60,0,Off,0,0,,76,Auckland,Nil,0,0,0,0,2,0,Urban,0,0,0,Fine,Null
1762041.7045,5916068.1177,822255,,516003,0,0,0,2,0,Null,2022/2023,ABBOTTS WAY,KORAHA STREET,,Minor Crash,No,2023,0,West,0,0,0,Flat,0,,0,,0,Overcast,494700,1,0,0,2,0,0,0,0,1,,0,0,Auckland Region,Nil,2-way,Sealed,0,0,0,0,50,0,Off,0,0,,76,Auckland,Give way,0,0,0,0,0,0,Urban,0,0,0,Light rain,Null
1772734.4699,5895428.7497,822256,,525540,0,0,0,1,0,North,2024/2025,GREAT SOUTH ROAD,BEACH ROAD,,Non-Injury Crash,No,2025,0,South,0,0,0,Flat,0,Queens Birthday,0,,0,Dark,806103,0,0,0,4,0,0,0,0,0,,0,0,Auckland Region,Nil,2-way,Sealed,0,0,0,0,50,0,On,0,0,,76,Auckland,Nil,0,1,0,0,0,0,Urban,0,0,0,Fine,Null
1789564.974,5908751.0053,822262,,525202,0,0,0,1,0,East,2025/2026,CLEVEDON-KAWAKAWA ROAD,TOWNSON ROAD,,Non-Injury Crash,No,2025,0,North,0,0,0,Hill Road,0,,0,,0,Overcast,764800,0,0,0,2,0,0,0,0,0,,0,1,Auckland Region,Nil,2-way,Sealed,0,0,0,0,80,0,Off,0,0,,76,Auckland,Nil,0,0,0,0,0,0,Open,0,0,0,Light rain,Null
1765957.8297,5906422.1148,822270,,522202,0,0,0,1,0,Null,2025/2026,GREAT SOUTH ROAD,ST GEORGE STREET,,Non-Injury Crash,No,2025,0,South,0,0,0,Flat,0,,0,,0,Bright sun,663900,0,0,0,4,0,0,0,0,0,,0,0,Auckland Region,Nil,2-way,Sealed,0,0,0,0,50,0,Off,0,0,,76,Auckland,Traffic Signals,0,1,0,0,0,0,Urban,1,0,0,Fine,Null
1772420.8978,5913145.0603,822286,,523102,0,0,0,2,0,North,2025/2026,MEADOWLAND DRIVE,BRONTE PLACE,,Minor Crash,No,2026,0,North,0,0,0,Flat,0,,0,,0,Bright sun,711015,1,0,0,2,0,0,0,0,1,,0,0,Auckland Region,Nil,2-way,Sealed,0,0,0,0,50,0,Off,0,0,,76,Auckland,Nil,0,0,0,0,0,0,Urban,0,0,0,Fine,Null
1744749.7027,5917920.1605,822288,,510700,0,0,0,1,0,South,2024/2025,STURGES ROAD,SWANSON ROAD,,Non-Injury Crash,No,2025,0,West,0,0,0,Flat,0,,1,,1,Overcast,239501,0,0,0,2,0,0,0,0,0,,0,0,Auckland Region,Nil,2-way,Sealed,0,0,0,0,50,0,Off,0,0,,76,Auckland,Nil,0,0,0,0,0,0,Urban,0,0,0,Light rain,Null
1768748.0764,5911598.4123,822302,,523112,0,,0,2,,Null,2025/2026,TI RAKAU DRIVE,BURSWOOD DRIVE,,Non-Injury Crash,No,2026,,West,,0,,Flat,,,,,,Bright sun,711404,0,0,0,3,,,0,,,,,,Auckland Region,Nil,1-way,Sealed,,0,0,,60,,Off,0,0,,76,Auckland,Traffic Signals,,,,,0,0,Urban,1,,,Fine,Null
1763509.0489,5908651.0569,822318,,521901,0,,0,3,,Null,2025/2026,MANGERE ROAD,MIDDLEMORE ROAD,,Serious Crash,No,2026,,North,,0,,Flat,,,,,,Bright sun,783700,0,0,0,4,,,0,,,,,,Auckland Region,Nil,2-way,Sealed,,0,1,,50,,Off,0,0,,76,Auckland,Traffic Signals,,,,,0,0,Urban,0,,,Fine,Null
1763181.9133,5919101.3799,822336,,516500,0,,0,1,,East,2025/2026,KEPA ROAD,PATTESON AVENUE,,Non-Injury Crash,No,2025,,East,,0,,Hill Road,,,,,,Bright sun,502202,0,0,0,4,,,0,,,,,,Auckland Region,Nil,2-way,Sealed,,0,0,,50,,Off,1,0,,76,Auckland,Nil,,,,,0,0,Urban,0,,,Fine,Null
1734905.0746,5932636.6402,822342,,505605,0,,0,1,,South,2024/2025,OLD NORTH ROAD,WAIKOUKOU VALLEY ROAD,,Non-Injury Crash,No,2024,,West,,0,,Flat,,,,,,Overcast,215700,0,0,0,2,,,0,,,,,,Auckland Region,Nil,2-way,Sealed,,0,0,,80,,None,0,0,,76,Auckland,Nil,,,,,0,0,Open,1,,,Fine,Null
1770674.7544,5898607.3147,822368,,523920,0,,0,1,,Null,2024/2025,GREAT SOUTH ROAD,WALTER STREVENS DRIVE,,Non-Injury Crash,No,2025,,North,,0,,Flat,,,,,,Dark,768001,0,0,0,4,,,0,,,,,,Auckland Region,Nil,2-way,Sealed,,0,0,,50,,Null,0,0,,76,Auckland,Traffic Signals,,,,,0,0,Urban,1,,,Fine,Null
1739844.3769,5977147.6064,822382,,506660,0,0,0,1,0,South,2025/2026,SH 1,RIVER ROAD,,Serious Crash,Yes,2025,0,North,0,0,0,Hill Road,0,,0,,0,Bright sun,136700,0,0,0,3,0,0,0,0,0,,0,0,Auckland Region,Nil,2-way,Sealed,0,0,1,0,80,0,Off,0,0,,76,Auckland,Nil,0,0,0,1,0,0,Open,0,0,0,Fine,Null
1766361.6812,5901285.0792,822392,,524711,0,0,0,1,0,North,2025/2026,DAGENHAM STREET,BURBANK AVENUE,,Non-Injury Crash,No,2025,0,North,0,0,0,Flat,0,,0,,0,Overcast,775600,0,0,0,2,0,0,0,0,1,,0,0,Auckland Region,Nil,2-way,Sealed,0,0,0,0,30,0,Off,1,0,,76,Auckland,Nil,0,0,0,1,0,0,Urban,0,0,0,Fine,Null
1772738.5643,5895455.008,822403,,525540,0,,0,1,,North,2022/2023,GREAT SOUTH ROAD,SETTLEMENT ROAD,,Non-Injury Crash,No,2023,,North,,0,,Flat,,,,,,Bright sun,806103,0,0,0,4,,,0,,,,,,Auckland Region,Nil,2-way,Sealed,,0,0,,50,,None,1,0,,76,Auckland,Nil,,,,,0,0,Urban,0,,,Fine,Null
1766596.3351,5918851.3241,822408,,516900,0,,0,2,,North,2025/2026,CROSSFIELD ROAD,CRANBROOK PLACE,,Non-Injury Crash,No,2025,,South,,0,,Hill Road,,Labour Weekend,,,,Bright sun,468500,0,0,0,2,,,0,,,,,,Auckland Region,Nil,2-way,Sealed,,0,0,,50,,Off,0,0,,76,Auckland,Nil,,,,,0,0,Urban,0,,,Fine,Null
1765426.0959,5909075.1433,822414,,523402,0,,0,3,,South,2025/2026,HIGHBROOK DRIVE OFF RAMP,SOUTHERN MOTORWAY,,Non-Injury Crash,No,2025,,South,,0,,Flat,,,,,,Bright sun,696900,0,0,0,1,,,0,,,,,,Auckland Region,Motorway ramp,1-way,Sealed,,0,0,,100,,Off,0,0,,76,Auckland,Nil,,,,,0,0,Open,0,,,Fine,Null
1791051.7852,5928690.2578,822430,,520801,0,,0,0,,North,2025/2026,MAN O'WAR BAY ROAD,STONYBATTER ROAD,,Serious Crash,No,2025,,West,,0,,Hill Road,,,,,,Overcast,515801,0,0,0,2,,,0,,,,,,Auckland Region,Nil,2-way,Unsealed,,0,1,,60,,None,0,0,,76,Auckland,Nil,,,,,0,0,Urban,1,,,Fine,Strong wind
1766269.3616,5916723.0062,822438,,517001,0,0,0,1,0,North,2025/2026,ELSTREE AVENUE,MAYBURY STREET,,Non-Injury Crash,No,2025,0,North,0,0,0,Flat,0,,0,,0,Overcast,476500,0,0,0,2,0,0,0,0,0,,0,1,Auckland Region,Nil,2-way,Sealed,0,0,0,0,50,0,Off,0,0,,76,Auckland,Nil,0,0,0,0,0,0,Urban,0,0,0,Light rain,Null
1755164.9458,5914297.4226,822440,,518803,0,,0,2,,Null,2024/2025,MOUNT ALBERT ROAD,DOMINION ROAD,,Non-Injury Crash,No,2024,,South,,0,,Flat,,,,,,Bright sun,580100,0,0,0,4,,,0,,,,,,Auckland Region,Nil,2-way,Sealed,,0,0,,50,,Off,0,0,,76,Auckland,Traffic Signals,,,,,0,0,Urban,0,,,Fine,Null
1766976.3253,5913378.2559,822443,,522820,0,,0,4,,Null,2022/2023,PAKURANGA ROAD,WILLIAM ROBERTS ROAD,,Minor Crash,No,2023,,West,,0,,Flat,,,,,,Overcast,694900,1,0,0,6,,,0,,,,,,Auckland Region,Nil,2-way,Sealed,,0,0,,50,,Off,1,0,,76,Auckland,Give way,,,,,0,0,Urban,0,,,Light rain,Null
1759651.3513,5920501.1326,822446,,515902,0,,0,1,,East,2025/2026,TAMAKI DRIVE,SOLENT STREET,,Non-Injury Crash,No,2025,,East,,0,,Flat,,,,,,Overcast,454800,0,0,0,4,,,0,,,,,,Auckland Region,Nil,2-way,Sealed,,0,0,,50,,Off,0,0,,76,Auckland,Nil,,,,,0,0,Urban,1,,,Fine,Null
1750508.6557,5929251.0494,822451,,509100,0,,0,6,,North,2022/2023,UPPER HARBOUR MOTORWAY,GREENHITHE OBR,,Non-Injury Crash,Yes,2023,,South,,0,,Flat,,,,,,Dark,181107,0,0,0,2,,,0,,,,,,Auckland Region,Nil,1-way,Sealed,,0,0,,100,,On,0,0,,76,Auckland,Nil,,,,,0,0,Open,1,,,Light rain,Null
1767375.0875,5905017.939,822454,,524603,0,,0,2,,North,2025/2026,GREAT SOUTH ROAD,TE IRIRANGI DRIVE,,Non-Injury Crash,No,2025,,South,,0,,Null,,,,,,Overcast,780304,0,0,0,4,,,0,,,,,,Auckland Region,Nil,2-way,Sealed,,0,0,,50,,Null,0,0,,76,Auckland,Nil,,,,,0,0,Urban,0,,,Fine,Null
1737660.2211,5921002.2706,822462,,505700,0,0,0,1,0,North,2025/2026,WAITAKERE ROAD,BETHELLS ROAD,,Non-Injury Crash,No,2026,0,South,1,0,0,Flat,0,,0,,0,Overcast,216603,0,0,0,2,0,0,0,0,0,,0,0,Auckland Region,Nil,2-way,Sealed,0,0,0,0,80,0,None,0,0,,76,Auckland,Nil,0,0,0,0,0,0,Open,0,0,0,Light rain,Null
1760185.2699,5915903.4867,822469,,516003,0,,0,1,,East,2024/2025,SOUTHERN MOTORWAY,GREENLANE INT S,,Non-Injury Crash,Yes,2025,,North,,0,,Flat,,,,,,Bright sun,494902,0,0,0,3,,,0,,,,,,Auckland Region,Nil,1-way,Sealed,,0,0,,100,,Off,0,0,,76,Auckland,Nil,,,,,0,0,Open,1,,,Fine,Null
1761148.5731,5914808.7886,822471,,520202,0,,0,2,,South,2024/2025,SOUTHERN MOTORWAY,ELLERSLIE FTBR,,Non-Injury Crash,Yes,2025,,North,,0,,Flat,,,,,,Bright sun,612100,0,0,0,4,,,0,,,,,,Auckland Region,Nil,1-way,Sealed,,0,0,,100,,Off,0,0,,76,Auckland,Nil,,,,,0,0,Open,1,,,Fine,Null
1763931.4281,5916628.8113,822479,,516302,0,,0,2,,East,2024/2025,NGAHUE DRIVE,DONNELLY STREET,,Non-Injury Crash,No,2025,,East,,0,,Flat,,,,,,Bright sun,465301,0,0,0,4,,,0,,,,,,Auckland Region,Nil,2-way,Sealed,,0,0,,50,,Off,0,0,,76,Auckland,Nil,,,,,0,0,Urban,0,,,Fine,Null
1751748.702,5930959.1892,822522,,508807,0,0,0,1,0,North,2023/2024,ALBANY HIGHWAY,SCHNAPPER ROCK ROAD,,Minor Crash,No,2023,0,West,0,0,0,Flat,1,,0,,0,Overcast,180301,1,0,0,4,0,0,0,0,0,,0,0,Auckland Region,Nil,2-way,Sealed,0,0,0,0,50,0,Off,0,0,,76,Auckland,Nil,0,0,0,0,0,0,Urban,0,0,0,Light rain,Strong wind
1753536.8985,5927073.4203,822525,,508210,0,0,0,0,0,Null,2025/2026,GLENFIELD ROAD,ROBERTS ROAD,,Non-Injury Crash,No,2025,0,South,0,0,0,Hill Road,1,,0,,0,Twilight,187600,0,0,0,2,0,0,0,0,0,,0,0,Auckland Region,Nil,2-way,Sealed,0,0,0,0,50,0,On,0,0,,76,Auckland,Give way,0,0,0,0,0,0,Urban,1,0,0,Fine,Null
1768705.5778,5910114.469,822534,,523112,0,,0,2,,Null,2025/2026,HARRIS ROAD,CROOKS ROAD,,Non-Injury Crash,No,2025,,North,,0,,Flat,,,,,,Overcast,711500,0,0,0,4,,,0,,,,,,Auckland Region,Nil,2-way,Sealed,,0,0,,50,,Off,1,0,,76,Auckland,Give way,,,,,1,0,Urban,0,,,Fine,Null
1765718.8997,5907230.4116,822552,,522301,0,,0,1,,West,2022/2023,MOTATAU ROAD,KAUTAMI AVENUE,,Minor Crash,No,2023,,East,,0,,Hill Road,,,,,,Bright sun,666302,1,0,0,2,,,0,,,1,,,Auckland Region,Nil,2-way,Sealed,,0,0,,50,,Off,0,0,,76,Auckland,Nil,,,,,0,0,Urban,0,,,Fine,Null
1775127.9068,5887004.0512,822563,,521132,0,0,0,0,0,North,2024/2025,RAMARAMA ON RAMP,SOUTHERN MOTORWAY,,Non-Injury Crash,No,2025,0,South,0,0,0,Flat,1,Queens Birthday,0,,0,Twilight,814200,0,0,0,3,0,0,0,0,0,,0,0,Auckland Region,Nil,1-way,Sealed,0,0,0,0,100,0,On,1,0,,76,Auckland,Nil,0,0,0,0,0,0,Open,0,0,0,Fine,Null
1767911.5197,5907208.2115,822565,,523602,0,0,0,1,0,North,2025/2026,IVON ROAD,SANDRA AVENUE,,Non-Injury Crash,No,2025,0,North,0,0,0,Flat,0,Christmas New Year,0,,0,Twilight,705100,0,0,0,2,0,0,0,0,0,,0,1,Auckland Region,Nil,2-way,Sealed,0,0,0,0,30,0,On,0,0,,76,Auckland,Nil,0,0,0,0,0,0,Urban,0,0,0,Fine,Null
1761172.0371,5913117.3857,822568,,519500,0,,1,1,,West,2022/2023,STATION ROAD,MAURICE ROAD,,Minor Crash,No,2023,,East,,0,,Flat,,,,,,Overcast,621200,1,0,0,4,,,0,,,,,,Auckland Region,Nil,2-way,Sealed,,0,0,,50,,Off,0,0,,76,Auckland,Nil,,,,,0,0,Urban,1,,,Light rain,Null
1766527.6314,5913271.2265,822587,,522910,0,,0,2,,Null,2024/2025,PAKURANGA ROAD,TI RAKAU DRIVE,,Non-Injury Crash,No,2025,,East,,0,,Flat,,,,,,Dark,684000,0,0,0,6,,,0,,,,,,Auckland Region,Nil,2-way,Sealed,,0,0,,60,,On,0,1,,76,Auckland,Traffic Signals,,,,,0,0,Urban,0,,,Fine,Null