X,Y,OBJECTID,advisorySpeed,areaUnitID,bicycle,bridge,bus,carStationWagon,cliffBank,crashDirectionDescription,crashFinancialYear,crashLocation1,crashLocation2,crashRoadSideRoad,crashSeverity,crashSHDescription,crashYear,debris,directionRoleDescription,ditch,fatalCount,fence,flatHill,guardRail,holiday,houseOrBuilding,intersection,kerb,light,meshblockId,minorInjuryCount,moped,motorcycle,NumberOfLanes,objectThrownOrDropped,otherObject,otherVehicleType,overBank,parkedVehicle,pedestrian,phoneBoxEtc,postOrPole,region,roadCharacter,roadLane,roadSurface,roadworks,schoolBus,seriousInjuryCount,slipOrFlood,speedLimit,strayAnimal,streetLight,suv,taxi,temporarySpeedLimit,tlaId,tlaName,trafficControl,trafficIsland,trafficSign,train,tree,truck,unknownVehicleType,urban,vanOrUtility,vehicle,waterRiver,weatherA,weatherB
1754204.7151,5913960.3449,822597,,518802,0,,0,1,,South,2024/2025,SOUTH-WESTERN MOTORWAY,MAIORO STREET ON RAMP,,Non-Injury Crash,Yes,2025,,South,,0,,Flat,,,,,,Dark,579100,0,0,0,3,,,0,,,,,,Auckland Region,Nil,1-way,Sealed,,0,0,,100,,On,0,0,,76,Auckland,Nil,,,,,1,0,Open,0,,,Fine,Null
1774518.1556,5895076.2043,822603,,525510,0,0,0,0,0,South,2025/2026,HUNUA ROAD,MARGARET WILLIAMS DRIVE,,Non-Injury Crash,No,2025,0,South,0,0,0,Flat,0,,0,,0,Overcast,801500,0,0,0,2,0,0,0,0,0,,0,1,Auckland Region,Nil,2-way,Sealed,0,0,0,0,50,0,Off,0,0,,76,Auckland,Nil,0,0,0,0,1,0,Urban,0,0,0,Light rain,Null
1737525.188,5920605.8885,822624,,513702,0,,0,1,,Null,2023/2024,WAITAKERE ROAD,BETHELLS ROAD,,Minor Crash,No,2023,,North,,0,,Flat,,,,,,Bright sun,237204,2,0,0,2,,,0,,,,,,Auckland Region,Nil,2-way,Sealed,,0,0,,60,,None,0,0,,76,Auckland,Give way,,,,,0,0,Urban,1,,,Fine,Null
1759630.0412,5916287.7921,822628,,516002,0,,0,2,,South,2025/2026,SOUTHERN MOTORWAY,OMAHU OBR,,Non-Injury Crash,Yes,2025,,South,,0,,Flat,,,,,,Overcast,492000,0,0,0,3,,,0,,,,,,Auckland Region,Nil,1-way,Sealed,,0,0,,100,,Off,0,0,,76,Auckland,Nil,,,,,0,0,Open,0,,,Fine,Null
1783434.7124,5924328.6844,822634,,520801,0,,0,2,,South,2025/2026,O'BRIEN ROAD,MARGARET REEVE LANE,,Minor Crash,No,2025,,South,,0,,Flat,,,,,,Bright sun,515603,1,0,0,2,,,0,,,,,,Auckland Region,Nil,2-way,Sealed,,0,0,,50,,None,0,0,,76,Auckland,Nil,,,,,0,0,Urban,0,,,Fine,Null
1758320.3141,5911805.1098,822636,,519810,0,,0,2,,North,2025/2026,SOUTH-WESTERN MOTORWAY,ONEHUNGA HARBOUR ROAD ON RAMP,,Non-Injury Crash,Yes,2025,,North,,0,,Flat,,,,,,Dark,602501,0,0,0,4,,,0,,,,,,Auckland Region,Nil,2-way,Sealed,,0,0,,100,,On,0,0,,76,Auckland,Nil,,,,,0,0,Open,0,,,Fine,Null
1746905.6057,5917593.7646,822644,,512500,0,0,0,2,0,West,2025/2026,MCLEOD ROAD,FOWEY AVENUE,,Non-Injury Crash,No,2025,0,West,0,0,0,Flat,0,,0,,0,Overcast,258500,0,0,0,2,0,0,0,0,1,,0,0,Auckland Region,Nil,2-way,Sealed,0,0,0,0,50,0,Off,0,0,,76,Auckland,Nil,0,0,0,0,0,0,Urban,0,0,0,Fine,Null
1768666.0145,5908748.5196,822650,,523113,0,0,0,1,0,Null,2025/2026,OFF ROAD DRIVEWAY,,,Minor Crash,No,2025,0,North,0,0,1,Flat,0,,0,,0,Overcast,711801,1,0,0,2,0,0,0,0,0,,0,0,Auckland Region,Nil,2-way,Sealed,0,0,0,0,30,0,Off,0,0,,76,Auckland,Nil,0,0,0,0,0,0,Urban,0,0,0,Light rain,Null
1754784.4724,5929354.4324,822652,,508420,0,,0,2,,North,2025/2026,WOODALL PLACE,WAIRAU ROAD,,Non-Injury Crash,No,2025,,North,,0,,Flat,,,,,,Bright sun,183700,0,0,0,2,,,0,,,,,,Auckland Region,Nil,2-way,Sealed,,0,0,,50,,Off,0,0,,76,Auckland,Nil,,,,,0,0,Urban,0,,,Fine,Null
1762497.013,5903643.3182,822655,,524604,0,,0,2,,Null,2023/2024,PUHINUI ROAD,CAMPANA ROAD,,Minor Crash,Yes,2023,,West,,0,,Flat,,,,,,Bright sun,781100,1,0,0,5,,,0,,,,,,Auckland Region,Nil,2-way,Sealed,,0,0,,60,,Off,0,0,,76,Auckland,Traffic Signals,,,,,0,0,Urban,0,,,Fine,Null
1748624.9531,5943498.9797,822659,,506201,0,0,0,1,0,South,2024/2025,NORTHERN MOTORWAY,SILVERDALE OFF RAMP,,Non-Injury Crash,Yes,2024,0,North,0,0,0,Flat,1,,0,,0,Bright sun,176801,0,0,0,2,0,0,0,0,0,,0,0,Auckland Region,Nil,1-way,Sealed,0,0,0,0,100,0,None,0,0,,76,Auckland,Nil,0,0,0,0,0,0,Open,0,0,0,Fine,Null
1760260.278,5906252.6702,822677,,524200,0,,0,1,,West,2022/2023,MASSEY ROAD,PLUMLEY CRESCENT,,Minor Crash,No,2023,,East,,0,,Flat,,,,,,Overcast,728001,1,0,0,2,,,0,,,1,,,Auckland Region,Nil,2-way,Sealed,,0,0,,60,,Off,0,0,,76,Auckland,Nil,,,,,0,0,Urban,0,,,Fine,Null
1757183.6032,5912073.4368,822684,25,518702,0,,0,2,,Null,2022/2023,FREDERICK STREET,LILAC GROVE,,Minor Crash,No,2023,,West,,0,,Hill Road,,,,,,Bright sun,571202,1,0,0,2,,,0,,,,,,Auckland Region,Nil,2-way,Sealed,,0,0,,30,,Off,0,0,,76,Auckland,Stop,,,,,0,0,Urban,0,,,Fine,Null
1765915.9995,5905040.5484,822703,,522400,0,0,0,1,0,East,2025/2026,PUHINUI ROAD,YORK ROAD,,Non-Injury Crash,No,2025,0,West,0,0,0,Flat,0,,0,,0,Bright sun,672101,0,0,0,2,0,0,0,0,0,,0,0,Auckland Region,Nil,2-way,Sealed,0,0,0,0,50,0,Off,0,0,,76,Auckland,Nil,0,0,0,1,0,0,Urban,0,0,0,Fine,Null
1755390.0856,5921563.4922,822723,,515202,0,0,0,1,0,South,2022/2023,NORTHERN MOTORWAY,SHELLY BEACH OBR,,Minor Crash,Yes,2023,0,South,0,0,0,Hill Road,1,,0,,0,Bright sun,423600,1,0,0,4,0,0,0,0,0,,0,0,Auckland Region,Nil,1-way,Sealed,0,0,0,0,80,0,Off,1,0,,76,Auckland,Nil,0,0,0,0,0,0,Open,0,0,0,Fine,Null
1768005.5151,5914022.0543,822736,,522820,0,,0,3,,Null,2022/2023,GLENMORE ROAD,THE BOULEVARD,,Minor Crash,No,2023,,North,,0,,Flat,,,,,,Bright sun,692202,1,0,0,2,,,0,,,,,,Auckland Region,Nil,2-way,Sealed,,0,0,,50,,Off,0,0,,76,Auckland,Stop,,,,,0,0,Urban,0,,,Fine,Null
1745191.7977,5918791.763,822757,,513302,0,,0,2,,South,2025/2026,LINCOLN ROAD,FAIRDENE AVENUE,,Minor Crash,No,2025,,South,,0,,Flat,,,,,,Dark,230802,1,0,0,4,,,0,,,,,,Auckland Region,Nil,2-way,Sealed,,0,0,,50,,On,0,0,,76,Auckland,Nil,,,,,0,0,Urban,0,,,Light rain,Null
1766946.2121,5903910.4361,822772,,524604,0,,0,1,,Null,2024/2025,SOUTH-WESTERN MOTORWAY,LAMBIE DRIVE ON RAMP,,Minor Crash,Yes,2024,,East,,0,,Flat,,,,,,Dark,780209,1,0,0,3,,,0,,,,,,Auckland Region,Nil,1-way,Sealed,,0,0,,100,,On,0,0,,76,Auckland,Nil,,,,,1,0,Open,1,,,Light rain,Null
1754481.8391,5920605.1976,822780,,515301,0,0,0,1,0,Null,2023/2024,BULLER STREET,BAYFIELD ROAD,,Non-Injury Crash,No,2023,0,East,0,0,1,Hill Road,0,,0,,0,Bright sun,426400,0,0,0,2,0,0,0,0,0,,0,0,Auckland Region,Nil,2-way,Sealed,0,0,0,0,50,0,Off,0,0,,76,Auckland,Nil,0,0,0,0,0,0,Urban,0,0,0,Fine,Null
1759817.7455,5913019.1223,822784,,520000,0,0,0,2,0,East,2022/2023,MOUNT SMART ROAD,ARAPUNI AVENUE,,Non-Injury Crash,No,2023,0,West,0,0,0,Hill Road,0,,0,,0,Overcast,605500,0,0,0,2,0,0,0,0,2,,0,0,Auckland Region,Nil,2-way,Sealed,0,0,0,0,50,0,Off,0,0,,76,Auckland,Nil,0,0,0,0,0,0,Urban,1,0,0,Fine,Null
1772818.1233,5896047.7898,822787,,525410,0,,0,1,,Null,2024/2025,GREAT SOUTH ROAD,OPAHEKE ROAD,,Non-Injury Crash,No,2024,,North,,0,,Null,,,,,,Overcast,792202,0,0,1,2,,,0,,,,,,Auckland Region,Nil,2-way,Sealed,,0,0,,50,,Null,0,0,,76,Auckland,Nil,,,,,0,0,Urban,0,,,Fine,Null
1762122.207,5920337.9773,822789,,516400,1,,0,1,,North,2025/2026,TAMAKI DRIVE,KITEMOANA STREET,,Non-Injury Crash,No,2025,,North,,0,,Flat,,,,,,Overcast,498700,0,0,0,2,,,0,,,,,,Auckland Region,Nil,2-way,Sealed,,0,0,,50,,Off,0,0,,76,Auckland,Nil,,,,,0,0,Urban,0,,,Fine,Null
1769895.6064,5899839.7183,822792,,523911,0,,0,4,,Null,2022/2023,SOUTHERN MOTORWAY,TAKANINI OFF RAMP,,Non-Injury Crash,Yes,2023,,South,,0,,Hill Road,,,,,,Dark,766600,0,0,0,3,,,0,,,,,,Auckland Region,Motorway ramp,1-way,Sealed,,0,0,,100,,On,0,0,,76,Auckland,Nil,,,,,0,0,Open,0,,,Heavy rain,Null
1768604.9057,5905964.7163,822796,,523721,0,0,0,2,0,Null,2023/2024,ZELDA AVENUE,OTHELLO DRIVE,,Non-Injury Crash,No,2024,0,West,0,0,1,Flat,0,,0,,0,Dark,715617,0,0,0,2,0,0,0,0,1,,0,0,Auckland Region,Nil,2-way,Sealed,0,0,0,0,50,0,On,0,0,,76,Auckland,Give way,0,0,0,0,0,0,Urban,0,0,0,Fine,Null
1764183.6739,5914977.2527,822797,,520303,0,,0,1,,East,2025/2026,ELLERSLIE-PANMURE HIGHWAY,HARDING AVENUE,,Non-Injury Crash,No,2025,,East,,0,,Null,,,,,,Bright sun,626901,0,0,0,4,,,0,,,,,,Auckland Region,Nil,2-way,Sealed,,0,0,,50,,Null,0,0,,76,Auckland,Nil,,,,,0,1,Urban,0,,,Fine,Null
1767900.1152,5900918.258,822800,,525001,0,,0,1,,West,2023/2024,RUSSELL ROAD,FRANCES STREET,,Non-Injury Crash,No,2023,,East,,0,,Flat,,,,,,Bright sun,752300,0,0,0,2,,,0,,,,,,Auckland Region,Nil,2-way,Sealed,,0,0,,50,,Off,0,0,,76,Auckland,Nil,,,,,0,0,Urban,1,,,Fine,Null
1772976.0137,5881649.2159,822816,,521160,0,0,0,1,0,East,2023/2024,PUKEKOHE EAST ROAD,RUNCIMAN ROAD,,Non-Injury Crash,No,2023,0,West,1,0,0,Hill Road,0,,0,,0,Bright sun,827300,0,0,0,2,0,0,0,0,0,,0,0,Auckland Region,Nil,2-way,Sealed,0,0,0,0,100,0,Off,0,0,,76,Auckland,Nil,0,0,0,0,0,0,Open,0,0,0,Fine,Null
1753075.8705,5930604.3519,822821,,508803,0,,0,1,,Null,2025/2026,UNSWORTH DRIVE,WESTMINSTER GARDENS,,Minor Crash,No,2025,,West,,0,,Hill Road,,,,,,Bright sun,180842,1,0,0,2,,,0,,,1,,,Auckland Region,Nil,2-way,Sealed,,0,0,,50,,Off,0,0,,76,Auckland,Nil,,,,,0,0,Urban,0,,,Fine,Null
1775576.069,5893673.4102,822824,55,521301,0,0,0,1,0,Null,2023/2024,PONGA ROAD,JACK PATERSON ROAD,,Non-Injury Crash,No,2023,0,East,0,0,0,Flat,0,,0,,0,Overcast,808101,0,0,0,2,0,0,0,0,0,,0,1,Auckland Region,Nil,2-way,Sealed,0,0,0,0,60,0,None,0,0,,76,Auckland,Give way,0,0,0,0,0,0,Urban,0,0,0,Light rain,Null
1769625.0014,5908532.8311,822835,,523115,0,,0,2,,Null,2024/2025,TE IRIRANGI DRIVE,ACCENT DRIVE,,Non-Injury Crash,No,2024,,South,,0,,Flat,,,,,,Overcast,711909,0,0,0,4,,,0,,,,,,Auckland Region,Nil,1-way,Sealed,,0,0,,60,,Off,0,0,,76,Auckland,Traffic Signals,,,,,0,0,Urban,0,,,Fine,Null
1759506.9069,5910260.7516,822837,,524002,0,,0,1,,Null,2024/2025,RIMU ROAD,MAHUNGA DRIVE OFF RAMP,,Non-Injury Crash,No,2025,,West,,0,,Flat,,,,,,Dark,722400,0,0,0,2,,,0,,,,,,Auckland Region,Bridge,2-way,Sealed,,0,0,,50,,On,0,0,,76,Auckland,Traffic Signals,,,,,0,0,Urban,0,,,Fine,Null
1764922.3984,5910304.9393,822843,,521801,0,,0,1,,Null,2024/2025,PRINCES STREET,PRINCES STREET,,Non-Injury Crash,No,2025,,West,,0,,Null,,,,,,Overcast,787200,0,0,0,4,,,0,,,,,,Auckland Region,Nil,2-way,Sealed,,0,0,,50,,Null,0,0,,76,Auckland,Nil,,,,,0,1,Urban,1,,,Light rain,Null
1768061.7161,5885977.1792,822844,,521122,0,0,0,1,1,North,2023/2024,PAERATA ROAD,CROWN ROAD,,Minor Crash,Yes,2024,0,South,0,0,0,Flat,0,,0,,0,Bright sun,813001,1,0,0,2,0,0,0,0,0,,0,0,Auckland Region,Nil,2-way,Sealed,0,0,0,0,80,0,None,0,0,,76,Auckland,Nil,0,0,0,0,0,0,Open,0,0,0,Fine,Null
1754902.0622,5920319.7288,822848,,515301,0,,0,2,,West,2022/2023,ARDMORE ROAD,WANGANUI AVENUE,,Non-Injury Crash,No,2023,,South,,0,,Flat,,,,,,Twilight,428200,0,0,0,2,,,0,,,,,,Auckland Region,Nil,2-way,Sealed,,0,0,,50,,On,0,0,,76,Auckland,Nil,,,,,0,0,Urban,0,,,Fine,Null
1748826.8384,5945571.484,822875,45,505806,0,1,0,1,0,South,2025/2026,JACK HAWKEN LANE,AHORANGI ROAD,,Minor Crash,No,2025,0,South,0,0,0,Flat,0,,0,,0,Overcast,176604,4,0,0,2,0,0,0,0,0,,0,0,Auckland Region,Bridge,2-way,Sealed,0,0,0,0,50,0,Off,0,0,,76,Auckland,Nil,0,0,0,0,0,0,Urban,0,0,0,Fine,Null
1752011.5052,5959326.3418,822883,,506613,0,,0,1,,South,2025/2026,MAHURANGI WEST ROAD,THE BULLOCK TRACK,,Minor Crash,No,2025,,West,,0,,Flat,,,,,,Bright sun,147106,1,0,1,2,,,0,,,,,,Auckland Region,Nil,2-way,Sealed,,0,0,,100,,Off,0,0,,76,Auckland,Nil,,,,,0,0,Open,0,,,Fine,Null
1763631.9273,5906433.7872,822892,,524303,0,,0,2,,East,2023/2024,PORTAGE ROAD,PARK AVENUE,,Minor Crash,No,2024,,East,,0,,Flat,,,,,,Dark,655702,1,0,0,2,,,0,,,,,,Auckland Region,Nil,2-way,Sealed,,0,0,,50,,On,0,0,,76,Auckland,Nil,,,,,0,0,Urban,0,,,Fine,Null
1754336.8515,5925737.9195,822893,,508610,0,0,0,1,0,North,2024/2025,TILDEN AVENUE,PUPUKE ROAD,,Non-Injury Crash,No,2025,0,North,0,0,1,Hill Road,0,,0,,0,Dark,207400,0,0,0,2,0,0,0,0,0,,0,0,Auckland Region,Nil,2-way,Sealed,0,0,0,0,50,0,On,0,0,,76,Auckland,Nil,0,0,0,0,0,0,Urban,1,0,0,Fine,Null
1745063.995,5914081.9381,822896,,512904,0,0,0,0,0,Null,2023/2024,WEST COAST ROAD,PARRS CROSS ROAD,,Serious Crash,No,2023,0,East,0,0,0,Flat,0,,0,,1,Bright sun,278104,0,0,0,2,0,0,0,0,0,1,0,0,Auckland Region,Nil,2-way,Sealed,0,0,1,0,50,0,Off,1,0,,76,Auckland,Give way,1,0,0,0,0,0,Urban,0,0,0,Fine,Null
1772616.289,5896526.1349,822899,,525420,0,,0,0,,South,2025/2026,GREAT SOUTH ROAD,QUEEN STREET,,Non-Injury Crash,No,2025,,South,,0,,Null,,,,,,Unknown,791600,0,0,0,2,,,0,,,,,,Auckland Region,Nil,2-way,Null,,0,0,,50,,Null,1,0,,76,Auckland,Nil,,,,,0,1,Urban,0,,,Null,Null
1755829.794,5919389.184,822917,,515420,0,,0,2,,Null,2025/2026,WILLIAMSON AVENUE,POLLEN STREET,,Minor Crash,No,2025,,North,,0,,Hill Road,,,,,,Dark,411100,1,0,0,2,,,0,,,,,,Auckland Region,Nil,2-way,Sealed,,0,0,,50,,On,0,0,,76,Auckland,Traffic Signals,,,,,0,0,Urban,0,,,Fine,Null
1766925.2324,5902795.7996,822920,,524602,0,,0,2,,Null,2023/2024,KERRS ROAD,HOBILL AVENUE,,Non-Injury Crash,No,2024,,East,,0,,Flat,,,,,,Overcast,780407,0,0,0,2,,,0,,,,,,Auckland Region,Nil,2-way,Sealed,,0,0,,50,,None,0,0,,76,Auckland,Stop,,,,,0,0,Urban,0,,,Light rain,Null
1769175.0746,5899667.5533,822932,,525002,0,0,0,2,0,West,2023/2024,MAHIA ROAD,CHRISTMAS ROAD,,Minor Crash,No,2024,0,East,0,0,0,Flat,0,,0,,0,Dark,754100,1,0,0,2,0,0,0,0,1,,0,1,Auckland Region,Nil,2-way,Sealed,0,0,0,0,50,0,On,0,0,,76,Auckland,Nil,0,0,0,0,0,0,Urban,0,0,0,Light rain,Null
1756164.8297,5924042.9686,822936,,509800,0,,0,1,,South,2022/2023,NORTHERN MOTORWAY,NORTHERN BUSWAY,,Non-Injury Crash,Yes,2023,,South,,0,,Flat,,,,,,Bright sun,361100,0,0,0,5,,,0,,,,,,Auckland Region,Nil,1-way,Sealed,,0,0,,80,,Off,0,0,,76,Auckland,Nil,,,,,1,0,Open,0,,,Fine,Null
1759433.9766,5907163.9877,822939,,524122,0,,0,0,,Null,2025/2026,VISCOUNT STREET,FAIREY PLACE,,Minor Crash,No,2025,,South,,0,,Flat,,,,,,Twilight,739901,1,0,0,2,,,0,,,1,,,Auckland Region,Nil,2-way,Sealed,,0,0,,50,,Off,0,0,,76,Auckland,Nil,,,,,0,1,Urban,0,,,Fine,Null
1743237.6325,5975813.5511,822940,,506661,0,,0,2,,East,2023/2024,SH 1,CROWTHER ROAD,,Non-Injury Crash,Yes,2023,,East,,0,,Flat,,,,,,Overcast,139000,0,0,0,2,,,0,,,,,,Auckland Region,Nil,2-way,Sealed,,0,0,,80,,None,1,0,,76,Auckland,Nil,,,,,0,0,Open,0,,,Fine,Strong wind
1760082.8017,5915564.4856,822949,,519400,0,,0,2,,Null,2024/2025,GREAT SOUTH ROAD,ATARANGI ROAD,,Non-Injury Crash,No,2024,,West,,0,,Flat,,,,,,Bright sun,617000,0,0,0,4,,,0,,,,,,Auckland Region,Nil,2-way,Sealed,,0,0,,50,,Off,0,0,,76,Auckland,Stop,,,,,0,0,Urban,0,,,Fine,Null
1770331.8166,5911320.6599,822955,,523105,0,,0,1,,Null,2025/2026,TI RAKAU DRIVE,BOTANY ROAD,,Non-Injury Crash,No,2025,,West,,0,,Flat,,,,,,Overcast,711185,0,0,0,8,,,0,,,,,,Auckland Region,Nil,2-way,Sealed,,0,0,,60,,On,0,0,50,76,Auckland,Traffic Signals,,,,,0,0,Urban,1,,,Fine,Null
1749542.1692,5912974.6898,822983,,511401,0,,0,1,,Null,2022/2023,HUTCHINSON AVENUE,GARDNER AVENUE,,Minor Crash,No,2023,,North,,0,,Hill Road,,,,,,Overcast,264300,1,0,0,2,,,0,,,,,,Auckland Region,Nil,2-way,Sealed,,0,0,,50,,Off,1,0,,76,Auckland,Stop,,,,,0,0,Urban,0,,,Light rain,Null
1786453.126,5926462.1718,822984,,520801,0,0,0,1,0,West,2022/2023,WAIHEKE ROAD,BELLE TERRACE,,Non-Injury Crash,No,2023,0,South,0,0,0,Hill Road,0,,0,,0,Dark,515705,0,0,0,2,0,0,0,0,0,,0,0,Auckland Region,Nil,2-way,Sealed,0,0,0,0,50,0,Off,0,0,,76,Auckland,Nil,0,0,0,0,0,0,Urban,0,0,0,Fine,Null
1765739.0647,5915642.2413,822987,,520601,0,,0,1,,North,2025/2026,ORAN ROAD,TRENT ROAD,,Minor Crash,No,2025,,North,,0,,Flat,,,,,,Bright sun,633800,1,0,0,2,,,0,,,1,,,Auckland Region,Nil,2-way,Sealed,,0,0,,50,,Null,0,0,,76,Auckland,Nil,,,,,0,0,Urban,0,,,Fine,Null
1767887.8783,5906704.8794,822989,,523711,0,0,0,1,0,Null,2024/2025,PRESTON ROAD,KUDU ROAD,,Non-Injury Crash,No,2025,0,South,0,0,0,Hill Road,0,,0,,0,Dark,714400,0,0,0,2,0,0,0,0,0,,0,0,Auckland Region,Nil,2-way,Sealed,0,0,0,0,50,0,On,0,0,,76,Auckland,Give way,0,0,0,1,0,0,Urban,0,0,0,Light rain,Null
1743466.5824,5918038.928,822995,,513220,0,0,0,1,0,North,2024/2025,SUMMERLAND DRIVE,WATERSTONE WAY,,Non-Injury Crash,No,2025,0,South,0,0,0,Flat,0,,0,,0,Dark,236608,0,0,0,2,0,0,0,0,0,,0,0,Auckland Region,Nil,2-way,Sealed,0,0,0,0,50,0,On,0,0,,76,Auckland,Nil,0,0,0,1,0,0,Urban,0,0,0,Fine,Null
1743600.4339,5920802.2379,823011,,513632,0,0,0,1,0,North,2024/2025,CLYMA PLACE,ZITA MARIA DRIVE,,Non-Injury Crash,No,2025,0,South,0,0,1,Hill Road,0,,1,,0,Overcast,228000,0,0,0,2,0,0,0,0,0,,0,0,Auckland Region,Nil,2-way,Sealed,0,0,0,0,50,0,Off,0,0,,76,Auckland,Nil,0,0,0,0,0,0,Urban,0,0,0,Light rain,Null
1745058.5546,5917765.0872,823020,,510700,0,,0,2,,Null,2022/2023,LINCOLN ROAD,SWANSON ROAD,,Non-Injury Crash,No,2023,,South,,0,,Flat,,Queens Birthday,,,,Dark,239104,0,0,0,4,,,0,,,,,,Auckland Region,Nil,2-way,Sealed,,0,0,,50,,On,0,0,,76,Auckland,Traffic Signals,,,,,0,0,Urban,0,,,Fine,Null
1751231.8242,5950230.0921,823028,,505805,0,0,0,2,0,West,2023/2024,WEST HOE ROAD,EDWARD AVENUE,,Non-Injury Crash,No,2023,0,East,0,0,0,Flat,0,,0,,0,Bright sun,171321,0,0,0,2,0,0,0,0,1,,0,0,Auckland Region,Nil,2-way,Sealed,0,0,0,0,50,0,Off,0,0,,76,Auckland,Nil,0,0,0,0,0,0,Urban,0,0,0,Fine,Null
1755265.2395,5926865.3888,823029,,509701,0,0,0,2,0,South,2024/2025,HILLCREST AVENUE,HOLLAND ROAD,,Non-Injury Crash,No,2025,0,Null,0,0,0,Flat,0,,0,,0,Dark,363600,0,0,0,2,0,0,0,0,1,,0,0,Auckland Region,Nil,2-way,Sealed,0,0,0,0,50,0,Null,0,0,,76,Auckland,Nil,0,0,0,0,0,0,Urban,0,0,0,Null,Null
1745191.4583,5918791.3925,823051,,513302,0,,0,2,,South,2025/2026,LINCOLN ROAD,FAIRDENE AVENUE,,Minor Crash,No,2025,,South,,0,,Flat,,,,,,Overcast,230802,1,0,0,4,,,0,,,,,,Auckland Region,Nil,2-way,Sealed,,0,0,,50,,Off,0,0,,76,Auckland,Traffic Signals,,,,,0,0,Urban,0,,,Fine,Null
1764023.5952,5905047.9559,823059,,522100,0,,0,1,,Null,2025/2026,HILLSIDE ROAD,PAH ROAD,,Non-Injury Crash,No,2025,,North,,0,,Null,,,,,,Overcast,658600,0,0,0,2,,,0,,,,,,Auckland Region,Nil,2-way,Sealed,,0,0,,50,,Null,0,0,,76,Auckland,Give way,,,,,0,0,Urban,1,,,Light rain,Null
1755458.9614,5929176.4586,823069,,508420,0,,0,3,,South,2024/2025,NORTHERN MOTORWAY,TRISTRAM AVENUE ON RAMP,,Non-Injury Crash,Yes,2025,,North,,0,,Flat,,,,,,Dark,183800,0,0,0,3,,,0,,,,,,Auckland Region,Nil,1-way,Sealed,,0,0,,100,,On,0,0,,76,Auckland,Nil,,,,,0,0,Open,0,,,Fine,Null
1768466.2406,5899521.158,823072,,525101,0,0,0,2,0,North,2022/2023,COXHEAD ROAD,MAHIA ROAD,,Non-Injury Crash,No,2023,0,South,0,0,0,Flat,0,,0,,0,Dark,772802,0,0,0,2,0,0,0,0,1,,0,0,Auckland Region,Nil,2-way,Sealed,0,0,0,0,50,0,On,0,0,,76,Auckland,Nil,0,0,0,0,0,0,Urban,0,0,0,Fine,Null
1744484.4618,5922550.0919,823075,,513530,0,0,0,1,0,Null,2025/2026,ROYAL ROAD,ROYAL ROAD ON RAMP,,Non-Injury Crash,No,2025,0,East,0,0,0,Hill Road,0,,0,,0,Dark,225802,0,0,0,3,0,0,0,0,0,,0,0,Auckland Region,Overpass,1-way,Sealed,0,0,0,0,50,0,On,0,0,,76,Auckland,Traffic Signals,0,1,0,0,0,0,Urban,0,0,0,Mist or Fog,Null
1765551.7513,5919968.8543,823083,,516700,0,0,0,2,0,West,2025/2026,POLYGON ROAD,MAHEKE STREET,,Non-Injury Crash,No,2025,0,West,0,0,0,Flat,0,,0,,0,Bright sun,509100,0,0,0,2,0,0,0,0,1,,0,0,Auckland Region,Nil,2-way,Sealed,0,0,0,0,30,0,None,0,0,,76,Auckland,Nil,0,0,0,0,0,0,Urban,0,0,0,Fine,Null
1760677.6575,5906610.1915,823088,,524112,0,,0,1,,East,2023/2024,FRIESIAN DRIVE,NEVIS PLACE,,Minor Crash,No,2023,,West,,0,,Flat,,,,,,Overcast,743000,1,0,0,2,,,0,,,,,,Auckland Region,Nil,2-way,Sealed,,0,0,,50,,Off,1,0,,76,Auckland,Nil,,,,,0,0,Urban,0,,,Fine,Null
1766224.9606,5899989.9039,823093,,524822,0,0,0,1,0,South,2025/2026,ROSCOMMON ROAD,ROBERT ROSS PLACE,,Non-Injury Crash,No,2025,0,North,0,0,0,Flat,0,,0,,0,Dark,774431,0,0,0,1,0,0,0,0,0,,0,0,Auckland Region,Nil,1-way,Sealed,0,0,0,0,50,0,On,0,0,,76,Auckland,Nil,0,1,0,0,0,0,Urban,0,0,0,Fine,Null
1735463.4495,5909826.1057,823101,,513800,0,0,0,0,0,West,2025/2026,PIHA ROAD,ANAWHATA ROAD,,Non-Injury Crash,No,2025,0,West,1,0,0,Hill Road,0,,0,,0,Overcast,282007,0,0,0,2,0,0,0,1,0,,0,0,Auckland Region,Nil,2-way,Sealed,0,0,0,0,60,0,None,1,0,,76,Auckland,Nil,0,0,0,2,0,0,Urban,0,0,0,Fine,Null
1756476.5286,5924504.7905,823109,,509702,0,0,0,1,0,South,2024/2025,ONEWA ROAD ON RAMP,ONEWA OBR ON,,Non-Injury Crash,No,2025,0,South,0,0,0,Flat,1,,0,,0,Dark,366700,0,0,0,1,0,0,0,0,0,,0,0,Auckland Region,Motorway ramp,1-way,Sealed,0,0,0,0,80,0,On,0,0,,76,Auckland,Nil,0,0,0,0,0,0,Open,0,0,0,Fine,Null
1767068.8708,5902855.3645,823133,,524602,0,,0,1,,East,2024/2025,KERRS ROAD,HOBILL AVENUE,,Non-Injury Crash,No,2025,,East,,0,,Flat,,,,,,Bright sun,780404,0,0,1,2,,,0,,,,,,Auckland Region,Nil,2-way,Sealed,,0,0,,50,,Off,0,0,,76,Auckland,Nil,,,,,0,0,Urban,0,,,Fine,None