X,Y,OBJECTID,advisorySpeed,areaUnitID,bicycle,bridge,bus,carStationWagon,cliffBank,crashDirectionDescription,crashFinancialYear,crashLocation1,crashLocation2,crashRoadSideRoad,crashSeverity,crashSHDescription,crashYear,debris,directionRoleDescription,ditch,fatalCount,fence,flatHill,guardRail,holiday,houseOrBuilding,intersection,kerb,light,meshblockId,minorInjuryCount,moped,motorcycle,NumberOfLanes,objectThrownOrDropped,otherObject,otherVehicleType,overBank,parkedVehicle,pedestrian,phoneBoxEtc,postOrPole,region,roadCharacter,roadLane,roadSurface,roadworks,schoolBus,seriousInjuryCount,slipOrFlood,speedLimit,strayAnimal,streetLight,suv,taxi,temporarySpeedLimit,tlaId,tlaName,trafficControl,trafficIsland,trafficSign,train,tree,truck,unknownVehicleType,urban,vanOrUtility,vehicle,waterRiver,weatherA,weatherB
1768817.4353,5914763.5868,823141,,522721,0,0,0,1,0,South,2024/2025,HEDGE ROW,STANNILAND STREET,,Non-Injury Crash,No,2025,0,South,0,0,1,Flat,0,,0,,0,Bright sun,681219,0,0,0,2,0,0,0,0,0,,0,0,Auckland Region,Nil,2-way,Sealed,0,0,0,0,50,0,Null,0,0,,76,Auckland,Nil,0,0,0,0,0,0,Urban,0,0,0,Fine,Null
1756400.3225,5926395.282,823148,,509702,0,,0,4,,South,2022/2023,AKORANGA DRIVE,KITEWAO STREET,,Non-Injury Crash,No,2023,,South,,0,,Hill Road,,,,,,Overcast,364500,0,0,0,4,,,0,,,,,,Auckland Region,Nil,2-way,Sealed,,0,0,,50,,Off,0,0,,76,Auckland,Nil,,,,,0,0,Urban,0,,,Light rain,Null
1741304.6345,5918893.0075,823168,,513101,0,,0,0,,Null,2023/2024,OFF ROAD CARPARK,,,Minor Crash,No,2023,,North,,0,,Flat,,,,,,Bright sun,238002,2,0,0,0,,,0,,,,,,Auckland Region,Nil,Off road,Sealed,,0,0,,,,Off,1,0,,76,Auckland,Nil,,,,,0,0,Urban,1,,,Fine,Null
1738427.8181,5929063.4334,823171,,505602,0,0,0,3,0,East,2024/2025,MAIN ROAD,JOHN MCDONALD LANE,,Non-Injury Crash,Yes,2024,0,West,0,0,0,Flat,0,,0,,0,Dark,215000,0,0,0,2,0,0,0,0,1,,0,0,Auckland Region,Nil,2-way,Sealed,0,0,0,0,50,0,On,1,0,,76,Auckland,Nil,0,0,0,0,0,0,Urban,2,0,0,Fine,Null
1769565.1669,5879682.6271,823172,,525922,0,,0,2,,North,2022/2023,MANUKAU ROAD,KITCHENER ROAD,,Minor Crash,No,2023,,South,,0,,Flat,,,,,,Bright sun,823600,1,0,0,2,,,0,,,,,,Auckland Region,Nil,1-way,Sealed,,0,0,,50,,Off,0,0,,76,Auckland,Nil,,,,,0,0,Urban,1,,,Fine,Null
1756746.9812,5924942.5895,823173,,509702,0,,0,1,,South,2024/2025,NORTHERN MOTORWAY,EXMOUTH FTBR,,Non-Injury Crash,Yes,2025,,South,,0,,Flat,,,,,,Overcast,366602,0,0,0,3,,,0,,,,,,Auckland Region,Nil,1-way,Sealed,,0,0,,100,,Off,1,0,,76,Auckland,Nil,,,,,0,0,Open,0,,,Light rain,Null
1755925.003,5929147.7745,823184,,508510,0,0,0,2,0,West,2023/2024,TRISTRAM AVENUE,RAINES AVENUE,,Minor Crash,No,2023,0,West,0,0,0,Hill Road,0,,0,,0,Overcast,195600,1,0,0,3,0,0,0,0,1,,0,0,Auckland Region,Nil,2-way,Sealed,0,0,0,0,50,0,Off,0,0,,76,Auckland,Nil,0,0,0,0,0,0,Urban,0,0,0,Fine,Null
1763078.4715,5920478.0283,823187,15,516500,0,,0,1,,Null,2024/2025,TAMAKI DRIVE,ATKIN AVENUE,,Non-Injury Crash,No,2025,,North,,0,,Flat,,,,,,Dark,500600,0,0,0,2,,,0,,,,,,Auckland Region,Nil,2-way,Sealed,,0,0,,30,,On,1,0,20,76,Auckland,Nil,,,,,0,0,Urban,0,,,Light rain,Null
1752077.6126,5930913.4022,823203,,508807,0,,0,1,,East,2024/2025,BUSH ROAD,BEATRICE TINSLEY CRESCENT,,Minor Crash,No,2025,,East,,0,,Flat,,,,,,Overcast,180809,1,0,0,2,,,0,,,,,,Auckland Region,Nil,2-way,Sealed,,0,0,,50,,Off,1,0,,76,Auckland,Nil,,,,,0,0,Urban,0,,,Fine,Null
1764187.9725,5908963.9588,823219,,521901,0,,0,2,,West,2024/2025,MANGERE ROAD,PIKI THOMPSON WAY,,Non-Injury Crash,No,2025,,West,,0,,Flat,,,,,,Dark,785200,0,0,0,4,,,0,,,,,,Auckland Region,Nil,2-way,Sealed,,0,0,,50,,On,0,0,,76,Auckland,Nil,,,,,0,0,Urban,0,,,Fine,Null
1776917.2435,5898845.0791,823221,,523813,0,0,0,1,0,Null,2024/2025,PAPAKURA-CLEVEDON ROAD,MULLINS ROAD,,Non-Injury Crash,No,2025,0,West,0,0,0,Flat,0,,0,,0,Dark,761800,0,0,0,2,0,0,0,0,0,,0,1,Auckland Region,Nil,2-way,Sealed,0,0,0,0,80,0,Off,0,0,,76,Auckland,Give way,0,0,0,0,0,0,Open,0,0,0,Mist or Fog,Null
1768604.7864,5914023.816,823228,,522810,0,,0,2,,Null,2022/2023,PAKURANGA ROAD,STANNILAND STREET,,Minor Crash,No,2023,,West,,0,,Flat,,,,,,Dark,691300,1,0,0,5,,,0,,,,,,Auckland Region,Nil,2-way,Sealed,,0,0,,60,,On,0,0,,76,Auckland,Nil,,,,,0,0,Urban,0,,,Fine,Null
1754661.7335,5915400.3689,823235,,517703,0,,0,1,,East,2025/2026,PARRY STREET,SANDRINGHAM ROAD,,Minor Crash,No,2025,,West,,0,,Flat,,,,,,Bright sun,538900,1,0,0,2,,,0,,,1,,,Auckland Region,Nil,2-way,Sealed,,0,0,,50,,Off,0,0,,76,Auckland,Nil,,,,,0,0,Urban,0,,,Fine,Null
1775022.019,5887192.3658,823245,,521132,0,,0,2,,South,2025/2026,SOUTHERN MOTORWAY,PRATTS OBR,,Non-Injury Crash,Yes,2026,,North,,0,,Flat,,,,,,Overcast,814003,0,0,0,2,,,0,,,,,,Auckland Region,Nil,1-way,Sealed,,0,0,,100,,Off,0,0,,76,Auckland,Nil,,,,,0,0,Open,1,,,Mist or Fog,Null
1765052.9395,5910296.2846,823259,,521801,0,,1,1,,North,2022/2023,SOUTHERN MOTORWAY,PRINCES OBR,,Non-Injury Crash,Yes,2023,,North,,0,,Flat,,,,,,Twilight,787700,0,0,0,3,,,0,,,,,,Auckland Region,Nil,1-way,Sealed,,0,0,,100,,On,0,0,,76,Auckland,Nil,,,,,0,0,Open,1,,,Fine,Null
1752180.0341,5913815.7844,823260,,514402,0,,0,2,,South,2025/2026,WHITNEY STREET,HOLBROOK STREET,,Minor Crash,No,2026,,North,,0,,Hill Road,,,,,,Twilight,378902,1,0,0,2,,,0,,,,,,Auckland Region,Nil,2-way,Sealed,,0,0,,50,,Off,0,0,,76,Auckland,Nil,,,,,0,0,Urban,0,,,Fine,Null
1758175.1524,5915895.1327,823268,,515801,0,,0,1,,South,2025/2026,MANUKAU ROAD,CAMPBELL CRESCENT,,Minor Crash,No,2025,,South,,0,,Flat,,,,,,Bright sun,446600,1,0,0,4,,,0,,,,,,Auckland Region,Nil,2-way,Sealed,,0,0,,50,,Off,0,0,,76,Auckland,Nil,,,,,0,0,Urban,1,,,Fine,Null
1773166.5207,5898422.7878,823271,,523912,1,,0,1,,East,2022/2023,WALTERS ROAD,GROVE ROAD,,Serious Crash,No,2023,,West,,0,,Flat,,,,,,Dark,765410,0,0,0,2,,,0,,,,,,Auckland Region,Nil,2-way,Sealed,,0,1,,50,,On,0,0,,76,Auckland,Nil,,,,,0,0,Urban,0,,,Fine,Null
1759897.9062,5915747.1583,823290,,516003,0,,0,2,,Null,2024/2025,GREAT SOUTH ROAD,GREEN LANE WEST,,Non-Injury Crash,No,2024,,North,,0,,Flat,,,,,,Overcast,495200,0,0,0,5,,,0,,,,,,Auckland Region,Nil,2-way,Sealed,,0,0,,50,,Null,0,0,,76,Auckland,Traffic Signals,,,,,0,0,Urban,0,,,Light rain,Null
1761158.0195,5906118.1942,823314,,524200,0,0,0,1,0,East,2023/2024,MASSEY ROAD,PRANGLEY AVENUE,,Serious Crash,No,2023,0,East,0,0,0,Hill Road,0,Labour Weekend,0,,0,Overcast,728200,0,0,1,2,0,0,0,0,0,,0,0,Auckland Region,Nil,2-way,Sealed,0,0,1,0,60,0,Off,0,0,,76,Auckland,Nil,0,0,0,1,0,0,Urban,0,0,0,Fine,Null
1774807.4136,5909478.0593,823321,,523202,0,,0,2,,West,2024/2025,WHITFORD ROAD,WHITFORD PARK ROAD,,Non-Injury Crash,No,2024,,South,,0,,Hill Road,,,,,,Bright sun,717400,0,0,0,2,,,0,,,,,,Auckland Region,Nil,2-way,Sealed,,0,0,,50,,None,2,0,40,76,Auckland,Nil,,,,,0,0,Urban,0,,,Fine,Null
1761432.2278,5915918.941,823331,,516003,0,,0,2,,Null,2024/2025,ABBOTTS WAY,LADIES MILE,,Non-Injury Crash,No,2024,,South,,0,,Flat,,Christmas New Year,,,,Bright sun,494805,0,0,0,2,,,0,,,,,,Auckland Region,Nil,2-way,Sealed,,0,0,,50,,Off,0,0,,76,Auckland,Give way,,,,,0,0,Urban,0,,,Fine,Strong wind
1770151.5333,5902037.0751,823337,,523814,0,,0,2,,Null,2023/2024,HILL ROAD,CHARLES PREVOST DRIVE,,Non-Injury Crash,No,2024,,East,,0,,Flat,,,,,,Unknown,759503,0,0,0,2,,,0,,,,,,Auckland Region,Nil,2-way,Sealed,,0,0,,50,,Off,0,0,,76,Auckland,Traffic Signals,,,,,0,0,Urban,0,,,Fine,None
1747325.8798,5919566.7549,823339,,512402,0,0,0,1,0,North,2025/2026,TE ATATU ROAD OFF RAMP,TE ATATU ROAD,,Non-Injury Crash,No,2025,0,West,0,0,0,Flat,1,,0,,0,Dark,253700,0,0,0,2,0,0,0,0,0,,0,0,Auckland Region,Motorway ramp,1-way,Sealed,0,0,0,0,50,0,On,0,0,,76,Auckland,Nil,0,0,0,0,0,0,Urban,0,0,0,Fine,Null
1746839.137,5913582.1969,823347,,511100,0,0,0,2,0,North,2024/2025,GLENDALE ROAD,WOODVALE ROAD,,Non-Injury Crash,No,2025,0,North,0,0,0,Flat,0,,0,,0,Bright sun,286400,0,0,0,2,0,0,0,0,1,,0,0,Auckland Region,Nil,2-way,Sealed,0,0,0,0,50,0,Off,0,0,,76,Auckland,Nil,0,0,0,0,0,0,Urban,0,0,0,Fine,Null
1755560.9197,5915552.0714,823361,,518302,0,0,0,2,0,East,2024/2025,PEARY ROAD,DOMINION ROAD,,Non-Injury Crash,No,2025,0,West,0,0,1,Flat,0,,0,,0,Bright sun,555000,0,0,0,2,0,0,0,0,1,,0,0,Auckland Region,Nil,2-way,Sealed,0,0,0,0,50,0,Off,1,0,,76,Auckland,Nil,0,0,0,0,0,0,Urban,0,0,0,Fine,Null
1767174.9184,5906598.3187,823363,,522302,0,,0,1,,North,2024/2025,SOUTHERN MOTORWAY,REAGAN OBR,,Non-Injury Crash,Yes,2025,,North,,0,,Flat,,,,,,Overcast,670100,0,0,0,3,,,0,,,,,,Auckland Region,Nil,1-way,Sealed,,0,0,,100,,Null,0,0,,76,Auckland,Nil,,,,,0,0,Open,1,,,Fine,Null
1756828.7815,5918833.0181,823369,,514200,0,,0,2,,Null,2024/2025,NEWTON ROAD,EXMOUTH STREET,,Non-Injury Crash,No,2024,,West,,0,,Hill Road,,,,,,Overcast,412401,0,0,0,4,,,0,,,,,,Auckland Region,Nil,2-way,Sealed,,0,0,,50,,Off,0,0,,76,Auckland,Give way,,,,,0,0,Urban,0,,,Fine,Null
1745370.9853,5920367.9577,823379,,513301,0,,0,2,,Null,2025/2026,LINCOLN ROAD,CENTRAL PARK DRIVE,,Non-Injury Crash,No,2025,,North,,0,,Flat,,,,,,Dark,230302,0,0,0,5,,,0,,,,,,Auckland Region,Nil,2-way,Sealed,,0,0,,50,,On,0,0,,76,Auckland,Traffic Signals,,,,,0,0,Urban,0,,,Fine,Null
1755442.1562,5915244.5154,823385,,518302,0,,0,1,,Null,2024/2025,DOMINION ROAD,LANDSCAPE ROAD,,Non-Injury Crash,No,2025,,South,,0,,Null,,,,,,Bright sun,559402,0,0,0,2,,,0,,,,,,Auckland Region,Nil,2-way,Sealed,,0,0,,50,,Null,0,0,,76,Auckland,Stop,,,,,0,1,Urban,0,,,Fine,Null
1756548.9079,5919963.6811,823393,,514000,0,,0,2,,South,2024/2025,NORTHERN MOTORWAY,WELLINGTON OBR,,Non-Injury Crash,Yes,2024,,South,,0,,Flat,,,,,,Dark,417400,0,0,0,2,,,0,,,,,,Auckland Region,Nil,1-way,Sealed,,0,0,,80,,On,0,0,,76,Auckland,Nil,,,,,0,0,Open,0,,,Light rain,None
1759974.5085,5879469.3834,823402,,521121,0,0,0,1,0,West,2022/2023,WAIUKU ROAD,TITI ROAD,,Minor Crash,No,2023,0,West,0,0,0,Flat,0,,0,,0,Dark,812400,1,0,0,2,0,0,0,0,0,1,0,0,Auckland Region,Nil,2-way,Sealed,0,0,0,0,80,0,Off,0,0,,76,Auckland,Nil,0,0,0,1,0,0,Open,0,0,0,Heavy rain,Strong wind
1758596.647,5913625.1912,823435,,519710,1,,0,0,,Null,2024/2025,CAMPBELL ROAD,CLARKE ROAD,,Minor Crash,No,2025,,South,,0,,Hill Road,,,,,,Bright sun,594604,1,0,0,2,,,0,,,,,,Auckland Region,Nil,2-way,Sealed,,0,0,,50,,Off,0,0,,76,Auckland,Stop,,,,,1,0,Urban,0,,,Fine,Null
1767578.801,5904632.9622,823441,,524604,0,,0,2,,Null,2024/2025,GREAT SOUTH ROAD,RONWOOD AVENUE,,Non-Injury Crash,No,2024,,North,,0,,Flat,,Christmas New Year,,,,Bright sun,780209,0,0,0,4,,,0,,,,,,Auckland Region,Nil,2-way,Sealed,,0,0,,50,,Off,0,0,,76,Auckland,Traffic Signals,,,,,0,0,Urban,0,,,Fine,Null
1757462.867,5912331.5557,823451,,519810,0,,0,1,,East,2024/2025,SOUTH-WESTERN MOTORWAY,QUEENSTOWN OBR,,Non-Injury Crash,Yes,2024,,West,,0,,Flat,,,,,,Overcast,597100,0,0,0,3,,,0,,,,,,Auckland Region,Nil,1-way,Sealed,,0,0,,100,,Off,0,0,,76,Auckland,Nil,,,,,1,0,Open,0,,,Fine,Null
1768577.1274,5901025.3275,823457,35,525001,0,0,1,0,0,Null,2023/2024,STATION ROAD,MAICH ROAD,,Non-Injury Crash,No,2024,0,Null,0,0,0,Flat,0,,0,,0,Dark,751500,0,0,0,2,0,0,0,0,0,,0,0,Auckland Region,Nil,2-way,Sealed,0,0,0,0,50,0,On,0,0,,76,Auckland,Give way,0,1,0,0,0,0,Urban,0,0,0,Null,None
1757673.0143,5918294.5914,823464,,518101,0,,0,1,,Null,2024/2025,SOUTHERN MOTORWAY,KHYBER PASS ROAD OFF RAMP,,Non-Injury Crash,Yes,2024,,North,,0,,Hill Road,,,,,,Bright sun,543000,0,0,0,4,,,0,,,,,,Auckland Region,Motorway ramp,1-way,Sealed,,0,0,,80,,Off,0,0,,76,Auckland,Nil,,,,,0,0,Open,1,,,Fine,Null
1747292.361,5919590.8747,823480,,512402,0,,0,2,,Null,2022/2023,TE ATATU ROAD,TE ATATU ROAD OFF RAMP,,Non-Injury Crash,No,2023,,South,,0,,Flat,,,,,,Dark,253700,0,0,0,2,,,0,,,,,,Auckland Region,Motorway ramp,1-way,Sealed,,0,0,,50,,On,0,0,40,76,Auckland,Traffic Signals,,,,,0,0,Urban,0,,,Light rain,Frost
1764123.3529,5914307.4505,823484,,520303,0,,0,2,,North,2022/2023,MOUNT WELLINGTON HIGHWAY,TE HORETA ROAD,,Non-Injury Crash,No,2023,,South,,0,,Flat,,,,,,Dark,627600,0,0,0,4,,,0,,,,,,Auckland Region,Nil,2-way,Sealed,,0,0,,50,,On,0,0,,76,Auckland,Nil,,,,,0,0,Urban,0,,,Fine,Null
1748650.591,5942557.0412,823497,,506201,0,0,0,0,0,North,2025/2026,NORTHERN MOTORWAY,WILKS OBR,,Non-Injury Crash,Yes,2026,0,North,0,0,0,Flat,1,,0,,0,Dark,176801,0,0,0,2,0,0,0,0,0,,0,0,Auckland Region,Nil,1-way,Sealed,0,0,0,0,100,0,Off,0,0,,76,Auckland,Nil,0,0,0,0,0,0,Open,1,0,0,Fine,Null
1766577.4219,5910353.4897,823505,,523112,0,,0,2,,Null,2025/2026,HIGHBROOK DRIVE,EL KOBAR DRIVE,,Non-Injury Crash,No,2025,,East,,0,,Flat,,,,,,Bright sun,711301,0,0,0,3,,,0,,,,,,Auckland Region,Nil,1-way,Sealed,,0,0,,60,,Off,0,0,,76,Auckland,Traffic Signals,,,,,1,0,Urban,0,,,Fine,Null
1752153.6803,5925251.3955,823511,,510220,0,,0,1,,East,2024/2025,VERRAN ROAD,BIRKDALE ROAD,,Minor Crash,No,2025,,East,,0,,Flat,,,,,,Bright sun,350504,1,0,0,2,,,0,,,2,,,Auckland Region,Nil,2-way,Sealed,,0,0,,50,,Off,0,0,,76,Auckland,Nil,,,,,0,0,Urban,0,,,Fine,Null
1769149.6687,5907512.8589,823535,,523711,0,,0,2,,Null,2025/2026,BISHOP LENIHAN PLACE,ORMISTON ROAD,,Non-Injury Crash,No,2025,,South,,0,,Flat,,,,,,Unknown,712304,0,0,0,2,,,0,,,,,,Auckland Region,Nil,2-way,Sealed,,0,0,,50,,Null,0,0,,76,Auckland,Give way,,,,,0,0,Urban,0,,,Light rain,Null
1759865.5665,5908724.2534,823537,,524403,0,,0,3,,South,2025/2026,SOUTH-WESTERN MOTORWAY,WALMSLEY OBR,,Non-Injury Crash,Yes,2025,,South,,0,,Flat,,,,,,Twilight,729800,0,0,0,3,,,0,,,,,,Auckland Region,Nil,1-way,Sealed,,0,0,,100,,Off,0,0,,76,Auckland,Nil,,,,,0,0,Open,0,,,Heavy rain,Null
1764212.6226,5909540.1133,823543,,521901,0,0,0,3,0,Null,2025/2026,QUEEN STREET,PARK AVENUE,,Non-Injury Crash,No,2025,0,South,0,0,0,Flat,0,,0,,0,Bright sun,784600,0,0,0,2,0,0,0,0,2,,0,0,Auckland Region,Nil,2-way,Sealed,0,0,0,0,50,0,Off,0,0,,76,Auckland,Give way,0,0,0,0,0,0,Urban,0,0,0,Fine,Null
1778550.454,5915847.083,823551,,523300,0,0,0,1,0,Null,2025/2026,SHELLY BAY ROAD,WATERFORD WAY,,Minor Crash,No,2026,0,North,0,0,0,Hill Road,0,,0,,0,Bright sun,719304,1,0,0,2,0,0,0,0,0,,0,1,Auckland Region,Nil,2-way,Sealed,0,0,0,0,50,0,None,0,0,,76,Auckland,Nil,0,0,0,0,0,0,Urban,0,0,0,Fine,Null
1759898.8586,5915747.1321,823556,,516003,1,,0,0,,Null,2022/2023,GREAT SOUTH ROAD,GREEN LANE WEST,,Minor Crash,No,2023,,North,,0,,Flat,,,,,,Dark,495200,1,0,0,5,,,0,,,,,,Auckland Region,Nil,2-way,Sealed,,0,0,,50,,On,1,0,,76,Auckland,Traffic Signals,,,,,0,0,Urban,0,,,Fine,Null
1756121.9274,5923845.246,823560,,509800,0,,0,3,,South,2023/2024,NORTHERN MOTORWAY,WEIGH BRIDGE,,Minor Crash,Yes,2023,,South,,0,,Flat,,,,,,Overcast,358800,3,0,0,3,,,0,,,,,,Auckland Region,Nil,1-way,Sealed,,0,0,,80,,Off,0,0,,76,Auckland,Nil,,,,,0,0,Open,0,,,Light rain,Null
1759900.6829,5916089.8003,823561,,516002,0,,0,2,,West,2025/2026,SOUTHERN MOTORWAY,GREEN LANE EAST ON RAMP,,Minor Crash,Yes,2025,,West,,0,,Flat,,,,,,Dark,492100,1,0,0,3,,,0,,,,,,Auckland Region,Nil,1-way,Sealed,,0,0,,100,,On,0,0,,76,Auckland,Nil,,,,,0,0,Open,0,,,Hail or Sleet,Null
1768513.197,5899408.4945,823583,,525102,0,0,0,2,0,Null,2024/2025,COXHEAD ROAD,MAHIA ROAD,,Minor Crash,No,2025,0,North,0,0,1,Flat,0,,0,,0,Dark,768300,1,0,0,2,0,0,0,0,0,,0,0,Auckland Region,Nil,2-way,Sealed,0,0,0,0,50,0,On,0,0,,76,Auckland,Give way,0,0,0,0,0,0,Urban,0,0,0,Fine,Null
1754468.6276,5916429.4003,823585,,517702,0,0,0,3,0,North,2025/2026,FOWLDS AVENUE,LOCARNO AVENUE,,Minor Crash,No,2026,0,South,0,0,0,Flat,0,,0,,0,Bright sun,540201,1,0,0,1,0,0,0,0,1,,0,0,Auckland Region,Nil,2-way,Sealed,0,0,0,0,50,0,Off,0,1,,76,Auckland,Nil,0,0,0,0,0,0,Urban,0,0,0,Fine,Null
1771163.3144,5913938.3581,823593,,521602,0,0,0,1,0,East,2025/2026,ANDREW ROAD,GRIFFSTAN LANE,,Non-Injury Crash,No,2025,0,South,0,0,0,Null,0,,0,,0,Bright sun,648702,0,0,0,2,0,0,0,0,1,,0,0,Auckland Region,Nil,2-way,Sealed,0,0,0,0,50,0,Null,1,0,,76,Auckland,Nil,0,0,0,0,0,0,Urban,0,0,0,Fine,Null
1765086.2719,5902847.8219,823599,,524604,0,,0,0,,Null,2024/2025,WIRI STATION ROAD,ROSCOMMON ROAD,,Non-Injury Crash,No,2025,,South,,0,,Null,,,,,,Bright sun,781302,0,0,0,1,,,0,,,,,,Auckland Region,Nil,1-way,Sealed,,0,0,,60,,Null,0,0,,76,Auckland,Give way,,,,,0,1,Urban,1,,,Fine,Null
1783850.4174,5911862.8322,823601,,525201,0,0,0,1,0,North,2025/2026,NORTH ROAD,WHEELER RISE,,Minor Crash,No,2025,0,South,0,0,1,Flat,0,,0,,0,Bright sun,762600,1,0,0,2,0,0,0,0,0,,0,0,Auckland Region,Nil,2-way,Sealed,0,0,0,0,80,0,None,0,0,,76,Auckland,Nil,0,0,0,0,0,0,Open,0,0,0,Fine,Null
1744878.3604,5923301.4647,823604,,513521,0,0,0,2,0,North,2022/2023,MOIRE ROAD,KATRINA PLACE,,Non-Injury Crash,No,2023,0,South,0,0,0,Hill Road,0,,0,,0,Bright sun,224223,0,0,0,2,0,0,0,0,1,,0,0,Auckland Region,Nil,2-way,Sealed,0,0,0,0,50,0,Off,0,0,,76,Auckland,Nil,0,0,0,0,0,0,Urban,0,0,0,Fine,Null
1767611.4629,5912356.3325,823607,,523000,0,0,0,0,0,Null,2024/2025,UDYS ROAD,MIRAMAR PLACE,,Non-Injury Crash,No,2025,0,West,0,0,0,Flat,0,,0,,0,Dark,688101,0,0,0,2,0,0,0,0,0,,0,1,Auckland Region,Nil,2-way,Sealed,0,0,0,0,50,0,On,0,0,40,76,Auckland,Give way,0,0,0,0,0,0,Urban,1,0,0,Fine,Null
1765630.9603,5917668.7194,823615,,517001,0,,0,1,,South,2025/2026,LINE ROAD,MERFIELD STREET,,Non-Injury Crash,No,2025,,West,,0,,Flat,,,,,,Dark,474700,0,0,0,2,,,0,,,,,,Auckland Region,Nil,2-way,Sealed,,0,0,,50,,On,0,0,,76,Auckland,Nil,,,,,0,0,Urban,1,,,Null,Null
1770634.2683,5904285.7393,823633,,523820,0,0,0,0,0,South,2025/2026,REDOUBT ROAD,MURPHYS ROAD,,Non-Injury Crash,No,2025,0,North,1,0,0,Hill Road,0,,0,,0,Dark,760000,0,0,0,2,0,0,0,0,0,,0,0,Auckland Region,Nil,2-way,Sealed,0,0,0,0,60,0,On,0,0,,76,Auckland,Nil,0,0,0,1,0,0,Urban,1,0,0,Fine,Null
1780151.8301,5902013.1841,823649,,525201,0,0,0,0,0,North,2025/2026,PAPAKURA-CLEVEDON ROAD,CLEVEDON-TAKANINI ROAD,,Non-Injury Crash,No,2025,0,North,0,0,1,Flat,0,,0,,0,Dark,763400,0,0,0,2,0,0,0,0,0,,0,0,Auckland Region,Nil,2-way,Sealed,0,0,0,0,80,0,On,0,0,,76,Auckland,Nil,0,0,0,0,0,0,Open,1,0,0,Light rain,Null
1730677.91,5939542.1159,823668,,506800,0,0,0,1,0,Null,2022/2023,RAUTAWHIRI ROAD,AWAROA ROAD,,Minor Crash,No,2023,0,East,0,0,0,Hill Road,0,,0,,0,Overcast,209701,1,0,0,2,0,0,0,0,0,,0,1,Auckland Region,Nil,2-way,Sealed,0,0,0,0,50,0,Off,0,0,,76,Auckland,Give way,0,0,0,0,0,0,Urban,0,0,0,Fine,Null
1748034.136,5930377.6253,823679,,509000,0,0,0,1,0,West,2025/2026,PAREMOREMO ROAD,TE ARAROA DRIVE,,Non-Injury Crash,No,2025,0,South,1,0,0,Hill Road,0,,0,,0,Bright sun,179704,0,0,0,2,0,0,0,0,0,,0,0,Auckland Region,Nil,2-way,Sealed,0,0,0,0,80,0,Off,0,0,,76,Auckland,Nil,0,1,0,0,0,0,Open,0,0,0,Fine,Null
1761104.2887,5914923.3234,823695,,520202,0,,0,1,,South,2024/2025,SOUTHERN MOTORWAY,ELLERSLIE FTBR,,Non-Injury Crash,Yes,2025,,North,,0,,Flat,,,,,,Bright sun,611900,0,0,0,4,,,0,,,,,,Auckland Region,Nil,1-way,Sealed,,0,0,,100,,Off,1,0,,76,Auckland,Nil,,,,,0,0,Open,0,,,Fine,Null
1766728.0895,5904455.2993,823703,,524604,0,,0,2,,Null,2024/2025,LAMBIE DRIVE,RONWOOD AVENUE,,Non-Injury Crash,No,2025,,South,,0,,Null,,,,,,Unknown,780209,0,0,0,2,,,0,,,,,,Auckland Region,Nil,1-way,Sealed,,0,0,,50,,Null,0,0,,76,Auckland,Give way,,,,,0,0,Urban,0,,,Fine,Null
1752733.9836,5953052.2403,823718,,505803,0,0,0,1,1,North,2024/2025,HIBISCUS COAST HIGHWAY,HATFIELDS BR,,Non-Injury Crash,No,2025,0,South,0,0,0,Hill Road,0,,0,,0,Overcast,170605,0,0,0,3,0,0,0,0,0,,0,0,Auckland Region,Nil,2-way,Sealed,0,0,0,0,60,0,None,0,0,,76,Auckland,Nil,0,0,0,0,0,0,Urban,0,0,0,Light rain,Null
1766066.9376,5915568.1266,823726,,520601,0,,0,2,,North,2025/2026,TRIPOLI ROAD,ORAN ROAD,,Non-Injury Crash,No,2025,,North,,0,,Hill Road,,,,,,Overcast,633900,0,0,0,2,,,0,,,,,,Auckland Region,Nil,2-way,Sealed,,0,0,,50,,Off,0,0,,76,Auckland,Nil,,,,,0,0,Urban,0,,,Fine,Null
1756345.3588,5937560.3559,823736,,506903,0,0,0,1,0,West,2025/2026,COUNTY ROAD,BEACH ROAD,,Non-Injury Crash,No,2026,0,East,0,0,0,Flat,0,,0,,0,Bright sun,169100,0,0,0,2,0,0,0,0,1,,0,0,Auckland Region,Nil,2-way,Sealed,0,0,0,0,50,0,Off,1,0,,76,Auckland,Nil,0,0,0,0,0,0,Urban,0,0,0,Fine,Null
1760462.8767,5913065.6829,823739,,520000,0,,0,2,,East,2022/2023,MOUNT SMART ROAD,WAITANGI ROAD,,Minor Crash,No,2023,,East,,0,,Flat,,,,,,Dark,606201,1,0,0,2,,,0,,,,,,Auckland Region,Nil,2-way,Sealed,,0,0,,50,,On,0,0,,76,Auckland,Nil,,,,,0,0,Urban,0,,,Fine,Null
1757284.604,5912425.471,823742,,518702,0,,0,2,,West,2024/2025,SOUTH-WESTERN MOTORWAY,QUEENSTOWN OBR,,Non-Injury Crash,Yes,2025,,West,,0,,Flat,,,,,,Bright sun,570900,0,0,0,3,,,0,,,,,,Auckland Region,Nil,1-way,Sealed,,0,0,,100,,Off,0,0,,76,Auckland,Nil,,,,,0,0,Open,0,,,Fine,Null