X,Y,OBJECTID,advisorySpeed,areaUnitID,bicycle,bridge,bus,carStationWagon,cliffBank,crashDirectionDescription,crashFinancialYear,crashLocation1,crashLocation2,crashRoadSideRoad,crashSeverity,crashSHDescription,crashYear,debris,directionRoleDescription,ditch,fatalCount,fence,flatHill,guardRail,holiday,houseOrBuilding,intersection,kerb,light,meshblockId,minorInjuryCount,moped,motorcycle,NumberOfLanes,objectThrownOrDropped,otherObject,otherVehicleType,overBank,parkedVehicle,pedestrian,phoneBoxEtc,postOrPole,region,roadCharacter,roadLane,roadSurface,roadworks,schoolBus,seriousInjuryCount,slipOrFlood,speedLimit,strayAnimal,streetLight,suv,taxi,temporarySpeedLimit,tlaId,tlaName,trafficControl,trafficIsland,trafficSign,train,tree,truck,unknownVehicleType,urban,vanOrUtility,vehicle,waterRiver,weatherA,weatherB
1770291.6409,5916449.6368,823744,,522604,0,0,0,2,0,North,2025/2026,BUCKLANDS BEACH ROAD,BUCKLANDS BEACH ROAD,,Non-Injury Crash,No,2025,0,North,0,0,0,Flat,0,,0,,0,Bright sun,677503,0,0,0,2,0,0,0,0,1,,0,0,Auckland Region,Nil,2-way,Sealed,0,0,0,0,50,0,Off,0,0,,76,Auckland,Nil,0,0,0,0,0,0,Urban,0,0,0,Fine,Null
1758405.4498,5928309.6299,823752,,507800,0,0,0,1,0,North,2025/2026,HURSTMERE ROAD,MINNEHAHA AVENUE,,Non-Injury Crash,No,2026,0,North,0,0,0,Flat,0,,0,,0,Dark,309100,0,0,0,2,0,0,0,0,1,,0,0,Auckland Region,Nil,2-way,Sealed,0,0,0,0,50,0,On,1,0,,76,Auckland,Nil,0,0,0,0,0,0,Urban,0,0,0,Heavy rain,Null
1735262.3087,5909527.5531,823755,,513800,0,0,0,1,1,West,2022/2023,PIHA ROAD,ANAWHATA ROAD,,Non-Injury Crash,No,2023,0,West,0,0,0,Flat,0,,0,,0,Dark,281902,0,0,0,2,0,0,0,0,0,,0,0,Auckland Region,Nil,2-way,Sealed,0,0,0,0,70,0,None,0,0,,76,Auckland,Nil,0,0,0,1,0,0,Urban,0,0,0,Fine,Null
1753357.1653,5914272.3031,823768,,518801,0,0,0,1,0,Null,2025/2026,MAIORO STREET,RICHARDSON ROAD,,Non-Injury Crash,No,2026,0,West,0,0,0,Hill Road,0,,0,,0,Overcast,578400,0,0,0,8,0,0,0,0,0,,0,0,Auckland Region,Nil,2-way,Sealed,0,0,0,0,50,0,Off,0,0,,76,Auckland,Traffic Signals,0,1,0,0,0,0,Urban,0,0,0,Fine,Null
1755389.6756,5921977.5042,823776,,515202,0,,0,1,,South,2025/2026,NORTHERN MOTORWAY,HARBOUR BR S,,Non-Injury Crash,Yes,2025,,South,,0,,Hill Road,,,,,,Twilight,423600,0,0,0,2,,,0,,,,,,Auckland Region,Bridge,1-way,Sealed,,0,0,,80,,On,0,0,60,76,Auckland,Nil,,,,,1,0,Open,0,,,Fine,Null
1753305.5876,5912822.3394,823802,,518901,0,0,0,1,0,South,2022/2023,WHITE SWAN ROAD,MARSHALL LAING AVENUE,,Minor Crash,No,2023,0,North,0,0,0,Hill Road,0,,0,,0,Bright sun,585700,2,0,1,2,0,0,0,0,0,,0,0,Auckland Region,Nil,2-way,Sealed,0,0,0,0,50,0,Off,1,0,,76,Auckland,Nil,0,0,0,1,0,0,Urban,0,0,0,Fine,Null
1755707.0156,5921189.8513,823805,,515202,0,0,0,1,0,West,2024/2025,NORTHERN MOTORWAY,FANSHAWE STREET ON RAMP,,Non-Injury Crash,Yes,2024,0,West,0,0,0,Flat,1,,0,,0,Dark,425600,0,0,0,4,0,0,0,0,0,,0,0,Auckland Region,Nil,1-way,Sealed,0,0,0,0,80,0,On,0,0,,76,Auckland,Nil,0,0,0,0,0,0,Open,0,0,0,Fine,Null
1769410.7727,5880619.0806,823845,,525922,0,,0,2,,North,2025/2026,MANUKAU ROAD,GLASGOW ROAD,,Non-Injury Crash,No,2025,,South,,0,,Hill Road,,,,,,Bright sun,823800,0,0,0,2,,,0,,,,,,Auckland Region,Nil,2-way,Sealed,,0,0,,50,,Off,0,0,,76,Auckland,Nil,,,,,0,0,Urban,0,,,Fine,Null
1767680.6765,5907718.0235,823847,,523502,0,,0,1,,Null,2025/2026,EAST TAMAKI ROAD,HILLS ROAD,,Non-Injury Crash,No,2025,,East,,0,,Flat,,Christmas New Year,,,,Dark,701900,0,0,0,2,,,0,,,,,,Auckland Region,Nil,1-way,Sealed,,0,0,,50,,On,0,0,,76,Auckland,Traffic Signals,,,,,0,0,Urban,1,,,Fine,Null
1767189.4968,5904572.2458,823861,,524604,0,,0,2,,Null,2022/2023,SHARKEY STREET,RONWOOD AVENUE,,Non-Injury Crash,No,2023,,South,,0,,Flat,,,,,,Overcast,780209,0,0,0,1,,,0,,,,,,Auckland Region,Nil,1-way,Sealed,,0,0,,50,,Off,0,0,,76,Auckland,Give way,,,,,0,0,Urban,0,,,Light rain,Null
1763920.6306,5912482.9727,823879,,520500,0,,1,1,,Null,2022/2023,MOUNT WELLINGTON HWY OFF RAMP,MOUNT WELLINGTON HIGHWAY,,Minor Crash,No,2023,,West,,0,,Hill Road,,,,,,Dark,639500,1,0,0,2,,,0,,,,,,Auckland Region,Motorway ramp,1-way,Sealed,,0,0,,50,,On,0,0,,76,Auckland,Traffic Signals,,,,,0,0,Urban,0,,,Fine,Null
1757461.7056,5920705.3807,823907,,514103,0,,0,0,,Null,2022/2023,QUEEN STREET,SWANSON STREET,,Minor Crash,No,2023,,North,,0,,Flat,,,,,,Twilight,437600,1,1,1,2,,,0,,,,,,Auckland Region,Nil,2-way,Sealed,,0,0,,30,,On,0,0,,76,Auckland,Give way,,,,,0,0,Urban,0,,,Fine,Null
1764660.8676,5905760.4069,823914,,522100,1,,0,0,,Null,2022/2023,WYLLIE ROAD,STATION ROAD,,Serious Crash,No,2023,,North,,0,,Flat,,,,,,Bright sun,657800,0,0,0,2,,,0,,,,,,Auckland Region,Nil,1-way,Sealed,,0,1,,50,,None,0,0,,76,Auckland,Traffic Signals,,,,,0,0,Urban,1,,,Fine,Null
1768672.9805,5905316.9306,823929,,523721,0,,0,2,,Null,2022/2023,TE IRIRANGI DRIVE,HOLLYFORD DRIVE,,Non-Injury Crash,No,2023,,West,,0,,Flat,,,,,,Dark,715613,0,0,0,8,,,0,,,,,,Auckland Region,Nil,2-way,Sealed,,0,0,,60,,On,0,0,,76,Auckland,Traffic Signals,,,,,0,0,Urban,0,,,Fine,Null
1749922.6931,5935886.1428,823946,,508701,0,0,0,0,0,West,2025/2026,ALBANY HEIGHTS ROAD,PUKAKI LANE,,Non-Injury Crash,No,2026,0,East,0,0,0,Hill Road,0,,0,,0,Dark,178401,0,0,0,2,0,0,0,0,0,,0,1,Auckland Region,Nil,2-way,Sealed,0,0,0,0,60,0,None,0,0,,76,Auckland,Nil,0,0,0,0,0,0,Urban,1,0,0,Fine,Null
1765233.2522,5914647.7591,823949,,520601,0,0,0,1,0,East,2022/2023,QUEENS ROAD,PILKINGTON ROAD,,Non-Injury Crash,No,2023,0,East,0,0,0,Flat,0,,0,,0,Dark,630700,0,0,0,2,0,0,0,0,1,,0,0,Auckland Region,Nil,2-way,Sealed,0,0,0,0,50,0,On,0,0,,76,Auckland,Nil,0,0,0,0,0,0,Urban,1,0,0,Fine,Null
1744513.0086,5921729.5646,823977,,513512,0,0,0,0,0,North,2022/2023,NORTH-WESTERN MOTORWAY,HURUHURU OBR,,Fatal Crash,Yes,2023,0,North,0,1,1,Hill Road,1,,0,,0,Dark,225702,0,0,1,4,0,0,0,0,0,,0,0,Auckland Region,Nil,1-way,Sealed,0,0,0,0,100,0,On,0,0,,76,Auckland,Nil,0,0,0,0,0,0,Open,0,0,0,Fine,Null
1774834.9999,5887633.9961,823978,,521302,0,,0,1,,South,2025/2026,SOUTHERN MOTORWAY,RAMARAMA OFF RAMP,,Non-Injury Crash,Yes,2025,,South,,0,,Null,,,,,,Bright sun,809104,0,0,0,2,,,0,,,,,,Auckland Region,Nil,1-way,Sealed,,0,0,,100,,Off,0,0,,76,Auckland,Nil,,,,,0,1,Open,1,,,Fine,Null
1772797.3907,5896211.0973,823981,,525410,0,,0,0,,South,2022/2023,GREAT SOUTH ROAD,AVERILL STREET,,Non-Injury Crash,No,2023,,Null,,0,,Flat,,,,,,Overcast,793000,0,0,1,2,,,0,,,,,,Auckland Region,Nil,2-way,Sealed,,0,0,,50,,Off,0,0,,76,Auckland,Nil,,,,,0,0,Urban,1,,,Fine,Null
1771230.6047,5901457.0014,823986,,523813,0,0,0,1,0,South,2025/2026,ALFRISTON ROAD,RANFURLY ROAD,,Non-Injury Crash,No,2026,0,North,0,0,1,Flat,0,Christmas New Year,0,,0,Bright sun,759800,0,0,0,2,0,0,0,0,0,,0,0,Auckland Region,Nil,2-way,Sealed,0,0,0,0,80,0,None,0,0,,76,Auckland,Nil,0,0,0,0,0,0,Open,0,0,0,Fine,Null
1761263.7036,5906163.9701,823992,,524112,0,0,0,1,0,East,2025/2026,MASSEY ROAD,PRANGLEY AVENUE,,Minor Crash,No,2025,0,East,0,0,0,Flat,0,,0,,0,Dark,742000,1,0,0,2,0,0,0,0,0,,0,1,Auckland Region,Nil,2-way,Sealed,0,0,0,0,60,0,On,0,0,50,76,Auckland,Nil,0,0,0,0,0,0,Urban,0,0,0,Fine,Null
1756808.129,5926482.47,823993,,507900,0,,0,2,,North,2022/2023,NORTHERN MOTORWAY,ESMONDE ROAD OFF RAMP,,Non-Injury Crash,Yes,2023,,South,,0,,Hill Road,,,,,,Twilight,304000,0,0,0,3,,,0,,,,,,Auckland Region,Nil,1-way,Sealed,,0,0,,100,,On,0,0,,76,Auckland,Nil,,,,,0,0,Open,0,,,Fine,Null
1773192.2556,5896414.7694,824002,,525620,0,,0,2,,South,2025/2026,MARNE ROAD,WILLIS ROAD,,Non-Injury Crash,No,2026,,North,,0,,Flat,,,,,,Bright sun,797600,0,0,0,2,,,0,,,,,,Auckland Region,Nil,2-way,Sealed,,0,0,,50,,None,0,0,,76,Auckland,Nil,,,,,0,0,Urban,0,,,Fine,Null
1745457.3921,5920848.8912,824008,,513301,0,,0,1,,South,2025/2026,LINCOLN ROAD,THE CONCOURSE,,Non-Injury Crash,No,2025,,South,,0,,Hill Road,,,,,,Overcast,230200,0,0,0,2,,,0,,,,,,Auckland Region,Nil,2-way,Sealed,,0,0,,50,,Off,0,1,,76,Auckland,Nil,,,,,0,0,Urban,1,,,Light rain,Strong wind
1761020.8094,5915149.2787,824015,,520201,0,,0,2,,South,2025/2026,SOUTHERN MOTORWAY,TECOMA STREET ON RAMP,,Non-Injury Crash,Yes,2025,,South,,0,,Flat,,,,,,Overcast,613500,0,0,0,4,,,0,,,,,,Auckland Region,Nil,1-way,Sealed,,0,0,,100,,Off,0,0,,76,Auckland,Nil,,,,,0,0,Open,0,,,Light rain,Null
1765757.0125,5906702.1624,824030,,522202,0,,0,1,,South,2025/2026,GREAT SOUTH ROAD,SUTTON CRESCENT,,Non-Injury Crash,No,2025,,North,,0,,Null,,,,,,Overcast,663600,0,0,0,4,,,0,,,,,,Auckland Region,Nil,2-way,Sealed,,0,0,,50,,Null,1,0,,76,Auckland,Nil,,,,,0,0,Urban,0,,,Fine,Null
1738663.6674,5931353.0611,824032,45,506653,0,0,0,1,1,North,2025/2026,OLD NORTH ROAD,PINETONE ROAD,,Non-Injury Crash,No,2025,0,North,0,0,0,Hill Road,0,,0,,0,Overcast,217000,0,0,0,2,0,0,0,0,0,,0,0,Auckland Region,Nil,2-way,Sealed,0,0,0,0,80,0,None,0,0,,76,Auckland,Nil,0,0,0,0,0,0,Open,0,0,0,Light rain,Null
1757569.4646,5918438.6515,824048,,518101,0,,0,2,,North,2025/2026,SOUTHERN MOTORWAY,KHYBER PASS ROAD OFF RAMP,,Non-Injury Crash,Yes,2025,,North,,0,,Flat,,,,,,Bright sun,542700,0,0,0,4,,,0,,,,,,Auckland Region,Nil,1-way,Sealed,,0,0,,80,,Off,0,0,,76,Auckland,Nil,,,,,0,1,Open,0,,,Fine,Null
1759675.4937,5908703.2506,824078,,524121,0,,0,2,,Null,2024/2025,WALMSLEY ROAD,HALL AVENUE,,Non-Injury Crash,No,2024,,West,,0,,Null,,,,,,Overcast,737000,0,0,0,2,,,0,,,,,,Auckland Region,Nil,2-way,Sealed,,0,0,,60,,Null,0,0,,76,Auckland,Nil,,,,,0,0,Urban,0,,,Mist or Fog,Null
1752837.9663,5927104.5192,824096,,508210,0,0,0,1,0,East,2025/2026,SEAVIEW ROAD,GLENCOURT PLACE,,Non-Injury Crash,No,2025,0,South,0,0,0,Hill Road,0,,0,,0,Overcast,188002,0,0,0,2,0,0,0,0,1,,0,0,Auckland Region,Nil,2-way,Sealed,0,0,0,0,50,0,Off,1,0,,76,Auckland,Nil,0,0,0,0,0,0,Urban,0,0,0,Light rain,Null
1772437.5134,5893419.7237,824104,,525530,0,,0,2,,North,2025/2026,SOUTHERN MOTORWAY,SERVICE CENTRE ON SBD,,Non-Injury Crash,Yes,2026,,South,,0,,Flat,,,,,,Bright sun,808607,0,0,0,2,,,0,,,,,,Auckland Region,Nil,1-way,Sealed,,0,0,,100,,Off,0,0,80,76,Auckland,Nil,,,,,0,0,Open,0,,,Fine,Null
1770393.8141,5897936.8907,824112,,523920,0,,0,3,,North,2025/2026,SOUTHERN MOTORWAY,PAHUREHURE NO 1 BR,,Minor Crash,Yes,2026,,South,,0,,Flat,,,,,,Bright sun,768010,1,0,0,3,,,0,,,,,,Auckland Region,Nil,1-way,Sealed,,0,0,,100,,Off,0,0,,76,Auckland,Nil,,,,,1,0,Open,0,,,Fine,Null
1767119.8322,5905531.1283,824120,,522302,0,,0,2,,Null,2025/2026,REAGAN ROAD,GREAT SOUTH ROAD,,Non-Injury Crash,No,2025,,West,,0,,Null,,,,,,Dark,670700,0,0,0,4,,,0,,,,,,Auckland Region,Nil,2-way,Sealed,,0,0,,50,,On,0,0,,76,Auckland,Traffic Signals,,,,,0,0,Urban,0,,,Fine,Null
1757285.6204,5929054.3706,824126,,507800,0,,0,2,,Null,2024/2025,EAST COAST ROAD,WOLSLEY AVENUE,,Non-Injury Crash,No,2025,,South,,0,,Hill Road,,,,,,Dark,307100,0,0,0,2,,,0,,,,,,Auckland Region,Nil,2-way,Sealed,,0,0,,50,,On,0,0,,76,Auckland,Give way,,,,,0,0,Urban,0,,,Fine,Null
1758051.7624,5926991.7536,824128,,508010,0,,0,1,,West,2025/2026,NORTHCROFT STREET,LAKE ROAD,,Non-Injury Crash,No,2025,,East,,0,,Null,,,,,,Bright sun,327800,0,0,0,2,,,0,,,,,,Auckland Region,Nil,2-way,Sealed,,0,0,,30,,Null,0,0,,76,Auckland,Nil,,,,,0,0,Urban,1,,,Fine,Null
1759322.2848,5903481.4296,824134,,524200,0,,2,0,,Null,2024/2025,TOM PEARCE DRIVE,LEONARD ISITT DRIVE,,Non-Injury Crash,No,2025,,East,,0,,Flat,,,,,,Overcast,727200,0,0,0,2,,,0,,,,,,Auckland Region,Nil,1-way,Sealed,,0,0,,50,,Off,0,0,,76,Auckland,Stop,,,,,0,0,Urban,0,,,Fine,Null
1749353.1204,5941258.0407,824143,,506300,0,0,0,2,0,South,2025/2026,NORTHERN MOTORWAY,WILKS OBR,,Non-Injury Crash,Yes,2026,0,South,0,0,0,Flat,1,,0,,0,Bright sun,175902,0,0,0,2,0,0,0,0,0,,0,0,Auckland Region,Nil,1-way,Sealed,0,0,0,0,100,0,Off,0,0,,76,Auckland,Nil,0,0,0,0,0,0,Open,0,0,0,Fine,Null
1756406.8166,5918945.4975,824151,,515600,0,,0,2,,Null,2025/2026,NEWTON ROAD,NEWTON ROAD ON RAMP,,Non-Injury Crash,No,2025,,North,,0,,Flat,,,,,,Dark,420100,0,0,0,4,,,0,,,,,,Auckland Region,Bridge,2-way,Sealed,,0,0,,50,,On,0,0,,76,Auckland,Give way,,,,,0,0,Urban,0,,,Fine,Null
1756691.4666,5915406.7139,824178,,518302,0,,0,1,,Null,2025/2026,MOUNT EDEN ROAD,MARSDEN AVENUE,,Minor Crash,No,2026,,North,,0,,Flat,,,,,,Bright sun,558000,2,0,1,4,,,0,,,,,,Auckland Region,Nil,2-way,Sealed,,0,0,,50,,Off,0,0,,76,Auckland,Stop,,,,,0,0,Urban,0,,,Fine,Null
1753511.49,5931379.98,824180,,508807,0,0,0,1,0,West,2025/2026,PAUL MATTHEWS ROAD,PAUL MATTHEWS OFF-RAMP,,Non-Injury Crash,No,2026,0,East,0,0,0,Flat,1,Christmas New Year,0,,0,Overcast,180810,0,0,0,2,0,0,0,0,0,,0,0,Auckland Region,Nil,2-way,Sealed,0,0,0,0,50,0,Off,0,0,,76,Auckland,Nil,0,0,0,0,0,0,Urban,0,0,0,Heavy rain,Null
1764078.9202,5904300.2053,824187,,522100,0,,0,2,,Null,2025/2026,PUHINUI ROAD,PUHINUI ROAD-SH 20B OFF RAMP,,Non-Injury Crash,No,2026,,East,,0,,Flat,,,,,,Bright sun,781001,0,0,0,2,,,0,,,,,,Auckland Region,Nil,1-way,Sealed,,0,0,,50,,Off,0,0,40,76,Auckland,Traffic Signals,,,,,0,0,Urban,0,,,Fine,Null
1754711.195,5915684.8746,824195,,517702,0,,0,2,,Null,2025/2026,SANDRINGHAM ROAD,KITCHENER ROAD,,Non-Injury Crash,No,2025,,North,,0,,Flat,,,,,,Bright sun,540900,0,0,0,2,,,0,,,,,,Auckland Region,Nil,2-way,Sealed,,0,0,,50,,Null,0,0,,76,Auckland,Give way,,,,,0,0,Urban,0,,,Fine,Null
1747242.2879,5913668.9193,824211,,511100,0,0,0,2,0,South,2025/2026,CAPTAIN SCOTT ROAD,GLENMALL PLACE,,Non-Injury Crash,No,2026,0,North,0,0,0,Flat,0,,0,,0,Bright sun,286200,0,0,0,2,0,0,0,0,1,,0,0,Auckland Region,Nil,2-way,Sealed,0,0,0,0,50,0,Off,0,0,,76,Auckland,Nil,0,0,0,0,0,0,Urban,0,0,0,Fine,Null
1746243.1395,5916322.7229,824217,,510800,0,,0,2,,West,2025/2026,JAMES LAURIE STREET,WAITAKI STREET,,Non-Injury Crash,No,2025,,West,,0,,Flat,,Labour Weekend,,,,Bright sun,244100,0,0,0,2,,,0,,,,,,Auckland Region,Nil,2-way,Sealed,,0,0,,50,,Null,0,0,,76,Auckland,Nil,,,,,0,0,Urban,0,,,Fine,Null
1741445.9341,5919779.9939,824235,,513621,0,0,0,1,0,West,2024/2025,CROWS ROAD,PATRICK RICE DRIVE,,Non-Injury Crash,No,2025,0,West,0,0,0,Hill Road,0,,0,,0,Dark,238102,0,0,0,2,0,0,0,1,0,,0,0,Auckland Region,Nil,2-way,Sealed,0,0,0,0,80,0,None,0,0,,76,Auckland,Nil,0,0,0,1,0,0,Open,0,0,0,Light rain,Null
1759430.107,5903514.8837,824249,,524200,0,,0,1,,Null,2024/2025,LEONARD ISITT DRIVE,TOM PEARCE DRIVE,,Non-Injury Crash,No,2024,,South,,0,,Flat,,,,,,Bright sun,727200,0,0,0,3,,,0,,,,,,Auckland Region,Nil,2-way,Sealed,,0,0,,50,,Off,1,0,,76,Auckland,Stop,,,,,0,0,Urban,0,,,Fine,Null
1776160.2476,5900438.1225,824267,,523813,0,0,0,1,0,South,2025/2026,MULLINS ROAD,AIRFIELD ROAD,,Non-Injury Crash,No,2025,0,South,1,0,0,Flat,0,,0,,0,Dark,761500,0,0,0,2,0,0,0,0,0,,0,0,Auckland Region,Nil,2-way,Sealed,0,0,0,0,80,0,None,0,0,,76,Auckland,Nil,0,0,0,0,0,0,Open,0,0,0,Fine,Null
1749558.9201,5945339.9561,824275,,506001,0,,0,1,,South,2025/2026,EAST COAST ROAD,TAVERN ROAD,,Non-Injury Crash,No,2025,,South,,0,,Hill Road,,,,,,Bright sun,175701,0,0,0,3,,,0,,,,,,Auckland Region,Nil,2-way,Sealed,,0,0,,60,,Off,1,0,,76,Auckland,Nil,,,,,0,0,Urban,0,,,Fine,Null
1762091.4575,5913939.1119,824281,,520401,0,,0,2,,North,2025/2026,GAVIN STREET,GAVIN STREET,,Non-Injury Crash,No,2025,,South,,0,,Flat,,,,,,Bright sun,644300,0,0,0,3,,,0,,,,,,Auckland Region,Nil,1-way,Sealed,,0,0,,100,,Off,0,0,,76,Auckland,Nil,,,,,0,0,Open,0,,,Fine,Null
1754897.2284,5924751.3906,824305,,509800,0,,0,1,,West,2024/2025,ONEWA ROAD,FAIRFAX AVENUE,,Non-Injury Crash,No,2025,,East,,0,,Flat,,,,,,Bright sun,361400,0,0,0,4,,,0,,,,,,Auckland Region,Nil,2-way,Sealed,,0,0,,50,,Off,1,0,,76,Auckland,Nil,,,,,0,0,Urban,0,,,Fine,Null
1759144.1708,5918553.3679,824313,,516101,0,0,0,2,0,West,2025/2026,BASSETT ROAD,HOBSON CIRCLE,,Non-Injury Crash,No,2025,0,South,0,0,0,Hill Road,0,,0,,0,Dark,480500,0,0,0,2,0,0,0,0,1,,0,0,Auckland Region,Nil,2-way,Sealed,0,0,0,0,50,0,On,0,0,,76,Auckland,Nil,0,0,0,0,0,0,Urban,0,0,0,Fine,Null
1771381.0783,5897976.3431,824337,,523912,0,,0,1,,East,2025/2026,GREAT SOUTH ROAD,THE FURLONG,,Minor Crash,No,2026,,South,,0,,Flat,,,,,,Overcast,767812,1,0,1,3,,,0,,,,,,Auckland Region,Nil,2-way,Sealed,,0,0,,50,,Off,0,0,,76,Auckland,Nil,,,,,0,0,Urban,0,,,Fine,Null
1754454.8719,5915137.3121,824360,,518802,0,,0,2,,Null,2025/2026,MOUNT ALBERT ROAD,SANDRINGHAM ROAD,,Non-Injury Crash,No,2025,,North,,0,,Hill Road,,,,,,Dark,577300,0,0,0,3,,,0,,,,,,Auckland Region,Nil,2-way,Sealed,,0,0,,60,,On,0,0,30,76,Auckland,Traffic Signals,,,,,0,0,Urban,0,,,Fine,Null
1761368.581,5914317.8468,824363,,520202,0,,0,0,,North,2022/2023,SOUTHERN MOTORWAY,PENROSE INT N,,Serious Crash,Yes,2023,,North,,0,,Flat,,,,,,Overcast,612100,0,0,1,3,,,0,,,,,,Auckland Region,Nil,1-way,Sealed,,0,1,,100,,Null,0,0,,76,Auckland,Nil,,,,,0,0,Open,0,,,Heavy rain,Null
1755684.3569,5944209.5777,824382,,505908,0,,0,0,,West,2025/2026,WHANGAPARAOA ROAD,RED HIBISCUS ROAD,,Serious Crash,No,2026,,East,,0,,Flat,,,,,,Bright sun,173707,0,0,0,2,,,0,,,1,,,Auckland Region,Nil,2-way,Sealed,,0,1,,50,,Off,0,0,,76,Auckland,Nil,,,,,0,0,Urban,1,,,Fine,Null
1756416.5697,5927805.4221,824407,,507900,0,,0,0,,Null,2022/2023,WAIRAU ROAD,SHAKESPEARE ROAD,,Minor Crash,No,2023,,South,,0,,Flat,,,,,,Twilight,305202,1,0,0,6,,,0,,,,,,Auckland Region,Nil,2-way,Sealed,,0,0,,50,,On,1,0,,76,Auckland,Traffic Signals,,,,,0,0,Urban,1,,,Light rain,Null
1753984.4913,5928702.0188,824423,,508320,0,,0,2,,East,2022/2023,WELDENE AVENUE,ONDINE PLACE,,Minor Crash,No,2023,,East,,0,,Hill Road,,,,,,Dark,197100,2,0,0,2,,,0,,,,,,Auckland Region,Nil,2-way,Sealed,,0,0,,50,,On,0,0,,76,Auckland,Nil,,,,,0,0,Urban,0,,,Fine,Null
1755011.1112,5913740.1526,824425,,518803,0,,0,1,,Null,2024/2025,DOMINION ROAD,DENBIGH AVENUE,,Non-Injury Crash,No,2025,,North,,0,,Flat,,,,,,Overcast,581700,0,0,0,2,,,0,,,,,,Auckland Region,Nil,2-way,Sealed,,0,0,,50,,None,0,0,,76,Auckland,Give way,,,,,1,0,Urban,0,,,Fine,Null
1756542.6119,5926918.8559,824426,,507900,0,,0,2,,Null,2022/2023,NORTHCOTE ROAD ON RAMP,NORTHERN MOTORWAY,,Non-Injury Crash,No,2023,,South,,0,,Flat,,,,,,Overcast,303502,0,0,0,3,,,0,,,,,,Auckland Region,Nil,1-way,Sealed,,0,0,,100,,Off,0,0,,76,Auckland,Nil,,,,,0,0,Open,0,,,Light rain,Null
1771805.298,5906932.2304,824429,,523713,0,,0,0,,Null,2023/2024,ORMISTON ROAD,VALDERAMA DRIVE,,Minor Crash,No,2023,,West,,0,,Flat,,,,,,Overcast,712500,1,0,0,2,,,0,,,,,,Auckland Region,Nil,2-way,Sealed,,0,0,,60,,Off,0,0,,76,Auckland,Give way,,,,,1,0,Urban,1,,,Fine,Null
1767772.6839,5881392.7242,824458,,525921,1,,0,1,,South,2025/2026,PRINCES STREET WEST,HELVETIA ROAD,,Non-Injury Crash,No,2025,,South,,0,,Null,,Christmas New Year,,,,Bright sun,820508,0,0,0,2,,,0,,,,,,Auckland Region,Nil,2-way,Sealed,,0,0,,30,,Null,0,0,,76,Auckland,Nil,,,,,0,0,Urban,0,,,Null,Null
1769954.1116,5901957.7895,824464,,523814,0,0,0,1,0,East,2023/2024,HILL ROAD,NORM PELLOW DRIVE,,Minor Crash,No,2023,0,East,0,0,0,Flat,0,,0,,0,Bright sun,759514,1,0,0,2,0,0,0,0,1,,0,0,Auckland Region,Nil,2-way,Sealed,0,0,0,0,50,0,Off,0,0,,76,Auckland,Nil,0,0,0,0,0,0,Urban,1,0,0,Fine,Null
1757121.0704,5919086.8904,824469,,514301,0,,0,2,,South,2022/2023,SOUTHERN MOTORWAY,SYMONDS OBR,,Non-Injury Crash,Yes,2023,,North,,0,,Hill Road,,,,,,Dark,441200,0,0,0,3,,,0,,,,,,Auckland Region,Nil,1-way,Sealed,,0,0,,80,,Off,0,0,,76,Auckland,Nil,,,,,0,0,Open,0,,,Light rain,Null
1768987.0963,5902894.231,824480,,523820,0,,0,1,,Null,2024/2025,EVERGLADE DRIVE,EUGENIA RISE,,Non-Injury Crash,No,2024,,South,,0,,Flat,,,,,,Dark,760122,0,0,0,2,,,0,,,,,,Auckland Region,Nil,2-way,Sealed,,0,0,,50,,On,0,0,,76,Auckland,Give way,,,,,0,0,Urban,1,,,Fine,Null
1765200.7421,5914755.1962,824485,,520301,0,,0,1,,Null,2023/2024,PILKINGTON ROAD,CLIFTON COURT,,Minor Crash,No,2023,,North,,0,,Hill Road,,,,,,Dark,628300,2,0,0,2,,,0,,,,,,Auckland Region,Nil,2-way,Sealed,,0,0,,50,,On,1,0,,76,Auckland,Nil,,,,,0,0,Urban,0,,,Fine,Null
1763447.2458,5909157.9542,824496,,521901,0,,0,2,,Null,2024/2025,WALMSLEY ROAD,LIPPIATT ROAD,,Non-Injury Crash,No,2024,,North,,0,,Flat,,,,,,Bright sun,783500,0,0,0,4,,,0,,,,,,Auckland Region,Nil,2-way,Sealed,,0,0,,50,,Off,0,0,,76,Auckland,Stop,,,,,0,0,Urban,0,,,Fine,Null
1753141.9475,5914185.6534,824504,,514500,0,,0,0,,East,2025/2026,MAIORO STREET,ROSEVILLE STREET,,Non-Injury Crash,No,2025,,West,,0,,Null,,,,,,Bright sun,376800,0,0,0,4,,,0,,,,,,Auckland Region,Nil,2-way,Sealed,,0,0,,50,,Null,1,0,,76,Auckland,Nil,,,,,0,0,Urban,0,,,Fine,Null
1755839.7758,5926662.2246,824513,,508620,1,,0,1,,West,2025/2026,NORTHCOTE ROAD,AKORANGA DRIVE,,Minor Crash,No,2026,,West,,0,,Flat,,,,,,Bright sun,204702,1,0,0,4,,,0,,,,,,Auckland Region,Nil,2-way,Sealed,,0,0,,50,,Null,0,0,,76,Auckland,Nil,,,,,0,0,Urban,0,,,Fine,Null