X,Y,OBJECTID,advisorySpeed,areaUnitID,bicycle,bridge,bus,carStationWagon,cliffBank,crashDirectionDescription,crashFinancialYear,crashLocation1,crashLocation2,crashRoadSideRoad,crashSeverity,crashSHDescription,crashYear,debris,directionRoleDescription,ditch,fatalCount,fence,flatHill,guardRail,holiday,houseOrBuilding,intersection,kerb,light,meshblockId,minorInjuryCount,moped,motorcycle,NumberOfLanes,objectThrownOrDropped,otherObject,otherVehicleType,overBank,parkedVehicle,pedestrian,phoneBoxEtc,postOrPole,region,roadCharacter,roadLane,roadSurface,roadworks,schoolBus,seriousInjuryCount,slipOrFlood,speedLimit,strayAnimal,streetLight,suv,taxi,temporarySpeedLimit,tlaId,tlaName,trafficControl,trafficIsland,trafficSign,train,tree,truck,unknownVehicleType,urban,vanOrUtility,vehicle,waterRiver,weatherA,weatherB
1752359.5551,5914928.2471,824519,,514500,0,0,0,3,0,East,2023/2024,METHUEN ROAD,BOLLARD AVENUE,,Non-Injury Crash,No,2023,0,West,0,0,1,Flat,0,,0,,0,Dark,377701,0,0,0,4,0,0,0,0,1,,0,0,Auckland Region,Nil,2-way,Sealed,0,0,0,0,50,0,On,0,0,,76,Auckland,Nil,0,0,0,0,0,0,Urban,0,0,0,Light rain,Null
1752909.9322,5913696.837,824523,,514500,0,0,0,2,0,North,2022/2023,NEW WINDSOR ROAD,DALLAS PLACE,,Non-Injury Crash,No,2023,0,South,0,0,0,Flat,0,Queens Birthday,0,,0,Overcast,374400,0,0,0,2,0,0,0,0,1,,0,0,Auckland Region,Nil,2-way,Sealed,0,0,0,0,50,0,Off,0,0,,76,Auckland,Nil,0,0,0,0,0,0,Urban,0,0,0,Fine,Null
1772649.9021,5894568.5453,824528,,525530,0,,0,2,,South,2025/2026,GREAT SOUTH ROAD,BELLFIELD ROAD,,Minor Crash,No,2026,,South,,0,,Flat,,,,,,Dark,803602,1,0,0,2,,,0,,,,,,Auckland Region,Nil,2-way,Sealed,,0,0,,50,,On,0,0,,76,Auckland,Nil,,,,,0,0,Urban,0,,,Fine,Null
1765849.0499,5900911.7702,824534,,524821,0,,0,2,,North,2024/2025,ROSCOMMON ROAD,MONCRIEFF AVENUE,,Non-Injury Crash,No,2024,,North,,0,,Flat,,,,,,Unknown,774403,0,0,0,1,,,0,,,,,,Auckland Region,Nil,1-way,Sealed,,0,0,,50,,Null,0,0,,76,Auckland,Nil,,,,,0,0,Urban,1,,,Null,Null
1764436.2915,5918411.1197,824542,,516602,0,,0,1,,Null,2025/2026,KOHIMARAMA ROAD,KOHIMARAMA ROAD,,Minor Crash,No,2025,,South,,0,,Flat,,,,,,Twilight,508200,1,0,0,2,,,0,,,1,,,Auckland Region,Nil,2-way,Sealed,,0,0,,50,,Off,0,0,,76,Auckland,Give way,,,,,0,0,Urban,0,,,Fine,Null
1770329.0848,5906443.3102,824544,,523713,0,0,0,2,0,East,2025/2026,SYCAMORE STREET,BROOKVIEW DRIVE,,Non-Injury Crash,No,2025,0,West,0,0,0,Flat,0,,0,,0,Bright sun,713100,0,0,0,2,0,0,0,0,1,,0,0,Auckland Region,Nil,2-way,Sealed,0,0,0,0,50,0,Null,0,0,,76,Auckland,Nil,0,0,0,0,0,0,Urban,0,0,0,Fine,Null
1752138.1497,5930609.0853,824550,,509100,0,,0,2,,South,2024/2025,ALBANY HIGHWAY,ALBANY HIGHWAY OFF RAMP,,Non-Injury Crash,No,2024,,North,,0,,Flat,,,,,,Overcast,181004,0,0,0,3,,,0,,,,,,Auckland Region,Nil,1-way,Sealed,,0,0,,60,,Off,0,0,,76,Auckland,Nil,,,,,0,0,Urban,0,,,Fine,Null
1748826.8627,5917544.8531,824551,,514801,0,,0,3,,South,2022/2023,ROSEBANK ROAD,TIMOTHY PLACE,,Minor Crash,No,2023,,South,,0,,Flat,,,,,,Bright sun,389400,1,0,0,2,,,0,,,,,,Auckland Region,Nil,2-way,Sealed,,0,0,,50,,Off,0,0,,76,Auckland,Nil,,,,,0,0,Urban,0,,,Fine,Null
1748577.0064,5968968.072,824560,,506613,0,,0,2,,Null,2025/2026,POHUEHUE ROAD,MCKINNEY ROAD,,Minor Crash,No,2025,,North,,0,,Flat,,,,,,Overcast,146105,1,0,0,2,,,0,,,,,,Auckland Region,Nil,2-way,Sealed,,0,0,,50,,Off,0,0,,76,Auckland,Stop,,,,,0,0,Urban,0,,,Fine,Null
1766275.4192,5901654.9454,824566,,524604,0,0,0,2,0,West,2025/2026,BROWNS ROAD,ROWANDALE AVENUE,,Serious Crash,No,2025,0,West,0,0,0,Flat,0,,0,,0,Twilight,781400,0,0,1,2,0,0,0,0,1,,0,0,Auckland Region,Nil,2-way,Sealed,0,0,1,0,50,0,On,0,0,,76,Auckland,Nil,0,0,0,0,0,0,Urban,0,0,0,Fine,Null
1784564.1246,5905994.3665,824567,,525201,0,0,0,0,0,East,2022/2023,CLEVEDON-KAWAKAWA ROAD,ATCHISON BR,,Serious Crash,No,2023,0,East,0,0,1,Flat,0,,0,,0,Bright sun,764100,0,0,0,2,0,0,0,0,0,,0,1,Auckland Region,Nil,2-way,Sealed,0,0,1,0,80,0,None,0,0,,76,Auckland,Nil,0,0,0,0,0,0,Open,1,0,0,Fine,Strong wind
1755007.9833,5914426.1751,824574,,518802,0,,0,3,,Null,2025/2026,MAY ROAD,MOUNT ALBERT ROAD,,Non-Injury Crash,No,2026,,North,,0,,Flat,,,,,,Bright sun,577900,0,0,0,2,,,0,,,,,,Auckland Region,Nil,2-way,Sealed,,0,0,,50,,Off,0,0,,76,Auckland,Stop,,,,,0,0,Urban,0,,,Fine,Null
1755735.5967,5921196.3806,824590,,515202,0,0,0,1,0,West,2022/2023,NORTHERN MOTORWAY,FANSHAWE STREET OFF RAMP,,Non-Injury Crash,Yes,2023,0,South,0,0,0,Flat,1,,0,,0,Bright sun,425600,0,0,0,4,0,0,0,0,0,,0,0,Auckland Region,Nil,1-way,Sealed,0,0,0,0,80,0,Off,0,0,,76,Auckland,Nil,0,0,0,0,0,0,Open,1,0,0,Fine,Null
1740711.2502,5923946.9056,824591,,513701,0,0,0,1,0,North,2025/2026,NIXON ROAD,HENWOOD ROAD,,Non-Injury Crash,No,2026,0,North,0,0,1,Hill Road,0,,0,,0,Overcast,229400,0,0,0,2,0,0,0,0,0,,0,0,Auckland Region,Nil,2-way,Sealed,0,0,0,0,60,0,Off,0,0,,76,Auckland,Nil,0,0,0,0,0,0,Urban,0,0,0,Light rain,Null
1757292.9886,5918898.5993,824610,,514301,0,,0,1,,West,2022/2023,SOUTHERN MOTORWAY,GRAFTON OBR,,Non-Injury Crash,Yes,2023,,South,,0,,Flat,,,,,,Overcast,441600,0,0,0,4,,,0,,,,,,Auckland Region,Nil,1-way,Sealed,,0,0,,80,,Off,0,0,,76,Auckland,Nil,,,,,0,0,Open,1,,,Light rain,Null
1749973.6984,5947647.6525,824614,,505806,0,0,0,3,0,Null,2022/2023,BANKSIDE ROAD,SAWYERS LANE,,Minor Crash,No,2023,0,West,0,0,0,Hill Road,0,,0,,0,Bright sun,176503,1,0,0,2,0,0,0,0,1,,0,0,Auckland Region,Nil,2-way,Sealed,0,0,0,0,50,0,Off,0,0,,76,Auckland,Give way,0,0,0,0,0,0,Urban,0,0,0,Fine,Null
1758726.2187,5905130.6197,824623,,524200,0,,0,2,,South,2024/2025,AIRPARK DRIVE,RICHARD PEARSE DRIVE,,Non-Injury Crash,No,2025,,South,,0,,Flat,,,,,,Unknown,726500,0,0,0,2,,,0,,,,,,Auckland Region,Nil,2-way,Sealed,,0,0,,50,,Null,0,0,,76,Auckland,Nil,,,,,0,0,Urban,0,,,Null,Null
1763351.497,5908395.8259,824631,,524402,0,,0,1,,South,2025/2026,MASSEY ROAD,HOSPITAL ROAD,,Non-Injury Crash,No,2025,,South,,0,,Null,,,,,,Overcast,749900,0,0,0,4,,,0,,,,,,Auckland Region,Nil,2-way,Sealed,,0,0,,50,,Null,0,0,,76,Auckland,Nil,,,,,0,1,Urban,0,,,Fine,Null
1747223.6671,5919429.1163,824638,,512402,0,,0,1,,Null,2022/2023,TE ATATU ROAD,ROYAL VIEW ROAD,,Serious Crash,No,2023,,South,,0,,Flat,,,,,,Dark,254100,0,0,0,4,,,0,,,,,,Auckland Region,Nil,2-way,Sealed,,0,1,,50,,On,0,0,,76,Auckland,Give way,,,,,0,0,Urban,1,,,Fine,Null
1732010.6144,5938258.6978,824645,,506648,0,0,0,1,1,South,2025/2026,INLAND ROAD,MANUKA GROVE,,Non-Injury Crash,No,2025,0,North,0,0,1,Hill Road,0,,0,,0,Dark,212001,0,0,0,2,0,0,0,0,0,,0,0,Auckland Region,Nil,2-way,Sealed,0,0,0,0,80,0,None,0,0,,76,Auckland,Nil,0,0,0,0,0,0,Open,0,0,0,Light rain,Null
1757183.6172,5931696.3544,824647,,507500,0,0,0,0,0,West,2025/2026,PARK RISE,BEACH ROAD,,Non-Injury Crash,No,2025,0,West,0,0,0,Null,0,,0,,0,Bright sun,148100,0,0,0,2,0,0,0,0,1,,0,0,Auckland Region,Nil,2-way,Sealed,0,0,0,0,50,0,Null,0,0,,76,Auckland,Nil,0,0,0,0,0,0,Urban,2,0,0,Fine,Null
1756737.7386,5912782.2034,824661,,518702,0,,0,2,,North,2024/2025,SOUTH-WESTERN MOTORWAY,HILLSBOROUGH ROAD ON RAMP,,Non-Injury Crash,Yes,2024,,East,,0,,Hill Road,,,,,,Overcast,569900,0,0,0,2,,,0,,,,,,Auckland Region,Nil,1-way,Sealed,,0,0,,100,,Off,0,0,,76,Auckland,Nil,,,,,0,0,Open,0,,,Light rain,Null
1746573.6261,5915614.6282,824663,,511601,0,,0,2,,Null,2025/2026,GREAT NORTH ROAD,VIEW ROAD,,Non-Injury Crash,No,2025,,North,,0,,Hill Road,,,,,,Overcast,276006,0,0,0,4,,,0,,,,,,Auckland Region,Nil,2-way,Sealed,,0,0,,50,,Off,0,0,,76,Auckland,Traffic Signals,,,,,0,0,Urban,0,,,Fine,Null
1745992.7918,5924548.1427,824669,,513522,0,0,0,2,0,Null,2024/2025,LAGOON WAY,WESTPARK DRIVE,,Non-Injury Crash,No,2024,0,North,0,0,1,Hill Road,0,Christmas New Year,2,,0,Bright sun,224120,0,0,0,2,0,0,0,0,1,,0,0,Auckland Region,Nil,2-way,Sealed,0,0,0,0,50,0,Off,0,0,,76,Auckland,Nil,0,0,0,0,0,0,Urban,0,0,0,Fine,Null
1779964.8659,5916077.4278,824671,,523300,0,0,0,1,0,West,2025/2026,WHITFORD MARAETAI ROAD,KEANES ROAD,,Non-Injury Crash,No,2025,0,West,0,0,1,Flat,0,,0,,0,Dark,719400,0,0,0,2,0,0,0,0,0,,0,0,Auckland Region,Nil,2-way,Sealed,0,0,0,0,60,0,None,0,0,,76,Auckland,Nil,0,0,0,0,0,0,Urban,0,0,0,Fine,Null
1768420.0361,5907683.1079,824674,,523711,0,,0,1,,West,2023/2024,ORMISTON ROAD,JARVIS WAY,,Minor Crash,No,2024,,East,,0,,Flat,,,,,,Bright sun,712304,1,0,1,4,,,0,,,,,,Auckland Region,Nil,2-way,Sealed,,0,0,,60,,Off,0,0,,76,Auckland,Nil,,,,,0,0,Urban,0,,,Fine,Null
1744790.3698,5909450.3959,824681,,512700,0,0,0,0,0,West,2023/2024,HUIA ROAD,MINNEHAHA AVENUE,,Non-Injury Crash,No,2023,0,West,0,0,0,Hill Road,0,,0,,0,Overcast,301700,0,0,0,2,0,0,0,0,0,,1,0,Auckland Region,Nil,2-way,Sealed,0,0,0,0,50,0,Off,0,0,,76,Auckland,Nil,0,0,0,0,0,0,Urban,1,0,0,Heavy rain,Null
1755139.6451,5928726.9123,824693,,508320,0,,0,1,,North,2022/2023,HILLSIDE ROAD,POLAND ROAD,,Minor Crash,No,2023,,South,,0,,Flat,,,,,,Bright sun,198600,1,0,0,2,,,0,,,,,,Auckland Region,Nil,2-way,Sealed,,0,0,,50,,Off,0,0,,76,Auckland,Nil,,,,,0,0,Urban,1,,,Fine,Null
1762994.9145,5907210.5535,824707,,524301,0,,0,2,,South,2024/2025,HAIN AVENUE,CALVERT AVENUE,,Non-Injury Crash,No,2025,,South,,0,,Null,,Queens Birthday,,,,Unknown,746500,0,0,0,2,,,0,,,,,,Auckland Region,Nil,2-way,Null,,0,0,,50,,Null,0,0,,76,Auckland,Nil,,,,,0,0,Urban,0,,,Null,Null
1752496.9933,5925752.9256,824716,35,510220,0,0,0,0,0,South,2022/2023,VERBENA ROAD,CASTLETON STREET,,Non-Injury Crash,No,2023,0,South,0,0,0,Hill Road,0,,0,,0,Overcast,350502,0,0,0,2,0,0,0,0,0,,0,1,Auckland Region,Nil,2-way,Sealed,0,0,0,0,50,0,Off,0,0,,76,Auckland,Nil,0,0,0,0,0,0,Urban,1,0,0,Fine,Null
1769112.5629,5889416.9589,824717,,521202,0,0,0,1,0,Null,2025/2026,BLACKBRIDGE ROAD,KARAKA ROAD,,Non-Injury Crash,No,2025,0,South,1,0,0,Flat,0,,0,,0,Overcast,807100,0,0,0,2,0,0,0,0,0,,0,0,Auckland Region,Nil,2-way,Sealed,0,0,0,0,80,0,Off,0,0,,76,Auckland,Give way,0,0,0,0,0,0,Open,0,0,0,Heavy rain,Null
1760267.8562,5915823.7842,824723,,516003,0,,0,2,,North,2025/2026,SOUTHERN MOTORWAY,GREEN LANE EAST OFF RAMP,,Non-Injury Crash,Yes,2025,,North,,0,,Null,,,,,,Overcast,494902,0,0,0,3,,,0,,,,,,Auckland Region,Nil,1-way,Sealed,,0,0,,100,,Null,0,0,,76,Auckland,Nil,,,,,0,0,Open,0,,,Light rain,Null
1772041.533,5906936.1365,824724,,523713,0,0,0,2,0,South,2022/2023,AZZURRO WAY,ARGENTO AVENUE,,Non-Injury Crash,No,2023,0,North,0,0,0,Hill Road,0,,0,,0,Dark,712500,0,0,0,2,0,0,0,0,1,,0,0,Auckland Region,Nil,2-way,Sealed,0,0,0,0,50,0,On,1,0,,76,Auckland,Nil,0,0,0,0,0,0,Urban,0,0,0,Fine,Null
1751723.4633,5934251.6776,824725,,508701,0,,0,2,,Null,2025/2026,OTEHA VALLEY ROAD,OTEHA VALLEY ROAD EXTENSION,,Non-Injury Crash,No,2026,,North,,0,,Flat,,Christmas New Year,,,,Bright sun,178900,0,0,0,2,,,0,,,,,,Auckland Region,Nil,1-way,Sealed,,0,0,,60,,Off,0,0,,76,Auckland,Give way,,,,,0,0,Urban,0,,,Fine,Null
1763111.786,5883755.9542,824747,,521121,0,,0,2,,South,2023/2024,WOODHOUSE ROAD,HUNTER ROAD,,Minor Crash,No,2023,,South,,0,,Flat,,,,,,Overcast,811300,2,0,0,2,,,0,,,,,,Auckland Region,Nil,2-way,Sealed,,0,0,,80,,None,0,0,,76,Auckland,Nil,,,,,0,0,Open,0,,,Fine,Null
1752296.9793,5915928.3944,824748,,517902,0,,0,2,,South,2025/2026,NEW NORTH ROAD,RICHARDSON ROAD,,Non-Injury Crash,No,2026,,North,,0,,Flat,,,,,,Overcast,520700,0,0,0,4,,,0,,,,,,Auckland Region,Nil,2-way,Sealed,,0,0,,50,,None,0,0,,76,Auckland,Nil,,,,,0,0,Urban,0,,,Fine,Null
1743843.6311,5921137.5913,824802,,513631,0,,0,2,,Null,2025/2026,WAIMUMU ROAD,LINCOLN PARK AVENUE,,Non-Injury Crash,No,2025,,West,,0,,Hill Road,,,,,,Bright sun,227704,0,0,0,2,,,0,,,,,,Auckland Region,Nil,2-way,Sealed,,0,0,,50,,Off,0,0,,76,Auckland,Nil,,,,,0,0,Urban,0,,,Fine,Null
1756331.5194,5918932.2927,824864,,515500,0,,0,2,,West,2025/2026,NORTH-WESTERN MOTORWAY,NEWTON OBR,,Non-Injury Crash,Yes,2025,,South,,0,,Flat,,,,,,Twilight,417600,0,0,0,2,,,0,,,,,,Auckland Region,Nil,1-way,Sealed,,0,0,,80,,On,0,0,,76,Auckland,Nil,,,,,0,0,Open,0,,,Heavy rain,Null
1752135.5248,5919901.5687,824866,,515002,0,0,0,2,0,Null,2024/2025,JOHNSTONE STREET,BANGOR STREET,,Non-Injury Crash,No,2025,0,East,0,0,0,Flat,0,,0,,0,Bright sun,394700,0,0,0,2,0,0,0,0,1,,0,0,Auckland Region,Nil,2-way,Sealed,0,0,0,0,30,0,Off,0,0,,76,Auckland,Nil,0,0,0,0,0,0,Urban,0,0,0,Fine,Null
1765288.5213,5900657.0417,824880,,524821,0,0,0,1,0,South,2025/2026,FINLAYSON AVENUE,NGATIRA PLACE,,Minor Crash,No,2025,0,South,0,0,0,Hill Road,0,,0,,1,Overcast,774408,1,0,0,2,0,0,0,0,0,,0,1,Auckland Region,Nil,2-way,Sealed,0,0,0,0,50,0,Off,0,0,,76,Auckland,Nil,0,0,0,0,0,0,Urban,0,0,0,Light rain,Null
1744676.2992,5915090.1047,824882,,512903,0,0,0,0,0,West,2024/2025,BRUCE MCLAREN ROAD,PARMA PLACE,,Non-Injury Crash,No,2025,0,Null,0,0,0,Flat,0,,0,,0,Bright sun,278003,0,0,0,2,0,1,0,0,0,,0,0,Auckland Region,Nil,2-way,Sealed,0,0,0,0,50,0,Off,0,0,,76,Auckland,Nil,0,0,0,0,1,0,Urban,0,0,0,Fine,Null
1751146.1294,5915861.5376,824888,,514401,0,,0,2,,Null,2025/2026,GREAT NORTH ROAD,HENRY STREET,,Minor Crash,No,2025,,North,,0,,Flat,,,,,,Overcast,381801,1,0,0,5,,,0,,,,,,Auckland Region,Nil,2-way,Sealed,,0,0,,50,,Off,0,0,,76,Auckland,Traffic Signals,,,,,0,0,Urban,0,,,Fine,Null
1755402.8512,5917793.4958,824890,,517500,0,,0,1,,East,2025/2026,SANDRINGHAM ROAD,WALTERS ROAD,,Serious Crash,No,2025,,West,,0,,Hill Road,,Christmas New Year,,,,Bright sun,531400,0,1,0,2,,,0,,,,,,Auckland Region,Nil,2-way,Sealed,,0,2,,50,,Off,0,1,,76,Auckland,Nil,,,,,0,0,Urban,0,,,Fine,Null
1733418.4894,5946669.218,824912,,506647,0,,0,3,,East,2025/2026,KAIPARA COAST HIGHWAY,RAIL XING,,Minor Crash,Yes,2025,,West,,0,,Flat,,Labour Weekend,,,,Bright sun,212507,1,0,0,3,,,0,,,,,,Auckland Region,Nil,2-way,Sealed,,0,0,,50,,Off,0,0,,76,Auckland,Nil,,,,,0,0,Urban,0,,,Fine,Null
1753188.1517,5918269.7199,824914,,515002,0,0,0,1,0,West,2025/2026,NORTH-WESTERN MOTORWAY,ST LUKES OBR,,Non-Injury Crash,Yes,2025,0,East,0,0,0,Flat,1,,0,,0,Dark,390501,0,0,0,4,0,0,0,0,0,,0,0,Auckland Region,Nil,1-way,Sealed,0,0,0,0,80,0,On,0,0,,76,Auckland,Nil,0,0,0,0,0,0,Open,0,0,0,Fine,Null
1759372.3476,5916543.5391,824967,,516001,0,,0,0,,North,2024/2025,SOUTHERN MOTORWAY,OMAHU OBR,,Non-Injury Crash,Yes,2025,,South,,0,,Flat,,,,,,Overcast,491700,0,0,0,3,,,0,,,,,,Auckland Region,Nil,1-way,Sealed,,0,0,,100,,Off,1,0,,76,Auckland,Nil,,,,,0,0,Open,1,,,Fine,Null
1771449.2482,5907716.7648,824977,,523713,0,0,0,2,0,Null,2025/2026,STANCOMBE ROAD,JEFFS ROAD,,Non-Injury Crash,No,2025,0,South,0,0,0,Flat,0,,0,,0,Bright sun,712402,0,0,0,2,0,0,0,0,1,,0,0,Auckland Region,Nil,2-way,Sealed,0,0,0,0,50,0,Off,0,0,,76,Auckland,Traffic Signals,0,0,0,0,0,0,Urban,0,0,0,Fine,Null
1747876.7609,5922186.3423,825000,,512202,0,0,0,1,0,Null,2024/2025,PIRITI DRIVE,WAKAROA AVENUE,,Non-Injury Crash,No,2025,0,South,0,0,0,Flat,0,,0,,0,Dark,249004,0,0,0,2,0,0,0,0,0,,0,0,Auckland Region,Nil,2-way,Sealed,0,0,0,0,50,0,On,0,0,,76,Auckland,Nil,0,0,0,1,0,0,Urban,0,0,0,Light rain,Null
1756339.5406,5913734.3105,825008,,518500,0,0,0,2,0,Null,2024/2025,MOUNT ALBERT ROAD,HAYR ROAD,,Non-Injury Crash,No,2024,0,West,0,0,0,Flat,0,,0,,1,Bright sun,563800,0,0,0,2,0,0,0,0,0,,0,0,Auckland Region,Nil,2-way,Sealed,0,0,0,0,50,0,Null,0,0,,76,Auckland,Give way,0,0,0,0,0,0,Urban,0,0,0,Fine,Null
1754339.9337,5937628.0215,825015,,508900,0,0,0,1,1,North,2024/2025,GLENVAR ROAD,HIGHWOOD GROVE,,Non-Injury Crash,No,2025,0,North,0,0,0,Hill Road,0,,0,,0,Dark,178309,0,0,0,2,0,0,0,0,0,,0,0,Auckland Region,Nil,2-way,Sealed,0,0,0,0,50,0,On,0,0,,76,Auckland,Nil,0,0,0,0,0,0,Urban,0,0,0,Fine,Null
1752074.7905,5918760.86,825021,,515001,0,,0,2,,Null,2025/2026,POINT CHEVALIER ROAD,WALKER ROAD,,Non-Injury Crash,No,2025,,North,,0,,Flat,,,,,,Twilight,392600,0,0,0,4,,,0,,,,,,Auckland Region,Speed hump,2-way,Sealed,,0,0,,50,,On,0,0,,76,Auckland,Give way,,,,,0,0,Urban,0,,,Fine,Null
1756717.2123,5919247.5454,825022,,514200,0,,0,1,,East,2022/2023,NORTH-WESTERN TO SOUTHERN LINK,HOBWEST OBR,,Non-Injury Crash,Yes,2023,,East,,0,,Hill Road,,,,,,Bright sun,411900,0,0,0,5,,,1,,,,,,Auckland Region,Motorway ramp,1-way,Sealed,,0,0,,80,,Off,0,0,,76,Auckland,Nil,,,,,0,0,Open,0,,,Fine,Null
1752953.2923,5875744.9867,825023,,526103,0,0,0,1,0,East,2025/2026,CONSTABLE ROAD,O'SULLIVAN PLACE,,Non-Injury Crash,No,2025,0,West,0,0,0,Flat,0,,0,,0,Bright sun,837209,0,0,0,2,0,0,0,0,0,1,0,0,Auckland Region,Nil,2-way,Sealed,0,0,0,0,50,0,Off,0,0,,76,Auckland,Nil,0,0,0,0,0,0,Urban,0,0,0,Fine,Null
1763299.5243,5912814.8592,825029,,520500,0,0,0,3,0,West,2025/2026,SOUTHERN MOTORWAY,SEART OBR,,Non-Injury Crash,Yes,2026,0,East,0,0,0,Flat,1,Christmas New Year,0,,0,Dark,637400,0,0,0,3,0,0,0,0,0,,0,0,Auckland Region,Motorway ramp,1-way,Sealed,0,0,0,0,100,0,On,0,0,,76,Auckland,Nil,0,0,0,0,0,0,Open,0,0,0,Fine,Null
1767336.5973,5905072.2114,825031,,524603,0,0,0,2,0,South,2025/2026,GREAT SOUTH ROAD,RYAN PLACE,,Non-Injury Crash,No,2025,0,North,0,0,0,Flat,0,,0,,0,Overcast,780304,0,0,0,4,0,0,0,0,0,,0,0,Auckland Region,Nil,2-way,Sealed,0,0,0,0,50,0,On,0,0,30,76,Auckland,Traffic Signals,0,0,0,0,0,0,Urban,0,1,0,Fine,Null
1752977.08,5933187.2134,825039,,508807,0,,0,1,,West,2025/2026,ALBANY EXPRESSWAY,TAWA DRIVE,,Minor Crash,No,2025,,West,,0,,Flat,,,,,,Overcast,180406,1,0,0,2,,,0,,,,,,Auckland Region,Nil,1-way,Sealed,,0,0,,80,,Off,1,0,,76,Auckland,Nil,,,,,0,0,Open,0,,,Fine,Null
1761459.7043,5914310.6995,825045,,520202,0,,0,2,,Null,2025/2026,ELLERSLIE-PANMURE HIGHWAY,ELLERSLIE-PANMURE HWY ON RAMP,,Non-Injury Crash,No,2026,,South,,0,,Flat,,,,,,Bright sun,612502,0,0,0,2,,,0,,,,,,Auckland Region,Motorway ramp,1-way,Sealed,,0,0,,50,,Off,0,0,,76,Auckland,Give way,,,,,0,0,Urban,0,,,Fine,Null
1759571.3967,5916339.215,825052,,516002,0,,0,0,,South,2025/2026,SOUTHERN MOTORWAY,OMAHU OBR,,Minor Crash,Yes,2026,,South,,0,,Flat,,,,,,Bright sun,492000,1,0,0,4,,,0,,,,,,Auckland Region,Nil,1-way,Sealed,,0,0,,100,,Off,2,0,,76,Auckland,Nil,,,,,0,0,Open,0,,,Fine,Null
1756594.2644,5919305.8935,825054,,514200,0,,0,2,,South,2024/2025,SOUTHERN MOTORWAY,NELSON STREET OFF RAMP,,Non-Injury Crash,Yes,2025,,North,,0,,Null,,,,,,Bright sun,411900,0,0,0,3,,,0,,,,,,Auckland Region,Overpass,1-way,Sealed,,0,0,,80,,Null,0,0,,76,Auckland,Nil,,,,,0,0,Open,0,,,Fine,Null
1765253.5182,5915484.8033,825060,,520301,0,,0,0,,West,2025/2026,JELLICOE ROAD,PILKINGTON ROAD,,Non-Injury Crash,No,2025,,West,,0,,Flat,,,,,,Overcast,627900,0,0,0,2,,,0,,,,,,Auckland Region,Nil,2-way,Sealed,,0,0,,50,,Off,0,0,,76,Auckland,Nil,,,,,1,0,Urban,1,,,Light rain,Null
1755977.2421,5928758.7271,825062,,508510,0,0,0,2,0,East,2024/2025,BOWMAN ROAD,ARROW ROAD,,Non-Injury Crash,No,2024,0,North,0,0,0,Flat,0,,0,,0,Bright sun,196000,0,0,0,2,0,0,0,0,1,,0,0,Auckland Region,Nil,2-way,Sealed,0,0,0,0,50,0,Null,0,0,,76,Auckland,Nil,0,0,0,0,0,0,Urban,0,0,0,Fine,Null
1753567.6264,5914422.4608,825069,,518801,0,,0,1,,South,2022/2023,SH 20,MAIORO STREET OFF RAMP,,Non-Injury Crash,Yes,2023,,South,,0,,Flat,,,,,,Bright sun,578500,0,0,0,3,,,0,,,,,,Auckland Region,Underpass,1-way,Sealed,,0,0,,100,,Off,0,0,,76,Auckland,Nil,,,,,1,0,Open,0,,,Fine,Null
1755077.8371,5935595.5737,825085,,507101,0,0,0,2,0,Null,2022/2023,STAPLEFORD CRESCENT,KEGWORTH PLACE,,Non-Injury Crash,No,2023,0,South,0,0,0,Flat,0,,0,,0,Bright sun,159502,0,0,0,2,0,0,0,0,1,,0,0,Auckland Region,Nil,2-way,Sealed,0,0,0,0,50,0,Off,0,0,,76,Auckland,Nil,0,0,0,0,0,0,Urban,0,0,0,Fine,Null
1766795.7358,5899960.9714,825092,,524713,0,0,0,1,0,West,2025/2026,WEYMOUTH ROAD,ANTALYA PLACE,,Serious Crash,No,2025,0,East,0,0,0,Flat,0,,0,,1,Bright sun,775805,0,0,0,2,0,0,0,0,0,,0,0,Auckland Region,Nil,2-way,Sealed,0,0,1,0,50,0,Off,0,0,,76,Auckland,Nil,0,0,0,1,0,0,Urban,0,0,0,Fine,Null
1769484.6825,5914626.3611,825113,,522723,0,,0,1,,Null,2022/2023,PAKURANGA ROAD,PIGEON MOUNTAIN ROAD,,Non-Injury Crash,No,2023,,North,,0,,Flat,,,,,,Bright sun,681304,0,0,0,6,,,0,,,,,,Auckland Region,Nil,2-way,Sealed,,0,0,,60,,Off,1,0,,76,Auckland,Traffic Signals,,,,,0,0,Urban,0,,,Fine,Null
1765284.6133,5916938.4875,825121,,517001,0,0,0,1,0,South,2022/2023,APIRANA AVENUE,DELWYN LANE,,Non-Injury Crash,No,2023,0,South,0,0,0,Hill Road,0,,0,,0,Dark,463902,0,0,0,2,0,0,0,0,0,,1,0,Auckland Region,Nil,2-way,Sealed,0,0,0,0,30,0,On,0,0,,76,Auckland,Nil,0,0,0,1,0,0,Urban,0,0,0,Fine,Null
1756298.456,5919305.2188,825125,,514200,0,,0,1,,South,2022/2023,KARANGAHAPE ROAD,GUNDRY STREET,,Non-Injury Crash,No,2023,,South,,0,,Flat,,,,,,Overcast,411700,0,0,0,4,,,0,,,,,,Auckland Region,Underpass,2-way,Sealed,,0,0,,50,,Off,0,0,40,76,Auckland,Nil,,,,,1,0,Urban,0,,,Fine,Null