X,Y,OBJECTID,advisorySpeed,areaUnitID,bicycle,bridge,bus,carStationWagon,cliffBank,crashDirectionDescription,crashFinancialYear,crashLocation1,crashLocation2,crashRoadSideRoad,crashSeverity,crashSHDescription,crashYear,debris,directionRoleDescription,ditch,fatalCount,fence,flatHill,guardRail,holiday,houseOrBuilding,intersection,kerb,light,meshblockId,minorInjuryCount,moped,motorcycle,NumberOfLanes,objectThrownOrDropped,otherObject,otherVehicleType,overBank,parkedVehicle,pedestrian,phoneBoxEtc,postOrPole,region,roadCharacter,roadLane,roadSurface,roadworks,schoolBus,seriousInjuryCount,slipOrFlood,speedLimit,strayAnimal,streetLight,suv,taxi,temporarySpeedLimit,tlaId,tlaName,trafficControl,trafficIsland,trafficSign,train,tree,truck,unknownVehicleType,urban,vanOrUtility,vehicle,waterRiver,weatherA,weatherB
1767624.5596,5904278.6395,825126,,524604,0,,0,2,,Null,2025/2026,MANUKAU STATION ROAD,LEYTON WAY,,Non-Injury Crash,No,2025,,East,,0,,Flat,,,,,,Overcast,780204,0,0,0,2,,,0,,,,,,Auckland Region,Nil,1-way,Sealed,,0,0,,50,,Off,0,0,,76,Auckland,Traffic Signals,,,,,1,0,Urban,0,,,Heavy rain,Null
1751520.2914,5916396.752,825160,,514900,0,,0,1,,Null,2023/2024,GREAT NORTH ROAD,BLOCKHOUSE BAY ROAD,,Minor Crash,No,2023,,South,,0,,Flat,,,,,,Overcast,384800,1,0,1,4,,,0,,,,,,Auckland Region,Nil,2-way,Sealed,,0,0,,50,,Off,0,0,,76,Auckland,Traffic Signals,,,,,0,0,Urban,0,,,Fine,Null
1767883.1463,5911923.9079,825187,,522910,0,,0,2,,Null,2025/2026,TI RAKAU DRIVE,GOSSAMER DRIVE,,Minor Crash,No,2025,,South,,0,,Flat,,,,,,Dark,687700,2,0,0,2,,,0,,,,,,Auckland Region,Nil,1-way,Sealed,,0,0,,50,,On,0,0,20,76,Auckland,Traffic Signals,,,,,0,0,Urban,0,,,Fine,Null
1757133.9317,5920725.1727,825203,,514101,0,0,0,1,0,Null,2024/2025,HOBSON STREET,WYNDHAM STREET,,Non-Injury Crash,No,2025,0,East,0,0,0,Flat,0,,0,,0,Dark,433003,0,0,0,3,0,0,0,0,0,1,0,0,Auckland Region,Nil,1-way,Sealed,0,0,0,0,30,0,On,0,1,,76,Auckland,Give way,0,0,0,0,0,0,Urban,0,1,0,Fine,Null
1759310.6865,5909997.7381,825212,,524002,0,,0,1,,East,2023/2024,MIRO ROAD,KOHANGA ROAD,,Minor Crash,No,2024,,East,,0,,Flat,,Christmas New Year,,,,Bright sun,722100,5,0,0,2,,,0,,,,,,Auckland Region,Nil,2-way,Sealed,,0,0,,50,,Off,0,0,,76,Auckland,Nil,,,,,0,0,Urban,1,,,Fine,Null
1763542.8878,5912722.4166,825220,,520500,0,,0,2,,East,2022/2023,SOUTHERN MOTORWAY,MOUNT WELLINGTON HWY ON RAMP,,Non-Injury Crash,Yes,2023,,West,,0,,Hill Road,,,,,,Twilight,637300,0,0,0,2,,,0,,,,,,Auckland Region,Motorway ramp,1-way,Sealed,,0,0,,100,,Off,0,0,,76,Auckland,Nil,,,,,0,0,Open,0,,,Light rain,Null
1751532.3732,5916424.3951,825224,,514900,0,,0,2,,Null,2022/2023,GREAT NORTH ROAD,BLOCKHOUSE BAY ROAD,,Non-Injury Crash,No,2023,,North,,0,,Flat,,,,,,Dark,384902,0,0,0,4,,,0,,,,,,Auckland Region,Nil,2-way,Sealed,,0,0,,50,,On,0,0,,76,Auckland,Traffic Signals,,,,,0,0,Urban,0,,,Heavy rain,Null
1770082.5958,5898511.694,825227,,523920,0,,0,1,,North,2024/2025,SOUTHERN MOTORWAY,WALTER STREVENS OBR,,Non-Injury Crash,Yes,2024,,North,,0,,Flat,,,,,,Overcast,767911,0,0,0,3,,,0,,,,,,Auckland Region,Nil,1-way,Sealed,,0,0,,100,,Off,0,0,,76,Auckland,Nil,,,,,0,0,Open,1,,,Light rain,Null
1755201.4958,5918523.749,825229,,515500,0,,0,1,,Null,2025/2026,GREAT NORTH ROAD,NORTHLAND STREET,,Minor Crash,No,2026,,East,,0,,Flat,,Christmas New Year,,,,Overcast,418800,1,0,0,3,,,0,,,,,,Auckland Region,Nil,2-way,Sealed,,0,0,,50,,Off,1,0,,76,Auckland,Nil,,,,,0,0,Urban,0,,,Fine,Null
1758191.5808,5919813.3553,825237,,515902,0,0,0,2,1,East,2025/2026,LOWER DOMAIN DRIVE,GRAFTON MEWS,,Non-Injury Crash,No,2025,0,North,0,0,0,Hill Road,0,,0,,0,Overcast,451400,0,0,0,2,0,0,0,0,0,,0,0,Auckland Region,Nil,2-way,Sealed,0,0,0,0,50,0,Off,0,0,,76,Auckland,Nil,0,0,0,0,0,0,Urban,0,0,0,Light rain,Null
1756663.1817,5913751.3089,825251,,518701,0,,0,2,,Null,2025/2026,WARREN AVENUE,MOUNT ALBERT ROAD,,Minor Crash,No,2025,,North,,0,,Flat,,,,,,Bright sun,568300,1,0,0,4,,,0,,,,,,Auckland Region,Nil,2-way,Sealed,,0,0,,50,,Off,0,0,,76,Auckland,Traffic Signals,,,,,0,0,Urban,0,,,Fine,Null
1754763.3765,5917800.8803,825253,,517600,0,,0,1,,Null,2025/2026,WESTERN SPRINGS ROAD,DON CROOT STREET,,Non-Injury Crash,No,2025,,South,,0,,Flat,,,,,,Dark,533700,0,0,0,2,,,0,,,,,,Auckland Region,Nil,2-way,Sealed,,0,0,,50,,Null,0,0,,76,Auckland,Nil,,,,,0,0,Urban,1,,,Fine,Null
1754886.3862,5918124.3732,825267,,517500,0,0,0,2,0,South,2025/2026,SCHOOL ROAD,FOURTH AVENUE,,Non-Injury Crash,No,2025,0,North,0,0,0,Hill Road,0,,0,,0,Bright sun,530000,0,0,0,2,0,0,0,0,1,,0,0,Auckland Region,Nil,2-way,Sealed,0,0,0,0,50,0,Off,0,0,,76,Auckland,Nil,0,0,0,0,0,0,Urban,0,0,0,Fine,Null
1756978.5841,5920714.9133,825277,,514102,1,,0,0,,Null,2025/2026,NELSON STREET,GORST LANE,,Minor Crash,No,2025,,South,,0,,Hill Road,,,,,,Bright sun,433305,1,0,0,4,,,0,,,,,,Auckland Region,Nil,1-way,Sealed,,0,0,,40,,None,1,0,,76,Auckland,Nil,,,,,0,0,Urban,0,,,Fine,Null
1770272.1937,5899005.8922,825283,,523920,0,,0,2,,North,2024/2025,GREAT SOUTH ROAD,BEAUMARIS WAY,,Non-Injury Crash,No,2025,,South,,0,,Null,,,,,,Overcast,768006,0,0,0,5,,,0,,,,,,Auckland Region,Nil,2-way,Sealed,,0,0,,50,,Null,0,0,,76,Auckland,Nil,,,,,0,0,Urban,0,,,Light rain,Null
1768497.0954,5905792.8796,825293,,523721,0,,0,2,,West,2024/2025,ISRAEL AVENUE,OTHELLO DRIVE,,Non-Injury Crash,No,2025,,West,,0,,Flat,,,,,,Dark,715505,0,0,0,2,,,0,,,,,,Auckland Region,Nil,2-way,Sealed,,0,0,,50,,On,1,0,,76,Auckland,Nil,,,,,0,0,Urban,1,,,Fine,Null
1748527.1755,5947410.2601,825309,,505806,0,0,0,2,0,South,2024/2025,NORTHERN MOTORWAY,MILLWATER PARKWAY ON RAMP,,Non-Injury Crash,Yes,2025,0,South,0,0,0,Flat,1,,0,,0,Bright sun,176604,0,0,0,4,0,0,0,0,0,,0,0,Auckland Region,Nil,2-way,Sealed,0,0,0,0,100,0,Off,0,0,,76,Auckland,Nil,0,0,0,0,0,0,Open,0,0,0,Fine,Null
1732378.7028,5907614.3292,825317,,513800,0,0,0,1,0,West,2024/2025,PIHA ROAD,KAREKARE ROAD,,Minor Crash,No,2025,0,West,0,0,0,Hill Road,0,Queens Birthday,0,,0,Bright sun,282027,1,0,0,2,0,0,0,0,0,,0,0,Auckland Region,Nil,2-way,Sealed,0,0,0,0,60,0,None,0,0,,76,Auckland,Nil,0,0,0,1,0,0,Urban,0,0,0,Fine,Null
1752987.2061,5928536.6737,825333,,508412,0,,0,1,,South,2025/2026,EASTON PARK PARADE,NOELEEN STREET,,Minor Crash,No,2025,,South,,0,,Hill Road,,,,,,Bright sun,184600,1,0,0,2,,,0,,,,,,Auckland Region,Nil,2-way,Sealed,,0,0,,50,,Null,0,0,,76,Auckland,Nil,,,,,0,0,Urban,1,,,Fine,Null
1750484.8078,5914521.1909,825347,,511303,0,0,0,0,0,East,2025/2026,GREAT NORTH ROAD,PORTAGE ROAD,,Minor Crash,No,2025,0,East,0,0,0,Flat,0,,0,,0,Dark,265700,1,0,1,2,0,0,0,0,0,,0,0,Auckland Region,Bridge,2-way,Sealed,0,0,0,0,50,0,On,0,0,,76,Auckland,Nil,0,1,0,0,0,0,Urban,0,0,0,Fine,Null
1753077.9524,5918371.092,825357,,515002,0,,0,1,,East,2025/2026,GREAT NORTH ROAD,PREMIER AVENUE,,Minor Crash,No,2025,,West,,0,,Flat,,,,,,Dark,390501,1,0,1,3,,,0,,,,,,Auckland Region,Nil,2-way,Sealed,,0,0,,50,,On,0,0,,76,Auckland,Nil,,,,,0,0,Urban,0,,,Fine,Null
1749290.2254,5914260.1206,825371,,511302,0,,0,1,,Null,2025/2026,RIMU STREET,NIKAU STREET,,Minor Crash,No,2025,,East,,0,,Flat,,,,,,Overcast,268600,1,0,0,2,,,0,,,,,,Auckland Region,Nil,2-way,Sealed,,0,0,,30,,Off,0,0,,76,Auckland,Stop,,,,,0,0,Urban,2,,,Fine,Null
1756341.3481,5920539.6088,825403,,514102,0,0,0,1,0,Null,2024/2025,VICTORIA STREET WEST,UNION STREET,,Non-Injury Crash,No,2025,0,West,0,0,0,Flat,0,,0,,0,Dark,432700,0,0,0,4,0,0,0,0,0,,0,0,Auckland Region,Speed hump,2-way,Sealed,0,0,0,0,50,0,On,0,0,,76,Auckland,Give way,0,1,0,0,0,0,Urban,0,0,0,Fine,Null
1755057.6602,5930065.4808,825411,,508420,0,,0,2,,Null,2024/2025,SUNNYNOOK ROAD,LINK DRIVE,,Non-Injury Crash,No,2025,,West,,0,,Flat,,,,,,Bright sun,183800,0,0,0,2,,,0,,,,,,Auckland Region,Nil,1-way,Sealed,,0,0,,50,,Off,0,0,,76,Auckland,Give way,,,,,0,0,Urban,0,,,Fine,Null
1751890.7356,5915930.7857,825412,,514401,0,0,0,1,0,North,2022/2023,SH 20,POWELL STREET,,Non-Injury Crash,Yes,2023,0,South,0,0,0,Flat,1,,0,,0,Dark,383802,0,0,0,3,0,0,0,0,0,,0,0,Auckland Region,Tunnel,1-way,Sealed,0,0,0,0,80,0,On,0,0,,76,Auckland,Nil,0,0,0,0,0,0,Open,0,0,0,Fine,Null
1757111.2423,5920407.8878,825416,,514102,0,0,0,2,0,South,2022/2023,FEDERAL STREET,VICTORIA STREET WEST,,Non-Injury Crash,No,2023,0,North,0,0,0,Flat,0,,0,,0,Overcast,433802,0,0,0,2,0,0,0,0,1,,0,0,Auckland Region,Nil,2-way,Sealed,0,0,0,0,30,0,None,0,1,,76,Auckland,Nil,0,0,0,0,0,0,Urban,0,0,0,Light rain,Null
1758630.3018,5912155.8307,825420,,519810,0,,0,2,,Null,2022/2023,CHURCH STREET,HILL STREET,,Non-Injury Crash,No,2023,,West,,0,,Flat,,,,,,Overcast,598900,0,0,0,2,,,0,,,,,,Auckland Region,Nil,2-way,Sealed,,0,0,,50,,Off,0,0,,76,Auckland,Stop,,,,,0,0,Urban,0,,,Light rain,Null
1768695.9627,5884206.1318,825444,,521111,0,0,0,1,0,North,2022/2023,PAERATA ROAD,HEIGHTS ROAD,,Non-Injury Crash,Yes,2023,0,South,0,0,0,Flat,1,,0,,0,Dark,813800,0,0,0,2,0,0,0,0,0,,0,0,Auckland Region,Nil,2-way,Sealed,0,0,0,0,60,0,On,0,0,,76,Auckland,Nil,0,0,0,0,0,0,Urban,0,0,0,Fine,Null
1752049.4473,5933793.2643,825461,,508701,0,,0,1,,North,2025/2026,COLISEUM DRIVE,DAIRY FLAT HIGHWAY,,Minor Crash,No,2026,,North,,0,,Flat,,,,,,Overcast,178900,1,0,0,1,,,0,,,1,,,Auckland Region,Nil,1-way,Sealed,,0,0,,50,,Off,0,0,,76,Auckland,Nil,,,,,0,0,Urban,0,,,Fine,Null
1756505.0246,5926941.1868,825464,,507900,0,0,0,2,0,North,2022/2023,NORTHERN MOTORWAY,NORTHCOTE ROAD OFF RAMP,,Minor Crash,Yes,2023,0,North,0,0,0,Flat,1,,0,,0,Overcast,303501,3,0,0,3,0,0,0,0,0,,0,0,Auckland Region,Nil,1-way,Sealed,0,0,0,0,100,0,Off,0,0,,76,Auckland,Nil,0,0,0,0,0,0,Open,1,0,0,Fine,Null
1763393.7567,5915734.5707,825467,,517202,0,,0,1,,South,2024/2025,LUNN AVENUE,ABBOTTS WAY,,Non-Injury Crash,No,2025,,North,,0,,Flat,,,,,,Bright sun,626304,0,0,0,4,,,0,,,,,,Auckland Region,Nil,2-way,Sealed,,0,0,,50,,Off,1,0,,76,Auckland,Nil,,,,,0,0,Urban,0,,,Fine,Null
1779282.3959,5914361.5582,825491,75,523300,0,0,0,1,0,North,2024/2025,WHITFORD MARAETAI ROAD,OKARORO DRIVE,,Non-Injury Crash,No,2025,0,North,0,0,1,Flat,0,,0,,0,Overcast,718900,0,0,0,2,0,0,0,0,0,,0,0,Auckland Region,Nil,2-way,Sealed,0,0,0,0,80,0,None,0,0,,76,Auckland,Nil,0,0,0,0,0,0,Open,0,0,0,Light rain,Null
1741623.2817,5913154.62,825493,,513020,0,,0,2,,West,2024/2025,FOREST HILL ROAD,KELLYS ROAD,,Non-Injury Crash,No,2025,,East,,0,,Hill Road,,,,,,Overcast,280302,0,0,0,2,,,0,,,,,,Auckland Region,Nil,2-way,Sealed,,0,0,,50,,Off,0,0,,76,Auckland,Nil,,,,,0,0,Urban,0,,,Fine,Null
1766714.168,5902712.6005,825507,,524604,0,,0,2,,Null,2024/2025,KERRS ROAD,DALGETY DRIVE,,Non-Injury Crash,No,2025,,West,,0,,Flat,,Christmas New Year,,,,Overcast,780403,0,0,0,2,,,0,,,,,,Auckland Region,Nil,2-way,Sealed,,0,0,,50,,None,0,0,,76,Auckland,Traffic Signals,,,,,0,0,Urban,0,,,Fine,Null
1761658.6109,5917312.2961,825509,,516202,0,0,0,3,0,South,2025/2026,LUCERNE ROAD,BENSON ROAD,,Non-Injury Crash,No,2025,0,North,0,0,0,Hill Road,0,,0,,0,Dark,488100,0,0,0,2,0,0,0,0,2,1,0,0,Auckland Region,Nil,2-way,Sealed,0,0,0,0,50,0,On,0,0,,76,Auckland,Nil,0,0,0,0,0,0,Urban,0,0,0,Fine,Null
1754324.9618,5918333.3267,825512,,515432,0,0,0,2,0,East,2022/2023,NORTH-WESTERN MOTORWAY,ST LUKES ROAD OFF RAMP,,Minor Crash,Yes,2023,0,West,0,0,0,Flat,1,,0,,0,Dark,406202,1,0,0,4,0,0,0,0,0,,0,0,Auckland Region,Nil,1-way,Sealed,0,0,0,0,80,0,On,0,0,,76,Auckland,Nil,0,0,0,0,0,0,Open,0,0,0,Light rain,Null
1799455.8202,5904222.7101,825547,,525202,0,,0,0,,West,2025/2026,ORERE-MATINGARAHI ROAD,DEERYS ROAD,,Serious Crash,No,2025,,East,,0,,Hill Road,,Christmas New Year,,,,Bright sun,765200,0,0,0,2,,,0,,,,,,Auckland Region,Nil,2-way,Sealed,,0,1,,60,,None,0,0,,76,Auckland,Nil,,,,,0,0,Urban,0,,,Fine,Null
1758231.7976,5927504.6029,825555,,508010,0,0,0,1,0,North,2025/2026,HURSTMERE ROAD,THE STRAND,,Non-Injury Crash,No,2025,0,North,0,0,0,Null,0,,0,,0,Bright sun,326204,0,0,0,2,0,0,0,0,1,,0,0,Auckland Region,Nil,2-way,Sealed,0,0,0,0,30,0,Null,1,0,,76,Auckland,Nil,0,0,0,0,0,0,Urban,0,0,0,Fine,Null
1746381.9579,5913913.8419,825556,,511002,0,,0,2,,South,2022/2023,WOODGLEN ROAD,WEST COAST ROAD,,Non-Injury Crash,No,2023,,North,,0,,Flat,,,,,,Dark,283100,0,0,0,2,,,0,,,,,,Auckland Region,Nil,2-way,Sealed,,0,0,,50,,On,0,0,,76,Auckland,Nil,,,,,0,0,Urban,0,,,Fine,Null
1760085.0451,5915566.4988,825571,,519400,0,,0,2,,Null,2025/2026,ATARANGI ROAD,GREAT SOUTH ROAD,,Non-Injury Crash,No,2025,,North,,0,,Flat,,,,,,Dark,617100,0,0,0,4,,,0,,,,,,Auckland Region,Nil,2-way,Sealed,,0,0,,50,,On,0,0,,76,Auckland,Give way,,,,,0,0,Urban,0,,,Fine,Null
1769569.4512,5901937.3675,825579,,523814,0,,0,1,,South,2024/2025,HILL ROAD-MANUREWA OFF RAMP,SOUTHERN MOTORWAY,,Non-Injury Crash,No,2025,,South,,0,,Hill Road,,,,,,Twilight,760702,0,0,0,2,,,0,,,,,,Auckland Region,Nil,1-way,Sealed,,0,0,,100,,On,0,0,,76,Auckland,Nil,,,,,0,0,Open,1,,,Fine,Null
1768578.7962,5909510.5733,825595,,523113,0,0,0,1,0,South,2024/2025,SPRINGS ROAD,SMALES ROAD,,Fatal Crash,No,2025,0,South,0,1,0,Flat,0,,0,,0,Dark,711809,0,0,0,4,0,0,0,0,0,,0,1,Auckland Region,Nil,2-way,Sealed,0,0,0,0,60,0,On,0,0,,76,Auckland,Nil,0,0,0,0,0,0,Urban,0,0,0,Fine,Null
1764624.2366,5905653.4052,825605,,522100,0,0,0,2,0,South,2025/2026,WYLLIE ROAD,KENDERDINE ROAD,,Non-Injury Crash,No,2025,0,North,0,0,1,Hill Road,0,,0,,0,Bright sun,657800,0,0,0,2,0,0,0,0,1,,0,0,Auckland Region,Nil,2-way,Sealed,0,0,0,0,50,0,Off,0,0,,76,Auckland,Nil,0,0,0,1,0,0,Urban,0,0,0,Fine,Null
1754872.3476,5931776.9946,825611,,508805,0,,0,1,,Null,2024/2025,CONSTELLATION DRIVE,PARKWAY DRIVE,,Non-Injury Crash,No,2025,,South,,0,,Flat,,,,,,Twilight,180826,0,0,0,4,,,0,,,,,,Auckland Region,Nil,2-way,Sealed,,0,0,,50,,Off,0,0,,76,Auckland,Give way,,,,,0,0,Urban,1,,,Light rain,Null
1770096.028,5910623.0479,825619,,523113,0,,0,2,,Null,2025/2026,TE IRIRANGI DRIVE,LEIXLEP LANE,,Minor Crash,No,2025,,North,,0,,Flat,,,,,,Dark,711742,2,0,0,2,,,0,,,,,,Auckland Region,Nil,1-way,Sealed,,0,0,,80,,On,0,0,,76,Auckland,Traffic Signals,,,,,0,0,Open,0,,,Fine,Null
1764295.0754,5914149.1849,825637,,520602,0,0,0,2,0,North,2025/2026,IRELAND ROAD,TIDE CLOSE,,Non-Injury Crash,No,2025,0,South,0,0,0,Flat,0,,0,,0,Overcast,629100,0,0,0,2,0,0,0,0,2,,0,0,Auckland Region,Nil,2-way,Sealed,0,0,0,0,50,0,Off,1,0,,76,Auckland,Nil,0,0,0,0,0,0,Urban,0,0,0,Light rain,Null
1754286.3181,5931122.063,825643,,508520,0,,0,2,,North,2024/2025,NORTHERN MOTORWAY,SUNSET OBR,,Non-Injury Crash,Yes,2024,,South,,0,,Hill Road,,,,,,Dark,191101,0,0,0,2,,,0,,,,,,Auckland Region,Nil,1-way,Sealed,,0,0,,100,,On,0,0,,76,Auckland,Nil,,,,,0,0,Open,0,,,Fine,Null
1743992.1785,5894665.5812,825666,,521151,0,0,0,0,0,West,2024/2025,AWHITU CENTRAL ROAD,TRAM GULLY ROAD,,Serious Crash,No,2025,0,North,1,0,0,Hill Road,0,,0,,0,Dark,829500,0,0,0,2,0,0,0,0,0,,0,0,Auckland Region,Nil,2-way,Sealed,0,0,1,0,60,0,None,0,0,,76,Auckland,Nil,0,0,0,0,0,0,Urban,2,0,0,Fine,Null
1745293.1833,5919633.9269,825676,,513301,0,,0,1,,South,2025/2026,LINCOLN ROAD,UNIVERSAL DRIVE,,Non-Injury Crash,No,2025,,North,,0,,Flat,,,,,,Dark,232001,0,0,0,5,,,0,,,,,,Auckland Region,Nil,2-way,Sealed,,0,0,,50,,Null,0,0,,76,Auckland,Nil,,,,,1,0,Urban,0,,,Fine,Null
1770020.6799,5914301.696,825682,,522722,0,0,0,1,0,Null,2024/2025,ABERFELDY AVENUE,GLENSHEE PLACE,,Non-Injury Crash,No,2025,0,North,0,0,0,Flat,0,,0,,0,Dark,681325,0,0,0,2,0,0,0,0,1,,0,0,Auckland Region,Nil,2-way,Sealed,0,0,0,0,50,0,On,1,0,,76,Auckland,Nil,0,0,0,0,0,0,Urban,0,0,0,Mist or Fog,Null
1770510.992,5894811.9526,825708,,521201,0,,0,0,,Null,2025/2026,HINGAIA ROAD,KUHANUI DRIVE,,Minor Crash,No,2025,,West,,0,,Flat,,,,,,Bright sun,806602,1,0,1,4,,,0,,,,,,Auckland Region,Nil,2-way,Sealed,,0,0,,50,,Off,0,0,,76,Auckland,Traffic Signals,,,,,0,0,Urban,1,,,Fine,Null
1770348.4528,5898943.7859,825732,,523911,0,,0,1,,Null,2025/2026,MANUROA ROAD,GREAT SOUTH ROAD,,Non-Injury Crash,No,2026,,South,,0,,Flat,,,,,,Bright sun,768200,0,0,0,2,,,0,,,,,,Auckland Region,Nil,2-way,Sealed,,0,0,,50,,Off,0,0,,76,Auckland,Give way,,,,,0,0,Urban,1,,,Fine,Null
1768334.9255,5899352.2009,825754,,525102,0,,0,2,,Null,2024/2025,MAHIA ROAD,THOMPSON TERRACE,,Non-Injury Crash,No,2025,,West,,0,,Flat,,,,,,Bright sun,769401,0,0,0,2,,,0,,,,,,Auckland Region,Nil,2-way,Sealed,,0,0,,50,,Off,0,0,,76,Auckland,Give way,,,,,0,0,Urban,0,,,Fine,Null
1770169.749,5909161.9667,825778,,523114,0,,0,1,,Null,2025/2026,CHAPEL ROAD,BANVILLE ROAD,,Non-Injury Crash,No,2025,,East,,0,,Flat,,,,,,Bright sun,712136,0,0,0,2,,,0,,,,,,Auckland Region,Nil,2-way,Sealed,,0,0,,50,,Off,1,0,,76,Auckland,Give way,,,,,0,0,Urban,0,,,Fine,Null
1744229.2314,5915842.6317,825783,,513012,1,,0,0,,Null,2022/2023,BORDER ROAD,LENDIC AVENUE,,Serious Crash,No,2023,,South,,0,,Flat,,,,,,Bright sun,280908,0,0,0,2,,,0,,,,,,Auckland Region,Nil,2-way,Sealed,,0,1,,50,,Off,0,0,,76,Auckland,Give way,,,,,0,0,Urban,0,,,Fine,Null
1766367.671,5907391.5009,825786,,522302,0,,0,2,,South,2024/2025,SOUTHERN MOTORWAY,EAST TAMAKI OBR,,Non-Injury Crash,Yes,2025,,North,,0,,Flat,,,,,,Bright sun,667700,0,0,0,3,,,0,,,,,,Auckland Region,Nil,1-way,Sealed,,0,0,,100,,Off,0,0,,76,Auckland,Nil,,,,,0,0,Open,0,,,Fine,Null
1775797.8508,5885530.4856,825787,,521132,0,0,0,1,0,South,2022/2023,SOUTHERN MOTORWAY,RAMARAMA OFF RAMP,,Non-Injury Crash,Yes,2023,0,North,0,0,0,Flat,1,,0,,0,Overcast,814100,0,0,0,2,0,0,0,0,0,,0,0,Auckland Region,Nil,1-way,Sealed,0,0,0,0,100,0,Off,0,0,,76,Auckland,Nil,0,0,0,0,0,0,Open,0,0,0,Heavy rain,Strong wind
1770079.6045,5915665.4817,825796,,522711,0,,0,2,,Null,2024/2025,GILLS ROAD,BUCKLANDS BEACH ROAD,,Non-Injury Crash,No,2024,,South,,0,,Null,,,,,,Overcast,679309,0,0,0,1,,,0,,,,,,Auckland Region,Nil,1-way,Sealed,,0,0,,50,,Null,0,0,,76,Auckland,Give way,,,,,0,0,Urban,0,,,Null,Null
1755838.2914,5925511.8846,825802,,509702,0,0,0,1,0,East,2025/2026,EXMOUTH ROAD,DUDDING AVENUE,,Non-Injury Crash,No,2025,0,West,0,0,0,Flat,0,,0,,0,Bright sun,366201,0,0,0,2,0,0,0,0,1,,0,0,Auckland Region,Nil,2-way,Sealed,0,0,0,0,50,0,Off,0,0,,76,Auckland,Nil,0,0,0,0,0,0,Urban,1,0,0,Fine,Null
1753565.4551,5927949.8774,825810,,508210,0,,0,2,,Null,2025/2026,GLENFIELD ROAD,KAIPATIKI ROAD,,Non-Injury Crash,No,2025,,South,,0,,Null,,,,,,Dark,186500,0,0,0,2,,,0,,,,,,Auckland Region,Nil,1-way,Sealed,,0,0,,50,,On,0,0,,76,Auckland,Give way,,,,,0,0,Urban,0,,,Fine,Null
1740927.823,5911583.9026,825812,45,512902,0,0,0,0,0,West,2024/2025,WEST COAST ROAD,TUI CRESCENT,,Non-Injury Crash,No,2024,0,West,1,0,0,Hill Road,0,,0,,0,Dark,279201,0,0,0,2,0,0,0,0,0,,0,0,Auckland Region,Nil,2-way,Sealed,0,0,0,0,60,0,Off,0,0,,76,Auckland,Nil,0,0,0,0,0,0,Urban,1,0,0,Fine,Null
1771466.0054,5907532.985,825820,,523713,0,,1,1,,South,2024/2025,MURPHYS ROAD,BIRCHLANDS ROAD,,Non-Injury Crash,No,2024,,North,,0,,Flat,,,,,,Unknown,712500,0,0,0,2,,,0,,,,,,Auckland Region,Nil,2-way,Sealed,,0,0,,50,,Off,0,0,,76,Auckland,Nil,,,,,0,0,Urban,0,,,Fine,None
1756491.6502,5920026.4198,825826,,514000,0,,0,1,,North,2024/2025,NORTHERN MOTORWAY,WELLINGTON OBR,,Non-Injury Crash,Yes,2025,,North,,0,,Hill Road,,,,,,Overcast,417400,0,0,1,3,,,0,,,,,,Auckland Region,Nil,1-way,Sealed,,0,0,,80,,Off,0,0,,76,Auckland,Nil,,,,,0,0,Open,0,,,Fine,Null
1744951.0229,5909681.7682,825834,,512700,0,,0,1,,West,2024/2025,HUIA ROAD,WOODLANDS PARK ROAD,,Non-Injury Crash,No,2024,,North,,0,,Hill Road,,,,,,Overcast,301700,0,0,0,2,,,0,,,,,,Auckland Region,Nil,2-way,Sealed,,0,0,,50,,Null,0,0,,76,Auckland,Nil,,,,,0,0,Urban,0,,,Light rain,Null
1743430.884,5920530.9361,825843,,513622,0,0,0,1,0,East,2022/2023,JEZERO DRIVE,KARIKA PLACE,,Minor Crash,No,2023,0,East,0,0,0,Flat,0,,0,,0,Bright sun,226800,1,0,0,2,0,0,0,0,2,,0,0,Auckland Region,Nil,2-way,Sealed,0,0,0,0,50,0,Off,2,0,,76,Auckland,Nil,0,0,0,0,0,0,Urban,0,0,0,Fine,Null
1753502.872,5927969.9325,825847,,508210,0,,1,1,,North,2022/2023,KAIPATIKI ROAD,GLENFIELD ROAD,,Minor Crash,No,2023,,South,,0,,Flat,,,,,,Bright sun,186800,1,0,0,2,,,0,,,,,,Auckland Region,Nil,2-way,Sealed,,0,0,,50,,Off,0,0,,76,Auckland,Nil,,,,,0,0,Urban,0,,,Fine,Null
1756966.2701,5920278.4847,825850,,514102,0,,0,0,,South,2024/2025,HOBSON STREET,WELLESLEY STREET WEST,,Non-Injury Crash,No,2025,,South,,0,,Flat,,,,,,Dark,434200,0,0,0,4,,,0,,,1,,,Auckland Region,Nil,1-way,Sealed,,0,0,,40,,On,1,0,,76,Auckland,Nil,,,,,0,0,Urban,0,,,Heavy rain,Null
1761063.2384,5914370.5702,825851,,520202,0,,0,1,,Null,2022/2023,GREAT SOUTH ROAD,ELLERSLIE-PANMURE HIGHWAY,,Minor Crash,No,2023,,South,,0,,Flat,,,,,,Dark,612200,1,0,0,4,,,0,,,,,,Auckland Region,Nil,2-way,Sealed,,0,0,,50,,On,0,0,,76,Auckland,Give way,,,,,1,0,Urban,0,,,Light rain,Null