X,Y,OBJECTID,advisorySpeed,areaUnitID,bicycle,bridge,bus,carStationWagon,cliffBank,crashDirectionDescription,crashFinancialYear,crashLocation1,crashLocation2,crashRoadSideRoad,crashSeverity,crashSHDescription,crashYear,debris,directionRoleDescription,ditch,fatalCount,fence,flatHill,guardRail,holiday,houseOrBuilding,intersection,kerb,light,meshblockId,minorInjuryCount,moped,motorcycle,NumberOfLanes,objectThrownOrDropped,otherObject,otherVehicleType,overBank,parkedVehicle,pedestrian,phoneBoxEtc,postOrPole,region,roadCharacter,roadLane,roadSurface,roadworks,schoolBus,seriousInjuryCount,slipOrFlood,speedLimit,strayAnimal,streetLight,suv,taxi,temporarySpeedLimit,tlaId,tlaName,trafficControl,trafficIsland,trafficSign,train,tree,truck,unknownVehicleType,urban,vanOrUtility,vehicle,waterRiver,weatherA,weatherB
1761766.9332,5920009.11,825859,,516400,0,,0,0,,South,2022/2023,TAMAKI DRIVE,OKAHU STREET,,Minor Crash,No,2023,,West,,0,,Flat,,,,,,Twilight,498900,1,0,1,3,,,0,,,,,,Auckland Region,Nil,2-way,Sealed,,0,0,,50,,On,0,0,,76,Auckland,Nil,,,,,0,0,Urban,0,,,Heavy rain,Null
1736812.8374,5981983.8873,825866,,505300,0,0,0,2,0,South,2025/2026,RODNEY STREET,PORT ALBERT ROAD,,Non-Injury Crash,Yes,2025,0,South,0,0,0,Flat,0,,0,,0,Bright sun,143600,0,0,0,2,0,0,0,0,1,,0,0,Auckland Region,Nil,2-way,Sealed,0,0,0,0,50,0,Off,0,0,,76,Auckland,Nil,0,0,0,0,0,0,Urban,0,0,0,Fine,Null
1754899.257,5928311.6459,825882,,508320,0,0,0,1,0,North,2025/2026,BRUCE ROAD,MARCEL PLACE,,Non-Injury Crash,No,2025,0,South,0,0,0,Flat,0,,0,,0,Bright sun,199002,0,0,0,2,0,0,0,0,1,,0,0,Auckland Region,Nil,2-way,Sealed,0,0,0,0,50,0,Null,0,0,,76,Auckland,Nil,0,0,0,0,0,0,Urban,1,0,0,Fine,Null
1764603.8602,5911852.9743,825891,,520500,0,,0,1,,North,2023/2024,SOUTHERN MOTORWAY,EAST WEST LINK OFF RAMP,,Minor Crash,Yes,2023,,North,,0,,Flat,,,,,,Bright sun,639500,2,0,0,3,,,0,,,,,,Auckland Region,Nil,1-way,Sealed,,0,0,,100,,None,1,0,,76,Auckland,Nil,,,,,1,0,Open,0,,,Fine,Null
1761375.1597,5919564.1805,825892,35,516400,0,0,0,1,1,North,2025/2026,NGAPIPI ROAD,PARITAI DRIVE,,Non-Injury Crash,No,2025,0,North,0,0,0,Flat,0,,0,,0,Dark,497000,0,0,0,2,0,0,0,0,0,,0,1,Auckland Region,Nil,2-way,Sealed,0,0,0,0,50,0,On,0,0,,76,Auckland,Nil,0,1,0,0,0,0,Urban,0,0,0,Light rain,Null
1747196.5989,5920571.7192,825900,,512300,0,0,0,3,0,Null,2024/2025,GLORIA AVENUE,TE ATATU ROAD,,Non-Injury Crash,No,2025,0,East,0,0,0,Hill Road,0,,0,,0,Dark,252000,0,0,0,2,0,0,0,0,1,,0,0,Auckland Region,Nil,2-way,Sealed,0,0,0,0,50,0,On,0,0,,76,Auckland,Give way,0,0,0,0,0,0,Urban,0,0,0,Fine,Null
1746764.4286,5917603.1482,825903,,512500,0,0,0,1,0,Null,2023/2024,TE ATATU ROAD,MCLEOD ROAD,,Minor Crash,No,2023,0,South,0,0,0,Flat,0,,0,,0,Bright sun,258200,1,0,0,4,0,0,0,0,0,,0,1,Auckland Region,Nil,2-way,Sealed,0,0,0,0,50,0,Off,0,0,,76,Auckland,Traffic Signals,0,0,0,0,0,0,Urban,0,0,0,Fine,Null
1768499.2021,5900891.9267,825908,,525001,0,,0,1,,Null,2024/2025,LUPTON ROAD,SELWYN ROAD,,Non-Injury Crash,No,2025,,North,,0,,Flat,,,,,,Dark,752000,0,0,0,2,,,0,,,,,,Auckland Region,Nil,2-way,Sealed,,0,0,,50,,On,1,0,,76,Auckland,Give way,,,,,0,0,Urban,0,,,Fine,Null
1758856.3178,5906740.6579,825930,,524200,0,0,0,1,0,Null,2024/2025,ASCOT ROAD,RICHARD PEARSE DRIVE,,Non-Injury Crash,No,2025,0,East,0,0,0,Flat,0,,0,,0,Dark,726400,0,0,0,3,0,0,0,0,0,,0,0,Auckland Region,Nil,2-way,Sealed,0,0,0,0,50,0,On,0,0,30,76,Auckland,Traffic Signals,0,1,0,0,0,0,Urban,0,0,0,Fine,Null
1765040.1364,5908254.3364,825932,,523404,0,0,0,1,0,East,2025/2026,BAIRDS ROAD,GREAT SOUTH ROAD,,Non-Injury Crash,No,2025,0,East,0,0,0,Flat,0,,0,,0,Dark,696701,0,0,0,2,0,0,0,0,0,,0,0,Auckland Region,Nil,2-way,Sealed,0,0,0,0,50,0,On,0,0,,76,Auckland,Nil,0,0,0,1,0,0,Urban,0,0,0,Heavy rain,Null
1769605.7781,5908544.116,825940,,523113,0,0,0,1,0,Null,2024/2025,TE IRIRANGI DRIVE,ACCENT DRIVE,,Non-Injury Crash,No,2025,0,North,0,0,0,Flat,0,,0,,0,Dark,711902,0,0,0,2,0,0,0,0,0,,0,0,Auckland Region,Nil,1-way,Sealed,0,0,0,0,60,0,On,0,0,,76,Auckland,Traffic Signals,0,1,0,0,0,0,Urban,0,0,0,Fine,Strong wind
1766704.8322,5900866.9329,825943,,524711,0,0,0,2,0,Null,2022/2023,WORDSWORTH ROAD,ROWANDALE AVENUE,,Non-Injury Crash,No,2023,0,East,0,0,0,Flat,0,,0,,0,Overcast,774801,0,0,0,2,0,0,0,0,0,,0,0,Auckland Region,Speed hump,2-way,Sealed,0,0,0,0,50,0,Off,0,0,,76,Auckland,Give way,0,1,0,0,0,0,Urban,0,0,0,Light rain,Null
1737039.4674,5932763.4228,825951,45,506653,0,0,0,0,0,East,2023/2024,OLD NORTH ROAD,ARARIMU VALLEY ROAD,,Minor Crash,No,2024,0,East,1,0,0,Hill Road,0,Christmas New Year,0,,0,Bright sun,217000,1,0,1,2,0,0,0,0,0,,0,0,Auckland Region,Nil,2-way,Sealed,0,0,0,0,80,0,Off,0,0,,76,Auckland,Nil,0,0,0,0,0,0,Open,0,0,0,Fine,Null
1770550.4721,5898730.5755,825959,,523920,0,,0,3,,Null,2022/2023,GREAT SOUTH ROAD,MARU ROAD,,Non-Injury Crash,No,2023,,North,,0,,Flat,,,,,,Overcast,768008,0,0,0,2,,,0,,,,,,Auckland Region,Nil,2-way,Sealed,,0,0,,50,,Off,0,0,,76,Auckland,Give way,,,,,0,0,Urban,0,,,Fine,Null
1744654.0956,5919804.398,825967,,513301,0,0,0,1,0,Null,2023/2024,UNIVERSAL DRIVE,RATHGAR ROAD,,Minor Crash,No,2023,0,West,0,0,0,Flat,0,,0,,0,Overcast,234401,1,0,0,2,0,0,0,0,0,,0,1,Auckland Region,Speed hump,2-way,Sealed,0,0,0,0,50,0,Off,0,0,,76,Auckland,Give way,0,0,0,0,0,0,Urban,0,0,0,Light rain,Null
1767778.5563,5905073.9484,825975,,523722,0,,0,1,,Null,2022/2023,TE IRIRANGI DRIVE,TE IRIRANGI DRIVE OFF RAMP,,Non-Injury Crash,No,2023,,West,,0,,Flat,,,,,,Bright sun,715801,0,0,0,5,,,0,,,,,,Auckland Region,Overpass,2-way,Sealed,,0,0,,60,,None,0,0,,76,Auckland,Traffic Signals,,,,,0,0,Urban,1,,,Fine,Null
1760544.8575,5915230.6481,825978,,520202,0,0,0,2,0,East,2024/2025,MAIN HIGHWAY,WALPOLE STREET,,Non-Injury Crash,No,2024,0,North,0,0,0,Flat,0,,0,,0,Twilight,613300,0,0,0,2,0,0,0,0,1,,0,0,Auckland Region,Nil,2-way,Sealed,0,0,0,0,50,0,On,0,0,,76,Auckland,Nil,0,0,0,0,0,0,Urban,0,0,0,Fine,None
1752562.2389,5916918.0731,825980,,517800,0,,0,1,,Null,2024/2025,CARRINGTON ROAD,WOODWARD ROAD,,Non-Injury Crash,No,2025,,South,,0,,Flat,,,,,,Bright sun,525500,0,0,0,2,,,0,,,,,,Auckland Region,Nil,2-way,Sealed,,0,0,,50,,On,0,0,,76,Auckland,Nil,,,,,0,0,Urban,1,,,Null,Null
1749947.3845,5913819.7945,825992,,511303,0,,1,1,,Null,2022/2023,CLARK STREET,RANKIN AVENUE,,Minor Crash,No,2023,,South,,0,,Flat,,,,,,Overcast,264904,1,0,0,4,,,0,,,,,,Auckland Region,Nil,2-way,Sealed,,0,0,,30,,Off,0,0,,76,Auckland,Give way,,,,,0,0,Urban,0,,,Heavy rain,Null
1765793.5325,5918099.5352,826007,,516900,0,0,0,1,0,North,2022/2023,ASHBY AVENUE,WEST TAMAKI ROAD,,Non-Injury Crash,No,2023,0,South,0,0,0,Hill Road,0,,0,,0,Overcast,467800,0,0,0,2,0,0,0,0,1,,0,0,Auckland Region,Nil,2-way,Sealed,0,0,0,0,50,0,Off,1,0,,76,Auckland,Nil,0,0,0,0,0,0,Urban,0,0,0,Light rain,Null
1751677.7214,5928283.0397,826018,,508412,0,0,0,1,0,West,2024/2025,MANUKA ROAD,LYNN ROAD,,Non-Injury Crash,No,2024,0,East,0,0,0,Null,0,,0,,0,Unknown,185301,0,0,0,2,0,0,0,0,1,,0,0,Auckland Region,Nil,2-way,Sealed,0,0,0,0,50,0,Null,0,0,,76,Auckland,Nil,0,0,0,0,0,0,Urban,0,0,0,Fine,Null
1769041.7062,5915632.9702,826026,45,522730,0,0,0,2,0,Null,2025/2026,PRINCE REGENT DRIVE,ANNA WATSON ROAD,,Non-Injury Crash,No,2025,0,North,0,0,0,Hill Road,0,,0,,0,Overcast,679600,0,0,0,2,0,0,0,0,1,,0,0,Auckland Region,Nil,2-way,Sealed,0,0,0,0,50,0,Off,0,0,,76,Auckland,Nil,0,0,0,0,0,0,Urban,0,0,0,Light rain,Null
1765414.9637,5913907.1899,826042,,520602,0,,1,0,,Null,2025/2026,SOUTH EASTERN BUSWAY,CHURCH CRESCENT,,Serious Crash,No,2025,,North,,0,,Flat,,,,,,Bright sun,629400,0,0,0,4,,,0,,,1,,,Auckland Region,Nil,2-way,Sealed,,0,1,,50,,Off,0,0,,76,Auckland,Traffic Signals,,,,,0,0,Urban,0,,,Fine,Null
1769934.7131,5901949.0346,826044,,523814,0,,0,1,,East,2025/2026,"HILL ROAD, HILLPARK, AUCKLAND 2102",NORM PELLOW DRIVE,,Non-Injury Crash,No,2025,,West,,0,,Flat,,,,,,Bright sun,759514,0,0,0,2,,,1,,,,,,Auckland Region,Nil,2-way,Sealed,,0,0,,50,,Off,0,0,,76,Auckland,Nil,,,,,1,0,Urban,0,,,Fine,Null
1757250.402,5912461.1321,826052,,518702,0,,0,2,,East,2024/2025,SOUTH-WESTERN MOTORWAY,HILLSBOROUGH ROAD ON RAMP,,Non-Injury Crash,Yes,2025,,South,,0,,Hill Road,,,,,,Dark,570300,0,0,0,3,,,0,,,,,,Auckland Region,Nil,1-way,Sealed,,0,0,,100,,On,0,0,,76,Auckland,Nil,,,,,1,0,Open,0,,,Light rain,Null
1763358.8689,5919971.5913,826076,,516500,0,0,0,2,0,North,2024/2025,NIHILL CRESCENT,CULLWICK ROAD,,Non-Injury Crash,No,2024,0,South,0,0,0,Hill Road,0,,0,,0,Twilight,502300,0,0,0,2,0,0,0,0,1,,0,0,Auckland Region,Nil,2-way,Sealed,0,0,0,0,50,0,On,0,0,,76,Auckland,Nil,0,0,0,0,0,0,Urban,0,0,0,Light rain,Null
1745946.0263,5920431.021,826122,,513301,0,,0,2,,East,2025/2026,NORTH-WESTERN MOTORWAY,LINCOLN ROAD ON RAMP,,Non-Injury Crash,Yes,2025,,East,,0,,Flat,,,,,,Dark,230200,0,0,0,3,,,0,,,,,,Auckland Region,Nil,1-way,Sealed,,0,0,,100,,On,0,0,,76,Auckland,Nil,,,,,0,0,Open,0,,,Fine,Null
1753523.1781,5970692.1877,826154,35,506631,0,0,0,1,0,Null,2025/2026,SANDSPIT ROAD,CREEK STREET,,Non-Injury Crash,No,2025,0,North,0,0,0,Hill Road,0,,0,,0,Bright sun,141508,0,0,0,2,0,0,0,0,0,,0,1,Auckland Region,Nil,2-way,Sealed,0,0,0,0,50,0,Off,0,0,,76,Auckland,Give way,0,0,0,0,0,0,Urban,0,0,0,Fine,Null
1760026.9374,5916046.0408,826162,,516002,0,,0,1,,East,2025/2026,GREEN LANE EAST OFF RAMP,SOUTHERN MOTORWAY,,Non-Injury Crash,No,2025,,East,,0,,Null,,,,,,Overcast,492100,0,0,0,1,,,0,,,,,,Auckland Region,Nil,1-way,Sealed,,0,0,,50,,Null,0,0,,76,Auckland,Nil,,,,,0,0,Urban,1,,,Light rain,Null
1758270.7699,5916884.5878,826175,,515700,0,,0,2,,Null,2022/2023,MANUKAU ROAD,MOUNT ST JOHN AVENUE,,Non-Injury Crash,No,2023,,South,,0,,Flat,,,,,,Overcast,457900,0,0,0,4,,,0,,,,,,Auckland Region,Nil,2-way,Sealed,,0,0,,50,,Off,0,0,,76,Auckland,Give way,,,,,0,0,Urban,0,,,Fine,Null
1749712.2604,5916502.9936,826186,,514801,0,,0,0,,Null,2024/2025,MEAD STREET,WATERTON PLACE,,Non-Injury Crash,No,2025,,East,,0,,Null,,,,,,Overcast,388900,0,0,0,2,,,0,,,,,,Auckland Region,Nil,2-way,Sealed,,0,0,,50,,Null,2,0,,76,Auckland,Nil,,,,,0,0,Urban,0,,,Fine,Null
1743618.2117,5917191.0962,826188,,513220,0,,0,0,,Null,2025/2026,SUMMERLAND DRIVE,CHADLINGTON AVENUE,,Non-Injury Crash,No,2025,,North,,0,,Flat,,,,,,Bright sun,236812,0,0,0,2,,,0,,,,,,Auckland Region,Nil,2-way,Sealed,,0,0,,50,,Off,2,0,,76,Auckland,Give way,,,,,0,0,Urban,0,,,Fine,Null
1765408.3741,5899550.4355,826195,,524822,0,0,0,1,0,North,2022/2023,FINLAYSON AVENUE,PALMERS ROAD,,Non-Injury Crash,No,2023,0,South,0,0,0,Flat,0,Easter,0,,0,Dark,774422,0,0,0,2,0,0,0,0,0,,0,0,Auckland Region,Speed hump,2-way,Sealed,0,0,0,0,30,0,On,0,0,,76,Auckland,Nil,0,1,0,0,0,0,Urban,0,0,0,Fine,Null
1755807.1152,5926631.8571,826196,,508620,1,,0,1,,North,2025/2026,NORTHCOTE ROAD,OCEAN VIEW ROAD,,Minor Crash,No,2025,,North,,0,,Flat,,,,,,Bright sun,363400,1,0,0,3,,,0,,,,,,Auckland Region,Nil,2-way,Sealed,,0,0,,50,,Off,0,0,,76,Auckland,Nil,,,,,0,0,Urban,0,,,Fine,Null
1774549.8625,5896154.3478,826199,,525610,0,0,0,1,0,East,2023/2024,MCENTEE STREET,PROSPER WAY,,Non-Injury Crash,No,2023,0,South,0,0,1,Flat,0,,0,,1,Overcast,798902,0,0,0,2,0,0,0,0,0,,0,0,Auckland Region,Nil,2-way,Sealed,0,0,0,0,50,0,Off,0,0,,76,Auckland,Nil,0,0,0,0,0,0,Urban,0,0,0,Light rain,Null
1765426.3999,5901943.6868,826202,,524604,0,,0,2,,South,2023/2024,ROSCOMMON ROAD,KIWI TAMAKI ROAD,,Non-Injury Crash,No,2024,,North,,0,,Flat,,,,,,Overcast,781200,0,0,0,5,,,0,,,,,,Auckland Region,Nil,2-way,Sealed,,0,0,,60,,Off,0,0,,76,Auckland,Nil,,,,,0,0,Urban,0,,,Fine,None
1756628.3189,5919236.366,826207,,514200,0,,0,2,,South,2023/2024,NORTHERN TO PORT MOTORWAY,SOUTHERN MOTORWAY,,Serious Crash,Yes,2023,,North,,0,,Flat,,,,,,Dark,411900,0,0,0,1,,,0,,,,,,Auckland Region,Motorway ramp,1-way,Sealed,,0,1,,80,,On,0,0,,76,Auckland,Nil,,,,,0,0,Open,0,,,Fine,Null
1757489.7187,5918680.6827,826210,,514302,0,,0,0,,North,2024/2025,SOUTHERN MOTORWAY,KHYBER PASS OBR,,Non-Injury Crash,Yes,2024,,North,,0,,Flat,,,,,,Bright sun,442500,0,0,0,4,,,0,,,,,,Auckland Region,Nil,1-way,Sealed,,0,0,,80,,Off,0,0,,76,Auckland,Nil,,,,,0,0,Open,2,,,Fine,Null
1765444.8234,5914492.6,826215,,520602,0,0,0,2,0,Null,2022/2023,QUEENS ROAD,KINGS ROAD,,Non-Injury Crash,No,2023,0,East,0,0,0,Flat,0,,0,,0,Twilight,628800,0,0,0,2,0,0,0,0,1,,0,0,Auckland Region,Nil,2-way,Sealed,0,0,0,0,50,0,Off,0,0,,76,Auckland,Give way,0,0,0,1,0,0,Urban,0,0,0,Fine,Null
1762697.4159,5912922.1369,826219,,520500,0,0,0,1,0,Null,2023/2024,SOUTH-EASTERN HIGHWAY,SOUTH-EASTERN HWY ON RAMP,,Non-Injury Crash,No,2023,0,West,0,0,0,Hill Road,0,,0,,0,Overcast,637300,0,0,0,3,0,0,0,0,0,,0,0,Auckland Region,Motorway ramp,1-way,Sealed,0,0,0,0,50,0,Off,0,0,,76,Auckland,Traffic Signals,0,1,0,0,0,0,Urban,0,0,0,Fine,Null
1755863.1329,5918446.0159,826226,,517500,0,,0,2,,South,2024/2025,NORTH-WESTERN MOTORWAY,NEWTON ROAD ON RAMP,,Non-Injury Crash,Yes,2024,,South,,0,,Flat,,,,,,Overcast,529300,0,0,0,4,,,0,,,,,,Auckland Region,Nil,1-way,Sealed,,0,0,,80,,Off,0,0,,76,Auckland,Nil,,,,,0,0,Open,0,,,Fine,Null
1758079.4394,5917539.4311,826228,,515700,0,,0,0,,Null,2024/2025,ALPERS AVENUE,GILLIES AVENUE,,Serious Crash,No,2025,,East,,0,,Flat,,,,,,Overcast,443401,0,0,1,3,,,0,,,,,,Auckland Region,Nil,1-way,Sealed,,0,1,,50,,Off,0,0,,76,Auckland,Traffic Signals,,,,,0,0,Urban,0,,,Mist or Fog,Null
1773141.0911,5896436.6832,826236,,525410,0,,0,0,,Null,2025/2026,CLEVEDON ROAD,PRICTOR STREET,,Minor Crash,No,2025,,West,,0,,Flat,,,,,,Overcast,793100,1,0,0,2,,,0,,,1,,,Auckland Region,Nil,2-way,Sealed,,0,0,,50,,Off,1,0,,76,Auckland,Give way,,,,,0,0,Urban,0,,,Light rain,Null
1768689.9522,5911162.4373,826243,,523112,0,,0,1,,Null,2022/2023,CRYERS ROAD,TRUGOOD DRIVE,,Non-Injury Crash,No,2023,,East,,0,,Null,,,,,,Unknown,711404,0,0,0,2,,,0,,,,,,Auckland Region,Nil,2-way,Sealed,,0,0,,50,,Null,0,0,,76,Auckland,Give way,,,,,0,1,Urban,0,,,Null,Null
1740470.417,5922784.668,826244,,513701,0,0,0,1,1,West,2024/2025,RED HILLS ROAD,SUNNYVALE ROAD,,Minor Crash,No,2025,0,South,0,0,0,Hill Road,0,,0,,0,Twilight,229800,1,0,0,2,0,0,0,0,0,,0,0,Auckland Region,Nil,2-way,Sealed,0,0,0,0,80,0,None,0,0,,76,Auckland,Nil,0,0,0,0,0,0,Open,0,0,0,Fine,Null
1757682.7301,5918287.2045,826250,,518101,0,,0,2,,South,2024/2025,SOUTHERN MOTORWAY,KHYBER PASS ROAD OFF RAMP,,Non-Injury Crash,Yes,2025,,North,,0,,Flat,,Easter,,,,Dark,543000,0,0,0,4,,,0,,,,,,Auckland Region,Nil,1-way,Sealed,,0,0,,80,,On,0,0,,76,Auckland,Nil,,,,,0,0,Open,0,,,Light rain,Strong wind
1767886.0942,5911921.866,826252,,522910,0,,0,2,,Null,2024/2025,TI RAKAU DRIVE,FREMANTLE PLACE,,Non-Injury Crash,No,2024,,South,,0,,Null,,,,,,Unknown,687700,0,0,0,5,,,0,,,,,,Auckland Region,Nil,2-way,Sealed,,0,0,,50,,Null,0,0,,76,Auckland,Traffic Signals,,,,,0,0,Urban,0,,,Null,Null
1763503.3964,5912945.038,826263,,520500,0,0,0,3,0,East,2023/2024,ARANUI ROAD,RUAWAI ROAD,,Minor Crash,No,2024,0,East,0,0,0,Flat,0,,0,,0,Overcast,637400,1,0,0,2,0,0,0,0,1,,0,0,Auckland Region,Nil,2-way,Sealed,0,0,0,0,50,0,Off,0,0,,76,Auckland,Nil,0,0,0,0,0,0,Urban,0,0,0,Fine,Null
1775230.8624,5896204.2886,826274,,525700,0,0,0,1,0,Null,2022/2023,SETTLEMENT ROAD,REDCREST AVENUE,,Minor Crash,No,2023,0,East,0,0,0,Flat,0,,0,,1,Dark,800313,2,0,0,2,0,0,0,0,0,,0,0,Auckland Region,Nil,2-way,Sealed,0,0,0,0,50,0,Off,0,0,,76,Auckland,Give way,0,0,0,0,0,0,Urban,0,0,0,Fine,Null
1781290.2712,5916844.2175,826288,,523300,0,0,0,2,0,West,2025/2026,OMANA ESPLANADE,ALEXANDER AVENUE,,Minor Crash,No,2025,0,South,0,0,0,Flat,0,Christmas New Year,0,,0,Bright sun,719600,1,0,0,2,0,0,0,0,1,,0,0,Auckland Region,Nil,2-way,Sealed,0,0,0,0,50,0,None,0,0,20,76,Auckland,Nil,0,0,0,0,0,0,Urban,0,0,0,Fine,Null
1766310.8306,5919093.4261,826313,,516800,0,,0,1,,Null,2025/2026,KESTEVEN AVENUE,RIDDELL ROAD,,Non-Injury Crash,No,2025,,North,,0,,Hill Road,,,,,,Bright sun,513200,0,0,0,2,,,0,,,1,,,Auckland Region,Nil,2-way,Sealed,,0,0,,50,,Off,0,0,,76,Auckland,Give way,,,,,0,0,Urban,0,,,Fine,Null
1765496.0023,5904232.6443,826332,,524603,0,,0,1,,West,2022/2023,CAVENDISH DRIVE,GLASGOW AVENUE,,Serious Crash,No,2023,,East,,0,,Flat,,,,,,Bright sun,674900,0,0,1,4,,,0,,,,,,Auckland Region,Nil,2-way,Sealed,,0,1,,50,,Off,0,0,,76,Auckland,Nil,,,,,0,0,Urban,0,,,Fine,Null
1746287.9781,5918574.6113,826335,,512401,0,,0,1,,North,2025/2026,EDMONTON ROAD,STRID ROAD,,Non-Injury Crash,No,2025,,South,,0,,Hill Road,,,,,,Bright sun,256000,0,0,0,2,,,0,,,,,,Auckland Region,Nil,2-way,Sealed,,0,0,,50,,Off,0,0,,76,Auckland,Nil,,,,,0,0,Urban,1,,,Fine,Null
1765692.0502,5915875.9743,826344,,517100,0,0,0,1,0,Null,2023/2024,TORINO STREET,TARATOA STREET,,Non-Injury Crash,No,2023,0,West,0,0,1,Flat,0,,0,,0,Bright sun,479900,0,0,0,2,0,0,0,0,0,,0,0,Auckland Region,Nil,2-way,Sealed,0,0,0,0,50,0,Off,0,0,,76,Auckland,Nil,0,0,0,0,0,0,Urban,0,0,0,Fine,Null
1769666.1742,5901124.8158,826352,,524902,0,0,0,1,0,South,2023/2024,SCOTTS ROAD,ALFRISTON ROAD,,Non-Injury Crash,No,2023,0,North,0,0,0,Flat,0,,0,,0,Bright sun,757700,0,0,0,2,0,0,0,0,1,,0,0,Auckland Region,Nil,2-way,Sealed,0,0,0,0,30,0,Off,1,0,,76,Auckland,Nil,0,0,0,0,0,0,Urban,0,0,0,Fine,Null
1747631.4363,5919465.4531,826367,,512402,0,,0,1,,West,2024/2025,TE ATATU ROAD OFF RAMP,NORTH-WESTERN MOTORWAY,,Non-Injury Crash,No,2025,,West,,0,,Hill Road,,,,,,Dark,253700,0,0,0,2,,,0,,,,,,Auckland Region,Motorway ramp,1-way,Sealed,,0,0,,100,,Null,1,1,,76,Auckland,Nil,,,,,0,0,Open,0,,,Null,Null
1769105.3287,5914381.5347,826383,,522721,0,,0,2,,Null,2025/2026,PAKURANGA ROAD,BELLS ROAD,,Non-Injury Crash,No,2025,,South,,0,,Hill Road,,,,,,Dark,681211,0,0,0,6,,,0,,,,,,Auckland Region,Nil,2-way,Sealed,,0,0,,50,,On,0,0,,76,Auckland,Give way,,,,,0,0,Urban,0,,,Light rain,Null
1753647.2743,5928088.9422,826385,,508310,0,,0,0,,Null,2025/2026,GLENFIELD ROAD,BENTLEY AVENUE,,Non-Injury Crash,No,2025,,South,,0,,Flat,,,,,,Overcast,200000,0,0,0,5,,,0,,,,,,Auckland Region,Nil,2-way,Sealed,,0,0,,50,,Off,1,0,,76,Auckland,Give way,,,,,0,0,Urban,1,,,Fine,Null
1753607.8587,5926994.9935,826388,,508220,0,,0,2,,North,2022/2023,GLENFIELD ROAD,PARK ROAD,,Minor Crash,No,2023,,North,,0,,Hill Road,,,,,,Bright sun,187700,1,0,0,2,,,0,,,,,,Auckland Region,Nil,2-way,Sealed,,0,0,,50,,Off,0,0,,76,Auckland,Nil,,,,,0,0,Urban,0,,,Fine,Null
1755109.0584,5912096.8376,826393,,519002,0,,1,1,,West,2025/2026,MORRIE LAING AVENUE,MCKINNON STREET,,Non-Injury Crash,No,2026,,West,,0,,Flat,,,,,,Bright sun,591000,0,0,0,2,,,0,,,,,,Auckland Region,Nil,2-way,Sealed,,0,0,,50,,Off,0,0,,76,Auckland,Nil,,,,,0,0,Urban,0,,,Fine,Null
1745344.6695,5920297.839,826396,,513301,0,,0,2,,South,2022/2023,LINCOLN ROAD,CENTRAL PARK DRIVE,,Minor Crash,No,2023,,South,,0,,Flat,,,,,,Dark,230302,1,0,0,4,,,0,,,,,,Auckland Region,Nil,2-way,Sealed,,0,0,,50,,On,0,0,,76,Auckland,Nil,,,,,0,0,Urban,0,,,Heavy rain,Null
1748866.1419,5941937.3579,826415,,506300,0,,0,2,,South,2025/2026,NORTHERN MOTORWAY,WILKS OBR,,Non-Injury Crash,Yes,2025,,South,,0,,Flat,,,,,,Overcast,175902,0,0,0,2,,,0,,,,,,Auckland Region,Nil,1-way,Unsealed,,0,0,,100,,On,1,0,,76,Auckland,Nil,,,,,0,0,Open,0,,,Light rain,Null
1774004.0826,5897600.0788,826432,,525630,0,0,0,1,0,North,2022/2023,COSGRAVE ROAD,OLD WAIROA ROAD,,Minor Crash,No,2023,0,North,0,0,0,Flat,0,,0,,0,Dark,795700,1,0,0,2,0,0,0,0,1,,0,0,Auckland Region,Nil,2-way,Sealed,0,0,0,0,50,0,On,0,0,,76,Auckland,Nil,0,0,0,0,1,0,Urban,0,0,0,Fine,Null
1759696.0704,5916995.4863,826448,,516102,0,,0,3,,Null,2023/2024,REMUERA ROAD,PORTLAND ROAD,,Minor Crash,No,2023,,West,,0,,Flat,,,,,,Overcast,485000,1,0,0,4,,,0,,,,,,Auckland Region,Nil,2-way,Sealed,,0,0,,50,,Off,0,0,,76,Auckland,Give way,,,,,0,0,Urban,0,,,Fine,Null
1734976.3644,5929962.4294,826452,,505605,0,,0,2,,Null,2022/2023,SH 16,FOSTER ROAD,,Minor Crash,Yes,2023,,East,,0,,Flat,,,,,,Bright sun,216102,3,0,0,2,,,0,,,,,,Auckland Region,Nil,2-way,Sealed,,0,0,,80,,Off,0,0,,76,Auckland,Give way,,,,,0,0,Open,0,,,Fine,Null
1772859.0063,5891905.549,826455,,521301,0,0,0,2,0,North,2024/2025,SOUTHERN MOTORWAY,BREMNER OBR,,Non-Injury Crash,Yes,2025,0,North,0,0,0,Flat,1,,0,,0,Twilight,808702,0,0,0,2,0,0,0,0,0,,0,0,Auckland Region,Nil,1-way,Sealed,0,0,0,0,100,0,On,0,0,80,76,Auckland,Nil,0,0,0,0,0,0,Open,0,0,0,Fine,Null
1752130.8578,5932675.6282,826465,,508807,0,,0,0,,Null,2025/2026,BUSH ROAD,CAROLINA PLACE,,Minor Crash,No,2025,,South,,0,,Hill Road,,,,,,Bright sun,180501,1,0,1,2,,,0,,,,,,Auckland Region,Nil,2-way,Sealed,,0,0,,50,,On,0,0,,76,Auckland,Give way,,,,,0,0,Urban,0,,,Fine,Null