X,Y,OBJECTID,advisorySpeed,areaUnitID,bicycle,bridge,bus,carStationWagon,cliffBank,crashDirectionDescription,crashFinancialYear,crashLocation1,crashLocation2,crashRoadSideRoad,crashSeverity,crashSHDescription,crashYear,debris,directionRoleDescription,ditch,fatalCount,fence,flatHill,guardRail,holiday,houseOrBuilding,intersection,kerb,light,meshblockId,minorInjuryCount,moped,motorcycle,NumberOfLanes,objectThrownOrDropped,otherObject,otherVehicleType,overBank,parkedVehicle,pedestrian,phoneBoxEtc,postOrPole,region,roadCharacter,roadLane,roadSurface,roadworks,schoolBus,seriousInjuryCount,slipOrFlood,speedLimit,strayAnimal,streetLight,suv,taxi,temporarySpeedLimit,tlaId,tlaName,trafficControl,trafficIsland,trafficSign,train,tree,truck,unknownVehicleType,urban,vanOrUtility,vehicle,waterRiver,weatherA,weatherB
1756469.6161,5927056.7539,826471,,507900,0,0,0,1,0,South,2025/2026,NORTHERN MOTORWAY,NORTHCOTE OBR,,Minor Crash,Yes,2025,0,South,0,0,0,Flat,0,,0,,0,Bright sun,303502,1,0,1,3,0,0,0,0,0,,0,0,Auckland Region,Nil,1-way,Sealed,0,0,0,0,100,0,On,0,0,,76,Auckland,Nil,0,0,0,0,0,0,Open,0,1,0,Fine,Null
1757278.7583,5920859.6092,826481,,514102,0,0,0,2,0,South,2024/2025,FEDERAL STREET,WOLFE STREET,,Non-Injury Crash,No,2024,0,Null,0,0,0,Flat,0,,0,,0,Bright sun,433102,0,0,0,2,0,0,0,0,1,,0,0,Auckland Region,Nil,1-way,Sealed,0,0,0,0,30,0,Null,0,0,,76,Auckland,Nil,0,0,0,0,0,0,Urban,0,0,0,Fine,Null
1764693.1043,5911596.7722,826487,,520500,0,,0,2,,South,2025/2026,SOUTHERN MOTORWAY,PANAMA OBR,,Non-Injury Crash,Yes,2025,,South,,0,,Flat,,,,,,Bright sun,635601,0,0,0,3,,,0,,,,,,Auckland Region,Nil,1-way,Sealed,,0,0,,100,,Off,0,0,,76,Auckland,Nil,,,,,0,0,Open,1,,,Fine,Null
1746545.7947,5916113.6604,826505,,511601,0,,0,2,,Null,2025/2026,GREAT NORTH ROAD,KIRBY STREET,,Minor Crash,No,2025,,South,,0,,Null,,,,,,Overcast,274600,1,0,0,4,,,0,,,,,,Auckland Region,Nil,2-way,Null,,0,0,,50,,Null,0,0,,76,Auckland,Give way,,,,,0,0,Urban,0,,,Null,Null
1754654.0109,5930689.8051,826512,,508420,0,0,0,1,0,South,2022/2023,NORTHERN MOTORWAY,UPPER HARBOUR HWY OFF RAMP,,Non-Injury Crash,Yes,2023,0,North,0,0,0,Hill Road,1,,0,,1,Overcast,182008,0,0,0,3,0,0,0,0,0,,0,0,Auckland Region,Nil,1-way,Sealed,0,0,0,0,100,0,Off,0,0,,76,Auckland,Nil,0,0,0,0,0,0,Open,0,0,0,Light rain,Null
1759929.4474,5911764.4221,826519,,520000,0,0,0,1,0,East,2024/2025,NEILSON STREET,ALFRED STREET,,Non-Injury Crash,No,2025,0,West,0,0,0,Flat,0,,0,,0,Dark,607800,0,0,0,4,0,1,0,0,0,,0,0,Auckland Region,Nil,2-way,Sealed,0,0,0,0,50,0,On,0,0,,76,Auckland,Nil,0,0,0,0,0,0,Urban,0,0,0,Fine,Null
1768326.7825,5881642.9016,826520,,525910,0,0,0,0,0,South,2022/2023,FREYBERG CRESCENT,PRINCES STREET,,Non-Injury Crash,No,2023,0,South,0,0,0,Flat,0,,0,,0,Overcast,820100,0,0,0,2,0,0,0,0,0,,0,1,Auckland Region,Nil,2-way,Sealed,0,0,0,0,50,0,None,1,0,,76,Auckland,Nil,0,0,0,0,0,0,Urban,0,0,0,Light rain,Null
1765722.6479,5917575.6121,826528,,517001,0,,0,2,,Null,2023/2024,FARRINGDON STREET,EPPING STREET,,Minor Crash,No,2023,,South,,0,,Flat,,,,,,Bright sun,474700,1,0,0,2,,,0,,,,,,Auckland Region,Nil,2-way,Sealed,,0,0,,50,,Off,0,0,,76,Auckland,Nil,,,,,0,0,Urban,0,,,Fine,Null
1756368.8614,5924388.1096,826545,55,509702,0,0,0,1,0,East,2024/2025,ONEWA ROAD OFF RAMP,ONEWA OBR OFF,,Non-Injury Crash,No,2025,0,South,0,0,0,Hill Road,1,,0,,0,Overcast,366700,0,0,0,1,0,0,0,0,0,,0,0,Auckland Region,Motorway ramp,1-way,Sealed,0,0,0,0,100,0,Off,0,0,,76,Auckland,Nil,0,0,0,0,0,0,Open,0,0,0,Light rain,Null
1761024.6069,5908712.9996,826551,,524405,0,,0,2,,Null,2025/2026,WAKEFIELD ROAD,GADSBY ROAD,,Minor Crash,No,2025,,North,,0,,Flat,,,,,,Bright sun,730800,1,0,0,2,,,0,,,,,,Auckland Region,Nil,2-way,Sealed,,0,0,,50,,Off,0,0,,76,Auckland,Give way,,,,,0,0,Urban,0,,,Fine,Null
1764654.0553,5905661.2403,826559,,522100,0,,0,2,,South,2025/2026,KENDERDINE ROAD,WYLLIE ROAD,,Non-Injury Crash,No,2025,,South,,0,,Flat,,,,,,Overcast,659702,0,0,0,2,,,0,,,,,,Auckland Region,Nil,2-way,Sealed,,0,0,,50,,Off,0,0,,76,Auckland,Nil,,,,,0,0,Urban,0,,,Fine,None
1757291.0491,5920020.7526,826561,,514103,0,,0,2,,South,2025/2026,WAKEFIELD STREET,RUTLAND STREET,,Non-Injury Crash,No,2025,,North,,0,,Hill Road,,,,,,Dark,436600,0,0,0,2,,,0,,,,,,Auckland Region,Nil,2-way,Sealed,,0,0,,30,,On,0,0,,76,Auckland,Nil,,,,,0,0,Urban,0,,,Light rain,Null
1756131.9567,5923900.0107,826583,,509800,0,,0,0,,South,2025/2026,NORTHERN MOTORWAY,WEIGH BRIDGE,,Non-Injury Crash,Yes,2025,,South,,0,,Flat,,,,,,Twilight,361200,0,0,0,5,,,0,,,,,,Auckland Region,Nil,1-way,Sealed,,0,0,,80,,On,2,0,,76,Auckland,Nil,,,,,0,0,Open,0,,,Fine,Null
1779998.1738,5926208.2781,826593,,520801,0,0,0,0,0,East,2025/2026,THE ESPLANADE,KIWI STREET,,Minor Crash,No,2025,0,South,0,0,0,Flat,0,,0,,0,Dark,516401,1,0,0,2,0,0,0,1,0,,0,0,Auckland Region,Nil,2-way,Unsealed,0,0,0,0,30,0,None,0,0,,76,Auckland,Nil,0,0,0,0,0,0,Urban,1,0,0,Fine,Null
1749191.1469,5943088.6115,826599,,506003,0,,0,1,,South,2024/2025,EAST COAST ROAD,SPUR ROAD,,Fatal Crash,No,2025,,South,,1,,Flat,,,,,,Dark,175814,1,0,0,2,,,0,,,,,,Auckland Region,Nil,2-way,Sealed,,0,0,,80,,None,0,0,,76,Auckland,Nil,,,,,0,0,Open,1,,,Fine,Null
1772261.3776,5914309.3463,826601,,521602,0,0,0,1,0,South,2025/2026,DRAKE STREET,BAIRD STREET,,Non-Injury Crash,No,2025,0,East,0,0,1,Flat,0,,0,,1,Dark,649500,0,0,0,2,0,0,0,0,0,,0,0,Auckland Region,Nil,2-way,Sealed,0,0,0,0,50,0,On,0,0,,76,Auckland,Nil,0,0,0,0,0,0,Urban,0,0,0,Fine,Null
1746545.3104,5916511.2785,826607,,510700,0,,0,2,,Null,2025/2026,TE ATATU ROAD,GREAT NORTH ROAD,,Minor Crash,No,2025,,South,,0,,Flat,,,,,,Bright sun,241000,1,0,0,2,,,0,,,,,,Auckland Region,Nil,2-way,Sealed,,0,0,,50,,Off,0,0,,76,Auckland,Give way,,,,,0,0,Urban,0,,,Fine,Strong wind
1768074.9071,5905583.0258,826616,,523721,1,,0,1,,Null,2022/2023,BOUNDARY ROAD,SANDRINE AVENUE,,Minor Crash,No,2023,,West,,0,,Flat,,,,,,Overcast,715507,1,0,0,2,,,0,,,,,,Auckland Region,Nil,2-way,Sealed,,0,0,,50,,Off,0,0,,76,Auckland,Give way,,,,,0,0,Urban,0,,,Light rain,Null
1765216.9292,5908157.2718,826620,,523404,0,0,0,0,0,East,2022/2023,BAIRDS ROAD,GREAT SOUTH ROAD,,Minor Crash,No,2023,0,East,0,0,1,Flat,0,Easter,0,,0,Twilight,696701,1,0,0,2,0,0,0,0,0,,0,0,Auckland Region,Nil,2-way,Sealed,0,0,0,0,50,0,Off,1,0,,76,Auckland,Nil,0,0,0,0,0,0,Urban,0,0,0,Fine,Null
1762898.6329,5913943.7873,826639,,520401,0,0,0,3,0,North,2024/2025,PANORAMA ROAD,PENROSE ROAD,,Non-Injury Crash,No,2025,0,North,0,0,0,Flat,0,,0,,0,Overcast,644502,0,0,0,2,0,0,0,0,1,,0,0,Auckland Region,Nil,2-way,Sealed,0,0,0,0,50,0,Off,0,0,,76,Auckland,Nil,0,0,0,0,0,0,Urban,0,0,0,Fine,Null
1756651.537,5927562.3867,826640,,507900,0,,0,1,,Null,2022/2023,TAHAROTO ROAD,SHEA TERRACE,,Serious Crash,No,2023,,South,,0,,Flat,,,,,,Overcast,304400,0,0,0,6,,,0,,,1,,,Auckland Region,Nil,2-way,Sealed,,0,1,,50,,Off,0,0,,76,Auckland,Give way,,,,,0,0,Urban,0,,,Fine,Null
1760204.1369,5907793.4366,826641,,524121,0,2,0,1,0,North,2024/2025,SOUTH-WESTERN MOTORWAY,SH 20 MANGERE OBR,,Non-Injury Crash,Yes,2025,0,North,0,0,0,Hill Road,0,,0,,0,Dark,737600,0,0,0,2,0,0,0,0,0,,0,1,Auckland Region,Bridge,1-way,Sealed,0,0,0,0,100,0,On,0,0,,76,Auckland,Nil,0,0,0,0,1,0,Open,0,0,0,Light rain,Null
1754110.1275,5931400.8324,826647,,508805,0,,0,2,,Null,2025/2026,UPPER HARBOUR HIGHWAY,UPPER HARBOUR HWY OFF RAMP,,Non-Injury Crash,Yes,2025,,East,,0,,Flat,,,,,,Bright sun,180813,0,0,0,3,,,0,,,,,,Auckland Region,Motorway ramp,2-way,Sealed,,0,0,,50,,Off,0,0,,76,Auckland,Traffic Signals,,,,,0,0,Urban,0,,,Fine,Null
1747359.0868,5915573.8709,826663,,511602,0,0,0,1,0,Null,2025/2026,PATTS AVENUE,ADDISON DRIVE,,Non-Injury Crash,No,2025,0,South,0,0,0,Flat,0,,0,,0,Overcast,273100,0,0,0,2,0,0,0,0,0,,0,0,Auckland Region,Nil,2-way,Sealed,0,0,0,0,50,0,Off,0,0,,76,Auckland,Give way,0,0,0,0,0,0,Urban,1,1,0,Fine,Null
1771400.5194,5913967.9975,826664,,521602,0,,0,0,,Null,2022/2023,UNION ROAD,WELLINGTON STREET,,Minor Crash,No,2023,,East,,0,,Hill Road,,,,,,Dark,648800,1,1,0,2,,,0,,,,,,Auckland Region,Nil,2-way,Sealed,,0,0,,50,,On,0,0,,76,Auckland,Stop,,,,,0,0,Urban,1,,,Fine,Null
1756364.1353,5929992.4802,826679,,508510,0,0,0,0,0,East,2024/2025,RICHARDS AVENUE,AROSA PLACE,,Non-Injury Crash,No,2025,0,West,0,0,1,Null,0,,1,,0,Bright sun,194800,0,0,0,2,0,0,0,0,0,,0,0,Auckland Region,Nil,2-way,Sealed,0,0,0,0,50,0,Null,1,0,,76,Auckland,Nil,0,0,0,0,0,0,Urban,0,0,0,Fine,Null
1767533.8665,5917876.3727,826684,,517002,0,0,0,2,0,North,2022/2023,WEST TAMAKI ROAD,CALDER PLACE,,Minor Crash,No,2023,0,North,0,0,0,Flat,0,Easter,0,,0,Dark,473900,1,0,0,2,0,0,0,0,1,,0,1,Auckland Region,Nil,2-way,Sealed,0,0,0,0,50,0,On,0,0,,76,Auckland,Nil,0,0,0,0,0,0,Urban,0,0,0,Light rain,Null
1749991.8875,5913865.4963,826687,,511303,0,0,1,0,0,Null,2025/2026,TOTARA AVENUE,MCCRAE LANE,,Non-Injury Crash,No,2025,0,East,0,0,0,Flat,0,,1,,0,Overcast,266000,0,0,0,2,0,0,0,0,0,,0,0,Auckland Region,Nil,2-way,Sealed,0,0,0,0,50,0,Null,0,0,,76,Auckland,Nil,0,0,0,0,0,0,Urban,0,0,0,Fine,Null
1766918.5411,5912591.3377,826692,,522920,0,0,0,1,0,North,2022/2023,TI RAKAU DRIVE,ROSEBURN PLACE,,Minor Crash,No,2023,0,North,0,0,0,Flat,0,,0,,0,Dark,686800,1,0,0,2,0,0,0,0,0,,0,0,Auckland Region,Nil,1-way,Sealed,0,0,0,0,60,0,On,0,0,,76,Auckland,Nil,0,0,0,1,0,0,Urban,0,0,0,Fine,Null
1751350.2776,5914056.4166,826697,,514402,0,,0,2,,North,2024/2025,WOLVERTON STREET,LANSFORD CRESCENT,,Non-Injury Crash,No,2025,,South,,0,,Flat,,,,,,Overcast,379500,0,0,0,4,,,0,,,,,,Auckland Region,Nil,2-way,Sealed,,0,0,,50,,Off,0,0,,76,Auckland,Nil,,,,,0,0,Urban,0,,,Fine,Null
1766410.9404,5899621.0139,826707,,524812,0,0,0,1,0,North,2022/2023,MAHIA ROAD,DAMIAN WAY,,Non-Injury Crash,No,2023,0,North,0,0,0,Flat,0,,0,,0,Bright sun,774214,0,0,0,2,0,0,0,0,0,,0,0,Auckland Region,Nil,2-way,Sealed,0,0,0,0,50,0,Off,0,0,40,76,Auckland,Nil,0,0,0,1,0,0,Urban,0,0,0,Fine,Null
1756350.1026,5918367.4207,826718,,515600,0,1,0,1,0,North,2022/2023,DOMINION ROAD,NEW NORTH ROAD,,Non-Injury Crash,No,2023,0,East,0,0,0,Flat,0,,0,,0,Overcast,419800,0,0,0,1,0,0,0,0,0,,0,0,Auckland Region,Overpass,1-way,Sealed,0,0,0,0,70,0,None,0,0,,76,Auckland,Nil,0,0,0,0,0,0,Urban,0,0,0,Light rain,Null
1765156.589,5909684.5795,826719,,521802,0,,0,0,,South,2025/2026,SOUTHERN MOTORWAY,TRENWITH OBR,,Non-Injury Crash,Yes,2026,,North,,0,,Hill Road,,,,,,Overcast,788400,0,0,0,8,,,0,,,,,,Auckland Region,Nil,2-way,Sealed,,0,0,,100,,Off,1,0,,76,Auckland,Nil,,,,,1,0,Open,0,,,Fine,Null
1755651.5062,5919981.2461,826727,,514000,0,,0,1,,North,2025/2026,FRANKLIN ROAD,PONSONBY ROAD,,Non-Injury Crash,No,2025,,North,,0,,Flat,,,,,,Bright sun,414900,0,0,0,2,,,0,,,,,,Auckland Region,Nil,2-way,Sealed,,0,0,,30,,Null,1,0,,76,Auckland,Nil,,,,,0,0,Urban,0,,,Fine,Null
1757229.6601,5918619.679,826733,,514301,0,,0,1,,South,2024/2025,NUGENT STREET,KHYBER PASS ROAD,,Minor Crash,No,2025,,North,,0,,Hill Road,,,,,,Bright sun,441900,1,0,1,4,,,0,,,,,,Auckland Region,Nil,2-way,Sealed,,0,0,,50,,Off,0,0,,76,Auckland,Nil,,,,,0,0,Urban,0,,,Fine,Null
1764202.4546,5914970.9381,826756,,520303,0,,0,2,,East,2025/2026,ELLERSLIE-PANMURE HIGHWAY,HARDING AVENUE,,Non-Injury Crash,No,2025,,East,,0,,Flat,,,,,,Overcast,626901,0,0,0,4,,,0,,,,,,Auckland Region,Nil,2-way,Sealed,,0,0,,50,,Off,0,0,,76,Auckland,Traffic Signals,,,,,0,0,Urban,0,,,Fine,Null
1764712.8694,5904738.7129,826766,,522100,0,0,0,0,0,West,2025/2026,MILAN ROAD,RAYMOND ROAD,,Minor Crash,No,2025,0,West,0,0,0,Flat,0,,0,,0,Dark,660100,2,0,0,2,0,0,0,0,1,,0,0,Auckland Region,Nil,2-way,Sealed,0,0,0,0,50,0,None,1,0,,76,Auckland,Nil,0,0,0,0,1,0,Urban,0,0,0,Fine,Null
1755274.1723,5912154.3984,826772,25,518701,0,,0,1,,Null,2025/2026,RICHARDSON ROAD,MCKINNON STREET,,Serious Crash,No,2025,,West,,0,,Hill Road,,,,,,Bright sun,573200,0,0,1,4,,,0,,,,,,Auckland Region,Speed hump,2-way,Sealed,,0,1,,50,,Off,0,0,,76,Auckland,Stop,,,,,0,0,Urban,0,,,Fine,Null
1747211.2695,5914211.5147,826790,,511100,0,0,0,1,0,Null,2025/2026,GLENVIEW ROAD,GLENORCHY STREET,,Minor Crash,No,2025,0,North,0,0,1,Hill Road,0,,1,,0,Dark,285500,1,0,0,2,0,0,0,0,0,,0,0,Auckland Region,Nil,2-way,Sealed,0,0,0,0,50,0,On,0,0,,76,Auckland,Give way,0,0,0,0,0,0,Urban,0,0,0,Fine,Null
1746011.4179,5922985.5506,826798,,513530,0,0,0,1,0,North,2025/2026,REALM PLACE,ROYAL ROAD,,Non-Injury Crash,No,2026,0,East,0,0,0,Flat,0,Christmas New Year,0,,0,Bright sun,224700,0,0,0,2,0,0,0,0,1,,1,0,Auckland Region,Nil,2-way,Sealed,0,0,0,0,50,0,Off,0,0,,76,Auckland,Nil,0,0,0,0,0,0,Urban,1,0,0,Fine,Null
1741167.7797,5916385.4683,826814,,513020,0,0,0,1,0,North,2025/2026,COULTER ROAD,VINEYARD ROAD,,Non-Injury Crash,No,2025,0,North,0,0,0,Hill Road,0,,0,,0,Bright sun,279800,0,0,0,2,0,0,0,0,0,,0,0,Auckland Region,Nil,2-way,Sealed,0,0,0,0,60,0,None,0,0,,76,Auckland,Nil,0,0,0,1,0,0,Urban,0,0,0,Fine,Null
1757507.8993,5918643.1713,826820,,514302,0,,0,0,,North,2024/2025,SOUTHERN MOTORWAY,KHYBER PASS OBR,,Non-Injury Crash,Yes,2025,,North,,0,,Flat,,,,,,Bright sun,442500,0,0,0,4,,,0,,,,,,Auckland Region,Nil,1-way,Sealed,,0,0,,80,,Null,0,0,,76,Auckland,Nil,,,,,1,0,Open,1,,,Fine,Null
1752017.0641,5915591.9399,826822,,517901,0,,0,2,,Null,2025/2026,NEW NORTH ROAD,HENDON AVENUE,,Non-Injury Crash,No,2025,,South,,0,,Null,,,,,,Unknown,523800,0,0,0,2,,,0,,,,,,Auckland Region,Nil,2-way,Sealed,,0,0,,50,,Null,0,0,,76,Auckland,Traffic Signals,,,,,0,0,Urban,0,,,Fine,Null
1767978.0259,5901432.7963,826837,,525001,0,0,0,1,0,East,2022/2023,JELLICOE ROAD,RUTH STREET,,Non-Injury Crash,No,2023,0,West,0,0,1,Flat,0,,0,,0,Overcast,751200,0,0,0,2,0,0,0,0,1,,0,0,Auckland Region,Nil,2-way,Sealed,0,0,0,0,50,0,Off,0,0,,76,Auckland,Nil,0,0,0,0,0,0,Urban,1,0,0,Heavy rain,Strong wind
1755648.0767,5928441.2571,826845,,507900,0,,0,2,,Null,2022/2023,WAIRAU ROAD,ARCHERS ROAD,,Non-Injury Crash,No,2023,,North,,0,,Flat,,,,,,Overcast,305100,0,0,0,4,,,0,,,,,,Auckland Region,Nil,2-way,Sealed,,0,0,,50,,Off,0,0,30,76,Auckland,Traffic Signals,,,,,0,0,Urban,0,,,Fine,Null
1758543.0643,5917582.2303,826854,,516001,0,0,0,1,0,North,2025/2026,SOUTHERN MOTORWAY,ST MARKS OBR,,Non-Injury Crash,Yes,2025,0,North,0,0,0,Flat,1,,0,,0,Dark,490701,0,0,0,3,0,0,0,0,0,,0,0,Auckland Region,Overpass,1-way,Sealed,0,0,0,0,80,0,On,0,0,,76,Auckland,Nil,0,0,0,0,0,0,Open,0,0,0,Fine,Strong wind
1755780.0344,5933135.6344,826867,,507300,0,0,0,1,0,East,2025/2026,SUNRISE AVENUE,GULL LANE,,Non-Injury Crash,No,2025,0,North,0,0,0,Flat,0,,0,,0,Bright sun,153904,0,0,0,2,0,0,0,0,1,,0,0,Auckland Region,Nil,2-way,Sealed,0,0,0,0,50,0,Null,1,0,,76,Auckland,Nil,0,0,0,0,0,0,Urban,0,0,0,Fine,Null
1761172.7638,5914781.3284,826872,,520202,0,,0,1,,South,2023/2024,SOUTHERN MOTORWAY,ELLERSLIE FTBR,,Minor Crash,Yes,2023,,South,,0,,Flat,,,,,,Dark,612100,1,0,0,3,,,0,,,,,,Auckland Region,Nil,1-way,Sealed,,0,0,,100,,On,0,0,,76,Auckland,Nil,,,,,1,0,Open,0,,,Fine,Null
1760372.9689,5915752.6446,826880,,516003,0,,0,1,,North,2022/2023,SOUTHERN MOTORWAY,GREEN LANE EAST ON RAMP,,Non-Injury Crash,Yes,2023,,South,,0,,Hill Road,,,,,,Overcast,494902,0,0,0,3,,,0,,,,,,Auckland Region,Nil,1-way,Sealed,,0,0,,100,,Off,0,0,,76,Auckland,Nil,,,,,0,0,Open,1,,,Fine,Null
1769554.3601,5918567.7758,826883,,522601,0,,0,2,,Null,2024/2025,HATTAWAY AVENUE,DEVON ROAD,,Non-Injury Crash,No,2025,,South,,0,,Flat,,,,,,Twilight,675500,0,0,0,2,,,0,,,,,,Auckland Region,Nil,2-way,Sealed,,0,0,,50,,Off,0,0,,76,Auckland,Give way,,,,,0,0,Urban,0,,,Fine,Null
1769351.6583,5908047.7249,826893,,523711,0,,0,2,,North,2024/2025,BISHOP DUNN PLACE,BISHOP BROWNE PLACE,,Non-Injury Crash,No,2025,,North,,0,,Null,,,,,,Bright sun,712305,0,0,0,2,,,0,,,,,,Auckland Region,Nil,2-way,Null,,0,0,,50,,Null,0,0,,76,Auckland,Nil,,,,,0,0,Urban,0,,,Fine,Null
1756299.9308,5918908.5403,826899,,515500,0,,0,2,,West,2024/2025,NORTH-WESTERN MOTORWAY,NEWTON OBR,,Minor Crash,Yes,2025,,West,,0,,Flat,,,,,,Dark,417600,2,0,0,2,,,0,,,,,,Auckland Region,Motorway ramp,1-way,Sealed,,0,0,,80,,On,0,0,,76,Auckland,Nil,,,,,0,0,Open,0,,,Light rain,Null
1752599.1174,5915511.9905,826917,,517902,0,0,0,2,0,North,2025/2026,STEWART ROAD,GLENTUI ROAD,,Minor Crash,No,2025,0,East,0,0,0,Flat,0,,0,,1,Overcast,519000,1,0,0,2,0,0,0,0,1,1,0,0,Auckland Region,Nil,2-way,Sealed,0,0,0,0,50,0,Off,0,0,,76,Auckland,Nil,0,0,0,0,1,0,Urban,0,0,0,Fine,Null
1753425.5999,5875874.6364,826936,,526103,0,,0,0,,East,2022/2023,COURT STREET,DOMAIN STREET,,Serious Crash,No,2023,,West,,0,,Flat,,,,,,Dark,837500,0,0,0,2,,,0,,,1,,,Auckland Region,Nil,2-way,Sealed,,0,1,,50,,On,0,0,,76,Auckland,Nil,,,,,0,0,Urban,0,,,Fine,Null
1762143.4018,5905981.8256,826940,,524200,0,,0,2,,Null,2022/2023,TIDAL ROAD,WAOKAURI PLACE,,Minor Crash,No,2023,,West,,0,,Flat,,,,,,Dark,728900,2,0,0,2,,,0,,,,,,Auckland Region,Nil,2-way,Sealed,,0,0,,50,,On,0,0,,76,Auckland,Nil,,,,,0,0,Urban,0,,,Fine,Null
1761465.9273,5906733.853,826964,,524112,0,,0,1,,Null,2022/2023,SOUTH-WESTERN MOTORWAY,MASSEY ROAD ON RAMP,,Minor Crash,Yes,2023,,North,,0,,Flat,,,,,,Dark,742300,1,0,1,3,,,0,,,,,,Auckland Region,Nil,1-way,Sealed,,0,0,,100,,On,0,0,,76,Auckland,Nil,,,,,0,0,Open,0,,,Fine,Null
1744173.9028,5915913.4279,826972,,513012,0,0,0,1,0,Null,2022/2023,BORDER ROAD,MURILLO PLACE,,Minor Crash,No,2023,0,South,0,0,0,Flat,1,,0,,0,Dark,280908,2,0,0,1,0,0,0,0,0,,0,0,Auckland Region,Nil,2-way,Sealed,0,0,0,0,50,0,On,0,0,30,76,Auckland,Give way,0,0,0,0,0,0,Urban,0,0,0,Fine,Null
1767569.5306,5912321.7808,826973,,522910,0,0,0,3,0,South,2025/2026,MIRAMAR PLACE,RIVERHILLS AVENUE,,Minor Crash,No,2025,0,West,0,0,1,Flat,0,,0,,0,Bright sun,686501,1,0,0,2,0,1,0,0,1,1,0,0,Auckland Region,Nil,2-way,Sealed,0,0,0,0,50,0,Off,0,0,,76,Auckland,Nil,0,0,0,1,0,0,Urban,0,0,0,Fine,Null
1769448.786,5880392.1199,826979,,525922,0,,0,1,,Null,2025/2026,MANUKAU ROAD,SUBWAY ROAD,,Non-Injury Crash,No,2025,,South,,0,,Flat,,,,,,Overcast,823900,0,0,0,2,,,0,,,,,,Auckland Region,Nil,2-way,Sealed,,0,0,,50,,None,1,0,,76,Auckland,Give way,,,,,0,0,Urban,0,,,Light rain,Null
1751398.4012,5934299.4475,827003,,508701,0,,0,2,,Null,2025/2026,DAIRY FLAT HIGHWAY,OTEHA VALLEY ROAD EXTENSION,,Non-Injury Crash,No,2025,,South,,0,,Flat,,,,,,Bright sun,178501,0,0,0,2,,,0,,,,,,Auckland Region,Nil,1-way,Sealed,,0,0,,50,,Off,0,0,,76,Auckland,Traffic Signals,,,,,0,0,Urban,0,,,Fine,Null
1771211.4677,5915986.486,827013,,522603,0,0,0,1,0,Null,2025/2026,MACLEANS ROAD,BLEAKHOUSE ROAD,,Minor Crash,No,2025,0,East,0,0,0,Hill Road,0,,0,,0,Bright sun,678502,1,0,0,2,0,0,0,0,0,,0,1,Auckland Region,Nil,2-way,Sealed,0,0,0,0,50,0,Off,0,0,,76,Auckland,Give way,0,0,0,0,0,0,Urban,0,0,0,Fine,Null
1755005.1531,5929379.0118,827035,,508420,0,,0,1,,Null,2024/2025,TARGET ROAD,LINK DRIVE,,Non-Injury Crash,No,2025,,South,,0,,Null,,,,,,Unknown,183800,0,0,0,4,,,0,,,,,,Auckland Region,Nil,2-way,Sealed,,0,0,,50,,Null,0,0,,76,Auckland,Traffic Signals,,,,,0,0,Urban,1,,,Null,Null
1770965.0682,5910738.2342,827058,,523110,0,,0,0,,South,2024/2025,KILKENNY DRIVE,INAGH CLOSE,,Minor Crash,No,2025,,South,,0,,Flat,,,,,,Bright sun,712020,1,0,0,2,,,0,,,1,,,Auckland Region,Nil,2-way,Sealed,,0,0,,50,,None,0,0,,76,Auckland,Nil,,,,,0,0,Urban,1,,,Fine,Null
1772040.6085,5898176.7766,827066,,523912,0,,0,1,,Null,2024/2025,PORCHESTER ROAD,SIRES PARKWAY,,Non-Injury Crash,No,2025,,North,,0,,Flat,,,,,,Overcast,767400,0,0,1,2,,,0,,,,,,Auckland Region,Nil,2-way,Sealed,,0,0,,50,,Off,0,0,,76,Auckland,Give way,,,,,0,0,Urban,0,,,Light rain,Null
1760500.1521,5908785.755,827081,,524403,0,,0,1,,North,2025/2026,ROBERTSON ROAD,TILBERG STREET,,Minor Crash,No,2025,,North,,0,,Flat,,Christmas New Year,,,,Overcast,729901,1,0,0,2,,,0,,,1,,,Auckland Region,Nil,2-way,Sealed,,0,0,,50,,Off,0,0,,76,Auckland,Nil,,,,,0,0,Urban,0,,,Heavy rain,Strong wind
1756309.7348,5927390.5657,827100,,507900,0,,0,1,,South,2025/2026,NORTHERN MOTORWAY,NORTHCOTE ROAD OFF RAMP,,Non-Injury Crash,Yes,2025,,South,,0,,Flat,,,,,,Overcast,305202,0,0,0,3,,,0,,,,,,Auckland Region,Nil,1-way,Sealed,,0,0,,100,,Off,0,0,,76,Auckland,Nil,,,,,0,0,Open,1,,,Light rain,Null
1754335.3468,5916714.9323,827126,,517702,0,,0,2,,South,2025/2026,ST LUKES ROAD,MORNING STAR PLACE,,Non-Injury Crash,No,2026,,North,,0,,Flat,,,,,,Bright sun,540700,0,0,0,4,,,0,,,,,,Auckland Region,Nil,1-way,Sealed,,0,0,,50,,Off,0,0,,76,Auckland,Nil,,,,,0,0,Urban,0,,,Fine,Null
1767122.9151,5912411.7262,827133,,522910,0,0,0,3,0,North,2022/2023,TI RAKAU DRIVE,MARRIOTT ROAD,,Minor Crash,No,2023,0,South,0,0,0,Flat,0,,0,,0,Overcast,686000,1,0,0,4,0,0,0,0,0,,0,0,Auckland Region,Nil,2-way,Sealed,0,0,0,0,50,0,Off,0,0,,76,Auckland,Nil,0,0,0,1,0,0,Urban,0,0,0,Light rain,Null