X,Y,OBJECTID,advisorySpeed,areaUnitID,bicycle,bridge,bus,carStationWagon,cliffBank,crashDirectionDescription,crashFinancialYear,crashLocation1,crashLocation2,crashRoadSideRoad,crashSeverity,crashSHDescription,crashYear,debris,directionRoleDescription,ditch,fatalCount,fence,flatHill,guardRail,holiday,houseOrBuilding,intersection,kerb,light,meshblockId,minorInjuryCount,moped,motorcycle,NumberOfLanes,objectThrownOrDropped,otherObject,otherVehicleType,overBank,parkedVehicle,pedestrian,phoneBoxEtc,postOrPole,region,roadCharacter,roadLane,roadSurface,roadworks,schoolBus,seriousInjuryCount,slipOrFlood,speedLimit,strayAnimal,streetLight,suv,taxi,temporarySpeedLimit,tlaId,tlaName,trafficControl,trafficIsland,trafficSign,train,tree,truck,unknownVehicleType,urban,vanOrUtility,vehicle,waterRiver,weatherA,weatherB
1752407.6962,5913735.3148,827140,,514500,0,0,0,1,0,North,2024/2025,PASTEUR PLACE,MULGAN STREET,,Non-Injury Crash,No,2024,0,North,0,0,0,Hill Road,0,,0,,0,Dark,374101,0,0,0,2,0,0,0,0,1,,0,0,Auckland Region,Nil,2-way,Sealed,0,0,0,0,50,0,On,0,0,,76,Auckland,Nil,0,0,0,0,0,0,Urban,1,0,0,Fine,Null
1757975.7353,5914780.4507,827148,,518600,0,,0,2,,Null,2023/2024,MANUKAU ROAD,PAH ROAD,,Non-Injury Crash,No,2024,,North,,0,,Flat,,,,,,Dark,566400,0,0,0,3,,,0,,,,,,Auckland Region,Nil,2-way,Sealed,,0,0,,50,,On,0,0,,76,Auckland,Give way,,,,,0,0,Urban,0,,,Fine,None
1754916.8021,5913553.3733,827164,,518803,0,0,0,0,0,West,2024/2025,DOMINION ROAD ON RAMP,DOMINION ROAD,,Non-Injury Crash,No,2025,0,North,0,0,0,Flat,1,,0,,0,Bright sun,581900,0,0,0,1,0,0,0,0,0,,0,0,Auckland Region,Motorway ramp,1-way,Sealed,0,0,0,0,50,0,Off,1,0,,76,Auckland,Nil,0,0,0,0,0,0,Urban,0,0,0,Fine,Null
1763928.291,5912260.5845,827180,,520500,0,,0,2,,Null,2024/2025,SYLVIA PARK ROAD,MOUNT WELLINGTON HIGHWAY,,Non-Injury Crash,No,2025,,East,,0,,Flat,,,,,,Bright sun,637300,0,0,0,4,,,0,,,,,,Auckland Region,Nil,2-way,Sealed,,0,0,,50,,Off,0,0,,76,Auckland,Traffic Signals,,,,,0,0,Urban,0,,,Fine,Null
1768224.2917,5902357.5868,827182,,525001,0,0,0,1,0,South,2025/2026,GREAT SOUTH ROAD,ORAMS ROAD,,Minor Crash,No,2026,0,North,0,0,1,Flat,0,,0,,0,Dark,750800,1,0,0,2,0,0,0,0,0,,0,0,Auckland Region,Nil,2-way,Sealed,0,0,0,0,50,0,On,0,0,,76,Auckland,Nil,0,0,0,0,0,0,Urban,0,0,0,Fine,Null
1761131.4377,5914853.9003,827185,,520202,0,,0,5,,South,2022/2023,SOUTHERN MOTORWAY,ELLERSLIE FTBR,,Minor Crash,Yes,2023,,North,,0,,Flat,,,,,,Overcast,611900,1,0,0,4,,,0,,,,,,Auckland Region,Nil,1-way,Sealed,,0,0,,100,,Off,0,0,,76,Auckland,Nil,,,,,0,0,Open,0,,,Fine,Null
1757437.9296,5920619.4038,827188,,514102,0,0,0,1,0,North,2025/2026,QUEEN STREET,WYNDHAM STREET,,Non-Injury Crash,No,2025,0,North,0,0,0,Flat,0,,0,,0,Dark,433501,0,0,0,4,0,1,0,0,0,,0,0,Auckland Region,Nil,2-way,Sealed,0,0,0,0,30,0,On,0,0,,76,Auckland,Nil,0,0,0,0,0,0,Urban,0,0,0,Fine,Null
1754115.6899,5913182.8726,827206,,518802,0,0,0,1,0,Null,2025/2026,MAY ROAD,RICHARDSON ROAD,,Non-Injury Crash,No,2026,0,South,0,0,1,Flat,0,,0,,0,Overcast,579500,0,0,0,2,0,0,0,0,0,,0,0,Auckland Region,Nil,2-way,Sealed,0,0,0,0,50,0,Null,0,0,,76,Auckland,Traffic Signals,0,0,0,0,0,0,Urban,0,0,0,Light rain,Null
1768303.6695,5882101.2943,827209,,525910,0,0,0,2,0,North,2022/2023,MARGARITA RISE,KAYES ROAD,,Non-Injury Crash,No,2023,0,South,0,0,0,Flat,0,,0,,0,Dark,817704,0,0,0,2,0,0,0,0,1,,0,0,Auckland Region,Nil,2-way,Sealed,0,0,0,0,50,0,On,0,0,,76,Auckland,Nil,0,0,0,0,0,0,Urban,0,0,0,Light rain,Null
1756102.5431,5930168.7745,827225,,508520,0,,0,2,,South,2022/2023,FORREST HILL ROAD,BLAKEBOROUGH DRIVE,,Minor Crash,No,2023,,North,,0,,Hill Road,,,,,,Dark,148802,1,0,0,2,,,0,,,,,,Auckland Region,Nil,2-way,Sealed,,0,0,,50,,On,0,0,,76,Auckland,Nil,,,,,0,0,Urban,0,,,Fine,Null
1763153.7046,5905191.7598,827235,,524200,0,0,0,1,1,South,2024/2025,SOUTH-WESTERN MOTORWAY,PORTAGE OBR,,Non-Injury Crash,Yes,2024,0,North,0,0,0,Flat,0,,0,,0,Dark,728900,0,0,0,2,0,0,0,0,0,,0,0,Auckland Region,Nil,1-way,Sealed,0,0,0,0,100,0,On,0,0,,76,Auckland,Nil,0,0,0,0,0,0,Open,0,0,0,Fine,Null
1742914.7955,5888392.6874,827245,,521151,0,0,0,0,1,North,2025/2026,AWHITU ROAD,BARTHOW ROAD,,Non-Injury Crash,No,2026,0,West,0,0,0,Hill Road,0,,0,,0,Overcast,830200,0,0,0,2,0,0,0,0,0,,0,0,Auckland Region,Nil,2-way,Sealed,0,0,0,0,80,0,None,0,0,,76,Auckland,Nil,0,0,0,0,1,0,Open,0,0,0,Fine,Null
1756607.3096,5919545.9967,827274,,514102,0,0,0,1,0,West,2025/2026,DAY STREET,BERESFORD SQUARE,,Non-Injury Crash,No,2025,0,North,0,0,0,Flat,0,,0,,0,Dark,436002,0,0,0,1,0,0,0,0,1,,0,0,Auckland Region,Nil,1-way,Sealed,0,0,0,0,30,0,On,0,0,,76,Auckland,Nil,0,0,0,0,0,0,Urban,1,0,0,Fine,Null
1769886.0422,5900348.7682,827298,,524902,0,0,0,1,0,South,2025/2026,SOUTHERN MOTORWAY,ALFRISTON OBR,,Non-Injury Crash,Yes,2026,0,North,0,0,0,Flat,0,,0,,0,Twilight,759100,0,0,0,3,1,0,0,0,0,,0,0,Auckland Region,Nil,1-way,Sealed,0,0,0,0,100,0,Off,0,0,,76,Auckland,Nil,0,0,0,0,1,0,Open,0,0,0,Fine,Null
1757574.7475,5919126.1555,827300,,514302,0,0,0,2,0,West,2025/2026,PARK ROAD,SEAFIELD VIEW ROAD,,Minor Crash,No,2025,0,East,0,0,0,Flat,0,,0,,0,Twilight,442600,1,0,0,3,0,0,0,0,2,,0,0,Auckland Region,Nil,2-way,Sealed,0,0,0,0,50,0,Off,0,0,,76,Auckland,Nil,0,0,0,0,0,0,Urban,1,0,0,Fine,Null
1769058.4419,5903953.2793,827307,,523820,0,0,0,2,0,North,2025/2026,RANSOM SMYTH DRIVE,BOUGAINVILLAEA TERRACE,,Non-Injury Crash,No,2026,0,South,0,0,0,Hill Road,0,,0,,0,Overcast,760114,0,0,0,2,0,0,0,0,1,2,0,0,Auckland Region,Nil,2-way,Sealed,0,0,0,0,50,0,None,0,0,,76,Auckland,Nil,0,0,0,0,0,0,Urban,0,0,0,Light rain,Null
1778056.1098,5912077.6994,827321,,523300,0,0,0,0,0,North,2025/2026,WHITFORD MARAETAI ROAD,PUKERANGI RISE,,Serious Crash,No,2026,0,North,0,0,0,Flat,0,,0,,0,Overcast,718900,0,0,0,2,0,0,0,0,0,,0,0,Auckland Region,Nil,2-way,Sealed,0,0,1,0,80,0,None,0,0,,76,Auckland,Nil,0,0,0,1,0,0,Open,1,0,0,Fine,Null
1754961.4313,5930214.3233,827328,,508420,0,0,0,3,0,East,2025/2026,TOTARAVALE DRIVE,TAWAVALE CRESCENT,,Non-Injury Crash,No,2026,0,West,0,0,0,Flat,0,,0,,0,Dark,182300,0,0,0,2,0,0,0,0,1,,0,0,Auckland Region,Nil,2-way,Sealed,0,0,0,0,50,0,On,0,0,,76,Auckland,Nil,0,0,0,0,0,0,Urban,0,0,0,Fine,Null
1766910.9644,5907699.6089,827335,,523501,0,,0,1,,North,2025/2026,BAIRDS ROAD,EAST TAMAKI ROAD,,Non-Injury Crash,No,2026,,North,,0,,Flat,,,,,,Bright sun,700602,0,0,0,2,,,0,,,,,,Auckland Region,Nil,2-way,Sealed,,0,0,,50,,Off,0,0,,76,Auckland,Nil,,,,,1,0,Urban,0,,,Fine,Null
1759835.0624,5912160.5725,827348,,520000,0,0,0,0,0,Null,2024/2025,ALFRED STREET,BOND PLACE,,Non-Injury Crash,No,2025,0,South,0,0,0,Flat,0,,0,,0,Bright sun,607100,0,0,0,2,0,0,0,0,0,,0,1,Auckland Region,Nil,2-way,Sealed,0,0,0,0,50,0,Off,0,0,,76,Auckland,Nil,0,0,0,0,1,0,Urban,0,0,0,Fine,Null
1753239.4635,5914642.3479,827350,,518801,0,,0,2,,East,2025/2026,SH 20,MAIORO STREET ON RAMP,,Minor Crash,Yes,2025,,West,,0,,Flat,,,,,,Bright sun,578400,4,0,0,5,,,0,,,,,,Auckland Region,Motorway ramp,2-way,Sealed,,0,0,,80,,Off,0,0,,76,Auckland,Nil,,,,,0,0,Open,0,,,Fine,Null
1771266.3685,5898894.5197,827356,,523912,0,0,0,2,0,West,2024/2025,AIRFIELD ROAD,JADON CLOSE,,Non-Injury Crash,No,2025,0,West,0,0,0,Flat,0,,0,,0,Dark,767400,0,0,0,2,0,0,0,0,1,,0,0,Auckland Region,Nil,2-way,Sealed,0,0,0,0,50,0,On,0,0,,76,Auckland,Nil,0,0,0,0,0,0,Urban,0,0,0,Fine,Null
1763469.9353,5912769.6202,827372,,520500,0,,0,2,,Null,2023/2024,MOUNT WELLINGTON HWY OFF RAMP,SOUTHERN MOTORWAY,,Non-Injury Crash,No,2023,,East,,0,,Hill Road,,,,,,Bright sun,637400,0,0,0,2,,,0,,,,,,Auckland Region,Nil,1-way,Sealed,,0,0,,60,,Off,0,0,,76,Auckland,Nil,,,,,0,0,Urban,0,,,Fine,None
1768800.3023,5904557.7929,827374,,523722,0,,0,1,,East,2025/2026,REDOUBT ROAD,EVERGLADE DRIVE,,Non-Injury Crash,No,2025,,West,,0,,Null,,,,,,Unknown,715909,0,0,0,4,,,0,,,,,,Auckland Region,Nil,2-way,Sealed,,0,0,,50,,On,1,0,,76,Auckland,Nil,,,,,0,0,Urban,0,,,Fine,Null
1771340.7948,5900045.4348,827389,,523911,0,,0,0,,Null,2022/2023,PORCHESTER ROAD,POPES ROAD,,Minor Crash,No,2023,,South,,0,,Flat,,,,,,Bright sun,767100,1,0,0,2,,,0,,,,,,Auckland Region,Nil,2-way,Sealed,,0,0,,60,,Off,2,0,,76,Auckland,Stop,,,,,0,0,Urban,0,,,Fine,Null
1765016.8748,5907961.6034,827406,,523404,0,0,0,2,0,South,2025/2026,GREAT SOUTH ROAD,LAURESTON AVENUE,,Non-Injury Crash,No,2025,0,North,0,0,0,Flat,0,,0,,0,Dark,696801,0,0,0,2,0,0,0,0,2,,0,0,Auckland Region,Nil,2-way,Sealed,0,0,0,0,60,0,On,0,0,50,76,Auckland,Nil,0,0,0,0,0,0,Urban,1,0,0,Fine,Null
1769129.8825,5909156.712,827412,,523113,0,0,0,1,0,Null,2022/2023,LADY RUBY DRIVE,ACCENT DRIVE,,Minor Crash,No,2023,0,East,0,0,1,Flat,0,,0,,0,Dark,711811,1,0,0,2,0,0,0,0,0,,0,1,Auckland Region,Nil,2-way,Sealed,0,0,0,0,50,0,On,0,0,,76,Auckland,Give way,0,0,0,0,0,0,Urban,0,0,0,Light rain,Null
1765828.6998,5919602.7775,827418,,516700,0,,0,0,,North,2022/2023,ST HELIERS BAY ROAD,BRILLIANT STREET,,Minor Crash,No,2023,,North,,0,,Hill Road,,,,,,Bright sun,509800,2,0,0,2,,,0,,,1,,,Auckland Region,Nil,2-way,Sealed,,0,0,,50,,Off,0,0,,76,Auckland,Nil,,,,,0,0,Urban,1,,,Fine,Null
1764586.3232,5916345.954,827424,,520301,0,0,0,1,0,Null,2025/2026,MORRIN ROAD,STONEFIELDS AVENUE,,Non-Injury Crash,No,2026,0,North,0,0,0,Hill Road,0,,0,,0,Dark,465302,0,0,0,2,0,0,0,0,0,,0,0,Auckland Region,Speed hump,2-way,Sealed,0,0,0,0,50,0,On,0,0,,76,Auckland,Give way,1,0,0,1,0,0,Urban,0,0,0,Fine,Null
1751522.8987,5949800.3957,827425,,505805,0,,0,1,,Null,2022/2023,FLORENCE AVENUE,ALICE AVENUE,,Minor Crash,No,2023,,East,,0,,Flat,,,,,,Overcast,171500,1,0,0,2,,,0,,,1,,,Auckland Region,Nil,2-way,Sealed,,0,0,,50,,Off,0,0,,76,Auckland,Stop,,,,,0,0,Urban,0,,,Fine,Null
1756330.1666,5937383.2036,827449,,506903,0,0,0,0,0,South,2025/2026,WATEA ROAD,COUNTY ROAD,,Non-Injury Crash,No,2025,0,West,0,0,0,Null,0,,0,,0,Dark,169200,0,0,0,2,0,0,0,0,1,,0,0,Auckland Region,Nil,2-way,Sealed,0,0,0,0,50,0,Null,1,0,,76,Auckland,Nil,0,0,0,0,0,0,Urban,0,0,0,Fine,Null
1759475.3201,5916406.6971,827452,,516002,0,0,0,0,0,South,2022/2023,SOUTHERN MOTORWAY,OMAHU OBR,,Minor Crash,Yes,2023,0,North,0,0,0,Flat,1,,0,,0,Bright sun,492000,1,0,0,3,0,0,0,0,0,,0,0,Auckland Region,Nil,1-way,Sealed,0,0,0,0,100,0,Off,1,0,,76,Auckland,Nil,0,0,0,0,0,0,Open,0,0,0,Fine,Null
1756161.6175,5927700.8905,827470,,507900,0,,0,1,,South,2024/2025,NORTHERN MOTORWAY,WAIRAU OBR,,Minor Crash,Yes,2025,,South,,0,,Flat,,,,,,Bright sun,305202,2,0,0,3,,,0,,,,,,Auckland Region,Nil,1-way,Sealed,,0,0,,100,,Off,1,0,,76,Auckland,Nil,,,,,0,0,Open,0,,,Fine,Null
1744467.4209,5921931.6032,827479,,513512,0,,0,1,,South,2025/2026,NORTH-WESTERN MOTORWAY,ROYAL ROAD OFF RAMP,,Non-Injury Crash,Yes,2026,,North,,0,,Flat,,,,,,Bright sun,225702,0,0,0,3,,,0,,,,,,Auckland Region,Motorway ramp,1-way,Sealed,,0,0,,100,,Off,0,0,,76,Auckland,Nil,,,,,0,0,Open,1,,,Fine,Null
1770446.1381,5908269.9459,827492,,523115,0,0,0,1,0,East,2024/2025,MAGNOLIA PLACE,ERICA ROAD,,Non-Injury Crash,No,2024,0,East,0,0,0,Flat,0,,0,,0,Bright sun,712121,0,0,0,2,0,0,0,0,0,,0,0,Auckland Region,Nil,2-way,Sealed,0,0,0,0,50,0,On,0,0,,76,Auckland,Nil,0,0,0,1,0,0,Urban,0,0,0,Fine,Null
1768631.8155,5909784.012,827499,,523112,0,0,0,1,0,North,2025/2026,HARRIS ROAD,SMALES ROAD,,Non-Injury Crash,No,2025,0,South,0,0,0,Null,0,,0,,0,Bright sun,711500,0,0,0,4,0,0,0,0,0,,0,0,Auckland Region,Nil,2-way,Sealed,0,0,0,0,,0,Null,0,0,,76,Auckland,Traffic Signals,0,0,0,0,1,1,Urban,0,2,0,Fine,Null
1753381.0854,5928064.3471,827507,,508210,0,,0,2,,South,2024/2025,KAIPATIKI ROAD,WAVERLEY AVENUE,,Non-Injury Crash,No,2025,,North,,0,,Flat,,,,,,Unknown,186700,0,0,0,2,,,0,,,,,,Auckland Region,Nil,2-way,Sealed,,0,0,,50,,Null,0,0,,76,Auckland,Nil,,,,,0,0,Urban,0,,,Light rain,Null
1739986.1145,5928381.7423,827525,,505604,0,,0,4,,South,2022/2023,SH 16,OLD RAILWAY ROAD,,Minor Crash,Yes,2023,,North,,0,,Flat,,,,,,Dark,214501,1,0,0,2,,,0,,,,,,Auckland Region,Nil,2-way,Sealed,,0,0,,50,,On,0,0,,76,Auckland,Nil,,,,,0,0,Urban,1,,,Heavy rain,Null
1727091.6832,5942902.8946,827536,,506644,0,,0,0,,Null,2025/2026,PARKHURST ROAD,GREEN ROAD,,Minor Crash,No,2026,,South,,0,,Flat,,,,,,Overcast,210901,2,0,1,2,,,0,,,,,,Auckland Region,Nil,2-way,Sealed,,0,0,,80,,None,0,0,,76,Auckland,Give way,,,,,0,0,Open,0,,,Fine,Null
1755657.0991,5934910.9504,827544,,507101,0,,0,1,,North,2025/2026,BEACH ROAD,ARGYLE ROAD,,Minor Crash,No,2025,,North,,0,,Flat,,,,,,Overcast,161900,1,0,0,2,,,0,,,1,,,Auckland Region,Nil,2-way,Sealed,,0,0,,50,,Off,0,0,,76,Auckland,Nil,,,,,0,0,Urban,0,,,Fine,Null
1757212.112,5926966.5176,827552,,507900,0,,0,1,,Null,2025/2026,TAHAROTO ROAD,FRED THOMAS DRIVE,,Non-Injury Crash,No,2025,,South,,0,,Flat,,,,,,Overcast,305000,0,0,0,6,,,0,,,,,,Auckland Region,Nil,2-way,Sealed,,0,0,,50,,On,0,0,,76,Auckland,Traffic Signals,,,,,0,0,Urban,1,,,Fine,Null
1771852.8362,5895191.2584,827568,,525540,0,0,0,0,0,East,2025/2026,BEACH ROAD,ELLIOT STREET,,Minor Crash,No,2026,0,East,0,0,1,Flat,0,,1,,0,Overcast,805901,1,0,0,2,0,1,0,0,0,,0,0,Auckland Region,Nil,2-way,Sealed,0,0,0,0,50,0,Off,0,0,,76,Auckland,Nil,0,0,0,0,0,0,Urban,1,0,0,Fine,Null
1769790.5673,5894322.6422,827574,,521201,0,,0,1,,East,2024/2025,HINGAIA ROAD,HIKIHIKI DRIVE,,Non-Injury Crash,No,2025,,East,,0,,Flat,,,,,,Bright sun,806601,0,0,0,2,,,0,,,,,,Auckland Region,Nil,2-way,Sealed,,0,0,,50,,None,1,0,,76,Auckland,Nil,,,,,0,0,Urban,0,,,Fine,Null
1754622.6562,5925038.2087,827581,,509800,0,0,1,0,0,North,2025/2026,KAURI GLEN ROAD,SATCHELL PLACE,,Non-Injury Crash,No,2025,0,South,0,0,0,Hill Road,0,,0,,0,Unknown,361300,0,0,0,2,0,0,0,0,1,,0,0,Auckland Region,Nil,2-way,Sealed,0,0,0,0,50,0,Null,1,0,,76,Auckland,Nil,0,0,0,0,0,0,Urban,0,0,0,Fine,Null
1761677.0623,5885185.5186,827582,,521122,0,,0,1,,South,2022/2023,GLENBROOK ROAD,CUFF ROAD,,Minor Crash,No,2023,,West,,0,,Flat,,,,,,Overcast,810904,2,0,0,2,,,0,,,,,,Auckland Region,Nil,2-way,Sealed,,0,0,,80,,None,0,0,,76,Auckland,Nil,,,,,0,0,Open,1,,,Fine,Null
1746572.1385,5915611.5966,827589,,511601,1,,0,1,,Null,2022/2023,GREAT NORTH ROAD,VIEW ROAD,,Minor Crash,No,2023,,North,,0,,Flat,,,,,,Twilight,276006,1,0,0,4,,,0,,,,,,Auckland Region,Nil,2-way,Sealed,,0,0,,50,,On,0,0,,76,Auckland,Traffic Signals,,,,,0,0,Urban,0,,,Fine,Null
1755367.5442,5929408.0796,827596,,508420,0,,0,2,,North,2022/2023,NORTHERN MOTORWAY,TRISTRAM AVENUE ON RAMP,,Non-Injury Crash,Yes,2023,,North,,0,,Flat,,,,,,Bright sun,183800,0,0,0,4,,,0,,,,,,Auckland Region,Nil,1-way,Sealed,,0,0,,100,,Off,0,0,,76,Auckland,Nil,,,,,0,0,Open,0,,,Fine,Null
1766978.9494,5906681.916,827612,,522302,0,0,0,1,0,East,2022/2023,CORNWALL ROAD,MORRIS AVENUE,,Non-Injury Crash,No,2023,0,North,0,0,1,Flat,0,,0,,0,Dark,669700,0,0,0,2,0,0,0,0,0,,0,0,Auckland Region,Nil,2-way,Sealed,0,0,0,0,50,0,On,0,0,,76,Auckland,Nil,0,0,0,0,0,0,Urban,0,0,0,Light rain,Null
1768953.6233,5881284.0243,827613,,525910,0,,0,1,,South,2025/2026,EDINBURGH STREET,STADIUM DRIVE,,Minor Crash,No,2025,,North,,0,,Flat,,,,,,Overcast,819100,1,0,0,2,,,0,,,,,,Auckland Region,Nil,2-way,Sealed,,0,0,,50,,Off,0,0,,76,Auckland,Nil,,,,,0,0,Urban,1,,,Fine,Null
1755326.3483,5920785.2904,827629,,515302,0,,0,1,,Null,2024/2025,JERVOIS ROAD,BLAKE STREET,,Non-Injury Crash,No,2025,,North,,0,,Flat,,,,,,Dark,429000,0,0,0,4,,,0,,,,,,Auckland Region,Nil,2-way,Sealed,,0,0,,50,,On,0,0,,76,Auckland,Stop,,,,,0,0,Urban,0,,,Fine,Null
1765534.1562,5907015.5618,827645,,522301,0,,0,2,,North,2024/2025,GREAT SOUTH ROAD,EAST TAMAKI ROAD,,Minor Crash,No,2024,,South,,0,,Flat,,,,,,Bright sun,666200,1,0,0,5,,,0,,,,,,Auckland Region,Nil,2-way,Sealed,,0,0,,50,,Null,0,0,,76,Auckland,Nil,,,,,0,0,Urban,0,,,Fine,Null
1756736.5273,5927502.3884,827651,,507900,0,0,0,0,0,Null,2025/2026,NORTHCOTE ROAD,TAHAROTO ROAD,,Serious Crash,No,2025,0,South,0,0,0,Flat,0,,0,,0,Dark,304400,0,0,0,3,0,0,0,0,0,,1,0,Auckland Region,Nil,2-way,Sealed,0,0,1,0,50,0,On,1,0,,76,Auckland,Traffic Signals,0,0,0,0,0,0,Urban,0,0,0,Fine,Null
1763881.8188,5904385.6335,827661,,524604,0,,0,1,,North,2025/2026,PUHINUI ROAD-SH 20B ON RAMP,PUHINUI ROAD,,Non-Injury Crash,Yes,2025,,North,,0,,Hill Road,,,,,,Bright sun,780902,0,0,0,2,,,0,,,,,,Auckland Region,Nil,1-way,Sealed,,0,0,,50,,Off,0,0,,76,Auckland,Traffic Signals,,,,,0,0,Urban,1,,,Fine,Null
1764984.2673,5913127.5169,827667,55,520500,0,0,0,1,0,East,2024/2025,SOUTH-EASTERN HIGHWAY,CARBINE ROAD,,Non-Injury Crash,No,2025,0,East,0,0,0,Flat,0,,0,,0,Twilight,639000,0,0,0,4,0,0,0,0,0,,0,1,Auckland Region,Motorway ramp,2-way,Sealed,0,0,0,0,80,0,On,0,0,60,76,Auckland,Nil,0,0,0,0,0,0,Open,0,0,0,Fine,Null
1756900.519,5919248.1354,827685,,514200,0,,0,1,,West,2024/2025,SOUTHERN MOTORWAY,NORTH-WESTERN TO SOUTHERN LINK,,Non-Injury Crash,Yes,2024,,East,,0,,Flat,,,,,,Bright sun,412200,0,0,0,3,,,0,,,,,,Auckland Region,Bridge,1-way,Sealed,,0,0,,80,,Off,0,0,,76,Auckland,Nil,,,,,0,0,Open,1,,,Fine,Null
1741574.9439,5927121.171,827688,,513701,0,,0,4,,South,2022/2023,SH 16,COATESVILLE-RIVERHEAD HIGHWAY,,Non-Injury Crash,Yes,2023,,South,,0,,Hill Road,,,,,,Overcast,220200,0,0,0,3,,,0,,,,,,Auckland Region,Nil,2-way,Sealed,,0,0,,80,,Off,0,0,,76,Auckland,Nil,,,,,0,0,Open,1,,,Light rain,Null
1763679.4046,5906651.488,827691,,524301,0,0,0,2,0,Null,2024/2025,ROSEBANK ROAD,FRANKLIN AVENUE,,Non-Injury Crash,No,2025,0,West,0,0,0,Flat,0,,0,,0,Dark,656900,0,0,0,2,0,0,0,0,1,,0,0,Auckland Region,Nil,2-way,Sealed,0,0,0,0,50,0,On,0,0,,76,Auckland,Nil,0,0,0,0,0,0,Urban,0,0,0,Fine,Null
1779248.345,5905462.5424,827699,,525201,0,0,0,1,0,East,2024/2025,TWILIGHT ROAD,KIMPTONS ROAD,,Non-Injury Crash,No,2024,0,West,1,0,0,Hill Road,0,,0,,0,Dark,762200,0,0,0,2,0,0,0,0,0,,0,0,Auckland Region,Nil,2-way,Sealed,0,0,0,0,60,0,None,0,0,,76,Auckland,Nil,0,0,0,0,0,0,Urban,0,0,0,Light rain,Null
1761488.1345,5908064.6063,827709,,524510,0,0,0,1,0,South,2024/2025,GARUS AVENUE,ARCHBOYD AVENUE,,Non-Injury Crash,No,2025,0,North,0,0,0,Flat,0,,0,,0,Dark,733900,0,0,0,2,0,0,0,0,1,,0,0,Auckland Region,Nil,2-way,Sealed,0,0,0,0,50,0,On,0,0,,76,Auckland,Nil,0,0,0,0,0,0,Urban,1,0,0,Light rain,Null
1747833.4905,5909783.1104,827717,,512000,0,0,0,1,0,South,2024/2025,TANEKAHA ROAD,OTITORI BAY ROAD,,Non-Injury Crash,No,2025,0,South,0,0,0,Null,0,,0,,0,Unknown,296100,0,0,0,2,0,0,0,0,1,,0,1,Auckland Region,Nil,2-way,Sealed,0,0,0,0,50,0,Null,0,0,,76,Auckland,Nil,0,0,0,0,0,1,Urban,0,0,0,Null,Null
1768676.93,5904530.9009,827720,,523722,0,,0,2,,East,2022/2023,REDOUBT ROAD,ANCONA LANE,,Minor Crash,No,2023,,East,,0,,Hill Road,,,,,,Dark,715917,1,0,0,5,,,0,,,,,,Auckland Region,Nil,2-way,Sealed,,0,0,,50,,On,0,0,,76,Auckland,Nil,,,,,0,0,Urban,0,,,Fine,Null
1749422.4467,5913904.1324,827724,,511302,0,,0,1,,Null,2022/2023,TITIRANGI ROAD,GREAT NORTH ROAD,,Minor Crash,No,2023,,North,,0,,Hill Road,,,,,,Dark,268900,2,0,0,5,,,0,,,,,,Auckland Region,Nil,2-way,Sealed,,0,0,,50,,On,0,0,,76,Auckland,Traffic Signals,,,,,0,0,Urban,1,,,Light rain,Null
1753620.9203,5911943.0132,827731,,518902,0,,0,2,,South,2025/2026,HILLSBOROUGH ROAD,THE AVENUE,,Non-Injury Crash,No,2025,,South,,0,,Flat,,,,,,Bright sun,587500,0,0,0,4,,,0,,,,,,Auckland Region,Nil,2-way,Sealed,,0,0,,50,,Off,0,0,,76,Auckland,Nil,,,,,0,0,Urban,0,,,Fine,Null
1753789.3458,5926007.3007,827732,,508220,0,,0,2,,Null,2022/2023,GLENFIELD ROAD,ESKDALE ROAD,,Serious Crash,No,2023,,North,,0,,Hill Road,,,,,,Dark,189500,0,0,0,3,,,0,,,,,,Auckland Region,Nil,2-way,Sealed,,0,1,,50,,On,0,0,,76,Auckland,Traffic Signals,,,,,0,0,Urban,0,,,Fine,Null
1750936.524,5913807.1798,827739,,514600,0,,0,2,,Null,2025/2026,WOLVERTON STREET,TAYLOR STREET,,Non-Injury Crash,No,2025,,West,,0,,Flat,,,,,,Bright sun,372101,0,0,0,2,,,0,,,,,,Auckland Region,Nil,2-way,Sealed,,0,0,,50,,Off,0,0,,76,Auckland,Traffic Signals,,,,,0,0,Urban,0,,,Fine,Null
1774057.739,5895622.2942,827747,,525510,0,0,0,2,0,Null,2024/2025,BATES STREET,CALVERT STREET,,Non-Injury Crash,No,2025,0,North,0,0,1,Flat,0,,0,,0,Dark,800700,0,0,0,0,0,0,0,0,1,,0,0,Auckland Region,Nil,2-way,Sealed,0,0,0,0,50,0,On,1,0,,76,Auckland,Nil,0,0,0,0,0,0,Urban,0,0,0,Fine,Null
1763455.9003,5915024.6452,827748,,520303,0,,0,0,,West,2023/2024,ELLERSLIE-PANMURE HIGHWAY,BURT ROAD,,Minor Crash,No,2023,,West,,0,,Flat,,,,,,Bright sun,626700,1,0,0,4,,,0,,,1,,,Auckland Region,Nil,2-way,Sealed,,0,0,,50,,Off,0,0,,76,Auckland,Nil,,,,,0,0,Urban,1,,,Fine,Null