X,Y,OBJECTID,advisorySpeed,areaUnitID,bicycle,bridge,bus,carStationWagon,cliffBank,crashDirectionDescription,crashFinancialYear,crashLocation1,crashLocation2,crashRoadSideRoad,crashSeverity,crashSHDescription,crashYear,debris,directionRoleDescription,ditch,fatalCount,fence,flatHill,guardRail,holiday,houseOrBuilding,intersection,kerb,light,meshblockId,minorInjuryCount,moped,motorcycle,NumberOfLanes,objectThrownOrDropped,otherObject,otherVehicleType,overBank,parkedVehicle,pedestrian,phoneBoxEtc,postOrPole,region,roadCharacter,roadLane,roadSurface,roadworks,schoolBus,seriousInjuryCount,slipOrFlood,speedLimit,strayAnimal,streetLight,suv,taxi,temporarySpeedLimit,tlaId,tlaName,trafficControl,trafficIsland,trafficSign,train,tree,truck,unknownVehicleType,urban,vanOrUtility,vehicle,waterRiver,weatherA,weatherB
1755273.9541,5929711.5436,827764,,508420,0,0,0,1,0,North,2022/2023,NORTHERN MOTORWAY,TRISTRAM AVENUE ON RAMP,,Minor Crash,Yes,2023,0,North,0,0,0,Flat,1,,0,,0,Dark,183800,1,0,0,3,0,0,0,0,0,,0,0,Auckland Region,Nil,1-way,Sealed,0,0,0,0,100,0,On,0,0,,76,Auckland,Nil,0,0,0,0,0,0,Open,0,0,0,Heavy rain,Null
1757098.5107,5913725.0204,827765,,518702,0,,1,0,,Null,2024/2025,MOUNT ALBERT ROAD,BUCKLEY ROAD,,Non-Injury Crash,No,2025,,East,,0,,Null,,,,,,Unknown,567401,0,0,0,2,,,0,,,,,,Auckland Region,Nil,2-way,Sealed,,0,0,,50,,Null,0,0,,76,Auckland,Stop,,,,,0,0,Urban,1,,,Fine,Null
1751317.7988,5917652.5504,827771,,514900,0,0,0,3,0,South,2024/2025,DAVENTRY STREET,HEMINGTON STREET,,Non-Injury Crash,No,2024,0,South,0,0,0,Flat,0,,0,,0,Dark,385500,0,0,0,2,0,0,0,0,1,,0,0,Auckland Region,Nil,2-way,Sealed,0,0,0,0,30,0,On,0,0,,76,Auckland,Nil,0,0,0,0,0,0,Urban,0,0,0,Fine,Null
1743992.3175,5918848.6498,827779,,513220,0,,0,1,,Null,2025/2026,SWANSON ROAD,FRANK EVANS PLACE,,Non-Injury Crash,No,2025,,North,,0,,Flat,,,,,,Bright sun,236103,0,0,0,2,,,0,,,,,,Auckland Region,Nil,2-way,Sealed,,0,0,,50,,Off,1,0,,76,Auckland,Nil,,,,,0,0,Urban,0,,,Fine,Null
1765097.9057,5913363.0199,827784,,520500,0,0,0,1,0,Null,2022/2023,SOUTH-EASTERN HIGHWAY,WAIPUNA ROAD,,Minor Crash,No,2023,0,North,0,0,0,Flat,1,,0,,0,Dark,638908,1,0,0,3,0,0,0,0,0,,0,0,Auckland Region,Nil,1-way,Sealed,0,0,0,0,80,0,On,0,0,,76,Auckland,Traffic Signals,0,0,0,0,0,0,Open,0,0,0,Fine,Null
1747772.7426,5913480.617,827787,,511100,0,0,0,0,0,East,2025/2026,WEST COAST ROAD,PLEASANT ROAD,,Non-Injury Crash,No,2025,0,East,0,0,1,Hill Road,0,,0,,0,Dark,286100,0,0,0,2,0,0,0,0,0,,0,1,Auckland Region,Nil,2-way,Sealed,0,0,0,0,50,0,Off,0,0,,76,Auckland,Nil,0,0,0,0,1,0,Urban,0,0,0,Fine,Null
1757207.6737,5926969.3515,827797,,507900,0,,0,2,,Null,2025/2026,TAHAROTO ROAD,ANZAC STREET,,Minor Crash,No,2025,,South,,0,,Flat,,,,,,Overcast,305000,3,0,0,4,,,0,,,,,,Auckland Region,Nil,2-way,Sealed,,0,0,,50,,Off,0,0,,76,Auckland,Traffic Signals,,,,,0,0,Urban,0,,,Fine,Null
1757287.0518,5920654.6283,827803,,514102,0,,0,0,,Null,2024/2025,WYNDHAM STREET,ALBERT STREET,,Non-Injury Crash,No,2025,,East,,0,,Hill Road,,,,,,Overcast,433401,0,0,0,4,,,0,,,,,,Auckland Region,Nil,2-way,Sealed,,0,0,,30,,Off,1,0,,76,Auckland,Traffic Signals,,,,,0,0,Urban,1,,,Fine,Null
1743738.2092,5923910.1877,827805,,513410,0,,0,1,,Null,2024/2025,FRED TAYLOR DRIVE,MAKI STREET,,Non-Injury Crash,No,2025,,East,,0,,Flat,,Queens Birthday,,,,Bright sun,224000,0,0,0,6,,,0,,,,,,Auckland Region,Nil,2-way,Sealed,,0,0,,50,,Off,1,0,,76,Auckland,Traffic Signals,,,,,0,0,Urban,0,,,Fine,Null
1772485.2018,5897094.92,827827,,525630,0,0,0,1,0,Null,2025/2026,PORCHESTER ROAD,TAUARAI PLACE,,Non-Injury Crash,No,2025,0,North,0,0,0,Flat,0,,0,,0,Dark,794700,0,0,0,2,0,1,0,0,0,,0,1,Auckland Region,Nil,2-way,Sealed,0,0,0,0,50,0,On,0,0,,76,Auckland,Nil,0,0,0,0,0,0,Urban,0,0,0,Heavy rain,Null
1772049.6191,5907688.6235,827829,,523116,0,0,0,1,0,East,2025/2026,BRIAR VALE PLACE,PACKSPUR DRIVE,,Non-Injury Crash,No,2025,0,East,0,0,0,Hill Road,0,,0,,0,Dark,712226,0,0,0,2,0,0,0,0,1,2,0,0,Auckland Region,Nil,2-way,Sealed,0,0,0,0,50,0,On,1,0,40,76,Auckland,Nil,0,0,0,0,0,0,Urban,1,0,0,Fine,Null
1746120.9647,5917005.3527,827835,,510800,0,,0,2,,Null,2024/2025,GREAT NORTH ROAD,MCLEOD ROAD,,Non-Injury Crash,No,2025,,East,,0,,Hill Road,,,,,,Overcast,243400,0,0,0,3,,,0,,,,,,Auckland Region,Nil,2-way,Sealed,,0,0,,50,,Off,1,0,,76,Auckland,Stop,,,,,0,0,Urban,0,,,Light rain,Null
1752428.629,5917605.0959,827845,,515003,0,,0,2,,Null,2024/2025,CARRINGTON ROAD,SEGAR AVENUE,,Non-Injury Crash,No,2024,,South,,0,,Flat,,,,,,Twilight,391602,0,0,0,2,,,0,,,,,,Auckland Region,Nil,2-way,Sealed,,0,0,,50,,Null,0,0,,76,Auckland,Give way,,,,,0,0,Urban,0,,,Fine,Null
1734595.4228,5958646.9476,827883,,506613,0,,0,2,,South,2025/2026,MARTIN ACCESS ROAD,WEST COAST ROAD,,Minor Crash,No,2025,,South,,0,,Flat,,,,,,Bright sun,146400,2,0,0,2,,,0,,,,,,Auckland Region,Nil,2-way,Unsealed,,0,0,,100,,None,0,0,,76,Auckland,Nil,,,,,0,0,Open,0,,,Fine,Null
1740301.1817,5920327.319,827885,,513702,0,0,0,1,1,North,2024/2025,SUNNYVALE ROAD,CROWS ROAD,,Non-Injury Crash,No,2025,0,South,0,0,0,Hill Road,0,,0,,0,Bright sun,229702,0,0,0,2,0,0,0,0,0,,0,0,Auckland Region,Nil,2-way,Sealed,0,0,0,0,60,0,Off,0,0,,76,Auckland,Nil,0,0,0,0,0,0,Urban,0,0,0,Fine,Null
1739984.4355,5961808.6877,827891,,506613,0,0,0,1,1,East,2025/2026,AHUROA ROAD,AHUROA VALLEY ROAD,,Non-Injury Crash,No,2025,0,West,0,0,0,Flat,0,,0,,0,Overcast,146800,0,0,0,2,0,0,0,0,0,,0,0,Auckland Region,Nil,2-way,Unsealed,0,0,0,0,100,0,None,0,0,,76,Auckland,Nil,0,0,0,0,0,0,Open,0,0,0,Light rain,Null
1765629.5815,5908840.16,827896,,523402,0,0,0,1,0,Null,2022/2023,HELLABYS ROAD,HIGHBROOK DRIVE,,Non-Injury Crash,No,2023,0,North,0,0,0,Flat,0,,0,,0,Bright sun,696900,0,0,0,2,0,0,0,0,0,,0,0,Auckland Region,Motorway ramp,2-way,Sealed,0,0,0,0,50,0,Off,0,0,,76,Auckland,Give way,1,0,0,0,0,0,Urban,0,0,0,Fine,Null
1755726.0194,5919623.7909,827899,,515420,0,,0,2,,Null,2025/2026,PONSONBY ROAD,RICHMOND ROAD,,Non-Injury Crash,No,2025,,Null,,0,,Flat,,,,,,Dark,409100,0,0,0,4,,,0,,,,,,Auckland Region,Nil,2-way,Sealed,,0,0,,50,,On,0,0,,76,Auckland,Traffic Signals,,,,,0,0,Urban,0,,,Fine,Null
1764280.844,5912329.6332,827912,,520500,0,,0,2,,East,2022/2023,SOUTHERN MOTORWAY,CLEMOW UNDERPASS,,Minor Crash,Yes,2023,,East,,0,,Flat,,,,,,Dark,639300,1,0,0,2,,,0,,,,,,Auckland Region,Nil,1-way,Sealed,,0,0,,100,,On,0,1,,76,Auckland,Nil,,,,,0,0,Open,0,,,Fine,Null
1771051.4618,5898253.7554,827915,,523912,0,,0,1,,Null,2025/2026,GREAT SOUTH ROAD,BEACH ROAD,,Minor Crash,No,2025,,South,,0,,Flat,,,,,,Overcast,767705,1,0,1,2,,,0,,,,,,Auckland Region,Nil,2-way,Sealed,,0,0,,50,,Off,0,0,,76,Auckland,Stop,,,,,0,0,Urban,0,,,Fine,Null
1752789.5689,5934077.1768,827917,,508701,0,,0,0,,South,2024/2025,CIVIC CRESCENT,DON MCKINNON DRIVE,,Non-Injury Crash,No,2024,,West,,0,,Null,,,,,,Overcast,178900,0,0,0,3,,,0,,,,,,Auckland Region,Nil,1-way,Sealed,,0,0,,30,,Null,1,0,,76,Auckland,Nil,,,,,0,0,Urban,1,,,Light rain,Null
1754500.3971,5916576.7973,827925,,517701,0,,0,1,,Null,2024/2025,ST LUKES ROAD,FOWLDS AVENUE,,Non-Injury Crash,No,2024,,West,,0,,Flat,,,,,,Dark,536100,0,0,0,1,,,0,,,,,,Auckland Region,Nil,1-way,Sealed,,0,0,,50,,On,1,0,,76,Auckland,Give way,,,,,0,0,Urban,0,,,Fine,Null
1747722.9897,5912042.9308,827936,,511901,0,0,0,1,0,Null,2022/2023,HIGHLAND AVENUE,DERWENT CRESCENT,,Non-Injury Crash,No,2023,0,North,0,0,1,Flat,0,,0,,0,Overcast,292600,0,0,0,2,0,0,0,0,0,,0,0,Auckland Region,Nil,2-way,Sealed,0,0,0,0,50,0,None,0,0,,76,Auckland,Give way,0,0,0,0,0,0,Urban,0,0,0,Light rain,Null
1753193.9016,5914945.6223,827941,,518801,0,,0,1,,Null,2025/2026,RICHARDSON ROAD,O'DONNELL AVENUE,,Non-Injury Crash,No,2026,,South,,0,,Flat,,,,,,Bright sun,575300,0,0,0,4,,,0,,,,,,Auckland Region,Nil,2-way,Sealed,,0,0,,50,,Off,0,0,,76,Auckland,Stop,,,,,0,0,Urban,1,,,Fine,Null
1767101.7986,5904764.1919,827964,,524603,0,,0,0,,Null,2025/2026,CAVENDISH DRIVE,SHARKEY STREET,,Serious Crash,No,2026,,East,,0,,Flat,,,,,,Dark,780205,0,0,0,5,,,0,,,1,,,Auckland Region,Nil,2-way,Sealed,,0,1,,60,,On,0,0,,76,Auckland,Traffic Signals,,,,,0,0,Urban,0,,,Fine,Null
1764694.5605,5910252.5657,827967,,521801,0,0,0,3,0,West,2023/2024,PRINCES STREET,OAK GROVE,,Minor Crash,No,2023,0,East,0,0,1,Flat,0,,0,,0,Overcast,787100,1,0,0,4,0,0,0,0,0,,0,0,Auckland Region,Nil,2-way,Sealed,0,0,0,0,50,0,On,0,0,,76,Auckland,Nil,0,0,0,0,0,0,Urban,0,0,0,Light rain,Null
1726924.715,5940937.1601,827981,,506644,0,0,0,1,0,West,2022/2023,FORDYCE ROAD,RAABIA CLOSE,,Minor Crash,No,2023,0,West,0,0,0,Flat,0,,0,,1,Dark,210907,2,0,0,2,0,0,0,0,0,,0,1,Auckland Region,Nil,2-way,Sealed,0,0,0,0,80,0,Off,0,0,,76,Auckland,Nil,0,0,0,0,0,0,Open,0,0,0,Fine,Null
1747835.0921,5971485.86,827986,,506661,0,0,0,0,0,Null,2025/2026,TE HONOHONO KI TAI ROAD,OLD SH 1,,Non-Injury Crash,No,2025,0,South,0,0,0,Flat,1,,0,,0,Bright sun,139106,0,0,0,4,0,0,0,0,0,,0,0,Auckland Region,Nil,2-way,Sealed,0,0,0,0,60,0,Off,0,0,,76,Auckland,Traffic Signals,0,0,0,0,1,0,Urban,0,0,0,Fine,Null
1751618.7052,5934052.7198,828009,,508701,0,,0,5,,Null,2022/2023,ALBANY HIGHWAY,DAIRY FLAT HIGHWAY,,Non-Injury Crash,No,2023,,East,,0,,Flat,,,,,,Bright sun,178800,0,0,0,5,,,0,,,,,,Auckland Region,Nil,2-way,Sealed,,0,0,,50,,Off,0,0,,76,Auckland,Traffic Signals,,,,,0,0,Urban,0,,,Fine,Null
1749292.9894,5914259.0117,828013,,511302,0,,0,2,,Null,2022/2023,RIMU STREET,NIKAU STREET,,Non-Injury Crash,No,2023,,East,,0,,Flat,,,,,,Twilight,268600,0,0,0,2,,,0,,,,,,Auckland Region,Nil,2-way,Sealed,,0,0,,50,,On,0,0,,76,Auckland,Give way,,,,,0,0,Urban,0,,,Heavy rain,Strong wind
1756048.373,5934538.1733,828024,,507200,0,0,0,1,0,South,2024/2025,KOROTAHA TERRACE,MASTERTON ROAD,,Non-Injury Crash,No,2024,0,South,0,0,0,Hill Road,0,,0,,0,Dark,156800,0,0,0,2,0,0,0,0,1,,0,0,Auckland Region,Nil,2-way,Sealed,0,0,0,0,50,0,On,0,0,,76,Auckland,Nil,0,0,0,0,0,0,Urban,1,0,0,Fine,Null
1748671.6049,5945194.5688,828032,,506201,0,,0,1,,North,2024/2025,NORTHERN MOTORWAY,SILVERDALE OFF RAMP,,Non-Injury Crash,Yes,2024,,North,,0,,Flat,,,,,,Bright sun,176801,0,0,0,2,,,0,,,,,,Auckland Region,Nil,1-way,Sealed,,0,0,,100,,On,0,0,,76,Auckland,Nil,,,,,1,0,Open,0,,,Fine,Null
1756763.3381,5913206.4242,828045,,518702,0,,0,2,,North,2022/2023,HILLSBOROUGH ROAD,HAUGHEY AVENUE,,Non-Injury Crash,No,2023,,North,,0,,Hill Road,,,,,,Overcast,567700,0,0,0,2,,,0,,,,,,Auckland Region,Nil,2-way,Sealed,,0,0,,50,,Off,0,0,30,76,Auckland,Nil,,,,,0,0,Urban,0,,,Light rain,Null
1755587.3353,5925585.2542,828048,,509701,0,,0,2,,Null,2024/2025,RALEIGH ROAD,LAKE ROAD,,Non-Injury Crash,No,2025,,East,,0,,Hill Road,,,,,,Overcast,367100,0,0,0,2,,,0,,,,,,Auckland Region,Nil,2-way,Sealed,,0,0,,50,,None,0,0,30,76,Auckland,Give way,,,,,0,0,Urban,0,,,Fine,Null
1766923.2352,5907646.7302,828049,,523602,0,,0,1,,Null,2022/2023,EAST TAMAKI ROAD,BAIRDS ROAD,,Non-Injury Crash,No,2023,,West,,0,,Null,,,,,,Unknown,709300,0,0,0,4,,,0,,,,,,Auckland Region,Nil,1-way,Sealed,,0,0,,60,,Null,0,0,,76,Auckland,Traffic Signals,,,,,1,0,Urban,0,,,Null,Null
1764652.1395,5909671.6279,828050,,521802,0,,0,0,,Null,2024/2025,HUTTON STREET,HIGH STREET,,Non-Injury Crash,No,2025,,North,,0,,Null,,,,,,Overcast,788602,0,0,0,2,,,0,,,,,,Auckland Region,Nil,2-way,Sealed,,0,0,,30,,Null,1,0,,76,Auckland,Stop,,,,,0,0,Urban,1,,,Light rain,Null
1758689.5773,5919760.2678,828071,,515902,0,0,0,1,0,North,2024/2025,PARNELL ROAD,DENBY STREET,,Non-Injury Crash,No,2024,0,West,0,0,0,Hill Road,0,,0,,0,Bright sun,452600,0,0,0,2,0,0,0,0,1,,0,0,Auckland Region,Nil,2-way,Sealed,0,0,0,0,50,0,Off,1,0,,76,Auckland,Nil,0,0,0,0,0,0,Urban,0,0,0,Fine,Null
1750172.5416,5946706.3998,828073,,505806,0,,0,1,,Null,2025/2026,SILVERDALE STREET,CENTRAL BOULEVARD,,Minor Crash,No,2026,,South,,0,,Flat,,,,,,Overcast,176504,2,0,0,2,,,0,,,,,,Auckland Region,Nil,2-way,Sealed,,0,0,,50,,Off,1,0,,76,Auckland,Give way,,,,,0,0,Urban,0,,,Fine,Null
1769107.7575,5901969.0969,828081,,524901,0,,0,2,,Null,2025/2026,DENNIS AVENUE,GRANDE VUE ROAD,,Non-Injury Crash,No,2025,,North,,0,,Null,,,,,,Bright sun,756000,0,0,0,2,,,0,,,,,,Auckland Region,Nil,2-way,Sealed,,0,0,,50,,Null,0,0,,76,Auckland,Give way,,,,,0,0,Urban,0,,,Fine,Null
1761086.7786,5914349.5228,828084,,520202,0,,0,1,,Null,2022/2023,ELLERSLIE-PANMURE HIGHWAY,GREAT SOUTH ROAD,,Minor Crash,No,2023,,South,,0,,Flat,,,,,,Overcast,612300,2,0,0,1,,,0,,,,,,Auckland Region,Nil,1-way,Sealed,,0,0,,50,,Off,0,0,,76,Auckland,Give way,,,,,0,0,Urban,1,,,Fine,Strong wind
1756987.8557,5926211.4753,828089,,509702,0,,0,1,,North,2024/2025,NORTHERN MOTORWAY,AKORANGA FTBR,,Non-Injury Crash,Yes,2025,,North,,0,,Flat,,,,,,Overcast,364602,0,0,0,4,,,0,,,,,,Auckland Region,Nil,1-way,Sealed,,0,0,,100,,Off,0,0,,76,Auckland,Nil,,,,,0,0,Open,1,,,Light rain,Null
1763380.9999,5912859.9961,828097,,520500,0,,0,2,,East,2024/2025,SOUTH-EASTERN HWY OFF RAMP,SOUTHERN MOTORWAY,,Non-Injury Crash,No,2025,,West,,0,,Flat,,,,,,Unknown,637400,0,0,0,1,,,0,,,,,,Auckland Region,Nil,1-way,Sealed,,0,0,,100,,Null,0,0,,76,Auckland,Nil,,,,,0,0,Open,0,,,Fine,Null
1745364.9602,5914002.7827,828103,,512904,0,,0,1,,West,2025/2026,WEST COAST ROAD,ALBIONVALE ROAD,,Minor Crash,No,2025,,West,,0,,Hill Road,,,,,,Overcast,278203,1,0,0,2,,,0,,,,,,Auckland Region,Nil,2-way,Sealed,,0,0,,50,,None,0,0,,76,Auckland,Nil,,,,,0,0,Urban,1,,,Fine,Null
1772310.134,5896423.3745,828105,,525420,0,0,0,2,0,South,2024/2025,QUEEN STREET,WOOD STREET,,Non-Injury Crash,No,2025,0,North,0,0,0,Flat,0,,0,,0,Unknown,791700,0,0,0,2,0,0,0,0,1,,0,0,Auckland Region,Nil,2-way,Sealed,0,0,0,0,50,0,Null,0,0,,76,Auckland,Nil,0,0,0,0,0,0,Urban,0,0,0,Fine,Null
1747767.3558,5913479.1779,828112,,511100,0,0,0,1,0,East,2023/2024,WEST COAST ROAD,PLEASANT ROAD,,Minor Crash,No,2023,0,East,0,0,0,Hill Road,0,,0,,0,Bright sun,287200,1,0,0,3,0,0,0,0,0,,0,1,Auckland Region,Nil,2-way,Sealed,0,0,0,0,50,0,Off,0,0,,76,Auckland,Nil,0,0,0,0,0,0,Urban,0,0,0,Light rain,Null
1754635.1956,5916530.1395,828121,,517702,0,,0,2,,Null,2025/2026,ST LUKES ROAD,KINGSWAY AVENUE,,Minor Crash,No,2025,,West,,0,,Hill Road,,,,,,Bright sun,540202,2,0,0,2,,,0,,,,,,Auckland Region,Nil,1-way,Sealed,,0,0,,50,,Off,1,0,,76,Auckland,Traffic Signals,,,,,0,0,Urban,1,,,Fine,Null
1769949.0129,5909859.102,828124,,523109,0,,0,1,,Null,2022/2023,TE IRIRANGI DRIVE,SMALES ROAD,,Minor Crash,No,2023,,South,,0,,Flat,,,,,,Dark,711737,1,0,0,5,,,0,,,,,,Auckland Region,Nil,2-way,Sealed,,0,0,,80,,On,0,0,,76,Auckland,Traffic Signals,,,,,0,0,Open,0,,,Light rain,Null
1769571.2933,5901861.2376,828135,,523814,0,,0,3,,North,2025/2026,SOUTHERN MOTORWAY,HILL OBR,,Non-Injury Crash,Yes,2025,,South,,0,,Flat,,,,,,Dark,760702,0,0,0,3,,,0,,,,,,Auckland Region,Nil,1-way,Sealed,,0,0,,100,,On,0,0,,76,Auckland,Nil,,,,,0,0,Open,0,,,Light rain,Null
1751970.0495,5918052.5934,828148,,515001,0,,0,1,,West,2022/2023,GREAT NORTH ROAD OFF RAMP,GREAT NORTH ROAD,,Non-Injury Crash,No,2023,,Null,,0,,Flat,,,,,,Overcast,392200,0,0,0,2,,,0,,,,,,Auckland Region,Motorway ramp,1-way,Sealed,,0,0,,50,,On,0,0,,76,Auckland,Nil,,,,,0,0,Urban,0,,,Fine,Null
1769014.007,5911435.062,828151,,523112,0,,0,1,,South,2025/2026,HARRIS ROAD,TI RAKAU DRIVE,,Minor Crash,No,2025,,North,,0,,Flat,,,,,,Bright sun,711404,1,0,0,4,,,0,,,,,,Auckland Region,Nil,2-way,Sealed,,0,0,,50,,Off,1,0,,76,Auckland,Nil,,,,,0,0,Urban,0,,,Fine,Null
1761065.7185,5914369.7813,828152,,520202,0,,0,0,,Null,2022/2023,GREAT SOUTH ROAD,ELLERSLIE-PANMURE HIGHWAY,,Non-Injury Crash,No,2023,,South,,0,,Flat,,,,,,Dark,612200,0,0,0,2,,,0,,,,,,Auckland Region,Nil,1-way,Sealed,,0,0,,50,,On,1,0,,76,Auckland,Give way,,,,,0,0,Urban,1,,,Fine,Null
1753813.5581,5918251.154,828153,,515003,0,,0,2,,Null,2025/2026,ST LUKES ROAD,ST LUKES ROAD ON RAMP,,Non-Injury Crash,No,2025,,North,,0,,Flat,,,,,,Dark,390502,0,0,0,3,,,0,,,,,,Auckland Region,Motorway ramp,1-way,Sealed,,0,0,,50,,On,0,0,30,76,Auckland,Traffic Signals,,,,,0,0,Urban,0,,,Fine,Null
1775867.7225,5885396.5832,828173,,521132,0,,0,2,,North,2024/2025,SOUTHERN MOTORWAY,ST STEPHENS OBR,,Non-Injury Crash,Yes,2024,,North,,0,,Hill Road,,,,,,Dark,814100,0,0,0,2,,,0,,,,,,Auckland Region,Nil,1-way,Sealed,,0,0,,100,,On,0,0,,76,Auckland,Nil,,,,,0,0,Open,3,,,Heavy rain,Null
1770414.6507,5905136.5829,828187,,523712,0,0,0,1,0,West,2024/2025,DRUMNACONAGHER ROAD,GLANN LANE,,Non-Injury Crash,No,2025,0,West,0,0,0,Hill Road,0,,0,,0,Dark,713300,0,0,0,2,0,0,0,0,1,,0,0,Auckland Region,Nil,2-way,Sealed,0,0,0,0,50,0,On,1,0,,76,Auckland,Nil,0,0,0,0,0,0,Urban,1,0,0,Fine,Null
1767170.7255,5902006.1785,828202,,524720,0,,0,1,,Null,2025/2026,JELLICOE ROAD,BROWNS ROAD,,Non-Injury Crash,No,2025,,North,,0,,Flat,,,,,,Bright sun,779600,0,0,0,2,,,0,,,,,,Auckland Region,Nil,2-way,Sealed,,0,0,,50,,Off,1,0,,76,Auckland,Give way,,,,,0,0,Urban,0,,,Fine,Null
1759094.2841,5911310.3417,828206,,519820,0,0,0,1,0,North,2022/2023,SOUTH-WESTERN MOTORWAY,ONEHUNGA HBR UNDERPASS,,Minor Crash,Yes,2023,0,South,0,0,0,Hill Road,1,,0,,0,Dark,602402,1,0,0,3,0,0,0,0,0,,0,0,Auckland Region,Bridge,1-way,Sealed,0,0,0,0,100,0,On,0,0,,76,Auckland,Nil,0,0,0,0,0,0,Open,0,0,0,Light rain,Null
1753549.9953,5914446.9576,828209,,518801,0,,0,2,,Null,2025/2026,MAIORO STREET,MAIORO STREET OFF RAMP,,Minor Crash,No,2025,,East,,0,,Flat,,,,,,Dark,578500,2,0,0,3,,,0,,,,,,Auckland Region,Overpass,1-way,Sealed,,0,0,,50,,On,0,0,,76,Auckland,Traffic Signals,,,,,0,0,Urban,0,,,Fine,Null
1757040.0048,5929326.1592,828217,,507800,0,0,0,2,0,East,2025/2026,EAST COAST ROAD,STANLEY AVENUE,,Minor Crash,No,2025,0,West,0,0,0,Flat,0,,0,,0,Overcast,308500,2,0,0,2,0,0,0,0,1,,0,0,Auckland Region,Nil,2-way,Sealed,0,0,0,0,50,0,Off,0,0,,76,Auckland,Nil,0,0,0,0,0,0,Urban,0,0,0,Fine,Strong wind
1741754.5942,5930396.9503,828227,,505603,0,,0,2,,North,2025/2026,COATESVILLE-RIVERHEAD HIGHWAY,PRINCES STREET,,Non-Injury Crash,No,2025,,South,,0,,Flat,,,,,,Twilight,213603,0,0,0,2,,,0,,,,,,Auckland Region,Nil,2-way,Sealed,,0,0,,50,,On,0,0,,76,Auckland,Nil,,,,,0,0,Urban,0,,,Fine,Null
1752470.7225,5916130.1422,828233,,517903,0,,0,2,,South,2025/2026,NEW NORTH ROAD,MCLEAN STREET,,Non-Injury Crash,No,2026,,South,,0,,Flat,,,,,,Bright sun,520400,0,0,0,4,,,0,,,,,,Auckland Region,Nil,2-way,Sealed,,0,0,,50,,Off,0,0,,76,Auckland,Nil,,,,,0,0,Urban,0,,,Fine,Null
1764242.4573,5920203.0896,828248,,516601,0,,0,1,,Null,2025/2026,TAMAKI DRIVE,AVERILL AVENUE,,Minor Crash,No,2026,,West,,0,,Flat,,,,,,Bright sun,503900,1,0,0,2,,,0,,,1,,,Auckland Region,Speed hump,2-way,Sealed,,0,0,,30,,Off,0,0,,76,Auckland,Stop,,,,,0,0,Urban,0,,,Fine,Null
1772617.3415,5893931.3699,828255,,525530,1,,0,0,,South,2023/2024,GREAT SOUTH ROAD,PARKHAVEN DRIVE,,Fatal Crash,No,2023,,South,,1,,Flat,,,,,,Overcast,808606,0,0,0,2,,,0,,,,,,Auckland Region,Nil,2-way,Sealed,,0,0,,50,,None,0,0,,76,Auckland,Nil,,,,,0,0,Urban,0,,,Fine,Null
1754567.0603,5923925.3663,828272,,510500,0,0,0,2,0,Null,2022/2023,HINEMOA STREET,BRASSEY ROAD,,Non-Injury Crash,No,2023,0,North,0,0,0,Flat,0,,0,,1,Overcast,358100,0,0,0,2,0,0,0,0,1,,0,0,Auckland Region,Nil,2-way,Sealed,0,0,0,0,50,0,Off,0,0,,76,Auckland,Give way,0,0,0,0,0,0,Urban,1,0,0,Fine,Null
1756161.0803,5918272.8865,828276,,517500,0,0,0,1,0,West,2022/2023,NEW NORTH ROAD,ACE PLACE,,Non-Injury Crash,No,2023,0,East,0,0,0,Flat,0,,0,,0,Overcast,531700,0,0,0,1,0,0,0,0,0,,0,1,Auckland Region,Nil,1-way,Sealed,0,0,0,0,50,0,None,0,0,,76,Auckland,Nil,0,0,0,0,0,0,Urban,0,0,0,Fine,Null
1763013.5998,5903864.7994,828284,,524604,0,0,0,0,0,East,2025/2026,PUHINUI ROAD,PRICES ROAD,,Non-Injury Crash,Yes,2025,0,West,0,0,0,Null,1,,0,,0,Overcast,780902,0,0,0,2,0,0,0,0,0,,0,0,Auckland Region,Nil,2-way,Sealed,0,0,0,0,60,0,Null,1,0,,76,Auckland,Nil,0,0,0,0,0,0,Urban,1,0,0,Fine,Null
1756047.3653,5921075.376,828295,,515202,0,,0,3,,South,2022/2023,FANSHAWE STREET OFF RAMP,NORTHERN MOTORWAY,,Non-Injury Crash,No,2023,,South,,0,,Hill Road,,,,,,Overcast,425600,0,0,0,2,,,0,,,,,,Auckland Region,Overpass,1-way,Sealed,,0,0,,80,,Off,0,0,,76,Auckland,Nil,,,,,0,0,Open,0,,,Fine,Null
1761427.3984,5914268.2468,828298,,520202,0,,0,2,,North,2024/2025,SOUTHERN MOTORWAY,PENROSE INT S,,Non-Injury Crash,Yes,2025,,South,,0,,Flat,,Easter,,,,Overcast,612501,0,0,0,4,,,0,,,,,,Auckland Region,Motorway ramp,1-way,Sealed,,0,0,,100,,Off,0,0,,76,Auckland,Nil,,,,,0,0,Open,0,,,Light rain,Null
1756576.495,5919171.6548,828306,,514200,0,0,0,1,0,South,2022/2023,NORTH-WESTERN MOTORWAY,HOBWEST OBR,,Non-Injury Crash,Yes,2023,0,South,0,0,0,Flat,1,,0,,0,Overcast,411900,0,0,0,2,0,0,0,0,0,,0,0,Auckland Region,Nil,1-way,Sealed,0,0,0,0,80,0,Off,0,0,,76,Auckland,Nil,0,0,0,0,0,0,Open,0,0,0,Fine,Null