X,Y,OBJECTID,advisorySpeed,areaUnitID,bicycle,bridge,bus,carStationWagon,cliffBank,crashDirectionDescription,crashFinancialYear,crashLocation1,crashLocation2,crashRoadSideRoad,crashSeverity,crashSHDescription,crashYear,debris,directionRoleDescription,ditch,fatalCount,fence,flatHill,guardRail,holiday,houseOrBuilding,intersection,kerb,light,meshblockId,minorInjuryCount,moped,motorcycle,NumberOfLanes,objectThrownOrDropped,otherObject,otherVehicleType,overBank,parkedVehicle,pedestrian,phoneBoxEtc,postOrPole,region,roadCharacter,roadLane,roadSurface,roadworks,schoolBus,seriousInjuryCount,slipOrFlood,speedLimit,strayAnimal,streetLight,suv,taxi,temporarySpeedLimit,tlaId,tlaName,trafficControl,trafficIsland,trafficSign,train,tree,truck,unknownVehicleType,urban,vanOrUtility,vehicle,waterRiver,weatherA,weatherB
1745389.2671,5916444.2609,828325,,510800,0,,0,2,,South,2022/2023,RAILSIDE AVENUE,VIEW ROAD,,Minor Crash,No,2023,,South,,0,,Flat,,,,,,Overcast,244600,2,0,0,2,,,0,,,,,,Auckland Region,Nil,2-way,Sealed,,0,0,,50,,Off,0,0,,76,Auckland,Nil,,,,,0,0,Urban,0,,,Heavy rain,Null
1766714.9277,5904132.3511,828329,,524604,0,0,0,1,0,North,2024/2025,LAMBIE DRIVE,LAMBIE DRIVE OFF RAMP,,Non-Injury Crash,No,2024,0,North,0,0,0,Flat,0,,0,,0,Overcast,780209,0,0,0,4,0,0,0,0,0,,1,0,Auckland Region,Nil,2-way,Sealed,0,0,0,0,50,0,Off,0,0,,76,Auckland,Nil,0,0,0,0,0,0,Urban,0,0,0,Fine,Null
1758008.2063,5915284.4179,828331,,515802,0,0,0,0,0,West,2025/2026,RANGIATEA ROAD,MANUKAU ROAD,,Non-Injury Crash,No,2026,0,East,0,0,0,Hill Road,0,,0,,0,Dark,449000,0,0,0,2,0,0,0,0,1,,0,0,Auckland Region,Nil,2-way,Sealed,0,0,0,0,50,0,On,0,0,,76,Auckland,Nil,0,0,0,0,1,0,Urban,1,0,0,Fine,Null
1745271.4442,5919441.8758,828352,,513301,0,,0,1,,North,2024/2025,LINCOLN ROAD,POINSETTIA PLACE,,Serious Crash,No,2025,,North,,0,,Flat,,,,,,Dark,232003,0,0,0,4,,,0,,,2,,,Auckland Region,Nil,2-way,Sealed,,0,1,,50,,On,0,0,,76,Auckland,Nil,,,,,0,0,Urban,0,,,Light rain,Null
1744767.2891,5917933.2152,828361,25,510700,0,0,0,1,0,Null,2022/2023,STURGES ROAD,SWANSON ROAD,,Non-Injury Crash,No,2023,0,North,0,0,0,Flat,0,,0,,0,Overcast,239501,0,0,0,1,0,0,0,0,0,,0,0,Auckland Region,Nil,1-way,Sealed,0,0,0,0,50,0,Off,0,0,,76,Auckland,Traffic Signals,0,1,0,0,0,0,Urban,0,0,0,Light rain,Null
1743214.7873,5919598.0433,828362,,513622,0,,0,1,,Null,2025/2026,GLEN ROAD,BAHARI DRIVE,,Non-Injury Crash,No,2025,,West,,0,,Flat,,,,,,Dark,226903,0,0,0,2,,,0,,,,,,Auckland Region,Nil,2-way,Sealed,,0,0,,50,,On,1,0,,76,Auckland,Give way,,,,,0,0,Urban,0,,,Fine,Null
1768923.4306,5900829.3475,828392,,525002,0,,0,2,,Null,2025/2026,GREAT SOUTH ROAD,ALFRISTON ROAD,,Non-Injury Crash,No,2025,,North,,0,,Flat,,,,,,Dark,752802,0,0,0,5,,,0,,,,,,Auckland Region,Nil,2-way,Sealed,,0,0,,50,,On,0,0,,76,Auckland,Traffic Signals,,,,,0,0,Urban,0,,,Fine,Null
1773718.5284,5896873.0848,828394,,525620,0,,0,2,,Null,2025/2026,CLEVEDON ROAD,GROVE ROAD,,Non-Injury Crash,No,2025,,East,,0,,Null,,,,,,Twilight,797100,0,0,0,2,,,0,,,,,,Auckland Region,Nil,2-way,Sealed,,0,0,,50,,Null,0,0,,76,Auckland,Stop,,,,,0,0,Urban,0,,,Fine,Null
1747019.7948,5921880.7616,828405,,512201,0,0,0,1,0,Null,2022/2023,KERVIL AVENUE,SHAMROCK LANE,,Non-Injury Crash,No,2023,0,North,0,0,1,Hill Road,0,,1,,0,Dark,247800,0,0,0,2,0,1,0,0,0,,0,0,Auckland Region,Nil,2-way,Sealed,0,0,0,0,50,0,None,0,0,,76,Auckland,Nil,0,0,0,0,0,0,Urban,0,0,0,Fine,Null
1772241.2203,5894934.9499,828408,,525530,0,0,0,2,0,East,2024/2025,ROSEHILL DRIVE,EDINBURGH AVENUE,,Non-Injury Crash,No,2025,0,South,0,0,0,Flat,0,,0,,0,Unknown,805100,0,0,0,2,0,0,0,0,1,,0,0,Auckland Region,Nil,2-way,Sealed,0,0,0,0,30,0,Null,0,0,,76,Auckland,Nil,0,0,0,0,0,0,Urban,0,0,0,Fine,Null
1763577.0731,5912903.9236,828418,,520500,0,,0,1,,East,2025/2026,SOUTH-EASTERN HWY OFF RAMP,SEART OBR,,Non-Injury Crash,No,2025,,South,,0,,Flat,,,,,,Overcast,637400,0,0,0,1,,,0,,,,,,Auckland Region,Motorway ramp,1-way,Sealed,,0,0,,80,,Off,0,0,,76,Auckland,Nil,,,,,0,0,Open,0,,,Light rain,Null
1753868.9424,5914422.9432,828440,,518801,0,,0,1,,North,2025/2026,STODDARD ROAD,SANDRINGHAM ROAD EXTENSION,,Non-Injury Crash,No,2025,,South,,0,,Null,,,,,,Overcast,578500,0,0,0,3,,,0,,,,,,Auckland Region,Nil,2-way,Sealed,,0,0,,50,,Null,0,0,,76,Auckland,Nil,,,,,0,0,Urban,1,,,Fine,Null
1761683.0406,5913758.2584,828442,,519500,0,0,0,1,0,Null,2025/2026,GREAT SOUTH ROAD,MCNAB STREET,,Non-Injury Crash,No,2025,0,West,0,0,0,Hill Road,0,,0,,1,Bright sun,621500,0,0,0,4,0,0,0,0,0,,0,0,Auckland Region,Nil,2-way,Sealed,0,0,0,0,50,0,None,0,0,,76,Auckland,Stop,0,0,0,1,0,0,Urban,0,0,0,Fine,Null
1762378.9216,5913300.6675,828445,,520500,0,,0,2,,North,2022/2023,SOUTHERN MOTORWAY,SOUTH-EASTERN HWY ON RAMP,,Non-Injury Crash,Yes,2023,,North,,0,,Flat,,,,,,Overcast,637200,0,0,0,3,,,0,,,,,,Auckland Region,Motorway ramp,1-way,Sealed,,0,0,,100,,Off,0,0,,76,Auckland,Nil,,,,,0,0,Open,0,,,Fine,Null
1771489.958,5897849.4845,828448,,523912,0,,0,2,,Null,2024/2025,GREAT SOUTH ROAD,WALTERS ROAD,,Non-Injury Crash,No,2025,,South,,0,,Flat,,,,,,Overcast,767812,0,0,0,2,,,0,,,,,,Auckland Region,Nil,2-way,Sealed,,0,0,,50,,Off,0,0,,76,Auckland,Give way,,,,,0,0,Urban,0,,,Fine,Null
1761008.9559,5916707.2383,828450,,516002,0,0,0,1,0,Null,2024/2025,REMUERA ROAD,ENTRICAN AVENUE,,Non-Injury Crash,No,2025,0,West,0,0,1,Flat,0,,0,,0,Dark,494200,0,0,0,4,0,0,0,0,0,,0,0,Auckland Region,Nil,2-way,Sealed,0,0,0,0,50,0,On,0,0,,76,Auckland,Give way,0,0,0,0,0,0,Urban,0,0,0,Fine,Null
1737534.8685,5920568.7985,828458,,513702,0,0,0,1,0,South,2024/2025,WAITAKERE ROAD,BETHELLS ROAD,,Non-Injury Crash,No,2025,0,South,0,0,0,Flat,0,,0,,0,Dark,237204,0,0,0,2,0,0,0,1,0,,0,0,Auckland Region,Overpass,2-way,Sealed,0,0,0,0,50,0,On,0,0,,76,Auckland,Nil,0,0,0,1,0,0,Urban,0,0,0,Fine,Null
1767349.2181,5887527.3966,828474,,521122,0,,0,1,,North,2024/2025,PAERATA ROAD,WESLEY COLLEGE NORTH,,Non-Injury Crash,Yes,2025,,North,,0,,Flat,,,,,,Twilight,813001,0,0,0,2,,,0,,,,,,Auckland Region,Nil,2-way,Sealed,,0,0,,80,,Off,0,0,,76,Auckland,Nil,,,,,0,0,Open,1,,,Fine,Null
1756734.7886,5924925.9566,828481,,509702,0,,0,2,,North,2022/2023,NORTHERN MOTORWAY,ONEWA ROAD OFF RAMP,,Non-Injury Crash,Yes,2023,,South,,0,,Flat,,,,,,Overcast,366602,0,0,0,3,,,0,,,,,,Auckland Region,Nil,1-way,Sealed,,0,0,,100,,Off,0,0,,76,Auckland,Nil,,,,,0,0,Open,0,,,Light rain,Null
1743699.3286,5919368.9021,828489,,513212,0,,0,1,,Null,2022/2023,SWANSON ROAD,UNIVERSAL DRIVE,,Non-Injury Crash,No,2023,,South,,0,,Flat,,,,,,Dark,235600,0,0,0,2,,,0,,,,,,Auckland Region,Nil,1-way,Sealed,,0,0,,50,,On,0,0,,76,Auckland,Give way,,,,,0,0,Urban,0,,,Fine,Null
1748661.6182,5913866.9383,828501,,511302,0,0,0,1,0,Null,2022/2023,GREAT NORTH ROAD,FRUITVALE ROAD,,Non-Injury Crash,No,2023,0,West,0,0,1,Flat,0,,0,,0,Dark,269400,0,0,0,4,0,0,0,0,0,,0,0,Auckland Region,Nil,2-way,Sealed,0,0,0,0,50,0,On,0,0,,76,Auckland,Stop,0,0,0,0,0,0,Urban,0,0,0,Light rain,Null
1765042.3817,5902501.9721,828514,,524604,0,0,0,3,0,North,2025/2026,HA CRESCENT,HAUTU DRIVE,,Minor Crash,No,2025,0,North,0,0,0,Flat,0,,0,,0,Bright sun,781200,1,0,0,2,0,0,0,0,1,,0,0,Auckland Region,Nil,2-way,Sealed,0,0,0,0,50,0,Off,0,0,,76,Auckland,Nil,0,0,0,0,0,0,Urban,0,0,0,Fine,Null
1756100.5263,5925943.3395,828521,,509702,0,,0,2,,South,2025/2026,COLLEGE ROAD,TONAR STREET,,Minor Crash,No,2025,,South,,0,,Flat,,,,,,Bright sun,365300,1,0,0,2,,,0,,,,,,Auckland Region,Nil,2-way,Sealed,,0,0,,50,,Off,0,0,,76,Auckland,Nil,,,,,0,0,Urban,0,,,Fine,Null
1766108.6115,5904545.8037,828524,,524604,0,,0,1,,East,2022/2023,CAVENDISH DRIVE,GRAYSON AVENUE,,Minor Crash,No,2023,,East,,0,,Flat,,,,,,Dark,780209,1,0,0,4,,,0,,,,,,Auckland Region,Nil,2-way,Sealed,,0,0,,50,,On,0,0,,76,Auckland,Nil,,,,,0,0,Urban,1,,,Fine,Null
1742728.3742,5924253.1486,828547,,513410,0,0,0,1,0,West,2023/2024,FRED TAYLOR DRIVE,SPRING GARDEN AVENUE,,Minor Crash,No,2023,0,North,0,0,0,Flat,0,,0,,0,Dark,226401,1,0,0,2,0,0,0,0,0,,0,0,Auckland Region,Nil,2-way,Sealed,0,0,0,0,80,0,On,0,0,,76,Auckland,Nil,1,0,0,0,0,0,Open,0,0,0,Fine,Null
1755715.2204,5917941.2096,828554,,517500,1,,0,1,,Null,2022/2023,SANDRINGHAM ROAD,NEW NORTH ROAD,,Minor Crash,No,2023,,North,,0,,Flat,,,,,,Bright sun,531300,2,0,0,4,,,0,,,,,,Auckland Region,Nil,2-way,Sealed,,0,0,,50,,Off,0,0,,76,Auckland,Traffic Signals,,,,,0,0,Urban,0,,,Fine,Null
1744236.7187,5922553.2479,828557,,513511,0,,0,0,,West,2024/2025,ROYAL ROAD,MAKORA ROAD,,Non-Injury Crash,No,2025,,West,,0,,Null,,,,,,Bright sun,224303,0,0,1,2,,,0,,,,,,Auckland Region,Nil,2-way,Sealed,,0,0,,50,,Null,0,0,,76,Auckland,Nil,,,,,0,0,Urban,1,,,Fine,Null
1755268.0735,5929799.1817,828575,,508510,0,,0,1,,South,2024/2025,NORTHERN MOTORWAY,SUNNYNOOK OBR,,Minor Crash,Yes,2025,,South,,0,,Flat,,,,,,Overcast,194405,1,0,0,2,,,0,,,,,,Auckland Region,Nil,1-way,Sealed,,0,0,,100,,On,1,0,,76,Auckland,Nil,,,,,0,0,Open,0,,,Fine,Null
1765122.7328,5913378.2253,828589,65,520500,0,,0,2,,Null,2025/2026,SOUTH-EASTERN HIGHWAY,WAIPUNA ROAD,,Minor Crash,No,2025,,East,,0,,Flat,,,,,,Bright sun,638908,2,0,0,5,,,0,,,,,,Auckland Region,Nil,2-way,Sealed,,0,0,,80,,Off,0,0,,76,Auckland,Traffic Signals,,,,,0,0,Open,0,,,Fine,Null
1737145.5626,5920436.3772,828590,,513702,0,0,0,1,0,East,2023/2024,BETHELLS ROAD,WAIRERE ROAD,,Minor Crash,No,2024,0,West,0,0,1,Flat,0,,0,,0,Bright sun,237206,1,0,0,2,0,0,0,0,0,,0,0,Auckland Region,Nil,2-way,Sealed,0,0,0,0,60,0,Off,0,0,,76,Auckland,Nil,0,0,0,0,0,0,Urban,0,0,0,Fine,Null
1767562.0123,5907389.1856,828597,,523602,0,,1,0,,Null,2025/2026,FERGUSON ROAD,BOND STREET,,Non-Injury Crash,No,2025,,North,,0,,Flat,,,,,,Bright sun,709900,0,0,1,2,,,0,,,,,,Auckland Region,Speed hump,2-way,Sealed,,0,0,,50,,Off,0,0,,76,Auckland,Give way,,,,,0,0,Urban,0,,,Fine,Null
1778809.0505,5912964.9181,828599,,523300,0,0,0,1,0,North,2024/2025,WHITFORD MARAETAI ROAD,OKARORO DRIVE,,Non-Injury Crash,No,2025,0,North,1,0,1,Flat,0,,0,,0,Bright sun,718900,0,0,0,2,0,0,0,0,0,,0,0,Auckland Region,Nil,2-way,Sealed,0,0,0,0,80,0,Off,0,0,,76,Auckland,Nil,0,0,0,0,0,0,Open,0,0,0,Fine,Null
1757982.484,5917156.3692,828613,,515700,0,0,0,1,0,Null,2025/2026,GILLIES AVENUE,OWENS ROAD,,Non-Injury Crash,No,2025,0,North,0,0,0,Flat,0,,0,,0,Overcast,444600,0,0,0,4,0,0,0,0,0,,0,1,Auckland Region,Nil,2-way,Sealed,0,0,0,0,50,0,Off,0,0,,76,Auckland,Traffic Signals,0,0,0,0,0,0,Urban,0,0,0,Fine,Null
1759821.5932,5920417.5347,828614,,515902,0,1,0,0,0,East,2022/2023,TAMAKI DRIVE,SOLENT STREET,,Non-Injury Crash,No,2023,0,East,0,0,0,Flat,0,,0,,0,Bright sun,454800,0,0,0,4,0,0,0,0,0,,0,0,Auckland Region,Bridge,2-way,Sealed,0,0,0,0,50,0,Off,0,0,,76,Auckland,Nil,0,0,0,1,0,0,Urban,0,0,0,Fine,Null
1756107.8931,5923781.2488,828615,,509800,0,,0,2,,South,2024/2025,NORTHERN MOTORWAY,WEIGH BRIDGE,,Non-Injury Crash,Yes,2025,,South,,0,,Flat,,,,,,Twilight,358800,0,0,0,5,,,0,,,,,,Auckland Region,Nil,1-way,Sealed,,0,0,,80,,On,0,0,,76,Auckland,Nil,,,,,0,0,Open,1,,,Fine,Null
1766395.7693,5906998.2204,828637,,522302,0,0,0,5,0,West,2025/2026,KIMPTON ROAD,OVERTON ROAD,,Non-Injury Crash,No,2025,0,West,0,0,0,Flat,0,,0,,0,Dark,668100,0,0,0,2,0,0,0,0,1,,0,0,Auckland Region,Nil,2-way,Sealed,0,0,0,0,50,0,On,0,0,,76,Auckland,Nil,0,0,0,0,0,0,Urban,0,0,0,Fine,Null
1764156.5211,5910212.6724,828638,,521801,0,,0,1,,South,2023/2024,ATKINSON AVENUE,ALBION ROAD,,Non-Injury Crash,No,2023,,South,,0,,Flat,,,,,,Overcast,786802,0,0,0,4,,,0,,,,,,Auckland Region,Nil,2-way,Sealed,,0,0,,50,,Off,1,0,,76,Auckland,Nil,,,,,0,0,Urban,0,,,Fine,Null
1746933.0764,5926213.6133,828642,,513431,1,,0,0,,North,2023/2024,HOBSONVILLE ROAD,SINTON ROAD EAST,,Minor Crash,No,2023,,East,,0,,Hill Road,,,,,,Bright sun,221802,1,0,0,2,,,0,,,,,,Auckland Region,Nil,2-way,Sealed,,0,0,,50,,None,0,0,,76,Auckland,Nil,,,,,0,0,Urban,0,,,Fine,Null
1754527.3236,5920187.6216,828650,,515301,0,0,0,1,0,East,2022/2023,HUKANUI CRESCENT,PARAWAI CRESCENT,,Non-Injury Crash,No,2023,0,East,0,0,0,Flat,0,,0,,0,Bright sun,426700,0,0,0,2,0,1,0,0,0,,0,0,Auckland Region,Nil,2-way,Sealed,0,0,0,0,50,0,Off,0,0,,76,Auckland,Nil,0,0,0,1,0,0,Urban,0,0,0,Fine,Null
1742458.6184,5925111.2602,828653,,513410,0,,0,1,,Null,2025/2026,FRED TAYLOR DRIVE,OCTANS ROAD,,Minor Crash,No,2026,,North,,0,,Flat,,,,,,Overcast,220400,1,0,0,2,,,0,,,,,,Auckland Region,Nil,2-way,Sealed,,0,0,,80,,Off,1,0,50,76,Auckland,Give way,,,,,0,0,Open,0,,,Fine,Null
1760073.7712,5913760.1567,828654,,519900,0,,0,2,,Null,2023/2024,PAIHIA ROAD,RAWHITI ROAD,,Minor Crash,No,2023,,North,,0,,Hill Road,,,,,,Dark,602900,1,0,0,2,,,0,,,,,,Auckland Region,Nil,2-way,Sealed,,0,0,,50,,On,0,0,,76,Auckland,Stop,,,,,0,0,Urban,0,,,Fine,Null
1758870.3816,5913781.8998,828655,,519300,0,,0,1,,Null,2025/2026,CAMPBELL ROAD,ONEHUNGA MALL,,Non-Injury Crash,No,2025,,East,,0,,Flat,,,,,,Dark,624900,0,0,0,2,,,0,,,,,,Auckland Region,Nil,2-way,Sealed,,0,0,,50,,On,1,0,,76,Auckland,Give way,,,,,0,0,Urban,0,,,Fine,Null
1756128.4107,5918755.2021,828661,,515500,0,,0,2,,North,2025/2026,NORTH-WESTERN MOTORWAY,WAIMA FTBR,,Non-Injury Crash,Yes,2025,,North,,0,,Flat,,,,,,Bright sun,417600,0,0,0,4,,,0,,,,,,Auckland Region,Motorway ramp,1-way,Sealed,,0,0,,80,,Off,0,0,,76,Auckland,Nil,,,,,0,0,Open,1,,,Fine,Null
1762025.5083,5916066.3989,828663,,516003,1,0,0,0,0,Null,2025/2026,ABBOTTS WAY,KORAHA STREET,,Minor Crash,No,2025,0,East,0,0,0,Flat,0,,0,,0,Twilight,496203,1,0,0,2,0,0,0,0,0,,0,0,Auckland Region,Nil,2-way,Sealed,0,0,0,0,50,0,Off,1,0,,76,Auckland,Give way,0,0,0,0,0,0,Urban,1,1,0,Fine,Null
1768534.9068,5900118.8046,828666,,525101,0,0,0,1,0,Null,2022/2023,BOWATER PLACE,BULLER CRESCENT,,Non-Injury Crash,No,2023,0,West,0,0,1,Flat,0,Queens Birthday,0,,0,Bright sun,770800,0,0,0,2,0,0,0,0,0,,0,0,Auckland Region,Nil,2-way,Sealed,0,0,0,0,50,0,Off,0,0,,76,Auckland,Give way,0,0,0,0,0,0,Urban,0,0,0,Fine,Null
1771374.8158,5907016.277,828671,,523713,0,,0,2,,East,2024/2025,ORMISTON ROAD,MURPHYS ROAD,,Non-Injury Crash,No,2025,,West,,0,,Flat,,,,,,Overcast,712600,0,0,0,4,,,0,,,,,,Auckland Region,Nil,1-way,Sealed,,0,0,,50,,Off,0,0,,76,Auckland,Nil,,,,,0,0,Urban,0,,,Light rain,Null
1769545.3091,5894142.3566,828682,,521201,0,0,0,1,0,South,2023/2024,HINGAIA ROAD,TOWAI ROAD,,Non-Injury Crash,No,2023,0,South,0,0,0,Hill Road,1,,0,,0,Overcast,806506,0,0,0,2,0,0,0,0,0,,0,0,Auckland Region,Nil,2-way,Sealed,0,0,0,0,50,0,None,0,0,,76,Auckland,Nil,0,0,0,0,0,0,Urban,0,0,0,Fine,Null
1746365.7983,5925877.7575,828685,,513432,0,0,0,2,0,West,2025/2026,HOBSONVILLE ROAD,BRIGHAM CREEK ROAD,,Non-Injury Crash,No,2025,0,West,0,0,0,Flat,0,,0,,0,Overcast,223005,0,0,0,2,0,0,0,0,1,,0,0,Auckland Region,Nil,2-way,Sealed,0,0,0,0,50,0,Off,0,0,,76,Auckland,Nil,0,0,0,0,0,0,Urban,0,0,0,Fine,Null
1759254.3771,5911773.4918,828710,,519820,0,,0,1,,Null,2022/2023,NEILSON STREET,GALWAY STREET,,Minor Crash,No,2023,,East,,0,,Flat,,,,,,Overcast,602401,1,0,0,4,,,0,,,,,,Auckland Region,Nil,2-way,Sealed,,0,0,,50,,Off,0,0,,76,Auckland,Give way,,,,,1,0,Urban,0,,,Light rain,Null
1770827.5124,5878349.5323,828740,,521116,0,0,0,1,0,Null,2022/2023,BUCKLAND ROAD,GEORGE CRESCENT,,Minor Crash,No,2023,0,North,0,0,0,Flat,0,,0,,1,Dark,824402,2,0,0,2,0,0,0,0,0,,0,1,Auckland Region,Nil,2-way,Sealed,0,0,0,0,50,0,Off,0,0,,76,Auckland,Nil,0,0,0,0,0,0,Urban,0,0,0,Heavy rain,Strong wind
1755617.7019,5924541.577,828763,,509800,0,,0,0,,Null,2025/2026,FAULKNER ROAD,QUEEN STREET,,Non-Injury Crash,No,2025,,East,,0,,Flat,,,,,,Bright sun,359600,0,0,0,2,,,0,,,1,,,Auckland Region,Nil,2-way,Sealed,,0,0,,50,,Off,1,0,,76,Auckland,Give way,,,,,0,0,Urban,0,,,Fine,Null
1756927.2684,5919444.8452,828780,,514200,0,,0,3,,West,2024/2025,KARANGAHAPE ROAD,UPPER QUEEN STREET,,Non-Injury Crash,No,2025,,West,,0,,Flat,,,,,,Dark,412200,0,0,0,4,,,0,,,,,,Auckland Region,Nil,2-way,Sealed,,0,0,,30,,On,0,0,,76,Auckland,Nil,,,,,0,0,Urban,0,,,Light rain,Null
1753211.7323,5914621.7154,828795,,514500,0,,0,2,,Null,2022/2023,RICHARDSON ROAD,VALONIA STREET,,Non-Injury Crash,No,2023,,North,,0,,Flat,,,,,,Bright sun,377401,0,0,0,2,,,0,,,,,,Auckland Region,Overpass,2-way,Sealed,,0,0,,50,,Off,0,0,,76,Auckland,Give way,,,,,0,0,Urban,0,,,Fine,Null
1763148.6965,5905197.2214,828804,,524200,0,0,0,1,0,South,2024/2025,SOUTH-WESTERN MOTORWAY,PORTAGE OBR,,Non-Injury Crash,Yes,2025,0,North,0,0,0,Flat,1,,0,,0,Overcast,728900,0,0,0,2,0,0,0,0,0,,0,0,Auckland Region,Nil,1-way,Sealed,0,0,0,0,100,0,Off,0,0,,76,Auckland,Nil,0,0,0,0,0,0,Open,0,0,0,Light rain,Null
1750088.0732,5911642.1927,828812,,512100,0,0,0,1,0,Null,2024/2025,GODLEY ROAD,BISHOP STREET,,Non-Injury Crash,No,2025,0,East,0,0,0,Flat,0,,0,,0,Overcast,289000,0,0,0,2,0,0,0,0,1,,0,0,Auckland Region,Nil,2-way,Sealed,0,0,0,0,50,0,None,1,0,,76,Auckland,Give way,0,0,0,0,0,0,Urban,0,0,0,Fine,Null
1761261.1732,5907421.5673,828818,,524520,0,,0,2,,Null,2025/2026,LYNCROFT STREET,NGAE PLACE,,Non-Injury Crash,No,2025,,East,,0,,Flat,,,,,,Overcast,734800,0,0,0,2,,,0,,,,,,Auckland Region,Nil,2-way,Sealed,,0,0,,50,,Off,0,0,,76,Auckland,Nil,,,,,0,0,Urban,0,,,Fine,Null
1766493.53,5905810.9194,828827,,522202,0,0,0,1,0,Null,2023/2024,"OFF ROAD - ALLENBY PARK MOTEL, GREAT SOUTH ROAD",,,Minor Crash,No,2023,0,Null,0,0,0,Flat,0,,1,,0,Dark,665602,2,0,0,,0,0,0,0,0,,0,0,Auckland Region,Nil,Off road,Sealed,0,0,0,0,,0,On,0,0,,76,Auckland,Nil,0,0,0,0,0,0,Urban,0,0,0,Fine,Null
1766486.0344,5912581.3337,828842,,522920,0,0,0,1,0,South,2025/2026,JAN PLACE,TIRAUMEA DRIVE,,Non-Injury Crash,No,2025,0,South,0,0,0,Flat,0,,0,,0,Dark,684601,0,0,0,2,0,0,0,0,0,,0,1,Auckland Region,Nil,2-way,Sealed,0,0,0,0,40,0,On,0,0,,76,Auckland,Nil,0,0,0,0,0,0,Urban,0,0,0,Fine,Null
1761914.2103,5912490.8958,828866,,519500,0,,0,2,,West,2025/2026,CHURCH STREET,O'RORKE ROAD,,Non-Injury Crash,No,2026,,West,,0,,Null,,,,,,Dark,622400,0,0,0,4,,,0,,,,,,Auckland Region,Nil,2-way,Sealed,,0,0,,50,,Null,0,0,,76,Auckland,Nil,,,,,0,0,Urban,0,,,Fine,Null
1759684.7063,5905789.7346,828882,35,524200,0,0,0,1,0,Null,2024/2025,NAYLORS DRIVE,JAYLO PLACE,,Non-Injury Crash,No,2025,0,South,0,0,1,Flat,0,,0,,0,Bright sun,728611,0,0,0,2,0,0,0,0,0,,0,0,Auckland Region,Nil,2-way,Sealed,0,0,0,0,50,0,Off,0,0,,76,Auckland,Nil,0,0,0,0,0,0,Urban,0,0,0,Light rain,Null
1765391.3103,5910418.2836,828884,,521803,0,,0,2,,Null,2025/2026,PRINCES STREET EAST,PANEIKA LANE,,Non-Injury Crash,No,2025,,East,,0,,Flat,,,,,,Bright sun,790000,0,0,0,2,,,0,,,,,,Auckland Region,Nil,2-way,Sealed,,0,0,,50,,Off,0,0,,76,Auckland,Nil,,,,,0,0,Urban,0,,,Fine,Null
1768334.6812,5913880.766,828906,,523000,0,,0,1,,Null,2024/2025,PAKURANGA ROAD,GOSSAMER DRIVE,,Non-Injury Crash,No,2025,,West,,0,,Null,,,,,,Overcast,690200,0,0,0,3,,,0,,,,,,Auckland Region,Nil,1-way,Sealed,,0,0,,50,,Null,1,0,,76,Auckland,Traffic Signals,,,,,0,0,Urban,0,,,Light rain,Null
1750534.6064,5913541.6966,828908,,511303,0,0,1,0,0,Null,2025/2026,PORTAGE ROAD,NEVILLE STREET,,Minor Crash,No,2026,0,South,0,0,0,Flat,0,,0,,0,Overcast,265400,4,0,0,2,0,0,0,0,0,,0,1,Auckland Region,Nil,2-way,Sealed,0,0,0,0,50,0,Off,0,0,,76,Auckland,Traffic Signals,0,1,0,0,0,0,Urban,0,0,0,Fine,Null
1764452.1343,5905020.0164,828914,,522100,0,,0,1,,Null,2025/2026,WYLLIE ROAD,TUTERE ROAD,,Minor Crash,No,2025,,South,,0,,Flat,,,,,,Bright sun,658300,1,0,0,2,,,0,,,,,,Auckland Region,Nil,2-way,Sealed,,0,0,,50,,None,1,0,,76,Auckland,Give way,,,,,0,0,Urban,0,,,Fine,Null
1765461.1128,5914469.7385,828922,,520602,0,,0,1,,Null,2024/2025,QUEENS ROAD,DOMAIN ROAD,,Non-Injury Crash,No,2025,,West,,0,,Null,,,,,,Dark,629400,0,0,0,1,,,0,,,,,,Auckland Region,Nil,1-way,Null,,0,0,,50,,On,0,0,,76,Auckland,Give way,,,,,0,0,Urban,0,,,Fine,Null
1764205.73,5909684.2905,828932,,521901,0,,0,1,,South,2024/2025,GREAT SOUTH ROAD,HALL AVENUE,,Non-Injury Crash,No,2025,,North,,0,,Null,,,,,,Bright sun,784100,0,0,0,2,,,0,,,,,,Auckland Region,Nil,2-way,Sealed,,0,0,,30,,Null,0,0,,76,Auckland,Nil,,,,,0,1,Urban,0,,,Fine,Null
1753699.3512,5926906.7162,828938,,508220,0,0,0,0,0,South,2024/2025,GLENFIELD ROAD,PARK ROAD,,Non-Injury Crash,No,2025,0,North,0,0,0,Flat,0,,0,,1,Twilight,187803,0,0,0,2,0,0,0,0,0,,0,0,Auckland Region,Nil,2-way,Sealed,0,0,0,0,50,0,On,0,0,30,76,Auckland,Nil,0,0,0,1,0,0,Urban,1,0,0,Fine,Null
1763025.7947,5909028.9529,828940,,524402,0,,0,0,,South,2024/2025,KIWI STREET,TUI STREET,,Non-Injury Crash,No,2025,,South,,0,,Flat,,,,,,Dark,749800,0,0,0,2,,,0,,,,,,Auckland Region,Rail xing,2-way,Sealed,,0,0,,50,,On,0,0,20,76,Auckland,Stop,,,,,1,0,Urban,0,,,Fine,Null