X,Y,OBJECTID,advisorySpeed,areaUnitID,bicycle,bridge,bus,carStationWagon,cliffBank,crashDirectionDescription,crashFinancialYear,crashLocation1,crashLocation2,crashRoadSideRoad,crashSeverity,crashSHDescription,crashYear,debris,directionRoleDescription,ditch,fatalCount,fence,flatHill,guardRail,holiday,houseOrBuilding,intersection,kerb,light,meshblockId,minorInjuryCount,moped,motorcycle,NumberOfLanes,objectThrownOrDropped,otherObject,otherVehicleType,overBank,parkedVehicle,pedestrian,phoneBoxEtc,postOrPole,region,roadCharacter,roadLane,roadSurface,roadworks,schoolBus,seriousInjuryCount,slipOrFlood,speedLimit,strayAnimal,streetLight,suv,taxi,temporarySpeedLimit,tlaId,tlaName,trafficControl,trafficIsland,trafficSign,train,tree,truck,unknownVehicleType,urban,vanOrUtility,vehicle,waterRiver,weatherA,weatherB
1756120.0951,5923836.1901,828948,,509800,0,,0,2,,South,2025/2026,NORTHERN MOTORWAY,WEIGH BRIDGE,,Non-Injury Crash,Yes,2025,,South,,0,,Flat,,,,,,Dark,358800,0,0,0,4,,,0,,,,,,Auckland Region,Nil,1-way,Sealed,,0,0,,80,,On,0,0,,76,Auckland,Nil,,,,,0,0,Open,0,,,Fine,Strong wind
1754408.7684,5914695.546,828972,,518802,0,0,0,1,0,West,2024/2025,GIFFORD AVENUE,PLUMPTON AVENUE,,Non-Injury Crash,No,2025,0,East,0,0,0,Null,0,,0,,0,Bright sun,578000,0,0,0,2,0,0,0,0,1,,0,0,Auckland Region,Nil,2-way,Sealed,0,0,0,0,50,0,Null,0,0,,76,Auckland,Nil,0,0,0,0,0,1,Urban,0,0,0,Fine,Null
1754839.0432,5917818.0466,828995,35,517600,0,0,0,2,0,West,2024/2025,WESTERN SPRINGS ROAD,SCHOOL ROAD,,Non-Injury Crash,No,2025,0,East,0,0,0,Flat,0,,0,,0,Bright sun,533602,0,0,0,2,0,0,0,0,1,,0,0,Auckland Region,Nil,2-way,Sealed,0,0,0,0,50,0,None,0,0,,76,Auckland,Nil,0,0,0,0,0,0,Urban,0,0,0,Fine,Null
1764831.8026,5911068.0918,829018,,520500,0,,0,0,,North,2025/2026,SOUTHERN MOTORWAY,OTAHUHU CK BR,,Non-Injury Crash,Yes,2025,,North,,0,,Flat,,,,,,Overcast,636300,0,0,0,3,,,0,,,,,,Auckland Region,Nil,1-way,Sealed,,0,0,,100,,Off,0,0,,76,Auckland,Nil,,,,,1,0,Open,1,,,Fine,Null
1758720.9128,5917441.1444,829026,,516001,0,,0,2,,South,2025/2026,ST MARKS ROAD ON RAMP,ST MARKS ROAD,,Non-Injury Crash,No,2025,,South,,0,,Hill Road,,,,,,Bright sun,491000,0,0,0,2,,,0,,,,,,Auckland Region,Motorway ramp,1-way,Sealed,,0,0,,80,,Off,0,0,,76,Auckland,Traffic Signals,,,,,0,0,Open,0,,,Fine,Null
1754960.3409,5913599.7236,829033,,518803,0,,0,1,,Null,2025/2026,DOMINION ROAD OFF RAMP,DOMINION ROAD,,Minor Crash,No,2025,,East,,0,,Hill Road,,,,,,Bright sun,581700,1,0,0,2,,,0,,,,,,Auckland Region,Motorway ramp,1-way,Sealed,,0,0,,50,,Off,0,0,,76,Auckland,Traffic Signals,,,,,0,0,Urban,0,,,Fine,Null
1744255.7943,5926817.4,829036,,513410,0,,0,2,,Null,2022/2023,BRIGHAM CREEK ROAD,AIRPORT ROAD,,Minor Crash,No,2023,,East,,0,,Flat,,,,,,Overcast,223400,2,0,0,2,,,0,,,,,,Auckland Region,Nil,2-way,Sealed,,0,0,,50,,Off,0,1,,76,Auckland,Give way,,,,,0,0,Urban,0,,,Light rain,Null
1761935.18,5915756.5224,829073,,520201,0,,0,1,,Null,2022/2023,MARUA ROAD,MICHAELS AVENUE,,Serious Crash,No,2023,,North,,0,,Flat,,,,,,Overcast,609200,0,0,0,2,,,0,,,1,,,Auckland Region,Nil,2-way,Sealed,,0,1,,50,,Null,1,0,,76,Auckland,Give way,,,,,0,0,Urban,0,,,Light rain,Null
1762918.7398,5917115.3066,829077,,516302,0,0,0,1,1,West,2025/2026,GRAND DRIVE,ROSEPARK CRESCENT,,Non-Injury Crash,No,2025,0,East,0,0,0,Hill Road,0,,0,,1,Overcast,463005,0,0,0,2,0,0,0,0,0,,0,0,Auckland Region,Nil,2-way,Sealed,0,0,0,0,50,0,Off,0,0,,76,Auckland,Nil,0,0,0,0,0,0,Urban,0,0,0,Fine,Null
1756894.9999,5925131.9961,829083,,509702,0,,0,2,,North,2025/2026,NORTHERN MOTORWAY,EXMOUTH FTBR,,Non-Injury Crash,Unknown,2026,,South,,0,,Flat,,,,,,Bright sun,366602,0,0,0,3,,,0,,,,,,Auckland Region,Nil,1-way,Sealed,,0,0,,100,,Null,0,0,,76,Auckland,Nil,,,,,0,0,Open,0,,,Fine,Null
1770957.0978,5898705.4416,829099,,523911,0,,0,2,,East,2025/2026,TAKA STREET,RAIL XING,,Non-Injury Crash,No,2025,,West,,0,,Null,,,,,,Overcast,766904,0,0,0,2,,,0,,,,,,Auckland Region,Nil,2-way,Sealed,,0,0,,50,,Null,0,0,,76,Auckland,Nil,,,,,0,0,Urban,0,,,Fine,Null
1748773.0062,5914482.3606,829108,,511302,0,,0,1,,Null,2024/2025,RIMU STREET,LYNWOOD ROAD,,Non-Injury Crash,No,2025,,East,,0,,Flat,,,,,,Overcast,268000,0,0,0,2,,,0,,,,,,Auckland Region,Speed hump,2-way,Sealed,,0,0,,30,,None,1,0,,76,Auckland,Stop,,,,,0,0,Urban,0,,,Light rain,Null
1747543.5548,5910759.0997,829114,,511901,0,,1,0,,West,2025/2026,TITIRANGI ROAD,RANGIWAI ROAD,,Minor Crash,No,2025,,East,,0,,Flat,,,,,,Bright sun,294200,1,0,0,2,,,0,,,1,,,Auckland Region,Nil,2-way,Sealed,,0,0,,50,,Null,0,0,,76,Auckland,Nil,,,,,0,0,Urban,0,,,Fine,Null
1753894.8082,5915511.4713,829124,,517702,0,,0,1,,Null,2024/2025,MOUNT ALBERT ROAD,OWAIRAKA AVENUE,,Non-Injury Crash,No,2025,,North,,0,,Flat,,,,,,Overcast,542300,0,0,0,2,,,0,,,,,,Auckland Region,Nil,2-way,Sealed,,0,0,,50,,On,0,0,,76,Auckland,Traffic Signals,,,,,0,0,Urban,1,,,Fine,Null
1753598.9333,5928000.4826,829131,,508310,0,,0,0,,South,2022/2023,GLENFIELD ROAD,BENTLEY AVENUE,,Minor Crash,No,2023,,North,,0,,Flat,,,,,,Bright sun,200000,1,0,0,2,,,0,,,1,,,Auckland Region,Nil,1-way,Sealed,,0,0,,50,,None,0,0,,76,Auckland,Nil,,,,,0,0,Urban,1,,,Fine,Null
1758435.2062,5917691.539,829132,,516001,0,0,0,1,0,West,2024/2025,MAHURU STREET,NUFFIELD STREET,,Non-Injury Crash,No,2024,0,Null,0,0,0,Flat,0,,0,,0,Dark,490701,0,0,0,2,0,0,0,0,1,,0,0,Auckland Region,Nil,2-way,Sealed,0,0,0,0,50,0,Null,0,0,,76,Auckland,Nil,0,0,0,0,0,1,Urban,0,0,0,Fine,Null
1759726.7893,5907716.5804,829140,,524121,0,,0,2,,Null,2024/2025,BADER DRIVE,COMET CRESCENT,,Non-Injury Crash,No,2025,,West,,0,,Flat,,,,,,Bright sun,737600,0,0,0,2,,,0,,,,,,Auckland Region,Nil,2-way,Sealed,,0,0,,50,,Off,0,0,,76,Auckland,Give way,,,,,0,0,Urban,0,,,Fine,Null
1781532.3953,5882413.6555,829147,,521132,0,0,0,0,0,South,2022/2023,PINNACLE HILL ROAD,KIMBER ROAD,,Non-Injury Crash,No,2023,0,North,0,0,1,Hill Road,0,,0,,0,Overcast,815501,0,0,0,2,0,0,0,0,0,,0,0,Auckland Region,Nil,2-way,Sealed,0,0,0,0,100,0,None,1,0,,76,Auckland,Nil,0,0,0,0,0,0,Open,0,0,0,Fine,Null
1757820.9158,5918157.1278,829156,,515700,0,,0,1,,North,2024/2025,SOUTHERN MOTORWAY,MAUNGAWHAU OBR,,Non-Injury Crash,Yes,2025,,North,,0,,Flat,,,,,,Overcast,443600,0,0,0,5,,,0,,,,,,Auckland Region,Nil,1-way,Sealed,,0,0,,80,,Off,0,0,,76,Auckland,Nil,,,,,1,0,Open,0,,,Fine,Null
1754001.6652,5946379.4663,829162,,505906,0,0,0,0,0,South,2025/2026,VIPOND ROAD,BRIAN CRESCENT,,Non-Injury Crash,No,2026,0,North,0,0,0,Hill Road,0,,0,,0,Overcast,173202,0,0,0,2,0,0,0,0,1,,0,0,Auckland Region,Nil,2-way,Sealed,0,0,0,0,50,0,Off,2,0,,76,Auckland,Nil,0,0,0,0,0,0,Urban,0,0,0,Light rain,Null
1758065.4395,5915292.4191,829164,,515802,0,,0,1,,North,2025/2026,MANUKAU ROAD,RANGIATEA ROAD,,Non-Injury Crash,No,2025,,North,,0,,Flat,,,,,,Bright sun,448800,0,0,0,2,,,0,,,,,,Auckland Region,Nil,2-way,Sealed,,0,0,,50,,Off,1,0,,76,Auckland,Nil,,,,,0,0,Urban,0,,,Fine,Null
1768623.8808,5899129.0891,829172,,525102,0,0,0,3,0,North,2025/2026,COXHEAD ROAD,HOBART CRESCENT,,Non-Injury Crash,No,2025,0,North,0,0,0,Hill Road,0,,0,,0,Dark,768800,0,0,0,2,0,0,0,0,1,,0,0,Auckland Region,Nil,2-way,Sealed,0,0,0,0,50,0,On,0,0,,76,Auckland,Nil,0,0,0,0,0,0,Urban,0,0,0,Fine,Null
1778090.641,5912248.8234,829179,,523300,0,0,0,1,0,North,2025/2026,WHITFORD MARAETAI ROAD,PUKERANGI RISE,,Minor Crash,No,2025,0,North,1,0,0,Flat,0,,0,,0,Bright sun,718900,1,0,0,2,0,0,0,0,0,,0,0,Auckland Region,Nil,2-way,Sealed,0,0,0,0,80,0,None,0,0,,76,Auckland,Nil,0,0,0,1,0,0,Open,0,0,0,Fine,Null
1756944.2597,5917531.5344,829187,,518102,0,0,0,1,0,West,2025/2026,BELLEVUE ROAD,MOUNT EDEN ROAD,,Non-Injury Crash,No,2025,0,West,0,0,0,Null,0,,0,,0,Bright sun,543400,0,0,0,2,0,0,0,0,0,,0,0,Auckland Region,Nil,2-way,Sealed,0,0,0,0,30,0,Off,0,0,,76,Auckland,Nil,0,0,0,1,0,0,Urban,0,0,0,Fine,Strong wind
1761002.5434,5907295.0404,829190,,524520,0,0,0,0,0,Null,2022/2023,ROBERTSON ROAD,BADER DRIVE,,Non-Injury Crash,No,2023,0,West,0,0,1,Flat,0,,0,,0,Dark,736101,0,0,0,2,0,0,0,0,0,,0,0,Auckland Region,Nil,1-way,Sealed,0,0,0,0,50,0,On,0,0,,76,Auckland,Give way,0,0,0,0,0,0,Urban,1,0,0,Light rain,Null
1767811.4082,5909018.0163,829194,,523502,0,0,0,0,0,North,2023/2024,ANTRIM CRESCENT,TYRONE STREET,,Fatal Crash,No,2024,0,East,0,2,0,Flat,0,,0,,0,Bright sun,700900,0,0,1,2,0,0,0,0,0,,0,1,Auckland Region,Nil,2-way,Sealed,0,0,0,0,50,0,Off,0,0,,76,Auckland,Nil,0,0,0,0,0,0,Urban,0,0,0,Fine,Null
1768122.9982,5903061.5053,829201,,524602,0,,0,2,,North,2023/2024,GREAT SOUTH ROAD,RATA VINE DRIVE,,Non-Injury Crash,No,2024,,North,,0,,Flat,,,,,,Twilight,780506,0,0,0,4,,,0,,,,,,Auckland Region,Nil,2-way,Sealed,,0,0,,60,,Null,0,0,,76,Auckland,Nil,,,,,0,0,Urban,0,,,Fine,None
1772976.1353,5896849.4186,829205,25,525420,0,,0,1,,Null,2022/2023,PRICTOR STREET,INGRAM STREET,,Serious Crash,No,2023,,North,,0,,Flat,,,,,,Bright sun,792700,0,0,0,2,,,0,,,1,,,Auckland Region,Nil,2-way,Sealed,,0,1,,50,,Off,0,0,30,76,Auckland,Give way,,,,,0,0,Urban,0,,,Fine,Null
1769046.663,5911528.0097,829217,,523113,0,,0,2,,Null,2022/2023,TI RAKAU DRIVE,HARRIS ROAD,,Non-Injury Crash,No,2023,,West,,0,,Null,,,,,,Unknown,711703,0,0,0,3,,,0,,,,,,Auckland Region,Nil,1-way,Sealed,,0,0,,60,,Null,0,0,,76,Auckland,Traffic Signals,,,,,0,0,Urban,0,,,Null,Null
1740824.9014,5930337.5256,829226,55,505604,0,,0,1,,Null,2025/2026,RIVERHEAD ROAD,DEACON ROAD,,Non-Injury Crash,No,2025,,North,,0,,Flat,,,,,,Twilight,214202,0,0,0,2,,,0,,,,,,Auckland Region,Nil,2-way,Sealed,,0,0,,80,,None,0,0,,76,Auckland,Stop,,,,,0,0,Open,1,,,Fine,Null
1765156.8564,5920091.0657,829233,,516700,0,0,0,1,0,Null,2022/2023,TAMAKI DRIVE,AUCKLAND ROAD,,Minor Crash,No,2023,0,South,0,0,0,Flat,0,,0,,0,Dark,508400,2,0,0,2,0,0,0,0,1,,0,0,Auckland Region,Nil,2-way,Sealed,0,0,0,0,50,0,On,0,0,,76,Auckland,Give way,0,0,0,0,0,0,Urban,1,0,0,Fine,Null
1754214.1102,5916932.0141,829234,,517600,0,,0,0,,South,2024/2025,ST LUKES ROAD,TAYLORS ROAD,,Non-Injury Crash,No,2025,,North,,0,,Flat,,,,,,Overcast,535300,0,0,0,4,,,0,,,,,,Auckland Region,Nil,2-way,Sealed,,0,0,,50,,Null,1,0,,76,Auckland,Isolated Pedestrian signal (non-intersection),,,,,0,0,Urban,0,,,Fine,Null
1757148.6741,5928653.384,829248,,507800,0,,0,0,,South,2025/2026,SHAKESPEARE ROAD,STRATFORD AVENUE,,Minor Crash,No,2026,,East,,0,,Flat,,,,,,Bright sun,307300,1,0,0,2,,,0,,,2,,,Auckland Region,Nil,2-way,Sealed,,0,0,,50,,Off,0,0,,76,Auckland,Isolated Pedestrian signal (non-intersection),,,,,0,0,Urban,1,,,Fine,Null
1753620.2279,5927755.0242,829265,,508310,0,,0,2,,Null,2025/2026,DOWNING STREET,GLENFIELD ROAD,,Non-Injury Crash,No,2025,,West,,0,,Null,,,,,,Twilight,200300,0,0,0,1,,,0,,,,,,Auckland Region,Nil,1-way,Sealed,,0,0,,50,,Off,0,0,,76,Auckland,Give way,,,,,0,0,Urban,0,,,Fine,Null
1772860.2969,5892010.1109,829279,,521301,0,0,0,0,0,North,2025/2026,SOUTHERN MOTORWAY,BREMNER OBR,,Non-Injury Crash,Yes,2025,0,South,0,0,0,Flat,1,,0,,0,Dark,808701,0,0,0,2,0,0,0,0,0,,0,0,Auckland Region,Nil,1-way,Sealed,0,0,0,0,100,0,On,0,0,80,76,Auckland,Nil,0,0,0,0,0,0,Open,1,0,0,Fine,Strong wind
1756143.3931,5930350.9503,829281,,508520,0,0,0,1,0,North,2024/2025,FORREST HILL ROAD,BLAKEBOROUGH DRIVE,,Non-Injury Crash,No,2025,0,North,0,0,0,Flat,0,,0,,1,Dark,148802,0,0,0,2,0,0,0,0,0,,0,0,Auckland Region,Nil,2-way,Sealed,0,0,0,0,50,0,On,0,0,,76,Auckland,Nil,0,0,0,0,0,0,Urban,0,0,0,Fine,Null
1774958.5606,5909337.0087,829318,,523202,0,0,0,1,0,East,2025/2026,WHITFORD MARAETAI ROAD,WHITFORD PARK ROAD,,Non-Injury Crash,No,2026,0,West,0,0,0,Flat,0,,0,,0,Overcast,716601,0,0,0,2,0,0,0,0,0,,0,0,Auckland Region,Nil,2-way,Sealed,0,0,0,0,50,0,Off,0,0,,76,Auckland,Nil,0,0,0,1,0,0,Urban,0,0,0,Light rain,Null
1758975.7928,5904619.0488,829320,,524200,0,,0,2,,Null,2025/2026,VERISSIMO DRIVE,GEORGE BOLT MEMORIAL DRIVE,,Non-Injury Crash,No,2025,,West,,0,,Flat,,,,,,Bright sun,727800,0,0,0,1,,,0,,,,,,Auckland Region,Nil,1-way,Sealed,,0,0,,50,,Off,0,0,,76,Auckland,Give way,,,,,0,0,Urban,0,,,Fine,Null
1771806.959,5906931.018,829327,,523713,0,,0,1,,Null,2022/2023,ORMISTON ROAD,VALDERAMA DRIVE,,Minor Crash,No,2023,,West,,0,,Flat,,,,,,Overcast,712600,1,0,0,2,,,0,,,,,,Auckland Region,Nil,2-way,Sealed,,0,0,,60,,On,0,0,,76,Auckland,Give way,,,,,0,0,Urban,1,,,Fine,Null
1768473.552,5909092.2227,829328,,523112,0,,0,1,,South,2024/2025,SPRINGS ROAD,KERWYN AVENUE,,Non-Injury Crash,No,2025,,North,,0,,Null,,,,,,Bright sun,711600,1,0,0,5,,,0,,,,,,Auckland Region,Nil,2-way,Null,,0,0,,50,,Null,0,0,,76,Auckland,Nil,,,,,0,1,Urban,1,,,Fine,Null
1760902.4628,5919938.8138,829334,,516400,0,,0,1,,West,2025/2026,TAMAKI DRIVE,NGAPIPI ROAD,,Non-Injury Crash,No,2026,,East,,0,,Hill Road,,,,,,Bright sun,496500,0,0,1,4,,,0,,,,,,Auckland Region,Bridge,2-way,Sealed,,0,0,,50,,Off,0,0,,76,Auckland,Nil,,,,,0,0,Urban,0,,,Fine,Null
1766902.685,5907546.2492,829336,,523602,0,,0,2,,Null,2024/2025,BAIRDS ROAD,COBHAM CRESCENT,,Non-Injury Crash,No,2025,,North,,0,,Null,,,,,,Overcast,709300,0,0,0,2,,,0,,,,,,Auckland Region,Nil,2-way,Sealed,,0,0,,50,,Null,0,0,,76,Auckland,Give way,,,,,0,0,Urban,0,,,Light rain,Null
1753159.2098,5930041.655,829342,,508803,0,,0,1,,Null,2024/2025,ALBANY HIGHWAY,UNSWORTH DRIVE,,Non-Injury Crash,No,2025,,South,,0,,Hill Road,,,,,,Bright sun,180855,0,0,1,3,,,0,,,,,,Auckland Region,Nil,2-way,Sealed,,0,0,,60,,Off,0,0,,76,Auckland,Give way,,,,,0,0,Urban,0,,,Fine,Null
1755573.8819,5925120.8132,829343,,509800,0,,0,2,,Null,2022/2023,LAKE ROAD,KAWANA STREET,,Minor Crash,No,2023,,South,,0,,Hill Road,,,,,,Bright sun,360100,1,0,0,2,,,0,,,,,,Auckland Region,Nil,2-way,Sealed,,0,0,,50,,Off,0,0,,76,Auckland,Stop,,,,,0,0,Urban,0,,,Fine,Null
1757697.1843,5918273.3906,829344,,518101,0,,0,1,,East,2024/2025,SOUTHERN MOTORWAY,KHYBER PASS ROAD OFF RAMP,,Non-Injury Crash,Yes,2025,,South,,0,,Hill Road,,,,,,Overcast,543000,0,0,0,4,,,0,,,,,,Auckland Region,Nil,1-way,Sealed,,0,0,,80,,Off,1,0,,76,Auckland,Nil,,,,,0,0,Open,0,,,Light rain,Null
1764645.6508,5905807.1375,829350,,522100,0,,0,2,,North,2025/2026,STATION ROAD,WYLLIE ROAD,,Non-Injury Crash,No,2025,,South,,0,,Flat,,,,,,Bright sun,657700,0,0,0,2,,,0,,,,,,Auckland Region,Nil,2-way,Sealed,,0,0,,50,,Null,0,0,,76,Auckland,Nil,,,,,0,0,Urban,0,,,Fine,Null
1768924.3456,5909732.0357,829352,,523113,0,,0,2,,Null,2025/2026,SMALES ROAD,SIR WILLIAM AVENUE,,Serious Crash,No,2025,,West,,0,,Flat,,,,,,Bright sun,711703,0,0,0,2,,,0,,,,,,Auckland Region,Nil,2-way,Sealed,,0,1,,50,,None,0,0,,76,Auckland,Give way,,,,,0,0,Urban,0,,,Fine,Null
1744998.0475,5913921.7829,829360,,512906,0,,0,1,,South,2024/2025,GLENGARRY ROAD,HOOPERS ROAD,,Non-Injury Crash,No,2025,,North,,0,,Hill Road,,,,,,Bright sun,278410,0,0,0,2,,,0,,,,,,Auckland Region,Nil,2-way,Sealed,,0,0,,50,,Off,0,0,,76,Auckland,Nil,,,,,0,0,Urban,1,,,Fine,Null
1770802.5577,5913416.7751,829366,,523101,0,,0,1,,North,2025/2026,BOTANY ROAD,MIRRABOOKA AVENUE,,Minor Crash,No,2025,,South,,0,,Flat,,,,,,Dark,710512,1,0,0,2,,,0,,,1,,,Auckland Region,Nil,2-way,Sealed,,0,0,,50,,On,0,0,40,76,Auckland,Nil,,,,,0,0,Urban,0,,,Fine,Null
1768836.8665,5910677.8804,829374,,523112,0,,0,1,,Null,2024/2025,HARRIS ROAD,GREENMOUNT DRIVE,,Non-Injury Crash,No,2025,,South,,0,,Flat,,,,,,Dark,711701,0,0,0,4,,,0,,,,,,Auckland Region,Nil,2-way,Sealed,,0,0,,50,,Off,0,0,,76,Auckland,Give way,,,,,1,0,Urban,0,,,Heavy rain,Strong wind
1769493.9405,5901771.4423,829376,,524901,0,0,0,1,0,Null,2025/2026,HILL ROAD,GRANDE VUE ROAD,,Non-Injury Crash,No,2025,0,East,0,0,1,Flat,0,,0,,0,Overcast,756901,0,0,0,2,0,0,0,0,0,,0,0,Auckland Region,Nil,2-way,Sealed,0,0,0,0,50,0,On,0,0,40,76,Auckland,Give way,0,0,0,0,0,0,Urban,0,0,0,Heavy rain,Frost
1767927.6455,5913685.5825,829382,,522810,0,,0,2,,Null,2024/2025,PAKURANGA ROAD,GLENMORE ROAD,,Non-Injury Crash,No,2024,,East,,0,,Hill Road,,,,,,Bright sun,691103,0,0,0,4,,,0,,,,,,Auckland Region,Nil,2-way,Sealed,,0,0,,50,,Off,0,0,,76,Auckland,Traffic Signals,,,,,0,0,Urban,0,,,Fine,Null
1754154.9216,5969503.9118,829392,,506631,0,0,0,1,1,North,2024/2025,MAHURANGI EAST ROAD,ARABELLA LANE,,Non-Injury Crash,No,2025,0,South,0,0,0,Hill Road,0,,0,,0,Overcast,141516,0,0,0,3,0,0,0,0,0,,0,0,Auckland Region,Nil,2-way,Sealed,0,0,0,0,80,0,None,0,0,,76,Auckland,Nil,0,0,0,0,0,0,Open,0,0,0,Light rain,Null
1756114.1628,5931038.119,829400,,508520,0,0,0,2,0,North,2024/2025,MORTON AVENUE,WILLIAM SOUTER STREET,,Non-Injury Crash,No,2025,0,East,0,0,0,Null,0,,0,,0,Unknown,190100,0,0,0,2,0,0,0,0,1,,0,0,Auckland Region,Nil,2-way,Sealed,0,0,0,0,50,0,Null,0,0,,76,Auckland,Nil,0,0,0,0,0,0,Urban,0,0,0,Null,Null
1764614.391,5911819.348,829414,,520500,0,,0,2,,North,2025/2026,SOUTHERN MOTORWAY,PANAMA OBR,,Non-Injury Crash,Yes,2025,,North,,0,,Flat,,,,,,Bright sun,639500,0,0,0,3,,,0,,,,,,Auckland Region,Nil,1-way,Sealed,,0,0,,100,,Null,0,0,,76,Auckland,Nil,,,,,0,0,Open,1,,,Fine,Null
1757952.7818,5918014.7717,829416,,515700,0,0,0,1,0,North,2024/2025,SOUTHERN MOTORWAY,GILLIES AVENUE ON RAMP,,Non-Injury Crash,Yes,2025,0,North,0,0,0,Flat,0,,0,,0,Bright sun,443700,0,0,0,4,1,0,0,0,0,,0,0,Auckland Region,Nil,1-way,Sealed,0,0,0,0,80,0,Off,0,0,,76,Auckland,Nil,0,0,0,0,1,0,Open,0,0,0,Fine,Null
1767977.3197,5908619.3559,829430,,523502,0,0,0,1,0,West,2025/2026,JOHNSTONES ROAD,PEARL BAKER DRIVE,,Non-Injury Crash,No,2025,0,West,0,0,1,Flat,0,,0,,0,Dark,703200,0,0,0,2,0,0,0,0,0,,0,0,Auckland Region,Nil,2-way,Sealed,0,0,0,0,30,0,On,0,0,,76,Auckland,Nil,0,0,0,0,0,0,Urban,0,0,0,Fine,Null
1763133.7427,5886319.8236,829446,,521122,0,0,0,0,1,West,2025/2026,GLENBROOK ROAD,BATTY ROAD,,Non-Injury Crash,No,2026,0,East,0,0,1,Flat,0,,0,,0,Bright sun,810904,0,0,0,2,0,0,0,0,0,,0,0,Auckland Region,Nil,2-way,Sealed,0,0,0,0,80,0,None,0,0,,76,Auckland,Nil,0,0,0,0,0,0,Open,1,0,0,Fine,Null
1791306.0732,5908859.7603,829462,,525202,0,0,0,1,0,North,2024/2025,CLEVEDON-KAWAKAWA ROAD,TUREI ROAD,,Non-Injury Crash,No,2025,0,East,0,0,0,Hill Road,0,,0,,0,Bright sun,764800,0,0,0,2,0,0,0,0,0,,0,0,Auckland Region,Nil,2-way,Sealed,0,0,0,0,60,0,None,0,0,,76,Auckland,Nil,0,0,0,2,0,0,Urban,0,0,0,Fine,Null
1756214.9999,5913057.9961,829478,,518701,0,,0,2,,South,2024/2025,HILLSBOROUGH ROAD OFF RAMP,HAYR OBR,,Non-Injury Crash,No,2025,,South,,0,,Flat,,,,,,Dark,569000,0,0,0,3,,,0,,,,,,Auckland Region,Nil,2-way,Sealed,,0,0,,100,,On,0,0,,76,Auckland,Nil,,,,,0,0,Open,0,,,Fine,None
1754212.4799,5933307.65,829494,,508804,0,,0,1,,Null,2025/2026,HUGH GREEN DRIVE,KILLYBEGS DRIVE,,Serious Crash,No,2025,,North,,0,,Hill Road,,,,,,Bright sun,180701,0,0,0,2,,,0,,,1,,,Auckland Region,Nil,2-way,Sealed,,0,1,,50,,Off,0,0,,76,Auckland,Give way,,,,,0,0,Urban,0,,,Fine,Null
1775843.3586,5881906.1834,829507,,521160,0,,0,0,,West,2022/2023,MILL ROAD,BOMBAY OFF RAMP,,Minor Crash,No,2023,,West,,0,,Flat,,,,,,Overcast,827603,1,0,0,2,,,0,,,,,,Auckland Region,Nil,2-way,Sealed,,0,0,,60,,Off,0,0,,76,Auckland,Nil,,,,,0,0,Urban,3,,,Fine,Null
1756991.6541,5916623.6672,829512,,518202,0,,0,1,,Null,2025/2026,MOUNT EDEN ROAD,GRANGE ROAD,,Minor Crash,No,2025,,North,,0,,Flat,,,,,,Overcast,550100,1,0,1,2,,,0,,,,,,Auckland Region,Nil,2-way,Sealed,,0,0,,50,,Off,0,0,,76,Auckland,Stop,,,,,0,0,Urban,0,,,Fine,Null
1772469.4652,5897118.0917,829523,,525630,0,0,0,2,0,North,2022/2023,PORCHESTER ROAD,OLD WAIROA ROAD,,Serious Crash,No,2023,0,South,0,0,0,Flat,0,,0,,0,Twilight,794700,0,0,0,2,0,0,0,0,1,,0,0,Auckland Region,Nil,2-way,Sealed,0,0,1,0,50,0,On,0,0,,76,Auckland,Nil,0,0,0,0,0,0,Urban,0,0,0,Fine,Null
1761155.6688,5906967.6178,829526,,524112,0,,0,1,,East,2024/2025,SOUTH-WESTERN MOTORWAY,BADER OBR,,Non-Injury Crash,Yes,2025,,South,,0,,Flat,,Easter,,,,Bright sun,742201,0,0,0,2,,,0,,,,,,Auckland Region,Nil,1-way,Sealed,,0,0,,100,,Off,0,0,,76,Auckland,Nil,,,,,0,0,Open,1,,,Fine,Null
1759784.3149,5912759.0663,829528,,520000,0,,0,1,,Null,2025/2026,ALFRED STREET,GREY STREET,,Non-Injury Crash,No,2025,,South,,0,,Flat,,,,,,Dark,605700,0,0,0,2,,,0,,,,,,Auckland Region,Nil,2-way,Sealed,,0,0,,50,,On,1,0,,76,Auckland,Stop,,,,,0,0,Urban,0,,,Light rain,Null
1756693.4409,5927489.8003,829534,,507900,0,,0,1,,Null,2024/2025,NORTHCOTE ROAD,TAHAROTO ROAD,,Non-Injury Crash,No,2024,,East,,0,,Null,,,,,,Overcast,305202,0,0,0,1,,,0,,,,,,Auckland Region,Nil,1-way,Sealed,,0,0,,50,,Null,0,0,,76,Auckland,Give way,,,,,0,1,Urban,0,,,Fine,Null