X,Y,OBJECTID,advisorySpeed,areaUnitID,bicycle,bridge,bus,carStationWagon,cliffBank,crashDirectionDescription,crashFinancialYear,crashLocation1,crashLocation2,crashRoadSideRoad,crashSeverity,crashSHDescription,crashYear,debris,directionRoleDescription,ditch,fatalCount,fence,flatHill,guardRail,holiday,houseOrBuilding,intersection,kerb,light,meshblockId,minorInjuryCount,moped,motorcycle,NumberOfLanes,objectThrownOrDropped,otherObject,otherVehicleType,overBank,parkedVehicle,pedestrian,phoneBoxEtc,postOrPole,region,roadCharacter,roadLane,roadSurface,roadworks,schoolBus,seriousInjuryCount,slipOrFlood,speedLimit,strayAnimal,streetLight,suv,taxi,temporarySpeedLimit,tlaId,tlaName,trafficControl,trafficIsland,trafficSign,train,tree,truck,unknownVehicleType,urban,vanOrUtility,vehicle,waterRiver,weatherA,weatherB
1768596.7827,5911638.7249,829536,,523112,0,,0,1,,East,2024/2025,TI RAKAU DRIVE,TRUGOOD DRIVE,,Non-Injury Crash,No,2025,,West,,0,,Null,,,,,,Overcast,711404,0,0,0,2,,,0,,,,,,Auckland Region,Nil,1-way,Sealed,,0,0,,50,,Null,0,0,,76,Auckland,Nil,,,,,0,0,Urban,1,,,Fine,Null
1753166.9635,5930026.7753,829544,,509100,0,,0,1,,Null,2024/2025,ALBANY HIGHWAY,UNSWORTH DRIVE,,Non-Injury Crash,No,2025,,North,,0,,Flat,,,,,,Bright sun,181200,0,0,0,1,,,0,,,,,,Auckland Region,Nil,1-way,Sealed,,0,0,,60,,Off,0,0,,76,Auckland,Give way,,,,,1,0,Urban,0,,,Fine,Null
1754845.2466,5913119.1006,829552,,518803,0,,0,0,,South,2025/2026,DOMINION ROAD,YOUTH STREET,,Non-Injury Crash,No,2025,,North,,0,,Null,,,,,,Bright sun,582700,0,0,0,2,,,0,,,,,,Auckland Region,Nil,2-way,Sealed,,0,0,,50,,Null,2,1,,76,Auckland,Nil,,,,,0,0,Urban,0,,,Fine,Null
1745817.5225,5919526.4112,829566,,513301,0,0,0,0,0,North,2025/2026,CENTRAL PARK DRIVE,TE PAI PLACE,,Non-Injury Crash,No,2025,0,North,0,0,0,Null,0,,0,,0,Dark,230602,0,0,0,2,0,1,0,0,0,,0,0,Auckland Region,Nil,2-way,Sealed,0,0,0,0,50,0,Null,1,0,,76,Auckland,Nil,0,0,0,0,0,0,Urban,0,0,0,Light rain,Null
1748501.9981,5969686.8622,829576,,505500,0,,0,1,,West,2024/2025,WOODCOCKS ROAD,CAMPBELL DRIVE,,Minor Crash,No,2025,,East,,0,,Flat,,,,,,Bright sun,140500,1,0,0,2,,,0,,,1,,,Auckland Region,Nil,2-way,Sealed,,0,0,,50,,Off,0,0,,76,Auckland,Nil,,,,,0,0,Urban,0,,,Fine,Null
1755829.4791,5935390.1161,829584,,507101,0,,0,2,,West,2024/2025,BUTE ROAD,GLEN ROAD,,Non-Injury Crash,No,2025,,East,,0,,Null,,,,,,Unknown,161300,0,0,0,2,,,0,,,,,,Auckland Region,Nil,2-way,Null,,0,0,,50,,Null,0,0,,76,Auckland,Nil,,,,,0,0,Urban,0,,,Null,Null
1766026.8135,5903314.7245,829587,,524604,0,,0,1,,East,2022/2023,WIRI STATION ROAD,ASH ROAD,,Minor Crash,No,2023,,East,,0,,Flat,,,,,,Twilight,780208,1,0,0,2,,,0,,,,,,Auckland Region,Nil,1-way,Sealed,,0,0,,60,,On,0,0,,76,Auckland,Nil,,,,,1,0,Urban,0,,,Light rain,Null
1759023.9511,5916990.4573,829588,,516001,0,,0,3,,South,2022/2023,SOUTHERN MOTORWAY,MARKET ROAD OFF RAMP,,Minor Crash,Yes,2023,,South,,0,,Flat,,,,,,Bright sun,491200,3,0,0,4,,,0,,,,,,Auckland Region,Motorway ramp,1-way,Sealed,,0,0,,100,,Off,0,0,,76,Auckland,Nil,,,,,0,0,Open,0,,,Fine,Null
1752192.2935,5913552.0368,829590,,514402,0,,0,1,,Null,2025/2026,MARGATE ROAD,WHITNEY STREET,,Non-Injury Crash,No,2025,,East,,0,,Hill Road,,,,,,Bright sun,379000,0,0,0,1,,,0,,,,,,Auckland Region,Nil,1-way,Sealed,,0,0,,50,,Off,1,0,,76,Auckland,Give way,,,,,0,0,Urban,0,,,Fine,Null
1769891.8512,5899531.2831,829592,,523911,0,,0,1,,South,2024/2025,SOUTHERN MOTORWAY,TAKANINI RAIL OBR,,Non-Injury Crash,Yes,2024,,South,,0,,Null,,,,,,Bright sun,766500,0,0,1,3,,,0,,,,,,Auckland Region,Nil,1-way,Sealed,,0,0,,100,,Null,0,0,,76,Auckland,Nil,,,,,0,0,Open,0,,,Fine,Null
1755498.9582,5932434.2062,829598,,508805,0,,0,1,,Null,2025/2026,EAST COAST ROAD,AMANTE CRESCENT,,Non-Injury Crash,No,2025,,South,,0,,Flat,,,,,,Bright sun,153200,0,0,0,4,,,0,,,,,,Auckland Region,Nil,2-way,Sealed,,0,0,,50,,Off,0,0,,76,Auckland,Give way,,,,,0,0,Urban,1,,,Fine,Null
1764409.3216,5909920.2518,829599,,521801,0,,0,1,,Null,2023/2024,CHURCH STREET,AVENUE ROAD,,Minor Crash,No,2023,,South,,0,,Flat,,,,,,Bright sun,787300,1,0,0,2,,,0,,,,,,Auckland Region,Nil,2-way,Sealed,,0,0,,50,,Off,0,0,,76,Auckland,Give way,,,,,0,0,Urban,1,,,Light rain,Null
1742102.0267,5922081.7438,829600,,513621,0,,0,1,,West,2024/2025,RED HILLS ROAD,MORUS ROAD,,Non-Injury Crash,No,2025,,South,,0,,Flat,,,,,,Dark,226601,0,0,0,2,,,1,,,,,,Auckland Region,Nil,2-way,Sealed,,0,0,,60,,None,0,0,,76,Auckland,Nil,,,,,0,0,Urban,0,,,Fine,Null
1748423.6302,5969349.5734,829606,,505500,0,0,0,2,0,North,2025/2026,GLENMORE DRIVE,MORRISON DRIVE,,Minor Crash,No,2025,0,North,0,0,0,Flat,0,,0,,0,Dark,140500,1,0,0,2,0,0,0,0,1,,0,0,Auckland Region,Nil,2-way,Sealed,0,0,0,0,50,0,On,0,0,,76,Auckland,Nil,0,0,0,1,0,0,Urban,0,0,0,Fine,Null
1767918.2446,5902319.8627,829608,,525001,0,0,0,1,0,West,2024/2025,BROWNS ROAD,MAICH ROAD,,Non-Injury Crash,No,2025,0,East,0,0,0,Flat,0,,0,,0,Overcast,750300,0,0,0,2,0,0,0,0,1,,0,0,Auckland Region,Nil,2-way,Sealed,0,0,0,0,50,0,On,1,0,,76,Auckland,Nil,0,0,0,0,0,0,Urban,0,0,0,Light rain,Null
1768539.9278,5900991.5984,829616,,525001,0,,0,2,,South,2025/2026,STATION ROAD,MAICH ROAD,,Non-Injury Crash,No,2025,,North,,0,,Flat,,,,,,Overcast,751400,0,0,0,2,,,0,,,,,,Auckland Region,Overpass,2-way,Sealed,,0,0,,50,,Off,0,0,,76,Auckland,Give way,,,,,0,0,Urban,0,,,Fine,Null
1768352.1461,5901858.8616,829622,,525001,0,0,0,2,0,North,2024/2025,GREAT SOUTH ROAD,HALSEY ROAD,,Non-Injury Crash,No,2025,0,North,0,0,0,Flat,0,,0,,0,Bright sun,750800,0,0,0,2,0,0,0,0,1,,0,0,Auckland Region,Nil,2-way,Sealed,0,0,0,0,50,0,Off,0,0,,76,Auckland,Nil,0,0,0,0,0,0,Urban,0,0,0,Fine,Null
1754692.2438,5928699.2405,829627,,508320,0,,0,0,,Null,2023/2024,DIANA DRIVE,ASHFIELD ROAD,,Minor Crash,No,2023,,South,,0,,Flat,,,,,,Overcast,196700,1,0,0,2,,,0,,,,,,Auckland Region,Nil,2-way,Sealed,,0,0,,50,,Off,1,0,,76,Auckland,Nil,,,,,0,0,Urban,1,,,Fine,Null
1762771.4128,5908064.9279,829632,,524530,0,,0,0,,West,2025/2026,VINE STREET,DRIVER ROAD,,Non-Injury Crash,No,2025,,South,,0,,Null,,,,,,Bright sun,732603,0,0,0,2,,,0,,,1,,,Auckland Region,Nil,2-way,Sealed,,0,0,,30,,Null,1,0,,76,Auckland,Nil,,,,,0,0,Urban,0,,,Fine,Null
1760669.5636,5915514.4348,829643,,520201,0,0,0,2,0,North,2022/2023,SOUTHERN MOTORWAY,WALPOLE OBR,,Minor Crash,Yes,2023,0,South,0,0,0,Flat,1,,0,,0,Bright sun,613000,2,0,0,3,0,0,0,0,0,,0,0,Auckland Region,Nil,1-way,Sealed,0,0,0,0,100,0,Off,0,0,,76,Auckland,Nil,0,0,0,0,0,0,Open,0,0,0,Fine,Null
1756062.3564,5917460.54,829648,,518102,0,,0,1,,Null,2024/2025,DOMINION ROAD,VALLEY ROAD,,Non-Injury Crash,No,2024,,South,,0,,Null,,,,,,Bright sun,546000,0,0,0,4,,,0,,,,,,Auckland Region,Nil,2-way,Sealed,,0,0,,50,,Null,0,0,,76,Auckland,Traffic Signals,,,,,0,1,Urban,0,,,Fine,Null
1773247.5981,5899601.669,829656,,523912,0,,0,1,,Null,2025/2026,MILL ROAD,AIRFIELD ROAD,,Minor Crash,No,2025,,North,,0,,Flat,,,,,,Bright sun,765401,1,0,0,2,,,0,,,,,,Auckland Region,Nil,2-way,Sealed,,0,0,,80,,Off,0,0,,76,Auckland,Give way,,,,,1,0,Open,0,,,Fine,Null
1764787.6598,5912241.1341,829659,,520500,0,,0,0,,Null,2023/2024,CARBINE ROAD,GABADOR PLACE,,Minor Crash,No,2023,,South,,0,,Flat,,,,,,Bright sun,639300,1,0,0,2,,,0,,,,,,Auckland Region,Nil,2-way,Sealed,,0,0,,50,,Off,0,0,,76,Auckland,Give way,,,,,2,0,Urban,0,,,Fine,Null
1760322.213,5907066.3716,829662,,524112,0,,0,3,,West,2025/2026,"BADER DRIVE, MANGERE, AUCKLAND 2022",MASCOT AVENUE,,Non-Injury Crash,No,2025,,East,,0,,Flat,,,,,,Bright sun,737500,0,0,0,2,,,0,,,,,,Auckland Region,Nil,1-way,Sealed,,0,0,,50,,Null,0,0,,76,Auckland,Nil,,,,,0,0,Urban,0,,,Fine,Null
1764687.3458,5906457.1241,829694,,522201,0,,0,1,,Null,2024/2025,SHIRLEY ROAD,CORONATION ROAD,,Non-Injury Crash,No,2025,,North,,0,,Flat,,,,,,Bright sun,661700,0,0,0,2,,,0,,,,,,Auckland Region,Nil,2-way,Sealed,,0,0,,50,,Off,1,0,,76,Auckland,Give way,,,,,0,0,Urban,0,,,Fine,Null
1768956.3455,5913501.1539,829696,,522723,0,0,0,0,0,East,2025/2026,CHEAM PLACE,WALWORTH AVENUE,,Non-Injury Crash,No,2025,0,West,0,0,0,Flat,0,,0,,0,Dark,682500,0,0,0,2,0,0,0,0,1,,0,0,Auckland Region,Nil,2-way,Sealed,0,0,0,0,50,0,On,1,0,,76,Auckland,Nil,0,0,0,0,0,0,Urban,0,0,0,Fine,Null
1734906.225,5932636.1738,829704,,505605,0,,0,2,,South,2025/2026,OLD NORTH ROAD,WAIKOUKOU VALLEY ROAD,,Minor Crash,No,2025,,East,,0,,Hill Road,,,,,,Dark,215700,1,0,0,2,,,0,,,,,,Auckland Region,Bridge,2-way,Sealed,,0,0,,80,,None,0,0,,76,Auckland,Nil,,,,,0,0,Open,0,,,Heavy rain,Null
1766348.7476,5899803.4828,829710,,524713,0,0,0,0,0,Null,2024/2025,WEYMOUTH ROAD,ROSCOMMON ROAD,,Non-Injury Crash,No,2025,0,East,0,0,0,Flat,1,,0,,1,Dark,775823,0,0,0,1,0,0,0,0,0,,0,0,Auckland Region,Nil,1-way,Sealed,0,0,0,0,50,0,On,0,0,,76,Auckland,Give way,0,0,0,0,0,0,Urban,1,0,0,Fine,Null
1756172.0631,5919307.8338,829712,,515420,0,,0,2,,North,2024/2025,PONSONBY ROAD,GREAT NORTH ROAD,,Non-Injury Crash,No,2025,,South,,0,,Flat,,,,,,Bright sun,411600,0,0,0,4,,,0,,,,,,Auckland Region,Nil,2-way,Sealed,,0,0,,50,,Off,0,0,,76,Auckland,Nil,,,,,0,0,Urban,0,,,Fine,Null
1766412.3168,5912836.3546,829726,,522920,0,0,0,1,0,West,2025/2026,PAKURANGA HIGHWAY,TI RAKAU DRIVE,,Non-Injury Crash,No,2025,0,West,0,0,0,Flat,1,,0,,0,Bright sun,683800,0,0,0,2,0,0,0,0,0,,0,0,Auckland Region,Nil,1-way,Sealed,0,0,0,0,80,0,Off,0,0,,76,Auckland,Nil,0,0,0,0,0,0,Open,0,0,0,Fine,Null
1753660.1716,5945737.417,829734,,505906,0,0,0,2,0,North,2025/2026,WHANGAPARAOA ROAD,DOBELL ROAD,,Non-Injury Crash,No,2025,0,West,0,0,0,Hill Road,0,,0,,0,Bright sun,173806,0,0,0,2,0,0,0,0,1,,0,0,Auckland Region,Nil,2-way,Sealed,0,0,0,0,50,0,Off,0,0,,76,Auckland,Nil,0,0,0,0,0,0,Urban,0,0,0,Fine,Null
1751298.2397,5949498.7335,829735,,505805,0,0,0,2,0,Null,2022/2023,OFFROAD ST JOHNS CATHOLIC CHURCH CARPARK,,,Minor Crash,No,2023,0,West,0,0,1,Flat,0,,1,,0,Dark,171804,1,0,0,0,0,0,0,0,1,,0,0,Auckland Region,Nil,Off road,Sealed,0,0,0,0,10,0,On,0,0,,76,Auckland,Nil,0,0,0,0,0,0,Urban,0,0,0,Light rain,Null
1764400.5426,5904768.455,829742,,522100,0,0,0,2,0,North,2025/2026,WYLLIE ROAD,GIFFORD ROAD,,Serious Crash,No,2025,0,South,0,0,0,Flat,0,,0,,0,Dark,659000,0,0,0,2,0,0,0,0,1,,0,1,Auckland Region,Nil,2-way,Sealed,0,0,1,0,50,0,On,0,0,,76,Auckland,Nil,0,0,0,0,0,0,Urban,0,0,0,Fine,Null
1761099.8584,5915053.863,829743,,520201,0,0,0,2,0,Null,2022/2023,OFF ROAD - CAR PARK,,,Minor Crash,No,2023,0,North,0,0,0,Flat,0,,0,,0,Bright sun,613500,1,0,0,,0,0,0,0,1,,0,0,Auckland Region,Nil,Off road,Sealed,0,0,0,0,,0,Off,1,0,,76,Auckland,Nil,0,0,0,0,0,0,Urban,0,1,0,Fine,Null
1750144.3156,5940512.5474,829758,,506300,0,,0,0,,North,2024/2025,NORTHERN MOTORWAY,BAWDEN OBR,,Non-Injury Crash,Yes,2025,,North,,0,,Flat,,,,,,Dark,175906,0,0,0,2,,,0,,,,,,Auckland Region,Nil,1-way,Sealed,,0,0,,100,,None,0,0,,76,Auckland,Nil,,,,,0,0,Open,2,,,Light rain,Null
1772244.4116,5896208.2119,829766,,525420,0,,0,2,,Null,2024/2025,RAY SMALL DRIVE,ELLIOT STREET,,Non-Injury Crash,No,2025,,South,,0,,Flat,,,,,,Bright sun,791700,0,0,0,2,,,0,,,,,,Auckland Region,Nil,2-way,Sealed,,0,0,,50,,Off,0,0,,76,Auckland,Stop,,,,,0,0,Urban,0,,,Fine,Null
1766528.1215,5877666.8039,829771,,521112,0,,0,1,,Null,2022/2023,ATTEWELL ROAD,DAZELEY ROAD,,Non-Injury Crash,No,2023,,East,,0,,Flat,,,,,,Dark,826201,0,0,0,2,,,0,,,,,,Auckland Region,Nil,2-way,Sealed,,0,0,,80,,None,0,0,,76,Auckland,Stop,,,,,0,0,Open,0,,,Fine,Frost
1756453.0498,5926251.3541,829776,,509702,0,0,0,1,0,South,2024/2025,COLLEGE ROAD,AKORANGA DRIVE,,Non-Injury Crash,No,2025,0,South,0,0,0,Hill Road,0,,0,,0,Bright sun,364601,0,0,0,2,0,0,0,0,1,,0,0,Auckland Region,Nil,2-way,Sealed,0,0,0,0,50,0,Off,1,0,,76,Auckland,Nil,0,0,0,0,0,0,Urban,1,0,0,Fine,Null
1739478.941,5919014.6372,829791,45,513702,0,,0,2,,West,2022/2023,WAITAKERE ROAD,KAY ROAD,,Minor Crash,No,2023,,South,,0,,Flat,,,,,,Overcast,237100,1,0,0,2,,,0,,,,,,Auckland Region,Nil,2-way,Sealed,,0,0,,60,,None,0,0,,76,Auckland,Nil,,,,,0,0,Urban,0,,,Fine,Null
1771240.1143,5915485.4764,829800,,521601,0,,0,1,,North,2025/2026,BLEAKHOUSE ROAD,PATONS ROAD,,Serious Crash,No,2025,,North,,0,,Hill Road,,,,,,Bright sun,645600,0,0,0,2,,,0,,,1,,,Auckland Region,Nil,2-way,Sealed,,0,2,,50,,Off,0,0,,76,Auckland,Nil,,,,,0,0,Urban,0,,,Fine,Null
1772520.6457,5886566.9115,829808,,521122,0,,0,1,,South,2025/2026,RUNCIMAN ROAD,AMBERFIELDS WAY,,Minor Crash,No,2025,,South,,0,,Hill Road,,,,,,Dark,826802,2,0,0,2,,,0,,,,,,Auckland Region,Nil,2-way,Sealed,,0,0,,80,,None,0,0,,76,Auckland,Nil,,,,,0,0,Open,0,,,Fine,Null
1764347.2469,5909390.7326,829814,,521802,0,,0,2,,Null,2024/2025,GREAT SOUTH ROAD,FORT RICHARD ROAD,,Non-Injury Crash,No,2024,,North,,0,,Flat,,,,,,Bright sun,788601,0,0,0,4,,,0,,,,,,Auckland Region,Nil,2-way,Sealed,,0,0,,50,,None,0,0,,76,Auckland,Stop,,,,,0,0,Urban,0,,,Fine,Null
1769048.0333,5901978.6256,829815,,524901,0,,0,2,,Null,2022/2023,GRANDE VUE ROAD,DAVID AVENUE,,Non-Injury Crash,No,2023,,West,,0,,Flat,,,,,,Dark,755900,0,0,0,2,,,0,,,,,,Auckland Region,Nil,2-way,Sealed,,0,0,,50,,On,0,0,,76,Auckland,Give way,,,,,0,0,Urban,0,,,Fine,Null
1748335.4437,5926969.9937,829816,,513431,0,,1,0,,South,2024/2025,HOBSONVILLE POINT ROAD,GLIDEPATH ROAD,,Non-Injury Crash,No,2025,,South,,0,,Null,,,,,,Bright sun,221905,0,0,0,1,,,0,,,,,,Auckland Region,Nil,1-way,Sealed,,0,0,,50,,Null,1,0,,76,Auckland,Nil,,,,,0,0,Urban,0,,,Fine,Null
1770688.6019,5908018.9422,829819,,523115,0,0,0,0,0,Null,2023/2024,KENSWAY DRIVE,PLANTATION AVENUE,,Minor Crash,No,2023,0,North,0,0,0,Flat,0,,1,,0,Overcast,712122,1,0,0,2,0,0,0,0,0,,0,0,Auckland Region,Nil,2-way,Sealed,0,0,0,0,50,0,Off,1,0,,76,Auckland,Give way,0,0,0,0,0,0,Urban,0,0,0,Fine,Null
1764244.876,5914956.4355,829830,,520303,0,,0,2,,West,2023/2024,ELLERSLIE-PANMURE HIGHWAY,MOUNTAIN ROAD,,Non-Injury Crash,No,2024,,West,,0,,Flat,,,,,,Bright sun,627500,0,0,0,4,,,0,,,,,,Auckland Region,Nil,2-way,Sealed,,0,0,,50,,Off,0,0,,76,Auckland,Traffic Signals,,,,,0,0,Urban,0,,,Fine,None
1756201.0017,5924184.9389,829855,,509800,0,,0,2,,Null,2022/2023,NORTHERN MOTORWAY,ONEWA ROAD ON RAMP,,Non-Injury Crash,Yes,2023,,South,,0,,Flat,,,,,,Bright sun,361100,0,0,0,4,,,0,,,,,,Auckland Region,Nil,1-way,Sealed,,0,0,,100,,Off,0,0,,76,Auckland,Nil,,,,,0,0,Open,0,,,Fine,Null
1771489.9788,5912512.2845,829862,,523106,0,,0,1,,Null,2024/2025,ORANGEWOOD DRIVE,CRESCENT HILLS COURT,,Serious Crash,No,2025,,East,,0,,Flat,,,,,,Bright sun,711117,0,0,1,2,,,0,,,,,,Auckland Region,Nil,2-way,Sealed,,0,1,,50,,Off,0,0,40,76,Auckland,Nil,,,,,0,0,Urban,0,,,Fine,Null
1754175.6928,5924391.8477,829864,,510500,0,0,0,1,0,South,2025/2026,HINEMOA STREET,MARIPOSA CRESCENT,,Non-Injury Crash,No,2025,0,South,0,0,0,Null,0,,0,,0,Dark,357700,0,0,0,2,0,0,1,0,1,,0,0,Auckland Region,Nil,2-way,Sealed,0,0,0,0,50,0,Null,0,0,,76,Auckland,Nil,0,0,0,0,0,0,Urban,0,0,0,Fine,Null
1763802.6977,5913543.3738,829870,,520402,0,0,0,1,0,South,2024/2025,ROSLYN ROAD,MOUNT WELLINGTON HIGHWAY,,Non-Injury Crash,No,2025,0,East,0,0,0,Flat,0,,0,,0,Bright sun,640300,0,0,0,2,0,0,0,0,1,,0,0,Auckland Region,Nil,2-way,Sealed,0,0,0,0,50,0,Off,0,0,,76,Auckland,Nil,0,0,0,0,0,0,Urban,1,0,0,Fine,Null
1762353.3607,5914843.8858,829886,,520202,0,,0,1,,Null,2024/2025,MAIN HIGHWAY,BALLARAT STREET,,Non-Injury Crash,No,2025,,West,,0,,Hill Road,,,,,,Dark,610700,0,0,0,2,,,0,,,,,,Auckland Region,Nil,2-way,Sealed,,0,0,,50,,On,1,0,,76,Auckland,Stop,,,,,0,0,Urban,0,,,Fine,Null
1746538.9999,5916500.057,829888,,510700,0,0,0,1,0,Null,2025/2026,TE ATATU ROAD,GREAT NORTH ROAD,,Minor Crash,No,2026,0,South,0,0,0,Flat,0,,0,,0,Overcast,241000,1,0,0,2,0,0,0,0,1,,0,0,Auckland Region,Nil,1-way,Sealed,0,0,0,0,50,0,Off,0,0,,76,Auckland,Give way,1,0,0,0,0,0,Urban,1,0,0,Light rain,Null
1772135.9987,5914957.0153,829896,,521602,0,,0,2,,Null,2024/2025,MOORE STREET,FENCIBLE DRIVE,,Non-Injury Crash,No,2025,,South,,0,,Flat,,,,,,Bright sun,650000,0,0,0,2,,,0,,,,,,Auckland Region,Nil,2-way,Sealed,,0,0,,50,,Off,0,0,,76,Auckland,Give way,,,,,0,0,Urban,0,,,Fine,Null
1766153.2833,5907389.8067,829902,45,522301,0,,0,1,,South,2023/2024,EAST TAMAKI ROAD,EAST TAMAKI ROAD ON-OFF RAMP,,Non-Injury Crash,No,2024,,South,,0,,Hill Road,,,,,,Bright sun,666700,0,0,0,4,,,0,,,,,,Auckland Region,Nil,2-way,Sealed,,0,0,,50,,Null,0,0,,76,Auckland,Nil,,,,,0,0,Urban,1,,,Fine,None
1766675.5923,5904256.845,829907,,524604,0,0,0,1,0,North,2023/2024,LAMBIE DRIVE,LAMBIE DRIVE OFF RAMP,,Serious Crash,No,2023,0,North,0,0,0,Flat,0,,0,,1,Bright sun,780209,1,0,0,2,0,0,0,0,0,,0,1,Auckland Region,Nil,1-way,Sealed,0,0,1,0,60,0,Off,0,0,,76,Auckland,Nil,0,0,0,0,0,0,Urban,0,0,0,Fine,Null
1770059.8057,5901039.4723,829915,,523816,0,,0,0,,East,2022/2023,SECRETARIAT PLACE,SHIFNAL DRIVE,,Serious Crash,No,2023,,East,,0,,Flat,,,,,,Bright sun,759725,0,0,1,2,,,0,,,,,,Auckland Region,Nil,2-way,Sealed,,0,1,,50,,Off,0,0,30,76,Auckland,Nil,,,,,0,0,Urban,0,,,Fine,Null
1758801.8063,5912410.4497,829918,,519820,0,,0,1,,Null,2024/2025,SELWYN STREET,ARTHUR STREET,,Non-Injury Crash,No,2025,,North,,0,,Hill Road,,,,,,Dark,600800,0,0,0,2,,,0,,,,,,Auckland Region,Nil,2-way,Sealed,,0,0,,50,,On,0,0,,76,Auckland,Stop,,,,,0,0,Urban,1,,,Fine,Null
1752993.8529,5973614.6374,829950,,506661,0,,0,2,,Null,2022/2023,MATAKANA ROAD,OAK RIVER DRIVE,,Serious Crash,No,2023,,North,,0,,Flat,,,,,,Bright sun,139303,0,0,0,2,,,0,,,,,,Auckland Region,Nil,2-way,Sealed,,0,4,,80,,Off,0,0,,76,Auckland,Nil,,,,,0,0,Open,0,,,Fine,Null
1760192.7229,5915464.7674,829957,,519400,0,,0,1,,Null,2025/2026,GREAT SOUTH ROAD,MATAI ROAD,,Serious Crash,No,2025,,North,,0,,Flat,,,,,,Overcast,617301,0,0,1,4,,,0,,,,,,Auckland Region,Nil,2-way,Sealed,,0,1,,50,,On,0,0,,76,Auckland,Stop,,,,,0,0,Urban,0,,,Fine,Null
1739328.3445,5977652.1263,829959,,506660,0,0,0,1,0,South,2025/2026,SH 1,HOTEO RIV BR,,Non-Injury Crash,Yes,2025,0,North,0,0,0,Flat,1,Christmas New Year,0,,0,Overcast,136700,0,0,0,1,0,0,0,0,0,,0,0,Auckland Region,Nil,1-way,Sealed,0,0,0,0,80,0,None,0,0,,76,Auckland,Nil,0,0,0,0,0,0,Open,0,0,0,Light rain,Null
1750487.6238,5949646.8012,829965,,505805,0,0,0,1,0,North,2025/2026,GRAND DRIVE,CHESTERFIELD WAY,,Minor Crash,No,2025,0,North,0,0,0,Flat,0,,0,,0,Dark,171705,1,0,0,1,0,0,0,0,0,,0,0,Auckland Region,Nil,1-way,Sealed,0,0,0,0,50,0,On,0,0,,76,Auckland,Nil,0,0,0,1,0,0,Urban,0,0,0,Fine,Null
1767255.6959,5899077.1625,829973,,524812,0,0,0,2,0,East,2024/2025,MAHIA ROAD,CADE PLACE,,Minor Crash,No,2025,0,West,0,0,0,Flat,0,Queens Birthday,0,,0,Dark,774102,1,0,0,2,0,0,0,0,1,,0,0,Auckland Region,Nil,2-way,Sealed,0,0,0,0,50,0,On,0,0,40,76,Auckland,Nil,0,0,0,0,0,0,Urban,0,0,0,Fine,Frost
1773374.5745,5897703.7374,829980,,523912,0,0,0,1,0,Null,2024/2025,GROVE ROAD,BATTALION DRIVE,,Serious Crash,No,2025,0,South,0,0,0,Flat,0,,0,,0,Dark,765500,0,0,0,2,0,0,0,0,1,,0,0,Auckland Region,Nil,2-way,Sealed,0,0,1,0,50,0,On,2,0,,76,Auckland,Give way,0,0,0,0,0,0,Urban,0,0,0,Fine,Null
1753286.6613,5933077.1184,829982,,508701,0,,0,2,,Null,2025/2026,GREVILLE ROAD,TAWA DRIVE,,Non-Injury Crash,No,2026,,South,,0,,Flat,,,,,,Bright sun,178900,0,0,0,5,,,0,,,,,,Auckland Region,Motorway ramp,2-way,Sealed,,0,0,,50,,Off,0,0,,76,Auckland,Traffic Signals,,,,,0,0,Urban,0,,,Fine,Null
1758043.4265,5927189.2192,829988,,508010,0,,1,0,,South,2024/2025,LAKE ROAD,COMO STREET,,Serious Crash,No,2025,,North,,0,,Flat,,,,,,Bright sun,327000,0,0,0,2,,,0,,,1,,,Auckland Region,Nil,2-way,Sealed,,0,1,,30,,Off,0,0,,76,Auckland,Nil,,,,,0,0,Urban,0,,,Fine,Null
1745957.5637,5919912.7804,830014,,513301,0,0,0,1,0,North,2024/2025,CENTRAL PARK DRIVE,TOLICH PLACE,,Non-Injury Crash,No,2025,0,North,0,0,0,Flat,0,,0,,0,Dark,230401,0,0,0,2,0,0,0,0,1,,0,0,Auckland Region,Nil,2-way,Sealed,0,0,0,0,50,0,On,0,0,,76,Auckland,Nil,0,0,0,0,0,0,Urban,1,0,0,Fine,Null
1761061.0195,5907258.1341,830020,,524520,0,0,0,2,0,North,2024/2025,ROBERTSON ROAD,BARI LANE,,Non-Injury Crash,No,2024,0,North,0,0,0,Flat,0,Christmas New Year,0,,0,Bright sun,736101,0,0,0,2,0,0,0,0,1,,0,0,Auckland Region,Nil,2-way,Sealed,0,0,0,0,50,0,Off,0,0,,76,Auckland,Nil,0,0,0,0,0,0,Urban,0,0,0,Fine,Null
1761772.0003,5920008.4255,830024,,516400,0,0,0,1,0,West,2022/2023,TAMAKI DRIVE,WATENE CRESCENT,,Serious Crash,No,2023,0,West,0,0,0,Flat,0,,0,,0,Dark,498900,1,0,0,2,0,0,0,0,0,,0,1,Auckland Region,Nil,2-way,Sealed,0,0,1,0,50,0,On,0,0,,76,Auckland,Nil,0,1,0,0,0,0,Urban,0,0,0,Light rain,Null
1765213.2192,5914645.6099,830028,,520602,0,0,0,1,0,East,2024/2025,QUEENS ROAD,PILKINGTON ROAD,,Minor Crash,No,2025,0,West,0,0,0,Flat,0,,0,,0,Dark,628700,1,0,0,2,0,0,0,0,0,,0,0,Auckland Region,Nil,2-way,Sealed,0,0,0,0,50,0,On,0,0,,76,Auckland,Nil,0,0,0,1,0,0,Urban,1,0,0,Fine,Null