X,Y,OBJECTID,advisorySpeed,areaUnitID,bicycle,bridge,bus,carStationWagon,cliffBank,crashDirectionDescription,crashFinancialYear,crashLocation1,crashLocation2,crashRoadSideRoad,crashSeverity,crashSHDescription,crashYear,debris,directionRoleDescription,ditch,fatalCount,fence,flatHill,guardRail,holiday,houseOrBuilding,intersection,kerb,light,meshblockId,minorInjuryCount,moped,motorcycle,NumberOfLanes,objectThrownOrDropped,otherObject,otherVehicleType,overBank,parkedVehicle,pedestrian,phoneBoxEtc,postOrPole,region,roadCharacter,roadLane,roadSurface,roadworks,schoolBus,seriousInjuryCount,slipOrFlood,speedLimit,strayAnimal,streetLight,suv,taxi,temporarySpeedLimit,tlaId,tlaName,trafficControl,trafficIsland,trafficSign,train,tree,truck,unknownVehicleType,urban,vanOrUtility,vehicle,waterRiver,weatherA,weatherB
1773052.1143,5900136.979,830056,,523911,0,,0,3,,South,2022/2023,MILL ROAD,POPES ROAD,,Minor Crash,No,2023,,South,,0,,Flat,,,,,,Bright sun,767204,1,0,0,2,,,0,,,,,,Auckland Region,Nil,2-way,Sealed,,0,0,,80,,None,0,0,,76,Auckland,Nil,,,,,0,0,Open,0,,,Fine,Null
1769271.9049,5902376.1289,830060,,524901,0,,0,3,,North,2024/2025,SOUTHERN MOTORWAY,HILL ROAD ON RAMP,,Non-Injury Crash,Yes,2025,,North,,0,,Flat,,,,,,Bright sun,755600,0,0,0,3,,,0,,,,,,Auckland Region,Nil,1-way,Sealed,,0,0,,100,,Off,0,0,,76,Auckland,Nil,,,,,0,0,Open,0,,,Fine,Null
1765984.2501,5882065.9851,830070,,521112,0,0,0,1,0,Null,2024/2025,ADAMS ROAD,GUN CLUB ROAD,,Minor Crash,No,2025,0,North,0,0,1,Flat,0,,0,,0,Dark,826500,1,0,0,2,0,0,0,0,0,,0,0,Auckland Region,Nil,2-way,Sealed,0,0,0,0,80,0,On,0,0,,76,Auckland,Give way,0,0,0,1,0,0,Open,0,0,0,Mist or Fog,Null
1763934.0987,5913042.4877,830101,,520500,0,0,0,1,0,Null,2023/2024,OFFROAD - CAR PARK,,,Serious Crash,No,2023,0,West,0,0,0,Flat,1,,0,,0,Overcast,637500,1,0,0,,0,0,0,0,0,,0,0,Auckland Region,Nil,Off road,Sealed,0,0,1,0,,0,Off,0,0,,76,Auckland,Nil,0,0,0,0,0,0,Urban,1,0,0,Fine,Null
1758760.0606,5911921.623,830105,,519810,0,,0,1,,Null,2023/2024,PRINCES STREET,GLOUCESTER PARK ROAD,,Minor Crash,No,2023,,West,,0,,Flat,,,,,,Overcast,602200,2,0,0,2,,,0,,,,,,Auckland Region,Nil,2-way,Sealed,,0,0,,50,,Off,1,0,,76,Auckland,Nil,,,,,0,0,Urban,0,,,Light rain,Strong wind
1770008.5683,5901169.6137,830110,35,523816,0,,0,2,,West,2024/2025,SHIFNAL DRIVE,CHARISMA PLACE,,Minor Crash,No,2025,,West,,0,,Flat,,,,,,Dark,759743,3,0,0,2,,,0,,,,,,Auckland Region,Nil,2-way,Sealed,,0,0,,50,,On,0,0,,76,Auckland,Nil,,,,,0,0,Urban,0,,,Fine,Null
1747195.1669,5919890.7609,830116,,512300,0,,0,2,,West,2025/2026,TITOKI STREET,TE ATATU ROAD,,Non-Injury Crash,No,2025,,East,,0,,Hill Road,,,,,,Dark,251700,0,0,0,2,,,0,,,,,,Auckland Region,Motorway ramp,2-way,Sealed,,0,0,,50,,On,0,0,,76,Auckland,Nil,,,,,0,1,Urban,0,,,Fine,Null
1743658.7198,5919377.2884,830122,,513212,0,,0,2,,Null,2022/2023,SWANSON ROAD,UNIVERSAL DRIVE,,Minor Crash,No,2023,,East,,0,,Flat,,,,,,Bright sun,235711,1,0,0,2,,,0,,,,,,Auckland Region,Nil,1-way,Sealed,,0,0,,50,,Off,0,0,,76,Auckland,Give way,,,,,0,0,Urban,0,,,Fine,Null
1764177.1631,5910120.6054,830149,,521801,0,,0,2,,Null,2023/2024,ATKINSON AVENUE,PRINCES STREET,,Non-Injury Crash,No,2024,,North,,0,,Flat,,,,,,Dark,787300,0,0,0,2,,,0,,,,,,Auckland Region,Nil,2-way,Sealed,,0,0,,50,,On,0,0,,76,Auckland,Traffic Signals,,,,,0,0,Urban,0,,,Null,None
1756230.4164,5920885.3538,830157,,515202,0,0,0,1,0,West,2024/2025,FANSHAWE STREET ON RAMP,FANSHAWE STREET,,Non-Injury Crash,No,2025,0,North,0,0,0,Flat,0,,0,,0,Dark,426101,0,0,0,3,0,1,0,0,0,,0,0,Auckland Region,Motorway ramp,1-way,Sealed,0,0,0,0,80,0,On,0,0,,76,Auckland,Nil,0,0,0,0,0,0,Open,0,0,0,Fine,Null
1757848.9999,5918867.9961,830171,,515902,0,,0,1,,South,2024/2025,PARK ROAD,BOYLE CRESCENT,,Non-Injury Crash,No,2025,,North,,0,,Flat,,,,,,Bright sun,451400,0,0,0,2,,,0,,,,,,Auckland Region,Nil,2-way,Sealed,,0,0,,50,,Null,0,1,,76,Auckland,Nil,,,,,0,1,Urban,0,,,Fine,Null
1754204.8921,5918310.0151,830172,,515432,0,0,0,1,0,West,2023/2024,NORTH-WESTERN MOTORWAY,ST LUKES ROAD OFF RAMP,,Minor Crash,Yes,2023,0,West,0,0,0,Flat,1,,0,,0,Dark,406202,1,0,0,4,0,0,0,0,0,,0,0,Auckland Region,Nil,1-way,Sealed,0,0,0,0,80,0,On,0,0,,76,Auckland,Nil,0,0,0,0,0,0,Open,0,0,0,Heavy rain,Strong wind
1732380.2821,5948478.5651,830185,,506646,0,0,0,1,1,South,2022/2023,KAIPARA COAST HIGHWAY,MCLACHLAN ROAD,,Minor Crash,Yes,2023,0,South,1,0,0,Hill Road,0,,0,,0,Dark,212407,1,0,0,2,0,0,0,0,0,,0,0,Auckland Region,Nil,2-way,Sealed,0,0,0,0,100,0,None,0,0,50,76,Auckland,Nil,0,0,0,0,0,0,Open,0,0,0,Fine,Null
1756918.1548,5919446.8095,830189,,514200,1,,0,1,,East,2025/2026,KARANGAHAPE ROAD,MERCURY LANE,,Non-Injury Crash,No,2025,,East,,0,,Flat,,,,,,Dark,412200,0,0,0,4,,,0,,,,,,Auckland Region,Nil,2-way,Sealed,,0,0,,30,,On,0,0,,76,Auckland,Traffic Signals,,,,,0,0,Urban,0,,,Fine,Null
1746259.2499,5916936.4488,830197,,510800,0,,0,2,,Null,2024/2025,GREAT NORTH ROAD,NORCROSS AVENUE,,Non-Injury Crash,No,2025,,West,,0,,Hill Road,,,,,,Overcast,243502,0,0,0,3,,,0,,,,,,Auckland Region,Nil,2-way,Sealed,,0,0,,50,,Off,0,0,,76,Auckland,Stop,,,,,0,0,Urban,0,,,Light rain,Null
1750317.4583,5928365.2411,830235,,509100,0,,0,0,,West,2025/2026,UPPER HARBOUR DRIVE,SHELTER DRIVE,,Non-Injury Crash,No,2025,,West,,0,,Null,,,,,,Unknown,181305,0,0,0,2,,,0,,,,,,Auckland Region,Nil,2-way,Sealed,,0,0,,50,,Null,0,0,,76,Auckland,Nil,,,,,0,0,Urban,1,,,Fine,Null
1748422.9866,5918878.9841,830243,,514801,0,0,0,1,0,South,2025/2026,PATIKI ROAD ON RAMP,NORTH-WESTERN MOTORWAY,,Non-Injury Crash,No,2026,0,North,0,0,0,Flat,1,,0,,0,Bright sun,389300,0,0,0,1,0,0,0,0,0,,0,0,Auckland Region,Nil,1-way,Sealed,0,0,0,0,50,0,Off,0,0,,76,Auckland,Nil,0,0,0,0,0,0,Urban,0,0,0,Fine,Null
1735568.5188,5986928.7956,830259,,506660,0,1,0,1,0,North,2025/2026,SH 1,TE HANA RIV BR,,Non-Injury Crash,Yes,2025,0,North,0,0,0,Hill Road,0,,0,,0,Dark,144000,0,0,0,2,0,0,0,0,0,,0,0,Auckland Region,Bridge,2-way,Sealed,0,0,0,0,60,0,On,0,0,,76,Auckland,Nil,0,0,0,0,0,0,Urban,0,0,0,Fine,Null
1769890.9632,5900858.2576,830285,,524902,0,,0,2,,South,2025/2026,SOUTHERN MOTORWAY,ALFRISTON OBR,,Minor Crash,Yes,2025,,North,,0,,Flat,,,,,,Overcast,757700,1,0,0,3,,,0,,,,,,Auckland Region,Nil,1-way,Sealed,,0,0,,100,,Off,0,0,,76,Auckland,Nil,,,,,0,0,Open,0,,,Light rain,Null
1768653.3305,5901088.9136,830291,,524901,0,0,0,1,0,Null,2025/2026,GREAT SOUTH ROAD,STATION ROAD,,Non-Injury Crash,No,2025,0,North,0,0,1,Flat,0,,0,,0,Dark,757100,0,0,0,3,0,0,0,0,0,,0,0,Auckland Region,Nil,2-way,Sealed,0,0,0,0,50,0,On,0,0,,76,Auckland,Traffic Signals,0,0,0,0,0,0,Urban,0,0,0,Fine,Null
1746850.2245,5922537.8648,830307,,512201,0,,0,2,,Null,2025/2026,WHARF ROAD,TE ATATU ROAD,,Minor Crash,No,2026,,East,,0,,Flat,,,,,,Dark,245500,1,0,0,2,,,0,,,,,,Auckland Region,Nil,2-way,Sealed,,0,0,,50,,On,0,0,,76,Auckland,Give way,,,,,0,0,Urban,0,,,Fine,Null
1764621.7798,5910235.1036,830339,,521801,0,,0,1,,East,2025/2026,PRINCES STREET,HUTTON STREET,,Minor Crash,No,2025,,East,,0,,Flat,,,,,,Bright sun,787100,1,0,0,2,,,0,,,1,,,Auckland Region,Nil,2-way,Sealed,,0,0,,50,,Off,0,0,,76,Auckland,Nil,,,,,0,0,Urban,0,,,Fine,Null
1768265.1911,5902256.5567,830349,,525001,0,0,0,1,0,South,2025/2026,GREAT SOUTH ROAD,ORAMS ROAD,,Non-Injury Crash,No,2025,0,South,0,0,0,Flat,0,,0,,0,Dark,750800,0,0,0,2,0,0,0,0,0,,0,1,Auckland Region,Nil,2-way,Sealed,0,0,0,0,50,0,On,0,0,,76,Auckland,Nil,0,0,0,0,0,0,Urban,0,0,0,Fine,Null
1771827.502,5898656.9623,830380,,523912,0,,0,1,,West,2024/2025,KAURI HEART AVENUE,PORCHESTER ROAD,,Non-Injury Crash,No,2024,,South,,0,,Null,,,,,,Bright sun,767400,0,0,0,3,,,0,,,,,,Auckland Region,Nil,2-way,Sealed,,0,0,,50,,Null,0,0,,76,Auckland,Nil,,,,,0,0,Urban,0,,,Fine,Null
1778154.4879,5905639.6799,830387,45,525201,0,,0,0,,West,2023/2024,TWILIGHT ROAD,KIMPTONS ROAD,,Minor Crash,No,2023,,West,,0,,Flat,,,,,,Twilight,762200,1,0,1,2,,,0,,,,,,Auckland Region,Nil,2-way,Sealed,,0,0,,80,,None,0,0,,76,Auckland,Nil,,,,,0,0,Open,0,,,Fine,Null
1761449.2396,5906298.608,830391,,524200,0,0,0,1,0,Null,2022/2023,MASSEY ROAD,TUSSOCK AVENUE,,Non-Injury Crash,No,2023,0,North,0,0,1,Flat,0,,0,,0,Overcast,728801,0,0,0,2,0,0,0,0,0,,0,0,Auckland Region,Nil,2-way,Sealed,0,0,0,0,60,0,Off,0,0,,76,Auckland,Give way,0,0,0,0,0,0,Urban,0,0,0,Fine,Null
1749174.8184,5942780.8757,830412,,506003,0,,0,0,,North,2025/2026,EAST COAST ROAD,WILKS ROAD,,Minor Crash,No,2025,,North,,0,,Flat,,,,,,Bright sun,175814,1,0,0,2,,,0,,,,,,Auckland Region,Nil,2-way,Sealed,,0,0,,80,,None,0,0,,76,Auckland,Nil,,,,,0,0,Open,2,,,Fine,Null
1745300.7066,5915486.4374,830433,,512903,0,0,0,1,0,North,2025/2026,AETNA PLACE,HEREMAI STREET,,Non-Injury Crash,No,2025,0,South,0,0,1,Flat,0,,0,,0,Overcast,278001,0,0,0,2,0,0,0,0,1,,0,0,Auckland Region,Nil,2-way,Sealed,0,0,0,0,50,0,None,0,0,,76,Auckland,Nil,0,0,0,0,0,0,Urban,2,0,0,Fine,Null
1743657.5951,5921310.9217,830435,,513631,1,,0,0,,Null,2025/2026,HEWLETT ROAD,REYNELLA DRIVE,,Serious Crash,No,2025,,North,,0,,Flat,,,,,,Bright sun,227305,0,0,0,2,,,0,,,,,,Auckland Region,Nil,2-way,Sealed,,0,1,,50,,Null,0,0,,76,Auckland,Give way,,,,,0,0,Urban,0,,,Fine,Null
1754754.4871,5930612.6462,830437,,508520,0,,0,2,,South,2022/2023,NORTHERN MOTORWAY,UPPER HARBOUR HWY ON RAMP,,Minor Crash,Yes,2023,,South,,0,,Flat,,,,,,Bright sun,191104,1,0,0,2,,,0,,,,,,Auckland Region,Nil,1-way,Sealed,,0,0,,100,,Off,0,0,,76,Auckland,Nil,,,,,0,0,Open,0,,,Fine,Null
1769043.7884,5905288.4286,830441,,523721,0,0,0,4,0,East,2025/2026,DARNELL CRESCENT,DISSMEYER DRIVE,,Non-Injury Crash,No,2025,0,West,0,0,0,Flat,0,,0,,0,Overcast,715609,0,0,0,2,0,0,0,0,3,,0,0,Auckland Region,Nil,2-way,Sealed,0,0,0,0,50,0,Off,0,0,,76,Auckland,Nil,0,0,0,0,0,0,Urban,0,0,0,Light rain,Null
1747839.5044,5942298.1717,830450,,506300,1,,0,1,,North,2023/2024,POSTMAN ROAD,WILKS ROAD,,Minor Crash,No,2023,,North,,0,,Flat,,Labour Weekend,,,,Bright sun,175903,1,0,0,2,,,0,,,,,,Auckland Region,Nil,2-way,Sealed,,0,0,,80,,Off,0,0,,76,Auckland,Nil,,,,,0,0,Open,0,,,Fine,Null
1746353.0074,5925859.2348,830458,,513432,0,0,0,2,0,North,2023/2024,HOBSONVILLE ROAD,SUNCREST DRIVE,,Minor Crash,No,2023,0,South,0,0,0,Flat,0,,0,,0,Dark,223005,3,0,0,2,0,0,0,0,1,,0,0,Auckland Region,Nil,2-way,Sealed,0,0,0,0,50,0,On,0,0,,76,Auckland,Nil,0,0,0,0,0,0,Urban,0,0,0,Fine,Null
1767896.5009,5911899.8049,830459,,522920,0,,0,2,,Null,2025/2026,TI RAKAU DRIVE,GOSSAMER DRIVE,,Non-Injury Crash,No,2025,,West,,0,,Flat,,,,,,Dark,687801,0,0,0,2,,,0,,,,,,Auckland Region,Nil,2-way,Sealed,,0,0,,50,,On,0,0,,76,Auckland,Give way,,,,,0,0,Urban,0,,,Light rain,Null
1763816.108,5912925.3821,830465,,520500,0,0,0,2,0,North,2024/2025,MOUNT WELLINGTON HIGHWAY,SOUTH-EASTERN OBR,,Non-Injury Crash,No,2025,0,North,0,0,0,Flat,0,,0,,0,Bright sun,637400,0,0,0,3,0,0,0,0,0,,0,0,Auckland Region,Nil,1-way,Sealed,0,0,0,0,50,0,Off,0,0,,76,Auckland,Nil,0,1,0,0,0,1,Urban,0,0,0,Fine,Null
1770189.6212,5898303.3493,830477,,523920,0,,0,1,,South,2022/2023,SOUTHERN MOTORWAY,WALTER STREVENS OBR,,Minor Crash,Yes,2023,,North,,0,,Flat,,,,,,Twilight,767918,1,0,0,3,,,0,,,,,,Auckland Region,Nil,1-way,Sealed,,0,0,,100,,On,0,0,,76,Auckland,Nil,,,,,0,0,Open,2,,,Fine,Null
1755295.6132,5928871.0806,830481,,508320,0,,0,0,,West,2024/2025,HILLSIDE ROAD,TRISTRAM AVENUE,,Non-Injury Crash,No,2025,,North,,0,,Null,,,,,,Unknown,196700,0,0,0,2,,,0,,,,,,Auckland Region,Nil,2-way,Sealed,,0,0,,50,,Null,0,0,,76,Auckland,Nil,,,,,1,0,Urban,0,,,Light rain,Null
1769436.4112,5907430.7387,830497,,523712,0,,0,2,,West,2024/2025,ORMISTON ROAD,MICHAEL JONES DRIVE,,Non-Injury Crash,No,2025,,East,,0,,Flat,,,,,,Twilight,712803,0,0,0,4,,,0,,,,,,Auckland Region,Nil,2-way,Sealed,,0,0,,60,,On,0,0,,76,Auckland,Nil,,,,,0,0,Urban,0,,,Fine,Null
1771342.1409,5895603.1399,830515,,521201,0,0,0,1,0,South,2025/2026,PAPAKURA ON RAMP,SOUTHERN MOTORWAY,,Non-Injury Crash,No,2025,0,North,0,0,0,Flat,1,,0,,0,Overcast,806604,0,0,0,1,0,0,0,0,0,,0,0,Auckland Region,Motorway ramp,1-way,Sealed,0,0,0,0,100,0,Off,0,0,,76,Auckland,Nil,0,0,0,0,0,0,Open,0,0,0,Fine,Null
1753908.9182,5925537.5415,830529,,508610,0,,1,1,,Null,2024/2025,GLENFIELD ROAD,BIRKENHEAD AVENUE,,Non-Injury Crash,No,2025,,South,,0,,Null,,,,,,Unknown,207200,0,0,0,3,,,0,,,,,,Auckland Region,Nil,2-way,Sealed,,0,0,,50,,Null,0,0,,76,Auckland,Traffic Signals,,,,,0,0,Urban,0,,,Null,Null
1748873.1213,5949482.1892,830531,,506201,0,0,0,0,0,South,2025/2026,NORTHERN GATEWAY TOLL ROAD,GRAND OBR,,Non-Injury Crash,Yes,2025,0,South,0,0,0,Hill Road,1,,0,,0,Bright sun,176406,0,0,0,2,0,0,0,0,0,,0,0,Auckland Region,Nil,2-way,Sealed,0,0,0,0,100,0,Off,0,0,,76,Auckland,Nil,0,0,0,0,1,0,Open,0,0,0,Fine,Null
1768785.1372,5907589.2346,830539,,523711,0,,0,2,,Null,2025/2026,ORMISTON ROAD,LAIDLAW WAY,,Non-Injury Crash,No,2025,,West,,0,,Flat,,,,,,Overcast,712801,0,0,0,3,,,0,,,,,,Auckland Region,Nil,1-way,Sealed,,0,0,,60,,Off,0,0,,76,Auckland,Traffic Signals,,,,,0,0,Urban,0,,,Light rain,Null
1742923.1269,5924097.3927,830541,,513410,0,,0,1,,Null,2022/2023,FRED TAYLOR DRIVE,DUNLOP ROAD,,Fatal Crash,No,2023,,North,,2,,Flat,,,,,,Bright sun,226401,0,0,0,2,,,0,,,,,,Auckland Region,Nil,2-way,Sealed,,0,0,,80,,None,0,0,,76,Auckland,Give way,,,,,1,0,Open,0,,,Fine,Null
1759965.993,5906269.6085,830553,,524111,0,0,0,2,0,West,2024/2025,MASSEY ROAD,THOMAS ROAD,,Non-Injury Crash,No,2025,0,East,0,0,0,Flat,0,Easter,0,,0,Dark,740300,0,0,0,2,0,0,0,0,1,,0,0,Auckland Region,Nil,2-way,Sealed,0,0,0,0,50,0,On,0,0,,76,Auckland,Nil,0,0,0,0,0,0,Urban,0,0,0,Fine,Null
1755958.1125,5919234.7536,830561,,515420,1,,0,1,,South,2024/2025,POLLEN STREET,CRUMMER ROAD,,Minor Crash,No,2025,,North,,0,,Hill Road,,,,,,Overcast,411500,1,0,0,2,,,0,,,,,,Auckland Region,Nil,2-way,Sealed,,0,0,,50,,Off,0,0,,76,Auckland,Nil,,,,,0,0,Urban,0,,,Fine,Null
1760535.787,5915603.1101,830569,,520201,0,,0,2,,South,2025/2026,SOUTHERN MOTORWAY,GREEN LANE EAST OFF RAMP,,Minor Crash,Yes,2025,,North,,0,,Flat,,,,,,Dark,613000,1,0,0,4,,,0,,,,,,Auckland Region,Nil,2-way,Sealed,,0,0,,100,,On,0,0,,76,Auckland,Nil,,,,,0,0,Open,0,,,Mist or Fog,Null
1735974.5659,5910097.3942,830571,,513800,0,0,0,1,1,East,2025/2026,PIHA ROAD,ANAWHATA ROAD,,Serious Crash,No,2025,0,East,0,0,0,Hill Road,0,,0,,0,Twilight,282007,0,0,0,2,0,0,0,0,0,,0,0,Auckland Region,Nil,2-way,Sealed,0,0,1,0,100,0,Off,0,0,,76,Auckland,Nil,0,0,0,0,0,0,Open,0,0,0,Light rain,Null
1769528.0481,5901923.2188,830577,,524901,0,,0,1,,North,2024/2025,SOUTHERN MOTORWAY,HILL OBR,,Non-Injury Crash,Yes,2024,,North,,0,,Hill Road,,,,,,Bright sun,755600,0,0,0,3,,,0,,,,,,Auckland Region,Nil,1-way,Sealed,,0,0,,100,,Off,1,0,,76,Auckland,Nil,,,,,0,0,Open,0,,,Fine,Null
1753824.3125,5930217.7841,830593,,508420,0,,0,1,,Null,2025/2026,CARIBBEAN DRIVE,TARGET ROAD,,Non-Injury Crash,No,2026,,East,,0,,Flat,,,,,,Dark,182001,0,0,0,1,,,0,,,,,,Auckland Region,Nil,1-way,Sealed,,0,0,,50,,On,0,0,,76,Auckland,Give way,,,,,0,0,Urban,1,,,Fine,Null
1752494.3957,5914246.9104,830595,,514500,0,0,0,1,0,Null,2025/2026,TIVERTON ROAD,NEW WINDSOR ROAD,,Minor Crash,No,2026,0,East,0,0,0,Flat,0,,0,,0,Bright sun,375100,1,0,0,4,0,0,0,0,0,,0,0,Auckland Region,Nil,2-way,Sealed,0,0,0,0,50,0,Off,0,0,,76,Auckland,Traffic Signals,0,1,0,0,0,0,Urban,0,0,0,Fine,Null
1762302.1959,5913436.9744,830611,,520500,0,,0,2,,South,2025/2026,SOUTHERN MOTORWAY,PENROSE OBR,,Non-Injury Crash,Yes,2025,,North,,0,,Flat,,,,,,Dark,637100,0,0,0,3,,,0,,,,,,Auckland Region,Nil,1-way,Sealed,,0,0,,100,,On,0,0,,76,Auckland,Nil,,,,,0,1,Open,0,,,Light rain,Null
1744828.6551,5912007.0928,830625,,512902,0,0,0,0,1,South,2025/2026,SHAW ROAD,NOLA ROAD,,Non-Injury Crash,No,2025,0,South,0,0,0,Hill Road,0,,0,,0,Dark,299200,0,0,0,2,0,0,0,0,0,1,0,0,Auckland Region,Nil,2-way,Sealed,0,0,0,0,60,0,None,0,0,,76,Auckland,Nil,0,0,0,0,0,0,Urban,1,0,0,Light rain,Null
1748437.3942,5918874.0526,830640,,514801,0,,0,1,,South,2024/2025,NORTH-WESTERN MOTORWAY,PATIKI ROAD ON RAMP,,Non-Injury Crash,Yes,2025,,North,,0,,Flat,,,,,,Dark,389300,0,0,0,4,,,0,,,,,,Auckland Region,Nil,1-way,Sealed,,0,0,,100,,On,0,0,,76,Auckland,Nil,,,,,0,0,Open,1,,,Heavy rain,Null
1767155.811,5912383.0104,830647,,522910,0,,0,1,,Null,2024/2025,TI RAKAU DRIVE,MARRIOTT ROAD,,Non-Injury Crash,No,2025,,South,,0,,Flat,,,,,,Overcast,686000,0,0,1,2,,,0,,,,,,Auckland Region,Nil,1-way,Sealed,,0,0,,50,,Off,0,0,,76,Auckland,Give way,,,,,0,0,Urban,0,,,Light rain,Null
1770912.6254,5914610.943,830657,,521601,0,,0,1,,West,2024/2025,PAKURANGA ROAD,BOTANY ROAD,,Non-Injury Crash,No,2025,,East,,0,,Flat,,,,,,Bright sun,646500,0,0,0,4,,,0,,,,,,Auckland Region,Nil,2-way,Sealed,,0,0,,50,,Off,0,0,,76,Auckland,Nil,,,,,0,0,Urban,1,,,Fine,Null
1769321.8206,5905158.8533,830671,,523722,0,,0,1,,Null,2025/2026,ASPIRING AVENUE,HILLTOP ROAD,,Minor Crash,No,2025,,East,,0,,Flat,,,,,,Overcast,716101,1,0,0,2,,,0,,,,,,Auckland Region,Nil,2-way,Sealed,,0,0,,50,,Off,1,0,40,76,Auckland,Give way,,,,,0,0,Urban,0,,,Light rain,Null
1752253.0425,5938691.7937,830673,,506300,0,0,0,1,1,North,2024/2025,EAST COAST ROAD,RODEO DRIVE,,Non-Injury Crash,No,2025,0,South,0,0,0,Hill Road,0,,0,,0,Overcast,176105,0,0,0,3,0,0,0,0,0,,0,0,Auckland Region,Nil,2-way,Sealed,0,0,0,0,80,0,None,0,0,,76,Auckland,Nil,0,0,0,0,0,0,Open,0,0,0,Fine,Null
1751972.8353,5917970.4768,830687,,515001,0,0,0,0,0,North,2024/2025,GREAT NORTH ROAD,GT NORTH OBR,,Minor Crash,No,2025,0,South,0,0,0,Null,0,,0,,0,Dark,392400,1,0,0,2,1,0,0,0,0,,0,0,Auckland Region,Underpass,1-way,Sealed,0,0,0,0,50,0,Null,0,0,,76,Auckland,Nil,0,0,0,0,0,0,Urban,1,0,0,Fine,Null
1756677.1918,5912785.7219,830689,,518702,0,0,0,2,0,East,2025/2026,SOUTH-WESTERN MOTORWAY,HILLSBOROUGH OBR,,Non-Injury Crash,Yes,2025,0,West,0,0,0,Hill Road,1,,0,,0,Dark,570100,0,0,0,3,0,0,0,0,0,,0,0,Auckland Region,Nil,1-way,Sealed,0,0,0,0,100,0,On,0,0,,76,Auckland,Nil,0,0,0,0,0,0,Open,0,0,0,Fine,Null
1737680.2442,5930096.0237,830697,,505602,0,0,0,1,0,East,2025/2026,MATUA ROAD,ARO MATO PLACE,,Non-Injury Crash,No,2026,0,East,1,0,0,Hill Road,0,,0,,0,Twilight,216001,0,0,0,2,0,0,0,0,0,,0,0,Auckland Region,Nil,2-way,Sealed,0,0,0,0,50,0,Off,0,0,,76,Auckland,Nil,0,0,0,0,0,0,Urban,0,0,0,Heavy rain,Strong wind
1753815.6143,5918101.1002,830703,,515432,0,,0,2,,Null,2024/2025,DUNCAN MACLEAN LINK,ST LUKES ROAD,,Non-Injury Crash,No,2025,,West,,0,,Null,,,,,,Dark,405500,0,0,0,2,,,0,,,,,,Auckland Region,Nil,2-way,Sealed,,0,0,,50,,Null,0,0,,76,Auckland,Give way,,,,,0,0,Urban,0,,,Fine,Null
1760561.5157,5906086.145,830707,,524200,0,,0,0,,Null,2022/2023,MASSEY ROAD,MASCOT AVENUE,,Serious Crash,No,2023,,South,,0,,Flat,,,,,,Dark,728621,0,0,1,2,,,0,,,,,,Auckland Region,Nil,2-way,Sealed,,0,1,,60,,On,0,0,,76,Auckland,Give way,,,,,0,0,Urban,1,,,Fine,Null
1768333.0624,5915139.7327,830735,,522810,0,0,0,0,0,West,2025/2026,FRATLEY AVENUE,LILIAN PLACE,,Non-Injury Crash,No,2025,0,South,0,0,0,Flat,0,,0,,0,Overcast,694400,0,0,0,2,0,0,0,0,1,,0,0,Auckland Region,Nil,2-way,Sealed,0,0,0,0,50,0,Null,0,0,,76,Auckland,Nil,0,0,0,0,0,0,Urban,2,0,0,Light rain,Null
1766799.7794,5904012.0035,830743,,524604,0,,0,2,,Null,2024/2025,MANUKAU STATION ROAD,LAMBIE DRIVE,,Minor Crash,No,2025,,West,,0,,Flat,,,,,,Overcast,780209,1,0,0,2,,,0,,,,,,Auckland Region,Motorway ramp,1-way,Sealed,,0,0,,50,,On,0,0,40,76,Auckland,Traffic Signals,,,,,0,0,Urban,0,,,Fine,Null
1751179.0559,5917998.1507,830752,,514801,0,,0,3,,East,2025/2026,NORTH-WESTERN MOTORWAY,SH 20,,Non-Injury Crash,Yes,2025,,West,,0,,Flat,,,,,,Bright sun,390402,0,0,0,5,,,0,,,,,,Auckland Region,Motorway ramp,1-way,Sealed,,0,0,,80,,None,0,0,,76,Auckland,Nil,,,,,0,0,Open,0,,,Fine,Null
1781160.6508,5903626.1078,830781,,525201,0,,0,2,,North,2025/2026,PAPAKURA-CLEVEDON ROAD,HYDE ROAD,,Non-Injury Crash,No,2025,,North,,0,,Flat,,,,,,Bright sun,762900,0,0,0,2,,,0,,,,,,Auckland Region,Nil,2-way,Sealed,,0,0,,50,,Off,0,0,,76,Auckland,Nil,,,,,0,0,Urban,0,,,Fine,Null
1745601.6833,5916441.894,830789,,510800,0,,0,1,,Null,2024/2025,VITASOVICH AVENUE,VIEW ROAD,,Non-Injury Crash,No,2025,,South,,0,,Hill Road,,,,,,Bright sun,243300,0,0,0,1,,,0,,,,,,Auckland Region,Nil,2-way,Sealed,,0,0,,50,,Off,0,0,,76,Auckland,Traffic Signals,,,,,0,0,Urban,1,,,Fine,Null
1754613.3647,5915397.4951,830808,,517702,0,0,0,1,0,South,2023/2024,SANDRINGHAM ROAD,PARRY STREET,,Serious Crash,No,2023,0,South,0,0,1,Flat,0,,0,,0,Overcast,541400,0,1,0,3,0,0,0,0,0,,0,0,Auckland Region,Nil,2-way,Sealed,0,0,1,0,50,0,Off,0,0,,76,Auckland,Nil,0,0,0,0,0,0,Urban,0,0,0,Fine,Null