X,Y,OBJECTID,advisorySpeed,areaUnitID,bicycle,bridge,bus,carStationWagon,cliffBank,crashDirectionDescription,crashFinancialYear,crashLocation1,crashLocation2,crashRoadSideRoad,crashSeverity,crashSHDescription,crashYear,debris,directionRoleDescription,ditch,fatalCount,fence,flatHill,guardRail,holiday,houseOrBuilding,intersection,kerb,light,meshblockId,minorInjuryCount,moped,motorcycle,NumberOfLanes,objectThrownOrDropped,otherObject,otherVehicleType,overBank,parkedVehicle,pedestrian,phoneBoxEtc,postOrPole,region,roadCharacter,roadLane,roadSurface,roadworks,schoolBus,seriousInjuryCount,slipOrFlood,speedLimit,strayAnimal,streetLight,suv,taxi,temporarySpeedLimit,tlaId,tlaName,trafficControl,trafficIsland,trafficSign,train,tree,truck,unknownVehicleType,urban,vanOrUtility,vehicle,waterRiver,weatherA,weatherB
1758152.3583,5917802.8397,830816,,515700,0,,0,1,,North,2022/2023,SOUTHERN MOTORWAY,NEWMARKET VDT N,,Non-Injury Crash,Yes,2023,,North,,0,,Flat,,,,,,Bright sun,443300,0,0,0,4,,,0,,,,,,Auckland Region,Nil,1-way,Sealed,,0,0,,80,,Off,0,0,,76,Auckland,Nil,,,,,1,0,Open,0,,,Fine,Null
1764760.4386,5905769.1412,830823,,522201,0,0,0,1,0,Null,2022/2023,STATION ROAD,SHIRLEY ROAD,,Minor Crash,No,2023,0,East,0,0,0,Flat,0,,0,,0,Dark,663100,1,0,0,3,0,0,0,0,0,,0,0,Auckland Region,Nil,2-way,Sealed,0,0,0,0,50,0,On,0,0,,76,Auckland,Traffic Signals,0,1,0,0,0,0,Urban,0,0,0,Fine,Null
1748590.4649,5968989.939,830844,,505500,0,0,0,1,0,Null,2022/2023,AUCKLAND ROAD,MCKINNEY ROAD,,Non-Injury Crash,No,2023,0,North,0,0,0,Hill Road,0,,0,,0,Dark,141200,0,0,0,2,0,0,0,0,0,,0,1,Auckland Region,Nil,2-way,Sealed,0,0,0,0,60,0,On,0,0,,76,Auckland,Stop,0,0,0,0,0,0,Urban,0,0,0,Fine,Null
1754344.011,5927945.4765,830845,,508310,0,,0,0,,South,2025/2026,CHARTWELL AVENUE,BENTLEY AVENUE,,Minor Crash,No,2025,,North,,0,,Hill Road,,,,,,Overcast,200600,1,0,0,2,,,0,,,1,,,Auckland Region,Speed hump,2-way,Sealed,,0,0,,50,,Off,0,0,,76,Auckland,Nil,,,,,0,0,Urban,0,,,Fine,Null
1756300.9635,5914758.9772,830859,,518500,0,0,0,0,0,Null,2025/2026,DUKE STREET,CONNOLLY AVENUE,,Minor Crash,No,2026,0,East,0,0,0,Flat,0,,0,,0,Bright sun,562400,1,0,0,2,0,0,0,0,1,1,0,0,Auckland Region,Nil,2-way,Sealed,0,0,0,0,50,0,Off,1,0,,76,Auckland,Nil,0,0,0,0,1,0,Urban,0,0,0,Fine,Null
1753500.8462,5914419.4664,830864,35,518801,0,0,0,1,0,Null,2022/2023,MAIORO STREET ON RAMP,MAIORO STREET,,Non-Injury Crash,No,2023,0,West,0,0,0,Hill Road,1,,0,,0,Overcast,578400,0,0,0,2,0,0,0,0,0,,0,0,Auckland Region,Motorway ramp,1-way,Sealed,0,0,0,0,80,0,Off,0,0,,76,Auckland,Traffic Signals,0,0,0,0,0,0,Open,0,0,0,Heavy rain,Strong wind
1737139.0248,5960814.5134,830895,,506613,0,,0,0,,North,2022/2023,WEST COAST ROAD,PARKER ROAD,,Serious Crash,No,2023,,South,,0,,Hill Road,,Christmas New Year,,,,Overcast,146500,0,0,2,2,,,0,,,,,,Auckland Region,Nil,2-way,Sealed,,0,2,,100,,None,0,0,,76,Auckland,Nil,,,,,0,0,Open,0,,,Fine,Null
1753847.9469,5931736.0025,830912,,508807,0,0,0,0,0,North,2023/2024,UPPER HARBOUR HWY ON RAMP,NORTHERN MOTORWAY,,Minor Crash,Yes,2023,0,North,0,0,0,Flat,1,,0,,0,Twilight,180810,1,0,0,1,0,0,0,0,0,,0,0,Auckland Region,Motorway ramp,1-way,Sealed,0,0,0,0,50,0,Off,1,0,,76,Auckland,Nil,0,0,0,0,0,0,Urban,0,0,0,Fine,Null
1752097.9487,5938302.5504,830923,,506300,0,0,0,1,0,South,2025/2026,NORTHERN MOTORWAY,WRIGHT OBR,,Non-Injury Crash,Yes,2025,3,North,0,0,0,Flat,0,,0,,0,Overcast,176101,0,0,0,2,0,0,0,0,0,,0,0,Auckland Region,Nil,1-way,Sealed,0,0,0,0,100,0,Off,1,0,,76,Auckland,Nil,0,0,0,0,0,0,Open,1,0,0,Fine,Strong wind
1746031.2367,5926108.2349,830933,,513410,0,,0,1,,Null,2024/2025,BRIGHAM CREEK ROAD,BRIGHAM CREEK ROAD ON RAMP,,Non-Injury Crash,No,2024,,East,,0,,Flat,,,,,,Bright sun,223801,0,0,0,3,,,0,,,,,,Auckland Region,Motorway ramp,1-way,Sealed,,0,0,,50,,Off,0,0,,76,Auckland,Give way,,,,,0,0,Urban,1,,,Fine,Null
1755999.6717,5913841.033,830949,,518500,0,0,0,1,0,Null,2024/2025,MOUNT ALBERT ROAD,FROST ROAD,,Non-Injury Crash,No,2025,0,South,0,0,0,Hill Road,1,,0,,0,Unknown,563300,0,0,0,2,0,0,0,0,0,,0,0,Auckland Region,Nil,2-way,Sealed,0,0,0,0,50,0,Null,0,0,,76,Auckland,Traffic Signals,0,0,0,0,0,0,Urban,0,0,0,Fine,Null
1741765.3686,5922016.4584,830952,,513621,0,0,0,1,0,West,2022/2023,RED HILLS ROAD,MORUS ROAD,,Minor Crash,No,2023,0,West,1,0,0,Flat,0,,0,,0,Overcast,226601,1,0,0,2,0,0,0,0,0,,0,0,Auckland Region,Nil,2-way,Sealed,0,0,0,0,70,0,None,0,0,,76,Auckland,Nil,0,1,0,0,0,0,Urban,0,0,0,Heavy rain,Null
1742860.4381,5924720.5089,830955,,513410,0,0,0,1,0,Null,2024/2025,OFF ROAD CARPARK ,,,Minor Crash,No,2025,0,East,0,0,1,Flat,0,,0,,0,Bright sun,224000,1,0,0,0,0,0,0,0,0,,0,0,Auckland Region,Nil,Off road,Sealed,0,0,0,0,,0,None,0,0,,76,Auckland,Nil,0,0,0,0,0,0,Urban,0,0,0,Fine,Null
1755347.4098,5920769.7699,830956,,515202,0,,0,1,,Null,2022/2023,JERVOIS ROAD,BLAKE STREET,,Minor Crash,No,2023,,North,,0,,Flat,,,,,,Bright sun,425000,1,0,1,4,,,0,,,,,,Auckland Region,Nil,2-way,Sealed,,0,0,,50,,Off,0,0,,76,Auckland,Stop,,,,,0,0,Urban,0,,,Fine,Null
1755079.831,5912240.8293,830968,,519002,0,0,0,2,0,East,2022/2023,RICHARDSON ROAD,GLASS ROAD,,Non-Injury Crash,No,2023,0,West,0,0,0,Hill Road,0,,0,,0,Dark,591000,0,0,0,2,0,0,0,0,1,,0,0,Auckland Region,Nil,2-way,Sealed,0,0,0,0,50,0,On,0,0,,76,Auckland,Nil,0,0,0,0,0,0,Urban,0,0,0,Light rain,Null
1758923.9499,5917099.2832,830971,,516001,0,,0,2,,South,2024/2025,SOUTHERN MOTORWAY,DILWORTH FTBR,,Non-Injury Crash,Yes,2024,,North,,0,,Flat,,,,,,Overcast,491200,0,0,0,4,,,0,,,,,,Auckland Region,Nil,1-way,Sealed,,0,0,,80,,Off,0,0,,76,Auckland,Nil,,,,,0,0,Open,0,,,Light rain,Null
1767030.1428,5903660.0094,830987,,524602,0,,0,0,,South,2024/2025,DRUCES ROAD,WIRI STATION ROAD,,Non-Injury Crash,No,2024,,South,,0,,Flat,,,,,,Bright sun,780411,0,0,0,2,,,0,,,,,,Auckland Region,Nil,1-way,Sealed,,0,0,,50,,Null,0,0,,76,Auckland,Nil,,,,,1,0,Urban,1,,,Null,Null
1751315.8187,5911880.6217,831003,,514700,0,0,0,2,0,South,2025/2026,ENDEAVOUR STREET,GILFILLAN STREET,,Non-Injury Crash,No,2025,0,South,0,0,0,Flat,0,,0,,0,Dark,368400,0,0,0,2,0,0,0,0,1,,0,0,Auckland Region,Nil,2-way,Sealed,0,0,0,0,30,0,Null,0,0,,76,Auckland,Nil,0,0,0,0,0,0,Urban,0,0,0,Fine,Null
1754376.4624,5926310.2467,831005,,508610,0,0,0,1,0,Null,2024/2025,MONARCH AVENUE,EBAN AVENUE,,Non-Injury Crash,No,2025,0,East,0,0,0,Null,0,,0,,0,Overcast,206400,0,0,0,2,0,0,0,0,1,,0,0,Auckland Region,Nil,2-way,Sealed,0,0,0,0,50,0,Null,0,0,,76,Auckland,Give way,0,0,0,0,0,0,Urban,1,0,0,Fine,Null
1749042.1837,5918357.6424,831011,,514801,0,0,0,0,0,West,2025/2026,NORTH-WESTERN MOTORWAY,ROSEBANK OBR,,Non-Injury Crash,Yes,2025,0,South,0,0,0,Flat,1,,0,,0,Dark,389200,0,0,0,4,0,0,0,0,0,,0,0,Auckland Region,Nil,1-way,Sealed,0,0,0,0,100,0,On,0,0,,76,Auckland,Nil,0,0,0,0,0,0,Open,1,0,0,Fine,Null
1766448.0083,5907624.0792,831019,,523601,0,,0,2,,Null,2025/2026,EAST TAMAKI ROAD,OTARA ROAD,,Non-Injury Crash,No,2025,,West,,0,,Flat,,,,,,Bright sun,708500,0,0,0,3,,,0,,,,,,Auckland Region,Nil,1-way,Sealed,,0,0,,50,,Null,0,0,,76,Auckland,Traffic Signals,,,,,0,0,Urban,0,,,Null,Null
1771239.1811,5896061.0934,831037,,525540,0,,0,1,,North,2024/2025,SOUTHERN MOTORWAY,PAPAKURA OFF RAMP,,Non-Injury Crash,Yes,2025,,South,,0,,Flat,,,,,,Bright sun,806205,0,0,0,4,,,0,,,,,,Auckland Region,Nil,1-way,Sealed,,0,0,,100,,Off,0,0,,76,Auckland,Nil,,,,,0,0,Open,1,,,Fine,Null
1772691.7951,5913981.6097,831045,,521502,0,,0,0,,West,2023/2024,PAPAROA ROAD,SANDSPIT ROAD,,Non-Injury Crash,No,2024,,West,,0,,Flat,,,,,,Bright sun,653603,0,0,0,2,,,0,,,,,,Auckland Region,Nil,2-way,Sealed,,0,0,,50,,Off,1,0,,76,Auckland,Nil,,,,,0,0,Urban,1,,,Fine,None
1764177.6665,5910119.9943,831051,,521801,0,,0,2,,Null,2024/2025,ATKINSON AVENUE,PRINCES STREET,,Non-Injury Crash,No,2025,,North,,0,,Flat,,,,,,Dark,787300,0,0,0,4,,,0,,,,,,Auckland Region,Speed hump,2-way,Sealed,,0,0,,50,,On,0,0,,76,Auckland,Traffic Signals,,,,,0,0,Urban,0,,,Light rain,Null
1769892.369,5909633.58,831053,,523114,0,,0,2,,South,2025/2026,TE IRIRANGI DRIVE,SHEDDINGS LANE,,Minor Crash,No,2025,,South,,0,,Flat,,,,,,Bright sun,711804,1,0,0,4,,,0,,,,,,Auckland Region,Nil,2-way,Sealed,,0,0,,80,,Off,0,0,,76,Auckland,Nil,,,,,0,0,Open,0,,,Fine,Null
1770572.1388,5910834.9281,831069,,523109,0,0,0,1,0,North,2024/2025,CHAPEL ROAD,TOWN CENTRE DRIVE,,Non-Injury Crash,No,2025,0,East,0,0,1,Flat,0,,0,,0,Dark,711709,0,0,0,2,0,0,0,0,0,,0,0,Auckland Region,Nil,2-way,Sealed,0,0,0,0,50,0,On,0,0,,76,Auckland,Give way,0,1,0,1,0,0,Urban,0,0,0,Fine,Null
1748651.4421,5944034.4512,831077,,505806,0,,0,1,,South,2025/2026,NORTHERN MOTORWAY,SILVERDALE ON RAMP,,Non-Injury Crash,Yes,2025,,South,,0,,Flat,,,,,,Overcast,176802,0,0,0,2,,,0,,,,,,Auckland Region,Nil,1-way,Sealed,,0,0,,100,,Off,0,0,,76,Auckland,Nil,,,,,0,0,Open,1,,,Heavy rain,Null
1769690.6016,5881403.3384,831085,,525922,0,,0,2,,East,2024/2025,EAST STREET,PROSPECT TERRACE,,Non-Injury Crash,No,2025,,East,,0,,Hill Road,,,,,,Overcast,816900,0,0,0,2,,,0,,,,,,Auckland Region,Nil,2-way,Sealed,,0,0,,50,,Off,0,0,30,76,Auckland,Nil,,,,,0,0,Urban,0,,,Light rain,Null
1739821.6397,5893937.1585,831107,35,521151,0,0,0,0,0,East,2025/2026,MANUKAU HEADS ROAD,J IRWIN ROAD,,Non-Injury Crash,No,2025,0,South,0,0,1,Hill Road,0,,0,,0,Overcast,829500,0,0,0,2,0,0,0,0,0,,0,0,Auckland Region,Nil,2-way,Sealed,0,0,0,0,60,0,None,0,0,,76,Auckland,Nil,0,1,0,0,0,0,Urban,1,0,0,Fine,Strong wind
1750930.63,5947203.9306,831131,,505807,0,0,0,1,0,South,2024/2025,HIBISCUS COAST HIGHWAY,GREENVIEW LANE,,Non-Injury Crash,No,2025,0,North,0,0,0,Flat,0,,0,,0,Overcast,172803,0,0,0,2,0,0,0,0,0,,0,0,Auckland Region,Nil,2-way,Sealed,0,0,0,0,60,0,Off,0,0,,76,Auckland,Nil,0,0,0,1,0,0,Urban,0,0,0,Fine,Null
1748440.8318,5913942.6332,831133,,511302,0,,0,2,,Null,2025/2026,GREAT NORTH ROAD,LYNWOOD ROAD,,Minor Crash,No,2025,,East,,0,,Flat,,,,,,Bright sun,269300,1,0,0,4,,,0,,,,,,Auckland Region,Nil,2-way,Sealed,,0,0,,50,,Off,0,0,,76,Auckland,Give way,,,,,0,0,Urban,0,,,Fine,Null
1734886.3793,5908330.8284,831139,,513800,0,0,0,0,0,East,2024/2025,PIHA ROAD,LONE KAURI ROAD,,Non-Injury Crash,No,2025,0,North,0,0,0,Flat,0,,0,,0,Overcast,282007,0,0,0,2,0,0,0,0,0,,0,1,Auckland Region,Nil,2-way,Sealed,0,0,0,0,60,0,Off,0,0,,76,Auckland,Nil,0,0,0,0,1,0,Urban,0,0,0,Fine,Null
1766317.5236,5899823.8851,831141,,524713,0,,0,2,,Null,2024/2025,ROSCOMMON ROAD,WEYMOUTH ROAD,,Non-Injury Crash,No,2025,,South,,0,,Flat,,,,,,Dark,775823,0,0,0,1,,,0,,,,,,Auckland Region,Nil,1-way,Sealed,,0,0,,50,,On,0,0,,76,Auckland,Give way,,,,,0,0,Urban,0,,,Fine,Null
1758347.0988,5920638.1148,831147,,514101,0,0,0,1,0,North,2024/2025,MAHUHU CRESCENT,TE TAOU CRESCENT,,Non-Injury Crash,No,2025,0,North,0,0,0,Flat,0,Christmas New Year,1,,0,Dark,438215,0,0,0,2,0,0,0,0,0,,1,0,Auckland Region,Nil,2-way,Sealed,0,0,0,0,30,0,On,0,0,,76,Auckland,Nil,0,0,0,0,0,0,Urban,0,0,0,Fine,Null
1755093.7829,5967306.2139,831149,,506631,0,0,0,1,1,Null,2024/2025,MAHURANGI EAST ROAD,AMANDA LANE,,Non-Injury Crash,No,2025,0,East,0,0,1,Flat,0,,0,,0,Twilight,141606,0,0,0,2,0,0,0,0,0,,1,0,Auckland Region,Nil,2-way,Sealed,0,0,0,0,50,0,On,0,0,,76,Auckland,Give way,0,1,0,0,0,0,Urban,0,0,0,Fine,Null
1756851.1102,5925104.164,831155,,509702,0,,0,2,,South,2024/2025,NORTHERN MOTORWAY,ESMONDE ROAD OFF RAMP,,Non-Injury Crash,Yes,2025,,North,,0,,Flat,,,,,,Bright sun,366602,0,0,0,5,,,0,,,,,,Auckland Region,Nil,1-way,Sealed,,0,0,,100,,Off,0,0,,76,Auckland,Nil,,,,,0,0,Open,0,,,Fine,Null
1754229.9653,5911138.0002,831157,,519001,0,0,0,2,0,South,2024/2025,CAPE HORN ROAD,GEORGE LAURENSON LANE,,Non-Injury Crash,No,2025,0,South,0,0,0,Hill Road,0,Easter,0,,0,Dark,591800,0,0,0,2,0,0,0,0,1,,0,0,Auckland Region,Nil,2-way,Sealed,0,0,0,0,50,0,On,0,0,,76,Auckland,Nil,0,0,0,0,0,0,Urban,0,0,0,Fine,Null
1745317.5567,5947794.2483,831165,,506614,0,,0,2,,Null,2024/2025,WAINUI ROAD,WINDMILL DRIVE,,Non-Injury Crash,No,2025,,East,,0,,Flat,,,,,,Overcast,177403,0,0,0,2,,,0,,,,,,Auckland Region,Nil,2-way,Sealed,,0,0,,100,,None,0,0,,76,Auckland,Nil,,,,,0,0,Open,0,,,Light rain,Null
1758082.8564,5911990.7542,831171,,519810,0,,0,2,,East,2024/2025,SOUTH-WESTERN MOTORWAY,QUEENSTOWN ROAD ON RAMP,,Non-Injury Crash,Yes,2025,,East,,0,,Flat,,,,,,Overcast,602501,0,0,0,3,,,0,,,,,,Auckland Region,Nil,1-way,Sealed,,0,0,,100,,Off,0,0,,76,Auckland,Nil,,,,,0,0,Open,0,,,Light rain,Null
1777433.4334,5885571.7591,831173,,521132,0,0,0,1,0,East,2025/2026,MAXTED ROAD,MATTHEW WHITFORD DRIVE,,Minor Crash,No,2025,0,North,0,0,1,Hill Road,0,,0,,0,Dark,814600,1,0,0,2,0,0,0,0,0,,0,0,Auckland Region,Nil,2-way,Sealed,0,0,0,0,60,0,None,0,0,,76,Auckland,Nil,0,0,0,0,0,0,Urban,0,0,0,Fine,Null
1755162.8413,5919572.4289,831179,,515410,0,0,0,1,0,West,2024/2025,RICHMOND ROAD,DICKENS STREET,,Non-Injury Crash,No,2025,0,West,0,0,1,Flat,0,,1,,0,Dark,408600,0,0,0,2,0,0,0,0,0,,0,0,Auckland Region,Nil,2-way,Sealed,0,0,0,0,50,0,On,0,0,,76,Auckland,Nil,0,0,0,0,0,0,Urban,0,0,0,Fine,Null
1751137.7587,5927125.2858,831181,,510010,0,0,0,1,0,Null,2024/2025,BEACH HAVEN ROAD,HAYMAN PLACE,,Non-Injury Crash,No,2024,0,North,0,0,1,Flat,0,,0,,0,Bright sun,342900,0,0,0,2,0,0,0,0,0,,0,0,Auckland Region,Nil,2-way,Sealed,0,0,0,0,50,0,Off,0,0,,76,Auckland,Give way,0,0,0,0,0,0,Urban,0,0,0,Fine,Null
1775373.1961,5895883.2426,831204,,525700,1,,0,0,,Null,2023/2024,REDCREST AVENUE,CITRIL PLACE,,Minor Crash,No,2023,,South,,0,,Flat,,,,,,Dark,800305,1,0,0,2,,,0,,,,,,Auckland Region,Nil,2-way,Sealed,,0,0,,50,,On,0,0,,76,Auckland,Nil,,,,,0,0,Urban,0,,,Fine,Null
1755715.489,5917954.7532,831210,,517500,0,,0,1,,Null,2024/2025,BOND STREET,NEW NORTH ROAD,,Non-Injury Crash,No,2025,,South,,0,,Flat,,,,,,Dark,529800,0,0,0,4,,,0,,,,,,Auckland Region,Nil,2-way,Sealed,,0,0,,50,,On,0,0,,76,Auckland,Traffic Signals,,,,,0,0,Urban,1,,,Fine,Null
1749419.5107,5941174.7756,831213,,506300,0,,1,0,,North,2022/2023,NORTHERN MOTORWAY,BAWDEN OBR,,Fatal Crash,Yes,2023,,North,,1,,Flat,,,,,,Bright sun,175906,0,0,1,2,,,0,,,,,,Auckland Region,Nil,2-way,Sealed,,0,0,,100,,Off,0,0,,76,Auckland,Nil,,,,,0,0,Open,1,,,Fine,Frost
1753234.0756,5918853.312,831236,,515100,0,,0,1,,North,2025/2026,MOTIONS ROAD,GREAT NORTH ROAD,,Non-Injury Crash,No,2025,,South,,0,,Flat,,,,,,Overcast,398100,0,0,0,2,,,0,,,,,,Auckland Region,Nil,2-way,Sealed,,0,0,,30,,Off,0,0,,76,Auckland,Isolated Pedestrian signal (non-intersection),,,,,0,0,Urban,1,,,Fine,Null
1765513.0447,5908830.4147,831252,,523402,0,0,0,1,0,North,2025/2026,SOUTHERN MOTORWAY,HIGHBROOK OBR,,Non-Injury Crash,Yes,2025,0,South,0,0,0,Flat,1,,0,,0,Dark,696900,0,0,0,3,0,0,0,0,0,,0,0,Auckland Region,Nil,1-way,Sealed,0,0,0,0,100,0,On,0,0,,76,Auckland,Nil,0,0,0,0,0,0,Open,0,0,0,Fine,Null
1761986.5395,5913431.414,831258,,520500,0,,0,1,,Null,2024/2025,PENROSE ROAD,GREAT SOUTH ROAD,,Non-Injury Crash,No,2025,,South,,0,,Flat,,,,,,Bright sun,637100,0,0,0,4,,,0,,,,,,Auckland Region,Nil,2-way,Sealed,,0,0,,50,,Off,0,0,,76,Auckland,Traffic Signals,,,,,0,1,Urban,0,,,Fine,None
1768461.8459,5909029.3779,831260,,523113,0,,0,2,,South,2025/2026,SPRINGS ROAD,LADY RUBY DRIVE,,Non-Injury Crash,No,2025,,North,,0,,Flat,,,,,,Bright sun,711801,0,0,0,4,,,0,,,,,,Auckland Region,Nil,2-way,Sealed,,0,0,,50,,Off,0,0,,76,Auckland,Nil,,,,,0,0,Urban,0,,,Fine,Strong wind
1758942.0043,5904674.4295,831268,,524200,0,,0,3,,North,2025/2026,GEORGE BOLT MEMORIAL DRIVE,LANDING DRIVE,,Non-Injury Crash,No,2025,,North,,0,,Flat,,,,,,Bright sun,727000,0,0,0,3,,,0,,,,,,Auckland Region,Motorway ramp,2-way,Sealed,,0,0,,60,,Off,0,0,,76,Auckland,Nil,,,,,0,0,Urban,0,,,Fine,Null
1743097.3143,5916539.9346,831282,,513220,0,0,0,1,0,North,2024/2025,SAPPERTON DRIVE,LEAFIELD CRESCENT,,Minor Crash,No,2025,0,North,0,0,0,Hill Road,0,,0,,0,Bright sun,236822,1,0,0,2,0,0,0,0,1,,0,0,Auckland Region,Nil,2-way,Sealed,0,0,0,0,50,0,Off,0,0,,76,Auckland,Nil,0,0,0,0,0,0,Urban,1,0,0,Fine,Frost
1756733.1513,5919366.9031,831284,,514200,0,,0,1,,South,2025/2026,EAST STREET,GALATOS STREET,,Non-Injury Crash,No,2026,,North,,0,,Hill Road,,Christmas New Year,,,,Dark,412100,0,0,0,4,,,0,,,,,,Auckland Region,Nil,2-way,Sealed,,0,0,,30,,On,0,1,,76,Auckland,Nil,,,,,0,0,Urban,1,,,Light rain,Null
1744928.3728,5914358.9827,831290,,512905,0,,0,1,,South,2024/2025,PARRS CROSS ROAD,SEYMOUR ROAD,,Non-Injury Crash,No,2025,,South,,0,,Hill Road,,,,,,Bright sun,278903,0,0,0,2,,,0,,,,,,Auckland Region,Nil,2-way,Sealed,,0,0,,50,,Off,0,0,,76,Auckland,Nil,,,,,0,0,Urban,1,,,Fine,Null
1765486.5436,5917080.2051,831294,,517001,0,,0,2,,Null,2022/2023,LINE ROAD,TANIWHA STREET,,Non-Injury Crash,No,2023,,South,,0,,Flat,,,,,,Overcast,475701,0,0,0,2,,,0,,,,,,Auckland Region,Nil,2-way,Sealed,,0,0,,50,,Off,1,0,,76,Auckland,Give way,,,,,0,0,Urban,0,,,Fine,Null
1749190.6748,5913550.0918,831297,,511401,0,0,0,1,0,South,2024/2025,TITIRANGI ROAD,MARGAN AVENUE,,Non-Injury Crash,No,2024,0,South,0,0,0,Flat,0,,0,,0,Dark,263500,0,0,0,2,0,0,0,0,0,,0,0,Auckland Region,Nil,2-way,Sealed,0,0,0,0,50,0,On,0,0,,76,Auckland,Nil,0,0,0,1,0,0,Urban,0,0,0,Fine,Null
1767634.9803,5913525.7949,831307,,522910,0,,0,2,,Null,2025/2026,PAKURANGA ROAD,GREENHILL CRESCENT,,Minor Crash,No,2025,,South,,0,,Flat,,,,,,Overcast,685500,2,0,0,6,,,0,,,,,,Auckland Region,Nil,2-way,Sealed,,0,0,,60,,Off,0,0,,76,Auckland,Give way,,,,,0,0,Urban,0,,,Fine,Null
1751895.2277,5930886.6392,831320,,508807,0,,0,0,,Null,2025/2026,BUSH ROAD,ALBANY HIGHWAY,,Non-Injury Crash,No,2025,,West,,0,,Flat,,,,,,Bright sun,180301,0,0,0,3,,,0,,,,,,Auckland Region,Nil,2-way,Sealed,,0,0,,50,,None,1,0,,76,Auckland,Traffic Signals,,,,,0,0,Urban,1,,,Fine,Null
1758111.9128,5915497.9142,831321,,515801,0,,1,0,,Null,2022/2023,MANUKAU ROAD,GREEN LANE WEST,,Serious Crash,No,2023,,North,,0,,Flat,,,,,,Overcast,447300,0,0,0,4,,,0,,,1,,,Auckland Region,Nil,2-way,Sealed,,0,1,,50,,Off,0,0,,76,Auckland,Traffic Signals,,,,,0,0,Urban,0,,,Fine,Null
1762688.0697,5907460.9778,831322,,524530,0,0,0,2,0,North,2025/2026,MASSEY ROAD,HAIN AVENUE,,Non-Injury Crash,No,2025,0,East,0,0,0,Flat,0,,0,,1,Dark,733000,0,0,0,2,0,0,0,0,0,,0,0,Auckland Region,Nil,2-way,Sealed,0,0,0,0,50,0,On,0,0,,76,Auckland,Nil,0,0,0,0,0,0,Urban,0,0,0,Fine,Null
1766543.7342,5905748.1857,831330,,522400,0,0,0,1,0,West,2025/2026,ALLENBY ROAD,BUCKINGHAM CRESCENT,,Non-Injury Crash,No,2025,0,West,0,0,0,Flat,0,,0,,0,Dark,671400,0,0,0,2,0,0,0,0,1,,0,0,Auckland Region,Nil,2-way,Sealed,0,0,0,0,50,0,On,0,0,,76,Auckland,Nil,0,0,0,0,0,0,Urban,1,0,0,Fine,Null
1747908.5262,5926627.2254,831333,,513431,0,,0,1,,Null,2022/2023,HOBSONVILLE POINT ROAD,METEOR ROAD,,Minor Crash,No,2023,,East,,0,,Flat,,,,,,Overcast,221905,1,0,1,2,,,0,,,,,,Auckland Region,Nil,2-way,Sealed,,0,0,,50,,Off,0,0,,76,Auckland,Give way,,,,,0,0,Urban,0,,,Light rain,Null
1770541.7147,5894829.349,831338,,521201,0,,0,3,,North,2024/2025,HINGAIA ROAD,KUHANUI DRIVE,,Non-Injury Crash,No,2025,,South,,0,,Flat,,,,,,Bright sun,806700,0,0,0,4,,,0,,,,,,Auckland Region,Nil,2-way,Sealed,,0,0,,50,,Off,0,0,,76,Auckland,Nil,,,,,0,0,Urban,0,,,Fine,Null
1769746.0518,5907368.9947,831352,,523713,0,,0,2,,Null,2024/2025,CHAPEL ROAD,ORMISTON ROAD,,Non-Injury Crash,No,2025,,South,,0,,Flat,,,,,,Bright sun,712401,0,0,0,4,,,0,,,,,,Auckland Region,Nil,2-way,Sealed,,0,0,,50,,Off,0,0,,76,Auckland,Traffic Signals,,,,,0,0,Urban,0,,,Fine,Null
1756249.4651,5920785.0655,831360,,514102,0,,0,2,,South,2024/2025,BEAUMONT STREET,FANSHAWE STREET ON RAMP,,Non-Injury Crash,No,2025,,North,,0,,Flat,,,,,,Overcast,432500,0,0,0,3,,,0,,,,,,Auckland Region,Nil,2-way,Sealed,,0,0,,30,,Off,0,0,,76,Auckland,Nil,,,,,0,0,Urban,0,,,Fine,Null
1763881.4458,5881430.4253,831362,,521121,0,0,0,0,0,North,2025/2026,PATUMAHOE ROAD,GUN CLUB ROAD,,Serious Crash,No,2025,0,North,0,0,1,Flat,0,,0,,0,Bright sun,825500,1,0,0,2,0,0,0,0,0,,0,0,Auckland Region,Bridge,2-way,Unsealed,0,0,1,0,80,0,None,1,0,,76,Auckland,Nil,0,0,0,0,0,0,Open,1,0,0,Fine,Null
1768939.8549,5900813.3568,831368,,525002,0,,0,2,,South,2024/2025,GREAT SOUTH ROAD,WEYMOUTH ROAD,,Non-Injury Crash,No,2024,,North,,0,,Null,,,,,,Dark,752802,0,0,0,2,,,0,,,,,,Auckland Region,Nil,2-way,Sealed,,0,0,,50,,On,0,0,,76,Auckland,Nil,,,,,0,0,Urban,0,,,Fine,Null
1822971.96,5981172.8294,831370,,521000,0,0,0,0,0,North,2025/2026,MEDLAND ROAD,SHOAL BAY ROAD,,Minor Crash,No,2025,0,South,0,0,0,Hill Road,0,,0,,0,Bright sun,439200,1,0,0,2,0,0,0,1,0,,0,0,Auckland Region,Nil,2-way,Sealed,0,0,0,0,40,0,None,0,0,,76,Auckland,Nil,0,0,0,0,1,0,Urban,0,0,0,Fine,Null