X,Y,OBJECTID,advisorySpeed,areaUnitID,bicycle,bridge,bus,carStationWagon,cliffBank,crashDirectionDescription,crashFinancialYear,crashLocation1,crashLocation2,crashRoadSideRoad,crashSeverity,crashSHDescription,crashYear,debris,directionRoleDescription,ditch,fatalCount,fence,flatHill,guardRail,holiday,houseOrBuilding,intersection,kerb,light,meshblockId,minorInjuryCount,moped,motorcycle,NumberOfLanes,objectThrownOrDropped,otherObject,otherVehicleType,overBank,parkedVehicle,pedestrian,phoneBoxEtc,postOrPole,region,roadCharacter,roadLane,roadSurface,roadworks,schoolBus,seriousInjuryCount,slipOrFlood,speedLimit,strayAnimal,streetLight,suv,taxi,temporarySpeedLimit,tlaId,tlaName,trafficControl,trafficIsland,trafficSign,train,tree,truck,unknownVehicleType,urban,vanOrUtility,vehicle,waterRiver,weatherA,weatherB
1770127.6272,5910704.7059,831380,,523109,0,,0,1,,Null,2022/2023,TE IRIRANGI DRIVE,HAVEN DRIVE,,Minor Crash,No,2023,,South,,0,,Flat,,Queens Birthday,,,,Dark,711709,1,0,0,2,,,0,,,,,,Auckland Region,Nil,1-way,Sealed,,0,0,,80,,Off,1,0,,76,Auckland,Traffic Signals,,,,,0,0,Open,0,,,Fine,Null
1744556.6851,5919828.6474,831384,,513301,0,,0,2,,Null,2022/2023,UNIVERSAL DRIVE,RIVERPARK CRESCENT,,Minor Crash,No,2023,,East,,0,,Flat,,,,,,Bright sun,233700,1,0,0,2,,,0,,,,,,Auckland Region,Nil,2-way,Sealed,,0,0,,50,,Off,0,0,,76,Auckland,Give way,,,,,0,0,Urban,0,,,Fine,Null
1759053.6039,5911946.353,831417,,519820,0,,0,2,,Null,2024/2025,PRINCES STREET,ONEHUNGA MALL,,Non-Injury Crash,No,2024,,West,,0,,Flat,,,,,,Bright sun,602401,0,0,0,1,,,0,,,,,,Auckland Region,Nil,1-way,Sealed,,0,0,,50,,Off,0,0,,76,Auckland,Give way,,,,,0,0,Urban,0,,,Fine,None
1770294.8492,5898981.4991,831420,,523920,0,,0,1,,Null,2022/2023,GREAT SOUTH ROAD,GREAT SOUTH ROAD,,Non-Injury Crash,No,2023,,North,,0,,Flat,,,,,,Overcast,768006,0,0,1,5,,,0,,,,,,Auckland Region,Nil,2-way,Sealed,,0,0,,50,,Off,0,0,,76,Auckland,Nil,,,,,1,0,Urban,0,,,Heavy rain,Null
1756504.2065,5924631.1314,831425,,509702,0,0,0,2,0,South,2024/2025,NORTHERN MOTORWAY,ONEWA ROAD OFF RAMP,,Non-Injury Crash,Yes,2025,0,South,0,0,0,Flat,1,,0,,0,Bright sun,366700,0,0,0,3,0,0,0,0,0,,0,0,Auckland Region,Nil,1-way,Sealed,0,0,0,0,100,0,Off,0,0,,76,Auckland,Nil,0,0,0,0,0,0,Open,0,0,0,Fine,Null
1775307.9149,5886615.3731,831444,,521132,0,0,0,0,1,South,2022/2023,SOUTHERN MOTORWAY,RAMARAMA ON RAMP,,Minor Crash,Yes,2023,0,South,0,0,2,Flat,0,,0,,0,Dark,814200,1,0,0,2,0,0,0,0,0,,0,1,Auckland Region,Nil,1-way,Sealed,0,0,0,0,100,0,On,1,0,,76,Auckland,Nil,0,0,0,0,0,0,Open,0,0,0,Fine,Null
1753031.7773,5915049.4004,831447,,517902,0,,0,2,,West,2025/2026,HENDON AVENUE,RICHARDSON ROAD,,Non-Injury Crash,No,2025,,West,,0,,Flat,,,,,,Overcast,518400,0,0,0,2,,,0,,,,,,Auckland Region,Nil,2-way,Sealed,,0,0,,50,,Off,0,0,,76,Auckland,Nil,,,,,0,0,Urban,1,,,Fine,Null
1769551.4798,5901910.6665,831463,,523814,0,,0,1,,North,2025/2026,SOUTHERN MOTORWAY,HILL OBR,,Non-Injury Crash,Yes,2026,,South,,0,,Flat,,,,,,Bright sun,760702,0,0,1,3,,,0,,,,,,Auckland Region,Nil,1-way,Sealed,,0,0,,100,,Off,0,0,,76,Auckland,Nil,,,,,0,0,Open,0,,,Fine,Null
1751789.2798,5915354.3627,831479,,517901,0,,0,1,,South,2025/2026,NEW NORTH ROAD,BOLLARD AVENUE,,Non-Injury Crash,No,2025,,North,,0,,Flat,,,,,,Unknown,523800,0,0,1,4,,,0,,,,,,Auckland Region,Nil,2-way,Sealed,,0,0,,50,,Null,0,0,,76,Auckland,Nil,,,,,0,0,Urban,0,,,Light rain,Null
1759653.1377,5913008.9302,831503,,519900,0,0,0,1,0,Null,2025/2026,MOUNT SMART ROAD,MOUNT SMART ROAD,,Non-Injury Crash,No,2026,0,East,0,0,0,Flat,0,,0,,0,Dark,603400,0,0,0,2,0,0,0,0,1,,0,0,Auckland Region,Nil,1-way,Sealed,0,0,0,0,50,0,On,0,0,,76,Auckland,Give way,0,0,0,0,0,0,Urban,1,0,0,Fine,Null
1752876.3037,5916609.4806,831505,,517901,0,,0,2,,Null,2025/2026,NEW NORTH ROAD,CARRINGTON ROAD,,Minor Crash,No,2025,,East,,0,,Flat,,,,,,Dark,524800,1,0,0,4,,,0,,,,,,Auckland Region,Nil,2-way,Sealed,,0,0,,50,,On,0,0,,76,Auckland,Traffic Signals,,,,,0,0,Urban,0,,,Fine,Null
1764082.0134,5911575.2725,831513,,520500,0,,0,1,,Null,2024/2025,MOUNT WELLINGTON HIGHWAY,PANAMA ROAD,,Non-Injury Crash,No,2025,,South,,0,,Null,,,,,,Overcast,637900,0,0,0,4,,,0,,,,,,Auckland Region,Nil,2-way,Sealed,,0,0,,50,,Null,0,0,,76,Auckland,Traffic Signals,,,,,0,0,Urban,1,,,Fine,Null
1757873.5813,5944690.3681,831519,,505902,0,0,0,1,0,West,2025/2026,WHANGAPARAOA ROAD,WALBROOK ROAD,,Minor Crash,No,2026,0,East,0,0,0,Flat,0,,0,,1,Overcast,174409,5,0,0,2,0,0,0,0,0,3,0,0,Auckland Region,Nil,2-way,Sealed,0,0,0,0,50,0,Off,0,0,,76,Auckland,Nil,0,0,0,0,0,0,Urban,1,0,0,Light rain,Null
1756938.072,5920205.5637,831521,,514102,0,,0,2,,North,2024/2025,HOBSON STREET,COOK STREET,,Non-Injury Crash,No,2024,,South,,0,,Flat,,,,,,Bright sun,434200,0,0,0,4,,,0,,,,,,Auckland Region,Nil,1-way,Sealed,,0,0,,40,,Off,0,0,,76,Auckland,Traffic Signals,,,,,0,0,Urban,0,,,Fine,None
1774855.638,5894827.1289,831535,,525510,0,0,0,1,0,East,2025/2026,HUNUA ROAD,BOUNDARY ROAD,,Non-Injury Crash,No,2025,0,West,0,0,1,Flat,0,,0,,0,Dark,801600,0,0,0,2,0,0,0,0,0,,0,1,Auckland Region,Nil,2-way,Sealed,0,0,0,0,50,0,On,0,0,,76,Auckland,Nil,0,0,0,0,0,0,Urban,0,0,0,Fine,Null
1775786.0422,5882954.2041,831546,,521160,0,0,0,2,0,North,2022/2023,SOUTHERN MOTORWAY,BOMBAY ON RAMP,,Minor Crash,Yes,2023,0,North,1,0,0,Hill Road,1,,0,,0,Overcast,827603,2,0,0,2,0,0,0,0,0,,0,1,Auckland Region,Nil,1-way,Sealed,0,0,0,0,100,0,Off,0,0,,76,Auckland,Nil,0,0,0,0,2,0,Open,0,0,0,Fine,Null
1755513.0091,5921436.8095,831582,,515202,0,,0,2,,East,2025/2026,NORTHERN MOTORWAY,SHELLY BEACH OBR,,Non-Injury Crash,Yes,2025,,North,,0,,Flat,,,,,,Bright sun,425600,0,0,0,4,,,0,,,,,,Auckland Region,Nil,1-way,Sealed,,0,0,,80,,Off,0,0,,76,Auckland,Nil,,,,,0,0,Open,1,,,Fine,Null
1754214.1554,5931420.3572,831599,,508805,0,,0,2,,West,2022/2023,CONSTELLATION DRIVE,PARKWAY DRIVE,,Non-Injury Crash,No,2023,,West,,0,,Flat,,,,,,Bright sun,180826,0,0,0,3,,,0,,,,,,Auckland Region,Nil,1-way,Sealed,,0,0,,50,,Off,0,0,,76,Auckland,Nil,,,,,0,0,Urban,0,,,Fine,Null
1749276.7307,5943680.5884,831606,,506003,0,,0,0,,Null,2025/2026,SPUR ROAD,EAST COAST ROAD,,Non-Injury Crash,No,2025,,West,,0,,Flat,,,,,,Bright sun,175813,0,0,0,2,,,0,,,,,,Auckland Region,Nil,2-way,Sealed,,0,0,,60,,Off,0,0,,76,Auckland,Stop,,,,,0,0,Urban,1,,,Fine,Null
1743730.4195,5919313.0484,831614,,513213,0,,0,1,,South,2025/2026,SWANSON ROAD,UNIVERSAL DRIVE,,Minor Crash,No,2025,,South,,0,,Flat,,,,,,Bright sun,235802,1,0,0,2,,,0,,,,,,Auckland Region,Nil,2-way,Sealed,,0,0,,50,,Off,1,0,,76,Auckland,Nil,,,,,0,0,Urban,0,,,Fine,Null
1759886.3261,5916115.1808,831619,,516002,0,0,0,1,0,Null,2022/2023,SOUTHERN MOTORWAY,GREEN LANE EAST OFF RAMP,,Minor Crash,Yes,2023,0,South,0,0,0,Flat,1,,0,,0,Bright sun,492100,2,0,0,3,0,0,0,0,0,,0,0,Auckland Region,Motorway ramp,1-way,Sealed,0,0,0,0,100,0,Off,0,0,,76,Auckland,Nil,0,0,0,0,0,0,Open,0,0,0,Fine,Null
1766995.0066,5905651.7969,831632,,522302,0,,0,0,,Null,2024/2025,GREAT SOUTH ROAD,CASPAR ROAD,,Non-Injury Crash,No,2024,,South,,0,,Null,,,,,,Unknown,670700,0,0,0,4,,,0,,,,,,Auckland Region,Nil,2-way,Null,,0,0,,50,,Null,0,0,,76,Auckland,Stop,,,,,0,0,Urban,1,,,Fine,Null
1750970.8346,5983951.8034,831646,,506660,0,0,0,0,0,North,2025/2026,PAKIRI ROAD,MATAKANA VALLEY ROAD,,Minor Crash,No,2025,0,West,0,0,0,Flat,0,,0,,0,Bright sun,136204,1,0,0,2,0,0,0,0,0,,0,0,Auckland Region,Nil,2-way,Sealed,0,0,0,0,60,0,None,0,0,,76,Auckland,Nil,0,0,0,0,1,0,Urban,0,0,1,Fine,Null
1756986.0022,5919357.709,831647,,514200,0,,0,2,,Null,2022/2023,UPPER QUEEN STREET,CROSS STREET,,Minor Crash,No,2023,,South,,0,,Hill Road,,,,,,Bright sun,412200,1,0,0,4,,,0,,,,,,Auckland Region,Nil,2-way,Sealed,,0,0,,30,,Off,0,0,,76,Auckland,Nil,,,,,0,0,Urban,0,,,Fine,Null
1752804.7978,5914095.9312,831656,,514500,0,,0,2,,West,2025/2026,MAIORO STREET,ROSAMUND AVENUE,,Non-Injury Crash,No,2025,,East,,0,,Flat,,,,,,Overcast,376600,0,0,0,4,,,0,,,,,,Auckland Region,Nil,2-way,Sealed,,0,0,,50,,Off,1,0,,76,Auckland,Nil,,,,,0,0,Urban,0,,,Fine,Null
1756956.4561,5929350.8264,831664,,507800,0,,0,2,,Null,2024/2025,STANLEY AVENUE,EAST COAST ROAD,,Non-Injury Crash,No,2025,,North,,0,,Null,,,,,,Unknown,308500,0,0,0,2,,,0,,,,,,Auckland Region,Nil,2-way,Sealed,,0,0,,50,,Null,0,0,,76,Auckland,Stop,,,,,0,0,Urban,0,,,Null,Null
1746741.1088,5917347.1604,831670,,512500,0,,0,1,,Null,2025/2026,TE ATATU ROAD,DIVICH AVENUE,,Serious Crash,No,2025,,South,,0,,Flat,,,,,,Bright sun,257601,0,0,1,2,,,0,,,,,,Auckland Region,Nil,2-way,Sealed,,0,1,,50,,Off,0,0,,76,Auckland,Give way,,,,,0,0,Urban,0,,,Fine,Null
1762334.0446,5916104.6006,831676,,516302,0,,0,4,,East,2022/2023,ABBOTTS WAY,GRAND DRIVE,,Minor Crash,No,2023,,West,,0,,Flat,,,,,,Overcast,463601,1,0,0,1,,,0,,,,,,Auckland Region,Nil,2-way,Sealed,,0,0,,50,,Off,0,0,,76,Auckland,Nil,,,,,0,0,Urban,0,,,Fine,Null
1756176.5123,5920543.3802,831688,,514000,0,0,0,1,0,East,2025/2026,VICTORIA STREET WEST,BEAUMONT STREET,,Non-Injury Crash,No,2025,0,West,0,0,0,Flat,1,,0,,0,Dark,416600,0,0,0,4,0,0,0,0,0,,0,0,Auckland Region,Nil,2-way,Sealed,0,0,0,0,50,0,On,0,0,,76,Auckland,Nil,0,0,0,0,0,0,Urban,0,0,0,Light rain,Null
1750443.5327,5954093.5927,831702,,506201,0,,0,0,,South,2024/2025,NORTHERN GATEWAY TOLL ROAD,WAIWERA VIADUCT SOUTH,,Non-Injury Crash,Yes,2025,,South,,0,,Flat,,,,,,Dark,176204,0,0,0,2,,,0,,,,,,Auckland Region,Nil,1-way,Sealed,,0,0,,100,,On,0,0,,76,Auckland,Nil,,,,,0,0,Open,2,,,Fine,Null
1768992.6391,5900752.9085,831704,,525002,0,0,0,1,0,North,2024/2025,GREAT SOUTH ROAD,WOODSIDE ROAD,,Non-Injury Crash,No,2025,0,North,0,0,0,Flat,0,,0,,0,Twilight,752802,0,0,0,2,0,0,0,0,0,,0,1,Auckland Region,Nil,2-way,Sealed,0,0,0,0,50,0,Off,0,0,,76,Auckland,Nil,0,0,0,0,0,0,Urban,0,0,0,Fine,Null
1768862.8881,5911571.3503,831706,,523112,0,,0,2,,East,2022/2023,TI RAKAU DRIVE,BURSWOOD DRIVE,,Minor Crash,No,2023,,West,,0,,Flat,,,,,,Bright sun,711404,1,0,0,6,,,0,,,,,,Auckland Region,Nil,2-way,Sealed,,0,0,,50,,Off,0,0,,76,Auckland,Nil,,,,,0,0,Urban,0,,,Fine,Null
1774954.5578,5887334.0357,831712,,521132,0,,0,2,,South,2024/2025,SOUTHERN MOTORWAY,PRATTS OBR,,Non-Injury Crash,Yes,2025,,North,,0,,Flat,,,,,,Dark,814003,0,0,0,2,,,0,,,,,,Auckland Region,Nil,1-way,Sealed,,0,0,,100,,On,0,0,,76,Auckland,Nil,,,,,0,0,Open,0,,,Fine,Null
1752804.7652,5918308.2956,831728,,515002,0,0,0,2,0,West,2024/2025,GREAT NORTH ROAD,MOA ROAD,,Non-Injury Crash,No,2025,0,West,0,0,1,Flat,0,,1,,0,Overcast,390501,0,0,0,5,0,0,0,0,1,,0,0,Auckland Region,Nil,2-way,Sealed,0,0,0,0,50,0,Null,0,0,40,76,Auckland,Nil,0,0,0,0,0,0,Urban,0,0,0,Fine,Null
1746067.0187,5917913.1708,831736,,512500,0,,0,1,,South,2024/2025,EDMONTON ROAD,CENTRAL PARK DRIVE,,Non-Injury Crash,No,2024,,North,,0,,Null,,,,,,Bright sun,257100,0,0,0,2,,,0,,,,,,Auckland Region,Nil,2-way,Sealed,,0,0,,50,,Off,1,0,,76,Auckland,Nil,,,,,0,0,Urban,0,,,Fine,Null
1768638.2433,5901113.6048,831750,,524901,0,,0,0,,Null,2024/2025,GREAT SOUTH ROAD,HILL ROAD,,Non-Injury Crash,No,2024,,North,,0,,Flat,,,,,,Bright sun,757100,0,0,1,3,,,0,,,,,,Auckland Region,Nil,2-way,Sealed,,0,0,,50,,Off,0,0,,76,Auckland,Traffic Signals,,,,,0,0,Urban,0,,,Fine,Null
1762041.2791,5916067.0871,831766,,516003,0,,0,2,,Null,2024/2025,ABBOTTS WAY,KORAHA STREET,,Non-Injury Crash,No,2025,,South,,0,,Null,,,,,,Unknown,494700,0,0,0,0,,,0,,,,,,Auckland Region,Nil,Null,Null,,0,0,,,,Null,0,0,,76,Auckland,Give way,,,,,0,0,Urban,0,,,Fine,Null
1756735.1478,5919888.6542,831774,,514102,0,,0,0,,Null,2024/2025,UNION STREET,WARIMU PLACE,,Non-Injury Crash,No,2025,,East,,0,,Flat,,,,,,Twilight,435500,0,0,0,7,,,0,,,,,,Auckland Region,Nil,2-way,Sealed,,0,0,,30,,Null,1,0,,76,Auckland,Give way,,,,,0,0,Urban,1,,,Null,Null
1759971.0225,5915674.7048,831783,,519400,0,,0,2,,Null,2025/2026,GREAT SOUTH ROAD,PURIRI AVENUE,,Non-Injury Crash,No,2025,,North,,0,,Flat,,,,,,Bright sun,616900,0,0,0,4,,,0,,,,,,Auckland Region,Nil,2-way,Sealed,,0,0,,50,,Null,0,0,,76,Auckland,Stop,,,,,0,0,Urban,0,,,Fine,Null
1768085.4159,5881048.8302,831789,,525921,0,0,0,1,0,Null,2024/2025,HELVETIA ROAD,VICTORIA STREET,,Non-Injury Crash,No,2025,0,North,0,0,1,Flat,0,,0,,0,Overcast,821800,0,0,0,2,0,0,0,0,0,,0,0,Auckland Region,Nil,2-way,Sealed,0,0,0,0,50,0,Off,1,0,,76,Auckland,Stop,0,0,0,0,0,0,Urban,0,0,0,Fine,Null
1753302.2948,5914966.2041,831791,,518801,0,0,0,1,0,South,2025/2026,PARKINSON AVENUE,O'DONNELL AVENUE,,Non-Injury Crash,No,2025,0,North,0,0,0,Flat,0,,0,,0,Dark,575900,0,0,0,2,0,0,0,0,1,,0,0,Auckland Region,Nil,2-way,Sealed,0,0,0,0,50,0,On,1,0,30,76,Auckland,Nil,0,0,0,0,0,0,Urban,0,0,0,Fine,Null
1768597.5235,5899454.7588,831823,,525101,0,,0,0,,West,2024/2025,MAHIA ROAD,BOON STREET,,Non-Injury Crash,No,2025,,East,,0,,Null,,,,,,Overcast,770500,0,0,0,2,,,0,,,,,,Auckland Region,Nil,2-way,Sealed,,0,0,,50,,Null,2,0,,76,Auckland,Nil,,,,,0,0,Urban,0,,,Fine,Null
1768139.2889,5899315.1102,831870,,525102,0,,0,0,,East,2022/2023,MAHIA ROAD,FRIEDLANDERS ROAD,,Minor Crash,No,2023,,West,,0,,Flat,,,,,,Bright sun,769200,1,0,0,2,,,0,,,,,,Auckland Region,Nil,2-way,Sealed,,0,0,,50,,Off,1,0,40,76,Auckland,Nil,,,,,1,0,Urban,0,,,Fine,Null
1769419.7804,5899757.593,831871,,525002,0,,0,2,,Null,2025/2026,MAHIA ROAD,BEAUMONTS WAY EXTENSION,,Minor Crash,No,2025,,East,,0,,Flat,,,,,,Bright sun,754100,2,0,0,3,,,0,,,,,,Auckland Region,Nil,2-way,Sealed,,0,0,,50,,Off,0,0,,76,Auckland,Stop,,,,,0,0,Urban,0,,,Fine,Null
1741851.3092,5940965.064,831879,,506614,0,0,0,0,0,South,2025/2026,BURNE ROAD,JACK BARRY ROAD,,Non-Injury Crash,No,2025,0,North,0,0,1,Flat,0,,0,,0,Bright sun,178001,0,0,0,2,0,0,0,0,0,,0,0,Auckland Region,Nil,2-way,Unsealed,0,0,0,0,60,0,None,0,0,,76,Auckland,Nil,0,0,0,0,0,0,Urban,1,0,0,Fine,Null
1772765.0276,5913350.1649,831901,,523102,0,0,0,2,0,East,2025/2026,MEADOWLAND DRIVE,WOODGERS WAY,,Minor Crash,No,2026,0,East,0,0,0,Flat,0,,0,,0,Dark,711033,1,0,0,2,0,0,0,0,1,,0,0,Auckland Region,Nil,2-way,Sealed,0,0,0,0,60,0,On,0,0,50,76,Auckland,Nil,0,0,0,0,0,0,Urban,0,0,0,Fine,Null
1761514.8148,5913801.686,831910,,520202,0,,0,1,,Null,2024/2025,GREAT SOUTH ROAD,STATION ROAD,,Non-Injury Crash,No,2025,,West,,0,,Flat,,,,,,Dark,612300,0,0,0,2,,,0,,,,,,Auckland Region,Nil,2-way,Sealed,,0,0,,50,,On,0,0,,76,Auckland,Traffic Signals,,,,,0,1,Urban,0,,,Heavy rain,Strong wind
1766399.5653,5907617.1665,831918,35,523402,0,0,0,1,0,West,2025/2026,EAST TAMAKI ROAD,OTARA ROAD,,Non-Injury Crash,No,2025,0,North,0,0,0,Flat,1,,0,,0,Dark,699300,0,0,0,3,0,0,0,0,0,,0,0,Auckland Region,Nil,1-way,Sealed,0,0,0,0,50,0,On,0,0,30,76,Auckland,Nil,0,0,0,0,0,0,Urban,0,0,0,Fine,Null
1770446.9335,5911152.0792,831920,,523109,0,0,0,3,0,Null,2022/2023,OFF ROAD - CAR PARK PAK N SAVE,,,Minor Crash,No,2023,0,East,0,0,0,Flat,0,,0,,0,Overcast,711709,2,0,0,,0,0,0,0,1,2,0,0,Auckland Region,Nil,Off road,Sealed,0,0,0,0,10,0,Off,0,0,,76,Auckland,Nil,0,0,0,0,0,0,Urban,0,0,0,Fine,Null
1754640.0094,5911893.5338,831924,,519001,1,,0,1,,Null,2024/2025,DOMINION ROAD EXTENSION,GLASS ROAD,,Minor Crash,No,2025,,North,,0,,Hill Road,,,,,,Bright sun,589300,1,0,0,2,,,0,,,,,,Auckland Region,Nil,2-way,Sealed,,0,0,,50,,Off,0,0,,76,Auckland,Stop,,,,,0,0,Urban,0,,,Fine,Null
1742739.4897,5904870.1475,831925,,513800,0,,0,2,,North,2023/2024,HUIA ROAD,PINE AVENUE,,Minor Crash,No,2023,,North,,0,,Flat,,,,,,Dark,303101,1,0,0,2,,,0,,,,,,Auckland Region,Nil,2-way,Sealed,,0,0,,80,,None,0,0,,76,Auckland,Nil,,,,,0,0,Open,0,,,Fine,Null
1763625.9447,5907867.4506,831928,,521902,0,0,0,2,0,North,2022/2023,HOSPITAL ROAD,HOSPITAL ENT N,,Minor Crash,No,2023,0,South,0,0,1,Hill Road,0,,0,,0,Overcast,786400,1,0,0,2,0,0,0,0,0,,0,0,Auckland Region,Nil,2-way,Sealed,0,0,0,0,20,0,Off,1,1,,76,Auckland,Nil,0,0,0,0,0,0,Urban,0,1,0,Light rain,Null
1762827.1745,5905556.3547,831929,,524200,0,1,0,1,0,South,2022/2023,SOUTH-WESTERN MOTORWAY,PORTAGE OBR,,Non-Injury Crash,Yes,2023,0,North,0,0,0,Flat,0,,0,,0,Dark,728900,0,0,0,2,0,0,0,0,0,,0,0,Auckland Region,Nil,1-way,Sealed,0,0,0,0,100,0,On,0,0,,76,Auckland,Nil,0,0,0,0,0,0,Open,0,0,0,Fine,Null
1758302.7375,5927836.9849,831938,,508010,0,0,0,3,0,North,2022/2023,HURSTMERE ROAD,KILLARNEY STREET,,Minor Crash,No,2023,0,North,0,0,0,Flat,0,,0,,0,Bright sun,326000,1,0,0,2,0,0,0,0,3,,0,0,Auckland Region,Nil,2-way,Sealed,0,0,0,0,50,0,Off,0,0,,76,Auckland,Nil,0,0,0,0,0,0,Urban,1,0,0,Fine,Null
1764712.9822,5905550.3443,831945,,522100,0,0,0,1,0,South,2022/2023,KENDERDINE ROAD,WYLLIE ROAD,,Minor Crash,No,2023,0,North,0,0,0,Flat,0,,0,,0,Dark,659702,1,0,0,2,0,0,0,0,1,,0,0,Auckland Region,Nil,2-way,Sealed,0,0,0,0,50,0,On,0,0,,76,Auckland,Nil,0,0,0,0,0,0,Urban,1,0,0,Fine,Null
1747247.7348,5919821.4392,831948,,512300,0,,0,2,,Null,2024/2025,TE ATATU ROAD,TE ATATU ROAD OFF RAMP,,Non-Injury Crash,No,2025,,North,,0,,Hill Road,,,,,,Dark,251700,0,0,0,2,,,0,,,,,,Auckland Region,Overpass,1-way,Sealed,,0,0,,50,,On,0,0,,76,Auckland,Traffic Signals,,,,,0,0,Urban,0,,,Fine,Null
1747318.1936,5919633.472,831949,,512402,0,0,0,1,0,East,2022/2023,NORTH-WESTERN MOTORWAY,TE ATATU OBR,,Serious Crash,Yes,2023,0,West,0,0,0,Flat,2,,0,,0,Dark,253700,0,0,0,3,0,0,0,0,0,,0,0,Auckland Region,Nil,1-way,Sealed,0,0,1,0,100,0,On,0,0,,76,Auckland,Nil,0,0,0,0,0,0,Open,0,0,0,Light rain,Null
1745167.337,5914726.4896,831950,,512903,0,0,0,3,0,South,2025/2026,SEYMOUR ROAD,SOLEA ROAD,,Minor Crash,No,2026,0,South,0,0,0,Flat,0,Christmas New Year,0,,0,Dark,278109,1,0,0,2,0,0,0,0,1,,0,0,Auckland Region,Nil,2-way,Sealed,0,0,0,0,50,0,On,0,0,,76,Auckland,Nil,0,0,0,0,0,0,Urban,0,0,0,Fine,Null
1756703.2926,5912794.9529,831958,,518702,0,,0,1,,East,2024/2025,SOUTH-WESTERN MOTORWAY,HILLSBOROUGH OBR,,Non-Injury Crash,Yes,2025,,East,,0,,Flat,,Queens Birthday,,,,Overcast,569900,0,0,0,3,,,0,,,,,,Auckland Region,Nil,1-way,Sealed,,0,0,,100,,Off,0,0,,76,Auckland,Nil,,,,,0,0,Open,1,,,Fine,Null
1751351.5428,5946735.7794,831966,,506001,0,,0,1,,Null,2025/2026,WHANGAPARAOA ROAD,TAWHANA CRESCENT,,Serious Crash,No,2025,,East,,0,,Flat,,,,,,Bright sun,175501,0,0,1,2,,,0,,,,,,Auckland Region,Nil,2-way,Sealed,,0,1,,50,,Off,0,0,,76,Auckland,Nil,,,,,0,0,Urban,0,,,Fine,Null
1749339.0387,5928864.1306,831988,,509100,0,0,0,2,0,West,2024/2025,GREENHITHE ROAD,SUNNYVIEW ROAD,,Non-Injury Crash,No,2025,0,West,0,0,0,Hill Road,0,,0,,0,Dark,181502,0,0,0,2,0,0,0,0,1,,0,0,Auckland Region,Nil,2-way,Sealed,0,0,0,0,50,0,On,0,0,,76,Auckland,Nil,0,0,0,0,0,0,Urban,0,0,0,Fine,Frost
1738864.2436,5950505.5693,832014,,506614,0,0,0,0,0,South,2025/2026,HARURU ROAD,ADAMS ROAD,,Non-Injury Crash,No,2025,0,North,0,0,1,Hill Road,0,,0,,0,Dark,177000,0,0,0,2,0,0,0,0,0,,0,0,Auckland Region,Nil,2-way,Unsealed,0,0,0,0,100,0,None,1,0,,76,Auckland,Nil,0,0,0,0,0,0,Open,0,0,0,Fine,Null
1760203.196,5906273.5275,832020,,524200,0,0,0,1,0,West,2025/2026,MASSEY ROAD,PLUMLEY CRESCENT,,Minor Crash,No,2025,0,West,0,0,0,Flat,0,,0,,0,Bright sun,728001,1,0,0,2,0,0,0,0,0,,0,0,Auckland Region,Nil,2-way,Sealed,0,0,0,0,50,0,Off,0,0,,76,Auckland,Nil,0,1,0,0,0,0,Urban,0,0,0,Light rain,Null
1775792.9126,5883145.0981,832022,,521160,0,0,0,1,0,South,2025/2026,SOUTHERN MOTORWAY,ST STEPHENS OBR,,Non-Injury Crash,Yes,2025,0,North,0,0,0,Hill Road,0,,0,,0,Overcast,827603,0,0,0,2,0,0,0,0,0,,0,0,Auckland Region,Nil,1-way,Sealed,0,0,0,1,100,0,Off,0,0,,76,Auckland,Nil,0,0,0,0,0,0,Open,0,0,0,Heavy rain,Null
1745599.6145,5913965.8667,832030,,512904,0,0,0,1,0,Null,2025/2026,WOODBANK DRIVE,WEST COAST ROAD,,Non-Injury Crash,No,2025,0,South,0,0,0,Flat,0,,0,,0,Bright sun,278213,0,0,0,2,0,0,0,0,1,,0,0,Auckland Region,Nil,2-way,Sealed,0,0,0,0,50,0,Null,1,0,,76,Auckland,Give way,0,0,0,0,0,0,Urban,0,0,0,Fine,Null
1739431.5982,5919098.5086,832036,,513702,0,,0,1,,North,2024/2025,WAITAKERE ROAD,KAY ROAD,,Non-Injury Crash,No,2025,,North,,0,,Hill Road,,,,,,Dark,237100,0,0,0,2,,,0,,,,,,Auckland Region,Nil,2-way,Sealed,,0,0,,80,,None,0,0,,76,Auckland,Nil,,,,,0,0,Open,0,,,Fine,Frost
1757132.3361,5919215.5766,832041,,514200,1,,0,1,,North,2023/2024,SYMONDS STREET,GRAFTON GULLY CYCLEWAY,,Minor Crash,No,2023,,North,,0,,Flat,,,,,,Overcast,412301,1,0,0,4,,,0,,,,,,Auckland Region,Nil,2-way,Sealed,,0,0,,50,,Off,0,0,,76,Auckland,Nil,,,,,0,0,Urban,0,,,Fine,Null
1758386.2988,5917903.1799,832046,,517400,0,,0,1,,Null,2024/2025,BROADWAY,MORTIMER PASS,,Non-Injury Crash,No,2025,,South,,0,,Flat,,,,,,Dark,451300,0,0,0,4,,,0,,,,,,Auckland Region,Nil,2-way,Sealed,,0,0,,50,,On,0,0,,76,Auckland,Traffic Signals,,,,,0,0,Urban,1,,,Light rain,Null