X,Y,OBJECTID,advisorySpeed,areaUnitID,bicycle,bridge,bus,carStationWagon,cliffBank,crashDirectionDescription,crashFinancialYear,crashLocation1,crashLocation2,crashRoadSideRoad,crashSeverity,crashSHDescription,crashYear,debris,directionRoleDescription,ditch,fatalCount,fence,flatHill,guardRail,holiday,houseOrBuilding,intersection,kerb,light,meshblockId,minorInjuryCount,moped,motorcycle,NumberOfLanes,objectThrownOrDropped,otherObject,otherVehicleType,overBank,parkedVehicle,pedestrian,phoneBoxEtc,postOrPole,region,roadCharacter,roadLane,roadSurface,roadworks,schoolBus,seriousInjuryCount,slipOrFlood,speedLimit,strayAnimal,streetLight,suv,taxi,temporarySpeedLimit,tlaId,tlaName,trafficControl,trafficIsland,trafficSign,train,tree,truck,unknownVehicleType,urban,vanOrUtility,vehicle,waterRiver,weatherA,weatherB
1760022.3366,5909090.1274,832076,,524403,0,,0,2,,North,2025/2026,MAHUNGA DRIVE,MARKET COVE ROAD,,Non-Injury Crash,No,2025,,South,,0,,Flat,,,,,,Dark,729500,0,0,0,2,,,0,,,,,,Auckland Region,Nil,2-way,Sealed,,0,0,,50,,On,0,0,,76,Auckland,Nil,,,,,0,0,Urban,0,,,Fine,Null
1749557.8788,5945439.6935,832078,,505806,0,,0,2,,Null,2025/2026,EAST COAST ROAD,TAVERN ROAD,,Minor Crash,No,2025,,North,,0,,Hill Road,,,,,,Bright sun,176802,1,0,0,4,,,0,,,,,,Auckland Region,Nil,2-way,Sealed,,0,0,,60,,Off,0,0,,76,Auckland,Traffic Signals,,,,,0,0,Urban,0,,,Fine,Null
1756784.8294,5918845.6099,832094,,515600,0,,0,3,,Null,2025/2026,NEWTON ROAD,UPPER QUEEN STREET,,Non-Injury Crash,No,2025,,West,,0,,Hill Road,,,,,,Dark,420400,0,0,0,3,,,0,,,,,,Auckland Region,Nil,2-way,Sealed,,0,0,,50,,On,0,0,40,76,Auckland,Traffic Signals,,,,,0,0,Urban,0,,,Fine,Null
1774762.5803,5897279.2832,832100,,525610,0,0,0,1,0,North,2025/2026,CARGILL STREET,WINIATA TERRACE,,Non-Injury Crash,No,2026,0,North,0,0,1,Flat,0,,0,,0,Dark,799400,0,0,0,2,0,0,0,0,0,,0,0,Auckland Region,Nil,2-way,Sealed,0,0,0,0,50,0,None,0,0,,76,Auckland,Nil,0,0,0,0,0,0,Urban,1,0,0,Fine,Null
1765126.5208,5906920.3852,832118,,522201,0,,0,1,,Null,2025/2026,SHIRLEY ROAD,OMANA ROAD,,Non-Injury Crash,No,2026,,South,,0,,Flat,,,,,,Overcast,661100,0,0,0,2,,,0,,,,,,Auckland Region,Nil,2-way,Sealed,,0,0,,50,,Off,0,0,,76,Auckland,Give way,,,,,0,0,Urban,1,,,Light rain,Null
1772154.4028,5893838.3026,832132,,521201,0,,0,1,,South,2024/2025,SOUTHERN MOTORWAY,PARK ESTATE OBR,,Non-Injury Crash,Yes,2024,,North,,0,,Hill Road,,,,,,Bright sun,806800,0,0,0,2,,,0,,,,,,Auckland Region,Nil,1-way,Sealed,,0,0,,100,,Off,0,0,,76,Auckland,Nil,,,,,0,0,Open,1,,,Fine,Null
1750503.2496,5913735.5788,832140,,511303,0,,0,2,,Null,2025/2026,CLARK STREET,PORTAGE ROAD,,Non-Injury Crash,No,2026,,West,,0,,Flat,,,,,,Overcast,265200,0,0,0,5,,,0,,,,,,Auckland Region,Nil,2-way,Sealed,,0,0,,50,,Off,0,0,,76,Auckland,Traffic Signals,,,,,0,0,Urban,0,,,Fine,Null
1768803.8494,5914084.1372,832150,,522723,0,,0,2,,South,2024/2025,CASCADES ROAD,PAKURANGA ROAD,,Non-Injury Crash,No,2024,,North,,0,,Null,,,,,,Unknown,681600,0,0,0,2,,,0,,,,,,Auckland Region,Nil,1-way,Null,,0,0,,50,,Null,0,0,,76,Auckland,Nil,,,,,0,0,Urban,0,,,Null,Null
1770916.8374,5913725.2139,832156,,523101,0,0,0,0,0,Null,2025/2026,BOTANY ROAD,LEXINGTON DRIVE,,Non-Injury Crash,No,2025,0,North,0,0,0,Flat,0,,0,,0,Overcast,710522,0,0,0,2,0,0,1,0,1,,0,0,Auckland Region,Nil,2-way,Sealed,0,0,0,0,50,0,Null,0,0,,76,Auckland,Nil,0,0,0,0,1,0,Urban,0,0,0,Fine,Null
1774382.285,5897674.2564,832158,,525630,0,,0,1,,West,2025/2026,OLD WAIROA ROAD,BRIGHTWELL STREET,,Minor Crash,No,2025,,East,,0,,Flat,,,,,,Overcast,796200,1,0,0,2,,,0,,,,,,Auckland Region,Nil,2-way,Sealed,,0,0,,50,,None,0,0,,76,Auckland,Nil,,,,,0,0,Urban,1,,,Light rain,Null
1732006.4597,5952562.6738,832160,,506646,0,0,0,0,0,North,2022/2023,KAIPARA COAST HIGHWAY,BASIL ORR ROAD,,Minor Crash,Yes,2023,0,North,1,0,0,Hill Road,0,,0,,0,Bright sun,212406,1,0,0,2,0,0,0,0,0,,0,0,Auckland Region,Nil,2-way,Sealed,0,0,0,0,100,0,None,0,0,30,76,Auckland,Nil,0,0,0,1,1,0,Open,0,0,0,Fine,Null
1767089.505,5904508.772,832172,,524604,0,,0,1,,East,2025/2026,RONWOOD AVENUE,DAVIES AVENUE,,Non-Injury Crash,No,2025,,West,,0,,Flat,,,,,,Bright sun,780204,0,0,0,2,,,0,,,,,,Auckland Region,Nil,1-way,Sealed,,0,0,,50,,None,0,0,,76,Auckland,Nil,,,,,1,0,Urban,0,,,Fine,Null
1755333.744,5976511.1114,832177,,506661,0,0,0,1,0,West,2022/2023,LEIGH ROAD,TAKATU ROAD,,Non-Injury Crash,No,2023,0,West,0,0,0,Flat,0,,0,,0,Dark,138300,0,0,0,2,0,0,0,0,0,,0,0,Auckland Region,Nil,2-way,Sealed,0,0,0,0,80,0,On,0,0,,76,Auckland,Nil,0,0,0,0,0,0,Open,0,0,0,Light rain,Null
1744895.0666,5919616.7258,832182,,513301,0,0,0,2,0,North,2024/2025,KINGDALE ROAD,POMARIA ROAD,,Non-Injury Crash,No,2024,0,South,0,0,0,Null,0,,0,,0,Dark,232101,0,0,0,2,0,0,0,0,1,,0,0,Auckland Region,Nil,2-way,Null,0,0,0,0,30,0,On,0,0,,76,Auckland,Nil,0,0,0,0,0,0,Urban,0,0,0,Fine,Null
1745048.7909,5917758.6024,832190,,510700,0,,0,1,,Null,2024/2025,SWANSON ROAD,GREAT NORTH ROAD,,Minor Crash,No,2025,,South,,0,,Flat,,,,,,Twilight,239104,1,0,0,2,,,0,,,,,,Auckland Region,Nil,2-way,Sealed,,0,0,,50,,On,0,0,,76,Auckland,Traffic Signals,,,,,1,0,Urban,0,,,Fine,Null
1743761.8969,5919404.3805,832243,,513212,0,0,0,2,0,East,2025/2026,UNIVERSAL DRIVE,SWANSON ROAD,,Non-Injury Crash,No,2025,0,South,0,0,0,Flat,0,,0,,0,Dark,235600,0,0,0,2,0,0,0,0,1,,0,0,Auckland Region,Nil,1-way,Sealed,0,0,0,0,50,0,On,0,0,,76,Auckland,Nil,0,0,0,0,0,0,Urban,0,0,0,Light rain,Null
1756344.4517,5924422.7586,832245,,509702,0,0,0,1,0,North,2025/2026,NORTHERN MOTORWAY,ONEWA OBR OFF,,Non-Injury Crash,Yes,2025,0,South,0,0,0,Flat,0,,0,,0,Dark,366700,0,0,0,3,0,0,0,0,0,,0,0,Auckland Region,Nil,1-way,Sealed,0,0,0,0,80,0,On,0,0,,76,Auckland,Nil,0,0,0,1,0,0,Open,0,0,0,Hail or Sleet,Null
1749178.1137,5942652.1168,832255,,505806,0,,0,1,,Null,2022/2023,EAST COAST ROAD,WILKS ROAD,,Minor Crash,No,2023,,South,,0,,Flat,,,,,,Overcast,176802,1,0,0,2,,,0,,,,,,Auckland Region,Nil,2-way,Sealed,,0,0,,100,,None,0,0,,76,Auckland,Stop,,,,,0,0,Open,1,,,Light rain,Null
1769793.1586,5910842.7276,832261,,523113,0,0,0,2,0,North,2025/2026,HUNTINGTON DRIVE,GUYS ROAD,,Non-Injury Crash,No,2025,0,South,0,0,0,Flat,0,,0,,0,Dark,711705,0,0,0,2,0,0,0,0,1,,0,0,Auckland Region,Nil,2-way,Sealed,0,0,0,0,50,0,On,0,0,,76,Auckland,Nil,0,0,0,0,0,0,Urban,0,0,0,Fine,Null
1769355.152,5900364.7328,832298,,524902,0,0,0,1,0,East,2024/2025,MYERS ROAD,FERGUSON STREET,,Non-Injury Crash,No,2025,0,East,0,0,0,Flat,0,,0,,0,Dark,758800,0,0,0,2,0,0,0,0,0,,0,0,Auckland Region,Nil,2-way,Sealed,0,0,0,0,30,0,On,0,0,,76,Auckland,Nil,1,0,0,0,0,0,Urban,0,0,0,Fine,Null
1765463.8449,5908812.9843,832303,25,523403,0,0,0,1,0,Null,2022/2023,HIGHBROOK DRIVE ON RAMP,HIGHBROOK DRIVE,,Non-Injury Crash,No,2023,0,North,0,0,0,Flat,1,,0,,0,Overcast,700100,0,0,0,2,0,0,0,0,0,,0,0,Auckland Region,Motorway ramp,1-way,Sealed,0,0,0,0,100,0,Off,0,0,,76,Auckland,Traffic Signals,0,0,0,0,0,0,Open,0,0,0,Light rain,Null
1750148.8636,5929380.6629,832306,,509100,0,0,0,1,0,Null,2024/2025,ORWELL ROAD,TE WHARAU DRIVE,,Non-Injury Crash,No,2024,0,South,0,0,0,Hill Road,0,,0,,0,Bright sun,181104,0,0,0,2,0,0,0,0,1,,0,0,Auckland Region,Nil,2-way,Sealed,0,0,0,0,50,0,Off,1,0,,76,Auckland,Give way,0,0,0,0,0,0,Urban,0,0,0,Fine,Null
1768282.1529,5905500.6834,832318,,523722,0,0,0,1,0,West,2022/2023,BOUNDARY ROAD,TOWNLEY PLACE,,Minor Crash,No,2023,0,East,0,0,0,Flat,0,,0,,0,Dark,715703,1,0,0,2,0,0,0,0,0,,0,0,Auckland Region,Nil,2-way,Sealed,0,0,0,0,50,0,On,0,0,,76,Auckland,Nil,0,0,0,1,0,0,Urban,0,0,0,Light rain,Null
1769015.9975,5881350.9211,832335,,525910,0,0,0,1,0,East,2023/2024,STADIUM DRIVE,STADIUM DRIVE,,Minor Crash,No,2023,0,West,0,0,0,Flat,0,,0,,0,Bright sun,818600,1,0,0,2,0,0,0,0,0,,0,0,Auckland Region,Nil,2-way,Sealed,0,0,0,0,50,0,Off,0,0,,76,Auckland,Nil,0,1,0,0,0,0,Urban,0,0,0,Fine,Null
1766249.6282,5907495.262,832348,,522301,0,0,0,1,0,West,2025/2026,EAST TAMAKI ROAD,EAST TAMAKI OBR,,Non-Injury Crash,No,2025,0,North,0,0,0,Flat,1,,0,,0,Dark,666700,0,0,0,2,0,0,0,0,0,,0,0,Auckland Region,Bridge,1-way,Sealed,0,0,0,0,50,0,On,0,0,,76,Auckland,Nil,0,0,0,0,0,0,Urban,0,0,0,Heavy rain,Null
1774916.7484,5887411.776,832354,,521302,0,,0,2,,North,2025/2026,SOUTHERN MOTORWAY,ARARIMU OBR,,Non-Injury Crash,Yes,2025,,North,,0,,Flat,,,,,,Bright sun,809101,0,0,0,2,,,0,,,,,,Auckland Region,Nil,1-way,Sealed,,0,0,,100,,Off,0,0,,76,Auckland,Nil,,,,,0,0,Open,0,,,Fine,Null
1755568.6535,5920114.1087,832367,,515302,0,0,0,1,0,South,2023/2024,PONSONBY ROAD,SUMMER STREET,,Non-Injury Crash,No,2023,0,South,0,0,0,Flat,0,,0,,0,Overcast,431000,0,0,0,4,0,0,0,0,0,,0,0,Auckland Region,Nil,2-way,Sealed,0,0,0,0,40,0,Off,0,0,,76,Auckland,Nil,0,1,0,0,0,0,Urban,0,0,0,Fine,Null
1757877.4043,5918102.9156,832378,,515700,0,,0,2,,North,2022/2023,SOUTHERN MOTORWAY,GILLIES AVENUE ON RAMP,,Non-Injury Crash,Yes,2023,,North,,0,,Hill Road,,,,,,Overcast,443600,0,0,0,4,,,0,,,,,,Auckland Region,Motorway ramp,1-way,Sealed,,0,0,,80,,Off,0,0,,76,Auckland,Nil,,,,,1,0,Open,0,,,Light rain,Null
1761455.2793,5916852.9919,832381,,516202,0,,0,1,,Null,2022/2023,REMUERA ROAD,MINTO ROAD,,Non-Injury Crash,No,2023,,West,,0,,Flat,,,,,,Bright sun,489900,0,0,0,4,,,0,,,,,,Auckland Region,Nil,2-way,Sealed,,0,0,,50,,Off,0,0,,76,Auckland,Traffic Signals,,,,,0,0,Urban,0,,,Fine,Null
1752964.7704,5875751.9978,832385,,526103,0,0,0,1,0,North,2023/2024,CONSTABLE ROAD,O'SULLIVAN PLACE,,Minor Crash,No,2023,0,South,0,0,0,Flat,0,,0,,0,Overcast,837300,1,0,0,1,0,0,0,0,1,,0,0,Auckland Region,Nil,2-way,Sealed,0,0,0,0,50,0,Off,0,0,,76,Auckland,Nil,0,0,0,0,0,0,Urban,1,0,0,Fine,Null
1760580.5653,5908510.3038,832389,,524403,0,0,0,2,0,South,2022/2023,ROBERTSON ROAD,BINGARA PLACE,,Non-Injury Crash,No,2023,0,South,0,0,0,Flat,0,,0,,0,Dark,729903,0,0,0,2,0,0,0,0,1,,0,0,Auckland Region,Nil,2-way,Sealed,0,0,0,0,50,0,On,0,0,,76,Auckland,Nil,0,0,0,0,0,0,Urban,0,0,0,Fine,Null
1766322.1399,5903434.847,832392,,524604,0,,0,2,,Null,2025/2026,WIRI STATION ROAD,PLUNKET AVENUE,,Non-Injury Crash,No,2025,,East,,0,,Flat,,,,,,Dark,780208,0,0,0,4,,,0,,,,,,Auckland Region,Nil,2-way,Sealed,,0,0,,50,,On,0,0,,76,Auckland,Traffic Signals,,,,,0,0,Urban,0,,,Fine,Null
1755185.0646,5921725.4656,832393,,515202,0,,0,2,,North,2022/2023,CURRAN STREET ON RAMP,CURRAN STREET,,Non-Injury Crash,No,2023,,North,,0,,Hill Road,,,,,,Overcast,423600,0,0,0,2,,,0,,,,,,Auckland Region,Motorway ramp,1-way,Sealed,,0,0,,50,,Off,0,0,,76,Auckland,Nil,,,,,0,0,Urban,0,,,Fine,Null
1761230.9121,5914632.5649,832402,,520202,0,,0,2,,Null,2025/2026,SOUTHERN MOTORWAY,ELLERSLIE-PANMURE HWY OFF RAMP,,Minor Crash,Yes,2026,,South,,0,,Flat,,,,,,Overcast,612100,1,0,0,3,,,0,,,,,,Auckland Region,Motorway ramp,1-way,Sealed,,0,0,,100,,Off,0,0,,76,Auckland,Nil,,,,,0,0,Open,0,,,Heavy rain,Null
1737654.065,5962273.0128,832410,,506613,0,0,0,0,0,South,2025/2026,WEST COAST ROAD,HAWKENS ROAD,,Minor Crash,No,2025,0,South,0,0,0,Flat,1,,0,,0,Dark,146500,1,0,0,1,0,0,0,0,0,,0,0,Auckland Region,Bridge,1-way,Sealed,0,0,0,0,100,0,None,0,0,,76,Auckland,Nil,0,0,0,0,0,0,Open,1,0,0,Fine,Null
1762913.5547,5906328.832,832417,,524302,0,,1,0,,Null,2022/2023,HOKIANGA STREET,RAGLAN STREET,,Non-Injury Crash,No,2023,,East,,0,,Flat,,,,,,Twilight,745600,0,0,1,2,,,0,,,,,,Auckland Region,Nil,2-way,Sealed,,0,0,,50,,Off,0,0,,76,Auckland,Give way,,,,,0,0,Urban,0,,,Fine,Null
1748629.5362,5943712.4041,832433,,506201,0,0,0,1,0,South,2022/2023,NORTHERN MOTORWAY,SILVERDALE OFF RAMP,,Non-Injury Crash,Yes,2023,0,North,0,0,0,Hill Road,1,,0,,0,Dark,176801,0,0,0,2,0,0,0,0,0,,0,0,Auckland Region,Nil,1-way,Sealed,0,0,0,0,100,0,None,0,0,,76,Auckland,Nil,0,0,0,0,0,0,Open,0,0,0,Fine,Null
1766056.9833,5899239.6448,832437,,524812,0,0,0,1,0,South,2022/2023,WEYMOUTH ROAD,TAITIMU DRIVE,,Non-Injury Crash,No,2023,0,South,0,0,1,Hill Road,0,,0,,0,Dark,774003,0,0,0,2,0,0,0,0,0,,0,0,Auckland Region,Nil,2-way,Sealed,0,0,0,0,50,0,On,0,0,,76,Auckland,Nil,0,0,0,0,0,0,Urban,0,0,0,Fine,Null
1756605.1475,5918898.4935,832440,,514200,0,,0,2,,East,2025/2026,NEWTON ROAD,FLEET STREET,,Non-Injury Crash,No,2025,,West,,0,,Hill Road,,,,,,Overcast,412800,0,0,0,4,,,0,,,,,,Auckland Region,Nil,2-way,Sealed,,0,0,,50,,Off,0,0,,76,Auckland,Nil,,,,,0,0,Urban,0,,,Fine,Null
1764084.2189,5912944.6654,832466,,520500,0,0,0,2,0,East,2025/2026,SOUTH-EASTERN HIGHWAY,MOUNT WELLINGTON OBR,,Minor Crash,No,2025,0,West,0,0,0,Hill Road,1,,0,,0,Bright sun,637500,1,0,0,2,0,0,0,0,0,,0,0,Auckland Region,Overpass,1-way,Sealed,0,0,0,0,80,0,Off,0,0,,76,Auckland,Nil,0,0,0,0,0,0,Open,0,0,0,Fine,Null
1768630.751,5905361.5553,832503,,523721,0,0,0,1,0,North,2025/2026,BOUNDARY ROAD,TE IRIRANGI DRIVE,,Non-Injury Crash,No,2025,0,South,0,0,0,Flat,0,,0,,0,Dark,715613,0,0,0,2,0,0,0,0,0,,0,1,Auckland Region,Nil,2-way,Sealed,0,0,0,0,50,0,On,0,0,,76,Auckland,Nil,0,0,0,0,0,0,Urban,0,0,0,Fine,Null
1765329.6737,5904925.6363,832508,,522400,0,0,0,3,0,Null,2022/2023,WALLACE ROAD,FITZROY STREET,,Serious Crash,No,2023,0,North,0,0,0,Flat,0,,0,,0,Overcast,673303,0,0,0,2,0,0,0,0,0,2,0,0,Auckland Region,Nil,2-way,Sealed,0,0,1,0,50,0,Off,0,0,,76,Auckland,Give way,0,0,0,0,0,0,Urban,0,1,0,Light rain,Null
1753873.4559,5930643.8,832515,,508420,0,0,0,1,0,South,2022/2023,SUNSET ROAD,MEADOWOOD DRIVE,,Minor Crash,No,2023,0,South,0,0,0,Flat,0,,0,,0,Bright sun,182028,1,0,0,2,0,0,0,0,1,,0,0,Auckland Region,Nil,2-way,Sealed,0,0,0,0,50,0,Off,0,0,,76,Auckland,Nil,0,0,0,0,0,0,Urban,1,0,0,Fine,Null
1747824.185,5921616.085,832524,,512300,0,0,0,1,0,Null,2022/2023,HARBOUR VIEW ROAD,WAIMANU BAY DRIVE,,Minor Crash,No,2023,0,East,0,0,0,Flat,0,,0,,0,Overcast,250103,2,0,0,2,0,0,0,0,1,,0,0,Auckland Region,Nil,2-way,Sealed,0,0,0,0,50,0,Off,0,0,,76,Auckland,Give way,0,0,0,0,0,0,Urban,1,0,0,Light rain,Null
1775703.8475,5901386.0412,832540,55,523813,0,0,0,1,0,North,2022/2023,ALFRISTON-ARDMORE ROAD,CLEVEDON-TAKANINI ROAD,,Minor Crash,No,2023,0,South,0,0,0,Flat,0,,0,,0,Dark,761000,2,0,0,2,0,0,0,0,0,,0,1,Auckland Region,Nil,2-way,Sealed,0,0,0,0,80,0,None,0,0,,76,Auckland,Nil,0,0,0,0,0,0,Open,0,0,0,Fine,Null
1744065.3295,5922579.9822,832548,,513512,0,0,0,1,0,Null,2022/2023,ROYAL ROAD,WESTGATE DRIVE,,Minor Crash,No,2023,0,West,0,0,0,Flat,0,,0,,0,Bright sun,225501,2,0,0,3,0,0,0,0,0,,0,0,Auckland Region,Nil,2-way,Sealed,0,0,0,0,50,0,Off,0,0,,76,Auckland,Traffic Signals,0,1,0,0,0,0,Urban,1,0,0,Fine,Null
1758897.6787,5913629.9363,832553,,519720,0,,0,1,,North,2024/2025,ONEHUNGA MALL,TAWA ROAD,,Non-Injury Crash,No,2025,,North,,0,,Flat,,,,,,Bright sun,593400,0,0,0,2,,,1,,,2,,,Auckland Region,Nil,2-way,Sealed,,0,0,,50,,Off,0,0,,76,Auckland,Nil,,,,,0,0,Urban,0,,,Fine,Null
1760460.9363,5924521.8712,832561,,509300,0,0,0,1,0,North,2025/2026,HAMANA STREET,OLD LAKE ROAD,,Non-Injury Crash,No,2026,0,North,0,0,1,Flat,0,,0,,0,Twilight,338300,0,0,0,2,0,0,0,0,0,,0,0,Auckland Region,Nil,2-way,Sealed,0,0,0,0,30,0,On,0,0,,76,Auckland,Nil,0,0,0,0,0,0,Urban,0,0,0,Light rain,Null
1757256.0666,5920066.4116,832575,,514102,0,0,0,2,0,Null,2024/2025,QUEEN STREET,WAKEFIELD STREET,,Non-Injury Crash,No,2025,0,South,0,0,0,Hill Road,0,,0,,0,Dark,435201,0,0,0,4,0,0,0,0,0,,0,0,Auckland Region,Nil,2-way,Sealed,0,0,0,0,30,0,On,0,0,,76,Auckland,Traffic Signals,1,0,0,0,0,0,Urban,0,0,0,Fine,Null
1776741.0559,5906573.5885,832593,,523202,0,0,0,0,0,North,2025/2026,WHITFORD PARK ROAD,HAUNUI WAY,,Non-Injury Crash,No,2025,0,South,0,0,1,Flat,0,,0,,0,Dark,716604,0,0,0,2,0,0,0,0,0,,0,0,Auckland Region,Nil,2-way,Sealed,0,0,0,0,80,0,None,1,0,,76,Auckland,Nil,0,0,0,0,0,0,Open,0,0,0,Fine,Null
1760194.4107,5915966.6742,832599,,516003,0,,0,1,,Null,2025/2026,GREEN LANE EAST,GREEN LANE EAST,,Non-Injury Crash,No,2025,,West,,0,,Null,,,,,,Unknown,494902,0,0,0,3,,,0,,,,,,Auckland Region,Nil,1-way,Null,,0,0,,50,,Null,0,0,,76,Auckland,Give way,,,,,0,0,Urban,1,,,Null,Null
1754573.0566,5944053.0406,832600,,505909,0,0,0,0,0,West,2022/2023,SCOTT ROAD,WADE RIVER ROAD,,Non-Injury Crash,No,2023,0,West,0,0,1,Flat,0,,0,,0,Dark,173913,0,0,0,2,0,0,0,1,0,,0,0,Auckland Region,Nil,2-way,Sealed,0,0,0,0,50,0,None,0,0,,76,Auckland,Nil,0,0,0,1,0,0,Urban,1,0,0,Light rain,Strong wind
1750061.409,5918001.9281,832622,,514801,0,,0,2,,East,2024/2025,NORTH-WESTERN MOTORWAY,ROSEBANK ROAD OFF RAMP,,Non-Injury Crash,Yes,2025,,West,,0,,Flat,,,,,,Overcast,390401,0,0,0,5,,,0,,,,,,Auckland Region,Nil,1-way,Sealed,,0,0,,100,,Off,0,0,,76,Auckland,Nil,,,,,1,0,Open,1,,,Fine,Null
1764454.0361,5906044.5101,832627,,524303,0,,0,1,,North,2022/2023,STATION ROAD,HILLCREST ROAD,,Non-Injury Crash,No,2023,,North,,0,,Flat,,,,,,Dark,657602,0,0,0,2,,,0,,,,,,Auckland Region,Nil,2-way,Sealed,,0,0,,50,,On,0,0,,76,Auckland,Nil,,,,,0,0,Urban,1,,,Fine,Null
1764651.7734,5911683.7888,832638,,520500,0,,0,2,,North,2022/2023,SOUTHERN MOTORWAY,PANAMA OBR,,Non-Injury Crash,Yes,2023,,North,,0,,Flat,,,,,,Overcast,636400,0,0,0,3,,,0,,,,,,Auckland Region,Nil,1-way,Sealed,,0,0,,100,,None,0,0,,76,Auckland,Nil,,,,,0,0,Open,0,,,Fine,Null
1773523.2163,5897304.1744,832647,,525630,0,0,0,2,0,South,2024/2025,GROVE ROAD,OLD WAIROA ROAD,,Non-Injury Crash,No,2024,0,North,0,0,0,Flat,0,,0,,0,Dark,795400,0,0,0,2,0,0,0,0,1,,0,0,Auckland Region,Nil,2-way,Sealed,0,0,0,0,50,0,On,0,0,,76,Auckland,Nil,0,0,0,0,0,0,Urban,0,0,0,Light rain,Null
1768502.1776,5901333.2207,832654,,524901,0,,0,2,,North,2022/2023,GREAT SOUTH ROAD,PENNY LANE,,Minor Crash,No,2023,,South,,0,,Flat,,,,,,Overcast,756500,2,0,0,2,,,0,,,,,,Auckland Region,Nil,2-way,Sealed,,0,0,,50,,Off,0,0,,76,Auckland,Nil,,,,,0,0,Urban,0,,,Light rain,Null
1765178.2088,5914491.6887,832661,,520602,0,,0,1,,Null,2024/2025,LAGOON DRIVE,BASIN VIEW LANE,,Non-Injury Crash,No,2025,,South,,0,,Flat,,,,,,Dark,628601,0,0,0,3,,,0,,,,,,Auckland Region,Nil,2-way,Sealed,,0,0,,50,,On,1,0,,76,Auckland,Traffic Signals,,,,,0,0,Urban,0,,,Fine,Null
1752628.3807,5916835.7352,832662,,517800,0,0,0,3,0,North,2022/2023,CARRINGTON ROAD,BENFIELD AVENUE,,Minor Crash,No,2023,0,North,0,0,0,Flat,0,,0,,0,Bright sun,525600,1,0,0,2,0,0,0,0,1,,0,0,Auckland Region,Nil,2-way,Sealed,0,0,0,0,50,0,Off,0,0,,76,Auckland,Nil,0,0,0,0,0,0,Urban,0,0,0,Fine,Null
1757525.3159,5912899.0116,832670,,519810,0,,0,1,,South,2022/2023,QUEENSTOWN ROAD,HERD ROAD,,Non-Injury Crash,No,2023,,South,,0,,Hill Road,,,,,,Overcast,596700,0,0,0,3,,,0,,,,,,Auckland Region,Nil,2-way,Sealed,,0,0,,50,,Off,0,0,,76,Auckland,Nil,,,,,0,0,Urban,1,,,Fine,Null
1739762.0932,5930383.2606,832677,,505604,0,0,0,1,0,Null,2025/2026,OLD NORTH ROAD,ORAHA ROAD,,Minor Crash,No,2025,0,South,0,0,0,Hill Road,0,,0,,0,Overcast,214202,1,0,0,2,0,0,0,0,0,,0,1,Auckland Region,Nil,2-way,Sealed,0,0,0,0,80,0,None,0,0,,76,Auckland,Give way,0,0,0,0,0,0,Open,0,0,0,Light rain,Null
1751608.4413,5913818.8992,832679,,514402,0,0,0,2,0,South,2025/2026,BLOCKHOUSE BAY ROAD,HOLBROOK STREET,,Non-Injury Crash,No,2025,0,North,0,0,1,Flat,0,,0,,0,Overcast,378800,0,0,0,2,0,0,0,0,1,,0,1,Auckland Region,Nil,2-way,Sealed,0,0,0,0,50,0,Off,0,0,,76,Auckland,Nil,0,1,0,0,0,0,Urban,0,0,0,Fine,Null
1769034.138,5900053.0965,832716,,525002,0,,0,1,,South,2025/2026,CHRISTMAS ROAD,OLIVE STREET,,Non-Injury Crash,No,2025,,North,,0,,Flat,,,,,,Bright sun,753401,0,0,0,2,,,0,,,,,,Auckland Region,Speed hump,2-way,Sealed,,0,0,,30,,Off,0,0,,76,Auckland,Nil,,,,,0,1,Urban,1,,,Fine,Strong wind
1752155.0084,5926269.8709,832745,,510220,0,0,0,2,0,South,2022/2023,SALISBURY ROAD,PARAMU AVENUE,,Minor Crash,No,2023,0,South,0,0,0,Hill Road,0,,0,,0,Dark,350101,1,0,0,2,0,0,0,0,1,,0,0,Auckland Region,Nil,2-way,Sealed,0,0,0,0,50,0,On,0,0,,76,Auckland,Nil,0,0,0,0,0,0,Urban,1,0,0,Fine,Strong wind
1759782.829,5911800.5662,832748,,520000,0,,0,1,,West,2025/2026,NEILSON STREET,ALFRED STREET,,Non-Injury Crash,No,2025,,North,,0,,Null,,,,,,Dark,607700,0,0,0,2,,,0,,,,,,Auckland Region,Nil,1-way,Sealed,,0,0,,50,,On,0,0,,76,Auckland,Nil,,,,,0,1,Urban,0,,,Fine,Null
1764727.414,5918183.9255,832764,45,517001,0,,0,1,,Null,2024/2025,ST HELIERS BAY ROAD,APIRANA AVENUE,,Non-Injury Crash,No,2025,,East,,0,,Flat,,,,,,Bright sun,469700,0,0,0,2,,,0,,,,,,Auckland Region,Nil,2-way,Sealed,,0,0,,50,,Off,1,0,,76,Auckland,Traffic Signals,,,,,0,0,Urban,0,,,Fine,None
1749193.6972,5928865.6428,832780,,509100,0,,0,0,,Null,2024/2025,GREENHITHE ROAD,ROLAND ROAD,,Minor Crash,No,2025,,West,,0,,Flat,,,,,,Dark,181800,1,0,0,2,,,0,,,1,,,Auckland Region,Nil,2-way,Sealed,,0,0,,50,,On,0,0,,76,Auckland,Give way,,,,,0,0,Urban,1,,,Light rain,Null