X,Y,OBJECTID,advisorySpeed,areaUnitID,bicycle,bridge,bus,carStationWagon,cliffBank,crashDirectionDescription,crashFinancialYear,crashLocation1,crashLocation2,crashRoadSideRoad,crashSeverity,crashSHDescription,crashYear,debris,directionRoleDescription,ditch,fatalCount,fence,flatHill,guardRail,holiday,houseOrBuilding,intersection,kerb,light,meshblockId,minorInjuryCount,moped,motorcycle,NumberOfLanes,objectThrownOrDropped,otherObject,otherVehicleType,overBank,parkedVehicle,pedestrian,phoneBoxEtc,postOrPole,region,roadCharacter,roadLane,roadSurface,roadworks,schoolBus,seriousInjuryCount,slipOrFlood,speedLimit,strayAnimal,streetLight,suv,taxi,temporarySpeedLimit,tlaId,tlaName,trafficControl,trafficIsland,trafficSign,train,tree,truck,unknownVehicleType,urban,vanOrUtility,vehicle,waterRiver,weatherA,weatherB
1746547.9324,5916075.8417,832782,,511601,0,,0,3,,South,2025/2026,GREAT NORTH ROAD,KIRBY STREET,,Minor Crash,No,2026,,South,,0,,Flat,,,,,,Bright sun,275601,1,0,0,4,,,0,,,,,,Auckland Region,Nil,2-way,Sealed,,0,0,,50,,Off,0,0,,76,Auckland,Nil,,,,,0,0,Urban,0,,,Fine,Null
1765891.9567,5913104.8308,832785,,522920,0,0,0,1,0,East,2022/2023,PAKURANGA HIGHWAY,MILLEN UNDERPASS,,Non-Injury Crash,No,2023,0,West,1,0,0,Flat,0,,0,,0,Dark,683100,0,0,0,2,0,0,0,0,0,,0,0,Auckland Region,Bridge,1-way,Sealed,0,0,0,0,80,0,On,0,0,,76,Auckland,Nil,0,0,0,0,0,0,Open,0,0,0,Heavy rain,Strong wind
1756768.0308,5920186.5923,832805,,514102,0,0,0,5,0,Null,2022/2023,COOK STREET,NELSON STREET,,Minor Crash,No,2023,0,East,0,0,0,Hill Road,0,,0,,0,Bright sun,432700,2,0,0,3,0,0,0,0,2,,0,0,Auckland Region,Nil,2-way,Sealed,0,0,0,0,30,0,Off,0,1,,76,Auckland,Traffic Signals,0,0,0,0,0,0,Urban,0,0,0,Fine,Null
1743381.779,5920829.1159,832809,,513622,0,,0,2,,Null,2022/2023,DON BUCK ROAD,CHAMBERLAIN ROAD,,Non-Injury Crash,No,2023,,North,,0,,Hill Road,,,,,,Bright sun,226800,0,0,0,1,,,0,,,,,,Auckland Region,Nil,2-way,Sealed,,0,0,,50,,Off,0,0,,76,Auckland,Stop,,,,,0,0,Urban,0,,,Fine,Null
1751315.564,5916130.8936,832817,,514401,0,,0,1,,South,2022/2023,GREAT NORTH ROAD,GLENDON AVENUE,,Non-Injury Crash,No,2023,,North,,0,,Flat,,,,,,Bright sun,383200,0,0,0,4,,,0,,,,,,Auckland Region,Nil,2-way,Sealed,,0,0,,50,,Off,0,0,,76,Auckland,Nil,,,,,0,0,Urban,1,,,Fine,Null
1758076.3368,5905440.9675,832828,,524200,0,0,0,0,0,South,2025/2026,PAVILION DRIVE,MONTGOMERIE ROAD,,Non-Injury Crash,No,2025,0,East,0,0,1,Flat,0,Christmas New Year,1,,0,Bright sun,726500,0,0,0,2,0,0,0,0,0,,0,0,Auckland Region,Nil,2-way,Sealed,0,0,0,0,50,0,Off,0,0,,76,Auckland,Nil,0,0,0,1,0,0,Urban,1,0,0,Fine,Null
1766645.677,5903851.4728,832836,,524604,0,,0,2,,East,2025/2026,SOUTH-WESTERN MOTORWAY,LAMBIE DRIVE ON RAMP,,Non-Injury Crash,Yes,2025,,West,,0,,Null,,,,,,Overcast,780210,0,0,0,2,,,0,,,,,,Auckland Region,Nil,1-way,Sealed,,0,0,,100,,Null,0,0,,76,Auckland,Nil,,,,,0,0,Open,0,,,Fine,Null
1768169.5999,5903873.1844,832838,,524602,0,,0,1,,North,2024/2025,SOUTHERN MOTORWAY,LINK 1N SBD OBR,,Non-Injury Crash,Yes,2025,,North,,0,,Null,,,,,,Unknown,780501,0,0,0,3,,,0,,,,,,Auckland Region,Nil,1-way,Null,,0,0,,100,,Null,0,0,,76,Auckland,Nil,,,,,1,0,Open,0,,,Null,Null
1766210.3905,5900024.9103,832845,,524822,0,0,0,1,0,Null,2024/2025,ROSCOMMON ROAD,ROBERT ROSS PLACE,,Serious Crash,No,2025,0,North,0,0,0,Flat,0,,0,,0,Bright sun,774431,0,0,1,2,0,0,0,0,0,,0,0,Auckland Region,Nil,2-way,Sealed,0,0,1,0,50,0,None,0,0,,76,Auckland,Give way,2,0,0,0,0,0,Urban,0,0,0,Fine,Null
1772973.2575,5913525.9659,832853,,523102,0,,0,1,,Null,2024/2025,SANDSPIT ROAD,MEADOWLAND DRIVE,,Non-Injury Crash,No,2025,,South,,0,,Hill Road,,,,,,Overcast,711029,0,0,0,2,,,0,,,,,,Auckland Region,Nil,2-way,Sealed,,0,0,,50,,Off,1,0,,76,Auckland,Give way,,,,,0,0,Urban,0,,,Light rain,Null
1727581.5597,5942361.6947,832856,,506645,0,0,0,1,0,North,2022/2023,PARKHURST ROAD,SPRINGS ROAD,,Non-Injury Crash,No,2023,0,North,0,0,0,Flat,0,,0,,0,Dark,210902,0,0,0,2,0,0,0,0,1,,0,0,Auckland Region,Nil,2-way,Sealed,0,0,0,0,50,0,On,0,0,,76,Auckland,Nil,0,0,0,0,0,0,Urban,0,0,0,Heavy rain,Null
1744452.0639,5922069.4474,832863,,513512,0,,0,0,,North,2023/2024,NORTH-WESTERN MOTORWAY,ROYAL ROAD OFF RAMP,,Serious Crash,Yes,2023,,North,,0,,Flat,,,,,,Dark,225702,0,0,0,4,,,0,,,1,,,Auckland Region,Nil,1-way,Sealed,,0,1,,100,,On,0,0,,76,Auckland,Nil,,,,,1,0,Open,0,,,Fine,Null
1745438.1918,5917256.8108,832867,,510800,0,,0,0,,Null,2023/2024,GREAT NORTH ROAD,RATANUI STREET,,Serious Crash,No,2023,,North,,0,,Flat,,,,,,Dark,241600,0,0,0,4,,,0,,,1,,,Auckland Region,Nil,2-way,Sealed,,0,1,,50,,On,0,0,,76,Auckland,Traffic Signals,,,,,0,0,Urban,0,,,Fine,Null
1773052.5069,5900138.1395,832874,,523813,0,,0,3,,South,2025/2026,MILL ROAD,POPES ROAD,,Non-Injury Crash,No,2025,,South,,0,,Flat,,,,,,Bright sun,761000,0,0,0,2,,,0,,,,,,Auckland Region,Nil,2-way,Sealed,,0,0,,80,,None,0,0,,76,Auckland,Nil,,,,,0,0,Open,0,,,Fine,Null
1763295.9345,5909860.3313,832875,,521901,0,0,0,2,0,North,2022/2023,SALEYARDS ROAD,RAILWAY LANE,,Non-Injury Crash,No,2023,0,South,0,0,0,Hill Road,0,,0,,0,Bright sun,782700,0,0,0,2,0,0,0,0,1,,0,0,Auckland Region,Nil,2-way,Sealed,0,0,0,0,50,0,Off,0,0,,76,Auckland,Nil,0,0,0,0,0,0,Urban,0,0,0,Fine,Null
1769811.9126,5899448.5859,832923,,523920,0,,0,2,,Null,2025/2026,GREAT SOUTH ROAD,MANUREWA-TAKANINI ON RAMP,,Non-Injury Crash,No,2025,,North,,0,,Flat,,,,,,Dark,767922,0,0,0,4,,,0,,,,,,Auckland Region,Motorway ramp,2-way,Sealed,,0,0,,50,,On,0,0,,76,Auckland,Traffic Signals,,,,,0,0,Urban,0,,,Fine,Null
1784109.9537,5912576.0538,832937,,525201,0,0,0,1,0,South,2025/2026,NORTH ROAD,MARAETAI COAST ROAD,,Non-Injury Crash,No,2025,0,South,0,0,0,Null,0,Labour Weekend,0,,0,Overcast,762600,0,0,0,2,0,0,0,0,0,,0,1,Auckland Region,Nil,2-way,Sealed,0,0,0,0,80,0,Null,0,0,,76,Auckland,Nil,0,0,0,0,0,0,Open,0,0,0,Fine,Null
1744068.9659,5923315.6234,832939,,513511,0,0,0,2,0,South,2024/2025,WESTGATE DRIVE,TIHEMA LANE,,Non-Injury Crash,No,2025,0,South,0,0,0,Flat,0,,0,,0,Overcast,224303,0,0,0,2,0,0,0,0,1,,0,0,Auckland Region,Nil,2-way,Sealed,0,0,0,0,50,0,Off,0,0,,76,Auckland,Nil,0,0,0,0,0,0,Urban,0,0,0,Light rain,Null
1751147.4666,5931073.2661,832946,,508806,0,,0,2,,Null,2022/2023,OAK VIEW TERRACE,OAKWAY DRIVE,,Non-Injury Crash,No,2023,,East,,0,,Flat,,,,,,Bright sun,180105,0,0,0,2,,,0,,,,,,Auckland Region,Nil,2-way,Sealed,,0,0,,50,,Off,0,0,,76,Auckland,Give way,,,,,0,0,Urban,0,,,Fine,Null
1768276.9506,5903678.9808,832961,,523820,0,,0,0,,Null,2025/2026,SOUTHERN MOTORWAY,REDOUBT ROAD ON RAMP,,Non-Injury Crash,Yes,2025,,South,,0,,Flat,,,,,,Overcast,760142,0,0,0,6,,,0,,,,,,Auckland Region,Motorway ramp,2-way,Sealed,,0,0,,100,,Off,0,0,,76,Auckland,Nil,,,,,1,0,Open,1,,,Heavy rain,Null
1763178.4689,5915004.9741,832974,,520303,0,,0,1,,Null,2022/2023,ELLERSLIE-PANMURE HIGHWAY,BANKS ROAD,,Minor Crash,No,2023,,West,,0,,Flat,,,,,,Overcast,626700,1,0,0,4,,,0,,,,,,Auckland Region,Nil,2-way,Sealed,,0,0,,50,,Off,0,0,,76,Auckland,Give way,,,,,0,0,Urban,1,,,Fine,Null
1768457.1246,5901150.3111,832979,,525001,0,,0,1,,Null,2024/2025,MAICH ROAD,NORTHCREST WAY,,Non-Injury Crash,No,2025,,North,,0,,Null,,,,,,Twilight,751500,0,0,0,2,,,0,,,,,,Auckland Region,Nil,2-way,Sealed,,0,0,,50,,Null,0,0,,76,Auckland,Give way,,,,,0,1,Urban,0,,,Light rain,Null
1729609.0624,5939961.882,832985,,506800,0,0,0,1,0,South,2024/2025,COMMERCIAL ROAD,CREEK LANE,,Non-Injury Crash,Yes,2024,0,South,0,0,0,Hill Road,0,,0,,0,Dark,208700,0,0,0,2,0,0,0,0,1,,0,0,Auckland Region,Nil,2-way,Sealed,0,0,0,0,50,0,On,0,0,,76,Auckland,Nil,0,0,0,0,1,0,Urban,0,0,0,Light rain,Null
1750142.7711,5916284.292,833023,,514801,0,,0,2,,Null,2022/2023,ROSEBANK ROAD,AVONDALE ROAD,,Minor Crash,No,2023,,North,,0,,Flat,,,,,,Bright sun,387200,2,0,0,2,,,0,,,,,,Auckland Region,Nil,2-way,Sealed,,0,0,,50,,Off,0,0,,76,Auckland,Traffic Signals,,,,,0,0,Urban,0,,,Fine,Null
1762158.0318,5906391.3616,833033,,524302,0,,0,2,,Null,2025/2026,WINTHROP WAY,HENWOOD ROAD,,Non-Injury Crash,No,2025,,South,,0,,Flat,,,,,,Bright sun,743800,0,0,0,2,,,0,,,,,,Auckland Region,Nil,2-way,Sealed,,0,0,,30,,Null,0,0,,76,Auckland,Traffic Signals,,,,,0,0,Urban,0,,,Fine,Null
1741287.4383,5983566.9343,833035,,506660,0,0,0,1,0,East,2025/2026,WHANGARIPO VALLEY ROAD,TOMARATA VALLEY ROAD,,Non-Injury Crash,No,2025,0,South,0,0,1,Flat,0,,0,,0,Overcast,136101,0,0,0,2,0,0,0,0,0,,0,0,Auckland Region,Nil,2-way,Sealed,0,0,0,0,100,0,None,0,0,,76,Auckland,Nil,0,0,0,0,0,0,Open,0,0,0,Fine,Null
1760925.2418,5919943.6294,833041,,516400,0,,0,1,,West,2025/2026,TAMAKI DRIVE,NGAPIPI ROAD,,Non-Injury Crash,No,2026,,East,,0,,Flat,,,,,,Overcast,496500,0,0,0,4,,,0,,,,,,Auckland Region,Nil,2-way,Sealed,,0,0,,50,,Off,0,0,,76,Auckland,Nil,,,,,1,0,Urban,0,,,Fine,Null
1768650.2328,5903043.9916,833049,,523820,0,,0,1,,South,2025/2026,SOUTHERN MOTORWAY,SOUTH-WESTERN MOTORWAY,,Minor Crash,Yes,2025,,South,,0,,Flat,,,,,,Overcast,760121,1,0,0,4,,,0,,,,,,Auckland Region,Nil,1-way,Sealed,,0,0,,100,,On,2,0,,76,Auckland,Nil,,,,,0,0,Open,0,,,Fine,Null
1755825.3739,5924551.8904,833059,,509800,0,,0,2,,East,2024/2025,ONEWA ROAD,BRUCE STREET,,Non-Injury Crash,No,2025,,East,,0,,Hill Road,,,,,,Overcast,360600,0,0,0,4,,,0,,,,,,Auckland Region,Nil,2-way,Sealed,,0,0,,50,,Off,0,0,,76,Auckland,Nil,,,,,0,0,Urban,0,,,Heavy rain,Null
1751495.1095,5932357.1138,833099,,508807,0,,0,1,,Null,2024/2025,ROSEDALE ROAD,VANDERBILT PARADE,,Non-Injury Crash,No,2025,,West,,0,,Flat,,,,,,Overcast,180206,0,0,0,2,,,0,,,,,,Auckland Region,Nil,2-way,Sealed,,0,0,,50,,Off,0,0,,76,Auckland,Give way,,,,,0,0,Urban,1,,,Light rain,Null
1756694.0984,5919383.2492,833105,,514200,0,0,0,1,0,West,2025/2026,GALATOS STREET,EAST STREET,,Non-Injury Crash,No,2025,0,East,0,0,0,Flat,0,,0,,0,Dark,412000,0,0,0,2,0,0,0,0,1,,0,0,Auckland Region,Nil,2-way,Sealed,0,0,0,0,30,0,On,0,0,,76,Auckland,Nil,0,0,0,0,0,0,Urban,1,0,0,Fine,Null
1771844.3882,5897399.9134,833129,,523912,0,,0,1,,North,2025/2026,GREAT SOUTH ROAD,TIRONUI ROAD,,Non-Injury Crash,No,2025,,South,,0,,Flat,,,,,,Bright sun,766200,0,0,0,2,,,0,,,,,,Auckland Region,Nil,2-way,Sealed,,0,0,,50,,Off,0,0,,76,Auckland,Nil,,,,,0,0,Urban,1,,,Fine,Null
1753265.4124,5914223.2083,833137,,514500,0,,0,1,,East,2025/2026,MAIORO STREET,CORDELIA PLACE,,Non-Injury Crash,No,2025,,West,,0,,Null,,Christmas New Year,,,,Overcast,376800,0,0,0,4,,,0,,,,,,Auckland Region,Nil,2-way,Sealed,,0,0,,50,,Null,0,0,,76,Auckland,Nil,,,,,0,1,Urban,0,,,Light rain,Null
1748650.1238,5946443.3664,833147,,506201,0,0,0,1,0,North,2024/2025,NORTHERN MOTORWAY,SILVERDALE ON RAMP,,Non-Injury Crash,Yes,2025,0,North,0,0,0,Hill Road,1,,0,,0,Bright sun,176603,0,0,0,2,0,0,0,0,0,,0,0,Auckland Region,Nil,2-way,Sealed,0,0,0,0,100,0,Off,0,0,,76,Auckland,Nil,0,0,0,0,0,0,Open,0,0,0,Fine,Null
1772964.5483,5896851.8566,833154,,525420,0,,0,1,,Null,2022/2023,INGRAM STREET,PRICTOR STREET,,Minor Crash,No,2023,,East,,0,,Flat,,,,,,Bright sun,792700,1,0,0,2,,,0,,,1,,,Auckland Region,Nil,2-way,Sealed,,0,0,,50,,Null,0,0,,76,Auckland,Give way,,,,,0,0,Urban,0,,,Fine,Null
1747275.3674,5958895.0843,833163,,506613,0,0,0,0,0,West,2024/2025,AHUROA ROAD,ROSA VILLA LANE,,Non-Injury Crash,No,2025,0,North,1,0,0,Flat,0,,0,,0,Overcast,146901,0,0,0,2,0,0,0,0,0,,0,0,Auckland Region,Nil,2-way,Sealed,0,0,0,0,100,0,None,0,0,,76,Auckland,Nil,0,0,0,0,1,1,Open,0,0,0,Light rain,Null
1759436.1546,5913710.0784,833171,,519720,0,0,0,2,0,Null,2024/2025,TAWA ROAD,MOANA AVENUE,,Non-Injury Crash,No,2025,0,East,0,0,0,Hill Road,0,,0,,0,Bright sun,594000,0,0,0,2,0,0,0,0,0,,0,0,Auckland Region,Nil,2-way,Sealed,0,0,0,0,50,0,Off,0,0,40,76,Auckland,Give way,0,0,0,1,0,0,Urban,0,0,0,Fine,Null
1766648.9347,5910393.6152,833177,,523112,0,0,0,0,0,East,2025/2026,HIGHBROOK DRIVE,EL KOBAR DRIVE,,Non-Injury Crash,No,2025,0,East,0,0,0,Flat,0,,0,,0,Overcast,711301,0,0,0,4,0,0,0,0,0,,0,1,Auckland Region,Nil,2-way,Sealed,0,0,0,0,60,0,Off,0,0,,76,Auckland,Nil,0,0,0,0,0,0,Urban,1,0,0,Fine,Null
1753909.3499,5917128.1447,833217,,517600,0,,0,2,,Null,2024/2025,NEW NORTH ROAD,SELCOURT ROAD,,Non-Injury Crash,No,2025,,South,,0,,Flat,,,,,,Bright sun,535000,0,0,0,2,,,0,,,,,,Auckland Region,Nil,2-way,Sealed,,0,0,,50,,On,0,0,,76,Auckland,Nil,,,,,0,0,Urban,0,,,Fine,Null
1742962.9159,5920862.7122,833227,,513622,0,0,0,1,0,North,2025/2026,CHAMBERLAIN ROAD,TIRIWA DRIVE,,Minor Crash,No,2025,0,North,0,0,0,Hill Road,1,,0,,0,Overcast,226800,1,0,0,2,0,0,0,0,0,,0,0,Auckland Region,Nil,2-way,Sealed,0,0,0,0,60,0,Off,0,0,,76,Auckland,Nil,0,0,0,0,0,0,Urban,0,0,0,Light rain,Null
1757565.3215,5919972.8301,833235,,514103,0,,1,1,,North,2024/2025,WELLESLEY STREET EAST,SYMONDS STREET,,Non-Injury Crash,No,2025,,North,,0,,Hill Road,,,,,,Dark,436700,0,0,0,1,,,0,,,,,,Auckland Region,Nil,1-way,Sealed,,0,0,,30,,On,0,0,,76,Auckland,Nil,,,,,0,0,Urban,0,,,Fine,Null
1755722.9895,5919417.1228,833265,,515420,0,,0,0,,Null,2025/2026,MACKELVIE STREET,ROSE ROAD,,Non-Injury Crash,No,2025,,North,,0,,Null,,,,,,Unknown,410900,0,0,0,2,,,0,,,,,,Auckland Region,Nil,2-way,Sealed,,0,0,,50,,Null,2,0,,76,Auckland,Stop,,,,,0,0,Urban,0,,,Fine,Null
1759881.0881,5908771.656,833267,,524403,0,0,0,1,0,Null,2024/2025,WALMSLEY ROAD OFF RAMP,WALMSLEY ROAD,,Non-Injury Crash,No,2025,0,South,0,0,0,Flat,0,,0,,1,Dark,729600,0,0,0,2,0,0,0,0,0,,0,0,Auckland Region,Bridge,2-way,Sealed,0,0,0,0,50,0,On,0,0,,76,Auckland,Traffic Signals,1,0,0,0,0,0,Urban,0,0,0,Light rain,Null
1773068.883,5900089.8485,833283,,523911,0,,0,2,,North,2025/2026,MILL ROAD,AIRFIELD ROAD,,Minor Crash,No,2025,,South,,0,,Flat,,,,,,Bright sun,767204,1,0,0,2,,,0,,,,,,Auckland Region,Nil,2-way,Sealed,,0,0,,80,,None,0,0,,76,Auckland,Nil,,,,,0,0,Open,0,,,Fine,Null
1751532.8883,5912471.3096,833290,,514700,0,,0,2,,Null,2022/2023,BLOCKHOUSE BAY ROAD,TAYLOR STREET,,Non-Injury Crash,No,2023,,North,,0,,Flat,,,,,,Dark,369900,0,0,0,2,,,0,,,,,,Auckland Region,Nil,2-way,Sealed,,0,0,,50,,Off,0,0,,76,Auckland,Give way,,,,,0,0,Urban,0,,,Fine,Null
1772887.0552,5891765.3389,833298,,521301,0,1,0,0,0,Null,2022/2023,SOUTHERN MOTORWAY,GREAT SOUTH ROAD ON RAMP,,Fatal Crash,Yes,2023,0,North,0,1,0,Hill Road,2,,0,,0,Overcast,808702,0,0,0,2,0,0,0,0,0,,0,0,Auckland Region,Nil,1-way,Sealed,0,0,0,0,100,0,Off,0,0,,76,Auckland,Nil,0,0,0,0,1,0,Open,0,0,0,Fine,Null
1764019.3813,5904278.7903,833299,,524604,0,,0,1,,South,2024/2025,SOUTH-WESTERN MOTORWAY,PUHINUI ROAD-SH 20B ON RAMP,,Non-Injury Crash,Yes,2024,,North,,0,,Flat,,,,,,Bright sun,780902,0,0,0,2,,,0,,,,,,Auckland Region,Bridge,1-way,Sealed,,0,0,,100,,Off,0,0,,76,Auckland,Nil,,,,,0,0,Open,1,,,Fine,Null
1750142.9249,5916281.7182,833302,,514801,0,,0,2,,Null,2022/2023,ROSEBANK ROAD,AVONDALE ROAD,,Minor Crash,No,2023,,North,,0,,Flat,,,,,,Dark,387200,2,0,0,2,,,0,,,,,,Auckland Region,Nil,2-way,Sealed,,0,0,,50,,On,0,0,,76,Auckland,Traffic Signals,,,,,0,0,Urban,0,,,Fine,Null
1768499.2657,5880788.7968,833307,,525921,0,,0,0,,East,2024/2025,HARRIS STREET,WELLINGTON STREET,,Non-Injury Crash,No,2025,,East,,0,,Flat,,,,,,Twilight,821600,0,0,0,2,,,0,,,,,,Auckland Region,Nil,2-way,Sealed,,0,0,,50,,On,0,0,,76,Auckland,Nil,,,,,0,0,Urban,2,,,Light rain,Null
1760104.0119,5908823.5371,833310,,524403,0,0,0,1,0,Null,2022/2023,WALMSLEY ROAD,DONNELL AVENUE,,Minor Crash,No,2023,0,East,0,0,0,Flat,0,,0,,0,Overcast,729800,1,0,0,3,0,0,0,0,0,,0,0,Auckland Region,Nil,2-way,Sealed,0,0,0,0,50,0,Off,0,0,,76,Auckland,Traffic Signals,0,1,0,0,0,0,Urban,2,0,0,Fine,Null
1765021.2283,5910110.7863,833321,,521801,0,0,0,1,0,North,2025/2026,TODD PLACE,AVENUE ROAD,,Non-Injury Crash,No,2025,0,South,0,0,1,Flat,0,,0,,0,Bright sun,787700,0,0,0,2,0,0,0,0,0,,0,0,Auckland Region,Nil,2-way,Sealed,0,0,0,0,50,0,None,0,0,30,76,Auckland,Nil,0,0,0,0,0,0,Urban,0,0,0,Fine,Null
1754998.6914,5930328.8053,833329,,508520,0,,0,2,,North,2025/2026,NORTHERN MOTORWAY,SUNNYNOOK OBR,,Non-Injury Crash,Yes,2025,,South,,0,,Hill Road,,,,,,Overcast,192700,0,0,0,2,,,0,,,,,,Auckland Region,Nil,1-way,Sealed,,0,0,,100,,Off,0,0,,76,Auckland,Nil,,,,,0,0,Open,0,,,Fine,Strong wind
1760390.0442,5916830.2734,833339,,516202,0,,0,2,,Null,2024/2025,REMUERA ROAD,ST VINCENT AVENUE,,Non-Injury Crash,No,2025,,East,,0,,Flat,,,,,,Overcast,490500,0,0,0,4,,,0,,,,,,Auckland Region,Nil,2-way,Sealed,,0,0,,50,,Off,1,0,,76,Auckland,Stop,,,,,0,0,Urban,0,,,Light rain,Null
1754788.9999,5921301.9961,833353,,515201,0,0,0,1,0,East,2024/2025,SARSFIELD STREET,SENTINEL ROAD,,Non-Injury Crash,No,2025,0,West,0,0,0,Flat,0,,0,,0,Bright sun,423200,0,0,0,2,0,0,0,0,1,,0,0,Auckland Region,Nil,2-way,Sealed,0,0,0,0,50,0,Null,1,0,,76,Auckland,Nil,0,0,0,0,0,0,Urban,0,0,0,Fine,Null
1746356.3219,5940022.3246,833354,,506300,0,,0,1,,Null,2022/2023,DAIRY FLAT HIGHWAY,POSTMAN ROAD,,Minor Crash,No,2023,,South,,0,,Hill Road,,Easter,,,,Overcast,175903,1,0,0,2,,,0,,,,,,Auckland Region,Nil,2-way,Sealed,,0,0,,80,,Off,0,0,50,76,Auckland,Stop,,,,,0,0,Open,1,,,Light rain,Null
1759154.5169,5913249.518,833361,,519720,0,,0,2,,Null,2025/2026,CAMERON STREET,HARDINGTON STREET,,Non-Injury Crash,No,2025,,North,,0,,Flat,,,,,,Overcast,595900,0,0,0,2,,,0,,,,,,Auckland Region,Nil,2-way,Sealed,,0,0,,50,,Off,0,0,,76,Auckland,Stop,,,,,0,0,Urban,0,,,Fine,Null
1769323.8592,5915845.0078,833363,,522711,0,0,0,3,0,South,2025/2026,PIGEON MOUNTAIN ROAD,HIMALAYA DRIVE,,Non-Injury Crash,No,2025,0,North,0,0,1,Hill Road,0,,0,,0,Bright sun,679812,0,0,0,2,0,0,0,0,0,,0,0,Auckland Region,Nil,2-way,Sealed,0,0,0,0,50,0,Off,0,0,,76,Auckland,Nil,0,0,0,0,0,0,Urban,0,0,0,Fine,Null
1774019.8134,5902834.5554,833369,,523813,0,0,0,1,0,Null,2024/2025,ALFRISTON ROAD,ALFRISTON-ARDMORE ROAD,,Non-Injury Crash,No,2024,0,North,0,0,1,Flat,0,,0,,0,Bright sun,760902,0,0,0,2,0,0,0,0,0,,0,0,Auckland Region,Nil,2-way,Sealed,0,0,0,0,80,0,None,0,0,,76,Auckland,Give way,0,0,0,0,0,0,Open,0,0,0,Fine,Null
1756720.6186,5927478.5532,833371,,507900,0,,0,2,,Null,2024/2025,TAHAROTO ROAD,NORTHCOTE ROAD,,Non-Injury Crash,No,2025,,North,,0,,Flat,,,,,,Dark,303502,0,0,0,6,,,0,,,,,,Auckland Region,Nil,2-way,Sealed,,0,0,,50,,On,0,0,,76,Auckland,Traffic Signals,,,,,0,0,Urban,0,,,Light rain,Null
1757979.2286,5919881.581,833403,,514301,0,0,0,1,0,East,2025/2026,SH 16,GRAFTON ROAD ON RAMP,,Non-Injury Crash,Yes,2025,0,East,0,0,0,Flat,0,,0,,0,Bright sun,440300,0,0,0,3,0,0,0,0,0,,0,0,Auckland Region,Nil,1-way,Sealed,0,0,0,0,50,0,Null,0,0,,76,Auckland,Nil,0,0,0,0,0,0,Urban,1,1,0,Fine,Null
1761095.4294,5914364.95,833417,,520202,0,,0,1,,Null,2024/2025,ELLERSLIE-PANMURE HIGHWAY,GREAT SOUTH ROAD,,Non-Injury Crash,No,2025,,East,,0,,Flat,,,,,,Overcast,612200,0,0,0,2,,,0,,,,,,Auckland Region,Nil,1-way,Sealed,,0,0,,50,,Off,0,0,,76,Auckland,Give way,,,,,0,0,Urban,1,,,Light rain,Null
1760347.6118,5915306.832,833443,,520202,0,,0,2,,Null,2025/2026,GREAT SOUTH ROAD,MAIN HIGHWAY,,Non-Injury Crash,No,2025,,South,,0,,Null,,,,,,Bright sun,613200,0,0,0,4,,,0,,,,,,Auckland Region,Nil,2-way,Sealed,,0,0,,50,,Null,0,0,,76,Auckland,Traffic Signals,,,,,0,0,Urban,0,,,Fine,Null
1739578.3312,5929062.0171,833457,,505604,0,,0,2,,Null,2025/2026,KORAHA ROAD,RIVERHEAD ROAD,,Non-Injury Crash,No,2025,,South,,0,,Null,,,,,,Bright sun,214000,0,0,0,2,,,0,,,,,,Auckland Region,Nil,2-way,Sealed,,0,0,,60,,Null,0,0,,76,Auckland,Give way,,,,,0,0,Urban,0,,,Fine,Null
1744928.6943,5926420.2195,833467,,513410,0,,0,1,,East,2025/2026,BRIGHAM CREEK ROAD,TRIG ROAD,,Non-Injury Crash,No,2025,,East,,0,,Flat,,,,,,Dark,221400,0,0,0,2,,,0,,,,,,Auckland Region,Nil,2-way,Sealed,,0,0,,60,,None,0,0,,76,Auckland,Nil,,,,,0,0,Urban,0,,,Fine,Null
1772346.5609,5898070.321,833481,,523912,0,0,0,0,0,Null,2024/2025,OFF ROAD - PARK WALTERS ROAD,,,Minor Crash,No,2025,0,West,0,0,1,Flat,0,,0,,0,Overcast,765600,1,0,0,,0,0,0,0,0,,0,0,Auckland Region,Nil,Off road,Unsealed,0,0,0,0,,0,None,1,0,,76,Auckland,Nil,0,0,0,0,0,0,Urban,0,0,0,Light rain,Null
1756881.4805,5918628.3767,833507,,515600,0,0,0,3,0,West,2025/2026,BASQUE ROAD,NEW NORTH ROAD,,Non-Injury Crash,No,2025,0,East,0,0,0,Hill Road,0,,0,,0,Bright sun,420500,0,0,0,2,0,0,0,0,1,,0,0,Auckland Region,Nil,2-way,Sealed,0,0,0,0,50,0,Off,0,0,,76,Auckland,Nil,0,0,0,0,0,0,Urban,0,0,0,Fine,Null
1753622.4747,5931028.4811,833510,,508803,0,0,0,2,0,South,2023/2024,CARIBBEAN DRIVE,BARBADOS DRIVE,,Minor Crash,No,2023,0,North,0,0,0,Flat,0,,0,,0,Dark,180829,1,0,0,2,0,0,0,0,1,,0,0,Auckland Region,Nil,2-way,Sealed,0,0,0,0,50,0,On,0,0,,76,Auckland,Nil,0,0,0,0,0,0,Urban,1,0,0,Fine,Null