X,Y,OBJECTID,advisorySpeed,areaUnitID,bicycle,bridge,bus,carStationWagon,cliffBank,crashDirectionDescription,crashFinancialYear,crashLocation1,crashLocation2,crashRoadSideRoad,crashSeverity,crashSHDescription,crashYear,debris,directionRoleDescription,ditch,fatalCount,fence,flatHill,guardRail,holiday,houseOrBuilding,intersection,kerb,light,meshblockId,minorInjuryCount,moped,motorcycle,NumberOfLanes,objectThrownOrDropped,otherObject,otherVehicleType,overBank,parkedVehicle,pedestrian,phoneBoxEtc,postOrPole,region,roadCharacter,roadLane,roadSurface,roadworks,schoolBus,seriousInjuryCount,slipOrFlood,speedLimit,strayAnimal,streetLight,suv,taxi,temporarySpeedLimit,tlaId,tlaName,trafficControl,trafficIsland,trafficSign,train,tree,truck,unknownVehicleType,urban,vanOrUtility,vehicle,waterRiver,weatherA,weatherB
1766634.0812,5908449.8254,833515,,523501,0,0,0,1,0,North,2025/2026,OTARA ROAD,LAPPINGTON ROAD,,Non-Injury Crash,No,2025,0,North,0,0,1,Flat,0,,0,,0,Bright sun,700500,0,0,0,2,0,0,0,0,0,,0,0,Auckland Region,Nil,2-way,Sealed,0,0,0,0,50,0,Null,0,0,,76,Auckland,Nil,0,0,0,0,0,0,Urban,0,0,0,Fine,Null
1764468.8078,5918260.1623,833522,,516602,0,,0,2,,South,2022/2023,KOHIMARAMA ROAD,WHYTEHEAD CRESCENT,,Minor Crash,No,2023,,South,,0,,Hill Road,,,,,,Overcast,508200,1,0,0,2,,,0,,,,,,Auckland Region,Nil,2-way,Sealed,,0,0,,50,,Off,0,0,,76,Auckland,Nil,,,,,0,0,Urban,0,,,Fine,Null
1748071.2398,5914206.1348,833523,,511100,0,,0,3,,South,2025/2026,GREAT NORTH ROAD,WESTECH PLACE,,Minor Crash,No,2025,,South,,0,,Hill Road,,,,,,Overcast,285800,1,0,0,4,,,0,,,,,,Auckland Region,Nil,2-way,Sealed,,0,0,,50,,Off,0,0,,76,Auckland,Nil,,,,,0,0,Urban,0,,,Light rain,Null
1767034.5804,5912493.45,833529,,522910,0,,0,0,,South,2024/2025,TI RAKAU DRIVE,ROSEBURN PLACE,,Non-Injury Crash,No,2024,,South,,0,,Null,,,,,,Bright sun,686000,0,0,0,2,,,0,,,,,,Auckland Region,Nil,1-way,Sealed,,0,0,,50,,Null,1,0,,76,Auckland,Nil,,,,,0,0,Urban,1,,,Fine,Null
1760147.5222,5915989.3913,833531,,516002,0,,0,2,,Null,2025/2026,GREEN LANE EAST OFF RAMP,GREEN LANE EAST,,Minor Crash,No,2025,,East,,0,,Flat,,,,,,Overcast,492100,1,0,0,2,,,0,,,,,,Auckland Region,Motorway ramp,2-way,Sealed,,0,0,,50,,Off,0,0,,76,Auckland,Give way,,,,,0,0,Urban,0,,,Light rain,Null
1760598.1899,5915553.769,833546,,520201,0,0,1,1,0,North,2022/2023,SOUTHERN MOTORWAY,WALPOLE OBR,,Serious Crash,Yes,2023,0,North,0,0,0,Flat,0,,0,,0,Dark,613000,1,0,0,4,0,0,0,0,0,,0,0,Auckland Region,Nil,1-way,Sealed,0,0,1,0,100,0,On,0,1,,76,Auckland,Nil,0,0,0,0,0,0,Open,0,1,0,Fine,Null
1744997.2749,5915473.6347,833547,,510800,0,,0,1,,South,2025/2026,BRUCE MCLAREN ROAD,HEREMAI STREET,,Non-Injury Crash,No,2025,,Null,,0,,Flat,,,,,,Dark,242502,0,0,0,2,,,0,,,,,,Auckland Region,Nil,2-way,Sealed,,0,0,,50,,Null,0,0,,76,Auckland,Nil,,,,,0,0,Urban,1,,,Heavy rain,Null
1754515.9624,5916564.2381,833576,,517702,0,,0,1,,Null,2024/2025,ST LUKES ROAD,FOWLDS AVENUE,,Minor Crash,No,2025,,West,,0,,Hill Road,,,,,,Bright sun,540201,1,0,1,4,,,0,,,,,,Auckland Region,Nil,2-way,Sealed,,0,0,,50,,None,0,0,,76,Auckland,Give way,,,,,0,0,Urban,0,,,Fine,Null
1742842.1368,5921468.3715,833578,,513631,0,,0,2,,North,2025/2026,DON BUCK ROAD,GALLONY AVENUE,,Non-Injury Crash,No,2025,,West,,0,,Flat,,,,,,Bright sun,227101,0,0,0,2,,,0,,,,,,Auckland Region,Nil,2-way,Sealed,,0,0,,50,,Off,0,0,,76,Auckland,Nil,,,,,0,0,Urban,0,,,Fine,Null
1762327.0265,5914839.6477,833585,,520201,0,,0,1,,West,2022/2023,MAIN HIGHWAY,BALLARAT STREET,,Minor Crash,No,2023,,West,,0,,Flat,,,,,,Dark,610500,1,0,0,4,,,0,,,,,,Auckland Region,Nil,2-way,Sealed,,0,0,,50,,On,0,0,,76,Auckland,Nil,,,,,0,0,Urban,0,,,Fine,Null
1744474.9348,5921872.3684,833586,,513512,0,,0,1,,South,2024/2025,NORTH-WESTERN MOTORWAY,ROYAL ROAD OFF RAMP,,Non-Injury Crash,Yes,2025,,North,,0,,Null,,,,,,Bright sun,225702,0,0,0,2,,,0,,,,,,Auckland Region,Nil,1-way,Sealed,,0,0,,100,,Null,0,0,,76,Auckland,Nil,,,,,0,1,Open,1,,,Fine,Null
1756346.917,5919055.3231,833589,,515500,0,,1,0,,Null,2022/2023,NEWTON ROAD,NEWTON ROAD OFF RAMP,,Minor Crash,No,2023,,North,,0,,Hill Road,,,,,,Overcast,417600,6,0,0,4,,,0,,,,,,Auckland Region,Bridge,2-way,Sealed,,0,0,,50,,Off,0,0,,76,Auckland,Traffic Signals,,,,,1,0,Urban,0,,,Light rain,Null
1772551.1709,5896687.0435,833600,,525420,0,,0,1,,Null,2024/2025,GREAT SOUTH ROAD,O'SHANNESSEY STREET,,Non-Injury Crash,No,2025,,North,,0,,Flat,,,,,,Overcast,791300,0,0,0,5,,,0,,,,,,Auckland Region,Nil,2-way,Sealed,,0,0,,50,,Off,0,0,,76,Auckland,Traffic Signals,,,,,0,0,Urban,0,,,Heavy rain,Null
1767331.4408,5904894.445,833602,,524603,0,,0,2,,West,2024/2025,CAVENDISH DRIVE,GREAT SOUTH ROAD,,Non-Injury Crash,No,2025,,East,,0,,Flat,,,,,,Overcast,780205,0,0,0,2,,,0,,,,,,Auckland Region,Nil,1-way,Sealed,,0,0,,50,,None,0,0,,76,Auckland,Nil,,,,,0,0,Urban,0,,,Fine,Null
1749517.2833,5914099.079,833608,,511302,0,,0,2,,South,2025/2026,RATA STREET,KAPONGA CRESCENT,,Non-Injury Crash,No,2025,,South,,0,,Null,,,,,,Twilight,268800,0,0,0,4,,,0,,,,,,Auckland Region,Nil,2-way,Sealed,,0,0,,50,,Null,0,0,,76,Auckland,Nil,,,,,0,0,Urban,0,,,Light rain,Null
1770473.8088,5904581.051,833616,,523820,0,,0,1,,Null,2025/2026,MURPHYS ROAD,REDOUBT ROAD,,Minor Crash,No,2025,,South,,0,,Hill Road,,,,,,Bright sun,760000,1,0,0,2,,,0,,,,,,Auckland Region,Nil,2-way,Sealed,,0,0,,60,,Off,0,0,,76,Auckland,Stop,,,,,0,0,Urban,1,,,Fine,Null
1771109.5433,5887826.5864,833624,,521122,0,,0,0,,North,2025/2026,BURTT ROAD,SOLITAIRE LANE,,Non-Injury Crash,No,2025,,South,,0,,Flat,,,,,,Overcast,813400,0,0,0,2,,,0,,,,,,Auckland Region,Nil,2-way,Sealed,,0,0,,80,,Off,0,0,,76,Auckland,Nil,,,,,0,0,Open,1,,,Fine,Strong wind
1760899.4215,5911872.5529,833634,,520000,0,,0,2,,East,2024/2025,NEILSON STREET,ANGLE STREET,,Non-Injury Crash,No,2025,,West,,0,,Null,,,,,,Bright sun,608000,0,0,0,2,,,0,,,,,,Auckland Region,Nil,2-way,Sealed,,0,0,,50,,Null,0,0,,76,Auckland,Nil,,,,,0,0,Urban,0,,,Fine,Null
1759923.7548,5886307.7665,833642,,521122,0,,0,0,,Null,2024/2025,KINGSEAT ROAD,WAIAU PA ROAD,,Non-Injury Crash,No,2024,,North,,0,,Hill Road,,,,,,Bright sun,810800,0,0,0,2,,,0,,,,,,Auckland Region,Nil,2-way,Sealed,,0,0,,80,,Off,2,0,,76,Auckland,Stop,,,,,0,0,Open,0,,,Fine,Null
1745972.3045,5915091.8822,833658,,511800,0,0,0,2,0,Null,2025/2026,SUNNYSIDE ROAD,MCKINLEY ROAD,,Non-Injury Crash,No,2025,0,East,0,0,0,Flat,0,,0,,1,Dark,277500,0,0,0,2,0,0,0,0,0,,0,0,Auckland Region,Nil,2-way,Sealed,0,0,0,0,50,0,On,0,0,,76,Auckland,Give way,0,0,0,0,0,0,Urban,0,0,0,Fine,Null
1737393.4141,5917499.5439,833680,,513702,0,,0,1,,Null,2024/2025,SCENIC DRIVE NORTH,TE HENGA ROAD,,Non-Injury Crash,No,2025,,West,,0,,Null,,,,,,Unknown,237205,0,0,0,2,,,0,,,,,,Auckland Region,Nil,2-way,Null,,0,0,,60,,Null,0,0,,76,Auckland,Give way,,,,,0,0,Urban,0,,,Null,Null
1754360.6682,5914085.0217,833682,,518802,1,,0,1,,East,2025/2026,STODDARD ROAD,TORY STREET,,Non-Injury Crash,No,2025,,East,,0,,Flat,,,,,,Bright sun,579000,0,0,0,2,,,0,,,,,,Auckland Region,Nil,2-way,Sealed,,0,0,,50,,Off,0,0,,76,Auckland,Nil,,,,,0,0,Urban,0,,,Fine,Null
1751018.9874,5914279.7613,833688,,514402,0,,0,2,,Null,2024/2025,ARRAN STREET,ALANBROOKE CRESCENT,,Non-Injury Crash,No,2025,,North,,0,,Null,,,,,,Unknown,381500,0,0,0,2,,,0,,,,,,Auckland Region,Nil,2-way,Sealed,,0,0,,50,,Null,0,0,,76,Auckland,Nil,,,,,0,0,Urban,0,,,Fine,Null
1747179.1263,5921915.2992,833704,,512201,0,0,0,2,0,North,2025/2026,TE ATATU ROAD,CLINTON AVENUE,,Non-Injury Crash,No,2025,0,South,0,0,0,Flat,0,,0,,1,Dark,247600,0,0,0,2,0,0,0,0,1,,0,0,Auckland Region,Nil,2-way,Sealed,0,0,0,0,50,0,On,0,0,,76,Auckland,Nil,0,0,0,0,0,0,Urban,1,0,0,Fine,Null
1745603.13,5919150.0083,833705,,513302,0,,0,2,,Null,2022/2023,TE PAI PLACE,WAIPAREIRA AVENUE,,Minor Crash,No,2023,,West,,0,,Flat,,,,,,Overcast,230702,1,0,0,2,,,0,,,,,,Auckland Region,Nil,2-way,Sealed,,0,0,,50,,Off,0,0,,76,Auckland,Give way,,,,,0,0,Urban,0,,,Heavy rain,Null
1772829.7708,5897097.2987,833714,,525630,0,0,0,0,0,Null,2024/2025,ARIMU ROAD,VIEW ROAD,,Non-Injury Crash,No,2025,0,East,0,0,0,Flat,0,,0,,0,Bright sun,794000,0,0,0,2,0,0,0,0,0,,0,1,Auckland Region,Nil,2-way,Sealed,0,0,0,0,50,0,Off,1,0,,76,Auckland,Stop,0,0,0,0,0,0,Urban,0,0,0,Fine,Null
1756233.0957,5920853.2844,833720,,515202,0,0,0,1,0,South,2024/2025,NORTHERN MOTORWAY,FANSHAWE STREET ON RAMP,,Non-Injury Crash,Yes,2025,0,North,0,0,0,Flat,1,,0,,0,Dark,426101,0,0,0,3,0,0,0,0,0,,0,0,Auckland Region,Tunnel,1-way,Sealed,0,0,0,0,80,0,On,0,0,,76,Auckland,Nil,0,0,0,0,0,0,Open,0,0,0,Fine,Null
1757976.4037,5919818.4479,833728,,514301,0,,0,2,,Null,2024/2025,STANLEY STREET OFF RAMP,STANLEY STREET,,Non-Injury Crash,No,2025,,South,,0,,Flat,,,,,,Overcast,440300,0,0,0,1,,,0,,,,,,Auckland Region,Nil,1-way,Sealed,,0,0,,50,,Off,0,0,,76,Auckland,Give way,,,,,0,0,Urban,0,,,Fine,Null
1774046.6567,5887359.8419,833730,,521132,0,,0,1,,Null,2024/2025,ARARIMU ROAD,GREAT SOUTH ROAD,,Minor Crash,No,2025,,West,,0,,Hill Road,,,,,,Dark,814003,1,0,0,2,,,0,,,,,,Auckland Region,Nil,2-way,Sealed,,0,0,,80,,Off,0,0,,76,Auckland,Give way,,,,,0,1,Open,0,,,Fine,Null
1765794.8519,5906649.557,833737,,522202,0,,0,2,,Null,2024/2025,GREAT SOUTH ROAD,BUTLER AVENUE,,Non-Injury Crash,No,2025,,North,,0,,Flat,,,,,,Overcast,663800,0,0,0,4,,,0,,,,,,Auckland Region,Nil,2-way,Sealed,,0,0,,50,,Off,0,0,,76,Auckland,Stop,,,,,0,0,Urban,0,,,Fine,Null
1745131.9444,5919200.7219,833739,,513301,0,0,0,2,0,Null,2022/2023,POMARIA ROAD,STEPHEN AVENUE,,Minor Crash,No,2023,0,West,0,0,1,Flat,0,,0,,0,Bright sun,232003,1,0,0,2,0,0,0,0,0,,0,0,Auckland Region,Nil,2-way,Sealed,0,0,0,0,50,0,Off,0,0,,76,Auckland,Stop,0,0,0,1,0,0,Urban,1,0,0,Fine,Null
1770685.6363,5907993.8401,833743,,523115,0,0,0,2,0,South,2025/2026,KENSWAY DRIVE,PLANTATION AVENUE,,Non-Injury Crash,No,2025,0,South,0,0,0,Flat,0,,0,,0,Dark,712122,0,0,0,2,0,0,0,0,1,,0,0,Auckland Region,Nil,2-way,Sealed,0,0,0,0,30,0,On,0,0,,76,Auckland,Nil,0,0,0,0,0,0,Urban,0,0,0,Fine,Null
1757369.7564,5920523.9523,833748,,514102,0,0,0,1,0,East,2022/2023,DURHAM STREET WEST,DURHAM LANE,,Non-Injury Crash,No,2023,0,West,0,0,0,Flat,0,,0,,0,Bright sun,433600,0,0,0,1,0,0,0,0,1,,0,0,Auckland Region,Nil,1-way,Sealed,0,0,0,0,30,0,Off,0,0,,76,Auckland,Nil,0,0,0,0,1,0,Urban,0,0,0,Fine,Null
1769396.1814,5879496.7633,833751,,525922,0,0,0,2,0,West,2024/2025,KITCHENER ROAD,MANUKAU ROAD,,Non-Injury Crash,No,2025,0,East,0,0,0,Flat,0,,0,,0,Overcast,823700,0,0,0,1,0,0,0,0,1,,0,0,Auckland Region,Nil,2-way,Sealed,0,0,0,0,50,0,None,0,0,,76,Auckland,Nil,0,0,0,0,0,0,Urban,0,0,0,Light rain,Null
1763773.4792,5917599.0076,833756,,516302,0,,0,2,,East,2022/2023,ST JOHNS ROAD,TRUMAN STREET,,Non-Injury Crash,No,2023,,East,,0,,Hill Road,,,,,,Dark,462601,0,0,0,2,,,0,,,,,,Auckland Region,Nil,2-way,Sealed,,0,0,,50,,On,0,0,,76,Auckland,Nil,,,,,0,0,Urban,0,,,Fine,Null
1769048.4114,5900022.2366,833759,,525002,0,0,0,1,0,South,2024/2025,CHRISTMAS ROAD,OLIVE STREET,,Non-Injury Crash,No,2025,0,South,0,0,0,Hill Road,0,,0,,0,Bright sun,753500,0,0,0,2,0,0,0,0,1,,0,0,Auckland Region,Nil,2-way,Sealed,0,0,0,0,30,0,Off,0,0,,76,Auckland,Nil,0,0,0,0,1,0,Urban,1,0,0,Fine,Null
1759521.0796,5916383.6375,833778,,516002,0,,0,1,,South,2022/2023,SOUTHERN MOTORWAY,OMAHU OBR,,Minor Crash,Yes,2023,,South,,0,,Flat,,,,,,Dark,492000,1,0,1,4,,,0,,,,,,Auckland Region,Motorway ramp,1-way,Sealed,,0,0,,100,,On,0,0,,76,Auckland,Nil,,,,,0,0,Open,0,,,Fine,Null
1751620.7916,5913423.6114,833790,,514600,0,0,0,0,0,Null,2025/2026,BLOCKHOUSE BAY ROAD,MATATA STREET,,Non-Injury Crash,No,2025,0,South,0,0,1,Hill Road,0,,0,,0,Bright sun,372400,0,0,0,2,0,0,0,0,0,,0,1,Auckland Region,Nil,2-way,Sealed,0,0,0,0,50,0,Off,0,0,,76,Auckland,Give way,0,0,0,0,0,0,Urban,1,0,0,Fine,Null
1760849.3921,5915336.491,833806,,520201,0,,0,2,,South,2024/2025,SOUTHERN MOTORWAY,WALPOLE OBR,,Minor Crash,Yes,2025,,North,,0,,Flat,,,,,,Dark,613000,1,0,0,4,,,0,,,,,,Auckland Region,Nil,1-way,Sealed,,0,0,,100,,On,0,0,,76,Auckland,Nil,,,,,0,0,Open,0,,,Fine,Null
1763984.6037,5917239.6309,833808,,516302,0,,0,2,,Null,2024/2025,NORMAN LESSER DRIVE,PANAPA DRIVE,,Non-Injury Crash,No,2025,,South,,0,,Flat,,,,,,Dark,462822,0,0,0,2,,,0,,,,,,Auckland Region,Nil,2-way,Sealed,,0,0,,50,,On,0,0,,76,Auckland,Give way,,,,,0,0,Urban,0,,,Fine,Null
1759588.5429,5912729.6367,833810,,520000,0,,0,1,,Null,2022/2023,GREY STREET,VICTORIA STREET,,Minor Crash,No,2023,,South,,0,,Flat,,,,,,Dark,605900,1,0,0,2,,,0,,,,,,Auckland Region,Nil,2-way,Sealed,,0,0,,50,,On,1,0,,76,Auckland,Stop,,,,,0,0,Urban,0,,,Heavy rain,Null
1736483.3897,5983526.7053,833814,,505300,0,,0,2,,North,2024/2025,RODNEY STREET,SCHOOL ROAD,,Non-Injury Crash,Yes,2025,,North,,0,,Hill Road,,,,,,Overcast,142300,0,0,0,2,,,0,,,,,,Auckland Region,Nil,2-way,Sealed,,0,0,,70,,None,0,0,,76,Auckland,Nil,,,,,0,0,Urban,0,,,Light rain,Null
1761866.2052,5882396.8972,833816,,521121,0,0,0,1,0,North,2024/2025,MAUKU ROAD,DAY ROAD,,Non-Injury Crash,No,2025,0,East,0,0,0,Flat,0,,0,,0,Dark,811700,0,0,0,2,0,0,0,0,0,,0,0,Auckland Region,Nil,2-way,Sealed,0,0,0,0,60,1,On,0,0,,76,Auckland,Nil,0,0,0,0,0,0,Urban,0,0,0,Null,Null
1758971.6317,5917068.6788,833832,,516001,0,,0,0,,South,2024/2025,MARKET ROAD OFF RAMP,SOUTHERN MOTORWAY,,Non-Injury Crash,No,2025,,South,,0,,Flat,,,,,,Bright sun,491200,0,0,1,2,,,0,,,,,,Auckland Region,Motorway ramp,1-way,Sealed,,0,0,,50,,Null,0,0,,76,Auckland,Nil,,,,,0,0,Urban,0,,,Fine,Null
1754512.4781,5930844.7182,833846,,508420,0,,0,1,,South,2024/2025,NORTHERN MOTORWAY,UPPER HARBOUR HWY OFF RAMP,,Non-Injury Crash,Yes,2025,,North,,0,,Hill Road,,,,,,Overcast,182008,0,0,0,3,,,0,,,,,,Auckland Region,Nil,1-way,Sealed,,0,0,,100,,Off,0,0,,76,Auckland,Nil,,,,,0,0,Open,1,,,Fine,Null
1760860.2511,5915086.8358,833848,,520202,0,,0,2,,West,2024/2025,MAIN HIGHWAY,HUDSON STREET,,Non-Injury Crash,No,2025,,West,,0,,Flat,,,,,,Overcast,613400,0,0,0,2,,,0,,,,,,Auckland Region,Nil,2-way,Sealed,,0,0,,50,,Off,0,0,,76,Auckland,Nil,,,,,0,0,Urban,0,,,Fine,Null
1741559.7425,5988997.4362,833855,,506660,0,0,0,1,0,North,2023/2024,WAITEITEI ROAD,POOL ROAD,,Minor Crash,No,2023,0,North,1,0,0,Flat,0,,0,,0,Overcast,136101,1,0,0,2,0,0,0,0,0,,0,0,Auckland Region,Nil,2-way,Sealed,0,0,0,0,100,0,None,0,0,,76,Auckland,Nil,0,1,0,0,0,0,Open,0,0,0,Fine,Null
1765612.6185,5906908.5855,833856,,522301,0,,0,2,,Null,2024/2025,GREAT SOUTH ROAD,KOLMAR ROAD,,Non-Injury Crash,No,2025,,South,,0,,Flat,,,,,,Dark,666800,0,0,0,0,,,0,,,,,,Auckland Region,Nil,Null,Sealed,,0,0,,,,Null,0,0,,76,Auckland,Traffic Signals,,,,,0,0,Urban,0,,,Null,Null
1769224.3163,5882412.5198,833862,,525910,0,,0,0,,Null,2025/2026,CAPE HILL ROAD,ISABELLA DRIVE,,Minor Crash,No,2025,,East,,0,,Hill Road,,,,,,Bright sun,816508,1,0,1,2,,,0,,,,,,Auckland Region,Nil,2-way,Sealed,,0,0,,50,,None,0,0,,76,Auckland,Nil,,,,,0,0,Urban,0,,,Fine,Null
1753889.8024,5913404.7402,833872,,518901,0,0,0,2,0,South,2024/2025,WHITE SWAN ROAD,RICHARDSON ROAD,,Non-Injury Crash,No,2024,0,South,0,0,0,Flat,0,,0,,0,Bright sun,585101,0,0,0,2,0,0,0,0,1,,0,0,Auckland Region,Nil,2-way,Sealed,0,0,0,0,50,0,None,1,0,40,76,Auckland,Nil,0,0,0,0,0,0,Urban,0,0,0,Fine,Null
1756055.461,5931259.1028,833886,,508520,0,,0,3,,South,2024/2025,EAST COAST ROAD,SUNNYNOOK ROAD,,Minor Crash,No,2025,,South,,0,,Hill Road,,,,,,Overcast,148704,2,0,0,2,,,0,,,,,,Auckland Region,Nil,2-way,Sealed,,0,0,,50,,Off,0,0,,76,Auckland,Nil,,,,,0,0,Urban,2,,,Fine,Null
1751617.5656,5913538.163,833895,,514600,0,0,0,2,0,Null,2024/2025,BLOCKHOUSE BAY ROAD,FRAN ANDREWS DRIVE,,Non-Injury Crash,No,2025,0,North,0,0,0,Flat,0,,0,,0,Dark,372400,0,0,0,2,0,0,0,0,1,,0,0,Auckland Region,Nil,2-way,Sealed,0,0,0,0,50,0,On,0,0,40,76,Auckland,Nil,0,0,0,0,0,0,Urban,0,0,0,Fine,Null
1766250.1044,5907531.9235,833901,,523402,0,,0,1,,North,2025/2026,SOUTHERN MOTORWAY,EAST TAMAKI OBR,,Non-Injury Crash,Yes,2025,,South,,0,,Flat,,,,,,Overcast,699300,0,0,0,3,,,0,,,,,,Auckland Region,Underpass,1-way,Sealed,,0,0,,100,,Off,0,0,,76,Auckland,Nil,,,,,1,0,Open,0,,,Fine,Null
1757426.1705,5920156.8814,833902,,514103,0,,0,0,,Null,2022/2023,WELLESLEY STREET EAST,KITCHENER STREET,,Non-Injury Crash,No,2023,,South,,0,,Hill Road,,,,,,Bright sun,437102,0,0,0,2,,,0,,,,,,Auckland Region,Nil,1-way,Sealed,,0,0,,30,,Off,2,0,,76,Auckland,Traffic Signals,,,,,0,0,Urban,0,,,Fine,Null
1755392.6058,5920527.8222,833903,,515302,0,0,0,1,0,Null,2024/2025,REDMOND STREET,POMPALLIER TERRACE,,Non-Injury Crash,No,2025,0,North,0,0,0,Flat,0,,0,,0,Overcast,429400,0,0,0,1,0,0,0,0,0,,0,1,Auckland Region,Nil,1-way,Sealed,0,0,0,0,30,0,None,0,0,,76,Auckland,Give way,0,0,0,0,0,0,Urban,0,0,0,Fine,Null
1759044.7956,5917526.4988,833909,,516101,0,,0,0,,West,2025/2026,REMUERA ROAD,REMUERA ROAD,,Minor Crash,No,2025,,South,,0,,Flat,,,,,,Bright sun,481600,1,0,0,4,,,0,,,1,,,Auckland Region,Nil,2-way,Sealed,,0,0,,50,,Off,1,0,,76,Auckland,Nil,,,,,0,0,Urban,0,,,Fine,Null
1761688.8908,5906819.7614,833911,,524520,1,,0,1,,Null,2025/2026,ROBERTSON ROAD,JACQUELINE PLACE,,Minor Crash,No,2025,,West,,0,,Flat,,,,,,Bright sun,736200,1,0,0,2,,,0,,,,,,Auckland Region,Nil,2-way,Sealed,,0,0,,50,,None,0,0,,76,Auckland,Give way,,,,,0,0,Urban,0,,,Fine,Null
1772331.7562,5895248.5876,833926,,525530,0,0,0,4,0,North,2025/2026,BEACH ROAD,VANNI LANE,,Non-Injury Crash,No,2025,0,North,0,0,0,Flat,0,,0,,0,Dark,804701,0,0,0,2,0,0,0,0,3,,0,0,Auckland Region,Nil,2-way,Sealed,0,0,0,0,50,0,On,0,0,,76,Auckland,Nil,0,0,0,0,0,0,Urban,0,0,0,Fine,Null
1760788.8822,5917509.8369,833957,,516202,0,0,0,1,1,East,2022/2023,KOMARU STREET,ORAKEI ROAD,,Minor Crash,No,2023,0,West,0,0,0,Hill Road,0,,0,,0,Bright sun,489100,1,0,0,2,0,0,0,0,0,,0,0,Auckland Region,Nil,2-way,Sealed,0,0,0,0,50,0,Off,0,0,,76,Auckland,Nil,0,0,0,1,0,0,Urban,0,0,0,Fine,Null
1745228.9102,5919096.2638,833964,,513302,0,,0,2,,North,2024/2025,LINCOLN ROAD,MOSELLE AVENUE,,Non-Injury Crash,No,2025,,North,,0,,Flat,,Queens Birthday,,,,Dark,232205,0,0,0,4,,,0,,,,,,Auckland Region,Nil,2-way,Sealed,,0,0,,50,,On,0,0,,76,Auckland,Nil,,,,,0,0,Urban,0,,,Fine,Null
1756593.1816,5912676.2961,833974,,518702,0,,0,1,,South,2024/2025,HILLSBOROUGH ROAD,HENDRY AVE,,Non-Injury Crash,No,2025,,North,,0,,Flat,,,,,,Overcast,570600,0,0,0,4,,,0,,,,,,Auckland Region,Nil,2-way,Sealed,,0,0,,50,,Null,0,0,,76,Auckland,Nil,,,,,0,0,Urban,1,,,Fine,Null
1746638.1641,5919248.5324,833980,,512402,0,0,0,2,0,South,2024/2025,FLANSHAW ROAD,AMBERLEY AVENUE,,Non-Injury Crash,No,2025,0,South,0,0,0,Hill Road,0,,0,,0,Dark,252600,0,0,0,2,0,0,0,0,1,,0,0,Auckland Region,Speed hump,2-way,Sealed,0,0,0,0,50,0,On,0,0,,76,Auckland,Nil,0,0,0,0,0,0,Urban,0,0,0,Fine,Null
1768133.4495,5902656.7136,833985,,524602,0,,0,2,,North,2022/2023,GREAT SOUTH ROAD,SAGAR LANE,,Minor Crash,No,2023,,South,,0,,Flat,,,,,,Overcast,780407,1,0,0,4,,,0,,,,,,Auckland Region,Nil,2-way,Sealed,,0,0,,60,,Off,0,0,,76,Auckland,Nil,,,,,0,0,Urban,0,,,Heavy rain,Strong wind
1755590.2515,5917924.7197,833988,,517500,0,0,0,2,0,East,2024/2025,NEW NORTH ROAD,CENTRAL ROAD,,Non-Injury Crash,No,2024,0,East,0,0,0,Flat,0,,0,,0,Bright sun,529800,0,0,0,4,0,0,0,0,1,,0,0,Auckland Region,Nil,2-way,Sealed,0,0,0,0,50,0,Off,0,0,,76,Auckland,Nil,0,0,0,0,0,0,Urban,0,0,0,Fine,Null
1739037.9448,5931072.282,834014,,505604,0,0,0,0,1,East,2025/2026,OLD NORTH ROAD,PINETONE ROAD,,Minor Crash,No,2025,0,West,0,0,0,Flat,0,,0,,0,Overcast,213800,1,0,0,2,0,0,0,0,0,,0,0,Auckland Region,Nil,2-way,Sealed,0,0,0,0,80,0,None,0,0,,76,Auckland,Nil,0,0,0,0,1,0,Open,0,0,0,Light rain,Null
1756333.4439,5919075.5516,834022,,515500,0,,0,1,,Null,2025/2026,NEWTON ROAD OFF RAMP,NEWTON ROAD,,Non-Injury Crash,No,2025,,North,,0,,Hill Road,,,,,,Bright sun,417600,0,0,0,4,,,0,,,,,,Auckland Region,Motorway ramp,2-way,Sealed,,0,0,,50,,Null,0,0,,76,Auckland,Traffic Signals,,,,,0,0,Urban,0,,,Fine,Null
1763885.8061,5913018.6381,834052,,520500,0,,0,2,,Null,2025/2026,TE KEHU WAY,TE TATA AVENUE,,Non-Injury Crash,No,2025,,South,,0,,Flat,,,,,,Bright sun,637500,0,0,0,2,,,0,,,,,,Auckland Region,Nil,2-way,Sealed,,0,0,,30,,Null,0,0,,76,Auckland,Traffic Signals,,,,,0,0,Urban,0,,,Fine,Null
1754095.19,5914267.4455,834060,,518801,0,0,0,3,0,West,2024/2025,STODDARD ROAD,DENNY AVENUE,,Non-Injury Crash,No,2025,0,East,0,0,0,Flat,0,,0,,0,Dark,578500,0,0,0,2,0,0,0,0,2,,0,0,Auckland Region,Nil,2-way,Sealed,0,0,0,0,50,0,On,0,0,,76,Auckland,Nil,0,0,0,0,0,0,Urban,0,0,0,Light rain,Null