X,Y,OBJECTID,advisorySpeed,areaUnitID,bicycle,bridge,bus,carStationWagon,cliffBank,crashDirectionDescription,crashFinancialYear,crashLocation1,crashLocation2,crashRoadSideRoad,crashSeverity,crashSHDescription,crashYear,debris,directionRoleDescription,ditch,fatalCount,fence,flatHill,guardRail,holiday,houseOrBuilding,intersection,kerb,light,meshblockId,minorInjuryCount,moped,motorcycle,NumberOfLanes,objectThrownOrDropped,otherObject,otherVehicleType,overBank,parkedVehicle,pedestrian,phoneBoxEtc,postOrPole,region,roadCharacter,roadLane,roadSurface,roadworks,schoolBus,seriousInjuryCount,slipOrFlood,speedLimit,strayAnimal,streetLight,suv,taxi,temporarySpeedLimit,tlaId,tlaName,trafficControl,trafficIsland,trafficSign,train,tree,truck,unknownVehicleType,urban,vanOrUtility,vehicle,waterRiver,weatherA,weatherB
1765753.9778,5905745.4204,834094,,522202,0,,0,1,,East,2025/2026,CARRUTH ROAD,CENTRAL AVENUE,,Non-Injury Crash,No,2025,,South,,0,,Null,,,,,,Overcast,665200,0,0,0,2,,,0,,,,,,Auckland Region,Nil,2-way,Sealed,,0,0,,50,,Null,0,0,,76,Auckland,Nil,,,,,0,1,Urban,0,,,Fine,Null
1760604.8529,5915546.4457,834108,,520201,0,,0,4,,North,2025/2026,SOUTHERN MOTORWAY,WALPOLE OBR,,Non-Injury Crash,Yes,2025,,North,,0,,Flat,,,,,,Bright sun,613000,0,0,0,4,,,0,,,,,,Auckland Region,Nil,1-way,Sealed,,0,0,,100,,Off,0,0,,76,Auckland,Nil,,,,,0,0,Open,0,,,Fine,Null
1759686.3414,5916999.5787,834116,,516102,0,,0,2,,Null,2025/2026,REMUERA ROAD,PORTLAND ROAD,,Non-Injury Crash,No,2025,,East,,0,,Flat,,,,,,Bright sun,484900,0,0,0,4,,,0,,,,,,Auckland Region,Nil,2-way,Sealed,,0,0,,50,,Off,0,0,30,76,Auckland,Give way,,,,,0,0,Urban,0,,,Fine,Null
1755972.439,5928051.8815,834132,,507900,0,,0,2,,South,2025/2026,NORTHERN MOTORWAY,WAIRAU OBR,,Minor Crash,Yes,2025,,North,,0,,Flat,,,,,,Overcast,305201,1,0,0,4,,,0,,,,,,Auckland Region,Nil,1-way,Sealed,,0,0,,100,,Off,1,0,,76,Auckland,Nil,,,,,0,0,Open,0,,,Light rain,Null
1767695.1734,5907272.039,834145,,523602,0,0,0,0,0,South,2022/2023,SANDRA AVENUE,CAPSTICK ROAD,,Serious Crash,No,2023,0,North,0,0,0,Flat,0,,0,,0,Overcast,705200,1,0,1,2,0,0,0,0,0,,0,0,Auckland Region,Nil,2-way,Sealed,0,0,1,0,50,0,Off,0,0,,76,Auckland,Nil,0,0,0,1,0,0,Urban,0,0,0,Fine,Null
1760103.0512,5915935.5652,834148,,516002,0,,0,2,,Null,2025/2026,GREEN LANE EAST,GREEN LANE EAST ON RAMP,,Non-Injury Crash,No,2025,,West,,0,,Flat,,,,,,Bright sun,492100,0,0,0,2,,,0,,,,,,Auckland Region,Motorway ramp,2-way,Sealed,,0,0,,50,,Off,0,0,,76,Auckland,Give way,,,,,0,0,Urban,0,,,Fine,Null
1744108.1498,5917777.3701,834164,,513220,0,0,0,2,0,South,2025/2026,ESPALIER DRIVE,APPLEBOX LANE,,Non-Injury Crash,No,2025,0,South,0,0,0,Flat,0,,0,,0,Bright sun,236708,0,0,0,2,0,0,0,0,1,,0,0,Auckland Region,Nil,2-way,Sealed,0,0,0,0,50,0,Off,0,0,,76,Auckland,Nil,0,0,0,0,0,0,Urban,0,0,0,Fine,Null
1764045.84,5917495.2231,834165,,516302,0,,0,2,,West,2023/2024,ST JOHNS ROAD,COLLEGE ROAD,,Minor Crash,No,2023,,East,,0,,Flat,,,,,,Bright sun,462700,1,0,0,2,,,0,,,,,,Auckland Region,Nil,2-way,Sealed,,0,0,,50,,Off,0,0,,76,Auckland,Nil,,,,,0,0,Urban,0,,,Fine,Null
1772240.4818,5896196.2938,834166,,525410,0,,0,2,,Null,2025/2026,ELLIOT STREET,RAY SMALL DRIVE,,Minor Crash,No,2025,,North,,0,,Hill Road,,,,,,Overcast,791801,2,0,0,2,,,0,,,,,,Auckland Region,Nil,2-way,Sealed,,0,0,,50,,None,0,0,40,76,Auckland,Stop,,,,,0,0,Urban,0,,,Light rain,Null
1759877.8139,5906264.7751,834177,,524200,0,,0,1,,Null,2022/2023,MASSEY ROAD,PLUMLEY CRESCENT,,Minor Crash,No,2023,,East,,0,,Hill Road,,,,,,Dark,727902,1,0,0,2,,,0,,,3,,,Auckland Region,Nil,2-way,Sealed,,0,0,,60,,On,0,0,,76,Auckland,Stop,,,,,0,0,Urban,0,,,Fine,Null
1763355.0077,5909285.4226,834188,,521901,0,,1,1,,Null,2025/2026,WALMSLEY ROAD,MARJORIE JAYNE CRESCENT,,Non-Injury Crash,No,2025,,South,,0,,Flat,,,,,,Bright sun,783000,0,0,0,4,,,0,,,,,,Auckland Region,Nil,2-way,Sealed,,0,0,,50,,Off,0,0,,76,Auckland,Give way,,,,,0,0,Urban,0,,,Fine,Null
1764652.5538,5914820.7721,834201,,520303,0,,0,2,,Null,2022/2023,ELLERSLIE-PANMURE HIGHWAY,FORGE WAY,,Minor Crash,No,2023,,West,,0,,Flat,,Queens Birthday,,,,Bright sun,627400,1,0,0,5,,,0,,,,,,Auckland Region,Nil,2-way,Sealed,,0,0,,50,,Off,0,0,,76,Auckland,Traffic Signals,,,,,0,0,Urban,0,,,Fine,Null
1751888.5177,5938947.2343,834213,,506300,0,0,0,0,0,Null,2022/2023,EAST COAST ROAD,AWANOHI ROAD,,Minor Crash,No,2023,0,South,0,0,0,Hill Road,1,,0,,0,Overcast,176005,2,0,0,2,0,0,0,0,0,,0,0,Auckland Region,Bridge,2-way,Sealed,0,0,0,0,80,0,Off,0,0,,76,Auckland,Stop,0,0,0,0,0,0,Open,1,0,0,Light rain,Null
1751935.1025,5912423.7864,834214,,514700,0,,0,1,,Null,2025/2026,DONOVAN STREET,RATHLIN STREET,,Minor Crash,No,2025,,East,,0,,Flat,,,,,,Bright sun,368700,1,1,0,2,,,0,,,,,,Auckland Region,Nil,2-way,Sealed,,0,0,,50,,Off,0,0,,76,Auckland,Nil,,,,,0,0,Urban,0,,,Fine,Null
1752368.2947,5914741.5157,834220,,514500,0,0,0,2,0,South,2024/2025,METHUEN ROAD,CONDLIFFE PLACE,,Non-Injury Crash,No,2024,0,West,0,0,0,Null,0,,0,,0,Dark,378001,0,0,0,2,0,0,0,0,1,,0,0,Auckland Region,Nil,2-way,Sealed,0,0,0,0,50,0,On,0,0,,76,Auckland,Nil,0,0,0,0,0,0,Urban,0,0,0,Fine,Null
1755362.6107,5921964.8017,834222,,515202,0,,0,0,,South,2024/2025,NORTHERN MOTORWAY,HARBOUR BR S,,Non-Injury Crash,Yes,2024,,North,,0,,Hill Road,,Christmas New Year,,,,Overcast,423600,0,0,0,3,,,0,,,,,,Auckland Region,Bridge,1-way,Sealed,,0,0,,80,,Off,1,0,,76,Auckland,Nil,,,,,0,0,Open,1,,,Fine,Null
1755038.636,5919824.4236,834254,15,515301,1,,0,1,,Null,2025/2026,LINCOLN STREET,JOHN STREET,,Non-Injury Crash,No,2025,,West,,0,,Flat,,,,,,Overcast,428600,0,0,0,2,,,0,,,,,,Auckland Region,Nil,2-way,Sealed,,0,0,,40,,On,0,0,,76,Auckland,Nil,,,,,0,0,Urban,0,,,Fine,None
1756544.5221,5926902.0824,834267,,507900,0,0,0,1,0,South,2024/2025,NORTHCOTE ROAD ON RAMP,NORTHCOTE ROAD,,Non-Injury Crash,No,2024,0,South,0,0,0,Flat,1,,0,,0,Overcast,303502,0,0,0,3,0,0,0,0,0,,0,0,Auckland Region,Motorway ramp,1-way,Sealed,0,0,0,0,100,0,Off,0,0,,76,Auckland,Nil,0,0,0,0,1,0,Open,0,0,0,Fine,Null
1756253.7103,5913197.8708,834275,,518701,0,,0,1,,Null,2024/2025,CARR ROAD,HAYR ROAD,,Non-Injury Crash,No,2024,,East,,0,,Null,,,,,,Unknown,569600,0,0,0,2,,,0,,,,,,Auckland Region,Nil,2-way,Sealed,,0,0,,50,,Null,0,0,,76,Auckland,Give way,,,,,0,0,Urban,1,,,Null,Null
1755151.2064,5931524.9449,834277,,508520,0,0,0,2,0,East,2024/2025,SUNSET ROAD,JUNIPER ROAD,,Non-Injury Crash,No,2025,0,South,0,0,1,Flat,0,,0,,0,Dark,189703,0,0,0,2,0,0,0,0,1,,0,0,Auckland Region,Nil,2-way,Sealed,0,0,0,0,50,0,On,0,0,,76,Auckland,Nil,0,0,0,0,0,0,Urban,0,0,0,Light rain,Null
1762255.051,5913550.4103,834279,,520402,0,0,0,1,0,South,2022/2023,SOUTHERN MOTORWAY,PENROSE OBR,,Minor Crash,Yes,2023,0,South,0,0,0,Flat,1,,0,,0,Overcast,642200,1,0,0,3,0,0,0,0,0,,0,0,Auckland Region,Nil,1-way,Sealed,0,0,0,0,100,0,Off,0,0,,76,Auckland,Nil,0,0,0,0,0,0,Open,0,0,0,Heavy rain,Strong wind
1759399.6994,5907729.6926,834301,,524122,0,0,0,1,0,Null,2024/2025,VALIANT STREET,VICKERS CRESCENT,,Non-Injury Crash,No,2024,0,North,0,0,0,Flat,0,,0,,0,Bright sun,737901,0,0,0,2,0,0,0,0,0,,0,1,Auckland Region,Nil,2-way,Sealed,0,0,0,0,50,0,Null,0,0,,76,Auckland,Nil,0,0,0,0,0,0,Urban,0,0,0,Fine,Null
1751447.4608,5912656.6649,834323,,514700,0,0,0,0,0,South,2025/2026,TAYLOR STREET,BOLTON STREET,,Non-Injury Crash,No,2025,0,North,0,0,0,Hill Road,0,,0,,0,Bright sun,369900,0,0,0,2,0,0,0,0,1,,0,0,Auckland Region,Nil,2-way,Sealed,0,0,0,0,50,0,Off,0,0,,76,Auckland,Nil,0,0,0,0,0,0,Urban,2,0,0,Fine,Null
1766672.7801,5910249.4467,834331,,523112,0,,0,1,,Null,2024/2025,SIR WOOLF FISHER DRIVE,EL KOBAR DRIVE,,Non-Injury Crash,No,2025,,West,,0,,Null,,,,,,Bright sun,711301,0,0,0,2,,,0,,,,,,Auckland Region,Nil,2-way,Sealed,,0,0,,50,,Null,0,0,,76,Auckland,Give way,,,,,0,0,Urban,1,,,Light rain,Null
1755848.4455,5931171.4406,834333,,508520,0,,0,1,,North,2025/2026,SUNNYNOOK ROAD,TOBAGO PLACE,,Serious Crash,No,2025,,North,,0,,Flat,,,,,,Bright sun,190100,0,0,0,2,,,0,,,1,,,Auckland Region,Nil,2-way,Sealed,,0,1,,50,,Off,0,0,,76,Auckland,Nil,,,,,0,0,Urban,0,,,Fine,Null
1745512.9425,5922573.1131,834339,,513530,0,0,0,3,0,West,2025/2026,ROYAL ROAD,GRANVILLE DRIVE,,Non-Injury Crash,No,2026,0,West,0,0,0,Flat,0,,0,,0,Dark,224418,0,0,0,2,0,0,0,0,1,,0,0,Auckland Region,Nil,2-way,Sealed,0,0,0,0,50,0,On,0,0,,76,Auckland,Nil,0,0,0,0,0,0,Urban,0,0,0,Fine,Null
1751373.6488,5929970.0266,834355,,509100,0,,0,1,,South,2024/2025,UPPER HARBOUR MOTORWAY,ALBANY HIGHWAY OFF RAMP,,Non-Injury Crash,Yes,2025,,North,,0,,Flat,,,,,,Dark,181110,0,0,0,2,,,0,,,,,,Auckland Region,Nil,1-way,Sealed,,0,0,,100,,On,0,0,,76,Auckland,Nil,,,,,0,0,Open,1,,,Light rain,Null
1756626.8682,5920860.2983,834357,,514101,0,,0,0,,South,2025/2026,HALSEY STREET,VIADUCT HARBOUR AVENUE,,Minor Crash,No,2025,,South,,0,,Flat,,,,,,Overcast,432400,1,0,0,2,,,0,,,1,,,Auckland Region,Nil,2-way,Sealed,,0,0,,30,,Off,1,0,20,76,Auckland,Nil,,,,,0,0,Urban,0,,,Fine,Null
1770929.5705,5905354.6954,834365,,523713,0,,0,2,,Null,2025/2026,MURPHYS ROAD,MURPHYS PARK DRIVE,,Minor Crash,No,2025,,South,,0,,Flat,,,,,,Overcast,713501,2,0,0,2,,,0,,,,,,Auckland Region,Nil,2-way,Sealed,,0,0,,60,,Off,0,0,,76,Auckland,Give way,,,,,0,0,Urban,0,,,Fine,Null
1743532.3613,5923806.7754,834427,,513410,0,,0,1,,Null,2025/2026,FRED TAYLOR DRIVE,TAWHIA DRIVE,,Minor Crash,No,2025,,East,,0,,Flat,,,,,,Overcast,224000,1,0,0,2,,,0,,,1,,,Auckland Region,Nil,2-way,Sealed,,0,0,,50,,Off,0,0,,76,Auckland,Traffic Signals,,,,,0,0,Urban,0,,,Heavy rain,Null
1755662.6402,5921963.2116,834435,,515202,0,,0,0,,East,2024/2025,WESTHAVEN DRIVE,CURRAN STREET,,Non-Injury Crash,No,2024,,West,,0,,Flat,,,,,,Bright sun,423600,0,0,0,2,,,0,,,,,,Auckland Region,Nil,2-way,Sealed,,0,0,,30,,None,1,0,,76,Auckland,Traffic Signals,,,,,0,0,Urban,0,,,Fine,None
1759871.2525,5903650.7916,834459,,524200,0,,0,2,,Null,2024/2025,TOM PEARCE DRIVE,UENUKU WAY,,Non-Injury Crash,No,2025,,North,,0,,Flat,,,,,,Bright sun,727200,0,0,0,3,,,0,,,,,,Auckland Region,Nil,2-way,Sealed,,0,0,,50,,Off,0,1,,76,Auckland,Nil,,,,,0,0,Urban,0,,,Fine,Null
1769390.8231,5916260.7639,834461,,522730,1,,0,1,,Null,2025/2026,PIGEON MOUNTAIN ROAD,SUNDERLANDS ROAD,,Minor Crash,No,2025,,North,,0,,Hill Road,,,,,,Bright sun,679200,1,0,0,2,,,0,,,,,,Auckland Region,Nil,2-way,Sealed,,0,0,,50,,Off,0,0,,76,Auckland,Give way,,,,,0,0,Urban,0,,,Fine,Frost
1750999.3231,5946642.1963,834475,,506001,0,,0,2,,West,2025/2026,WHANGAPARAOA ROAD,TE AWA PLACE,,Minor Crash,No,2025,,East,,0,,Hill Road,,,,,,Overcast,175501,2,0,0,2,,,0,,,,,,Auckland Region,Nil,2-way,Sealed,,0,0,,50,,Off,0,0,,76,Auckland,Nil,,,,,0,0,Urban,0,,,Fine,Null
1745739.4593,5917223.7666,834481,,510800,0,,0,3,,Null,2022/2023,GREAT NORTH ROAD,EDSEL STREET,,Minor Crash,No,2023,,West,,0,,Flat,,,,,,Dark,243300,2,0,0,5,,,0,,,,,,Auckland Region,Nil,2-way,Sealed,,0,0,,50,,On,0,1,,76,Auckland,Traffic Signals,,,,,0,0,Urban,0,,,Fine,Null
1767227.5142,5902041.4147,834483,,524720,0,0,0,1,0,East,2025/2026,BROWNS ROAD,JELLICOE ROAD,,Non-Injury Crash,No,2025,0,East,0,0,1,Flat,0,,0,,0,Dark,779700,0,0,0,2,0,0,0,0,0,1,0,0,Auckland Region,Nil,2-way,Sealed,0,0,0,0,50,0,On,0,0,,76,Auckland,Nil,0,0,0,0,0,0,Urban,0,0,0,Fine,Null
1751189.6248,5915020.1203,834493,,514402,1,,0,1,,Null,2025/2026,ST GEORGES ROAD,ST JUDE STREET,,Minor Crash,No,2025,,North,,0,,Hill Road,,,,,,Overcast,381200,1,0,0,2,,,0,,,,,,Auckland Region,Nil,1-way,Sealed,,0,0,,50,,Off,0,0,,76,Auckland,Give way,,,,,0,0,Urban,0,,,Fine,Null
1767828.1544,5906461.6947,834507,,523711,0,0,0,1,0,North,2025/2026,PRESTON ROAD,RAPSON ROAD,,Non-Injury Crash,No,2025,0,North,0,0,0,Flat,0,,0,,0,Dark,714600,0,0,0,2,0,0,0,0,1,,0,0,Auckland Region,Nil,2-way,Sealed,0,0,0,0,50,0,On,0,0,30,76,Auckland,Nil,0,0,0,0,0,0,Urban,1,0,0,Fine,Frost
1760394.8373,5915716.8886,834515,,516003,0,0,0,1,0,West,2025/2026,SOUTHERN MOTORWAY,GREEN LANE EAST OFF RAMP,,Minor Crash,Yes,2025,0,West,0,0,0,Flat,0,,0,,0,Dark,494902,1,0,0,3,0,0,0,0,0,,0,1,Auckland Region,Nil,1-way,Sealed,0,0,0,0,100,0,On,0,0,,76,Auckland,Nil,0,0,0,0,0,0,Open,0,0,0,Heavy rain,Null
1762655.7996,5917213.5162,834516,,516301,0,,0,2,,Null,2022/2023,REMUERA ROAD,MCFARLAND STREET,,Minor Crash,No,2023,,South,,0,,Flat,,,,,,Bright sun,458700,1,0,0,4,,,0,,,,,,Auckland Region,Nil,2-way,Sealed,,0,0,,50,,Off,0,0,,76,Auckland,Give way,,,,,0,0,Urban,0,,,Fine,Null
1756915.7581,5927275.5939,834517,,507900,0,,0,2,,Null,2024/2025,TAHAROTO ROAD,NGAIO STREET,,Minor Crash,No,2025,,South,,0,,Flat,,,,,,Bright sun,304600,1,0,0,5,,,0,,,,,,Auckland Region,Nil,2-way,Sealed,,0,0,,50,,Off,0,0,,76,Auckland,Give way,,,,,0,0,Urban,0,,,Fine,Null
1769029.7065,5911543.9209,834523,,523107,0,,0,2,,Null,2025/2026,TI RAKAU DRIVE,HARRIS ROAD,,Non-Injury Crash,No,2025,,East,,0,,Null,,,,,,Bright sun,711402,0,0,0,4,,,0,,,,,,Auckland Region,Nil,1-way,Sealed,,0,0,,50,,Null,0,0,,76,Auckland,Traffic Signals,,,,,0,0,Urban,0,,,Fine,Null
1757517.7011,5914745.8949,834524,,518600,0,0,0,2,0,Null,2022/2023,THE DRIVE,PUKEHANA AVENUE,,Non-Injury Crash,No,2023,0,North,0,0,0,Hill Road,0,,0,,0,Overcast,565600,0,0,0,2,0,0,0,0,1,,0,0,Auckland Region,Nil,2-way,Sealed,0,0,0,0,50,0,Off,0,0,,76,Auckland,Give way,0,0,0,0,0,0,Urban,0,0,0,Light rain,Null
1772678.1795,5894932.9211,834553,,525520,0,,0,0,,Null,2022/2023,GREAT SOUTH ROAD,ROSEHILL DRIVE,,Minor Crash,No,2023,,South,,0,,Flat,,,,,,Bright sun,801901,1,0,0,2,,,0,,,1,,,Auckland Region,Nil,2-way,Sealed,,0,0,,50,,Off,0,0,,76,Auckland,Give way,,,,,0,0,Urban,0,,,Fine,Null
1759761.2894,5924692.9765,834562,,508110,1,,0,1,,Null,2025/2026,LAKE ROAD,MONTGOMERY AVENUE,,Serious Crash,No,2026,,South,,0,,Hill Road,,,,,,Bright sun,318000,0,0,0,2,,,0,,,,,,Auckland Region,Nil,2-way,Sealed,,0,1,,50,,Off,0,0,,76,Auckland,Give way,,,,,0,0,Urban,0,,,Fine,Null
1752324.5205,5915959.6234,834567,,517902,0,,0,1,,South,2023/2024,NEW NORTH ROAD,RICHARDSON ROAD,,Serious Crash,No,2023,,North,,0,,Flat,,,,,,Twilight,520700,0,0,0,4,,,0,,,1,,,Auckland Region,Nil,2-way,Sealed,,0,1,,50,,Off,0,0,,76,Auckland,Nil,,,,,0,0,Urban,0,,,Fine,Null
1728183.7098,5941696.1168,834577,,506645,0,0,0,1,0,Null,2025/2026,PARAKAI AVENUE,PARKHURST ROAD,,Non-Injury Crash,No,2026,0,South,1,0,0,Flat,0,,0,,0,Dark,210803,0,0,0,2,0,0,0,0,0,,0,0,Auckland Region,Nil,2-way,Sealed,0,0,0,0,50,0,On,0,0,,76,Auckland,Give way,0,0,0,0,0,0,Urban,0,0,0,Light rain,Strong wind
1763110.0048,5908006.3612,834579,,524530,0,,0,1,,Null,2024/2025,MASSEY ROAD,GRAY AVENUE,,Non-Injury Crash,No,2025,,South,,0,,Flat,,,,,,Bright sun,733400,0,0,0,2,,,0,,,,,,Auckland Region,Nil,2-way,Sealed,,0,0,,50,,Off,0,0,,76,Auckland,Traffic Signals,,,,,1,0,Urban,0,,,Fine,Null
1768116.1467,5903829.6403,834598,,524602,0,0,0,1,0,North,2023/2024,AIRPORT OFF RAMP,GREAT SOUTH ROAD OFF RAMP,,Minor Crash,Yes,2023,0,North,0,0,0,Flat,1,,0,,0,Dark,780506,1,0,0,2,0,0,0,0,0,,0,0,Auckland Region,Nil,1-way,Sealed,0,0,0,0,100,0,On,0,0,,76,Auckland,Nil,0,0,0,0,0,0,Open,0,0,0,Fine,Null
1764256.5484,5906213.7056,834611,,524303,0,,0,1,,South,2025/2026,STATION ROAD,SPRING STREET,,Serious Crash,No,2025,,North,,0,,Flat,,,,,,Dark,657500,1,0,0,2,,,0,,,,,,Auckland Region,Nil,2-way,Sealed,,0,2,,50,,On,1,0,,76,Auckland,Nil,,,,,0,0,Urban,0,,,Fine,Null
1752454.1185,5916110.5932,834619,,517903,0,,0,2,,North,2025/2026,NEW NORTH ROAD,WOODWARD ROAD,,Non-Injury Crash,No,2025,,North,,0,,Flat,,,,,,Dark,520400,0,0,0,4,,,0,,,,,,Auckland Region,Nil,2-way,Sealed,,0,0,,50,,On,0,1,,76,Auckland,Nil,,,,,0,0,Urban,0,,,Fine,Null
1764588.3622,5908583.4106,834625,,521802,0,,0,2,,Null,2025/2026,GREAT SOUTH ROAD,CRACROFT STREET,,Non-Injury Crash,No,2025,,South,,0,,Hill Road,,,,,,Overcast,789600,0,0,0,4,,,0,,,,,,Auckland Region,Nil,2-way,Sealed,,0,0,,50,,Off,0,0,,76,Auckland,Stop,,,,,0,0,Urban,0,,,Light rain,Null
1745374.5442,5917009.8847,834635,,510800,0,,1,0,,Null,2025/2026,RAILSIDE AVENUE,RAILSIDE AVENUE,,Non-Injury Crash,No,2025,,East,,0,,Flat,,,,,,Bright sun,242700,0,0,0,2,,,0,,,,,,Auckland Region,Nil,2-way,Sealed,,0,0,,50,,Off,1,0,,76,Auckland,Traffic Signals,,,,,0,0,Urban,0,,,Fine,Null
1745685.1608,5916958.0644,834651,,510800,0,0,0,4,0,South,2025/2026,VITASOVICH AVENUE,BRISCOES CARPARK ENT,,Non-Injury Crash,No,2025,0,South,0,0,0,Flat,0,,0,,0,Overcast,243300,0,0,0,2,0,0,0,0,3,,0,0,Auckland Region,Nil,2-way,Sealed,0,0,0,0,50,0,Off,0,0,,76,Auckland,Nil,0,0,0,0,0,0,Urban,0,0,0,Light rain,Null
1765541.9509,5920102.8897,834659,,516700,0,0,0,1,0,East,2025/2026,TAMAKI DRIVE,MAHEKE STREET,,Non-Injury Crash,No,2025,0,East,0,0,0,Null,0,,0,,0,Bright sun,509200,0,0,0,2,0,0,0,0,1,,0,0,Auckland Region,Nil,2-way,Sealed,0,0,0,0,30,0,Null,0,0,,76,Auckland,Nil,0,0,0,0,0,0,Urban,1,0,0,Fine,Null
1772960.5852,5891199.1062,834683,,521301,0,,0,2,,North,2025/2026,SOUTHERN MOTORWAY,GREAT SOUTH ROAD OFF RAMP,,Non-Injury Crash,Yes,2025,,North,,0,,Flat,,,,,,Overcast,809200,0,0,0,2,,,0,,,,,,Auckland Region,Overpass,1-way,Sealed,,0,0,,100,,Off,0,0,80,76,Auckland,Nil,,,,,0,0,Open,0,,,Light rain,Strong wind
1768079.7734,5882024.7116,834698,,525910,0,0,1,1,0,Null,2025/2026,BEATTY ROAD,WINDMILL ROAD,,Non-Injury Crash,No,2025,0,North,0,0,0,Flat,0,,0,,0,Overcast,819400,0,0,0,2,0,0,0,0,1,,0,0,Auckland Region,Nil,2-way,Sealed,0,0,0,0,50,0,Off,0,0,,76,Auckland,Nil,0,0,0,0,0,0,Urban,0,0,0,Fine,Null
1771548.5099,5897770.2277,834704,,523912,0,,0,2,,South,2025/2026,GREAT SOUTH ROAD,WALTERS ROAD,,Non-Injury Crash,No,2025,,North,,0,,Null,,,,,,Unknown,767808,0,0,0,2,,,0,,,,,,Auckland Region,Nil,2-way,Null,,0,0,,50,,Null,0,0,,76,Auckland,Nil,,,,,0,0,Urban,0,,,Null,Null
1776184.0775,5884344.6253,834706,,521132,0,,0,1,,North,2024/2025,SOUTHERN MOTORWAY,ST STEPHENS OBR,,Non-Injury Crash,Yes,2025,,North,,0,,Flat,,,,,,Dark,814701,0,0,0,2,,,0,,,,,,Auckland Region,Nil,1-way,Sealed,,0,0,,100,,On,0,0,,76,Auckland,Nil,,,,,0,0,Open,1,,,Fine,Null
1770386.3649,5902131.2777,834728,,523814,0,0,0,2,0,West,2025/2026,HILL ROAD,STRATFORD ROAD,,Non-Injury Crash,No,2025,0,East,0,0,0,Flat,0,Christmas New Year,0,,0,Bright sun,759504,0,0,0,2,0,0,0,0,1,,0,0,Auckland Region,Nil,2-way,Sealed,0,0,0,0,50,0,Off,0,0,,76,Auckland,Nil,0,0,0,0,0,0,Urban,1,0,0,Fine,Null
1789566.8136,5925022.752,834734,,520801,0,0,0,1,0,East,2025/2026,ORAPIU ROAD,AWAAWAROA ROAD,,Non-Injury Crash,No,2025,0,North,0,0,0,Hill Road,0,,0,,0,Dark,515801,0,0,0,2,0,0,0,0,0,,0,0,Auckland Region,Nil,2-way,Sealed,0,0,0,0,60,0,None,0,0,,76,Auckland,Nil,0,0,0,1,0,0,Urban,0,0,0,Fine,Null
1738274.6592,5919699.0971,834778,,513702,0,,0,0,,East,2022/2023,WAITAKERE ROAD,NORTHFIELD ROAD,,Minor Crash,No,2023,,East,,0,,Flat,,,,,,Bright sun,237100,1,0,1,2,,,0,,,,,,Auckland Region,Nil,2-way,Sealed,,0,0,,80,,None,0,0,,76,Auckland,Nil,,,,,1,0,Open,0,,,Fine,Null
1776016.3919,5898667.1096,834781,55,523813,0,0,0,1,0,West,2024/2025,PAPAKURA-CLEVEDON ROAD,BULLENS ROAD,,Non-Injury Crash,No,2024,0,South,0,0,1,Flat,0,,0,,0,Overcast,761800,0,0,0,2,0,0,0,0,0,,0,1,Auckland Region,Nil,2-way,Sealed,0,0,0,0,80,0,None,0,0,,76,Auckland,Nil,0,0,0,0,0,0,Open,0,0,0,Light rain,Null
1750735.1144,5915544.5337,834821,,514802,0,,0,1,,West,2024/2025,ASH STREET,ROSEBANK ROAD,,Non-Injury Crash,No,2025,,East,,0,,Flat,,,,,,Overcast,387009,0,0,0,4,,,0,,,,,,Auckland Region,Nil,2-way,Sealed,,0,0,,50,,Off,0,0,,76,Auckland,Nil,,,,,0,0,Urban,1,,,Light rain,Null
1754871.8338,5931776.4744,834829,,508805,0,,1,0,,Null,2024/2025,CONSTELLATION DRIVE,PARKWAY DRIVE,,Non-Injury Crash,No,2025,,West,,0,,Null,,,,,,Unknown,180826,0,0,0,4,,,0,,,,,,Auckland Region,Nil,2-way,Sealed,,0,0,,50,,On,0,0,,76,Auckland,Give way,,,,,0,0,Urban,1,,,Fine,Null
1755829.7669,5919548.1366,834831,,514000,0,,0,2,,West,2025/2026,PONSONBY ROAD,POLLEN STREET,,Non-Injury Crash,No,2026,,West,,0,,Flat,,,,,,Dark,414500,0,0,0,4,,,0,,,,,,Auckland Region,Nil,2-way,Sealed,,0,0,,40,,On,0,0,,76,Auckland,Nil,,,,,0,0,Urban,0,,,Light rain,Null
1739578.7153,5928963.1104,834845,,505602,1,,0,1,,South,2025/2026,RIVERHEAD ROAD,KORAHA ROAD,,Non-Injury Crash,No,2025,,South,,0,,Hill Road,,,,,,Bright sun,214103,0,0,0,2,,,0,,,,,,Auckland Region,Nil,2-way,Sealed,,0,0,,50,,Off,0,0,,76,Auckland,Nil,,,,,0,0,Urban,0,,,Fine,Null
1773062.5327,5896628.5018,834847,,525630,0,0,0,0,0,North,2025/2026,PRICTOR STREET,MARGARET STREET,,Minor Crash,No,2026,0,North,0,0,0,Flat,0,,0,,0,Bright sun,794600,1,0,0,2,0,0,0,0,0,,0,1,Auckland Region,Nil,2-way,Sealed,0,0,0,0,50,0,Off,0,0,,76,Auckland,Nil,0,0,0,0,0,0,Urban,1,0,0,Fine,Null