X,Y,OBJECTID,advisorySpeed,areaUnitID,bicycle,bridge,bus,carStationWagon,cliffBank,crashDirectionDescription,crashFinancialYear,crashLocation1,crashLocation2,crashRoadSideRoad,crashSeverity,crashSHDescription,crashYear,debris,directionRoleDescription,ditch,fatalCount,fence,flatHill,guardRail,holiday,houseOrBuilding,intersection,kerb,light,meshblockId,minorInjuryCount,moped,motorcycle,NumberOfLanes,objectThrownOrDropped,otherObject,otherVehicleType,overBank,parkedVehicle,pedestrian,phoneBoxEtc,postOrPole,region,roadCharacter,roadLane,roadSurface,roadworks,schoolBus,seriousInjuryCount,slipOrFlood,speedLimit,strayAnimal,streetLight,suv,taxi,temporarySpeedLimit,tlaId,tlaName,trafficControl,trafficIsland,trafficSign,train,tree,truck,unknownVehicleType,urban,vanOrUtility,vehicle,waterRiver,weatherA,weatherB
1756870.1705,5919897.0015,834851,,514102,1,,0,1,,North,2022/2023,VINCENT STREET,PITT STREET,,Minor Crash,No,2023,,North,,0,,Hill Road,,,,,,Dark,434902,1,0,0,3,,,0,,,,,,Auckland Region,Nil,2-way,Sealed,,0,0,,30,,On,0,0,,76,Auckland,Nil,,,,,0,0,Urban,0,,,Fine,Null
1752851.552,5927038.2363,834855,,508220,0,0,0,2,0,Null,2025/2026,VALLEY VIEW ROAD,WINDY RIDGE ROAD,,Non-Injury Crash,No,2025,0,South,0,0,0,Flat,0,,0,,0,Overcast,188100,0,0,0,2,0,0,0,0,1,,0,0,Auckland Region,Nil,2-way,Sealed,0,0,0,0,50,0,Null,0,0,,76,Auckland,Nil,0,0,0,0,0,0,Urban,0,0,0,Fine,Null
1774888.696,5896783.9638,834863,,525610,0,0,0,1,0,South,2025/2026,DOMINION ROAD,PRESIDENT AVENUE,,Non-Injury Crash,No,2025,0,North,0,0,0,Flat,0,,0,,1,Overcast,799700,0,0,0,2,0,0,0,0,1,,0,0,Auckland Region,Nil,2-way,Sealed,0,0,0,0,50,0,Off,0,0,,76,Auckland,Nil,0,0,0,0,0,0,Urban,1,0,0,Fine,Null
1774481.8465,5897710.1495,834869,,523813,0,,0,2,,Null,2024/2025,OLD WAIROA ROAD,ANCROFT STREET,,Non-Injury Crash,No,2025,,East,,0,,Null,,,,,,Bright sun,761601,0,0,0,2,,,0,,,,,,Auckland Region,Nil,2-way,Sealed,,0,0,,50,,Off,0,0,,76,Auckland,Give way,,,,,0,0,Urban,0,,,Fine,Null
1770457.3024,5902043.0826,834877,,523814,0,,0,2,,South,2024/2025,STRATFORD ROAD,HILL ROAD,,Minor Crash,No,2025,,North,,0,,Flat,,,,,,Bright sun,759504,1,0,0,2,,,0,,,,,,Auckland Region,Nil,2-way,Sealed,,0,0,,50,,Off,0,0,,76,Auckland,Nil,,,,,0,0,Urban,0,,,Fine,Null
1744272.6847,5923073.2452,834879,,513511,0,0,0,1,0,South,2025/2026,NORTH-WESTERN MOTORWAY,UPPER HARBOUR MOTORWAY,,Non-Injury Crash,Yes,2025,0,North,0,0,0,Flat,1,,0,,0,Overcast,224303,0,0,0,2,0,0,0,0,0,,0,0,Auckland Region,Nil,1-way,Sealed,0,0,0,0,100,0,Off,0,0,,76,Auckland,Nil,0,0,0,0,0,0,Open,1,0,0,Fine,Null
1748833.1502,5911334.7757,834892,,512100,0,0,0,1,0,East,2024/2025,GODLEY ROAD,STOTTHOLM ROAD,,Non-Injury Crash,No,2024,0,East,0,0,0,Flat,0,,0,,0,Overcast,290701,0,0,0,2,0,0,0,0,1,,0,0,Auckland Region,Nil,2-way,Sealed,0,0,0,0,50,0,Off,0,0,,76,Auckland,Nil,0,0,0,0,0,0,Urban,1,0,0,Light rain,Null
1766291.5036,5899832.1703,834907,,524822,0,0,0,1,0,North,2025/2026,ROSCOMMON ROAD,PALMERS ROAD,,Non-Injury Crash,No,2026,0,North,0,0,0,Flat,0,,0,,0,Dark,774431,0,0,0,2,0,0,0,0,0,,0,0,Auckland Region,Nil,1-way,Sealed,0,0,0,0,50,0,On,0,0,,76,Auckland,Nil,0,0,0,1,0,0,Urban,0,0,0,Fine,Null
1775023.6791,5894822.2694,834915,,525510,0,,0,0,,East,2025/2026,HUNUA ROAD,BOUNDARY ROAD,,Non-Injury Crash,No,2026,,West,,0,,Flat,,,,,,Unknown,801600,0,0,0,2,,,0,,,,,,Auckland Region,Nil,2-way,Sealed,,0,0,,50,,Null,0,0,,76,Auckland,Nil,,,,,1,0,Urban,1,,,Fine,Null
1760981.2387,5907767.2911,834932,,524510,0,,1,0,,South,2022/2023,MCKINSTRY AVENUE,PIKE PLACE,,Minor Crash,No,2023,,South,,0,,Flat,,,,,,Dark,736601,2,0,0,2,,,0,,,,,,Auckland Region,Nil,2-way,Sealed,,0,0,,50,,On,1,0,,76,Auckland,Nil,,,,,0,0,Urban,0,,,Fine,Null
1737769.265,5922261.8663,834935,,505700,0,0,1,0,1,West,2022/2023,HUNTER ROAD,WAITAKERE ROAD,,Serious Crash,No,2023,0,East,0,0,0,Hill Road,0,,0,,0,Overcast,216601,0,0,0,2,0,0,0,0,0,,0,0,Auckland Region,Nil,2-way,Sealed,0,0,1,0,80,0,None,0,0,,76,Auckland,Nil,0,0,0,1,0,0,Open,0,0,0,Fine,Null
1766584.6447,5879987.3052,834938,,521112,0,,1,1,,South,2024/2025,POLLOCK ROAD,STUART ROAD,,Non-Injury Crash,No,2025,,North,,0,,Flat,,Queens Birthday,,,,Overcast,825900,0,0,0,2,,,0,,,,,,Auckland Region,Nil,2-way,Sealed,,0,0,,60,,Off,0,0,,76,Auckland,Nil,,,,,0,0,Urban,0,,,Fine,Null
1741071.5339,5918564.6356,834940,,513101,0,0,0,2,0,East,2025/2026,METTAM DRIVE,DAVID ROGERS LANE,,Minor Crash,No,2026,0,West,0,0,0,Flat,0,,0,,0,Bright sun,237901,1,0,0,2,0,0,0,0,1,,0,0,Auckland Region,Nil,2-way,Sealed,0,0,0,0,50,0,Off,0,0,,76,Auckland,Nil,0,0,0,0,0,0,Urban,0,0,0,Fine,Null
1760144.5531,5915989.4549,834961,,516002,0,,0,1,,Null,2024/2025,GREEN LANE EAST OFF RAMP,GREEN LANE EAST,,Non-Injury Crash,No,2024,,East,,0,,Flat,,,,,,Overcast,492100,0,0,0,2,,,0,,,,,,Auckland Region,Motorway ramp,1-way,Sealed,,0,0,,50,,Off,0,0,,76,Auckland,Give way,,,,,0,0,Urban,1,,,Heavy rain,Null
1748783.6377,5970228.1135,834977,,505500,0,0,0,0,0,North,2024/2025,BROWN ROAD,AUCKLAND ROAD,,Non-Injury Crash,No,2025,0,South,0,0,1,Flat,0,,0,,0,Twilight,140300,0,0,0,2,0,0,0,0,0,,0,0,Auckland Region,Nil,2-way,Sealed,0,0,0,0,60,0,On,0,0,,76,Auckland,Nil,0,0,0,0,0,1,Urban,0,0,0,Fine,Null
1771710.9282,5899057.9263,835003,,523911,0,,0,1,,Null,2025/2026,PORCHESTER ROAD,AIRFIELD ROAD,,Non-Injury Crash,No,2025,,South,,0,,Flat,,,,,,Overcast,767302,0,0,0,1,,,0,,,,,,Auckland Region,Nil,1-way,Sealed,,0,0,,60,,Off,1,0,,76,Auckland,Give way,,,,,0,0,Urban,0,,,Fine,Null
1765829.5251,5904365.3063,835016,,524603,0,0,0,4,0,East,2024/2025,CAVENDISH DRIVE,RANFURLY ROAD,,Non-Injury Crash,No,2025,0,West,0,0,0,Flat,0,,0,,0,Overcast,674800,0,0,0,4,0,0,0,0,1,,0,0,Auckland Region,Nil,2-way,Sealed,0,0,0,0,50,0,Off,1,0,,76,Auckland,Nil,0,0,0,0,0,0,Urban,0,0,0,Light rain,Null
1771054.146,5899186.0946,835024,,523911,0,0,0,1,0,Null,2024/2025,MANUROA ROAD,TAKANINI SCHOOL ROAD,,Non-Injury Crash,No,2025,0,East,0,0,1,Flat,0,,1,,0,Dark,766800,0,0,0,3,0,0,0,0,0,,0,0,Auckland Region,Nil,2-way,Sealed,0,0,0,0,50,0,On,0,0,,76,Auckland,Traffic Signals,0,0,0,0,0,0,Urban,0,0,0,Fine,Null
1765710.1229,5908297.257,835041,,523403,0,,0,2,,North,2025/2026,SOUTHERN MOTORWAY,BAIRDS OBR,,Non-Injury Crash,Yes,2025,,North,,0,,Flat,,,,,,Overcast,696600,0,0,0,3,,,0,,,,,,Auckland Region,Nil,1-way,Unsealed,,0,0,,100,,Off,0,0,,76,Auckland,Nil,,,,,0,0,Open,0,,,Fine,Null
1762155.4556,5913694.1592,835047,,520500,0,,0,3,,North,2024/2025,SOUTHERN MOTORWAY,PENROSE OBR,,Non-Injury Crash,Yes,2025,,North,,0,,Flat,,,,,,Dark,637000,0,0,0,3,,,0,,,,,,Auckland Region,Nil,1-way,Sealed,,0,0,,100,,On,0,0,,76,Auckland,Nil,,,,,0,0,Open,0,,,Fine,Null
1764733.4999,5911404.9593,835049,,520500,0,,0,1,,South,2025/2026,SOUTHERN MOTORWAY,PANAMA OBR,,Non-Injury Crash,Yes,2025,,North,,0,,Hill Road,,,,,,Bright sun,636200,0,0,0,3,,,0,,,,,,Auckland Region,Nil,1-way,Sealed,,0,0,,100,,Off,1,0,,76,Auckland,Nil,,,,,0,0,Open,0,,,Fine,Null
1757858.2812,5919932.8394,835065,,514103,0,,0,1,,North,2024/2025,GRAFTON ROAD,OLD SH16 OFF RAMP WBD,,Non-Injury Crash,No,2025,,South,,0,,Hill Road,,Queens Birthday,,,,Bright sun,437500,0,0,0,3,,,0,,,,,,Auckland Region,Nil,2-way,Sealed,,0,0,,30,,Null,0,0,,76,Auckland,Nil,,,,,0,1,Urban,0,,,Fine,Null
1750805.7363,5934553.3197,835073,,508701,0,0,0,1,0,North,2025/2026,LOMAS WAY,THE AVENUE,,Non-Injury Crash,No,2025,0,North,0,0,0,Flat,0,,0,,0,Dark,178706,0,0,0,2,0,0,0,0,0,,0,1,Auckland Region,Nil,2-way,Sealed,0,0,0,0,50,0,Null,0,0,,76,Auckland,Nil,0,0,0,0,0,0,Urban,0,0,0,Null,Null
1769597.0694,5905376.8222,835095,,523712,0,0,0,1,0,South,2025/2026,ASPIRING AVENUE,THOMAS ROAD,,Minor Crash,No,2025,0,North,0,0,0,Flat,0,,0,,1,Bright sun,716202,1,0,0,2,0,0,0,0,0,,0,1,Auckland Region,Nil,2-way,Sealed,0,0,0,0,50,0,Off,0,0,,76,Auckland,Nil,0,0,0,0,0,0,Urban,0,0,0,Fine,Null
1767129.475,5899052.3326,835098,,524812,0,0,0,1,0,West,2023/2024,MAHIA ROAD,CADE PLACE,,Minor Crash,No,2023,0,West,0,0,0,Flat,0,,0,,0,Twilight,774102,1,0,0,2,0,0,0,0,0,,0,1,Auckland Region,Nil,2-way,Sealed,0,0,0,0,50,0,On,0,0,,76,Auckland,Nil,0,0,0,0,0,0,Urban,0,0,0,Fine,Null
1753811.1023,5918232.4601,835101,,515003,0,0,0,0,0,South,2025/2026,ST LUKES ROAD,ST LUKES ROAD ON RAMP,,Non-Injury Crash,No,2026,0,North,0,0,0,Flat,0,,0,,0,Bright sun,390502,0,0,0,3,0,1,0,0,0,,0,0,Auckland Region,Motorway ramp,1-way,Sealed,0,0,0,0,50,0,Off,0,0,,76,Auckland,Nil,0,0,0,0,0,0,Urban,1,0,0,Fine,Null
1752922.4886,5927613.7743,835114,,508210,0,0,0,1,0,South,2022/2023,STANLEY ROAD,CONTESSA DRIVE,,Minor Crash,No,2023,0,North,0,0,0,Hill Road,0,,0,,0,Overcast,187406,1,0,0,2,0,0,0,0,1,,0,1,Auckland Region,Nil,2-way,Sealed,0,0,0,0,50,0,Off,0,0,,76,Auckland,Nil,0,0,0,0,0,0,Urban,1,0,0,Light rain,Null
1755344.3269,5921577.891,835117,,515202,0,,0,1,,South,2025/2026,NORTHERN MOTORWAY,SHELLY BEACH OBR,,Non-Injury Crash,Yes,2025,,North,,0,,Flat,,,,,,Overcast,423600,0,0,0,4,,,0,,,,,,Auckland Region,Nil,1-way,Sealed,,0,0,,80,,On,0,0,,76,Auckland,Nil,,,,,1,0,Open,0,,,Fine,Null
1753721.3964,5928635.8857,835130,,508320,0,0,0,1,0,South,2022/2023,HALL ROAD,ROSS AVENUE,,Minor Crash,No,2023,0,North,0,0,0,Hill Road,0,,0,,0,Bright sun,197001,1,0,0,2,0,0,0,0,0,,0,1,Auckland Region,Nil,2-way,Sealed,0,0,0,0,50,0,Off,0,0,,76,Auckland,Nil,0,0,0,0,0,0,Urban,0,0,0,Fine,Null
1750626.5519,5915481.7513,835133,,514802,0,0,0,1,0,South,2025/2026,ASH STREET,ROSEBANK ROAD,,Minor Crash,No,2025,0,North,0,0,0,Flat,0,,0,,0,Bright sun,387009,1,0,0,4,0,0,0,0,0,,0,0,Auckland Region,Nil,2-way,Sealed,0,0,0,0,50,0,Off,0,0,,76,Auckland,Nil,0,0,0,1,0,0,Urban,0,0,0,Fine,Null
1773744.1148,5894104.5611,835142,,521301,0,0,0,2,0,West,2023/2024,OPAHEKE ROAD,RAIL XING,,Minor Crash,No,2023,0,West,0,0,1,Hill Road,0,,0,,0,Overcast,808102,2,0,0,2,0,0,0,0,0,,0,1,Auckland Region,Nil,2-way,Sealed,0,0,0,0,80,0,None,0,0,,76,Auckland,Nil,0,0,0,0,0,0,Open,0,0,0,Light rain,Null
1751181.7144,5915420.1436,835149,,514401,0,,0,2,,North,2024/2025,GREAT NORTH ROAD,RACECOURSE PARADE,,Non-Injury Crash,No,2025,,North,,0,,Flat,,,,,,Dark,382300,0,0,0,2,,,0,,,,,,Auckland Region,Nil,2-way,Sealed,,0,0,,50,,On,0,0,,76,Auckland,Nil,,,,,0,0,Urban,0,,,Fine,Null
1768688.1636,5882680.2316,835150,,525910,0,,0,2,,North,2022/2023,PAERATA ROAD,ADAMS DRIVE,,Minor Crash,No,2023,,South,,0,,Hill Road,,,,,,Bright sun,817600,1,0,0,2,,,0,,,,,,Auckland Region,Nil,2-way,Sealed,,0,0,,50,,Off,0,0,,76,Auckland,Nil,,,,,0,0,Urban,0,,,Fine,Null
1747873.9567,5963222.2213,835154,,506613,0,0,0,0,1,South,2022/2023,SH 1,COWAN BAY ROAD,,Minor Crash,Yes,2023,0,North,0,0,0,Flat,0,,0,,0,Overcast,147107,2,0,0,2,0,0,0,0,0,,0,0,Auckland Region,Nil,2-way,Sealed,0,0,0,0,80,0,Off,0,0,,76,Auckland,Nil,0,0,0,0,0,0,Open,1,0,0,Fine,Null
1767813.2336,5903938.5131,835166,,524602,0,0,0,1,0,East,2023/2024,SOUTH-WESTERN MOTORWAY,GREAT SOUTH OBR,,Non-Injury Crash,Yes,2023,0,East,0,0,0,Flat,1,,0,,0,Bright sun,780506,0,0,0,3,0,0,0,0,0,,0,0,Auckland Region,Motorway ramp,1-way,Sealed,0,0,0,0,100,0,Off,0,0,,76,Auckland,Nil,0,0,0,0,0,0,Open,0,0,0,Fine,Null
1764470.0151,5918246.3986,835199,,516500,0,0,0,2,0,North,2025/2026,KOHIMARAMA ROAD,ST JOHNS ROAD,,Non-Injury Crash,No,2025,0,North,0,0,0,Flat,0,,0,,0,Bright sun,503800,0,0,0,2,0,0,0,0,1,,0,0,Auckland Region,Nil,2-way,Sealed,0,0,0,0,50,0,Off,0,0,,76,Auckland,Nil,0,0,0,0,0,0,Urban,0,0,0,Fine,Null
1752917.6184,5931162.3675,835205,,508803,0,,0,2,,West,2025/2026,UPPER HARBOUR HIGHWAY,UPPER HARBOUR HIGHWAY,,Non-Injury Crash,Yes,2025,,West,,0,,Flat,,,,,,Dark,180819,0,0,0,2,,,0,,,,,,Auckland Region,Nil,1-way,Sealed,,0,0,,100,,On,0,0,,76,Auckland,Nil,,,,,0,0,Open,0,,,Fine,Null
1768716.1019,5905595.4252,835206,,523721,0,0,0,3,0,North,2022/2023,ZELDA AVENUE,MAYTIME STREET,,Non-Injury Crash,No,2023,0,North,0,0,0,Flat,0,,0,,0,Bright sun,715611,0,0,0,1,0,0,0,0,1,,0,0,Auckland Region,Nil,2-way,Sealed,0,0,0,0,50,0,Off,0,0,,76,Auckland,Nil,0,0,0,0,0,0,Urban,0,0,0,Fine,Null
1770477.5913,5899003.8602,835215,,523911,0,,0,2,,West,2025/2026,MANUROA ROAD,OAKLEIGH AVENUE,,Non-Injury Crash,No,2025,,West,,0,,Flat,,,,,,Overcast,768200,0,0,0,2,,,0,,,,,,Auckland Region,Rail xing,2-way,Sealed,,0,0,,50,,Off,0,0,,76,Auckland,Nil,,,,,0,0,Urban,1,,,Light rain,Null
1755450.6745,5880926.7949,835218,,521152,0,0,0,0,0,South,2023/2024,GLENBROOK-WAIUKU ROAD,BROOKSIDE ROAD,,Minor Crash,No,2023,0,South,0,0,1,Hill Road,0,,0,,0,Overcast,834300,1,0,0,2,0,0,0,0,0,,0,0,Auckland Region,Nil,2-way,Sealed,0,0,0,0,60,0,None,0,0,,76,Auckland,Nil,0,1,0,0,0,0,Urban,1,0,0,Heavy rain,Strong wind
1774145.636,5897230.0539,835239,,525630,0,,0,0,,Null,2025/2026,COSGRAVE ROAD,CLEVEDON ROAD,,Non-Injury Crash,No,2025,,South,,0,,Flat,,,,,,Dark,795802,0,0,0,2,,,0,,,,,,Auckland Region,Nil,2-way,Sealed,,0,0,,50,,On,0,0,,76,Auckland,Give way,,,,,0,1,Urban,1,,,Fine,Null
1758459.5736,5920323.2495,835269,,515902,0,,0,1,,Null,2025/2026,THE STRAND,THE STRAND,,Minor Crash,Yes,2025,,South,,0,,Flat,,,,,,Bright sun,453000,1,0,0,4,,,0,,,1,,,Auckland Region,Nil,2-way,Sealed,,0,0,,50,,Off,0,0,,76,Auckland,Nil,,,,,0,0,Urban,0,,,Fine,Null
1750466.7876,5914508.3545,835270,,511303,0,,0,2,,Null,2022/2023,GREAT NORTH ROAD,PORTAGE ROAD,,Non-Injury Crash,No,2023,,South,,0,,Flat,,,,,,Dark,265700,0,0,0,2,,,0,,,,,,Auckland Region,Nil,2-way,Sealed,,0,0,,50,,On,0,0,,76,Auckland,Traffic Signals,,,,,0,0,Urban,0,,,Fine,Null
1774590.3271,5896034.8276,835278,,525510,0,,0,0,,Null,2023/2024,SETTLEMENT ROAD,TIEL LANE,,Minor Crash,No,2023,,West,,0,,Flat,,,,,,Dark,801002,1,0,1,2,,,0,,,,,,Auckland Region,Nil,2-way,Sealed,,0,0,,50,,On,0,0,,76,Auckland,Nil,,,,,0,0,Urban,0,,,Fine,Null
1749905.1019,5916661.8844,835292,,514801,0,0,0,0,0,Null,2022/2023,ROSEBANK ROAD,JOMAC PLACE,,Minor Crash,No,2023,0,South,0,0,0,Flat,0,,0,,0,Dark,388700,2,0,0,2,0,0,0,0,0,,0,0,Auckland Region,Nil,2-way,Sealed,0,0,0,0,50,0,On,0,0,,76,Auckland,Traffic Signals,0,1,0,0,0,0,Urban,2,0,0,Fine,Null
1759889.7334,5907085.3622,835306,,524111,0,0,0,1,0,Null,2025/2026,OFF ROAD - PAKNSAVE MANGERE,,,Serious Crash,No,2026,0,North,0,0,0,Flat,0,,0,,0,Bright sun,740000,0,0,0,,0,0,0,0,1,,0,0,Auckland Region,Nil,Off road,Sealed,0,0,1,0,,0,Off,0,0,,76,Auckland,Nil,0,0,0,0,0,0,Urban,0,0,0,Fine,Null
1757158.9654,5914966.6113,835309,,515802,0,0,0,2,0,South,2022/2023,ST ANDREWS ROAD,EMPIRE ROAD,,Minor Crash,No,2023,0,North,0,0,0,Flat,0,,0,,0,Bright sun,448000,1,0,0,2,0,0,0,0,1,,0,0,Auckland Region,Nil,2-way,Sealed,0,0,0,0,50,0,Off,0,0,,76,Auckland,Nil,0,0,0,0,0,0,Urban,0,0,0,Fine,Null
1768878.928,5902723.0133,835313,,523814,0,0,0,1,0,West,2025/2026,SOUTHERN MOTORWAY,PUHINUI STM BR,,Non-Injury Crash,Yes,2025,0,South,0,0,0,Flat,1,,0,,0,Bright sun,760701,0,0,0,4,0,0,0,0,0,,0,0,Auckland Region,Nil,1-way,Sealed,0,0,0,0,100,0,Off,0,0,,76,Auckland,Nil,0,0,0,0,0,0,Open,0,0,0,Fine,Null
1768826.0767,5893098.9123,835329,,521202,0,,0,0,,West,2025/2026,LINWOOD ROAD,WALTERS ROAD,,Serious Crash,No,2025,,West,,0,,Hill Road,,,,,,Bright sun,807000,0,0,1,2,,,0,,,,,,Auckland Region,Nil,2-way,Sealed,,0,1,,80,,None,0,0,,76,Auckland,Nil,,,,,0,0,Open,0,,,Fine,Null
1741534.6889,5976098.7299,835336,,506660,0,0,0,1,1,West,2024/2025,SH 1,FALLS BR,,Non-Injury Crash,Yes,2025,0,West,0,0,0,Flat,0,,0,,0,Dark,136700,0,0,0,2,0,0,0,0,0,,0,0,Auckland Region,Nil,2-way,Sealed,0,0,0,0,80,0,None,0,0,,76,Auckland,Nil,0,0,0,0,0,0,Open,0,0,0,Fine,Null
1768670.4588,5912838.8948,835354,,523000,0,0,0,2,0,North,2025/2026,ENNIS AVENUE,BELDON PLACE,,Non-Injury Crash,No,2025,0,South,0,0,0,Flat,0,,0,,0,Dark,690600,0,0,0,2,0,0,0,0,1,,0,0,Auckland Region,Nil,2-way,Sealed,0,0,0,0,50,0,On,0,0,,76,Auckland,Nil,0,0,0,0,0,0,Urban,0,0,0,Fine,Null
1763328.1867,5919060.6608,835362,,516500,0,0,0,3,0,West,2025/2026,KEPA ROAD,DUDLEY ROAD,,Non-Injury Crash,No,2025,0,West,0,0,0,Flat,0,,0,,0,Overcast,502202,0,0,0,2,0,0,0,0,1,,0,0,Auckland Region,Nil,2-way,Sealed,0,0,0,0,50,0,Off,0,0,,76,Auckland,Nil,0,0,0,0,0,0,Urban,0,0,0,Fine,Null
1759240.994,5908176.1082,835364,,524002,0,,0,0,,South,2022/2023,MCKENZIE ROAD,TARATA CRESCENT,,Minor Crash,No,2023,,North,,0,,Flat,,,,,,Overcast,725601,1,0,0,2,,,0,,,1,,,Auckland Region,Nil,2-way,Sealed,,0,0,,50,,Off,0,0,,76,Auckland,Nil,,,,,0,0,Urban,0,,,Fine,Null
1765437.8867,5908975.0858,835370,,523403,0,,0,2,,North,2025/2026,SOUTHERN MOTORWAY,HIGHBROOK OBR,,Non-Injury Crash,Yes,2025,,North,,0,,Flat,,,,,,Overcast,700200,0,0,0,3,,,0,,,,,,Auckland Region,Nil,1-way,Sealed,,0,0,,100,,Off,0,0,,76,Auckland,Nil,,,,,0,0,Open,0,,,Light rain,Null
1753623.128,5931362.7109,835376,,508807,0,,0,2,,Null,2025/2026,PAUL MATTHEWS ROAD,PAUL MATTHEWS OFF-RAMP,,Non-Injury Crash,No,2025,,North,,0,,Flat,,,,,,Bright sun,180810,0,0,0,2,,,0,,,,,,Auckland Region,Motorway ramp,1-way,Sealed,,0,0,,50,,Off,0,0,,76,Auckland,Traffic Signals,,,,,0,0,Urban,0,,,Fine,Frost
1754066.8492,5931396.3457,835378,,508807,0,,0,2,,North,2025/2026,NORTHERN MOTORWAY,CONSTELLATION UNDERPASS,,Non-Injury Crash,Yes,2025,,North,,0,,Flat,,,,,,Dark,180810,0,0,0,3,,,0,,,,,,Auckland Region,Overpass,1-way,Sealed,,0,0,,100,,On,0,0,,76,Auckland,Nil,,,,,0,0,Open,0,,,Fine,Null
1765927.2771,5905618.9081,835389,,522202,0,,0,2,,Null,2022/2023,CARRUTH ROAD,BIRDWOOD AVENUE,,Minor Crash,No,2023,,North,,0,,Flat,,,,,,Bright sun,665700,1,0,0,2,,,0,,,,,,Auckland Region,Nil,2-way,Sealed,,0,0,,50,,Off,0,0,,76,Auckland,Stop,,,,,0,0,Urban,0,,,Fine,Null
1751192.6703,5914949.7365,835418,,514402,0,0,0,1,0,North,2025/2026,ST GEORGES ROAD,AHIRIRI AVENUE,,Non-Injury Crash,No,2025,0,South,0,0,0,Flat,0,,0,,0,Dark,381200,0,0,0,2,0,0,0,0,1,,0,0,Auckland Region,Nil,2-way,Sealed,0,0,0,0,50,0,On,1,0,,76,Auckland,Nil,0,0,0,0,0,0,Urban,0,0,0,Fine,Null
1760615.1789,5915538.8113,835426,,520201,0,,0,1,,North,2025/2026,SOUTHERN MOTORWAY,WALPOLE OBR,,Non-Injury Crash,Yes,2025,,North,,0,,Flat,,,,,,Bright sun,613000,0,0,0,4,,,0,,,,,,Auckland Region,Nil,1-way,Sealed,,0,0,,100,,Off,0,0,,76,Auckland,Nil,,,,,0,0,Open,1,,,Fine,Null
1758659.8198,5910072.5127,835442,,524002,0,,0,1,,Null,2024/2025,CHURCH ROAD,SCOTT AVENUE,,Non-Injury Crash,No,2025,,East,,0,,Flat,,,,,,Bright sun,722501,0,0,0,2,,,0,,,,,,Auckland Region,Nil,2-way,Sealed,,0,0,,50,,Off,0,0,40,76,Auckland,Give way,,,,,0,0,Urban,2,,,Fine,Null
1745728.1604,5916945.204,835455,,510800,0,0,0,7,0,Null,2024/2025,OFF ROAD - CAR PARK,,,Serious Crash,No,2024,0,North,0,0,0,Flat,0,,0,,0,Bright sun,243300,2,0,0,,0,0,0,0,1,2,0,0,Auckland Region,Nil,Off road,Sealed,0,0,1,0,,0,Off,0,0,,76,Auckland,Nil,0,0,0,0,0,0,Urban,0,0,0,Fine,Null
1760675.2155,5913069.3273,835457,,520000,0,,0,1,,Null,2025/2026,FELIX STREET,MOUNT SMART ROAD,,Non-Injury Crash,No,2025,,North,,0,,Null,,,,,,Unknown,606201,0,0,0,2,,,0,,,,,,Auckland Region,Nil,2-way,Sealed,,0,0,,50,,Null,0,0,,76,Auckland,Stop,,,,,0,1,Urban,0,,,Null,Null
1756420.063,5920264.3609,835473,,514102,0,0,0,0,0,South,2025/2026,UNION STREET,COOK STREET,,Non-Injury Crash,No,2026,0,North,0,0,1,Flat,0,,0,,0,Dark,434401,0,0,0,1,0,0,0,0,0,,0,0,Auckland Region,Nil,1-way,Sealed,0,0,0,0,30,0,On,1,0,,76,Auckland,Nil,0,0,0,0,0,0,Urban,0,0,0,Fine,Null
1770598.176,5898758.601,835481,,523911,0,,0,1,,Null,2024/2025,MARU ROAD,MATAWALU PLACE,,Non-Injury Crash,No,2025,,East,,0,,Null,,,,,,Bright sun,768200,0,0,0,2,,,0,,,,,,Auckland Region,Nil,2-way,Sealed,,0,0,,50,,Null,0,0,,76,Auckland,Nil,,,,,0,1,Urban,0,,,Null,Null
1763024.9999,5912901.9961,835487,,520402,0,,0,1,,Null,2024/2025,SOUTHERN MOTORWAY,SOUTH-EASTERN HWY OFF RAMP,,Non-Injury Crash,Yes,2025,,East,,0,,Flat,,,,,,Dark,642500,0,0,0,3,,,0,,,,,,Auckland Region,Nil,1-way,Sealed,,0,0,,100,,On,0,0,,76,Auckland,Nil,,,,,0,0,Open,1,,,Light rain,Null
1771552.3702,5894991.8444,835489,,525530,0,,0,1,,South,2025/2026,SOUTHERN MOTORWAY,BEACH OBR,,Minor Crash,Yes,2025,,South,,0,,Flat,,,,,,Overcast,804901,2,0,0,3,,,0,,,,,,Auckland Region,Nil,1-way,Sealed,,0,0,,100,,Off,0,0,,76,Auckland,Nil,,,,,0,0,Open,1,,,Fine,Null
1774729.8758,5887815.8022,835504,,521302,0,0,0,0,0,North,2024/2025,SOUTHERN MOTORWAY,RAMARAMA ON RAMP,,Non-Injury Crash,Yes,2025,0,North,0,0,0,Flat,1,,0,,0,Dark,809101,0,0,0,2,0,0,0,0,0,,0,0,Auckland Region,Nil,1-way,Sealed,0,0,0,0,100,0,On,1,0,,76,Auckland,Nil,0,0,0,0,0,0,Open,0,0,0,Light rain,Null
1751693.7534,5914978.9242,835511,,514401,0,0,0,2,0,East,2025/2026,METHUEN ROAD,BLOCKHOUSE BAY ROAD,,Non-Injury Crash,No,2025,0,West,0,0,0,Flat,0,Labour Weekend,0,,0,Bright sun,380300,0,0,0,2,0,0,0,0,1,,0,0,Auckland Region,Nil,2-way,Sealed,0,0,0,0,50,0,Off,0,0,,76,Auckland,Nil,0,0,0,0,0,0,Urban,0,0,0,Fine,Null