X,Y,OBJECTID,advisorySpeed,areaUnitID,bicycle,bridge,bus,carStationWagon,cliffBank,crashDirectionDescription,crashFinancialYear,crashLocation1,crashLocation2,crashRoadSideRoad,crashSeverity,crashSHDescription,crashYear,debris,directionRoleDescription,ditch,fatalCount,fence,flatHill,guardRail,holiday,houseOrBuilding,intersection,kerb,light,meshblockId,minorInjuryCount,moped,motorcycle,NumberOfLanes,objectThrownOrDropped,otherObject,otherVehicleType,overBank,parkedVehicle,pedestrian,phoneBoxEtc,postOrPole,region,roadCharacter,roadLane,roadSurface,roadworks,schoolBus,seriousInjuryCount,slipOrFlood,speedLimit,strayAnimal,streetLight,suv,taxi,temporarySpeedLimit,tlaId,tlaName,trafficControl,trafficIsland,trafficSign,train,tree,truck,unknownVehicleType,urban,vanOrUtility,vehicle,waterRiver,weatherA,weatherB
1756693.779,5912794.3786,835525,,518702,0,,0,0,,East,2025/2026,SOUTH-WESTERN MOTORWAY,HILLSBOROUGH OBR,,Non-Injury Crash,Yes,2025,,East,,0,,Flat,,,,,,Overcast,569900,0,0,0,2,,,0,,,,,,Auckland Region,Overpass,1-way,Sealed,,0,0,,100,,Off,1,0,,76,Auckland,Nil,,,,,1,0,Open,0,,,Fine,Null
1770346.6699,5911300.7572,835533,,523109,0,,0,1,,Null,2025/2026,TI RAKAU DRIVE,BOTANY ROAD,,Non-Injury Crash,No,2025,,West,,0,,Flat,,,,,,Overcast,711709,0,0,0,5,,,0,,,,,,Auckland Region,Nil,1-way,Sealed,,0,0,,50,,Off,1,0,,76,Auckland,Traffic Signals,,,,,0,0,Urban,0,,,Fine,Null
1751316.2062,5934425.5974,835535,,508701,0,,0,2,,North,2025/2026,GILLS ROAD,DAIRY FLAT HIGHWAY,,Non-Injury Crash,No,2025,,East,,0,,Flat,,,,,,Bright sun,178501,0,0,0,2,,,0,,,,,,Auckland Region,Nil,2-way,Sealed,,0,0,,50,,Null,0,0,,76,Auckland,Nil,,,,,0,0,Urban,0,,,Fine,Null
1758280.7537,5909774.3552,835543,,524001,0,0,0,2,0,South,2025/2026,WALLACE ROAD,MCINTYRE ROAD,,Non-Injury Crash,No,2026,0,North,0,0,0,Flat,0,,0,,0,Bright sun,721300,0,0,0,2,0,0,0,0,0,,0,1,Auckland Region,Nil,2-way,Sealed,0,0,0,0,50,0,Off,1,0,,76,Auckland,Nil,0,0,0,0,1,0,Urban,0,0,0,Fine,Null
1763717.8251,5912649.4467,835551,,520500,0,,0,1,,West,2025/2026,SOUTHERN MOTORWAY,MT WGTN OBR,,Non-Injury Crash,Yes,2025,,South,,0,,Flat,,,,,,Dark,637400,0,0,0,2,,,0,,,,,,Auckland Region,Nil,1-way,Sealed,,0,0,,100,,On,1,0,,76,Auckland,Nil,,,,,0,0,Open,0,,,Light rain,Null
1748566.1025,5915482.9678,835559,,511700,0,0,0,3,0,Null,2025/2026,BRAINS ROAD,MARTIN PLACE,,Non-Injury Crash,No,2025,0,East,0,0,0,Flat,0,,0,,0,Dark,270900,0,0,0,2,0,0,0,0,2,,0,0,Auckland Region,Nil,2-way,Sealed,0,0,0,0,50,0,On,0,0,,76,Auckland,Nil,0,0,0,0,0,0,Urban,0,0,0,Fine,Null
1768614.5041,5903107.9604,835565,,523820,0,0,0,1,0,South,2024/2025,SOUTHERN MOTORWAY,SOUTH-WESTERN MOTORWAY,,Non-Injury Crash,Yes,2025,0,South,0,0,0,Hill Road,1,,0,,0,Dark,760121,0,0,0,4,0,0,0,0,0,,0,0,Auckland Region,Nil,1-way,Sealed,0,0,0,0,100,0,On,0,0,,76,Auckland,Nil,0,0,0,0,0,0,Open,0,0,0,Heavy rain,Null
1760984.1981,5909227.3827,835580,,524404,0,,0,2,,West,2025/2026,FAVONA ROAD,HARANIA AVENUE,,Serious Crash,No,2025,,West,,0,,Flat,,,,,,Dark,729400,0,0,0,2,,,0,,,,,,Auckland Region,Nil,2-way,Sealed,,0,5,,50,,On,0,0,,76,Auckland,Nil,,,,,0,0,Urban,0,,,Fine,Null
1764635.9657,5914843.0632,835582,,520301,0,,0,2,,Null,2025/2026,ELLERSLIE-PANMURE HIGHWAY,FORGE WAY,,Non-Injury Crash,No,2025,,East,,0,,Flat,,,,,,Dark,628203,0,0,0,2,,,0,,,,,,Auckland Region,Nil,2-way,Sealed,,0,0,,50,,On,0,0,,76,Auckland,Traffic Signals,,,,,0,0,Urban,0,,,Light rain,Null
1758413.2458,5918001.3685,835588,,517400,0,,1,0,,Null,2025/2026,BROADWAY,MORROW STREET,,Non-Injury Crash,No,2026,,North,,0,,Flat,,,,,,Unknown,451300,0,0,0,4,,,0,,,,,,Auckland Region,Nil,2-way,Sealed,,0,0,,50,,Null,1,0,,76,Auckland,Traffic Signals,,,,,0,0,Urban,0,,,Light rain,Null
1744197.7736,5924085.8192,835603,,513521,0,,0,1,,Null,2025/2026,OREIL AVENUE,HOBSONVILLE ROAD,,Non-Injury Crash,No,2025,,North,,0,,Flat,,,,,,Bright sun,224240,0,0,0,2,,,0,,,,,,Auckland Region,Nil,2-way,Sealed,,0,0,,50,,Off,0,0,,76,Auckland,Give way,,,,,0,0,Urban,1,,,Fine,Null
1751286.7354,5915868.6542,835605,,514401,0,,0,2,,East,2025/2026,HENRY STREET,GREAT NORTH ROAD,,Non-Injury Crash,No,2025,,East,,0,,Flat,,,,,,Bright sun,381900,0,0,0,2,,,0,,,,,,Auckland Region,Nil,2-way,Sealed,,0,0,,50,,Null,0,0,,76,Auckland,Nil,,,,,0,0,Urban,0,,,Fine,Null
1750811.8001,5913749.4296,835613,,514600,0,,0,3,,North,2024/2025,WOLVERTON STREET,CROWTHER STREET,,Non-Injury Crash,No,2025,,North,,0,,Flat,,,,,,Bright sun,371800,0,0,0,4,,,0,,,,,,Auckland Region,Nil,2-way,Sealed,,0,0,,50,,Off,0,0,,76,Auckland,Nil,,,,,0,0,Urban,0,,,Fine,Null
1772878.0035,5900609.4392,835619,,523813,0,0,0,2,0,Null,2025/2026,MILL ROAD,POPES ROAD,,Minor Crash,No,2025,0,South,1,0,0,Flat,0,,0,,0,Dark,761000,2,0,0,2,0,0,0,0,0,,0,0,Auckland Region,Nil,2-way,Sealed,0,0,0,0,80,0,None,0,0,,76,Auckland,Stop,0,0,0,0,0,0,Open,0,0,0,Light rain,Null
1771347.1105,5900027.1295,835621,,523911,0,,0,2,,Null,2025/2026,PORCHESTER ROAD,POPES ROAD,,Minor Crash,No,2025,,North,,0,,Flat,,,,,,Overcast,767100,1,0,0,2,,,0,,,,,,Auckland Region,Nil,1-way,Sealed,,0,0,,60,,Off,0,0,,76,Auckland,Give way,,,,,0,0,Urban,0,,,Light rain,Null
1747168.077,5913797.7519,835629,,511100,0,,0,2,,Null,2024/2025,WEST COAST ROAD,GLENVIEW ROAD,,Non-Injury Crash,No,2025,,East,,0,,Flat,,,,,,Dark,286200,0,0,0,4,,,0,,,,,,Auckland Region,Nil,2-way,Sealed,,0,0,,50,,On,0,0,,76,Auckland,Traffic Signals,,,,,0,0,Urban,0,,,Fine,Null
1763389.3394,5908456.8229,835637,,524402,0,,0,2,,Null,2025/2026,MANGERE ROAD,HOSPITAL ROAD,,Minor Crash,No,2025,,South,,0,,Hill Road,,,,,,Bright sun,749900,1,0,0,4,,,0,,,,,,Auckland Region,Nil,2-way,Sealed,,0,0,,50,,Off,0,0,,76,Auckland,Traffic Signals,,,,,0,0,Urban,0,,,Fine,Strong wind
1748164.7915,5921679.5022,835653,,512300,0,0,0,2,0,East,2024/2025,HARBOUR VIEW ROAD,RIVERSTONE ROAD,,Non-Injury Crash,No,2025,0,South,0,0,0,Flat,0,,0,,0,Bright sun,250105,0,0,0,2,0,0,0,0,1,,0,0,Auckland Region,Nil,2-way,Sealed,0,0,0,0,50,0,None,0,0,,76,Auckland,Nil,0,0,0,0,0,0,Urban,0,0,0,Fine,Null
1745723.9342,5915438.1829,835655,,511800,0,0,0,2,0,Null,2022/2023,SUNNYSIDE ROAD,SEYMOUR ROAD,,Minor Crash,No,2023,0,South,0,0,0,Hill Road,0,,1,,0,Bright sun,277600,1,0,0,2,0,1,0,0,0,,0,0,Auckland Region,Nil,2-way,Sealed,0,0,0,0,50,0,Off,0,0,,76,Auckland,Nil,0,0,0,0,0,0,Urban,0,0,0,Fine,Null
1752552.0675,5918415.7299,835659,,515002,0,0,0,2,0,North,2024/2025,TUI STREET,KIWI ROAD,,Non-Injury Crash,No,2024,0,South,0,0,0,Flat,0,,0,,0,Dark,396200,0,0,0,2,0,0,0,0,1,,0,0,Auckland Region,Nil,2-way,Sealed,0,0,0,0,50,0,On,0,0,,76,Auckland,Nil,0,0,0,0,0,0,Urban,0,0,0,Fine,Null
1753119.9628,5914179.7421,835667,,514500,0,,0,3,,Null,2024/2025,MAIORO STREET,ROSEVILLE STREET,,Non-Injury Crash,No,2024,,East,,0,,Flat,,,,,,Twilight,376800,0,0,0,4,,,0,,,,,,Auckland Region,Nil,2-way,Sealed,,0,0,,50,,Off,0,0,,76,Auckland,Give way,,,,,0,0,Urban,0,,,Fine,Null
1754045.9247,5931378.6594,835699,,508807,0,,0,2,,Null,2024/2025,UPPER HARBOUR HIGHWAY,UPPER HARBOUR HWY OFF RAMP,,Non-Injury Crash,Yes,2025,,East,,0,,Flat,,,,,,Bright sun,180810,0,0,0,4,,,0,,,,,,Auckland Region,Motorway ramp,2-way,Sealed,,0,0,,50,,Off,0,0,,76,Auckland,Traffic Signals,,,,,0,0,Urban,0,,,Fine,Null
1751554.3494,5933946.9434,835714,,508701,0,,0,1,,Null,2025/2026,ALBANY HIGHWAY,LIBRARY LANE,,Non-Injury Crash,No,2025,,North,,0,,Flat,,,,,,Bright sun,178800,0,0,0,1,,,0,,,,,,Auckland Region,Nil,1-way,Sealed,,0,0,,50,,Off,0,0,,76,Auckland,Give way,,,,,0,0,Urban,1,,,Fine,Null
1770554.9509,5898201.2456,835724,,523920,0,0,0,1,0,North,2025/2026,KINDERGARTEN DRIVE,ROUNTREE PLACE,,Minor Crash,No,2025,0,South,0,0,0,Flat,0,,0,,0,Bright sun,767501,1,0,0,2,0,0,0,0,1,,0,0,Auckland Region,Nil,2-way,Sealed,0,0,0,0,50,0,Off,1,0,,76,Auckland,Nil,0,0,0,0,0,0,Urban,0,0,0,Fine,Null
1768341.9199,5907703.2844,835740,,523711,0,,0,0,,East,2024/2025,ORMISTON ROAD,MURCHISON ROAD,,Non-Injury Crash,No,2025,,East,,0,,Null,,,,,,Unknown,712304,0,0,0,2,,,0,,,,,,Auckland Region,Nil,2-way,Null,,0,0,,50,,Null,2,0,,76,Auckland,Nil,,,,,0,0,Urban,0,,,Null,Null
1749880.426,5913340.2694,835754,,511402,0,0,0,1,0,West,2025/2026,MARGAN AVENUE,THOM STREET,,Non-Injury Crash,No,2026,0,West,0,0,0,Flat,0,,0,,0,Unknown,264600,0,0,0,2,0,0,0,0,1,,0,0,Auckland Region,Nil,2-way,Sealed,0,0,0,0,50,0,Null,0,0,,76,Auckland,Nil,0,0,0,0,0,1,Urban,0,0,0,Fine,Null
1746845.8354,5915258.1782,835756,,511800,0,,0,2,,Null,2025/2026,GREAT NORTH ROAD,AWAROA ROAD,,Non-Injury Crash,No,2025,,North,,0,,Hill Road,,,,,,Overcast,276400,0,0,0,4,,,0,,,,,,Auckland Region,Nil,2-way,Sealed,,0,0,,50,,Off,0,0,,76,Auckland,Stop,,,,,0,0,Urban,0,,,Fine,Null
1768507.9948,5911661.1522,835762,,523112,0,,0,0,,Null,2025/2026,TI RAKAU DRIVE,TRUGOOD DRIVE,,Serious Crash,No,2025,,West,,0,,Flat,,,,,,Dark,711404,0,0,0,2,,,0,,,1,,,Auckland Region,Nil,2-way,Sealed,,0,1,,60,,On,0,0,30,76,Auckland,Traffic Signals,,,,,0,0,Urban,0,,,Fine,Null
1770417.1285,5901465.5699,835785,,523814,0,,0,1,,East,2025/2026,ALFRISTON ROAD,SARALEE DRIVE,,Non-Injury Crash,No,2025,,West,,0,,Flat,,,,,,Bright sun,759521,0,0,0,2,,,0,,,,,,Auckland Region,Nil,2-way,Sealed,,0,0,,50,,Null,1,0,,76,Auckland,Nil,,,,,0,0,Urban,0,,,Fine,Null
1773138.223,5892559.2008,835793,,521301,0,,0,1,,East,2025/2026,SUTTON ROAD,GREAT SOUTH ROAD,,Non-Injury Crash,No,2025,,West,,0,,Flat,,,,,,Twilight,808501,0,0,0,2,,,0,,,,,,Auckland Region,Nil,2-way,Sealed,,0,0,,50,,Off,0,0,,76,Auckland,Nil,,,,,0,0,Urban,1,,,Fine,Null
1753262.3892,5934315.6607,835795,,508704,0,,0,2,,Null,2024/2025,KEREKIN DRIVE,MEDALLION DRIVE,,Non-Injury Crash,No,2024,,West,,0,,Hill Road,,,,,,Bright sun,179120,0,0,0,2,,,0,,,,,,Auckland Region,Nil,2-way,Sealed,,0,0,,50,,Off,0,0,,76,Auckland,Give way,,,,,0,0,Urban,0,,,Fine,Null
1754760.1913,5928078.4735,835809,,508310,0,,0,1,,Null,2025/2026,CHIVALRY ROAD,BRUCE ROAD,,Minor Crash,No,2025,,East,,0,,Flat,,,,,,Overcast,200701,1,0,0,2,,,0,,,,,,Auckland Region,Nil,2-way,Sealed,,0,0,,50,,Off,0,0,,76,Auckland,Nil,,,,,0,0,Urban,1,,,Light rain,Strong wind
1746984.3142,5920523.6972,835827,,512300,0,,0,1,,South,2024/2025,GLENVIL LANE,GLORIA AVENUE,,Non-Injury Crash,No,2024,,South,,0,,Flat,,Christmas New Year,,,,Overcast,251500,0,0,1,2,,,0,,,,,,Auckland Region,Nil,2-way,Unsealed,,0,0,,50,,Off,0,0,,76,Auckland,Nil,,,,,0,0,Urban,0,,,Fine,Null
1762315.6022,5908013.4427,835833,,524530,0,0,0,2,0,East,2024/2025,TENNESSEE AVENUE,FARMER STREET,,Non-Injury Crash,No,2024,0,West,0,0,0,Flat,0,Christmas New Year,0,,0,Dark,732700,0,0,0,2,0,0,0,0,1,,0,0,Auckland Region,Nil,2-way,Sealed,0,0,0,0,50,0,On,0,0,40,76,Auckland,Nil,0,0,0,0,0,0,Urban,1,0,0,Light rain,Strong wind
1767909.0313,5901987.6703,835849,,525001,0,0,0,4,0,West,2025/2026,MARTIN ROAD,MAICH ROAD,,Non-Injury Crash,No,2025,0,West,0,0,0,Flat,0,,0,,0,Dark,750500,0,0,0,2,0,0,0,0,1,,0,0,Auckland Region,Nil,2-way,Sealed,0,0,0,0,50,0,On,0,0,30,76,Auckland,Nil,0,0,0,0,0,0,Urban,0,0,0,Fine,Null
1753847.1771,5874722.9195,835851,,526105,0,,0,0,,South,2024/2025,CEMETERY ROAD,HULL ROAD,,Non-Injury Crash,No,2025,,South,,0,,Flat,,,,,,Overcast,832102,0,0,0,2,,,0,,,,,,Auckland Region,Nil,2-way,Sealed,,0,0,,50,,Off,1,0,,76,Auckland,Nil,,,,,0,1,Urban,0,,,Light rain,Null
1753065.0933,5912468.0728,835857,35,518902,0,0,0,2,0,Null,2025/2026,HILLSBOROUGH ROAD,WHITE SWAN ROAD,,Non-Injury Crash,No,2025,0,South,0,0,0,Hill Road,0,,0,,0,Dark,586700,0,0,0,2,0,0,0,0,2,,0,0,Auckland Region,Nil,2-way,Sealed,0,0,0,0,50,0,On,1,0,,76,Auckland,Stop,0,0,0,0,0,0,Urban,0,0,0,Fine,Null
1745639.253,5916846.1222,835873,,510800,0,0,0,1,1,South,2024/2025,VITASOVICH AVENUE,BRISCOES CARPARK ENT,,Non-Injury Crash,No,2025,0,South,0,0,0,Hill Road,0,,0,,0,Bright sun,243300,0,0,0,2,0,0,0,0,0,,0,1,Auckland Region,Nil,2-way,Sealed,0,0,0,0,50,0,Off,0,0,,76,Auckland,Nil,0,0,0,0,0,0,Urban,0,0,0,Fine,Null
1750277.8377,5913240.5873,835875,,511303,1,0,0,2,0,North,2025/2026,ASTLEY AVENUE,LINKS ROAD,,Serious Crash,No,2025,0,South,0,0,0,Hill Road,0,,0,,0,Dark,265001,0,0,0,2,0,0,0,0,1,,0,0,Auckland Region,Nil,2-way,Sealed,0,0,1,0,50,0,On,0,0,,76,Auckland,Nil,0,0,0,0,0,0,Urban,0,0,0,Fine,Null
1767211.2247,5904561.9916,835885,,524604,0,0,0,1,0,Null,2022/2023,RONWOOD AVENUE,OSTERLEY WAY,,Minor Crash,No,2023,0,West,0,0,0,Flat,0,,0,,0,Dark,780204,3,0,0,1,0,0,0,0,0,,0,0,Auckland Region,Nil,1-way,Sealed,0,0,0,0,50,0,On,0,0,,76,Auckland,Give way,1,1,0,0,0,0,Urban,0,0,0,Fine,Null
1768948.0899,5881201.0229,835888,,525910,0,,0,1,,North,2024/2025,EDINBURGH STREET,KING STREET,,Non-Injury Crash,No,2025,,North,,0,,Flat,,,,,,Overcast,819100,0,0,0,2,,,0,,,,,,Auckland Region,Nil,2-way,Sealed,,0,0,,50,,Off,0,0,,76,Auckland,Nil,,,,,0,0,Urban,1,,,Light rain,Null
1745284.3952,5917351.0665,835897,,510800,0,1,0,0,0,West,2023/2024,HENDERSON VALLEY ROAD,STEVIES LANE,,Minor Crash,No,2023,0,East,0,0,0,Flat,0,,0,,0,Dark,241600,1,0,0,2,0,0,0,0,0,,0,0,Auckland Region,Underpass,2-way,Sealed,0,0,0,0,50,0,On,0,0,,76,Auckland,Nil,0,0,0,0,1,0,Urban,0,0,0,Fine,Null
1756134.4202,5920994.1881,835901,,515202,0,,0,2,,North,2022/2023,NORTHERN MOTORWAY,VICTORIA PARK VDT N,,Non-Injury Crash,Yes,2023,,North,,0,,Flat,,,,,,Dark,425600,0,0,0,3,,,0,,,,,,Auckland Region,Overpass,1-way,Sealed,,0,0,,80,,On,0,0,,76,Auckland,Nil,,,,,0,0,Open,0,,,Fine,Strong wind
1751061.8761,5946732.992,835906,,505807,0,0,0,1,0,North,2025/2026,JOHN DEE CRESCENT,WHANGAPARAOA ROAD,,Non-Injury Crash,No,2025,0,East,0,0,0,Hill Road,0,,0,,0,Dark,172802,0,0,0,2,0,0,0,0,1,,0,0,Auckland Region,Nil,2-way,Sealed,0,0,0,0,50,0,On,2,0,,76,Auckland,Nil,0,0,0,0,0,0,Urban,0,0,0,Fine,Null
1773004.0355,5896411.9665,835912,,525410,0,,0,2,,Null,2024/2025,CLEVEDON ROAD,RON KEAT DRIVE,,Non-Injury Crash,No,2025,,East,,0,,Hill Road,,,,,,Overcast,793100,0,0,0,2,,,0,,,,,,Auckland Region,Nil,2-way,Sealed,,0,0,,50,,Off,0,0,,76,Auckland,Give way,,,,,0,0,Urban,0,,,Fine,Null
1759610.5311,5909706.4127,835922,,524002,0,,0,1,,North,2025/2026,SOUTH-WESTERN MOTORWAY,WALMSLEY ROAD OFF RAMP,,Non-Injury Crash,Yes,2025,,South,,0,,Flat,,,,,,Bright sun,722400,0,0,0,3,,,0,,,,,,Auckland Region,Nil,1-way,Sealed,,0,0,,100,,Off,0,0,,76,Auckland,Nil,,,,,0,0,Open,1,,,Fine,Null
1784195.7212,5897297.585,835936,,521132,0,0,0,0,0,North,2024/2025,SKYHIGH ROAD,MATHIS ROAD,,Non-Injury Crash,No,2025,0,North,0,0,1,Flat,0,,0,,0,Twilight,816304,0,0,0,2,0,0,0,0,0,,0,0,Auckland Region,Nil,2-way,Sealed,0,0,0,0,80,0,None,0,0,,76,Auckland,Nil,0,0,0,0,0,0,Open,1,0,0,Fine,Null
1739582.7136,5929052.3312,835938,,505602,0,,0,2,,Null,2025/2026,RIVERHEAD ROAD,KORAHA ROAD,,Non-Injury Crash,No,2025,,North,,0,,Hill Road,,,,,,Overcast,214203,0,0,0,2,,,0,,,,,,Auckland Region,Nil,2-way,Sealed,,0,0,,50,,Off,0,0,,76,Auckland,Give way,,,,,0,0,Urban,0,,,Light rain,Null
1746690.3591,5916584.1209,835946,,511601,0,0,0,2,0,East,2025/2026,TIRIMOANA ROAD,TE ATATU ROAD,,Non-Injury Crash,No,2025,0,West,0,0,0,Flat,0,,0,,0,Overcast,274504,0,0,0,2,0,0,0,0,1,,0,0,Auckland Region,Nil,2-way,Sealed,0,0,0,0,50,0,Off,0,0,,76,Auckland,Nil,0,0,0,0,0,0,Urban,1,0,0,Light rain,Null
1771068.2213,5905926.8301,835952,,523713,0,0,0,0,0,South,2024/2025,MURPHYS ROAD,TE KURA ROAD,,Non-Injury Crash,No,2025,0,South,0,0,0,Flat,0,,0,,0,Dark,713400,0,0,0,2,0,0,0,0,0,,0,0,Auckland Region,Nil,2-way,Sealed,0,0,0,0,60,1,None,1,0,,76,Auckland,Nil,0,0,0,0,0,0,Urban,0,0,0,Fine,Null
1764671.2531,5911621.009,835954,,520500,0,0,0,1,0,South,2025/2026,SOUTHERN MOTORWAY,PANAMA OBR,,Non-Injury Crash,Yes,2025,0,North,0,0,0,Flat,1,,0,,0,Bright sun,636200,0,0,0,3,0,0,0,0,0,,0,0,Auckland Region,Nil,1-way,Sealed,0,0,0,0,100,0,Off,0,0,,76,Auckland,Nil,0,0,0,0,0,0,Open,0,0,0,Fine,Null
1745026.8403,5917771.6581,835977,,510700,0,,0,2,,North,2025/2026,SWANSON ROAD,GREAT NORTH ROAD,,Non-Injury Crash,No,2025,,North,,0,,Flat,,,,,,Bright sun,239104,0,0,0,3,,,0,,,,,,Auckland Region,Nil,2-way,Sealed,,0,0,,50,,Off,0,0,,76,Auckland,Nil,,,,,0,0,Urban,0,,,Fine,Null
1765163.2642,5909661.735,835983,,521802,0,0,0,1,0,South,2025/2026,SOUTHERN MOTORWAY,TRENWITH OBR,,Non-Injury Crash,Yes,2026,0,North,0,0,0,Hill Road,1,,0,,0,Overcast,788400,0,0,0,3,0,0,0,0,0,,0,0,Auckland Region,Nil,1-way,Sealed,0,0,0,0,100,0,On,0,0,,76,Auckland,Nil,0,0,0,0,1,0,Open,0,0,0,Fine,Null
1752608.1002,5918211.3585,835991,,515002,0,,0,3,,West,2025/2026,GREAT NORTH ROAD,KIWI ROAD,,Non-Injury Crash,No,2025,,East,,0,,Flat,,,,,,Dark,396600,0,0,0,4,,,0,,,,,,Auckland Region,Nil,2-way,Sealed,,0,0,,50,,On,0,0,,76,Auckland,Nil,,,,,0,0,Urban,0,,,Fine,Null
1756396.7881,5924520.8954,835992,,509702,0,,0,3,,North,2022/2023,NORTHERN MOTORWAY,OLD ONEWA OBR,,Minor Crash,Yes,2023,,North,,0,,Flat,,,,,,Dark,366700,1,0,0,4,,,0,,,,,,Auckland Region,Nil,1-way,Sealed,,0,0,,100,,On,0,0,,76,Auckland,Nil,,,,,0,0,Open,0,,,Fine,Null
1768213.4193,5903174.2128,836008,,524602,0,0,0,2,0,North,2025/2026,MAHALO AVENUE,LAURELIA PLACE,,Non-Injury Crash,No,2026,0,South,0,0,0,Flat,0,,0,,0,Overcast,780506,0,0,0,2,0,0,0,0,1,,0,0,Auckland Region,Nil,2-way,Sealed,0,0,0,0,50,0,Off,0,0,,76,Auckland,Nil,0,0,0,0,0,0,Urban,0,0,0,Fine,Null
1751735.0264,5912958.441,836024,,514700,0,,0,1,,East,2025/2026,TERRY STREET,BLOCKHOUSE BAY ROAD,,Minor Crash,No,2025,,South,,0,,Hill Road,,,,,,Bright sun,370300,1,0,0,1,,,0,,,1,,,Auckland Region,Nil,1-way,Sealed,,0,0,,50,,Off,0,0,,76,Auckland,Nil,,,,,0,0,Urban,0,,,Fine,Null
1758953.5145,5907075.0888,836032,,524200,0,,0,1,,South,2025/2026,KIRKBRIDE ROAD,IDLEWILD AVENUE,,Non-Injury Crash,No,2026,,North,,0,,Flat,,,,,,Bright sun,726300,0,0,0,2,,,0,,,,,,Auckland Region,Nil,2-way,Sealed,,0,0,,50,,Null,1,0,,76,Auckland,Nil,,,,,0,0,Urban,0,,,Fine,Null
1752042.4325,5925184.0186,836038,,510220,0,,1,2,,South,2024/2025,RANGATIRA ROAD,BIRKDALE ROAD,,Non-Injury Crash,No,2025,,North,,0,,Hill Road,,,,,,Overcast,349906,0,0,0,2,,,0,,,,,,Auckland Region,Nil,2-way,Sealed,,0,0,,50,,Off,0,0,,76,Auckland,Nil,,,,,0,0,Urban,0,,,Fine,Null
1740575.7638,5911296.2093,836040,,512902,0,,0,1,,Null,2025/2026,SCENIC DRIVE,WEST COAST ROAD,,Non-Injury Crash,No,2026,,South,,0,,Hill Road,,,,,,Bright sun,282102,0,0,0,2,,,0,,,,,,Auckland Region,Nil,2-way,Sealed,,0,0,,60,,None,0,0,,76,Auckland,Give way,,,,,0,0,Urban,1,,,Fine,Null
1766320.9152,5914995.0347,836050,,520601,0,0,0,1,0,North,2022/2023,DUNKIRK ROAD,ALAMEIN ROAD,,Non-Injury Crash,No,2023,0,North,0,0,1,Flat,0,,0,,0,Overcast,633600,0,0,0,2,0,0,0,0,0,,0,0,Auckland Region,Nil,2-way,Sealed,0,0,0,0,50,0,Off,0,0,,76,Auckland,Nil,0,0,0,0,0,0,Urban,0,0,0,Light rain,Null
1758138.5126,5917841.3584,836055,,515700,0,,0,1,,Null,2025/2026,GILLIES AVENUE,GILLIES AVENUE OFF RAMP,,Serious Crash,No,2025,,North,,0,,Flat,,,,,,Dark,443200,0,0,0,3,,,1,,,,,,Auckland Region,Nil,2-way,Sealed,,0,1,,50,,On,0,0,,76,Auckland,Traffic Signals,,,,,0,0,Urban,0,,,Fine,Null
1755658.1177,5934961.1949,836058,,507101,0,0,0,1,0,North,2022/2023,BEACH ROAD,ARGYLE ROAD,,Non-Injury Crash,No,2023,0,North,0,0,0,Hill Road,0,,0,,0,Dark,161900,0,0,0,2,0,0,0,0,0,,0,0,Auckland Region,Nil,2-way,Sealed,0,0,0,0,50,0,On,0,0,,76,Auckland,Nil,0,0,0,1,0,0,Urban,0,0,0,Fine,Null
1766656.4362,5912927.83,836063,,522910,0,,0,1,,Null,2025/2026,PAKURANGA HIGHWAY,TI RAKAU DRIVE,,Minor Crash,No,2026,,West,,0,,Flat,,,,,,Bright sun,684000,4,0,0,3,,,0,,,,,,Auckland Region,Nil,1-way,Sealed,,0,0,,60,,Off,1,0,,76,Auckland,Traffic Signals,,,,,0,0,Urban,0,,,Fine,Null
1739772.7149,5917232.0967,836069,,513102,0,0,0,0,0,West,2024/2025,CHRISTIAN ROAD,O'NEILLS ROAD,,Non-Injury Crash,No,2024,0,South,0,0,0,Flat,0,,0,,0,Overcast,237700,0,0,0,2,0,0,0,0,1,,0,0,Auckland Region,Nil,2-way,Sealed,0,0,0,0,80,0,Off,0,0,,76,Auckland,Nil,0,0,0,0,0,0,Open,2,0,0,Light rain,Null
1767377.5893,5900200.8237,836074,,524720,0,,0,1,,East,2022/2023,WEYMOUTH ROAD,GAINSBOROUGH STREET,,Serious Crash,No,2023,,West,,0,,Flat,,,,,,Bright sun,776800,0,0,0,2,,,0,,,1,,,Auckland Region,Nil,2-way,Sealed,,0,1,,50,,Off,0,0,,76,Auckland,Nil,,,,,0,0,Urban,0,,,Fine,Null
1752958.4731,5913528.196,836087,,514500,0,,0,2,,Null,2025/2026,ROSAMUND AVENUE,BOUNDARY ROAD,,Non-Injury Crash,No,2025,,North,,0,,Null,,,,,,Unknown,376102,0,0,0,2,,,0,,,,,,Auckland Region,Nil,2-way,Sealed,,0,0,,50,,Null,0,0,,76,Auckland,Stop,,,,,0,0,Urban,0,,,Fine,Null
1765346.2291,5914578.9788,836090,,520601,0,,0,1,,North,2023/2024,QUEENS ROAD,LUCAS LANE,,Minor Crash,No,2023,,South,,0,,Flat,,,,,,Overcast,631000,1,0,0,1,,,0,,,1,,,Auckland Region,Nil,1-way,Sealed,,0,0,,50,,On,0,0,,76,Auckland,Nil,,,,,0,0,Urban,0,,,Fine,Null