X,Y,OBJECTID,advisorySpeed,areaUnitID,bicycle,bridge,bus,carStationWagon,cliffBank,crashDirectionDescription,crashFinancialYear,crashLocation1,crashLocation2,crashRoadSideRoad,crashSeverity,crashSHDescription,crashYear,debris,directionRoleDescription,ditch,fatalCount,fence,flatHill,guardRail,holiday,houseOrBuilding,intersection,kerb,light,meshblockId,minorInjuryCount,moped,motorcycle,NumberOfLanes,objectThrownOrDropped,otherObject,otherVehicleType,overBank,parkedVehicle,pedestrian,phoneBoxEtc,postOrPole,region,roadCharacter,roadLane,roadSurface,roadworks,schoolBus,seriousInjuryCount,slipOrFlood,speedLimit,strayAnimal,streetLight,suv,taxi,temporarySpeedLimit,tlaId,tlaName,trafficControl,trafficIsland,trafficSign,train,tree,truck,unknownVehicleType,urban,vanOrUtility,vehicle,waterRiver,weatherA,weatherB
1745744.1312,5919159.5182,836093,,513302,0,,0,2,,Null,2025/2026,TE PAI PLACE,CENTRAL PARK DRIVE,,Non-Injury Crash,No,2025,,East,,0,,Null,,Labour Weekend,,,,Bright sun,230702,0,0,0,2,,,0,,,,,,Auckland Region,Nil,2-way,Sealed,,0,0,,50,,Null,0,0,,76,Auckland,Traffic Signals,,,,,0,0,Urban,0,,,Fine,Null
1772544.8368,5896710.577,836098,,525420,0,0,0,2,0,Null,2022/2023,GREAT SOUTH ROAD,O'SHANNESSEY STREET,,Minor Crash,No,2023,0,South,0,0,0,Flat,0,,0,,0,Bright sun,791300,1,0,0,2,0,1,0,0,1,,0,0,Auckland Region,Nil,2-way,Sealed,0,0,0,0,50,0,Off,0,0,,76,Auckland,Traffic Signals,0,1,0,0,0,0,Urban,0,0,0,Fine,Null
1763971.7376,5912067.5032,836111,,520500,0,,0,2,,Null,2025/2026,MOUNT WELLINGTON HIGHWAY,VESTEY DRIVE,,Non-Injury Crash,No,2025,,North,,0,,Flat,,,,,,Dark,637900,0,0,0,3,,,0,,,,,,Auckland Region,Nil,1-way,Sealed,,0,0,,50,,On,0,0,,76,Auckland,Give way,,,,,0,0,Urban,0,,,Fine,Null
1759824.8125,5908744.3875,836118,,524121,0,0,0,1,0,West,2022/2023,WALMSLEY ROAD,WALMSLEY OBR,,Non-Injury Crash,No,2023,0,East,0,0,0,Flat,0,,0,,1,Dark,737000,0,0,0,4,0,0,0,0,0,,0,0,Auckland Region,Overpass,2-way,Sealed,0,0,0,0,60,0,On,0,0,,76,Auckland,Nil,0,0,0,0,0,0,Urban,0,0,0,Heavy rain,Null
1747453.2008,5917608.1317,836122,,512500,0,,0,1,,West,2022/2023,MCLEOD ROAD,RIVERGLADE PARKWAY,,Minor Crash,No,2023,,East,,0,,Flat,,,,,,Overcast,258600,1,0,0,2,,,0,,,,,,Auckland Region,Nil,2-way,Sealed,,0,0,,50,,Off,0,0,,76,Auckland,Nil,,,,,0,0,Urban,1,,,Fine,Null
1768350.5727,5908574.4269,836159,,523502,0,,0,2,,Null,2025/2026,SPRINGS ROAD,EAST TAMAKI ROAD,,Non-Injury Crash,No,2025,,South,,0,,Flat,,Christmas New Year,,,,Dark,702600,0,0,0,4,,,0,,,,,,Auckland Region,Nil,2-way,Sealed,,0,0,,50,,On,0,0,,76,Auckland,Traffic Signals,,,,,0,0,Urban,0,,,Light rain,Null
1738712.7542,5944536.2182,836165,45,506646,0,,0,1,,East,2025/2026,KAHIKATEA FLAT ROAD,WAITOKI ROAD,,Minor Crash,No,2025,,West,,0,,Flat,,,,,,Bright sun,213100,1,0,0,2,,,0,,,,,,Auckland Region,Nil,2-way,Sealed,,0,0,,50,,Off,0,0,,76,Auckland,Nil,,,,,1,0,Urban,0,,,Fine,Null
1760545.5847,5908634.0238,836173,,524403,0,0,0,1,0,North,2025/2026,ROBERTSON ROAD,TE MOTU WAY,,Non-Injury Crash,No,2025,0,South,0,0,0,Flat,0,,0,,0,Dark,729902,0,0,0,2,0,0,0,0,1,,0,0,Auckland Region,Nil,2-way,Sealed,0,0,0,0,50,0,On,0,0,,76,Auckland,Nil,0,0,0,0,0,0,Urban,1,0,0,Fine,Null
1755630.2335,5924630.8638,836189,,509800,0,,0,2,,Null,2025/2026,ONEWA ROAD,QUEEN STREET,,Non-Injury Crash,No,2025,,West,,0,,Flat,,Christmas New Year,,,,Bright sun,360500,0,0,0,4,,,0,,,,,,Auckland Region,Nil,2-way,Sealed,,0,0,,50,,Off,0,0,,76,Auckland,Traffic Signals,,,,,0,0,Urban,0,,,Light rain,Null
1752594.6846,5930682.3992,836191,,508803,0,0,0,3,0,East,2025/2026,BLUEBIRD CRESCENT,CONDOR PLACE,,Minor Crash,No,2025,0,West,0,0,0,Hill Road,0,,0,,0,Twilight,180862,1,0,0,2,0,0,0,0,1,,0,0,Auckland Region,Nil,2-way,Sealed,0,0,0,0,50,0,Off,0,0,,76,Auckland,Nil,0,0,0,0,0,0,Urban,0,0,0,Fine,Null
1769923.152,5908134.9172,836222,,523713,0,,0,2,,Null,2024/2025,CHAPEL ROAD,ACCENT DRIVE,,Non-Injury Crash,No,2025,,North,,0,,Flat,,,,,,Bright sun,712302,0,0,0,5,,,0,,,,,,Auckland Region,Nil,2-way,Sealed,,0,0,,50,,Off,0,0,,76,Auckland,Traffic Signals,,,,,0,0,Urban,0,,,Fine,Null
1778230.599,5904292.6222,836230,,525201,0,0,0,0,0,East,2025/2026,WEST ROAD,SUTTON ROAD,,Serious Crash,No,2025,0,East,0,0,0,Hill Road,0,,0,,0,Bright sun,763202,0,0,0,2,0,0,0,1,0,,0,0,Auckland Region,Nil,2-way,Sealed,0,0,1,0,60,0,Off,1,0,,76,Auckland,Nil,0,0,0,0,0,0,Urban,0,0,0,Fine,Null
1753305.0749,5918307.1349,836253,,515002,0,,0,1,,West,2023/2024,NORTH-WESTERN MOTORWAY,ST LUKES OBR,,Minor Crash,Yes,2024,,East,,0,,Flat,,,,,,Bright sun,390501,1,0,0,4,,,0,,,,,,Auckland Region,Nil,1-way,Sealed,,0,0,,100,,Off,0,0,,76,Auckland,Nil,,,,,0,0,Open,1,,,Fine,Null
1759575.2708,5909845.2869,836254,,524002,0,,0,3,,North,2025/2026,SOUTH-WESTERN MOTORWAY,HASTIE FTBR,,Non-Injury Crash,Yes,2025,,South,,0,,Flat,,,,,,Bright sun,722400,0,0,0,3,,,0,,,,,,Auckland Region,Nil,1-way,Sealed,,0,0,,100,,Off,0,0,,76,Auckland,Nil,,,,,0,0,Open,0,,,Fine,Null
1777231.3379,5881508.5626,836261,,521160,0,0,0,1,0,North,2022/2023,RAZORBACK ROAD,BARBER ROAD,,Non-Injury Crash,No,2023,0,South,1,0,1,Flat,0,,0,,0,Overcast,815000,0,0,0,2,0,0,0,0,0,,0,0,Auckland Region,Nil,2-way,Sealed,0,0,0,0,60,0,None,0,0,,76,Auckland,Nil,0,0,0,0,0,0,Urban,0,0,0,Light rain,Null
1774900.8019,5887449.8013,836270,,521302,0,,0,2,,North,2025/2026,SOUTHERN MOTORWAY,ARARIMU OBR,,Non-Injury Crash,Yes,2025,,North,,0,,Flat,,,,,,Bright sun,809101,0,0,0,2,,,0,,,,,,Auckland Region,Nil,1-way,Sealed,,0,0,,100,,Off,1,0,,76,Auckland,Nil,,,,,0,0,Open,0,,,Fine,Null
1762310.1249,5913455.1423,836273,,520402,0,,0,3,,South,2022/2023,SOUTHERN MOTORWAY,PENROSE OBR,,Non-Injury Crash,Yes,2023,,South,,0,,Flat,,,,,,Bright sun,642200,0,0,0,3,,,0,,,,,,Auckland Region,Nil,1-way,Sealed,,0,0,,100,,Off,0,0,,76,Auckland,Nil,,,,,0,0,Open,0,,,Fine,Null
1758529.8166,5917331.8571,836284,,516001,0,,0,3,,South,2024/2025,GREAT SOUTH ROAD,MARGOT STREET,,Minor Crash,No,2025,,Null,,0,,Flat,,,,,,Dark,490900,1,0,0,2,,,0,,,,,,Auckland Region,Nil,2-way,Sealed,,0,0,,50,,Null,0,0,,76,Auckland,Nil,,,,,0,0,Urban,0,,,Fine,Null
1767526.3641,5903044.8085,836293,,524602,0,,0,2,,Null,2022/2023,KERRS ROAD,TREVOR HOSKEN DRIVE,,Non-Injury Crash,No,2023,,East,,0,,Flat,,,,,,Dark,780407,0,0,0,2,,,0,,,,,,Auckland Region,Nil,2-way,Sealed,,0,0,,60,,On,0,0,,76,Auckland,Traffic Signals,,,,,0,0,Urban,0,,,Light rain,Null
1763233.9999,5920416.9961,836294,,516500,0,,0,1,,West,2025/2026,TAMAKI DRIVE,PATTESON AVENUE,,Non-Injury Crash,No,2025,,East,,0,,Null,,,,,,Bright sun,500600,0,0,0,2,,,0,,,,,,Auckland Region,Nil,2-way,Sealed,,0,0,,30,,Null,1,0,,76,Auckland,Nil,,,,,0,0,Urban,0,,,Fine,Null
1761843.5789,5908463.1942,836297,,524510,0,0,0,1,0,South,2022/2023,ARCHBOYD AVENUE,ASPENWOOD PLACE,,Non-Injury Crash,No,2023,0,South,0,0,1,Flat,0,,0,,0,Overcast,734007,0,0,0,2,0,0,0,0,0,,0,0,Auckland Region,Nil,2-way,Sealed,0,0,0,0,50,0,Off,0,0,,76,Auckland,Nil,0,0,0,0,0,0,Urban,0,0,0,Light rain,Null
1774376.4411,5888587.1129,836301,,521302,0,0,0,3,0,North,2023/2024,SOUTHERN MOTORWAY,RAMARAMA ON RAMP,,Minor Crash,Yes,2024,0,North,0,0,0,Flat,1,,0,,0,Dark,809101,2,0,0,2,0,0,0,0,0,,0,0,Auckland Region,Nil,1-way,Sealed,0,0,0,0,100,0,On,0,0,,76,Auckland,Nil,0,0,0,0,0,0,Open,1,0,0,Fine,Null
1752966.1485,5928243.2935,836341,,508412,0,0,0,1,0,South,2024/2025,EASTON PARK PARADE,MCQUOID PLACE,,Non-Injury Crash,No,2025,0,North,0,0,0,Flat,0,,0,,0,Dark,184600,0,0,0,2,0,0,0,0,0,,0,0,Auckland Region,Nil,2-way,Sealed,0,0,0,0,50,0,On,0,0,,76,Auckland,Nil,0,0,0,1,0,0,Urban,0,0,0,Fine,Null
1741650.7965,5918564.4531,836355,,513101,0,,0,2,,Null,2025/2026,CANDIA ROAD,POOKS ROAD,,Non-Injury Crash,No,2026,,North,,0,,Flat,,,,,,Overcast,238304,0,0,0,2,,,0,,,2,,,Auckland Region,Nil,2-way,Sealed,,0,0,,50,,Off,0,0,,76,Auckland,Give way,,,,,0,0,Urban,0,,,Fine,Null
1749275.6527,5943758.2294,836365,,506003,0,0,0,1,0,North,2024/2025,EAST COAST ROAD,SPUR ROAD,,Non-Injury Crash,No,2024,0,South,0,0,1,Flat,0,,0,,0,Dark,175702,0,0,0,2,0,0,0,0,0,,0,0,Auckland Region,Nil,2-way,Sealed,0,0,0,0,80,0,On,0,0,,76,Auckland,Nil,0,0,0,1,0,0,Open,0,0,0,Fine,Null
1758450.7812,5918141.4703,836373,,517400,0,,0,2,,Null,2024/2025,BROADWAY,TEED STREET,,Non-Injury Crash,No,2025,,North,,0,,Null,,,,,,Bright sun,451300,0,0,0,4,,,0,,,,,,Auckland Region,Nil,2-way,Sealed,,0,0,,50,,Null,0,0,,76,Auckland,Isolated Pedestrian signal (non-intersection),,,,,0,0,Urban,0,,,Fine,Null
1757185.9397,5920858.6061,836388,,514102,0,0,0,3,0,North,2022/2023,HOBSON STREET,SWANSON STREET,,Minor Crash,No,2023,0,South,0,0,0,Hill Road,0,,0,,0,Dark,433101,2,0,0,4,0,0,0,0,2,,0,0,Auckland Region,Nil,1-way,Sealed,0,0,0,0,40,0,On,0,0,,76,Auckland,Nil,0,0,0,0,0,0,Urban,0,0,0,Light rain,Null
1742151.2381,5926783.4016,836392,,513410,0,0,0,1,0,North,2022/2023,SH 16,KENNEDYS ROAD,,Minor Crash,Yes,2023,0,East,1,0,0,Flat,0,,0,,0,Bright sun,220000,3,0,0,2,0,0,0,0,0,,0,0,Auckland Region,Nil,2-way,Sealed,0,0,0,0,80,0,None,1,0,,76,Auckland,Nil,0,0,0,0,0,0,Open,1,0,0,Fine,Null
1764601.7938,5905889.1099,836413,,522100,0,,0,2,,Null,2024/2025,STATION ROAD,HILLCREST ROAD,,Non-Injury Crash,No,2025,,North,,0,,Flat,,,,,,Bright sun,657700,0,0,0,2,,,0,,,,,,Auckland Region,Nil,2-way,Sealed,,0,0,,50,,Null,0,0,,76,Auckland,Give way,,,,,0,0,Urban,0,,,Fine,Null
1744649.3289,5921523.0693,836423,,513530,0,,0,1,,North,2022/2023,NORTH-WESTERN MOTORWAY,HURUHURU OBR,,Minor Crash,Yes,2023,,South,,0,,Hill Road,,,,,,Bright sun,226200,1,0,0,3,,,0,,,,,,Auckland Region,Nil,1-way,Sealed,,0,0,,100,,Off,0,0,,76,Auckland,Nil,,,,,1,0,Open,0,,,Fine,Null
1755211.0952,5918726.1784,836437,,515420,0,0,0,2,0,Null,2024/2025,HARCOURT STREET,CRUMMER ROAD,,Non-Injury Crash,No,2025,0,South,0,0,0,Hill Road,0,,0,,0,Bright sun,406800,0,0,0,2,0,0,0,0,1,,0,0,Auckland Region,Nil,2-way,Sealed,0,0,0,0,50,0,Off,1,0,,76,Auckland,Stop,0,0,0,0,0,0,Urban,0,0,0,Fine,Null
1776806.3936,5906396.4868,836467,,523202,0,,0,1,,South,2025/2026,WHITFORD PARK ROAD,HUANUI WAY,,Minor Crash,No,2025,,North,,0,,Hill Road,,,,,,Bright sun,716603,1,0,0,2,,,0,,,,,,Auckland Region,Nil,2-way,Sealed,,0,0,,80,,Off,0,0,,76,Auckland,Nil,,,,,1,0,Open,0,,,Fine,Null
1766874.3993,5903863.067,836507,,524604,0,,0,3,,Null,2024/2025,LAMBIE DRIVE,LAMBIE DRIVE OFF RAMP,,Non-Injury Crash,No,2025,,South,,0,,Hill Road,,,,,,Overcast,780210,0,0,0,4,,,0,,,,,,Auckland Region,Bridge,2-way,Sealed,,0,0,,50,,On,0,0,,76,Auckland,Traffic Signals,,,,,0,0,Urban,0,,,Fine,Frost
1773673.2522,5909575.7038,836509,,523202,0,0,0,0,0,South,2024/2025,WHITFORD ROAD,FAIRVIEW ROAD,,Non-Injury Crash,No,2025,0,South,0,0,1,Hill Road,0,,0,,0,Overcast,717505,0,0,0,2,0,0,0,0,0,,0,0,Auckland Region,Nil,2-way,Sealed,0,0,0,0,60,0,None,0,0,,76,Auckland,Nil,0,0,0,0,1,0,Urban,0,0,0,Light rain,Null
1757092.909,5919179.407,836515,,514200,0,,0,1,,South,2024/2025,SOUTHERN MOTORWAY,SYMONDS OBR,,Non-Injury Crash,Yes,2025,,East,,0,,Hill Road,,,,,,Bright sun,412301,0,0,0,4,,,0,,,,,,Auckland Region,Underpass,1-way,Sealed,,0,0,,80,,Off,0,0,,76,Auckland,Nil,,,,,0,0,Open,1,,,Fine,Null
1758491.8468,5918335.7429,836519,,517400,0,0,1,0,0,Null,2022/2023,KHYBER PASS ROAD,BROADWAY,,Minor Crash,No,2023,0,East,0,0,0,Flat,0,,1,,0,Overcast,451000,1,0,0,4,0,1,0,0,0,,0,0,Auckland Region,Nil,2-way,Sealed,0,0,0,0,50,0,Off,0,0,,76,Auckland,Traffic Signals,0,0,0,0,0,0,Urban,0,0,0,Fine,Null
1770197.0967,5898318.8896,836547,,523920,0,,0,0,,South,2025/2026,SOUTHERN MOTORWAY,WALTER STREVENS OBR,,Minor Crash,Yes,2025,,South,,0,,Flat,,,,,,Overcast,768003,1,0,0,3,,,0,,,,,,Auckland Region,Nil,1-way,Sealed,,0,0,,100,,Off,1,0,,76,Auckland,Nil,,,,,0,0,Open,2,,,Fine,Null
1755649.14,5913212.2038,836549,,518701,0,0,0,1,0,East,2024/2025,SOUTH-WESTERN MOTORWAY,KEITH HAY PARK FTBR,,Non-Injury Crash,Yes,2025,0,West,0,0,0,Flat,1,,0,,0,Dark,573800,0,0,0,3,0,0,0,0,0,,0,0,Auckland Region,Nil,1-way,Sealed,0,0,0,0,100,0,On,0,0,,76,Auckland,Nil,0,0,0,0,0,0,Open,0,0,0,Fine,Null
1761081.3698,5914349.277,836557,,520202,0,,0,1,,Null,2025/2026,ELLERSLIE-PANMURE HIGHWAY,GREAT SOUTH ROAD,,Non-Injury Crash,No,2025,,West,,0,,Null,,,,,,Bright sun,612300,0,0,0,2,,,0,,,,,,Auckland Region,Nil,1-way,Sealed,,0,0,,,,Null,0,0,,76,Auckland,Give way,,,,,0,0,Urban,1,,,Fine,Null
1758962.4462,5912886.8528,836565,,519820,0,,0,2,,South,2024/2025,ONEHUNGA MALL,TRAFALGAR STREET,,Non-Injury Crash,No,2025,,North,,0,,Flat,,,,,,Bright sun,599600,0,0,0,2,,,0,,,,,,Auckland Region,Nil,2-way,Sealed,,0,0,,50,,Off,0,0,,76,Auckland,Nil,,,,,0,0,Urban,0,,,Fine,Null
1734455.0826,5936136.839,836571,,506653,0,,0,0,,East,2024/2025,PEAK ROAD,OLD NORTH ROAD,,Non-Injury Crash,No,2025,,North,,0,,Flat,,,,,,Dark,217703,0,0,0,2,,,0,,,,,,Auckland Region,Nil,2-way,Sealed,,0,0,,80,,None,0,0,,76,Auckland,Nil,,,,,0,0,Open,1,,,Fine,Null
1768982.0884,5881607.9487,836579,,525910,0,,0,2,,North,2024/2025,EDINBURGH STREET,HALL STREET,,Non-Injury Crash,No,2025,,North,,0,,Flat,,,,,,Bright sun,818200,0,0,0,2,,,0,,,,,,Auckland Region,Nil,2-way,Sealed,,0,0,,50,,Off,0,0,,76,Auckland,Nil,,,,,0,0,Urban,0,,,Fine,Null
1740244.7696,5930430.8634,836583,55,505604,0,0,0,1,0,West,2022/2023,DEACON ROAD,KENNEDY LANE,,Minor Crash,No,2023,0,South,1,0,0,Hill Road,0,,0,,0,Bright sun,214202,1,0,0,2,0,0,0,0,0,,0,0,Auckland Region,Nil,2-way,Sealed,0,0,0,0,80,0,None,0,0,,76,Auckland,Nil,0,0,0,0,0,0,Open,0,0,0,Fine,Null
1767802.4578,5904272.9822,836587,,524602,0,,0,2,,Null,2024/2025,REDOUBT ROAD,GREAT SOUTH ROAD,,Non-Injury Crash,No,2025,,West,,0,,Hill Road,,,,,,Dark,780501,0,0,0,1,,,0,,,,,,Auckland Region,Nil,1-way,Sealed,,0,0,,50,,On,0,0,,76,Auckland,Give way,,,,,0,0,Urban,0,,,Fine,None
1769671.3702,5911308.4147,836589,,523107,0,0,0,1,0,Null,2024/2025,TI RAKAU DRIVE,HUNTINGTON DRIVE,,Non-Injury Crash,No,2025,0,East,0,0,0,Flat,0,,0,,0,Dark,711702,0,0,0,1,0,0,0,0,0,,0,0,Auckland Region,Nil,1-way,Sealed,0,0,0,0,50,0,On,0,0,,76,Auckland,Traffic Signals,0,1,0,0,0,0,Urban,0,0,0,Fine,Null
1764764.2847,5911294.9999,836603,,520500,0,,0,2,,South,2024/2025,SOUTHERN MOTORWAY,PANAMA OBR,,Non-Injury Crash,Yes,2024,,North,,0,,Flat,,Christmas New Year,,,,Bright sun,636200,0,0,0,3,,,0,,,,,,Auckland Region,Nil,1-way,Sealed,,0,0,,100,,Off,0,0,,76,Auckland,Nil,,,,,0,0,Open,0,,,Fine,Null
1745334.2841,5917409.2898,836605,,510800,0,,0,2,,Null,2025/2026,GREAT NORTH ROAD,HENDERSON VALLEY ROAD,,Non-Injury Crash,No,2025,,South,,0,,Hill Road,,,,,,Bright sun,241500,0,0,0,4,,,0,,,,,,Auckland Region,Nil,2-way,Sealed,,0,0,,50,,Off,0,0,,76,Auckland,Traffic Signals,,,,,0,0,Urban,0,,,Fine,Null
1745734.5104,5917233.6746,836613,,510700,0,0,0,1,0,Null,2025/2026,EDMONTON ROAD,GREAT NORTH ROAD,,Non-Injury Crash,No,2025,0,South,0,0,1,Flat,0,,0,,0,Dark,240000,0,0,0,4,0,0,0,0,0,,0,0,Auckland Region,Nil,2-way,Sealed,0,0,0,0,50,0,On,0,0,,76,Auckland,Traffic Signals,0,0,0,0,0,0,Urban,0,0,0,Fine,Null
1758346.9228,5928046.1925,836627,,508010,0,0,1,1,0,South,2024/2025,HURSTMERE ROAD,O'NEILLS AVENUE,,Non-Injury Crash,No,2025,0,South,0,0,0,Flat,0,,0,,0,Unknown,325600,0,0,0,2,0,0,0,0,1,,0,0,Auckland Region,Nil,2-way,Sealed,0,0,0,0,50,0,Null,0,0,,76,Auckland,Nil,0,0,0,0,0,0,Urban,0,0,0,Fine,Null
1764166.0027,5904160.7211,836645,,524604,0,,0,1,,South,2024/2025,SOUTH-WESTERN MOTORWAY,PUHINUI OBR,,Non-Injury Crash,Yes,2025,,South,,0,,Flat,,,,,,Bright sun,781100,0,0,0,2,,,0,,,,,,Auckland Region,Nil,1-way,Sealed,,0,0,,100,,Off,1,0,,76,Auckland,Nil,,,,,0,0,Open,0,,,Fine,Null
1746961.9254,5919061.5818,836659,,512402,0,,0,1,,South,2024/2025,TE ATATU ROAD,VERA ROAD,,Non-Injury Crash,No,2025,,South,,0,,Flat,,,,,,Bright sun,254800,0,0,0,4,,,0,,,,,,Auckland Region,Nil,2-way,Sealed,,0,0,,50,,Off,0,0,,76,Auckland,Nil,,,,,0,0,Urban,1,,,Fine,Null
1758847.8447,5911478.4693,836693,,519820,0,0,0,1,0,North,2024/2025,SOUTH-WESTERN MOTORWAY,ONEHUNGA HARBOUR ROAD OFF RAMP,,Non-Injury Crash,Yes,2025,0,North,0,0,0,Flat,1,,0,,0,Dark,602402,0,0,0,3,0,0,0,0,0,,0,0,Auckland Region,Nil,1-way,Sealed,0,0,0,0,100,0,On,0,0,,76,Auckland,Nil,0,0,0,0,0,0,Open,0,0,0,Fine,Null
1737064.0511,5917655.2304,836721,,513702,0,0,0,0,0,North,2025/2026,TE HENGA ROAD,SCENIC DRIVE,,Serious Crash,No,2026,0,West,1,0,0,Flat,0,,0,,0,Overcast,237208,0,0,1,2,0,0,0,0,0,,0,0,Auckland Region,Nil,2-way,Sealed,0,0,1,0,60,0,None,0,0,,76,Auckland,Nil,0,0,0,0,0,0,Urban,0,0,0,Fine,Null
1765197.4801,5909613.8607,836723,,521803,0,,0,2,,South,2025/2026,SOUTHERN MOTORWAY,TRENWITH OBR,,Minor Crash,Yes,2025,,South,,0,,Flat,,,,,,Bright sun,788500,2,0,0,3,,,0,,,,,,Auckland Region,Nil,1-way,Sealed,,0,0,,100,,Off,2,0,,76,Auckland,Nil,,,,,0,0,Open,1,,,Fine,Null
1773438.7243,5891847.2464,836753,,521301,0,,0,2,,Null,2025/2026,GREAT SOUTH ROAD,WAIHOEHOE ROAD,,Non-Injury Crash,No,2025,,North,,0,,Flat,,,,,,Overcast,808701,0,0,0,2,,,0,,,,,,Auckland Region,Nil,2-way,Sealed,,0,0,,50,,Off,0,0,,76,Auckland,Give way,,,,,0,0,Urban,0,,,Heavy rain,Strong wind
1775105.684,5887007.0887,836759,,521132,0,,0,3,,South,2024/2025,SOUTHERN MOTORWAY,RAMARAMA OFF RAMP,,Non-Injury Crash,Yes,2025,,North,,0,,Flat,,,,,,Bright sun,814003,0,0,0,2,,,0,,,,,,Auckland Region,Nil,1-way,Sealed,,0,0,,100,,Off,1,0,,76,Auckland,Nil,,,,,0,0,Open,0,,,Fine,Null
1757483.0512,5919795.2116,836769,,514103,0,,0,2,,East,2024/2025,MOUNT STREET,QKL390,,Non-Injury Crash,No,2025,,West,,0,,Flat,,,,,,Bright sun,436902,0,0,0,2,,,0,,,,,,Auckland Region,Nil,2-way,Sealed,,0,0,,30,,None,0,0,,76,Auckland,Nil,,,,,0,0,Urban,0,,,Fine,None
1756809.4323,5912747.6107,836772,,518702,0,0,0,1,0,East,2022/2023,SOUTH-WESTERN MOTORWAY,HILLSBOROUGH OBR,,Minor Crash,Yes,2023,0,West,0,0,0,Flat,1,,0,,0,Overcast,570100,1,0,0,3,0,0,0,0,0,,0,0,Auckland Region,Nil,1-way,Sealed,0,0,0,0,100,0,Off,0,0,,76,Auckland,Nil,0,0,0,0,0,0,Open,0,0,0,Light rain,Null
1757197.7399,5912498.4397,836775,,518702,0,,0,3,,South,2025/2026,SOUTH-WESTERN MOTORWAY,HILLSBOROUGH ROAD ON RAMP,,Non-Injury Crash,Yes,2025,,South,,0,,Hill Road,,,,,,Overcast,570300,0,0,0,2,,,0,,,,,,Auckland Region,Nil,1-way,Sealed,,0,0,,100,,Off,0,0,,76,Auckland,Nil,,,,,0,0,Open,1,,,Light rain,Null
1759430.8407,5914189.0474,836777,,519300,0,,0,2,,Null,2024/2025,BOLLARD AVENUE,CAMPBELL ROAD,,Non-Injury Crash,No,2025,,East,,0,,Null,,,,,,Bright sun,623400,0,0,0,2,,,0,,,,,,Auckland Region,Nil,2-way,Sealed,,0,0,,30,,Null,0,0,,76,Auckland,Give way,,,,,0,0,Urban,0,,,Fine,Null
1746955.9362,5922312.3801,836783,,512201,0,0,0,0,0,West,2024/2025,KERVIL AVENUE,TE ATATU ROAD,,Non-Injury Crash,No,2025,0,East,0,0,0,Flat,0,,0,,0,Dark,246500,0,0,0,2,0,0,0,0,1,,0,0,Auckland Region,Nil,2-way,Sealed,0,0,0,0,50,0,On,0,0,,76,Auckland,Nil,0,0,0,0,0,0,Urban,2,0,0,Light rain,Null
1767157.4497,5912261.1417,836784,,522920,0,0,0,2,0,North,2022/2023,EDGEWATER DRIVE,SNELL PLACE,,Non-Injury Crash,No,2023,0,North,0,0,0,Flat,0,,0,,0,Bright sun,686900,0,0,0,2,0,0,0,0,1,,0,0,Auckland Region,Nil,2-way,Sealed,0,0,0,0,50,0,None,0,0,,76,Auckland,Nil,0,0,0,0,0,0,Urban,0,0,0,Fine,Null
1763134.668,5917195.3813,836803,,516302,0,,0,2,,Null,2022/2023,NORMAN LESSER DRIVE,GERARD WAY,,Minor Crash,No,2023,,West,,0,,Flat,,,,,,Bright sun,462806,1,0,0,2,,,0,,,,,,Auckland Region,Nil,2-way,Sealed,,0,0,,50,,Off,0,0,,76,Auckland,Give way,,,,,0,0,Urban,0,,,Light rain,Null
1757598.2046,5918387.2568,836806,,518101,0,,0,3,,South,2025/2026,SOUTHERN MOTORWAY,BOSTON OBR,,Non-Injury Crash,Yes,2026,,North,,0,,Flat,,,,,,Bright sun,542700,0,0,0,4,,,0,,,,,,Auckland Region,Nil,1-way,Sealed,,0,0,,80,,Off,0,0,,76,Auckland,Nil,,,,,0,0,Open,0,,,Fine,Null
1769537.4972,5901943.809,836823,,523814,0,,0,0,,North,2022/2023,SOUTHERN MOTORWAY,HILL OBR,,Non-Injury Crash,Yes,2023,,South,,0,,Hill Road,,,,,,Bright sun,760702,0,0,0,3,,,0,,,,,,Auckland Region,Nil,1-way,Sealed,,0,0,,100,,Off,0,0,,76,Auckland,Nil,,,,,0,0,Open,1,,,Fine,Null
1753020.5754,5933642.9083,836843,,508701,0,0,0,1,0,North,2022/2023,CORINTHIAN DRIVE,ORACLE DRIVE,,Fatal Crash,No,2023,0,North,0,1,0,Hill Road,0,,0,,0,Bright sun,178900,0,0,0,2,0,0,0,0,2,1,0,0,Auckland Region,Nil,2-way,Sealed,0,0,0,0,50,0,Off,1,0,,76,Auckland,Nil,0,0,0,0,0,0,Urban,1,0,0,Fine,Null
1765692.5572,5917933.6971,836846,,517001,0,,0,1,,South,2024/2025,LINE ROAD,WEST TAMAKI ROAD,,Non-Injury Crash,No,2024,,South,,0,,Hill Road,,,,,,Overcast,470600,0,0,0,2,,,0,,,,,,Auckland Region,Nil,2-way,Sealed,,0,0,,50,,Off,0,0,,76,Auckland,Nil,,,,,0,0,Urban,1,,,Light rain,Null