X,Y,OBJECTID,advisorySpeed,areaUnitID,bicycle,bridge,bus,carStationWagon,cliffBank,crashDirectionDescription,crashFinancialYear,crashLocation1,crashLocation2,crashRoadSideRoad,crashSeverity,crashSHDescription,crashYear,debris,directionRoleDescription,ditch,fatalCount,fence,flatHill,guardRail,holiday,houseOrBuilding,intersection,kerb,light,meshblockId,minorInjuryCount,moped,motorcycle,NumberOfLanes,objectThrownOrDropped,otherObject,otherVehicleType,overBank,parkedVehicle,pedestrian,phoneBoxEtc,postOrPole,region,roadCharacter,roadLane,roadSurface,roadworks,schoolBus,seriousInjuryCount,slipOrFlood,speedLimit,strayAnimal,streetLight,suv,taxi,temporarySpeedLimit,tlaId,tlaName,trafficControl,trafficIsland,trafficSign,train,tree,truck,unknownVehicleType,urban,vanOrUtility,vehicle,waterRiver,weatherA,weatherB
1750257.6341,5913029.8812,836856,,511402,0,0,0,2,0,South,2025/2026,LINKS ROAD,LINKS ROAD,,Minor Crash,No,2025,0,South,0,0,0,Hill Road,0,Christmas New Year,0,,1,Overcast,264800,3,0,0,2,0,0,0,0,0,,0,0,Auckland Region,Nil,2-way,Sealed,0,0,0,0,50,0,Off,0,0,,76,Auckland,Nil,0,0,0,0,0,0,Urban,0,0,0,Light rain,Null
1776001.0315,5881958.6473,836860,,521160,0,,0,1,,Null,2022/2023,BOMBAY OFF RAMP,MILL ROAD,,Minor Crash,No,2023,,South,,0,,Hill Road,,,,,,Overcast,827604,1,0,0,1,,,0,,,,,,Auckland Region,Motorway ramp,1-way,Sealed,,0,0,,100,,Off,0,0,,76,Auckland,Stop,,,,,0,0,Open,1,,,Fine,Null
1758614.5478,5926274.7574,836878,,508020,0,,0,0,,Null,2025/2026,LAKE ROAD,HART ROAD,,Minor Crash,No,2026,,West,,0,,Flat,,,,,,Bright sun,320900,1,0,0,4,,,0,,,1,,,Auckland Region,Nil,2-way,Sealed,,0,0,,50,,Off,1,0,,76,Auckland,Nil,,,,,0,0,Urban,0,,,Fine,Null
1768021.5982,5906859.8215,836882,,523711,0,,0,1,,North,2022/2023,RONGOMAI ROAD,DAWSON ROAD,,Serious Crash,No,2023,,North,,0,,Flat,,,,,,Twilight,714100,0,0,0,2,,,0,,,1,,,Auckland Region,Nil,2-way,Sealed,,0,1,,50,,On,0,0,,76,Auckland,Nil,,,,,0,0,Urban,0,,,Fine,Null
1766348.6242,5903427.1147,836888,,524604,0,0,0,2,0,Null,2024/2025,WIRI STATION ROAD,PLUNKET AVENUE,,Non-Injury Crash,No,2025,0,West,0,0,0,Flat,0,Easter,0,,1,Dark,780403,0,0,0,3,0,0,0,0,0,,0,0,Auckland Region,Nil,1-way,Sealed,0,0,0,0,50,0,On,0,0,,76,Auckland,Traffic Signals,0,0,0,0,0,0,Urban,0,0,0,Fine,Null
1745391.9322,5916287.4864,836906,,510800,0,0,0,0,0,South,2022/2023,RAILSIDE AVENUE,VIEW ROAD,,Minor Crash,No,2023,0,North,0,0,0,Flat,0,,0,,0,Overcast,244600,1,0,0,2,0,0,0,0,1,1,0,0,Auckland Region,Nil,2-way,Sealed,0,0,0,0,50,0,Off,0,0,,76,Auckland,Nil,0,0,0,0,2,0,Urban,0,0,0,Fine,Null
1747394.984,5911601.7908,836912,,511901,0,0,0,2,0,South,2025/2026,ATKINSON ROAD,WOODFERN CRESCENT,,Non-Injury Crash,No,2025,0,North,0,0,0,Flat,0,,0,,0,Dark,294702,0,0,0,2,0,0,0,0,1,,0,0,Auckland Region,Nil,2-way,Sealed,0,0,0,0,50,0,On,0,0,,76,Auckland,Nil,0,0,0,0,0,0,Urban,0,0,0,Fine,Null
1737769.8369,5938761.9006,836919,,506653,0,0,0,0,1,East,2022/2023,ARARIMU VALLEY ROAD,ZANDERS ROAD,,Non-Injury Crash,No,2023,0,West,0,0,0,Hill Road,0,,0,,0,Overcast,217000,0,0,0,2,0,0,0,0,0,,0,0,Auckland Region,Nil,2-way,Unsealed,0,0,0,0,80,0,None,0,0,,76,Auckland,Nil,0,0,0,0,1,0,Open,0,0,0,Light rain,Null
1777762.0473,5927687.8741,836926,,520801,0,0,0,1,0,West,2025/2026,OCEAN VIEW ROAD,MAKO STREET,,Non-Injury Crash,No,2025,0,South,0,0,0,Flat,0,,0,,0,Overcast,516010,0,0,0,1,0,1,0,0,1,,0,0,Auckland Region,Nil,1-way,Sealed,0,0,0,0,30,0,Off,0,0,,76,Auckland,Nil,0,0,0,0,0,0,Urban,0,0,1,Fine,Null
1761198.822,5914714.4475,836928,,520202,0,,0,1,,North,2024/2025,SOUTHERN MOTORWAY,ELLERSLIE-PANMURE HWY OFF RAMP,,Non-Injury Crash,Yes,2025,,South,,0,,Flat,,,,,,Overcast,612100,0,0,0,3,,,0,,,,,,Auckland Region,Nil,1-way,Sealed,,0,0,,100,,Off,0,0,,76,Auckland,Nil,,,,,2,0,Open,0,,,Light rain,Null
1755350.6858,5921570.3851,836936,,515202,0,,0,1,,South,2025/2026,NORTHERN MOTORWAY,SHELLY BEACH OBR,,Non-Injury Crash,Yes,2025,,North,,0,,Flat,,,,,,Bright sun,423600,0,0,0,4,,,0,,,,,,Auckland Region,Bridge,1-way,Sealed,,0,0,,80,,Off,0,0,,76,Auckland,Nil,,,,,1,0,Open,0,,,Fine,Null
1727981.1114,5939090.9405,836944,,506644,0,0,0,1,0,North,2025/2026,SH 16,RIMMER ROAD,,Serious Crash,Yes,2025,0,North,0,0,0,Flat,0,,0,,0,Dark,211002,0,0,0,2,0,0,0,0,0,,1,1,Auckland Region,Nil,2-way,Sealed,0,0,1,0,100,0,None,0,0,,76,Auckland,Nil,0,0,0,0,0,0,Open,0,0,0,Fine,Null
1764893.2206,5910157.1178,836960,,521801,0,,0,2,,North,2025/2026,ALBERT STREET,AVENUE ROAD,,Non-Injury Crash,No,2025,,South,,0,,Flat,,,,,,Overcast,787700,0,0,0,2,,,0,,,,,,Auckland Region,Nil,2-way,Sealed,,0,0,,30,,Off,0,0,,76,Auckland,Nil,,,,,0,0,Urban,0,,,Fine,Null
1764327.5983,5919857.62,836966,,516601,0,0,0,2,0,West,2024/2025,MELANESIA ROAD,BADDELEY AVENUE,,Non-Injury Crash,No,2025,0,West,0,0,0,Flat,0,,0,,1,Unknown,505101,0,0,0,2,0,0,0,0,1,,0,0,Auckland Region,Nil,2-way,Sealed,0,0,0,0,50,0,Null,0,0,,76,Auckland,Nil,0,0,0,0,0,0,Urban,0,0,0,Fine,Null
1769359.8199,5880113.6406,836983,,525922,0,,0,1,,East,2023/2024,NELSON STREET,JOHN STREET,,Minor Crash,No,2023,,East,,0,,Flat,,,,,,Bright sun,823500,1,0,0,2,,,0,,,,,,Auckland Region,Nil,2-way,Sealed,,0,0,,50,,Off,0,0,,76,Auckland,Nil,,,,,0,0,Urban,1,,,Fine,Null
1752662.0379,5930200.9717,836998,,509100,0,,0,0,,East,2024/2025,ALBANY HIGHWAY,ALBANY HIGHWAY,,Non-Injury Crash,No,2025,,North,,0,,Hill Road,,,,,,Overcast,181200,0,0,0,4,,,0,,,,,,Auckland Region,Nil,2-way,Sealed,,0,0,,60,,Off,1,0,,76,Auckland,Nil,,,,,0,0,Urban,1,,,Fine,Null
1752823.086,5913137.4143,837021,,518901,0,,0,1,,Null,2024/2025,BOUNDARY ROAD,DUNDEE PLACE,,Non-Injury Crash,No,2025,,North,,0,,Hill Road,,,,,,Bright sun,584501,0,0,0,2,,,0,,,,,,Auckland Region,Nil,2-way,Sealed,,0,0,,50,,Off,1,0,,76,Auckland,Stop,,,,,0,0,Urban,0,,,Fine,Null
1752393.5375,5935845.2229,837022,,506300,0,0,0,0,1,Null,2022/2023,LONELY TRACK ROAD,KEWA ROAD,,Serious Crash,No,2023,0,South,1,0,0,Hill Road,0,,0,,0,Bright sun,176101,0,0,1,2,0,0,0,0,0,,0,0,Auckland Region,Nil,2-way,Sealed,0,0,1,0,60,0,Off,0,0,,76,Auckland,Nil,0,0,0,0,0,0,Urban,0,0,0,Fine,Null
1766365.5519,5899721.0002,837038,,524812,0,,0,2,,Null,2022/2023,MAHIA ROAD,WEYMOUTH ROAD,,Minor Crash,No,2023,,North,,0,,Flat,,,,,,Bright sun,774201,1,0,0,2,,,0,,,,,,Auckland Region,Nil,2-way,Sealed,,0,0,,50,,Off,0,0,,76,Auckland,Give way,,,,,0,0,Urban,0,,,Fine,Frost
1766972.123,5903699.3565,837039,,524602,0,,0,1,,Null,2025/2026,DRUCES ROAD,WIRI STATION ROAD,,Non-Injury Crash,No,2025,,North,,0,,Flat,,,,,,Dark,780404,0,0,0,6,,,0,,,,,,Auckland Region,Nil,2-way,Sealed,,0,0,,50,,On,0,0,,76,Auckland,Traffic Signals,,,,,0,0,Urban,1,,,Fine,Null
1761587.7735,5908110.8773,837042,,524510,0,0,0,1,0,Null,2022/2023,ARCHBOYD AVENUE,KIRKELLA CRESCENT,,Non-Injury Crash,No,2023,0,West,0,0,1,Flat,0,,0,,0,Dark,734010,0,0,0,2,0,0,0,0,0,,0,1,Auckland Region,Nil,2-way,Sealed,0,0,0,0,50,0,On,0,0,,76,Auckland,Nil,0,0,0,0,0,0,Urban,0,0,0,Light rain,Null
1766255.0518,5917403.6451,837047,,517001,0,0,0,2,0,West,2024/2025,LEASIDE LANE,CHILTERN CRESCENT,,Non-Injury Crash,No,2025,0,West,0,0,0,Flat,0,,0,,0,Dark,474200,0,0,0,2,0,0,0,0,1,,0,0,Auckland Region,Nil,2-way,Unsealed,0,0,0,0,30,0,On,0,0,,76,Auckland,Nil,0,0,0,0,0,0,Urban,0,0,0,Fine,Null
1764112.6346,5910403.2071,837053,,521801,0,,0,2,,Null,2025/2026,ATKINSON AVENUE,LUKE STREET,,Non-Injury Crash,No,2025,,South,,0,,Null,,,,,,Unknown,786600,0,0,0,2,,,0,,,,,,Auckland Region,Nil,2-way,Sealed,,0,0,,50,,Null,0,0,,76,Auckland,Give way,,,,,0,0,Urban,0,,,Null,Null
1770779.9503,5901609.0947,837054,,523813,0,0,0,1,0,Null,2023/2024,ALFRISTON ROAD,PORCHESTER ROAD,,Minor Crash,No,2023,0,West,0,0,1,Flat,0,,0,,0,Overcast,759800,1,0,0,1,0,0,0,0,0,,0,0,Auckland Region,Nil,1-way,Sealed,0,0,0,0,60,0,Off,0,0,,76,Auckland,Traffic Signals,0,0,0,0,0,0,Urban,0,0,0,Fine,Null
1742060.7291,5916654.808,837069,,513020,0,,0,3,,South,2025/2026,CANDIA ROAD,SIMPSON ROAD,,Non-Injury Crash,No,2025,,North,,0,,Flat,,,,,,Overcast,279800,0,0,0,2,,,0,,,,,,Auckland Region,Nil,2-way,Sealed,,0,0,,60,,Off,0,0,,76,Auckland,Nil,,,,,0,0,Urban,0,,,Fine,Null
1757354.9861,5909997.375,837079,,524001,1,,0,1,,West,2025/2026,MUIR AVENUE,YORKTON RISE,,Minor Crash,No,2025,,East,,0,,Flat,,,,,,Overcast,720300,1,0,0,2,,,0,,,,,,Auckland Region,Nil,2-way,Sealed,,0,0,,50,,Off,0,0,,76,Auckland,Nil,,,,,0,0,Urban,0,,,Fine,Null
1748297.3958,5913987.3719,837089,,511700,0,,0,2,,West,2022/2023,GREAT NORTH ROAD,AOTEA ROAD,,Non-Injury Crash,No,2023,,West,,0,,Hill Road,,,,,,Bright sun,270202,0,0,0,3,,,0,,,,,,Auckland Region,Nil,1-way,Sealed,,0,0,,50,,Off,0,0,,76,Auckland,Nil,,,,,0,0,Urban,0,,,Fine,Null
1756157.6764,5917810.9032,837092,,518102,0,0,0,1,0,South,2025/2026,DOMINION ROAD,GEORGE STREET,,Non-Injury Crash,No,2025,0,North,0,0,0,Hill Road,0,,0,,0,Dark,545900,0,0,0,4,0,0,0,0,1,,0,0,Auckland Region,Nil,2-way,Sealed,0,0,0,0,50,0,On,0,0,,76,Auckland,Nil,0,0,0,0,0,0,Urban,1,0,0,Fine,Null
1751885.3062,5917577.7746,837101,,514900,0,,0,1,,South,2025/2026,GREAT NORTH ROAD,COWLEY STREET,,Non-Injury Crash,No,2025,,North,,0,,Flat,,,,,,Unknown,385802,0,0,0,4,,,0,,,,,,Auckland Region,Nil,2-way,Sealed,,0,0,,50,,Null,0,0,,76,Auckland,Nil,,,,,1,0,Urban,0,,,Fine,Null
1742100.287,5994574.3696,837107,,506660,0,,0,0,,South,2025/2026,MANGAWHAI ROAD,STANIFORTH ROAD,,Non-Injury Crash,No,2025,,South,,0,,Hill Road,,,,,,Bright sun,135600,0,0,0,2,,,0,,,,,,Auckland Region,Nil,2-way,Sealed,,0,0,,100,,None,0,0,,76,Auckland,Nil,,,,,1,0,Open,1,,,Fine,Null
1751692.8752,5913636.0491,837109,,514402,0,0,0,1,0,East,2024/2025,MARGATE ROAD,BLOCKHOUSE BAY ROAD,,Non-Injury Crash,No,2024,0,West,0,0,0,Flat,0,,0,,0,Bright sun,378800,0,0,0,2,0,0,0,0,1,,0,0,Auckland Region,Nil,2-way,Sealed,0,0,0,0,50,0,Off,0,0,,76,Auckland,Nil,0,0,0,0,0,0,Urban,1,0,0,Fine,Null
1770112.025,5905265.5891,837116,,523712,0,,0,2,,Null,2022/2023,THOMAS ROAD,CLOONLYON DRIVE,,Serious Crash,No,2023,,East,,0,,Hill Road,,,,,,Dark,713300,2,0,0,2,,,0,,,,,,Auckland Region,Nil,2-way,Sealed,,0,1,,50,,On,0,0,,76,Auckland,Give way,,,,,0,0,Urban,0,,,Light rain,Null
1766426.4186,5907616.3397,837123,,523601,0,,0,0,,Null,2025/2026,EAST TAMAKI ROAD,OTARA ROAD,,Non-Injury Crash,No,2025,,West,,0,,Null,,,,,,Dark,708500,0,0,0,3,,,0,,,,,,Auckland Region,Nil,1-way,Sealed,,0,0,,50,,On,1,0,,76,Auckland,Traffic Signals,,,,,0,1,Urban,0,,,Heavy rain,Null
1770656.9389,5897430.7439,837125,,523912,0,,0,1,,South,2025/2026,SOUTHERN MOTORWAY,PAHUREHURE NO 1 BR,,Non-Injury Crash,Yes,2025,,South,,0,,Flat,,,,,,Dark,767803,0,0,0,3,,,0,,,,,,Auckland Region,Nil,1-way,Sealed,,0,0,,100,,On,0,0,,76,Auckland,Nil,,,,,0,0,Open,1,,,Fine,Null
1756410.6986,5919067.0404,837133,,514200,0,,0,2,,North,2025/2026,NORTH-WESTERN TO SOUTHERN LINK,NEWTON OBR,,Non-Injury Crash,Yes,2025,,North,,0,,Flat,,,,,,Dark,411800,0,0,0,2,,,0,,,,,,Auckland Region,Bridge,1-way,Sealed,,0,0,,80,,On,0,0,,76,Auckland,Nil,,,,,0,0,Open,0,,,Fine,Null
1780960.1884,5926796.2922,837139,,520801,0,0,0,1,0,West,2025/2026,PACIFIC PARADE,SHORT STREET,,Non-Injury Crash,No,2026,0,East,0,0,0,Hill Road,0,Christmas New Year,0,,0,Dark,516509,0,0,0,2,0,0,0,0,0,,0,0,Auckland Region,Nil,2-way,Sealed,0,0,0,0,40,1,On,0,0,,76,Auckland,Nil,0,0,0,0,0,0,Urban,0,0,0,Fine,Null
1766411.9892,5912836.3865,837158,,522920,0,,0,1,,West,2022/2023,PAKURANGA HIGHWAY,TI RAKAU DRIVE,,Non-Injury Crash,No,2023,,West,,0,,Flat,,,,,,Overcast,683800,0,0,0,2,,,0,,,,,,Auckland Region,Nil,1-way,Sealed,,0,0,,80,,Null,0,0,,76,Auckland,Nil,,,,,0,0,Open,0,,,Light rain,Null
1744025.9475,5917065.7032,837171,,513220,0,0,0,0,0,South,2025/2026,STURGES ROAD,SPENCE ROAD,,Non-Injury Crash,No,2025,0,South,0,0,0,Flat,0,,0,,0,Dark,236715,0,0,0,2,0,0,0,0,1,,0,0,Auckland Region,Nil,2-way,Sealed,0,0,0,0,50,0,On,1,0,,76,Auckland,Nil,0,0,0,0,0,0,Urban,1,0,0,Fine,Null
1765385.2914,5914247.5993,837174,,520602,0,,0,2,,North,2022/2023,CHURCH CRESCENT,SUNSET VIEW ROAD,,Non-Injury Crash,No,2023,,North,,0,,Hill Road,,,,,,Bright sun,629400,0,0,0,2,,,0,,,,,,Auckland Region,Nil,2-way,Sealed,,0,0,,50,,Off,0,0,,76,Auckland,Nil,,,,,0,0,Urban,0,,,Fine,Null
1756463.7583,5919011.7779,837185,,514200,0,,0,2,,West,2024/2025,NORTH-WESTERN MOTORWAY,SOUTHERN MOTORWAY,,Non-Injury Crash,Yes,2025,,West,,0,,Flat,,,,,,Dark,412800,0,0,0,2,,,0,,,,,,Auckland Region,Nil,1-way,Sealed,,0,0,,80,,On,0,0,,76,Auckland,Nil,,,,,0,0,Open,0,,,Light rain,Null
1741661.1266,5921388.5951,837195,,513621,0,0,0,1,0,West,2025/2026,MUDGEWAYS ROAD,BIRDWOOD ROAD,,Non-Injury Crash,No,2025,0,West,0,0,0,Flat,0,,0,,0,Dark,226601,0,0,0,2,0,0,0,0,0,,0,0,Auckland Region,Nil,2-way,Sealed,0,0,0,0,50,0,None,0,0,,76,Auckland,Nil,0,0,0,0,0,0,Urban,0,0,1,Light rain,Null
1750471.4067,5954693.0939,837201,,506201,0,,0,1,,North,2024/2025,NORTHERN GATEWAY TOLL ROAD,WAIWERA VIADUCT SOUTH,,Non-Injury Crash,Yes,2025,,North,,0,,Flat,,,,,,Overcast,176203,0,0,0,2,,,0,,,,,,Auckland Region,Overpass,1-way,Sealed,,0,0,,100,,Off,0,0,50,76,Auckland,Nil,,,,,1,0,Open,0,,,Light rain,Null
1752894.0641,5934247.5083,837206,,508701,0,0,0,1,0,Null,2022/2023,MCCLYMONTS ROAD,DON MCKINNON DRIVE,,Minor Crash,No,2023,0,South,0,0,1,Flat,0,,0,,0,Bright sun,179000,1,0,0,2,0,0,0,0,0,,0,0,Auckland Region,Nil,2-way,Sealed,0,0,0,0,50,0,Off,0,0,,76,Auckland,Give way,0,0,0,0,0,0,Urban,0,0,0,Fine,Null
1772717.0525,5907345.3083,837213,,523713,0,0,0,1,0,South,2022/2023,ORMISTON ROAD,JEFFS ROAD,,Serious Crash,No,2023,0,North,0,0,0,Hill Road,0,,0,,0,Dark,712600,0,0,0,3,0,0,0,0,0,,0,1,Auckland Region,Nil,2-way,Sealed,0,0,1,0,80,0,None,0,0,,76,Auckland,Nil,0,0,0,0,0,0,Open,0,0,0,Fine,Null
1742431.706,5917132.3868,837217,,513220,0,0,0,1,0,Null,2024/2025,LAKE PANORAMA DRIVE,SIMPSON ROAD,,Non-Injury Crash,No,2025,0,West,1,0,0,Flat,0,Easter,0,,0,Dark,237000,0,0,0,2,0,0,0,0,0,,0,0,Auckland Region,Nil,2-way,Sealed,0,0,0,0,50,0,On,0,0,,76,Auckland,Give way,0,0,0,0,0,0,Urban,0,0,0,Heavy rain,Strong wind
1756139.1885,5923928.8523,837225,,509800,0,,0,1,,South,2025/2026,NORTHERN MOTORWAY,WEIGH BRIDGE,,Non-Injury Crash,Yes,2025,,South,,0,,Flat,,,,,,Bright sun,361200,0,0,0,5,,,0,,,,,,Auckland Region,Nil,1-way,Sealed,,0,0,,80,,Off,1,0,,76,Auckland,Nil,,,,,0,0,Open,0,,,Fine,Null
1781016.1684,5916517.5837,837233,,523300,0,0,0,2,0,West,2024/2025,MARAETAI DRIVE,CAMPBELL ROAD,,Non-Injury Crash,No,2025,0,West,0,0,0,Flat,0,,0,,0,Bright sun,720000,0,0,0,2,0,0,0,0,1,,0,0,Auckland Region,Nil,2-way,Sealed,0,0,0,0,50,0,Off,0,0,,76,Auckland,Nil,0,0,0,0,0,0,Urban,0,0,0,Fine,Null
1751409.5778,5915477.2556,837234,,514401,0,,0,2,,West,2022/2023,ROSEBANK ROAD,ROBERTON ROAD,,Non-Injury Crash,No,2023,,East,,0,,Flat,,,,,,Overcast,382200,0,0,0,2,,,0,,,,,,Auckland Region,Nil,2-way,Sealed,,0,0,,50,,Off,0,0,,76,Auckland,Nil,,,,,0,0,Urban,0,,,Fine,Null
1759848.1598,5908729.8632,837235,,524121,0,,0,1,,South,2025/2026,SOUTH-WESTERN MOTORWAY,WALMSLEY OBR,,Fatal Crash,Yes,2025,,North,,1,,Flat,,,,,,Dark,737000,0,0,0,3,,,0,,,,,,Auckland Region,Motorway ramp,1-way,Sealed,,0,0,,100,,On,0,0,,76,Auckland,Nil,,,,,1,0,Open,0,,,Fine,Null
1761714.4255,5906534.4718,837237,,524112,0,0,0,1,0,Null,2023/2024,MASSEY ROAD,MASSEY ROAD OFF RAMP,,Minor Crash,No,2023,0,North,0,0,0,Flat,1,,0,,0,Dark,742300,1,0,0,6,0,0,0,0,0,,0,0,Auckland Region,Overpass,2-way,Sealed,0,0,0,0,50,0,On,0,0,,76,Auckland,Traffic Signals,0,0,0,0,0,0,Urban,0,0,0,Fine,Null
1761908.3661,5913456.7623,837238,,519500,0,,0,2,,West,2022/2023,GREAT SOUTH ROAD,PENROSE ROAD,,Non-Injury Crash,No,2023,,East,,0,,Flat,,,,,,Dark,621500,0,0,0,4,,,0,,,,,,Auckland Region,Nil,2-way,Sealed,,0,0,,50,,Off,1,0,,76,Auckland,Nil,,,,,0,0,Urban,0,,,Light rain,Null
1760174.6443,5903722.4684,837241,,524200,0,0,0,1,0,Null,2025/2026,TOM PEARCE DRIVE,JIMMY WARD CRESCENT,,Non-Injury Crash,No,2025,0,West,0,0,0,Flat,0,,0,,1,Bright sun,727200,0,0,0,2,0,0,0,0,0,,0,0,Auckland Region,Nil,2-way,Sealed,0,0,0,0,50,0,Off,0,0,,76,Auckland,Give way,0,0,0,0,0,0,Urban,0,0,0,Fine,Null
1756882.6356,5920467.8775,837249,,514102,0,,0,1,,Null,2025/2026,NELSON STREET,VALENTINES LANE,,Minor Crash,No,2025,,West,,0,,Flat,,,,,,Bright sun,433700,1,0,0,3,,,0,,,1,,,Auckland Region,Nil,1-way,Sealed,,0,0,,40,,Off,0,0,,76,Auckland,Nil,,,,,0,0,Urban,0,,,Fine,Null
1768704.2352,5901040.3396,837259,,524901,0,0,0,1,0,South,2024/2025,GREAT SOUTH ROAD,SOUTH MALL ACCESS,,Non-Injury Crash,No,2025,0,North,0,0,0,Flat,0,,0,,0,Bright sun,757100,0,0,0,2,0,0,0,0,1,,0,0,Auckland Region,Nil,2-way,Sealed,0,0,0,0,50,0,Off,0,0,,76,Auckland,Nil,0,0,0,0,0,0,Urban,1,0,0,Fine,Null
1768051.9563,5903364.8488,837265,,524602,0,,0,1,,North,2025/2026,GREAT SOUTH ROAD,KERRS ROAD,,Non-Injury Crash,No,2025,,South,,0,,Flat,,,,,,Bright sun,780506,0,0,0,4,,,0,,,,,,Auckland Region,Nil,2-way,Sealed,,0,0,,60,,Off,1,0,,76,Auckland,Nil,,,,,0,0,Urban,0,,,Fine,Null
1760192.2358,5915465.8796,837267,,519400,0,,1,1,,Null,2025/2026,GREAT SOUTH ROAD,MATAI ROAD,,Non-Injury Crash,No,2025,,North,,0,,Flat,,,,,,Overcast,617301,0,0,0,6,,,0,,,,,,Auckland Region,Nil,2-way,Sealed,,0,0,,50,,Off,0,0,,76,Auckland,Stop,,,,,0,0,Urban,0,,,Fine,Null
1771344.5667,5907012.3273,837281,,523713,0,,0,2,,Null,2025/2026,ORMISTON ROAD,MURPHYS ROAD,,Non-Injury Crash,No,2025,,West,,0,,Hill Road,,,,,,Dark,712600,0,0,0,4,,,0,,,,,,Auckland Region,Nil,1-way,Sealed,,0,0,,50,,On,0,0,,76,Auckland,Traffic Signals,,,,,0,0,Urban,0,,,Fine,Null
1751162.9816,5914562.9614,837298,,514402,0,0,0,2,0,North,2025/2026,ST GEORGES ROAD,POROWHITA ROAD,,Non-Injury Crash,No,2025,0,South,0,0,0,Flat,0,,0,,0,Bright sun,379200,0,0,0,2,0,0,0,0,1,,0,0,Auckland Region,Nil,2-way,Sealed,0,0,0,0,50,0,Off,0,0,,76,Auckland,Nil,0,0,0,0,0,0,Urban,0,0,0,Fine,Null
1755410.5786,5917796.5332,837312,,517500,0,,0,1,,North,2025/2026,SANDRINGHAM ROAD,WALTERS ROAD,,Non-Injury Crash,No,2025,,West,,0,,Null,,,,,,Bright sun,531400,0,0,0,2,,,0,,,,,,Auckland Region,Nil,2-way,Sealed,,0,0,,50,,Null,0,0,,76,Auckland,Isolated Pedestrian signal (non-intersection),,,,,0,0,Urban,1,,,Fine,Null
1760740.0064,5917024.5768,837320,,516202,0,0,0,0,0,North,2025/2026,ORAKEI ROAD,ELMSTONE AVENUE,,Non-Injury Crash,No,2025,0,North,0,0,0,Hill Road,0,,0,,0,Bright sun,489600,0,0,0,2,0,0,0,0,0,,0,1,Auckland Region,Nil,2-way,Sealed,0,0,0,0,50,0,Off,0,0,,76,Auckland,Nil,0,0,0,0,1,0,Urban,0,0,0,Fine,Null
1759085.9131,5926062.7644,837329,,508020,0,,0,2,,West,2025/2026,LAKE ROAD,HORORATA ROAD,,Non-Injury Crash,No,2025,,West,,0,,Flat,,,,,,Overcast,321400,0,0,0,2,,,0,,,,,,Auckland Region,Nil,2-way,Sealed,,0,0,,50,,Off,0,0,,76,Auckland,Nil,,,,,0,0,Urban,0,,,Light rain,Null
1753987.8133,5874826.9015,837335,,526105,0,0,0,1,0,West,2025/2026,COLOMBO ROAD,CAMPBELL STREET,,Non-Injury Crash,No,2025,0,East,0,0,1,Flat,0,,0,,0,Twilight,835504,0,0,0,2,0,0,0,0,0,,0,0,Auckland Region,Nil,2-way,Sealed,0,0,0,0,50,0,On,0,0,,76,Auckland,Nil,0,0,0,0,0,0,Urban,0,0,0,Fine,Null
1746956.3045,5961726.1669,837343,,506613,0,0,0,0,0,North,2024/2025,NORTHERN MOTORWAY,PUHOI ROAD OFF RAMP,,Non-Injury Crash,Yes,2025,0,South,0,0,0,Hill Road,1,,0,,0,Bright sun,146800,0,0,0,2,0,0,0,0,0,,0,0,Auckland Region,Nil,1-way,Sealed,0,0,0,0,100,0,Off,1,0,,76,Auckland,Nil,0,0,0,0,0,0,Open,0,0,0,Fine,Null
1773052.9766,5890875.8277,837351,,521301,0,0,0,1,0,North,2025/2026,SOUTHERN MOTORWAY,QUARRY OBR,,Non-Injury Crash,Yes,2025,0,South,0,0,0,Flat,1,,0,,0,Overcast,809006,0,0,0,2,0,0,0,0,0,,0,0,Auckland Region,Nil,1-way,Sealed,0,0,0,0,100,0,On,0,0,80,76,Auckland,Nil,0,0,0,0,1,0,Open,0,0,0,Fine,Null
1763996.9601,5909969.7841,837361,,521901,0,,0,2,,Null,2025/2026,GREAT SOUTH ROAD,STATION ROAD,,Non-Injury Crash,No,2025,,South,,0,,Flat,,,,,,Bright sun,783800,0,0,0,2,,,0,,,,,,Auckland Region,Nil,2-way,Sealed,,0,0,,30,,None,0,0,,76,Auckland,Stop,,,,,0,0,Urban,0,,,Fine,Null
1759580.5439,5908039.4869,837385,,524122,0,0,0,2,0,North,2024/2025,BADER DRIVE,TAGATA WAY,,Non-Injury Crash,No,2025,0,South,0,0,0,Flat,0,Queens Birthday,0,,0,Dark,737802,0,0,0,2,0,0,0,0,1,,0,0,Auckland Region,Nil,2-way,Sealed,0,0,0,0,50,0,On,0,0,,76,Auckland,Nil,0,0,0,0,0,0,Urban,0,0,0,Fine,Null
1774214.1447,5897610.0429,837391,,525630,0,0,0,0,0,Null,2024/2025,OLD WAIROA ROAD,PUKEROA PLACE,,Non-Injury Crash,No,2025,0,West,0,0,0,Flat,0,,0,,0,Dark,796200,0,0,0,2,0,0,0,0,0,,0,1,Auckland Region,Nil,2-way,Sealed,0,0,0,0,50,0,On,1,0,,76,Auckland,Give way,0,0,0,0,0,0,Urban,0,0,0,Light rain,Null