X,Y,OBJECTID,advisorySpeed,areaUnitID,bicycle,bridge,bus,carStationWagon,cliffBank,crashDirectionDescription,crashFinancialYear,crashLocation1,crashLocation2,crashRoadSideRoad,crashSeverity,crashSHDescription,crashYear,debris,directionRoleDescription,ditch,fatalCount,fence,flatHill,guardRail,holiday,houseOrBuilding,intersection,kerb,light,meshblockId,minorInjuryCount,moped,motorcycle,NumberOfLanes,objectThrownOrDropped,otherObject,otherVehicleType,overBank,parkedVehicle,pedestrian,phoneBoxEtc,postOrPole,region,roadCharacter,roadLane,roadSurface,roadworks,schoolBus,seriousInjuryCount,slipOrFlood,speedLimit,strayAnimal,streetLight,suv,taxi,temporarySpeedLimit,tlaId,tlaName,trafficControl,trafficIsland,trafficSign,train,tree,truck,unknownVehicleType,urban,vanOrUtility,vehicle,waterRiver,weatherA,weatherB
1765960.1819,5915126.1202,837393,,520601,0,,0,1,,Null,2024/2025,TRIPOLI ROAD,ALAMEIN ROAD,,Minor Crash,No,2025,,North,,0,,Null,,,,,,Bright sun,632000,1,0,0,2,,,0,,,1,,,Auckland Region,Nil,2-way,Sealed,,0,0,,50,,Null,0,0,,76,Auckland,Give way,,,,,0,0,Urban,0,,,Fine,Null
1764882.0734,5905964.1718,837399,,522201,0,0,0,2,0,South,2024/2025,RANGITOTO ROAD,DETRO STREET,,Non-Injury Crash,No,2024,0,North,0,0,0,Flat,0,,0,,0,Overcast,663100,0,0,0,2,0,0,0,0,1,,0,0,Auckland Region,Nil,2-way,Sealed,0,0,0,0,50,0,Off,1,0,,76,Auckland,Nil,0,0,0,0,0,0,Urban,0,0,0,Fine,Null
1769393.5686,5880719.7293,837403,,525922,0,,0,1,,South,2022/2023,MANUKAU ROAD,CUSTOM STREET,,Minor Crash,No,2023,,South,,0,,Hill Road,,,,,,Bright sun,823800,1,0,1,3,,,0,,,,,,Auckland Region,Nil,2-way,Sealed,,0,0,,50,,Off,0,0,,76,Auckland,Nil,,,,,0,0,Urban,1,,,Fine,Null
1762326.2829,5913396.4047,837409,,520500,0,,0,2,,North,2024/2025,SOUTHERN MOTORWAY,SOUTH-EASTERN HWY ON RAMP,,Non-Injury Crash,Yes,2025,,North,,0,,Flat,,,,,,Dark,637100,0,0,0,3,,,0,,,,,,Auckland Region,Nil,1-way,Sealed,,0,0,,100,,On,1,0,,76,Auckland,Nil,,,,,0,0,Open,1,,,Heavy rain,Null
1767165.1819,5904555.1032,837463,,524604,0,,0,1,,Null,2024/2025,RONWOOD AVENUE,SHARKEY STREET,,Minor Crash,No,2025,,East,,0,,Flat,,,,,,Bright sun,780209,1,0,0,1,,,0,,,1,,,Auckland Region,Nil,1-way,Sealed,,0,0,,50,,Off,0,0,,76,Auckland,Give way,,,,,0,0,Urban,0,,,Fine,Null
1755887.8684,5919508.7484,837478,,514000,0,,0,1,,East,2024/2025,PONSONBY ROAD,POLLEN STREET,,Non-Injury Crash,No,2025,,East,,0,,Flat,,,,,,Dark,414500,0,0,0,4,,,0,,,,,,Auckland Region,Nil,2-way,Sealed,,0,0,,40,,On,1,0,,76,Auckland,Nil,,,,,0,0,Urban,0,,,Fine,Null
1759729.7309,5909136.2207,837496,,524002,0,0,0,1,0,South,2025/2026,SOUTH-WESTERN MOTORWAY,CORONATION ROAD ON RAMP,,Non-Injury Crash,Yes,2026,0,North,0,0,0,Flat,1,Christmas New Year,0,,0,Dark,724101,0,0,0,3,0,0,0,0,0,,0,0,Auckland Region,Nil,1-way,Sealed,0,0,0,0,100,0,On,0,0,,76,Auckland,Nil,0,0,0,0,0,0,Open,0,0,0,Light rain,Null
1754113.6257,5913180.6227,837502,,518802,0,,0,2,,Null,2025/2026,MAY ROAD,RICHARDSON ROAD,,Non-Injury Crash,No,2025,,South,,0,,Flat,,,,,,Overcast,579500,0,0,0,3,,,0,,,,,,Auckland Region,Nil,2-way,Sealed,,0,0,,50,,Off,0,0,,76,Auckland,Traffic Signals,,,,,0,0,Urban,1,,,Fine,Null
1770758.6519,5898643.8281,837504,,523912,0,,0,2,,East,2025/2026,TAKA STREET,GREAT SOUTH ROAD,,Non-Injury Crash,No,2026,,West,,0,,Flat,,,,,,Bright sun,767600,0,0,0,2,,,0,,,,,,Auckland Region,Nil,2-way,Sealed,,0,0,,50,,Off,0,0,,76,Auckland,Nil,,,,,0,0,Urban,0,,,Fine,Null
1753851.7976,5931594.0616,837512,,508807,0,0,0,0,0,South,2025/2026,UPPER HARBOUR HIGHWAY,NORTHERN MOTORWAY,,Minor Crash,Yes,2025,0,North,0,0,0,Flat,1,,0,,0,Bright sun,180810,1,0,1,3,0,0,0,0,0,,0,0,Auckland Region,Motorway ramp,1-way,Sealed,0,0,0,0,80,0,Off,0,0,,76,Auckland,Nil,0,0,0,0,0,0,Open,0,0,0,Fine,Null
1759822.4154,5912258.4335,837543,,520000,0,,0,2,,Null,2025/2026,CHURCH STREET,ALFRED STREET,,Non-Injury Crash,No,2025,,East,,0,,Hill Road,,Christmas New Year,,,,Overcast,607100,0,0,0,2,,,0,,,,,,Auckland Region,Nil,2-way,Sealed,,0,0,,50,,Off,0,0,,76,Auckland,Stop,,,,,0,0,Urban,0,,,Light rain,Null
1757657.6408,5944231.8464,837549,,505902,0,0,0,1,0,North,2024/2025,WHANGAPARAOA ROAD,TIRI ROAD,,Minor Crash,No,2025,0,North,0,0,0,Flat,0,,0,,0,Dark,174513,1,0,0,2,0,0,0,0,1,,0,0,Auckland Region,Nil,2-way,Sealed,0,0,0,0,50,0,On,0,0,,76,Auckland,Nil,0,0,0,0,0,0,Urban,1,0,0,Fine,Null
1771535.8006,5898646.7819,837551,,523912,0,,0,2,,Null,2024/2025,KAURI HEART AVENUE,GUM SPEAR ROAD,,Non-Injury Crash,No,2025,,East,,0,,Flat,,Queens Birthday,,,,Dark,767400,0,0,0,2,,,0,,,,,,Auckland Region,Nil,2-way,Sealed,,0,0,,50,,On,0,0,,76,Auckland,Give way,,,,,0,0,Urban,0,,,Light rain,Null
1755520.8211,5924717.6853,837557,,509800,0,,0,1,,North,2024/2025,LAKE ROAD,ONEWA ROAD,,Non-Injury Crash,No,2025,,South,,0,,Hill Road,,,,,,Overcast,360200,0,0,0,3,,,0,,,,,,Auckland Region,Nil,2-way,Sealed,,0,0,,50,,Off,0,0,,76,Auckland,Nil,,,,,0,0,Urban,1,,,Fine,Null
1766305.5212,5907477.7116,837583,,523601,0,,0,2,,South,2025/2026,SOUTHERN MOTORWAY,EAST TAMAKI OBR,,Minor Crash,Yes,2025,,South,,0,,Flat,,,,,,Overcast,708500,1,0,0,3,,,0,,,,,,Auckland Region,Underpass,1-way,Sealed,,0,0,,100,,Off,0,0,,76,Auckland,Nil,,,,,0,0,Open,0,,,Light rain,Null
1754993.8878,5930338.0488,837618,,508520,0,,0,2,,North,2022/2023,NORTHERN MOTORWAY,SUNNYNOOK OBR,,Non-Injury Crash,Yes,2023,,South,,0,,Flat,,,,,,Dark,192700,0,0,0,2,,,0,,,,,,Auckland Region,Motorway ramp,1-way,Sealed,,0,0,,100,,On,0,0,50,76,Auckland,Nil,,,,,0,0,Open,0,,,Heavy rain,Null
1759692.2763,5924882.4114,837621,,508110,0,,0,2,,Null,2025/2026,LAKE ROAD,BAYSWATER AVENUE,,Non-Injury Crash,No,2025,,North,,0,,Hill Road,,,,,,Bright sun,317900,0,0,0,3,,,0,,,,,,Auckland Region,Nil,2-way,Sealed,,0,0,,50,,Off,0,0,,76,Auckland,Traffic Signals,,,,,0,0,Urban,0,,,Fine,Null
1758591.6243,5917920.2432,837625,,516101,0,0,1,0,0,South,2022/2023,REMUERA ROAD,MIDDLETON ROAD,,Non-Injury Crash,No,2023,0,West,0,0,0,Hill Road,0,,1,,0,Dark,480900,0,0,0,4,0,0,0,0,0,,0,0,Auckland Region,Nil,2-way,Sealed,0,0,0,0,50,0,On,0,0,,76,Auckland,Nil,0,0,0,0,0,0,Urban,0,0,0,Fine,Null
1744829.5622,5921343.068,837637,,513530,0,,0,0,,North,2022/2023,NORTH-WESTERN MOTORWAY,HURUHURU OBR,,Minor Crash,Yes,2023,,South,,0,,Flat,,,,,,Bright sun,226200,1,0,0,4,,,0,,,,,,Auckland Region,Nil,1-way,Sealed,,0,0,,100,,Off,2,0,,76,Auckland,Nil,,,,,0,0,Open,1,,,Fine,Null
1750304.6829,5944153.2994,837646,,506003,0,0,0,1,0,West,2025/2026,SPUR ROAD,NEWMAN ROAD,,Minor Crash,No,2025,0,North,0,0,1,Hill Road,0,Christmas New Year,0,,0,Dark,175702,1,0,0,2,0,0,0,0,0,,0,0,Auckland Region,Nil,2-way,Sealed,0,0,0,0,60,0,Off,0,0,,76,Auckland,Nil,0,0,0,0,0,0,Urban,0,0,0,Fine,Null
1756413.5602,5944831.6993,837654,,505908,0,0,0,0,0,North,2025/2026,STANMORE BAY ROAD,GRANDVIEW ROAD,,Non-Injury Crash,No,2026,0,South,0,0,0,Hill Road,0,Christmas New Year,0,,0,Bright sun,173718,0,0,0,2,0,0,0,0,0,,0,0,Auckland Region,Nil,2-way,Sealed,0,0,0,0,50,0,Off,1,0,,76,Auckland,Nil,0,0,0,1,0,0,Urban,0,0,0,Fine,Null
1756161.0777,5924522.7273,837662,,509702,0,0,0,2,0,Null,2025/2026,ONEWA ROAD OFF RAMP,ONEWA ROAD,,Non-Injury Crash,No,2025,0,West,0,0,0,Flat,0,,0,,0,Bright sun,366700,0,0,0,1,0,0,0,0,0,,0,0,Auckland Region,Motorway ramp,1-way,Sealed,0,0,0,0,50,0,Off,0,0,,76,Auckland,Traffic Signals,0,1,0,0,0,0,Urban,0,0,0,Fine,Null
1742782.9687,5921504.5035,837693,,513631,0,0,0,2,0,West,2022/2023,DON BUCK ROAD,GALLONY AVENUE,,Minor Crash,No,2023,0,East,0,0,0,Flat,0,,0,,0,Bright sun,227101,1,0,0,2,0,0,0,0,2,,0,0,Auckland Region,Nil,2-way,Sealed,0,0,0,0,50,0,Off,1,0,,76,Auckland,Nil,0,0,0,0,0,0,Urban,0,0,0,Fine,Null
1753783.9862,5876519.2488,837694,,526104,0,0,0,2,0,East,2025/2026,HOWDEN STREET,VIEW ROAD,,Non-Injury Crash,No,2025,0,East,0,0,0,Flat,0,,0,,0,Dark,835804,0,0,0,2,0,0,0,0,1,,0,0,Auckland Region,Nil,2-way,Sealed,0,0,0,0,50,0,On,0,0,,76,Auckland,Nil,0,0,0,0,0,0,Urban,0,0,0,Heavy rain,Null
1751061.5291,5951861.7495,837700,,505804,0,,0,1,,South,2024/2025,BEACHWOOD DRIVE,OTANERUA ROAD,,Non-Injury Crash,No,2024,,South,,0,,Null,,,,,,Unknown,170807,0,0,0,2,,,0,,,,,,Auckland Region,Nil,2-way,Null,,0,0,,50,,Null,1,0,,76,Auckland,Nil,,,,,0,0,Urban,0,,,Null,Null
1756647.2922,5920232.5612,837707,,514102,0,,0,2,,East,2025/2026,COOK STREET,SAM WRIGLEY STREET,,Non-Injury Crash,No,2025,,East,,0,,Hill Road,,,,,,Bright sun,432700,0,0,0,3,,,0,,,,,,Auckland Region,Nil,2-way,Sealed,,0,0,,30,,Off,0,0,,76,Auckland,Nil,,,,,0,0,Urban,0,,,Fine,Null
1740627.1775,5983388.4846,837709,,506660,0,,0,1,,Null,2025/2026,WHANGARIPO VALLEY ROAD,WAYBY VALLEY ROAD,,Non-Injury Crash,No,2026,,West,,0,,Flat,,Christmas New Year,,,,Overcast,136301,0,0,0,2,,,0,,,,,,Auckland Region,Nil,2-way,Sealed,,0,0,,100,,None,0,0,,76,Auckland,Give way,,,,,0,0,Open,1,,,Fine,Frost
1740703.3804,5923959.333,837738,45,513701,0,0,0,1,0,North,2022/2023,NIXON ROAD,HENWOOD ROAD,,Minor Crash,No,2023,0,North,0,0,0,Hill Road,0,,0,,0,Overcast,229400,1,0,0,2,0,0,0,0,0,,0,1,Auckland Region,Nil,2-way,Sealed,0,0,0,0,80,0,None,0,0,,76,Auckland,Nil,0,0,0,0,0,0,Open,0,0,0,Light rain,Strong wind
1753795.8332,5915100.5029,837741,,518801,0,0,0,3,0,East,2022/2023,O'DONNELL AVENUE,BUCCANEER STREET,,Non-Injury Crash,No,2023,0,West,0,0,0,Flat,0,,0,,0,Bright sun,575800,0,0,0,2,0,0,0,0,1,,0,0,Auckland Region,Nil,2-way,Sealed,0,0,0,0,50,0,Off,0,0,,76,Auckland,Nil,0,0,0,0,0,0,Urban,0,0,0,Fine,Null
1753837.6452,5930222.4783,837757,,508420,0,,0,1,,Null,2023/2024,SUNSET ROAD,CARIBBEAN DRIVE,,Minor Crash,No,2023,,South,,0,,Flat,,,,,,Bright sun,182026,1,0,1,2,,,0,,,,,,Auckland Region,Nil,2-way,Sealed,,0,0,,50,,Off,0,0,,76,Auckland,Give way,,,,,0,0,Urban,0,,,Fine,Null
1763959.7607,5910690.9485,837767,,521901,0,0,0,2,0,West,2022/2023,PORTAGE ROAD,ARA TUTAKI,,Non-Injury Crash,No,2023,0,East,0,0,0,Hill Road,0,,0,,0,Dark,781600,0,0,0,2,0,0,0,0,1,,0,0,Auckland Region,Nil,2-way,Sealed,0,0,0,0,50,0,On,0,0,,76,Auckland,Nil,0,0,0,0,0,0,Urban,0,0,0,Light rain,Null
1765090.7436,5910044.0084,837768,,521802,0,,0,0,,North,2025/2026,SOUTHERN MOTORWAY,TRENWITH OBR,,Non-Injury Crash,Yes,2025,,North,,0,,Flat,,,,,,Overcast,788201,0,0,0,4,,,0,,,,,,Auckland Region,Motorway ramp,1-way,Sealed,,0,0,,100,,Off,1,0,,76,Auckland,Nil,,,,,0,0,Open,1,,,Fine,Null
1756540.1072,5920391.4082,837771,,514102,0,,0,0,,East,2022/2023,SALE STREET,ADELAIDE STREET,,Minor Crash,No,2023,,North,,0,,Hill Road,,,,,,Overcast,432700,1,0,0,2,,,0,,,1,,,Auckland Region,Nil,2-way,Sealed,,0,0,,30,,Null,0,0,,76,Auckland,Nil,,,,,0,0,Urban,1,,,Fine,Null
1762261.1309,5907052.7564,837775,,524520,0,,0,1,,Null,2022/2023,MASSEY ROAD,BUCKLAND ROAD,,Non-Injury Crash,No,2023,,North,,0,,Flat,,,,,,Bright sun,735200,0,0,0,4,,,0,,,,,,Auckland Region,Nil,2-way,Sealed,,0,0,,50,,Off,1,0,,76,Auckland,Traffic Signals,,,,,0,0,Urban,0,,,Fine,Null
1753642.8554,5919514.3867,837776,,515100,0,,1,0,,East,2025/2026,CHESTER AVENUE,GARNET ROAD,,Serious Crash,No,2026,,West,,0,,Flat,,,,,,Bright sun,401800,0,0,0,2,,,0,,,1,,,Auckland Region,Nil,2-way,Sealed,,0,1,,50,,Null,0,0,,76,Auckland,Nil,,,,,0,0,Urban,0,,,Fine,Null
1745271.6218,5919441.4964,837782,,513301,0,,0,1,,North,2025/2026,LINCOLN ROAD,POINSETTIA PLACE,,Non-Injury Crash,No,2025,,South,,0,,Flat,,,,,,Bright sun,232003,0,0,0,4,,,0,,,,,,Auckland Region,Nil,2-way,Sealed,,0,0,,50,,Off,0,0,,76,Auckland,Nil,,,,,0,0,Urban,1,,,Fine,Null
1772483.5592,5896512.9303,837787,,525420,0,,0,2,,Null,2023/2024,EAST STREET,QUEEN STREET,,Minor Crash,No,2023,,North,,0,,Flat,,,,,,Overcast,791600,2,0,0,2,,,0,,,,,,Auckland Region,Nil,2-way,Sealed,,0,0,,50,,Off,0,0,,76,Auckland,Traffic Signals,,,,,0,0,Urban,0,,,Fine,Null
1768181.6359,5900806.4508,837792,,525001,0,,0,2,,East,2025/2026,RUSSELL ROAD,JAMES ROAD,,Non-Injury Crash,No,2025,,West,,0,,Flat,,,,,,Bright sun,752400,0,0,0,2,,,0,,,,,,Auckland Region,Nil,2-way,Sealed,,0,0,,50,,Off,0,0,,76,Auckland,Nil,,,,,0,0,Urban,0,,,Fine,Null
1751687.1428,5917061.6575,837821,,514900,0,,0,1,,South,2024/2025,GREAT NORTH ROAD,ALFORD STREET,,Minor Crash,No,2025,,South,,0,,Hill Road,,,,,,Dark,384701,1,0,0,4,,,0,,,1,,,Auckland Region,Nil,2-way,Sealed,,0,0,,50,,On,0,0,,76,Auckland,Nil,,,,,0,0,Urban,0,,,Heavy rain,Null
1769814.0717,5899444.072,837834,,523920,0,,0,2,,Null,2022/2023,GREAT SOUTH ROAD,MANUREWA-TAKANINI ON RAMP,,Non-Injury Crash,No,2023,,West,,0,,Flat,,,,,,Dark,767922,0,0,0,2,,,0,,,,,,Auckland Region,Nil,2-way,Sealed,,0,0,,50,,On,0,0,,76,Auckland,Traffic Signals,,,,,0,0,Urban,1,,,Fine,Null
1746160.7722,5920274.1321,837838,,513301,0,,0,0,,North,2022/2023,NORTH-WESTERN MOTORWAY,HENDERSON CK BR,,Non-Injury Crash,Yes,2023,,North,,0,,Flat,,,,,,Dark,230301,0,0,0,3,,,0,,,,,,Auckland Region,Nil,1-way,Sealed,,0,0,,100,,On,2,0,,76,Auckland,Nil,,,,,0,0,Open,0,,,Fine,Null
1769371.4306,5910861.0664,837845,,523113,0,0,0,1,0,North,2022/2023,GREENMOUNT DRIVE,POLARIS PLACE,,Non-Injury Crash,No,2023,0,South,0,0,0,Flat,0,,0,,0,Dark,711703,0,0,0,2,0,0,0,0,0,,0,1,Auckland Region,Nil,2-way,Unsealed,0,0,0,0,50,0,On,0,0,,76,Auckland,Nil,0,0,0,0,0,0,Urban,0,0,0,Fine,Null
1769633.1005,5914611.3921,837853,,522723,0,0,0,4,0,Null,2022/2023,OFF ROAD - CAR PARK,,,Minor Crash,No,2023,0,West,0,0,0,Flat,0,,0,,0,Overcast,681304,1,0,0,,0,0,0,0,1,,0,1,Auckland Region,Nil,Off road,Sealed,0,0,0,0,,0,Off,0,0,,76,Auckland,Nil,0,0,0,0,0,0,Urban,0,0,0,Light rain,Null
1764660.8161,5905785.4294,837884,,522100,0,,0,2,,Null,2024/2025,STATION ROAD,WYLLIE ROAD,,Non-Injury Crash,No,2025,,South,,0,,Flat,,,,,,Dark,657700,0,0,0,2,,,0,,,,,,Auckland Region,Nil,1-way,Sealed,,0,0,,50,,On,0,0,,76,Auckland,Traffic Signals,,,,,0,0,Urban,0,,,Fine,Null
1745309.2347,5883993.7699,837897,,521151,0,0,0,0,0,North,2023/2024,AWHITU ROAD,PONSFORD ROAD,,Serious Crash,No,2023,0,South,0,0,1,Flat,0,,0,,0,Bright sun,830900,0,0,1,2,0,0,0,0,0,,0,0,Auckland Region,Nil,2-way,Sealed,0,0,1,0,100,0,Null,0,0,,76,Auckland,Nil,0,0,0,0,0,0,Open,0,0,0,Fine,Null
1753020.2295,5918196.7207,837901,,515003,0,0,0,1,0,East,2022/2023,NORTH-WESTERN MOTORWAY,GREAT NORTH ROAD OFF RAMP,,Non-Injury Crash,Yes,2023,0,West,0,0,0,Flat,1,,0,,0,Overcast,390502,0,0,0,4,0,0,0,0,0,,0,0,Auckland Region,Nil,1-way,Sealed,0,0,0,0,100,0,On,0,0,,76,Auckland,Nil,0,0,0,0,0,0,Open,0,0,0,Light rain,Null
1758004.3109,5917921.9828,837909,,515700,0,0,0,1,0,South,2022/2023,GILLIES AVENUE ON RAMP,SOUTHERN MOTORWAY,,Non-Injury Crash,No,2023,0,North,0,0,0,Flat,2,,0,,0,Overcast,443700,0,0,0,1,0,0,0,0,0,,0,0,Auckland Region,Motorway ramp,1-way,Sealed,0,0,0,0,50,0,Off,1,0,,76,Auckland,Nil,0,0,0,0,0,0,Urban,0,0,0,Light rain,Null
1751539.4797,5947925.5378,837940,,505807,0,,0,1,,Null,2024/2025,HIBISCUS COAST HIGHWAY,RED BEACH ROAD,,Non-Injury Crash,No,2025,,South,,0,,Hill Road,,,,,,Dark,172502,0,0,0,5,,,0,,,,,,Auckland Region,Nil,2-way,Sealed,,0,0,,50,,On,0,0,,76,Auckland,Traffic Signals,,,,,0,0,Urban,1,,,Light rain,Null
1759350.9121,5920528.8369,837957,,515902,0,,0,1,,West,2022/2023,TAMAKI DRIVE,SOLENT STREET,,Non-Injury Crash,No,2023,,West,,0,,Flat,,Christmas New Year,,,,Overcast,454800,0,0,0,4,,,0,,,,,,Auckland Region,Nil,2-way,Sealed,,0,0,,50,,Off,0,0,,76,Auckland,Nil,,,,,1,0,Urban,0,,,Fine,Null
1770054.8843,5917176.8197,837969,,522601,0,,0,2,,Null,2023/2024,BUCKLANDS BEACH ROAD,LAINGS ROAD,,Minor Crash,No,2023,,South,,0,,Hill Road,,Labour Weekend,,,,Bright sun,676602,1,0,1,3,,,0,,,,,,Auckland Region,Nil,2-way,Sealed,,0,0,,50,,Off,0,0,,76,Auckland,Give way,,,,,0,0,Urban,0,,,Fine,Null
1748586.3411,5917424.5402,837997,,514801,0,,0,1,,South,2023/2024,SAUNDERS PLACE,TIMOTHY PLACE,,Minor Crash,No,2023,,North,,0,,Flat,,,,,,Dark,389300,1,0,0,2,,,0,,,1,,,Auckland Region,Nil,2-way,Sealed,,0,0,,50,,On,0,0,,76,Auckland,Nil,,,,,0,0,Urban,0,,,Fine,Null
1755490.7452,5929001.1275,838005,,508320,0,,0,2,,Null,2022/2023,TRISTRAM AVENUE,TRISTRAM AVENUE,,Non-Injury Crash,No,2023,,East,,0,,Flat,,,,,,Bright sun,198500,0,0,0,3,,,0,,,,,,Auckland Region,Motorway ramp,2-way,Sealed,,0,0,,50,,Off,0,0,,76,Auckland,Traffic Signals,,,,,0,0,Urban,0,,,Fine,Null
1757789.2256,5916171.725,838035,,515801,0,0,0,1,0,Null,2024/2025,GILLIES AVENUE,KIMBERLEY ROAD,,Non-Injury Crash,No,2024,0,North,0,0,1,Null,0,Christmas New Year,0,,0,Bright sun,445500,0,0,0,2,0,0,0,0,0,,0,0,Auckland Region,Nil,2-way,Sealed,0,0,0,0,50,0,Null,1,0,,76,Auckland,Traffic Signals,0,0,0,0,0,0,Urban,0,0,0,Null,Strong wind
1779096.9729,5927492.2844,838039,,520801,0,,0,0,,Null,2022/2023,OCEAN VIEW ROAD,KUAKA ROAD,,Minor Crash,No,2023,,West,,0,,Flat,,,,,,Bright sun,516201,1,1,0,2,,,0,,,,,,Auckland Region,Nil,2-way,Sealed,,0,0,,30,,Off,1,0,,76,Auckland,Nil,,,,,0,0,Urban,0,,,Fine,Null
1764411.1682,5904613.6579,838043,,522100,0,,0,1,,South,2024/2025,WYLLIE ROAD,GIFFORD ROAD,,Non-Injury Crash,No,2025,,South,,0,,Hill Road,,,,,,Overcast,659200,0,0,0,2,,,0,,,,,,Auckland Region,Nil,2-way,Sealed,,0,0,,50,,Off,0,0,,76,Auckland,Nil,,,,,0,0,Urban,0,,,Fine,Null
1755566.0286,5929040.6315,838057,,508510,0,0,0,2,0,Null,2022/2023,TRISTRAM AVENUE OFF RAMP,TRISTRAM AVENUE,,Minor Crash,No,2023,0,South,0,0,0,Flat,1,,0,,0,Dark,195200,1,0,0,2,0,0,0,0,0,,0,0,Auckland Region,Motorway ramp,1-way,Sealed,0,0,0,0,50,0,On,0,0,,76,Auckland,Traffic Signals,0,0,0,0,0,0,Urban,0,0,0,Light rain,Null
1754045.5242,5935237.3949,838059,,508704,0,0,0,1,0,North,2024/2025,EAST COAST ROAD,ANDERSONS ROAD,,Non-Injury Crash,No,2024,0,North,0,0,0,Flat,0,,0,,0,Dark,178611,0,0,0,2,0,0,0,0,1,,0,0,Auckland Region,Nil,2-way,Sealed,0,0,0,0,50,0,On,0,0,,76,Auckland,Nil,0,0,0,0,0,0,Urban,1,0,0,Light rain,Null
1752374.0532,5926695.9078,838069,,510220,0,0,0,1,0,East,2022/2023,ESKDALE ROAD,SALISBURY ROAD,,Minor Crash,No,2023,0,West,0,0,0,Hill Road,0,,0,,0,Dark,350000,1,0,0,2,0,1,0,0,0,,0,0,Auckland Region,Nil,2-way,Sealed,0,0,0,0,50,0,On,0,0,,76,Auckland,Nil,0,0,0,0,0,0,Urban,0,0,0,Fine,Null
1762230.5991,5913593.8619,838083,,520402,0,,0,2,,South,2025/2026,SOUTHERN MOTORWAY,PENROSE OBR,,Minor Crash,Yes,2025,,South,,0,,Flat,,,,,,Bright sun,642200,3,0,0,3,,,0,,,,,,Auckland Region,Nil,1-way,Sealed,,0,0,,100,,Off,1,0,,76,Auckland,Nil,,,,,0,0,Open,0,,,Fine,Null
1771109.256,5899031.7668,838095,,523911,0,,0,0,,North,2023/2024,TAKANINI SCHOOL ROAD,STATION ROAD,,Minor Crash,No,2023,,South,,0,,Flat,,,,,,Bright sun,766800,1,0,0,2,,,0,,,1,,,Auckland Region,Nil,2-way,Sealed,,0,0,,50,,Off,0,0,40,76,Auckland,Nil,,,,,0,0,Urban,0,,,Fine,Null
1737106.3925,5932477.3694,838108,35,506653,0,0,0,0,0,East,2023/2024,OLD NORTH ROAD,ARARIMU VALLEY ROAD,,Minor Crash,No,2023,0,South,1,0,0,Flat,0,Labour Weekend,0,,0,Bright sun,217000,1,0,1,2,0,0,0,0,0,,0,0,Auckland Region,Nil,2-way,Sealed,0,0,0,0,80,0,None,0,0,,76,Auckland,Nil,0,0,0,0,0,0,Open,0,0,0,Fine,Null
1765821.1703,5900116.5843,838116,,524822,0,0,0,1,0,North,2023/2024,MAPLESDEN DRIVE,BARNEYS FARM ROAD,,Minor Crash,No,2023,0,South,0,0,0,Flat,0,,0,,0,Overcast,774431,1,0,0,2,0,0,0,0,1,,0,0,Auckland Region,Nil,2-way,Sealed,0,0,0,0,30,0,Off,0,0,,76,Auckland,Nil,0,0,0,0,0,0,Urban,2,0,0,Fine,Null
1757409.7115,5919636.8948,838127,,514103,1,,0,1,,Null,2022/2023,WAKEFIELD STREET,SYMONDS STREET,,Minor Crash,No,2023,,North,,0,,Hill Road,,,,,,Bright sun,437000,1,0,0,3,,,0,,,,,,Auckland Region,Nil,2-way,Sealed,,0,0,,30,,Off,0,0,,76,Auckland,Traffic Signals,,,,,0,0,Urban,0,,,Fine,Null
1754540.2565,5911987.4834,838135,,519002,0,0,0,4,0,South,2023/2024,DOMINION ROAD EXTENSION,MARYDALE DRIVE,,Serious Crash,No,2023,0,North,0,0,0,Hill Road,0,,0,,0,Dark,589802,0,0,0,2,0,0,0,0,1,,0,1,Auckland Region,Nil,2-way,Sealed,0,0,1,0,50,0,On,0,0,,76,Auckland,Nil,0,0,0,0,0,0,Urban,0,0,0,Fine,Null
1765322.6195,5915212.9857,838141,,520601,0,0,0,2,0,Null,2022/2023,PILKINGTON ROAD,DUNN ROAD,,Non-Injury Crash,No,2023,0,South,0,0,0,Flat,0,,0,,0,Dark,631600,0,0,0,2,0,0,0,0,1,,0,0,Auckland Region,Nil,2-way,Sealed,0,0,0,0,50,0,On,0,0,,76,Auckland,Stop,0,0,0,0,0,0,Urban,0,0,0,Heavy rain,Null
1773125.546,5890609.7834,838144,,521301,0,,0,2,,North,2023/2024,SOUTHERN MOTORWAY,QUARRY OBR,,Non-Injury Crash,Yes,2023,,North,,0,,Flat,,,,,,Overcast,809200,0,0,0,2,,,0,,,,,,Auckland Region,Nil,1-way,Sealed,,0,0,,100,,Null,0,0,,76,Auckland,Nil,,,,,0,0,Open,0,,,Light rain,Null
1762344.122,5907027.0073,838157,,524301,0,,0,1,,East,2022/2023,BUCKLAND ROAD,MASSEY ROAD,,Serious Crash,No,2023,,West,,0,,Flat,,,,,,Dark,746400,0,0,0,2,,,0,,,1,,,Auckland Region,Nil,2-way,Sealed,,0,1,,50,,On,0,0,30,76,Auckland,Nil,,,,,0,0,Urban,0,,,Fine,Null