X,Y,OBJECTID,advisorySpeed,areaUnitID,bicycle,bridge,bus,carStationWagon,cliffBank,crashDirectionDescription,crashFinancialYear,crashLocation1,crashLocation2,crashRoadSideRoad,crashSeverity,crashSHDescription,crashYear,debris,directionRoleDescription,ditch,fatalCount,fence,flatHill,guardRail,holiday,houseOrBuilding,intersection,kerb,light,meshblockId,minorInjuryCount,moped,motorcycle,NumberOfLanes,objectThrownOrDropped,otherObject,otherVehicleType,overBank,parkedVehicle,pedestrian,phoneBoxEtc,postOrPole,region,roadCharacter,roadLane,roadSurface,roadworks,schoolBus,seriousInjuryCount,slipOrFlood,speedLimit,strayAnimal,streetLight,suv,taxi,temporarySpeedLimit,tlaId,tlaName,trafficControl,trafficIsland,trafficSign,train,tree,truck,unknownVehicleType,urban,vanOrUtility,vehicle,waterRiver,weatherA,weatherB
1754960.0163,5930379.8875,838168,,508520,0,,0,0,,North,2022/2023,NORTHERN MOTORWAY,SUNNYNOOK OBR,,Minor Crash,Yes,2023,,South,,0,,Flat,,,,,,Dark,192700,1,0,1,2,,,0,,,,,,Auckland Region,Nil,1-way,Sealed,,0,0,,100,,On,0,0,,76,Auckland,Nil,,,,,0,0,Open,0,,,Fine,Null
1755143.093,5918287.3138,838169,,515500,0,,0,2,,West,2023/2024,NORTH-WESTERN MOTORWAY,BOND OBR,,Non-Injury Crash,Yes,2023,,East,,0,,Flat,,,,,,Dark,418800,0,0,0,4,,,0,,,,,,Auckland Region,Nil,1-way,Sealed,,0,0,,80,,On,0,0,,76,Auckland,Nil,,,,,0,0,Open,0,,,Fine,Null
1745391.3391,5920398.7875,838171,,513301,0,,0,2,,North,2025/2026,LINCOLN ROAD,CENTRAL PARK DRIVE,,Non-Injury Crash,No,2026,,South,,0,,Flat,,,,,,Bright sun,230301,0,0,0,4,,,0,,,,,,Auckland Region,Nil,2-way,Sealed,,0,0,,50,,Null,0,0,,76,Auckland,Nil,,,,,0,0,Urban,0,,,Fine,Null
1736580.7325,5930412.0208,838175,,505602,0,,0,1,,South,2022/2023,LEN IRELAND DRIVE,VOGWILL ROAD,,Minor Crash,No,2023,,North,,0,,Flat,,,,,,Bright sun,215905,2,0,0,2,,,0,,,,,,Auckland Region,Nil,2-way,Sealed,,0,0,,50,,Off,0,0,,76,Auckland,Nil,,,,,0,0,Urban,1,,,Fine,Null
1755424.3732,5934176.8119,838179,,507200,0,,0,3,,North,2024/2025,BEACH ROAD,BROWNS BAY ROAD,,Non-Injury Crash,No,2025,,North,,0,,Flat,,,,,,Bright sun,156304,0,0,0,2,,,0,,,,,,Auckland Region,Nil,2-way,Sealed,,0,0,,50,,None,0,0,,76,Auckland,Nil,,,,,0,0,Urban,0,,,Fine,Null
1755048.4396,5924737.7467,838181,,509800,0,,0,1,,East,2023/2024,ONEWA ROAD,SEAVIEW AVENUE,,Serious Crash,No,2023,,East,,0,,Flat,,,,,,Bright sun,361600,0,0,0,4,,,0,,,1,,,Auckland Region,Nil,2-way,Sealed,,0,1,,50,,Off,0,0,,76,Auckland,Nil,,,,,0,0,Urban,0,,,Fine,Null
1770138.8419,5900617.1031,838184,,523816,0,0,0,1,0,East,2022/2023,RIVERTON DRIVE,MELLERAY PLACE,,Non-Injury Crash,No,2023,0,West,0,0,1,Flat,0,,0,,0,Bright sun,759711,0,0,0,2,0,0,0,0,0,,0,0,Auckland Region,Nil,2-way,Sealed,0,0,0,0,50,0,Off,0,0,30,76,Auckland,Nil,0,0,0,0,0,0,Urban,0,0,0,Fine,Null
1758095.1609,5915490.4421,838187,,515801,0,,0,2,,Null,2025/2026,GREEN LANE WEST,MANUKAU ROAD,,Non-Injury Crash,No,2025,,East,,0,,Null,,,,,,Overcast,447300,0,0,0,2,,,0,,,,,,Auckland Region,Nil,1-way,Sealed,,0,0,,50,,Null,0,0,,76,Auckland,Traffic Signals,,,,,0,0,Urban,0,,,Light rain,Null
1757036.5084,5925430.8042,838188,,509702,0,0,0,2,0,Null,2022/2023,NORTHERN MOTORWAY,ESMONDE ROAD OFF RAMP,,Non-Injury Crash,Yes,2023,0,North,0,0,0,Flat,1,,0,,0,Overcast,364601,0,0,0,2,0,0,0,0,0,,0,0,Auckland Region,Motorway ramp,1-way,Sealed,0,0,0,0,50,0,Off,0,0,,76,Auckland,Nil,0,0,0,0,0,0,Urban,1,0,0,Light rain,Null
1764201.3688,5912393.6618,838196,,520500,0,,0,2,,South,2022/2023,MOUNT WELLINGTON HWY ON RAMP,CLEMOW DRIVE,,Minor Crash,No,2023,,South,,0,,Flat,,Queens Birthday,,,,Bright sun,639100,1,0,0,2,,,0,,,,,,Auckland Region,Motorway ramp,1-way,Sealed,,0,0,,100,,Off,1,0,,76,Auckland,Nil,,,,,0,0,Open,0,,,Fine,Null
1767870.0523,5904315.8855,838200,,524604,0,,0,2,,Null,2023/2024,REDOUBT ROAD,REDOUBT ROAD ON RAMP,,Non-Injury Crash,No,2023,,East,,0,,Hill Road,,,,,,Overcast,780302,0,0,0,2,,,0,,,,,,Auckland Region,Motorway ramp,1-way,Sealed,,0,0,,50,,Off,0,0,,76,Auckland,Nil,,,,,0,0,Urban,0,,,Fine,Null
1765822.4307,5908063.1563,838204,,523402,0,,0,2,,South,2023/2024,SOUTHERN MOTORWAY,BAIRDS OBR,,Non-Injury Crash,Yes,2023,,South,,0,,Flat,,,,,,Bright sun,699000,0,0,0,3,,,0,,,,,,Auckland Region,Nil,1-way,Sealed,,0,0,,100,,None,0,0,,76,Auckland,Nil,,,,,0,0,Open,1,,,Fine,Null
1769535.5618,5900440.7973,838212,,524902,0,0,1,0,0,West,2022/2023,MYERS ROAD,GREENMEADOWS AVENUE,,Non-Injury Crash,No,2023,0,West,0,0,0,Flat,0,,0,,0,Overcast,758600,0,0,0,2,0,0,0,0,1,,0,0,Auckland Region,Nil,2-way,Sealed,0,0,0,0,50,0,Off,0,0,,76,Auckland,Nil,0,0,0,0,1,0,Urban,0,0,0,Light rain,Null
1772991.2001,5900305.2976,838213,,523813,0,0,0,1,0,South,2022/2023,MILL ROAD,POPES ROAD,,Minor Crash,No,2023,0,North,1,0,0,Flat,0,,0,,0,Dark,761000,1,0,0,2,0,0,0,0,1,,0,0,Auckland Region,Nil,2-way,Sealed,0,0,0,0,80,0,On,0,0,,76,Auckland,Nil,0,0,0,0,0,0,Open,1,0,0,Fine,Null
1735950.9509,5984929.8242,838216,,506660,0,,0,0,,North,2023/2024,SH 1,LOVERS LANE,,Serious Crash,Yes,2023,,North,,0,,Flat,,,,,,Overcast,143900,0,0,1,2,,,0,,,,,,Auckland Region,Nil,2-way,Sealed,,0,1,,100,,None,1,0,,76,Auckland,Nil,,,,,0,0,Open,0,,,Fine,Null
1753603.6841,5930967.108,838224,,508803,0,0,0,2,0,North,2022/2023,CARIBBEAN DRIVE,DEVONSHIRE ROAD,,Non-Injury Crash,No,2023,0,South,0,0,0,Flat,0,,0,,0,Overcast,180829,0,0,0,2,0,0,0,0,1,,0,0,Auckland Region,Nil,2-way,Sealed,0,0,0,0,50,0,Off,0,0,,76,Auckland,Nil,0,0,0,0,0,0,Urban,0,0,0,Fine,Null
1745965.6619,5920403.211,838245,,513301,0,0,0,1,0,Null,2022/2023,NORTH-WESTERN MOTORWAY,LINCOLN ROAD OFF RAMP,,Minor Crash,Yes,2023,0,West,0,0,0,Flat,1,,0,,0,Overcast,230301,1,0,0,3,0,0,0,0,0,,0,0,Auckland Region,Nil,1-way,Sealed,0,0,0,0,100,0,Off,0,0,,76,Auckland,Nil,0,0,0,0,1,0,Open,0,0,0,Light rain,Null
1751747.2864,5919335.8297,838255,,515002,0,0,0,2,0,South,2022/2023,POINT CHEVALIER ROAD,RAYMOND STREET,,Minor Crash,No,2023,0,South,0,0,0,Flat,0,Christmas New Year,0,,0,Dark,395200,1,0,0,2,0,0,0,0,1,,0,0,Auckland Region,Nil,2-way,Sealed,0,0,0,0,50,0,On,0,0,,76,Auckland,Nil,0,0,0,1,0,0,Urban,0,0,0,Fine,Null
1768182.0064,5910447.016,838256,,523112,0,0,0,1,0,Null,2023/2024,BRUCE RODERICK DRIVE,OFFENHAUSER DRIVE,,Minor Crash,No,2023,0,Null,0,0,0,Flat,0,,0,,0,Dark,711500,1,0,0,2,0,0,0,0,1,,0,0,Auckland Region,Nil,2-way,Sealed,0,0,0,0,50,0,On,0,0,,76,Auckland,Give way,0,0,0,0,0,0,Urban,0,0,0,Fine,Null
1764010.8871,5904368.4749,838259,,522100,0,,0,2,,North,2025/2026,PUHINUI ROAD-SH 20B OFF RAMP,PUHINUI ROAD,,Minor Crash,Yes,2026,,South,,0,,Flat,,,,,,Bright sun,781001,1,0,0,3,,,0,,,,,,Auckland Region,Motorway ramp,1-way,Sealed,,0,0,,100,,Off,0,0,,76,Auckland,Nil,,,,,0,0,Open,0,,,Fine,Null
1767102.3355,5905523.5219,838283,,522400,0,,0,2,,Null,2025/2026,PUHINUI ROAD,GREAT SOUTH ROAD,,Minor Crash,No,2025,,West,,0,,Flat,,,,,,Dark,671200,1,0,0,4,,,0,,,,,,Auckland Region,Nil,2-way,Sealed,,0,0,,50,,On,0,0,,76,Auckland,Traffic Signals,,,,,0,0,Urban,0,,,Fine,Null
1757075.1737,5919078.1222,838327,,514301,0,,1,1,,Null,2023/2024,SYMONDS STREET OFF RAMP,SYMONDS STREET,,Minor Crash,No,2023,,West,,0,,Hill Road,,,,,,Dark,441200,1,0,0,4,,,0,,,,,,Auckland Region,Motorway ramp,1-way,Sealed,,0,0,,50,,On,0,0,,76,Auckland,Traffic Signals,,,,,0,0,Urban,0,,,Fine,Null
1823067.9378,5984796.1917,838348,,521000,0,0,0,1,0,South,2022/2023,WALTER BLACKWELL ROAD,KAITOKE LANE,,Minor Crash,No,2023,0,South,0,0,0,Hill Road,0,,0,,0,Twilight,439000,1,0,0,2,0,0,0,1,0,,0,0,Auckland Region,Nil,2-way,Sealed,0,0,0,0,100,0,None,0,0,,76,Auckland,Nil,0,0,0,0,0,0,Open,0,0,0,Fine,Null
1753505.1356,5874633.2587,838360,,526105,0,,0,0,,South,2022/2023,WAIUKU-OTAUA ROAD,MEADOWVIEW CLOSE,,Minor Crash,No,2023,,South,,0,,Flat,,,,,,Overcast,832101,1,0,1,2,,,0,,,,,,Auckland Region,Nil,2-way,Sealed,,0,0,,50,,Off,0,0,,76,Auckland,Nil,,,,,0,0,Urban,0,,,Heavy rain,Null
1750045.8198,5913825.6366,838387,,511303,0,0,0,1,0,West,2025/2026,CLARK STREET,MEMORIAL DRIVE,,Non-Injury Crash,No,2025,0,West,0,0,0,Flat,0,,0,,1,Dark,265001,0,0,0,3,0,0,0,0,0,,0,0,Auckland Region,Nil,1-way,Sealed,0,0,0,0,50,0,On,0,0,,76,Auckland,Nil,0,0,0,0,0,0,Urban,0,0,0,Light rain,Strong wind
1750517.1624,5918006.8244,838392,,514801,0,0,0,0,0,East,2022/2023,NORTH-WESTERN MOTORWAY,ROSEBANK ROAD OFF RAMP,,Non-Injury Crash,Yes,2023,0,West,0,0,0,Flat,2,,0,,0,Overcast,390401,0,0,0,5,0,0,0,0,0,,0,0,Auckland Region,Nil,1-way,Sealed,0,0,0,0,100,0,Off,1,0,,76,Auckland,Nil,0,0,0,0,0,0,Open,0,0,0,Fine,Null
1769749.5574,5901481.1955,838393,,523814,0,0,0,1,0,North,2022/2023,SOUTHERN MOTORWAY,ALFRISTON OBR,,Fatal Crash,Yes,2023,0,South,0,1,0,Hill Road,1,Easter,0,,0,Bright sun,759510,0,0,1,3,0,0,0,0,0,,0,0,Auckland Region,Nil,1-way,Sealed,0,0,0,0,100,0,Off,0,0,,76,Auckland,Nil,0,0,0,0,0,0,Open,0,0,0,Fine,Null
1743780.0913,5916392.005,838395,,513011,0,,0,2,,Null,2024/2025,PALOMINO DRIVE,SAN BERNADINO DRIVE,,Non-Injury Crash,No,2025,,North,,0,,Hill Road,,,,,,Bright sun,280704,0,0,0,2,,,0,,,,,,Auckland Region,Nil,2-way,Sealed,,0,0,,50,,Off,0,0,,76,Auckland,Give way,,,,,0,0,Urban,0,,,Fine,Null
1767799.1545,5910987.1971,838405,,523112,0,0,0,4,0,North,2022/2023,STONEDON DRIVE,CRYERS ROAD,,Non-Injury Crash,No,2023,0,North,0,0,0,Flat,0,,0,,0,Overcast,711405,0,0,0,2,0,0,0,0,2,,0,0,Auckland Region,Nil,2-way,Sealed,0,0,0,0,50,0,Off,0,0,,76,Auckland,Nil,0,0,0,0,0,0,Urban,0,0,0,Fine,Null
1754466.2015,5915097.9667,838419,,518802,0,,0,2,,South,2024/2025,MOUNT ALBERT ROAD,SANDRINGHAM ROAD,,Non-Injury Crash,No,2025,,North,,0,,Flat,,,,,,Bright sun,577300,0,0,0,3,,,0,,,,,,Auckland Region,Nil,2-way,Sealed,,0,0,,50,,Off,0,0,,76,Auckland,Nil,,,,,0,0,Urban,0,,,Fine,Null
1748913.0233,5918440.7632,838427,,514801,0,,0,1,,North,2024/2025,NORTH-WESTERN MOTORWAY,ROSEBANK OBR,,Minor Crash,Yes,2025,,South,,0,,Flat,,,,,,Overcast,389200,1,0,1,4,,,0,,,,,,Auckland Region,Nil,1-way,Sealed,,0,0,,100,,Off,0,0,,76,Auckland,Nil,,,,,0,0,Open,0,,,Fine,Null
1755261.9001,5877659.757,838432,,521152,0,0,0,1,0,North,2023/2024,GLENBROOK-WAIUKU ROAD,CAMERON ROAD,,Serious Crash,No,2023,0,South,0,0,1,Hill Road,0,,0,,0,Dark,832900,0,0,0,2,0,0,0,0,0,,0,0,Auckland Region,Nil,2-way,Sealed,0,0,1,0,80,0,None,0,0,,76,Auckland,Nil,0,0,0,0,0,0,Open,0,0,0,Light rain,Null
1759264.0156,5924660.6305,838443,,508120,0,0,0,2,0,West,2025/2026,BAYSWATER AVENUE,PRESTON AVENUE,,Non-Injury Crash,No,2025,0,West,0,0,0,Flat,0,,0,,0,Dark,317000,0,0,0,2,0,0,0,0,1,,0,0,Auckland Region,Nil,2-way,Sealed,0,0,0,0,50,0,On,0,0,,76,Auckland,Nil,0,0,0,0,0,0,Urban,0,0,0,Fine,Null
1747182.6475,5912776.1346,838445,,511100,0,0,0,2,0,Null,2022/2023,CAPTAIN SCOTT ROAD,TERRA NOVA STREET,,Minor Crash,No,2023,0,North,0,0,1,Hill Road,0,,0,,0,Twilight,288301,1,0,0,2,0,0,0,0,0,,0,0,Auckland Region,Nil,2-way,Sealed,0,0,0,0,50,0,Off,0,0,,76,Auckland,Nil,0,0,0,0,0,0,Urban,0,0,0,Heavy rain,Null
1752281.3541,5928160.3374,838459,,508412,0,0,0,2,0,East,2025/2026,MANUKA ROAD,PEMBERTON AVENUE,,Non-Injury Crash,No,2025,0,East,0,0,0,Flat,0,,0,,0,Bright sun,186101,0,0,0,2,0,0,0,0,1,,0,0,Auckland Region,Nil,2-way,Sealed,0,0,0,0,50,0,Off,0,0,,76,Auckland,Nil,0,0,0,0,0,0,Urban,0,0,0,Fine,Null
1767769.9029,5904321.446,838477,,524604,0,,0,2,,Null,2022/2023,GREAT SOUTH ROAD,REDOUBT ROAD,,Non-Injury Crash,No,2023,,South,,0,,Flat,,,,,,Dark,780302,0,0,0,5,,,0,,,,,,Auckland Region,Nil,2-way,Sealed,,0,0,,50,,On,0,0,,76,Auckland,Traffic Signals,,,,,0,0,Urban,0,,,Light rain,Null
1755299.2507,5919559.0666,838489,,515420,0,,0,1,,Null,2022/2023,RICHMOND ROAD,MILLAIS STREET,,Non-Injury Crash,No,2023,,East,,0,,Flat,,,,,,Bright sun,408700,0,0,0,2,,,0,,,,,,Auckland Region,Nil,2-way,Sealed,,0,0,,50,,Off,0,0,,76,Auckland,Stop,,,,,1,0,Urban,0,,,Fine,Null
1745578.5064,5919057.367,838495,,513302,1,,0,1,,South,2022/2023,WAIPAREIRA AVENUE,TE PAI PLACE,,Serious Crash,No,2023,,North,,0,,Flat,,,,,,Overcast,230701,0,0,0,2,,,0,,,,,,Auckland Region,Nil,2-way,Sealed,,0,1,,50,,Off,0,0,,76,Auckland,Nil,,,,,0,0,Urban,0,,,Fine,Null
1739218.1928,5928484.1001,838515,,505602,0,0,0,0,0,East,2025/2026,WAITAKERE ROAD,ACCESS ROAD,,Non-Injury Crash,No,2025,0,South,1,0,0,Flat,0,,0,,0,Dark,215000,0,0,0,2,0,0,0,0,0,,0,0,Auckland Region,Nil,2-way,Sealed,0,0,0,0,80,0,None,0,0,,76,Auckland,Nil,0,0,0,0,0,0,Open,1,0,0,Fine,Null
1768148.8095,5911783.2127,838547,,522910,0,,1,2,,East,2024/2025,TI RAKAU DRIVE,FREMANTLE PLACE,,Non-Injury Crash,No,2024,,West,,0,,Flat,,,,,,Bright sun,687802,0,0,0,2,,,0,,,,,,Auckland Region,Bridge,2-way,Sealed,,0,0,,50,,Off,1,0,,76,Auckland,Nil,,,,,0,0,Urban,0,,,Fine,Null
1758708.591,5903109.7792,838571,,524200,0,0,0,0,0,East,2024/2025,RAY EMERY DRIVE,INTERNATIONAL MAIN ENT,,Non-Injury Crash,No,2024,0,West,0,0,1,Flat,0,,0,,0,Overcast,727200,0,0,0,2,0,1,0,0,0,,0,0,Auckland Region,Nil,1-way,Sealed,0,0,0,0,30,0,Off,1,0,,76,Auckland,Nil,0,0,0,0,0,0,Urban,0,0,0,Fine,Null
1742479.0247,5918059.4208,838579,,513214,0,0,0,2,0,North,2024/2025,ERIC GIFFORD DRIVE,MATUKA LANE,,Non-Injury Crash,No,2024,0,South,0,0,0,Hill Road,0,Christmas New Year,0,,0,Bright sun,236201,0,0,0,2,0,0,0,0,1,,0,0,Auckland Region,Speed hump,2-way,Sealed,0,0,0,0,50,0,Off,0,0,,76,Auckland,Nil,0,0,0,0,0,0,Urban,1,0,0,Fine,Null
1769486.5149,5911402.5516,838581,,523107,0,,0,3,,East,2022/2023,TI RAKAU DRIVE,GREENMOUNT DRIVE,,Minor Crash,No,2023,,East,,0,,Flat,,,,,,Overcast,711702,2,0,0,6,,,0,,,,,,Auckland Region,Nil,2-way,Sealed,,0,0,,50,,None,0,0,,76,Auckland,Nil,,,,,0,0,Urban,0,,,Fine,Null
1749271.0017,5941983.6752,838621,,506300,0,0,0,1,0,North,2022/2023,EAST COAST ROAD,WORSNOP WAY,,Serious Crash,No,2023,0,North,1,0,0,Hill Road,0,,0,,0,Bright sun,175902,1,0,0,2,0,0,0,0,0,,0,0,Auckland Region,Nil,2-way,Sealed,0,0,1,0,80,0,None,0,0,,76,Auckland,Nil,0,0,0,0,0,0,Open,0,0,0,Fine,Null
1739792.7559,5930643.9976,838627,,505604,0,0,0,1,0,Null,2024/2025,OLD NORTH ROAD,DEACON ROAD,,Minor Crash,No,2025,0,South,1,0,0,Hill Road,0,,0,,0,Dark,213800,1,0,0,2,0,0,0,0,0,,0,0,Auckland Region,Nil,2-way,Sealed,0,0,0,0,80,0,On,0,0,,76,Auckland,Stop,0,0,0,0,0,0,Open,0,0,0,Fine,Null
1766512.0813,5907254.7413,838632,,522302,0,0,0,1,0,South,2022/2023,SOUTHERN MOTORWAY,EAST TAMAKI OBR,,Non-Injury Crash,Yes,2023,0,North,0,0,0,Flat,0,,0,,0,Dark,668000,0,0,0,3,0,0,0,0,0,,0,0,Auckland Region,Nil,1-way,Sealed,0,0,0,0,100,0,On,0,0,,76,Auckland,Nil,0,0,0,1,0,0,Open,0,0,0,Fine,Null
1748326.7413,5946808.7701,838635,,506201,0,0,0,1,0,Null,2024/2025,CARTHEY ROAD,PAMPAS DRIVE,,Non-Injury Crash,No,2024,0,North,0,0,0,Flat,0,,0,,0,Dark,176603,0,0,0,2,0,0,0,0,0,,0,1,Auckland Region,Nil,2-way,Sealed,0,0,0,0,50,0,On,0,0,,76,Auckland,Give way,0,0,0,0,0,0,Urban,0,0,0,Light rain,Null
1773320.6482,5896551.1134,838640,,525620,0,,0,2,,South,2022/2023,CLEVEDON ROAD,KEENEY COURT,,Non-Injury Crash,No,2023,,South,,0,,Flat,,,,,,Bright sun,797000,0,0,0,2,,,0,,,,,,Auckland Region,Nil,2-way,Sealed,,0,0,,50,,Off,0,0,,76,Auckland,Nil,,,,,0,0,Urban,0,,,Fine,Null
1762446.7557,5913192.8966,838648,,520500,0,,0,4,,South,2023/2024,SOUTHERN MOTORWAY,SOUTH-EASTERN HWY ON RAMP,,Non-Injury Crash,Yes,2023,,North,,0,,Flat,,,,,,Dark,637200,0,0,0,3,,,0,,,,,,Auckland Region,Nil,1-way,Sealed,,0,0,,100,,On,0,0,,76,Auckland,Nil,,,,,0,0,Open,0,,,Light rain,Null
1756544.685,5920233.0472,838652,,514102,0,0,0,1,0,South,2023/2024,SAM WRIGLEY STREET,COOK STREET,,Non-Injury Crash,No,2024,0,North,0,0,0,Flat,0,,1,,0,Dark,434401,0,0,0,1,0,0,0,0,0,,0,0,Auckland Region,Nil,1-way,Sealed,0,0,0,0,30,0,On,0,0,,76,Auckland,Nil,0,0,0,0,0,0,Urban,0,0,0,Fine,Null
1760533.8272,5912339.9285,838656,,520000,0,,0,2,,East,2023/2024,CHURCH STREET,MALVERN ROAD,,Non-Injury Crash,No,2023,,West,,0,,Flat,,,,,,Bright sun,607500,0,0,0,2,,,0,,,,,,Auckland Region,Nil,2-way,Sealed,,0,0,,50,,Off,0,0,,76,Auckland,Nil,,,,,0,0,Urban,0,,,Fine,Null
1749780.9488,5913387.033,838661,,511303,0,0,0,2,0,Null,2022/2023,RANKIN AVENUE,MARGAN AVENUE,,Minor Crash,No,2023,0,North,0,0,0,Flat,0,,0,,0,Overcast,264913,1,0,0,2,0,0,0,0,0,,0,1,Auckland Region,Nil,2-way,Sealed,0,0,0,0,50,0,Off,0,0,,76,Auckland,Give way,0,0,0,0,0,0,Urban,0,0,0,Fine,Null
1757844.3049,5916551.5024,838664,,515801,0,,0,1,,North,2024/2025,GILLIES AVENUE,RANFURLY ROAD WEST,,Minor Crash,No,2024,,South,,0,,Flat,,,,,,Dark,446100,1,0,0,2,,,0,,,,,,Auckland Region,Nil,2-way,Sealed,,0,0,,50,,On,1,0,,76,Auckland,Nil,,,,,0,0,Urban,0,,,Fine,Null
1753598.5374,5927997.4364,838667,,508310,0,,0,2,,North,2024/2025,GLENFIELD ROAD,KAIPATIKI ROAD,,Non-Injury Crash,No,2025,,South,,0,,Flat,,,,,,Dark,200000,0,0,0,2,,,0,,,,,,Auckland Region,Nil,1-way,Sealed,,0,0,,50,,Null,0,0,,76,Auckland,Nil,,,,,0,0,Urban,0,,,Fine,Null
1772412.8564,5911722.1193,838681,35,523202,0,0,0,1,0,South,2022/2023,WHITFORD ROAD,MAUNGAMAUNGAROA BR,,Non-Injury Crash,No,2023,0,North,0,0,0,Hill Road,1,,0,,0,Bright sun,717501,0,0,0,2,0,0,0,0,0,,0,0,Auckland Region,Bridge,2-way,Sealed,0,0,0,0,80,0,Off,0,0,,76,Auckland,Nil,0,0,0,0,0,0,Open,0,0,0,Fine,Null
1760247.114,5916847.6549,838683,,516102,0,,0,2,,Null,2024/2025,REMUERA ROAD,VICTORIA AVENUE,,Non-Injury Crash,No,2024,,East,,0,,Flat,,,,,,Bright sun,485200,0,0,0,4,,,0,,,,,,Auckland Region,Nil,2-way,Sealed,,0,0,,50,,Off,0,0,,76,Auckland,Traffic Signals,,,,,0,0,Urban,0,,,Fine,Null
1757043.6687,5927469.6333,838691,,507900,0,0,0,2,0,South,2024/2025,LAKE PUPUKE DRIVE,RANGITIRA AVENUE,,Non-Injury Crash,No,2025,0,North,0,0,0,Flat,0,,0,,0,Bright sun,304600,0,0,0,2,0,0,0,0,1,,0,0,Auckland Region,Nil,2-way,Sealed,0,0,0,0,50,0,Null,0,0,,76,Auckland,Nil,0,0,0,0,0,0,Urban,0,0,0,Fine,Null
1750142.6509,5913821.1133,838699,,511303,0,,0,2,,West,2025/2026,CLARK STREET,CROWN LYNN PLACE,,Non-Injury Crash,No,2025,,East,,0,,Flat,,,,,,Dark,265100,0,0,0,2,,,0,,,,,,Auckland Region,Nil,2-way,Sealed,,0,0,,50,,On,0,0,,76,Auckland,Nil,,,,,0,0,Urban,0,,,Fine,Null
1767767.1427,5906158.7708,838707,,523711,0,0,0,1,0,Null,2025/2026,FLAT BUSH ROAD,PRESTON ROAD,,Non-Injury Crash,No,2025,0,West,0,0,0,Hill Road,0,,0,,0,Dark,715000,0,0,0,3,0,0,0,0,0,,1,0,Auckland Region,Nil,2-way,Sealed,0,0,0,0,50,0,On,0,0,,76,Auckland,Traffic Signals,0,0,0,0,0,0,Urban,0,0,0,Fine,Null
1755015.8964,5913730.1131,838712,,518803,0,,0,1,,Null,2024/2025,DOMINION ROAD,DENBIGH AVENUE,,Non-Injury Crash,No,2024,,North,,0,,Flat,,,,,,Overcast,582500,0,0,0,4,,,0,,,,,,Auckland Region,Nil,2-way,Sealed,,0,0,,50,,Off,0,0,,76,Auckland,Give way,,,,,1,0,Urban,0,,,Fine,Null
1765343.8224,5907288.03,838715,,522301,0,0,0,2,0,North,2025/2026,GREAT SOUTH ROAD,MAXWELL AVENUE,,Non-Injury Crash,No,2025,0,South,0,0,0,Flat,0,,0,,0,Overcast,666100,0,0,0,3,0,0,0,0,0,,0,0,Auckland Region,Nil,2-way,Sealed,0,0,0,0,50,0,Off,0,0,,76,Auckland,Nil,0,0,0,1,0,0,Urban,0,0,0,Light rain,Null
1761147.4279,5909284.3834,838720,,524404,0,,0,1,,East,2024/2025,FAVONA ROAD,HARANIA AVENUE,,Minor Crash,No,2024,,West,,0,,Flat,,,,,,Bright sun,730301,1,0,0,2,,,0,,,,,,Auckland Region,Nil,2-way,Unsealed,,0,0,,50,,Off,1,0,,76,Auckland,Nil,,,,,0,0,Urban,0,,,Fine,Null
1766197.0511,5904580.6351,838721,,524603,0,,0,2,,West,2022/2023,CAVENDISH DRIVE,NORMAN SPENCER DRIVE,,Non-Injury Crash,No,2023,,East,,0,,Flat,,,,,,Unknown,780202,0,0,0,4,,,0,,,,,,Auckland Region,Nil,2-way,Sealed,,0,0,,60,,Null,0,0,,76,Auckland,Nil,,,,,0,0,Urban,0,,,Null,Null
1742447.4383,5926486.7682,838729,,513410,0,,0,1,,Null,2022/2023,SH 16,BRIGHAM CREEK ROAD,,Minor Crash,Yes,2023,,South,,0,,Flat,,,,,,Dark,223100,1,0,1,2,,,0,,,,,,Auckland Region,Nil,1-way,Sealed,,0,0,,50,,On,0,0,,76,Auckland,Give way,,,,,0,0,Urban,0,,,Fine,Null
1763559.4018,5905988.2224,838731,,524303,0,0,0,2,0,South,2025/2026,PARK AVENUE,LENDENFELD DRIVE,,Non-Injury Crash,No,2025,0,South,0,0,0,Flat,0,,0,,0,Overcast,656000,0,0,0,2,0,0,0,0,1,,0,0,Auckland Region,Nil,2-way,Unsealed,0,0,0,0,50,0,Off,0,0,,76,Auckland,Nil,0,0,0,0,0,0,Urban,0,0,0,Fine,Strong wind
1767932.7951,5905700.4258,838733,,523721,0,0,0,1,0,North,2022/2023,ISRAEL AVENUE,BOUNDARY ROAD,,Non-Injury Crash,No,2023,0,South,0,0,1,Flat,0,,0,,0,Dark,715507,0,0,0,2,0,0,0,0,0,,0,0,Auckland Region,Nil,2-way,Sealed,0,0,0,0,50,0,On,0,0,,76,Auckland,Nil,0,0,0,0,0,0,Urban,0,0,0,Fine,Null
1749988.5513,5913928.4159,838735,,511303,0,,0,1,,Null,2022/2023,MCCRAE WAY,MCCRAE LANE,,Minor Crash,No,2023,,East,,0,,Flat,,,,,,Bright sun,266000,1,0,0,0,,,0,,,1,,,Auckland Region,Nil,2-way,Sealed,,0,0,,50,,Off,0,1,,76,Auckland,Nil,,,,,0,0,Urban,0,,,Fine,Null
1764412.8208,5903987.9467,838736,,524604,0,,0,2,,South,2023/2024,CAVENDISH DRIVE,PUHINUI ROAD-SH 20B ON RAMP,,Non-Injury Crash,No,2023,,South,,0,,Flat,,,,,,Bright sun,781100,0,0,0,2,,,0,,,,,,Auckland Region,Motorway ramp,1-way,Sealed,,0,0,,60,,Off,0,0,,76,Auckland,Nil,,,,,0,0,Urban,0,,,Fine,Null