X,Y,OBJECTID,advisorySpeed,areaUnitID,bicycle,bridge,bus,carStationWagon,cliffBank,crashDirectionDescription,crashFinancialYear,crashLocation1,crashLocation2,crashRoadSideRoad,crashSeverity,crashSHDescription,crashYear,debris,directionRoleDescription,ditch,fatalCount,fence,flatHill,guardRail,holiday,houseOrBuilding,intersection,kerb,light,meshblockId,minorInjuryCount,moped,motorcycle,NumberOfLanes,objectThrownOrDropped,otherObject,otherVehicleType,overBank,parkedVehicle,pedestrian,phoneBoxEtc,postOrPole,region,roadCharacter,roadLane,roadSurface,roadworks,schoolBus,seriousInjuryCount,slipOrFlood,speedLimit,strayAnimal,streetLight,suv,taxi,temporarySpeedLimit,tlaId,tlaName,trafficControl,trafficIsland,trafficSign,train,tree,truck,unknownVehicleType,urban,vanOrUtility,vehicle,waterRiver,weatherA,weatherB
1745986.3305,5926068.4224,838743,,513410,0,,0,2,,Null,2022/2023,BRIGHAM CREEK ROAD OFF RAMP,BRIGHAM CREEK ROAD,,Minor Crash,No,2023,,North,,0,,Hill Road,,,,,,Bright sun,223801,1,0,0,2,,,0,,,,,,Auckland Region,Motorway ramp,1-way,Sealed,,0,0,,50,,Off,0,0,,76,Auckland,Give way,,,,,0,0,Urban,0,,,Fine,Null
1742529.9015,5921970.9512,838744,,513622,0,,0,2,,South,2024/2025,RED HILLS ROAD,BIRDWOOD ROAD,,Minor Crash,No,2025,,East,,0,,Flat,,,,,,Bright sun,226700,1,0,0,2,,,0,,,,,,Auckland Region,Nil,2-way,Sealed,,0,0,,50,,Off,0,0,,76,Auckland,Nil,,,,,0,0,Urban,0,,,Fine,Null
1756738.167,5929855.5037,838749,,507720,1,,0,1,,South,2022/2023,EAST COAST ROAD,SELWYN CRESCENT,,Serious Crash,No,2023,,South,,0,,Hill Road,,,,,,Bright sun,312300,0,0,0,2,,,0,,,,,,Auckland Region,Nil,2-way,Sealed,,0,1,,50,,Off,0,0,,76,Auckland,Nil,,,,,0,0,Urban,0,,,Fine,Null
1765270.7352,5902366.0381,838752,,524604,0,,0,1,,North,2024/2025,ROSCOMMON ROAD,LANGLEY ROAD,,Serious Crash,No,2024,,South,,0,,Flat,,,,,,Overcast,781302,0,0,0,2,,,0,,,,,,Auckland Region,Nil,1-way,Sealed,,0,1,,60,,Off,0,0,,76,Auckland,Nil,,,,,1,0,Urban,0,,,Fine,Null
1770934.7342,5900617.1876,838763,,523817,0,,0,2,,East,2025/2026,HYPERION DRIVE,FOXLAW STREET,,Non-Injury Crash,No,2025,,East,,0,,Flat,,,,,,Bright sun,759731,0,0,0,2,,,0,,,2,,,Auckland Region,Nil,2-way,Sealed,,0,0,,50,,None,0,0,40,76,Auckland,Nil,,,,,0,0,Urban,0,,,Fine,Frost
1766897.0635,5917254.7407,838771,,517002,0,0,0,1,0,Null,2025/2026,TANIWHA STREET,FILEMU LANE,,Minor Crash,No,2025,0,West,0,0,1,Flat,1,,0,,0,Dark,476700,1,0,0,2,0,0,0,0,1,,0,0,Auckland Region,Nil,2-way,Sealed,0,0,0,0,50,0,On,0,0,,76,Auckland,Nil,1,0,0,0,0,0,Urban,1,0,0,Fine,Null
1768247.3827,5914648.2411,838780,,522810,0,,0,1,,Null,2024/2025,WHITEACRES DRIVE,LUTON AVENUE,,Minor Crash,No,2024,,East,,0,,Flat,,,,,,Bright sun,693100,1,0,0,1,,,0,,,,,,Auckland Region,Nil,1-way,Sealed,,0,0,,50,,Off,1,0,40,76,Auckland,Nil,,,,,0,0,Urban,0,,,Fine,Frost
1769887.1286,5899086.8311,838792,,523920,0,,0,2,,North,2023/2024,SOUTHERN MOTORWAY,TAKANINI ON RAMP,,Non-Injury Crash,Yes,2023,,South,,0,,Flat,,,,,,Overcast,768005,0,0,0,3,,,0,,,,,,Auckland Region,Motorway ramp,1-way,Sealed,,0,0,,100,,On,0,0,,76,Auckland,Nil,,,,,0,0,Open,1,,,Fine,Null
1753997.4091,5945316.3061,838809,,505909,0,0,0,1,0,South,2022/2023,WHANGAPARAOA ROAD,D'OYLY DRIVE,,Minor Crash,No,2023,0,North,0,0,0,Flat,0,,0,,0,Dark,173807,1,0,0,2,0,0,0,0,0,,0,0,Auckland Region,Nil,2-way,Sealed,0,0,0,0,50,0,On,0,0,,76,Auckland,Nil,0,0,0,1,0,0,Urban,0,0,0,Heavy rain,Null
1747301.1614,5913675.699,838824,,511100,0,0,0,1,0,Null,2024/2025,OFF ROAD - CAR PARK,,,Minor Crash,No,2025,0,South,0,0,1,Hill Road,0,,0,,0,Bright sun,286200,1,0,0,,0,0,0,0,0,1,0,0,Auckland Region,Nil,Off road,Sealed,0,0,0,0,,0,None,0,0,,76,Auckland,Nil,0,0,0,1,0,0,Urban,0,0,0,Fine,Null
1757423.9921,5920562.4433,838832,,514102,1,,0,1,,South,2024/2025,QUEEN STREET,WYNDHAM STREET,,Minor Crash,No,2025,,North,,0,,Flat,,,,,,Overcast,433503,1,0,0,2,,,0,,,,,,Auckland Region,Nil,2-way,Sealed,,0,0,,30,,Off,0,1,,76,Auckland,Nil,,,,,0,0,Urban,0,,,Fine,Null
1773822.0988,5895982.4495,838836,,525620,0,,0,2,,Null,2024/2025,SETTLEMENT ROAD,LAURIE AVENUE,,Minor Crash,No,2025,,West,,0,,Flat,,,,,,Bright sun,797900,1,0,0,2,,,0,,,,,,Auckland Region,Nil,2-way,Sealed,,0,0,,50,,Off,0,0,,76,Auckland,Stop,,,,,0,0,Urban,0,,,Fine,Null
1757192.5391,5915088.1672,838840,,515802,0,0,0,3,0,Null,2023/2024,ST ANDREWS ROAD,ST LEONARDS ROAD,,Non-Injury Crash,No,2024,0,South,0,0,0,Flat,0,,0,,0,Bright sun,447802,0,0,0,2,0,0,0,0,1,,0,0,Auckland Region,Nil,2-way,Sealed,0,0,0,0,50,0,Off,0,0,,76,Auckland,Give way,0,0,0,0,0,0,Urban,0,0,0,Fine,Null
1763429.1149,5904901.2615,838844,,524303,0,0,0,1,0,North,2023/2024,SOUTH-WESTERN MOTORWAY,PUHINUI ROAD-SH 20B OFF RAMP,,Non-Injury Crash,Yes,2024,0,South,0,0,0,Flat,2,,0,,0,Overcast,780901,0,0,0,2,0,0,0,0,0,,0,0,Auckland Region,Nil,1-way,Sealed,0,0,0,0,100,0,Off,0,0,,76,Auckland,Nil,0,0,0,0,0,0,Open,0,0,0,Light rain,Null
1757377.3897,5919832.4519,838851,,514103,0,,0,1,,South,2025/2026,WAKEFIELD STREET,ST PAUL STREET,,Minor Crash,No,2025,,North,,0,,Hill Road,,,,,,Dark,436803,1,0,0,4,,,0,,,1,,,Auckland Region,Nil,2-way,Sealed,,0,0,,30,,On,0,0,,76,Auckland,Nil,,,,,0,0,Urban,0,,,Light rain,Null
1758635.0265,5903505.3894,838852,,524200,0,,0,1,,North,2023/2024,TERMINAL EXIT ROAD,TOM PEARCE DRIVE,,Non-Injury Crash,No,2024,,East,,0,,Flat,,,,,,Bright sun,727100,0,0,0,2,,,0,,,,,,Auckland Region,Nil,1-way,Sealed,,0,0,,50,,Off,0,0,,76,Auckland,Nil,,,,,0,0,Urban,1,,,Fine,Null
1756619.7748,5920754.9829,838856,,514102,0,,0,1,,Null,2023/2024,FANSHAWE STREET,HALSEY STREET,,Non-Injury Crash,No,2024,,West,,0,,Flat,,,,,,Overcast,432601,0,0,0,4,,,0,,,,,,Auckland Region,Nil,1-way,Sealed,,0,0,,40,,Off,0,1,,76,Auckland,Traffic Signals,,,,,0,0,Urban,1,,,Light rain,Null
1761223.2537,5914652.7141,838860,,520202,0,,0,3,,North,2023/2024,SOUTHERN MOTORWAY,ELLERSLIE-PANMURE HWY OFF RAMP,,Non-Injury Crash,Yes,2024,,South,,0,,Flat,,,,,,Dark,612100,0,0,0,3,,,0,,,,,,Auckland Region,Nil,1-way,Sealed,,0,0,,100,,On,0,0,,76,Auckland,Nil,,,,,0,0,Open,0,,,Fine,Null
1751297.3601,5949814.112,838864,,505805,0,,0,2,,North,2023/2024,CENTREWAY ROAD,FLORENCE AVENUE,,Minor Crash,No,2024,,South,,0,,Flat,,,,,,Overcast,171709,1,0,0,2,,,0,,,,,,Auckland Region,Nil,2-way,Sealed,,0,0,,50,,Off,0,0,,76,Auckland,Nil,,,,,0,0,Urban,0,,,Light rain,Null
1745504.4793,5920613.9327,838867,,513301,0,,0,1,,Null,2025/2026,LINCOLN ROAD OFF RAMP,LINCOLN ROAD,,Non-Injury Crash,No,2026,,West,,0,,Flat,,,,,,Bright sun,230301,0,0,1,5,,,0,,,,,,Auckland Region,Nil,2-way,Sealed,,0,0,,50,,Off,0,0,,76,Auckland,Traffic Signals,,,,,0,0,Urban,0,,,Fine,Null
1746696.2334,5917075.4622,838880,,512500,0,,0,1,,North,2024/2025,TE ATATU ROAD,TAITUA DRIVE,,Non-Injury Crash,No,2024,,South,,0,,Flat,,,,,,Dark,259300,0,0,0,2,,,0,,,,,,Auckland Region,Nil,2-way,Sealed,,0,0,,50,,Off,0,0,,76,Auckland,Nil,,,,,0,0,Urban,1,,,Light rain,Null
1744815.8002,5974021.6732,838884,55,506661,0,,0,1,,South,2024/2025,SH 1,KRAACK ROAD,,Minor Crash,Yes,2025,,South,,0,,Hill Road,,,,,,Overcast,138900,1,0,0,2,,,0,,,,,,Auckland Region,Nil,2-way,Sealed,,0,0,,80,,None,0,0,,76,Auckland,Nil,,,,,1,0,Open,0,,,Light rain,Null
1767820.7854,5904098.374,838888,,524602,0,,0,1,,Null,2022/2023,GREAT SOUTH ROAD,LAKEWOOD COURT,,Non-Injury Crash,No,2023,,South,,0,,Flat,,Easter,,,,Dark,780501,0,0,0,2,,,0,,,,,,Auckland Region,Nil,2-way,Sealed,,0,0,,50,,None,1,0,,76,Auckland,Give way,,,,,0,0,Urban,0,,,Light rain,None
1758128.8842,5917793.1015,838891,,515700,0,,0,2,,Null,2025/2026,GILLIES AVENUE,GILLIES AVENUE ON RAMP,,Non-Injury Crash,No,2025,,North,,0,,Flat,,,,,,Dark,443700,0,0,0,4,,,0,,,,,,Auckland Region,Motorway ramp,2-way,Sealed,,0,0,,50,,On,0,0,,76,Auckland,Traffic Signals,,,,,0,0,Urban,0,,,Light rain,Null
1756780.5297,5919816.5813,838896,,514102,0,0,0,1,0,Null,2024/2025,PITT STREET,HOBSON STREET ON RAMP,,Non-Injury Crash,No,2024,0,South,0,0,0,Flat,0,,0,,0,Dark,434802,0,0,0,6,0,0,0,0,0,,0,1,Auckland Region,Nil,2-way,Sealed,0,0,0,0,30,0,On,0,0,,76,Auckland,Traffic Signals,0,1,0,0,0,0,Urban,0,0,0,Heavy rain,Null
1756624.9967,5918482.9636,838900,,515600,0,,0,1,,Null,2024/2025,NEW NORTH ROAD,CHARLOTTE STREET,,Minor Crash,No,2024,,East,,0,,Hill Road,,,,,,Overcast,420900,1,1,0,4,,,0,,,,,,Auckland Region,Nil,2-way,Sealed,,0,0,,50,,Off,0,0,,76,Auckland,Stop,,,,,0,0,Urban,0,,,Fine,Null
1778052.7559,5911972.6212,838903,,523202,1,,0,1,,North,2022/2023,WHITFORD MARAETAI ROAD,WAIKOPUA BR,,Serious Crash,No,2023,,North,,0,,Flat,,,,,,Overcast,762501,0,0,0,2,,,0,,,,,,Auckland Region,Nil,2-way,Sealed,,0,1,,80,,Off,0,0,,76,Auckland,Nil,,,,,0,0,Open,0,,,Fine,Null
1758383.1988,5920141.7133,838904,,515902,0,,0,2,,Null,2024/2025,PARNELL RISE,CARLAW PARK AVENUE,,Minor Crash,No,2025,,West,,0,,Hill Road,,,,,,Bright sun,452200,1,0,0,4,,,0,,,1,,,Auckland Region,Nil,2-way,Sealed,,0,0,,50,,Off,0,0,,76,Auckland,Give way,,,,,0,0,Urban,0,,,Fine,Null
1753814.5982,5914268.9217,838908,,518801,0,,0,2,,South,2024/2025,MAIORO STREET ON RAMP,MAIORO STREET,,Non-Injury Crash,No,2024,,South,,0,,Hill Road,,,,,,Dark,578500,0,0,0,2,,,0,,,,,,Auckland Region,Motorway ramp,1-way,Sealed,,0,0,,100,,On,0,0,,76,Auckland,Traffic Signals,,,,,0,0,Open,0,,,Fine,Null
1773445.4225,5891869.6804,838912,,521301,0,,0,2,,Null,2023/2024,GREAT SOUTH ROAD,NORRIE ROAD,,Non-Injury Crash,No,2024,,North,,0,,Flat,,,,,,Dark,809300,0,0,0,1,,,0,,,,,,Auckland Region,Nil,1-way,Sealed,,0,0,,50,,On,0,0,,76,Auckland,Give way,,,,,0,0,Urban,0,,,Mist or Fog,Null
1755103.0006,5930132.1341,838916,,508420,0,,0,2,,North,2024/2025,NORTHERN MOTORWAY,SUNNYNOOK OBR,,Non-Injury Crash,Yes,2024,,North,,0,,Flat,,,,,,Bright sun,182100,0,0,0,3,,,0,,,,,,Auckland Region,Overpass,1-way,Sealed,,0,0,,100,,Off,0,0,,76,Auckland,Nil,,,,,0,0,Open,0,,,Fine,Null
1761287.3857,5918722.9265,838931,,516201,0,,0,2,,West,2025/2026,ORAKEI ROAD,ORAKEI RLY OBR,,Non-Injury Crash,No,2025,,West,,0,,Hill Road,,,,,,Overcast,486000,0,0,0,2,,,0,,,,,,Auckland Region,Nil,2-way,Sealed,,0,0,,50,,Off,0,0,,76,Auckland,Nil,,,,,0,0,Urban,0,,,Heavy rain,Null
1754514.0322,5928467.5943,838936,,508320,0,,0,2,,Null,2023/2024,DIANA DRIVE,HILLSIDE ROAD,,Non-Injury Crash,No,2023,,North,,0,,Hill Road,,,,,,Bright sun,198401,0,0,0,2,,,0,,,,,,Auckland Region,Nil,2-way,Sealed,,0,0,,50,,Off,0,0,,76,Auckland,Give way,,,,,0,0,Urban,0,,,Fine,Null
1753925.8268,5931635.7226,838971,,508805,0,,0,2,,South,2025/2026,NORTHERN MOTORWAY,UPPER HARBOUR HWY OFF RAMP,,Non-Injury Crash,Yes,2025,,South,,0,,Flat,,,,,,Bright sun,180813,0,0,1,3,,,0,,,,,,Auckland Region,Nil,1-way,Sealed,,0,0,,100,,Off,0,0,,76,Auckland,Nil,,,,,0,0,Open,0,,,Fine,Null
1742733.6472,5912534.3642,838972,,512902,0,0,0,1,0,Null,2023/2024,WEST COAST ROAD,KAURI LOOP ROAD,,Minor Crash,No,2024,0,West,0,0,2,Hill Road,0,,0,,0,Overcast,279102,1,0,0,2,0,0,0,0,0,,0,0,Auckland Region,Nil,2-way,Sealed,0,0,0,0,70,0,Off,0,0,,76,Auckland,Give way,0,0,0,0,0,0,Urban,0,0,0,Heavy rain,Null
1742207.4083,5966393.2744,838984,,506613,0,,0,1,,South,2023/2024,WOODCOCKS ROAD,DENNIS ROAD,,Serious Crash,No,2023,,West,,0,,Hill Road,,,,,,Dark,145500,0,0,0,2,,,0,,,,,,Auckland Region,Nil,2-way,Sealed,,0,1,,100,,None,0,0,,76,Auckland,Nil,,,,,1,0,Open,0,,,Fine,Null
1756684.7136,5917559.92,838988,,518102,0,0,0,3,0,North,2023/2024,SHERBOURNE ROAD,BELLEVUE ROAD,,Minor Crash,No,2024,0,North,0,0,0,Hill Road,0,,0,,0,Bright sun,545400,1,0,0,2,0,0,0,0,2,,0,0,Auckland Region,Nil,2-way,Sealed,0,0,0,0,30,0,Off,0,0,,76,Auckland,Nil,0,0,0,0,0,0,Urban,0,0,0,Fine,Null
1760720.3877,5915473.9465,839003,,520201,0,,0,2,,East,2025/2026,SOUTHERN MOTORWAY,WALPOLE OBR,,Minor Crash,Yes,2026,,South,,0,,Flat,,,,,,Overcast,613000,2,0,0,3,,,0,,,,,,Auckland Region,Nil,1-way,Sealed,,0,0,,100,,Off,0,0,,76,Auckland,Nil,,,,,0,0,Open,1,,,Fine,Null
1775730.4575,5898225.7107,839008,,523813,0,,0,1,,Null,2023/2024,PAPAKURA-CLEVEDON ROAD,HAMLIN ROAD,,Non-Injury Crash,No,2023,,North,,0,,Flat,,,,,,Overcast,761800,0,0,0,2,,,0,,,,,,Auckland Region,Nil,2-way,Sealed,,0,0,,80,,On,1,0,,76,Auckland,Stop,,,,,0,0,Open,0,,,Fine,None
1735598.5167,5986628.5373,839024,,506660,0,,0,1,,Null,2023/2024,SH 1,WHAKAPIRAU ROAD,,Minor Crash,Yes,2023,,South,,0,,Flat,,,,,,Overcast,143800,2,0,0,3,,,0,,,,,,Auckland Region,Nil,2-way,Sealed,,0,0,,70,,Off,0,0,,76,Auckland,Nil,,,,,1,0,Urban,0,,,Fine,Null
1757007.291,5913749.7047,839025,,518702,0,,0,2,,Null,2023/2024,MOUNT ALBERT ROAD,HILLSBOROUGH ROAD,,Minor Crash,No,2023,,West,,0,,Flat,,,,,,Dark,567401,2,0,0,2,,,0,,,,,,Auckland Region,Nil,2-way,Sealed,,0,0,,50,,On,0,0,,76,Auckland,Traffic Signals,,,,,0,0,Urban,0,,,Fine,Null
1769718.757,5901860.5889,839029,,523814,0,,0,2,,Null,2022/2023,HILL ROAD,BOTANIC VIEW,,Non-Injury Crash,No,2023,,East,,0,,Flat,,,,,,Bright sun,759508,0,0,0,2,,,0,,,,,,Auckland Region,Nil,2-way,Sealed,,0,0,,50,,Off,0,0,,76,Auckland,Nil,,,,,0,0,Urban,0,,,Fine,Frost
1753044.2102,5915055.5754,839035,,517902,0,0,0,3,0,West,2024/2025,HENDON AVENUE,RICHARDSON ROAD,,Non-Injury Crash,No,2025,0,East,0,0,0,Flat,0,,0,,0,Dark,518900,0,0,0,2,0,0,0,0,2,,0,0,Auckland Region,Nil,2-way,Sealed,0,0,0,0,50,0,On,0,0,30,76,Auckland,Nil,0,0,0,0,0,0,Urban,0,0,0,Fine,Null
1754771.2152,5929671.4505,839043,35,508420,0,,0,1,,Null,2024/2025,ELLICE ROAD,TARGET ROAD,,Non-Injury Crash,No,2025,,East,,0,,Hill Road,,,,,,Overcast,182500,0,0,0,2,,,0,,,,,,Auckland Region,Nil,2-way,Sealed,,0,0,,50,,Off,1,0,30,76,Auckland,Give way,,,,,0,0,Urban,0,,,Light rain,Null
1750135.1194,5916299.9689,839044,,514801,0,,0,1,,Null,2022/2023,ROSEBANK ROAD,AVONDALE ROAD,,Non-Injury Crash,No,2023,,North,,0,,Flat,,,,,,Bright sun,389102,0,0,0,2,,,0,,,,,,Auckland Region,Nil,2-way,Sealed,,0,0,,50,,Off,0,0,,76,Auckland,Traffic Signals,,,,,1,0,Urban,0,,,Fine,None
1763845.212,5912826.1755,839052,,520500,0,,0,2,,Null,2023/2024,MOUNT WELLINGTON HIGHWAY,TE PUTU AVENUE,,Non-Injury Crash,No,2023,,South,,0,,Flat,,,,,,Overcast,637500,0,0,0,6,,,0,,,,,,Auckland Region,Nil,2-way,Sealed,,0,0,,50,,Off,0,0,,76,Auckland,Traffic Signals,,,,,0,0,Urban,0,,,Fine,Null
1737687.0189,5915412.9705,839053,,513020,0,0,0,1,1,North,2022/2023,SCENIC DRIVE,WAITAKERE DAM WALK,,Non-Injury Crash,No,2023,0,North,0,0,0,Hill Road,0,,0,,0,Dark,281800,0,0,0,2,0,0,0,0,0,,0,0,Auckland Region,Nil,2-way,Sealed,0,0,0,0,70,0,None,0,0,,76,Auckland,Nil,0,0,0,0,0,0,Urban,0,0,0,Fine,Null
1746829.4011,5921592.1722,839056,,512201,0,0,0,2,0,North,2023/2024,NEIL AVENUE,TAIKATA ROAD,,Non-Injury Crash,No,2023,0,South,0,0,0,Flat,0,,0,,0,Overcast,248100,0,0,0,2,0,0,0,0,1,,0,0,Auckland Region,Nil,2-way,Sealed,0,0,0,0,50,0,Off,0,0,,76,Auckland,Nil,0,0,0,0,0,0,Urban,0,0,0,Fine,Null
1750459.2251,5955130.1732,839063,,506613,0,,0,1,,South,2022/2023,NORTHERN GATEWAY TOLL ROAD,WAIWERA VIADUCT NORTH,,Minor Crash,Yes,2023,,North,,0,,Flat,,,,,,Overcast,147000,1,0,0,2,,,0,,,,,,Auckland Region,Bridge,1-way,Sealed,,0,0,,100,,Off,0,0,30,76,Auckland,Nil,,,,,0,0,Open,1,,,Fine,Strong wind
1774551.1677,5888203.6463,839064,,521302,0,,0,2,,North,2024/2025,SOUTHERN MOTORWAY,RAMARAMA ON RAMP,,Minor Crash,Yes,2025,,North,,0,,Flat,,,,,,Bright sun,809101,1,0,0,2,,,0,,,,,,Auckland Region,Nil,1-way,Sealed,,0,0,,100,,Off,2,0,,76,Auckland,Nil,,,,,0,0,Open,0,,,Fine,Null
1760262.4629,5908868.2834,839071,,524403,0,0,0,1,0,East,2022/2023,WALMSLEY ROAD,MAHUNGA DRIVE,,Non-Injury Crash,No,2023,0,West,0,0,0,Flat,0,,0,,0,Dark,729901,0,0,0,4,0,0,0,0,1,,0,0,Auckland Region,Nil,2-way,Sealed,0,0,0,0,50,0,On,0,0,,76,Auckland,Nil,0,1,0,0,0,0,Urban,0,0,0,Fine,Null
1767496.2773,5904621.8588,839088,,524604,0,,0,2,,Null,2022/2023,RONWOOD AVENUE,LEYTON WAY,,Non-Injury Crash,No,2023,,East,,0,,Flat,,,,,,Overcast,780209,0,0,0,2,,,0,,,,,,Auckland Region,Nil,1-way,Sealed,,0,0,,50,,Off,0,0,,76,Auckland,Give way,,,,,0,0,Urban,0,,,Heavy rain,Null
1767119.7093,5905545.0741,839096,,522302,0,,0,2,,Null,2023/2024,GREAT SOUTH ROAD,REAGAN ROAD,,Non-Injury Crash,No,2023,,South,,0,,Null,,,,,,Unknown,670700,0,0,0,1,,,0,,,,,,Auckland Region,Nil,1-way,Sealed,,0,0,,50,,Null,0,0,,76,Auckland,Give way,,,,,0,0,Urban,0,,,Null,Null
1772812.8898,5896005.0826,839099,,525410,0,,0,2,,Null,2025/2026,GREAT SOUTH ROAD,OPAHEKE ROAD,,Non-Injury Crash,No,2026,,North,,0,,Flat,,,,,,Bright sun,793400,0,0,0,2,,,0,,,,,,Auckland Region,Nil,2-way,Sealed,,0,0,,50,,Off,0,0,,76,Auckland,Stop,,,,,0,0,Urban,0,,,Fine,Null
1756172.4532,5937329.8298,839100,,506903,0,0,0,1,0,North,2023/2024,ORNE STREET,KILLARNEY AVENUE,,Non-Injury Crash,No,2023,0,North,0,0,0,Flat,0,,0,,0,Bright sun,168001,0,0,0,2,0,0,0,0,1,,0,0,Auckland Region,Nil,2-way,Sealed,0,0,0,0,50,0,Off,0,0,,76,Auckland,Nil,0,0,0,0,1,0,Urban,0,0,0,Fine,Null
1759472.1551,5910262.71,839108,,524002,0,0,0,1,0,North,2022/2023,SOUTH-WESTERN MOTORWAY,RIMU OBR,,Minor Crash,Yes,2023,0,South,0,0,0,Flat,1,,0,,0,Dark,722400,1,0,0,3,0,0,0,0,0,,0,0,Auckland Region,Underpass,1-way,Sealed,0,0,0,0,100,0,On,0,0,,76,Auckland,Nil,0,0,0,0,0,0,Open,0,0,0,Light rain,Null
1745693.027,5917003.7748,839114,,510800,0,,0,1,,Null,2025/2026,EDSEL STREET,VITASOVICH AVENUE,,Non-Injury Crash,No,2025,,South,,0,,Null,,,,,,Overcast,243300,0,0,0,1,,,0,,,,,,Auckland Region,Nil,1-way,Sealed,,0,0,,50,,Null,1,0,,76,Auckland,Give way,,,,,0,0,Urban,0,,,Light rain,Null
1755342.9137,5929477.8002,839115,,508420,0,0,0,2,0,North,2023/2024,NORTHERN MOTORWAY,TRISTRAM AVENUE ON RAMP,,Non-Injury Crash,Yes,2024,1,North,0,0,0,Flat,0,,0,,0,Dark,183800,0,0,0,3,0,0,0,0,0,,0,1,Auckland Region,Nil,1-way,Sealed,0,0,0,0,100,0,On,0,0,,76,Auckland,Nil,0,0,0,0,0,0,Open,0,0,0,Fine,Null
1756093.6876,5918717.3526,839131,,515500,0,,0,1,,South,2023/2024,NORTH-WESTERN MOTORWAY,WAIMA FTBR,,Non-Injury Crash,Yes,2023,,North,,0,,Flat,,,,,,Bright sun,417600,0,0,0,4,,,0,,,,,,Auckland Region,Nil,1-way,Sealed,,0,0,,80,,Off,1,0,,76,Auckland,Nil,,,,,0,0,Open,0,,,Fine,Null
1771374.4048,5907027.6879,839139,,523713,0,,0,2,,Null,2022/2023,ORMISTON ROAD,MURPHYS ROAD,,Non-Injury Crash,No,2023,,East,,0,,Flat,,Queens Birthday,,,,Bright sun,712600,0,0,0,6,,,0,,,,,,Auckland Region,Nil,2-way,Sealed,,0,0,,50,,Off,0,0,,76,Auckland,Traffic Signals,,,,,0,0,Urban,0,,,Fine,Null
1769890.5991,5899011.3256,839143,,523920,0,0,0,0,0,South,2023/2024,SOUTHERN MOTORWAY,GT SOUTH OBR,,Non-Injury Crash,Yes,2024,0,South,0,0,0,Flat,1,,0,,0,Bright sun,768005,0,0,0,3,0,0,0,0,0,,0,0,Auckland Region,Nil,1-way,Sealed,0,0,0,0,100,0,Off,1,0,,76,Auckland,Nil,0,0,0,0,1,0,Open,0,0,0,Fine,Null
1745321.6743,5919987.078,839146,,513301,0,,0,2,,Null,2025/2026,"LINCOLN ROAD, HENDERSON, AUCKLAND 0610",PARAMOUNT DRIVE,,Non-Injury Crash,No,2025,,North,,0,,Flat,,,,,,Bright sun,230401,0,0,0,4,,,0,,,,,,Auckland Region,Nil,2-way,Sealed,,0,0,,50,,Off,0,0,,76,Auckland,Stop,,,,,0,0,Urban,0,,,Fine,Null
1745006.7031,5921966.747,839159,,513530,0,,0,2,,Null,2023/2024,REDWOOD DRIVE,COLWILL ROAD,,Non-Injury Crash,No,2024,,West,,0,,Flat,,,,,,Overcast,225802,0,0,0,2,,,0,,,,,,Auckland Region,Nil,2-way,Sealed,,0,0,,50,,Off,0,0,,76,Auckland,Give way,,,,,0,0,Urban,0,,,Fine,Null
1768322.457,5881325.2913,839170,,525910,1,0,0,1,0,South,2023/2024,MONTGOMERY AVENUE,KENNELLY CRESCENT,,Non-Injury Crash,No,2023,0,North,0,0,0,Flat,0,,0,,0,Dark,820000,0,0,0,2,0,0,0,0,0,,0,1,Auckland Region,Nil,2-way,Sealed,0,0,0,0,50,0,None,0,0,,76,Auckland,Nil,0,0,0,0,0,0,Urban,0,0,0,Fine,Null
1767687.468,5905043.95,839178,,524604,0,,0,2,,Null,2023/2024,TE IRIRANGI DRIVE,TE IRIRANGI DRIVE ON RAMP,,Non-Injury Crash,No,2023,,East,,0,,Flat,,,,,,Bright sun,780302,0,0,0,5,,,0,,,,,,Auckland Region,Overpass,2-way,Sealed,,0,0,,50,,On,0,0,,76,Auckland,Traffic Signals,,,,,0,0,Urban,0,,,Fine,None
1763688.5888,5908882.3185,839182,,521901,0,,1,1,,Null,2023/2024,MANGERE ROAD,WALMSLEY ROAD,,Non-Injury Crash,No,2023,,East,,0,,Flat,,Labour Weekend,,,,Overcast,786100,0,0,0,4,,,0,,,,,,Auckland Region,Nil,2-way,Sealed,,0,0,,50,,Off,0,0,,76,Auckland,Traffic Signals,,,,,0,0,Urban,0,,,Fine,Null
1751928.4409,5917662.5742,839190,,514900,0,,0,0,,Null,2024/2025,GREAT NORTH ROAD,COWLEY STREET,,Non-Injury Crash,No,2024,,North,,0,,Flat,,,,,,Dark,385803,0,0,0,4,,,0,,,,,,Auckland Region,Nil,2-way,Sealed,,0,0,,50,,On,0,0,,76,Auckland,Nil,,,,,0,0,Urban,2,,,Mist or Fog,Null
1755066.8164,5929295.116,839217,,508420,0,0,0,1,0,South,2025/2026,TARGET ROAD,LINK DRIVE,,Non-Injury Crash,No,2026,0,South,0,0,0,Hill Road,0,,0,,1,Dark,183800,0,0,0,4,0,0,0,0,0,,0,0,Auckland Region,Nil,2-way,Sealed,0,0,0,0,50,0,On,0,0,,76,Auckland,Nil,0,0,0,0,0,0,Urban,0,0,0,Light rain,Null