X,Y,OBJECTID,advisorySpeed,areaUnitID,bicycle,bridge,bus,carStationWagon,cliffBank,crashDirectionDescription,crashFinancialYear,crashLocation1,crashLocation2,crashRoadSideRoad,crashSeverity,crashSHDescription,crashYear,debris,directionRoleDescription,ditch,fatalCount,fence,flatHill,guardRail,holiday,houseOrBuilding,intersection,kerb,light,meshblockId,minorInjuryCount,moped,motorcycle,NumberOfLanes,objectThrownOrDropped,otherObject,otherVehicleType,overBank,parkedVehicle,pedestrian,phoneBoxEtc,postOrPole,region,roadCharacter,roadLane,roadSurface,roadworks,schoolBus,seriousInjuryCount,slipOrFlood,speedLimit,strayAnimal,streetLight,suv,taxi,temporarySpeedLimit,tlaId,tlaName,trafficControl,trafficIsland,trafficSign,train,tree,truck,unknownVehicleType,urban,vanOrUtility,vehicle,waterRiver,weatherA,weatherB
1770237.2747,5909447.8396,839218,,523114,0,0,0,1,0,South,2023/2024,CHAPEL ROAD,POINT VIEW DRIVE,,Non-Injury Crash,No,2023,0,North,0,0,0,Hill Road,0,,0,,0,Dark,712101,0,0,0,2,0,0,0,0,0,,0,0,Auckland Region,Nil,2-way,Sealed,0,0,0,0,50,0,On,0,0,,76,Auckland,Nil,0,1,0,0,0,0,Urban,0,0,0,Fine,None
1764891.0358,5910296.7027,839223,,521801,0,0,0,2,0,East,2022/2023,PRINCES STREET,ALBERT STREET,,Minor Crash,No,2023,0,West,0,0,0,Flat,0,,0,,0,Twilight,787200,1,0,0,5,0,0,0,0,1,,0,0,Auckland Region,Nil,2-way,Sealed,0,0,0,0,50,0,Off,0,0,,76,Auckland,Nil,0,0,0,0,0,0,Urban,0,0,0,Fine,Null
1769540.9672,5912997.6536,839233,,522723,0,,0,1,,Null,2025/2026,CASCADES ROAD,WOODBINE AVENUE,,Minor Crash,No,2025,,East,,0,,Flat,,,,,,Overcast,681500,1,0,0,2,,,0,,,,,,Auckland Region,Nil,2-way,Sealed,,0,0,,50,,Off,1,0,,76,Auckland,Give way,,,,,0,0,Urban,0,,,Fine,Null
1757732.7027,5920636.6351,839241,,514103,0,0,0,1,0,West,2024/2025,SHORTLAND STREET,EMILY PLACE,,Non-Injury Crash,No,2025,0,West,0,0,0,Hill Road,0,,0,,0,Bright sun,437800,0,0,0,2,0,1,0,0,0,,0,0,Auckland Region,Nil,2-way,Sealed,0,0,0,0,30,0,Off,0,0,,76,Auckland,Nil,0,0,0,0,0,0,Urban,0,0,0,Fine,Null
1766550.8541,5903827.6917,839246,,524604,0,,0,0,,East,2023/2024,LAMBIE DRIVE ON RAMP,SOUTH-WESTERN MOTORWAY,,Non-Injury Crash,No,2024,,West,,0,,Flat,,,,,,Bright sun,780210,0,0,0,1,,,0,,,,,,Auckland Region,Nil,1-way,Sealed,,0,0,,60,,Off,0,0,,76,Auckland,Nil,,,,,0,0,Urban,2,,,Fine,None
1766952.7441,5901506.382,839259,,524720,0,,0,2,,Null,2022/2023,RUSSELL ROAD,ARBOR CLOSE,,Non-Injury Crash,No,2023,,North,,0,,Flat,,,,,,Bright sun,777900,0,0,0,2,,,0,,,,,,Auckland Region,Nil,2-way,Sealed,,0,0,,50,,Off,0,0,,76,Auckland,Give way,,,,,0,0,Urban,0,,,Fine,Null
1773407.114,5895952.19,839274,,525410,0,,0,0,,Null,2024/2025,MARNE ROAD,ONSLOW ROAD,,Minor Crash,No,2024,,North,,0,,Flat,,,,,,Bright sun,793601,1,0,0,2,,,0,,,1,,,Auckland Region,Nil,2-way,Sealed,,0,0,,50,,Off,1,0,,76,Auckland,Stop,,,,,0,0,Urban,0,,,Fine,Null
1753865.0823,5928846.5279,839278,,508320,0,0,0,5,0,East,2023/2024,WELDENE AVENUE,HOGANS ROAD,,Non-Injury Crash,No,2024,0,East,0,0,0,Hill Road,0,,0,,0,Dark,197100,0,0,0,2,0,0,0,0,1,,0,0,Auckland Region,Nil,2-way,Sealed,0,0,0,0,50,0,On,0,0,,76,Auckland,Nil,0,0,0,0,0,0,Urban,0,0,0,Fine,Null
1771711.1568,5899058.8109,839281,,523911,0,0,0,1,0,Null,2025/2026,PORCHESTER ROAD,AIRFIELD ROAD,,Minor Crash,No,2025,0,South,0,0,1,Flat,0,,0,,0,Overcast,767302,1,0,0,2,0,0,0,0,1,,0,0,Auckland Region,Nil,2-way,Sealed,0,0,0,0,60,0,Off,0,0,,76,Auckland,Give way,0,0,0,0,0,1,Urban,0,0,0,Fine,Null
1739533.255,5928672.931,839283,,505602,0,,0,1,,West,2022/2023,MAIN ROAD,RIVERHEAD ROAD,,Non-Injury Crash,Yes,2023,,West,,0,,Flat,,,,,,Bright sun,214103,0,0,0,2,,,0,,,,,,Auckland Region,Nil,2-way,Sealed,,0,0,,50,,Off,1,0,,76,Auckland,Nil,,,,,0,0,Urban,0,,,Fine,Null
1758905.596,5913539.1344,839286,,519720,0,,0,2,,Null,2023/2024,ONEHUNGA MALL,CLARKE ROAD,,Non-Injury Crash,No,2024,,North,,0,,Hill Road,,,,,,Overcast,593600,0,0,0,2,,,0,,,,,,Auckland Region,Nil,2-way,Sealed,,0,0,,50,,Off,1,0,,76,Auckland,Stop,,,,,0,0,Urban,0,,,Light rain,Null
1771508.346,5912917.0496,839297,,523106,0,,0,1,,Null,2025/2026,MILLHOUSE DRIVE,NORTHPARK AVENUE,,Minor Crash,No,2025,,East,,0,,Flat,,,,,,Overcast,711173,1,0,1,2,,,0,,,,,,Auckland Region,Nil,2-way,Sealed,,0,0,,50,,Off,0,0,,76,Auckland,Give way,,,,,0,0,Urban,0,,,Fine,Null
1753914.3781,5925527.039,839299,,510500,0,,0,2,,Null,2022/2023,PUPUKE ROAD,GLENFIELD ROAD,,Non-Injury Crash,No,2023,,West,,0,,Flat,,,,,,Bright sun,355603,0,0,0,2,,,0,,,,,,Auckland Region,Nil,2-way,Sealed,,0,0,,50,,Off,0,0,,76,Auckland,Traffic Signals,,,,,0,0,Urban,0,,,Fine,Null
1731806.9119,5953178.4625,839313,,506646,0,,0,1,,North,2025/2026,KAIPARA COAST HIGHWAY,BASIL ORR ROAD,,Non-Injury Crash,Yes,2025,,North,,0,,Hill Road,,,,,,Overcast,212404,0,0,0,2,,,0,,,,,,Auckland Region,Nil,2-way,Sealed,,0,0,,100,,Off,0,0,,76,Auckland,Nil,,,,,0,0,Open,0,,,Light rain,Null
1765664.3777,5908225.5291,839321,,523404,0,,0,0,,West,2025/2026,BAIRDS ROAD,BAIRDS OBR,,Serious Crash,No,2025,,East,,0,,Flat,,,,,,Bright sun,696801,1,0,0,2,,,0,,,,,,Auckland Region,Bridge,2-way,Sealed,,0,1,,50,,None,1,0,,76,Auckland,Nil,,,,,1,0,Urban,0,,,Fine,Null
1765570.1861,5903751.1999,839322,,524604,0,,0,2,,East,2023/2024,SOUTH-WESTERN MOTORWAY,CAVENDISH DRIVE ON RAMP,,Non-Injury Crash,Yes,2024,,East,,0,,Hill Road,,,,,,Dark,781301,0,0,0,2,,,0,,,,,,Auckland Region,Nil,1-way,Sealed,,0,0,,100,,On,0,0,,76,Auckland,Nil,,,,,0,0,Open,0,,,Fine,Null
1736638.5361,5982135.6259,839326,,505300,0,,0,0,,Null,2024/2025,HOOD STREET,WORKER ROAD,,Serious Crash,No,2024,,South,,0,,Hill Road,,,,,,Bright sun,142500,0,0,0,2,,,0,,,1,,,Auckland Region,Nil,2-way,Sealed,,0,1,,50,,Off,0,0,,76,Auckland,Nil,,,,,0,0,Urban,0,,,Fine,Null
1758669.5938,5918751.015,839334,,517400,0,,0,1,,Null,2024/2025,PARNELL ROAD,GEORGE STREET,,Serious Crash,No,2024,,South,,0,,Flat,,,,,,Overcast,450800,0,0,0,2,,,0,,,1,,,Auckland Region,Nil,2-way,Sealed,,0,1,,50,,Null,0,1,,76,Auckland,Give way,,,,,0,0,Urban,0,,,Fine,Null
1755683.7316,5918713.9375,839338,,515500,0,0,0,1,0,East,2023/2024,GREAT NORTH ROAD,KING STREET,,Serious Crash,No,2024,0,South,0,0,0,Flat,0,Easter,1,,1,Dark,418300,0,0,0,2,0,0,0,0,0,,0,0,Auckland Region,Nil,2-way,Sealed,0,0,1,0,50,0,On,0,0,,76,Auckland,Nil,0,0,0,0,0,0,Urban,0,0,0,Fine,Null
1753034.4535,5935038.1152,839343,,508704,0,0,0,0,0,Null,2022/2023,OTEHA VALLEY ROAD,OTEHA VALLEY ROAD ON RAMP,,Non-Injury Crash,No,2023,0,West,0,0,0,Flat,0,,0,,0,Overcast,179113,0,0,0,3,0,0,0,0,0,,0,0,Auckland Region,Motorway ramp,1-way,Sealed,0,0,0,0,50,0,Off,1,0,,76,Auckland,Traffic Signals,0,1,0,0,0,0,Urban,0,0,0,Fine,Null
1769331.2132,5892772.1681,839350,55,521202,0,0,0,1,0,South,2024/2025,WALTERS ROAD,LINWOOD ROAD,,Minor Crash,No,2024,0,North,0,0,1,Hill Road,0,,0,,0,Dark,807000,1,0,0,2,0,0,0,0,0,,0,0,Auckland Region,Nil,2-way,Sealed,0,0,0,0,80,0,On,0,0,,76,Auckland,Nil,0,0,0,0,0,0,Open,0,0,0,Light rain,Null
1753330.0827,5915437.7532,839353,,517903,0,0,0,3,0,North,2025/2026,MOUNTFIELD TERRACE,OWAIRAKA AVENUE,,Non-Injury Crash,No,2025,0,South,0,0,0,Flat,0,,0,,0,Dark,521700,0,0,0,2,0,0,0,0,1,,0,0,Auckland Region,Nil,1-way,Sealed,0,0,0,0,50,0,On,0,0,30,76,Auckland,Nil,0,0,0,0,0,0,Urban,1,0,0,Fine,Null
1772449.0243,5895293.8518,839355,,525530,0,,0,2,,West,2022/2023,BEACH ROAD,ARGYLE AVENUE,,Non-Injury Crash,No,2023,,East,,0,,Flat,,,,,,Bright sun,804701,0,0,0,2,,,0,,,,,,Auckland Region,Nil,2-way,Sealed,,0,0,,50,,Off,1,0,,76,Auckland,Nil,,,,,0,0,Urban,0,,,Fine,Null
1769101.7211,5911513.7217,839359,,523113,0,,0,0,,East,2023/2024,TI RAKAU DRIVE,HARRIS ROAD,,Minor Crash,No,2023,,West,,0,,Flat,,,,,,Dark,711703,1,0,1,3,,,0,,,,,,Auckland Region,Nil,1-way,Sealed,,0,0,,60,,On,1,0,,76,Auckland,Nil,,,,,0,0,Urban,0,,,Fine,Null
1759383.3824,5978289.6121,839366,,506658,0,0,0,0,0,Null,2024/2025,EXCELSIOR WAY,OMAHA DRIVE,,Non-Injury Crash,No,2024,0,East,0,0,1,Flat,0,,0,,0,Dark,138813,0,0,0,2,0,0,0,0,0,,0,0,Auckland Region,Nil,2-way,Sealed,0,0,0,0,50,0,On,0,0,,76,Auckland,Nil,0,0,0,0,0,0,Urban,1,0,0,Fine,Null
1754013.7258,5931473.1635,839369,,508807,0,,0,2,,North,2025/2026,NORTHERN MOTORWAY,CONSTELLATION UNDERPASS,,Non-Injury Crash,Yes,2026,,North,,0,,Hill Road,,,,,,Bright sun,180810,0,0,0,3,,,0,,,,,,Auckland Region,Nil,1-way,Sealed,,0,0,,100,,Off,0,0,,76,Auckland,Nil,,,,,0,0,Open,0,,,Fine,Null
1767752.0807,5904270.3588,839386,,524602,0,,0,2,,Null,2023/2024,GREAT SOUTH ROAD,MANUKAU STATION ROAD,,Minor Crash,No,2024,,North,,0,,Flat,,,,,,Bright sun,780416,1,0,0,7,,,0,,,,,,Auckland Region,Nil,2-way,Sealed,,0,0,,60,,Off,0,0,,76,Auckland,Give way,,,,,0,0,Urban,0,,,Fine,Null
1744103.4104,5922836.5098,839390,,513511,0,0,0,1,0,North,2023/2024,WESTGATE DRIVE,BONNY CRESCENT,,Non-Injury Crash,No,2023,0,North,0,0,0,Hill Road,0,Christmas New Year,0,,0,Bright sun,224303,0,0,0,2,0,0,0,0,0,,0,1,Auckland Region,Nil,2-way,Sealed,0,0,0,0,50,0,Off,0,0,,76,Auckland,Nil,0,0,0,0,0,0,Urban,0,0,0,Fine,Null
1772098.9999,5898020.9961,839393,,523912,0,,0,2,,Null,2025/2026,PORCHESTER ROAD,WALTERS ROAD,,Non-Injury Crash,No,2025,,Null,,0,,Null,,,,,,Unknown,766302,0,0,0,0,,,0,,,,,,Auckland Region,Nil,Null,Null,,0,0,,,,Null,0,0,,76,Auckland,Give way,,,,,0,0,Urban,0,,,Null,Null
1760130.871,5917726.6036,839406,,516102,0,0,0,2,0,North,2024/2025,SPENCER STREET,ALDRED ROAD,,Non-Injury Crash,No,2024,0,South,0,0,0,Flat,0,,0,,0,Overcast,483600,0,0,0,2,0,0,0,0,1,,0,0,Auckland Region,Nil,2-way,Sealed,0,0,0,0,50,0,Null,0,0,,76,Auckland,Nil,0,0,0,0,0,0,Urban,0,0,0,Fine,Null
1772558.3907,5896385.6386,839426,,525420,0,,1,1,,Null,2024/2025,EAST STREET,ELLIOT STREET,,Minor Crash,No,2024,,South,,0,,Flat,,,,,,Overcast,791600,1,0,0,2,,,0,,,,,,Auckland Region,Nil,2-way,Sealed,,0,0,,50,,Off,0,0,,76,Auckland,Traffic Signals,,,,,0,0,Urban,0,,,Fine,Null
1757256.0662,5914302.5251,839438,,518600,0,,0,2,,North,2024/2025,BUCKLEY ROAD,QUENTIN AVENUE,,Minor Crash,No,2025,,North,,0,,Flat,,,,,,Overcast,564300,1,0,0,2,,,0,,,,,,Auckland Region,Nil,2-way,Sealed,,0,0,,50,,Off,0,0,,76,Auckland,Nil,,,,,0,0,Urban,0,,,Fine,Null
1773041.1742,5895624.6949,839448,,525410,0,,1,1,,Null,2025/2026,SETTLEMENT ROAD,OPAHEKE ROAD,,Non-Injury Crash,No,2025,,South,,0,,Flat,,,,,,Overcast,793502,0,0,0,2,,,0,,,,,,Auckland Region,Nil,2-way,Sealed,,0,0,,50,,Off,0,0,,76,Auckland,Traffic Signals,,,,,0,0,Urban,0,,,Fine,Null
1752400.6984,5918052.0565,839449,,515001,0,,0,1,,Null,2024/2025,CARRINGTON ROAD,GREAT NORTH ROAD,,Minor Crash,No,2024,,West,,0,,Flat,,,,,,Bright sun,391601,1,0,0,2,,,0,,,1,,,Auckland Region,Nil,2-way,Sealed,,0,0,,50,,Off,0,0,,76,Auckland,Nil,,,,,0,0,Urban,0,,,Fine,Null
1744382.9716,5917626.5053,839458,,510700,0,0,0,2,0,North,2022/2023,STURGES ROAD,GEORDIE STREET,,Minor Crash,No,2023,0,North,0,0,0,Flat,0,,0,,0,Dark,239505,1,0,0,2,0,0,0,0,1,,0,0,Auckland Region,Nil,2-way,Sealed,0,0,0,0,50,0,On,0,0,,76,Auckland,Nil,0,0,0,0,0,0,Urban,0,0,0,Fine,Null
1754384.3088,5916614.2086,839465,,517701,0,0,0,2,0,Null,2024/2025,WAGENER PLACE,ST LUKES ROAD,,Non-Injury Crash,No,2024,0,North,0,0,0,Null,0,,0,,0,Bright sun,536100,0,0,0,2,0,0,0,0,0,,0,0,Auckland Region,Nil,2-way,Sealed,0,0,0,0,50,0,Null,0,0,,76,Auckland,Traffic Signals,0,0,0,0,0,0,Urban,0,1,0,Fine,Null
1752074.4293,5930635.3899,839472,,509100,0,0,0,0,0,Null,2025/2026,ALBANY HIGHWAY,ALBANY HIGHWAY ON RAMP,,Non-Injury Crash,No,2025,0,West,0,0,0,Flat,1,,0,,0,Bright sun,181004,0,0,0,1,0,0,0,0,0,,0,0,Auckland Region,Motorway ramp,1-way,Sealed,0,0,0,0,50,0,Off,0,0,,76,Auckland,Give way,0,0,0,0,1,0,Urban,0,0,0,Light rain,Null
1764977.0372,5905787.7186,839488,,522202,0,,0,1,,West,2024/2025,ST GEORGE STREET,KOLMAR ROAD,,Non-Injury Crash,No,2025,,West,,0,,Flat,,,,,,Overcast,663400,0,0,0,2,,,0,,,,,,Auckland Region,Nil,2-way,Sealed,,0,0,,50,,None,0,0,,76,Auckland,Nil,,,,,0,0,Urban,1,,,Fine,Null
1757640.9483,5944170.431,839490,,505902,0,0,0,1,0,Null,2022/2023,WHANGAPARAOA ROAD,TIRI ROAD,,Serious Crash,No,2023,0,South,0,0,1,Flat,0,,0,,0,Bright sun,174512,0,0,0,2,0,0,0,0,0,,0,0,Auckland Region,Nil,2-way,Sealed,0,0,1,0,50,0,Off,0,0,,76,Auckland,Give way,0,0,0,1,0,0,Urban,0,0,0,Fine,Null
1745752.2624,5923820.0121,839493,,513521,0,0,0,1,0,West,2023/2024,LUCKENS ROAD,MATISSE DRIVE,,Non-Injury Crash,No,2024,0,West,0,0,1,Flat,0,,0,,0,Dark,224243,0,0,0,2,0,0,0,0,0,,0,0,Auckland Region,Nil,2-way,Sealed,0,0,0,0,50,0,On,0,0,,76,Auckland,Nil,0,0,0,1,0,0,Urban,0,0,0,Light rain,Null
1751536.9246,5916187.068,839496,,514401,0,,0,0,,North,2025/2026,BLOCKHOUSE BAY ROAD,CRADOCK STREET,,Non-Injury Crash,No,2025,,South,,0,,Flat,,,,,,Dark,383702,0,0,0,2,,,0,,,,,,Auckland Region,Nil,2-way,Sealed,,0,0,,50,,On,0,0,,76,Auckland,Nil,,,,,0,0,Urban,2,,,Fine,Null
1763542.8431,5909056.6358,839504,,521901,0,,0,1,,Null,2025/2026,WALMSLEY ROAD,NIKAU ROAD,,Minor Crash,No,2025,,South,,0,,Flat,,,,,,Twilight,783400,1,0,0,4,,,0,,,,,,Auckland Region,Nil,2-way,Sealed,,0,0,,50,,Off,0,0,,76,Auckland,Stop,,,,,0,0,Urban,1,,,Light rain,Null
1769399.9374,5902252.9222,839513,,523814,0,0,0,1,0,North,2022/2023,SOUTHERN MOTORWAY,HILL ROAD-MANUREWA OFF RAMP,,Non-Injury Crash,Yes,2023,1,South,0,0,0,Flat,0,,0,,0,Overcast,760701,0,0,0,3,0,0,0,0,0,,0,0,Auckland Region,Nil,1-way,Sealed,0,0,0,0,100,0,Off,0,0,,76,Auckland,Nil,0,0,0,0,1,0,Open,0,0,0,Fine,None
1757717.069,5919959.548,839520,,514103,0,,0,0,,North,2024/2025,SYMONDS STREET,WELLESLEY STREET EAST,,Non-Injury Crash,No,2025,,North,,0,,Flat,,,,,,Overcast,437500,0,0,0,4,,,0,,,,,,Auckland Region,Nil,2-way,Sealed,,0,0,,30,,Off,0,0,,76,Auckland,Nil,,,,,0,0,Urban,1,,,Fine,Null
1759922.5525,5916092.423,839525,,516002,0,,0,1,,South,2022/2023,SOUTHERN MOTORWAY,GREEN LANE EAST OFF RAMP,,Non-Injury Crash,Yes,2023,,South,,0,,Flat,,,,,,Overcast,492100,0,0,0,3,,,0,,,,,,Auckland Region,Motorway ramp,1-way,Sealed,,0,0,,100,,Off,0,0,,76,Auckland,Nil,,,,,0,0,Open,2,,,Fine,Null
1760778.487,5916762.4275,839529,,516002,0,,0,2,,Null,2022/2023,REMUERA ROAD,LOCHIEL ROAD,,Non-Injury Crash,No,2023,,West,,0,,Hill Road,,,,,,Overcast,494200,0,0,0,4,,,0,,,,,,Auckland Region,Nil,2-way,Sealed,,0,0,,50,,Off,0,0,,76,Auckland,Give way,,,,,0,0,Urban,0,,,Fine,Null
1760948.8657,5923355.5806,839544,,509400,0,,0,2,,Null,2025/2026,VAUXHALL ROAD,SINCLAIR STREET,,Minor Crash,No,2025,,North,,0,,Flat,,,,,,Overcast,333300,1,0,0,2,,,0,,,,,,Auckland Region,Nil,2-way,Sealed,,0,0,,50,,Off,0,0,,76,Auckland,Nil,,,,,0,0,Urban,0,,,Fine,Null
1747869.9858,5914381.2112,839549,,511100,0,,0,2,,Null,2023/2024,GREAT NORTH ROAD,BRANDON ROAD,,Non-Injury Crash,No,2024,,South,,0,,Hill Road,,Easter,,,,Dark,285302,0,0,0,4,,,0,,,,,,Auckland Region,Nil,2-way,Sealed,,0,0,,50,,On,0,0,,76,Auckland,Traffic Signals,,,,,0,0,Urban,0,,,Fine,Null
1766374.5434,5908642.2082,839552,,523402,0,0,0,2,0,South,2024/2025,GILBERT ROAD,ECCLES PLACE,,Non-Injury Crash,No,2024,0,North,0,0,0,Flat,0,,0,,0,Dark,697300,0,0,0,2,0,0,0,0,1,,0,0,Auckland Region,Nil,2-way,Sealed,0,0,0,0,50,0,On,0,0,,76,Auckland,Nil,0,0,0,0,0,0,Urban,0,0,0,Fine,Null
1770270.9723,5906376.0649,839553,,523712,0,,0,2,,Null,2023/2024,FLAT BUSH SCHOOL ROAD,HIKUAWA ROAD,,Non-Injury Crash,No,2024,,East,,0,,Flat,,,,,,Dark,713201,0,0,0,2,,,0,,,,,,Auckland Region,Nil,2-way,Sealed,,0,0,,50,,On,0,0,,76,Auckland,Give way,,,,,0,0,Urban,0,,,Light rain,Null
1751995.8603,5917813.9288,839557,,515003,0,,0,2,,Null,2023/2024,GREAT NORTH ROAD OFF RAMP,GREAT NORTH ROAD,,Non-Injury Crash,No,2024,,South,,0,,Flat,,,,,,Bright sun,391602,0,0,0,2,,,0,,,,,,Auckland Region,Nil,2-way,Sealed,,0,0,,50,,Off,0,0,40,76,Auckland,Nil,,,,,0,0,Urban,0,,,Fine,Null
1754413.6566,5915179.2262,839558,,517702,0,,0,1,,West,2022/2023,MOUNT ALBERT ROAD,SANDRINGHAM ROAD,,Minor Crash,No,2023,,West,,0,,Flat,,Christmas New Year,,,,Overcast,541500,1,0,0,3,,,0,,,,,,Auckland Region,Nil,2-way,Sealed,,0,0,,50,,On,0,0,,76,Auckland,Nil,,,,,0,0,Urban,1,,,Light rain,Null
1751763.6098,5917438.8496,839585,,514900,0,0,0,1,0,South,2023/2024,SH 20,SH 20,,Non-Injury Crash,Yes,2024,0,North,0,0,0,Flat,1,,0,,0,Dark,386003,0,0,0,3,0,0,0,0,0,,0,0,Auckland Region,Nil,1-way,Sealed,0,0,0,0,80,0,On,0,0,,76,Auckland,Nil,0,0,0,0,0,0,Open,0,0,0,Fine,Null
1762832.5803,5907598.2881,839592,,524301,0,,0,2,,East,2024/2025,MASSEY ROAD,FERGUSON STREET,,Non-Injury Crash,No,2024,,South,,0,,Flat,,,,,,Bright sun,747601,0,0,0,2,,,0,,,,,,Auckland Region,Nil,2-way,Sealed,,0,0,,50,,Off,0,0,,76,Auckland,Nil,,,,,0,0,Urban,0,,,Fine,Null
1768282.9365,5902174.0089,839597,,525001,0,,0,2,,North,2023/2024,GREAT SOUTH ROAD,GRANDE VUE ROAD,,Non-Injury Crash,No,2024,,North,,0,,Flat,,,,,,Dark,750800,0,0,0,2,,,0,,,,,,Auckland Region,Nil,2-way,Sealed,,0,0,,50,,On,0,0,,76,Auckland,Nil,,,,,0,0,Urban,0,,,Fine,Null
1752770.2822,5916482.8978,839601,,517901,0,0,0,2,0,Null,2023/2024,OFF ROAD - CAR PARK,,,Fatal Crash,No,2024,0,North,0,1,0,Flat,0,,0,,0,Bright sun,524800,0,0,0,,0,0,0,0,0,1,0,1,Auckland Region,Nil,Off road,Sealed,0,0,0,0,,0,On,0,1,,76,Auckland,Nil,0,0,0,0,0,0,Urban,0,0,0,Fine,Null
1762530.4109,5918922.2717,839605,,516400,0,,0,0,,West,2023/2024,KEPA ROAD,KUPE STREET,,Minor Crash,No,2024,,East,,0,,Flat,,,,,,Dark,497800,1,0,1,2,,,0,,,,,,Auckland Region,Nil,2-way,Sealed,,0,0,,50,,On,0,0,,76,Auckland,Nil,,,,,0,0,Urban,0,,,Fine,Null
1761673.8441,5906580.4775,839620,,524112,0,,0,0,,North,2022/2023,SOUTH-WESTERN MOTORWAY,MASSEY OBR,,Minor Crash,Yes,2023,,North,,0,,Flat,,,,,,Bright sun,742300,1,0,0,2,,,0,,,,,,Auckland Region,Nil,2-way,Sealed,,0,0,,100,,Off,0,0,,76,Auckland,Nil,,,,,1,0,Open,1,,,Fine,Null
1757640.8541,5919867.5824,839622,,514103,0,0,0,1,0,Null,2023/2024,SYMONDS STREET,WELLESLEY STREET EAST,,Minor Crash,No,2023,0,North,0,0,0,Flat,0,,0,,0,Dark,436700,1,0,0,4,0,0,0,0,0,,0,0,Auckland Region,Nil,2-way,Sealed,0,0,0,0,30,0,On,0,0,,76,Auckland,Traffic Signals,0,1,0,0,0,0,Urban,0,0,0,Fine,Null
1761363.6085,5914235.6024,839625,,520202,0,0,0,1,0,Null,2023/2024,ELLERSLIE-PANMURE HIGHWAY,ELLERSLIE-PANMURE HWY ON RAMP,,Non-Injury Crash,No,2023,0,North,0,0,0,Flat,1,,0,,0,Dark,612300,0,0,0,2,0,0,0,0,0,,0,0,Auckland Region,Nil,1-way,Sealed,0,0,0,0,50,0,On,0,0,,76,Auckland,Give way,0,0,0,0,0,0,Urban,0,0,0,Fine,Null
1767954.1133,5906148.9781,839629,,523711,0,0,0,2,0,West,2023/2024,FLAT BUSH ROAD,RAPSON ROAD,,Non-Injury Crash,No,2023,0,East,0,0,0,Flat,0,,0,,0,Bright sun,714900,0,0,0,2,0,0,0,0,1,,0,0,Auckland Region,Nil,2-way,Sealed,0,0,0,0,50,0,Off,1,0,,76,Auckland,Nil,0,0,0,0,0,0,Urban,0,0,0,Fine,Null
1763224.3409,5912838.7909,839632,,520500,0,0,0,0,0,East,2024/2025,SOUTHERN MOTORWAY,SOUTH-EASTERN HWY OFF RAMP,,Non-Injury Crash,Yes,2025,1,East,0,0,0,Flat,0,,0,,0,Bright sun,637400,0,0,0,3,0,0,0,0,0,,0,0,Auckland Region,Nil,1-way,Sealed,0,0,0,0,100,0,Null,1,0,,76,Auckland,Nil,0,0,0,0,0,0,Open,1,0,0,Fine,Null
1755523.2643,5938702.3217,839634,,508900,0,,0,2,,Null,2022/2023,TE ONEROA WAY,GLENVAR RIDGE ROAD,,Non-Injury Crash,No,2023,,North,,0,,Hill Road,,,,,,Overcast,178304,0,0,0,2,,,0,,,,,,Auckland Region,Nil,2-way,Sealed,,0,0,,50,,Off,0,0,,76,Auckland,Give way,,,,,0,0,Urban,0,,,Fine,Null
1760683.3076,5909055.3435,839645,,524404,0,,0,1,,Null,2023/2024,FAVONA ROAD,DEWHURST PLACE,,Non-Injury Crash,No,2023,,East,,0,,Flat,,,,,,Twilight,729400,0,0,0,2,,,0,,,,,,Auckland Region,Nil,2-way,Sealed,,0,0,,60,,None,0,0,,76,Auckland,Give way,,,,,0,0,Urban,0,,,Fine,Null
1761874.9461,5906683.4415,839648,,524302,0,,0,1,,Null,2024/2025,MASSEY ROAD,HENWOOD ROAD,,Non-Injury Crash,No,2025,,North,,0,,Flat,,,,,,Dark,743600,0,0,0,5,,,0,,,,,,Auckland Region,Nil,2-way,Sealed,,0,0,,50,,On,0,0,,76,Auckland,Traffic Signals,,,,,1,0,Urban,0,,,Light rain,Null
1747837.4512,5969595.8511,839653,,505500,1,,0,1,,East,2024/2025,WOODCOCKS ROAD,MANSEL DRIVE,,Minor Crash,No,2024,,East,,0,,Hill Road,,,,,,Bright sun,146002,1,0,0,3,,,0,,,,,,Auckland Region,Nil,2-way,Sealed,,0,0,,50,,Off,0,0,,76,Auckland,Give way,,,,,0,0,Urban,0,,,Fine,Null
1764425.5264,5904933.4671,839664,,522100,0,0,0,1,0,South,2024/2025,WYLLIE ROAD,PAH ROAD,,Non-Injury Crash,No,2025,0,South,0,0,0,Flat,0,,0,,0,Dark,658500,0,0,0,2,0,0,0,0,1,,0,0,Auckland Region,Nil,2-way,Sealed,0,0,0,0,50,0,On,0,0,,76,Auckland,Nil,0,0,0,0,0,0,Urban,1,0,0,Fine,Null
1771755.4205,5912422.2181,839665,,523106,0,,0,2,,Null,2024/2025,WHITFORD ROAD,ORANGEWOOD DRIVE,,Non-Injury Crash,No,2024,,North,,0,,Hill Road,,,,,,Bright sun,3209002,0,0,0,2,,,0,,,,,,Auckland Region,Nil,2-way,Sealed,,0,0,,50,,Off,0,0,,76,Auckland,Give way,,,,,0,0,Urban,0,,,Fine,Null