X,Y,OBJECTID,advisorySpeed,areaUnitID,bicycle,bridge,bus,carStationWagon,cliffBank,crashDirectionDescription,crashFinancialYear,crashLocation1,crashLocation2,crashRoadSideRoad,crashSeverity,crashSHDescription,crashYear,debris,directionRoleDescription,ditch,fatalCount,fence,flatHill,guardRail,holiday,houseOrBuilding,intersection,kerb,light,meshblockId,minorInjuryCount,moped,motorcycle,NumberOfLanes,objectThrownOrDropped,otherObject,otherVehicleType,overBank,parkedVehicle,pedestrian,phoneBoxEtc,postOrPole,region,roadCharacter,roadLane,roadSurface,roadworks,schoolBus,seriousInjuryCount,slipOrFlood,speedLimit,strayAnimal,streetLight,suv,taxi,temporarySpeedLimit,tlaId,tlaName,trafficControl,trafficIsland,trafficSign,train,tree,truck,unknownVehicleType,urban,vanOrUtility,vehicle,waterRiver,weatherA,weatherB
1756549.3456,5916618.6995,839673,,518202,0,0,0,1,0,Null,2023/2024,OFF ROAD - SHARED DRIVEWAY,,,Serious Crash,No,2024,0,North,0,0,1,Flat,0,,0,,0,Bright sun,550300,0,0,0,,0,0,0,0,0,,0,0,Auckland Region,Nil,Off road,Sealed,0,0,1,0,,0,None,0,0,,76,Auckland,Nil,0,0,0,0,0,0,Urban,0,0,0,Fine,Null
1760470.1358,5907963.6683,839681,,524403,0,0,0,2,0,South,2024/2025,CALTHORP CLOSE,CURLEW PLACE,,Minor Crash,No,2024,0,North,0,0,0,Flat,0,,0,,0,Overcast,731105,1,0,0,2,0,0,0,0,1,,0,0,Auckland Region,Nil,2-way,Sealed,0,0,0,0,50,0,None,0,0,40,76,Auckland,Nil,0,0,0,0,0,0,Urban,0,0,0,Fine,Null
1761977.5614,5914772.2834,839685,,520201,0,0,0,2,0,West,2023/2024,MAIN HIGHWAY,ELLERSLIE PARK ROAD,,Non-Injury Crash,No,2023,0,East,0,0,0,Hill Road,1,,0,,0,Dark,610603,0,0,0,4,0,0,0,0,0,,0,0,Auckland Region,Nil,2-way,Sealed,0,0,0,0,50,0,On,0,0,,76,Auckland,Nil,0,0,0,0,0,0,Urban,0,0,0,Light rain,Null
1756304.4988,5924367.8386,839704,,509702,0,0,0,2,0,West,2025/2026,NORTHERN MOTORWAY,ONEWA OBR OFF,,Non-Injury Crash,Yes,2025,0,South,0,0,0,Flat,0,,0,,0,Dark,366700,0,0,0,3,0,0,0,0,0,,0,0,Auckland Region,Nil,1-way,Sealed,0,0,0,0,100,0,On,0,0,,76,Auckland,Nil,0,3,0,0,0,0,Open,1,0,0,Fine,Strong wind
1761321.3455,5917010.1102,839705,,516202,0,0,0,0,0,North,2023/2024,UPLAND ROAD,REMUERA ROAD,,Non-Injury Crash,No,2023,0,North,0,0,0,Flat,0,Christmas New Year,0,,0,Dark,488600,0,0,0,2,0,0,0,0,1,,0,0,Auckland Region,Nil,2-way,Sealed,0,0,0,0,50,0,On,2,0,,76,Auckland,Nil,0,0,0,0,0,0,Urban,0,0,0,Fine,Null
1761155.0906,5914793.8467,839712,,520202,0,,0,2,,South,2025/2026,SOUTHERN MOTORWAY,ELLERSLIE FTBR,,Non-Injury Crash,Yes,2025,,North,,0,,Flat,,,,,,Dark,612100,0,0,0,4,,,0,,,,,,Auckland Region,Nil,1-way,Sealed,,0,0,,100,,On,1,0,,76,Auckland,Nil,,,,,0,0,Open,0,,,Fine,Null
1783880.3173,5909919.3417,839714,,525201,0,0,0,1,1,North,2022/2023,NORTH ROAD,WHEELER RISE,,Minor Crash,No,2023,0,South,0,0,0,Flat,0,,0,,0,Overcast,762700,2,0,0,2,0,0,0,0,0,,0,0,Auckland Region,Nil,2-way,Sealed,0,0,0,0,80,0,None,0,0,,76,Auckland,Nil,0,0,0,0,0,0,Open,0,0,0,Fine,Null
1752491.5762,5914247.68,839722,,514500,0,0,0,1,0,Null,2023/2024,TIVERTON ROAD,NEW WINDSOR ROAD,,Serious Crash,No,2023,0,East,0,0,0,Flat,0,,0,,0,Dark,375100,0,0,0,4,0,1,0,0,0,,0,0,Auckland Region,Nil,2-way,Sealed,0,0,1,0,50,0,On,0,0,,76,Auckland,Traffic Signals,0,1,0,0,0,0,Urban,0,0,0,Light rain,Null
1763863.6265,5906918.3931,839729,,524301,0,0,0,2,0,South,2023/2024,GRAY AVENUE,LANDON AVENUE,,Non-Injury Crash,No,2024,0,South,0,0,0,Flat,0,,0,,0,Bright sun,656301,0,0,0,2,0,0,0,0,1,,0,0,Auckland Region,Nil,2-way,Sealed,0,0,0,0,50,0,Off,0,0,,76,Auckland,Nil,0,0,0,0,0,0,Urban,0,0,0,Fine,Null
1751566.8582,5915189.6523,839733,,514401,0,,0,1,,South,2023/2024,BLOCKHOUSE BAY ROAD,NEW NORTH ROAD,,Non-Injury Crash,No,2023,,North,,0,,Flat,,,,,,Overcast,380001,0,0,0,3,,,0,,,,,,Auckland Region,Nil,2-way,Sealed,,0,0,,50,,Off,0,0,,76,Auckland,Nil,,,,,0,0,Urban,1,,,Fine,None
1758908.0179,5917148.2763,839736,,516001,0,,0,1,,North,2025/2026,SOUTHERN MOTORWAY,MARKET ROAD OFF RAMP,,Minor Crash,Yes,2025,,South,,0,,Flat,,,,,,Overcast,491200,1,0,0,5,,,0,,,,,,Auckland Region,Nil,1-way,Sealed,,0,0,,100,,Off,0,0,,76,Auckland,Nil,,,,,1,0,Open,1,,,Fine,Null
1759639.3966,5914491.0647,839737,,519400,0,0,0,1,0,Null,2024/2025,CAMPBELL ROAD,HOROTUTU ROAD,,Minor Crash,No,2025,0,North,0,0,0,Flat,0,,0,,0,Bright sun,618200,1,0,0,2,0,0,0,0,0,,0,0,Auckland Region,Nil,2-way,Sealed,0,0,0,0,50,0,Off,0,0,,76,Auckland,Stop,0,0,0,1,0,0,Urban,0,0,0,Fine,Null
1761311.7934,5912071.2542,839742,,519500,0,0,0,1,0,South,2022/2023,NEILSON STREET,RAILFREIGHT ENT,,Non-Injury Crash,No,2023,0,South,0,0,0,Flat,0,,0,,0,Overcast,622400,0,0,0,2,0,0,0,0,0,,1,0,Auckland Region,Nil,2-way,Sealed,0,0,0,0,50,0,Off,0,0,,76,Auckland,Nil,0,0,0,0,0,0,Urban,0,0,0,Fine,Null
1742370.3213,5930642.2035,839746,,505603,0,,0,0,,Null,2022/2023,GEORGE STREET,ARTHUR STREET,,Minor Crash,No,2023,,North,,0,,Hill Road,,,,,,Bright sun,213602,1,0,0,2,,,0,,,,,,Auckland Region,Nil,2-way,Sealed,,0,0,,50,,Off,0,0,,76,Auckland,Stop,,,,,0,0,Urban,2,,,Fine,Null
1747815.3769,5916246.989,839752,,511601,0,,0,0,,South,2025/2026,HEPBURN ROAD,JULIANA WAY,,Minor Crash,No,2025,,North,,0,,Flat,,,,,,Dark,274204,1,0,1,2,,,0,,,,,,Auckland Region,Nil,2-way,Sealed,,0,0,,50,,On,0,0,,76,Auckland,Nil,,,,,0,0,Urban,1,,,Fine,Null
1756310.6408,5933358.1602,839757,,507300,0,0,0,2,0,North,2022/2023,LYONS AVENUE,BEACH ROAD,,Non-Injury Crash,No,2023,0,East,0,0,0,Hill Road,0,,0,,0,Bright sun,153300,0,0,0,2,0,0,0,0,1,,0,0,Auckland Region,Nil,2-way,Sealed,0,0,0,0,50,0,Off,0,0,,76,Auckland,Nil,0,0,0,0,0,0,Urban,0,0,0,Fine,Null
1756779.8124,5919915.0529,839760,,514102,0,,0,2,,North,2025/2026,HOBSON STREET,PITT STREET,,Non-Injury Crash,No,2025,,South,,0,,Null,,Labour Weekend,,,,Bright sun,434603,0,0,0,4,,,0,,,,,,Auckland Region,Nil,1-way,Sealed,,0,0,,40,,Off,0,0,,76,Auckland,Nil,,,,,0,0,Urban,0,,,Fine,Null
1772804.2545,5896201.4393,839769,,525410,0,,0,2,,South,2022/2023,GREAT SOUTH ROAD,AVERILL STREET,,Non-Injury Crash,No,2023,,West,,0,,Flat,,,,,,Dark,793000,0,0,0,2,,,0,,,,,,Auckland Region,Nil,2-way,Sealed,,0,0,,50,,On,0,0,,76,Auckland,Nil,,,,,0,0,Urban,0,,,Fine,Null
1764896.7119,5903903.4989,839770,,524604,0,,0,2,,Null,2022/2023,CAVENDISH DRIVE,NOEL BURNSIDE ROAD,,Minor Crash,No,2023,,North,,0,,Flat,,,,,,Bright sun,781301,1,0,0,4,,,0,,,,,,Auckland Region,Nil,2-way,Sealed,,0,0,,50,,Off,0,0,30,76,Auckland,Traffic Signals,,,,,0,0,Urban,0,,,Fine,Null
1755656.1219,5919800.2841,839776,,515302,0,0,0,0,0,Null,2024/2025,NORFOLK STREET,PONSONBY ROAD,,Non-Injury Crash,No,2025,0,East,0,0,0,Flat,0,,0,,0,Dark,431700,0,0,0,2,0,0,0,0,0,,1,0,Auckland Region,Nil,2-way,Sealed,0,0,0,0,30,0,On,0,0,,76,Auckland,Stop,0,0,0,0,0,0,Urban,1,0,0,Fine,Null
1745441.4483,5920479.8696,839781,,513301,0,,0,2,,North,2022/2023,LINCOLN ROAD,LINCOLN ROAD ON RAMP,,Non-Injury Crash,No,2023,,North,,0,,Flat,,,,,,Overcast,231700,0,0,0,3,,,0,,,,,,Auckland Region,Nil,1-way,Sealed,,0,0,,50,,Off,0,0,30,76,Auckland,Nil,,,,,0,0,Urban,0,,,Light rain,Null
1764593.8748,5905549.6368,839790,,522100,0,,0,1,,Null,2022/2023,WYLLIE ROAD,HILL ROAD,,Minor Crash,No,2023,,North,,0,,Hill Road,,,,,,Overcast,657900,1,1,0,2,,,0,,,,,,Auckland Region,Nil,2-way,Sealed,,0,0,,50,,Off,0,0,,76,Auckland,Give way,,,,,0,0,Urban,0,,,Heavy rain,Null
1751535.1809,5912348.5059,839800,,514700,0,,0,2,,Null,2025/2026,HEAPHY STREET,KINROSS STREET,,Non-Injury Crash,No,2025,,East,,0,,Flat,,,,,,Unknown,368000,0,0,0,2,,,0,,,,,,Auckland Region,Nil,2-way,Sealed,,0,0,,50,,Null,0,0,,76,Auckland,Give way,,,,,0,0,Urban,0,,,Fine,Null
1749430.2857,5970398.1326,839801,,505500,0,0,0,2,0,North,2022/2023,ALNWICK STREET,BERTRAM STREET,,Non-Injury Crash,No,2023,0,South,0,0,0,Flat,0,,0,,0,Bright sun,140700,0,0,0,2,0,0,0,0,1,,0,0,Auckland Region,Nil,2-way,Sealed,0,0,0,0,50,0,Off,1,0,,76,Auckland,Nil,0,0,0,0,0,0,Urban,0,0,0,Fine,Null
1755764.7227,5935390.4926,839805,,507101,0,,0,2,,East,2023/2024,BUTE ROAD,BEACH ROAD,,Non-Injury Crash,No,2023,,East,,0,,Flat,,,,,,Overcast,161300,0,0,0,2,,,0,,,,,,Auckland Region,Nil,2-way,Sealed,,0,0,,50,,On,0,0,,76,Auckland,Nil,,,,,0,0,Urban,0,,,Fine,Null
1755130.7941,5916987.0873,839824,,517701,0,0,0,3,0,East,2024/2025,GRIBBLEHIRST ROAD,SANDRINGHAM ROAD,,Non-Injury Crash,No,2025,0,West,0,0,0,Flat,0,,0,,0,Dark,537000,0,0,0,2,0,0,0,0,1,1,0,0,Auckland Region,Nil,2-way,Sealed,0,0,0,0,30,0,On,0,0,,76,Auckland,Nil,0,0,0,0,0,0,Urban,1,0,0,Fine,Null
1759627.9457,5903572.4196,839825,,524200,0,,0,1,,Null,2023/2024,TOM PEARCE DRIVE,GEOFFREY ROBERTS ROAD,,Non-Injury Crash,No,2024,,East,,0,,Flat,,,,,,Overcast,727200,0,0,1,2,,,0,,,,,,Auckland Region,Nil,2-way,Sealed,,0,0,,50,,Off,0,0,,76,Auckland,Stop,,,,,0,0,Urban,0,,,Fine,Null
1767571.9112,5881848.6676,839826,,525910,0,0,0,1,0,Null,2022/2023,HELVETIA ROAD,KAURI ROAD,,Non-Injury Crash,No,2023,0,North,1,0,0,Hill Road,0,,0,,0,Bright sun,819200,0,0,0,2,0,0,0,0,0,,0,0,Auckland Region,Nil,2-way,Sealed,0,0,0,0,50,0,Off,0,0,,76,Auckland,Give way,0,0,0,0,0,0,Urban,0,0,0,Fine,Null
1759930.6822,5886291.7258,839837,,521122,0,,0,2,,Null,2024/2025,KINGSEAT ROAD,WAIAU PA ROAD,,Minor Crash,No,2024,,North,,0,,Hill Road,,,,,,Bright sun,810700,2,0,0,2,,,0,,,,,,Auckland Region,Nil,2-way,Sealed,,0,0,,80,,Off,0,0,,76,Auckland,Stop,,,,,0,0,Open,0,,,Fine,Null
1743644.6918,5914518.4411,839842,45,513020,0,,0,1,,East,2022/2023,FOREST HILL ROAD,HOLDENS ROAD,,Minor Crash,No,2023,,North,,0,,Flat,,,,,,Bright sun,281103,3,0,0,2,,,0,,,,,,Auckland Region,Nil,2-way,Sealed,,0,0,,50,,None,1,0,,76,Auckland,Nil,,,,,0,0,Urban,0,,,Fine,Null
1746573.5686,5915601.9273,839864,,511601,0,0,0,1,0,Null,2024/2025,GREAT NORTH ROAD,VIEW ROAD,,Non-Injury Crash,No,2025,0,North,0,0,0,Flat,0,,0,,1,Dark,276006,0,0,0,4,0,0,0,0,0,,0,0,Auckland Region,Nil,2-way,Sealed,0,0,0,0,50,0,On,0,0,,76,Auckland,Traffic Signals,0,1,0,0,0,0,Urban,0,0,0,Fine,Null
1758800.8832,5912418.3955,839877,,519820,0,0,0,2,0,Null,2023/2024,SELWYN STREET,ARTHUR STREET,,Non-Injury Crash,No,2023,0,South,0,0,0,Hill Road,0,Christmas New Year,0,,0,Overcast,600400,0,0,0,2,0,0,0,0,0,,0,0,Auckland Region,Nil,2-way,Sealed,0,0,0,0,50,0,Off,0,0,,76,Auckland,Stop,1,0,0,0,0,0,Urban,0,0,0,Light rain,Null
1756880.4663,5907511.3078,839882,,524200,0,0,0,2,1,West,2022/2023,ISLAND ROAD,WATERCARE COASTAL WALKWAY,,Minor Crash,No,2023,0,West,0,0,0,Flat,0,,0,,0,Bright sun,726000,3,0,0,2,0,0,0,0,1,,0,0,Auckland Region,Nil,2-way,Sealed,0,0,0,0,50,0,None,0,0,,76,Auckland,Nil,0,0,0,0,0,0,Urban,0,0,1,Fine,Null
1766882.0492,5907364.7486,839888,,523601,0,0,0,1,0,Null,2025/2026,CLAYTON AVENUE,BAIRDS ROAD,,Non-Injury Crash,No,2025,0,East,0,0,0,Flat,0,,0,,0,Overcast,708700,0,0,0,2,0,0,0,0,0,,0,0,Auckland Region,Nil,2-way,Sealed,0,0,0,0,50,0,Off,0,0,,76,Auckland,Give way,0,1,0,0,0,0,Urban,0,0,0,Fine,Null
1765500.8046,5903743.4648,839901,,524604,0,,0,1,,East,2023/2024,SOUTH-WESTERN MOTORWAY,CAVENDISH DRIVE ON RAMP,,Non-Injury Crash,Yes,2024,,East,,0,,Flat,,,,,,Overcast,781301,0,0,0,2,,,0,,,,,,Auckland Region,Motorway ramp,1-way,Sealed,,0,0,,100,,Off,0,0,,76,Auckland,Nil,,,,,1,0,Open,0,,,Fine,Null
1756067.4132,5921051.3002,839905,,515202,0,,0,2,,South,2023/2024,NORTHERN MOTORWAY,FANSHAWE STREET OFF RAMP,,Non-Injury Crash,Yes,2023,,South,,0,,Flat,,,,,,Overcast,425600,0,0,0,4,,,0,,,,,,Auckland Region,Motorway ramp,1-way,Sealed,,0,0,,80,,Off,0,0,,76,Auckland,Nil,,,,,0,0,Open,1,,,Light rain,Null
1756568.2183,5920021.5401,839912,,514102,0,,0,0,,Null,2025/2026,UNION STREET,WELLINGTON STREET,,Minor Crash,No,2025,,South,,0,,Hill Road,,,,,,Bright sun,434402,1,0,0,4,,,0,,,1,,,Auckland Region,Nil,2-way,Sealed,,0,0,,30,,Off,1,0,,76,Auckland,Traffic Signals,,,,,0,0,Urban,0,,,Fine,Null
1759186.6569,5916735.3298,839913,,516001,0,0,0,1,0,Null,2023/2024,MARKET ROAD OFF RAMP,MARKET ROAD,,Non-Injury Crash,No,2023,0,North,0,0,0,Flat,0,,0,,0,Bright sun,491700,0,0,0,2,0,0,0,0,0,,0,0,Auckland Region,Nil,1-way,Sealed,0,0,0,0,50,0,Off,0,0,,76,Auckland,Traffic Signals,0,1,0,0,0,0,Urban,0,0,0,Fine,Null
1760793.0193,5907206.4159,839921,,524112,0,,0,2,,North,2023/2024,SOUTH-WESTERN MOTORWAY,MASSEY ROAD ON RAMP,,Non-Injury Crash,Yes,2023,,North,,0,,Flat,,,,,,Dark,737500,0,0,0,2,,,0,,,,,,Auckland Region,Nil,1-way,Sealed,,0,0,,100,,On,0,0,,76,Auckland,Nil,,,,,0,0,Open,0,,,Fine,Null
1747507.3885,5913044.0677,839944,,511100,0,0,0,2,0,West,2025/2026,ROUTLEY DRIVE,PLEASANT ROAD,,Non-Injury Crash,No,2025,0,West,0,0,0,Flat,0,Christmas New Year,0,,0,Overcast,287803,0,0,0,2,0,0,0,0,1,,0,0,Auckland Region,Nil,2-way,Sealed,0,0,0,0,50,0,Null,0,0,,76,Auckland,Nil,0,0,0,0,0,0,Urban,0,0,0,Fine,Null
1740500.0277,5982790.3914,839957,45,506660,0,,0,1,,South,2023/2024,WAYBY VALLEY ROAD,WHANGARIPO VALLEY ROAD,,Non-Injury Crash,No,2024,,South,,0,,Hill Road,,,,,,Overcast,136303,0,0,0,1,,,0,,,,,,Auckland Region,Nil,2-way,Sealed,,0,0,,100,,None,0,0,,76,Auckland,Nil,,,,,0,0,Open,0,,,Light rain,Null
1758162.8131,5915809.2873,839961,,519300,0,,0,1,,South,2023/2024,MANUKAU ROAD,KING GEORGE AVENUE,,Minor Crash,No,2024,,South,,0,,Flat,,,,,,Twilight,622900,2,0,0,4,,,0,,,,,,Auckland Region,Nil,2-way,Sealed,,0,0,,50,,On,1,1,,76,Auckland,Nil,,,,,0,1,Urban,0,,,Fine,Null
1763756.3904,5906515.1845,839968,,524301,0,0,0,0,0,East,2025/2026,PORTAGE ROAD,PHOENIX PLACE,,Non-Injury Crash,No,2025,0,East,0,0,0,Flat,0,,0,,0,Twilight,655701,0,0,0,2,0,0,0,0,0,,0,1,Auckland Region,Tram lines,2-way,Sealed,0,0,0,0,50,0,On,1,0,,76,Auckland,Nil,0,0,0,0,0,0,Urban,0,0,0,Fine,Null
1768083.297,5881049.0936,839976,,525921,0,,0,3,,Null,2025/2026,HELVETIA ROAD,VICTORIA STREET,,Minor Crash,No,2026,,North,,0,,Flat,,,,,,Bright sun,821800,2,0,0,2,,,0,,,,,,Auckland Region,Nil,2-way,Sealed,,0,0,,50,,Off,0,0,,76,Auckland,Stop,,,,,0,0,Urban,0,,,Fine,Null
1765348.4433,5909240.5067,839977,,523402,0,,0,2,,North,2023/2024,SOUTHERN MOTORWAY,HIGHBROOK DRIVE OFF RAMP,,Non-Injury Crash,Yes,2024,,South,,0,,Flat,,,,,,Bright sun,696900,0,0,0,3,,,0,,,,,,Auckland Region,Nil,2-way,Sealed,,0,0,,100,,Off,0,0,,76,Auckland,Nil,,,,,0,0,Open,1,,,Fine,Null
1755756.3714,5928548.8378,839986,,507900,0,,0,3,,North,2022/2023,TRISTRAM AVENUE ON RAMP,NORTHERN MOTORWAY,,Minor Crash,No,2023,,South,,0,,Flat,,,,,,Overcast,307000,1,0,0,1,,,0,,,,,,Auckland Region,Motorway ramp,1-way,Sealed,,0,0,,100,,Off,0,0,,76,Auckland,Nil,,,,,0,0,Open,0,,,Light rain,Null
1745507.1536,5917468.6819,840000,,510700,0,0,0,1,0,Null,2024/2025,ALDERMAN DRIVE,RATANUI STREET,,Non-Injury Crash,No,2025,0,East,0,0,0,Flat,0,,0,,0,Dark,239900,0,0,0,2,0,0,0,0,0,,0,1,Auckland Region,Nil,1-way,Sealed,0,0,0,0,50,0,On,0,0,,76,Auckland,Give way,0,0,0,0,0,0,Urban,0,0,0,Fine,Null
1755403.073,5930410.8465,840001,,508510,0,0,0,2,0,South,2023/2024,SUNNYNOOK ROAD,SYCAMORE DRIVE,,Non-Injury Crash,No,2023,0,North,0,0,1,Flat,0,,0,,0,Dark,194402,0,0,0,2,0,0,0,0,1,,0,0,Auckland Region,Nil,2-way,Sealed,0,0,0,0,50,0,On,0,0,,76,Auckland,Nil,0,0,0,1,0,0,Urban,0,0,0,Fine,Null
1752650.765,5918085.5632,840009,,515002,0,,0,2,,East,2023/2024,NORTH-WESTERN MOTORWAY,CARRINGTON OBR,,Minor Crash,Yes,2024,,East,,0,,Flat,,,,,,Bright sun,390501,1,0,0,4,,,0,,,,,,Auckland Region,Nil,1-way,Sealed,,0,0,,80,,Off,0,0,,76,Auckland,Nil,,,,,1,0,Open,0,,,Fine,Null
1768390.5701,5901683.8345,840013,,525001,0,,0,2,,South,2023/2024,GREAT SOUTH ROAD,HALSEY ROAD,,Non-Injury Crash,No,2023,,North,,0,,Hill Road,,,,,,Dark,751100,0,0,0,2,,,0,,,,,,Auckland Region,Nil,2-way,Sealed,,0,0,,50,,On,0,0,,76,Auckland,Nil,,,,,0,0,Urban,0,,,Fine,Null
1763249.198,5908233.78,840017,,524402,0,,0,2,,Null,2022/2023,MASSEY ROAD,SAVILL DRIVE,,Non-Injury Crash,No,2023,,North,,0,,Null,,,,,,Unknown,750000,0,0,0,4,,,0,,,,,,Auckland Region,Nil,2-way,Sealed,,0,0,,50,,Null,0,0,,76,Auckland,Traffic Signals,,,,,0,0,Urban,0,,,Null,Null
1747865.6236,5909982.1735,840018,,512000,0,,0,3,,Null,2022/2023,TANEKAHA ROAD,OTITORI BAY ROAD,,Minor Crash,No,2023,,North,,0,,Hill Road,,,,,,Overcast,296600,1,0,0,2,,,0,,,,,,Auckland Region,Nil,2-way,Sealed,,0,0,,50,,None,0,0,,76,Auckland,Stop,,,,,0,0,Urban,0,,,Fine,Null
1752607.8139,5918211.2583,840021,,515002,0,0,0,0,0,South,2023/2024,GREAT NORTH ROAD,KIWI ROAD,,Non-Injury Crash,No,2023,0,South,0,0,0,Flat,0,,1,,0,Overcast,396600,0,0,0,4,0,0,0,0,0,,0,0,Auckland Region,Nil,2-way,Sealed,0,0,0,0,50,0,Off,0,0,,76,Auckland,Nil,0,0,0,0,1,0,Urban,0,0,0,Fine,Null
1770479.5552,5901988.7191,840024,,523814,0,0,0,2,0,South,2025/2026,STRATFORD ROAD,HILL ROAD,,Non-Injury Crash,No,2025,0,North,0,0,2,Hill Road,0,,1,,0,Dark,759504,0,0,0,2,0,0,0,0,1,,0,0,Auckland Region,Nil,2-way,Sealed,0,0,0,0,50,0,On,0,0,,76,Auckland,Nil,0,0,0,0,0,0,Urban,0,0,0,Light rain,Null
1751131.966,5914985.1728,840032,,514402,0,,0,1,,West,2024/2025,GREAT NORTH ROAD,ST JUDE STREET,,Non-Injury Crash,No,2025,,South,,0,,Flat,,,,,,Overcast,381000,0,0,0,4,,,0,,,,,,Auckland Region,Nil,2-way,Sealed,,0,0,,50,,Off,1,0,,76,Auckland,Nil,,,,,0,0,Urban,0,,,Heavy rain,Strong wind
1753321.3632,5919163.9312,840045,,515100,0,0,0,2,0,West,2023/2024,OLD MILL ROAD,SAVAGE STREET,,Non-Injury Crash,No,2024,0,East,0,0,0,Hill Road,0,,0,,0,Twilight,398100,0,0,0,2,0,0,0,0,1,,0,0,Auckland Region,Nil,2-way,Sealed,0,0,0,0,50,0,None,0,0,,76,Auckland,Nil,0,0,0,0,0,0,Urban,0,0,0,Fine,Null
1766209.0623,5916510.4096,840048,,517100,0,,0,1,,Null,2025/2026,ERIMA AVENUE,PT ENGLAND ROAD,,Non-Injury Crash,No,2025,,North,,0,,Null,,,,,,Twilight,477100,0,0,0,1,,,0,,,,,,Auckland Region,Nil,1-way,Sealed,,0,0,,30,,Null,0,0,,76,Auckland,Give way,,,,,0,0,Urban,1,,,Fine,Null
1757687.0098,5944465.3551,840049,,505902,0,0,0,2,0,North,2023/2024,WHANGAPARAOA ROAD,BRANDON ROAD,,Non-Injury Crash,No,2024,0,North,0,0,0,Hill Road,0,,0,,0,Dark,174513,0,0,0,2,0,0,0,0,1,,0,0,Auckland Region,Nil,2-way,Sealed,0,0,0,0,50,0,On,0,0,,76,Auckland,Nil,0,0,0,0,0,0,Urban,0,0,0,Fine,Null
1748053.5676,5963436.1936,840050,,506613,0,,0,1,,North,2022/2023,SH 1,COWAN BAY ROAD,,Non-Injury Crash,No,2023,,South,,0,,Hill Road,,,,,,Bright sun,146800,0,0,0,2,,,0,,,,,,Auckland Region,Bridge,2-way,Sealed,,0,0,,80,,Off,0,0,,76,Auckland,Nil,,,,,0,0,Open,2,,,Fine,Null
1770669.0758,5901862.3296,840064,,523814,0,,0,1,,Null,2025/2026,RATHMAR DRIVE,STRATFORD ROAD,,Minor Crash,No,2025,,East,,0,,Flat,,,,,,Twilight,759523,1,0,0,2,,,0,,,,,,Auckland Region,Nil,2-way,Sealed,,0,0,,50,,On,0,0,,76,Auckland,Give way,,,,,0,0,Urban,0,,,Fine,Null
1744915.7742,5925326.7934,840073,,513431,0,0,0,1,0,North,2023/2024,UPPER HARBOUR MOTORWAY,TRIG ROAD OFF RAMP,,Non-Injury Crash,Yes,2023,0,South,0,0,0,Flat,1,,0,,0,Dark,223702,0,0,0,2,0,0,0,0,0,,0,0,Auckland Region,Nil,1-way,Sealed,0,0,0,0,100,0,On,0,0,,76,Auckland,Nil,0,0,0,0,0,0,Open,0,0,0,Fine,Strong wind
1768774.9263,5905012.1798,840074,,523722,0,,0,1,,Null,2023/2024,HOLLYFORD DRIVE,ASPIRING AVENUE,,Minor Crash,No,2023,,South,,0,,Hill Road,,,,,,Overcast,716007,1,0,1,2,,,0,,,,,,Auckland Region,Nil,2-way,Sealed,,0,0,,50,,Off,0,0,,76,Auckland,Give way,,,,,0,0,Urban,0,,,Fine,Null
1769498.311,5907405.3481,840088,,523712,0,,0,2,,Null,2024/2025,MICHAEL JONES DRIVE,ORMISTON ROAD,,Non-Injury Crash,No,2025,,North,,0,,Null,,Easter,,,,Unknown,712803,0,0,0,2,,,0,,,,,,Auckland Region,Nil,2-way,Sealed,,0,0,,50,,Null,0,0,,76,Auckland,Give way,,,,,0,0,Urban,0,,,Null,Null
1759204.0687,5903421.8605,840114,,524200,0,,0,2,,Null,2022/2023,GEORGE BOLT MEMORIAL DRIVE,TOM PEARCE DRIVE,,Minor Crash,No,2023,,North,,0,,Flat,,,,,,Dark,727200,1,0,0,6,,,0,,,,,,Auckland Region,Nil,2-way,Sealed,,0,0,,50,,On,0,1,,76,Auckland,Traffic Signals,,,,,0,0,Urban,0,,,Heavy rain,Null
1754024.2392,5927837.3983,840120,,508310,0,,0,1,,Null,2024/2025,BENTLEY AVENUE,DOWNING STREET,,Non-Injury Crash,No,2025,,West,,0,,Flat,,,,,,Overcast,200100,0,0,0,2,,,0,,,,,,Auckland Region,Nil,2-way,Sealed,,0,0,,50,,Off,1,0,,76,Auckland,Stop,,,,,0,0,Urban,0,,,Fine,Null
1770149.7767,5909078.0904,840132,,523114,0,,0,1,,Null,2022/2023,CHAPEL ROAD,GRACECHURCH DRIVE,,Serious Crash,No,2023,,South,,0,,Flat,,,,,,Bright sun,712136,1,0,1,2,,,0,,,,,,Auckland Region,Nil,2-way,Unsealed,,0,1,,50,,Off,0,0,,76,Auckland,Give way,,,,,0,0,Urban,0,,,Fine,Null
1756303.8458,5930698.484,840136,,507500,0,,0,1,,Null,2025/2026,FORREST HILL ROAD,EAST COAST ROAD,,Minor Crash,No,2025,,North,,0,,Flat,,,,,,Bright sun,148801,1,0,1,2,,,0,,,,,,Auckland Region,Nil,2-way,Sealed,,0,0,,50,,Off,0,0,,76,Auckland,Give way,,,,,0,0,Urban,0,,,Fine,Null