X,Y,OBJECTID,advisorySpeed,areaUnitID,bicycle,bridge,bus,carStationWagon,cliffBank,crashDirectionDescription,crashFinancialYear,crashLocation1,crashLocation2,crashRoadSideRoad,crashSeverity,crashSHDescription,crashYear,debris,directionRoleDescription,ditch,fatalCount,fence,flatHill,guardRail,holiday,houseOrBuilding,intersection,kerb,light,meshblockId,minorInjuryCount,moped,motorcycle,NumberOfLanes,objectThrownOrDropped,otherObject,otherVehicleType,overBank,parkedVehicle,pedestrian,phoneBoxEtc,postOrPole,region,roadCharacter,roadLane,roadSurface,roadworks,schoolBus,seriousInjuryCount,slipOrFlood,speedLimit,strayAnimal,streetLight,suv,taxi,temporarySpeedLimit,tlaId,tlaName,trafficControl,trafficIsland,trafficSign,train,tree,truck,unknownVehicleType,urban,vanOrUtility,vehicle,waterRiver,weatherA,weatherB
1765437.7522,5908975.8413,840144,,523403,0,,0,1,,North,2025/2026,SOUTHERN MOTORWAY,HIGHBROOK OBR,,Non-Injury Crash,Yes,2025,,North,,0,,Flat,,,,,,Overcast,700200,0,0,0,3,,,0,,,,,,Auckland Region,Nil,1-way,Sealed,,0,0,,100,,Off,1,0,,76,Auckland,Nil,,,,,0,0,Open,0,,,Light rain,Null
1764185.2374,5909710.5417,840169,,521901,0,,0,1,,Null,2023/2024,GREAT SOUTH ROAD,HALL AVENUE,,Non-Injury Crash,No,2024,,North,,0,,Flat,,,,,,Dark,784100,0,0,0,2,,,0,,,,,,Auckland Region,Nil,2-way,Sealed,,0,0,,30,,On,1,0,,76,Auckland,Stop,,,,,0,0,Urban,0,,,Light rain,None
1760924.4919,5923277.8228,840177,,509400,0,0,0,2,0,Null,2024/2025,VAUXHALL ROAD,ALBERT ROAD,,Non-Injury Crash,No,2024,0,South,0,0,1,Flat,0,,0,,0,Bright sun,333800,0,0,0,2,0,0,0,0,1,,0,0,Auckland Region,Nil,2-way,Sealed,0,0,0,0,50,0,Off,0,0,,76,Auckland,Give way,0,0,0,0,0,0,Urban,0,0,0,Fine,Null
1771580.484,5899404.4,840185,,523911,0,0,0,2,0,North,2023/2024,PORCHESTER ROAD,BERWYN AVENUE,,Non-Injury Crash,No,2023,0,South,0,0,0,Flat,0,,0,,0,Bright sun,767100,0,0,0,2,0,0,0,0,1,,0,0,Auckland Region,Nil,2-way,Sealed,0,0,0,0,50,0,Off,0,0,,76,Auckland,Nil,0,0,0,0,0,0,Urban,0,0,0,Fine,None
1769561.4778,5897665.7254,840189,,523920,0,0,0,2,0,South,2024/2025,ELANA COURT,WALTER STREVENS DRIVE,,Non-Injury Crash,No,2024,0,North,0,0,0,Flat,0,,0,,0,Dark,767913,0,0,0,2,0,0,0,0,1,,0,0,Auckland Region,Nil,2-way,Sealed,0,0,0,0,50,0,Null,0,0,,76,Auckland,Nil,0,0,0,0,0,0,Urban,0,0,0,Fine,Null
1752560.5149,5934757.4799,840192,,508701,0,,0,2,,Null,2025/2026,OTEHA VALLEY ROAD,MUNROE LANE,,Non-Injury Crash,No,2025,,East,,0,,Flat,,,,,,Bright sun,178501,0,0,0,4,,,0,,,,,,Auckland Region,Nil,2-way,Sealed,,0,0,,60,,Off,0,0,,76,Auckland,Give way,,,,,0,0,Urban,0,,,Fine,Null
1747167.7568,5913797.986,840198,,511100,0,,0,1,,Null,2022/2023,WEST COAST ROAD,GLENVIEW ROAD,,Minor Crash,No,2023,,East,,0,,Flat,,,,,,Bright sun,286200,1,0,0,4,,,0,,,1,,,Auckland Region,Nil,2-way,Sealed,,0,0,,50,,Off,0,0,,76,Auckland,Traffic Signals,,,,,0,0,Urban,0,,,Fine,Null
1748495.7151,5925627.6757,840200,,513431,0,0,0,1,0,North,2025/2026,MYLAND DRIVE,CICADA ROAD,,Non-Injury Crash,No,2025,0,South,0,0,0,Flat,0,,1,,0,Overcast,222800,0,0,0,2,0,0,0,0,0,,0,0,Auckland Region,Nil,2-way,Sealed,0,0,0,0,50,0,Off,0,0,,76,Auckland,Nil,0,0,0,0,0,0,Urban,0,0,0,Fine,Null
1764961.7369,5905786.3778,840204,,522202,0,,1,1,,West,2022/2023,ST GEORGE STREET,ST GEORGE STREET,,Non-Injury Crash,No,2023,,East,,0,,Flat,,,,,,Bright sun,663400,0,0,0,2,,,0,,,,,,Auckland Region,Nil,2-way,Sealed,,0,0,,30,,Off,0,0,,76,Auckland,Nil,,,,,0,0,Urban,0,,,Fine,Null
1772422.1911,5906820.8365,840217,35,523713,0,0,0,1,0,Null,2024/2025,ORMISTON ROAD,SHEPHERDS LANE,,Non-Injury Crash,No,2024,0,North,0,0,0,Hill Road,0,,0,,0,Dark,712600,0,0,0,2,0,0,0,0,0,,0,0,Auckland Region,Nil,2-way,Sealed,0,0,0,0,50,0,None,0,0,30,76,Auckland,Nil,0,1,0,0,0,0,Urban,0,0,0,Heavy rain,Null
1749677.8427,5918043.0532,840220,,514801,0,0,0,1,0,West,2022/2023,NORTH-WESTERN MOTORWAY,ROSEBANK ROAD ON RAMP,,Minor Crash,Yes,2023,0,East,0,0,0,Flat,2,,0,,0,Dark,390401,1,0,0,4,0,0,0,0,0,,0,0,Auckland Region,Nil,1-way,Sealed,0,0,0,0,100,0,On,0,0,,76,Auckland,Nil,0,0,0,0,0,0,Open,0,0,0,Light rain,Null
1759459.1312,5907370.2559,840232,,524122,0,,0,1,,East,2024/2025,IDLEWILD AVENUE,VISCOUNT STREET,,Non-Injury Crash,No,2025,,West,,0,,Flat,,,,,,Dark,739000,0,0,0,2,,,0,,,,,,Auckland Region,Nil,2-way,Sealed,,0,0,,50,,On,1,0,30,76,Auckland,Nil,,,,,0,0,Urban,0,,,Fine,Null
1770390.1294,5912121.6434,840242,,523105,0,0,0,2,0,Null,2022/2023,BOTANY ROAD,GOLFLAND DRIVE,,Fatal Crash,No,2023,0,North,0,2,1,Flat,0,,0,,0,Bright sun,3203003,1,0,0,4,0,0,0,0,0,,0,0,Auckland Region,Nil,2-way,Sealed,0,0,1,0,50,0,Off,0,0,,76,Auckland,Give way,0,0,0,0,0,0,Urban,0,0,0,Fine,Null
1754188.7339,5918304.9562,840245,,515432,0,0,0,0,0,West,2024/2025,NORTH-WESTERN MOTORWAY,ST LUKES ROAD OFF RAMP,,Non-Injury Crash,Yes,2024,0,West,0,0,0,Flat,1,,0,,0,Dark,406202,0,0,0,4,0,0,0,0,0,,0,0,Auckland Region,Nil,1-way,Sealed,0,0,0,0,80,0,On,0,0,,76,Auckland,Nil,0,0,0,0,1,0,Open,0,0,0,Fine,Null
1758423.761,5912919.2208,840257,15,519810,0,,0,1,,Null,2023/2024,TRAFALGAR STREET,MANUKAU ROAD,,Non-Injury Crash,No,2024,,West,,0,,Flat,,,,,,Bright sun,598300,0,0,0,2,,,0,,,,,,Auckland Region,Nil,2-way,Sealed,,0,0,,20,,None,1,0,,76,Auckland,Traffic Signals,,,,,0,0,Urban,0,,,Fine,None
1764093.7124,5911564.1782,840261,,520500,0,,0,1,,Null,2023/2024,PANAMA ROAD,MOUNT WELLINGTON HIGHWAY,,Non-Injury Crash,No,2023,,West,,0,,Flat,,,,,,Dark,636400,0,0,0,2,,,0,,,,,,Auckland Region,Nil,2-way,Sealed,,0,0,,50,,Null,0,0,,76,Auckland,Traffic Signals,,,,,0,0,Urban,0,,,Fine,Null
1753548.5082,5927933.7436,840264,,508210,0,0,0,3,0,Null,2025/2026,KAIPATIKI ROAD,GLENFIELD ROAD,,Minor Crash,No,2025,0,South,0,0,0,Hill Road,0,,1,,0,Dark,186800,1,0,0,3,0,0,0,0,0,,0,0,Auckland Region,Nil,2-way,Sealed,0,0,0,0,50,0,On,0,0,,76,Auckland,Traffic Signals,0,0,0,0,0,0,Urban,0,0,0,Light rain,Null
1747173.5559,5913934.613,840265,,511100,0,0,0,2,0,North,2023/2024,GLENVIEW ROAD,WAIKUMETE ROAD,,Non-Injury Crash,No,2024,0,South,0,0,0,Hill Road,0,,0,,0,Overcast,286000,0,0,0,2,0,0,0,0,1,,0,0,Auckland Region,Nil,2-way,Sealed,0,0,0,0,50,0,Off,0,0,,76,Auckland,Nil,0,0,0,0,0,0,Urban,0,0,0,Fine,Strong wind
1760802.354,5914695.3932,840270,,519500,0,,0,0,,South,2022/2023,GREAT SOUTH ROAD,KALMIA STREET,,Fatal Crash,No,2023,,North,,1,,Flat,,,,,,Dark,620400,0,0,0,4,,,0,,,1,,,Auckland Region,Nil,2-way,Sealed,,0,0,,50,,On,0,0,,76,Auckland,Nil,,,,,0,0,Urban,1,,,Fine,Null
1764991.8901,5913562.3213,840273,,520500,0,0,0,0,0,Null,2023/2024,WAIPUNA ROAD,LEVENE PLACE,,Non-Injury Crash,No,2024,0,East,0,0,1,Flat,0,,1,,0,Dark,638903,0,0,0,4,0,0,0,0,0,,0,0,Auckland Region,Nil,2-way,Sealed,0,0,0,0,50,0,On,0,0,,76,Auckland,Give way,0,0,0,0,0,0,Urban,1,0,0,Fine,Null
1752706.0831,5918103.6947,840278,,515002,0,,0,0,,East,2023/2024,NORTH-WESTERN MOTORWAY,CARRINGTON OBR,,Minor Crash,Yes,2023,,East,,0,,Flat,,,,,,Dark,390501,1,0,1,4,,,0,,,,,,Auckland Region,Nil,1-way,Sealed,,0,0,,100,,On,0,0,,76,Auckland,Nil,,,,,0,0,Open,0,,,Fine,Null
1753285.2163,5933052.5623,840290,,508807,0,,0,2,,Null,2022/2023,GREVILLE ROAD OFF RAMP,TAWA DRIVE,,Minor Crash,No,2023,,North,,0,,Flat,,,,,,Dark,180811,1,0,0,4,,,0,,,,,,Auckland Region,Nil,1-way,Sealed,,0,0,,50,,On,0,0,,76,Auckland,Traffic Signals,,,,,0,0,Urban,0,,,Heavy rain,Null
1756249.9929,5919247.7416,840294,,515500,0,0,0,1,0,Null,2022/2023,NEWTON ROAD,KARANGAHAPE ROAD,,Non-Injury Crash,No,2023,0,North,0,0,0,Hill Road,0,,0,,1,Overcast,417500,0,0,0,4,0,0,0,0,0,,0,0,Auckland Region,Nil,2-way,Sealed,0,0,0,0,50,0,Off,0,0,,76,Auckland,Traffic Signals,0,0,0,0,0,0,Urban,0,0,0,Fine,Null
1748578.0197,5914282.5504,840296,45,511302,0,0,0,1,0,North,2024/2025,LYNWOOD ROAD,KOHEKOHE STREET,,Non-Injury Crash,No,2024,0,West,0,0,0,Flat,0,Christmas New Year,0,,0,Dark,269000,0,0,0,2,0,0,0,0,0,,0,1,Auckland Region,Nil,2-way,Sealed,0,0,0,0,50,0,On,0,0,,76,Auckland,Nil,0,0,0,0,0,0,Urban,0,0,0,Fine,Null
1757021.0587,5919443.3138,840297,,514102,0,,0,1,,Null,2022/2023,KARANGAHAPE ROAD,QUEENS STREET,,Non-Injury Crash,No,2023,,South,,0,,Flat,,,,,,Unknown,435802,0,0,0,4,,,0,,,,,,Auckland Region,Nil,2-way,Sealed,,0,0,,30,,Off,0,0,,76,Auckland,Traffic Signals,,,,,0,0,Urban,1,,,Null,None
1774358.7909,5897360.7298,840298,,525630,0,0,0,0,0,West,2023/2024,CLEVEDON ROAD,VALENTINE STREET,,Minor Crash,No,2023,0,East,0,0,1,Flat,0,,0,,0,Twilight,796100,1,0,1,2,0,0,0,0,0,,0,0,Auckland Region,Nil,2-way,Sealed,0,0,0,0,50,0,Off,0,0,,76,Auckland,Nil,0,0,0,0,0,0,Urban,0,0,0,Fine,Null
1743643.1199,5917506.1629,840301,,513220,0,,0,0,,North,2024/2025,SUMMERLAND DRIVE,PARKCREST DRIVE,,Minor Crash,No,2024,,South,,0,,Hill Road,,Christmas New Year,,,,Overcast,236712,1,0,1,2,,,0,,,1,,,Auckland Region,Nil,2-way,Sealed,,0,0,,50,,Off,0,0,,76,Auckland,Nil,,,,,0,0,Urban,0,,,Fine,Null
1756103.8788,5923951.2088,840304,,509800,0,,0,2,,South,2024/2025,NORTHERN MOTORWAY,STAFFORD ROAD ON RAMP,,Minor Crash,Yes,2025,,North,,0,,Flat,,,,,,Dark,361200,1,0,0,5,,,0,,,,,,Auckland Region,Bridge,1-way,Sealed,,0,0,,80,,On,0,0,,76,Auckland,Nil,,,,,0,0,Open,0,,,Fine,Strong wind
1740833.4559,5982375.7839,840310,35,506660,0,0,0,0,1,Null,2023/2024,WAYBY VALLEY ROAD,HOMEWARD BOUND DRIVE,,Minor Crash,No,2023,0,South,0,0,0,Hill Road,0,,0,,0,Dark,136303,1,0,0,2,0,0,0,0,0,,0,0,Auckland Region,Nil,2-way,Sealed,0,0,0,0,100,0,None,1,0,,76,Auckland,Nil,0,0,0,0,0,0,Open,0,0,0,Fine,Null
1765589.7895,5905864.7417,840312,,522202,0,0,0,1,0,Null,2024/2025,CARRUTH ROAD,ST GEORGE STREET,,Non-Injury Crash,No,2024,0,North,0,0,0,Flat,0,,0,,0,Twilight,665000,0,0,0,2,0,0,0,0,0,,0,1,Auckland Region,Nil,2-way,Sealed,0,0,0,0,50,0,On,0,0,,76,Auckland,Give way,0,0,0,0,0,0,Urban,0,0,0,Fine,Null
1767445.4935,5905804.9899,840313,,522302,0,0,0,1,0,North,2023/2024,SOUTHERN MOTORWAY,REAGAN OBR,,Non-Injury Crash,Yes,2023,0,North,0,0,0,Flat,1,,0,,0,Dark,670902,0,0,0,6,0,0,0,0,0,,0,0,Auckland Region,Nil,2-way,Sealed,0,0,0,0,100,0,On,0,0,,76,Auckland,Nil,0,0,0,0,0,0,Open,0,0,0,Fine,Null
1754254.7837,5945175.8435,840327,,505907,0,,0,2,,Null,2023/2024,WHANGAPARAOA ROAD,BRIGHTSIDE ROAD,,Non-Injury Crash,No,2023,,West,,0,,Hill Road,,,,,,Dark,173416,0,0,0,2,,,0,,,,,,Auckland Region,Nil,2-way,Sealed,,0,0,,50,,On,0,0,,76,Auckland,Stop,,,,,0,0,Urban,0,,,Fine,Null
1732478.8307,5976913.4091,840330,65,506660,0,,0,2,,North,2023/2024,KAIPARA COAST HIGHWAY,LEVET ROAD,,Minor Crash,Yes,2023,,South,,0,,Hill Road,,,,,,Overcast,144600,3,0,0,1,,,0,,,,,,Auckland Region,Nil,2-way,Sealed,,0,0,,100,,Off,0,0,,76,Auckland,Nil,,,,,0,0,Open,0,,,Light rain,Null
1763423.985,5906269.5163,840334,,524302,0,0,0,1,0,Null,2023/2024,PORTAGE ROAD,DEEPAK LANE,,Non-Injury Crash,No,2023,0,South,0,0,1,Flat,0,,0,,0,Bright sun,745900,0,0,0,2,0,0,0,0,0,,0,1,Auckland Region,Nil,2-way,Sealed,0,0,0,0,50,0,Off,0,0,,76,Auckland,Nil,0,0,0,0,0,0,Urban,0,0,0,Fine,Null
1756596.384,5920775.489,840346,,514101,0,,0,1,,Null,2024/2025,FANSHAWE STREET,HALSEY STREET,,Non-Injury Crash,No,2024,,East,,0,,Flat,,,,,,Dark,432400,0,0,0,4,,,0,,,,,,Auckland Region,Nil,1-way,Sealed,,0,0,,40,,On,0,0,,76,Auckland,Traffic Signals,,,,,0,0,Urban,1,,,Fine,Null
1755204.3885,5929077.4831,840349,,508320,0,,0,1,,East,2024/2025,WAIRAU ROAD,DIANA DRIVE,,Non-Injury Crash,No,2024,,West,,0,,Null,,,,,,Unknown,196700,0,0,0,5,,,0,,,,,,Auckland Region,Nil,2-way,Sealed,,0,0,,50,,Null,0,0,,76,Auckland,Nil,,,,,0,0,Urban,0,,,Fine,Null
1758729.2094,5911554.1095,840355,,519820,0,0,0,0,0,North,2022/2023,SOUTH-WESTERN MOTORWAY,ONEHUNGA HARBOUR ROAD OFF RAMP,,Non-Injury Crash,Yes,2023,0,North,0,0,0,Flat,1,,0,,0,Overcast,602402,0,0,0,4,0,0,0,0,0,,0,0,Auckland Region,Nil,1-way,Sealed,0,0,0,0,100,0,Off,0,0,,76,Auckland,Nil,0,0,0,0,0,0,Open,1,0,0,Light rain,Null
1750576.089,5914586.0414,840357,,514402,0,,0,2,,North,2024/2025,GREAT NORTH ROAD,WHAU BR,,Non-Injury Crash,No,2025,,South,,0,,Null,,,,,,Unknown,381301,0,0,0,2,,,0,,,,,,Auckland Region,Nil,2-way,Sealed,,0,0,,50,,Null,0,0,,76,Auckland,Nil,,,,,0,1,Urban,0,,,Light rain,Null
1770596.6202,5911022.8967,840373,,523109,0,0,0,2,0,South,2025/2026,CHAPEL ROAD,TI RAKAU DRIVE,,Non-Injury Crash,No,2025,0,South,0,0,0,Flat,0,,0,,0,Dark,712008,0,0,0,2,0,0,0,0,0,,0,0,Auckland Region,Nil,2-way,Sealed,0,0,0,0,50,0,On,0,0,,76,Auckland,Nil,0,0,0,0,0,0,Urban,0,1,0,Fine,Null
1745686.5048,5916988.4093,840378,,510800,0,,0,1,,Null,2023/2024,VITASOVICH AVENUE,EDSEL STREET,,Non-Injury Crash,No,2023,,North,,0,,Flat,,,,,,Bright sun,243300,0,0,0,1,,,0,,,,,,Auckland Region,Nil,1-way,Sealed,,0,0,,50,,Off,0,0,,76,Auckland,Give way,,,,,0,0,Urban,1,,,Fine,Null
1743945.8353,5924022.8277,840381,,513410,0,,0,2,,Null,2024/2025,HOBSONVILLE ROAD,HOBSONVILLE ROAD OFF RAMP,,Non-Injury Crash,No,2025,,West,,0,,Flat,,,,,,Dark,224000,0,0,0,4,,,0,,,,,,Auckland Region,Overpass,1-way,Sealed,,0,0,,50,,On,0,0,,76,Auckland,Traffic Signals,,,,,0,0,Urban,0,,,Fine,Null
1768082.8628,5903854.9579,840385,,524602,0,0,0,1,0,East,2022/2023,AIRPORT OFF RAMP,GREAT SOUTH OBR,,Non-Injury Crash,Yes,2023,0,North,0,0,0,Flat,1,,0,,0,Bright sun,780506,0,0,0,2,0,0,0,0,0,,0,0,Auckland Region,Nil,1-way,Sealed,0,0,0,0,100,0,Off,0,0,,76,Auckland,Nil,0,0,0,0,1,0,Open,0,0,0,Fine,Null
1743803.8535,5921137.387,840407,,513631,0,0,0,2,0,West,2022/2023,WAIMUMU ROAD,LINCOLN PARK AVENUE,,Minor Crash,No,2023,0,West,0,0,0,Flat,0,,0,,0,Dark,227305,1,0,0,2,0,0,0,0,1,,0,0,Auckland Region,Nil,2-way,Sealed,0,0,0,0,50,0,On,0,0,,76,Auckland,Nil,0,0,0,0,0,0,Urban,0,0,0,Fine,Null
1747339.6785,5914833.5472,840418,,511800,0,0,0,0,0,Null,2023/2024,GREAT NORTH ROAD,PALMER AVENUE,,Non-Injury Crash,No,2023,0,South,0,0,1,Hill Road,0,,1,,0,Dark,277902,0,0,0,4,0,0,0,0,0,,0,0,Auckland Region,Nil,2-way,Sealed,0,0,0,0,50,0,On,0,0,,76,Auckland,Give way,0,0,0,0,0,0,Urban,1,0,0,Fine,Null
1756979.536,5912675.1264,840434,,518702,0,,0,2,,North,2023/2024,SOUTH-WESTERN MOTORWAY,HILLSBOROUGH ROAD ON RAMP,,Non-Injury Crash,Yes,2023,,South,,0,,Hill Road,,,,,,Overcast,569900,0,0,0,2,,,0,,,,,,Auckland Region,Nil,1-way,Sealed,,0,0,,100,,Off,0,0,,76,Auckland,Nil,,,,,0,0,Open,0,,,Fine,Null
1767605.1096,5881284.9301,840442,,525921,0,0,0,1,0,East,2023/2024,PRINCES STREET WEST,PURIRI ROAD,,Minor Crash,No,2024,0,North,0,0,1,Flat,0,Easter,0,,0,Dark,820503,1,0,0,2,0,0,0,0,0,,0,0,Auckland Region,Nil,2-way,Sealed,0,0,0,0,50,0,Off,0,0,,76,Auckland,Nil,0,0,0,1,0,0,Urban,0,0,0,Fine,Null
1760348.6819,5915306.5684,840445,,520202,0,,0,0,,Null,2025/2026,GREAT SOUTH ROAD,MAIN HIGHWAY,,Non-Injury Crash,No,2025,,South,,0,,Hill Road,,,,,,Overcast,613200,0,0,0,2,,,0,,,,,,Auckland Region,Nil,1-way,Sealed,,0,0,,50,,Off,1,0,,76,Auckland,Traffic Signals,,,,,0,0,Urban,1,,,Fine,Null
1766326.8589,5916961.9068,840446,,517001,0,0,0,0,0,South,2022/2023,ELSTREE AVENUE,TANIWHA STREET,,Non-Injury Crash,No,2023,0,North,0,0,1,Flat,0,,0,,0,Dark,476500,0,0,0,2,0,0,0,0,0,,0,1,Auckland Region,Nil,2-way,Sealed,0,0,0,0,50,0,On,0,0,,76,Auckland,Nil,0,0,0,0,0,0,Urban,1,0,0,Mist or Fog,Frost
1755146.8137,5927668.0311,840453,,508620,0,0,0,1,0,North,2025/2026,SUNNYBRAE ROAD,PORANA ROAD,,Non-Injury Crash,No,2025,0,South,0,0,0,Flat,0,,0,,0,Dark,202700,0,0,0,3,0,1,0,0,0,,0,0,Auckland Region,Nil,2-way,Sealed,0,0,0,0,50,0,On,0,0,,76,Auckland,Nil,0,0,0,0,0,0,Urban,0,0,0,Fine,Null
1750481.3852,5929215.3186,840461,,509100,0,0,0,2,0,North,2025/2026,UPPER HARBOUR MOTORWAY,GREENHITHE OBR,,Non-Injury Crash,Yes,2025,0,North,0,0,0,Hill Road,1,,0,,0,Overcast,181123,0,0,0,2,0,0,0,0,0,,0,0,Auckland Region,Nil,1-way,Sealed,0,0,0,0,100,0,Off,0,0,,76,Auckland,Nil,0,0,0,0,0,1,Open,0,0,0,Fine,Null
1764522.3141,5904419.0744,840462,,522100,0,,0,1,,South,2023/2024,NOEL BURNSIDE ROAD,PUHINUI ROAD,,Non-Injury Crash,No,2023,,West,,0,,Flat,,,,,,Overcast,659400,0,0,0,2,,,0,,,1,,,Auckland Region,Nil,2-way,Sealed,,0,0,,50,,Off,0,0,,76,Auckland,Nil,,,,,0,0,Urban,0,,,Fine,Null
1749241.2489,5913575.4031,840469,,511401,0,,0,2,,Null,2025/2026,MARGAN AVENUE,TITIRANGI ROAD,,Non-Injury Crash,No,2025,,West,,0,,Null,,,,,,Bright sun,263500,0,0,0,1,,,0,,,,,,Auckland Region,Nil,1-way,Sealed,,0,0,,50,,Null,0,0,,76,Auckland,Traffic Signals,,,,,0,0,Urban,0,,,Null,Null
1772967.2985,5891161.6368,840477,,521301,0,,0,3,,North,2025/2026,SOUTHERN MOTORWAY,GREAT SOUTH ROAD OFF RAMP,,Minor Crash,Yes,2026,,North,,0,,Flat,,Christmas New Year,,,,Overcast,809200,1,0,0,2,,,0,,,,,,Auckland Region,Nil,1-way,Sealed,,0,0,,100,,None,0,0,80,76,Auckland,Nil,,,,,0,0,Open,0,,,Fine,Null
1773152.8345,5890586.2688,840478,,521301,0,0,0,1,0,North,2023/2024,SOUTHERN MOTORWAY,QUARRY OBR,,Non-Injury Crash,Yes,2023,0,South,0,0,0,Flat,1,,0,,0,Bright sun,809004,0,0,0,2,0,0,0,0,0,,0,0,Auckland Region,Nil,1-way,Sealed,0,0,0,0,100,0,Off,0,0,,76,Auckland,Nil,0,0,0,0,0,0,Open,0,0,0,Fine,Null
1756008.7317,5923124.313,840485,,509800,0,,0,2,,South,2025/2026,NORTHERN MOTORWAY,HARBOUR BR N,,Non-Injury Crash,Yes,2025,,North,,0,,Flat,,,,,,Bright sun,359300,0,0,0,2,,,0,,,,,,Auckland Region,Bridge,1-way,Sealed,,0,0,,80,,Off,1,0,,76,Auckland,Nil,,,,,0,0,Open,0,,,Fine,Null
1763639.4978,5908850.2567,840486,,521901,0,0,0,0,0,West,2024/2025,MANGERE ROAD,GOLF AVENUE,,Non-Injury Crash,No,2024,0,West,0,0,1,Flat,0,,0,,0,Dark,786100,0,0,0,4,0,0,0,0,0,,0,1,Auckland Region,Nil,2-way,Sealed,0,0,0,0,50,0,On,1,0,,76,Auckland,Nil,0,0,0,0,0,0,Urban,0,0,0,Fine,Null
1768502.5647,5900896.6898,840493,,525001,0,,0,1,,Null,2025/2026,LUPTON ROAD,SELWYN ROAD,,Non-Injury Crash,No,2025,,North,,0,,Flat,,,,,,Dark,752000,0,0,0,1,,,0,,,,,,Auckland Region,Nil,1-way,Sealed,,0,0,,50,,On,1,0,,76,Auckland,Give way,,,,,0,0,Urban,0,,,Fine,Null
1774586.993,5888123.0658,840505,,521302,0,,0,1,,North,2022/2023,SOUTHERN MOTORWAY,RAMARAMA ON RAMP,,Minor Crash,Yes,2023,,Null,,0,,Flat,,,,,,Overcast,809101,1,0,1,2,,,0,,,,,,Auckland Region,Nil,1-way,Sealed,,0,0,,100,,Off,0,0,,76,Auckland,Nil,,,,,0,0,Open,0,,,Fine,Null
1767870.2874,5900930.0584,840522,,525001,0,,0,2,,East,2024/2025,RUSSELL ROAD,JUTLAND ROAD,,Non-Injury Crash,No,2024,,West,,0,,Null,,,,,,Overcast,752300,0,0,0,2,,,0,,,,,,Auckland Region,Nil,2-way,Sealed,,0,0,,50,,Null,0,0,,76,Auckland,Nil,,,,,0,0,Urban,0,,,Fine,Null
1818834.8115,5987745.1357,840523,,521000,0,0,0,0,0,West,2023/2024,WHANGAPARAPARA ROAD,BLIND BAY ROAD,,Minor Crash,No,2023,0,West,0,0,1,Flat,0,,0,,1,Overcast,438901,1,0,0,1,0,0,0,0,0,,0,0,Auckland Region,Nil,2-way,Sealed,0,0,0,0,100,0,None,0,0,,76,Auckland,Nil,0,0,0,1,0,0,Open,1,0,0,Light rain,Null
1765356.6843,5915355.853,840541,,520301,0,0,0,3,0,South,2024/2025,PILKINGTON ROAD,MARTIN PLACE,,Non-Injury Crash,No,2024,0,South,0,0,0,Flat,0,,0,,0,Dark,627900,0,0,0,2,0,0,0,0,2,,0,0,Auckland Region,Nil,2-way,Sealed,0,0,0,0,50,0,On,0,0,,76,Auckland,Nil,0,0,0,0,0,0,Urban,0,0,0,Fine,Null
1766237.5131,5900002.2962,840545,,524713,0,,0,0,,South,2022/2023,ROSCOMMON ROAD,ROBERT ROSS PLACE,,Serious Crash,No,2023,,South,,0,,Flat,,,,,,Twilight,775823,0,0,0,2,,,0,,,1,,,Auckland Region,Nil,1-way,Sealed,,0,1,,60,,On,0,0,,76,Auckland,Traffic Signals,,,,,0,0,Urban,1,,,Fine,Null
1765039.2169,5904049.0332,840549,,524604,0,,0,2,,West,2025/2026,CAVENDISH DRIVE,NESDALE AVENUE,,Minor Crash,No,2025,,North,,0,,Flat,,,,,,Dark,781301,1,0,0,4,,,0,,,,,,Auckland Region,Nil,2-way,Sealed,,0,0,,50,,On,0,0,,76,Auckland,Nil,,,,,0,0,Urban,0,,,Fine,Null
1769731.8525,5907356.1545,840550,,523712,0,,0,1,,Null,2024/2025,CHAPEL ROAD,ORMISTON ROAD,,Non-Injury Crash,No,2024,,North,,0,,Flat,,,,,,Dark,712803,0,0,0,3,,,0,,,,,,Auckland Region,Nil,1-way,Sealed,,0,0,,50,,On,0,0,,76,Auckland,Traffic Signals,,,,,0,0,Urban,0,,,Fine,Null
1753543.7449,5927064.9396,840557,,508220,0,,0,1,,Null,2025/2026,GLENFIELD ROAD,ROBERTS ROAD,,Non-Injury Crash,No,2025,,North,,0,,Null,,,,,,Bright sun,187700,0,0,0,2,,,0,,,,,,Auckland Region,Nil,2-way,Sealed,,0,0,,50,,Off,1,0,,76,Auckland,Give way,,,,,0,0,Urban,0,,,Fine,Null
1751618.4528,5916783.0424,840566,,514900,0,,0,2,,Null,2023/2024,GREAT NORTH ROAD,GREAT NORTH ROAD,,Serious Crash,No,2024,,South,,0,,Flat,,,,,,Overcast,384703,3,0,0,4,,,0,,,,,,Auckland Region,Nil,2-way,Sealed,,0,1,,50,,Off,1,0,,76,Auckland,Give way,,,,,0,0,Urban,0,,,Fine,Null
1768229.5984,5908079.6331,840567,,523502,0,,0,0,,South,2022/2023,EAST TAMAKI ROAD,BIRMINGHAM ROAD,,Serious Crash,No,2023,,Null,,0,,Flat,,,,,,Bright sun,703800,0,0,1,4,,,0,,,,,,Auckland Region,Nil,2-way,Sealed,,0,1,,50,,Off,0,0,,76,Auckland,Nil,,,,,0,0,Urban,0,,,Fine,Null