X,Y,OBJECTID,advisorySpeed,areaUnitID,bicycle,bridge,bus,carStationWagon,cliffBank,crashDirectionDescription,crashFinancialYear,crashLocation1,crashLocation2,crashRoadSideRoad,crashSeverity,crashSHDescription,crashYear,debris,directionRoleDescription,ditch,fatalCount,fence,flatHill,guardRail,holiday,houseOrBuilding,intersection,kerb,light,meshblockId,minorInjuryCount,moped,motorcycle,NumberOfLanes,objectThrownOrDropped,otherObject,otherVehicleType,overBank,parkedVehicle,pedestrian,phoneBoxEtc,postOrPole,region,roadCharacter,roadLane,roadSurface,roadworks,schoolBus,seriousInjuryCount,slipOrFlood,speedLimit,strayAnimal,streetLight,suv,taxi,temporarySpeedLimit,tlaId,tlaName,trafficControl,trafficIsland,trafficSign,train,tree,truck,unknownVehicleType,urban,vanOrUtility,vehicle,waterRiver,weatherA,weatherB
1764929.054,5903156.15,840575,,524604,0,,0,1,,South,2022/2023,ROSCOMMON ROAD,VOGLER DRIVE,,Non-Injury Crash,No,2023,,North,,0,,Flat,,,,,,Overcast,781200,0,0,0,2,,,0,,,,,,Auckland Region,Nil,1-way,Sealed,,0,0,,80,,Off,0,0,,76,Auckland,Nil,,,,,1,0,Open,0,,,Fine,Null
1755754.817,5919338.6096,840581,,515420,0,,0,0,,Null,2025/2026,MACKELVIE STREET,WILLIAMSON AVENUE,,Non-Injury Crash,No,2025,,South,,0,,Hill Road,,,,,,Overcast,410900,0,0,1,2,,,0,,,,,,Auckland Region,Nil,2-way,Sealed,,0,0,,50,,Null,0,0,,76,Auckland,Traffic Signals,,,,,0,0,Urban,0,,,Fine,Null
1760035.2626,5908288.6464,840582,,524403,0,,0,2,,North,2024/2025,SOUTH-WESTERN MOTORWAY,HALL FTBR,,Minor Crash,Yes,2025,,South,,0,,Flat,,,,,,Dark,729800,1,0,0,3,,,0,,,,,,Auckland Region,Nil,1-way,Sealed,,0,0,,100,,On,0,0,,76,Auckland,Nil,,,,,0,0,Open,0,,,Heavy rain,Null
1756631.6848,5932224.7257,840589,,507400,0,0,0,1,0,South,2024/2025,KOWHAI ROAD,BEACH ROAD,,Non-Injury Crash,No,2025,0,East,0,0,0,Flat,0,,0,,0,Dark,149700,0,0,0,2,0,0,0,0,1,,0,1,Auckland Region,Nil,2-way,Sealed,0,0,0,0,50,0,On,0,0,,76,Auckland,Nil,0,0,0,0,0,0,Urban,1,0,0,Fine,Null
1751688.3602,5917066.4139,840590,,514900,0,,0,2,,South,2024/2025,GREAT NORTH ROAD,ALFORD STREET,,Minor Crash,No,2024,,South,,0,,Flat,,,,,,Bright sun,384701,1,0,0,4,,,0,,,,,,Auckland Region,Nil,2-way,Sealed,,0,0,,50,,Off,1,0,,76,Auckland,Nil,,,,,0,0,Urban,0,,,Fine,Null
1748830.3217,5917482.1821,840597,,514801,0,0,0,1,0,South,2025/2026,ROSEBANK ROAD,TIMOTHY PLACE,,Non-Injury Crash,No,2025,1,South,0,0,0,Flat,0,,0,,0,Dark,389400,0,0,0,2,0,0,0,0,0,,0,0,Auckland Region,Nil,2-way,Sealed,0,0,0,0,50,0,On,0,0,,76,Auckland,Nil,0,1,0,0,0,0,Urban,0,0,0,Fine,Null
1755449.1164,5915273.7752,840603,,518302,0,,0,1,,South,2022/2023,DOMINION ROAD,LAMBETH ROAD,,Minor Crash,No,2023,,North,,0,,Flat,,,,,,Bright sun,554800,1,0,0,2,,,0,,,,,,Auckland Region,Nil,2-way,Sealed,,0,0,,50,,Off,0,0,,76,Auckland,Nil,,,,,0,0,Urban,1,,,Fine,Null
1770161.5759,5901358.2097,840627,,523814,0,,0,2,,Null,2022/2023,ALFRISTON ROAD,MAGIC WAY,,Minor Crash,No,2023,,West,,0,,Flat,,,,,,Dark,759515,1,0,0,3,,,0,,,,,,Auckland Region,Nil,2-way,Sealed,,0,0,,50,,On,0,0,,76,Auckland,Traffic Signals,,,,,0,0,Urban,0,,,Light rain,Null
1763333.598,5909191.9733,840650,,521901,0,,0,3,,South,2023/2024,KAKA STREET,WALMSLEY ROAD,,Minor Crash,No,2024,,North,,0,,Flat,,,,,,Bright sun,783500,3,0,0,3,,,0,,,,,,Auckland Region,Nil,2-way,Sealed,,0,0,,50,,Off,0,0,,76,Auckland,Nil,,,,,1,0,Urban,1,,,Fine,Null
1771255.4617,5895996.1571,840661,,525540,0,,0,2,,North,2025/2026,SOUTHERN MOTORWAY,PAPAKURA OFF RAMP,,Non-Injury Crash,Yes,2025,,South,,0,,Flat,,,,,,Bright sun,806205,0,0,0,3,,,0,,,,,,Auckland Region,Nil,1-way,Sealed,,0,0,,100,,Off,1,0,,76,Auckland,Nil,,,,,0,0,Open,1,,,Fine,Null
1754846.1353,5914432.2642,840685,,518802,0,0,0,2,0,North,2024/2025,GIFFORD AVENUE,MAY ROAD,,Non-Injury Crash,No,2025,0,North,0,0,0,Null,0,,0,,0,Unknown,578000,0,0,0,2,0,0,0,0,1,,0,0,Auckland Region,Nil,2-way,Sealed,0,0,0,0,50,0,Null,0,0,,76,Auckland,Nil,0,0,0,0,0,0,Urban,0,0,0,Fine,Null
1745061.1009,5916489.9933,840686,,510800,0,,0,1,,West,2024/2025,KEELING ROAD,HENDERSON VALLEY ROAD,,Minor Crash,No,2025,,South,,0,,Flat,,,,,,Bright sun,241900,1,0,0,2,,,0,,,1,,,Auckland Region,Nil,2-way,Sealed,,0,0,,50,,Off,0,0,,76,Auckland,Nil,,,,,0,0,Urban,0,,,Fine,Null
1767469.805,5904707.8634,840694,,524604,0,,0,1,,Null,2024/2025,OFF ROAD - CAR PARK,,,Serious Crash,No,2025,,West,,0,,Flat,,,,,,Dark,780209,0,0,0,,,,0,,,1,,,Auckland Region,Nil,Off road,Sealed,,0,1,,,,On,1,0,,76,Auckland,Nil,,,,,0,0,Urban,0,,,Fine,Null
1752940.7474,5920156.8122,840698,,515100,0,0,0,1,0,North,2024/2025,GARNET ROAD,RAWENE AVENUE,,Minor Crash,No,2025,0,North,0,0,0,Hill Road,1,,0,,0,Twilight,399500,1,0,0,2,0,0,0,0,0,,0,0,Auckland Region,Nil,2-way,Sealed,0,0,0,0,50,0,On,0,0,,76,Auckland,Nil,0,0,0,0,0,0,Urban,0,0,0,Fine,Null
1744383.4338,5925357.6244,840701,,513410,0,,0,2,,North,2024/2025,TRIG ROAD,NORTHSIDE DRIVE,,Non-Injury Crash,No,2025,,North,,0,,Flat,,,,,,Dark,223701,0,0,0,2,,,0,,,,,,Auckland Region,Nil,2-way,Sealed,,0,0,,60,,None,0,0,30,76,Auckland,Traffic Signals,,,,,0,0,Urban,0,,,Fine,Null
1765105.7937,5910043.0219,840718,,521803,0,,0,0,,Null,2023/2024,SOUTHERN MOTORWAY,PRINCES ST-OTAHUHU ON RAMP,,Non-Injury Crash,Yes,2023,,South,,0,,Flat,,,,,,Bright sun,788300,0,0,0,3,,,0,,,,,,Auckland Region,Nil,1-way,Sealed,,0,0,,100,,Off,1,0,,76,Auckland,Nil,,,,,0,0,Open,0,,,Fine,None
1757759.3261,5918217.2428,840722,,515700,0,,0,1,,South,2023/2024,SOUTHERN MOTORWAY,MOUNTAIN OBR,,Non-Injury Crash,Yes,2024,,North,,0,,Flat,,,,,,Dark,443600,0,0,0,4,,,0,,,,,,Auckland Region,Nil,1-way,Sealed,,0,0,,80,,On,1,0,,76,Auckland,Nil,,,,,0,0,Open,0,,,Fine,Null
1756679.7621,5919104.7722,840730,,514200,0,0,0,1,0,West,2024/2025,IAN MCKINNON DRIVE,UPPER QUEEN STREET,,Non-Injury Crash,No,2024,0,West,0,0,0,Hill Road,1,,0,,0,Dark,412600,0,0,0,4,0,0,0,0,0,,0,0,Auckland Region,Nil,2-way,Sealed,0,0,0,0,50,0,On,0,0,,76,Auckland,Nil,0,0,0,0,0,0,Urban,0,0,0,Light rain,Null
1758999.0679,5920460.2611,840741,,515902,0,,0,2,,Null,2024/2025,THE STRAND,GLADSTONE ROAD,,Non-Injury Crash,Yes,2025,,South,,0,,Hill Road,,,,,,Dark,454800,0,0,0,2,,,0,,,,,,Auckland Region,Nil,2-way,Sealed,,0,0,,50,,On,0,0,,76,Auckland,Give way,,,,,0,0,Urban,0,,,Fine,Null
1757258.6214,5920667.1077,840742,,514102,0,,0,1,,West,2024/2025,WYNDHAM STREET,ALBERT STREET,,Non-Injury Crash,No,2024,,East,,0,,Null,,,,,,Unknown,433401,0,0,0,4,,,0,,,,,,Auckland Region,Nil,2-way,Null,,0,0,,30,,Null,0,0,,76,Auckland,Nil,,,,,1,0,Urban,0,,,Null,Null
1719328.3695,5948223.2071,840753,,506642,0,0,0,0,0,South,2022/2023,SOUTH HEAD ROAD,CROSLAND ROAD,,Non-Injury Crash,No,2023,0,South,0,0,0,Hill Road,0,,0,,0,Dark,210301,0,0,0,2,0,0,0,0,0,,0,0,Auckland Region,Nil,2-way,Sealed,0,0,0,0,100,0,None,0,0,,76,Auckland,Nil,0,0,0,1,0,0,Open,1,0,0,Fine,Null
1757647.9334,5921020.6803,840766,25,514101,0,,0,2,,West,2023/2024,QUAY STREET,COMMERCE STREET,,Non-Injury Crash,No,2024,,East,,0,,Flat,,,,,,Overcast,437902,0,0,0,2,,,0,,,,,,Auckland Region,Nil,1-way,Sealed,,0,0,,30,,Off,0,0,,76,Auckland,Nil,,,,,0,0,Urban,0,,,Fine,None
1746916.0331,5912321.7309,840798,,512600,0,,0,1,,North,2023/2024,KAURILANDS ROAD,KONINI ROAD,,Minor Crash,No,2024,,North,,0,,Hill Road,,,,,,Dark,298304,1,0,1,2,,,0,,,,,,Auckland Region,Nil,2-way,Sealed,,0,0,,50,,On,0,0,,76,Auckland,Nil,,,,,0,0,Urban,0,,,Fine,Null
1758338.6535,5928604.3234,840801,,507800,0,0,0,2,0,Null,2022/2023,KITCHENER ROAD,AUDREY LANE,,Serious Crash,No,2023,0,North,0,0,0,Flat,0,,0,,0,Bright sun,308900,0,0,0,2,0,0,0,0,1,,0,0,Auckland Region,Nil,2-way,Sealed,0,0,1,0,50,0,Off,1,0,,76,Auckland,Nil,0,0,0,0,0,0,Urban,0,0,0,Fine,Null
1734768.4366,5918523.0756,840813,,513800,0,,0,1,,East,2025/2026,TE HENGA ROAD,BETHELLS ROAD,,Serious Crash,No,2025,,East,,0,,Flat,,,,,,Overcast,281700,0,0,1,2,,,0,,,,,,Auckland Region,Nil,2-way,Sealed,,0,1,,60,,None,0,0,,76,Auckland,Nil,,,,,0,0,Urban,0,,,Fine,Null
1753100.7424,5928974.6553,840814,,508411,0,0,0,1,0,Null,2023/2024,SPINELLA DRIVE,MALIBU GROVE,,Non-Injury Crash,No,2024,0,West,0,0,0,Hill Road,0,,0,,0,Dark,183906,0,0,0,2,0,0,0,0,1,,0,0,Auckland Region,Nil,2-way,Sealed,0,0,0,0,50,0,On,1,0,,76,Auckland,Nil,0,0,0,0,0,0,Urban,0,0,0,Fine,Null
1772881.7575,5891758.0341,840825,,521301,0,,0,1,,Null,2023/2024,GREAT SOUTH ROAD ON RAMP,SOUTHERN MOTORWAY,,Minor Crash,Yes,2023,,North,,0,,Flat,,,,,,Dark,808702,1,0,0,1,,,0,,,,,,Auckland Region,Motorway ramp,1-way,Sealed,,0,0,,100,,On,0,0,,76,Auckland,Nil,,,,,0,0,Open,1,,,Fine,Null
1745924.9638,5973768.8608,840829,,506661,0,,0,2,,North,2025/2026,SH 1,L PHILLIPS ROAD,,Non-Injury Crash,Yes,2025,,South,,0,,Hill Road,,,,,,Bright sun,138900,0,0,0,2,,,0,,,,,,Auckland Region,Nil,2-way,Sealed,,0,0,,80,,Off,0,0,,76,Auckland,Nil,,,,,0,0,Open,0,,,Fine,Null
1768821.2632,5910611.3923,840842,,523112,0,,0,0,,North,2024/2025,HARRIS ROAD,NEALES ROAD,,Minor Crash,No,2025,,North,,0,,Flat,,,,,,Overcast,711701,1,0,0,4,,,0,,,,,,Auckland Region,Nil,2-way,Sealed,,0,0,,60,,Off,2,0,,76,Auckland,Nil,,,,,0,0,Urban,0,,,Heavy rain,Null
1764279.583,5877882.8306,840845,,521121,0,0,0,0,1,East,2025/2026,WAIUKU ROAD,ROGERS ROAD,,Minor Crash,No,2025,0,East,0,0,0,Flat,0,,0,,0,Bright sun,825201,1,0,0,2,0,0,0,0,0,,0,0,Auckland Region,Nil,2-way,Sealed,0,0,0,0,80,0,Off,1,0,,76,Auckland,Nil,0,0,0,0,0,0,Open,0,0,0,Fine,Null
1769483.4081,5906345.369,840846,,523712,0,0,0,1,0,North,2024/2025,CHAPEL ROAD,BROADHURST ROAD,,Non-Injury Crash,No,2024,0,North,0,0,0,Flat,0,Christmas New Year,0,,0,Dark,713011,0,0,0,2,0,0,0,0,0,,0,0,Auckland Region,Nil,2-way,Sealed,0,0,0,0,50,0,On,0,0,,76,Auckland,Nil,0,0,0,1,0,0,Urban,0,0,0,Fine,Null
1788151.58,5887999.3951,840849,65,521132,0,0,0,1,1,Null,2022/2023,PAPARIMU ROAD,ARARIMU ROAD,,Minor Crash,No,2023,0,North,0,0,0,Hill Road,0,,0,,0,Overcast,815704,1,0,0,2,0,0,0,0,0,,0,0,Auckland Region,Nil,2-way,Sealed,0,0,0,0,100,0,None,0,0,,76,Auckland,Give way,0,0,0,0,0,0,Open,0,0,0,Light rain,Null
1764359.6749,5911614.0514,840851,,520500,0,0,0,2,0,East,2022/2023,PANAMA ROAD,RYBURN ROAD,,Minor Crash,No,2023,0,West,0,0,0,Flat,0,,0,,0,Dark,636100,1,0,0,2,0,0,0,0,1,,0,0,Auckland Region,Nil,2-way,Sealed,0,0,0,0,50,0,On,0,0,,76,Auckland,Nil,0,0,0,0,0,0,Urban,0,0,0,Fine,Null
1756802.5503,5919562.2932,840853,,514102,0,,0,1,,Null,2024/2025,PITT STREET,POYNTON TERRACE,,Non-Injury Crash,No,2025,,North,,0,,Null,,,,,,Bright sun,435700,0,0,0,2,,,0,,,,,,Auckland Region,Nil,2-way,Sealed,,0,0,,30,,Null,0,0,,76,Auckland,Traffic Signals,,,,,0,0,Urban,1,,,Fine,Null
1768803.4582,5910532.9768,840854,,523112,0,,0,1,,Null,2024/2025,HARRIS ROAD,NEALES ROAD,,Serious Crash,No,2024,,North,,0,,Flat,,,,,,Overcast,711500,1,0,1,4,,,0,,,,,,Auckland Region,Nil,2-way,Sealed,,0,1,,50,,Off,0,0,,76,Auckland,Give way,,,,,0,0,Urban,0,,,Fine,Null
1751593.6878,5914259.7839,840869,,514402,0,,0,1,,North,2024/2025,BLOCKHOUSE BAY ROAD,TIVERTON ROAD,,Non-Injury Crash,No,2024,,South,,0,,Flat,,Christmas New Year,,,,Bright sun,379403,0,0,0,4,,,0,,,,,,Auckland Region,Nil,2-way,Sealed,,0,0,,50,,On,0,0,30,76,Auckland,Nil,,,,,0,0,Urban,1,,,Fine,Null
1753115.4306,5914181.6979,840870,,514500,0,,0,2,,Null,2023/2024,MAIORO STREET,ROSEVILLE STREET,,Non-Injury Crash,No,2024,,East,,0,,Flat,,,,,,Bright sun,376300,0,0,0,4,,,0,,,,,,Auckland Region,Nil,2-way,Sealed,,0,0,,50,,None,0,0,,76,Auckland,Give way,,,,,0,0,Urban,0,,,Light rain,Null
1743704.8941,5907875.5323,840871,55,513800,0,0,0,1,0,North,2022/2023,HUIA ROAD,PARAU TRACK,,Non-Injury Crash,No,2023,0,South,0,0,1,Flat,0,,0,,0,Overcast,303001,0,0,0,2,0,0,0,0,0,,0,1,Auckland Region,Nil,2-way,Unsealed,0,0,0,0,70,0,Off,0,0,,76,Auckland,Nil,0,0,0,0,0,0,Urban,0,0,0,Fine,Null
1744345.4094,5919746.1202,840875,,513301,0,,0,1,,South,2023/2024,UNIVERSAL DRIVE,BITTERN PLACE,,Non-Injury Crash,No,2023,,North,,0,,Flat,,,,,,Bright sun,233800,0,0,0,1,,,0,,,,,,Auckland Region,Nil,1-way,Sealed,,0,0,,50,,Off,0,0,,76,Auckland,Nil,,,,,0,0,Urban,1,,,Fine,Null
1745816.9049,5913956.9477,840886,,511001,0,0,0,0,0,Null,2023/2024,WEST COAST ROAD,WAIKAUKAU ROAD,,Non-Injury Crash,No,2024,0,East,0,0,0,Flat,0,,0,,0,Overcast,282400,0,0,0,2,0,0,0,0,0,,0,1,Auckland Region,Nil,2-way,Sealed,0,0,0,0,50,0,Off,0,0,,76,Auckland,Stop,0,0,0,0,0,0,Urban,1,0,0,Fine,Null
1766394.7142,5904601.4646,840889,,524603,0,,0,2,,East,2022/2023,CAVENDISH DRIVE,NORMAN SPENCER DRIVE,,Non-Injury Crash,No,2023,,West,,0,,Flat,,,,,,Bright sun,780202,0,0,0,4,,,0,,,,,,Auckland Region,Nil,2-way,Sealed,,0,0,,60,,Off,0,0,,76,Auckland,Nil,,,,,0,0,Urban,0,,,Fine,Null
1765916.8069,5905625.721,840898,,522202,0,,0,2,,Null,2023/2024,CARRUTH ROAD,VICTORIA ROAD,,Minor Crash,No,2024,,East,,0,,Flat,,,,,,Overcast,665300,1,0,0,2,,,0,,,,,,Auckland Region,Nil,2-way,Sealed,,0,0,,50,,None,0,0,,76,Auckland,Stop,,,,,0,0,Urban,0,,,Fine,Null
1742557.3928,5924475.9785,840899,,513410,0,,0,0,,Null,2022/2023,FRED TAYLOR DRIVE,PUA STREET,,Non-Injury Crash,No,2023,,North,,0,,Flat,,,,,,Overcast,220400,0,0,0,2,,,0,,,,,,Auckland Region,Nil,2-way,Sealed,,0,0,,80,,Off,1,0,,76,Auckland,Give way,,,,,1,0,Open,0,,,Fine,Null
1755312.2036,5918263.5117,840901,,515500,0,,0,1,,West,2025/2026,NORTH-WESTERN MOTORWAY,BOND OBR,,Minor Crash,Yes,2025,,East,,0,,Flat,,,,,,Bright sun,418800,1,0,0,4,,,0,,,,,,Auckland Region,Nil,1-way,Sealed,,0,0,,80,,Off,1,0,,76,Auckland,Nil,,,,,0,0,Open,0,,,Fine,Null
1769438.225,5880125.6601,840911,,525922,0,0,0,1,0,West,2022/2023,NELSON STREET,MANUKAU ROAD,,Non-Injury Crash,No,2023,0,North,0,0,0,Flat,0,,0,,0,Bright sun,823500,0,0,0,2,0,0,0,0,1,,0,0,Auckland Region,Nil,2-way,Sealed,0,0,0,0,50,0,Off,0,0,,76,Auckland,Nil,0,0,0,0,0,0,Urban,1,0,0,Fine,Null
1766219.5075,5877457.986,840914,,521121,0,0,0,1,0,South,2024/2025,DAZELEY ROAD,ATTEWELL ROAD,,Minor Crash,No,2025,0,East,1,0,0,Flat,0,,0,,0,Dark,824901,1,0,0,2,0,0,0,0,0,,0,0,Auckland Region,Nil,2-way,Sealed,0,0,0,0,60,0,None,0,0,,76,Auckland,Nil,0,0,0,0,0,0,Urban,0,0,0,Fine,Null
1756468.5291,5919157.3226,840918,,514200,0,,0,2,,North,2023/2024,NORTH-WESTERN TO NORTHERN LINK,NELSON STREET OFF RAMP,,Non-Injury Crash,Yes,2024,,North,,0,,Flat,,,,,,Bright sun,411900,0,0,0,2,,,0,,,,,,Auckland Region,Nil,1-way,Sealed,,0,0,,80,,Off,0,0,,76,Auckland,Nil,,,,,0,0,Open,0,,,Fine,Null
1737147.3558,5960729.2165,840925,,506613,0,0,0,1,0,North,2024/2025,WEST COAST ROAD,PARKER ROAD,,Non-Injury Crash,No,2025,0,North,1,0,0,Flat,0,,0,,0,Dark,146600,0,0,0,2,0,0,0,0,0,,0,0,Auckland Region,Nil,2-way,Sealed,0,0,0,0,100,0,None,0,0,,76,Auckland,Nil,0,0,0,0,0,0,Open,0,0,0,Fine,Null
1764436.1317,5905596.1431,840934,,522100,0,,0,1,,Null,2023/2024,HILL ROAD,HILLSIDE ROAD,,Minor Crash,No,2023,,West,,0,,Hill Road,,,,,,Overcast,657900,2,0,0,2,,,0,,,,,,Auckland Region,Nil,2-way,Sealed,,0,0,,50,,Off,0,0,,76,Auckland,Give way,,,,,0,0,Urban,1,,,Light rain,Null
1756578.8151,5919094.4782,840950,,514200,0,0,0,1,0,North,2023/2024,NORTH-WESTERN MOTORWAY,SOUTHERN TO NORTH-WESTERN LINK,,Non-Injury Crash,Yes,2023,0,South,0,0,0,Flat,0,,0,,0,Dark,412900,0,0,0,2,0,0,0,0,0,,0,0,Auckland Region,Nil,1-way,Sealed,0,0,0,0,80,0,On,0,0,,76,Auckland,Nil,0,0,0,2,0,0,Open,0,0,0,Fine,Null
1764738.8847,5911391.1558,840954,,520500,0,0,0,1,0,South,2022/2023,SOUTHERN MOTORWAY,PANAMA OBR,,Non-Injury Crash,Yes,2023,0,North,0,0,0,Flat,0,,0,,0,Bright sun,636200,0,0,0,3,0,0,0,0,0,,0,1,Auckland Region,Nil,1-way,Sealed,0,0,0,0,100,0,Off,1,0,,76,Auckland,Nil,0,0,0,0,2,0,Open,0,0,0,Fine,Null
1755851.8115,5913188.0046,840957,,518701,0,0,0,1,0,East,2025/2026,SOUTH-WESTERN MOTORWAY,KEITH HAY PARK FTBR,,Non-Injury Crash,Yes,2025,0,North,0,0,0,Flat,1,,0,,0,Dark,573800,0,0,0,3,0,0,0,0,0,,0,0,Auckland Region,Nil,1-way,Sealed,0,0,0,0,100,0,On,0,0,,76,Auckland,Nil,0,0,0,0,0,0,Open,0,0,0,Light rain,Null
1756013.9519,5917293.6299,840973,,518201,0,,0,1,,Null,2023/2024,DOMINION ROAD,BELLWOOD AVENUE,,Non-Injury Crash,No,2023,,North,,0,,Flat,,,,,,Bright sun,547900,0,1,0,4,,,0,,,,,,Auckland Region,Nil,2-way,Sealed,,0,0,,50,,Off,0,0,,76,Auckland,Give way,,,,,0,0,Urban,0,,,Fine,Null
1753119.0377,5936376.1747,840977,,506300,0,0,0,1,0,West,2023/2024,LONELY TRACK ROAD,NAMSAN CLOSE,,Minor Crash,No,2024,0,West,0,0,0,Hill Road,0,,0,,0,Bright sun,176106,1,0,0,2,0,0,0,0,0,,0,0,Auckland Region,Nil,2-way,Sealed,0,0,0,0,50,0,Off,0,0,,76,Auckland,Nil,0,0,0,1,0,0,Urban,0,0,0,Fine,Null
1763760.4959,5914530.5695,840981,,520401,0,0,0,2,0,South,2023/2024,BARRACK ROAD,BANKS ROAD,,Non-Injury Crash,No,2023,0,North,0,0,0,Hill Road,0,,0,,0,Overcast,643100,0,0,0,2,0,0,0,0,1,,0,0,Auckland Region,Nil,2-way,Sealed,0,0,0,0,50,0,On,0,0,,76,Auckland,Nil,0,0,0,0,0,0,Urban,0,0,0,Light rain,Null
1756416.607,5918726.3557,840985,,515600,0,,0,2,,Null,2023/2024,IAN MCKINNON DRIVE,DEVON STREET,,Non-Injury Crash,No,2023,,North,,0,,Flat,,,,,,Dark,420100,0,0,0,4,,,0,,,,,,Auckland Region,Nil,2-way,Sealed,,0,0,,60,,On,0,1,40,76,Auckland,Stop,,,,,0,0,Urban,0,,,Light rain,Null
1753034.5765,5946872.3765,840988,,505808,0,,0,1,,East,2025/2026,WHANGAPARAOA ROAD,MARELLEN DRIVE,,Non-Injury Crash,No,2025,,South,,0,,Flat,,,,,,Bright sun,173111,0,0,0,4,,,0,,,,,,Auckland Region,Nil,2-way,Sealed,,0,0,,50,,Off,1,0,,76,Auckland,Nil,,,,,0,0,Urban,0,,,Fine,Null
1772670.4366,5895847.4258,840989,,525410,0,,0,0,,Null,2023/2024,EAST STREET,NELSON STREET,,Non-Injury Crash,No,2023,,North,,0,,Flat,,,,,,Overcast,792504,0,0,0,2,,,0,,,,,,Auckland Region,Nil,2-way,Sealed,,0,0,,50,,Off,0,0,,76,Auckland,Give way,,,,,0,0,Urban,2,,,Fine,Null
1754891.95,5918248.3919,841010,,517500,0,0,0,2,0,North,2022/2023,SCHOOL ROAD,FOURTH AVENUE,,Non-Injury Crash,No,2023,0,West,0,0,0,Flat,0,,0,,0,Twilight,529900,0,0,0,2,0,0,0,0,1,,0,0,Auckland Region,Nil,2-way,Sealed,0,0,0,0,50,0,On,0,0,,76,Auckland,Nil,0,0,0,0,0,0,Urban,0,0,0,Light rain,Null
1764508.1589,5910487.884,841012,,521801,0,0,0,0,0,East,2024/2025,LUKE STREET,HUTTON STREET,,Non-Injury Crash,No,2025,0,West,0,0,0,Flat,0,,0,,0,Bright sun,787000,0,0,0,2,0,0,0,0,1,,0,0,Auckland Region,Nil,2-way,Sealed,0,0,0,0,30,0,Null,2,0,,76,Auckland,Nil,0,0,0,0,0,0,Urban,0,0,0,Fine,Null
1759048.5481,5903831.2544,841022,,524200,0,0,0,1,0,Null,2022/2023,GEORGE BOLT MEMORIAL DRIVE,TERMINAL EXIT ROAD,,Minor Crash,No,2023,0,South,0,0,0,Flat,0,,0,,0,Dark,727200,1,0,0,2,0,0,0,0,0,,0,0,Auckland Region,Nil,1-way,Sealed,0,0,0,0,50,0,On,0,0,,76,Auckland,Traffic Signals,0,1,0,0,0,0,Urban,0,0,0,Fine,Null
1772748.0884,5895414.0749,841036,,525520,0,,0,2,,Null,2024/2025,SETTLEMENT ROAD,GREAT SOUTH ROAD,,Non-Injury Crash,No,2025,,South,,0,,Flat,,,,,,Dark,801700,0,0,0,4,,,0,,,,,,Auckland Region,Nil,2-way,Sealed,,0,0,,50,,On,0,0,,76,Auckland,Traffic Signals,,,,,0,0,Urban,0,,,Fine,Null
1758935.341,5913196.2691,841040,,519820,0,,0,2,,Null,2022/2023,ONEHUNGA MALL,MOUNT SMART ROAD,,Minor Crash,No,2023,,North,,0,,Flat,,,,,,Bright sun,599100,1,0,0,2,,,0,,,,,,Auckland Region,Nil,2-way,Sealed,,0,0,,50,,Off,0,0,,76,Auckland,Traffic Signals,,,,,0,0,Urban,0,,,Fine,Null
1741962.2862,5921979.0559,841041,,513621,0,,0,0,,West,2022/2023,RED HILLS ROAD,MORUS ROAD,,Non-Injury Crash,No,2023,,East,,0,,Flat,,,,,,Bright sun,226601,0,0,0,2,,,0,,,,,,Auckland Region,Nil,2-way,Sealed,,0,0,,50,,None,0,0,,76,Auckland,Nil,,,,,0,0,Urban,1,,,Fine,Null
1753280.1033,5934485.3491,841044,,508704,0,0,0,0,0,Null,2025/2026,MEDALLION DRIVE,FERNHILL WAY,,Non-Injury Crash,No,2026,0,South,0,0,0,Hill Road,0,,0,,0,Overcast,179117,0,0,0,2,0,0,0,0,0,,0,0,Auckland Region,Nil,2-way,Sealed,0,0,0,0,30,0,Off,0,0,,76,Auckland,Give way,0,1,0,0,0,0,Urban,1,0,0,Light rain,Null
1752250.5405,5914604.7253,841046,,514500,0,0,0,2,0,South,2022/2023,NEW WINDSOR ROAD,BRYDON PLACE,,Minor Crash,No,2023,0,South,0,0,0,Flat,0,,0,,0,Dark,374700,1,0,0,2,0,0,0,0,1,,0,0,Auckland Region,Nil,2-way,Sealed,0,0,0,0,50,0,On,0,0,,76,Auckland,Nil,0,0,0,0,0,0,Urban,0,0,0,Fine,Null
1768707.2399,5910118.6802,841057,,523112,0,,0,2,,Null,2023/2024,HARRIS ROAD,CROOKS ROAD,,Non-Injury Crash,No,2023,,North,,0,,Flat,,,,,,Overcast,711500,0,0,0,4,,,0,,,,,,Auckland Region,Nil,2-way,Sealed,,0,0,,50,,Off,0,0,,76,Auckland,Give way,,,,,0,0,Urban,0,,,Fine,Null
1758956.0871,5904023.7917,841076,,524200,0,,1,0,,Null,2024/2025,GEORGE BOLT MEMORIAL DRIVE,JOSEPH HAMMOND PLACE,,Non-Injury Crash,No,2024,,North,,0,,Flat,,,,,,Bright sun,727100,0,0,0,3,,,0,,,,,,Auckland Region,Nil,1-way,Sealed,,0,0,,50,,Off,0,0,,76,Auckland,Traffic Signals,,,,,0,0,Urban,1,,,Fine,Null