X,Y,OBJECTID,advisorySpeed,areaUnitID,bicycle,bridge,bus,carStationWagon,cliffBank,crashDirectionDescription,crashFinancialYear,crashLocation1,crashLocation2,crashRoadSideRoad,crashSeverity,crashSHDescription,crashYear,debris,directionRoleDescription,ditch,fatalCount,fence,flatHill,guardRail,holiday,houseOrBuilding,intersection,kerb,light,meshblockId,minorInjuryCount,moped,motorcycle,NumberOfLanes,objectThrownOrDropped,otherObject,otherVehicleType,overBank,parkedVehicle,pedestrian,phoneBoxEtc,postOrPole,region,roadCharacter,roadLane,roadSurface,roadworks,schoolBus,seriousInjuryCount,slipOrFlood,speedLimit,strayAnimal,streetLight,suv,taxi,temporarySpeedLimit,tlaId,tlaName,trafficControl,trafficIsland,trafficSign,train,tree,truck,unknownVehicleType,urban,vanOrUtility,vehicle,waterRiver,weatherA,weatherB
1759205.1963,5915520.2036,841085,,519300,0,0,0,1,0,Null,2023/2024,GREEN LANE WEST,PURIRI DRIVE,,Non-Injury Crash,No,2023,0,East,0,0,0,Flat,1,,0,,0,Dark,623400,0,0,0,4,0,0,0,0,0,,0,0,Auckland Region,Nil,2-way,Sealed,0,0,0,0,50,0,On,0,0,,76,Auckland,Traffic Signals,0,0,0,0,0,0,Urban,0,0,0,Fine,Null
1764812.2447,5911132.9305,841093,,520500,0,,0,2,,North,2022/2023,SOUTHERN MOTORWAY,OTAHUHU CK BR,,Non-Injury Crash,Yes,2023,,North,,0,,Flat,,,,,,Overcast,636300,0,0,0,6,,,0,,,,,,Auckland Region,Nil,2-way,Sealed,,0,0,,100,,Off,0,0,,76,Auckland,Nil,,,,,0,0,Open,0,,,Fine,Null
1770201.8443,5912830.0208,841097,,523105,0,,0,3,,Null,2023/2024,CASCADES ROAD,BERNIE EDWARDS PLACE,,Minor Crash,No,2023,,East,,0,,Flat,,,,,,Bright sun,711139,1,0,0,4,,,0,,,,,,Auckland Region,Nil,2-way,Sealed,,0,0,,50,,Off,0,0,,76,Auckland,Give way,,,,,0,0,Urban,0,,,Fine,Null
1745186.117,5918752.1446,841108,,513302,0,,0,0,,South,2024/2025,LINCOLN ROAD,FAIRDENE AVENUE,,Minor Crash,No,2025,,North,,0,,Flat,,,,,,Bright sun,230802,1,0,0,4,,,0,,,,,,Auckland Region,Nil,2-way,Sealed,,0,0,,50,,Off,1,0,,76,Auckland,Traffic Signals,,,,,1,0,Urban,0,,,Fine,Null
1755191.4721,5928715.7071,841129,,508320,0,,0,2,,Null,2024/2025,OFF ROAD - HILLSIDE STREET BUSINESS DRIVEWAY,,,Minor Crash,No,2024,,North,,0,,Flat,,,,,,Dark,198600,1,0,0,,,,0,,,,,,Auckland Region,Nil,Off road,Sealed,,0,0,,,,None,0,0,,76,Auckland,Nil,,,,,0,0,Urban,0,,,Fine,Null
1776902.2908,5904285.3767,841138,,525201,0,0,0,1,0,South,2022/2023,BROOKBY ROAD,WEST ROAD,,Non-Injury Crash,No,2023,0,South,0,0,1,Hill Road,0,,0,,0,Bright sun,762200,0,0,0,2,0,0,0,0,0,,0,0,Auckland Region,Nil,2-way,Sealed,0,0,0,0,80,0,Off,0,0,,76,Auckland,Nil,0,0,0,1,0,0,Open,0,0,0,Fine,Null
1756460.062,5924603.908,841150,,509702,0,,0,2,,North,2023/2024,NORTHERN MOTORWAY,ONEWA OBR ON,,Minor Crash,Yes,2023,,North,,0,,Flat,,,,,,Bright sun,366700,1,0,0,4,,,0,,,,,,Auckland Region,Nil,1-way,Sealed,,0,0,,100,,Off,0,0,,76,Auckland,Nil,,,,,0,0,Open,0,,,Fine,Null
1773154.5864,5895613.7431,841180,,525410,0,0,0,2,0,North,2024/2025,KING EDWARD AVENUE,ALEXANDER STREET,,Non-Injury Crash,No,2025,0,North,0,0,0,Flat,0,,0,,0,Dark,793502,0,0,0,2,0,0,0,0,1,,0,0,Auckland Region,Nil,2-way,Sealed,0,0,0,0,50,0,Null,0,0,,76,Auckland,Nil,0,0,0,0,0,0,Urban,0,0,0,Fine,Null
1751283.8265,5915257.1226,841181,,514401,0,,0,0,,Null,2023/2024,CRAYFORD STREET WEST,GEDDES TERRACE,,Minor Crash,No,2023,,West,,0,,Hill Road,,,,,,Overcast,382700,2,0,0,2,,,0,,,2,,,Auckland Region,Speed hump,2-way,Sealed,,0,0,,30,,Null,1,0,,76,Auckland,Stop,,,,,0,0,Urban,0,,,Fine,Null
1754314.8522,5918331.9609,841182,,515432,0,,0,1,,East,2022/2023,NORTH-WESTERN MOTORWAY,ST LUKES ROAD OFF RAMP,,Minor Crash,Yes,2023,,West,,0,,Flat,,,,,,Bright sun,406202,1,0,1,3,,,0,,,,,,Auckland Region,Nil,1-way,Sealed,,0,0,,80,,Off,0,0,,76,Auckland,Nil,,,,,0,0,Open,0,,,Fine,Null
1763946.4993,5915050.2042,841188,,520303,0,,0,1,,West,2024/2025,ELLERSLIE-PANMURE HIGHWAY,BARRACK ROAD,,Non-Injury Crash,No,2025,,East,,0,,Flat,,,,,,Dark,626801,0,0,0,4,,,0,,,,,,Auckland Region,Nil,2-way,Sealed,,0,0,,50,,On,1,0,,76,Auckland,Nil,,,,,0,0,Urban,0,,,Fine,Null
1774934.2695,5887482.0214,841189,,521302,0,0,0,1,0,West,2024/2025,RAMARAMA OFF RAMP,MAKETU ROAD,,Non-Injury Crash,No,2024,0,South,0,0,0,Flat,0,Labour Weekend,0,,0,Dark,809104,0,0,0,2,0,0,0,0,0,,0,1,Auckland Region,Motorway ramp,1-way,Sealed,0,0,0,0,100,0,On,0,0,,76,Auckland,Nil,0,0,0,1,0,0,Open,0,0,0,Light rain,Null
1759356.4936,5916567.0214,841200,,516001,0,0,0,0,0,North,2022/2023,SOUTHERN MOTORWAY,OMAHU OBR,,Minor Crash,Yes,2023,0,South,0,0,0,Flat,1,,0,,0,Dark,491700,1,0,0,4,0,0,0,0,0,,0,0,Auckland Region,Nil,1-way,Sealed,0,0,0,0,100,0,On,1,0,,76,Auckland,Nil,0,0,0,0,1,0,Open,0,1,0,Fine,Null
1734709.9312,5989437.4922,841201,,506660,0,,0,2,,West,2024/2025,SH 1,MAENEENE ROAD,,Minor Crash,Yes,2024,,East,,0,,Flat,,Labour Weekend,,,,Bright sun,135700,2,0,0,2,,,0,,,,,,Auckland Region,Nil,2-way,Sealed,,0,0,,100,,None,0,0,,76,Auckland,Nil,,,,,0,0,Open,0,,,Fine,Null
1760008.3552,5906276.2494,841209,,524111,0,,0,2,,Null,2023/2024,THOMAS ROAD,MASSEY ROAD,,Non-Injury Crash,No,2024,,South,,0,,Flat,,,,,,Bright sun,740902,0,0,0,2,,,0,,,,,,Auckland Region,Nil,2-way,Sealed,,0,0,,30,,Off,0,0,,76,Auckland,Give way,,,,,0,0,Urban,0,,,Fine,Null
1762925.8082,5917426.2693,841225,,516302,0,,0,1,,Null,2024/2025,ST JOHNS ROAD,GERARD WAY,,Minor Crash,No,2024,,North,,0,,Flat,,,,,,Twilight,462808,1,0,1,3,,,0,,,,,,Auckland Region,Nil,2-way,Sealed,,0,0,,50,,On,0,0,,76,Auckland,Traffic Signals,,,,,0,0,Urban,0,,,Fine,Null
1766216.4853,5904585.7573,841228,,524603,0,,0,2,,West,2024/2025,CAVENDISH DRIVE,NORMAN SPENCER DRIVE,,Non-Injury Crash,No,2024,,East,,0,,Flat,,,,,,Unknown,780202,0,0,0,4,,,0,,,,,,Auckland Region,Nil,2-way,Sealed,,0,0,,50,,Off,0,0,,76,Auckland,Nil,,,,,0,0,Urban,0,,,Fine,None
1769743.754,5883422.2002,841249,45,521111,0,,0,0,,North,2023/2024,CAPE HILL ROAD,NORTHVALE PLACE,,Minor Crash,No,2024,,South,,0,,Hill Road,,Queens Birthday,,,,Overcast,826700,1,0,1,2,,,0,,,,,,Auckland Region,Nil,2-way,Sealed,,0,0,,60,,None,0,0,,76,Auckland,Nil,,,,,0,0,Urban,0,,,Fine,Null
1769442.9575,5893556.7444,841260,,521202,0,,0,0,,South,2024/2025,LINWOOD ROAD,ROSENEATH ROAD,,Non-Injury Crash,No,2025,,South,,0,,Flat,,Easter,,,,Bright sun,806900,0,0,1,2,,,0,,,,,,Auckland Region,Nil,2-way,Sealed,,0,0,,80,,None,0,0,,76,Auckland,Nil,,,,,0,0,Open,0,,,Fine,Null
1757696.0458,5918273.9258,841273,,518101,0,,0,2,,South,2024/2025,SOUTHERN MOTORWAY,KHYBER PASS ROAD OFF RAMP,,Non-Injury Crash,Yes,2024,,North,,0,,Hill Road,,,,,,Overcast,543000,0,0,0,4,,,0,,,,,,Auckland Region,Nil,1-way,Sealed,,0,0,,80,,Off,0,0,,76,Auckland,Nil,,,,,0,0,Open,0,,,Light rain,None
1748624.6561,5947724.4118,841277,,506201,0,0,0,1,0,South,2023/2024,NORTHERN MOTORWAY,WAINUI OBR,,Non-Injury Crash,Yes,2024,0,North,0,0,0,Flat,1,,0,,0,Dark,176603,0,0,0,2,0,0,0,0,0,,0,0,Auckland Region,Nil,1-way,Sealed,0,0,0,0,100,0,On,0,0,,76,Auckland,Nil,0,0,0,0,0,0,Open,0,0,0,Fine,Null
1765498.0641,5901811.7385,841297,,524604,0,0,0,1,0,South,2023/2024,ROSCOMMON ROAD,BOLDERWOOD PLACE,,Non-Injury Crash,No,2023,0,South,0,0,0,Flat,0,,0,,0,Dark,781302,0,0,0,2,0,0,0,0,1,,0,0,Auckland Region,Nil,1-way,Sealed,0,0,0,0,60,0,On,0,0,,76,Auckland,Nil,0,0,0,0,0,0,Urban,1,0,0,Fine,Null
1765661.1543,5901415.901,841302,,524604,0,,0,2,,Null,2022/2023,ROSCOMMON ROAD,BROWNS ROAD,,Minor Crash,No,2023,,South,,0,,Flat,,,,,,Overcast,781302,1,0,0,4,,,0,,,,,,Auckland Region,Nil,2-way,Sealed,,0,0,,50,,Off,0,0,,76,Auckland,Traffic Signals,,,,,0,0,Urban,0,,,Fine,Null
1745230.3066,5919098.3567,841313,,513302,0,,0,2,,South,2024/2025,LINCOLN ROAD,POMARIA ROAD,,Minor Crash,No,2024,,North,,0,,Flat,,,,,,Bright sun,230701,1,0,0,4,,,0,,,,,,Auckland Region,Nil,2-way,Sealed,,0,0,,50,,None,0,0,,76,Auckland,Nil,,,,,0,0,Urban,0,,,Fine,Null
1763024.4966,5912888.5444,841325,,520500,0,,0,1,,West,2023/2024,SOUTHERN MOTORWAY,SH1 OBR,,Non-Injury Crash,Yes,2023,,West,,0,,Flat,,,,,,Bright sun,637300,0,0,0,3,,,0,,,,,,Auckland Region,Nil,1-way,Sealed,,0,0,,100,,None,0,0,,76,Auckland,Nil,,,,,0,1,Open,0,,,Fine,None
1745148.8566,5917622.3844,841329,,510700,0,,0,2,,North,2023/2024,GREAT NORTH ROAD,WADIER PLACE,,Non-Injury Crash,No,2023,,South,,0,,Hill Road,,,,,,Overcast,239501,0,0,0,4,,,0,,,,,,Auckland Region,Nil,2-way,Sealed,,0,0,,50,,Off,0,0,,76,Auckland,Nil,,,,,0,0,Urban,0,,,Light rain,Null
1768096.6391,5903296.5117,841330,,524602,0,,0,2,,Null,2022/2023,KERRS ROAD,PACIFIC EVENTS CENTRE DRIVE,,Minor Crash,No,2023,,East,,0,,Flat,,,,,,Dark,780410,1,0,0,2,,,0,,,,,,Auckland Region,Nil,2-way,Sealed,,0,0,,60,,On,0,0,30,76,Auckland,Give way,,,,,0,0,Urban,0,,,Light rain,Null
1731497.1463,5908841.9379,841333,,513800,0,0,0,1,0,East,2023/2024,SEAVIEW ROAD,RAYNER ROAD,,Serious Crash,No,2024,0,North,0,0,0,Flat,0,,0,,0,Dark,282015,1,0,0,2,0,0,0,1,0,,0,0,Auckland Region,Nil,2-way,Sealed,0,0,1,0,50,0,On,0,0,,76,Auckland,Nil,0,0,0,1,0,0,Urban,0,0,0,Light rain,Null
1751704.7012,5916680.8295,841348,,514900,0,0,0,2,0,East,2025/2026,WATERVIEW DOWNS,GREAT NORTH ROAD,,Non-Injury Crash,No,2025,0,South,0,0,0,Hill Road,0,,0,,0,Twilight,384704,0,0,0,2,0,0,0,0,1,,0,0,Auckland Region,Nil,2-way,Sealed,0,0,0,0,50,0,On,0,0,30,76,Auckland,Nil,0,0,0,0,0,0,Urban,0,0,0,Fine,Null
1771317.408,5912041.401,841349,,523110,0,0,0,4,0,North,2023/2024,CHAPEL ROAD,KINGSGATE PLACE,,Non-Injury Crash,No,2023,0,North,0,0,0,Hill Road,0,,0,,0,Bright sun,3205002,0,0,0,2,0,0,0,0,2,,0,0,Auckland Region,Nil,2-way,Sealed,0,0,0,0,50,0,Off,0,0,,76,Auckland,Nil,0,0,0,0,0,0,Urban,0,0,0,Fine,Null
1762230.042,5907020.8277,841356,,524302,0,,0,0,,South,2025/2026,MASSEY ROAD,BUCKLAND ROAD,,Non-Injury Crash,No,2025,,West,,0,,Flat,,,,,,Dark,743200,0,0,0,2,,,0,,,,,,Auckland Region,Nil,2-way,Sealed,,0,0,,50,,On,2,0,10,76,Auckland,Nil,,,,,0,0,Urban,0,,,Light rain,Null
1752766.2668,5934852.8291,841361,,508701,0,0,0,1,0,Null,2024/2025,CORNERSTONE DRIVE,OTEHA VALLEY ROAD,,Minor Crash,No,2024,0,North,0,0,0,Flat,0,,0,,0,Bright sun,179000,1,0,0,2,0,0,0,0,0,,0,0,Auckland Region,Nil,2-way,Sealed,0,0,0,0,50,0,Off,0,0,,76,Auckland,Give way,0,0,0,1,0,0,Urban,0,0,0,Fine,Null
1755169.4025,5918282.1973,841365,,515500,0,,0,3,,West,2024/2025,NORTH-WESTERN MOTORWAY,BOND OBR,,Non-Injury Crash,Yes,2024,,East,,0,,Flat,,,,,,Bright sun,418800,0,0,0,4,,,0,,,,,,Auckland Region,Nil,1-way,Sealed,,0,0,,80,,Off,0,0,,76,Auckland,Nil,,,,,0,0,Open,0,,,Fine,Null
1769899.3386,5900131.0657,841373,,523817,0,,0,2,,North,2024/2025,SOUTHERN MOTORWAY,PAPAKURA STM BR,,Non-Injury Crash,Yes,2024,,South,,0,,Flat,,,,,,Overcast,759738,0,0,0,3,,,0,,,,,,Auckland Region,Nil,1-way,Sealed,,0,0,,100,,Off,0,0,,76,Auckland,Nil,,,,,0,0,Open,1,,,Fine,Null
1773462.4527,5891858.6177,841377,,521301,0,,0,1,,Null,2023/2024,WAIHOEHOE ROAD,GREAT SOUTH ROAD,,Minor Crash,No,2024,,East,,0,,Flat,,,,,,Overcast,809300,1,0,1,2,,,0,,,,,,Auckland Region,Nil,2-way,Sealed,,0,0,,50,,Off,0,0,,76,Auckland,Nil,,,,,0,0,Urban,0,,,Fine,Null
1759733.3022,5912961.2091,841385,,520000,0,0,0,2,0,West,2023/2024,MAYS ROAD,ALFRED STREET,,Non-Injury Crash,No,2024,0,East,0,0,0,Flat,0,,0,,0,Bright sun,605700,0,0,0,2,0,0,0,0,1,,0,0,Auckland Region,Nil,2-way,Sealed,0,0,0,0,50,0,Off,1,0,,76,Auckland,Nil,0,0,0,0,0,0,Urban,0,0,0,Fine,Null
1748554.4962,5911279.3967,841396,,511902,0,0,1,0,0,Null,2025/2026,STOTTHOLM ROAD,GODLEY ROAD,,Minor Crash,No,2025,0,East,0,0,0,Hill Road,0,,0,,0,Bright sun,291800,1,0,0,2,0,0,0,0,1,,0,0,Auckland Region,Nil,2-way,Sealed,0,1,0,0,50,0,Off,0,0,,76,Auckland,Stop,0,0,0,0,0,0,Urban,1,0,0,Fine,Null
1766210.1833,5905159.4751,841412,,522400,0,0,0,1,0,East,2024/2025,PUHINUI ROAD,NORMAN SPENCER DRIVE,,Non-Injury Crash,No,2024,0,South,0,0,0,Flat,0,,0,,0,Bright sun,672105,0,0,0,2,0,0,0,0,1,,0,0,Auckland Region,Nil,2-way,Sealed,0,0,0,0,50,0,Null,0,0,,76,Auckland,Nil,0,0,0,0,0,0,Urban,1,0,0,Fine,Null
1756851.5708,5920380.6093,841417,,514102,0,,0,2,,Null,2023/2024,NELSON STREET,WELLESLEY STREET WEST,,Non-Injury Crash,No,2024,,North,,0,,Flat,,,,,,Dark,434101,0,0,0,5,,,0,,,,,,Auckland Region,Nil,1-way,Sealed,,0,0,,40,,On,0,1,,76,Auckland,Traffic Signals,,,,,0,0,Urban,0,,,Fine,Null
1769447.1705,5881209.2822,841436,25,525922,0,,0,0,,Null,2025/2026,EAST STREET,STATION ROAD,,Serious Crash,No,2026,,East,,0,,Flat,,,,,,Overcast,817200,0,0,0,2,,,0,,,1,,,Auckland Region,Nil,2-way,Sealed,,0,1,,50,,None,0,0,30,76,Auckland,Give way,,,,,0,1,Urban,0,,,Fine,Null
1764294.4503,5914144.8881,841442,,520602,0,0,0,1,0,North,2022/2023,IRELAND ROAD,TIDE CLOSE,,Non-Injury Crash,No,2023,0,North,0,0,1,Flat,0,,0,,1,Overcast,629100,0,0,0,2,0,0,0,0,0,,0,0,Auckland Region,Nil,2-way,Sealed,0,0,0,0,50,0,Off,0,0,,76,Auckland,Nil,0,0,0,0,0,0,Urban,0,0,0,Fine,Null
1756020.6439,5917312.5753,841451,,518201,0,,0,2,,Null,2024/2025,DOMINION ROAD,BELLWOOD AVENUE,,Non-Injury Crash,No,2024,,South,,0,,Flat,,,,,,Dark,547800,0,0,0,2,,,0,,,,,,Auckland Region,Nil,2-way,Sealed,,0,0,,50,,On,0,1,,76,Auckland,Stop,,,,,0,0,Urban,0,,,Fine,Null
1749613.9574,5918030.4444,841455,,514801,0,,0,1,,West,2023/2024,NORTH-WESTERN MOTORWAY,ROSEBANK ROAD OFF RAMP,,Non-Injury Crash,Yes,2024,,West,,0,,Flat,,,,,,Dark,390401,0,0,0,4,,,0,,,,,,Auckland Region,Nil,1-way,Sealed,,0,0,,100,,On,0,0,,76,Auckland,Nil,,,,,0,0,Open,0,,,Fine,Null
1764071.3762,5910868.0865,841458,35,520500,0,0,0,1,0,West,2025/2026,MOUNT WELLINGTON HIGHWAY,MEADOW STREET,,Non-Injury Crash,No,2026,0,North,0,0,1,Flat,0,,0,,0,Dark,638100,0,0,0,2,0,0,0,0,0,,0,0,Auckland Region,Nil,2-way,Sealed,0,0,0,0,50,0,On,0,0,,76,Auckland,Nil,0,0,0,0,0,0,Urban,0,0,0,Fine,Null
1753009.7819,5918356.1419,841467,,515002,0,,0,2,,Null,2023/2024,GREAT NORTH ROAD,PREMIER AVENUE,,Non-Injury Crash,No,2023,,East,,0,,Flat,,,,,,Bright sun,397300,0,0,0,4,,,0,,,,,,Auckland Region,Nil,2-way,Sealed,,0,0,,50,,Off,0,0,,76,Auckland,Stop,,,,,0,0,Urban,0,,,Fine,Null
1759644.5573,5907944.2268,841468,,524122,0,,0,2,,Null,2023/2024,BADER DRIVE,ELMDON STREET,,Non-Injury Crash,No,2023,,North,,0,,Flat,,,,,,Overcast,737802,0,0,0,2,,,0,,,,,,Auckland Region,Nil,2-way,Sealed,,0,0,,50,,Off,0,0,,76,Auckland,Give way,,,,,0,0,Urban,0,,,Fine,Null
1770633.235,5906837.997,841475,45,523713,0,0,0,1,0,North,2024/2025,COLLIER DRIVE,ROSEWELL CRESCENT,,Non-Injury Crash,No,2024,0,North,0,0,0,Flat,0,,0,,0,Overcast,713100,0,0,0,2,0,0,0,0,1,,0,0,Auckland Region,Nil,2-way,Sealed,0,0,0,0,50,0,Off,1,0,,76,Auckland,Nil,0,0,0,0,0,0,Urban,0,0,0,Light rain,None
1755869.61,5928305.4261,841482,,507900,0,,0,2,,North,2024/2025,NORTHERN MOTORWAY,WAIRAU OBR,,Non-Injury Crash,Yes,2025,,South,,0,,Hill Road,,,,,,Overcast,307000,0,0,0,3,,,0,,,,,,Auckland Region,Nil,1-way,Sealed,,0,0,,100,,Off,0,0,,76,Auckland,Nil,,,,,0,0,Open,1,,,Light rain,Null
1775767.2241,5893560.9101,841494,,521301,0,0,0,1,0,East,2022/2023,PONGA ROAD,JACK PATERSON ROAD,,Minor Crash,No,2023,0,East,0,0,0,Flat,0,,0,,0,Dark,808403,1,0,0,2,0,0,0,0,0,,0,1,Auckland Region,Nil,2-way,Sealed,0,0,0,0,60,0,None,0,0,,76,Auckland,Nil,0,1,0,0,0,0,Urban,0,0,0,Light rain,Null
1769583.6571,5906753.3943,841503,,523713,0,,0,0,,North,2023/2024,CHAPEL ROAD,MICHAEL JONES DRIVE,,Non-Injury Crash,No,2023,,South,,0,,Flat,,,,,,Bright sun,713100,0,0,0,2,,,0,,,,,,Auckland Region,Nil,2-way,Sealed,,0,0,,50,,Off,0,0,,76,Auckland,Nil,,,,,0,0,Urban,3,,,Fine,Null
1752568.6416,5935706.13,841504,,508703,0,0,0,0,0,South,2022/2023,NORTHERN MOTORWAY,LONELY TRACK OBR,,Non-Injury Crash,Yes,2023,0,South,0,0,0,Flat,1,,0,,0,Overcast,178503,0,0,0,3,0,0,0,0,0,,0,0,Auckland Region,Nil,1-way,Sealed,0,0,0,0,100,0,Off,0,0,,76,Auckland,Nil,0,0,0,0,0,0,Open,1,0,0,Heavy rain,Strong wind
1772788.9745,5896501.812,841506,,525420,0,0,0,1,0,North,2025/2026,O'SHANNESSEY STREET,BROADWAY,,Non-Injury Crash,No,2025,0,North,0,0,0,Flat,0,,0,,0,Bright sun,792800,0,0,0,2,0,0,0,0,1,,0,0,Auckland Region,Nil,2-way,Sealed,0,0,0,0,50,0,Off,1,0,,76,Auckland,Nil,0,0,0,0,0,0,Urban,0,0,0,Fine,Null
1758100.5547,5920064.1999,841508,,514103,0,,0,2,,Null,2022/2023,ALTEN ROAD,CHURCHILL STREET,,Minor Crash,No,2023,,North,,0,,Flat,,,,,,Bright sun,437400,1,0,0,3,,,0,,,,,,Auckland Region,Nil,2-way,Sealed,,0,0,,50,,Off,0,0,,76,Auckland,Nil,,,,,0,0,Urban,0,,,Fine,Null
1758184.39,5926816.6199,841511,,508010,0,0,0,1,0,West,2024/2025,BRACKEN AVENUE,LAKE ROAD,,Minor Crash,No,2024,0,West,0,0,0,Flat,0,,1,,0,Dark,325100,1,0,0,2,0,0,0,0,0,,0,0,Auckland Region,Nil,2-way,Sealed,0,0,0,0,50,0,On,0,0,,76,Auckland,Nil,0,0,0,0,0,0,Urban,0,0,0,Light rain,Null
1753973.4827,5914127.0228,841521,,518802,0,0,0,1,0,North,2024/2025,SH 20,MAIORO STREET ON RAMP,,Non-Injury Crash,Yes,2024,0,South,0,0,0,Flat,1,,0,,0,Dark,579000,0,0,0,3,0,0,0,0,0,,0,0,Auckland Region,Nil,1-way,Sealed,0,0,0,0,100,0,On,0,0,,76,Auckland,Nil,0,0,0,0,0,0,Open,0,0,0,Fine,Null
1766196.2507,5907063.1253,841528,,522301,1,,0,0,,Null,2025/2026,HOTEO AVENUE,HUIA ROAD,,Minor Crash,No,2025,,East,,0,,Flat,,,,,,Overcast,667200,1,0,0,2,,,0,,,,,,Auckland Region,Nil,2-way,Sealed,,0,0,,50,,Off,0,0,40,76,Auckland,Give way,,,,,0,0,Urban,0,,,Fine,Null
1758985.9725,5912636.2582,841533,,519820,1,,0,1,,South,2024/2025,ONEHUNGA MALL,GREY STREET,,Minor Crash,No,2025,,South,,0,,Hill Road,,Easter,,,,Dark,600500,1,0,0,2,,,0,,,,,,Auckland Region,Nil,2-way,Sealed,,0,0,,50,,On,0,0,,76,Auckland,Nil,,,,,0,0,Urban,0,,,Light rain,Null
1752650.365,5918067.9294,841542,,515003,0,,0,2,,West,2022/2023,NORTH-WESTERN MOTORWAY,GREAT NORTH ROAD OFF RAMP,,Non-Injury Crash,Yes,2023,,West,,0,,Hill Road,,,,,,Bright sun,390600,0,0,0,4,,,0,,,,,,Auckland Region,Nil,1-way,Sealed,,0,0,,100,,Off,0,0,,76,Auckland,Nil,,,,,1,0,Open,0,,,Fine,Null
1746547.4177,5916077.4903,841545,,511800,0,0,0,1,0,South,2023/2024,GREAT NORTH ROAD,KIRBY STREET,,Non-Injury Crash,No,2024,0,South,0,0,1,Hill Road,0,,0,,0,Dark,276102,0,0,0,4,0,0,0,0,0,,1,0,Auckland Region,Nil,2-way,Sealed,0,0,0,0,50,0,On,0,0,,76,Auckland,Nil,0,0,0,0,0,0,Urban,0,0,0,Fine,Null
1755482.728,5880979.8258,841549,,521152,0,,0,1,,North,2022/2023,GLENBROOK-WAIUKU ROAD,BANCROFT,,Non-Injury Crash,No,2023,,North,,0,,Hill Road,,Easter,,,,Dark,834200,0,0,0,2,,,0,,,,,,Auckland Region,Nil,2-way,Sealed,,0,0,,60,,None,0,0,,76,Auckland,Nil,,,,,0,0,Urban,0,,,Light rain,Null
1749510.8328,5927970.3485,841550,,509100,0,0,0,0,0,South,2023/2024,TAUHINU ROAD OFF RAMP,TAUHINU ROAD,,Fatal Crash,No,2023,0,North,0,1,0,Hill Road,0,,0,,0,Overcast,181703,0,0,2,2,0,0,0,0,0,,0,1,Auckland Region,Motorway ramp,1-way,Sealed,0,0,0,0,50,0,Off,0,0,,76,Auckland,Nil,0,0,0,0,0,0,Urban,0,0,0,Fine,Frost
1763957.4399,5912267.2187,841561,,520500,0,,0,2,,Null,2023/2024,MOUNT WELLINGTON HIGHWAY,SYLVIA PARK ROAD,,Minor Crash,No,2024,,South,,0,,Hill Road,,,,,,Bright sun,639500,1,0,0,7,,,0,,,,,,Auckland Region,Nil,2-way,Sealed,,0,0,,50,,Off,0,0,20,76,Auckland,Traffic Signals,,,,,0,0,Urban,0,,,Fine,Strong wind
1764039.6005,5916043.1249,841573,,517202,0,0,0,3,0,Null,2023/2024,GUYON STREET,SAMUEL PLACE,,Non-Injury Crash,No,2024,0,North,0,0,1,Flat,0,,0,,0,Overcast,465306,0,0,0,2,0,0,0,0,2,,0,0,Auckland Region,Nil,2-way,Sealed,0,0,0,0,50,0,Off,0,0,,76,Auckland,Nil,0,1,0,0,0,0,Urban,0,0,0,Fine,Null
1755307.565,5914770.1918,841577,,518500,0,,0,1,,North,2024/2025,DOMINION ROAD,DONALD CRESCENT,,Minor Crash,No,2024,,South,,0,,Flat,,,,,,Overcast,560200,1,0,0,2,,,0,,,1,,,Auckland Region,Nil,2-way,Sealed,,0,0,,50,,Off,0,0,,76,Auckland,Nil,,,,,0,0,Urban,0,,,Fine,Null
1823965.2252,5978553.0715,841581,,521000,0,0,0,1,0,North,2024/2025,SHOAL BAY ROAD,ROSALIE BAY ROAD,,Minor Crash,No,2025,0,East,1,0,0,Flat,0,,0,,0,Dark,439307,1,0,0,2,0,0,0,0,0,,0,0,Auckland Region,Nil,2-way,Sealed,0,0,0,0,40,0,None,0,0,,76,Auckland,Nil,0,0,0,0,0,0,Urban,0,0,0,Fine,Null
1744241.4425,5923480.8527,841584,45,513521,0,0,0,2,0,North,2025/2026,HOLMES DRIVE,CECIL BEATT PLACE,,Non-Injury Crash,No,2025,0,North,0,0,0,Hill Road,0,,0,,0,Bright sun,224232,0,0,0,2,0,0,0,0,1,,0,0,Auckland Region,Nil,2-way,Sealed,0,0,0,0,50,0,Off,0,0,,76,Auckland,Nil,0,0,0,0,0,0,Urban,0,0,0,Fine,Null
1772360.8676,5912449.0244,841592,,523102,0,,0,2,,Null,2025/2026,CLYDESDALE AVENUE,SOMERVILLE ROAD,,Non-Injury Crash,No,2025,,East,,0,,Null,,,,,,Bright sun,711010,0,0,0,2,,,0,,,,,,Auckland Region,Nil,2-way,Sealed,,0,0,,50,,Null,0,0,,76,Auckland,Give way,,,,,0,0,Urban,0,,,Fine,Null
1757377.3544,5915737.4386,841596,,515801,0,0,0,2,0,Null,2023/2024,GREEN LANE WEST,ST ANDREWS ROAD,,Serious Crash,No,2023,0,West,0,0,0,Flat,0,,0,,0,Bright sun,446902,1,0,0,6,0,0,0,0,0,,0,0,Auckland Region,Nil,2-way,Sealed,0,0,1,0,50,0,Off,0,0,,76,Auckland,Traffic Signals,0,1,0,0,0,0,Urban,1,0,0,Fine,Null