X,Y,OBJECTID,advisorySpeed,areaUnitID,bicycle,bridge,bus,carStationWagon,cliffBank,crashDirectionDescription,crashFinancialYear,crashLocation1,crashLocation2,crashRoadSideRoad,crashSeverity,crashSHDescription,crashYear,debris,directionRoleDescription,ditch,fatalCount,fence,flatHill,guardRail,holiday,houseOrBuilding,intersection,kerb,light,meshblockId,minorInjuryCount,moped,motorcycle,NumberOfLanes,objectThrownOrDropped,otherObject,otherVehicleType,overBank,parkedVehicle,pedestrian,phoneBoxEtc,postOrPole,region,roadCharacter,roadLane,roadSurface,roadworks,schoolBus,seriousInjuryCount,slipOrFlood,speedLimit,strayAnimal,streetLight,suv,taxi,temporarySpeedLimit,tlaId,tlaName,trafficControl,trafficIsland,trafficSign,train,tree,truck,unknownVehicleType,urban,vanOrUtility,vehicle,waterRiver,weatherA,weatherB
1756757.1568,5918854.1212,841598,,514200,0,,0,1,,Null,2023/2024,NEWTON ROAD,UPPER QUEEN STREET,,Serious Crash,No,2023,,West,,0,,Flat,,,,,,Bright sun,412700,0,1,0,5,,,0,,,,,,Auckland Region,Nil,2-way,Sealed,,0,1,,50,,Off,0,0,,76,Auckland,Traffic Signals,,,,,0,0,Urban,0,,,Fine,Null
1747183.2018,5919729.1279,841605,,512300,0,0,0,1,0,West,2024/2025,TE ATATU ROAD ON RAMP,NORTH-WESTERN MOTORWAY,,Minor Crash,No,2024,0,East,0,0,0,Flat,1,,0,,0,Overcast,251700,1,0,0,2,0,0,0,0,0,,0,0,Auckland Region,Motorway ramp,1-way,Sealed,0,0,0,0,100,0,Off,0,0,,76,Auckland,Nil,0,0,0,0,0,0,Open,0,0,0,Light rain,Null
1753946.2501,5913400.1896,841610,,518901,0,,0,2,,Null,2022/2023,RICHARDSON ROAD,MCGOWAN STREET,,Non-Injury Crash,No,2023,,North,,0,,Flat,,,,,,Overcast,585101,0,0,0,4,,,0,,,,,,Auckland Region,Nil,2-way,Sealed,,0,0,,50,,Off,1,0,,76,Auckland,Stop,,,,,0,0,Urban,0,,,Fine,Null
1759358.758,5916561.7583,841612,,516001,0,,0,2,,South,2022/2023,SOUTHERN MOTORWAY,MARKET ROAD OFF RAMP,,Non-Injury Crash,Yes,2023,,South,,0,,Hill Road,,,,,,Bright sun,491700,0,0,0,3,,,0,,,,,,Auckland Region,Nil,1-way,Sealed,,0,0,,80,,Off,0,0,,76,Auckland,Nil,,,,,0,0,Open,0,,,Fine,Null
1749728.7859,5945410.802,841618,,506001,0,,0,1,,Null,2023/2024,FORGE ROAD,DAVID MCCATHIE PLACE,,Minor Crash,No,2023,,East,,0,,Hill Road,,,,,,Overcast,175701,1,0,0,2,,,0,,,,,,Auckland Region,Nil,2-way,Sealed,,0,0,,50,,Off,0,0,,76,Auckland,Nil,,,,,0,0,Urban,1,,,Fine,Null
1774435.0156,5888458.4967,841621,,521302,0,,0,1,,North,2023/2024,SOUTHERN MOTORWAY,RAMARAMA ON RAMP,,Non-Injury Crash,Yes,2023,,North,,0,,Flat,,,,,,Overcast,809101,0,0,0,2,,,0,,,,,,Auckland Region,Nil,1-way,Sealed,,0,0,,100,,Off,0,0,,76,Auckland,Nil,,,,,0,0,Open,2,,,Fine,Strong wind
1758850.7967,5908564.3952,841626,,524002,0,0,0,2,0,West,2023/2024,MILLER ROAD,MOUNTAIN ROAD,,Serious Crash,No,2023,0,East,0,0,0,Hill Road,0,,0,,0,Dark,725400,0,0,0,2,0,0,0,0,2,,0,0,Auckland Region,Nil,2-way,Sealed,0,0,1,0,50,0,On,0,0,,76,Auckland,Nil,0,0,0,0,0,0,Urban,1,0,0,Fine,Null
1771030.3638,5911999.9985,841652,,523106,0,0,0,1,0,Null,2023/2024,TARNICA ROAD,KILIMANJARO DRIVE,,Non-Injury Crash,No,2023,0,North,0,0,1,Flat,0,,0,,0,Overcast,711131,0,0,0,2,0,0,0,0,0,,1,0,Auckland Region,Nil,2-way,Sealed,0,0,0,0,50,0,Off,0,0,,76,Auckland,Nil,0,0,0,0,0,0,Urban,0,0,0,Light rain,Null
1743636.1078,5917898.2813,841664,,513220,1,0,0,1,0,North,2024/2025,SUMMERLAND DRIVE,HARVEST DRIVE,,Serious Crash,No,2024,0,North,0,0,0,Flat,0,,0,,0,Dark,236614,0,0,0,2,0,0,0,0,1,,0,0,Auckland Region,Nil,2-way,Sealed,0,0,1,0,50,0,On,0,0,,76,Auckland,Nil,0,0,0,0,0,0,Urban,0,0,0,Fine,Null
1747932.5145,5916379.719,841672,,511601,0,0,0,0,0,Null,2023/2024,HEPBURN ROAD,AKATEA ROAD,,Non-Injury Crash,No,2024,0,South,0,0,1,Flat,0,,0,,0,Dark,273400,0,0,0,2,0,0,0,0,0,,0,0,Auckland Region,Nil,2-way,Sealed,0,0,0,0,50,0,On,1,0,,76,Auckland,Stop,0,0,0,0,0,0,Urban,0,0,0,Fine,Null
1761336.4594,5906216.2115,841681,,524200,0,,0,2,,Null,2022/2023,MASSEY ROAD,FRIESIAN DRIVE,,Minor Crash,No,2023,,South,,0,,Flat,,,,,,Bright sun,728801,1,0,0,2,,,0,,,,,,Auckland Region,Nil,2-way,Sealed,,0,0,,50,,Off,0,0,,76,Auckland,Stop,,,,,0,0,Urban,0,,,Fine,Null
1764860.2202,5903367.7404,841695,,524604,0,,0,0,,North,2024/2025,ROSCOMMON ROAD,PUAKI DRIVE,,Non-Injury Crash,No,2025,,South,,0,,Flat,,,,,,Overcast,781302,0,0,0,2,,,0,,,,,,Auckland Region,Nil,2-way,Sealed,,0,0,,50,,Off,1,0,,76,Auckland,Nil,,,,,1,0,Urban,0,,,Fine,None
1766268.1596,5905368.1013,841703,,522400,0,,0,2,,Null,2024/2025,CARRUTH ROAD,ALLENBY ROAD,,Non-Injury Crash,No,2025,,North,,0,,Flat,,,,,,Dark,672103,0,0,0,2,,,0,,,,,,Auckland Region,Nil,2-way,Sealed,,0,0,,50,,Null,0,0,,76,Auckland,Stop,,,,,0,0,Urban,0,,,Fine,Null
1745087.2568,5923488.9067,841712,,513521,0,0,0,1,0,North,2023/2024,BROUGHAM PLACE,WEST HARBOUR DRIVE,,Non-Injury Crash,No,2023,0,North,0,0,1,Hill Road,0,,0,,0,Overcast,224215,0,0,0,2,0,0,0,0,1,,0,0,Auckland Region,Nil,2-way,Sealed,0,0,0,0,50,0,Off,1,0,,76,Auckland,Nil,0,0,0,0,0,0,Urban,0,0,0,Fine,Null
1769650.959,5916919.1617,841736,25,522604,0,0,0,1,0,North,2024/2025,TAKUTAI AVENUE,SEA SPRAY DRIVE,,Non-Injury Crash,No,2024,0,North,0,0,1,Flat,0,,0,,0,Dark,677000,0,0,0,2,0,0,0,0,0,,1,0,Auckland Region,Nil,2-way,Sealed,0,0,0,0,50,0,On,0,0,,76,Auckland,Nil,0,0,0,1,0,0,Urban,0,0,0,Fine,Null
1763762.5985,5913222.8492,841749,,520402,0,0,0,2,0,North,2022/2023,MOUNT WELLINGTON HIGHWAY,LONGFORD STREET,,Serious Crash,No,2023,0,South,0,0,1,Flat,0,,0,,0,Bright sun,641501,0,0,1,5,0,0,0,0,0,,0,0,Auckland Region,Nil,2-way,Sealed,0,0,1,0,50,0,Off,0,0,,76,Auckland,Nil,0,1,0,0,0,0,Urban,0,0,0,Fine,Null
1771272.1157,5895943.6981,841756,,525540,0,0,0,1,0,Null,2022/2023,SOUTHERN MOTORWAY,PAPAKURA OFF RAMP,,Non-Injury Crash,Yes,2023,0,South,0,0,0,Flat,1,,0,,0,Overcast,806208,0,0,0,3,0,0,0,0,0,,0,0,Auckland Region,Motorway ramp,1-way,Sealed,0,0,0,0,100,0,Off,0,0,,76,Auckland,Nil,0,0,0,0,0,0,Open,0,0,0,Fine,Null
1758005.5412,5920610.6981,841757,,514103,1,,0,0,,Null,2023/2024,ANZAC AVENUE,SHORT STREET,,Serious Crash,No,2023,,North,,0,,Hill Road,,,,,,Overcast,438411,0,0,0,4,,,0,,,,,,Auckland Region,Nil,2-way,Sealed,,0,1,,30,,Off,0,0,,76,Auckland,Give way,,,,,1,0,Urban,0,,,Fine,Null
1772231.295,5911703.5547,841760,35,523114,0,,0,0,,South,2023/2024,WHITFORD ROAD,POINT VIEW DRIVE,,Non-Injury Crash,No,2023,,North,,0,,Hill Road,,,,,,Bright sun,718004,0,0,0,2,,,0,,,,,,Auckland Region,Bridge,2-way,Sealed,,0,0,,60,,Off,0,0,,76,Auckland,Nil,,,,,0,0,Urban,1,,,Fine,Null
1757023.3792,5916892.4519,841769,,518202,1,,0,1,,South,2022/2023,MOUNT EDEN ROAD,OAKLANDS ROAD,,Minor Crash,No,2023,,South,,0,,Hill Road,,,,,,Overcast,550000,1,0,0,3,,,0,,,,,,Auckland Region,Nil,2-way,Sealed,,0,0,,50,,Off,0,0,,76,Auckland,Nil,,,,,0,0,Urban,0,,,Fine,Null
1770245.6396,5907196.061,841771,,523713,0,,0,0,,Null,2022/2023,ORMISTON ROAD,BONNETTE ROAD,,Minor Crash,No,2023,,East,,0,,Flat,,,,,,Bright sun,712401,2,0,0,2,,,0,,,1,,,Auckland Region,Nil,2-way,Sealed,,0,0,,50,,None,1,0,,76,Auckland,Traffic Signals,,,,,0,0,Urban,0,,,Fine,Null
1755472.3157,5912677.5223,841777,,518701,0,,0,1,,Null,2022/2023,ARUNDEL STREET,ROGAN STREET,,Minor Crash,No,2023,,East,,0,,Flat,,,,,,Overcast,574300,2,0,0,2,,,0,,,,,,Auckland Region,Nil,2-way,Sealed,,0,0,,50,,Off,0,0,,76,Auckland,Give way,,,,,1,0,Urban,0,,,Fine,Null
1759884.7631,5915021.9377,841780,,519400,0,0,0,1,0,North,2024/2025,WHETURANGI ROAD,WAITAPU ROAD,,Minor Crash,No,2024,0,South,0,0,0,Hill Road,0,,0,,0,Bright sun,616800,1,0,0,2,0,0,0,0,0,,0,0,Auckland Region,Nil,2-way,Sealed,0,0,0,0,50,0,Off,0,0,,76,Auckland,Nil,0,0,0,1,0,0,Urban,0,0,0,Fine,Null
1748377.2353,5913963.7769,841799,,511700,0,,0,3,,Null,2025/2026,GREAT NORTH ROAD,AOTEA ROAD,,Non-Injury Crash,No,2026,,West,,0,,Flat,,,,,,Bright sun,270202,0,0,0,2,,,0,,,,,,Auckland Region,Nil,2-way,Sealed,,0,0,,50,,None,0,0,,76,Auckland,Stop,,,,,0,0,Urban,0,,,Fine,Null
1757488.5899,5926549.2402,841800,,507900,0,,0,1,,South,2022/2023,BARRYS POINT ROAD,DES SWANN DRIVE,,Minor Crash,No,2023,,West,,0,,Hill Road,,,,,,Bright sun,304200,1,0,0,2,,,0,,,1,,,Auckland Region,Nil,2-way,Sealed,,0,0,,50,,Off,0,0,,76,Auckland,Nil,,,,,0,0,Urban,0,,,Fine,Null
1765623.2699,5906879.4087,841812,,522202,0,,0,3,,Null,2022/2023,GREAT SOUTH ROAD,KOLMAR ROAD,,Non-Injury Crash,No,2023,,North,,0,,Flat,,,,,,Overcast,663500,0,0,0,4,,,0,,,,,,Auckland Region,Nil,2-way,Sealed,,0,0,,50,,On,0,0,,76,Auckland,Traffic Signals,,,,,0,0,Urban,0,,,Fine,None
1770691.3964,5877780.2133,841817,65,525922,0,,0,2,,South,2022/2023,BUCKLAND ROAD,GEORGE CRESCENT,,Minor Crash,No,2023,,North,,0,,Flat,,,,,,Bright sun,824302,1,0,0,2,,,0,,,,,,Auckland Region,Nil,2-way,Sealed,,0,0,,80,,Off,0,0,,76,Auckland,Nil,,,,,0,0,Open,0,,,Fine,Null
1759313.0369,5903912.1415,841823,,524200,0,0,0,1,0,East,2025/2026,JOHN GOULTER DRIVE,ANSETT PLACE,,Non-Injury Crash,No,2025,0,South,0,0,0,Flat,0,,0,,1,Dark,727200,0,0,0,2,0,0,0,0,0,,0,0,Auckland Region,Nil,2-way,Sealed,0,0,0,0,50,0,On,0,0,,76,Auckland,Nil,0,0,0,0,0,0,Urban,0,0,0,Fine,Null
1744025.8724,5919610.5868,841831,,513302,0,,0,1,,West,2024/2025,UNIVERSAL DRIVE,ZODIAC STREET,,Non-Injury Crash,No,2025,,West,,0,,Flat,,,,,,Dark,234000,0,0,0,1,,,0,,,,,,Auckland Region,Nil,1-way,Sealed,,0,0,,50,,On,0,0,,76,Auckland,Nil,,,,,0,0,Urban,1,,,Fine,Null
1766381.7025,5919691.671,841840,,516800,0,,0,0,,Null,2024/2025,MASKELL STREET,VALE ROAD,,Minor Crash,No,2024,,South,,0,,Flat,,,,,,Bright sun,512400,1,0,0,2,,,0,,,,,,Auckland Region,Nil,2-way,Sealed,,0,0,,50,,Off,1,0,,76,Auckland,Stop,,,,,0,0,Urban,1,,,Fine,Null
1768500.3503,5900666.4412,841847,,525002,0,,0,0,,Null,2024/2025,WEYMOUTH ROAD,CHURCHILL AVENUE,,Non-Injury Crash,No,2025,,West,,0,,Flat,,,,,,Bright sun,752900,0,0,0,2,,,0,,,,,,Auckland Region,Nil,2-way,Sealed,,0,0,,50,,Off,1,0,,76,Auckland,Give way,,,,,0,0,Urban,1,,,Fine,Null
1768084.2681,5900486.9722,841849,,525101,0,,0,2,,Null,2022/2023,COXHEAD ROAD,WEYMOUTH ROAD,,Non-Injury Crash,No,2023,,North,,0,,Flat,,,,,,Bright sun,771200,0,0,0,2,,,0,,,,,,Auckland Region,Nil,2-way,Sealed,,0,0,,50,,Off,0,0,,76,Auckland,Give way,,,,,0,0,Urban,0,,,Fine,Null
1744630.2725,5893288.9876,841852,,521151,0,0,0,1,0,North,2024/2025,AWHITU ROAD,BROOK ROAD,,Minor Crash,No,2024,0,North,0,0,1,Hill Road,0,,0,,0,Overcast,829500,3,0,0,2,0,0,0,0,0,,0,0,Auckland Region,Nil,2-way,Sealed,0,0,0,0,100,0,None,0,0,,76,Auckland,Nil,0,1,0,0,0,0,Open,0,0,0,Fine,Strong wind
1756142.8643,5923943.1046,841856,,509800,0,,0,1,,South,2023/2024,NORTHERN MOTORWAY,WEIGH BRIDGE,,Non-Injury Crash,Yes,2023,,South,,0,,Flat,,,,,,Bright sun,361200,0,0,0,4,,,0,,,,,,Auckland Region,Nil,1-way,Sealed,,0,0,,80,,Off,0,0,,76,Auckland,Nil,,,,,0,0,Open,0,,,Fine,Null
1749379.1793,5945781.1766,841864,,505806,0,,0,1,,West,2024/2025,HIBISCUS COAST HIGHWAY,BRIAN SMITH DRIVE,,Serious Crash,No,2024,,East,,0,,Flat,,,,,,Bright sun,176602,0,0,1,2,,,0,,,,,,Auckland Region,Nil,1-way,Sealed,,0,1,,60,,Off,0,0,,76,Auckland,Nil,,,,,0,0,Urban,0,,,Fine,Null
1767118.0817,5899053.2522,841871,,524812,0,0,0,1,0,East,2025/2026,MAHIA ROAD,MONTEGO PLACE,,Non-Injury Crash,No,2025,0,West,0,0,0,Flat,0,,0,,0,Dark,774104,0,0,0,2,0,0,0,0,0,,0,1,Auckland Region,Nil,2-way,Sealed,0,0,0,0,50,0,On,0,0,,76,Auckland,Nil,0,0,0,0,0,0,Urban,0,0,0,Fine,Null
1759499.0077,5916405.2745,841875,,516002,0,0,0,1,0,South,2022/2023,SOUTHERN MOTORWAY,OMAHU OBR,,Minor Crash,Yes,2023,0,South,0,0,0,Flat,1,,0,,0,Overcast,492000,1,0,0,3,0,0,0,0,0,,0,0,Auckland Region,Nil,1-way,Sealed,0,0,0,0,100,0,Off,0,0,,76,Auckland,Nil,0,0,0,0,0,0,Open,0,0,0,Light rain,Null
1756721.2892,5920770.4126,841876,,514101,0,,0,2,,West,2023/2024,FANSHAWE STREET,BOUZAID WAY,,Minor Crash,No,2024,,East,,0,,Flat,,,,,,Overcast,440114,2,0,0,7,,,0,,,,,,Auckland Region,Nil,2-way,Sealed,,0,0,,40,,Off,0,0,,76,Auckland,Nil,,,,,0,0,Urban,0,,,Fine,Null
1753558.3005,5914454.8472,841887,,518801,0,,0,2,,Null,2023/2024,MAIORO STREET,MAIORO STREET OFF RAMP,,Non-Injury Crash,No,2023,,North,,0,,Flat,,,,,,Dark,578500,0,0,0,2,,,0,,,,,,Auckland Region,Motorway ramp,1-way,Sealed,,0,0,,50,,On,0,0,,76,Auckland,Traffic Signals,,,,,0,0,Urban,0,,,Fine,Null
1759899.2024,5924301.6329,841891,,509300,0,,1,0,,Null,2024/2025,LAKE ROAD,KAWERAU AVENUE,,Minor Crash,No,2024,,North,,0,,Hill Road,,,,,,Overcast,340300,1,0,0,2,,,0,,,,,,Auckland Region,Nil,2-way,Sealed,,0,0,,50,,Off,0,0,30,76,Auckland,Stop,,,,,0,0,Urban,1,,,Light rain,Null
1764815.2197,5903796.8222,841894,,524604,0,,0,1,,Null,2023/2024,CAVENDISH DRIVE,CAVENDISH DRIVE ON RAMP,,Non-Injury Crash,No,2024,,North,,0,,Flat,,Easter,,,,Dark,781301,0,0,0,3,,,0,,,,,,Auckland Region,Underpass,1-way,Sealed,,0,0,,60,,On,1,0,,76,Auckland,Traffic Signals,,,,,0,0,Urban,0,,,Fine,Null
1771499.8891,5895171.3118,841910,,525530,0,,0,0,,South,2023/2024,SOUTHERN MOTORWAY,BEACH OBR,,Non-Injury Crash,Yes,2023,,South,,0,,Flat,,Christmas New Year,,,,Bright sun,804901,0,0,0,2,,,0,,,,,,Auckland Region,Nil,1-way,Sealed,,0,0,,100,,Off,1,0,80,76,Auckland,Nil,,,,,1,0,Open,0,,,Fine,Null
1745091.9312,5921099.4835,841911,,513530,0,0,0,1,0,South,2022/2023,NORTH-WESTERN MOTORWAY,LINCOLN ROAD OFF RAMP,,Non-Injury Crash,Yes,2023,0,South,0,0,0,Hill Road,1,,0,,0,Dark,226303,0,0,0,3,0,0,0,0,0,,0,0,Auckland Region,Nil,1-way,Sealed,0,0,0,0,100,0,On,1,0,,76,Auckland,Nil,0,0,0,0,0,0,Open,0,0,0,Light rain,Null
1756606.8035,5937027.7918,841914,,506903,0,0,0,1,0,North,2023/2024,BEACH ROAD,WAIAKE STREET,,Serious Crash,No,2024,0,South,0,0,0,Hill Road,0,,0,,1,Twilight,170300,0,0,0,2,0,0,0,0,0,,0,1,Auckland Region,Nil,2-way,Sealed,0,0,1,0,50,0,Off,0,0,,76,Auckland,Nil,0,0,0,0,0,0,Urban,0,0,0,Fine,Null
1758413.4092,5928352.5613,841926,,507800,0,,0,1,,North,2023/2024,HURSTMERE ROAD,MINNEHAHA AVENUE,,Non-Injury Crash,No,2023,,North,,0,,Flat,,,,,,Overcast,309200,0,0,0,2,,,0,,,,,,Auckland Region,Nil,2-way,Sealed,,0,0,,50,,Off,0,0,,76,Auckland,Nil,,,,,0,0,Urban,1,,,Fine,Null
1769908.3464,5901044.2074,841927,,523816,0,0,0,1,0,South,2023/2024,SOUTHERN MOTORWAY,ALFRISTON OBR,,Serious Crash,Yes,2024,0,South,0,0,0,Flat,1,,0,,0,Bright sun,759724,0,0,0,3,0,0,0,0,0,,0,0,Auckland Region,Nil,1-way,Sealed,0,0,1,0,100,0,Off,0,0,,76,Auckland,Nil,0,0,0,0,0,0,Open,0,0,0,Fine,Null
1755429.4208,5932753.5726,841930,,508805,1,,0,0,,Null,2024/2025,EAST COAST ROAD,TUDOR PLACE,,Minor Crash,No,2024,,East,,0,,Hill Road,,,,,,Overcast,153200,1,0,0,4,,,0,,,,,,Auckland Region,Nil,2-way,Sealed,,0,0,,50,,Off,1,0,,76,Auckland,Give way,,,,,0,0,Urban,0,,,Fine,Null
1770199.5109,5902056.9974,841933,,523814,0,,0,1,,North,2024/2025,HILL ROAD,CHARLES PREVOST DRIVE,,Non-Injury Crash,No,2024,,South,,0,,Flat,,,,,,Dark,760707,0,0,0,2,,,0,,,,,,Auckland Region,Nil,2-way,Sealed,,0,0,,50,,On,0,0,40,76,Auckland,Nil,,,,,1,0,Urban,0,,,Fine,Null
1754492.0465,5931203.8622,841974,,508520,0,,0,2,,East,2023/2024,SUNSET ROAD,NORTHERN BUSWAY,,Non-Injury Crash,No,2024,,West,,0,,Flat,,,,,,Bright sun,191101,0,0,0,2,,,0,,,,,,Auckland Region,Nil,2-way,Sealed,,0,0,,50,,Off,0,0,,76,Auckland,Nil,,,,,0,0,Urban,0,,,Fine,Null
1745249.3571,5919262.766,841978,,513301,0,,0,0,,North,2023/2024,LINCOLN ROAD,POMARIA ROAD,,Non-Injury Crash,No,2024,,South,,0,,Flat,,,,,,Bright sun,232003,0,0,0,4,,,0,,,,,,Auckland Region,Nil,2-way,Sealed,,0,0,,50,,Off,0,0,,76,Auckland,Nil,,,,,0,0,Urban,2,,,Fine,Null
1767955.6857,5904429.7833,841979,,524604,0,,0,2,,North,2022/2023,SOUTHERN MOTORWAY,SH 1 OBR,,Minor Crash,Yes,2023,,North,,0,,Flat,,,,,,Twilight,780302,1,0,0,3,,,0,,,,,,Auckland Region,Nil,1-way,Sealed,,0,0,,100,,On,0,0,,76,Auckland,Nil,,,,,0,0,Open,0,,,Fine,Null
1759790.3923,5916173.6326,841990,,516002,0,,0,1,,West,2024/2025,SOUTHERN MOTORWAY,GREEN LANE EAST OFF RAMP,,Minor Crash,Yes,2024,,East,,0,,Flat,,,,,,Overcast,492000,1,0,1,3,,,0,,,,,,Auckland Region,Nil,1-way,Sealed,,0,0,,100,,Off,0,0,,76,Auckland,Nil,,,,,0,0,Open,0,,,Fine,Null
1762417.3972,5913268.8728,842005,,520402,0,,0,1,,South,2024/2025,SOUTHERN MOTORWAY,PENROSE OBR,,Non-Injury Crash,Yes,2025,,South,,0,,Flat,,,,,,Bright sun,642200,0,0,0,4,,,0,,,,,,Auckland Region,Nil,1-way,Sealed,,0,0,,100,,Off,0,0,,76,Auckland,Nil,,,,,1,0,Open,0,,,Fine,Null
1757456.3782,5920686.9114,842026,,514102,0,,0,1,,South,2024/2025,QUEEN STREET,SHORTLAND STREET,,Minor Crash,No,2024,,North,,0,,Flat,,,,,,Bright sun,433501,1,0,0,2,,,0,,,1,,,Auckland Region,Nil,2-way,Sealed,,0,0,,30,,Off,0,1,,76,Auckland,Nil,,,,,0,0,Urban,0,,,Fine,Null
1760173.8826,5920039.403,842030,,516400,0,,0,2,,West,2024/2025,TAMAKI DRIVE,NGAPIPI ROAD,,Minor Crash,No,2024,,East,,0,,Flat,,,,,,Overcast,455000,1,0,0,4,,,0,,,,,,Auckland Region,Nil,2-way,Sealed,,0,0,,50,,None,1,0,40,76,Auckland,Nil,,,,,0,0,Urban,0,,,Fine,Null
1762645.6643,5905567.1562,842037,,524200,0,,0,1,,North,2024/2025,TIDAL ROAD,PORTAGE ROAD,,Non-Injury Crash,No,2024,,West,,0,,Hill Road,,,,,,Overcast,729100,0,0,0,2,,,0,,,,,,Auckland Region,Nil,2-way,Sealed,,0,0,,50,,None,0,0,,76,Auckland,Nil,,,,,0,0,Urban,1,,,Light rain,Null
1781295.8685,5925771.3379,842058,,520801,0,0,0,1,0,Null,2023/2024,CAUSEWAY ROAD,DONALD BRUCE ROAD,,Non-Injury Crash,No,2024,0,West,0,0,0,Flat,0,,0,,1,Bright sun,516705,0,0,0,2,0,0,0,0,0,,0,0,Auckland Region,Nil,2-way,Sealed,0,0,0,0,40,0,Off,0,0,,76,Auckland,Give way,0,1,0,0,0,0,Urban,0,0,0,Fine,Null
1766877.8683,5903859.5436,842066,,524604,0,,0,1,,Null,2023/2024,LAMBIE DRIVE,LAMBIE DRIVE OFF RAMP,,Non-Injury Crash,No,2024,,South,,0,,Flat,,,,,,Overcast,780210,0,0,0,3,,,0,,,,,,Auckland Region,Motorway ramp,1-way,Sealed,,0,0,,60,,Off,1,0,,76,Auckland,Traffic Signals,,,,,0,0,Urban,0,,,Fine,Null
1774519.7583,5896938.605,842070,,525610,0,0,0,2,0,Null,2024/2025,VALENTINE STREET,PEMBROOK STREET,,Non-Injury Crash,No,2024,0,South,0,0,0,Flat,0,,0,,0,Overcast,796800,0,0,0,2,0,0,0,0,1,,0,0,Auckland Region,Nil,2-way,Sealed,0,0,0,0,50,0,Null,0,0,,76,Auckland,Nil,0,0,0,0,0,0,Urban,0,0,0,Fine,Null
1759417.7528,5910484.7941,842074,,524002,0,,0,2,,South,2023/2024,SOUTH-WESTERN MOTORWAY,MAHUNGA DRIVE OFF RAMP,,Non-Injury Crash,Yes,2023,,South,,0,,Flat,,,,,,Overcast,722400,0,0,0,4,,,0,,,,,,Auckland Region,Nil,1-way,Sealed,,0,0,,100,,Off,0,0,,76,Auckland,Nil,,,,,0,0,Open,0,,,Fine,None
1755027.9999,5913741.9961,842078,,518803,0,,0,0,,Null,2022/2023,DENBIGH AVENUE,DOMINION ROAD,,Non-Injury Crash,No,2023,,West,,0,,Flat,,,,,,Bright sun,582500,0,0,0,2,,,0,,,,,,Auckland Region,Nil,2-way,Sealed,,0,0,,50,,On,0,0,,76,Auckland,Give way,,,,,0,2,Urban,0,,,Fine,None
1769446.5581,5899909.2601,842082,,525002,0,0,0,3,0,North,2024/2025,GREAT SOUTH ROAD,MAHIA ROAD,,Serious Crash,No,2025,0,South,0,0,0,Flat,0,,0,,0,Bright sun,753900,1,0,1,2,0,0,0,0,1,,0,0,Auckland Region,Nil,2-way,Sealed,0,0,1,0,50,0,Off,0,0,,76,Auckland,Nil,0,0,0,0,0,0,Urban,0,0,0,Fine,Null
1759361.86,5911778.8789,842086,,519820,0,,0,1,,East,2022/2023,NEILSON STREET,GALWAY STREET,,Non-Injury Crash,No,2023,,East,,0,,Flat,,,,,,Bright sun,602401,0,0,0,1,,,0,,,,,,Auckland Region,Nil,2-way,Sealed,,0,0,,50,,Off,0,0,,76,Auckland,Nil,,,,,0,1,Urban,0,,,Fine,None
1763917.5848,5910078.1335,842106,,521901,0,,0,2,,Null,2023/2024,GREAT SOUTH ROAD,PRINCES STREET,,Non-Injury Crash,No,2023,,South,,0,,Flat,,,,,,Overcast,782200,0,0,0,2,,,0,,,,,,Auckland Region,Nil,2-way,Sealed,,0,0,,50,,Off,0,0,,76,Auckland,Traffic Signals,,,,,0,0,Urban,0,,,Mist or Fog,None
1764119.0324,5918697.264,842110,,516500,0,,0,2,,Null,2023/2024,KOHIMARAMA ROAD,ALLUM STREET,,Non-Injury Crash,No,2024,,South,,0,,Hill Road,,,,,,Dark,503401,0,0,0,2,,,0,,,,,,Auckland Region,Nil,2-way,Sealed,,0,0,,50,,On,0,0,,76,Auckland,Traffic Signals,,,,,0,0,Urban,0,,,Fine,Null
1755229.7376,5928808.9116,842118,,508320,0,,0,2,,North,2024/2025,HILLSIDE ROAD,POLAND ROAD,,Non-Injury Crash,No,2024,,North,,0,,Flat,,,,,,Overcast,198600,0,0,0,2,,,0,,,,,,Auckland Region,Nil,2-way,Sealed,,0,0,,50,,Off,0,0,,76,Auckland,Nil,,,,,0,0,Urban,0,,,Heavy rain,Strong wind
1733779.8054,5989809.0016,842121,,506660,0,0,0,3,1,South,2022/2023,SH 1,ROSS ROAD,,Minor Crash,Yes,2023,0,North,0,0,0,Hill Road,0,,0,,0,Bright sun,135700,4,0,0,3,0,0,0,0,0,,0,0,Auckland Region,Nil,2-way,Sealed,0,0,0,0,100,0,Off,0,0,,76,Auckland,Nil,0,0,0,0,0,0,Open,0,0,0,Fine,Null
1752865.23,5918142.896,842130,95,515003,0,,0,2,,West,2022/2023,NORTH-WESTERN MOTORWAY,GREAT NORTH ROAD OFF RAMP,,Non-Injury Crash,Yes,2023,,West,,0,,Flat,,,,,,Bright sun,390600,0,0,0,4,,,0,,,,,,Auckland Region,Nil,1-way,Sealed,,0,0,,100,,Off,0,0,,76,Auckland,Nil,,,,,0,0,Open,0,,,Fine,None