X,Y,OBJECTID,advisorySpeed,areaUnitID,bicycle,bridge,bus,carStationWagon,cliffBank,crashDirectionDescription,crashFinancialYear,crashLocation1,crashLocation2,crashRoadSideRoad,crashSeverity,crashSHDescription,crashYear,debris,directionRoleDescription,ditch,fatalCount,fence,flatHill,guardRail,holiday,houseOrBuilding,intersection,kerb,light,meshblockId,minorInjuryCount,moped,motorcycle,NumberOfLanes,objectThrownOrDropped,otherObject,otherVehicleType,overBank,parkedVehicle,pedestrian,phoneBoxEtc,postOrPole,region,roadCharacter,roadLane,roadSurface,roadworks,schoolBus,seriousInjuryCount,slipOrFlood,speedLimit,strayAnimal,streetLight,suv,taxi,temporarySpeedLimit,tlaId,tlaName,trafficControl,trafficIsland,trafficSign,train,tree,truck,unknownVehicleType,urban,vanOrUtility,vehicle,waterRiver,weatherA,weatherB
1765844.0497,5909761.5986,842133,,523112,0,,0,2,,South,2025/2026,HIGHBROOK DRIVE,HIGHBROOK DRIVE,,Non-Injury Crash,No,2025,,North,,0,,Flat,,,,,,Overcast,711302,0,0,0,4,,,0,,,,,,Auckland Region,Nil,2-way,Sealed,,0,0,,60,,Off,0,0,,76,Auckland,Nil,,,,,0,0,Urban,2,,,Heavy rain,Strong wind
1762923.4085,5912200.4786,842141,,519500,0,,0,2,,North,2024/2025,GREAT SOUTH ROAD,SOUTHDOWN LANE,,Non-Injury Crash,No,2025,,South,,0,,Flat,,,,,,Bright sun,622700,0,0,0,4,,,0,,,,,,Auckland Region,Nil,2-way,Sealed,,0,0,,50,,Null,0,0,,76,Auckland,Nil,,,,,1,0,Urban,0,,,Fine,Null
1767849.4387,5899214.4964,842142,,525102,0,,0,1,,East,2024/2025,MAHIA ROAD,SISKA PLACE,,Non-Injury Crash,No,2024,,East,,0,,Flat,,,,,,Dark,769100,0,0,0,2,,,0,,,,,,Auckland Region,Nil,2-way,Sealed,,0,0,,50,,On,1,0,,76,Auckland,Nil,,,,,0,0,Urban,0,,,Fine,Null
1770052.0137,5901996.7852,842149,,523814,0,,0,2,,West,2024/2025,HILL ROAD,CHARLES PREVOST DRIVE,,Non-Injury Crash,No,2024,,East,,0,,Flat,,,,,,Bright sun,759514,0,0,0,2,,,0,,,,,,Auckland Region,Nil,2-way,Sealed,,0,0,,50,,Off,0,0,,76,Auckland,Nil,,,,,0,0,Urban,0,,,Fine,Null
1765974.8178,5918835.158,842158,,516900,0,0,0,1,0,South,2024/2025,SIERRA STREET,PEMBROKE CRESCENT,,Non-Injury Crash,No,2024,0,North,0,0,0,Flat,0,,0,,0,Unknown,466101,0,0,0,2,0,0,0,0,1,,0,0,Auckland Region,Nil,2-way,Sealed,0,0,0,0,50,0,On,0,0,,76,Auckland,Nil,0,0,0,0,0,1,Urban,0,0,0,Fine,None
1753360.4437,5916195.3458,842162,,517903,1,,0,1,,Null,2023/2024,MOUNT ALBERT ROAD,ALBERTON AVENUE,,Non-Injury Crash,No,2023,,South,,0,,Flat,,,,,,Bright sun,522600,0,0,0,2,,,0,,,,,,Auckland Region,Nil,2-way,Sealed,,0,0,,50,,Off,0,0,,76,Auckland,Give way,,,,,0,0,Urban,0,,,Fine,None
1763297.8752,5915851.1563,842163,,520302,0,0,0,2,0,South,2022/2023,LUNN AVENUE,NGAHUE DRIVE,,Non-Injury Crash,No,2023,0,North,0,0,1,Flat,0,,0,,0,Bright sun,625400,0,0,0,2,0,0,0,0,1,1,0,0,Auckland Region,Nil,2-way,Sealed,0,0,0,0,50,0,Off,3,0,,76,Auckland,Give way,0,0,0,0,0,0,Urban,0,0,0,Fine,Null
1751331.5968,5914815.6653,842165,,514401,0,0,0,1,0,East,2025/2026,CHALMERS STREET,ST GEORGES ROAD,,Non-Injury Crash,No,2025,0,East,0,0,0,Flat,0,,0,,0,Twilight,382800,0,0,0,2,0,0,0,0,0,,0,0,Auckland Region,Rail xing,2-way,Sealed,0,0,0,0,50,0,Off,0,0,,76,Auckland,Nil,0,0,1,0,0,0,Urban,0,0,0,Fine,Null
1747315.9416,5919650.8007,842170,,512300,0,0,0,2,0,East,2024/2025,NORTH-WESTERN MOTORWAY,TE ATATU ROAD ON RAMP,,Non-Injury Crash,Yes,2024,0,East,0,0,0,Flat,1,,0,,0,Bright sun,252000,0,0,0,3,0,0,0,0,0,,0,0,Auckland Region,Nil,1-way,Sealed,0,0,0,0,100,0,Off,0,0,,76,Auckland,Nil,0,0,0,0,0,0,Open,0,0,0,Fine,None
1753264.0371,5933046.8069,842174,,508807,0,,0,2,,Null,2023/2024,TAWA DRIVE,GREVILLE ROAD OFF RAMP,,Non-Injury Crash,No,2024,,North,,0,,Hill Road,,,,,,Bright sun,180811,0,0,0,2,,,0,,,,,,Auckland Region,Motorway ramp,2-way,Sealed,,0,0,,50,,Off,0,0,,76,Auckland,Traffic Signals,,,,,0,0,Urban,0,,,Fine,Null
1742444.0693,5925877.2332,842181,,513410,0,,0,2,,North,2025/2026,FRED TAYLOR DRIVE,HAILES ROAD,,Minor Crash,No,2026,,North,,0,,Flat,,,,,,Bright sun,220400,1,0,0,2,,,0,,,,,,Auckland Region,Nil,2-way,Sealed,,0,0,,80,,Off,0,0,,76,Auckland,Nil,,,,,0,0,Open,0,,,Fine,Null
1774824.2367,5899319.8359,842190,,523813,0,0,0,0,1,Null,2024/2025,HAMLIN ROAD,VILLAGE WAY,,Minor Crash,No,2025,0,East,1,0,0,Flat,0,,0,,0,Bright sun,761601,1,0,0,2,0,0,0,0,0,,0,0,Auckland Region,Nil,2-way,Sealed,0,0,0,0,80,0,Off,1,0,,76,Auckland,Give way,0,0,0,0,0,0,Open,0,0,0,Fine,Null
1756492.1659,5920026.184,842198,,514000,0,,0,1,,North,2023/2024,NORTHERN MOTORWAY,WELLINGTON OBR,,Non-Injury Crash,Yes,2024,,North,,0,,Hill Road,,,,,,Dark,417400,0,0,0,3,,,0,,,,,,Auckland Region,Nil,1-way,Sealed,,0,0,,80,,On,1,0,,76,Auckland,Nil,,,,,0,0,Open,0,,,Light rain,Null
1762081.1642,5916840.0883,842202,,516302,1,,0,1,,South,2023/2024,KORAHA STREET,DEBRON AVENUE,,Minor Crash,No,2024,,North,,0,,Hill Road,,,,,,Bright sun,463300,1,0,0,2,,,0,,,1,,,Auckland Region,Nil,2-way,Sealed,,0,0,,50,,Off,0,0,,76,Auckland,Nil,,,,,0,0,Urban,0,,,Fine,Null
1753072.3795,5936389.5404,842206,,506300,0,0,0,0,0,West,2023/2024,LONELY TRACK ROAD,NAMSAN CLOSE,,Minor Crash,No,2024,0,West,0,0,0,Flat,0,,0,,0,Dark,176106,1,0,0,2,0,0,0,0,0,,0,0,Auckland Region,Nil,2-way,Sealed,0,0,0,0,50,0,On,1,0,,76,Auckland,Nil,0,0,0,1,0,0,Urban,0,0,0,Mist or Fog,Null
1767420.2032,5903446.5045,842207,,524602,0,0,0,0,0,South,2022/2023,TREVOR HOSKEN DRIVE,MARBLE PLACE,,Non-Injury Crash,No,2023,0,East,0,0,1,Flat,0,Christmas New Year,0,,0,Twilight,780412,0,0,0,2,0,0,0,0,1,,0,0,Auckland Region,Nil,2-way,Sealed,0,0,0,0,50,0,On,2,0,,76,Auckland,Nil,0,0,0,0,0,0,Urban,0,0,0,Fine,Null
1761076.4946,5909259.4791,842217,,524404,0,0,0,1,0,Null,2022/2023,FAVONA ROAD,HARANIA AVENUE,,Minor Crash,No,2023,0,West,0,0,0,Flat,0,,0,,0,Bright sun,729400,1,0,0,2,0,0,0,0,0,,1,0,Auckland Region,Nil,2-way,Sealed,0,0,0,0,50,0,Off,0,0,,76,Auckland,Give way,0,0,0,0,0,0,Urban,1,0,0,Fine,Null
1751822.3815,5916191.2323,842218,,514401,0,,0,0,,South,2023/2024,SH 20,GREAT NORTH ROAD,,Non-Injury Crash,Yes,2024,,North,,0,,Flat,,,,,,Dark,383704,0,0,0,3,,,0,,,,,,Auckland Region,Tunnel,1-way,Sealed,,0,0,,80,,On,1,0,,76,Auckland,Nil,,,,,0,0,Open,1,,,Fine,Null
1768426.6475,5903387.2552,842225,,524602,0,,0,1,,Null,2023/2024,SOUTHERN MOTORWAY,AIRPORT OFF RAMP,,Minor Crash,Yes,2023,,North,,0,,Flat,,,,,,Dark,780506,2,0,0,8,,,0,,,,,,Auckland Region,Motorway ramp,2-way,Sealed,,0,0,,100,,On,0,0,,76,Auckland,Nil,,,,,1,0,Open,0,,,Fine,Null
1747224.9491,5930737.6605,842232,,509000,0,0,0,1,0,West,2023/2024,MEREWHIRA ROAD,PAREMOREMO ROAD,,Minor Crash,No,2023,0,North,0,0,0,Hill Road,0,,0,,0,Dark,179600,1,0,0,2,0,0,0,0,0,,0,0,Auckland Region,Nil,2-way,Sealed,0,0,0,0,60,0,On,0,0,,76,Auckland,Nil,0,1,0,0,0,0,Urban,0,0,0,Fine,Null
1757501.7084,5918654.94,842233,,514302,0,,0,2,,North,2024/2025,SOUTHERN MOTORWAY,KHYBER PASS OBR,,Minor Crash,Yes,2024,,North,,0,,Flat,,,,,,Bright sun,442500,2,0,0,4,,,0,,,,,,Auckland Region,Overpass,1-way,Sealed,,0,0,,80,,Off,0,0,,76,Auckland,Nil,,,,,0,0,Open,2,,,Fine,Null
1769876.4603,5899586.7315,842236,,523920,0,0,0,1,0,South,2024/2025,SOUTHERN MOTORWAY,TAKANINI RAIL OBR,,Serious Crash,Yes,2024,0,North,0,0,0,Hill Road,1,,0,,0,Bright sun,767921,0,0,1,3,0,0,0,0,0,,0,0,Auckland Region,Nil,1-way,Sealed,0,0,1,0,100,0,Off,0,0,,76,Auckland,Nil,0,0,0,0,0,0,Open,0,0,0,Fine,Null
1749534.5058,5983305.8862,842246,,506660,0,0,0,1,0,North,2022/2023,PAKIRI ROAD,MATAKANA VALLEY ROAD,,Minor Crash,No,2023,0,South,0,0,0,Flat,0,,0,,0,Dark,136000,1,0,0,2,0,0,0,0,0,,0,0,Auckland Region,Nil,2-way,Sealed,0,0,0,0,80,0,None,0,0,,76,Auckland,Nil,0,0,0,1,0,0,Open,0,0,0,Fine,Null
1754246.81,5934004.7043,842256,,508804,0,,0,2,,North,2022/2023,EAST COAST ROAD,GREVILLE ROAD,,Minor Crash,No,2023,,South,,0,,Hill Road,,,,,,Bright sun,180611,1,0,0,4,,,0,,,,,,Auckland Region,Nil,2-way,Sealed,,0,0,,50,,Off,0,0,,76,Auckland,Nil,,,,,0,0,Urban,0,,,Fine,Null
1744173.9714,5917840.3452,842264,,513220,0,0,0,0,0,East,2022/2023,ESPALIER DRIVE,GEORDIE STREET,,Non-Injury Crash,No,2023,0,West,0,0,0,Flat,0,,0,,1,Dark,236708,0,0,0,2,0,0,0,0,0,,0,0,Auckland Region,Nil,2-way,Sealed,0,0,0,0,50,0,On,0,0,,76,Auckland,Nil,0,0,0,1,0,0,Urban,1,0,0,Fine,Null
1772790.0806,5895831.5399,842266,,525410,0,0,0,0,0,Null,2024/2025,GREAT SOUTH ROAD,NELSON STREET,,Non-Injury Crash,No,2024,0,North,0,0,1,Flat,0,Christmas New Year,0,,0,Twilight,793400,0,0,0,2,0,0,0,0,1,,0,0,Auckland Region,Nil,2-way,Sealed,0,0,0,0,50,0,On,1,0,,76,Auckland,Stop,0,0,0,0,0,0,Urban,0,0,0,Fine,Null
1745566.7576,5917217.2307,842267,,510700,0,0,0,0,0,East,2023/2024,GREAT NORTH ROAD,CATHERINE PLACE,,Minor Crash,No,2024,0,West,0,0,0,Flat,0,,1,,0,Bright sun,239900,1,0,0,2,0,0,0,0,0,,0,0,Auckland Region,Nil,2-way,Sealed,0,0,0,0,50,0,Off,0,0,,76,Auckland,Nil,0,0,0,0,0,0,Urban,1,0,0,Fine,Null
1764243.5605,5909829.9245,842287,,521901,0,0,0,1,0,South,2023/2024,ATKINSON AVENUE,AVENUE ROAD,,Non-Injury Crash,No,2024,0,South,0,0,0,Flat,0,,0,,0,Overcast,784000,0,0,0,4,0,0,0,0,1,,0,0,Auckland Region,Speed hump,2-way,Sealed,0,0,0,0,50,0,Off,0,0,,76,Auckland,Nil,0,0,0,0,0,0,Urban,1,0,0,Light rain,Null
1746911.1666,5919833.6423,842298,,512402,0,,0,2,,West,2024/2025,NORTH-WESTERN MOTORWAY,TE ATATU ROAD ON RAMP,,Non-Injury Crash,Yes,2025,,North,,0,,Flat,,,,,,Bright sun,252300,0,0,0,3,,,0,,,,,,Auckland Region,Nil,1-way,Sealed,,0,0,,100,,Off,0,0,,76,Auckland,Nil,,,,,1,0,Open,0,,,Fine,Null
1766712.9083,5905849.4699,842303,,522302,0,,0,1,,Null,2023/2024,GREAT SOUTH ROAD,ALLENBY ROAD,,Non-Injury Crash,No,2024,,North,,0,,Flat,,,,,,Dark,669300,0,0,0,2,,,0,,,,,,Auckland Region,Nil,2-way,Sealed,,0,0,,50,,On,0,0,,76,Auckland,Stop,,,,,0,0,Urban,1,,,Fine,Null
1769924.372,5909872.3733,842307,,523113,0,,0,2,,Null,2023/2024,SMALES ROAD,TE IRIRANGI DRIVE,,Non-Injury Crash,No,2023,,East,,0,,Flat,,,,,,Overcast,711730,0,0,0,1,,,0,,,,,,Auckland Region,Nil,1-way,Sealed,,0,0,,50,,Off,0,0,,76,Auckland,Give way,,,,,0,0,Urban,0,,,Light rain,Null
1770274.3948,5913665.5188,842311,,522722,0,0,0,1,0,Null,2023/2024,BRADBURY ROAD,GWENAND PLACE,,Non-Injury Crash,No,2024,0,South,0,0,1,Hill Road,0,,0,,0,Bright sun,647900,0,0,0,2,0,0,0,0,0,,0,0,Auckland Region,Nil,2-way,Sealed,0,0,0,0,50,0,Off,0,0,40,76,Auckland,Give way,0,0,0,0,0,0,Urban,1,0,0,Fine,Null
1762414.6431,5907198.2576,842314,,524520,0,,0,1,,North,2024/2025,MASSEY ROAD,BUCKLAND ROAD,,Non-Injury Crash,No,2025,,South,,0,,Flat,,,,,,Overcast,734603,0,0,0,2,,,0,,,,,,Auckland Region,Nil,2-way,Sealed,,0,0,,50,,On,1,0,,76,Auckland,Nil,,,,,0,0,Urban,0,,,Fine,Null
1770353.2944,5911377.0164,842319,,523106,0,,0,1,,North,2023/2024,BOTANY ROAD,TI RAKAU DRIVE,,Non-Injury Crash,No,2023,,South,,0,,Flat,,,,,,Bright sun,711174,0,0,0,4,,,0,,,,,,Auckland Region,Nil,1-way,Sealed,,0,0,,60,,Off,0,0,,76,Auckland,Nil,,,,,0,1,Urban,0,,,Fine,Null
1757880.0101,5914458.3661,842323,,518600,0,,0,2,,Null,2023/2024,PAH ROAD,SELWYN ROAD,,Non-Injury Crash,No,2023,,North,,0,,Flat,,,,,,Bright sun,565800,0,0,0,4,,,0,,,,,,Auckland Region,Nil,2-way,Sealed,,0,0,,50,,Off,0,0,,76,Auckland,Stop,,,,,0,0,Urban,0,,,Fine,Null
1730378.5519,5943772.3313,842327,,506646,0,0,0,0,0,West,2024/2025,KAIPARA COAST HIGHWAY,ABEL ROAD,,Minor Crash,Yes,2024,0,South,0,0,1,Flat,0,,0,,0,Bright sun,211401,1,0,0,2,0,0,0,0,0,,0,0,Auckland Region,Nil,2-way,Sealed,0,0,0,0,100,0,None,1,0,,76,Auckland,Nil,0,0,0,0,0,0,Open,0,0,0,Fine,Null
1746600.6916,5965363.49,842330,,506613,0,0,0,1,0,South,2025/2026,NORTHERN MOTORWAY,SH 1,,Non-Injury Crash,Yes,2025,0,South,0,0,0,Hill Road,1,,0,,0,Overcast,146005,0,0,0,2,0,0,0,0,0,,0,0,Auckland Region,Nil,1-way,Sealed,0,0,0,0,110,0,None,0,0,,76,Auckland,Nil,0,0,0,0,0,0,Open,0,0,0,Heavy rain,Null
1770912.809,5913746.9261,842338,,523101,0,,0,2,,Null,2024/2025,LEXINGTON DRIVE,BOTANY ROAD,,Non-Injury Crash,No,2025,,East,,0,,Flat,,,,,,Bright sun,710534,0,0,0,2,,,0,,,,,,Auckland Region,Nil,2-way,Sealed,,0,0,,50,,Off,0,0,40,76,Auckland,Stop,,,,,0,0,Urban,1,,,Fine,Null
1755950.129,5918565.9055,842348,,515500,0,,0,0,,South,2022/2023,NORTH-WESTERN MOTORWAY,NEWTON ROAD OFF RAMP,,Minor Crash,Yes,2023,,North,,0,,Flat,,,,,,Bright sun,418600,1,0,1,4,,,0,,,,,,Auckland Region,Nil,2-way,Sealed,,0,0,,80,,Off,0,0,,76,Auckland,Nil,,,,,0,0,Open,1,,,Fine,Null
1740654.7436,5982075.3529,842351,35,506660,0,0,0,1,0,South,2023/2024,WAYBY VALLEY ROAD,HOMEWARD BOUND DRIVE,,Non-Injury Crash,No,2024,0,East,1,0,0,Hill Road,0,,0,,0,Overcast,136700,0,0,0,1,0,0,0,0,0,,0,0,Auckland Region,Nil,2-way,Sealed,0,0,0,0,100,0,None,0,0,,76,Auckland,Nil,0,0,0,0,0,0,Open,0,0,0,Light rain,Null
1774506.9849,5896043.7536,842374,,525510,0,0,0,1,0,West,2024/2025,SETTLEMENT ROAD,TIEL LANE,,Minor Crash,No,2024,0,East,0,0,0,Flat,0,Labour Weekend,0,,0,Dark,801002,1,0,0,2,0,0,0,0,0,,0,1,Auckland Region,Nil,2-way,Sealed,0,0,0,0,50,0,On,0,0,,76,Auckland,Nil,0,0,0,0,0,0,Urban,0,0,0,Light rain,Null
1757779.1927,5919062.0124,842414,,517400,0,0,0,1,0,East,2023/2024,PARK ROAD,AUCKLAND HOSP ENT,,Non-Injury Crash,No,2023,0,West,0,0,0,Flat,0,,0,,0,Dark,449500,0,0,0,2,0,1,0,0,0,,0,0,Auckland Region,Nil,2-way,Sealed,0,0,0,0,50,0,On,0,0,,76,Auckland,Nil,0,1,0,0,0,0,Urban,0,0,0,Light rain,Null
1753325.5694,5918298.0507,842418,,515003,0,,0,2,,West,2023/2024,NORTH-WESTERN MOTORWAY,ST LUKES ROAD ON RAMP,,Non-Injury Crash,Yes,2023,,West,,0,,Flat,,,,,,Dark,390502,0,0,0,4,,,0,,,,,,Auckland Region,Nil,1-way,Sealed,,0,0,,80,,On,0,0,,76,Auckland,Nil,,,,,0,0,Open,0,,,Light rain,Null
1762484.9698,5912769.2383,842426,,519500,0,0,0,1,0,Null,2023/2024,SOUTH-EASTERN HIGHWAY,GREAT SOUTH ROAD,,Serious Crash,No,2024,0,North,0,0,0,Hill Road,0,,0,,0,Dark,622200,0,0,0,7,0,0,0,0,0,,0,1,Auckland Region,Nil,2-way,Sealed,0,0,1,0,50,0,On,0,0,,76,Auckland,Traffic Signals,0,0,0,0,0,0,Urban,0,0,0,Fine,Null
1765719.57,5898969.469,842430,,524811,0,0,0,3,0,South,2023/2024,ETHERTON DRIVE,SPARROW PLACE,,Non-Injury Crash,No,2023,0,South,0,0,1,Flat,0,,0,,0,Dark,773814,0,0,0,2,0,0,0,0,1,,0,0,Auckland Region,Nil,2-way,Sealed,0,0,0,0,30,0,On,0,0,,76,Auckland,Nil,0,0,0,0,0,0,Urban,0,0,0,Fine,Null
1754891.7463,5918246.3211,842433,,517500,0,0,0,2,0,North,2025/2026,SCHOOL ROAD,FOURTH AVENUE,,Non-Injury Crash,No,2025,0,South,0,0,0,Null,0,,0,,0,Dark,529900,0,0,0,2,0,0,0,0,1,,0,0,Auckland Region,Nil,2-way,Sealed,0,0,0,0,50,0,On,0,0,,76,Auckland,Nil,0,0,0,0,0,1,Urban,0,0,0,Light rain,Null
1756892.1358,5926368.2812,842438,,507900,0,,0,0,,North,2024/2025,NORTHERN MOTORWAY,ESMONDE ROAD OFF RAMP,,Minor Crash,Yes,2024,,South,,0,,Flat,,,,,,Overcast,304000,1,0,1,3,,,0,,,,,,Auckland Region,Motorway ramp,1-way,Sealed,,0,0,,100,,Off,0,0,,76,Auckland,Nil,,,,,0,0,Open,0,,,Fine,Null
1767098.3355,5904203.8916,842441,,524604,0,,0,1,,Null,2024/2025,DAVIES AVENUE,PUTNEY WAY,,Minor Crash,No,2025,,North,,0,,Flat,,,,,,Bright sun,780204,1,0,0,1,,,0,,,1,,,Auckland Region,Nil,1-way,Sealed,,0,0,,50,,Off,0,0,,76,Auckland,Traffic Signals,,,,,0,0,Urban,0,,,Fine,Null
1751543.4613,5947928.4038,842446,,505808,0,,0,2,,Null,2023/2024,HIBISCUS COAST HIGHWAY,RED BEACH ROAD,,Minor Crash,No,2024,,South,,0,,Hill Road,,,,,,Dark,172904,1,0,0,4,,,0,,,,,,Auckland Region,Nil,2-way,Sealed,,0,0,,50,,On,0,0,,76,Auckland,Traffic Signals,,,,,0,0,Urban,1,,,Fine,Null
1764037.9868,5919705.9646,842457,,516601,0,,0,2,,East,2024/2025,RAWHITIROA ROAD,PICCADILLY PLACE,,Non-Injury Crash,No,2024,,East,,0,,Flat,,,,,,Overcast,505400,0,0,0,2,,,0,,,,,,Auckland Region,Nil,2-way,Sealed,,0,0,,50,,Off,0,0,,76,Auckland,Nil,,,,,0,0,Urban,0,,,Fine,Null
1765709.432,5900911.0939,842477,,524821,0,0,0,2,0,South,2022/2023,COTTRELL PLACE,FINLAYSON AVENUE,,Non-Injury Crash,No,2023,0,South,0,0,1,Hill Road,0,,0,,0,Dark,774402,0,0,0,1,0,0,0,0,0,,0,0,Auckland Region,Nil,1-way,Sealed,0,0,0,0,50,0,On,0,0,,76,Auckland,Nil,0,0,0,0,0,0,Urban,0,0,0,Fine,Null
1770752.2836,5901596.5901,842478,,523816,0,,0,1,,Null,2024/2025,PORCHESTER ROAD,ALFRISTON ROAD,,Minor Crash,No,2024,,North,,0,,Flat,,,,,,Overcast,759715,1,0,1,1,,,0,,,,,,Auckland Region,Nil,2-way,Sealed,,0,0,,50,,Off,0,0,,76,Auckland,Traffic Signals,,,,,0,0,Urban,0,,,Fine,Null
1754545.0127,5928515.2784,842481,,508320,0,0,0,1,0,Null,2024/2025,DIANA DRIVE,WELDENE AVENUE,,Non-Injury Crash,No,2025,0,South,0,0,0,Flat,0,,0,,1,Overcast,198401,0,0,0,2,0,0,0,0,0,,0,0,Auckland Region,Nil,2-way,Sealed,0,0,0,0,50,0,On,0,0,30,76,Auckland,Give way,0,0,0,0,0,0,Urban,0,0,0,Light rain,Null
1750129.0765,5912332.0524,842485,,511402,0,0,0,2,0,North,2022/2023,GOLF ROAD,ASTLEY AVENUE,,Non-Injury Crash,No,2023,0,North,0,0,0,Flat,0,,0,,0,Bright sun,260400,0,0,0,2,0,0,0,0,1,,0,0,Auckland Region,Nil,2-way,Sealed,0,0,0,0,50,0,Off,0,0,,76,Auckland,Nil,0,0,0,0,0,0,Urban,0,0,0,Fine,Null
1769227.2179,5905293.8187,842490,,523721,0,0,0,2,0,North,2023/2024,MATTHEWS ROAD,ALTA TERRACE,,Non-Injury Crash,No,2023,0,South,0,0,0,Hill Road,0,,0,,0,Twilight,715609,0,0,0,2,0,0,0,0,0,,0,0,Auckland Region,Nil,2-way,Sealed,0,0,0,0,50,0,On,0,0,30,76,Auckland,Nil,0,0,0,0,0,0,Urban,0,1,0,Light rain,Null
1770226.3053,5901202.3325,842491,,523816,0,0,0,2,0,South,2022/2023,MAGIC WAY,VILLINO PLACE,,Non-Injury Crash,No,2023,0,North,0,0,0,Flat,0,,0,,0,Bright sun,759744,0,0,0,2,0,0,0,0,1,,0,0,Auckland Region,Nil,2-way,Sealed,0,0,0,0,50,0,Off,0,0,,76,Auckland,Nil,0,0,0,0,0,0,Urban,0,0,0,Fine,Null
1768503.7688,5901329.9814,842497,,525001,0,,0,2,,South,2025/2026,GREAT SOUTH ROAD,KELVYN GROVE,,Non-Injury Crash,No,2026,,North,,0,,Flat,,,,,,Bright sun,751500,0,0,0,2,,,0,,,,,,Auckland Region,Nil,2-way,Sealed,,0,0,,50,,None,0,0,,76,Auckland,Nil,,,,,0,0,Urban,0,,,Fine,Null
1738034.5863,5944558.3748,842498,,506646,0,,0,1,,West,2023/2024,KAHIKATEA FLAT ROAD,RAPSON ACCESS ROAD,,Minor Crash,No,2024,,West,,0,,Flat,,Easter,,,,Bright sun,213100,2,0,0,2,,,0,,,,,,Auckland Region,Nil,2-way,Sealed,,0,0,,50,,Off,1,0,,76,Auckland,Nil,,,,,0,0,Urban,0,,,Fine,Null
1760792.1726,5914707.6243,842506,,519500,0,0,0,2,0,Null,2023/2024,KALMIA STREET,GREAT SOUTH ROAD,,Serious Crash,No,2023,0,North,0,0,0,Flat,0,,0,,1,Dark,620400,0,0,0,4,0,0,0,0,0,,0,1,Auckland Region,Nil,2-way,Sealed,0,0,1,0,50,0,On,0,0,,76,Auckland,Nil,0,0,0,0,0,0,Urban,0,0,0,Light rain,Null
1758245.6439,5913420.335,842522,,519710,1,,0,0,,Null,2023/2024,CAMPBELL ROAD,MANUKAU ROAD,,Minor Crash,No,2024,,West,,0,,Flat,,,,,,Dark,594800,1,0,0,8,,,0,,,,,,Auckland Region,Nil,2-way,Sealed,,0,0,,50,,On,0,0,,76,Auckland,Give way,,,,,0,0,Urban,1,,,Heavy rain,Null
1759845.7004,5909720.6842,842527,,524002,0,,0,2,,Null,2022/2023,HASTIE AVENUE,MAHUNGA DRIVE,,Minor Crash,No,2023,,West,,0,,Flat,,,,,,Dark,724102,1,0,0,2,,,0,,,,,,Auckland Region,Nil,2-way,Sealed,,0,0,,50,,On,0,0,,76,Auckland,Stop,,,,,0,0,Urban,0,,,Fine,Null
1748229.088,5961156.5194,842545,35,506613,0,,0,0,,South,2024/2025,POHUEHUE ROAD,SCHOLLUM ACCESS ROAD,,Minor Crash,No,2025,,South,,0,,Hill Road,,,,,,Overcast,147107,1,0,1,2,,,0,,,,,,Auckland Region,Nil,2-way,Sealed,,0,0,,80,,None,0,0,,76,Auckland,Nil,,,,,0,0,Open,0,,,Light rain,Null
1740561.6889,5918832.9959,842549,,513101,0,,0,2,,Null,2023/2024,OFF ROAD CARPARK SWANSON TRAIN STATION,,,Minor Crash,No,2023,,North,,0,,Flat,,,,,,Overcast,237901,1,0,0,0,,,0,,,1,,,Auckland Region,Nil,Off road,Sealed,,0,0,,10,,Off,0,0,,76,Auckland,Nil,,,,,0,0,Urban,0,,,Light rain,Null
1765120.0705,5899278.2576,842555,,524822,0,0,0,1,0,West,2023/2024,PALMERS ROAD,NICHOLAS GIBBONS DRIVE,,Non-Injury Crash,No,2023,0,West,0,0,0,Flat,0,,0,,0,Dark,774440,0,0,0,2,0,0,0,0,0,,1,0,Auckland Region,Nil,2-way,Sealed,0,0,0,0,30,0,On,0,0,,76,Auckland,Nil,0,0,0,0,0,0,Urban,0,0,0,Fine,Null
1753622.4191,5876612.0769,842558,,526104,0,0,0,1,0,Null,2024/2025,VIEW ROAD,WARRISTON AVENUE,,Non-Injury Crash,No,2024,0,North,0,0,0,Flat,0,,0,,0,Dark,835804,0,0,0,2,0,0,0,0,0,,0,1,Auckland Region,Nil,2-way,Sealed,0,0,0,0,50,0,None,0,0,,76,Auckland,Nil,0,0,0,0,0,0,Urban,0,0,0,Fine,Null
1758165.8382,5917965.2002,842559,,515700,0,0,0,1,0,Null,2022/2023,GILLIES AVENUE,MORTIMER PASS,,Non-Injury Crash,No,2023,0,North,0,0,0,Flat,0,,0,,0,Dark,443200,0,0,0,4,0,0,0,0,0,,0,0,Auckland Region,Nil,2-way,Sealed,0,0,0,0,50,0,On,0,0,30,76,Auckland,Nil,0,0,0,0,0,0,Urban,0,1,0,Fine,Null
1771966.7416,5915279.2454,842562,,521602,0,,0,2,,Null,2024/2025,PICTON STREET,WALTER MACDONALD STREET,,Non-Injury Crash,No,2024,,South,,0,,Null,,,,,,Dark,646700,0,0,0,2,,,0,,,,,,Auckland Region,Nil,2-way,Sealed,,0,0,,50,,Null,0,0,,76,Auckland,Nil,,,,,0,0,Urban,0,,,Heavy rain,Null