X,Y,OBJECTID,advisorySpeed,areaUnitID,bicycle,bridge,bus,carStationWagon,cliffBank,crashDirectionDescription,crashFinancialYear,crashLocation1,crashLocation2,crashRoadSideRoad,crashSeverity,crashSHDescription,crashYear,debris,directionRoleDescription,ditch,fatalCount,fence,flatHill,guardRail,holiday,houseOrBuilding,intersection,kerb,light,meshblockId,minorInjuryCount,moped,motorcycle,NumberOfLanes,objectThrownOrDropped,otherObject,otherVehicleType,overBank,parkedVehicle,pedestrian,phoneBoxEtc,postOrPole,region,roadCharacter,roadLane,roadSurface,roadworks,schoolBus,seriousInjuryCount,slipOrFlood,speedLimit,strayAnimal,streetLight,suv,taxi,temporarySpeedLimit,tlaId,tlaName,trafficControl,trafficIsland,trafficSign,train,tree,truck,unknownVehicleType,urban,vanOrUtility,vehicle,waterRiver,weatherA,weatherB
1767382.3692,5906730.1986,842567,,523602,0,0,0,1,0,Null,2022/2023,BAIRDS ROAD,SANDBROOK AVENUE,,Non-Injury Crash,No,2023,0,North,0,0,1,Flat,0,,0,,0,Bright sun,706000,0,0,0,2,0,0,0,0,0,,0,0,Auckland Region,Nil,2-way,Sealed,0,0,0,0,50,0,Off,0,0,,76,Auckland,Give way,0,0,0,0,0,0,Urban,0,0,0,Fine,Null
1764914.0871,5903928.9854,842574,,524604,0,,0,2,,Null,2022/2023,NOEL BURNSIDE ROAD,CAVENDISH DRIVE,,Non-Injury Crash,No,2023,,East,,0,,Flat,,,,,,Dark,781301,0,0,0,1,,,0,,,,,,Auckland Region,Nil,1-way,Sealed,,0,0,,60,,On,0,0,,76,Auckland,Give way,,,,,0,0,Urban,0,,,Fine,Strong wind
1752155.2408,5914426.6724,842577,,514500,0,,0,1,,Null,2025/2026,WHITNEY STREET,LEINSTER STREET,,Non-Injury Crash,No,2025,,North,,0,,Hill Road,,,,,,Dark,374700,0,0,0,2,,,0,,,,,,Auckland Region,Nil,2-way,Sealed,,0,0,,50,,On,0,1,,76,Auckland,Nil,,,,,0,0,Urban,1,,,Fine,Null
1743964.9917,5924657.072,842578,,513431,0,,0,0,,Null,2023/2024,UPPER HARBOUR MOTORWAY,HOBSONVILLE ROAD OFF RAMP,,Non-Injury Crash,Yes,2023,,South,,0,,Flat,,,,,,Overcast,223903,0,0,0,2,,,0,,,,,,Auckland Region,Motorway ramp,1-way,Sealed,,0,0,,100,,Off,0,0,,76,Auckland,Nil,,,,,1,0,Open,0,,,Light rain,Null
1776555.8181,5880881.0608,842586,,521160,0,,0,1,,North,2022/2023,GREAT SOUTH ROAD,BEAVER ROAD WEST ON RAMP,,Non-Injury Crash,Yes,2023,,North,,0,,Flat,,,,,,Bright sun,827700,0,0,0,2,,,0,,,,,,Auckland Region,Nil,1-way,Sealed,,0,0,,100,,Off,1,0,,76,Auckland,Nil,,,,,0,0,Open,0,,,Fine,None
1771603.3476,5913041.9182,842594,,523102,0,0,0,1,0,Null,2024/2025,WHITFORD ROAD,DANA PLACE,,Non-Injury Crash,No,2024,0,North,0,0,0,Hill Road,0,,0,,0,Overcast,711023,0,0,0,2,0,0,0,0,0,,0,0,Auckland Region,Nil,2-way,Sealed,0,0,0,0,50,0,Off,0,0,,76,Auckland,Give way,0,0,0,1,0,0,Urban,0,0,0,Fine,Null
1759182.4625,5913959.7514,842595,,519300,0,,0,2,,North,2022/2023,CAMPBELL ROAD,MARIRI ROAD,,Non-Injury Crash,No,2023,,North,,0,,Hill Road,,,,,,Bright sun,624900,0,0,0,2,,,0,,,,,,Auckland Region,Nil,2-way,Sealed,,0,0,,50,,Off,0,0,,76,Auckland,Nil,,,,,0,0,Urban,0,,,Fine,Null
1771862.8758,5911359.8106,842598,,523110,0,0,0,1,0,South,2023/2024,POINT VIEW DRIVE,WHITFORD ROAD,,Minor Crash,No,2024,0,North,0,0,1,Flat,0,,0,,0,Overcast,711171,2,0,0,2,0,1,0,0,0,,0,0,Auckland Region,Nil,2-way,Sealed,0,0,0,0,50,0,Off,0,0,,76,Auckland,Nil,0,0,0,0,0,0,Urban,0,0,0,Fine,Null
1761060.6988,5914373.3537,842610,,520202,0,,0,2,,Null,2023/2024,GREAT SOUTH ROAD,ELLERSLIE-PANMURE HIGHWAY,,Non-Injury Crash,No,2024,,South,,0,,Flat,,,,,,Overcast,612200,0,0,0,2,,,0,,,,,,Auckland Region,Nil,1-way,Sealed,,0,0,,50,,Off,0,0,,76,Auckland,Give way,,,,,0,0,Urban,0,,,Fine,Null
1740770.1372,5927947.5716,842611,,505604,0,,0,2,,North,2023/2024,OLD NORTH ROAD,SH 16,,Minor Crash,No,2023,,North,,0,,Flat,,,,,,Overcast,214501,2,0,0,2,,,0,,,,,,Auckland Region,Nil,2-way,Sealed,,0,0,,80,,None,0,0,,76,Auckland,Nil,,,,,0,0,Open,0,,,Fine,Null
1764033.7381,5918813.1915,842614,,516601,0,0,0,1,0,East,2023/2024,KOHIMARAMA ROAD,SOUTHERN CROSS ROAD,,Non-Injury Crash,No,2023,0,East,0,0,1,Flat,0,,0,,1,Dark,506400,0,0,0,2,0,0,0,0,0,,0,0,Auckland Region,Nil,2-way,Sealed,0,0,0,0,50,0,On,0,0,,76,Auckland,Nil,0,0,0,0,0,0,Urban,0,0,0,Fine,Null
1760323.8707,5919948.3371,842619,,516400,0,0,0,1,0,West,2022/2023,TAMAKI DRIVE,NGAPIPI ROAD,,Non-Injury Crash,No,2023,0,West,0,0,0,Flat,0,,0,,0,Bright sun,455000,0,0,0,4,0,0,0,0,1,,0,0,Auckland Region,Nil,2-way,Sealed,0,0,0,0,50,0,Off,0,0,,76,Auckland,Nil,0,0,0,0,1,0,Urban,0,0,0,Fine,Null
1764516.5479,5911181.8409,842621,,520500,0,,0,1,,West,2022/2023,HILLSIDE ROAD,WALTERS ROAD,,Serious Crash,No,2023,,West,,0,,Flat,,,,,,Bright sun,636100,2,0,0,2,,,0,,,2,,,Auckland Region,Nil,2-way,Sealed,,0,1,,50,,Off,0,0,,76,Auckland,Nil,,,,,0,0,Urban,0,,,Fine,Null
1768146.3957,5901758.3628,842625,,525001,0,0,0,1,0,Null,2024/2025,MAICH ROAD,HALSEY ROAD,,Non-Injury Crash,No,2025,0,South,0,0,0,Flat,0,,0,,0,Twilight,751000,0,0,1,2,0,0,0,0,0,,0,0,Auckland Region,Speed hump,2-way,Sealed,0,0,0,0,50,0,On,0,0,,76,Auckland,Give way,0,0,0,0,0,0,Urban,0,1,0,Fine,Null
1775825.5163,5881899.7477,842627,,521160,0,,0,1,,West,2023/2024,MILL ROAD,BOMBAY OFF RAMP,,Minor Crash,No,2024,,West,,0,,Flat,,,,,,Overcast,827603,3,0,0,2,,,0,,,,,,Auckland Region,Nil,2-way,Sealed,,0,0,,60,,Off,0,0,,76,Auckland,Stop,,,,,0,0,Urban,1,,,Fine,Null
1756272.9539,5943955.1516,842630,,505909,0,,0,2,,South,2022/2023,WADE RIVER ROAD,WHANGAPARAOA ROAD,,Non-Injury Crash,No,2023,,North,,0,,Hill Road,,,,,,Overcast,174013,0,0,0,2,,,0,,,,,,Auckland Region,Nil,2-way,Sealed,,0,0,,50,,None,0,0,,76,Auckland,Nil,,,,,0,0,Urban,0,,,Fine,Null
1741809.7555,5911620.6647,842634,,512902,0,0,0,1,0,South,2023/2024,WEST COAST ROAD,RIMU ROAD,,Serious Crash,No,2024,0,South,0,0,0,Hill Road,0,,0,,0,Bright sun,279102,0,0,0,2,0,0,0,0,0,,0,0,Auckland Region,Nil,2-way,Sealed,0,0,2,0,60,0,Off,0,0,,76,Auckland,Nil,0,0,0,0,0,0,Urban,0,0,0,Fine,Null
1762007.8566,5906810.2675,842637,,524302,0,,0,2,,East,2022/2023,MASSEY ROAD,GEORGE STREET,,Minor Crash,No,2023,,North,,0,,Flat,,,,,,Overcast,743500,1,0,0,2,,,0,,,,,,Auckland Region,Nil,2-way,Sealed,,0,0,,50,,Off,0,0,,76,Auckland,Nil,,,,,0,0,Urban,1,,,Fine,Null
1749341.0588,5941268.0192,842642,,506300,0,,0,2,,South,2023/2024,NORTHERN MOTORWAY,WILKS OBR,,Minor Crash,Yes,2024,,South,,0,,Flat,,,,,,Overcast,175902,1,0,0,2,,,0,,,,,,Auckland Region,Nil,1-way,Sealed,,0,0,,100,,Null,1,0,,76,Auckland,Nil,,,,,0,0,Open,0,,,Fine,Null
1749640.6011,5916821.8765,842650,,514801,0,0,0,0,0,South,2023/2024,ROSEBANK ROAD,FREMLIN PLACE,,Minor Crash,No,2023,0,West,0,0,0,Flat,0,,0,,0,Dark,389300,1,0,0,2,0,0,0,0,0,,0,0,Auckland Region,Nil,2-way,Sealed,0,0,0,0,50,0,On,0,0,,76,Auckland,Nil,0,0,0,1,0,0,Urban,1,0,0,Light rain,Strong wind
1757071.0679,5919907.8449,842662,,514102,0,0,0,2,0,Null,2024/2025,MAYORAL DRIVE,GREYS AVENUE,,Non-Injury Crash,No,2024,0,West,0,0,0,Flat,0,,1,,0,Dark,435202,0,0,0,2,0,0,0,0,0,,0,0,Auckland Region,Nil,2-way,Sealed,0,0,0,0,30,0,On,0,0,,76,Auckland,Traffic Signals,0,1,0,0,0,0,Urban,0,1,0,Light rain,Null
1759200.5369,5910182.7602,842665,,524002,0,0,0,3,0,East,2025/2026,RIMU ROAD,CORONATION ROAD,,Non-Injury Crash,No,2025,0,East,0,0,0,Flat,0,,0,,0,Dark,722000,0,0,0,2,0,0,0,0,1,,0,0,Auckland Region,Nil,2-way,Sealed,0,0,0,0,50,0,On,0,0,,76,Auckland,Nil,0,0,0,0,0,0,Urban,0,0,0,Fine,Null
1765697.9726,5906784.2791,842670,,522202,0,,0,1,,Null,2024/2025,GREAT SOUTH ROAD,HOTEO AVENUE,,Minor Crash,No,2025,,North,,0,,Flat,,,,,,Overcast,663500,1,0,0,4,,,0,,,,,,Auckland Region,Nil,2-way,Sealed,,0,0,,50,,Off,0,0,,76,Auckland,Stop,,,,,0,0,Urban,1,,,Light rain,Null
1755584.3841,5914116.18,842673,,518803,0,0,0,3,0,West,2025/2026,MOUNT ALBERT ROAD,PARAU STREET,,Minor Crash,No,2026,0,West,0,0,1,Flat,0,,0,,0,Bright sun,580900,1,0,0,2,0,0,0,0,2,,0,0,Auckland Region,Nil,2-way,Sealed,0,0,0,0,50,0,Off,0,0,,76,Auckland,Nil,0,0,0,0,0,0,Urban,0,0,0,Fine,Null
1743091.1587,5918182.6544,842679,,513220,0,0,0,1,0,Null,2022/2023,MILLCROFT LANE,FERNGROVE AVENUE,,Non-Injury Crash,No,2023,0,North,0,0,0,Flat,0,,0,,0,Bright sun,236611,0,0,0,2,0,0,0,0,0,,0,0,Auckland Region,Nil,2-way,Sealed,0,0,0,0,50,0,Off,0,0,,76,Auckland,Nil,0,0,0,1,0,0,Urban,0,0,0,Fine,Null
1772869.3364,5896821.3169,842686,,525420,0,0,0,2,0,West,2023/2024,INGRAM STREET,VIEW ROAD,,Non-Injury Crash,No,2023,0,East,0,0,1,Flat,0,,0,,0,Dark,792603,0,0,0,2,0,0,0,0,1,,0,0,Auckland Region,Nil,2-way,Sealed,0,0,0,0,50,0,On,0,0,,76,Auckland,Nil,0,0,0,0,0,0,Urban,0,0,0,Fine,Null
1760325.5056,5912564.7763,842705,,520000,0,,0,1,,South,2025/2026,CAPTAIN SPRINGS ROAD,HERETAUNGA AVENUE,,Minor Crash,No,2025,,South,,0,,Flat,,,,,,Dark,606600,1,0,1,2,,,0,,,,,,Auckland Region,Nil,2-way,Sealed,,0,0,,50,,On,0,0,,76,Auckland,Nil,,,,,0,0,Urban,0,,,Fine,Null
1756106.1721,5923773.4907,842706,,509800,0,,0,1,,North,2022/2023,NORTHERN MOTORWAY,WEIGH BRIDGE,,Non-Injury Crash,Yes,2023,,South,,0,,Flat,,,,,,Dark,358800,0,0,0,4,,,0,,,,,,Auckland Region,Nil,1-way,Sealed,,0,0,,80,,On,0,0,,76,Auckland,Nil,,,,,0,0,Open,1,,,Fine,Strong wind
1769396.744,5899749.5254,842710,,525002,0,,0,2,,Null,2023/2024,MAHIA ROAD,BEAUMONTS WAY EXTENSION,,Minor Crash,No,2024,,East,,0,,Flat,,,,,,Bright sun,754100,1,0,0,3,,,0,,,,,,Auckland Region,Nil,2-way,Sealed,,0,0,,50,,Off,0,0,,76,Auckland,Stop,,,,,0,0,Urban,0,,,Fine,Strong wind
1771312.7823,5895806.8272,842715,,525540,0,0,0,1,0,South,2022/2023,SOUTHERN MOTORWAY,PAPAKURA OFF RAMP,,Non-Injury Crash,Yes,2023,0,South,0,0,0,Flat,1,,0,,0,Overcast,806208,0,0,0,2,0,0,0,0,0,,0,0,Auckland Region,Nil,2-way,Sealed,0,0,0,0,100,0,Off,0,0,80,76,Auckland,Nil,0,0,0,0,0,0,Open,0,0,0,Fine,Null
1770701.8359,5898580.9478,842726,,523920,0,,0,3,,Null,2023/2024,GREAT SOUTH ROAD,TAKA STREET,,Non-Injury Crash,No,2023,,North,,0,,Flat,,,,,,Overcast,768001,0,0,0,4,,,0,,,,,,Auckland Region,Nil,2-way,Sealed,,0,0,,50,,None,0,0,,76,Auckland,Nil,,,,,0,0,Urban,0,,,Fine,Null
1756124.0387,5915556.6824,842727,,518302,0,,0,2,,Null,2022/2023,MARSDEN AVENUE,KINGSFORD ROAD,,Serious Crash,No,2023,,East,,0,,Flat,,,,,,Bright sun,559100,0,0,0,2,,,0,,,,,,Auckland Region,Nil,2-way,Sealed,,0,1,,50,,Off,0,0,,76,Auckland,Stop,,,,,0,0,Urban,0,,,Fine,Null
1786015.1749,5926275.4824,842729,,520801,0,,0,1,,East,2025/2026,WAIHEKE ROAD,THIRD AVENUE,,Non-Injury Crash,No,2026,,West,,0,,Hill Road,,,,,,Overcast,515709,0,0,0,2,,,0,,,,,,Auckland Region,Nil,2-way,Sealed,,0,0,,40,,None,0,0,,76,Auckland,Nil,,,,,0,0,Urban,0,,,Mist or Fog,Null
1741314.3257,5927549.9521,842730,,505604,0,,0,2,,North,2022/2023,COATESVILLE-RIVERHEAD HIGHWAY,SH 16,,Non-Injury Crash,No,2023,,South,,0,,Hill Road,,,,,,Overcast,214502,0,0,0,2,,,0,,,,,,Auckland Region,Nil,2-way,Sealed,,0,0,,60,,Off,0,0,,76,Auckland,Nil,,,,,0,0,Urban,0,,,Fine,Null
1752797.4989,5918119.9843,842742,,515003,0,,0,2,,East,2022/2023,NORTH-WESTERN MOTORWAY,GREAT NORTH ROAD OFF RAMP,,Non-Injury Crash,Yes,2023,,West,,0,,Flat,,,,,,Dark,390600,0,0,0,4,,,0,,,,,,Auckland Region,Nil,1-way,Sealed,,0,0,,100,,On,0,0,,76,Auckland,Nil,,,,,0,0,Open,0,,,Fine,Null
1765367.3724,5909149.4682,842762,,523402,0,,0,0,,South,2024/2025,SOUTHERN MOTORWAY,HIGHBROOK DRIVE ON RAMP,,Non-Injury Crash,Yes,2024,,North,,0,,Flat,,,,,,Overcast,696900,0,0,0,3,,,0,,,,,,Auckland Region,Bridge,1-way,Sealed,,0,0,,100,,Off,2,0,,76,Auckland,Nil,,,,,0,0,Open,1,,,Fine,Null
1772414.5615,5896298.2123,842763,,525410,0,,0,2,,Null,2022/2023,ELLIOT STREET,WOOD STREET,,Minor Crash,No,2023,,East,,0,,Hill Road,,,,,,Bright sun,791802,1,0,0,2,,,0,,,,,,Auckland Region,Nil,2-way,Sealed,,0,0,,50,,Off,0,0,,76,Auckland,Stop,,,,,0,0,Urban,0,,,Fine,Null
1763924.569,5916983.8383,842769,,516302,0,0,0,1,0,South,2025/2026,NORMAN LESSER DRIVE,WAIKATO PLACE,,Non-Injury Crash,No,2025,0,South,0,0,0,Hill Road,0,,0,,0,Dark,463705,0,0,0,2,0,0,0,0,1,,0,0,Auckland Region,Nil,2-way,Sealed,0,0,0,0,50,0,On,1,0,,76,Auckland,Nil,0,0,0,0,0,0,Urban,0,0,0,Fine,Null
1752200.0778,5946939.0097,842770,,505808,0,,0,1,,Null,2023/2024,RED BEACH ROAD,WHANGAPARAOA ROAD,,Non-Injury Crash,No,2024,,East,,0,,Hill Road,,,,,,Bright sun,173115,0,0,0,2,,,0,,,,,,Auckland Region,Nil,2-way,Sealed,,0,0,,50,,Off,1,0,,76,Auckland,Traffic Signals,,,,,0,0,Urban,0,,,Fine,Null
1766678.5206,5904225.3799,842777,,524604,0,0,0,1,0,North,2025/2026,LAMBIE DRIVE,LAMBIE DRIVE OFF RAMP,,Non-Injury Crash,No,2025,0,North,0,0,0,Flat,1,Labour Weekend,0,,0,Overcast,780209,0,0,0,2,0,0,0,0,0,,0,0,Auckland Region,Nil,1-way,Sealed,0,0,0,0,60,0,Off,0,0,,76,Auckland,Nil,0,0,0,0,0,0,Urban,0,0,0,Fine,Strong wind
1748909.3245,5914420.4133,842783,,511302,0,0,0,1,0,West,2022/2023,RIMU STREET,HINEKOHU STREET,,Minor Crash,No,2023,0,West,0,0,0,Flat,0,,0,,1,Bright sun,268200,1,0,0,2,0,0,0,0,0,,0,1,Auckland Region,Nil,2-way,Sealed,0,0,0,0,50,0,Off,0,0,,76,Auckland,Nil,0,0,0,0,0,0,Urban,0,0,0,Fine,Null
1761433.5258,5915481.5387,842786,,520201,0,0,0,1,0,North,2022/2023,LADIES MILE,MORRIN STREET,,Non-Injury Crash,No,2023,0,South,0,0,0,Flat,0,,0,,0,Dark,610000,0,0,0,2,0,0,0,0,1,,0,0,Auckland Region,Nil,2-way,Sealed,0,0,0,0,50,0,On,1,0,,76,Auckland,Nil,0,0,0,0,0,0,Urban,0,0,0,Fine,Null
1758539.9792,5903232.3178,842790,,524200,0,0,0,1,0,South,2022/2023,RAY EMERY DRIVE,TERMINAL EXIT ROAD,,Non-Injury Crash,No,2023,0,North,0,0,0,Flat,0,,0,,0,Dark,727200,0,0,0,2,0,0,0,0,0,,0,0,Auckland Region,Nil,1-way,Sealed,0,0,0,0,30,0,On,0,0,,76,Auckland,Nil,0,1,0,0,0,0,Urban,0,0,0,Fine,Null
1763064.0041,5907949.7797,842793,,524530,0,,0,1,,Null,2024/2025,VINE STREET,MASSEY ROAD,,Non-Injury Crash,No,2024,,East,,0,,Flat,,,,,,Bright sun,733300,0,0,0,3,,,0,,,,,,Auckland Region,Nil,1-way,Sealed,,0,0,,50,,Off,0,0,,76,Auckland,Give way,,,,,0,0,Urban,1,,,Fine,None
1769381.8218,5881161.7811,842802,,525910,0,,0,2,,Null,2022/2023,STADIUM DRIVE,EAST STREET,,Non-Injury Crash,No,2023,,South,,0,,Flat,,,,,,Bright sun,817300,0,0,0,4,,,0,,,,,,Auckland Region,Nil,2-way,Sealed,,0,0,,50,,Off,0,0,,76,Auckland,Give way,,,,,0,0,Urban,0,,,Fine,Null
1766011.201,5903774.9156,842810,,524604,0,,0,0,,West,2023/2024,SOUTH-WESTERN MOTORWAY,PLUNKET OBR,,Non-Injury Crash,Yes,2024,,West,,0,,Flat,,,,,,Bright sun,780208,0,0,0,2,,,0,,,,,,Auckland Region,Nil,1-way,Sealed,,0,0,,100,,Off,0,0,,76,Auckland,Nil,,,,,0,0,Open,2,,,Fine,Null
1766293.132,5906825.5288,842817,,522302,0,0,0,0,0,East,2024/2025,HAMILTON ROAD,HUIA ROAD,,Non-Injury Crash,No,2024,0,East,0,0,0,Flat,0,,0,,0,Overcast,668100,0,0,0,2,0,0,0,0,1,2,0,0,Auckland Region,Nil,2-way,Sealed,0,0,0,0,50,0,On,1,0,,76,Auckland,Nil,0,0,0,0,1,0,Urban,0,0,0,Fine,Null
1756136.5186,5923911.9852,842825,,509800,0,,0,2,,South,2025/2026,NORTHERN MOTORWAY,WEIGH BRIDGE,,Non-Injury Crash,Yes,2025,,South,,0,,Flat,,,,,,Dark,361200,0,0,0,4,,,0,,,,,,Auckland Region,Nil,1-way,Sealed,,0,0,,80,,On,0,0,70,76,Auckland,Nil,,,,,0,0,Open,0,,,Heavy rain,Null
1750568.9378,5939782.4466,842834,,506003,0,,0,2,,South,2023/2024,NORTHERN MOTORWAY,BAWDEN OBR,,Non-Injury Crash,Yes,2023,,South,,0,,Flat,,,,,,Bright sun,175818,0,0,0,2,,,0,,,,,,Auckland Region,Nil,1-way,Sealed,,0,0,,100,,None,0,0,,76,Auckland,Nil,,,,,0,0,Open,0,,,Fine,Null
1744510.7396,5918790.5617,842857,,513302,0,,0,1,,South,2025/2026,RATHGAR ROAD,MAURICE BORICH PLACE,,Minor Crash,No,2025,,North,,0,,Flat,,,,,,Overcast,233300,1,0,0,2,,,0,,,1,,,Auckland Region,Nil,2-way,Sealed,,0,0,,30,,Off,0,0,,76,Auckland,Nil,,,,,0,0,Urban,0,,,Fine,Null
1770232.0983,5881537.2792,842858,,525910,0,,0,1,,Null,2023/2024,EAST STREET,NGAHERE ROAD,,Non-Injury Crash,No,2024,,West,,0,,Flat,,,,,,Bright sun,816800,0,0,0,2,,,0,,,,,,Auckland Region,Nil,2-way,Sealed,,0,0,,50,,Off,0,0,,76,Auckland,Give way,,,,,0,0,Urban,1,,,Fine,Null
1772509.8266,5898182.5929,842862,,523912,0,0,0,1,0,West,2024/2025,WALTERS ROAD,BRUCE PULMAN PARK,,Minor Crash,No,2024,0,East,0,0,0,Flat,0,,0,,0,Dark,765410,1,0,0,2,0,0,0,0,0,,0,0,Auckland Region,Nil,2-way,Sealed,0,0,0,0,50,0,On,0,0,,76,Auckland,Nil,0,0,0,1,0,0,Urban,0,0,0,Heavy rain,Null
1736937.6918,5917624.4301,842865,,513800,0,,0,0,,West,2024/2025,SCENIC DRIVE,TE HENGA ROAD,,Non-Injury Crash,No,2024,,East,,0,,Hill Road,,,,,,Bright sun,281700,0,0,0,2,,,0,,,,,,Auckland Region,Nil,2-way,Sealed,,0,0,,60,,Off,1,0,,76,Auckland,Nil,,,,,1,0,Urban,0,,,Fine,Null
1773112.9322,5895944.9703,842866,,525410,0,0,0,1,0,Null,2023/2024,RAILWAY STREET WEST,CHAPEL STREET,,Non-Injury Crash,No,2024,0,East,0,0,1,Flat,0,,1,,0,Overcast,793200,0,0,0,2,0,0,0,0,0,,0,0,Auckland Region,Nil,2-way,Sealed,0,0,0,0,50,0,Off,0,0,,76,Auckland,Give way,0,0,0,0,0,0,Urban,0,0,0,Light rain,Strong wind
1768765.9603,5904549.8493,842870,45,523722,0,,0,0,,Null,2023/2024,REDOUBT ROAD,HOLLYFORD DRIVE,,Non-Injury Crash,No,2023,,West,,0,,Flat,,,,,,Bright sun,715909,0,0,0,2,,,0,,,,,,Auckland Region,Nil,2-way,Sealed,,0,0,,50,,Off,1,0,,76,Auckland,Give way,,,,,0,0,Urban,1,,,Fine,None
1770894.8735,5898393.6799,842881,,523912,0,,0,2,,East,2025/2026,GREAT SOUTH ROAD,GRAHAM ROAD,,Minor Crash,No,2025,,North,,0,,Flat,,,,,,Overcast,767600,1,0,0,2,,,0,,,,,,Auckland Region,Nil,2-way,Sealed,,0,0,,50,,Off,0,0,,76,Auckland,Nil,,,,,0,0,Urban,0,,,Fine,Null
1766436.4367,5905231.6571,842889,,524603,0,,0,1,,Null,2023/2024,LAMBIE DRIVE,PUHINUI ROAD,,Non-Injury Crash,No,2024,,North,,0,,Flat,,,,,,Bright sun,674300,0,0,0,2,,,0,,,,,,Auckland Region,Nil,1-way,Sealed,,0,0,,50,,Off,1,0,,76,Auckland,Traffic Signals,,,,,0,0,Urban,0,,,Fine,None
1764656.9209,5905753.1384,842894,,522100,0,0,0,0,0,Null,2023/2024,WYLLIE ROAD,STATION ROAD,,Minor Crash,No,2024,0,North,0,0,1,Flat,0,,0,,0,Overcast,657800,1,0,0,2,0,0,0,0,0,,0,0,Auckland Region,Nil,1-way,Sealed,0,0,0,0,50,0,Off,0,0,,76,Auckland,Traffic Signals,0,0,0,0,0,0,Urban,1,0,0,Fine,Null
1747498.5016,5912292.1111,842899,,511901,0,0,0,1,0,South,2022/2023,ATKINSON ROAD,CAPTAIN SCOTT ROAD,,Non-Injury Crash,No,2023,0,North,0,0,0,Hill Road,1,,0,,0,Dark,293701,0,0,0,2,0,0,0,0,0,,0,0,Auckland Region,Nil,2-way,Sealed,0,0,0,0,50,0,On,0,0,,76,Auckland,Nil,0,0,0,0,0,0,Urban,0,0,0,Fine,Null
1748716.3499,5913183.6743,842902,,511401,0,0,0,3,0,South,2024/2025,TITIRANGI ROAD,NORTHALL ROAD,,Minor Crash,No,2024,0,South,0,0,0,Flat,0,,0,,0,Overcast,262600,1,0,0,2,0,0,0,0,1,,0,0,Auckland Region,Nil,2-way,Sealed,0,0,0,0,50,0,On,0,0,,76,Auckland,Nil,0,0,0,0,0,0,Urban,0,0,0,Heavy rain,Null
1767742.6636,5905020.7816,842905,,523722,0,,0,2,,South,2024/2025,SOUTHERN MOTORWAY,TE IRIRANGI OBR,,Non-Injury Crash,Yes,2024,,South,,0,,Flat,,Christmas New Year,,,,Dark,715801,0,0,0,3,,,0,,,,,,Auckland Region,Nil,1-way,Sealed,,0,0,,100,,On,0,0,,76,Auckland,Nil,,,,,0,0,Open,0,,,Light rain,Null
1746630.3322,5926017.6878,842906,,513432,0,,0,2,,Null,2023/2024,HOBSONVILLE ROAD,BRIGHAM CREEK ROAD,,Non-Injury Crash,No,2024,,East,,0,,Flat,,,,,,Bright sun,223005,0,0,0,2,,,0,,,,,,Auckland Region,Nil,2-way,Sealed,,0,0,,50,,Off,0,0,,76,Auckland,Stop,,,,,0,0,Urban,0,,,Fine,Null
1740332.9391,5981810.9635,842911,55,506660,0,0,0,1,0,North,2022/2023,WAYBY VALLEY ROAD,WILSON ROAD,,Non-Injury Crash,No,2023,0,North,0,0,1,Hill Road,0,,0,,0,Overcast,136303,0,0,0,2,0,0,0,0,0,,0,0,Auckland Region,Nil,2-way,Sealed,0,0,0,0,100,0,None,0,0,,76,Auckland,Nil,0,0,0,0,0,0,Open,0,0,0,Fine,Null
1753085.5295,5884764.0375,842913,55,521152,0,0,0,1,0,South,2025/2026,GLENBROOK BEACH ROAD,DUNSMUIR ROAD,,Minor Crash,No,2025,0,South,1,0,0,Flat,0,,0,,0,Dark,833800,4,0,0,2,0,0,0,0,0,,0,0,Auckland Region,Nil,2-way,Sealed,0,0,0,0,80,0,None,0,0,,76,Auckland,Nil,0,0,0,0,0,0,Open,0,0,0,Light rain,Null
1738782.8495,5944696.4611,842914,,506614,0,0,0,1,0,North,2023/2024,WAITOKI ROAD,KAHIKATEA FLAT ROAD,,Minor Crash,No,2024,0,North,0,0,0,Flat,0,,0,,0,Dark,177600,1,0,0,2,0,0,0,0,0,,0,0,Auckland Region,Nil,2-way,Sealed,0,0,0,0,50,0,None,0,0,,76,Auckland,Nil,0,0,0,1,0,0,Urban,0,0,0,Fine,Null
1770783.1192,5888014.7548,842918,,521122,0,0,0,1,1,North,2023/2024,BURTT ROAD,SOLITAIRE LANE,,Non-Injury Crash,No,2024,0,North,0,0,0,Hill Road,0,,0,,0,Dark,813400,0,0,0,2,0,0,0,0,0,,0,0,Auckland Region,Nil,2-way,Sealed,0,0,0,0,80,0,None,0,0,,76,Auckland,Nil,0,0,0,0,0,0,Open,0,0,0,Light rain,Null
1770073.0537,5906041.3548,842921,,523712,0,,0,1,,Null,2024/2025,CASTLEBANE DRIVE,EASTFIELD AVENUE,,Non-Injury Crash,No,2025,,North,,0,,Null,,,,,,Unknown,713201,0,0,0,2,,,0,,,,,,Auckland Region,Nil,2-way,Sealed,,0,0,,50,,Null,0,0,,76,Auckland,Give way,,,,,0,0,Urban,0,,,Null,Null
1757238.5829,5912452.5553,842937,,518702,0,,0,2,,South,2024/2025,SOUTH-WESTERN MOTORWAY,HILLSBOROUGH ROAD OFF RAMP,,Non-Injury Crash,Yes,2024,,Null,,0,,Flat,,,,,,Bright sun,570900,0,0,0,3,,,0,,,,,,Auckland Region,Nil,1-way,Sealed,,0,0,,100,,Off,0,0,,76,Auckland,Nil,,,,,0,0,Open,0,,,Fine,Null