X,Y,OBJECTID,advisorySpeed,areaUnitID,bicycle,bridge,bus,carStationWagon,cliffBank,crashDirectionDescription,crashFinancialYear,crashLocation1,crashLocation2,crashRoadSideRoad,crashSeverity,crashSHDescription,crashYear,debris,directionRoleDescription,ditch,fatalCount,fence,flatHill,guardRail,holiday,houseOrBuilding,intersection,kerb,light,meshblockId,minorInjuryCount,moped,motorcycle,NumberOfLanes,objectThrownOrDropped,otherObject,otherVehicleType,overBank,parkedVehicle,pedestrian,phoneBoxEtc,postOrPole,region,roadCharacter,roadLane,roadSurface,roadworks,schoolBus,seriousInjuryCount,slipOrFlood,speedLimit,strayAnimal,streetLight,suv,taxi,temporarySpeedLimit,tlaId,tlaName,trafficControl,trafficIsland,trafficSign,train,tree,truck,unknownVehicleType,urban,vanOrUtility,vehicle,waterRiver,weatherA,weatherB
1756249.6681,5919258.5019,842942,,514200,0,,0,4,,Null,2023/2024,KARANGAHAPE ROAD,NEWTON ROAD,,Non-Injury Crash,No,2024,,South,,0,,Hill Road,,,,,,Bright sun,411700,0,0,0,6,,,0,,,,,,Auckland Region,Nil,2-way,Sealed,,0,0,,50,,Off,0,0,,76,Auckland,Traffic Signals,,,,,0,0,Urban,0,,,Fine,Null
1751311.2877,5950760.3382,842943,,505805,0,0,0,2,0,North,2022/2023,HIBISCUS COAST HIGHWAY,PURIRI AVENUE,,Non-Injury Crash,No,2023,0,South,0,0,0,Flat,0,,0,,0,Overcast,171103,0,0,0,2,0,0,0,0,1,,0,0,Auckland Region,Nil,2-way,Sealed,0,0,0,0,50,0,Off,0,0,,76,Auckland,Nil,0,0,0,0,0,0,Urban,0,0,0,Fine,Null
1757643.9557,5913575.2366,842945,,518702,0,,0,1,,Null,2024/2025,MOUNT ALBERT ROAD,PAH ROAD,,Non-Injury Crash,No,2024,,East,,0,,Flat,,,,,,Bright sun,567900,0,0,0,4,,,0,,,,,,Auckland Region,Nil,2-way,Sealed,,0,0,,50,,Off,0,0,,76,Auckland,Traffic Signals,,,,,0,0,Urban,1,,,Fine,Null
1759967.6899,5886215.8416,842950,,521122,0,0,0,0,0,Null,2023/2024,IRWIN ROAD,KINGSEAT ROAD,,Non-Injury Crash,No,2024,0,West,0,0,0,Flat,1,,0,,0,Overcast,810902,0,0,0,2,0,0,0,0,0,,0,0,Auckland Region,Nil,2-way,Sealed,0,0,0,0,60,0,None,0,0,,76,Auckland,Stop,0,0,0,0,0,0,Urban,1,0,0,Fine,Null
1769016.5556,5902586.1741,842951,,524901,0,,0,2,,South,2022/2023,SOUTHERN MOTORWAY,PUHINUI STM BR,,Minor Crash,Yes,2023,,North,,0,,Flat,,,,,,Twilight,755000,1,0,0,3,,,0,,,,,,Auckland Region,Nil,1-way,Sealed,,0,0,,100,,On,0,0,,76,Auckland,Nil,,,,,0,0,Open,0,,,Fine,Null
1744798.0888,5919808.2209,842954,,513301,0,,0,2,,Null,2023/2024,UNIVERSAL DRIVE,PENFOLD PLACE,,Non-Injury Crash,No,2024,,West,,0,,Flat,,,,,,Bright sun,234403,0,0,0,2,,,0,,,,,,Auckland Region,Nil,2-way,Sealed,,0,0,,50,,None,0,0,,76,Auckland,Give way,,,,,0,0,Urban,0,,,Fine,Null
1742298.7671,5912079.863,842955,,512902,0,,0,1,,South,2022/2023,WEST COAST ROAD,KAURI LOOP ROAD,,Serious Crash,No,2023,,North,,0,,Hill Road,,,,,,Dark,279300,2,0,0,2,,,0,,,,,,Auckland Region,Nil,2-way,Sealed,,0,1,,70,,On,1,0,,76,Auckland,Nil,,,,,0,0,Urban,0,,,Fine,Null
1754260.2142,5930089.1855,842962,,508420,0,0,0,2,0,East,2024/2025,TARGET ROAD,CHEVAL DRIVE,,Minor Crash,No,2024,0,West,0,0,0,Flat,0,,0,,0,Overcast,182027,1,0,0,2,0,0,0,0,1,,0,0,Auckland Region,Nil,2-way,Sealed,0,0,0,0,50,0,Off,0,0,,76,Auckland,Nil,0,0,0,0,0,0,Urban,0,0,0,Fine,Null
1752080.8516,5930913.2752,842974,,508807,0,,0,2,,East,2023/2024,BUSH ROAD,BEATRICE TINSLEY CRESCENT,,Non-Injury Crash,No,2023,,West,,0,,Flat,,,,,,Bright sun,180809,0,0,0,2,,,0,,,,,,Auckland Region,Nil,2-way,Sealed,,0,0,,50,,Null,0,0,,76,Auckland,Nil,,,,,0,0,Urban,0,,,Fine,Null
1783667.32,5905996.3754,842981,,525201,0,0,0,1,0,West,2022/2023,CLEVEDON-KAWAKAWA ROAD,ATCHISON BR,,Minor Crash,No,2023,0,West,0,0,0,Hill Road,0,,0,,0,Bright sun,764400,1,0,0,2,0,0,0,1,0,,0,0,Auckland Region,Nil,2-way,Sealed,0,0,0,0,100,0,Off,0,0,,76,Auckland,Nil,0,0,0,0,0,0,Open,1,0,0,Fine,Null
1764805.7906,5903809.5466,842986,,524604,0,,0,2,,Null,2023/2024,CAVENDISH DRIVE,CAVENDISH DRIVE ON RAMP,,Non-Injury Crash,No,2023,,East,,0,,Flat,,,,,,Bright sun,781301,0,0,0,2,,,0,,,,,,Auckland Region,Motorway ramp,1-way,Sealed,,0,0,,60,,None,0,0,,76,Auckland,Traffic Signals,,,,,0,0,Urban,0,,,Fine,Null
1756721.4637,5927477.0888,842990,,507900,0,,0,1,,Null,2023/2024,TAHAROTO ROAD,NORTHCOTE ROAD,,Minor Crash,No,2024,,North,,0,,Flat,,,,,,Dark,303502,1,0,0,3,,,0,,,,,,Auckland Region,Nil,1-way,Sealed,,0,0,,50,,On,0,0,,76,Auckland,Traffic Signals,,,,,0,0,Urban,1,,,Fine,Null
1757489.0388,5926530.8167,842994,,507900,0,0,0,2,0,South,2023/2024,BARRYS POINT ROAD,DES SWANN DRIVE,,Non-Injury Crash,No,2023,0,West,0,0,0,Flat,0,,1,,0,Overcast,304100,0,0,0,2,0,0,0,0,1,,0,0,Auckland Region,Nil,2-way,Sealed,0,0,0,0,50,0,Off,0,0,,76,Auckland,Nil,0,0,0,0,0,0,Urban,0,0,0,Light rain,Null
1753187.2869,5927106.7549,842998,,508220,0,0,0,2,0,West,2023/2024,SEAVIEW ROAD,STANLEY ROAD,,Non-Injury Crash,No,2023,0,West,0,0,0,Flat,0,,0,,0,Dark,188200,0,0,0,2,0,0,0,0,1,,0,0,Auckland Region,Nil,2-way,Sealed,0,0,0,0,50,0,On,0,0,,76,Auckland,Nil,0,0,0,0,0,0,Urban,0,0,0,Fine,Null
1772182.5844,5902224.8703,843002,,523818,0,0,0,1,0,Null,2023/2024,MILL ROAD,RANFURLY ROAD,,Non-Injury Crash,No,2023,0,South,0,0,0,Flat,0,Labour Weekend,0,,0,Dark,760904,0,0,0,2,0,0,0,0,0,,0,0,Auckland Region,Nil,2-way,Sealed,0,0,0,0,60,0,On,0,0,,76,Auckland,Stop,0,1,0,1,0,0,Urban,0,0,0,Fine,Null
1740998.8859,5965030.4451,843010,,506613,0,,0,0,,East,2023/2024,WOODCOCKS ROAD,OLD WOODCOCKS ROAD,,Serious Crash,No,2024,,East,,0,,Flat,,,,,,Dark,145900,0,0,1,2,,,0,,,,,,Auckland Region,Nil,2-way,Sealed,,0,1,,100,,Off,0,0,,76,Auckland,Nil,,,,,0,0,Open,0,,,Light rain,Null
1746708.9499,5917741.5883,843017,,512500,0,,0,1,,South,2024/2025,TE ATATU ROAD,ROBERTS ROAD,,Non-Injury Crash,No,2025,,North,,0,,Null,,,,,,Bright sun,257300,0,0,0,2,,,0,,,,,,Auckland Region,Nil,2-way,Sealed,,0,0,,50,,Null,1,0,,76,Auckland,Nil,,,,,0,1,Urban,0,,,Fine,Null
1755566.8975,5920121.3581,843026,,515302,1,,0,0,,South,2023/2024,PONSONBY ROAD,SUMMER STREET,,Non-Injury Crash,No,2023,,South,,0,,Flat,,,,,,Dark,430800,0,0,0,4,,,0,,,,,,Auckland Region,Nil,2-way,Sealed,,0,0,,40,,On,1,0,,76,Auckland,Nil,,,,,0,0,Urban,0,,,Fine,Null
1750174.4973,5949518.7422,843030,,505805,0,0,0,1,0,North,2023/2024,MAIRE ROAD,CROMPTON PLACE,,Non-Injury Crash,No,2023,0,Null,0,0,0,Hill Road,0,Christmas New Year,0,,0,Dark,176403,0,0,0,2,0,0,0,0,1,,0,0,Auckland Region,Nil,2-way,Sealed,0,0,0,0,50,0,On,0,0,,76,Auckland,Nil,0,0,0,0,0,0,Urban,0,0,0,Fine,Null
1773865.3333,5897966.6375,843033,,523912,0,,0,1,,North,2025/2026,COSGRAVE ROAD,MINHAS ROAD,,Serious Crash,No,2025,,South,,0,,Flat,,,,,,Twilight,765500,0,0,0,2,,,0,,,1,,,Auckland Region,Nil,2-way,Sealed,,0,1,,60,,On,0,0,,76,Auckland,Nil,,,,,0,0,Urban,0,,,Fine,Null
1775185.4787,5884841.9371,843041,,521132,0,,0,0,,Null,2025/2026,GREAT SOUTH ROAD,FLAY ROAD,,Minor Crash,No,2025,,North,,0,,Flat,,,,,,Overcast,815200,1,0,0,2,,,0,,,,,,Auckland Region,Nil,2-way,Sealed,,0,0,,80,,None,0,0,,76,Auckland,Nil,,,,,0,0,Open,2,,,Light rain,Null
1761116.0803,5907223.6405,843049,,524520,0,0,0,1,0,South,2024/2025,ROBERTSON ROAD,BARI LANE,,Non-Injury Crash,No,2025,0,South,0,0,0,Hill Road,0,,0,,0,Dark,735500,0,0,0,2,0,0,0,0,1,,0,0,Auckland Region,Nil,2-way,Sealed,0,0,0,0,50,0,On,0,0,,76,Auckland,Nil,0,0,0,0,0,0,Urban,1,0,0,Heavy rain,Strong wind
1757000.0515,5925873.9738,843057,,509702,0,0,0,1,0,Null,2025/2026,AKORANGA DRIVE,ESMONDE ROAD OFF RAMP,,Non-Injury Crash,No,2026,0,East,0,0,0,Flat,0,,0,,0,Bright sun,364602,0,0,0,3,0,1,0,0,0,,0,0,Auckland Region,Nil,1-way,Sealed,0,0,0,0,50,0,Off,0,0,,76,Auckland,Traffic Signals,0,0,0,0,0,0,Urban,1,0,0,Fine,Null
1754743.116,5931304.113,843063,,508520,0,,0,2,,Null,2022/2023,SUNSET ROAD,RAMP ROAD,,Non-Injury Crash,No,2023,,North,,0,,Flat,,,,,,Bright sun,191502,0,0,0,2,,,0,,,,,,Auckland Region,Nil,2-way,Sealed,,0,0,,50,,Off,0,0,,76,Auckland,Give way,,,,,0,0,Urban,0,,,Fine,Null
1762378.4708,5906001.8526,843073,,524200,0,,0,2,,South,2024/2025,SOUTH-WESTERN MOTORWAY,MASSEY ROAD OFF RAMP,,Non-Injury Crash,Yes,2025,,North,,0,,Flat,,,,,,Overcast,729000,0,0,0,2,,,0,,,,,,Auckland Region,Nil,1-way,Sealed,,0,0,,50,,Null,0,0,,76,Auckland,Nil,,,,,0,0,Urban,0,,,Null,Null
1767920.5718,5907770.1176,843074,,523602,0,0,0,0,0,East,2023/2024,EAST TAMAKI ROAD,HILLS ROAD,,Minor Crash,No,2024,0,West,0,0,0,Flat,0,Queens Birthday,0,,0,Dark,710000,1,0,0,2,0,0,0,0,0,,0,1,Auckland Region,Nil,1-way,Sealed,0,0,0,0,60,0,On,1,0,,76,Auckland,Isolated Pedestrian signal (non-intersection),0,1,0,0,0,0,Urban,0,0,0,Fine,Null
1769891.0019,5914881.4867,843083,,522712,0,,0,1,,North,2022/2023,BUCKLANDS BEACH ROAD,PAKURANGA ROAD,,Minor Crash,No,2023,,South,,0,,Flat,,,,,,Overcast,644800,1,0,0,2,,,0,,,1,,,Auckland Region,Nil,2-way,Sealed,,0,0,,50,,Off,0,0,,76,Auckland,Nil,,,,,0,0,Urban,0,,,Fine,Null
1768622.6826,5914032.9267,843085,,522810,0,,0,4,,Null,2022/2023,PAKURANGA ROAD,STANNILAND STREET,,Serious Crash,No,2023,,East,,0,,Hill Road,,Easter,,,,Bright sun,691300,0,0,0,4,,,0,,,,,,Auckland Region,Nil,2-way,Sealed,,0,1,,50,,Off,0,0,,76,Auckland,Nil,,,,,0,0,Urban,0,,,Fine,Null
1766151.0812,5907629.2532,843086,,523402,0,,0,1,,North,2023/2024,SOUTHERN MOTORWAY,EAST TAMAKI OBR,,Non-Injury Crash,Yes,2023,,South,,0,,Flat,,,,,,Bright sun,699300,0,0,0,3,,,0,,,,,,Auckland Region,Nil,1-way,Sealed,,0,0,,100,,Off,0,0,,76,Auckland,Nil,,,,,0,0,Open,2,,,Fine,Null
1780645.6848,5924708.3514,843090,,520801,1,0,0,0,0,South,2023/2024,DONALD BRUCE ROAD,ESSLIN ROAD,,Minor Crash,No,2024,0,North,0,0,0,Flat,0,,0,,0,Bright sun,516705,1,0,0,2,0,0,0,0,0,,0,0,Auckland Region,Nil,2-way,Sealed,0,0,0,0,50,0,Off,0,0,,76,Auckland,Nil,0,0,0,0,0,0,Urban,0,0,0,Fine,Null
1772727.7173,5895383.815,843094,,525530,0,,0,1,,Null,2023/2024,GREAT SOUTH ROAD,BEACH ROAD,,Non-Injury Crash,No,2023,,North,,0,,Flat,,,,,,Bright sun,804701,0,0,0,5,,,0,,,,,,Auckland Region,Nil,2-way,Sealed,,0,0,,50,,None,0,0,,76,Auckland,Traffic Signals,,,,,1,0,Urban,0,,,Fine,Null
1777520.8952,5911383.1109,843113,65,523202,0,0,0,1,0,North,2025/2026,WHITFORD MARAETAI ROAD,HENSON ROAD,,Non-Injury Crash,No,2025,0,West,1,0,0,Flat,0,,0,,0,Bright sun,718300,0,0,0,2,0,0,0,0,0,,0,0,Auckland Region,Nil,2-way,Sealed,0,0,0,0,80,0,Off,0,0,,76,Auckland,Nil,0,0,0,0,0,0,Open,0,0,0,Fine,Null
1755627.4444,5925576.3021,843114,,509702,0,0,0,2,0,Null,2023/2024,EXMOUTH ROAD,LAKE ROAD,,Non-Injury Crash,No,2023,0,West,0,0,0,Flat,0,,0,,0,Bright sun,365700,0,0,0,2,0,0,0,0,0,,0,1,Auckland Region,Nil,2-way,Sealed,0,0,0,0,50,0,None,0,0,,76,Auckland,Give way,1,0,0,0,0,0,Urban,0,0,0,Fine,Null
1758571.9745,5915218.3871,843117,,519300,0,,0,0,,Null,2022/2023,OFF ROAD HOSPITAL CARPARK,,,Minor Crash,No,2023,,South,,0,,Flat,,,,,,Overcast,623200,1,0,0,,,,0,,,1,,,Auckland Region,Nil,Off road,Sealed,,0,0,,,,Off,0,0,,76,Auckland,Nil,,,,,0,0,Urban,1,,,Fine,Null
1763438.4384,5910493.0482,843122,,521901,0,0,0,1,0,South,2024/2025,SALEYARDS ROAD,PORTAGE ROAD,,Minor Crash,No,2024,0,North,0,0,1,Flat,0,,0,,0,Overcast,781800,1,0,0,2,0,0,0,0,1,,0,0,Auckland Region,Nil,2-way,Sealed,0,0,0,0,50,0,Off,0,0,,76,Auckland,Nil,0,0,0,0,2,0,Urban,0,0,0,Light rain,Null
1757873.6074,5916675.0531,843127,,515700,0,,0,2,,Null,2022/2023,GILLIES AVENUE,EPSOM AVENUE,,Minor Crash,No,2023,,South,,0,,Flat,,,,,,Overcast,458200,2,0,0,4,,,0,,,,,,Auckland Region,Nil,2-way,Sealed,,0,0,,50,,Off,0,0,,76,Auckland,Traffic Signals,,,,,0,0,Urban,0,,,Fine,Null
1746781.8903,5918826.7107,843130,,512401,0,,0,1,,West,2024/2025,EDMONTON ROAD,FLANSHAW ROAD,,Minor Crash,No,2024,,East,,0,,Flat,,,,,,Bright sun,255500,1,0,0,5,,,0,,,,,,Auckland Region,Nil,2-way,Sealed,,0,0,,50,,Off,2,0,,76,Auckland,Nil,,,,,0,0,Urban,0,,,Fine,Null
1743703.0569,5907146.7723,843137,,512802,0,0,0,1,1,North,2024/2025,HUIA ROAD,STALEY ROAD,,Minor Crash,No,2024,0,North,1,0,0,Hill Road,0,,0,,0,Dark,302900,3,0,0,2,0,0,0,0,0,,0,0,Auckland Region,Nil,2-way,Sealed,0,0,0,0,50,0,None,0,0,,76,Auckland,Nil,0,0,0,0,0,0,Urban,0,0,0,Light rain,Null
1753690.2059,5928442.7765,843141,,508210,0,0,0,3,0,South,2024/2025,MAYFIELD ROAD,NEAL AVENUE,,Minor Crash,No,2025,0,South,0,0,0,Hill Road,0,,0,,1,Twilight,186301,1,0,0,2,0,0,0,0,1,,0,0,Auckland Region,Nil,2-way,Sealed,0,0,0,0,50,0,Off,0,0,,76,Auckland,Nil,0,0,0,0,0,0,Urban,1,1,0,Fine,Null
1748924.4739,5918435.4719,843142,,514801,0,,0,1,,North,2023/2024,NORTH-WESTERN MOTORWAY,ROSEBANK OBR,,Minor Crash,Yes,2023,,South,,0,,Flat,,,,,,Twilight,389200,1,0,1,5,,,0,,,,,,Auckland Region,Nil,1-way,Sealed,,0,0,,100,,Off,0,0,,76,Auckland,Nil,,,,,0,0,Open,0,,,Light rain,Null
1745401.7561,5917202.313,843153,,510800,0,0,0,1,0,South,2024/2025,RAILSIDE AVENUE,GREAT NORTH ROAD,,Serious Crash,No,2024,0,South,0,0,0,Flat,0,,0,,0,Dark,242700,0,0,0,3,0,0,0,0,1,1,0,0,Auckland Region,Nil,2-way,Sealed,0,0,1,0,50,0,On,0,0,,76,Auckland,Nil,0,0,0,0,0,1,Urban,0,0,0,Fine,Null
1756377.1576,5920213.9411,843154,,514000,0,,0,2,,South,2022/2023,NORTHERN MOTORWAY,WELLINGTON STREET ON RAMP,,Non-Injury Crash,Yes,2023,,North,,0,,Hill Road,,,,,,Dark,416800,0,0,0,3,,,0,,,,,,Auckland Region,Motorway ramp,1-way,Sealed,,0,0,,80,,On,0,0,,76,Auckland,Nil,,,,,0,0,Open,0,,,Fine,Null
1754599.1535,5924162.9763,843161,,510500,0,0,0,2,0,West,2023/2024,GLADE PLACE,LEARMONTH AVENUE,,Non-Injury Crash,No,2023,0,North,0,0,0,Hill Road,0,,0,,0,Bright sun,358000,0,0,0,2,0,0,0,0,1,1,0,0,Auckland Region,Nil,2-way,Sealed,0,0,0,0,50,0,None,0,0,,76,Auckland,Nil,0,0,0,0,0,0,Urban,1,0,0,Fine,Null
1758024.4918,5917335.4791,843176,,515700,0,,0,1,,Null,2025/2026,GILLIES AVENUE,ALBURY AVENUE,,Minor Crash,No,2025,,North,,0,,Flat,,,,,,Overcast,457700,1,0,1,4,,,0,,,,,,Auckland Region,Nil,2-way,Sealed,,0,0,,50,,Off,0,0,,76,Auckland,Give way,,,,,0,0,Urban,0,,,Light rain,Null
1747015.9018,5913789.7537,843192,,511100,0,0,0,2,0,Null,2023/2024,GLENMALL PLACE,GLENDALE ROAD,,Serious Crash,No,2024,0,West,0,0,2,Flat,0,,0,,0,Bright sun,286200,0,0,0,2,0,0,0,0,1,,0,1,Auckland Region,Speed hump,2-way,Sealed,0,0,1,0,50,0,Off,0,0,,76,Auckland,Give way,0,0,0,0,0,0,Urban,0,0,0,Fine,Null
1762702.8353,5913378.2646,843199,,520402,0,0,0,2,0,North,2024/2025,MELTON ROAD,ARANUI ROAD,,Non-Injury Crash,No,2025,0,North,0,0,0,Flat,0,,0,,0,Dark,642000,0,0,0,2,0,0,0,0,1,,0,0,Auckland Region,Nil,2-way,Sealed,0,0,0,0,50,0,Null,0,0,,76,Auckland,Nil,0,0,0,0,0,0,Urban,0,0,0,Null,Null
1758202.9696,5920242.4779,843207,,514103,0,,0,3,,Null,2024/2025,BEACH ROAD,CHURCHILL STREET,,Non-Injury Crash,No,2025,,South,,0,,Flat,,,,,,Bright sun,438203,0,0,0,3,,,0,,,,,,Auckland Region,Nil,2-way,Sealed,,0,0,,30,,Off,0,0,,76,Auckland,Give way,,,,,1,0,Urban,0,,,Fine,Null
1759042.9948,5906737.4177,843209,,524122,0,,0,2,,Null,2022/2023,KIRKBRIDE ROAD,ASCOT ROAD,,Non-Injury Crash,No,2023,,South,,0,,Flat,,,,,,Overcast,739802,0,0,0,3,,,0,,,,,,Auckland Region,Nil,2-way,Sealed,,0,0,,60,,Off,0,0,,76,Auckland,Traffic Signals,,,,,0,0,Urban,0,,,Light rain,Null
1752462.7042,5912396.9922,843215,,514700,0,,0,1,,Null,2024/2025,DONOVAN STREET,SHIPTON PLACE,,Non-Injury Crash,No,2025,,West,,0,,Flat,,,,,,Dark,369200,0,0,0,2,,,0,,,1,,,Auckland Region,Nil,2-way,Sealed,,0,0,,50,,On,0,0,,76,Auckland,Give way,,,,,0,0,Urban,0,,,Light rain,Null
1768618.0419,5901066.9151,843216,,525001,0,,0,0,,South,2022/2023,STATION ROAD,GREAT SOUTH ROAD,,Non-Injury Crash,No,2023,,North,,0,,Flat,,,,,,Dark,751500,0,0,0,3,,,0,,,,,,Auckland Region,Nil,2-way,Sealed,,0,0,,50,,On,2,0,,76,Auckland,Nil,,,,,0,0,Urban,0,,,Fine,None
1759432.6897,5914175.4746,843217,,519720,0,,0,2,,Null,2022/2023,CAMPBELL ROAD,BOLLARD AVENUE,,Non-Injury Crash,No,2023,,North,,0,,Flat,,,,,,Overcast,592700,0,0,0,2,,,0,,,,,,Auckland Region,Nil,2-way,Sealed,,0,0,,50,,Off,0,0,,76,Auckland,Give way,,,,,0,0,Urban,0,,,Light rain,Null
1756891.135,5919278.8383,843221,,514200,0,,0,1,,East,2022/2023,CANADA STREET,MERCURY LANE,,Serious Crash,No,2023,,East,,0,,Hill Road,,,,,,Dark,412200,0,0,0,2,,,0,,,1,,,Auckland Region,Nil,2-way,Sealed,,0,1,,30,,On,0,0,,76,Auckland,Nil,,,,,0,0,Urban,0,,,Fine,Null
1757688.6974,5918280.708,843228,,518101,0,,0,1,,South,2023/2024,SOUTHERN MOTORWAY,KHYBER PASS ROAD OFF RAMP,,Minor Crash,Yes,2024,,North,,0,,Flat,,,,,,Overcast,543000,1,0,0,5,,,0,,,,,,Auckland Region,Nil,1-way,Sealed,,0,0,,80,,Off,0,0,,76,Auckland,Nil,,,,,1,0,Open,0,,,Fine,Null
1755708.1117,5921217.4168,843235,,515202,0,,0,1,,West,2022/2023,NORTHERN MOTORWAY,FANSHAWE STREET OFF RAMP,,Non-Injury Crash,Yes,2023,,South,,0,,Flat,,,,,,Overcast,425600,0,0,0,4,,,0,,,,,,Auckland Region,Nil,1-way,Sealed,,0,0,,80,,Off,0,0,,76,Auckland,Nil,,,,,1,0,Open,0,,,Fine,Null
1753853.2324,5916755.165,843244,,517800,0,0,0,1,0,South,2024/2025,ALBERTON AVENUE,TAYLORS ROAD,,Minor Crash,No,2024,0,South,0,0,1,Flat,0,,0,,0,Overcast,528100,1,0,0,2,0,0,0,0,0,,0,0,Auckland Region,Speed hump,2-way,Sealed,0,0,0,0,50,0,Off,0,0,,76,Auckland,Nil,0,0,0,0,0,0,Urban,0,0,0,Fine,Null
1758490.6684,5918565.5543,843247,,517400,0,0,0,1,0,Null,2024/2025,CARLTON GORE ROAD,DAVIS CRESCENT,,Non-Injury Crash,No,2025,0,East,0,0,0,Flat,0,,0,,0,Overcast,451000,0,0,0,2,0,0,0,0,0,,0,0,Auckland Region,Nil,2-way,Sealed,0,0,0,0,50,0,Off,0,0,,76,Auckland,Give way,1,0,0,0,0,0,Urban,0,0,0,Fine,Null
1754043.7144,5930371.7,843255,,508420,0,0,0,1,0,Null,2024/2025,TRIAS ROAD,ATHENA DRIVE,,Non-Injury Crash,No,2025,0,East,0,0,1,Hill Road,0,,1,,0,Overcast,182030,0,0,0,2,0,0,0,0,0,,0,0,Auckland Region,Nil,2-way,Sealed,0,0,0,0,50,0,Off,0,0,,76,Auckland,Stop,0,0,0,0,0,0,Urban,0,0,0,Fine,Null
1757957.2958,5917360.9985,843265,,515700,0,,0,2,,East,2022/2023,ALBURY AVENUE,SHARPE ROAD,,Non-Injury Crash,No,2023,,East,,0,,Flat,,,,,,Overcast,444200,0,0,0,2,,,0,,,,,,Auckland Region,Nil,2-way,Sealed,,0,0,,50,,None,0,1,,76,Auckland,Nil,,,,,0,0,Urban,0,,,Light rain,Null
1764007.9941,5906587.5269,843281,45,524303,0,0,0,2,0,North,2022/2023,ASHLYNNE AVENUE,STATION ROAD,,Minor Crash,No,2023,0,West,0,0,0,Flat,0,,0,,0,Overcast,657200,1,0,0,2,0,0,0,0,1,,0,0,Auckland Region,Nil,2-way,Sealed,0,0,0,0,50,0,Off,0,0,,76,Auckland,Nil,0,0,0,0,0,0,Urban,0,0,0,Light rain,Null
1756923.832,5916285.5975,843283,,518202,0,,0,1,,Null,2023/2024,MOUNT EDEN ROAD,WINDMILL ROAD,,Minor Crash,No,2023,,South,,0,,Flat,,,,,,Bright sun,551000,1,1,0,2,,,0,,,,,,Auckland Region,Nil,2-way,Sealed,,0,0,,50,,Off,0,0,,76,Auckland,Stop,,,,,0,0,Urban,0,,,Fine,Null
1761132.3259,5916650.4768,843284,,516002,0,,0,0,,Null,2023/2024,REMUERA ROAD,GREEN LANE EAST,,Non-Injury Crash,No,2024,,West,,0,,Flat,,,,,,Twilight,494200,0,0,0,4,,,0,,,,,,Auckland Region,Nil,2-way,Sealed,,0,0,,50,,Off,2,0,,76,Auckland,Traffic Signals,,,,,0,0,Urban,0,,,Fine,Null
1767143.0625,5905461.5065,843295,,524603,0,,0,1,,South,2025/2026,GREAT SOUTH ROAD,GREAT SOUTH ROAD,,Non-Injury Crash,No,2025,,North,,0,,Flat,,,,,,Bright sun,780205,0,0,1,4,,,0,,,,,,Auckland Region,Nil,2-way,Sealed,,0,0,,60,,Off,0,0,,76,Auckland,Nil,,,,,0,0,Urban,0,,,Fine,Null
1762312.2644,5919010.211,843299,,516400,0,,0,1,,Null,2022/2023,COATES AVENUE,REIHANA STREET,,Minor Crash,No,2023,,North,,0,,Flat,,,,,,Overcast,498600,1,0,1,2,,,0,,,,,,Auckland Region,Nil,2-way,Sealed,,0,0,,50,,Off,0,0,,76,Auckland,Give way,,,,,0,0,Urban,0,,,Fine,Null
1755522.3962,5927263.9077,843309,,508620,0,,0,1,,Null,2022/2023,SUNNYBRAE ROAD,HOLLAND ROAD,,Minor Crash,No,2023,,North,,0,,Hill Road,,,,,,Overcast,204000,1,0,0,2,,,0,,,,,,Auckland Region,Nil,2-way,Sealed,,0,0,,50,,Off,0,0,,76,Auckland,Stop,,,,,0,0,Urban,1,,,Fine,Null
1762878.8874,5912948.1994,843311,,520402,0,,0,1,,West,2025/2026,SOUTHERN MOTORWAY,SOUTH-EASTERN HWY OFF RAMP,,Non-Injury Crash,Yes,2025,,East,,0,,Flat,,,,,,Bright sun,642500,0,0,0,4,,,0,,,,,,Auckland Region,Motorway ramp,1-way,Unsealed,,0,0,,100,,None,0,0,,76,Auckland,Nil,,,,,0,0,Open,1,,,Fine,Null
1753736.1904,5931956.9943,843316,,508807,0,,0,1,,North,2023/2024,NORTHERN MOTORWAY,UPPER HARBOUR HIGHWAY,,Non-Injury Crash,Yes,2023,,North,,0,,Flat,,,,,,Dark,180810,0,0,0,5,,,0,,,,,,Auckland Region,Nil,1-way,Sealed,,0,0,,100,,On,0,0,,76,Auckland,Nil,,,,,1,0,Open,1,,,Fine,Strong wind
1729075.2411,5939940.2007,843324,,506800,0,0,0,2,0,North,2022/2023,MILL ROAD,BAKER STREET,,Non-Injury Crash,Yes,2023,0,North,0,0,0,Flat,0,,0,,0,Twilight,209000,0,0,0,2,0,0,0,0,1,,0,0,Auckland Region,Nil,2-way,Sealed,0,0,0,0,70,0,On,0,0,,76,Auckland,Nil,0,0,0,0,0,0,Urban,0,0,0,Fine,Null
1758750.2671,5911585.4585,843344,,519820,0,0,0,0,0,North,2023/2024,GLOUCESTER PARK ROAD ON RAMP,NEILSON STREET ON RAMP,,Non-Injury Crash,No,2023,0,South,0,0,0,Flat,1,,0,,0,Bright sun,602402,0,0,0,2,0,0,0,0,0,,0,0,Auckland Region,Motorway ramp,1-way,Sealed,0,0,0,0,100,0,Null,0,0,,76,Auckland,Nil,0,0,0,0,1,0,Open,1,0,0,Fine,Null