X,Y,OBJECTID,advisorySpeed,areaUnitID,bicycle,bridge,bus,carStationWagon,cliffBank,crashDirectionDescription,crashFinancialYear,crashLocation1,crashLocation2,crashRoadSideRoad,crashSeverity,crashSHDescription,crashYear,debris,directionRoleDescription,ditch,fatalCount,fence,flatHill,guardRail,holiday,houseOrBuilding,intersection,kerb,light,meshblockId,minorInjuryCount,moped,motorcycle,NumberOfLanes,objectThrownOrDropped,otherObject,otherVehicleType,overBank,parkedVehicle,pedestrian,phoneBoxEtc,postOrPole,region,roadCharacter,roadLane,roadSurface,roadworks,schoolBus,seriousInjuryCount,slipOrFlood,speedLimit,strayAnimal,streetLight,suv,taxi,temporarySpeedLimit,tlaId,tlaName,trafficControl,trafficIsland,trafficSign,train,tree,truck,unknownVehicleType,urban,vanOrUtility,vehicle,waterRiver,weatherA,weatherB
1745985.4573,5926067.7809,843353,,513410,0,,0,1,,Null,2023/2024,BRIGHAM CREEK ROAD OFF RAMP,BRIGHAM CREEK ROAD,,Minor Crash,No,2023,,East,,0,,Hill Road,,,,,,Overcast,223801,1,0,0,2,,,0,,,,,,Auckland Region,Motorway ramp,1-way,Sealed,,0,0,,50,,None,0,0,,76,Auckland,Give way,,,,,0,0,Urban,1,,,Fine,Null
1770712.3285,5908270.7776,843382,,523115,0,,0,1,,Null,2023/2024,BAVERSTOCK ROAD,KENSWAY DRIVE,,Non-Injury Crash,No,2023,,West,,0,,Flat,,,,,,Bright sun,712122,0,0,0,2,,,0,,,,,,Auckland Region,Nil,2-way,Sealed,,0,0,,30,,Off,1,0,,76,Auckland,Give way,,,,,0,0,Urban,0,,,Fine,Null
1766798.9452,5901868.6603,843389,,524604,0,,0,0,,Null,2025/2026,BROWNS ROAD,RUSSELL ROAD,,Non-Injury Crash,No,2025,,West,,0,,Null,,,,,,Bright sun,781400,0,0,0,4,,,0,,,,,,Auckland Region,Nil,2-way,Sealed,,0,0,,50,,Null,1,0,,76,Auckland,Traffic Signals,,,,,0,0,Urban,1,,,Fine,Null
1765537.049,5907011.5671,843394,,522301,0,,0,1,,North,2023/2024,GREAT SOUTH ROAD,EAST TAMAKI ROAD,,Non-Injury Crash,No,2024,,South,,0,,Flat,,,,,,Bright sun,666200,0,0,0,4,,,0,,,,,,Auckland Region,Nil,2-way,Sealed,,0,0,,50,,Off,0,0,,76,Auckland,Traffic Signals,,,,,0,0,Urban,0,,,Fine,None
1768481.577,5909123.7148,843402,,523112,0,,0,2,,Null,2022/2023,SPRINGS ROAD,LADY RUBY DRIVE,,Non-Injury Crash,No,2023,,North,,0,,Flat,,,,,,Bright sun,711600,0,0,0,2,,,0,,,,,,Auckland Region,Nil,2-way,Sealed,,0,0,,50,,Off,0,0,,76,Auckland,Traffic Signals,,,,,0,0,Urban,0,,,Fine,None
1756115.6414,5923830.3572,843405,,509800,0,,0,2,,South,2024/2025,NORTHERN MOTORWAY,NORTHERN MOTORWAY,,Non-Injury Crash,Yes,2025,,South,,0,,Flat,,,,,,Overcast,358800,0,0,0,3,,,0,,,,,,Auckland Region,Bridge,1-way,Sealed,,0,0,,80,,Off,0,0,,76,Auckland,Nil,,,,,0,0,Open,0,,,Light rain,Null
1767985.775,5901262.722,843410,,525001,0,0,0,1,0,North,2023/2024,JUTLAND ROAD,GLOUCESTER ROAD,,Non-Injury Crash,No,2024,0,South,0,0,1,Flat,0,,0,,0,Dark,751800,0,0,0,2,0,0,0,0,0,,0,0,Auckland Region,Bridge,2-way,Unsealed,0,0,0,0,50,0,On,0,0,,76,Auckland,Nil,0,0,0,0,0,0,Urban,0,0,0,Light rain,Null
1754710.3128,5919352.9985,843425,,515410,0,0,0,2,0,Null,2022/2023,ALLEN ROAD,SELBOURNE STREET,,Non-Injury Crash,No,2023,0,North,0,0,0,Flat,0,,0,,0,Dark,403800,0,0,0,2,0,0,0,0,1,,0,0,Auckland Region,Nil,2-way,Sealed,0,0,0,0,50,0,On,0,0,,76,Auckland,Give way,0,0,0,0,0,0,Urban,0,0,0,Light rain,Null
1757790.6459,5918186.7318,843437,,515700,0,,0,2,,South,2024/2025,SOUTHERN MOTORWAY,SOUTHERN MOTORWAY,,Non-Injury Crash,Yes,2025,,North,,0,,Flat,,,,,,Dark,443600,0,0,0,5,,,0,,,,,,Auckland Region,Nil,1-way,Sealed,,0,0,,80,,On,0,0,,76,Auckland,Nil,,,,,0,0,Open,0,,,Fine,Null
1748625.1593,5935733.5771,843445,,506653,0,,0,2,,South,2025/2026,COATESVILLE-RIVERHEAD HIGHWAY,O'BRIEN ROAD,,Minor Crash,No,2025,,West,,0,,Hill Road,,,,,,Twilight,217208,3,0,0,2,,,0,,,,,,Auckland Region,Nil,2-way,Sealed,,0,0,,60,,None,0,0,,76,Auckland,Nil,,,,,0,0,Urban,1,,,Fine,Null
1754792.0974,5976130.5194,843462,,506661,0,0,0,1,0,East,2024/2025,LEIGH ROAD,TONGUE FARM ROAD,,Serious Crash,No,2024,0,North,0,0,0,Hill Road,0,,0,,0,Bright sun,138202,0,0,0,2,0,0,0,0,0,,0,0,Auckland Region,Nil,2-way,Sealed,0,0,3,0,80,0,None,0,0,,76,Auckland,Nil,0,0,0,1,0,0,Open,0,0,0,Fine,Null
1748421.3885,5971126.9999,843466,,505500,0,0,0,1,0,South,2023/2024,GREAT NORTH ROAD,HUDSON ROAD,,Non-Injury Crash,No,2024,0,North,0,0,0,Hill Road,0,,0,,0,Overcast,140000,0,0,0,2,0,0,0,0,0,,0,1,Auckland Region,Nil,2-way,Sealed,0,0,0,0,60,0,Off,0,0,,76,Auckland,Nil,0,0,0,0,0,0,Urban,0,0,0,Fine,Null
1748680.1492,5944982.6351,843469,,505806,0,,0,1,,North,2025/2026,NORTHERN MOTORWAY,SILVERDALE ON RAMP,,Serious Crash,Yes,2025,,South,,0,,Flat,,,,,,Overcast,176802,0,0,1,4,,,0,,,,,,Auckland Region,Motorway ramp,1-way,Sealed,,0,1,,100,,Off,0,0,,76,Auckland,Nil,,,,,0,0,Open,0,,,Fine,Null
1758993.4073,5911789.5644,843474,,519820,0,,0,0,,East,2023/2024,NEILSON STREET,O'RORKE STREET,,Non-Injury Crash,No,2024,,West,,0,,Flat,,,,,,Bright sun,602300,0,0,0,4,,,0,,,,,,Auckland Region,Nil,2-way,Sealed,,0,0,,50,,Off,1,0,,76,Auckland,Nil,,,,,1,0,Urban,0,,,Fine,Null
1763863.5156,5908893.7721,843495,,521901,0,,0,2,,East,2022/2023,MANGERE ROAD,AWA STREET,,Non-Injury Crash,No,2023,,West,,0,,Flat,,,,,,Bright sun,785100,0,0,0,3,,,0,,,,,,Auckland Region,Nil,2-way,Sealed,,0,0,,50,,Off,0,0,,76,Auckland,Nil,,,,,0,0,Urban,0,,,Fine,Null
1757105.0843,5912582.6714,843499,,518702,0,,0,2,,North,2022/2023,HILLSBOROUGH ROAD ON RAMP,SOUTH-WESTERN MOTORWAY,,Non-Injury Crash,No,2023,,South,,0,,Flat,,,,,,Bright sun,570300,0,0,0,3,,,0,,,,,,Auckland Region,Nil,1-way,Sealed,,0,0,,100,,Off,0,0,,76,Auckland,Nil,,,,,0,0,Open,0,,,Fine,Null
1755277.7623,5920928.9803,843518,,515202,0,,0,2,,Null,2023/2024,SHELLY BEACH ROAD,CAMERON STREET,,Non-Injury Crash,No,2023,,South,,0,,Hill Road,,,,,,Dark,424500,0,0,0,3,,,0,,,,,,Auckland Region,Nil,2-way,Sealed,,0,0,,50,,On,0,0,,76,Auckland,Give way,,,,,0,0,Urban,0,,,Fine,Null
1762182.9874,5906979.2847,843526,,524520,0,,0,1,,North,2023/2024,MASSEY ROAD,WALTER STREET,,Non-Injury Crash,No,2023,,North,,0,,Flat,,,,,,Bright sun,735200,0,0,0,2,,,0,,,,,,Auckland Region,Nil,2-way,Sealed,,0,0,,50,,Off,0,0,,76,Auckland,Nil,,,,,0,1,Urban,0,,,Fine,None
1776829.8622,5899483.863,843535,,523813,0,0,0,1,0,North,2022/2023,MULLINS ROAD,PAPAKURA-CLEVEDON ROAD,,Minor Crash,No,2023,0,North,0,0,0,Flat,0,,0,,0,Bright sun,761400,1,0,0,2,0,0,0,0,0,,0,0,Auckland Region,Nil,2-way,Sealed,0,0,0,0,80,0,None,0,0,,76,Auckland,Nil,0,0,0,1,0,0,Open,0,0,0,Fine,Null
1772454.9837,5896638.5878,843541,,525420,1,,0,0,,East,2025/2026,COLES CRESCENT,EAST STREET,,Minor Crash,No,2025,,West,,0,,Flat,,,,,,Overcast,791400,1,0,0,2,,,0,,,,,,Auckland Region,Nil,2-way,Sealed,,0,0,,50,,Off,0,0,,76,Auckland,Nil,,,,,0,0,Urban,0,,,Fine,Strong wind
1767756.8456,5904297.4338,843554,,524604,0,,0,2,,Null,2023/2024,MANUKAU STATION ROAD,GREAT SOUTH ROAD,,Non-Injury Crash,No,2023,,East,,0,,Flat,,,,,,Overcast,780204,0,0,0,8,,,0,,,,,,Auckland Region,Nil,2-way,Sealed,,0,0,,50,,Off,0,0,,76,Auckland,Traffic Signals,,,,,0,0,Urban,0,,,Fine,Null
1746419.334,5912805.382,843557,,511002,0,0,0,1,0,East,2025/2026,GLENGARRY ROAD,WOODGLEN ROAD,,Non-Injury Crash,No,2025,0,East,0,0,0,Hill Road,0,,0,,0,Dark,283800,0,0,0,2,0,0,0,0,0,,0,0,Auckland Region,Nil,2-way,Sealed,0,0,0,0,50,0,On,0,0,,76,Auckland,Nil,0,0,0,1,0,0,Urban,0,0,0,Fine,Null
1757711.6308,5918261.0706,843565,,518101,0,,0,3,,South,2025/2026,SOUTHERN MOTORWAY,KHYBER PASS ROAD OFF RAMP,,Non-Injury Crash,Yes,2025,,North,,0,,Flat,,,,,,Bright sun,543000,0,0,0,5,,,0,,,,,,Auckland Region,Nil,1-way,Sealed,,0,0,,80,,Off,0,0,,76,Auckland,Nil,,,,,0,0,Open,0,,,Fine,Null
1753588.71,5913840.7128,843567,,518901,0,,0,2,,West,2022/2023,JOHN DAVIS ROAD,RICHARDSON ROAD,,Non-Injury Crash,No,2023,,West,,0,,Flat,,,,,,Overcast,583704,0,0,0,2,,,0,,,,,,Auckland Region,Nil,2-way,Sealed,,0,0,,50,,Off,0,0,,76,Auckland,Nil,,,,,0,0,Urban,0,,,Fine,Null
1750020.2687,5913823.9457,843573,,511303,0,,0,1,,East,2025/2026,CLARK STREET,RANKIN AVENUE,,Minor Crash,No,2025,,West,,0,,Null,,,,,,Unknown,265001,2,0,0,3,,,0,,,,,,Auckland Region,Nil,1-way,Sealed,,0,0,,50,,Null,2,0,,76,Auckland,Nil,,,,,0,0,Urban,0,,,Fine,Null
1763466.528,5917794.2764,843585,,516301,0,0,0,3,0,East,2022/2023,RUTHERFORD TERRACE,DORCHESTER STREET,,Minor Crash,No,2023,0,West,0,0,0,Flat,0,,0,,0,Dark,462000,1,0,0,1,0,0,0,0,1,,0,0,Auckland Region,Nil,2-way,Sealed,0,0,0,0,50,0,On,0,0,,76,Auckland,Nil,0,0,0,0,0,0,Urban,0,0,0,Fine,Null
1766023.1492,5900482.855,843597,,524822,0,0,0,0,0,Null,2025/2026,ROSCOMMON ROAD,BURUNDI AVENUE,,Serious Crash,No,2025,0,North,0,0,0,Flat,0,,0,,0,Bright sun,774432,1,0,0,2,0,0,0,0,0,,0,0,Auckland Region,Nil,1-way,Sealed,0,0,1,0,50,0,Off,0,0,,76,Auckland,Traffic Signals,0,0,0,1,0,0,Urban,1,0,0,Fine,Null
1769668.4068,5877955.5316,843598,,525922,0,0,0,1,0,North,2024/2025,TUAKAU ROAD,RAY WRIGHT ROAD,,Minor Crash,No,2024,0,West,1,0,0,Flat,0,,0,,0,Twilight,824602,1,0,0,2,0,0,0,0,0,,0,0,Auckland Region,Nil,2-way,Sealed,0,0,0,0,80,0,None,0,0,,76,Auckland,Nil,0,0,0,0,0,0,Open,0,0,0,Fine,Null
1744160.8199,5919659.6785,843606,,513301,0,0,0,2,0,East,2024/2025,UNIVERSAL DRIVE,ZODIAC STREET,,Non-Injury Crash,No,2024,0,West,0,0,0,Flat,0,,0,,0,Dark,233900,0,0,0,1,0,0,0,0,1,,0,0,Auckland Region,Nil,1-way,Sealed,0,0,0,0,50,0,On,0,0,,76,Auckland,Nil,0,0,0,0,0,0,Urban,0,0,0,Fine,Null
1769843.5927,5899314.6736,843614,,523920,0,0,0,1,0,West,2023/2024,MANUREWA-TAKANINI ON RAMP,GREAT SOUTH ROAD,,Non-Injury Crash,No,2024,0,North,0,0,0,Flat,1,,0,,0,Dark,767922,0,0,0,2,0,0,0,0,0,,0,0,Auckland Region,Motorway ramp,1-way,Sealed,0,0,0,0,70,0,On,0,0,,76,Auckland,Nil,0,0,0,0,0,0,Urban,0,0,0,Fine,Null
1766113.9715,5907344.3968,843621,,522302,0,,0,2,,North,2024/2025,EAST TAMAKI ROAD,HUIA ROAD,,Non-Injury Crash,No,2025,,South,,0,,Flat,,,,,,Overcast,667700,0,0,0,4,,,0,,,,,,Auckland Region,Nil,2-way,Sealed,,0,0,,50,,Off,0,0,,76,Auckland,Nil,,,,,0,0,Urban,0,,,Light rain,Null
1750122.6037,5927003.7461,843635,,510010,0,0,0,2,0,West,2022/2023,BEACH HAVEN ROAD,GAZELLE AVENUE,,Non-Injury Crash,No,2023,0,West,0,0,0,Flat,0,,0,,0,Dark,341900,0,0,0,2,0,0,0,0,1,,0,0,Auckland Region,Nil,2-way,Sealed,0,0,0,0,50,0,On,0,0,,76,Auckland,Nil,0,0,0,0,0,0,Urban,0,0,0,Fine,Null
1765722.6264,5905411.2217,843637,,522400,0,,0,2,,Null,2024/2025,VICTORIA ROAD,YORK ROAD,,Non-Injury Crash,No,2025,,West,,0,,Flat,,,,,,Bright sun,671804,0,0,0,2,,,0,,,,,,Auckland Region,Nil,2-way,Sealed,,0,0,,50,,Off,0,0,,76,Auckland,Give way,,,,,0,0,Urban,0,,,Fine,Null
1770134.9186,5899140.6323,843638,,523911,0,,0,1,,North,2024/2025,GREAT SOUTH ROAD,CHALLEN CLOSE,,Serious Crash,No,2025,,North,,0,,Flat,,Easter,,,,Dark,768100,2,0,0,4,,,0,,,,,,Auckland Region,Nil,2-way,Sealed,,0,1,,50,,On,2,0,,76,Auckland,Nil,,,,,0,0,Urban,0,,,Fine,Null
1745527.1824,5925696.2675,843643,,513410,0,0,0,0,0,South,2023/2024,UPPER HARBOUR MOTORWAY,BRIGHAM CREEK ROAD ON RAMP,,Minor Crash,Yes,2023,0,South,0,0,0,Flat,1,,0,,0,Overcast,223801,1,0,0,2,0,0,0,0,0,,0,0,Auckland Region,Nil,1-way,Sealed,0,0,0,0,100,0,Off,0,0,,76,Auckland,Nil,0,0,0,0,0,0,Open,1,0,0,Light rain,Null
1761510.9572,5913764.3767,843654,,519500,0,,0,2,,Null,2023/2024,STATION ROAD,WALLS ROAD,,Non-Injury Crash,No,2023,,South,,0,,Flat,,,,,,Dark,621600,0,0,0,2,,,0,,,,,,Auckland Region,Nil,2-way,Sealed,,0,0,,50,,On,0,0,,76,Auckland,Traffic Signals,,,,,0,0,Urban,0,,,Light rain,None
1763751.7898,5916510.1996,843657,,517202,0,,0,1,,Null,2022/2023,NGAHUE DRIVE,NORMAN LESSER DRIVE,,Minor Crash,No,2023,,North,,0,,Flat,,,,,,Bright sun,465304,1,0,0,4,,,0,,,,,,Auckland Region,Nil,2-way,Sealed,,0,0,,50,,Off,1,0,,76,Auckland,Stop,,,,,0,1,Urban,0,,,Fine,Null
1755929.3723,5916989.0093,843666,,518201,0,0,0,1,0,Null,2024/2025,DOMINION ROAD,KING EDWARD STREET,,Non-Injury Crash,No,2024,0,North,0,0,0,Flat,0,,0,,0,Overcast,548200,0,0,0,2,0,0,0,0,0,,1,1,Auckland Region,Nil,2-way,Sealed,0,0,0,0,50,0,Off,0,0,,76,Auckland,Nil,0,0,0,0,0,0,Urban,0,0,0,Light rain,Null
1734942.1778,5907892.9134,843669,,513800,0,0,0,1,0,South,2024/2025,PIHA ROAD,KAURI GROVE TRACK,,Non-Injury Crash,No,2025,0,South,1,0,0,Hill Road,0,,0,,0,Dark,282027,0,0,0,2,0,0,0,0,0,,0,0,Auckland Region,Nil,2-way,Sealed,0,0,0,0,60,0,Off,0,0,,76,Auckland,Nil,0,0,0,0,0,0,Urban,0,0,0,Fine,Null
1769450.3009,5901895.4677,843673,,524901,0,0,0,1,0,Null,2022/2023,HILL ROAD ON RAMP,GRANDE VUE ROAD,,Non-Injury Crash,No,2023,0,North,0,0,0,Flat,1,,0,,0,Overcast,755600,0,0,0,1,0,0,0,0,0,,0,0,Auckland Region,Motorway ramp,1-way,Sealed,0,0,0,0,50,0,Off,0,0,,76,Auckland,Give way,0,0,0,0,0,0,Urban,0,0,0,Fine,Null
1749065.9995,5941596.1166,843674,,506300,0,0,0,2,0,South,2024/2025,NORTHERN MOTORWAY,WILKS OBR,,Minor Crash,Yes,2025,0,South,0,0,0,Flat,1,,0,,0,Bright sun,175902,1,0,0,2,0,0,0,0,0,,0,0,Auckland Region,Nil,1-way,Sealed,0,0,0,0,100,0,Off,0,0,,76,Auckland,Nil,0,0,0,0,0,0,Open,0,0,0,Fine,Null
1758231.6938,5918331.0236,843677,,517400,0,,0,1,,Null,2025/2026,CROWHURST STREET,CROWHURST STREET,,Non-Injury Crash,No,2025,,South,,0,,Null,,,,,,Bright sun,450300,0,0,0,3,,,0,,,,,,Auckland Region,Nil,2-way,Sealed,,0,0,,50,,Null,0,0,,76,Auckland,Stop,,,,,1,0,Urban,0,,,Fine,Null
1753401.1333,5918308.5144,843694,,515003,0,,0,2,,West,2024/2025,NORTH-WESTERN MOTORWAY,ST LUKES ROAD ON RAMP,,Non-Injury Crash,Yes,2024,,East,,0,,Null,,,,,,Unknown,390502,0,0,0,4,,,0,,,,,,Auckland Region,Nil,1-way,Null,,0,0,,100,,Null,0,0,,76,Auckland,Nil,,,,,0,0,Open,0,,,Null,Null
1755951.4127,5913366.9016,843698,,518701,0,,0,1,,West,2023/2024,CARR ROAD,DORNWELL ROAD,,Non-Injury Crash,No,2023,,West,,0,,Flat,,,,,,Bright sun,569700,0,0,0,2,,,0,,,,,,Auckland Region,Nil,2-way,Sealed,,0,0,,50,,Off,0,0,,76,Auckland,Nil,,,,,0,0,Urban,0,,,Fine,None
1753309.2647,5914816.6945,843709,,518801,0,,0,2,,East,2024/2025,STODDARD ROAD,RICHARDSON ROAD,,Non-Injury Crash,No,2025,,West,,0,,Null,,,,,,Dark,578400,0,0,0,3,,,0,,,,,,Auckland Region,Nil,2-way,Sealed,,0,0,,50,,Null,0,0,,76,Auckland,Nil,,,,,0,0,Urban,0,,,Fine,Null
1769691.6406,5901562.047,843717,,524901,0,0,0,1,0,South,2024/2025,SOUTHERN MOTORWAY,HILL OBR,,Non-Injury Crash,Yes,2025,0,North,0,0,0,Flat,1,,0,,0,Dark,756902,0,0,0,3,0,0,0,0,0,,0,0,Auckland Region,Nil,1-way,Sealed,0,0,0,0,100,0,On,0,0,,76,Auckland,Nil,0,0,0,0,0,0,Open,0,0,0,Fine,Null
1757224.5367,5926960.7717,843730,,507900,0,,0,2,,Null,2024/2025,KILLARNEY STREET,ANZAC STREET,,Non-Injury Crash,No,2024,,West,,0,,Flat,,,,,,Dark,304100,0,0,0,2,,,0,,,,,,Auckland Region,Nil,2-way,Sealed,,0,0,,50,,On,0,0,,76,Auckland,Traffic Signals,,,,,0,0,Urban,0,,,Light rain,Null
1746152.4456,5920282.8769,843735,,513301,0,,0,1,,North,2022/2023,NORTH-WESTERN MOTORWAY,HENDERSON CK BR,,Non-Injury Crash,Yes,2023,,West,,0,,Flat,,,,,,Bright sun,230301,0,0,0,4,,,0,,,,,,Auckland Region,Motorway ramp,2-way,Sealed,,0,0,,100,,Off,0,0,80,76,Auckland,Nil,,,,,0,0,Open,1,,,Fine,Null
1759849.008,5911802.9991,843753,,520000,0,,0,1,,Null,2022/2023,NEILSON STREET,ALFRED STREET,,Minor Crash,No,2023,,East,,0,,Flat,,Easter,,,,Overcast,607100,1,0,0,5,,,0,,,,,,Auckland Region,Nil,2-way,Sealed,,0,0,,50,,Off,0,0,30,76,Auckland,Stop,,,,,0,0,Urban,1,,,Light rain,Null
1752692.7577,5876497.3709,843758,,526103,1,,0,1,,East,2023/2024,KING STREET,SANDSPIT ROAD,,Serious Crash,No,2024,,East,,0,,Flat,,,,,,Bright sun,837001,0,0,0,2,,,0,,,,,,Auckland Region,Nil,2-way,Sealed,,0,1,,50,,Off,0,0,,76,Auckland,Nil,,,,,0,0,Urban,0,,,Fine,Null
1760991.6691,5915169.5852,843763,,520201,0,,0,1,,North,2022/2023,SOUTHERN MOTORWAY,MAIN OBR,,Non-Injury Crash,Yes,2023,,North,,0,,Flat,,,,,,Bright sun,613500,0,0,0,3,,,0,,,,,,Auckland Region,Nil,1-way,Sealed,,0,0,,100,,Off,0,0,,76,Auckland,Nil,,,,,1,0,Open,0,,,Fine,Null
1766710.9882,5902710.5007,843769,,524602,0,,0,2,,Null,2022/2023,KERRS ROAD,DALGETY DRIVE,,Minor Crash,No,2023,,West,,0,,Flat,,,,,,Dark,780407,1,0,0,3,,,0,,,,,,Auckland Region,Nil,2-way,Sealed,,0,0,,50,,On,0,0,,76,Auckland,Traffic Signals,,,,,0,0,Urban,0,,,Heavy rain,Null
1759517.9183,5916104.9949,843791,,519200,0,0,0,2,0,Null,2022/2023,GREAT SOUTH ROAD,OTAHURI CRESCENT,,Non-Injury Crash,No,2023,0,North,0,0,0,Hill Road,0,,0,,0,Dark,615900,0,0,0,4,0,0,0,0,1,,0,0,Auckland Region,Nil,2-way,Sealed,0,0,0,0,50,0,On,0,0,,76,Auckland,Stop,0,0,0,0,0,0,Urban,0,0,0,Fine,Null
1745736.4113,5917338.8322,843794,,510700,0,,0,0,,South,2023/2024,EDMONTON ROAD,ALDERMAN DRIVE,,Non-Injury Crash,No,2024,,South,,0,,Flat,,,,,,Bright sun,240401,0,0,1,4,,,0,,,,,,Auckland Region,Nil,2-way,Sealed,,0,0,,50,,Off,0,0,,76,Auckland,Nil,,,,,0,0,Urban,1,,,Fine,Null
1756908.1523,5919246.7115,843809,,514200,0,,0,2,,Null,2023/2024,SOUTHERN MOTORWAY,NORTH-WESTERN TO SOUTHERN LINK,,Non-Injury Crash,Yes,2024,,East,,0,,Hill Road,,,,,,Bright sun,412200,0,0,0,4,,,0,,,,,,Auckland Region,Underpass,1-way,Sealed,,0,0,,80,,Off,0,0,50,76,Auckland,Nil,,,,,0,0,Open,0,,,Fine,Null
1758975.8394,5880173.737,843810,,521121,0,,0,0,,Null,2022/2023,GLENBROOK STATION ROAD,SOMMERVILLE ROAD,,Minor Crash,No,2023,,North,,0,,Flat,,,,,,Bright sun,812400,1,0,0,2,,,0,,,,,,Auckland Region,Nil,2-way,Sealed,,0,0,,80,,None,0,0,,76,Auckland,Give way,,,,,1,0,Open,1,,,Fine,Null
1743663.4277,5919374.6859,843812,,513212,0,,0,2,,Null,2023/2024,SWANSON ROAD,DON BUCK ROAD,,Non-Injury Crash,No,2024,,East,,0,,Flat,,,,,,Overcast,235711,0,0,0,2,,,0,,,,,,Auckland Region,Nil,1-way,Sealed,,0,0,,50,,Off,0,0,,76,Auckland,Give way,,,,,0,0,Urban,0,,,Fine,Null
1767167.3504,5905353.6003,843815,,524603,0,,0,1,,Null,2022/2023,OFFROAD PEARCE BROS CARPARK,,,Minor Crash,No,2023,,West,,0,,Flat,,,,,,Bright sun,780205,1,0,0,1,,,0,,,1,,,Auckland Region,Nil,Off road,Sealed,,0,0,,50,,None,0,0,,76,Auckland,Nil,,,,,0,0,Urban,0,,,Fine,Null
1756745.6052,5914529.2896,843817,,518500,0,0,0,3,0,North,2022/2023,MOUNT EDEN ROAD,HUNTERS PARK DRIVE,,Minor Crash,No,2023,0,North,0,0,0,Flat,0,,0,,0,Dark,562700,1,0,0,2,0,0,0,0,1,,0,0,Auckland Region,Nil,2-way,Sealed,0,0,0,0,50,0,On,0,0,,76,Auckland,Nil,0,0,0,0,0,0,Urban,0,0,0,Fine,Null
1745239.9272,5918944.5206,843819,,513302,0,0,0,1,0,Null,2023/2024,CAR PARK - FUEL PUMP,,,Minor Crash,No,2024,0,East,0,0,0,Flat,0,,1,,0,Bright sun,230701,1,0,0,0,0,0,0,0,0,,0,0,Auckland Region,Nil,Off road,Sealed,0,0,0,0,50,0,Off,0,0,,76,Auckland,Nil,0,0,0,0,0,0,Urban,0,0,0,Fine,Null
1765587.4454,5916230.1127,843823,,517100,0,,0,0,,Null,2023/2024,PILKINGTON ROAD,APIRANA AVENUE,,Non-Injury Crash,No,2023,,South,,0,,Flat,,,,,,Dark,478400,0,0,0,2,,,0,,,,,,Auckland Region,Nil,1-way,Sealed,,0,0,,50,,Null,0,0,,76,Auckland,Give way,,,,,0,1,Urban,1,,,Light rain,Null
1769799.4092,5901347.2379,843839,,524901,0,,0,2,,North,2023/2024,SOUTHERN MOTORWAY,ALFRISTON OBR,,Non-Injury Crash,Yes,2024,,North,,0,,Flat,,,,,,Bright sun,757602,0,0,0,3,,,0,,,,,,Auckland Region,Nil,1-way,Sealed,,0,0,,100,,Off,0,0,,76,Auckland,Nil,,,,,0,0,Open,0,,,Fine,Null
1773241.2499,5890256.3413,843858,,521301,0,0,0,1,0,Null,2025/2026,GREAT SOUTH ROAD,QUARRY ROAD,,Non-Injury Crash,No,2025,0,South,1,0,0,Flat,0,,0,,0,Overcast,809200,0,0,0,2,0,0,0,0,0,,0,0,Auckland Region,Nil,2-way,Sealed,0,0,0,0,80,0,Off,0,0,,76,Auckland,Give way,0,1,0,0,0,1,Open,0,0,0,Heavy rain,Strong wind
1769699.8401,5904698.5639,843859,,523722,0,,0,1,,Null,2023/2024,HILLTOP ROAD,REDOUBT ROAD,,Minor Crash,No,2024,,South,,0,,Hill Road,,,,,,Dark,716106,1,0,0,2,,,0,,,,,,Auckland Region,Nil,2-way,Sealed,,0,0,,50,,On,0,0,,76,Auckland,Give way,,,,,0,0,Urban,1,,,Fine,Null
1760033.122,5912844.4243,843863,,520000,0,,0,0,,Null,2023/2024,MAYS ROAD,CURZON STREET,,Non-Injury Crash,No,2024,,West,,0,,Flat,,,,,,Bright sun,605604,0,0,0,2,,,0,,,,,,Auckland Region,Nil,2-way,Sealed,,0,0,,50,,Off,1,0,,76,Auckland,Stop,,,,,1,0,Urban,0,,,Fine,Null
1756464.4737,5920066.0297,843880,,514000,0,,0,2,,North,2022/2023,NORTHERN MOTORWAY,WELLINGTON OBR,,Non-Injury Crash,Yes,2023,,North,,0,,Flat,,,,,,Overcast,417400,0,0,0,3,,,0,,,,,,Auckland Region,Nil,1-way,Sealed,,0,0,,80,,On,1,0,,76,Auckland,Nil,,,,,0,0,Open,0,,,Heavy rain,Null
1771200.3234,5896145.2778,843884,,521201,0,,0,1,,North,2022/2023,SOUTHERN MOTORWAY,PAPAKURA ON RAMP,,Non-Injury Crash,Yes,2023,,North,,0,,Flat,,,,,,Overcast,806604,0,0,0,3,,,0,,,,,,Auckland Region,Nil,1-way,Sealed,,0,0,,100,,Off,0,0,,76,Auckland,Nil,,,,,1,0,Open,0,,,Fine,Null
1751976.6662,5917945.6178,843888,,515001,0,0,0,1,0,North,2023/2024,GREAT NORTH ROAD,GREAT NORTH ROAD OFF RAMP,,Serious Crash,No,2023,0,South,0,0,0,Flat,0,,0,,0,Dark,392400,1,0,0,2,0,1,0,0,0,,0,0,Auckland Region,Underpass,1-way,Sealed,0,0,1,0,50,0,On,0,0,,76,Auckland,Nil,0,0,0,0,0,0,Urban,0,0,0,Light rain,Null