X,Y,OBJECTID,advisorySpeed,areaUnitID,bicycle,bridge,bus,carStationWagon,cliffBank,crashDirectionDescription,crashFinancialYear,crashLocation1,crashLocation2,crashRoadSideRoad,crashSeverity,crashSHDescription,crashYear,debris,directionRoleDescription,ditch,fatalCount,fence,flatHill,guardRail,holiday,houseOrBuilding,intersection,kerb,light,meshblockId,minorInjuryCount,moped,motorcycle,NumberOfLanes,objectThrownOrDropped,otherObject,otherVehicleType,overBank,parkedVehicle,pedestrian,phoneBoxEtc,postOrPole,region,roadCharacter,roadLane,roadSurface,roadworks,schoolBus,seriousInjuryCount,slipOrFlood,speedLimit,strayAnimal,streetLight,suv,taxi,temporarySpeedLimit,tlaId,tlaName,trafficControl,trafficIsland,trafficSign,train,tree,truck,unknownVehicleType,urban,vanOrUtility,vehicle,waterRiver,weatherA,weatherB
1766085.8725,5905502.3455,843890,,522202,0,0,0,2,0,North,2024/2025,CARRUTH ROAD,KING STREET,,Minor Crash,No,2025,0,North,0,0,0,Flat,0,,0,,0,Bright sun,665700,1,0,0,2,0,0,0,0,1,,0,0,Auckland Region,Nil,2-way,Sealed,0,0,0,0,50,0,Off,0,0,,76,Auckland,Nil,0,0,0,0,0,0,Urban,0,0,0,Fine,Null
1751610.2313,5947833.1526,843895,,505808,0,,0,0,,Null,2024/2025,AMORINO DRIVE,RED BEACH ROAD,,Minor Crash,No,2024,,South,,0,,Hill Road,,,,,,Overcast,172903,1,0,0,2,,,0,,,1,,,Auckland Region,Nil,2-way,Sealed,,0,0,,50,,None,0,0,,76,Auckland,Give way,,,,,0,0,Urban,1,,,Fine,Null
1735820.5523,5932668.0738,843898,,505605,0,0,0,0,0,East,2024/2025,OLD NORTH ROAD,WAIKOUKOU VALLEY ROAD,,Serious Crash,No,2025,0,East,1,0,0,Hill Road,0,,0,,0,Dark,215700,0,0,1,2,0,0,0,0,0,,0,0,Auckland Region,Nil,2-way,Sealed,0,0,1,0,80,0,None,0,0,,76,Auckland,Nil,0,0,0,0,0,0,Open,0,0,0,Fine,Null
1744022.2972,5908222.2676,843911,,513800,0,0,0,0,0,West,2023/2024,HUIA ROAD,VICTORY ROAD,,Non-Injury Crash,No,2024,0,South,1,0,0,Hill Road,0,,0,,0,Overcast,303001,0,0,0,2,0,0,0,0,0,,0,0,Auckland Region,Nil,2-way,Sealed,0,0,0,0,70,0,None,0,0,,76,Auckland,Nil,0,0,0,1,0,0,Urban,1,0,0,Heavy rain,Null
1749839.4384,5913948.123,843919,,511303,0,,0,2,,Null,2024/2025,GREAT NORTH ROAD,MCCRAE WAY,,Non-Injury Crash,No,2024,,North,,0,,Flat,,,,,,Dark,267000,0,0,0,4,,,0,,,,,,Auckland Region,Nil,2-way,Sealed,,0,0,,50,,On,0,0,,76,Auckland,Traffic Signals,,,,,0,0,Urban,0,,,Fine,None
1764368.5775,5908768.0216,843935,45,521901,0,,0,1,,South,2024/2025,GREAT SOUTH ROAD,JELLICOE STREET,,Serious Crash,No,2024,,South,,0,,Flat,,,,,,Overcast,785500,0,0,0,4,,,0,,,1,,,Auckland Region,Nil,2-way,Sealed,,0,1,,50,,Off,0,0,,76,Auckland,Nil,,,,,0,0,Urban,0,,,Light rain,Null
1767092.9748,5903686.7974,843946,,524602,0,0,0,1,0,North,2025/2026,DRUCES ROAD,DRUCES ROAD,,Non-Injury Crash,No,2025,0,East,0,0,0,Flat,0,,0,,0,Bright sun,780411,0,0,0,2,0,0,0,0,0,1,0,1,Auckland Region,Nil,2-way,Sealed,0,0,0,0,50,0,None,0,0,,76,Auckland,Nil,0,0,0,0,0,0,Urban,0,0,0,Fine,Null
1750225.3267,5931123.7141,843954,,509100,0,0,0,1,0,North,2025/2026,SCHNAPPER ROCK ROAD,ABERLEY ROAD,,Non-Injury Crash,No,2025,0,East,0,0,0,Hill Road,0,,0,,0,Bright sun,180901,0,0,0,2,0,0,0,0,1,,0,0,Auckland Region,Nil,2-way,Sealed,0,0,0,0,50,0,Off,0,0,,76,Auckland,Nil,0,0,0,0,1,0,Urban,0,0,0,Fine,Null
1768110.2461,5903288.307,843967,,524602,0,,0,2,,Null,2024/2025,GREAT SOUTH ROAD,KERRS ROAD,,Minor Crash,No,2025,,South,,0,,Flat,,,,,,Bright sun,780506,1,0,0,6,,,0,,,,,,Auckland Region,Nil,2-way,Sealed,,0,0,,60,,Off,0,0,,76,Auckland,Traffic Signals,,,,,0,0,Urban,0,,,Fine,Null
1762217.9377,5913612.7085,843968,,520402,0,0,0,3,0,South,2022/2023,SOUTHERN MOTORWAY,PENROSE OBR,,Serious Crash,Yes,2023,0,South,0,0,0,Flat,1,,0,,0,Bright sun,642200,0,0,0,3,0,0,0,0,0,,0,1,Auckland Region,Nil,1-way,Sealed,0,0,1,0,100,0,Off,1,0,,76,Auckland,Nil,0,0,0,1,0,0,Open,1,0,0,Fine,Null
1774422.1357,5897687.8386,843970,,525630,0,0,0,1,0,Null,2024/2025,OLD WAIROA ROAD,BRIGHTWELL STREET,,Non-Injury Crash,No,2025,0,West,0,0,1,Flat,0,,0,,0,Overcast,796200,0,0,0,1,0,0,0,0,0,,0,0,Auckland Region,Nil,2-way,Sealed,0,0,0,0,50,0,Off,0,0,,76,Auckland,Give way,0,0,0,1,0,0,Urban,1,0,0,Fine,Null
1769197.0953,5900399.4276,843975,,524902,0,,0,1,,North,2023/2024,GREAT SOUTH ROAD,MYERS ROAD,,Non-Injury Crash,No,2024,,South,,0,,Flat,,Queens Birthday,,,,Overcast,758400,0,0,0,2,,,0,,,,,,Auckland Region,Nil,2-way,Sealed,,0,0,,50,,Off,0,0,,76,Auckland,Nil,,,,,0,0,Urban,1,,,Fine,Null
1736806.0432,5982028.2725,843982,,505300,0,,0,2,,South,2022/2023,RODNEY STREET,RODNEY STREET,,Non-Injury Crash,Yes,2023,,South,,0,,Flat,,,,,,Overcast,143300,0,0,0,2,,,0,,,,,,Auckland Region,Nil,2-way,Sealed,,0,0,,50,,Off,0,0,,76,Auckland,Nil,,,,,0,0,Urban,0,,,Light rain,Null
1768180.5594,5902442.6119,843986,,524602,0,,0,1,,Null,2024/2025,GREAT SOUTH ROAD,BROWNS ROAD,,Non-Injury Crash,No,2024,,South,,0,,Null,,Christmas New Year,,,,Bright sun,780700,0,0,1,5,,,0,,,,,,Auckland Region,Nil,2-way,Sealed,,0,0,,50,,Null,0,0,,76,Auckland,Traffic Signals,,,,,0,0,Urban,0,,,Fine,Null
1751198.9068,5915340.5081,843987,,514401,0,,0,0,,South,2023/2024,GREAT NORTH ROAD,RACECOURSE PARADE,,Non-Injury Crash,No,2024,,North,,0,,Flat,,,,,,Overcast,382300,0,0,0,2,,,0,,,1,,,Auckland Region,Speed hump,2-way,Sealed,,0,0,,30,,None,0,0,,76,Auckland,Nil,,,,,0,0,Urban,1,,,Fine,Null
1765672.3927,5908392.9015,844007,,523403,0,0,0,1,0,South,2024/2025,SOUTHERN MOTORWAY,HIGHBROOK DRIVE OFF RAMP,,Minor Crash,Yes,2025,0,North,0,0,0,Flat,1,,0,,0,Dark,696400,1,0,0,3,0,0,0,0,0,,0,0,Auckland Region,Nil,1-way,Sealed,0,0,0,0,100,0,On,0,0,,76,Auckland,Nil,0,0,0,0,0,0,Open,0,0,0,Fine,Null
1769630.838,5899612.1005,844012,,523920,0,0,0,1,0,Null,2022/2023,TE NAPI DRIVE,GREAT SOUTH ROAD,,Non-Injury Crash,No,2023,0,North,0,0,0,Hill Road,0,,0,,0,Overcast,767922,0,0,0,1,0,0,0,0,0,,0,1,Auckland Region,Nil,1-way,Sealed,0,0,0,0,50,0,Off,0,0,,76,Auckland,Give way,0,0,0,0,0,0,Urban,0,0,0,Fine,Null
1763276.4145,5905069.0009,844015,,524303,0,,0,1,,North,2023/2024,SOUTH-WESTERN MOTORWAY,PUHINUI ROAD-SH 20B OFF RAMP,,Non-Injury Crash,Yes,2024,,South,,0,,Flat,,,,,,Bright sun,746301,0,0,0,2,,,0,,,,,,Auckland Region,Nil,1-way,Sealed,,0,0,,100,,Off,0,0,,76,Auckland,Nil,,,,,1,0,Open,0,,,Fine,Null
1761035.5919,5922831.0788,844018,,509400,0,0,0,1,0,Null,2025/2026,CAMBRIDGE TERRACE,BURGESS ROAD,,Non-Injury Crash,No,2025,0,North,0,0,0,Flat,0,,0,,0,Bright sun,328800,0,0,0,2,0,0,0,0,1,,0,0,Auckland Region,Nil,2-way,Sealed,0,0,0,0,50,0,Null,1,0,,76,Auckland,Nil,0,0,0,0,0,0,Urban,0,0,0,Fine,Null
1768748.7503,5881490.5822,844023,,525921,0,,0,2,,Null,2023/2024,SEDDON STREET,ALBERT STREET,,Non-Injury Crash,No,2023,,South,,0,,Flat,,,,,,Bright sun,821400,0,0,0,2,,,0,,,,,,Auckland Region,Nil,2-way,Sealed,,0,0,,50,,Off,0,0,,76,Auckland,Give way,,,,,0,0,Urban,0,,,Fine,Null
1759476.5017,5913042.9817,844026,,519720,0,0,0,2,0,East,2025/2026,MOUNT SMART ROAD,MOANA AVENUE,,Non-Injury Crash,No,2025,0,West,0,0,0,Flat,0,,0,,0,Overcast,594400,0,0,0,2,0,0,0,0,1,,0,0,Auckland Region,Nil,2-way,Sealed,0,0,0,0,50,0,Off,0,0,,76,Auckland,Nil,0,0,0,0,0,0,Urban,0,0,0,Fine,Null
1751966.4377,5948539.0274,844027,,505805,0,,0,1,,Null,2024/2025,HIBISCUS COAST HIGHWAY,CENTREWAY ROAD,,Minor Crash,No,2024,,North,,0,,Flat,,,,,,Bright sun,172300,1,0,0,2,,,0,,,,,,Auckland Region,Nil,2-way,Sealed,,0,0,,50,,Off,0,0,,76,Auckland,Traffic Signals,,,,,0,0,Urban,1,,,Fine,Null
1755427.2774,5937560.1696,844034,,506901,0,0,0,1,0,South,2025/2026,CORRIC HILL,GLENVAR ROAD,,Non-Injury Crash,No,2025,0,South,0,0,0,Flat,0,,0,,0,Overcast,167100,0,0,0,0,0,0,0,0,0,,1,0,Auckland Region,Nil,2-way,Sealed,0,0,0,0,50,0,Off,0,0,,76,Auckland,Nil,0,0,0,1,0,0,Urban,0,0,0,Light rain,Null
1748101.3016,5911335.1258,844036,,511902,0,0,0,1,0,East,2022/2023,GODLEY ROAD,TITIRANGI ROAD,,Non-Injury Crash,No,2023,0,East,1,0,0,Hill Road,0,,0,,0,Dark,293002,0,0,0,2,0,0,0,0,0,,0,0,Auckland Region,Nil,2-way,Sealed,0,0,0,0,50,0,On,0,0,,76,Auckland,Nil,0,0,0,0,0,0,Urban,0,0,0,Fine,Null
1767869.1749,5910501.9235,844043,,523112,0,,0,1,,Null,2023/2024,CRYERS ROAD,ECHELON PLACE,,Non-Injury Crash,No,2024,,South,,0,,Flat,,,,,,Bright sun,711405,0,0,0,2,,,0,,,,,,Auckland Region,Nil,2-way,Sealed,,0,0,,50,,Off,1,0,,76,Auckland,Nil,,,,,0,0,Urban,0,,,Fine,None
1748925.345,5913885.8631,844047,,511302,0,,0,2,,East,2024/2025,GREAT NORTH ROAD,WATERS PLACE,,Non-Injury Crash,No,2024,,West,,0,,Flat,,,,,,Overcast,269500,0,0,0,4,,,0,,,,,,Auckland Region,Nil,2-way,Sealed,,0,0,,50,,Off,0,0,,76,Auckland,Nil,,,,,0,0,Urban,0,,,Fine,Null
1776315.9956,5895246.8516,844059,35,521301,0,,0,2,,East,2024/2025,HUNUA ROAD,DOMINION ROAD,,Serious Crash,No,2025,,West,,0,,Hill Road,,,,,,Bright sun,808001,1,0,0,2,,,0,,,,,,Auckland Region,Nil,2-way,Sealed,,0,1,,60,,None,0,0,,76,Auckland,Nil,,,,,1,0,Urban,0,,,Fine,Null
1754442.4835,5930942.1292,844066,,508520,0,,0,1,,North,2024/2025,NORTHERN MOTORWAY,UPPER HARBOUR HWY ON RAMP,,Non-Injury Crash,Yes,2024,,South,,0,,Hill Road,,,,,,Bright sun,191107,0,0,0,2,,,0,,,,,,Auckland Region,Nil,1-way,Sealed,,0,0,,100,,Off,0,0,,76,Auckland,Nil,,,,,1,0,Open,0,,,Fine,Null
1773117.8879,5892551.937,844067,,521301,0,0,0,2,0,Null,2024/2025,GREAT SOUTH ROAD,CROSS STREET,,Minor Crash,No,2024,0,North,0,0,1,Flat,0,,0,,0,Overcast,808501,1,0,0,2,0,0,0,0,0,,0,0,Auckland Region,Nil,2-way,Sealed,0,0,0,0,50,0,Null,0,0,,76,Auckland,Stop,0,0,0,0,0,0,Urban,0,0,0,Fine,Null
1765593.3534,5905862.668,844080,45,522202,0,0,0,2,0,Null,2023/2024,CARRUTH ROAD,ST GEORGE STREET,,Minor Crash,No,2023,0,North,0,0,0,Flat,0,,0,,0,Bright sun,664400,2,0,0,2,0,0,0,0,0,,0,1,Auckland Region,Nil,2-way,Sealed,1,0,0,0,50,0,Off,0,0,,76,Auckland,Give way,0,0,0,0,0,0,Urban,0,0,0,Fine,Null
1768688.1368,5901145.8013,844082,15,524901,0,,0,2,,Null,2023/2024,HILL ROAD,NEWHOOK LANE,,Non-Injury Crash,No,2024,,East,,0,,Flat,,,,,,Overcast,756600,0,0,0,3,,,0,,,,,,Auckland Region,Nil,2-way,Sealed,,0,0,,50,,Off,0,0,,76,Auckland,Give way,,,,,0,0,Urban,0,,,Fine,None
1768043.2489,5883679.1035,844087,,521111,0,0,0,1,0,East,2023/2024,HEIGHTS ROAD,BEATTY ROAD,,Non-Injury Crash,No,2023,0,East,0,0,0,Hill Road,0,,0,,0,Dark,813800,0,0,0,2,0,0,0,1,0,,0,0,Auckland Region,Nil,2-way,Sealed,0,0,0,0,80,0,On,0,0,,76,Auckland,Nil,0,0,0,0,0,0,Open,0,0,0,Fine,Null
1758261.1011,5920195.7609,844088,,514103,0,,0,0,,Null,2022/2023,STANLEY STREET,PARNELL RISE,,Non-Injury Crash,Yes,2023,,North,,0,,Flat,,,,,,Bright sun,438203,0,1,0,4,,,0,,,,,,Auckland Region,Nil,2-way,Sealed,,0,0,,50,,Off,0,0,,76,Auckland,Traffic Signals,,,,,0,0,Urban,1,,,Fine,Null
1752490.9712,5933329.5802,844095,,508701,0,,0,3,,Null,2023/2024,DAIRY FLAT HIGHWAY,MERCARI WAY,,Minor Crash,No,2024,,South,,0,,Flat,,,,,,Bright sun,178900,2,0,0,2,,,0,,,,,,Auckland Region,Nil,1-way,Sealed,,0,0,,80,,Off,0,0,,76,Auckland,Traffic Signals,,,,,0,0,Open,0,,,Fine,Null
1753582.4286,5914442.7031,844098,,518801,0,,0,2,,Null,2024/2025,MAIORO STREET ON RAMP,MAIORO STREET,,Non-Injury Crash,No,2024,,North,,0,,Flat,,,,,,Dark,578500,0,0,0,2,,,0,,,,,,Auckland Region,Motorway ramp,1-way,Sealed,,0,0,,50,,On,0,0,,76,Auckland,Traffic Signals,,,,,0,0,Urban,0,,,Fine,Null
1750101.786,5913671.1332,844099,,511303,0,0,0,2,0,South,2023/2024,CROWN LYNN PLACE,CLARK STREET,,Non-Injury Crash,No,2023,0,North,0,0,0,Flat,0,,0,,0,Dark,265002,0,0,0,2,0,0,0,0,1,,0,0,Auckland Region,Nil,2-way,Sealed,0,0,0,0,50,0,On,0,0,,76,Auckland,Nil,0,0,0,0,0,0,Urban,0,0,0,Fine,Null
1756154.59,5918782.4681,844103,,515500,0,,0,1,,East,2023/2024,NORTH-WESTERN MOTORWAY,WAIMA FTBR,,Minor Crash,Yes,2024,,North,,0,,Flat,,,,,,Twilight,417600,1,0,1,4,,,0,,,,,,Auckland Region,Nil,1-way,Sealed,,0,0,,100,,Off,0,0,,76,Auckland,Nil,,,,,0,0,Open,0,,,Fine,Null
1768841.5685,5900907.9575,844106,,525001,0,,0,2,,South,2024/2025,GREAT SOUTH ROAD,HALVER ROAD,,Non-Injury Crash,No,2024,,South,,0,,Flat,,,,,,Dark,751600,0,0,0,2,,,0,,,,,,Auckland Region,Nil,2-way,Sealed,,0,0,,50,,On,0,0,,76,Auckland,Nil,,,,,0,0,Urban,0,,,Fine,Null
1767759.4308,5905084.48,844107,,523722,0,0,0,0,0,Null,2023/2024,TE IRIRANGI DRIVE OFF RAMP,TE IRIRANGI DRIVE,,Non-Injury Crash,No,2023,0,South,0,0,0,Hill Road,1,,0,,0,Dark,715701,0,0,0,5,0,0,0,0,0,,0,0,Auckland Region,Bridge,2-way,Sealed,0,0,0,0,50,0,On,0,0,,76,Auckland,Traffic Signals,0,0,0,0,0,0,Urban,1,0,0,Fine,Null
1750911.7167,5946659.3423,844111,,505807,0,,0,1,,East,2023/2024,WHANGAPARAOA ROAD,PANORAMA COURT,,Minor Crash,No,2023,,East,,0,,Hill Road,,,,,,Bright sun,172802,1,0,1,2,,,0,,,,,,Auckland Region,Nil,2-way,Sealed,,0,0,,50,,Off,0,0,,76,Auckland,Nil,,,,,0,0,Urban,0,,,Fine,Null
1751978.964,5917772.1816,844114,,515001,0,,0,2,,North,2024/2025,GREAT NORTH ROAD,HERDMAN STREET,,Minor Crash,No,2025,,South,,0,,Flat,,,,,,Overcast,392400,1,0,0,4,,,0,,,,,,Auckland Region,Nil,2-way,Sealed,,0,0,,50,,Off,0,0,,76,Auckland,Nil,,,,,0,0,Urban,0,,,Fine,Null
1771666.6513,5912984.4823,844124,,523102,0,,0,1,,Null,2022/2023,WHITFORD ROAD,MEADOWLAND DRIVE,,Non-Injury Crash,No,2023,,South,,0,,Flat,,,,,,Overcast,711023,0,0,0,1,,,0,,,,,,Auckland Region,Nil,1-way,Sealed,,0,0,,50,,None,0,0,,76,Auckland,Give way,,,,,1,0,Urban,0,,,Fine,Null
1758665.7344,5912649.2849,844131,,519810,0,,0,0,,East,2023/2024,GREY STREET,HILL STREET,,Serious Crash,No,2024,,Null,,0,,Hill Road,,,,,,Dark,598400,0,0,0,2,,,0,,,1,,,Auckland Region,Nil,2-way,Sealed,,0,1,,50,,On,0,0,,76,Auckland,Nil,,,,,0,0,Urban,0,,,Fine,Null
1763335.6458,5917742.9034,844135,,516301,0,0,0,2,0,South,2023/2024,DORCHESTER STREET,RUTHERFORD TERRACE,,Minor Crash,No,2023,0,South,0,0,0,Hill Road,0,,0,,0,Overcast,461200,1,0,0,2,0,0,0,0,1,,0,0,Auckland Region,Nil,2-way,Sealed,0,0,0,0,50,0,Off,0,0,,76,Auckland,Nil,0,0,0,0,0,0,Urban,0,0,0,Fine,Null
1771142.6882,5895165.1542,844139,,521201,0,0,0,1,0,Null,2023/2024,HINGAIA ROAD,HINAU ROAD,,Non-Injury Crash,No,2024,0,East,0,0,1,Flat,0,,0,,0,Overcast,806604,0,0,0,4,0,0,0,0,0,,0,0,Auckland Region,Nil,2-way,Sealed,0,0,0,0,50,0,On,0,0,,76,Auckland,Traffic Signals,0,0,0,1,0,0,Urban,0,0,0,Fine,Null
1771503.0728,5895158.6922,844143,95,525530,0,,0,2,,South,2023/2024,SOUTHERN MOTORWAY,BEACH OBR,,Non-Injury Crash,Yes,2023,,South,,0,,Flat,,,,,,Dark,804901,0,0,0,2,,,0,,,,,,Auckland Region,Nil,1-way,Sealed,,0,0,,100,,On,0,0,,76,Auckland,Nil,,,,,0,0,Open,0,,,Fine,None
1766901.8916,5905735.5222,844146,,522302,0,,0,2,,North,2024/2025,GREAT SOUTH ROAD,CAROLYN STREET,,Non-Injury Crash,No,2024,,South,,0,,Null,,,,,,Unknown,670600,0,0,0,4,,,0,,,,,,Auckland Region,Nil,2-way,Sealed,,0,0,,50,,On,0,0,,76,Auckland,Nil,,,,,0,0,Urban,0,,,Light rain,Null
1747387.627,5926825.3748,844151,,513431,0,0,0,0,0,North,2023/2024,UPPER HARBOUR MOTORWAY,OLD BUCKLEY AVENUE,,Non-Injury Crash,Yes,2024,0,North,0,0,1,Flat,0,,0,,0,Overcast,221802,0,0,0,4,0,0,0,0,0,,0,0,Auckland Region,Nil,2-way,Sealed,0,0,0,0,100,0,Off,0,0,,76,Auckland,Nil,0,0,0,1,1,0,Open,0,0,0,Fine,Null
1764251.9151,5909796.4244,844155,,521901,0,,0,2,,Null,2023/2024,ATKINSON AVENUE,CRITERION STREET,,Non-Injury Crash,No,2023,,North,,0,,Flat,,,,,,Bright sun,784000,0,0,0,4,,,0,,,,,,Auckland Region,Nil,2-way,Sealed,,0,0,,50,,None,0,0,,76,Auckland,Nil,,,,,0,0,Urban,0,,,Fine,None
1760104.7633,5908823.7867,844159,,524403,0,,0,2,,Null,2022/2023,WALMSLEY ROAD,DONNELL AVENUE,,Non-Injury Crash,No,2023,,East,,0,,Flat,,,,,,Overcast,729800,0,0,0,2,,,0,,,,,,Auckland Region,Nil,2-way,Sealed,,0,0,,50,,Null,0,0,,76,Auckland,Traffic Signals,,,,,0,0,Urban,0,,,Heavy rain,None
1783362.279,5925945.6661,844162,,520801,0,0,0,1,0,North,2024/2025,TAHI ROAD,POTO ROAD,,Non-Injury Crash,No,2024,0,North,0,0,0,Flat,0,,0,,0,Bright sun,515401,0,0,0,2,0,0,0,0,1,,0,0,Auckland Region,Nil,2-way,Sealed,0,0,0,0,50,0,Null,0,0,,76,Auckland,Nil,0,0,0,0,1,0,Urban,1,0,0,Fine,Null
1768080.9793,5905580.6838,844164,,523721,0,0,0,1,0,Null,2023/2024,BOUNDARY ROAD,SANDRINE AVENUE,,Minor Crash,No,2023,0,West,0,0,0,Flat,0,,0,,0,Twilight,715507,1,0,0,2,0,0,0,0,0,,0,0,Auckland Region,Nil,2-way,Sealed,0,0,0,0,50,0,None,0,0,,76,Auckland,Give way,1,0,0,0,0,0,Urban,0,0,0,Fine,Null
1771712.2078,5914618.7909,844167,,521602,0,,0,1,,Null,2023/2024,WELLINGTON STREET,NELSON STREET,,Non-Injury Crash,No,2024,,South,,0,,Flat,,,,,,Dark,650100,0,0,0,2,,,0,,,,,,Auckland Region,Nil,2-way,Sealed,,0,0,,50,,On,0,0,,76,Auckland,Give way,,,,,0,0,Urban,0,,,Light rain,Null
1750552.7521,5939775.056,844170,,506300,0,0,0,0,0,South,2024/2025,NORTHERN MOTORWAY,BAWDEN OBR,,Non-Injury Crash,Yes,2025,0,North,0,0,0,Flat,1,,0,,0,Overcast,176007,0,0,0,2,0,0,0,0,0,,0,0,Auckland Region,Nil,1-way,Sealed,0,0,0,0,100,0,Off,0,0,,76,Auckland,Nil,0,0,0,0,1,0,Open,0,0,0,Heavy rain,Null
1769869.5306,5914784.0531,844172,,522712,0,,0,2,,Null,2023/2024,BUCKLANDS BEACH ROAD,PAKURANGA ROAD,,Minor Crash,No,2023,,South,,0,,Flat,,,,,,Dark,644800,1,0,0,2,,,0,,,,,,Auckland Region,Nil,1-way,Sealed,,0,0,,60,,On,0,0,,76,Auckland,Traffic Signals,,,,,0,0,Urban,0,,,Fine,Null
1755688.2928,5916132.1549,844178,,518301,0,,0,2,,Null,2024/2025,DOMINION ROAD,WIREMU STREET,,Non-Injury Crash,No,2024,,North,,0,,Flat,,,,,,Bright sun,553700,0,0,0,2,,,0,,,,,,Auckland Region,Nil,2-way,Sealed,,0,0,,50,,None,0,0,40,76,Auckland,Stop,,,,,0,0,Urban,0,,,Fine,Null
1756137.5428,5923919.409,844188,,509800,0,,0,2,,South,2022/2023,NORTHERN MOTORWAY,WEIGH BRIDGE,,Non-Injury Crash,Yes,2023,,South,,0,,Flat,,,,,,Dark,361200,0,0,0,5,,,0,,,,,,Auckland Region,Nil,1-way,Sealed,,0,0,,100,,On,1,0,,76,Auckland,Nil,,,,,0,0,Open,0,,,Fine,Null
1753980.1902,5929361.505,844194,,508320,0,,0,2,,Null,2024/2025,WAIRAU ROAD,ELLICE ROAD,,Non-Injury Crash,No,2024,,East,,0,,Flat,,Labour Weekend,,,,Dark,196201,0,0,0,3,,,0,,,,,,Auckland Region,Nil,2-way,Sealed,,0,0,,50,,On,0,0,,76,Auckland,Stop,,,,,0,0,Urban,0,,,Light rain,Null
1767571.0887,5881830.871,844200,,525921,0,0,0,1,0,Null,2023/2024,KAURI ROAD,HELVETIA ROAD,,Minor Crash,No,2023,0,West,0,0,0,Flat,0,,0,,0,Dark,820506,2,0,0,2,0,0,0,0,0,,0,0,Auckland Region,Nil,2-way,Sealed,0,0,0,0,50,0,On,0,0,,76,Auckland,Give way,0,0,0,2,0,0,Urban,0,0,0,Fine,Null
1754628.1979,5933164.7411,844202,,508805,1,,0,1,,Null,2024/2025,ROSEDALE ROAD,GRAHAM COLLINS DRIVE,,Minor Crash,No,2025,,West,,0,,Hill Road,,,,,,Overcast,155902,1,0,0,2,,,0,,,,,,Auckland Region,Nil,2-way,Sealed,,0,0,,50,,Off,0,0,,76,Auckland,Give way,,,,,0,0,Urban,0,,,Heavy rain,Strong wind
1747474.9573,5914719.6584,844203,,511800,0,,0,2,,Null,2023/2024,GREAT NORTH ROAD,GLENVIEW ROAD,,Non-Injury Crash,No,2023,,East,,0,,Flat,,,,,,Dark,277902,0,0,0,5,,,0,,,,,,Auckland Region,Nil,2-way,Sealed,,0,0,,50,,On,0,0,,76,Auckland,Traffic Signals,,,,,0,0,Urban,0,,,Light rain,Null
1765998.3687,5907781.3813,844210,,523402,0,,0,2,,North,2024/2025,SOUTHERN MOTORWAY,EAST TAMAKI ROAD OFF RAMP,,Non-Injury Crash,Yes,2024,,South,,0,,Flat,,,,,,Overcast,699200,0,0,0,3,,,0,,,,,,Auckland Region,Nil,1-way,Sealed,,0,0,,100,,Off,0,0,,76,Auckland,Nil,,,,,0,0,Open,0,,,Fine,None
1765796.1298,5914696.8133,844216,,520601,0,,0,1,,West,2023/2024,MATAPAN ROAD,CORAL CRESCENT,,Minor Crash,No,2023,,West,,0,,Flat,,,,,,Bright sun,630200,1,1,0,2,,,0,,,,,,Auckland Region,Nil,2-way,Sealed,,0,0,,50,,Off,0,0,,76,Auckland,Nil,,,,,0,0,Urban,0,,,Fine,Null
1764218.6647,5905537.7854,844218,,524303,0,0,0,0,0,East,2024/2025,HILLCREST ROAD,BEAUFORT PLACE,,Non-Injury Crash,No,2025,0,South,0,0,0,Null,0,,0,,1,Twilight,657601,0,0,0,2,0,0,0,0,0,,0,1,Auckland Region,Nil,2-way,Sealed,0,0,0,0,50,0,Null,1,0,,76,Auckland,Nil,0,0,0,0,0,0,Urban,0,0,0,Fine,Null
1758295.3991,5918048.4129,844219,,517400,0,0,0,4,0,West,2024/2025,MORROW STREET,BOURKE STREET,,Minor Crash,No,2024,0,East,0,0,0,Hill Road,1,,0,,0,Overcast,451300,2,0,0,2,0,0,0,0,0,,0,0,Auckland Region,Nil,1-way,Sealed,0,0,0,0,50,0,On,0,0,,76,Auckland,Nil,0,0,0,0,0,0,Urban,0,0,0,Light rain,Null
1749791.6309,5935885.6818,844235,35,508701,0,0,0,1,0,North,2023/2024,ALBANY HEIGHTS ROAD,DAIRY FLAT HIGHWAY,,Minor Crash,No,2024,0,North,0,0,0,Hill Road,0,,0,,0,Overcast,178401,1,0,0,2,0,0,0,0,0,,0,1,Auckland Region,Nil,2-way,Sealed,0,0,0,0,50,0,None,0,0,,76,Auckland,Nil,0,0,0,0,0,0,Urban,0,0,0,Light rain,Null
1737003.2459,5981370.6638,844243,,505300,0,,0,1,,Null,2024/2025,RODNEY STREET,DAVIES ROAD,,Non-Injury Crash,Yes,2024,,North,,0,,Flat,,,,,,Dark,143600,0,0,0,2,,,0,,,,,,Auckland Region,Nil,2-way,Sealed,,0,0,,50,,On,0,0,,76,Auckland,Give way,,,,,0,0,Urban,0,,,Fine,Null