X,Y,OBJECTID,advisorySpeed,areaUnitID,bicycle,bridge,bus,carStationWagon,cliffBank,crashDirectionDescription,crashFinancialYear,crashLocation1,crashLocation2,crashRoadSideRoad,crashSeverity,crashSHDescription,crashYear,debris,directionRoleDescription,ditch,fatalCount,fence,flatHill,guardRail,holiday,houseOrBuilding,intersection,kerb,light,meshblockId,minorInjuryCount,moped,motorcycle,NumberOfLanes,objectThrownOrDropped,otherObject,otherVehicleType,overBank,parkedVehicle,pedestrian,phoneBoxEtc,postOrPole,region,roadCharacter,roadLane,roadSurface,roadworks,schoolBus,seriousInjuryCount,slipOrFlood,speedLimit,strayAnimal,streetLight,suv,taxi,temporarySpeedLimit,tlaId,tlaName,trafficControl,trafficIsland,trafficSign,train,tree,truck,unknownVehicleType,urban,vanOrUtility,vehicle,waterRiver,weatherA,weatherB
1768338.6747,5901961.0697,844250,,524901,0,,0,0,,Null,2024/2025,GRANDE VUE ROAD,GREAT SOUTH ROAD,,Non-Injury Crash,No,2024,,West,,0,,Hill Road,,Christmas New Year,,,,Bright sun,754800,0,0,0,2,,,0,,,,,,Auckland Region,Nil,2-way,Sealed,,0,0,,50,,Off,1,0,,76,Auckland,Stop,,,,,0,0,Urban,0,,,Fine,None
1755019.5689,5929361.7981,844268,,508420,0,,0,2,,Null,2022/2023,TARGET ROAD,LINK DRIVE,,Non-Injury Crash,No,2023,,South,,0,,Flat,,,,,,Overcast,183800,0,0,0,4,,,0,,,,,,Auckland Region,Nil,2-way,Sealed,,0,0,,50,,Off,0,0,,76,Auckland,Give way,,,,,0,0,Urban,0,,,Light rain,Null
1763844.4281,5912770.037,844274,,520500,0,,0,2,,South,2024/2025,MOUNT WELLINGTON HIGHWAY,TE PUTU AVENUE,,Non-Injury Crash,No,2024,,North,,0,,Null,,,,,,Dark,637400,0,0,0,3,,,0,,,,,,Auckland Region,Nil,1-way,Sealed,,0,0,,50,,Null,0,0,,76,Auckland,Nil,,,,,0,0,Urban,0,,,Light rain,Null
1769448.8923,5899903.8204,844275,,525002,0,0,0,3,0,South,2024/2025,GREAT SOUTH ROAD,LOVELY LANE,,Non-Injury Crash,No,2025,0,North,0,0,0,Flat,0,,0,,0,Dark,753900,0,0,0,2,0,0,0,0,1,,0,0,Auckland Region,Nil,2-way,Sealed,0,0,0,0,50,0,On,0,0,,76,Auckland,Nil,0,0,0,0,0,0,Urban,0,0,0,Fine,Null
1757988.3061,5917949.4684,844282,,515700,0,,0,2,,South,2024/2025,GILLIES AVENUE ON RAMP,SOUTHERN MOTORWAY,,Non-Injury Crash,No,2024,,North,,0,,Flat,,,,,,Overcast,443700,0,0,0,2,,,0,,,,,,Auckland Region,Motorway ramp,1-way,Sealed,,0,0,,50,,Off,0,0,,76,Auckland,Nil,,,,,0,0,Urban,0,,,Fine,Null
1745317.1798,5920063.8796,844284,,513301,0,,0,0,,South,2023/2024,LINCOLN ROAD,DAYTONA ROAD,,Minor Crash,No,2023,,South,,0,,Flat,,,,,,Overcast,231900,1,0,1,4,,,0,,,,,,Auckland Region,Nil,2-way,Sealed,,0,0,,50,,Off,1,0,,76,Auckland,Nil,,,,,0,0,Urban,0,,,Fine,Null
1758067.2029,5925531.2677,844290,,508020,0,0,0,2,0,North,2024/2025,HERBERT STREET,PINE RIDGE TERRACE,,Non-Injury Crash,No,2025,0,South,0,0,0,Flat,0,,0,,0,Dark,322800,0,0,0,2,0,0,0,0,1,,0,0,Auckland Region,Nil,2-way,Sealed,0,0,0,0,30,0,Null,0,0,,76,Auckland,Nil,0,0,0,0,0,0,Urban,0,0,0,Fine,Null
1751995.8717,5918029.7719,844319,,515001,0,0,0,1,0,Null,2024/2025,GREAT NORTH ROAD,GREAT NORTH ROAD OFF RAMP,,Non-Injury Crash,No,2024,0,South,0,0,0,Flat,0,,0,,1,Dark,392400,0,0,0,4,0,0,0,0,0,,0,1,Auckland Region,Nil,2-way,Sealed,0,0,0,0,50,0,On,0,0,,76,Auckland,Traffic Signals,0,0,0,0,0,0,Urban,0,0,0,Light rain,Frost
1755287.1048,5939523.1163,844331,,508900,0,0,0,0,0,North,2024/2025,TIR CONAILL LANE,VAUGHANS ROAD,,Non-Injury Crash,No,2024,0,South,0,0,1,Flat,0,,0,,0,Dark,178304,0,0,0,2,0,0,0,0,0,,0,0,Auckland Region,Nil,2-way,Sealed,0,0,0,0,50,0,Off,0,0,,76,Auckland,Nil,0,0,0,0,0,0,Urban,0,0,0,Fine,Null
1768688.1,5882680.7386,844332,,525910,0,0,0,1,0,North,2022/2023,PAERATA ROAD,ADAMS DRIVE,,Non-Injury Crash,No,2023,0,South,0,0,0,Hill Road,0,,0,,0,Bright sun,817600,0,0,0,2,0,0,0,0,0,,0,0,Auckland Region,Nil,2-way,Sealed,0,0,0,0,50,0,Off,0,0,,76,Auckland,Nil,0,0,0,1,0,0,Urban,0,0,0,Fine,Null
1768548.0175,5901221.9785,844339,,525001,0,,0,2,,Null,2024/2025,OFFROAD - SERVICE LANE NORTHCREST,,,Minor Crash,No,2025,,South,,0,,Flat,,Christmas New Year,,,,Bright sun,751500,1,0,0,0,,,0,,,1,,,Auckland Region,Nil,Off road,Sealed,,0,0,,50,,Off,0,0,,76,Auckland,Nil,,,,,0,0,Urban,0,,,Fine,Null
1745801.0825,5920509.5485,844346,,513301,0,,0,1,,North,2025/2026,NORTH-WESTERN MOTORWAY,LINCOLN ROAD OFF RAMP,,Non-Injury Crash,Yes,2025,,North,,0,,Null,,,,,,Dark,230301,0,0,0,3,,,0,,,,,,Auckland Region,Nil,1-way,Sealed,,0,0,,100,,Null,0,0,,76,Auckland,Nil,,,,,0,1,Open,0,,,Null,Null
1765544.7732,5916082.3102,844362,,520301,0,,0,2,,Null,2024/2025,PILKINGTON ROAD,PARATA STREET,,Non-Injury Crash,No,2025,,North,,0,,Flat,,,,,,Dark,478000,0,0,0,2,,,0,,,,,,Auckland Region,Nil,2-way,Sealed,,0,0,,50,,On,1,0,,76,Auckland,Give way,,,,,0,0,Urban,0,,,Fine,Null
1752489.611,5930327.4272,844363,,508803,0,0,0,0,0,East,2024/2025,ALBANY HIGHWAY,UPPER HARBOUR DRIVE,,Non-Injury Crash,No,2024,0,East,0,0,0,Hill Road,0,,0,,0,Overcast,180858,0,0,0,4,0,0,0,0,0,,0,0,Auckland Region,Nil,2-way,Sealed,0,0,0,0,60,0,Off,0,0,,76,Auckland,Nil,0,0,0,2,0,1,Urban,0,0,0,Fine,Null
1768991.8205,5913231.2563,844372,,522723,0,,0,2,,North,2022/2023,WALWORTH AVENUE,HOPE FARM AVENUE,,Non-Injury Crash,No,2023,,North,,0,,Flat,,,,,,Dark,682500,0,0,0,2,,,0,,,,,,Auckland Region,Nil,2-way,Sealed,,0,0,,50,,On,0,0,,76,Auckland,Nil,,,,,0,0,Urban,0,,,Fine,Null
1765127.2667,5909798.5967,844384,,521802,0,,0,1,,South,2023/2024,SOUTHERN MOTORWAY,TRENWITH OBR,,Fatal Crash,Yes,2023,,North,,1,,Flat,,,,,,Dark,788203,1,0,0,4,,,0,,,1,,,Auckland Region,Nil,2-way,Sealed,,0,0,,100,,On,0,0,,76,Auckland,Nil,,,,,0,0,Open,0,,,Fine,Null
1754859.7713,5913173.9734,844387,,518803,0,0,0,0,0,South,2022/2023,DOMINION ROAD,YOUTH STREET,,Non-Injury Crash,No,2023,0,North,0,0,0,Hill Road,0,,0,,0,Bright sun,582700,0,0,0,2,0,1,0,0,0,,0,0,Auckland Region,Nil,2-way,Sealed,0,0,0,0,50,0,Off,0,0,,76,Auckland,Nil,0,0,0,0,1,0,Urban,0,0,0,Fine,Null
1772088.4037,5898048.5148,844391,,523912,0,,0,2,,Null,2023/2024,PORCHESTER ROAD,WALTERS ROAD,,Non-Injury Crash,No,2023,,South,,0,,Flat,,,,,,Overcast,767400,0,0,0,2,,,0,,,,,,Auckland Region,Nil,2-way,Sealed,,0,0,,60,,Off,0,0,,76,Auckland,Give way,,,,,0,0,Urban,0,,,Light rain,Null
1768465.3612,5913946.6362,844394,,522723,0,,0,2,,East,2023/2024,PAKURANGA ROAD,GOSSAMER DRIVE,,Non-Injury Crash,No,2023,,West,,0,,Hill Road,,,,,,Overcast,681600,0,0,0,3,,,0,,,,,,Auckland Region,Nil,1-way,Sealed,,0,0,,50,,Off,0,0,30,76,Auckland,Nil,,,,,0,0,Urban,1,,,Fine,Null
1744063.2497,5922575.6218,844399,,513512,0,,0,1,,Null,2022/2023,VADAM ROAD,ROYAL ROAD,,Minor Crash,No,2023,,South,,0,,Flat,,,,,,Overcast,225501,1,0,0,4,,,0,,,1,,,Auckland Region,Nil,2-way,Sealed,,0,0,,50,,Off,0,0,,76,Auckland,Traffic Signals,,,,,0,0,Urban,0,,,Light rain,Null
1753097.8985,5924733.2688,844406,,510401,0,,0,2,,West,2023/2024,MOKOIA ROAD,CHELSEA VIEW DRIVE,,Non-Injury Crash,No,2023,,West,,0,,Hill Road,,,,,,Bright sun,355200,0,0,0,4,,,0,,,,,,Auckland Region,Nil,2-way,Sealed,,0,0,,50,,None,0,0,,76,Auckland,Traffic Signals,,,,,0,0,Urban,0,,,Fine,Null
1760114.5489,5908117.955,844417,,524403,0,0,0,0,0,North,2025/2026,SOUTH-WESTERN MOTORWAY,WALMSLEY ROAD ON RAMP,,Non-Injury Crash,Yes,2025,0,South,0,0,0,Flat,1,,0,,0,Dark,731104,0,0,0,4,0,0,0,0,0,,0,0,Auckland Region,Nil,1-way,Sealed,0,0,0,0,100,0,On,1,0,,76,Auckland,Nil,0,0,0,0,0,0,Open,0,0,0,Fine,Null
1757981.3364,5917978.2388,844419,,515700,0,0,0,1,0,Null,2022/2023,SOUTHERN MOTORWAY,GILLIES AVENUE ON RAMP,,Non-Injury Crash,Yes,2023,0,North,0,0,0,Flat,1,,0,,0,Dark,443700,0,0,0,4,0,0,0,0,0,,0,0,Auckland Region,Motorway ramp,1-way,Sealed,0,0,0,0,80,0,On,0,0,,76,Auckland,Nil,0,0,0,0,0,0,Open,0,0,0,Fine,Null
1761294.896,5914254.7183,844426,,520202,0,,0,1,,West,2023/2024,ELLERSLIE-PANMURE HIGHWAY,ELLERSLIE-PANMURE HWY OFF RAMP,,Non-Injury Crash,No,2023,,West,,0,,Flat,,,,,,Overcast,612300,0,0,0,2,,,0,,,,,,Auckland Region,Overpass,1-way,Sealed,,0,0,,50,,Off,0,0,,76,Auckland,Nil,,,,,0,0,Urban,1,,,Fine,Null
1774905.4653,5899271.4013,844434,45,523813,0,0,0,0,0,East,2023/2024,HAMLIN ROAD,VILLAGE WAY,,Minor Crash,No,2024,0,East,1,0,0,Flat,0,,0,,0,Overcast,761601,1,0,0,2,0,0,0,0,0,,0,0,Auckland Region,Nil,2-way,Sealed,0,0,0,0,100,0,Off,0,0,,76,Auckland,Nil,0,0,0,0,0,0,Open,1,0,0,Light rain,Null
1770011.7074,5917219.7815,844441,,522604,0,0,0,1,0,West,2025/2026,LAINGS ROAD,BUCKLANDS BEACH ROAD,,Non-Injury Crash,No,2025,0,North,0,0,1,Hill Road,0,,0,,0,Bright sun,677000,0,0,0,2,0,0,0,0,0,,0,0,Auckland Region,Nil,2-way,Sealed,0,0,0,0,50,0,None,0,0,,76,Auckland,Nil,0,0,0,0,0,0,Urban,0,0,0,Fine,Null
1749931.6287,5914129.3569,844445,,511303,0,,0,1,,North,2023/2024,DELTA AVENUE,HUGH BROWN DRIVE,,Minor Crash,No,2023,,North,,0,,Flat,,,,,,Bright sun,265900,1,0,0,2,,,0,,,1,,,Auckland Region,Nil,2-way,Sealed,,0,0,,50,,Off,0,0,,76,Auckland,Nil,,,,,0,0,Urban,0,,,Fine,Null
1751971.4132,5917910.6584,844447,,515001,0,,0,1,,Null,2022/2023,GREAT NORTH ROAD,GREAT NORTH ROAD ON RAMP,,Non-Injury Crash,No,2023,,North,,0,,Flat,,,,,,Bright sun,392400,0,0,0,5,,,0,,,,,,Auckland Region,Underpass,2-way,Sealed,,0,0,,50,,Off,0,0,,76,Auckland,Traffic Signals,,,,,0,0,Urban,0,,,Fine,Null
1747973.7735,5925860.1472,844453,,513431,0,0,0,0,0,Null,2022/2023,MARDELL AVENUE,DORRICOTT AVENUE,,Non-Injury Crash,No,2023,0,South,0,0,0,Flat,0,,0,,0,Overcast,222800,0,0,0,2,0,0,0,0,1,,0,0,Auckland Region,Nil,2-way,Sealed,0,0,0,0,50,0,Off,2,0,,76,Auckland,Nil,0,0,0,0,0,0,Urban,0,0,0,Fine,Null
1773002.5513,5891005.036,844455,,521301,0,,0,3,,South,2022/2023,SOUTHERN MOTORWAY,GREAT SOUTH ROAD OFF RAMP,,Non-Injury Crash,Yes,2023,,North,,0,,Flat,,,,,,Overcast,809200,0,0,0,2,,,0,,,,,,Auckland Region,Nil,1-way,Sealed,,0,0,,100,,Off,0,0,,76,Auckland,Nil,,,,,0,0,Open,0,,,Light rain,Null
1762215.1816,5913588.8792,844458,,520500,0,,0,4,,South,2023/2024,SOUTHERN MOTORWAY,PENROSE OBR,,Non-Injury Crash,Yes,2024,,North,,0,,Flat,,,,,,Overcast,637100,0,0,0,3,,,0,,,,,,Auckland Region,Nil,1-way,Sealed,,0,0,,100,,Off,0,0,,76,Auckland,Nil,,,,,0,0,Open,1,,,Fine,Null
1758272.5722,5924166.8651,844462,,508120,1,,0,0,,East,2024/2025,BAYSWATER AVENUE,BALFOUR STREET,,Minor Crash,No,2024,,West,,0,,Flat,,,,,,Bright sun,315500,1,0,0,2,,,0,,,,,,Auckland Region,Nil,2-way,Sealed,,0,0,,50,,Off,0,0,,76,Auckland,Nil,,,,,0,0,Urban,1,,,Fine,Null
1752662.3283,5914046.8838,844465,,514500,0,,0,2,,Null,2024/2025,NEW WINDSOR ROAD,MAIORO STREET,,Non-Injury Crash,No,2025,,North,,0,,Flat,,,,,,Bright sun,375100,0,0,0,2,,,0,,,,,,Auckland Region,Nil,2-way,Sealed,,0,0,,50,,Off,0,0,30,76,Auckland,Traffic Signals,,,,,0,0,Urban,0,,,Fine,Null
1763710.2437,5889841.3827,844466,,521122,0,0,0,1,0,South,2024/2025,BATTY ROAD,STAN WRIGHT ROAD,,Minor Crash,No,2024,0,North,0,0,1,Flat,0,,0,,0,Twilight,809800,1,0,0,2,0,0,0,0,0,,0,0,Auckland Region,Nil,2-way,Sealed,0,0,0,0,60,0,None,0,0,,76,Auckland,Nil,0,0,0,1,0,0,Urban,0,0,0,Fine,Null
1755882.0528,5925492.5952,844473,,509702,0,0,0,3,0,West,2025/2026,EXMOUTH ROAD,HOWARD ROAD,,Minor Crash,No,2025,0,East,0,0,0,Flat,0,,0,,0,Dark,366201,1,0,0,2,0,0,0,0,2,,0,0,Auckland Region,Nil,2-way,Sealed,0,0,0,0,50,0,On,0,0,,76,Auckland,Nil,0,0,0,0,0,0,Urban,0,0,0,Fine,Null
1768193.6256,5902431.0768,844474,,524901,0,,0,1,,Null,2023/2024,ORAMS ROAD,GREAT SOUTH ROAD,,Non-Injury Crash,No,2024,,West,,0,,Hill Road,,,,,,Overcast,754200,0,0,0,2,,,0,,,,,,Auckland Region,Nil,2-way,Sealed,,0,0,,50,,Off,0,0,,76,Auckland,Traffic Signals,,,,,1,0,Urban,0,,,Fine,Null
1758245.4965,5913407.8188,844478,,519710,0,,0,2,,Null,2023/2024,MOUNT SMART ROAD,CAMPBELL ROAD,,Non-Injury Crash,No,2024,,West,,0,,Flat,,,,,,Bright sun,595200,0,0,0,2,,,0,,,,,,Auckland Region,Nil,1-way,Sealed,,0,0,,50,,Off,0,0,,76,Auckland,Give way,,,,,0,0,Urban,0,,,Fine,Null
1754766.7698,5935966.1823,844481,,507101,0,0,0,2,0,East,2024/2025,CARLISLE ROAD,BARKER RISE,,Non-Injury Crash,No,2024,0,West,0,0,0,Flat,0,,0,,0,Overcast,160700,0,0,0,2,0,0,0,0,1,,0,0,Auckland Region,Nil,2-way,Sealed,0,0,0,0,50,0,Off,0,0,,76,Auckland,Nil,0,0,0,0,0,0,Urban,0,0,0,Fine,Null
1756447.489,5918823.7085,844482,,515600,0,,0,1,,Null,2023/2024,PIWAKAWAKA STREET,IAN MCKINNON DRIVE,,Non-Injury Crash,No,2024,,South,,0,,Hill Road,,,,,,Overcast,420201,0,0,0,3,,,0,,,,,,Auckland Region,Nil,2-way,Sealed,,0,0,,50,,Off,0,0,,76,Auckland,Traffic Signals,,,,,1,0,Urban,0,,,Light rain,Null
1756759.2401,5927441.5405,844494,,507900,0,,1,0,,South,2023/2024,TAHAROTO ROAD,NORTHCOTE ROAD,,Non-Injury Crash,No,2023,,North,,0,,Flat,,,,,,Overcast,304500,0,0,0,5,,,0,,,,,,Auckland Region,Nil,2-way,Sealed,,0,0,,50,,Off,0,0,,76,Auckland,Nil,,,,,0,0,Urban,1,,,Light rain,Null
1765566.7966,5879056.1451,844506,,521112,0,0,0,0,0,Null,2023/2024,POLLOCK ROAD,PATUMAHOE ROAD,,Serious Crash,No,2024,0,South,0,0,0,Flat,0,,0,,0,Dark,825800,2,0,0,2,0,0,0,1,0,,0,0,Auckland Region,Nil,2-way,Sealed,0,0,1,0,80,0,On,0,0,,76,Auckland,Give way,0,0,0,0,0,0,Open,1,0,0,Fine,Null
1748070.7453,5915017.1128,844510,,511700,0,,0,1,,West,2024/2025,ST LEONARDS ROAD,BARBARY AVENUE,,Minor Crash,No,2024,,West,,0,,Flat,,,,,,Overcast,271800,1,0,0,2,,,0,,,1,,,Auckland Region,Nil,2-way,Sealed,,0,0,,50,,Off,0,0,30,76,Auckland,Nil,,,,,0,0,Urban,0,,,Fine,Null
1752391.8489,5916522.9161,844513,,517901,0,0,0,0,0,South,2024/2025,WOODWARD ROAD,SPRINGLEIGH AVENUE,,Non-Injury Crash,No,2025,0,South,0,0,0,Flat,0,,0,,0,Overcast,523100,0,0,0,2,0,0,0,0,1,,0,0,Auckland Region,Nil,2-way,Sealed,0,0,0,0,50,0,Off,1,0,,76,Auckland,Nil,0,0,0,0,0,0,Urban,1,0,0,Fine,Null
1768588.0889,5906116.0223,844521,,523721,0,,0,2,,South,2024/2025,DAWSON ROAD,FLAT BUSH ROAD,,Non-Injury Crash,No,2025,,West,,0,,Flat,,,,,,Bright sun,715615,0,0,0,2,,,0,,,,,,Auckland Region,Nil,2-way,Sealed,,0,0,,50,,Off,0,0,,76,Auckland,Nil,,,,,0,0,Urban,0,,,Fine,Null
1753927.0441,5913427.495,844522,,518802,0,,0,1,,Null,2024/2025,RICHARDSON ROAD,WHITE SWAN ROAD,,Minor Crash,No,2024,,North,,0,,Flat,,,,,,Overcast,579400,1,0,0,4,,,0,,,,,,Auckland Region,Nil,2-way,Sealed,,0,0,,50,,Off,2,0,,76,Auckland,Traffic Signals,,,,,0,0,Urban,0,,,Fine,Null
1767813.2216,5904090.7831,844524,,524602,0,,0,2,,Null,2022/2023,GREAT SOUTH ROAD,LAKEWOOD COURT,,Minor Crash,No,2023,,South,,0,,Flat,,,,,,Bright sun,780501,1,0,0,5,,,0,,,,,,Auckland Region,Nil,2-way,Sealed,,0,0,,50,,Off,0,0,,76,Auckland,Traffic Signals,,,,,0,0,Urban,0,,,Fine,Null
1765892.6909,5906513.2225,844526,45,522202,0,,0,2,,North,2023/2024,GREAT SOUTH ROAD,TUI ROAD,,Non-Injury Crash,No,2023,,North,,0,,Flat,,,,,,Bright sun,663800,0,0,0,2,,,0,,,,,,Auckland Region,Nil,2-way,Sealed,,0,0,,50,,Off,0,0,,76,Auckland,Nil,,,,,0,0,Urban,0,,,Fine,None
1765735.4975,5902095.483,844534,,524604,0,,0,2,,West,2023/2024,BOLDERWOOD PLACE,MAYO ROAD,,Non-Injury Crash,No,2024,,East,,0,,Flat,,,,,,Bright sun,781302,0,0,0,2,,,0,,,,,,Auckland Region,Nil,2-way,Sealed,,0,0,,50,,Off,0,0,,76,Auckland,Nil,,,,,0,0,Urban,0,,,Fine,None
1766197.9527,5907471.7709,844535,,522301,0,,0,1,,Null,2022/2023,EAST TAMAKI ROAD ON-OFF RAMP,EAST TAMAKI ROAD,,Non-Injury Crash,No,2023,,South,,0,,Flat,,,,,,Bright sun,666700,0,0,0,3,,,0,,,,,,Auckland Region,Nil,2-way,Sealed,,0,0,,60,,Off,1,0,,76,Auckland,Traffic Signals,,,,,0,0,Urban,0,,,Fine,Null
1755937.5539,5918189.5157,844537,,517500,0,0,0,2,0,North,2025/2026,NEW NORTH ROAD,KING STREET,,Minor Crash,No,2025,0,North,0,0,0,Flat,0,,0,,0,Dark,529500,1,0,0,2,0,0,0,0,1,,0,0,Auckland Region,Nil,2-way,Sealed,0,0,0,0,50,0,On,0,0,,76,Auckland,Nil,0,0,0,0,0,0,Urban,0,0,0,Fine,Null
1760082.3092,5915957.5338,844539,,516002,0,0,0,1,0,Null,2022/2023,GREEN LANE EAST ON RAMP,GREEN LANE EAST ON RAMP,,Minor Crash,No,2023,0,North,0,0,0,Flat,1,,0,,0,Bright sun,492100,1,0,0,1,0,0,0,0,0,,0,0,Auckland Region,Motorway ramp,1-way,Sealed,0,0,0,0,50,0,Off,0,0,,76,Auckland,Nil,0,0,0,0,0,0,Urban,0,0,0,Fine,Null
1766181.4465,5904576.199,844543,,524603,0,,0,0,,West,2023/2024,CAVENDISH DRIVE,NORMAN SPENCER DRIVE,,Minor Crash,No,2023,,East,,0,,Flat,,,,,,Bright sun,780202,1,0,0,4,,,0,,,,,,Auckland Region,Nil,2-way,Sealed,,0,0,,60,,Off,1,0,,76,Auckland,Nil,,,,,1,0,Urban,0,,,Fine,Null
1745092.6938,5916451.2805,844568,,510800,0,0,0,0,0,South,2024/2025,HENDERSON VALLEY ROAD,KEELING ROAD,,Non-Injury Crash,No,2025,0,North,0,0,0,Null,0,,0,,0,Bright sun,241900,0,0,0,2,0,0,0,0,1,,0,0,Auckland Region,Nil,2-way,Sealed,0,0,0,0,50,0,Null,1,0,,76,Auckland,Nil,0,0,0,0,0,0,Urban,1,0,0,Fine,Null
1762594.6799,5920748.5368,844577,,516400,0,0,0,2,0,East,2023/2024,TAMAKI DRIVE,HAPIMANA STREET,,Serious Crash,No,2023,0,East,0,0,0,Flat,1,,0,,0,Overcast,498801,1,0,0,2,0,0,0,0,0,,0,0,Auckland Region,Nil,2-way,Sealed,0,0,1,0,50,0,Off,0,0,,76,Auckland,Nil,0,0,0,0,0,0,Urban,0,0,0,Fine,Null
1764227.1591,5917421.2137,844581,,516302,0,0,0,1,0,South,2022/2023,COLLEGE ROAD,ST JOHNS ROAD,,Non-Injury Crash,No,2023,0,North,0,0,0,Flat,0,,0,,0,Overcast,462700,0,0,0,2,0,0,0,0,0,,0,0,Auckland Region,Nil,2-way,Sealed,0,0,0,0,50,0,Off,0,0,,76,Auckland,Nil,0,0,0,1,0,0,Urban,0,0,0,Light rain,Null
1749293.4073,5913913.8916,844592,,511302,0,,0,1,,Null,2025/2026,GREAT NORTH ROAD,PINE STREET,,Minor Crash,No,2025,,East,,0,,Null,,,,,,Bright sun,268900,1,0,0,4,,,0,,,,,,Auckland Region,Nil,2-way,Sealed,,0,0,,50,,Null,1,0,,76,Auckland,Stop,,,,,0,0,Urban,0,,,Fine,Null
1769627.7189,5883622.6221,844593,55,521111,0,,0,0,,North,2024/2025,CAPE HILL ROAD,NORTHVALE PLACE,,Minor Crash,No,2024,,South,,0,,Hill Road,,,,,,Overcast,813502,1,0,0,2,,,0,,,,,,Auckland Region,Nil,2-way,Sealed,,0,0,,60,,None,0,0,,76,Auckland,Nil,,,,,1,0,Urban,0,,,Light rain,Strong wind
1749379.9149,5914703.566,844596,,511301,0,0,0,2,0,South,2022/2023,QUEEN MARY AVENUE,DURRANT PLACE,,Minor Crash,No,2023,0,South,0,0,0,Flat,0,,0,,0,Dark,267300,1,0,0,2,0,0,0,0,1,,0,0,Auckland Region,Nil,2-way,Sealed,0,0,0,0,50,0,On,0,0,,76,Auckland,Nil,0,0,0,0,0,0,Urban,0,0,0,Fine,Null
1747697.6497,5910924.0037,844621,,511901,0,0,0,0,0,South,2024/2025,TITIRANGI ROAD,PARK ROAD,,Minor Crash,No,2025,0,South,0,0,1,Hill Road,0,,0,,0,Bright sun,294200,1,0,0,2,0,0,0,0,0,,0,1,Auckland Region,Nil,2-way,Sealed,0,0,0,0,50,0,Off,1,0,,76,Auckland,Nil,0,0,0,0,0,0,Urban,0,0,0,Fine,Null
1755697.9422,5918321.0186,844624,,517500,0,,0,1,,East,2024/2025,NORTH-WESTERN MOTORWAY,BOND OBR,,Non-Injury Crash,Yes,2024,,West,,0,,Null,,,,,,Unknown,529600,0,0,0,4,,,0,,,,,,Auckland Region,Nil,1-way,Null,,0,0,,80,,Null,0,0,,76,Auckland,Nil,,,,,1,0,Open,0,,,Null,Null
1771593.5696,5901953.9201,844626,,523819,0,0,0,2,1,West,2022/2023,RANFURLY ROAD,EVERLEA PLACE,,Minor Crash,No,2023,0,East,0,0,1,Flat,0,,0,,0,Overcast,760811,1,0,0,2,0,0,0,0,0,,0,0,Auckland Region,Nil,2-way,Sealed,0,0,0,0,80,0,Off,0,0,30,76,Auckland,Nil,0,0,0,1,0,0,Open,0,0,0,Heavy rain,Null
1768170.4033,5902468.7248,844637,,524602,0,,0,1,,Null,2023/2024,GREAT SOUTH ROAD,BROWNS ROAD,,Non-Injury Crash,No,2024,,South,,0,,Flat,,,,,,Dark,780700,0,0,0,4,,,0,,,,,,Auckland Region,Nil,2-way,Sealed,,0,0,,50,,On,1,0,,76,Auckland,Traffic Signals,,,,,0,0,Urban,0,,,Fine,Null
1774632.697,5896431.7282,844640,,525610,0,0,0,1,0,Null,2024/2025,HARRIER PLACE,EASTBURN STREET,,Non-Injury Crash,No,2024,0,West,0,0,1,Flat,0,,0,,0,Overcast,799000,0,0,0,2,0,0,0,0,0,,0,0,Auckland Region,Nil,2-way,Sealed,0,0,0,0,50,0,Off,0,0,,76,Auckland,Nil,0,0,0,0,0,0,Urban,0,0,0,Light rain,Null
1758190.6443,5945002.5523,844656,,505902,0,,0,1,,North,2025/2026,WHANGAPARAOA ROAD,TINDALLS BAY ROAD,,Non-Injury Crash,No,2025,,North,,0,,Flat,,,,,,Bright sun,174703,0,0,0,2,,,0,,,,,,Auckland Region,Nil,2-way,Sealed,,0,0,,50,,Off,0,0,,76,Auckland,Nil,,,,,0,0,Urban,1,,,Fine,Null
1745748.2638,5916370.1462,844657,,510800,0,0,0,1,0,Null,2023/2024,OFF ROAD,,,Minor Crash,No,2024,0,West,0,0,0,Flat,0,Queens Birthday,1,,0,Bright sun,243800,1,0,0,,0,0,0,0,0,,0,0,Auckland Region,Nil,Off road,Sealed,0,0,0,0,,0,Off,0,0,,76,Auckland,Nil,0,0,0,0,0,0,Urban,0,0,0,Fine,Null
1741555.4658,5927143.7978,844661,,513701,0,,0,2,,South,2023/2024,SH 16,COATESVILLE-RIVERHEAD HIGHWAY,,Minor Crash,Yes,2024,,North,,0,,Hill Road,,,,,,Overcast,220200,1,0,0,3,,,0,,,,,,Auckland Region,Nil,2-way,Sealed,,0,0,,80,,Off,0,0,,76,Auckland,Nil,,,,,0,0,Open,0,,,Heavy rain,Null
1772714.5082,5895296.9546,844669,,525520,0,,0,2,,North,2024/2025,GREAT SOUTH ROAD,BUTTERWORTH AVENUE,,Non-Injury Crash,No,2024,,North,,0,,Null,,Christmas New Year,,,,Bright sun,801700,0,0,0,2,,,0,,,,,,Auckland Region,Nil,2-way,Sealed,,0,0,,50,,Null,0,0,,76,Auckland,Nil,,,,,0,0,Urban,0,,,Fine,Null