X,Y,OBJECTID,advisorySpeed,areaUnitID,bicycle,bridge,bus,carStationWagon,cliffBank,crashDirectionDescription,crashFinancialYear,crashLocation1,crashLocation2,crashRoadSideRoad,crashSeverity,crashSHDescription,crashYear,debris,directionRoleDescription,ditch,fatalCount,fence,flatHill,guardRail,holiday,houseOrBuilding,intersection,kerb,light,meshblockId,minorInjuryCount,moped,motorcycle,NumberOfLanes,objectThrownOrDropped,otherObject,otherVehicleType,overBank,parkedVehicle,pedestrian,phoneBoxEtc,postOrPole,region,roadCharacter,roadLane,roadSurface,roadworks,schoolBus,seriousInjuryCount,slipOrFlood,speedLimit,strayAnimal,streetLight,suv,taxi,temporarySpeedLimit,tlaId,tlaName,trafficControl,trafficIsland,trafficSign,train,tree,truck,unknownVehicleType,urban,vanOrUtility,vehicle,waterRiver,weatherA,weatherB
1746573.0675,5924880.0741,844676,,513522,0,0,0,2,0,East,2022/2023,CLEARWATER COVE,REFLECTION DRIVE,,Minor Crash,No,2023,0,West,0,0,0,Flat,0,,0,,0,Twilight,224106,1,0,0,2,0,0,0,0,1,,0,0,Auckland Region,Nil,2-way,Sealed,0,0,0,0,50,0,Off,0,0,,76,Auckland,Nil,0,0,0,0,0,0,Urban,0,0,0,Fine,Null
1748525.015,5913075.9865,844677,,511401,0,,0,1,,Null,2024/2025,TITIRANGI ROAD,PARKER AVENUE,,Non-Injury Crash,No,2024,,West,,0,,Null,,,,,,Bright sun,263900,0,0,0,3,,,0,,,,,,Auckland Region,Nil,2-way,Sealed,,0,0,,50,,Null,1,0,,76,Auckland,Give way,,,,,0,0,Urban,0,,,Fine,Null
1758807.3153,5912416.1761,844681,,519820,0,,0,1,,Null,2024/2025,ARTHUR STREET,SELWYN STREET,,Minor Crash,No,2025,,West,,0,,Hill Road,,,,,,Dark,600800,1,0,0,2,,,0,,,,,,Auckland Region,Nil,2-way,Sealed,,0,0,,50,,On,1,0,,76,Auckland,Stop,,,,,0,0,Urban,0,,,Fine,Null
1763891.7778,5912549.7976,844688,,520500,0,,0,1,,West,2024/2025,SOUTHERN MOTORWAY,MT WGTN OBR,,Non-Injury Crash,Yes,2024,,South,,0,,Flat,,,,,,Overcast,637400,0,0,0,2,,,0,,,,,,Auckland Region,Overpass,1-way,Sealed,,0,0,,100,,Off,0,0,,76,Auckland,Nil,,,,,0,0,Open,1,,,Light rain,Null
1760090.6645,5915932.2756,844704,,516002,0,,0,1,,South,2023/2024,GREEN LANE EAST,GREEN LANE EAST ON RAMP,,Non-Injury Crash,No,2024,,North,,0,,Flat,,,,,,Bright sun,492100,0,0,1,1,,,0,,,,,,Auckland Region,Nil,1-way,Sealed,,0,0,,50,,None,0,0,,76,Auckland,Nil,,,,,0,0,Urban,0,,,Fine,None
1791088.0228,5909110.616,844709,,525202,0,0,0,0,0,East,2023/2024,CLEVEDON-KAWAKAWA ROAD,PIRO BR,,Non-Injury Crash,No,2023,0,East,1,0,0,Hill Road,0,,0,,0,Dark,764800,0,0,0,2,0,0,0,0,0,,0,0,Auckland Region,Nil,2-way,Sealed,0,0,0,0,60,0,None,0,0,,76,Auckland,Nil,0,0,0,0,1,0,Urban,0,0,0,Fine,Null
1745634.9598,5924709.9793,844713,,513431,0,0,0,3,0,North,2023/2024,HOBSONVILLE ROAD,WESTPARK DRIVE,,Minor Crash,No,2024,0,South,0,0,1,Flat,0,,0,,0,Bright sun,223802,1,0,0,2,0,0,0,0,0,,0,0,Auckland Region,Nil,2-way,Sealed,0,0,0,0,50,0,Off,0,0,,76,Auckland,Nil,0,0,0,0,0,0,Urban,0,0,0,Fine,Null
1768201.0786,5881683.2707,844717,,525910,0,,0,0,,West,2024/2025,PRINCES STREET,BEATTY ROAD,,Minor Crash,No,2024,,Null,,0,,Flat,,,,,,Bright sun,819700,1,0,0,2,,,0,,,1,,,Auckland Region,Nil,2-way,Sealed,,0,0,,50,,None,0,0,,76,Auckland,Nil,,,,,0,0,Urban,0,,,Fine,Null
1760093.0929,5906273.048,844720,,524200,0,0,0,2,0,East,2025/2026,MASSEY ROAD,THOMAS ROAD,,Non-Injury Crash,No,2026,0,West,0,0,0,Flat,0,Christmas New Year,0,,0,Dark,728001,0,0,0,2,0,0,0,0,1,,0,0,Auckland Region,Nil,2-way,Sealed,0,0,0,0,50,0,On,0,0,,76,Auckland,Nil,0,0,0,0,0,0,Urban,0,0,0,Fine,Null
1751109.8952,5916090.6976,844728,,514401,0,0,0,0,0,East,2025/2026,BEATRIX STREET,PLANE STREET,,Non-Injury Crash,No,2025,0,East,0,0,0,Null,0,,0,,0,Bright sun,383400,0,0,0,2,0,0,0,0,1,,0,0,Auckland Region,Nil,2-way,Sealed,0,0,0,0,30,0,Null,1,0,,76,Auckland,Nil,0,0,0,0,0,1,Urban,0,0,0,Fine,Null
1762854.0532,5905584.9288,844730,,524302,0,0,0,1,0,South,2022/2023,PORTAGE ROAD,SELFS ROAD,,Non-Injury Crash,No,2023,0,North,0,0,1,Flat,0,,0,,0,Bright sun,745000,0,0,0,2,0,0,0,0,0,,0,0,Auckland Region,Nil,2-way,Sealed,0,0,0,0,50,0,Off,0,0,,76,Auckland,Nil,0,0,0,0,0,0,Urban,0,0,0,Fine,Null
1751702.1114,5932370.9519,844741,,508807,0,,0,1,,Null,2023/2024,ROSEDALE ROAD,DOUGLAS ALEXANDER PARADE,,Non-Injury Crash,No,2024,,East,,0,,Flat,,,,,,Bright sun,180302,0,0,0,2,,,0,,,,,,Auckland Region,Nil,2-way,Sealed,,0,0,,50,,Off,0,0,,76,Auckland,Give way,,,,,0,0,Urban,1,,,Fine,Null
1748550.4762,5918705.1514,844745,,514801,0,,0,2,,South,2023/2024,NORTH-WESTERN MOTORWAY,PATIKI OBR,,Minor Crash,Yes,2024,,North,,0,,Hill Road,,,,,,Bright sun,389200,1,0,0,4,,,0,,,,,,Auckland Region,Nil,1-way,Sealed,,0,0,,100,,Off,0,0,,76,Auckland,Nil,,,,,0,0,Open,0,,,Fine,Null
1749188.594,5970640.902,844748,,505500,0,0,0,2,0,East,2022/2023,QUEEN STREET,MILL LANE,,Minor Crash,No,2023,0,South,0,0,0,Flat,0,,0,,0,Overcast,140300,1,0,0,2,0,0,0,0,2,,0,0,Auckland Region,Nil,2-way,Sealed,0,0,0,0,50,0,Off,1,0,,76,Auckland,Nil,0,0,0,0,0,0,Urban,0,0,0,Fine,Null
1745156.0737,5916782.3907,844749,,510800,0,,0,0,,Null,2023/2024,HENDERSON VALLEY ROAD,HICKORY AVENUE,,Minor Crash,No,2023,,North,,0,,Flat,,,,,,Dark,242000,1,0,0,2,,,0,,,1,,,Auckland Region,Nil,2-way,Sealed,,0,0,,50,,On,0,0,40,76,Auckland,Give way,,,,,0,0,Urban,1,,,Fine,Null
1768641.2786,5902611.5225,844760,,524901,0,0,0,2,0,Null,2024/2025,ORAMS ROAD,LYNMORE DRIVE,,Non-Injury Crash,No,2025,0,East,0,0,0,Hill Road,0,,0,,0,Dark,754500,0,0,0,2,0,0,0,0,1,,0,0,Auckland Region,Nil,2-way,Sealed,0,0,0,0,50,0,On,0,0,,76,Auckland,Give way,0,0,0,0,0,0,Urban,0,0,0,Fine,Null
1764663.959,5911649.8753,844776,,520500,0,,0,1,,South,2024/2025,SOUTHERN MOTORWAY,PANAMA OBR,,Non-Injury Crash,Yes,2025,,North,,0,,Flat,,Easter,,,,Overcast,636200,0,0,0,3,,,0,,,,,,Auckland Region,Underpass,1-way,Sealed,,0,0,,100,,Off,1,0,,76,Auckland,Nil,,,,,0,0,Open,0,,,Mist or Fog,Null
1739149.4746,5928675.9904,844794,,505602,1,,0,0,,West,2023/2024,MAIN ROAD,WEZA LANE,,Minor Crash,Yes,2023,,West,,0,,Flat,,,,,,Overcast,215000,1,0,0,2,,,0,,,,,,Auckland Region,Nil,2-way,Sealed,,0,0,,50,,Off,1,0,,76,Auckland,Nil,,,,,0,0,Urban,0,,,Light rain,Null
1762052.0265,5913840.2458,844797,,520500,0,,0,2,,North,2022/2023,SOUTHERN MOTORWAY,PENROSE OBR,,Non-Injury Crash,Yes,2023,,North,,0,,Flat,,,,,,Dark,637000,0,0,0,3,,,0,,,,,,Auckland Region,Nil,2-way,Sealed,,0,0,,100,,On,0,0,,76,Auckland,Nil,,,,,0,0,Open,0,,,Fine,Null
1746184.9719,5920480.459,844800,25,513301,0,0,0,1,0,East,2024/2025,THE CONCOURSE,LINCOLN ROAD,,Non-Injury Crash,No,2025,0,North,0,0,0,Flat,0,,0,,0,Bright sun,230200,0,0,0,2,0,0,0,0,1,,0,0,Auckland Region,Nil,2-way,Sealed,0,0,0,0,50,0,None,0,0,,76,Auckland,Nil,0,0,0,0,1,0,Urban,0,0,0,Fine,None
1747570.9794,5919509.8029,844801,,512402,0,,0,2,,North,2023/2024,NORTH-WESTERN MOTORWAY,TE ATATU ROAD OFF RAMP,,Non-Injury Crash,Yes,2023,,North,,0,,Flat,,,,,,Dark,253700,0,0,0,4,,,0,,,,,,Auckland Region,Nil,1-way,Sealed,,0,0,,100,,On,0,0,,76,Auckland,Nil,,,,,0,0,Open,0,,,Fine,Null
1755979.7688,5928039.3413,844809,,507900,0,,0,1,,South,2022/2023,NORTHERN MOTORWAY,WAIRAU OBR,,Non-Injury Crash,Yes,2023,,North,,0,,Flat,,,,,,Overcast,305201,0,0,1,4,,,0,,,,,,Auckland Region,Nil,1-way,Sealed,,0,0,,100,,Off,0,0,,76,Auckland,Nil,,,,,0,0,Open,0,,,Fine,Null
1767179.4686,5905555.2868,844813,,522302,0,,0,2,,East,2022/2023,REAGAN ROAD,GREAT SOUTH ROAD,,Non-Injury Crash,No,2023,,East,,0,,Flat,,,,,,Bright sun,670700,0,0,0,2,,,0,,,,,,Auckland Region,Nil,2-way,Sealed,,0,0,,50,,Off,0,0,,76,Auckland,Nil,,,,,0,0,Urban,0,,,Fine,None
1746791.2006,5912551.519,844817,,512600,0,0,0,1,0,Null,2024/2025,KAURILANDS ROAD,GLENDALE ROAD,,Minor Crash,No,2024,0,North,0,0,0,Flat,0,,0,,0,Dark,298302,3,0,0,2,0,0,0,0,0,,0,1,Auckland Region,Nil,2-way,Sealed,0,0,0,0,50,0,On,0,0,,76,Auckland,Give way,0,0,0,0,0,0,Urban,0,0,0,Fine,Null
1764276.9384,5878682.3364,844822,,521121,0,0,0,1,0,North,2022/2023,ROGERS ROAD,WAIUKU ROAD,,Serious Crash,No,2023,0,South,0,0,0,Hill Road,0,,0,,0,Bright sun,825000,1,0,0,2,0,0,0,0,0,,0,0,Auckland Region,Nil,2-way,Sealed,0,0,2,0,80,0,None,0,0,,76,Auckland,Nil,0,0,0,1,0,0,Open,0,0,0,Fine,Null
1753370.0493,5917435.7848,844825,,517800,0,0,0,1,0,Null,2023/2024,ROSSGROVE TERRACE,DOREEN AVENUE,,Non-Injury Crash,No,2024,0,South,0,0,0,Flat,0,,0,,0,Bright sun,526300,0,0,0,2,0,0,0,0,1,,0,0,Auckland Region,Nil,2-way,Sealed,0,0,0,0,50,0,Off,1,0,,76,Auckland,Nil,0,0,0,0,0,0,Urban,0,0,0,Fine,Null
1761874.3487,5913479.702,844832,,520202,0,,0,1,,North,2024/2025,GREAT SOUTH ROAD,PENROSE ROAD,,Non-Injury Crash,No,2024,,South,,0,,Flat,,,,,,Bright sun,612400,0,0,0,4,,,0,,,,,,Auckland Region,Nil,2-way,Sealed,,0,0,,50,,Off,1,0,,76,Auckland,Nil,,,,,0,0,Urban,0,,,Fine,Null
1758700.2562,5903525.8091,844842,,524200,0,,0,2,,West,2022/2023,TERMINAL EXIT ROAD,RAY EMERY DRIVE,,Minor Crash,No,2023,,East,,0,,Flat,,,,,,Bright sun,727100,1,0,0,4,,,0,,,,,,Auckland Region,Nil,1-way,Sealed,,0,0,,50,,Off,0,0,,76,Auckland,Nil,,,,,0,0,Urban,0,,,Fine,Null
1760525.2984,5916209.0796,844845,35,516003,0,,0,2,,Null,2023/2024,GREEN LANE EAST,ASCOT AVENUE,,Non-Injury Crash,No,2023,,South,,0,,Flat,,,,,,Overcast,494902,0,0,0,2,,,0,,,,,,Auckland Region,Nil,1-way,Sealed,,0,0,,50,,Off,0,0,,76,Auckland,Traffic Signals,,,,,0,0,Urban,0,,,Fine,None
1771073.4016,5903848.0758,844848,55,523819,0,,0,2,,Null,2024/2025,MILL ROAD,REDOUBT ROAD,,Non-Injury Crash,No,2025,,South,,0,,Hill Road,,,,,,Dark,760500,0,0,0,2,,,0,,,,,,Auckland Region,Nil,2-way,Sealed,,0,0,,60,,On,0,0,50,76,Auckland,Give way,,,,,0,0,Urban,0,,,Fine,Null
1735138.4568,5943722.4206,844849,,506646,0,,0,1,,South,2024/2025,PEAK ROAD,SHANKS ROAD,,Serious Crash,No,2024,,South,,0,,Hill Road,,,,,,Bright sun,211700,0,0,1,2,,,0,,,,,,Auckland Region,Nil,2-way,Sealed,,0,1,,80,,Off,0,0,,76,Auckland,Nil,,,,,0,0,Open,0,,,Fine,Null
1753230.5589,5876092.0107,844854,,526103,0,0,0,1,0,North,2023/2024,CONSTABLE ROAD,LEONARD STREET,,Minor Crash,No,2024,0,North,0,0,0,Flat,0,,0,,1,Overcast,837208,1,0,0,2,0,0,0,0,0,,0,0,Auckland Region,Nil,2-way,Sealed,0,0,0,0,50,0,Off,0,0,,76,Auckland,Nil,0,1,0,0,0,0,Urban,0,0,0,Fine,Null
1760070.9845,5908931.8182,844861,,524403,0,0,0,0,0,South,2024/2025,MAHUNGA DRIVE,WALMSLEY ROAD,,Non-Injury Crash,No,2024,0,South,0,0,0,Flat,0,,0,,0,Dark,729500,0,0,0,2,0,0,0,0,0,,0,1,Auckland Region,Nil,2-way,Sealed,0,0,0,0,50,0,On,1,0,,76,Auckland,Nil,0,0,0,0,0,0,Urban,0,0,0,Fine,Null
1769195.0207,5899676.0759,844864,,525002,0,,0,2,,West,2024/2025,MAHIA ROAD,CHRISTMAS ROAD,,Non-Injury Crash,No,2025,,West,,0,,Flat,,,,,,Dark,754100,0,0,0,2,,,0,,,,,,Auckland Region,Nil,2-way,Sealed,,0,0,,50,,On,0,0,,76,Auckland,Nil,,,,,0,0,Urban,0,,,Heavy rain,Strong wind
1753413.8312,5933201.0534,844869,,508804,0,0,0,1,0,Null,2024/2025,GREVILLE ROAD ON RAMP,GREVILLE ROAD,,Non-Injury Crash,Yes,2024,0,South,0,0,0,Flat,1,,0,,0,Dark,180701,0,0,0,3,0,0,0,0,0,,0,0,Auckland Region,Nil,1-way,Sealed,0,0,0,0,50,0,On,0,0,,76,Auckland,Traffic Signals,0,0,0,0,0,0,Urban,0,0,0,Heavy rain,Null
1754418.2874,5929233.2494,844872,,508320,0,,0,2,,Null,2024/2025,WAIRAU ROAD,VIEW ROAD,,Non-Injury Crash,No,2024,,West,,0,,Null,,,,,,Unknown,196600,0,0,0,3,,,0,,,,,,Auckland Region,Nil,2-way,Null,,0,0,,50,,Null,0,0,,76,Auckland,Give way,,,,,0,0,Urban,0,,,Null,Null
1751094.9301,5912154.8185,844880,45,514700,0,0,0,1,0,East,2023/2024,KINROSS STREET,ENDEAVOUR STREET,,Non-Injury Crash,No,2024,0,West,0,0,0,Hill Road,0,,0,,0,Bright sun,368200,0,0,0,2,0,0,0,0,1,,0,0,Auckland Region,Nil,2-way,Sealed,0,0,0,0,50,0,Off,0,0,,76,Auckland,Nil,0,0,0,0,0,0,Urban,1,0,0,Fine,None
1752989.3213,5876701.9796,844882,,526103,0,,0,1,,Null,2023/2024,RIVERSIDE DRIVE,WROXTON PLACE,,Minor Crash,No,2023,,South,,0,,Flat,,,,,,Overcast,837002,1,0,0,1,,,0,,,,,,Auckland Region,Nil,1-way,Sealed,,0,0,,50,,Off,0,0,,76,Auckland,Give way,,,,,0,0,Urban,0,,,Fine,Null
1731491.5422,5943831.5062,844884,,506646,0,0,0,1,0,East,2022/2023,KAIPARA COAST HIGHWAY,ABEL ROAD,,Serious Crash,Yes,2023,0,South,2,0,0,Hill Road,0,,0,,0,Bright sun,211401,1,0,0,2,0,0,0,0,0,,0,0,Auckland Region,Nil,2-way,Sealed,0,0,1,0,100,0,None,1,0,,76,Auckland,Nil,0,0,0,0,0,0,Open,1,0,0,Fine,Null
1767252.4355,5905584.7942,844888,,522302,0,,0,0,,West,2024/2025,REAGAN ROAD,MEADOWCOURT DRIVE,,Non-Injury Crash,No,2024,,West,,0,,Flat,,,,,,Bright sun,670700,0,0,0,3,,,0,,,,,,Auckland Region,Nil,2-way,Sealed,,0,0,,50,,Off,2,0,,76,Auckland,Nil,,,,,0,0,Urban,0,,,Fine,Null
1767612.8314,5900452.2304,844897,,524720,0,,0,1,,North,2023/2024,WORDSWORTH ROAD,BEESTON CRESCENT,,Non-Injury Crash,No,2023,,North,,0,,Flat,,,,,,Dark,776900,0,0,0,2,,,0,,,,,,Auckland Region,Nil,2-way,Sealed,,0,0,,50,,On,0,0,,76,Auckland,Nil,,,,,0,0,Urban,1,,,Fine,Null
1762399.043,5913302.8388,844902,,520402,0,0,0,1,0,South,2022/2023,SOUTHERN MOTORWAY,PENROSE OBR,,Minor Crash,Yes,2023,0,South,0,0,0,Flat,1,,0,,0,Dark,642200,1,0,0,3,0,0,0,0,0,,0,0,Auckland Region,Nil,1-way,Sealed,0,0,0,0,100,0,On,0,0,,76,Auckland,Nil,0,0,0,0,0,0,Open,0,0,0,Fine,Null
1755575.9083,5944253.9253,844908,,505908,0,,0,0,,West,2022/2023,WHANGAPARAOA ROAD,KAREPIRO DRIVE,,Minor Crash,No,2023,,West,,0,,Flat,,,,,,Bright sun,173605,1,0,0,2,,,0,,,2,,,Auckland Region,Nil,2-way,Sealed,,0,0,,50,,Off,1,0,,76,Auckland,Nil,,,,,0,0,Urban,0,,,Fine,Null
1766671.3236,5912933.6616,844913,,522910,0,,0,2,,Null,2023/2024,REEVES ROAD,TI RAKAU DRIVE,,Non-Injury Crash,No,2023,,South,,0,,Flat,,,,,,Dark,684000,0,0,0,4,,,0,,,,,,Auckland Region,Nil,2-way,Sealed,,0,0,,50,,On,0,0,,76,Auckland,Traffic Signals,,,,,0,0,Urban,0,,,Light rain,Null
1769298.7635,5907467.5603,844924,,523711,0,,0,2,,Null,2022/2023,ORMISTON ROAD,TE IRIRANGI DRIVE,,Minor Crash,No,2023,,East,,0,,Flat,,,,,,Dark,712304,1,0,0,2,,,0,,,,,,Auckland Region,Nil,2-way,Sealed,,0,0,,50,,On,0,0,,76,Auckland,Traffic Signals,,,,,0,0,Urban,0,,,Fine,Null
1757768.1915,5918208.098,844925,,515700,0,,0,0,,South,2023/2024,SOUTHERN MOTORWAY,MOUNTAIN OBR,,Non-Injury Crash,Yes,2024,,North,,0,,Hill Road,,,,,,Bright sun,443600,0,0,0,4,,,0,,,,,,Auckland Region,Nil,1-way,Sealed,,0,0,,80,,Off,1,0,,76,Auckland,Nil,,,,,0,0,Open,1,,,Fine,Null
1754667.9117,5931248.0662,844930,,508520,0,,0,2,,Null,2023/2024,SUNSET ROAD,SYCAMORE DRIVE,,Minor Crash,No,2023,,West,,0,,Flat,,,,,,Bright sun,191502,1,0,0,1,,,0,,,,,,Auckland Region,Nil,2-way,Sealed,,0,0,,50,,Off,1,0,,76,Auckland,Give way,,,,,0,0,Urban,0,,,Fine,Null
1752838.0573,5913338.6033,844933,,514600,0,0,0,2,0,West,2024/2025,DUNDALE AVENUE,BOUNDARY ROAD,,Minor Crash,No,2024,0,North,0,0,0,Flat,0,,0,,0,Dark,373600,1,0,0,2,0,0,0,0,0,1,0,0,Auckland Region,Nil,2-way,Sealed,0,0,0,0,50,0,On,0,0,,76,Auckland,Nil,0,0,0,0,0,0,Urban,0,1,0,Fine,Null
1759639.2877,5925031.3217,844937,,508110,0,,0,1,,Null,2023/2024,LAKE ROAD,EGREMONT STREET,,Non-Injury Crash,No,2024,,North,,0,,Flat,,,,,,Bright sun,319400,0,1,0,2,,,0,,,,,,Auckland Region,Nil,2-way,Sealed,,0,0,,50,,Off,0,0,,76,Auckland,Give way,,,,,0,0,Urban,0,,,Fine,Null
1752750.4314,5934681.9831,844944,,508701,0,,0,2,,South,2023/2024,KAIPIHO LANE,CORNERSTONE DRIVE,,Non-Injury Crash,No,2024,,South,,0,,Flat,,,,,,Dark,179000,0,0,0,2,,,0,,,,,,Auckland Region,Nil,2-way,Sealed,,0,0,,50,,On,0,0,,76,Auckland,Nil,,,,,0,0,Urban,0,,,Fine,None
1785399.8575,5905592.5174,844946,45,525201,0,0,0,0,0,Null,2023/2024,CLEVEDON-KAWAKAWA ROAD,NESS VALLEY ROAD,,Minor Crash,No,2023,0,West,1,0,0,Hill Road,0,,0,,0,Bright sun,764100,1,0,1,2,0,0,0,0,0,,0,0,Auckland Region,Nil,2-way,Sealed,0,0,0,0,80,0,Off,0,0,,76,Auckland,Give way,0,0,0,0,0,0,Open,0,0,0,Fine,Null
1752061.1626,5930624.3994,844961,,509100,0,,0,1,,Null,2023/2024,ALBANY HIGHWAY ON RAMP,ALBANY HIGHWAY,,Non-Injury Crash,No,2023,,South,,0,,Hill Road,,,,,,Bright sun,181004,0,0,0,2,,,0,,,,,,Auckland Region,Motorway ramp,1-way,Sealed,,0,0,,100,,Off,0,0,,76,Auckland,Traffic Signals,,,,,0,0,Open,1,,,Fine,Null
1756098.2564,5918725.1934,844962,,515500,0,,0,1,,South,2023/2024,NORTH-WESTERN MOTORWAY,WAIMA FTBR,,Minor Crash,Yes,2024,,North,,0,,Flat,,,,,,Bright sun,417600,3,0,0,4,,,0,,,,,,Auckland Region,Nil,1-way,Sealed,,0,0,,80,,Off,0,0,,76,Auckland,Nil,,,,,0,0,Open,1,,,Fine,Null
1772412.9656,5893430.2741,844966,,521201,0,0,0,1,0,South,2023/2024,SOUTHERN MOTORWAY,PARK ESTATE OBR,,Minor Crash,Yes,2023,0,Null,0,0,0,Flat,1,,0,,0,Bright sun,806800,1,0,0,2,0,0,0,0,0,,0,0,Auckland Region,Nil,1-way,Sealed,0,0,0,0,100,0,Off,0,0,80,76,Auckland,Nil,0,0,0,0,0,0,Open,1,0,0,Fine,Null
1768174.5229,5907873.773,844974,,523502,0,,0,1,,Null,2023/2024,EAST TAMAKI ROAD,PRESTON ROAD,,Minor Crash,No,2023,,North,,0,,Flat,,,,,,Bright sun,703800,1,0,1,4,,,0,,,,,,Auckland Region,Nil,2-way,Sealed,,0,0,,50,,Off,0,0,30,76,Auckland,Traffic Signals,,,,,0,0,Urban,0,,,Fine,Null
1766303.9441,5916867.2786,844977,,517001,0,0,0,1,0,South,2023/2024,ELSTREE AVENUE,TANIWHA STREET,,Non-Injury Crash,No,2024,0,North,0,0,0,Flat,0,,0,,0,Bright sun,476500,0,0,0,2,0,0,0,0,1,,0,0,Auckland Region,Nil,2-way,Sealed,0,0,0,0,50,0,Off,0,0,,76,Auckland,Nil,0,0,0,0,0,0,Urban,1,0,0,Fine,Null
1756015.8026,5918636.1825,844978,,515500,0,,0,2,,North,2023/2024,NORTH-WESTERN MOTORWAY,NEWTON ROAD OFF RAMP,,Minor Crash,Yes,2024,,North,,0,,Flat,,,,,,Bright sun,418700,1,0,0,5,,,0,,,,,,Auckland Region,Nil,1-way,Sealed,,0,0,,80,,Off,0,0,,76,Auckland,Nil,,,,,0,0,Open,0,,,Fine,Null
1772214.5281,5893771.0326,844988,,525530,0,,0,2,,South,2022/2023,SOUTHERN MOTORWAY,SERVICE CENTRE OFF SBD,,Non-Injury Crash,Yes,2023,,South,,0,,Flat,,,,,,Dark,808607,0,0,0,2,,,0,,,,,,Auckland Region,Nil,2-way,Sealed,,0,0,,100,,On,0,0,80,76,Auckland,Nil,,,,,0,0,Open,0,,,Fine,Null
1770915.3107,5912574.4103,844992,,523106,0,,0,2,,South,2024/2025,MILLHOUSE DRIVE,CANTORA AVENUE,,Non-Injury Crash,No,2025,,North,,0,,Flat,,,,,,Bright sun,711154,0,0,0,2,,,0,,,,,,Auckland Region,Nil,2-way,Sealed,,0,0,,50,,Off,0,0,,76,Auckland,Nil,,,,,0,0,Urban,0,,,Fine,Null
1760304.8978,5915789.3883,844997,95,516003,0,,0,1,,North,2023/2024,SOUTHERN MOTORWAY,GREEN LANE EAST OFF RAMP,,Non-Injury Crash,Yes,2023,,North,,0,,Flat,,,,,,Overcast,494902,0,0,0,3,,,0,,,,,,Auckland Region,Nil,1-way,Sealed,,0,0,,100,,Off,0,0,,76,Auckland,Nil,,,,,0,1,Open,0,,,Light rain,None
1767577.264,5904647.3609,845001,,524604,0,,0,2,,Null,2022/2023,GREAT SOUTH ROAD,RONWOOD AVENUE,,Non-Injury Crash,No,2023,,South,,0,,Flat,,,,,,Bright sun,780209,0,0,0,2,,,0,,,,,,Auckland Region,Nil,1-way,Sealed,,0,0,,50,,Off,0,0,,76,Auckland,Traffic Signals,,,,,0,0,Urban,0,,,Fine,None
1759859.2194,5906159.2415,845005,,524200,0,0,0,1,0,North,2023/2024,PLUMLEY CRESCENT,MANSTON ROAD,,Non-Injury Crash,No,2024,0,South,0,0,0,Flat,0,,0,,0,Bright sun,728002,0,0,0,2,0,0,0,0,0,,0,1,Auckland Region,Nil,2-way,Sealed,0,0,0,0,50,0,Off,0,0,,76,Auckland,Nil,0,0,0,0,0,0,Urban,0,0,0,Fine,Null
1748612.7681,5915191.7077,845006,,511700,0,0,0,1,0,Null,2022/2023,ARCHIBALD ROAD,BEAUBANK ROAD,,Non-Injury Crash,No,2023,0,South,0,0,0,Flat,0,,0,,0,Dark,269800,0,0,0,2,0,0,0,0,0,,0,0,Auckland Region,Speed hump,2-way,Sealed,0,0,0,0,50,0,On,0,0,,76,Auckland,Nil,0,0,0,1,0,0,Urban,0,0,0,Fine,Null
1744780.2916,5917934.6729,845008,,510700,0,,0,2,,Null,2025/2026,SWANSON ROAD,STURGES ROAD,,Non-Injury Crash,No,2025,,North,,0,,Null,,,,,,Bright sun,239501,0,0,0,3,,,0,,,,,,Auckland Region,Nil,2-way,Sealed,,0,0,,50,,Null,0,0,,76,Auckland,Traffic Signals,,,,,0,0,Urban,0,,,Null,Null
1754098.4739,5914020.4079,845012,,518802,0,,0,1,,South,2022/2023,SOUTH-WESTERN MOTORWAY,MAIORO STREET OFF RAMP,,Non-Injury Crash,Yes,2023,,North,,0,,Flat,,,,,,Bright sun,579100,0,0,0,3,,,0,,,,,,Auckland Region,Nil,1-way,Sealed,,0,0,,100,,Off,1,0,,76,Auckland,Nil,,,,,0,0,Open,0,,,Fine,Null
1755292.5619,5930490.3342,845014,,508520,0,0,0,1,0,East,2023/2024,SYCAMORE DRIVE,COCKAYNE CRESCENT,,Minor Crash,No,2023,0,West,0,0,0,Flat,0,,0,,0,Dark,192400,1,0,0,2,0,0,0,0,1,,0,0,Auckland Region,Nil,2-way,Sealed,0,0,0,0,50,0,On,1,0,,76,Auckland,Nil,0,0,0,0,0,0,Urban,0,0,0,Mist or Fog,Null
1768910.7727,5901794.2097,845016,,524901,0,0,0,3,0,East,2025/2026,WALPOLE AVENUE,SCENIC DRIVE,,Non-Injury Crash,No,2025,0,West,0,0,0,Hill Road,0,,0,,0,Dark,756300,0,0,0,2,0,0,0,0,1,,0,0,Auckland Region,Nil,2-way,Sealed,0,0,0,0,40,0,On,0,0,,76,Auckland,Nil,0,0,0,0,0,0,Urban,0,0,0,Fine,Null
1753952.4898,5934158.6768,845022,,508804,0,0,0,0,0,Null,2022/2023,EAST COAST ROAD,OAKTREE AVENUE,,Serious Crash,No,2023,0,South,0,0,0,Hill Road,0,,0,,1,Bright sun,180613,0,0,1,2,0,0,0,0,0,,0,0,Auckland Region,Nil,2-way,Sealed,0,0,1,0,50,0,Off,0,0,,76,Auckland,Stop,0,0,0,0,0,0,Urban,0,0,0,Fine,Null