X,Y,OBJECTID,advisorySpeed,areaUnitID,bicycle,bridge,bus,carStationWagon,cliffBank,crashDirectionDescription,crashFinancialYear,crashLocation1,crashLocation2,crashRoadSideRoad,crashSeverity,crashSHDescription,crashYear,debris,directionRoleDescription,ditch,fatalCount,fence,flatHill,guardRail,holiday,houseOrBuilding,intersection,kerb,light,meshblockId,minorInjuryCount,moped,motorcycle,NumberOfLanes,objectThrownOrDropped,otherObject,otherVehicleType,overBank,parkedVehicle,pedestrian,phoneBoxEtc,postOrPole,region,roadCharacter,roadLane,roadSurface,roadworks,schoolBus,seriousInjuryCount,slipOrFlood,speedLimit,strayAnimal,streetLight,suv,taxi,temporarySpeedLimit,tlaId,tlaName,trafficControl,trafficIsland,trafficSign,train,tree,truck,unknownVehicleType,urban,vanOrUtility,vehicle,waterRiver,weatherA,weatherB
1772531.8874,5901540.6002,845025,,523813,0,,0,1,,Null,2023/2024,MILL ROAD,ALFRISTON ROAD,,Non-Injury Crash,No,2023,,South,,0,,Flat,,,,,,Bright sun,760902,0,0,1,2,,,0,,,,,,Auckland Region,Nil,2-way,Sealed,,0,0,,50,,Off,0,0,,76,Auckland,Give way,,,,,0,0,Urban,0,,,Fine,None
1752749.4046,5953560.5546,845028,,506201,0,,0,1,,South,2022/2023,HIBISCUS COAST HIGHWAY,WERANUI ROAD,,Minor Crash,No,2023,,North,,0,,Hill Road,,,,,,Dark,176204,2,0,0,2,,,0,,,,,,Auckland Region,Nil,2-way,Sealed,,0,0,,60,,Off,0,0,,76,Auckland,Nil,,,,,0,0,Urban,1,,,Fine,Strong wind
1771218.5729,5898111.4371,845040,,523912,0,0,0,1,0,Null,2025/2026,GREAT SOUTH ROAD,GLENORA ROAD,,Non-Injury Crash,No,2025,0,North,0,0,0,Flat,0,,0,,0,Dark,767705,0,0,0,3,0,0,0,0,0,,1,0,Auckland Region,Nil,2-way,Sealed,0,0,0,0,50,0,On,0,0,,76,Auckland,Traffic Signals,0,0,0,0,0,0,Urban,0,0,0,Fine,Null
1757846.6862,5920110.8945,845045,,514103,0,,0,1,,North,2023/2024,SYMONDS STREET,GRAFTON ROAD,,Non-Injury Crash,No,2024,,South,,0,,Hill Road,,,,,,Dark,437300,0,0,0,4,,,0,,,,,,Auckland Region,Nil,2-way,Sealed,,0,0,,30,,On,1,0,,76,Auckland,Nil,,,,,0,0,Urban,0,,,Fine,Null
1767173.9893,5904560.3227,845056,,524604,1,,0,0,,Null,2025/2026,RONWOOD AVENUE,OSTERLEY WAY,,Minor Crash,No,2025,,East,,0,,Flat,,Labour Weekend,,,,Bright sun,780209,1,0,0,1,,,0,,,,,,Auckland Region,Nil,1-way,Sealed,,0,0,,50,,Off,1,0,,76,Auckland,Give way,,,,,0,0,Urban,0,,,Fine,Null
1772149.0975,5890270.9648,845058,,521203,0,,0,2,,East,2022/2023,KARAKA ROAD,JESMOND ROAD,,Non-Injury Crash,Yes,2023,,East,,0,,Flat,,,,,,Overcast,807400,0,0,0,2,,,0,,,,,,Auckland Region,Nil,2-way,Sealed,,0,0,,80,,Off,0,0,,76,Auckland,Nil,,,,,0,0,Open,0,,,Light rain,Null
1746831.8287,5926380.6943,845061,,513431,0,0,0,1,1,North,2023/2024,FALCON CRESCENT,SETTLERS AVENUE,,Non-Injury Crash,No,2023,0,East,0,0,0,Flat,0,,0,,0,Dark,221802,0,0,0,2,0,0,0,0,0,,0,0,Auckland Region,Nil,2-way,Sealed,0,0,0,0,50,0,On,0,0,,76,Auckland,Nil,0,0,0,0,0,0,Urban,0,0,0,Light rain,Null
1766366.3997,5908165.9743,845073,,523402,0,,0,2,,West,2023/2024,BAIRDS ROAD,OTARA ROAD,,Non-Injury Crash,No,2023,,East,,0,,Flat,,,,,,Overcast,698100,0,0,0,2,,,0,,,,,,Auckland Region,Nil,2-way,Sealed,,0,0,,50,,Off,0,0,,76,Auckland,Nil,,,,,0,0,Urban,0,,,Light rain,None
1747739.7395,5913482.4262,845090,,511100,0,,0,2,,Null,2023/2024,WEST COAST ROAD,PLEASANT ROAD,,Non-Injury Crash,No,2023,,West,,0,,Hill Road,,,,,,Bright sun,286100,0,0,0,2,,,0,,,,,,Auckland Region,Nil,2-way,Sealed,,0,0,,50,,Off,0,0,,76,Auckland,Stop,,,,,0,0,Urban,0,,,Fine,Null
1762366.8016,5919280.4911,845098,,516400,0,0,0,2,0,North,2022/2023,REIHANA STREET,TAUTARI STREET,,Non-Injury Crash,No,2023,0,North,0,0,0,Hill Road,0,,0,,0,Dark,498300,0,0,0,2,0,0,0,0,1,,0,0,Auckland Region,Nil,2-way,Sealed,0,0,0,0,50,0,On,0,0,,76,Auckland,Nil,0,0,0,0,0,0,Urban,0,0,0,Fine,Null
1768228.4114,5902349.5202,845101,,525001,0,,0,2,,South,2023/2024,GREAT SOUTH ROAD,BROWNS ROAD,,Non-Injury Crash,No,2024,,North,,0,,Flat,,Queens Birthday,,,,Dark,750800,0,0,0,2,,,0,,,,,,Auckland Region,Nil,2-way,Sealed,,0,0,,50,,On,0,0,,76,Auckland,Nil,,,,,0,0,Urban,0,,,Fine,Null
1763795.1917,5912976.9721,845109,,520402,0,,0,0,,Null,2022/2023,ARANUI ROAD,MOUNT WELLINGTON HIGHWAY,,Non-Injury Crash,No,2023,,East,,0,,Flat,,,,,,Overcast,641502,0,0,0,3,,,0,,,,,,Auckland Region,Nil,2-way,Sealed,,0,0,,50,,Off,1,0,,76,Auckland,Traffic Signals,,,,,1,0,Urban,0,,,Light rain,None
1749405.6887,5914211.9388,845136,,511301,0,0,0,3,0,East,2025/2026,RIMU STREET,NIKAU STREET,,Non-Injury Crash,No,2025,0,East,0,0,0,Hill Road,0,,0,,0,Bright sun,267601,0,0,0,2,0,0,0,0,0,,0,0,Auckland Region,Nil,2-way,Sealed,0,0,0,0,50,0,Off,0,0,,76,Auckland,Nil,1,0,0,0,0,1,Urban,0,0,0,Fine,Null
1759377.9128,5902956.6126,845148,,524200,0,,1,0,,Null,2023/2024,OFF ROAD - AUCKLAND AIRPORT,,,Serious Crash,No,2024,,West,,0,,Flat,,Easter,,,,Bright sun,727200,0,0,0,,,,0,,,2,,,Auckland Region,Nil,Off road,Sealed,,0,2,,,,None,0,0,,76,Auckland,Nil,,,,,0,0,Urban,1,,,Fine,Null
1754997.5815,5930332.1228,845149,,508520,0,,0,2,,North,2022/2023,NORTHERN MOTORWAY,SUNNYNOOK OBR,,Non-Injury Crash,Yes,2023,,South,,0,,Flat,,,,,,Dark,192700,0,0,0,2,,,0,,,,,,Auckland Region,Nil,1-way,Sealed,,0,0,,100,,On,0,0,,76,Auckland,Nil,,,,,0,0,Open,0,,,Fine,Null
1768101.3533,5903306.5867,845152,,524602,0,,0,3,,North,2023/2024,GREAT SOUTH ROAD,PACIFIC EVENTS CENTRE DRIVE,,Non-Injury Crash,No,2023,,South,,0,,Flat,,,,,,Bright sun,780506,0,0,0,4,,,0,,,,,,Auckland Region,Nil,2-way,Sealed,,0,0,,60,,Off,0,0,,76,Auckland,Nil,,,,,0,0,Urban,0,,,Fine,Null
1757052.1993,5919517.6481,845159,,514102,0,,0,1,,South,2025/2026,QUEEN STREET,SCOTIA PLACE,,Serious Crash,No,2025,,North,,0,,Hill Road,,,,,,Dark,435802,2,0,0,4,,,0,,,3,,,Auckland Region,Nil,2-way,Sealed,,0,1,,30,,On,0,0,,76,Auckland,Nil,,,,,0,0,Urban,0,,,Fine,Frost
1743356.8341,5925397.5149,845161,,513410,0,,0,1,,South,2022/2023,NORTH-WESTERN MOTORWAY,BRIGHAM CREEK ROAD,,Non-Injury Crash,Yes,2023,,South,,0,,Flat,,,,,,Overcast,223200,0,0,0,2,,,0,,,,,,Auckland Region,Nil,1-way,Sealed,,0,0,,100,,Off,0,0,,76,Auckland,Nil,,,,,0,0,Open,0,,,Heavy rain,Null
1765783.1229,5901120.8698,845163,,524711,0,,0,1,,Null,2022/2023,ROSCOMMON ROAD,BURBANK AVENUE,,Non-Injury Crash,No,2023,,South,,0,,Flat,,,,,,Dark,774900,0,0,0,4,,,0,,,,,,Auckland Region,Nil,2-way,Sealed,,0,0,,50,,On,0,0,,76,Auckland,Give way,,,,,0,0,Urban,1,,,Fine,Null
1749251.0499,5914144.2279,845167,,511302,0,0,0,2,0,South,2024/2025,NIKAU STREET,RIMU STREET,,Non-Injury Crash,No,2025,0,North,0,0,0,Flat,0,,0,,0,Dark,268700,0,0,0,2,0,0,0,0,1,,0,0,Auckland Region,Nil,2-way,Sealed,0,0,0,0,30,0,On,0,0,,76,Auckland,Nil,0,0,0,0,0,0,Urban,0,0,0,Fine,Null
1756300.5133,5919154.3585,845171,,514200,0,,0,1,,Null,2023/2024,NEWTON ROAD,OPHIR STREET,,Serious Crash,No,2023,,South,,0,,Hill Road,,,,,,Dark,411700,0,0,1,4,,,0,,,,,,Auckland Region,Nil,2-way,Sealed,,0,1,,50,,Off,0,0,,76,Auckland,Nil,,,,,0,0,Urban,0,,,Fine,Null
1758122.5989,5920427.3935,845192,,514103,0,,0,1,,Null,2022/2023,ANZAC AVENUE,PARLIAMENT STREET,,Non-Injury Crash,No,2023,,North,,0,,Hill Road,,,,,,Bright sun,438304,0,0,0,4,,,0,,,,,,Auckland Region,Nil,2-way,Sealed,,0,0,,30,,Off,0,0,,76,Auckland,Give way,,,,,1,0,Urban,0,,,Fine,Null
1753828.0579,5930322.7838,845193,,508420,0,,0,2,,Null,2022/2023,SUNSET ROAD,TRIAS ROAD,,Minor Crash,No,2023,,North,,0,,Flat,,,,,,Bright sun,182001,3,0,0,2,,,0,,,,,,Auckland Region,Nil,2-way,Sealed,,0,0,,50,,Off,0,0,,76,Auckland,Nil,,,,,0,0,Urban,0,,,Fine,Null
1759187.0175,5903499.7859,845197,,524200,0,,0,3,,North,2023/2024,GEORGE BOLT MEMORIAL DRIVE,TOM PEARCE DRIVE,,Minor Crash,No,2023,,South,,0,,Flat,,,,,,Dark,727200,1,0,0,5,,,0,,,,,,Auckland Region,Nil,1-way,Sealed,,0,0,,50,,On,0,1,,76,Auckland,Nil,,,,,0,0,Urban,0,,,Fine,Null
1755503.1308,5928301.1033,845199,,507900,0,,0,2,,Null,2025/2026,POLAND ROAD,ARCHERS ROAD,,Non-Injury Crash,No,2025,,North,,0,,Flat,,,,,,Bright sun,305100,0,0,0,3,,,0,,,,,,Auckland Region,Nil,2-way,Sealed,,0,0,,50,,Off,0,0,,76,Auckland,Traffic Signals,,,,,0,0,Urban,0,,,Fine,Null
1768982.1541,5880553.485,845209,,525922,0,,0,1,,North,2023/2024,JOHN STREET,COLLIE ROAD,,Minor Crash,No,2023,,South,,0,,Flat,,,,,,Bright sun,823300,1,0,0,2,,,0,,,1,,,Auckland Region,Nil,2-way,Sealed,,0,0,,50,,Off,0,0,40,76,Auckland,Nil,,,,,0,0,Urban,0,,,Fine,Null
1756470.3133,5921102.7309,845219,,514101,0,,0,2,,Null,2022/2023,PAKENHAM STREET WEST,DALDY STREET,,Non-Injury Crash,No,2023,,East,,0,,Flat,,,,,,Bright sun,432400,0,0,0,2,,,0,,,,,,Auckland Region,Nil,2-way,Sealed,,0,0,,30,,Off,0,0,,76,Auckland,Stop,,,,,0,0,Urban,0,,,Fine,Null
1772488.5995,5890157.1261,845220,,521302,0,0,0,0,0,South,2024/2025,BURTT ROAD,BURTT ROAD,,Minor Crash,No,2025,0,North,1,0,0,Flat,0,,0,,0,Overcast,807500,1,0,0,2,0,0,0,0,0,,0,0,Auckland Region,Nil,2-way,Sealed,0,0,0,0,80,0,None,0,0,,76,Auckland,Nil,0,0,0,0,0,0,Open,1,0,0,Light rain,Null
1752662.1333,5914059.1411,845223,,514500,0,,0,0,,Null,2025/2026,MAIORO STREET,NEW WINDSOR ROAD,,Non-Injury Crash,No,2026,,West,,0,,Null,,,,,,Unknown,376500,0,0,0,4,,,0,,,,,,Auckland Region,Nil,2-way,Null,,0,0,,50,,Null,1,0,,76,Auckland,Traffic Signals,,,,,0,0,Urban,1,,,Null,Null
1739662.4041,5911882.3577,845231,,513020,0,0,0,1,0,South,2025/2026,SCENIC DRIVE,BRABANT ROAD,,Non-Injury Crash,No,2025,0,South,1,0,0,Hill Road,0,,0,,0,Dark,280302,0,0,0,2,0,0,0,0,0,,0,0,Auckland Region,Nil,2-way,Sealed,0,0,0,0,60,0,None,0,0,,76,Auckland,Nil,0,0,0,2,0,0,Urban,0,0,0,Light rain,Null
1750067.4473,5914156.1406,845244,,511303,0,,0,1,,South,2024/2025,GREAT NORTH ROAD,LYNNMALL CPK ENT,,Minor Crash,No,2024,,South,,0,,Flat,,Labour Weekend,,,,Overcast,265900,1,0,0,4,,,0,,,1,,,Auckland Region,Nil,2-way,Sealed,,0,0,,50,,None,0,0,,76,Auckland,Give way,,,,,0,0,Urban,0,,,Fine,Null
1766087.8249,5905109.7417,845256,,522400,0,,0,2,,East,2022/2023,PUHINUI ROAD,NORMAN SPENCER DRIVE,,Non-Injury Crash,No,2023,,East,,0,,Flat,,,,,,Bright sun,672105,0,0,0,2,,,0,,,,,,Auckland Region,Nil,2-way,Sealed,,0,0,,20,,On,0,0,,76,Auckland,Traffic Signals,,,,,0,1,Urban,0,,,Fine,None
1767109.9856,5901394.8438,845257,,524712,0,0,0,1,0,Null,2022/2023,RUSSELL ROAD,OXFORD ROAD,,Non-Injury Crash,No,2023,0,North,0,0,1,Flat,0,,0,,0,Twilight,777202,0,0,0,2,0,0,0,0,1,,0,0,Auckland Region,Nil,2-way,Sealed,0,0,0,0,50,0,On,0,0,,76,Auckland,Give way,0,0,0,0,0,0,Urban,1,0,0,Fine,Null
1751100.1143,5918025.0904,845268,,514801,0,,0,3,,West,2023/2024,NORTH-WESTERN MOTORWAY,GREAT NORTH ROAD OFF RAMP,,Non-Injury Crash,Yes,2024,,East,,0,,Flat,,,,,,Dark,390402,0,0,0,4,,,0,,,,,,Auckland Region,Nil,1-way,Sealed,,0,0,,100,,On,0,0,,76,Auckland,Nil,,,,,0,0,Open,0,,,Light rain,Null
1744767.0763,5919632.4601,845272,,513301,0,0,0,2,0,East,2024/2025,LONGBURN ROAD,RATHGAR ROAD,,Minor Crash,No,2025,0,South,0,0,0,Flat,0,Easter,0,,0,Dark,234601,1,0,0,2,0,0,0,0,1,,0,0,Auckland Region,Nil,2-way,Sealed,0,0,0,0,50,0,On,0,0,,76,Auckland,Nil,0,0,0,0,0,0,Urban,0,0,0,Fine,Null
1754945.7059,5927784.5541,845277,,508620,0,,0,1,,North,2022/2023,ARCHERS ROAD,SUNHAVEN AVENUE,,Non-Injury Crash,No,2023,,North,,0,,Hill Road,,,,,,Twilight,202700,0,0,0,2,,,0,,,,,,Auckland Region,Nil,2-way,Sealed,,0,0,,50,,Off,0,0,,76,Auckland,Nil,,,,,0,0,Urban,1,,,Fine,Null
1765577.4557,5906869.0276,845280,,522202,0,,0,1,,Null,2023/2024,KOLMAR ROAD,ERIC BAKER PLACE,,Non-Injury Crash,No,2023,,West,,0,,Flat,,,,,,Overcast,663500,0,0,0,3,,,0,,,,,,Auckland Region,Nil,2-way,Sealed,,0,0,,50,,Off,0,0,,76,Auckland,Give way,,,,,0,0,Urban,0,,,Light rain,None
1744967.2624,5910771.7767,845281,45,512902,0,,0,1,,North,2023/2024,SCENIC DRIVE,SHAW ROAD,,Minor Crash,No,2024,,North,,0,,Hill Road,,,,,,Twilight,299200,1,0,0,2,,,0,,,,,,Auckland Region,Nil,2-way,Sealed,,0,0,,70,,Off,0,0,,76,Auckland,Nil,,,,,0,0,Urban,1,,,Light rain,Strong wind
1769893.2198,5915915.242,845284,,522711,0,0,0,1,0,West,2024/2025,SUNDERLANDS ROAD,GLENNANDREW DRIVE,,Serious Crash,No,2025,0,East,0,0,0,Flat,0,,0,,0,Dark,679301,0,0,0,2,0,0,0,0,0,,0,0,Auckland Region,Nil,2-way,Sealed,0,0,1,0,50,0,On,0,0,,76,Auckland,Nil,0,0,0,1,0,0,Urban,0,0,0,Fine,Null
1745391.093,5922003.0658,845285,35,513530,0,0,0,3,0,West,2022/2023,COLWILL ROAD,KINTARA DRIVE,,Non-Injury Crash,No,2023,0,West,0,0,0,Flat,0,,0,,0,Dark,226103,0,0,0,2,0,0,0,0,1,,0,0,Auckland Region,Nil,2-way,Sealed,0,0,0,0,50,0,On,0,0,,76,Auckland,Nil,0,0,0,0,0,0,Urban,0,0,0,Light rain,Strong wind
1769248.5502,5908841.9782,845289,,523113,0,,0,1,,Null,2023/2024,ACCENT DRIVE,EAST TAMAKI ROAD,,Minor Crash,No,2023,,North,,0,,Flat,,,,,,Twilight,711902,2,0,0,5,,,0,,,,,,Auckland Region,Nil,2-way,Sealed,,0,0,,60,,On,1,0,,76,Auckland,Traffic Signals,,,,,0,0,Urban,0,,,Fine,Null
1764983.5631,5906805.6889,845291,,522201,0,0,0,2,0,Null,2022/2023,SHIRLEY ROAD,CAMBOURNE ROAD,,Non-Injury Crash,No,2023,0,South,0,0,0,Flat,0,Christmas New Year,0,,0,Bright sun,661300,0,0,0,2,0,0,0,0,1,,0,0,Auckland Region,Nil,2-way,Sealed,0,0,0,0,50,0,Off,0,1,,76,Auckland,Give way,0,0,0,0,0,0,Urban,0,0,0,Fine,Null
1750542.0687,5929356.0727,845292,,509100,0,,0,2,,South,2022/2023,UPPER HARBOUR MOTORWAY,GREENHITHE ROAD ON RAMP,,Non-Injury Crash,Yes,2023,,North,,0,,Flat,,,,,,Unknown,181123,0,0,0,2,,,0,,,,,,Auckland Region,Nil,1-way,Sealed,,0,0,,100,,Null,0,0,,76,Auckland,Nil,,,,,0,0,Open,0,,,Null,Null
1755223.4984,5914470.525,845316,,518500,0,,0,1,,Null,2023/2024,DOMINION ROAD,JASPER AVENUE,,Minor Crash,No,2024,,South,,0,,Flat,,,,,,Overcast,560800,1,0,1,4,,,0,,,,,,Auckland Region,Nil,2-way,Sealed,,0,0,,50,,Off,0,0,,76,Auckland,Stop,,,,,0,0,Urban,0,,,Light rain,Null
1750730.9992,5926016.8467,845319,,510020,0,0,0,1,0,East,2025/2026,TEAL CRESCENT,MAYALL AVENUE,,Non-Injury Crash,No,2025,0,South,0,0,0,Null,0,,0,,0,Dark,345500,0,0,0,2,0,0,0,0,1,,0,0,Auckland Region,Nil,2-way,Sealed,0,0,0,0,50,0,Null,0,0,,76,Auckland,Nil,0,0,0,0,0,0,Urban,1,0,0,Fine,Null
1745342.2824,5917736.7282,845320,,510700,0,,0,3,,Null,2024/2025,SEL PEACOCK DRIVE,WADIER PLACE,,Minor Crash,No,2024,,South,,0,,Flat,,,,,,Bright sun,239802,1,0,0,2,,,0,,,,,,Auckland Region,Nil,2-way,Sealed,,0,0,,50,,Off,0,0,,76,Auckland,Nil,,,,,0,0,Urban,0,,,Fine,Null
1771720.974,5899052.7451,845332,,523912,0,,0,2,,Null,2023/2024,AIRFIELD ROAD,PORCHESTER ROAD,,Serious Crash,No,2024,,West,,0,,Flat,,,,,,Dark,765401,1,0,0,2,,,0,,,,,,Auckland Region,Nil,2-way,Sealed,,0,1,,50,,On,0,0,,76,Auckland,Give way,,,,,0,0,Urban,0,,,Fine,Null
1772636.3131,5893727.5319,845356,,521301,0,0,0,3,0,South,2023/2024,GREAT SOUTH ROAD,GATLAND ROAD,,Non-Injury Crash,No,2024,0,North,0,0,0,Flat,0,,0,,0,Bright sun,808608,0,0,0,2,0,0,0,0,0,,0,0,Auckland Region,Nil,2-way,Sealed,0,0,0,0,50,0,Off,0,0,,76,Auckland,Nil,0,0,0,1,0,0,Urban,1,0,0,Fine,Null
1746265.3047,5923904.947,845376,,513522,0,,0,2,,Null,2023/2024,LUCKENS ROAD,RAPHAEL PLACE,,Serious Crash,No,2024,,North,,0,,Hill Road,,Easter,,,,Bright sun,224231,0,0,0,2,,,0,,,,,,Auckland Region,Nil,2-way,Sealed,,0,1,,50,,Off,0,0,,76,Auckland,Nil,,,,,0,0,Urban,0,,,Fine,Null
1757566.7571,5919990.1923,845380,,514103,0,0,0,1,0,Null,2022/2023,WELLESLEY STREET EAST,PRINCES STREET,,Non-Injury Crash,No,2023,0,North,0,0,0,Hill Road,0,,0,,0,Dark,436700,0,0,0,3,0,0,0,0,0,,0,0,Auckland Region,Nil,2-way,Sealed,0,0,0,0,30,0,On,0,0,,76,Auckland,Traffic Signals,0,1,0,0,0,0,Urban,0,0,0,Light rain,Null
1761360.2655,5914244.8318,845381,,520202,0,0,0,1,0,Null,2022/2023,ELLERSLIE-PANMURE HIGHWAY,ELLERSLIE-PANMURE HWY ON RAMP,,Non-Injury Crash,No,2023,0,North,0,0,0,Flat,0,,0,,0,Overcast,612300,0,0,0,2,0,0,0,0,0,,0,0,Auckland Region,Motorway ramp,1-way,Sealed,0,0,0,0,50,0,Off,0,0,,76,Auckland,Give way,0,0,0,0,0,0,Urban,0,0,0,Light rain,Null
1772227.5637,5894936.005,845383,,525530,0,,0,1,,East,2025/2026,ROSEHILL DRIVE,EDINBURGH AVENUE,,Non-Injury Crash,No,2025,,East,,0,,Flat,,,,,,Overcast,804802,0,0,0,2,,,0,,,,,,Auckland Region,Nil,2-way,Sealed,,0,0,,30,,Off,0,0,,76,Auckland,Nil,,,,,0,0,Urban,1,,,Fine,Null
1756035.8935,5929823.0625,845387,,508510,0,,0,2,,South,2023/2024,FORREST HILL ROAD,RICHARDS AVENUE,,Minor Crash,No,2023,,North,,0,,Flat,,,,,,Overcast,193500,1,0,0,2,,,0,,,,,,Auckland Region,Nil,2-way,Sealed,,0,0,,50,,Off,0,0,,76,Auckland,Nil,,,,,0,0,Urban,0,,,Light rain,Null
1756109.1647,5923785.0836,845397,,509800,0,,0,2,,South,2022/2023,NORTHERN MOTORWAY,WEIGH BRIDGE,,Non-Injury Crash,Yes,2023,,South,,0,,Flat,,,,,,Overcast,358800,0,0,0,4,,,0,,,,,,Auckland Region,Nil,1-way,Sealed,,0,0,,80,,Off,0,0,,76,Auckland,Nil,,,,,0,0,Open,1,,,Fine,Null
1751429.5581,5915666.3314,845399,,514401,0,,0,4,,Null,2024/2025,ROBERTON ROAD,WALSALL STREET,,Non-Injury Crash,No,2025,,South,,0,,Flat,,,,,,Bright sun,381900,0,0,0,2,,,0,,,,,,Auckland Region,Nil,2-way,Sealed,,0,0,,50,,Off,0,0,,76,Auckland,Stop,,,,,0,0,Urban,0,,,Fine,Null
1766040.0727,5906969.4797,845405,,522301,0,,0,2,,Null,2023/2024,HOTEO AVENUE,WINTERE ROAD,,Minor Crash,No,2023,,North,,0,,Flat,,,,,,Overcast,667601,1,0,0,2,,,0,,,,,,Auckland Region,Nil,2-way,Sealed,,0,0,,50,,Off,0,0,,76,Auckland,Stop,,,,,0,0,Urban,0,,,Light rain,Null
1767648.3871,5904285.4132,845412,,524604,0,,0,1,,Null,2023/2024,MANUKAU STATION ROAD,LEYTON WAY,,Non-Injury Crash,No,2024,,East,,0,,Flat,,,,,,Bright sun,780204,0,0,0,2,,,0,,,,,,Auckland Region,Nil,1-way,Sealed,,0,0,,60,,Off,1,0,,76,Auckland,Traffic Signals,,,,,0,0,Urban,0,,,Fine,Null
1749396.2647,5944857.3791,845416,,506003,0,,0,1,,South,2023/2024,EAST COAST ROAD,NEWMAN ROAD,,Non-Injury Crash,No,2024,,North,,0,,Hill Road,,,,,,Overcast,175702,0,0,0,2,,,0,,,,,,Auckland Region,Nil,2-way,Sealed,,0,0,,80,,Off,0,0,,76,Auckland,Nil,,,,,0,0,Open,1,,,Fine,Null
1764271.7848,5914597.4384,845427,,520303,0,,0,2,,North,2022/2023,MOUNT WELLINGTON HIGHWAY,WILLIAM HARVEY PLACE,,Serious Crash,No,2023,,South,,0,,Flat,,,,,,Bright sun,627400,0,0,0,4,,,0,,,,,,Auckland Region,Nil,2-way,Sealed,,0,1,,50,,Off,0,0,,76,Auckland,Nil,,,,,0,0,Urban,0,,,Fine,Null
1763667.0308,5904634.0908,845433,,524604,0,,0,2,,North,2022/2023,SOUTH-WESTERN MOTORWAY,PUHINUI ROAD-SH 20B ON RAMP,,Minor Crash,Yes,2023,,North,,0,,Flat,,,,,,Twilight,780902,2,0,0,2,,,0,,,,,,Auckland Region,Nil,1-way,Sealed,,0,0,,100,,Off,0,0,,76,Auckland,Nil,,,,,0,0,Open,2,,,Fine,Null
1768777.8474,5902664.7632,845436,,524901,0,,0,1,,Null,2023/2024,ORAMS ROAD,DAVID AVENUE,,Non-Injury Crash,No,2023,,Null,,0,,Flat,,,,,,Bright sun,755000,0,0,0,2,,,0,,,,,,Auckland Region,Nil,2-way,Sealed,,0,0,,50,,Off,0,0,,76,Auckland,Stop,,,,,0,0,Urban,0,,,Fine,Null
1751337.7002,5950679.0138,845437,,505805,0,,0,0,,Null,2022/2023,HIBISCUS COAST HIGHWAY,PURIRI AVENUE,,Minor Crash,No,2023,,North,,0,,Flat,,Queens Birthday,,,,Overcast,171202,1,0,1,2,,,0,,,,,,Auckland Region,Nil,2-way,Sealed,,0,0,,50,,Off,0,0,,76,Auckland,Stop,,,,,0,0,Urban,0,,,Fine,Null
1755418.4738,5931401.4523,845445,,508520,0,,0,2,,South,2022/2023,REGENCY PLACE,LAVERY PLACE,,Non-Injury Crash,No,2023,,South,,0,,Hill Road,,,,,,Overcast,189803,0,0,0,2,,,0,,,,,,Auckland Region,Nil,2-way,Sealed,,0,0,,50,,Off,0,0,,76,Auckland,Nil,,,,,0,0,Urban,0,,,Light rain,Null
1750409.6063,5913890.6619,845447,,511303,0,,0,2,,Null,2024/2025,WARD STREET,PURIRI STREET,,Minor Crash,No,2025,,South,,0,,Flat,,,,,,Dark,265100,2,0,0,2,,,0,,,,,,Auckland Region,Nil,2-way,Sealed,,0,0,,50,,On,0,0,,76,Auckland,Stop,,,,,0,0,Urban,0,,,Fine,Null
1779040.7189,5900090.6267,845455,,521301,0,0,0,0,0,East,2025/2026,PAPAKURA-CLEVEDON ROAD,PARISH LINE ROAD,,Minor Crash,No,2025,0,East,0,0,0,Flat,0,,0,,0,Overcast,763800,1,0,0,2,0,0,0,0,0,,0,1,Auckland Region,Nil,2-way,Sealed,0,0,0,0,80,0,Off,0,0,,76,Auckland,Nil,0,0,0,0,0,0,Open,1,0,0,Fine,Null
1764272.69,5908973.4773,845457,,521901,0,,0,2,,Null,2022/2023,MANGERE ROAD,GREAT SOUTH ROAD,,Non-Injury Crash,No,2023,,East,,0,,Flat,,,,,,Dark,785200,0,0,0,5,,,0,,,,,,Auckland Region,Nil,2-way,Sealed,,0,0,,50,,On,0,0,,76,Auckland,Give way,,,,,0,0,Urban,0,,,Fine,Null
1780790.4867,5926211.6435,845460,,520801,0,0,0,1,0,North,2023/2024,HAMILTON ROAD,MIAMI AVENUE,,Non-Injury Crash,No,2023,0,West,0,0,0,Flat,0,,0,,0,Dark,516702,0,0,0,2,0,0,0,0,0,,0,0,Auckland Region,Nil,2-way,Sealed,0,0,0,0,50,0,On,0,0,,76,Auckland,Nil,0,0,0,1,0,0,Urban,0,0,0,Light rain,Null
1759097.1454,5918789.8969,845467,,515901,1,,0,1,,South,2023/2024,AYR STREET,LAURIE AVENUE,,Minor Crash,No,2023,,East,,0,,Hill Road,,,,,,Bright sun,456800,1,0,0,2,,,0,,,,,,Auckland Region,Nil,2-way,Sealed,,0,0,,50,,Off,0,0,,76,Auckland,Nil,,,,,0,0,Urban,0,,,Fine,Null