X,Y,OBJECTID,advisorySpeed,areaUnitID,bicycle,bridge,bus,carStationWagon,cliffBank,crashDirectionDescription,crashFinancialYear,crashLocation1,crashLocation2,crashRoadSideRoad,crashSeverity,crashSHDescription,crashYear,debris,directionRoleDescription,ditch,fatalCount,fence,flatHill,guardRail,holiday,houseOrBuilding,intersection,kerb,light,meshblockId,minorInjuryCount,moped,motorcycle,NumberOfLanes,objectThrownOrDropped,otherObject,otherVehicleType,overBank,parkedVehicle,pedestrian,phoneBoxEtc,postOrPole,region,roadCharacter,roadLane,roadSurface,roadworks,schoolBus,seriousInjuryCount,slipOrFlood,speedLimit,strayAnimal,streetLight,suv,taxi,temporarySpeedLimit,tlaId,tlaName,trafficControl,trafficIsland,trafficSign,train,tree,truck,unknownVehicleType,urban,vanOrUtility,vehicle,waterRiver,weatherA,weatherB
1767079.3115,5906327.0302,845469,,522302,0,0,0,1,0,East,2022/2023,TUI ROAD,CORNWALL ROAD,,Minor Crash,No,2023,0,West,0,0,0,Flat,0,,0,,0,Bright sun,670100,1,0,1,2,0,0,0,0,1,,0,0,Auckland Region,Nil,2-way,Unsealed,0,0,0,0,50,0,Off,0,0,,76,Auckland,Nil,0,0,0,0,0,0,Urban,0,0,0,Fine,Null
1771546.241,5907019.5279,845473,,523713,0,,0,1,,East,2022/2023,ORMISTON ROAD,HENERY MAXWELL WAY,,Non-Injury Crash,No,2023,,West,,0,,Flat,,,,,,Dark,712500,0,0,0,4,,,0,,,,,,Auckland Region,Nil,2-way,Sealed,,0,0,,50,,On,1,0,,76,Auckland,Nil,,,,,0,0,Urban,0,,,Fine,Null
1760833.1446,5913092.9458,845475,,520000,0,,0,2,,Null,2022/2023,MOUNT SMART ROAD,ROCKFIELD ROAD,,Minor Crash,No,2023,,West,,0,,Flat,,,,,,Dark,606300,1,0,0,4,,,0,,,,,,Auckland Region,Nil,2-way,Sealed,,0,0,,50,,On,0,0,,76,Auckland,Traffic Signals,,,,,0,0,Urban,0,,,Fine,Null
1758515.4925,5918584.6782,845479,,517400,0,0,0,1,0,North,2025/2026,DAVIS CRESCENT,CARLTON GORE ROAD,,Non-Injury Crash,No,2025,0,North,0,0,0,Hill Road,0,,0,,0,Bright sun,451000,0,0,0,2,0,0,0,0,0,,0,0,Auckland Region,Speed hump,2-way,Sealed,0,0,0,0,50,0,Off,0,0,,76,Auckland,Nil,0,1,0,0,0,0,Urban,0,0,0,Fine,Null
1762608.9495,5917175.8718,845485,,516301,0,0,0,2,0,South,2022/2023,REMUERA ROAD,MCFARLAND STREET,,Non-Injury Crash,No,2023,0,South,0,0,0,Hill Road,0,,0,,0,Dark,458700,0,0,0,4,0,0,0,0,1,,0,0,Auckland Region,Nil,2-way,Sealed,0,0,0,0,50,0,On,0,0,,76,Auckland,Nil,0,0,0,0,0,0,Urban,0,0,0,Fine,Null
1775651.6535,5895221.9151,845487,,525700,0,,0,1,,South,2025/2026,RED HILL ROAD,RED HILL ROAD,,Non-Injury Crash,No,2025,,West,,0,,Hill Road,,,,,,Dark,800500,0,0,0,2,,,0,,,,,,Auckland Region,Nil,2-way,Sealed,,0,0,,50,,On,0,0,,76,Auckland,Nil,,,,,0,0,Urban,0,,,Fine,Null
1766589.2603,5904648.6988,845489,,524603,0,,0,1,,West,2022/2023,CAVENDISH DRIVE,LAMBIE DRIVE,,Non-Injury Crash,No,2023,,West,,0,,Flat,,,,,,Bright sun,780202,0,0,0,4,,,0,,,,,,Auckland Region,Nil,2-way,Sealed,,0,0,,60,,Off,0,0,,76,Auckland,Nil,,,,,0,0,Urban,1,,,Fine,Null
1758743.4898,5917703.3531,845493,,516001,0,0,0,3,0,South,2022/2023,ST MARKS ROAD,REMUERA ROAD,,Minor Crash,No,2023,0,South,0,0,0,Hill Road,0,,0,,0,Overcast,490703,1,0,0,2,0,0,0,0,1,,0,0,Auckland Region,Nil,2-way,Sealed,0,0,0,0,50,0,Off,0,0,,76,Auckland,Nil,0,0,0,0,0,0,Urban,0,0,0,Fine,Null
1758394.0171,5908067.3366,845505,35,524200,0,0,0,1,0,South,2022/2023,GREENWOOD ROAD,CREAMERY ROAD,,Minor Crash,No,2023,0,North,0,0,1,Flat,0,,0,,0,Dark,726200,1,0,0,2,0,0,0,0,0,,0,0,Auckland Region,Nil,2-way,Sealed,0,0,0,0,50,0,On,0,0,,76,Auckland,Nil,0,0,0,0,0,0,Urban,0,0,0,Light rain,Null
1756167.4108,5924052.8384,845512,,509800,0,,0,1,,North,2023/2024,NORTHERN MOTORWAY,WEIGH BRIDGE,,Non-Injury Crash,Yes,2024,,North,,0,,Flat,,,,,,Bright sun,361100,0,0,0,4,,,0,,,,,,Auckland Region,Nil,1-way,Sealed,,0,0,,80,,Off,1,0,,76,Auckland,Nil,,,,,0,0,Open,0,,,Fine,Null
1768470.8367,5911574.4922,845519,25,523112,0,,0,0,,South,2024/2025,TRUGOOD DRIVE,TI RAKAU DRIVE,,Non-Injury Crash,No,2025,,North,,0,,Hill Road,,,,,,Bright sun,711404,0,0,0,2,,,0,,,,,,Auckland Region,Nil,2-way,Sealed,,0,0,,50,,None,1,0,30,76,Auckland,Nil,,,,,0,0,Urban,1,,,Fine,Null
1751887.9513,5917936.649,845524,,515001,0,,0,2,,West,2024/2025,NORTH-WESTERN MOTORWAY,GT NORTH OBR,,Serious Crash,Yes,2025,,East,,0,,Flat,,,,,,Overcast,392200,0,0,1,3,,,0,,,,,,Auckland Region,Motorway ramp,1-way,Sealed,,0,1,,100,,Off,0,0,80,76,Auckland,Nil,,,,,0,0,Open,0,,,Fine,Null
1772970.5647,5891156.5585,845534,,521301,0,,0,3,,North,2025/2026,SOUTHERN MOTORWAY,GREAT SOUTH ROAD OFF RAMP,,Non-Injury Crash,Yes,2025,,North,,0,,Flat,,,,,,Bright sun,809200,0,0,0,2,,,0,,,,,,Auckland Region,Nil,1-way,Sealed,,0,0,,100,,Off,0,0,80,76,Auckland,Nil,,,,,0,0,Open,0,,,Fine,Null
1754722.0704,5918324.2728,845535,,517600,0,,0,1,,East,2024/2025,NORTH-WESTERN MOTORWAY,MOUNTAIN VIEW OBR,,Non-Injury Crash,Yes,2024,,West,,0,,Flat,,,,,,Bright sun,533200,0,0,0,4,,,0,,,,,,Auckland Region,Nil,1-way,Sealed,,0,0,,100,,Off,1,0,,76,Auckland,Nil,,,,,0,0,Open,0,,,Light rain,Null
1754694.1221,5915694.0936,845539,,517702,0,0,0,2,0,West,2022/2023,KITCHENER ROAD,SANDRINGHAM ROAD,,Non-Injury Crash,No,2023,0,West,0,0,0,Flat,0,,0,,0,Twilight,540900,0,0,0,2,0,0,0,0,1,,0,0,Auckland Region,Nil,2-way,Sealed,0,0,0,0,50,0,On,0,0,,76,Auckland,Nil,0,0,0,0,0,0,Urban,0,0,0,Fine,None
1766082.2556,5907309.1089,845542,,522302,0,,0,1,,Null,2024/2025,EAST TAMAKI ROAD,HUIA ROAD,,Non-Injury Crash,No,2025,,West,,0,,Flat,,,,,,Overcast,667700,0,0,0,4,,,0,,,,,,Auckland Region,Nil,2-way,Sealed,,0,0,,50,,Off,0,0,,76,Auckland,Traffic Signals,,,,,0,0,Urban,1,,,Fine,Null
1753500.6672,5931281.7214,845543,,508807,0,0,0,1,0,East,2024/2025,PAUL MATTHEWS OFF-RAMP,UPPER HARBOUR HIGHWAY,,Non-Injury Crash,No,2024,0,East,0,0,0,Hill Road,1,,0,,0,Overcast,180810,0,0,0,2,0,0,0,0,0,,0,0,Auckland Region,Motorway ramp,1-way,Sealed,0,0,0,0,50,0,Off,0,0,,76,Auckland,Nil,0,0,0,0,0,0,Urban,0,0,0,Fine,Null
1774079.69,5896989.7877,845546,,525610,0,,0,0,,West,2022/2023,ROLLERSON STREET,BUSING AVENUE,,Minor Crash,No,2023,,West,,0,,Flat,,,,,,Dark,796600,1,0,1,2,,,0,,,,,,Auckland Region,Nil,2-way,Sealed,,0,0,,50,,None,0,0,,76,Auckland,Nil,,,,,0,0,Urban,0,,,Fine,Null
1749274.4226,5913631.2329,845547,,511303,0,,0,4,,North,2023/2024,TITIRANGI ROAD,MARGAN AVENUE,,Non-Injury Crash,No,2023,,South,,0,,Flat,,,,,,Dark,264913,0,0,0,4,,,0,,,,,,Auckland Region,Nil,2-way,Sealed,,0,0,,50,,On,0,0,,76,Auckland,Nil,,,,,0,0,Urban,0,,,Fine,Null
1766584.3194,5904645.1887,845556,,524603,0,,0,1,,East,2022/2023,CAVENDISH DRIVE,CAVENDISH DRIVE,,Serious Crash,No,2023,,East,,0,,Flat,,,,,,Overcast,780202,0,0,0,4,,,0,,,,,,Auckland Region,Nil,2-way,Sealed,,0,1,,50,,None,0,0,,76,Auckland,Nil,,,,,0,1,Urban,0,,,Fine,Null
1749959.0728,5946057.1384,845567,,506001,0,,0,1,,Null,2024/2025,TAVERN ROAD,FLEXMAN PLACE,,Non-Injury Crash,No,2024,,North,,0,,Flat,,,,,,Bright sun,175502,0,0,0,2,,,0,,,,,,Auckland Region,Nil,2-way,Sealed,,0,0,,50,,Off,0,0,,76,Auckland,Stop,,,,,0,0,Urban,1,,,Fine,Null
1782065.5101,5888740.0733,845574,,521132,0,,0,1,,North,2024/2025,ARARIMU ROAD,HEREFORD LANE,,Non-Injury Crash,No,2025,,North,,0,,Flat,,,,,,Overcast,815401,0,0,0,2,,,0,,,,,,Auckland Region,Nil,2-way,Sealed,,0,0,,80,,Null,0,0,,76,Auckland,Nil,,,,,0,0,Open,1,,,Null,Null
1755283.2795,5929681.4933,845583,,508420,0,0,0,1,0,North,2023/2024,NORTHERN MOTORWAY,TRISTRAM AVENUE ON RAMP,,Non-Injury Crash,Yes,2024,0,North,0,0,0,Flat,1,,0,,0,Overcast,183800,0,0,0,3,0,0,0,0,0,,0,0,Auckland Region,Nil,1-way,Sealed,0,0,0,0,100,0,Off,0,0,,76,Auckland,Nil,0,0,0,0,0,0,Open,0,0,0,Light rain,Null
1765270.2328,5917006.6435,845590,,517001,0,,0,0,,Null,2025/2026,APIRANA AVENUE,DELWYN LANE,,Minor Crash,No,2025,,South,,0,,Flat,,,,,,Bright sun,463902,1,0,0,2,,,0,,,1,,,Auckland Region,Nil,2-way,Sealed,,0,0,,30,,Off,1,0,,76,Auckland,Nil,,,,,0,0,Urban,0,,,Fine,Null
1743918.0562,5919064.8891,845591,,513220,0,,0,1,,Null,2023/2024,SWANSON ROAD,LARNOCH ROAD,,Non-Injury Crash,No,2023,,South,,0,,Flat,,,,,,Dark,236103,0,0,0,2,,,0,,,1,,,Auckland Region,Nil,2-way,Sealed,,0,0,,50,,On,0,0,,76,Auckland,Traffic Signals,,,,,0,0,Urban,0,,,Fine,Null
1756260.9426,5924304.9696,845596,,509702,0,,0,3,,North,2022/2023,NORTHERN MOTORWAY,ONEWA ROAD ON RAMP,,Minor Crash,Yes,2023,,South,,0,,Flat,,,,,,Dark,366700,1,0,0,3,,,0,,,,,,Auckland Region,Nil,1-way,Sealed,,0,0,,100,,On,0,0,,76,Auckland,Nil,,,,,0,0,Open,0,,,Fine,Null
1756967.0723,5919211.716,845598,,514200,0,0,0,1,0,East,2025/2026,NORTH-WESTERN MOTORWAY,1 LINK 16 INT,,Non-Injury Crash,Yes,2025,0,East,0,0,0,Hill Road,1,,0,,0,Dark,412302,0,0,0,2,0,0,0,0,0,,0,0,Auckland Region,Motorway ramp,1-way,Sealed,0,0,0,0,80,0,On,0,0,,76,Auckland,Nil,0,0,0,1,0,0,Open,0,0,0,Heavy rain,Null
1757526.7867,5918902.1353,845606,,514302,0,0,0,0,0,North,2025/2026,SEAFIELD VIEW ROAD,CARLTON GORE ROAD,,Non-Injury Crash,No,2025,0,North,0,0,0,Flat,0,,1,,0,Overcast,442900,0,0,0,1,0,0,0,0,0,,0,0,Auckland Region,Nil,1-way,Sealed,0,0,0,0,50,0,Off,1,0,,76,Auckland,Nil,0,0,0,0,0,0,Urban,0,0,0,Fine,Null
1743924.1992,5919048.2316,845607,,513220,0,,0,2,,Null,2023/2024,SWANSON ROAD,LARNOCH ROAD,,Minor Crash,No,2023,,North,,0,,Flat,,,,,,Bright sun,236103,1,0,0,3,,,0,,,,,,Auckland Region,Nil,2-way,Sealed,,0,0,,50,,Off,0,0,,76,Auckland,Traffic Signals,,,,,0,0,Urban,0,,,Fine,Null
1733362.009,5935242.3386,845614,,506653,0,0,0,1,0,North,2025/2026,OLD NORTH ROAD,TAYLOR ROAD,,Non-Injury Crash,No,2025,0,North,0,0,0,Hill Road,0,,0,,0,Bright sun,217701,0,0,0,2,0,0,0,0,0,,0,0,Auckland Region,Nil,2-way,Sealed,0,0,0,0,80,0,None,0,0,,76,Auckland,Nil,0,1,0,0,0,0,Open,0,0,0,Fine,Null
1751704.4477,5915856.0454,845619,,514401,0,0,0,2,0,East,2023/2024,POWELL STREET,HIMIKERA AVENUE,,Non-Injury Crash,No,2024,0,East,0,0,0,Flat,0,,0,,0,Twilight,383802,0,0,0,2,0,0,0,0,1,,0,0,Auckland Region,Nil,2-way,Sealed,0,0,0,0,50,0,On,0,0,,76,Auckland,Nil,0,0,0,0,0,0,Urban,0,0,0,Fine,None
1769660.7944,5907066.3071,845623,,523712,0,,1,1,,South,2024/2025,CHAPEL ROAD,FUSION ROAD,,Minor Crash,No,2025,,North,,0,,Flat,,,,,,Bright sun,712804,2,0,0,2,,,0,,,,,,Auckland Region,Nil,2-way,Sealed,,0,0,,50,,Null,0,0,,76,Auckland,Nil,,,,,0,0,Urban,0,,,Fine,Null
1775881.1489,5885367.1247,845628,,521132,0,,0,2,,North,2023/2024,SOUTHERN MOTORWAY,ST STEPHENS OBR,,Non-Injury Crash,Yes,2023,,North,,0,,Flat,,,,,,Overcast,814100,0,0,0,2,,,0,,,,,,Auckland Region,Nil,2-way,Sealed,,0,0,,100,,Off,0,0,,76,Auckland,Nil,,,,,0,0,Open,0,,,Light rain,Null
1757666.2247,5920951.5724,845631,,514101,0,,0,1,,Null,2023/2024,COMMERCE STREET,TYLER STREET,,Non-Injury Crash,No,2024,,North,,0,,Flat,,,,,,Bright sun,437903,0,0,0,2,,,0,,,1,,,Auckland Region,Nil,2-way,Sealed,,0,0,,30,,Off,0,0,,76,Auckland,Stop,,,,,0,0,Urban,0,,,Fine,None
1750320.9493,5928846.4483,845632,,509100,0,,0,1,,South,2022/2023,UPPER HARBOUR MOTORWAY,GREENHITHE OBR,,Non-Injury Crash,Yes,2023,,North,,0,,Flat,,,,,,Overcast,181304,0,0,0,2,,,0,,,,,,Auckland Region,Nil,1-way,Sealed,,0,0,,100,,Off,0,0,,76,Auckland,Nil,,,,,0,0,Open,1,,,Fine,Null
1741631.6837,5990285.6129,845635,,506660,0,0,0,0,0,Null,2023/2024,MANGAWHAI ROAD,WAITEITEI ROAD,,Minor Crash,No,2024,0,East,1,0,0,Flat,0,,0,,0,Overcast,135600,1,0,0,2,0,0,0,0,0,,0,0,Auckland Region,Nil,2-way,Sealed,0,0,0,0,100,0,None,1,0,,76,Auckland,Stop,0,1,0,0,0,0,Open,1,0,0,Light rain,Strong wind
1747252.3052,5919847.4755,845638,,512300,0,,0,1,,Null,2025/2026,TE ATATU ROAD,TE ATATU ROAD OFF RAMP,,Minor Crash,No,2025,,South,,0,,Flat,,,,,,Overcast,252000,1,0,0,4,,,0,,,1,,,Auckland Region,Nil,2-way,Sealed,,0,0,,50,,Off,0,0,,76,Auckland,Traffic Signals,,,,,0,0,Urban,0,,,Light rain,Null
1753570.7889,5914451.9672,845646,,518801,0,0,0,2,0,Null,2025/2026,MAIORO STREET,MAIORO STREET ON RAMP,,Non-Injury Crash,No,2025,0,South,0,0,0,Hill Road,1,,0,,0,Dark,578500,0,0,0,2,0,0,0,0,0,,0,0,Auckland Region,Bridge,1-way,Sealed,0,0,0,0,50,0,On,0,0,,76,Auckland,Traffic Signals,0,0,0,0,0,0,Urban,0,0,0,Light rain,Null
1755228.1653,5912174.8677,845651,,518701,0,,0,1,,West,2023/2024,RICHARDSON ROAD,MCKINNON STREET,,Serious Crash,No,2024,,East,,0,,Flat,,,,,,Bright sun,573200,2,0,0,2,,,0,,,1,,,Auckland Region,Nil,2-way,Sealed,,0,1,,50,,Off,0,0,,76,Auckland,Nil,,,,,0,0,Urban,0,,,Fine,Null
1773852.2871,5881319.6944,845652,,521160,0,,0,2,,Null,2022/2023,MILL ROAD,HARRISVILLE ROAD,,Non-Injury Crash,No,2023,,West,,0,,Flat,,,,,,Overcast,827300,0,0,0,3,,,0,,,,,,Auckland Region,Nil,2-way,Sealed,,0,0,,100,,Off,0,0,,76,Auckland,Stop,,,,,0,0,Open,0,,,Fine,Null
1756787.6187,5920415.2784,845660,,514102,0,,0,1,,West,2022/2023,WELLESLEY STREET WEST,NELSON STREET,,Non-Injury Crash,No,2023,,West,,0,,Hill Road,,,,,,Bright sun,433700,0,0,0,4,,,0,,,1,,,Auckland Region,Nil,2-way,Sealed,,0,0,,30,,Off,0,0,,76,Auckland,Nil,,,,,0,0,Urban,0,,,Fine,Null
1754383.0822,5914709.4032,845663,,518802,0,0,0,1,0,West,2023/2024,GIFFORD AVENUE,PLUMPTON AVENUE,,Non-Injury Crash,No,2023,0,East,0,0,0,Flat,0,,0,,0,Dark,578000,0,0,0,2,0,0,0,0,0,,0,0,Auckland Region,Nil,2-way,Sealed,0,0,0,0,50,0,On,0,0,,76,Auckland,Nil,0,0,0,1,0,0,Urban,0,0,0,Fine,Null
1751154.1717,5915534.2712,845670,,514401,0,,0,3,,North,2024/2025,GREAT NORTH ROAD,ROSEBANK ROAD,,Non-Injury Crash,No,2025,,North,,0,,Flat,,,,,,Bright sun,381802,0,0,0,3,,,0,,,,,,Auckland Region,Nil,2-way,Sealed,,0,0,,50,,Off,0,0,30,76,Auckland,Nil,,,,,0,0,Urban,0,,,Fine,Null
1758071.8981,5910201.3189,845678,,524001,0,,0,0,,Null,2025/2026,KIWI ESPLANADE,BOYD AVENUE,,Minor Crash,No,2025,,East,,0,,Flat,,,,,,Overcast,721400,1,0,1,2,,,0,,,,,,Auckland Region,Nil,2-way,Sealed,,0,0,,50,,Off,0,0,,76,Auckland,Stop,,,,,0,0,Urban,0,,,Fine,Null
1755009.3117,5929373.2742,845679,,508420,0,,0,1,,Null,2023/2024,TARGET ROAD,LINK DRIVE,,Serious Crash,No,2024,,South,,0,,Flat,,,,,,Overcast,183800,0,0,1,4,,,0,,,,,,Auckland Region,Nil,2-way,Sealed,,0,1,,50,,Off,0,0,,76,Auckland,Give way,,,,,0,0,Urban,0,,,Fine,Null
1764322.5269,5909504.3178,845690,,521802,0,,0,2,,North,2023/2024,GREAT SOUTH ROAD,FORT RICHARD ROAD,,Non-Injury Crash,No,2024,,North,,0,,Flat,,,,,,Bright sun,788601,0,0,0,4,,,0,,,,,,Auckland Region,Nil,2-way,Sealed,,0,0,,50,,Off,0,0,20,76,Auckland,Nil,,,,,0,0,Urban,0,,,Fine,Null
1760847.7551,5913167.3889,845698,,519900,0,0,0,2,0,North,2023/2024,ROCKFIELD ROAD,STATION ROAD,,Non-Injury Crash,No,2024,0,North,0,0,0,Flat,0,,0,,0,Dark,605200,0,0,0,2,0,0,0,0,1,,0,1,Auckland Region,Nil,2-way,Sealed,0,0,0,0,50,0,On,0,0,,76,Auckland,Nil,0,0,0,0,0,0,Urban,0,0,0,Fine,Null
1758990.3536,5912678.7112,845699,,519820,0,,1,1,,Null,2022/2023,GREY STREET,ONEHUNGA MALL,,Non-Injury Crash,No,2023,,West,,0,,Flat,,,,,,Overcast,600500,0,0,0,2,,,0,,,,,,Auckland Region,Nil,2-way,Sealed,,0,0,,50,,Off,0,0,,76,Auckland,Stop,,,,,0,0,Urban,0,,,Light rain,Null
1747346.9197,5914824.7158,845702,,511800,0,,0,1,,Null,2023/2024,GREAT NORTH ROAD,PALMER AVENUE,,Non-Injury Crash,No,2024,,North,,0,,Hill Road,,,,,,Bright sun,277902,0,0,0,4,,,0,,,,,,Auckland Region,Nil,2-way,Sealed,,0,0,,50,,Off,0,0,,76,Auckland,Give way,,,,,0,0,Urban,1,,,Fine,Null
1770463.0238,5906328.3665,845707,,523712,0,,0,2,,Null,2023/2024,FLAT BUSH SCHOOL ROAD,DUNKINEELY ROAD,,Minor Crash,No,2023,,East,,0,,Flat,,,,,,Bright sun,713300,2,0,0,2,,,0,,,,,,Auckland Region,Nil,2-way,Sealed,,0,0,,50,,Off,0,0,,76,Auckland,Give way,,,,,0,0,Urban,0,,,Fine,Null
1767109.5373,5908832.2044,845709,,523501,0,,0,1,,Null,2025/2026,FRANKLYNE ROAD,PARKER CRESCENT,,Minor Crash,No,2025,,West,,0,,Flat,,,,,,Overcast,704200,1,0,0,2,,,0,,,1,,,Auckland Region,Nil,2-way,Sealed,,0,0,,30,,Off,0,0,,76,Auckland,Nil,,,,,0,0,Urban,0,,,Light rain,Null
1760234.7548,5907768.4783,845710,,524403,0,0,0,1,0,North,2023/2024,SOUTH-WESTERN MOTORWAY,SH 20 MANGERE OBR,,Minor Crash,Yes,2023,0,South,0,0,0,Flat,1,,0,,0,Dark,731105,1,0,0,2,0,0,0,0,0,,0,0,Auckland Region,Nil,1-way,Sealed,0,0,0,0,100,0,On,0,0,,76,Auckland,Nil,0,0,0,0,0,0,Open,0,0,0,Fine,Null
1765165.6586,5904861.949,845711,,522400,0,0,0,1,0,Null,2022/2023,BRIDGE STREET,CAMBRIDGE TERRACE,,Non-Injury Crash,No,2023,0,East,0,0,0,Flat,0,,0,,0,Bright sun,673301,0,0,0,2,0,0,0,0,0,,0,1,Auckland Region,Nil,2-way,Sealed,0,0,0,0,50,0,Off,0,0,,76,Auckland,Stop,0,0,0,0,0,0,Urban,0,0,0,Fine,Null
1771132.2355,5906172.5328,845713,,523713,0,,0,1,,Null,2022/2023,MURPHYS ROAD,FLAT BUSH SCHOOL ROAD,,Serious Crash,No,2023,,South,,0,,Flat,,,,,,Bright sun,712701,0,0,0,4,,,0,,,,,,Auckland Region,Nil,2-way,Sealed,,0,1,,60,,Off,0,0,,76,Auckland,Traffic Signals,,,,,0,0,Urban,1,,,Fine,Null
1770007.9635,5908479.1418,845714,,523115,0,,0,0,,North,2024/2025,CHAPEL ROAD,BAVERSTOCK ROAD,,Serious Crash,No,2024,,South,,0,,Flat,,,,,,Overcast,712106,0,0,0,2,,,0,,,1,,,Auckland Region,Nil,2-way,Sealed,,0,1,,50,,Off,0,0,,76,Auckland,Nil,,,,,0,0,Urban,1,,,Fine,Null
1766476.5867,5917661.4198,845733,,517002,0,,0,2,,Null,2025/2026,RIDGEWAY PLACE,LEYBOURNE CIRCLE,,Minor Crash,No,2025,,West,,0,,Hill Road,,,,,,Dark,472300,2,0,0,2,,,0,,,,,,Auckland Region,Nil,2-way,Sealed,,0,0,,30,,On,0,0,,76,Auckland,Nil,,,,,0,0,Urban,0,,,Fine,Null
1767489.3917,5904621.8857,845741,,524604,0,0,0,2,0,Null,2025/2026,RONWOOD AVENUE,LEYTON WAY,,Non-Injury Crash,No,2025,0,East,0,0,0,Flat,0,,1,,0,Overcast,780209,0,0,0,2,0,0,0,0,0,,0,0,Auckland Region,Nil,2-way,Sealed,0,0,0,0,50,0,Off,0,0,,76,Auckland,Give way,0,0,0,0,0,0,Urban,0,0,0,Light rain,Null
1758524.9272,5903318.1063,845743,,524200,0,,1,0,,North,2022/2023,TERMINAL EXIT ROAD,RAY EMERY DRIVE,,Non-Injury Crash,No,2023,,North,,0,,Flat,,,,,,Bright sun,727200,0,0,0,2,,,0,,,,,,Auckland Region,Nil,1-way,Sealed,,0,0,,30,,Off,1,0,,76,Auckland,Nil,,,,,0,0,Urban,0,,,Fine,Null
1754459.6008,5915129.9809,845746,,517703,0,,0,1,,Null,2023/2024,MOUNT ALBERT ROAD,SANDRINGHAM ROAD EXTENSION,,Non-Injury Crash,No,2023,,North,,0,,Flat,,,,,,Bright sun,539000,0,0,0,3,,,0,,,,,,Auckland Region,Nil,2-way,Sealed,,0,0,,50,,On,0,0,,76,Auckland,Traffic Signals,,,,,0,0,Urban,1,,,Fine,Null
1769717.6502,5907298.0774,845749,,523712,0,,0,1,,South,2025/2026,CHAPEL ROAD,ORMISTON ROAD,,Non-Injury Crash,No,2025,,North,,0,,Hill Road,,,,,,Bright sun,712803,0,0,0,2,,,0,,,,,,Auckland Region,Nil,1-way,Sealed,,0,0,,50,,Null,0,0,,76,Auckland,Nil,,,,,0,1,Urban,0,,,Fine,Null
1747181.9179,5920142.0207,845754,,512300,0,,0,3,,South,2023/2024,TE ATATU ROAD,OLD TE ATATU ROAD,,Non-Injury Crash,No,2024,,North,,0,,Flat,,,,,,Dark,252000,0,0,0,4,,,0,,,,,,Auckland Region,Nil,2-way,Sealed,,0,0,,50,,On,1,0,,76,Auckland,Nil,,,,,0,0,Urban,0,,,Fine,Null
1748559.2791,5927603.8078,845757,,513410,0,,0,1,,West,2025/2026,UPPER HARBOUR MOTORWAY,UPPER HARBOUR BR,,Non-Injury Crash,Yes,2025,,West,,0,,Hill Road,,,,,,Dark,221902,0,0,0,2,,,0,,,,,,Auckland Region,Nil,1-way,Sealed,,0,0,,100,,On,0,0,,76,Auckland,Nil,,,,,0,0,Open,1,,,Fine,Null
1729616.0454,5939999.1564,845761,,506800,0,0,0,1,0,South,2022/2023,COMMERCIAL ROAD,PORTER CRESCENT,,Non-Injury Crash,Yes,2023,0,North,0,0,0,Flat,0,,0,,0,Bright sun,208700,0,0,0,2,0,0,0,0,1,,0,0,Auckland Region,Nil,2-way,Sealed,0,0,0,0,50,0,Null,0,0,,76,Auckland,Nil,0,0,0,0,1,0,Urban,0,0,0,Fine,Null
1757592.8491,5912281.544,845762,,519810,0,0,0,0,0,South,2024/2025,SOUTH-WESTERN MOTORWAY,QUEENSTOWN OBR,,Non-Injury Crash,Yes,2024,0,South,0,0,0,Hill Road,0,,0,,0,Overcast,596700,0,0,0,3,0,0,0,0,0,,0,0,Auckland Region,Motorway ramp,1-way,Sealed,0,0,0,0,100,0,Off,0,0,,76,Auckland,Nil,0,1,0,0,1,0,Open,0,0,0,Fine,Null
1769506.8915,5911376.3146,845765,,523113,0,0,0,1,0,East,2025/2026,TI RAKAU DRIVE,GREENMOUNT DRIVE,,Non-Injury Crash,No,2025,0,West,0,0,0,Flat,0,,0,,0,Bright sun,711703,0,0,0,2,0,0,0,0,0,,0,0,Auckland Region,Nil,1-way,Sealed,0,0,0,0,60,0,Null,0,0,,76,Auckland,Nil,1,0,0,0,0,0,Urban,0,0,0,Fine,Null
1770401.8296,5912307.1664,845770,,523106,0,,0,2,,Null,2024/2025,BOTANY ROAD,MILLHOUSE DRIVE,,Serious Crash,No,2024,,South,,0,,Flat,,,,,,Bright sun,711186,0,0,0,4,,,0,,,,,,Auckland Region,Nil,2-way,Sealed,,0,1,,50,,Off,0,0,,76,Auckland,Traffic Signals,,,,,0,0,Urban,0,,,Fine,Null
1747060.9141,5922314.0144,845780,,512201,0,0,0,0,0,Null,2025/2026,TE ATATU ROAD,GWENDOLINE AVENUE,,Non-Injury Crash,No,2025,0,North,0,0,0,Flat,0,,0,,0,Overcast,247400,0,0,0,2,0,1,0,0,0,,0,0,Auckland Region,Nil,2-way,Sealed,0,0,0,0,50,0,Off,0,0,,76,Auckland,Give way,0,0,0,0,1,0,Urban,0,0,0,Fine,Null
1756227.7913,5913761.4926,845785,,518701,0,0,0,0,0,West,2023/2024,MOUNT ALBERT ROAD,HAYR ROAD,,Non-Injury Crash,No,2023,0,East,0,0,0,Flat,0,,0,,0,Unknown,569200,0,0,0,2,0,0,0,0,1,,0,0,Auckland Region,Nil,2-way,Sealed,0,0,0,0,50,0,Null,1,0,,76,Auckland,Nil,0,0,0,0,0,0,Urban,1,0,0,Null,Null