X,Y,OBJECTID,advisorySpeed,areaUnitID,bicycle,bridge,bus,carStationWagon,cliffBank,crashDirectionDescription,crashFinancialYear,crashLocation1,crashLocation2,crashRoadSideRoad,crashSeverity,crashSHDescription,crashYear,debris,directionRoleDescription,ditch,fatalCount,fence,flatHill,guardRail,holiday,houseOrBuilding,intersection,kerb,light,meshblockId,minorInjuryCount,moped,motorcycle,NumberOfLanes,objectThrownOrDropped,otherObject,otherVehicleType,overBank,parkedVehicle,pedestrian,phoneBoxEtc,postOrPole,region,roadCharacter,roadLane,roadSurface,roadworks,schoolBus,seriousInjuryCount,slipOrFlood,speedLimit,strayAnimal,streetLight,suv,taxi,temporarySpeedLimit,tlaId,tlaName,trafficControl,trafficIsland,trafficSign,train,tree,truck,unknownVehicleType,urban,vanOrUtility,vehicle,waterRiver,weatherA,weatherB
1752233.2524,5925239.9171,845802,,510401,0,,0,1,,Null,2022/2023,VERRAN ROAD,WAIPA STREET,,Minor Crash,No,2023,,East,,0,,Hill Road,,,,,,Overcast,353700,1,0,0,2,,,0,,,,,,Auckland Region,Nil,2-way,Sealed,,0,0,,50,,Off,0,0,,76,Auckland,Stop,,,,,1,0,Urban,0,,,Fine,Null
1768299.0084,5903638.9039,845813,,523820,0,0,0,1,0,South,2023/2024,SOUTHERN MOTORWAY,REDOUBT ROAD ON RAMP,,Non-Injury Crash,Yes,2024,0,South,0,0,0,Hill Road,1,,0,,0,Dark,760142,0,0,0,3,0,0,0,0,0,,0,0,Auckland Region,Motorway ramp,1-way,Sealed,0,0,0,0,100,0,On,0,0,,76,Auckland,Nil,0,0,0,0,0,0,Open,0,0,0,Heavy rain,Null
1744087.1876,5918569.0126,845814,,513220,0,,0,0,,South,2022/2023,SWANSON ROAD,BRICK STREET,,Non-Injury Crash,No,2023,,South,,0,,Flat,,,,,,Overcast,236103,0,0,0,2,,,0,,,,,,Auckland Region,Nil,2-way,Sealed,,0,0,,50,,Off,0,0,,76,Auckland,Nil,,,,,1,0,Urban,1,,,Light rain,Null
1751739.1708,5917938.0136,845816,,515001,0,0,0,1,0,West,2022/2023,NORTH-WESTERN MOTORWAY,GT NORTH OBR,,Non-Injury Crash,Yes,2023,0,East,0,0,0,Flat,1,,0,,0,Dark,392200,0,0,0,3,0,0,0,0,0,,0,0,Auckland Region,Overpass,1-way,Sealed,0,0,0,0,100,0,On,0,0,,76,Auckland,Nil,0,0,0,0,0,0,Open,0,0,0,Fine,Null
1741440.3431,5927278.5842,845817,,513701,0,,0,1,,East,2023/2024,SH 16,COATESVILLE-RIVERHEAD HIGHWAY,,Minor Crash,Yes,2024,,East,,0,,Flat,,,,,,Dark,220200,2,0,0,3,,,0,,,,,,Auckland Region,Nil,2-way,Sealed,,0,0,,80,,On,0,0,,76,Auckland,Nil,,,,,1,0,Open,0,,,Heavy rain,Null
1761548.3493,5906693.4129,845837,,524112,0,,0,2,,South,2023/2024,SOUTH-WESTERN MOTORWAY,MASSEY ROAD OFF RAMP,,Non-Injury Crash,Yes,2024,,South,,0,,Flat,,,,,,Bright sun,742300,0,0,0,2,,,0,,,,,,Auckland Region,Nil,1-way,Sealed,,0,0,,100,,Off,0,0,,76,Auckland,Nil,,,,,1,0,Open,0,,,Fine,Null
1747397.0345,5913431.2567,845841,,511100,0,0,0,2,0,East,2023/2024,EVANS ROAD,CAPTAIN SCOTT ROAD,,Non-Injury Crash,No,2024,0,West,0,0,1,Hill Road,0,,0,,0,Dark,286600,0,0,0,2,0,0,0,0,1,,0,0,Auckland Region,Nil,2-way,Sealed,0,0,0,0,50,0,On,0,0,,76,Auckland,Nil,0,0,0,0,0,0,Urban,0,0,0,Light rain,Null
1769297.8463,5905578.1955,845846,,523712,0,,0,1,,Null,2023/2024,CHAPEL ROAD,THOMAS ROAD,,Minor Crash,No,2023,,South,,0,,Flat,,,,,,Overcast,713208,1,0,0,3,,,0,,,,,,Auckland Region,Nil,2-way,Sealed,,0,0,,50,,Off,0,0,,76,Auckland,Traffic Signals,,,,,0,1,Urban,0,,,Fine,Strong wind
1774823.9197,5897396.1596,845855,,523813,0,,0,1,,Null,2022/2023,CLEVEDON ROAD,DOMINION ROAD,,Minor Crash,No,2023,,East,,0,,Flat,,,,,,Bright sun,761602,1,0,0,2,,,0,,,,,,Auckland Region,Nil,2-way,Sealed,,0,0,,50,,Off,0,0,,76,Auckland,Stop,,,,,0,0,Urban,1,,,Fine,Null
1768686.4793,5901145.2896,845860,,524901,0,,0,2,,Null,2023/2024,HILL ROAD,NEWHOOK LANE,,Non-Injury Crash,No,2024,,East,,0,,Flat,,,,,,Overcast,756600,0,0,0,3,,,0,,,,,,Auckland Region,Nil,2-way,Sealed,,0,0,,50,,Off,1,0,,76,Auckland,Give way,,,,,0,0,Urban,0,,,Fine,Null
1771904.5782,5894251.5652,845876,,525530,0,,0,2,,North,2023/2024,SOUTHERN MOTORWAY,PARK ESTATE OBR,,Non-Injury Crash,Yes,2023,,North,,0,,Flat,,,,,,Overcast,804100,0,0,0,2,,,0,,,,,,Auckland Region,Nil,1-way,Sealed,,0,0,,100,,Off,0,0,,76,Auckland,Nil,,,,,0,0,Open,1,,,Fine,Null
1747530.6139,5912365.7343,845881,,511901,0,,0,2,,East,2022/2023,ATKINSON ROAD,CAPTAIN SCOTT ROAD,,Minor Crash,No,2023,,East,,0,,Hill Road,,Easter,,,,Bright sun,293701,1,0,0,2,,,0,,,,,,Auckland Region,Nil,2-way,Sealed,,0,0,,50,,Off,0,0,,76,Auckland,Nil,,,,,0,0,Urban,0,,,Fine,Null
1756177.9637,5912942.8588,845888,,518701,0,0,0,1,0,Null,2023/2024,HAYR ROAD,MELROSE ROAD,,Non-Injury Crash,No,2023,0,South,0,0,0,Flat,0,,0,,0,Overcast,572002,0,0,0,2,0,0,0,0,0,,0,0,Auckland Region,Nil,2-way,Sealed,0,0,0,0,50,0,Off,0,0,,76,Auckland,Nil,0,0,0,1,0,0,Urban,0,0,0,Fine,Null
1766122.4471,5907207.5172,845893,,522302,0,,0,2,,Null,2022/2023,HUIA ROAD,STONEX ROAD,,Minor Crash,No,2023,,North,,0,,Flat,,,,,,Twilight,667700,1,0,0,3,,,0,,,,,,Auckland Region,Nil,2-way,Sealed,,0,0,,50,,On,0,0,,76,Auckland,Give way,,,,,0,0,Urban,0,,,Fine,Null
1752227.9317,5931981.8229,845900,,508807,0,0,0,1,0,Null,2023/2024,BUSH ROAD,TARNDALE GROVE,,Minor Crash,No,2024,0,North,0,0,0,Flat,0,,0,,0,Overcast,180810,1,0,0,2,0,0,0,0,0,,0,0,Auckland Region,Nil,2-way,Sealed,0,0,0,0,50,0,Off,0,0,,76,Auckland,Give way,1,0,0,1,0,0,Urban,0,0,0,Fine,Null
1769954.2086,5917723.4639,845901,,522601,0,,0,1,,South,2023/2024,BUCKLANDS BEACH ROAD,WHITCOMBE ROAD,,Minor Crash,No,2023,,South,,0,,Hill Road,,,,,,Dark,676402,1,0,0,2,,,0,,,1,,,Auckland Region,Nil,2-way,Sealed,,0,0,,50,,On,0,0,,76,Auckland,Nil,,,,,0,0,Urban,0,,,Fine,Null
1768855.6541,5902745.3478,845903,,523820,0,0,0,2,0,North,2022/2023,SOUTHERN MOTORWAY,ORAMS OBR,,Minor Crash,Yes,2023,0,South,0,0,0,Flat,1,,0,,0,Dark,760122,1,0,0,4,0,0,0,0,0,,0,0,Auckland Region,Underpass,1-way,Sealed,0,0,0,0,100,0,On,0,0,,76,Auckland,Nil,0,0,0,0,0,0,Open,0,0,0,Fine,Null
1748833.8113,5941973.5071,845908,,506300,0,,0,3,,South,2022/2023,NORTHERN MOTORWAY,WILKS OBR,,Non-Injury Crash,Yes,2023,,North,,0,,Flat,,Queens Birthday,,,,Dark,175907,0,0,0,2,,,0,,,,,,Auckland Region,Nil,1-way,Sealed,,0,0,,100,,On,1,0,,76,Auckland,Nil,,,,,0,0,Open,0,,,Light rain,Null
1757681.9729,5918285.7477,845912,,518101,0,,0,5,,South,2022/2023,SOUTHERN MOTORWAY,KHYBER PASS ROAD OFF RAMP,,Non-Injury Crash,Yes,2023,,North,,0,,Hill Road,,,,,,Bright sun,543000,0,0,0,4,,,0,,,,,,Auckland Region,Motorway ramp,1-way,Sealed,,0,0,,80,,Off,0,0,50,76,Auckland,Nil,,,,,0,0,Open,0,,,Fine,Null
1769881.1794,5913024.0243,845915,45,522722,0,0,0,2,0,North,2023/2024,LOCHEND PLACE,CASCADES ROAD,,Non-Injury Crash,No,2023,0,North,0,0,0,Hill Road,0,,0,,0,Bright sun,681334,0,0,0,2,0,0,0,0,1,,0,0,Auckland Region,Nil,2-way,Sealed,0,0,0,0,50,0,Off,0,0,,76,Auckland,Nil,0,0,0,0,0,0,Urban,0,0,0,Fine,Null
1762194.0245,5913659.2198,845919,,520402,0,1,0,0,0,South,2023/2024,SOUTHERN MOTORWAY,PENROSE OBR,,Non-Injury Crash,Yes,2023,0,South,0,0,0,Flat,0,,0,,0,Dark,642200,0,0,0,3,0,0,0,0,0,,0,0,Auckland Region,Bridge,1-way,Sealed,0,0,0,0,100,0,On,0,0,,76,Auckland,Nil,0,0,0,0,1,0,Open,0,0,0,Fine,Null
1758458.0619,5911737.5549,845930,,519810,0,0,0,1,0,South,2025/2026,SOUTH-WESTERN MOTORWAY,NEILSON STREET OFF RAMP,,Non-Injury Crash,Yes,2025,0,South,0,0,0,Flat,1,,0,,0,Dark,602501,0,0,0,3,0,0,0,0,0,,0,0,Auckland Region,Nil,1-way,Sealed,0,0,0,0,100,0,On,0,0,,76,Auckland,Nil,0,0,0,0,0,0,Open,0,0,0,Fine,Null
1769666.8653,5899597.247,845931,,523920,0,,0,2,,Null,2024/2025,GREAT SOUTH ROAD,TE NAPI DRIVE,,Minor Crash,No,2025,,North,,0,,Flat,,,,,,Bright sun,767922,1,0,0,4,,,0,,,,,,Auckland Region,Nil,2-way,Sealed,,0,0,,70,,Off,0,0,,76,Auckland,Traffic Signals,,,,,0,0,Urban,0,,,Fine,Null
1760864.8014,5946245.8563,845935,,505904,0,0,0,1,0,South,2023/2024,GULF HARBOUR DRIVE,MAYLEE CRESCENT,,Non-Injury Crash,No,2024,0,South,0,0,0,Flat,0,,0,,0,Overcast,175111,0,0,0,2,0,0,0,0,0,,0,1,Auckland Region,Nil,2-way,Sealed,0,0,0,0,50,0,Off,0,0,,76,Auckland,Nil,0,0,0,0,0,0,Urban,0,0,0,Fine,Null
1756300.0012,5930753.2516,845938,,507500,1,,0,1,,North,2024/2025,EAST COAST ROAD,FORREST HILL ROAD,,Non-Injury Crash,No,2025,,North,,0,,Null,,,,,,Dark,148701,1,0,0,3,,,0,,,,,,Auckland Region,Nil,2-way,Sealed,,0,0,,50,,On,0,0,,76,Auckland,Nil,,,,,0,0,Urban,0,,,Fine,Null
1754173.9664,5914649.8121,845943,,518801,0,,0,3,,Null,2023/2024,SANDRINGHAM ROAD EXTENSION,SKEATES AVENUE,,Non-Injury Crash,No,2024,,North,,0,,Flat,,,,,,Dark,576800,0,0,0,2,,,0,,,,,,Auckland Region,Nil,2-way,Sealed,,0,0,,50,,On,0,0,,76,Auckland,Stop,,,,,0,0,Urban,0,,,Light rain,Null
1771989.702,5901369.0919,845948,,523813,0,,0,0,,West,2023/2024,ALFRISTON ROAD,WASTNEY ROAD,,Minor Crash,No,2023,,Null,,0,,Flat,,,,,,Overcast,759800,1,0,1,2,,,0,,,,,,Auckland Region,Nil,2-way,Unsealed,,0,0,,90,,None,0,0,,76,Auckland,Nil,,,,,0,0,Open,0,,,Light rain,Frost
1742719.8712,5919274.6001,845951,,513211,0,0,0,1,0,South,2024/2025,ARMADA DRIVE,EDWIN FREEMAN PLACE,,Minor Crash,No,2024,0,South,0,0,1,Flat,0,,0,,0,Bright sun,235009,2,0,0,2,0,0,0,0,0,,0,0,Auckland Region,Nil,2-way,Sealed,0,0,0,0,30,0,Off,0,0,,76,Auckland,Nil,0,0,0,1,0,0,Urban,0,0,0,Fine,Null
1756782.5615,5919773.9017,845954,,514102,0,,0,2,,Null,2024/2025,PITT STREET,HOPETOUN STREET,,Non-Injury Crash,No,2025,,North,,0,,Hill Road,,Queens Birthday,,,,Dark,434802,0,0,0,5,,,0,,,,,,Auckland Region,Nil,2-way,Sealed,,0,0,,30,,On,0,1,,76,Auckland,Traffic Signals,,,,,0,0,Urban,0,,,Light rain,Null
1757714.5112,5918259.5341,845955,,518101,0,,0,0,,South,2023/2024,SOUTHERN MOTORWAY,KHYBER PASS ROAD OFF RAMP,,Non-Injury Crash,Yes,2024,,West,,0,,Flat,,,,,,Bright sun,543000,0,0,0,5,,,0,,,,,,Auckland Region,Nil,1-way,Sealed,,0,0,,80,,Off,0,0,,76,Auckland,Nil,,,,,1,0,Open,2,,,Fine,Null
1767409.2685,5912135.1381,845962,,522910,0,,0,1,,North,2024/2025,TI RAKAU DRIVE,EDGEWATER DRIVE,,Non-Injury Crash,No,2025,,East,,0,,Flat,,,,,,Dark,686502,0,0,0,4,,,0,,,,,,Auckland Region,Nil,2-way,Sealed,,0,0,,50,,On,0,0,,76,Auckland,Nil,,,,,0,0,Urban,0,,,Fine,Null
1761975.6841,5913417.6292,845963,,520500,0,,0,3,,Null,2023/2024,PENROSE ROAD,GREAT SOUTH ROAD,,Non-Injury Crash,No,2023,,South,,0,,Flat,,,,,,Bright sun,637100,0,0,0,4,,,0,,,,,,Auckland Region,Nil,2-way,Sealed,,0,0,,50,,Off,0,0,,76,Auckland,Traffic Signals,,,,,0,0,Urban,0,,,Fine,Null
1755633.3958,5924628.6675,845978,,509800,0,,0,1,,Null,2025/2026,ONEWA ROAD,QUEEN STREET,,Non-Injury Crash,No,2025,,West,,0,,Flat,,,,,,Dark,360500,0,0,0,4,,,0,,,,,,Auckland Region,Nil,2-way,Sealed,,0,0,,50,,On,1,0,,76,Auckland,Traffic Signals,,,,,0,0,Urban,0,,,Fine,Null
1750429.6319,5929091.0749,845979,,509100,0,,0,4,,South,2023/2024,UPPER HARBOUR MOTORWAY,GREENHITHE OBR,,Non-Injury Crash,Yes,2024,,North,,0,,Hill Road,,,,,,Dark,181302,0,0,0,2,,,0,,,,,,Auckland Region,Nil,1-way,Sealed,,0,0,,100,,On,0,0,,76,Auckland,Nil,,,,,0,0,Open,1,,,Light rain,Null
1759935.9999,5908533.9961,845983,,524403,0,,0,1,,South,2022/2023,SOUTH-WESTERN MOTORWAY,WALMSLEY ROAD,,Non-Injury Crash,Yes,2023,,South,,0,,Flat,,,,,,Bright sun,729800,0,0,0,3,,,0,,,,,,Auckland Region,Nil,1-way,Sealed,,0,0,,100,,Off,0,0,,76,Auckland,Nil,,,,,0,1,Open,0,,,Fine,None
1771116.0401,5898407.056,845986,,523912,0,,0,2,,West,2024/2025,TAKANINI ROAD,BEACH ROAD,,Non-Injury Crash,No,2025,,South,,0,,Flat,,,,,,Bright sun,767600,0,0,0,2,,,0,,,,,,Auckland Region,Nil,2-way,Sealed,,0,0,,50,,Off,0,0,,76,Auckland,Nil,,,,,0,0,Urban,0,,,Fine,Null
1756295.1453,5913713.0606,845987,,518701,0,0,0,1,0,Null,2024/2025,DORNWELL ROAD,HAYR ROAD,,Non-Injury Crash,No,2024,0,West,0,0,1,Hill Road,0,,0,,0,Dark,569200,0,0,0,2,0,0,0,0,0,,0,0,Auckland Region,Nil,2-way,Sealed,0,0,0,0,50,0,On,0,0,,76,Auckland,Give way,1,1,0,0,0,0,Urban,0,0,0,Fine,Null
1753210.6816,5946578.0257,845991,,505906,0,0,0,2,0,South,2023/2024,WHANGAPARAOA ROAD,VIPOND ROAD,,Serious Crash,No,2024,0,South,0,0,0,Hill Road,0,,0,,0,Bright sun,173803,0,0,0,4,0,0,0,0,0,,1,0,Auckland Region,Nil,2-way,Sealed,0,0,1,0,50,0,Off,0,0,,76,Auckland,Nil,0,0,0,1,0,0,Urban,0,0,0,Fine,Null
1755126.6988,5918287.5987,846003,,515500,0,,0,1,,South,2023/2024,NORTH-WESTERN MOTORWAY,NEWTON ROAD OFF RAMP,,Minor Crash,Yes,2024,,East,,0,,Flat,,,,,,Twilight,418800,1,0,0,4,,,0,,,,,,Auckland Region,Nil,1-way,Sealed,,0,0,,80,,On,0,0,,76,Auckland,Nil,,,,,0,0,Open,2,,,Fine,Null
1742494.0071,5926470.113,846007,,513410,0,,0,0,,Null,2023/2024,SH 16,BRIGHAM CREEK ROAD,,Non-Injury Crash,Yes,2023,,South,,0,,Flat,,,,,,Bright sun,223100,0,0,0,2,,,0,,,,,,Auckland Region,Motorway ramp,1-way,Sealed,,0,0,,50,,Off,0,0,,76,Auckland,Give way,,,,,1,0,Urban,1,,,Fine,Null
1756109.2367,5923786.3107,846010,,509800,0,,0,2,,South,2024/2025,NORTHERN MOTORWAY,WEIGH BRIDGE,,Non-Injury Crash,Yes,2025,,South,,0,,Flat,,,,,,Overcast,358800,0,0,0,5,,,0,,,,,,Auckland Region,Nil,1-way,Sealed,,0,0,,80,,Off,0,0,,76,Auckland,Nil,,,,,0,0,Open,0,,,Fine,Null
1758688.0168,5918771.4149,846012,,517400,0,,0,2,,North,2022/2023,PARNELL ROAD,GEORGE STREET,,Non-Injury Crash,No,2023,,North,,0,,Flat,,,,,,Twilight,450800,0,0,0,4,,,0,,,,,,Auckland Region,Nil,2-way,Sealed,,0,0,,50,,On,0,0,,76,Auckland,Isolated Pedestrian signal (non-intersection),,,,,0,0,Urban,0,,,Fine,Null
1752055.7912,5925331.8133,846015,,510220,0,0,0,2,0,North,2023/2024,BIRKDALE ROAD,RANGATIRA ROAD,,Minor Crash,No,2024,0,South,0,0,0,Hill Road,0,,0,,0,Twilight,349905,1,0,0,2,0,0,0,0,2,,0,0,Auckland Region,Nil,2-way,Sealed,0,0,0,0,50,0,Off,0,0,,76,Auckland,Nil,0,0,0,0,0,0,Urban,2,0,0,Fine,Null
1757404.1263,5920953.5277,846027,,514101,0,,1,1,,Null,2023/2024,LOWER ALBERT STREET,ALBERT STREET,,Non-Injury Crash,No,2023,,South,,0,,Flat,,,,,,Dark,432900,0,0,0,4,,,0,,,,,,Auckland Region,Nil,2-way,Sealed,,0,0,,20,,On,0,0,,76,Auckland,Traffic Signals,,,,,0,0,Urban,0,,,Fine,Null
1753483.6155,5932836.5676,846031,,508804,0,,0,2,,North,2023/2024,NORTHERN MOTORWAY,GREVILLE ROAD ON RAMP,,Non-Injury Crash,Yes,2024,,South,,0,,Flat,,,,,,Bright sun,180701,0,0,0,4,,,0,,,,,,Auckland Region,Nil,1-way,Sealed,,0,0,,100,,Off,0,0,,76,Auckland,Nil,,,,,0,0,Open,0,,,Fine,Null
1760908.5325,5915316.6242,846034,,520201,0,0,0,0,0,Null,2024/2025,TECOMA STREET,TECOMA STREET ON RAMP,,Non-Injury Crash,No,2025,0,North,0,0,0,Flat,0,,0,,0,Overcast,613500,0,0,0,2,0,0,0,0,0,,0,0,Auckland Region,Motorway ramp,2-way,Sealed,0,0,0,0,50,0,Off,0,0,,76,Auckland,Give way,0,1,0,0,1,0,Urban,0,0,0,Fine,Null
1760411.1148,5906170.9741,846047,,524200,0,,0,1,,West,2023/2024,MASSEY ROAD,PENINSULA ROAD,,Non-Injury Crash,No,2023,,East,,0,,Flat,,,,,,Twilight,728613,0,0,0,2,,,0,,,,,,Auckland Region,Nil,2-way,Sealed,,0,0,,50,,Off,0,0,,76,Auckland,Nil,,,,,1,0,Urban,0,,,Fine,Null
1757825.4523,5918522.375,846052,,515700,0,,2,0,,Null,2022/2023,KHYBER PASS ROAD,PARK ROAD,,Minor Crash,No,2023,,West,,0,,Flat,,,,,,Bright sun,443200,1,0,0,3,,,0,,,,,,Auckland Region,Nil,2-way,Sealed,,0,0,,50,,Off,0,0,,76,Auckland,Traffic Signals,,,,,0,0,Urban,0,,,Fine,Null
1759736.1198,5907679.1489,846056,,524121,0,0,0,2,0,South,2022/2023,BADER DRIVE,COMET CRESCENT,,Non-Injury Crash,No,2023,0,North,0,0,0,Flat,0,,0,,0,Bright sun,737600,0,0,0,2,0,0,0,0,1,,0,0,Auckland Region,Nil,2-way,Sealed,0,0,0,0,50,0,On,0,0,,76,Auckland,Nil,0,0,0,0,0,0,Urban,1,0,0,Fine,Null
1764595.4436,5909948.0864,846058,,521801,0,,0,0,,Null,2025/2026,AVENUE ROAD,HUTTON STREET,,Non-Injury Crash,No,2025,,West,,0,,Flat,,,,,,Bright sun,787500,0,0,0,2,,,0,,,,,,Auckland Region,Nil,2-way,Sealed,,0,0,,50,,None,2,0,,76,Auckland,Stop,,,,,0,0,Urban,0,,,Fine,Null
1771673.8073,5899150.877,846059,,523911,0,0,0,1,0,Null,2023/2024,PORCHESTER ROAD,CLARICE PLACE,,Non-Injury Crash,No,2023,0,North,0,0,0,Flat,0,,0,,0,Dark,767004,0,0,0,2,0,0,0,0,1,,0,0,Auckland Region,Nil,2-way,Sealed,0,0,0,0,50,0,On,1,0,,76,Auckland,Nil,0,0,0,0,0,0,Urban,0,0,0,Fine,Null
1756368.2904,5927226.4418,846066,,507900,0,,0,2,,North,2025/2026,NORTHERN MOTORWAY,NORTHCOTE OBR,,Non-Injury Crash,Yes,2025,,North,,0,,Flat,,,,,,Overcast,305201,0,0,0,3,,,0,,,,,,Auckland Region,Overpass,1-way,Sealed,,0,0,,100,,Off,0,0,,76,Auckland,Nil,,,,,0,0,Open,0,,,Heavy rain,Strong wind
1745167.3369,5918612.514,846071,,513302,0,,0,1,,Null,2023/2024,LINCOLN ROAD,WOODFORD AVENUE ,,Minor Crash,No,2024,,East,,0,,Flat,,,,,,Bright sun,230900,1,0,0,2,,,0,,,1,,,Auckland Region,Nil,2-way,Sealed,,0,0,,50,,Off,0,0,,76,Auckland,Give way,,,,,0,0,Urban,0,,,Fine,Null
1765092.8425,5913419.1748,846074,,520500,0,,1,1,,Null,2025/2026,SOUTH-EASTERN HIGHWAY,SOUTH-EASTERN HIGHWAY,,Non-Injury Crash,No,2026,,North,,0,,Hill Road,,,,,,Overcast,638908,0,0,0,5,,,0,,,,,,Auckland Region,Nil,2-way,Sealed,,0,0,,50,,Off,0,0,,76,Auckland,Nil,,,,,0,0,Urban,0,,,Light rain,Null
1775308.7553,5887578.9752,846082,,521302,0,0,0,0,0,East,2024/2025,ARARIMU ROAD,MCELDOWNIE ROAD,,Non-Injury Crash,No,2025,0,West,0,0,0,Hill Road,0,,0,,0,Dark,809104,0,0,0,2,0,0,0,0,0,,0,0,Auckland Region,Nil,2-way,Sealed,0,0,0,0,60,1,On,0,0,,76,Auckland,Nil,0,0,0,0,0,0,Urban,1,0,0,Mist or Fog,Null
1764616.6608,5917703.3928,846083,,517201,0,0,0,2,0,South,2023/2024,FELTON MATHEW AVENUE,SIMKIN AVENUE,,Non-Injury Crash,No,2024,0,East,0,0,0,Hill Road,0,,0,,0,Dark,464400,0,0,0,2,0,0,0,0,1,,0,0,Auckland Region,Nil,2-way,Sealed,0,0,0,0,50,0,On,0,0,,76,Auckland,Nil,0,0,0,0,0,0,Urban,0,0,0,Fine,Null
1765451.1966,5916935.3906,846090,,517001,0,,0,1,,Null,2025/2026,LINE ROAD,MAYFAIR PLACE,,Minor Crash,No,2025,,North,,0,,Flat,,,,,,Dark,476200,1,0,0,2,,,0,,,1,,,Auckland Region,Nil,2-way,Sealed,,0,0,,30,,On,0,0,,76,Auckland,Nil,,,,,0,0,Urban,0,,,Fine,Null
1745508.9997,5917457.9832,846091,,510700,0,,0,2,,Null,2023/2024,ALDERMAN DRIVE,RATANUI STREET,,Non-Injury Crash,No,2023,,West,,0,,Flat,,,,,,Bright sun,239900,0,0,0,2,,,0,,,,,,Auckland Region,Nil,1-way,Sealed,,0,0,,50,,Off,0,0,,76,Auckland,Give way,,,,,0,0,Urban,0,,,Fine,Null
1757783.6328,5920482.8944,846099,,514103,0,,0,0,,Null,2024/2025,BOWEN AVENUE,PRINCES STREET,,Minor Crash,No,2024,,South,,0,,Flat,,,,,,Dark,437200,1,0,0,2,,,0,,,1,,,Auckland Region,Nil,2-way,Sealed,,0,0,,30,,On,1,0,,76,Auckland,Traffic Signals,,,,,0,0,Urban,0,,,Fine,Null
1758427.5927,5918055.9679,846103,45,517400,0,,0,1,,South,2023/2024,BROADWAY,REMUERA ROAD,,Non-Injury Crash,No,2023,,North,,0,,Flat,,,,,,Bright sun,451300,0,0,0,4,,,0,,,,,,Auckland Region,Nil,2-way,Sealed,,0,0,,50,,None,1,0,,76,Auckland,Nil,,,,,0,0,Urban,0,,,Fine,None
1759149.5444,5910039.0024,846104,,524002,0,0,0,0,0,South,2022/2023,CORONATION ROAD,SWANSON ROAD,,Non-Injury Crash,No,2023,0,North,0,0,0,Flat,0,,0,,0,Overcast,722502,0,0,0,2,0,0,0,0,1,,0,0,Auckland Region,Nil,2-way,Sealed,0,0,0,0,50,0,Off,0,0,,76,Auckland,Nil,0,0,0,0,0,0,Urban,2,0,0,Fine,Null
1758116.032,5920382.1383,846106,,514103,0,,0,2,,South,2025/2026,ANZAC AVENUE,PARLIAMENT STREET,,Non-Injury Crash,No,2025,,North,,0,,Hill Road,,,,,,Dark,438306,0,0,0,4,,,0,,,,,,Auckland Region,Nil,2-way,Sealed,,0,0,,30,,On,0,0,,76,Auckland,Nil,,,,,0,0,Urban,0,,,Fine,Null
1744495.4444,5918658.1301,846111,,513302,0,0,0,1,0,North,2023/2024,RATHGAR ROAD,EDWARDS AVENUE,,Non-Injury Crash,No,2024,0,South,0,0,0,Flat,0,,0,,0,Dark,232400,0,0,0,2,0,0,0,0,0,,0,1,Auckland Region,Nil,2-way,Sealed,0,0,0,0,50,0,On,0,0,,76,Auckland,Nil,0,0,0,0,0,0,Urban,0,0,0,Fine,Null
1753374.327,5926825.2319,846114,,508220,0,,0,2,,South,2024/2025,PARK ROAD,GLENFIELD ROAD,,Non-Injury Crash,No,2025,,South,,0,,Null,,,,,,Bright sun,188300,0,0,0,2,,,0,,,,,,Auckland Region,Nil,2-way,Null,,0,0,,50,,Null,0,0,,76,Auckland,Nil,,,,,0,0,Urban,0,,,Null,Null
1765756.9845,5904666.5636,846116,,524603,0,0,0,3,0,Null,2023/2024,PLUNKET AVENUE,STAFFORD AVENUE,,Non-Injury Crash,No,2023,0,South,0,0,0,Flat,0,,0,,0,Bright sun,674700,0,0,0,2,0,0,0,0,1,,0,0,Auckland Region,Nil,2-way,Sealed,0,0,0,0,50,0,Off,0,0,,76,Auckland,Give way,0,0,0,0,0,0,Urban,0,0,0,Fine,Null
1764712.4884,5906483.045,846123,,522201,0,,0,2,,Null,2023/2024,SHIRLEY ROAD,CORONATION ROAD,,Minor Crash,No,2024,,South,,0,,Flat,,,,,,Bright sun,661800,1,0,0,2,,,0,,,,,,Auckland Region,Nil,2-way,Sealed,,0,0,,50,,Off,0,0,,76,Auckland,Give way,,,,,0,0,Urban,0,,,Fine,Null
1754895.9115,5931791.6693,846127,,508805,0,,0,2,,North,2023/2024,CONSTELLATION DRIVE,PARKWAY DRIVE,,Non-Injury Crash,No,2023,,East,,0,,Flat,,,,,,Bright sun,180813,0,0,0,4,,,0,,,,,,Auckland Region,Nil,2-way,Sealed,,0,0,,50,,Off,0,0,,76,Auckland,Nil,,,,,0,0,Urban,0,,,Fine,Null
1755946.1154,5934038.2254,846132,,507200,0,,0,1,,Null,2022/2023,KNIGHTS ROAD,BEACH ROAD,,Minor Crash,No,2023,,North,,0,,Flat,,,,,,Overcast,156702,3,0,0,2,,,0,,,,,,Auckland Region,Nil,2-way,Sealed,,0,0,,50,,Off,1,0,,76,Auckland,Give way,,,,,0,0,Urban,0,,,Fine,Null