X,Y,OBJECTID,advisorySpeed,areaUnitID,bicycle,bridge,bus,carStationWagon,cliffBank,crashDirectionDescription,crashFinancialYear,crashLocation1,crashLocation2,crashRoadSideRoad,crashSeverity,crashSHDescription,crashYear,debris,directionRoleDescription,ditch,fatalCount,fence,flatHill,guardRail,holiday,houseOrBuilding,intersection,kerb,light,meshblockId,minorInjuryCount,moped,motorcycle,NumberOfLanes,objectThrownOrDropped,otherObject,otherVehicleType,overBank,parkedVehicle,pedestrian,phoneBoxEtc,postOrPole,region,roadCharacter,roadLane,roadSurface,roadworks,schoolBus,seriousInjuryCount,slipOrFlood,speedLimit,strayAnimal,streetLight,suv,taxi,temporarySpeedLimit,tlaId,tlaName,trafficControl,trafficIsland,trafficSign,train,tree,truck,unknownVehicleType,urban,vanOrUtility,vehicle,waterRiver,weatherA,weatherB
1741547.8009,5922107.0353,846135,,513621,0,0,0,1,0,South,2023/2024,RED HILLS ROAD,SUNNYVALE ROAD,,Non-Injury Crash,No,2024,0,South,1,0,0,Hill Road,0,,0,,0,Overcast,226601,0,0,0,2,0,0,0,0,0,,0,0,Auckland Region,Nil,2-way,Sealed,0,0,0,0,80,0,Off,0,0,,76,Auckland,Nil,0,0,0,0,0,0,Open,0,0,0,Heavy rain,Null
1754625.8211,5924774.8134,846140,,510500,0,,0,1,,Null,2022/2023,ONEWA ROAD,KAURI GLEN ROAD,,Non-Injury Crash,No,2023,,West,,0,,Hill Road,,Easter,,,,Bright sun,356202,0,0,0,4,,,0,,,,,,Auckland Region,Nil,2-way,Sealed,,0,0,,50,,Off,0,0,,76,Auckland,Stop,,,,,0,0,Urban,1,,,Fine,Null
1768228.2374,5913713.5825,846143,,523000,0,,0,2,,West,2022/2023,PORTADOWN AVENUE,GOSSAMER DRIVE,,Non-Injury Crash,No,2023,,West,,0,,Flat,,,,,,Bright sun,690700,0,0,0,2,,,0,,,,,,Auckland Region,Nil,2-way,Sealed,,0,0,,50,,Off,0,0,,76,Auckland,Nil,,,,,0,0,Urban,0,,,Fine,None
1758131.5468,5913940.0614,846146,,518600,0,0,1,1,0,North,2024/2025,MANUKAU ROAD,BECKENHAM AVENUE,,Non-Injury Crash,No,2025,0,South,0,0,0,Flat,0,,0,,0,Overcast,566800,0,0,0,2,0,0,0,0,1,,0,0,Auckland Region,Nil,2-way,Sealed,0,0,0,0,50,0,On,0,0,,76,Auckland,Nil,0,0,0,0,0,0,Urban,0,0,0,Fine,Null
1772722.6598,5896599.8578,846148,,525420,0,,0,0,,North,2022/2023,O'SHANNESSEY STREET,BROADWAY,,Minor Crash,No,2023,,North,,0,,Flat,,,,,,Overcast,792800,1,0,0,2,,,0,,,1,,,Auckland Region,Nil,2-way,Sealed,,0,0,,50,,Off,1,0,,76,Auckland,Nil,,,,,0,0,Urban,0,,,Fine,Null
1765059.4158,5906965.5668,846154,,522201,0,0,0,1,0,North,2024/2025,OMANA ROAD,SHIRLEY ROAD,,Non-Injury Crash,No,2025,0,South,0,0,0,Flat,0,,0,,0,Dark,661200,0,0,0,2,0,0,0,0,1,,0,0,Auckland Region,Nil,2-way,Sealed,0,0,0,0,50,0,On,0,0,,76,Auckland,Nil,0,0,0,0,0,0,Urban,0,0,0,Fine,Null
1772447.3689,5890048.9969,846164,,521302,0,0,0,1,0,South,2023/2024,BURTT ROAD,MCPHERSON ROAD,,Non-Injury Crash,No,2023,0,South,0,0,0,Flat,0,,0,,0,Dark,807500,0,0,0,2,0,0,0,0,0,,0,0,Auckland Region,Nil,2-way,Sealed,0,0,0,0,80,1,None,0,0,,76,Auckland,Nil,0,0,0,0,0,0,Open,0,0,0,Fine,Null
1745204.0247,5919759.8849,846171,,513301,0,,0,1,,West,2023/2024,UNIVERSAL DRIVE,LINCOLN NORTH CPK ENT,,Minor Crash,No,2024,,East,,0,,Flat,,,,,,Bright sun,232001,1,0,0,4,,,0,,,,,,Auckland Region,Nil,2-way,Sealed,,0,0,,50,,Off,0,0,,76,Auckland,Give way,,,,,0,0,Urban,1,,,Fine,Null
1765837.252,5908287.0422,846179,,523402,0,,0,2,,Null,2023/2024,BAIRDS ROAD,HELLABYS ROAD,,Non-Injury Crash,No,2024,,West,,0,,Flat,,,,,,Overcast,698900,0,0,0,4,,,0,,,,,,Auckland Region,Nil,2-way,Sealed,,0,0,,50,,Off,0,0,,76,Auckland,Traffic Signals,,,,,0,0,Urban,0,,,Fine,None
1760980.8864,5919963.4589,846186,,516400,0,0,0,0,0,Null,2024/2025,TAMAKI DRIVE,NGAPIPI ROAD,,Non-Injury Crash,No,2025,0,East,0,0,0,Flat,0,,0,,1,Bright sun,496900,0,0,0,2,0,1,0,0,0,,1,0,Auckland Region,Nil,2-way,Sealed,0,0,0,0,50,0,Off,1,0,,76,Auckland,Traffic Signals,0,0,0,0,0,0,Urban,0,0,0,Fine,Null
1757764.3274,5918539.3751,846199,,514302,0,,1,1,,West,2023/2024,KHYBER PASS ROAD,MOUNTAIN ROAD,,Non-Injury Crash,No,2024,,East,,0,,Hill Road,,,,,,Bright sun,442100,0,0,0,5,,,0,,,,,,Auckland Region,Nil,2-way,Sealed,,0,0,,50,,Off,0,0,,76,Auckland,Nil,,,,,0,0,Urban,0,,,Fine,Null
1770058.4659,5901999.2409,846204,,523814,0,,0,4,,West,2022/2023,HILL ROAD,CHARLES PREVOST DRIVE,,Minor Crash,No,2023,,West,,0,,Flat,,,,,,Bright sun,759514,2,0,0,2,,,0,,,,,,Auckland Region,Nil,2-way,Sealed,,0,0,,50,,Off,0,0,,76,Auckland,Nil,,,,,0,0,Urban,0,,,Fine,Null
1755213.7657,5914436.4707,846206,,518500,0,,0,1,,South,2023/2024,DOMINION ROAD,KEYSTONE AVENUE,,Minor Crash,No,2023,,South,,0,,Flat,,,,,,Overcast,560900,1,0,0,4,,,0,,,1,,,Auckland Region,Nil,2-way,Sealed,,0,0,,50,,Off,0,0,,76,Auckland,Nil,,,,,0,0,Urban,0,,,Fine,Null
1763635.3213,5910683.6629,846207,,521901,0,,0,2,,Null,2024/2025,PORTAGE ROAD,PUKEITI ROAD,,Minor Crash,No,2024,,West,,0,,Hill Road,,,,,,Overcast,781500,1,0,0,2,,,0,,,,,,Auckland Region,Nil,2-way,Sealed,,0,0,,50,,Off,0,0,30,76,Auckland,Give way,,,,,0,0,Urban,0,,,Light rain,Null
1758801.5598,5912410.9314,846214,,519820,0,0,0,0,0,Null,2023/2024,SELWYN STREET,ARTHUR STREET,,Serious Crash,No,2023,0,North,0,0,0,Hill Road,0,,0,,0,Overcast,600800,0,0,0,2,0,0,0,0,0,,0,0,Auckland Region,Nil,2-way,Sealed,0,0,1,0,50,0,Off,1,0,,76,Auckland,Stop,1,0,0,0,0,0,Urban,1,0,0,Fine,Null
1776054.6504,5885108.5151,846215,,521132,0,0,0,1,0,South,2024/2025,SOUTHERN MOTORWAY,RAMARAMA ON RAMP,,Non-Injury Crash,Yes,2024,0,South,0,0,1,Flat,0,,0,,0,Bright sun,814702,0,0,0,2,0,0,0,0,0,,0,0,Auckland Region,Nil,1-way,Sealed,0,0,0,0,100,0,Off,0,0,,76,Auckland,Nil,0,0,0,0,0,0,Open,0,0,0,Fine,Null
1756581.6805,5920533.3206,846222,,514102,0,,0,1,,Null,2023/2024,VICTORIA STREET WEST,HALSEY STREET,,Serious Crash,No,2023,,East,,0,,Hill Road,,,,,,Overcast,433700,0,0,0,6,,,0,,,1,,,Auckland Region,Nil,2-way,Sealed,,0,1,,30,,Off,0,1,,76,Auckland,Traffic Signals,,,,,0,0,Urban,0,,,Light rain,Null
1748029.7054,5912346.0089,846230,,511902,0,,0,0,,South,2023/2024,TITIRANGI ROAD,OLD TITIRANGI ROAD,,Non-Injury Crash,No,2023,,South,,0,,Flat,,,,,,Overcast,292104,0,0,0,2,,,0,,,1,,,Auckland Region,Nil,2-way,Sealed,,0,0,,50,,On,1,0,,76,Auckland,Nil,,,,,0,0,Urban,0,,,Fine,None
1769353.4353,5900093.9649,846234,45,525002,0,,0,2,,South,2023/2024,GREAT SOUTH ROAD,KEVALE PLACE,,Non-Injury Crash,No,2024,,North,,0,,Flat,,,,,,Bright sun,753900,0,0,0,2,,,0,,,,,,Auckland Region,Nil,2-way,Sealed,,0,0,,50,,Off,0,0,,76,Auckland,Nil,,,,,0,0,Urban,0,,,Light rain,None
1768623.8351,5880005.2278,846239,,525922,0,,0,0,,Null,2022/2023,NELSON STREET,QUEEN STREET,,Non-Injury Crash,No,2023,,West,,0,,Flat,,,,,,Bright sun,824100,0,0,0,2,,,0,,,,,,Auckland Region,Nil,2-way,Sealed,,0,0,,50,,Off,0,0,,76,Auckland,Give way,,,,,0,0,Urban,2,,,Fine,Null
1770464.7438,5897768.9916,846241,,523920,0,,0,1,,North,2024/2025,SOUTHERN MOTORWAY,PAHUREHURE NO 1 BR,,Minor Crash,Yes,2025,,North,,0,,Flat,,,,,,Bright sun,767919,1,0,0,3,,,0,,,,,,Auckland Region,Nil,1-way,Sealed,,0,0,,100,,Off,0,0,,76,Auckland,Nil,,,,,1,0,Open,0,,,Fine,Null
1766363.2262,5899722.0749,846246,,524812,0,,0,2,,Null,2022/2023,MAHIA ROAD,WEYMOUTH ROAD,,Minor Crash,No,2023,,North,,0,,Flat,,,,,,Bright sun,774201,2,0,0,2,,,0,,,,,,Auckland Region,Nil,2-way,Sealed,,0,0,,50,,Off,0,0,,76,Auckland,Give way,,,,,0,0,Urban,0,,,Fine,Null
1755449.9226,5921485.7151,846248,,515202,0,,0,2,,South,2024/2025,NORTHERN MOTORWAY,SHELLY BEACH OBR,,Non-Injury Crash,Yes,2025,,North,,0,,Hill Road,,,,,,Dark,425600,0,0,0,4,,,0,,,,,,Auckland Region,Bridge,1-way,Sealed,,0,0,,80,,On,0,0,,76,Auckland,Nil,,,,,0,0,Open,1,,,Heavy rain,Null
1760564.797,5916424.6553,846253,,516002,0,,0,1,,South,2023/2024,ASCOT AVENUE,COTTER AVENUE,,Non-Injury Crash,No,2023,,South,,0,,Hill Road,,,,,,Bright sun,493600,0,0,0,2,,,0,,,,,,Auckland Region,Nil,2-way,Sealed,,0,0,,50,,Off,0,0,,76,Auckland,Nil,,,,,0,0,Urban,0,,,Fine,Null
1772843.7561,5892228.6565,846256,,521301,0,,0,2,,North,2025/2026,SOUTHERN MOTORWAY,BREMNER OBR,,Non-Injury Crash,Yes,2025,,South,,0,,Flat,,,,,,Overcast,808701,0,0,0,2,,,0,,,,,,Auckland Region,Nil,1-way,Sealed,,0,0,,100,,None,0,0,,76,Auckland,Nil,,,,,0,0,Open,0,,,Fine,Null
1774237.8807,5893945.7146,846265,,521301,0,0,0,0,0,North,2024/2025,OPAHEKE ROAD,SUTTON ROAD,,Minor Crash,No,2024,0,North,0,0,1,Hill Road,0,,0,,0,Overcast,808302,1,0,0,2,0,0,0,0,0,,0,0,Auckland Region,Nil,2-way,Sealed,0,0,0,0,60,0,None,0,0,,76,Auckland,Nil,0,1,0,0,1,0,Urban,0,0,0,Fine,Null
1742737.1288,5921532.3448,846272,,513631,0,0,0,3,0,West,2025/2026,DON BUCK ROAD,GALLONY AVENUE,,Non-Injury Crash,No,2025,0,West,0,0,0,Hill Road,0,,0,,0,Bright sun,227101,0,0,0,2,0,0,0,0,1,,0,0,Auckland Region,Nil,2-way,Sealed,0,0,0,0,50,0,Off,0,0,40,76,Auckland,Nil,0,0,0,0,0,0,Urban,0,0,0,Fine,Null
1773346.9942,5896061.0,846280,,525410,0,,0,1,,Null,2024/2025,MARNE ROAD,ARAWA STREET,,Non-Injury Crash,No,2024,,South,,0,,Flat,,,,,,Overcast,793100,0,0,0,2,,,0,,,,,,Auckland Region,Nil,2-way,Sealed,,0,0,,50,,Off,0,0,,76,Auckland,Nil,,,,,0,0,Urban,1,,,Fine,Null
1756263.2562,5919226.8657,846285,,514200,0,,0,1,,Null,2023/2024,NEWTON ROAD,ABBEY STREET,,Non-Injury Crash,No,2024,,North,,0,,Hill Road,,,,,,Overcast,411700,0,0,0,4,,,0,,,,,,Auckland Region,Nil,2-way,Sealed,,0,0,,50,,Off,0,0,,76,Auckland,Stop,,,,,0,1,Urban,0,,,Fine,Strong wind
1757895.6565,5914866.4133,846293,,515802,0,,0,1,,West,2023/2024,EMPIRE ROAD,MANUKAU ROAD,,Non-Injury Crash,No,2023,,East,,0,,Flat,,,,,,Overcast,449300,0,0,0,2,,,0,,,,,,Auckland Region,Nil,2-way,Sealed,,0,0,,50,,Off,1,0,,76,Auckland,Nil,,,,,0,0,Urban,0,,,Light rain,Null
1780121.9765,5901623.3216,846294,,525201,0,0,0,1,0,South,2022/2023,PAPAKURA-CLEVEDON ROAD,RYBURN BR,,Minor Crash,No,2023,0,North,0,0,0,Flat,1,,0,,0,Dark,763300,1,0,0,2,0,0,0,0,0,,0,0,Auckland Region,Bridge,2-way,Sealed,0,0,0,0,80,0,None,0,0,,76,Auckland,Nil,0,0,0,0,0,0,Open,0,0,0,Light rain,Null
1758255.2184,5920182.3003,846304,,514103,0,,0,2,,Null,2025/2026,STANLEY STREET,PARNELL RISE,,Non-Injury Crash,Yes,2025,,North,,0,,Flat,,,,,,Dark,438203,0,0,0,2,,,0,,,,,,Auckland Region,Nil,1-way,Sealed,,0,0,,50,,On,0,0,,76,Auckland,Traffic Signals,,,,,0,0,Urban,0,,,Fine,Null
1774427.0374,5888514.395,846313,,521301,0,0,0,0,0,North,2023/2024,SOUTHERN MOTORWAY,RAMARAMA OFF RAMP,,Non-Injury Crash,Yes,2024,0,South,0,0,0,Flat,1,,0,,0,Dark,809103,0,0,0,2,0,0,0,0,0,,0,0,Auckland Region,Nil,1-way,Sealed,0,0,0,0,100,0,On,0,0,,76,Auckland,Nil,0,0,0,0,0,0,Open,1,0,0,Light rain,Null
1772809.5295,5892475.3896,846317,,521301,0,0,0,2,0,South,2024/2025,SOUTHERN MOTORWAY,SLIPPERY CK BR,,Minor Crash,Yes,2025,0,North,0,0,0,Flat,1,,0,,0,Bright sun,808702,1,0,0,3,0,0,0,0,0,,0,0,Auckland Region,Nil,1-way,Sealed,0,0,0,0,100,0,Null,0,0,,76,Auckland,Nil,0,0,0,0,0,0,Open,0,0,0,Fine,Null
1756005.1783,5918624.1092,846337,,515500,0,,0,4,,Null,2023/2024,NORTH-WESTERN MOTORWAY,NEWTON ROAD OFF RAMP,,Non-Injury Crash,Yes,2024,,North,,0,,Flat,,,,,,Dark,418600,0,0,0,4,,,0,,,,,,Auckland Region,Motorway ramp,1-way,Sealed,,0,0,,80,,On,0,0,,76,Auckland,Nil,,,,,0,0,Open,0,,,Light rain,Null
1764022.9378,5915028.5786,846352,,520303,0,,0,1,,Null,2024/2025,ELLERSLIE-PANMURE HIGHWAY,BARRACK ROAD,,Non-Injury Crash,No,2025,,East,,0,,Flat,,,,,,Bright sun,626901,0,0,0,4,,,0,,,,,,Auckland Region,Nil,2-way,Sealed,,0,0,,50,,Null,0,0,,76,Auckland,Nil,,,,,1,0,Urban,0,,,Fine,Null
1749400.7693,5913910.4065,846357,,511302,0,,0,1,,Null,2023/2024,GREAT NORTH ROAD,TITIRANGI ROAD,,Non-Injury Crash,No,2023,,West,,0,,Flat,,,,,,Overcast,268900,0,0,0,2,,,0,,,,,,Auckland Region,Nil,2-way,Sealed,,0,0,,50,,Off,0,0,,76,Auckland,Give way,,,,,0,0,Urban,1,,,Heavy rain,Null
1769429.8275,5899761.3026,846361,,525002,0,,0,1,,East,2022/2023,MAHIA ROAD,BEAUMONTS WAY EXTENSION,,Non-Injury Crash,No,2023,,East,,0,,Flat,,,,,,Overcast,754100,0,0,0,3,,,0,,,,,,Auckland Region,Nil,2-way,Sealed,,0,0,,50,,Off,0,0,,76,Auckland,Nil,,,,,1,0,Urban,0,,,Fine,Null
1782735.4144,5904860.4671,846366,55,525201,0,,0,1,,Null,2022/2023,CLEVEDON-KAWAKAWA ROAD,HOLDENS ROAD,,Serious Crash,No,2023,,North,,0,,Flat,,Christmas New Year,,,,Overcast,764201,2,0,0,2,,,0,,,,,,Auckland Region,Nil,2-way,Sealed,,0,1,,80,,None,0,0,,76,Auckland,Nil,,,,,0,0,Open,1,,,Light rain,Null
1768880.3813,5911582.5189,846385,,523107,0,,0,2,,West,2023/2024,TI RAKAU DRIVE,TORRENS ROAD,,Non-Injury Crash,No,2023,,East,,0,,Flat,,,,,,Overcast,711402,0,0,0,3,,,0,,,,,,Auckland Region,Nil,1-way,Sealed,,0,0,,60,,Off,0,0,,76,Auckland,Nil,,,,,0,0,Urban,0,,,Fine,Null
1760242.22,5923463.7283,846393,,509300,0,0,0,0,0,South,2024/2025,LAKE ROAD,ARIHO TERRACE,,Non-Injury Crash,No,2024,0,South,0,0,0,Hill Road,0,,0,,1,Dark,336900,0,0,0,2,0,0,0,0,0,,0,1,Auckland Region,Nil,2-way,Sealed,0,0,0,0,50,0,On,1,0,,76,Auckland,Nil,0,0,0,0,0,0,Urban,0,0,0,Fine,Null
1747795.6517,5914446.0609,846397,,511100,1,,0,1,,South,2024/2025,GREAT NORTH ROAD,PALM COURT DRIVE,,Serious Crash,No,2024,,North,,0,,Hill Road,,,,,,Overcast,285202,0,0,0,4,,,0,,,,,,Auckland Region,Nil,2-way,Sealed,,0,1,,50,,On,0,0,,76,Auckland,Nil,,,,,0,0,Urban,0,,,Fine,Null
1768527.3164,5900977.5425,846400,,525001,0,0,0,1,0,North,2025/2026,STATION ROAD,LUPTON ROAD,,Non-Injury Crash,No,2025,0,West,0,0,0,Hill Road,0,,0,,0,Bright sun,751400,0,0,0,2,0,0,0,0,1,,0,0,Auckland Region,Bridge,2-way,Sealed,0,0,0,0,50,0,Off,0,0,,76,Auckland,Nil,0,0,0,0,0,0,Urban,0,0,0,Fine,Null
1750476.9773,5918026.8214,846405,,514801,0,,0,2,,West,2023/2024,NORTH-WESTERN MOTORWAY,GREAT NORTH ROAD OFF RAMP,,Non-Injury Crash,Yes,2024,,East,,0,,Flat,,,,,,Overcast,390401,0,0,0,4,,,0,,,,,,Auckland Region,Nil,1-way,Sealed,,0,0,,100,,Off,0,0,,76,Auckland,Nil,,,,,0,0,Open,1,,,Fine,Null
1762817.9352,5912953.6012,846416,,520500,0,,0,1,,South,2025/2026,SOUTHERN MOTORWAY,SOUTH-EASTERN HWY ON RAMP,,Minor Crash,Yes,2025,,West,,0,,Flat,,,,,,Dark,637300,1,0,0,3,,,0,,,,,,Auckland Region,Nil,1-way,Sealed,,0,0,,100,,On,0,0,,76,Auckland,Nil,,,,,0,0,Open,1,,,Light rain,Null
1756092.067,5923704.8624,846424,,509800,0,,0,2,,South,2024/2025,NORTHERN MOTORWAY,WEIGH BRIDGE,,Non-Injury Crash,Yes,2025,,South,,0,,Flat,,,,,,Dark,358800,0,0,0,3,,,0,,,,,,Auckland Region,Nil,1-way,Sealed,,0,0,,80,,On,0,0,50,76,Auckland,Nil,,,,,0,0,Open,0,,,Fine,Null
1749999.883,5918023.5815,846433,,514801,0,,0,1,,East,2024/2025,NORTH-WESTERN MOTORWAY,ROSEBANK ROAD ON RAMP,,Non-Injury Crash,Yes,2024,,East,,0,,Flat,,,,,,Bright sun,390401,0,0,0,4,,,0,,,,,,Auckland Region,Nil,1-way,Sealed,,0,0,,100,,Off,0,0,,76,Auckland,Nil,,,,,1,0,Open,0,,,Fine,Null
1752039.8453,5915463.5289,846460,,517902,0,0,0,1,0,South,2022/2023,SH 20,NEW NORTH ROAD,,Non-Injury Crash,Yes,2023,1,North,0,0,0,Flat,0,,0,,0,Bright sun,519702,0,0,0,3,0,0,0,0,0,,0,0,Auckland Region,Tunnel,1-way,Sealed,0,0,0,0,80,0,On,0,0,,76,Auckland,Nil,0,0,0,0,1,0,Open,0,0,0,Fine,Null
1755310.3338,5924715.9394,846464,,509800,0,0,0,2,0,West,2025/2026,ONEWA ROAD,NUTSEY AVENUE,,Non-Injury Crash,No,2025,0,West,0,0,0,Flat,0,,0,,0,Dark,360200,0,0,0,4,0,0,0,0,1,,0,0,Auckland Region,Nil,2-way,Sealed,0,0,0,0,50,0,On,0,0,,76,Auckland,Nil,0,0,0,0,0,0,Urban,1,0,0,Light rain,Null
1766339.5634,5901679.8696,846469,,524604,0,,0,1,,Null,2024/2025,BROWNS ROAD,ROWANDALE AVENUE,,Non-Injury Crash,No,2024,,West,,0,,Flat,,,,,,Bright sun,781400,0,0,0,4,,,0,,,,,,Auckland Region,Nil,2-way,Sealed,,0,0,,50,,Off,1,0,,76,Auckland,Traffic Signals,,,,,0,0,Urban,0,,,Fine,Null
1763815.3542,5906575.1269,846492,,524301,0,0,0,2,0,Null,2022/2023,PORTAGE ROAD,GRAY AVENUE,,Serious Crash,No,2023,0,North,0,0,1,Flat,0,,0,,0,Bright sun,656800,0,0,0,1,0,0,0,0,2,,0,0,Auckland Region,Nil,1-way,Sealed,0,0,1,0,50,0,Off,0,0,,76,Auckland,Give way,0,0,0,0,2,0,Urban,0,0,0,Fine,Null
1744458.2263,5917698.7968,846493,,510700,0,0,0,1,0,Null,2024/2025,STURGES ROAD,SPRING GROVE,,Minor Crash,No,2025,0,South,0,0,0,Flat,0,,0,,0,Dark,239504,1,0,0,2,0,0,0,0,0,,0,1,Auckland Region,Nil,2-way,Sealed,0,0,0,0,50,0,On,0,0,,76,Auckland,Nil,0,0,0,0,0,0,Urban,0,0,0,Fine,Null
1765688.9999,5906028.9961,846496,,522202,0,,0,1,,Null,2024/2025,ST GEORGE STREET,WILMAY AVENUE,,Non-Injury Crash,No,2024,,North,,0,,Flat,,,,,,Bright sun,664300,0,0,0,2,,,0,,,,,,Auckland Region,Nil,2-way,Sealed,,0,0,,50,,Off,0,0,,76,Auckland,Give way,,,,,0,1,Urban,0,,,Fine,None
1764448.8729,5905009.6232,846501,,522100,0,,0,1,,Null,2024/2025,WYLLIE ROAD,PAH ROAD,,Minor Crash,No,2024,,South,,0,,Flat,,,,,,Bright sun,658300,1,0,1,2,,,0,,,,,,Auckland Region,Nil,2-way,Sealed,,0,0,,50,,Off,0,0,,76,Auckland,Give way,,,,,0,0,Urban,0,,,Fine,Null
1747888.8865,5968105.6632,846502,,506613,0,,0,0,,South,2023/2024,SH 1,TOOVEY ROAD,,Minor Crash,Yes,2023,,North,,0,,Flat,,,,,,Overcast,146004,1,0,0,2,,,0,,,,,,Auckland Region,Nil,2-way,Sealed,,0,0,,80,,None,0,0,,76,Auckland,Nil,,,,,1,0,Open,1,,,Fine,Null
1765768.8781,5901155.3645,846514,,524711,0,,0,2,,Null,2022/2023,ROSCOMMON ROAD,FINLAYSON AVENUE,,Non-Injury Crash,No,2023,,South,,0,,Flat,,,,,,Dark,774900,0,0,0,2,,,0,,,,,,Auckland Region,Nil,1-way,Sealed,,0,0,,60,,On,0,0,,76,Auckland,Give way,,,,,0,0,Urban,0,,,Fine,Null
1759127.1654,5916699.8952,846516,,516001,0,,0,2,,North,2022/2023,MARKET ROAD,PATEY STREET,,Non-Injury Crash,No,2023,,South,,0,,Flat,,,,,,Overcast,491302,0,0,0,5,,,0,,,,,,Auckland Region,Nil,2-way,Sealed,,0,0,,50,,Off,0,0,,76,Auckland,Nil,,,,,0,0,Urban,0,,,Light rain,Null
1756984.2208,5920339.2047,846520,,514102,0,,1,1,,Null,2025/2026,WELLESLEY STREET WEST,HOBSON STREET,,Non-Injury Crash,No,2025,,East,,0,,Hill Road,,,,,,Twilight,434101,0,0,0,5,,,0,,,,,,Auckland Region,Nil,2-way,Sealed,,0,0,,30,,Off,0,1,,76,Auckland,Traffic Signals,,,,,0,0,Urban,0,,,Fine,Null
1748980.6699,5918399.7515,846522,,514801,0,0,0,1,0,West,2022/2023,NORTH-WESTERN MOTORWAY,ROSEBANK ROAD ON RAMP,,Non-Injury Crash,Yes,2023,0,South,0,0,0,Flat,1,,0,,0,Twilight,389200,0,0,0,4,0,0,0,0,0,,0,0,Auckland Region,Nil,1-way,Sealed,0,0,0,0,100,0,Off,0,0,,76,Auckland,Nil,0,0,0,0,0,0,Open,0,0,0,Fine,Null
1759058.1166,5911786.0839,846525,,519820,0,,0,2,,Null,2022/2023,ONEHUNGA MALL,NEILSON STREET,,Non-Injury Crash,No,2023,,North,,0,,Flat,,,,,,Bright sun,602300,0,0,0,4,,,0,,,,,,Auckland Region,Nil,2-way,Sealed,,0,0,,50,,Off,0,0,,76,Auckland,Traffic Signals,,,,,0,0,Urban,0,,,Fine,Null
1756746.3635,5924968.9365,846530,,509702,0,0,0,1,0,North,2023/2024,NORTHERN MOTORWAY,EXMOUTH FTBR,,Minor Crash,Yes,2023,0,North,0,0,0,Flat,1,,0,,0,Twilight,366602,1,0,0,5,0,0,0,0,0,,0,0,Auckland Region,Nil,1-way,Sealed,0,0,0,0,100,0,On,0,0,,76,Auckland,Nil,0,0,0,0,0,0,Open,0,0,0,Fine,Strong wind
1767117.202,5905514.3756,846533,,524603,0,,0,0,,Null,2023/2024,GREAT SOUTH ROAD,PUHINUI ROAD,,Non-Injury Crash,No,2023,,North,,0,,Flat,,,,,,Dark,780205,0,0,0,6,,,0,,,,,,Auckland Region,Nil,2-way,Sealed,,0,0,,50,,On,2,0,,76,Auckland,Traffic Signals,,,,,0,0,Urban,0,,,Light rain,None
1762788.5352,5907822.2087,846536,,524530,0,,1,1,,Null,2024/2025,TENNESSEE AVENUE,DRIVER ROAD,,Non-Injury Crash,No,2025,,East,,0,,Flat,,,,,,Bright sun,733300,0,0,0,2,,,0,,,,,,Auckland Region,Nil,2-way,Sealed,,0,0,,30,,Off,0,0,,76,Auckland,Give way,,,,,0,0,Urban,0,,,Fine,Null
1733472.5084,5931716.894,846544,,505605,0,0,0,0,0,North,2024/2025,TAYLOR ROAD,WAIKOUKOU VALLEY ROAD,,Non-Injury Crash,No,2025,0,North,1,0,0,Hill Road,0,,0,,0,Dark,215700,0,0,0,2,0,0,0,0,0,,0,0,Auckland Region,Nil,2-way,Sealed,0,0,0,0,80,0,None,0,0,,76,Auckland,Nil,0,0,0,0,0,0,Open,1,0,0,Light rain,Null
1771546.3644,5894926.5392,846545,,521201,0,0,0,1,1,North,2024/2025,PAPAKURA OFF RAMP,SOUTHERN MOTORWAY,,Minor Crash,No,2025,0,North,0,0,1,Flat,0,,0,,0,Overcast,806700,1,0,0,1,0,0,0,0,0,,0,0,Auckland Region,Motorway ramp,1-way,Sealed,0,0,0,0,50,0,Off,0,0,,76,Auckland,Nil,0,0,0,0,0,0,Urban,0,0,0,Heavy rain,Null
1761681.484,5917388.2458,846556,,516202,0,,0,1,,Null,2023/2024,BENSON ROAD,LUCERNE ROAD,,Minor Crash,No,2023,,West,,0,,Flat,,,,,,Bright sun,488100,1,0,0,2,,,0,,,1,,,Auckland Region,Nil,2-way,Sealed,,0,0,,50,,Off,0,0,,76,Auckland,Give way,,,,,0,0,Urban,0,,,Fine,Null
1766024.7235,5906330.1099,846560,,522302,0,,0,1,,South,2025/2026,GREAT SOUTH ROAD,ST GEORGE STREET,,Minor Crash,No,2025,,North,,0,,Flat,,,,,,Bright sun,668700,1,0,0,4,,,0,,,,,,Auckland Region,Nil,2-way,Sealed,,0,0,,50,,Off,0,0,,76,Auckland,Nil,,,,,0,0,Urban,1,,,Fine,Null
1750076.7576,5945394.8577,846565,,506001,0,0,0,0,0,South,2023/2024,FORGE ROAD,FURNACE PLACE,,Non-Injury Crash,No,2023,0,North,0,0,0,Flat,0,,0,,0,Overcast,175701,0,0,0,2,0,0,0,0,0,,0,2,Auckland Region,Nil,2-way,Sealed,0,0,0,0,50,0,Off,0,0,,76,Auckland,Nil,0,0,0,0,1,0,Urban,0,0,0,Light rain,Null