X,Y,OBJECTID,advisorySpeed,areaUnitID,bicycle,bridge,bus,carStationWagon,cliffBank,crashDirectionDescription,crashFinancialYear,crashLocation1,crashLocation2,crashRoadSideRoad,crashSeverity,crashSHDescription,crashYear,debris,directionRoleDescription,ditch,fatalCount,fence,flatHill,guardRail,holiday,houseOrBuilding,intersection,kerb,light,meshblockId,minorInjuryCount,moped,motorcycle,NumberOfLanes,objectThrownOrDropped,otherObject,otherVehicleType,overBank,parkedVehicle,pedestrian,phoneBoxEtc,postOrPole,region,roadCharacter,roadLane,roadSurface,roadworks,schoolBus,seriousInjuryCount,slipOrFlood,speedLimit,strayAnimal,streetLight,suv,taxi,temporarySpeedLimit,tlaId,tlaName,trafficControl,trafficIsland,trafficSign,train,tree,truck,unknownVehicleType,urban,vanOrUtility,vehicle,waterRiver,weatherA,weatherB
1763450.7966,5907537.8971,846566,,524301,0,0,0,3,0,Null,2023/2024,GRAY AVENUE,ROSELLA ROAD,,Minor Crash,No,2023,0,West,0,0,0,Flat,0,,0,,0,Overcast,749002,1,0,0,2,0,0,0,0,1,,0,0,Auckland Region,Nil,2-way,Sealed,0,0,0,0,50,0,Off,0,0,,76,Auckland,Give way,0,0,0,0,0,0,Urban,0,0,0,Fine,Null
1745951.1725,5912161.5649,846572,,511002,0,0,0,1,0,Null,2022/2023,KOTINGA AVENUE,PUKETITIRO STREET,,Minor Crash,No,2023,0,South,0,0,1,Hill Road,0,,0,,0,Twilight,284702,1,0,0,2,0,0,0,0,0,,0,0,Auckland Region,Nil,2-way,Sealed,0,0,0,0,50,0,None,0,0,,76,Auckland,Nil,0,0,0,0,0,0,Urban,0,0,0,Light rain,Null
1745063.0114,5914606.2065,846574,,512903,0,0,0,2,0,North,2023/2024,SEYMOUR ROAD,BORICH ROAD,,Non-Injury Crash,No,2023,0,South,0,0,0,Flat,0,,0,,0,Dark,278103,0,0,0,2,0,0,0,0,1,,0,0,Auckland Region,Nil,2-way,Sealed,0,0,0,0,50,0,On,0,0,,76,Auckland,Nil,0,0,0,0,0,0,Urban,0,0,0,Fine,Null
1753526.1225,5927093.3199,846578,,508210,0,0,0,2,0,North,2022/2023,GLENFIELD ROAD,ROBERTS ROAD,,Non-Injury Crash,No,2023,0,North,0,0,0,Flat,0,,0,,0,Twilight,187300,0,0,0,2,0,0,0,0,2,,0,0,Auckland Region,Nil,2-way,Sealed,0,0,0,0,50,0,On,0,0,,76,Auckland,Nil,0,0,0,0,0,0,Urban,0,0,0,Fine,Null
1762541.31,5912720.3134,846588,,520500,0,,0,2,,Null,2022/2023,GREAT SOUTH ROAD,GREAT SOUTH ROAD,,Non-Injury Crash,No,2023,,North,,0,,Flat,,,,,,Bright sun,637300,0,0,0,4,,,0,,,,,,Auckland Region,Nil,2-way,Sealed,,0,0,,50,,Off,0,0,,76,Auckland,Nil,,,,,0,0,Urban,0,,,Fine,Null
1742755.3662,5917114.738,846589,,513220,0,0,0,1,0,North,2023/2024,LAKE PANORAMA DRIVE,WYCHWOOD AVENUE,,Non-Injury Crash,No,2024,0,North,0,0,0,Hill Road,0,Christmas New Year,0,,0,Dark,237000,0,0,0,2,0,0,0,0,0,,0,0,Auckland Region,Nil,2-way,Sealed,0,0,0,0,50,0,On,0,0,,76,Auckland,Nil,0,0,0,1,0,0,Urban,0,0,0,Fine,Null
1772602.2555,5890474.866,846592,,521302,0,,0,1,,Null,2025/2026,BURTT ROAD,PITT ROAD,,Serious Crash,No,2025,,East,,0,,Flat,,,,,,Bright sun,807500,0,0,0,2,,,0,,,,,,Auckland Region,Nil,2-way,Sealed,,0,1,,80,,None,1,0,,76,Auckland,Give way,,,,,0,0,Open,0,,,Fine,Null
1779832.9326,5887091.6514,846593,,521132,0,,0,1,,East,2023/2024,ARARIMU ROAD,HIWINUI ROAD,,Non-Injury Crash,No,2024,,South,,0,,Hill Road,,Easter,,,,Dark,814502,0,0,0,2,,,0,,,,,,Auckland Region,Nil,2-way,Sealed,,0,0,,80,,None,0,0,,76,Auckland,Nil,,,,,0,0,Open,0,,,Light rain,Null
1756326.1058,5927356.3056,846596,,507900,0,,0,4,,North,2022/2023,NORTHERN MOTORWAY,NORTHCOTE OBR,,Minor Crash,Yes,2023,,South,,0,,Flat,,,,,,Overcast,305202,1,0,0,3,,,0,,,,,,Auckland Region,Nil,1-way,Sealed,,0,0,,100,,On,0,0,,76,Auckland,Nil,,,,,0,0,Open,0,,,Fine,Null
1764928.5523,5915777.4659,846597,,520301,0,,0,2,,North,2024/2025,MORRIN ROAD,TAINUI ROAD,,Serious Crash,No,2024,,North,,0,,Flat,,,,,,Dark,627800,3,0,0,2,,,0,,,,,,Auckland Region,Nil,2-way,Sealed,,0,1,,50,,On,0,0,,76,Auckland,Nil,,,,,0,0,Urban,0,,,Fine,Null
1754246.7117,5919584.1507,846600,,515100,0,0,0,3,0,South,2025/2026,RICHMOND ROAD,HOPE STREET,,Non-Injury Crash,No,2025,0,South,0,0,0,Hill Road,0,,0,,0,Overcast,401300,0,0,0,2,0,0,0,0,2,,0,0,Auckland Region,Nil,2-way,Sealed,0,0,0,0,50,0,Off,0,0,,76,Auckland,Nil,0,0,0,0,0,0,Urban,0,0,0,Fine,Null
1763002.2878,5920649.1956,846601,,516400,0,0,0,1,0,West,2023/2024,TAMAKI DRIVE,ATKIN AVENUE,,Non-Injury Crash,No,2023,0,North,0,0,1,Flat,0,,0,,0,Bright sun,498801,0,0,0,2,0,0,0,0,0,,0,0,Auckland Region,Nil,2-way,Sealed,0,0,0,0,50,0,Off,0,0,,76,Auckland,Nil,0,0,0,0,0,0,Urban,0,0,0,Fine,Null
1754277.1416,5935966.1134,846604,,508704,0,,0,2,,West,2023/2024,OTEHA VALLEY ROAD,GREAT SOUTH ROAD,,Minor Crash,No,2023,,North,,0,,Hill Road,,,,,,Overcast,178602,1,0,0,5,,,0,,,,,,Auckland Region,Nil,2-way,Sealed,,0,0,,50,,Off,0,0,,76,Auckland,Nil,,,,,0,0,Urban,0,,,Fine,Null
1755055.1214,5928897.1446,846612,,508320,0,,1,0,,South,2023/2024,DIANA DRIVE,WAIRAU ROAD,,Serious Crash,No,2023,,West,,0,,Flat,,,,,,Overcast,196700,0,0,0,2,,,0,,,1,,,Auckland Region,Nil,2-way,Sealed,,0,1,,50,,Off,0,0,,76,Auckland,Nil,,,,,0,0,Urban,0,,,Light rain,Null
1766857.0339,5903837.9054,846616,,524604,0,0,0,1,0,Null,2024/2025,LAMBIE DRIVE,LAMBIE DRIVE ON RAMP,,Non-Injury Crash,No,2025,0,North,0,0,0,Flat,1,,0,,0,Dark,780210,0,0,0,2,0,0,0,0,0,,0,0,Auckland Region,Motorway ramp,1-way,Sealed,0,0,0,0,50,0,On,0,0,,76,Auckland,Give way,0,0,0,0,0,0,Urban,0,0,0,Light rain,Null
1775725.3713,5898235.797,846621,,523813,0,0,0,1,0,Null,2023/2024,HAMLIN ROAD,PAPAKURA-CLEVEDON ROAD,,Non-Injury Crash,No,2023,0,South,0,0,1,Flat,0,,0,,0,Bright sun,761601,0,0,0,2,0,0,0,0,0,,0,0,Auckland Region,Nil,2-way,Sealed,0,0,0,0,80,0,Off,0,0,,76,Auckland,Stop,0,0,0,0,0,0,Open,0,0,0,Fine,Null
1738599.1399,5926493.0036,846632,,505605,0,0,0,1,0,East,2024/2025,WAITAKERE ROAD,WAITAKERE ROAD,,Non-Injury Crash,No,2025,0,South,1,0,0,Flat,0,,0,,0,Dark,215201,0,0,0,2,0,0,0,0,0,,0,0,Auckland Region,Nil,2-way,Sealed,0,0,0,0,80,0,None,0,0,,76,Auckland,Nil,0,0,0,0,0,0,Open,0,0,0,Light rain,Null
1755262.3273,5914458.1505,846633,,518500,0,0,0,2,0,East,2023/2024,KEYSTONE AVENUE,DOMINION ROAD,,Non-Injury Crash,No,2023,0,East,0,0,0,Flat,0,,0,,0,Dark,561000,0,0,0,2,0,0,0,0,1,,0,0,Auckland Region,Nil,2-way,Sealed,0,0,0,0,50,0,On,0,0,,76,Auckland,Nil,0,0,0,0,0,0,Urban,0,0,0,Fine,Null
1754196.8691,5918874.8931,846637,,515431,0,,0,2,,Null,2023/2024,SURREY CRESCENT,BULLOCK TRACK,,Minor Crash,No,2023,,West,,0,,Hill Road,,,,,,Overcast,403300,1,0,0,2,,,0,,,,,,Auckland Region,Nil,2-way,Sealed,,0,0,,50,,Off,0,0,40,76,Auckland,Give way,,,,,0,0,Urban,0,,,Light rain,Strong wind
1770474.8178,5904567.5033,846646,,523820,0,,0,2,,Null,2022/2023,REDOUBT ROAD,MURPHYS ROAD,,Non-Injury Crash,No,2023,,East,,0,,Hill Road,,,,,,Overcast,760000,0,0,0,2,,,0,,,,,,Auckland Region,Nil,2-way,Sealed,,0,0,,60,,Off,1,0,,76,Auckland,Give way,,,,,0,0,Urban,0,,,Fine,Null
1758275.8098,5916879.8545,846648,,519200,0,,0,0,,Null,2024/2025,MOUNT ST JOHN AVENUE,MANUKAU ROAD,,Non-Injury Crash,No,2025,,West,,0,,Null,,,,,,Unknown,613900,0,0,0,2,,,0,,,,,,Auckland Region,Nil,2-way,Sealed,,0,0,,30,,Null,1,0,,76,Auckland,Give way,,,,,0,0,Urban,1,,,Fine,Null
1757798.5078,5916325.8146,846649,,515801,0,0,0,0,0,South,2023/2024,GILLIES AVENUE,KOHIA TERRACE,,Non-Injury Crash,No,2024,0,South,0,0,0,Flat,0,,0,,0,Dark,445400,0,0,0,2,0,0,0,0,0,,0,1,Auckland Region,Nil,2-way,Sealed,0,0,0,0,50,0,On,1,0,,76,Auckland,Nil,0,1,0,0,0,0,Urban,0,0,0,Fine,Null
1761418.9748,5917250.9744,846658,,516202,0,0,0,2,0,East,2023/2024,VENTNOR ROAD,UPLAND ROAD,,Minor Crash,No,2023,0,West,0,0,0,Flat,0,,0,,0,Bright sun,488600,1,0,0,2,0,0,0,0,1,,0,0,Auckland Region,Nil,2-way,Sealed,0,0,0,0,50,0,Off,0,0,,76,Auckland,Nil,0,0,0,0,0,0,Urban,0,0,0,Fine,Null
1752525.096,5933323.7443,846672,,508701,0,,0,1,,Null,2025/2026,MERCARI WAY,MT LEBANON LANE,,Non-Injury Crash,No,2025,,South,,0,,Null,,,,,,Unknown,178900,0,0,0,1,,,0,,,,,,Auckland Region,Nil,1-way,Sealed,,0,0,,50,,Null,0,0,,76,Auckland,Give way,,,,,0,1,Urban,0,,,Null,Null
1764005.6646,5904320.0973,846682,,522100,0,0,0,0,0,North,2023/2024,SOUTH-WESTERN MOTORWAY,PUHINUI OBR,,Non-Injury Crash,Yes,2023,0,South,0,0,0,Flat,1,,0,,0,Bright sun,781001,0,0,0,2,0,0,0,0,0,,0,0,Auckland Region,Bridge,1-way,Sealed,0,0,0,0,100,0,Null,0,0,,76,Auckland,Nil,0,0,0,0,1,0,Open,0,0,0,Fine,Null
1755716.2238,5918355.4797,846686,,515500,0,,0,2,,East,2023/2024,NORTH-WESTERN MOTORWAY,BOND OBR,,Non-Injury Crash,Yes,2023,,East,,0,,Flat,,,,,,Bright sun,419400,0,0,0,4,,,0,,,,,,Auckland Region,Nil,1-way,Sealed,,0,0,,80,,Off,0,0,,76,Auckland,Nil,,,,,0,0,Open,0,,,Fine,Null
1764642.1831,5905701.9038,846693,,522100,0,,0,3,,Null,2023/2024,WYLLIE ROAD,STATION ROAD,,Minor Crash,No,2023,,North,,0,,Hill Road,,Christmas New Year,,,,Overcast,659702,1,0,0,2,,,0,,,,,,Auckland Region,Nil,2-way,Sealed,,0,0,,50,,Off,0,0,,76,Auckland,Traffic Signals,,,,,0,0,Urban,0,,,Fine,Strong wind
1758880.086,5911931.2276,846697,,519820,0,0,0,0,0,East,2023/2024,PRINCES STREET,SELWYN STREET,,Non-Injury Crash,No,2023,0,West,0,0,0,Flat,0,,0,,0,Overcast,602300,0,0,0,3,0,0,0,0,0,,0,1,Auckland Region,Nil,2-way,Sealed,0,0,0,0,50,0,Off,0,0,,76,Auckland,Nil,0,0,0,0,1,0,Urban,0,0,0,Heavy rain,Null
1742775.0061,5922042.4522,846701,,513622,0,,0,1,,Null,2022/2023,RED HILLS ROAD,DON BUCK ROAD,,Non-Injury Crash,No,2023,,West,,0,,Flat,,,,,,Bright sun,226700,0,0,0,2,,,0,,,,,,Auckland Region,Nil,2-way,Sealed,,0,0,,50,,None,1,0,,76,Auckland,Give way,,,,,0,0,Urban,0,,,Fine,Null
1770471.949,5904568.8658,846704,,523820,0,,0,1,,Null,2025/2026,REDOUBT ROAD,MURPHYS ROAD,,Non-Injury Crash,No,2025,,East,,0,,Flat,,,,,,Bright sun,760000,0,0,0,2,,,0,,,,,,Auckland Region,Nil,2-way,Sealed,,0,0,,60,,Null,0,0,,76,Auckland,Stop,,,,,1,0,Urban,0,,,Fine,Null
1753053.7885,5934788.7075,846706,,508704,0,,0,1,,South,2023/2024,OTEHA VALLEY ROAD ON RAMP,OTEHA VALLEY ROAD,,Non-Injury Crash,No,2023,,South,,0,,Hill Road,,,,,,Overcast,179113,0,0,0,1,,,0,,,,,,Auckland Region,Motorway ramp,1-way,Sealed,,0,0,,100,,Off,0,0,,76,Auckland,Traffic Signals,,,,,0,0,Open,1,,,Fine,Null
1754298.0671,5918575.9769,846709,,515431,0,,0,4,,East,2024/2025,GREAT NORTH ROAD,TUARANGI ROAD,,Minor Crash,No,2024,,East,,0,,Flat,,,,,,Bright sun,405300,1,0,0,4,,,0,,,,,,Auckland Region,Nil,2-way,Sealed,,0,0,,50,,Off,1,0,,76,Auckland,Nil,,,,,0,0,Urban,0,,,Fine,Null
1768379.1207,5899370.1025,846713,,525102,0,0,0,1,0,East,2023/2024,MAHIA ROAD,THOMPSON TERRACE,,Non-Injury Crash,No,2023,0,West,0,0,1,Flat,0,,0,,0,Dark,769401,0,0,0,2,0,0,0,0,0,,0,0,Auckland Region,Nil,2-way,Sealed,0,0,0,0,50,0,On,0,0,,76,Auckland,Nil,0,0,0,1,0,0,Urban,0,0,0,Fine,Null
1766166.8621,5904572.4198,846717,,524603,0,,0,1,,West,2023/2024,CAVENDISH DRIVE,NORMAN SPENCER DRIVE,,Non-Injury Crash,No,2023,,East,,0,,Flat,,,,,,Bright sun,674500,0,0,0,4,,,0,,,,,,Auckland Region,Nil,2-way,Sealed,,0,0,,50,,Off,0,0,,76,Auckland,Nil,,,,,0,0,Urban,1,,,Fine,Null
1751880.8145,5930863.8876,846722,,508806,0,,0,0,,Null,2022/2023,ALBANY HIGHWAY,BUSH ROAD,,Non-Injury Crash,No,2023,,North,,0,,Flat,,,,,,Bright sun,180106,0,0,0,2,,,0,,,,,,Auckland Region,Nil,1-way,Sealed,,0,0,,50,,Off,1,0,,76,Auckland,Traffic Signals,,,,,0,0,Urban,1,,,Fine,Null
1756175.2338,5920923.3696,846726,,515202,0,1,0,1,0,East,2023/2024,NORTHERN MOTORWAY,FANSHAWE STREET ON RAMP,,Non-Injury Crash,Yes,2023,0,North,0,0,0,Flat,0,,0,,0,Dark,426101,0,0,0,3,0,0,0,0,0,,0,0,Auckland Region,Tunnel,1-way,Sealed,0,0,0,0,80,0,On,0,0,,76,Auckland,Nil,0,0,0,0,0,0,Open,0,0,0,Fine,Null
1757021.4631,5919866.5428,846728,,514102,0,0,0,2,0,West,2024/2025,GREYS AVENUE,MAYORAL DRIVE,,Non-Injury Crash,No,2025,0,West,0,0,0,Hill Road,0,,0,,0,Dark,435202,0,0,0,2,0,0,0,0,1,,0,0,Auckland Region,Nil,2-way,Sealed,0,0,0,0,30,0,On,0,0,,76,Auckland,Nil,0,0,0,0,0,0,Urban,0,0,0,Fine,Null
1758194.9585,5928660.9889,846737,,507800,0,0,0,2,0,West,2023/2024,KITCHENER ROAD,TIRI ROAD,,Non-Injury Crash,No,2023,0,West,0,0,0,Flat,0,,0,,0,Bright sun,308800,0,0,0,2,0,0,0,0,1,,0,0,Auckland Region,Nil,2-way,Sealed,0,0,0,0,50,0,Off,0,0,,76,Auckland,Nil,0,0,0,0,0,0,Urban,0,0,0,Fine,Null
1764391.0562,5906098.0518,846740,,524303,0,,0,2,,South,2022/2023,STATION ROAD,PEVERILL CRESCENT,,Minor Crash,No,2023,,South,,0,,Hill Road,,,,,,Dark,657300,1,0,0,2,,,0,,,,,,Auckland Region,Nil,2-way,Sealed,,0,0,,50,,On,0,0,,76,Auckland,Nil,,,,,0,0,Urban,0,,,Fine,Null
1761391.786,5912214.2349,846750,,519500,0,,0,1,,North,2023/2024,NEILSON STREET,RAILFREIGHT ENT,,Serious Crash,No,2023,,East,,0,,Flat,,,,,,Overcast,622300,0,0,1,2,,,0,,,,,,Auckland Region,Nil,2-way,Sealed,,0,1,,50,,Off,0,0,,76,Auckland,Nil,,,,,0,0,Urban,0,,,Light rain,Null
1742229.4206,5918369.2484,846752,,513214,0,0,0,2,0,South,2025/2026,SIMPSON ROAD,MACROCARPA PLACE,,Minor Crash,No,2025,0,South,1,0,0,Hill Road,0,,0,,0,Bright sun,236201,1,0,0,2,0,0,0,0,1,,0,0,Auckland Region,Nil,2-way,Sealed,0,0,0,0,50,0,None,0,0,,76,Auckland,Nil,0,0,0,0,0,0,Urban,0,0,0,Fine,Null
1747461.7741,5914685.3166,846756,,511100,0,,0,2,,South,2022/2023,GLENVIEW ROAD,GREAT NORTH ROAD,,Minor Crash,No,2023,,North,,0,,Flat,,,,,,Twilight,284800,1,0,0,2,,,0,,,,,,Auckland Region,Nil,2-way,Sealed,,0,0,,50,,On,0,0,,76,Auckland,Nil,,,,,0,0,Urban,0,,,Fine,Null
1768431.3513,5901494.2437,846758,,525001,0,0,0,1,0,North,2022/2023,GREAT SOUTH ROAD,CORIN AVENUE,,Non-Injury Crash,No,2023,0,North,0,0,1,Flat,0,,0,,0,Dark,751300,0,0,0,2,0,0,0,0,0,,0,0,Auckland Region,Nil,2-way,Sealed,0,0,0,0,50,0,On,0,0,,76,Auckland,Nil,0,0,0,0,0,0,Urban,0,0,0,Fine,Null
1765801.6065,5908072.4729,846761,,522301,0,0,0,1,0,South,2023/2024,SOUTHERN MOTORWAY,BAIRDS OBR,,Non-Injury Crash,Yes,2023,0,North,0,0,0,Flat,1,,0,,0,Dark,696805,0,0,0,3,0,0,0,0,0,,0,0,Auckland Region,Nil,1-way,Sealed,0,0,0,0,100,0,On,0,0,,76,Auckland,Nil,0,0,0,0,0,0,Open,0,0,0,Fine,Null
1743935.346,5915397.7523,846765,,513013,0,,0,2,,North,2023/2024,HENDERSON VALLEY ROAD,MISTY VALLEY DRIVE,,Non-Injury Crash,No,2023,,North,,0,,Flat,,,,,,Overcast,281402,0,0,0,2,,,0,,,,,,Auckland Region,Nil,2-way,Sealed,,0,0,,50,,Off,0,0,,76,Auckland,Nil,,,,,0,0,Urban,0,,,Fine,Null
1768207.3707,5902387.9366,846777,,525001,0,,0,2,,South,2023/2024,GREAT SOUTH ROAD,ORAMS ROAD,,Non-Injury Crash,No,2024,,South,,0,,Flat,,,,,,Bright sun,750800,0,0,0,2,,,0,,,,,,Auckland Region,Nil,2-way,Sealed,,0,0,,50,,Off,0,0,,76,Auckland,Nil,,,,,0,0,Urban,0,,,Fine,None
1763004.5803,5920641.3854,846778,,516400,0,0,0,0,0,West,2023/2024,TAMAKI DRIVE,ATKIN AVENUE,,Non-Injury Crash,No,2023,0,South,0,0,0,Flat,0,,0,,0,Dark,498801,0,0,0,2,0,0,0,0,0,,0,0,Auckland Region,Nil,2-way,Sealed,0,0,0,0,50,0,On,1,0,,76,Auckland,Nil,0,1,0,1,0,0,Urban,0,0,0,Fine,Null
1766527.5201,5913240.7241,846782,,522920,0,,0,1,,Null,2023/2024,TI RAKAU DRIVE,TI RAKAU DRIVE,,Minor Crash,No,2023,,North,,0,,Flat,,,,,,Overcast,683900,1,0,1,4,,,0,,,,,,Auckland Region,Nil,2-way,Sealed,,0,0,,50,,Off,0,0,,76,Auckland,Nil,,,,,0,0,Urban,0,,,Fine,Null
1770179.2942,5899096.7465,846785,45,523911,0,,0,1,,North,2023/2024,GREAT SOUTH ROAD,CHALLEN CLOSE,,Non-Injury Crash,No,2024,,North,,0,,Flat,,Christmas New Year,,,,Bright sun,768100,0,0,0,4,,,0,,,,,,Auckland Region,Nil,2-way,Sealed,,0,0,,50,,Off,0,0,,76,Auckland,Nil,,,,,0,0,Urban,0,,,Fine,None
1761728.6589,5906580.4051,846792,,524520,0,,0,2,,Null,2025/2026,MASSEY ROAD OFF RAMP,MASSEY ROAD,,Non-Injury Crash,No,2025,,East,,0,,Hill Road,,,,,,Dark,736300,0,0,0,1,,,0,,,,,,Auckland Region,Motorway ramp,1-way,Sealed,,0,0,,50,,On,0,0,,76,Auckland,Traffic Signals,,,,,0,0,Urban,0,,,Fine,Null
1759554.0128,5913019.9157,846793,,519720,0,0,0,1,0,Null,2023/2024,MOUNT SMART ROAD,VICTORIA STREET,,Non-Injury Crash,No,2024,0,East,0,0,0,Flat,0,,0,,0,Dark,594400,0,0,0,2,0,0,0,0,0,,0,1,Auckland Region,Nil,2-way,Sealed,0,0,0,0,50,0,On,0,0,,76,Auckland,Stop,0,0,0,0,0,0,Urban,0,0,0,Fine,Null
1766014.4063,5906174.1112,846806,,522202,0,0,0,3,0,South,2022/2023,CENTRAL AVENUE,GREAT SOUTH ROAD,,Serious Crash,No,2023,0,North,0,0,0,Flat,0,,0,,0,Dark,665200,0,0,0,2,0,0,0,0,1,,0,0,Auckland Region,Nil,2-way,Sealed,0,0,1,0,50,0,On,0,0,,76,Auckland,Nil,0,0,0,0,0,0,Urban,0,0,0,Fine,Null
1747126.3521,5922135.3509,846813,,512202,0,0,0,1,0,Null,2024/2025,TE ATATU ROAD,ENDERBY DRIVE,,Non-Injury Crash,No,2024,0,North,0,0,0,Flat,0,,0,,0,Dark,248400,0,0,0,2,0,0,0,0,1,,0,0,Auckland Region,Nil,2-way,Sealed,0,0,0,0,50,0,On,0,0,,76,Auckland,Give way,0,0,0,0,0,0,Urban,1,0,0,Fine,Null
1751531.9999,5912476.9961,846825,,514700,0,,0,2,,North,2023/2024,BLOCKHOUSE BAY ROAD,EXMINSTER STREET,,Non-Injury Crash,No,2023,,South,,0,,Flat,,,,,,Overcast,369900,0,0,0,2,,,0,,,,,,Auckland Region,Nil,2-way,Sealed,,0,0,,50,,Off,0,0,,76,Auckland,Nil,,,,,0,0,Urban,0,,,Null,None
1766679.0387,5912942.8955,846830,,522910,0,,0,1,,Null,2022/2023,REEVES ROAD,TI RAKAU DRIVE,,Non-Injury Crash,No,2023,,South,,0,,Flat,,,,,,Bright sun,684000,0,0,0,4,,,0,,,,,,Auckland Region,Nil,2-way,Sealed,,0,0,,50,,Off,1,0,,76,Auckland,Traffic Signals,,,,,0,0,Urban,1,,,Fine,Null
1764557.4035,5913626.5253,846834,,520602,0,,0,1,,North,2023/2024,PETERSON ROAD,WAIPUNA ROAD,,Minor Crash,No,2023,,North,,0,,Hill Road,,,,,,Bright sun,629204,1,0,0,2,,,0,,,1,,,Auckland Region,Nil,2-way,Sealed,,0,0,,50,,Off,0,0,,76,Auckland,Nil,,,,,0,0,Urban,0,,,Fine,Null
1759027.906,5910148.6908,846841,45,524002,0,0,0,3,0,West,2023/2024,CHURCH ROAD,CORONATION ROAD,,Non-Injury Crash,No,2024,0,West,0,0,0,Hill Road,0,,0,,0,Dark,721800,0,0,0,2,0,1,0,0,1,,0,0,Auckland Region,Overpass,2-way,Sealed,0,0,0,0,50,0,On,0,0,,76,Auckland,Nil,0,0,0,0,0,0,Urban,1,0,0,Mist or Fog,Null
1767923.8535,5883414.6504,846853,,521111,0,0,0,1,0,East,2023/2024,HEIGHTS ROAD,BEATTY ROAD,,Non-Injury Crash,No,2024,0,West,1,0,0,Hill Road,0,,0,,0,Twilight,826601,0,0,0,2,0,0,0,0,0,,0,0,Auckland Region,Nil,2-way,Sealed,0,0,0,0,80,0,Off,0,0,,76,Auckland,Nil,0,0,0,0,0,0,Open,0,0,0,Fine,Null
1764225.9084,5909906.7615,846857,,521901,0,0,0,2,0,South,2024/2025,ATKINSON AVENUE,KING STREET,,Non-Injury Crash,No,2024,0,South,0,0,0,Flat,0,,0,,0,Bright sun,783900,0,0,0,2,0,0,0,0,1,,0,0,Auckland Region,Nil,2-way,Sealed,0,0,0,0,50,0,None,0,0,,76,Auckland,Nil,0,0,0,0,0,0,Urban,0,0,0,Fine,None
1759105.636,5910163.8129,846860,,524002,1,,0,1,,Null,2022/2023,CHURCH ROAD,CORONATION ROAD,,Minor Crash,No,2023,,West,,0,,Flat,,,,,,Bright sun,721800,1,0,0,2,,,0,,,,,,Auckland Region,Speed hump,2-way,Sealed,,0,0,,50,,Off,0,0,,76,Auckland,Give way,,,,,0,0,Urban,0,,,Fine,Null
1748195.8572,5913966.1272,846865,,511100,0,,0,2,,South,2022/2023,WEST COAST ROAD,GREAT NORTH ROAD,,Non-Injury Crash,No,2023,,North,,0,,Flat,,,,,,Overcast,285800,0,0,0,3,,,0,,,,,,Auckland Region,Nil,2-way,Sealed,,0,0,,50,,Off,0,0,,76,Auckland,Nil,,,,,0,0,Urban,0,,,Heavy rain,None
1760097.2258,5915922.4004,846869,,516002,0,,0,2,,Null,2023/2024,GREEN LANE EAST,GREEN LANE EAST ON RAMP,,Non-Injury Crash,No,2023,,East,,0,,Flat,,,,,,Bright sun,492100,0,0,0,2,,,0,,,,,,Auckland Region,Motorway ramp,1-way,Sealed,,0,0,,50,,Off,0,0,,76,Auckland,Give way,,,,,0,0,Urban,0,,,Fine,Null
1753442.7435,5914106.4674,846872,,514500,0,0,0,1,0,South,2025/2026,RICHARDSON ROAD,WELSH STREET,,Non-Injury Crash,No,2025,0,South,0,0,0,Flat,0,,0,,0,Dark,375900,0,0,0,2,0,0,0,0,1,,0,0,Auckland Region,Nil,2-way,Sealed,0,0,0,0,50,0,On,1,0,,76,Auckland,Nil,0,0,0,0,0,0,Urban,0,0,0,Fine,Null
1770601.6333,5906151.7069,846873,,523712,0,0,0,1,0,West,2023/2024,CASTLEDERG DRIVE,KILTOLE DRIVE,,Minor Crash,No,2024,0,North,0,0,0,Flat,0,,0,,1,Dark,713300,1,0,0,2,0,0,0,0,0,,0,0,Auckland Region,Nil,2-way,Sealed,0,0,0,0,50,0,On,0,0,,76,Auckland,Nil,0,0,0,1,0,0,Urban,0,0,0,Fine,Null
1754409.8275,5918340.4954,846881,,517600,0,0,0,3,0,East,2023/2024,NORTH-WESTERN MOTORWAY,ST LUKES ROAD OFF RAMP,,Non-Injury Crash,Yes,2023,0,West,0,0,0,Flat,1,Christmas New Year,0,,0,Dark,533000,0,0,0,4,0,0,0,0,0,,0,0,Auckland Region,Nil,1-way,Sealed,0,0,0,0,80,0,On,0,0,,76,Auckland,Nil,0,0,0,0,0,0,Open,0,0,0,Fine,Null
1751993.8958,5918900.7721,846888,,515001,0,0,0,0,0,North,2024/2025,POINT CHEVALIER ROAD,MEOLA ROAD,,Minor Crash,No,2024,0,South,0,0,0,Flat,0,,0,,0,Bright sun,393800,1,0,0,2,0,0,0,0,0,,0,1,Auckland Region,Nil,2-way,Sealed,0,0,0,0,50,0,Off,0,0,30,76,Auckland,Nil,0,0,0,0,0,0,Urban,1,0,0,Fine,Null
1766649.9952,5912921.7682,846889,,522920,0,0,0,1,0,Null,2022/2023,PAKURANGA HIGHWAY,TI RAKAU DRIVE,,Non-Injury Crash,No,2023,0,East,0,0,0,Flat,0,,0,,0,Bright sun,683900,0,0,0,5,0,0,0,0,0,,0,0,Auckland Region,Nil,2-way,Sealed,0,0,0,0,60,0,Off,0,0,,76,Auckland,Traffic Signals,0,1,0,0,0,0,Urban,0,0,0,Fine,Null
1762292.0996,5913487.8808,846896,,520402,0,,0,3,,South,2023/2024,SOUTHERN MOTORWAY,PENROSE OBR,,Non-Injury Crash,Yes,2023,,South,,0,,Flat,,,,,,Overcast,642200,0,0,0,3,,,0,,,,,,Auckland Region,Nil,1-way,Sealed,,0,0,,100,,Off,1,0,,76,Auckland,Nil,,,,,0,0,Open,0,,,Heavy rain,Null