X,Y,OBJECTID,advisorySpeed,areaUnitID,bicycle,bridge,bus,carStationWagon,cliffBank,crashDirectionDescription,crashFinancialYear,crashLocation1,crashLocation2,crashRoadSideRoad,crashSeverity,crashSHDescription,crashYear,debris,directionRoleDescription,ditch,fatalCount,fence,flatHill,guardRail,holiday,houseOrBuilding,intersection,kerb,light,meshblockId,minorInjuryCount,moped,motorcycle,NumberOfLanes,objectThrownOrDropped,otherObject,otherVehicleType,overBank,parkedVehicle,pedestrian,phoneBoxEtc,postOrPole,region,roadCharacter,roadLane,roadSurface,roadworks,schoolBus,seriousInjuryCount,slipOrFlood,speedLimit,strayAnimal,streetLight,suv,taxi,temporarySpeedLimit,tlaId,tlaName,trafficControl,trafficIsland,trafficSign,train,tree,truck,unknownVehicleType,urban,vanOrUtility,vehicle,waterRiver,weatherA,weatherB
1760223.151,5889120.1059,846899,35,521122,0,0,0,0,0,South,2022/2023,KINGSEAT ROAD,SETTLEMENT ROAD,,Non-Injury Crash,No,2023,0,North,1,0,0,Hill Road,0,,0,,0,Overcast,811002,0,0,0,2,0,0,0,0,0,,0,0,Auckland Region,Nil,2-way,Sealed,0,0,0,0,50,0,None,1,0,,76,Auckland,Nil,0,0,0,0,0,0,Urban,0,0,0,Fine,Null
1755539.7441,5928979.2435,846900,,508320,0,,0,2,,South,2022/2023,NORTHERN MOTORWAY,TRISTRAM OBR,,Non-Injury Crash,Yes,2023,,North,,0,,Flat,,,,,,Dark,198500,0,0,0,3,,,0,,,,,,Auckland Region,Nil,1-way,Sealed,,0,0,,100,,On,0,0,,76,Auckland,Nil,,,,,0,0,Open,0,,,Fine,Null
1763865.7578,5910698.7483,846909,,521901,0,0,0,1,0,West,2022/2023,PORTAGE ROAD,ATKINSON AVENUE,,Minor Crash,No,2023,0,East,0,0,0,Flat,0,,0,,0,Bright sun,781600,1,0,0,2,0,0,0,0,1,,0,0,Auckland Region,Nil,2-way,Sealed,0,0,0,0,50,0,Off,0,0,,76,Auckland,Nil,0,0,0,0,1,0,Urban,0,0,0,Fine,Null
1743799.5221,5920782.8686,846919,,513632,0,0,0,1,0,South,2024/2025,ZITA MARIA DRIVE,DONOVAN AVENUE,,Non-Injury Crash,No,2025,0,South,0,0,1,Hill Road,0,,0,,0,Dark,229002,0,0,0,2,0,0,0,0,0,,0,0,Auckland Region,Nil,2-way,Sealed,0,0,0,0,50,0,On,0,0,,76,Auckland,Nil,0,0,0,0,0,0,Urban,0,0,0,Light rain,Null
1729654.8093,5940208.2389,846920,,506800,0,,0,1,,South,2023/2024,COMMERCIAL ROAD,GARFIELD ROAD,,Non-Injury Crash,Yes,2024,,South,,0,,Flat,,,,,,Overcast,208500,0,0,0,2,,,0,,,,,,Auckland Region,Nil,2-way,Sealed,,0,0,,50,,Off,1,0,,76,Auckland,Nil,,,,,0,0,Urban,0,,,Light rain,Null
1755315.7668,5921664.3658,846933,,515202,0,0,0,1,0,North,2022/2023,NORTHERN MOTORWAY,SHELLY BEACH OBR,,Minor Crash,Yes,2023,0,South,0,0,0,Flat,1,,0,,0,Overcast,423600,1,0,0,5,0,0,0,0,0,,0,0,Auckland Region,Nil,1-way,Sealed,0,0,0,0,80,0,Off,0,0,,76,Auckland,Nil,0,0,0,0,0,0,Open,0,0,0,Light rain,Null
1768589.6797,5900705.456,846944,,525001,0,,0,2,,Null,2023/2024,WEYMOUTH ROAD,ROGERS ROAD,,Non-Injury Crash,No,2023,,East,,0,,Flat,,,,,,Bright sun,752100,0,0,0,2,,,0,,,,,,Auckland Region,Nil,2-way,Sealed,,0,0,,50,,Off,0,0,,76,Auckland,Give way,,,,,0,0,Urban,0,,,Fine,Null
1764298.2893,5914938.6121,846951,,520303,0,,0,1,,Null,2025/2026,ELLERSLIE-PANMURE HIGHWAY,MOUNTAIN ROAD,,Minor Crash,No,2025,,East,,0,,Hill Road,,,,,,Overcast,627500,1,0,0,4,,,0,,,,,,Auckland Region,Nil,2-way,Sealed,,0,0,,50,,Off,0,0,,76,Auckland,Give way,,,,,0,0,Urban,1,,,Fine,Null
1764355.4679,5908780.64,846953,,521901,0,,0,2,,Null,2022/2023,GREAT SOUTH ROAD,JELLICOE STREET,,Fatal Crash,No,2023,,South,,1,,Hill Road,,,,,,Dark,785500,0,0,0,4,,,0,,,,,,Auckland Region,Nil,2-way,Sealed,,0,4,,50,,On,0,0,,76,Auckland,Stop,,,,,0,0,Urban,0,,,Fine,Null
1752373.5584,5916313.0087,846956,,517901,0,0,0,2,0,Null,2022/2023,WOODWARD ROAD,WILLCOTT STREET,,Non-Injury Crash,No,2023,0,North,0,0,0,Flat,0,,0,,0,Bright sun,523400,0,0,0,2,0,0,0,0,0,,0,0,Auckland Region,Nil,2-way,Sealed,0,0,0,0,50,0,Off,0,0,,76,Auckland,Stop,0,1,0,0,0,0,Urban,1,0,0,Fine,Null
1748925.6749,5970209.5848,846957,,505500,0,,0,1,,Null,2022/2023,WHITAKER ROAD,PALMER STREET,,Minor Crash,No,2023,,West,,0,,Flat,,,,,,Bright sun,140300,1,0,0,2,,,0,,,1,,,Auckland Region,Nil,2-way,Sealed,,0,0,,50,,Off,0,0,,76,Auckland,Stop,,,,,0,0,Urban,0,,,Fine,Null
1748699.9375,5911301.9718,846988,,512100,0,0,0,1,0,East,2023/2024,GODLEY ROAD,STOTTHOLM ROAD,,Non-Injury Crash,No,2024,0,West,0,0,0,Flat,0,,0,,0,Dark,290701,0,0,0,2,0,0,0,0,3,,0,0,Auckland Region,Nil,2-way,Sealed,0,0,0,0,50,0,On,2,0,,76,Auckland,Nil,0,0,0,0,0,0,Urban,1,0,0,Fine,Null
1755063.3638,5927757.5166,847001,,508620,0,,0,0,,South,2022/2023,SUNNYBRAE ROAD,ARCHERS ROAD,,Minor Crash,No,2023,,South,,0,,Flat,,,,,,Bright sun,202700,1,1,0,2,,,0,,,,,,Auckland Region,Nil,2-way,Sealed,,0,0,,50,,Off,0,0,,76,Auckland,Nil,,,,,0,0,Urban,1,,,Fine,Null
1756992.3802,5913753.3731,847007,,518600,0,,0,2,,Null,2024/2025,MOUNT ALBERT ROAD,HILLSBOROUGH ROAD,,Non-Injury Crash,No,2025,,North,,0,,Flat,,,,,,Bright sun,564700,0,0,0,2,,,0,,,,,,Auckland Region,Nil,2-way,Sealed,,0,0,,50,,None,0,0,,76,Auckland,Traffic Signals,,,,,0,0,Urban,0,,,Fine,Frost
1751935.5437,5919001.0846,847016,,515001,0,,1,1,,Null,2024/2025,POINT CHEVALIER ROAD,WAINUI AVENUE,,Minor Crash,No,2024,,South,,0,,Flat,,,,,,Dark,393800,1,0,0,2,,,0,,,,,,Auckland Region,Nil,2-way,Sealed,,0,0,,50,,On,0,0,,76,Auckland,Stop,,,,,0,0,Urban,0,,,Fine,Null
1750309.7305,5947241.9225,847019,,505806,0,,0,1,,Null,2023/2024,STELLA MARIS LANE,TOTARA VIEWS DRIVE,,Minor Crash,No,2023,,West,,0,,Hill Road,,,,,,Overcast,176505,1,0,0,2,,,0,,,1,,,Auckland Region,Speed hump,2-way,Sealed,,0,0,,50,,Off,0,0,,76,Auckland,Give way,,,,,0,0,Urban,0,,,Fine,Strong wind
1763374.7083,5909238.4359,847020,,521901,0,,0,2,,Null,2022/2023,WALMSLEY ROAD,KAKA STREET,,Non-Injury Crash,No,2023,,South,,0,,Flat,,,,,,Overcast,783000,0,0,0,4,,,0,,,,,,Auckland Region,Nil,2-way,Sealed,,0,0,,50,,Off,0,0,,76,Auckland,Traffic Signals,,,,,0,0,Urban,0,,,Fine,None
1768683.1622,5900523.3194,847021,,525002,0,0,0,1,0,North,2023/2024,ROGERS ROAD,BLOSSOM LANE,,Serious Crash,No,2023,0,South,0,0,0,Flat,0,,0,,1,Dark,752900,0,0,0,2,0,0,0,0,0,,0,1,Auckland Region,Speed hump,2-way,Sealed,0,0,1,0,30,0,On,0,0,,76,Auckland,Nil,0,1,0,0,0,0,Urban,0,0,0,Fine,Null
1744350.5025,5969009.7291,847024,,506613,0,0,0,1,0,Null,2023/2024,WOODCOCKS ROAD,OLD KAIPARA ROAD,,Non-Injury Crash,No,2024,0,North,0,0,1,Flat,0,,0,,0,Overcast,145500,0,0,0,2,0,0,0,0,0,,0,0,Auckland Region,Nil,2-way,Sealed,0,0,0,0,60,0,None,0,0,,76,Auckland,Give way,0,0,0,0,0,0,Urban,0,0,0,Light rain,Null
1747079.7608,5917293.4184,847033,,512500,0,0,0,1,0,Null,2022/2023,DIVICH AVENUE,FINLOW DRIVE,,Non-Injury Crash,No,2023,0,West,0,0,0,Flat,0,,0,,0,Bright sun,258901,0,0,0,2,0,0,0,0,0,,0,0,Auckland Region,Speed hump,2-way,Sealed,0,0,0,0,50,0,Off,0,0,,76,Auckland,Give way,0,1,0,0,0,0,Urban,0,0,0,Fine,Null
1771420.31,5901389.9037,847036,65,523813,0,0,0,2,0,South,2023/2024,ALFRISTON ROAD,RANFURLY ROAD,,Non-Injury Crash,No,2024,0,East,1,0,0,Flat,1,,0,,0,Dark,759800,0,0,0,2,0,0,0,0,0,,0,0,Auckland Region,Bridge,2-way,Sealed,0,0,0,0,80,0,On,0,0,,76,Auckland,Nil,0,0,0,0,0,0,Open,0,0,0,Fine,Null
1759438.1592,5925599.3732,847048,,508110,0,0,0,2,0,South,2024/2025,LAKE ROAD,EVERSLEIGH ROAD,,Serious Crash,No,2024,0,South,0,0,0,Flat,0,,0,,0,Overcast,319200,3,0,0,2,0,0,0,0,1,,0,0,Auckland Region,Nil,2-way,Sealed,0,0,1,0,50,0,Off,1,0,,76,Auckland,Nil,0,0,0,0,0,0,Urban,0,0,0,Fine,Null
1751666.1261,5916976.04,847056,,514900,0,,0,2,,Null,2023/2024,GREAT NORTH ROAD,ALVERSTON STREET,,Non-Injury Crash,No,2023,,North,,0,,Flat,,,,,,Bright sun,384701,0,0,0,4,,,0,,,,,,Auckland Region,Nil,2-way,Sealed,,0,0,,50,,Off,0,0,,76,Auckland,Traffic Signals,,,,,0,0,Urban,0,,,Fine,Null
1755284.4548,5929339.2853,847063,,508420,0,,0,1,,South,2025/2026,CROFTFIELD LANE,LINK DRIVE,,Minor Crash,No,2025,,South,,0,,Flat,,,,,,Bright sun,183800,2,0,0,2,,,0,,,,,,Auckland Region,Nil,2-way,Sealed,,0,0,,50,,None,1,0,,76,Auckland,Nil,,,,,0,0,Urban,0,,,Fine,Null
1748321.3598,5910194.0842,847064,,512000,0,0,0,1,0,South,2024/2025,WOOD BAY ROAD,TAKAHE ROAD,,Non-Injury Crash,No,2024,0,North,0,0,1,Hill Road,0,,0,,0,Bright sun,295700,0,0,0,2,0,0,0,0,0,,0,0,Auckland Region,Nil,2-way,Sealed,0,0,0,0,50,0,None,0,0,,76,Auckland,Nil,0,0,0,0,0,0,Urban,0,0,0,Fine,Null
1756976.08,5918759.8382,847065,,514301,0,,0,1,,Null,2022/2023,KHYBER PASS ROAD,SYMONDS STREET,,Serious Crash,No,2023,,West,,0,,Flat,,,,,,Overcast,441800,0,0,0,1,,,0,,,1,,,Auckland Region,Nil,1-way,Sealed,,0,1,,50,,Off,0,0,,76,Auckland,Give way,,,,,0,0,Urban,0,,,Fine,Null
1758128.6723,5917790.0965,847071,,515700,0,,0,2,,Null,2024/2025,GILLIES AVENUE,GILLIES AVENUE ON RAMP,,Non-Injury Crash,No,2025,,North,,0,,Flat,,,,,,Dark,443401,0,0,0,2,,,0,,,,,,Auckland Region,Motorway ramp,1-way,Sealed,,0,0,,50,,On,0,0,40,76,Auckland,Traffic Signals,,,,,0,0,Urban,0,,,Fine,Null
1757728.1181,5909642.1942,847073,,524001,0,0,0,2,0,South,2023/2024,AMBURY ROAD,WATERLEA AVENUE,,Minor Crash,No,2024,0,North,0,0,0,Flat,0,,0,,0,Bright sun,720800,1,0,0,2,0,0,0,0,1,,0,0,Auckland Region,Nil,2-way,Sealed,0,0,0,0,50,0,Off,0,0,,76,Auckland,Nil,0,0,0,0,0,0,Urban,0,0,0,Fine,Null
1751478.6205,5931484.4488,847076,,508807,0,,0,1,,North,2024/2025,PARKHEAD PLACE,ROTHWELL AVENUE,,Minor Crash,No,2024,,North,,0,,Hill Road,,,,,,Twilight,180301,1,0,0,2,,,0,,,1,,,Auckland Region,Nil,2-way,Sealed,,0,0,,50,,Off,0,0,,76,Auckland,Nil,,,,,0,0,Urban,0,,,Fine,Null
1742898.5147,5922200.633,847088,,513610,0,,0,2,,South,2023/2024,DON BUCK ROAD,TRIANGLE ROAD,,Non-Injury Crash,No,2024,,North,,0,,Flat,,,,,,Bright sun,226505,0,0,0,2,,,0,,,,,,Auckland Region,Nil,2-way,Sealed,,0,0,,50,,Off,0,0,,76,Auckland,Nil,,,,,0,0,Urban,0,,,Fine,Null
1775885.1541,5882257.8444,847091,,521160,0,,0,1,,South,2022/2023,SOUTHERN MOTORWAY,BOMBAY ON RAMP,,Non-Injury Crash,Yes,2023,,North,,0,,Flat,,,,,,Dark,827603,0,0,0,2,,,0,,,,,,Auckland Region,Nil,1-way,Sealed,,0,0,,100,,On,0,0,,76,Auckland,Nil,,,,,1,0,Open,0,,,Fine,Null
1770320.6904,5898967.3176,847092,,523911,0,0,0,1,0,Null,2023/2024,GREAT SOUTH ROAD,MANUROA ROAD,,Non-Injury Crash,No,2024,0,South,0,0,1,Flat,0,,0,,0,Dark,768100,0,0,0,2,0,1,0,0,0,,0,0,Auckland Region,Nil,2-way,Sealed,0,0,0,0,50,0,On,0,0,,76,Auckland,Traffic Signals,0,0,0,0,0,0,Urban,0,0,0,Fine,Null
1760086.7386,5920119.5208,847101,,516400,0,,0,1,,West,2022/2023,TAMAKI DRIVE,NGAPIPI ROAD,,Non-Injury Crash,No,2023,,South,,0,,Flat,,,,,,Dark,455000,0,0,0,4,,,0,,,,,,Auckland Region,Nil,2-way,Sealed,,0,0,,50,,On,0,0,,76,Auckland,Nil,,,,,0,0,Urban,1,,,Light rain,Null
1758588.1015,5917274.2364,847104,,516001,0,,0,2,,Null,2023/2024,GREAT SOUTH ROAD,NGAIRE AVENUE,,Non-Injury Crash,No,2024,,North,,0,,Flat,,,,,,Overcast,490900,0,0,0,4,,,0,,,,,,Auckland Region,Nil,2-way,Sealed,,0,0,,50,,Off,1,0,,76,Auckland,Give way,,,,,0,0,Urban,0,,,Light rain,Null
1762262.8616,5913507.2778,847108,,520500,0,,0,1,,South,2023/2024,SOUTHERN MOTORWAY,PENROSE OBR,,Non-Injury Crash,Yes,2023,,North,,0,,Flat,,,,,,Overcast,637100,0,0,0,3,,,0,,,,,,Auckland Region,Nil,1-way,Sealed,,0,0,,100,,Off,0,0,,76,Auckland,Nil,,,,,0,0,Open,2,,,Light rain,Null
1765436.1363,5901963.5244,847112,,524604,0,,0,2,,Null,2023/2024,ROSCOMMON ROAD,BOLDERWOOD PLACE,,Minor Crash,No,2024,,South,,0,,Flat,,,,,,Overcast,781302,2,0,0,4,,,0,,,,,,Auckland Region,Nil,2-way,Sealed,,0,0,,60,,Off,0,0,,76,Auckland,Give way,,,,,0,0,Urban,0,,,Fine,Null
1765960.5107,5901531.5333,847121,,524604,0,,0,0,,Null,2023/2024,BROWNS ROAD,CHONNY CRESCENT,,Minor Crash,No,2023,,East,,0,,Flat,,,,,,Dark,781302,1,0,0,2,,,0,,,,,,Auckland Region,Nil,2-way,Sealed,,0,0,,50,,On,0,0,,76,Auckland,Give way,,,,,0,0,Urban,2,,,Fine,Null
1763838.9151,5909429.7663,847132,,521901,0,,0,1,,Null,2023/2024,NIKAU ROAD,LIPPIATT ROAD,,Minor Crash,No,2024,,South,,0,,Flat,,,,,,Bright sun,784500,1,0,0,2,,,0,,,2,,,Auckland Region,Nil,2-way,Sealed,,0,0,,50,,Off,0,0,,76,Auckland,Stop,,,,,0,0,Urban,0,,,Fine,Null
1778070.7391,5915971.5207,847133,,523300,0,0,0,0,0,North,2022/2023,WAKELIN ROAD,BEACHLANDS ROAD,,Minor Crash,No,2023,0,North,0,0,0,Hill Road,0,,0,,0,Dark,719106,1,0,0,2,0,0,0,0,1,,0,0,Auckland Region,Nil,2-way,Sealed,0,0,0,0,50,0,On,0,0,,76,Auckland,Nil,0,0,0,0,0,0,Urban,2,0,0,Fine,Null
1755527.7023,5924691.0632,847140,,509800,0,0,0,1,0,Null,2023/2024,LAKE ROAD,ONEWA ROAD,,Minor Crash,No,2024,0,South,0,0,0,Hill Road,0,,0,,0,Dark,360200,1,0,0,3,0,0,0,0,0,,0,0,Auckland Region,Nil,2-way,Sealed,0,0,0,0,50,0,On,0,0,,76,Auckland,Traffic Signals,0,1,0,0,0,0,Urban,0,0,0,Fine,Null
1756981.3288,5943563.336,847145,,505902,0,0,0,2,0,West,2023/2024,WHANGAPARAOA ROAD,RAKINO AVENUE,,Minor Crash,No,2023,0,South,0,0,0,Flat,0,,0,,0,Bright sun,174608,1,0,0,2,0,0,0,0,1,,0,0,Auckland Region,Nil,2-way,Sealed,0,0,0,0,50,0,Off,0,0,,76,Auckland,Nil,0,0,0,0,0,0,Urban,0,0,0,Fine,Null
1756533.0884,5915993.5208,847147,,518202,0,,0,1,,East,2022/2023,BALMORAL ROAD,RUAPEHU STREET,,Minor Crash,No,2023,,North,,0,,Flat,,,,,,Overcast,551600,1,0,0,4,,,0,,,1,,,Auckland Region,Nil,2-way,Sealed,,0,0,,50,,Off,0,0,,76,Auckland,Nil,,,,,0,0,Urban,0,,,Fine,Null
1766734.7407,5907053.7288,847148,,523601,0,,0,2,,South,2023/2024,SOUTHERN MOTORWAY,EAST TAMAKI ROAD ON RAMP,,Minor Crash,Yes,2024,,South,,0,,Hill Road,,,,,,Overcast,709200,1,0,0,3,,,0,,,,,,Auckland Region,Nil,1-way,Sealed,,0,0,,100,,Off,0,0,,76,Auckland,Nil,,,,,0,0,Open,0,,,Fine,Null
1751871.6817,5944583.6386,847151,35,506003,0,0,0,1,0,North,2023/2024,DUCK CREEK ROAD,PINESTEAD REACH,,Minor Crash,No,2023,0,North,0,0,1,Hill Road,0,,0,,0,Dark,175812,1,0,0,2,0,0,0,1,0,,0,0,Auckland Region,Nil,2-way,Sealed,0,0,0,0,60,0,None,0,0,,76,Auckland,Nil,0,0,0,0,0,0,Urban,0,0,0,Mist or Fog,Null
1756015.0545,5923767.284,847152,,509800,0,0,0,2,0,North,2023/2024,SULPHUR BEACH ROAD,BEACH ROAD,,Non-Injury Crash,No,2023,0,East,0,0,0,Flat,0,,0,,0,Overcast,358800,0,0,0,2,0,0,0,0,1,,0,0,Auckland Region,Nil,2-way,Sealed,0,0,0,0,50,0,Off,0,0,,76,Auckland,Nil,0,0,0,0,0,0,Urban,0,0,0,Light rain,Null
1745392.4675,5916297.7791,847157,,510800,0,,0,1,,North,2023/2024,RAILSIDE AVENUE,BRUCE MCLAREN ROAD,,Minor Crash,No,2023,,North,,0,,Flat,,,,,,Bright sun,244600,2,0,1,2,,,0,,,,,,Auckland Region,Nil,2-way,Sealed,,0,0,,50,,Off,0,0,,76,Auckland,Nil,,,,,0,0,Urban,0,,,Fine,Null
1767114.1935,5905519.2266,847168,,524603,0,,1,1,,Null,2023/2024,GREAT SOUTH ROAD,REAGAN ROAD,,Non-Injury Crash,No,2024,,North,,0,,Flat,,,,,,Bright sun,780205,0,0,0,6,,,0,,,,,,Auckland Region,Nil,2-way,Sealed,,0,0,,50,,Off,0,0,,76,Auckland,Traffic Signals,,,,,0,0,Urban,0,,,Fine,Null
1771657.4525,5899197.3347,847169,,523911,0,0,0,2,0,North,2023/2024,PORCHESTER ROAD,CLARICE PLACE,,Minor Crash,No,2023,0,South,0,0,0,Flat,0,,0,,0,Twilight,767302,1,0,0,2,0,0,0,0,1,,0,0,Auckland Region,Nil,2-way,Sealed,0,0,0,0,50,0,On,0,0,,76,Auckland,Nil,0,0,0,0,0,0,Urban,0,0,0,Fine,Null
1768979.5908,5915687.3342,847176,,522730,0,0,0,0,0,Null,2023/2024,PRINCE REGENT DRIVE,BIRMAN CLOSE,,Non-Injury Crash,No,2024,0,North,0,0,0,Flat,0,,0,,0,Dark,679600,0,0,0,1,0,0,0,0,0,,0,0,Auckland Region,Nil,2-way,Sealed,0,0,0,0,50,0,On,0,0,,76,Auckland,Stop,0,0,0,1,0,0,Urban,1,0,0,Fine,Null
1756551.3662,5914926.6863,847177,,518302,0,,0,2,,Null,2022/2023,MOUNT EDEN ROAD,LANDSCAPE ROAD,,Non-Injury Crash,No,2023,,South,,0,,Flat,,,,,,Overcast,558500,0,0,0,3,,,0,,,,,,Auckland Region,Nil,2-way,Sealed,,0,0,,50,,Off,0,0,,76,Auckland,Stop,,,,,0,0,Urban,0,,,Fine,Null
1757684.9991,5918284.1939,847181,,518101,0,,0,3,,South,2022/2023,SOUTHERN MOTORWAY,KHYBER PASS ROAD OFF RAMP,,Non-Injury Crash,Yes,2023,,North,,0,,Flat,,,,,,Overcast,543000,0,0,0,4,,,0,,,,,,Auckland Region,Nil,1-way,Sealed,,0,0,,80,,Off,0,0,,76,Auckland,Nil,,,,,0,0,Open,1,,,Fine,Null
1765718.4831,5913480.3666,847188,,522920,0,,0,1,,West,2024/2025,PAKURANGA ROAD,KERSWILL PLACE,,Non-Injury Crash,No,2024,,North,,0,,Null,,,,,,Overcast,683000,0,0,0,2,,,0,,,,,,Auckland Region,Nil,1-way,Sealed,,0,0,,50,,Null,1,0,,76,Auckland,Nil,,,,,0,0,Urban,0,,,Light rain,Null
1765528.1511,5918785.3711,847189,,516900,0,,0,4,,North,2023/2024,ST HELIERS BAY ROAD,ASHBY AVENUE,,Non-Injury Crash,No,2023,,South,,0,,Flat,,,,,,Bright sun,466200,0,0,0,2,,,0,,,,,,Auckland Region,Nil,2-way,Sealed,,0,0,,50,,Off,0,0,,76,Auckland,Nil,,,,,0,0,Urban,0,,,Fine,Null
1766898.4623,5907633.7565,847192,,523601,0,,0,1,,Null,2022/2023,BAIRDS ROAD,EAST TAMAKI ROAD,,Non-Injury Crash,No,2023,,North,,0,,Flat,,,,,,Dark,708600,0,0,0,1,,,0,,,,,,Auckland Region,Nil,1-way,Sealed,,0,0,,50,,On,1,0,,76,Auckland,Give way,,,,,0,0,Urban,0,,,Fine,None
1750305.0245,5928811.6805,847195,,509100,0,,0,1,,South,2022/2023,UPPER HARBOUR MOTORWAY,GREENHITHE OBR,,Minor Crash,Yes,2023,,North,,0,,Flat,,,,,,Overcast,181304,1,0,0,2,,,0,,,,,,Auckland Region,Nil,1-way,Sealed,,0,0,,100,,Off,1,0,,76,Auckland,Nil,,,,,0,0,Open,0,,,Heavy rain,Null
1747260.6726,5926395.7659,847197,,513431,0,,0,1,,Null,2023/2024,TE RITO ROAD,HOBSONVILLE ROAD,,Minor Crash,No,2023,,North,,0,,Flat,,,,,,Dark,222400,1,0,0,4,,,0,,,,,,Auckland Region,Nil,2-way,Sealed,,0,0,,50,,On,1,0,,76,Auckland,Traffic Signals,,,,,0,0,Urban,0,,,Light rain,Null
1759633.7107,5906332.8218,847204,,524200,0,,0,2,,Null,2022/2023,KIRKBRIDE ROAD,JORDAN ROAD,,Non-Injury Crash,No,2023,,East,,0,,Flat,,,,,,Overcast,727901,0,0,0,2,,,0,,,,,,Auckland Region,Nil,2-way,Sealed,,0,0,,50,,On,0,0,,76,Auckland,Give way,,,,,0,0,Urban,0,,,Fine,None
1755001.1833,5931860.0767,847208,,508805,0,0,0,1,0,East,2023/2024,CONSTELLATION DRIVE,APOLLO DRIVE,,Non-Injury Crash,No,2024,0,East,0,0,0,Flat,0,,0,,0,Bright sun,180813,0,0,0,2,0,0,0,0,1,,0,0,Auckland Region,Nil,2-way,Sealed,0,0,0,0,50,0,Off,0,0,,76,Auckland,Nil,0,0,0,0,0,1,Urban,0,0,0,Fine,Null
1770103.2546,5898470.3747,847209,,523920,0,0,0,0,0,South,2022/2023,SOUTHERN MOTORWAY,WALTER STREVENS OBR,,Minor Crash,Yes,2023,0,North,0,0,0,Flat,1,,0,,0,Bright sun,767918,1,0,0,3,0,0,1,0,0,,0,0,Auckland Region,Nil,1-way,Sealed,0,0,0,0,100,0,Off,0,0,,76,Auckland,Nil,0,0,0,0,0,0,Open,2,0,0,Fine,Null
1750945.3604,5912397.8968,847212,,514700,0,0,0,0,0,West,2024/2025,HEAPHY STREET,JASMINE PLACE,,Minor Crash,No,2024,0,North,0,0,1,Flat,0,,0,,0,Bright sun,367900,1,0,0,2,0,0,0,0,0,,0,0,Auckland Region,Nil,2-way,Sealed,0,0,0,0,50,0,Off,0,0,,76,Auckland,Nil,0,0,0,0,0,0,Urban,1,0,0,Fine,Null
1767112.7353,5905519.2226,847216,,524603,0,,0,1,,Null,2022/2023,GREAT SOUTH ROAD,REAGAN ROAD,,Non-Injury Crash,No,2023,,North,,0,,Flat,,,,,,Unknown,780205,0,0,0,4,,,0,,,,,,Auckland Region,Nil,2-way,Sealed,,0,0,,50,,On,0,0,,76,Auckland,Traffic Signals,,,,,0,0,Urban,0,,,Light rain,None
1762423.7639,5905977.0841,847219,,524302,0,0,0,1,0,South,2022/2023,SOUTH-WESTERN MOTORWAY,MASSEY ROAD ON RAMP,,Non-Injury Crash,Yes,2023,0,South,0,0,0,Flat,1,,0,,0,Dark,744800,0,0,0,2,0,0,0,0,0,,0,0,Auckland Region,Nil,1-way,Sealed,0,0,0,0,100,0,On,0,0,,76,Auckland,Nil,0,0,0,0,0,0,Open,0,0,0,Fine,Null
1753272.3394,5888426.2209,847224,,521122,0,0,0,0,0,West,2024/2025,CLARKS BEACH ROAD,FARLEY ROAD,,Minor Crash,No,2024,0,East,1,0,0,Flat,0,,0,,0,Overcast,811100,2,0,0,2,0,0,0,0,0,,0,0,Auckland Region,Nil,2-way,Sealed,0,0,0,0,80,0,Off,0,0,,76,Auckland,Nil,0,0,0,0,0,0,Open,1,0,0,Heavy rain,Null
1771767.9814,5912554.8434,847228,,523102,0,0,0,2,0,South,2022/2023,WHITFORD ROAD,MERINO AVENUE,,Non-Injury Crash,No,2023,0,North,0,0,0,Hill Road,0,,0,,0,Twilight,711030,0,0,0,2,0,0,0,0,1,,0,0,Auckland Region,Nil,2-way,Sealed,0,0,0,0,50,0,Off,0,0,,76,Auckland,Nil,0,0,0,0,0,0,Urban,0,0,0,Light rain,Strong wind
1752648.3766,5946862.8788,847229,,506001,0,,0,1,,West,2022/2023,WHANGAPARAOA ROAD,MATHESON ROAD,,Minor Crash,No,2023,,West,,0,,Hill Road,,,,,,Twilight,175501,1,0,1,4,,,0,,,,,,Auckland Region,Nil,2-way,Sealed,,0,0,,50,,Off,0,0,,76,Auckland,Nil,,,,,0,0,Urban,0,,,Fine,Null
1758897.3734,5907695.8037,847233,,524002,0,0,0,1,0,North,2022/2023,KIRKBRIDE ROAD,MCKENZIE ROAD,,Non-Injury Crash,No,2023,0,North,0,0,0,Flat,0,Christmas New Year,0,,0,Bright sun,725601,0,0,0,2,0,0,0,0,0,,0,1,Auckland Region,Nil,2-way,Sealed,0,0,0,0,50,0,Off,0,0,,76,Auckland,Nil,0,0,0,0,0,0,Urban,0,0,0,Fine,Null
1754049.3716,5929350.1135,847237,,508420,0,,0,0,,East,2023/2024,WAIRAU ROAD,ELLICE ROAD,,Serious Crash,No,2023,,West,,0,,Flat,,,,,,Overcast,183300,0,0,1,2,,,0,,,,,,Auckland Region,Nil,2-way,Sealed,,0,1,,50,,Off,1,0,,76,Auckland,Nil,,,,,0,0,Urban,0,,,Fine,Null