X,Y,OBJECTID,advisorySpeed,areaUnitID,bicycle,bridge,bus,carStationWagon,cliffBank,crashDirectionDescription,crashFinancialYear,crashLocation1,crashLocation2,crashRoadSideRoad,crashSeverity,crashSHDescription,crashYear,debris,directionRoleDescription,ditch,fatalCount,fence,flatHill,guardRail,holiday,houseOrBuilding,intersection,kerb,light,meshblockId,minorInjuryCount,moped,motorcycle,NumberOfLanes,objectThrownOrDropped,otherObject,otherVehicleType,overBank,parkedVehicle,pedestrian,phoneBoxEtc,postOrPole,region,roadCharacter,roadLane,roadSurface,roadworks,schoolBus,seriousInjuryCount,slipOrFlood,speedLimit,strayAnimal,streetLight,suv,taxi,temporarySpeedLimit,tlaId,tlaName,trafficControl,trafficIsland,trafficSign,train,tree,truck,unknownVehicleType,urban,vanOrUtility,vehicle,waterRiver,weatherA,weatherB
1763738.1749,5914488.2072,847240,,520401,0,,0,2,,North,2023/2024,BARRACK ROAD,BERTRAND ROAD,,Non-Injury Crash,No,2024,,South,,0,,Flat,,,,,,Twilight,643100,0,0,0,2,,,0,,,,,,Auckland Region,Nil,2-way,Sealed,,0,0,,50,,Off,0,0,,76,Auckland,Nil,,,,,0,0,Urban,0,,,Fine,None
1764826.3335,5880077.6767,847260,,521112,0,,0,1,,Null,2023/2024,PATUMAHOE ROAD,UNION ROAD,,Serious Crash,No,2024,,North,,0,,Flat,,,,,,Bright sun,825600,0,0,0,2,,,0,,,,,,Auckland Region,Nil,2-way,Sealed,,0,1,,80,,Off,0,0,,76,Auckland,Give way,,,,,0,0,Open,1,,,Fine,Null
1763487.2858,5907522.4674,847268,,524301,0,,0,3,,East,2024/2025,GRAY AVENUE,ROSELLA ROAD,,Minor Crash,No,2025,,West,,0,,Flat,,,,,,Bright sun,748000,1,0,0,2,,,0,,,,,,Auckland Region,Nil,2-way,Sealed,,0,0,,50,,Off,0,0,,76,Auckland,Nil,,,,,0,0,Urban,0,,,Fine,Null
1755711.5199,5919652.3914,847272,,515302,0,,0,2,,Null,2024/2025,PONSONBY ROAD,RICHMOND ROAD,,Non-Injury Crash,No,2024,,North,,0,,Flat,,,,,,Dark,432300,0,0,0,4,,,0,,,,,,Auckland Region,Nil,2-way,Sealed,,0,0,,40,,On,0,1,,76,Auckland,Traffic Signals,,,,,0,0,Urban,0,,,Fine,Null
1756827.8452,5920003.1924,847280,,514102,0,,0,2,,South,2023/2024,HOBSON STREET,COOK STREET,,Non-Injury Crash,No,2023,,South,,0,,Flat,,,,,,Bright sun,434602,0,0,0,4,,,0,,,,,,Auckland Region,Nil,1-way,Sealed,,0,0,,40,,Off,0,0,,76,Auckland,Nil,,,,,0,0,Urban,0,,,Fine,None
1750336.0487,5928852.9559,847284,,509100,0,,0,1,,South,2023/2024,UPPER HARBOUR MOTORWAY,GREENHITHE OBR,,Minor Crash,Yes,2024,,South,,0,,Flat,,,,,,Dark,181303,1,0,0,2,,,0,,,,,,Auckland Region,Nil,1-way,Sealed,,0,0,,100,,On,1,0,,76,Auckland,Nil,,,,,0,0,Open,1,,,Light rain,Null
1753596.3293,5938270.2755,847293,,508900,0,0,0,0,0,North,2022/2023,VAUGHANS ROAD,OKURA RIVER ROAD,,Serious Crash,No,2023,0,North,0,0,0,Flat,0,,0,,0,Bright sun,178304,0,0,1,2,0,0,0,0,0,,0,0,Auckland Region,Nil,2-way,Sealed,0,0,1,1,80,0,None,0,0,30,76,Auckland,Nil,0,0,0,0,0,0,Open,0,0,0,Fine,Null
1745150.3518,5917619.8886,847300,,510700,0,,0,2,,North,2023/2024,GREAT NORTH ROAD,WADIER PLACE,,Non-Injury Crash,No,2024,,South,,0,,Flat,,,,,,Bright sun,239501,0,0,0,4,,,0,,,,,,Auckland Region,Nil,2-way,Sealed,,0,0,,50,,Off,0,0,,76,Auckland,Nil,,,,,0,0,Urban,0,,,Fine,Null
1755683.3497,5919736.9081,847308,,514000,0,,0,1,,South,2023/2024,PONSONBY ROAD,DOUGLAS STREET,,Minor Crash,No,2024,,North,,0,,Flat,,,,,,Twilight,414000,1,0,1,4,,,0,,,,,,Auckland Region,Nil,2-way,Sealed,,0,0,,40,,Off,0,0,,76,Auckland,Nil,,,,,0,0,Urban,0,,,Fine,Null
1767651.8171,5904218.7797,847316,,524602,0,0,0,1,0,South,2022/2023,CLIST CRESCENT,MANUKAU STATION ROAD,,Non-Injury Crash,No,2023,0,North,0,0,0,Flat,0,,0,,0,Unknown,780416,0,0,0,2,0,0,0,0,1,,0,0,Auckland Region,Nil,2-way,Sealed,0,0,0,0,50,0,Off,0,0,,76,Auckland,Nil,0,0,0,0,0,0,Urban,0,0,0,Fine,None
1763427.8265,5905333.1652,847317,,524303,0,0,0,2,0,South,2022/2023,CATKIN CRESCENT,HOLBORN PLACE,,Minor Crash,No,2023,0,North,0,0,0,Flat,0,,0,,0,Twilight,746319,1,0,0,2,0,0,0,0,1,,0,0,Auckland Region,Nil,2-way,Sealed,0,0,0,0,50,0,None,0,0,,76,Auckland,Nil,0,0,0,0,0,0,Urban,0,0,0,Mist or Fog,Null
1764920.8913,5905783.3305,847331,,522202,0,,0,1,,East,2022/2023,ST GEORGE STREET,RANGITOTO ROAD,,Minor Crash,No,2023,,East,,0,,Flat,,,,,,Dark,663400,1,0,1,2,,,0,,,,,,Auckland Region,Nil,2-way,Sealed,,0,0,,50,,On,0,0,,76,Auckland,Nil,,,,,0,1,Urban,0,,,Fine,Null
1770966.1204,5914594.586,847333,,522722,0,0,0,1,0,Null,2023/2024,BOTANY ROAD,PAKURANGA ROAD,,Non-Injury Crash,No,2023,0,North,0,0,0,Flat,0,,0,,0,Dark,647601,0,0,0,1,0,0,0,0,0,,0,0,Auckland Region,Nil,1-way,Sealed,0,0,0,0,60,0,On,0,0,,76,Auckland,Traffic Signals,0,1,0,0,0,0,Urban,0,0,0,Fine,Null
1760137.9209,5915516.8933,847335,,519400,0,,0,1,,Null,2023/2024,GREAT SOUTH ROAD,ADAM STREET,,Serious Crash,No,2023,,North,,0,,Flat,,,,,,Overcast,617100,0,0,0,5,,,0,,,1,,,Auckland Region,Nil,2-way,Sealed,,0,1,,50,,On,0,0,,76,Auckland,Stop,,,,,0,0,Urban,0,,,Light rain,Null
1768210.7893,5880879.6529,847341,,525921,0,,0,2,,Null,2022/2023,WEST STREET,HELVETIA ROAD,,Non-Injury Crash,No,2023,,West,,0,,Flat,,Queens Birthday,,,,Dark,821800,0,0,0,2,,,0,,,,,,Auckland Region,Nil,2-way,Sealed,,0,0,,50,,On,0,0,,76,Auckland,Give way,,,,,0,0,Urban,0,,,Fine,Null
1756616.4923,5919932.7713,847344,,514000,0,,0,1,,Null,2024/2025,UNION STREET,NELSON STREET OFF RAMP,,Minor Crash,No,2024,,North,,0,,Flat,,,,,,Bright sun,413200,1,1,0,2,,,0,,,,,,Auckland Region,Nil,1-way,Sealed,,0,0,,30,,Off,0,0,,76,Auckland,Nil,,,,,0,0,Urban,0,,,Fine,Null
1757330.5853,5918809.3817,847349,,514302,0,,0,2,,West,2022/2023,SOUTHERN TO PORT LINK,SOUTHERN MOTORWAY,,Non-Injury Crash,Yes,2023,,West,,0,,Hill Road,,,,,,Bright sun,441700,0,0,0,2,,,0,,,,,,Auckland Region,Motorway ramp,1-way,Sealed,,0,0,,80,,Off,0,0,,76,Auckland,Nil,,,,,0,0,Open,0,,,Fine,Null
1756637.0872,5926733.0518,847357,,507900,0,,0,1,,South,2022/2023,NORTHERN MOTORWAY,NORTHCOTE ROAD ON RAMP,,Non-Injury Crash,Yes,2023,,South,,0,,Hill Road,,,,,,Bright sun,303902,0,0,0,3,,,0,,,,,,Auckland Region,Nil,1-way,Sealed,,0,0,,100,,Off,0,0,,76,Auckland,Nil,,,,,1,0,Open,0,,,Fine,Null
1737951.3041,5923990.2658,847364,,505700,0,0,0,0,0,East,2023/2024,WAITAKERE ROAD,COTTLE ROAD,,Non-Injury Crash,No,2024,0,East,1,0,0,Hill Road,0,,0,,0,Dark,216300,0,0,0,2,0,0,0,0,0,,0,0,Auckland Region,Nil,2-way,Sealed,0,0,0,0,60,0,Off,0,0,,76,Auckland,Nil,0,0,0,0,0,0,Urban,1,0,0,Fine,Null
1761711.483,5919548.0224,847371,,516400,0,,0,2,,Null,2022/2023,NGAIWI STREET,COATES AVENUE,,Non-Injury Crash,No,2023,,North,,0,,Hill Road,,,,,,Bright sun,497100,0,0,0,2,,,0,,,,,,Auckland Region,Nil,2-way,Sealed,,0,0,,50,,Off,0,0,,76,Auckland,Give way,,,,,0,0,Urban,0,,,Fine,Null
1753577.894,5936646.7004,847375,,506300,0,0,0,1,0,South,2022/2023,LONELY TRACK ROAD,EAST COAST ROAD,,Non-Injury Crash,No,2023,0,South,0,0,0,Hill Road,0,,0,,0,Bright sun,176106,0,0,0,2,0,0,0,0,0,,0,1,Auckland Region,Nil,2-way,Sealed,0,0,0,0,50,0,Off,0,0,,76,Auckland,Nil,0,0,0,0,0,0,Urban,0,0,0,Fine,Null
1753407.8423,5929781.7673,847388,,508411,0,,0,0,,Null,2023/2024,GLENFIELD ROAD,SUNSET ROAD,,Non-Injury Crash,No,2024,,South,,0,,Hill Road,,,,,,Bright sun,183902,0,0,1,6,,,0,,,,,,Auckland Region,Nil,2-way,Sealed,,0,0,,50,,Off,0,0,,76,Auckland,Traffic Signals,,,,,0,0,Urban,1,,,Light rain,Null
1735328.8385,5908902.1053,847389,,513800,0,0,0,1,0,South,2022/2023,PIHA ROAD,ANAWHATA ROAD,,Minor Crash,No,2023,0,South,0,0,0,Hill Road,0,,0,,0,Overcast,282027,1,0,0,2,0,0,0,0,0,,0,0,Auckland Region,Nil,2-way,Sealed,0,0,0,0,70,0,None,0,0,,76,Auckland,Nil,0,0,0,1,0,0,Urban,0,0,0,Light rain,Null
1768614.9691,5881806.5641,847393,,525910,0,0,0,1,0,South,2022/2023,DUBLIN STREET,CHILDS AVENUE,,Minor Crash,No,2023,0,North,0,0,0,Flat,0,Queens Birthday,0,,0,Dark,818300,2,0,0,2,0,0,0,0,0,,0,1,Auckland Region,Nil,2-way,Sealed,0,0,0,0,50,0,None,0,0,,76,Auckland,Nil,0,0,0,1,0,0,Urban,0,0,0,Fine,Null
1757718.2277,5918255.8003,847397,,518101,0,,0,1,,West,2022/2023,SOUTHERN MOTORWAY,MOUNTAIN OBR,,Non-Injury Crash,Yes,2023,,North,,0,,Flat,,,,,,Overcast,543000,0,0,0,4,,,0,,,,,,Auckland Region,Bridge,1-way,Sealed,,0,0,,80,,Off,1,0,,76,Auckland,Nil,,,,,0,0,Open,1,,,Light rain,Null
1753156.9573,5912794.3291,847420,35,518901,0,,0,2,,West,2024/2025,KIMBER HALL AVENUE,WHITE SWAN ROAD,,Non-Injury Crash,No,2024,,East,,0,,Hill Road,,,,,,Overcast,586500,0,0,0,2,,,0,,,,,,Auckland Region,Nil,2-way,Sealed,,0,0,,50,,Off,0,0,,76,Auckland,Nil,,,,,0,0,Urban,0,,,Fine,Null
1772494.2927,5896879.4798,847427,,525420,0,,0,2,,North,2022/2023,GREAT SOUTH ROAD,SUBWAY ROAD,,Non-Injury Crash,No,2023,,North,,0,,Flat,,,,,,Dark,791300,0,0,0,2,,,0,,,,,,Auckland Region,Nil,2-way,Sealed,,0,0,,50,,On,0,0,,76,Auckland,Nil,,,,,0,0,Urban,0,,,Light rain,Null
1750507.726,5913736.1318,847429,,511303,0,,0,1,,Null,2023/2024,CLARK STREET,PORTAGE ROAD,,Minor Crash,No,2024,,West,,0,,Flat,,,,,,Dark,265200,1,0,0,4,,,0,,,,,,Auckland Region,Nil,2-way,Sealed,,0,0,,50,,On,0,0,,76,Auckland,Traffic Signals,,,,,0,0,Urban,1,,,Fine,Null
1769668.7236,5905375.1324,847437,,523712,0,0,0,2,0,East,2022/2023,THOMAS ROAD,ASPIRING AVENUE,,Non-Injury Crash,No,2023,0,West,0,0,1,Hill Road,0,,0,,0,Dark,716202,0,0,0,2,0,0,0,0,2,,0,0,Auckland Region,Nil,2-way,Sealed,0,0,0,0,50,0,On,0,0,,76,Auckland,Nil,0,0,0,0,0,0,Urban,1,0,0,Light rain,Null
1765741.8515,5918248.645,847460,,516900,0,,0,0,,Null,2023/2024,EMERSON STREET,ASHBY AVENUE,,Serious Crash,No,2024,,North,,0,,Flat,,Queens Birthday,,,,Bright sun,465800,0,0,0,2,,,0,,,1,,,Auckland Region,Nil,2-way,Sealed,,0,1,,50,,Off,1,0,,76,Auckland,Give way,,,,,0,0,Urban,0,,,Fine,Null
1762393.6284,5920692.145,847464,,516400,0,,0,0,,Null,2023/2024,TAMAKI DRIVE,HAPIMANA STREET,,Non-Injury Crash,No,2024,,West,,0,,Flat,,,,,,Bright sun,498700,0,0,0,2,,,0,,,,,,Auckland Region,Nil,2-way,Sealed,,0,0,,50,,Off,0,0,,76,Auckland,Give way,,,,,1,0,Urban,1,,,Fine,Null
1753651.2598,5931244.7236,847496,,508803,0,,0,3,,West,2023/2024,UPPER HARBOUR HIGHWAY,CARIBBEAN DRIVE,,Minor Crash,Yes,2024,,East,,0,,Flat,,,,,,Overcast,180819,2,0,0,2,,,0,,,,,,Auckland Region,Nil,1-way,Sealed,,0,0,,80,,Off,0,0,,76,Auckland,Nil,,,,,0,0,Open,0,,,Heavy rain,Strong wind
1765070.1833,5906713.6364,847503,,522201,0,0,0,3,0,North,2022/2023,RANGITOTO ROAD,WESTON AVENUE,,Minor Crash,No,2023,0,North,0,0,0,Flat,0,,0,,0,Dark,662500,2,0,0,2,0,0,0,0,1,,0,0,Auckland Region,Nil,2-way,Sealed,0,0,0,0,50,0,On,0,0,,76,Auckland,Nil,0,0,0,1,0,0,Urban,0,0,0,Fine,Null
1756570.764,5912788.6379,847504,,518701,0,0,0,1,0,West,2023/2024,HILLSBOROUGH ROAD ON RAMP,HILLSBOROUGH ROAD,,Non-Injury Crash,No,2023,0,West,0,0,0,Flat,1,,0,,0,Overcast,572100,0,0,0,2,0,0,0,0,0,,0,0,Auckland Region,Motorway ramp,1-way,Sealed,0,0,0,0,100,0,Off,0,0,,76,Auckland,Nil,0,0,0,0,0,0,Open,0,0,0,Light rain,Null
1756095.0922,5923528.3127,847508,,509800,0,,0,2,,North,2023/2024,NORTHERN MOTORWAY,HARBOUR BR N,,Non-Injury Crash,Yes,2023,,South,,0,,Hill Road,,,,,,Dark,359100,0,0,0,2,,,0,,,,,,Auckland Region,Bridge,1-way,Sealed,,0,0,,80,,On,0,0,,76,Auckland,Nil,,,,,0,0,Open,0,,,Fine,Null
1750993.0817,5915644.2047,847524,,514401,0,,0,2,,East,2024/2025,ASH STREET,ROSEBANK ROAD,,Non-Injury Crash,No,2024,,East,,0,,Flat,,,,,,Bright sun,381801,0,0,0,4,,,0,,,,,,Auckland Region,Nil,2-way,Sealed,,0,0,,50,,Off,0,0,,76,Auckland,Nil,,,,,0,0,Urban,0,,,Fine,Null
1754625.4201,5927621.1345,847528,,508310,0,,0,1,,North,2024/2025,CHARTWELL AVENUE,ARCHERS ROAD,,Minor Crash,No,2024,,North,,0,,Flat,,,,,,Bright sun,201400,1,0,0,2,,,0,,,1,,,Auckland Region,Nil,2-way,Sealed,,0,0,,50,,Off,0,0,,76,Auckland,Nil,,,,,0,0,Urban,0,,,Fine,Null
1737964.582,5912697.1874,847531,,513800,0,,0,0,,South,2022/2023,SCENIC DRIVE,MOUNTAIN ROAD,,Minor Crash,No,2023,,West,,0,,Hill Road,,,,,,Bright sun,281902,1,0,0,2,,,0,,,,,,Auckland Region,Nil,2-way,Sealed,,0,0,,100,,Off,1,0,,76,Auckland,Nil,,,,,0,0,Open,1,,,Fine,Null
1757023.7824,5920435.0816,847536,,514102,0,,0,3,,North,2024/2025,HOBSON STREET,WELLESLEY STREET WEST,,Non-Injury Crash,No,2024,,South,,0,,Flat,,,,,,Dark,433700,0,0,0,4,,,0,,,,,,Auckland Region,Nil,1-way,Sealed,,0,0,,30,,On,0,0,,76,Auckland,Nil,,,,,0,0,Urban,0,,,Fine,Null
1764611.101,5914833.3738,847544,65,520303,0,,0,0,,West,2022/2023,ELLERSLIE-PANMURE HIGHWAY,FORGE WAY,,Non-Injury Crash,No,2023,,East,,0,,Flat,,,,,,Bright sun,627400,0,0,0,2,,,0,,,,,,Auckland Region,Nil,1-way,Sealed,,0,0,,70,,Off,0,0,,76,Auckland,Nil,,,,,0,0,Urban,2,,,Fine,None
1757053.8038,5920512.0554,847552,,514102,0,,0,1,,South,2022/2023,HOBSON STREET,VICTORIA STREET WEST,,Non-Injury Crash,No,2023,,East,,0,,Hill Road,,,,,,Twilight,433700,0,0,0,4,,,0,,,,,,Auckland Region,Nil,1-way,Sealed,,0,0,,40,,Off,0,0,,76,Auckland,Nil,,,,,0,0,Urban,1,,,Light rain,None
1737255.957,5932482.1108,847555,,506653,0,0,0,1,1,South,2022/2023,OLD NORTH ROAD,ARARIMU VALLEY ROAD,,Non-Injury Crash,No,2023,0,East,0,0,0,Hill Road,0,,0,,0,Overcast,217000,0,0,0,2,0,0,0,0,0,,0,0,Auckland Region,Nil,2-way,Sealed,0,0,0,0,80,0,None,0,0,,76,Auckland,Nil,0,0,0,0,0,0,Open,0,0,0,Light rain,Null
1757330.6924,5929197.379,847556,,507800,0,0,0,2,0,South,2024/2025,RANGITOTO TERRACE,PROSPECT TERRACE,,Non-Injury Crash,No,2024,0,South,0,0,0,Hill Road,0,,0,,0,Bright sun,310700,0,0,0,2,0,0,0,0,1,,0,0,Auckland Region,Nil,2-way,Sealed,0,0,0,0,50,0,Off,1,0,,76,Auckland,Nil,0,0,0,0,0,0,Urban,0,0,0,Fine,Null
1759373.0706,5916520.3572,847560,,516001,0,0,0,1,0,North,2024/2025,SOUTHERN MOTORWAY,OMAHU OBR,,Non-Injury Crash,Yes,2024,0,North,0,0,0,Flat,0,,0,,0,Dark,491700,0,0,0,4,0,0,0,0,0,,0,0,Auckland Region,Nil,1-way,Sealed,0,0,0,0,100,0,On,0,0,,76,Auckland,Nil,0,0,0,0,1,0,Open,0,1,0,Fine,Null
1769060.8086,5906427.7818,847572,,523712,0,0,0,2,0,South,2024/2025,TE IRIRANGI DRIVE,WHETSTONE ROAD,,Serious Crash,No,2024,0,South,0,0,0,Flat,0,,0,,0,Dark,713013,0,0,0,2,0,0,0,0,0,,0,0,Auckland Region,Nil,2-way,Sealed,0,0,4,0,60,0,On,0,0,,76,Auckland,Nil,0,0,0,1,0,0,Urban,0,0,0,Fine,Null
1756332.7031,5937026.0472,847576,,506903,0,0,0,0,0,North,2024/2025,DEEP CREEK ROAD,GLAMORGAN DRIVE,,Minor Crash,No,2024,0,South,0,0,0,Hill Road,0,,0,,0,Overcast,170401,1,0,0,2,0,0,0,0,0,,0,1,Auckland Region,Nil,2-way,Sealed,0,0,0,0,50,0,Off,1,0,,76,Auckland,Nil,0,0,0,0,0,0,Urban,0,0,0,Fine,Null
1770025.9626,5899238.3339,847580,,523920,0,,0,2,,Null,2024/2025,GREAT SOUTH ROAD,TAKANINI ON RAMP,,Non-Injury Crash,No,2024,,North,,0,,Flat,,,,,,Overcast,768005,0,0,0,2,,,0,,,,,,Auckland Region,Nil,1-way,Sealed,,0,0,,70,,Off,0,0,,76,Auckland,Traffic Signals,,,,,0,0,Urban,0,,,Fine,Null
1752188.2878,5912973.7913,847588,,514700,0,,0,2,,Null,2023/2024,TERRY STREET,WHITNEY STREET,,Non-Injury Crash,No,2024,,East,,0,,Flat,,,,,,Dark,370300,0,0,0,2,,,0,,,,,,Auckland Region,Nil,2-way,Sealed,,0,0,,50,,On,0,0,,76,Auckland,Stop,,,,,0,0,Urban,0,,,Fine,Null
1765964.3224,5907816.2117,847616,,523402,0,0,0,0,0,North,2023/2024,SOUTHERN MOTORWAY,EAST TAMAKI ROAD OFF RAMP,,Non-Injury Crash,Yes,2023,0,South,0,0,0,Flat,1,,0,,0,Dark,699200,0,0,0,3,0,0,0,0,0,,0,0,Auckland Region,Nil,1-way,Sealed,0,0,0,0,100,0,On,1,0,,76,Auckland,Nil,0,0,0,0,0,0,Open,0,0,0,Fine,Null
1747483.2169,5921325.3273,847652,,512300,0,,0,1,,Null,2023/2024,GUNNER DRIVE,PRINGLE ROAD,,Serious Crash,No,2024,,East,,0,,Flat,,,,,,Dark,250101,0,0,1,2,,,0,,,,,,Auckland Region,Nil,2-way,Sealed,,0,1,,50,,On,0,0,,76,Auckland,Give way,,,,,0,0,Urban,0,,,Fine,Null
1755642.0488,5915953.7332,847656,,518301,0,0,1,2,0,Null,2023/2024,DOMINION ROAD,QUEENS AVENUE,,Non-Injury Crash,No,2023,0,South,0,0,0,Flat,0,,0,,0,Bright sun,555500,0,0,0,2,0,0,0,0,2,,0,0,Auckland Region,Nil,2-way,Sealed,0,0,0,0,50,0,Off,0,0,,76,Auckland,Stop,0,0,0,0,0,0,Urban,0,0,0,Fine,Null
1764379.661,5906108.5595,847660,,524303,0,0,0,1,0,South,2023/2024,STATION ROAD,PEVERILL CRESCENT,,Minor Crash,No,2024,0,South,0,0,1,Flat,0,,0,,0,Overcast,657300,1,0,0,2,0,0,0,0,0,,0,0,Auckland Region,Nil,2-way,Sealed,0,0,0,0,50,0,Off,1,0,,76,Auckland,Nil,0,0,0,0,0,0,Urban,1,0,0,Light rain,Null
1745555.8391,5925713.5069,847661,,513410,0,,0,1,,South,2022/2023,"STATE HIGHWAY 18, HOBSONVILLE, AUCKLAND",BRIGHAM CREEK ROAD ON RAMP,,Non-Injury Crash,Yes,2023,,South,,0,,Flat,,,,,,Bright sun,223801,0,0,0,2,,,0,,,,,,Auckland Region,Nil,1-way,Sealed,,0,0,,100,,Off,0,0,,76,Auckland,Nil,,,,,0,0,Open,1,,,Fine,Null
1761070.8307,5908919.7359,847664,,524404,0,0,0,1,0,South,2023/2024,HARANIA AVENUE,LACHLAN PLACE,,Non-Injury Crash,No,2023,0,South,0,0,0,Flat,0,,0,,0,Dark,730403,0,0,0,2,0,0,0,0,1,,0,0,Auckland Region,Nil,2-way,Sealed,0,0,0,0,50,0,None,0,0,,76,Auckland,Nil,0,0,0,0,0,0,Urban,1,0,0,Fine,Null
1764145.2942,5909844.4027,847667,,521901,0,,0,0,,East,2023/2024,AVENUE ROAD,GREAT SOUTH ROAD,,Minor Crash,No,2023,,East,,0,,Flat,,,,,,Bright sun,783900,1,0,0,2,,,0,,,1,,,Auckland Region,Nil,2-way,Sealed,,0,0,,50,,Off,0,0,,76,Auckland,Nil,,,,,0,0,Urban,0,,,Fine,Null
1755622.5105,5926458.3984,847672,,509701,1,,0,0,,Null,2024/2025,OCEAN VIEW ROAD,HILLCREST AVENUE,,Minor Crash,No,2024,,South,,0,,Flat,,,,,,Bright sun,363902,1,0,0,2,,,0,,,,,,Auckland Region,Nil,2-way,Sealed,,0,0,,50,,Off,1,0,,76,Auckland,Stop,,,,,0,0,Urban,0,,,Fine,Null
1771518.3929,5895104.7416,847677,,525530,0,0,0,2,0,North,2022/2023,SOUTHERN MOTORWAY,PAPAKURA ON RAMP,,Minor Crash,Yes,2023,0,North,0,0,0,Flat,1,,0,,0,Overcast,804901,1,0,0,3,0,0,0,0,0,,0,0,Auckland Region,Nil,1-way,Sealed,0,0,0,0,100,0,Off,0,0,,76,Auckland,Nil,0,0,0,0,1,0,Open,0,0,0,Fine,Null
1756554.7186,5912839.7492,847680,,518701,0,,0,2,,West,2023/2024,SOUTH-WESTERN MOTORWAY,HILLSBOROUGH OBR,,Non-Injury Crash,Yes,2024,,South,,0,,Flat,,,,,,Bright sun,569000,0,0,0,2,,,0,,,,,,Auckland Region,Nil,1-way,Sealed,,0,0,,100,,Off,0,0,,76,Auckland,Nil,,,,,0,0,Open,0,,,Fine,Null
1755253.2924,5935944.9605,847685,,507101,0,0,0,1,0,Null,2022/2023,CARLISLE ROAD,FINCHLEY ROAD,,Non-Injury Crash,No,2023,0,East,0,0,0,Flat,0,,0,,0,Bright sun,159201,0,0,0,2,0,0,0,0,0,,0,1,Auckland Region,Nil,2-way,Sealed,0,0,0,0,50,0,Off,0,0,,76,Auckland,Stop,0,0,0,0,0,0,Urban,0,0,0,Fine,Null
1769692.1616,5904688.9937,847688,,523820,0,,0,2,,Null,2023/2024,REDOUBT ROAD,HILLTOP ROAD,,Non-Injury Crash,No,2023,,East,,0,,Flat,,,,,,Bright sun,760000,0,0,0,2,,,0,,,,,,Auckland Region,Nil,2-way,Sealed,,0,0,,50,,Off,0,0,,76,Auckland,Stop,,,,,0,0,Urban,0,,,Fine,Null
1753789.6643,5936731.6049,847696,,508703,0,,0,3,,Null,2023/2024,EAST COAST ROAD,GLENVAR ROAD,,Non-Injury Crash,No,2023,,West,,0,,Flat,,,,,,Overcast,179213,0,0,0,2,,,0,,,,,,Auckland Region,Nil,2-way,Sealed,,0,0,,50,,Off,0,0,,76,Auckland,Give way,,,,,0,0,Urban,0,,,Light rain,Null
1770001.9525,5914716.4298,847700,,522712,0,,0,1,,West,2024/2025,PAKURANGA ROAD,ABERFELDY AVENUE,,Serious Crash,No,2024,,North,,0,,Flat,,,,,,Overcast,644800,0,0,0,4,,,0,,,1,,,Auckland Region,Nil,2-way,Sealed,,0,1,,60,,Off,0,0,,76,Auckland,Nil,,,,,0,0,Urban,0,,,Light rain,Null
1743602.8958,5919458.5462,847701,,513212,0,,0,2,,Null,2022/2023,DON BUCK ROAD,MAYFAIR PLACE,,Minor Crash,No,2023,,South,,0,,Flat,,,,,,Bright sun,235506,2,0,0,4,,,0,,,,,,Auckland Region,Nil,2-way,Sealed,,0,0,,50,,Off,0,0,,76,Auckland,Nil,,,,,0,0,Urban,0,,,Fine,Null
1755264.0203,5938260.6845,847712,,508900,0,,0,2,,Null,2022/2023,CAVALLI ROAD,ASHLEY AVENUE,,Non-Injury Crash,No,2023,,West,,0,,Flat,,,,,,Unknown,178310,0,0,0,2,,,0,,,,,,Auckland Region,Nil,2-way,Sealed,,0,0,,50,,Off,0,0,,76,Auckland,Give way,,,,,0,0,Urban,0,,,Fine,Null
1763740.9532,5919166.3435,847717,,516500,0,0,1,1,0,North,2022/2023,KOHIMARAMA ROAD,KEPA ROAD,,Non-Injury Crash,No,2023,0,North,0,0,0,Flat,0,,0,,0,Dark,502900,0,0,0,2,0,0,0,0,1,,0,0,Auckland Region,Nil,2-way,Sealed,0,0,0,0,50,0,None,0,0,,76,Auckland,Nil,0,0,0,0,0,0,Urban,0,0,0,Fine,Null
1761274.878,5912422.9147,847724,,519500,0,,0,0,,East,2023/2024,CHURCH STREET,MAURICE ROAD,,Minor Crash,No,2024,,West,,0,,Flat,,,,,,Bright sun,621700,1,0,0,2,,,0,,,,,,Auckland Region,Nil,2-way,Sealed,,0,0,,50,,Null,0,0,,76,Auckland,Nil,,,,,1,0,Urban,1,,,Fine,Null
1767325.7174,5906295.2163,847732,,522302,0,,0,0,,North,2024/2025,SOUTHERN MOTORWAY,REAGAN ROAD,,Minor Crash,Yes,2025,,North,,0,,Flat,,,,,,Dark,670200,1,0,1,3,,,0,,,,,,Auckland Region,Nil,1-way,Sealed,,0,0,,100,,On,0,0,,76,Auckland,Nil,,,,,0,0,Open,1,,,Fine,Null
1744552.3801,5947857.1056,847736,,506614,0,0,0,0,0,West,2024/2025,WAINUI ROAD,WINDMILL DRIVE,,Non-Injury Crash,No,2024,0,West,1,0,0,Flat,0,,0,,0,Dark,177702,0,0,0,2,0,0,0,0,0,,0,0,Auckland Region,Nil,2-way,Sealed,0,0,0,0,100,0,None,0,0,,76,Auckland,Nil,0,0,0,1,0,0,Open,1,0,0,Mist or Fog,Null