X,Y,OBJECTID,advisorySpeed,areaUnitID,bicycle,bridge,bus,carStationWagon,cliffBank,crashDirectionDescription,crashFinancialYear,crashLocation1,crashLocation2,crashRoadSideRoad,crashSeverity,crashSHDescription,crashYear,debris,directionRoleDescription,ditch,fatalCount,fence,flatHill,guardRail,holiday,houseOrBuilding,intersection,kerb,light,meshblockId,minorInjuryCount,moped,motorcycle,NumberOfLanes,objectThrownOrDropped,otherObject,otherVehicleType,overBank,parkedVehicle,pedestrian,phoneBoxEtc,postOrPole,region,roadCharacter,roadLane,roadSurface,roadworks,schoolBus,seriousInjuryCount,slipOrFlood,speedLimit,strayAnimal,streetLight,suv,taxi,temporarySpeedLimit,tlaId,tlaName,trafficControl,trafficIsland,trafficSign,train,tree,truck,unknownVehicleType,urban,vanOrUtility,vehicle,waterRiver,weatherA,weatherB
1766623.6708,5907645.6958,847744,,523501,0,,0,2,,Null,2023/2024,EAST TAMAKI ROAD,NEWBURY STREET,,Non-Injury Crash,No,2023,,East,,0,,Flat,,,,,,Bright sun,700700,0,0,0,4,,,0,,,,,,Auckland Region,Nil,2-way,Sealed,,0,0,,50,,Off,0,0,,76,Auckland,Traffic Signals,,,,,0,0,Urban,0,,,Fine,None
1767827.0424,5911842.7352,847748,,522920,0,,0,1,,Null,2023/2024,FREMANTLE PLACE,PARADISE PLACE,,Minor Crash,No,2024,,West,,0,,Flat,,,,,,Twilight,687801,1,0,0,2,,,0,,,,,,Auckland Region,Nil,2-way,Sealed,,0,0,,50,,On,0,0,,76,Auckland,Give way,,,,,0,0,Urban,0,,,Fine,Null
1748706.0473,5945847.4707,847753,,505806,0,0,0,1,0,North,2023/2024,NORTHERN MOTORWAY,SILVERDALE OFF RAMP,,Minor Crash,Yes,2023,0,South,0,0,0,Flat,1,,0,,0,Bright sun,176604,1,0,0,2,0,0,0,0,0,,0,0,Auckland Region,Nil,1-way,Sealed,0,0,0,0,100,0,Off,0,0,,76,Auckland,Nil,0,0,0,0,0,0,Open,1,0,0,Fine,Null
1750017.5597,5928988.8467,847760,,509100,0,0,0,1,0,South,2023/2024,DRESSAGE LANE,ARCHER RAYNER PLACE,,Non-Injury Crash,No,2023,0,South,0,0,0,Flat,0,,0,,0,Dark,181302,0,0,0,2,0,0,0,0,0,,1,0,Auckland Region,Nil,2-way,Sealed,0,0,0,0,50,0,On,0,0,,76,Auckland,Nil,0,0,0,1,0,0,Urban,0,0,0,Fine,Null
1737288.8101,5980770.9734,847772,,506660,0,0,0,1,0,East,2023/2024,SH 1,CENTENNIAL PARK ROAD,,Minor Crash,Yes,2024,0,South,0,0,0,Hill Road,0,,0,,0,Dark,144100,2,0,0,2,0,0,0,0,0,,0,1,Auckland Region,Nil,2-way,Sealed,0,0,0,0,70,0,None,0,0,,76,Auckland,Nil,0,0,0,0,0,0,Urban,0,0,0,Light rain,Null
1769370.5481,5910834.8867,847800,,523113,0,0,0,1,0,North,2023/2024,GREENMOUNT DRIVE,POLARIS PLACE,,Non-Injury Crash,No,2024,0,South,0,0,0,Flat,0,,0,,0,Dark,711703,0,0,0,2,0,0,0,0,0,,0,1,Auckland Region,Nil,2-way,Sealed,0,0,0,0,50,0,On,0,0,,76,Auckland,Nil,0,0,0,0,0,0,Urban,0,0,0,Fine,Null
1766014.8065,5907264.9074,847804,,522301,0,0,0,1,0,West,2023/2024,EAST TAMAKI ROAD,HUIA ROAD,,Non-Injury Crash,No,2024,0,East,0,0,0,Flat,0,,0,,0,Dark,666400,0,0,0,5,0,0,0,0,0,,0,1,Auckland Region,Nil,2-way,Sealed,0,0,0,0,50,0,On,0,0,,76,Auckland,Nil,0,0,0,0,0,0,Urban,0,0,0,Fine,Null
1755623.5447,5917931.4741,847805,,517500,0,,0,1,,West,2022/2023,NEW NORTH ROAD,SANDRINGHAM ROAD,,Minor Crash,No,2023,,East,,0,,Flat,,,,,,Dark,529800,1,0,0,4,,,0,,,1,,,Auckland Region,Nil,2-way,Sealed,,0,0,,50,,On,0,0,,76,Auckland,Nil,,,,,0,0,Urban,0,,,Light rain,Null
1749439.9471,5913322.1247,847808,,511401,0,0,0,2,0,North,2023/2024,DENYER PLACE,SEABROOK AVENUE,,Non-Injury Crash,No,2023,0,South,0,0,0,Hill Road,0,Labour Weekend,0,,0,Bright sun,263500,0,0,0,2,0,0,0,0,1,,0,0,Auckland Region,Nil,2-way,Sealed,0,0,0,0,50,0,Off,0,0,,76,Auckland,Nil,0,0,0,0,0,0,Urban,0,0,0,Fine,Null
1750880.889,5925792.9431,847809,,510020,0,,0,2,,Null,2022/2023,RANGATIRA ROAD,ROSECAMP ROAD,,Minor Crash,No,2023,,South,,0,,Flat,,,,,,Dark,345000,1,0,0,2,,,0,,,,,,Auckland Region,Nil,2-way,Sealed,,0,0,,50,,On,0,0,,76,Auckland,Nil,,,,,0,0,Urban,0,,,Fine,Null
1757341.322,5920757.9722,847812,,514102,0,,0,2,,Null,2022/2023,SWANSON STREET,ALBERT STREET,,Non-Injury Crash,No,2023,,East,,0,,Null,,,,,,Bright sun,433200,0,0,0,4,,,0,,,,,,Auckland Region,Nil,2-way,Sealed,,0,0,,30,,Off,0,0,,76,Auckland,Traffic Signals,,,,,0,0,Urban,0,,,Null,Null
1752656.949,5931115.9688,847832,,508807,0,0,0,1,0,North,2023/2024,UPPER HARBOUR HIGHWAY,WILLIAM PICKERING DRIVE,,Non-Injury Crash,Yes,2023,0,North,0,0,0,Flat,1,,0,,0,Overcast,180809,0,0,0,2,0,0,0,0,0,,0,0,Auckland Region,Nil,1-way,Sealed,0,0,0,0,80,0,Off,0,0,,76,Auckland,Nil,0,0,0,0,0,0,Open,0,0,0,Heavy rain,Strong wind
1761229.999,5915032.1164,847836,,520201,0,0,0,2,0,North,2022/2023,LADIES MILE,MAIN HIGHWAY,,Non-Injury Crash,No,2023,0,North,0,0,0,Flat,0,,0,,0,Dark,611200,0,0,0,2,0,0,0,0,1,,0,0,Auckland Region,Nil,2-way,Sealed,0,0,0,0,50,0,On,0,0,,76,Auckland,Nil,0,0,0,0,0,0,Urban,0,0,0,Light rain,Null
1756231.3723,5927550.2858,847837,,507900,0,,0,1,,Null,2023/2024,NORTHERN MOTORWAY,NORTHCOTE ROAD OFF RAMP,,Non-Injury Crash,Yes,2023,,South,,0,,Flat,,,,,,Overcast,305202,0,0,0,3,,,0,,,,,,Auckland Region,Nil,1-way,Sealed,,0,0,,100,,Off,1,0,,76,Auckland,Nil,,,,,0,0,Open,0,,,Fine,Null
1747474.3025,5914704.6251,847845,,511100,0,,0,2,,Null,2022/2023,GLENVIEW ROAD,GREAT NORTH ROAD,,Minor Crash,No,2023,,East,,0,,Hill Road,,,,,,Dark,284800,1,0,0,4,,,0,,,,,,Auckland Region,Nil,2-way,Sealed,,0,0,,50,,On,0,0,,76,Auckland,Traffic Signals,,,,,0,0,Urban,0,,,Fine,Null
1753344.7488,5914248.8992,847852,,518801,0,,0,1,,Null,2022/2023,RICHARDSON ROAD,MAIORO STREET,,Non-Injury Crash,No,2023,,North,,0,,Flat,,Queens Birthday,,,,Bright sun,578400,0,0,0,4,,,0,,,,,,Auckland Region,Nil,2-way,Sealed,,0,0,,50,,Off,0,0,,76,Auckland,Traffic Signals,,,,,0,0,Urban,1,,,Fine,Null
1753329.0438,5925961.6895,847856,,508220,0,0,0,1,1,Null,2023/2024,ESKDALE ROAD,INGLIS STREET,,Non-Injury Crash,No,2023,0,West,0,0,1,Hill Road,0,,0,,0,Dark,189400,0,0,0,2,0,0,0,0,0,,0,0,Auckland Region,Nil,2-way,Sealed,0,0,0,0,50,0,On,0,0,,76,Auckland,Nil,0,0,0,0,0,0,Urban,0,0,0,Fine,Null
1754871.6706,5931777.3014,847857,,508805,0,,0,0,,Null,2022/2023,CONSTELLATION DRIVE,PARKWAY DRIVE,,Minor Crash,No,2023,,South,,0,,Flat,,,,,,Bright sun,180813,1,0,1,4,,,0,,,,,,Auckland Region,Nil,2-way,Sealed,,0,0,,50,,Off,0,0,,76,Auckland,Give way,,,,,0,0,Urban,1,,,Fine,Null
1756972.8254,5920626.9165,847868,,514102,0,0,0,0,0,East,2023/2024,VOGEL LANE,NELSON STREET,,Non-Injury Crash,No,2024,0,West,0,0,0,Flat,0,,0,,0,Dark,433303,0,0,0,1,0,0,0,0,1,,0,0,Auckland Region,Nil,1-way,Sealed,0,0,0,0,30,0,Off,0,0,,76,Auckland,Nil,0,0,0,0,0,1,Urban,1,0,0,Fine,None
1754643.2988,5917249.4276,847877,,517600,0,,0,1,,South,2023/2024,MORNINGSIDE DRIVE,ARGYLE STREET,,Minor Crash,No,2024,,North,,0,,Flat,,,,,,Bright sun,535500,1,0,0,2,,,0,,,1,,,Auckland Region,Nil,2-way,Sealed,,0,0,,50,,Off,0,0,,76,Auckland,Nil,,,,,0,0,Urban,0,,,Fine,Null
1767434.0539,5904944.1301,847881,,524603,0,,0,2,,Null,2023/2024,GREAT SOUTH ROAD,TE IRIRANGI DRIVE,,Non-Injury Crash,No,2023,,South,,0,,Flat,,,,,,Dark,780304,0,0,0,3,,,0,,,,,,Auckland Region,Nil,2-way,Sealed,,0,0,,50,,On,0,0,,76,Auckland,Traffic Signals,,,,,0,0,Urban,0,,,Fine,Null
1760279.3638,5916843.3349,847888,,516202,0,0,0,2,0,East,2022/2023,REMUERA ROAD,VICTORIA AVENUE,,Non-Injury Crash,No,2023,0,East,0,0,0,Flat,0,,0,,0,Overcast,490500,0,0,0,4,0,0,0,0,1,,0,0,Auckland Region,Nil,2-way,Sealed,0,0,0,0,50,0,Off,0,0,,76,Auckland,Nil,0,0,0,0,0,0,Urban,0,0,0,Null,None
1751979.1956,5918024.6338,847892,45,515001,0,,0,3,,Null,2022/2023,GREAT NORTH ROAD,GREAT NORTH ROAD OFF RAMP,,Non-Injury Crash,No,2023,,North,,0,,Flat,,,,,,Bright sun,392400,0,0,0,2,,,0,,,,,,Auckland Region,Motorway ramp,1-way,Sealed,,0,0,,50,,Off,0,0,,76,Auckland,Traffic Signals,,,,,0,0,Urban,0,,,Fine,Null
1767767.6646,5913591.2482,847893,,522910,0,,0,1,,Null,2023/2024,PAKURANGA ROAD,JOHNS LANE,,Serious Crash,No,2023,,West,,0,,Flat,,,,,,Bright sun,685500,1,0,0,3,,,0,,,,,,Auckland Region,Nil,1-way,Sealed,,0,2,,50,,Off,1,0,40,76,Auckland,Stop,,,,,0,0,Urban,0,,,Fine,Null
1775834.7862,5898380.6545,847896,,523813,0,0,0,2,0,North,2023/2024,PAPAKURA-CLEVEDON ROAD,HAMLIN ROAD,,Minor Crash,No,2023,0,North,0,0,1,Flat,0,,0,,0,Dark,761800,2,0,0,2,0,0,0,0,0,,0,0,Auckland Region,Nil,2-way,Sealed,0,0,0,0,80,0,None,0,0,,76,Auckland,Nil,0,0,0,0,0,0,Open,0,0,0,Heavy rain,Null
1767798.5781,5904267.8813,847897,,524602,0,,0,1,,Null,2022/2023,REDOUBT ROAD,GREAT SOUTH ROAD,,Non-Injury Crash,No,2023,,South,,0,,Flat,,,,,,Overcast,780501,0,0,0,1,,,0,,,,,,Auckland Region,Nil,1-way,Sealed,,0,0,,60,,None,1,0,,76,Auckland,Give way,,,,,0,0,Urban,0,,,Fine,Null
1773627.6324,5902155.1906,847904,,523813,0,0,0,1,0,South,2023/2024,ALFRISTON ROAD,ALFRISTON-ARDMORE ROAD,,Serious Crash,No,2024,0,South,0,0,0,Flat,0,,0,,0,Overcast,761000,0,0,0,2,0,0,0,0,0,,0,0,Auckland Region,Nil,2-way,Sealed,0,0,1,0,80,0,Off,0,0,,76,Auckland,Nil,0,0,0,1,0,0,Open,0,0,0,Light rain,Null
1754963.1403,5918290.0348,847909,,517500,0,,0,2,,East,2022/2023,NORTH-WESTERN MOTORWAY,MOUNTAIN VIEW OBR,,Non-Injury Crash,Yes,2023,,West,,0,,Flat,,,,,,Dark,529900,0,0,0,4,,,0,,,,,,Auckland Region,Nil,1-way,Sealed,,0,0,,80,,On,1,0,,76,Auckland,Nil,,,,,0,0,Open,0,,,Light rain,Null
1765064.2633,5905773.4081,847912,45,522202,0,,0,0,,Null,2022/2023,WALLACE ROAD,ST GEORGE STREET,,Non-Injury Crash,No,2023,,North,,0,,Flat,,,,,,Bright sun,663400,0,0,0,2,,,0,,,,,,Auckland Region,Nil,2-way,Sealed,,0,0,,50,,Off,2,0,,76,Auckland,Traffic Signals,,,,,0,0,Urban,0,,,Fine,None
1756147.3445,5920540.1315,847917,,514000,0,,0,2,,Null,2022/2023,VICTORIA STREET WEST,BEAUMONT STREET,,Non-Injury Crash,No,2023,,West,,0,,Flat,,,,,,Dark,416600,0,0,0,4,,,0,,,,,,Auckland Region,Nil,2-way,Sealed,,0,0,,30,,On,0,1,,76,Auckland,Traffic Signals,,,,,0,0,Urban,0,,,Light rain,Strong wind
1764925.6509,5914751.9913,847920,,520301,0,,0,2,,Null,2023/2024,SOUTH EASTERN BUSWAY,JELLICOE ROAD,,Non-Injury Crash,No,2024,,East,,0,,Flat,,,,,,Twilight,628100,0,0,0,2,,,0,,,,,,Auckland Region,Nil,2-way,Sealed,,0,0,,50,,On,0,0,,76,Auckland,Traffic Signals,,,,,0,0,Urban,0,,,Fine,Null
1759909.6645,5915776.7152,847924,,516003,0,,0,3,,North,2023/2024,GREEN LANE EAST,GREAT SOUTH ROAD,,Non-Injury Crash,No,2024,,South,,0,,Flat,,,,,,Unknown,495200,0,0,0,4,,,0,,,,,,Auckland Region,Nil,1-way,Sealed,,0,0,,50,,Off,0,0,,76,Auckland,Nil,,,,,0,0,Urban,0,,,Fine,None
1752232.0348,5918699.821,847927,,515002,0,0,0,1,0,Null,2023/2024,HUIA ROAD,WAKATIPU STREET,,Minor Crash,No,2023,0,North,0,0,1,Hill Road,0,,0,,0,Bright sun,396300,1,0,0,2,0,0,0,0,0,,0,0,Auckland Region,Nil,2-way,Sealed,0,0,0,0,50,0,Off,0,0,,76,Auckland,Stop,0,0,0,0,0,0,Urban,1,0,0,Fine,Null
1756775.8306,5920178.5029,847929,,514102,0,,0,1,,Null,2023/2024,NELSON STREET,COOK STREET,,Serious Crash,No,2023,,North,,0,,Hill Road,,,,,,Dark,434500,0,1,0,5,,,0,,,,,,Auckland Region,Nil,1-way,Sealed,,0,1,,40,,On,0,0,,76,Auckland,Traffic Signals,,,,,0,0,Urban,0,,,Light rain,Frost
1756087.5629,5923667.6051,847932,,509800,0,,0,2,,North,2023/2024,NORTHERN MOTORWAY,HARBOUR BR N,,Non-Injury Crash,Yes,2024,,South,,0,,Flat,,,,,,Dark,359100,0,0,0,5,,,0,,,,,,Auckland Region,Nil,1-way,Sealed,,0,0,,80,,On,0,0,,76,Auckland,Nil,,,,,0,0,Open,0,,,Light rain,Null
1781077.1245,5903441.6192,847937,,525201,0,0,0,1,0,South,2023/2024,PAPAKURA-CLEVEDON ROAD,HYDE ROAD,,Minor Crash,No,2023,0,South,1,0,0,Flat,0,,0,,0,Dark,763000,4,0,0,2,0,0,0,0,0,,0,0,Auckland Region,Nil,2-way,Sealed,0,0,0,0,50,0,On,0,0,,76,Auckland,Nil,0,0,0,0,0,0,Urban,0,0,0,Light rain,Null
1745931.899,5919782.3648,847956,,513301,0,,0,2,,North,2024/2025,CENTRAL PARK DRIVE,UNIVERSAL DRIVE,,Minor Crash,No,2024,,North,,0,,Flat,,,,,,Overcast,230401,2,0,0,2,,,0,,,,,,Auckland Region,Nil,2-way,Sealed,,0,0,,50,,On,0,0,,76,Auckland,Nil,,,,,0,0,Urban,0,,,Heavy rain,Null
1771602.292,5895812.6963,847964,,525540,0,0,0,1,0,West,2024/2025,ELLIOT STREET,RUSHGREEN AVENUE,,Minor Crash,No,2024,0,North,0,0,0,Flat,0,,0,,0,Dark,806301,1,0,0,2,0,0,0,0,0,,0,0,Auckland Region,Nil,2-way,Sealed,0,0,0,0,50,0,On,0,0,,76,Auckland,Nil,0,1,0,0,0,0,Urban,0,0,0,Fine,Null
1771345.4446,5900032.7014,847971,,523911,0,,0,1,,Null,2022/2023,PORCHESTER ROAD,POPES ROAD,,Non-Injury Crash,No,2023,,North,,0,,Flat,,,,,,Overcast,767100,0,0,0,2,,,0,,,,,,Auckland Region,Nil,2-way,Sealed,,0,0,,60,,Off,0,0,,76,Auckland,Stop,,,,,0,1,Urban,0,,,Fine,Null
1753556.6982,5914640.6809,847973,,518801,0,,0,3,,South,2022/2023,STODDARD ROAD,DENIZE ROAD,,Minor Crash,No,2023,,North,,0,,Flat,,,,,,Overcast,578500,2,0,0,3,,,0,,,,,,Auckland Region,Nil,2-way,Sealed,,0,0,,50,,Null,0,0,,76,Auckland,Nil,,,,,0,0,Urban,0,,,Fine,Null
1767923.9067,5913684.0178,847979,,522810,0,,0,1,,Null,2022/2023,PAKURANGA ROAD,GLENMORE ROAD,,Minor Crash,No,2023,,East,,0,,Hill Road,,,,,,Overcast,691103,1,0,0,3,,,0,,,,,,Auckland Region,Nil,2-way,Sealed,,0,0,,60,,On,1,0,,76,Auckland,Traffic Signals,,,,,0,0,Urban,0,,,Fine,Null
1751618.36,5914203.8086,847980,,514402,0,,0,0,,Null,2024/2025,TIVERTON ROAD,BLOCKHOUSE BAY ROAD,,Non-Injury Crash,No,2024,,West,,0,,Flat,,,,,,Overcast,378301,0,0,0,4,,,0,,,,,,Auckland Region,Nil,2-way,Sealed,,0,0,,50,,On,1,0,,76,Auckland,Traffic Signals,,,,,0,0,Urban,1,,,Mist or Fog,Null
1750818.2521,5915595.218,847988,,514802,0,,0,2,,Null,2023/2024,ROSEBANK ROAD,ASH STREET,,Non-Injury Crash,No,2023,,East,,0,,Flat,,,,,,Unknown,386600,0,0,0,2,,,0,,,,,,Auckland Region,Nil,2-way,Sealed,,0,0,,50,,Off,0,0,,76,Auckland,Traffic Signals,,,,,0,0,Urban,0,,,Fine,None
1764818.622,5917424.3567,847995,,517201,0,0,0,1,0,Null,2022/2023,HOWARD HUNTER AVENUE,ANSON PLACE,,Non-Injury Crash,No,2023,0,South,0,0,1,Flat,0,,0,,0,Overcast,464100,0,0,0,2,0,0,0,0,0,,0,0,Auckland Region,Nil,2-way,Sealed,0,0,0,0,50,0,Off,0,0,,76,Auckland,Nil,0,0,0,1,0,0,Urban,0,0,0,Fine,Null
1755724.5687,5913420.2074,847996,,518701,0,,0,2,,South,2023/2024,FROST ROAD,CARR ROAD,,Non-Injury Crash,No,2023,,North,,0,,Flat,,,,,,Overcast,569700,0,0,0,2,,,0,,,,,,Auckland Region,Nil,2-way,Sealed,,0,0,,50,,Off,0,0,,76,Auckland,Nil,,,,,0,0,Urban,0,,,Fine,None
1766347.0739,5918562.0044,848016,,516900,0,,0,2,,Null,2023/2024,MOUNT TAYLOR DRIVE,ESPERANCE ROAD,,Non-Injury Crash,No,2024,,East,,0,,Flat,,,,,,Dark,467200,0,0,0,2,,,0,,,,,,Auckland Region,Nil,2-way,Sealed,,0,0,,50,,On,0,0,,76,Auckland,Stop,,,,,0,0,Urban,0,,,Fine,Null
1772552.1761,5896706.0044,848028,,525420,0,,0,0,,Null,2024/2025,O'SHANNESSEY STREET,GREAT SOUTH ROAD,,Minor Crash,No,2024,,West,,0,,Flat,,,,,,Dark,792800,1,0,0,3,,,0,,,,,,Auckland Region,Nil,2-way,Sealed,,0,0,,50,,On,0,0,,76,Auckland,Traffic Signals,,,,,0,0,Urban,2,,,Light rain,Null
1780024.0388,5900879.022,848035,,525201,0,0,0,1,0,Null,2023/2024,PAPAKURA-CLEVEDON ROAD,CREIGHTONS ROAD,,Minor Crash,No,2023,0,North,0,0,0,Flat,0,,0,,0,Dark,763300,1,0,0,2,0,0,0,0,0,,0,0,Auckland Region,Nil,2-way,Sealed,0,0,0,0,80,0,On,0,0,,76,Auckland,Give way,0,0,0,1,0,0,Open,0,0,0,Light rain,Null
1748964.1615,5918408.5404,848040,,514801,0,,0,1,,West,2024/2025,NORTH-WESTERN MOTORWAY,ROSEBANK OBR,,Minor Crash,Yes,2024,,East,,0,,Flat,,,,,,Overcast,389200,1,0,1,4,,,0,,,,,,Auckland Region,Nil,1-way,Sealed,,0,0,,100,,Off,0,0,,76,Auckland,Nil,,,,,0,0,Open,0,,,Fine,Null
1745388.1408,5913996.2973,848044,,512904,0,,0,2,,Null,2024/2025,WEST COAST ROAD,ALBIONVALE ROAD,,Minor Crash,No,2024,,East,,0,,Flat,,,,,,Dark,278212,2,0,0,2,,,0,,,,,,Auckland Region,Nil,2-way,Sealed,,0,0,,50,,On,0,0,,76,Auckland,Give way,,,,,0,0,Urban,0,,,Fine,Null
1766952.4643,5901503.6751,848048,,524712,0,0,0,1,0,Null,2023/2024,RUSSELL ROAD,ARBOR CLOSE,,Non-Injury Crash,No,2024,0,North,0,0,0,Flat,0,,0,,0,Dark,779300,0,0,0,2,0,0,0,0,1,,0,0,Auckland Region,Nil,2-way,Sealed,0,0,0,0,50,0,On,0,0,,76,Auckland,Nil,0,0,0,0,0,0,Urban,1,0,0,Fine,Null
1760365.8594,5916095.4805,848049,,516003,0,,0,1,,Null,2022/2023,GREEN LANE EAST,ELLERSLIE RACECOURSE DRIVE,,Serious Crash,No,2023,,South,,0,,Flat,,,,,,Dark,494902,1,0,0,4,,,0,,,,,,Auckland Region,Nil,2-way,Sealed,,0,1,,50,,On,0,0,,76,Auckland,Traffic Signals,,,,,0,0,Urban,1,,,Heavy rain,Null
1755692.2578,5918341.8727,848051,,515500,0,,0,2,,East,2022/2023,NORTH-WESTERN MOTORWAY,BOND OBR,,Minor Crash,Yes,2023,,East,,0,,Flat,,,,,,Overcast,419400,1,0,0,4,,,0,,,,,,Auckland Region,Nil,1-way,Sealed,,0,0,,80,,Null,0,0,,76,Auckland,Nil,,,,,0,0,Open,1,,,Fine,Null
1745315.4437,5919760.1868,848052,,513301,0,,0,3,,Null,2022/2023,UNIVERSAL DRIVE,LINCOLN ROAD,,Non-Injury Crash,No,2023,,West,,0,,Flat,,,,,,Bright sun,230401,0,0,0,4,,,0,,,,,,Auckland Region,Nil,2-way,Sealed,,0,0,,50,,Off,0,0,,76,Auckland,Traffic Signals,,,,,0,0,Urban,0,,,Fine,Null
1754818.2182,5931743.9012,848059,,508805,0,,0,2,,Null,2022/2023,CONSTELLATION DRIVE,ASCENSION PLACE,,Minor Crash,No,2023,,East,,0,,Flat,,,,,,Bright sun,180813,4,0,0,4,,,0,,,,,,Auckland Region,Nil,2-way,Sealed,,0,0,,50,,Off,0,0,,76,Auckland,Give way,,,,,0,0,Urban,0,,,Fine,Null
1759039.5721,5907298.8542,848068,,524122,0,0,0,1,0,North,2024/2025,LYNETTE PLACE,IDLEWILD AVENUE,,Non-Injury Crash,No,2024,0,North,0,0,0,Flat,0,,0,,0,Unknown,738600,0,0,0,2,0,0,0,0,1,,0,0,Auckland Region,Nil,2-way,Sealed,0,0,0,0,50,0,Null,0,0,,76,Auckland,Nil,0,0,0,0,0,1,Urban,0,0,0,Null,None
1756471.2259,5924513.0069,848072,,509702,0,0,0,1,0,South,2024/2025,ONEWA ROAD ON RAMP,ONEWA OBR ON,,Non-Injury Crash,No,2024,0,South,0,0,0,Hill Road,1,,0,,0,Dark,366700,0,0,0,1,0,0,0,0,0,,0,0,Auckland Region,Motorway ramp,1-way,Sealed,0,0,0,0,100,0,On,0,0,,76,Auckland,Nil,0,0,0,0,0,0,Open,0,0,0,Light rain,Null
1744140.1468,5920978.145,848076,,513631,0,0,0,3,0,East,2024/2025,WAIMUMU ROAD,WHARARA LANE,,Non-Injury Crash,No,2024,0,East,0,0,0,Flat,0,,0,,0,Bright sun,227704,0,0,0,2,0,0,0,0,1,,0,0,Auckland Region,Nil,2-way,Sealed,0,0,0,0,50,0,Off,0,0,,76,Auckland,Nil,0,0,0,0,0,0,Urban,0,0,0,Fine,Null
1769018.9983,5882145.0224,848083,,525910,0,,0,2,,South,2022/2023,EDINBURGH STREET,SEDDON STREET,,Minor Crash,No,2023,,North,,0,,Flat,,,,,,Overcast,818200,1,0,0,2,,,0,,,,,,Auckland Region,Nil,2-way,Sealed,,0,0,,50,,On,0,0,,76,Auckland,Nil,,,,,0,0,Urban,0,,,Fine,Null
1778166.703,5927495.4007,848088,,520801,0,0,0,0,0,West,2024/2025,OCEAN VIEW ROAD,MAKO STREET,,Minor Crash,No,2024,0,East,0,0,0,Flat,0,,0,,0,Bright sun,515902,1,0,0,2,0,0,0,0,1,,0,0,Auckland Region,Nil,2-way,Sealed,0,0,0,0,30,0,Off,2,0,,76,Auckland,Nil,0,0,0,0,0,0,Urban,0,0,0,Fine,Null
1756575.1724,5912587.7387,848096,45,518702,0,,0,2,,Null,2022/2023,HILLSBOROUGH ROAD,LITTLEJOHN STREET,,Non-Injury Crash,No,2023,,South,,0,,Flat,,,,,,Overcast,570600,0,0,0,2,,,0,,,,,,Auckland Region,Nil,2-way,Sealed,,0,0,,50,,On,0,0,,76,Auckland,Stop,,,,,0,0,Urban,0,,,Fine,None
1758674.1429,5918955.3335,848104,,515902,0,0,0,0,0,South,2024/2025,MAUNSELL ROAD,TITOKI STREET,,Non-Injury Crash,No,2024,0,South,0,0,0,Null,0,,0,,0,Unknown,451700,0,0,0,2,0,0,0,0,1,,0,0,Auckland Region,Nil,2-way,Null,0,0,0,0,30,0,Null,2,0,,76,Auckland,Nil,0,0,0,0,0,0,Urban,0,0,0,Null,Null
1751145.8761,5913932.0391,848105,,514402,0,,0,1,,North,2022/2023,WOLVERTON STREET,ST GEORGES ROAD,,Non-Injury Crash,No,2023,,South,,0,,Flat,,,,,,Bright sun,379700,0,0,0,4,,,0,,,,,,Auckland Region,Nil,2-way,Sealed,,0,0,,50,,None,0,0,,76,Auckland,Nil,,,,,1,0,Urban,1,,,Fine,Null
1765791.8624,5901461.4026,848120,,524604,0,,0,2,,Null,2023/2024,BROWNS ROAD,FELLBROOK STREET,,Non-Injury Crash,No,2024,,West,,0,,Flat,,,,,,Bright sun,781302,0,0,0,2,,,0,,,,,,Auckland Region,Nil,2-way,Sealed,,0,0,,50,,None,0,0,30,76,Auckland,Give way,,,,,0,0,Urban,0,,,Fine,Null
1739820.8551,5897795.6119,848136,,521151,0,0,0,1,0,South,2023/2024,AWHITU GULLY ROAD,WATTLE BAY ROAD,,Non-Injury Crash,No,2024,0,West,0,0,0,Flat,0,,0,,0,Dark,829300,0,0,0,2,0,0,0,0,0,,0,1,Auckland Region,Nil,2-way,Unsealed,0,0,0,0,100,0,None,0,0,,76,Auckland,Nil,0,0,0,0,0,0,Open,0,0,0,Fine,Null
1740533.7013,5925506.7491,848172,,513701,0,,0,2,,South,2023/2024,NIXON ROAD,LIVERY LANE,,Non-Injury Crash,No,2024,,South,,0,,Flat,,,,,,Bright sun,220300,0,0,0,2,,,0,,,,,,Auckland Region,Nil,2-way,Sealed,,0,0,,60,,Off,0,0,,76,Auckland,Nil,,,,,0,0,Urban,0,,,Fine,Null
1754446.2885,5915158.2269,848188,,517702,0,,0,1,,Null,2024/2025,MOUNT ALBERT ROAD,SANDRINGHAM ROAD,,Minor Crash,No,2025,,South,,0,,Flat,,,,,,Dark,541500,1,0,0,2,,,0,,,,,,Auckland Region,Nil,2-way,Sealed,,0,0,,50,,On,0,0,,76,Auckland,Traffic Signals,,,,,0,0,Urban,1,,,Light rain,Null
1767024.2591,5907655.4803,848191,,523501,0,0,0,1,0,East,2022/2023,EAST TAMAKI ROAD,BAIRDS ROAD,,Non-Injury Crash,No,2023,0,East,0,0,0,Flat,0,,0,,0,Overcast,700602,0,0,0,4,0,0,0,0,0,,0,0,Auckland Region,Nil,2-way,Sealed,0,0,0,0,50,0,Off,0,0,,76,Auckland,Nil,1,0,0,1,0,0,Urban,0,0,0,Fine,Null