X,Y,OBJECTID,advisorySpeed,areaUnitID,bicycle,bridge,bus,carStationWagon,cliffBank,crashDirectionDescription,crashFinancialYear,crashLocation1,crashLocation2,crashRoadSideRoad,crashSeverity,crashSHDescription,crashYear,debris,directionRoleDescription,ditch,fatalCount,fence,flatHill,guardRail,holiday,houseOrBuilding,intersection,kerb,light,meshblockId,minorInjuryCount,moped,motorcycle,NumberOfLanes,objectThrownOrDropped,otherObject,otherVehicleType,overBank,parkedVehicle,pedestrian,phoneBoxEtc,postOrPole,region,roadCharacter,roadLane,roadSurface,roadworks,schoolBus,seriousInjuryCount,slipOrFlood,speedLimit,strayAnimal,streetLight,suv,taxi,temporarySpeedLimit,tlaId,tlaName,trafficControl,trafficIsland,trafficSign,train,tree,truck,unknownVehicleType,urban,vanOrUtility,vehicle,waterRiver,weatherA,weatherB
1766241.6991,5905344.5628,848192,,522400,0,0,0,2,0,South,2023/2024,FITZROY STREET,CARRUTH ROAD,,Non-Injury Crash,No,2024,0,South,0,0,0,Flat,0,,0,,0,Bright sun,672001,0,0,0,2,0,0,0,0,1,,0,0,Auckland Region,Nil,2-way,Sealed,0,0,0,0,50,0,Off,0,0,,76,Auckland,Nil,0,0,0,0,0,0,Urban,0,0,0,Fine,None
1757432.6795,5921034.4438,848199,,514101,0,,0,0,,North,2022/2023,LOWER ALBERT STREET,CUSTOMS STREET WEST,,Serious Crash,No,2023,,North,,0,,Flat,,,,,,Dark,432900,0,0,0,4,,,0,,,1,,,Auckland Region,Nil,2-way,Sealed,,0,1,,30,,On,0,0,,76,Auckland,Nil,,,,,0,0,Urban,0,,,Fine,Null
1756075.6064,5920532.1657,848204,,514000,0,,0,2,,Null,2023/2024,COLLEGE HILL,SCOTLAND STREET,,Non-Injury Crash,No,2023,,West,,0,,Hill Road,,,,,,Overcast,416600,0,0,0,2,,,0,,,,,,Auckland Region,Nil,2-way,Sealed,,0,0,,30,,Off,0,0,,76,Auckland,Give way,,,,,0,0,Urban,0,,,Fine,Null
1742362.1166,5916840.7359,848208,,513020,0,0,0,1,0,South,2022/2023,SIMPSON ROAD,TASMAN AVENUE,,Non-Injury Crash,No,2023,0,South,0,0,0,Flat,1,,0,,0,Dark,236900,0,0,0,2,0,0,0,0,0,,0,0,Auckland Region,Nil,2-way,Sealed,0,0,0,0,50,0,On,0,0,,76,Auckland,Nil,0,0,0,0,0,0,Urban,0,0,0,Light rain,Null
1756620.1663,5912777.0603,848209,,518702,0,,0,1,,Null,2023/2024,HILLSBOROUGH ROAD OFF RAMP,HILLSBOROUGH ROAD,,Serious Crash,No,2023,,West,,0,,Flat,,,,,,Overcast,570100,0,0,0,2,,,0,,,,,,Auckland Region,Nil,2-way,Sealed,,0,1,,50,,Off,0,0,,76,Auckland,Traffic Signals,,,,,1,0,Urban,0,,,Fine,Null
1770696.6658,5898587.1544,848211,,523920,0,,0,2,,Null,2022/2023,GREAT SOUTH ROAD,TAKA STREET,,Minor Crash,No,2023,,North,,0,,Flat,,,,,,Dark,768001,1,0,0,3,,,0,,,,,,Auckland Region,Nil,2-way,Sealed,,0,0,,50,,On,0,0,,76,Auckland,Give way,,,,,0,0,Urban,0,,,Fine,Null
1733421.8084,5959482.5422,848212,,506613,0,0,0,1,0,West,2024/2025,WEST COAST ROAD,KOMOKORIKI HILL ROAD,,Serious Crash,No,2025,0,West,0,0,0,Flat,1,,0,,0,Overcast,146400,0,0,0,1,0,0,0,0,0,,0,0,Auckland Region,Bridge,2-way,Sealed,0,0,1,0,100,0,None,0,0,,76,Auckland,Give way,0,0,0,0,0,0,Open,0,0,0,Fine,Strong wind
1759621.619,5916278.7679,848224,,516002,0,,0,1,,North,2024/2025,SOUTHERN MOTORWAY,GREEN LANE EAST ON RAMP,,Minor Crash,Yes,2024,,North,,0,,Flat,,,,,,Bright sun,492000,1,0,0,3,,,0,,,,,,Auckland Region,Nil,1-way,Sealed,,0,0,,100,,Off,0,0,,76,Auckland,Nil,,,,,1,0,Open,0,,,Fine,Null
1766300.8069,5907459.8677,848229,,522302,0,,0,3,,South,2023/2024,SOUTHERN MOTORWAY,EAST TAMAKI OBR,,Minor Crash,Yes,2023,,North,,0,,Flat,,,,,,Bright sun,667700,1,0,0,4,,,0,,,,,,Auckland Region,Motorway ramp,1-way,Sealed,,0,0,,100,,Off,0,0,,76,Auckland,Nil,,,,,0,1,Open,1,,,Fine,Null
1754573.2781,5917046.6522,848231,,517701,0,0,0,1,0,Null,2022/2023,MORNINGSIDE DRIVE,BOURNEMOUTH AVENUE,,Non-Injury Crash,No,2023,0,South,0,0,1,Flat,0,,0,,0,Dark,535600,0,0,0,2,0,0,0,0,0,,0,0,Auckland Region,Nil,2-way,Sealed,0,0,0,0,50,0,On,0,0,,76,Auckland,Give way,0,1,0,0,0,0,Urban,0,0,0,Light rain,Null
1764757.6476,5905783.6952,848232,,522201,0,,0,2,,Null,2023/2024,SHIRLEY ROAD,STATION ROAD,,Non-Injury Crash,No,2023,,South,,0,,Flat,,,,,,Overcast,663100,0,0,0,3,,,0,,,,,,Auckland Region,Nil,2-way,Sealed,,0,0,,50,,Off,0,0,,76,Auckland,Traffic Signals,,,,,0,0,Urban,0,,,Fine,None
1768337.3821,5913276.482,848236,,523000,0,,0,1,,Null,2024/2025,GOSSAMER DRIVE,LARNE AVENUE,,Minor Crash,No,2024,,South,,0,,Flat,,,,,,Overcast,689900,1,0,0,2,,,0,,,,,,Auckland Region,Nil,2-way,Sealed,,0,0,,50,,Off,0,0,,76,Auckland,Give way,,,,,0,0,Urban,1,,,Fine,Null
1750114.7787,5914197.6686,848240,,511303,0,,0,1,,South,2024/2025,GREAT NORTH ROAD,LYNNMALL CPK ENT,,Serious Crash,No,2024,,South,,0,,Flat,,,,,,Bright sun,265900,0,0,0,5,,,0,,,1,,,Auckland Region,Nil,2-way,Sealed,,0,1,,50,,Off,0,0,,76,Auckland,Nil,,,,,0,0,Urban,0,,,Fine,Null
1753435.7573,5876208.0806,848248,,526104,0,,0,0,,Null,2023/2024,QUEEN STREET,KING STREET,,Minor Crash,No,2024,,North,,0,,Flat,,,,,,Bright sun,834800,1,0,1,1,,,0,,,,,,Auckland Region,Nil,2-way,Sealed,,0,0,,50,,Off,0,0,,76,Auckland,Give way,,,,,0,0,Urban,0,,,Fine,Null
1754150.2799,5911464.3528,848264,,519001,0,0,0,2,0,South,2023/2024,HILLSBOROUGH ROAD,JAMES TYLER CRESCENT,,Non-Injury Crash,No,2023,0,North,0,0,0,Hill Road,0,,0,,0,Dark,591702,0,0,0,2,0,0,0,0,1,,0,0,Auckland Region,Nil,2-way,Sealed,0,0,0,0,50,0,On,0,0,,76,Auckland,Nil,0,0,0,0,0,0,Urban,0,0,0,Light rain,Null
1753593.4488,5928831.7961,848265,,508320,0,,0,2,,Null,2022/2023,GLENFIELD ROAD,MANUKA ROAD,,Minor Crash,No,2023,,South,,0,,Flat,,,,,,Bright sun,196900,1,0,0,6,,,0,,,,,,Auckland Region,Nil,2-way,Sealed,,0,0,,50,,Off,0,0,,76,Auckland,Traffic Signals,,,,,0,0,Urban,0,,,Fine,Null
1761066.4851,5914369.1341,848280,,520202,0,,1,0,,Null,2023/2024,GREAT SOUTH ROAD,ELLERSLIE-PANMURE HIGHWAY,,Non-Injury Crash,No,2023,,South,,0,,Flat,,Christmas New Year,,,,Overcast,612200,0,0,0,2,,,0,,,,,,Auckland Region,Nil,1-way,Sealed,,0,0,,50,,Off,0,0,,76,Auckland,Give way,,,,,0,0,Urban,1,,,Fine,Null
1756715.5767,5913076.326,848281,,518702,0,,0,2,,Null,2023/2024,HILLSBOROUGH ROAD,CARR ROAD,,Minor Crash,No,2024,,South,,0,,Flat,,,,,,Overcast,568000,1,0,0,2,,,0,,,,,,Auckland Region,Nil,2-way,Sealed,,0,0,,50,,Off,0,0,,76,Auckland,Traffic Signals,,,,,0,0,Urban,0,,,Fine,Null
1754670.4119,5944994.2454,848289,,505909,0,0,0,2,0,Null,2023/2024,WHANGAPARAOA ROAD,WIRIANA PLACE,,Minor Crash,No,2024,0,East,0,0,1,Hill Road,0,,0,,0,Overcast,173809,2,0,0,2,0,0,0,0,0,,0,0,Auckland Region,Nil,2-way,Sealed,0,0,0,0,50,0,Off,0,0,,76,Auckland,Give way,0,0,0,0,0,0,Urban,0,0,0,Heavy rain,Null
1762910.8573,5912938.1041,848292,,520402,0,,0,2,,West,2024/2025,SOUTHERN MOTORWAY,SOUTH-EASTERN HWY OFF RAMP,,Minor Crash,Yes,2024,,East,,0,,Flat,,,,,,Bright sun,642500,1,0,0,3,,,0,,,,,,Auckland Region,Nil,1-way,Sealed,,0,0,,100,,Off,1,0,,76,Auckland,Nil,,,,,0,0,Open,1,,,Fine,Null
1766762.2032,5904046.371,848299,,524604,0,0,0,1,0,Null,2022/2023,LAMBIE DRIVE,LAMBIE DRIVE OFF RAMP,,Non-Injury Crash,No,2023,0,North,0,0,0,Flat,0,,0,,0,Bright sun,780209,0,0,0,4,0,1,0,0,0,,0,0,Auckland Region,Nil,2-way,Sealed,0,0,0,0,50,0,Off,0,0,,76,Auckland,Give way,0,0,0,0,0,0,Urban,0,0,0,Fine,Null
1747729.1021,5921525.9064,848303,,512300,0,0,0,0,0,Null,2022/2023,GUNNER DRIVE,TORELESSE ROAD,,Non-Injury Crash,No,2023,0,South,0,0,0,Flat,0,,0,,0,Overcast,250102,0,0,0,2,0,0,0,0,0,,0,1,Auckland Region,Nil,2-way,Sealed,0,0,0,0,50,0,Off,1,0,,76,Auckland,Give way,0,0,0,1,0,0,Urban,0,0,0,Fine,Null
1754675.8776,5930694.4441,848307,,508520,0,,0,1,,South,2022/2023,NORTHERN MOTORWAY,UPPER HARBOUR HWY ON RAMP,,Serious Crash,Yes,2023,,South,,0,,Hill Road,,,,,,Dark,191104,0,0,1,2,,,0,,,,,,Auckland Region,Motorway ramp,1-way,Sealed,,0,1,,100,,On,0,0,,76,Auckland,Nil,,,,,0,0,Open,0,,,Light rain,Null
1760104.3212,5915952.3361,848309,,516002,0,,0,1,,Null,2022/2023,GREEN LANE EAST,GREEN LANE EAST ON RAMP,,Non-Injury Crash,No,2023,,East,,0,,Flat,,,,,,Bright sun,492100,0,0,0,2,,,0,,,,,,Auckland Region,Overpass,1-way,Sealed,,0,0,,50,,Off,0,0,,76,Auckland,Give way,,,,,0,1,Urban,0,,,Fine,Null
1766027.0984,5903774.9237,848325,,524604,0,0,0,3,0,West,2022/2023,SOUTH-WESTERN MOTORWAY,PLUNKET OBR,,Minor Crash,Yes,2023,0,West,0,0,0,Flat,2,,0,,0,Dark,780208,2,0,0,4,0,0,0,0,0,,0,0,Auckland Region,Nil,2-way,Sealed,0,0,0,0,100,0,On,0,0,,76,Auckland,Nil,0,0,0,0,0,0,Open,0,0,0,Fine,Null
1743920.7712,5920919.3005,848329,,513632,0,,0,2,,East,2022/2023,ZITA MARIA DRIVE,ANICH ROAD,,Minor Crash,No,2023,,East,,0,,Flat,,,,,,Overcast,228101,3,0,0,2,,,0,,,,,,Auckland Region,Nil,2-way,Sealed,,0,0,,50,,Off,0,0,,76,Auckland,Nil,,,,,0,0,Urban,0,,,Fine,Null
1775789.8726,5883095.2395,848331,,521160,0,0,0,1,0,South,2023/2024,SOUTHERN MOTORWAY,ST STEPHENS OBR,,Minor Crash,Yes,2023,0,South,0,0,1,Flat,0,,0,,0,Dark,827603,1,0,0,2,0,0,0,0,1,,0,0,Auckland Region,Nil,1-way,Sealed,0,0,0,0,100,0,On,0,0,,76,Auckland,Nil,0,0,0,0,0,0,Open,0,0,0,Fine,Strong wind
1769510.5476,5899786.6747,848335,,525002,0,,0,1,,Null,2022/2023,GREAT SOUTH ROAD,MAHIA ROAD,,Non-Injury Crash,No,2023,,North,,0,,Flat,,,,,,Dark,754100,0,0,0,4,,,0,,,,,,Auckland Region,Nil,2-way,Sealed,,0,0,,50,,On,0,0,,76,Auckland,Traffic Signals,,,,,0,0,Urban,1,,,Fine,Null
1758424.2273,5917081.1176,848344,,519200,0,,0,2,,South,2024/2025,MARGOT STREET,CLYDE STREET,,Non-Injury Crash,No,2024,,South,,0,,Flat,,,,,,Overcast,613900,0,0,0,2,,,0,,,,,,Auckland Region,Nil,2-way,Sealed,,0,0,,50,,Off,0,0,40,76,Auckland,Nil,,,,,0,0,Urban,0,,,Fine,Null
1758373.171,5917899.9814,848352,,517400,0,0,0,1,0,Null,2024/2025,MORTIMER PASS,BROADWAY,,Non-Injury Crash,No,2024,0,East,0,0,0,Flat,0,,1,,0,Dark,451300,0,0,0,2,0,0,0,0,0,,0,0,Auckland Region,Nil,1-way,Sealed,0,0,0,0,50,0,On,0,0,,76,Auckland,Traffic Signals,0,0,0,0,0,0,Urban,0,0,0,Fine,Null
1754644.1988,5912544.8851,848357,35,519001,0,,0,2,,Null,2023/2024,RICHARDSON ROAD,DOMINION ROAD EXTENSION,,Non-Injury Crash,No,2023,,South,,0,,Flat,,,,,,Bright sun,588600,0,0,0,1,,,0,,,,,,Auckland Region,Nil,2-way,Sealed,,0,0,,50,,Off,0,0,30,76,Auckland,Give way,,,,,0,0,Urban,0,,,Fine,Null
1751139.2464,5981525.196,848392,,506660,0,0,0,1,1,South,2023/2024,MATAKANA VALLEY ROAD,PAKIRI ROAD,,Non-Injury Crash,No,2023,0,North,0,0,0,Flat,0,,0,,0,Bright sun,136203,0,0,0,2,0,0,0,0,0,,0,0,Auckland Region,Nil,2-way,Sealed,0,0,0,0,100,0,None,0,0,,76,Auckland,Nil,0,0,0,0,0,0,Open,0,0,0,Fine,Null
1757805.5231,5918174.163,848396,,515700,0,,0,2,,South,2023/2024,SOUTHERN MOTORWAY,MOUNTAIN OBR,,Non-Injury Crash,Yes,2023,,North,,0,,Flat,,,,,,Bright sun,443600,0,0,0,5,,,0,,,,,,Auckland Region,Nil,1-way,Sealed,,0,0,,80,,Off,2,0,,76,Auckland,Nil,,,,,0,0,Open,0,,,Fine,Null
1766108.4927,5907619.7137,848400,,522301,0,,0,1,,South,2023/2024,EAST TAMAKI ROAD ON RAMP,SOUTHERN MOTORWAY,,Non-Injury Crash,No,2023,,North,,0,,Flat,,,,,,Overcast,666700,0,0,0,1,,,0,,,,,,Auckland Region,Motorway ramp,1-way,Sealed,,0,0,,100,,Off,0,0,,76,Auckland,Nil,,,,,1,0,Open,0,,,Fine,Null
1769909.6047,5900957.8381,848432,,523816,0,0,0,1,0,South,2022/2023,SOUTHERN MOTORWAY,ALFRISTON OBR,,Non-Injury Crash,Yes,2023,0,South,0,0,0,Flat,1,,0,,0,Dark,759724,0,0,0,3,0,0,0,0,0,,0,0,Auckland Region,Nil,1-way,Sealed,0,0,0,0,100,0,On,0,0,,76,Auckland,Nil,0,0,0,0,0,0,Open,1,0,0,Light rain,Null
1755016.1047,5913728.7134,848444,,518803,0,,0,1,,Null,2023/2024,DOMINION ROAD,DENBIGH AVENUE,,Non-Injury Crash,No,2024,,North,,0,,Flat,,,,,,Bright sun,582500,0,0,0,4,,,0,,,,,,Auckland Region,Nil,2-way,Sealed,,0,0,,50,,Off,0,0,,76,Auckland,Give way,,,,,0,0,Urban,1,,,Fine,Null
1790117.6939,5922764.5735,848448,,520801,0,0,0,1,0,East,2024/2025,ORAPIU ROAD,AWAAWAROA ROAD,,Minor Crash,No,2024,0,South,0,0,0,Hill Road,0,,0,,0,Dark,515801,1,0,0,2,0,0,0,0,0,,0,0,Auckland Region,Nil,2-way,Unsealed,0,0,0,0,80,0,Off,0,0,,76,Auckland,Nil,0,0,0,1,0,0,Open,0,0,0,Fine,Null
1755015.6367,5913730.0766,848452,,518803,0,,0,1,,Null,2023/2024,DOMINION ROAD,DENBIGH AVENUE,,Non-Injury Crash,No,2023,,North,,0,,Flat,,,,,,Overcast,581700,0,0,0,3,,,0,,,,,,Auckland Region,Nil,2-way,Sealed,,0,0,,50,,Off,0,0,,76,Auckland,Give way,,,,,1,0,Urban,0,,,Fine,None
1752859.0635,5924752.028,848456,,510401,0,,0,1,,West,2024/2025,MOKOIA ROAD,ROSEBERRY AVENUE,,Minor Crash,No,2025,,West,,0,,Hill Road,,,,,,Overcast,355300,1,0,0,2,,,0,,,1,,,Auckland Region,Nil,2-way,Sealed,,0,0,,50,,Off,0,0,,76,Auckland,Nil,,,,,0,0,Urban,0,,,Fine,Null
1765222.9735,5914839.3638,848464,,520301,0,,0,1,,Null,2023/2024,PILKINGTON ROAD,PLEASANT VIEW ROAD,,Non-Injury Crash,No,2024,,North,,0,,Flat,,,,,,Bright sun,628300,0,0,0,2,,,0,,,,,,Auckland Region,Nil,2-way,Sealed,,0,0,,50,,Off,1,0,,76,Auckland,Give way,,,,,0,0,Urban,0,,,Fine,None
1756401.5972,5920174.1146,848492,,514000,0,,0,2,,North,2023/2024,NORTHERN MOTORWAY,WELLINGTON OBR,,Non-Injury Crash,Yes,2023,,North,,0,,Flat,,,,,,Bright sun,416800,0,0,0,3,,,0,,,,,,Auckland Region,Nil,1-way,Sealed,,0,0,,80,,Off,0,0,,76,Auckland,Nil,,,,,0,0,Open,0,,,Fine,Null
1753680.1056,5875811.0635,848504,,526104,0,,0,1,,East,2023/2024,VICTORIA AVENUE,CIVIC PLACE,,Minor Crash,No,2024,,West,,0,,Hill Road,,,,,,Bright sun,834900,2,0,0,1,,,0,,,,,,Auckland Region,Nil,2-way,Sealed,,0,0,,50,,Off,0,0,,76,Auckland,Nil,,,,,1,0,Urban,0,,,Fine,Null
1772905.5028,5890718.5002,848505,,521301,0,0,0,1,0,Null,2023/2024,PITT ROAD,GREAT SOUTH ROAD,,Serious Crash,No,2023,0,North,2,0,0,Hill Road,0,,0,,0,Overcast,809200,6,0,0,2,0,0,0,0,0,,0,0,Auckland Region,Nil,2-way,Sealed,0,0,2,0,80,0,Off,1,0,,76,Auckland,Give way,0,0,0,0,0,0,Open,0,0,0,Fine,Null
1768743.1749,5904546.5688,848520,,523722,0,,0,2,,Null,2023/2024,REDOUBT ROAD,EVERGLADE DRIVE,,Non-Injury Crash,No,2023,,East,,0,,Hill Road,,,,,,Dark,715917,0,0,0,4,,,0,,,,,,Auckland Region,Nil,2-way,Sealed,,0,0,,50,,On,0,0,,76,Auckland,Traffic Signals,,,,,0,0,Urban,0,,,Fine,Null
1758730.7645,5909660.8963,848532,,524002,0,,0,1,,Null,2024/2025,SCOTT AVENUE,TAYLOR ROAD,,Minor Crash,No,2024,,North,,0,,Hill Road,,,,,,Overcast,723800,1,0,0,2,,,0,,,1,,,Auckland Region,Nil,2-way,Sealed,,0,0,,50,,Off,0,0,40,76,Auckland,Stop,,,,,0,0,Urban,0,,,Fine,Null
1749633.5477,5940987.5024,848544,,506300,0,,0,1,,North,2024/2025,NORTHERN MOTORWAY,BAWDEN OBR,,Minor Crash,Yes,2024,,North,,0,,Flat,,,,,,Bright sun,175906,3,0,0,2,,,0,,,,,,Auckland Region,Nil,1-way,Sealed,,0,0,,100,,Off,1,0,,76,Auckland,Nil,,,,,0,0,Open,1,,,Fine,Null
1744495.3703,5974597.0555,848545,,506661,0,0,0,1,0,North,2022/2023,SH 1,KRAACK ROAD,,Non-Injury Crash,Yes,2023,0,West,0,0,0,Hill Road,1,,0,,0,Bright sun,138900,0,0,0,2,0,0,0,0,0,,0,0,Auckland Region,Nil,2-way,Sealed,0,0,0,0,80,0,Off,0,0,,76,Auckland,Nil,0,0,0,0,0,0,Open,0,0,0,Fine,Null
1748664.5023,5947756.2941,848560,,505806,0,,0,0,,North,2024/2025,MILLWATER PARKWAY ON RAMP,NORTHERN MOTORWAY,,Serious Crash,No,2024,,South,,0,,Flat,,,,,,Bright sun,176604,0,0,1,1,,,0,,,,,,Auckland Region,Motorway ramp,1-way,Sealed,,0,1,,100,,Off,0,0,,76,Auckland,Nil,,,,,0,0,Open,0,,,Fine,Null
1747137.9705,5919337.5205,848563,,512402,0,,0,1,,South,2022/2023,TE ATATU ROAD,COVIL AVENUE,,Non-Injury Crash,No,2023,,North,,0,,Flat,,,,,,Overcast,254302,0,0,0,4,,,0,,,,,,Auckland Region,Nil,2-way,Sealed,,0,0,,50,,On,1,0,,76,Auckland,Nil,,,,,0,0,Urban,0,,,Fine,Null
1763982.3268,5904259.119,848568,,524604,0,,0,2,,Null,2022/2023,PUHINUI ROAD,PUHINUI ROAD-SH 20B ON RAMP,,Non-Injury Crash,Yes,2023,,East,,0,,Flat,,,,,,Dark,780902,0,0,0,3,,,0,,,,,,Auckland Region,Nil,2-way,Sealed,,0,0,,50,,On,0,0,,76,Auckland,Traffic Signals,,,,,0,0,Urban,0,,,Heavy rain,Strong wind
1767885.7534,5911920.092,848573,,522910,0,,0,2,,Null,2023/2024,TI RAKAU DRIVE,GOSSAMER DRIVE,,Serious Crash,No,2023,,South,,0,,Flat,,,,,,Bright sun,687700,1,0,0,5,,,0,,,,,,Auckland Region,Nil,2-way,Sealed,,0,1,,60,,Off,0,0,,76,Auckland,Traffic Signals,,,,,0,0,Urban,0,,,Fine,Null
1803774.9358,5901684.3102,848577,,525202,0,0,0,0,0,East,2022/2023,EAST COAST ROAD,DEERYS ROAD,,Serious Crash,No,2023,0,North,0,0,0,Flat,1,,0,,0,Bright sun,840601,0,0,1,2,0,0,0,0,0,,0,0,Auckland Region,Nil,2-way,Sealed,0,0,1,0,60,0,None,0,0,,76,Auckland,Nil,0,0,0,0,0,0,Urban,0,0,0,Fine,Null
1746751.3013,5921458.0548,848581,,512201,0,0,0,3,0,South,2022/2023,TAIKATA ROAD,RIVER ROAD,,Minor Crash,No,2023,0,North,0,0,0,Flat,0,,0,,0,Overcast,247300,1,0,0,2,0,0,0,0,1,,0,0,Auckland Region,Nil,2-way,Sealed,0,0,0,0,50,0,None,0,0,,76,Auckland,Nil,0,0,0,0,0,0,Urban,0,0,0,Light rain,Null
1735778.6617,5988917.9,848588,,506660,0,0,0,1,0,North,2023/2024,SH 1,MANGAWHAI ROAD,,Non-Injury Crash,Yes,2023,0,North,0,0,1,Flat,0,,0,,0,Overcast,135700,0,0,0,2,0,0,0,0,0,,0,0,Auckland Region,Nil,2-way,Sealed,0,0,0,0,100,0,Off,0,0,,76,Auckland,Nil,0,0,0,0,0,0,Open,0,0,0,Fine,Null
1768346.0093,5900724.4178,848593,,525001,0,,0,0,,Null,2022/2023,LUPTON ROAD,RUSSELL ROAD,,Minor Crash,No,2023,,North,,0,,Flat,,,,,,Bright sun,752100,1,0,0,2,,,0,,,1,,,Auckland Region,Nil,2-way,Sealed,,0,0,,50,,Off,1,0,,76,Auckland,Give way,,,,,0,0,Urban,0,,,Fine,Null
1765397.5783,5881729.0763,848595,,521112,0,0,0,1,0,East,2022/2023,GUN CLUB ROAD,HART ROAD,,Minor Crash,No,2023,0,West,1,0,0,Flat,0,,0,,0,Bright sun,826400,2,0,0,2,0,0,0,0,0,,0,0,Auckland Region,Nil,2-way,Sealed,0,0,0,0,80,0,Off,0,0,,76,Auckland,Nil,0,0,0,0,0,0,Open,0,0,0,Fine,Null
1759548.5964,5912480.5509,848596,,519820,0,0,0,2,0,West,2022/2023,ARTHUR STREET,VICTORIA STREET,,Non-Injury Crash,No,2023,0,West,0,0,0,Flat,0,,0,,0,Dark,601300,0,0,0,2,0,0,0,0,1,,0,0,Auckland Region,Nil,2-way,Sealed,0,0,0,0,50,0,On,0,0,,76,Auckland,Nil,0,0,0,0,0,0,Urban,0,0,0,Light rain,Null
1748427.0262,5913946.8176,848597,,511700,0,,0,1,,West,2023/2024,GREAT NORTH ROAD,LYNWOOD ROAD,,Serious Crash,No,2024,,West,,0,,Flat,,,,,,Dark,270202,0,0,0,4,,,0,,,,,,Auckland Region,Speed hump,2-way,Sealed,,0,1,,50,,On,0,0,,76,Auckland,Nil,,,,,0,1,Urban,0,,,Fine,Null
1756519.4593,5918907.4144,848620,,514200,0,,0,1,,Null,2022/2023,NEWTON ROAD,PIWAKAWAKA STREET,,Minor Crash,No,2023,,East,,0,,Hill Road,,,,,,Dark,412800,1,0,0,2,,,0,,,,,,Auckland Region,Nil,1-way,Sealed,,0,0,,50,,On,0,0,,76,Auckland,Traffic Signals,,,,,0,0,Urban,1,,,Light rain,None
1772059.5079,5913785.7481,848634,,521602,0,0,0,1,0,Null,2022/2023,UNION ROAD,COOK STREET,,Minor Crash,No,2023,0,East,0,0,0,Flat,0,,0,,0,Dark,648600,1,0,0,2,0,0,0,0,0,,0,0,Auckland Region,Nil,2-way,Sealed,0,0,0,0,50,0,On,0,0,,76,Auckland,Give way,1,0,0,0,0,0,Urban,0,0,0,Heavy rain,Null
1756485.4199,5933517.2856,848644,,507300,0,0,0,1,0,Null,2023/2024,BEACH ROAD,WESTBOURNE ROAD,,Minor Crash,No,2024,0,South,0,0,1,Flat,0,,0,,0,Twilight,154700,2,0,0,2,0,0,0,0,0,,0,0,Auckland Region,Nil,2-way,Sealed,0,0,0,0,50,0,Off,0,0,,76,Auckland,Give way,0,0,0,0,0,0,Urban,0,0,0,Fine,Frost
1735390.321,5938278.8196,848648,,506653,0,0,0,1,0,East,2023/2024,PEAK ROAD,OLD NORTH ROAD,,Non-Injury Crash,No,2023,0,South,1,0,0,Flat,0,Christmas New Year,0,,0,Dark,217601,0,0,0,2,0,0,0,0,0,,0,1,Auckland Region,Nil,2-way,Sealed,0,0,0,0,80,0,None,0,0,,76,Auckland,Nil,0,0,0,0,0,0,Open,0,0,0,Fine,Null
1746574.6071,5915559.438,848653,,511800,1,,0,1,,South,2023/2024,GREAT NORTH ROAD,VIEW ROAD,,Serious Crash,No,2023,,North,,0,,Flat,,,,,,Overcast,276400,0,0,0,4,,,0,,,,,,Auckland Region,Nil,2-way,Sealed,,0,1,,50,,Off,0,0,40,76,Auckland,Nil,,,,,0,0,Urban,0,,,Fine,Null
1756163.7834,5924038.1288,848664,,509800,0,,0,4,,North,2023/2024,NORTHERN MOTORWAY,WEIGH BRIDGE,,Minor Crash,Yes,2024,,South,,0,,Flat,,,,,,Dark,361100,1,0,0,5,,,0,,,,,,Auckland Region,Nil,1-way,Sealed,,0,0,,80,,On,2,0,,76,Auckland,Nil,,,,,0,0,Open,0,,,Light rain,Null
1755072.6777,5931474.6109,848676,,508520,0,0,0,1,0,Null,2022/2023,JUNIPER ROAD,SUNSET ROAD,,Non-Injury Crash,No,2023,0,North,0,0,1,Flat,0,,1,,0,Bright sun,191903,0,0,0,2,0,0,0,0,0,,0,0,Auckland Region,Nil,2-way,Sealed,0,0,0,0,50,0,Off,0,0,,76,Auckland,Give way,0,0,0,0,0,0,Urban,0,0,0,Fine,Null
1753926.1591,5933528.767,848680,,508804,1,0,0,0,0,South,2023/2024,HUGH GREEN DRIVE,GREVILLE ROAD,,Minor Crash,No,2023,0,North,0,0,0,Hill Road,0,,0,,0,Overcast,180701,1,0,0,2,0,0,0,0,0,,0,0,Auckland Region,Nil,2-way,Sealed,0,0,0,0,50,0,Off,1,0,,76,Auckland,Nil,0,0,0,0,0,0,Urban,0,1,0,Fine,Null
1743537.5931,5920517.2599,848692,45,513622,0,0,0,1,0,South,2023/2024,DON BUCK ROAD,JEZERO DRIVE,,Minor Crash,No,2024,0,North,0,0,1,Flat,0,,1,,0,Bright sun,226902,1,0,0,2,0,0,0,0,0,,0,1,Auckland Region,Nil,2-way,Sealed,0,0,0,0,50,0,Off,0,0,40,76,Auckland,Nil,0,0,0,0,0,0,Urban,0,0,0,Fine,Null
1766586.6529,5913288.1082,848709,,522910,0,,0,3,,East,2022/2023,PAKURANGA ROAD,TI RAKAU DRIVE,,Minor Crash,No,2023,,West,,0,,Flat,,,,,,Dark,684000,1,0,0,3,,,0,,,,,,Auckland Region,Nil,1-way,Sealed,,0,0,,60,,On,0,0,,76,Auckland,Nil,,,,,0,0,Urban,0,,,Light rain,Null