X,Y,OBJECTID,advisorySpeed,areaUnitID,bicycle,bridge,bus,carStationWagon,cliffBank,crashDirectionDescription,crashFinancialYear,crashLocation1,crashLocation2,crashRoadSideRoad,crashSeverity,crashSHDescription,crashYear,debris,directionRoleDescription,ditch,fatalCount,fence,flatHill,guardRail,holiday,houseOrBuilding,intersection,kerb,light,meshblockId,minorInjuryCount,moped,motorcycle,NumberOfLanes,objectThrownOrDropped,otherObject,otherVehicleType,overBank,parkedVehicle,pedestrian,phoneBoxEtc,postOrPole,region,roadCharacter,roadLane,roadSurface,roadworks,schoolBus,seriousInjuryCount,slipOrFlood,speedLimit,strayAnimal,streetLight,suv,taxi,temporarySpeedLimit,tlaId,tlaName,trafficControl,trafficIsland,trafficSign,train,tree,truck,unknownVehicleType,urban,vanOrUtility,vehicle,waterRiver,weatherA,weatherB
1764097.3376,5905045.3929,848711,,522100,1,,0,1,,West,2022/2023,PAH ROAD,ORONA WAY,,Minor Crash,No,2023,,West,,0,,Flat,,,,,,Bright sun,658500,1,0,0,2,,,0,,,,,,Auckland Region,Nil,2-way,Sealed,,0,0,,50,,Off,0,0,,76,Auckland,Nil,,,,,0,0,Urban,0,,,Fine,Null
1759840.3247,5915802.9634,848728,,519200,0,,0,1,,North,2023/2024,GREAT SOUTH ROAD,GREEN LANE WEST,,Non-Injury Crash,No,2023,,South,,0,,Flat,,,,,,Overcast,616000,0,0,0,4,,,0,,,,,,Auckland Region,Nil,2-way,Sealed,,0,0,,50,,Off,1,0,,76,Auckland,Nil,,,,,1,0,Urban,0,,,Fine,Null
1767150.9632,5904660.5723,848740,,524604,0,,0,2,,North,2023/2024,SHARKEY STREET,RONWOOD AVENUE,,Minor Crash,No,2023,,South,,0,,Flat,,,,,,Bright sun,780209,1,0,0,2,,,0,,,,,,Auckland Region,Nil,2-way,Sealed,,0,0,,50,,Off,0,0,,76,Auckland,Give way,,,,,0,0,Urban,0,,,Fine,Null
1746522.2381,5916514.5217,848788,,510700,0,,0,1,,Null,2023/2024,GREAT NORTH ROAD,NORCROSS AVENUE,,Non-Injury Crash,No,2024,,North,,0,,Hill Road,,,,,,Overcast,240900,0,0,0,2,,,0,,,,,,Auckland Region,Nil,1-way,Sealed,,0,0,,50,,Off,2,0,,76,Auckland,Give way,,,,,0,0,Urban,0,,,Fine,Null
1768743.2896,5898884.6618,848791,,525102,0,,0,2,,Null,2022/2023,MCQUARRIE AVENUE,COXHEAD ROAD,,Non-Injury Crash,No,2023,,South,,0,,Flat,,,,,,Overcast,768900,0,0,0,2,,,0,,,,,,Auckland Region,Nil,2-way,Sealed,,0,0,,50,,Off,0,0,,76,Auckland,Give way,,,,,0,0,Urban,0,,,Fine,Null
1772566.4714,5895584.9516,848792,,525540,0,,0,1,,West,2024/2025,CLARK ROAD,GREAT SOUTH ROAD,,Fatal Crash,No,2024,,West,,1,,Flat,,,,,,Dark,806001,0,0,0,2,,,0,,,1,,,Auckland Region,Nil,2-way,Sealed,,0,0,,30,,On,0,0,,76,Auckland,Nil,,,,,0,0,Urban,0,,,Fine,Null
1771265.134,5895922.9436,848817,,521201,0,,0,2,,North,2023/2024,SOUTHERN MOTORWAY,PAPAKURA ON RAMP,,Minor Crash,Yes,2023,,North,,0,,Flat,,,,,,Overcast,806604,1,0,0,3,,,0,,,,,,Auckland Region,Nil,1-way,Sealed,,0,0,,100,,Off,0,0,,76,Auckland,Nil,,,,,0,0,Open,0,,,Light rain,Strong wind
1752681.7676,5914024.5836,848819,,514500,0,,0,3,,South,2022/2023,NEW WINDSOR ROAD,MAIORO STREET,,Minor Crash,No,2023,,North,,0,,Flat,,Easter,,,,Dark,376500,1,0,0,2,,,0,,,,,,Auckland Region,Nil,2-way,Sealed,,0,0,,50,,On,0,1,,76,Auckland,Nil,,,,,0,0,Urban,0,,,Fine,Null
1759854.8935,5916132.8145,848820,,516002,0,,0,4,,West,2023/2024,SOUTHERN MOTORWAY,GREEN LANE EAST OFF RAMP,,Non-Injury Crash,Yes,2024,,East,,0,,Flat,,,,,,Bright sun,492000,0,0,0,4,,,0,,,,,,Auckland Region,Nil,1-way,Sealed,,0,0,,100,,Off,0,0,,76,Auckland,Nil,,,,,0,0,Open,0,,,Fine,Null
1760994.9393,5906674.4137,848821,,524112,0,0,0,1,0,Null,2022/2023,ASHGROVE ROAD,HUMPHREYS PLACE,,Non-Injury Crash,No,2023,0,North,0,0,1,Flat,0,,0,,0,Bright sun,742800,0,0,0,2,0,0,0,0,0,,0,0,Auckland Region,Nil,2-way,Sealed,0,0,0,0,50,0,Off,0,0,,76,Auckland,Nil,0,0,0,0,0,0,Urban,0,0,0,Fine,Null
1772904.5518,5891575.8368,848828,,521301,0,,0,2,,North,2023/2024,SOUTHERN MOTORWAY,KARAKA OBR,,Non-Injury Crash,Yes,2023,,North,,0,,Flat,,,,,,Bright sun,808702,0,0,0,2,,,0,,,,,,Auckland Region,Nil,1-way,Sealed,,0,0,,100,,Off,0,0,,76,Auckland,Nil,,,,,0,0,Open,0,,,Fine,Null
1754609.083,5932075.0383,848837,,508805,0,,0,1,,South,2022/2023,APOLLO DRIVE,ANTARES PLACE,,Minor Crash,No,2023,,West,,0,,Flat,,,,,,Bright sun,180813,1,0,0,2,,,0,,,1,,,Auckland Region,Nil,2-way,Sealed,,0,0,,50,,Off,0,0,,76,Auckland,Nil,,,,,0,0,Urban,0,,,Fine,Null
1753893.103,5915057.4204,848860,,518801,0,0,0,2,0,North,2023/2024,O'DONNELL AVENUE,POTTER AVENUE,,Non-Injury Crash,No,2023,0,North,0,0,0,Flat,0,,0,,0,Dark,575800,0,0,0,2,0,0,0,0,1,2,0,0,Auckland Region,Nil,2-way,Sealed,0,0,0,0,50,0,On,0,0,,76,Auckland,Nil,0,0,0,0,0,0,Urban,0,0,0,Fine,Null
1766630.0771,5912931.8218,848861,,522920,0,,0,2,,Null,2022/2023,PAKURANGA HIGHWAY,TI RAKAU DRIVE,,Non-Injury Crash,No,2023,,North,,0,,Flat,,,,,,Dark,683900,0,0,0,2,,,0,,,,,,Auckland Region,Nil,1-way,Sealed,,0,0,,60,,On,0,0,,76,Auckland,Traffic Signals,,,,,0,0,Urban,0,,,Heavy rain,Null
1753611.9665,5930359.7013,848873,,508803,0,0,0,2,0,North,2022/2023,CARIBBEAN DRIVE,GOLDFINCH RISE,,Non-Injury Crash,No,2023,0,South,0,0,0,Flat,0,,0,,0,Dark,180845,0,0,0,2,0,0,0,0,1,,0,0,Auckland Region,Nil,2-way,Sealed,0,0,0,0,50,0,On,0,0,,76,Auckland,Nil,0,0,0,0,0,0,Urban,0,0,0,Fine,Null
1768396.2574,5908765.9915,848875,,523502,0,0,0,1,0,South,2022/2023,SPRINGS ROAD,PEARL BAKER DRIVE,,Non-Injury Crash,No,2023,0,South,0,0,0,Flat,0,,0,,0,Dark,702402,0,0,0,4,0,0,0,0,0,,0,0,Auckland Region,Nil,2-way,Sealed,0,0,0,0,50,0,None,0,0,,76,Auckland,Nil,0,0,0,1,0,0,Urban,0,0,0,Fine,Null
1762262.1388,5913506.0183,848876,,520500,0,,0,2,,South,2023/2024,SOUTHERN MOTORWAY,PENROSE OBR,,Non-Injury Crash,Yes,2024,,North,,0,,Flat,,,,,,Bright sun,637100,0,0,0,3,,,0,,,,,,Auckland Region,Nil,1-way,Sealed,,0,0,,100,,Off,0,0,,76,Auckland,Nil,,,,,0,0,Open,0,,,Fine,Null
1765485.8465,5905515.5399,848879,,522400,0,0,0,2,0,Null,2022/2023,LANDSCAPE ROAD,FAIRVIEW ROAD,,Non-Injury Crash,No,2023,0,North,0,0,1,Flat,0,,0,,0,Bright sun,672801,0,0,0,2,0,0,0,0,0,,0,0,Auckland Region,Nil,2-way,Sealed,0,0,0,0,50,0,Off,0,0,,76,Auckland,Give way,0,1,0,0,0,0,Urban,0,0,0,Fine,Null
1746531.4404,5912281.4664,848881,,512600,0,0,0,1,0,Null,2022/2023,WITHERS ROAD,KASHMIR ROAD,,Non-Injury Crash,No,2023,0,West,0,0,0,Flat,0,,0,,1,Dark,298200,0,0,0,2,0,0,0,0,0,,0,0,Auckland Region,Nil,2-way,Sealed,0,0,0,0,50,0,On,0,0,,76,Auckland,Give way,0,0,0,0,0,0,Urban,0,0,0,Light rain,Null
1765253.5208,5914953.5172,848883,,520301,0,0,0,3,0,South,2022/2023,PILKINGTON ROAD,GREEN ROAD,,Non-Injury Crash,No,2023,0,North,0,0,0,Flat,0,,0,,0,Overcast,628002,0,0,0,2,0,0,0,0,1,,0,0,Auckland Region,Nil,2-way,Sealed,0,0,0,0,50,0,Off,0,0,,76,Auckland,Nil,0,0,0,0,0,0,Urban,0,0,0,Heavy rain,Null
1768200.7241,5902433.4415,848887,,524901,0,,0,0,,Null,2022/2023,ORAMS ROAD,GREAT SOUTH ROAD,,Minor Crash,No,2023,,West,,0,,Hill Road,,,,,,Overcast,754200,1,0,1,4,,,0,,,,,,Auckland Region,Nil,2-way,Sealed,,0,0,,50,,Off,0,0,,76,Auckland,Traffic Signals,,,,,0,0,Urban,0,,,Fine,Null
1767901.5273,5901479.3393,848897,,524720,0,,0,1,,West,2023/2024,JELLICOE ROAD,RUTH STREET,,Minor Crash,No,2023,,East,,0,,Flat,,,,,,Bright sun,780100,1,0,0,2,,,0,,,1,,,Auckland Region,Nil,2-way,Sealed,,0,0,,50,,Off,0,0,,76,Auckland,Nil,,,,,0,0,Urban,0,,,Fine,Null
1758116.0608,5915481.481,848901,,519300,0,,0,1,,Null,2022/2023,GREEN LANE WEST,MANUKAU ROAD,,Non-Injury Crash,No,2023,,West,,0,,Flat,,Easter,,,,Overcast,623100,0,0,0,2,,,0,,,,,,Auckland Region,Nil,1-way,Sealed,,0,0,,50,,Off,0,0,,76,Auckland,Traffic Signals,,,,,0,0,Urban,1,,,Fine,Null
1766713.1495,5900864.7733,848909,,524713,0,0,0,1,0,Null,2022/2023,ROWANDALE AVENUE,WORDSWORTH ROAD,,Non-Injury Crash,No,2023,0,West,0,0,0,Flat,0,,0,,0,Bright sun,775815,0,0,0,2,0,0,0,0,0,,0,1,Auckland Region,Speed hump,2-way,Sealed,0,0,0,0,50,0,Off,0,0,,76,Auckland,Give way,0,0,0,0,0,0,Urban,0,0,0,Fine,Null
1754634.5443,5913907.1748,848921,,518803,0,0,0,1,0,Null,2022/2023,MAY ROAD,STODDARD ROAD,,Minor Crash,No,2023,0,South,0,0,0,Flat,0,,0,,0,Bright sun,580400,1,0,0,4,0,0,0,0,0,,0,0,Auckland Region,Nil,2-way,Sealed,0,0,0,0,50,0,Off,0,0,,76,Auckland,Traffic Signals,0,1,0,0,0,0,Urban,1,0,0,Fine,Null
1772458.7138,5890269.6382,848924,,521302,0,0,0,1,1,West,2024/2025,BURTT ROAD,MCPHERSON ROAD,,Minor Crash,No,2024,0,South,0,0,0,Hill Road,0,,0,,0,Overcast,807500,1,0,0,2,0,0,0,0,0,,0,0,Auckland Region,Nil,2-way,Sealed,0,0,0,0,80,0,Off,0,0,,76,Auckland,Nil,0,0,0,0,0,0,Open,0,0,0,Light rain,Null
1772542.602,5901513.3761,848932,,523813,0,,0,1,,Null,2024/2025,MILL ROAD,ALFRISTON ROAD,,Serious Crash,No,2025,,North,,0,,Flat,,,,,,Bright sun,761000,0,0,1,2,,,0,,,,,,Auckland Region,Nil,2-way,Sealed,,0,1,,60,,None,0,0,,76,Auckland,Give way,,,,,0,0,Urban,0,,,Fine,Null
1768343.8561,5901897.0272,848944,,525001,0,,0,1,,South,2023/2024,GREAT SOUTH ROAD,GRANDE VUE ROAD,,Non-Injury Crash,No,2024,,North,,0,,Flat,,,,,,Dark,750800,0,0,0,2,,,0,,,,,,Auckland Region,Nil,2-way,Sealed,,0,0,,50,,On,0,0,,76,Auckland,Nil,,,,,0,0,Urban,0,,,Fine,Null
1743951.9738,5924616.7177,848948,,513431,0,,0,2,,South,2024/2025,HOBSONVILLE ROAD OFF RAMP,UPPER HARBOUR MOTORWAY,,Serious Crash,No,2024,,North,,0,,Flat,,,,,,Dark,223903,1,0,0,1,,,0,,,,,,Auckland Region,Nil,1-way,Sealed,,0,1,,100,,On,0,0,,76,Auckland,Nil,,,,,0,0,Open,0,,,Fine,Null
1758648.6929,5917508.2531,848957,,516001,0,,0,3,,South,2023/2024,SOUTHERN MOTORWAY,ST MARKS OBR,,Non-Injury Crash,Yes,2023,,South,,0,,Flat,,,,,,Dark,491000,0,0,0,3,,,0,,,,,,Auckland Region,Bridge,1-way,Sealed,,0,0,,80,,On,1,0,,76,Auckland,Nil,,,,,0,0,Open,2,,,Fine,Strong wind
1760293.2874,5915362.9711,848963,,519400,0,,0,2,,Null,2022/2023,GREAT SOUTH ROAD,CAMPBELL ROAD,,Non-Injury Crash,No,2023,,North,,0,,Flat,,,,,,Overcast,617400,0,0,0,5,,,0,,,,,,Auckland Region,Nil,2-way,Sealed,,0,0,,50,,Off,0,0,,76,Auckland,Traffic Signals,,,,,0,0,Urban,0,,,Fine,Null
1751249.657,5915647.8869,848964,,514401,0,0,0,2,0,West,2023/2024,WALSALL STREET,GREAT NORTH ROAD,,Non-Injury Crash,No,2023,0,West,0,0,0,Hill Road,0,Christmas New Year,0,,0,Bright sun,382200,0,0,0,2,0,0,0,0,1,,0,0,Auckland Region,Nil,2-way,Sealed,0,0,0,0,50,0,None,0,0,,76,Auckland,Nil,0,0,0,0,0,0,Urban,0,0,0,Fine,Null
1750573.9951,5913732.5703,848967,,511303,0,,0,1,,West,2022/2023,CLARK STREET,OLYMPIC PLACE,,Minor Crash,No,2023,,West,,0,,Hill Road,,,,,,Dark,265200,1,0,0,5,,,0,,,,,,Auckland Region,Nil,2-way,Sealed,,0,0,,50,,On,0,0,,76,Auckland,Nil,,,,,0,0,Urban,1,,,Light rain,Null
1745563.5364,5915845.9625,848989,,511800,0,,0,2,,South,2023/2024,MILLBROOK ROAD,KOROKIO LANE,,Non-Injury Crash,No,2023,,North,,0,,Flat,,,,,,Overcast,276500,0,0,0,2,,,0,,,,,,Auckland Region,Nil,2-way,Sealed,,0,0,,50,,Off,0,0,,76,Auckland,Nil,,,,,0,0,Urban,0,,,Light rain,Null
1770273.6068,5906375.4626,848993,,523712,0,,0,0,,Null,2023/2024,FLAT BUSH SCHOOL ROAD,HIKUAWA ROAD,,Minor Crash,No,2024,,East,,0,,Flat,,,,,,Bright sun,713201,1,0,0,2,,,0,,,,,,Auckland Region,Nil,2-way,Sealed,,0,0,,50,,Off,0,0,,76,Auckland,Give way,,,,,1,0,Urban,1,,,Fine,Null
1766904.7539,5907735.1731,849001,,523501,0,,0,1,,Null,2023/2024,BAIRDS ROAD,THURSO LANE,,Minor Crash,No,2023,,East,,0,,Flat,,,,,,Bright sun,700700,1,0,0,5,,,0,,,1,,,Auckland Region,Nil,2-way,Sealed,,0,0,,50,,Off,0,0,,76,Auckland,Nil,,,,,0,0,Urban,0,,,Fine,Null
1769185.1384,5878607.0337,849005,,525922,0,,0,2,,South,2022/2023,TUAKAU ROAD,WEBB STREET,,Non-Injury Crash,No,2023,,South,,0,,Flat,,,,,,Bright sun,822800,0,0,0,2,,,0,,,,,,Auckland Region,Nil,2-way,Sealed,,0,0,,80,,None,0,0,,76,Auckland,Nil,,,,,0,0,Open,0,,,Fine,Null
1763659.9774,5907500.5761,849008,,524301,0,,0,2,,North,2023/2024,ORAKAU ROAD,GRAY AVENUE,,Non-Injury Crash,No,2024,,North,,0,,Flat,,,,,,Overcast,749100,0,0,0,2,,,0,,,,,,Auckland Region,Nil,2-way,Sealed,,0,0,,50,,None,0,0,,76,Auckland,Nil,,,,,0,0,Urban,0,,,Fine,Null
1756227.9205,5926040.9845,849028,,509702,0,,0,3,,Null,2024/2025,COLLEGE ROAD,TONAR STREET,,Minor Crash,No,2024,,North,,0,,Hill Road,,,,,,Overcast,365400,3,0,0,2,,,0,,,,,,Auckland Region,Nil,2-way,Sealed,,0,0,,50,,Off,0,0,,76,Auckland,Stop,,,,,0,0,Urban,0,,,Light rain,Null
1763917.8606,5912484.437,849029,,520500,0,0,0,1,0,Null,2022/2023,MOUNT WELLINGTON HWY OFF RAMP,MOUNT WELLINGTON HIGHWAY,,Non-Injury Crash,No,2023,0,West,0,0,0,Hill Road,0,Easter,0,,0,Twilight,639500,0,0,0,2,0,0,0,0,0,,0,0,Auckland Region,Motorway ramp,1-way,Sealed,0,0,0,0,50,0,Off,0,0,,76,Auckland,Traffic Signals,1,1,0,0,0,0,Urban,0,0,0,Fine,Null
1769300.3709,5907465.6586,849036,45,523711,0,,0,2,,Null,2023/2024,ORMISTON ROAD,TE IRIRANGI DRIVE,,Non-Injury Crash,No,2023,,East,,0,,Flat,,,,,,Bright sun,712304,0,0,0,4,,,0,,,,,,Auckland Region,Nil,2-way,Sealed,,0,0,,50,,Off,0,0,,76,Auckland,Traffic Signals,,,,,0,0,Urban,0,,,Fine,None
1749478.7292,5957490.6261,849052,,506613,0,,0,1,,Null,2023/2024,SH 1,PUHOI ROAD,,Minor Crash,No,2024,,North,,0,,Flat,,,,,,Bright sun,147000,1,0,0,2,,,0,,,,,,Auckland Region,Nil,2-way,Sealed,,0,0,,80,,Off,0,0,,76,Auckland,Stop,,,,,1,0,Open,0,,,Fine,Null
1748868.2214,5917354.6637,849069,,514801,0,0,0,0,0,South,2022/2023,ROSEBANK ROAD,TIMOTHY PLACE,,Non-Injury Crash,No,2023,0,South,0,0,0,Flat,0,,0,,0,Bright sun,389300,0,0,0,2,0,0,0,0,0,,0,1,Auckland Region,Nil,2-way,Sealed,0,0,0,0,50,0,Off,0,0,,76,Auckland,Nil,0,0,0,0,0,0,Urban,1,0,0,Fine,Null
1744020.6936,5915081.5446,849073,,513013,0,0,0,1,0,Null,2023/2024,FOREST HILL ROAD,PARRS CROSS ROAD,,Minor Crash,No,2023,0,South,0,0,0,Flat,0,,0,,0,Bright sun,281403,1,0,0,2,0,0,0,0,0,,0,0,Auckland Region,Nil,2-way,Sealed,0,0,0,0,50,0,Off,0,0,40,76,Auckland,Stop,0,1,0,0,0,0,Urban,1,0,0,Fine,Null
1763891.5061,5910110.0765,849089,,521901,0,0,0,1,0,North,2023/2024,GREAT SOUTH ROAD,PRINCES STREET,,Non-Injury Crash,No,2023,0,North,0,0,1,Flat,0,,0,,0,Dark,782600,0,0,0,3,0,0,0,0,0,,0,0,Auckland Region,Nil,2-way,Sealed,0,0,0,0,50,0,On,0,0,,76,Auckland,Nil,0,0,0,0,0,0,Urban,0,0,0,Fine,Null
1777484.0555,5915927.1767,849100,,523300,0,0,0,2,0,East,2023/2024,PINE HARBOUR PARADE,MARINER LANE,,Non-Injury Crash,No,2024,0,East,0,0,0,Flat,0,,0,,0,Twilight,718506,0,0,0,2,0,0,0,0,1,,0,0,Auckland Region,Nil,2-way,Sealed,0,0,0,0,50,0,On,0,0,,76,Auckland,Nil,0,0,0,0,0,0,Urban,0,0,0,Fine,Null
1765022.4979,5910503.7431,849105,35,521803,0,0,0,1,0,West,2022/2023,PRINCES ST-OTAHUHU OFF RAMP,FRANK GREY PLACE,,Minor Crash,No,2023,0,South,0,0,0,Flat,1,,0,,0,Overcast,790000,1,0,0,1,0,0,0,0,0,,0,0,Auckland Region,Motorway ramp,1-way,Sealed,0,0,0,0,100,0,Off,0,0,,76,Auckland,Nil,0,0,0,0,0,0,Open,0,0,0,Heavy rain,Null
1765890.5274,5906515.6359,849112,,522202,0,,0,1,,Null,2023/2024,GREAT SOUTH ROAD,REX LANE,,Serious Crash,No,2024,,North,,0,,Flat,,,,,,Dark,663800,1,0,1,4,,,0,,,,,,Auckland Region,Nil,2-way,Sealed,,0,1,,50,,On,0,0,,76,Auckland,Nil,,,,,0,0,Urban,0,,,Fine,Null
1760347.2823,5915305.5722,849120,,520202,0,,0,1,,Null,2023/2024,GREAT SOUTH ROAD,MAIN HIGHWAY,,Minor Crash,No,2024,,South,,0,,Flat,,,,,,Bright sun,613200,1,0,0,2,,,0,,,,,,Auckland Region,Nil,1-way,Sealed,,0,0,,50,,Off,1,0,,76,Auckland,Traffic Signals,,,,,0,0,Urban,0,,,Fine,Null
1763838.8548,5910181.8301,849121,,521901,0,0,0,2,0,Null,2022/2023,GREAT SOUTH ROAD,ALBION ROAD,,Non-Injury Crash,No,2023,0,West,0,0,0,Flat,0,,0,,0,Twilight,782600,0,0,0,4,0,0,0,0,1,,0,0,Auckland Region,Nil,2-way,Sealed,0,0,0,0,50,0,On,0,0,,76,Auckland,Traffic Signals,0,0,0,0,0,0,Urban,1,0,0,Fine,Null
1735374.4459,5938345.8785,849127,,506653,0,,0,1,,South,2022/2023,PEAK ROAD,SHANKS ROAD,,Minor Crash,No,2023,,North,,0,,Flat,,,,,,Dark,217702,1,0,0,2,,,0,,,,,,Auckland Region,Nil,2-way,Sealed,,0,0,,80,,None,0,0,,76,Auckland,Nil,,,,,0,0,Open,1,,,Light rain,Null
1733674.0118,5943157.0825,849129,,506646,0,0,0,0,0,South,2023/2024,ANDERSON ROAD,BOATHOUSE HILL ROAD,,Minor Crash,No,2023,0,East,0,0,1,Hill Road,0,,0,,0,Bright sun,211800,1,0,1,1,0,0,0,0,0,,0,0,Auckland Region,Nil,2-way,Unsealed,0,0,0,0,80,0,None,0,0,,76,Auckland,Nil,0,0,0,0,0,0,Open,0,0,0,Fine,Null
1753675.7296,5939695.3067,849144,,508900,0,0,0,3,0,South,2024/2025,OKURA RIVER ROAD,GAILS DRIVE,,Minor Crash,No,2024,0,South,0,0,0,Flat,0,,0,,0,Bright sun,178305,1,0,0,2,0,0,0,0,2,,0,0,Auckland Region,Nil,2-way,Sealed,0,0,0,0,50,0,Off,0,0,,76,Auckland,Nil,0,0,0,0,0,0,Urban,0,0,0,Fine,Null
1765347.8369,5909244.3338,849156,,523402,0,,1,1,,South,2023/2024,SOUTHERN MOTORWAY,TAMAKI RIV BR,,Non-Injury Crash,Yes,2024,,South,,0,,Flat,,,,,,Bright sun,696900,0,0,0,4,,,0,,,,,,Auckland Region,Nil,1-way,Sealed,,0,0,,100,,Off,0,0,,76,Auckland,Nil,,,,,0,0,Open,0,,,Fine,Null
1740263.4292,5927831.0168,849160,,505604,0,,0,2,,West,2024/2025,SH 16,TAUPAKI ROAD,,Minor Crash,Yes,2024,,South,,0,,Flat,,,,,,Bright sun,214501,1,0,0,2,,,0,,,1,,,Auckland Region,Nil,2-way,Sealed,,0,0,,80,,Off,0,0,,76,Auckland,Nil,,,,,1,0,Open,0,,,Fine,Null
1757164.7618,5912969.3235,849164,,518702,0,0,0,0,0,East,2024/2025,HERD ROAD,ARAMUTU ROAD,,Serious Crash,No,2024,0,West,0,0,1,Hill Road,0,,0,,1,Dark,570000,0,0,1,2,0,0,0,0,0,,0,0,Auckland Region,Nil,2-way,Sealed,0,0,1,0,50,0,On,0,0,,76,Auckland,Nil,0,0,0,0,0,0,Urban,0,0,0,Fine,Null
1742641.7425,5885379.1738,849165,,521151,0,0,0,0,0,North,2022/2023,AWHITU ROAD,J RENALL ROAD,,Serious Crash,No,2023,0,South,0,0,0,Hill Road,1,,0,,0,Dark,830100,0,0,1,2,0,0,0,0,0,,0,0,Auckland Region,Nil,2-way,Sealed,0,0,1,0,80,0,None,0,0,,76,Auckland,Nil,0,0,0,0,0,0,Open,0,0,0,Fine,Null
1764145.8161,5910256.1184,849168,,521801,0,,0,2,,Null,2024/2025,ATKINSON AVENUE,ALBION ROAD,,Minor Crash,No,2024,,North,,0,,Flat,,,,,,Bright sun,786802,1,0,0,2,,,0,,,,,,Auckland Region,Nil,2-way,Sealed,,0,0,,50,,Off,0,0,,76,Auckland,Stop,,,,,0,0,Urban,0,,,Fine,Null
1758131.0915,5917805.4901,849176,,515700,0,,0,2,,Null,2023/2024,GILLIES AVENUE,GILLIES AVENUE ON RAMP,,Non-Injury Crash,No,2024,,North,,0,,Flat,,,,,,Dark,443700,0,0,0,3,,,0,,,,,,Auckland Region,Motorway ramp,2-way,Sealed,,0,0,,50,,On,0,0,,76,Auckland,Traffic Signals,,,,,0,0,Urban,0,,,Fine,Null
1756440.3653,5927711.6417,849179,,507900,0,0,0,1,0,Null,2022/2023,OFF ROAD - CAR PARK,,,Minor Crash,No,2023,0,East,0,0,0,Flat,0,,0,,0,Dark,305202,1,0,0,,0,0,0,0,0,,0,0,Auckland Region,Nil,Off road,Sealed,0,0,0,0,,0,On,0,0,,76,Auckland,Nil,0,0,0,1,0,0,Urban,0,0,0,Fine,Strong wind
1759538.5981,5916348.6104,849200,,516002,0,,0,1,,South,2023/2024,SOUTHERN MOTORWAY,MARKET ROAD OFF RAMP,,Non-Injury Crash,Yes,2024,,North,,0,,Flat,,,,,,Overcast,492000,0,0,0,3,,,0,,,,,,Auckland Region,Nil,1-way,Sealed,,0,0,,100,,Off,0,0,,76,Auckland,Nil,,,,,1,0,Open,0,,,Fine,Null
1761823.8668,5885225.7081,849203,,521122,0,,0,1,,South,2022/2023,GLENBROOK ROAD,CUFF ROAD,,Minor Crash,No,2023,,West,,0,,Flat,,,,,,Twilight,810904,1,0,0,2,,,0,,,,,,Auckland Region,Nil,2-way,Sealed,,0,0,,80,,None,0,0,,76,Auckland,Nil,,,,,0,0,Open,1,,,Fine,Null
1774809.6552,5909451.0685,849208,65,523202,0,0,0,1,1,North,2023/2024,WHITFORD ROAD,WHITFORD PARK ROAD,,Non-Injury Crash,No,2024,0,North,1,0,0,Flat,0,,0,,0,Dark,717400,0,0,0,2,0,0,0,0,0,,0,0,Auckland Region,Nil,2-way,Sealed,0,0,0,0,80,0,None,0,0,,76,Auckland,Nil,0,0,0,0,0,0,Open,0,0,0,Fine,Null
1751587.6812,5914197.8447,849212,,514402,0,,0,0,,Null,2024/2025,WOLVERTON STREET,BLOCKHOUSE BAY ROAD,,Minor Crash,No,2024,,East,,0,,Flat,,,,,,Twilight,379500,1,0,0,4,,,0,,,1,,,Auckland Region,Nil,2-way,Sealed,,0,0,,50,,On,1,0,,76,Auckland,Traffic Signals,,,,,0,0,Urban,0,,,Mist or Fog,Null
1753462.7983,5918306.3837,849220,,515003,0,,0,1,,Null,2023/2024,ST LUKES ROAD ON RAMP,NORTH-WESTERN MOTORWAY,,Non-Injury Crash,No,2024,,West,,0,,Flat,,,,,,Bright sun,390502,0,0,0,1,,,0,,,,,,Auckland Region,Nil,1-way,Sealed,,0,0,,100,,Off,0,0,,76,Auckland,Nil,,,,,1,0,Open,0,,,Fine,Null
1756765.2781,5919478.8033,849228,,514102,0,,0,1,,West,2024/2025,KARANGAHAPE ROAD,PITT STREET,,Serious Crash,No,2024,,West,,0,,Flat,,,,,,Dark,435604,0,0,0,4,,,0,,,1,,,Auckland Region,Nil,2-way,Sealed,,0,1,,30,,On,0,0,,76,Auckland,Nil,,,,,0,0,Urban,0,,,Fine,Null
1759518.3437,5908851.6436,849241,,524002,1,,0,0,,Null,2022/2023,CORONATION ROAD,CORONATION ROAD OFF RAMP,,Minor Crash,No,2023,,Null,,0,,Flat,,,,,,Overcast,724101,1,0,0,2,,,0,,,,,,Auckland Region,Nil,2-way,Unsealed,,0,0,,50,,Off,0,0,,76,Auckland,Give way,,,,,1,0,Urban,0,,,Fine,Null
1743947.4827,5924619.6303,849243,,513431,0,,0,1,,South,2023/2024,UPPER HARBOUR MOTORWAY,HOBSONVILLE ROAD OFF RAMP,,Non-Injury Crash,Yes,2023,,South,,0,,Flat,,,,,,Dark,223903,0,0,0,2,,,0,,,,,,Auckland Region,Motorway ramp,1-way,Sealed,,0,0,,100,,On,0,0,,76,Auckland,Nil,,,,,0,0,Open,0,,,Fine,Null