X,Y,OBJECTID,advisorySpeed,areaUnitID,bicycle,bridge,bus,carStationWagon,cliffBank,crashDirectionDescription,crashFinancialYear,crashLocation1,crashLocation2,crashRoadSideRoad,crashSeverity,crashSHDescription,crashYear,debris,directionRoleDescription,ditch,fatalCount,fence,flatHill,guardRail,holiday,houseOrBuilding,intersection,kerb,light,meshblockId,minorInjuryCount,moped,motorcycle,NumberOfLanes,objectThrownOrDropped,otherObject,otherVehicleType,overBank,parkedVehicle,pedestrian,phoneBoxEtc,postOrPole,region,roadCharacter,roadLane,roadSurface,roadworks,schoolBus,seriousInjuryCount,slipOrFlood,speedLimit,strayAnimal,streetLight,suv,taxi,temporarySpeedLimit,tlaId,tlaName,trafficControl,trafficIsland,trafficSign,train,tree,truck,unknownVehicleType,urban,vanOrUtility,vehicle,waterRiver,weatherA,weatherB
1756064.0642,5920521.6882,849248,,514000,0,,0,2,,Null,2023/2024,SCOTLAND STREET,COLLEGE HILL,,Non-Injury Crash,No,2024,,North,,0,,Flat,,Easter,,,,Bright sun,416600,0,0,0,2,,,0,,,,,,Auckland Region,Nil,2-way,Sealed,,0,0,,30,,Off,0,0,,76,Auckland,Give way,,,,,0,0,Urban,0,,,Fine,Null
1757237.2994,5918689.0843,849251,,514301,0,,0,1,,Null,2022/2023,KHYBER PASS ROAD,GRAFTON ROAD,,Non-Injury Crash,No,2023,,South,,0,,Flat,,,,,,Overcast,441900,0,0,0,4,,,0,,,1,,,Auckland Region,Nil,2-way,Sealed,,0,0,,50,,Off,0,0,,76,Auckland,Traffic Signals,,,,,0,0,Urban,0,,,Fine,Null
1755144.1771,5914191.0456,849268,,518803,0,0,0,1,0,North,2024/2025,DOMINION ROAD,MEMORIAL AVENUE,,Non-Injury Crash,No,2024,0,North,0,0,0,Null,0,,0,,0,Dark,580700,0,0,0,2,0,0,0,0,1,,0,0,Auckland Region,Nil,2-way,Sealed,0,0,0,0,50,0,Null,0,0,,76,Auckland,Nil,0,0,0,0,0,1,Urban,0,0,0,Fine,Null
1769341.2406,5900117.9439,849275,,525002,0,0,0,1,0,South,2022/2023,GREAT SOUTH ROAD,KEVALE PLACE,,Non-Injury Crash,No,2023,0,South,0,0,0,Flat,0,,0,,0,Dark,753900,0,0,0,2,0,0,0,0,0,,0,1,Auckland Region,Nil,2-way,Sealed,0,0,0,0,50,0,On,0,0,,76,Auckland,Nil,0,0,0,0,0,0,Urban,0,0,0,Fine,Null
1768498.3845,5900893.7264,849280,35,525001,0,,0,1,,Null,2024/2025,LUPTON ROAD,STATION ROAD,,Non-Injury Crash,No,2024,,North,,0,,Flat,,,,,,Bright sun,752000,0,0,0,2,,,0,,,,,,Auckland Region,Nil,2-way,Sealed,,0,0,,50,,Off,0,0,,76,Auckland,Give way,,,,,0,0,Urban,0,,,Fine,None
1744361.7635,5925170.6954,849295,,513410,0,,0,0,,Null,2022/2023,TRIG ROAD,TRIG ROAD ON RAMP,,Minor Crash,No,2023,,South,,0,,Flat,,,,,,Overcast,223701,1,0,1,2,,,0,,,,,,Auckland Region,Motorway ramp,2-way,Sealed,,0,0,,80,,Off,0,0,,76,Auckland,Give way,,,,,0,0,Open,0,,,Light rain,Null
1752428.7735,5917600.161,849301,,515003,0,,0,2,,Null,2022/2023,CARRINGTON ROAD,SEGAR AVENUE,,Non-Injury Crash,No,2023,,South,,0,,Flat,,,,,,Bright sun,391602,0,0,0,2,,,0,,,,,,Auckland Region,Nil,2-way,Sealed,,0,0,,50,,Off,0,0,,76,Auckland,Give way,,,,,0,0,Urban,0,,,Fine,Null
1755211.959,5927744.5781,849321,,508620,0,0,0,1,0,Null,2023/2024,OFF ROAD - CAR PARK,,,Minor Crash,No,2023,0,Null,0,0,0,Flat,0,,1,,0,Bright sun,202600,2,0,0,,0,0,0,0,0,,0,0,Auckland Region,Nil,Off road,Sealed,0,0,0,0,,0,Off,0,0,,76,Auckland,Nil,0,0,0,0,0,0,Urban,0,0,0,Fine,Null
1768699.7553,5915826.2862,849329,,522730,0,0,0,2,0,Null,2022/2023,PALMYRA WAY,ANTILLA PLACE,,Non-Injury Crash,No,2023,0,North,0,0,0,Hill Road,0,,0,,0,Dark,679814,0,0,0,2,0,0,0,0,1,,0,0,Auckland Region,Nil,2-way,Sealed,0,0,0,0,50,0,On,0,0,,76,Auckland,Nil,0,0,0,0,0,0,Urban,0,0,0,Fine,Null
1766821.6615,5902427.4952,849344,,524602,0,0,0,1,0,South,2023/2024,DALGETY DRIVE,KERRS ROAD,,Non-Injury Crash,No,2023,0,South,0,0,0,Flat,0,,0,,0,Twilight,780407,0,0,0,2,0,0,1,0,1,,0,0,Auckland Region,Nil,2-way,Sealed,0,0,0,0,50,0,On,0,0,,76,Auckland,Nil,0,0,0,0,0,0,Urban,0,0,0,Fine,Null
1757210.6913,5929216.3412,849348,,507800,0,,0,1,,South,2023/2024,EAST COAST ROAD,ARGYLE TERRACE,,Non-Injury Crash,No,2024,,North,,0,,Hill Road,,,,,,Overcast,307100,0,0,0,2,,,0,,,,,,Auckland Region,Nil,2-way,Sealed,,0,0,,50,,None,1,0,,76,Auckland,Nil,,,,,0,0,Urban,0,,,Fine,Null
1769889.8871,5899420.5796,849356,,523911,0,,0,2,,North,2024/2025,SOUTHERN MOTORWAY,TAKANINI OBR,,Non-Injury Crash,Yes,2024,,South,,0,,Hill Road,,,,,,Bright sun,766500,0,0,0,3,,,0,,,,,,Auckland Region,Overpass,1-way,Sealed,,0,0,,100,,Off,0,0,,76,Auckland,Nil,,,,,0,0,Open,0,,,Fine,Null
1774079.9653,5887360.1667,849416,,521302,0,,0,2,,East,2024/2025,ARARIMU ROAD,GREAT SOUTH ROAD,,Minor Crash,No,2024,,Null,,0,,Flat,,,,,,Twilight,809101,1,0,0,2,,,0,,,,,,Auckland Region,Nil,2-way,Sealed,,0,0,,80,,On,0,0,,76,Auckland,Nil,,,,,0,0,Open,0,,,Light rain,Null
1771236.3887,5896067.9529,849444,,525540,0,0,0,1,0,North,2023/2024,SOUTHERN MOTORWAY,PAPAKURA OFF RAMP,,Non-Injury Crash,Yes,2024,0,South,0,0,0,Flat,1,,0,,0,Bright sun,806205,0,0,0,3,0,0,0,0,0,,0,0,Auckland Region,Nil,1-way,Sealed,0,0,0,0,100,0,Off,0,0,,76,Auckland,Nil,0,0,0,0,1,0,Open,0,0,0,Fine,Null
1765632.6225,5901480.5056,849476,,524604,0,0,0,1,0,North,2023/2024,ROSCOMMON ROAD,BROWNS ROAD,,Minor Crash,No,2024,0,South,0,0,0,Flat,0,,0,,0,Overcast,781302,1,0,0,4,0,0,0,0,0,,0,1,Auckland Region,Nil,2-way,Sealed,0,0,0,0,60,0,Off,0,0,,76,Auckland,Nil,0,0,0,0,0,0,Urban,0,0,0,Fine,Null
1754680.0439,5933664.6022,849480,,508804,0,0,0,1,0,North,2023/2024,EAST COAST ROAD,PINE HILL CRESCENT,,Non-Injury Crash,No,2024,0,South,0,0,0,Flat,0,,0,,0,Overcast,156502,0,0,0,2,0,0,0,0,1,,0,0,Auckland Region,Nil,2-way,Sealed,0,0,0,0,50,0,Off,0,0,,76,Auckland,Nil,0,0,0,0,0,0,Urban,1,0,0,Light rain,Null
1750018.4688,5914334.6668,849484,,511303,1,,0,1,,South,2023/2024,DELTA AVENUE,KORAMA LANE,,Non-Injury Crash,No,2023,,North,,0,,Flat,,,,,,Bright sun,265900,0,0,0,2,,,0,,,,,,Auckland Region,Nil,2-way,Sealed,,0,0,,50,,Null,0,0,,76,Auckland,Nil,,,,,0,0,Urban,0,,,Fine,Null
1751446.6812,5927232.6771,849492,,510210,0,,0,3,,West,2023/2024,BEACH HAVEN ROAD,HELLYERS STREET,,Minor Crash,No,2024,,East,,0,,Hill Road,,,,,,Overcast,346800,2,0,0,2,,,0,,,,,,Auckland Region,Nil,2-way,Sealed,,0,0,,50,,Off,0,0,,76,Auckland,Nil,,,,,0,0,Urban,0,,,Fine,Null
1754829.9107,5967648.0243,849496,,506631,0,,0,1,,North,2023/2024,MAHURANGI EAST ROAD,DALTON ROAD,,Non-Injury Crash,No,2023,,South,,0,,Null,,,,,,Unknown,139504,0,0,0,2,,,0,,,,,,Auckland Region,Nil,2-way,Null,,0,0,,50,,Null,0,0,,76,Auckland,Nil,,,,,1,0,Urban,0,,,Null,Null
1763844.8651,5908894.2963,849504,,521901,0,,0,0,,East,2023/2024,MANGERE ROAD,AWA STREET,,Minor Crash,No,2024,,West,,0,,Flat,,,,,,Overcast,785100,1,0,0,2,,,0,,,1,,,Auckland Region,Nil,2-way,Sealed,,0,0,,50,,None,1,0,30,76,Auckland,Nil,,,,,0,0,Urban,0,,,Fine,Null
1748058.5108,5914218.8749,849508,,511100,0,,0,3,,South,2024/2025,GREAT NORTH ROAD,WESTECH PLACE,,Minor Crash,No,2024,,West,,0,,Hill Road,,,,,,Overcast,285403,3,0,0,4,,,0,,,,,,Auckland Region,Nil,2-way,Sealed,,0,0,,50,,Off,0,0,,76,Auckland,Nil,,,,,0,0,Urban,0,,,Fine,Null
1761006.0609,5880169.5656,849509,,521121,0,0,0,0,0,South,2022/2023,TITI ROAD,PILGRIM ROAD,,Minor Crash,No,2023,0,North,0,0,0,Flat,0,,0,,0,Overcast,812400,1,0,0,2,0,0,0,1,0,,0,0,Auckland Region,Nil,2-way,Sealed,0,0,0,0,80,0,None,0,0,,76,Auckland,Nil,0,1,0,0,1,0,Open,0,0,0,Fine,Null
1740687.7706,5928743.2682,849513,,505604,0,,0,1,,Null,2022/2023,OLD NORTH ROAD,OLD RAILWAY ROAD,,Non-Injury Crash,No,2023,,North,,0,,Flat,,,,,,Bright sun,214501,0,0,0,2,,,0,,,,,,Auckland Region,Nil,2-way,Sealed,,0,0,,80,,Off,1,0,,76,Auckland,Stop,,,,,0,0,Open,0,,,Fine,Null
1776620.7441,5880748.9839,849521,,521160,0,,0,1,,North,2022/2023,GREAT SOUTH ROAD,BEAVER ROAD EAST OFF RAMP,,Non-Injury Crash,Yes,2023,,South,,0,,Hill Road,,,,,,Bright sun,827800,0,0,0,2,,,0,,,,,,Auckland Region,Nil,1-way,Sealed,,0,0,,100,,Off,0,0,,76,Auckland,Nil,,,,,1,0,Open,0,,,Fine,Null
1757226.2577,5916827.8445,849531,,518202,0,0,0,1,0,West,2022/2023,STOKES ROAD,EPSOM AVENUE,,Non-Injury Crash,No,2023,0,East,0,0,1,Hill Road,0,,0,,0,Overcast,550000,0,0,0,2,0,0,0,0,0,,0,0,Auckland Region,Nil,2-way,Sealed,0,0,0,0,50,0,Off,0,0,,76,Auckland,Nil,0,0,0,0,0,0,Urban,0,0,0,Light rain,Null
1767488.1192,5883310.3183,849532,,521111,0,0,0,1,0,Null,2023/2024,HEIGHTS ROAD,OSTRICH FARM ROAD,,Non-Injury Crash,No,2024,0,East,0,0,0,Flat,0,,0,,0,Dark,826601,0,0,0,2,0,0,0,0,0,,0,0,Auckland Region,Nil,2-way,Sealed,0,0,0,0,60,0,None,0,0,,76,Auckland,Nil,0,1,0,0,0,0,Urban,0,0,0,Fine,Null
1771641.1502,5899241.5146,849536,,523911,0,,0,2,,North,2023/2024,PORCHESTER ROAD,CLARICE PLACE,,Non-Injury Crash,No,2024,,North,,0,,Flat,,,,,,Dark,767302,0,0,0,2,,,0,,,,,,Auckland Region,Nil,2-way,Sealed,,0,0,,50,,On,0,0,,76,Auckland,Nil,,,,,0,0,Urban,0,,,Fine,Null
1758371.0086,5913990.2523,849539,,519300,0,0,0,1,0,East,2022/2023,HAYDN AVENUE,ELGAR STREET,,Non-Injury Crash,No,2023,0,West,0,0,0,Flat,0,Queens Birthday,0,,0,Dark,624800,0,0,0,2,0,0,0,0,0,,0,1,Auckland Region,Nil,2-way,Sealed,0,0,0,0,50,0,On,0,0,,76,Auckland,Nil,0,0,0,0,0,0,Urban,0,0,0,Fine,Null
1745612.9526,5907253.5103,849553,,512801,0,,0,1,,East,2023/2024,VICTORY ROAD,KAURI POINT ROAD,,Minor Crash,No,2023,,South,,0,,Hill Road,,,,,,Bright sun,302208,1,0,1,2,,,0,,,,,,Auckland Region,Nil,2-way,Sealed,,0,0,,50,,Null,0,0,,76,Auckland,Nil,,,,,0,0,Urban,0,,,Fine,Null
1757335.369,5920769.4128,849556,,514102,0,,1,0,,Null,2024/2025,ALBERT STREET,SWANSON STREET,,Serious Crash,No,2024,,South,,0,,Hill Road,,,,,,Bright sun,433200,0,0,0,4,,,0,,,1,,,Auckland Region,Nil,2-way,Sealed,,0,1,,30,,Off,0,0,,76,Auckland,Traffic Signals,,,,,0,0,Urban,0,,,Fine,Null
1744819.95,5911120.1172,849559,,512902,0,0,0,1,0,North,2023/2024,SHAW ROAD,CARTER ROAD,,Minor Crash,No,2023,0,South,0,0,1,Hill Road,0,,0,,0,Dark,279700,1,0,0,2,0,0,0,0,0,,0,0,Auckland Region,Nil,2-way,Sealed,0,0,0,0,70,0,None,0,0,,76,Auckland,Nil,0,0,0,0,0,0,Urban,0,0,0,Fine,Null
1765039.102,5907659.2459,849560,,523404,0,0,0,2,0,West,2022/2023,GRANGE ROAD,GREAT SOUTH ROAD,,Non-Injury Crash,No,2023,0,Null,0,0,0,Flat,0,,0,,0,Dark,695800,0,0,0,2,0,0,0,0,1,,0,0,Auckland Region,Nil,2-way,Sealed,0,0,0,0,50,0,On,0,0,,76,Auckland,Nil,0,0,0,0,0,0,Urban,0,0,0,Null,None
1757436.6969,5927040.7855,849564,,507900,0,0,0,1,0,South,2023/2024,LAKE PUPUKE DRIVE,LOMBARD STREET,,Non-Injury Crash,No,2024,0,North,0,0,0,Null,0,,0,,0,Dark,305000,0,0,0,2,0,0,0,0,1,,0,0,Auckland Region,Nil,2-way,Sealed,0,0,0,0,50,0,On,1,0,,76,Auckland,Nil,0,0,0,0,0,0,Urban,0,0,0,Null,Null
1766915.3056,5907646.1742,849568,,523602,0,,0,1,,Null,2023/2024,EAST TAMAKI ROAD,BAIRDS ROAD,,Non-Injury Crash,No,2024,,West,,0,,Flat,,,,,,Twilight,709300,0,0,0,8,,,0,,,,,,Auckland Region,Nil,2-way,Sealed,,0,0,,60,,On,0,0,,76,Auckland,Traffic Signals,,,,,0,0,Urban,0,,,Fine,Null
1758109.9287,5911952.1953,849588,,519810,0,,0,2,,South,2024/2025,SOUTH-WESTERN MOTORWAY,QUEENSTOWN ROAD OFF RAMP,,Non-Injury Crash,Yes,2024,,North,,0,,Flat,,,,,,Dark,602501,0,0,0,4,,,0,,,,,,Auckland Region,Nil,1-way,Sealed,,0,0,,100,,On,0,0,,76,Auckland,Nil,,,,,0,0,Open,0,,,Light rain,Null
1755010.3143,5913743.1537,849596,15,518803,0,,0,1,,Null,2023/2024,DENBIGH AVENUE,DOMINION ROAD,,Non-Injury Crash,No,2023,,North,,0,,Flat,,,,,,Bright sun,581700,0,0,0,2,,,0,,,,,,Auckland Region,Nil,1-way,Sealed,,0,0,,50,,Off,1,0,,76,Auckland,Give way,,,,,0,0,Urban,0,,,Fine,None
1762784.0744,5914963.9983,849600,,520302,0,,0,2,,East,2024/2025,ELLERSLIE-PANMURE HIGHWAY,MCDONALD CRESCENT,,Non-Injury Crash,No,2024,,East,,0,,Hill Road,,,,,,Dark,625200,0,0,0,4,,,0,,,,,,Auckland Region,Nil,2-way,Sealed,,0,0,,50,,On,0,1,,76,Auckland,Nil,,,,,0,0,Urban,0,,,Fine,Null
1759882.4294,5908639.3177,849603,,524121,0,,0,2,,South,2022/2023,SOUTH-WESTERN MOTORWAY,CORONATION ROAD OFF RAMP,,Non-Injury Crash,Yes,2023,,North,,0,,Flat,,Christmas New Year,,,,Bright sun,737000,0,0,0,3,,,0,,,,,,Auckland Region,Nil,1-way,Sealed,,0,0,,100,,Off,1,0,,76,Auckland,Nil,,,,,0,0,Open,0,,,Fine,Null
1750087.0764,5947199.7934,849604,,505806,0,,0,2,,South,2023/2024,MILLWATER PARKWAY,STELLA MARIS LANE,,Non-Injury Crash,No,2023,,South,,0,,Flat,,,,,,Bright sun,176505,0,0,0,2,,,0,,,,,,Auckland Region,Nil,2-way,Sealed,,0,0,,50,,Off,0,0,,76,Auckland,Nil,,,,,0,0,Urban,0,,,Fine,Null
1765724.7382,5900239.215,849611,,524822,0,,0,0,,South,2022/2023,DUNGARVON PLACE,MAPLESDEN DRIVE,,Minor Crash,No,2023,,North,,0,,Flat,,Easter,,,,Bright sun,774441,1,0,1,2,,,0,,,,,,Auckland Region,Nil,2-way,Sealed,,0,0,,50,,Off,0,0,,76,Auckland,Nil,,,,,0,0,Urban,0,,,Fine,Null
1759007.9452,5920500.4593,849613,,514101,0,,0,2,,South,2023/2024,THE STRAND,TAMAKI DRIVE,,Minor Crash,Yes,2023,,North,,0,,Flat,,,,,,Bright sun,438214,1,0,0,4,,,0,,,,,,Auckland Region,Bridge,2-way,Sealed,,0,0,,50,,Off,0,0,,76,Auckland,Nil,,,,,1,0,Urban,0,,,Fine,Null
1758196.3366,5945050.6444,849620,,505902,0,0,0,2,0,North,2023/2024,WHANGAPARAOA ROAD,TINDALLS BAY ROAD,,Non-Injury Crash,No,2024,0,East,0,0,0,Flat,0,,0,,0,Dark,174703,0,0,0,2,0,0,0,0,1,,0,0,Auckland Region,Nil,2-way,Sealed,0,0,0,0,60,0,On,0,0,,76,Auckland,Nil,0,0,0,0,0,0,Urban,0,0,0,Light rain,Strong wind
1745316.082,5920418.7957,849632,25,513301,0,,0,2,,Null,2022/2023,TRIANGLE ROAD,Triangle ROAD,,Non-Injury Crash,No,2023,,East,,0,,Flat,,,,,,Bright sun,231700,0,0,0,2,,,0,,,,,,Auckland Region,Nil,2-way,Sealed,,0,0,,50,,Off,0,0,,76,Auckland,Traffic Signals,,,,,0,0,Urban,0,,,Null,None
1768383.4681,5902507.1562,849637,,524901,0,0,0,2,0,West,2023/2024,ORAMS ROAD,ROTHERY ROAD,,Minor Crash,No,2023,0,East,0,0,0,Hill Road,0,,0,,0,Dark,754300,1,0,0,2,0,0,0,0,1,,0,0,Auckland Region,Nil,2-way,Sealed,0,0,0,0,70,0,On,0,0,50,76,Auckland,Nil,0,0,0,0,0,0,Urban,0,0,0,Fine,Strong wind
1773586.3845,5897134.3017,849644,,525630,0,0,0,3,0,North,2024/2025,GROVE ROAD,HILL CRESCENT,,Minor Crash,No,2025,0,North,0,0,0,Flat,0,,0,,0,Bright sun,795400,2,0,0,2,0,0,0,0,1,,0,0,Auckland Region,Nil,2-way,Sealed,0,0,0,0,50,0,Off,0,0,,76,Auckland,Nil,0,0,0,0,0,0,Urban,1,0,0,Fine,Null
1755687.9825,5916127.3078,849647,,518301,0,,0,1,,Null,2022/2023,DOMINION ROAD,WIREMU STREET,,Minor Crash,No,2023,,North,,0,,Flat,,,,,,Dark,555100,1,1,0,2,,,0,,,,,,Auckland Region,Nil,2-way,Sealed,,0,0,,50,,On,0,0,,76,Auckland,Nil,,,,,0,0,Urban,0,,,Fine,Null
1756046.3691,5912027.318,849656,,518701,0,,0,2,,Null,2024/2025,HILLSBOROUGH ROAD,GOODALL STREET,,Minor Crash,No,2024,,South,,0,,Flat,,,,,,Overcast,572802,1,0,0,3,,,0,,,,,,Auckland Region,Nil,2-way,Sealed,,0,0,,50,,None,0,1,40,76,Auckland,Stop,,,,,0,0,Urban,0,,,Heavy rain,Null
1769294.5308,5905564.477,849684,,523712,0,,0,1,,Null,2023/2024,MATTHEWS ROAD,DAWSON ROAD,,Non-Injury Crash,No,2024,,North,,0,,Flat,,,,,,Bright sun,716204,0,0,0,2,,,0,,,,,,Auckland Region,Nil,2-way,Sealed,,0,0,,50,,Off,0,0,,76,Auckland,Traffic Signals,,,,,0,0,Urban,1,,,Fine,Null
1757679.3076,5913566.7017,849696,,518600,0,0,1,0,0,East,2023/2024,MOUNT ALBERT ROAD,PAH ROAD,,Non-Injury Crash,No,2023,0,East,0,0,0,Flat,0,,0,,0,Bright sun,567200,0,0,0,4,0,0,0,0,0,,0,0,Auckland Region,Nil,2-way,Sealed,0,0,0,0,50,0,Off,0,0,,76,Auckland,Nil,0,0,0,0,0,0,Urban,1,1,0,Fine,Null
1760657.6949,5914886.0873,849701,,519400,0,,0,2,,Null,2022/2023,GREAT SOUTH ROAD,WAIOHUA ROAD,,Minor Crash,No,2023,,North,,0,,Flat,,,,,,Dark,619600,1,0,0,4,,,0,,,,,,Auckland Region,Nil,2-way,Sealed,,0,0,,50,,On,0,0,,76,Auckland,Give way,,,,,0,0,Urban,0,,,Fine,Null
1757694.2073,5918275.3647,849707,,518101,0,,0,4,,South,2023/2024,SOUTHERN MOTORWAY,KHYBER PASS ROAD OFF RAMP,,Minor Crash,Yes,2023,,North,,0,,Flat,,,,,,Bright sun,543000,1,0,0,4,,,0,,,,,,Auckland Region,Nil,1-way,Sealed,,0,0,,80,,Null,1,0,,76,Auckland,Nil,,,,,0,0,Open,0,,,Fine,Null
1746678.3743,5964336.4489,849720,,506613,0,0,0,0,0,North,2023/2024,NORTHERN MOTORWAY,MOIR HILL ROAD,,Non-Injury Crash,Yes,2023,0,North,0,0,0,Hill Road,1,,0,,0,Overcast,146005,0,0,0,2,0,0,0,0,0,,0,0,Auckland Region,Nil,1-way,Sealed,0,0,0,0,100,0,None,0,0,,76,Auckland,Nil,0,0,0,0,0,0,Open,1,0,0,Fine,Null
1758381.782,5917847.1298,849723,,516001,0,,0,1,,South,2022/2023,BROADWAY,MORTIMER PASS,,Minor Crash,No,2023,,North,,0,,Flat,,,,,,Dark,490701,1,0,0,4,,,0,,,1,,,Auckland Region,Nil,2-way,Sealed,,0,0,,50,,On,0,0,,76,Auckland,Nil,,,,,0,0,Urban,0,,,Light rain,Null
1756570.1281,5918441.2819,849724,,515600,0,,0,1,,Null,2023/2024,VIRGINIA AVENUE EAST,NEW NORTH ROAD,,Minor Crash,No,2024,,South,,0,,Flat,,,,,,Dark,419800,1,0,0,4,,,0,,,1,,,Auckland Region,Nil,2-way,Sealed,,0,0,,50,,On,0,0,,76,Auckland,Give way,,,,,0,0,Urban,0,,,Light rain,Null
1755517.561,5911511.4231,849727,,519002,0,0,0,2,0,East,2023/2024,HILLSBOROUGH ROAD,WHITMORE ROAD,,Minor Crash,No,2023,0,West,0,0,0,Flat,0,,0,,0,Bright sun,591404,1,0,0,2,0,0,0,0,1,,0,0,Auckland Region,Nil,2-way,Sealed,0,0,0,0,50,0,Off,1,0,,76,Auckland,Nil,0,0,0,0,0,0,Urban,0,0,0,Fine,Null
1763938.5439,5912449.853,849728,,520500,0,0,0,1,1,Null,2023/2024,MOUNT WELLINGTON HWY OFF RAMP,MOUNT WELLINGTON HIGHWAY,,Minor Crash,No,2024,0,West,0,0,0,Flat,0,,0,,0,Dark,639500,1,0,0,1,0,0,0,0,0,,0,0,Auckland Region,Nil,1-way,Sealed,0,0,0,0,50,0,On,0,0,,76,Auckland,Give way,1,0,0,0,0,0,Urban,0,0,0,Fine,Null
1762627.0322,5913051.2063,849737,,520402,0,,0,3,,West,2022/2023,SOUTHERN MOTORWAY,SOUTH-EASTERN HWY OFF RAMP,,Non-Injury Crash,Yes,2023,,East,,0,,Flat,,,,,,Dark,642400,0,0,0,4,,,0,,,,,,Auckland Region,Nil,1-way,Sealed,,0,0,,100,,On,0,0,,76,Auckland,Nil,,,,,0,0,Open,0,,,Light rain,Null
1762621.0481,5913056.0937,849740,,520402,0,,0,3,,West,2023/2024,SOUTHERN MOTORWAY,SOUTH-EASTERN HWY OFF RAMP,,Minor Crash,Yes,2024,,East,,0,,Flat,,,,,,Dark,642400,1,0,0,4,,,0,,,,,,Auckland Region,Nil,1-way,Sealed,,0,0,,100,,On,0,0,,76,Auckland,Nil,,,,,0,0,Open,0,,,Fine,Null
1752914.5697,5884986.0331,849756,,521152,0,0,0,1,0,South,2023/2024,GLENBROOK BEACH ROAD,BEACH ROAD,,Serious Crash,No,2024,0,North,1,0,1,Flat,0,,0,,0,Overcast,833800,0,0,0,1,0,0,0,0,0,,0,0,Auckland Region,Nil,2-way,Sealed,0,0,1,0,80,0,Off,0,0,,76,Auckland,Nil,0,0,0,0,0,0,Open,0,0,0,Heavy rain,Null
1765130.1854,5906234.8364,849768,,522201,0,0,0,1,0,West,2023/2024,OMAGH AVENUE,KOLMAR ROAD,,Non-Injury Crash,No,2024,0,West,0,0,0,Flat,0,,0,,0,Bright sun,662700,0,0,0,2,0,0,0,0,1,,0,0,Auckland Region,Nil,2-way,Unsealed,0,0,0,0,50,0,Off,0,0,,76,Auckland,Nil,0,0,0,0,1,0,Urban,0,0,0,Fine,Null
1748510.0541,5961440.3502,849796,65,506613,0,0,0,1,0,South,2023/2024,SH 1,SCHOLLUM ACCESS ROAD,,Non-Injury Crash,No,2023,0,South,0,0,0,Hill Road,1,,0,,0,Overcast,146800,0,0,0,3,0,0,0,0,0,,0,0,Auckland Region,Nil,2-way,Sealed,0,0,0,0,80,0,None,0,0,,76,Auckland,Nil,0,0,0,0,0,0,Open,0,0,0,Fine,Null
1770067.418,5915559.7256,849812,,522711,0,,0,3,,South,2024/2025,BUCKLANDS BEACH ROAD,GILLS ROAD,,Minor Crash,No,2024,,North,,0,,Hill Road,,,,,,Twilight,680711,1,0,0,2,,,0,,,,,,Auckland Region,Nil,2-way,Sealed,,0,0,,50,,On,0,0,,76,Auckland,Nil,,,,,0,0,Urban,0,,,Fine,Null
1751970.9627,5948937.8575,849816,,505805,0,0,0,1,0,South,2024/2025,HIBISCUS COAST HIGHWAY,WEITI ROAD,,Minor Crash,No,2024,0,North,0,0,0,Flat,0,,0,,0,Dark,172401,1,0,0,2,0,0,0,0,2,,0,0,Auckland Region,Nil,2-way,Sealed,0,0,0,0,50,0,On,0,0,,76,Auckland,Nil,0,0,0,0,1,0,Urban,1,0,0,Fine,Null
1751563.6793,5915249.4799,849820,,514401,0,,0,2,,Null,2023/2024,BLOCKHOUSE BAY ROAD,NEW NORTH ROAD,,Non-Injury Crash,No,2024,,South,,0,,Hill Road,,,,,,Overcast,382500,0,0,0,2,,,0,,,,,,Auckland Region,Nil,2-way,Sealed,,0,0,,50,,On,0,0,,76,Auckland,Traffic Signals,,,,,0,0,Urban,0,,,Fine,Null
1754588.4212,5930789.7832,849825,,508520,0,,0,4,,South,2022/2023,NORTHERN MOTORWAY,UPPER HARBOUR HWY ON RAMP,,Minor Crash,Yes,2023,,South,,0,,Flat,,,,,,Dark,191104,1,0,0,3,,,0,,,,,,Auckland Region,Nil,1-way,Sealed,,0,0,,100,,On,0,0,,76,Auckland,Nil,,,,,0,0,Open,0,,,Light rain,Strong wind
1751530.8684,5916312.3131,849829,,514401,0,,0,0,,South,2022/2023,BLOCKHOUSE BAY ROAD,GREAT NORTH ROAD,,Minor Crash,No,2023,,North,,0,,Flat,,,,,,Overcast,383701,1,0,1,2,,,0,,,,,,Auckland Region,Nil,2-way,Sealed,,0,0,,50,,Off,0,0,,76,Auckland,Nil,,,,,1,0,Urban,0,,,Fine,Null
1763948.6893,5912247.5911,849836,,520500,0,,0,0,,Null,2022/2023,MOUNT WELLINGTON HIGHWAY,SYLVIA PARK ROAD,,Non-Injury Crash,No,2023,,North,,0,,Flat,,Queens Birthday,,,,Overcast,637300,0,0,0,6,,,0,,,,,,Auckland Region,Nil,2-way,Sealed,,0,0,,50,,Off,2,0,,76,Auckland,Traffic Signals,,,,,0,0,Urban,0,,,Light rain,Null
1771616.2516,5911929.542,849848,,523110,0,0,0,1,0,South,2023/2024,SANTA ANA DRIVE,SANTA CRUZ DRIVE,,Non-Injury Crash,No,2023,0,South,0,0,1,Flat,0,,0,,0,Dark,711169,0,0,0,2,0,0,0,0,0,,0,0,Auckland Region,Nil,2-way,Sealed,0,0,0,0,50,0,On,0,0,,76,Auckland,Nil,0,0,0,0,0,0,Urban,0,0,0,Fine,Null