X,Y,OBJECTID,advisorySpeed,areaUnitID,bicycle,bridge,bus,carStationWagon,cliffBank,crashDirectionDescription,crashFinancialYear,crashLocation1,crashLocation2,crashRoadSideRoad,crashSeverity,crashSHDescription,crashYear,debris,directionRoleDescription,ditch,fatalCount,fence,flatHill,guardRail,holiday,houseOrBuilding,intersection,kerb,light,meshblockId,minorInjuryCount,moped,motorcycle,NumberOfLanes,objectThrownOrDropped,otherObject,otherVehicleType,overBank,parkedVehicle,pedestrian,phoneBoxEtc,postOrPole,region,roadCharacter,roadLane,roadSurface,roadworks,schoolBus,seriousInjuryCount,slipOrFlood,speedLimit,strayAnimal,streetLight,suv,taxi,temporarySpeedLimit,tlaId,tlaName,trafficControl,trafficIsland,trafficSign,train,tree,truck,unknownVehicleType,urban,vanOrUtility,vehicle,waterRiver,weatherA,weatherB
1756822.8865,5919465.3531,849851,,514200,0,,0,1,,Null,2023/2024,KARANGAHAPE ROAD,PITT STREET,,Serious Crash,No,2023,,West,,0,,Flat,,,,,,Dark,412200,0,0,0,4,,,0,,,1,,,Auckland Region,Nil,2-way,Sealed,,0,1,,30,,On,0,0,,76,Auckland,Traffic Signals,,,,,0,0,Urban,0,,,Light rain,Null
1756108.603,5912764.5368,849871,,518701,0,0,0,2,0,South,2022/2023,OLSEN AVENUE,KARAKIA LANE,,Minor Crash,No,2023,0,North,0,0,0,Flat,0,,0,,0,Dark,572002,1,0,0,2,0,0,0,0,1,,0,0,Auckland Region,Nil,2-way,Sealed,0,0,0,0,50,0,On,0,0,,76,Auckland,Nil,0,0,0,0,0,0,Urban,0,0,0,Fine,Null
1763550.0804,5909049.1935,849876,,521901,0,,0,3,,Null,2023/2024,WALMSLEY ROAD,NIKAU ROAD,,Non-Injury Crash,No,2024,,North,,0,,Flat,,,,,,Overcast,785000,0,0,0,4,,,0,,,,,,Auckland Region,Nil,2-way,Sealed,,0,0,,50,,Off,0,0,,76,Auckland,Stop,,,,,0,0,Urban,0,,,Fine,Null
1765593.3288,5908325.8113,849888,,523403,0,0,0,2,0,South,2024/2025,WYMONDLEY ROAD,LAXON AVENUE,,Minor Crash,No,2024,0,South,0,0,0,Flat,0,,0,,0,Dark,696500,1,0,0,2,0,0,0,0,1,,0,0,Auckland Region,Nil,2-way,Sealed,0,0,0,0,50,0,On,0,0,,76,Auckland,Nil,0,0,0,0,0,0,Urban,0,0,0,Heavy rain,Strong wind
1753496.558,5914404.1625,849891,,518801,0,,0,1,,Null,2022/2023,MAIORO STREET,MAIORO STREET ON RAMP,,Non-Injury Crash,No,2023,,North,,0,,Flat,,,,,,Dark,578400,0,0,0,3,,,0,,,,,,Auckland Region,Motorway ramp,2-way,Sealed,,0,0,,50,,On,0,0,,76,Auckland,Traffic Signals,,,,,0,0,Urban,1,,,Light rain,Null
1755406.691,5930443.2855,849899,,508520,0,0,0,1,0,Null,2022/2023,SYCAMORE DRIVE,SUNNYNOOK ROAD,,Non-Injury Crash,No,2023,0,East,0,0,0,Flat,0,,0,,0,Overcast,192800,0,0,0,2,0,0,0,0,0,,1,0,Auckland Region,Nil,2-way,Sealed,0,0,0,0,50,0,Off,0,0,,76,Auckland,Give way,0,0,0,0,0,0,Urban,0,0,0,Light rain,Null
1763519.6151,5878149.4002,849905,,521121,0,0,0,1,1,West,2022/2023,WAIUKU ROAD,WILY ROAD,,Non-Injury Crash,No,2023,0,East,1,0,0,Flat,0,,0,,0,Bright sun,825101,0,0,0,2,0,0,0,0,0,,0,0,Auckland Region,Nil,2-way,Sealed,0,0,0,0,80,0,None,0,0,,76,Auckland,Nil,0,0,0,0,0,0,Open,0,0,0,Fine,Null
1755890.2999,5928223.2805,849911,,507900,0,,0,4,,South,2022/2023,NORTHERN MOTORWAY,TRISTRAM AVENUE OFF RAMP,,Non-Injury Crash,Yes,2023,,North,,0,,Flat,,,,,,Twilight,305201,0,0,0,4,,,0,,,,,,Auckland Region,Nil,1-way,Sealed,,0,0,,100,,On,0,0,,76,Auckland,Nil,,,,,0,0,Open,0,,,Fine,Null
1755467.7621,5919657.8538,849912,,515302,0,0,0,2,0,West,2022/2023,BROWN STREET,FITZROY STREET,,Non-Injury Crash,No,2023,0,West,0,0,0,Flat,0,,0,,0,Bright sun,432100,0,0,0,2,0,0,0,0,1,,0,0,Auckland Region,Nil,2-way,Sealed,0,0,0,0,50,0,Off,0,0,,76,Auckland,Nil,0,0,0,0,0,0,Urban,0,0,0,Fine,None
1739926.6106,5981592.4213,849917,,506660,0,0,0,0,0,North,2023/2024,WAYBY VALLEY ROAD,WILSON ROAD,,Minor Crash,No,2023,0,North,0,0,1,Flat,0,,0,,0,Dark,136700,1,0,0,1,0,0,0,0,0,,0,0,Auckland Region,Nil,2-way,Sealed,0,0,0,0,100,0,None,0,0,,76,Auckland,Nil,0,0,0,1,0,0,Open,1,0,0,Fine,Null
1775796.1823,5901158.0326,849920,,523813,0,0,0,1,0,North,2024/2025,ALFRISTON-ARDMORE ROAD,CLEVEDON-TAKANINI ROAD,,Fatal Crash,No,2025,0,North,0,1,0,Flat,0,,0,,0,Dark,761000,0,0,0,2,0,0,0,0,0,,0,1,Auckland Region,Nil,2-way,Sealed,0,0,1,0,80,0,None,0,0,,76,Auckland,Nil,0,0,0,0,0,0,Open,0,0,0,Fine,Null
1744891.6481,5921285.9553,849921,,513530,0,,0,1,,North,2022/2023,NORTH-WESTERN MOTORWAY,HURUHURU OBR,,Non-Injury Crash,Yes,2023,,South,,0,,Flat,,,,,,Overcast,226302,0,0,0,3,,,0,,,,,,Auckland Region,Nil,1-way,Sealed,,0,0,,100,,Null,1,0,,76,Auckland,Nil,,,,,0,0,Open,0,,,Fine,Null
1766916.8135,5903790.9432,849923,,524604,0,,0,4,,South,2022/2023,LAMBIE DRIVE,LAMBIE DRIVE OFF RAMP,,Non-Injury Crash,No,2023,,South,,0,,Flat,,,,,,Overcast,780210,0,0,0,4,,,0,,,,,,Auckland Region,Overpass,1-way,Sealed,,0,0,,60,,Off,0,0,,76,Auckland,Nil,,,,,0,0,Urban,0,,,Fine,Null
1766764.471,5901526.3298,849928,,524712,0,1,0,1,0,Null,2023/2024,HEALY ROAD,WHITE ROAD,,Non-Injury Crash,No,2024,0,West,0,0,0,Flat,0,,0,,0,Dark,779000,0,0,0,2,0,0,0,0,0,,0,0,Auckland Region,Nil,2-way,Sealed,0,0,0,0,50,0,On,0,0,,76,Auckland,Nil,0,1,0,0,0,0,Urban,1,0,0,Fine,Null
1758451.6561,5945583.2884,849931,,505902,0,0,0,1,0,Null,2023/2024,WHANGAPARAOA ROAD,CAPITOL ROAD,,Minor Crash,No,2023,0,South,0,0,0,Hill Road,0,,0,,0,Overcast,174801,1,0,0,2,0,0,0,0,0,,0,0,Auckland Region,Nil,2-way,Sealed,0,0,0,0,50,0,Off,0,0,,76,Auckland,Stop,0,0,0,1,0,0,Urban,0,0,0,Fine,Null
1772944.4193,5891258.9342,849933,,521301,0,,0,2,,North,2022/2023,SOUTHERN MOTORWAY,GREAT SOUTH ROAD OFF RAMP,,Non-Injury Crash,Yes,2023,,North,,0,,Flat,,,,,,Overcast,809200,0,0,2,2,,,0,,,,,,Auckland Region,Nil,1-way,Sealed,,0,0,,100,,Off,0,0,,76,Auckland,Nil,,,,,0,0,Open,1,,,Light rain,Null
1770967.4725,5914588.7031,849936,,522722,0,,0,1,,Null,2023/2024,BOTANY ROAD,PAKURANGA ROAD,,Minor Crash,No,2024,,North,,0,,Hill Road,,,,,,Bright sun,647601,1,0,0,4,,,0,,,1,,,Auckland Region,Nil,2-way,Sealed,,0,0,,50,,Off,0,0,40,76,Auckland,Traffic Signals,,,,,0,0,Urban,0,,,Fine,Null
1758091.5424,5916432.9455,849940,,515801,0,0,0,1,0,West,2024/2025,RANFURLY ROAD,MANUKAU ROAD,,Minor Crash,No,2024,0,East,0,0,0,Flat,0,,0,,0,Dark,446100,1,0,0,2,0,0,0,0,0,,0,0,Auckland Region,Nil,2-way,Sealed,0,0,0,0,50,0,On,0,0,,76,Auckland,Nil,1,0,0,0,0,0,Urban,0,0,0,Light rain,Null
1757555.1117,5918534.6391,849957,,514302,0,,0,1,,South,2022/2023,SOUTHERN MOTORWAY,PORT TO SOUTHERN LINK,,Non-Injury Crash,Yes,2023,,South,,0,,Hill Road,,,,,,Bright sun,442100,0,0,0,4,,,0,,,,,,Auckland Region,Overpass,1-way,Sealed,,0,0,,50,,Off,0,0,,76,Auckland,Nil,,,,,0,0,Urban,1,,,Fine,Null
1771132.3613,5906173.7814,849959,,523713,0,,0,1,,Null,2023/2024,MURPHYS ROAD,FLAT BUSH SCHOOL ROAD,,Minor Crash,No,2023,,South,,0,,Flat,,,,,,Overcast,712701,1,0,0,4,,,0,,,,,,Auckland Region,Nil,2-way,Sealed,,0,0,,60,,Off,0,0,,76,Auckland,Traffic Signals,,,,,1,0,Urban,0,,,Light rain,Strong wind
1763342.5027,5917667.6564,849963,,516301,0,0,0,3,0,Null,2023/2024,ST JOHNS ROAD,DORCHESTER STREET,,Minor Crash,No,2023,0,East,0,0,0,Hill Road,0,,0,,0,Overcast,462101,1,0,0,2,0,0,0,0,1,,0,0,Auckland Region,Nil,2-way,Sealed,0,0,0,0,50,0,Off,0,0,,76,Auckland,Stop,0,0,0,0,0,0,Urban,0,0,0,Light rain,Null
1754955.6059,5912165.0503,849968,,519002,0,0,0,1,0,Null,2023/2024,MORRIE LAING AVENUE,GLASS ROAD,,Non-Injury Crash,No,2024,0,North,0,0,0,Flat,0,,0,,1,Dark,589600,0,0,0,2,0,0,0,0,0,,0,0,Auckland Region,Nil,2-way,Sealed,0,0,0,0,50,0,On,0,0,,76,Auckland,Stop,0,0,0,0,0,0,Urban,1,0,0,Heavy rain,None
1773137.2442,5906263.379,849977,45,523713,0,0,0,1,0,East,2022/2023,SOVEREIGN STREET,IMPERIAL PLACE,,Non-Injury Crash,No,2023,0,East,0,0,0,Hill Road,0,,0,,0,Dark,712600,0,0,0,2,0,0,0,0,1,,0,0,Auckland Region,Nil,2-way,Sealed,0,0,0,0,50,0,None,0,0,,76,Auckland,Nil,0,0,0,0,0,0,Urban,1,0,0,Light rain,Null
1763773.0978,5907578.043,849984,,521902,0,,0,1,,North,2024/2025,HOSPITAL ROAD,HOSPITAL ENT S,,Non-Injury Crash,No,2024,,South,,0,,Flat,,,,,,Overcast,786500,0,0,0,2,,,0,,,,,,Auckland Region,Nil,2-way,Sealed,,0,0,,20,,Off,1,0,,76,Auckland,Nil,,,,,0,0,Urban,0,,,Fine,Null
1760944.5117,5907115.5494,849985,,524112,0,,0,2,,South,2022/2023,SOUTH-WESTERN MOTORWAY,BADER OBR,,Non-Injury Crash,Yes,2023,,South,,0,,Flat,,,,,,Overcast,742102,0,0,0,2,,,0,,,,,,Auckland Region,Nil,1-way,Sealed,,0,0,,100,,Off,0,0,,76,Auckland,Nil,,,,,0,0,Open,0,,,Light rain,Null
1783359.9555,5925978.5627,849993,,520801,0,0,0,0,0,North,2022/2023,TAHI ROAD,POTO ROAD,,Non-Injury Crash,No,2023,0,South,0,0,0,Null,0,,0,,0,Unknown,515401,0,0,0,2,0,0,0,0,1,,0,0,Auckland Region,Nil,2-way,Sealed,0,0,0,0,50,0,Null,0,0,,76,Auckland,Nil,0,0,0,0,1,0,Urban,1,0,0,Null,Null
1745571.8982,5915271.3599,849996,,511800,0,0,0,2,0,Null,2023/2024,SEYMOUR ROAD,RANGEVIEW ROAD,,Non-Injury Crash,No,2024,0,West,0,0,0,Hill Road,0,,0,,0,Bright sun,277801,0,0,0,2,0,0,0,0,1,,0,0,Auckland Region,Nil,2-way,Sealed,0,0,0,0,50,0,Off,0,0,,76,Auckland,Nil,0,0,0,0,0,0,Urban,0,0,0,Fine,Null
1770743.9167,5898641.0078,850000,,523911,0,,0,2,,East,2024/2025,TAKA STREET,TAKA STREET,,Minor Crash,No,2024,,East,,0,,Flat,,,,,,Bright sun,768200,2,0,0,2,,,0,,,,,,Auckland Region,Nil,2-way,Sealed,,0,0,,50,,Off,0,0,,76,Auckland,Nil,,,,,0,0,Urban,1,,,Fine,Null
1746985.9487,5917595.5561,850003,,512500,0,,0,2,,Null,2022/2023,MCLEOD ROAD,BODI PLACE,,Minor Crash,No,2023,,East,,0,,Hill Road,,,,,,Dark,258500,1,0,0,2,,,0,,,,,,Auckland Region,Nil,2-way,Sealed,,0,0,,50,,On,0,0,,76,Auckland,Give way,,,,,0,0,Urban,0,,,Light rain,Null
1766240.3999,5899954.0394,850008,45,524822,0,,1,0,,South,2024/2025,ROSCOMMON ROAD,ROBERT ROSS PLACE,,Non-Injury Crash,No,2024,,North,,0,,Flat,,,,,,Dark,774431,0,0,0,2,,,0,,,,,,Auckland Region,Nil,1-way,Sealed,,0,0,,50,,On,0,0,,76,Auckland,Nil,,,,,0,0,Urban,0,,,Light rain,None
1771688.8947,5899110.9226,850013,,523911,0,,0,1,,North,2022/2023,PORCHESTER ROAD,AIRFIELD ROAD,,Non-Injury Crash,No,2023,,North,,0,,Flat,,,,,,Bright sun,767004,0,0,0,2,,,0,,,,,,Auckland Region,Nil,2-way,Sealed,,0,0,,50,,None,0,0,,76,Auckland,Nil,,,,,0,0,Urban,1,,,Fine,Null
1764248.2458,5909626.2826,850016,45,521901,0,0,0,1,0,North,2024/2025,GREAT SOUTH ROAD,PARK AVENUE,,Non-Injury Crash,No,2024,0,South,0,0,0,Flat,0,,0,,0,Dark,784500,0,0,0,2,0,0,0,0,1,,0,0,Auckland Region,Nil,2-way,Sealed,0,0,0,0,50,0,None,0,0,,76,Auckland,Nil,0,0,0,0,0,0,Urban,1,0,0,Fine,None
1743526.0535,5923274.8087,850037,,513511,0,,0,2,,West,2022/2023,RUSH CREEK DRIVE,REGENTS PARK PLACE,,Minor Crash,No,2023,,East,,0,,Hill Road,,,,,,Bright sun,224311,1,0,0,2,,,0,,,,,,Auckland Region,Nil,2-way,Sealed,,0,0,,50,,None,0,0,,76,Auckland,Nil,,,,,0,0,Urban,0,,,Fine,Null
1756341.291,5919069.2526,850040,,515500,0,,0,2,,Null,2023/2024,NEWTON ROAD,WINCHESTER STREET,,Non-Injury Crash,No,2024,,North,,0,,Hill Road,,,,,,Dark,417600,0,0,0,4,,,0,,,,,,Auckland Region,Nil,2-way,Sealed,,0,0,,50,,On,0,0,,76,Auckland,Traffic Signals,,,,,0,0,Urban,0,,,Fine,None
1750076.1422,5929256.7409,850043,,509100,0,0,0,1,0,North,2022/2023,ORWELL ROAD,LOUVAIN PLACE,,Non-Injury Crash,No,2023,0,South,0,0,0,Flat,0,,1,,0,Dark,181101,0,0,0,2,0,0,0,0,0,,0,0,Auckland Region,Nil,2-way,Sealed,0,0,0,0,50,0,Off,0,0,,76,Auckland,Nil,0,0,0,0,0,0,Urban,0,0,0,Light rain,Null
1759218.7459,5916740.2553,850068,,516001,0,,0,2,,South,2023/2024,SOUTHERN MOTORWAY,MARKET OBR,,Non-Injury Crash,Yes,2023,,South,,0,,Flat,,,,,,Overcast,491700,0,0,0,3,,,0,,,,,,Auckland Region,Underpass,1-way,Sealed,,0,0,,100,,Off,0,0,,76,Auckland,Nil,,,,,0,0,Open,0,,,Fine,Null
1754172.571,5946112.601,850071,,505906,0,0,0,3,0,South,2022/2023,VIPOND ROAD,CARENTO WAY,,Minor Crash,No,2023,0,Null,0,0,0,Hill Road,0,,0,,0,Dark,173202,1,0,0,2,0,0,0,0,1,,0,0,Auckland Region,Nil,2-way,Sealed,0,0,0,0,50,0,On,0,0,,76,Auckland,Nil,0,0,0,0,0,0,Urban,0,0,0,Fine,Strong wind
1756741.1774,5929869.224,850072,,507720,0,,0,1,,Null,2024/2025,EAST COAST ROAD,SELWYN CRESCENT,,Minor Crash,No,2024,,North,,0,,Hill Road,,,,,,Overcast,312300,1,0,0,2,,,0,,,1,,,Auckland Region,Nil,2-way,Sealed,,0,0,,50,,Off,0,0,,76,Auckland,Give way,,,,,0,0,Urban,0,,,Light rain,Null
1757819.4995,5913527.4672,850088,,518702,0,0,0,2,0,West,2023/2024,MOUNT ALBERT ROAD,CROWN STREET,,Non-Injury Crash,No,2023,1,West,0,0,0,Flat,0,,0,,0,Bright sun,567900,0,0,0,4,0,0,0,0,0,,0,0,Auckland Region,Nil,2-way,Sealed,0,0,0,0,50,0,Off,0,0,,76,Auckland,Nil,0,0,0,0,0,0,Urban,0,0,0,Fine,Null
1755681.2948,5928374.3205,850089,,507900,0,,0,2,,South,2022/2023,WAIRAU ROAD,CURRYS LANE,,Minor Crash,No,2023,,North,,0,,Flat,,,,,,Bright sun,305100,2,0,0,4,,,0,,,1,,,Auckland Region,Nil,2-way,Sealed,,0,0,,50,,Off,0,0,,76,Auckland,Nil,,,,,0,0,Urban,0,,,Fine,Null
1769614.5937,5905398.4258,850095,,523712,0,,0,2,,Null,2022/2023,THOMAS ROAD,ASPIRING AVENUE,,Minor Crash,No,2023,,West,,0,,Hill Road,,,,,,Overcast,716202,1,0,0,2,,,0,,,,,,Auckland Region,Nil,2-way,Sealed,,0,0,,50,,Off,0,0,,76,Auckland,Give way,,,,,0,0,Urban,0,,,Heavy rain,Strong wind
1759658.0997,5911808.2722,850168,,520000,0,,0,0,,Null,2024/2025,VICTORIA STREET,NEILSON STREET,,Non-Injury Crash,No,2024,,South,,0,,Flat,,,,,,Dark,607100,0,0,0,4,,,0,,,,,,Auckland Region,Nil,2-way,Sealed,,0,0,,50,,On,0,0,,76,Auckland,Give way,,,,,2,0,Urban,0,,,Fine,Null
1753402.169,5914329.0965,850176,,518801,0,,0,0,,North,2024/2025,MAIORO STREET,RICHARDSON ROAD,,Minor Crash,No,2024,,East,,0,,Flat,,,,,,Overcast,578400,1,0,0,3,,,0,,,,,,Auckland Region,Nil,1-way,Sealed,,0,0,,50,,Off,2,0,,76,Auckland,Nil,,,,,0,0,Urban,0,,,Fine,Null
1755353.8976,5921631.2264,850181,,515202,0,,0,2,,South,2022/2023,WESTHAVEN DRIVE,CURRAN STREET,,Minor Crash,No,2023,,South,,0,,Flat,,,,,,Bright sun,423600,1,0,0,2,,,0,,,,,,Auckland Region,Nil,2-way,Sealed,,0,0,,30,,None,0,0,,76,Auckland,Nil,,,,,0,0,Urban,0,,,Fine,Null
1768513.3812,5905329.3477,850184,,523722,0,,0,0,,East,2024/2025,TE IRIRANGI DRIVE,OTHELLO DRIVE,,Non-Injury Crash,No,2024,,East,,0,,Null,,,,,,Twilight,715910,0,0,0,2,,,0,,,,,,Auckland Region,Nil,1-way,Sealed,,0,0,,50,,Null,1,0,,76,Auckland,Nil,,,,,0,0,Urban,0,,,Light rain,Null
1766923.1695,5907662.8043,850192,45,523501,0,,0,2,,Null,2023/2024,BAIRDS ROAD,EAST TAMAKI ROAD,,Non-Injury Crash,No,2024,,South,,0,,Flat,,,,,,Bright sun,700602,0,0,0,1,,,0,,,,,,Auckland Region,Nil,1-way,Sealed,,0,0,,50,,Null,0,0,,76,Auckland,Give way,,,,,0,0,Urban,0,,,Fine,None
1756262.1791,5916072.4696,850204,,518301,0,,0,2,,East,2023/2024,BALMORAL ROAD,MEWBURN AVENUE,,Non-Injury Crash,No,2024,,East,,0,,Flat,,,,,,Bright sun,556200,0,0,0,4,,,0,,,,,,Auckland Region,Nil,2-way,Sealed,,0,0,,50,,Off,0,0,,76,Auckland,Nil,,,,,0,0,Urban,0,,,Fine,None
1755999.0617,5917238.9673,850212,,518201,0,,0,0,,North,2024/2025,DOMINION ROAD,EWINGTON AVENUE,,Minor Crash,No,2025,,North,,0,,Flat,,,,,,Bright sun,547900,1,0,0,5,,,0,,,1,,,Auckland Region,Nil,2-way,Sealed,,0,0,,50,,None,0,1,30,76,Auckland,Nil,,,,,0,1,Urban,0,,,Fine,Null
1752640.7136,5915745.4247,850220,,517902,0,0,0,1,0,Null,2023/2024,RICHARDSON ROAD,HARLSTON ROAD,,Non-Injury Crash,No,2024,0,South,0,0,0,Flat,0,,0,,0,Dark,520800,0,0,0,2,0,0,0,0,0,,1,1,Auckland Region,Nil,2-way,Sealed,0,0,0,0,50,0,On,0,0,,76,Auckland,Give way,0,0,0,0,0,0,Urban,0,0,0,Light rain,Null
1744529.0255,5928045.1665,850241,,513410,0,0,0,0,0,South,2023/2024,TOTARA ROAD,MCKEAN ROAD,,Minor Crash,No,2023,0,South,1,0,0,Hill Road,0,,0,,0,Twilight,219700,1,0,0,2,0,0,0,0,0,,0,0,Auckland Region,Nil,2-way,Sealed,0,0,0,0,50,0,None,0,0,30,76,Auckland,Nil,0,0,0,0,0,0,Urban,1,0,0,Fine,Null
1768163.6937,5902491.8597,850244,35,524602,0,,0,2,,North,2022/2023,GREAT SOUTH ROAD,BROWNS ROAD,,Non-Injury Crash,No,2023,,South,,0,,Hill Road,,Easter,,,,Twilight,780700,0,0,0,5,,,0,,,,,,Auckland Region,Nil,2-way,Sealed,,0,0,,50,,On,0,0,,76,Auckland,Nil,,,,,0,0,Urban,0,,,Heavy rain,Strong wind
1762200.3455,5913617.2783,850248,,520500,0,,0,3,,South,2023/2024,SOUTHERN MOTORWAY,PENROSE OBR,,Non-Injury Crash,Yes,2024,,North,,0,,Flat,,,,,,Bright sun,637100,0,0,0,3,,,0,,,,,,Auckland Region,Nil,1-way,Sealed,,0,0,,100,,Off,0,0,,76,Auckland,Nil,,,,,0,0,Open,0,,,Fine,Null
1772265.0365,5897567.3028,850256,,523912,0,,0,0,,North,2024/2025,PORCHESTER ROAD,WATERVIEW ROAD EAST,,Minor Crash,No,2025,,North,,0,,Flat,,,,,,Bright sun,766400,1,0,1,2,,,0,,,,,,Auckland Region,Nil,2-way,Sealed,,0,0,,50,,Off,0,0,,76,Auckland,Nil,,,,,0,0,Urban,0,,,Fine,Null
1755248.3887,5920846.121,850259,,515302,0,,0,1,,Null,2022/2023,JERVOIS ROAD,SHELLY BEACH ROAD,,Minor Crash,No,2023,,North,,0,,Flat,,,,,,Overcast,429000,1,0,0,4,,,0,,,,,,Auckland Region,Nil,2-way,Sealed,,0,0,,50,,Off,0,0,,76,Auckland,Traffic Signals,,,,,0,0,Urban,1,,,Light rain,Null
1753693.3014,5928220.5299,850260,,508310,0,0,0,1,0,Null,2023/2024,GLENFIELD ROAD,MAYFIELD ROAD,,Minor Crash,No,2024,0,North,0,0,0,Hill Road,0,,0,,0,Dark,199900,1,0,0,4,0,0,0,0,0,,0,0,Auckland Region,Nil,2-way,Sealed,0,0,0,0,50,0,On,0,0,,76,Auckland,Give way,0,0,0,1,0,0,Urban,0,0,0,Light rain,Null
1761784.2466,5912477.4178,850265,,519500,0,,0,1,,West,2023/2024,CHURCH STREET,O'RORKE ROAD,,Minor Crash,No,2023,,East,,0,,Flat,,,,,,Bright sun,622400,1,0,1,4,,,0,,,,,,Auckland Region,Nil,2-way,Sealed,,0,0,,50,,Off,0,0,,76,Auckland,Nil,,,,,0,0,Urban,0,,,Fine,Frost
1743718.1492,5923980.5131,850269,,513410,0,0,0,1,0,North,2022/2023,MAKI STREET,FRED TAYLOR DRIVE,,Minor Crash,No,2023,0,South,0,0,0,Flat,0,,1,,0,Overcast,224000,1,0,0,2,0,0,0,0,1,,0,0,Auckland Region,Nil,2-way,Sealed,0,0,0,0,30,0,Off,1,0,,76,Auckland,Nil,0,0,0,0,0,0,Urban,0,0,0,Fine,Null
1777415.1996,5910679.7288,850272,,523202,0,0,0,1,0,North,2023/2024,WHITFORD MARAETAI ROAD,CLIFTON ROAD,,Non-Injury Crash,No,2023,0,South,1,0,0,Hill Road,0,Christmas New Year,0,,0,Overcast,718203,0,0,0,2,0,0,0,0,0,,0,0,Auckland Region,Nil,2-way,Sealed,0,0,0,0,80,0,None,0,0,,76,Auckland,Nil,0,0,0,0,0,0,Open,0,0,0,Light rain,Null
1757409.1435,5919772.2201,850273,,514103,0,,0,0,,Null,2022/2023,MOUNT STREET,WAKEFIELD STREET,,Minor Crash,No,2023,,West,,0,,Hill Road,,,,,,Dark,436804,1,0,0,2,,,0,,,1,,,Auckland Region,Nil,2-way,Sealed,,0,0,,30,,On,1,0,,76,Auckland,Give way,,,,,0,0,Urban,0,,,Fine,Null
1761956.2072,5909189.6796,850280,,524402,0,,0,2,,Null,2023/2024,FAVONA ROAD,SAVILL DRIVE,,Non-Injury Crash,No,2023,,West,,0,,Flat,,,,,,Dark,749800,0,0,0,4,,,0,,,,,,Auckland Region,Nil,2-way,Sealed,,0,0,,50,,On,0,0,,76,Auckland,Traffic Signals,,,,,0,0,Urban,0,,,Fine,Null
1763878.3649,5904420.8979,850288,,524604,0,,0,2,,South,2023/2024,SOUTH-WESTERN MOTORWAY,PUHINUI ROAD-SH 20B ON RAMP,,Minor Crash,Yes,2024,,North,,0,,Flat,,,,,,Bright sun,780902,1,0,0,2,,,0,,,,,,Auckland Region,Nil,1-way,Sealed,,0,0,,100,,Off,0,0,,76,Auckland,Nil,,,,,0,0,Open,0,,,Fine,Null
1759892.0529,5908615.2962,850292,,524121,0,0,0,1,0,South,2023/2024,SOUTH-WESTERN MOTORWAY,CORONATION ROAD OFF RAMP,,Non-Injury Crash,Yes,2023,0,North,0,0,0,Flat,1,,0,,0,Bright sun,737000,0,0,0,3,0,0,0,0,0,,0,0,Auckland Region,Nil,1-way,Sealed,0,0,0,0,100,0,Off,0,0,,76,Auckland,Nil,0,0,0,0,0,0,Open,0,0,0,Fine,Null
1761254.5214,5914572.8147,850296,,520202,0,,0,2,,South,2023/2024,SOUTHERN MOTORWAY,ELLERSLIE-PANMURE HWY OFF RAMP,,Non-Injury Crash,Yes,2023,,South,,0,,Flat,,,,,,Bright sun,612100,0,0,0,3,,,0,,,,,,Auckland Region,Nil,1-way,Sealed,,0,0,,100,,Off,0,0,,76,Auckland,Nil,,,,,0,0,Open,0,,,Fine,Null
1772277.4172,5906784.2468,850316,,523713,0,,0,0,,East,2024/2025,ORMISTON ROAD,TAMURE ROAD,,Minor Crash,No,2024,,East,,0,,Flat,,,,,,Bright sun,712600,2,0,0,2,,,0,,,,,,Auckland Region,Nil,2-way,Sealed,,0,0,,60,,None,2,0,,76,Auckland,Nil,,,,,0,0,Urban,1,,,Fine,Null
1754951.7413,5931421.4873,850340,,508520,0,0,1,1,0,West,2023/2024,SUNSET ROAD,JUNIPER ROAD,,Non-Injury Crash,No,2024,0,West,0,0,0,Flat,0,,0,,0,Bright sun,191801,0,0,0,2,0,0,0,0,1,,0,0,Auckland Region,Nil,2-way,Sealed,0,1,0,0,50,0,Off,0,0,,76,Auckland,Nil,0,0,0,0,0,0,Urban,0,0,0,Fine,Frost
1756087.7482,5923625.6062,850348,,509800,0,,0,1,,South,2023/2024,NORTHERN MOTORWAY,WEIGH BRIDGE,,Non-Injury Crash,Yes,2023,,South,,0,,Flat,,,,,,Dark,359100,0,0,0,5,,,0,,,,,,Auckland Region,Nil,1-way,Sealed,,0,0,,80,,On,1,0,,76,Auckland,Nil,,,,,0,0,Open,0,,,Fine,Null
1737898.3211,5922989.8264,850351,,513701,0,0,0,1,0,North,2022/2023,WAITAKERE ROAD,HUNTER ROAD,,Minor Crash,No,2023,0,North,0,0,1,Flat,0,,0,,0,Bright sun,229500,1,0,0,2,0,0,0,0,0,,0,0,Auckland Region,Nil,2-way,Sealed,0,0,0,0,80,0,Off,0,0,,76,Auckland,Nil,0,0,0,0,0,0,Open,0,0,0,Fine,Null