X,Y,OBJECTID,advisorySpeed,areaUnitID,bicycle,bridge,bus,carStationWagon,cliffBank,crashDirectionDescription,crashFinancialYear,crashLocation1,crashLocation2,crashRoadSideRoad,crashSeverity,crashSHDescription,crashYear,debris,directionRoleDescription,ditch,fatalCount,fence,flatHill,guardRail,holiday,houseOrBuilding,intersection,kerb,light,meshblockId,minorInjuryCount,moped,motorcycle,NumberOfLanes,objectThrownOrDropped,otherObject,otherVehicleType,overBank,parkedVehicle,pedestrian,phoneBoxEtc,postOrPole,region,roadCharacter,roadLane,roadSurface,roadworks,schoolBus,seriousInjuryCount,slipOrFlood,speedLimit,strayAnimal,streetLight,suv,taxi,temporarySpeedLimit,tlaId,tlaName,trafficControl,trafficIsland,trafficSign,train,tree,truck,unknownVehicleType,urban,vanOrUtility,vehicle,waterRiver,weatherA,weatherB
1739330.3257,5903962.3792,850376,,513800,0,0,0,0,0,South,2024/2025,HUIA ROAD,HUIA DAM ROAD,,Serious Crash,No,2024,0,East,0,0,0,Hill Road,0,,0,,0,Dark,303400,0,0,0,2,0,0,0,1,0,,0,0,Auckland Region,Nil,2-way,Sealed,0,0,1,0,50,0,None,1,0,,76,Auckland,Nil,0,1,0,1,0,0,Urban,0,0,0,Fine,Null
1764317.8958,5906162.817,850380,,524303,0,0,0,1,0,North,2023/2024,STATION ROAD,PEVERILL CRESCENT,,Non-Injury Crash,No,2024,0,North,0,0,0,Flat,0,,0,,0,Dark,657500,0,0,0,2,0,0,0,0,0,,0,1,Auckland Region,Nil,2-way,Sealed,0,0,0,0,50,0,On,0,0,,76,Auckland,Nil,0,0,0,0,0,0,Urban,0,0,0,Fine,Null
1765276.2769,5903724.2496,850383,,524604,0,,0,2,,East,2022/2023,SOUTH-WESTERN MOTORWAY,CAVENDISH DRIVE ON RAMP,,Non-Injury Crash,Yes,2023,,East,,0,,Flat,,,,,,Overcast,781301,0,0,0,2,,,0,,,,,,Auckland Region,Motorway ramp,1-way,Sealed,,0,0,,100,,Off,0,1,,76,Auckland,Nil,,,,,0,0,Open,0,,,Fine,Null
1772549.1024,5901493.8177,850384,,523813,0,,0,2,,South,2023/2024,MILL ROAD,ALFRISTON ROAD,,Non-Injury Crash,No,2024,,North,,0,,Flat,,,,,,Bright sun,761000,0,0,0,2,,,0,,,,,,Auckland Region,Nil,2-way,Sealed,,0,0,,60,,Off,0,0,,76,Auckland,Nil,,,,,0,0,Urban,0,,,Fine,None
1774030.5006,5902838.5997,850388,,525201,0,,0,2,,Null,2023/2024,ALFRISTON-ARDMORE ROAD,ALFRISTON ROAD,,Non-Injury Crash,No,2023,,West,,0,,Flat,,,,,,Bright sun,762301,0,0,0,2,,,0,,,,,,Auckland Region,Nil,2-way,Sealed,,0,0,,80,,Off,0,0,,76,Auckland,Give way,,,,,0,0,Open,0,,,Fine,None
1750588.9216,5929452.1676,850389,,509100,0,0,0,1,0,South,2022/2023,GREENHITHE ROAD ON RAMP,UPPER HARBOUR MOTORWAY,,Non-Injury Crash,No,2023,0,North,0,0,0,Flat,0,,0,,0,Overcast,181122,0,0,0,3,0,0,0,0,0,,1,0,Auckland Region,Motorway ramp,1-way,Sealed,0,0,0,0,100,0,Off,0,0,,76,Auckland,Nil,0,0,0,0,0,0,Open,0,0,0,Light rain,Null
1765065.9999,5905736.9961,850412,,522202,0,,0,1,,North,2022/2023,WALLACE ROAD,Mawkes Lane,,Non-Injury Crash,No,2023,,North,,0,,Flat,,,,,,Bright sun,663400,0,0,0,2,,,0,,,,,,Auckland Region,Nil,2-way,Sealed,,0,0,,50,,None,0,0,,76,Auckland,Nil,,,,,0,1,Urban,0,,,Fine,None
1756266.3126,5919275.3052,850419,,514200,0,,0,0,,North,2022/2023,KARANGAHAPE ROAD,PONSONBY ROAD,,Minor Crash,No,2023,,South,,0,,Flat,,,,,,Bright sun,411700,1,0,1,5,,,0,,,,,,Auckland Region,Nil,2-way,Sealed,,0,0,,30,,Off,1,0,,76,Auckland,Nil,,,,,0,0,Urban,0,,,Fine,Null
1741023.7939,5943747.2482,850420,,506614,0,0,0,1,0,West,2024/2025,KAHIKATEA FLAT ROAD,HULL ROAD,,Minor Crash,No,2024,0,West,0,0,0,Flat,0,,0,,0,Overcast,177600,1,0,0,2,0,0,0,0,0,,0,0,Auckland Region,Nil,2-way,Sealed,0,0,0,0,80,0,None,0,0,,76,Auckland,Nil,0,0,0,2,0,0,Open,0,0,0,Fine,Null
1763903.0746,5915265.8018,850427,,520302,0,,0,1,,Null,2022/2023,HARDING AVENUE,LUNN AVENUE,,Minor Crash,No,2023,,East,,0,,Flat,,,,,,Dark,626500,1,0,0,2,,,0,,,,,,Auckland Region,Nil,2-way,Sealed,,0,0,,50,,On,0,0,,76,Auckland,Traffic Signals,,,,,0,0,Urban,1,,,Fine,Null
1772445.7677,5896992.5354,850444,,525420,0,,0,0,,North,2023/2024,GREAT SOUTH ROAD,COLES CRESCENT,,Minor Crash,No,2024,,North,,0,,Flat,,,,,,Overcast,790700,1,0,0,2,,,0,,,1,,,Auckland Region,Nil,2-way,Sealed,,0,0,,50,,None,0,0,,76,Auckland,Nil,,,,,0,0,Urban,1,,,Light rain,Null
1776053.0021,5888374.9759,850447,,521132,0,0,0,1,0,Null,2022/2023,DAVIES ROAD,WILLOW ROAD,,Non-Injury Crash,No,2023,0,North,0,0,1,Hill Road,1,,0,,0,Overcast,814304,0,0,0,2,0,0,0,0,0,,0,0,Auckland Region,Nil,2-way,Sealed,0,0,0,0,60,0,None,0,0,,76,Auckland,Nil,0,0,0,0,0,0,Urban,0,0,0,Fine,Null
1770047.2679,5915877.1002,850455,,522711,0,0,0,2,0,Null,2022/2023,SUNDERLANDS ROAD,JILLTERESA CRESCENT,,Non-Injury Crash,No,2023,0,East,0,0,0,Flat,0,,0,,0,Dark,679301,0,0,0,2,0,0,0,0,1,,0,0,Auckland Region,Nil,2-way,Sealed,0,0,0,0,50,0,On,0,0,,76,Auckland,Nil,0,0,0,0,0,0,Urban,0,0,0,Fine,Null
1763097.7044,5915003.5445,850460,,520401,0,,0,1,,West,2023/2024,ELLERSLIE-PANMURE HIGHWAY,FERNDALE ROAD,,Minor Crash,No,2024,,East,,0,,Flat,,,,,,Overcast,644000,1,0,1,4,,,0,,,,,,Auckland Region,Nil,2-way,Sealed,,0,0,,50,,Off,0,0,40,76,Auckland,Nil,,,,,0,0,Urban,0,,,Light rain,Null
1757974.9959,5918031.4508,850464,,515700,0,,0,2,,South,2023/2024,GILLIES AVENUE OFF RAMP,SOUTHERN MOTORWAY,,Non-Injury Crash,No,2023,,South,,0,,Flat,,,,,,Overcast,443200,0,0,0,2,,,0,,,,,,Auckland Region,Motorway ramp,1-way,Sealed,,0,0,,80,,Off,0,0,,76,Auckland,Nil,,,,,0,0,Open,0,,,Light rain,Null
1754503.9999,5919920.9961,850472,,515301,0,,0,2,,Null,2022/2023,RICHMOND ROAD,PARAWAI CRESCENT,,Non-Injury Crash,No,2023,,East,,0,,Flat,,,,,,Bright sun,426900,0,0,0,2,,,0,,,,,,Auckland Region,Nil,2-way,Sealed,,0,0,,50,,Off,0,0,,76,Auckland,Give way,,,,,0,0,Urban,0,,,Fine,None
1765671.9821,5904940.2987,850473,,524603,0,0,0,1,0,East,2022/2023,PUHINUI ROAD,PLUNKET AVENUE,,Non-Injury Crash,No,2023,0,East,0,0,1,Flat,0,,0,,0,Dark,673401,0,0,0,2,0,0,0,0,0,,0,0,Auckland Region,Nil,2-way,Sealed,0,0,0,0,50,0,On,0,0,,76,Auckland,Nil,0,0,0,0,0,0,Urban,0,0,0,Fine,Null
1766797.1331,5887737.4752,850481,,521122,0,,0,0,,East,2023/2024,GLENBROOK ROAD,CHARLES ROAD,,Minor Crash,No,2023,,East,,0,,Hill Road,,,,,,Dark,813001,1,0,0,2,,,0,,,1,,,Auckland Region,Nil,2-way,Sealed,,0,0,,80,,None,0,0,,76,Auckland,Nil,,,,,0,0,Open,1,,,Fine,Null
1766972.6843,5909857.7801,850489,,523112,0,0,0,3,0,West,2022/2023,PUKEKIWIRIKI PLACE,UNDERWOOD STREET,,Minor Crash,No,2023,0,West,0,0,0,Flat,0,,0,,0,Twilight,711301,1,0,0,2,0,0,0,0,1,,0,0,Auckland Region,Nil,2-way,Sealed,0,0,0,0,50,0,On,0,0,,76,Auckland,Nil,0,0,0,0,0,0,Urban,0,0,0,Fine,Null
1770303.7978,5909754.6631,850492,,523114,0,,0,2,,Null,2023/2024,SMALES ROAD,CHAPEL ROAD,,Non-Injury Crash,No,2023,,East,,0,,Flat,,,,,,Overcast,711805,0,0,0,2,,,0,,,,,,Auckland Region,Nil,2-way,Sealed,,0,0,,50,,Off,0,0,,76,Auckland,Traffic Signals,,,,,0,0,Urban,0,,,Fine,None
1757093.9567,5943522.039,850499,35,505902,0,,0,1,,North,2022/2023,WHANGAPARAOA ROAD,RAKINO AVENUE,,Serious Crash,No,2023,,East,,0,,Hill Road,,,,,,Overcast,174608,1,0,0,2,,,0,,,,,,Auckland Region,Nil,2-way,Sealed,,0,1,,50,,Off,0,0,,76,Auckland,Nil,,,,,0,0,Urban,2,,,Fine,Null
1748440.4711,5925843.7386,850504,,513431,1,,0,1,,Null,2024/2025,CRAIGS WAY,GREENFINCH ROAD,,Serious Crash,No,2024,,East,,0,,Flat,,,,,,Bright sun,222800,1,0,0,2,,,0,,,,,,Auckland Region,Nil,2-way,Sealed,,0,1,,50,,Off,0,0,,76,Auckland,Give way,,,,,0,1,Urban,0,,,Fine,Null
1757789.8318,5916178.4564,850523,,515801,0,,0,1,,Null,2022/2023,GILLIES AVENUE,KIMBERLEY ROAD,,Minor Crash,No,2023,,North,,0,,Flat,,,,,,Bright sun,445500,1,0,0,2,,,0,,,1,,,Auckland Region,Nil,2-way,Sealed,,0,0,,50,,Off,0,0,,76,Auckland,Give way,,,,,0,0,Urban,0,,,Fine,Null
1759745.9395,5916184.9126,850548,,516002,0,,0,2,,West,2023/2024,SOUTHERN MOTORWAY,GREEN LANE EAST ON RAMP,,Non-Injury Crash,Yes,2024,,West,,0,,Flat,,,,,,Bright sun,492000,0,0,1,3,,,0,,,,,,Auckland Region,Nil,1-way,Sealed,,0,0,,100,,Off,0,0,,76,Auckland,Nil,,,,,0,0,Open,1,,,Fine,Null
1766371.08,5914502.9242,850580,,520601,0,0,0,1,0,East,2023/2024,ARMEIN ROAD,DUNKIRK ROAD,,Non-Injury Crash,No,2023,0,North,0,0,1,Flat,0,,0,,0,Overcast,629800,0,0,0,2,0,0,0,0,0,,0,0,Auckland Region,Nil,2-way,Sealed,0,0,0,0,50,0,None,0,0,,76,Auckland,Nil,0,0,0,0,0,0,Urban,0,0,0,Fine,Null
1769795.7774,5899292.6841,850584,,523920,0,,0,1,,South,2024/2025,MANUREWA-TAKANINI OFF RAMP,GREAT SOUTH ROAD,,Minor Crash,No,2024,,North,,0,,Hill Road,,,,,,Dark,767922,1,0,0,2,,,0,,,,,,Auckland Region,Motorway ramp,1-way,Sealed,,0,0,,100,,On,1,0,30,76,Auckland,Nil,,,,,0,0,Open,0,,,Fine,Null
1751636.1962,5948872.1519,850596,,505805,0,,0,1,,Null,2023/2024,CENTREWAY ROAD,WEITI ROAD,,Non-Injury Crash,No,2024,,North,,0,,Flat,,,,,,Bright sun,172300,0,0,0,2,,,0,,,,,,Auckland Region,Nil,2-way,Sealed,,0,0,,50,,Off,1,0,30,76,Auckland,Give way,,,,,0,0,Urban,0,,,Fine,Null
1766741.7384,5908018.7384,850604,,523501,0,,0,3,,Null,2023/2024,BAIRDS ROAD,ALEXANDER CRESCENT,,Non-Injury Crash,No,2023,,South,,0,,Flat,,,,,,Bright sun,700601,0,0,0,2,,,0,,,,,,Auckland Region,Nil,2-way,Sealed,,0,0,,30,,Off,0,0,,76,Auckland,Nil,,,,,0,0,Urban,1,,,Fine,Null
1735169.3734,5909251.066,850615,55,513800,0,0,0,0,1,West,2023/2024,PIHA ROAD,ANAWHATA ROAD,,Minor Crash,No,2023,0,North,0,0,0,Hill Road,0,,0,,0,Overcast,281902,1,0,0,2,0,0,0,0,0,,0,0,Auckland Region,Nil,2-way,Sealed,0,0,0,0,70,0,None,1,0,,76,Auckland,Nil,0,0,0,0,0,0,Urban,0,0,0,Light rain,Null
1783520.7287,5924319.4756,850620,,520801,0,,0,0,,South,2024/2025,O'BRIEN ROAD,MARGARET REEVE LANE,,Serious Crash,No,2025,,South,,0,,Hill Road,,,,,,Bright sun,515610,0,1,0,2,,,0,,,,,,Auckland Region,Nil,2-way,Sealed,,0,1,,50,,Off,0,0,,76,Auckland,Nil,,,,,0,0,Urban,0,,,Fine,Null
1771132.3829,5906173.3572,850644,,523713,0,,0,1,,Null,2023/2024,MURPHYS ROAD,FLAT BUSH SCHOOL ROAD,,Minor Crash,No,2024,,South,,0,,Flat,,,,,,Bright sun,712701,1,0,0,5,,,0,,,,,,Auckland Region,Nil,2-way,Sealed,,0,0,,60,,Off,0,0,,76,Auckland,Traffic Signals,,,,,0,0,Urban,1,,,Fine,Null
1768498.6577,5900666.1787,850652,,525002,0,,0,2,,Null,2023/2024,WEYMOUTH ROAD,CHURCHILL AVENUE,,Non-Injury Crash,No,2023,,West,,0,,Flat,,,,,,Overcast,752900,0,0,0,0,,,0,,,,,,Auckland Region,Nil,2-way,Sealed,,0,0,,50,,Off,0,0,,76,Auckland,Give way,,,,,0,0,Urban,0,,,Light rain,Null
1758159.5153,5913731.59,850655,,518600,0,0,0,2,0,Null,2022/2023,CHANDLER AVENUE,MANUKAU ROAD,,Non-Injury Crash,No,2023,0,East,0,0,0,Flat,0,,0,,0,Dark,567300,0,0,0,2,0,0,0,0,1,,0,0,Auckland Region,Nil,2-way,Sealed,0,0,0,0,50,0,On,0,0,,76,Auckland,Stop,0,0,0,0,0,0,Urban,0,0,0,Fine,Null
1750029.9255,5914122.4686,850656,,511303,0,,0,1,,East,2023/2024,GREAT NORTH ROAD,MEMORIAL DRIVE,,Non-Injury Crash,No,2024,,South,,0,,Flat,,,,,,Bright sun,266000,0,0,0,4,,,0,,,,,,Auckland Region,Nil,2-way,Sealed,,0,0,,50,,Off,2,0,,76,Auckland,Nil,,,,,0,0,Urban,1,,,Fine,Null
1749055.5296,5927760.7478,850684,,509100,0,,0,1,,West,2023/2024,UPPER HARBOUR MOTORWAY,TAUHINU ROAD OFF RAMP,,Non-Injury Crash,Yes,2024,,East,,0,,Hill Road,,,,,,Overcast,181400,0,0,0,3,,,0,,,,,,Auckland Region,Nil,1-way,Sealed,,0,0,,100,,Off,1,0,,76,Auckland,Nil,,,,,0,0,Open,1,,,Fine,Null
1770752.4028,5897246.5186,850688,,523912,0,,0,2,,South,2023/2024,SOUTHERN MOTORWAY,PAHUREHURE NO 1 BR,,Non-Injury Crash,Yes,2024,,South,,0,,Hill Road,,,,,,Dark,767803,0,0,0,3,,,0,,,,,,Auckland Region,Nil,1-way,Sealed,,0,0,,100,,On,1,0,,76,Auckland,Nil,,,,,0,0,Open,0,,,Fine,Null
1752485.7803,5916146.8067,850704,,517903,0,,0,1,,Null,2024/2025,NEW NORTH ROAD,MCLEAN STREET,,Minor Crash,No,2024,,South,,0,,Flat,,,,,,Bright sun,520400,1,0,0,4,,,0,,,1,,,Auckland Region,Nil,2-way,Sealed,,0,0,,50,,Off,0,0,,76,Auckland,Stop,,,,,0,0,Urban,0,,,Fine,Null
1759602.738,5916312.4715,850708,,516002,0,,0,2,,South,2023/2024,SOUTHERN MOTORWAY,OMAHU OBR,,Non-Injury Crash,Yes,2024,,South,,0,,Flat,,,,,,Overcast,492000,0,0,0,4,,,0,,,,,,Auckland Region,Nil,1-way,Sealed,,0,0,,100,,Off,0,0,,76,Auckland,Nil,,,,,0,0,Open,0,,,Fine,Null
1766697.5146,5904407.7338,850709,,524604,0,0,0,2,0,Null,2022/2023,LAMBIE DRIVE,RONWOOD AVENUE,,Non-Injury Crash,No,2023,0,North,0,0,0,Flat,0,,0,,0,Bright sun,780209,0,0,0,4,0,0,0,0,0,,0,0,Auckland Region,Nil,2-way,Sealed,0,0,0,0,50,0,Off,0,0,,76,Auckland,Give way,1,1,0,0,0,0,Urban,0,0,0,Fine,Null
1761173.9986,5890091.8804,850712,,521122,0,0,0,1,0,East,2023/2024,LINWOOD ROAD,KINGSEAT ROAD,,Non-Injury Crash,No,2023,0,East,1,0,0,Flat,0,Labour Weekend,0,,0,Overcast,810901,0,0,0,2,0,0,0,0,0,,0,0,Auckland Region,Nil,2-way,Sealed,0,0,0,0,80,0,None,0,0,,76,Auckland,Nil,0,0,0,0,0,0,Open,0,0,0,Fine,Null
1759849.1697,5909722.5869,850719,,524002,0,,0,2,,Null,2022/2023,HASTIE AVENUE,MAHUNGA DRIVE,,Minor Crash,No,2023,,West,,0,,Flat,,,,,,Overcast,722400,1,0,0,2,,,0,,,,,,Auckland Region,Nil,2-way,Sealed,,0,0,,50,,None,0,0,30,76,Auckland,Stop,,,,,0,0,Urban,0,,,Light rain,Null
1764919.5854,5914718.3776,850728,,520602,0,,0,1,,Null,2024/2025,ELLERSLIE-PANMURE HIGHWAY,LAGOON DRIVE,,Minor Crash,No,2024,,North,,0,,Flat,,,,,,Overcast,628400,1,0,0,2,,,0,,,,,,Auckland Region,Nil,2-way,Sealed,,0,0,,50,,Off,1,0,,76,Auckland,Traffic Signals,,,,,0,0,Urban,0,,,Fine,Null
1779044.8187,5927490.1677,850736,,520801,1,,0,1,,Null,2024/2025,OCEAN VIEW ROAD,KORORA ROAD,,Minor Crash,No,2024,,East,,0,,Flat,,,,,,Dark,516201,1,0,0,2,,,0,,,,,,Auckland Region,Nil,2-way,Sealed,,0,0,,50,,On,0,0,,76,Auckland,Give way,,,,,0,0,Urban,0,,,Fine,Null
1769884.6189,5899394.899,850741,,523911,0,,0,3,,North,2022/2023,GREAT SOUTH ROAD,TAKANINI OBR,,Minor Crash,No,2023,,South,,0,,Flat,,,,,,Bright sun,766500,2,0,0,3,,,0,,,,,,Auckland Region,Underpass,1-way,Sealed,,0,0,,50,,Off,0,0,,76,Auckland,Nil,,,,,0,0,Urban,0,,,Fine,Null
1757537.1347,5911968.7684,850759,,519810,0,0,0,1,0,South,2023/2024,SEACLIFFE ROAD,BAMFIELD PLACE,,Minor Crash,No,2023,0,South,0,0,0,Hill Road,0,,0,,0,Bright sun,597100,1,0,0,2,0,0,0,0,0,,0,0,Auckland Region,Nil,2-way,Sealed,0,0,0,0,50,0,Off,0,0,,76,Auckland,Nil,0,0,0,1,0,0,Urban,0,0,0,Fine,Null
1744821.6275,5916113.1627,850768,,510800,0,,0,2,,North,2023/2024,HENDERSON VALLEY ROAD,GARELJA ROAD,,Non-Injury Crash,No,2024,,South,,0,,Flat,,,,,,Dark,241900,0,0,0,2,,,0,,,,,,Auckland Region,Nil,2-way,Sealed,,0,0,,50,,On,0,0,,76,Auckland,Nil,,,,,0,0,Urban,0,,,Fine,Null
1745310.2354,5919838.4763,850769,,513301,0,,0,2,,North,2023/2024,LINCOLN ROAD,UNIVERSAL DRIVE,,Minor Crash,No,2023,,South,,0,,Flat,,,,,,Bright sun,230401,1,0,0,4,,,0,,,,,,Auckland Region,Nil,2-way,Sealed,,0,0,,50,,Off,0,0,,76,Auckland,Nil,,,,,0,0,Urban,0,,,Fine,Null
1756121.4758,5923853.8183,850784,,509800,0,,0,4,,South,2024/2025,NORTHERN MOTORWAY,WEIGH BRIDGE,,Minor Crash,Yes,2024,,South,,0,,Flat,,,,,,Twilight,358800,1,0,0,4,,,0,,,,,,Auckland Region,Nil,1-way,Sealed,,0,0,,80,,On,0,0,,76,Auckland,Nil,,,,,0,0,Open,2,,,Fine,Null
1746215.8261,5912545.7981,850785,,511002,0,,0,1,,Null,2022/2023,MATAMA ROAD,SHAH PLACE,,Minor Crash,No,2023,,North,,0,,Hill Road,,,,,,Overcast,284600,1,0,0,2,,,0,,,,,,Auckland Region,Nil,2-way,Sealed,,0,0,,50,,None,0,1,,76,Auckland,Nil,,,,,1,0,Urban,0,,,Light rain,Null
1753942.3177,5914135.1509,850791,,518802,0,0,0,2,0,North,2022/2023,SH 20,MAIORO STREET OFF RAMP,,Non-Injury Crash,Yes,2023,0,Null,0,0,0,Flat,1,,0,,0,Twilight,579100,0,0,0,3,0,0,0,0,0,,0,0,Auckland Region,Nil,1-way,Sealed,0,0,0,0,80,0,On,0,0,,76,Auckland,Nil,0,0,0,0,0,0,Open,0,0,0,Fine,Null
1768956.0542,5881315.4664,850792,,525910,0,,0,1,,South,2023/2024,EDINBURGH STREET,STADIUM DRIVE,,Non-Injury Crash,No,2023,,East,,0,,Flat,,,,,,Bright sun,818600,0,0,0,2,,,0,,,1,,,Auckland Region,Nil,2-way,Sealed,,0,0,,50,,Off,0,0,,76,Auckland,Nil,,,,,0,0,Urban,0,,,Fine,Null
1785546.5629,5926137.4912,850795,,520801,0,,0,2,,Null,2022/2023,ONETANGI ROAD,SEA VIEW ROAD,,Non-Injury Crash,No,2023,,North,,0,,Flat,,,,,,Overcast,515403,0,0,0,2,,,0,,,,,,Auckland Region,Nil,2-way,Sealed,,0,0,,50,,Off,0,0,,76,Auckland,Stop,,,,,0,0,Urban,0,,,Fine,Strong wind
1768359.5603,5884776.4548,850796,,521111,0,,0,2,,South,2023/2024,PAERATA ROAD,CROWN ROAD,,Minor Crash,Yes,2024,,South,,0,,Flat,,,,,,Bright sun,813502,2,0,0,2,,,0,,,,,,Auckland Region,Nil,2-way,Sealed,,0,0,,60,,Off,0,0,,76,Auckland,Nil,,,,,0,0,Urban,0,,,Fine,Null
1753755.4916,5936821.7398,850803,,508900,0,0,0,1,0,North,2022/2023,GLENVAR ROAD,EAST COAST ROAD,,Non-Injury Crash,No,2023,0,North,0,0,0,Flat,0,,0,,0,Overcast,178308,0,0,0,2,0,0,0,0,0,,0,1,Auckland Region,Nil,2-way,Sealed,0,0,0,0,50,0,None,0,0,,76,Auckland,Nil,0,0,0,1,0,0,Urban,0,0,0,Heavy rain,Strong wind
1755842.8066,5921154.5224,850807,,515202,0,,0,2,,West,2022/2023,NORTHERN MOTORWAY,FANSHAWE STREET OFF RAMP,,Minor Crash,Yes,2023,,East,,0,,Flat,,,,,,Bright sun,425600,1,0,0,4,,,0,,,,,,Auckland Region,Nil,1-way,Sealed,,0,0,,80,,Off,0,0,,76,Auckland,Nil,,,,,0,0,Open,0,,,Heavy rain,Null
1754982.7071,5930317.9297,850808,,508420,0,,0,1,,North,2023/2024,NORTHERN MOTORWAY,SUNNYNOOK OBR,,Non-Injury Crash,Yes,2024,,North,,0,,Hill Road,,,,,,Overcast,182100,0,0,0,3,,,0,,,,,,Auckland Region,Nil,1-way,Sealed,,0,0,,100,,Off,0,0,,76,Auckland,Nil,,,,,0,0,Open,0,,,Light rain,Null
1743992.6569,5924708.3993,850811,,513431,0,,0,1,,North,2022/2023,UPPER HARBOUR MOTORWAY,HOBSONVILLE ROAD OFF RAMP,,Non-Injury Crash,Yes,2023,,South,,0,,Hill Road,,,,,,Dark,223903,0,0,0,2,,,0,,,,,,Auckland Region,Motorway ramp,1-way,Sealed,,0,0,,100,,On,0,0,,76,Auckland,Nil,,,,,0,0,Open,0,,,Light rain,Null
1768581.6977,5900768.2748,850815,,525001,0,0,0,1,0,North,2022/2023,SELWYN ROAD,WEYMOUTH ROAD,,Minor Crash,No,2023,0,South,0,0,0,Flat,0,,0,,0,Bright sun,752100,1,0,0,2,0,0,0,0,1,,0,0,Auckland Region,Nil,2-way,Sealed,0,0,0,0,50,0,Off,1,0,,76,Auckland,Nil,0,0,0,0,0,0,Urban,0,0,0,Fine,Null
1754940.9214,5879508.5357,850816,,521152,0,,0,2,,South,2024/2025,GLENBROOK-WAIUKU ROAD,MISSION BUSH ROAD,,Minor Crash,No,2024,,North,,0,,Flat,,,,,,Overcast,834300,1,0,0,2,,,0,,,,,,Auckland Region,Nil,2-way,Sealed,,0,0,,80,,None,0,0,,76,Auckland,Nil,,,,,0,0,Open,0,,,Fine,Null
1765182.0956,5911777.9326,850836,,520500,0,0,0,0,0,Null,2023/2024,PANAMA ROAD,JOLSON ROAD,,Non-Injury Crash,No,2024,0,East,0,0,0,Flat,0,,0,,0,Dark,635700,0,0,0,2,0,0,0,0,0,,0,1,Auckland Region,Nil,2-way,Sealed,0,0,0,0,50,0,On,1,0,,76,Auckland,Give way,1,0,0,0,0,0,Urban,0,0,0,Fine,Null
1766708.5808,5902700.6455,850840,,524602,0,0,0,1,0,Null,2023/2024,DALGETY DRIVE,KERRS ROAD,,Non-Injury Crash,No,2024,0,North,0,0,1,Flat,0,,0,,0,Overcast,780407,0,0,0,2,0,0,0,0,0,,0,0,Auckland Region,Nil,2-way,Sealed,0,0,0,0,50,0,Off,0,0,,76,Auckland,Traffic Signals,0,0,0,0,0,0,Urban,0,0,0,Fine,Null
1768708.0926,5892016.1944,850847,55,521202,0,0,0,1,0,East,2022/2023,WALTERS ROAD,BLACKBRIDGE ROAD,,Non-Injury Crash,No,2023,0,North,0,0,1,Flat,0,,0,,0,Overcast,807000,0,0,0,2,0,0,0,0,0,,0,0,Auckland Region,Nil,2-way,Sealed,0,0,0,0,80,0,None,0,0,,76,Auckland,Nil,0,0,0,0,0,0,Open,0,0,0,Light rain,Null
1765051.9969,5910292.8817,850852,,521801,0,,0,2,,North,2023/2024,SOUTHERN MOTORWAY,PRINCES OBR,,Non-Injury Crash,Yes,2023,,North,,0,,Flat,,,,,,Overcast,787700,0,0,0,3,,,0,,,,,,Auckland Region,Nil,1-way,Sealed,,0,0,,100,,Off,0,0,,76,Auckland,Nil,,,,,0,0,Open,0,,,Heavy rain,Null
1769196.4327,5913380.3383,850853,,522723,0,0,0,1,0,South,2022/2023,CASCADES ROAD,STUDFALL STREET,,Minor Crash,No,2023,0,North,0,0,0,Flat,0,,0,,0,Bright sun,682600,1,0,0,2,0,0,0,0,1,,0,0,Auckland Region,Nil,2-way,Sealed,0,0,0,0,50,0,Off,0,0,,76,Auckland,Nil,0,0,0,0,1,0,Urban,0,0,0,Fine,Null
1778965.6732,5898090.0997,850860,,521301,0,0,0,1,0,North,2023/2024,ARDMORE QUARRY ROAD,CREIGHTONS ROAD,,Minor Crash,No,2024,0,West,1,0,0,Hill Road,0,,0,,0,Bright sun,763700,1,0,0,1,0,0,0,0,0,,0,0,Auckland Region,Nil,2-way,Sealed,0,0,0,0,60,0,None,0,0,,76,Auckland,Nil,0,0,0,0,0,0,Urban,0,0,0,Light rain,Null
1734171.3136,5980570.6523,850869,,506660,1,,0,0,,Null,2022/2023,KAIPARA COAST HIGHWAY,PORT ALBERT ROAD,,Serious Crash,Yes,2023,,North,,0,,Hill Road,,,,,,Bright sun,144100,0,0,0,2,,,0,,,,,,Auckland Region,Nil,2-way,Sealed,,0,1,,100,,Off,0,0,,76,Auckland,Give way,,,,,0,0,Open,1,,,Fine,Null
1777907.5899,5916366.6518,850872,,523300,0,0,0,1,0,West,2024/2025,SECOND VIEW AVENUE,AKELIN ROAD,,Non-Injury Crash,No,2024,0,South,0,0,0,Flat,0,,0,,0,Bright sun,718603,0,0,0,2,0,0,0,0,0,,0,0,Auckland Region,Nil,2-way,Sealed,0,0,0,0,50,0,None,0,0,,76,Auckland,Nil,0,0,0,1,0,0,Urban,0,0,0,Fine,Null
1743946.2745,5923998.112,850884,,513511,0,0,0,1,0,Null,2024/2025,HOBSONVILLE ROAD OFF RAMP,HOBSONVILLE ROAD,,Non-Injury Crash,No,2024,0,North,0,0,0,Flat,0,,0,,0,Bright sun,224306,0,0,0,3,0,0,0,0,0,,0,0,Auckland Region,Motorway ramp,1-way,Sealed,0,0,0,0,50,0,Off,0,0,,76,Auckland,Traffic Signals,0,1,0,0,0,0,Urban,0,0,0,Fine,Null