X,Y,OBJECTID,advisorySpeed,areaUnitID,bicycle,bridge,bus,carStationWagon,cliffBank,crashDirectionDescription,crashFinancialYear,crashLocation1,crashLocation2,crashRoadSideRoad,crashSeverity,crashSHDescription,crashYear,debris,directionRoleDescription,ditch,fatalCount,fence,flatHill,guardRail,holiday,houseOrBuilding,intersection,kerb,light,meshblockId,minorInjuryCount,moped,motorcycle,NumberOfLanes,objectThrownOrDropped,otherObject,otherVehicleType,overBank,parkedVehicle,pedestrian,phoneBoxEtc,postOrPole,region,roadCharacter,roadLane,roadSurface,roadworks,schoolBus,seriousInjuryCount,slipOrFlood,speedLimit,strayAnimal,streetLight,suv,taxi,temporarySpeedLimit,tlaId,tlaName,trafficControl,trafficIsland,trafficSign,train,tree,truck,unknownVehicleType,urban,vanOrUtility,vehicle,waterRiver,weatherA,weatherB
1753838.6074,5918255.7336,850888,,515432,1,,0,1,,Null,2024/2025,ST LUKES ROAD OFF RAMP,ST LUKES ROAD,,Minor Crash,No,2025,,West,,0,,Hill Road,,,,,,Twilight,405500,1,0,0,1,,,0,,,,,,Auckland Region,Nil,1-way,Sealed,,0,0,,50,,None,0,0,,76,Auckland,Traffic Signals,,,,,0,0,Urban,0,,,Fine,Null
1762390.8314,5906115.1661,850892,,524302,0,0,0,3,0,South,2024/2025,SKIPTON STREET,HADDON STREET,,Minor Crash,No,2025,0,South,0,0,1,Flat,0,,0,,0,Bright sun,744800,1,0,0,2,0,0,0,0,1,,0,0,Auckland Region,Nil,2-way,Sealed,0,0,0,0,50,0,Off,0,0,,76,Auckland,Nil,0,0,0,0,0,0,Urban,0,0,0,Fine,Null
1768218.9901,5902367.4158,850899,,525001,0,,0,2,,South,2022/2023,GREAT SOUTH ROAD,ORAMS ROAD,,Non-Injury Crash,No,2023,,North,,0,,Flat,,,,,,Overcast,750800,0,0,0,3,,,0,,,,,,Auckland Region,Nil,2-way,Sealed,,0,0,,50,,Off,0,0,,76,Auckland,Nil,,,,,0,0,Urban,0,,,Fine,Null
1751914.823,5915472.7427,850900,,517901,0,,0,1,,Null,2023/2024,NEW NORTH ROAD,BOLLARD AVENUE,,Non-Injury Crash,No,2024,,North,,0,,Flat,,,,,,Dark,523800,0,0,0,4,,,0,,,,,,Auckland Region,Nil,2-way,Sealed,,0,0,,50,,On,1,0,,76,Auckland,Traffic Signals,,,,,0,0,Urban,0,,,Fine,Null
1785904.945,5884174.0566,850901,,521134,0,0,0,0,0,South,2023/2024,PAPARATA ROAD,AXTENS ROAD,,Minor Crash,No,2023,0,South,0,0,1,Hill Road,0,,0,,0,Dark,815402,1,0,0,2,0,0,0,0,0,,0,0,Auckland Region,Nil,2-way,Sealed,0,0,0,0,100,0,None,0,0,,76,Auckland,Nil,0,0,0,1,0,0,Open,1,0,0,Fine,Null
1761075.0258,5907250.8307,850905,,524520,0,0,0,1,0,North,2023/2024,ROBERTSON ROAD,BARI LANE,,Serious Crash,No,2024,0,North,0,0,0,Flat,0,,0,,0,Dark,735500,2,0,0,2,0,0,0,0,1,,0,0,Auckland Region,Nil,2-way,Sealed,0,0,1,0,50,0,On,0,0,,76,Auckland,Nil,0,0,0,0,1,0,Urban,0,0,0,Fine,Null
1757291.5191,5920400.6466,850912,,514102,0,,0,1,,North,2024/2025,ELLIOTT STREET,DARBY STREET,,Non-Injury Crash,No,2024,,North,,0,,Flat,,,,,,Dark,434000,0,0,0,1,,,0,,,1,,,Auckland Region,Nil,1-way,Sealed,,0,0,,10,,On,0,0,,76,Auckland,Nil,,,,,0,0,Urban,0,,,Fine,Null
1768290.4436,5913080.0732,850913,,523000,0,0,0,2,0,South,2022/2023,GOSSAMER DRIVE,LEEWOOD PLACE,,Non-Injury Crash,No,2023,0,North,0,0,0,Hill Road,0,,0,,0,Dark,690400,0,0,0,2,0,0,0,0,1,,0,0,Auckland Region,Nil,2-way,Sealed,0,0,0,0,50,0,On,0,0,,76,Auckland,Nil,0,0,0,0,0,0,Urban,0,0,0,Fine,Null
1779721.4351,5883424.2592,850920,55,521132,0,,0,1,,Null,2024/2025,PAPARATA ROAD,PINNACLE HILL ROAD,,Minor Crash,No,2025,,West,,0,,Hill Road,,,,,,Overcast,815501,1,0,0,2,,,0,,,,,,Auckland Region,Nil,2-way,Sealed,,0,0,,80,,None,1,0,,76,Auckland,Give way,,,,,0,0,Open,0,,,Light rain,Null
1764824.1327,5903822.416,850925,45,524604,0,0,0,0,0,Null,2022/2023,CAVENDISH DRIVE,CAVENDISH DRIVE,,Minor Crash,No,2023,0,East,0,0,0,Flat,0,,0,,0,Dark,781301,1,0,0,2,0,0,0,0,0,,0,0,Auckland Region,Motorway ramp,2-way,Sealed,0,0,0,0,50,0,On,0,0,,76,Auckland,Give way,1,1,0,0,1,0,Urban,0,0,0,Fine,Null
1754901.758,5924750.1987,850936,,509800,0,,0,1,,West,2024/2025,ONEWA ROAD,FAIRFAX AVENUE,,Non-Injury Crash,No,2024,,East,,0,,Flat,,,,,,Dark,361702,0,0,0,4,,,0,,,,,,Auckland Region,Nil,2-way,Sealed,,0,0,,50,,On,1,0,,76,Auckland,Nil,,,,,0,0,Urban,0,,,Fine,Null
1763696.5045,5907731.7841,850940,,521902,0,0,0,0,0,North,2023/2024,HOSPITAL ROAD,HOSPITAL ENT N,,Non-Injury Crash,No,2023,0,North,0,0,1,Flat,0,,0,,0,Bright sun,786400,0,0,0,2,0,0,0,0,0,,0,0,Auckland Region,Nil,2-way,Sealed,0,0,0,0,20,0,Off,0,0,,76,Auckland,Nil,0,0,0,0,0,0,Urban,1,0,0,Fine,Null
1743970.8019,5920946.0127,850944,,513632,0,,0,1,,South,2024/2025,ZITA MARIA DRIVE,WAIMUMU ROAD,,Serious Crash,No,2024,,East,,0,,Hill Road,,,,,,Overcast,228101,1,0,0,2,,,0,,,,,,Auckland Region,Nil,2-way,Sealed,,0,1,,50,,Off,1,0,,76,Auckland,Nil,,,,,0,0,Urban,0,,,Fine,Null
1754045.3942,5931349.7339,850952,,508803,0,,0,1,,Null,2023/2024,UPPER HARBOUR HWY OFF RAMP,UPPER HARBOUR HIGHWAY,,Minor Crash,Yes,2024,,North,,0,,Hill Road,,,,,,Dark,180818,1,0,1,2,,,0,,,,,,Auckland Region,Motorway ramp,1-way,Sealed,,0,0,,50,,On,0,0,,76,Auckland,Give way,,,,,0,0,Urban,0,,,Fine,Null
1770195.7081,5899080.6664,850968,,523920,0,,0,1,,Null,2023/2024,GREAT SOUTH ROAD,MANUIA ROAD,,Non-Injury Crash,No,2024,,South,,0,,Flat,,,,,,Dark,768005,0,0,0,4,,,0,,,,,,Auckland Region,Nil,2-way,Sealed,,0,0,,50,,On,0,0,,76,Auckland,Stop,,,,,0,0,Urban,1,,,Fine,Null
1760490.2593,5889802.8599,850969,,521122,0,0,0,0,0,East,2023/2024,LINWOOD ROAD,MCROBBIE ROAD,,Minor Crash,No,2023,0,West,1,0,1,Hill Road,0,,0,,0,Overcast,810901,1,0,0,2,0,0,0,0,0,,0,1,Auckland Region,Nil,2-way,Sealed,0,0,0,0,70,0,Off,0,0,,76,Auckland,Nil,0,0,0,0,2,0,Urban,0,0,0,Fine,Null
1766913.1725,5904699.2571,850972,,524604,0,,0,2,,West,2022/2023,CAVENDISH DRIVE,LAMBIE DRIVE,,Non-Injury Crash,No,2023,,North,,0,,Flat,,,,,,Overcast,780209,0,0,0,2,,,0,,,,,,Auckland Region,Nil,1-way,Sealed,,0,0,,50,,None,0,0,,76,Auckland,Nil,,,,,0,0,Urban,0,,,Fine,None
1763369.2906,5908427.4125,850981,,524402,0,,0,0,,Null,2022/2023,MASSEY ROAD,HOSPITAL ROAD,,Non-Injury Crash,No,2023,,North,,0,,Flat,,,,,,Dark,749900,0,0,0,4,,,0,,,,,,Auckland Region,Bridge,2-way,Sealed,,0,0,,50,,On,1,0,,76,Auckland,Traffic Signals,,,,,0,0,Urban,1,,,Fine,Null
1745370.3841,5917132.8585,851001,,510800,0,,0,1,,South,2022/2023,RAILSIDE AVENUE,STEVIES LANE,,Non-Injury Crash,No,2023,,North,,0,,Flat,,,,,,Bright sun,242700,0,0,0,2,,,0,,,,,,Auckland Region,Nil,2-way,Sealed,,0,0,,50,,Off,1,0,,76,Auckland,Nil,,,,,0,0,Urban,0,,,Fine,Null
1759602.6372,5915566.3433,851020,,519200,0,,0,1,,Null,2023/2024,GREEN LANE WEST,WHETURANGI ROAD,,Non-Injury Crash,No,2023,,North,,0,,Flat,,,,,,Bright sun,616402,0,0,0,4,,,0,,,,,,Auckland Region,Nil,2-way,Sealed,,0,0,,50,,Off,0,0,,76,Auckland,Traffic Signals,,,,,0,0,Urban,1,,,Fine,None
1744468.3156,5924980.9216,851044,,513431,0,0,0,1,0,Null,2023/2024,TRIG ROAD OFF RAMP,TRIG ROAD,,Non-Injury Crash,No,2023,0,West,0,0,0,Hill Road,1,,0,,0,Dark,223702,0,0,0,1,0,0,0,0,0,,0,0,Auckland Region,Motorway ramp,1-way,Sealed,0,0,0,0,100,0,On,0,0,,76,Auckland,Stop,0,0,0,0,0,0,Open,0,0,0,Light rain,Null
1737319.8014,5929436.9482,851072,,505602,0,0,0,1,0,North,2024/2025,TAPU ROAD,MAIN ROAD,,Minor Crash,No,2024,0,North,0,0,0,Flat,0,,0,,0,Dark,216002,1,0,0,2,0,0,0,0,1,,0,0,Auckland Region,Nil,2-way,Sealed,0,0,0,0,50,0,On,0,0,,76,Auckland,Nil,0,0,0,0,0,0,Urban,1,0,0,Fine,Null
1754944.6877,5944835.1899,851076,,505907,0,,0,0,,North,2024/2025,WHANGAPARAOA ROAD,HIWI CRESCENT,,Minor Crash,No,2024,,North,,0,,Hill Road,,,,,,Bright sun,173418,1,0,0,2,,,0,,,,,,Auckland Region,Nil,2-way,Sealed,,0,0,,50,,Off,1,0,,76,Auckland,Nil,,,,,0,0,Urban,1,,,Fine,Null
1760497.1513,5983365.7843,851092,45,506660,0,0,0,0,1,West,2023/2024,PAKIRI ROAD,GOAT ISLAND ROAD,,Serious Crash,No,2024,0,West,0,0,0,Flat,0,,0,,0,Dark,137400,0,0,1,2,0,0,0,0,0,,0,0,Auckland Region,Nil,2-way,Sealed,0,0,1,0,50,0,On,0,0,,76,Auckland,Nil,0,0,0,0,0,0,Urban,0,0,0,Fine,Null
1768217.1833,5900792.6389,851108,,525001,0,0,0,3,0,East,2024/2025,RUSSELL ROAD,JAMES ROAD,,Non-Injury Crash,No,2024,0,East,0,0,0,Flat,0,,0,,0,Dark,752400,0,0,0,2,0,0,0,0,1,,0,0,Auckland Region,Nil,2-way,Sealed,0,0,0,0,50,0,Null,0,0,,76,Auckland,Nil,0,0,0,0,0,0,Urban,0,0,0,Fine,Null
1734605.3385,5918541.2646,851112,,513800,0,0,0,1,0,North,2024/2025,TE HENGA ROAD,AIO WIRA ROAD,,Minor Crash,No,2025,0,East,0,0,1,Flat,0,,0,,0,Dark,281700,1,0,0,2,0,0,0,0,0,,0,0,Auckland Region,Nil,2-way,Sealed,0,0,0,0,60,0,None,0,0,,76,Auckland,Nil,0,0,0,0,0,0,Urban,1,0,0,Fine,Null
1780371.4291,5883784.9385,851115,,521132,1,,0,0,,Null,2022/2023,PAPARATA ROAD,KANUKA ROAD,,Minor Crash,No,2023,,West,,0,,Hill Road,,,,,,Overcast,814502,1,0,0,2,,,0,,,,,,Auckland Region,Nil,2-way,Sealed,,0,0,,100,,Off,0,0,,76,Auckland,Nil,,,,,1,0,Open,0,,,Fine,Null
1755105.4535,5930210.1136,851123,,508520,0,0,0,1,0,South,2022/2023,NORTHERN BUSWAY,SUNSET OBR,,Minor Crash,No,2023,0,South,0,0,0,Flat,1,,0,,0,Dark,192800,1,0,0,2,0,0,0,0,0,,0,0,Auckland Region,Nil,2-way,Sealed,0,0,0,0,50,0,On,0,0,,76,Auckland,Nil,0,0,0,0,0,0,Urban,0,0,0,Fine,Null
1761154.9999,5916648.9961,851124,,516003,0,,0,2,,East,2024/2025,REMUERA ROAD,GREEN LANE EAST,,Non-Injury Crash,No,2024,,West,,0,,Flat,,,,,,Overcast,494300,0,0,0,4,,,0,,,,,,Auckland Region,Nil,2-way,Sealed,,0,0,,50,,Null,0,0,,76,Auckland,Nil,,,,,0,0,Urban,0,,,Fine,Null
1753413.164,5914148.8092,851128,,518801,0,,0,2,,Null,2024/2025,RICHARDSON ROAD,LABURNUM ROAD,,Minor Crash,No,2025,,North,,0,,Flat,,,,,,Overcast,578701,1,0,0,2,,,0,,,,,,Auckland Region,Nil,2-way,Sealed,,0,0,,50,,Off,0,0,,76,Auckland,Give way,,,,,0,0,Urban,0,,,Fine,Null
1766931.6171,5913125.9499,851131,,522910,0,,0,1,,Null,2022/2023,WILLIAM ROBERTS ROAD,REEVES ROAD,,Non-Injury Crash,No,2023,,Null,,0,,Hill Road,,,,,,Dark,684000,0,0,0,2,,,0,,,,,,Auckland Region,Nil,2-way,Sealed,,0,0,,50,,On,0,0,,76,Auckland,Stop,,,,,0,1,Urban,0,,,Fine,Null
1747272.9468,5912590.3921,851136,,511100,0,0,0,1,0,West,2024/2025,CAPTAIN SCOTT ROAD,SUNNYLAW PLACE,,Non-Injury Crash,No,2024,0,West,0,0,0,Hill Road,0,,0,,0,Dark,288302,0,0,0,2,0,0,0,0,0,,0,1,Auckland Region,Nil,2-way,Sealed,0,0,0,0,50,0,On,0,0,,76,Auckland,Nil,0,0,0,0,0,0,Urban,0,0,0,Heavy rain,Null
1762841.7233,5912957.9666,851157,,520402,0,0,0,2,0,West,2022/2023,SOUTHERN MOTORWAY,SOUTH-EASTERN HWY OFF RAMP,,Minor Crash,Yes,2023,0,West,0,0,0,Flat,1,,0,,0,Overcast,642500,1,0,0,4,0,0,0,0,0,,0,0,Auckland Region,Nil,1-way,Sealed,0,0,0,0,100,0,On,0,0,,76,Auckland,Unknown,0,0,0,0,0,0,Open,0,0,0,Heavy rain,Strong wind
1765460.0232,5915743.634,851159,,520601,0,,0,2,,Null,2022/2023,PILKINGTON ROAD,COURT CRESCENT,,Non-Injury Crash,No,2023,,South,,0,,Hill Road,,Easter,,,,Bright sun,633800,0,0,0,2,,,0,,,,,,Auckland Region,Nil,2-way,Sealed,,0,0,,50,,Off,0,0,,76,Auckland,Give way,,,,,0,0,Urban,0,,,Fine,Null
1769537.4662,5901990.9037,851169,,523814,0,,0,1,,South,2023/2024,HILL ROAD-MANUREWA OFF RAMP,SOUTHERN MOTORWAY,,Minor Crash,No,2023,,South,,0,,Hill Road,,,,,,Bright sun,760702,1,0,0,1,,,0,,,,,,Auckland Region,Motorway ramp,1-way,Sealed,,0,0,,100,,Off,1,0,,76,Auckland,Nil,,,,,0,0,Open,0,,,Fine,Null
1758237.3171,5917761.0086,851175,,515700,0,,0,1,,East,2023/2024,SOUTHERN MOTORWAY,NEWMARKET VDT N,,Minor Crash,Yes,2023,,South,,0,,Flat,,,,,,Twilight,443300,1,0,0,4,,,0,,,,,,Auckland Region,Nil,1-way,Sealed,,0,0,,80,,Off,1,0,,76,Auckland,Nil,,,,,0,0,Open,1,,,Fine,Null
1757005.5598,5920332.5395,851179,,514102,0,,0,1,,Null,2022/2023,WELLESLEY STREET WEST,HOBSON STREET,,Non-Injury Crash,No,2023,,North,,0,,Hill Road,,,,,,Overcast,433801,0,0,0,4,,,0,,,1,,,Auckland Region,Nil,2-way,Sealed,,0,0,,40,,Off,0,0,,76,Auckland,Traffic Signals,,,,,0,0,Urban,0,,,Light rain,Strong wind
1766807.6879,5906962.22,851196,,522302,0,,0,2,,South,2024/2025,SOUTHERN MOTORWAY,EAST TAMAKI OBR,,Non-Injury Crash,Yes,2024,,North,,0,,Flat,,,,,,Dark,668000,0,0,0,3,,,0,,,,,,Auckland Region,Nil,1-way,Sealed,,0,0,,100,,On,0,0,,76,Auckland,Nil,,,,,1,0,Open,0,,,Fine,Null
1761944.0222,5906348.9577,851200,45,524200,0,,0,2,,North,2022/2023,MASSEY ROAD OFF RAMP,SOUTH-WESTERN MOTORWAY,,Non-Injury Crash,No,2023,,North,,0,,Flat,,,,,,Overcast,728700,0,0,0,1,,,0,,,,,,Auckland Region,Nil,1-way,Sealed,,0,0,,100,,Off,0,0,,76,Auckland,Nil,,,,,0,0,Open,0,,,Fine,None
1750130.262,5913742.7779,851201,,511303,1,,0,1,,South,2023/2024,CROWN LYNN PLACE,CLARK STREET,,Serious Crash,No,2023,,East,,0,,Flat,,,,,,Overcast,265002,0,0,0,3,,,0,,,,,,Auckland Region,Nil,2-way,Sealed,,0,1,,50,,Off,0,0,,76,Auckland,Nil,,,,,0,0,Urban,0,,,Light rain,Null
1753335.6484,5933174.8828,851208,,508701,0,0,0,3,0,Null,2023/2024,GREVILLE ROAD ON RAMP,GREVILLE ROAD,,Non-Injury Crash,Yes,2023,0,South,0,0,0,Flat,0,,0,,0,Bright sun,178900,0,0,0,2,0,0,0,0,0,,0,0,Auckland Region,Motorway ramp,1-way,Sealed,0,0,0,0,100,0,Off,0,0,,76,Auckland,Traffic Signals,1,0,0,0,0,0,Open,0,0,0,Fine,Null
1762427.6124,5905960.3117,851228,,524200,0,,0,1,,South,2023/2024,SOUTH-WESTERN MOTORWAY,MASSEY ROAD OFF RAMP,,Non-Injury Crash,Yes,2024,,North,,0,,Flat,,,,,,Dark,729000,0,0,0,2,,,0,,,,,,Auckland Region,Nil,1-way,Sealed,,0,0,,100,,On,0,0,,76,Auckland,Nil,,,,,0,0,Open,0,,,Fine,Null
1760463.1571,5915662.8932,851240,,516003,0,0,0,6,0,South,2024/2025,SOUTHERN MOTORWAY,GREEN LANE EAST OFF RAMP,,Minor Crash,Yes,2024,0,North,0,0,0,Flat,1,,0,,0,Bright sun,494902,1,0,0,4,0,0,0,0,0,,0,0,Auckland Region,Nil,1-way,Sealed,0,0,0,0,100,0,Off,0,0,,76,Auckland,Nil,0,0,0,0,0,0,Open,0,0,0,Fine,Null
1770986.0274,5898308.9702,851276,,523912,0,,0,2,,North,2023/2024,GREAT SOUTH ROAD,BEACH ROAD,,Non-Injury Crash,No,2023,,North,,0,,Flat,,,,,,Overcast,767705,0,0,0,2,,,0,,,,,,Auckland Region,Nil,2-way,Sealed,,0,0,,50,,Off,0,0,,76,Auckland,Nil,,,,,0,0,Urban,0,,,Fine,Null
1765032.5865,5910257.3431,851280,,521801,0,,0,1,,Null,2024/2025,PRINCES STREET,PRINCES ST-OTAHUHU OFF RAMP,,Minor Crash,No,2024,,West,,0,,Hill Road,,,,,,Overcast,787700,1,0,1,2,,,0,,,,,,Auckland Region,Motorway ramp,2-way,Sealed,,0,0,,50,,Off,0,0,,76,Auckland,Stop,,,,,0,0,Urban,0,,,Fine,Null
1756145.4636,5923960.1967,851284,,509800,0,,0,2,,South,2023/2024,NORTHERN MOTORWAY,WEIGH BRIDGE,,Non-Injury Crash,Yes,2023,,South,,0,,Flat,,Christmas New Year,,,,Bright sun,361200,0,0,0,5,,,0,,,,,,Auckland Region,Nil,1-way,Sealed,,0,0,,80,,Off,1,0,,76,Auckland,Nil,,,,,0,0,Open,0,,,Fine,Null
1746328.1044,5926141.7609,851288,,513431,0,0,0,1,0,Null,2023/2024,BRIGHAM CREEK ROAD OFF RAMP,BRIGHAM CREEK ROAD,,Non-Injury Crash,No,2023,0,West,0,0,0,Flat,0,,0,,0,Dark,221802,0,0,0,1,0,0,0,0,0,,0,0,Auckland Region,Nil,1-way,Sealed,0,0,0,0,50,0,On,0,0,,76,Auckland,Give way,0,1,0,0,0,0,Urban,0,0,0,Fine,Null
1766475.2301,5908139.1022,851292,,523402,0,,0,2,,West,2023/2024,BAIRDS ROAD,OTARA ROAD,,Non-Injury Crash,No,2024,,West,,0,,Flat,,,,,,Bright sun,698200,0,0,0,2,,,0,,,,,,Auckland Region,Nil,2-way,Sealed,,0,0,,50,,Off,0,0,,76,Auckland,Nil,,,,,0,0,Urban,0,,,Fine,Null
1742199.2683,5915352.8573,851304,,513020,0,0,0,1,1,Null,2023/2024,HENDERSON VALLEY ROAD,CANDIA ROAD,,Non-Injury Crash,No,2024,0,North,0,0,0,Flat,0,,0,,1,Overcast,281000,0,0,0,2,0,0,0,0,0,,0,0,Auckland Region,Nil,2-way,Sealed,0,0,0,0,60,0,None,0,0,,76,Auckland,Give way,0,0,0,0,0,0,Urban,0,0,0,Light rain,Null
1767799.2239,5904062.0205,851319,,524602,0,0,0,2,0,Null,2022/2023,GREAT SOUTH ROAD,LAKEWOOD COURT,,Minor Crash,No,2023,0,North,0,0,0,Flat,0,,0,,0,Twilight,780416,1,0,0,4,0,0,0,0,1,,0,0,Auckland Region,Nil,2-way,Sealed,0,0,0,0,50,0,On,0,0,,76,Auckland,Traffic Signals,0,0,0,0,0,0,Urban,0,0,0,Fine,Null
1772823.7561,5891855.2906,851324,,521301,1,,0,0,,Null,2024/2025,BREMNER ROAD,VICTORIA STREET,,Minor Crash,No,2025,,West,,0,,Hill Road,,,,,,Bright sun,808702,1,0,0,2,,,0,,,,,,Auckland Region,Nil,2-way,Sealed,,0,0,,50,,Off,1,0,30,76,Auckland,Nil,,,,,0,0,Urban,0,,,Fine,Null
1765107.6531,5910028.4258,851325,,521803,0,0,0,2,0,South,2022/2023,SOUTHERN MOTORWAY,PRINCES ST-OTAHUHU ON RAMP,,Minor Crash,Yes,2023,0,South,0,0,0,Flat,1,,0,,0,Dark,788300,1,0,0,3,0,0,0,0,0,,0,0,Auckland Region,Motorway ramp,1-way,Sealed,0,0,0,0,100,0,On,0,0,,76,Auckland,Nil,0,0,0,0,0,0,Open,0,0,0,Fine,Null
1769033.4601,5914961.7036,851335,,522730,0,0,0,1,0,South,2022/2023,PRINCE REGENT DRIVE,GALLOWAY CRESCENT,,Non-Injury Crash,No,2023,0,North,0,0,0,Flat,0,,0,,0,Bright sun,679811,0,0,0,2,0,0,0,0,0,,0,1,Auckland Region,Nil,2-way,Sealed,0,0,0,0,50,0,Off,0,0,,76,Auckland,Nil,0,0,0,0,0,0,Urban,0,0,0,Fine,Null
1746671.6017,5918309.0969,851336,,512401,0,0,0,1,0,East,2024/2025,STRID ROAD,ESSEX STREET,,Non-Injury Crash,No,2024,0,East,0,0,1,Flat,0,,0,,0,Overcast,256600,0,0,0,2,0,0,0,0,0,,0,1,Auckland Region,Nil,2-way,Sealed,0,0,0,0,50,0,On,0,0,,76,Auckland,Nil,0,0,0,0,0,0,Urban,0,0,0,Fine,Null
1766697.699,5904417.3528,851337,,524604,0,0,0,1,0,Null,2022/2023,LAMBIE DRIVE,RONWOOD AVENUE,,Non-Injury Crash,No,2023,0,North,0,0,0,Flat,0,,0,,1,Overcast,780209,0,0,0,2,0,0,0,0,0,,0,1,Auckland Region,Nil,1-way,Sealed,0,0,0,0,60,0,Off,0,0,,76,Auckland,Give way,0,0,0,0,0,0,Urban,0,0,0,Light rain,Null
1754556.6236,5930063.2419,851343,,508420,0,,0,1,,North,2022/2023,TARGET ROAD,LAMBROWN DRIVE,,Non-Injury Crash,No,2023,,West,,0,,Hill Road,,,,,,Bright sun,182602,0,0,0,2,,,0,,,,,,Auckland Region,Nil,2-way,Sealed,,0,0,,50,,Off,1,0,,76,Auckland,Nil,,,,,0,0,Urban,0,,,Fine,Null
1764784.8184,5906568.6068,851347,,522201,0,,0,2,,South,2022/2023,SHIRLEY ROAD,TRIMMER TERRACE,,Non-Injury Crash,No,2023,,North,,0,,Flat,,,,,,Overcast,661800,0,0,0,2,,,0,,,,,,Auckland Region,Nil,2-way,Sealed,,0,0,,50,,Off,0,0,,76,Auckland,Nil,,,,,0,0,Urban,0,,,Fine,Null
1765944.3961,5908270.6008,851348,,523402,0,0,0,2,0,West,2024/2025,BAIRDS ROAD,ASHTON AVENUE,,Non-Injury Crash,No,2024,0,East,0,0,1,Flat,0,Christmas New Year,0,,0,Overcast,697200,0,0,0,4,0,0,0,0,1,,0,0,Auckland Region,Nil,2-way,Sealed,0,0,0,0,50,0,Off,0,0,,76,Auckland,Nil,0,0,0,0,0,0,Urban,0,0,0,Fine,Null
1773140.1118,5897627.8805,851359,,523912,0,,0,1,,Null,2022/2023,BATTALION DRIVE,RECOVERY ROAD,,Serious Crash,No,2023,,West,,0,,Flat,,,,,,Bright sun,765600,1,0,0,2,,,0,,,,,,Auckland Region,Nil,2-way,Sealed,,0,1,,50,,Off,0,0,,76,Auckland,Give way,,,,,0,0,Urban,1,,,Fine,Null
1754330.1498,5935976.5355,851367,,508704,0,0,0,0,0,Null,2023/2024,EAST COAST ROAD,CARLISLE ROAD,,Minor Crash,No,2023,0,North,0,0,0,Flat,0,Labour Weekend,0,,1,Bright sun,178602,1,0,1,5,0,0,0,0,0,,0,0,Auckland Region,Nil,2-way,Sealed,0,0,0,0,50,0,Off,0,0,,76,Auckland,Traffic Signals,0,0,0,0,0,0,Urban,0,0,0,Fine,Null
1780095.1328,5901712.6883,851368,,525201,0,0,0,1,0,North,2024/2025,PAPAKURA-CLEVEDON ROAD,RYBURN BR,,Fatal Crash,No,2025,0,North,0,1,0,Flat,0,,0,,0,Dark,763400,0,0,0,2,0,0,0,0,0,,0,0,Auckland Region,Nil,2-way,Sealed,0,0,1,0,80,0,On,0,0,,76,Auckland,Nil,0,0,0,1,0,0,Open,0,0,1,Fine,Null
1770573.9519,5900209.8441,851371,,523911,0,,0,2,,East,2022/2023,MARPHONA CRESCENT,TAKANINI SCHOOL ROAD,,Non-Injury Crash,No,2023,,South,,0,,Flat,,,,,,Bright sun,766600,0,0,0,2,,,0,,,,,,Auckland Region,Nil,2-way,Sealed,,0,0,,70,,Off,0,0,,76,Auckland,Nil,,,,,0,0,Urban,0,,,Fine,Null
1766627.3534,5908424.1477,851373,,523402,0,,0,0,,North,2022/2023,OTARA ROAD,LAPPINGTON ROAD,,Minor Crash,No,2023,,South,,0,,Flat,,,,,,Bright sun,697800,1,0,0,2,,,0,,,1,,,Auckland Region,Nil,2-way,Sealed,,0,0,,50,,Off,0,0,,76,Auckland,Nil,,,,,0,0,Urban,0,,,Fine,Null
1762309.033,5913456.5978,851383,,520402,0,,0,1,,South,2022/2023,SOUTHERN MOTORWAY,PENROSE OBR,,Non-Injury Crash,Yes,2023,,South,,0,,Flat,,,,,,Overcast,642200,0,0,0,3,,,0,,,,,,Auckland Region,Nil,1-way,Sealed,,0,0,,100,,Off,1,0,,76,Auckland,Nil,,,,,0,0,Open,0,,,Heavy rain,Null
1780135.2269,5927088.0148,851384,,520801,0,0,0,1,1,Null,2024/2025,GOODWIN AVENUE,GOODWIN AVENUE,,Non-Injury Crash,No,2024,0,North,0,0,0,Hill Road,0,,0,,0,Dark,516507,0,0,0,2,0,0,0,0,0,,0,0,Auckland Region,Nil,2-way,Sealed,0,0,0,0,40,0,None,0,0,,76,Auckland,Nil,0,0,0,0,0,0,Urban,0,0,0,Fine,Null
1767433.1262,5904944.4919,851388,,524603,0,,0,1,,Null,2023/2024,GREAT SOUTH ROAD,TE IRIRANGI DRIVE,,Minor Crash,No,2023,,South,,0,,Flat,,,,,,Dark,780304,2,0,0,2,,,0,,,,,,Auckland Region,Nil,2-way,Sealed,,0,0,,50,,On,0,0,,76,Auckland,Traffic Signals,,,,,0,0,Urban,1,,,Fine,None
1760016.4877,5907206.4997,851392,,524112,0,,0,2,,North,2023/2024,BADER DRIVE,ORLY AVENUE,,Non-Injury Crash,No,2024,,North,,0,,Flat,,,,,,Overcast,737500,0,0,0,2,,,0,,,,,,Auckland Region,Nil,2-way,Sealed,,0,0,,50,,Off,1,0,,76,Auckland,Nil,,,,,0,0,Urban,0,,,Fine,Null
1765188.3595,5917569.2744,851393,,517001,0,,0,2,,South,2022/2023,APIRANA AVENUE,EASTVIEW ROAD,,Minor Crash,No,2023,,North,,0,,Hill Road,,,,,,Overcast,475600,3,0,0,2,,,0,,,,,,Auckland Region,Nil,2-way,Sealed,,0,0,,50,,Off,0,0,,76,Auckland,Nil,,,,,0,0,Urban,0,,,Light rain,Null