X,Y,OBJECTID,advisorySpeed,areaUnitID,bicycle,bridge,bus,carStationWagon,cliffBank,crashDirectionDescription,crashFinancialYear,crashLocation1,crashLocation2,crashRoadSideRoad,crashSeverity,crashSHDescription,crashYear,debris,directionRoleDescription,ditch,fatalCount,fence,flatHill,guardRail,holiday,houseOrBuilding,intersection,kerb,light,meshblockId,minorInjuryCount,moped,motorcycle,NumberOfLanes,objectThrownOrDropped,otherObject,otherVehicleType,overBank,parkedVehicle,pedestrian,phoneBoxEtc,postOrPole,region,roadCharacter,roadLane,roadSurface,roadworks,schoolBus,seriousInjuryCount,slipOrFlood,speedLimit,strayAnimal,streetLight,suv,taxi,temporarySpeedLimit,tlaId,tlaName,trafficControl,trafficIsland,trafficSign,train,tree,truck,unknownVehicleType,urban,vanOrUtility,vehicle,waterRiver,weatherA,weatherB
1761684.6044,5907391.9109,851395,,524520,0,,0,1,,Null,2023/2024,OFF ROAD CARPARK,,,Serious Crash,No,2023,,North,,0,,Flat,,,,,,Bright sun,734300,0,0,0,,,,0,,,1,,,Auckland Region,Nil,Off road,Sealed,,0,1,,10,,None,0,0,,76,Auckland,Nil,,,,,0,0,Urban,0,,,Fine,Null
1750644.6492,5950180.9423,851409,,505805,0,,0,2,,Null,2022/2023,WEST HOE HEIGHTS,OREWA HEIGHTS CRESCENT,,Minor Crash,No,2023,,East,,0,,Hill Road,,,,,,Bright sun,176409,1,0,0,2,,,0,,,,,,Auckland Region,Nil,2-way,Sealed,,0,0,,50,,Off,0,0,,76,Auckland,Nil,,,,,0,0,Urban,0,,,Fine,Null
1764713.5865,5906462.5753,851428,,522201,0,,0,1,,Null,2023/2024,CORONATION ROAD,SHIRLEY ROAD,,Non-Injury Crash,No,2023,,North,,0,,Flat,,,,,,Dark,661800,0,0,0,2,,,0,,,,,,Auckland Region,Nil,2-way,Sealed,,0,0,,50,,On,0,0,,76,Auckland,Give way,,,,,0,0,Urban,1,,,Fine,Null
1765207.3972,5910401.0213,851436,,521803,0,0,0,2,0,North,2023/2024,FENCIBLE PLACE,PRINCES STREET EAST,,Non-Injury Crash,No,2023,0,North,0,0,0,Flat,0,,0,,0,Overcast,790000,0,0,0,2,0,0,0,0,1,,0,0,Auckland Region,Nil,2-way,Sealed,0,0,0,0,50,0,Null,0,0,,76,Auckland,Nil,0,0,0,0,0,0,Urban,0,0,0,Light rain,Null
1749692.9193,5945595.4332,851439,,506001,0,,0,1,,North,2022/2023,TAVERN ROAD,FORGE ROAD,,Serious Crash,No,2023,,North,,0,,Hill Road,,,,,,Bright sun,175701,0,0,0,2,,,1,,,,,,Auckland Region,Nil,2-way,Sealed,,0,1,,50,,Off,0,0,,76,Auckland,Nil,,,,,0,0,Urban,0,,,Fine,Null
1757141.4396,5920713.355,851444,,514102,0,,1,1,,Null,2023/2024,WYNDHAM STREET,HOBSON STREET,,Non-Injury Crash,No,2024,,West,,0,,Hill Road,,,,,,Dark,433103,0,0,0,3,,,0,,,,,,Auckland Region,Nil,2-way,Sealed,,0,0,,30,,On,0,0,,76,Auckland,Traffic Signals,,,,,0,0,Urban,0,,,Light rain,Null
1767340.1234,5904607.9621,851445,,524604,0,,0,1,,West,2022/2023,RONWOOD AVENUE,AMERSHAM WAY,,Minor Crash,No,2023,,West,,0,,Flat,,,,,,Twilight,780209,1,0,0,2,,,0,,,1,,,Auckland Region,Nil,2-way,Sealed,,0,0,,50,,Off,0,0,,76,Auckland,Nil,,,,,0,0,Urban,0,,,Fine,Null
1761598.5094,5908499.3575,851452,,524405,0,0,1,1,0,East,2023/2024,GRANGEWOOD CLOSE,OTAGO PLACE,,Non-Injury Crash,No,2024,0,North,0,0,0,Flat,0,,0,,0,Bright sun,730720,0,0,0,1,0,0,0,0,1,,0,0,Auckland Region,Nil,1-way,Sealed,0,0,0,0,50,0,Off,0,0,,76,Auckland,Nil,0,0,0,0,0,0,Urban,0,0,0,Fine,Null
1756752.3962,5921218.651,851453,,514101,1,,0,1,,North,2022/2023,HALSEY STREET,MADDEN STREET,,Minor Crash,No,2023,,West,,0,,Flat,,,,,,Overcast,438217,1,0,0,2,,,0,,,1,,,Auckland Region,Nil,2-way,Sealed,,0,0,,30,,On,0,0,,76,Auckland,Nil,,,,,0,0,Urban,0,,,Light rain,Strong wind
1749876.1047,5916679.0815,851455,,514801,0,,0,2,,North,2022/2023,ROSEBANK ROAD,JOMAC PLACE,,Non-Injury Crash,No,2023,,South,,0,,Flat,,,,,,Bright sun,388700,0,0,0,2,,,0,,,,,,Auckland Region,Nil,2-way,Sealed,,0,0,,50,,Off,0,0,,76,Auckland,Nil,,,,,0,0,Urban,0,,,Fine,Null
1767669.913,5905826.3522,851464,,523721,0,0,0,1,0,Null,2024/2025,PRESTON ROAD,WAIMATE STREET,,Minor Crash,No,2024,0,South,0,0,0,Flat,0,,0,,0,Bright sun,715400,1,0,0,2,0,0,0,0,0,,0,0,Auckland Region,Nil,2-way,Sealed,0,0,0,0,50,0,Off,0,0,,76,Auckland,Give way,0,1,0,1,0,0,Urban,0,0,0,Fine,Null
1747247.9061,5919682.4254,851468,,512300,0,,0,1,,North,2023/2024,NORTH-WESTERN MOTORWAY,TE ATATU OBR,,Non-Injury Crash,Yes,2024,,South,,0,,Flat,,,,,,Dark,251700,0,0,0,3,,,0,,,,,,Auckland Region,Motorway ramp,1-way,Sealed,,0,0,,100,,On,0,0,,76,Auckland,Nil,,,,,1,0,Open,0,,,Light rain,Null
1749809.2761,5916719.7757,851476,,514801,0,0,0,2,0,East,2023/2024,ROSEBANK ROAD,COPSEY PLACE,,Non-Injury Crash,No,2023,0,South,0,0,1,Flat,0,Labour Weekend,0,,0,Dark,388700,0,0,0,2,0,0,0,0,1,,0,0,Auckland Region,Nil,2-way,Sealed,0,0,0,0,50,0,On,0,0,,76,Auckland,Nil,0,0,0,0,0,0,Urban,1,0,0,Fine,Null
1755228.8929,5914781.7898,851488,,518500,0,,0,0,,Null,2023/2024,OFF ROAD - PUBLIC CARPARK,,,Minor Crash,No,2024,,West,,0,,Hill Road,,,,,,Bright sun,560200,1,0,0,,,,0,,,1,,,Auckland Region,Nil,Off road,Sealed,,0,0,,,,None,0,0,,76,Auckland,Nil,,,,,0,0,Urban,1,,,Fine,Null
1757963.9355,5914760.8903,851492,,518600,1,,0,1,,South,2023/2024,PAH ROAD,MANUKAU ROAD,,Non-Injury Crash,No,2023,,North,,0,,Flat,,,,,,Bright sun,566400,0,0,0,3,,,0,,,,,,Auckland Region,Nil,2-way,Sealed,,0,0,,50,,Null,0,0,,76,Auckland,Nil,,,,,0,0,Urban,0,,,Fine,Null
1763906.0215,5912517.7208,851496,,520500,0,,0,1,,South,2023/2024,MOUNT WELLINGTON HIGHWAY,MT WGTN OBR,,Non-Injury Crash,No,2023,,South,,0,,Flat,,,,,,Overcast,639500,0,0,0,3,,,0,,,,,,Auckland Region,Underpass,1-way,Sealed,,0,0,,50,,On,0,0,,76,Auckland,Nil,,,,,1,0,Urban,0,,,Light rain,Null
1750984.7108,5939398.8938,851516,,506300,0,,0,2,,South,2024/2025,NORTHERN MOTORWAY,BAWDEN OBR,,Serious Crash,Yes,2024,,North,,0,,Flat,,,,,,Bright sun,176008,3,0,0,2,,,0,,,,,,Auckland Region,Nil,1-way,Sealed,,0,4,,100,,Off,1,0,,76,Auckland,Nil,,,,,0,0,Open,0,,,Fine,Null
1757019.9514,5925859.5729,851529,,509702,0,,0,1,,Null,2023/2024,ESMONDE ROAD,ESMONDE ROAD OFF RAMP,,Minor Crash,No,2023,,West,,0,,Flat,,,,,,Bright sun,364602,2,0,0,2,,,0,,,,,,Auckland Region,Nil,1-way,Sealed,,0,0,,60,,Null,1,0,,76,Auckland,Traffic Signals,,,,,0,0,Urban,0,,,Fine,Null
1770055.1276,5915495.889,851540,,522711,0,0,0,4,0,North,2022/2023,BUCKLANDS BEACH ROAD,CHERRY ROAD,,Non-Injury Crash,No,2023,0,North,0,0,0,Flat,0,,0,,0,Dark,680711,0,0,0,2,0,0,0,0,1,,0,0,Auckland Region,Nil,2-way,Sealed,0,0,0,0,50,0,On,0,0,,76,Auckland,Nil,0,0,0,0,0,0,Urban,1,0,0,Fine,Null
1743098.8733,5918540.4499,851548,,513213,0,0,0,1,0,Null,2022/2023,METCALFE ROAD,RANUI STATION ROAD,,Non-Injury Crash,No,2023,0,North,0,0,0,Flat,0,,0,,0,Bright sun,235200,0,0,0,2,0,1,0,0,0,,0,0,Auckland Region,Rail xing,2-way,Sealed,0,0,0,0,50,0,Off,0,0,,76,Auckland,Give way,0,0,0,0,0,0,Urban,0,0,0,Fine,Null
1767631.897,5903088.8334,851549,,524602,0,0,0,1,0,East,2022/2023,KERRS ROAD,TREVOR HOSKEN DRIVE,,Non-Injury Crash,No,2023,0,West,0,0,1,Flat,0,,0,,0,Dark,780407,0,0,0,2,0,0,0,0,0,,0,0,Auckland Region,Nil,2-way,Sealed,0,0,0,0,50,0,On,0,0,,76,Auckland,Nil,0,0,0,0,0,0,Urban,0,0,0,Fine,Null
1758166.2202,5915834.1865,851553,,515801,0,,0,1,,Null,2023/2024,MANUKAU ROAD,KING GEORGE AVENUE,,Serious Crash,No,2023,,North,,0,,Flat,,,,,,Overcast,447100,0,0,1,4,,,0,,,,,,Auckland Region,Nil,2-way,Sealed,,0,1,,50,,Off,0,0,,76,Auckland,Give way,,,,,0,0,Urban,0,,,Light rain,Null
1757923.5126,5906201.7731,851555,,524200,0,0,0,1,0,West,2022/2023,MONTGOMERIE ROAD,PAVILION DRIVE,,Minor Crash,No,2023,0,South,0,0,0,Flat,0,,0,,0,Dark,726400,1,0,0,2,0,0,0,0,0,,0,0,Auckland Region,Nil,2-way,Sealed,0,0,0,0,50,0,On,0,0,,76,Auckland,Nil,0,0,0,1,0,0,Urban,0,0,0,Light rain,Null
1741581.2035,5976079.7118,851564,,506661,0,0,0,1,0,West,2023/2024,SH 1,FALLS BR,,Minor Crash,Yes,2023,0,West,0,0,0,Flat,1,Labour Weekend,0,,0,Overcast,139000,1,0,0,2,0,0,0,0,0,,0,0,Auckland Region,Nil,2-way,Sealed,0,0,0,0,80,0,None,0,0,,76,Auckland,Nil,0,0,0,0,0,0,Open,0,0,0,Fine,Null
1748476.3744,5914864.7082,851572,,511700,0,0,0,1,0,Null,2023/2024,ARCHIBALD ROAD,ARCHLYNN ROAD,,Non-Injury Crash,No,2023,0,South,0,0,1,Flat,0,,0,,0,Dark,270000,0,0,0,2,0,0,0,0,0,,0,1,Auckland Region,Nil,2-way,Sealed,0,0,0,0,50,0,On,0,1,,76,Auckland,Give way,0,1,0,0,0,0,Urban,0,0,0,Fine,Null
1768343.4065,5913614.6399,851577,,523000,0,0,0,1,0,South,2022/2023,GOSSAMER DRIVE,WYMAN PLACE,,Minor Crash,No,2023,0,South,0,0,0,Flat,0,,0,,0,Dark,690800,1,0,0,2,0,0,0,0,0,,0,0,Auckland Region,Nil,2-way,Sealed,0,0,0,0,50,0,On,0,0,,76,Auckland,Nil,0,0,0,1,0,0,Urban,0,0,0,Light rain,Null
1755724.7042,5916233.335,851589,,518201,0,0,0,1,0,Null,2022/2023,BALMORAL ROAD,DOMINION ROAD,,Non-Injury Crash,No,2023,0,West,0,0,0,Flat,0,,0,,0,Dark,553200,0,0,0,2,0,0,0,0,0,,0,0,Auckland Region,Nil,1-way,Sealed,0,0,0,0,50,0,On,0,0,,76,Auckland,Traffic Signals,0,1,0,0,0,0,Urban,0,0,0,Fine,Null
1756358.9172,5921059.2635,851597,,514101,1,,0,0,,Null,2023/2024,BEAUMONT STREET,WESTHAVEN DRIVE,,Minor Crash,No,2023,,North,,0,,Flat,,Labour Weekend,,,,Bright sun,432400,1,0,0,2,,,0,,,,,,Auckland Region,Nil,2-way,Sealed,,0,0,,30,,Off,1,0,,76,Auckland,Stop,,,,,0,0,Urban,0,,,Fine,Null
1746715.4704,5872654.6401,851600,,521151,0,,0,0,,Null,2023/2024,OFF ROAD- BEACH,,,Serious Crash,No,2024,,North,,0,,Flat,,,,,,Bright sun,831300,0,0,0,,,,0,,,,,,Auckland Region,Nil,Off road,Unsealed,,0,1,,,,Null,0,0,,76,Auckland,Nil,,,,,0,1,Urban,0,,,Fine,Strong wind
1766356.0488,5904594.2283,851604,,524603,0,,0,0,,East,2023/2024,CAVENDISH DRIVE,NORMAN SPENCER DRIVE,,Minor Crash,No,2024,,North,,0,,Flat,,,,,,Bright sun,780202,1,0,0,4,,,0,,,,,,Auckland Region,Nil,2-way,Sealed,,0,0,,50,,Off,3,0,,76,Auckland,Nil,,,,,0,0,Urban,0,,,Fine,Null
1754591.0394,5917102.0164,851607,,517600,0,,0,1,,Null,2022/2023,MORNINGSIDE DRIVE,SAINSBURY ROAD,,Serious Crash,No,2023,,South,,0,,Hill Road,,,,,,Dark,535500,0,0,0,2,,,0,,,1,,,Auckland Region,Nil,2-way,Sealed,,0,1,,50,,On,0,0,,76,Auckland,Give way,,,,,0,0,Urban,0,,,Heavy rain,Null
1759785.1523,5912754.9518,851624,,520000,0,,0,2,,Null,2023/2024,ALFRED STREET,GREY STREET,,Minor Crash,No,2024,,South,,0,,Flat,,,,,,Bright sun,605700,1,0,0,2,,,0,,,,,,Auckland Region,Nil,2-way,Sealed,,0,0,,50,,Off,0,0,,76,Auckland,Stop,,,,,0,0,Urban,0,,,Fine,Null
1763575.577,5917774.7968,851639,,516301,0,0,0,2,0,West,2023/2024,RUTHERFORD TERRACE,IPSWICH PLACE,,Minor Crash,No,2023,0,East,0,0,0,Hill Road,0,,0,,0,Dark,462102,1,0,0,2,0,0,0,0,1,,0,1,Auckland Region,Nil,2-way,Sealed,0,0,0,0,50,0,Off,1,0,,76,Auckland,Nil,0,0,0,0,0,0,Urban,0,0,0,Light rain,Null
1758183.6422,5927691.1184,851652,,508010,0,,0,2,,Null,2023/2024,KILLARNEY STREET,THE PROMENADE,,Non-Injury Crash,No,2023,,North,,0,,Flat,,,,,,Bright sun,326600,0,0,0,2,,,0,,,,,,Auckland Region,Nil,2-way,Sealed,,0,0,,50,,Off,0,0,,76,Auckland,Stop,,,,,0,0,Urban,0,,,Fine,Null
1758578.9432,5913312.2125,851660,,519710,0,,0,1,,East,2023/2024,MOUNT SMART ROAD,INKERMAN STREET,,Non-Injury Crash,No,2023,,West,,0,,Flat,,,,,,Twilight,595400,0,0,0,2,,,0,,,,,,Auckland Region,Nil,2-way,Sealed,,0,0,,50,,None,2,0,,76,Auckland,Nil,,,,,0,0,Urban,0,,,Fine,Frost
1761234.7829,5909314.4107,851663,,524404,0,,0,1,,Null,2022/2023,FAVONA ROAD,FORBES ROAD,,Serious Crash,No,2023,,East,,0,,Flat,,,,,,Dark,730301,0,0,1,2,,,0,,,,,,Auckland Region,Nil,2-way,Sealed,,0,1,,60,,On,0,0,,76,Auckland,Give way,,,,,0,0,Urban,0,,,Fine,Null
1758854.2134,5918970.1343,851665,,515901,0,,0,2,,Null,2022/2023,PARNELL ROAD,AYR STREET,,Minor Crash,No,2023,,South,,0,,Flat,,,,,,Overcast,451800,1,0,0,4,,,0,,,,,,Auckland Region,Nil,2-way,Sealed,,0,0,,50,,Off,0,0,,76,Auckland,Traffic Signals,,,,,0,0,Urban,0,,,Fine,Null
1759478.8791,5914245.9609,851668,,519720,0,0,0,2,0,South,2023/2024,CAMPBELL ROAD,TAWHIRI ROAD,,Non-Injury Crash,No,2024,0,South,0,0,0,Flat,0,,0,,0,Bright sun,592500,0,0,0,2,0,0,0,0,0,,0,0,Auckland Region,Nil,2-way,Sealed,0,0,0,0,50,0,Null,0,0,,76,Auckland,Nil,0,0,0,0,0,0,Urban,0,1,0,Fine,Null
1767773.9812,5904270.8666,851676,45,524602,0,,0,2,,Null,2022/2023,GREAT SOUTH ROAD,MANUKAU STATION ROAD,,Non-Injury Crash,No,2023,,Null,,0,,Flat,,,,,,Dark,780416,0,0,0,2,,,0,,,,,,Auckland Region,Nil,1-way,Sealed,,0,0,,50,,On,0,0,,76,Auckland,Traffic Signals,,,,,0,0,Urban,0,,,Fine,None
1768956.6454,5911189.9864,851680,,523112,0,,0,2,,Null,2023/2024,HARRIS ROAD,CRYERS ROAD,,Minor Crash,No,2024,,South,,0,,Flat,,,,,,Overcast,711404,1,0,0,4,,,0,,,,,,Auckland Region,Nil,2-way,Sealed,,0,0,,50,,Off,0,0,40,76,Auckland,Give way,,,,,0,0,Urban,0,,,Mist or Fog,Frost
1754876.2362,5917877.7018,851704,,517500,0,0,0,2,0,North,2023/2024,SCHOOL ROAD,WESTERN SPRINGS ROAD,,Non-Injury Crash,No,2023,0,South,0,0,0,Flat,0,,0,,1,Dark,530600,0,0,0,2,0,0,0,0,1,,0,0,Auckland Region,Nil,2-way,Sealed,0,0,0,0,50,0,On,0,0,30,76,Auckland,Nil,0,0,0,0,0,0,Urban,0,0,0,Fine,Null
1765569.0215,5909085.4805,851712,,523402,0,0,0,2,0,North,2023/2024,HIGHBROOK DRIVE,HIGHBROOK DRIVE OFF RAMP,,Minor Crash,No,2024,0,North,0,0,0,Flat,0,,0,,0,Bright sun,696900,1,0,1,4,0,0,0,0,0,,0,0,Auckland Region,Nil,2-way,Sealed,0,0,0,0,60,0,Off,0,0,,76,Auckland,Nil,0,0,0,0,0,0,Urban,0,1,0,Fine,Null
1745685.4123,5916965.8958,851720,,510800,0,,0,2,,South,2023/2024,VITASOVICH AVENUE,EDSEL STREET,,Non-Injury Crash,No,2023,,North,,0,,Flat,,,,,,Overcast,243300,0,0,0,2,,,0,,,,,,Auckland Region,Nil,2-way,Sealed,,0,0,,50,,Off,0,0,,76,Auckland,Nil,,,,,0,0,Urban,0,,,Light rain,Null
1754105.3234,5918427.4009,851723,,515431,0,,0,2,,Null,2022/2023,GREAT NORTH ROAD,STADIUM ROAD,,Minor Crash,No,2023,,North,,0,,Flat,,,,,,Dark,406300,2,0,0,4,,,0,,,,,,Auckland Region,Nil,2-way,Sealed,,0,0,,50,,On,0,1,,76,Auckland,Traffic Signals,,,,,0,0,Urban,0,,,Light rain,Null
1764904.35,5914706.0915,851736,,520602,0,,0,1,,Null,2024/2025,IRELAND ROAD,ELLERSLIE-PANMURE HIGHWAY,,Non-Injury Crash,No,2024,,North,,0,,Flat,,,,,,Overcast,628601,0,0,0,4,,,0,,,,,,Auckland Region,Nil,2-way,Sealed,,0,0,,50,,Off,0,0,,76,Auckland,Traffic Signals,,,,,0,0,Urban,1,,,Fine,Null
1735628.645,5985835.1227,851740,,506660,0,0,0,1,0,South,2025/2026,SH 1,SILVER HILL ROAD,,Serious Crash,Yes,2025,0,North,0,0,1,Flat,0,,0,,0,Dark,143800,0,0,0,2,0,0,0,0,0,,0,0,Auckland Region,Nil,2-way,Sealed,0,0,1,0,60,0,None,0,0,,76,Auckland,Nil,0,0,0,0,0,0,Urban,0,0,0,Fine,Null
1756341.7367,5920277.269,851747,,514000,0,,0,1,,Null,2022/2023,WELLINGTON STREET ON RAMP,NORTHERN MOTORWAY,,Serious Crash,No,2023,,North,,0,,Flat,,,,,,Bright sun,416800,0,0,1,3,,,0,,,,,,Auckland Region,Motorway ramp,1-way,Sealed,,0,1,,80,,Off,0,0,,76,Auckland,Nil,,,,,0,0,Open,0,,,Fine,Null
1753152.2139,5928766.3199,851748,,508412,0,,0,1,,Null,2022/2023,MANUKA ROAD,EASTON PARK PARADE,,Non-Injury Crash,No,2023,,West,,0,,Hill Road,,,,,,Overcast,184400,0,0,1,3,,,0,,,,,,Auckland Region,Nil,2-way,Sealed,,0,0,,50,,Off,0,0,,76,Auckland,Traffic Signals,,,,,0,0,Urban,0,,,Fine,Null
1751552.4335,5915235.0509,851752,,514401,0,0,0,2,0,Null,2022/2023,ST JUDE STREET,CRAYFORD STREET,,Non-Injury Crash,No,2023,0,North,0,0,0,Flat,0,,0,,0,Bright sun,382901,0,0,0,2,0,0,0,0,1,,0,0,Auckland Region,Nil,2-way,Sealed,0,0,0,0,50,0,Off,0,0,,76,Auckland,Traffic Signals,0,0,0,0,1,0,Urban,0,0,0,Fine,Null
1755005.442,5920894.3067,851761,,515302,0,,0,1,,Null,2022/2023,JERVOIS ROAD,ISLINGTON STREET,,Non-Injury Crash,No,2023,,North,,0,,Flat,,,,,,Bright sun,428800,0,0,0,4,,,0,,,1,,,Auckland Region,Nil,2-way,Sealed,,0,0,,50,,Off,0,0,,76,Auckland,Nil,,,,,0,0,Urban,0,,,Fine,Null
1769381.1779,5907655.6196,851767,,523713,0,,0,2,,North,2022/2023,TE IRIRANGI DRIVE,ORMISTON ROAD,,Non-Injury Crash,No,2023,,South,,0,,Flat,,,,,,Bright sun,712302,0,0,0,5,,,0,,,,,,Auckland Region,Nil,2-way,Sealed,,0,0,,60,,None,0,0,,76,Auckland,Nil,,,,,0,0,Urban,0,,,Fine,Null
1766971.8789,5903732.3411,851768,,524604,0,,0,2,,Null,2024/2025,WIRI STATION ROAD,LAMBIE DRIVE,,Non-Injury Crash,No,2024,,South,,0,,Flat,,,,,,Dark,780210,0,0,0,1,,,0,,,,,,Auckland Region,Nil,1-way,Sealed,,0,0,,50,,On,0,0,,76,Auckland,Traffic Signals,,,,,0,0,Urban,0,,,Light rain,Null
1747748.8913,5944480.1393,851769,,506201,0,0,0,0,0,South,2023/2024,DAIRY FLAT HIGHWAY,PINE VALLEY ROAD,,Minor Crash,No,2023,0,North,0,0,0,Flat,0,,0,,0,Twilight,176700,1,0,0,2,0,0,0,0,0,,0,0,Auckland Region,Nil,2-way,Sealed,0,0,0,0,80,0,None,1,0,,76,Auckland,Nil,0,0,0,1,0,0,Open,0,0,0,Fine,Null
1746859.963,5922536.3043,851771,,512201,0,,1,1,,Null,2022/2023,WHARF ROAD,TE ATATU ROAD,,Non-Injury Crash,No,2023,,East,,0,,Flat,,,,,,Dark,246500,0,0,0,2,,,0,,,,,,Auckland Region,Nil,2-way,Sealed,,0,0,,50,,On,0,0,,76,Auckland,Give way,,,,,0,0,Urban,0,,,Fine,Null
1759450.9594,5913719.6536,851775,,519720,0,,0,1,,Null,2023/2024,TAWA ROAD,MOANA AVENUE,,Minor Crash,No,2023,,South,,0,,Hill Road,,,,,,Bright sun,594200,1,0,1,1,,,0,,,,,,Auckland Region,Nil,1-way,Sealed,,0,0,,50,,Off,0,0,,76,Auckland,Give way,,,,,0,0,Urban,0,,,Fine,Null
1752617.5424,5913826.2212,851779,,514500,0,0,0,2,0,Null,2023/2024,TED WILLIAM STREET,TREVOLA STREET,,Minor Crash,No,2023,0,South,0,0,0,Hill Road,0,,0,,0,Dark,374102,1,0,0,2,0,0,0,0,1,,0,0,Auckland Region,Nil,2-way,Sealed,0,0,0,0,50,0,On,0,0,,76,Auckland,Stop,0,0,0,0,0,0,Urban,0,0,0,Fine,Null
1746487.452,5925955.703,851812,,513432,0,,0,2,,West,2024/2025,HOBSONVILLE ROAD,BRIGHAM CREEK ROAD,,Non-Injury Crash,No,2024,,East,,0,,Flat,,,,,,Overcast,223005,0,0,0,2,,,0,,,,,,Auckland Region,Nil,2-way,Sealed,,0,0,,50,,Off,0,0,,76,Auckland,Nil,,,,,0,0,Urban,0,,,Fine,Null
1745487.2272,5920641.8254,851825,,513301,0,0,0,1,0,Null,2022/2023,LINCOLN ROAD OFF RAMP,LINCOLN ROAD,,Non-Injury Crash,No,2023,0,West,0,0,0,Flat,0,Easter,0,,1,Dark,230301,0,0,0,3,0,0,0,0,0,,0,0,Auckland Region,Nil,1-way,Sealed,0,0,0,0,50,0,On,0,0,,76,Auckland,Traffic Signals,1,0,0,0,0,0,Urban,0,0,0,Fine,Null
1758309.8137,5913391.3252,851828,,519710,0,,0,1,,East,2022/2023,MOUNT SMART ROAD,CAMPBELL ROAD,,Non-Injury Crash,No,2023,,West,,0,,Flat,,,,,,Overcast,595200,0,0,0,3,,,0,,,,,,Auckland Region,Nil,2-way,Sealed,,0,0,,50,,Off,2,0,,76,Auckland,Nil,,,,,0,0,Urban,0,,,Fine,Null
1753068.8612,5924057.6328,851832,,510402,0,,0,2,,South,2022/2023,PORRITT AVENUE,LANGSTONE PLACE,,Non-Injury Crash,No,2023,,West,,0,,Hill Road,,,,,,Twilight,353300,0,0,0,2,,,0,,,,,,Auckland Region,Nil,2-way,Sealed,,0,0,,50,,Off,0,0,,76,Auckland,Nil,,,,,0,0,Urban,0,,,Fine,Null
1746040.8459,5915082.0041,851836,,511800,0,0,0,1,0,East,2023/2024,SUNNYSIDE ROAD,MCKINLEY ROAD,,Minor Crash,No,2023,0,West,0,0,0,Flat,0,Labour Weekend,0,,0,Bright sun,277500,1,0,0,2,0,0,0,0,1,1,0,0,Auckland Region,Nil,2-way,Sealed,0,0,0,0,50,0,Off,1,0,,76,Auckland,Nil,0,0,0,0,0,0,Urban,0,0,0,Fine,Null
1757698.0634,5944588.043,851840,,505902,0,,0,1,,Null,2023/2024,WHANGAPARAOA ROAD,BEACH ROAD,,Minor Crash,No,2023,,North,,0,,Flat,,,,,,Overcast,174514,2,0,0,1,,,0,,,,,,Auckland Region,Nil,1-way,Sealed,,0,0,,50,,On,1,0,,76,Auckland,Give way,,,,,0,0,Urban,0,,,Fine,Null
1761284.7709,5914055.773,851855,,519500,1,,0,1,,Null,2023/2024,GREAT SOUTH ROAD,GREENPARK ROAD,,Minor Crash,No,2023,,North,,0,,Flat,,,,,,Twilight,620500,1,0,0,4,,,0,,,,,,Auckland Region,Nil,2-way,Sealed,,0,0,,50,,On,0,0,,76,Auckland,Give way,,,,,0,0,Urban,0,,,Fine,Null
1763137.0133,5907939.9029,851856,,524301,0,,0,1,,South,2022/2023,GRAY AVENUE,MASSEY ROAD,,Non-Injury Crash,No,2023,,South,,0,,Flat,,,,,,Overcast,748900,0,0,0,2,,,0,,,1,,,Auckland Region,Nil,2-way,Sealed,,0,0,,50,,Off,0,0,,76,Auckland,Nil,,,,,0,0,Urban,0,,,Fine,Null
1743226.6941,5922012.7066,851868,,513631,0,0,0,1,0,Null,2023/2024,GARTON DRIVE,BROADFIELD STREET,,Non-Injury Crash,No,2023,0,South,0,0,0,Hill Road,0,,0,,1,Dark,227010,0,0,0,2,0,0,0,0,0,,0,0,Auckland Region,Nil,2-way,Sealed,0,0,0,0,50,0,On,0,0,,76,Auckland,Give way,0,0,0,0,0,0,Urban,0,0,0,Fine,Null
1765735.868,5906731.231,851876,,522202,0,,0,2,,Null,2023/2024,GREAT SOUTH ROAD,SUTTON CRESCENT,,Minor Crash,No,2023,,North,,0,,Flat,,,,,,Dark,663600,1,0,0,4,,,0,,,,,,Auckland Region,Nil,2-way,Sealed,,0,0,,50,,On,0,0,,76,Auckland,Traffic Signals,,,,,0,0,Urban,0,,,Fine,Null
1763352.4845,5909300.824,851879,,521901,0,,0,2,,Null,2023/2024,WALMSLEY ROAD,MARJORIE JAYNE CRESCENT,,Minor Crash,No,2023,,South,,0,,Flat,,,,,,Overcast,783000,1,0,0,4,,,0,,,,,,Auckland Region,Nil,2-way,Sealed,,0,0,,50,,Off,0,0,,76,Auckland,Give way,,,,,0,0,Urban,0,,,Fine,Null
1762216.9423,5906449.0164,851880,,524302,0,0,0,2,0,Null,2023/2024,WINTHROP WAY,COURTENAY CRESCENT,,Non-Injury Crash,No,2023,0,South,0,0,0,Flat,0,,0,,0,Twilight,743800,0,0,0,2,0,0,0,0,1,,0,0,Auckland Region,Nil,2-way,Sealed,0,0,0,0,50,0,On,0,0,,76,Auckland,Nil,0,0,0,0,0,0,Urban,0,0,0,Fine,Null