X,Y,OBJECTID,advisorySpeed,areaUnitID,bicycle,bridge,bus,carStationWagon,cliffBank,crashDirectionDescription,crashFinancialYear,crashLocation1,crashLocation2,crashRoadSideRoad,crashSeverity,crashSHDescription,crashYear,debris,directionRoleDescription,ditch,fatalCount,fence,flatHill,guardRail,holiday,houseOrBuilding,intersection,kerb,light,meshblockId,minorInjuryCount,moped,motorcycle,NumberOfLanes,objectThrownOrDropped,otherObject,otherVehicleType,overBank,parkedVehicle,pedestrian,phoneBoxEtc,postOrPole,region,roadCharacter,roadLane,roadSurface,roadworks,schoolBus,seriousInjuryCount,slipOrFlood,speedLimit,strayAnimal,streetLight,suv,taxi,temporarySpeedLimit,tlaId,tlaName,trafficControl,trafficIsland,trafficSign,train,tree,truck,unknownVehicleType,urban,vanOrUtility,vehicle,waterRiver,weatherA,weatherB
1755147.6032,5934938.8024,851884,,507101,0,0,0,2,0,East,2023/2024,GLENCOE ROAD,OAKTREE AVENUE,,Minor Crash,No,2024,0,West,0,0,0,Flat,0,,0,,0,Twilight,161701,1,0,0,2,0,0,0,0,1,,0,0,Auckland Region,Nil,2-way,Sealed,0,0,0,0,50,0,On,0,0,,76,Auckland,Nil,0,0,0,0,0,0,Urban,0,0,0,Fine,Null
1765924.9861,5905620.0699,851888,,522202,0,,0,1,,Null,2023/2024,CARRUTH ROAD,BIRDWOOD AVENUE,,Non-Injury Crash,No,2024,,West,,0,,Flat,,,,,,Bright sun,665700,0,0,0,2,,,0,,,,,,Auckland Region,Nil,2-way,Sealed,,0,0,,50,,Off,1,0,,76,Auckland,Stop,,,,,0,0,Urban,0,,,Fine,Null
1768072.5057,5904357.4354,851893,,523820,0,,0,0,,Null,2022/2023,REDOUBT ROAD,REDOUBT ROAD ON RAMP,,Serious Crash,No,2023,,West,,0,,Hill Road,,,,,,Overcast,759901,0,0,1,2,,,0,,,,,,Auckland Region,Bridge,1-way,Sealed,,0,1,,50,,Off,0,0,,76,Auckland,Traffic Signals,,,,,0,0,Urban,1,,,Fine,Null
1753499.7813,5914407.6687,851900,,518801,0,0,0,1,0,Null,2023/2024,MAIORO STREET,MAIORO STREET ON RAMP,,Non-Injury Crash,No,2024,0,North,0,0,0,Hill Road,0,,0,,0,Dark,578400,0,0,0,3,0,0,0,0,0,,0,0,Auckland Region,Motorway ramp,1-way,Sealed,0,0,0,0,50,0,On,0,0,,76,Auckland,Traffic Signals,0,1,0,0,0,0,Urban,0,0,0,Light rain,Null
1768153.1619,5888723.9674,851912,,521122,0,0,0,0,0,West,2023/2024,KARAKA ROAD,GELLERT ROAD,,Non-Injury Crash,Yes,2023,0,West,0,0,0,Hill Road,1,,0,,0,Dark,812700,0,0,0,2,0,0,0,0,0,,0,0,Auckland Region,Nil,2-way,Sealed,0,0,0,0,80,0,On,0,0,,76,Auckland,Nil,0,0,0,0,1,0,Open,0,0,0,Fine,Null
1753337.5445,5946136.8965,851920,,505906,0,,0,2,,South,2023/2024,WHANGAPARAOA ROAD,MELIA PLACE,,Serious Crash,No,2024,,South,,0,,Hill Road,,,,,,Bright sun,173803,1,0,0,2,,,0,,,,,,Auckland Region,Nil,2-way,Sealed,,0,2,,50,,Off,0,0,,76,Auckland,Nil,,,,,0,0,Urban,0,,,Fine,Null
1758779.058,5911769.8041,851924,,519810,0,0,1,0,0,Null,2024/2025,NEILSON STREET,GLOUCESTER PARK ROAD ON RAMP,,Non-Injury Crash,No,2024,0,West,0,0,0,Flat,0,,0,,0,Overcast,602200,0,0,0,6,0,0,0,0,0,,0,1,Auckland Region,Nil,2-way,Sealed,0,0,0,0,50,0,Off,0,0,,76,Auckland,Traffic Signals,1,0,0,0,0,0,Urban,0,0,0,Fine,Null
1748627.1625,5946528.4592,851928,,505806,0,0,0,0,0,North,2024/2025,NORTHERN MOTORWAY,SILVERDALE OFF RAMP,,Non-Injury Crash,Yes,2025,0,South,0,0,0,Flat,0,,0,,0,Bright sun,176604,0,0,0,2,1,0,0,0,0,,0,0,Auckland Region,Bridge,1-way,Sealed,0,0,0,0,100,0,Off,0,0,,76,Auckland,Nil,0,0,0,0,0,0,Open,1,0,0,Fine,Null
1747883.665,5915747.3934,851932,45,511602,0,0,0,3,0,South,2024/2025,HARMEL ROAD,PRIOR PLACE,,Non-Injury Crash,No,2024,0,South,0,0,1,Flat,0,,0,,0,Dark,273600,0,0,0,2,0,0,0,0,1,,0,0,Auckland Region,Nil,2-way,Sealed,0,0,0,0,50,0,On,0,0,,76,Auckland,Nil,0,0,0,0,0,0,Urban,0,0,0,Fine,Frost
1759262.1848,5911763.0995,851940,,519820,0,,0,0,,Null,2024/2025,GALWAY STREET,NEILSON STREET,,Non-Injury Crash,No,2024,,West,,0,,Flat,,,,,,Overcast,602401,0,0,1,4,,,0,,,,,,Auckland Region,Nil,2-way,Sealed,,0,0,,50,,Off,0,0,,76,Auckland,Give way,,,,,0,0,Urban,1,,,Fine,Null
1757657.5355,5913642.4451,851943,,518600,0,,0,1,,South,2022/2023,PAH ROAD,ACORN STREET,,Minor Crash,No,2023,,South,,0,,Flat,,,,,,Overcast,565400,1,0,1,4,,,0,,,,,,Auckland Region,Nil,2-way,Sealed,,0,0,,50,,Off,0,0,,76,Auckland,Nil,,,,,0,0,Urban,0,,,Light rain,Strong wind
1750856.5368,5912758.9542,851945,,514700,0,0,0,0,0,West,2022/2023,BOLTON STREET,KAY DRIVE,,Minor Crash,No,2023,0,East,0,0,0,Hill Road,0,,0,,0,Dark,369501,1,0,0,2,0,0,0,0,0,,0,1,Auckland Region,Speed hump,2-way,Sealed,0,0,0,0,50,0,On,1,0,,76,Auckland,Nil,0,1,0,0,0,0,Urban,0,0,0,Light rain,Null
1756639.0592,5937148.5075,851949,,506903,0,0,0,1,0,South,2022/2023,BEACH ROAD,LONG STREET,,Minor Crash,No,2023,0,North,0,0,0,Flat,0,,0,,0,Dark,170200,1,0,0,2,0,0,0,0,1,,0,0,Auckland Region,Nil,2-way,Sealed,0,0,0,0,50,0,Off,0,0,,76,Auckland,Nil,0,0,0,0,0,0,Urban,1,0,0,Fine,Null
1757119.3886,5920721.1967,851956,45,514102,0,,0,2,,Null,2022/2023,WYNDHAM STREET,HOBSON STREET,,Non-Injury Crash,No,2023,,South,,0,,Flat,,,,,,Dark,433305,0,0,0,2,,,0,,,,,,Auckland Region,Nil,1-way,Sealed,,0,0,,50,,On,0,0,,76,Auckland,Traffic Signals,,,,,0,0,Urban,0,,,Fine,None
1768744.945,5904545.6349,851984,,523722,0,,0,1,,Null,2024/2025,REDOUBT ROAD,HOLLYFORD DRIVE,,Non-Injury Crash,No,2024,,East,,0,,Flat,,,,,,Dark,715917,0,0,0,4,,,0,,,,,,Auckland Region,Nil,2-way,Sealed,,0,0,,50,,On,0,0,,76,Auckland,Traffic Signals,,,,,0,1,Urban,0,,,Fine,Null
1761998.7332,5913890.3803,851985,,520202,0,0,0,1,0,North,2022/2023,SOUTHERN MOTORWAY,PENROSE OBR,,Minor Crash,Yes,2023,0,North,0,0,0,Flat,1,,0,,0,Dark,612400,1,0,0,3,0,0,0,0,0,,0,0,Auckland Region,Nil,1-way,Sealed,0,0,0,0,100,0,On,0,0,,76,Auckland,Nil,0,0,0,0,0,0,Open,0,0,0,Fine,Strong wind
1768015.3765,5902358.7278,851986,,525001,0,0,0,1,0,Null,2022/2023,BROWNS ROAD,MAICH ROAD,,Serious Crash,No,2023,0,East,0,0,1,Flat,0,,0,,0,Bright sun,750300,0,0,0,2,0,0,0,0,0,,0,0,Auckland Region,Nil,2-way,Sealed,0,0,1,0,50,0,Off,0,0,,76,Auckland,Nil,0,0,0,1,0,0,Urban,0,0,0,Fine,Null
1763842.5449,5906559.5218,851996,,524303,0,0,0,0,0,Null,2023/2024,STATION ROAD,GRAY AVENUE,,Non-Injury Crash,No,2023,0,West,0,0,0,Flat,0,,0,,0,Dark,657300,0,0,0,2,0,0,0,0,0,,0,0,Auckland Region,Nil,2-way,Sealed,0,0,0,0,50,0,On,1,0,,76,Auckland,Give way,0,1,0,0,0,0,Urban,0,0,0,Fine,Null
1768022.9577,5914090.3513,852007,,522820,0,,0,2,,Null,2022/2023,GLENMORE ROAD,MEADWAY,,Minor Crash,No,2023,,South,,0,,Hill Road,,,,,,Dark,691600,2,0,0,2,,,0,,,,,,Auckland Region,Nil,2-way,Sealed,,0,0,,50,,On,0,0,,76,Auckland,Give way,,,,,0,0,Urban,0,,,Fine,Null
1752191.9419,5913563.8121,852040,,514402,0,,0,1,,Null,2023/2024,WHITNEY STREET,MARGATE ROAD,,Minor Crash,No,2024,,South,,0,,Hill Road,,,,,,Bright sun,379000,1,0,1,2,,,0,,,,,,Auckland Region,Nil,2-way,Sealed,,0,0,,50,,None,0,0,,76,Auckland,Give way,,,,,0,0,Urban,0,,,Fine,Frost
1782343.8125,5916334.0907,852052,,523300,0,0,0,2,0,East,2023/2024,MARAETAI DRIVE,COLSON LANE,,Non-Injury Crash,No,2024,0,East,0,0,0,Flat,0,,0,,0,Bright sun,719801,0,0,0,2,0,0,0,0,1,,0,0,Auckland Region,Nil,2-way,Sealed,0,0,0,0,40,0,Off,0,0,,76,Auckland,Nil,0,0,0,0,0,0,Urban,0,0,0,Fine,Null
1762305.6789,5907096.6797,852059,,524520,0,,0,3,,North,2023/2024,MASSEY ROAD,BUCKLAND ROAD,,Minor Crash,No,2023,,South,,0,,Flat,,,,,,Overcast,734703,1,0,0,2,,,0,,,,,,Auckland Region,Nil,2-way,Sealed,,0,0,,50,,Off,0,0,,76,Auckland,Nil,,,,,0,0,Urban,1,,,Fine,Null
1770676.5555,5914627.0976,852061,,521601,0,,0,2,,West,2022/2023,PAKURANGA ROAD,THE LINK,,Minor Crash,No,2023,,South,,0,,Hill Road,,,,,,Bright sun,645400,1,0,0,4,,,0,,,,,,Auckland Region,Nil,2-way,Sealed,,0,0,,60,,Off,0,0,,76,Auckland,Nil,,,,,0,0,Urban,0,,,Fine,Null
1763584.832,5914184.3248,852067,,520401,0,,0,1,,South,2023/2024,BARRACK ROAD,BOAKES ROAD,,Minor Crash,No,2023,,South,,0,,Flat,,,,,,Dark,642700,1,0,0,2,,,0,,,1,,,Auckland Region,Nil,2-way,Sealed,,0,0,,50,,On,0,0,,76,Auckland,Nil,,,,,0,0,Urban,0,,,Fine,Null
1742118.7878,5922519.8778,852076,,513610,0,0,0,2,0,South,2023/2024,BIOKOVO STREET,NERETVA AVENUE,,Non-Injury Crash,No,2024,0,North,0,0,0,Flat,0,,0,,0,Overcast,226503,0,0,0,2,0,0,0,0,1,,0,0,Auckland Region,Nil,2-way,Sealed,0,0,0,0,50,0,Off,0,0,,76,Auckland,Nil,0,0,0,0,0,0,Urban,1,0,0,Light rain,Null
1751369.6686,5915474.9,852079,,514401,0,0,0,1,0,Null,2022/2023,ROSEBANK ROAD,LAYARD STREET,,Minor Crash,No,2023,0,East,0,0,0,Flat,0,,0,,0,Overcast,382200,1,0,0,2,0,0,0,0,1,,0,0,Auckland Region,Nil,2-way,Sealed,0,0,0,0,50,0,Off,1,1,,76,Auckland,Give way,0,0,0,0,0,0,Urban,1,0,0,Fine,Null
1756173.2555,5918808.0672,852084,,515500,0,,0,2,,North,2023/2024,NORTH-WESTERN MOTORWAY,WAIMA FTBR,,Non-Injury Crash,Yes,2023,,North,,0,,Flat,,,,,,Twilight,417700,0,0,0,4,,,0,,,,,,Auckland Region,Nil,1-way,Sealed,,0,0,,80,,On,0,0,,76,Auckland,Nil,,,,,0,0,Open,0,,,Fine,Null
1760013.8998,5909114.1773,852092,,524403,0,,0,2,,North,2023/2024,MAHUNGA DRIVE,MARKET COVE ROAD,,Non-Injury Crash,No,2023,,North,,0,,Flat,,,,,,Overcast,729500,0,0,0,2,,,0,,,,,,Auckland Region,Nil,2-way,Sealed,,0,0,,50,,Off,0,0,,76,Auckland,Nil,,,,,0,0,Urban,0,,,Fine,Null
1745131.5534,5918334.2216,852093,,513302,1,,0,1,,Null,2022/2023,LINCOLN ROAD,NORVAL ROAD,,Minor Crash,No,2023,,South,,0,,Flat,,,,,,Dark,231001,1,0,0,5,,,0,,,,,,Auckland Region,Nil,2-way,Sealed,,0,0,,50,,On,0,0,,76,Auckland,Traffic Signals,,,,,0,0,Urban,0,,,Fine,Null
1756977.5611,5918799.7982,852097,,514301,0,,0,1,,Null,2022/2023,SYMONDS STREET,NEWTON ROAD,,Minor Crash,No,2023,,South,,0,,Flat,,,,,,Dark,441505,2,0,0,5,,,0,,,,,,Auckland Region,Nil,2-way,Sealed,,0,0,,50,,On,1,0,,76,Auckland,Traffic Signals,,,,,0,0,Urban,0,,,Light rain,Null
1747477.6468,5914706.6578,852100,,511100,0,,0,2,,Null,2024/2025,GLENVIEW ROAD,GREAT NORTH ROAD,,Minor Crash,No,2025,,North,,0,,Hill Road,,,,,,Dark,284800,1,0,0,5,,,0,,,,,,Auckland Region,Nil,2-way,Sealed,,0,0,,50,,On,0,0,,76,Auckland,Traffic Signals,,,,,0,0,Urban,0,,,Fine,Null
1753905.2562,5934303.0915,852119,,508704,0,0,0,2,1,Null,2022/2023,EAST COAST ROAD,SPENCER ROAD,,Minor Crash,No,2023,0,South,0,0,0,Flat,0,,0,,0,Bright sun,179130,2,0,0,2,0,0,0,0,0,,0,0,Auckland Region,Nil,2-way,Sealed,0,0,0,0,50,0,Off,0,0,,76,Auckland,Stop,0,0,0,0,0,0,Urban,1,0,0,Fine,Null
1753430.5355,5917548.9402,852120,,517800,0,0,0,2,0,North,2023/2024,LINWOOD AVENUE,ROSSGROVE TERRACE,,Minor Crash,No,2024,0,North,0,0,0,Flat,0,,0,,0,Overcast,526200,1,0,0,2,0,0,0,0,1,,0,0,Auckland Region,Nil,2-way,Sealed,0,0,0,0,50,0,Off,0,0,,76,Auckland,Nil,0,0,0,0,0,0,Urban,0,0,0,Fine,Null
1759795.5214,5912747.6727,852128,,520000,0,,0,1,,Null,2023/2024,GREY STREET,ALFRED STREET,,Non-Injury Crash,No,2023,,West,,0,,Flat,,,,,,Overcast,606000,0,0,0,2,,,0,,,,,,Auckland Region,Nil,2-way,Sealed,,0,0,,50,,Off,0,0,,76,Auckland,Stop,,,,,0,0,Urban,1,,,Light rain,Null
1768284.2574,5902167.0857,852132,,525001,0,,0,1,,North,2023/2024,GREAT SOUTH ROAD,GRANDE VUE ROAD,,Non-Injury Crash,No,2023,,North,,0,,Flat,,,,,,Bright sun,750800,0,0,0,2,,,0,,,,,,Auckland Region,Nil,2-way,Sealed,,0,0,,50,,Off,1,0,,76,Auckland,Nil,,,,,0,0,Urban,0,,,Fine,Null
1754159.1034,5916639.1738,852135,,517600,0,0,0,1,0,West,2023/2024,MORNING STAR PLACE,ST LUKES ROAD,,Non-Injury Crash,No,2023,0,South,0,0,0,Flat,0,,0,,0,Bright sun,535204,0,0,0,2,0,0,0,0,1,,0,0,Auckland Region,Nil,2-way,Sealed,0,0,0,0,50,0,Off,0,0,,76,Auckland,Nil,0,0,0,0,0,0,Urban,1,0,0,Fine,Null
1744130.6102,5924859.8786,852143,,513410,0,,0,1,,North,2022/2023,UPPER HARBOUR MOTORWAY,HOBSONVILLE ROAD OFF RAMP,,Non-Injury Crash,Yes,2023,,South,,0,,Hill Road,,,,,,Overcast,223901,0,0,0,2,,,0,,,,,,Auckland Region,Nil,1-way,Sealed,,0,0,,100,,On,0,0,,76,Auckland,Nil,,,,,0,0,Open,1,,,Heavy rain,Strong wind
1767251.7181,5879716.1423,852156,,521112,0,,0,2,,Null,2023/2024,WAIUKU ROAD,ROWLES ROAD,,Non-Injury Crash,No,2023,,North,,0,,Flat,,,,,,Twilight,826000,0,0,0,2,,,0,,,,,,Auckland Region,Nil,2-way,Unsealed,,0,0,,80,,Off,0,0,,76,Auckland,Give way,,,,,0,0,Open,0,,,Fine,Null
1770813.2919,5914617.666,852160,,521601,0,,0,2,,Null,2023/2024,PAKURANGA ROAD,THE LINK,,Non-Injury Crash,No,2023,,West,,0,,Flat,,,,,,Twilight,645400,0,0,0,4,,,0,,,,,,Auckland Region,Nil,2-way,Sealed,,0,0,,60,,Off,0,0,,76,Auckland,Give way,,,,,0,0,Urban,0,,,Fine,Null
1767336.1919,5883269.9964,852164,35,521111,0,0,0,1,0,East,2023/2024,HEIGHTS ROAD,HEIGHTS SOUTH,,Non-Injury Crash,No,2023,0,North,1,0,0,Hill Road,0,,0,,0,Dark,826601,0,0,0,2,0,0,0,0,0,,0,0,Auckland Region,Nil,2-way,Sealed,0,0,0,0,80,0,None,0,0,,76,Auckland,Nil,0,0,0,0,0,0,Open,0,0,0,Fine,Null
1748077.9182,5912052.5555,852192,,511901,0,0,0,1,0,Null,2024/2025,TITIRANGI ROAD,GOLF ROAD,,Serious Crash,No,2024,0,North,0,0,2,Hill Road,0,,0,,0,Bright sun,292600,0,0,0,1,0,0,0,0,0,,0,0,Auckland Region,Nil,2-way,Sealed,0,0,1,0,50,0,None,0,0,30,76,Auckland,Give way,0,0,0,1,0,0,Urban,0,0,0,Fine,Null
1743858.089,5975029.5723,852196,,506661,0,,0,1,,Null,2024/2025,SH 1,WAIWHIU CONICAL PEAK ROAD,,Non-Injury Crash,Yes,2024,,South,,0,,Hill Road,,,,,,Overcast,139000,0,0,0,1,,,0,,,,,,Auckland Region,Nil,2-way,Sealed,,0,0,,80,,None,0,0,,76,Auckland,Give way,,,,,1,0,Open,0,,,Null,None
1775668.9664,5885797.8456,852211,,521132,0,,0,3,,South,2022/2023,SOUTHERN MOTORWAY,RAMARAMA OFF RAMP,,Non-Injury Crash,Yes,2023,,North,,0,,Flat,,,,,,Dark,814100,0,0,0,2,,,0,,,,,,Auckland Region,Nil,1-way,Sealed,,0,0,,100,,On,0,0,,76,Auckland,Nil,,,,,0,0,Open,0,,,Heavy rain,Strong wind
1754669.4265,5913873.7999,852213,,518803,0,,0,0,,East,2022/2023,DENBIGH AVENUE,MAY ROAD,,Non-Injury Crash,No,2023,,West,,0,,Flat,,,,,,Overcast,580400,0,0,0,2,,,0,,,,,,Auckland Region,Nil,2-way,Sealed,,0,0,,50,,Off,0,0,,76,Auckland,Nil,,,,,0,0,Urban,2,,,Light rain,Null
1743334.5265,5947779.2616,852216,55,506614,0,0,0,1,0,West,2023/2024,WAINUI ROAD,JOBLIN ROAD,,Non-Injury Crash,No,2023,0,East,1,0,0,Flat,0,,0,,0,Overcast,177402,0,0,0,2,0,0,0,0,0,,0,0,Auckland Region,Nil,2-way,Sealed,0,0,0,0,80,0,None,0,0,,76,Auckland,Nil,0,0,0,0,0,0,Open,0,0,0,Light rain,Null
1745751.9398,5928400.61,852220,,513420,0,0,0,0,0,West,2023/2024,TOTARA ROAD,WAIMARIE ROAD,,Minor Crash,No,2024,0,West,1,0,0,Hill Road,0,,0,,0,Bright sun,220600,1,0,0,2,0,0,0,0,0,,0,0,Auckland Region,Nil,2-way,Sealed,0,0,0,0,50,0,Off,1,0,,76,Auckland,Nil,0,0,0,0,0,0,Urban,0,0,0,Fine,Null
1756253.4763,5927509.7166,852240,,507900,0,,0,0,,South,2023/2024,NORTHERN MOTORWAY,NORTHCOTE ROAD OFF RAMP,,Minor Crash,Yes,2024,,South,,0,,Flat,,,,,,Twilight,305202,1,0,0,3,,,0,,,,,,Auckland Region,Motorway ramp,1-way,Sealed,,0,0,,100,,Off,2,0,,76,Auckland,Nil,,,,,0,0,Open,0,,,Fine,Null
1756114.8116,5914305.5417,852244,,518500,0,0,0,1,0,East,2023/2024,FYVIE AVENUE,MCCULLOUGH AVENUE,,Non-Injury Crash,No,2024,0,South,0,0,0,Flat,0,,0,,0,Bright sun,563000,0,0,0,2,0,0,0,0,0,,0,1,Auckland Region,Nil,2-way,Sealed,0,0,0,0,50,0,Off,0,0,,76,Auckland,Nil,0,0,0,1,0,0,Urban,0,0,0,Fine,Null
1767020.1354,5912489.8014,852248,,522920,0,,0,2,,South,2023/2024,TI RAKAU DRIVE,ROSEBURN PLACE,,Non-Injury Crash,No,2023,,North,,0,,Flat,,,,,,Dark,686800,0,0,0,2,,,0,,,,,,Auckland Region,Nil,1-way,Sealed,,0,0,,50,,On,0,0,,76,Auckland,Nil,,,,,0,0,Urban,0,,,Fine,Null
1763796.9582,5913705.2447,852264,,520402,0,,0,2,,Null,2023/2024,PENROSE ROAD,MOUNT WELLINGTON HIGHWAY,,Non-Injury Crash,No,2023,,East,,0,,Null,,,,,,Unknown,640002,0,0,0,4,,,0,,,,,,Auckland Region,Nil,2-way,Sealed,,0,0,,50,,Null,0,0,,76,Auckland,Traffic Signals,,,,,0,0,Urban,0,,,Null,Null
1768112.3643,5888699.3706,852276,,521122,0,0,0,1,0,South,2024/2025,KARAKA ROAD,SIM ROAD,,Serious Crash,Yes,2024,0,South,1,0,1,Hill Road,1,,0,,0,Dark,812700,1,0,0,2,0,0,0,0,0,,0,0,Auckland Region,Nil,2-way,Sealed,0,0,1,0,80,0,On,0,0,,76,Auckland,Nil,0,0,0,0,0,0,Open,0,0,0,Fine,Null
1767661.3784,5900317.9633,852283,,525101,0,,0,1,,Null,2022/2023,WEYMOUTH ROAD,WORDSWORTH ROAD,,Minor Crash,No,2023,,West,,0,,Flat,,,,,,Overcast,771800,1,0,0,2,,,0,,,,,,Auckland Region,Nil,2-way,Sealed,,0,0,,50,,Off,1,0,,76,Auckland,Give way,,,,,0,0,Urban,0,,,Fine,Null
1764363.7064,5911284.6011,852319,,520500,0,0,0,2,0,Null,2022/2023,MANGAHOE ROAD,KIKORANGI LANE,,Non-Injury Crash,No,2023,0,North,0,0,0,Flat,0,,0,,1,Overcast,636100,0,0,0,2,0,0,0,0,1,,0,0,Auckland Region,Nil,2-way,Sealed,0,0,0,0,50,0,Off,1,0,,76,Auckland,Give way,0,0,0,0,0,0,Urban,1,0,0,Fine,Null
1755431.5698,5921498.5676,852328,,515202,0,,0,1,,North,2023/2024,NORTHERN MOTORWAY,SHELLY BEACH OBR,,Non-Injury Crash,Yes,2023,,North,,0,,Flat,,,,,,Bright sun,423600,0,0,0,4,,,0,,,,,,Auckland Region,Nil,1-way,Sealed,,0,0,,80,,Off,2,0,,76,Auckland,Nil,,,,,0,0,Open,0,,,Fine,Null
1761064.841,5914351.4662,852333,,520202,0,0,0,1,0,Null,2022/2023,ELLERSLIE-PANMURE HIGHWAY,GREAT SOUTH ROAD,,Non-Injury Crash,No,2023,0,North,0,0,0,Flat,0,,0,,1,Overcast,612300,0,0,0,4,0,0,0,0,0,,0,0,Auckland Region,Nil,2-way,Sealed,0,0,0,0,50,0,Off,0,0,,76,Auckland,Give way,0,0,0,0,0,0,Urban,0,0,0,Light rain,Null
1751639.8668,5916868.6697,852340,,514900,0,,0,3,,Null,2024/2025,GREAT NORTH ROAD,KOKOPU LANE,,Minor Crash,No,2024,,South,,0,,Flat,,,,,,Bright sun,384704,2,0,0,4,,,0,,,,,,Auckland Region,Nil,2-way,Sealed,,0,0,,50,,Off,0,0,,76,Auckland,Traffic Signals,,,,,0,0,Urban,0,,,Fine,Null
1752460.7929,5924527.4001,852352,,510402,0,0,0,2,1,South,2023/2024,BALMAIN ROAD,MOKOIA ROAD,,Non-Injury Crash,No,2024,0,East,0,0,0,Flat,0,Queens Birthday,1,,0,Dark,352500,0,0,0,2,0,0,0,0,1,,0,0,Auckland Region,Nil,2-way,Sealed,0,0,0,0,50,0,On,0,0,,76,Auckland,Nil,0,0,0,0,0,0,Urban,0,0,0,Fine,Null
1765333.8208,5905825.6839,852360,,522202,0,,0,2,,Null,2023/2024,ST GEORGE STREET,LANDSCAPE ROAD,,Non-Injury Crash,No,2023,,East,,0,,Flat,,,,,,Overcast,664900,0,0,0,2,,,0,,,,,,Auckland Region,Nil,2-way,Sealed,,0,0,,50,,Off,0,0,,76,Auckland,Give way,,,,,0,0,Urban,0,,,Light rain,None
1764229.8067,5912358.4955,852372,,520500,0,,0,1,,South,2023/2024,SOUTHERN MOTORWAY,CLEMOW UNDERPASS,,Non-Injury Crash,Yes,2023,,South,,0,,Flat,,,,,,Overcast,639100,0,0,0,2,,,0,,,,,,Auckland Region,Bridge,1-way,Sealed,,0,0,,100,,Off,0,0,,76,Auckland,Nil,,,,,1,0,Open,0,,,Fine,Null
1755897.4934,5920314.9188,852376,,514000,0,,0,1,,Null,2023/2024,ENGLAND STREET,RYLE STREET,,Non-Injury Crash,No,2024,,South,,0,,Hill Road,,,,,,Bright sun,416100,0,0,0,2,,,0,,,1,,,Auckland Region,Nil,2-way,Sealed,,0,0,,30,,None,0,0,,76,Auckland,Nil,,,,,0,0,Urban,0,,,Fine,Null
1757012.7888,5914433.0559,852388,,518600,0,0,0,2,0,North,2023/2024,ST ANDREWS ROAD,QUENTIN AVENUE,,Non-Injury Crash,No,2023,0,North,0,0,0,Flat,0,,0,,0,Dark,564100,0,0,0,2,0,0,0,0,1,,0,0,Auckland Region,Nil,2-way,Sealed,0,0,0,0,50,0,None,0,0,,76,Auckland,Nil,0,0,0,0,0,0,Urban,1,0,0,Fine,Null
1747614.6356,5919505.7423,852392,,512300,0,,0,2,,East,2023/2024,NORTH-WESTERN MOTORWAY,TE ATATU ROAD ON RAMP,,Non-Injury Crash,Yes,2023,,East,,0,,Flat,,,,,,Bright sun,252000,0,0,0,4,,,0,,,,,,Auckland Region,Motorway ramp,1-way,Sealed,,0,0,,100,,Off,0,0,,76,Auckland,Nil,,,,,0,0,Open,0,,,Fine,Null
1747789.3215,5946599.2829,852396,,506201,1,,0,0,,Null,2024/2025,DENDRO RING ROAD,SPARK ROAD,,Minor Crash,No,2024,,East,,0,,Flat,,,,,,Overcast,176603,1,0,0,2,,,0,,,,,,Auckland Region,Nil,2-way,Sealed,,0,0,,50,,On,0,0,,76,Auckland,Nil,,,,,0,0,Urban,1,,,Fine,Null
1744311.8057,5913622.5987,852400,,512902,0,0,0,1,0,South,2023/2024,WEST COAST ROAD,SHAW ROAD,,Minor Crash,No,2024,0,West,0,0,0,Flat,0,,0,,0,Bright sun,279600,1,0,0,2,0,0,0,0,1,,0,0,Auckland Region,Nil,2-way,Sealed,0,0,0,0,50,0,Off,0,0,,76,Auckland,Nil,0,0,0,0,0,0,Urban,1,0,0,Fine,Null
1757461.9637,5920709.7528,852425,,514102,0,,0,1,,Null,2022/2023,QUEEN STREET,SHORTLAND STREET,,Serious Crash,No,2023,,North,,0,,Flat,,,,,,Dark,433200,0,0,0,4,,,0,,,1,,,Auckland Region,Nil,2-way,Sealed,,0,1,,30,,On,0,0,,76,Auckland,Traffic Signals,,,,,0,0,Urban,0,,,Fine,Null
1769383.3623,5881148.0784,852436,,525910,0,,0,2,,Null,2023/2024,STADIUM DRIVE,EAST STREET,,Non-Injury Crash,No,2023,,North,,0,,Flat,,,,,,Dark,817300,0,0,0,2,,,0,,,,,,Auckland Region,Nil,2-way,Sealed,,0,0,,50,,On,0,0,,76,Auckland,Give way,,,,,0,0,Urban,0,,,Light rain,Null
1772205.0752,5897731.2059,852453,,523912,0,0,0,2,0,Null,2022/2023,PORCHESTER ROAD,RUSSELL AVENUE,,Minor Crash,No,2023,0,North,0,0,1,Flat,0,,0,,0,Dark,766000,1,0,0,2,0,0,0,0,0,,0,0,Auckland Region,Nil,2-way,Sealed,0,0,0,0,50,0,On,0,0,,76,Auckland,Stop,0,0,0,0,0,0,Urban,0,0,0,Fine,Null
1763377.8833,5905753.5815,852456,,524303,0,0,0,1,0,East,2023/2024,PARK AVENUE,FERNDOWN AVENUE,,Non-Injury Crash,No,2024,0,North,0,0,0,Flat,0,,0,,0,Dark,656102,0,0,0,2,0,0,0,0,1,,0,0,Auckland Region,Nil,2-way,Sealed,0,0,0,0,50,0,On,1,0,,76,Auckland,Nil,0,0,0,0,0,0,Urban,0,0,0,Fine,Null