X,Y,OBJECTID,advisorySpeed,areaUnitID,bicycle,bridge,bus,carStationWagon,cliffBank,crashDirectionDescription,crashFinancialYear,crashLocation1,crashLocation2,crashRoadSideRoad,crashSeverity,crashSHDescription,crashYear,debris,directionRoleDescription,ditch,fatalCount,fence,flatHill,guardRail,holiday,houseOrBuilding,intersection,kerb,light,meshblockId,minorInjuryCount,moped,motorcycle,NumberOfLanes,objectThrownOrDropped,otherObject,otherVehicleType,overBank,parkedVehicle,pedestrian,phoneBoxEtc,postOrPole,region,roadCharacter,roadLane,roadSurface,roadworks,schoolBus,seriousInjuryCount,slipOrFlood,speedLimit,strayAnimal,streetLight,suv,taxi,temporarySpeedLimit,tlaId,tlaName,trafficControl,trafficIsland,trafficSign,train,tree,truck,unknownVehicleType,urban,vanOrUtility,vehicle,waterRiver,weatherA,weatherB
1748892.4404,5917320.3064,852472,,514801,0,0,0,1,0,South,2024/2025,ROSEBANK ROAD,TIMOTHY PLACE,,Non-Injury Crash,No,2024,0,North,0,0,0,Flat,0,,0,,1,Dark,389300,0,0,0,2,0,0,0,0,0,,0,0,Auckland Region,Nil,2-way,Sealed,0,0,0,0,50,0,On,0,0,,76,Auckland,Nil,0,0,0,1,0,0,Urban,0,0,0,Light rain,Null
1743652.1029,5919377.642,852483,,513212,0,,0,2,,Null,2022/2023,SWANSON ROAD,DON BUCK ROAD,,Non-Injury Crash,No,2023,,East,,0,,Hill Road,,,,,,Bright sun,235711,0,0,0,2,,,0,,,,,,Auckland Region,Nil,1-way,Sealed,,0,0,,50,,Off,0,0,,76,Auckland,Give way,,,,,0,0,Urban,0,,,Fine,Null
1770122.3178,5907247.1293,852484,45,523713,0,,0,2,,Null,2023/2024,ORMISTON ROAD,MARY ANN ROAD,,Non-Injury Crash,No,2023,,East,,0,,Flat,,,,,,Bright sun,712401,0,0,0,2,,,0,,,,,,Auckland Region,Nil,2-way,Sealed,,0,0,,50,,Off,0,0,,76,Auckland,Traffic Signals,,,,,0,0,Urban,0,,,Fine,None
1755355.7416,5929499.0423,852496,,508510,0,,0,0,,North,2024/2025,NORTHERN MOTORWAY,TRISTRAM AVENUE OFF RAMP,,Non-Injury Crash,Yes,2024,,South,,0,,Null,,,,,,Unknown,194300,0,0,0,2,,,0,,,,,,Auckland Region,Nil,1-way,Sealed,,0,0,,100,,Null,1,0,,76,Auckland,Nil,,,,,0,0,Open,1,,,Fine,Null
1744020.7006,5915079.8452,852507,,513013,0,,0,1,,Null,2022/2023,FOREST HILL ROAD,PARRS CROSS ROAD,,Minor Crash,No,2023,,South,,0,,Flat,,,,,,Overcast,281502,1,0,0,2,,,0,,,,,,Auckland Region,Nil,2-way,Sealed,,0,0,,50,,Off,0,0,,76,Auckland,Stop,,,,,0,0,Urban,1,,,Heavy rain,Strong wind
1750829.3949,5914230.4152,852523,35,514402,0,0,0,2,0,West,2022/2023,ALANBROOKE CRESCENT,STEDMAN PLACE,,Non-Injury Crash,No,2023,0,Null,0,0,0,Flat,0,,0,,0,Dark,381600,0,0,0,2,0,1,0,0,1,,0,0,Auckland Region,Nil,2-way,Sealed,0,0,0,0,50,0,On,0,0,30,76,Auckland,Nil,0,0,0,0,0,0,Urban,0,0,0,Fine,Null
1756207.8151,5927602.7902,852528,,507900,0,0,0,1,0,North,2023/2024,NORTHERN MOTORWAY,NORTHCOTE ROAD OFF RAMP,,Non-Injury Crash,Yes,2023,0,South,0,0,0,Flat,1,,0,,0,Dark,305202,0,0,0,3,0,0,0,0,0,,0,0,Auckland Region,Nil,1-way,Sealed,0,0,0,0,100,0,On,0,0,,76,Auckland,Nil,0,0,0,0,0,1,Open,0,0,0,Light rain,Null
1766971.2711,5903700.9964,852535,,524602,0,,0,2,,Null,2022/2023,DRUCES ROAD,WIRI STATION ROAD,,Non-Injury Crash,No,2023,,North,,0,,Flat,,,,,,Dark,780411,0,0,0,2,,,0,,,,,,Auckland Region,Nil,2-way,Sealed,,0,0,,60,,On,0,0,40,76,Auckland,Traffic Signals,,,,,0,0,Urban,0,,,Fine,Null
1754005.5754,5917220.5563,852536,,517600,0,,0,1,,Null,2024/2025,ST LUKES ROAD,NEW NORTH ROAD,,Minor Crash,No,2025,,South,,0,,Flat,,,,,,Overcast,534400,1,0,0,3,,,0,,,1,,,Auckland Region,Nil,1-way,Sealed,,0,0,,50,,On,0,0,,76,Auckland,Traffic Signals,,,,,0,0,Urban,0,,,Light rain,Null
1757328.6737,5943795.8988,852539,,505902,1,,0,0,,East,2023/2024,WHANGAPARAOA ROAD,SUNDOWN AVENUE,,Minor Crash,No,2023,,West,,0,,Hill Road,,,,,,Bright sun,174605,1,0,0,2,,,0,,,,,,Auckland Region,Nil,2-way,Sealed,,0,0,,50,,Off,0,0,30,76,Auckland,Nil,,,,,0,0,Urban,1,,,Fine,Null
1748076.8399,5912065.91,852543,,511901,1,,0,0,,Null,2023/2024,TITIRANGI ROAD,GOLF ROAD,,Serious Crash,No,2023,,North,,0,,Flat,,,,,,Overcast,292600,0,0,0,2,,,0,,,,,,Auckland Region,Bridge,2-way,Sealed,,0,1,,50,,Off,0,0,,76,Auckland,Give way,,,,,0,0,Urban,1,,,Fine,Null
1749513.1098,5915890.5631,852547,,514801,0,0,0,2,0,South,2022/2023,MAPLE STREET,AVONDALE ROAD,,Non-Injury Crash,No,2023,0,North,0,0,0,Flat,0,,0,,0,Overcast,387401,0,0,0,0,0,0,0,0,1,,0,0,Auckland Region,Nil,2-way,Sealed,0,0,0,0,50,0,Off,0,0,,76,Auckland,Nil,0,0,0,0,0,0,Urban,1,0,0,Fine,Null
1753716.4437,5936750.5292,852552,,506300,0,,0,1,,Null,2024/2025,LONELY TRACK ROAD,EAST COAST ROAD,,Non-Injury Crash,No,2024,,North,,0,,Null,,,,,,Bright sun,176106,0,0,0,2,,,0,,,,,,Auckland Region,Nil,2-way,Sealed,,0,0,,50,,On,1,0,,76,Auckland,Give way,,,,,0,0,Urban,0,,,Fine,Null
1718318.8321,5951956.4533,852556,,506642,0,0,0,0,0,South,2024/2025,SOUTH HEAD ROAD,WEBBER ROAD,,Non-Injury Crash,No,2024,0,North,0,0,0,Hill Road,0,,0,,0,Overcast,210201,0,0,0,2,0,0,0,0,0,,0,1,Auckland Region,Nil,2-way,Sealed,0,0,0,0,100,0,None,0,0,,76,Auckland,Nil,0,0,0,0,1,0,Open,0,0,0,Fine,Null
1766969.8329,5903703.1948,852565,,524602,0,,0,2,,Null,2023/2024,DRUCES ROAD,WIRI STATION ROAD,,Minor Crash,No,2023,,North,,0,,Flat,,,,,,Dark,780411,1,0,0,4,,,0,,,,,,Auckland Region,Nil,2-way,Sealed,,0,0,,50,,On,0,1,,76,Auckland,Traffic Signals,,,,,0,0,Urban,0,,,Light rain,Null
1751552.7877,5928302.7661,852569,,508411,0,0,0,1,0,West,2022/2023,MANUKA ROAD,LYNN ROAD,,Non-Injury Crash,No,2023,0,North,0,0,0,Flat,0,,0,,0,Dark,185200,0,0,0,2,0,0,0,0,0,,0,0,Auckland Region,Nil,2-way,Sealed,0,0,0,0,50,0,Off,0,0,,76,Auckland,Nil,0,0,0,1,0,0,Urban,0,0,0,Light rain,Strong wind
1769105.6059,5901965.4672,852571,,524901,0,,0,0,,Null,2022/2023,DENNIS AVENUE,GRANDE VUE ROAD,,Non-Injury Crash,No,2023,,North,,0,,Flat,,,,,,Dark,755900,0,0,1,2,,,0,,,,,,Auckland Region,Nil,2-way,Sealed,,0,0,,50,,Off,0,0,,76,Auckland,Give way,,,,,1,0,Urban,0,,,Fine,Null
1756530.0353,5919968.4258,852572,,514000,0,,0,1,,North,2024/2025,NORTHERN MOTORWAY,NORTH-WESTERN TO NORTHERN LINK,,Non-Injury Crash,Yes,2024,,North,,0,,Null,,,,,,Bright sun,417400,0,0,0,3,,,0,,,,,,Auckland Region,Nil,1-way,Sealed,,0,0,,80,,On,0,0,,76,Auckland,Nil,,,,,1,0,Open,0,,,Fine,Null
1759287.1142,5922686.4182,852575,,509500,0,0,0,3,0,West,2022/2023,CALLIOPE ROAD,WILLIAM BOND STREET,,Non-Injury Crash,No,2023,0,West,0,0,0,Flat,0,,0,,0,Dark,335300,0,0,0,2,0,0,0,0,1,,0,0,Auckland Region,Nil,2-way,Sealed,0,0,0,0,50,0,On,0,0,,76,Auckland,Nil,0,0,0,0,0,0,Urban,0,0,0,Fine,Null
1755702.4264,5916238.7364,852579,,518201,0,,0,2,,Null,2022/2023,BALMORAL ROAD,DOMINION ROAD,,Non-Injury Crash,No,2023,,East,,0,,Flat,,,,,,Bright sun,552700,0,0,0,3,,,0,,,,,,Auckland Region,Nil,1-way,Sealed,,0,0,,50,,Off,0,0,,76,Auckland,Traffic Signals,,,,,0,0,Urban,0,,,Fine,Null
1770957.9484,5905476.5513,852580,,523712,0,0,0,1,0,North,2024/2025,MURPHYS ROAD,MURPHYS PARK DRIVE,,Non-Injury Crash,No,2024,0,South,0,0,0,Flat,0,,0,,0,Dark,713300,0,0,0,2,0,0,0,0,0,,0,1,Auckland Region,Nil,2-way,Sealed,0,0,0,0,60,0,On,0,0,,76,Auckland,Nil,0,0,0,0,0,0,Urban,0,0,0,Fine,Null
1776389.9971,5895176.1353,852581,45,521301,0,0,0,1,0,East,2023/2024,HUNUA ROAD,DOMINION ROAD,,Minor Crash,No,2023,0,South,0,0,0,Hill Road,0,,0,,0,Dark,808001,1,0,0,2,0,0,0,0,0,,0,0,Auckland Region,Nil,2-way,Sealed,0,0,0,0,60,0,None,0,0,,76,Auckland,Nil,0,0,0,1,0,0,Urban,0,0,0,Fine,Null
1770486.7538,5878960.842,852595,,525922,0,0,0,1,0,North,2023/2024,BUCKLAND ROAD,MEADOWBROOK PLACE,,Minor Crash,No,2023,0,North,1,0,0,Flat,0,,0,,0,Dark,824301,1,0,0,2,0,0,0,0,0,,0,1,Auckland Region,Nil,2-way,Sealed,0,0,0,0,80,0,On,0,0,,76,Auckland,Nil,0,0,0,0,0,0,Open,0,0,0,Light rain,Null
1754135.1145,5931318.3877,852603,,508805,0,,0,3,,South,2022/2023,NORTHERN MOTORWAY,CONSTELLATION UNDERPASS,,Non-Injury Crash,Yes,2023,,South,,0,,Flat,,,,,,Overcast,180826,0,0,0,2,,,0,,,,,,Auckland Region,Nil,1-way,Sealed,,0,0,,100,,Off,0,0,,76,Auckland,Nil,,,,,0,0,Open,0,,,Fine,Null
1765938.747,5901518.6531,852604,,524604,0,,0,2,,Null,2023/2024,BROWNS ROAD,CHONNY CRESCENT,,Non-Injury Crash,No,2023,,East,,0,,Flat,,,,,,Dark,781302,0,0,0,3,,,0,,,,,,Auckland Region,Nil,2-way,Sealed,,0,0,,50,,On,0,0,,76,Auckland,Traffic Signals,,,,,0,0,Urban,0,,,Fine,Null
1756986.9202,5919357.4175,852608,,514200,1,,0,0,,Null,2023/2024,UPPER QUEEN STREET,CROSS STREET,,Minor Crash,No,2024,,North,,0,,Hill Road,,,,,,Overcast,412200,1,0,1,4,,,0,,,,,,Auckland Region,Nil,2-way,Sealed,,0,0,,30,,Null,0,0,,76,Auckland,Give way,,,,,0,0,Urban,0,,,Fine,Null
1751008.2105,5936002.0241,852613,,506300,0,0,0,1,0,South,2023/2024,ALBANY HEIGHTS ROAD,WRIGHT ROAD,,Minor Crash,No,2024,0,North,1,0,0,Flat,0,,0,,0,Bright sun,176101,1,0,0,2,0,0,0,0,0,,0,0,Auckland Region,Nil,2-way,Sealed,0,0,0,0,60,0,Off,0,0,,76,Auckland,Nil,0,0,0,1,0,0,Urban,0,0,0,Fine,Null
1751975.9806,5917891.2968,852623,,515001,0,,0,2,,Null,2023/2024,GREAT NORTH ROAD,GREAT NORTH ROAD OFF RAMP,,Minor Crash,No,2023,,North,,0,,Hill Road,,,,,,Overcast,392400,1,0,0,3,,,0,,,,,,Auckland Region,Motorway ramp,1-way,Sealed,,0,0,,50,,Off,0,1,,76,Auckland,Traffic Signals,,,,,0,0,Urban,0,,,Fine,Null
1767196.2244,5920031.308,852625,,516800,0,0,0,1,0,North,2023/2024,RIDDELL ROAD,PEACOCK STREET,,Non-Injury Crash,No,2023,0,South,0,0,0,Hill Road,1,,0,,0,Dark,514301,0,0,0,2,0,0,0,0,0,,0,1,Auckland Region,Nil,2-way,Sealed,0,0,0,0,50,0,On,0,0,,76,Auckland,Nil,0,0,0,0,0,0,Urban,0,0,0,Heavy rain,Null
1754216.1926,5914183.2741,852628,,518802,0,0,0,3,0,Null,2023/2024,STODDARD ROAD,DENNY AVENUE,,Non-Injury Crash,No,2023,0,West,0,0,0,Hill Road,0,,0,,0,Bright sun,579000,0,0,0,2,0,0,0,0,1,,0,0,Auckland Region,Nil,2-way,Sealed,0,0,0,0,50,0,None,0,0,,76,Auckland,Stop,0,0,0,0,0,0,Urban,0,0,0,Fine,Null
1745217.4724,5919010.7072,852629,,513302,0,,0,1,,North,2022/2023,LINCOLN ROAD,MOSELLE AVENUE,,Non-Injury Crash,No,2023,,North,,0,,Flat,,,,,,Overcast,232205,0,0,0,4,,,0,,,,,,Auckland Region,Nil,2-way,Sealed,,0,0,,50,,Off,1,0,,76,Auckland,Nil,,,,,0,0,Urban,0,,,Light rain,Null
1744493.3865,5920884.2908,852649,,513632,0,0,0,1,0,West,2022/2023,WAIMUMU ROAD,CHORLEY AVENUE,,Non-Injury Crash,No,2023,0,East,0,0,0,Flat,0,,0,,0,Dark,228400,0,0,0,2,0,0,0,0,0,,1,0,Auckland Region,Nil,2-way,Sealed,0,0,0,0,50,0,On,0,0,,76,Auckland,Nil,0,0,0,0,0,0,Urban,0,0,0,Mist or Fog,Null
1781470.9853,5926548.326,852653,,520801,0,0,0,1,0,North,2022/2023,OCEAN ROAD,KENNEDY ROAD,,Non-Injury Crash,No,2023,0,North,0,0,0,Flat,0,,0,,0,Dark,516701,0,0,0,2,0,0,0,0,0,,0,0,Auckland Region,Nil,2-way,Sealed,0,0,0,0,50,0,None,0,0,,76,Auckland,Nil,0,0,0,1,0,0,Urban,0,0,0,Heavy rain,Null
1763015.7899,5907200.7065,852660,,524301,0,,0,2,,West,2022/2023,HAIN AVENUE,WEDGWOOD AVENUE,,Non-Injury Crash,No,2023,,South,,0,,Flat,,,,,,Overcast,747804,0,0,0,2,,,0,,,,,,Auckland Region,Nil,2-way,Sealed,,0,0,,50,,Off,0,0,,76,Auckland,Nil,,,,,0,0,Urban,0,,,Light rain,Null
1756163.5106,5924032.2079,852664,,509800,0,,0,1,,North,2023/2024,NORTHERN MOTORWAY,WEIGH BRIDGE,,Non-Injury Crash,Yes,2023,,South,,0,,Flat,,,,,,Overcast,361100,0,0,0,5,,,0,,,,,,Auckland Region,Nil,1-way,Sealed,,0,0,,80,,Off,1,0,,76,Auckland,Nil,,,,,0,0,Open,0,,,Fine,Null
1764489.4809,5906567.4536,852673,,522201,0,0,0,1,0,South,2023/2024,WOOLFIELD ROAD,CORONATION ROAD,,Non-Injury Crash,No,2023,0,Null,0,0,0,Flat,0,,0,,0,Bright sun,661000,0,0,0,2,0,0,0,0,1,,0,0,Auckland Region,Nil,2-way,Sealed,0,0,0,0,50,0,Off,0,0,,76,Auckland,Nil,0,0,0,0,0,0,Urban,0,0,0,Fine,Null
1765021.1989,5910463.3427,852689,,521803,0,0,0,1,0,South,2023/2024,SOUTHERN MOTORWAY,PRINCES ST-OTAHUHU OFF RAMP,,Non-Injury Crash,Yes,2023,0,South,0,0,0,Flat,1,,0,,0,Dark,790000,0,0,0,3,0,0,0,0,0,,0,0,Auckland Region,Nil,1-way,Sealed,0,0,0,0,100,0,On,0,0,,76,Auckland,Nil,0,0,0,0,0,0,Open,0,0,0,Heavy rain,Null
1763834.2796,5906562.9575,852708,,524303,0,0,0,4,0,Null,2023/2024,STATION ROAD,PORTAGE ROAD,,Minor Crash,No,2023,0,West,0,0,0,Flat,0,,0,,0,Overcast,657300,1,0,0,2,0,0,0,0,1,,0,0,Auckland Region,Nil,1-way,Sealed,0,0,0,0,50,0,On,0,0,,76,Auckland,Give way,0,0,0,0,0,0,Urban,1,0,0,Light rain,Null
1759273.6695,5911760.1646,852720,,519820,0,,0,1,,Null,2022/2023,NEILSON STREET,GALWAY STREET,,Non-Injury Crash,No,2023,,West,,0,,Flat,,,,,,Dark,602401,0,0,0,4,,,0,,,,,,Auckland Region,Nil,2-way,Sealed,,0,0,,50,,On,0,0,,76,Auckland,Give way,,,,,1,0,Urban,0,,,Fine,Null
1740594.0783,5918842.9807,852724,,513101,0,0,0,1,0,West,2023/2024,SWANSON ROAD,CHURCH STREET,,Minor Crash,No,2023,0,East,0,0,0,Hill Road,0,Christmas New Year,0,,0,Dark,237600,3,0,0,2,0,0,0,0,0,,0,0,Auckland Region,Nil,2-way,Sealed,0,0,0,0,50,0,On,0,0,,76,Auckland,Nil,0,0,0,1,0,0,Urban,0,0,0,Heavy rain,Null
1745031.1679,5914116.1394,852728,,512905,0,,0,2,,North,2023/2024,PARRS CROSS ROAD,WEST COAST ROAD,,Non-Injury Crash,No,2023,,North,,0,,Flat,,,,,,Bright sun,278904,0,0,0,2,,,0,,,,,,Auckland Region,Nil,2-way,Sealed,,0,0,,50,,Off,0,0,,76,Auckland,Nil,,,,,0,0,Urban,0,,,Fine,Null
1760686.7514,5905930.1334,852749,,524200,0,,0,1,,North,2022/2023,REWARD PLACE,PUKAKI ROAD,,Minor Crash,No,2023,,North,,0,,Flat,,,,,,Overcast,728627,1,0,0,1,,,0,,,1,,,Auckland Region,Nil,1-way,Sealed,,0,0,,50,,On,0,0,,76,Auckland,Nil,,,,,0,0,Urban,0,,,Light rain,Null
1743859.5521,5913087.6844,852772,,512902,0,0,0,1,0,South,2023/2024,CARTER ROAD,WEST COAST ROAD,,Non-Injury Crash,No,2023,0,South,0,0,1,Flat,0,,0,,0,Bright sun,279500,0,0,0,0,0,0,0,0,0,,0,0,Auckland Region,Nil,2-way,Sealed,0,0,0,0,70,0,None,0,0,,76,Auckland,Nil,0,0,0,0,0,0,Urban,0,0,0,Fine,Null
1755650.2546,5928759.4016,852780,,508510,0,,0,0,,North,2023/2024,NORTHERN MOTORWAY,TRISTRAM AVENUE ON RAMP,,Minor Crash,Yes,2024,,South,,0,,Flat,,,,,,Bright sun,195700,1,0,1,2,,,0,,,,,,Auckland Region,Nil,1-way,Sealed,,0,0,,100,,Off,0,0,,76,Auckland,Nil,,,,,0,0,Open,0,,,Fine,Null
1778804.7254,5912912.326,852788,65,523300,0,,0,2,,North,2023/2024,WHITFORD MARAETAI ROAD,PUKERANGI RISE,,Fatal Crash,No,2024,,North,,1,,Hill Road,,,,,,Dark,718900,0,0,0,2,,,0,,,,,,Auckland Region,Nil,2-way,Sealed,,0,1,,80,,None,1,0,,76,Auckland,Nil,,,,,0,0,Open,0,,,Fine,Null
1761203.4226,5913121.0946,852808,,519500,0,,0,1,,Null,2023/2024,STATION ROAD,MAURICE ROAD,,Non-Injury Crash,No,2023,,West,,0,,Flat,,,,,,Overcast,621200,0,0,0,3,,,0,,,,,,Auckland Region,Nil,2-way,Sealed,,0,0,,50,,Off,1,0,,76,Auckland,Give way,,,,,0,0,Urban,0,,,Light rain,Strong wind
1768234.3314,5903664.6113,852820,,524602,0,,0,3,,Null,2023/2024,AIRPORT OFF RAMP,GREAT SOUTH ROAD OFF RAMP,,Non-Injury Crash,Yes,2023,,North,,0,,Flat,,,,,,Bright sun,780506,0,0,0,3,,,0,,,,,,Auckland Region,Motorway ramp,1-way,Sealed,,0,0,,100,,Off,0,0,,76,Auckland,Nil,,,,,0,0,Open,0,,,Fine,Null
1746571.4362,5915659.9221,852824,,511800,0,,0,2,,Null,2023/2024,GREAT NORTH ROAD,FELGROVE STREET,,Minor Crash,No,2024,,North,,0,,Flat,,,,,,Bright sun,276300,1,0,0,5,,,0,,,,,,Auckland Region,Nil,2-way,Sealed,,0,0,,50,,Off,0,0,,76,Auckland,Traffic Signals,,,,,0,0,Urban,0,,,Fine,Null
1769557.5494,5906684.4177,852836,,523712,0,0,0,1,0,Null,2023/2024,MICHAEL JONES DRIVE,CHAPEL ROAD,,Non-Injury Crash,No,2023,1,East,0,0,0,Flat,0,,0,,0,Overcast,712809,0,0,0,2,0,0,0,0,0,,0,0,Auckland Region,Nil,2-way,Sealed,0,0,0,0,50,0,None,0,0,,76,Auckland,Give way,0,0,0,0,0,0,Urban,0,0,0,Fine,Null
1733032.1906,5935361.9709,852839,,506653,0,,0,1,,West,2022/2023,OLD NORTH ROAD,TAYLOR ROAD,,Serious Crash,No,2023,,South,,0,,Hill Road,,,,,,Bright sun,217701,2,0,3,2,,,0,,,,,,Auckland Region,Nil,2-way,Sealed,,0,1,,80,,Off,0,0,,76,Auckland,Nil,,,,,0,0,Open,0,,,Fine,Null
1755421.6418,5915174.0479,852847,,518500,0,0,0,1,0,South,2022/2023,DOMINION ROAD,INVERMAY AVENUE,,Non-Injury Crash,No,2023,0,South,0,0,0,Flat,0,,0,,0,Bright sun,559900,0,0,0,2,0,0,0,0,1,,0,0,Auckland Region,Nil,2-way,Sealed,0,0,0,0,50,0,Off,1,0,,76,Auckland,Nil,0,0,0,0,0,0,Urban,0,0,0,Fine,Null
1764527.237,5910216.9814,852848,,521801,0,,0,3,,Null,2023/2024,HUTTON STREET,PRINCES STREET,,Minor Crash,No,2023,,South,,0,,Flat,,,,,,Overcast,787100,2,0,0,2,,,0,,,,,,Auckland Region,Nil,2-way,Sealed,,0,0,,50,,Off,0,0,,76,Auckland,Stop,,,,,0,0,Urban,0,,,Fine,Null
1744471.4538,5921999.8173,852864,,513530,0,0,0,0,0,North,2023/2024,NORTH-WESTERN MOTORWAY,ROYAL ROAD ON RAMP,,Non-Injury Crash,Yes,2023,0,South,0,0,0,Hill Road,1,,0,,0,Dark,225804,0,0,0,4,0,0,0,0,0,,0,0,Auckland Region,Nil,1-way,Sealed,0,0,0,0,100,0,On,0,0,90,76,Auckland,Nil,0,0,0,0,0,0,Open,1,0,0,Fine,Null
1765676.3931,5916634.8016,852875,,517100,0,0,0,2,0,Null,2022/2023,PT ENGLAND ROAD,PILKINGTON ROAD,,Non-Injury Crash,No,2023,0,East,0,0,1,Flat,0,,1,,0,Bright sun,477700,0,0,0,2,0,0,0,0,0,,0,0,Auckland Region,Nil,2-way,Sealed,0,0,0,0,50,0,Off,0,0,,76,Auckland,Stop,0,0,0,0,0,0,Urban,0,0,0,Fine,Null
1775204.39,5886795.1025,852876,,521132,0,0,0,4,0,South,2023/2024,SOUTHERN MOTORWAY,RAMARAMA OFF RAMP,,Non-Injury Crash,Yes,2024,2,North,0,0,0,Flat,1,,0,,0,Bright sun,814003,0,0,0,2,0,0,0,0,0,,0,0,Auckland Region,Nil,1-way,Sealed,0,0,0,0,100,0,Off,0,0,,76,Auckland,Nil,0,0,0,0,0,0,Open,0,0,0,Fine,Null
1770962.5396,5905493.0334,852879,,523713,0,,0,1,,North,2022/2023,MURPHYS ROAD,MURPHYS PARK DRIVE,,Non-Injury Crash,No,2023,,North,,0,,Flat,,,,,,Bright sun,713400,0,0,0,2,,,0,,,,,,Auckland Region,Nil,2-way,Sealed,,0,0,,80,,None,0,0,,76,Auckland,Nil,,,,,0,0,Open,1,,,Fine,Null
1767657.121,5907859.958,852892,,523502,0,,0,1,,Null,2023/2024,HILLS ROAD,CAREY PLACE,,Serious Crash,No,2023,,South,,0,,Flat,,Christmas New Year,,,,Overcast,704000,0,0,0,2,,,0,,,1,,,Auckland Region,Nil,2-way,Sealed,,0,1,,30,,Off,0,0,,76,Auckland,Give way,,,,,0,0,Urban,0,,,Fine,Null
1738361.1756,5919244.3658,852903,,513702,0,0,0,1,0,North,2022/2023,AWHIORANGI PROMENADE,RANGIMARIE ROAD,,Serious Crash,No,2023,0,East,0,0,1,Hill Road,0,,0,,0,Overcast,237203,2,0,0,0,0,0,0,0,0,,0,0,Auckland Region,Nil,2-way,Sealed,0,0,1,0,60,0,Off,0,0,,76,Auckland,Nil,0,0,0,1,0,0,Urban,0,0,0,Fine,Null
1768150.9721,5898672.3153,852912,,525102,0,0,0,1,0,North,2023/2024,WATTLE FARM ROAD,BLUEWATER PLACE,,Minor Crash,No,2024,0,North,0,0,0,Flat,0,,0,,0,Dark,769025,1,0,0,2,0,0,0,0,0,,0,0,Auckland Region,Nil,2-way,Sealed,0,0,0,0,50,0,On,0,0,,76,Auckland,Nil,0,0,0,1,0,0,Urban,0,0,0,Fine,Null
1745376.2816,5920376.2577,852917,,513301,0,,0,2,,Null,2022/2023,LINCOLN ROAD,TRIANGLE ROAD,,Minor Crash,No,2023,,North,,0,,Flat,,,,,,Twilight,231700,1,0,0,5,,,0,,,,,,Auckland Region,Nil,2-way,Sealed,,0,0,,50,,On,0,0,,76,Auckland,Traffic Signals,,,,,0,0,Urban,0,,,Fine,Null
1742969.3743,5918347.182,852932,,513214,0,,0,1,,Null,2023/2024,JILLIAN DRIVE,METCALFE ROAD,,Non-Injury Crash,No,2023,,East,,0,,Flat,,,,,,Dark,236500,0,0,0,2,,,0,,,,,,Auckland Region,Nil,2-way,Sealed,,0,0,,50,,Off,0,0,,76,Auckland,Give way,,,,,0,0,Urban,0,,,Light rain,Null
1747290.9504,5918985.7514,852935,,512402,0,0,0,2,0,South,2022/2023,JAEMONT AVENUE,HIGHLIGHT PARADE,,Non-Injury Crash,No,2023,0,South,0,0,0,Hill Road,0,,0,,0,Twilight,254200,0,0,0,2,0,0,0,0,1,,0,0,Auckland Region,Nil,2-way,Sealed,0,0,0,0,50,0,On,0,0,,76,Auckland,Nil,0,0,0,0,0,0,Urban,0,0,0,Fine,Null
1762641.3032,5906877.3564,852936,,524301,0,0,0,2,0,Null,2022/2023,BUCKLAND ROAD,RAGLAN STREET,,Non-Injury Crash,No,2023,0,South,0,0,0,Flat,0,,0,,0,Dark,746602,0,0,0,2,0,0,0,0,1,,0,1,Auckland Region,Nil,2-way,Sealed,0,0,0,0,50,0,On,0,0,,76,Auckland,Give way,0,0,0,0,0,0,Urban,0,0,0,Fine,Null
1755013.3766,5918476.2632,852940,,515420,0,0,0,1,0,East,2023/2024,GREAT NORTH ROAD,CRUMMER ROAD,,Serious Crash,No,2023,0,South,0,0,1,Hill Road,0,Christmas New Year,0,,0,Dark,404800,0,0,0,4,0,0,0,0,0,,0,0,Auckland Region,Nil,2-way,Sealed,0,0,1,0,50,0,On,0,0,,76,Auckland,Isolated Pedestrian signal (non-intersection),0,0,0,0,0,0,Urban,0,0,0,Light rain,Null
1764468.91,5912950.62,852941,,520500,0,,0,1,,Null,2022/2023,SOUTH-EASTERN HIGHWAY,CARBINE ROAD,,Minor Crash,No,2023,,East,,0,,Flat,,,,,,Overcast,639100,1,0,0,7,,,0,,,,,,Auckland Region,Nil,2-way,Sealed,,0,0,,50,,Off,1,0,,76,Auckland,Traffic Signals,,,,,0,0,Urban,0,,,Light rain,Null
1749933.8986,5914761.6926,852943,,511303,0,,0,2,,Null,2022/2023,RATA STREET,CUNARD STREET,,Non-Injury Crash,No,2023,,South,,0,,Flat,,Easter,,,,Bright sun,266502,0,0,0,4,,,0,,,,,,Auckland Region,Nil,2-way,Sealed,,0,0,,50,,Off,0,0,,76,Auckland,Give way,,,,,0,0,Urban,0,,,Fine,Null
1769105.8473,5881358.9839,852955,,525910,0,,0,2,,Null,2023/2024,STADIUM DRIVE,HALL STREET,,Minor Crash,No,2024,,West,,0,,Flat,,,,,,Bright sun,818700,1,0,0,2,,,0,,,,,,Auckland Region,Nil,2-way,Sealed,,0,0,,50,,Off,0,0,,76,Auckland,Give way,,,,,0,0,Urban,0,,,Fine,Null