X,Y,OBJECTID,advisorySpeed,areaUnitID,bicycle,bridge,bus,carStationWagon,cliffBank,crashDirectionDescription,crashFinancialYear,crashLocation1,crashLocation2,crashRoadSideRoad,crashSeverity,crashSHDescription,crashYear,debris,directionRoleDescription,ditch,fatalCount,fence,flatHill,guardRail,holiday,houseOrBuilding,intersection,kerb,light,meshblockId,minorInjuryCount,moped,motorcycle,NumberOfLanes,objectThrownOrDropped,otherObject,otherVehicleType,overBank,parkedVehicle,pedestrian,phoneBoxEtc,postOrPole,region,roadCharacter,roadLane,roadSurface,roadworks,schoolBus,seriousInjuryCount,slipOrFlood,speedLimit,strayAnimal,streetLight,suv,taxi,temporarySpeedLimit,tlaId,tlaName,trafficControl,trafficIsland,trafficSign,train,tree,truck,unknownVehicleType,urban,vanOrUtility,vehicle,waterRiver,weatherA,weatherB
1759211.0251,5908606.8254,852959,,524002,0,0,0,2,0,West,2022/2023,MILLER ROAD,MCKENZIE ROAD,,Non-Injury Crash,No,2023,0,East,0,0,0,Flat,0,,0,,0,Dark,724700,0,0,0,2,0,0,0,0,1,,0,0,Auckland Region,Nil,2-way,Sealed,0,0,0,0,50,0,On,0,0,,76,Auckland,Nil,0,0,0,0,0,0,Urban,0,0,0,Fine,Null
1769101.9922,5914378.3346,852961,,522721,0,,0,2,,Null,2022/2023,PAKURANGA ROAD,BELLS ROAD,,Minor Crash,No,2023,,West,,0,,Flat,,,,,,Overcast,681211,1,0,0,6,,,0,,,,,,Auckland Region,Nil,2-way,Sealed,,0,0,,50,,Off,0,0,,76,Auckland,Give way,,,,,0,0,Urban,0,,,Fine,Null
1750069.722,5914456.6353,852967,,511303,0,0,0,1,0,Null,2022/2023,DELTA AVENUE,VERONICA STREET,,Non-Injury Crash,No,2023,0,South,0,0,0,Flat,0,,0,,1,Overcast,265800,0,0,0,2,0,0,0,0,0,,0,0,Auckland Region,Nil,2-way,Sealed,0,0,0,0,50,0,On,0,0,,76,Auckland,Stop,0,1,0,0,0,0,Urban,0,0,0,Fine,Null
1752874.1967,5916606.7047,852968,,517901,0,,0,2,,Null,2024/2025,NEW NORTH ROAD,MOUNT ALBERT ROAD,,Minor Crash,No,2024,,East,,0,,Flat,,,,,,Bright sun,524800,1,0,0,3,,,0,,,,,,Auckland Region,Nil,2-way,Sealed,,0,0,,50,,On,0,0,,76,Auckland,Traffic Signals,,,,,0,0,Urban,0,,,Fine,Null
1743555.79,5923807.9818,852972,,513511,0,,0,2,,Null,2024/2025,FRED TAYLOR DRIVE,TAWHIA DRIVE,,Minor Crash,No,2024,,West,,0,,Flat,,,,,,Dark,224306,2,0,0,2,,,0,,,,,,Auckland Region,Nil,1-way,Sealed,,0,0,,50,,On,0,0,,76,Auckland,Traffic Signals,,,,,0,0,Urban,0,,,Fine,Null
1756955.5795,5926255.0446,852976,,509702,0,,0,4,,North,2023/2024,NORTHERN MOTORWAY,ESMONDE ROAD ON RAMP,,Minor Crash,Yes,2024,,North,,0,,Flat,,,,,,Dark,364602,2,0,0,4,,,0,,,,,,Auckland Region,Nil,1-way,Sealed,,0,0,,100,,On,1,0,,76,Auckland,Nil,,,,,0,0,Open,0,,,Fine,Null
1755523.1003,5944305.2198,852979,,505909,0,,0,1,,South,2023/2024,WHANGAPARAOA ROAD,MATAI ROAD,,Minor Crash,No,2023,,South,,0,,Hill Road,,,,,,Twilight,174007,1,1,0,2,,,0,,,,,,Auckland Region,Nil,2-way,Sealed,,0,0,,50,,Off,0,0,,76,Auckland,Nil,,,,,0,0,Urban,0,,,Fine,Null
1750686.3302,5946679.0593,852980,,505806,0,,0,1,,Null,2024/2025,HIBISCUS COAST HIGHWAY,MILLWATER PARKWAY,,Non-Injury Crash,No,2024,,North,,0,,Flat,,,,,,Bright sun,176504,0,0,0,2,,,0,,,,,,Auckland Region,Nil,1-way,Sealed,,0,0,,60,,Off,0,0,,76,Auckland,Traffic Signals,,,,,0,0,Urban,1,,,Light rain,Null
1743464.9364,5921162.8148,852987,,513631,0,0,0,2,0,East,2022/2023,WAIMUMU ROAD,DON BUCK ROAD,,Non-Injury Crash,No,2023,0,East,0,0,0,Flat,0,,0,,0,Dark,227301,0,0,0,2,0,0,0,0,1,,0,0,Auckland Region,Nil,2-way,Sealed,0,0,0,0,50,0,None,0,0,,76,Auckland,Nil,0,0,0,0,0,0,Urban,0,0,0,Fine,Null
1751678.1224,5888872.9531,852989,35,521122,0,0,0,1,0,West,2023/2024,TORKAR ROAD,CRISPE ROAD,,Minor Crash,No,2023,0,East,0,0,1,Flat,0,,0,,0,Dark,810606,1,0,0,1,0,1,0,0,0,,1,0,Auckland Region,Nil,2-way,Sealed,0,0,0,0,50,0,On,0,0,,76,Auckland,Nil,0,0,0,0,0,0,Urban,0,0,0,Fine,Null
1743920.623,5923634.2203,852995,,513511,0,,0,2,,Null,2023/2024,WESTGATE DRIVE,MAKI STREET,,Minor Crash,No,2023,,East,,0,,Flat,,,,,,Overcast,224306,1,0,0,2,,,0,,,,,,Auckland Region,Nil,2-way,Sealed,,0,0,,50,,Off,0,0,,76,Auckland,Give way,,,,,0,0,Urban,0,,,Fine,Null
1763000.7177,5912894.9862,852997,,520500,0,,0,1,,West,2023/2024,SOUTHERN MOTORWAY,MOUNT WELLINGTON HWY ON RAMP,,Non-Injury Crash,Yes,2023,,West,,0,,Flat,,,,,,Bright sun,637300,0,0,0,3,,,0,,,,,,Auckland Region,Nil,1-way,Sealed,,0,0,,100,,Off,0,0,,76,Auckland,Nil,,,,,0,0,Open,1,,,Fine,Null
1765440.7465,5901953.1156,852999,,524604,0,,0,2,,Null,2022/2023,ROSCOMMON ROAD,BOLDERWOOD PLACE,,Non-Injury Crash,No,2023,,South,,0,,Flat,,,,,,Bright sun,781302,0,0,0,2,,,0,,,,,,Auckland Region,Nil,2-way,Sealed,,0,0,,60,,Off,0,0,,76,Auckland,Give way,,,,,0,0,Urban,0,,,Fine,Null
1761225.4888,5912483.3136,853001,,519500,0,0,0,3,0,North,2022/2023,MAURICE ROAD,CHURCH STREET,,Non-Injury Crash,No,2023,0,North,0,0,0,Flat,0,,0,,0,Overcast,621900,0,0,0,2,0,0,0,0,1,,0,0,Auckland Region,Nil,2-way,Sealed,0,0,0,0,50,0,Off,0,0,,76,Auckland,Nil,0,0,0,0,0,0,Urban,0,0,0,Light rain,Null
1769898.4066,5900008.3116,853003,,523817,0,0,0,3,0,North,2022/2023,SOUTHERN MOTORWAY,TAKANINI OFF RAMP,,Non-Injury Crash,Yes,2023,0,South,0,0,0,Hill Road,1,,0,,0,Dark,759739,0,0,0,3,0,0,0,0,0,,0,0,Auckland Region,Nil,1-way,Sealed,0,0,0,0,100,0,On,0,0,,76,Auckland,Nil,0,0,0,0,0,0,Open,0,0,0,Fine,Null
1772421.0292,5893417.9988,853009,,521201,0,,0,2,,South,2023/2024,SOUTHERN MOTORWAY,PARK ESTATE OBR,,Minor Crash,Yes,2023,,North,,0,,Flat,,,,,,Overcast,806800,1,0,0,2,,,0,,,,,,Auckland Region,Nil,1-way,Sealed,,0,0,,100,,Off,0,0,80,76,Auckland,Nil,,,,,0,0,Open,1,,,Fine,Null
1779591.5321,5903268.143,853015,,525201,0,0,0,1,0,East,2022/2023,WEST ROAD,TYLDENS ROAD,,Non-Injury Crash,No,2023,0,East,1,0,0,Flat,0,,0,,0,Twilight,763201,0,0,0,2,0,0,0,0,0,,0,0,Auckland Region,Nil,2-way,Sealed,0,0,0,1,80,0,None,0,0,,76,Auckland,Nil,0,0,0,0,0,0,Open,0,0,0,Heavy rain,Null
1753647.3645,5929134.3872,853017,,508411,0,,0,2,,South,2023/2024,GLENFIELD ROAD,ST THOMAS MORE LANE,,Minor Crash,No,2023,,North,,0,,Flat,,,,,,Bright sun,184000,1,0,0,2,,,0,,,,,,Auckland Region,Nil,2-way,Sealed,,0,0,,50,,Off,0,0,,76,Auckland,Nil,,,,,0,0,Urban,0,,,Fine,Null
1762856.6869,5915495.4827,853023,,520302,0,0,0,1,0,East,2022/2023,MARUA ROAD,DRYDEN PLACE,,Non-Injury Crash,No,2023,0,West,0,0,0,Flat,0,,0,,0,Dark,625000,0,0,0,2,0,1,0,0,0,,0,1,Auckland Region,Nil,2-way,Sealed,0,0,0,0,50,0,On,0,0,,76,Auckland,Nil,0,0,0,0,0,0,Urban,0,0,0,Fine,Null
1753544.7692,5944070.9982,853032,,506002,0,,0,0,,North,2023/2024,DUCK CREEK ROAD,UPPER DUCK CREEK ROAD,,Non-Injury Crash,No,2024,,South,,0,,Flat,,,,,,Dark,175805,0,0,0,2,,,0,,,,,,Auckland Region,Nil,2-way,Sealed,,0,0,,50,,On,0,0,,76,Auckland,Nil,,,,,0,0,Urban,2,,,Fine,Null
1743376.5869,5923352.1068,853035,,513511,0,0,0,1,0,Null,2022/2023,DON BUCK ROAD,KAPIA ROAD,,Minor Crash,No,2023,0,South,0,0,0,Flat,0,,0,,0,Overcast,224307,1,0,1,2,0,0,0,0,0,,0,0,Auckland Region,Nil,2-way,Sealed,0,0,0,0,50,0,Off,0,0,,76,Auckland,Nil,1,0,0,0,0,0,Urban,0,0,0,Fine,Null
1766700.6327,5904329.5099,853036,,524604,0,0,0,1,0,South,2023/2024,LAMBIE DRIVE,RONWOOD AVENUE,,Non-Injury Crash,No,2024,0,South,0,0,0,Flat,0,,0,,0,Bright sun,780209,0,0,0,2,0,0,0,0,0,,0,0,Auckland Region,Nil,2-way,Sealed,0,0,0,0,50,0,Null,0,0,,76,Auckland,Nil,1,0,0,0,0,0,Urban,0,0,0,Fine,Null
1769112.9198,5889404.0741,853037,,521122,0,,0,0,,Null,2023/2024,KARAKA ROAD,BLACKBRIDGE ROAD,,Non-Injury Crash,Yes,2023,,North,,0,,Flat,,,,,,Overcast,810000,0,0,0,3,,,0,,,,,,Auckland Region,Nil,2-way,Sealed,,0,0,,80,,Off,2,0,,76,Auckland,Give way,,,,,0,0,Open,0,,,Fine,Null
1753565.7997,5914442.7298,853047,,518801,0,,0,3,,Null,2022/2023,MAIORO STREET,MAIORO STREET ON RAMP,,Non-Injury Crash,No,2023,,South,,0,,Flat,,,,,,Bright sun,578500,0,0,0,2,,,0,,,,,,Auckland Region,Overpass,1-way,Sealed,,0,0,,50,,Off,0,0,,76,Auckland,Traffic Signals,,,,,0,0,Urban,0,,,Fine,Null
1756245.5434,5933388.2278,853048,,507300,0,,0,0,,Null,2024/2025,ROSSMORE TERRACE,LYONS AVENUE,,Non-Injury Crash,No,2024,,East,,0,,Null,,,,,,Bright sun,153600,0,0,0,2,,,0,,,,,,Auckland Region,Nil,2-way,Sealed,,0,0,,30,,Null,1,0,,76,Auckland,Give way,,,,,0,1,Urban,0,,,Fine,Null
1761886.243,5909208.0815,853060,,524402,0,0,0,1,0,West,2023/2024,FAVONA ROAD,SAVILL DRIVE,,Non-Injury Crash,No,2023,0,West,0,0,0,Flat,0,,0,,0,Dark,749800,0,0,0,2,0,0,0,0,0,,0,1,Auckland Region,Nil,2-way,Sealed,0,0,0,0,60,0,On,0,0,,76,Auckland,Nil,0,0,0,0,0,0,Urban,0,0,0,Mist or Fog,Null
1756605.9449,5924763.3263,853063,,509702,0,,0,2,,North,2022/2023,NORTHERN MOTORWAY,ONEWA ROAD OFF RAMP,,Non-Injury Crash,Yes,2023,,South,,0,,Flat,,,,,,Dark,366602,0,0,0,4,,,0,,,,,,Auckland Region,Nil,2-way,Sealed,,0,0,,100,,On,0,0,,76,Auckland,Nil,,,,,0,0,Open,0,,,Fine,Null
1754702.0307,5924767.5827,853064,,510500,0,,0,2,,East,2023/2024,ONEWA ROAD,KAURI GLEN ROAD,,Non-Injury Crash,No,2023,,West,,0,,Hill Road,,,,,,Dark,356202,0,0,0,2,,,0,,,,,,Auckland Region,Nil,2-way,Sealed,,0,0,,50,,On,0,0,,76,Auckland,Nil,,,,,0,0,Urban,0,,,Fine,Null
1752163.425,5918609.0384,853068,,515001,0,,0,1,,South,2023/2024,POINT CHEVALIER ROAD,FORMBY AVENUE,,Non-Injury Crash,No,2023,,North,,0,,Flat,,,,,,Overcast,392800,0,0,0,2,,,0,,,1,,,Auckland Region,Nil,2-way,Sealed,,0,0,,50,,Off,0,0,,76,Auckland,Nil,,,,,0,0,Urban,0,,,Light rain,Null
1771572.0736,5913176.0189,853069,,523101,0,0,0,2,0,Null,2023/2024,WHITFORD ROAD,GILLETT PLACE,,Non-Injury Crash,No,2023,0,North,0,0,1,Hill Road,0,,0,,0,Dark,710905,0,0,0,2,0,0,0,0,0,,0,0,Auckland Region,Nil,2-way,Sealed,0,0,0,0,50,0,On,0,0,,76,Auckland,Give way,0,0,0,0,0,0,Urban,0,0,0,Fine,Null
1769921.9372,5909840.9116,853072,,523113,0,,0,2,,Null,2023/2024,TE IRIRANGI DRIVE,SMALES ROAD,,Minor Crash,No,2024,,North,,0,,Flat,,,,,,Bright sun,711813,2,0,0,4,,,0,,,,,,Auckland Region,Nil,1-way,Sealed,,0,0,,60,,Off,0,0,,76,Auckland,Traffic Signals,,,,,0,0,Urban,0,,,Fine,Null
1759554.4228,5909883.2167,853076,,524002,0,,0,1,,North,2024/2025,SOUTH-WESTERN MOTORWAY,HASTIE FTBR,,Minor Crash,Yes,2024,,North,,0,,Flat,,,,,,Bright sun,722400,1,0,1,4,,,0,,,,,,Auckland Region,Nil,1-way,Sealed,,0,0,,100,,Off,0,0,,76,Auckland,Nil,,,,,0,0,Open,0,,,Fine,Null
1758930.5215,5913205.371,853084,,519710,0,0,0,2,0,Null,2024/2025,MOUNT SMART ROAD,ONEHUNGA MALL,,Minor Crash,No,2024,0,East,0,0,0,Flat,0,,0,,0,Overcast,595700,1,0,0,2,0,0,0,0,0,,0,0,Auckland Region,Nil,2-way,Sealed,0,0,0,0,50,0,Off,0,0,,76,Auckland,Traffic Signals,0,1,0,0,0,0,Urban,0,0,0,Light rain,Null
1772565.5843,5896980.0359,853091,,525420,0,,0,2,,Null,2022/2023,PORCHESTER ROAD,OLD WAIROA ROAD,,Non-Injury Crash,No,2023,,South,,0,,Flat,,,,,,Bright sun,792601,0,0,0,2,,,0,,,,,,Auckland Region,Nil,2-way,Sealed,,0,0,,50,,Off,1,0,,76,Auckland,Give way,,,,,0,0,Urban,0,,,Fine,Null
1747693.929,5922571.1167,853093,,512202,0,0,0,1,0,Null,2022/2023,BEACH ROAD,WHARF ROAD,,Non-Injury Crash,No,2023,0,South,0,0,0,Flat,0,,0,,0,Dark,245700,0,0,0,2,0,0,0,0,0,,0,0,Auckland Region,Nil,2-way,Sealed,0,0,0,0,50,0,On,0,0,,76,Auckland,Nil,0,1,0,1,0,0,Urban,0,0,0,Fine,Null
1761665.8515,5913615.9471,853105,,519500,0,0,0,4,0,South,2023/2024,STATION ROAD,WALLS ROAD,,Minor Crash,No,2023,0,North,0,0,0,Flat,0,,0,,0,Bright sun,621600,1,0,0,2,0,0,0,0,1,,0,0,Auckland Region,Nil,2-way,Sealed,0,0,0,0,50,0,Off,0,0,,76,Auckland,Nil,0,0,0,0,0,0,Urban,1,0,0,Fine,Null
1755827.3823,5919497.2956,853111,,515420,0,0,0,1,0,South,2022/2023,POLLEN STREET,PONSONBY ROAD,,Non-Injury Crash,No,2023,0,West,0,0,0,Flat,1,,0,,0,Overcast,409200,0,0,0,1,0,0,0,0,0,,0,0,Auckland Region,Nil,1-way,Sealed,0,0,0,0,30,0,Off,0,0,,76,Auckland,Nil,0,0,0,0,0,0,Urban,0,0,0,Fine,Null
1764588.01,5911909.5486,853112,,520500,0,,0,3,,North,2023/2024,SOUTHERN MOTORWAY,EAST WEST LINK OFF RAMP,,Minor Crash,Yes,2024,,North,,0,,Flat,,,,,,Dark,639500,1,0,0,3,,,0,,,,,,Auckland Region,Nil,1-way,Sealed,,0,0,,100,,On,0,0,,76,Auckland,Nil,,,,,0,0,Open,0,,,Fine,Null
1754105.9299,5936585.0396,853113,,506902,0,0,0,1,0,North,2022/2023,KATE SHEPPARD AVENUE,GLENREAGH PLACE,,Non-Injury Crash,No,2023,0,East,0,0,0,Hill Road,0,,0,,0,Dark,166600,0,0,0,2,0,0,0,0,0,,0,0,Auckland Region,Nil,2-way,Sealed,0,0,0,0,50,0,On,0,0,,76,Auckland,Nil,0,0,0,1,0,0,Urban,0,0,0,Fine,Null
1759235.5972,5918626.0023,853128,,516101,0,0,0,6,0,West,2024/2025,BASSETT ROAD,HOBSON CIRCLE,,Non-Injury Crash,No,2024,0,East,0,0,0,Hill Road,0,,0,,0,Overcast,480500,0,0,0,2,0,0,0,0,3,,0,0,Auckland Region,Nil,2-way,Sealed,0,0,0,0,50,0,Off,0,0,,76,Auckland,Nil,0,0,0,0,0,0,Urban,0,0,0,Light rain,Null
1769229.5058,5893224.3007,853132,,521202,0,,0,2,,Null,2024/2025,WALTERS ROAD,LINWOOD ROAD,,Minor Crash,No,2024,,North,,0,,Flat,,,,,,Overcast,807000,1,0,0,2,,,0,,,,,,Auckland Region,Nil,2-way,Sealed,,0,0,,80,,Off,0,0,,76,Auckland,Give way,,,,,0,0,Open,0,,,Fine,Null
1755021.1204,5918473.846,853140,45,515420,0,0,0,2,1,West,2023/2024,GREAT NORTH ROAD,COLERIDGE STREET,,Non-Injury Crash,No,2024,0,North,0,0,0,Hill Road,0,,0,,0,Dark,404800,0,0,0,2,0,0,0,0,1,,0,0,Auckland Region,Nil,2-way,Sealed,0,0,0,0,50,0,On,0,0,,76,Auckland,Nil,0,0,0,0,0,0,Urban,0,0,0,Light rain,Null
1768497.9557,5900665.5127,853144,,525002,0,,0,0,,Null,2024/2025,WEYMOUTH ROAD,CHURCHILL AVENUE,,Minor Crash,No,2024,,West,,0,,Flat,,,,,,Bright sun,752900,1,0,1,2,,,0,,,,,,Auckland Region,Nil,2-way,Sealed,,0,0,,50,,Off,0,0,,76,Auckland,Give way,,,,,0,0,Urban,1,,,Fine,Null
1768077.5492,5900491.5511,853153,,525101,0,,0,2,,Null,2022/2023,WEYMOUTH ROAD,COXHEAD ROAD,,Minor Crash,No,2023,,East,,0,,Flat,,Christmas New Year,,,,Dark,771400,1,0,0,2,,,0,,,,,,Auckland Region,Nil,2-way,Sealed,,0,0,,50,,On,0,0,,76,Auckland,Give way,,,,,0,0,Urban,1,,,Fine,Null
1748707.7335,5934179.5533,853156,,506653,0,0,0,2,0,West,2023/2024,MAHOENUI VALLEY ROAD,O'BRIEN ROAD,,Minor Crash,No,2024,0,East,0,0,0,Hill Road,0,,0,,0,Bright sun,217500,1,0,0,2,0,0,0,0,1,,0,1,Auckland Region,Nil,2-way,Sealed,0,0,0,0,60,0,None,0,0,,76,Auckland,Nil,0,0,0,0,0,0,Urban,0,0,0,Fine,Null
1772280.8747,5893637.8205,853160,,521201,0,,0,3,,South,2023/2024,SOUTHERN MOTORWAY,PARK ESTATE OBR,,Minor Crash,Yes,2024,,North,,0,,Flat,,Christmas New Year,,,,Bright sun,806800,2,0,0,1,,,0,,,,,,Auckland Region,Nil,1-way,Sealed,,0,0,,80,,Off,0,0,,76,Auckland,Nil,,,,,0,1,Open,0,,,Fine,Null
1760122.4712,5906275.878,853164,,524111,0,0,0,4,0,East,2023/2024,MASSEY ROAD,THOMAS ROAD,,Non-Injury Crash,No,2023,0,West,0,0,0,Flat,0,,0,,0,Twilight,740902,0,0,0,2,0,0,0,0,1,,0,0,Auckland Region,Nil,2-way,Sealed,0,0,0,0,50,0,On,0,0,,76,Auckland,Nil,0,0,0,0,0,0,Urban,0,0,0,Fine,Null
1767453.6676,5904934.3118,853191,,524604,0,,0,0,,Null,2023/2024,TE IRIRANGI DRIVE,GREAT SOUTH ROAD,,Minor Crash,No,2023,,West,,0,,Flat,,,,,,Dark,780302,1,0,0,2,,,0,,,,,,Auckland Region,Nil,1-way,Sealed,,0,0,,60,,On,1,0,,76,Auckland,Traffic Signals,,,,,0,1,Urban,0,,,Light rain,Null
1763221.2173,5912839.123,853192,,520500,0,,0,1,,East,2023/2024,SOUTHERN MOTORWAY,SOUTH-EASTERN HWY OFF RAMP,,Non-Injury Crash,Yes,2023,,East,,0,,Hill Road,,,,,,Overcast,637400,0,0,0,3,,,0,,,,,,Auckland Region,Bridge,1-way,Sealed,,0,0,,100,,Null,0,0,,76,Auckland,Nil,,,,,0,0,Open,1,,,Light rain,Null
1769891.5077,5900941.0487,853199,,524902,0,,0,1,,South,2022/2023,SOUTHERN MOTORWAY,ALFRISTON OBR,,Minor Crash,Yes,2023,,North,,0,,Flat,,,,,,Bright sun,757700,1,0,0,3,,,0,,,,,,Auckland Region,Nil,1-way,Sealed,,0,0,,100,,Off,0,0,,76,Auckland,Nil,,,,,1,0,Open,0,,,Fine,Null
1751087.2965,5915762.4004,853200,,514401,0,,0,2,,Null,2023/2024,ASH STREET,GREAT NORTH ROAD,,Non-Injury Crash,No,2023,,North,,0,,Flat,,,,,,Overcast,381801,0,0,0,4,,,0,,,,,,Auckland Region,Nil,2-way,Sealed,,0,0,,50,,Off,0,0,,76,Auckland,Traffic Signals,,,,,0,0,Urban,0,,,Fine,Null
1768809.4003,5881105.0013,853201,,525910,0,0,0,1,0,Null,2022/2023,OFF ROAD - CAR PARK,,,Serious Crash,No,2023,0,West,0,0,0,Flat,0,,0,,0,Overcast,818800,0,0,0,,0,1,0,0,0,,0,0,Auckland Region,Nil,Off road,Sealed,0,0,1,0,,0,On,0,0,,76,Auckland,Nil,0,0,0,0,0,0,Urban,0,0,0,Fine,Null
1757126.5741,5919717.3962,853207,,514102,1,,0,1,,Null,2022/2023,QUEEN STREET,TURNER STREET,,Serious Crash,No,2023,,North,,0,,Hill Road,,,,,,Overcast,435201,1,0,0,2,,,0,,,,,,Auckland Region,Nil,2-way,Sealed,,0,1,,30,,Off,0,0,,76,Auckland,Give way,,,,,0,0,Urban,0,,,Heavy rain,Null
1773309.5756,5890346.6418,853216,,521301,0,,0,1,,North,2024/2025,SOUTHERN MOTORWAY,QUARRY OBR,,Minor Crash,Yes,2024,,North,,0,,Flat,,,,,,Overcast,809200,1,0,0,2,,,0,,,,,,Auckland Region,Nil,1-way,Sealed,,0,0,,100,,Off,0,0,,76,Auckland,Nil,,,,,0,0,Open,1,,,Fine,Null
1755325.2103,5921644.0794,853245,,515202,0,0,0,2,0,South,2022/2023,NORTHERN MOTORWAY,SHELLY BEACH OBR,,Minor Crash,Yes,2023,0,South,0,0,0,Hill Road,1,,0,,0,Bright sun,423600,1,0,0,5,0,0,0,0,0,,0,0,Auckland Region,Nil,1-way,Sealed,0,0,0,0,80,0,Off,0,0,,76,Auckland,Nil,0,0,0,0,0,0,Open,0,0,0,Light rain,Null
1772939.7442,5892141.4725,853252,,521301,0,0,0,1,0,South,2024/2025,CREEK STREET,BREMNER ROAD,,Non-Injury Crash,No,2024,0,South,0,0,0,Flat,0,,0,,0,Unknown,808701,0,0,0,2,0,0,0,0,1,,0,0,Auckland Region,Nil,2-way,Sealed,0,0,0,0,50,0,Null,0,0,,76,Auckland,Nil,0,0,0,0,0,0,Urban,1,0,0,Fine,Null
1780800.1351,5924404.7514,853261,,520801,0,,0,0,,South,2022/2023,DONALD BRUCE ROAD,KENNEDY POINT ROAD,,Non-Injury Crash,No,2023,,North,,0,,Flat,,,,,,Bright sun,516705,0,0,0,2,,,0,,,1,,,Auckland Region,Nil,2-way,Sealed,,0,0,,50,,Off,0,0,,76,Auckland,Nil,,,,,0,0,Urban,1,,,Fine,Null
1762935.3967,5917446.8362,853265,,516302,0,,0,2,,Null,2022/2023,ST JOHNS ROAD,GERARD WAY,,Non-Injury Crash,No,2023,,South,,0,,Flat,,,,,,Bright sun,462809,0,0,0,4,,,0,,,,,,Auckland Region,Nil,2-way,Sealed,,0,0,,50,,On,0,0,30,76,Auckland,Traffic Signals,,,,,0,0,Urban,0,,,Fine,Null
1766025.8973,5903796.3501,853275,,524604,0,0,0,1,0,West,2022/2023,SOUTH-WESTERN MOTORWAY,PLUNKET OBR,,Minor Crash,Yes,2023,0,East,0,0,0,Flat,1,,0,,0,Dark,780208,1,0,0,2,0,0,0,0,0,,0,0,Auckland Region,Nil,1-way,Sealed,0,0,0,0,100,0,On,0,0,,76,Auckland,Nil,0,0,0,0,0,0,Open,0,0,0,Heavy rain,Null
1771600.9922,5899346.8466,853280,,523911,0,,0,1,,Null,2022/2023,PORCHESTER ROAD,MANUROA ROAD,,Non-Injury Crash,No,2023,,North,,0,,Flat,,,,,,Bright sun,767002,0,0,0,2,,,0,,,,,,Auckland Region,Nil,2-way,Sealed,,0,0,,50,,Off,0,0,30,76,Auckland,Give way,,,,,0,0,Urban,1,,,Fine,Null
1755322.9654,5921601.5541,853284,,515202,0,,0,1,,South,2023/2024,NORTHERN MOTORWAY,SHELLY BEACH OBR,,Non-Injury Crash,Yes,2024,,North,,0,,Flat,,,,,,Bright sun,423600,0,0,0,4,,,0,,,,,,Auckland Region,Nil,1-way,Sealed,,0,0,,80,,Null,0,0,,76,Auckland,Nil,,,,,1,0,Open,0,,,Fine,Null
1769696.9299,5906516.7206,853285,,523713,0,,0,1,,Null,2022/2023,FLAT BUSH SCHOOL ROAD,KAWA DRIVE,,Serious Crash,No,2023,,West,,0,,Flat,,,,,,Dark,713100,0,0,0,2,,,0,,,,,,Auckland Region,Nil,2-way,Sealed,,0,1,,50,,None,0,0,,76,Auckland,Give way,,,,,0,1,Urban,0,,,Fine,Null
1748792.1124,5913269.6293,853287,,511401,0,0,0,1,0,Null,2023/2024,TITIRANGI ROAD,NORTHALL ROAD,,Minor Crash,No,2023,0,South,0,0,0,Flat,0,,0,,0,Dark,263801,1,0,0,2,0,0,0,0,0,,0,1,Auckland Region,Nil,2-way,Sealed,0,0,0,0,50,0,On,0,0,,76,Auckland,Stop,0,0,0,0,0,0,Urban,0,0,0,Fine,Null
1744797.9478,5914449.5986,853288,,512905,0,0,0,1,0,East,2023/2024,PARRS CROSS ROAD,ORATIA STM BR,,Non-Injury Crash,No,2023,0,West,0,0,0,Hill Road,1,,0,,0,Overcast,278903,0,0,0,2,0,0,0,0,0,,0,0,Auckland Region,Bridge,2-way,Sealed,0,0,0,0,50,0,Off,0,0,,76,Auckland,Nil,0,0,0,0,0,0,Urban,0,0,0,Light rain,Null
1745728.0004,5917226.6606,853295,,510700,0,,0,1,,Null,2022/2023,GREAT NORTH ROAD,EDSEL STREET,,Non-Injury Crash,No,2023,,East,,0,,Flat,,,,,,Overcast,240000,0,0,0,4,,,0,,,,,,Auckland Region,Nil,2-way,Sealed,,0,0,,50,,Off,0,0,,76,Auckland,Traffic Signals,,,,,0,0,Urban,1,,,Fine,Frost
1764116.5354,5918691.6203,853305,,516500,1,,0,1,,Null,2023/2024,JOHN RYMER PLACE,ALLUM STREET,,Minor Crash,No,2024,,West,,0,,Flat,,,,,,Bright sun,503402,1,0,0,2,,,0,,,,,,Auckland Region,Nil,2-way,Sealed,,0,0,,50,,Off,0,0,,76,Auckland,Traffic Signals,,,,,0,0,Urban,0,,,Fine,Null
1766748.8137,5908915.4543,853307,,523501,0,,0,1,,Null,2022/2023,OTARA ROAD,ALEXANDER CRESCENT,,Non-Injury Crash,No,2023,,North,,0,,Flat,,,,,,Overcast,700300,0,0,0,2,,,0,,,,,,Auckland Region,Nil,2-way,Sealed,,0,0,,50,,Off,0,0,,76,Auckland,Give way,,,,,1,0,Urban,0,,,Light rain,Null
1767434.6226,5900224.7718,853311,,524720,0,0,0,2,0,East,2023/2024,WEYMOUTH ROAD,GAINSBOROUGH STREET,,Non-Injury Crash,No,2023,0,East,0,0,0,Flat,0,,0,,0,Dark,776800,0,0,0,2,0,0,0,0,1,,0,0,Auckland Region,Nil,2-way,Sealed,0,0,0,0,50,0,On,0,0,,76,Auckland,Nil,0,0,0,0,0,0,Urban,0,0,0,Fine,Null