X,Y,OBJECTID,advisorySpeed,areaUnitID,bicycle,bridge,bus,carStationWagon,cliffBank,crashDirectionDescription,crashFinancialYear,crashLocation1,crashLocation2,crashRoadSideRoad,crashSeverity,crashSHDescription,crashYear,debris,directionRoleDescription,ditch,fatalCount,fence,flatHill,guardRail,holiday,houseOrBuilding,intersection,kerb,light,meshblockId,minorInjuryCount,moped,motorcycle,NumberOfLanes,objectThrownOrDropped,otherObject,otherVehicleType,overBank,parkedVehicle,pedestrian,phoneBoxEtc,postOrPole,region,roadCharacter,roadLane,roadSurface,roadworks,schoolBus,seriousInjuryCount,slipOrFlood,speedLimit,strayAnimal,streetLight,suv,taxi,temporarySpeedLimit,tlaId,tlaName,trafficControl,trafficIsland,trafficSign,train,tree,truck,unknownVehicleType,urban,vanOrUtility,vehicle,waterRiver,weatherA,weatherB
1760173.41,5903754.4322,853313,,524200,0,,0,2,,Null,2022/2023,TOM PEARCE DRIVE,JIMMY WARD CRESCENT,,Non-Injury Crash,No,2023,,East,,0,,Flat,,,,,,Dark,727200,0,0,0,1,,,0,,,,,,Auckland Region,Nil,1-way,Sealed,,0,0,,50,,On,0,0,,76,Auckland,Give way,,,,,0,0,Urban,0,,,Fine,Null
1763872.4528,5913813.6691,853323,,520303,0,,0,0,,Null,2022/2023,MOUNT WELLINGTON HIGHWAY,ROWLANDS AVENUE,,Serious Crash,No,2023,,South,,0,,Flat,,,,,,Dark,627700,0,0,0,4,,,0,,,1,,,Auckland Region,Nil,2-way,Sealed,,0,1,,50,,On,0,0,,76,Auckland,Give way,,,,,0,0,Urban,1,,,Fine,Null
1760049.6547,5916875.5377,853329,,516102,0,0,0,1,0,Null,2022/2023,REMUERA ROAD,GARDEN ROAD,,Minor Crash,No,2023,0,East,0,0,0,Flat,0,,0,,0,Dark,485100,1,0,0,4,0,0,0,0,0,,0,0,Auckland Region,Nil,2-way,Sealed,0,0,0,0,50,0,On,0,0,,76,Auckland,Traffic Signals,0,1,0,0,0,0,Urban,0,0,0,Light rain,Null
1760528.2952,5915238.8519,853336,,520202,0,,0,2,,Null,2023/2024,MAIN HIGHWAY,WALPOLE STREET,,Minor Crash,No,2023,,East,,0,,Flat,,,,,,Bright sun,613200,1,0,0,2,,,0,,,,,,Auckland Region,Nil,2-way,Sealed,,0,0,,50,,Off,0,0,,76,Auckland,Stop,,,,,0,0,Urban,0,,,Fine,Null
1766207.8373,5907454.046,853341,,522301,0,,0,1,,Null,2023/2024,EAST TAMAKI ROAD,EAST TAMAKI ROAD ON-OFF RAMP,,Minor Crash,No,2023,,North,,0,,Flat,,,,,,Overcast,666700,1,0,0,2,,,0,,,,,,Auckland Region,Nil,1-way,Sealed,,0,0,,60,,Off,1,0,,76,Auckland,Traffic Signals,,,,,0,0,Urban,0,,,Fine,Null
1748490.6896,5931070.5612,853356,55,509000,0,,0,2,,North,2023/2024,PAREMOREMO ROAD,HARDENS LANE,,Minor Crash,No,2024,,South,,0,,Flat,,,,,,Dark,179404,4,0,0,2,,,0,,,,,,Auckland Region,Nil,2-way,Sealed,,0,0,,80,,None,0,0,,76,Auckland,Nil,,,,,0,0,Open,0,,,Fine,Null
1767723.9213,5886734.9279,853360,,521122,0,,0,6,,North,2023/2024,PAERATA ROAD,WESLEY COLLEGE SOUTH,,Minor Crash,Yes,2024,,North,,0,,Hill Road,,,,,,Bright sun,812900,2,0,0,2,,,0,,,,,,Auckland Region,Nil,2-way,Sealed,,0,0,,80,,None,0,0,,76,Auckland,Nil,,,,,0,0,Open,0,,,Fine,Null
1765027.2381,5910498.1435,853361,35,521803,0,0,0,1,0,West,2023/2024,PRINCES ST-OTAHUHU OFF RAMP,FRANK GREY PLACE,,Minor Crash,No,2024,0,South,0,0,0,Flat,1,,0,,0,Dark,790000,1,0,0,1,0,0,0,0,0,,0,0,Auckland Region,Nil,1-way,Sealed,0,0,0,0,50,0,On,0,0,,76,Auckland,Nil,0,0,0,0,0,0,Urban,0,0,0,Fine,Null
1759808.6323,5916161.0189,853368,,516002,0,,0,3,,North,2023/2024,SOUTHERN MOTORWAY,GREEN LANE EAST OFF RAMP,,Minor Crash,Yes,2023,,South,,0,,Flat,,,,,,Bright sun,492000,1,0,0,3,,,0,,,,,,Auckland Region,Nil,1-way,Sealed,,0,0,,100,,Off,0,0,,76,Auckland,Nil,,,,,0,0,Open,0,,,Fine,Null
1744807.2396,5921363.7325,853372,,513530,0,0,0,2,0,North,2022/2023,NORTH-WESTERN MOTORWAY,HURUHURU OBR,,Non-Injury Crash,Yes,2023,0,South,0,0,0,Flat,1,,0,,0,Dark,226200,0,0,0,2,0,0,0,0,0,,0,0,Auckland Region,Nil,1-way,Sealed,0,0,0,0,100,0,On,0,0,,76,Auckland,Nil,0,0,0,0,0,0,Open,1,0,0,Fine,Null
1756294.4474,5916567.8591,853376,,518201,0,0,0,2,0,East,2022/2023,CROYDON ROAD,RARAWA STREET,,Non-Injury Crash,No,2023,0,East,0,0,0,Flat,0,,0,,0,Dark,549700,0,0,0,2,0,0,0,0,1,,0,0,Auckland Region,Nil,2-way,Sealed,0,0,0,0,50,0,Null,0,0,,76,Auckland,Nil,0,0,0,0,0,0,Urban,0,0,0,Fine,Null
1756773.9268,5920174.4666,853379,,514102,0,,0,0,,Null,2022/2023,NELSON STREET,COOK STREET,,Minor Crash,No,2023,,North,,0,,Hill Road,,,,,,Bright sun,434500,1,0,0,4,,,0,,,1,,,Auckland Region,Nil,1-way,Sealed,,0,0,,30,,Off,0,0,,76,Auckland,Traffic Signals,,,,,0,0,Urban,1,,,Fine,Null
1771269.1209,5898755.002,853380,,523912,0,0,0,1,0,Null,2023/2024,KAURI HEART AVENUE,FUSELAGE LANE,,Non-Injury Crash,No,2023,0,East,0,0,0,Flat,0,,0,,0,Bright sun,767400,0,0,0,2,0,0,0,0,1,,0,0,Auckland Region,Nil,2-way,Sealed,0,0,0,0,50,0,Off,1,0,,76,Auckland,Nil,0,0,0,0,0,0,Urban,0,0,0,Fine,Null
1748944.6242,5970756.5458,853381,,505500,0,,0,2,,Null,2022/2023,SANDSPIT ROAD,GREAT NORTH ROAD,,Non-Injury Crash,No,2023,,South,,0,,Flat,,,,,,Bright sun,140300,0,0,0,2,,,0,,,,,,Auckland Region,Nil,2-way,Sealed,,0,0,,50,,Off,0,0,,76,Auckland,Give way,,,,,0,0,Urban,0,,,Fine,Null
1770564.0138,5902297.9467,853399,,523819,0,0,0,2,0,North,2022/2023,HILL ROAD,MURRAYFIELD LANE,,Minor Crash,No,2023,0,North,0,0,0,Flat,0,,0,,0,Dark,760810,1,0,0,2,0,0,0,0,1,,0,0,Auckland Region,Nil,2-way,Sealed,0,0,0,0,50,0,On,0,0,,76,Auckland,Nil,0,0,0,0,0,0,Urban,0,0,0,Fine,Null
1766990.0896,5901947.5011,853400,,524602,0,,0,1,,Null,2023/2024,BROWNS ROAD,DALGETY DRIVE,,Non-Injury Crash,No,2023,,West,,0,,Flat,,,,,,Dark,780407,0,0,0,3,,,0,,,,,,Auckland Region,Nil,2-way,Sealed,,0,0,,50,,On,1,0,,76,Auckland,Traffic Signals,,,,,0,0,Urban,0,,,Light rain,Null
1766916.8328,5905446.2393,853408,,524603,0,,0,2,,East,2023/2024,PUHINUI ROAD,EDORVALE AVENUE,,Non-Injury Crash,No,2023,,East,,0,,Flat,,,,,,Dark,671700,0,0,0,2,,,0,,,,,,Auckland Region,Nil,2-way,Sealed,,0,0,,50,,On,0,0,,76,Auckland,Nil,,,,,0,0,Urban,0,,,Fine,Null
1751584.6205,5931955.3464,853412,,508807,0,,0,2,,North,2023/2024,WILLIAM PICKERING DRIVE,DOUGLAS ALEXANDER PARADE,,Minor Crash,No,2023,,South,,0,,Flat,,,,,,Overcast,180301,1,0,0,2,,,0,,,,,,Auckland Region,Nil,2-way,Sealed,,0,0,,50,,Off,0,0,,76,Auckland,Nil,,,,,0,0,Urban,0,,,Fine,Null
1758041.4223,5917409.6398,853416,,515700,0,,0,2,,Null,2023/2024,GILLIES AVENUE,SILVER ROAD,,Minor Crash,No,2024,,South,,0,,Flat,,,,,,Bright sun,443500,2,0,0,4,,,0,,,,,,Auckland Region,Nil,2-way,Sealed,,0,0,,50,,Off,0,0,,76,Auckland,Give way,,,,,0,0,Urban,0,,,Fine,Null
1757759.858,5918218.0097,853419,,515700,0,,0,1,,South,2022/2023,SOUTHERN MOTORWAY,MOUNTAIN OBR,,Non-Injury Crash,Yes,2023,,North,,0,,Hill Road,,,,,,Overcast,443600,0,0,0,4,,,0,,,,,,Auckland Region,Underpass,1-way,Sealed,,0,0,,80,,Off,0,0,,76,Auckland,Nil,,,,,1,0,Open,0,,,Fine,Null
1754879.3237,5914249.0217,853427,,518803,1,,0,1,,North,2022/2023,MAY ROAD,MEMORIAL AVENUE,,Minor Crash,No,2023,,North,,0,,Flat,,,,,,Overcast,580000,1,0,0,2,,,0,,,,,,Auckland Region,Nil,2-way,Sealed,,0,0,,50,,Off,0,0,,76,Auckland,Isolated Pedestrian signal (non-intersection),,,,,0,0,Urban,0,,,Heavy rain,Null
1772612.3473,5896725.5032,853428,,525420,0,0,0,1,0,East,2023/2024,O'SHANNESSEY STREET,GREAT SOUTH ROAD,,Non-Injury Crash,No,2023,0,West,0,0,0,Flat,0,,0,,0,Dark,792800,0,0,0,2,0,1,0,0,0,,0,0,Auckland Region,Nil,2-way,Sealed,0,0,0,0,50,0,On,0,0,,76,Auckland,Nil,0,0,0,0,0,0,Urban,1,0,0,Fine,Null
1738199.06,5963225.8413,853429,,506613,0,,0,1,,East,2022/2023,WEST COAST ROAD,AHUROA ROAD,,Non-Injury Crash,No,2023,,West,,0,,Flat,,,,,,Bright sun,146600,0,0,0,1,,,0,,,,,,Auckland Region,Bridge,2-way,Sealed,,0,0,,100,,None,0,0,,76,Auckland,Give way,,,,,1,0,Open,0,,,Fine,Null
1740394.9741,5926189.0763,853437,,513701,0,0,0,2,0,Null,2023/2024,TAUPAKI ROAD,NIXON ROAD,,Minor Crash,No,2023,0,South,1,0,0,Flat,0,,0,,0,Dark,229400,2,0,0,2,0,0,0,0,0,,0,0,Auckland Region,Nil,2-way,Sealed,0,0,0,0,60,0,On,0,0,,76,Auckland,Give way,0,0,0,0,0,0,Urban,0,0,0,Light rain,Null
1754919.1591,5913386.1523,853441,,518803,0,,0,1,,South,2023/2024,DOMINION ROAD,DOMINION ROAD,,Minor Crash,No,2023,,North,,0,,Flat,,,,,,Dark,582100,1,0,0,2,,,0,,,,,,Auckland Region,Nil,2-way,Sealed,,0,0,,50,,On,0,0,,76,Auckland,Nil,,,,,0,0,Urban,1,,,Fine,Null
1762186.857,5913640.6537,853444,,520500,0,,0,2,,South,2024/2025,SOUTHERN MOTORWAY,PENROSE OBR,,Non-Injury Crash,Yes,2024,,North,,0,,Flat,,,,,,Overcast,637100,0,0,0,3,,,0,,,,,,Auckland Region,Nil,1-way,Sealed,,0,0,,100,,Off,0,0,,76,Auckland,Nil,,,,,0,0,Open,0,,,Fine,Null
1767906.5323,5899729.7082,853480,,525101,0,,0,1,,Null,2024/2025,FRIEDLANDERS ROAD,CLAYMORE STREET,,Minor Crash,No,2024,,North,,0,,Flat,,,,,,Overcast,772000,1,0,0,2,,,0,,,1,,,Auckland Region,Nil,2-way,Sealed,,0,0,,50,,Off,0,0,,76,Auckland,Give way,,,,,0,0,Urban,0,,,Light rain,Null
1770169.6261,5915403.5143,853485,,522712,1,,0,1,,North,2022/2023,MINARET DRIVE,MALVINA PLACE,,Minor Crash,No,2023,,North,,0,,Hill Road,,,,,,Twilight,680900,1,0,0,2,,,0,,,,,,Auckland Region,Nil,2-way,Unsealed,,0,0,,50,,On,0,0,,76,Auckland,Nil,,,,,0,0,Urban,0,,,Fine,Null
1749540.6378,5914147.4753,853496,,511302,0,,0,2,,Null,2024/2025,RATA STREET,RIMU STREET,,Minor Crash,No,2025,,North,,0,,Hill Road,,,,,,Bright sun,268800,1,0,0,4,,,0,,,,,,Auckland Region,Nil,2-way,Sealed,,0,0,,50,,Off,0,0,,76,Auckland,Traffic Signals,,,,,0,0,Urban,0,,,Fine,Null
1777246.4184,5894684.2339,853500,,521301,0,0,0,1,1,West,2024/2025,HUNUA ROAD,HAYS CREEK ROAD,,Minor Crash,No,2025,0,West,0,0,0,Hill Road,0,,0,,0,Dark,808001,1,0,0,2,0,0,0,0,0,,0,0,Auckland Region,Nil,2-way,Sealed,0,0,0,0,60,0,None,0,0,,76,Auckland,Nil,0,0,0,0,0,0,Urban,0,0,0,Fine,Null
1757254.4736,5920797.7845,853504,,514102,0,,0,1,,Null,2022/2023,FEDERAL STREET,SWANSON STREET,,Non-Injury Crash,No,2023,,West,,0,,Hill Road,,,,,,Bright sun,433101,0,0,0,2,,,0,,,,,,Auckland Region,Nil,2-way,Sealed,,0,0,,30,,None,0,0,,76,Auckland,Traffic Signals,,,,,0,0,Urban,1,,,Fine,None
1749467.4912,5957494.3242,853528,,506613,0,0,0,1,0,Null,2023/2024,PUHOI ROAD,SH 1,,Non-Injury Crash,No,2024,0,East,0,0,0,Hill Road,1,,0,,0,Bright sun,147000,0,0,0,2,0,0,0,0,0,,0,0,Auckland Region,Motorway ramp,2-way,Sealed,0,0,0,0,80,0,On,0,0,,76,Auckland,Give way,0,0,0,0,0,0,Open,0,0,0,Fine,Null
1756570.2952,5926851.7007,853540,,507900,0,,0,4,,South,2023/2024,NORTHERN MOTORWAY,NORTHCOTE ROAD ON RAMP,,Non-Injury Crash,Yes,2024,,South,,0,,Flat,,,,,,Bright sun,303902,0,0,0,3,,,0,,,,,,Auckland Region,Nil,1-way,Sealed,,0,0,,100,,Off,0,0,,76,Auckland,Nil,,,,,0,0,Open,0,,,Fine,Null
1747008.1416,5919145.3067,853543,,512402,0,,0,1,,North,2023/2024,TE ATATU ROAD,JAEMONT AVENUE,,Serious Crash,No,2023,,South,,0,,Flat,,,,,,Bright sun,254400,0,1,0,5,,,0,,,,,,Auckland Region,Nil,2-way,Sealed,,0,1,,50,,Off,0,0,,76,Auckland,Nil,,,,,0,0,Urban,0,,,Fine,Null
1756272.5874,5920863.1763,853547,,514101,0,0,0,0,0,North,2022/2023,NORTHERN MOTORWAY,FANSHAWE OBR,,Minor Crash,Yes,2023,0,South,0,0,0,Flat,1,,0,,0,Dark,432400,1,0,0,4,0,0,0,0,0,,0,0,Auckland Region,Overpass,1-way,Sealed,0,0,0,0,80,0,On,0,0,,76,Auckland,Nil,0,0,0,0,0,0,Open,1,0,0,Fine,Null
1752838.651,5934720.3824,853548,,508701,0,,0,2,,Null,2023/2024,CORNERSTONE DRIVE,KAIPIHO LANE,,Non-Injury Crash,No,2024,,South,,0,,Flat,,,,,,Twilight,179000,0,0,0,3,,,0,,,,,,Auckland Region,Nil,2-way,Sealed,,0,0,,50,,On,0,0,,76,Auckland,Give way,,,,,0,0,Urban,0,,,Fine,Null
1767984.788,5906845.115,853551,,523711,0,,0,0,,Null,2023/2024,DAWSON ROAD,RONGOMAI ROAD,,Minor Crash,No,2023,,South,,0,,Flat,,,,,,Bright sun,714100,1,0,0,2,,,0,,,1,,,Auckland Region,Nil,2-way,Sealed,,0,0,,50,,Off,0,0,,76,Auckland,Stop,,,,,0,0,Urban,0,,,Fine,Null
1765049.5877,5908249.3452,853552,,523404,0,0,0,1,0,East,2023/2024,BAIRDS ROAD,GREAT SOUTH ROAD,,Non-Injury Crash,No,2024,0,East,0,0,0,Flat,0,,0,,0,Twilight,696701,0,0,0,2,0,0,0,0,0,,0,1,Auckland Region,Nil,2-way,Sealed,0,0,0,0,50,0,Off,0,0,30,76,Auckland,Nil,0,0,0,0,0,0,Urban,0,0,0,Light rain,Null
1757125.8747,5916151.0535,853553,,518202,0,0,0,3,0,West,2022/2023,WINDMILL ROAD,HASBURY AVENUE,,Non-Injury Crash,No,2023,0,North,0,0,0,Flat,0,,0,,0,Dark,551402,0,0,0,2,0,0,0,0,1,,0,1,Auckland Region,Nil,2-way,Sealed,0,0,0,0,50,0,On,0,0,,76,Auckland,Nil,0,0,0,0,0,0,Urban,0,0,0,Light rain,Null
1742060.004,5916652.9331,853556,,513020,0,,0,0,,South,2024/2025,CANDIA ROAD,SIMPSON ROAD,,Minor Crash,No,2024,,South,,0,,Hill Road,,,,,,Overcast,279800,1,0,0,2,,,0,,,,,,Auckland Region,Nil,2-way,Sealed,,0,0,,70,,Off,0,0,,76,Auckland,Nil,,,,,1,0,Urban,1,,,Light rain,Null
1744950.644,5914040.9872,853560,,512905,0,,0,1,,Null,2023/2024,WEST COAST ROAD,GLENGARRY ROAD,,Non-Injury Crash,No,2024,,West,,0,,Flat,,Queens Birthday,,,,Dark,278906,0,0,0,2,,,0,,,,,,Auckland Region,Nil,2-way,Sealed,,0,0,,50,,On,0,0,,76,Auckland,Give way,,,,,0,1,Urban,0,,,Fine,Null
1767196.9176,5920010.6088,853561,,516800,0,,0,1,,North,2023/2024,RIDDELL ROAD,PEACOCK STREET,,Minor Crash,No,2023,,South,,0,,Flat,,,,,,Overcast,514301,1,1,0,2,,,0,,,,,,Auckland Region,Nil,2-way,Sealed,,0,0,,50,,Off,0,0,,76,Auckland,Nil,,,,,0,0,Urban,0,,,Fine,Null
1778943.4519,5927327.3668,853563,,520801,0,,0,0,,North,2023/2024,MAKO STREET,CHURCH BAY ROAD,,Serious Crash,No,2023,,East,,0,,Flat,,,,,,Bright sun,516010,0,0,0,2,,,0,,,1,,,Auckland Region,Nil,2-way,Sealed,,0,1,,50,,Off,1,0,,76,Auckland,Nil,,,,,0,0,Urban,0,,,Fine,Null
1759083.4858,5916667.8488,853564,,516001,0,,0,2,,Null,2023/2024,MARKET ROAD,GREAT SOUTH ROAD,,Non-Injury Crash,No,2024,,South,,0,,Flat,,,,,,Dark,491302,0,0,0,5,,,0,,,,,,Auckland Region,Nil,2-way,Sealed,,0,0,,50,,On,0,0,,76,Auckland,Traffic Signals,,,,,0,0,Urban,0,,,Fine,Null
1749929.03,5916647.0087,853565,,514801,0,0,0,1,0,Null,2023/2024,ROSEBANK ROAD,JOMAC PLACE,,Minor Crash,No,2023,0,West,0,0,0,Flat,0,,0,,0,Dark,388700,1,0,0,5,0,0,0,0,0,,0,1,Auckland Region,Nil,2-way,Sealed,0,0,0,0,50,0,Off,0,0,,76,Auckland,Traffic Signals,0,1,0,0,0,0,Urban,0,0,0,Fine,Null
1753064.8856,5914760.6639,853587,,514500,0,,0,1,,North,2022/2023,SH 20,MAIORO STREET OFF RAMP,,Non-Injury Crash,Yes,2023,,East,,0,,Hill Road,,,,,,Bright sun,377302,0,0,0,3,,,0,,,,,,Auckland Region,Motorway ramp,1-way,Sealed,,0,0,,80,,Off,0,0,50,76,Auckland,Nil,,,,,1,0,Open,0,,,Fine,Null
1757745.1413,5918230.3443,853588,,515700,0,,0,3,,West,2024/2025,SOUTHERN MOTORWAY,MOUNTAIN OBR,,Minor Crash,Yes,2024,,West,,0,,Flat,,,,,,Bright sun,443600,1,0,0,4,,,0,,,,,,Auckland Region,Overpass,1-way,Sealed,,0,0,,80,,Off,0,0,,76,Auckland,Nil,,,,,0,0,Open,0,,,Fine,Null
1769184.9323,5905157.5715,853589,,523721,0,0,0,1,0,Null,2023/2024,ASPIRING AVENUE,MATTHEWS ROAD,,Minor Crash,No,2023,0,East,0,0,0,Flat,0,,0,,0,Dark,715609,1,0,0,2,0,0,0,0,0,,0,0,Auckland Region,Nil,2-way,Sealed,0,0,0,0,50,0,On,1,0,,76,Auckland,Give way,1,0,0,0,0,0,Urban,0,0,0,Light rain,Null
1751169.2924,5914649.5218,853591,,514402,1,,0,1,,North,2023/2024,ST GEORGES ROAD,POROWHITA ROAD,,Minor Crash,No,2024,,South,,0,,Flat,,,,,,Overcast,379200,1,0,0,2,,,0,,,,,,Auckland Region,Nil,2-way,Sealed,,0,0,,50,,Off,0,0,,76,Auckland,Nil,,,,,0,0,Urban,0,,,Fine,Null
1770118.2899,5917014.082,853592,,522601,0,,0,2,,Null,2023/2024,BUCKLANDS BEACH ROAD,SEA SPRAY DRIVE,,Non-Injury Crash,No,2023,,North,,0,,Hill Road,,,,,,Bright sun,676602,0,0,0,2,,,0,,,,,,Auckland Region,Nil,2-way,Sealed,,0,0,,50,,Off,0,0,,76,Auckland,Stop,,,,,0,0,Urban,0,,,Fine,Null
1754439.2325,5919301.0619,853593,,515410,0,0,0,1,0,Null,2022/2023,RICHMOND ROAD,CASTLE STREET,,Non-Injury Crash,No,2023,0,North,0,0,0,Flat,0,,0,,0,Dark,403600,0,0,0,2,0,0,0,0,0,,0,0,Auckland Region,Nil,2-way,Sealed,0,0,0,0,50,0,On,0,0,,76,Auckland,Give way,0,0,0,1,0,0,Urban,0,0,0,Light rain,Null
1752891.1764,5915927.1666,853604,,517903,0,0,0,1,0,Null,2023/2024,WESTON AVENUE,DOUGLAS AVENUE,,Non-Injury Crash,No,2024,0,North,0,0,0,Flat,0,,1,,0,Bright sun,520600,0,0,0,2,0,0,0,0,0,,0,0,Auckland Region,Nil,2-way,Sealed,0,0,0,0,50,0,None,0,0,,76,Auckland,Nil,0,0,0,0,0,0,Urban,0,0,0,Fine,Null
1739812.8754,5977359.1781,853605,65,506660,0,0,0,0,0,South,2023/2024,SH 1,HOTEO RIV BR,,Non-Injury Crash,Yes,2023,0,South,0,0,0,Flat,1,,0,,0,Dark,136700,0,0,0,2,0,0,0,0,0,,0,0,Auckland Region,Nil,2-way,Sealed,0,0,0,0,80,0,None,0,0,,76,Auckland,Nil,0,0,0,0,0,1,Open,0,0,0,Fine,Null
1756652.1584,5919129.0625,853612,,514200,0,0,0,0,0,North,2024/2025,SOUTHERN TO NORTH-WESTERN LINK,NORTH-WESTERN MOTORWAY,,Minor Crash,Yes,2024,0,West,0,0,0,Hill Road,0,,0,,0,Overcast,412900,1,0,0,1,0,0,0,0,0,,0,0,Auckland Region,Motorway ramp,1-way,Sealed,0,0,0,0,80,0,On,0,0,,76,Auckland,Nil,0,0,0,1,1,0,Open,0,0,0,Fine,Null
1743947.1007,5924009.4959,853623,,513511,0,,0,2,,Null,2022/2023,FRED TAYLOR DRIVE,HOBSONVILLE ROAD,,Minor Crash,No,2023,,South,,0,,Flat,,,,,,Twilight,224306,1,0,0,2,,,0,,,,,,Auckland Region,Motorway ramp,2-way,Sealed,,0,0,,60,,On,0,0,50,76,Auckland,Give way,,,,,0,0,Urban,0,,,Fine,Null
1762564.2037,5913300.3943,853637,,520402,0,0,0,1,0,East,2023/2024,ARANUI ROAD,PORTMAN ROAD,,Minor Crash,No,2024,0,West,0,0,0,Hill Road,0,,0,,0,Bright sun,642300,1,0,0,2,0,0,0,0,1,,0,0,Auckland Region,Nil,2-way,Sealed,0,0,0,0,50,0,Off,0,0,,76,Auckland,Nil,0,0,0,0,1,0,Urban,1,0,0,Fine,Null
1755860.2991,5919527.4721,853644,,514000,0,,0,1,,Null,2023/2024,PONSONBY ROAD,POLLEN STREET,,Minor Crash,No,2024,,South,,0,,Flat,,,,,,Overcast,414500,1,0,0,4,,,0,,,1,,,Auckland Region,Nil,2-way,Sealed,,0,0,,40,,Off,0,0,,76,Auckland,Nil,,,,,0,0,Urban,0,,,Fine,Null
1758256.4605,5920207.2901,853648,,514103,0,,0,1,,Null,2023/2024,BEACH ROAD,THE STRAND,,Non-Injury Crash,No,2023,,East,,0,,Flat,,,,,,Overcast,438203,0,0,0,4,,,0,,,,,,Auckland Region,Nil,2-way,Sealed,,0,0,,30,,Off,0,0,,76,Auckland,Traffic Signals,,,,,1,0,Urban,0,,,Fine,Null
1757681.1113,5918285.5298,853652,,518101,0,,0,2,,South,2024/2025,SOUTHERN MOTORWAY,KHYBER PASS ROAD OFF RAMP,,Non-Injury Crash,Yes,2024,,North,,0,,Flat,,,,,,Overcast,543000,0,0,0,4,,,0,,,,,,Auckland Region,Nil,1-way,Sealed,,0,0,,80,,Off,0,0,,76,Auckland,Nil,,,,,0,0,Open,0,,,Fine,Null
1780720.3175,5926899.6889,853660,,520801,0,,0,1,,North,2024/2025,FRANK STREET,HEKERUA ROAD,,Minor Crash,No,2025,,East,,0,,Hill Road,,,,,,Dark,516509,1,0,0,2,,,0,,,1,,,Auckland Region,Nil,2-way,Sealed,,0,0,,30,,None,0,0,,76,Auckland,Nil,,,,,0,0,Urban,0,,,Fine,Null
1753663.8968,5914557.282,853661,,518801,0,0,0,1,0,Null,2022/2023,MAIORO STREET,STODDARD ROAD,,Non-Injury Crash,No,2023,1,North,0,0,0,Flat,0,,0,,1,Overcast,578500,0,0,0,5,0,0,0,0,0,,1,0,Auckland Region,Nil,2-way,Sealed,0,0,0,0,50,0,Off,0,0,,76,Auckland,Traffic Signals,0,0,0,0,0,0,Urban,0,0,0,Light rain,Null
1766198.067,5899715.1125,853664,,524822,0,,0,1,,West,2024/2025,PALMERS ROAD,WEYMOUTH ROAD,,Non-Injury Crash,No,2024,,East,,0,,Flat,,,,,,Dark,774431,0,0,1,2,,,0,,,,,,Auckland Region,Nil,2-way,Sealed,,0,0,,30,,On,0,0,,76,Auckland,Nil,,,,,0,0,Urban,0,,,Fine,Null
1754688.0147,5929843.3481,853680,,508420,0,0,0,1,0,North,2023/2024,TARGET ROAD,SUNNYNOOK ROAD,,Non-Injury Crash,No,2023,0,South,0,0,0,Hill Road,0,,0,,0,Dark,182603,0,0,0,2,0,0,0,0,1,,0,0,Auckland Region,Nil,2-way,Sealed,0,0,0,0,50,0,On,0,0,,76,Auckland,Nil,0,0,0,0,0,0,Urban,1,0,0,Fine,Null
1752396.7234,5936227.2737,853688,,506300,0,0,0,2,0,North,2023/2024,NORTHERN MOTORWAY,LONELY TRACK OBR,,Serious Crash,Yes,2023,0,South,0,0,0,Hill Road,2,,0,,0,Overcast,176106,0,0,0,3,0,0,0,0,0,,0,0,Auckland Region,Nil,1-way,Sealed,0,0,1,0,100,0,Off,0,0,,76,Auckland,Nil,0,0,0,0,0,0,Open,0,0,0,Fine,Null
1747103.4358,5921826.379,853696,,512201,0,,0,1,,Null,2023/2024,OFF ROAD - SHARED DRIVEWAY,,,Serious Crash,No,2024,,West,,0,,Flat,,,,,,Overcast,247700,0,0,0,,,,0,,,1,,,Auckland Region,Nil,Off road,Sealed,,0,1,,,,Off,0,0,,76,Auckland,Nil,,,,,0,0,Urban,0,,,Light rain,Strong wind
1761610.9323,5912626.4534,853705,,519500,0,,0,1,,North,2022/2023,BEASLEY AVENUE,CHURCH STREET,,Minor Crash,No,2023,,Null,,0,,Flat,,,,,,Dark,621700,1,0,0,2,,,0,,,,,,Auckland Region,Nil,2-way,Sealed,,0,0,,50,,On,0,0,,76,Auckland,Nil,,,,,0,0,Urban,0,,,Fine,Null
1758280.3033,5920204.5457,853709,,514103,0,,1,2,,Null,2022/2023,THE STRAND,STANLEY STREET,,Minor Crash,Yes,2023,,South,,0,,Flat,,,,,,Bright sun,438203,2,0,0,5,,,0,,,,,,Auckland Region,Nil,2-way,Sealed,,0,0,,50,,Off,0,0,,76,Auckland,Traffic Signals,,,,,0,0,Urban,0,,,Fine,Null
1768763.1674,5902856.4497,853713,,523820,0,,0,2,,North,2023/2024,SOUTHERN MOTORWAY,ORAMS OBR,,Minor Crash,Yes,2023,,South,,0,,Flat,,,,,,Dark,760122,2,0,0,3,,,0,,,,,,Auckland Region,Nil,1-way,Sealed,,0,0,,100,,On,1,0,,76,Auckland,Nil,,,,,0,0,Open,1,,,Light rain,Null