X,Y,OBJECTID,advisorySpeed,areaUnitID,bicycle,bridge,bus,carStationWagon,cliffBank,crashDirectionDescription,crashFinancialYear,crashLocation1,crashLocation2,crashRoadSideRoad,crashSeverity,crashSHDescription,crashYear,debris,directionRoleDescription,ditch,fatalCount,fence,flatHill,guardRail,holiday,houseOrBuilding,intersection,kerb,light,meshblockId,minorInjuryCount,moped,motorcycle,NumberOfLanes,objectThrownOrDropped,otherObject,otherVehicleType,overBank,parkedVehicle,pedestrian,phoneBoxEtc,postOrPole,region,roadCharacter,roadLane,roadSurface,roadworks,schoolBus,seriousInjuryCount,slipOrFlood,speedLimit,strayAnimal,streetLight,suv,taxi,temporarySpeedLimit,tlaId,tlaName,trafficControl,trafficIsland,trafficSign,train,tree,truck,unknownVehicleType,urban,vanOrUtility,vehicle,waterRiver,weatherA,weatherB
1763814.1385,5904510.9071,853716,,522100,0,,0,2,,South,2023/2024,SOUTH-WESTERN MOTORWAY,PUHINUI ROAD-SH 20B OFF RAMP,,Non-Injury Crash,Yes,2023,,South,,0,,Flat,,,,,,Overcast,781001,0,0,0,2,,,0,,,,,,Auckland Region,Nil,1-way,Sealed,,0,0,,100,,Off,0,0,,76,Auckland,Nil,,,,,0,0,Open,1,,,Fine,Null
1743247.2051,5919165.1182,853727,,513213,0,0,0,1,0,Null,2022/2023,SWANSON ROAD,AFTON PLACE,,Non-Injury Crash,No,2023,0,West,0,0,1,Flat,0,,1,,0,Overcast,235904,0,0,0,2,0,0,0,0,0,,0,0,Auckland Region,Nil,2-way,Sealed,0,0,0,0,50,0,Off,0,0,,76,Auckland,Give way,0,0,0,0,0,0,Urban,0,0,0,Fine,Null
1744184.6022,5918412.974,853732,,513220,0,0,0,2,0,North,2024/2025,SWANSON ROAD,RATHGAR ROAD,,Non-Injury Crash,No,2024,0,North,0,0,0,Flat,0,,0,,0,Dark,236103,0,0,0,2,0,0,0,0,1,,0,0,Auckland Region,Nil,2-way,Sealed,0,0,0,0,50,0,On,0,0,,76,Auckland,Nil,0,0,0,0,0,0,Urban,0,0,0,Fine,Null
1758488.8081,5926470.0967,853735,,508020,0,,0,2,,South,2023/2024,LAKE ROAD,NAPIER AVENUE,,Minor Crash,No,2023,,South,,0,,Flat,,,,,,Dark,325500,1,0,0,4,,,0,,,,,,Auckland Region,Nil,2-way,Sealed,,0,0,,50,,On,0,0,,76,Auckland,Nil,,,,,0,0,Urban,0,,,Fine,Null
1746564.3923,5925210.8744,853736,,513432,0,0,0,0,0,South,2024/2025,COURTNEYS,FERNTREE TERRACE,,Non-Injury Crash,No,2024,0,South,0,0,0,Hill Road,1,,0,,0,Dark,223013,0,0,0,2,0,0,0,0,0,,0,0,Auckland Region,Nil,2-way,Sealed,0,0,0,0,50,0,On,1,0,,76,Auckland,Nil,0,0,0,0,0,0,Urban,0,0,0,Light rain,Null
1774013.2613,5897535.2053,853743,,525630,0,,0,2,,Null,2022/2023,OLD WAIROA ROAD,COSGRAVE ROAD,,Non-Injury Crash,No,2023,,East,,0,,Flat,,,,,,Overcast,795802,0,0,0,2,,,0,,,,,,Auckland Region,Nil,2-way,Sealed,,0,0,,50,,Off,0,0,,76,Auckland,Stop,,,,,0,0,Urban,1,,,Light rain,Null
1731611.345,5907808.7239,853752,45,513800,0,0,0,1,1,North,2024/2025,PIHA ROAD,TE AHUAHU ROAD,,Minor Crash,No,2024,0,North,0,0,0,Hill Road,0,,0,,0,Bright sun,282016,1,0,0,2,0,0,0,0,0,,0,0,Auckland Region,Nil,2-way,Unsealed,0,0,0,0,50,0,None,0,0,,76,Auckland,Nil,0,1,0,0,0,0,Urban,0,0,0,Fine,Null
1754853.7525,5913789.9035,853760,,518803,0,0,0,1,0,West,2023/2024,DENBIGH AVENUE,RADNOR ROAD,,Non-Injury Crash,No,2024,0,East,0,0,0,Flat,0,,0,,0,Dark,581700,0,0,0,2,0,0,0,0,1,,0,0,Auckland Region,Nil,2-way,Sealed,0,0,0,0,50,0,On,1,0,,76,Auckland,Nil,0,0,0,0,0,0,Urban,0,0,0,Fine,Null
1755395.2732,5920521.1751,853765,,515302,0,,0,1,,Null,2023/2024,REDMOND STREET,POMPALLIER TERRACE,,Serious Crash,No,2023,,West,,0,,Hill Road,,,,,,Bright sun,429500,0,0,0,1,,,0,,,1,,,Auckland Region,Nil,1-way,Sealed,,0,1,,40,,Off,0,0,,76,Auckland,Give way,,,,,0,0,Urban,0,,,Fine,Null
1767937.4183,5903909.1785,853767,,524602,0,0,0,1,0,East,2023/2024,AIRPORT OFF RAMP,GREAT SOUTH OBR,,Minor Crash,Yes,2023,0,West,0,0,0,Flat,1,,0,,0,Dark,780506,1,0,0,2,0,0,0,0,0,,0,0,Auckland Region,Motorway ramp,1-way,Sealed,0,0,0,0,100,0,On,0,0,,76,Auckland,Nil,0,0,0,0,0,0,Open,0,0,0,Fine,Null
1764226.2621,5912377.959,853772,,520500,0,,0,0,,North,2024/2025,MOUNT WELLINGTON HWY ON RAMP,SOUTHERN MOTORWAY,,Non-Injury Crash,No,2024,,South,,0,,Flat,,,,,,Bright sun,639100,0,0,0,2,,,0,,,,,,Auckland Region,Motorway ramp,1-way,Sealed,,0,0,,100,,Off,0,0,,76,Auckland,Nil,,,,,1,0,Open,1,,,Fine,Null
1752195.0311,5925252.1372,853780,,510220,0,,0,1,,West,2024/2025,VERRAN ROAD,VERBENA ROAD,,Serious Crash,No,2024,,West,,0,,Flat,,,,,,Bright sun,350504,1,0,0,2,,,0,,,1,,,Auckland Region,Nil,2-way,Sealed,,0,1,,50,,Off,0,0,,76,Auckland,Nil,,,,,0,0,Urban,0,,,Fine,Null
1754541.0804,5913727.7248,853781,,518803,0,,0,0,,East,2022/2023,SOUTH-WESTERN MOTORWAY,MAY OBR,,Serious Crash,Yes,2023,,West,,0,,Flat,,,,,,Bright sun,581700,0,0,0,3,,,0,,,1,,,Auckland Region,Nil,1-way,Sealed,,0,1,,100,,Off,0,0,,76,Auckland,Nil,,,,,0,0,Open,2,,,Fine,Null
1759198.8357,5911180.834,853783,,519820,0,,0,2,,South,2023/2024,SOUTH-WESTERN MOTORWAY,NEILSON STREET ON RAMP,,Minor Crash,Yes,2023,,South,,0,,Hill Road,,,,,,Twilight,602503,1,0,0,4,,,0,,,,,,Auckland Region,Nil,1-way,Sealed,,0,0,,100,,Off,0,0,,76,Auckland,Nil,,,,,0,0,Open,0,,,Fine,Null
1756339.0154,5919073.0093,853797,,515500,1,,0,1,,Null,2023/2024,NEWTON ROAD,NEWTON ROAD OFF RAMP,,Minor Crash,No,2023,,North,,0,,Hill Road,,,,,,Bright sun,417600,1,0,0,4,,,0,,,,,,Auckland Region,Motorway ramp,2-way,Sealed,,0,0,,30,,Off,0,0,,76,Auckland,Give way,,,,,0,0,Urban,0,,,Fine,Null
1769751.4785,5899522.3859,853803,,523920,0,,0,1,,South,2022/2023,GREAT SOUTH ROAD,TE NAPI DRIVE,,Non-Injury Crash,No,2023,,South,,0,,Flat,,,,,,Bright sun,767921,0,0,0,2,,,0,,,,,,Auckland Region,Nil,1-way,Sealed,,0,0,,70,,Off,0,0,,76,Auckland,Nil,,,,,0,0,Urban,1,,,Fine,Null
1772360.2579,5914273.562,853812,,521602,0,0,0,1,0,North,2023/2024,COOK STREET,DRAKE STREET,,Non-Injury Crash,No,2023,0,North,0,0,0,Flat,0,,0,,0,Twilight,650200,0,0,0,2,0,0,0,0,0,,0,0,Auckland Region,Nil,2-way,Sealed,0,0,0,0,50,0,On,0,0,40,76,Auckland,Nil,1,0,0,0,0,0,Urban,0,0,0,Light rain,Null
1765344.5924,5916721.3057,853815,,517001,0,,0,1,,Null,2022/2023,APIRANA AVENUE,MERTON ROAD,,Non-Injury Crash,No,2023,,North,,0,,Flat,,,,,,Overcast,463902,0,0,0,2,,,0,,,,,,Auckland Region,Nil,1-way,Sealed,,0,0,,50,,Off,0,0,,76,Auckland,Give way,,,,,0,0,Urban,1,,,Fine,Null
1753519.1039,5918325.005,853816,,515002,0,0,0,0,0,West,2023/2024,NORTH-WESTERN MOTORWAY,ST LUKES OBR,,Non-Injury Crash,Yes,2023,0,East,0,0,0,Flat,1,,0,,0,Overcast,390501,0,0,0,4,0,0,0,0,0,,0,0,Auckland Region,Nil,1-way,Sealed,0,0,0,0,80,0,Off,1,0,,76,Auckland,Nil,0,0,0,0,0,0,Open,0,0,0,Fine,Strong wind
1769316.2676,5902355.5461,853825,,523814,0,,0,0,,North,2023/2024,SOUTHERN MOTORWAY,HILL ROAD-MANUREWA OFF RAMP,,Minor Crash,Yes,2023,,South,,0,,Flat,,,,,,Overcast,760701,2,0,0,3,,,0,,,,,,Auckland Region,Nil,1-way,Sealed,,0,0,,100,,Off,1,0,,76,Auckland,Nil,,,,,0,0,Open,1,,,Fine,Null
1768756.8415,5907606.6947,853829,,523711,0,,0,2,,Null,2022/2023,ORMISTON ROAD,LAIDLAW WAY,,Non-Injury Crash,No,2023,,East,,0,,Flat,,,,,,Bright sun,712304,0,0,0,5,,,0,,,,,,Auckland Region,Nil,2-way,Sealed,,0,0,,60,,Off,0,0,,76,Auckland,Traffic Signals,,,,,0,0,Urban,0,,,Fine,Null
1756935.1504,5916481.3502,853831,,518202,0,,0,0,,Null,2023/2024,MOUNT EDEN ROAD,DISRAELI STREET,,Minor Crash,No,2023,,North,,0,,Flat,,,,,,Twilight,550400,1,0,0,2,,,0,,,1,,,Auckland Region,Nil,2-way,Sealed,,0,0,,50,,On,0,0,,76,Auckland,Give way,,,,,0,0,Urban,1,,,Fine,Null
1753689.3402,5914547.0536,853832,,518801,0,,0,1,,Null,2023/2024,STODDARD ROAD,MAIORO STREET,,Non-Injury Crash,No,2023,,North,,0,,Flat,,,,,,Overcast,578500,0,0,0,3,,,0,,,,,,Auckland Region,Nil,2-way,Sealed,,0,0,,50,,Null,1,0,,76,Auckland,Traffic Signals,,,,,0,0,Urban,0,,,Fine,Null
1757021.7663,5920840.1572,853835,,514101,0,0,0,1,0,Null,2022/2023,MARKET PLACE,FANSHAWE STREET,,Non-Injury Crash,No,2023,0,South,0,0,0,Flat,0,,0,,0,Dark,433003,0,0,0,6,0,0,0,0,0,,0,0,Auckland Region,Nil,2-way,Sealed,0,0,0,0,40,0,On,0,0,,76,Auckland,Traffic Signals,1,0,0,0,0,0,Urban,0,0,0,Light rain,Strong wind
1765061.1428,5907783.0082,853837,,523404,0,,0,2,,North,2022/2023,GREAT SOUTH ROAD,GRANGE ROAD,,Non-Injury Crash,No,2023,,North,,0,,Flat,,,,,,Bright sun,695800,0,0,0,2,,,0,,,,,,Auckland Region,Nil,2-way,Sealed,,0,0,,50,,Off,0,0,,76,Auckland,Nil,,,,,0,0,Urban,0,,,Fine,Null
1745483.2437,5914262.2101,853852,,512904,0,0,0,3,0,South,2022/2023,ALBIONVALE ROAD,HAKI WIHONGI PLACE,,Non-Injury Crash,No,2023,0,North,0,0,1,Flat,0,,0,,0,Dark,278205,0,0,0,2,0,0,0,0,1,,0,0,Auckland Region,Nil,2-way,Sealed,0,0,0,0,30,0,On,0,0,,76,Auckland,Nil,0,0,0,0,0,0,Urban,1,0,0,Fine,Null
1744564.024,5919204.1038,853853,,513302,0,,0,3,,South,2022/2023,RATHGAR ROAD,POMARIA ROAD,,Non-Injury Crash,No,2023,,South,,0,,Flat,,,,,,Bright sun,232600,0,0,0,2,,,0,,,,,,Auckland Region,Nil,2-way,Sealed,,0,0,,50,,Off,0,0,,76,Auckland,Nil,,,,,0,0,Urban,0,,,Fine,Null
1770013.1535,5915329.4367,853856,,522711,0,0,0,1,0,Null,2023/2024,BUCKLANDS BEACH ROAD,CHERRY ROAD,,Non-Injury Crash,No,2023,0,North,0,0,1,Flat,0,,0,,0,Dark,680801,0,0,0,2,0,0,0,0,0,,0,0,Auckland Region,Nil,2-way,Sealed,0,0,0,0,50,0,On,0,0,,76,Auckland,Stop,0,0,0,0,0,0,Urban,0,0,0,Fine,Null
1770652.4938,5882982.8919,853860,,525910,0,0,0,1,0,East,2022/2023,RUSHLAND RISE,INA VILLE DRIVE,,Non-Injury Crash,No,2023,0,North,0,0,0,Hill Road,0,,1,,0,Twilight,816534,0,0,0,2,0,0,0,0,0,,0,0,Auckland Region,Nil,2-way,Sealed,0,0,0,0,50,0,None,0,0,,76,Auckland,Nil,0,0,0,0,0,0,Urban,0,0,0,Light rain,Null
1761601.27,5913672.4063,853864,,519500,0,0,0,1,0,South,2023/2024,STATION ROAD,WALLS ROAD,,Non-Injury Crash,No,2023,0,South,0,0,0,Flat,0,,0,,0,Bright sun,621600,0,0,0,2,0,0,0,0,1,,0,0,Auckland Region,Nil,2-way,Sealed,0,0,0,0,50,0,Off,0,0,,76,Auckland,Nil,0,0,0,0,1,0,Urban,0,0,0,Fine,Null
1751543.5488,5916482.4522,853876,,514900,0,,0,2,,North,2023/2024,GREAT NORTH ROAD,BLOCKHOUSE BAY ROAD,,Non-Injury Crash,No,2024,,North,,0,,Flat,,,,,,Overcast,384901,0,0,0,4,,,0,,,,,,Auckland Region,Nil,2-way,Sealed,,0,0,,50,,Off,0,0,,76,Auckland,Nil,,,,,0,0,Urban,0,,,Light rain,Null
1754973.5727,5934745.8929,853881,,507102,0,0,0,2,0,North,2022/2023,OAKTREE AVENUE,FALLOW STREET,,Non-Injury Crash,No,2023,0,South,0,0,0,Flat,0,,0,,0,Dark,158502,0,0,0,2,0,0,0,0,1,,0,0,Auckland Region,Nil,2-way,Sealed,0,0,0,0,50,0,On,0,0,,76,Auckland,Nil,0,0,0,0,0,0,Urban,0,0,0,Fine,Null
1752398.8206,5936218.6947,853899,,506300,0,,0,3,,North,2022/2023,NORTHERN MOTORWAY,LONELY TRACK OBR,,Non-Injury Crash,Yes,2023,,South,,0,,Hill Road,,,,,,Overcast,176106,0,0,0,3,,,0,,,,,,Auckland Region,Nil,1-way,Sealed,,0,0,,100,,None,0,0,,76,Auckland,Nil,,,,,0,0,Open,0,,,Fine,Null
1754827.3452,5937488.9529,853903,,506901,0,0,0,1,0,Null,2022/2023,STREDWICK DRIVE,STREDWICK DRIVE,,Non-Injury Crash,No,2023,0,East,0,0,0,Flat,0,,0,,0,Dark,166000,0,0,0,1,0,1,0,0,0,,0,1,Auckland Region,Nil,1-way,Sealed,0,0,0,0,50,0,On,0,0,,76,Auckland,Give way,0,0,0,0,0,0,Urban,0,0,0,Fine,Null
1745141.672,5925460.3635,853917,,513431,0,0,0,2,0,North,2023/2024,UPPER HARBOUR MOTORWAY,TRIG ROAD OFF RAMP,,Minor Crash,Yes,2023,0,West,0,0,0,Flat,1,,0,,0,Bright sun,223702,1,0,0,2,0,0,0,0,0,,0,0,Auckland Region,Nil,1-way,Sealed,0,0,0,0,100,0,Off,0,0,,76,Auckland,Nil,0,0,0,0,1,0,Open,0,0,0,Fine,Null
1749532.8173,5916889.9539,853924,,514801,0,,0,1,,Null,2022/2023,ROSEBANK ROAD,FREMLIN PLACE,,Non-Injury Crash,No,2023,,North,,0,,Flat,,,,,,Overcast,389300,0,0,0,1,,,0,,,,,,Auckland Region,Nil,2-way,Sealed,,0,0,,50,,On,0,0,,76,Auckland,Give way,,,,,0,0,Urban,1,,,Light rain,Null
1769886.8337,5900451.535,853928,,524902,0,0,0,1,0,North,2023/2024,SOUTHERN MOTORWAY,MANUREWA-TAKANINI ON RAMP,,Non-Injury Crash,Yes,2023,0,North,0,0,0,Flat,2,,0,,0,Dark,759100,0,0,0,3,0,0,0,0,0,,0,0,Auckland Region,Nil,1-way,Sealed,0,0,0,0,100,0,On,0,0,,76,Auckland,Nil,0,0,0,0,2,0,Open,0,0,0,Fine,Null
1746401.1364,5920132.976,853943,,512300,0,,0,2,,South,2022/2023,NORTH-WESTERN MOTORWAY,HENDERSON CK BR,,Non-Injury Crash,Yes,2023,,East,,0,,Flat,,,,,,Bright sun,251700,0,0,0,3,,,0,,,,,,Auckland Region,Nil,1-way,Sealed,,0,0,,100,,Off,0,0,,76,Auckland,Nil,,,,,0,0,Open,0,,,Fine,Null
1756636.2681,5926735.9679,853945,,507900,0,,0,0,,South,2022/2023,NORTHERN MOTORWAY,NORTHCOTE ROAD ON RAMP,,Minor Crash,Yes,2023,,South,,0,,Flat,,,,,,Bright sun,303902,2,0,0,3,,,0,,,,,,Auckland Region,Nil,1-way,Sealed,,0,0,,100,,Off,0,0,,76,Auckland,Nil,,,,,0,0,Open,1,,,Fine,Null
1751681.3087,5934014.9995,853947,,508701,0,,0,2,,South,2022/2023,DAIRY FLAT HIGHWAY,OTEHA VALLEY ROAD,,Serious Crash,No,2023,,South,,0,,Flat,,,,,,Dark,178900,1,0,0,5,,,0,,,,,,Auckland Region,Nil,2-way,Sealed,,0,4,,50,,On,0,0,,76,Auckland,Nil,,,,,0,0,Urban,1,,,Heavy rain,Null
1792737.4525,5908608.6058,853952,,525202,0,,0,1,,West,2023/2024,CLEVEDON-KAWAKAWA ROAD,KAWAKAWA-ORERE ROAD,,Non-Injury Crash,No,2024,,South,,0,,Flat,,,,,,Overcast,764902,0,0,0,2,,,0,,,,,,Auckland Region,Nil,2-way,Sealed,,0,0,,50,,Off,0,0,,76,Auckland,Nil,,,,,0,0,Urban,0,,,Light rain,Null
1763939.573,5912449.4279,853957,,520500,0,0,0,0,0,Null,2022/2023,MOUNT WELLINGTON HWY OFF RAMP,MOUNT WELLINGTON HIGHWAY,,Serious Crash,No,2023,0,West,0,0,0,Flat,1,,0,,0,Dark,639500,0,0,0,2,0,0,0,0,0,,0,0,Auckland Region,Motorway ramp,1-way,Sealed,0,0,2,0,50,0,On,0,0,,76,Auckland,Give way,0,0,0,0,0,0,Urban,1,0,0,Light rain,Null
1751596.5394,5914207.9228,853959,,514402,0,,0,2,,Null,2022/2023,BLOCKHOUSE BAY ROAD,TIVERTON ROAD,,Minor Crash,No,2023,,South,,0,,Flat,,,,,,Dark,380600,1,0,0,4,,,0,,,,,,Auckland Region,Nil,2-way,Sealed,,0,0,,50,,On,0,0,,76,Auckland,Traffic Signals,,,,,0,0,Urban,0,,,Fine,Null
1770895.2521,5898686.1018,853965,,523912,0,0,0,1,0,West,2022/2023,TAKA STREET,RAIL XING,,Non-Injury Crash,No,2023,0,East,0,0,0,Flat,0,,0,,0,Overcast,767701,0,0,0,2,0,0,0,0,0,,0,0,Auckland Region,Rail xing,2-way,Sealed,0,0,0,0,50,0,Off,0,0,,76,Auckland,Nil,0,1,0,0,0,0,Urban,0,0,0,Fine,Null
1742607.9172,5924673.2235,853971,,513410,0,,0,0,,East,2022/2023,KAKANO ROAD,FRED TAYLOR DRIVE,,Minor Crash,No,2023,,West,,0,,Hill Road,,,,,,Overcast,224000,1,0,0,2,,,0,,,,,,Auckland Region,Nil,2-way,Sealed,,0,0,,50,,Off,0,0,,76,Auckland,Nil,,,,,2,0,Urban,0,,,Light rain,Null
1745388.2018,5925625.0066,853972,,513410,0,0,0,1,0,West,2023/2024,UPPER HARBOUR MOTORWAY,BRIGHAM CREEK ROAD OFF RAMP,,Non-Injury Crash,Yes,2023,0,East,1,0,1,Flat,0,,0,,0,Dark,223801,0,0,0,2,0,0,0,0,0,,0,0,Auckland Region,Nil,1-way,Sealed,0,0,0,0,100,0,On,0,0,,76,Auckland,Nil,0,0,0,1,0,0,Open,0,0,0,Fine,Null
1764391.4529,5909343.3634,853977,,521802,0,,0,1,,East,2022/2023,FAIRBURN ROAD,GREAT SOUTH ROAD,,Minor Crash,No,2023,,East,,0,,Flat,,,,,,Overcast,788601,1,0,0,2,,,0,,,1,,,Auckland Region,Nil,2-way,Sealed,,0,0,,50,,Off,0,0,,76,Auckland,Nil,,,,,0,0,Urban,0,,,Fine,Null
1763989.9928,5910681.6885,853984,,521901,0,0,0,1,0,West,2023/2024,PORTAGE ROAD,MOUNT WELLINGTON HIGHWAY,,Non-Injury Crash,No,2023,0,East,0,0,0,Flat,0,,0,,0,Dark,781600,0,0,0,2,0,1,0,0,0,,0,0,Auckland Region,Nil,2-way,Sealed,0,0,0,0,50,0,On,0,0,,76,Auckland,Nil,0,0,0,0,0,0,Urban,0,0,0,Fine,Null
1756356.2019,5933760.5086,853991,,507300,0,,0,2,,North,2022/2023,BEACH ROAD,WESTBOURNE ROAD,,Non-Injury Crash,No,2023,,North,,0,,Hill Road,,,,,,Bright sun,154800,0,0,0,2,,,0,,,,,,Auckland Region,Nil,2-way,Sealed,,0,0,,50,,Off,0,0,,76,Auckland,Nil,,,,,0,0,Urban,0,,,Fine,Null
1757076.1383,5918068.6812,853992,,518101,0,0,0,4,0,South,2023/2024,EDWIN STREET,KOHEKOHE STREET,,Non-Injury Crash,No,2023,0,North,0,0,0,Flat,0,,0,,0,Bright sun,542900,0,0,0,2,0,0,0,0,2,,0,0,Auckland Region,Nil,2-way,Sealed,0,0,0,0,50,0,Off,0,0,,76,Auckland,Nil,0,0,0,0,0,0,Urban,0,0,0,Fine,Null
1763566.0873,5907990.0663,854003,,521901,0,,0,2,,North,2022/2023,HOSPITAL ROAD,HOSPITAL ENT N,,Non-Injury Crash,No,2023,,South,,0,,Flat,,,,,,Overcast,786300,0,0,0,2,,,0,,,,,,Auckland Region,Nil,2-way,Sealed,,0,0,,50,,Off,0,0,,76,Auckland,Nil,,,,,0,0,Urban,0,,,Fine,Null
1767821.3806,5904085.3821,854013,,524602,0,,0,0,,Null,2022/2023,LAKEWOOD COURT,GREAT SOUTH ROAD,,Minor Crash,No,2023,,West,,0,,Flat,,,,,,Twilight,780501,1,0,1,2,,,0,,,,,,Auckland Region,Nil,2-way,Sealed,,0,0,,50,,On,0,0,,76,Auckland,Traffic Signals,,,,,0,0,Urban,1,,,Fine,Null
1746661.7411,5939673.0334,854015,,506300,0,0,0,0,1,South,2022/2023,DAIRY FLAT HIGHWAY,JEFFS ROAD,,Non-Injury Crash,No,2023,0,South,0,0,0,Hill Road,0,,0,,0,Dark,175904,0,0,0,2,0,0,0,0,0,,0,0,Auckland Region,Nil,2-way,Sealed,0,0,0,0,80,0,None,0,0,,76,Auckland,Nil,0,0,0,0,0,0,Open,1,0,0,Fine,Null
1757168.2445,5919861.029,854017,,514102,0,,0,1,,Null,2022/2023,MAYORAL DRIVE,QUEEN STREET,,Minor Crash,No,2023,,West,,0,,Flat,,Queens Birthday,,,,Dark,435201,1,0,0,5,,,0,,,1,,,Auckland Region,Nil,2-way,Sealed,,0,0,,30,,On,0,1,,76,Auckland,Traffic Signals,,,,,0,0,Urban,0,,,Light rain,Null
1771123.6163,5899208.4378,854019,,523911,0,0,0,1,0,East,2022/2023,MANUROA ROAD,TAKANINI SCHOOL ROAD,,Non-Injury Crash,No,2023,0,West,0,0,0,Flat,0,,0,,0,Dark,767100,0,0,0,2,0,0,0,0,0,,0,0,Auckland Region,Nil,2-way,Sealed,0,0,0,0,50,0,On,0,0,,76,Auckland,Nil,0,1,0,0,0,0,Urban,0,0,0,Fine,Null
1772660.6576,5894698.9812,854027,,525530,0,0,0,1,0,North,2022/2023,GREAT SOUTH ROAD,TAONUI STREET,,Minor Crash,No,2023,0,North,0,0,1,Flat,0,,0,,0,Dark,803602,1,0,0,2,0,0,0,0,0,,0,1,Auckland Region,Nil,2-way,Sealed,0,0,0,0,50,0,On,0,0,,76,Auckland,Nil,0,0,0,0,0,0,Urban,0,0,0,Fine,Null
1756103.9373,5923761.6508,854036,,509800,0,,0,3,,South,2024/2025,NORTHERN MOTORWAY,WEIGH BRIDGE,,Non-Injury Crash,Yes,2024,,South,,0,,Flat,,,,,,Overcast,358800,0,0,0,5,,,0,,,,,,Auckland Region,Nil,1-way,Sealed,,0,0,,80,,Off,0,0,70,76,Auckland,Nil,,,,,0,0,Open,0,,,Fine,Null
1757052.0476,5917878.9347,854044,,518101,0,,0,2,,Null,2022/2023,MOUNT EDEN ROAD,NORMANBY ROAD,,Non-Injury Crash,No,2023,,South,,0,,Flat,,,,,,Bright sun,543100,0,0,0,2,,,0,,,,,,Auckland Region,Nil,2-way,Sealed,,0,0,,50,,Off,0,0,,76,Auckland,Traffic Signals,,,,,0,0,Urban,0,,,Fine,None
1765875.1834,5913385.0974,854056,,522820,0,0,0,1,0,Null,2023/2024,PAKURANGA ROAD,MILLEN AVENUE,,Non-Injury Crash,No,2024,0,South,0,0,1,Flat,0,,0,,0,Bright sun,695200,0,0,0,5,0,0,0,0,0,,0,0,Auckland Region,Nil,2-way,Sealed,0,0,0,0,50,0,Off,0,0,,76,Auckland,Traffic Signals,0,0,0,0,0,0,Urban,0,0,0,Fine,Null
1772147.7398,5898385.9359,854064,,523912,0,0,0,3,0,Null,2023/2024,BRUCE PULMAN DRIVE,FIGARO CRESCENT,,Non-Injury Crash,No,2024,0,North,0,0,0,Flat,0,,0,,0,Bright sun,765409,0,0,0,2,0,0,0,0,1,3,0,1,Auckland Region,Nil,2-way,Sealed,0,0,0,0,50,0,Off,0,0,,76,Auckland,Give way,0,0,0,0,0,0,Urban,0,0,0,Fine,Null
1741476.4882,5927236.6198,854088,,513701,0,,0,1,,South,2023/2024,SH 16,COATESVILLE-RIVERHEAD HIGHWAY,,Non-Injury Crash,Yes,2024,,South,,0,,Hill Road,,,,,,Overcast,220200,0,0,0,2,,,0,,,,,,Auckland Region,Nil,2-way,Sealed,,0,0,,80,,None,0,0,,76,Auckland,Nil,,,,,1,0,Open,2,,,Light rain,Null
1765778.9022,5900490.8136,854100,,524821,0,,0,2,,West,2023/2024,BURUNDI AVENUE,FROBISHER WAY,,Minor Crash,No,2024,,West,,0,,Flat,,,,,,Bright sun,774404,1,0,0,2,,,0,,,1,,,Auckland Region,Nil,2-way,Sealed,,0,0,,50,,Off,0,0,,76,Auckland,Nil,,,,,0,0,Urban,0,,,Fine,Null
1763024.7979,5919076.7198,854107,,516500,0,,0,1,,West,2023/2024,KEPA ROAD,PATTESON AVENUE,,Minor Crash,No,2023,,East,,0,,Flat,,,,,,Dark,502202,4,0,0,2,,,0,,,,,,Auckland Region,Nil,2-way,Sealed,,0,0,,50,,On,1,0,,76,Auckland,Nil,,,,,0,0,Urban,0,,,Fine,Null
1765109.5134,5910018.0853,854111,,521803,0,0,0,2,0,South,2023/2024,SOUTHERN MOTORWAY,PRINCES ST-OTAHUHU ON RAMP,,Minor Crash,Yes,2023,0,South,0,0,0,Flat,1,Christmas New Year,0,,0,Dark,788300,1,0,0,3,0,0,0,0,0,,0,0,Auckland Region,Motorway ramp,1-way,Sealed,0,0,0,0,100,0,On,0,0,,76,Auckland,Nil,0,0,0,0,0,0,Open,0,0,0,Heavy rain,Null
1759781.4809,5915855.6075,854112,,519200,0,,0,1,,North,2023/2024,GREAT SOUTH ROAD,GREEN LANE WEST,,Non-Injury Crash,No,2023,,South,,0,,Flat,,,,,,Dark,616000,0,1,0,2,,,0,,,,,,Auckland Region,Nil,2-way,Sealed,,0,0,,50,,On,0,0,,76,Auckland,Nil,,,,,0,0,Urban,0,,,Fine,Null
1754919.3356,5929484.382,854117,,508420,0,0,0,2,0,South,2023/2024,TARGET ROAD,KAIMAHI ROAD,,Non-Injury Crash,No,2023,0,North,0,0,0,Flat,0,,0,,0,Bright sun,183800,0,0,0,2,0,0,0,0,2,,0,0,Auckland Region,Nil,2-way,Sealed,0,0,0,0,50,0,Off,1,0,,76,Auckland,Nil,0,0,0,0,0,0,Urban,0,0,0,Fine,Null
1758258.122,5920206.9658,854119,,514103,0,,0,1,,Null,2022/2023,BEACH ROAD,STANLEY STREET,,Non-Injury Crash,No,2023,,South,,0,,Flat,,,,,,Dark,438203,0,0,0,4,,,0,,,,,,Auckland Region,Nil,2-way,Sealed,,0,0,,50,,On,0,1,,76,Auckland,Traffic Signals,,,,,0,0,Urban,1,,,Fine,Null