X,Y,OBJECTID,advisorySpeed,areaUnitID,bicycle,bridge,bus,carStationWagon,cliffBank,crashDirectionDescription,crashFinancialYear,crashLocation1,crashLocation2,crashRoadSideRoad,crashSeverity,crashSHDescription,crashYear,debris,directionRoleDescription,ditch,fatalCount,fence,flatHill,guardRail,holiday,houseOrBuilding,intersection,kerb,light,meshblockId,minorInjuryCount,moped,motorcycle,NumberOfLanes,objectThrownOrDropped,otherObject,otherVehicleType,overBank,parkedVehicle,pedestrian,phoneBoxEtc,postOrPole,region,roadCharacter,roadLane,roadSurface,roadworks,schoolBus,seriousInjuryCount,slipOrFlood,speedLimit,strayAnimal,streetLight,suv,taxi,temporarySpeedLimit,tlaId,tlaName,trafficControl,trafficIsland,trafficSign,train,tree,truck,unknownVehicleType,urban,vanOrUtility,vehicle,waterRiver,weatherA,weatherB
1758952.9347,5907079.3166,854144,,524200,0,,0,1,,South,2024/2025,KIRKBRIDE ROAD,IDLEWILD AVENUE,,Minor Crash,No,2024,,North,,0,,Flat,,,,,,Bright sun,726300,2,0,0,2,,,0,,,,,,Auckland Region,Nil,2-way,Sealed,,0,0,,50,,Off,0,0,,76,Auckland,Nil,,,,,0,0,Urban,1,,,Fine,Null
1771519.0405,5898653.4345,854157,,523912,0,,0,2,,East,2022/2023,KAURI HEART AVENUE,HOPUNI WAY,,Non-Injury Crash,No,2023,,East,,0,,Flat,,,,,,Bright sun,767400,0,0,0,2,,,0,,,,,,Auckland Region,Nil,2-way,Sealed,,0,0,,50,,Off,0,0,,76,Auckland,Nil,,,,,0,0,Urban,0,,,Fine,Null
1767428.863,5905872.5237,854172,,522302,0,0,0,1,0,North,2024/2025,SOUTHERN MOTORWAY,REAGAN OBR,,Fatal Crash,Yes,2025,0,North,0,1,0,Flat,0,,0,,0,Dark,670902,1,0,0,3,0,0,0,0,0,,0,0,Auckland Region,Nil,1-way,Sealed,0,0,3,0,100,0,On,0,0,,76,Auckland,Nil,0,0,0,1,0,0,Open,0,0,0,Fine,Null
1767460.2959,5912736.1493,854179,,522910,0,0,0,1,0,North,2023/2024,CARDIFF ROAD,OPAL AVENUE,,Non-Injury Crash,No,2023,0,North,0,0,1,Hill Road,0,,0,,0,Bright sun,686700,0,0,0,2,0,0,0,0,0,,0,0,Auckland Region,Nil,2-way,Sealed,0,0,0,0,50,0,Off,0,0,,76,Auckland,Nil,0,0,0,0,0,0,Urban,0,0,0,Fine,Null
1763139.0129,5912769.9891,854180,,520500,0,,0,1,,South,2023/2024,SOUTH-EASTERN HIGHWAY,SEART OBR,,Non-Injury Crash,No,2024,,North,,0,,Hill Road,,,,,,Overcast,637300,0,0,0,5,,,0,,,,,,Auckland Region,Nil,1-way,Sealed,,0,0,,80,,Off,0,0,,76,Auckland,Nil,,,,,1,0,Open,0,,,Fine,Null
1768007.8214,5892754.8912,854187,,521202,0,0,0,1,0,East,2023/2024,LINWOOD ROAD,KARAKA NORTH ROAD,,Minor Crash,No,2023,0,West,2,0,0,Flat,0,,0,,0,Bright sun,807000,1,0,0,2,0,0,0,0,0,,0,0,Auckland Region,Nil,2-way,Sealed,0,0,0,0,80,0,Off,0,0,,76,Auckland,Nil,0,0,0,0,0,0,Open,1,0,0,Fine,Null
1765056.787,5915340.7456,854193,,520301,0,0,0,3,0,Null,2022/2023,TE HORETA ROAD,MORRIN ROAD,,Serious Crash,No,2023,0,North,0,0,1,Hill Road,0,,0,,0,Bright sun,628100,2,0,0,5,0,0,0,0,0,,0,0,Auckland Region,Nil,2-way,Sealed,0,0,1,0,50,0,Null,0,0,,76,Auckland,Traffic Signals,1,1,0,1,1,0,Urban,0,0,0,Fine,Null
1753524.6624,5927111.1939,854204,,508210,0,0,0,1,0,North,2023/2024,GLENFIELD ROAD,ROBERTS ROAD,,Non-Injury Crash,No,2024,0,North,0,0,0,Flat,0,,0,,0,Twilight,187300,0,0,0,2,0,0,0,0,1,,0,0,Auckland Region,Nil,2-way,Sealed,0,0,0,0,50,0,On,0,0,,76,Auckland,Nil,0,0,0,0,0,0,Urban,1,0,0,Fine,Null
1758693.6872,5911497.3652,854208,,519810,0,0,0,1,0,North,2023/2024,ORPHEUS DRIVE,ONEHUNGA HARBOUR ROAD OFF RAMP,,Non-Injury Crash,No,2024,0,West,0,0,0,Flat,0,,0,,0,Overcast,602501,0,0,0,2,0,0,0,0,0,,0,1,Auckland Region,Speed hump,2-way,Sealed,0,0,0,0,50,0,None,0,0,,76,Auckland,Nil,0,0,0,0,0,0,Urban,0,0,0,Light rain,Null
1769821.9073,5907688.0467,854211,,523713,0,0,0,1,0,North,2023/2024,CHAPEL ROAD,ORMISTON ROAD,,Non-Injury Crash,No,2023,0,South,1,0,0,Flat,0,,0,,0,Dark,712401,0,0,0,2,0,0,0,0,0,,0,0,Auckland Region,Nil,2-way,Sealed,0,0,0,0,60,0,On,0,0,,76,Auckland,Nil,0,0,0,0,0,0,Urban,0,0,0,Light rain,Strong wind
1752090.6,5914672.8477,854217,,514402,0,0,0,2,0,West,2023/2024,NEW WINDSOR ROAD,WHITNEY STREET,,Minor Crash,No,2023,0,East,0,0,0,Flat,0,,0,,0,Dark,380800,1,0,0,2,0,0,0,0,1,,0,0,Auckland Region,Nil,2-way,Sealed,0,0,0,0,50,0,On,0,0,,76,Auckland,Nil,0,0,0,0,0,0,Urban,0,0,0,Fine,Null
1761714.5984,5906535.0628,854228,,524112,0,,0,2,,Null,2023/2024,MASSEY ROAD,MASSEY ROAD OFF RAMP,,Minor Crash,No,2024,,South,,0,,Flat,,,,,,Dark,742300,1,0,0,6,,,0,,,,,,Auckland Region,Motorway ramp,2-way,Sealed,,0,0,,50,,On,0,0,,76,Auckland,Traffic Signals,,,,,0,0,Urban,0,,,Fine,Null
1768673.1981,5904530.1923,854229,,523722,0,,0,3,,East,2022/2023,REDOUBT ROAD,ANCONA LANE,,Serious Crash,No,2023,,East,,0,,Flat,,,,,,Bright sun,715917,1,0,0,4,,,0,,,,,,Auckland Region,Nil,2-way,Sealed,,0,1,,50,,Off,0,0,,76,Auckland,Nil,,,,,0,0,Urban,0,,,Fine,Null
1724735.7809,5943711.4715,854231,,506642,0,0,0,1,0,Null,2023/2024,SOUTH HEAD ROAD,EVANS ROAD,,Serious Crash,No,2024,0,South,0,0,0,Flat,0,,0,,0,Bright sun,210500,4,0,0,2,0,0,1,1,0,,0,0,Auckland Region,Nil,2-way,Sealed,0,0,1,0,100,0,None,0,0,,76,Auckland,Give way,0,0,0,1,0,0,Open,1,0,0,Fine,Null
1769875.4314,5899032.4157,854245,,523920,0,0,0,0,0,South,2022/2023,SOUTHERN MOTORWAY,GT SOUTH OBR,,Non-Injury Crash,Yes,2023,0,North,0,0,0,Flat,1,,0,,0,Bright sun,767911,0,0,0,3,0,0,0,0,0,,0,0,Auckland Region,Nil,1-way,Sealed,0,0,0,0,100,0,Off,0,0,,76,Auckland,Nil,0,0,0,0,0,0,Open,1,0,0,Light rain,Null
1760044.2051,5908202.6888,854247,,524121,0,0,0,1,0,South,2022/2023,SOUTH-WESTERN MOTORWAY,HALL FTBR,,Minor Crash,Yes,2023,0,North,0,0,0,Flat,0,,0,,0,Dark,737103,1,0,0,2,0,0,0,0,0,,0,0,Auckland Region,Nil,1-way,Sealed,0,0,0,0,100,0,On,0,0,,76,Auckland,Nil,0,0,0,1,0,0,Open,0,0,0,Fine,Null
1738485.7902,5923910.4062,854264,,513701,0,,0,1,,West,2024/2025,TAUPAKI ROAD,RAIL XING,,Minor Crash,No,2024,,West,,0,,Flat,,,,,,Bright sun,229500,1,0,1,2,,,0,,,,,,Auckland Region,Nil,2-way,Sealed,,0,0,,60,,None,0,0,,76,Auckland,Nil,,,,,0,0,Urban,0,,,Fine,Null
1751536.3162,5912329.975,854268,,514700,0,,0,1,,Null,2023/2024,KINROSS STREET,HEAPHY STREET,,Non-Injury Crash,No,2024,,North,,0,,Flat,,,,,,Bright sun,368300,0,0,0,2,,,0,,,1,,,Auckland Region,Speed hump,2-way,Sealed,,0,0,,50,,Off,0,0,,76,Auckland,Give way,,,,,0,0,Urban,0,,,Fine,Null
1758496.0427,5912387.8486,854284,,519810,0,0,0,2,0,East,2023/2024,ARTHUR STREET,QUADRANT ROAD,,Non-Injury Crash,No,2024,0,West,0,0,0,Flat,0,,0,,0,Overcast,598800,0,0,0,2,0,0,0,0,1,,0,0,Auckland Region,Nil,2-way,Sealed,0,0,0,0,50,0,Off,0,0,,76,Auckland,Nil,0,0,0,0,0,0,Urban,0,0,0,Fine,Null
1749507.9416,5945827.0146,854304,,505806,0,,1,0,,Null,2023/2024,HIBISCUS COAST HIGHWAY,BRIAN SMITH DRIVE,,Non-Injury Crash,No,2024,,East,,0,,Flat,,,,,,Bright sun,176602,0,0,0,2,,,0,,,,,,Auckland Region,Nil,1-way,Sealed,,0,0,,60,,Off,0,0,,76,Auckland,Give way,,,,,0,0,Urban,1,,,Fine,Null
1763216.1528,5911830.6165,854319,,520500,0,,1,1,,Null,2022/2023,GREAT SOUTH ROAD,SYLVIA PARK ROAD,,Minor Crash,No,2023,,South,,0,,Hill Road,,,,,,Bright sun,637300,2,0,0,4,,,0,,,,,,Auckland Region,Bridge,2-way,Sealed,,0,0,,50,,Off,1,0,,76,Auckland,Give way,,,,,1,0,Urban,0,,,Fine,Null
1751697.7711,5917111.7732,854320,,514900,0,,0,2,,Null,2023/2024,GREAT NORTH ROAD,ALFORD STREET,,Non-Injury Crash,No,2024,,North,,0,,Flat,,,,,,Overcast,384701,0,0,0,4,,,0,,,,,,Auckland Region,Nil,2-way,Sealed,,0,0,,50,,Off,0,0,,76,Auckland,Traffic Signals,,,,,0,0,Urban,0,,,Fine,Null
1771689.8347,5894611.8337,854321,,525530,0,0,0,1,0,South,2022/2023,SOUTHERN MOTORWAY,BEACH OBR,,Minor Crash,Yes,2023,0,South,1,0,1,Flat,1,,0,,0,Dark,804901,1,0,0,2,0,0,0,0,0,,0,0,Auckland Region,Nil,1-way,Sealed,0,0,0,0,100,0,On,0,0,80,76,Auckland,Nil,0,0,0,0,0,0,Open,0,0,0,Fine,Null
1766439.8208,5905226.5806,854324,,524603,0,,0,2,,Null,2022/2023,LAMBIE DRIVE,PUHINUI ROAD,,Non-Injury Crash,No,2023,,North,,0,,Flat,,,,,,Bright sun,674300,0,0,0,2,,,0,,,,,,Auckland Region,Nil,1-way,Sealed,,0,0,,50,,Off,0,0,,76,Auckland,Traffic Signals,,,,,0,0,Urban,0,,,Fine,None
1771602.0336,5899343.3785,854336,,523911,0,,0,1,,Null,2023/2024,PORCHESTER ROAD,BERWYN AVENUE,,Non-Injury Crash,No,2024,,North,,0,,Flat,,,,,,Overcast,767002,0,0,0,2,,,0,,,,,,Auckland Region,Nil,2-way,Sealed,,0,0,,50,,Off,1,0,,76,Auckland,Give way,,,,,0,0,Urban,0,,,Hail or Sleet,Strong wind
1767582.4006,5904623.274,854337,,524604,0,0,0,3,0,Null,2022/2023,GREAT SOUTH ROAD,RONWOOD AVENUE,,Serious Crash,No,2023,0,North,0,0,0,Flat,0,,0,,0,Overcast,780204,1,0,0,3,0,0,0,0,1,,0,0,Auckland Region,Nil,2-way,Sealed,0,0,1,0,50,0,Off,0,0,,76,Auckland,Traffic Signals,0,0,0,0,0,0,Urban,0,0,0,Fine,Null
1742939.2391,5905140.7407,854341,65,513800,0,0,0,1,1,North,2022/2023,HUIA ROAD,PINE AVENUE,,Non-Injury Crash,No,2023,0,South,0,0,0,Flat,0,,0,,0,Overcast,303101,0,0,0,2,0,0,0,0,0,,0,0,Auckland Region,Nil,2-way,Unsealed,0,0,0,0,80,0,None,0,0,,76,Auckland,Nil,0,0,0,0,0,0,Open,0,0,0,Light rain,Null
1755147.5205,5914312.2878,854344,,518803,0,,0,3,,North,2023/2024,MOUNT ALBERT ROAD,DOMINION ROAD,,Non-Injury Crash,No,2024,,South,,0,,Flat,,,,,,Dark,580100,0,0,0,4,,,0,,,,,,Auckland Region,Nil,2-way,Sealed,,0,0,,50,,None,0,0,,76,Auckland,Nil,,,,,0,0,Urban,0,,,Fine,Null
1752496.3896,5928308.0082,854345,,508411,0,0,0,0,0,East,2022/2023,MANUKA ROAD,WITHEFORD DRIVE,,Non-Injury Crash,No,2023,0,East,0,0,0,Flat,0,,0,,0,Dark,185800,0,0,0,2,0,0,0,0,1,,0,0,Auckland Region,Nil,2-way,Sealed,0,0,0,0,50,0,On,1,0,,76,Auckland,Nil,0,0,0,0,0,0,Urban,1,0,0,Fine,Null
1747290.5044,5915842.6764,854348,,511601,0,0,0,3,0,North,2023/2024,FARQUHAR ROAD,PHELPS PLACE,,Non-Injury Crash,No,2023,0,North,0,0,0,Flat,0,,0,,0,Overcast,275400,0,0,0,2,0,0,0,0,1,,0,0,Auckland Region,Nil,2-way,Sealed,0,0,0,0,50,0,Off,0,0,,76,Auckland,Nil,0,0,0,0,0,0,Urban,0,0,0,Fine,Null
1743657.6912,5919377.518,854349,,513212,0,,0,2,,Null,2022/2023,SWANSON ROAD,UNIVERSAL DRIVE,,Non-Injury Crash,No,2023,,East,,0,,Flat,,,,,,Overcast,235711,0,0,0,2,,,0,,,,,,Auckland Region,Nil,2-way,Sealed,,0,0,,50,,Off,0,0,,76,Auckland,Give way,,,,,0,0,Urban,0,,,Fine,Null
1750386.9708,5970665.6735,854353,,506661,0,,0,0,,East,2023/2024,SANDSPIT ROAD,PARK LANE,,Serious Crash,No,2023,,West,,0,,Hill Road,,Christmas New Year,,,,Bright sun,139400,0,0,1,2,,,0,,,,,,Auckland Region,Nil,2-way,Sealed,,0,1,,80,,None,0,0,,76,Auckland,Nil,,,,,0,0,Open,0,,,Fine,Null
1753965.7402,5924808.7451,854356,,510500,0,,1,0,,East,2023/2024,ONEWA ROAD,BIRKENHEAD AVENUE,,Serious Crash,No,2024,,West,,0,,Flat,,,,,,Overcast,355800,0,0,0,4,,,0,,,1,,,Auckland Region,Nil,2-way,Sealed,,0,1,,50,,Off,0,0,,76,Auckland,Nil,,,,,0,0,Urban,0,,,Fine,Null
1737857.1851,5929284.9441,854359,,505602,0,,0,1,,East,2023/2024,MAIN ROAD,ORAHA ROAD,,Minor Crash,Yes,2024,,East,,0,,Flat,,,,,,Bright sun,214900,1,0,0,2,,,0,,,,,,Auckland Region,Nil,2-way,Sealed,,0,0,,50,,Off,0,0,,76,Auckland,Nil,,,,,0,0,Urban,2,,,Fine,Null
1766824.4471,5904637.6093,854361,,524604,0,,0,1,,Null,2022/2023,OFF ROAD - CAR PARK,,,Minor Crash,No,2023,,Null,,0,,Flat,,,,,,Overcast,780209,1,0,0,,,,0,,,1,,,Auckland Region,Nil,Off road,Sealed,,0,0,,,,None,0,0,,76,Auckland,Nil,,,,,0,0,Urban,0,,,Fine,Null
1754903.0238,5929636.6623,854364,,508420,0,0,0,0,0,Null,2023/2024,OFF ROAD - BOWLING ZONE CAR PARK,,,Minor Crash,No,2024,0,West,0,0,1,Flat,0,,0,,0,Bright sun,183800,2,0,0,,0,0,0,1,0,,0,0,Auckland Region,Nil,Off road,Sealed,0,0,0,0,,0,Off,1,0,,76,Auckland,Nil,0,0,0,0,0,0,Urban,0,0,0,Fine,Null
1755252.6216,5931191.3311,854368,,508520,0,0,0,2,0,South,2023/2024,JUNIPER ROAD,ERICA ROAD,,Non-Injury Crash,No,2023,0,South,0,0,0,Hill Road,0,,0,,0,Dark,191000,0,0,0,2,0,0,0,0,1,,0,0,Auckland Region,Nil,2-way,Sealed,0,0,0,0,50,0,On,0,0,,76,Auckland,Nil,0,0,0,0,0,0,Urban,0,0,0,Fine,Null
1751180.7115,5931707.5368,854369,,508806,0,,0,2,,Null,2022/2023,ALBANY HIGHWAY,APPLEBY ROAD,,Minor Crash,No,2023,,South,,0,,Hill Road,,,,,,Bright sun,180101,1,0,0,4,,,0,,,,,,Auckland Region,Nil,2-way,Sealed,,0,0,,50,,Off,0,0,,76,Auckland,Nil,,,,,0,0,Urban,0,,,Fine,Null
1753459.3787,5937743.7941,854389,,508900,0,0,0,1,0,North,2023/2024,OKURA RIVER ROAD,EAST COAST ROAD,,Serious Crash,No,2023,0,South,1,0,0,Flat,0,,0,,0,Overcast,178308,0,0,0,2,0,0,0,0,0,,0,0,Auckland Region,Nil,2-way,Sealed,0,0,1,0,50,0,None,0,0,,76,Auckland,Nil,0,0,0,1,0,0,Urban,0,0,0,Light rain,Null
1746445.7514,5919386.5709,854397,,512401,0,0,0,1,0,West,2023/2024,SYLVAN CRESCENT,FLANSHAW ROAD,,Non-Injury Crash,No,2023,0,West,0,0,0,Flat,0,,0,,0,Dark,253100,0,0,0,2,0,0,0,0,1,,0,0,Auckland Region,Nil,2-way,Sealed,0,0,0,0,30,0,On,0,0,,76,Auckland,Nil,0,0,0,0,0,0,Urban,1,0,0,Fine,Null
1760142.6383,5915905.9977,854401,,516003,0,,0,2,,Null,2022/2023,GREEN LANE EAST OFF RAMP,GREEN LANE EAST,,Non-Injury Crash,No,2023,,West,,0,,Hill Road,,,,,,Unknown,494902,0,0,0,1,,,0,,,,,,Auckland Region,Nil,1-way,Sealed,,0,0,,50,,Null,0,0,,76,Auckland,Give way,,,,,0,0,Urban,0,,,Null,Null
1768245.5308,5903801.6383,854404,,523820,0,,0,1,,East,2023/2024,SOUTH-WESTERN MOTORWAY,LINK 1N SBD OBR,,Minor Crash,Yes,2024,,South,,0,,Flat,,,,,,Bright sun,760142,1,0,0,2,,,0,,,,,,Auckland Region,Underpass,1-way,Sealed,,0,0,,100,,Off,0,0,,76,Auckland,Nil,,,,,1,0,Open,0,,,Fine,Null
1764349.4465,5910181.3004,854439,,521801,0,,0,1,,Null,2022/2023,CHURCH STREET,PRINCES STREET,,Non-Injury Crash,No,2023,,South,,0,,Flat,,,,,,Bright sun,786902,0,0,0,2,,,0,,,,,,Auckland Region,Nil,2-way,Sealed,,0,0,,50,,Off,0,0,,76,Auckland,Traffic Signals,,,,,0,0,Urban,1,,,Fine,Null
1771629.09,5915314.0498,854443,45,521602,0,,0,2,,Null,2022/2023,RIDGE ROAD,MELLONS BAY ROAD,,Non-Injury Crash,No,2023,,East,,0,,Hill Road,,,,,,Overcast,646600,0,0,0,3,,,0,,,,,,Auckland Region,Nil,2-way,Sealed,,0,0,,50,,Off,0,0,,76,Auckland,Give way,,,,,0,0,Urban,0,,,Fine,Null
1749293.9952,5914257.3149,854444,,511302,0,,0,1,,Null,2024/2025,RIMU STREET,NIKAU STREET,,Minor Crash,No,2024,,East,,0,,Flat,,,,,,Dark,268600,2,0,0,2,,,0,,,,,,Auckland Region,Nil,2-way,Sealed,,0,0,,50,,On,0,0,,76,Auckland,Stop,,,,,0,0,Urban,1,,,Fine,Null
1744908.4459,5921269.4336,854445,,513530,0,,0,2,,North,2022/2023,NORTH-WESTERN MOTORWAY,HURUHURU OBR,,Non-Injury Crash,Yes,2023,,South,,0,,Hill Road,,,,,,Bright sun,226302,0,0,0,3,,,0,,,,,,Auckland Region,Nil,1-way,Sealed,,0,0,,100,,Off,0,0,,76,Auckland,Nil,,,,,0,0,Open,0,,,Fine,Null
1745680.3819,5923807.935,854468,,513522,0,0,0,2,0,West,2023/2024,LUCKENS ROAD,MATISSE DRIVE,,Non-Injury Crash,No,2024,0,East,0,0,0,Flat,0,,0,,0,Bright sun,224124,0,0,0,2,0,0,0,0,1,,0,0,Auckland Region,Nil,2-way,Sealed,0,0,0,0,50,0,Off,0,0,,76,Auckland,Nil,0,0,0,0,0,0,Urban,0,0,0,Fine,Null
1760464.6509,5947433.4693,854469,,505904,0,0,0,0,0,East,2022/2023,WHANGAPARAOA ROAD,FISHERMANS COVE,,Non-Injury Crash,No,2023,0,West,0,0,1,Hill Road,0,,0,,0,Overcast,175003,0,0,0,2,0,0,0,0,0,,0,0,Auckland Region,Nil,2-way,Sealed,0,0,0,0,50,0,Off,1,0,,76,Auckland,Nil,0,0,0,0,0,0,Urban,0,0,0,Heavy rain,Null
1759831.9037,5915727.5939,854471,,519200,0,0,0,1,0,South,2022/2023,GREEN LANE WEST,GREAT SOUTH ROAD,,Non-Injury Crash,No,2023,0,South,0,0,0,Flat,0,,0,,0,Bright sun,616000,0,0,0,4,0,0,0,0,1,,0,0,Auckland Region,Nil,2-way,Sealed,0,0,0,0,50,0,Null,0,1,,76,Auckland,Nil,0,0,0,0,0,0,Urban,1,0,0,Fine,Null
1766799.6056,5901811.4727,854472,,524720,0,,0,4,,South,2023/2024,RUSSELL ROAD,BROWNS ROAD,,Non-Injury Crash,No,2024,,South,,0,,Flat,,,,,,Overcast,777800,0,0,0,2,,,0,,,,,,Auckland Region,Nil,2-way,Sealed,,0,0,,50,,Off,0,0,,76,Auckland,Nil,,,,,0,0,Urban,0,,,Light rain,Null
1759506.4071,5907372.5395,854480,,524122,0,0,0,1,0,Null,2023/2024,IDLEWILD AVENUE,VALIANT STREET,,Minor Crash,No,2024,0,West,0,0,0,Flat,0,,0,,0,Dark,738300,2,0,0,2,0,0,0,0,1,,0,0,Auckland Region,Nil,2-way,Sealed,0,0,0,0,50,0,On,0,0,,76,Auckland,Nil,0,0,0,0,1,0,Urban,0,0,0,Light rain,Null
1743104.2374,5918544.9215,854484,,513213,0,,0,2,,Null,2024/2025,METCALFE ROAD,RANUI STATION ROAD,,Non-Injury Crash,No,2024,,North,,0,,Null,,,,,,Dark,236005,0,0,0,2,,,0,,,,,,Auckland Region,Rail xing,2-way,Sealed,,0,0,,50,,Null,0,0,,76,Auckland,Give way,,,,,0,0,Urban,0,,,Fine,Null
1757797.6834,5927118.3441,854492,,508010,0,,0,2,,South,2024/2025,AUBURN STREET,ANZAC STREET,,Non-Injury Crash,No,2024,,South,,0,,Flat,,,,,,Overcast,327700,0,0,0,2,,,0,,,,,,Auckland Region,Nil,2-way,Sealed,,0,0,,50,,On,0,0,,76,Auckland,Nil,,,,,0,0,Urban,0,,,Fine,Null
1768781.0092,5904762.6792,854507,,523722,0,0,0,1,0,North,2022/2023,HOLLYFORD DRIVE,REDOUBT ROAD,,Non-Injury Crash,No,2023,0,South,0,0,0,Flat,0,,0,,0,Dark,715909,0,0,0,2,0,0,0,0,0,,0,1,Auckland Region,Nil,2-way,Sealed,0,0,0,0,50,0,On,0,0,,76,Auckland,Nil,0,0,0,1,0,0,Urban,0,0,0,Fine,Null
1745155.7114,5893944.1794,854508,,521151,0,0,0,0,0,North,2024/2025,AWHITU ROAD,BROOK ROAD,,Serious Crash,No,2025,0,South,1,0,0,Hill Road,0,,0,,0,Bright sun,829900,0,0,1,2,0,0,0,0,0,,0,0,Auckland Region,Nil,2-way,Sealed,0,0,1,0,80,0,None,0,0,,76,Auckland,Nil,0,0,0,0,0,0,Open,0,0,0,Fine,Null
1751593.8081,5914342.7598,854528,,514402,0,0,0,2,0,North,2023/2024,BLOCKHOUSE BAY ROAD,WOLVERTON STREET,,Non-Injury Crash,No,2024,0,North,0,0,0,Hill Road,0,,0,,0,Twilight,380600,0,0,0,2,0,0,0,0,1,,0,0,Auckland Region,Nil,2-way,Sealed,0,0,0,0,50,0,Off,0,0,,76,Auckland,Nil,0,0,0,0,0,0,Urban,0,0,0,Fine,Null
1762524.1924,5907303.2532,854535,,524520,0,,0,1,,South,2023/2024,MASSEY ROAD,YATES ROAD,,Minor Crash,No,2023,,South,,0,,Flat,,,,,,Bright sun,734603,1,0,0,2,,,0,,,,,,Auckland Region,Nil,2-way,Sealed,,0,0,,50,,Off,1,0,,76,Auckland,Nil,,,,,0,0,Urban,0,,,Fine,Null
1761241.9331,5914601.0604,854536,,520202,0,,0,2,,Null,2023/2024,SOUTHERN MOTORWAY,ELLERSLIE-PANMURE HWY OFF RAMP,,Minor Crash,Yes,2024,,South,,0,,Flat,,,,,,Bright sun,612100,1,0,0,4,,,0,,,,,,Auckland Region,Nil,1-way,Sealed,,0,0,,100,,Off,0,0,,76,Auckland,Nil,,,,,0,0,Open,0,,,Fine,Null
1758800.7208,5912408.5574,854576,,519810,0,,0,2,,Null,2023/2024,SELWYN STREET,ARTHUR STREET,,Non-Injury Crash,No,2023,,North,,0,,Hill Road,,,,,,Bright sun,599000,0,0,0,2,,,0,,,,,,Auckland Region,Nil,2-way,Sealed,,0,0,,50,,Off,0,0,,76,Auckland,Stop,,,,,0,0,Urban,1,,,Fine,Null
1769906.8121,5899375.2838,854579,,523911,0,,0,2,,Null,2022/2023,GREAT SOUTH ROAD,SPARTAN ROAD,,Non-Injury Crash,No,2023,,South,,0,,Flat,,,,,,Overcast,766500,0,0,0,2,,,0,,,,,,Auckland Region,Underpass,1-way,Sealed,,0,0,,70,,Null,0,0,,76,Auckland,Traffic Signals,,,,,0,0,Urban,0,,,Fine,Null
1773106.2101,5890660.4218,854584,,521301,0,,0,1,,South,2023/2024,SOUTHERN MOTORWAY,GREAT SOUTH ROAD OFF RAMP,,Non-Injury Crash,Yes,2023,,North,,0,,Flat,,,,,,Overcast,809200,0,0,0,2,,,0,,,,,,Auckland Region,Nil,1-way,Sealed,,0,0,,100,,Off,0,0,,76,Auckland,Nil,,,,,0,0,Open,1,,,Fine,Null
1763500.2633,5910644.0869,854587,,521901,1,,0,1,,Null,2023/2024,GREAT SOUTH ROAD,PORTAGE ROAD,,Minor Crash,No,2024,,South,,0,,Flat,,,,,,Bright sun,781500,1,0,0,4,,,0,,,,,,Auckland Region,Nil,2-way,Sealed,,0,0,,50,,Off,0,0,,76,Auckland,Traffic Signals,,,,,0,0,Urban,0,,,Fine,Null
1767447.3946,5882554.3035,854597,,521112,0,0,0,1,0,South,2023/2024,HELVETIA ROAD,GUN CLUB ROAD,,Minor Crash,No,2023,0,North,0,0,0,Hill Road,0,,0,,0,Dark,826500,1,0,0,2,0,0,0,0,0,,0,0,Auckland Region,Nil,2-way,Sealed,0,0,0,0,80,0,None,0,0,,76,Auckland,Nil,0,0,0,1,0,0,Open,0,0,0,Fine,Null
1747369.5977,5914868.0546,854599,,511602,0,0,0,2,0,North,2023/2024,PALMER AVENUE,GREAT NORTH ROAD,,Non-Injury Crash,No,2023,0,North,0,0,0,Hill Road,0,,0,,0,Dark,272800,0,0,0,2,0,0,0,0,1,,0,0,Auckland Region,Nil,2-way,Sealed,0,0,0,0,50,0,On,0,0,,76,Auckland,Nil,0,0,0,0,0,0,Urban,0,0,0,Fine,Null
1747849.6806,5927182.8613,854600,,513431,0,,0,2,,West,2023/2024,UPPER HARBOUR MOTORWAY,SQUADRON DRIVE OFF RAMP,,Non-Injury Crash,Yes,2023,,West,,0,,Flat,,,,,,Overcast,221903,0,0,0,2,,,0,,,,,,Auckland Region,Nil,1-way,Sealed,,0,0,,100,,Off,0,0,,76,Auckland,Nil,,,,,0,0,Open,0,,,Fine,Null
1740793.2713,5911363.4537,854603,25,513020,0,,0,1,,South,2022/2023,WEST COAST ROAD,CASCADE AVENUE,,Non-Injury Crash,No,2023,,North,,0,,Hill Road,,,,,,Overcast,280302,0,0,0,2,,,0,,,,,,Auckland Region,Nil,2-way,Sealed,,0,0,,70,,None,0,0,,76,Auckland,Nil,,,,,0,0,Urban,1,,,Fine,Null
1763966.4848,5904253.3362,854611,,524604,0,,0,2,,Null,2022/2023,PUHINUI ROAD,PUHINUI ROAD-SH 20B ON RAMP,,Non-Injury Crash,Yes,2023,,East,,0,,Hill Road,,,,,,Overcast,780902,0,0,0,3,,,0,,,,,,Auckland Region,Nil,1-way,Sealed,,0,0,,50,,Off,0,0,,76,Auckland,Traffic Signals,,,,,0,0,Urban,0,,,Heavy rain,Null
1756760.1899,5920190.4131,854620,,514102,0,,1,1,,Null,2023/2024,COOK STREET,NELSON STREET,,Non-Injury Crash,No,2023,,East,,0,,Hill Road,,,,,,Overcast,432700,0,0,0,5,,,0,,,,,,Auckland Region,Nil,2-way,Sealed,,0,0,,30,,Off,0,0,,76,Auckland,Traffic Signals,,,,,0,0,Urban,0,,,Light rain,Null