X,Y,OBJECTID,advisorySpeed,areaUnitID,bicycle,bridge,bus,carStationWagon,cliffBank,crashDirectionDescription,crashFinancialYear,crashLocation1,crashLocation2,crashRoadSideRoad,crashSeverity,crashSHDescription,crashYear,debris,directionRoleDescription,ditch,fatalCount,fence,flatHill,guardRail,holiday,houseOrBuilding,intersection,kerb,light,meshblockId,minorInjuryCount,moped,motorcycle,NumberOfLanes,objectThrownOrDropped,otherObject,otherVehicleType,overBank,parkedVehicle,pedestrian,phoneBoxEtc,postOrPole,region,roadCharacter,roadLane,roadSurface,roadworks,schoolBus,seriousInjuryCount,slipOrFlood,speedLimit,strayAnimal,streetLight,suv,taxi,temporarySpeedLimit,tlaId,tlaName,trafficControl,trafficIsland,trafficSign,train,tree,truck,unknownVehicleType,urban,vanOrUtility,vehicle,waterRiver,weatherA,weatherB
1752009.9096,5918049.7798,854640,,515001,0,0,0,0,0,Null,2023/2024,GREAT NORTH ROAD,GREAT NORTH ROAD OFF RAMP,,Minor Crash,No,2023,0,West,0,0,0,Hill Road,0,,0,,1,Dark,392400,1,0,0,4,0,0,0,0,0,,0,0,Auckland Region,Underpass,2-way,Sealed,0,0,0,0,50,0,On,1,0,,76,Auckland,Traffic Signals,0,0,0,1,0,0,Urban,0,0,0,Fine,Null
1759316.7255,5910808.328,854643,,524002,0,,0,1,,North,2022/2023,SOUTH-WESTERN MOTORWAY,RIMU ROAD ON RAMP,,Minor Crash,Yes,2023,,North,,0,,Flat,,,,,,Overcast,722400,1,0,0,3,,,0,,,,,,Auckland Region,Bridge,1-way,Sealed,,0,0,,100,,Off,0,0,,76,Auckland,Nil,,,,,1,0,Open,0,,,Heavy rain,Strong wind
1756731.3842,5920061.2584,854645,,514102,0,0,0,3,0,South,2022/2023,NELSON STREET,NICHOLAS STREET,,Non-Injury Crash,No,2023,0,North,0,0,0,Hill Road,0,,0,,0,Dark,434602,0,0,0,5,0,0,0,0,1,,0,0,Auckland Region,Nil,1-way,Sealed,0,0,0,0,40,0,On,1,0,,76,Auckland,Nil,0,0,0,0,0,0,Urban,0,0,0,Fine,Null
1750011.6776,5912928.5835,854647,,511402,0,0,0,2,0,Null,2023/2024,ASTLEY AVENUE,MAUI STREET,,Minor Crash,No,2023,0,South,0,0,0,Flat,0,,0,,0,Overcast,261504,2,0,0,2,0,0,0,0,1,,0,0,Auckland Region,Nil,2-way,Sealed,0,0,0,0,50,0,Off,0,0,40,76,Auckland,Stop,0,0,0,0,0,0,Urban,0,0,0,Fine,Strong wind
1767294.0973,5905133.3887,854648,,524603,0,0,0,1,0,North,2023/2024,GREAT SOUTH ROAD,RYAN PLACE,,Non-Injury Crash,No,2023,0,South,0,0,0,Flat,0,,0,,0,Dark,780304,0,0,0,2,0,0,0,0,0,,0,0,Auckland Region,Nil,2-way,Sealed,0,0,0,0,50,0,On,0,0,,76,Auckland,Nil,0,1,0,0,0,0,Urban,0,0,0,Mist or Fog,Null
1757633.9472,5918369.0999,854649,,514302,0,,0,3,,North,2023/2024,SOUTHERN MOTORWAY,MOUNTAIN OBR,,Minor Crash,Yes,2023,,South,,0,,Flat,,,,,,Dark,442100,2,0,0,5,,,1,,,,,,Auckland Region,Nil,1-way,Sealed,,0,0,,80,,On,1,0,,76,Auckland,Nil,,,,,1,0,Open,0,,,Heavy rain,Null
1757819.0657,5918538.6863,854653,,517400,0,,0,0,,Null,2023/2024,PARK ROAD,KHYBER PASS ROAD,,Minor Crash,No,2023,,North,,0,,Hill Road,,,,,,Dark,450000,1,0,0,5,,,0,,,1,,,Auckland Region,Nil,2-way,Sealed,,0,0,,50,,On,0,0,,76,Auckland,Traffic Signals,,,,,0,0,Urban,0,,,Fine,Null
1769598.7894,5912211.523,854655,,523105,0,0,0,1,0,West,2022/2023,FRANK NOBILO DRIVE,JAN HIGGINS PLACE,,Non-Injury Crash,No,2023,0,East,0,0,0,Flat,0,Easter,0,,0,Bright sun,711122,0,0,0,2,0,0,0,0,1,,0,0,Auckland Region,Nil,2-way,Sealed,0,0,0,0,50,0,Off,1,0,,76,Auckland,Nil,0,0,0,0,0,0,Urban,1,0,0,Fine,Null
1764230.7867,5904068.8583,854657,,524604,0,,0,2,,South,2022/2023,SOUTH-WESTERN MOTORWAY,PUHINUI OBR,,Non-Injury Crash,Yes,2023,,North,,0,,Hill Road,,,,,,Bright sun,781100,0,0,0,2,,,0,,,,,,Auckland Region,Nil,1-way,Sealed,,0,0,,100,,Off,0,0,,76,Auckland,Nil,,,,,0,0,Open,0,,,Fine,Null
1771359.0787,5898848.7409,854660,,523912,0,0,0,2,0,North,2023/2024,RERE CLOSE,WAIREPO STREET,,Non-Injury Crash,No,2023,0,North,0,0,0,Flat,0,,0,,0,Dark,767400,0,0,0,1,0,0,0,0,1,,0,0,Auckland Region,Nil,1-way,Sealed,0,0,0,0,50,0,On,0,0,,76,Auckland,Nil,0,0,0,0,0,0,Urban,0,0,0,Fine,Null
1767775.8063,5904304.5777,854664,,524604,0,,0,2,,Null,2022/2023,GREAT SOUTH ROAD,REDOUBT ROAD,,Non-Injury Crash,No,2023,,South,,0,,Flat,,,,,,Bright sun,780302,0,0,0,6,,,0,,,,,,Auckland Region,Nil,2-way,Sealed,,0,0,,50,,Off,0,0,,76,Auckland,Traffic Signals,,,,,0,0,Urban,0,,,Fine,Null
1755054.4559,5930031.6162,854680,,508420,0,,0,1,,Null,2023/2024,LINK DRIVE,SUNNYNOOK ROAD,,Serious Crash,No,2024,,North,,0,,Hill Road,,,,,,Bright sun,183800,0,0,0,2,,,0,,,,,,Auckland Region,Nil,2-way,Sealed,,0,1,,50,,Off,1,0,,76,Auckland,Give way,,,,,0,0,Urban,0,,,Fine,Null
1744146.8451,5917323.9154,854685,,513220,0,0,0,2,0,North,2022/2023,STURGES ROAD,BURGUNDY PARK AVENUE,,Non-Injury Crash,No,2023,0,North,0,0,0,Flat,0,,0,,0,Dark,236705,0,0,0,2,0,0,0,0,1,,0,0,Auckland Region,Nil,2-way,Sealed,0,0,0,0,50,0,On,0,0,,76,Auckland,Nil,0,0,0,0,0,0,Urban,0,0,0,Fine,Null
1753578.0147,5923933.8343,854692,,510402,0,0,0,1,0,South,2024/2025,COLONIAL ROAD,MOKOIA ROAD,,Minor Crash,No,2025,0,North,0,0,0,Hill Road,0,,0,,0,Overcast,351300,1,0,0,2,0,0,0,0,0,,0,1,Auckland Region,Nil,2-way,Sealed,0,0,0,0,50,0,Off,0,0,,76,Auckland,Nil,0,0,0,0,0,0,Urban,0,0,0,Fine,Null
1750824.4416,5939520.4931,854696,,506003,0,,0,2,,South,2024/2025,NORTHERN MOTORWAY,BAWDEN OBR,,Minor Crash,Yes,2025,,East,,0,,Flat,,,,,,Dark,175818,2,0,0,2,,,0,,,,,,Auckland Region,Nil,1-way,Sealed,,0,0,,100,,None,0,0,,76,Auckland,Nil,,,,,0,0,Open,0,,,Fine,Null
1772721.8193,5895399.6634,854697,,525530,0,,0,2,,Null,2023/2024,BEACH ROAD,GREAT SOUTH ROAD,,Minor Crash,No,2023,,East,,0,,Flat,,,,,,Twilight,804701,1,0,0,4,,,0,,,,,,Auckland Region,Nil,2-way,Sealed,,0,0,,50,,On,0,0,,76,Auckland,Traffic Signals,,,,,0,0,Urban,0,,,Fine,Null
1755750.0667,5918375.8237,854704,,515500,0,,0,0,,North,2024/2025,NORTH-WESTERN MOTORWAY,BOND OBR,,Non-Injury Crash,Yes,2024,,North,,0,,Flat,,,,,,Dark,419400,0,0,0,4,,,0,,,,,,Auckland Region,Nil,1-way,Sealed,,0,0,,80,,On,0,0,,76,Auckland,Nil,,,,,0,0,Open,2,,,Fine,Null
1753498.9011,5914407.9057,854708,,518801,0,,0,2,,Null,2023/2024,MAIORO STREET,MAIORO STREET OFF RAMP,,Non-Injury Crash,No,2024,,North,,0,,Flat,,,,,,Dark,578400,0,0,0,3,,,0,,,,,,Auckland Region,Nil,1-way,Sealed,,0,0,,50,,On,0,0,,76,Auckland,Traffic Signals,,,,,0,0,Urban,0,,,Light rain,Null
1745363.8236,5920387.7734,854711,,513301,0,,0,1,,Null,2022/2023,TRIANGLE ROAD,LINCOLN ROAD,,Non-Injury Crash,No,2023,,South,,0,,Flat,,,,,,Dark,231700,0,0,0,3,,,0,,,,,,Auckland Region,Nil,2-way,Sealed,,0,0,,50,,On,0,0,,76,Auckland,Traffic Signals,,,,,0,0,Urban,1,,,Fine,Null
1770209.6199,5908073.1248,854720,,523713,0,0,0,3,0,West,2024/2025,STANCOMBE ROAD,KESTEV DRIVE,,Serious Crash,No,2024,0,East,0,0,0,Flat,0,,0,,0,Bright sun,712401,1,0,0,2,0,0,0,0,1,,0,0,Auckland Region,Nil,2-way,Sealed,0,0,1,0,60,0,Off,0,0,,76,Auckland,Nil,0,0,0,0,0,0,Urban,0,0,0,Fine,Null
1747833.0819,5948359.0196,854729,55,506201,0,0,0,0,0,Null,2022/2023,WAINUI ROAD,UPPER OREWA ROAD,,Non-Injury Crash,No,2023,0,East,0,0,1,Flat,0,,0,,0,Dark,176603,0,0,0,2,0,0,0,0,0,,0,0,Auckland Region,Nil,2-way,Sealed,0,0,0,0,100,0,On,0,0,,76,Auckland,Give way,0,0,0,0,0,0,Open,1,0,0,Mist or Fog,Null
1771047.2565,5914151.9627,854735,,521602,0,0,0,1,0,North,2023/2024,UNION ROAD,PEGLER DRIVE,,Minor Crash,No,2023,0,South,0,0,0,Flat,0,,0,,0,Overcast,648100,1,0,0,2,0,0,0,0,1,,0,0,Auckland Region,Nil,2-way,Sealed,0,0,0,0,50,0,On,1,0,,76,Auckland,Nil,0,0,0,0,0,0,Urban,0,0,0,Light rain,Null
1753563.0883,5927857.3792,854737,,508310,0,,0,1,,North,2023/2024,GLENFIELD ROAD,PEACH ROAD,,Minor Crash,No,2023,,North,,0,,Flat,,,,,,Bright sun,200000,2,0,0,4,,,0,,,,,,Auckland Region,Nil,2-way,Sealed,,0,0,,50,,Off,1,0,,76,Auckland,Nil,,,,,0,0,Urban,0,,,Fine,Null
1757753.3744,5912183.7883,854744,,519810,0,0,0,4,0,West,2023/2024,SOUTH-WESTERN MOTORWAY,BEACHCROFT FTBR,,Non-Injury Crash,Yes,2023,0,West,0,0,0,Flat,1,,0,,0,Bright sun,597200,0,0,0,3,0,0,0,0,0,,0,0,Auckland Region,Bridge,1-way,Sealed,0,0,0,0,100,0,Off,1,0,,76,Auckland,Nil,0,0,0,0,0,0,Open,0,0,0,Fine,Null
1785504.8443,5906003.6626,854756,,525201,0,,0,0,,South,2023/2024,CLEVEDON-KAWAKAWA ROAD,KAIMAHI RISE,,Non-Injury Crash,No,2024,,North,,0,,Hill Road,,,,,,Overcast,764100,0,0,0,2,,,0,,,,,,Auckland Region,Nil,2-way,Sealed,,0,0,,80,,None,0,0,,76,Auckland,Nil,,,,,0,0,Open,1,,,Heavy rain,Strong wind
1753539.4489,5916671.2719,854780,,517800,0,0,0,2,0,North,2023/2024,KITENUI AVENUE,ALEXIS AVENUE,,Non-Injury Crash,No,2024,0,West,0,0,0,Flat,0,,0,,0,Twilight,528300,0,0,0,2,0,0,0,0,1,,0,0,Auckland Region,Nil,2-way,Sealed,0,0,0,0,50,0,On,0,0,30,76,Auckland,Nil,0,0,0,0,0,0,Urban,0,0,0,Fine,Null
1755698.1195,5915155.7861,854788,,518302,0,,0,2,,Null,2024/2025,LANDSCAPE ROAD,KAIN STREET,,Minor Crash,No,2024,,West,,0,,Flat,,,,,,Bright sun,559701,2,0,0,2,,,0,,,,,,Auckland Region,Nil,2-way,Sealed,,0,0,,50,,Off,0,0,40,76,Auckland,Nil,,,,,0,0,Urban,0,,,Fine,Null
1767423.9688,5899084.2039,854797,,525102,0,0,0,0,0,East,2022/2023,MAHIA ROAD,ANGLERS WAY,,Serious Crash,No,2023,1,East,0,0,0,Flat,0,,0,,0,Bright sun,772902,0,0,1,2,0,0,0,0,0,,0,1,Auckland Region,Nil,2-way,Sealed,0,0,1,0,50,0,Off,0,0,,76,Auckland,Nil,0,0,0,0,0,0,Urban,0,0,0,Fine,Null
1762193.6884,5916095.6827,854807,,516003,0,,0,2,,Null,2022/2023,ABBOTTS WAY,GRAND DRIVE,,Non-Injury Crash,No,2023,,South,,0,,Flat,,,,,,Bright sun,494700,0,0,0,2,,,0,,,,,,Auckland Region,Nil,2-way,Sealed,,0,0,,50,,Off,0,0,,76,Auckland,Traffic Signals,,,,,0,0,Urban,1,,,Fine,Null
1749802.2141,5913155.2731,854809,,511402,0,0,0,3,0,West,2022/2023,ISLINGTON AVENUE,THOM STREET,,Non-Injury Crash,No,2023,0,Null,0,0,0,Hill Road,0,,0,,0,Dark,264500,0,0,0,2,0,0,0,0,1,,0,0,Auckland Region,Nil,2-way,Sealed,0,0,0,0,50,0,On,0,0,,76,Auckland,Nil,0,0,0,0,0,0,Urban,1,0,0,Fine,Null
1764462.9842,5920001.2415,854811,,516601,0,,0,1,,East,2023/2024,SPEIGHT ROAD,NELIGAN AVENUE,,Serious Crash,No,2024,,West,,0,,Flat,,,,,,Bright sun,504200,0,1,0,2,,,0,,,,,,Auckland Region,Nil,2-way,Sealed,,0,1,,50,,Off,0,0,,76,Auckland,Nil,,,,,0,0,Urban,0,,,Fine,Null
1763752.8472,5912661.5147,854816,,520500,0,,0,1,,West,2023/2024,MOUNT WELLINGTON HWY OFF RAMP,MOUNT WELLINGTON HIGHWAY,,Non-Injury Crash,No,2024,,East,,0,,Hill Road,,,,,,Overcast,637400,0,0,0,4,,,0,,,,,,Auckland Region,Motorway ramp,1-way,Sealed,,0,0,,50,,Off,0,0,,76,Auckland,Nil,,,,,1,0,Urban,1,,,Light rain,Null
1746923.3932,5926544.6372,854821,,513431,0,,0,1,,West,2023/2024,UPPER HARBOUR MOTORWAY,OCKLESTON OBR,,Minor Crash,Yes,2023,,West,,0,,Flat,,,,,,Twilight,221802,1,0,0,2,,,0,,,,,,Auckland Region,Nil,1-way,Sealed,,0,0,,100,,On,0,0,,76,Auckland,Nil,,,,,0,0,Open,1,,,Mist or Fog,Null
1745049.0292,5917757.7431,854823,,510700,0,,0,1,,Null,2023/2024,SWANSON ROAD,MT LEBANON LANE,,Minor Crash,No,2024,,North,,0,,Flat,,,,,,Overcast,239104,1,0,0,4,,,0,,,1,,,Auckland Region,Nil,2-way,Sealed,,0,0,,50,,Off,0,0,,76,Auckland,Traffic Signals,,,,,0,0,Urban,0,,,Fine,Null
1769839.1116,5906158.1458,854835,,523712,0,,0,2,,Null,2023/2024,DONEGAL PARK DRIVE,BROADHURST ROAD,,Minor Crash,No,2024,,North,,0,,Flat,,,,,,Overcast,713201,1,0,0,2,,,0,,,,,,Auckland Region,Nil,2-way,Sealed,,0,0,,50,,On,0,0,,76,Auckland,Give way,,,,,0,0,Urban,0,,,Fine,Null
1748644.899,5915912.8992,854837,,511700,0,0,0,1,0,North,2023/2024,COBHAM CRESCENT,INGLEBY PLACE,,Minor Crash,No,2023,0,South,0,0,0,Flat,0,,0,,0,Dark,270600,1,0,0,2,0,0,0,0,0,,0,0,Auckland Region,Nil,2-way,Sealed,0,0,0,0,50,0,On,0,0,,76,Auckland,Nil,0,0,0,1,0,0,Urban,0,0,0,Fine,Null
1759634.0994,5916267.0727,854856,,516002,0,,0,2,,North,2024/2025,SOUTHERN MOTORWAY,GREEN LANE EAST ON RAMP,,Non-Injury Crash,Yes,2024,,North,,0,,Flat,,,,,,Dark,492000,0,0,0,4,,,0,,,,,,Auckland Region,Nil,1-way,Sealed,,0,0,,100,,On,0,0,,76,Auckland,Nil,,,,,0,0,Open,0,,,Light rain,Null
1746235.4784,5915687.0417,854863,,511800,0,0,0,2,0,West,2022/2023,VIEW ROAD,GAEDE TERRACE,,Minor Crash,No,2023,0,West,0,0,0,Hill Road,0,,0,,0,Overcast,276900,1,0,0,2,0,0,0,0,1,,0,0,Auckland Region,Nil,2-way,Sealed,0,0,0,0,50,0,Off,0,0,,76,Auckland,Nil,0,0,0,0,0,0,Urban,0,0,0,Light rain,Null
1776898.7697,5898855.7627,854864,,523813,0,0,0,1,0,Null,2023/2024,MULLINS ROAD,PAPAKURA-CLEVEDON ROAD,,Non-Injury Crash,No,2024,0,South,0,0,1,Flat,0,,0,,0,Bright sun,761400,0,0,0,2,0,0,0,0,0,,0,0,Auckland Region,Nil,2-way,Sealed,0,0,0,0,80,0,Off,0,0,,76,Auckland,Give way,0,0,0,0,0,0,Open,0,0,0,Fine,Null
1756480.4211,5921380.297,854869,,514101,0,0,0,0,0,Null,2023/2024,OFF ROAD - CAR PARK,,,Minor Crash,No,2023,0,West,0,0,0,Flat,0,,0,,0,Bright sun,432400,1,0,0,,0,1,0,0,0,,0,0,Auckland Region,Nil,Off road,Sealed,0,0,0,0,,0,Off,0,0,,76,Auckland,Nil,0,0,0,0,0,0,Urban,1,0,0,Fine,Null
1752821.8314,5935236.4478,854873,,508701,0,0,0,1,0,South,2023/2024,NORTHERN MOTORWAY,OTEHA VALLEY ROAD ON RAMP,,Non-Injury Crash,Yes,2023,0,South,0,0,0,Hill Road,2,,0,,0,Dark,178501,0,0,0,2,0,0,0,0,0,,0,0,Auckland Region,Bridge,1-way,Sealed,0,0,0,0,100,0,Off,0,0,,76,Auckland,Nil,0,0,0,0,0,0,Open,0,0,0,Light rain,Null
1756302.4143,5911567.0296,854881,,518702,0,0,0,1,0,West,2022/2023,HOSKINS AVENUE,AIO LANE,,Non-Injury Crash,No,2023,0,West,0,0,0,Hill Road,0,,0,,0,Dark,571900,0,0,0,2,0,0,0,0,1,,0,0,Auckland Region,Nil,2-way,Sealed,0,0,0,0,50,0,On,0,0,,76,Auckland,Nil,0,0,0,0,0,0,Urban,1,0,0,Fine,Null
1754888.9521,5934715.4179,854884,,507102,0,0,0,1,0,North,2023/2024,OAKTREE AVENUE,FALLOW STREET,,Non-Injury Crash,No,2024,0,North,0,0,1,Flat,0,,0,,0,Overcast,158807,0,0,0,2,0,0,0,0,0,,0,1,Auckland Region,Nil,2-way,Sealed,0,0,0,0,50,0,Off,0,0,,76,Auckland,Nil,0,0,0,0,0,0,Urban,0,0,0,Light rain,Null
1769676.8338,5907376.6103,854888,45,523713,0,,0,0,,West,2024/2025,ORMISTON ROAD,CHAPEL ROAD,,Non-Injury Crash,No,2024,,East,,0,,Flat,,,,,,Dark,712302,0,0,0,2,,,0,,,,,,Auckland Region,Nil,1-way,Sealed,,0,0,,50,,On,0,0,,76,Auckland,Nil,,,,,1,0,Urban,0,,,Fine,None
1759501.394,5906974.5005,854899,,524111,0,,0,1,,Null,2023/2024,GEORGE BOLT MEMORIAL DRIVE,KIRKBRIDE ROAD ON RAMP,,Minor Crash,Yes,2024,,South,,0,,Flat,,,,,,Bright sun,740100,1,0,0,2,,,0,,,,,,Auckland Region,Motorway ramp,1-way,Sealed,,0,0,,100,,Off,0,0,,76,Auckland,Nil,,,,,1,0,Open,0,,,Fine,Null
1772966.4883,5900367.0529,854900,,523813,0,0,0,1,0,South,2023/2024,MILL ROAD,POPES ROAD,,Non-Injury Crash,No,2024,0,North,1,0,0,Flat,0,,0,,0,Dark,761000,0,0,0,2,0,0,0,0,0,,0,0,Auckland Region,Nil,2-way,Sealed,0,0,0,0,80,0,None,0,0,,76,Auckland,Nil,0,0,0,0,0,0,Open,0,0,0,Light rain,Null
1747335.6164,5971783.1358,854905,,506661,0,0,0,0,0,South,2023/2024,SH 1,GOATLEY ROAD,,Non-Injury Crash,Yes,2023,0,South,0,0,0,Flat,0,,0,,0,Dark,139106,0,0,0,2,0,0,0,0,0,,0,1,Auckland Region,Motorway ramp,2-way,Sealed,0,0,0,0,80,0,On,0,0,,76,Auckland,Nil,0,0,0,0,0,0,Open,1,0,0,Heavy rain,Null
1768551.9153,5910602.545,854912,,523112,0,,0,2,,West,2024/2025,NEALES ROAD,HARRIS ROAD,,Minor Crash,No,2025,,East,,0,,Flat,,,,,,Overcast,711500,1,0,0,2,,,0,,,,,,Auckland Region,Nil,2-way,Sealed,,0,0,,50,,None,0,0,,76,Auckland,Nil,,,,,0,0,Urban,0,,,Light rain,Null
1758166.119,5913745.2038,854917,,518600,0,,0,2,,Null,2022/2023,MANUKAU ROAD,CHANDLER AVENUE,,Minor Crash,No,2023,,South,,0,,Flat,,,,,,Dark,567000,2,0,0,2,,,0,,,,,,Auckland Region,Nil,2-way,Sealed,,0,0,,50,,On,0,0,,76,Auckland,Stop,,,,,0,0,Urban,1,,,Fine,Null
1747737.0685,5913482.8592,854920,,511100,0,,0,2,,Null,2023/2024,WEST COAST ROAD,PLEASANT ROAD,,Non-Injury Crash,No,2023,,West,,0,,Hill Road,,,,,,Bright sun,286100,0,0,0,3,,,0,,,,,,Auckland Region,Nil,2-way,Sealed,,0,0,,50,,Off,0,0,,76,Auckland,Stop,,,,,0,0,Urban,0,,,Fine,Null
1765125.039,5909809.6716,854921,,521802,0,0,0,2,0,South,2022/2023,SOUTHERN MOTORWAY,TRENWITH OBR,,Minor Crash,Yes,2023,0,North,0,0,0,Hill Road,0,,0,,0,Bright sun,788203,1,0,0,4,0,0,0,0,0,,0,0,Auckland Region,Nil,1-way,Sealed,0,0,0,0,100,0,Off,0,0,,76,Auckland,Nil,0,0,0,1,1,0,Open,0,0,0,Fine,Null
1764586.0654,5914855.304,854928,,520301,0,,0,2,,West,2023/2024,ELLERSLIE-PANMURE HIGHWAY,FORGE WAY,,Non-Injury Crash,No,2024,,East,,0,,Flat,,,,,,Dark,628203,0,0,0,6,,,0,,,,,,Auckland Region,Nil,2-way,Sealed,,0,0,,50,,On,0,0,,76,Auckland,Nil,,,,,0,0,Urban,0,,,Fine,Null
1770985.0108,5905336.2787,854932,,523713,0,0,0,1,0,East,2023/2024,MURPHYS PARK DRIVE,MURPHYS ROAD,,Non-Injury Crash,No,2023,0,West,0,0,1,Flat,0,,0,,0,Dark,713501,0,0,0,2,0,0,0,0,0,,0,0,Auckland Region,Nil,2-way,Sealed,1,0,0,0,50,0,On,0,0,,76,Auckland,Nil,0,0,0,0,0,0,Urban,0,0,0,Light rain,Null
1754718.6663,5918323.8106,854941,,517600,0,,0,6,,East,2022/2023,NORTH-WESTERN MOTORWAY,MOUNTAIN VIEW OBR,,Minor Crash,Yes,2023,,West,,0,,Flat,,,,,,Bright sun,533200,1,0,0,4,,,0,,,,,,Auckland Region,Nil,1-way,Sealed,,0,0,,80,,Off,0,0,,76,Auckland,Nil,,,,,0,0,Open,0,,,Fine,Null
1765529.8571,5914549.729,854944,,520601,0,0,0,1,0,Null,2023/2024,TRIPOLI ROAD,TE KOA ROAD,,Non-Injury Crash,No,2024,0,South,0,0,0,Flat,0,,0,,1,Dark,630400,0,0,0,2,0,0,0,0,0,,0,1,Auckland Region,Nil,2-way,Sealed,0,0,0,0,50,0,On,0,0,,76,Auckland,Stop,0,0,0,0,0,0,Urban,0,0,0,Light rain,Null
1743671.0527,5919390.0488,854947,,513212,0,,0,1,,Null,2022/2023,DON BUCK ROAD,SWANSON ROAD,,Non-Injury Crash,No,2023,,South,,0,,Flat,,,,,,Overcast,235600,0,0,1,4,,,0,,,,,,Auckland Region,Nil,2-way,Sealed,,0,0,,50,,Off,0,0,,76,Auckland,Give way,,,,,0,0,Urban,0,,,Fine,Null
1765389.5662,5904827.3836,854956,,522400,0,,0,0,,Null,2024/2025,PUHINUI ROAD,WALLACE ROAD,,Serious Crash,No,2024,,West,,0,,Flat,,,,,,Dark,672500,0,0,0,4,,,0,,,1,,,Auckland Region,Nil,2-way,Sealed,,0,1,,50,,On,0,0,,76,Auckland,Give way,,,,,0,0,Urban,0,,,Fine,Null
1746952.7798,5922433.7008,854960,,512201,0,0,0,2,0,North,2023/2024,TE ATATU ROAD,KERVIL AVENUE,,Non-Injury Crash,No,2023,0,North,0,0,1,Flat,0,Labour Weekend,0,,0,Bright sun,246500,0,0,0,2,0,0,0,0,1,,0,0,Auckland Region,Nil,2-way,Sealed,0,0,0,0,50,0,Off,0,0,,76,Auckland,Nil,0,0,0,0,0,0,Urban,0,0,0,Fine,Null
1747644.5879,5926412.0084,854968,,513431,0,,0,1,,Null,2023/2024,SIDNEY WALLINGFORD WAY,MAPOU ROAD,,Non-Injury Crash,No,2024,,North,,0,,Flat,,,,,,Bright sun,222000,0,0,0,2,,,0,,,,,,Auckland Region,Nil,2-way,Sealed,,0,0,,50,,Off,1,0,,76,Auckland,Give way,,,,,0,0,Urban,0,,,Fine,Null
1745672.7263,5922695.78,854979,,513530,0,,0,2,,Null,2023/2024,ROYAL ROAD,SPARGO ROAD,,Minor Crash,No,2024,,South,,0,,Flat,,,,,,Bright sun,226004,3,0,0,2,,,0,,,,,,Auckland Region,Nil,2-way,Sealed,,0,0,,50,,Off,0,0,,76,Auckland,Give way,,,,,0,0,Urban,0,,,Fine,Null
1751536.1442,5912329.1088,854980,,514700,0,,0,2,,West,2024/2025,KINROSS STREET,BLOCKHOUSE BAY ROAD,,Minor Crash,No,2024,,West,,0,,Flat,,,,,,Bright sun,368300,1,0,0,2,,,0,,,1,,,Auckland Region,Nil,2-way,Sealed,,0,0,,50,,Off,0,0,,76,Auckland,Nil,,,,,0,0,Urban,0,,,Fine,Null
1759369.4132,5908326.1955,854983,,524122,0,0,0,0,0,East,2023/2024,BADER DRIVE,MCKENZIE ROAD,,Minor Crash,No,2023,0,West,0,0,1,Flat,0,,0,,0,Dark,737700,1,0,0,2,0,0,0,0,0,,0,0,Auckland Region,Nil,1-way,Sealed,0,0,0,0,60,0,On,1,0,,76,Auckland,Nil,1,0,0,0,0,0,Urban,0,0,0,Light rain,Null
1760480.163,5915668.665,854988,,516003,0,,0,1,,South,2023/2024,SOUTHERN MOTORWAY,GREEN LANE EAST ON RAMP,,Non-Injury Crash,Yes,2024,,South,,0,,Flat,,,,,,Overcast,494902,0,0,0,3,,,0,,,,,,Auckland Region,Nil,1-way,Sealed,,0,0,,100,,On,0,0,,76,Auckland,Nil,,,,,1,0,Open,0,,,Fine,Null
1766044.2484,5903074.1284,855000,,524604,0,,0,2,,North,2023/2024,ASH ROAD,OAK ROAD,,Non-Injury Crash,No,2024,,North,,0,,Flat,,,,,,Bright sun,780403,0,0,0,2,,,0,,,,,,Auckland Region,Nil,2-way,Sealed,,0,0,,50,,None,0,0,,76,Auckland,Nil,,,,,0,0,Urban,0,,,Fine,Null
1765477.8539,5899800.3569,855003,,524822,0,0,0,2,0,North,2023/2024,FINLAYSON AVENUE,MAPLESDEN DRIVE,,Minor Crash,No,2023,0,South,0,0,0,Flat,0,,0,,0,Dark,774437,1,0,0,2,0,0,0,0,1,,0,0,Auckland Region,Nil,2-way,Sealed,0,0,0,0,50,0,On,0,0,,76,Auckland,Nil,0,0,0,0,1,0,Urban,0,0,0,Fine,Null
1769513.7206,5899782.5977,855005,,525002,0,,0,2,,Null,2022/2023,GREAT SOUTH ROAD,MAHIA ROAD,,Non-Injury Crash,No,2023,,North,,0,,Flat,,,,,,Overcast,754100,0,0,0,3,,,0,,,,,,Auckland Region,Nil,2-way,Sealed,,0,0,,50,,Null,0,0,,76,Auckland,Traffic Signals,,,,,0,0,Urban,0,,,Fine,Null
1762192.7362,5913629.9718,855007,,520500,0,,0,1,,South,2022/2023,SOUTHERN MOTORWAY,PENROSE OBR,,Non-Injury Crash,Yes,2023,,North,,0,,Flat,,,,,,Dark,637100,0,0,0,3,,,0,,,,,,Auckland Region,Bridge,1-way,Sealed,,0,0,,100,,On,0,0,,76,Auckland,Nil,,,,,0,0,Open,1,,,Light rain,Null