X,Y,OBJECTID,advisorySpeed,areaUnitID,bicycle,bridge,bus,carStationWagon,cliffBank,crashDirectionDescription,crashFinancialYear,crashLocation1,crashLocation2,crashRoadSideRoad,crashSeverity,crashSHDescription,crashYear,debris,directionRoleDescription,ditch,fatalCount,fence,flatHill,guardRail,holiday,houseOrBuilding,intersection,kerb,light,meshblockId,minorInjuryCount,moped,motorcycle,NumberOfLanes,objectThrownOrDropped,otherObject,otherVehicleType,overBank,parkedVehicle,pedestrian,phoneBoxEtc,postOrPole,region,roadCharacter,roadLane,roadSurface,roadworks,schoolBus,seriousInjuryCount,slipOrFlood,speedLimit,strayAnimal,streetLight,suv,taxi,temporarySpeedLimit,tlaId,tlaName,trafficControl,trafficIsland,trafficSign,train,tree,truck,unknownVehicleType,urban,vanOrUtility,vehicle,waterRiver,weatherA,weatherB
1756828.1878,5929416.6578,855008,,507800,0,0,0,2,0,South,2024/2025,EAST COAST ROAD,GORDON AVENUE,,Minor Crash,No,2024,0,South,0,0,0,Hill Road,0,,0,,0,Twilight,307900,1,0,0,2,0,0,0,0,1,,0,0,Auckland Region,Nil,2-way,Sealed,0,0,0,0,50,0,On,0,0,,76,Auckland,Nil,0,0,0,0,0,0,Urban,0,0,0,Fine,Null
1752536.8668,5918047.6419,855013,,515002,0,,0,0,,East,2023/2024,NORTH-WESTERN MOTORWAY,CARRINGTON ROAD,,Non-Injury Crash,Yes,2023,,East,,0,,Flat,,,,,,Overcast,390701,0,0,0,4,,,0,,,,,,Auckland Region,Motorway ramp,1-way,Sealed,,0,0,,100,,Off,0,0,,76,Auckland,Nil,,,,,1,0,Open,1,,,Fine,Null
1767054.8185,5902848.2307,855019,,524602,0,0,0,1,0,East,2022/2023,KERRS ROAD,HOBILL AVENUE,,Minor Crash,No,2023,0,West,0,0,0,Flat,0,,0,,0,Dark,780407,1,0,0,2,0,0,0,0,1,,0,0,Auckland Region,Nil,2-way,Sealed,0,0,0,0,50,0,On,0,0,,76,Auckland,Nil,0,0,0,0,1,0,Urban,0,0,0,Light rain,Null
1751892.846,5914714.6319,855028,,514401,0,,0,2,,West,2023/2024,NEW WINDSOR ROAD,BOLLARD AVENUE,,Non-Injury Crash,No,2024,,West,,0,,Flat,,,,,,Dark,380400,0,0,0,2,,,0,,,,,,Auckland Region,Nil,2-way,Sealed,,0,0,,50,,On,0,1,,76,Auckland,Nil,,,,,0,0,Urban,0,,,Fine,Null
1752649.1198,5937579.2791,855029,,506300,0,,0,1,,North,2022/2023,EAST COAST ROAD,OKURA RIVER ROAD,,Minor Crash,No,2023,,North,,0,,Hill Road,,,,,,Dark,176104,1,0,0,2,,,0,,,,,,Auckland Region,Nil,2-way,Sealed,,0,0,,80,,Off,0,0,,76,Auckland,Nil,,,,,0,0,Open,0,,,Fine,Null
1755905.4085,5928232.4415,855039,,507900,0,,0,0,,North,2022/2023,NORTHERN MOTORWAY,WAIRAU OBR,,Non-Injury Crash,Yes,2023,,South,,0,,Flat,,,,,,Overcast,307000,0,0,1,3,,,0,,,,,,Auckland Region,Nil,1-way,Sealed,,0,0,,100,,Off,0,0,,76,Auckland,Nil,,,,,0,0,Open,1,,,Fine,Null
1744084.1687,5924821.24,855043,,513431,0,0,0,1,0,North,2022/2023,UPPER HARBOUR MOTORWAY,HOBSONVILLE ROAD OFF RAMP,,Non-Injury Crash,Yes,2023,0,South,1,0,0,Hill Road,0,,0,,0,Dark,223902,0,0,0,2,0,0,0,0,0,,0,1,Auckland Region,Nil,1-way,Sealed,0,0,0,0,100,0,On,0,0,,76,Auckland,Nil,0,0,0,0,0,0,Open,0,0,0,Light rain,Null
1758520.7903,5917614.1483,855045,,516001,0,0,0,2,0,West,2023/2024,SOUTHERN MOTORWAY,ST MARKS OBR,,Minor Crash,Yes,2023,0,South,0,0,0,Flat,1,,0,,0,Bright sun,490701,2,0,0,3,0,0,0,0,0,,0,0,Auckland Region,Bridge,1-way,Sealed,0,0,0,0,80,0,Off,1,0,,76,Auckland,Nil,0,0,0,0,0,0,Open,1,0,0,Fine,Null
1768157.5321,5907844.6788,855049,,523711,0,,0,1,,Null,2022/2023,PRESTON ROAD,EAST TAMAKI ROAD,,Non-Injury Crash,No,2023,,North,,0,,Flat,,,,,,Bright sun,712303,0,0,0,2,,,0,,,,,,Auckland Region,Nil,2-way,Sealed,,0,0,,50,,Off,0,0,,76,Auckland,Traffic Signals,,,,,1,0,Urban,0,,,Fine,Null
1768006.6548,5881684.929,855053,,525910,0,0,0,2,0,West,2022/2023,MCSHANE STREET,BEATTY ROAD,,Non-Injury Crash,No,2023,0,West,0,0,1,Flat,0,,0,,0,Overcast,819700,0,0,0,1,0,0,0,0,1,,0,0,Auckland Region,Nil,1-way,Sealed,0,0,0,0,50,0,Off,1,0,,76,Auckland,Nil,0,0,0,0,0,0,Urban,0,0,0,Fine,Null
1769230.7764,5901456.2166,855072,,524901,0,,0,2,,South,2023/2024,CLAUDE ROAD,HILL ROAD,,Non-Injury Crash,No,2023,,North,,0,,Flat,,,,,,Bright sun,756800,0,0,0,2,,,0,,,1,,,Auckland Region,Nil,2-way,Sealed,,0,0,,50,,Off,0,0,,76,Auckland,Nil,,,,,0,0,Urban,0,,,Fine,Null
1770108.7826,5914662.6576,855073,,522722,1,,0,1,,Null,2022/2023,ABERFELDY AVENUE,PAKURANGA ROAD,,Minor Crash,No,2023,,North,,0,,Hill Road,,,,,,Overcast,681308,1,0,0,4,,,0,,,,,,Auckland Region,Nil,2-way,Sealed,,0,0,,60,,Off,0,0,,76,Auckland,Give way,,,,,0,0,Urban,0,,,Fine,Null
1744624.5212,5915950.6304,855085,,510800,0,,0,1,,Null,2023/2024,HENDERSON VALLEY ROAD,CORBAN AVENUE,,Minor Crash,No,2023,,West,,0,,Flat,,,,,,Dark,242600,1,0,1,2,,,0,,,,,,Auckland Region,Nil,2-way,Sealed,,0,0,,50,,On,0,0,,76,Auckland,Give way,,,,,0,0,Urban,0,,,Light rain,Null
1748664.6781,5944404.6353,855087,,505806,0,,0,2,,South,2022/2023,NORTHERN MOTORWAY,SILVERDALE ON RAMP,,Non-Injury Crash,Yes,2023,,South,,0,,Flat,,,,,,Twilight,176802,0,0,0,2,,,0,,,,,,Auckland Region,Nil,1-way,Sealed,,0,0,,100,,Off,0,0,,76,Auckland,Nil,,,,,0,0,Open,0,,,Fine,Null
1759520.1282,5908902.1082,855096,,524002,0,,0,1,,Null,2023/2024,CORONATION ROAD,CORONATION ROAD ON RAMP,,Non-Injury Crash,No,2023,,South,,0,,Flat,,,,,,Twilight,724101,0,0,0,1,,,0,,,,,,Auckland Region,Nil,1-way,Sealed,,0,0,,60,,On,1,0,,76,Auckland,Give way,,,,,0,0,Urban,0,,,Fine,Null
1768537.5197,5903198.4089,855104,,524602,0,0,0,1,0,South,2023/2024,SOUTHERN MOTORWAY,AIRPORT OFF RAMP,,Non-Injury Crash,Yes,2023,0,North,0,0,0,Flat,1,,0,,0,Twilight,780508,0,0,0,3,0,0,0,0,0,,0,0,Auckland Region,Nil,1-way,Sealed,0,0,0,0,100,0,On,0,0,,76,Auckland,Nil,0,0,0,0,0,0,Open,0,0,0,Fine,Null
1733301.6509,5935289.8356,855112,55,506653,0,0,0,1,0,West,2023/2024,OLD NORTH ROAD,TAYLOR ROAD,,Minor Crash,No,2024,0,South,0,0,0,Hill Road,0,,0,,0,Bright sun,217803,1,0,0,2,0,0,0,1,0,,0,0,Auckland Region,Nil,2-way,Sealed,0,0,0,0,80,0,None,0,0,,76,Auckland,Nil,0,0,0,1,0,0,Open,0,0,0,Fine,Null
1750248.5547,5969349.918,855127,,505500,0,0,0,1,0,North,2022/2023,WILSON ROAD,HEPBURN CREEK ROAD,,Non-Injury Crash,No,2023,0,West,0,0,1,Hill Road,0,,0,,0,Dark,141400,0,0,0,2,0,0,0,0,0,,0,0,Auckland Region,Nil,2-way,Unsealed,0,0,0,0,50,0,None,0,0,,76,Auckland,Nil,0,0,0,0,0,0,Urban,0,0,0,Fine,Null
1761972.896,5909183.8792,855129,,524402,0,,0,2,,Null,2022/2023,SAVILL DRIVE,FAVONA ROAD,,Non-Injury Crash,No,2023,,North,,0,,Flat,,,,,,Dark,749800,0,0,0,2,,,0,,,,,,Auckland Region,Nil,2-way,Sealed,,0,0,,50,,On,0,0,,76,Auckland,Give way,,,,,0,0,Urban,0,,,Fine,Null
1745262.563,5919370.856,855132,,513301,0,,0,2,,Null,2022/2023,LINCOLN ROAD,POINSETTIA PLACE,,Non-Injury Crash,No,2023,,South,,0,,Flat,,,,,,Overcast,232003,0,0,0,4,,,0,,,,,,Auckland Region,Nil,2-way,Sealed,,0,0,,50,,Off,0,0,,76,Auckland,Nil,,,,,0,0,Urban,0,,,Fine,Null
1754456.313,5920691.2353,855159,,515201,1,0,0,1,0,South,2023/2024,JERVOIS ROAD,SALISBURY STREET,,Minor Crash,No,2024,0,South,0,0,0,Flat,0,,0,,0,Overcast,422500,1,0,0,4,0,0,0,0,1,,0,0,Auckland Region,Nil,2-way,Sealed,0,0,0,0,50,0,Off,0,0,,76,Auckland,Nil,0,0,0,0,0,0,Urban,0,0,0,Fine,Null
1756932.8501,5926285.9334,855164,,509702,0,,0,2,,North,2023/2024,NORTHERN MOTORWAY,ESMONDE ROAD ON RAMP,,Non-Injury Crash,Yes,2024,,North,,0,,Flat,,,,,,Bright sun,364602,0,0,0,4,,,0,,,,,,Auckland Region,Nil,1-way,Sealed,,0,0,,100,,Off,0,0,,76,Auckland,Nil,,,,,0,0,Open,0,,,Fine,Null
1748631.0121,5943724.4085,855165,,506201,0,,0,2,,North,2022/2023,NORTHERN MOTORWAY,WILKS OBR,,Minor Crash,Yes,2023,,North,,0,,Flat,,,,,,Overcast,176801,1,0,0,2,,,0,,,,,,Auckland Region,Motorway ramp,1-way,Sealed,,0,0,,80,,Null,0,0,,76,Auckland,Nil,,,,,0,0,Open,0,,,Light rain,Null
1770047.2692,5898580.7486,855171,,523920,0,,0,0,,South,2022/2023,SOUTHERN MOTORWAY,MANUREWA-TAKANINI OFF RAMP,,Non-Injury Crash,Yes,2023,,North,,0,,Flat,,,,,,Bright sun,767911,0,0,0,3,,,0,,,,,,Auckland Region,Nil,1-way,Sealed,,0,0,,100,,Off,1,0,,76,Auckland,Nil,,,,,0,0,Open,1,,,Fine,Null
1755192.4563,5877110.346,855176,,521152,0,0,0,1,0,North,2023/2024,GLENBROOK-WAIUKU ROAD,CORNWALL ROAD,,Minor Crash,No,2024,0,South,0,0,0,Flat,0,,0,,0,Dark,834000,3,0,0,2,0,0,0,0,0,,0,1,Auckland Region,Nil,2-way,Sealed,0,0,0,0,80,0,On,0,0,,76,Auckland,Nil,0,0,0,0,0,0,Open,0,0,0,Fine,Null
1751254.227,5929453.33,855177,,509100,0,,0,1,,Null,2023/2024,BLACKS ROAD,EASTVALE CLOSE,,Serious Crash,No,2023,,North,,0,,Flat,,Christmas New Year,,,,Bright sun,181108,0,0,0,2,,,0,,,,,,Auckland Region,Nil,2-way,Sealed,,0,1,,50,,None,0,0,,76,Auckland,Give way,,,,,0,0,Urban,1,,,Fine,Null
1755294.9308,5934010.5629,855181,35,507200,0,0,0,1,0,South,2022/2023,BROWNS BAY ROAD,BEACH ROAD,,Non-Injury Crash,No,2023,0,North,0,0,0,Hill Road,0,,0,,0,Dark,156304,0,0,0,2,0,0,0,0,1,,0,0,Auckland Region,Nil,2-way,Sealed,0,0,0,0,50,0,On,0,0,,76,Auckland,Nil,0,0,0,0,0,0,Urban,0,0,0,Fine,Null
1768447.5208,5903354.527,855184,,524602,0,,0,2,,South,2023/2024,SOUTHERN MOTORWAY,AIRPORT OFF RAMP,,Non-Injury Crash,Yes,2023,,North,,0,,Flat,,Christmas New Year,,,,Bright sun,780506,0,0,0,8,,,0,,,,,,Auckland Region,Nil,2-way,Sealed,,0,0,,100,,Off,0,0,,76,Auckland,Nil,,,,,0,0,Open,0,,,Fine,Null
1769488.2084,5911400.7127,855188,,523107,0,,0,1,,Null,2024/2025,TI RAKAU DRIVE,TI RAKAU DRIVE,,Minor Crash,No,2025,,East,,0,,Flat,,,,,,Dark,711702,1,0,0,6,,,0,,,,,,Auckland Region,Nil,2-way,Sealed,,0,0,,60,,On,1,0,,76,Auckland,Nil,,,,,0,0,Urban,0,,,Fine,Null
1760420.7241,5911817.1997,855208,,520000,0,,0,2,,Null,2023/2024,NEILSON STREET,CAPTAIN SPRINGS ROAD,,Non-Injury Crash,No,2024,,West,,0,,Flat,,Easter,,,,Bright sun,607900,0,0,0,4,,,0,,,,,,Auckland Region,Nil,2-way,Sealed,,0,0,,50,,Off,0,0,,76,Auckland,Traffic Signals,,,,,0,0,Urban,0,,,Fine,Null
1743835.6886,5922646.2958,855216,,513511,0,0,0,2,0,Null,2024/2025,ROYAL ROAD,LAWSON CREEK STREET,,Minor Crash,No,2024,0,West,0,0,0,Flat,0,,0,,0,Overcast,224303,1,0,0,2,0,0,0,0,1,,0,0,Auckland Region,Nil,2-way,Sealed,0,0,0,0,50,0,Off,0,0,,76,Auckland,Give way,0,0,0,0,0,0,Urban,1,0,0,Fine,Null
1757001.4723,5920826.598,855231,,514101,0,,0,1,,Null,2022/2023,FANSHAWE STREET,MARKET PLACE,,Non-Injury Crash,No,2023,,West,,0,,Flat,,,,,,Bright sun,433005,0,0,0,5,,,0,,,,,,Auckland Region,Nil,1-way,Sealed,,0,0,,40,,Off,0,0,,76,Auckland,Traffic Signals,,,,,0,0,Urban,1,,,Fine,Null
1769308.4103,5901219.2708,855232,45,524901,0,,0,1,,Null,2023/2024,CLAUDE ROAD,HALVER ROAD,,Non-Injury Crash,No,2024,,South,,0,,Hill Road,,,,,,Bright sun,757200,0,0,0,2,,,0,,,,,,Auckland Region,Nil,2-way,Sealed,,0,0,,50,,Off,0,0,,76,Auckland,Give way,,,,,0,1,Urban,0,,,Fine,None
1755554.1289,5928880.9908,855233,,508320,0,,0,2,,North,2022/2023,TRISTRAM AVENUE OFF RAMP,NORTHERN MOTORWAY,,Non-Injury Crash,No,2023,,North,,0,,Flat,,,,,,Dark,198500,0,0,0,2,,,0,,,,,,Auckland Region,Nil,1-way,Sealed,,0,0,,50,,On,0,0,,76,Auckland,Nil,,,,,0,0,Urban,0,,,Fine,Null
1770479.3907,5911265.8558,855237,,523109,0,,0,2,,East,2023/2024,TI RAKAU DRIVE,BOTANY ROAD,,Minor Crash,No,2023,,West,,0,,Flat,,,,,,Overcast,711709,2,0,0,4,,,0,,,,,,Auckland Region,Nil,1-way,Sealed,,0,0,,60,,Off,0,0,,76,Auckland,Traffic Signals,,,,,0,0,Urban,0,,,Fine,Null
1766329.323,5905208.7722,855245,,522400,0,0,0,1,0,West,2022/2023,PUHINUI ROAD,CARRUTH ROAD,,Non-Injury Crash,No,2023,0,West,0,0,0,Flat,0,,0,,1,Overcast,672104,0,0,0,2,0,0,0,0,0,,0,0,Auckland Region,Nil,2-way,Sealed,0,0,0,0,50,0,Off,0,0,,76,Auckland,Nil,0,0,0,0,0,0,Urban,0,0,0,Light rain,Null
1751876.4405,5930868.0752,855261,,508806,0,,0,2,,Null,2022/2023,ALBANY HIGHWAY,SCHNAPPER ROCK ROAD,,Non-Injury Crash,No,2023,,North,,0,,Hill Road,,,,,,Dark,180106,0,0,0,2,,,0,,,,,,Auckland Region,Nil,1-way,Sealed,,0,0,,50,,On,0,0,,76,Auckland,Traffic Signals,,,,,0,0,Urban,0,,,Fine,Null
1736818.6091,5981935.8028,855264,,505300,0,,0,1,,South,2023/2024,RODNEY STREET,PORT ALBERT ROAD,,Non-Injury Crash,Yes,2024,,South,,0,,Flat,,,,,,Bright sun,143300,0,0,0,2,,,0,,,,,,Auckland Region,Nil,2-way,Sealed,,0,0,,50,,Off,0,0,,76,Auckland,Nil,,,,,0,0,Urban,1,,,Fine,Null
1769895.5634,5899843.9838,855265,,523911,0,,0,1,,South,2022/2023,SOUTHERN MOTORWAY,PAPAKURA STM BR,,Minor Crash,Yes,2023,,South,,0,,Flat,,,,,,Twilight,766600,1,0,0,3,,,0,,,,,,Auckland Region,Nil,1-way,Sealed,,0,0,,100,,Off,1,0,,76,Auckland,Nil,,,,,0,0,Open,0,,,Fine,Null
1766072.2885,5906263.6022,855281,,522302,0,0,0,1,0,Null,2022/2023,GREAT SOUTH ROAD,CENTRAL AVENUE,,Non-Injury Crash,No,2023,0,South,0,0,0,Flat,0,,0,,0,Dark,668700,0,0,0,2,0,0,0,0,1,,0,0,Auckland Region,Nil,2-way,Sealed,0,0,0,0,50,0,On,0,0,,76,Auckland,Stop,0,0,0,0,0,0,Urban,1,0,0,Mist or Fog,Null
1756109.4975,5923974.6722,855284,,509800,0,,0,2,,South,2023/2024,NORTHERN MOTORWAY,STAFFORD ROAD ON RAMP,,Non-Injury Crash,Yes,2023,,North,,0,,Flat,,Labour Weekend,,,,Dark,361200,0,0,0,5,,,0,,,,,,Auckland Region,Nil,1-way,Sealed,,0,0,,80,,On,0,1,,76,Auckland,Nil,,,,,0,0,Open,0,,,Fine,Null
1764279.2959,5909596.1181,855292,,521901,0,,0,1,,Null,2023/2024,GREAT SOUTH ROAD,PARK AVENUE,,Non-Injury Crash,No,2024,,South,,0,,Flat,,,,,,Twilight,784100,0,0,0,2,,,0,,,,,,Auckland Region,Nil,2-way,Sealed,,0,0,,30,,On,1,0,20,76,Auckland,Traffic Signals,,,,,0,0,Urban,0,,,Fine,Null
1743179.8291,5921408.4794,855293,,513631,0,0,0,2,0,North,2023/2024,MALMO PLACE,DON BUCK ROAD,,Non-Injury Crash,No,2023,0,North,0,0,0,Hill Road,0,,0,,0,Overcast,227206,0,0,0,2,0,0,0,0,1,,0,0,Auckland Region,Nil,2-way,Sealed,0,0,0,0,50,0,Off,0,0,,76,Auckland,Nil,0,0,0,0,0,0,Urban,0,0,0,Fine,Null
1762088.9447,5912514.5617,855296,,519500,0,,0,1,,Null,2023/2024,CHURCH STREET,O'RORKE ROAD,,Non-Injury Crash,No,2024,,East,,0,,Hill Road,,,,,,Dark,622400,0,0,0,2,,,0,,,,,,Auckland Region,Nil,1-way,Sealed,,0,0,,50,,On,0,0,,76,Auckland,Traffic Signals,,,,,0,0,Urban,1,,,Fine,Null
1754295.4703,5931110.0272,855307,,508520,0,0,0,1,0,North,2023/2024,NORTHERN MOTORWAY,SUNSET OBR,,Non-Injury Crash,Yes,2023,1,South,0,0,0,Flat,0,,0,,0,Bright sun,191101,0,0,0,2,0,0,0,0,0,,0,0,Auckland Region,Nil,1-way,Sealed,0,0,0,0,100,0,Off,0,0,,76,Auckland,Nil,0,0,0,0,0,0,Open,1,0,0,Fine,Strong wind
1768806.1912,5899531.7017,855315,,525101,0,0,0,1,0,West,2022/2023,MAHIA ROAD,FIELDS ROAD,,Non-Injury Crash,No,2023,0,East,0,0,0,Flat,0,,0,,0,Dark,770400,0,0,0,2,0,0,0,0,1,,0,0,Auckland Region,Nil,2-way,Sealed,0,0,0,0,50,0,On,0,0,30,76,Auckland,Nil,0,0,0,0,1,0,Urban,0,0,0,Light rain,Null
1771028.7113,5900411.6207,855333,,523817,0,0,0,3,0,West,2023/2024,SHERIFF PLACE,PORCHESTER ROAD,,Non-Injury Crash,No,2023,0,North,0,0,0,Flat,0,,0,,0,Twilight,759732,0,0,0,2,0,0,0,0,1,,0,0,Auckland Region,Nil,2-way,Sealed,0,0,0,0,50,0,On,1,0,,76,Auckland,Nil,0,0,0,0,0,0,Urban,0,0,0,Light rain,Null
1756369.1993,5920018.2942,855339,,514000,0,,0,2,,Null,2023/2024,WELLINGTON STREET,HOWE STREET,,Non-Injury Crash,No,2023,,East,,0,,Hill Road,,,,,,Overcast,413002,0,0,0,2,,,0,,,,,,Auckland Region,Nil,2-way,Sealed,,0,0,,30,,Off,0,0,,76,Auckland,Give way,,,,,0,0,Urban,0,,,Fine,Null
1762741.2979,5912480.6221,855344,,519500,0,,1,1,,South,2023/2024,GREAT SOUTH ROAD,CHURCH STREET EAST,,Non-Injury Crash,No,2024,,South,,0,,Flat,,,,,,Overcast,622700,0,0,0,4,,,0,,,,,,Auckland Region,Nil,2-way,Sealed,,0,0,,50,,Off,1,0,,76,Auckland,Nil,,,,,0,0,Urban,0,,,Heavy rain,Null
1747705.4462,5913315.2835,855347,,511100,0,0,0,1,0,North,2023/2024,PLEASANT ROAD,EVANS ROAD,,Non-Injury Crash,No,2023,0,North,0,0,0,Flat,0,Christmas New Year,0,,0,Bright sun,287200,0,0,0,2,0,0,0,0,1,,0,0,Auckland Region,Nil,2-way,Sealed,0,0,0,0,50,0,Off,2,0,,76,Auckland,Nil,0,0,0,0,0,0,Urban,0,0,0,Fine,Null
1753862.7702,5925751.5333,855348,,508610,0,,0,1,,Null,2023/2024,GLENFIELD ROAD,MOORE STREET,,Minor Crash,No,2024,,North,,0,,Flat,,,,,,Twilight,207200,1,0,0,3,,,0,,,,,,Auckland Region,Nil,2-way,Sealed,,0,0,,50,,On,1,0,,76,Auckland,Stop,,,,,0,0,Urban,0,,,Fine,Null
1760722.755,5917353.5963,855349,,516202,0,,0,2,,South,2022/2023,ORAKEI ROAD,ARA STREET,,Non-Injury Crash,No,2023,,North,,0,,Hill Road,,,,,,Overcast,489100,0,0,0,2,,,0,,,,,,Auckland Region,Nil,2-way,Sealed,,0,0,,50,,Off,1,0,,76,Auckland,Nil,,,,,0,0,Urban,0,,,Fine,Null
1757720.8045,5920293.9041,855353,,514103,0,,0,1,,North,2022/2023,PRINCES STREET,ALFRED STREET,,Non-Injury Crash,No,2023,,North,,0,,Flat,,,,,,Twilight,437300,0,0,0,2,,,0,,,,,,Auckland Region,Nil,2-way,Sealed,,0,0,,30,,Off,1,0,,76,Auckland,Nil,,,,,0,0,Urban,0,,,Fine,Null
1763802.1457,5912600.7639,855357,,520500,0,0,0,1,0,North,2022/2023,SOUTHERN MOTORWAY,MT WGTN OBR,,Non-Injury Crash,Yes,2023,0,South,0,0,0,Flat,1,,0,,0,Dark,637400,0,0,0,3,0,0,0,0,0,,0,0,Auckland Region,Nil,1-way,Sealed,0,0,0,1,100,0,On,0,0,,76,Auckland,Nil,0,0,0,0,0,0,Open,0,0,0,Heavy rain,Null
1771310.5848,5895854.0222,855361,,525540,0,0,0,1,0,South,2023/2024,PAPAKURA OFF RAMP,SOUTHERN MOTORWAY,,Minor Crash,No,2023,0,South,0,0,0,Flat,1,,0,,0,Dark,806208,1,0,0,3,0,0,0,0,0,,0,0,Auckland Region,Motorway ramp,1-way,Sealed,0,0,0,0,100,0,On,0,0,,76,Auckland,Nil,0,0,0,0,0,0,Open,0,0,0,Fine,Null
1753683.3287,5931279.1498,855365,45,508807,0,,0,0,,Null,2023/2024,PAUL MATTHEWS ROAD,UPPER HARBOUR HIGHWAY,,Minor Crash,No,2024,,South,,0,,Hill Road,,,,,,Bright sun,180810,1,0,0,6,,,0,,,,,,Auckland Region,Nil,2-way,Sealed,,0,0,,50,,Off,0,0,,76,Auckland,Traffic Signals,,,,,2,0,Urban,0,,,Fine,Null
1751076.539,5915739.0841,855372,,514401,0,,0,2,,South,2023/2024,ASH STREET,GREAT NORTH ROAD,,Non-Injury Crash,No,2024,,North,,0,,Flat,,,,,,Twilight,381801,0,0,0,2,,,0,,,,,,Auckland Region,Nil,1-way,Sealed,,0,0,,50,,Off,1,0,,76,Auckland,Nil,,,,,0,0,Urban,0,,,Fine,Null
1764913.4655,5920052.0985,855376,,516602,0,0,0,1,0,West,2024/2025,HANENE STREET,PAHAKI STREET,,Minor Crash,No,2025,0,North,0,0,1,Flat,0,,0,,0,Overcast,504500,2,0,0,2,0,0,0,0,0,,0,0,Auckland Region,Nil,2-way,Sealed,0,0,0,0,50,0,Off,0,0,,76,Auckland,Nil,0,0,0,1,0,0,Urban,0,0,0,Fine,Null
1755267.4024,5926863.2554,855380,,509701,0,0,0,3,0,South,2023/2024,HILLCREST AVENUE,HOLLAND ROAD,,Non-Injury Crash,No,2023,0,South,0,0,0,Hill Road,0,,0,,0,Overcast,363600,0,0,0,2,0,0,0,0,1,,0,0,Auckland Region,Nil,2-way,Sealed,0,0,0,0,50,0,Off,0,0,,76,Auckland,Nil,0,0,0,0,0,0,Urban,0,0,0,Fine,Null
1753327.631,5933236.4826,855381,,508804,0,,0,1,,South,2023/2024,NORTHERN MOTORWAY,GREVILLE ROAD OFF RAMP,,Minor Crash,Yes,2023,,South,,0,,Hill Road,,,,,,Bright sun,180605,1,0,1,3,,,0,,,,,,Auckland Region,Nil,1-way,Sealed,,0,0,,100,,Off,0,0,,76,Auckland,Nil,,,,,0,0,Open,1,,,Light rain,Null
1748992.3313,5913411.977,855387,,511401,0,0,0,2,0,Null,2023/2024,TITIRANGI ROAD,SKILGATE AVENUE,,Non-Injury Crash,No,2023,0,East,0,0,0,Flat,0,,0,,0,Dark,263700,0,0,0,2,0,0,0,0,1,,0,0,Auckland Region,Nil,2-way,Sealed,0,0,0,0,50,0,On,0,0,,76,Auckland,Nil,0,0,0,0,0,0,Urban,0,0,0,Fine,Null
1749000.0882,5970634.2832,855401,,505500,0,0,0,1,0,South,2023/2024,FALLS STREET,ELIZABETH STREET,,Non-Injury Crash,No,2023,0,North,0,0,0,Hill Road,0,,0,,0,Overcast,140300,0,0,0,2,0,0,0,0,1,,0,0,Auckland Region,Nil,2-way,Sealed,0,0,0,0,50,0,Off,0,0,,76,Auckland,Nil,0,0,0,0,0,0,Urban,1,0,0,Fine,Null
1743595.9124,5921132.6842,855403,,513631,0,,0,2,,Null,2022/2023,WAIMUMU ROAD,HEWLETT ROAD,,Non-Injury Crash,No,2023,,South,,0,,Flat,,,,,,Overcast,227301,0,0,0,2,,,0,,,,,,Auckland Region,Nil,2-way,Sealed,,0,0,,50,,Off,0,0,,76,Auckland,Nil,,,,,0,0,Urban,0,,,Light rain,Null
1751628.9918,5912762.8357,855407,,514600,0,0,0,1,0,Null,2023/2024,BOLTON STREET,BLOCKHOUSE BAY ROAD,,Non-Injury Crash,No,2023,0,East,0,0,1,Hill Road,0,,0,,0,Dark,371502,0,0,0,2,0,0,0,0,0,,0,0,Auckland Region,Nil,2-way,Sealed,0,0,0,0,50,0,On,0,0,,76,Auckland,Stop,0,0,0,0,0,0,Urban,0,0,0,Fine,Null
1770424.4621,5911280.0036,855409,,523109,0,,0,3,,West,2023/2024,TI RAKAU DRIVE,TE IRIRANGI DRIVE,,Non-Injury Crash,No,2023,,West,,0,,Flat,,,,,,Overcast,711709,0,0,0,6,,,0,,,,,,Auckland Region,Nil,2-way,Sealed,,0,0,,50,,Off,0,0,,76,Auckland,Nil,,,,,0,0,Urban,0,,,Light rain,Null
1757717.5377,5919767.3501,855411,,514301,0,,0,2,,Null,2022/2023,WELLESLEY STREET EAST,WELLESLEY STREET OFF RAMP,,Non-Injury Crash,No,2023,,South,,0,,Flat,,Queens Birthday,,,,Dark,440400,0,0,0,5,,,0,,,,,,Auckland Region,Nil,2-way,Sealed,,0,0,,50,,On,0,0,,76,Auckland,Traffic Signals,,,,,0,0,Urban,0,,,Fine,Null
1768369.2958,5908650.7561,855412,,523502,0,,0,1,,Null,2024/2025,SPRINGS ROAD,VALDER AVENUE,,Non-Injury Crash,No,2024,,North,,0,,Flat,,,,,,Bright sun,702600,0,0,0,4,,,0,,,,,,Auckland Region,Nil,2-way,Sealed,,0,0,,50,,Off,1,0,,76,Auckland,Stop,,,,,0,0,Urban,0,,,Fine,None
1756087.8267,5923643.9225,855416,,509800,0,,0,2,,North,2023/2024,NORTHERN MOTORWAY,HARBOUR BR N,,Non-Injury Crash,Yes,2024,,South,,0,,Flat,,,,,,Dark,359100,0,0,0,5,,,0,,,,,,Auckland Region,Nil,1-way,Sealed,,0,0,,80,,On,0,0,50,76,Auckland,Nil,,,,,1,0,Open,0,,,Light rain,Null