X,Y,OBJECTID,advisorySpeed,areaUnitID,bicycle,bridge,bus,carStationWagon,cliffBank,crashDirectionDescription,crashFinancialYear,crashLocation1,crashLocation2,crashRoadSideRoad,crashSeverity,crashSHDescription,crashYear,debris,directionRoleDescription,ditch,fatalCount,fence,flatHill,guardRail,holiday,houseOrBuilding,intersection,kerb,light,meshblockId,minorInjuryCount,moped,motorcycle,NumberOfLanes,objectThrownOrDropped,otherObject,otherVehicleType,overBank,parkedVehicle,pedestrian,phoneBoxEtc,postOrPole,region,roadCharacter,roadLane,roadSurface,roadworks,schoolBus,seriousInjuryCount,slipOrFlood,speedLimit,strayAnimal,streetLight,suv,taxi,temporarySpeedLimit,tlaId,tlaName,trafficControl,trafficIsland,trafficSign,train,tree,truck,unknownVehicleType,urban,vanOrUtility,vehicle,waterRiver,weatherA,weatherB
1769898.7103,5917279.9099,855417,35,522601,0,0,0,1,0,Null,2023/2024,LAINGS ROAD,THE PARADE,,Non-Injury Crash,No,2023,0,East,0,0,1,Hill Road,0,,0,,0,Dark,676900,0,0,0,2,0,0,0,0,0,,0,0,Auckland Region,Nil,2-way,Sealed,0,0,0,0,50,0,On,0,0,,76,Auckland,Nil,0,0,0,0,0,0,Urban,0,0,0,Fine,Null
1760353.5976,5912324.1892,855419,,520000,0,,0,2,,Null,2023/2024,CAPTAIN SPRINGS ROAD,CHURCH STREET,,Non-Injury Crash,No,2023,,South,,0,,Flat,,,,,,Overcast,606600,0,0,0,2,,,0,,,,,,Auckland Region,Nil,2-way,Sealed,,0,0,,50,,On,0,0,40,76,Auckland,Traffic Signals,,,,,0,0,Urban,0,,,Fine,Null
1767794.857,5904281.8445,855420,,524602,0,,0,2,,Null,2023/2024,REDOUBT ROAD,GREAT SOUTH ROAD,,Non-Injury Crash,No,2024,,West,,0,,Flat,,,,,,Bright sun,780501,0,0,0,3,,,0,,,,,,Auckland Region,Nil,1-way,Sealed,,0,0,,50,,Off,0,0,,76,Auckland,Traffic Signals,,,,,0,0,Urban,0,,,Fine,None
1749290.5257,5941889.2231,855437,,506300,0,0,0,1,1,North,2023/2024,EAST COAST ROAD,WORSNOP WAY,,Minor Crash,No,2023,0,North,0,0,0,Flat,0,,0,,0,Dark,175902,1,0,0,2,0,0,0,0,0,,0,0,Auckland Region,Nil,2-way,Sealed,0,0,0,0,100,0,Off,0,0,80,76,Auckland,Nil,0,0,0,0,0,0,Open,0,0,0,Light rain,Null
1767691.2808,5905151.0779,855459,,523722,0,0,0,2,0,North,2022/2023,SOUTHERN MOTORWAY,TE IRIRANGI OBR,,Serious Crash,Yes,2023,0,South,0,0,0,Flat,1,,0,,0,Dark,715701,0,0,0,3,0,0,0,0,0,,0,0,Auckland Region,Bridge,1-way,Sealed,0,0,1,0,100,0,On,0,1,,76,Auckland,Nil,0,0,0,0,0,0,Open,0,0,0,Fine,Null
1759418.2977,5910237.9621,855460,,524002,0,,0,2,,Null,2022/2023,RIMU ROAD,RIMU ROAD ON RAMP,,Non-Injury Crash,No,2023,,East,,0,,Flat,,,,,,Bright sun,722000,0,0,0,2,,,0,,,,,,Auckland Region,Nil,2-way,Sealed,,0,0,,50,,Off,0,0,,76,Auckland,Give way,,,,,0,0,Urban,0,,,Fine,None
1763409.6898,5915716.9891,855477,,517202,0,0,0,1,0,South,2023/2024,LUNN AVENUE,NGAHUE DRIVE,,Non-Injury Crash,No,2023,0,North,0,0,0,Flat,0,,0,,0,Dark,626304,0,0,0,2,0,0,0,0,0,,0,0,Auckland Region,Nil,2-way,Sealed,0,0,0,0,50,0,On,0,0,,76,Auckland,Nil,1,0,0,0,0,0,Urban,0,0,0,Fine,Null
1748352.0915,5927002.2175,855479,,513431,0,,0,0,,Null,2023/2024,HOBSONVILLE POINT ROAD,GLIDEPATH ROAD,,Non-Injury Crash,No,2023,,South,,0,,Flat,,,,,,Bright sun,221905,0,0,0,1,,,0,,,,,,Auckland Region,Nil,1-way,Sealed,,0,0,,50,,None,2,0,,76,Auckland,Give way,,,,,0,0,Urban,0,,,Fine,Null
1770886.9029,5901685.9073,855480,,523814,0,,0,1,,Null,2023/2024,STRATFORD ROAD,ALFRISTON ROAD,,Non-Injury Crash,No,2023,,North,,0,,Flat,,Labour Weekend,,,,Dark,759525,0,0,0,2,,,0,,,,,,Auckland Region,Nil,2-way,Sealed,,0,0,,50,,On,0,0,,76,Auckland,Give way,,,,,0,0,Urban,0,,,Fine,Null
1755637.5247,5917935.2892,855487,,517500,0,,0,0,,West,2024/2025,NEW NORTH ROAD,SANDRINGHAM ROAD,,Minor Crash,No,2024,,West,,0,,Flat,,,,,,Overcast,529800,1,0,0,4,,,0,,,1,,,Auckland Region,Nil,2-way,Sealed,,0,0,,50,,Off,0,0,,76,Auckland,Nil,,,,,0,1,Urban,0,,,Fine,Null
1768345.1721,5913716.8756,855492,,523000,0,,0,1,,Null,2022/2023,GOSSAMER DRIVE,PORTADOWN AVENUE,,Non-Injury Crash,No,2023,,North,,0,,Flat,,,,,,Dark,690800,0,0,0,3,,,0,,,,,,Auckland Region,Nil,2-way,Sealed,,0,0,,50,,On,1,0,,76,Auckland,Give way,,,,,0,0,Urban,0,,,Fine,None
1741083.8328,5912576.8698,855493,,513020,0,0,0,1,0,North,2023/2024,FOREST HILL ROAD,OLD FOREST HILL ROAD,,Non-Injury Crash,No,2023,0,North,0,0,0,Hill Road,0,,1,,0,Bright sun,280302,0,0,0,2,0,0,0,0,0,,0,0,Auckland Region,Nil,2-way,Sealed,0,0,0,0,70,0,Off,0,0,,76,Auckland,Nil,0,0,0,0,0,0,Urban,0,0,0,Fine,Null
1748840.0774,5913879.9427,855495,,511302,0,,0,0,,West,2023/2024,GREAT NORTH ROAD,WATERS PLACE,,Minor Crash,No,2023,,East,,0,,Flat,,,,,,Overcast,269400,1,0,0,4,,,0,,,,,,Auckland Region,Nil,2-way,Sealed,,0,0,,50,,Off,1,0,,76,Auckland,Nil,,,,,1,0,Urban,0,,,Heavy rain,Null
1743741.4773,5907109.2645,855497,45,512802,0,,0,2,,North,2023/2024,HUIA ROAD,STALEY ROAD,,Serious Crash,No,2023,,South,,0,,Hill Road,,Christmas New Year,,,,Overcast,302900,1,0,0,2,,,0,,,,,,Auckland Region,Nil,2-way,Sealed,,0,1,,50,,Off,0,0,,76,Auckland,Nil,,,,,0,0,Urban,0,,,Light rain,Null
1753349.2229,5914271.1056,855499,,518801,0,0,0,2,0,Null,2022/2023,MAIORO STREET,RICHARDSON ROAD,,Non-Injury Crash,No,2023,0,West,0,0,0,Hill Road,0,,0,,0,Overcast,578400,0,0,0,3,0,0,0,0,0,,0,0,Auckland Region,Nil,1-way,Sealed,0,0,0,0,50,0,Off,0,0,,76,Auckland,Traffic Signals,0,0,0,0,0,0,Urban,0,1,0,Fine,Null
1768008.8591,5913234.9888,855501,,523000,0,0,0,2,0,East,2022/2023,BEECHDALE CRESCENT,POOLEY STREET,,Non-Injury Crash,No,2023,0,North,0,0,0,Hill Road,0,,0,,0,Dark,689800,0,0,0,2,0,0,0,0,1,,0,0,Auckland Region,Nil,2-way,Sealed,0,0,0,0,50,0,On,0,0,,76,Auckland,Nil,0,0,0,0,0,0,Urban,0,0,0,Fine,Null
1773859.9173,5895538.8158,855504,,525510,0,0,0,2,0,North,2024/2025,SMITHS AVENUE,CALVERT STREET,,Non-Injury Crash,No,2024,0,South,0,0,0,Flat,0,,0,,0,Dark,801200,0,0,0,2,0,0,0,0,1,,0,0,Auckland Region,Nil,2-way,Sealed,0,0,0,0,50,0,On,0,0,,76,Auckland,Nil,0,0,0,0,0,0,Urban,0,0,0,Fine,Null
1755012.5937,5913735.367,855517,,518803,0,,0,1,,Null,2022/2023,DOMINION ROAD,DENBIGH AVENUE,,Non-Injury Crash,No,2023,,North,,0,,Flat,,,,,,Bright sun,581700,0,0,0,2,,,0,,,,,,Auckland Region,Nil,2-way,Sealed,,0,0,,50,,Off,0,0,,76,Auckland,Give way,,,,,1,0,Urban,0,,,Fine,Null
1761603.5913,5919011.4562,855519,,516400,0,,0,0,,Null,2023/2024,KEPA ROAD,ORAKEI ROAD,,Non-Injury Crash,No,2023,,West,,0,,Flat,,,,,,Bright sun,497700,0,0,0,2,,,0,,,,,,Auckland Region,Nil,2-way,Sealed,,0,0,,50,,Off,1,0,,76,Auckland,Give way,,,,,1,0,Urban,0,,,Fine,Null
1747266.8316,5921267.8094,855524,,512300,0,0,0,2,0,North,2023/2024,TE ATATU ROAD,GUNNER DRIVE,,Minor Crash,No,2024,0,South,0,0,0,Flat,0,,1,,0,Overcast,250200,1,0,0,2,0,0,0,0,1,,0,0,Auckland Region,Nil,2-way,Sealed,0,0,0,0,50,0,Off,1,0,,76,Auckland,Nil,0,0,0,0,0,0,Urban,0,0,0,Fine,Null
1753720.9052,5929179.768,855527,,508320,0,0,0,2,0,East,2023/2024,ST THOMAS MORE LANE,GLENFIELD ROAD,,Minor Crash,No,2023,0,East,0,0,0,Flat,0,,0,,1,Overcast,196801,1,0,0,2,0,0,0,0,1,,0,0,Auckland Region,Nil,2-way,Sealed,0,0,0,0,50,0,Off,0,0,,76,Auckland,Nil,0,0,0,0,0,0,Urban,0,0,0,Light rain,Null
1768086.2642,5904265.1577,855528,,523820,0,0,0,1,0,South,2024/2025,REDOUBT ROAD ON RAMP,REDOUBT ROAD,,Minor Crash,No,2024,0,South,0,0,0,Flat,0,,0,,1,Dark,759901,1,0,0,2,0,0,0,0,0,,0,0,Auckland Region,Motorway ramp,1-way,Sealed,0,0,0,0,100,0,On,0,0,,76,Auckland,Nil,0,0,0,0,0,0,Open,0,0,0,Fine,Null
1764457.714,5912170.9098,855529,,520500,0,,0,3,,South,2023/2024,SOUTHERN MOTORWAY,MOUNT WELLINGTON HWY OFF RAMP,,Non-Injury Crash,Yes,2023,,North,,0,,Flat,,,,,,Overcast,639500,0,0,0,3,,,0,,,,,,Auckland Region,Nil,1-way,Sealed,,0,0,,100,,Off,0,0,,76,Auckland,Nil,,,,,0,0,Open,1,,,Light rain,Null
1764009.4294,5904315.8092,855533,,522100,0,0,0,1,0,North,2023/2024,SOUTH-WESTERN MOTORWAY,PUHINUI UNDERPASS,,Minor Crash,Yes,2024,0,South,0,0,0,Flat,1,,0,,0,Bright sun,781001,1,0,0,2,0,0,0,0,0,,0,0,Auckland Region,Nil,1-way,Sealed,0,0,0,0,100,0,Off,0,0,,76,Auckland,Nil,0,0,0,0,0,0,Open,1,0,0,Fine,Null
1746845.0332,5915258.9475,855537,,511800,0,,0,2,,Null,2023/2024,GREAT NORTH ROAD,AWAROA ROAD,,Minor Crash,No,2024,,North,,0,,Hill Road,,Easter,,,,Bright sun,276400,1,0,0,4,,,0,,,,,,Auckland Region,Nil,2-way,Sealed,,0,0,,50,,None,0,0,,76,Auckland,Stop,,,,,0,0,Urban,0,,,Fine,Null
1770726.8125,5913170.7724,855543,,523101,0,,0,1,,South,2023/2024,BOTANY ROAD,PINEWOOD GROVE,,Minor Crash,No,2023,,South,,0,,Hill Road,,,,,,Overcast,710512,1,0,0,2,,,0,,,,,,Auckland Region,Nil,2-way,Sealed,,0,0,,50,,Off,0,0,,76,Auckland,Nil,,,,,1,0,Urban,0,,,Light rain,Null
1752315.0638,5936712.0206,855544,,506300,0,0,0,0,0,North,2023/2024,NORTHERN MOTORWAY,LONELY TRACK OBR,,Non-Injury Crash,Yes,2023,0,North,0,0,0,Flat,1,,0,,0,Twilight,176101,0,0,0,2,0,0,0,0,0,,0,0,Auckland Region,Nil,1-way,Sealed,0,0,0,0,100,0,None,0,0,,76,Auckland,Nil,0,0,0,0,1,0,Open,1,0,0,Fine,Null
1767032.2497,5905617.2253,855559,,522400,0,,0,0,,South,2022/2023,GREAT SOUTH ROAD,CASPAR ROAD,,Minor Crash,No,2023,,South,,0,,Flat,,,,,,Dark,671200,1,0,0,4,,,0,,,1,,,Auckland Region,Nil,2-way,Sealed,,0,0,,50,,On,0,0,,76,Auckland,Nil,,,,,0,0,Urban,0,,,Fine,Null
1754804.4482,5912974.6199,855573,,518803,0,,0,0,,North,2023/2024,DOMINION ROAD,HOWELL CRESCENT,,Minor Crash,No,2024,,North,,0,,Flat,,,,,,Overcast,583300,3,0,0,4,,,0,,,1,,,Auckland Region,Nil,2-way,Sealed,,0,0,,50,,Off,2,0,30,76,Auckland,Nil,,,,,0,0,Urban,0,,,Light rain,Null
1758957.4827,5904662.7348,855576,,524200,0,,0,1,,Null,2022/2023,GEORGE BOLT MEMORIAL DRIVE,VERISSIMO DRIVE,,Non-Injury Crash,No,2023,,South,,0,,Flat,,,,,,Bright sun,727800,0,0,0,3,,,0,,,,,,Auckland Region,Nil,1-way,Sealed,,0,0,,60,,Off,0,1,,76,Auckland,Traffic Signals,,,,,1,0,Urban,1,,,Fine,Null
1755404.007,5880672.7766,855585,,521152,0,0,0,1,0,North,2023/2024,GLENBROOK-WAIUKU ROAD,BANCROFT,,Minor Crash,No,2024,0,South,0,0,0,Flat,0,,0,,0,Bright sun,834300,1,0,0,2,0,0,0,0,0,,0,0,Auckland Region,Nil,2-way,Sealed,0,0,0,0,60,0,None,0,0,,76,Auckland,Nil,0,1,0,0,0,0,Urban,0,0,0,Fine,Null
1757770.8394,5919615.6535,855619,,514301,0,,0,1,,Null,2022/2023,GRAFTON ROAD,WELLESLEY STREET ON RAMP,,Non-Injury Crash,No,2023,,Null,,0,,Flat,,,,,,Bright sun,440400,0,0,0,5,,,0,,,,,,Auckland Region,Motorway ramp,2-way,Sealed,,0,0,,50,,Off,0,0,,76,Auckland,Traffic Signals,,,,,0,0,Urban,0,,,Fine,Null
1755285.7448,5929736.4409,855620,,508510,0,,0,1,,North,2023/2024,NORTHERN MOTORWAY,TRISTRAM AVENUE OFF RAMP,,Non-Injury Crash,Yes,2023,,South,,0,,Flat,,,,,,Bright sun,194405,0,0,0,2,,,1,,,,,,Auckland Region,Nil,1-way,Sealed,,0,0,,100,,Off,0,0,,76,Auckland,Nil,,,,,0,0,Open,0,,,Fine,Null
1764843.936,5908364.1021,855624,,523404,0,,0,0,,North,2023/2024,GREAT SOUTH ROAD,BAIRDS ROAD,,Non-Injury Crash,No,2023,,North,,0,,Flat,,,,,,Bright sun,696701,0,0,0,4,,,0,,,,,,Auckland Region,Nil,2-way,Sealed,,0,0,,50,,Off,1,0,,76,Auckland,Nil,,,,,0,0,Urban,1,,,Fine,Null
1742672.2301,5896411.481,855636,,521151,0,,0,0,,West,2024/2025,BOILER GULLY ROAD,ORUA BAY ROAD,,Serious Crash,No,2024,,West,,0,,Flat,,,,,,Overcast,829300,0,0,0,1,,,0,,,1,,,Auckland Region,Nil,2-way,Sealed,,0,1,,60,,None,0,0,,76,Auckland,Nil,,,,,0,0,Urban,1,,,Fine,Null
1760471.8239,5908928.2092,855651,,524404,0,,0,2,,Null,2023/2024,FAVONA ROAD,ROBERTSON ROAD,,Non-Injury Crash,No,2023,,West,,0,,Flat,,,,,,Dark,729400,0,0,0,4,,,0,,,,,,Auckland Region,Nil,2-way,Sealed,,0,0,,50,,On,0,0,,76,Auckland,Traffic Signals,,,,,0,0,Urban,0,,,Fine,Null
1752415.4362,5936055.8879,855656,,506300,0,,0,1,,North,2023/2024,NORTHERN MOTORWAY,LONELY TRACK OBR,,Non-Injury Crash,Yes,2024,,North,,0,,Flat,,,,,,Bright sun,176101,0,0,0,2,,,0,,,,,,Auckland Region,Nil,1-way,Sealed,,0,0,,100,,Off,1,0,,76,Auckland,Nil,,,,,0,0,Open,0,,,Fine,Null
1755946.4753,5924528.546,855668,,509800,0,,0,1,,West,2024/2025,ONEWA ROAD,SYLVAN AVENUE,,Serious Crash,No,2024,,East,,0,,Flat,,,,,,Bright sun,360500,0,0,1,3,,,0,,,,,,Auckland Region,Nil,2-way,Sealed,,0,1,,50,,Off,0,0,,76,Auckland,Nil,,,,,0,0,Urban,0,,,Fine,Null
1757395.8597,5912444.271,855671,25,518702,0,0,0,1,1,Null,2023/2024,BEL AIR DRIVE,QUEENSTOWN ROAD,,Non-Injury Crash,No,2023,0,East,0,0,0,Hill Road,0,,0,,0,Overcast,570300,0,0,0,2,0,0,0,0,0,,0,0,Auckland Region,Nil,1-way,Sealed,0,0,0,0,50,0,Off,0,0,,76,Auckland,Give way,0,0,0,0,0,0,Urban,0,0,0,Light rain,Null
1747379.9248,5911692.3237,855675,,511901,0,0,0,2,0,Null,2023/2024,ATKINSON ROAD,WOODFERN CRESCENT,,Minor Crash,No,2024,0,South,0,0,1,Flat,0,,0,,0,Bright sun,294702,1,0,0,2,0,0,0,0,0,,0,0,Auckland Region,Nil,2-way,Sealed,0,0,0,0,50,0,Off,0,0,,76,Auckland,Give way,0,0,0,1,0,0,Urban,0,0,0,Fine,Null
1759000.4376,5916770.7291,855677,,519200,0,,0,4,,North,2023/2024,GREAT SOUTH ROAD,MARKET ROAD,,Minor Crash,No,2023,,South,,0,,Flat,,,,,,Overcast,614200,2,0,0,2,,,0,,,,,,Auckland Region,Nil,2-way,Sealed,,0,0,,50,,None,0,0,,76,Auckland,Nil,,,,,0,0,Urban,0,,,Light rain,Null
1750339.2314,5914045.2512,855680,,511303,0,,0,1,,South,2023/2024,TOTARA AVENUE,VERONICA STREET,,Non-Injury Crash,No,2024,,South,,0,,Flat,,,,,,Bright sun,266100,0,0,0,2,,,0,,,,,,Auckland Region,Nil,2-way,Sealed,,0,0,,50,,Off,1,0,,76,Auckland,Nil,,,,,0,0,Urban,0,,,Fine,Null
1767347.5716,5906713.7693,855683,,523601,0,0,0,1,0,South,2023/2024,SANDBROOK AVENUE,BAIRDS ROAD,,Non-Injury Crash,No,2023,0,South,0,0,0,Flat,0,,0,,0,Bright sun,707600,0,0,0,2,0,0,0,0,0,,0,1,Auckland Region,Nil,2-way,Sealed,0,0,0,0,50,0,Off,0,0,,76,Auckland,Nil,0,0,0,0,0,0,Urban,0,0,0,Fine,Null
1765959.9702,5905594.8917,855688,,522202,0,0,0,2,0,South,2023/2024,CARRUTH ROAD,BIRDWOOD AVENUE,,Non-Injury Crash,No,2024,0,South,0,0,1,Flat,0,,0,,0,Dark,665700,0,0,0,2,0,1,0,0,1,,0,0,Auckland Region,Nil,2-way,Sealed,0,0,0,0,50,0,On,0,0,,76,Auckland,Nil,0,0,0,0,0,0,Urban,0,0,0,Fine,Null
1750713.5507,5946689.7382,855692,,505807,0,,0,2,,Null,2023/2024,HIBISCUS COAST HIGHWAY,WHANGAPARAOA ROAD,,Non-Injury Crash,No,2024,,South,,0,,Flat,,,,,,Overcast,172802,0,0,0,7,,,0,,,,,,Auckland Region,Nil,2-way,Sealed,,0,0,,50,,Off,0,0,,76,Auckland,Traffic Signals,,,,,0,0,Urban,0,,,Fine,Null
1774701.8098,5896024.5969,855695,,525510,0,,0,1,,Null,2022/2023,SETTLEMENT ROAD,DOMINION ROAD,,Minor Crash,No,2023,,East,,0,,Flat,,,,,,Overcast,801002,1,0,0,1,,,0,,,,,,Auckland Region,Nil,1-way,Sealed,,0,0,,50,,Off,1,0,,76,Auckland,Give way,,,,,0,0,Urban,0,,,Fine,Null
1745651.0047,5916397.7891,855696,,510800,0,,0,2,,Null,2023/2024,VIEW ROAD,NEWINGTON ROAD,,Non-Injury Crash,No,2024,,South,,0,,Hill Road,,Easter,,,,Overcast,244500,0,0,0,2,,,0,,,,,,Auckland Region,Nil,2-way,Sealed,,0,0,,50,,None,0,0,,76,Auckland,Stop,,,,,0,0,Urban,0,,,Mist or Fog,Null
1764342.4049,5909411.8302,855707,,521802,0,0,0,1,0,Null,2023/2024,GREAT SOUTH ROAD,FORT RICHARD ROAD,,Non-Injury Crash,No,2023,0,North,0,0,0,Flat,0,,0,,1,Twilight,788601,0,0,0,4,0,0,0,0,0,,0,0,Auckland Region,Nil,2-way,Sealed,0,0,0,0,50,0,On,0,0,,76,Auckland,Stop,0,1,0,0,0,0,Urban,0,0,0,Fine,Null
1756311.403,5927383.2867,855708,,507900,0,,0,1,,South,2024/2025,NORTHERN MOTORWAY,NORTHCOTE ROAD OFF RAMP,,Minor Crash,Yes,2024,,South,,0,,Flat,,,,,,Bright sun,305202,1,0,0,3,,,0,,,,,,Auckland Region,Nil,1-way,Sealed,,0,0,,100,,Off,0,0,,76,Auckland,Nil,,,,,0,0,Open,2,,,Fine,Null
1766883.5136,5890022.5079,855709,,521122,0,0,0,1,0,South,2022/2023,LEWIS ROAD,JOHN HINDMARSH ROAD,,Non-Injury Crash,No,2023,0,South,1,0,0,Flat,0,,0,,0,Overcast,810000,0,0,0,2,0,0,0,0,0,,0,0,Auckland Region,Nil,2-way,Sealed,0,0,0,0,80,0,None,0,0,30,76,Auckland,Nil,0,0,0,0,0,0,Open,0,0,0,Fine,Null
1768010.0199,5903244.0346,855711,,524602,0,0,0,2,0,East,2022/2023,KERRS ROAD,WALLSON CRESCENT,,Non-Injury Crash,No,2023,0,West,0,0,0,Flat,0,,0,,0,Dark,780407,0,0,0,2,0,0,0,0,2,,0,0,Auckland Region,Nil,2-way,Sealed,0,0,0,0,50,0,On,1,0,30,76,Auckland,Nil,0,0,0,0,0,0,Urban,0,0,0,Fine,Null
1746131.4546,5918277.7169,855712,,512500,0,,0,3,,South,2024/2025,EDMONTON ROAD,ALMA STREET,,Non-Injury Crash,No,2024,,North,,0,,Flat,,,,,,Overcast,257002,0,0,0,2,,,0,,,,,,Auckland Region,Nil,2-way,Sealed,,0,0,,50,,Off,0,0,,76,Auckland,Nil,,,,,0,0,Urban,0,,,Light rain,Null
1743248.1675,5921309.5839,855716,,513631,0,,0,2,,East,2023/2024,DON BUCK ROAD,MALMO PLACE,,Non-Injury Crash,No,2024,,North,,0,,Hill Road,,,,,,Bright sun,227203,0,0,0,2,,,0,,,,,,Auckland Region,Nil,2-way,Sealed,,0,0,,50,,Off,0,0,,76,Auckland,Nil,,,,,0,0,Urban,0,,,Fine,Null
1755703.5048,5918050.5674,855739,,517500,0,,0,1,,North,2022/2023,BOND STREET,NEW NORTH ROAD,,Minor Crash,No,2023,,North,,0,,Flat,,,,,,Twilight,529800,1,0,0,2,,,0,,,1,,,Auckland Region,Nil,2-way,Sealed,,0,0,,50,,Off,0,0,,76,Auckland,Nil,,,,,0,0,Urban,0,,,Fine,Null
1765750.6704,5901197.9593,855743,,524711,0,,0,0,,North,2023/2024,ROSCOMMON ROAD,FINLAYSON AVENUE,,Minor Crash,No,2023,,South,,0,,Flat,,,,,,Dark,774900,1,1,0,4,,,0,,,,,,Auckland Region,Nil,2-way,Sealed,,0,0,,50,,On,1,0,,76,Auckland,Nil,,,,,0,0,Urban,0,,,Light rain,Null
1745974.3248,5908151.0456,855748,,512801,0,,1,0,,North,2023/2024,LAINGHOLM DRIVE,DOROTHY ROAD,,Minor Crash,No,2024,,South,,0,,Hill Road,,,,,,Overcast,302003,3,0,0,2,,,0,,,,,,Auckland Region,Nil,2-way,Sealed,,0,0,,50,,Off,1,0,,76,Auckland,Nil,,,,,0,0,Urban,0,,,Fine,Null
1760051.1634,5908184.9906,855755,,524121,0,0,0,2,0,South,2022/2023,SOUTH-WESTERN MOTORWAY,HALL FTBR,,Minor Crash,Yes,2023,0,North,0,0,0,Flat,1,,0,,0,Overcast,737103,1,0,0,2,0,0,0,0,0,,0,0,Auckland Region,Nil,1-way,Sealed,0,0,0,0,100,0,On,0,0,,76,Auckland,Nil,0,0,0,0,0,0,Open,0,0,0,Mist or Fog,Null
1740260.2427,5927833.0518,855776,,505604,0,,0,1,,West,2022/2023,SH 16,OLD NORTH ROAD,,Non-Injury Crash,Yes,2023,,South,,0,,Flat,,,,,,Overcast,214501,0,0,0,2,,,0,,,,,,Auckland Region,Nil,2-way,Sealed,,0,0,,80,,Off,1,0,,76,Auckland,Nil,,,,,0,0,Open,1,,,Light rain,Null
1750974.7059,5936089.0343,855777,,506300,0,,0,2,,Null,2022/2023,ALBANY HEIGHTS ROAD,WRIGHT ROAD,,Serious Crash,No,2023,,South,,0,,Hill Road,,,,,,Bright sun,176101,0,0,0,2,,,0,,,,,,Auckland Region,Nil,2-way,Sealed,,0,1,,60,,Off,0,0,,76,Auckland,Nil,,,,,0,0,Urban,0,,,Fine,Null
1773751.9456,5896511.3497,855783,,525620,0,,0,1,,Null,2022/2023,WILLIS ROAD,LAURIE AVENUE,,Serious Crash,No,2023,,West,,0,,Flat,,,,,,Dark,797200,0,0,1,2,,,0,,,,,,Auckland Region,Nil,2-way,Sealed,,0,1,,50,,On,0,0,,76,Auckland,Give way,,,,,0,0,Urban,0,,,Fine,Null
1774333.9325,5881387.7504,855787,,521160,0,0,0,1,1,East,2022/2023,MILL ROAD,HARRISVILLE ROAD,,Minor Crash,No,2023,0,South,0,0,0,Flat,0,,0,,0,Dark,827300,2,0,0,2,0,0,0,0,0,,0,0,Auckland Region,Nil,2-way,Sealed,0,0,0,0,100,0,None,0,0,,76,Auckland,Nil,0,0,0,0,0,0,Open,0,0,0,Fine,Null
1754119.8978,5913157.8332,855796,,518901,0,0,0,0,0,Null,2023/2024,RICHARDSON ROAD,MAY ROAD,,Minor Crash,No,2023,0,East,0,0,0,Flat,1,,0,,0,Bright sun,585102,1,0,1,2,0,0,0,0,0,,0,0,Auckland Region,Nil,2-way,Sealed,0,0,0,0,50,0,Off,0,0,,76,Auckland,Traffic Signals,0,0,0,0,0,0,Urban,0,0,0,Fine,Null
1743803.0684,5919220.9484,855812,,513213,1,,0,1,,Null,2023/2024,SWANSON ROAD,METCALFE ROAD,,Minor Crash,No,2023,,South,,0,,Flat,,,,,,Bright sun,236001,1,0,0,2,,,0,,,,,,Auckland Region,Nil,2-way,Sealed,,0,0,,50,,Off,0,0,,76,Auckland,Give way,,,,,0,0,Urban,0,,,Fine,Null
1764586.4627,5911916.6826,855816,,520500,0,,0,2,,North,2023/2024,SOUTHERN MOTORWAY,PANAMA OBR,,Non-Injury Crash,Yes,2023,,North,,0,,Flat,,,,,,Dark,639500,0,0,1,3,,,0,,,,,,Auckland Region,Nil,1-way,Sealed,,0,0,,100,,On,1,0,,76,Auckland,Nil,,,,,0,0,Open,0,,,Fine,Null
1754778.9032,5929667.9061,855825,,508420,0,,0,2,,Null,2022/2023,TARGET ROAD,ELLICE ROAD,,Minor Crash,No,2023,,North,,0,,Hill Road,,,,,,Bright sun,182500,1,0,0,2,,,0,,,,,,Auckland Region,Nil,2-way,Sealed,,0,0,,50,,Off,0,0,,76,Auckland,Give way,,,,,0,0,Urban,0,,,Fine,Null
1765673.2685,5898093.2291,855827,,524811,0,,0,1,,Null,2022/2023,MCLEOD ROAD,WEYMOUTH ROAD,,Minor Crash,No,2023,,East,,0,,Flat,,,,,,Dark,773502,1,0,0,2,,,0,,,,,,Auckland Region,Nil,2-way,Sealed,,0,0,,50,,On,1,0,30,76,Auckland,Give way,,,,,0,0,Urban,0,,,Fine,Null
1755443.7576,5932181.5407,855832,,507400,0,0,0,1,0,East,2023/2024,MAXWELTON DRIVE,EAST COAST ROAD,,Non-Injury Crash,No,2023,0,West,0,0,0,Hill Road,0,,0,,0,Dark,151000,0,0,0,2,0,0,0,0,0,,0,0,Auckland Region,Nil,2-way,Sealed,0,0,0,0,50,0,On,0,0,,76,Auckland,Nil,0,0,0,1,0,0,Urban,0,0,0,Fine,Null
1745976.3358,5920411.1426,855833,,513301,0,,0,1,,East,2022/2023,NORTH-WESTERN MOTORWAY,LINCOLN ROAD ON RAMP,,Non-Injury Crash,Yes,2023,,East,,0,,Flat,,,,,,Bright sun,230200,0,0,0,3,,,0,,,,,,Auckland Region,Nil,1-way,Sealed,,0,0,,100,,Off,1,0,,76,Auckland,Nil,,,,,0,0,Open,0,,,Fine,Null