X,Y,OBJECTID,advisorySpeed,areaUnitID,bicycle,bridge,bus,carStationWagon,cliffBank,crashDirectionDescription,crashFinancialYear,crashLocation1,crashLocation2,crashRoadSideRoad,crashSeverity,crashSHDescription,crashYear,debris,directionRoleDescription,ditch,fatalCount,fence,flatHill,guardRail,holiday,houseOrBuilding,intersection,kerb,light,meshblockId,minorInjuryCount,moped,motorcycle,NumberOfLanes,objectThrownOrDropped,otherObject,otherVehicleType,overBank,parkedVehicle,pedestrian,phoneBoxEtc,postOrPole,region,roadCharacter,roadLane,roadSurface,roadworks,schoolBus,seriousInjuryCount,slipOrFlood,speedLimit,strayAnimal,streetLight,suv,taxi,temporarySpeedLimit,tlaId,tlaName,trafficControl,trafficIsland,trafficSign,train,tree,truck,unknownVehicleType,urban,vanOrUtility,vehicle,waterRiver,weatherA,weatherB
1761632.2125,5907400.2944,855835,,524520,0,,0,1,,Null,2023/2024,BUCKLAND ROAD,ASHLEY AVENUE,,Minor Crash,No,2023,,North,,0,,Flat,,,,,,Bright sun,734300,1,0,0,2,,,0,,,,,,Auckland Region,Nil,2-way,Sealed,,0,0,,50,,Off,1,0,,76,Auckland,Traffic Signals,,,,,0,0,Urban,0,,,Fine,Null
1771222.559,5897583.5845,855839,,523912,0,,0,2,,North,2023/2024,LONGFORD PARK DRIVE,MOSS CRESCENT,,Minor Crash,No,2023,,North,,0,,Flat,,,,,,Bright sun,767807,1,0,0,2,,,0,,,,,,Auckland Region,Nil,2-way,Sealed,,0,0,,50,,Off,0,0,,76,Auckland,Nil,,,,,0,0,Urban,0,,,Fine,Null
1763103.7118,5919209.1708,855844,,516500,0,,0,1,,Null,2022/2023,GODDEN CRESCENT,PATTESON AVENUE,,Non-Injury Crash,No,2023,,East,,0,,Hill Road,,,,,,Overcast,501903,0,0,0,2,,,0,,,,,,Auckland Region,Nil,2-way,Sealed,,0,0,,50,,Off,1,0,30,76,Auckland,Stop,,,,,0,0,Urban,0,,,Heavy rain,Null
1761980.3345,5916932.4181,855851,,516003,0,,0,1,,West,2022/2023,REMUERA ROAD,KELVIN ROAD,,Minor Crash,No,2023,,West,,0,,Hill Road,,,,,,Bright sun,495300,1,0,0,4,,,0,,,,,,Auckland Region,Nil,2-way,Sealed,,0,0,,50,,Off,0,0,,76,Auckland,Isolated Pedestrian signal (non-intersection),,,,,1,0,Urban,0,,,Fine,Null
1760179.369,5924426.6224,855853,,509300,0,0,0,2,0,Null,2023/2024,ACHILLES CRESCENT,OLD LAKE ROAD,,Minor Crash,No,2023,0,North,0,0,0,Flat,0,,0,,0,Dark,338801,1,0,0,2,0,0,0,0,1,,0,0,Auckland Region,Nil,2-way,Sealed,0,0,0,0,50,0,On,0,0,,76,Auckland,Stop,0,0,0,0,0,0,Urban,0,0,0,Light rain,Null
1751683.6548,5939016.4711,855857,,506300,0,0,0,2,0,North,2023/2024,NORTHERN MOTORWAY,REDVALE RISE,,Minor Crash,Yes,2023,0,North,0,0,0,Hill Road,0,,0,,0,Dark,176008,1,0,0,2,0,0,0,0,1,,0,0,Auckland Region,Nil,1-way,Sealed,0,0,0,0,100,0,Off,0,0,,76,Auckland,Nil,0,0,0,0,0,0,Open,0,0,0,Light rain,Null
1773514.317,5897350.493,855868,,525630,0,,0,0,,Null,2024/2025,OLD WAIROA ROAD,GROVE ROAD,,Minor Crash,No,2024,,West,,0,,Flat,,,,,,Bright sun,795600,1,0,1,2,,,0,,,,,,Auckland Region,Nil,2-way,Sealed,,0,0,,50,,Off,0,0,,76,Auckland,Stop,,,,,0,0,Urban,0,,,Fine,Null
1770796.0093,5903934.6478,855873,,523818,0,0,0,1,0,West,2022/2023,REDOUBT ROAD,KINNARD LANE,,Non-Injury Crash,No,2023,0,North,0,0,1,Hill Road,0,,0,,0,Overcast,760400,0,0,0,2,0,0,0,0,0,,0,0,Auckland Region,Nil,2-way,Sealed,0,0,0,0,60,0,None,0,0,,76,Auckland,Nil,0,0,0,0,0,0,Urban,0,0,0,Light rain,Null
1757730.2886,5915576.6725,855880,,515801,0,0,0,2,0,Null,2022/2023,GREEN LANE WEST,THE DRIVE,,Non-Injury Crash,No,2023,0,North,0,0,0,Flat,0,,0,,0,Dark,447400,0,0,0,5,0,0,0,0,0,,0,0,Auckland Region,Nil,2-way,Sealed,0,0,0,0,50,0,On,0,0,,76,Auckland,Traffic Signals,0,1,0,0,0,0,Urban,0,0,0,Fine,Null
1771539.6409,5897828.9689,855884,,523912,0,,0,1,,Null,2023/2024,WALTERS ROAD,GREAT SOUTH ROAD,,Non-Injury Crash,No,2023,,West,,0,,Flat,,,,,,Dark,765700,0,0,0,4,,,0,,,,,,Auckland Region,Nil,2-way,Sealed,,0,0,,50,,On,0,0,,76,Auckland,Give way,,,,,0,0,Urban,1,,,Fine,Null
1761263.4485,5917526.7866,855889,,516202,0,0,0,1,0,Null,2022/2023,UPLAND ROAD,POTO STREET,,Non-Injury Crash,No,2023,0,North,0,0,0,Hill Road,0,,0,,0,Dark,488900,0,0,0,2,0,0,0,0,0,,0,1,Auckland Region,Nil,2-way,Sealed,0,0,0,0,50,0,On,0,0,,76,Auckland,Give way,0,0,0,0,0,0,Urban,0,0,0,Fine,Null
1768086.4373,5900482.4338,855892,,525101,0,,0,1,,Null,2023/2024,COXHEAD ROAD,WEYMOUTH ROAD,,Non-Injury Crash,No,2023,,North,,0,,Hill Road,,Christmas New Year,,,,Dark,771200,0,0,0,2,,,0,,,,,,Auckland Region,Nil,2-way,Sealed,,0,0,,50,,On,1,0,,76,Auckland,Stop,,,,,0,0,Urban,0,,,Fine,Null
1754565.2023,5917851.414,855899,,517600,0,0,0,2,0,North,2022/2023,FINCH STREET,WESTERN SPRINGS ROAD,,Non-Injury Crash,No,2023,0,South,0,0,0,Flat,0,,0,,0,Bright sun,533200,0,0,0,0,0,0,0,0,1,1,0,0,Auckland Region,Nil,2-way,Sealed,0,0,0,0,50,0,None,0,0,,76,Auckland,Nil,0,0,0,0,0,0,Urban,0,0,0,Fine,Null
1762181.0358,5913647.6474,855900,,520500,0,,0,3,,South,2023/2024,SOUTHERN MOTORWAY,PENROSE OBR,,Minor Crash,Yes,2024,,North,,0,,Flat,,,,,,Twilight,637100,1,0,0,3,,,0,,,,,,Auckland Region,Nil,1-way,Sealed,,0,0,,100,,On,0,0,,76,Auckland,Nil,,,,,0,0,Open,0,,,Heavy rain,Null
1769490.0503,5880112.4514,855907,,525922,0,0,0,1,0,Null,2023/2024,MANUKAU ROAD,SVENDSEN ROAD,,Non-Injury Crash,No,2023,0,North,0,0,0,Flat,0,,0,,0,Overcast,823500,0,0,0,2,0,0,0,0,0,,0,1,Auckland Region,Nil,2-way,Sealed,0,0,0,0,50,0,Off,0,0,,76,Auckland,Give way,0,0,0,0,0,0,Urban,1,0,0,Fine,Null
1755455.4026,5938273.9295,855908,,508900,0,,0,1,,East,2024/2025,CAVALLI ROAD,BARQUE RISE,,Minor Crash,No,2024,,East,,0,,Hill Road,,,,,,Overcast,178310,1,0,0,2,,,0,,,1,,,Auckland Region,Nil,2-way,Sealed,,0,0,,50,,Off,0,0,,76,Auckland,Nil,,,,,0,0,Urban,0,,,Light rain,Null
1748192.7147,5919189.9596,855909,,514801,0,0,0,1,0,North,2023/2024,NORTH-WESTERN MOTORWAY,PATIKI ROAD ON RAMP,,Non-Injury Crash,Yes,2023,0,West,0,0,0,Flat,1,Christmas New Year,0,,0,Dark,389300,0,0,0,4,0,0,0,0,0,,0,0,Auckland Region,Nil,1-way,Sealed,0,0,0,0,100,0,On,0,0,,76,Auckland,Nil,0,0,0,0,0,0,Open,0,0,0,Light rain,Null
1759488.977,5925454.7425,855913,,508110,0,,0,2,,North,2023/2024,LAKE ROAD,WINSCOMBE STREET,,Non-Injury Crash,No,2023,,South,,0,,Hill Road,,,,,,Bright sun,319200,0,0,0,2,,,0,,,,,,Auckland Region,Nil,2-way,Sealed,,0,0,,50,,Off,0,0,,76,Auckland,Nil,,,,,0,0,Urban,0,,,Fine,Null
1759941.6422,5915794.7697,855916,,516003,0,,0,2,,North,2023/2024,GREEN LANE EAST,GREAT SOUTH ROAD,,Non-Injury Crash,No,2024,,South,,0,,Flat,,,,,,Bright sun,495200,0,0,0,7,,,0,,,,,,Auckland Region,Nil,2-way,Sealed,,0,0,,50,,Off,0,0,,76,Auckland,Nil,,,,,0,0,Urban,0,,,Fine,Null
1763153.9564,5915999.7853,855917,,516302,0,,0,1,,West,2023/2024,ABBOTTS WAY,NGAHUE DRIVE,,Serious Crash,No,2023,,West,,0,,Hill Road,,,,,,Bright sun,463708,0,0,1,5,,,0,,,,,,Auckland Region,Nil,2-way,Sealed,,0,1,,50,,Off,0,0,,76,Auckland,Nil,,,,,0,0,Urban,0,,,Fine,Null
1767034.7113,5905614.941,855921,,522400,0,,0,1,,South,2023/2024,GREAT SOUTH ROAD,CASPAR ROAD,,Minor Crash,No,2024,,East,,0,,Flat,,,,,,Bright sun,671200,1,0,0,4,,,0,,,1,,,Auckland Region,Nil,2-way,Sealed,,0,0,,50,,Off,0,0,,76,Auckland,Nil,,,,,0,0,Urban,0,,,Fine,Null
1747927.7824,5913612.299,855923,,511100,0,0,0,1,0,Null,2023/2024,WEST COAST ROAD,RUA ROAD,,Minor Crash,No,2024,0,North,0,0,0,Hill Road,0,,0,,0,Overcast,286900,1,0,0,2,0,0,0,0,0,,0,1,Auckland Region,Nil,2-way,Sealed,0,0,0,0,50,0,Off,0,0,,76,Auckland,Give way,0,0,0,0,0,0,Urban,0,0,0,Heavy rain,Null
1762775.2642,5915516.5986,855936,,520302,0,0,0,1,1,East,2023/2024,MARUA ROAD,DRYDEN PLACE,,Minor Crash,No,2024,0,West,0,0,0,Flat,0,,0,,0,Bright sun,625400,1,0,0,2,0,0,0,0,0,,0,0,Auckland Region,Nil,2-way,Sealed,0,0,0,0,50,0,Off,0,0,,76,Auckland,Nil,0,0,0,0,0,0,Urban,1,0,0,Fine,Null
1762034.0846,5906835.1604,855940,,524302,0,,0,4,,South,2024/2025,MASSEY ROAD,JOHN STREET,,Non-Injury Crash,No,2024,,South,,0,,Flat,,,,,,Dark,743500,0,0,0,2,,,0,,,,,,Auckland Region,Nil,2-way,Sealed,,0,0,,50,,On,0,0,,76,Auckland,Nil,,,,,0,1,Urban,0,,,Fine,Null
1764655.9823,5911726.9953,855941,,520500,0,,0,1,,North,2023/2024,SOUTHERN MOTORWAY,PANAMA OBR,,Non-Injury Crash,Yes,2023,,South,,0,,Flat,,,,,,Overcast,639602,0,0,0,3,,,0,,,,,,Auckland Region,Nil,1-way,Sealed,,0,0,,100,,Off,0,0,,76,Auckland,Nil,,,,,0,0,Open,1,,,Fine,Null
1747531.6189,5919502.9705,855945,,512402,0,0,0,1,0,West,2023/2024,TE ATATU ROAD OFF RAMP,NORTH-WESTERN MOTORWAY,,Minor Crash,No,2024,0,West,0,0,0,Flat,1,,0,,0,Overcast,253700,1,0,0,5,0,0,0,0,0,,0,0,Auckland Region,Motorway ramp,1-way,Sealed,0,0,0,0,100,0,Off,0,0,,76,Auckland,Nil,0,0,0,1,0,0,Open,0,0,0,Fine,Null
1741600.3417,5928639.0915,855947,,505604,0,,0,1,,South,2022/2023,COATESVILLE-RIVERHEAD HIGHWAY,RIVERLAND ROAD,,Minor Crash,No,2023,,North,,0,,Hill Road,,,,,,Overcast,214300,1,0,0,2,,,0,,,,,,Auckland Region,Nil,2-way,Sealed,,0,0,,60,,None,1,0,,76,Auckland,Nil,,,,,0,0,Urban,0,,,Fine,Null
1770034.8665,5914701.581,855949,,522712,0,,1,0,,West,2023/2024,PAKURANGA ROAD,ABERFELDY AVENUE,,Serious Crash,No,2023,,East,,0,,Flat,,,,,,Bright sun,644800,0,0,1,4,,,0,,,,,,Auckland Region,Nil,2-way,Sealed,,0,1,,50,,Off,0,0,40,76,Auckland,Nil,,,,,0,0,Urban,1,,,Fine,Null
1769101.433,5889398.0813,855953,,521122,0,,0,2,,Null,2022/2023,KARAKA ROAD,BLACKBRIDGE ROAD,,Non-Injury Crash,Yes,2023,,East,,0,,Flat,,,,,,Dark,810000,0,0,0,2,,,0,,,,,,Auckland Region,Nil,2-way,Sealed,,0,0,,80,,On,0,0,,76,Auckland,Give way,,,,,0,0,Open,0,,,Light rain,Null
1756061.2178,5934039.4876,855955,,507300,0,,0,1,,Null,2022/2023,BEACH ROAD,LYONS AVENUE,,Minor Crash,No,2023,,West,,0,,Flat,,,,,,Dark,155100,1,0,0,2,,,0,,,1,,,Auckland Region,Nil,2-way,Sealed,,0,0,,50,,On,0,0,,76,Auckland,Give way,,,,,0,0,Urban,0,,,Fine,Null
1770898.398,5900616.8774,855960,,523816,0,0,0,1,0,East,2024/2025,HYPERION DRIVE,FOXLAW STREET,,Non-Injury Crash,No,2024,0,East,0,0,0,Flat,0,,0,,0,Bright sun,759730,0,0,0,2,0,0,0,0,1,,0,0,Auckland Region,Nil,2-way,Sealed,0,0,0,0,50,0,Off,0,0,,76,Auckland,Nil,0,0,0,0,0,1,Urban,0,0,0,Fine,Null
1771740.659,5897896.3671,855961,,523912,0,,0,3,,West,2023/2024,WALTERS ROAD,RAIL XING,,Non-Injury Crash,No,2023,,East,,0,,Flat,,,,,,Twilight,765700,0,0,0,2,,,0,,,,,,Auckland Region,Nil,2-way,Sealed,,0,0,,50,,On,0,0,,76,Auckland,Nil,,,,,0,0,Urban,0,,,Fine,Null
1767006.7529,5913381.4911,855965,,522910,0,,0,2,,Null,2023/2024,PAKURANGA ROAD,WILLIAM ROBERTS ROAD,,Minor Crash,No,2024,,West,,0,,Hill Road,,,,,,Bright sun,685000,1,0,0,4,,,0,,,,,,Auckland Region,Nil,2-way,Sealed,,0,0,,50,,Off,0,1,30,76,Auckland,Give way,,,,,0,0,Urban,0,,,Fine,Null
1760117.1747,5906849.6999,855968,,524111,0,0,0,1,0,South,2024/2025,WADDON PLACE,ORLY AVENUE,,Non-Injury Crash,No,2024,0,East,0,0,0,Flat,0,,0,,0,Bright sun,740500,0,0,0,2,0,0,0,0,0,,0,1,Auckland Region,Nil,2-way,Sealed,0,0,0,0,50,0,Off,0,0,,76,Auckland,Nil,1,0,0,0,0,0,Urban,0,0,0,Fine,Null
1772834.2052,5900727.0193,855972,,523813,0,,0,1,,South,2024/2025,MILL ROAD,PHILLIP ROAD,,Minor Crash,No,2025,,North,,0,,Flat,,,,,,Bright sun,761000,1,0,0,2,,,0,,,,,,Auckland Region,Nil,2-way,Sealed,,0,0,,80,,None,0,0,,76,Auckland,Nil,,,,,1,0,Open,1,,,Fine,Null
1766429.619,5912829.8443,855973,,522920,0,,0,0,,West,2022/2023,PAKURANGA HIGHWAY,TI RAKAU DRIVE,,Non-Injury Crash,No,2023,,West,,0,,Flat,,,,,,Overcast,683800,0,0,0,2,,,0,,,,,,Auckland Region,Nil,1-way,Sealed,,0,0,,80,,None,0,0,,76,Auckland,Nil,,,,,0,0,Open,1,,,Light rain,Null
1772821.4819,5895496.5585,855980,,525520,0,,0,2,,Null,2023/2024,LIVERPOOL STREET,SETTLEMENT ROAD,,Non-Injury Crash,No,2024,,North,,0,,Flat,,,,,,Overcast,801700,0,0,0,2,,,0,,,,,,Auckland Region,Nil,2-way,Sealed,,0,0,,50,,None,0,0,,76,Auckland,Stop,,,,,0,0,Urban,0,,,Null,None
1762938.2756,5917452.5687,855983,,516302,0,,0,3,,Null,2023/2024,ST JOHNS ROAD,GERARD WAY,,Minor Crash,No,2023,,South,,0,,Flat,,,,,,Twilight,462809,2,0,0,3,,,0,,,,,,Auckland Region,Nil,2-way,Sealed,,0,0,,50,,On,0,0,,76,Auckland,Traffic Signals,,,,,0,0,Urban,0,,,Fine,Null
1750111.2164,5915175.9889,855992,,514802,0,0,0,2,0,West,2022/2023,ASH STREET,SANDY LANE,,Non-Injury Crash,No,2023,0,West,0,0,0,Flat,0,,0,,0,Overcast,386902,0,0,0,4,0,0,0,0,1,,0,0,Auckland Region,Nil,2-way,Sealed,0,0,0,0,50,0,Off,0,0,,76,Auckland,Nil,0,0,0,0,0,0,Urban,0,0,0,Fine,Null
1771624.9095,5915315.1919,856000,,521602,0,,0,1,,Null,2023/2024,RIDGE ROAD,MELLONS BAY ROAD,,Non-Injury Crash,No,2024,,East,,0,,Hill Road,,,,,,Twilight,646600,0,0,0,2,,,0,,,,,,Auckland Region,Nil,2-way,Sealed,,0,0,,50,,Off,1,0,,76,Auckland,Give way,,,,,0,0,Urban,0,,,Fine,Null
1774308.1082,5888743.324,856004,,521302,0,,0,2,,North,2024/2025,SOUTHERN MOTORWAY,RAMARAMA ON RAMP,,Non-Injury Crash,Yes,2024,,North,,0,,Flat,,,,,,Bright sun,809101,0,0,0,2,,,0,,,,,,Auckland Region,Nil,1-way,Sealed,,0,0,,100,,Off,0,0,,76,Auckland,Nil,,,,,0,1,Open,0,,,Fine,Null
1764194.8854,5910995.7962,856005,,520500,0,0,0,0,0,Null,2022/2023,MOUNT WELLINGTON HIGHWAY,CAMP ROAD,,Non-Injury Crash,No,2023,0,North,0,0,0,Flat,0,Easter,0,,1,Dark,637900,0,0,1,2,0,0,0,0,0,,0,0,Auckland Region,Nil,2-way,Sealed,0,0,0,0,50,0,On,0,0,,76,Auckland,Stop,0,0,0,1,0,0,Urban,0,0,0,Fine,Null
1772893.3344,5894889.3952,856011,,525520,0,0,0,1,0,Null,2023/2024,BUSHLANDS PLACE,CALLIS AVENUE,,Minor Crash,No,2024,0,East,0,0,0,Flat,0,,0,,0,Dark,802802,1,0,0,2,0,0,0,0,0,,0,1,Auckland Region,Nil,2-way,Sealed,0,0,0,0,50,0,On,0,0,,76,Auckland,Nil,0,0,0,1,0,0,Urban,0,0,0,Fine,Null
1747428.4938,5919580.225,856015,,512402,0,,0,2,,West,2023/2024,NORTH-WESTERN MOTORWAY,TE ATATU ROAD OFF RAMP,,Non-Injury Crash,Yes,2023,,West,,0,,Hill Road,,,,,,Twilight,253700,0,0,0,3,,,0,,,,,,Auckland Region,Motorway ramp,1-way,Sealed,,0,0,,100,,Off,0,0,,76,Auckland,Nil,,,,,0,0,Open,0,,,Light rain,Null
1749820.8943,5943755.8941,856020,,506003,0,0,0,1,0,East,2024/2025,AUBREY ROAD,SPUR ROAD,,Minor Crash,No,2024,0,East,1,0,1,Hill Road,0,,0,,0,Overcast,175813,1,0,0,2,0,0,0,0,0,,0,0,Auckland Region,Nil,2-way,Sealed,0,0,0,0,80,0,None,0,0,,76,Auckland,Nil,0,0,0,0,0,0,Open,0,0,0,Light rain,Null
1760140.488,5923693.745,856024,,509300,0,,0,2,,South,2024/2025,LAKE ROAD,SEABREEZE ROAD,,Minor Crash,No,2024,,South,,0,,Flat,,,,,,Overcast,336900,1,0,0,2,,,0,,,,,,Auckland Region,Nil,2-way,Sealed,,0,0,,50,,Off,0,0,,76,Auckland,Nil,,,,,0,0,Urban,0,,,Light rain,Null
1763916.4641,5912485.1084,856032,,520500,0,,0,2,,Null,2024/2025,MOUNT WELLINGTON HWY OFF RAMP,MOUNT WELLINGTON HIGHWAY,,Minor Crash,No,2024,,West,,0,,Flat,,,,,,Overcast,639500,1,0,0,2,,,0,,,,,,Auckland Region,Motorway ramp,1-way,Sealed,,0,0,,50,,Off,1,0,,76,Auckland,Traffic Signals,,,,,0,0,Urban,0,,,Light rain,Null
1756478.7172,5918363.8808,856035,,515600,0,0,0,1,0,Null,2022/2023,NEW NORTH ROAD,PORTERS AVENUE,,Non-Injury Crash,No,2023,0,West,0,0,1,Flat,0,,0,,0,Dark,419703,0,0,0,1,0,0,0,0,0,,0,0,Auckland Region,Nil,1-way,Sealed,0,0,0,0,50,0,On,0,0,,76,Auckland,Stop,1,0,0,0,0,0,Urban,0,0,0,Light rain,Null
1756115.4657,5923823.0229,856040,,509800,0,,0,2,,South,2024/2025,NORTHERN MOTORWAY,WEIGH BRIDGE,,Non-Injury Crash,Yes,2024,,South,,0,,Flat,,,,,,Dark,358800,0,0,0,5,,,0,,,,,,Auckland Region,Nil,1-way,Sealed,,0,0,,80,,On,0,0,,76,Auckland,Nil,,,,,0,0,Open,0,,,Fine,Null
1732732.0918,5928991.2089,856045,35,506652,0,0,0,1,0,North,2022/2023,MURIWAI ROAD,SCHOOL ROAD,,Non-Injury Crash,No,2023,0,East,0,0,1,Flat,0,,0,,0,Overcast,219100,0,0,0,2,0,0,0,0,0,,0,0,Auckland Region,Nil,2-way,Sealed,0,0,0,0,50,0,Off,0,0,,76,Auckland,Nil,0,0,0,0,0,0,Urban,0,0,0,Light rain,Strong wind
1763306.6838,5906129.6301,856055,,524302,0,0,0,2,0,North,2023/2024,PORTAGE ROAD,TREAGON PLACE,,Non-Injury Crash,No,2023,0,North,0,0,0,Flat,0,,0,,1,Dark,746000,0,0,0,2,0,0,0,0,1,,0,0,Auckland Region,Nil,2-way,Sealed,0,0,0,0,50,0,On,0,0,30,76,Auckland,Nil,0,0,0,0,0,0,Urban,0,0,0,Fine,Null
1752069.7615,5918770.5027,856056,,515001,0,,1,1,,Null,2024/2025,POINT CHEVALIER ROAD,WALKER ROAD,,Minor Crash,No,2025,,South,,0,,Flat,,,,,,Bright sun,393800,1,0,0,2,,,0,,,,,,Auckland Region,Nil,2-way,Sealed,,0,0,,50,,Off,0,0,,76,Auckland,Give way,,,,,0,0,Urban,0,,,Fine,Null
1761459.0614,5880903.5696,856061,,521121,0,0,0,1,0,North,2023/2024,UNION ROAD,TITI ROAD,,Non-Injury Crash,No,2023,0,North,0,0,2,Flat,0,,0,,0,Twilight,812201,0,0,0,2,0,0,0,0,0,,0,0,Auckland Region,Nil,1-way,Sealed,0,0,0,0,80,0,On,0,0,,76,Auckland,Nil,0,0,0,0,0,0,Open,0,0,0,Fine,Frost
1750411.9091,5913535.3555,856064,,511303,0,0,0,1,0,Null,2023/2024,ASTLEY AVENUE,NEVILLE STREET,,Non-Injury Crash,No,2023,0,North,0,0,0,Hill Road,0,,0,,0,Bright sun,265300,0,0,0,2,0,0,0,0,0,,0,0,Auckland Region,Nil,2-way,Sealed,0,0,0,0,50,0,None,0,0,,76,Auckland,Give way,0,0,0,0,0,0,Urban,1,1,0,Fine,None
1760267.847,5912309.6053,856067,,520000,0,0,0,0,0,West,2023/2024,CHURCH STREET,CAPTAIN SPRINGS ROAD,,Non-Injury Crash,No,2023,0,East,0,0,0,Flat,0,,0,,0,Bright sun,607301,0,0,0,2,0,1,0,0,0,,0,0,Auckland Region,Rail xing,2-way,Sealed,0,0,0,0,50,0,Off,0,0,,76,Auckland,Nil,0,0,0,0,1,0,Urban,0,0,0,Fine,Null
1756545.1913,5914915.5643,856068,,518302,0,,0,2,,Null,2023/2024,MOUNT EDEN ROAD,LANDSCAPE ROAD,,Non-Injury Crash,No,2023,,North,,0,,Hill Road,,,,,,Bright sun,558800,0,0,0,4,,,0,,,,,,Auckland Region,Nil,2-way,Sealed,,0,0,,50,,Off,0,0,,76,Auckland,Stop,,,,,0,0,Urban,0,,,Fine,Null
1743518.0381,5919374.5663,856076,,513212,0,0,0,1,0,North,2023/2024,SWANSON ROAD,CARWEN PLACE,,Non-Injury Crash,No,2023,0,East,0,0,0,Flat,0,,0,,0,Dark,235711,0,0,0,4,0,0,0,0,0,,0,1,Auckland Region,Nil,2-way,Sealed,0,0,0,0,50,0,On,0,0,,76,Auckland,Nil,0,0,0,0,0,0,Urban,0,0,0,Light rain,Null
1757110.2259,5920524.0338,856091,,514102,0,0,0,1,0,West,2023/2024,VICTORIA STREET WEST,FEDERAL STREET,,Non-Injury Crash,No,2023,0,North,0,0,0,Flat,0,,0,,0,Dark,433801,0,0,0,2,0,0,0,0,1,,0,0,Auckland Region,Nil,2-way,Sealed,0,0,0,0,30,0,On,0,0,,76,Auckland,Nil,0,0,0,0,0,0,Urban,1,0,0,Fine,Null
1746116.3936,5917011.7255,856101,,510800,0,,0,1,,Null,2022/2023,GREAT NORTH ROAD,MCLEOD ROAD,,Non-Injury Crash,No,2023,,South,,0,,Hill Road,,,,,,Bright sun,243400,0,0,0,3,,,0,,,,,,Auckland Region,Nil,2-way,Sealed,,0,0,,50,,Off,0,0,,76,Auckland,Stop,,,,,0,0,Urban,1,,,Fine,Null
1762217.9492,5916096.7463,856104,,516302,0,,0,0,,Null,2022/2023,ABBOTTS WAY,GRAND DRIVE,,Non-Injury Crash,No,2023,,East,,0,,Flat,,,,,,Dark,463601,0,0,0,2,,,0,,,,,,Auckland Region,Nil,2-way,Sealed,,0,0,,50,,On,0,0,,76,Auckland,Traffic Signals,,,,,0,0,Urban,1,,,Light rain,Null
1756163.8397,5924673.3107,856115,25,509702,0,0,0,1,0,North,2022/2023,SYLVAN AVENUE,TARAHANGA STREET,,Minor Crash,No,2023,0,North,0,0,0,Hill Road,0,,1,,0,Dark,366700,1,0,0,2,0,0,0,1,0,,0,0,Auckland Region,Nil,2-way,Sealed,0,0,0,0,50,0,On,0,0,,76,Auckland,Nil,0,0,0,1,0,0,Urban,0,0,0,Fine,Null
1773555.7719,5890166.2396,856124,,521302,0,0,0,1,0,South,2023/2024,SOUTHERN MOTORWAY,QUARRY OBR,,Non-Injury Crash,Yes,2023,0,North,0,0,0,Flat,1,,0,,0,Dark,809101,0,0,0,2,0,0,0,0,0,,0,0,Auckland Region,Nil,1-way,Sealed,0,0,0,0,100,0,On,0,0,,76,Auckland,Nil,0,0,0,0,0,0,Open,0,0,0,Fine,Null
1764283.7747,5909659.5345,856127,,521901,0,,1,1,,North,2022/2023,ATKINSON AVENUE,GREAT SOUTH ROAD,,Non-Injury Crash,No,2023,,North,,0,,Flat,,,,,,Bright sun,784100,0,0,0,4,,,0,,,,,,Auckland Region,Nil,2-way,Sealed,,0,0,,50,,Off,0,0,,76,Auckland,Nil,,,,,0,0,Urban,0,,,Fine,Null
1786077.4196,5891207.0388,856131,,521132,0,0,0,0,0,South,2023/2024,GELLING ROAD,HUNUA ROAD,,Minor Crash,No,2023,0,North,1,0,0,Hill Road,0,,0,,0,Overcast,816000,1,0,0,2,0,0,0,0,0,,0,0,Auckland Region,Nil,2-way,Sealed,0,0,0,0,80,0,None,1,0,,76,Auckland,Nil,0,0,0,0,0,0,Open,0,0,0,Fine,Null
1755109.3541,5918288.9428,856133,,515500,0,,0,1,,East,2023/2024,NORTH-WESTERN MOTORWAY,MOUNTAIN VIEW OBR,,Serious Crash,Yes,2023,,East,,0,,Flat,,,,,,Bright sun,418800,0,0,0,4,,,0,,,,,,Auckland Region,Nil,1-way,Sealed,,0,1,,80,,Off,1,0,,76,Auckland,Nil,,,,,0,0,Open,2,,,Fine,Null
1747684.8266,5912328.3778,856135,,511901,0,0,0,1,0,Null,2023/2024,DERWENT CRESCENT,NORMAN ROAD,,Non-Injury Crash,No,2023,0,North,0,0,0,Hill Road,0,,0,,0,Dark,292500,0,0,0,2,0,0,0,0,1,,0,0,Auckland Region,Nil,2-way,Sealed,0,0,0,0,50,0,None,0,0,,76,Auckland,Nil,0,0,0,0,0,0,Urban,2,0,0,Fine,Null
1768100.675,5910945.2509,856136,,523112,0,0,0,0,0,Null,2023/2024,CRYERS ROAD,BOSTOCK PLACE,,Non-Injury Crash,No,2024,0,South,0,0,0,Flat,0,,0,,1,Overcast,711405,0,0,0,2,0,0,0,0,0,,0,0,Auckland Region,Nil,2-way,Sealed,0,0,0,0,50,0,Off,0,0,,76,Auckland,Give way,0,0,0,0,0,0,Urban,2,0,0,Fine,Null