X,Y,OBJECTID,advisorySpeed,areaUnitID,bicycle,bridge,bus,carStationWagon,cliffBank,crashDirectionDescription,crashFinancialYear,crashLocation1,crashLocation2,crashRoadSideRoad,crashSeverity,crashSHDescription,crashYear,debris,directionRoleDescription,ditch,fatalCount,fence,flatHill,guardRail,holiday,houseOrBuilding,intersection,kerb,light,meshblockId,minorInjuryCount,moped,motorcycle,NumberOfLanes,objectThrownOrDropped,otherObject,otherVehicleType,overBank,parkedVehicle,pedestrian,phoneBoxEtc,postOrPole,region,roadCharacter,roadLane,roadSurface,roadworks,schoolBus,seriousInjuryCount,slipOrFlood,speedLimit,strayAnimal,streetLight,suv,taxi,temporarySpeedLimit,tlaId,tlaName,trafficControl,trafficIsland,trafficSign,train,tree,truck,unknownVehicleType,urban,vanOrUtility,vehicle,waterRiver,weatherA,weatherB
1760600.0652,5915551.4077,856141,,520201,0,,0,2,,North,2022/2023,SOUTHERN MOTORWAY,WALPOLE OBR,,Non-Injury Crash,Yes,2023,,North,,0,,Flat,,,,,,Overcast,613000,0,0,0,4,,,0,,,,,,Auckland Region,Nil,1-way,Sealed,,0,0,,100,,Off,0,0,,76,Auckland,Nil,,,,,0,0,Open,0,,,Fine,Null
1733360.4413,5918694.7647,856147,,513800,0,,0,1,,West,2023/2024,BETHELLS ROAD,LONG ROAD,,Minor Crash,No,2024,,East,,0,,Flat,,,,,,Bright sun,281700,1,0,0,2,,,0,,,,,,Auckland Region,Nil,2-way,Sealed,,0,0,,100,,None,0,0,,76,Auckland,Nil,,,,,0,0,Open,1,,,Fine,Null
1768965.9894,5881170.0249,856148,,525910,0,,0,2,,East,2023/2024,KING STREET,EDINBURGH STREET,,Non-Injury Crash,No,2023,,West,,0,,Flat,,,,,,Overcast,818900,0,0,0,2,,,0,,,,,,Auckland Region,Nil,2-way,Sealed,,0,0,,50,,Off,0,0,,76,Auckland,Nil,,,,,0,0,Urban,0,,,Fine,Null
1765522.6696,5903030.2621,856151,,524604,0,0,0,1,0,West,2022/2023,WIRI STATION ROAD,LANGLEY ROAD,,Minor Crash,No,2023,0,West,0,0,0,Flat,0,,0,,0,Overcast,781302,1,0,0,2,0,0,0,0,0,,0,1,Auckland Region,Nil,1-way,Sealed,0,0,0,0,60,0,Off,0,0,,76,Auckland,Nil,0,0,0,0,1,0,Urban,0,0,0,Heavy rain,Null
1779546.9725,5915888.0186,856185,,523300,0,0,0,0,0,North,2023/2024,WHITFORD MARAETAI ROAD,BEACHLANDS ROAD,,Minor Crash,No,2023,0,North,0,0,1,Hill Road,0,,0,,0,Bright sun,719400,1,0,1,2,0,0,0,0,0,,0,0,Auckland Region,Nil,2-way,Sealed,0,0,0,0,80,0,Off,0,0,,76,Auckland,Nil,0,0,0,0,0,0,Open,0,0,0,Fine,Null
1756279.1358,5920633.4859,856193,,514102,0,,0,2,,South,2022/2023,NORTHERN MOTORWAY,VICTORIA PARK VDT,,Non-Injury Crash,Yes,2023,,North,,0,,Flat,,,,,,Dark,432500,0,0,0,3,,,0,,,,,,Auckland Region,Tunnel,1-way,Sealed,,0,0,,80,,On,0,0,,76,Auckland,Nil,,,,,0,0,Open,0,,,Light rain,Null
1754081.4982,5933441.6263,856209,,508804,0,,0,2,,Null,2022/2023,HUGH GREEN DRIVE,KILLYBEGS DRIVE,,Minor Crash,No,2023,,North,,0,,Hill Road,,,,,,Overcast,180708,1,0,0,2,,,0,,,,,,Auckland Region,Nil,2-way,Sealed,,0,0,,50,,Off,0,0,,76,Auckland,Give way,,,,,0,0,Urban,0,,,Fine,Null
1765575.3425,5904901.344,856216,,524603,0,0,0,1,0,East,2023/2024,PUHINUI ROAD,RANFURLY ROAD,,Minor Crash,No,2024,0,East,0,0,0,Flat,0,,0,,0,Dark,673402,1,0,0,2,0,0,0,0,0,,0,0,Auckland Region,Nil,2-way,Sealed,0,0,0,0,50,0,On,0,0,,76,Auckland,Traffic Signals,0,1,0,0,0,0,Urban,0,0,0,Fine,Null
1760415.7994,5908911.4601,856221,,524403,0,,0,1,,West,2022/2023,WALMSLEY ROAD,GREENHOUSE ROAD,,Minor Crash,No,2023,,East,,0,,Flat,,,,,,Dark,729901,1,0,0,4,,,0,,,,,,Auckland Region,Nil,2-way,Sealed,,0,0,,60,,On,1,0,,76,Auckland,Nil,,,,,0,0,Urban,1,,,Fine,Null
1760034.1398,5916028.5212,856228,,516002,0,,0,3,,North,2023/2024,SOUTHERN MOTORWAY,GREENLANE INT N,,Minor Crash,Yes,2024,,South,,0,,Flat,,,,,,Twilight,492100,1,0,0,3,,,0,,,,,,Auckland Region,Nil,1-way,Sealed,,0,0,,100,,On,1,0,,76,Auckland,Nil,,,,,0,0,Open,0,,,Fine,Null
1745891.5431,5916582.6252,856247,,510800,0,0,0,1,0,North,2023/2024,ROBERT BURKE PLACE,LAVELLE ROAD,,Non-Injury Crash,No,2023,0,East,0,0,0,Flat,0,,0,,0,Overcast,243800,0,0,0,2,0,0,0,0,1,,0,0,Auckland Region,Nil,2-way,Unsealed,0,0,0,0,50,0,None,0,0,,76,Auckland,Nil,0,0,0,0,0,0,Urban,1,0,0,Light rain,Frost
1761688.5469,5906587.1736,856251,,524112,0,0,0,0,0,North,2023/2024,SOUTH-WESTERN MOTORWAY,MASSEY OBR,,Non-Injury Crash,Yes,2023,0,South,0,0,0,Flat,1,,0,,0,Dark,742300,0,0,0,2,0,0,0,0,0,,0,0,Auckland Region,Nil,1-way,Sealed,0,0,0,0,100,0,On,0,0,,76,Auckland,Nil,0,0,0,0,1,0,Open,1,0,0,Light rain,Null
1766750.0923,5907019.8455,856256,,522302,0,,0,2,,South,2023/2024,SOUTHERN MOTORWAY,EAST TAMAKI OBR,,Non-Injury Crash,Yes,2024,,North,,0,,Flat,,,,,,Bright sun,668000,0,0,0,3,,,0,,,,,,Auckland Region,Nil,1-way,Sealed,,0,0,,100,,Off,0,0,,76,Auckland,Nil,,,,,0,0,Open,0,,,Fine,Null
1780752.8236,5926140.7026,856257,,520801,1,,0,1,,North,2023/2024,MIAMI AVENUE,OCEAN ROAD,,Serious Crash,No,2024,,North,,0,,Hill Road,,,,,,Overcast,516702,0,0,0,2,,,0,,,,,,Auckland Region,Speed hump,2-way,Sealed,,0,1,,50,,Off,0,0,,76,Auckland,Nil,,,,,0,0,Urban,0,,,Fine,Null
1739165.286,5963995.6064,856264,,506613,0,0,0,1,0,West,2023/2024,WEST COAST ROAD,OLD WOODCOCKS ROAD,,Non-Injury Crash,No,2024,0,West,0,0,0,Hill Road,0,,0,,0,Dark,145400,0,0,0,2,0,0,0,0,0,,0,0,Auckland Region,Nil,2-way,Sealed,0,0,0,0,100,0,None,0,0,,76,Auckland,Nil,0,0,0,1,0,0,Open,0,0,0,Fine,Null
1754490.4164,5912305.671,856265,,519002,0,0,0,2,0,South,2023/2024,DOMINION ROAD EXTENSION,KATAVICH PLACE,,Minor Crash,No,2024,0,South,0,0,0,Flat,0,Easter,0,,0,Dark,589501,1,0,0,2,0,0,0,0,1,,0,0,Auckland Region,Nil,2-way,Sealed,0,0,0,0,50,0,On,0,0,,76,Auckland,Nil,0,0,0,0,0,0,Urban,0,0,0,Fine,Null
1771061.9268,5905904.7679,856268,,523712,0,0,0,1,0,South,2023/2024,MURPHYS ROAD,TE KURA ROAD,,Non-Injury Crash,No,2024,0,South,0,0,0,Flat,0,,0,,0,Dark,713300,0,0,0,2,0,0,0,0,0,,0,1,Auckland Region,Nil,2-way,Sealed,0,0,0,0,80,0,On,0,0,,76,Auckland,Nil,0,0,0,0,0,0,Open,0,0,0,Light rain,Null
1769004.9308,5902592.5075,856276,,524901,0,,0,1,,South,2023/2024,SOUTHERN MOTORWAY,PUHINUI STM BR,,Non-Injury Crash,Yes,2024,,North,,0,,Flat,,,,,,Bright sun,755000,0,0,0,3,,,0,,,,,,Auckland Region,Nil,1-way,Sealed,,0,0,,100,,Off,1,0,,76,Auckland,Nil,,,,,0,0,Open,1,,,Fine,Null
1761822.8173,5920022.804,856283,,516400,0,,0,2,,Null,2022/2023,TAMAKI DRIVE,WATENE CRESCENT,,Minor Crash,No,2023,,West,,0,,Flat,,,,,,Dark,498900,1,0,0,2,,,0,,,,,,Auckland Region,Nil,2-way,Sealed,,0,0,,50,,On,0,0,,76,Auckland,Give way,,,,,0,0,Urban,0,,,Light rain,Null
1754799.578,5930562.5252,856284,,508520,0,,0,2,,South,2023/2024,NORTHERN MOTORWAY,UPPER HARBOUR HWY ON RAMP,,Non-Injury Crash,Yes,2024,,South,,0,,Flat,,,,,,Overcast,192700,0,0,0,2,,,0,,,,,,Auckland Region,Nil,1-way,Sealed,,0,0,,100,,Off,1,0,,76,Auckland,Nil,,,,,0,0,Open,0,,,Light rain,Null
1753381.6895,5928771.4637,856285,,508411,0,,0,1,,East,2022/2023,MANUKA ROAD,ELLIOTT AVENUE,,Non-Injury Crash,No,2023,,East,,0,,Flat,,,,,,Dark,184300,0,0,0,2,,,0,,,,,,Auckland Region,Nil,2-way,Sealed,,0,0,,50,,On,0,0,,76,Auckland,Nil,,,,,0,0,Urban,1,,,Fine,Null
1753855.1075,5914962.303,856288,,518801,0,0,0,1,0,Null,2023/2024,PARKINSON AVENUE,POTTER AVENUE,,Non-Injury Crash,No,2024,0,East,0,0,0,Flat,0,,0,,0,Dark,575800,0,0,0,2,0,0,0,0,0,,0,0,Auckland Region,Nil,2-way,Sealed,0,0,0,0,50,0,On,0,0,,76,Auckland,Give way,0,0,0,1,0,0,Urban,0,0,0,Fine,Null
1740745.7241,5924859.5245,856289,,513701,0,0,0,1,1,North,2023/2024,NIXON ROAD,HENWOOD ROAD,,Minor Crash,No,2024,0,South,0,0,0,Hill Road,0,,0,,0,Bright sun,229400,2,0,0,2,0,0,0,0,0,,0,0,Auckland Region,Nil,2-way,Sealed,0,0,0,0,80,0,None,0,0,,76,Auckland,Nil,0,0,0,0,0,0,Open,0,0,0,Fine,Null
1769842.988,5906170.5775,856292,,523712,0,,0,2,,Null,2023/2024,DONEGAL PARK DRIVE,BROADHURST ROAD,,Non-Injury Crash,No,2023,,South,,0,,Null,,,,,,Unknown,713201,0,0,0,2,,,0,,,,,,Auckland Region,Nil,2-way,Sealed,,0,0,,50,,Off,0,0,,76,Auckland,Give way,,,,,0,0,Urban,0,,,Null,Null
1745447.1632,5917262.4664,856293,,510700,0,,0,1,,Null,2023/2024,RATANUI STREET,GREAT NORTH ROAD,,Non-Injury Crash,No,2023,,South,,0,,Flat,,,,,,Dark,239900,0,0,0,2,,,0,,,,,,Auckland Region,Nil,2-way,Sealed,,0,0,,50,,On,0,0,,76,Auckland,Traffic Signals,,,,,0,0,Urban,1,,,Fine,Null
1743276.5926,5918695.6405,856297,,513213,0,0,0,1,0,South,2023/2024,METCALFE ROAD,MARTIN JUGUM LANE,,Non-Injury Crash,No,2024,0,South,0,0,0,Flat,0,,0,,0,Dark,236005,0,0,0,2,0,0,0,0,2,,0,0,Auckland Region,Nil,2-way,Sealed,0,0,0,0,50,0,On,0,0,,76,Auckland,Nil,0,0,0,0,0,0,Urban,2,0,0,Fine,Null
1768457.7452,5913255.2602,856300,,523000,0,0,0,1,0,East,2023/2024,ENNIS AVENUE,GOSSAMER DRIVE,,Non-Injury Crash,No,2024,0,West,0,0,0,Flat,0,,0,,0,Dark,690300,0,0,0,2,0,0,0,0,1,,0,0,Auckland Region,Nil,2-way,Sealed,0,0,0,0,50,0,On,0,0,,76,Auckland,Nil,0,0,0,0,0,1,Urban,0,0,0,Fine,Null
1757381.6682,5920893.7746,856313,,514102,0,,0,0,,North,2024/2025,ALBERT STREET,MILLS LANE,,Minor Crash,No,2025,,South,,0,,Flat,,,,,,Dark,433102,1,0,0,4,,,0,,,,,,Auckland Region,Nil,2-way,Sealed,,0,0,,30,,On,0,1,,76,Auckland,Nil,,,,,0,0,Urban,0,,,Fine,Null
1755676.3154,5919797.7432,856315,,514000,0,0,0,2,0,Null,2022/2023,ANGLESEA STREET,PONSONBY ROAD,,Non-Injury Crash,No,2023,0,East,0,0,0,Hill Road,0,,0,,0,Dark,414000,0,0,0,2,0,0,0,0,1,,0,0,Auckland Region,Nil,2-way,Sealed,0,0,0,0,50,0,On,0,0,,76,Auckland,Stop,0,0,0,0,0,0,Urban,0,0,0,Fine,Null
1766487.6177,5919833.1808,856316,,516700,0,0,0,2,0,South,2024/2025,MASKELL STREET,BAY ROAD,,Minor Crash,No,2024,0,North,0,0,0,Hill Road,0,,0,,0,Dark,510500,2,0,0,2,0,0,0,0,1,,0,0,Auckland Region,Nil,2-way,Sealed,0,0,0,0,50,0,On,1,0,,76,Auckland,Nil,0,0,0,0,0,0,Urban,0,0,0,Fine,Null
1746672.8221,5926386.8104,856323,,513431,0,0,0,1,0,East,2023/2024,UPPER HARBOUR MOTORWAY,BRIGHAM CREEK ROAD OFF RAMP,,Minor Crash,Yes,2023,0,West,0,0,0,Flat,1,,0,,0,Overcast,221802,1,0,0,2,0,0,0,0,0,,0,0,Auckland Region,Nil,1-way,Sealed,0,0,0,0,100,0,Off,0,0,,76,Auckland,Nil,0,0,0,0,0,0,Open,0,0,0,Fine,Null
1728336.0882,5936534.7777,856324,,506642,0,0,0,1,0,South,2024/2025,SH 16,OHIRANGI ROAD,,Non-Injury Crash,Yes,2024,0,South,2,0,0,Flat,0,,0,,0,Overcast,211200,0,0,0,2,0,0,0,0,0,,0,0,Auckland Region,Nil,2-way,Sealed,0,0,0,0,100,0,None,0,0,,76,Auckland,Nil,0,0,0,0,0,0,Open,0,0,0,Heavy rain,Null
1768893.9583,5905883.3411,856328,,523711,0,,0,2,,Null,2024/2025,DAWSON ROAD,TE IRIRANGI DRIVE,,Non-Injury Crash,No,2024,,South,,0,,Flat,,,,,,Bright sun,713005,0,0,0,4,,,0,,,,,,Auckland Region,Nil,2-way,Sealed,,0,0,,50,,Off,0,0,,76,Auckland,Traffic Signals,,,,,0,0,Urban,0,,,Fine,Null
1756106.5398,5923781.6969,856340,,509800,0,,0,2,,South,2024/2025,NORTHERN MOTORWAY,Onewa Rd on Ramp Sth ,,Non-Injury Crash,Yes,2024,,South,,0,,Flat,,,,,,Overcast,358800,0,0,0,3,,,0,,,,,,Auckland Region,Nil,1-way,Sealed,,0,0,,80,,Off,0,0,,76,Auckland,Nil,,,,,0,0,Open,2,,,Fine,Strong wind
1775913.2442,5903600.8578,856348,,525201,0,0,0,1,0,West,2023/2024,BROOKBY ROAD,FITZPATRICK ROAD,,Non-Injury Crash,No,2024,0,East,1,0,0,Hill Road,0,,0,,0,Dark,762301,0,0,0,1,0,0,0,0,0,,0,0,Auckland Region,Nil,2-way,Unsealed,0,0,0,0,80,0,None,0,0,30,76,Auckland,Nil,0,0,0,0,0,0,Open,0,0,0,Fine,Null
1780137.1719,5901589.707,856349,,525201,0,0,0,1,0,South,2024/2025,PAPAKURA-CLEVEDON ROAD,RYBURN BR,,Minor Crash,No,2024,0,North,0,0,0,Flat,1,,0,,0,Dark,763300,1,0,0,2,0,0,0,0,0,,0,0,Auckland Region,Bridge,2-way,Sealed,0,0,0,0,80,0,None,0,0,,76,Auckland,Nil,0,0,0,0,0,0,Open,0,0,0,Fine,Null
1755822.2784,5919249.0412,856357,,515420,0,0,0,2,0,North,2024/2025,MACKELVIE STREET,CRUMMER ROAD,,Non-Injury Crash,No,2024,0,North,0,0,0,Null,0,,0,,0,Unknown,411200,0,0,0,2,0,0,0,0,1,,0,0,Auckland Region,Nil,2-way,Null,0,0,0,0,50,0,Null,0,0,,76,Auckland,Nil,0,0,0,0,0,0,Urban,0,0,0,Null,Null
1767861.4553,5882013.0697,856359,,525910,0,0,0,2,0,North,2022/2023,BIRDWOOD ROAD,FRANK HEWITT STREET,,Minor Crash,No,2023,0,South,0,0,1,Flat,0,,0,,0,Bright sun,819200,2,0,0,2,0,0,0,0,0,1,0,0,Auckland Region,Nil,2-way,Sealed,0,0,0,0,50,0,Off,0,0,,76,Auckland,Nil,0,0,0,1,0,0,Urban,0,0,0,Fine,Null
1764309.4666,5914952.5038,856361,,520301,0,,0,1,,Null,2022/2023,MOUNTAIN ROAD,ELLERSLIE-PANMURE HIGHWAY,,Minor Crash,No,2023,,South,,0,,Flat,,,,,,Bright sun,628205,1,0,0,2,,,0,,,,,,Auckland Region,Nil,2-way,Sealed,,0,0,,50,,None,0,0,,76,Auckland,Give way,,,,,0,0,Urban,1,,,Fine,None
1766139.0577,5899897.956,856363,,524822,0,,0,1,,Null,2022/2023,OFFROAD - CAR PARK ,,,Minor Crash,No,2023,,East,,0,,Flat,,,,,,Overcast,774431,1,0,0,,,,0,,,1,,,Auckland Region,Nil,Off road,Sealed,,0,0,,,,Off,0,0,,76,Auckland,Nil,,,,,0,0,Urban,0,,,Fine,Null
1770200.0487,5908392.987,856364,,523115,0,,0,1,,East,2024/2025,BAVERSTOCK ROAD,BRONWYLIAN DRIVE,,Minor Crash,No,2025,,East,,0,,Flat,,,,,,Bright sun,712112,1,0,0,2,,,0,,,1,,,Auckland Region,Nil,2-way,Sealed,,0,0,,30,,None,0,0,,76,Auckland,Nil,,,,,0,0,Urban,0,,,Fine,Null
1765551.1126,5908782.7435,856373,,523402,0,0,0,1,0,North,2023/2024,HIGHBROOK DRIVE ON RAMP,SOUTHERN MOTORWAY,,Non-Injury Crash,No,2024,0,South,0,0,0,Hill Road,1,Christmas New Year,0,,0,Dark,696900,0,0,0,1,0,0,0,0,0,,0,0,Auckland Region,Motorway ramp,1-way,Sealed,0,0,0,0,100,0,On,0,0,,76,Auckland,Nil,0,0,0,0,0,0,Open,0,0,0,Heavy rain,Null
1779254.0291,5914313.5265,856385,75,523300,0,0,0,1,0,North,2023/2024,WHITFORD MARAETAI ROAD,OKARORO DRIVE,,Non-Injury Crash,No,2024,0,South,0,0,0,Flat,0,,0,,0,Dark,718900,0,0,0,2,0,0,0,0,0,,0,1,Auckland Region,Nil,2-way,Sealed,0,0,0,0,80,0,None,0,0,,76,Auckland,Nil,0,0,0,1,0,0,Open,0,0,0,Light rain,Null
1774176.6007,5889033.5532,856388,,521302,0,,0,2,,North,2023/2024,SOUTHERN MOTORWAY,RAMARAMA ON RAMP,,Non-Injury Crash,Yes,2024,,North,,0,,Flat,,,,,,Overcast,809101,0,0,0,2,,,0,,,,,,Auckland Region,Nil,1-way,Sealed,,0,0,,100,,Off,0,0,,76,Auckland,Nil,,,,,0,0,Open,1,,,Fine,Null
1753388.4344,5944032.5036,856393,,506002,0,0,0,1,0,North,2024/2025,STILLWATER CRESCENT,SNAPPER ROAD,,Non-Injury Crash,No,2024,0,North,0,0,0,Flat,0,,0,,0,Dark,175810,0,0,0,2,0,0,0,0,1,,0,0,Auckland Region,Nil,2-way,Sealed,0,0,0,0,50,0,On,1,0,,76,Auckland,Nil,0,0,0,0,0,0,Urban,0,0,0,Fine,Null
1738173.8775,5892504.8952,856399,,521151,0,0,0,0,0,Null,2022/2023,OFFROAD WEST COAST BEACH,,,Serious Crash,No,2023,0,North,0,0,0,Flat,0,,0,,0,Overcast,829600,0,0,1,0,0,1,0,0,0,,0,0,Auckland Region,Nil,Off road,Unsealed,0,0,1,0,20,0,None,0,0,,76,Auckland,Nil,0,0,0,0,0,0,Urban,0,0,0,Fine,Null
1764728.2083,5905834.4871,856401,,522201,0,,0,2,,North,2023/2024,SHIRLEY ROAD,STATION ROAD,,Non-Injury Crash,No,2024,,South,,0,,Flat,,,,,,Bright sun,663100,0,0,0,2,,,0,,,,,,Auckland Region,Nil,2-way,Sealed,,0,0,,50,,None,0,0,,76,Auckland,Nil,,,,,0,0,Urban,0,,,Fine,None
1732539.6337,5941628.7005,856409,,506646,0,0,0,1,0,South,2024/2025,INLAND ROAD,BOATHOUSE HILL ROAD,,Non-Injury Crash,No,2024,0,North,0,0,0,Flat,0,,0,,0,Bright sun,211403,0,0,0,2,0,0,0,0,0,,0,0,Auckland Region,Nil,2-way,Unsealed,0,0,0,0,60,0,None,0,0,,76,Auckland,Nil,0,0,0,1,0,0,Urban,0,0,0,Fine,Null
1764389.049,5914908.891,856411,,520303,0,,0,2,,Null,2023/2024,ELLERSLIE-PANMURE HIGHWAY,MOUNT WELLINGTON HIGHWAY,,Non-Injury Crash,No,2023,,East,,0,,Flat,,,,,,Dark,627500,0,0,0,4,,,0,,,,,,Auckland Region,Nil,2-way,Sealed,,0,0,,50,,On,0,0,,76,Auckland,Traffic Signals,,,,,0,0,Urban,0,,,Fine,Null
1756170.5038,5944084.262,856415,,505909,0,,0,2,,South,2023/2024,MAIN STREET,WHANGAPARAOA ROAD,,Non-Injury Crash,No,2023,,North,,0,,Hill Road,,,,,,Dark,174013,0,0,0,1,,,0,,,,,,Auckland Region,Nil,1-way,Sealed,,0,0,,50,,On,0,0,,76,Auckland,Nil,,,,,0,0,Urban,0,,,Fine,Null
1759069.428,5911664.9195,856417,,519820,0,,0,1,,South,2023/2024,ONEHUNGA MALL,NEILSON STREET,,Non-Injury Crash,No,2024,,North,,0,,Flat,,,,,,Overcast,602300,0,0,0,3,,,0,,,,,,Auckland Region,Nil,2-way,Sealed,,0,0,,50,,Off,1,0,,76,Auckland,Nil,,,,,0,0,Urban,0,,,Light rain,None
1757958.6355,5914743.9557,856420,,518600,0,,0,2,,Null,2024/2025,PAH ROAD,ORAKAU AVENUE,,Non-Injury Crash,No,2024,,North,,0,,Flat,,,,,,Dark,565500,0,0,0,3,,,0,,,,,,Auckland Region,Nil,2-way,Sealed,,0,0,,50,,On,0,0,,76,Auckland,Stop,,,,,0,0,Urban,0,,,Fine,Null
1773661.8911,5890082.4265,856423,,521302,0,0,0,0,0,South,2022/2023,SOUTHERN MOTORWAY,QUARRY OBR,,Non-Injury Crash,Yes,2023,0,North,0,0,0,Flat,0,,0,,0,Bright sun,809101,0,0,0,4,0,0,0,0,0,,0,0,Auckland Region,Nil,2-way,Sealed,0,0,0,0,100,0,Off,0,0,,76,Auckland,Nil,0,0,0,0,1,0,Open,0,0,0,Fine,Null
1743595.4962,5917283.3878,856424,,513220,0,0,0,1,1,Null,2024/2025,SUMMERLAND DRIVE,CHELMSLEY AVENUE,,Minor Crash,No,2024,0,South,0,0,0,Flat,0,,0,,0,Overcast,236810,1,0,0,2,0,0,0,0,0,,0,0,Auckland Region,Nil,2-way,Sealed,0,0,0,0,50,0,Off,0,0,,76,Auckland,Give way,0,1,0,0,0,0,Urban,0,0,0,Fine,Null
1765427.4622,5906764.4263,856431,,522201,0,,0,1,,Null,2022/2023,KOLMAR ROAD,SUTTON CRESCENT,,Minor Crash,No,2023,,South,,0,,Flat,,,,,,Overcast,662400,2,0,0,2,,,0,,,,,,Auckland Region,Nil,2-way,Sealed,,0,0,,50,,None,1,0,,76,Auckland,Give way,,,,,0,0,Urban,0,,,Fine,Null
1762572.7719,5913032.3976,856452,,520500,0,,0,3,,South,2023/2024,SOUTH-EASTERN HWY ON RAMP,SOUTHERN MOTORWAY,,Non-Injury Crash,No,2023,,North,,0,,Flat,,,,,,Bright sun,637200,0,0,0,2,,,0,,,,,,Auckland Region,Motorway ramp,1-way,Sealed,,0,0,,80,,Off,0,0,,76,Auckland,Nil,,,,,0,0,Open,0,,,Fine,Null
1765067.543,5910208.3579,856457,,521801,0,,0,2,,South,2023/2024,SOUTHERN MOTORWAY,PRINCES OBR,,Non-Injury Crash,Yes,2023,,North,,0,,Flat,,,,,,Overcast,787700,0,0,0,3,,,0,,,,,,Auckland Region,Nil,1-way,Unsealed,,0,0,,100,,Off,0,0,,76,Auckland,Nil,,,,,1,0,Open,0,,,Light rain,Null
1765926.5123,5905619.1304,856460,,522202,0,0,0,2,0,Null,2023/2024,CARRUTH ROAD,BIRDWOOD AVENUE,,Minor Crash,No,2024,0,North,0,0,1,Flat,0,,0,,0,Twilight,665700,1,0,0,2,0,0,0,0,0,,0,0,Auckland Region,Nil,2-way,Sealed,0,0,0,0,50,0,Off,0,0,,76,Auckland,Stop,0,0,0,0,0,0,Urban,0,0,0,Fine,Null
1762384.8235,5912667.4879,856467,,519500,0,,0,0,,North,2022/2023,SOUTH-EASTERN HIGHWAY,RAIL OBR,,Minor Crash,No,2023,,North,,0,,Hill Road,,,,,,Dark,622200,1,0,1,3,,,0,,,,,,Auckland Region,Bridge,1-way,Sealed,,0,0,,50,,On,0,0,,76,Auckland,Nil,,,,,0,0,Urban,0,,,Light rain,Null
1762856.2068,5912306.5397,856471,,520500,0,,0,3,,North,2022/2023,GREAT SOUTH ROAD,SOUTHDOWN LANE,,Non-Injury Crash,No,2023,,South,,0,,Flat,,,,,,Overcast,637300,0,0,0,4,,,0,,,,,,Auckland Region,Nil,2-way,Sealed,,0,0,,50,,On,0,0,,76,Auckland,Nil,,,,,0,0,Urban,0,,,Light rain,Null
1731492.3959,5907993.7862,856472,,513800,0,0,0,1,2,North,2024/2025,PIHA ROAD,TE AHUAHU ROAD,,Serious Crash,No,2024,0,North,0,0,0,Hill Road,0,,0,,0,Dark,282027,0,0,0,2,0,0,0,0,0,,0,0,Auckland Region,Nil,2-way,Sealed,0,0,1,0,50,0,None,0,0,,76,Auckland,Nil,0,0,0,0,0,0,Urban,0,0,0,Fine,Null
1755552.8889,5929076.9429,856475,,508510,0,,0,0,,North,2022/2023,TRISTRAM AVENUE OFF RAMP,TRISTRAM AVENUE,,Non-Injury Crash,No,2023,,South,,0,,Flat,,,,,,Bright sun,195200,0,0,0,2,,,0,,,,,,Auckland Region,Motorway ramp,1-way,Sealed,,0,0,,50,,Off,0,0,,76,Auckland,Nil,,,,,0,0,Urban,1,,,Fine,Null
1749500.349,5880453.8759,856485,65,521151,0,,0,1,,Null,2024/2025,AWHITU ROAD,CREAMERY ROAD,,Minor Crash,No,2025,,South,,0,,Flat,,,,,,Dark,830800,1,0,0,2,,,0,,,,,,Auckland Region,Nil,2-way,Sealed,,0,0,,80,,Off,0,0,,76,Auckland,Give way,,,,,0,0,Open,0,,,Light rain,Null
1764257.777,5904365.1472,856489,,522100,0,,0,2,,East,2022/2023,PUHINUI ROAD,VISION PLACE,,Non-Injury Crash,No,2023,,East,,0,,Flat,,,,,,Overcast,659300,0,0,0,6,,,0,,,,,,Auckland Region,Nil,2-way,Sealed,,0,0,,50,,Off,0,0,,76,Auckland,Traffic Signals,,,,,0,0,Urban,0,,,Fine,None
1768745.571,5904545.3269,856493,,523722,0,,0,1,,Null,2024/2025,REDOUBT ROAD,HOLLYFORD DRIVE,,Serious Crash,No,2024,,West,,0,,Hill Road,,,,,,Bright sun,715917,0,0,1,4,,,0,,,,,,Auckland Region,Nil,2-way,Sealed,,0,1,,50,,Off,0,0,,76,Auckland,Traffic Signals,,,,,0,0,Urban,0,,,Fine,Null
1772643.6269,5915507.991,856500,,521501,0,0,0,1,0,East,2023/2024,BEACH ROAD,TRANQUILITY RISE,,Minor Crash,No,2024,0,South,0,0,1,Hill Road,0,,0,,0,Overcast,651700,1,0,0,2,0,0,0,0,0,,0,0,Auckland Region,Nil,2-way,Sealed,0,0,0,0,50,0,Off,0,0,20,76,Auckland,Nil,0,0,0,0,0,0,Urban,0,0,0,Fine,Null
1755411.0955,5914718.237,856504,,518500,0,0,0,1,0,East,2023/2024,FEARON AVENUE,DONALD CRESCENT,,Non-Injury Crash,No,2023,0,West,0,0,0,Flat,0,,0,,1,Dark,560500,0,0,0,2,0,0,0,0,0,,0,1,Auckland Region,Nil,2-way,Sealed,0,0,0,0,50,0,On,0,0,,76,Auckland,Nil,0,0,0,0,0,0,Urban,0,0,0,Light rain,Null
1742379.2419,5924361.6751,856508,,513410,0,0,0,2,0,Null,2022/2023,MATAKOHE ROAD,HEREKINO STREET,,Non-Injury Crash,No,2023,0,East,0,0,0,Flat,0,,0,,0,Bright sun,226401,0,0,0,2,0,0,0,0,1,,0,0,Auckland Region,Nil,2-way,Sealed,0,0,0,0,40,0,Off,0,0,,76,Auckland,Nil,0,0,0,0,0,0,Urban,0,0,0,Fine,Null