X,Y,OBJECTID,advisorySpeed,areaUnitID,bicycle,bridge,bus,carStationWagon,cliffBank,crashDirectionDescription,crashFinancialYear,crashLocation1,crashLocation2,crashRoadSideRoad,crashSeverity,crashSHDescription,crashYear,debris,directionRoleDescription,ditch,fatalCount,fence,flatHill,guardRail,holiday,houseOrBuilding,intersection,kerb,light,meshblockId,minorInjuryCount,moped,motorcycle,NumberOfLanes,objectThrownOrDropped,otherObject,otherVehicleType,overBank,parkedVehicle,pedestrian,phoneBoxEtc,postOrPole,region,roadCharacter,roadLane,roadSurface,roadworks,schoolBus,seriousInjuryCount,slipOrFlood,speedLimit,strayAnimal,streetLight,suv,taxi,temporarySpeedLimit,tlaId,tlaName,trafficControl,trafficIsland,trafficSign,train,tree,truck,unknownVehicleType,urban,vanOrUtility,vehicle,waterRiver,weatherA,weatherB
1756347.2695,5927311.2795,856509,,507900,0,,0,3,,North,2022/2023,NORTHERN MOTORWAY,NORTHCOTE OBR,,Non-Injury Crash,Yes,2023,,South,,0,,Flat,,,,,,Bright sun,305202,0,0,0,3,,,0,,,,,,Auckland Region,Nil,1-way,Sealed,,0,0,,100,,Off,0,0,,76,Auckland,Nil,,,,,0,0,Open,0,,,Fine,Null
1751176.6427,5914725.0594,856511,,514402,0,0,0,2,0,South,2022/2023,ST GEORGES ROAD,CHALMERS STREET,,Minor Crash,No,2023,0,South,0,0,0,Flat,0,,0,,0,Overcast,379200,1,0,0,2,0,0,0,0,0,,0,0,Auckland Region,Nil,2-way,Sealed,0,0,0,0,50,0,Off,0,0,,76,Auckland,Nil,0,1,0,0,0,0,Urban,0,0,0,Light rain,Null
1763132.5031,5907889.352,856513,,524301,0,,0,3,,South,2023/2024,GRAY AVENUE,MASSEY ROAD,,Minor Crash,No,2023,,South,,0,,Flat,,,,,,Twilight,747500,1,0,0,1,,,0,,,,,,Auckland Region,Nil,2-way,Sealed,,0,0,,50,,Off,0,0,,76,Auckland,Nil,,,,,0,0,Urban,0,,,Fine,Null
1760425.8172,5906150.3239,856515,,524200,0,0,0,3,0,Null,2022/2023,PENINSULA ROAD,MASSEY ROAD,,Non-Injury Crash,No,2023,0,South,0,0,0,Hill Road,0,,0,,0,Dark,728621,0,0,0,2,0,0,0,0,2,,0,0,Auckland Region,Nil,2-way,Sealed,0,0,0,0,50,0,On,0,0,,76,Auckland,Nil,0,0,0,0,0,0,Urban,0,0,0,Fine,Null
1763057.7279,5916034.9121,856517,,516302,0,,0,2,,Null,2023/2024,ABBOTTS WAY,BALLARAT STREET,,Non-Injury Crash,No,2024,,East,,0,,Flat,,,,,,Bright sun,463602,0,0,0,2,,,0,,,,,,Auckland Region,Nil,2-way,Sealed,,0,0,,50,,Off,0,0,,76,Auckland,Stop,,,,,0,0,Urban,0,,,Fine,Null
1751170.1749,5915469.2749,856521,,514401,0,,0,2,,Null,2023/2024,GREAT NORTH ROAD,ROSEBANK ROAD,,Non-Injury Crash,No,2024,,North,,0,,Flat,,,,,,Bright sun,382300,0,0,0,2,,,0,,,,,,Auckland Region,Nil,2-way,Sealed,,0,0,,50,,On,0,0,,76,Auckland,Traffic Signals,,,,,0,0,Urban,0,,,Fine,None
1753035.7448,5934913.8572,856524,,508704,0,,0,2,,South,2023/2024,OTEHA VALLEY ROAD ON RAMP,OTEHA VALLEY ROAD,,Non-Injury Crash,No,2023,,South,,0,,Hill Road,,,,,,Dark,179113,0,0,0,2,,,0,,,,,,Auckland Region,Motorway ramp,1-way,Sealed,,0,0,,100,,On,0,0,,76,Auckland,Nil,,,,,0,0,Open,0,,,Fine,Null
1762715.2864,5914941.52,856529,,520401,0,,0,2,,Null,2024/2025,ELLERSLIE-PANMURE HIGHWAY,HARRISON ROAD,,Minor Crash,No,2025,,West,,0,,Flat,,,,,,Overcast,644102,1,0,0,4,,,0,,,,,,Auckland Region,Nil,2-way,Sealed,,0,0,,50,,Off,0,0,,76,Auckland,Give way,,,,,0,0,Urban,0,,,Fine,Null
1759322.0732,5916609.3317,856532,,516001,0,,0,2,,South,2023/2024,SOUTHERN MOTORWAY,MARKET OBR,,Non-Injury Crash,Yes,2023,,South,,0,,Flat,,,,,,Bright sun,491700,0,0,0,3,,,0,,,,,,Auckland Region,Nil,1-way,Sealed,,0,0,,100,,Off,1,0,,76,Auckland,Nil,,,,,0,0,Open,0,,,Fine,Null
1765850.5619,5907012.3878,856536,,522301,0,0,0,4,0,West,2023/2024,CHARLES STREET,WINTERE ROAD,,Non-Injury Crash,No,2023,0,East,0,0,0,Flat,0,,0,,0,Dark,666900,0,0,0,2,0,0,0,0,1,,0,0,Auckland Region,Speed hump,2-way,Unsealed,0,0,0,0,50,0,On,0,0,,76,Auckland,Nil,1,0,0,0,0,0,Urban,0,0,0,Fine,Null
1746386.1873,5926313.2681,856540,,513410,0,,0,1,,North,2023/2024,SINTON ROAD,BRIGHAM CREEK ROAD,,Minor Crash,No,2023,,East,,0,,Flat,,,,,,Overcast,221801,4,0,0,2,,,0,,,,,,Auckland Region,Nil,2-way,Sealed,,0,0,,50,,Null,0,0,,76,Auckland,Nil,,,,,0,0,Urban,1,,,Light rain,Null
1767801.1226,5906354.3276,856541,,523601,0,,0,2,,Null,2022/2023,PRESTON ROAD,RAPSON ROAD,,Non-Injury Crash,No,2023,,North,,0,,Flat,,,,,,Bright sun,706800,0,0,0,2,,,0,,,,,,Auckland Region,Nil,2-way,Sealed,,0,0,,50,,Off,0,0,,76,Auckland,Give way,,,,,0,0,Urban,0,,,Fine,Null
1758578.2983,5906436.0012,856547,,524200,0,0,0,5,0,West,2022/2023,BRIGADE ROAD,RENNIE DRIVE,,Minor Crash,No,2023,0,West,0,0,0,Flat,0,,0,,0,Overcast,726400,1,0,0,2,0,0,0,0,1,,0,0,Auckland Region,Nil,2-way,Sealed,0,0,0,0,50,0,Off,0,0,,76,Auckland,Nil,0,0,0,0,0,0,Urban,0,0,0,Fine,Null
1752627.9845,5918223.2642,856551,,515002,0,0,0,2,0,Null,2023/2024,GREAT NORTH ROAD,KIWI ROAD,,Non-Injury Crash,No,2023,0,North,0,0,0,Flat,0,,0,,0,Bright sun,396600,0,0,0,2,0,0,0,0,1,,0,0,Auckland Region,Nil,2-way,Sealed,0,0,0,0,50,0,Off,0,0,,76,Auckland,Traffic Signals,0,0,0,0,0,0,Urban,0,0,0,Fine,Null
1755281.2085,5927360.2097,856556,,508620,0,0,0,2,0,South,2023/2024,ANNE ROAD,SUNNYBRAE ROAD,,Non-Injury Crash,No,2023,0,North,0,0,0,Hill Road,0,,0,,0,Dark,203700,0,0,0,2,0,0,0,0,1,,0,0,Auckland Region,Nil,2-way,Sealed,0,0,0,0,50,0,On,0,0,,76,Auckland,Nil,0,0,0,0,0,0,Urban,0,0,0,Fine,Null
1752817.7258,5935243.6286,856557,,508701,0,,0,2,,South,2023/2024,NORTHERN MOTORWAY,OTEHA VALLEY ROAD ON RAMP,,Non-Injury Crash,Yes,2024,,North,,0,,Hill Road,,,,,,Bright sun,178501,0,0,0,2,,,0,,,,,,Auckland Region,Motorway ramp,1-way,Sealed,,0,0,,100,,Off,0,0,,76,Auckland,Nil,,,,,0,0,Open,0,,,Fine,Null
1745581.5969,5917532.1284,856564,,510700,0,0,0,1,0,Null,2023/2024,ALDERMAN DRIVE,SEL PEACOCK DRIVE,,Minor Crash,No,2024,0,West,0,0,0,Flat,0,,0,,0,Dark,239900,1,0,0,2,0,0,0,0,0,,0,0,Auckland Region,Nil,1-way,Sealed,0,0,0,0,50,0,On,0,0,,76,Auckland,Give way,0,0,0,1,0,0,Urban,0,0,0,Fine,Null
1763927.4393,5918898.3286,856565,,516601,0,,0,1,,Null,2023/2024,KOHIMARAMA ROAD,SOUTHERN CROSS ROAD,,Non-Injury Crash,No,2024,,South,,0,,Flat,,,,,,Overcast,505803,0,0,0,2,,,0,,,,,,Auckland Region,Nil,2-way,Sealed,,0,0,,50,,Off,0,0,,76,Auckland,Nil,,,,,0,0,Urban,1,,,Fine,Null
1754955.9462,5911461.7977,856580,35,519002,0,0,0,1,0,West,2023/2024,HILLSBOROUGH ROAD,HIBISCUS PLACE,,Non-Injury Crash,No,2024,0,East,0,0,0,Hill Road,0,,0,,0,Twilight,592101,0,0,0,2,0,0,0,0,1,,0,0,Auckland Region,Nil,2-way,Sealed,0,0,0,0,50,0,On,0,0,40,76,Auckland,Nil,0,0,0,0,0,0,Urban,1,0,0,Fine,Null
1765866.5516,5898772.64,856585,,524812,0,,0,1,,Null,2023/2024,WAIMAHIA AVENUE,WEYMOUTH ROAD,,Serious Crash,No,2024,,West,,0,,Flat,,Easter,,,,Bright sun,774303,0,0,1,2,,,0,,,,,,Auckland Region,Nil,2-way,Sealed,,0,1,,30,,Off,0,0,,76,Auckland,Give way,,,,,0,0,Urban,0,,,Fine,Null
1779336.0589,5927162.3933,856587,,520801,0,0,0,1,0,South,2023/2024,WEKA ROAD,KUAKA ROAD,,Non-Injury Crash,No,2023,0,North,1,0,0,Hill Road,0,,0,,0,Twilight,516201,0,0,0,2,0,0,0,0,1,,0,0,Auckland Region,Nil,2-way,Sealed,0,0,0,0,30,0,On,0,0,,76,Auckland,Nil,0,0,0,0,0,1,Urban,0,0,0,Fine,Null
1767943.5506,5903454.0929,856588,,524602,0,0,0,5,0,North,2023/2024,GREAT SOUTH ROAD,KERRS ROAD,,Non-Injury Crash,No,2024,0,North,0,0,0,Flat,0,,0,,0,Dark,780506,0,0,0,4,0,0,0,0,4,,0,0,Auckland Region,Nil,2-way,Sealed,0,0,0,0,50,0,On,0,0,,76,Auckland,Nil,0,0,0,0,0,0,Urban,0,0,0,Fine,Null
1769738.2952,5917881.8926,856592,,522601,0,0,0,1,0,West,2023/2024,BUCKLANDS BEACH ROAD,WHITCOMBE ROAD,,Non-Injury Crash,No,2023,0,North,0,0,0,Hill Road,1,,0,,0,Dark,676000,0,0,0,2,0,0,0,0,0,,0,0,Auckland Region,Nil,2-way,Sealed,0,0,0,0,50,0,On,0,0,,76,Auckland,Nil,0,0,0,0,0,0,Urban,0,0,0,Fine,Null
1757153.574,5919173.3463,856596,,514301,0,0,0,1,0,North,2023/2024,SYMONDS STREET ON RAMP,SOUTHERN MOTORWAY,,Non-Injury Crash,No,2024,0,South,0,0,0,Flat,1,,0,,0,Dark,441200,0,0,0,1,0,0,0,0,0,,0,0,Auckland Region,Motorway ramp,1-way,Sealed,0,0,0,0,80,0,On,0,0,,76,Auckland,Nil,0,0,0,0,0,0,Open,0,0,0,Light rain,Null
1760574.1466,5907406.6039,856599,,524112,0,0,0,0,0,North,2022/2023,SOUTH-WESTERN MOTORWAY,BADER OBR,,Non-Injury Crash,Yes,2023,0,South,0,0,1,Flat,1,,0,,0,Overcast,737500,0,0,0,2,0,0,0,0,0,,0,0,Auckland Region,Nil,1-way,Sealed,0,0,0,0,100,0,Off,0,0,,76,Auckland,Nil,0,0,0,0,1,0,Open,0,0,0,Fine,Null
1754220.9981,5933105.7888,856603,,508805,0,0,0,0,0,Null,2023/2024,APOLLO DRIVE,ROSEDALE ROAD,,Minor Crash,No,2024,0,North,0,0,1,Hill Road,0,,0,,0,Twilight,180866,1,0,0,2,0,0,0,0,0,,0,1,Auckland Region,Nil,2-way,Sealed,0,0,0,0,50,0,On,0,0,,76,Auckland,Give way,0,0,0,0,0,0,Urban,1,0,0,Fine,Null
1755703.2311,5925554.9088,856608,,509702,0,,0,2,,Null,2024/2025,EXMOUTH ROAD,COLLEGE ROAD,,Minor Crash,No,2024,,South,,0,,Flat,,,,,,Overcast,365700,2,0,0,2,,,0,,,,,,Auckland Region,Nil,2-way,Sealed,,0,0,,50,,Off,0,0,,76,Auckland,Stop,,,,,0,0,Urban,0,,,Fine,Null
1746840.5754,5919867.7331,856613,,512402,0,,0,2,,North,2022/2023,NORTH-WESTERN MOTORWAY,TE ATATU ROAD ON RAMP,,Non-Injury Crash,Yes,2023,,West,,0,,Flat,,,,,,Overcast,252300,0,0,0,3,,,0,,,,,,Auckland Region,Motorway ramp,1-way,Sealed,,0,0,,100,,Off,0,0,,76,Auckland,Nil,,,,,0,0,Open,0,,,Fine,Null
1762140.0128,5907129.3745,856616,,524520,0,0,0,2,0,North,2022/2023,BUCKLAND ROAD,MASSEY ROAD,,Non-Injury Crash,No,2023,0,North,0,0,0,Flat,0,,0,,0,Overcast,734702,0,0,0,2,0,0,0,0,1,,0,0,Auckland Region,Nil,2-way,Sealed,0,0,0,0,50,0,Off,0,0,,76,Auckland,Nil,0,0,0,1,0,0,Urban,0,0,0,Fine,Null
1760032.8703,5917906.1774,856619,,516102,0,0,0,0,0,South,2023/2024,PORTLAND ROAD,SCHERFF ROAD,,Non-Injury Crash,No,2023,0,North,0,0,0,Flat,0,,0,,0,Overcast,483800,0,0,0,2,0,0,0,0,0,,0,0,Auckland Region,Nil,2-way,Sealed,0,0,0,0,50,0,Off,0,0,,76,Auckland,Nil,0,0,0,1,0,0,Urban,1,0,0,Fine,Null
1764498.7819,5909536.5117,856620,,521802,0,0,1,2,0,South,2022/2023,CHURCH STREET,HIGH STREET,,Non-Injury Crash,No,2023,0,North,0,0,0,Flat,0,,0,,0,Bright sun,788601,0,0,0,2,0,0,0,0,2,,0,0,Auckland Region,Nil,2-way,Sealed,0,0,0,0,50,0,None,0,0,,76,Auckland,Nil,0,0,0,0,0,0,Urban,0,0,0,Fine,Null
1771369.3358,5895206.9446,856621,,521201,0,,0,1,,Null,2023/2024,HINGAIA ROAD,PAPAKURA OFF RAMP,,Non-Injury Crash,No,2024,,West,,0,,Flat,,,,,,Dark,806700,0,0,0,2,,,0,,,,,,Auckland Region,Overpass,1-way,Sealed,,0,0,,50,,On,0,0,,76,Auckland,Traffic Signals,,,,,0,0,Urban,1,,,Fine,Null
1756585.4745,5919834.9586,856623,,514000,0,,0,1,,South,2022/2023,SOUTHERN MOTORWAY,WELLINGTON OBR,,Non-Injury Crash,Yes,2023,,North,,0,,Flat,,,,,,Dark,413300,0,0,0,2,,,0,,,,,,Auckland Region,Nil,1-way,Sealed,,0,0,,80,,On,0,0,,76,Auckland,Nil,,,,,1,0,Open,0,,,Fine,Null
1778627.7861,5915562.0236,856625,,523300,0,0,0,1,0,East,2023/2024,KARAKA ROAD,SHELLY BAY ROAD,,Non-Injury Crash,No,2023,0,West,0,0,0,Flat,0,,0,,0,Dark,718800,0,0,0,2,0,0,0,0,1,,0,0,Auckland Region,Nil,2-way,Sealed,0,0,0,0,50,0,On,1,0,,76,Auckland,Nil,0,0,0,0,0,0,Urban,0,0,0,Fine,Null
1762162.9803,5913681.7702,856627,,520500,0,,0,1,,North,2023/2024,SOUTHERN MOTORWAY,PENROSE OBR,,Minor Crash,Yes,2024,,North,,0,,Flat,,,,,,Bright sun,637000,1,0,1,3,,,0,,,,,,Auckland Region,Underpass,1-way,Sealed,,0,0,,100,,Off,0,0,,76,Auckland,Nil,,,,,0,0,Open,0,,,Fine,Null
1752844.7422,5916863.6742,856629,,517800,0,0,0,2,0,South,2023/2024,COUNSEL TERRACE,LLOYD AVENUE,,Non-Injury Crash,No,2024,0,North,0,0,0,Flat,0,,0,,0,Dark,525600,0,0,0,2,0,0,0,0,1,,0,1,Auckland Region,Nil,2-way,Sealed,0,0,0,0,50,0,On,0,0,,76,Auckland,Nil,0,0,0,0,0,0,Urban,0,0,0,Fine,Null
1739695.1709,5911432.38,856631,,513800,0,,0,2,,West,2023/2024,PIHA ROAD,SCENIC DRIVE,,Minor Crash,No,2023,,West,,0,,Hill Road,,,,,,Dark,281902,1,0,0,2,,,0,,,,,,Auckland Region,Nil,2-way,Sealed,,0,0,,80,,None,0,0,,76,Auckland,Nil,,,,,0,0,Open,0,,,Light rain,Null
1770381.6507,5911595.0028,856632,,523105,0,,0,1,,Null,2023/2024,BOTANY ROAD,GOLFLAND DRIVE,,Non-Injury Crash,No,2024,,North,,0,,Flat,,,,,,Overcast,711183,0,0,0,4,,,0,,,,,,Auckland Region,Nil,1-way,Sealed,,0,0,,60,,Off,0,0,,76,Auckland,Traffic Signals,,,,,1,0,Urban,0,,,Fine,Null
1759141.8346,5910075.8286,856639,,524002,0,0,0,1,0,South,2022/2023,CORONATION ROAD,SWANSON ROAD,,Non-Injury Crash,No,2023,0,South,0,0,0,Flat,0,,0,,0,Bright sun,722502,0,0,0,1,0,0,0,0,0,,1,0,Auckland Region,Nil,1-way,Sealed,0,0,0,0,30,0,Off,0,0,,76,Auckland,Nil,0,0,0,0,0,0,Urban,0,0,0,Fine,Null
1766054.5001,5906978.5396,856644,,522301,1,,0,1,,Null,2023/2024,HOTEO AVENUE,WINTERE ROAD,,Serious Crash,No,2023,,West,,0,,Flat,,,,,,Dark,667200,0,0,0,2,,,0,,,,,,Auckland Region,Nil,2-way,Sealed,,0,1,,50,,On,0,0,,76,Auckland,Stop,,,,,0,0,Urban,0,,,Fine,Null
1770687.7096,5889797.1903,856653,,521203,0,,0,2,,West,2022/2023,KARAKA ROAD,WOODLYN DRIVE,,Non-Injury Crash,Yes,2023,,East,,0,,Hill Road,,,,,,Bright sun,807400,0,0,0,2,,,1,,,,,,Auckland Region,Nil,2-way,Sealed,,0,0,,80,,Off,0,0,,76,Auckland,Nil,,,,,1,0,Open,0,,,Fine,Null
1743494.9493,5923887.554,856659,,513410,0,,0,2,,North,2022/2023,TAWHIA DRIVE,FRED TAYLOR DRIVE,,Minor Crash,No,2023,,North,,0,,Hill Road,,,,,,Overcast,224000,2,0,0,4,,,0,,,,,,Auckland Region,Nil,2-way,Sealed,,0,0,,50,,Off,0,0,,76,Auckland,Nil,,,,,0,0,Urban,0,,,Light rain,Null
1755943.7903,5887270.4697,856665,,521122,0,,0,2,,North,2023/2024,WAIAU PA ROAD,PERCY MILLEN DRIVE,,Minor Crash,No,2024,,South,,0,,Flat,,,,,,Bright sun,810700,1,0,0,2,,,0,,,,,,Auckland Region,Nil,2-way,Sealed,,0,0,,80,,Off,0,0,,76,Auckland,Nil,,,,,0,0,Open,1,,,Fine,Null
1786411.5558,5926359.5128,856668,,520801,0,0,0,1,0,East,2022/2023,WAIHEKE ROAD,GARRATT ROAD,,Non-Injury Crash,No,2023,0,East,0,0,0,Null,0,,0,,0,Overcast,515705,0,0,0,2,0,0,0,0,1,,0,0,Auckland Region,Nil,2-way,Sealed,0,0,0,0,50,0,Null,0,0,,76,Auckland,Nil,0,0,0,0,0,1,Urban,0,0,0,Heavy rain,Null
1757398.4422,5918782.2339,856669,,514302,0,,0,3,,North,2023/2024,SOUTHERN MOTORWAY,SOUTHERN TO PORT LINK,,Non-Injury Crash,Yes,2024,,North,,0,,Flat,,,,,,Overcast,441700,0,0,0,3,,,0,,,,,,Auckland Region,Nil,1-way,Sealed,,0,0,,80,,Off,0,0,,76,Auckland,Nil,,,,,0,0,Open,0,,,Fine,Null
1744631.7293,5922545.3019,856672,,513530,0,0,0,1,0,Null,2023/2024,WIDMORE DRIVE,MOIRE ROAD,,Non-Injury Crash,No,2023,0,West,0,0,0,Hill Road,0,,0,,0,Dark,224422,0,0,0,2,0,0,0,0,0,,0,0,Auckland Region,Nil,2-way,Sealed,0,0,0,0,50,0,On,1,0,,76,Auckland,Stop,0,0,0,1,0,0,Urban,0,0,0,Fine,Null
1763032.8394,5909156.0033,856673,,524402,0,0,0,1,0,Null,2023/2024,KAKA STREET,TUI STREET,,Non-Injury Crash,No,2024,0,West,0,0,0,Flat,1,,0,,0,Bright sun,749800,0,0,0,2,0,0,0,0,0,,0,0,Auckland Region,Nil,2-way,Sealed,0,0,0,0,50,0,Off,0,0,,76,Auckland,Give way,0,0,0,0,0,0,Urban,0,0,0,Fine,Null
1751826.6338,5938863.2356,856677,,506300,0,0,0,1,0,South,2023/2024,NORTHERN MOTORWAY,AWANOHI OBR,,Non-Injury Crash,Yes,2023,0,South,0,0,0,Flat,1,,0,,0,Overcast,176005,0,0,0,2,0,0,0,0,0,,0,0,Auckland Region,Overpass,1-way,Sealed,0,0,0,0,100,0,Off,0,0,,76,Auckland,Nil,0,0,0,0,0,0,Open,0,0,0,Fine,Null
1729921.9787,5961439.8825,856693,,506613,0,0,0,0,0,North,2023/2024,KAIPARA COAST HIGHWAY,WEST COAST ROAD,,Serious Crash,Yes,2023,0,North,1,0,0,Flat,0,,0,,0,Bright sun,146200,1,0,2,2,0,0,0,0,0,,0,0,Auckland Region,Nil,2-way,Sealed,0,0,1,0,100,0,None,1,0,,76,Auckland,Nil,0,0,0,0,0,0,Open,0,0,0,Fine,Null
1760585.8835,5908497.9752,856696,,524403,0,0,0,1,0,North,2023/2024,ROBERTSON ROAD,WAKEFIELD ROAD,,Non-Injury Crash,No,2024,0,South,0,0,0,Flat,0,,0,,1,Bright sun,729903,0,0,0,2,0,0,0,0,0,,0,1,Auckland Region,Nil,2-way,Sealed,0,0,0,0,50,0,Off,0,0,,76,Auckland,Nil,0,0,0,0,0,0,Urban,0,0,0,Fine,Null
1746892.4093,5915218.1277,856697,,511800,0,0,0,1,0,South,2023/2024,GREAT NORTH ROAD,AWAROA ROAD,,Minor Crash,No,2023,0,North,0,0,0,Hill Road,0,,0,,1,Bright sun,277902,1,0,0,4,0,0,0,0,1,,0,0,Auckland Region,Nil,2-way,Sealed,0,0,0,0,50,0,None,0,0,,76,Auckland,Nil,0,0,0,0,0,0,Urban,1,0,0,Fine,Null
1743266.0737,5967235.8869,856699,,506613,0,0,0,1,0,North,2022/2023,WOODCOCKS ROAD,EDGERLEY ROAD,,Non-Injury Crash,No,2023,0,North,1,0,1,Flat,0,,0,,0,Overcast,145900,0,0,0,2,0,0,0,0,0,,0,0,Auckland Region,Nil,2-way,Sealed,0,0,0,0,100,0,None,0,0,,76,Auckland,Nil,0,0,0,0,0,0,Open,0,0,0,Heavy rain,Null
1764413.4369,5912935.8439,856709,,520500,0,,0,2,,West,2022/2023,SOUTH-EASTERN HIGHWAY,CARBINE ROAD,,Non-Injury Crash,No,2023,,East,,0,,Hill Road,,,,,,Bright sun,639100,0,0,0,4,,,0,,,,,,Auckland Region,Overpass,1-way,Sealed,,0,0,,50,,Off,0,0,,76,Auckland,Nil,,,,,0,0,Urban,0,,,Fine,Null
1760446.534,5915674.5957,856712,,516003,0,,0,1,,North,2023/2024,SOUTHERN MOTORWAY,GREEN LANE EAST OFF RAMP,,Non-Injury Crash,Yes,2023,,North,,0,,Flat,,,,,,Bright sun,494902,0,0,0,4,,,0,,,,,,Auckland Region,Nil,2-way,Sealed,,0,0,,100,,Off,0,0,,76,Auckland,Nil,,,,,0,0,Open,1,,,Fine,Null
1746014.632,5923781.8062,856713,45,513522,0,0,0,2,0,West,2023/2024,LUCKENS ROAD,GRACEVIEW WAY,,Non-Injury Crash,No,2024,0,East,0,0,0,Hill Road,0,,0,,0,Overcast,224125,0,0,0,2,0,0,0,0,1,,0,0,Auckland Region,Nil,2-way,Sealed,0,0,0,0,50,0,None,0,0,,76,Auckland,Nil,0,0,0,0,0,0,Urban,2,0,0,Fine,Null
1765562.7866,5906998.3409,856721,,522301,0,,0,0,,Null,2023/2024,EAST TAMAKI ROAD,GREAT SOUTH ROAD,,Non-Injury Crash,No,2023,,West,,0,,Flat,,,,,,Dark,666200,0,0,0,4,,,0,,,,,,Auckland Region,Nil,2-way,Sealed,,0,0,,50,,On,2,0,,76,Auckland,Traffic Signals,,,,,0,0,Urban,0,,,Fine,Null
1746009.7401,5920388.6511,856729,,513301,0,,0,3,,North,2022/2023,NORTH-WESTERN MOTORWAY,HENDERSON CK BR,,Non-Injury Crash,Yes,2023,,South,,0,,Flat,,,,,,Bright sun,230200,0,0,0,3,,,0,,,,,,Auckland Region,Nil,1-way,Sealed,,0,0,,100,,Off,0,0,,76,Auckland,Nil,,,,,0,0,Open,0,,,Fine,Null
1759585.0627,5912723.3307,856737,,520000,0,,0,2,,Null,2023/2024,VICTORIA STREET,GREY STREET,,Minor Crash,No,2023,,North,,0,,Flat,,,,,,Overcast,605900,1,0,0,2,,,0,,,,,,Auckland Region,Nil,2-way,Sealed,,0,0,,50,,On,0,0,,76,Auckland,Stop,,,,,0,0,Urban,1,,,Light rain,Null
1742122.1101,5996366.1535,856741,45,506660,0,,0,1,,North,2023/2024,MANGAWHAI ROAD,CAMES ROAD,,Serious Crash,No,2023,,North,,0,,Hill Road,,,,,,Overcast,135201,1,0,0,2,,,0,,,,,,Auckland Region,Nil,2-way,Sealed,,0,1,,100,,None,1,0,,76,Auckland,Nil,,,,,0,0,Open,0,,,Heavy rain,Null
1755358.0611,5921956.4019,856747,,515202,0,,0,0,,South,2022/2023,NORTHERN MOTORWAY,HARBOUR BR S,,Non-Injury Crash,Yes,2023,,North,,0,,Null,,,,,,Bright sun,423600,0,0,0,4,,,0,,,,,,Auckland Region,Nil,1-way,Sealed,,0,0,,80,,Off,0,0,,76,Auckland,Nil,,,,,0,0,Open,1,,,Fine,Null
1767133.0853,5904763.0284,856748,,524604,0,,0,2,,East,2023/2024,CAVENDISH DRIVE,SHARKEY STREET,,Non-Injury Crash,No,2023,,West,,0,,Flat,,,,,,Dark,780209,0,0,0,2,,,0,,,,,,Auckland Region,Nil,2-way,Sealed,,0,0,,50,,On,0,0,,76,Auckland,Nil,,,,,0,0,Urban,0,,,Fine,None
1756026.6143,5929737.6379,856749,,508510,0,0,0,3,0,North,2023/2024,FORREST HILL ROAD,HAVELOCK AVENUE,,Non-Injury Crash,No,2023,0,North,0,0,0,Flat,0,,1,,0,Twilight,194000,0,0,0,2,0,0,0,0,1,,0,0,Auckland Region,Nil,2-way,Sealed,0,0,0,0,50,0,On,0,0,,76,Auckland,Nil,0,0,0,0,0,0,Urban,0,0,0,Fine,Null
1756918.1194,5919202.8671,856763,75,514200,0,1,0,0,0,West,2022/2023,NORTH-WESTERN MOTORWAY,GRAFTON GULLY CYCLEWAY,,Non-Injury Crash,Yes,2023,0,East,0,0,0,Hill Road,0,,0,,0,Overcast,412900,0,0,0,1,0,0,0,0,0,,0,0,Auckland Region,Motorway ramp,1-way,Sealed,0,0,0,0,80,0,Off,0,0,70,76,Auckland,Nil,0,0,0,0,1,0,Open,0,0,0,Light rain,Null
1769284.3586,5907469.6852,856767,,523711,0,,0,1,,Null,2022/2023,ORMISTON ROAD,TE IRIRANGI DRIVE,,Non-Injury Crash,No,2023,,East,,0,,Flat,,,,,,Bright sun,712304,0,0,0,3,,,0,,,,,,Auckland Region,Nil,2-way,Sealed,,0,0,,50,,None,0,0,,76,Auckland,Traffic Signals,,,,,0,0,Urban,1,,,Fine,Null
1758450.2807,5926535.233,856768,,508020,0,,0,2,,North,2023/2024,LAKE ROAD,REWITI AVENUE,,Non-Injury Crash,No,2023,,North,,0,,Flat,,Labour Weekend,,,,Bright sun,325402,0,0,0,5,,,0,,,,,,Auckland Region,Nil,2-way,Sealed,,0,0,,50,,Null,0,0,,76,Auckland,Nil,,,,,0,0,Urban,0,,,Fine,Null
1763281.9174,5908231.8375,856769,,524301,0,,0,3,,East,2023/2024,ROSELLA ROAD,MASSEY ROAD,,Non-Injury Crash,No,2023,,West,,0,,Flat,,,,,,Dark,748700,0,0,0,2,,,0,,,,,,Auckland Region,Nil,2-way,Sealed,,0,0,,50,,On,0,0,,76,Auckland,Nil,,,,,0,0,Urban,0,,,Fine,Null
1751380.2843,5949582.2142,856772,,505805,0,0,0,1,0,Null,2023/2024,CENTREWAY ROAD,MOANA AVENUE,,Non-Injury Crash,No,2024,0,North,0,0,1,Flat,0,,0,,0,Overcast,171500,0,0,0,2,0,0,0,0,0,,0,0,Auckland Region,Nil,2-way,Sealed,0,0,0,0,50,0,Off,0,0,,76,Auckland,Give way,0,0,0,0,0,0,Urban,0,0,0,Light rain,Null