X,Y,OBJECTID,advisorySpeed,areaUnitID,bicycle,bridge,bus,carStationWagon,cliffBank,crashDirectionDescription,crashFinancialYear,crashLocation1,crashLocation2,crashRoadSideRoad,crashSeverity,crashSHDescription,crashYear,debris,directionRoleDescription,ditch,fatalCount,fence,flatHill,guardRail,holiday,houseOrBuilding,intersection,kerb,light,meshblockId,minorInjuryCount,moped,motorcycle,NumberOfLanes,objectThrownOrDropped,otherObject,otherVehicleType,overBank,parkedVehicle,pedestrian,phoneBoxEtc,postOrPole,region,roadCharacter,roadLane,roadSurface,roadworks,schoolBus,seriousInjuryCount,slipOrFlood,speedLimit,strayAnimal,streetLight,suv,taxi,temporarySpeedLimit,tlaId,tlaName,trafficControl,trafficIsland,trafficSign,train,tree,truck,unknownVehicleType,urban,vanOrUtility,vehicle,waterRiver,weatherA,weatherB
1764492.4932,5905164.3162,856791,,522100,0,,0,1,,South,2023/2024,WYLLIE ROAD,FENTON STREET,,Minor Crash,No,2023,,North,,0,,Hill Road,,Labour Weekend,,,,Bright sun,658300,2,0,0,2,,,0,,,,,,Auckland Region,Nil,2-way,Sealed,,0,0,,50,,On,1,0,,76,Auckland,Nil,,,,,0,0,Urban,0,,,Fine,Null
1764157.0361,5904395.9334,856796,,522100,0,0,1,1,0,North,2023/2024,VISION PLACE,PUHINUI ROAD,,Non-Injury Crash,No,2024,0,East,0,0,0,Flat,0,,0,,0,Dark,659100,0,0,0,2,0,0,0,0,1,,0,0,Auckland Region,Nil,2-way,Sealed,0,0,0,0,50,0,On,0,0,,76,Auckland,Nil,0,0,0,0,0,0,Urban,0,0,0,Fine,Null
1742163.4574,5920796.5699,856800,,513621,0,0,0,1,0,North,2023/2024,BIRDWOOD ROAD,CHAMBERLAIN ROAD,,Non-Injury Crash,No,2023,0,North,1,0,0,Flat,0,,0,,0,Dark,226602,0,0,0,2,0,0,0,0,0,,0,0,Auckland Region,Nil,2-way,Sealed,0,0,0,0,50,0,None,0,0,,76,Auckland,Nil,0,0,0,0,0,0,Urban,0,0,0,Fine,Null
1756657.7636,5927902.9109,856804,,507900,0,,0,2,,Null,2024/2025,OFF ROAD - NORTH SHORE HOSPITAL,,,Minor Crash,No,2024,,West,,0,,Flat,,,,,,Overcast,304300,1,0,0,2,,,0,,,,,,Auckland Region,Nil,Off road,Sealed,,0,0,,,,Off,1,0,,76,Auckland,Nil,,,,,0,0,Urban,0,,,Light rain,Null
1747997.8214,5910532.7883,856812,,511902,0,,0,1,,East,2024/2025,PARK ROAD,OTITORI BAY ROAD,,Minor Crash,No,2024,,East,,0,,Flat,,,,,,Overcast,293501,1,0,0,2,,,0,,,,,,Auckland Region,Nil,2-way,Sealed,,0,0,,50,,Off,1,0,,76,Auckland,Nil,,,,,0,0,Urban,0,,,Fine,Null
1773382.6017,5890307.3035,856813,,521301,0,0,0,1,0,North,2024/2025,SOUTHERN MOTORWAY,QUARRY OBR,,Minor Crash,Yes,2024,0,South,0,0,1,Flat,0,,0,,0,Overcast,809004,1,0,0,2,0,0,0,0,0,,0,0,Auckland Region,Nil,1-way,Sealed,0,0,0,0,100,0,Off,0,0,,76,Auckland,Nil,0,0,0,0,0,0,Open,0,0,0,Fine,Null
1747393.3329,5913689.164,856815,,511100,0,0,0,1,0,Null,2023/2024,BOWERS ROAD,WEST COAST ROAD,,Minor Crash,No,2024,0,North,0,0,0,Hill Road,0,,0,,0,Dark,286200,1,0,0,2,0,0,0,0,0,,0,0,Auckland Region,Nil,2-way,Sealed,0,0,0,0,50,0,On,0,0,,76,Auckland,Traffic Signals,0,1,0,0,0,0,Urban,0,0,0,Fine,Null
1749666.3893,5913882.5413,856820,,511303,0,,0,0,,Null,2024/2025,GREAT NORTH ROAD,CLARK STREET,,Minor Crash,No,2024,,East,,0,,Hill Road,,,,,,Overcast,264901,1,0,0,5,,,0,,,1,,,Auckland Region,Speed hump,2-way,Sealed,,0,0,,50,,Off,0,0,,76,Auckland,Traffic Signals,,,,,1,0,Urban,0,,,Fine,Null
1729929.7699,5939793.2333,856828,,506800,0,,0,0,,Null,2024/2025,RAUTAWHIRI ROAD,GARFIELD ROAD,,Serious Crash,No,2024,,West,,0,,Hill Road,,,,,,Dark,209702,0,0,1,2,,,0,,,,,,Auckland Region,Nil,2-way,Sealed,,0,1,,50,,On,0,0,,76,Auckland,Stop,,,,,0,0,Urban,0,,,Fine,Null
1756246.6327,5918896.1348,856829,,515500,0,,0,1,,South,2022/2023,NORTH-WESTERN MOTORWAY,NEWTON OBR,,Non-Injury Crash,Yes,2023,,North,,0,,Flat,,,,,,Overcast,417700,0,0,0,2,,,0,,,,,,Auckland Region,Nil,1-way,Sealed,,0,0,,80,,Off,0,0,,76,Auckland,Nil,,,,,0,0,Open,2,,,Light rain,Null
1753798.0604,5913610.5631,856831,,518802,0,,0,3,,South,2022/2023,RICHARDSON ROAD,NIRVANA WAY,,Non-Injury Crash,No,2023,,North,,0,,Hill Road,,,,,,Overcast,579400,0,0,0,2,,,0,,,,,,Auckland Region,Nil,2-way,Sealed,,0,0,,50,,Off,0,0,,76,Auckland,Nil,,,,,0,0,Urban,0,,,Fine,Null
1773057.19,5890805.8231,856837,,521301,0,,0,0,,South,2023/2024,SOUTHERN MOTORWAY,GREAT SOUTH ROAD OFF RAMP,,Non-Injury Crash,Yes,2023,,North,,0,,Flat,,,,,,Dark,809200,0,0,0,2,,,0,,,,,,Auckland Region,Nil,1-way,Sealed,,0,0,,90,,On,0,0,70,76,Auckland,Nil,,,,,2,0,Open,0,,,Fine,Null
1775634.9514,5885915.219,856843,,521132,0,0,0,0,0,South,2023/2024,SOUTHERN MOTORWAY,RAMARAMA ON RAMP,,Non-Injury Crash,Yes,2023,0,South,0,0,0,Flat,0,,0,,0,Bright sun,814200,0,0,0,2,0,0,0,0,0,,0,1,Auckland Region,Nil,1-way,Sealed,0,0,0,0,100,0,Null,0,0,,76,Auckland,Nil,0,0,0,0,0,0,Open,1,0,0,Fine,Null
1753702.1986,5928245.2069,856847,,508210,0,0,0,1,0,Null,2023/2024,GLENFIELD ROAD,MAYFIELD ROAD,,Minor Crash,No,2024,0,North,0,0,0,Flat,0,,0,,0,Dark,186301,1,0,0,2,0,0,0,0,0,,0,1,Auckland Region,Nil,1-way,Sealed,0,0,0,0,50,0,On,0,0,,76,Auckland,Give way,0,0,0,1,0,0,Urban,0,0,0,Fine,Null
1767514.3665,5904236.5575,856853,,524604,0,0,0,2,0,Null,2023/2024,MANUKAU STATION ROAD,CLIST CRESCENT,,Serious Crash,No,2023,0,East,0,0,0,Flat,0,,0,,0,Overcast,780204,1,0,0,3,0,0,0,0,0,,0,0,Auckland Region,Nil,1-way,Sealed,0,0,1,0,60,0,Off,0,1,,76,Auckland,Traffic Signals,0,1,0,1,0,0,Urban,0,0,0,Fine,Null
1746788.202,5961975.0013,856856,,506613,0,,0,1,,North,2024/2025,NORTHERN MOTORWAY,PUHOI ROAD OFF RAMP,,Serious Crash,Yes,2024,,South,,0,,Hill Road,,,,,,Dark,146800,0,0,0,4,,,0,,,1,,,Auckland Region,Nil,2-way,Sealed,,0,1,,100,,None,0,0,,76,Auckland,Nil,,,,,0,0,Open,0,,,Fine,Null
1773953.8747,5897062.4035,856860,,525610,0,0,0,2,0,North,2023/2024,CLEVEDON ROAD,BUNNYTHORPE ROAD,,Non-Injury Crash,No,2024,0,South,0,0,0,Flat,0,,0,,0,Twilight,797400,0,0,0,2,0,0,0,0,1,,0,0,Auckland Region,Nil,2-way,Sealed,0,0,0,0,50,0,Off,0,0,,76,Auckland,Nil,0,0,0,0,0,0,Urban,0,0,0,Fine,Null
1768328.3272,5901966.2066,856861,,525001,0,,0,2,,Null,2023/2024,GREAT SOUTH ROAD,GRANDE VUE ROAD,,Non-Injury Crash,No,2024,,South,,0,,Flat,,,,,,Bright sun,750800,0,0,0,2,,,0,,,,,,Auckland Region,Nil,2-way,Sealed,,0,0,,50,,Off,0,0,,76,Auckland,Stop,,,,,0,0,Urban,0,,,Fine,Null
1750242.1994,5918001.9242,856862,,514801,0,,0,1,,West,2022/2023,NORTH-WESTERN MOTORWAY,ROSEBANK BR,,Minor Crash,Yes,2023,,West,,0,,Flat,,,,,,Twilight,390401,1,0,0,5,,,0,,,,,,Auckland Region,Nil,1-way,Sealed,,0,0,,100,,On,1,0,,76,Auckland,Nil,,,,,0,0,Open,0,,,Fine,Strong wind
1763875.9259,5905030.352,856863,,524303,0,,0,0,,East,2022/2023,PAH ROAD,FERNDOWN AVENUE,,Serious Crash,No,2023,,East,,0,,Flat,,Queens Birthday,,,,Overcast,746322,0,0,1,2,,,0,,,,,,Auckland Region,Nil,2-way,Sealed,,0,1,,50,,Off,0,0,,76,Auckland,Nil,,,,,0,0,Urban,0,,,Light rain,Null
1768322.4091,5880061.8467,856865,,525921,0,,0,0,,North,2024/2025,WELLINGTON STREET,WARD STREET,,Serious Crash,No,2025,,South,,0,,Flat,,,,,,Overcast,821303,0,0,0,2,,,0,,,1,,,Auckland Region,Nil,2-way,Sealed,,0,1,,50,,Off,0,0,,76,Auckland,Nil,,,,,0,0,Urban,1,,,Fine,Null
1743856.6941,5931299.3305,856868,,506400,0,,0,1,,Null,2023/2024,COATESVILLE-RIVERHEAD HIGHWAY,RIDGE ROAD,,Non-Injury Crash,No,2024,,East,,0,,Flat,,,,,,Bright sun,216800,0,0,0,2,,,0,,,,,,Auckland Region,Nil,2-way,Sealed,,0,0,,60,,None,1,0,,76,Auckland,Stop,,,,,0,0,Urban,0,,,Fine,Null
1746013.7044,5917085.375,856876,,510700,0,,0,0,,North,2023/2024,GREAT NORTH ROAD,NEWINGTON ROAD,,Non-Injury Crash,No,2024,,South,,0,,Hill Road,,,,,,Overcast,240505,0,0,1,3,,,0,,,,,,Auckland Region,Nil,2-way,Sealed,,0,0,,50,,Off,0,0,,76,Auckland,Nil,,,,,0,0,Urban,1,,,Fine,Null
1754262.2835,5926729.2723,856881,,508610,0,,0,2,,North,2023/2024,MOUNTBATTEN AVENUE,TRELAWNY PLACE,,Non-Injury Crash,No,2023,,East,,0,,Flat,,,,,,Twilight,205300,0,0,0,2,,,0,,,,,,Auckland Region,Nil,2-way,Sealed,,0,0,,50,,Off,0,0,,76,Auckland,Nil,,,,,0,0,Urban,0,,,Fine,Null
1767187.2791,5884123.3233,856883,,521122,0,0,0,1,0,North,2024/2025,OSTRICH FARM ROAD,HEIGHTS ROAD,,Minor Crash,No,2024,0,North,0,0,0,Hill Road,0,,0,,0,Overcast,813702,1,0,0,2,0,0,0,0,0,,0,1,Auckland Region,Nil,2-way,Sealed,0,0,0,0,60,0,None,0,0,,76,Auckland,Nil,0,0,0,0,0,0,Urban,0,0,0,Light rain,Null
1767779.5988,5912910.5592,856884,,523000,0,0,0,1,1,Null,2023/2024,REEVES ROAD,UDYS ROAD,,Non-Injury Crash,No,2024,0,East,0,0,0,Hill Road,1,,0,,0,Twilight,687900,0,0,0,2,0,0,0,0,0,,0,0,Auckland Region,Nil,2-way,Sealed,0,0,0,0,50,0,On,0,0,30,76,Auckland,Give way,0,0,0,0,0,0,Urban,0,0,0,Fine,Null
1766397.1138,5907617.1252,856892,,523402,0,,0,0,,West,2023/2024,EAST TAMAKI ROAD,OTARA ROAD,,Non-Injury Crash,No,2024,,North,,0,,Flat,,,,,,Bright sun,699300,0,0,0,3,,,0,,,,,,Auckland Region,Nil,1-way,Sealed,,0,0,,60,,Off,1,0,,76,Auckland,Nil,,,,,1,0,Urban,0,,,Fine,Null
1782475.3737,5923442.3861,856904,,520801,0,0,0,1,0,East,2023/2024,TE WHAU DRIVE,ROTHSCHILD TERRACE,,Non-Injury Crash,No,2024,0,West,0,0,0,Hill Road,0,,0,,0,Overcast,515611,0,0,0,2,0,0,0,0,0,,0,0,Auckland Region,Nil,2-way,Sealed,0,0,0,0,50,0,None,0,0,,76,Auckland,Nil,0,0,0,1,0,0,Urban,0,0,0,Fine,Null
1768655.843,5893041.4165,856913,,521202,0,,0,1,,West,2024/2025,LINWOOD ROAD,WALTERS ROAD,,Serious Crash,No,2024,,West,,0,,Flat,,,,,,Overcast,807000,0,0,0,2,,,0,,,1,,,Auckland Region,Nil,2-way,Sealed,,0,1,,80,,None,0,0,,76,Auckland,Nil,,,,,0,0,Open,0,,,Light rain,Null
1761092.5814,5914986.6267,856927,,520201,0,0,0,1,0,North,2023/2024,SOUTHERN MOTORWAY,ELLERSLIE FTBR,,Non-Injury Crash,Yes,2023,0,South,0,0,0,Flat,1,,0,,0,Dark,613500,0,0,0,3,0,0,0,0,0,,0,0,Auckland Region,Nil,1-way,Sealed,0,0,0,0,100,0,On,0,0,,76,Auckland,Nil,0,0,0,0,0,0,Open,0,0,0,Light rain,Null
1753359.6245,5914275.5722,856929,,518801,0,,0,1,,Null,2023/2024,MAIORO STREET,RICHARDSON ROAD,,Non-Injury Crash,No,2023,,West,,0,,Hill Road,,,,,,Bright sun,578400,0,0,0,3,,,0,,,,,,Auckland Region,Nil,1-way,Sealed,,0,0,,50,,Off,0,0,,76,Auckland,Traffic Signals,,,,,1,0,Urban,0,,,Fine,Null
1761195.6123,5908402.0169,856932,35,524405,0,0,0,1,0,North,2023/2024,GADSBY ROAD,BUKEM PLACE,,Non-Injury Crash,No,2024,0,North,0,0,0,Flat,0,,0,,0,Dark,730702,0,0,0,2,0,0,0,0,1,,0,0,Auckland Region,Nil,2-way,Sealed,0,0,0,0,40,0,Null,1,0,,76,Auckland,Nil,0,0,0,0,0,0,Urban,0,0,0,Light rain,None
1759195.9199,5915519.198,856935,,519300,0,,0,2,,Null,2023/2024,GREEN LANE WEST,PURIRI DRIVE,,Non-Injury Crash,No,2023,,East,,0,,Flat,,,,,,Overcast,623400,0,0,0,4,,,0,,,,,,Auckland Region,Nil,2-way,Sealed,,0,0,,50,,Off,0,0,,76,Auckland,Traffic Signals,,,,,0,0,Urban,0,,,Fine,Null
1769568.2521,5906686.6054,856936,,523713,0,,0,2,,Null,2023/2024,CHAPEL ROAD,MICHAEL JONES DRIVE,,Non-Injury Crash,No,2024,,South,,0,,Flat,,,,,,Dark,713100,0,0,0,2,,,0,,,,,,Auckland Region,Nil,2-way,Sealed,,0,0,,50,,On,0,0,,76,Auckland,Give way,,,,,0,0,Urban,0,,,Fine,None
1754174.7622,5929264.7844,856940,,508420,0,,0,1,,Null,2024/2025,WAIRAU ROAD,HOGANS ROAD,,Minor Crash,No,2024,,South,,0,,Flat,,,,,,Bright sun,183400,2,0,0,3,,,0,,,,,,Auckland Region,Nil,2-way,Sealed,,0,0,,50,,Off,0,0,,76,Auckland,Give way,,,,,0,0,Urban,1,,,Fine,Null
1763111.3928,5919201.145,856943,,516500,0,,0,3,,Null,2022/2023,PATTESON AVENUE,GODDEN CRESCENT,,Minor Crash,No,2023,,North,,0,,Hill Road,,,,,,Bright sun,502201,1,0,0,2,,,0,,,,,,Auckland Region,Nil,2-way,Sealed,,0,0,,50,,None,0,0,,76,Auckland,Stop,,,,,0,0,Urban,0,,,Fine,Null
1764734.0602,5903778.7483,856948,,524604,0,,0,1,,West,2023/2024,SOUTH-WESTERN MOTORWAY,CAVENDISH UNDERPASS,,Serious Crash,Yes,2024,,West,,0,,Flat,,,,,,Dark,781200,0,0,0,2,,,0,,,2,,,Auckland Region,Nil,1-way,Sealed,,0,2,,100,,On,0,0,,76,Auckland,Nil,,,,,0,0,Open,0,,,Fine,Null
1775008.1165,5887429.1635,856951,,521302,0,,0,1,,Null,2022/2023,ARARIMU ROAD,RAMARAMA OFF RAMP,,Non-Injury Crash,No,2023,,South,,0,,Flat,,,,,,Twilight,809104,0,0,0,1,,,0,,,,,,Auckland Region,Motorway ramp,1-way,Sealed,,0,0,,60,,On,0,0,,76,Auckland,Give way,,,,,1,0,Urban,0,,,Fine,Null
1749074.4071,5945601.4786,856952,,505806,0,,0,1,,Null,2023/2024,HIBISCUS COAST HIGHWAY,PAINTON ROAD,,Non-Injury Crash,No,2023,,South,,0,,Flat,,,,,,Overcast,176802,0,0,0,2,,,0,,,,,,Auckland Region,Nil,1-way,Sealed,,0,0,,70,,Off,0,0,,76,Auckland,Traffic Signals,,,,,0,0,Urban,1,,,Light rain,Null
1763271.866,5915022.8954,856953,,520302,0,,0,1,,Null,2023/2024,HARRIS ROAD,ELLERSLIE-PANMURE HIGHWAY,,Non-Injury Crash,No,2023,,Null,,0,,Flat,,,,,,Overcast,626101,0,0,0,2,,,0,,,,,,Auckland Region,Nil,2-way,Sealed,,0,0,,50,,None,0,0,,76,Auckland,Give way,,,,,0,0,Urban,0,,,Fine,Null
1769542.6402,5900685.7137,856957,,524902,1,,0,0,,Null,2023/2024,ELLEN STREET,MCANNALLEY STREET,,Minor Crash,No,2024,,South,,0,,Flat,,,,,,Bright sun,757900,1,0,0,2,,,0,,,,,,Auckland Region,Nil,2-way,Sealed,,0,0,,50,,Off,0,0,,76,Auckland,Give way,,,,,0,0,Urban,0,,,Fine,Null
1757981.2681,5917977.739,856961,,515700,0,,0,3,,Null,2023/2024,SOUTHERN MOTORWAY,GILLIES AVENUE ON RAMP,,Non-Injury Crash,Yes,2023,,North,,0,,Flat,,,,,,Bright sun,443700,0,0,0,4,,,0,,,,,,Auckland Region,Nil,1-way,Sealed,,0,0,,80,,Off,0,0,,76,Auckland,Nil,,,,,0,0,Open,0,,,Fine,Null
1753409.7646,5933022.9983,856967,,508807,0,0,0,2,0,South,2022/2023,NORTHERN MOTORWAY,GREVILLE OBR,,Non-Injury Crash,Yes,2023,0,North,0,0,0,Hill Road,1,,0,,0,Bright sun,180811,0,0,0,3,0,0,0,0,0,,0,0,Auckland Region,Nil,1-way,Sealed,0,0,0,0,100,0,Off,0,0,,76,Auckland,Nil,0,0,0,0,0,0,Open,0,0,0,Fine,Null
1756162.8639,5920402.1398,856975,,514000,1,,0,1,,Null,2022/2023,FRANKLIN ROAD,SCOTLAND STREET,,Minor Crash,No,2023,,North,,0,,Flat,,,,,,Overcast,416700,1,0,0,2,,,0,,,,,,Auckland Region,Nil,2-way,Sealed,,0,0,,30,,Off,0,0,,76,Auckland,Stop,,,,,0,0,Urban,0,,,Fine,Null
1758810.1883,5912170.363,856979,,519810,0,,0,2,,Null,2023/2024,CHURCH STREET,SELWYN STREET,,Minor Crash,No,2023,,East,,0,,Flat,,,,,,Bright sun,601600,1,0,0,2,,,0,,,,,,Auckland Region,Nil,2-way,Sealed,,0,0,,50,,Off,1,0,,76,Auckland,Traffic Signals,,,,,0,0,Urban,0,,,Fine,Null
1744227.2476,5915845.7376,856980,,513012,0,0,0,1,0,Null,2023/2024,BORDER ROAD,LENDIC AVENUE,,Non-Injury Crash,No,2023,0,South,0,0,0,Flat,0,,0,,0,Overcast,280908,0,0,0,2,0,0,0,0,0,,0,0,Auckland Region,Nil,2-way,Sealed,0,0,0,0,50,0,Off,0,0,,76,Auckland,Give way,1,0,0,0,0,0,Urban,0,0,0,Fine,Null
1748684.0313,5913160.5488,856981,,511401,0,0,1,0,0,South,2023/2024,TITIRANGI ROAD,NORTHALL ROAD,,Minor Crash,No,2024,0,West,0,0,1,Hill Road,0,,0,,0,Bright sun,263900,2,0,0,2,0,0,0,0,0,,0,0,Auckland Region,Nil,2-way,Sealed,0,0,0,0,50,0,Off,0,0,,76,Auckland,Nil,0,0,0,0,0,0,Urban,0,0,0,Fine,Null
1765337.363,5902158.467,856985,,524604,0,0,0,1,0,North,2023/2024,ROSCOMMON ROAD,KIWI TAMAKI ROAD,,Non-Injury Crash,No,2023,0,North,0,0,0,Flat,0,,0,,0,Bright sun,781200,0,0,0,2,0,0,0,0,0,,0,0,Auckland Region,Nil,1-way,Sealed,0,0,0,0,60,0,On,0,0,,76,Auckland,Nil,0,1,0,0,0,0,Urban,0,0,0,Heavy rain,Strong wind
1755488.6298,5929005.9773,856988,,508320,0,,0,2,,Null,2023/2024,TRISTRAM AVENUE,TRISTRAM AVENUE,,Non-Injury Crash,No,2023,,East,,0,,Flat,,,,,,Overcast,198500,0,0,0,6,,,0,,,,,,Auckland Region,Nil,2-way,Sealed,,0,0,,50,,Off,0,0,,76,Auckland,Traffic Signals,,,,,0,0,Urban,0,,,Fine,Null
1755254.5379,5918273.2339,856989,,515500,0,,0,1,,West,2023/2024,NORTH-WESTERN MOTORWAY,BOND OBR,,Non-Injury Crash,Yes,2023,,East,,0,,Flat,,,,,,Overcast,418800,0,0,0,4,,,0,,,,,,Auckland Region,Nil,1-way,Sealed,,0,0,,80,,Off,1,0,,76,Auckland,Nil,,,,,0,0,Open,0,,,Fine,Null
1757486.8772,5919136.9138,856992,,514301,0,,0,1,,South,2023/2024,GRAFTON ROAD,GRAFTON BRIDGE,,Non-Injury Crash,No,2023,,South,,0,,Hill Road,,,,,,Dark,441200,0,0,0,2,,,0,,,,,,Auckland Region,Nil,2-way,Sealed,,0,0,,50,,On,0,0,,76,Auckland,Nil,,,,,0,0,Urban,1,,,Fine,Null
1743791.9549,5916864.6054,856993,,513011,0,,0,1,,West,2023/2024,STURGES ROAD,PALOMINO DRIVE,,Minor Crash,No,2024,,East,,0,,Flat,,,,,,Dark,280705,1,0,0,2,,,0,,,1,,,Auckland Region,Nil,2-way,Sealed,,0,0,,50,,On,0,0,,76,Auckland,Nil,,,,,0,0,Urban,0,,,Fine,Null
1757806.5636,5918170.8262,856995,,515700,0,,0,2,,South,2022/2023,SOUTHERN MOTORWAY,MOUNTAIN OBR,,Non-Injury Crash,Yes,2023,,North,,0,,Flat,,,,,,Overcast,443600,0,0,0,4,,,0,,,,,,Auckland Region,Nil,1-way,Sealed,,0,0,,80,,Off,0,0,,76,Auckland,Nil,,,,,0,0,Open,0,,,Heavy rain,Null
1747369.6133,5910223.1655,856996,,512000,0,0,0,0,0,South,2023/2024,SOUTH TITIRANGI ROAD,PARK ROAD,,Minor Crash,No,2024,0,North,0,0,0,Flat,0,,0,,0,Bright sun,297100,1,0,0,2,0,0,0,0,1,,0,0,Auckland Region,Nil,2-way,Sealed,0,0,0,0,50,0,Off,0,0,,76,Auckland,Nil,0,0,0,0,0,0,Urban,2,0,0,Fine,Null
1753557.9383,5914452.5404,857007,,518801,0,,0,1,,Null,2023/2024,MAIORO STREET,MAIORO STREET OFF RAMP,,Serious Crash,No,2023,,North,,0,,Flat,,,,,,Dark,578500,0,0,1,6,,,0,,,,,,Auckland Region,Bridge,2-way,Sealed,,0,1,,50,,On,0,0,,76,Auckland,Traffic Signals,,,,,0,0,Urban,0,,,Fine,Null
1769900.7612,5900256.0733,857016,,523817,0,,0,0,,North,2023/2024,SOUTHERN MOTORWAY,PAPAKURA STM BR,,Minor Crash,Yes,2024,,South,,0,,Flat,,,,,,Dark,759737,1,0,0,3,,,0,,,,,,Auckland Region,Nil,1-way,Sealed,,0,0,,100,,On,2,0,,76,Auckland,Nil,,,,,0,0,Open,0,,,Fine,Null
1770123.3845,5915770.0677,857019,,522711,0,0,0,2,0,South,2022/2023,BUCKLANDS BEACH ROAD,SUNDERLANDS ROAD,,Non-Injury Crash,No,2023,0,South,0,0,0,Flat,0,,0,,0,Dark,679309,0,0,0,2,0,0,0,0,1,,0,0,Auckland Region,Nil,2-way,Sealed,0,0,0,0,50,0,On,0,0,,76,Auckland,Nil,0,0,0,0,0,0,Urban,0,0,0,Fine,Null
1743907.2283,5923723.7784,857025,,513511,0,,0,1,,North,2023/2024,MAKI STREET,WESTGATE DRIVE,,Minor Crash,No,2024,,South,,0,,Flat,,,,,,Dark,224306,1,0,0,2,,,0,,,1,,,Auckland Region,Nil,2-way,Sealed,,0,0,,50,,On,0,0,,76,Auckland,Nil,,,,,0,0,Urban,0,,,Heavy rain,Strong wind
1756187.2125,5924134.8804,857035,,509800,0,,0,1,,Null,2023/2024,NORTHERN MOTORWAY,NORTHERN BUSWAY,,Minor Crash,Yes,2024,,South,,0,,Flat,,,,,,Dark,361100,1,0,0,3,,,0,,,,,,Auckland Region,Nil,1-way,Sealed,,0,0,,100,,On,1,0,,76,Auckland,Nil,,,,,0,0,Open,0,,,Fine,Null
1762670.7847,5914932.3814,857036,,520302,0,0,0,1,0,West,2023/2024,ELLERSLIE-PANMURE HIGHWAY,HARRISON ROAD,,Minor Crash,No,2023,0,West,0,0,0,Hill Road,0,,0,,0,Overcast,625104,1,0,0,4,0,0,0,0,1,,0,0,Auckland Region,Nil,2-way,Sealed,0,0,0,0,50,0,Off,1,0,,76,Auckland,Nil,0,0,0,0,0,0,Urban,0,0,0,Fine,Null
1758076.502,5917539.8201,857037,,515700,0,0,0,1,1,Null,2023/2024,ALPERS AVENUE,GILLIES AVENUE,,Non-Injury Crash,No,2023,0,West,0,0,0,Flat,0,,0,,0,Dark,443401,0,0,0,3,0,0,0,0,0,,0,0,Auckland Region,Nil,2-way,Sealed,0,0,0,0,50,0,On,0,0,,76,Auckland,Traffic Signals,0,0,0,0,0,0,Urban,0,0,0,Heavy rain,Null
1756132.8606,5923896.3708,857039,,509800,0,,0,2,,South,2022/2023,NORTHERN MOTORWAY,WEIGH BRIDGE,,Non-Injury Crash,Yes,2023,,South,,0,,Flat,,,,,,Overcast,361200,0,0,0,4,,,0,,,,,,Auckland Region,Nil,1-way,Sealed,,0,0,,80,,Off,0,0,,76,Auckland,Nil,,,,,0,0,Open,0,,,Fine,Null
1755398.9687,5932268.7251,857043,,508805,0,,0,0,,North,2023/2024,EAST COAST ROAD,MAXWELTON DRIVE,,Serious Crash,No,2024,,North,,0,,Flat,,,,,,Bright sun,151101,0,0,0,4,,,0,,,1,,,Auckland Region,Nil,2-way,Sealed,,0,1,,50,,Off,0,0,,76,Auckland,Nil,,,,,0,0,Urban,1,,,Fine,Null
1758822.6234,5912163.3114,857044,,519810,0,,0,2,,Null,2025/2026,SELWYN STREET,CHURCH STREET,,Non-Injury Crash,No,2025,,North,,0,,Flat,,,,,,Dark,601600,0,0,0,2,,,0,,,,,,Auckland Region,Nil,2-way,Sealed,,0,0,,50,,On,0,0,,76,Auckland,Traffic Signals,,,,,0,0,Urban,0,,,Fine,Null
1759556.3131,5915616.216,857045,,519200,0,,0,1,,North,2022/2023,WHETURANGI ROAD,GREEN LANE WEST,,Non-Injury Crash,No,2023,,West,,0,,Hill Road,,,,,,Bright sun,616402,0,0,0,2,,,0,,,1,,,Auckland Region,Nil,2-way,Sealed,,0,0,,50,,Off,0,0,,76,Auckland,Nil,,,,,0,0,Urban,0,,,Fine,Null
1743583.2748,5920372.4613,857047,,513632,0,,0,1,,East,2022/2023,ALDERN ROAD,DON BUCK ROAD,,Non-Injury Crash,No,2023,,East,,0,,Flat,,,,,,Bright sun,229004,0,0,0,2,,,0,,,,,,Auckland Region,Nil,2-way,Sealed,,0,0,,50,,None,0,0,,76,Auckland,Nil,,,,,0,0,Urban,1,,,Fine,Null
1753838.944,5931312.7025,857053,,508807,0,,0,1,,West,2023/2024,UPPER HARBOUR HIGHWAY,UPPER HARBOUR HWY ON RAMP,,Non-Injury Crash,Yes,2023,,East,,0,,Flat,,,,,,Bright sun,180810,0,0,0,2,,,0,,,,,,Auckland Region,Nil,1-way,Sealed,,0,0,,80,,Null,0,0,,76,Auckland,Nil,,,,,0,0,Open,1,,,Fine,Null
1754136.3391,5929898.5466,857055,,508420,0,0,0,0,0,Null,2023/2024,CHEVAL DRIVE,JENANNE PLACE,,Non-Injury Crash,No,2023,0,South,0,0,1,Hill Road,0,,0,,0,Dark,182702,0,0,0,2,0,0,0,0,0,,0,0,Auckland Region,Nil,2-way,Sealed,0,0,0,0,50,0,On,0,0,,76,Auckland,Nil,0,0,0,0,0,0,Urban,1,0,0,Light rain,Null