X,Y,OBJECTID,advisorySpeed,areaUnitID,bicycle,bridge,bus,carStationWagon,cliffBank,crashDirectionDescription,crashFinancialYear,crashLocation1,crashLocation2,crashRoadSideRoad,crashSeverity,crashSHDescription,crashYear,debris,directionRoleDescription,ditch,fatalCount,fence,flatHill,guardRail,holiday,houseOrBuilding,intersection,kerb,light,meshblockId,minorInjuryCount,moped,motorcycle,NumberOfLanes,objectThrownOrDropped,otherObject,otherVehicleType,overBank,parkedVehicle,pedestrian,phoneBoxEtc,postOrPole,region,roadCharacter,roadLane,roadSurface,roadworks,schoolBus,seriousInjuryCount,slipOrFlood,speedLimit,strayAnimal,streetLight,suv,taxi,temporarySpeedLimit,tlaId,tlaName,trafficControl,trafficIsland,trafficSign,train,tree,truck,unknownVehicleType,urban,vanOrUtility,vehicle,waterRiver,weatherA,weatherB
1765989.7791,5904695.5895,857057,,524603,0,0,0,2,0,South,2023/2024,GRAYSON AVENUE,BRETT AVENUE,,Non-Injury Crash,No,2023,0,North,0,0,0,Flat,0,,0,,0,Dark,674600,0,0,0,2,0,0,0,0,1,,0,0,Auckland Region,Nil,2-way,Sealed,0,0,0,0,50,0,On,0,0,,76,Auckland,Nil,0,0,0,0,0,0,Urban,0,0,0,Fine,Null
1751203.3585,5932315.4724,857063,,508807,0,,0,1,,East,2024/2025,ROSEDALE ROAD,ALBANY HIGHWAY,,Minor Crash,No,2024,,East,,0,,Hill Road,,,,,,Bright sun,180301,1,0,0,2,,,0,,,1,,,Auckland Region,Nil,2-way,Sealed,,0,0,,50,,Off,0,0,,76,Auckland,Nil,,,,,0,0,Urban,0,,,Fine,Null
1747278.8378,5915814.4976,857065,,511601,0,,0,1,,Null,2023/2024,PHELPS PLACE,FARQUHAR ROAD,,Non-Injury Crash,No,2024,,West,,0,,Flat,,,,,,Bright sun,272500,0,0,0,2,,,0,,,,,,Auckland Region,Nil,2-way,Sealed,,0,0,,50,,On,0,0,,76,Auckland,Give way,,,,,0,0,Urban,0,,,Fine,Null
1761371.8366,5920140.3967,857067,,516400,0,0,0,0,1,West,2022/2023,TAMAKI DRIVE,POKANOA POINT ENT,,Minor Crash,No,2023,0,South,0,0,0,Flat,0,,0,,0,Overcast,496600,1,0,0,4,0,0,0,0,0,,0,0,Auckland Region,Nil,2-way,Sealed,0,0,0,0,50,0,Off,0,0,,76,Auckland,Nil,0,0,0,0,1,0,Urban,0,0,0,Heavy rain,Strong wind
1750719.6345,5946673.266,857068,,506001,0,,0,1,,Null,2024/2025,WHANGAPARAOA ROAD,HIBISCUS COAST HIGHWAY,,Non-Injury Crash,No,2025,,West,,0,,Null,,,,,,Dark,175501,0,0,0,3,,,0,,,,,,Auckland Region,Nil,1-way,Sealed,,0,0,,50,,Null,0,0,,76,Auckland,Traffic Signals,,,,,1,0,Urban,0,,,Fine,Null
1746265.7752,5916329.3254,857069,,510800,0,0,0,1,0,West,2023/2024,JAMES LAURIE STREET,WAITAKI STREET,,Non-Injury Crash,No,2023,0,East,0,0,0,Flat,0,,0,,0,Bright sun,244001,0,0,0,2,0,0,0,0,1,,0,0,Auckland Region,Nil,2-way,Sealed,0,0,0,0,50,0,Off,0,0,,76,Auckland,Nil,0,0,0,0,0,0,Urban,1,0,0,Fine,Null
1765614.1456,5901390.1749,857073,,524604,0,0,0,1,0,West,2023/2024,BROWNS ROAD,ROSCOMMON ROAD,,Minor Crash,No,2024,0,West,0,0,0,Flat,0,,0,,0,Dark,781200,1,0,0,2,0,1,0,0,0,,0,0,Auckland Region,Nil,2-way,Unsealed,0,0,0,0,50,0,On,0,0,30,76,Auckland,Nil,0,0,0,0,0,0,Urban,0,0,0,Fine,Null
1751180.0655,5931728.887,857088,,508806,0,,0,0,,Null,2024/2025,ALBANY HIGHWAY,APPLEBY ROAD,,Minor Crash,No,2025,,North,,0,,Flat,,,,,,Twilight,180001,2,0,0,4,,,0,,,,,,Auckland Region,Nil,2-way,Sealed,,0,0,,50,,On,1,0,,76,Auckland,Give way,,,,,1,0,Urban,0,,,Fine,Null
1780680.1488,5916520.4945,857089,,523300,0,0,0,1,0,South,2023/2024,MARAETAI DRIVE,OMANA BEACH ROAD,,Non-Injury Crash,No,2024,0,South,0,0,0,Flat,0,,0,,0,Dark,719500,0,0,0,2,0,0,0,0,0,,0,1,Auckland Region,Nil,2-way,Sealed,0,0,0,0,50,0,Off,0,0,,76,Auckland,Nil,0,0,0,0,0,0,Urban,0,0,0,Fine,Strong wind
1743888.0371,5923990.8684,857092,,513410,0,,1,1,,West,2024/2025,FRED TAYLOR DRIVE,HOBSONVILLE ROAD,,Non-Injury Crash,No,2025,,East,,0,,Flat,,,,,,Bright sun,224000,0,0,0,5,,,0,,,,,,Auckland Region,Nil,1-way,Sealed,,0,0,,50,,Off,0,0,,76,Auckland,Nil,,,,,0,0,Urban,0,,,Fine,Null
1768302.4779,5884857.6083,857093,,521111,0,0,0,1,0,North,2023/2024,PAERATA ROAD,CROWN ROAD,,Minor Crash,Yes,2024,0,South,0,0,0,Flat,0,,0,,0,Overcast,813502,1,0,0,2,0,0,0,0,1,,0,0,Auckland Region,Nil,2-way,Sealed,0,0,0,0,60,0,None,0,0,,76,Auckland,Nil,0,0,0,0,0,0,Urban,1,0,0,Heavy rain,Null
1744444.6723,5922275.7367,857100,,513530,0,,0,0,,South,2024/2025,NORTH-WESTERN MOTORWAY,ROYAL OBR,,Non-Injury Crash,Yes,2024,,South,,0,,Hill Road,,Christmas New Year,,,,Overcast,225807,0,0,0,2,,,0,,,,,,Auckland Region,Motorway ramp,1-way,Sealed,,0,0,,100,,Off,0,0,,76,Auckland,Nil,,,,,0,0,Open,1,,,Fine,Null
1763741.1086,5904560.0303,857101,,524604,0,,1,1,,Null,2023/2024,SOUTH-WESTERN MOTORWAY,PUHINUI ROAD-SH 20B ON RAMP,,Non-Injury Crash,Yes,2023,,North,,0,,Flat,,,,,,Overcast,780902,0,0,0,2,,,0,,,,,,Auckland Region,Motorway ramp,1-way,Sealed,,0,0,,100,,Off,0,0,,76,Auckland,Nil,,,,,0,0,Open,0,,,Fine,Null
1755602.7857,5921383.1497,857109,,515202,0,0,0,1,0,South,2023/2024,NORTHERN MOTORWAY,SHELLY BEACH OBR,,Non-Injury Crash,Yes,2023,0,South,0,0,0,Flat,1,,0,,0,Dark,425600,0,0,0,4,0,0,0,0,0,,0,0,Auckland Region,Nil,1-way,Sealed,0,0,0,0,80,0,On,0,1,,76,Auckland,Nil,0,0,0,0,0,0,Open,0,0,0,Fine,Null
1766372.4872,5917605.1127,857112,,517001,1,,0,1,,Null,2024/2025,ELSTREE AVENUE,SLOANE STREET,,Minor Crash,No,2025,,North,,0,,Hill Road,,,,,,Bright sun,471300,1,0,0,2,,,0,,,,,,Auckland Region,Nil,2-way,Sealed,,0,0,,30,,Off,0,0,,76,Auckland,Give way,,,,,0,0,Urban,0,,,Fine,Null
1744687.8471,5921459.0048,857115,,513631,0,0,0,0,0,North,2022/2023,NORTH-WESTERN MOTORWAY,HURUHURU OBR,,Non-Injury Crash,Yes,2023,0,North,0,0,0,Flat,1,,0,,0,Overcast,227601,0,0,0,2,0,0,0,0,0,,0,0,Auckland Region,Nil,1-way,Sealed,0,0,0,0,100,0,Off,1,0,,76,Auckland,Nil,0,0,0,0,0,0,Open,0,0,0,Fine,Null
1768326.5369,5901975.6535,857116,,525001,0,,0,1,,Null,2024/2025,GREAT SOUTH ROAD,GRANDE VUE ROAD,,Non-Injury Crash,No,2024,,South,,0,,Flat,,,,,,Bright sun,750800,0,0,0,2,,,0,,,,,,Auckland Region,Nil,2-way,Sealed,,0,0,,50,,Null,0,0,,76,Auckland,Stop,,,,,0,0,Urban,1,,,Fine,Null
1743912.9174,5914958.6491,857120,,513020,0,,0,2,,Null,2024/2025,FOREST HILL ROAD,PINE AVENUE,,Non-Injury Crash,No,2025,,East,,0,,Flat,,,,,,Bright sun,281201,0,0,0,2,,,0,,,,,,Auckland Region,Nil,2-way,Sealed,,0,0,,50,,Off,0,0,,76,Auckland,Give way,,,,,0,0,Urban,0,,,Fine,Null
1769891.2814,5899455.4483,857125,,523911,0,,0,2,,South,2022/2023,SOUTHERN MOTORWAY,TAKANINI OFF RAMP,,Non-Injury Crash,Yes,2023,,South,,0,,Flat,,Queens Birthday,,,,Dark,766500,0,0,0,3,,,0,,,,,,Auckland Region,Nil,1-way,Sealed,,0,0,,100,,On,0,0,,76,Auckland,Nil,,,,,0,0,Open,0,,,Fine,Null
1772827.9261,5892243.6032,857127,,521301,0,0,0,0,0,North,2022/2023,SOUTHERN MOTORWAY,BREMNER OBR,,Non-Injury Crash,Yes,2023,0,North,0,0,0,Flat,0,,0,,0,Overcast,808702,0,0,0,2,0,0,0,0,0,,0,1,Auckland Region,Nil,1-way,Sealed,0,0,0,0,100,0,Off,0,0,,76,Auckland,Nil,0,0,0,0,1,0,Open,0,0,0,Light rain,Null
1759382.0954,5910637.1975,857135,,524002,0,,0,1,,North,2023/2024,SOUTH-WESTERN MOTORWAY,MAHUNGA DRIVE OFF RAMP,,Minor Crash,Yes,2023,,South,,0,,Hill Road,,,,,,Dark,722400,1,0,0,4,,,0,,,,,,Auckland Region,Nil,1-way,Sealed,,0,0,,100,,On,1,0,,76,Auckland,Nil,,,,,0,0,Open,0,,,Light rain,Null
1761149.0566,5946474.0105,857136,,505910,0,0,0,1,0,Null,2024/2025,GULF HARBOUR DRIVE,ISLAND VIEW DRIVE,,Non-Injury Crash,No,2025,0,South,0,0,0,Flat,0,,0,,0,Dark,175120,0,0,0,2,0,0,0,0,0,,0,0,Auckland Region,Nil,2-way,Sealed,0,0,0,0,50,0,On,0,0,,76,Auckland,Give way,0,0,0,1,0,0,Urban,0,0,0,Fine,Null
1756962.1657,5919370.4647,857137,,514200,0,0,0,2,0,East,2023/2024,CROSS STREET,UPPER QUEEN STREET,,Non-Injury Crash,No,2024,0,East,0,0,0,Flat,0,,0,,0,Twilight,412200,0,0,0,2,0,0,0,0,1,,0,0,Auckland Region,Nil,2-way,Sealed,0,0,0,0,30,0,On,0,0,10,76,Auckland,Nil,0,0,0,0,0,0,Urban,0,0,0,Fine,Strong wind
1758703.0444,5926115.9627,857144,,508020,0,,0,1,,Null,2024/2025,JUTLAND ROAD,LAKE ROAD,,Non-Injury Crash,No,2024,,North,,0,,Null,,,,,,Bright sun,324000,0,0,0,2,,,0,,,,,,Auckland Region,Nil,2-way,Sealed,,0,0,,50,,Null,0,0,,76,Auckland,Traffic Signals,,,,,0,1,Urban,0,,,Fine,Null
1759918.9951,5907334.4435,857145,,524112,0,,0,2,,North,2024/2025,BADER DRIVE,BADER OBR,,Non-Injury Crash,No,2024,,South,,0,,Flat,,,,,,Dark,737500,0,0,0,2,,,0,,,,,,Auckland Region,Overpass,2-way,Sealed,,0,0,,50,,On,0,0,,76,Auckland,Nil,,,,,0,0,Urban,0,,,Fine,Null
1755643.689,5915968.689,857149,,518301,0,,0,0,,Null,2024/2025,DOMINION ROAD,TENNYSON STREET,,Non-Injury Crash,No,2024,,South,,0,,Flat,,,,,,Bright sun,555500,0,0,0,2,,,0,,,,,,Auckland Region,Nil,2-way,Sealed,,0,0,,50,,Off,0,0,,76,Auckland,Stop,,,,,1,0,Urban,1,,,Fine,Null
1750598.706,5912336.2339,857151,,512100,0,,0,0,,Null,2023/2024,PORTAGE ROAD,GOLF ROAD,,Minor Crash,No,2023,,North,,0,,Flat,,,,,,Overcast,289300,1,1,0,2,,,0,,,,,,Auckland Region,Nil,2-way,Sealed,,0,0,,50,,Off,0,0,,76,Auckland,Give way,,,,,0,0,Urban,0,,,Fine,Null
1772625.6093,5894232.7957,857152,,525530,0,0,0,2,0,North,2024/2025,GREAT SOUTH ROAD,COULTHARD TERRACE,,Non-Injury Crash,No,2024,0,North,0,0,0,Flat,0,,0,,0,Twilight,804500,0,0,0,2,0,0,0,0,1,,0,0,Auckland Region,Nil,2-way,Sealed,0,0,0,0,50,0,Off,0,0,,76,Auckland,Nil,0,0,0,0,0,0,Urban,0,0,0,Heavy rain,Strong wind
1757237.9654,5918990.7712,857153,,514301,0,,0,1,,North,2024/2025,SOUTHERN MOTORWAY,GRAFTON OBR,,Non-Injury Crash,Yes,2024,,South,,0,,Flat,,,,,,Dark,441200,0,0,0,4,,,0,,,,,,Auckland Region,Nil,1-way,Sealed,,0,0,,80,,On,0,0,,76,Auckland,Nil,,,,,0,0,Open,0,,,Fine,Null
1766534.6925,5907249.1581,857155,,523601,0,,0,0,,South,2022/2023,SOUTHERN MOTORWAY,EAST TAMAKI ROAD ON RAMP,,Non-Injury Crash,Yes,2023,,South,,0,,Flat,,,,,,Overcast,709000,0,0,0,3,,,1,,,,,,Auckland Region,Nil,1-way,Sealed,,0,0,,100,,Off,0,0,,76,Auckland,Nil,,,,,2,0,Open,0,,,Light rain,Null
1745592.3291,5920296.9945,857156,,513301,0,,0,0,,Null,2024/2025,CENTRAL PARK DRIVE,SOLJAN DRIVE,,Non-Injury Crash,No,2024,,East,,0,,Flat,,,,,,Bright sun,230301,0,0,0,2,,,0,,,,,,Auckland Region,Nil,2-way,Sealed,,0,0,,50,,Off,0,0,,76,Auckland,Nil,,,,,1,0,Urban,1,,,Fine,Null
1761815.3326,5913995.6466,857157,,520202,0,,0,2,,East,2024/2025,SOUTHERN MOTORWAY,ELLERSLIE-PANMURE HWY OFF RAMP,,Minor Crash,Yes,2024,,North,,0,,Flat,,,,,,Bright sun,612400,1,0,0,3,,,0,,,,,,Auckland Region,Nil,1-way,Sealed,,0,0,,100,,Off,0,0,,76,Auckland,Nil,,,,,0,0,Open,0,,,Fine,Null
1753756.6056,5928501.848,857159,,508310,0,0,0,1,0,Null,2022/2023,CHIVALRY ROAD,GLENFIELD ROAD,,Non-Injury Crash,No,2023,0,West,0,0,0,Hill Road,0,,0,,0,Overcast,199700,0,0,0,4,0,0,0,0,0,,0,0,Auckland Region,Nil,2-way,Sealed,0,0,0,0,50,0,Off,0,0,,76,Auckland,Traffic Signals,1,1,0,0,0,0,Urban,0,0,0,Fine,Null
1756161.9335,5924029.6927,857160,,509800,0,,0,3,,North,2024/2025,NORTHERN MOTORWAY,WEIGH BRIDGE,,Non-Injury Crash,Yes,2024,,South,,0,,Flat,,,,,,Twilight,361100,0,0,0,5,,,0,,,,,,Auckland Region,Nil,1-way,Sealed,,0,0,,80,,On,0,0,,76,Auckland,Nil,,,,,0,0,Open,1,,,Light rain,Null
1758227.5741,5913400.1756,857161,,519710,0,,0,2,,Null,2022/2023,MANUKAU ROAD,MOUNT SMART ROAD,,Non-Injury Crash,No,2023,,North,,0,,Flat,,,,,,Bright sun,596300,0,0,0,2,,,0,,,,,,Auckland Region,Nil,1-way,Sealed,,0,0,,50,,Off,0,0,,76,Auckland,Give way,,,,,0,0,Urban,0,,,Fine,Null
1763771.1602,5913180.8482,857168,,520402,0,,0,2,,North,2024/2025,MOUNT WELLINGTON HIGHWAY,LONGFORD STREET,,Non-Injury Crash,No,2024,,South,,0,,Flat,,,,,,Overcast,641501,0,0,0,5,,,0,,,,,,Auckland Region,Nil,2-way,Sealed,,0,0,,50,,Null,1,0,,76,Auckland,Nil,,,,,0,0,Urban,0,,,Fine,Null
1743514.5545,5918997.6272,857176,,513213,0,0,0,1,0,South,2025/2026,METCALFE ROAD,RISERRA DRIVE,,Non-Injury Crash,No,2026,0,South,0,0,0,Flat,0,,0,,0,Dark,236004,0,0,0,2,0,0,0,0,0,,0,1,Auckland Region,Nil,2-way,Sealed,0,0,0,0,50,0,On,0,0,,76,Auckland,Nil,0,0,0,0,0,0,Urban,0,0,0,Fine,Null
1755720.0299,5921206.7694,857181,,515202,0,,0,1,,West,2023/2024,NORTHERN MOTORWAY,FANSHAWE STREET OFF RAMP,,Non-Injury Crash,Yes,2023,,South,,0,,Flat,,,,,,Overcast,425600,0,0,0,4,,,0,,,,,,Auckland Region,Motorway ramp,1-way,Sealed,,0,0,,80,,On,0,0,50,76,Auckland,Nil,,,,,0,0,Open,1,,,Fine,Null
1748977.1562,5950002.2223,857188,,506202,0,,0,1,,North,2025/2026,NORTHERN GATEWAY TOLL ROAD,OREWA OFF RAMP,,Non-Injury Crash,Yes,2025,,South,,0,,Flat,,,,,,Bright sun,176411,0,0,0,2,,,0,,,,,,Auckland Region,Nil,1-way,Sealed,,0,0,,100,,On,1,0,,76,Auckland,Nil,,,,,0,1,Open,0,,,Fine,Null
1768871.8225,5909736.2387,857189,,523113,0,,0,0,,West,2023/2024,SMALES ROAD,SIR WILLIAM AVENUE,,Minor Crash,No,2023,,West,,0,,Flat,,,,,,Overcast,711703,1,1,0,2,,,0,,,,,,Auckland Region,Nil,2-way,Sealed,,0,0,,60,,Off,1,0,,76,Auckland,Nil,,,,,0,0,Urban,0,,,Fine,Null
1764506.2434,5918141.3216,857199,,517001,0,,0,2,,Null,2022/2023,ST HELIERS BAY ROAD,ST JOHNS ROAD,,Non-Injury Crash,No,2023,,West,,0,,Flat,,Christmas New Year,,,,Dark,463800,0,0,0,1,,,0,,,,,,Auckland Region,Speed hump,1-way,Sealed,,0,0,,50,,On,0,0,,76,Auckland,Give way,,,,,0,0,Urban,0,,,Fine,Null
1747726.2079,5913486.2794,857200,,511100,0,,0,2,,Null,2025/2026,WEST COAST ROAD,PLEASANT ROAD,,Serious Crash,No,2025,,West,,0,,Hill Road,,,,,,Bright sun,286100,1,0,0,2,,,0,,,,,,Auckland Region,Nil,2-way,Sealed,,0,1,,50,,Off,0,0,,76,Auckland,Stop,,,,,0,0,Urban,0,,,Fine,Null
1758966.2373,5904610.4332,857203,,524200,0,0,1,1,0,Null,2023/2024,GEORGE BOLT MEMORIAL DRIVE,VERISSIMO DRIVE,,Minor Crash,No,2023,0,South,0,0,0,Flat,0,,0,,0,Bright sun,727800,2,0,0,2,0,0,0,0,0,1,0,0,Auckland Region,Nil,1-way,Sealed,0,0,0,0,60,0,Off,0,0,,76,Auckland,Give way,0,0,0,1,0,0,Urban,0,0,0,Fine,Null
1757820.5152,5918157.9516,857205,,515700,0,,0,2,,North,2024/2025,SOUTHERN MOTORWAY,MAUNGAWHAU OBR,,Minor Crash,Yes,2024,,North,,0,,Flat,,,,,,Bright sun,443600,1,0,0,4,,,0,,,,,,Auckland Region,Nil,1-way,Sealed,,0,0,,80,,Off,1,1,,76,Auckland,Nil,,,,,0,0,Open,0,,,Fine,Null
1763857.9773,5914359.2208,857207,,520303,0,0,0,2,0,South,2022/2023,BERTRAND ROAD,MALONE ROAD,,Non-Injury Crash,No,2023,0,South,0,0,0,Flat,0,,0,,0,Bright sun,627101,0,0,0,2,0,0,0,0,1,,0,0,Auckland Region,Nil,2-way,Sealed,0,0,0,0,50,0,Off,0,0,,76,Auckland,Nil,0,0,0,0,0,0,Urban,0,0,0,Fine,Null
1745265.8756,5914027.8954,857208,,512904,0,0,0,1,0,West,2025/2026,WEST COAST ROAD,SELAK PLACE,,Non-Injury Crash,No,2025,0,West,0,0,0,Flat,0,,0,,0,Overcast,278203,0,0,0,2,0,0,0,0,0,,0,0,Auckland Region,Nil,2-way,Sealed,0,0,0,0,50,0,Off,0,0,,76,Auckland,Nil,1,0,0,0,0,0,Urban,0,0,0,Fine,Null
1759896.5105,5908632.4591,857209,,524403,0,0,0,3,0,South,2023/2024,SOUTH-WESTERN MOTORWAY,WALMSLEY OBR,,Non-Injury Crash,Yes,2024,1,South,0,0,0,Flat,1,,0,,0,Dark,729800,0,0,0,2,0,0,0,0,0,,0,0,Auckland Region,Nil,1-way,Sealed,0,0,0,0,100,0,On,1,0,,76,Auckland,Nil,0,0,0,0,0,0,Open,0,0,0,Light rain,Null
1747146.7769,5919345.0799,857211,,512402,0,,0,2,,South,2023/2024,TE ATATU ROAD,COVIL AVENUE,,Minor Crash,No,2023,,South,,0,,Flat,,,,,,Overcast,254000,2,0,0,4,,,0,,,,,,Auckland Region,Nil,2-way,Sealed,,0,0,,50,,Off,0,0,,76,Auckland,Nil,,,,,0,0,Urban,0,,,Light rain,Null
1756149.5833,5923971.8467,857219,,509800,0,,0,1,,South,2022/2023,NORTHERN MOTORWAY,WEIGH BRIDGE,,Non-Injury Crash,Yes,2023,,South,,0,,Flat,,,,,,Dark,361200,0,0,0,5,,,0,,,,,,Auckland Region,Nil,1-way,Sealed,,0,0,,80,,On,0,0,,76,Auckland,Nil,,,,,0,0,Open,1,,,Fine,Null
1755041.1725,5930267.0713,857221,,508520,0,,0,3,,North,2023/2024,NORTHERN MOTORWAY,SUNNYNOOK OBR,,Minor Crash,Yes,2024,,South,,0,,Flat,,,,,,Dark,192700,2,0,0,2,,,0,,,,,,Auckland Region,Motorway ramp,1-way,Sealed,,0,0,,100,,On,0,0,,76,Auckland,Nil,,,,,0,0,Open,0,,,Fine,Null
1765292.1415,5907371.5113,857224,,522301,0,,0,2,,South,2024/2025,GREAT SOUTH ROAD,KAUTAMI AVENUE,,Non-Injury Crash,No,2025,,South,,0,,Flat,,,,,,Twilight,666100,0,0,0,2,,,0,,,,,,Auckland Region,Nil,2-way,Sealed,,0,0,,50,,On,0,0,,76,Auckland,Nil,,,,,0,0,Urban,0,,,Fine,Null
1748888.6405,5915203.0593,857232,,511700,0,0,0,1,0,East,2024/2025,BEAUBANK ROAD,KELWYN ROAD,,Non-Injury Crash,No,2025,0,South,0,0,0,Flat,0,,0,,0,Bright sun,269700,0,0,0,2,0,0,0,0,1,,0,0,Auckland Region,Nil,2-way,Sealed,0,0,0,0,50,0,Off,0,0,,76,Auckland,Nil,0,0,0,0,0,0,Urban,1,0,0,Fine,Null
1757309.1021,5920216.9965,857235,,514102,0,,0,1,,Null,2023/2024,WELLESLEY STREET WEST,QUEEN STREET,,Minor Crash,No,2023,,East,,0,,Hill Road,,,,,,Overcast,434000,1,0,0,4,,,0,,,1,,,Auckland Region,Nil,2-way,Sealed,,0,0,,30,,Off,0,0,,76,Auckland,Traffic Signals,,,,,0,0,Urban,0,,,Fine,Null
1772199.5054,5897746.242,857239,,523912,0,,0,0,,Null,2023/2024,PORCHESTER ROAD,RUSSELL AVENUE,,Serious Crash,No,2023,,West,,0,,Flat,,,,,,Overcast,765900,0,0,0,2,,,0,,,1,,,Auckland Region,Nil,2-way,Sealed,,0,1,,50,,Off,0,0,,76,Auckland,Stop,,,,,0,0,Urban,1,,,Fine,Null
1754821.0897,5914167.2326,857244,,518803,0,0,0,2,0,South,2024/2025,MAY ROAD,MEMORIAL AVENUE,,Non-Injury Crash,No,2025,0,South,0,0,0,Flat,0,,0,,0,Bright sun,580200,0,0,0,2,0,0,0,0,1,,0,0,Auckland Region,Nil,2-way,Sealed,0,0,0,0,50,0,Off,0,0,,76,Auckland,Nil,0,0,0,0,0,0,Urban,1,0,0,Fine,Null
1757808.9085,5918168.9522,857247,,515700,0,,0,1,,South,2022/2023,SOUTHERN MOTORWAY,MOUNTAIN OBR,,Non-Injury Crash,Yes,2023,,North,,0,,Flat,,,,,,Bright sun,443600,0,0,0,5,,,0,,,,,,Auckland Region,Nil,1-way,Sealed,,0,0,,80,,Off,1,0,,76,Auckland,Nil,,,,,0,0,Open,0,,,Fine,Null
1771104.0319,5895155.8022,857248,,521201,0,,0,2,,West,2024/2025,HINGAIA ROAD,HARBOURSIDE DRIVE,,Minor Crash,No,2025,,East,,0,,Flat,,,,,,Bright sun,806604,1,0,0,4,,,0,,,,,,Auckland Region,Nil,2-way,Sealed,,0,0,,50,,Off,1,0,,76,Auckland,Nil,,,,,0,0,Urban,0,,,Fine,Null
1756260.6769,5927493.1819,857253,,507900,0,,0,1,,South,2022/2023,NORTHERN MOTORWAY,NORTHCOTE ROAD OFF RAMP,,Non-Injury Crash,Yes,2023,,South,,0,,Flat,,,,,,Overcast,305202,0,0,0,3,,,0,,,,,,Auckland Region,Nil,1-way,Sealed,,0,0,,100,,On,0,0,,76,Auckland,Nil,,,,,0,0,Open,1,,,Heavy rain,Null
1756810.9932,5919137.0394,857260,,514200,0,,0,1,,West,2023/2024,IAN MCKINNON DRIVE,UPPER QUEEN STREET,,Fatal Crash,No,2024,,West,,1,,Hill Road,,,,,,Dark,412900,0,1,0,3,,,0,,,,,,Auckland Region,Nil,2-way,Sealed,,0,0,,60,,None,0,0,,76,Auckland,Nil,,,,,0,0,Urban,0,,,Fine,Null
1764837.1397,5903389.9177,857264,,524604,0,0,0,0,0,North,2024/2025,ROSCOMMON ROAD,VOGLER DRIVE,,Serious Crash,No,2024,0,North,0,0,0,Flat,0,,0,,0,Bright sun,781200,0,0,1,2,0,0,0,0,0,,0,0,Auckland Region,Nil,1-way,Sealed,0,0,1,0,50,0,Null,0,0,,76,Auckland,Nil,1,0,0,0,0,0,Urban,1,0,0,Fine,Null
1752532.5281,5933309.0411,857268,,508701,0,,0,0,,Null,2023/2024,ALBANY EXPRESSWAY,MERCARI WAY,,Non-Injury Crash,No,2024,,West,,0,,Flat,,,,,,Bright sun,178900,0,0,0,2,,,0,,,,,,Auckland Region,Nil,1-way,Sealed,,0,0,,80,,Off,2,0,,76,Auckland,Traffic Signals,,,,,0,0,Open,0,,,Fine,Null
1768142.3534,5914577.4518,857278,,522810,0,0,0,1,0,South,2023/2024,GLENMORE ROAD,WHITEACRES DRIVE,,Minor Crash,No,2023,0,North,0,0,0,Hill Road,0,,0,,0,Overcast,692900,1,0,0,2,0,0,0,0,0,,0,0,Auckland Region,Nil,2-way,Sealed,0,0,0,0,50,0,Off,0,0,,76,Auckland,Nil,0,0,0,1,0,0,Urban,0,0,0,Heavy rain,Null
1753905.8271,5874639.256,857279,,526105,0,,0,0,,North,2024/2025,HULL ROAD,GLEAMING PLACE,,Non-Injury Crash,No,2024,,South,,0,,Flat,,,,,,Bright sun,835504,0,0,0,2,,,0,,,,,,Auckland Region,Nil,2-way,Sealed,,0,0,,50,,Null,0,0,,76,Auckland,Nil,,,,,0,0,Urban,2,,,Fine,Null
1744903.3743,5919795.6626,857291,,513301,0,,0,1,,East,2023/2024,UNIVERSAL DRIVE,PENFOLD PLACE,,Minor Crash,No,2024,,West,,0,,Flat,,,,,,Dark,234403,1,0,0,2,,,0,,,1,,,Auckland Region,Nil,2-way,Sealed,,0,0,,50,,On,0,0,,76,Auckland,Nil,,,,,0,0,Urban,0,,,Fine,Null
1751721.2976,5924956.1684,857299,,510020,0,0,0,1,0,South,2025/2026,RANGATIRA ROAD,ISLAND BAY ROAD,,Minor Crash,No,2025,0,East,0,0,0,Flat,0,,0,,0,Overcast,346600,1,0,0,2,0,0,0,0,1,,0,0,Auckland Region,Nil,2-way,Sealed,0,0,0,0,50,0,Off,1,0,,76,Auckland,Nil,0,0,0,0,0,0,Urban,0,0,0,Fine,Null
1767799.1667,5902271.435,857302,,525001,0,,0,2,,East,2022/2023,BROWNS ROAD,STURDEE ROAD,,Non-Injury Crash,No,2023,,East,,0,,Flat,,Christmas New Year,,,,Overcast,750200,0,0,0,2,,,0,,,,,,Auckland Region,Nil,2-way,Sealed,,0,0,,50,,Off,0,0,,76,Auckland,Nil,,,,,0,0,Urban,0,,,Fine,Null
1764571.7732,5905942.7094,857306,,524303,0,0,0,1,0,North,2023/2024,STATION ROAD,HILLCREST ROAD,,Minor Crash,No,2023,0,South,0,0,0,Flat,0,,0,,1,Twilight,657602,1,0,0,2,0,0,0,0,0,,0,0,Auckland Region,Nil,2-way,Sealed,0,0,0,0,50,0,On,0,0,,76,Auckland,Nil,0,1,0,0,0,0,Urban,0,0,0,Mist or Fog,Null
1733203.9712,5947012.3114,857310,,506647,0,,0,3,,North,2022/2023,KAIPARA COAST HIGHWAY,NORTH CRESCENT,,Non-Injury Crash,Yes,2023,,South,,0,,Flat,,Easter,,,,Dark,212505,0,0,0,2,,,0,,,,,,Auckland Region,Nil,2-way,Sealed,,0,0,,50,,On,0,0,,76,Auckland,Nil,,,,,0,0,Urban,0,,,Heavy rain,Null