X,Y,OBJECTID,advisorySpeed,areaUnitID,bicycle,bridge,bus,carStationWagon,cliffBank,crashDirectionDescription,crashFinancialYear,crashLocation1,crashLocation2,crashRoadSideRoad,crashSeverity,crashSHDescription,crashYear,debris,directionRoleDescription,ditch,fatalCount,fence,flatHill,guardRail,holiday,houseOrBuilding,intersection,kerb,light,meshblockId,minorInjuryCount,moped,motorcycle,NumberOfLanes,objectThrownOrDropped,otherObject,otherVehicleType,overBank,parkedVehicle,pedestrian,phoneBoxEtc,postOrPole,region,roadCharacter,roadLane,roadSurface,roadworks,schoolBus,seriousInjuryCount,slipOrFlood,speedLimit,strayAnimal,streetLight,suv,taxi,temporarySpeedLimit,tlaId,tlaName,trafficControl,trafficIsland,trafficSign,train,tree,truck,unknownVehicleType,urban,vanOrUtility,vehicle,waterRiver,weatherA,weatherB
1767805.2452,5913609.5367,857312,,522910,0,,0,2,,North,2023/2024,PAKURANGA ROAD,JOHNS LANE,,Minor Crash,No,2023,,South,,0,,Flat,,,,,,Bright sun,685500,1,0,0,3,,,0,,,,,,Auckland Region,Nil,1-way,Sealed,,0,0,,50,,Off,0,0,,76,Auckland,Nil,,,,,0,0,Urban,1,,,Fine,Null
1772130.6106,5893894.7511,857314,,525530,0,0,0,1,0,North,2022/2023,SOUTHERN MOTORWAY,SERVICE CENTRE OFF SBD,,Minor Crash,Yes,2023,0,South,0,0,0,Flat,1,,0,,0,Twilight,808602,2,0,0,2,0,0,0,0,0,,0,0,Auckland Region,Motorway ramp,2-way,Sealed,0,0,0,0,100,0,On,0,0,90,76,Auckland,Nil,0,0,0,0,1,0,Open,0,0,0,Fine,Null
1751677.9039,5927313.8063,857316,,510210,0,0,0,1,0,East,2022/2023,BEACH HAVEN ROAD,KAHIKA ROAD,,Non-Injury Crash,No,2023,0,West,0,0,0,Hill Road,0,,0,,1,Dark,346701,0,0,0,2,0,0,0,0,0,,0,0,Auckland Region,Nil,2-way,Sealed,0,0,0,0,50,0,On,0,0,,76,Auckland,Nil,1,0,0,1,0,0,Urban,0,0,0,Fine,Null
1770244.3013,5905759.948,857320,,523712,0,,0,1,,Null,2022/2023,CHARLESTOWN DRIVE,CASTLEBANE DRIVE,,Non-Injury Crash,No,2023,,North,,0,,Null,,,,,,Unknown,713300,0,0,0,2,,,0,,,,,,Auckland Region,Nil,2-way,Sealed,,0,0,,50,,Null,0,0,,76,Auckland,Give way,,,,,0,1,Urban,0,,,Null,Null
1764767.0758,5916236.9439,857326,,520301,0,0,0,3,0,Null,2022/2023,ELIZABETH KNOX PLACE,ERIC PATON WAY,,Non-Injury Crash,No,2023,0,West,0,0,0,Flat,0,,0,,0,Bright sun,465302,0,0,0,2,0,0,0,0,1,,0,0,Auckland Region,Nil,2-way,Sealed,0,0,0,0,50,0,Off,0,0,,76,Auckland,Give way,0,0,0,0,0,0,Urban,0,0,0,Fine,Null
1757498.7433,5918662.1406,857328,,514302,0,,0,2,,North,2023/2024,SOUTHERN MOTORWAY,KHYBER PASS OBR,,Non-Injury Crash,Yes,2023,,North,,0,,Flat,,,,,,Bright sun,442500,0,0,0,4,,,0,,,,,,Auckland Region,Nil,1-way,Sealed,,0,0,,80,,Off,0,0,,76,Auckland,Nil,,,,,0,0,Open,1,,,Fine,Null
1769989.6545,5905501.5352,857331,,523712,0,0,0,2,0,East,2024/2025,TIR CONAILL AVENUE,GREENAN DRIVE,,Non-Injury Crash,No,2024,0,East,0,0,0,Flat,0,,0,,0,Overcast,713211,0,0,0,2,0,0,0,0,1,,0,0,Auckland Region,Nil,2-way,Sealed,0,0,0,0,50,0,Off,0,0,,76,Auckland,Nil,0,0,0,0,0,0,Urban,0,0,0,Fine,Null
1770454.8086,5904579.7451,857344,,523820,0,,0,1,,Null,2022/2023,REDOUBT ROAD,MURPHYS ROAD,,Minor Crash,No,2023,,East,,0,,Flat,,,,,,Dark,760000,1,0,0,2,,,0,,,,,,Auckland Region,Nil,2-way,Sealed,,0,0,,60,,On,0,0,50,76,Auckland,Give way,,,,,1,0,Urban,0,,,Fine,Null
1757955.3312,5927157.1098,857347,,508010,0,,0,2,,West,2024/2025,COMO STREET,LAKE ROAD,,Non-Injury Crash,No,2025,,Null,,0,,Null,,,,,,Unknown,327800,0,0,0,0,,,0,,,,,,Auckland Region,Nil,Null,Sealed,,0,0,,,,On,0,0,,76,Auckland,Nil,,,,,0,0,Urban,0,,,Fine,Null
1756775.2079,5925006.0196,857348,,509702,0,,0,1,,South,2023/2024,NORTHERN MOTORWAY,EXMOUTH FTBR,,Minor Crash,Yes,2023,,North,,0,,Flat,,,,,,Overcast,366602,1,0,0,4,,,0,,,,,,Auckland Region,Motorway ramp,1-way,Sealed,,0,0,,100,,Off,0,0,,76,Auckland,Nil,,,,,1,0,Open,0,,,Fine,Null
1763593.8374,5906074.9818,857351,,524303,0,0,0,2,0,North,2024/2025,PARK AVENUE,LENDENFELD DRIVE,,Non-Injury Crash,No,2025,0,South,0,0,0,Flat,0,,0,,0,Dark,655900,0,0,0,2,0,0,0,0,1,,0,0,Auckland Region,Nil,2-way,Sealed,0,0,0,0,50,0,Null,0,0,,76,Auckland,Nil,0,0,0,0,0,0,Urban,0,0,0,Fine,Null
1774331.1245,5897353.3389,857367,,525610,0,0,0,1,0,West,2024/2025,CLEVEDON ROAD,VALENTINE STREET,,Non-Injury Crash,No,2024,0,East,0,0,1,Flat,0,,0,,0,Dark,796300,0,0,0,2,0,0,0,0,0,,0,1,Auckland Region,Nil,2-way,Sealed,0,0,0,0,50,0,On,0,0,,76,Auckland,Nil,0,0,0,1,0,0,Urban,0,0,0,Fine,Null
1743466.2673,5917159.8763,857371,,513220,0,,0,2,,South,2024/2025,HIGHFIELDS TERRACE,CHESTERTON TERRACE,,Non-Injury Crash,No,2024,,South,,0,,Hill Road,,,,,,Dark,236812,0,0,0,2,,,0,,,,,,Auckland Region,Nil,2-way,Sealed,,0,0,,50,,On,0,0,,76,Auckland,Nil,,,,,0,0,Urban,0,,,Fine,Null
1768749.6566,5902877.2558,857375,,523820,0,,0,1,,North,2024/2025,SOUTHERN MOTORWAY,ORAMS OBR,,Non-Injury Crash,Yes,2024,,South,,0,,Flat,,,,,,Dark,760122,0,0,0,4,,,0,,,,,,Auckland Region,Nil,1-way,Sealed,,0,0,,100,,On,1,0,,76,Auckland,Nil,,,,,0,0,Open,0,,,Fine,Null
1760081.2014,5915569.3934,857380,,519400,0,0,0,1,0,Null,2023/2024,GREAT SOUTH ROAD,ATARANGI ROAD,,Non-Injury Crash,No,2024,0,South,0,0,0,Flat,0,,0,,0,Dark,617000,0,0,0,4,0,0,0,0,0,,0,0,Auckland Region,Nil,2-way,Sealed,0,0,0,0,50,0,On,0,0,,76,Auckland,Give way,0,0,0,1,0,0,Urban,0,0,0,Fine,Null
1758722.4483,5919692.1166,857388,,515902,1,,0,0,,South,2023/2024,PARNELL ROAD,GIBRALTAR CRESCENT,,Serious Crash,No,2024,,North,,0,,Flat,,,,,,Bright sun,452800,0,0,0,2,,,0,,,1,,,Auckland Region,Nil,2-way,Sealed,,0,1,,50,,Off,0,0,,76,Auckland,Nil,,,,,0,0,Urban,1,,,Fine,Null
1747185.0648,5920191.7058,857395,,512300,0,,0,1,,Null,2025/2026,TE ATATU ROAD,OLD TE ATATU ROAD,,Minor Crash,No,2025,,North,,0,,Flat,,,,,,Bright sun,252000,1,0,0,2,,,0,,,,,,Auckland Region,Nil,2-way,Sealed,,0,0,,50,,Null,0,0,,76,Auckland,Give way,,,,,0,0,Urban,1,,,Null,Null
1753246.239,5912748.075,857396,,518901,0,0,0,1,0,Null,2024/2025,WHITE SWAN ROAD,KIMBER HALL AVENUE,,Minor Crash,No,2024,0,North,0,0,1,Hill Road,0,,0,,0,Dark,585800,2,0,0,2,0,0,0,0,0,,0,0,Auckland Region,Nil,2-way,Sealed,0,0,0,0,50,0,On,0,0,,76,Auckland,Stop,0,1,0,0,0,0,Urban,0,0,0,Fine,Null
1746139.2398,5925971.7291,857398,,513431,0,0,0,1,0,Null,2023/2024,BRIGHAM CREEK ROAD,BRIGHAM CREEK ROAD ON RAMP,,Non-Injury Crash,No,2023,0,West,0,0,1,Flat,0,,0,,1,Twilight,223802,0,0,0,2,0,0,0,0,0,,0,1,Auckland Region,Motorway ramp,1-way,Sealed,0,0,0,0,50,0,On,0,0,,76,Auckland,Give way,0,0,0,0,0,0,Urban,0,0,0,Fine,Null
1754589.3674,5913722.7992,857401,,518803,0,,0,0,,Null,2023/2024,SOUTH-WESTERN MOTORWAY,DOMINION ROAD OFF RAMP,,Serious Crash,Yes,2024,,East,,0,,Flat,,,,,,Twilight,581700,0,0,1,3,,,0,,,,,,Auckland Region,Motorway ramp,1-way,Sealed,,0,1,,100,,On,0,0,,76,Auckland,Nil,,,,,1,0,Open,1,,,Fine,Null
1754742.717,5913652.5838,857407,,518803,0,0,0,1,0,East,2023/2024,SOUTH-WESTERN MOTORWAY,DOMINION ROAD OFF RAMP,,Minor Crash,Yes,2024,0,North,0,0,0,Flat,1,,0,,0,Dark,581700,1,0,0,3,0,0,0,0,0,,0,0,Auckland Region,Nil,1-way,Sealed,0,0,0,0,100,0,On,0,0,,76,Auckland,Nil,0,0,0,0,0,0,Open,0,0,0,Light rain,Null
1756921.2663,5919445.8037,857409,,514200,0,0,0,2,0,West,2022/2023,KARANGAHAPE ROAD,UPPER QUEEN STREET,,Non-Injury Crash,No,2023,0,West,0,0,0,Flat,0,,0,,0,Dark,412200,0,0,0,4,0,0,0,0,1,,0,0,Auckland Region,Nil,2-way,Sealed,0,0,0,0,30,0,On,0,0,,76,Auckland,Isolated Pedestrian signal (non-intersection),0,0,0,0,0,0,Urban,0,0,0,Fine,Null
1747528.8231,5911208.0711,857410,,511901,0,0,0,2,0,East,2024/2025,WOODFERN CRESCENT,ATKINSON ROAD,,Non-Injury Crash,No,2025,0,East,0,0,0,Hill Road,0,,0,,0,Dark,294101,0,0,0,2,0,0,0,0,1,,0,0,Auckland Region,Nil,2-way,Sealed,0,0,0,0,50,0,On,0,0,,76,Auckland,Nil,0,0,0,0,0,0,Urban,0,0,0,Light rain,Null
1756052.3593,5918670.9977,857415,,515500,0,,0,1,,East,2024/2025,NORTH-WESTERN MOTORWAY,NEWTON ROAD OFF RAMP,,Minor Crash,Yes,2024,,North,,0,,Flat,,,,,,Overcast,418700,1,0,0,4,,,0,,,,,,Auckland Region,Nil,1-way,Sealed,,0,0,,80,,Off,1,0,,76,Auckland,Nil,,,,,0,0,Open,0,,,Fine,Null
1765832.7371,5903775.3673,857421,,524604,0,0,0,1,0,West,2023/2024,SOUTH-WESTERN MOTORWAY,PLUNKET AVENUE,,Non-Injury Crash,Yes,2023,0,East,0,0,0,Flat,1,,0,,0,Overcast,780208,0,0,0,2,0,0,0,0,0,,0,0,Auckland Region,Nil,1-way,Sealed,0,0,0,0,100,0,Off,0,0,,76,Auckland,Nil,0,0,0,0,0,0,Open,0,0,0,Fine,Null
1740711.3328,5923945.3814,857442,,513701,0,0,0,0,0,North,2024/2025,NIXON ROAD,HENWOOD ROAD,,Non-Injury Crash,No,2024,0,North,1,0,0,Hill Road,0,,0,,0,Bright sun,229400,0,0,0,2,0,0,0,0,0,,0,0,Auckland Region,Nil,2-way,Sealed,0,0,0,0,60,0,None,0,0,,76,Auckland,Nil,0,0,0,0,0,0,Urban,1,0,0,Fine,Null
1759130.7855,5916827.9299,857446,,516001,0,,0,1,,North,2025/2026,SOUTHERN MOTORWAY,MARKET OBR,,Minor Crash,Yes,2025,,North,,0,,Flat,,,,,,Dark,491200,1,0,0,3,,,0,,,,,,Auckland Region,Nil,1-way,Sealed,,0,0,,80,,On,0,0,,76,Auckland,Nil,,,,,0,0,Open,1,,,Light rain,Null
1756585.4848,5920780.3903,857447,,514101,0,,0,2,,Null,2023/2024,FANSHAWE STREET,HALSEY STREET,,Non-Injury Crash,No,2024,,East,,0,,Flat,,,,,,Dark,432400,0,0,0,4,,,0,,,,,,Auckland Region,Nil,1-way,Sealed,,0,0,,40,,On,0,0,,76,Auckland,Traffic Signals,,,,,0,0,Urban,0,,,Fine,Null
1746637.5091,5926022.2881,857450,,513432,0,,0,1,,Null,2024/2025,HOBSONVILLE ROAD,BRIGHAM CREEK ROAD,,Non-Injury Crash,No,2025,,East,,0,,Flat,,,,,,Bright sun,223005,0,0,0,2,,,0,,,,,,Auckland Region,Nil,2-way,Sealed,,0,0,,50,,Off,0,0,,76,Auckland,Stop,,,,,0,0,Urban,1,,,Fine,Null
1771471.0133,5907570.7702,857453,,523713,0,0,0,2,0,Null,2023/2024,MURPHYS ROAD,BIRCHLANDS ROAD,,Serious Crash,No,2024,0,North,0,0,1,Flat,0,,0,,1,Dark,712402,0,0,0,2,0,0,0,0,0,,0,0,Auckland Region,Nil,2-way,Sealed,0,0,1,0,50,0,On,0,0,20,76,Auckland,Give way,0,0,0,0,0,0,Urban,0,0,0,Fine,Null
1751583.7726,5914196.631,857454,,514402,0,,0,1,,Null,2024/2025,TIVERTON ROAD,BLOCKHOUSE BAY ROAD,,Non-Injury Crash,No,2025,,East,,0,,Flat,,,,,,Bright sun,379403,0,0,0,2,,,0,,,,,,Auckland Region,Nil,2-way,Sealed,,0,0,,40,,On,1,0,,76,Auckland,Traffic Signals,,,,,0,0,Urban,0,,,Fine,None
1749538.1831,5914143.2802,857455,,511302,0,,0,1,,Null,2024/2025,RATA STREET,RIMU STREET,,Minor Crash,No,2024,,North,,0,,Flat,,,,,,Bright sun,268800,1,0,0,4,,,0,,,,,,Auckland Region,Nil,2-way,Sealed,,0,0,,50,,Off,0,0,,76,Auckland,Traffic Signals,,,,,0,0,Urban,1,,,Fine,Null
1768582.6596,5900702.2031,857461,,525001,0,,0,2,,Null,2023/2024,WEYMOUTH ROAD,ROGERS ROAD,,Non-Injury Crash,No,2023,,East,,0,,Flat,,,,,,Dark,752100,0,0,0,2,,,0,,,,,,Auckland Region,Nil,2-way,Sealed,,0,0,,50,,On,0,0,40,76,Auckland,Give way,,,,,0,0,Urban,0,,,Light rain,Null
1757688.385,5918281.2894,857466,,518101,0,,0,3,,South,2024/2025,SOUTHERN MOTORWAY,KHYBER PASS ROAD OFF RAMP,,Non-Injury Crash,Yes,2024,,North,,0,,Flat,,,,,,Overcast,543000,0,0,0,4,,,0,,,,,,Auckland Region,Nil,1-way,Sealed,,0,0,,80,,Off,0,0,,76,Auckland,Nil,,,,,0,0,Open,0,,,Fine,Null
1745212.3583,5921884.9209,857478,,513530,0,0,0,3,0,South,2024/2025,COLWILL ROAD,SARI PLACE,,Non-Injury Crash,No,2025,0,East,0,0,0,Flat,0,,0,,0,Dark,226103,0,0,0,2,0,0,0,0,1,,0,0,Auckland Region,Nil,2-way,Sealed,0,0,0,0,50,0,On,0,0,,76,Auckland,Nil,0,0,0,0,0,0,Urban,0,0,0,Fine,Null
1753468.2837,5932910.0431,857479,,508804,0,,0,0,,North,2023/2024,GREVILLE ROAD ON RAMP,NORTHERN MOTORWAY,,Minor Crash,Yes,2024,,South,,0,,Flat,,,,,,Bright sun,180701,1,0,1,3,,,0,,,,,,Auckland Region,Motorway ramp,1-way,Sealed,,0,0,,100,,Off,0,0,,76,Auckland,Nil,,,,,1,0,Open,1,,,Fine,Null
1767809.5472,5912201.6945,857481,,523000,0,0,0,2,0,West,2023/2024,RIVERHILLS AVENUE,ROTOITI AVENUE,,Minor Crash,No,2024,0,East,0,0,0,Hill Road,0,,0,,0,Overcast,688101,1,0,0,2,0,0,0,0,1,,0,0,Auckland Region,Nil,2-way,Sealed,0,0,0,0,50,0,Off,0,0,,76,Auckland,Nil,0,0,0,0,0,0,Urban,0,0,0,Light rain,Null
1754966.4878,5935012.8912,857483,,507102,0,0,0,2,0,South,2023/2024,GLENCOE ROAD,JOHN DOWNS DRIVE,,Non-Injury Crash,No,2024,0,North,0,0,1,Hill Road,0,,0,,0,Overcast,158600,0,0,0,2,0,0,0,0,1,,0,0,Auckland Region,Nil,2-way,Sealed,0,0,0,0,50,0,Off,0,0,30,76,Auckland,Nil,0,0,0,1,0,0,Urban,0,0,0,Light rain,Null
1757366.6828,5906443.0765,857487,,524200,0,0,0,1,0,West,2023/2024,ORUARANGI ROAD,MONTGOMERIE ROAD,,Non-Injury Crash,No,2024,0,West,0,0,0,Flat,0,,0,,0,Overcast,726500,0,0,0,2,0,0,0,0,0,,0,1,Auckland Region,Nil,2-way,Sealed,0,0,0,0,100,0,Off,0,0,,76,Auckland,Nil,0,0,0,0,0,0,Open,0,0,0,Fine,Null
1766537.3871,5913273.3494,857489,,522910,0,,0,1,,Null,2023/2024,PAKURANGA ROAD,TI RAKAU DRIVE,,Non-Injury Crash,No,2023,,West,,0,,Flat,,,,,,Dark,684000,0,0,0,3,,,0,,,,,,Auckland Region,Nil,2-way,Sealed,,0,0,,60,,On,0,0,,76,Auckland,Traffic Signals,,,,,0,0,Urban,1,,,Fine,Null
1754248.761,5918536.6483,857495,,515431,0,,0,2,,Null,2024/2025,GREAT NORTH ROAD,BULLOCK TRACK,,Minor Crash,No,2025,,East,,0,,Flat,,,,,,Bright sun,405000,1,0,0,4,,,0,,,,,,Auckland Region,Nil,2-way,Sealed,,0,0,,50,,None,0,0,40,76,Auckland,Traffic Signals,,,,,0,0,Urban,0,,,Fine,Null
1738906.9505,5928694.8583,857502,,505602,0,,0,1,,Null,2024/2025,ACCESS ROAD,WAITAKERE ROAD,,Non-Injury Crash,No,2024,,South,,0,,Flat,,,,,,Bright sun,215000,0,0,0,2,,,0,,,,,,Auckland Region,Rail xing,2-way,Sealed,,0,0,,50,,Off,0,0,,76,Auckland,Stop,,,,,0,0,Urban,1,,,Fine,Null
1764517.3005,5912118.1648,857510,,520500,0,,0,1,,Null,2024/2025,MOUNT WELLINGTON HWY ON RAMP,SOUTHERN MOTORWAY,,Non-Injury Crash,No,2025,,South,,0,,Flat,,,,,,Bright sun,639300,0,0,0,3,,,0,,,,,,Auckland Region,Nil,1-way,Sealed,,0,0,,100,,Off,0,0,,76,Auckland,Nil,,,,,1,0,Open,0,,,Fine,Null
1764633.8271,5908930.5661,857513,,521802,0,0,0,1,0,East,2022/2023,CHURCH STREET,TAMAKI AVENUE,,Minor Crash,No,2023,0,South,0,0,2,Flat,0,,0,,0,Overcast,789501,1,0,0,2,0,0,0,0,0,,0,0,Auckland Region,Nil,2-way,Sealed,0,0,0,0,50,0,Off,0,0,,76,Auckland,Nil,0,0,0,0,0,0,Urban,0,0,0,Fine,Null
1756097.3926,5923430.8973,857518,,509800,0,0,0,1,0,North,2025/2026,NORTHERN MOTORWAY,HARBOUR BR N,,Non-Injury Crash,Yes,2025,0,North,0,0,0,Hill Road,1,,0,,0,Overcast,359100,0,0,0,3,0,0,0,0,0,,0,0,Auckland Region,Bridge,1-way,Sealed,0,0,0,0,80,0,On,0,0,,76,Auckland,Nil,0,0,0,0,0,0,Open,1,0,0,Fine,Null
1756282.422,5919189.6043,857522,,514200,0,,0,2,,Null,2024/2025,NEWTON ROAD,CHAPMAN STREET,,Non-Injury Crash,No,2025,,North,,0,,Hill Road,,,,,,Bright sun,411700,0,0,0,4,,,0,,,,,,Auckland Region,Nil,2-way,Sealed,,0,0,,50,,Off,0,0,,76,Auckland,Nil,,,,,0,0,Urban,0,,,Fine,Null
1754624.2489,5913892.7206,857533,,518803,0,,0,2,,Null,2022/2023,MAY ROAD,STODDARD ROAD,,Minor Crash,No,2023,,North,,0,,Flat,,,,,,Dark,581700,2,0,0,4,,,0,,,,,,Auckland Region,Nil,2-way,Sealed,,0,0,,50,,On,0,0,,76,Auckland,Traffic Signals,,,,,0,0,Urban,0,,,Fine,Null
1745758.882,5919722.7209,857535,,513301,0,,0,0,,West,2023/2024,UNIVERSAL DRIVE,CENTRAL PARK DRIVE,,Non-Injury Crash,No,2024,,West,,0,,Flat,,,,,,Bright sun,230401,0,0,1,2,,,0,,,,,,Auckland Region,Nil,2-way,Sealed,,0,0,,50,,Off,0,0,,76,Auckland,Nil,,,,,0,0,Urban,1,,,Fine,Null
1757868.0043,5914457.3276,857538,,518600,0,,0,1,,Null,2025/2026,SELWYN ROAD,PAH ROAD,,Non-Injury Crash,No,2025,,East,,0,,Null,,,,,,Overcast,565800,0,0,0,2,,,0,,,,,,Auckland Region,Nil,2-way,Sealed,,0,0,,50,,Null,0,0,,76,Auckland,Stop,,,,,0,0,Urban,1,,,Light rain,Null
1757133.6712,5925968.9811,857542,,507900,0,,0,1,,North,2025/2026,NORTHERN MOTORWAY,ESMONDE OBR,,Non-Injury Crash,Yes,2025,,South,,0,,Flat,,,,,,Bright sun,304000,0,0,0,3,,,0,,,,,,Auckland Region,Nil,1-way,Sealed,,0,0,,100,,Off,0,0,,76,Auckland,Nil,,,,,0,0,Open,1,,,Fine,Null
1748990.2617,5913407.8579,857563,,511401,0,0,0,3,0,Null,2023/2024,TITIRANGI ROAD,SKILGATE AVENUE,,Non-Injury Crash,No,2024,0,North,0,0,0,Hill Road,0,,0,,0,Dark,263700,0,0,0,2,0,0,0,0,1,,0,0,Auckland Region,Nil,2-way,Sealed,0,0,0,0,50,0,On,0,0,,76,Auckland,Nil,0,0,0,0,0,0,Urban,1,0,0,Fine,Null
1756338.9054,5919077.9772,857567,,514200,0,,0,2,,Null,2022/2023,NEWTON ROAD,NEWTON ROAD OFF RAMP,,Non-Injury Crash,No,2023,,North,,0,,Flat,,,,,,Overcast,411800,0,0,0,4,,,0,,,,,,Auckland Region,Nil,2-way,Sealed,,0,0,,50,,Null,0,0,,76,Auckland,Traffic Signals,,,,,0,0,Urban,0,,,Null,Strong wind
1760017.9848,5912903.3671,857571,,520000,0,0,0,2,0,North,2024/2025,CURZON STREET,MAYS ROAD,,Non-Injury Crash,No,2024,0,North,0,0,0,Flat,0,,0,,0,Dark,605500,0,0,0,2,0,0,0,0,1,,0,0,Auckland Region,Nil,2-way,Sealed,0,0,0,0,50,0,None,0,0,,76,Auckland,Nil,0,0,0,0,0,0,Urban,0,0,0,Light rain,Null
1770443.732,5911187.1319,857573,,523109,0,,0,1,,Null,2022/2023,OFF ROAD CAR PARK,,,Minor Crash,No,2023,,West,,0,,Null,,,,,,Twilight,711709,1,0,0,,,,0,,,1,,,Auckland Region,Nil,Off road,Null,,0,0,,,,On,0,0,,76,Auckland,Nil,,,,,0,0,Urban,0,,,Fine,Null
1770885.501,5901685.0599,857575,,523814,0,,0,1,,Null,2024/2025,STRATFORD ROAD,ALFRISTON ROAD,,Minor Crash,No,2025,,South,,0,,Hill Road,,,,,,Dark,759525,3,0,0,2,,,0,,,,,,Auckland Region,Nil,2-way,Sealed,,0,0,,50,,On,0,0,,76,Auckland,Give way,,,,,0,0,Urban,1,,,Fine,Null
1758115.9818,5920838.5433,857579,,514101,0,,0,1,,Null,2024/2025,TANGIHUA STREET,QUAY STREET,,Serious Crash,No,2025,,North,,0,,Flat,,,,,,Bright sun,438211,0,0,0,1,,,0,,,1,,,Auckland Region,Nil,1-way,Sealed,,0,1,,30,,Off,0,0,,76,Auckland,Give way,,,,,0,0,Urban,0,,,Fine,Null
1760519.9999,5916213.9961,857582,35,516002,0,,0,2,,Null,2022/2023,GREEN LANE EAST,ASCOT AVENUE,,Non-Injury Crash,No,2023,,Null,,0,,Flat,,,,,,Bright sun,493500,0,0,0,3,,,0,,,,,,Auckland Region,Nil,2-way,Sealed,,0,0,,50,,Off,0,0,,76,Auckland,Traffic Signals,,,,,0,0,Urban,0,,,Fine,None
1756658.3309,5919621.4901,857583,15,514102,0,,0,1,,Null,2023/2024,HOPETOUN STREET,BERESFORD SQUARE,,Non-Injury Crash,No,2024,,South,,0,,Flat,,,,,,Bright sun,435500,0,0,0,3,,,0,,,,,,Auckland Region,Nil,2-way,Sealed,,0,0,,30,,Off,0,0,,76,Auckland,Traffic Signals,,,,,1,0,Urban,0,,,Fine,None
1763696.1507,5920514.7861,857585,,516500,0,,0,2,,East,2022/2023,TAMAKI DRIVE,SELWYN AVENUE,,Serious Crash,No,2023,,West,,0,,Flat,,,,,,Dark,501301,0,0,0,2,,,0,,,,,,Auckland Region,Nil,2-way,Sealed,,0,2,,50,,On,0,0,,76,Auckland,Nil,,,,,0,0,Urban,0,,,Fine,Null
1749274.319,5912783.9228,857591,,511401,0,0,0,0,0,Null,2024/2025,WILLERTON AVENUE,HUTCHINSON AVENUE,,Minor Crash,No,2025,0,North,0,0,0,Flat,0,,0,,0,Dark,264300,1,0,0,2,0,0,0,0,0,,0,0,Auckland Region,Nil,2-way,Sealed,0,0,0,0,50,0,On,0,0,,76,Auckland,Stop,1,1,0,1,0,0,Urban,1,0,0,Fine,Null
1741608.1899,5976069.627,857594,55,506661,0,0,0,1,1,West,2024/2025,SH 1,FALLS BR,,Non-Injury Crash,Yes,2025,0,North,0,0,0,Flat,0,,0,,0,Dark,139000,0,0,0,2,0,0,0,0,0,,0,0,Auckland Region,Nil,2-way,Sealed,0,0,0,0,80,0,None,0,0,,76,Auckland,Nil,0,0,0,0,0,0,Open,0,0,0,Light rain,Null
1755466.5494,5929009.1695,857606,,508420,0,,0,1,,Null,2025/2026,TRISTRAM AVENUE ON RAMP,CROFTFIELD LANE,,Non-Injury Crash,No,2025,,East,,0,,Flat,,Christmas New Year,,,,Twilight,183800,0,0,0,1,,,0,,,,,,Auckland Region,Motorway ramp,1-way,Sealed,,0,0,,50,,On,1,0,,76,Auckland,Traffic Signals,,,,,0,0,Urban,0,,,Fine,Null
1764998.2894,5910492.1086,857607,,521801,0,,0,2,,South,2023/2024,SOUTHERN MOTORWAY,PRINCES ST-OTAHUHU ON RAMP,,Non-Injury Crash,Yes,2023,,North,,0,,Flat,,,,,,Twilight,787200,0,0,0,3,,,0,,,,,,Auckland Region,Nil,1-way,Sealed,,0,0,,100,,Off,0,0,,76,Auckland,Nil,,,,,0,0,Open,0,,,Fine,Null
1768633.7854,5900939.7172,857609,,525001,0,0,0,2,0,Null,2023/2024,OFF ROAD - CAR PARK,,,Serious Crash,No,2023,0,East,0,0,0,Flat,0,,0,,0,Bright sun,751600,0,0,0,,0,0,0,0,1,1,0,0,Auckland Region,Nil,Off road,Sealed,0,0,1,0,,0,None,0,0,,76,Auckland,Nil,0,0,0,0,0,0,Urban,0,0,0,Fine,Null
1767406.5259,5904926.0983,857613,,524603,0,0,0,0,0,Null,2023/2024,CAVENDISH DRIVE,GREAT SOUTH ROAD,,Minor Crash,No,2023,0,East,0,0,0,Flat,0,,0,,0,Dark,780205,1,0,0,3,0,0,0,0,0,,0,0,Auckland Region,Nil,1-way,Sealed,0,0,0,0,60,0,On,2,0,,76,Auckland,Traffic Signals,1,0,0,0,0,0,Urban,0,0,0,Fine,Null
1765893.6075,5897932.924,857614,,524812,0,0,0,1,0,East,2025/2026,HAZARDS ROAD,WEYMOUTH ROAD,,Minor Crash,No,2025,0,East,0,0,0,Flat,0,,0,,0,Bright sun,773400,3,0,0,2,0,1,0,0,0,,0,0,Auckland Region,Nil,2-way,Sealed,0,0,0,0,30,0,Off,0,0,,76,Auckland,Nil,0,0,0,0,0,0,Urban,0,0,0,Fine,Null
1768266.8624,5902460.3174,857618,,524901,0,0,0,2,0,East,2025/2026,ORAMS ROAD,GREAT SOUTH ROAD,,Non-Injury Crash,No,2026,0,East,0,0,0,Flat,0,,0,,0,Dark,754200,0,0,0,2,0,0,0,0,1,,0,0,Auckland Region,Nil,2-way,Sealed,0,0,0,0,50,0,On,0,0,40,76,Auckland,Nil,0,0,0,0,0,0,Urban,0,0,0,Fine,Null