X,Y,OBJECTID,advisorySpeed,areaUnitID,bicycle,bridge,bus,carStationWagon,cliffBank,crashDirectionDescription,crashFinancialYear,crashLocation1,crashLocation2,crashRoadSideRoad,crashSeverity,crashSHDescription,crashYear,debris,directionRoleDescription,ditch,fatalCount,fence,flatHill,guardRail,holiday,houseOrBuilding,intersection,kerb,light,meshblockId,minorInjuryCount,moped,motorcycle,NumberOfLanes,objectThrownOrDropped,otherObject,otherVehicleType,overBank,parkedVehicle,pedestrian,phoneBoxEtc,postOrPole,region,roadCharacter,roadLane,roadSurface,roadworks,schoolBus,seriousInjuryCount,slipOrFlood,speedLimit,strayAnimal,streetLight,suv,taxi,temporarySpeedLimit,tlaId,tlaName,trafficControl,trafficIsland,trafficSign,train,tree,truck,unknownVehicleType,urban,vanOrUtility,vehicle,waterRiver,weatherA,weatherB
1765814.3335,5908084.3585,857619,,523402,0,,0,2,,South,2023/2024,SOUTHERN MOTORWAY,BAIRDS OBR,,Non-Injury Crash,Yes,2024,,South,,0,,Flat,,,,,,Bright sun,699000,0,0,0,3,,,0,,,,,,Auckland Region,Motorway ramp,1-way,Sealed,,0,0,,100,,Off,0,0,,76,Auckland,Nil,,,,,0,0,Open,0,,,Fine,Null
1753940.1483,5915339.2376,857622,,518801,0,0,0,1,0,West,2025/2026,TYBURNIA AVENUE,BEAGLE AVENUE,,Non-Injury Crash,No,2025,0,East,0,0,0,Null,0,,0,,0,Overcast,575000,0,0,0,2,0,0,0,0,1,,0,0,Auckland Region,Nil,2-way,Sealed,0,0,0,0,30,0,Null,0,0,,76,Auckland,Nil,0,0,0,0,1,0,Urban,0,0,0,Null,Null
1771813.7647,5897171.6564,857625,,525420,0,,0,1,,Null,2023/2024,OFF ROAD - CAR PARK,,,Minor Crash,No,2024,,East,,0,,Flat,,,,,,Bright sun,790900,1,0,0,0,,,0,,,2,,,Auckland Region,Nil,Off road,Sealed,,0,0,,,,None,0,0,,76,Auckland,Nil,,,,,0,0,Urban,0,,,Fine,Null
1770296.677,5909037.0202,857626,,523114,0,0,0,0,0,East,2025/2026,GRACECHURCH DRIVE,BALTERSAN DRIVE,,Non-Injury Crash,No,2025,0,East,0,0,0,Null,0,,0,,0,Bright sun,712136,0,0,0,2,0,0,0,0,1,,0,0,Auckland Region,Nil,2-way,Sealed,0,0,0,0,50,0,Null,0,0,,76,Auckland,Nil,0,0,0,0,0,0,Urban,1,0,0,Fine,Null
1763438.3382,5908241.0349,857629,,521901,0,0,0,2,0,South,2023/2024,HOSPITAL ROAD,MANGERE ROAD,,Non-Injury Crash,No,2023,0,North,0,0,0,Flat,0,,0,,0,Bright sun,786300,0,0,0,2,0,0,0,0,2,,0,0,Auckland Region,Nil,2-way,Sealed,0,0,0,0,50,0,Off,1,0,,76,Auckland,Nil,0,0,0,0,0,0,Urban,0,0,0,Fine,Null
1766296.2586,5908183.3667,857630,,523402,0,,0,2,,East,2025/2026,BAIRDS ROAD,GILBERT ROAD,,Minor Crash,No,2026,,West,,0,,Flat,,,,,,Twilight,698100,1,0,0,2,,,0,,,,,,Auckland Region,Nil,1-way,Sealed,,0,0,,50,,None,0,0,,76,Auckland,Nil,,,,,0,0,Urban,0,,,Fine,Strong wind
1753570.6684,5938237.2712,857637,35,508900,0,0,0,1,0,Null,2023/2024,OKURA RIVER ROAD,VAUGHANS ROAD,,Serious Crash,No,2024,0,South,0,0,1,Flat,0,,0,,0,Dark,178304,0,0,0,2,0,0,0,0,0,,0,0,Auckland Region,Nil,2-way,Sealed,0,0,1,0,60,0,None,0,0,,76,Auckland,Nil,0,0,0,1,0,0,Urban,0,0,0,Fine,Null
1756541.9381,5920228.4052,857639,,514102,0,0,0,1,0,South,2023/2024,SAM WRIGLEY STREET,COOK STREET,,Non-Injury Crash,No,2023,0,South,0,0,0,Hill Road,0,,0,,1,Overcast,434401,0,0,0,1,0,0,0,0,0,,0,0,Auckland Region,Nil,1-way,Sealed,0,0,0,0,30,0,Off,0,0,,76,Auckland,Nil,0,0,0,0,0,0,Urban,0,0,0,Light rain,Null
1765654.6348,5908872.8638,857642,,523402,0,0,0,1,0,Null,2025/2026,HIGHBROOK DRIVE,HELLABYS ROAD,,Non-Injury Crash,No,2025,0,South,0,0,0,Null,0,,0,,0,Dark,696900,0,0,0,2,0,0,0,0,0,,0,1,Auckland Region,Nil,1-way,Sealed,0,0,0,0,50,0,On,0,0,,76,Auckland,Give way,0,0,0,0,0,0,Urban,0,0,0,Fine,Null
1774585.4226,5897749.5735,857647,,523813,0,0,0,2,0,East,2023/2024,OLD WAIROA ROAD,ANCROFT STREET,,Non-Injury Crash,No,2023,0,West,0,0,0,Flat,0,,0,,0,Dark,761602,0,0,0,2,0,0,0,0,1,,0,0,Auckland Region,Nil,2-way,Sealed,0,0,0,0,50,0,On,0,0,,76,Auckland,Nil,0,0,0,0,0,0,Urban,0,0,0,Fine,Null
1767423.5591,5904911.4665,857659,,524604,0,,0,0,,Null,2023/2024,GREAT SOUTH ROAD,CAVENDISH DRIVE,,Non-Injury Crash,No,2024,,North,,0,,Flat,,,,,,Bright sun,780209,0,0,0,1,,,0,,,,,,Auckland Region,Nil,1-way,Sealed,,0,0,,60,,Off,1,0,,76,Auckland,Give way,,,,,0,0,Urban,1,,,Fine,Null
1766385.3045,5899793.8425,857663,,524713,0,0,0,0,0,Null,2023/2024,WEYMOUTH ROAD,ROSCOMMON ROAD,,Minor Crash,No,2024,0,East,0,0,1,Flat,0,,0,,1,Dark,775824,1,1,0,2,0,0,0,0,0,,0,0,Auckland Region,Nil,2-way,Sealed,0,0,0,0,50,0,On,1,0,,76,Auckland,Give way,0,1,0,0,0,0,Urban,0,0,0,Fine,Null
1770245.0742,5911076.651,857665,,523109,0,0,0,0,0,South,2022/2023,TE IRIRANGI DRIVE,TOWN CENTRE DRIVE,,Non-Injury Crash,No,2023,0,South,0,0,0,Flat,0,,0,,0,Dark,711709,0,0,0,3,0,0,0,0,0,,0,0,Auckland Region,Nil,1-way,Sealed,0,0,0,0,80,0,On,1,0,,76,Auckland,Nil,0,0,0,1,0,0,Open,1,0,0,Fine,Null
1756007.8146,5920602.3303,857667,,515202,0,,0,2,,Null,2023/2024,GUDGEON STREET,HARGREAVES STREET,,Non-Injury Crash,No,2023,,North,,0,,Hill Road,,,,,,Dark,426108,0,0,0,2,,,0,,,,,,Auckland Region,Nil,2-way,Sealed,,0,0,,50,,On,0,0,,76,Auckland,Give way,,,,,0,0,Urban,0,,,Fine,Null
1757082.918,5920329.8205,857682,,514102,0,,0,1,,North,2025/2026,FEDERAL STREET,WELLESLEY STREET WEST,,Minor Crash,No,2025,,North,,0,,Flat,,,,,,Bright sun,433802,1,0,0,1,,,0,,,1,,,Auckland Region,Nil,1-way,Sealed,,0,0,,10,,Off,0,1,,76,Auckland,Nil,,,,,0,0,Urban,0,,,Fine,Null
1757055.0708,5919066.6657,857685,,514200,0,,0,2,,Null,2022/2023,SYMONDS STREET,SYMONDS STREET OFF RAMP,,Non-Injury Crash,No,2023,,North,,0,,Flat,,,,,,Overcast,412302,0,0,0,2,,,0,,,,,,Auckland Region,Motorway ramp,1-way,Sealed,,0,0,,50,,Off,0,0,,76,Auckland,Traffic Signals,,,,,0,0,Urban,0,,,Light rain,Null
1746288.675,5909466.0705,857689,,512700,0,0,0,1,0,Null,2023/2024,LAINGHOLM DRIVE,LANDING ROAD,,Non-Injury Crash,No,2023,0,North,0,0,0,Hill Road,1,,0,,0,Dark,300702,0,0,0,2,0,0,0,0,0,,0,0,Auckland Region,Nil,2-way,Sealed,0,0,0,0,60,0,On,0,0,,76,Auckland,Nil,0,0,0,0,0,0,Urban,0,0,0,Light rain,Null
1766042.4222,5919236.6368,857691,,516800,0,0,0,2,0,Null,2023/2024,BERWICK STREET,MASKELL STREET,,Minor Crash,No,2023,0,West,0,0,0,Hill Road,0,,0,,0,Overcast,513000,1,0,0,2,0,0,0,0,1,,0,0,Auckland Region,Nil,2-way,Sealed,0,0,0,0,50,0,Off,1,0,,76,Auckland,Give way,0,0,0,0,0,0,Urban,0,0,0,Fine,Null
1756766.2363,5932744.3952,857697,,507400,0,0,0,3,0,South,2023/2024,MONTROSE TERRACE,CROWS NEST RISE WALK,,Minor Crash,No,2024,0,North,0,0,0,Flat,0,,0,,0,Bright sun,151800,1,0,0,2,0,0,0,0,2,,0,0,Auckland Region,Nil,2-way,Sealed,0,0,0,0,10,0,Off,0,0,,76,Auckland,Nil,0,0,0,0,0,0,Urban,0,0,0,Fine,Null
1758407.3247,5910008.4411,857703,,524001,0,0,0,1,0,Null,2022/2023,WALLACE ROAD,BOYD AVENUE,,Non-Injury Crash,No,2023,0,South,0,0,1,Flat,0,,0,,0,Dark,721500,0,0,0,2,0,0,0,0,0,,0,0,Auckland Region,Nil,2-way,Sealed,0,0,0,0,50,0,On,0,0,,76,Auckland,Give way,0,0,0,0,0,0,Urban,0,0,0,Light rain,Null
1751874.7735,5930886.6559,857706,,508807,0,,0,2,,Null,2025/2026,ALBANY HIGHWAY,BUSH ROAD,,Minor Crash,No,2025,,South,,0,,Hill Road,,,,,,Dark,180301,1,0,0,4,,,0,,,,,,Auckland Region,Nil,2-way,Sealed,,0,0,,50,,On,0,0,,76,Auckland,Traffic Signals,,,,,0,0,Urban,0,,,Fine,Null
1771251.3817,5900288.9833,857709,,523911,0,,0,2,,South,2023/2024,PORCHESTER ROAD,SHERIFF PLACE,,Serious Crash,No,2024,,North,,0,,Flat,,,,,,Bright sun,767100,0,0,0,2,,,0,,,,,,Auckland Region,Bridge,2-way,Sealed,,0,1,,60,,Off,0,0,,76,Auckland,Nil,,,,,0,0,Urban,0,,,Fine,Null
1770444.6375,5897843.4922,857713,,523920,0,,0,2,,North,2023/2024,SOUTHERN MOTORWAY,PAHUREHURE NO 1 BR,,Minor Crash,Yes,2024,,South,,0,,Flat,,,,,,Dark,768010,1,0,0,3,,,0,,,,,,Auckland Region,Nil,1-way,Sealed,,0,0,,100,,On,0,0,,76,Auckland,Nil,,,,,0,0,Open,0,,,Fine,Null
1767496.8699,5904600.992,857718,,524604,0,,0,1,,Null,2024/2025,LEYTON WAY,RONWOOD AVENUE,,Non-Injury Crash,No,2025,,North,,0,,Hill Road,,,,,,Dark,780204,0,0,0,2,,,0,,,,,,Auckland Region,Nil,2-way,Sealed,,0,0,,50,,On,0,0,,76,Auckland,Give way,,,,,0,0,Urban,1,,,Fine,Null
1764852.6074,5911001.6365,857719,,520500,0,,0,1,,North,2023/2024,SOUTHERN MOTORWAY,OTAHUHU CK BR,,Minor Crash,Yes,2023,,North,,0,,Flat,,,,,,Bright sun,636300,1,0,0,3,,,1,,,,,,Auckland Region,Nil,1-way,Sealed,,0,0,,100,,Off,0,0,,76,Auckland,Nil,,,,,1,0,Open,1,,,Fine,Null
1757057.5786,5917616.3284,857722,,518101,1,,0,1,,North,2024/2025,MOUNT EDEN ROAD,HILLSIDE CRESCENT NORTH,,Non-Injury Crash,No,2025,,South,,0,,Null,,Queens Birthday,,,,Bright sun,546200,0,0,0,2,,,0,,,,,,Auckland Region,Nil,2-way,Sealed,,0,0,,50,,Null,0,0,,76,Auckland,Nil,,,,,0,0,Urban,0,,,Fine,Null
1747736.0478,5913484.2799,857725,,511100,0,,0,1,,Null,2023/2024,WEST COAST ROAD,PLEASANT ROAD,,Minor Crash,No,2023,,West,,0,,Hill Road,,,,,,Dark,286100,1,0,0,2,,,0,,,,,,Auckland Region,Nil,2-way,Sealed,,0,0,,50,,On,1,0,,76,Auckland,Give way,,,,,0,0,Urban,0,,,Fine,Null
1745157.4389,5918536.0187,857727,,513302,0,0,1,1,0,South,2023/2024,LINCOLN ROAD,WOODFORD AVENUE,,Non-Injury Crash,No,2023,0,North,0,0,0,Flat,0,,0,,0,Bright sun,230900,0,0,0,4,0,0,0,0,0,,0,1,Auckland Region,Nil,2-way,Sealed,0,0,0,0,50,0,Off,0,0,,76,Auckland,Nil,0,0,0,0,0,0,Urban,0,0,0,Fine,Null
1752868.1621,5927633.623,857729,,508210,0,0,0,1,0,West,2022/2023,CONTESSA DRIVE,STANLEY ROAD,,Non-Injury Crash,No,2023,0,North,0,0,1,Hill Road,0,Christmas New Year,0,,0,Overcast,187405,0,0,0,2,0,0,0,0,0,,0,0,Auckland Region,Nil,2-way,Sealed,0,0,0,0,50,0,Off,0,0,,76,Auckland,Nil,0,0,0,0,0,0,Urban,0,0,0,Fine,Null
1745044.8007,5917760.6561,857730,,510700,0,,0,2,,Null,2025/2026,SWANSON ROAD,MT LEBANON LANE,,Non-Injury Crash,No,2025,,East,,0,,Hill Road,,,,,,Dark,239104,0,0,0,4,,,0,,,,,,Auckland Region,Nil,2-way,Sealed,,0,0,,50,,On,0,0,,76,Auckland,Traffic Signals,,,,,0,0,Urban,0,,,Fine,Null
1753296.1279,5932641.8041,857737,,508807,0,,0,2,,North,2023/2024,TAWA DRIVE,TITOKI PLACE,,Minor Crash,No,2024,,South,,0,,Flat,,,,,,Overcast,180811,1,0,0,2,,,0,,,,,,Auckland Region,Nil,2-way,Sealed,,0,0,,50,,Off,0,0,,76,Auckland,Nil,,,,,0,0,Urban,0,,,Light rain,Null
1752308.3614,5926626.1189,857741,,510220,0,0,0,2,0,South,2023/2024,SALISBURY ROAD,ESKDALE ROAD,,Minor Crash,No,2023,0,South,0,0,0,Hill Road,0,,0,,0,Overcast,350000,1,0,0,2,0,0,0,0,1,,0,0,Auckland Region,Nil,2-way,Sealed,0,0,0,0,50,0,Off,0,0,,76,Auckland,Nil,0,0,0,0,0,0,Urban,0,0,0,Fine,Null
1754932.0864,5918294.7057,857745,,517500,0,,0,3,,East,2022/2023,NORTH-WESTERN MOTORWAY,ST LUKES ROAD OFF RAMP,,Non-Injury Crash,Yes,2023,,West,,0,,Flat,,,,,,Overcast,529900,0,0,0,4,,,0,,,,,,Auckland Region,Bridge,1-way,Sealed,,0,0,,80,,Off,0,0,,76,Auckland,Nil,,,,,0,0,Open,0,,,Heavy rain,Null
1758294.976,5917003.7567,857746,,519200,0,,0,2,,North,2024/2025,MANUKAU ROAD,KIPLING AVENUE,,Non-Injury Crash,No,2025,,South,,0,,Null,,,,,,Unknown,613900,0,0,0,4,,,0,,,,,,Auckland Region,Nil,2-way,Sealed,,0,0,,50,,Null,0,0,,76,Auckland,Nil,,,,,0,0,Urban,0,,,Fine,Null
1758724.6625,5919687.5924,857747,,515902,0,,0,2,,South,2022/2023,PARNELL ROAD,GIBRALTAR CRESCENT,,Non-Injury Crash,No,2023,,North,,0,,Hill Road,,,,,,Overcast,452800,0,0,0,2,,,0,,,,,,Auckland Region,Nil,2-way,Sealed,,0,0,,50,,None,0,1,,76,Auckland,Nil,,,,,0,0,Urban,0,,,Light rain,Null
1757044.6885,5920906.407,857749,,514101,0,,0,1,,Null,2023/2024,MARKET PLACE,PAKENHAM STREET EAST,,Minor Crash,No,2024,,East,,0,,Flat,,,,,,Bright sun,433003,1,0,0,2,,,0,,,1,,,Auckland Region,Nil,2-way,Sealed,,0,0,,30,,Off,0,0,,76,Auckland,Stop,,,,,0,0,Urban,0,,,Fine,Null
1755569.5237,5924654.1786,857753,,509800,0,,0,1,,West,2022/2023,ONEWA ROAD,QUEEN STREET,,Minor Crash,No,2023,,West,,0,,Flat,,,,,,Overcast,360300,1,0,1,4,,,0,,,,,,Auckland Region,Nil,2-way,Sealed,,0,0,,50,,On,0,0,,76,Auckland,Nil,,,,,0,0,Urban,0,,,Fine,Null
1771610.1059,5896033.3399,857754,,525540,0,,0,1,,Null,2025/2026,RUSHGREEN AVENUE,CRICKLEWOOD STREET,,Non-Injury Crash,No,2025,,North,,0,,Null,,,,,,Dark,806207,0,0,0,2,,,0,,,,,,Auckland Region,Nil,2-way,Sealed,,0,0,,50,,On,1,0,,76,Auckland,Give way,,,,,0,0,Urban,0,,,Fine,Null
1740823.2151,5930334.7903,857758,,505604,0,,0,1,,Null,2025/2026,RIVERHEAD ROAD,DEACON ROAD,,Minor Crash,No,2025,,North,,0,,Flat,,,,,,Bright sun,214202,1,0,0,2,,,0,,,,,,Auckland Region,Nil,2-way,Sealed,,0,0,,80,,Off,0,0,,76,Auckland,Stop,,,,,1,0,Open,0,,,Fine,Null
1752918.6106,5934946.8077,857759,,508701,0,0,0,1,0,Null,2023/2024,OTEHA VALLEY ROAD OFF RAMP,OTEHA VALLEY ROAD,,Serious Crash,No,2023,0,North,0,0,0,Hill Road,0,Christmas New Year,0,,1,Dark,179000,1,0,0,2,0,0,0,0,0,,0,0,Auckland Region,Nil,1-way,Sealed,0,0,1,0,50,0,On,0,0,,76,Auckland,Traffic Signals,0,1,0,0,0,0,Urban,0,0,0,Heavy rain,Null
1747753.9819,5969567.0269,857763,,505500,0,,0,1,,Null,2023/2024,WOODCOCKS ROAD,MANSEL DRIVE,,Serious Crash,No,2024,,West,,0,,Flat,,,,,,Bright sun,146002,2,0,0,2,,,0,,,,,,Auckland Region,Nil,2-way,Sealed,,0,1,,50,,Off,0,0,,76,Auckland,Stop,,,,,0,0,Urban,1,,,Fine,Null
1774609.0714,5896032.4953,857771,,525510,0,0,0,1,0,Null,2022/2023,SETTLEMENT ROAD,TIEL LANE,,Non-Injury Crash,No,2023,0,East,0,0,0,Flat,0,,0,,0,Bright sun,801002,0,0,0,2,0,0,0,0,0,,0,1,Auckland Region,Nil,2-way,Sealed,0,0,0,0,50,0,Off,0,0,,76,Auckland,Nil,0,0,0,0,0,0,Urban,0,0,0,Fine,Null
1776103.229,5900507.3396,857778,,523813,0,0,0,1,0,Null,2025/2026,AIRFIELD ROAD,MULLINS ROAD,,Fatal Crash,No,2025,0,East,0,1,0,Flat,0,,0,,0,Twilight,761000,0,0,0,2,0,0,0,0,0,,0,0,Auckland Region,Nil,2-way,Sealed,0,0,0,0,80,0,None,0,0,,76,Auckland,Give way,0,0,0,1,0,0,Open,0,0,0,Fine,Null
1748702.3816,5945775.7993,857779,,505806,0,,0,3,,South,2023/2024,NORTHERN MOTORWAY,SILVERDALE OFF RAMP,,Minor Crash,Yes,2023,,South,,0,,Flat,,Labour Weekend,,,,Bright sun,176604,2,0,0,3,,,0,,,,,,Auckland Region,Motorway ramp,1-way,Sealed,,0,0,,100,,Off,0,0,,76,Auckland,Nil,,,,,0,0,Open,0,,,Fine,Null
1757396.1788,5928939.6349,857781,,507800,0,,0,2,,Null,2023/2024,KITCHENER ROAD,SHAKESPEARE ROAD,,Non-Injury Crash,No,2023,,West,,0,,Flat,,,,,,Dark,307300,0,0,0,2,,,0,,,,,,Auckland Region,Nil,2-way,Sealed,,0,0,,50,,On,0,0,,76,Auckland,Traffic Signals,,,,,0,0,Urban,0,,,Fine,Null
1757629.787,5920562.682,857785,,514103,0,,0,1,,Null,2022/2023,BACON'S LANE,CHANCERY STREET,,Non-Injury Crash,No,2023,,North,,0,,Flat,,,,,,Dark,437702,0,0,0,2,,,0,,,,,,Auckland Region,Nil,2-way,Sealed,,0,0,,30,,On,0,0,,76,Auckland,Stop,,,,,1,0,Urban,0,,,Fine,Null
1758684.9955,5917176.1307,857790,,516001,0,,0,2,,Null,2024/2025,GREAT SOUTH ROAD,ERIN STREET,,Non-Injury Crash,No,2025,,North,,0,,Flat,,,,,,Overcast,490900,0,0,0,4,,,0,,,,,,Auckland Region,Nil,2-way,Sealed,,0,0,,50,,Off,0,0,,76,Auckland,Give way,,,,,0,0,Urban,0,,,Light rain,Null
1746267.8631,5913422.729,857801,,511002,0,0,0,0,0,South,2025/2026,ROICK PARADE,CLARIDGE STREET,,Serious Crash,No,2025,0,South,0,0,0,Hill Road,0,,0,,1,Dark,283601,0,0,1,2,0,0,0,0,0,,0,0,Auckland Region,Nil,2-way,Sealed,0,0,1,0,50,0,On,0,0,,76,Auckland,Nil,0,0,0,0,0,0,Urban,0,0,0,Fine,Null
1756124.3233,5923853.9982,857804,,509800,0,,0,1,,South,2022/2023,NORTHERN MOTORWAY,WEIGH BRIDGE,,Non-Injury Crash,Yes,2023,,South,,0,,Flat,,,,,,Overcast,358800,0,0,0,4,,,0,,,,,,Auckland Region,Nil,1-way,Sealed,,0,0,,80,,Off,0,0,70,76,Auckland,Nil,,,,,0,0,Open,1,,,Fine,Null
1765102.1045,5913429.4824,857805,,520500,0,0,0,1,0,North,2025/2026,WAIPUNA ROAD,PAKURANGA HIGHWAY,,Non-Injury Crash,No,2025,0,South,0,0,0,Flat,0,,0,,0,Bright sun,638908,0,0,0,2,0,0,0,0,0,,0,0,Auckland Region,Nil,1-way,Sealed,0,0,0,0,50,0,Off,0,0,,76,Auckland,Nil,1,1,0,0,0,0,Urban,0,0,0,Fine,Null
1758469.1036,5911895.6942,857817,,519810,0,,0,1,,Null,2025/2026,PRINCES STREET,GEORGE TERRACE,,Non-Injury Crash,No,2025,,West,,0,,Flat,,,,,,Bright sun,601500,0,0,0,2,,,0,,,,,,Auckland Region,Nil,2-way,Sealed,,0,0,,50,,Off,0,0,,76,Auckland,Nil,,,,,1,0,Urban,0,,,Fine,Null
1739271.7145,5918542.1431,857821,,513702,0,,0,2,,East,2024/2025,SCENIC DRIVE NORTH,AWHIORANGI PROMENADE,,Non-Injury Crash,No,2025,,East,,0,,Null,,,,,,Twilight,237203,0,0,0,2,,,0,,,,,,Auckland Region,Nil,2-way,Sealed,,0,0,,50,,Null,0,0,,76,Auckland,Nil,,,,,0,0,Urban,0,,,Fine,Null
1742473.8548,5931222.5476,857826,,505603,0,,0,1,,Null,2022/2023,COATESVILLE-RIVERHEAD HIGHWAY,NEWTON ROAD,,Non-Injury Crash,No,2023,,West,,0,,Flat,,,,,,Bright sun,213501,0,0,0,2,,,1,,,,,,Auckland Region,Nil,2-way,Sealed,,0,0,,50,,Off,0,0,,76,Auckland,Give way,,,,,1,0,Urban,0,,,Fine,Null
1756043.4749,5918787.3675,857829,,515500,0,0,0,1,0,North,2024/2025,PARTRIDGE STREET,KIRK STREET,,Non-Injury Crash,No,2025,0,Null,0,0,0,Null,0,,0,,0,Unknown,418000,0,0,0,2,0,0,0,0,1,,0,0,Auckland Region,Nil,2-way,Sealed,0,0,0,0,30,0,Null,0,0,,76,Auckland,Nil,0,0,0,0,0,1,Urban,0,0,0,Null,Null
1760941.8044,5911434.7161,857837,,520000,0,0,0,0,0,South,2025/2026,MIAMI PARADE,PUKEMIRO STREET,,Non-Injury Crash,No,2025,0,South,0,0,0,Flat,0,,0,,0,Bright sun,608100,0,0,0,2,0,0,0,0,0,,0,1,Auckland Region,Nil,2-way,Sealed,0,0,0,0,50,0,Off,0,0,,76,Auckland,Nil,0,0,0,0,1,0,Urban,0,0,0,Fine,Null
1762180.4101,5913680.0951,857838,,520401,0,1,0,0,0,North,2023/2024,SOUTHERN MOTORWAY,PENROSE OBR,,Non-Injury Crash,Yes,2023,0,South,0,0,0,Flat,0,,0,,0,Bright sun,644300,0,0,0,3,0,0,0,0,0,,0,0,Auckland Region,Bridge,1-way,Sealed,0,0,0,0,100,0,Off,0,0,,76,Auckland,Nil,0,0,0,0,1,0,Open,0,0,0,Fine,Null
1772828.0953,5888924.2776,857849,55,521302,0,0,0,1,0,South,2024/2025,RUNCIMAN ROAD,NGAKOROA ROAD,,Non-Injury Crash,No,2025,0,North,0,0,1,Flat,0,,0,,0,Dark,807700,0,0,0,2,0,0,0,0,0,,0,0,Auckland Region,Bridge,2-way,Sealed,0,0,0,0,80,0,None,0,0,,76,Auckland,Nil,0,0,0,0,0,0,Open,0,0,1,Fine,Null
1763005.9445,5905767.8545,857850,,524302,0,,0,1,,North,2023/2024,PORTAGE ROAD,SKIPTON STREET,,Minor Crash,No,2023,,North,,0,,Flat,,,,,,Bright sun,746200,1,0,0,2,,,0,,,1,,,Auckland Region,Nil,2-way,Sealed,,0,0,,50,,Off,0,0,,76,Auckland,Nil,,,,,0,0,Urban,0,,,Fine,Null
1763644.8668,5920468.0454,857857,,516500,0,,0,1,,North,2024/2025,TAMAKI DRIVE,SELWYN AVENUE,,Minor Crash,No,2025,,South,,0,,Flat,,,,,,Dark,501301,1,0,0,2,,,0,,,,,,Auckland Region,Nil,2-way,Sealed,,0,0,,50,,On,0,0,,76,Auckland,Nil,,,,,0,0,Urban,1,,,Heavy rain,Null
1753663.039,5929253.2635,857861,,508411,0,0,0,1,0,South,2024/2025,GLENFIELD ROAD,WAIRAU ROAD,,Non-Injury Crash,No,2025,0,North,0,0,1,Flat,0,,0,,0,Dark,184000,0,0,0,2,0,0,0,0,0,,0,0,Auckland Region,Nil,1-way,Sealed,0,0,0,0,50,0,On,0,0,,76,Auckland,Nil,0,0,0,1,0,0,Urban,0,0,0,Fine,Null
1752770.5446,5919700.8108,857864,,515100,0,0,0,1,0,Null,2023/2024,LEMINGTON ROAD,SUNNY BRAE CRESCENT,,Non-Injury Crash,No,2023,0,West,0,0,0,Hill Road,0,,0,,0,Dark,400400,0,0,0,2,0,0,0,0,0,,0,0,Auckland Region,Nil,2-way,Sealed,0,0,0,0,50,0,On,0,0,,76,Auckland,Nil,0,0,0,1,0,0,Urban,0,0,0,Fine,Null
1748936.5895,5945526.4026,857866,,505806,0,,0,2,,Null,2024/2025,HIBISCUS COAST HIGHWAY,JACK HAWKEN LANE,,Minor Crash,No,2024,,East,,0,,Flat,,,,,,Dark,176604,1,0,0,2,,,0,,,,,,Auckland Region,Nil,1-way,Sealed,,0,0,,70,,On,0,0,,76,Auckland,Traffic Signals,,,,,0,0,Urban,0,,,Heavy rain,Strong wind
1767712.1296,5903372.1788,857868,,524602,0,0,0,0,0,Null,2023/2024,INVERELL AVENUE,INVERELL COURT,,Minor Crash,No,2024,0,South,0,0,0,Flat,0,,0,,0,Bright sun,780410,1,0,0,2,0,0,0,0,0,,0,1,Auckland Region,Nil,2-way,Sealed,0,0,0,0,50,0,Off,0,0,,76,Auckland,Nil,0,0,0,0,0,0,Urban,1,0,0,Fine,Null
1764824.3937,5904597.5959,857884,,522100,0,,0,0,,East,2023/2024,PUHINUI ROAD,RAYMOND ROAD,,Minor Crash,No,2024,,West,,0,,Flat,,Easter,,,,Bright sun,659400,1,0,0,2,,,0,,,,,,Auckland Region,Nil,2-way,Sealed,,0,0,,50,,Off,2,0,,76,Auckland,Nil,,,,,0,0,Urban,0,,,Fine,Null
1743937.6776,5919010.5227,857888,,513220,0,0,0,1,0,South,2023/2024,SWANSON ROAD,LARNOCH ROAD,,Minor Crash,No,2024,0,South,0,0,0,Flat,0,,0,,0,Dark,236103,1,0,0,4,0,0,0,0,0,,1,0,Auckland Region,Nil,2-way,Sealed,0,0,0,0,50,0,On,0,0,,76,Auckland,Nil,0,0,0,0,0,0,Urban,0,0,0,Fine,Null
1761880.8223,5913977.7443,857890,,520202,0,0,0,1,0,South,2022/2023,SOUTHERN MOTORWAY,ELLERSLIE-PANMURE HWY ON RAMP,,Non-Injury Crash,Yes,2023,0,South,0,0,0,Flat,1,,0,,0,Dark,612800,0,0,0,3,0,0,0,0,0,,0,0,Auckland Region,Nil,1-way,Sealed,0,0,0,0,100,0,On,0,0,,76,Auckland,Nil,0,0,0,0,0,0,Open,0,0,0,Fine,Null
1764481.0081,5912957.5503,857901,,520500,0,,0,1,,Null,2023/2024,SOUTH-EASTERN HIGHWAY,CARBINE ROAD,,Serious Crash,No,2023,,West,,0,,Flat,,,,,,Overcast,639000,2,0,0,4,,,0,,,,,,Auckland Region,Nil,1-way,Sealed,,0,1,,50,,Off,0,0,,76,Auckland,Traffic Signals,,,,,0,0,Urban,1,,,Fine,Null
1746952.7616,5917299.0907,857904,,512500,0,0,0,2,0,East,2025/2026,DIVICH AVENUE,DAWN PLACE,,Non-Injury Crash,No,2025,0,West,0,0,0,Hill Road,0,,0,,0,Dark,258901,0,0,0,2,0,0,0,0,1,,0,0,Auckland Region,Speed hump,2-way,Sealed,0,0,0,0,50,0,On,0,0,,76,Auckland,Nil,0,0,0,0,0,0,Urban,0,0,0,Fine,Null