X,Y,OBJECTID,advisorySpeed,areaUnitID,bicycle,bridge,bus,carStationWagon,cliffBank,crashDirectionDescription,crashFinancialYear,crashLocation1,crashLocation2,crashRoadSideRoad,crashSeverity,crashSHDescription,crashYear,debris,directionRoleDescription,ditch,fatalCount,fence,flatHill,guardRail,holiday,houseOrBuilding,intersection,kerb,light,meshblockId,minorInjuryCount,moped,motorcycle,NumberOfLanes,objectThrownOrDropped,otherObject,otherVehicleType,overBank,parkedVehicle,pedestrian,phoneBoxEtc,postOrPole,region,roadCharacter,roadLane,roadSurface,roadworks,schoolBus,seriousInjuryCount,slipOrFlood,speedLimit,strayAnimal,streetLight,suv,taxi,temporarySpeedLimit,tlaId,tlaName,trafficControl,trafficIsland,trafficSign,train,tree,truck,unknownVehicleType,urban,vanOrUtility,vehicle,waterRiver,weatherA,weatherB
1769604.9935,5905395.6265,857907,,523712,0,,0,1,,Null,2023/2024,ASPIRING AVENUE,THOMAS ROAD,,Minor Crash,No,2023,,North,,0,,Hill Road,,Labour Weekend,,,,Bright sun,716202,1,0,0,2,,,0,,,,,,Auckland Region,Nil,2-way,Sealed,,0,0,,50,,Off,1,0,,76,Auckland,Give way,,,,,0,0,Urban,0,,,Fine,Null
1747076.6868,5909008.8185,857908,,512000,0,0,0,1,0,East,2025/2026,MCELDOWNEY ROAD,SOUTH TITIRANGI ROAD,,Minor Crash,No,2026,0,South,0,0,0,Hill Road,0,,1,,0,Bright sun,297700,1,0,0,2,0,0,0,1,1,,0,0,Auckland Region,Nil,2-way,Sealed,0,0,0,0,50,0,Null,0,0,,76,Auckland,Nil,0,0,0,0,0,0,Urban,1,0,0,Fine,Null
1750106.2062,5911647.0771,857916,,512100,0,0,0,1,0,East,2025/2026,GODLEY ROAD,BISHOP STREET,,Non-Injury Crash,No,2025,0,West,0,0,0,Null,0,,0,,0,Bright sun,289400,0,0,0,2,0,0,0,0,0,,0,1,Auckland Region,Nil,2-way,Sealed,0,0,0,0,50,0,Null,0,0,,76,Auckland,Nil,0,0,0,0,0,0,Urban,0,0,0,Null,Null
1758042.5756,5915052.0169,857919,,515802,0,,0,2,,South,2022/2023,MANUKAU ROAD,ONSLOW AVENUE,,Non-Injury Crash,No,2023,,South,,0,,Flat,,,,,,Overcast,449100,0,0,0,4,,,0,,,,,,Auckland Region,Nil,2-way,Sealed,,0,0,,50,,Off,0,0,,76,Auckland,Nil,,,,,1,0,Urban,0,,,Fine,Null
1770808.8878,5901486.0979,857921,,523813,0,,0,2,,South,2023/2024,PORCHESTER ROAD,SARTEANO DRIVE,,Minor Crash,No,2023,,South,,0,,Flat,,,,,,Bright sun,759800,1,0,0,2,,,0,,,,,,Auckland Region,Nil,2-way,Sealed,,0,0,,60,,Off,0,0,,76,Auckland,Nil,,,,,0,0,Urban,0,,,Fine,Null
1764005.4426,5916655.5927,857923,,516302,0,0,0,1,0,Null,2022/2023,COLLEGE ROAD,NGAHUE DRIVE,,Non-Injury Crash,No,2023,0,South,0,0,1,Hill Road,0,,0,,0,Overcast,465301,0,0,0,3,0,0,0,0,0,,0,0,Auckland Region,Nil,2-way,Sealed,0,0,0,0,50,0,Off,0,0,,76,Auckland,Traffic Signals,0,0,0,0,0,0,Urban,0,0,0,Light rain,Null
1757528.5914,5918635.5151,857933,75,514302,0,0,0,1,0,North,2023/2024,SOUTHERN MOTORWAY,KHYBER PASS OBR,,Minor Crash,Yes,2024,0,South,0,0,0,Flat,1,,0,,0,Dark,442500,1,0,0,4,0,0,0,0,0,,0,0,Auckland Region,Bridge,1-way,Sealed,0,0,0,0,80,0,On,0,0,,76,Auckland,Nil,0,0,0,0,0,0,Open,0,0,0,Fine,Null
1769811.7819,5880471.4882,857936,,525922,0,1,0,0,0,South,2025/2026,SUBWAY ROAD,STATION ROAD,,Non-Injury Crash,No,2025,0,North,0,0,0,Flat,0,,0,,0,Overcast,823800,0,0,0,2,0,0,0,0,0,,0,0,Auckland Region,Underpass,2-way,Sealed,0,0,0,0,50,0,None,0,0,,76,Auckland,Nil,0,0,0,0,1,0,Urban,0,0,0,Light rain,Null
1764235.8036,5910145.2633,857937,,521801,0,,0,2,,East,2023/2024,PRINCES STREET,ATKINSON AVENUE,,Non-Injury Crash,No,2023,,West,,0,,Flat,,,,,,Overcast,786802,0,0,0,4,,,0,,,,,,Auckland Region,Nil,2-way,Sealed,,0,0,,50,,Off,0,0,,76,Auckland,Nil,,,,,0,0,Urban,0,,,Fine,Null
1747746.3357,5966475.7156,857949,,506613,0,1,0,1,0,Null,2023/2024,SH 1,PERRY ROAD,,Non-Injury Crash,No,2024,0,North,0,0,0,Flat,0,,0,,0,Overcast,146104,0,0,0,2,0,0,0,0,0,,0,0,Auckland Region,Bridge,2-way,Sealed,0,0,0,0,80,0,Off,0,0,,76,Auckland,Stop,0,0,0,0,0,0,Open,0,0,0,Fine,Null
1756570.2361,5927351.6785,857952,,507900,0,,0,2,,Null,2024/2025,NORTHCOTE ROAD,THE AVENUE,,Non-Injury Crash,No,2024,,North,,0,,Flat,,,,,,Dark,305202,0,0,0,5,,,0,,,,,,Auckland Region,Nil,2-way,Sealed,,0,0,,50,,On,0,0,,76,Auckland,Traffic Signals,,,,,0,0,Urban,0,,,Fine,Null
1763730.6683,5913378.086,857955,,520402,0,,0,0,,North,2023/2024,MOUNT WELLINGTON HIGHWAY,HAMLIN ROAD,,Minor Crash,No,2024,,South,,0,,Hill Road,,,,,,Bright sun,640200,1,0,0,4,,,0,,,,,,Auckland Region,Nil,2-way,Sealed,,0,0,,50,,Off,1,0,,76,Auckland,Nil,,,,,1,0,Urban,0,,,Fine,Null
1767207.8191,5904810.6197,857956,,524603,0,,0,1,,Null,2023/2024,CAVENDISH DRIVE,FREEMAN WAY,,Non-Injury Crash,No,2024,,North,,0,,Flat,,,,,,Overcast,780205,0,0,0,2,,,0,,,,,,Auckland Region,Nil,1-way,Sealed,,0,0,,50,,Off,0,0,,76,Auckland,Give way,,,,,1,0,Urban,0,,,Fine,Null
1766292.2345,5903803.3002,857957,,524604,0,,0,1,,East,2023/2024,SOUTH-WESTERN MOTORWAY,PLUNKET OBR,,Non-Injury Crash,Yes,2024,,East,,0,,Flat,,,,,,Bright sun,780210,0,0,0,2,,,0,,,,,,Auckland Region,Nil,1-way,Sealed,,0,0,,100,,Off,0,0,,76,Auckland,Nil,,,,,1,0,Open,0,,,Fine,Null
1764966.0133,5908256.1731,857964,,523404,0,,0,1,,Null,2023/2024,BAIRDS ROAD,GREAT SOUTH ROAD,,Non-Injury Crash,No,2023,,West,,0,,Flat,,,,,,Dark,696801,0,0,0,4,,,0,,,,,,Auckland Region,Nil,2-way,Sealed,,0,0,,50,,On,0,0,,76,Auckland,Traffic Signals,,,,,0,0,Urban,1,,,Fine,None
1768974.0324,5902619.7551,857973,,524901,0,,0,1,,South,2023/2024,SOUTHERN MOTORWAY,AIRPORT OFF RAMP,,Minor Crash,Yes,2024,,North,,0,,Flat,,,,,,Dark,755000,2,0,0,3,,,0,,,,,,Auckland Region,Nil,1-way,Sealed,,0,0,,100,,On,0,0,,76,Auckland,Nil,,,,,1,0,Open,0,,,Light rain,Null
1749914.9692,5913702.3922,857977,,511303,0,,0,1,,North,2024/2025,RANKIN AVENUE,AMBRICO PLACE,,Minor Crash,No,2024,,South,,0,,Flat,,,,,,Overcast,265001,2,0,0,2,,,0,,,,,,Auckland Region,Nil,2-way,Sealed,,0,0,,50,,On,1,0,,76,Auckland,Nil,,,,,0,0,Urban,0,,,Fine,Null
1743380.9532,5889571.7606,857979,,521151,0,0,0,1,1,Null,2022/2023,AWHITU ROAD,FIELDING ROAD,,Minor Crash,No,2023,0,South,0,0,0,Hill Road,0,,0,,0,Overcast,829700,1,0,0,2,0,0,0,0,0,,0,0,Auckland Region,Nil,2-way,Sealed,0,0,0,0,80,0,None,0,0,,76,Auckland,Nil,0,0,0,0,0,0,Open,0,0,0,Light rain,Null
1774392.3496,5896568.4305,857981,,525610,0,0,0,1,0,East,2023/2024,SHEEHAN AVENUE,MAURICE STREET,,Non-Injury Crash,No,2023,0,East,0,0,0,Flat,0,,0,,0,Overcast,798600,0,0,0,2,0,0,0,0,1,,0,0,Auckland Region,Nil,2-way,Sealed,0,0,0,0,50,0,Off,1,0,,76,Auckland,Nil,0,0,0,0,0,0,Urban,0,0,0,Fine,Null
1756298.0987,5919307.5277,857984,,514000,0,,0,1,,South,2024/2025,KARANGAHAPE ROAD,GUNDRY STREET,,Non-Injury Crash,No,2025,,South,,0,,Flat,,,,,,Bright sun,413800,0,0,0,4,,,0,,,,,,Auckland Region,Nil,2-way,Sealed,,0,0,,30,,Off,0,0,,76,Auckland,Nil,,,,,1,0,Urban,0,,,Fine,Null
1758096.8949,5920077.4397,857985,,514103,0,0,0,1,0,North,2023/2024,ALTEN ROAD,STANLEY STREET,,Non-Injury Crash,No,2024,0,South,0,0,0,Hill Road,0,,0,,0,Dark,437400,0,0,0,3,0,0,0,0,0,,0,1,Auckland Region,Nil,2-way,Sealed,0,0,0,0,30,0,On,0,0,,76,Auckland,Nil,0,0,0,0,0,0,Urban,0,0,0,Fine,Null
1756276.2655,5912997.2183,857988,,518701,0,0,0,1,0,East,2024/2025,SOUTH-WESTERN MOTORWAY,HILLSBOROUGH ROAD ON RAMP,,Non-Injury Crash,Yes,2025,0,West,0,0,0,Flat,0,,0,,0,Dark,569000,0,0,0,3,0,0,0,0,0,,0,1,Auckland Region,Motorway ramp,1-way,Sealed,0,0,0,0,100,0,On,0,0,,76,Auckland,Nil,0,0,0,0,0,0,Open,0,0,0,Fine,Null
1746215.7192,5920254.5616,857991,,513301,0,,0,3,,South,2022/2023,NORTH-WESTERN MOTORWAY,LINCOLN ROAD ON RAMP,,Non-Injury Crash,Yes,2023,,South,,0,,Flat,,,,,,Bright sun,230200,0,0,0,3,,,0,,,,,,Auckland Region,Nil,1-way,Sealed,,0,0,,100,,Off,0,0,,76,Auckland,Nil,,,,,0,0,Open,0,,,Fine,Null
1770676.0758,5899591.2086,858000,,523911,0,0,0,1,0,East,2024/2025,SPARTAN ROAD,RAWSON WAY,,Minor Crash,No,2024,0,West,0,0,0,Flat,0,,0,,0,Bright sun,766700,2,0,0,2,0,0,1,0,1,,0,0,Auckland Region,Nil,2-way,Sealed,0,0,0,0,50,0,Off,0,0,,76,Auckland,Nil,0,0,0,0,0,0,Urban,0,0,0,Fine,Null
1755594.3324,5917926.5382,858012,,517500,0,0,0,3,0,East,2025/2026,NEW NORTH ROAD,CENTRAL ROAD,,Non-Injury Crash,No,2025,0,West,0,0,0,Flat,0,,0,,0,Dark,529800,0,0,0,4,0,0,0,0,1,,0,0,Auckland Region,Nil,2-way,Sealed,0,0,0,0,50,0,On,1,0,,76,Auckland,Nil,0,0,0,0,0,0,Urban,0,0,0,Fine,Null
1745181.426,5917093.5243,858020,,510800,0,,0,1,,North,2024/2025,HENDERSON VALLEY ROAD,SMYTHE ROAD,,Non-Injury Crash,No,2024,,North,,0,,Flat,,,,,,Overcast,241600,0,0,0,4,,,0,,,,,,Auckland Region,Nil,2-way,Sealed,,0,0,,50,,Off,1,0,,76,Auckland,Nil,,,,,0,0,Urban,0,,,Fine,Null
1768774.392,5905014.1224,858024,,523722,0,,0,1,,Null,2023/2024,HOLLYFORD DRIVE,ASPIRING AVENUE,,Non-Injury Crash,No,2023,,North,,0,,Hill Road,,,,,,Bright sun,716007,0,0,0,2,,,0,,,,,,Auckland Region,Nil,2-way,Sealed,,0,0,,50,,None,0,0,,76,Auckland,Give way,,,,,0,0,Urban,1,,,Fine,None
1750128.9542,5926608.4779,858025,,510010,0,0,0,1,0,South,2023/2024,AMELIA PLACE,AEROVIEW DRIVE,,Minor Crash,No,2024,0,South,0,0,0,Flat,0,,0,,0,Dark,342100,1,0,0,2,0,0,0,0,0,,0,0,Auckland Region,Nil,2-way,Sealed,0,0,0,0,50,0,On,0,0,30,76,Auckland,Nil,0,0,0,1,0,0,Urban,0,0,0,Fine,Null
1759876.9401,5915758.6236,858027,,519200,0,0,0,1,0,Null,2022/2023,GREEN LANE WEST,GREAT SOUTH ROAD,,Non-Injury Crash,No,2023,0,North,0,0,0,Flat,0,,0,,1,Dark,616000,0,0,0,4,0,0,0,0,0,,0,0,Auckland Region,Nil,2-way,Sealed,0,0,0,0,50,0,On,0,0,,76,Auckland,Traffic Signals,0,0,0,1,0,0,Urban,0,0,0,Fine,Null
1763425.2452,5912775.3719,858028,,520500,0,,0,2,,Null,2024/2025,SOUTHERN MOTORWAY,MOUNT WELLINGTON HWY OFF RAMP,,Non-Injury Crash,Yes,2024,,East,,0,,Null,,,,,,Bright sun,637400,0,0,0,3,,,0,,,,,,Auckland Region,Nil,1-way,Sealed,,0,0,,100,,Null,0,0,,76,Auckland,Nil,,,,,0,0,Open,0,,,Fine,Null
1752536.8321,5918171.0246,858039,,515002,0,,0,1,,Null,2022/2023,GREAT NORTH ROAD,HUIA ROAD,,Non-Injury Crash,No,2023,,East,,0,,Flat,,,,,,Overcast,392500,0,0,0,4,,,0,,,,,,Auckland Region,Nil,2-way,Sealed,,0,0,,50,,Off,1,0,,76,Auckland,Give way,,,,,0,0,Urban,0,,,Light rain,Null
1754150.258,5918313.5667,858041,,515431,0,,0,1,,West,2022/2023,NORTH-WESTERN MOTORWAY,ST LUKES ROAD ON RAMP,,Non-Injury Crash,Yes,2023,,East,,0,,Flat,,,,,,Bright sun,406300,0,0,0,3,,,0,,,,,,Auckland Region,Nil,1-way,Sealed,,0,0,,80,,Off,0,0,,76,Auckland,Nil,,,,,1,0,Open,0,,,Fine,Null
1745734.4294,5917231.6986,858045,,510700,0,,0,2,,Null,2023/2024,EDMONTON ROAD,GREAT NORTH ROAD,,Non-Injury Crash,No,2023,,South,,0,,Flat,,,,,,Dark,240000,0,0,0,4,,,0,,,,,,Auckland Region,Nil,2-way,Sealed,,0,0,,50,,On,0,0,,76,Auckland,Traffic Signals,,,,,0,0,Urban,0,,,Fine,Null
1762437.9375,5909286.104,858049,,524402,0,0,0,2,0,West,2023/2024,JAMES FLETCHER DRIVE,BEACH ROAD,,Minor Crash,No,2024,0,West,0,0,0,Flat,0,,0,,1,Dark,749800,2,0,0,2,0,0,0,0,0,,0,0,Auckland Region,Nil,2-way,Sealed,0,0,0,0,60,0,On,0,0,,76,Auckland,Nil,0,0,0,1,0,0,Urban,0,0,0,Fine,Null
1737930.9689,5922538.3739,858053,,513701,1,,0,1,,North,2023/2024,WAITAKERE ROAD,HUNTER ROAD,,Minor Crash,No,2024,,North,,0,,Flat,,,,,,Bright sun,229500,1,0,0,2,,,0,,,,,,Auckland Region,Nil,2-way,Sealed,,0,0,,80,,None,0,0,,76,Auckland,Nil,,,,,0,0,Open,0,,,Fine,Null
1749151.8251,5970614.6383,858069,,505500,0,,0,1,,Null,2022/2023,QUEEN STREET,MILL LANE,,Non-Injury Crash,No,2023,,South,,0,,Null,,,,,,Unknown,140400,0,0,0,2,,,0,,,,,,Auckland Region,Nil,2-way,Sealed,,0,0,,50,,Null,0,0,,76,Auckland,Stop,,,,,0,0,Urban,0,,,Null,Null
1772762.7138,5906871.734,858079,,523713,0,,0,0,,West,2023/2024,OTAOTA WAY,KITENGA ROAD,,Non-Injury Crash,No,2023,,North,,0,,Hill Road,,,,,,Dark,712600,0,0,0,2,,,0,,,1,,,Auckland Region,Bridge,2-way,Sealed,,0,0,,50,,On,1,0,,76,Auckland,Nil,,,,,0,0,Urban,0,,,Fine,Null
1752335.139,5934622.8824,858081,,508701,0,0,0,2,0,North,2023/2024,OTEHA VALLEY ROAD,MILLS LANE,,Non-Injury Crash,No,2023,0,North,0,0,0,Flat,0,,0,,1,Overcast,178501,0,0,0,2,0,0,0,0,0,,0,0,Auckland Region,Nil,2-way,Sealed,0,0,0,0,50,0,Off,1,0,,76,Auckland,Nil,0,0,0,0,0,0,Urban,0,0,0,Fine,Null
1754647.3742,5912537.0992,858083,,519001,0,,0,1,,Null,2023/2024,DOMINION ROAD EXTENSION,RICHARDSON ROAD,,Non-Injury Crash,No,2023,,Null,,0,,Flat,,,,,,Overcast,588600,0,0,0,3,,,0,,,,,,Auckland Region,Nil,2-way,Sealed,,0,0,,50,,Off,0,0,,76,Auckland,Give way,,,,,1,0,Urban,0,,,Light rain,Null
1746472.3446,5920072.3527,858091,,512402,0,0,0,1,0,East,2022/2023,NORTH-WESTERN MOTORWAY,HENDERSON CK BR,,Non-Injury Crash,Yes,2023,0,West,0,0,0,Flat,1,,0,,0,Bright sun,252100,0,0,0,3,0,0,0,0,0,,0,0,Auckland Region,Nil,1-way,Sealed,0,0,0,0,100,0,Off,0,0,,76,Auckland,Nil,0,0,0,0,0,0,Open,0,0,0,Fine,Null
1759901.027,5915772.2333,858092,,516003,0,,0,2,,Null,2022/2023,GREEN LANE EAST,GREAT SOUTH ROAD,,Non-Injury Crash,No,2023,,South,,0,,Flat,,,,,,Dark,495200,0,0,0,2,,,0,,,,,,Auckland Region,Nil,1-way,Sealed,,0,0,,50,,On,0,0,,76,Auckland,Traffic Signals,,,,,0,0,Urban,0,,,Light rain,None
1771664.429,5910044.3684,858093,,523114,0,,0,0,,North,2023/2024,POINT VIEW DRIVE,MASONS ROAD,,Non-Injury Crash,No,2023,,North,,0,,Hill Road,,Christmas New Year,,,,Overcast,712026,0,0,0,2,,,0,,,,,,Auckland Region,Nil,2-way,Sealed,,0,0,,50,,Off,0,0,,76,Auckland,Nil,,,,,0,0,Urban,1,,,Light rain,Null
1748235.461,5961095.6513,858096,35,506613,0,0,0,2,1,North,2024/2025,POHUEHUE ROAD,MAHURANGI WEST ROAD,,Minor Crash,No,2024,0,South,0,0,0,Hill Road,0,,0,,0,Overcast,146800,2,0,0,2,0,0,0,0,0,,0,0,Auckland Region,Nil,2-way,Sealed,0,0,0,0,80,0,None,0,0,,76,Auckland,Nil,0,0,0,0,0,0,Open,0,0,0,Fine,Null
1755804.0611,5920746.8169,858103,,515202,0,0,1,0,0,North,2023/2024,NEW STREET,GREEN STREET,,Non-Injury Crash,No,2023,0,North,0,0,0,Flat,0,,0,,0,Bright sun,425200,0,0,0,2,0,0,0,0,0,,0,1,Auckland Region,Nil,2-way,Sealed,0,1,0,0,50,0,Off,0,0,,76,Auckland,Nil,0,0,0,0,0,0,Urban,0,0,0,Light rain,Null
1752518.9217,5917061.7203,858107,,517800,0,,0,1,,North,2023/2024,CARRINGTON ROAD,CARRINGTON TECH GT4,,Non-Injury Crash,No,2023,,South,,0,,Flat,,,,,,Overcast,525500,0,0,0,4,,,0,,,,,,Auckland Region,Nil,2-way,Sealed,,0,0,,50,,Off,0,0,,76,Auckland,Traffic Signals,,,,,0,0,Urban,1,,,Fine,Null
1756131.6765,5920547.5893,858109,,514102,0,,0,2,,Null,2023/2024,BEAUMONT STREET,VICTORIA STREET WEST,,Non-Injury Crash,No,2023,,South,,0,,Flat,,,,,,Bright sun,432500,0,0,0,4,,,0,,,,,,Auckland Region,Nil,2-way,Sealed,,0,0,,30,,Off,0,0,,76,Auckland,Traffic Signals,,,,,0,0,Urban,0,,,Fine,Null
1747476.8412,5919574.0892,858112,,512300,0,,0,1,,Null,2023/2024,NORTH-WESTERN MOTORWAY,TE ATATU ROAD ON RAMP,,Non-Injury Crash,Yes,2024,,East,,0,,Flat,,,,,,Overcast,252000,0,0,0,4,,,0,,,,,,Auckland Region,Nil,1-way,Sealed,,0,0,,100,,Off,0,0,,76,Auckland,Nil,,,,,1,0,Open,0,,,Fine,Null
1755172.0922,5924728.6585,858116,,509800,0,0,0,2,0,Null,2023/2024,ONEWA ROAD,BUSH VIEW LANE,,Non-Injury Crash,No,2024,0,East,0,0,0,Flat,0,,0,,0,Dark,361600,0,0,0,4,0,0,0,0,1,,0,0,Auckland Region,Nil,2-way,Sealed,0,0,0,0,50,0,On,0,0,,76,Auckland,Nil,0,0,0,0,0,0,Urban,0,0,0,Light rain,Null
1778107.1747,5915853.9564,858117,,523300,0,,0,0,,Null,2023/2024,BEACHLANDS ROAD,WAKELIN ROAD,,Minor Crash,No,2024,,West,,0,,Flat,,,,,,Bright sun,719106,1,0,0,2,,,0,,,,,,Auckland Region,Nil,2-way,Sealed,,0,0,,50,,Off,2,0,,76,Auckland,Give way,,,,,0,0,Urban,0,,,Fine,Null
1759059.203,5911786.1443,858120,,519820,0,,0,2,,Null,2024/2025,ONEHUNGA MALL,NEILSON STREET,,Non-Injury Crash,No,2024,,North,,0,,Flat,,,,,,Dark,602402,0,0,0,4,,,0,,,,,,Auckland Region,Nil,2-way,Sealed,,0,0,,50,,On,0,0,,76,Auckland,Traffic Signals,,,,,0,0,Urban,0,,,Fine,Null
1768458.9108,5904473.6856,858128,,523820,0,,0,2,,West,2023/2024,REDOUBT ROAD,BIRCHLEA RISE,,Non-Injury Crash,No,2023,,East,,0,,Flat,,,,,,Bright sun,759901,0,0,0,3,,,0,,,,,,Auckland Region,Nil,2-way,Sealed,,0,0,,50,,Off,0,0,,76,Auckland,Nil,,,,,0,0,Urban,0,,,Fine,None
1760395.1748,5911815.3685,858129,,520000,0,,0,1,,Null,2023/2024,NEILSON STREET,CAPTAIN SPRINGS ROAD,,Non-Injury Crash,No,2024,,East,,0,,Flat,,,,,,Bright sun,607400,0,0,0,5,,,0,,,,,,Auckland Region,Nil,2-way,Sealed,,0,0,,50,,Off,1,0,,76,Auckland,Traffic Signals,,,,,0,0,Urban,1,,,Fine,Null
1769918.9949,5909845.4701,858132,,523113,0,0,0,1,0,Null,2024/2025,SMALES ROAD,TE IRIRANGI DRIVE,,Non-Injury Crash,No,2024,0,West,0,0,0,Flat,0,,0,,0,Dark,711813,0,0,0,2,0,1,0,0,0,,0,0,Auckland Region,Nil,1-way,Sealed,0,0,0,0,50,0,On,0,0,,76,Auckland,Traffic Signals,0,1,0,0,0,0,Urban,0,0,0,Fine,Null
1754870.8375,5913213.3815,858133,,518803,0,,0,2,,Null,2023/2024,DOMINION ROAD,YOUTH STREET,,Non-Injury Crash,No,2023,,North,,0,,Flat,,,,,,Dark,582700,0,0,0,2,,,0,,,,,,Auckland Region,Nil,2-way,Sealed,,0,0,,50,,On,0,0,,76,Auckland,Traffic Signals,,,,,0,0,Urban,0,,,Fine,Null
1764470.1039,5918922.6282,858135,,516602,0,0,0,1,0,South,2022/2023,ALLUM STREET,HOPKINS CRESCENT,,Minor Crash,No,2023,0,North,0,0,1,Hill Road,0,,0,,0,Dark,506500,1,0,0,2,0,1,0,0,0,,1,0,Auckland Region,Nil,2-way,Sealed,0,0,0,0,50,0,On,0,0,,76,Auckland,Nil,0,0,0,1,0,0,Urban,0,0,0,Fine,Null
1758130.334,5915607.6172,858136,,515801,0,,0,2,,Null,2022/2023,MANUKAU ROAD,QUEEN MARY AVENUE,,Non-Injury Crash,No,2023,,South,,0,,Flat,,,,,,Dark,447200,0,0,0,2,,,0,,,,,,Auckland Region,Nil,2-way,Sealed,,0,0,,50,,On,0,0,,76,Auckland,Nil,,,,,0,0,Urban,0,,,Fine,None
1751987.4447,5925627.2563,858153,,510220,0,,0,1,,North,2023/2024,BIRKDALE ROAD,GATMAN STREET,,Non-Injury Crash,No,2023,,North,,0,,Flat,,,,,,Overcast,349802,0,0,0,2,,,0,,,,,,Auckland Region,Nil,2-way,Sealed,,0,0,,50,,Off,1,0,,76,Auckland,Nil,,,,,0,0,Urban,0,,,Fine,Null
1771259.9251,5905265.0317,858168,,523713,0,,0,2,,Null,2024/2025,MURPHYS PARK DRIVE,PICTURESQUE DRIVE,,Non-Injury Crash,No,2024,,West,,0,,Null,,Christmas New Year,,,,Overcast,713501,0,0,0,2,,,0,,,,,,Auckland Region,Nil,2-way,Sealed,,0,0,,50,,Null,0,0,,76,Auckland,Give way,,,,,0,0,Urban,0,,,Fine,Null
1754631.5862,5918047.9105,858172,,517600,0,0,0,3,0,South,2024/2025,FINCH STREET,DON CROOT STREET,,Non-Injury Crash,No,2024,0,North,0,0,0,Hill Road,0,,0,,0,Dark,533100,0,0,0,2,0,0,0,0,1,,0,0,Auckland Region,Nil,2-way,Sealed,0,0,0,0,50,0,On,1,0,,76,Auckland,Nil,0,0,0,0,0,0,Urban,0,0,0,Fine,Null
1764899.6583,5903907.0514,858176,,524604,0,,0,2,,Null,2022/2023,CAVENDISH DRIVE,NOEL BURNSIDE ROAD,,Non-Injury Crash,No,2023,,North,,0,,Flat,,,,,,Bright sun,781301,0,0,0,5,,,0,,,,,,Auckland Region,Nil,2-way,Sealed,,0,0,,50,,Off,0,0,,76,Auckland,Traffic Signals,,,,,0,0,Urban,0,,,Fine,None
1766901.631,5907656.8608,858181,,523501,0,,0,1,,Null,2023/2024,EAST TAMAKI ROAD,BAIRDS ROAD,,Non-Injury Crash,No,2023,,East,,0,,Flat,,Labour Weekend,,,,Dark,700700,0,0,0,2,,,0,,,,,,Auckland Region,Nil,2-way,Sealed,,0,0,,50,,On,0,0,,76,Auckland,Traffic Signals,,,,,1,0,Urban,0,,,Fine,Null
1765099.7137,5910079.5309,858191,,521803,0,,0,3,,North,2023/2024,SOUTHERN MOTORWAY,PRINCES ST-OTAHUHU ON RAMP,,Non-Injury Crash,Yes,2023,,South,,0,,Flat,,,,,,Bright sun,790500,0,0,0,3,,,0,,,,,,Auckland Region,Nil,1-way,Sealed,,0,0,,100,,None,0,0,,76,Auckland,Nil,,,,,0,0,Open,0,,,Fine,Null
1760605.8613,5912347.3011,858192,,520000,1,,0,1,,Null,2024/2025,CHURCH STREET,MAYS ROAD,,Minor Crash,No,2025,,East,,0,,Flat,,,,,,Dark,607500,1,0,0,2,,,0,,,,,,Auckland Region,Nil,2-way,Sealed,,0,0,,50,,On,0,0,,76,Auckland,Give way,,,,,0,0,Urban,0,,,Fine,Null
1756758.0986,5919879.5827,858193,,514102,0,,0,2,,Null,2023/2024,HOBSON STREET,HOBSON STREET ON RAMP,,Non-Injury Crash,No,2023,,South,,0,,Flat,,,,,,Twilight,434603,0,0,0,5,,,0,,,,,,Auckland Region,Nil,1-way,Sealed,,0,0,,40,,On,0,0,,76,Auckland,Traffic Signals,,,,,0,0,Urban,0,,,Light rain,Null
1753159.6488,5928226.4253,858197,,508210,0,,0,0,,West,2022/2023,KAIPATIKI ROAD,EMIRAU PLACE,,Non-Injury Crash,No,2023,,East,,0,,Hill Road,,,,,,Bright sun,186600,0,0,0,2,,,0,,,,,,Auckland Region,Nil,2-way,Sealed,,0,0,,50,,Off,1,0,,76,Auckland,Nil,,,,,0,0,Urban,1,,,Fine,Null
1769327.2295,5900146.4455,858200,,525002,0,,0,0,,South,2024/2025,GREAT SOUTH ROAD,KEVALE PLACE,,Non-Injury Crash,No,2024,,South,,0,,Flat,,,,,,Bright sun,754000,0,0,1,2,,,0,,,1,,,Auckland Region,Nil,2-way,Sealed,,0,0,,50,,Off,0,0,,76,Auckland,Nil,,,,,0,0,Urban,0,,,Fine,Null
1765966.5147,5907107.0479,858201,,522301,0,0,0,3,0,Null,2023/2024,WINTERE ROAD,CHARLES STREET,,Non-Injury Crash,No,2023,0,South,0,0,0,Flat,0,,0,,0,Dark,667000,0,0,0,2,0,0,0,0,1,,0,0,Auckland Region,Nil,2-way,Sealed,0,0,0,0,10,0,On,0,0,,76,Auckland,Nil,0,0,0,0,0,0,Urban,0,0,0,Fine,Null
1760142.9553,5915905.687,858203,,516003,0,,0,2,,Null,2022/2023,GREEN LANE EAST OFF RAMP,GREEN LANE EAST,,Non-Injury Crash,No,2023,,West,,0,,Flat,,,,,,Bright sun,494902,0,0,0,2,,,0,,,,,,Auckland Region,Overpass,1-way,Sealed,,0,0,,50,,Null,0,0,,76,Auckland,Give way,,,,,0,0,Urban,0,,,Fine,Null