X,Y,OBJECTID,advisorySpeed,areaUnitID,bicycle,bridge,bus,carStationWagon,cliffBank,crashDirectionDescription,crashFinancialYear,crashLocation1,crashLocation2,crashRoadSideRoad,crashSeverity,crashSHDescription,crashYear,debris,directionRoleDescription,ditch,fatalCount,fence,flatHill,guardRail,holiday,houseOrBuilding,intersection,kerb,light,meshblockId,minorInjuryCount,moped,motorcycle,NumberOfLanes,objectThrownOrDropped,otherObject,otherVehicleType,overBank,parkedVehicle,pedestrian,phoneBoxEtc,postOrPole,region,roadCharacter,roadLane,roadSurface,roadworks,schoolBus,seriousInjuryCount,slipOrFlood,speedLimit,strayAnimal,streetLight,suv,taxi,temporarySpeedLimit,tlaId,tlaName,trafficControl,trafficIsland,trafficSign,train,tree,truck,unknownVehicleType,urban,vanOrUtility,vehicle,waterRiver,weatherA,weatherB
1770752.4944,5897219.0556,858205,,523912,0,,0,2,,South,2023/2024,SOUTHERN MOTORWAY,PAHUREHURE NO 1 BR,,Non-Injury Crash,Yes,2023,,North,,0,,Flat,,,,,,Bright sun,767803,0,0,0,3,,,0,,,,,,Auckland Region,Nil,1-way,Sealed,,0,0,,100,,Off,0,0,,76,Auckland,Nil,,,,,1,0,Open,0,,,Fine,Null
1749936.2998,5914789.1425,858212,,511303,0,,0,2,,North,2024/2025,RATA STREET,CUNARD STREET,,Non-Injury Crash,No,2024,,South,,0,,Null,,,,,,Unknown,266502,0,0,0,2,,,0,,,,,,Auckland Region,Nil,1-way,Sealed,,0,0,,50,,Null,0,0,,76,Auckland,Nil,,,,,0,0,Urban,0,,,Fine,Null
1754629.1554,5933746.6553,858216,,508804,0,,0,1,,South,2024/2025,EAST COAST ROAD,ARRAN ROAD,,Minor Crash,No,2025,,North,,0,,Flat,,,,,,Bright sun,156502,2,0,0,2,,,0,,,,,,Auckland Region,Nil,2-way,Sealed,,0,0,,50,,Off,0,0,,76,Auckland,Nil,,,,,0,1,Urban,0,,,Fine,Null
1773013.846,5896413.8492,858220,,525410,0,,0,3,,Null,2024/2025,CLEVEDON ROAD,RON KEAT DRIVE,,Minor Crash,No,2025,,West,,0,,Flat,,,,,,Bright sun,793100,3,0,0,2,,,0,,,,,,Auckland Region,Nil,2-way,Sealed,,0,0,,50,,On,0,0,,76,Auckland,Give way,,,,,0,0,Urban,1,,,Fine,Null
1769467.0092,5901760.6194,858222,,524901,0,,0,2,,Null,2022/2023,HILL ROAD,GRANDE VUE ROAD,,Minor Crash,No,2023,,North,,0,,Flat,,,,,,Overcast,756000,2,0,0,1,,,0,,,,,,Auckland Region,Nil,1-way,Sealed,,0,0,,50,,Off,0,0,,76,Auckland,Give way,,,,,0,0,Urban,0,,,Light rain,Null
1757420.3897,5926282.1282,858224,,507900,0,,0,2,,North,2024/2025,FRED THOMAS DRIVE,ESMONDE ROAD,,Non-Injury Crash,No,2024,,North,,0,,Null,,,,,,Unknown,304000,0,0,0,2,,,0,,,,,,Auckland Region,Nil,2-way,Null,,0,0,,50,,Null,0,0,,76,Auckland,Nil,,,,,0,0,Urban,0,,,Null,Null
1753126.6706,5932467.9944,858225,,508807,0,0,0,0,0,North,2023/2024,HENRY ROSE PLACE,ROSEDALE ROAD,,Non-Injury Crash,No,2024,0,South,0,0,0,Flat,0,,0,,0,Overcast,180811,0,0,0,2,0,0,0,0,1,,0,0,Auckland Region,Nil,2-way,Sealed,0,0,0,0,50,0,Off,1,0,,76,Auckland,Nil,0,0,0,0,1,0,Urban,1,0,0,Fine,Null
1760884.9892,5914798.3765,858231,,520202,0,,0,2,,Null,2022/2023,KALMIA STREET,STANWAY PLACE,,Minor Crash,No,2023,,South,,0,,Flat,,,,,,Overcast,611800,2,0,0,2,,,0,,,,,,Auckland Region,Nil,2-way,Sealed,,0,0,,50,,Off,0,0,,76,Auckland,Give way,,,,,0,0,Urban,0,,,Fine,Null
1747105.4398,5917510.686,858232,,512500,0,0,0,3,0,South,2024/2025,FINLOW DRIVE,MCLEOD ROAD,,Non-Injury Crash,No,2024,0,North,0,0,0,Flat,0,,0,,0,Bright sun,258600,0,0,0,2,0,0,0,0,2,,0,0,Auckland Region,Nil,2-way,Sealed,0,0,0,0,30,0,Off,0,0,,76,Auckland,Nil,0,0,0,0,0,0,Urban,0,0,0,Fine,Null
1743199.0468,5947836.4615,858235,,506614,0,0,0,0,0,West,2023/2024,WAINUI ROAD,JOBLIN ROAD,,Minor Crash,No,2023,0,West,1,0,0,Flat,0,,0,,0,Twilight,177402,1,0,1,2,0,0,0,0,0,,0,0,Auckland Region,Nil,2-way,Sealed,0,0,0,0,100,0,None,0,0,,76,Auckland,Nil,0,0,0,0,0,0,Open,0,0,0,Fine,Null
1760211.6269,5922413.7883,858236,,509400,0,0,0,0,0,Null,2024/2025,WYNYARD STREET,CLARENCE STREET,,Non-Injury Crash,No,2024,0,South,0,0,0,Flat,0,,0,,0,Unknown,331200,0,0,0,2,0,0,0,0,1,,0,0,Auckland Region,Nil,2-way,Sealed,0,0,0,0,30,0,Null,1,0,,76,Auckland,Give way,0,0,0,0,0,0,Urban,1,0,0,Null,Null
1744177.9465,5917583.038,858252,,513220,0,0,0,1,0,North,2024/2025,HARVEST DRIVE,STURGES ROAD,,Minor Crash,No,2025,0,East,0,0,0,Hill Road,0,,0,,0,Bright sun,236710,1,0,0,2,0,0,0,0,1,,0,0,Auckland Region,Nil,2-way,Sealed,0,0,0,0,50,0,Off,0,0,,76,Auckland,Nil,0,0,0,0,1,0,Urban,0,0,0,Fine,Null
1760667.5186,5914873.7655,858256,,519400,0,,0,2,,South,2024/2025,GREAT SOUTH ROAD,WAIOHUA ROAD,,Minor Crash,No,2024,,South,,0,,Flat,,,,,,Overcast,619600,1,0,0,4,,,0,,,,,,Auckland Region,Nil,2-way,Sealed,,0,0,,50,,Off,0,0,,76,Auckland,Nil,,,,,0,0,Urban,0,,,Fine,Null
1751196.5895,5914992.5728,858257,,514402,0,0,0,2,0,Null,2023/2024,ST GEORGES ROAD,ST GEORGES ROAD,,Non-Injury Crash,No,2023,0,South,0,0,0,Flat,0,,0,,0,Bright sun,381200,0,0,0,2,0,0,0,0,1,,0,0,Auckland Region,Nil,2-way,Sealed,0,0,0,0,50,0,None,0,0,,76,Auckland,Nil,0,0,0,0,0,0,Urban,0,0,0,Fine,Null
1755024.4305,5930860.7394,858260,,508520,0,,0,1,,Null,2024/2025,SYCAMORE DRIVE,JUNIPER ROAD,,Minor Crash,No,2024,,North,,0,,Null,,,,,,Bright sun,191401,1,0,0,2,,,0,,,1,,,Auckland Region,Nil,2-way,Sealed,,0,0,,50,,Off,0,0,,76,Auckland,Give way,,,,,0,0,Urban,0,,,Fine,Null
1771938.8823,5895178.6675,858261,,525540,0,0,0,2,0,East,2023/2024,BEACH ROAD,CHICHESTER DRIVE,,Non-Injury Crash,No,2023,0,West,0,0,0,Flat,0,,0,,0,Overcast,805901,0,0,0,2,0,0,0,0,1,,0,0,Auckland Region,Nil,2-way,Sealed,0,0,0,0,50,0,Off,0,0,,76,Auckland,Nil,0,0,0,0,0,0,Urban,0,0,0,Fine,Null
1768015.0229,5882088.584,858268,45,525910,0,0,0,1,0,Null,2024/2025,BEATTY ROAD,BIRDWOOD ROAD,,Non-Injury Crash,No,2024,0,North,0,0,1,Flat,0,,0,,0,Bright sun,819301,0,0,0,2,0,0,0,0,0,,0,0,Auckland Region,Nil,2-way,Sealed,0,0,0,0,50,0,None,0,0,,76,Auckland,Nil,0,0,0,0,0,0,Urban,0,0,0,Fine,Null
1769678.2871,5914743.84,858269,,522723,0,,0,2,,Null,2023/2024,PAKURANGA ROAD,DUNROBIN PLACE,,Non-Injury Crash,No,2023,,West,,0,,Flat,,,,,,Bright sun,681304,0,0,0,6,,,0,,,,,,Auckland Region,Nil,2-way,Sealed,,0,0,,50,,None,0,0,,76,Auckland,Traffic Signals,,,,,0,0,Urban,0,,,Fine,Null
1744166.0663,5914768.964,858281,,513013,0,0,0,1,0,West,2023/2024,PINE AVENUE,PARRS CROSS ROAD,,Minor Crash,No,2024,0,West,0,0,0,Flat,0,Easter,0,,0,Dark,281300,1,0,0,2,0,0,0,0,1,,0,0,Auckland Region,Nil,2-way,Sealed,0,0,0,0,50,0,On,1,0,,76,Auckland,Nil,0,0,0,0,0,0,Urban,0,0,0,Fine,Null
1752905.85,5934947.5518,858284,,508701,0,,0,3,,Null,2024/2025,OTEHA VALLEY ROAD,OTEHA VALLEY ROAD OFF RAMP,,Non-Injury Crash,No,2024,,West,,0,,Flat,,,,,,Twilight,179000,0,0,0,2,,,0,,,,,,Auckland Region,Nil,1-way,Sealed,,0,0,,40,,On,0,0,,76,Auckland,Give way,,,,,0,0,Urban,0,,,Fine,Null
1769848.0858,5914779.7518,858285,,522722,0,,0,2,,Null,2023/2024,PAKURANGA ROAD,AVIEMORE DRIVE,,Minor Crash,No,2023,,East,,0,,Flat,,,,,,Overcast,681324,1,0,0,5,,,0,,,,,,Auckland Region,Nil,2-way,Sealed,,0,0,,50,,Off,0,0,,76,Auckland,Traffic Signals,,,,,0,0,Urban,0,,,Heavy rain,Null
1754230.1331,5914175.1738,858289,,518802,0,,0,2,,Null,2023/2024,STODDARD ROAD,DENNY AVENUE,,Non-Injury Crash,No,2023,,East,,0,,Flat,,,,,,Overcast,579600,0,0,0,2,,,0,,,,,,Auckland Region,Nil,2-way,Sealed,,0,0,,50,,Off,0,0,,76,Auckland,Give way,,,,,0,0,Urban,0,,,Light rain,Null
1744215.9572,5917460.2583,858292,,513011,0,0,0,2,0,Null,2024/2025,STURGES ROAD,FITZWATER PLACE,,Minor Crash,No,2025,0,North,0,0,0,Flat,0,,0,,0,Bright sun,280402,1,0,0,2,0,0,0,0,1,,0,0,Auckland Region,Nil,2-way,Sealed,0,0,0,0,50,0,Off,0,0,,76,Auckland,Stop,0,0,0,0,0,0,Urban,0,0,0,Fine,Null
1768214.5472,5901316.1486,858293,,525001,0,,0,2,,East,2023/2024,BEATTY AVENUE,JELLICOE ROAD,,Non-Injury Crash,No,2023,,South,,0,,Flat,,,,,,Dark,751200,0,0,0,2,,,0,,,,,,Auckland Region,Nil,2-way,Sealed,,0,0,,50,,On,0,0,,76,Auckland,Nil,,,,,0,0,Urban,0,,,Fine,Null
1755145.1913,5921064.492,858300,,515202,0,,0,1,,South,2023/2024,CURRAN STREET,TWEED STREET,,Non-Injury Crash,No,2024,,North,,0,,Flat,,,,,,Unknown,424500,0,0,1,2,,,0,,,,,,Auckland Region,Nil,2-way,Sealed,,0,0,,50,,Off,0,0,,76,Auckland,Nil,,,,,0,0,Urban,0,,,Fine,None
1773111.4458,5914519.9755,858305,,521502,0,0,0,2,0,South,2024/2025,LITTEN ROAD,CHURCHILL ROAD,,Serious Crash,No,2024,0,North,0,0,0,Flat,0,,0,,0,Dark,653400,0,0,0,2,0,0,0,0,1,,0,0,Auckland Region,Nil,2-way,Sealed,0,0,1,0,50,0,On,0,0,40,76,Auckland,Nil,0,0,0,0,0,0,Urban,0,0,0,Fine,Null
1771077.8039,5914679.362,858313,,521601,0,,0,2,,Null,2023/2024,RIDGE ROAD,VINCENT STREET,,Non-Injury Crash,No,2023,,South,,0,,Flat,,,,,,Overcast,646500,0,0,0,4,,,0,,,,,,Auckland Region,Nil,2-way,Sealed,,0,0,,50,,Off,0,0,,76,Auckland,Give way,,,,,0,0,Urban,0,,,Fine,Null
1771997.7635,5897241.8375,858335,,525420,0,,0,2,,Null,2024/2025,GREAT SOUTH ROAD,TRENTHAM ROAD,,Non-Injury Crash,No,2025,,North,,0,,Flat,,,,,,Dark,790800,0,0,0,2,,,0,,,,,,Auckland Region,Nil,2-way,Sealed,,0,0,,50,,On,0,0,,76,Auckland,Nil,,,,,0,0,Urban,0,,,Fine,Null
1756583.7643,5943844.5086,858346,,505902,0,0,0,1,0,South,2022/2023,WHANGAPARAOA ROAD,HOMESTEAD ROAD,,Non-Injury Crash,No,2023,0,South,0,0,0,Hill Road,0,,0,,0,Overcast,174604,0,0,0,2,0,0,0,0,1,,0,0,Auckland Region,Nil,2-way,Sealed,0,0,0,0,50,0,Off,0,0,,76,Auckland,Nil,0,0,0,0,1,0,Urban,0,0,0,Fine,Strong wind
1754040.219,5935176.1145,858348,,508704,0,,0,0,,North,2023/2024,EAST COAST ROAD,ANDERSONS ROAD,,Non-Injury Crash,No,2024,,North,,0,,Flat,,,,,,Bright sun,178611,0,0,0,2,,,0,,,,,,Auckland Region,Nil,2-way,Sealed,,0,0,,50,,Off,0,0,,76,Auckland,Nil,,,,,0,0,Urban,2,,,Fine,Null
1753277.7503,5933056.2841,858352,,508807,0,,0,2,,Null,2023/2024,GREVILLE ROAD OFF RAMP,TAWA DRIVE,,Minor Crash,No,2024,,North,,0,,Flat,,,,,,Bright sun,180811,2,0,0,4,,,0,,,,,,Auckland Region,Nil,2-way,Sealed,,0,0,,50,,Off,0,0,,76,Auckland,Traffic Signals,,,,,0,0,Urban,0,,,Fine,Null
1769397.5491,5880690.8404,858358,,525922,0,,0,2,,South,2023/2024,MANUKAU ROAD,CUSTOM STREET,,Minor Crash,No,2023,,South,,0,,Hill Road,,,,,,Overcast,823300,1,0,0,2,,,0,,,,,,Auckland Region,Nil,2-way,Sealed,,0,0,,50,,Off,1,0,,76,Auckland,Nil,,,,,0,0,Urban,0,,,Fine,Null
1747547.3135,5969488.1672,858364,,505500,0,,0,1,,Null,2024/2025,WOODCOCKS ROAD,MASON HEIGHTS,,Serious Crash,No,2024,,West,,0,,Hill Road,,,,,,Bright sun,146002,0,0,0,2,,,0,,,1,,,Auckland Region,Nil,2-way,Sealed,,0,1,,50,,None,0,0,,76,Auckland,Give way,,,,,0,0,Urban,0,,,Fine,Null
1754139.7102,5888699.1928,858366,75,521122,0,0,0,0,0,East,2022/2023,CLARKS BEACH ROAD,FARLEY ROAD,,Non-Injury Crash,No,2023,0,West,0,0,0,Flat,0,,0,,0,Dark,811100,0,0,0,2,0,0,0,0,0,,0,0,Auckland Region,Nil,2-way,Sealed,0,0,0,0,80,1,None,0,0,,76,Auckland,Nil,0,0,0,0,0,0,Open,1,0,0,Fine,Null
1755130.0414,5927959.0157,858371,,508620,0,,0,0,,North,2025/2026,ARCHERS ROAD,CHIVALRY ROAD,,Non-Injury Crash,No,2025,,South,,0,,Flat,,,,,,Bright sun,202600,0,0,0,2,,,0,,,,,,Auckland Region,Nil,2-way,Sealed,,0,0,,50,,Off,2,0,,76,Auckland,Nil,,,,,0,0,Urban,0,,,Fine,Null
1769686.2534,5907165.6255,858379,,523713,0,,0,2,,South,2025/2026,CHAPEL ROAD,FUSION ROAD,,Minor Crash,No,2025,,South,,0,,Flat,,,,,,Dark,713100,2,0,0,2,,,0,,,,,,Auckland Region,Nil,2-way,Sealed,,0,0,,50,,On,0,0,,76,Auckland,Nil,,,,,0,0,Urban,0,,,Light rain,Null
1756560.7424,5918906.5441,858382,,514200,0,,0,2,,West,2023/2024,NEWTON ROAD,FLEET STREET,,Non-Injury Crash,No,2023,,West,,0,,Hill Road,,,,,,Bright sun,412800,0,0,0,4,,,0,,,,,,Auckland Region,Nil,2-way,Sealed,,0,0,,50,,None,1,0,,76,Auckland,Nil,,,,,0,0,Urban,0,,,Fine,Null
1754580.555,5930760.9206,858384,,508420,0,,0,2,,Null,2023/2024,UPPER HARBOUR HWY OFF RAMP,NORTHERN MOTORWAY,,Non-Injury Crash,Yes,2023,,North,,0,,Flat,,,,,,Bright sun,182008,0,0,0,3,,,0,,,,,,Auckland Region,Nil,1-way,Sealed,,0,0,,100,,Off,0,0,,76,Auckland,Nil,,,,,0,0,Open,0,,,Fine,Null
1743016.0353,5921547.1184,858387,,513631,0,,0,1,,Null,2024/2025,GALLONY AVENUE,KILCAR PLACE,,Non-Injury Crash,No,2025,,South,,0,,Null,,,,,,Unknown,227205,0,0,0,2,,,0,,,,,,Auckland Region,Nil,2-way,Null,,0,0,,50,,Null,0,0,,76,Auckland,Nil,,,,,0,0,Urban,1,,,Null,Null
1761755.6811,5906572.8956,858391,,524520,0,,0,2,,Null,2024/2025,MASSEY ROAD,MASSEY ROAD ON RAMP,,Non-Injury Crash,No,2025,,South,,0,,Flat,,,,,,Bright sun,736300,0,0,0,5,,,0,,,,,,Auckland Region,Bridge,2-way,Sealed,,0,0,,50,,None,0,0,,76,Auckland,Traffic Signals,,,,,0,0,Urban,0,,,Fine,Null
1760436.2731,5908915.0267,858404,,524403,0,,0,2,,West,2023/2024,WALMSLEY ROAD,ROBERTSON ROAD,,Non-Injury Crash,No,2024,,West,,0,,Flat,,,,,,Bright sun,729901,0,0,0,2,,,0,,,,,,Auckland Region,Nil,2-way,Sealed,,0,0,,60,,Off,0,0,,76,Auckland,Nil,,,,,0,0,Urban,0,,,Fine,Null
1767592.555,5905372.307,858410,,524603,0,,0,2,,North,2022/2023,SOUTHERN MOTORWAY,TE IRIRANGI OBR,,Minor Crash,Yes,2023,,North,,0,,Flat,,,,,,Bright sun,780304,1,0,0,3,,,0,,,,,,Auckland Region,Nil,1-way,Sealed,,0,0,,100,,On,0,0,,76,Auckland,Nil,,,,,0,0,Open,1,,,Fine,Null
1768113.9039,5907615.1992,858412,,523711,0,,0,1,,North,2022/2023,PRESTON ROAD,GERALDINE ROAD,,Non-Injury Crash,No,2023,,Null,,0,,Hill Road,,,,,,Bright sun,713700,0,0,0,2,,,0,,,,,,Auckland Region,Nil,2-way,Sealed,,0,0,,50,,Off,0,0,,76,Auckland,Nil,,,,,0,0,Urban,1,,,Fine,None
1768790.8095,5906162.3046,858413,,523711,0,,0,0,,West,2022/2023,NORRIE SMITH AVENUE,PENION DRIVE,,Serious Crash,No,2023,,South,,0,,Flat,,,,,,Bright sun,713005,0,0,1,2,,,0,,,,,,Auckland Region,Nil,2-way,Sealed,,0,1,,50,,Off,0,0,,76,Auckland,Nil,,,,,0,0,Urban,0,,,Fine,Null
1769823.8005,5913525.5032,858416,,522722,0,0,0,0,0,North,2024/2025,AVIEMORE DRIVE,DE QUINCEY TERRACE,,Minor Crash,No,2024,0,North,0,0,0,Flat,0,,0,,0,Dark,681337,1,0,0,2,0,0,0,0,0,,0,0,Auckland Region,Nil,2-way,Sealed,0,0,0,0,50,0,On,1,0,,76,Auckland,Nil,0,0,0,1,0,0,Urban,0,0,0,Fine,Null
1765400.4827,5907196.661,858423,,522301,0,,0,2,,Null,2024/2025,GREAT SOUTH ROAD,MAXWELL AVENUE,,Non-Injury Crash,No,2025,,South,,0,,Flat,,,,,,Twilight,665800,0,0,0,2,,,0,,,,,,Auckland Region,Nil,2-way,Sealed,,0,0,,50,,On,0,0,,76,Auckland,Give way,,,,,0,0,Urban,0,,,Light rain,Null
1767299.0961,5905125.4245,858428,,524603,0,,0,1,,Null,2023/2024,GREAT SOUTH ROAD,RYAN PLACE,,Minor Crash,No,2024,,South,,0,,Flat,,,,,,Bright sun,780304,1,0,1,4,,,0,,,,,,Auckland Region,Nil,2-way,Sealed,,0,0,,60,,None,0,0,,76,Auckland,Traffic Signals,,,,,0,0,Urban,0,,,Fine,Null
1747835.1589,5930424.3787,858436,,509000,0,,0,2,,Null,2022/2023,PAREMOREMO ROAD,ATTWOOD ROAD,,Non-Injury Crash,No,2023,,South,,0,,Hill Road,,,,,,Dark,179701,0,0,0,2,,,0,,,,,,Auckland Region,Nil,2-way,Sealed,,0,0,,60,,On,0,0,,76,Auckland,Give way,,,,,0,0,Urban,0,,,Fine,Null
1745375.3712,5916997.3855,858447,,510800,0,,0,1,,Null,2024/2025,RAILSIDE AVENUE,EDSEL STREET,,Minor Crash,No,2025,,South,,0,,Flat,,,,,,Bright sun,242700,1,0,0,2,,,0,,,,,,Auckland Region,Nil,2-way,Sealed,,0,0,,50,,Off,0,0,,76,Auckland,Traffic Signals,,,,,0,0,Urban,1,,,Fine,Null
1757326.1626,5919509.7247,858450,,514301,0,,0,1,,Null,2022/2023,SYMONDS STREET,CITY ROAD,,Minor Crash,No,2023,,South,,0,,Flat,,,,,,Overcast,440904,1,0,1,2,,,0,,,,,,Auckland Region,Nil,2-way,Sealed,,0,0,,30,,Off,0,0,,76,Auckland,Give way,,,,,0,0,Urban,0,,,Fine,Null
1754515.3937,5935380.5767,858455,,507102,0,0,0,0,0,South,2024/2025,SARTORS AVENUE,WOODRIDGE AVENUE,,Non-Injury Crash,No,2024,0,North,0,0,0,Null,0,,0,,0,Unknown,160500,0,0,0,2,0,0,0,0,1,,0,0,Auckland Region,Nil,2-way,Null,0,0,0,0,50,0,Null,1,0,,76,Auckland,Nil,0,0,0,0,0,1,Urban,0,0,0,Null,Null
1757339.9635,5926969.14,858460,,507900,0,,1,1,,West,2023/2024,ANZAC STREET,BARRYS POINT ROAD,,Non-Injury Crash,No,2023,,West,,0,,Flat,,,,,,Bright sun,305000,0,0,0,4,,,0,,,,,,Auckland Region,Nil,2-way,Sealed,,0,0,,50,,Off,0,0,,76,Auckland,Nil,,,,,0,0,Urban,0,,,Fine,Null
1764026.6307,5911861.6001,858472,,520500,0,,0,2,,North,2023/2024,MOUNT WELLINGTON HIGHWAY,GEORGE BOURKE DRIVE,,Non-Injury Crash,No,2023,,North,,0,,Flat,,,,,,Bright sun,637900,0,0,0,4,,,0,,,,,,Auckland Region,Nil,2-way,Sealed,,0,0,,50,,Off,0,0,,76,Auckland,Nil,,,,,0,0,Urban,0,,,Fine,Null
1759295.9523,5916617.2318,858476,,516001,0,,0,3,,North,2023/2024,SOUTHERN MOTORWAY,MARKET ROAD OFF RAMP,,Non-Injury Crash,Yes,2023,,North,,0,,Flat,,,,,,Overcast,491700,0,0,0,3,,,0,,,,,,Auckland Region,Nil,1-way,Sealed,,0,0,,100,,Off,0,0,,76,Auckland,Nil,,,,,0,0,Open,0,,,Fine,Null
1770663.6372,5905240.0071,858506,,523712,0,0,0,2,0,Null,2023/2024,KOROMEKE STREET,KOROMEKE STREET,,Non-Injury Crash,No,2024,0,South,0,0,0,Hill Road,0,,0,,0,Dark,713300,0,0,0,2,0,0,0,0,1,,0,0,Auckland Region,Nil,2-way,Sealed,0,0,0,0,50,0,On,0,0,30,76,Auckland,Nil,0,0,0,0,0,0,Urban,0,0,0,Fine,Null
1763336.9651,5909457.724,858510,,521901,0,,0,2,,South,2024/2025,WALMSLEY ROAD,STATION ROAD,,Non-Injury Crash,No,2024,,South,,0,,Null,,,,,,Unknown,783000,0,0,0,4,,,0,,,,,,Auckland Region,Nil,2-way,Sealed,,0,0,,50,,Null,0,0,,76,Auckland,Nil,,,,,0,0,Urban,0,,,Fine,Null
1757758.158,5944630.337,858513,,505902,0,0,0,2,0,East,2022/2023,WHANGAPARAOA ROAD,WHANGAPARAOA ROAD,,Non-Injury Crash,No,2023,0,East,0,0,0,Flat,0,,0,,0,Dark,174303,0,0,0,2,0,0,0,0,1,,0,0,Auckland Region,Nil,2-way,Sealed,0,0,0,0,50,0,On,0,0,,76,Auckland,Nil,0,0,0,0,0,0,Urban,0,0,0,Fine,Null
1763710.646,5916155.6439,858515,,517202,0,,0,2,,Null,2022/2023,SEARLE STREET,TIHI STREET,,Non-Injury Crash,No,2023,,North,,0,,Flat,,,,,,Overcast,465304,0,0,0,2,,,0,,,,,,Auckland Region,Nil,2-way,Sealed,,0,0,,50,,Off,0,0,,76,Auckland,Give way,,,,,0,0,Urban,0,,,Fine,Null
1755232.045,5914504.6754,858518,,518500,1,,0,1,,North,2025/2026,DOMINION ROAD,JASPER AVENUE,,Serious Crash,No,2025,,North,,0,,Hill Road,,,,,,Bright sun,560900,0,0,0,2,,,0,,,,,,Auckland Region,Nil,2-way,Sealed,,0,2,,50,,Off,0,0,,76,Auckland,Nil,,,,,0,0,Urban,0,,,Fine,Null
1749939.6252,5946156.14,858522,,506001,0,,0,2,,South,2024/2025,SILVERDALE STREET,PALM COURT,,Non-Injury Crash,No,2025,,North,,0,,Flat,,,,,,Bright sun,175400,0,0,0,2,,,0,,,,,,Auckland Region,Nil,2-way,Sealed,,0,0,,50,,Off,0,0,,76,Auckland,Nil,,,,,0,0,Urban,0,,,Fine,Null
1755837.8758,5921134.2114,858527,,515202,0,,0,2,,West,2022/2023,NORTHERN MOTORWAY,FANSHAWE STREET ON RAMP,,Non-Injury Crash,Yes,2023,,West,,0,,Flat,,,,,,Overcast,425600,0,0,0,4,,,0,,,,,,Auckland Region,Nil,1-way,Sealed,,0,0,,80,,Off,0,0,,76,Auckland,Nil,,,,,0,0,Open,0,,,Fine,Null
1764030.1978,5905285.4609,858529,,522100,0,0,0,2,0,Null,2023/2024,HILLSIDE ROAD,MAUMAHARA WAY,,Minor Crash,No,2023,0,East,0,0,0,Flat,0,,0,,0,Dark,658402,1,0,0,2,0,0,0,0,2,,0,0,Auckland Region,Nil,2-way,Sealed,0,0,0,0,50,0,On,0,0,,76,Auckland,Nil,0,0,0,0,0,0,Urban,2,0,0,Fine,Null
1759942.6807,5904181.3324,858534,,524200,0,,0,2,,North,2024/2025,JIMMY WARD CRESCENT,MANAWA BAY DRIVE,,Non-Injury Crash,No,2025,,East,,0,,Flat,,,,,,Dark,727800,0,0,0,2,,,0,,,,,,Auckland Region,Nil,2-way,Sealed,,0,0,,100,,On,0,0,,76,Auckland,Nil,,,,,0,0,Open,0,,,Fine,Null
1754990.3308,5932980.9908,858546,,508805,0,,0,2,,Null,2025/2026,EAST COAST ROAD,EAST COAST ROAD,,Non-Injury Crash,No,2025,,South,,0,,Hill Road,,,,,,Bright sun,180876,0,0,0,3,,,0,,,,,,Auckland Region,Nil,2-way,Sealed,,0,0,,50,,None,0,0,,76,Auckland,Nil,,,,,0,0,Urban,0,,,Fine,Null
1760098.6323,5923202.183,858551,,509400,0,,0,3,,Null,2023/2024,VICTORIA ROAD,MOZELEY AVENUE,,Minor Crash,No,2024,,South,,0,,Flat,,Christmas New Year,,,,Dark,331700,1,0,0,2,,,0,,,,,,Auckland Region,Nil,2-way,Sealed,,0,0,,50,,On,0,0,,76,Auckland,Stop,,,,,0,0,Urban,0,,,Light rain,Null
1770823.2231,5910121.3079,858553,,523109,0,,0,0,,South,2022/2023,KILKENNY DRIVE,MOYRUS CRESCENT,,Fatal Crash,No,2023,,South,,1,,Flat,,,,,,Overcast,712015,0,0,0,2,,,0,,,1,,,Auckland Region,Nil,2-way,Sealed,,0,0,,50,,Off,0,0,,76,Auckland,Nil,,,,,0,0,Urban,1,,,Fine,Null
1769842.6298,5882810.7056,858562,,525910,0,,0,2,,Null,2025/2026,CAPE HILL ROAD,VALLEY ROAD,,Non-Injury Crash,No,2025,,North,,0,,Hill Road,,,,,,Bright sun,816514,0,0,0,2,,,0,,,,,,Auckland Region,Nil,2-way,Sealed,,0,0,,50,,Off,0,0,,76,Auckland,Give way,,,,,0,0,Urban,0,,,Fine,Null
1753010.5314,5918394.6246,858567,,515002,0,,0,2,,North,2023/2024,PREMIER AVENUE,GREAT NORTH ROAD,,Non-Injury Crash,No,2024,,North,,0,,Flat,,,,,,Bright sun,397300,0,0,0,2,,,0,,,,,,Auckland Region,Nil,2-way,Sealed,,0,0,,50,,Off,0,0,,76,Auckland,Nil,,,,,0,0,Urban,0,,,Fine,Null
1785747.6456,5893652.6149,858569,,521132,0,0,1,0,0,South,2022/2023,HUNUA ROAD,WATTIE ROAD,,Non-Injury Crash,No,2023,0,North,1,0,0,Flat,0,,0,,0,Overcast,816000,0,0,0,2,0,0,0,0,0,,0,0,Auckland Region,Nil,2-way,Sealed,0,1,0,0,100,0,None,0,0,,76,Auckland,Nil,0,0,0,0,0,0,Open,0,0,0,Light rain,Null