X,Y,OBJECTID,advisorySpeed,areaUnitID,bicycle,bridge,bus,carStationWagon,cliffBank,crashDirectionDescription,crashFinancialYear,crashLocation1,crashLocation2,crashRoadSideRoad,crashSeverity,crashSHDescription,crashYear,debris,directionRoleDescription,ditch,fatalCount,fence,flatHill,guardRail,holiday,houseOrBuilding,intersection,kerb,light,meshblockId,minorInjuryCount,moped,motorcycle,NumberOfLanes,objectThrownOrDropped,otherObject,otherVehicleType,overBank,parkedVehicle,pedestrian,phoneBoxEtc,postOrPole,region,roadCharacter,roadLane,roadSurface,roadworks,schoolBus,seriousInjuryCount,slipOrFlood,speedLimit,strayAnimal,streetLight,suv,taxi,temporarySpeedLimit,tlaId,tlaName,trafficControl,trafficIsland,trafficSign,train,tree,truck,unknownVehicleType,urban,vanOrUtility,vehicle,waterRiver,weatherA,weatherB
1765177.0798,5905301.714,858570,,522400,0,0,0,2,0,North,2024/2025,WALLACE ROAD,GRANDE VUE ROAD,,Non-Injury Crash,No,2025,0,South,0,0,0,Flat,0,,0,,0,Dark,672900,0,0,0,2,0,0,0,0,1,,0,0,Auckland Region,Nil,2-way,Sealed,0,0,0,0,50,0,On,0,0,,76,Auckland,Nil,0,0,0,0,0,0,Urban,0,0,0,Fine,Null
1762186.608,5913640.2125,858573,,520500,0,,0,1,,South,2022/2023,SOUTHERN MOTORWAY,PENROSE OBR,,Non-Injury Crash,Yes,2023,,North,,0,,Flat,,,,,,Bright sun,637100,0,0,0,3,,,0,,,,,,Auckland Region,Nil,1-way,Sealed,,0,0,,100,,Off,0,0,,76,Auckland,Nil,,,,,0,0,Open,1,,,Fine,Null
1755015.5811,5913730.5765,858575,25,518803,0,,0,0,,Null,2023/2024,DOMINION ROAD,DENBIGH AVENUE,,Non-Injury Crash,No,2024,,North,,0,,Flat,,,,,,Overcast,581700,0,0,0,4,,,0,,,1,,,Auckland Region,Nil,2-way,Sealed,,0,0,,50,,None,0,0,,76,Auckland,Give way,,,,,0,0,Urban,1,,,Heavy rain,Null
1757036.1781,5920819.98,858577,,514101,0,,0,1,,Null,2022/2023,FANSHAWE STREET,NELSON STREET,,Non-Injury Crash,No,2023,,East,,0,,Flat,,,,,,Dark,433003,0,0,0,6,,,0,,,,,,Auckland Region,Nil,2-way,Sealed,,0,0,,30,,On,0,0,,76,Auckland,Traffic Signals,,,,,0,0,Urban,1,,,Fine,Null
1762010.5858,5920673.7523,858582,,516400,0,1,0,1,0,North,2024/2025,TAMAKI DRIVE,KITEMOANA STREET,,Non-Injury Crash,No,2024,0,South,0,0,0,Flat,0,,0,,0,Overcast,498700,0,0,0,2,0,0,0,0,0,,0,0,Auckland Region,Nil,2-way,Sealed,0,0,0,0,50,0,Off,0,0,,76,Auckland,Nil,0,0,0,0,0,0,Urban,0,0,0,Fine,Null
1753611.5589,5914417.2862,858585,,518801,0,,0,2,,South,2023/2024,MAIORO STREET ON RAMP,MAIORO STREET,,Non-Injury Crash,No,2023,,South,,0,,Hill Road,,,,,,Twilight,578500,0,0,0,2,,,0,,,,,,Auckland Region,Motorway ramp,1-way,Sealed,,0,0,,100,,On,0,0,,76,Auckland,Nil,,,,,0,0,Open,0,,,Mist or Fog,Null
1768512.9429,5911426.1597,858587,,523112,0,,0,2,,South,2024/2025,TRUGOOD DRIVE,TI RAKAU DRIVE,,Minor Crash,No,2024,,North,,0,,Flat,,,,,,Overcast,711404,1,0,0,2,,,0,,,,,,Auckland Region,Nil,2-way,Sealed,,0,0,,50,,Off,0,0,,76,Auckland,Nil,,,,,0,0,Urban,0,,,Fine,Null
1752240.4401,5925092.6752,858593,45,510401,0,0,0,2,0,North,2022/2023,WAIPA STREET,KAURI ROAD,,Non-Injury Crash,No,2023,0,South,0,0,1,Hill Road,0,,0,,0,Dark,353700,0,0,0,2,0,0,0,0,1,,0,0,Auckland Region,Nil,2-way,Sealed,0,0,0,0,50,0,On,0,0,,76,Auckland,Nil,0,0,0,0,0,0,Urban,0,0,0,Light rain,Null
1755317.4385,5921859.2673,858595,,515202,0,,0,2,,South,2024/2025,NORTHERN MOTORWAY,HARBOUR BR S,,Minor Crash,Yes,2024,,North,,0,,Hill Road,,,,,,Bright sun,423600,1,0,0,4,,,0,,,,,,Auckland Region,Bridge,1-way,Sealed,,0,0,,80,,Off,0,0,,76,Auckland,Nil,,,,,0,0,Open,1,,,Fine,Strong wind
1755278.4609,5918266.4603,858609,,515500,0,,0,2,,West,2022/2023,NORTH-WESTERN MOTORWAY,BOND OBR,,Serious Crash,Yes,2023,,East,,0,,Flat,,,,,,Bright sun,418800,0,0,0,4,,,0,,,,,,Auckland Region,Nil,1-way,Sealed,,0,1,,80,,Off,1,0,,76,Auckland,Nil,,,,,0,0,Open,0,,,Fine,Null
1726198.1173,5925667.0036,858611,,506652,0,,0,0,,Null,2023/2024,OFF ROAD - MURIWAI BEACH,,,Minor Crash,No,2024,,North,,0,,Flat,,,,,,Bright sun,218101,1,0,0,,,,1,,,,,,Auckland Region,Nil,Off road,Unsealed,,0,0,,,,None,0,0,,76,Auckland,Nil,,,,,0,0,Urban,0,,,Fine,Null
1772729.751,5895389.393,858613,,525520,0,,0,2,,Null,2023/2024,GREAT SOUTH ROAD,SETTLEMENT ROAD,,Minor Crash,No,2023,,North,,0,,Flat,,,,,,Dark,801700,2,0,0,6,,,0,,,,,,Auckland Region,Nil,2-way,Sealed,,0,0,,50,,On,0,0,,76,Auckland,Traffic Signals,,,,,0,0,Urban,0,,,Fine,Null
1758412.6161,5917474.2994,858621,,516001,0,,0,2,,Null,2022/2023,BROADWAY,ST MARKS ROAD,,Serious Crash,No,2023,,West,,0,,Flat,,,,,,Overcast,490900,0,0,0,4,,,0,,,,,,Auckland Region,Nil,2-way,Sealed,,0,1,,50,,None,0,0,,76,Auckland,Traffic Signals,,,,,0,0,Urban,0,,,Fine,Null
1755282.081,5921782.8931,858626,,515202,0,,0,1,,North,2025/2026,NORTHERN MOTORWAY,SHELLY BEACH OBR,,Non-Injury Crash,Yes,2025,,North,,0,,Flat,,,,,,Bright sun,423600,0,0,0,2,,,0,,,,,,Auckland Region,Nil,1-way,Sealed,,0,0,,80,,Off,0,0,,76,Auckland,Nil,,,,,2,0,Open,0,,,Fine,Null
1750605.9155,5914205.4282,858642,,511303,0,0,0,3,0,South,2024/2025,PORTAGE ROAD,GREAT NORTH ROAD,,Non-Injury Crash,No,2025,0,South,0,0,0,Flat,0,,0,,0,Bright sun,266200,0,0,0,2,0,0,0,0,1,,0,0,Auckland Region,Nil,2-way,Sealed,0,0,0,0,50,0,Off,0,0,,76,Auckland,Nil,0,0,0,0,0,0,Urban,0,0,0,Fine,Null
1776314.3178,5895246.2351,858643,,521301,0,,0,1,,East,2023/2024,HUNUA ROAD,DOMINION ROAD,,Non-Injury Crash,No,2023,,East,,0,,Flat,,,,,,Bright sun,808001,0,0,0,2,,,0,,,,,,Auckland Region,Nil,2-way,Sealed,,0,0,,60,,None,0,0,,76,Auckland,Nil,,,,,0,0,Urban,1,,,Fine,None
1759405.0119,5920523.2621,858657,,515902,0,,0,2,,Null,2022/2023,TAMAKI DRIVE,SOLENT STREET,,Minor Crash,No,2023,,West,,0,,Flat,,,,,,Dark,454800,1,0,0,5,,,0,,,,,,Auckland Region,Nil,2-way,Sealed,,0,0,,50,,On,0,1,,76,Auckland,Traffic Signals,,,,,0,0,Urban,0,,,Fine,Null
1771985.6639,5897253.6999,858670,,525420,0,,0,2,,Null,2025/2026,GREAT SOUTH ROAD,TRENTHAM ROAD,,Minor Crash,No,2026,,South,,0,,Hill Road,,,,,,Bright sun,790800,1,0,0,2,,,0,,,,,,Auckland Region,Nil,2-way,Sealed,,0,0,,50,,Off,0,0,,76,Auckland,Stop,,,,,0,0,Urban,0,,,Fine,Null
1754266.3731,5920557.6558,858674,,515301,0,,1,0,,Null,2024/2025,JERVOIS ROAD,WEST END ROAD,,Serious Crash,No,2025,,West,,0,,Flat,,,,,,Bright sun,426302,0,0,0,4,,,0,,,1,,,Auckland Region,Nil,2-way,Sealed,,0,1,,50,,None,0,0,,76,Auckland,Give way,,,,,0,0,Urban,0,,,Fine,Null
1753905.4723,5928096.2351,858677,,508310,0,0,0,1,0,East,2023/2024,CAMELOT PLACE,BRAUND PLACE,,Non-Injury Crash,No,2023,0,East,0,0,0,Hill Road,0,,0,,0,Bright sun,199900,0,0,0,2,0,0,0,0,0,,0,1,Auckland Region,Nil,2-way,Sealed,0,0,0,0,50,0,Off,0,0,,76,Auckland,Nil,0,0,0,0,0,0,Urban,0,0,0,Fine,Null
1772730.5062,5895394.3856,858679,,525520,0,,0,2,,Null,2023/2024,GREAT SOUTH ROAD,BEACH ROAD,,Non-Injury Crash,No,2024,,North,,0,,Flat,,,,,,Dark,801700,0,0,0,4,,,0,,,,,,Auckland Region,Nil,2-way,Sealed,,0,0,,50,,On,0,0,,76,Auckland,Traffic Signals,,,,,0,0,Urban,0,,,Fine,None
1741715.5107,5945510.5036,858685,,506614,0,0,0,1,1,West,2023/2024,WHITEHILLS ROAD,BODHISATTVA ROAD,,Minor Crash,No,2023,0,West,0,0,0,Hill Road,0,,0,,0,Overcast,177401,2,0,0,2,0,0,0,0,0,,0,0,Auckland Region,Nil,2-way,Sealed,0,0,0,0,100,0,None,0,0,,76,Auckland,Nil,0,0,0,0,0,0,Open,0,0,0,Fine,Null
1754613.0971,5930761.8204,858686,,508520,0,,0,2,,South,2024/2025,NORTHERN MOTORWAY,UPPER HARBOUR HWY ON RAMP,,Non-Injury Crash,Yes,2024,,South,,0,,Flat,,,,,,Twilight,191104,0,0,0,2,,,0,,,,,,Auckland Region,Nil,1-way,Sealed,,0,0,,100,,On,2,0,,76,Auckland,Nil,,,,,0,0,Open,0,,,Light rain,Null
1760353.4174,5917749.008,858687,,516102,0,0,0,2,0,South,2023/2024,VICTORIA AVENUE,COMBES ROAD,,Non-Injury Crash,No,2023,0,South,0,0,0,Hill Road,0,,0,,0,Dark,483600,0,0,0,2,0,0,0,0,1,,0,0,Auckland Region,Nil,2-way,Sealed,0,0,0,0,50,0,On,0,0,30,76,Auckland,Nil,0,0,0,0,0,0,Urban,0,0,0,Light rain,Frost
1752481.9015,5912397.692,858689,,514700,0,0,0,2,0,East,2023/2024,DONOVAN STREET,SHIPTON PLACE,,Minor Crash,No,2023,0,West,0,0,0,Flat,0,,0,,1,Dark,369200,1,0,0,2,0,0,0,0,0,,0,0,Auckland Region,Nil,2-way,Sealed,0,0,0,0,50,0,On,0,0,,76,Auckland,Nil,0,0,0,0,0,0,Urban,0,0,0,Light rain,Null
1754941.8809,5945084.2034,858694,,505907,0,,0,2,,Null,2025/2026,BRIGHTSIDE ROAD,BEVERLEY ROAD,,Non-Injury Crash,No,2025,,East,,0,,Null,,,,,,Overcast,173416,0,0,0,2,,,0,,,,,,Auckland Region,Nil,2-way,Sealed,,0,0,,50,,Null,0,0,,76,Auckland,Stop,,,,,0,0,Urban,0,,,Null,Null
1757089.8895,5943520.0411,858698,35,505902,0,0,0,1,0,South,2025/2026,WHANGAPARAOA ROAD,RAKINO AVENUE,,Non-Injury Crash,No,2026,0,East,0,0,1,Hill Road,0,,0,,0,Bright sun,174605,0,0,0,2,0,0,0,0,1,,0,0,Auckland Region,Nil,2-way,Sealed,0,0,0,0,50,0,Off,0,0,,76,Auckland,Nil,0,0,0,0,0,0,Urban,1,0,0,Light rain,Null
1763368.2737,5911331.026,858702,,520500,0,,0,2,,North,2025/2026,GREAT SOUTH ROAD,BELL AVENUE,,Non-Injury Crash,No,2025,,South,,0,,Flat,,,,,,Bright sun,637702,0,0,0,4,,,0,,,,,,Auckland Region,Nil,2-way,Sealed,,0,0,,50,,Off,0,0,,76,Auckland,Nil,,,,,0,0,Urban,0,,,Fine,Null
1773851.481,5881319.6668,858703,,521160,0,,0,2,,Null,2023/2024,MILL ROAD,HARRISVILLE ROAD,,Minor Crash,No,2023,,West,,0,,Flat,,,,,,Overcast,827300,1,0,0,3,,,0,,,,,,Auckland Region,Nil,2-way,Sealed,,0,0,,100,,Off,0,0,60,76,Auckland,Stop,,,,,0,0,Open,0,,,Fine,Null
1768410.6583,5902937.9686,858709,,524602,0,0,0,2,0,North,2022/2023,RATA VINE DRIVE,AZALEA PLACE,,Non-Injury Crash,No,2023,0,North,0,0,0,Flat,0,,0,,0,Dark,780508,0,0,0,2,0,0,0,0,1,,0,0,Auckland Region,Nil,2-way,Sealed,0,0,0,0,50,0,On,0,0,,76,Auckland,Nil,0,0,0,0,0,0,Urban,0,0,0,Fine,Null
1764834.5144,5903806.8405,858711,,524604,0,,0,1,,Null,2023/2024,CAVENDISH DRIVE,CAVENDISH DRIVE ON RAMP,,Minor Crash,No,2023,,South,,0,,Flat,,,,,,Overcast,781301,1,0,0,4,,,0,,,,,,Auckland Region,Nil,2-way,Sealed,,0,0,,50,,Off,0,0,,76,Auckland,Traffic Signals,,,,,0,0,Urban,1,,,Fine,Null
1764544.9395,5920101.5608,858717,,516601,0,0,0,2,0,West,2023/2024,TAMAKI DRIVE,SAGE ROAD,,Non-Injury Crash,No,2023,0,West,0,0,0,Flat,0,,0,,0,Dark,504200,0,0,0,2,0,0,0,0,1,,0,0,Auckland Region,Nil,2-way,Sealed,0,0,0,0,50,0,On,0,0,,76,Auckland,Nil,0,0,0,0,0,0,Urban,0,0,0,Fine,Null
1773633.012,5898587.0866,858719,,523912,0,,0,2,,Null,2024/2025,COSGRAVE ROAD,WALTERS ROAD,,Minor Crash,No,2024,,South,,0,,Flat,,,,,,Dark,765500,2,0,0,2,,,0,,,,,,Auckland Region,Nil,2-way,Sealed,,0,0,,60,,On,0,0,,76,Auckland,Stop,,,,,0,0,Urban,0,,,Fine,Null
1751159.6217,5950194.9414,858721,,505805,1,,0,1,,Null,2023/2024,CENTREWAY ROAD,WEST HOE ROAD,,Serious Crash,No,2023,,North,,0,,Flat,,,,,,Bright sun,171709,0,0,0,2,,,0,,,,,,Auckland Region,Nil,2-way,Sealed,,0,1,,50,,None,0,0,,76,Auckland,Give way,,,,,0,0,Urban,0,,,Fine,Null
1763017.9706,5913022.9565,858730,,520402,0,0,0,3,0,South,2024/2025,ARANUI ROAD,WHITFORD AVENUE,,Non-Injury Crash,No,2025,0,South,0,0,0,Flat,0,,0,,0,Dark,642500,0,0,0,2,0,0,0,0,1,,0,0,Auckland Region,Nil,2-way,Sealed,0,0,0,0,50,0,On,0,0,,76,Auckland,Nil,0,0,0,0,0,0,Urban,0,0,0,Fine,Null
1769097.8001,5914375.2769,858737,,522721,0,,0,2,,Null,2023/2024,PAKURANGA ROAD,BELLS ROAD,,Minor Crash,No,2023,,South,,0,,Flat,,,,,,Overcast,681211,1,0,0,6,,,0,,,,,,Auckland Region,Nil,2-way,Sealed,,0,0,,50,,Off,0,0,,76,Auckland,Give way,,,,,0,0,Urban,0,,,Light rain,Strong wind
1780027.9268,5900883.3233,858739,,525201,0,,0,2,,Null,2023/2024,PAPAKURA-CLEVEDON ROAD,CREIGHTONS ROAD,,Minor Crash,No,2024,,South,,0,,Flat,,,,,,Twilight,763300,1,0,0,2,,,0,,,,,,Auckland Region,Nil,2-way,Sealed,,0,0,,80,,On,0,0,,76,Auckland,Give way,,,,,0,0,Open,0,,,Fine,Null
1763135.7314,5903913.9565,858746,,524604,0,,0,4,,East,2025/2026,PUHINUI ROAD,PRICES ROAD,,Non-Injury Crash,Yes,2026,,North,,0,,Flat,,,,,,Overcast,780902,0,0,0,4,,,0,,,,,,Auckland Region,Nil,2-way,Sealed,,0,0,,50,,Off,0,0,,76,Auckland,Nil,,,,,0,0,Urban,0,,,Light rain,Null
1751815.0715,5949461.6565,858751,,505805,0,,0,1,,Null,2024/2025,HIBISCUS COAST HIGHWAY,MOENUI AVENUE,,Minor Crash,No,2024,,North,,0,,Flat,,,,,,Overcast,172107,2,0,0,2,,,0,,,,,,Auckland Region,Nil,2-way,Sealed,,0,0,,30,,Off,1,0,,76,Auckland,Give way,,,,,0,0,Urban,0,,,Fine,Null
1764440.985,5905003.7237,858755,,522100,0,,0,1,,Null,2024/2025,PAH ROAD,WYLLIE ROAD,,Minor Crash,No,2024,,East,,0,,Flat,,,,,,Dark,658500,1,0,0,2,,,0,,,,,,Auckland Region,Nil,2-way,Sealed,,0,0,,50,,On,0,0,,76,Auckland,Give way,,,,,0,0,Urban,1,,,Fine,Null
1749393.7161,5928866.9979,858765,,509100,1,,0,1,,Null,2023/2024,GREENHITHE ROAD,SUNNYVIEW ROAD,,Minor Crash,No,2023,,West,,0,,Hill Road,,,,,,Overcast,181503,1,0,0,2,,,0,,,,,,Auckland Region,Nil,2-way,Sealed,,0,0,,50,,Off,0,0,40,76,Auckland,Give way,,,,,0,0,Urban,0,,,Fine,Null
1765172.6789,5898395.9471,858766,,524811,0,0,0,1,0,West,2025/2026,WAIMAI AVENUE,DOMAIN ROAD,,Non-Injury Crash,No,2025,0,West,0,0,0,Flat,0,,0,,1,Overcast,773501,0,0,0,2,0,0,0,0,0,,0,0,Auckland Region,Nil,2-way,Sealed,0,0,0,0,30,0,Off,0,0,10,76,Auckland,Nil,0,0,0,0,0,0,Urban,0,0,0,Fine,Frost
1764957.9259,5908206.5606,858767,,523404,0,,0,2,,South,2022/2023,GREAT SOUTH ROAD,BAIRDS ROAD,,Non-Injury Crash,No,2023,,North,,0,,Flat,,,,,,Twilight,696801,0,0,0,6,,,0,,,,,,Auckland Region,Nil,2-way,Sealed,,0,0,,50,,On,0,0,,76,Auckland,Nil,,,,,0,0,Urban,0,,,Fine,Null
1749110.2041,5946582.147,858773,,505806,1,,0,1,,Null,2023/2024,WAINUI ROAD,FERMIER GREENS,,Minor Crash,No,2023,,South,,0,,Hill Road,,,,,,Overcast,176501,1,0,0,2,,,0,,,,,,Auckland Region,Nil,2-way,Sealed,,0,0,,50,,Off,0,0,,76,Auckland,Give way,,,,,0,0,Urban,0,,,Fine,Null
1751978.7412,5917876.7379,858775,,515001,0,,0,2,,Null,2022/2023,GREAT NORTH ROAD,GREAT NORTH ON RAMP,,Non-Injury Crash,No,2023,,North,,0,,Flat,,,,,,Dark,392400,0,0,0,6,,,0,,,,,,Auckland Region,Motorway ramp,2-way,Sealed,,0,0,,50,,On,0,0,,76,Auckland,Traffic Signals,,,,,0,0,Urban,0,,,Fine,Null
1771492.7864,5895197.1927,858779,,525530,0,,0,0,,Null,2023/2024,SOUTHERN MOTORWAY,PAPAKURA ON RAMP,,Serious Crash,Yes,2024,,South,,0,,Flat,,,,,,Bright sun,804901,1,0,2,2,,,0,,,,,,Auckland Region,Nil,1-way,Sealed,,0,1,,100,,Off,0,0,80,76,Auckland,Nil,,,,,0,0,Open,0,,,Fine,Null
1768234.8232,5908103.6629,858786,,523502,0,,0,0,,South,2025/2026,EAST TAMAKI ROAD,BIRMINGHAM ROAD,,Non-Injury Crash,No,2025,,East,,0,,Flat,,,,,,Bright sun,703700,0,0,1,4,,,0,,,,,,Auckland Region,Nil,2-way,Unsealed,,0,0,,50,,Off,0,0,,76,Auckland,Nil,,,,,0,0,Urban,1,,,Fine,Null
1762256.8438,5913744.968,858790,,520401,0,0,0,2,0,Null,2025/2026,PENROSE ROAD,PORTMAN ROAD,,Non-Injury Crash,No,2025,0,North,0,0,0,Flat,0,,0,,0,Overcast,644300,0,0,0,2,0,0,0,0,2,,0,0,Auckland Region,Nil,2-way,Sealed,0,0,0,0,50,0,Off,1,0,,76,Auckland,Stop,0,0,0,0,0,0,Urban,0,0,0,Fine,Null
1757258.4269,5915344.1355,858793,,515802,0,,0,2,,Null,2023/2024,WATLING STREET,ST ANDREWS ROAD,,Non-Injury Crash,No,2023,,East,,0,,Flat,,,,,,Overcast,447700,0,0,0,2,,,0,,,,,,Auckland Region,Nil,2-way,Sealed,,0,0,,50,,Off,0,0,,76,Auckland,Stop,,,,,0,0,Urban,0,,,Fine,Null
1758250.3827,5905056.7302,858802,,524200,0,0,0,0,0,North,2025/2026,MAURICE WILSON AVENUE,TE KAPUA DRIVE,,Minor Crash,No,2025,0,North,0,0,1,Flat,0,,0,,0,Dark,727000,1,0,1,2,0,0,0,0,0,,0,0,Auckland Region,Nil,2-way,Sealed,0,0,0,0,50,0,On,0,0,,76,Auckland,Nil,0,0,0,0,0,0,Urban,0,0,0,Light rain,Null
1761265.3549,5920084.426,858806,,516400,0,0,0,1,0,West,2024/2025,TAMAKI DRIVE,POKANOA POINT ENT,,Serious Crash,No,2025,0,East,0,0,0,Flat,0,,0,,0,Dark,496600,0,0,1,2,0,0,0,0,1,,0,0,Auckland Region,Nil,2-way,Sealed,0,0,1,0,50,0,On,0,0,,76,Auckland,Nil,0,0,0,0,0,0,Urban,0,0,0,Fine,Null
1754617.1594,5913909.8425,858807,,518802,0,,0,1,,Null,2023/2024,STODDARD ROAD,MAY ROAD,,Non-Injury Crash,No,2023,,East,,0,,Flat,,,,,,Bright sun,579900,0,0,0,4,,,0,,,,,,Auckland Region,Nil,2-way,Sealed,,0,0,,50,,Off,1,0,,76,Auckland,Traffic Signals,,,,,0,0,Urban,0,,,Fine,Null
1747510.1156,5937780.8329,858809,35,506614,0,0,0,1,1,North,2022/2023,GREEN ROAD,POTTER ROAD,,Non-Injury Crash,No,2023,0,North,0,0,0,Hill Road,0,,0,,0,Overcast,178102,0,0,0,2,0,0,0,0,0,,0,0,Auckland Region,Nil,2-way,Sealed,0,0,0,0,60,0,None,0,0,,76,Auckland,Nil,0,0,0,0,0,0,Urban,0,0,0,Light rain,Null
1746030.2827,5926109.7554,858811,,513410,1,,0,1,,Null,2023/2024,BRIGHAM CREEK ROAD,BRIGHAM CREEK ROAD ON RAMP,,Minor Crash,No,2024,,South,,0,,Flat,,,,,,Bright sun,223801,1,0,0,2,,,0,,,,,,Auckland Region,Motorway ramp,1-way,Sealed,,0,0,,50,,Off,0,0,,76,Auckland,Give way,,,,,0,0,Urban,0,,,Fine,Null
1753412.7955,5933041.7967,858819,,508804,0,,0,2,,North,2023/2024,NORTHERN MOTORWAY,GREVILLE ROAD ON RAMP,,Non-Injury Crash,Yes,2023,,South,,0,,Hill Road,,,,,,Dark,180701,0,0,0,2,,,0,,,,,,Auckland Region,Motorway ramp,1-way,Sealed,,0,0,,100,,On,0,0,,76,Auckland,Nil,,,,,0,0,Open,0,,,Fine,Null
1731298.3886,5926472.0439,858821,,506652,0,0,0,0,0,North,2022/2023,MURIWAI ROAD,SCHOOL ROAD,,Non-Injury Crash,No,2023,0,South,1,0,0,Hill Road,0,,0,,0,Bright sun,218102,0,0,0,2,0,0,0,0,0,,0,0,Auckland Region,Nil,2-way,Sealed,0,0,0,0,100,0,None,0,0,,76,Auckland,Nil,0,0,0,0,1,0,Open,0,0,0,Fine,Null
1753881.4419,5918278.175,858825,,515432,0,0,0,1,0,West,2022/2023,NORTH-WESTERN MOTORWAY,ST LUKES ROAD OFF RAMP,,Non-Injury Crash,Yes,2023,0,West,0,0,0,Flat,1,,0,,0,Bright sun,405500,0,0,0,3,0,0,0,0,0,,0,0,Auckland Region,Motorway ramp,1-way,Sealed,0,0,0,0,100,0,None,0,0,,76,Auckland,Nil,0,0,0,0,1,0,Open,0,0,0,Fine,Null
1757077.7216,5925539.6135,858827,,509702,0,,0,1,,North,2023/2024,NORTHERN MOTORWAY,ESMONDE ROAD OFF RAMP,,Non-Injury Crash,Yes,2023,,North,,0,,Flat,,Christmas New Year,,,,Bright sun,364602,0,0,0,3,,,0,,,,,,Auckland Region,Nil,1-way,Sealed,,0,0,,100,,Off,0,0,,76,Auckland,Nil,,,,,0,0,Open,0,,,Fine,Null
1753865.0542,5924586.6073,858830,,510402,0,0,0,5,0,West,2024/2025,MOKOIA ROAD,HINEMOA STREET,,Non-Injury Crash,No,2025,0,West,0,0,0,Flat,0,,0,,0,Bright sun,351000,0,0,0,2,0,0,0,0,1,,0,0,Auckland Region,Speed hump,2-way,Sealed,0,0,0,0,50,0,Off,0,0,,76,Auckland,Nil,0,0,0,0,0,0,Urban,1,0,0,Fine,Null
1765467.697,5914458.1744,858833,,520602,0,0,0,1,0,Null,2023/2024,QUEENS ROAD,CHURCH CRESCENT,,Non-Injury Crash,No,2023,0,North,0,0,0,Flat,0,,0,,1,Dark,629400,0,0,0,2,0,0,0,0,0,,0,0,Auckland Region,Nil,2-way,Sealed,0,0,0,0,50,0,On,0,0,,76,Auckland,Give way,0,0,0,0,0,0,Urban,0,0,0,Fine,Null
1757513.5007,5918669.3898,858838,,514302,0,,0,1,,North,2024/2025,SOUTHERN MOTORWAY,KHYBER PASS OBR,,Non-Injury Crash,Yes,2025,,South,,0,,Flat,,Easter,,,,Dark,442500,0,0,0,4,,,0,,,,,,Auckland Region,Nil,1-way,Sealed,,0,0,,80,,Off,0,0,,76,Auckland,Nil,,,,,0,1,Open,0,,,Fine,Null
1771345.7758,5900030.9597,858841,,523911,0,,0,2,,Null,2022/2023,PORCHESTER ROAD,POPES ROAD,,Non-Injury Crash,No,2023,,North,,0,,Flat,,,,,,Overcast,767100,0,0,0,2,,,0,,,,,,Auckland Region,Nil,2-way,Sealed,,0,0,,60,,Off,0,0,,76,Auckland,Stop,,,,,0,0,Urban,0,,,Fine,Null
1755335.6729,5924713.9558,858845,,509800,0,0,0,1,0,Null,2023/2024,ONEWA ROAD,NUTSEY AVENUE,,Serious Crash,No,2023,0,East,0,0,0,Flat,0,,0,,0,Bright sun,360200,0,0,1,2,0,0,0,0,0,,0,0,Auckland Region,Nil,2-way,Sealed,0,0,1,0,50,0,None,0,0,,76,Auckland,Give way,0,1,0,0,0,0,Urban,0,0,0,Light rain,Null
1765149.7333,5909701.2275,858847,,521802,0,,0,2,,South,2023/2024,SOUTHERN MOTORWAY,TRENWITH OBR,,Non-Injury Crash,Yes,2023,,North,,0,,Flat,,,,,,Overcast,788400,0,0,0,4,,,0,,,,,,Auckland Region,Nil,1-way,Sealed,,0,0,,100,,Off,0,0,,76,Auckland,Nil,,,,,1,0,Open,0,,,Light rain,Null
1761467.9371,5915121.9067,858849,,520201,0,,0,2,,South,2022/2023,ARTHUR STREET,PUKERANGI CRESCENT,,Non-Injury Crash,No,2023,,North,,0,,Hill Road,,,,,,Overcast,611100,0,0,0,2,,,0,,,,,,Auckland Region,Nil,2-way,Sealed,,0,0,,50,,Off,0,0,,76,Auckland,Nil,,,,,0,0,Urban,0,,,Light rain,Null
1766290.5017,5904835.3016,858850,,524603,0,,0,0,,North,2025/2026,NORMAN SPENCER DRIVE,MEPAL PLACE,,Minor Crash,No,2025,,North,,0,,Flat,,,,,,Bright sun,780202,1,0,1,2,,,0,,,,,,Auckland Region,Nil,2-way,Sealed,,0,0,,50,,Off,0,0,,76,Auckland,Nil,,,,,0,0,Urban,0,,,Fine,Null
1770237.8784,5898243.4833,858853,,523920,0,,0,0,,South,2023/2024,SOUTHERN MOTORWAY,WALTER STREVENS OBR,,Non-Injury Crash,Yes,2023,,South,,0,,Flat,,,,,,Overcast,768003,0,0,0,3,,,0,,,,,,Auckland Region,Nil,1-way,Sealed,,0,0,,100,,Off,0,0,,76,Auckland,Nil,,,,,0,0,Open,1,,,Fine,Null
1744632.3165,5922418.0509,858854,,513530,0,,0,2,,South,2024/2025,ROYAL ROAD,MOIRE ROAD,,Non-Injury Crash,No,2025,,South,,0,,Hill Road,,,,,,Overcast,225802,0,0,0,2,,,0,,,,,,Auckland Region,Nil,2-way,Sealed,,0,0,,50,,Off,0,0,,76,Auckland,Nil,,,,,0,0,Urban,0,,,Light rain,Null