X,Y,OBJECTID,advisorySpeed,areaUnitID,bicycle,bridge,bus,carStationWagon,cliffBank,crashDirectionDescription,crashFinancialYear,crashLocation1,crashLocation2,crashRoadSideRoad,crashSeverity,crashSHDescription,crashYear,debris,directionRoleDescription,ditch,fatalCount,fence,flatHill,guardRail,holiday,houseOrBuilding,intersection,kerb,light,meshblockId,minorInjuryCount,moped,motorcycle,NumberOfLanes,objectThrownOrDropped,otherObject,otherVehicleType,overBank,parkedVehicle,pedestrian,phoneBoxEtc,postOrPole,region,roadCharacter,roadLane,roadSurface,roadworks,schoolBus,seriousInjuryCount,slipOrFlood,speedLimit,strayAnimal,streetLight,suv,taxi,temporarySpeedLimit,tlaId,tlaName,trafficControl,trafficIsland,trafficSign,train,tree,truck,unknownVehicleType,urban,vanOrUtility,vehicle,waterRiver,weatherA,weatherB
1772340.8915,5896257.0991,858857,,525420,0,,0,2,,Null,2023/2024,ELLIOT STREET,GREEN STREET,,Minor Crash,No,2024,,West,,0,,Flat,,,,,,Overcast,791700,1,0,0,2,,,0,,,,,,Auckland Region,Nil,2-way,Sealed,,0,0,,50,,Off,0,0,,76,Auckland,Stop,,,,,0,0,Urban,0,,,Fine,Null
1745410.7253,5920701.8696,858858,,513301,0,0,0,0,0,West,2024/2025,LINCOLN ROAD ON RAMP,LINCOLN ROAD,,Non-Injury Crash,No,2025,0,North,0,0,0,Hill Road,1,Queens Birthday,0,,0,Dark,231700,0,0,0,2,0,0,0,0,0,,0,0,Auckland Region,Motorway ramp,1-way,Sealed,0,0,0,0,100,0,On,0,0,,76,Auckland,Nil,0,0,0,0,0,0,Open,1,0,0,Fine,Null
1772287.6726,5883950.0834,858861,,521122,0,0,0,1,0,North,2023/2024,RUNCIMAN ROAD,GORDON FRANCIS DRIVE,,Non-Injury Crash,No,2023,0,North,1,0,0,Flat,0,,0,,0,Overcast,826803,0,0,0,2,0,0,0,0,0,,0,0,Auckland Region,Nil,2-way,Sealed,0,0,0,0,100,0,None,0,0,,76,Auckland,Nil,0,0,0,0,0,0,Open,0,0,0,Mist or Fog,Null
1756719.6204,5927477.4437,858865,,507900,1,,0,1,,Null,2023/2024,TAHAROTO ROAD,NORTHCOTE ROAD,,Serious Crash,No,2024,,North,,0,,Flat,,,,,,Bright sun,303502,0,0,0,6,,,0,,,,,,Auckland Region,Nil,2-way,Sealed,,0,1,,50,,Off,0,0,,76,Auckland,Traffic Signals,,,,,0,0,Urban,0,,,Fine,Null
1770742.0315,5908264.541,858866,,523115,0,0,0,3,0,West,2024/2025,BAVERSTOCK ROAD,MONIQUE PLACE,,Non-Injury Crash,No,2025,0,West,0,0,0,Flat,0,,0,,0,Dark,712122,0,0,0,2,0,0,0,0,2,,0,0,Auckland Region,Nil,2-way,Sealed,0,0,0,0,30,0,On,0,0,,76,Auckland,Nil,0,0,0,0,0,0,Urban,0,0,0,Fine,Null
1756250.0138,5919258.5072,858870,,514200,0,,0,1,,Null,2024/2025,NEWTON ROAD,KARANGAHAPE ROAD,,Non-Injury Crash,No,2025,,North,,0,,Hill Road,,,,,,Dark,411700,0,0,0,4,,,0,,,,,,Auckland Region,Nil,2-way,Sealed,,0,0,,50,,On,0,0,,76,Auckland,Traffic Signals,,,,,0,0,Urban,1,,,Fine,Null
1763068.0692,5907938.1954,858877,,524530,1,,0,1,,Null,2023/2024,MASSEY ROAD,VINE STREET,,Minor Crash,No,2023,,North,,0,,Flat,,,,,,Bright sun,733300,1,0,0,2,,,0,,,,,,Auckland Region,Nil,2-way,Sealed,,0,0,,50,,Off,0,0,,76,Auckland,Give way,,,,,0,0,Urban,0,,,Fine,Null
1759204.6145,5903455.9325,858883,25,524200,0,,0,1,,Null,2022/2023,GEORGE BOLT MEMORIAL DRIVE,TOM PEARCE DRIVE,,Non-Injury Crash,No,2023,,South,,0,,Flat,,,,,,Unknown,727200,0,0,0,6,,,0,,,,,,Auckland Region,Nil,2-way,Sealed,,0,0,,50,,None,0,0,,76,Auckland,Traffic Signals,,,,,0,0,Urban,0,,,Null,None
1742514.5401,5919620.8899,858889,,513211,0,0,0,2,0,North,2022/2023,ARODELLA CRESCENT,LUANDA DRIVE,,Non-Injury Crash,No,2023,0,North,0,0,0,Flat,0,,0,,0,Dark,235706,0,0,0,2,0,0,0,0,1,,0,0,Auckland Region,Nil,2-way,Sealed,0,0,0,0,50,0,On,0,0,,76,Auckland,Nil,0,0,0,0,0,0,Urban,0,0,0,Fine,Strong wind
1754341.0312,5911329.9633,858890,,519001,0,,0,0,,Null,2025/2026,CAPE HORN ROAD,HILLSBOROUGH ROAD,,Non-Injury Crash,No,2025,,North,,0,,Null,,,,,,Unknown,591702,0,0,0,2,,,0,,,,,,Auckland Region,Nil,2-way,Sealed,,0,0,,50,,Null,0,0,,76,Auckland,Give way,,,,,1,1,Urban,0,,,Light rain,Null
1744815.4992,5921355.3318,858897,,513530,0,,0,1,,North,2022/2023,NORTH-WESTERN MOTORWAY,HURUHURU OBR,,Non-Injury Crash,Yes,2023,,South,,0,,Flat,,,,,,Bright sun,226200,0,0,0,3,,,0,,,,,,Auckland Region,Nil,1-way,Sealed,,0,0,,100,,Off,2,0,,76,Auckland,Nil,,,,,0,0,Open,0,,,Fine,Null
1773476.1733,5895861.3174,858907,,525510,0,,0,2,,Null,2023/2024,SETTLEMENT ROAD,MARNE ROAD,,Minor Crash,No,2023,,South,,0,,Flat,,,,,,Dark,801103,3,0,0,2,,,0,,,,,,Auckland Region,Nil,2-way,Sealed,,0,0,,50,,On,0,0,,76,Auckland,Give way,,,,,0,0,Urban,0,,,Light rain,Null
1771040.1114,5878211.6062,858914,,521116,0,0,0,1,0,South,2024/2025,LOGAN ROAD,BUCKVILLE ROAD,,Non-Injury Crash,No,2025,0,South,0,0,0,Flat,0,,0,,0,Overcast,828303,0,0,0,2,0,0,0,0,0,,1,0,Auckland Region,Nil,2-way,Sealed,0,0,0,0,50,0,Off,0,0,,76,Auckland,Nil,0,0,0,0,0,0,Urban,0,0,0,Fine,Null
1766016.96,5906346.2271,858919,,522302,0,,0,1,,South,2023/2024,GREAT SOUTH ROAD,ST GEORGE STREET,,Non-Injury Crash,No,2024,,North,,0,,Flat,,,,,,Overcast,668700,0,0,0,2,,,0,,,,,,Auckland Region,Nil,2-way,Sealed,,0,0,,50,,Off,0,0,,76,Auckland,Nil,,,,,0,0,Urban,1,,,Fine,Null
1751673.4286,5917006.4314,858923,,514900,0,,0,2,,Null,2023/2024,GREAT NORTH ROAD,ALVERSTON STREET,,Minor Crash,No,2024,,South,,0,,Hill Road,,,,,,Overcast,384701,1,0,0,4,,,0,,,,,,Auckland Region,Nil,2-way,Sealed,,0,0,,50,,Off,0,0,,76,Auckland,Stop,,,,,0,0,Urban,0,,,Fine,Null
1752798.8448,5919339.6139,858925,,515100,0,,0,2,,East,2022/2023,MEOLA ROAD,MOA ROAD,,Non-Injury Crash,No,2023,,East,,0,,Flat,,Easter,,,,Bright sun,396700,0,0,0,2,,,0,,,,,,Auckland Region,Nil,2-way,Sealed,,0,0,,50,,Off,0,0,,76,Auckland,Nil,,,,,0,0,Urban,0,,,Fine,Null
1759154.3466,5913246.8889,858926,,519720,0,,0,2,,Null,2025/2026,CAMERON STREET,HARDINGTON STREET,,Non-Injury Crash,No,2025,,North,,0,,Null,,,,,,Unknown,596000,0,0,0,2,,,0,,,,,,Auckland Region,Nil,2-way,Null,,0,0,,50,,Null,0,0,,76,Auckland,Traffic Signals,,,,,0,0,Urban,0,,,Null,Null
1757778.9352,5912186.3135,858927,,519810,0,,0,1,,East,2023/2024,SOUTH-WESTERN MOTORWAY,BEACHCROFT FTBR,,Non-Injury Crash,Yes,2023,,South,,0,,Hill Road,,,,,,Bright sun,596700,0,0,0,4,,,0,,,,,,Auckland Region,Nil,1-way,Sealed,,0,0,,100,,Off,0,0,,76,Auckland,Nil,,,,,0,0,Open,2,,,Fine,Null
1772176.639,5902194.9684,858934,45,523813,0,,0,2,,Null,2024/2025,RANFURLY ROAD,MILL ROAD,,Non-Injury Crash,No,2024,,East,,0,,Flat,,,,,,Bright sun,759600,0,0,0,2,,,0,,,,,,Auckland Region,Nil,2-way,Sealed,,0,0,,50,,Off,0,0,,76,Auckland,Stop,,,,,0,0,Urban,0,,,Fine,None
1757807.0961,5916403.3386,858939,,515801,0,0,0,1,0,North,2023/2024,GILLIES AVENUE,WOODHALL ROAD,,Non-Injury Crash,No,2024,0,South,0,0,0,Flat,0,,0,,0,Dark,446200,0,0,0,2,0,0,0,0,0,,0,0,Auckland Region,Nil,2-way,Sealed,0,0,0,0,50,0,On,0,0,,76,Auckland,Nil,0,0,0,1,0,0,Urban,0,0,0,Light rain,Null
1766271.0116,5918978.2202,858945,,516900,0,0,0,0,0,North,2022/2023,CARDINAL PLACE,WENDOVER ROAD,,Non-Injury Crash,No,2023,0,South,0,0,0,Flat,1,,0,,0,Overcast,466700,0,0,0,2,0,0,0,0,0,,0,0,Auckland Region,Nil,2-way,Sealed,0,0,0,0,50,0,Off,0,0,,76,Auckland,Nil,0,0,0,0,0,0,Urban,1,0,0,Fine,Null
1757921.2621,5907408.3056,858946,,524200,0,0,0,1,0,West,2023/2024,ISLAND ROAD,MARK FORD DRIVE,,Minor Crash,No,2023,0,East,0,0,0,Flat,1,,0,,0,Dark,726200,2,0,0,2,0,0,0,0,0,,0,0,Auckland Region,Nil,2-way,Sealed,0,0,0,0,100,0,On,0,0,,76,Auckland,Nil,0,0,0,0,0,0,Open,0,0,0,Fine,Null
1756826.1648,5876160.4993,858947,,521152,0,,0,0,,South,2024/2025,WAIUKU ROAD,HALL ROAD,,Serious Crash,No,2024,,West,,0,,Flat,,,,,,Overcast,832900,1,0,0,2,,,0,,,,,,Auckland Region,Nil,2-way,Sealed,,0,2,,60,,None,2,0,,76,Auckland,Nil,,,,,0,0,Urban,0,,,Fine,Null
1767974.5034,5907449.1237,858950,,523602,0,0,0,3,0,North,2025/2026,FISHER CRESCENT,FISHER CRESCENT,,Non-Injury Crash,No,2025,0,North,0,0,0,Flat,0,,0,,0,Dark,710100,0,0,0,2,0,0,0,0,1,,0,0,Auckland Region,Nil,2-way,Sealed,0,0,0,0,50,0,On,0,0,,76,Auckland,Nil,0,0,0,0,0,0,Urban,0,0,0,Fine,Null
1768123.1321,5903175.0025,858957,,524602,0,,0,2,,South,2022/2023,GREAT SOUTH ROAD,KERRS ROAD,,Non-Injury Crash,No,2023,,South,,0,,Hill Road,,,,,,Bright sun,780506,0,0,0,4,,,0,,,,,,Auckland Region,Nil,2-way,Sealed,,0,0,,60,,Off,0,0,,76,Auckland,Nil,,,,,0,0,Urban,0,,,Fine,Null
1753392.9368,5929798.9317,858959,,508411,0,0,0,1,0,Null,2024/2025,ALBANY HIGHWAY,SUNSET ROAD,,Non-Injury Crash,No,2024,0,North,0,0,0,Flat,0,,0,,0,Dark,183902,0,0,0,6,0,0,0,0,0,,0,0,Auckland Region,Nil,2-way,Sealed,0,0,0,0,50,0,On,0,0,,76,Auckland,Traffic Signals,0,2,0,0,0,0,Urban,0,0,0,Mist or Fog,Null
1746144.6567,5925979.163,858961,,513431,0,0,0,1,0,Null,2023/2024,BRIGHAM CREEK ROAD,BRIGHAM CREEK ROAD ON RAMP,,Non-Injury Crash,No,2023,0,South,0,0,0,Flat,0,,0,,0,Dark,223802,0,0,0,2,0,0,0,0,0,,0,1,Auckland Region,Nil,1-way,Sealed,0,0,0,0,50,0,On,0,0,,76,Auckland,Give way,0,0,0,0,0,0,Urban,0,0,0,Fine,Null
1752791.0924,5913876.8599,858973,,514500,0,0,0,2,0,South,2023/2024,NEW WINDSOR ROAD,TED WILLIAM STREET,,Non-Injury Crash,No,2023,0,South,0,0,0,Flat,0,,0,,0,Dark,374200,0,0,0,2,0,0,0,0,1,,0,0,Auckland Region,Nil,2-way,Sealed,0,0,0,0,50,0,On,0,0,,76,Auckland,Nil,0,0,0,0,0,0,Urban,0,0,0,Fine,Null
1760152.1123,5906844.1284,858977,,524111,0,0,0,1,0,West,2023/2024,WADDON PLACE,MASCOT AVENUE,,Non-Injury Crash,No,2023,0,West,0,0,0,Hill Road,0,,1,,0,Dark,740500,0,0,0,2,0,0,0,0,0,,0,0,Auckland Region,Nil,2-way,Sealed,0,0,0,0,50,0,On,0,0,,76,Auckland,Nil,0,0,0,0,0,0,Urban,0,0,0,Fine,Null
1766986.3854,5902010.9347,858978,,524602,0,0,0,2,0,North,2025/2026,DALGETY DRIVE,BROWNS ROAD,,Minor Crash,No,2025,0,North,0,0,0,Flat,0,,0,,0,Bright sun,780407,1,0,0,2,0,0,0,0,0,,0,1,Auckland Region,Nil,2-way,Sealed,0,0,0,0,50,0,Off,0,0,,76,Auckland,Nil,0,0,0,0,0,0,Urban,0,0,0,Fine,Null
1752257.9586,5925324.599,858983,,510220,0,0,0,2,0,North,2024/2025,VERBENA ROAD,VERRAN ROAD,,Minor Crash,No,2024,0,North,0,0,0,Flat,0,,0,,0,Dark,350504,1,0,0,2,0,0,0,0,1,,0,0,Auckland Region,Nil,2-way,Sealed,0,0,0,0,50,0,On,0,0,,76,Auckland,Nil,0,0,0,0,0,0,Urban,0,0,0,Fine,Null
1771722.612,5898355.6495,858987,,523912,0,,0,2,,Null,2023/2024,ARION ROAD,KAPIA DRIVE,,Non-Injury Crash,No,2023,,South,,0,,Flat,,,,,,Overcast,767400,0,0,0,2,,,0,,,,,,Auckland Region,Nil,2-way,Sealed,,0,0,,50,,Off,0,0,,76,Auckland,Give way,,,,,0,0,Urban,0,,,Fine,Null
1754018.6073,5927837.3119,858990,,508310,0,,0,2,,Null,2024/2025,BENTLEY AVENUE,DOWNING STREET,,Non-Injury Crash,No,2024,,West,,0,,Flat,,,,,,Bright sun,200100,0,0,0,2,,,0,,,,,,Auckland Region,Nil,2-way,Sealed,,0,0,,50,,Off,0,0,,76,Auckland,Stop,,,,,0,0,Urban,0,,,Fine,Null
1769867.9467,5901187.3634,858991,,524902,0,0,0,1,0,South,2024/2025,SOUTHERN MOTORWAY,ALFRISTON OBR,,Serious Crash,Yes,2024,0,North,0,0,0,Hill Road,1,,0,,0,Dark,757700,1,0,0,3,0,0,0,0,0,,0,0,Auckland Region,Nil,1-way,Sealed,0,0,1,0,100,0,On,0,0,,76,Auckland,Nil,0,0,0,1,0,0,Open,0,0,0,Fine,Null
1741490.516,5918931.5147,859015,,513101,0,,0,2,,Null,2023/2024,SWANSON ROAD,NORTH CANDIA ROAD,,Non-Injury Crash,No,2024,,East,,0,,Flat,,,,,,Bright sun,238200,0,0,0,2,,,0,,,,,,Auckland Region,Nil,2-way,Sealed,,0,0,,50,,Off,0,0,,76,Auckland,Give way,,,,,0,0,Urban,0,,,Fine,Null
1769820.9422,5899308.4899,859017,45,523920,0,0,0,1,0,West,2023/2024,MANUREWA-TAKANINI ON RAMP,GREAT SOUTH ROAD,,Minor Crash,No,2024,0,South,0,0,0,Hill Road,1,,0,,0,Dark,767922,1,0,0,2,0,0,0,0,0,,0,0,Auckland Region,Motorway ramp,1-way,Sealed,0,0,0,0,70,0,On,0,0,,76,Auckland,Nil,0,0,0,0,0,0,Urban,0,0,0,Fine,Null
1762974.1208,5912905.9996,859018,,520500,0,,0,1,,West,2024/2025,SOUTHERN MOTORWAY,MOUNT WELLINGTON HWY ON RAMP,,Non-Injury Crash,Yes,2024,,West,,0,,Flat,,,,,,Bright sun,637300,0,0,0,3,,,0,,,,,,Auckland Region,Nil,1-way,Sealed,,0,0,,100,,Null,0,0,,76,Auckland,Nil,,,,,0,0,Open,1,,,Fine,Null
1765403.7239,5901998.7638,859022,,524604,0,0,0,2,0,Null,2025/2026,ROSCOMMON ROAD,KIWI TAMAKI ROAD,,Non-Injury Crash,No,2025,0,North,0,0,0,Flat,0,,0,,1,Bright sun,781200,0,0,0,2,0,0,0,0,0,,0,0,Auckland Region,Nil,1-way,Sealed,0,0,0,0,60,0,Off,0,0,,76,Auckland,Traffic Signals,0,0,0,0,0,0,Urban,0,1,0,Fine,Null
1774173.0147,5895683.9903,859023,,525510,0,0,0,1,0,Null,2023/2024,HUNUA ROAD,CALVERT STREET,,Non-Injury Crash,No,2024,0,South,0,0,1,Flat,0,,0,,0,Dark,801002,0,0,0,2,0,0,0,0,0,,0,0,Auckland Region,Nil,2-way,Sealed,0,0,0,0,50,0,On,0,0,,76,Auckland,Nil,0,0,0,0,0,0,Urban,0,0,0,Fine,Null
1757499.637,5916260.2939,859026,,515801,0,0,0,1,0,Null,2025/2026,DISRAELI STREET,ST ANDREWS ROAD,,Minor Crash,No,2025,0,East,0,0,0,Flat,0,,0,,0,Bright sun,445600,1,0,0,2,0,0,0,0,0,,1,0,Auckland Region,Nil,2-way,Sealed,0,0,0,0,50,0,Off,0,0,,76,Auckland,Give way,0,0,0,1,0,0,Urban,0,0,0,Fine,Null
1775146.4947,5886919.7712,859030,,521132,0,,0,3,,South,2025/2026,SOUTHERN MOTORWAY,RAMARAMA OFF RAMP,,Minor Crash,Yes,2025,,North,,0,,Flat,,,,,,Overcast,814003,1,0,0,2,,,0,,,,,,Auckland Region,Nil,1-way,Sealed,,0,0,,100,,Off,0,0,,76,Auckland,Nil,,,,,0,0,Open,0,,,Fine,Null
1766100.9677,5905492.3906,859035,,522202,0,,0,0,,North,2023/2024,CARRUTH ROAD,KING STREET,,Non-Injury Crash,No,2023,,North,,0,,Flat,,,,,,Bright sun,665700,0,0,0,2,,,0,,,,,,Auckland Region,Nil,2-way,Sealed,,0,0,,50,,Off,1,0,,76,Auckland,Nil,,,,,1,0,Urban,0,,,Fine,Null
1747327.1946,5971739.1146,859039,,506661,0,,0,0,,Null,2023/2024,SH 1,NORTHERN MOTORWAY,,Non-Injury Crash,Yes,2023,,South,,0,,Flat,,,,,,Dark,139106,0,0,0,2,,,0,,,,,,Auckland Region,Nil,1-way,Sealed,,0,0,,60,,On,1,0,,76,Auckland,Give way,,,,,1,0,Urban,0,,,Light rain,Null
1766364.0132,5879129.7721,859041,,521112,0,0,0,1,0,North,2023/2024,DOUGLAS ROAD,HILL TOP ROAD,,Non-Injury Crash,No,2024,0,North,0,0,0,Flat,0,,0,,0,Twilight,825900,0,0,0,2,0,0,0,0,0,,0,1,Auckland Region,Nil,2-way,Sealed,0,0,0,0,60,0,None,0,0,,76,Auckland,Nil,0,0,0,0,0,0,Urban,0,0,0,Fine,Null
1755826.6516,5921137.5527,859043,,515202,0,0,0,1,0,West,2023/2024,NORTHERN MOTORWAY,FANSHAWE STREET ON RAMP,,Minor Crash,Yes,2023,0,West,0,0,0,Flat,1,,0,,0,Twilight,425600,1,0,0,4,0,0,0,0,0,,0,0,Auckland Region,Nil,1-way,Sealed,0,0,0,0,80,0,Off,1,0,,76,Auckland,Nil,0,0,0,0,0,0,Open,0,0,0,Fine,Null
1769340.3809,5907453.1857,859047,,523712,0,,0,1,,Null,2023/2024,ORMISTON ROAD,TE IRIRANGI DRIVE,,Non-Injury Crash,No,2023,,West,,0,,Flat,,,,,,Bright sun,712803,0,0,0,5,,,0,,,,,,Auckland Region,Nil,2-way,Sealed,,0,0,,50,,None,0,0,,76,Auckland,Traffic Signals,,,,,1,0,Urban,0,,,Fine,Null
1773200.3902,5896432.6328,859067,,525620,0,,0,1,,Null,2022/2023,WILLIS ROAD,CLEVEDON ROAD,,Non-Injury Crash,No,2023,,West,,0,,Flat,,,,,,Dark,797000,0,0,0,2,,,0,,,,,,Auckland Region,Nil,2-way,Sealed,,0,0,,50,,On,0,0,,76,Auckland,Give way,,,,,0,0,Urban,1,,,Light rain,Null
1764795.3379,5903726.1267,859074,45,524604,0,,0,2,,Null,2023/2024,CAVENDISH DRIVE,CAVENDISH DRIVE OFF RAMP,,Non-Injury Crash,No,2024,,South,,0,,Flat,,,,,,Dark,781200,0,0,0,2,,,0,,,,,,Auckland Region,Nil,1-way,Sealed,,0,0,,50,,On,0,0,,76,Auckland,Traffic Signals,,,,,0,0,Urban,0,,,Light rain,None
1749029.4254,5946720.6093,859075,,505806,0,0,0,1,0,Null,2022/2023,WAINUI ROAD,AGNES COURT,,Non-Injury Crash,No,2023,0,North,0,0,0,Hill Road,0,,0,,0,Dark,176604,0,0,0,2,0,0,0,0,0,,0,0,Auckland Region,Nil,2-way,Sealed,0,0,0,0,50,0,On,0,0,,76,Auckland,Nil,0,0,0,1,0,0,Urban,0,0,0,Fine,Null
1770099.0449,5914674.7176,859083,,522712,0,,0,2,,Null,2023/2024,PAKURANGA ROAD,ABERFELDY AVENUE,,Minor Crash,No,2024,,East,,0,,Flat,,,,,,Bright sun,644800,1,0,0,4,,,0,,,,,,Auckland Region,Nil,2-way,Sealed,,0,0,,60,,Off,0,0,,76,Auckland,Give way,,,,,0,0,Urban,0,,,Fine,Null
1771790.1552,5905305.9884,859093,,523713,0,0,0,2,0,South,2022/2023,MCQUOIDS ROAD,LONGHORN DRIVE,,Non-Injury Crash,No,2023,0,North,0,0,0,Hill Road,0,,0,,0,Dark,713400,0,0,0,2,0,0,0,0,1,,0,0,Auckland Region,Nil,2-way,Sealed,0,0,0,0,50,0,On,0,0,,76,Auckland,Nil,0,0,0,0,0,0,Urban,0,0,0,Fine,Null
1764931.5177,5903938.3182,859097,,524604,0,,0,2,,North,2022/2023,CAVENDISH DRIVE,NOEL BURNSIDE ROAD,,Non-Injury Crash,No,2023,,South,,0,,Flat,,,,,,Twilight,781301,0,0,0,2,,,0,,,,,,Auckland Region,Nil,2-way,Sealed,,0,0,,50,,Off,0,0,30,76,Auckland,Nil,,,,,0,0,Urban,0,,,Fine,Null
1753584.2524,5933736.8713,859107,,508804,0,0,0,1,0,West,2023/2024,HUGH GREEN DRIVE,BUNDORAN WAY,,Non-Injury Crash,No,2024,0,South,0,0,0,Flat,0,,0,,0,Dark,180605,0,0,0,2,0,0,0,0,0,,0,0,Auckland Region,Nil,2-way,Sealed,0,0,0,0,50,0,On,0,0,,76,Auckland,Nil,0,0,0,1,0,0,Urban,0,0,0,Light rain,Null
1756222.0294,5924274.0671,859111,,509702,0,,0,1,,North,2024/2025,NORTHERN MOTORWAY,ONEPOTO STM BR,,Minor Crash,Yes,2024,,North,,0,,Flat,,,,,,Twilight,366700,1,0,1,4,,,0,,,,,,Auckland Region,Nil,1-way,Sealed,,0,0,,80,,Off,0,0,,76,Auckland,Nil,,,,,0,0,Open,0,,,Fine,Null
1760004.032,5912606.8258,859113,,520000,0,0,0,2,0,Null,2022/2023,HERETAUNGA AVENUE,PUKA STREET,,Non-Injury Crash,No,2023,0,West,0,0,0,Flat,0,,0,,0,Dark,606400,0,0,0,2,0,0,0,0,1,,0,0,Auckland Region,Nil,2-way,Sealed,0,0,0,0,50,0,On,0,0,,76,Auckland,Nil,0,0,0,0,0,0,Urban,0,0,0,Fine,Null
1764888.5665,5877623.3235,859114,,521121,0,,0,2,,West,2024/2025,WAIUKU ROAD,TRAMWAY ROAD,,Non-Injury Crash,No,2024,,West,,0,,Flat,,,,,,Dark,825301,0,0,0,2,,,0,,,,,,Auckland Region,Nil,2-way,Sealed,,0,0,,80,,Null,0,0,,76,Auckland,Nil,,,,,0,0,Open,0,,,Fine,Null
1745775.407,5919117.0435,859115,,513301,0,,0,2,,South,2024/2025,CENTRAL PARK DRIVE,TE PAI PLACE,,Minor Crash,No,2024,,North,,0,,Flat,,,,,,Bright sun,230602,1,0,0,3,,,0,,,,,,Auckland Region,Nil,2-way,Sealed,,0,0,,50,,Off,0,0,,76,Auckland,Nil,,,,,0,0,Urban,1,,,Fine,Null
1760383.1492,5911841.2097,859122,,520000,0,,0,2,,Null,2023/2024,OFF-ROAD GULL STATION,,,Non-Injury Crash,No,2023,,North,,0,,Flat,,,,,,Dark,607400,0,0,0,0,,,0,,,,,,Auckland Region,Nil,Off road,Sealed,,0,0,,50,,On,0,0,,76,Auckland,Nil,,,,,0,0,Urban,0,,,Light rain,Null
1759298.8077,5888380.6967,859125,,521122,0,0,0,2,0,East,2022/2023,KINGSEAT ROAD,MCKENZIE ROAD,,Non-Injury Crash,No,2023,0,East,0,0,0,Flat,0,,0,,0,Dark,811002,0,0,0,2,0,0,0,0,1,,0,0,Auckland Region,Nil,2-way,Sealed,0,0,0,0,80,0,None,0,0,,76,Auckland,Nil,0,0,0,0,0,0,Open,1,0,0,Mist or Fog,Null
1772811.99,5895992.5652,859134,,525410,0,,0,1,,Null,2023/2024,GREAT SOUTH ROAD,OPAHEKE ROAD,,Minor Crash,No,2023,,North,,0,,Flat,,,,,,Bright sun,793400,1,0,0,2,,,0,,,,,,Auckland Region,Nil,2-way,Sealed,,0,0,,50,,Off,0,0,,76,Auckland,Stop,,,,,0,0,Urban,1,,,Fine,Null
1766958.0627,5907646.0877,859137,,523602,0,,0,2,,East,2025/2026,EAST TAMAKI ROAD,BAIRDS ROAD,,Non-Injury Crash,No,2026,,West,,0,,Flat,,,,,,Dark,709300,0,0,0,4,,,0,,,,,,Auckland Region,Nil,1-way,Sealed,,0,0,,50,,On,0,0,,76,Auckland,Nil,,,,,0,0,Urban,0,,,Fine,Null
1769950.502,5909863.5917,859138,,523109,0,,0,2,,Null,2022/2023,TE IRIRANGI DRIVE,SMALES ROAD,,Non-Injury Crash,No,2023,,South,,0,,Flat,,,,,,Bright sun,711737,0,0,0,4,,,0,,,,,,Auckland Region,Nil,1-way,Sealed,,0,0,,60,,Off,0,0,,76,Auckland,Traffic Signals,,,,,0,0,Urban,0,,,Fine,None
1762006.0597,5913901.9188,859144,,520401,0,0,0,2,0,North,2022/2023,SOUTHERN MOTORWAY,PENROSE OBR,,Non-Injury Crash,Yes,2023,0,South,0,0,0,Flat,1,,0,,0,Overcast,644300,0,0,0,3,0,0,0,0,0,,0,0,Auckland Region,Nil,1-way,Sealed,0,0,0,0,100,0,Off,0,0,,76,Auckland,Nil,0,0,0,0,0,0,Open,0,0,0,Light rain,Null
1750204.9239,5955783.4304,859146,,506613,0,,0,1,,North,2024/2025,NORTHERN MOTORWAY,JOHNSTONES TUNNEL NTH,,Minor Crash,Yes,2024,,North,,0,,Hill Road,,,,,,Overcast,147000,1,0,1,2,,,0,,,,,,Auckland Region,Nil,1-way,Sealed,,0,0,,100,,Null,0,0,,76,Auckland,Nil,,,,,0,0,Open,0,,,Fine,Null
1751600.6186,5912360.8944,859150,,514700,0,,0,0,,East,2024/2025,DONOVAN STREET,BLOCKHOUSE BAY ROAD,,Minor Crash,No,2024,,East,,0,,Flat,,,,,,Overcast,368900,1,0,0,4,,,0,,,1,,,Auckland Region,Nil,2-way,Sealed,,0,0,,50,,Off,0,0,,76,Auckland,Isolated Pedestrian signal (non-intersection),,,,,0,1,Urban,0,,,Light rain,Null
1760347.8612,5915304.5225,859152,,520202,0,,0,2,,Null,2023/2024,GREAT SOUTH ROAD,MAIN HIGHWAY,,Non-Injury Crash,No,2023,,South,,0,,Hill Road,,,,,,Dark,613200,0,0,0,4,,,0,,,,,,Auckland Region,Nil,2-way,Sealed,,0,0,,50,,On,0,0,,76,Auckland,Traffic Signals,,,,,0,0,Urban,0,,,Fine,Null
1764259.9204,5906848.78,859153,,522201,0,0,0,2,0,Null,2024/2025,SWAFFIELD ROAD,MCLEAN AVENUE,,Non-Injury Crash,No,2024,0,South,0,0,1,Flat,0,,0,,0,Overcast,660700,0,0,0,2,0,0,0,0,0,,0,0,Auckland Region,Nil,2-way,Sealed,0,0,0,0,50,0,Off,0,0,,76,Auckland,Nil,0,0,0,0,0,0,Urban,0,0,0,Light rain,Null