X,Y,OBJECTID,advisorySpeed,areaUnitID,bicycle,bridge,bus,carStationWagon,cliffBank,crashDirectionDescription,crashFinancialYear,crashLocation1,crashLocation2,crashRoadSideRoad,crashSeverity,crashSHDescription,crashYear,debris,directionRoleDescription,ditch,fatalCount,fence,flatHill,guardRail,holiday,houseOrBuilding,intersection,kerb,light,meshblockId,minorInjuryCount,moped,motorcycle,NumberOfLanes,objectThrownOrDropped,otherObject,otherVehicleType,overBank,parkedVehicle,pedestrian,phoneBoxEtc,postOrPole,region,roadCharacter,roadLane,roadSurface,roadworks,schoolBus,seriousInjuryCount,slipOrFlood,speedLimit,strayAnimal,streetLight,suv,taxi,temporarySpeedLimit,tlaId,tlaName,trafficControl,trafficIsland,trafficSign,train,tree,truck,unknownVehicleType,urban,vanOrUtility,vehicle,waterRiver,weatherA,weatherB
1769898.7142,5885145.9117,859154,,521122,0,0,0,0,0,Null,2022/2023,BURTT ROAD,TUHIMATA ROAD,,Non-Injury Crash,No,2023,0,South,1,0,0,Hill Road,0,,0,,0,Bright sun,813400,0,0,0,2,0,0,0,0,0,,0,0,Auckland Region,Nil,2-way,Sealed,0,0,0,0,100,0,None,0,0,,76,Auckland,Stop,0,0,0,0,0,0,Open,1,0,0,Fine,Null
1754677.9729,5913690.1826,859157,,518803,0,,0,0,,East,2024/2025,SOUTH-WESTERN MOTORWAY,DOMINION ROAD OFF RAMP,,Non-Injury Crash,Yes,2025,,East,,0,,Flat,,,,,,Overcast,581700,0,0,0,3,,,0,,,,,,Auckland Region,Nil,1-way,Sealed,,0,0,,100,,Off,2,0,,76,Auckland,Nil,,,,,0,0,Open,0,,,Fine,Null
1772104.4736,5898004.2813,859164,,523912,0,,0,4,,Null,2022/2023,PORCHESTER ROAD,WALTERS ROAD,,Non-Injury Crash,No,2023,,North,,0,,Flat,,Easter,,,,Dark,766302,0,0,0,2,,,0,,,,,,Auckland Region,Nil,2-way,Sealed,,0,0,,50,,On,0,0,,76,Auckland,Give way,,,,,0,0,Urban,0,,,Fine,Null
1764431.1744,5912938.8325,859170,,520500,0,0,0,2,0,Null,2023/2024,SOUTH-EASTERN HIGHWAY,CARBINE ROAD,,Non-Injury Crash,No,2024,0,East,0,0,0,Flat,0,,0,,0,Dark,639100,0,0,0,4,0,0,0,0,0,,0,0,Auckland Region,Nil,1-way,Sealed,0,0,0,0,50,0,On,0,0,,76,Auckland,Traffic Signals,0,1,0,0,0,0,Urban,0,0,0,Fine,Null
1753015.8031,5935053.4695,859178,,508703,0,,0,1,,Null,2024/2025,OTEHA VALLEY ROAD OFF RAMP,OTEHA VALLEY ROAD,,Minor Crash,No,2024,,South,,0,,Flat,,,,,,Bright sun,178511,1,0,0,1,,,0,,,1,,,Auckland Region,Motorway ramp,1-way,Sealed,,0,0,,50,,Off,0,0,,76,Auckland,Give way,,,,,0,0,Urban,0,,,Light rain,Null
1760201.7818,5924709.5331,859180,,509300,0,0,0,1,0,North,2023/2024,HEMI STREET,OLD LAKE ROAD,,Minor Crash,No,2023,0,North,0,0,0,Flat,0,,0,,0,Dark,338200,1,0,0,2,0,0,0,0,1,,0,0,Auckland Region,Nil,2-way,Sealed,0,0,0,0,50,0,On,1,0,,76,Auckland,Nil,0,0,0,0,0,0,Urban,0,0,0,Light rain,Null
1766709.3808,5908044.0244,859181,,523501,0,,0,1,,South,2025/2026,BAIRDS ROAD,TOSO WAY,,Non-Injury Crash,No,2025,,South,,0,,Flat,,,,,,Dark,700601,0,0,0,2,,,0,,,,,,Auckland Region,Nil,2-way,Sealed,,0,0,,30,,On,1,0,,76,Auckland,Nil,,,,,0,0,Urban,0,,,Fine,Null
1766091.4231,5899280.4824,859188,,524812,0,,0,2,,North,2023/2024,WEYMOUTH ROAD,TAITIMU DRIVE,,Non-Injury Crash,No,2023,,North,,0,,Flat,,,,,,Overcast,774003,0,0,0,2,,,0,,,,,,Auckland Region,Nil,2-way,Sealed,,0,0,,50,,On,0,0,,76,Auckland,Nil,,,,,0,0,Urban,0,,,Light rain,Null
1766823.0994,5900417.8439,859192,,524713,0,,0,1,,Null,2023/2024,SHARLAND AVENUE,PAWA PLACE,,Serious Crash,No,2023,,West,,0,,Flat,,,,,,Bright sun,775804,0,0,0,2,,,0,,,1,,,Auckland Region,Nil,2-way,Sealed,,0,1,,50,,Off,0,0,,76,Auckland,Nil,,,,,0,0,Urban,0,,,Fine,Null
1762020.2082,5915731.9293,859193,,520201,0,0,0,2,1,East,2025/2026,MARUA ROAD,MICHAELS AVENUE,,Non-Injury Crash,No,2025,0,East,0,0,0,Flat,0,,0,,0,Bright sun,609200,0,0,0,2,0,0,0,0,1,,0,0,Auckland Region,Nil,2-way,Sealed,0,0,0,0,50,0,None,1,0,,76,Auckland,Nil,0,0,0,0,0,0,Urban,0,0,0,Fine,Null
1774819.6662,5909422.0315,859194,,523202,0,,0,1,,North,2023/2024,WHITFORD ROAD,WHITFORD PARK ROAD,,Non-Injury Crash,No,2023,,East,,0,,Flat,,,,,,Overcast,717600,0,0,0,2,,,0,,,,,,Auckland Region,Nil,2-way,Sealed,,0,0,,60,,Off,0,0,,76,Auckland,Nil,,,,,0,0,Urban,1,,,Heavy rain,Null
1756554.2763,5919030.9547,859198,,514200,1,0,0,0,0,North,2023/2024,IAN MCKINNON DRIVE,NEWTON OBR,,Serious Crash,No,2024,0,South,0,0,0,Hill Road,0,,0,,0,Dark,412800,0,0,0,3,0,0,0,0,0,,0,0,Auckland Region,Nil,2-way,Sealed,0,0,1,0,50,0,On,0,0,,76,Auckland,Nil,0,0,0,0,0,0,Urban,0,0,0,Light rain,Null
1770005.439,5915302.3574,859206,,522711,0,,0,2,,Null,2023/2024,BUCKLANDS BEACH ROAD,CASUARINA ROAD,,Non-Injury Crash,No,2023,,North,,0,,Flat,,,,,,Dark,680801,0,0,0,2,,,0,,,,,,Auckland Region,Nil,2-way,Sealed,,0,0,,50,,On,0,0,,76,Auckland,Stop,,,,,0,0,Urban,0,,,Fine,Null
1768638.749,5906076.6072,859209,,523721,0,0,0,1,0,Null,2024/2025,DAWSON ROAD,OTHELLO DRIVE,,Non-Injury Crash,No,2024,0,North,0,0,0,Flat,0,,0,,0,Overcast,715616,0,0,0,2,0,0,0,0,2,,0,0,Auckland Region,Nil,2-way,Sealed,0,0,0,0,50,0,None,1,0,,76,Auckland,Stop,0,0,0,0,0,0,Urban,1,0,0,Fine,Null
1752182.2081,5917998.7139,859216,,515001,0,0,0,1,0,West,2024/2025,NORTH-WESTERN MOTORWAY,SH 20,,Minor Crash,Yes,2024,0,West,0,0,0,Hill Road,1,,0,,0,Overcast,392400,1,0,0,4,0,0,0,0,0,,0,0,Auckland Region,Nil,1-way,Sealed,0,0,0,0,70,0,On,0,0,,76,Auckland,Nil,0,0,0,0,0,0,Urban,0,0,0,Mist or Fog,Null
1735528.6519,5927506.8177,859220,,505605,0,0,0,1,0,North,2022/2023,PUKE ROAD,TAWA ROAD,,Non-Injury Crash,No,2023,0,North,0,0,0,Hill Road,0,,0,,0,Bright sun,215500,0,0,0,2,0,0,0,0,0,,0,0,Auckland Region,Nil,2-way,Sealed,0,0,0,0,80,0,None,0,0,,76,Auckland,Nil,0,0,0,1,0,0,Open,0,0,0,Fine,Null
1772863.9973,5891390.1618,859222,,521301,0,,0,0,,Null,2023/2024,GREAT SOUTH ROAD,GREAT SOUTH ROAD ON RAMP,,Non-Injury Crash,Yes,2023,,East,,0,,Flat,,,,,,Overcast,808702,0,0,0,2,,,0,,,,,,Auckland Region,Underpass,2-way,Sealed,,0,0,,60,,None,1,0,,76,Auckland,Traffic Signals,,,,,1,0,Urban,0,,,Fine,Null
1768635.2836,5909795.788,859233,,523112,0,,0,1,,North,2024/2025,HARRIS ROAD,SMALES ROAD,,Non-Injury Crash,No,2025,,South,,0,,Flat,,,,,,Bright sun,711500,0,0,0,4,,,0,,,,,,Auckland Region,Nil,2-way,Sealed,,0,0,,50,,Off,0,0,,76,Auckland,Nil,,,,,0,0,Urban,1,,,Fine,Null
1729654.2101,5940200.7132,859237,,506800,0,0,0,1,0,West,2024/2025,"COMMERCIAL ROAD, HELENSVILLE, AUCKLAND",GARFIELD ROAD,,Non-Injury Crash,Yes,2025,0,North,0,0,0,Flat,0,,0,,0,Dark,208500,0,0,0,2,0,0,0,0,1,,0,0,Auckland Region,Nil,2-way,Sealed,0,0,0,0,50,0,On,0,0,,76,Auckland,Nil,0,0,0,0,0,0,Urban,1,0,0,Fine,Null
1767582.3524,5904622.5055,859261,,524604,0,,0,2,,Null,2025/2026,GREAT SOUTH ROAD,RONWOOD AVENUE,,Non-Injury Crash,No,2025,,North,,0,,Flat,,,,,,Overcast,780204,0,0,0,4,,,0,,,,,,Auckland Region,Nil,2-way,Sealed,,0,0,,50,,Off,0,0,,76,Auckland,Traffic Signals,,,,,0,0,Urban,0,,,Fine,Null
1753283.4132,5934471.8717,859264,,508704,0,0,0,1,0,Null,2022/2023,MEDALLION DRIVE,FERNHILL WAY,,Non-Injury Crash,No,2023,0,East,0,0,0,Hill Road,0,,0,,0,Overcast,179118,0,0,0,2,0,0,0,0,0,,0,1,Auckland Region,Nil,2-way,Sealed,0,0,0,0,50,0,Off,0,0,,76,Auckland,Give way,0,0,0,0,0,0,Urban,0,0,0,Light rain,Null
1754302.2241,5935102.3729,859265,,507102,0,0,0,1,0,East,2025/2026,JOHN DOWNS DRIVE,ELMIRA PLACE,,Non-Injury Crash,No,2025,0,East,0,0,0,Hill Road,0,,1,,0,Dark,160600,0,0,0,2,0,0,0,0,1,,0,0,Auckland Region,Nil,2-way,Sealed,0,0,0,0,50,0,On,0,0,,76,Auckland,Nil,0,0,0,0,0,1,Urban,0,0,0,Fine,Null
1750219.9411,5914290.2942,859266,,511303,0,,0,1,,Null,2024/2025,GREAT NORTH ROAD,VERONICA STREET,,Minor Crash,No,2024,,South,,0,,Flat,,,,,,Dark,265800,1,0,0,5,,,0,,,,,,Auckland Region,Nil,2-way,Sealed,,0,0,,50,,On,1,0,,76,Auckland,Traffic Signals,,,,,0,0,Urban,0,,,Fine,Null
1756778.6138,5919474.913,859269,,514200,0,,0,4,,Null,2024/2025,KARANGAHAPE ROAD,PITT STREET,,Non-Injury Crash,No,2025,,East,,0,,Flat,,,,,,Dark,412100,0,0,0,4,,,0,,,,,,Auckland Region,Nil,2-way,Sealed,,0,0,,30,,On,0,3,,76,Auckland,Traffic Signals,,,,,0,0,Urban,0,,,Fine,Null
1759100.1936,5926061.2018,859270,,508020,0,,0,1,,West,2023/2024,LAKE ROAD,HORORATA ROAD,,Non-Injury Crash,No,2024,,West,,0,,Flat,,,,,,Bright sun,321400,0,0,0,1,,,0,,,,,,Auckland Region,Nil,2-way,Sealed,,0,0,,50,,Off,0,0,,76,Auckland,Nil,,,,,0,1,Urban,0,,,Fine,Null
1769821.8511,5907715.2009,859273,,523713,0,,0,1,,North,2025/2026,CHAPEL ROAD,ORMISTON ROAD,,Non-Injury Crash,No,2025,,North,,0,,Hill Road,,,,,,Bright sun,712302,0,0,0,2,,,0,,,,,,Auckland Region,Nil,2-way,Sealed,,0,0,,50,,Off,1,0,,76,Auckland,Nil,,,,,0,0,Urban,0,,,Light rain,Null
1770292.313,5911179.7878,859281,,523109,0,0,1,1,0,South,2024/2025,TE IRIRANGI DRIVE,TI RAKAU DRIVE,,Non-Injury Crash,No,2024,0,South,0,0,0,Flat,0,,0,,0,Overcast,711709,0,0,0,2,0,0,0,0,1,,0,0,Auckland Region,Nil,1-way,Sealed,0,0,0,0,50,0,Off,0,0,,76,Auckland,Nil,0,0,0,0,0,0,Urban,0,0,0,Fine,Null
1759250.2485,5920028.3735,859286,,515902,0,,0,2,,Null,2023/2024,GLADSTONE ROAD,STANWELL STREET,,Non-Injury Crash,No,2024,,North,,0,,Flat,,,,,,Overcast,453900,0,0,0,2,,,0,,,,,,Auckland Region,Nil,2-way,Sealed,,0,0,,50,,Off,0,0,,76,Auckland,Give way,,,,,0,0,Urban,0,,,Fine,Null
1773658.6149,5909591.1035,859289,,523202,0,,0,1,,South,2024/2025,WHITFORD ROAD,FAIRVIEW ROAD,,Non-Injury Crash,No,2024,,South,,0,,Hill Road,,,,,,Overcast,717505,0,0,0,2,,,0,,,,,,Auckland Region,Nil,2-way,Sealed,,0,0,,60,,None,0,0,,76,Auckland,Nil,,,,,0,0,Urban,1,,,Heavy rain,Null
1758824.3181,5912172.2247,859290,,519820,0,,0,2,,Null,2024/2025,CHURCH STREET,SELWYN STREET,,Non-Injury Crash,No,2024,,West,,0,,Flat,,,,,,Dark,601700,0,0,0,2,,,0,,,,,,Auckland Region,Nil,2-way,Sealed,,0,0,,50,,On,0,1,,76,Auckland,Traffic Signals,,,,,0,0,Urban,0,,,Light rain,Null
1763575.1902,5912952.4746,859305,,520500,0,0,0,0,0,West,2025/2026,ARANUI ROAD,MOUNT WELLINGTON HIGHWAY,,Non-Injury Crash,No,2025,0,East,0,0,0,Flat,0,,0,,0,Dark,637400,0,0,0,2,0,0,0,0,1,,0,0,Auckland Region,Nil,2-way,Sealed,0,0,0,0,50,0,On,1,0,,76,Auckland,Nil,0,0,0,0,0,0,Urban,1,0,0,Fine,Null
1767118.1176,5905545.3274,859314,,522302,0,,0,1,,Null,2024/2025,GREAT SOUTH ROAD,REAGAN ROAD,,Non-Injury Crash,No,2024,,South,,0,,Flat,,,,,,Overcast,670700,0,0,0,1,,,0,,,,,,Auckland Region,Nil,1-way,Sealed,,0,0,,50,,Off,1,0,,76,Auckland,Give way,,,,,0,0,Urban,0,,,Fine,None
1768208.7409,5903832.6566,859316,,523820,0,,0,0,,North,2022/2023,SOUTH-WESTERN MOTORWAY,SOUTHERN MOTORWAY,,Non-Injury Crash,Yes,2023,,South,,0,,Flat,,,,,,Overcast,760142,0,0,0,2,,,0,,,,,,Auckland Region,Underpass,1-way,Sealed,,0,0,,100,,On,0,0,,76,Auckland,Nil,,,,,1,0,Open,1,,,Light rain,Null
1768195.3097,5903850.8245,859318,,523820,0,,0,1,,North,2024/2025,SOUTHERN MOTORWAY,MANUKAU ON SBD OBR,,Non-Injury Crash,Yes,2024,,South,,0,,Null,,,,,,Bright sun,760142,0,0,0,3,,,0,,,,,,Auckland Region,Nil,1-way,Sealed,,0,0,,100,,Null,1,0,,76,Auckland,Nil,,,,,0,0,Open,0,,,Fine,Null
1750593.3899,5915664.1241,859321,,514802,0,,0,1,,Null,2025/2026,CANAL ROAD,ROSEBANK ROAD,,Non-Injury Crash,No,2025,,East,,0,,Flat,,,,,,Bright sun,386300,0,0,0,2,,,0,,,,,,Auckland Region,Nil,2-way,Sealed,,0,0,,50,,Off,0,0,,76,Auckland,Stop,,,,,0,1,Urban,0,,,Fine,Null
1752823.8707,5933215.97,859324,,508807,0,,0,3,,East,2023/2024,ALBANY EXPRESSWAY,ALBANY EXPRESSWAY,,Minor Crash,No,2023,,West,,0,,Flat,,,,,,Overcast,180405,2,0,0,4,,,0,,,,,,Auckland Region,Nil,2-way,Sealed,,0,0,,80,,Off,0,0,,76,Auckland,Nil,,,,,0,0,Open,0,,,Light rain,Null
1756000.551,5920523.3852,859326,,514000,0,,1,1,,Null,2024/2025,COLLEGE HILL,GUDGEON STREET,,Non-Injury Crash,No,2024,,East,,0,,Hill Road,,,,,,Overcast,416600,0,0,0,4,,,0,,,,,,Auckland Region,Nil,2-way,Sealed,,0,0,,40,,Off,1,0,,76,Auckland,Stop,,,,,0,0,Urban,0,,,Heavy rain,Null
1781499.646,5926685.0057,859328,,520801,0,0,0,1,0,South,2023/2024,OCEAN ROAD,PACIFIC PARADE,,Non-Injury Crash,No,2023,0,North,0,0,0,Null,0,,0,,0,Unknown,515104,0,0,0,2,0,0,0,0,1,,0,0,Auckland Region,Nil,2-way,Sealed,0,0,0,0,50,0,Null,0,0,,76,Auckland,Nil,0,0,0,0,0,0,Urban,0,0,0,Null,Null
1760354.2586,5915587.1201,859329,,516003,0,0,0,2,0,North,2025/2026,WOODBINE AVENUE,WOODBINE AVENUE,,Minor Crash,No,2025,0,South,0,0,0,Flat,0,,0,,0,Overcast,495000,1,0,0,2,0,0,0,0,1,,0,0,Auckland Region,Nil,2-way,Sealed,0,0,0,0,50,0,Null,1,0,,76,Auckland,Nil,0,0,0,0,0,0,Urban,0,0,0,Fine,Null
1770353.8719,5911297.9376,859330,,523109,0,,0,1,,Null,2023/2024,TI RAKAU DRIVE,TE IRIRANGI DRIVE,,Non-Injury Crash,No,2024,,West,,0,,Flat,,,,,,Twilight,711709,0,0,0,5,,,0,,,,,,Auckland Region,Nil,1-way,Sealed,,0,0,,50,,Off,1,0,,76,Auckland,Traffic Signals,,,,,0,0,Urban,0,,,Fine,None
1747151.5182,5916421.5736,859332,,512500,0,0,0,3,0,East,2023/2024,CRYSTAL AVENUE,GLENDENE AVENUE,,Minor Crash,No,2024,0,East,0,0,0,Hill Road,0,,0,,0,Twilight,259900,1,0,0,2,0,0,0,0,1,,0,0,Auckland Region,Nil,2-way,Sealed,0,0,0,0,50,0,On,0,0,,76,Auckland,Nil,0,0,0,0,0,0,Urban,0,0,0,Fine,Null
1765842.1029,5899459.2955,859333,,524811,0,0,0,2,0,Null,2025/2026,TAITIMU DRIVE,MARTHA LANE,,Non-Injury Crash,No,2026,0,North,0,0,0,Flat,0,,0,,0,Dark,773816,0,0,0,2,0,0,0,0,1,,0,0,Auckland Region,Nil,2-way,Sealed,0,0,0,0,30,0,On,0,0,,76,Auckland,Nil,0,0,0,0,0,0,Urban,0,0,0,Light rain,Null
1737583.0923,5929008.8874,859340,,505602,0,0,0,0,0,North,2022/2023,PODGORA AVENUE,SCHOOLSIDE ROAD,,Non-Injury Crash,No,2023,0,North,0,0,1,Hill Road,0,,0,,0,Dark,214900,0,0,0,2,0,0,0,0,0,,0,0,Auckland Region,Nil,2-way,Sealed,0,0,0,0,50,0,On,0,0,,76,Auckland,Nil,0,0,0,0,0,0,Urban,1,0,0,Mist or Fog,Null
1743034.3752,5921908.767,859356,,513631,0,0,0,1,0,Null,2023/2024,GARTON DRIVE,TELLIN CLOSE,,Non-Injury Crash,No,2023,0,North,0,0,1,Flat,0,,0,,0,Dark,227004,0,0,0,2,0,1,0,0,0,,0,0,Auckland Region,Nil,2-way,Sealed,0,0,0,0,50,0,On,0,0,,76,Auckland,Nil,0,0,0,0,0,0,Urban,0,0,0,Fine,Null
1764496.3512,5912841.1331,859358,,520500,0,,0,1,,Null,2024/2025,CARBINE ROAD,BOWDEN ROAD,,Minor Crash,No,2025,,South,,0,,Flat,,,,,,Dark,639100,2,0,0,6,,,0,,,,,,Auckland Region,Nil,2-way,Sealed,,0,0,,50,,On,1,0,,76,Auckland,Traffic Signals,,,,,0,0,Urban,0,,,Fine,Null
1773396.327,5895970.5056,859362,45,525410,0,,0,0,,Null,2022/2023,MARNE ROAD,ONSLOW ROAD,,Minor Crash,No,2023,,South,,0,,Flat,,,,,,Dark,793100,1,0,0,2,,,0,,,1,,,Auckland Region,Nil,2-way,Sealed,,0,0,,50,,On,0,0,,76,Auckland,Stop,,,,,0,0,Urban,1,,,Null,None
1749493.1007,5913906.2066,859364,,511303,1,,0,0,,East,2023/2024,GREAT NORTH ROAD,TITIRANGI ROAD,,Minor Crash,No,2024,,East,,0,,Hill Road,,,,,,Bright sun,264901,1,0,0,4,,,0,,,,,,Auckland Region,Nil,1-way,Sealed,,0,0,,50,,Off,0,0,,76,Auckland,Nil,,,,,0,0,Urban,1,,,Fine,Null
1771124.3925,5896448.3247,859366,,525540,0,,0,2,,North,2024/2025,SOUTHERN MOTORWAY,PAPAKURA OFF RAMP,,Non-Injury Crash,Yes,2024,,South,,0,,Flat,,,,,,Bright sun,806204,0,0,0,3,,,0,,,,,,Auckland Region,Nil,1-way,Sealed,,0,0,,100,,Off,0,0,,76,Auckland,Nil,,,,,0,0,Open,0,,,Fine,Null
1757983.7753,5914835.7834,859372,,515802,0,,0,2,,Null,2023/2024,MANUKAU ROAD,EMPIRE ROAD,,Non-Injury Crash,No,2023,,North,,0,,Flat,,,,,,Overcast,449300,0,0,0,4,,,0,,,,,,Auckland Region,Nil,2-way,Sealed,,0,0,,50,,Off,0,0,,76,Auckland,Give way,,,,,0,0,Urban,0,,,Fine,Null
1742719.7534,5919753.4799,859376,,513212,0,0,0,0,0,South,2023/2024,WAITEMATA DRIVE,KAREPO CRESCENT,,Non-Injury Crash,No,2023,0,West,0,0,1,Flat,0,,0,,0,Dark,235715,0,0,0,2,0,1,0,0,1,,0,0,Auckland Region,Nil,2-way,Sealed,0,0,0,0,50,0,On,0,0,,76,Auckland,Nil,0,0,0,0,0,0,Urban,2,0,0,Fine,Null
1757056.8521,5917682.9023,859377,,518101,0,0,0,0,0,North,2024/2025,MOUNT EDEN ROAD,VIEW ROAD,,Non-Injury Crash,No,2024,0,North,0,0,0,Hill Road,0,,0,,0,Dark,546200,0,0,0,2,0,0,0,0,1,,0,0,Auckland Region,Nil,2-way,Sealed,0,0,0,0,50,0,On,2,0,,76,Auckland,Nil,0,0,0,0,0,0,Urban,0,0,0,Fine,Null
1752850.3894,5935209.956,859382,,508703,0,,0,1,,South,2024/2025,NORTHERN MOTORWAY,OTEHA VALLEY ROAD OFF RAMP,,Minor Crash,Yes,2024,,South,,0,,Hill Road,,,,,,Dark,178509,1,0,0,3,,,0,,,,,,Auckland Region,Nil,1-way,Sealed,,0,0,,100,,On,0,0,,76,Auckland,Nil,,,,,1,0,Open,1,,,Fine,Null
1768121.3171,5906808.7826,859384,,523711,0,0,0,0,0,South,2023/2024,WYNTON PLACE,RONGOMAI ROAD,,Non-Injury Crash,No,2023,0,South,0,0,1,Flat,0,,1,,0,Bright sun,714200,0,0,0,2,0,0,0,0,0,,0,0,Auckland Region,Nil,2-way,Sealed,0,0,0,0,50,0,Off,0,0,,76,Auckland,Nil,0,0,0,0,0,0,Urban,0,0,0,Fine,Null
1756061.2114,5931255.1079,859390,,508520,0,,0,3,,South,2023/2024,EAST COAST ROAD,SUNNYNOOK ROAD,,Non-Injury Crash,No,2024,,North,,0,,Flat,,,,,,Overcast,148704,0,0,0,3,,,0,,,,,,Auckland Region,Nil,2-way,Sealed,,0,0,,50,,Off,0,0,,76,Auckland,Nil,,,,,0,0,Urban,0,,,Fine,Null
1753553.5082,5932502.8911,859398,,508805,0,,0,3,,South,2024/2025,NORTHERN MOTORWAY,ROSEDALE OBR,,Minor Crash,Yes,2024,,South,,0,,Flat,,,,,,Bright sun,180866,1,0,0,2,,,0,,,,,,Auckland Region,Nil,1-way,Sealed,,0,0,,100,,Off,2,0,,76,Auckland,Nil,,,,,0,0,Open,0,,,Fine,Null
1740829.9777,5903376.3845,859400,,513800,0,0,0,0,0,West,2023/2024,HUIA ROAD,KAITARAKIHI ROAD,,Non-Injury Crash,No,2024,0,East,1,0,0,Hill Road,0,,0,,0,Dark,303202,0,0,0,2,0,0,0,0,0,,0,0,Auckland Region,Nil,2-way,Sealed,0,0,0,0,100,0,None,0,0,,76,Auckland,Nil,0,0,0,0,0,0,Open,1,0,0,Fine,Null
1752640.1243,5912577.4548,859402,,518901,0,0,0,3,0,North,2023/2024,BOUNDARY ROAD,WHITE SWAN ROAD,,Non-Injury Crash,No,2024,0,South,0,0,0,Flat,0,,0,,0,Dark,586600,0,0,0,2,0,0,0,0,1,,0,0,Auckland Region,Nil,2-way,Sealed,0,0,0,0,50,0,On,0,0,,76,Auckland,Nil,0,0,0,0,0,0,Urban,0,0,0,Fine,Null
1740983.6268,5922067.5968,859405,,513701,0,,0,1,,North,2024/2025,RED HILLS ROAD,SUNNYVALE ROAD,,Non-Injury Crash,No,2024,,North,,0,,Hill Road,,,,,,Bright sun,229800,0,0,0,2,,,0,,,,,,Auckland Region,Nil,2-way,Sealed,,0,0,,80,,None,1,0,,76,Auckland,Nil,,,,,0,0,Open,0,,,Fine,Null
1763436.9517,5910941.6093,859412,,520500,0,,0,2,,Null,2022/2023,GREAT SOUTH ROAD,ABATTOIR LANE,,Non-Injury Crash,No,2023,,South,,0,,Flat,,,,,,Bright sun,637900,0,0,0,4,,,0,,,,,,Auckland Region,Nil,2-way,Sealed,,0,0,,50,,Off,0,0,,76,Auckland,Nil,,,,,1,0,Urban,0,,,Fine,Null
1749032.4029,5911207.4218,859416,,512100,0,0,0,3,0,North,2023/2024,AVONLEIGH ROAD,VINCEROY PLACE,,Minor Crash,No,2024,0,South,0,0,0,Hill Road,0,,0,,0,Bright sun,290602,4,0,0,2,0,0,0,0,1,,0,0,Auckland Region,Nil,2-way,Sealed,0,0,0,0,50,0,Off,0,0,,76,Auckland,Nil,0,0,0,0,0,0,Urban,0,0,0,Fine,Null
1755982.0159,5918569.1953,859418,,515500,0,,0,2,,South,2022/2023,NORTH-WESTERN MOTORWAY,WAIMA FTBR,,Non-Injury Crash,Yes,2023,,South,,0,,Flat,,,,,,Bright sun,418600,0,0,0,5,,,0,,,,,,Auckland Region,Nil,1-way,Sealed,,0,0,,80,,Off,0,0,,76,Auckland,Nil,,,,,0,1,Open,0,,,Fine,Null
1760709.3358,5916345.123,859421,,516002,0,,0,1,,North,2024/2025,GREEN LANE EAST,PEACH PARADE,,Non-Injury Crash,No,2024,,North,,0,,Null,,,,,,Unknown,493700,0,0,0,2,,,0,,,,,,Auckland Region,Nil,2-way,Null,,0,0,,50,,Null,0,0,,76,Auckland,Nil,,,,,0,0,Urban,0,,,Null,Null
1756944.0851,5919441.8681,859437,,514200,0,0,0,1,0,West,2024/2025,KARANGAHAPE ROAD,UPPER QUEEN STREET,,Non-Injury Crash,No,2025,0,West,0,0,0,Flat,0,,0,,0,Bright sun,412200,0,0,0,2,0,0,0,0,1,,0,0,Auckland Region,Nil,2-way,Sealed,0,0,0,0,30,0,Null,0,0,,76,Auckland,Nil,0,0,0,0,0,0,Urban,1,0,0,Fine,Null
1762490.6208,5903640.9796,859440,,524604,0,,0,1,,Null,2023/2024,PUHINUI ROAD,CAMPANA ROAD,,Minor Crash,Yes,2024,,West,,0,,Flat,,,,,,Bright sun,781100,1,0,0,2,,,0,,,,,,Auckland Region,Nil,2-way,Sealed,,0,0,,60,,Off,1,0,,76,Auckland,Traffic Signals,,,,,0,0,Urban,0,,,Fine,Null
1766836.9124,5907929.797,859445,,523501,0,,0,1,,East,2024/2025,BAIRDS ROAD,KELPIE LANE,,Non-Injury Crash,No,2025,,South,,0,,Null,,,,,,Overcast,700602,0,0,0,2,,,0,,,,,,Auckland Region,Nil,2-way,Sealed,,0,0,,30,,Null,0,0,,76,Auckland,Nil,,,,,0,0,Urban,1,,,Fine,Null
1752784.5937,5914091.6693,859446,,514500,0,,0,2,,East,2023/2024,MAIORO STREET,NEW WINDSOR ROAD,,Minor Crash,No,2024,,West,,0,,Flat,,,,,,Dark,376600,2,0,0,4,,,0,,,,,,Auckland Region,Nil,2-way,Sealed,,0,0,,50,,On,1,0,,76,Auckland,Nil,,,,,0,0,Urban,0,,,Fine,Null
1748629.1041,5969770.074,859449,,505500,0,0,0,1,0,Null,2024/2025,WOODCOCKS ROAD,AUCKLAND ROAD,,Non-Injury Crash,No,2024,0,East,0,0,0,Null,0,,0,,0,Dark,140500,0,0,0,2,0,0,0,0,0,,0,1,Auckland Region,Nil,2-way,Sealed,0,0,0,0,50,0,On,0,0,,76,Auckland,Traffic Signals,0,0,0,0,0,0,Urban,0,0,0,Light rain,Null
1767529.3864,5904245.9759,859453,,524604,0,,0,2,,Null,2024/2025,PUTNEY WAY,MANUKAU STATION ROAD,,Non-Injury Crash,No,2025,,East,,0,,Flat,,,,,,Bright sun,780204,0,0,0,2,,,0,,,,,,Auckland Region,Nil,1-way,Sealed,,0,0,,50,,None,0,0,40,76,Auckland,Give way,,,,,0,0,Urban,0,,,Fine,Strong wind