X,Y,OBJECTID,advisorySpeed,areaUnitID,bicycle,bridge,bus,carStationWagon,cliffBank,crashDirectionDescription,crashFinancialYear,crashLocation1,crashLocation2,crashRoadSideRoad,crashSeverity,crashSHDescription,crashYear,debris,directionRoleDescription,ditch,fatalCount,fence,flatHill,guardRail,holiday,houseOrBuilding,intersection,kerb,light,meshblockId,minorInjuryCount,moped,motorcycle,NumberOfLanes,objectThrownOrDropped,otherObject,otherVehicleType,overBank,parkedVehicle,pedestrian,phoneBoxEtc,postOrPole,region,roadCharacter,roadLane,roadSurface,roadworks,schoolBus,seriousInjuryCount,slipOrFlood,speedLimit,strayAnimal,streetLight,suv,taxi,temporarySpeedLimit,tlaId,tlaName,trafficControl,trafficIsland,trafficSign,train,tree,truck,unknownVehicleType,urban,vanOrUtility,vehicle,waterRiver,weatherA,weatherB
1743574.3402,5922721.2149,859454,,513511,0,0,0,0,0,East,2022/2023,ROYAL ROAD,BEAUCHAMP DRIVE,,Non-Injury Crash,No,2023,0,East,0,0,0,Flat,0,,0,,0,Bright sun,224305,0,0,0,2,0,1,0,0,0,,0,0,Auckland Region,Nil,2-way,Sealed,0,0,0,0,50,0,Off,0,0,,76,Auckland,Nil,0,0,0,0,0,0,Urban,1,0,0,Fine,Null
1768952.0798,5881331.4112,859460,,525910,0,,0,1,,Null,2022/2023,EDINBURGH STREET,STADIUM DRIVE,,Non-Injury Crash,No,2023,,North,,0,,Flat,,,,,,Dark,818500,0,0,0,1,,,0,,,,,,Auckland Region,Nil,1-way,Sealed,,0,0,,50,,On,0,0,30,76,Auckland,Give way,,,,,0,0,Urban,1,,,Fine,Null
1762168.4762,5913672.0627,859461,,520500,0,,0,1,,North,2024/2025,SOUTHERN MOTORWAY,PENROSE OBR,,Non-Injury Crash,Yes,2024,,North,,0,,Flat,,,,,,Bright sun,637000,0,0,0,3,,,0,,,,,,Auckland Region,Nil,1-way,Sealed,,0,0,,100,,Off,0,0,,76,Auckland,Nil,,,,,1,0,Open,0,,,Fine,Null
1765277.5242,5892180.7617,859481,,521122,0,0,0,1,1,South,2024/2025,LINWOOD ROAD,URQUHART ROAD,,Non-Injury Crash,No,2024,0,South,0,0,0,Flat,0,,0,,0,Dark,810000,0,0,0,2,0,0,0,0,0,,0,0,Auckland Region,Nil,2-way,Sealed,0,0,0,0,80,0,None,0,0,,76,Auckland,Nil,0,0,0,0,0,0,Open,0,0,0,Fine,Null
1749072.4407,5927765.666,859484,,509100,0,,0,2,,West,2024/2025,UPPER HARBOUR MOTORWAY,TAUHINU ROAD OFF RAMP,,Minor Crash,Yes,2024,,East,,0,,Hill Road,,,,,,Bright sun,181400,1,0,0,3,,,0,,,,,,Auckland Region,Nil,1-way,Sealed,,0,0,,100,,Off,0,0,,76,Auckland,Nil,,,,,0,0,Open,1,,,Fine,Null
1771755.495,5895135.0216,859485,,525530,0,,0,1,,Null,2025/2026,CHICHESTER DRIVE,ERCEG WAY,,Non-Injury Crash,No,2025,,South,,0,,Flat,,,,,,Overcast,804901,0,0,0,2,,,0,,,,,,Auckland Region,Nil,2-way,Sealed,,0,0,,30,,Null,0,0,,76,Auckland,Give way,,,,,0,0,Urban,1,,,Light rain,Null
1782246.6248,5925316.9716,859488,,520801,0,,0,1,,South,2024/2025,WHARF ROAD,OSTEND ROAD,,Serious Crash,No,2024,,South,,0,,Flat,,,,,,Overcast,515307,0,0,0,2,,,0,,,1,,,Auckland Region,Nil,2-way,Sealed,,0,1,,50,,None,0,0,,76,Auckland,Nil,,,,,0,0,Urban,0,,,Fine,Null
1763651.9442,5904648.306,859493,,524604,0,,0,1,,North,2024/2025,SOUTH-WESTERN MOTORWAY,PUHINUI ROAD-SH 20B ON RAMP,,Non-Injury Crash,Yes,2025,,North,,0,,Flat,,,,,,Overcast,780902,0,0,0,2,,,0,,,,,,Auckland Region,Nil,1-way,Sealed,,0,0,,100,,Null,0,0,,76,Auckland,Nil,,,,,1,0,Open,0,,,Light rain,Null
1758119.5615,5917871.6127,859496,,515700,0,,0,1,,Null,2023/2024,GILLIES AVENUE OFF RAMP,GILLIES AVENUE OFF RAMP,,Non-Injury Crash,No,2023,,South,,0,,Flat,,,,,,Bright sun,443200,0,0,0,1,,,0,,,,,,Auckland Region,Motorway ramp,1-way,Sealed,,0,0,,50,,Off,0,0,,76,Auckland,Nil,,,,,0,0,Urban,1,,,Fine,Null
1752531.7299,5913003.2486,859501,,514700,0,0,0,1,0,East,2025/2026,TERRY STREET,MORPETH PLACE,,Minor Crash,No,2025,0,East,0,0,0,Hill Road,0,,0,,0,Bright sun,370600,1,0,0,2,0,0,0,0,0,,0,1,Auckland Region,Nil,2-way,Sealed,0,0,0,0,50,0,Off,0,0,,76,Auckland,Nil,0,0,0,0,0,0,Urban,0,0,0,Fine,Null
1752883.0661,5916611.1471,859505,,517903,0,,0,2,,Null,2024/2025,NEW NORTH ROAD,MOUNT ALBERT ROAD,,Non-Injury Crash,No,2025,,North,,0,,Flat,,,,,,Dark,520000,0,0,0,5,,,0,,,,,,Auckland Region,Nil,2-way,Sealed,,0,0,,50,,On,0,0,30,76,Auckland,Traffic Signals,,,,,0,0,Urban,0,,,Light rain,Null
1759696.8675,5909349.8496,859510,,524002,0,,0,2,,North,2023/2024,SOUTH-WESTERN MOTORWAY,WALMSLEY ROAD OFF RAMP,,Non-Injury Crash,Yes,2023,,South,,0,,Flat,,,,,,Bright sun,724102,0,0,0,3,,,0,,,,,,Auckland Region,Nil,1-way,Sealed,,0,0,,100,,None,0,0,,76,Auckland,Nil,,,,,0,0,Open,0,,,Fine,None
1770009.7978,5901485.6547,859518,,523814,0,0,0,1,0,West,2023/2024,SARALEE DRIVE,RATHMAR DRIVE,,Non-Injury Crash,No,2023,0,East,0,0,0,Flat,0,,0,,0,Dark,759516,0,0,0,2,0,0,0,0,1,,0,0,Auckland Region,Nil,2-way,Sealed,0,0,0,0,50,0,On,0,0,,76,Auckland,Nil,0,0,0,0,0,1,Urban,0,0,0,Light rain,None
1773664.6121,5914340.4246,859525,,521502,0,0,0,2,0,Null,2025/2026,PAH ROAD,SHELLY BEACH PARADE,,Minor Crash,No,2025,0,South,0,0,1,Hill Road,0,,0,,0,Dark,655400,1,0,0,2,0,0,0,0,1,,0,0,Auckland Region,Nil,2-way,Sealed,0,0,0,0,50,0,On,0,0,,76,Auckland,Give way,0,0,0,0,0,0,Urban,0,0,0,Fine,Null
1748074.2984,5914577.963,859528,,511700,0,0,0,0,0,South,2023/2024,KELMAN ROAD,KELMAN ROAD,,Minor Crash,No,2024,0,South,0,0,0,Flat,0,Christmas New Year,0,,1,Dark,272403,2,0,0,2,0,0,0,0,0,,0,0,Auckland Region,Nil,2-way,Sealed,0,0,0,0,50,0,On,0,0,,76,Auckland,Nil,0,0,0,0,0,0,Urban,1,0,0,Fine,Null
1759880.9999,5906259.461,859533,,524200,0,,0,1,,Null,2025/2026,PLUMLEY CRESCENT,MASSEY ROAD,,Non-Injury Crash,No,2025,,North,,0,,Null,,,,,,Dark,728001,0,0,0,2,,,0,,,,,,Auckland Region,Nil,2-way,Sealed,,0,0,,50,,On,0,0,,76,Auckland,Stop,,,,,0,1,Urban,0,,,Fine,Null
1743708.1236,5919362.5317,859538,,513212,0,,0,2,,Null,2023/2024,UNIVERSAL DRIVE,SWANSON ROAD,,Non-Injury Crash,No,2023,,South,,0,,Flat,,,,,,Bright sun,235600,0,0,0,2,,,0,,,,,,Auckland Region,Nil,2-way,Sealed,,0,0,,50,,Off,0,0,,76,Auckland,Give way,,,,,0,0,Urban,0,,,Fine,Null
1748975.4641,5949585.6081,859540,,506202,0,,0,2,,Null,2023/2024,GRAND DRIVE,OREWA OFF RAMP,,Non-Injury Crash,No,2023,,East,,0,,Flat,,,,,,Overcast,176411,0,0,0,2,,,0,,,,,,Auckland Region,Nil,2-way,Sealed,,0,0,,60,,Off,0,0,,76,Auckland,Give way,,,,,0,0,Urban,0,,,Fine,Null
1769400.8884,5899750.9737,859545,,525002,0,,0,2,,Null,2024/2025,MAHIA ROAD,BEAUMONTS WAY EXTENSION,,Non-Injury Crash,No,2024,,Null,,0,,Flat,,Christmas New Year,,,,Overcast,754100,0,0,0,2,,,0,,,,,,Auckland Region,Nil,2-way,Sealed,,0,0,,50,,Null,0,0,,76,Auckland,Stop,,,,,0,0,Urban,0,,,Fine,None
1758138.7578,5920586.2434,859550,,514103,0,,0,1,,Null,2023/2024,BEACH ROAD,MAHUHU CRESCENT,,Minor Crash,No,2023,,South,,0,,Flat,,,,,,Bright sun,438302,2,0,0,4,,,0,,,,,,Auckland Region,Nil,2-way,Sealed,,0,0,,30,,None,0,0,,76,Auckland,Traffic Signals,,,,,0,0,Urban,1,,,Fine,Null
1759006.9299,5912384.5397,859553,,519820,0,0,0,1,0,South,2024/2025,ONEHUNGA MALL,ARTHUR STREET,,Non-Injury Crash,No,2025,0,North,0,0,0,Hill Road,0,,0,,0,Bright sun,601000,0,0,0,2,0,0,0,0,1,,0,0,Auckland Region,Nil,2-way,Sealed,0,0,0,0,50,0,Off,0,0,,76,Auckland,Nil,0,0,0,0,0,1,Urban,0,0,0,Fine,Null
1747691.7123,5919466.8804,859566,,512300,0,,0,2,,South,2023/2024,NORTH-WESTERN MOTORWAY,TE ATATU ROAD ON RAMP,,Minor Crash,Yes,2024,,South,,0,,Hill Road,,,,,,Twilight,252000,1,0,0,4,,,0,,,,,,Auckland Region,Nil,1-way,Sealed,,0,0,,100,,On,0,0,,76,Auckland,Nil,,,,,0,0,Open,1,,,Fine,Null
1764357.6551,5909344.4593,859570,,521901,0,0,0,3,0,Null,2022/2023,GREAT SOUTH ROAD,FAIRBURN ROAD,,Non-Injury Crash,No,2023,0,North,0,0,1,Flat,0,,0,,0,Bright sun,784900,0,0,0,4,0,1,0,0,1,,0,0,Auckland Region,Nil,2-way,Sealed,0,0,0,0,50,0,None,1,0,,76,Auckland,Stop,0,0,0,0,0,0,Urban,1,0,0,Fine,Null
1755697.7279,5916171.5942,859572,,518301,0,,0,1,,North,2023/2024,DOMINION ROAD,WIREMU STREET,,Non-Injury Crash,No,2023,,North,,0,,Flat,,,,,,Bright sun,553600,0,0,0,4,,,0,,,,,,Auckland Region,Nil,2-way,Sealed,,0,0,,50,,Off,0,0,,76,Auckland,Nil,,,,,0,0,Urban,1,,,Fine,Null
1756850.5228,5920380.8625,859573,,514102,0,,0,3,,Null,2024/2025,NELSON STREET,WELLESLEY STREET WEST,,Minor Crash,No,2025,,North,,0,,Flat,,,,,,Bright sun,434101,2,0,0,5,,,0,,,1,,,Auckland Region,Nil,1-way,Sealed,,0,0,,40,,Off,0,0,,76,Auckland,Traffic Signals,,,,,0,0,Urban,0,,,Fine,Null
1774027.4901,5897536.757,859576,,525630,0,,0,3,,Null,2023/2024,COSGRAVE ROAD,OLD WAIROA ROAD,,Minor Crash,No,2024,,North,,0,,Flat,,,,,,Bright sun,795802,2,0,0,2,,,0,,,,,,Auckland Region,Nil,2-way,Sealed,,0,0,,50,,Off,0,0,,76,Auckland,Stop,,,,,0,0,Urban,0,,,Fine,Strong wind
1757809.4664,5920770.7364,859578,,514103,0,,0,0,,South,2022/2023,FORT STREET,EMILY PLACE,,Minor Crash,No,2023,,North,,0,,Flat,,,,,,Dark,438104,1,0,0,1,,,0,,,1,,,Auckland Region,Nil,1-way,Sealed,,0,0,,10,,On,0,0,,76,Auckland,Nil,,,,,0,0,Urban,1,,,Fine,Null
1751591.6138,5935089.6165,859580,,508701,0,0,0,1,0,West,2023/2024,GILLS ROAD,POINT RIDGE AVENUE,,Non-Injury Crash,No,2023,0,West,0,0,0,Hill Road,0,,0,,0,Bright sun,178405,0,0,0,2,0,0,0,0,1,,0,0,Auckland Region,Nil,2-way,Sealed,0,0,0,0,50,0,None,0,0,,76,Auckland,Nil,0,0,0,0,1,0,Urban,0,0,0,Fine,Null
1756522.0709,5926946.3528,859586,,507900,0,,0,2,,North,2022/2023,NORTHERN MOTORWAY,NORTHCOTE ROAD ON RAMP,,Non-Injury Crash,Yes,2023,,South,,0,,Flat,,,,,,Overcast,303502,0,0,0,3,,,0,,,,,,Auckland Region,Nil,1-way,Sealed,,0,0,,100,,Off,0,0,,76,Auckland,Nil,,,,,0,0,Open,0,,,Fine,Null
1768595.2475,5901179.4483,859592,,524901,0,,0,5,,North,2023/2024,GREAT SOUTH ROAD,HILL ROAD,,Serious Crash,No,2024,,South,,0,,Flat,,,,,,Dark,756600,4,0,0,2,,,0,,,,,,Auckland Region,Nil,2-way,Sealed,,0,2,,50,,On,0,0,,76,Auckland,Nil,,,,,0,0,Urban,0,,,Fine,Null
1753452.0438,5929712.8105,859596,,508411,0,,0,1,,South,2023/2024,GLENFIELD ROAD,GLENDHU ROAD,,Minor Crash,No,2024,,North,,0,,Hill Road,,,,,,Bright sun,183902,1,0,0,5,,,0,,,1,,,Auckland Region,Nil,2-way,Sealed,,0,0,,50,,Off,0,0,,76,Auckland,Nil,,,,,0,0,Urban,0,,,Fine,Null
1755278.6989,5932015.7576,859597,,508805,0,,0,2,,Null,2023/2024,EAST COAST ROAD,CONSTELLATION DRIVE,,Non-Injury Crash,No,2024,,North,,0,,Flat,,,,,,Bright sun,151104,0,0,0,4,,,0,,,,,,Auckland Region,Nil,2-way,Sealed,,0,0,,50,,Off,0,0,,76,Auckland,Traffic Signals,,,,,0,0,Urban,0,,,Fine,Null
1762214.8971,5916279.7779,859602,,516302,0,0,0,3,0,North,2022/2023,GRAND DRIVE,ABBOTTS WAY,,Non-Injury Crash,No,2023,0,South,0,0,0,Flat,0,Queens Birthday,0,,0,Dark,463500,0,0,0,2,0,0,0,0,2,,0,0,Auckland Region,Nil,2-way,Sealed,0,0,0,0,50,0,On,0,0,,76,Auckland,Nil,0,0,0,0,0,0,Urban,1,0,0,Fine,Null
1754668.6122,5931250.8584,859604,,508520,0,,0,0,,Null,2023/2024,SUNSET ROAD,SYCAMORE DRIVE,,Minor Crash,No,2023,,West,,0,,Hill Road,,,,,,Dark,191502,1,1,0,2,,,0,,,,,,Auckland Region,Nil,2-way,Sealed,,0,0,,50,,On,1,0,,76,Auckland,Give way,,,,,0,0,Urban,0,,,Fine,Null
1737453.6222,5910202.3844,859618,,513800,0,0,0,1,1,East,2023/2024,PIHA ROAD,UPPER HUIA DAM TRACK,,Non-Injury Crash,No,2023,0,East,1,0,0,Hill Road,0,,0,,0,Twilight,281902,0,0,0,2,0,0,0,0,0,,0,0,Auckland Region,Nil,2-way,Sealed,0,0,0,0,100,0,None,0,0,,76,Auckland,Nil,0,0,0,0,0,0,Open,0,0,0,Fine,Null
1756988.5894,5918834.6645,859624,,514301,0,0,1,1,0,Null,2022/2023,SYMONDS STREET,HOHIPERE STREET,,Non-Injury Crash,No,2023,0,South,0,0,0,Flat,0,,1,,0,Dark,441505,0,0,0,2,0,0,0,0,0,,0,0,Auckland Region,Nil,2-way,Sealed,0,0,0,0,30,0,On,0,0,,76,Auckland,Give way,0,0,0,0,0,0,Urban,0,0,0,Fine,Null
1759001.0867,5916996.1914,859636,,516001,0,,0,1,,North,2022/2023,SOUTHERN MOTORWAY,MARKET ROAD OFF RAMP,,Non-Injury Crash,Yes,2023,,North,,0,,Flat,,,,,,Bright sun,491200,0,0,0,3,,,0,,,,,,Auckland Region,Nil,1-way,Sealed,,0,0,,80,,Off,0,0,,76,Auckland,Nil,,,,,2,0,Open,0,,,Fine,Null
1743836.6192,5919179.7308,859640,,513220,0,,0,2,,North,2022/2023,SWANSON ROAD,RAKICH PLACE,,Non-Injury Crash,No,2023,,South,,0,,Flat,,,,,,Dark,236101,0,0,0,2,,,0,,,,,,Auckland Region,Bridge,2-way,Sealed,,0,0,,50,,On,0,0,,76,Auckland,Nil,,,,,0,0,Urban,0,,,Fine,Null
1749015.725,5970676.1263,859642,,505500,0,,0,1,,Null,2022/2023,ELIZABETH STREET,FALLS STREET,,Non-Injury Crash,No,2023,,North,,0,,Flat,,,,,,Overcast,140300,0,0,0,2,,,0,,,,,,Auckland Region,Nil,2-way,Sealed,,0,0,,50,,Off,0,0,,76,Auckland,Give way,,,,,0,0,Urban,1,,,Light rain,Null
1771061.4914,5899181.9244,859648,,523911,0,0,0,1,0,Null,2022/2023,TAKANINI SCHOOL ROAD,MANUROA ROAD,,Non-Injury Crash,No,2023,0,North,0,0,1,Flat,0,,0,,0,Dark,766800,0,0,0,2,0,0,0,0,0,,0,0,Auckland Region,Nil,2-way,Sealed,0,0,0,0,50,0,On,0,0,,76,Auckland,Traffic Signals,0,0,0,0,0,0,Urban,0,0,0,Fine,Null
1749374.1411,5914442.1964,859650,,511301,0,0,0,2,0,South,2022/2023,NIKAU STREET,KUAKA PLACE,,Minor Crash,No,2023,0,South,0,0,0,Flat,0,,0,,0,Bright sun,267902,1,0,0,2,0,0,0,0,1,,0,0,Auckland Region,Nil,2-way,Sealed,0,0,0,0,50,0,Off,0,0,,76,Auckland,Nil,0,0,0,0,0,0,Urban,0,0,0,Fine,Null
1769429.9867,5902167.1642,859652,,524901,0,,0,2,,North,2022/2023,SOUTHERN MOTORWAY,HILL ROAD ON RAMP,,Non-Injury Crash,Yes,2023,,North,,0,,Flat,,,,,,Bright sun,755600,0,0,0,3,,,0,,,,,,Auckland Region,Motorway ramp,1-way,Sealed,,0,0,,100,,Off,0,0,,76,Auckland,Nil,,,,,0,0,Open,0,,,Fine,Null
1762285.9723,5920699.2446,859653,,516400,0,0,0,1,1,West,2023/2024,TAMAKI DRIVE,HAPIMANA STREET,,Minor Crash,No,2024,0,East,0,0,0,Flat,0,,0,,0,Bright sun,498700,1,0,1,2,0,0,0,0,0,,0,0,Auckland Region,Nil,2-way,Sealed,0,0,0,0,50,0,Null,0,0,,76,Auckland,Nil,0,0,0,0,0,0,Urban,0,0,0,Fine,Null
1744808.9129,5923676.4432,859656,,513521,0,0,0,2,0,North,2022/2023,SUMICH PLACE,KAYLE GLEN,,Non-Injury Crash,No,2023,0,North,0,0,0,Hill Road,0,,0,,0,Bright sun,224238,0,0,0,1,0,0,0,0,1,,0,0,Auckland Region,Nil,2-way,Sealed,0,0,0,0,50,0,Off,0,0,,76,Auckland,Nil,0,0,0,0,0,0,Urban,0,0,0,Fine,Null
1762175.0967,5916946.9674,859657,,516302,0,0,0,1,1,West,2024/2025,REMUERA ROAD,STONEYROYD GARDENS,,Minor Crash,No,2025,0,East,0,0,0,Hill Road,0,,0,,0,Dark,463300,1,0,0,4,0,0,0,0,0,,0,0,Auckland Region,Nil,2-way,Sealed,0,0,0,0,50,0,On,0,0,,76,Auckland,Nil,0,0,0,1,0,0,Urban,0,0,0,Fine,Null
1762176.1036,5906165.7649,859660,,524200,0,,0,2,,South,2023/2024,SOUTH-WESTERN MOTORWAY,MASSEY ROAD OFF RAMP,,Minor Crash,Yes,2023,,North,,0,,Flat,,,,,,Overcast,728900,1,0,0,2,,,0,,,,,,Auckland Region,Nil,1-way,Sealed,,0,0,,100,,Off,0,0,,76,Auckland,Nil,,,,,0,0,Open,0,,,Fine,Null
1770371.8462,5897954.215,859664,,523920,0,0,0,1,0,North,2022/2023,SOUTHERN MOTORWAY,PAHUREHURE NO 1 BR,,Non-Injury Crash,Yes,2023,0,North,0,0,0,Flat,1,,0,,0,Dark,767919,0,0,0,3,0,0,0,0,0,,0,0,Auckland Region,Nil,1-way,Sealed,0,0,0,0,100,0,On,0,0,,76,Auckland,Nil,0,0,0,0,0,0,Open,0,0,0,Fine,Null
1768686.8004,5899487.2959,859669,,525101,0,,0,0,,East,2025/2026,MAHIA ROAD,BOON STREET,,Serious Crash,No,2025,,North,,0,,Hill Road,,,,,,Bright sun,770400,0,0,0,2,,,1,,,,,,Auckland Region,Nil,2-way,Sealed,,0,1,,50,,Null,0,0,,76,Auckland,Nil,,,,,0,0,Urban,1,,,Fine,Null
1756881.5339,5916116.3897,859674,,518202,0,,0,2,,Null,2023/2024,MOUNT EDEN ROAD,PENCARROW AVENUE,,Minor Crash,No,2024,,South,,0,,Flat,,,,,,Overcast,551401,3,0,0,4,,,0,,,,,,Auckland Region,Nil,2-way,Sealed,,0,0,,50,,Off,0,0,,76,Auckland,Stop,,,,,0,0,Urban,0,,,Light rain,Null
1768207.548,5902389.4144,859676,,525001,0,,0,2,,South,2022/2023,GREAT SOUTH ROAD,ORAMS ROAD,,Non-Injury Crash,No,2023,,South,,0,,Flat,,,,,,Dark,750800,0,0,0,2,,,0,,,,,,Auckland Region,Nil,2-way,Sealed,,0,0,,60,,On,0,0,50,76,Auckland,Nil,,,,,0,0,Urban,0,,,Fine,Null
1745184.5831,5917565.8156,859678,,510700,0,0,0,1,0,Null,2023/2024,GREAT NORTH ROAD,WADIER PLACE,,Non-Injury Crash,No,2023,0,North,0,0,1,Flat,0,,0,,0,Overcast,239501,0,0,0,2,0,0,0,0,0,,0,0,Auckland Region,Nil,2-way,Sealed,0,0,0,0,50,0,Off,0,0,,76,Auckland,Give way,0,0,0,0,0,0,Urban,0,0,0,Fine,Null
1754405.397,5937710.3937,859681,25,508900,0,0,0,1,0,Null,2024/2025,GLENVAR RIDGE ROAD,GLENVAR ROAD,,Non-Injury Crash,No,2025,0,South,0,0,0,Hill Road,0,,0,,0,Twilight,178309,0,0,0,2,0,0,0,0,0,,0,0,Auckland Region,Nil,2-way,Sealed,0,0,0,0,50,0,On,0,0,30,76,Auckland,Give way,1,0,0,0,0,0,Urban,0,0,0,Fine,Null
1744066.9266,5944915.9076,859693,,506614,0,0,0,1,0,North,2025/2026,WHITEHILLS ROAD,HAWKES ACCESS ROAD,,Non-Injury Crash,No,2025,0,North,1,0,1,Flat,0,,0,,0,Dark,177404,0,0,0,2,0,0,0,0,0,,0,0,Auckland Region,Nil,2-way,Sealed,0,0,0,0,100,0,None,0,0,,76,Auckland,Nil,0,0,0,0,0,0,Open,0,0,0,Light rain,Null
1767773.5247,5913594.0075,859698,,522910,0,,0,2,,Null,2023/2024,PAKURANGA ROAD,JOHNS LANE,,Non-Injury Crash,No,2023,,West,,0,,Flat,,,,,,Twilight,685500,0,0,0,4,,,0,,,,,,Auckland Region,Nil,2-way,Sealed,,0,0,,50,,On,0,0,40,76,Auckland,Stop,,,,,0,0,Urban,0,,,Fine,Null
1742909.5426,5922208.9147,859705,25,513631,0,,0,1,,South,2025/2026,DON BUCK ROAD,TRIANGLE ROAD,,Non-Injury Crash,No,2026,,South,,0,,Hill Road,,Christmas New Year,,,,Twilight,227009,0,0,0,2,,,0,,,1,,,Auckland Region,Nil,2-way,Sealed,,0,0,,50,,Off,0,0,,76,Auckland,Nil,,,,,0,0,Urban,0,,,Heavy rain,Strong wind
1770729.2679,5898552.3313,859708,,523920,0,,0,3,,South,2023/2024,GREAT SOUTH ROAD,TAKA STREET,,Minor Crash,No,2023,,North,,0,,Flat,,,,,,Bright sun,767503,1,0,0,3,,,0,,,,,,Auckland Region,Nil,2-way,Sealed,,0,0,,50,,Off,0,0,,76,Auckland,Nil,,,,,0,0,Urban,0,,,Fine,Null
1745270.4741,5919451.6808,859710,,513301,0,,0,1,,North,2023/2024,LINCOLN ROAD,POINSETTIA PLACE,,Non-Injury Crash,No,2023,,South,,0,,Flat,,,,,,Overcast,232001,0,0,0,4,,,0,,,,,,Auckland Region,Nil,2-way,Sealed,,0,0,,50,,Off,1,0,,76,Auckland,Nil,,,,,0,0,Urban,0,,,Fine,Null
1744793.8551,5921376.4484,859714,,513530,0,,0,1,,North,2022/2023,NORTH-WESTERN MOTORWAY,HURUHURU OBR,,Non-Injury Crash,Yes,2023,,East,,0,,Flat,,,,,,Dark,226200,0,0,0,3,,,0,,,,,,Auckland Region,Nil,1-way,Sealed,,0,0,,100,,On,0,0,,76,Auckland,Nil,,,,,0,0,Open,1,,,Fine,Null
1740954.4656,5985540.0339,859718,45,506660,0,0,0,1,0,South,2023/2024,WAITEITEI ROAD,TAYLOR ROAD,,Minor Crash,No,2023,0,North,1,0,1,Hill Road,0,Christmas New Year,0,,0,Overcast,136301,1,0,0,2,0,0,0,0,0,,0,0,Auckland Region,Nil,2-way,Sealed,1,0,0,0,80,0,None,0,0,,76,Auckland,Nil,0,0,0,0,0,0,Open,0,0,0,Fine,Null
1745409.4547,5915162.559,859722,,512904,0,0,0,2,0,West,2023/2024,SEYMOUR ROAD,MANUI PLACE,,Minor Crash,No,2023,0,East,0,0,0,Hill Road,0,,0,,0,Overcast,278201,3,0,0,3,0,0,0,0,0,1,0,0,Auckland Region,Nil,2-way,Sealed,0,0,0,0,50,0,Off,0,0,,76,Auckland,Nil,0,1,0,0,0,0,Urban,0,0,0,Fine,Null
1769997.203,5899266.6895,859724,,523920,0,,0,2,,Null,2022/2023,GREAT SOUTH ROAD,TAKANINI ON RAMP,,Non-Injury Crash,No,2023,,North,,0,,Flat,,,,,,Overcast,768005,0,0,0,2,,,0,,,,,,Auckland Region,Motorway ramp,1-way,Sealed,,0,0,,70,,Off,0,0,,76,Auckland,Traffic Signals,,,,,0,0,Urban,0,,,Fine,Null
1748091.7414,5933134.305,859748,,509000,1,,0,0,,Null,2024/2025,RIDGE ROAD,GLENMORE ROAD,,Minor Crash,No,2024,,North,,0,,Flat,,,,,,Overcast,179308,1,0,0,2,,,0,,,,,,Auckland Region,Nil,2-way,Sealed,,0,0,,60,,Off,0,0,,76,Auckland,Stop,,,,,0,0,Urban,1,,,Fine,Null
1746795.3373,5926121.1891,859750,,513432,0,,0,1,,South,2024/2025,HOBSONVILLE ROAD,SINTON ROAD EAST,,Serious Crash,No,2024,,North,,0,,Flat,,,,,,Overcast,222901,0,0,0,2,,,0,,,1,,,Auckland Region,Nil,2-way,Sealed,,0,1,,50,,Off,0,0,,76,Auckland,Nil,,,,,0,0,Urban,0,,,Fine,Null
1765610.4054,5905846.1015,859753,,522202,0,,0,2,,East,2025/2026,CARRUTH ROAD,ST GEORGE STREET,,Non-Injury Crash,No,2025,,North,,0,,Flat,,,,,,Overcast,665000,0,0,0,2,,,0,,,,,,Auckland Region,Nil,2-way,Sealed,,0,0,,50,,Off,0,0,,76,Auckland,Nil,,,,,0,0,Urban,0,,,Heavy rain,Null
1767225.9481,5906559.0444,859757,,523601,0,0,0,0,0,North,2025/2026,SOUTHERN MOTORWAY,REAGAN OBR,,Fatal Crash,Yes,2026,0,South,0,1,0,Flat,1,,0,,0,Dark,707600,0,0,1,3,0,0,0,0,0,,0,0,Auckland Region,Nil,1-way,Sealed,0,0,0,0,100,0,On,0,0,,76,Auckland,Nil,0,0,0,0,1,0,Open,0,1,0,Fine,Null
1762596.3828,5920747.1039,859765,,516400,0,0,0,1,0,East,2025/2026,TAMAKI DRIVE,HAPIMANA STREET,,Non-Injury Crash,No,2026,0,East,0,0,0,Flat,0,,0,,0,Bright sun,498801,0,0,0,2,0,0,0,0,0,,0,1,Auckland Region,Nil,2-way,Sealed,0,0,0,0,50,0,Off,0,0,,76,Auckland,Nil,0,0,0,0,0,0,Urban,0,0,0,Fine,Null
1753209.1214,5914626.2319,859770,,514500,0,,0,1,,Null,2023/2024,RICHARDSON ROAD,VALONIA STREET,,Non-Injury Crash,No,2023,,North,,0,,Hill Road,,Christmas New Year,,,,Overcast,377401,0,0,0,3,,,0,,,,,,Auckland Region,Nil,2-way,Sealed,,0,0,,50,,Off,0,0,,76,Auckland,Give way,,,,,1,0,Urban,0,,,Fine,Null
1742911.9308,5915492.5297,859773,,513020,0,,0,1,,East,2024/2025,HENDERSON VALLEY ROAD,CANDIA ROAD,,Non-Injury Crash,No,2025,,West,,0,,Flat,,,,,,Dark,280901,0,0,0,2,,,0,,,,,,Auckland Region,Nil,2-way,Sealed,,0,0,,60,,None,0,0,,76,Auckland,Nil,,,,,0,0,Urban,1,,,Fine,Null