X,Y,OBJECTID,advisorySpeed,areaUnitID,bicycle,bridge,bus,carStationWagon,cliffBank,crashDirectionDescription,crashFinancialYear,crashLocation1,crashLocation2,crashRoadSideRoad,crashSeverity,crashSHDescription,crashYear,debris,directionRoleDescription,ditch,fatalCount,fence,flatHill,guardRail,holiday,houseOrBuilding,intersection,kerb,light,meshblockId,minorInjuryCount,moped,motorcycle,NumberOfLanes,objectThrownOrDropped,otherObject,otherVehicleType,overBank,parkedVehicle,pedestrian,phoneBoxEtc,postOrPole,region,roadCharacter,roadLane,roadSurface,roadworks,schoolBus,seriousInjuryCount,slipOrFlood,speedLimit,strayAnimal,streetLight,suv,taxi,temporarySpeedLimit,tlaId,tlaName,trafficControl,trafficIsland,trafficSign,train,tree,truck,unknownVehicleType,urban,vanOrUtility,vehicle,waterRiver,weatherA,weatherB
1750900.0304,5915601.0588,859784,,514401,0,,0,2,,East,2022/2023,ASH STREET,ROSEBANK ROAD,,Non-Injury Crash,No,2023,,East,,0,,Flat,,,,,,Bright sun,381802,0,0,0,2,,,0,,,,,,Auckland Region,Nil,2-way,Sealed,,0,0,,50,,Off,0,0,,76,Auckland,Nil,,,,,0,0,Urban,0,,,Fine,Null
1757361.6363,5918814.4304,859785,,514302,0,,0,0,,North,2024/2025,SOUTHERN MOTORWAY,SOUTHERN TO PORT LINK,,Non-Injury Crash,Yes,2024,,North,,0,,Flat,,,,,,Overcast,441700,0,0,0,3,,,0,,,,,,Auckland Region,Nil,1-way,Sealed,,0,0,,80,,Off,0,0,,76,Auckland,Nil,,,,,0,0,Open,2,,,Fine,Null
1757094.839,5913726.4053,859796,,518600,0,,0,1,,Null,2022/2023,MOUNT ALBERT ROAD,BUCKLEY ROAD,,Non-Injury Crash,No,2023,,East,,0,,Flat,,,,,,Overcast,564700,0,0,0,4,,,0,,,,,,Auckland Region,Nil,2-way,Sealed,,0,0,,50,,Off,1,0,,76,Auckland,Stop,,,,,0,0,Urban,0,,,Light rain,Null
1764562.7766,5911864.3583,859804,,520500,0,0,0,0,0,Null,2023/2024,OFF ROAD - CAR PARK,,,Minor Crash,No,2023,0,North,0,0,0,Flat,0,,1,,0,Overcast,639500,1,0,1,,0,0,0,0,0,,0,0,Auckland Region,Nil,Off road,Sealed,0,0,0,0,,0,Off,0,0,,76,Auckland,Nil,0,0,0,0,0,0,Urban,0,0,0,Fine,Null
1745097.1347,5917694.3755,859810,,510700,0,,0,3,,South,2023/2024,GREAT NORTH ROAD,BUSCOMB AVENUE,,Non-Injury Crash,No,2024,,North,,0,,Flat,,,,,,Overcast,239501,0,0,0,4,,,0,,,,,,Auckland Region,Nil,2-way,Sealed,,0,0,,50,,Off,0,0,,76,Auckland,Nil,,,,,0,0,Urban,0,,,Fine,Null
1775055.1752,5908824.7561,859822,,523202,0,0,0,1,0,Null,2024/2025,SANDSTONE ROAD,WHITFORD PARK ROAD,,Serious Crash,No,2024,0,East,0,0,0,Flat,0,,0,,0,Overcast,716602,2,0,0,2,0,0,0,0,0,,0,0,Auckland Region,Nil,2-way,Sealed,1,0,1,0,50,0,None,1,0,,76,Auckland,Give way,0,1,0,0,0,0,Urban,0,0,0,Light rain,Null
1772426.9745,5896305.4365,859826,,525410,0,,0,2,,Null,2023/2024,ELLIOT STREET,WOOD STREET,,Non-Injury Crash,No,2023,,West,,0,,Flat,,,,,,Bright sun,791900,0,0,0,2,,,0,,,,,,Auckland Region,Nil,2-way,Sealed,,0,0,,50,,Off,0,0,,76,Auckland,Stop,,,,,0,0,Urban,0,,,Fine,Null
1765524.719,5905012.1609,859836,,522400,0,0,0,1,0,East,2022/2023,FITZROY STREET,HAYWARD ROAD,,Non-Injury Crash,No,2023,0,West,0,0,1,Flat,0,Queens Birthday,0,,0,Bright sun,673000,0,0,0,2,0,0,0,0,0,,0,0,Auckland Region,Nil,2-way,Sealed,0,0,0,0,50,0,Off,0,0,,76,Auckland,Nil,0,0,0,0,0,0,Urban,0,0,0,Fine,Null
1736975.995,5986291.3845,859840,,506660,0,,1,0,,East,2023/2024,SHEPHERD ROAD,BAILEY ROAD,,Minor Crash,No,2024,,East,,0,,Flat,,,,,,Overcast,143800,1,0,1,2,,,0,,,,,,Auckland Region,Nil,2-way,Unsealed,,1,0,,50,,None,0,0,,76,Auckland,Nil,,,,,0,0,Urban,0,,,Fine,Null
1771624.3416,5899286.1452,859841,45,523911,0,0,0,1,0,South,2024/2025,PORCHESTER ROAD,MANUROA ROAD,,Non-Injury Crash,No,2025,0,North,0,0,0,Flat,0,,0,,0,Dark,767002,0,0,0,2,0,0,0,0,1,,0,0,Auckland Region,Nil,2-way,Sealed,0,0,0,0,50,0,On,0,0,,76,Auckland,Nil,0,0,0,0,1,0,Urban,0,0,0,Null,Null
1767001.1249,5901750.6189,859842,,524720,0,0,0,1,0,North,2023/2024,GLOUCESTER ROAD,BERKELEY ROAD,,Non-Injury Crash,No,2023,0,South,0,0,0,Flat,0,,0,,0,Bright sun,777800,0,0,0,2,0,0,0,0,0,,0,0,Auckland Region,Nil,2-way,Sealed,0,0,0,0,30,0,Off,0,0,,76,Auckland,Nil,0,0,0,2,0,0,Urban,0,0,0,Fine,Null
1767351.4908,5906192.5841,859845,,522302,0,,0,2,,North,2024/2025,SOUTHERN MOTORWAY,REAGAN OBR,,Non-Injury Crash,Yes,2024,,North,,0,,Flat,,,,,,Bright sun,670901,0,0,0,3,,,0,,,,,,Auckland Region,Nil,1-way,Sealed,,0,0,,100,,Null,0,0,,76,Auckland,Nil,,,,,0,0,Open,2,,,Fine,Null
1771108.4212,5900677.8807,859849,,523816,0,0,0,5,0,Null,2024/2025,PORCHESTER ROAD,HYPERION DRIVE,,Non-Injury Crash,No,2024,0,North,0,0,0,Flat,0,,0,,0,Dark,759730,0,0,0,2,0,0,0,0,1,,0,0,Auckland Region,Nil,2-way,Sealed,0,0,0,0,60,0,On,0,0,,76,Auckland,Stop,0,0,0,0,0,0,Urban,0,0,0,Fine,Null
1752522.2013,5933313.6032,859850,,508701,0,,0,2,,Null,2023/2024,ALBANY EXPRESSWAY,MERCARI WAY,,Non-Injury Crash,No,2023,,East,,0,,Flat,,,,,,Twilight,178900,0,0,0,4,,,0,,,,,,Auckland Region,Nil,2-way,Sealed,,0,0,,80,,Off,0,0,,76,Auckland,Give way,,,,,0,0,Open,0,,,Fine,Null
1770423.9437,5910205.4915,859856,,523109,0,0,1,1,0,South,2022/2023,CHAPEL ROAD,CHAPEL ROAD,,Non-Injury Crash,No,2023,0,North,0,0,0,Flat,0,,0,,0,Bright sun,712012,0,0,0,2,0,0,0,0,0,,0,0,Auckland Region,Nil,2-way,Sealed,0,0,0,0,50,0,Off,0,0,,76,Auckland,Nil,0,0,0,0,0,0,Urban,0,1,0,Mist or Fog,Null
1762489.8653,5913167.5616,859857,,520402,0,0,0,1,1,South,2024/2025,SOUTHERN MOTORWAY,PENROSE OBR,,Minor Crash,Yes,2025,0,South,0,0,0,Flat,0,,0,,0,Dark,642400,1,0,0,3,0,0,0,0,0,,0,1,Auckland Region,Nil,1-way,Sealed,0,0,0,0,100,0,On,0,0,,76,Auckland,Nil,0,0,0,1,0,0,Open,0,0,0,Light rain,Null
1754732.2346,5915590.6623,859861,,517702,0,0,0,1,0,Null,2024/2025,SANDRINGHAM ROAD,LAMBETH ROAD,,Non-Injury Crash,No,2025,0,South,0,0,0,Flat,1,Easter,0,,0,Dark,541600,0,0,0,2,0,0,0,0,0,,0,0,Auckland Region,Nil,2-way,Sealed,0,0,0,0,50,0,On,0,0,,76,Auckland,Give way,0,0,0,0,0,0,Urban,0,0,0,Light rain,Null
1757985.3102,5917172.1642,859868,,515700,0,,0,1,,Null,2023/2024,GILLIES AVENUE,OWENS ROAD,,Minor Crash,No,2024,,South,,0,,Flat,,,,,,Dark,457600,1,0,0,3,,,0,,,,,,Auckland Region,Nil,2-way,Sealed,,0,0,,50,,On,0,0,,76,Auckland,Traffic Signals,,,,,0,0,Urban,1,,,Light rain,Null
1757801.2956,5918180.238,859872,,515700,0,,0,3,,South,2023/2024,SOUTHERN MOTORWAY,MOUNTAIN OBR,,Minor Crash,Yes,2023,,North,,0,,Flat,,,,,,Bright sun,443600,1,0,0,4,,,0,,,,,,Auckland Region,Nil,1-way,Sealed,,0,0,,80,,Off,0,0,,76,Auckland,Nil,,,,,0,0,Open,0,,,Fine,Null
1768559.9952,5903195.8546,859877,,523820,0,,0,1,,South,2024/2025,SOUTHERN MOTORWAY,SOUTH-WESTERN MOTORWAY,,Minor Crash,Yes,2025,,South,,0,,Hill Road,,Easter,,,,Overcast,760121,1,0,1,4,,,0,,,,,,Auckland Region,Nil,1-way,Sealed,,0,0,,100,,Off,0,0,,76,Auckland,Nil,,,,,0,0,Open,0,,,Fine,Null
1742258.0172,5931101.1762,859884,,505603,0,,0,1,,South,2022/2023,COATESVILLE-RIVERHEAD HIGHWAY,ELLIOT STREET,,Minor Crash,No,2023,,East,,0,,Hill Road,,,,,,Overcast,213403,1,0,0,2,,,0,,,,,,Auckland Region,Nil,2-way,Sealed,,0,0,,50,,Off,0,0,,76,Auckland,Nil,,,,,1,0,Urban,0,,,Fine,Null
1765485.3212,5882788.9624,859885,,521121,0,,0,0,,West,2024/2025,HART ROAD,SCHLAEPFER ROAD,,Serious Crash,No,2024,,North,,0,,Hill Road,,,,,,Twilight,825500,0,0,1,2,,,0,,,,,,Auckland Region,Nil,2-way,Sealed,,0,1,,60,,None,0,0,,76,Auckland,Nil,,,,,0,0,Urban,0,,,Fine,Null
1764524.3676,5912103.6883,859889,,520500,0,,0,1,,Null,2025/2026,MOUNT WELLINGTON HWY ON RAMP,SOUTHERN MOTORWAY,,Non-Injury Crash,No,2025,,South,,0,,Flat,,,,,,Overcast,639300,0,0,0,2,,,0,,,,,,Auckland Region,Motorway ramp,1-way,Sealed,,0,0,,100,,On,0,0,,76,Auckland,Nil,,,,,1,0,Open,0,,,Fine,Null
1767445.5256,5903937.4911,859897,,524602,0,0,0,0,0,East,2025/2026,SOUTH-WESTERN MOTORWAY,BARROWCLIFFE OBR,,Non-Injury Crash,Yes,2025,0,East,0,0,0,Flat,0,,0,,0,Bright sun,780416,0,0,0,3,0,0,0,0,0,,0,1,Auckland Region,Nil,1-way,Sealed,0,0,0,0,100,0,Null,0,0,,76,Auckland,Nil,0,0,0,0,1,0,Open,0,0,0,Fine,Null
1753438.6367,5933064.29,859898,,508804,0,,0,1,,South,2023/2024,GREVILLE ROAD ON RAMP,GREVILLE ROAD,,Non-Injury Crash,Yes,2024,,South,,0,,Flat,,,,,,Bright sun,180701,0,0,0,2,,,0,,,,,,Auckland Region,Motorway ramp,1-way,Sealed,,0,0,,80,,Off,1,0,,76,Auckland,Traffic Signals,,,,,0,0,Open,0,,,Fine,Null
1758153.0984,5917928.1512,859904,,515700,0,,0,1,,South,2022/2023,GILLIES AVENUE,MORTIMER PASS,,Minor Crash,No,2023,,North,,0,,Hill Road,,,,,,Overcast,443200,2,0,0,4,,,0,,,,,,Auckland Region,Nil,2-way,Sealed,,0,0,,50,,Off,0,0,,76,Auckland,Nil,,,,,0,0,Urban,1,,,Fine,Null
1732885.0778,5918669.7903,859905,,513800,0,,0,2,,Null,2024/2025,BETHELLS ROAD,TE AUTE RIDGE ROAD,,Non-Injury Crash,No,2025,,West,,0,,Flat,,Queens Birthday,,,,Overcast,281700,0,0,0,2,,,0,,,,,,Auckland Region,Nil,2-way,Sealed,,0,0,,50,,None,0,0,,76,Auckland,Nil,,,,,0,0,Urban,0,,,Light rain,Null
1774905.6344,5887361.1438,859908,,521132,0,0,0,1,0,Null,2023/2024,RAMARAMA OFF RAMP,ARARIMU ROAD,,Minor Crash,No,2024,0,North,0,0,0,Flat,1,,0,,0,Overcast,814003,1,0,0,2,0,0,0,0,0,,0,0,Auckland Region,Overpass,2-way,Sealed,0,0,0,0,60,0,Off,0,0,,76,Auckland,Nil,0,0,0,0,0,0,Urban,0,0,0,Fine,Null
1760194.7158,5915964.6472,859909,,516003,0,,0,2,,Null,2024/2025,GREEN LANE EAST,GREEN LANE EAST ON RAMP,,Non-Injury Crash,No,2025,,West,,0,,Null,,,,,,Overcast,494902,0,0,0,3,,,0,,,,,,Auckland Region,Nil,1-way,Sealed,,0,0,,50,,Null,0,0,,76,Auckland,Give way,,,,,0,0,Urban,0,,,Null,Null
1767799.0746,5904268.3265,859913,,524602,0,0,0,0,0,Null,2025/2026,REDOUBT ROAD,GREAT SOUTH ROAD,,Minor Crash,No,2025,0,North,0,0,0,Flat,0,,0,,0,Dark,780501,1,0,0,1,0,1,0,0,0,1,0,0,Auckland Region,Nil,1-way,Sealed,0,0,0,0,50,0,On,0,0,,76,Auckland,Give way,0,0,0,0,0,1,Urban,0,0,0,Light rain,Null
1758724.4538,5946352.5234,859916,,505904,0,,0,1,,North,2023/2024,WHANGAPARAOA ROAD,ROBERTS ROAD,,Minor Crash,No,2024,,South,,0,,Flat,,,,,,Bright sun,174904,2,0,0,2,,,0,,,,,,Auckland Region,Nil,2-way,Sealed,,0,0,,50,,Off,1,0,,76,Auckland,Nil,,,,,0,0,Urban,0,,,Fine,Null
1746551.7973,5909936.8047,859918,,512000,0,0,0,1,0,North,2023/2024,HUIA ROAD,LAINGHOLM DRIVE,,Non-Injury Crash,No,2024,0,North,0,0,0,Hill Road,0,,0,,0,Dark,297301,0,0,0,2,0,0,0,0,0,,0,0,Auckland Region,Nil,2-way,Sealed,0,0,0,0,60,0,None,0,0,,76,Auckland,Nil,0,0,0,1,0,0,Urban,0,0,0,Fine,Null
1761218.2014,5914921.2646,859921,,520202,0,,0,1,,East,2024/2025,MAIN HIGHWAY,LADIES MILE,,Non-Injury Crash,No,2024,,East,,0,,Null,,,,,,Bright sun,611900,0,0,0,2,,,0,,,,,,Auckland Region,Nil,2-way,Sealed,,0,0,,50,,Off,0,0,,76,Auckland,Nil,,,,,0,1,Urban,0,,,Fine,Null
1760844.5037,5915343.7733,859930,,520201,0,,0,1,,South,2024/2025,SOUTHERN MOTORWAY,WALPOLE OBR,,Minor Crash,Yes,2025,,North,,0,,Hill Road,,,,,,Overcast,613000,1,0,1,4,,,0,,,,,,Auckland Region,Nil,1-way,Sealed,,0,0,,100,,Off,0,0,,76,Auckland,Nil,,,,,0,0,Open,0,,,Fine,Null
1746003.9428,5911914.8317,859932,,512600,0,,0,0,,North,2023/2024,KARAPITI PLACE,SELWYN AVENUE,,Serious Crash,No,2024,,East,,0,,Hill Road,,,,,,Dark,299500,0,0,0,2,,,0,,,1,,,Auckland Region,Nil,2-way,Sealed,,0,1,,50,,On,0,1,,76,Auckland,Nil,,,,,0,0,Urban,0,,,Fine,Null
1759555.2062,5925265.9332,859953,,508110,0,,0,2,,Null,2025/2026,LAKE ROAD,WINSCOMBE STREET,,Non-Injury Crash,No,2025,,South,,0,,Flat,,,,,,Overcast,319200,0,0,0,3,,,0,,,,,,Auckland Region,Nil,2-way,Sealed,,0,0,,50,,Off,0,0,,76,Auckland,Traffic Signals,,,,,0,0,Urban,0,,,Fine,Null
1749037.252,5928522.5167,859954,,509100,0,,0,0,,South,2024/2025,TAUHINU ROAD,GREENHITHE ROAD,,Minor Crash,No,2024,,North,,0,,Null,,,,,,Bright sun,181701,1,0,0,2,,,0,,,1,,,Auckland Region,Nil,2-way,Sealed,,0,0,,50,,Off,0,0,,76,Auckland,Nil,,,,,0,0,Urban,1,,,Fine,Null
1751422.7307,5912756.1032,859957,,514600,0,,0,0,,Null,2025/2026,BOLTON STREET,TAYLOR STREET,,Minor Crash,No,2025,,West,,0,,Flat,,,,,,Bright sun,371502,1,1,0,2,,,0,,,,,,Auckland Region,Nil,2-way,Sealed,,0,0,,50,,Off,0,0,,76,Auckland,Give way,,,,,0,0,Urban,1,,,Light rain,Strong wind
1755553.8117,5921403.721,859961,,515202,0,,0,1,,South,2023/2024,NORTHERN MOTORWAY,SHELLY BEACH OBR,,Non-Injury Crash,Yes,2024,,North,,0,,Flat,,,,,,Overcast,425600,0,0,0,4,,,0,,,,,,Auckland Region,Nil,1-way,Sealed,,0,0,,80,,Off,0,0,70,76,Auckland,Nil,,,,,1,0,Open,0,,,Fine,Null
1752443.1141,5933253.563,859964,,508807,0,0,0,1,0,Null,2025/2026,BUSH ROAD,BUSHLANDS PARK DRIVE,,Non-Injury Crash,No,2025,0,North,0,0,0,Flat,0,,0,,0,Dark,180404,0,0,0,2,0,0,0,0,0,,0,0,Auckland Region,Nil,2-way,Sealed,0,0,0,0,50,0,On,0,0,,76,Auckland,Give way,0,0,0,1,0,0,Urban,0,0,0,Fine,Null
1751585.8817,5926759.1645,859972,,510210,0,0,0,1,0,Null,2025/2026,FLAXDALE STREET,HELLYERS STREET,,Non-Injury Crash,No,2025,0,North,0,0,0,Hill Road,0,,0,,1,Dark,347400,0,0,0,2,0,0,0,0,0,,0,0,Auckland Region,Nil,2-way,Sealed,0,0,0,0,50,0,On,0,0,,76,Auckland,Give way,0,0,0,0,0,0,Urban,0,0,0,Mist or Fog,Null
1753463.8066,5914707.1589,859975,,518801,0,0,1,0,0,West,2024/2025,STODDARD ROAD,DENIZE ROAD,,Minor Crash,No,2024,0,East,0,0,0,Flat,0,,0,,0,Dark,578400,1,0,0,2,0,0,0,0,1,,0,0,Auckland Region,Nil,2-way,Sealed,0,0,0,0,50,0,On,2,0,,76,Auckland,Nil,0,0,0,0,0,0,Urban,0,0,0,Fine,Null
1755351.8319,5921568.0537,859979,,515202,0,,0,1,,South,2023/2024,NORTHERN MOTORWAY,SHELLY BEACH OBR,,Minor Crash,Yes,2024,,North,,0,,Flat,,,,,,Overcast,423600,1,0,0,4,,,0,,,,,,Auckland Region,Nil,1-way,Sealed,,0,0,,80,,Off,1,0,,76,Auckland,Nil,,,,,0,0,Open,1,,,Fine,Null
1760259.1062,5916845.5225,859980,,516202,0,,0,1,,Null,2025/2026,REMUERA ROAD,VICTORIA AVENUE,,Non-Injury Crash,No,2025,,West,,0,,Null,,,,,,Unknown,490500,0,0,0,4,,,0,,,,,,Auckland Region,Nil,2-way,Sealed,,0,0,,50,,Null,1,0,,76,Auckland,Traffic Signals,,,,,0,0,Urban,0,,,Fine,Null
1751278.3377,5915256.0039,859981,,514401,0,,0,2,,West,2023/2024,CRAYFORD STREET WEST,GEDDES TERRACE,,Non-Injury Crash,No,2023,,West,,0,,Hill Road,,,,,,Twilight,382700,0,0,0,0,,,0,,,,,,Auckland Region,Nil,2-way,Sealed,,0,0,,50,,On,0,0,,76,Auckland,Nil,,,,,0,0,Urban,0,,,Fine,Null
1772343.3249,5907554.3825,859985,,523116,0,0,0,2,0,Null,2023/2024,JEFFS ROAD,TERRASINI DRIVE,,Non-Injury Crash,No,2023,0,East,0,0,0,Hill Road,0,,0,,0,Overcast,712232,0,0,0,2,0,0,0,0,1,,0,0,Auckland Region,Nil,2-way,Sealed,0,0,0,0,50,0,Off,0,0,30,76,Auckland,Give way,0,0,0,0,0,0,Urban,0,0,0,Light rain,Strong wind
1757603.8156,5915086.9418,859992,,515802,0,,0,2,,North,2025/2026,THE DRIVE,Banff Avenue ,,Non-Injury Crash,No,2025,,North,,0,,Flat,,,,,,Bright sun,448400,0,0,0,2,,,0,,,,,,Auckland Region,Nil,2-way,Sealed,,0,0,,50,,Off,0,0,,76,Auckland,Nil,,,,,0,0,Urban,0,,,Fine,Null
1744289.2304,5919021.6808,859993,,513302,0,,0,1,,South,2024/2025,ALAN AVENUE,LARNOCH ROAD,,Serious Crash,No,2024,,East,,0,,Flat,,,,,,Overcast,233101,0,0,0,2,,,0,,,2,,,Auckland Region,Nil,2-way,Sealed,,0,1,,50,,Off,0,0,,76,Auckland,Nil,,,,,0,0,Urban,0,,,Light rain,Null
1744090.9416,5922575.2522,860000,,513512,0,,0,1,,East,2025/2026,ROYAL ROAD,WESTGATE DRIVE,,Non-Injury Crash,No,2025,,West,,0,,Null,,,,,,Dark,225501,0,0,0,3,,,0,,,,,,Auckland Region,Nil,2-way,Sealed,,0,0,,50,,On,0,0,,76,Auckland,Nil,,,,,0,0,Urban,1,,,Fine,Null
1759243.8246,5916709.2711,860001,,516001,0,,0,1,,South,2023/2024,SOUTHERN MOTORWAY,MARKET OBR,,Non-Injury Crash,Yes,2023,,South,,0,,Flat,,,,,,Bright sun,491700,0,0,0,3,,,0,,,,,,Auckland Region,Nil,1-way,Sealed,,0,0,,100,,None,0,0,,76,Auckland,Nil,,,,,0,0,Open,1,,,Fine,Null
1771340.7622,5895711.9649,860004,,525540,0,,0,1,,South,2025/2026,SOUTHERN MOTORWAY,PAPAKURA OFF RAMP,,Non-Injury Crash,Yes,2025,,South,,0,,Flat,,Christmas New Year,,,,Bright sun,806208,0,0,0,3,,,0,,,,,,Auckland Region,Nil,1-way,Sealed,,0,0,,100,,Off,0,0,,76,Auckland,Nil,,,,,0,0,Open,1,,,Fine,Null
1757878.3901,5916662.5717,860005,,515700,0,0,0,2,0,Null,2023/2024,EPSOM AVENUE,GILLIES AVENUE,,Minor Crash,No,2023,0,West,0,0,0,Flat,0,,0,,0,Twilight,458200,1,0,0,2,0,0,0,0,0,,1,0,Auckland Region,Nil,2-way,Sealed,0,0,0,0,50,0,On,0,1,,76,Auckland,Traffic Signals,0,1,0,0,0,0,Urban,0,0,0,Fine,Null
1750832.2923,5970672.696,860008,,506661,0,0,0,1,0,West,2025/2026,SANDSPIT ROAD,HAMILTON ROAD,,Non-Injury Crash,No,2026,0,West,0,0,0,Hill Road,0,,0,,0,Overcast,139400,0,0,0,2,0,0,0,0,0,,0,0,Auckland Region,Nil,2-way,Sealed,0,0,0,0,80,0,None,0,0,,76,Auckland,Nil,0,0,0,1,0,0,Open,0,0,0,Fine,Null
1770619.9196,5897475.2999,860011,,523912,0,,0,1,,South,2023/2024,SOUTHERN MOTORWAY,PAHUREHURE NO 1 BR,,Non-Injury Crash,Yes,2023,,North,,0,,Flat,,,,,,Overcast,767803,0,0,0,3,,,0,,,,,,Auckland Region,Nil,1-way,Sealed,,0,0,,100,,Off,0,0,,76,Auckland,Nil,,,,,0,0,Open,1,,,Fine,Null
1769906.4975,5900816.871,860017,,523816,0,0,0,1,0,South,2023/2024,SOUTHERN MOTORWAY,ALFRISTON OBR,,Minor Crash,Yes,2024,0,South,0,0,0,Flat,2,,0,,0,Dark,759724,1,0,0,3,0,0,0,0,0,,0,0,Auckland Region,Nil,1-way,Sealed,0,0,0,0,100,0,On,0,0,,76,Auckland,Nil,0,0,0,0,0,0,Open,0,0,0,Fine,Null
1746207.9334,5925654.8343,860024,,513432,0,0,0,1,0,Null,2023/2024,HOBSONVILLE ROAD,SUNCREST DRIVE,,Non-Injury Crash,No,2024,0,South,0,0,0,Flat,0,,0,,0,Dark,223007,0,0,0,2,0,0,0,0,0,,0,0,Auckland Region,Nil,2-way,Sealed,0,0,0,0,50,0,On,0,0,,76,Auckland,Give way,1,1,0,0,0,0,Urban,0,0,0,Fine,Null
1768800.7865,5910523.8243,860030,,523112,0,,0,1,,Null,2025/2026,HARRIS ROAD,NEALES ROAD,,Non-Injury Crash,No,2025,,North,,0,,Null,,,,,,Unknown,711500,0,0,0,2,,,0,,,,,,Auckland Region,Nil,2-way,Null,,0,0,,50,,Null,0,0,,76,Auckland,Give way,,,,,0,1,Urban,0,,,Light rain,Null
1765837.3066,5907982.6077,860035,,522301,0,,0,1,,North,2022/2023,SOUTHERN MOTORWAY,EAST TAMAKI ROAD ON RAMP,,Non-Injury Crash,Yes,2023,,Null,,0,,Hill Road,,Queens Birthday,,,,Dark,666700,0,0,0,3,,,0,,,,,,Auckland Region,Nil,1-way,Sealed,,0,0,,100,,On,0,0,,76,Auckland,Nil,,,,,0,0,Open,0,,,Fine,Null
1772829.3242,5895489.5726,860039,45,525520,0,0,0,1,0,Null,2022/2023,LIVERPOOL STREET,SETTLEMENT ROAD,,Non-Injury Crash,No,2023,0,North,0,0,0,Flat,0,,0,,0,Dark,801700,0,0,0,2,0,0,0,0,0,,0,0,Auckland Region,Nil,2-way,Sealed,0,0,0,0,50,0,None,0,0,,76,Auckland,Stop,1,0,0,0,0,0,Urban,0,0,0,Heavy rain,Strong wind
1768721.8036,5881047.1961,860041,,525910,0,,0,2,,Null,2023/2024,WESLEY STREET,QUEEN STREET,,Minor Crash,No,2024,,West,,0,,Flat,,,,,,Bright sun,818800,1,0,0,2,,,0,,,,,,Auckland Region,Nil,2-way,Sealed,,0,0,,50,,None,0,0,,76,Auckland,Give way,,,,,0,0,Urban,0,,,Fine,Null
1742904.8954,5921424.2024,860042,,513631,1,,0,0,,West,2025/2026,DON BUCK ROAD,GALLONY AVENUE,,Minor Crash,No,2025,,West,,0,,Flat,,,,,,Bright sun,227101,1,0,0,2,,,0,,,,,,Auckland Region,Nil,2-way,Sealed,,0,0,,50,,Off,0,0,,76,Auckland,Nil,,,,,0,0,Urban,1,,,Fine,Null
1780770.635,5885705.4698,860047,,521132,0,0,0,1,0,North,2023/2024,TOTARA ROAD,FAUSETT ROAD,,Non-Injury Crash,No,2024,0,North,1,0,0,Hill Road,0,,0,,0,Dark,814502,0,0,0,2,0,0,0,0,0,,0,0,Auckland Region,Nil,2-way,Unsealed,0,0,0,0,80,0,None,0,0,,76,Auckland,Nil,0,0,0,0,0,0,Open,0,0,0,Fine,Null
1755661.0535,5935623.5367,860049,35,507101,0,0,0,0,0,West,2023/2024,BEACH ROAD,BAYVIEW ROAD,,Non-Injury Crash,No,2023,0,South,0,0,0,Hill Road,0,,0,,1,Overcast,162400,0,0,0,2,0,0,0,0,0,,0,1,Auckland Region,Nil,2-way,Sealed,0,0,0,0,50,0,Null,1,0,,76,Auckland,Nil,0,0,0,0,0,0,Urban,0,0,0,Light rain,Null
1752785.8125,5915562.0925,860071,,517902,0,0,0,2,0,Null,2023/2024,RICHARDSON ROAD,RANGE VIEW ROAD,,Minor Crash,No,2024,0,North,0,0,0,Hill Road,0,,0,,0,Dark,519100,1,0,0,2,0,0,0,0,1,,0,0,Auckland Region,Nil,2-way,Sealed,0,0,0,0,50,0,On,0,0,,76,Auckland,Give way,0,0,0,0,0,0,Urban,2,0,0,Light rain,Null
1747185.7101,5920207.7918,860073,,512300,0,,0,2,,Null,2023/2024,TE ATATU ROAD,OLD TE ATATU ROAD,,Non-Injury Crash,No,2024,,South,,0,,Flat,,,,,,Bright sun,252000,0,0,0,4,,,0,,,,,,Auckland Region,Nil,2-way,Sealed,,0,0,,50,,Off,0,0,,76,Auckland,Traffic Signals,,,,,0,0,Urban,0,,,Fine,Null
1757725.3812,5915215.8248,860074,,515802,0,,0,2,,East,2024/2025,ONSLOW AVENUE,THE DRIVE,,Non-Injury Crash,No,2024,,West,,0,,Null,,,,,,Overcast,449100,0,0,0,2,,,0,,,,,,Auckland Region,Nil,2-way,Sealed,,0,0,,50,,Null,0,0,,76,Auckland,Nil,,,,,0,0,Urban,0,,,Fine,Null
1750984.2236,5918028.3908,860079,,514801,0,,0,1,,West,2023/2024,NORTH-WESTERN MOTORWAY,GREAT NORTH ROAD OFF RAMP,,Minor Crash,Yes,2024,,East,,0,,Flat,,,,,,Bright sun,390402,2,0,0,4,,,0,,,,,,Auckland Region,Nil,1-way,Sealed,,0,0,,100,,Off,0,0,,76,Auckland,Nil,,,,,2,0,Open,0,,,Fine,Null
1767370.9069,5880512.5103,860081,,525921,0,0,0,1,0,Null,2023/2024,O RUAMANO CRESCENT,MAKATITI STREET,,Minor Crash,No,2024,0,East,0,0,0,Flat,0,,0,,1,Overcast,820900,1,0,0,2,0,0,0,0,0,,0,0,Auckland Region,Nil,2-way,Sealed,0,0,0,0,50,0,Off,0,0,,76,Auckland,Nil,0,0,0,1,0,0,Urban,0,0,0,Fine,Null