X,Y,OBJECTID,advisorySpeed,areaUnitID,bicycle,bridge,bus,carStationWagon,cliffBank,crashDirectionDescription,crashFinancialYear,crashLocation1,crashLocation2,crashRoadSideRoad,crashSeverity,crashSHDescription,crashYear,debris,directionRoleDescription,ditch,fatalCount,fence,flatHill,guardRail,holiday,houseOrBuilding,intersection,kerb,light,meshblockId,minorInjuryCount,moped,motorcycle,NumberOfLanes,objectThrownOrDropped,otherObject,otherVehicleType,overBank,parkedVehicle,pedestrian,phoneBoxEtc,postOrPole,region,roadCharacter,roadLane,roadSurface,roadworks,schoolBus,seriousInjuryCount,slipOrFlood,speedLimit,strayAnimal,streetLight,suv,taxi,temporarySpeedLimit,tlaId,tlaName,trafficControl,trafficIsland,trafficSign,train,tree,truck,unknownVehicleType,urban,vanOrUtility,vehicle,waterRiver,weatherA,weatherB
1757503.8555,5919154.752,860091,,514301,0,,0,1,,Null,2023/2024,GRAFTON ROAD,PARK ROAD,,Non-Injury Crash,No,2023,,North,,0,,Hill Road,,,,,,Dark,441200,0,0,0,2,,,0,,,1,,,Auckland Region,Nil,2-way,Sealed,,0,0,,30,,On,0,0,,76,Auckland,Traffic Signals,,,,,0,0,Urban,0,,,Fine,Null
1749547.6102,5914164.3641,860094,,511301,0,0,0,2,0,Null,2025/2026,RATA STREET,RIMU STREET,,Minor Crash,No,2025,0,South,0,0,1,Flat,0,,0,,0,Overcast,267602,1,0,0,5,0,0,0,0,0,,0,0,Auckland Region,Nil,2-way,Sealed,0,0,0,0,50,0,Off,0,0,,76,Auckland,Traffic Signals,0,0,0,0,1,0,Urban,0,0,0,Fine,Null
1748925.3942,5918408.8984,860095,,514801,0,,0,1,,North,2023/2024,NORTH-WESTERN MOTORWAY,ROSEBANK OBR,,Minor Crash,Yes,2023,,North,,0,,Flat,,,,,,Bright sun,389200,1,0,1,4,,,0,,,,,,Auckland Region,Nil,1-way,Sealed,,0,0,,100,,Off,0,0,,76,Auckland,Nil,,,,,0,0,Open,0,,,Fine,Null
1763402.664,5909208.851,860110,,521901,0,,0,2,,North,2024/2025,WALMSLEY ROAD,HANS STREET,,Non-Injury Crash,No,2025,,North,,0,,Flat,,,,,,Bright sun,783500,0,0,0,4,,,0,,,,,,Auckland Region,Nil,2-way,Sealed,,0,0,,50,,Off,0,0,,76,Auckland,Nil,,,,,0,0,Urban,0,,,Fine,Null
1749853.8171,5918012.7511,860111,,514801,0,,0,3,,West,2022/2023,NORTH-WESTERN MOTORWAY,ROSEBANK ROAD OFF RAMP,,Non-Injury Crash,Yes,2023,,West,,0,,Flat,,,,,,Dark,390401,0,0,0,4,,,0,,,,,,Auckland Region,Nil,1-way,Sealed,,0,0,,100,,On,0,0,,76,Auckland,Nil,,,,,0,0,Open,0,,,Light rain,Null
1743640.1666,5920709.6728,860114,,513632,0,0,0,1,0,Null,2024/2025,ZITA MARIA DRIVE,CLYMA PLACE,,Non-Injury Crash,No,2024,0,East,0,0,0,Null,0,,0,,0,Unknown,229001,0,0,0,2,0,1,0,0,0,,0,0,Auckland Region,Nil,2-way,Null,0,0,0,0,50,0,Null,0,0,,76,Auckland,Give way,0,0,0,0,0,0,Urban,0,0,0,Null,Null
1755918.6259,5918533.7285,860115,,515500,0,,0,1,,South,2023/2024,NORTH-WESTERN MOTORWAY,NEWTON ROAD OFF RAMP,,Non-Injury Crash,Yes,2024,,South,,0,,Flat,,,,,,Bright sun,418500,0,0,0,4,,,0,,,,,,Auckland Region,Nil,1-way,Sealed,,0,0,,80,,Off,0,0,,76,Auckland,Nil,,,,,0,0,Open,1,,,Fine,Null
1757549.7546,5920437.8654,860129,,514103,0,0,0,0,0,North,2023/2024,KITCHENER STREET,KITCHENER STREET,,Non-Injury Crash,No,2024,0,North,0,0,0,Flat,0,,1,,0,Bright sun,437702,0,0,0,2,0,0,0,0,0,,0,0,Auckland Region,Nil,2-way,Sealed,0,0,0,0,30,0,Off,0,0,,76,Auckland,Nil,0,0,0,0,0,0,Urban,1,0,0,Fine,Null
1747598.525,5913566.9949,860133,,511100,0,0,0,1,0,South,2023/2024,WEST COAST ROAD,JANET CLEWS PLACE,,Non-Injury Crash,No,2024,0,North,0,0,0,Hill Road,0,,0,,0,Dark,286703,0,0,0,2,0,0,0,0,0,,0,1,Auckland Region,Nil,2-way,Sealed,0,0,0,0,50,0,On,0,0,,76,Auckland,Nil,0,0,0,0,0,0,Urban,0,0,0,Mist or Fog,Null
1755829.9731,5916633.1811,860135,,518201,0,,0,1,,Null,2023/2024,DOMINION ROAD,MONT LE GRAND ROAD,,Serious Crash,No,2024,,South,,0,,Flat,,,,,,Dark,549300,0,0,1,4,,,0,,,,,,Auckland Region,Nil,2-way,Sealed,,0,1,,50,,On,0,0,,76,Auckland,Stop,,,,,0,0,Urban,0,,,Fine,Null
1749825.8169,5912400.2586,860146,,511402,0,,0,1,,South,2024/2025,ASTLEY AVENUE,ASTLEY AVENUE,,Non-Injury Crash,No,2025,,South,,0,,Null,,,,,,Unknown,260400,0,0,0,0,,,0,,,,,,Auckland Region,Nil,Null,Null,,0,0,,,,Null,1,0,,76,Auckland,Nil,,,,,0,0,Urban,0,,,Null,Null
1753749.9807,5928507.8739,860151,,508320,0,,0,2,,Null,2023/2024,GLENFIELD ROAD,MAYFIELD ROAD,,Non-Injury Crash,No,2023,,South,,0,,Flat,,,,,,Overcast,197500,0,0,0,3,,,0,,,,,,Auckland Region,Nil,1-way,Sealed,,0,0,,50,,Off,0,0,,76,Auckland,Traffic Signals,,,,,0,0,Urban,0,,,Fine,Null
1746294.7774,5918583.9256,860155,,512401,0,0,0,1,0,North,2023/2024,EDMONTON ROAD,STRID ROAD,,Non-Injury Crash,No,2024,0,South,0,0,0,Hill Road,0,,0,,0,Dark,255800,0,0,0,2,0,0,0,0,0,,1,0,Auckland Region,Nil,2-way,Sealed,0,0,0,0,50,0,On,0,0,,76,Auckland,Nil,0,0,0,0,0,0,Urban,0,0,0,Fine,Null
1766587.0086,5900700.6146,860161,,524713,0,,0,1,,East,2022/2023,ORATU PLACE,JOHN WALKER DRIVE,,Non-Injury Crash,No,2023,,East,,0,,Hill Road,,,,,,Overcast,775816,0,0,0,2,,,0,,,,,,Auckland Region,Nil,2-way,Sealed,,0,0,,30,,Off,0,0,,76,Auckland,Nil,,,,,0,0,Urban,1,,,Fine,Null
1755254.4397,5918831.9485,860162,,515420,0,0,0,0,0,North,2025/2026,ELGIN STREET,CRUMMER ROAD,,Non-Injury Crash,No,2025,0,South,0,0,0,Flat,0,,1,,0,Bright sun,409300,0,0,0,2,0,0,0,0,0,,0,0,Auckland Region,Nil,2-way,Sealed,0,0,0,0,50,0,Off,1,0,,76,Auckland,Nil,0,0,0,0,0,0,Urban,0,0,0,Fine,Null
1762193.6289,5913621.6403,860169,,520500,0,,1,1,,South,2023/2024,SOUTHERN MOTORWAY,PENROSE OBR,,Minor Crash,Yes,2024,,North,,0,,Flat,,,,,,Bright sun,637100,1,0,1,3,,,0,,,,,,Auckland Region,Nil,1-way,Sealed,,0,0,,100,,Off,0,0,,76,Auckland,Nil,,,,,0,0,Open,0,,,Fine,Null
1747189.3532,5943613.6462,860170,,506201,0,,0,2,,Null,2025/2026,DAIRY FLAT HIGHWAY,WILKS ROAD,,Minor Crash,No,2025,,South,,0,,Flat,,,,,,Bright sun,176700,1,0,0,2,,,0,,,,,,Auckland Region,Nil,2-way,Sealed,,0,0,,80,,Off,0,0,,76,Auckland,Stop,,,,,0,0,Open,0,,,Fine,Null
1754201.2903,5918875.8061,860171,,515431,0,,0,2,,Null,2023/2024,SURREY CRESCENT,BULLOCK TRACK,,Non-Injury Crash,No,2024,,West,,0,,Hill Road,,,,,,Twilight,403300,0,0,0,2,,,0,,,,,,Auckland Region,Nil,2-way,Sealed,,0,0,,50,,On,0,0,,76,Auckland,Give way,,,,,0,0,Urban,0,,,Fine,Null
1751217.0714,5915229.2115,860179,,514401,0,0,0,0,0,South,2023/2024,GREAT NORTH ROAD,CRAYFORD STREET WEST,,Non-Injury Crash,No,2023,0,South,0,0,0,Flat,0,,0,,1,Dark,382700,0,0,0,2,0,1,0,0,0,,0,0,Auckland Region,Nil,2-way,Sealed,0,0,0,0,50,0,On,1,0,,76,Auckland,Nil,0,0,0,0,0,0,Urban,0,0,0,Fine,Null
1766171.7424,5907121.8554,860185,,522301,0,,0,1,,North,2022/2023,HUIA ROAD,HOTEO AVENUE,,Serious Crash,No,2023,,North,,0,,Flat,,,,,,Dark,667100,0,0,0,2,,,0,,,2,,,Auckland Region,Nil,2-way,Sealed,,0,2,,50,,On,0,0,,76,Auckland,Nil,,,,,0,0,Urban,0,,,Fine,Null
1754017.0021,5933001.5869,860186,,508805,0,,0,3,,West,2025/2026,ROSEDALE ROAD,APOLLO DRIVE,,Non-Injury Crash,No,2025,,South,,0,,Flat,,,,,,Bright sun,180866,0,0,0,2,,,0,,,,,,Auckland Region,Nil,2-way,Sealed,,0,0,,50,,Off,0,0,,76,Auckland,Nil,,,,,0,0,Urban,0,,,Fine,Null
1737165.8658,5929369.6239,860187,,505602,0,,0,2,,West,2023/2024,MAIN ROAD,STATION ROAD,,Non-Injury Crash,Yes,2023,,East,,0,,Flat,,,,,,Overcast,215602,0,0,0,2,,,0,,,,,,Auckland Region,Nil,2-way,Sealed,,0,0,,60,,Off,0,0,,76,Auckland,Nil,,,,,0,0,Urban,1,,,Light rain,Null
1751416.0631,5915063.8383,860189,,514401,0,0,0,1,0,Null,2022/2023,ST JUDE STREET,DONEGAL STREET,,Non-Injury Crash,No,2023,0,North,0,0,1,Hill Road,0,,0,,0,Bright sun,382901,0,0,0,2,0,0,0,0,0,,0,0,Auckland Region,Rail xing,2-way,Sealed,0,0,0,0,50,0,Off,0,0,,76,Auckland,Give way,0,0,0,0,0,0,Urban,0,0,0,Fine,Null
1745599.5399,5913184.4528,860199,,511001,0,0,0,1,0,Null,2023/2024,SOLAR ROAD,PISCES ROAD,,Non-Injury Crash,No,2023,0,South,0,0,0,Flat,0,Labour Weekend,0,,0,Overcast,282820,0,0,0,2,0,0,0,0,0,,0,0,Auckland Region,Speed hump,2-way,Sealed,0,0,0,0,50,0,Off,0,0,,76,Auckland,Give way,1,0,0,0,0,0,Urban,0,0,0,Fine,Null
1748233.6761,5914030.007,860205,,511700,0,,0,3,,Null,2023/2024,GREAT NORTH ROAD,WEST COAST ROAD,,Non-Injury Crash,No,2023,,South,,0,,Hill Road,,,,,,Bright sun,270201,0,0,0,2,,,0,,,,,,Auckland Region,Nil,2-way,Sealed,,0,0,,50,,None,0,1,,76,Auckland,Traffic Signals,,,,,0,0,Urban,0,,,Fine,Null
1766178.1563,5906166.7985,860206,,522302,0,0,0,1,0,East,2025/2026,GREAT SOUTH ROAD,WATSON PLACE,,Non-Injury Crash,No,2025,0,West,0,0,0,Flat,0,,0,,0,Bright sun,668902,0,0,0,2,0,0,0,0,2,,0,0,Auckland Region,Nil,2-way,Sealed,0,0,0,0,50,0,Off,1,0,,76,Auckland,Nil,0,0,0,0,0,0,Urban,1,0,0,Fine,Null
1750179.2857,5946696.6459,860211,,505806,0,0,0,0,0,Null,2023/2024,CENTRAL BOULEVARD,SILVERDALE STREET,,Non-Injury Crash,No,2023,0,West,0,0,1,Flat,0,,0,,0,Overcast,176504,0,0,0,2,0,0,0,0,0,,0,0,Auckland Region,Nil,2-way,Sealed,0,0,0,0,50,0,Off,0,0,,76,Auckland,Give way,0,0,0,0,0,0,Urban,1,0,0,Fine,Null
1761229.4229,5912424.058,860213,25,519500,0,,0,0,,Null,2024/2025,MAURICE ROAD,CHURCH STREET,,Minor Crash,No,2024,,North,,0,,Flat,,,,,,Dark,621700,1,0,0,2,,,0,,,1,,,Auckland Region,Nil,2-way,Sealed,,0,0,,50,,On,1,0,,76,Auckland,Pointsman,,,,,0,0,Urban,0,,,Fine,Null
1772655.7257,5894636.2737,860226,,525530,0,,0,2,,Null,2025/2026,GREAT SOUTH ROAD,BELLFIELD ROAD,,Minor Crash,No,2025,,South,,0,,Flat,,,,,,Overcast,803602,1,0,0,2,,,0,,,,,,Auckland Region,Nil,2-way,Sealed,,0,0,,60,,Off,0,0,,76,Auckland,Traffic Signals,,,,,0,0,Urban,0,,,Fine,Null
1773075.9342,5915191.1473,860227,,521502,0,0,0,1,0,North,2023/2024,GRANGER ROAD,CLEARY TERRACE,,Non-Injury Crash,No,2023,0,North,0,0,0,Hill Road,1,,0,,0,Dark,653900,0,0,0,2,0,0,0,0,0,,0,0,Auckland Region,Nil,2-way,Sealed,0,0,0,0,50,0,On,0,0,,76,Auckland,Nil,0,0,0,0,0,0,Urban,0,0,0,Fine,Null
1752431.9947,5928981.196,860238,,508411,0,0,0,1,0,Null,2024/2025,SPINELLA DRIVE,BAYVIEW ROAD,,Non-Injury Crash,No,2024,0,South,0,0,1,Hill Road,0,,0,,0,Dark,184910,0,0,0,2,0,0,0,0,0,,0,0,Auckland Region,Nil,2-way,Sealed,0,0,0,0,50,0,On,0,0,,76,Auckland,Give way,0,0,0,1,0,0,Urban,0,0,0,Fine,Null
1755673.3018,5916076.9553,860243,,518301,0,,0,1,,Null,2022/2023,DOMINION ROAD,ROCKLANDS AVENUE,,Non-Injury Crash,No,2023,,North,,0,,Flat,,,,,,Overcast,555300,0,0,0,2,,,0,,,,,,Auckland Region,Nil,2-way,Sealed,,0,0,,50,,Off,1,0,,76,Auckland,Stop,,,,,0,0,Urban,0,,,Heavy rain,Strong wind
1772243.1021,5899030.0384,860245,,523912,0,,0,0,,East,2023/2024,POPOKATEA DRIVE,PUWETO AVENUE,,Non-Injury Crash,No,2023,,North,,0,,Flat,,,,,,Overcast,765401,0,0,0,2,,,0,,,,,,Auckland Region,Nil,2-way,Sealed,,0,0,,50,,Off,1,0,,76,Auckland,Nil,,,,,0,0,Urban,0,,,Fine,Null
1756631.2943,5930505.7557,860246,,507710,0,,0,2,,Null,2024/2025,EAST COAST ROAD,ABERDEEN ROAD,,Minor Crash,No,2024,,East,,0,,Flat,,,,,,Bright sun,315003,1,0,0,2,,,0,,,,,,Auckland Region,Nil,2-way,Sealed,,0,0,,50,,Off,0,0,,76,Auckland,Give way,,,,,0,0,Urban,0,,,Fine,Null
1756268.3891,5927476.9226,860249,,507900,0,,0,2,,South,2022/2023,NORTHERN MOTORWAY,NORTHCOTE ROAD OFF RAMP,,Non-Injury Crash,Yes,2023,,South,,0,,Flat,,,,,,Overcast,305202,0,0,0,3,,,0,,,,,,Auckland Region,Nil,1-way,Sealed,,0,0,,100,,Off,0,0,,76,Auckland,Nil,,,,,0,0,Open,0,,,Light rain,Null
1760621.7402,5919883.0399,860277,,516400,0,0,0,1,0,West,2023/2024,TAMAKI DRIVE,NGAPIPI ROAD,,Non-Injury Crash,No,2023,0,East,0,0,0,Flat,0,,0,,0,Dark,496500,0,0,0,4,0,0,0,0,0,,0,0,Auckland Region,Nil,2-way,Sealed,1,0,0,0,50,0,On,0,0,,76,Auckland,Isolated Pedestrian signal (non-intersection),0,0,0,0,0,0,Urban,0,0,0,Fine,Null
1765597.1544,5917532.8717,860285,,517001,0,0,0,2,0,North,2022/2023,LINE ROAD,EASTVIEW ROAD,,Non-Injury Crash,No,2023,0,North,0,0,0,Flat,0,,0,,0,Dark,474700,0,0,0,2,0,0,0,0,1,,0,0,Auckland Region,Nil,2-way,Sealed,0,0,0,0,50,0,On,0,0,,76,Auckland,Nil,0,0,0,0,0,0,Urban,0,0,0,Fine,Null
1755621.6953,5917931.0621,860290,,517500,0,,1,1,,East,2024/2025,NEW NORTH ROAD,CENTRAL ROAD,,Non-Injury Crash,No,2024,,West,,0,,Flat,,Christmas New Year,,,,Bright sun,529800,0,0,0,4,,,0,,,,,,Auckland Region,Nil,2-way,Sealed,,0,0,,50,,Off,0,0,,76,Auckland,Nil,,,,,0,0,Urban,0,,,Fine,Null
1744763.8897,5919035.1818,860294,,513302,0,0,0,2,0,East,2024/2025,GLEN NORMAN AVENUE,HUGHDENE PLACE,,Non-Injury Crash,No,2024,0,East,0,0,0,Flat,0,,0,,0,Overcast,232600,0,0,0,2,0,0,0,0,1,,0,0,Auckland Region,Nil,2-way,Sealed,0,0,0,0,30,0,Off,0,0,,76,Auckland,Nil,0,0,0,0,0,0,Urban,0,0,0,Fine,Null
1743722.2471,5928436.5409,860297,,513410,0,0,0,1,0,Null,2023/2024,RIVERLEA ROAD,ROPE ROAD,,Non-Injury Crash,No,2023,0,North,1,0,0,Flat,0,,0,,0,Bright sun,219800,0,0,0,2,0,0,0,0,0,,0,0,Auckland Region,Nil,2-way,Sealed,0,0,0,0,80,0,None,0,0,,76,Auckland,Give way,0,0,0,0,0,0,Open,0,0,0,Fine,Null
1757116.7195,5919121.3085,860298,,514301,0,,0,1,,East,2024/2025,NORTH-WESTERN MOTORWAY,SYMONDS OBR,,Non-Injury Crash,Yes,2025,,West,,0,,Flat,,,,,,Bright sun,441200,0,0,0,2,,,0,,,,,,Auckland Region,Underpass,1-way,Sealed,,0,0,,80,,Off,0,0,,76,Auckland,Nil,,,,,0,0,Open,1,,,Fine,Null
1761907.6761,5906713.8894,860302,,524302,0,0,0,1,0,East,2025/2026,MASSEY ROAD,ROBERTSON ROAD,,Non-Injury Crash,No,2025,0,East,0,0,0,Flat,0,,0,,0,Dark,743500,0,0,0,2,0,0,0,0,0,,0,1,Auckland Region,Nil,2-way,Sealed,0,0,0,0,50,0,On,0,0,,76,Auckland,Nil,0,0,0,0,1,0,Urban,0,0,0,Fine,Null
1763529.3637,5906427.6091,860309,,524301,0,,0,2,,Null,2023/2024,BUCKLAND ROAD,PORTAGE ROAD,,Non-Injury Crash,No,2024,,East,,0,,Flat,,,,,,Bright sun,655701,0,0,0,2,,,0,,,,,,Auckland Region,Nil,2-way,Sealed,,0,0,,50,,Off,0,0,40,76,Auckland,Give way,,,,,0,0,Urban,0,,,Fine,Null
1758013.4442,5912038.8211,860311,,519810,0,,0,2,,East,2023/2024,SOUTH-WESTERN MOTORWAY,BEACHCROFT FTBR,,Non-Injury Crash,Yes,2023,,East,,0,,Flat,,,,,,Bright sun,602501,0,0,0,4,,,0,,,,,,Auckland Region,Overpass,1-way,Sealed,,0,0,,100,,Off,0,0,,76,Auckland,Nil,,,,,0,0,Open,0,,,Fine,Null
1755867.7664,5916765.4256,860313,,518201,0,,0,2,,South,2023/2024,DOMINION ROAD,ELIZABETH STREET,,Non-Injury Crash,No,2024,,South,,0,,Flat,,,,,,Bright sun,549200,0,0,0,2,,,0,,,,,,Auckland Region,Nil,2-way,Sealed,,0,0,,50,,Off,1,0,,76,Auckland,Nil,,,,,0,0,Urban,0,,,Fine,Null
1754121.0312,5915170.7196,860318,15,518801,0,,0,1,,Null,2025/2026,AURORA AVENUE,SHEPPARD AVENUE,,Non-Injury Crash,No,2025,,East,,0,,Flat,,,,,,Overcast,575200,0,0,0,2,,,0,,,,,,Auckland Region,Nil,2-way,Sealed,,0,0,,30,,Off,1,0,,76,Auckland,Nil,,,,,0,0,Urban,0,,,Fine,Null
1770004.6698,5898703.092,860327,,523920,0,,0,1,,North,2023/2024,SOUTHERN MOTORWAY,WALTER STREVENS OBR,,Non-Injury Crash,Yes,2024,,South,,0,,Flat,,,,,,Bright sun,768007,0,0,0,3,,,0,,,,,,Auckland Region,Nil,1-way,Sealed,,0,0,,100,,Off,0,0,,76,Auckland,Nil,,,,,0,0,Open,3,,,Fine,Null
1747606.2478,5915049.1687,860330,45,511602,0,0,0,2,0,South,2025/2026,BUTTERWORTH DRIVE,ROSEWARNE CRESCENT,,Non-Injury Crash,No,2025,0,South,0,0,0,Flat,0,,0,,0,Bright sun,272707,0,0,0,2,0,0,0,0,1,,0,1,Auckland Region,Nil,2-way,Sealed,0,0,0,0,50,0,Off,0,0,,76,Auckland,Nil,0,0,0,0,0,0,Urban,0,0,0,Fine,Null
1764745.9891,5917621.2932,860331,,517201,0,0,0,4,0,North,2023/2024,FELTON MATHEW AVENUE,HOWARD HUNTER AVENUE,,Minor Crash,No,2024,0,North,0,0,0,Flat,0,,0,,0,Overcast,464504,1,0,0,2,0,0,0,0,3,1,0,0,Auckland Region,Nil,2-way,Sealed,0,0,0,0,50,0,Off,1,0,,76,Auckland,Nil,0,0,0,0,0,0,Urban,0,0,0,Light rain,Null
1765284.1854,5909361.6977,860341,,521802,0,,0,1,,North,2023/2024,SOUTHERN MOTORWAY,TAMAKI RIV BR,,Non-Injury Crash,Yes,2024,,North,,0,,Flat,,,,,,Overcast,788903,0,0,0,4,,,0,,,,,,Auckland Region,Nil,1-way,Sealed,,0,0,,100,,Off,0,0,,76,Auckland,Nil,,,,,0,0,Open,1,,,Fine,Null
1752426.1331,5917632.3905,860343,,515003,0,0,1,1,0,South,2023/2024,CARRINGTON ROAD,CARRINGTON TECH GT2,,Non-Injury Crash,No,2023,0,South,0,0,0,Flat,0,,0,,0,Bright sun,391602,0,0,0,2,0,0,0,0,0,,0,0,Auckland Region,Nil,2-way,Sealed,0,0,0,0,50,0,Off,0,0,,76,Auckland,Nil,0,0,0,0,0,0,Urban,0,1,0,Fine,Null
1756984.8975,5919369.2267,860347,,514200,0,,0,1,,Null,2024/2025,CROSS STREET,UPPER QUEEN STREET,,Minor Crash,No,2025,,West,,0,,Hill Road,,,,,,Overcast,412200,1,0,0,1,,,0,,,1,,,Auckland Region,Nil,1-way,Sealed,,0,0,,30,,Off,0,0,,76,Auckland,Nil,,,,,0,0,Urban,0,,,Fine,Null
1766726.5549,5904456.2882,860355,,524604,0,,0,2,,Null,2023/2024,LAMBIE DRIVE,RONWOOD AVENUE,,Non-Injury Crash,No,2024,,South,,0,,Flat,,,,,,Bright sun,780209,0,0,0,2,,,0,,,,,,Auckland Region,Nil,1-way,Sealed,,0,0,,50,,Off,0,0,,76,Auckland,Give way,,,,,0,0,Urban,0,,,Fine,None
1755678.8223,5918334.9138,860359,,515500,0,,0,2,,South,2024/2025,NORTH-WESTERN MOTORWAY,NEWTON ROAD OFF RAMP,,Non-Injury Crash,Yes,2024,,North,,0,,Flat,,,,,,Overcast,419400,0,0,0,4,,,0,,,,,,Auckland Region,Nil,1-way,Sealed,,0,0,,80,,Off,0,0,,76,Auckland,Nil,,,,,0,0,Open,0,,,Fine,Null
1768751.5236,5904543.1358,860363,,523820,0,,0,0,,Null,2023/2024,HOLLYFORD DRIVE,EVERGLADE DRIVE,,Non-Injury Crash,No,2024,,South,,0,,Flat,,,,,,Overcast,759902,0,0,1,4,,,0,,,,,,Auckland Region,Nil,2-way,Sealed,,0,0,,50,,Off,1,0,,76,Auckland,Traffic Signals,,,,,0,0,Urban,0,,,Light rain,Null
1744012.0053,5924736.8576,860370,,513431,0,0,0,1,1,North,2024/2025,UPPER HARBOUR MOTORWAY,HOBSONVILLE ROAD OFF RAMP,,Non-Injury Crash,Yes,2024,0,South,0,0,0,Flat,0,,0,,0,Overcast,223902,0,0,0,2,0,0,0,0,0,,0,0,Auckland Region,Nil,1-way,Sealed,0,0,0,0,100,0,On,0,0,,76,Auckland,Nil,0,0,0,0,0,0,Open,0,0,0,Fine,Null
1745309.7894,5919826.7162,860371,,513301,0,,0,1,,Null,2024/2025,LINCOLN ROAD,UNIVERSAL DRIVE,,Minor Crash,No,2024,,South,,0,,Flat,,,,,,Dark,230401,1,0,1,4,,,0,,,,,,Auckland Region,Nil,2-way,Sealed,,0,0,,50,,On,0,0,,76,Auckland,Nil,,,,,0,0,Urban,0,,,Fine,Null
1748702.511,5913174.1713,860375,,511401,0,0,0,2,0,South,2023/2024,TITIRANGI ROAD,NORTHALL ROAD,,Non-Injury Crash,No,2024,0,South,0,0,0,Flat,0,,0,,0,Overcast,262600,0,0,0,2,0,0,0,0,1,,0,0,Auckland Region,Nil,2-way,Sealed,0,0,0,0,50,0,Off,0,0,,76,Auckland,Nil,0,0,0,0,0,0,Urban,0,0,0,Fine,Null
1752016.3329,5915590.4472,860386,,517901,0,,1,1,,Null,2025/2026,NEW NORTH ROAD,HENDON AVENUE,,Non-Injury Crash,No,2025,,North,,0,,Flat,,,,,,Dark,523800,0,0,0,4,,,0,,,,,,Auckland Region,Nil,2-way,Sealed,,0,0,,50,,On,0,0,,76,Auckland,Traffic Signals,,,,,0,0,Urban,0,,,Fine,Null
1761744.271,5907137.8892,860389,,524520,0,0,0,2,0,West,2023/2024,JAMES STREET,VON STURMER STREET,,Non-Injury Crash,No,2024,0,West,0,0,0,Flat,1,,0,,0,Bright sun,734902,0,0,0,2,0,0,0,0,1,,0,0,Auckland Region,Nil,2-way,Sealed,0,0,0,0,50,0,Off,0,0,,76,Auckland,Nil,0,0,0,0,0,0,Urban,0,0,0,Fine,Null
1759729.6981,5910108.1801,860390,,524002,0,0,0,1,0,North,2024/2025,MAHUNGA DRIVE,MIRO ROAD,,Non-Injury Crash,No,2025,0,South,0,0,0,Flat,0,,0,,0,Dark,722400,0,0,0,2,0,0,0,0,0,,0,0,Auckland Region,Nil,2-way,Sealed,0,0,0,0,50,0,On,0,0,,76,Auckland,Nil,0,1,0,0,0,0,Urban,0,0,0,Fine,Null
1756957.9438,5918011.931,860393,,518101,1,,0,0,,Null,2024/2025,MOUNT EDEN ROAD,ESPLANADE ROAD,,Serious Crash,No,2024,,North,,0,,Flat,,,,,,Bright sun,543800,0,0,0,2,,,0,,,,,,Auckland Region,Nil,2-way,Sealed,,0,1,,50,,Off,0,0,,76,Auckland,Stop,,,,,0,0,Urban,1,,,Fine,Null
1752397.5978,5918077.4625,860398,,515001,0,,0,2,,Null,2023/2024,CARRINGTON ROAD,GREAT NORTH ROAD,,Non-Injury Crash,No,2023,,North,,0,,Flat,,,,,,Bright sun,391601,0,0,0,3,,,0,,,,,,Auckland Region,Nil,2-way,Sealed,,0,0,,50,,On,0,0,,76,Auckland,Traffic Signals,,,,,0,0,Urban,0,,,Fine,None
1755751.288,5918778.1396,860401,,515500,0,,0,2,,Null,2023/2024,GREAT NORTH ROAD,POTATAU STREET,,Minor Crash,No,2023,,South,,0,,Flat,,,,,,Dark,418600,2,0,0,4,,,0,,,,,,Auckland Region,Nil,2-way,Sealed,,0,0,,50,,On,0,0,,76,Auckland,Give way,,,,,0,0,Urban,0,,,Fine,Null
1755144.929,5930093.755,860402,,508510,0,0,0,1,0,South,2024/2025,NORTHERN MOTORWAY,SUNNYNOOK OBR,,Non-Injury Crash,Yes,2024,0,South,0,0,0,Flat,0,,0,,0,Bright sun,194408,0,0,0,2,0,0,0,0,0,,0,1,Auckland Region,Nil,1-way,Sealed,0,0,0,0,100,0,Off,0,0,,76,Auckland,Nil,0,0,0,0,0,0,Open,0,0,0,Fine,Null
1763928.4524,5920393.7224,860418,,516500,0,0,0,2,0,West,2024/2025,TAMAKI DRIVE,KOHIMARAMA ROAD,,Non-Injury Crash,No,2025,0,East,0,0,0,Flat,0,,0,,0,Bright sun,501102,0,0,0,2,0,0,0,0,1,,0,0,Auckland Region,Nil,2-way,Sealed,0,0,0,0,50,0,Off,1,0,,76,Auckland,Nil,0,0,0,0,0,0,Urban,0,0,0,Fine,Null
1760099.0312,5918668.3691,860426,,515901,0,,0,0,,Null,2025/2026,SHORE ROAD,PORTLAND ROAD,,Minor Crash,No,2025,,East,,0,,Hill Road,,,,,,Bright sun,457400,1,0,0,2,,,0,,,1,,,Auckland Region,Nil,2-way,Sealed,,0,0,,50,,Off,1,0,,76,Auckland,Stop,,,,,0,0,Urban,0,,,Fine,Null