X,Y,OBJECTID,advisorySpeed,areaUnitID,bicycle,bridge,bus,carStationWagon,cliffBank,crashDirectionDescription,crashFinancialYear,crashLocation1,crashLocation2,crashRoadSideRoad,crashSeverity,crashSHDescription,crashYear,debris,directionRoleDescription,ditch,fatalCount,fence,flatHill,guardRail,holiday,houseOrBuilding,intersection,kerb,light,meshblockId,minorInjuryCount,moped,motorcycle,NumberOfLanes,objectThrownOrDropped,otherObject,otherVehicleType,overBank,parkedVehicle,pedestrian,phoneBoxEtc,postOrPole,region,roadCharacter,roadLane,roadSurface,roadworks,schoolBus,seriousInjuryCount,slipOrFlood,speedLimit,strayAnimal,streetLight,suv,taxi,temporarySpeedLimit,tlaId,tlaName,trafficControl,trafficIsland,trafficSign,train,tree,truck,unknownVehicleType,urban,vanOrUtility,vehicle,waterRiver,weatherA,weatherB
1767322.142,5907495.8686,860431,35,523602,0,0,0,1,0,Null,2023/2024,COBHAM CRESCENT,VILMA PLACE,,Minor Crash,No,2024,0,West,0,0,0,Flat,0,,0,,0,Dark,709800,1,0,0,2,0,0,0,0,0,,0,1,Auckland Region,Nil,2-way,Sealed,0,0,0,0,50,0,On,0,0,30,76,Auckland,Nil,0,0,0,0,0,0,Urban,0,0,0,Fine,Null
1761453.2618,5914308.4962,860438,,520202,0,,0,2,,Null,2025/2026,ELLERSLIE-PANMURE HIGHWAY,ELLERSLIE-PANMURE HWY OFF RAMP,,Non-Injury Crash,No,2025,,South,,0,,Flat,,,,,,Bright sun,612501,0,0,0,1,,,0,,,,,,Auckland Region,Nil,1-way,Sealed,,0,0,,50,,Off,0,0,,76,Auckland,Give way,,,,,0,0,Urban,0,,,Fine,Null
1770074.4168,5906101.1425,860442,,523712,0,,0,0,,Null,2023/2024,CASTLEBANE DRIVE,BROADHURST ROAD,,Non-Injury Crash,No,2023,,North,,0,,Flat,,,,,,Unknown,713201,0,0,0,2,,,0,,,,,,Auckland Region,Nil,2-way,Sealed,,0,0,,50,,Off,1,0,,76,Auckland,Give way,,,,,0,1,Urban,0,,,Fine,None
1763719.6415,5913533.4556,860444,,520402,0,,0,2,,South,2023/2024,MOUNT WELLINGTON HIGHWAY,ROSLYN ROAD,,Non-Injury Crash,No,2023,,North,,0,,Flat,,,,,,Dark,640002,0,0,0,4,,,0,,,,,,Auckland Region,Nil,2-way,Sealed,,0,0,,50,,On,0,0,,76,Auckland,Nil,,,,,0,0,Urban,0,,,Light rain,Null
1769459.3507,5881220.3335,860445,,525922,0,,0,2,,Null,2025/2026,EAST STREET,STATION ROAD,,Non-Injury Crash,No,2025,,South,,0,,Hill Road,,,,,,Overcast,817200,0,0,0,2,,,0,,,,,,Auckland Region,Nil,2-way,Sealed,,0,0,,50,,Off,0,0,,76,Auckland,Stop,,,,,0,0,Urban,0,,,Light rain,Null
1743502.5572,5923789.5418,860446,,513511,0,0,0,0,0,West,2024/2025,FRED TAYLOR DRIVE,TAWHIA DRIVE,,Serious Crash,No,2025,0,East,0,0,0,Flat,0,,0,,0,Overcast,224306,0,0,1,2,0,0,0,0,0,,1,0,Auckland Region,Nil,1-way,Sealed,0,0,1,0,50,0,Off,0,0,,76,Auckland,Nil,1,0,0,0,0,0,Urban,0,0,0,Fine,Null
1754811.2694,5930551.463,860450,,508520,0,,0,1,,South,2024/2025,NORTHERN MOTORWAY,UPPER HARBOUR HWY ON RAMP,,Non-Injury Crash,Yes,2024,,South,,0,,Hill Road,,,,,,Dark,192700,0,0,0,2,,,0,,,,,,Auckland Region,Nil,1-way,Sealed,,0,0,,100,,On,0,0,,76,Auckland,Nil,,,,,0,0,Open,1,,,Fine,Null
1756634.2874,5920735.9889,860454,,514102,0,,0,2,,Null,2023/2024,FANSHAWE STREET,HALSEY STREET,,Non-Injury Crash,No,2024,,West,,0,,Flat,,,,,,Bright sun,432601,0,0,0,2,,,0,,,,,,Auckland Region,Nil,2-way,Sealed,,0,0,,50,,Off,0,0,,76,Auckland,Give way,,,,,0,0,Urban,0,,,Null,None
1749167.8202,5950783.9438,860461,,506201,0,0,0,0,0,North,2024/2025,NORTHERN GATEWAY TOLL ROAD,TOLL GANTRY,,Minor Crash,Yes,2025,0,North,0,0,0,Hill Road,1,,0,,0,Dark,176406,1,0,0,2,0,0,0,0,0,,0,0,Auckland Region,Nil,1-way,Sealed,0,0,0,0,100,0,None,1,0,,76,Auckland,Nil,0,0,0,0,0,0,Open,0,0,0,Fine,Null
1746483.531,5920064.4339,860462,,512402,0,,0,2,,North,2024/2025,NORTH-WESTERN MOTORWAY,TE ATATU ROAD ON RAMP,,Minor Crash,Yes,2025,,North,,0,,Flat,,,,,,Bright sun,252100,1,0,0,3,,,0,,,,,,Auckland Region,Nil,1-way,Sealed,,0,0,,100,,Off,0,0,,76,Auckland,Nil,,,,,0,0,Open,0,,,Fine,Null
1768788.6115,5914105.1804,860465,,522723,0,,0,0,,Null,2023/2024,CASCADES ROAD,PAKURANGA ROAD,,Non-Injury Crash,No,2024,,North,,0,,Flat,,,,,,Dark,681600,0,0,0,1,,,0,,,,,,Auckland Region,Nil,1-way,Sealed,,0,0,,60,,On,1,0,,76,Auckland,Traffic Signals,,,,,0,0,Urban,0,,,Light rain,Null
1757716.1569,5918257.0593,860469,,518101,0,,0,1,,North,2024/2025,SOUTHERN MOTORWAY,MOUNTAIN OBR,,Non-Injury Crash,Yes,2024,,North,,0,,Flat,,,,,,Overcast,543000,0,0,0,5,,,0,,,,,,Auckland Region,Nil,1-way,Sealed,,0,0,,80,,None,0,0,,76,Auckland,Nil,,,,,0,0,Open,1,,,Fine,Null
1767135.0324,5904698.3892,860474,,524604,0,,0,1,,South,2024/2025,SHARKEY STREET,CAVENDISH DRIVE,,Minor Crash,No,2024,,North,,0,,Flat,,,,,,Overcast,780209,2,0,0,2,,,0,,,1,,,Auckland Region,Nil,2-way,Sealed,,0,0,,50,,Off,0,0,30,76,Auckland,Nil,,,,,0,0,Urban,1,,,Light rain,Null
1765765.2833,5906690.2077,860476,,522202,0,0,0,2,0,South,2022/2023,GREAT SOUTH ROAD,SUTTON CRESCENT,,Non-Injury Crash,No,2023,0,North,0,0,0,Flat,0,,0,,0,Dark,663600,0,0,0,4,0,0,0,0,0,,0,0,Auckland Region,Nil,2-way,Sealed,0,0,0,0,50,0,On,0,0,,76,Auckland,Nil,0,0,0,0,0,0,Urban,0,1,0,Fine,Null
1772233.9751,5895958.9009,860478,,525410,0,0,0,1,0,North,2024/2025,RAY SMALL DRIVE,NELSON STREET,,Minor Crash,No,2025,0,North,0,0,0,Flat,0,,0,,0,Bright sun,792401,1,0,0,2,0,0,0,0,1,,0,0,Auckland Region,Nil,2-way,Sealed,0,0,0,0,50,0,Off,0,0,,76,Auckland,Nil,0,0,0,0,1,0,Urban,0,0,0,Fine,Null
1770128.1812,5899423.0831,860481,,523911,0,,0,2,,North,2023/2024,SPARTAN ROAD,GREAT SOUTH ROAD,,Non-Injury Crash,No,2023,,East,,0,,Flat,,,,,,Bright sun,766500,0,0,0,2,,,0,,,,,,Auckland Region,Nil,2-way,Sealed,,0,0,,70,,Off,0,0,,76,Auckland,Nil,,,,,0,0,Urban,0,,,Fine,None
1759598.9853,5908680.9897,860482,,524121,0,,0,2,,West,2023/2024,WALMSLEY ROAD,HALL AVENUE,,Non-Injury Crash,No,2023,,Null,,0,,Flat,,,,,,Bright sun,737104,0,0,0,2,,,0,,,,,,Auckland Region,Nil,2-way,Sealed,,0,0,,60,,Off,0,0,,76,Auckland,Nil,,,,,0,0,Urban,0,,,Fine,None
1743665.0934,5919377.5183,860484,,513212,0,,0,2,,Null,2023/2024,SWANSON ROAD,SWANSON ROAD,,Minor Crash,No,2024,,East,,0,,Flat,,,,,,Bright sun,235711,1,0,0,2,,,0,,,,,,Auckland Region,Nil,1-way,Sealed,,0,0,,50,,Off,0,0,,76,Auckland,Give way,,,,,0,0,Urban,0,,,Fine,Null
1769333.4487,5902312.9834,860486,,524901,0,,0,1,,North,2023/2024,SOUTHERN MOTORWAY,HILL ROAD ON RAMP,,Non-Injury Crash,Yes,2023,,North,,0,,Flat,,,,,,Overcast,755600,0,0,0,3,,,0,,,,,,Auckland Region,Nil,1-way,Sealed,,0,0,,100,,Off,1,0,,76,Auckland,Nil,,,,,0,0,Open,0,,,Light rain,None
1755380.0941,5915026.5266,860492,,518500,0,0,1,1,0,Null,2023/2024,DOMINION ROAD,KINGS ROAD,,Serious Crash,No,2024,0,North,0,0,0,Flat,0,,0,,0,Bright sun,561400,1,0,0,4,0,0,0,0,0,,0,0,Auckland Region,Nil,2-way,Sealed,0,0,1,0,50,0,Off,0,0,,76,Auckland,Stop,0,0,0,0,0,0,Urban,0,1,0,Fine,Null
1769077.218,5906481.9858,860493,,523712,0,,0,1,,Null,2025/2026,TE IRIRANGI DRIVE,WHETSTONE ROAD,,Non-Injury Crash,No,2025,,South,,0,,Hill Road,,,,,,Overcast,713013,0,0,0,2,,,0,,,,,,Auckland Region,Overpass,1-way,Sealed,,0,0,,50,,Off,1,0,,76,Auckland,Give way,,,,,0,0,Urban,0,,,Fine,Null
1767781.022,5904291.2228,860494,,524604,0,,0,1,,Null,2022/2023,GREAT SOUTH ROAD,REDOUBT ROAD,,Non-Injury Crash,No,2023,,South,,0,,Flat,,,,,,Overcast,780302,0,0,0,3,,,0,,,,,,Auckland Region,Nil,1-way,Sealed,,0,0,,50,,Off,0,0,,76,Auckland,Traffic Signals,,,,,0,1,Urban,0,,,Fine,None
1756431.898,5927043.6872,860497,,507900,0,,0,2,,South,2025/2026,NORTHCOTE ROAD OFF RAMP,NORTHCOTE ROAD,,Non-Injury Crash,No,2025,,North,,0,,Hill Road,,,,,,Overcast,303501,0,0,0,2,,,0,,,,,,Auckland Region,Motorway ramp,1-way,Sealed,,0,0,,100,,Off,0,0,,76,Auckland,Nil,,,,,0,0,Open,0,,,Fine,Null
1755335.2196,5924713.541,860500,,509800,0,0,0,1,0,Null,2023/2024,ONEWA ROAD,NUTSEY AVENUE,,Non-Injury Crash,No,2023,0,East,0,0,1,Hill Road,0,,0,,0,Overcast,359400,0,0,0,4,0,0,0,0,0,,0,0,Auckland Region,Nil,2-way,Sealed,0,0,0,0,50,0,Off,0,0,,76,Auckland,Give way,0,0,0,0,0,0,Urban,1,0,0,Light rain,Null
1754227.9186,5929230.6427,860501,,508420,0,0,0,2,0,South,2025/2026,WAIRAU ROAD,HOGANS ROAD,,Non-Injury Crash,No,2025,0,East,0,0,0,Flat,0,,0,,0,Overcast,183400,0,0,0,2,0,0,0,0,1,,0,0,Auckland Region,Nil,2-way,Sealed,0,0,0,0,50,0,Off,0,0,,76,Auckland,Nil,0,0,0,0,0,0,Urban,1,0,0,Fine,Null
1762702.2785,5913011.9871,860504,,520402,0,0,0,1,0,West,2022/2023,SOUTHERN MOTORWAY,SOUTH-EASTERN HWY OFF RAMP,,Non-Injury Crash,Yes,2023,0,East,0,0,0,Flat,1,,0,,0,Dark,642400,0,0,0,3,0,0,0,0,0,,0,0,Auckland Region,Nil,1-way,Sealed,0,0,0,0,100,0,On,0,0,,76,Auckland,Nil,0,0,0,0,0,0,Open,0,0,0,Light rain,Null
1762312.8115,5913453.3974,860505,,520402,0,,0,1,,South,2025/2026,SOUTHERN MOTORWAY,PENROSE OBR,,Non-Injury Crash,Yes,2025,,South,,0,,Flat,,,,,,Overcast,642200,0,0,0,3,,,0,,,,,,Auckland Region,Nil,1-way,Sealed,,0,0,,100,,Off,0,0,,76,Auckland,Nil,,,,,0,1,Open,1,,,Light rain,Strong wind
1744141.2403,5944854.8832,860508,,506614,0,0,0,1,0,South,2022/2023,WHITEHILLS ROAD,HAWKES ACCESS ROAD,,Non-Injury Crash,No,2023,0,North,1,0,0,Flat,0,,0,,0,Dark,177500,0,0,0,2,0,0,0,0,0,,0,0,Auckland Region,Nil,2-way,Sealed,0,0,0,0,100,0,None,0,0,,76,Auckland,Nil,0,0,0,0,0,0,Open,0,0,0,Mist or Fog,Null
1772920.3903,5897548.5579,860509,,523912,0,,0,0,,West,2025/2026,BATTALION DRIVE,REGIMENT ROAD,,Non-Injury Crash,No,2025,,West,,0,,Flat,,Christmas New Year,,,,Overcast,765600,0,0,1,2,,,0,,,,,,Auckland Region,Nil,2-way,Sealed,,0,0,,50,,Off,1,0,,76,Auckland,Nil,,,,,0,0,Urban,0,,,Fine,Null
1766871.6152,5903843.371,860510,,524604,0,,0,1,,Null,2023/2024,LAMBIE DRIVE,LAMBIE DRIVE OFF RAMP,,Non-Injury Crash,No,2024,,North,,0,,Flat,,,,,,Overcast,780210,0,0,0,3,,,0,,,,,,Auckland Region,Nil,2-way,Sealed,,0,0,,50,,Off,1,0,,76,Auckland,Traffic Signals,,,,,0,0,Urban,0,,,Fine,None
1756626.3399,5937612.7641,860517,,506903,0,,0,1,,North,2025/2026,WILLIS STREET,TOROA STREET,,Serious Crash,No,2026,,South,,0,,Hill Road,,,,,,Bright sun,169300,0,0,0,2,,,0,,,1,,,Auckland Region,Nil,2-way,Sealed,,0,1,,50,,Off,0,0,,76,Auckland,Nil,,,,,0,0,Urban,0,,,Fine,Null
1756742.1166,5913162.2748,860518,,518701,0,,0,1,,Null,2024/2025,HAUGHEY AVENUE,HILLSBOROUGH ROAD,,Non-Injury Crash,No,2024,,East,,0,,Flat,,,,,,Dark,568700,0,0,0,2,,,0,,,,,,Auckland Region,Nil,2-way,Sealed,,0,0,,50,,On,0,0,,76,Auckland,Stop,,,,,0,1,Urban,0,,,Null,Null
1760217.7616,5922650.1792,860520,,509400,0,0,0,1,0,West,2022/2023,CALLIOPE ROAD,VICTORIA ROAD,,Non-Injury Crash,No,2023,0,West,0,0,0,Flat,0,Easter,0,,0,Unknown,329400,0,0,0,2,0,0,0,0,1,,0,0,Auckland Region,Nil,2-way,Sealed,0,0,0,0,50,0,Null,0,0,,76,Auckland,Nil,0,0,0,0,0,0,Urban,0,0,0,Null,Null
1770207.2389,5899069.7216,860521,,523920,0,,0,2,,Null,2024/2025,GREAT SOUTH ROAD,MANUIA ROAD,,Non-Injury Crash,No,2025,,South,,0,,Flat,,,,,,Dark,768005,0,0,0,4,,,0,,,,,,Auckland Region,Nil,2-way,Sealed,,0,0,,50,,On,0,0,,76,Auckland,Stop,,,,,0,0,Urban,0,,,Fine,Null
1757137.1027,5912547.7426,860522,,518702,0,,0,4,,North,2023/2024,SOUTH-WESTERN MOTORWAY,HILLSBOROUGH ROAD ON RAMP,,Non-Injury Crash,Yes,2024,,South,,0,,Flat,,,,,,Dark,570300,0,0,0,3,,,0,,,,,,Auckland Region,Motorway ramp,1-way,Sealed,,0,0,,100,,On,1,0,,76,Auckland,Nil,,,,,0,0,Open,0,,,Light rain,Null
1758437.7242,5945566.4693,860524,,505902,1,,0,1,,South,2023/2024,WHANGAPARAOA ROAD,CAPITOL ROAD,,Minor Crash,No,2024,,South,,0,,Hill Road,,,,,,Bright sun,174703,1,0,0,2,,,0,,,,,,Auckland Region,Nil,2-way,Sealed,,0,0,,50,,Off,0,0,,76,Auckland,Nil,,,,,0,0,Urban,0,,,Fine,Null
1756306.8465,5920671.2699,860530,,514102,0,,0,2,,South,2023/2024,NORTHERN MOTORWAY,VICTORIA PARK VDT,,Non-Injury Crash,Yes,2024,,South,,0,,Flat,,Queens Birthday,,,,Dark,432500,0,0,0,4,,,0,,,,,,Auckland Region,Nil,1-way,Sealed,,0,0,,80,,On,0,0,,76,Auckland,Nil,,,,,1,0,Open,0,,,Light rain,Null
1754569.798,5927165.3721,860532,,508620,0,,0,2,,South,2022/2023,BEATRICE AVENUE,NEA PLACE,,Non-Injury Crash,No,2023,,South,,0,,Hill Road,,,,,,Overcast,204900,0,0,0,0,,,0,,,,,,Auckland Region,Nil,2-way,Sealed,,0,0,,50,,Off,0,0,,76,Auckland,Nil,,,,,0,0,Urban,0,,,Fine,Null
1751638.7971,5912838.5314,860538,,514700,0,,0,2,,North,2024/2025,BLOCKHOUSE BAY ROAD,BOLTON STREET,,Non-Injury Crash,No,2024,,South,,0,,Hill Road,,,,,,Bright sun,370300,0,0,0,2,,,0,,,,,,Auckland Region,Nil,2-way,Sealed,,0,0,,50,,Off,0,0,,76,Auckland,Nil,,,,,0,0,Urban,0,,,Fine,Null
1769237.9826,5907482.3122,860544,,523711,0,,0,2,,West,2022/2023,ORMISTON ROAD,TE IRIRANGI DRIVE,,Non-Injury Crash,No,2023,,East,,0,,Flat,,,,,,Bright sun,712304,0,0,0,4,,,0,,,,,,Auckland Region,Nil,2-way,Sealed,,0,0,,60,,Off,0,0,,76,Auckland,Nil,,,,,0,0,Urban,0,,,Fine,Null
1769368.0345,5901068.2964,860545,,524901,0,0,0,1,0,North,2024/2025,CLAUDE ROAD,ALFRISTON ROAD,,Non-Injury Crash,No,2025,0,West,0,0,0,Hill Road,0,,1,,0,Dark,757400,0,0,0,2,0,0,0,0,0,,0,0,Auckland Region,Nil,2-way,Sealed,0,0,0,0,50,0,On,0,0,,76,Auckland,Nil,0,0,0,0,0,0,Urban,0,0,0,Fine,Null
1765379.5873,5907082.816,860548,,522201,0,,0,1,,North,2023/2024,SHIRLEY ROAD,RICHARDS AVENUE,,Minor Crash,No,2023,,East,,0,,Flat,,,,,,Overcast,661100,1,0,1,3,,,0,,,,,,Auckland Region,Nil,2-way,Sealed,,0,0,,50,,Null,0,0,,76,Auckland,Nil,,,,,0,0,Urban,0,,,Light rain,Null
1754110.4681,5927848.8827,860550,,508310,0,0,0,2,0,East,2024/2025,BENTLEY AVENUE,DOWNING STREET,,Non-Injury Crash,No,2024,0,West,0,0,0,Flat,0,,0,,0,Dark,200500,0,0,0,2,0,0,0,0,1,,0,0,Auckland Region,Nil,2-way,Sealed,0,0,0,0,50,0,On,0,0,,76,Auckland,Nil,0,0,0,0,0,0,Urban,0,0,0,Fine,Null
1762969.1958,5913098.2469,860553,,520402,0,,0,2,,Null,2024/2025,WHITFORD AVENUE,ARANUI ROAD,,Non-Injury Crash,No,2025,,West,,0,,Flat,,,,,,Dark,641200,0,0,0,1,,,0,,,,,,Auckland Region,Nil,1-way,Sealed,,0,0,,50,,On,0,0,,76,Auckland,Give way,,,,,0,0,Urban,0,,,Fine,Null
1753157.0449,5927100.1492,860568,,508210,0,0,0,1,0,West,2022/2023,SEAVIEW ROAD,STANLEY ROAD,,Non-Injury Crash,No,2023,0,West,0,0,0,Flat,0,,0,,0,Dark,188002,0,0,0,2,0,0,0,0,1,,0,0,Auckland Region,Nil,2-way,Sealed,0,0,0,0,50,0,On,0,0,,76,Auckland,Nil,0,0,0,0,0,0,Urban,1,0,0,Light rain,Null
1741125.6876,5921963.6281,860577,,513701,0,,0,1,,Null,2024/2025,RED HILLS ROAD,SUNNYVALE ROAD,,Non-Injury Crash,No,2025,,East,,0,,Null,,,,,,Unknown,229800,0,0,0,2,,,0,,,,,,Auckland Region,Nil,2-way,Sealed,,0,0,,80,,Null,1,0,,76,Auckland,Stop,,,,,0,0,Open,0,,,Fine,Null
1749532.3418,5948447.036,860578,,505806,1,,0,1,,Null,2024/2025,ARRAN DRIVE,MILLWATER PARKWAY,,Minor Crash,No,2024,,South,,0,,Flat,,,,,,Bright sun,176501,1,0,0,2,,,0,,,,,,Auckland Region,Nil,2-way,Sealed,,0,0,,50,,Off,0,0,,76,Auckland,Give way,,,,,0,0,Urban,0,,,Fine,Null
1743096.6438,5926709.8139,860580,,513410,0,,0,0,,West,2022/2023,BRIGHAM CREEK ROAD,JOSEPH MCDONALD DRIVE,,Non-Injury Crash,No,2023,,East,,0,,Hill Road,,,,,,Overcast,223200,0,0,0,2,,,0,,,,,,Auckland Region,Nil,2-way,Unsealed,,0,0,,80,,None,0,0,,76,Auckland,Nil,,,,,3,0,Open,0,,,Fine,Null
1769890.4193,5900848.0505,860584,,524902,0,,0,1,,South,2022/2023,SOUTHERN MOTORWAY,ALFRISTON OBR,,Non-Injury Crash,Yes,2023,,North,,0,,Flat,,,,,,Overcast,757700,0,0,0,3,,,0,,,,,,Auckland Region,Nil,1-way,Sealed,,0,0,,100,,Off,0,0,,76,Auckland,Nil,,,,,0,0,Open,1,,,Light rain,Null
1768790.8023,5910543.459,860585,,523112,0,,0,1,,Null,2025/2026,NEALES ROAD,HARRIS ROAD,,Non-Injury Crash,No,2025,,East,,0,,Flat,,,,,,Twilight,711500,0,0,0,4,,,0,,,,,,Auckland Region,Nil,2-way,Sealed,,0,0,,50,,On,0,0,,76,Auckland,Give way,,,,,0,0,Urban,1,,,Fine,Null
1761805.6874,5914000.9316,860590,,520202,0,,0,2,,East,2023/2024,SOUTHERN MOTORWAY,ELLERSLIE-PANMURE HWY OFF RAMP,,Non-Injury Crash,Yes,2024,,West,,0,,Flat,,,,,,Twilight,612300,0,0,0,3,,,0,,,,,,Auckland Region,Nil,1-way,Sealed,,0,0,,100,,On,0,0,,76,Auckland,Nil,,,,,0,0,Open,0,,,Fine,Null
1743549.8057,5975573.8072,860599,,506661,0,0,0,1,0,North,2023/2024,SH 1,WAIWHIU CONICAL PEAK ROAD,,Non-Injury Crash,Yes,2023,0,North,0,0,0,Flat,0,,0,,0,Dark,138900,0,0,0,2,0,0,0,0,0,,0,0,Auckland Region,Nil,2-way,Sealed,0,0,0,0,80,0,None,0,0,,76,Auckland,Nil,0,0,0,1,0,0,Open,0,0,0,Light rain,Null
1744973.6021,5919220.9455,860601,,513301,0,,0,1,,Null,2023/2024,POMARIA ROAD,PEARA PLACE,,Minor Crash,No,2023,,East,,0,,Flat,,,,,,Bright sun,232101,1,0,0,2,,,0,,,1,,,Auckland Region,Nil,2-way,Sealed,,0,0,,50,,Off,0,0,30,76,Auckland,Nil,,,,,0,0,Urban,0,,,Fine,Null
1767269.327,5910069.3089,860605,35,523112,0,,0,2,,Null,2023/2024,KERWYN AVENUE,PUKEKIWIRIKI PLACE,,Minor Crash,No,2023,,South,,0,,Flat,,,,,,Bright sun,711301,1,0,0,2,,,0,,,,,,Auckland Region,Nil,2-way,Sealed,,0,0,,50,,Off,0,0,,76,Auckland,Give way,,,,,0,0,Urban,0,,,Fine,None
1759051.9179,5903818.118,860619,,524200,0,,0,0,,Null,2023/2024,GEORGE BOLT MEMORIAL DRIVE,JOHN GOULTER DRIVE,,Minor Crash,No,2023,,South,,0,,Flat,,,,,,Overcast,727200,1,0,0,2,,,0,,,,,,Auckland Region,Nil,1-way,Sealed,,0,0,,50,,Off,1,0,,76,Auckland,Traffic Signals,,,,,0,0,Urban,1,,,Light rain,Null
1746177.1626,5924913.5978,860624,,513522,0,0,0,2,0,North,2025/2026,MARINA VIEW DRIVE,WISELEY ROAD,,Non-Injury Crash,No,2025,0,North,0,0,0,Null,0,,0,,0,Dark,224105,0,0,0,2,0,0,0,0,1,,0,0,Auckland Region,Nil,2-way,Sealed,0,0,0,0,50,0,On,0,0,,76,Auckland,Nil,0,0,0,0,0,0,Urban,0,0,0,Fine,Null
1772211.7743,5913958.4637,860632,,521602,0,,0,2,,Null,2024/2025,COOK STREET,RODNEY STREET,,Non-Injury Crash,No,2025,,East,,0,,Hill Road,,,,,,Bright sun,649800,0,0,0,2,,,0,,,,,,Auckland Region,Nil,2-way,Sealed,,0,0,,50,,Off,0,0,,76,Auckland,Give way,,,,,0,0,Urban,0,,,Fine,Null
1768200.3069,5901515.8174,860639,,525001,0,,0,1,,South,2024/2025,MAICH ROAD,RUTH STREET,,Serious Crash,No,2024,,North,,0,,Hill Road,,,,,,Bright sun,751200,0,0,0,2,,,0,,,,,,Auckland Region,Nil,2-way,Sealed,,0,1,,50,,Off,0,0,30,76,Auckland,Nil,,,,,0,0,Urban,0,,,Fine,Null
1765475.4512,5899416.1399,860641,,524822,0,,0,1,,Null,2022/2023,PALMERS ROAD,FINLAYSON AVENUE,,Non-Injury Crash,No,2023,,West,,0,,Flat,,,,,,Bright sun,774422,0,0,0,2,,,0,,,,,,Auckland Region,Nil,1-way,Sealed,,0,0,,50,,Off,0,0,,76,Auckland,Give way,,,,,0,1,Urban,0,,,Fine,None
1771997.6265,5897241.8599,860643,,525420,0,0,0,1,0,Null,2023/2024,GREAT SOUTH ROAD,TRENTHAM ROAD,,Non-Injury Crash,No,2023,0,North,0,0,1,Flat,0,,0,,0,Overcast,790800,0,0,0,2,0,0,0,0,0,,0,0,Auckland Region,Nil,2-way,Sealed,0,0,0,0,50,0,On,0,0,,76,Auckland,Stop,0,0,0,0,0,0,Urban,0,0,0,Fine,Null
1750198.2962,5955960.5229,860647,,506613,0,0,0,1,0,South,2023/2024,SH 1,TITFORDS BR,,Non-Injury Crash,Yes,2024,0,South,0,0,0,Hill Road,1,,0,,0,Overcast,147000,0,0,0,1,0,0,0,0,0,,0,0,Auckland Region,Nil,1-way,Sealed,0,0,0,0,80,0,Off,0,0,,76,Auckland,Nil,0,0,0,0,0,0,Open,0,0,0,Fine,Null
1754208.1116,5933851.4572,860651,,508804,0,,0,2,,Null,2023/2024,GREVILLE ROAD,HAURAKI CRESCENT,,Non-Injury Crash,No,2024,,North,,0,,Flat,,,,,,Overcast,180711,0,0,0,2,,,0,,,,,,Auckland Region,Nil,2-way,Sealed,,0,0,,50,,Off,0,0,,76,Auckland,Give way,,,,,0,0,Urban,0,,,Fine,Null
1745061.5947,5917740.3953,860655,,510700,0,,0,2,,Null,2022/2023,GREAT NORTH ROAD,LINCOLN ROAD,,Non-Injury Crash,No,2023,,West,,0,,Flat,,,,,,Dark,239501,0,0,0,4,,,0,,,,,,Auckland Region,Nil,2-way,Sealed,,0,0,,50,,On,0,0,,76,Auckland,Traffic Signals,,,,,0,0,Urban,0,,,Fine,Null
1774235.7031,5895571.8304,860661,,525510,0,,0,1,,South,2023/2024,HUNUA ROAD,CALVERT STREET,,Non-Injury Crash,No,2024,,North,,0,,Flat,,,,,,Overcast,801500,0,0,0,2,,,0,,,,,,Auckland Region,Nil,2-way,Sealed,,0,0,,50,,None,0,0,,76,Auckland,Nil,,,,,0,0,Urban,1,,,Fine,Strong wind
1755461.9383,5944576.5999,860667,,505908,0,0,0,1,0,North,2022/2023,PENTON ROAD,KAURI ROAD,,Non-Injury Crash,No,2023,0,North,0,0,0,Hill Road,0,,0,,0,Overcast,173604,0,0,0,2,0,0,0,0,1,,0,0,Auckland Region,Nil,2-way,Sealed,0,0,0,0,50,0,Off,0,0,,76,Auckland,Nil,0,0,0,0,0,0,Urban,1,0,0,Light rain,Null
1762137.833,5906212.5302,860678,,524200,0,,0,4,,South,2023/2024,SOUTH-WESTERN MOTORWAY,MASSEY ROAD ON RAMP,,Minor Crash,Yes,2023,,South,,0,,Flat,,,,,,Twilight,728900,2,0,0,2,,,0,,,,,,Auckland Region,Nil,1-way,Sealed,,0,0,,100,,On,0,0,,76,Auckland,Nil,,,,,0,0,Open,0,,,Fine,Null
1756127.1644,5923868.615,860680,,509800,0,,0,2,,South,2023/2024,NORTHERN MOTORWAY,ONEWA ROAD ON RAMP,,Non-Injury Crash,Yes,2023,,South,,0,,Flat,,,,,,Overcast,361200,0,0,0,5,,,0,,,,,,Auckland Region,Nil,1-way,Sealed,,0,0,,80,,Off,0,0,,76,Auckland,Nil,,,,,0,0,Open,0,,,Light rain,Null
1762088.5018,5916961.3859,860683,,516301,0,0,0,0,0,Null,2025/2026,REMUERA ROAD,KORAHA STREET,,Minor Crash,No,2025,0,West,0,0,1,Hill Road,0,,0,,0,Bright sun,459000,1,0,1,4,0,0,0,0,0,,0,0,Auckland Region,Nil,2-way,Sealed,0,0,0,0,50,0,Off,1,0,,76,Auckland,Stop,0,0,0,0,0,0,Urban,0,0,0,Fine,Null