X,Y,OBJECTID,advisorySpeed,areaUnitID,bicycle,bridge,bus,carStationWagon,cliffBank,crashDirectionDescription,crashFinancialYear,crashLocation1,crashLocation2,crashRoadSideRoad,crashSeverity,crashSHDescription,crashYear,debris,directionRoleDescription,ditch,fatalCount,fence,flatHill,guardRail,holiday,houseOrBuilding,intersection,kerb,light,meshblockId,minorInjuryCount,moped,motorcycle,NumberOfLanes,objectThrownOrDropped,otherObject,otherVehicleType,overBank,parkedVehicle,pedestrian,phoneBoxEtc,postOrPole,region,roadCharacter,roadLane,roadSurface,roadworks,schoolBus,seriousInjuryCount,slipOrFlood,speedLimit,strayAnimal,streetLight,suv,taxi,temporarySpeedLimit,tlaId,tlaName,trafficControl,trafficIsland,trafficSign,train,tree,truck,unknownVehicleType,urban,vanOrUtility,vehicle,waterRiver,weatherA,weatherB
1766480.5205,5912823.3456,860684,,522920,0,0,0,0,0,West,2024/2025,PAKURANGA HIGHWAY,TI RAKAU DRIVE,,Minor Crash,No,2025,0,West,0,0,0,Flat,1,,0,,0,Overcast,683800,1,0,1,2,0,0,0,0,0,,0,0,Auckland Region,Nil,1-way,Sealed,0,0,0,0,80,0,Off,0,0,70,76,Auckland,Nil,0,0,0,0,0,0,Open,0,0,0,Fine,Strong wind
1763869.1172,5906951.7323,860687,,524301,0,0,0,3,0,North,2024/2025,GRAY AVENUE,HANGA PLACE,,Non-Injury Crash,No,2025,0,South,0,0,0,Flat,0,Christmas New Year,0,,0,Bright sun,656600,0,0,0,2,0,0,0,0,2,,0,0,Auckland Region,Nil,2-way,Sealed,0,0,0,0,50,0,Off,0,0,,76,Auckland,Nil,0,0,0,0,0,0,Urban,0,0,0,Fine,Null
1745748.0149,5913944.9373,860688,,511001,0,0,0,2,0,Null,2024/2025,WEST COAST ROAD,GLEN CLOSE,,Minor Crash,No,2024,0,East,0,0,0,Flat,0,,0,,0,Overcast,282400,1,0,0,2,0,0,0,0,1,,0,0,Auckland Region,Nil,2-way,Sealed,0,0,0,0,50,0,Off,0,0,,76,Auckland,Nil,0,0,0,0,0,0,Urban,0,0,0,Fine,Null
1767417.4542,5906694.266,860692,,523602,0,0,0,0,0,North,2024/2025,BAIRDS ROAD,GUTHREY PLACE,,Non-Injury Crash,No,2024,0,South,0,0,0,Flat,0,,0,,0,Dark,706000,0,0,0,2,0,0,0,0,0,,0,1,Auckland Region,Nil,2-way,Sealed,0,0,0,0,50,0,On,0,0,,76,Auckland,Nil,0,0,0,0,0,0,Urban,0,0,0,Light rain,Null
1757183.5474,5912510.5557,860694,,518702,0,,0,3,,Null,2023/2024,SOUTH-WESTERN MOTORWAY,HILLSBOROUGH ROAD ON RAMP,,Non-Injury Crash,Yes,2023,,South,,0,,Flat,,,,,,Overcast,570300,0,0,0,3,,,0,,,,,,Auckland Region,Nil,1-way,Sealed,,0,0,,100,,Off,0,0,,76,Auckland,Nil,,,,,0,0,Open,1,,,Light rain,Null
1766963.0205,5904708.2805,860704,,524604,0,,0,0,,West,2023/2024,CAVENDISH DRIVE,SHARKEY STREET,,Non-Injury Crash,No,2024,,West,,0,,Flat,,,,,,Dark,780209,0,0,0,2,,,0,,,,,,Auckland Region,Nil,1-way,Sealed,,0,0,,60,,On,2,0,,76,Auckland,Nil,,,,,0,0,Urban,0,,,Fine,Null
1773804.3129,5897285.749,860727,,525630,0,0,0,1,0,North,2024/2025,BUNNYTHORPE ROAD,NAGRA LANE,,Non-Injury Crash,No,2024,0,South,0,0,1,Flat,0,,0,,0,Bright sun,795500,0,0,0,2,0,0,0,0,0,1,0,0,Auckland Region,Nil,2-way,Sealed,0,0,0,0,50,0,Off,0,0,,76,Auckland,Nil,0,0,0,0,0,0,Urban,0,0,0,Fine,Null
1783040.4224,5927033.0191,860730,,520801,0,,0,1,,North,2022/2023,CRESCENT ROAD WEST,CRESCENT ROAD EAST,,Non-Injury Crash,No,2023,,Null,,0,,Flat,,Christmas New Year,,,,Dark,515201,0,0,0,2,,,0,,,,,,Auckland Region,Nil,2-way,Sealed,,0,0,,50,,None,0,0,,76,Auckland,Nil,,,,,0,0,Urban,0,,,Light rain,Null
1753087.4946,5937324.9167,860731,55,506300,0,0,0,2,0,North,2024/2025,EAST COAST ROAD,OKURA RIVER ROAD,,Minor Crash,No,2025,0,South,0,0,0,Flat,0,,0,,0,Bright sun,176104,1,0,0,2,0,2,0,0,0,,0,0,Auckland Region,Nil,2-way,Sealed,0,0,0,0,80,0,Off,0,0,,76,Auckland,Nil,0,0,0,0,1,0,Open,0,0,0,Fine,Null
1766161.4108,5900241.2419,860739,,524713,0,0,0,1,0,East,2024/2025,SHARLAND AVENUE,ROSCOMMON ROAD,,Non-Injury Crash,No,2024,0,East,0,0,0,Flat,0,,0,,0,Overcast,775820,0,0,0,2,0,0,0,0,0,,0,0,Auckland Region,Nil,2-way,Sealed,0,0,0,0,30,0,Off,1,0,,76,Auckland,Nil,0,0,0,0,0,0,Urban,0,1,0,Light rain,Null
1751907.7782,5933789.3956,860747,,508701,0,,0,1,,Null,2024/2025,DAIRY FLAT HIGHWAY,COLISEUM DRIVE,,Non-Injury Crash,No,2025,,South,,0,,Flat,,,,,,Overcast,178900,0,0,0,2,,,0,,,,,,Auckland Region,Nil,1-way,Sealed,,0,0,,80,,Off,0,0,,76,Auckland,Traffic Signals,,,,,0,0,Open,1,,,Light rain,Null
1755276.0885,5936929.2252,860755,,506902,0,0,0,0,0,North,2024/2025,GLAMORGAN DRIVE,GEOFFREY ROAD,,Minor Crash,No,2025,0,North,0,0,0,Hill Road,0,Queens Birthday,0,,1,Dark,166304,1,0,1,2,0,0,0,0,0,,0,0,Auckland Region,Nil,2-way,Sealed,0,0,0,0,50,0,On,0,0,,76,Auckland,Nil,0,0,0,0,0,0,Urban,0,0,0,Light rain,Null
1772688.208,5895987.747,860760,,525410,0,,0,1,,Null,2023/2024,EAST STREET,WELLINGTON STREET,,Minor Crash,No,2024,,South,,0,,Flat,,,,,,Bright sun,792301,1,0,0,2,,,0,,,1,,,Auckland Region,Nil,2-way,Sealed,,0,0,,50,,Off,0,0,,76,Auckland,Give way,,,,,0,0,Urban,0,,,Fine,Null
1765651.9374,5908443.2304,860767,,523403,0,,0,4,,South,2024/2025,SOUTHERN MOTORWAY,HIGHBROOK DRIVE OFF RAMP,,Non-Injury Crash,Yes,2024,,North,,0,,Flat,,,,,,Bright sun,696400,0,0,0,3,,,0,,,,,,Auckland Region,Nil,1-way,Sealed,,0,0,,100,,Off,0,0,,76,Auckland,Nil,,,,,0,0,Open,0,,,Fine,Null
1758125.2768,5915482.3015,860768,,519300,0,,0,1,,Null,2022/2023,GREEN LANE WEST,MANUKAU ROAD,,Non-Injury Crash,No,2023,,West,,0,,Flat,,,,,,Overcast,623100,0,0,0,2,,,0,,,,,,Auckland Region,Nil,1-way,Sealed,,0,0,,50,,Off,0,0,,76,Auckland,Traffic Signals,,,,,0,0,Urban,1,,,Light rain,Null
1757212.7714,5926966.7536,860772,,507900,0,,0,2,,Null,2022/2023,TAHAROTO ROAD,FRED THOMAS DRIVE,,Non-Injury Crash,No,2023,,East,,0,,Flat,,,,,,Dark,305000,0,0,0,5,,,0,,,,,,Auckland Region,Nil,2-way,Sealed,,0,0,,50,,On,0,0,,76,Auckland,Traffic Signals,,,,,0,0,Urban,0,,,Heavy rain,Null
1762773.3345,5905617.4833,860778,,524200,0,0,0,1,0,North,2024/2025,SOUTH-WESTERN MOTORWAY,PORTAGE OBR,,Minor Crash,Yes,2024,0,North,0,0,0,Flat,1,,0,,0,Dark,729100,3,0,0,2,0,0,0,0,0,,0,0,Auckland Region,Nil,1-way,Sealed,0,0,0,0,100,0,On,1,0,,76,Auckland,Nil,0,0,0,0,0,0,Open,1,0,0,Fine,Null
1758343.3058,5917692.4005,860780,,515700,0,,0,2,,West,2023/2024,SOUTHERN MOTORWAY,NEWMARKET VDT,,Non-Injury Crash,Yes,2024,,North,,0,,Flat,,,,,,Bright sun,443401,0,0,0,3,,,0,,,,,,Auckland Region,Overpass,1-way,Sealed,,0,0,,80,,Off,0,0,,76,Auckland,Nil,,,,,0,0,Open,0,,,Fine,Null
1756938.2625,5929330.8159,860782,,507800,0,0,0,0,1,South,2023/2024,STANLEY AVENUE,EAST COAST ROAD,,Non-Injury Crash,No,2023,0,North,0,0,0,Flat,0,,0,,0,Bright sun,308500,0,0,0,2,0,0,0,0,0,,0,0,Auckland Region,Nil,1-way,Sealed,0,0,0,0,50,0,Off,0,0,,76,Auckland,Nil,0,0,0,0,1,0,Urban,0,0,0,Fine,Null
1753569.2056,5927959.2821,860783,,508210,0,,0,1,,Null,2024/2025,GLENFIELD ROAD,KAIPATIKI ROAD,,Non-Injury Crash,No,2025,,North,,0,,Flat,,,,,,Overcast,186500,0,0,0,4,,,0,,,,,,Auckland Region,Nil,2-way,Sealed,,0,0,,50,,Off,0,0,,76,Auckland,Give way,,,,,0,0,Urban,1,,,Fine,Null
1769897.9107,5899916.0171,860784,,523817,0,0,0,0,0,North,2023/2024,SOUTHERN MOTORWAY,PAPAKURA STM BR,,Non-Injury Crash,Yes,2023,0,South,0,0,0,Flat,1,,0,,0,Bright sun,759739,0,0,0,3,0,0,0,0,0,,0,0,Auckland Region,Motorway ramp,1-way,Sealed,0,0,0,0,100,0,Off,0,0,,76,Auckland,Nil,0,0,0,0,1,0,Open,0,0,0,Fine,Null
1763729.032,5912643.5163,860787,,520500,0,,0,1,,North,2023/2024,SOUTHERN MOTORWAY,MT WGTN OBR,,Non-Injury Crash,Yes,2024,,South,,0,,Flat,,,,,,Dark,637400,0,0,0,3,,,0,,,,,,Auckland Region,Nil,1-way,Sealed,,0,0,,100,,Null,0,0,30,76,Auckland,Nil,,,,,0,1,Open,0,,,Fine,None
1767623.4435,5913516.9988,860792,,522910,0,0,0,1,0,Null,2023/2024,GREENHILL CRESCENT,PAKURANGA ROAD,,Non-Injury Crash,No,2023,0,North,0,0,0,Flat,0,,0,,0,Dark,685400,0,0,0,2,0,0,0,0,0,,0,1,Auckland Region,Nil,2-way,Sealed,0,0,0,0,60,0,On,0,0,,76,Auckland,Give way,0,0,0,0,0,0,Urban,0,0,0,Heavy rain,Null
1748145.5239,5914138.7614,860794,,511100,0,0,0,1,0,Null,2023/2024,GREAT NORTH ROAD,ARCHIBALD ROAD,,Non-Injury Crash,No,2024,0,South,0,0,0,Flat,0,,0,,0,Dark,285403,0,0,0,2,0,0,0,0,1,,0,0,Auckland Region,Nil,1-way,Sealed,0,0,0,0,50,0,On,2,0,,76,Auckland,Traffic Signals,0,0,0,0,0,1,Urban,0,0,0,Fine,Null
1752577.1989,5934774.3086,860799,,508701,0,0,0,0,0,Null,2025/2026,OTEHA VALLEY ROAD,MUNROE LANE,,Non-Injury Crash,No,2025,0,East,0,0,0,Flat,0,,0,,0,Dark,178501,0,0,0,2,0,0,0,0,0,,0,1,Auckland Region,Nil,1-way,Sealed,0,0,0,0,50,0,On,0,0,,76,Auckland,Give way,0,0,0,0,0,0,Urban,1,0,0,Fine,Null
1765163.5195,5903703.2003,860802,,524604,0,0,0,1,0,Null,2023/2024,SOUTH-WESTERN MOTORWAY,CAVENDISH DRIVE OFF RAMP,,Non-Injury Crash,Yes,2024,0,West,0,0,1,Flat,0,,0,,0,Dark,781302,0,0,0,2,0,0,0,0,0,,0,0,Auckland Region,Motorway ramp,1-way,Sealed,0,0,0,0,100,0,On,0,0,,76,Auckland,Nil,0,0,0,0,0,0,Open,0,0,0,Light rain,Null
1754944.3969,5931823.1447,860803,,508805,0,,0,1,,Null,2025/2026,CONSTELLATION DRIVE,APOLLO DRIVE,,Non-Injury Crash,No,2025,,East,,0,,Flat,,,,,,Twilight,180813,0,0,0,4,,,0,,,,,,Auckland Region,Nil,2-way,Sealed,,0,0,,50,,Off,0,0,,76,Auckland,Traffic Signals,,,,,0,0,Urban,1,,,Fine,Null
1754134.4792,5912928.395,860806,,518901,0,0,0,4,0,South,2023/2024,CORMACK STREET,PENNEY AVENUE,,Non-Injury Crash,No,2023,0,South,0,0,0,Flat,0,,0,,0,Bright sun,585900,0,0,0,2,0,0,0,0,2,,0,0,Auckland Region,Nil,2-way,Sealed,0,0,0,0,50,0,Off,0,0,,76,Auckland,Nil,0,0,0,0,0,0,Urban,1,0,0,Fine,Null
1771062.088,5907863.3159,860811,,523713,0,0,0,2,0,West,2025/2026,STANCOMBE ROAD,WYON WAY,,Minor Crash,Unknown,2026,0,East,0,0,0,Flat,0,,0,,0,Overcast,712401,1,0,0,2,0,0,0,0,0,,0,0,Auckland Region,Nil,2-way,Sealed,0,0,0,0,60,0,Off,0,0,,76,Auckland,Nil,0,0,0,1,0,0,Urban,0,0,0,Fine,Null
1758367.2004,5917694.5533,860812,,515700,0,,0,2,,West,2023/2024,SOUTHERN MOTORWAY,NEWMARKET VDT,,Minor Crash,Yes,2024,,East,,0,,Flat,,,,,,Dark,443300,1,0,0,4,,,0,,,,,,Auckland Region,Overpass,1-way,Sealed,,0,0,,80,,On,0,0,,76,Auckland,Nil,,,,,0,0,Open,0,,,Fine,Null
1765202.1622,5906228.7189,860815,,522201,0,,0,2,,Null,2025/2026,KOLMAR ROAD,OMAGH AVENUE,,Non-Injury Crash,No,2025,,South,,0,,Flat,,,,,,Dark,662700,0,0,0,2,,,0,,,,,,Auckland Region,Nil,2-way,Sealed,,0,0,,50,,On,0,0,,76,Auckland,Give way,,,,,0,0,Urban,0,,,Fine,Null
1762533.9619,5912729.2459,860816,,520500,0,,0,1,,South,2023/2024,GREAT SOUTH ROAD,SOUTH-EASTERN HIGHWAY,,Non-Injury Crash,No,2023,,South,,0,,Flat,,,,,,Bright sun,637300,0,0,0,5,,,0,,,,,,Auckland Region,Nil,2-way,Sealed,,0,0,,50,,Off,0,0,,76,Auckland,Nil,,,,,0,0,Urban,1,,,Fine,Null
1759216.6804,5913121.5296,860818,,519720,0,0,0,2,0,East,2022/2023,MOUNT SMART ROAD,CAMERON STREET,,Non-Injury Crash,No,2023,0,East,0,0,0,Flat,0,,0,,0,Overcast,596000,0,0,0,2,0,0,0,0,1,,0,0,Auckland Region,Nil,2-way,Sealed,0,0,0,0,50,0,Off,0,0,40,76,Auckland,Nil,0,0,0,0,0,0,Urban,0,0,0,Light rain,Frost
1772478.3737,5896948.687,860819,,525420,0,,0,0,,Null,2025/2026,GREAT SOUTH ROAD,COLES CRESCENT,,Minor Crash,No,2025,,North,,0,,Flat,,,,,,Twilight,790700,2,0,0,2,,,0,,,,,,Auckland Region,Nil,2-way,Sealed,,0,0,,50,,On,0,0,,76,Auckland,Stop,,,,,0,0,Urban,2,,,Fine,Null
1764215.4382,5914232.9984,860824,,520303,0,0,0,1,0,East,2023/2024,TE HORETA ROAD,MOUNT WELLINGTON HIGHWAY,,Non-Injury Crash,No,2023,0,West,0,0,1,Flat,1,,0,,0,Dark,627600,0,0,0,3,0,0,0,0,0,,0,0,Auckland Region,Nil,2-way,Sealed,0,0,0,0,50,0,On,0,0,,76,Auckland,Nil,0,0,0,0,0,0,Urban,0,0,0,Fine,Null
1772822.9819,5900599.8792,860826,,523911,0,0,0,1,0,West,2022/2023,POPES ROAD,MILL ROAD,,Non-Injury Crash,No,2023,0,East,0,0,0,Flat,1,,0,,0,Dark,767203,0,0,0,2,0,0,0,0,0,,0,0,Auckland Region,Nil,2-way,Sealed,0,0,0,0,60,0,None,0,0,,76,Auckland,Nil,0,0,0,0,0,0,Urban,0,0,0,Fine,Null
1769099.513,5900914.0579,860831,,524902,0,,0,4,,West,2024/2025,ALFRISTON ROAD,ALFRISTON COURT,,Non-Injury Crash,No,2025,,East,,0,,Flat,,,,,,Overcast,758200,0,0,0,2,,,0,,,,,,Auckland Region,Nil,2-way,Sealed,,0,0,,50,,On,0,0,,76,Auckland,Nil,,,,,0,0,Urban,0,,,Light rain,Null
1743913.4589,5919800.285,860839,,513212,0,0,0,2,0,East,2025/2026,WOODSIDE ROAD,DON BUCK ROAD,,Non-Injury Crash,No,2025,0,South,0,0,0,Null,0,,0,,0,Dark,235501,0,0,0,2,0,0,0,0,1,,0,0,Auckland Region,Nil,2-way,Sealed,0,0,0,0,50,0,Null,0,0,,76,Auckland,Nil,0,0,0,0,0,0,Urban,0,0,0,Light rain,Null
1753173.3191,5926076.4225,860840,,508220,0,,0,2,,South,2023/2024,ESKDALE ROAD,HOBBY AVENUE,,Minor Crash,No,2024,,North,,0,,Flat,,,,,,Overcast,189103,1,0,0,2,,,0,,,,,,Auckland Region,Nil,2-way,Sealed,,0,0,,50,,Off,0,0,,76,Auckland,Nil,,,,,0,0,Urban,0,,,Fine,Null
1757985.5475,5917971.7954,860848,,515700,0,,0,2,,South,2023/2024,SOUTHERN MOTORWAY,GILLIES AVENUE ON RAMP,,Non-Injury Crash,Yes,2023,,North,,0,,Flat,,,,,,Bright sun,443700,0,0,0,4,,,0,,,,,,Auckland Region,Motorway ramp,1-way,Sealed,,0,0,,80,,Off,0,0,,76,Auckland,Nil,,,,,0,0,Open,0,,,Fine,Null
1774532.8599,5897729.7751,860867,,523813,0,0,0,2,0,East,2025/2026,OLD WAIROA ROAD,ANCROFT STREET,,Minor Crash,No,2025,0,East,0,0,0,Flat,0,,0,,0,Dark,761601,1,0,0,2,0,0,0,0,1,,0,0,Auckland Region,Nil,2-way,Sealed,0,0,0,0,60,0,On,0,0,,76,Auckland,Nil,0,0,0,0,0,0,Urban,0,0,0,Fine,Null
1745830.3985,5922205.4012,860868,,513530,0,0,0,1,0,East,2022/2023,COLWILL ROAD,KINTARA DRIVE,,Non-Injury Crash,No,2023,0,South,0,0,0,Flat,0,,0,,0,Bright sun,226003,0,0,0,2,0,0,0,0,1,,0,0,Auckland Region,Nil,2-way,Sealed,0,0,0,0,50,0,Off,0,0,,76,Auckland,Nil,0,0,0,0,0,0,Urban,0,0,0,Fine,Null
1760667.0435,5906259.598,860887,45,524112,0,,0,2,,Null,2025/2026,MASCOT AVENUE,KEMBLE CLOSE,,Non-Injury Crash,No,2025,,South,,0,,Flat,,,,,,Overcast,741302,0,0,0,2,,,0,,,,,,Auckland Region,Nil,2-way,Sealed,,0,0,,50,,Off,0,0,30,76,Auckland,Give way,,,,,0,0,Urban,0,,,Light rain,Null
1756332.8962,5919075.3615,860894,,515500,0,,0,1,,Null,2022/2023,NEWTON ROAD OFF RAMP,NEWTON ROAD,,Minor Crash,No,2023,,North,,0,,Hill Road,,Queens Birthday,,,,Dark,417600,1,0,0,2,,,0,,,,,,Auckland Region,Motorway ramp,1-way,Sealed,,0,0,,50,,On,0,0,,76,Auckland,Traffic Signals,,,,,0,0,Urban,1,,,Fine,Null
1758027.7351,5917349.2727,860908,,515700,0,,1,1,,Null,2024/2025,GILLIES AVENUE,ALBURY AVENUE,,Minor Crash,No,2025,,North,,0,,Flat,,,,,,Bright sun,457700,1,0,0,4,,,0,,,,,,Auckland Region,Nil,2-way,Sealed,,0,0,,50,,Off,0,0,,76,Auckland,Give way,,,,,0,0,Urban,0,,,Fine,Null
1770502.5945,5897730.3012,860910,,523920,0,,0,1,,North,2023/2024,SOUTHERN MOTORWAY,PAHUREHURE NO 1 BR,,Non-Injury Crash,Yes,2023,,South,,0,,Flat,,,,,,Overcast,768010,0,0,0,3,,,0,,,,,,Auckland Region,Nil,1-way,Sealed,,0,0,,100,,Off,0,0,,76,Auckland,Nil,,,,,0,0,Open,1,,,Fine,Null
1756120.4716,5920537.2492,860915,,514000,0,,0,1,,Null,2024/2025,COLLEGE HILL,BEAUMONT STREET,,Non-Injury Crash,No,2024,,East,,0,,Null,,,,,,Dark,416600,0,0,0,4,,,0,,,,,,Auckland Region,Nil,2-way,Sealed,,0,0,,30,,On,0,0,,76,Auckland,Traffic Signals,,,,,0,1,Urban,0,,,Light rain,Null
1745409.4522,5920840.4984,860916,,513301,0,,0,2,,North,2024/2025,LINCOLN ROAD OFF RAMP,LINCOLN ROAD,,Minor Crash,No,2024,,South,,0,,Hill Road,,Labour Weekend,,,,Bright sun,230200,2,0,0,2,,,0,,,,,,Auckland Region,Motorway ramp,1-way,Sealed,,0,0,,50,,Off,1,0,,76,Auckland,Nil,,,,,0,0,Urban,0,,,Fine,Null
1763702.7853,5904623.9993,860923,,522100,0,,0,1,,Null,2024/2025,SOUTH-WESTERN MOTORWAY,PUHINUI ROAD-SH 20B OFF RAMP,,Non-Injury Crash,Yes,2025,,South,,0,,Flat,,,,,,Overcast,781001,0,0,0,2,,,0,,,,,,Auckland Region,Nil,1-way,Sealed,,0,0,,100,,Off,0,0,,76,Auckland,Nil,,,,,0,0,Open,1,,,Fine,Null
1764390.1789,5917764.3201,860926,,516301,0,0,0,2,0,North,2022/2023,ST JOHNS ROAD,GOWING DRIVE,,Non-Injury Crash,No,2023,0,South,0,0,0,Flat,0,,0,,0,Overcast,461700,0,0,0,2,0,0,0,0,1,,0,0,Auckland Region,Nil,2-way,Sealed,0,0,0,0,50,0,Off,0,0,,76,Auckland,Nil,0,0,0,0,0,0,Urban,0,0,0,Light rain,Strong wind
1760505.2217,5918236.8882,860931,,516201,0,,0,0,,East,2025/2026,MANAWA ROAD,VICTORIA AVENUE,,Non-Injury Crash,No,2025,,West,,0,,Hill Road,,,,,,Bright sun,486100,0,0,0,2,,,0,,,,,,Auckland Region,Nil,2-way,Sealed,,0,0,,50,,Off,0,0,,76,Auckland,Nil,,,,,1,0,Urban,1,,,Fine,Null
1767451.8574,5905778.1541,860935,,522302,0,0,0,1,0,North,2025/2026,SOUTHERN MOTORWAY,REAGAN OBR,,Non-Injury Crash,Yes,2025,0,North,0,0,0,Flat,0,,0,,0,Bright sun,670902,0,0,0,3,0,0,0,0,0,,0,0,Auckland Region,Nil,1-way,Sealed,0,0,0,0,100,0,Off,0,0,,76,Auckland,Nil,0,0,0,0,0,0,Open,1,1,0,Fine,Null
1749032.3093,5913771.733,860938,,511302,0,,0,2,,East,2023/2024,ARAWA STREET,THE CLOSE,,Minor Crash,No,2023,,West,,0,,Flat,,,,,,Overcast,269500,1,0,0,2,,,0,,,,,,Auckland Region,Speed hump,2-way,Sealed,,0,0,,50,,Off,0,0,,76,Auckland,Nil,,,,,0,0,Urban,0,,,Light rain,Null
1752435.9345,5916742.6456,860944,,517901,0,0,0,2,0,West,2023/2024,WOODWARD ROAD,CARRINGTON ROAD,,Non-Injury Crash,No,2024,0,North,0,0,0,Flat,0,,0,,0,Bright sun,524200,0,0,0,2,0,0,0,0,1,,0,0,Auckland Region,Nil,2-way,Sealed,0,0,0,0,50,0,Off,0,1,,76,Auckland,Nil,0,0,0,0,0,0,Urban,1,0,0,Fine,Null
1768163.2188,5915077.8227,860947,,522810,0,0,0,1,0,Null,2025/2026,FISHER PARADE,FRATLEY AVENUE,,Non-Injury Crash,No,2025,0,East,0,0,0,Flat,0,,0,,0,Dark,694400,0,0,0,1,0,0,0,0,0,,1,0,Auckland Region,Nil,1-way,Sealed,0,0,0,0,50,0,On,0,0,,76,Auckland,Nil,0,0,0,0,0,0,Urban,0,0,0,Fine,Null
1754576.0963,5918717.5925,860954,,515431,0,0,0,2,0,West,2023/2024,TUARANGI ROAD,BARRINGTON ROAD,,Non-Injury Crash,No,2023,0,North,0,0,0,Hill Road,0,,0,,0,Bright sun,405900,0,0,0,2,0,0,0,0,1,,0,0,Auckland Region,Nil,2-way,Sealed,0,0,0,0,50,0,Off,0,0,,76,Auckland,Nil,0,0,0,0,0,0,Urban,0,0,0,Fine,Null
1768484.2765,5909131.7267,860963,,523112,0,,0,2,,Null,2025/2026,SPRINGS ROAD,LADY RUBY DRIVE,,Minor Crash,No,2026,,North,,0,,Flat,,,,,,Dark,711600,1,0,0,5,,,0,,,,,,Auckland Region,Nil,2-way,Sealed,,0,0,,50,,On,0,0,,76,Auckland,Traffic Signals,,,,,0,0,Urban,0,,,Fine,Null
1761016.7935,5914400.5701,860966,35,519500,0,,0,1,,Null,2022/2023,GREAT SOUTH ROAD,ELLERSLIE-PANMURE HIGHWAY,,Non-Injury Crash,No,2023,,East,,0,,Flat,,,,,,Unknown,620500,0,0,0,2,,,0,,,,,,Auckland Region,Nil,2-way,Sealed,,0,0,,40,,Off,0,0,,76,Auckland,Unknown,,,,,0,1,Urban,0,,,Fine,None
1769301.7161,5899713.7861,860970,,525002,0,0,0,1,0,Null,2024/2025,MAHIA ROAD,HOLMES ROAD,,Minor Crash,No,2024,0,West,0,0,0,Flat,0,,0,,1,Twilight,754100,1,0,0,2,0,0,0,0,0,,0,0,Auckland Region,Nil,2-way,Sealed,0,0,0,0,50,0,On,1,0,,76,Auckland,Give way,0,0,0,0,0,0,Urban,0,0,0,Fine,Null
1765435.8176,5918798.3565,860986,,516602,0,,0,1,,North,2023/2024,LONG DRIVE,ST HELIERS BAY ROAD,,Non-Injury Crash,No,2023,,South,,0,,Flat,,,,,,Bright sun,507900,0,0,0,2,,,0,,,,,,Auckland Region,Nil,2-way,Sealed,,0,0,,50,,Off,1,0,,76,Auckland,Nil,,,,,0,0,Urban,0,,,Fine,Null
1746453.1927,5912807.3018,860987,,511002,0,0,0,2,0,East,2025/2026,GLENGARRY ROAD,WOODGLEN ROAD,,Non-Injury Crash,No,2026,0,East,0,0,0,Hill Road,0,,0,,0,Overcast,283800,0,0,0,2,0,0,0,0,1,,0,0,Auckland Region,Nil,2-way,Sealed,0,0,0,0,50,0,Off,0,0,,76,Auckland,Nil,0,0,0,0,0,0,Urban,0,0,0,Fine,Null
1766605.0573,5906539.191,860998,,522302,0,,0,0,,North,2023/2024,KIMPTON ROAD,TUI ROAD,,Minor Crash,No,2024,,North,,0,,Flat,,,,,,Bright sun,669800,1,0,0,2,,,0,,,1,,,Auckland Region,Nil,2-way,Sealed,,0,0,,50,,None,0,0,,76,Auckland,Nil,,,,,0,0,Urban,0,,,Fine,Null
1751577.0548,5914852.7396,860999,,514401,0,0,0,1,0,North,2025/2026,BLOCKHOUSE BAY ROAD,NEW WINDSOR ROAD,,Non-Injury Crash,No,2026,0,South,0,0,0,Flat,0,,0,,0,Dark,380300,0,0,0,2,0,0,0,0,1,,0,0,Auckland Region,Nil,2-way,Sealed,0,0,0,0,50,0,On,0,0,,76,Auckland,Nil,0,0,0,0,0,0,Urban,1,0,0,Fine,Null
1734608.7426,5945658.3463,861000,,506646,0,1,0,1,0,East,2023/2024,KAHIKATEA FLAT ROAD,WYN CLOSE,,Minor Crash,No,2023,0,West,0,0,0,Flat,0,,0,,0,Bright sun,213000,2,0,0,2,0,0,0,0,0,,0,0,Auckland Region,Bridge,2-way,Sealed,0,0,0,0,80,0,None,0,0,,76,Auckland,Nil,0,0,0,0,0,0,Open,0,0,0,Fine,Null
1771339.8576,5907027.4267,861002,,523713,0,,0,1,,Null,2023/2024,MURPHYS ROAD,ORMISTON ROAD,,Non-Injury Crash,No,2024,,South,,0,,Flat,,,,,,Bright sun,712500,0,0,0,5,,,0,,,,,,Auckland Region,Nil,2-way,Sealed,,0,0,,60,,Off,1,0,,76,Auckland,Traffic Signals,,,,,0,0,Urban,0,,,Fine,Null
1765749.3182,5906712.713,861011,,522202,0,,0,1,,South,2025/2026,GREAT SOUTH ROAD,SUTTON CRESCENT,,Non-Injury Crash,No,2025,,North,,0,,Flat,,,,,,Bright sun,663600,0,0,0,4,,,0,,,,,,Auckland Region,Nil,2-way,Sealed,,0,0,,50,,Null,0,0,,76,Auckland,Nil,,,,,0,0,Urban,1,,,Fine,Null
1765626.6441,5908545.1504,861012,,523402,0,,0,0,,North,2023/2024,SOUTHERN MOTORWAY,HIGHBROOK DRIVE ON RAMP,,Minor Crash,Yes,2024,,South,,0,,Flat,,,,,,Dark,696900,1,0,0,4,,,0,,,,,,Auckland Region,Motorway ramp,1-way,Sealed,,0,0,,100,,On,1,0,,76,Auckland,Nil,,,,,0,0,Open,1,,,Fine,Null