X,Y,OBJECTID,advisorySpeed,areaUnitID,bicycle,bridge,bus,carStationWagon,cliffBank,crashDirectionDescription,crashFinancialYear,crashLocation1,crashLocation2,crashRoadSideRoad,crashSeverity,crashSHDescription,crashYear,debris,directionRoleDescription,ditch,fatalCount,fence,flatHill,guardRail,holiday,houseOrBuilding,intersection,kerb,light,meshblockId,minorInjuryCount,moped,motorcycle,NumberOfLanes,objectThrownOrDropped,otherObject,otherVehicleType,overBank,parkedVehicle,pedestrian,phoneBoxEtc,postOrPole,region,roadCharacter,roadLane,roadSurface,roadworks,schoolBus,seriousInjuryCount,slipOrFlood,speedLimit,strayAnimal,streetLight,suv,taxi,temporarySpeedLimit,tlaId,tlaName,trafficControl,trafficIsland,trafficSign,train,tree,truck,unknownVehicleType,urban,vanOrUtility,vehicle,waterRiver,weatherA,weatherB
1748354.7815,5910319.6522,861019,,512000,0,0,0,1,0,East,2024/2025,TAKAHE ROAD,WOOD BAY ROAD,,Non-Injury Crash,No,2025,0,South,0,0,0,Hill Road,0,,0,,0,Dark,295800,0,0,0,2,0,0,0,0,0,,0,2,Auckland Region,Nil,2-way,Sealed,0,0,0,0,50,0,On,0,0,,76,Auckland,Nil,0,0,0,0,0,0,Urban,0,0,0,Fine,Null
1752749.6026,5930141.8975,861020,,509100,0,0,0,2,0,West,2024/2025,ALBANY HIGHWAY,UNSWORTH DRIVE,,Non-Injury Crash,No,2024,0,West,0,0,1,Hill Road,0,,0,,0,Bright sun,181200,0,0,0,2,0,0,0,0,0,,0,0,Auckland Region,Nil,2-way,Sealed,0,0,0,0,60,0,Off,0,0,,76,Auckland,Nil,0,0,0,0,0,0,Urban,0,0,0,Fine,Null
1765652.5187,5901387.0447,861023,,524821,0,,0,1,,Null,2024/2025,ROSCOMMON ROAD,BROWNS ROAD,,Non-Injury Crash,No,2025,,North,,0,,Null,,,,,,Dark,774446,0,0,0,2,,,0,,,,,,Auckland Region,Nil,1-way,Sealed,,0,0,,50,,On,0,0,,76,Auckland,Traffic Signals,,,,,0,0,Urban,1,,,Fine,Null
1750168.2906,5926362.8276,861030,,510010,0,0,0,1,0,South,2023/2024,DAKOTA AVENUE,ORUAMO PLACE,,Minor Crash,No,2023,0,South,0,0,0,Flat,0,,0,,0,Twilight,342200,1,0,0,2,0,0,0,0,1,,0,0,Auckland Region,Nil,2-way,Sealed,0,0,0,0,50,0,On,1,0,,76,Auckland,Nil,0,0,0,0,0,0,Urban,0,0,0,Fine,Null
1757066.5745,5943516.5242,861031,35,505902,0,0,0,1,0,South,2025/2026,WHANGAPARAOA ROAD,RAKINO AVENUE,,Non-Injury Crash,No,2025,0,West,0,0,1,Flat,0,,0,,0,Dark,174608,0,0,0,2,0,0,0,0,0,,0,0,Auckland Region,Nil,2-way,Sealed,0,0,0,0,50,0,On,0,0,,76,Auckland,Nil,0,0,0,0,0,0,Urban,0,0,0,Heavy rain,Null
1763701.2088,5905650.542,861039,,524303,0,0,0,2,0,Null,2025/2026,ALABASTER DRIVE,LENDENFELD DRIVE,,Non-Injury Crash,No,2025,0,West,0,0,0,Hill Road,0,Christmas New Year,0,,0,Overcast,746315,0,0,0,2,0,0,0,0,0,,0,0,Auckland Region,Nil,2-way,Sealed,0,0,0,0,50,0,None,0,0,,76,Auckland,Nil,0,0,0,0,0,0,Urban,0,1,0,Light rain,Null
1750678.2007,5912625.6871,861043,,511402,0,0,0,1,0,South,2024/2025,PORTAGE ROAD,BOLTON STREET,,Non-Injury Crash,No,2025,0,South,0,0,0,Flat,0,,0,,0,Dark,260600,0,0,0,2,0,0,0,0,0,,2,0,Auckland Region,Nil,2-way,Sealed,0,0,0,0,50,0,On,0,0,,76,Auckland,Nil,0,0,0,1,0,0,Urban,0,0,0,Heavy rain,Null
1776704.3227,5906734.7619,861048,,523202,0,,0,1,,South,2023/2024,WHITFORD PARK ROAD,POLO LANE,,Minor Crash,No,2024,,South,,0,,Hill Road,,,,,,Dark,716603,1,0,0,2,,,0,,,,,,Auckland Region,Nil,2-way,Sealed,,0,0,,80,,None,0,0,,76,Auckland,Nil,,,,,0,0,Open,0,,,Fine,Null
1771715.8174,5894557.3173,861052,,525530,0,0,0,1,0,South,2023/2024,SOUTHERN MOTORWAY,BEACH OBR,,Non-Injury Crash,Yes,2023,0,South,0,0,0,Flat,1,,0,,0,Overcast,805400,0,0,0,2,0,0,0,0,0,,0,0,Auckland Region,Nil,1-way,Sealed,0,0,0,0,100,0,Off,0,0,80,76,Auckland,Nil,0,0,0,0,0,0,Open,1,0,0,Fine,Null
1769898.9344,5900145.2276,861055,,523817,0,0,0,1,0,North,2025/2026,SOUTHERN MOTORWAY,PAPAKURA STM BR,,Serious Crash,Yes,2025,0,South,0,0,0,Flat,2,Christmas New Year,0,,0,Bright sun,759738,0,0,1,3,0,0,0,0,0,,0,0,Auckland Region,Nil,1-way,Sealed,0,0,1,0,100,0,Off,0,0,,76,Auckland,Nil,0,0,0,0,0,0,Open,0,0,0,Fine,Null
1753585.2335,5932347.8908,861058,,508805,0,0,0,1,0,South,2023/2024,NORTHERN MOTORWAY,ROSEDALE OBR,,Non-Injury Crash,Yes,2023,0,South,0,0,0,Flat,1,,0,,0,Dark,180866,0,0,0,2,0,0,0,0,0,,0,0,Auckland Region,Nil,1-way,Sealed,0,0,0,0,100,0,On,0,0,,76,Auckland,Nil,0,0,0,0,0,0,Open,0,0,0,Light rain,Null
1759447.7863,5924002.2426,861059,,509300,0,0,0,3,0,West,2024/2025,ARAMOANA AVENUE,WESLEY STREET,,Non-Injury Crash,No,2025,0,East,0,0,0,Hill Road,0,,0,,0,Dark,339400,0,0,0,2,0,0,0,0,1,,0,0,Auckland Region,Nil,2-way,Sealed,0,0,0,0,50,0,On,0,0,,76,Auckland,Nil,0,0,0,0,0,0,Urban,0,0,0,Fine,Null
1741519.4335,5922119.0944,861062,,513621,0,0,0,1,0,East,2022/2023,RED HILLS ROAD,SUNNYVALE ROAD,,Non-Injury Crash,No,2023,0,East,0,0,1,Flat,0,,0,,0,Bright sun,226601,0,0,0,2,0,0,0,0,0,,0,0,Auckland Region,Nil,2-way,Sealed,0,0,0,0,80,0,None,0,0,,76,Auckland,Nil,0,0,0,0,0,0,Open,0,0,0,Fine,Null
1769050.393,5911527.6931,861064,,523113,0,,0,1,,Null,2022/2023,TI RAKAU DRIVE,HARRIS ROAD,,Non-Injury Crash,No,2023,,West,,0,,Flat,,,,,,Bright sun,711703,0,0,0,3,,,0,,,,,,Auckland Region,Nil,1-way,Sealed,,0,0,,60,,Off,0,0,,76,Auckland,Traffic Signals,,,,,0,0,Urban,1,,,Fine,Null
1754371.4695,5928268.7115,861066,,508320,0,0,0,2,0,Null,2022/2023,DIANA DRIVE,ROSALIND ROAD,,Non-Injury Crash,No,2023,0,West,0,0,0,Hill Road,0,,0,,0,Dark,198300,0,0,0,2,0,0,0,0,1,,0,0,Auckland Region,Nil,2-way,Sealed,0,0,0,0,50,0,Off,0,0,,76,Auckland,Give way,0,0,0,0,0,0,Urban,0,0,0,Fine,Null
1769300.8767,5905589.7987,861072,,523712,0,,0,1,,Null,2023/2024,CHAPEL ROAD,DAWSON ROAD,,Minor Crash,No,2023,,South,,0,,Flat,,,,,,Dark,713208,2,0,0,2,,,0,,,,,,Auckland Region,Nil,2-way,Sealed,,0,0,,50,,On,1,0,,76,Auckland,Traffic Signals,,,,,0,0,Urban,0,,,Fine,Null
1781386.4642,5925574.732,861078,,520801,0,,0,2,,West,2023/2024,CAUSEWAY ROAD,SHELLY BEACH ROAD,,Non-Injury Crash,No,2023,,South,,0,,Hill Road,,,,,,Bright sun,515103,0,0,0,2,,,0,,,,,,Auckland Region,Nil,2-way,Sealed,,0,0,,50,,Off,0,0,,76,Auckland,Nil,,,,,0,0,Urban,0,,,Fine,Null
1779208.5335,5914272.3652,861082,,523202,0,0,0,1,0,North,2023/2024,WHITFORD MARAETAI ROAD,OKARORO DRIVE,,Minor Crash,No,2024,0,North,0,0,1,Hill Road,0,,0,,0,Overcast,762501,1,0,0,2,0,0,0,0,0,,0,0,Auckland Region,Nil,2-way,Sealed,0,0,0,0,80,0,Off,0,0,,76,Auckland,Nil,0,0,0,0,0,0,Open,0,0,0,Light rain,Null
1768452.0409,5905434.2963,861084,,523721,0,,0,1,,Null,2024/2025,BOUNDARY ROAD,OTHELLO DRIVE,,Minor Crash,No,2024,,East,,0,,Flat,,,,,,Overcast,715618,1,0,0,2,,,0,,,,,,Auckland Region,Nil,2-way,Sealed,,0,0,,50,,Off,1,0,,76,Auckland,Give way,,,,,0,0,Urban,0,,,Fine,Null
1759547.9662,5904243.6852,861095,,524200,1,,0,1,,Null,2024/2025,TE ARA KORAKO DRIVE,NIXON ROAD,,Non-Injury Crash,No,2025,,East,,0,,Flat,,,,,,Bright sun,727200,0,0,0,2,,,0,,,,,,Auckland Region,Nil,2-way,Sealed,,0,0,,50,,Off,0,1,,76,Auckland,Give way,,,,,0,0,Urban,0,,,Fine,Null
1752627.8496,5915761.4026,861099,,517902,0,,0,2,,South,2024/2025,RICHARDSON ROAD,DUART AVENUE,,Non-Injury Crash,No,2025,,North,,0,,Flat,,,,,,Dark,520800,0,0,0,2,,,0,,,,,,Auckland Region,Nil,2-way,Sealed,,0,0,,50,,On,0,0,30,76,Auckland,Nil,,,,,0,0,Urban,0,,,Fine,Null
1758281.7013,5917492.8886,861103,,515700,1,,0,1,,West,2024/2025,ALPERS AVENUE,BROADWAY,,Non-Injury Crash,No,2024,,West,,0,,Flat,,,,,,Overcast,443401,0,0,0,2,,,0,,,,,,Auckland Region,Nil,1-way,Sealed,,0,0,,50,,Off,0,0,,76,Auckland,Nil,,,,,0,0,Urban,0,,,Fine,Null
1767596.4438,5900291.4325,861106,,525101,0,,0,2,,West,2022/2023,WEYMOUTH ROAD,FRIEDLANDERS ROAD,,Non-Injury Crash,No,2023,,West,,0,,Flat,,,,,,Dark,772903,0,0,0,2,,,0,,,,,,Auckland Region,Nil,2-way,Sealed,,0,0,,50,,On,0,0,,76,Auckland,Nil,,,,,0,0,Urban,0,,,Fine,Null
1764012.3878,5906422.1929,861110,,524303,0,,0,0,,North,2023/2024,STATION ROAD,PEVERILL CRESCENT,,Minor Crash,No,2023,,West,,0,,Flat,,,,,,Overcast,657200,1,0,1,2,,,0,,,,,,Auckland Region,Nil,2-way,Sealed,,0,0,,50,,Off,1,0,,76,Auckland,Nil,,,,,0,0,Urban,0,,,Fine,Null
1753050.2296,5914750.4104,861120,,514500,0,,0,0,,East,2024/2025,SH 20,MAIORO STREET ON RAMP,,Minor Crash,Yes,2024,,West,,0,,Flat,,,,,,Bright sun,377303,1,0,0,3,,,0,,,,,,Auckland Region,Nil,1-way,Sealed,,0,0,,80,,Off,1,0,,76,Auckland,Nil,,,,,1,0,Open,1,,,Fine,Null
1767922.8766,5891498.4869,861124,,521202,0,0,0,1,1,Null,2024/2025,WALTERS ROAD,BLACKBRIDGE ROAD,,Fatal Crash,No,2025,0,West,1,1,1,Flat,0,,0,,0,Twilight,807000,0,0,0,2,0,0,0,0,0,,0,0,Auckland Region,Nil,2-way,Sealed,0,0,1,0,80,0,None,0,0,,76,Auckland,Give way,0,0,0,0,0,0,Open,0,0,0,Fine,Null
1754175.3048,5932700.5481,861126,,508805,0,0,0,2,0,South,2022/2023,APOLLO DRIVE,ORBIT DRIVE,,Non-Injury Crash,No,2023,0,South,0,0,0,Hill Road,0,,0,,0,Overcast,180866,0,0,0,2,0,0,0,0,1,,0,0,Auckland Region,Nil,2-way,Sealed,0,0,0,0,50,0,Off,0,0,,76,Auckland,Nil,0,0,0,0,0,0,Urban,0,0,0,Heavy rain,Null
1775819.8132,5883334.8045,861128,,521160,0,0,0,0,0,South,2023/2024,SOUTHERN MOTORWAY,ST STEPHENS OBR,,Non-Injury Crash,Yes,2023,0,North,0,0,0,Flat,0,,0,,0,Dark,827500,0,0,0,2,0,0,0,0,0,,0,1,Auckland Region,Nil,1-way,Sealed,0,0,0,0,100,0,On,0,0,,76,Auckland,Nil,0,0,0,0,0,0,Open,1,0,0,Fine,Null
1762481.798,5912783.4203,861134,,520500,0,,0,2,,Null,2022/2023,GREAT SOUTH ROAD,SOUTH-EASTERN HIGHWAY,,Non-Injury Crash,No,2023,,South,,0,,Flat,,,,,,Overcast,637300,0,0,0,4,,,0,,,,,,Auckland Region,Nil,2-way,Sealed,,0,0,,50,,Off,0,1,,76,Auckland,Traffic Signals,,,,,0,0,Urban,0,,,Fine,Null
1755079.1992,5911437.0507,861143,,519002,0,,1,1,,East,2025/2026,HILLSBOROUGH ROAD,HIBISCUS PLACE,,Minor Crash,No,2025,,West,,0,,Flat,,,,,,Bright sun,590702,3,0,0,2,,,0,,,,,,Auckland Region,Nil,2-way,Sealed,,0,0,,50,,Off,0,0,,76,Auckland,Nil,,,,,0,0,Urban,0,,,Fine,Null
1756666.1144,5919916.9437,861156,,514102,0,,0,1,,Null,2022/2023,UNION STREET,NELSON STREET OFF RAMP,,Non-Injury Crash,No,2023,,East,,0,,Flat,,,,,,Dark,434402,0,0,0,6,,,0,,,,,,Auckland Region,Nil,2-way,Sealed,,0,0,,30,,On,1,0,,76,Auckland,Traffic Signals,,,,,0,0,Urban,0,,,Fine,Null
1769387.6506,5904066.8405,861159,,523820,0,0,0,2,0,South,2024/2025,GOODWOOD DRIVE,CAPISTRANO MEWS,,Non-Injury Crash,No,2025,0,North,0,0,0,Hill Road,0,,0,,0,Dark,760136,0,0,0,2,0,0,0,0,1,,0,0,Auckland Region,Nil,2-way,Sealed,0,0,0,0,50,0,On,0,0,,76,Auckland,Nil,0,0,0,0,0,0,Urban,0,0,0,Fine,Null
1768864.6844,5902736.2236,861163,,523820,0,,0,1,,North,2024/2025,SOUTHERN MOTORWAY,ORAMS OBR,,Non-Injury Crash,Yes,2024,,South,,0,,Flat,,,,,,Overcast,760122,0,0,0,4,,,0,,,,,,Auckland Region,Overpass,1-way,Sealed,,0,0,,100,,Off,0,0,,76,Auckland,Nil,,,,,0,1,Open,1,,,Light rain,Null
1772768.7739,5896784.1089,861164,,525420,0,,0,1,,East,2024/2025,INGRAM STREET,PORCHESTER ROAD,,Minor Crash,No,2025,,West,,0,,Flat,,,,,,Twilight,792700,1,0,0,2,,,0,,,1,,,Auckland Region,Nil,2-way,Sealed,,0,0,,50,,On,0,0,,76,Auckland,Nil,,,,,0,0,Urban,0,,,Fine,Null
1768909.23,5899569.4066,861170,,525101,0,,0,2,,East,2022/2023,MAHIA ROAD,TAWA CRESCENT,,Non-Injury Crash,No,2023,,West,,0,,Hill Road,,,,,,Bright sun,770200,0,0,0,2,,,0,,,,,,Auckland Region,Nil,2-way,Sealed,,0,0,,50,,Null,0,0,,76,Auckland,Nil,,,,,0,0,Urban,0,,,Fine,Null
1765072.4978,5910172.6664,861175,,521801,0,,0,2,,South,2024/2025,SOUTHERN MOTORWAY,PRINCES OBR,,Non-Injury Crash,Yes,2024,,North,,0,,Null,,,,,,Dark,787700,0,0,0,3,,,0,,,,,,Auckland Region,Nil,1-way,Sealed,,0,0,,100,,On,0,0,,76,Auckland,Nil,,,,,0,0,Open,0,,,Fine,Null
1769946.7751,5915083.6346,861179,,522712,0,0,0,1,0,North,2024/2025,BUCKLANDS BEACH ROAD,TANGELO PLACE,,Non-Injury Crash,No,2024,0,South,0,0,0,Flat,0,,0,,0,Dark,680807,0,0,0,1,0,0,0,0,0,,0,0,Auckland Region,Nil,2-way,Sealed,0,0,0,0,50,0,On,0,0,,76,Auckland,Nil,0,0,0,1,0,0,Urban,0,0,0,Light rain,Null
1757482.7948,5919567.7397,861183,,514301,0,0,0,1,0,South,2024/2025,WHITAKER PLACE,CINTRA PLACE,,Non-Injury Crash,No,2024,0,North,0,0,0,Hill Road,0,,0,,0,Dark,440600,0,0,0,2,0,0,0,0,1,,0,0,Auckland Region,Nil,2-way,Sealed,0,0,0,0,30,0,On,0,0,,76,Auckland,Nil,0,0,0,0,0,0,Urban,1,0,0,Light rain,Null
1736432.2223,5928054.6901,861184,,505605,0,0,0,0,0,North,2022/2023,MOTU ROAD,TAWA ROAD,,Non-Injury Crash,No,2023,0,South,1,0,1,Flat,0,,0,,0,Dark,215603,0,0,0,2,0,0,0,0,0,,0,0,Auckland Region,Nil,2-way,Sealed,0,0,0,0,80,0,None,0,0,,76,Auckland,Nil,0,0,0,0,0,0,Open,1,0,0,Fine,Null
1755293.0551,5878019.8037,861191,,521152,0,0,0,0,0,South,2024/2025,GLENBROOK-WAIUKU ROAD,PUKEOWARE ROAD,,Non-Injury Crash,No,2025,0,South,0,0,0,Hill Road,0,,0,,0,Overcast,834000,0,0,0,2,0,0,0,0,0,,0,1,Auckland Region,Nil,2-way,Sealed,0,0,0,0,80,0,None,1,0,,76,Auckland,Nil,0,0,0,0,0,0,Open,0,0,0,Fine,Null
1756127.2689,5923872.7635,861194,,509800,0,,0,2,,South,2022/2023,NORTHERN MOTORWAY,WEIGH BRIDGE,,Non-Injury Crash,Yes,2023,,South,,0,,Flat,,,,,,Dark,361200,0,0,0,4,,,0,,,,,,Auckland Region,Nil,1-way,Sealed,,0,0,,80,,On,0,0,70,76,Auckland,Nil,,,,,0,0,Open,0,,,Fine,Strong wind
1761979.1526,5907895.2694,861196,,524530,0,,0,0,,West,2024/2025,WICKMAN WAY,TANNOCK PLACE,,Minor Crash,No,2024,,West,,0,,Flat,,,,,,Overcast,734201,1,0,0,2,,,0,,,1,,,Auckland Region,Nil,2-way,Sealed,,0,0,,50,,Off,1,0,,76,Auckland,Nil,,,,,0,0,Urban,0,,,Fine,Null
1749594.3135,5949383.4378,861206,,506202,0,,0,0,,East,2023/2024,GRAND DRIVE,ARRAN DRIVE,,Minor Crash,No,2023,,West,,0,,Flat,,,,,,Bright sun,176412,1,0,0,2,,,0,,,1,,,Auckland Region,Nil,2-way,Sealed,,0,0,,50,,Off,0,0,,76,Auckland,Nil,,,,,0,1,Urban,0,,,Fine,Null
1745565.0477,5883685.3357,861212,55,521151,0,0,0,0,0,South,2024/2025,AWHITU ROAD,PONSFORD ROAD,,Serious Crash,No,2025,0,West,0,0,1,Flat,0,,0,,0,Bright sun,830500,0,0,1,2,0,0,0,0,0,,0,0,Auckland Region,Nil,2-way,Sealed,0,0,1,0,80,0,None,0,0,,76,Auckland,Nil,0,1,0,0,0,0,Open,0,0,0,Fine,Null
1763923.5307,5912519.4668,861218,,520500,0,,0,2,,East,2023/2024,SOUTHERN MOTORWAY,MT WGTN OBR,,Non-Injury Crash,Yes,2023,,West,,0,,Flat,,,,,,Overcast,639500,0,0,0,2,,,0,,,,,,Auckland Region,Bridge,1-way,Sealed,,0,0,,100,,Off,0,0,,76,Auckland,Nil,,,,,0,0,Open,0,,,Fine,Null
1756639.2094,5912861.72,861222,,518702,0,,0,2,,Null,2023/2024,HILLSBOROUGH ROAD,HILLSBOROUGH ROAD ON RAMP,,Minor Crash,No,2024,,South,,0,,Hill Road,,,,,,Bright sun,569900,1,0,0,2,,,0,,,,,,Auckland Region,Nil,2-way,Sealed,,0,0,,50,,Off,0,0,,76,Auckland,Give way,,,,,0,0,Urban,0,,,Fine,Null
1758135.6184,5915638.67,861223,,519300,0,,0,0,,North,2024/2025,MANUKAU ROAD,QUEEN MARY AVENUE,,Minor Crash,No,2025,,South,,0,,Flat,,,,,,Bright sun,622900,1,0,0,4,,,0,,,1,,,Auckland Region,Nil,2-way,Sealed,,0,0,,50,,Off,0,0,,76,Auckland,Nil,,,,,0,0,Urban,1,,,Fine,Null
1754225.1831,5933139.4888,861226,,508804,0,,0,2,,Null,2022/2023,HIGH GREEN DRIVE,ROSEDALE ROAD,,Non-Injury Crash,No,2023,,South,,0,,Flat,,,,,,Unknown,180701,0,0,0,2,,,0,,,,,,Auckland Region,Nil,2-way,Sealed,,0,0,,50,,Null,0,0,,76,Auckland,Give way,,,,,0,0,Urban,0,,,Null,Null
1751207.5188,5915031.8476,861230,,514401,1,,0,1,,Null,2023/2024,ST JUDE STREET,ST GEORGES ROAD,,Minor Crash,No,2024,,West,,0,,Flat,,Christmas New Year,,,,Bright sun,382800,1,0,0,2,,,0,,,,,,Auckland Region,Speed hump,2-way,Sealed,,0,0,,50,,Off,0,0,,76,Auckland,Give way,,,,,0,0,Urban,0,,,Fine,Null
1769458.7886,5902103.7875,861234,,524901,0,,0,2,,Null,2023/2024,SOUTHERN MOTORWAY,HILL ROAD ON RAMP,,Minor Crash,Yes,2023,,North,,0,,Flat,,,,,,Bright sun,755600,1,0,0,3,,,0,,,,,,Auckland Region,Nil,1-way,Sealed,,0,0,,100,,Off,0,0,,76,Auckland,Nil,,,,,0,0,Open,0,,,Fine,Null
1769887.9999,5898941.9961,861236,,523920,0,,0,2,,North,2024/2025,SOUTHERN MOTORWAY,MANUREWA-TAKANINI OFF RAMP,,Non-Injury Crash,Yes,2024,,North,,0,,Null,,,,,,Unknown,767911,0,0,0,3,,,0,,,,,,Auckland Region,Nil,1-way,Null,,0,0,,100,,Null,0,0,,76,Auckland,Nil,,,,,0,1,Open,0,,,Null,Null
1760827.3723,5918491.0962,861239,,516201,1,,0,1,,North,2025/2026,SHORE ROAD,ORAKEI ROAD,,Serious Crash,No,2025,,West,,0,,Hill Road,,,,,,Overcast,485400,0,0,0,2,,,0,,,,,,Auckland Region,Nil,2-way,Sealed,,0,1,,50,,Off,0,0,,76,Auckland,Nil,,,,,0,0,Urban,0,,,Fine,Null
1745015.9444,5921167.0931,861240,,513530,0,,0,2,,North,2024/2025,NORTH-WESTERN MOTORWAY,LINCOLN ROAD OFF RAMP,,Non-Injury Crash,Yes,2024,,South,,0,,Flat,,,,,,Overcast,226303,0,0,0,3,,,0,,,,,,Auckland Region,Nil,1-way,Sealed,,0,0,,100,,Off,0,0,,76,Auckland,Nil,,,,,0,0,Open,0,,,Light rain,Null
1756488.7053,5965268.7521,861242,,506633,0,0,0,0,0,West,2022/2023,MARTINS BAY ROAD,MILLER WAY,,Non-Injury Crash,No,2023,0,East,0,0,0,Hill Road,0,,0,,0,Twilight,141806,0,0,0,2,0,0,0,0,0,,0,0,Auckland Region,Nil,2-way,Sealed,0,0,0,0,80,0,None,1,0,,76,Auckland,Nil,0,0,0,1,0,0,Open,0,0,0,Light rain,Null
1761971.9309,5906980.0584,861252,,524520,0,0,0,0,0,West,2023/2024,JAMES STREET,DANIEL AVENUE,,Non-Injury Crash,No,2024,0,West,0,0,0,Flat,0,,0,,0,Dark,735300,0,0,0,2,0,0,0,0,1,,0,0,Auckland Region,Nil,2-way,Sealed,0,0,0,0,50,0,On,0,0,,76,Auckland,Nil,0,0,0,0,1,0,Urban,1,0,0,Fine,Null
1756667.0612,5912947.0819,861256,,518702,0,0,0,0,0,North,2023/2024,HILLSBOROUGH ROAD,HILLSBOROUGH ROAD OFF RAMP,,Non-Injury Crash,No,2024,0,North,0,0,0,Flat,0,,0,,0,Bright sun,569900,0,0,0,4,0,0,0,0,1,,0,0,Auckland Region,Nil,2-way,Sealed,0,0,0,0,50,0,Off,1,0,,76,Auckland,Nil,0,0,0,0,0,0,Urban,1,0,0,Fine,Null
1742862.2649,5918681.7367,861258,,513213,0,0,0,1,0,South,2023/2024,RANUI STATION ROAD,ROBERTSON ROAD,,Non-Injury Crash,No,2023,0,South,0,0,0,Flat,0,,0,,0,Dark,235300,0,0,0,2,0,0,0,0,0,,0,1,Auckland Region,Nil,2-way,Sealed,0,0,0,0,50,0,On,0,0,,76,Auckland,Nil,0,0,0,0,0,0,Urban,0,0,0,Heavy rain,Null
1771562.4712,5897832.2177,861260,,523912,0,,0,2,,Null,2023/2024,WALTERS ROAD,TIRONUI ROAD,,Non-Injury Crash,No,2024,,East,,0,,Flat,,,,,,Dark,765700,0,0,0,4,,,0,,,,,,Auckland Region,Nil,2-way,Sealed,,0,0,,50,,On,0,0,,76,Auckland,Give way,,,,,0,0,Urban,0,,,Fine,Null
1758504.2166,5911710.1809,861262,,519810,0,,0,1,,South,2023/2024,SOUTH-WESTERN MOTORWAY,NEILSON STREET OFF RAMP,,Non-Injury Crash,Yes,2023,,South,,0,,Flat,,,,,,Twilight,602501,0,0,0,3,,,0,,,,,,Auckland Region,Nil,1-way,Sealed,,0,0,,100,,On,0,0,,76,Auckland,Nil,,,,,1,0,Open,0,,,Fine,Null
1767889.1986,5911904.6716,861268,,522920,0,0,0,2,0,Null,2023/2024,TI RAKAU DRIVE,GOSSAMER DRIVE,,Non-Injury Crash,No,2023,0,West,0,0,0,Null,0,,0,,1,Unknown,687801,0,0,0,3,0,0,0,0,0,,0,0,Auckland Region,Nil,1-way,Null,0,0,0,0,60,0,Null,0,0,,76,Auckland,Traffic Signals,0,0,0,0,0,0,Urban,0,0,0,Null,Null
1765063.007,5902871.8508,861271,,524604,0,,0,1,,Null,2024/2025,ROSCOMMON ROAD,WIRI STATION ROAD,,Non-Injury Crash,No,2025,,South,,0,,Flat,,,,,,Bright sun,781302,0,0,0,2,,,0,,,,,,Auckland Region,Nil,1-way,Sealed,,0,0,,80,,Null,0,0,,76,Auckland,Traffic Signals,,,,,0,0,Open,1,,,Fine,Null
1761289.345,5912034.9534,861286,,519500,0,0,0,1,0,South,2023/2024,NEILSON STREET,RAILFREIGHT ENT,,Minor Crash,No,2024,0,South,0,0,0,Flat,0,,0,,0,Bright sun,622400,1,0,0,2,0,0,0,0,0,,0,0,Auckland Region,Nil,2-way,Sealed,0,0,0,0,50,0,Off,0,0,,76,Auckland,Nil,0,0,0,1,0,0,Urban,0,0,0,Fine,Null
1766993.0867,5907644.2658,861287,,523602,0,0,0,1,0,East,2024/2025,EAST TAMAKI ROAD,BAIRDS ROAD,,Non-Injury Crash,No,2025,0,West,0,0,0,Flat,0,,0,,0,Twilight,709300,0,0,0,4,0,0,0,0,0,,0,0,Auckland Region,Nil,2-way,Sealed,0,0,0,0,50,0,On,0,0,,76,Auckland,Nil,0,0,0,0,0,0,Urban,0,0,0,Fine,Null
1753187.4351,5931077.9695,861292,,508803,0,,0,1,,West,2024/2025,BARBADOS DRIVE,GRENADINE PLACE,,Minor Crash,No,2024,,North,,0,,Flat,,,,,,Bright sun,180819,1,0,0,2,,,0,,,1,,,Auckland Region,Nil,2-way,Sealed,,0,0,,50,,Off,0,0,,76,Auckland,Nil,,,,,0,0,Urban,0,,,Fine,Null
1764981.0055,5915663.227,861294,,520301,0,,0,1,,South,2022/2023,MORRIN ROAD,TAINUI ROAD,,Non-Injury Crash,No,2023,,North,,0,,Hill Road,,,,,,Bright sun,627800,0,0,0,2,,,0,,,,,,Auckland Region,Nil,2-way,Sealed,,0,0,,50,,Off,1,0,,76,Auckland,Nil,,,,,0,0,Urban,0,,,Fine,Null
1756526.5273,5918896.6146,861296,,515600,0,,0,2,,Null,2023/2024,PIWAKAWAKA STREET,NEWTON ROAD,,Non-Injury Crash,No,2024,,Null,,0,,Flat,,,,,,Bright sun,420201,0,0,0,3,,,0,,,,,,Auckland Region,Nil,2-way,Sealed,,0,0,,50,,None,0,0,,76,Auckland,Traffic Signals,,,,,0,0,Urban,0,,,Fine,None
1750761.9586,5914649.0346,861299,,514402,0,,0,2,,East,2024/2025,GREAT NORTH ROAD,WHAU BR,,Minor Crash,No,2025,,East,,0,,Flat,,,,,,Bright sun,381102,2,0,0,2,,,0,,,,,,Auckland Region,Nil,2-way,Sealed,,0,0,,50,,Off,0,0,,76,Auckland,Nil,,,,,0,0,Urban,0,,,Fine,Null
1758109.4124,5914732.1668,861304,,519300,0,0,0,1,0,East,2023/2024,NGAROMA ROAD,MANUKAU ROAD,,Non-Injury Crash,No,2023,0,East,0,0,0,Flat,0,,0,,0,Dark,624200,0,0,0,2,0,0,0,0,1,,0,0,Auckland Region,Nil,2-way,Sealed,0,0,0,0,50,0,Null,0,0,,76,Auckland,Nil,0,0,0,0,0,1,Urban,0,0,0,Fine,None