X,Y,OBJECTID,advisorySpeed,areaUnitID,bicycle,bridge,bus,carStationWagon,cliffBank,crashDirectionDescription,crashFinancialYear,crashLocation1,crashLocation2,crashRoadSideRoad,crashSeverity,crashSHDescription,crashYear,debris,directionRoleDescription,ditch,fatalCount,fence,flatHill,guardRail,holiday,houseOrBuilding,intersection,kerb,light,meshblockId,minorInjuryCount,moped,motorcycle,NumberOfLanes,objectThrownOrDropped,otherObject,otherVehicleType,overBank,parkedVehicle,pedestrian,phoneBoxEtc,postOrPole,region,roadCharacter,roadLane,roadSurface,roadworks,schoolBus,seriousInjuryCount,slipOrFlood,speedLimit,strayAnimal,streetLight,suv,taxi,temporarySpeedLimit,tlaId,tlaName,trafficControl,trafficIsland,trafficSign,train,tree,truck,unknownVehicleType,urban,vanOrUtility,vehicle,waterRiver,weatherA,weatherB
1764716.8502,5916153.5317,861308,,520301,0,,0,1,,South,2023/2024,MORRIN ROAD,ELIZABETH KNOX PLACE,,Non-Injury Crash,No,2023,,North,,0,,Flat,,,,,,Overcast,465302,0,0,0,2,,,0,,,,,,Auckland Region,Nil,2-way,Sealed,,0,0,,50,,Off,0,0,,76,Auckland,Nil,,,,,0,0,Urban,1,,,Fine,Null
1770933.3217,5901145.6618,861311,,523816,0,0,0,1,0,South,2024/2025,PORCHESTER ROAD,RIVERTON DRIVE,,Non-Injury Crash,No,2025,0,South,0,0,0,Flat,0,,0,,0,Overcast,759729,0,0,0,2,0,0,0,0,0,,0,0,Auckland Region,Nil,2-way,Sealed,0,0,0,0,60,0,Off,0,0,,76,Auckland,Nil,0,0,0,1,0,0,Urban,0,0,0,Fine,Null
1777253.2804,5906118.6418,861312,65,525201,0,0,0,1,0,South,2023/2024,BROOKBY ROAD,WHITFORD PARK ROAD,,Minor Crash,No,2024,0,South,1,0,0,Hill Road,0,,0,,0,Dark,761900,1,0,0,2,0,0,0,0,0,,0,0,Auckland Region,Nil,2-way,Sealed,0,0,0,0,80,0,None,0,0,,76,Auckland,Nil,0,0,0,0,0,0,Open,0,0,0,Mist or Fog,Frost
1756253.2191,5912324.5594,861314,,518701,0,,0,1,,Null,2023/2024,OLSEN AVENUE,HILLSBOROUGH ROAD,,Minor Crash,No,2024,,South,,0,,Flat,,,,,,Overcast,572500,1,0,0,2,,,0,,,1,,,Auckland Region,Nil,2-way,Sealed,,0,0,,50,,Off,0,0,,76,Auckland,Stop,,,,,0,0,Urban,0,,,Fine,Null
1751234.0771,5915034.8063,861315,,514401,0,,0,1,,East,2024/2025,ST JUDE STREET,ST GEORGES ROAD,,Non-Injury Crash,No,2025,,West,,0,,Null,,,,,,Unknown,382700,0,0,0,3,,,0,,,,,,Auckland Region,Nil,2-way,Sealed,,0,0,,50,,Null,0,0,,76,Auckland,Nil,,,,,0,0,Urban,0,,,Fine,Null
1769202.0381,5902432.5073,861316,,524901,0,,0,1,,North,2023/2024,SOUTHERN MOTORWAY,HILL ROAD ON RAMP,,Non-Injury Crash,Yes,2024,,North,,0,,Flat,,,,,,Overcast,755000,0,0,1,3,,,0,,,,,,Auckland Region,Nil,1-way,Sealed,,0,0,,100,,Off,0,0,,76,Auckland,Nil,,,,,0,0,Open,0,,,Fine,Null
1754687.0281,5927542.7213,861322,,508620,0,,0,2,,Null,2023/2024,ARCHERS ROAD,CHARTWELL AVENUE,,Non-Injury Crash,No,2023,,North,,0,,Hill Road,,,,,,Overcast,202801,0,0,0,2,,,0,,,,,,Auckland Region,Nil,2-way,Sealed,,0,0,,50,,Off,0,0,,76,Auckland,Give way,,,,,0,0,Urban,0,,,Fine,Null
1757481.445,5918692.9223,861328,,514302,0,,0,1,,South,2023/2024,SOUTHERN MOTORWAY,SOUTHERN TO PORT LINK,,Non-Injury Crash,Yes,2023,,South,,0,,Flat,,,,,,Overcast,442500,0,0,0,5,,,0,,,,,,Auckland Region,Nil,1-way,Sealed,,0,0,,80,,Off,0,0,,76,Auckland,Nil,,,,,0,0,Open,2,,,Light rain,Null
1767230.5481,5901299.1829,861330,,524720,0,,0,2,,Null,2023/2024,SWALLOW DRIVE,RUSSELL ROAD,,Non-Injury Crash,No,2023,,North,,0,,Flat,,,,,,Bright sun,777502,0,0,0,2,,,0,,,,,,Auckland Region,Nil,2-way,Sealed,,0,0,,50,,Off,0,0,,76,Auckland,Give way,,,,,0,0,Urban,0,,,Fine,Null
1764591.9747,5905908.0487,861334,,524303,0,0,0,1,0,Null,2023/2024,STATION ROAD,HILLCREST ROAD,,Non-Injury Crash,No,2024,0,South,0,0,0,Flat,0,,0,,1,Dark,657602,0,0,0,2,0,0,0,0,0,,0,0,Auckland Region,Nil,2-way,Sealed,0,0,0,0,50,0,On,0,0,,76,Auckland,Stop,0,0,0,1,0,0,Urban,0,0,0,Fine,Null
1753792.8493,5935480.4908,861346,,508704,0,0,0,1,0,South,2023/2024,FIELDS PARADE,GLEANOR AVENUE,,Minor Crash,No,2023,0,South,0,0,0,Flat,0,,0,,0,Overcast,178606,1,0,0,2,0,0,0,0,1,,0,0,Auckland Region,Nil,2-way,Sealed,0,0,0,0,50,0,Off,1,0,,76,Auckland,Nil,0,0,0,1,0,0,Urban,0,0,0,Light rain,Null
1763286.7666,5912743.9666,861350,,520500,0,0,0,1,0,West,2022/2023,SOUTH-EASTERN HIGHWAY,SEART OBR,,Non-Injury Crash,No,2023,0,West,0,0,0,Hill Road,1,,0,,0,Overcast,637300,0,0,0,2,0,0,0,0,0,,0,0,Auckland Region,Underpass,2-way,Sealed,0,0,0,1,100,0,Off,0,0,,76,Auckland,Nil,0,0,0,0,0,0,Open,0,0,0,Heavy rain,Null
1763598.4639,5912698.0975,861355,,520500,0,0,0,1,0,East,2025/2026,SOUTHERN MOTORWAY,MOUNT WELLINGTON HWY ON RAMP,,Serious Crash,Yes,2025,0,North,0,0,0,Flat,1,Labour Weekend,0,,0,Dark,637300,0,0,0,2,0,0,0,0,0,,0,0,Auckland Region,Nil,1-way,Sealed,0,0,1,0,100,0,On,0,0,,76,Auckland,Nil,0,0,0,0,0,0,Open,1,0,0,Fine,Null
1768794.9375,5906282.5205,861356,,523711,0,,0,0,,North,2024/2025,DOSINA PLACE,NORRIE SMITH AVENUE,,Minor Crash,No,2024,,East,,0,,Flat,,,,,,Twilight,713018,1,0,0,2,,,0,,,1,,,Auckland Region,Nil,2-way,Sealed,,0,0,,50,,None,1,0,,76,Auckland,Nil,,,,,0,0,Urban,0,,,Fine,Null
1765358.7566,5916738.8448,861358,,517001,0,,0,2,,Null,2023/2024,APIRANA AVENUE,MERTON ROAD,,Non-Injury Crash,No,2023,,South,,0,,Flat,,,,,,Dark,476100,0,0,0,2,,,0,,,,,,Auckland Region,Nil,2-way,Sealed,,0,0,,50,,On,0,0,,76,Auckland,Give way,,,,,0,0,Urban,0,,,Fine,Null
1760335.71,5915764.7723,861360,,516003,0,,0,2,,North,2024/2025,SOUTHERN MOTORWAY,GREEN LANE EAST OFF RAMP,,Minor Crash,Yes,2024,,North,,0,,Flat,,,,,,Bright sun,494902,1,0,0,3,,,0,,,,,,Auckland Region,Nil,1-way,Sealed,,0,0,,100,,Off,0,0,,76,Auckland,Nil,,,,,0,0,Open,0,,,Fine,Null
1764999.6811,5911440.9947,861362,,520500,0,0,0,2,0,East,2023/2024,PANAMA ROAD,TOANGA PLACE,,Minor Crash,No,2024,0,West,0,0,0,Flat,0,Queens Birthday,0,,0,Dark,635902,1,0,0,2,0,0,0,0,1,,0,0,Auckland Region,Nil,2-way,Sealed,0,0,0,0,50,0,On,0,0,,76,Auckland,Nil,0,0,0,0,0,0,Urban,0,0,0,Fine,Null
1767786.3702,5903860.5074,861372,,524602,0,,0,2,,Null,2022/2023,GREAT SOUTH ROAD OFF RAMP,GREAT SOUTH ROAD,,Non-Injury Crash,No,2023,,South,,0,,Hill Road,,,,,,Bright sun,780506,0,0,0,3,,,0,,,,,,Auckland Region,Nil,1-way,Sealed,,0,0,,50,,Off,0,0,,76,Auckland,Traffic Signals,,,,,0,0,Urban,0,,,Fine,None
1751627.2616,5913181.2874,861374,,514600,0,0,1,1,0,South,2022/2023,BLOCKHOUSE BAY ROAD,CLELAND CRESCENT,,Non-Injury Crash,No,2023,0,South,0,0,0,Hill Road,0,,0,,0,Dark,372300,0,0,0,2,0,0,0,0,1,,0,0,Auckland Region,Nil,2-way,Sealed,0,0,0,0,50,0,On,0,0,,76,Auckland,Nil,0,0,0,0,0,0,Urban,0,0,0,Fine,Null
1762132.7734,5906202.9784,861376,,524200,0,0,0,0,0,South,2023/2024,SOUTH-WESTERN MOTORWAY,MASSEY ROAD OFF RAMP,,Non-Injury Crash,Yes,2024,0,North,0,0,0,Flat,0,,0,,0,Dark,728900,0,0,0,2,0,0,0,0,0,,0,0,Auckland Region,Nil,1-way,Sealed,0,0,0,0,100,0,On,2,0,,76,Auckland,Nil,0,0,0,0,0,0,Open,0,1,0,Fine,Null
1752199.4249,5979409.1183,861378,,506661,0,0,0,1,0,South,2022/2023,MATAKANA VALLEY ROAD,GOVAN WILSON ROAD,,Non-Injury Crash,No,2023,0,North,0,0,0,Hill Road,0,,0,,0,Overcast,138201,0,0,0,2,0,0,0,0,0,,0,0,Auckland Region,Nil,2-way,Sealed,0,0,0,0,100,0,None,0,0,,76,Auckland,Nil,0,0,0,1,0,0,Open,0,0,0,Light rain,Null
1754522.5448,5929655.0623,861384,,508420,0,,0,2,,East,2024/2025,ELLICE ROAD,WOODSON PLACE,,Minor Crash,No,2025,,West,,0,,Flat,,,,,,Bright sun,182603,1,0,0,2,,,0,,,,,,Auckland Region,Nil,2-way,Sealed,,0,0,,50,,Off,0,0,,76,Auckland,Nil,,,,,0,0,Urban,0,,,Fine,Null
1760707.2609,5917519.5166,861387,,516201,0,0,0,0,0,West,2025/2026,COMBES ROAD,ORAKEI ROAD,,Non-Injury Crash,No,2025,0,West,0,0,0,Hill Road,0,,0,,0,Dark,487000,0,0,0,2,0,0,0,0,1,,0,0,Auckland Region,Nil,2-way,Sealed,0,0,0,0,50,0,On,1,0,,76,Auckland,Nil,0,0,0,1,0,0,Urban,1,0,0,Light rain,Null
1770944.6032,5914348.2241,861394,,522722,0,0,0,1,0,Null,2022/2023,BOTANY ROAD,BRADBURY ROAD,,Non-Injury Crash,No,2023,0,North,0,0,0,Flat,0,,0,,0,Overcast,647601,0,0,0,2,0,0,0,0,0,,0,0,Auckland Region,Speed hump,2-way,Sealed,0,0,0,0,50,0,Off,0,0,,76,Auckland,Give way,1,0,0,0,0,0,Urban,0,0,0,Fine,Null
1773542.579,5898828.8782,861395,,523912,0,,0,2,,South,2025/2026,COSGRAVE ROAD,HAMLIN ROAD,,Minor Crash,No,2025,,North,,0,,Flat,,,,,,Dark,765401,1,0,0,2,,,0,,,,,,Auckland Region,Nil,2-way,Sealed,,0,0,,60,,None,0,0,,76,Auckland,Nil,,,,,0,0,Urban,0,,,Light rain,Null
1759636.1583,5909603.5184,861398,,524002,0,,0,3,,South,2022/2023,SOUTH-WESTERN MOTORWAY,HASTIE FTBR,,Non-Injury Crash,Yes,2023,,South,,0,,Flat,,,,,,Bright sun,724102,0,0,0,4,,,0,,,,,,Auckland Region,Nil,1-way,Sealed,,0,0,,100,,Off,0,0,,76,Auckland,Nil,,,,,0,0,Open,0,,,Fine,Null
1747482.9183,5916545.3592,861402,,511601,0,0,0,1,1,North,2022/2023,GLEN MARINE PARADE,BARRYS ROAD,,Non-Injury Crash,No,2023,0,South,0,0,0,Flat,0,,0,,0,Overcast,274100,0,0,0,2,0,0,0,0,0,,0,0,Auckland Region,Nil,2-way,Sealed,0,0,0,0,50,0,Off,0,0,,76,Auckland,Nil,0,0,0,0,0,0,Urban,0,0,0,Fine,Null
1766917.0682,5907645.5949,861404,,523602,0,,0,1,,Null,2023/2024,EAST TAMAKI ROAD,BAIRDS ROAD,,Non-Injury Crash,No,2023,,West,,0,,Flat,,Christmas New Year,,,,Overcast,709300,0,0,0,4,,,0,,,,,,Auckland Region,Nil,2-way,Sealed,,0,0,,50,,Off,1,0,,76,Auckland,Traffic Signals,,,,,0,0,Urban,0,,,Fine,Null
1745345.7021,5920309.5028,861410,,513301,0,,0,0,,South,2022/2023,LINCOLN ROAD,CENTRAL PARK DRIVE,,Non-Injury Crash,No,2023,,South,,0,,Flat,,,,,,Bright sun,230302,0,0,0,4,,,0,,,,,,Auckland Region,Nil,2-way,Sealed,,0,0,,50,,Off,0,0,,76,Auckland,Nil,,,,,1,0,Urban,1,,,Fine,Null
1756030.5788,5920131.2686,861411,,514000,0,0,0,2,0,Null,2025/2026,WELLINGTON STREET,GRATTAN PLACE,,Non-Injury Crash,No,2026,0,West,0,0,0,Hill Road,0,Christmas New Year,0,,0,Dark,415100,0,0,0,2,0,0,0,0,1,,0,0,Auckland Region,Nil,2-way,Sealed,0,0,0,0,50,0,On,0,0,30,76,Auckland,Give way,0,0,0,0,0,0,Urban,0,0,0,Fine,Null
1763265.3559,5908258.3022,861412,,524402,0,,0,1,,Null,2024/2025,MASSEY ROAD,SAVILL DRIVE,,Minor Crash,No,2025,,North,,0,,Flat,,,,,,Bright sun,749900,2,0,0,5,,,0,,,,,,Auckland Region,Nil,2-way,Sealed,,0,0,,50,,Off,0,0,,76,Auckland,Traffic Signals,,,,,0,0,Urban,1,,,Fine,Null
1770381.776,5907189.7142,861416,,523713,0,0,0,1,0,Null,2024/2025,ORMISTON ROAD,BELLINGHAM ROAD,,Minor Crash,No,2024,0,East,0,0,0,Flat,0,,0,,0,Dark,713100,1,0,0,2,0,0,0,0,0,,0,0,Auckland Region,Nil,2-way,Sealed,0,0,0,0,50,0,On,0,0,,76,Auckland,Traffic Signals,0,1,0,0,0,0,Urban,0,0,0,Fine,Null
1745350.171,5917385.5065,861424,,510800,0,,0,2,,Null,2023/2024,GREAT NORTH ROAD,ALDERMAN DRIVE,,Non-Injury Crash,No,2024,,North,,0,,Flat,,Christmas New Year,,,,Dark,241600,0,0,0,8,,,0,,,,,,Auckland Region,Nil,2-way,Sealed,,0,0,,50,,On,0,0,,76,Auckland,Traffic Signals,,,,,0,0,Urban,0,,,Fine,Null
1763092.8003,5912865.7688,861434,,520500,0,,0,2,,West,2022/2023,SOUTHERN MOTORWAY,SEART OBR,,Non-Injury Crash,Yes,2023,,West,,0,,Flat,,,,,,Overcast,637300,0,0,0,3,,,0,,,,,,Auckland Region,Nil,1-way,Sealed,,0,0,,100,,None,0,0,,76,Auckland,Nil,,,,,0,0,Open,0,,,Light rain,Null
1764748.2913,5914846.4715,861443,,520301,0,,0,1,,South,2025/2026,TE HORETA ROAD,MOUNTWELL CRESCENT,,Non-Injury Crash,No,2025,,North,,0,,Flat,,,,,,Bright sun,628203,0,0,0,2,,,0,,,,,,Auckland Region,Tunnel,2-way,Sealed,,0,0,,50,,Off,0,0,,76,Auckland,Nil,,,,,1,0,Urban,0,,,Fine,Null
1755345.5328,5921932.8746,861446,,515202,0,,0,2,,Null,2022/2023,NORTHERN MOTORWAY,CURRAN STREET ON RAMP,,Non-Injury Crash,Yes,2023,,North,,0,,Flat,,,,,,Dark,423600,0,0,0,3,,,0,,,,,,Auckland Region,Motorway ramp,1-way,Sealed,,0,0,,80,,On,0,0,,76,Auckland,Nil,,,,,0,0,Open,0,,,Fine,Null
1749936.4345,5956741.1627,861447,,506613,0,0,0,1,0,South,2025/2026,NORTHERN MOTORWAY,PUHOI SOUTHBOUND ON RAMP,,Non-Injury Crash,Yes,2025,0,South,0,0,0,Flat,1,,0,,0,Overcast,147000,0,0,0,2,0,0,0,0,0,,0,0,Auckland Region,Nil,1-way,Sealed,0,0,0,0,100,0,Off,0,0,,76,Auckland,Nil,0,0,0,0,0,0,Open,0,0,0,Light rain,Null
1763232.5031,5914952.2377,861450,,520401,0,0,0,2,0,South,2023/2024,BANKS ROAD,ELLERSLIE-PANMURE HIGHWAY,,Minor Crash,No,2023,0,East,0,0,0,Flat,0,,0,,0,Twilight,643500,1,0,0,2,0,0,0,0,1,,0,0,Auckland Region,Nil,2-way,Sealed,0,0,0,0,50,0,On,0,0,,76,Auckland,Nil,0,0,0,0,0,0,Urban,0,0,0,Light rain,Null
1754027.9062,5915426.0946,861455,,517702,0,,0,2,,North,2025/2026,MOUNT ALBERT ROAD,BEAGLE AVENUE,,Non-Injury Crash,No,2025,,North,,0,,Flat,,,,,,Bright sun,542400,0,0,0,2,,,0,,,,,,Auckland Region,Nil,2-way,Sealed,,0,0,,50,,Null,0,0,,76,Auckland,Nil,,,,,0,0,Urban,0,,,Fine,Null
1766136.5828,5899336.5655,861456,,524812,0,0,0,1,0,South,2023/2024,WEYMOUTH ROAD,HANAN PLACE,,Non-Injury Crash,No,2023,0,North,0,0,0,Flat,0,,0,,0,Dark,774003,0,0,0,2,0,0,0,0,1,,0,0,Auckland Region,Nil,2-way,Sealed,0,0,0,0,30,0,On,0,0,,76,Auckland,Nil,0,0,0,0,0,0,Urban,1,0,0,Fine,Null
1755781.9071,5918399.8238,861460,,515500,0,,0,1,,East,2023/2024,NORTH-WESTERN MOTORWAY,BOND OBR,,Serious Crash,Yes,2024,,East,,0,,Flat,,,,,,Bright sun,418500,0,0,0,4,,,0,,,,,,Auckland Region,Nil,1-way,Sealed,,0,1,,80,,Off,0,0,,76,Auckland,Nil,,,,,1,0,Open,0,,,Fine,Null
1764853.4929,5907703.9052,861464,,523404,1,,0,1,,Null,2024/2025,GRANGE ROAD,PUIA STREET,,Minor Crash,No,2025,,West,,0,,Flat,,,,,,Overcast,696101,1,0,0,2,,,0,,,,,,Auckland Region,Nil,2-way,Sealed,,0,0,,40,,Off,0,0,30,76,Auckland,Nil,,,,,0,0,Urban,0,,,Fine,Null
1756886.8003,5926344.8366,861475,,509702,0,,0,2,,North,2024/2025,NORTHERN MOTORWAY,ESMONDE ROAD ON RAMP,,Non-Injury Crash,Yes,2025,,North,,0,,Flat,,,,,,Overcast,364602,0,0,0,4,,,0,,,,,,Auckland Region,Nil,1-way,Sealed,,0,0,,100,,Off,0,0,,76,Auckland,Nil,,,,,0,0,Open,1,,,Fine,Null
1744733.2091,5914472.0581,861482,,512903,0,,0,1,,Null,2024/2025,PARRS CROSS ROAD,LEGACY DRIVE,,Minor Crash,No,2024,,West,,0,,Hill Road,,,,,,Dark,278006,1,0,0,2,,,0,,,,,,Auckland Region,Nil,2-way,Sealed,,0,0,,50,,On,0,0,,76,Auckland,Give way,,,,,0,0,Urban,1,,,Light rain,Null
1748574.1246,5945412.2864,861484,,506201,0,,0,2,,Null,2023/2024,DAIRY FLAT HIGHWAY,SILVERDALE ON RAMP,,Non-Injury Crash,No,2023,,East,,0,,Flat,,,,,,Bright sun,176700,0,0,0,2,,,0,,,,,,Auckland Region,Motorway ramp,2-way,Sealed,,0,0,,60,,Off,0,0,,76,Auckland,Give way,,,,,0,0,Urban,0,,,Fine,Null
1753108.5439,5918229.4675,861487,,515003,0,,0,2,,West,2025/2026,NORTH-WESTERN MOTORWAY,ST LUKES ROAD ON RAMP,,Non-Injury Crash,Yes,2025,,West,,0,,Hill Road,,,,,,Bright sun,390502,0,0,0,4,,,0,,,,,,Auckland Region,Nil,1-way,Sealed,,0,0,,80,,Off,0,0,,76,Auckland,Nil,,,,,0,0,Open,1,,,Fine,Null
1758194.1319,5915936.7509,861494,,519300,0,,0,1,,Null,2023/2024,CAMPBELL CRESCENT,MANUKAU ROAD,,Minor Crash,No,2024,,North,,0,,Flat,,,,,,Dark,622900,1,0,0,4,,,0,,,1,,,Auckland Region,Nil,2-way,Sealed,,0,0,,50,,On,0,0,,76,Auckland,Give way,,,,,0,0,Urban,0,,,Fine,Null
1759841.9491,5924462.4556,861496,,509300,1,,0,1,,Null,2023/2024,LAKE ROAD,REGENT STREET,,Non-Injury Crash,No,2024,,East,,0,,Flat,,,,,,Bright sun,340100,0,0,0,2,,,0,,,1,,,Auckland Region,Nil,2-way,Sealed,,0,0,,50,,None,0,0,,76,Auckland,Stop,,,,,0,0,Urban,0,,,Fine,Null
1758822.0756,5912165.7216,861498,,519810,0,,0,3,,Null,2023/2024,SELWYN STREET,CHURCH STREET,,Minor Crash,No,2024,,North,,0,,Flat,,,,,,Bright sun,601600,1,0,0,4,,,0,,,,,,Auckland Region,Nil,2-way,Sealed,,0,0,,50,,Off,0,0,,76,Auckland,Traffic Signals,,,,,0,0,Urban,0,,,Fine,Null
1767498.3506,5904830.6124,861499,,524604,0,,0,3,,South,2025/2026,GREAT SOUTH ROAD,CAVENDISH DRIVE,,Minor Crash,No,2025,,North,,0,,Flat,,,,,,Dark,780209,1,0,0,4,,,0,,,,,,Auckland Region,Nil,1-way,Sealed,,0,0,,50,,On,0,0,,76,Auckland,Nil,,,,,0,0,Urban,0,,,Light rain,Null
1753582.7511,5914744.337,861500,,518801,0,,0,1,,South,2023/2024,DENIZE ROAD,FARRELLY AVENUE,,Non-Injury Crash,No,2023,,North,,0,,Flat,,,,,,Bright sun,576900,0,0,0,2,,,0,,,,,,Auckland Region,Nil,2-way,Sealed,,0,0,,50,,Off,1,0,,76,Auckland,Nil,,,,,0,0,Urban,0,,,Fine,Null
1745318.653,5920112.3619,861507,,513301,0,,0,0,,Null,2024/2025,LINCOLN ROAD,DAYTONA ROAD,,Non-Injury Crash,No,2024,,North,,0,,Flat,,,,,,Overcast,231900,0,0,1,2,,,0,,,,,,Auckland Region,Nil,2-way,Sealed,,0,0,,50,,Off,0,0,,76,Auckland,Give way,,,,,0,0,Urban,1,,,Fine,Null
1763785.5358,5913110.4176,861511,,520402,0,,0,2,,South,2025/2026,MOUNT WELLINGTON HIGHWAY,MAHORA WAY,,Non-Injury Crash,No,2025,,South,,0,,Flat,,,,,,Bright sun,641502,0,0,0,5,,,0,,,,,,Auckland Region,Nil,2-way,Sealed,,0,0,,50,,Off,0,0,,76,Auckland,Nil,,,,,0,0,Urban,0,,,Fine,Null
1770196.659,5906018.079,861512,,523712,0,0,0,2,0,Null,2023/2024,HIKUAWA ROAD,BALLYHOLEY DRIVE,,Non-Injury Crash,No,2024,0,South,0,0,0,Flat,0,,0,,0,Bright sun,713201,0,0,0,2,0,0,0,0,1,,0,0,Auckland Region,Nil,2-way,Sealed,0,0,0,0,50,0,Off,0,0,,76,Auckland,Nil,0,0,0,0,0,0,Urban,0,0,0,Fine,Null
1758649.0679,5908621.5288,861516,,524002,0,0,0,1,0,South,2023/2024,WALLACE ROAD,KAPUKA ROAD,,Non-Injury Crash,No,2023,0,South,0,0,0,Flat,0,,0,,0,Dark,725000,0,0,0,2,0,0,0,0,1,,0,1,Auckland Region,Nil,2-way,Sealed,0,0,0,0,50,0,On,0,0,,76,Auckland,Nil,0,0,0,0,0,0,Urban,1,0,0,Light rain,Null
1742728.1694,5918730.3942,861518,,513213,0,,0,1,,Null,2023/2024,ROBERTSON ROAD,ARNEY ROAD,,Non-Injury Crash,No,2023,,East,,0,,Flat,,,,,,Dark,235105,0,0,1,2,,,0,,,,,,Auckland Region,Nil,2-way,Sealed,,0,0,,50,,On,0,0,,76,Auckland,Give way,,,,,0,0,Urban,0,,,Fine,Null
1757174.4958,5925822.8421,861522,,509702,0,,0,1,,South,2025/2026,ESMONDE ROAD ON RAMP,ESMONDE ROAD,,Non-Injury Crash,No,2025,,South,,0,,Hill Road,,,,,,Twilight,364602,0,0,1,2,,,0,,,,,,Auckland Region,Motorway ramp,1-way,Sealed,,0,0,,50,,On,0,0,,76,Auckland,Nil,,,,,0,0,Urban,1,,,Fine,Null
1771355.9054,5900041.2362,861525,,523911,0,,0,1,,Null,2023/2024,POPES ROAD,PORCHESTER ROAD,,Non-Injury Crash,No,2023,,West,,0,,Flat,,,,,,Bright sun,767202,0,0,1,2,,,0,,,,,,Auckland Region,Nil,2-way,Sealed,,0,0,,60,,Off,0,0,,76,Auckland,Stop,,,,,0,0,Urban,0,,,Fine,Null
1766271.9175,5906110.8098,861526,,522302,0,,0,1,,Null,2024/2025,GREAT SOUTH ROAD,BIRDWOOD AVENUE,,Non-Injury Crash,No,2024,,East,,0,,Flat,,,,,,Dark,668902,0,0,0,2,,,0,,,,,,Auckland Region,Nil,2-way,Sealed,,0,0,,50,,On,0,0,,76,Auckland,Stop,,,,,0,0,Urban,1,,,Fine,Null
1739156.3531,5928669.1527,861530,,505602,0,,0,0,,West,2025/2026,MAIN ROAD,WEZA LANE,,Minor Crash,Yes,2025,,North,,0,,Flat,,,,,,Overcast,215000,1,0,0,2,,,0,,,,,,Auckland Region,Nil,2-way,Sealed,,0,0,,50,,Off,2,0,,76,Auckland,Nil,,,,,0,0,Urban,0,,,Heavy rain,Null
1765167.7105,5914510.0598,861531,,520602,0,,1,1,,Null,2024/2025,LAGOON DRIVE,BASIN VIEW LANE,,Minor Crash,No,2024,,South,,0,,Flat,,,,,,Bright sun,628601,1,0,0,4,,,0,,,,,,Auckland Region,Nil,2-way,Sealed,,1,0,,50,,Off,0,0,,76,Auckland,Traffic Signals,,,,,0,0,Urban,0,,,Fine,Null
1762911.9087,5905640.0234,861535,,524303,0,0,0,1,0,Null,2023/2024,SELFS ROAD,PORTAGE ROAD,,Non-Injury Crash,No,2024,0,North,0,0,0,Hill Road,0,,0,,0,Overcast,746301,0,0,0,2,0,0,0,0,1,,0,0,Auckland Region,Nil,2-way,Sealed,0,0,0,0,50,0,Off,0,0,10,76,Auckland,Give way,0,0,0,0,0,0,Urban,1,0,0,Light rain,Null
1756452.5397,5929784.9901,861539,,507720,0,0,0,2,0,North,2023/2024,SELWYN CRESCENT,WEBB PLACE,,Non-Injury Crash,No,2023,0,North,0,0,0,Flat,0,,0,,0,Bright sun,311500,0,0,0,2,0,0,0,0,1,,0,0,Auckland Region,Nil,2-way,Sealed,0,0,0,0,50,0,Off,0,0,,76,Auckland,Nil,0,0,0,0,0,0,Urban,0,0,0,Fine,Null
1766741.393,5903992.3426,861542,,524604,0,0,0,2,0,West,2025/2026,LAMBIE DRIVE OFF RAMP,LAMBIE DRIVE,,Non-Injury Crash,No,2025,0,East,0,0,0,Flat,0,,0,,0,Dark,780209,0,0,0,3,0,0,0,0,0,,0,0,Auckland Region,Motorway ramp,1-way,Sealed,0,0,0,0,60,0,On,0,0,,76,Auckland,Nil,0,0,0,0,0,0,Urban,0,1,0,Light rain,Null
1763357.8668,5907411.0691,861546,,524301,0,0,0,3,0,South,2024/2025,EARLSWORTH ROAD,LOTUS LANE,,Non-Injury Crash,No,2025,0,North,0,0,0,Hill Road,0,,0,,0,Dark,748000,0,0,0,0,0,0,0,0,2,,0,0,Auckland Region,Nil,2-way,Sealed,0,0,0,0,50,0,On,0,0,,76,Auckland,Nil,0,0,0,0,0,0,Urban,0,0,0,Fine,Null
1734111.6382,5931171.1257,861547,,505605,0,0,0,0,0,North,2023/2024,WAIKOUKOU VALLEY ROAD,TAYLOR ROAD,,Non-Injury Crash,No,2023,0,East,1,0,1,Flat,0,,0,,0,Overcast,215700,0,0,0,2,0,0,0,0,0,,0,0,Auckland Region,Nil,2-way,Sealed,0,0,0,0,80,0,Off,0,0,,76,Auckland,Nil,0,0,0,1,0,0,Open,1,0,0,Light rain,Null
1756016.7117,5917482.7466,861557,,518201,0,,0,2,,West,2023/2024,WALTERS ROAD,DOMINION ROAD,,Non-Injury Crash,No,2023,,North,,0,,Flat,,,,,,Dark,548500,0,0,0,2,,,0,,,,,,Auckland Region,Nil,2-way,Sealed,,0,0,,50,,None,0,0,,76,Auckland,Nil,,,,,0,0,Urban,0,,,Fine,Null
1759905.1281,5915773.4822,861558,,516003,0,,0,1,,Null,2025/2026,GREEN LANE EAST,GREAT SOUTH ROAD,,Non-Injury Crash,No,2025,,West,,0,,Null,,,,,,Bright sun,495200,0,0,0,4,,,0,,,,,,Auckland Region,Nil,1-way,Sealed,,0,0,,50,,Null,0,0,,76,Auckland,Traffic Signals,,,,,0,1,Urban,0,,,Fine,Null