X,Y,OBJECTID,advisorySpeed,areaUnitID,bicycle,bridge,bus,carStationWagon,cliffBank,crashDirectionDescription,crashFinancialYear,crashLocation1,crashLocation2,crashRoadSideRoad,crashSeverity,crashSHDescription,crashYear,debris,directionRoleDescription,ditch,fatalCount,fence,flatHill,guardRail,holiday,houseOrBuilding,intersection,kerb,light,meshblockId,minorInjuryCount,moped,motorcycle,NumberOfLanes,objectThrownOrDropped,otherObject,otherVehicleType,overBank,parkedVehicle,pedestrian,phoneBoxEtc,postOrPole,region,roadCharacter,roadLane,roadSurface,roadworks,schoolBus,seriousInjuryCount,slipOrFlood,speedLimit,strayAnimal,streetLight,suv,taxi,temporarySpeedLimit,tlaId,tlaName,trafficControl,trafficIsland,trafficSign,train,tree,truck,unknownVehicleType,urban,vanOrUtility,vehicle,waterRiver,weatherA,weatherB
1749938.1779,5946083.1001,861559,,506001,0,,0,1,,Null,2023/2024,HIBISCUS COAST HIGHWAY,SILVERDALE STREET,,Non-Injury Crash,No,2023,,East,,0,,Flat,,,,,,Overcast,175400,0,0,0,2,,,0,,,,,,Auckland Region,Nil,1-way,Sealed,,0,0,,60,,Off,0,0,,76,Auckland,Give way,,,,,0,0,Urban,1,,,Light rain,Null
1756106.0771,5923776.4646,861561,,509800,0,,0,2,,South,2023/2024,NORTHERN MOTORWAY,WEIGH BRIDGE,,Non-Injury Crash,Yes,2023,,South,,0,,Flat,,Christmas New Year,,,,Bright sun,358800,0,0,0,4,,,0,,,,,,Auckland Region,Nil,1-way,Sealed,,0,0,,80,,Off,0,0,,76,Auckland,Nil,,,,,0,0,Open,0,,,Fine,Null
1764301.2421,5914940.2259,861566,,520301,0,,0,0,,Null,2024/2025,ELLERSLIE-PANMURE HIGHWAY,MOUNTAIN ROAD,,Non-Injury Crash,No,2025,,East,,0,,Hill Road,,,,,,Overcast,626404,0,0,0,4,,,0,,,,,,Auckland Region,Nil,2-way,Sealed,,0,0,,50,,Off,0,0,,76,Auckland,Give way,,,,,0,0,Urban,2,,,Fine,Null
1754829.5294,5917542.426,861569,,517500,0,0,0,0,0,Null,2023/2024,MCDONALD STREET,ALTHAM AVENUE,,Non-Injury Crash,No,2023,0,West,0,0,0,Flat,0,,0,,0,Dark,532101,0,0,0,2,0,0,0,0,1,,0,0,Auckland Region,Nil,2-way,Sealed,0,0,0,0,50,0,On,2,0,40,76,Auckland,Give way,0,0,0,0,0,0,Urban,0,0,0,Fine,Null
1745192.9782,5918801.0418,861573,,513302,0,,0,2,,Null,2022/2023,LINCOLN ROAD,FAIRDENE AVENUE,,Non-Injury Crash,No,2023,,North,,0,,Flat,,,,,,Overcast,230802,0,0,0,4,,,0,,,,,,Auckland Region,Nil,2-way,Sealed,,0,0,,50,,Off,0,0,,76,Auckland,Give way,,,,,0,0,Urban,0,,,Light rain,Null
1763802.0193,5907394.606,861574,,524301,0,,0,1,,East,2025/2026,GRAY AVENUE,ORAKAU ROAD,,Serious Crash,No,2025,,North,,0,,Hill Road,,,,,,Overcast,748100,1,0,0,2,,,0,,,,,,Auckland Region,Nil,2-way,Sealed,,0,1,,50,,Off,1,0,,76,Auckland,Nil,,,,,0,0,Urban,0,,,Light rain,Null
1762947.511,5916035.5131,861578,,516302,0,0,0,2,0,East,2025/2026,ABBOTTS WAY,WINSTONE DRIVE,,Non-Injury Crash,No,2025,0,East,0,0,0,Flat,0,,0,,0,Overcast,463602,0,0,0,2,0,0,0,0,1,,0,0,Auckland Region,Nil,2-way,Sealed,0,0,0,0,50,0,Off,0,0,,76,Auckland,Nil,0,0,0,0,0,0,Urban,0,0,0,Fine,Null
1754652.1934,5916525.3938,861579,,517702,0,,0,2,,Null,2023/2024,ST LUKES ROAD,CORNWALLIS STREET,,Non-Injury Crash,No,2023,,West,,0,,Flat,,,,,,Twilight,540300,0,0,0,5,,,0,,,,,,Auckland Region,Nil,2-way,Sealed,,0,0,,50,,Off,0,0,,76,Auckland,Traffic Signals,,,,,0,0,Urban,0,,,Fine,Null
1769909.6276,5899697.512,861582,,523911,0,,0,1,,South,2025/2026,TAKANINI OFF RAMP,SOUTHERN MOTORWAY,,Non-Injury Crash,No,2025,,North,,0,,Flat,,,,,,Twilight,766500,0,0,0,1,,,0,,,,,,Auckland Region,Motorway ramp,1-way,Sealed,,0,0,,100,,On,1,0,,76,Auckland,Nil,,,,,0,0,Open,0,,,Light rain,Null
1728816.4669,5933042.1311,861586,,506652,0,,0,1,,Null,2025/2026,SH 16,KIWITAHI ROAD,,Minor Crash,Yes,2025,,South,,0,,Flat,,Labour Weekend,,,,Overcast,218300,1,0,0,2,,,0,,,,,,Auckland Region,Nil,2-way,Sealed,,0,0,,100,,None,1,0,,76,Auckland,Stop,,,,,0,0,Open,0,,,Fine,Null
1747171.7236,5919792.3112,861590,,512300,0,0,0,1,0,North,2025/2026,TE ATATU ROAD ON RAMP,TE ATATU ROAD,,Non-Injury Crash,No,2025,0,South,0,0,0,Flat,1,,0,,0,Bright sun,251700,0,0,0,2,0,0,0,0,0,,0,0,Auckland Region,Motorway ramp,1-way,Sealed,0,0,0,0,100,0,Off,0,0,,76,Auckland,Nil,0,0,0,0,0,0,Open,0,0,0,Fine,Null
1756215.8836,5932987.7082,861598,,507400,1,,0,0,,Null,2024/2025,BEACH ROAD,HYTHE TERRACE,,Non-Injury Crash,No,2024,,North,,0,,Null,,,,,,Unknown,152700,1,0,0,2,,,0,,,,,,Auckland Region,Nil,2-way,Sealed,,0,0,,50,,Null,1,0,,76,Auckland,Give way,,,,,0,0,Urban,0,,,Fine,Null
1758981.0142,5912667.95,861601,,519820,0,,0,2,,Null,2023/2024,ONEHUNGA MALL,GREY STREET,,Non-Injury Crash,No,2023,,North,,0,,Hill Road,,,,,,Dark,600400,0,0,0,2,,,0,,,,,,Auckland Region,Nil,2-way,Sealed,,0,0,,50,,On,0,0,,76,Auckland,Stop,,,,,0,0,Urban,0,,,Fine,Null
1753426.2119,5929762.5916,861611,,508411,0,0,0,4,0,Null,2023/2024,GLENFIELD ROAD,SUNSET ROAD,,Non-Injury Crash,No,2024,0,South,0,0,0,Hill Road,1,,0,,0,Dark,183902,0,0,0,4,0,0,0,0,1,,0,0,Auckland Region,Nil,2-way,Sealed,0,0,0,0,50,0,On,0,0,,76,Auckland,Give way,0,0,0,0,0,0,Urban,0,0,0,Fine,Null
1742521.2956,5921972.2679,861614,,513610,0,,1,1,,South,2024/2025,RED HILLS ROAD,BIRDWOOD ROAD,,Non-Injury Crash,No,2025,,South,,0,,Flat,,,,,,Bright sun,226503,0,0,0,2,,,0,,,,,,Auckland Region,Nil,2-way,Sealed,,0,0,,50,,None,0,0,,76,Auckland,Nil,,,,,0,0,Urban,0,,,Fine,Null
1769640.8784,5900670.7256,861615,,524902,0,,0,1,,West,2024/2025,MCANNALLEY STREET,BROWNING STREET,,Minor Crash,No,2025,,East,,0,,Flat,,,,,,Bright sun,758000,1,0,0,2,,,0,,,1,,,Auckland Region,Nil,2-way,Sealed,,0,0,,50,,Off,0,0,,76,Auckland,Nil,,,,,0,0,Urban,0,,,Fine,Null
1765483.843,5901847.5061,861618,,524604,0,0,0,1,0,South,2024/2025,ROSCOMMON ROAD,BOLDERWOOD PLACE,,Non-Injury Crash,No,2025,1,South,0,0,0,Hill Road,0,,0,,0,Dark,781302,0,0,0,2,0,0,0,0,0,,0,0,Auckland Region,Nil,1-way,Sealed,0,0,0,0,60,0,On,0,0,,76,Auckland,Nil,0,0,0,0,0,0,Urban,1,0,0,Fine,Null
1746130.4088,5907598.4563,861622,,512801,0,0,0,2,0,North,2024/2025,SANDYS PARADE,WESTERN ROAD,,Non-Injury Crash,No,2025,0,North,0,0,0,Flat,0,,0,,0,Bright sun,302205,0,0,0,2,0,0,0,0,1,,0,0,Auckland Region,Nil,2-way,Sealed,0,0,0,0,50,0,Off,0,0,,76,Auckland,Nil,0,0,0,0,0,0,Urban,0,0,0,Fine,Null
1756877.4376,5919910.8826,861634,,514102,0,0,0,2,0,North,2024/2025,VINCENT STREET,PITT STREET,,Non-Injury Crash,No,2025,0,South,0,0,0,Null,0,,0,,0,Bright sun,434802,0,0,0,4,0,0,0,0,1,,0,0,Auckland Region,Nil,2-way,Sealed,0,0,0,0,30,0,Null,0,0,,76,Auckland,Nil,0,0,0,0,0,0,Urban,0,0,0,Fine,Null
1758804.9481,5919517.3112,861635,,515902,0,,0,1,,South,2023/2024,PARNELL ROAD,GIBRALTAR CRESCENT,,Serious Crash,No,2023,,North,,0,,Hill Road,,,,,,Bright sun,452900,0,0,0,2,,,0,,,1,,,Auckland Region,Nil,2-way,Sealed,,0,1,,50,,Off,0,0,,76,Auckland,Nil,,,,,0,0,Urban,0,,,Fine,Null
1745601.6486,5916444.7511,861637,,510800,0,,0,1,,Null,2022/2023,VITASOVICH AVENUE,VIEW ROAD,,Non-Injury Crash,No,2023,,South,,0,,Flat,,,,,,Overcast,243300,0,0,0,2,,,0,,,,,,Auckland Region,Nil,2-way,Sealed,,0,0,,50,,Off,0,0,,76,Auckland,Traffic Signals,,,,,0,0,Urban,1,,,Light rain,Strong wind
1754640.3327,5920211.129,861638,,515301,0,0,0,1,0,Null,2024/2025,KELMARNA AVENUE,HUKANUI CRESCENT,,Non-Injury Crash,No,2025,0,South,0,0,1,Flat,0,,0,,0,Dark,426700,0,0,0,2,0,0,0,0,0,,0,0,Auckland Region,Nil,2-way,Sealed,0,0,0,0,50,0,On,0,0,,76,Auckland,Nil,0,0,0,0,0,0,Urban,0,0,0,Fine,Null
1747161.6779,5943576.1567,861645,,506614,0,,0,1,,South,2023/2024,DAIRY FLAT HIGHWAY,WILKS ROAD WEST,,Minor Crash,No,2024,,North,,0,,Hill Road,,,,,,Overcast,177803,1,0,0,2,,,0,,,,,,Auckland Region,Nil,2-way,Sealed,,0,0,,60,,None,0,0,,76,Auckland,Pointsman,,,,,1,0,Urban,0,,,Fine,Null
1757532.3357,5912963.5491,861646,,519810,0,0,0,1,0,Null,2024/2025,QUEENSTOWN ROAD,HERD ROAD,,Non-Injury Crash,No,2025,0,South,0,0,0,Flat,0,,0,,0,Dark,596700,0,0,0,2,0,0,0,0,0,,0,0,Auckland Region,Nil,2-way,Sealed,0,0,0,0,50,0,Off,0,0,,76,Auckland,Traffic Signals,0,1,0,0,0,0,Urban,0,0,0,Light rain,Null
1770759.673,5911662.1821,861650,,523106,0,0,0,0,0,Null,2024/2025,TARNICA ROAD,AMBLESIDE DRIVE,,Non-Injury Crash,No,2025,0,South,0,0,0,Flat,0,,0,,0,Dark,711129,0,0,0,2,0,0,0,0,0,,0,0,Auckland Region,Nil,2-way,Sealed,0,0,0,0,50,0,On,1,0,,76,Auckland,Nil,0,0,0,1,0,0,Urban,0,0,0,Fine,Null
1760567.8838,5889833.9998,861651,,521122,0,0,0,0,0,East,2023/2024,LINWOOD ROAD,MCROBBIE ROAD,,Minor Crash,No,2024,0,West,1,0,1,Flat,0,,0,,0,Bright sun,810901,2,0,0,2,0,0,0,0,0,,0,0,Auckland Region,Nil,2-way,Sealed,0,0,0,0,80,0,None,1,0,,76,Auckland,Nil,0,0,0,0,0,0,Open,0,0,0,Fine,Null
1748801.8192,5937089.5358,861654,,506300,0,,0,0,,North,2025/2026,DAIRY FLAT HIGHWAY,POTTER ROAD,,Non-Injury Crash,No,2025,,North,,0,,Hill Road,,,,,,Dark,176004,0,0,0,2,,,0,,,,,,Auckland Region,Nil,2-way,Sealed,,0,0,,80,,On,0,0,,76,Auckland,Nil,,,,,1,0,Open,0,,,Fine,Null
1751164.8802,5915491.2156,861658,,514401,0,,0,2,,Null,2025/2026,GREAT NORTH ROAD,ROSEBANK ROAD,,Minor Crash,No,2025,,South,,0,,Flat,,,,,,Dark,381802,2,0,0,3,,,0,,,,,,Auckland Region,Nil,2-way,Sealed,,0,0,,50,,On,0,0,,76,Auckland,Traffic Signals,,,,,0,0,Urban,0,,,Fine,Null
1754881.5339,5918651.5739,861666,,515420,1,,0,1,,South,2025/2026,GREAT NORTH ROAD,TUARANGI ROAD,,Minor Crash,No,2025,,South,,0,,Flat,,,,,,Overcast,404700,1,0,0,3,,,0,,,,,,Auckland Region,Nil,2-way,Sealed,,0,0,,50,,Off,0,0,,76,Auckland,Nil,,,,,0,0,Urban,1,,,Fine,Null
1765421.21,5913889.693,861667,,520602,0,,0,0,,Null,2022/2023,CHURCH CRESCENT,SOUTH EASTERN BUSWAY,,Non-Injury Crash,No,2023,,North,,0,,Flat,,,,,,Dark,629600,0,0,0,4,,,0,,,,,,Auckland Region,Nil,2-way,Sealed,,0,0,,50,,On,0,0,,76,Auckland,Traffic Signals,,,,,0,0,Urban,2,,,Fine,Null
1743695.9441,5919342.0638,861675,,513213,0,,0,2,,Null,2024/2025,SWANSON ROAD,UNIVERSAL DRIVE,,Minor Crash,No,2024,,North,,0,,Flat,,,,,,Dark,235802,1,0,0,2,,,0,,,,,,Auckland Region,Nil,1-way,Sealed,,0,0,,50,,On,0,0,,76,Auckland,Give way,,,,,0,0,Urban,0,,,Fine,Null
1760061.9872,5908965.5884,861681,,524403,0,0,0,1,0,North,2023/2024,MAHUNGA DRIVE,MAHUNGA DRIVE,,Non-Injury Crash,No,2023,0,North,0,0,0,Flat,0,,0,,0,Dark,729500,0,0,0,2,0,0,0,0,1,,0,0,Auckland Region,Nil,2-way,Sealed,0,0,0,0,50,0,On,0,0,,76,Auckland,Nil,0,0,0,0,1,0,Urban,0,0,0,Fine,Null
1760060.6722,5906986.505,861683,,524111,0,,0,2,,Null,2024/2025,MANGERE TOWN SQUARE,MANGERE TOWN SQUARE,,Non-Injury Crash,No,2024,,North,,0,,Flat,,,,,,Overcast,740500,0,0,0,2,,,0,,,,,,Auckland Region,Nil,2-way,Sealed,,0,0,,30,,Off,0,0,,76,Auckland,Give way,,,,,0,0,Urban,0,,,Light rain,Null
1752558.3259,5918789.5363,861685,,515002,0,0,0,0,0,North,2023/2024,MOA ROAD,KANUKA STREET,,Non-Injury Crash,No,2023,0,North,0,0,0,Hill Road,0,,0,,0,Overcast,396800,0,0,0,2,0,0,0,0,0,,0,1,Auckland Region,Nil,2-way,Sealed,0,0,0,0,50,0,Off,0,0,,76,Auckland,Nil,0,0,0,0,1,0,Urban,0,0,0,Light rain,Null
1774243.4832,5897296.7855,861689,,525630,0,0,0,1,0,North,2023/2024,CLEVEDON ROAD,COSGRAVE ROAD,,Non-Injury Crash,No,2023,0,South,0,0,0,Flat,0,,0,,0,Dark,795900,0,0,0,2,0,0,0,0,1,,0,0,Auckland Region,Nil,2-way,Sealed,0,0,0,0,50,0,On,0,0,,76,Auckland,Nil,0,0,0,0,1,0,Urban,0,0,0,Fine,Null
1769087.329,5913571.059,861695,,522723,0,0,0,2,0,North,2023/2024,CASCADES ROAD,LADY MARIE DRIVE,,Minor Crash,No,2023,0,South,0,0,0,Flat,0,,0,,0,Dark,682301,1,0,0,2,0,0,0,0,2,,0,0,Auckland Region,Nil,2-way,Sealed,0,0,0,0,50,0,On,0,0,,76,Auckland,Nil,0,0,0,0,0,0,Urban,1,0,0,Fine,Null
1758958.9842,5904082.6432,861701,,524200,0,,0,2,,Null,2023/2024,GEORGE BOLT MEMORIAL DRIVE,JOSEPH HAMMOND ROAD,,Non-Injury Crash,No,2023,,West,,0,,Flat,,,,,,Twilight,727200,0,0,0,3,,,0,,,,,,Auckland Region,Nil,2-way,Sealed,,0,0,,60,,On,0,1,50,76,Auckland,Traffic Signals,,,,,0,0,Urban,0,,,Fine,Null
1761039.4512,5911863.4236,861706,,520000,0,,0,1,,Null,2025/2026,NEILSON STREET,EDINBURGH STREET,,Minor Crash,No,2025,,East,,0,,Flat,,,,,,Overcast,608000,2,0,0,2,,,0,,,,,,Auckland Region,Nil,2-way,Sealed,,0,0,,50,,On,0,0,,76,Auckland,Give way,,,,,1,0,Urban,1,,,Light rain,Frost
1774030.5424,5897528.7006,861707,,525630,0,,0,2,,Null,2022/2023,COSGRAVE ROAD,OLD WAIROA ROAD,,Non-Injury Crash,No,2023,,North,,0,,Flat,,,,,,Overcast,795802,0,0,0,2,,,0,,,,,,Auckland Region,Nil,2-way,Sealed,,0,0,,50,,Off,0,0,,76,Auckland,Stop,,,,,0,0,Urban,0,,,Fine,Null
1754787.7918,5930841.2247,861710,,508520,0,,0,2,,South,2024/2025,SALAMANCA ROAD,TAHU CRESCENT,,Non-Injury Crash,No,2024,,North,,0,,Flat,,,,,,Overcast,191104,0,0,0,2,,,0,,,,,,Auckland Region,Nil,2-way,Sealed,,0,0,,50,,Off,0,0,,76,Auckland,Nil,,,,,0,0,Urban,0,,,Light rain,Null
1759512.2933,5916393.0298,861715,,516002,0,,0,2,,South,2023/2024,SOUTHERN MOTORWAY,OMAHU OBR,,Non-Injury Crash,Yes,2023,,South,,0,,Flat,,,,,,Dark,492000,0,0,0,4,,,0,,,,,,Auckland Region,Nil,1-way,Sealed,,0,0,,100,,On,0,0,,76,Auckland,Nil,,,,,0,0,Open,0,,,Fine,Null
1749917.2742,5879827.4178,861719,,521151,0,0,0,1,0,South,2023/2024,AWHITU ROAD,PARAKAU ROAD,,Non-Injury Crash,No,2024,0,North,0,0,0,Hill Road,0,,0,,0,Overcast,830800,0,0,0,2,0,0,0,0,0,,0,1,Auckland Region,Nil,2-way,Sealed,0,0,0,0,100,0,Off,0,0,,76,Auckland,Nil,0,0,0,0,0,0,Open,0,0,0,Light rain,Null
1762059.4489,5906275.0127,861725,,524200,0,,0,1,,South,2023/2024,SOUTH-WESTERN MOTORWAY,MASSEY ROAD ON RAMP,,Non-Injury Crash,Yes,2024,,South,,0,,Flat,,,,,,Dark,728900,0,0,0,2,,,0,,,,,,Auckland Region,Nil,1-way,Sealed,,0,0,,100,,On,0,0,,76,Auckland,Nil,,,,,0,0,Open,1,,,Fine,Null
1762980.3754,5907981.9866,861731,,524530,0,0,0,4,0,West,2023/2024,VINE STREET,MASSEY ROAD,,Non-Injury Crash,No,2024,0,East,0,0,0,Flat,0,,0,,0,Overcast,733300,0,0,0,2,0,0,0,0,2,,0,0,Auckland Region,Nil,2-way,Sealed,0,0,0,0,30,0,Null,1,0,,76,Auckland,Nil,0,0,0,1,0,0,Urban,1,0,0,Light rain,Null
1767460.8758,5904884.9865,861737,,524604,0,,0,1,,South,2023/2024,GREAT SOUTH ROAD,CAVENDISH DRIVE,,Non-Injury Crash,No,2024,,North,,0,,Flat,,,,,,Bright sun,780209,0,0,0,4,,,0,,,1,,,Auckland Region,Nil,2-way,Sealed,,0,0,,50,,Off,2,0,,76,Auckland,Nil,,,,,0,0,Urban,1,,,Fine,Null
1773096.2503,5893608.028,861746,,521301,0,0,0,0,0,East,2024/2025,GATLAND ROAD,GREAT SOUTH ROAD,,Non-Injury Crash,No,2025,0,East,0,0,0,Flat,0,,0,,0,Dark,808501,0,0,0,2,0,1,0,0,0,,0,0,Auckland Region,Nil,2-way,Sealed,0,0,0,0,50,0,On,0,0,,76,Auckland,Nil,0,0,0,1,0,0,Urban,1,0,0,Fine,Null
1741209.9954,5911602.5996,861761,25,512902,0,0,0,1,0,East,2023/2024,WEST COAST ROAD,TUI CRESCENT,,Non-Injury Crash,No,2023,0,East,0,0,0,Hill Road,0,,0,,0,Dark,279102,0,0,0,2,0,0,0,0,0,,0,0,Auckland Region,Nil,2-way,Sealed,0,0,0,0,70,0,On,0,0,,76,Auckland,Nil,0,0,0,1,0,0,Urban,0,0,0,Light rain,Null
1755093.6232,5929153.055,861769,,508420,0,,0,2,,Null,2023/2024,WAIRAU ROAD,VIEW ROAD,,Minor Crash,No,2023,,North,,0,,Hill Road,,,,,,Overcast,183800,1,0,0,5,,,0,,,,,,Auckland Region,Nil,2-way,Sealed,,0,0,,50,,Off,0,0,,76,Auckland,Give way,,,,,0,0,Urban,0,,,Light rain,Null
1753515.4469,5924364.244,861774,,510402,0,,0,1,,South,2025/2026,COLONIAL ROAD,MOKOIA ROAD,,Non-Injury Crash,No,2025,,South,,0,,Null,,,,,,Bright sun,351401,0,0,0,0,,,0,,,,,,Auckland Region,Nil,Null,Sealed,,0,0,,,,Null,1,0,,76,Auckland,Nil,,,,,0,0,Urban,0,,,Fine,Null
1764969.0206,5903698.5017,861775,,524604,0,,0,3,,West,2023/2024,CAVENDISH DRIVE OFF RAMP,SOUTH-WESTERN MOTORWAY,,Minor Crash,No,2024,,East,,0,,Hill Road,,Easter,,,,Dark,781302,1,0,0,1,,,0,,,,,,Auckland Region,Motorway ramp,1-way,Sealed,,0,0,,50,,On,0,0,,76,Auckland,Nil,,,,,0,0,Urban,0,,,Fine,Null
1765435.8753,5914407.1257,861778,,520602,1,,0,1,,South,2025/2026,CHURCH CRESCENT,DOMAIN ROAD,,Minor Crash,No,2025,,North,,0,,Hill Road,,,,,,Bright sun,629400,1,0,0,2,,,0,,,,,,Auckland Region,Nil,2-way,Sealed,,0,0,,50,,Off,0,0,,76,Auckland,Nil,,,,,0,0,Urban,0,,,Fine,Null
1770851.5209,5899860.6521,861781,,523911,0,,0,1,,Null,2023/2024,TAKANINI SCHOOL ROAD,POPES ROAD,,Minor Crash,No,2023,,South,,0,,Flat,,,,,,Overcast,766600,1,0,0,2,,,0,,,,,,Auckland Region,Nil,2-way,Sealed,,0,0,,50,,Off,1,0,,76,Auckland,Give way,,,,,0,0,Urban,0,,,Fine,Null
1745629.7452,5920284.1342,861782,,513301,0,,0,1,,East,2025/2026,CENTRAL PARK DRIVE,SOLJAN DRIVE,,Non-Injury Crash,No,2025,,East,,0,,Flat,,,,,,Bright sun,230301,0,0,0,2,,,0,,,,,,Auckland Region,Nil,2-way,Sealed,,0,0,,50,,None,0,0,,76,Auckland,Nil,,,,,0,0,Urban,1,,,Fine,Null
1769931.5367,5906458.7788,861787,,523712,0,,0,3,,Null,2023/2024,FLAT BUSH SCHOOL ROAD,DONEGAL PARK DRIVE,,Non-Injury Crash,No,2024,,West,,0,,Flat,,Easter,,,,Dark,713201,0,0,0,2,,,0,,,,,,Auckland Region,Nil,2-way,Sealed,,0,0,,50,,On,0,0,,76,Auckland,Give way,,,,,0,0,Urban,0,,,Fine,Null
1744230.1086,5919511.6089,861789,,513301,0,,0,1,,West,2023/2024,HARRINGTON ROAD,ASCOT AVENUE,,Minor Crash,No,2024,,West,,0,,Flat,,,,,,Bright sun,233900,1,0,0,2,,,0,,,1,,,Auckland Region,Nil,2-way,Sealed,,0,0,,50,,Off,0,0,,76,Auckland,Nil,,,,,0,0,Urban,0,,,Fine,Null
1768358.8855,5900523.9933,861793,,525101,0,,0,2,,North,2022/2023,BOWATER PLACE,PERCIVAL STREET,,Non-Injury Crash,No,2023,,North,,0,,Flat,,Easter,,,,Dark,771100,0,0,0,2,,,0,,,,,,Auckland Region,Nil,2-way,Sealed,,0,0,,50,,On,0,0,,76,Auckland,Nil,,,,,0,0,Urban,0,,,Fine,Null
1773129.3577,5895278.4976,861795,,525410,0,0,0,1,0,Null,2023/2024,OPAHEKE ROAD,BUTTERWORTH AVENUE,,Non-Injury Crash,No,2023,0,South,0,0,0,Flat,0,,0,,0,Dark,793700,0,0,0,2,0,0,0,0,0,,0,1,Auckland Region,Nil,2-way,Sealed,0,0,0,0,50,0,On,0,0,,76,Auckland,Give way,0,1,0,0,0,0,Urban,0,0,0,Fine,Null
1769808.3352,5900552.2298,861797,,524902,0,,0,2,,South,2022/2023,MYERS ROAD,SCOTTS ROAD,,Non-Injury Crash,No,2023,,East,,0,,Flat,,,,,,Dark,759100,0,0,0,2,,,0,,,,,,Auckland Region,Nil,2-way,Sealed,,0,0,,50,,On,0,0,,76,Auckland,Nil,,,,,0,0,Urban,0,,,Fine,Null
1738004.2861,5928204.3064,861806,,505602,0,0,0,1,0,West,2024/2025,ACCESS ROAD,WOOKEY LANE,,Non-Injury Crash,No,2024,0,North,0,0,0,Hill Road,0,,0,,0,Bright sun,214900,0,0,0,2,0,0,0,0,0,,0,1,Auckland Region,Nil,2-way,Sealed,0,0,0,0,80,0,None,0,0,,76,Auckland,Nil,0,0,0,0,0,0,Open,0,0,0,Fine,Null
1752713.046,5914073.8602,861807,,514500,0,,0,2,,East,2023/2024,MAIORO STREET,NEW WINDSOR ROAD,,Minor Crash,No,2023,,East,,0,,Flat,,,,,,Dark,376500,1,0,0,4,,,0,,,,,,Auckland Region,Nil,2-way,Sealed,,0,0,,50,,On,0,0,,76,Auckland,Nil,,,,,0,0,Urban,0,,,Fine,Null
1765280.9393,5906831.0986,861810,,522201,0,0,0,1,0,South,2024/2025,RANGITOTO ROAD,SHIRLEY ROAD,,Non-Injury Crash,No,2024,0,West,0,0,0,Flat,0,,0,,0,Bright sun,662200,0,0,0,2,0,0,0,0,1,,0,0,Auckland Region,Nil,2-way,Sealed,0,0,0,0,50,0,Off,0,0,,76,Auckland,Nil,0,0,0,0,0,0,Urban,0,0,0,Fine,None
1749647.1791,5958040.7011,861814,,506613,0,0,0,0,0,South,2024/2025,POHUEHUE ROAD,HUNGRY CREEK ROAD,,Non-Injury Crash,No,2024,0,North,0,0,1,Null,0,,0,,0,Unknown,147106,0,0,0,2,0,0,0,0,0,,0,0,Auckland Region,Nil,2-way,Null,0,0,0,0,80,0,Null,0,0,,76,Auckland,Nil,0,0,0,0,0,0,Open,1,0,0,Null,Null
1757382.723,5928943.1298,861823,,507800,0,,0,2,,Null,2023/2024,KITCHENER ROAD,SHAKESPEARE ROAD,,Non-Injury Crash,No,2023,,East,,0,,Flat,,,,,,Dark,307300,0,0,0,3,,,0,,,,,,Auckland Region,Nil,2-way,Sealed,,0,0,,50,,On,0,0,,76,Auckland,Traffic Signals,,,,,0,0,Urban,0,,,Fine,Null
1753716.5258,5912654.242,861826,,518901,0,0,0,2,0,West,2025/2026,PENNEY AVENUE,BOYCE AVENUE,,Non-Injury Crash,No,2025,0,East,0,0,0,Flat,0,,0,,0,Bright sun,585900,0,0,0,2,0,0,0,0,1,,0,0,Auckland Region,Nil,2-way,Sealed,0,0,0,0,50,0,Off,0,0,,76,Auckland,Nil,0,0,0,0,0,0,Urban,1,0,0,Fine,Null
1769666.057,5907085.9994,861829,,523713,0,,0,2,,South,2022/2023,CHAPEL ROAD,FUSION ROAD,,Non-Injury Crash,No,2023,,North,,0,,Flat,,,,,,Overcast,713100,0,0,0,2,,,0,,,,,,Auckland Region,Nil,2-way,Sealed,,0,0,,50,,Off,0,0,,76,Auckland,Nil,,,,,0,0,Urban,0,,,Light rain,Null
1753006.1767,5918206.3794,861831,,515002,0,0,0,3,0,East,2023/2024,NORTH-WESTERN MOTORWAY,CARRINGTON OBR,,Non-Injury Crash,Yes,2023,0,East,0,0,0,Flat,1,Christmas New Year,0,,0,Twilight,390501,0,0,0,8,0,0,0,0,0,,0,0,Auckland Region,Nil,2-way,Sealed,0,0,0,0,100,0,On,0,0,,76,Auckland,Nil,0,0,0,0,0,0,Open,0,0,0,Heavy rain,Null
1751693.6829,5933985.3784,861833,,508701,0,,0,3,,South,2022/2023,DAIRY FLAT HIGHWAY,ALBANY EXPRESSWAY,,Non-Injury Crash,No,2023,,North,,0,,Flat,,,,,,Twilight,178800,0,0,0,2,,,0,,,,,,Auckland Region,Nil,1-way,Sealed,,0,0,,50,,On,0,0,,76,Auckland,Nil,,,,,0,0,Urban,0,,,Fine,Null