X,Y,OBJECTID,advisorySpeed,areaUnitID,bicycle,bridge,bus,carStationWagon,cliffBank,crashDirectionDescription,crashFinancialYear,crashLocation1,crashLocation2,crashRoadSideRoad,crashSeverity,crashSHDescription,crashYear,debris,directionRoleDescription,ditch,fatalCount,fence,flatHill,guardRail,holiday,houseOrBuilding,intersection,kerb,light,meshblockId,minorInjuryCount,moped,motorcycle,NumberOfLanes,objectThrownOrDropped,otherObject,otherVehicleType,overBank,parkedVehicle,pedestrian,phoneBoxEtc,postOrPole,region,roadCharacter,roadLane,roadSurface,roadworks,schoolBus,seriousInjuryCount,slipOrFlood,speedLimit,strayAnimal,streetLight,suv,taxi,temporarySpeedLimit,tlaId,tlaName,trafficControl,trafficIsland,trafficSign,train,tree,truck,unknownVehicleType,urban,vanOrUtility,vehicle,waterRiver,weatherA,weatherB
1751570.6145,5915247.2292,861834,,514401,0,,0,2,,Null,2025/2026,NEW NORTH ROAD,ST JUDE STREET,,Non-Injury Crash,No,2025,,West,,0,,Flat,,,,,,Unknown,380001,0,0,0,4,,,0,,,,,,Auckland Region,Nil,2-way,Sealed,,0,0,,50,,Null,0,0,,76,Auckland,Traffic Signals,,,,,0,0,Urban,0,,,Null,Strong wind
1758381.2819,5917857.0815,861835,,515700,0,,0,4,,South,2023/2024,BROADWAY,BALM STREET,,Non-Injury Crash,No,2023,,North,,0,,Flat,,,,,,Dark,443300,0,0,0,4,,,0,,,,,,Auckland Region,Nil,2-way,Sealed,,0,0,,50,,On,0,0,,76,Auckland,Nil,,,,,0,0,Urban,0,,,Fine,Null
1764515.9543,5914871.1871,861837,,520301,0,,0,1,,East,2022/2023,ELLERSLIE-PANMURE HIGHWAY,MOUNT WELLINGTON HIGHWAY,,Non-Injury Crash,No,2023,,West,,0,,Flat,,,,,,Overcast,628203,0,0,0,6,,,0,,,,,,Auckland Region,Nil,2-way,Sealed,,0,0,,50,,Off,0,0,,76,Auckland,Nil,,,,,0,0,Urban,1,,,Fine,Null
1759742.7321,5916961.2554,861838,35,516001,0,,0,0,,Null,2024/2025,OMAHU ROAD,REMUERA ROAD,,Serious Crash,No,2025,,North,,0,,Flat,,,,,,Bright sun,491500,0,0,0,2,,,0,,,1,,,Auckland Region,Nil,2-way,Sealed,,0,1,,50,,Off,0,0,40,76,Auckland,Traffic Signals,,,,,1,0,Urban,0,,,Fine,Null
1757015.5034,5926210.0398,861842,,507900,0,,0,1,,North,2025/2026,NORTHERN MOTORWAY,AKORANGA FTBR,,Non-Injury Crash,Yes,2025,,South,,0,,Flat,,,,,,Dark,304000,0,0,0,3,,,0,,,,,,Auckland Region,Nil,1-way,Sealed,,0,0,,100,,On,0,0,,76,Auckland,Nil,,,,,1,0,Open,0,,,Fine,Null
1769024.524,5899612.2068,861862,,525002,0,,0,1,,Null,2024/2025,MAHIA ROAD,RIMU ROAD,,Non-Injury Crash,No,2025,,East,,0,,Flat,,,,,,Bright sun,754100,0,0,0,2,,,0,,,1,,,Auckland Region,Nil,2-way,Sealed,,0,0,,50,,Off,0,0,,76,Auckland,Give way,,,,,0,0,Urban,0,,,Fine,Null
1751677.6685,5919580.7119,861874,,515001,0,0,0,4,0,Null,2025/2026,HARBOUR VIEW ROAD,EDITH STREET,,Minor Crash,No,2025,0,South,0,0,0,Flat,0,Christmas New Year,0,,0,Bright sun,394600,3,0,0,2,0,0,0,0,2,,0,0,Auckland Region,Nil,2-way,Sealed,0,0,0,0,30,0,Off,0,0,,76,Auckland,Nil,0,0,0,0,0,0,Urban,1,0,0,Fine,Null
1739494.3624,5980467.5906,861886,,506660,0,,0,0,,South,2025/2026,WAYBY VALLEY ROAD,RUSTYBROOK ROAD,,Non-Injury Crash,No,2025,,North,,0,,Flat,,,,,,Bright sun,136700,0,0,0,2,,,0,,,,,,Auckland Region,Nil,2-way,Sealed,,0,0,,100,,None,0,0,,76,Auckland,Nil,,,,,1,0,Open,0,,,Fine,Null
1743993.6847,5916997.9607,861890,,513220,0,0,0,0,0,East,2025/2026,STURGES ROAD,SUMMERLAND DRIVE,,Minor Crash,No,2025,0,South,0,0,0,Flat,0,,0,,0,Dark,236801,1,0,0,2,0,1,0,0,0,,0,0,Auckland Region,Speed hump,2-way,Sealed,0,0,0,0,50,0,On,0,0,,76,Auckland,Nil,0,0,0,0,1,0,Urban,0,0,0,Fine,Null
1760099.5694,5922271.601,861893,,509400,0,,0,1,,East,2023/2024,QUEENS PARADE,ANNE STREET,,Minor Crash,No,2023,,East,,0,,Flat,,,,,,Bright sun,330800,1,0,0,2,,,0,,,1,,,Auckland Region,Nil,2-way,Sealed,,0,0,,50,,Off,0,0,30,76,Auckland,Nil,,,,,0,0,Urban,0,,,Fine,Null
1776800.2033,5880531.5264,861894,,521160,0,,0,1,,South,2025/2026,GREAT SOUTH ROAD,BEAVER ROAD WEST ON RAMP,,Non-Injury Crash,Yes,2025,,North,,0,,Hill Road,,,,,,Overcast,827700,0,0,0,2,,,0,,,,,,Auckland Region,Nil,1-way,Sealed,,0,0,,100,,Off,2,0,,76,Auckland,Nil,,,,,0,0,Open,0,,,Fine,Null
1758910.0049,5917118.3171,861899,,516001,0,,0,2,,South,2022/2023,SOUTHERN MOTORWAY,SOUTHERN MOTORWAY,,Non-Injury Crash,Yes,2023,,South,,0,,Flat,,,,,,Bright sun,491200,0,0,0,4,,,0,,,,,,Auckland Region,Nil,2-way,Sealed,,0,0,,80,,None,0,0,,76,Auckland,Nil,,,,,0,0,Open,0,,,Fine,None
1751076.6196,5934594.4491,861903,,508701,0,,1,0,,Null,2024/2025,DAIRY FLAT HIGHWAY,THE AVENUE,,Minor Crash,No,2024,,North,,0,,Flat,,,,,,Overcast,178708,1,0,0,2,,,0,,,,,,Auckland Region,Nil,2-way,Sealed,,0,0,,50,,Off,1,0,,76,Auckland,Give way,,,,,0,0,Urban,0,,,Fine,Null
1753225.1204,5918503.054,861909,,515002,0,0,0,1,0,North,2023/2024,MOTIONS ROAD,GREAT NORTH ROAD,,Non-Injury Crash,No,2023,0,South,0,0,0,Flat,0,,0,,1,Dark,397400,0,0,0,3,0,1,0,0,0,,0,0,Auckland Region,Nil,2-way,Sealed,0,0,0,0,50,0,On,0,0,,76,Auckland,Nil,0,0,0,0,0,0,Urban,0,0,0,Fine,Null
1753964.7284,5875641.4139,861911,,526104,0,,0,1,,East,2024/2025,VICTORIA AVENUE,VALLEY ROAD,,Minor Crash,No,2024,,West,,0,,Hill Road,,,,,,Overcast,835101,1,0,0,2,,,0,,,,,,Auckland Region,Nil,2-way,Sealed,,0,0,,50,,Off,1,0,,76,Auckland,Nil,,,,,0,0,Urban,0,,,Light rain,Null
1754736.8177,5917712.3085,861915,,517600,0,0,0,2,0,East,2023/2024,NEW NORTH ROAD,INWOOD STREET,,Non-Injury Crash,No,2023,0,East,0,0,0,Flat,0,,0,,0,Overcast,533700,0,0,0,4,0,0,0,0,1,,0,0,Auckland Region,Nil,2-way,Sealed,0,0,0,0,50,0,On,0,0,,76,Auckland,Nil,0,0,0,0,0,0,Urban,0,0,0,Fine,Null
1737497.5512,5910216.902,861917,,513800,0,0,0,1,1,East,2023/2024,PIHA ROAD,UPPER HUIA DAM TRACK,,Non-Injury Crash,No,2024,0,East,0,0,0,Hill Road,0,,0,,0,Bright sun,282007,0,0,0,2,0,0,0,0,0,,0,0,Auckland Region,Nil,2-way,Sealed,0,0,0,0,100,0,None,0,0,,76,Auckland,Nil,0,0,0,0,0,0,Open,0,0,0,Light rain,Null
1756604.769,5917296.3285,861918,,518201,0,,0,2,,Null,2025/2026,VALLEY ROAD,CHARLTON AVENUE,,Minor Crash,No,2025,,East,,0,,Hill Road,,,,,,Overcast,547300,1,0,0,2,,,0,,,,,,Auckland Region,Nil,2-way,Sealed,,0,0,,50,,Off,0,0,40,76,Auckland,Stop,,,,,0,0,Urban,0,,,Fine,Null
1771660.9453,5912981.4522,861919,,523102,0,0,0,1,0,Null,2023/2024,WHITFORD ROAD,MILLHOUSE DRIVE,,Non-Injury Crash,No,2023,0,South,0,0,0,Flat,0,,0,,0,Bright sun,711023,0,0,0,4,0,0,0,0,0,,0,0,Auckland Region,Nil,2-way,Sealed,0,0,0,0,50,0,Off,1,0,40,76,Auckland,Give way,1,0,0,0,0,0,Urban,0,0,0,Fine,Null
1754936.3417,5934727.4157,861927,,507102,0,0,0,2,0,North,2022/2023,OAKTREE AVENUE,FALLOW STREET,,Non-Injury Crash,No,2023,0,East,0,0,0,Hill Road,0,,0,,0,Dark,158801,0,0,0,2,0,0,0,0,1,,0,0,Auckland Region,Nil,2-way,Sealed,0,0,0,0,50,0,On,0,0,,76,Auckland,Nil,0,0,0,0,0,0,Urban,0,0,0,Fine,Strong wind
1748280.0266,5948401.5888,861931,,506201,0,,0,2,,Null,2023/2024,WAINUI ROAD,KOWHAI ROAD,,Non-Injury Crash,No,2024,,West,,0,,Flat,,,,,,Bright sun,176406,0,0,0,2,,,0,,,,,,Auckland Region,Nil,2-way,Sealed,,0,0,,100,,None,0,0,30,76,Auckland,Stop,,,,,0,0,Open,0,,,Fine,Null
1760196.0702,5915944.2427,861939,,516003,0,,0,1,,Null,2023/2024,GREEN LANE EAST ON RAMP,GREEN LANE EAST,,Non-Injury Crash,No,2024,,South,,0,,Flat,,,,,,Overcast,494902,0,0,0,2,,,0,,,,,,Auckland Region,Motorway ramp,1-way,Sealed,,0,0,,50,,Off,0,0,,76,Auckland,Give way,,,,,0,0,Urban,0,,,Fine,Null
1764237.5403,5905413.8133,861943,,522100,0,0,0,1,0,North,2023/2024,HILLSIDE ROAD,SUMNER STREET,,Non-Injury Crash,No,2024,0,South,0,0,0,Flat,0,,0,,0,Dark,658000,0,0,0,2,0,0,0,0,0,,0,0,Auckland Region,Nil,2-way,Sealed,0,0,0,0,50,0,On,0,0,,76,Auckland,Nil,0,0,0,1,0,0,Urban,0,0,0,Fine,Null
1753604.7813,5929899.7078,861951,,508420,0,,0,2,,Null,2023/2024,SUNSET ROAD,GIRRAHWEEN DRIVE,,Non-Injury Crash,No,2023,,East,,0,,Flat,,,,,,Overcast,182903,0,0,0,2,,,0,,,,,,Auckland Region,Nil,2-way,Sealed,,0,0,,50,,Off,0,0,,76,Auckland,Give way,,,,,0,0,Urban,0,,,Fine,Null
1766654.0997,5912937.9711,861963,,522910,0,0,0,1,0,Null,2023/2024,TI RAKAU DRIVE,PAKURANGA HIGHWAY,,Non-Injury Crash,No,2023,0,East,0,0,0,Flat,0,,0,,0,Bright sun,684000,0,0,0,3,0,0,0,0,0,,0,0,Auckland Region,Nil,1-way,Sealed,0,0,0,0,50,0,Off,0,0,,76,Auckland,Traffic Signals,1,0,0,0,0,0,Urban,0,0,0,Fine,Null
1775453.5392,5898418.5152,861966,,523813,0,0,1,0,0,North,2024/2025,HAMLIN ROAD,PAPAKURA-CLEVEDON ROAD,,Non-Injury Crash,No,2024,0,South,0,0,1,Flat,0,,0,,0,Overcast,761601,0,0,0,2,0,0,0,0,0,,0,0,Auckland Region,Nil,2-way,Sealed,0,0,0,0,80,0,Off,0,0,,76,Auckland,Nil,0,0,0,0,0,0,Open,0,0,0,Light rain,Null
1756331.5999,5937026.8495,861970,,506903,0,0,0,1,0,North,2024/2025,DEEP CREEK ROAD,GLAMORGAN DRIVE,,Non-Injury Crash,No,2025,0,South,0,0,0,Null,0,,0,,0,Dark,168500,0,0,0,2,0,0,0,0,1,,0,0,Auckland Region,Nil,2-way,Sealed,0,0,0,0,50,0,On,0,0,,76,Auckland,Nil,0,0,0,0,0,0,Urban,0,0,0,Fine,Null
1752540.1938,5914220.5824,861978,,514500,0,,0,2,,Null,2025/2026,NEW WINDSOR ROAD,DICKEY STREET,,Non-Injury Crash,No,2025,,North,,0,,Flat,,,,,,Bright sun,376900,0,0,0,4,,,0,,,,,,Auckland Region,Nil,2-way,Sealed,,0,0,,50,,Off,0,0,,76,Auckland,Stop,,,,,0,0,Urban,0,,,Fine,Null
1756446.8463,5930624.5058,861990,,507500,0,,0,1,,South,2024/2025,EAST COAST ROAD,FORREST HILL ROAD,,Non-Injury Crash,No,2024,,North,,0,,Hill Road,,,,,,Overcast,148801,0,0,0,3,,,0,,,,,,Auckland Region,Nil,2-way,Sealed,,0,0,,50,,Off,0,0,,76,Auckland,Nil,,,,,1,0,Urban,0,,,Fine,Null
1768772.5102,5904013.6714,861997,,523820,0,0,0,1,0,North,2023/2024,EVERGLADE DRIVE,RANSOM SMYTH DRIVE,,Non-Injury Crash,No,2023,0,South,0,0,0,Hill Road,0,,0,,0,Bright sun,760141,0,0,0,2,0,0,0,0,0,,0,0,Auckland Region,Nil,2-way,Sealed,0,0,0,0,50,0,Off,0,0,,76,Auckland,Nil,0,0,0,1,0,0,Urban,0,0,0,Fine,Null
1749766.7843,5928163.1739,862005,,509100,0,,0,2,,North,2023/2024,UPPER HARBOUR MOTORWAY,TAUHINU ROAD OFF RAMP,,Non-Injury Crash,Yes,2023,,North,,0,,Flat,,,,,,Overcast,181906,0,0,0,2,,,0,,,,,,Auckland Region,Nil,1-way,Sealed,,0,0,,100,,On,0,0,,76,Auckland,Nil,,,,,0,0,Open,0,,,Light rain,Null
1755104.9789,5924733.5758,862007,,509800,0,,0,1,,West,2023/2024,ONEWA ROAD,BUSH VIEW LANE,,Non-Injury Crash,No,2024,,West,,0,,Flat,,,,,,Overcast,361600,0,0,0,4,,,0,,,,,,Auckland Region,Nil,2-way,Sealed,,0,0,,50,,Null,1,0,,76,Auckland,Isolated Pedestrian signal (non-intersection),,,,,0,0,Urban,1,,,Light rain,Null
1757824.1094,5918522.38,862018,,515700,0,,0,1,,Null,2024/2025,KHYBER PASS ROAD,MOUNTAIN ROAD,,Non-Injury Crash,No,2024,,West,,0,,Null,,,,,,Bright sun,443200,0,0,0,4,,,0,,,,,,Auckland Region,Nil,2-way,Sealed,,0,0,,50,,Null,1,0,,76,Auckland,Traffic Signals,,,,,0,0,Urban,0,,,Fine,Null
1758248.9287,5920199.2204,862019,,514103,0,,0,2,,Null,2022/2023,STANLEY STREET,BEACH ROAD,,Non-Injury Crash,No,2023,,North,,0,,Flat,,,,,,Twilight,438203,0,0,0,1,,,0,,,,,,Auckland Region,Nil,1-way,Sealed,,0,0,,50,,Off,0,1,,76,Auckland,Traffic Signals,,,,,0,0,Urban,0,,,Fine,Null
1758659.6255,5911568.6041,862023,,519810,0,,0,2,,South,2023/2024,ONEHUNGA HARBOUR ROAD ON RAMP,SOUTH-WESTERN MOTORWAY,,Minor Crash,No,2023,,North,,0,,Flat,,,,,,Bright sun,602501,1,0,0,2,,,0,,,,,,Auckland Region,Motorway ramp,1-way,Sealed,,0,0,,100,,Off,0,0,,76,Auckland,Traffic Signals,,,,,0,0,Open,0,,,Fine,Null
1746889.8124,5912367.3817,862026,,512600,0,0,0,1,0,North,2024/2025,KAURILANDS ROAD,KONINI ROAD,,Non-Injury Crash,No,2025,0,South,0,0,1,Flat,0,,1,,0,Dark,298302,0,0,0,2,0,0,0,0,0,,0,0,Auckland Region,Nil,2-way,Sealed,0,0,0,0,50,0,On,0,0,,76,Auckland,Nil,0,0,0,0,0,1,Urban,0,0,0,Light rain,Frost
1757669.2513,5920960.3691,862027,,514101,0,,0,2,,Null,2022/2023,COMMERCE STREET,TYLER STREET,,Non-Injury Crash,No,2023,,North,,0,,Flat,,,,,,Twilight,437903,0,0,0,2,,,0,,,,,,Auckland Region,Nil,2-way,Sealed,,0,0,,30,,On,0,0,,76,Auckland,Stop,,,,,0,0,Urban,0,,,Fine,Null
1752546.4665,5918031.4011,862029,,515003,0,0,0,1,0,East,2023/2024,NORTH-WESTERN MOTORWAY,CARRINGTON OBR,,Non-Injury Crash,Yes,2023,0,West,0,0,0,Flat,1,,0,,0,Dark,390702,0,0,0,3,0,0,0,0,0,,0,0,Auckland Region,Motorway ramp,1-way,Sealed,0,0,0,0,100,0,On,0,0,,76,Auckland,Nil,0,0,0,0,0,0,Open,0,0,0,Fine,Null
1742869.4655,5922150.5874,862034,,513610,0,,0,1,,North,2024/2025,DON BUCK ROAD,RED HILLS ROAD,,Non-Injury Crash,No,2025,,South,,0,,Flat,,,,,,Overcast,226505,0,0,0,2,,,0,,,1,,,Auckland Region,Nil,2-way,Sealed,,0,0,,50,,Off,0,0,,76,Auckland,Nil,,,,,0,0,Urban,0,,,Fine,Null
1766316.3723,5901673.5598,862038,,524604,0,,0,1,,Null,2025/2026,BROWNS ROAD,ROWANDALE AVENUE,,Minor Crash,No,2025,,East,,0,,Flat,,,,,,Overcast,781400,1,0,0,2,,,0,,,,,,Auckland Region,Nil,2-way,Sealed,,0,0,,50,,Off,1,0,,76,Auckland,Traffic Signals,,,,,0,0,Urban,0,,,Fine,Null
1763283.747,5910039.298,862045,,521901,0,0,0,1,0,North,2024/2025,SALEYARDS ROAD,RAILWAY LANE,,Minor Crash,No,2024,0,North,0,0,0,Flat,0,,0,,0,Dark,782300,1,0,0,2,0,0,0,0,1,,0,0,Auckland Region,Nil,2-way,Sealed,0,0,0,0,50,0,On,0,0,30,76,Auckland,Nil,0,0,0,0,2,0,Urban,0,0,0,Light rain,Frost
1771810.9208,5898701.5367,862049,,523912,0,0,0,1,0,Null,2024/2025,OFF ROAD - GULL SERVICE STATION,,,Minor Crash,No,2024,0,Null,0,0,0,Flat,0,,1,,0,Dark,767400,1,0,0,,0,1,0,0,0,,0,0,Auckland Region,Nil,Off road,Sealed,0,0,0,0,,0,On,0,0,,76,Auckland,Nil,0,0,0,0,0,0,Urban,0,0,0,Fine,Null
1770592.7396,5906952.7272,862054,,523713,0,0,0,0,0,Null,2024/2025,CALCITE AVENUE,GILSTON AVENUE,,Non-Injury Crash,No,2024,0,South,0,0,1,Flat,0,,1,,0,Overcast,713100,0,0,0,2,0,0,0,0,0,,0,0,Auckland Region,Nil,2-way,Sealed,0,0,0,0,50,0,Off,0,0,,76,Auckland,Give way,0,0,0,0,0,0,Urban,1,0,0,Fine,Null
1755316.1095,5932133.7879,862061,,508805,0,,0,1,,Null,2022/2023,EAST COAST ROAD,LANDSBERG WAY,,Minor Crash,No,2023,,West,,0,,Flat,,,,,,Overcast,151103,1,0,0,4,,,0,,,1,,,Auckland Region,Nil,2-way,Sealed,,0,0,,50,,Off,0,0,,76,Auckland,Give way,,,,,0,0,Urban,0,,,Fine,Null
1764064.6096,5906335.5279,862078,,524303,0,0,0,1,0,South,2024/2025,PEVERILL CRESCENT,STATION ROAD,,Non-Injury Crash,No,2024,0,South,0,0,0,Flat,0,,0,,0,Dark,657400,0,0,0,0,0,0,0,0,1,,0,0,Auckland Region,Nil,2-way,Sealed,0,0,0,0,50,0,On,0,0,,76,Auckland,Nil,0,0,0,0,1,0,Urban,0,0,0,Fine,Null
1756572.8985,5979473.4081,862079,,506661,0,0,0,1,0,East,2023/2024,LEIGH ROAD,UPPER WHANGATEAU ROAD,,Non-Injury Crash,No,2024,0,South,0,0,0,Hill Road,0,,0,,0,Overcast,137601,0,0,0,2,0,0,0,1,0,,0,0,Auckland Region,Nil,2-way,Sealed,0,0,0,0,80,0,None,0,0,,76,Auckland,Nil,0,0,0,0,0,0,Open,0,0,0,Fine,Null
1749052.846,5913453.8293,862082,,511401,0,,0,3,,South,2024/2025,TITIRANGI ROAD,GARDNER AVENUE,,Non-Injury Crash,No,2024,,South,,0,,Flat,,,,,,Bright sun,263700,0,0,0,2,,,0,,,,,,Auckland Region,Nil,2-way,Sealed,,0,0,,50,,Off,0,0,,76,Auckland,Nil,,,,,0,0,Urban,0,,,Fine,Null
1768763.7698,5901124.6967,862087,,524901,0,,0,1,,Null,2024/2025,OFF ROAD - MANUREWA LIBRARY CARPARK  ,,,Minor Crash,No,2025,,South,,0,,Flat,,,,,,Bright sun,757100,1,0,0,,,,0,,,1,,,Auckland Region,Nil,Off road,Sealed,,0,0,,,,Off,0,0,,76,Auckland,Nil,,,,,0,0,Urban,0,,,Fine,Null
1753873.8453,5924807.4502,862091,,510401,0,,0,1,,Null,2024/2025,HIGHBURY BYPASS,BIRKENHEAD AVENUE,,Minor Crash,No,2024,,East,,0,,Flat,,,,,,Bright sun,350905,1,0,0,3,,,0,,,,,,Auckland Region,Nil,2-way,Sealed,,0,0,,50,,Off,0,0,,76,Auckland,Traffic Signals,,,,,0,0,Urban,1,,,Fine,Null
1774980.3346,5887279.8499,862095,,521132,0,,0,3,,South,2023/2024,SOUTHERN MOTORWAY,PRATTS OBR,,Non-Injury Crash,Yes,2024,,North,,0,,Flat,,Queens Birthday,,,,Overcast,814003,0,0,0,2,,,0,,,,,,Auckland Region,Nil,1-way,Sealed,,0,0,,100,,Off,0,0,,76,Auckland,Nil,,,,,0,0,Open,0,,,Fine,Null
1765688.8699,5907072.2101,862101,,522301,0,0,0,1,0,Null,2023/2024,EAST TAMAKI ROAD,SIMON LANE,,Non-Injury Crash,No,2023,0,West,0,0,0,Flat,0,,0,,0,Dark,666200,0,0,0,4,0,0,0,0,0,,0,1,Auckland Region,Nil,2-way,Sealed,0,0,0,0,50,0,On,0,0,,76,Auckland,Nil,0,0,0,0,0,0,Urban,0,0,0,Fine,Null
1775804.022,5882892.1181,862103,,521160,0,,0,1,,North,2023/2024,SOUTHERN MOTORWAY,BOMBAY OFF RAMP,,Non-Injury Crash,Yes,2024,,South,,0,,Flat,,,,,,Overcast,827604,0,0,0,3,,,0,,,,,,Auckland Region,Nil,1-way,Sealed,,0,0,,100,,Off,0,0,,76,Auckland,Nil,,,,,1,0,Open,0,,,Fine,Null
1767159.3138,5892402.8523,862105,,521202,0,0,0,1,0,East,2023/2024,LINWOOD ROAD,BLACKBRIDGE ROAD,,Minor Crash,No,2024,0,North,0,0,0,Flat,0,,0,,0,Dark,806900,1,0,0,2,0,0,0,0,0,,0,1,Auckland Region,Nil,2-way,Sealed,0,0,0,0,80,0,None,0,0,,76,Auckland,Nil,0,0,0,0,0,0,Open,0,0,0,Fine,Null
1771325.5012,5906970.6962,862111,,523713,0,,0,2,,Null,2024/2025,MURPHYS ROAD,ORMISTON ROAD,,Non-Injury Crash,No,2024,,North,,0,,Hill Road,,,,,,Dark,712600,0,0,0,2,,,0,,,,,,Auckland Region,Nil,2-way,Sealed,,0,0,,50,,On,0,0,,76,Auckland,Give way,,,,,0,0,Urban,0,,,Fine,Null
1754261.1615,5916854.9143,862115,,517600,0,,0,1,,South,2024/2025,ST LUKES ROAD,LYON AVENUE,,Minor Crash,No,2024,,North,,0,,Flat,,,,,,Twilight,535201,1,0,0,4,,,0,,,,,,Auckland Region,Nil,2-way,Sealed,,0,0,,50,,Off,0,0,,76,Auckland,Nil,,,,,0,0,Urban,1,,,Fine,Null
1741319.4287,5927607.4312,862121,,505604,0,0,0,1,0,South,2023/2024,COATESVILLE-RIVERHEAD HIGHWAY,BRIGHAM LANE,,Minor Crash,No,2024,0,North,0,0,0,Flat,0,,0,,0,Dark,214502,1,0,0,2,0,0,0,0,0,,0,1,Auckland Region,Nil,2-way,Unsealed,0,0,0,0,60,0,On,0,0,50,76,Auckland,Nil,0,0,0,0,0,0,Urban,0,0,0,Light rain,Frost
1769503.4759,5899797.7174,862127,,525002,0,,0,1,,Null,2024/2025,GREAT SOUTH ROAD,MAHIA ROAD,,Minor Crash,No,2025,,South,,0,,Flat,,,,,,Dark,753900,1,0,0,4,,,0,,,,,,Auckland Region,Nil,2-way,Sealed,,0,0,,50,,On,1,0,,76,Auckland,Traffic Signals,,,,,0,0,Urban,0,,,Fine,Null
1745500.4786,5920643.1543,862134,,513301,0,,0,2,,Null,2023/2024,LINCOLN ROAD OFF RAMP,LINCOLN ROAD,,Non-Injury Crash,No,2023,,West,,0,,Flat,,Christmas New Year,,,,Overcast,230301,0,0,0,3,,,0,,,,,,Auckland Region,Motorway ramp,1-way,Sealed,,0,0,,50,,Off,0,0,,76,Auckland,Traffic Signals,,,,,0,0,Urban,0,,,Fine,Null
1738956.9846,5928773.3375,862142,,505602,0,,0,2,,Null,2023/2024,MAIN ROAD,ACCESS ROAD,,Non-Injury Crash,Yes,2024,,West,,0,,Flat,,,,,,Dark,215000,0,0,0,2,,,0,,,,,,Auckland Region,Rail xing,2-way,Sealed,,0,0,,50,,On,0,0,,76,Auckland,Traffic Signals,,,,,0,0,Urban,0,,,Light rain,Strong wind
1765218.915,5904148.4738,862149,,524604,0,,0,3,,West,2023/2024,CAVENDISH DRIVE,NESDALE AVENUE,,Minor Crash,No,2023,,East,,0,,Flat,,,,,,Dark,781301,1,0,0,4,,,0,,,,,,Auckland Region,Nil,2-way,Sealed,,0,0,,50,,On,0,0,,76,Auckland,Nil,,,,,0,0,Urban,0,,,Fine,Null
1756444.325,5919101.618,862151,,514200,0,0,0,1,0,North,2024/2025,NORTH-WESTERN TO SOUTHERN LINK,NEWTON OBR,,Non-Injury Crash,Yes,2024,0,East,0,0,0,Flat,1,,0,,0,Dark,411900,0,0,0,2,0,0,0,0,0,,0,0,Auckland Region,Nil,1-way,Sealed,0,0,0,0,80,0,On,0,0,,76,Auckland,Nil,0,0,0,0,0,0,Open,0,0,0,Fine,Null
1745074.1925,5917725.0705,862155,,510700,0,,0,2,,Null,2024/2025,GREAT NORTH ROAD,BUSCOMB AVENUE,,Non-Injury Crash,No,2024,,North,,0,,Flat,,,,,,Overcast,239501,0,0,0,5,,,0,,,,,,Auckland Region,Nil,2-way,Sealed,,0,0,,50,,On,0,0,,76,Auckland,Stop,,,,,0,0,Urban,0,,,Light rain,Null
1755792.0472,5928462.8956,862159,,507900,0,,0,0,,South,2024/2025,NORTHERN MOTORWAY,TRISTRAM AVENUE ON RAMP,,Minor Crash,Yes,2025,,South,,0,,Flat,,,,,,Overcast,307000,1,0,1,3,,,0,,,,,,Auckland Region,Nil,1-way,Sealed,,0,0,,100,,On,0,0,,76,Auckland,Nil,,,,,0,0,Open,1,,,Light rain,Null
1753483.4852,5932550.5424,862167,,508807,0,0,0,1,0,East,2023/2024,ROSEDALE ROAD,TAWA DRIVE,,Minor Crash,No,2024,0,East,0,0,0,Flat,0,,0,,0,Dark,180811,2,0,0,2,0,1,0,0,0,,0,0,Auckland Region,Nil,2-way,Sealed,0,0,0,0,50,0,On,1,0,,76,Auckland,Nil,0,0,0,0,0,0,Urban,0,0,0,Fine,Null
1742965.3448,5905172.0321,862170,65,513800,0,0,0,0,1,North,2025/2026,HUIA ROAD,PINE AVENUE,,Minor Crash,No,2025,0,South,0,0,0,Hill Road,0,,0,,0,Bright sun,303101,1,0,0,2,0,0,0,0,0,,0,0,Auckland Region,Nil,2-way,Sealed,0,0,0,0,80,0,None,1,0,,76,Auckland,Nil,0,0,0,1,0,0,Open,0,0,0,Fine,Null
1754330.3564,5927975.2318,862177,,508310,0,,0,2,,Null,2022/2023,CHARTWELL AVENUE,BENTLEY AVENUE,,Non-Injury Crash,No,2023,,South,,0,,Hill Road,,,,,,Bright sun,200200,0,0,0,2,,,0,,,,,,Auckland Region,Nil,2-way,Sealed,,0,0,,50,,Off,0,0,,76,Auckland,Give way,,,,,0,0,Urban,0,,,Fine,Null
1751821.5415,5949441.9475,862179,,505805,0,0,0,1,0,South,2023/2024,HIBISCUS COAST HIGHWAY,MOENUI AVENUE,,Non-Injury Crash,No,2024,0,North,0,0,0,Flat,0,Christmas New Year,0,,0,Bright sun,172107,0,0,0,2,0,0,0,0,1,,0,0,Auckland Region,Nil,1-way,Sealed,0,0,0,0,30,0,Off,1,0,,76,Auckland,Nil,0,0,0,0,0,0,Urban,0,0,0,Fine,Null
1764946.7038,5908240.4407,862182,,523404,0,,0,2,,Null,2025/2026,GREAT SOUTH ROAD,BAIRDS ROAD,,Minor Crash,No,2025,,North,,0,,Flat,,,,,,Bright sun,696801,3,0,0,5,,,0,,,,,,Auckland Region,Nil,2-way,Sealed,,0,0,,50,,Off,0,0,,76,Auckland,Traffic Signals,,,,,1,0,Urban,0,,,Fine,Null