X,Y,OBJECTID,advisorySpeed,areaUnitID,bicycle,bridge,bus,carStationWagon,cliffBank,crashDirectionDescription,crashFinancialYear,crashLocation1,crashLocation2,crashRoadSideRoad,crashSeverity,crashSHDescription,crashYear,debris,directionRoleDescription,ditch,fatalCount,fence,flatHill,guardRail,holiday,houseOrBuilding,intersection,kerb,light,meshblockId,minorInjuryCount,moped,motorcycle,NumberOfLanes,objectThrownOrDropped,otherObject,otherVehicleType,overBank,parkedVehicle,pedestrian,phoneBoxEtc,postOrPole,region,roadCharacter,roadLane,roadSurface,roadworks,schoolBus,seriousInjuryCount,slipOrFlood,speedLimit,strayAnimal,streetLight,suv,taxi,temporarySpeedLimit,tlaId,tlaName,trafficControl,trafficIsland,trafficSign,train,tree,truck,unknownVehicleType,urban,vanOrUtility,vehicle,waterRiver,weatherA,weatherB
1753678.6417,5932095.7552,862186,,508805,0,,0,3,,North,2024/2025,NORTHERN MOTORWAY,UPPER HARBOUR HIGHWAY,,Non-Injury Crash,Yes,2025,,South,,0,,Flat,,,,,,Overcast,180813,0,0,0,5,,,0,,,,,,Auckland Region,Nil,1-way,Sealed,,0,0,,100,,Off,0,0,,76,Auckland,Nil,,,,,0,0,Open,1,,,Light rain,Null
1748905.7207,5928698.9464,862187,,509100,0,,0,0,,North,2023/2024,RAME ROAD,RAHUI ROAD,,Serious Crash,No,2024,,North,,0,,Flat,,,,,,Twilight,181622,0,0,0,2,,,0,,,,,,Auckland Region,Nil,2-way,Sealed,,0,1,,50,,Off,0,0,,76,Auckland,Nil,,,,,0,1,Urban,0,,,Fine,Null
1769045.2883,5900029.4586,862189,,525002,0,0,0,1,0,South,2023/2024,CHRISTMAS ROAD,OLIVE STREET,,Non-Injury Crash,No,2024,0,North,0,0,0,Flat,0,,0,,0,Bright sun,753700,0,0,0,2,0,0,0,0,0,,0,0,Auckland Region,Nil,2-way,Sealed,0,0,0,0,50,0,Null,0,0,,76,Auckland,Nil,0,0,0,1,0,0,Urban,0,0,0,Fine,Null
1745299.1862,5917443.4414,862193,,510700,0,,0,2,,North,2023/2024,GREAT NORTH ROAD,ALDERMAN DRIVE,,Minor Crash,No,2024,,South,,0,,Flat,,,,,,Twilight,239805,1,0,0,4,,,0,,,,,,Auckland Region,Nil,2-way,Sealed,,0,0,,50,,Off,1,0,,76,Auckland,Nil,,,,,0,0,Urban,0,,,Fine,Null
1751041.2302,5934576.3545,862199,,508701,0,,0,2,,West,2024/2025,THE AVENUE,DAIRY FLAT HIGHWAY,,Non-Injury Crash,No,2025,,North,,0,,Null,,,,,,Bright sun,178708,0,0,0,2,,,0,,,,,,Auckland Region,Nil,2-way,Sealed,,0,0,,50,,Null,0,0,,76,Auckland,Nil,,,,,0,0,Urban,0,,,Fine,Null
1749934.6531,5916192.6102,862201,,514801,0,,0,1,,East,2023/2024,AVONDALE ROAD,OREGON AVENUE,,Non-Injury Crash,No,2024,,West,,0,,Flat,,,,,,Bright sun,389102,0,0,0,2,,,0,,,,,,Auckland Region,Nil,2-way,Sealed,,0,0,,50,,Off,1,0,,76,Auckland,Nil,,,,,0,0,Urban,0,,,Fine,Null
1743821.0139,5917776.781,862202,,513220,0,0,0,4,0,West,2024/2025,HARVEST DRIVE,HILLWELL DRIVE,,Non-Injury Crash,No,2024,0,East,0,0,0,Flat,0,,0,,0,Twilight,236703,0,0,0,2,0,0,0,0,3,,0,0,Auckland Region,Nil,2-way,Sealed,0,0,0,0,50,0,Off,0,0,,76,Auckland,Nil,0,0,0,0,0,0,Urban,0,0,0,Fine,Null
1754019.2132,5913296.1839,862207,,518901,0,,0,2,,North,2023/2024,RICHARDSON ROAD,MCALISTER PLACE,,Non-Injury Crash,No,2024,,South,,0,,Flat,,,,,,Bright sun,585101,0,0,0,2,,,0,,,,,,Auckland Region,Nil,2-way,Sealed,,0,0,,50,,None,0,0,40,76,Auckland,Nil,,,,,0,0,Urban,0,,,Fine,Null
1760044.4736,5908270.1753,862211,,524403,0,,0,2,,North,2024/2025,SOUTH-WESTERN MOTORWAY,HALL FTBR,,Non-Injury Crash,Yes,2024,,South,,0,,Flat,,,,,,Overcast,729800,0,0,0,3,,,0,,,,,,Auckland Region,Overpass,1-way,Sealed,,0,0,,100,,Off,0,0,,76,Auckland,Nil,,,,,0,0,Open,0,,,Fine,Null
1772957.4353,5897145.6619,862222,,525630,0,0,0,2,0,West,2024/2025,OLD WAIROA ROAD,RENWICK STREET,,Non-Injury Crash,No,2024,0,East,0,0,0,Flat,0,,0,,0,Dark,793900,0,0,0,2,0,0,0,0,1,,0,0,Auckland Region,Nil,2-way,Sealed,0,0,0,0,50,0,On,0,0,,76,Auckland,Nil,0,0,0,0,0,0,Urban,0,0,0,Fine,Null
1766809.726,5903116.6736,862226,,524602,0,0,0,1,0,Null,2024/2025,EARL RICHARDSON AVENUE,HOBILL AVENUE,,Non-Injury Crash,No,2024,0,West,0,0,1,Flat,0,,0,,0,Dark,780404,0,0,0,2,0,0,0,0,0,,0,0,Auckland Region,Nil,2-way,Sealed,0,0,0,0,50,0,On,0,0,,76,Auckland,Give way,0,0,0,0,0,0,Urban,0,0,0,Fine,Null
1757742.6797,5913952.9353,862231,,518600,0,,0,1,,Null,2024/2025,PAH ROAD,HOLLYWOOD AVENUE,,Non-Injury Crash,No,2024,,North,,0,,Flat,,,,,,Overcast,565000,0,0,0,2,,,0,,,,,,Auckland Region,Nil,2-way,Sealed,,0,0,,50,,Null,0,0,,76,Auckland,Stop,,,,,1,0,Urban,0,,,Fine,Null
1772037.8092,5913056.6261,862246,,523102,0,0,0,1,0,East,2025/2026,MEADOWLAND DRIVE,CLYDESDALE AVENUE,,Non-Injury Crash,No,2025,0,East,0,0,0,Null,0,Christmas New Year,0,,0,Bright sun,711024,0,0,0,2,0,0,0,0,1,,0,0,Auckland Region,Nil,2-way,Sealed,0,0,0,0,50,0,Null,1,0,,76,Auckland,Nil,0,0,0,0,0,0,Urban,0,0,0,Fine,Null
1765862.1592,5919120.752,862247,,516800,0,,0,1,,Null,2023/2024,MASKELL STREET,ST HELIERS BAY ROAD,,Non-Injury Crash,No,2023,,South,,0,,Flat,,,,,,Dark,513000,0,0,0,2,,,0,,,,,,Auckland Region,Nil,2-way,Sealed,,0,0,,50,,Off,0,0,,76,Auckland,Traffic Signals,,,,,0,0,Urban,1,,,Fine,Null
1757043.3392,5920317.2487,862255,,514102,0,,1,1,,West,2023/2024,WELLESLEY STREET WEST,FEDERAL STREET,,Non-Injury Crash,No,2023,,East,,0,,Hill Road,,,,,,Overcast,434200,0,0,0,4,,,0,,,,,,Auckland Region,Nil,2-way,Sealed,,0,0,,30,,Off,0,0,,76,Auckland,Nil,,,,,0,0,Urban,0,,,Fine,Null
1766201.0917,5905417.4333,862258,,522400,0,,0,2,,West,2025/2026,CARRUTH ROAD,FITZROY STREET,,Minor Crash,No,2025,,North,,0,,Flat,,,,,,Twilight,672001,2,0,0,2,,,0,,,,,,Auckland Region,Nil,2-way,Sealed,,0,0,,50,,On,0,0,,76,Auckland,Nil,,,,,0,0,Urban,0,,,Fine,Null
1752448.2359,5915167.0831,862261,,517902,0,0,0,1,0,Null,2023/2024,RANGE VIEW ROAD,HENDON AVENUE,,Minor Crash,No,2024,0,South,0,0,0,Flat,0,,0,,0,Dark,519300,1,0,0,2,0,0,0,0,0,,0,0,Auckland Region,Nil,2-way,Sealed,0,0,0,0,50,0,On,0,0,30,76,Auckland,Give way,0,0,0,1,0,0,Urban,0,0,0,Fine,Strong wind
1754339.0593,5917517.5922,862270,,517600,0,0,0,1,0,North,2025/2026,ROCKY NOOK AVENUE,NEW NORTH ROAD,,Non-Injury Crash,No,2025,0,West,0,0,0,Null,0,,0,,0,Unknown,534500,0,0,0,2,0,0,0,0,1,,0,0,Auckland Region,Nil,2-way,Sealed,0,0,0,0,50,0,Null,0,0,,76,Auckland,Nil,0,0,0,0,0,0,Urban,0,0,0,Fine,Null
1754148.2216,5924817.4096,862273,,510500,0,,0,2,,West,2023/2024,ONEWA ROAD,AORANGI PLACE,,Minor Crash,No,2024,,West,,0,,Flat,,,,,,Bright sun,355800,1,0,0,4,,,0,,,,,,Auckland Region,Nil,2-way,Sealed,,0,0,,50,,Off,0,0,,76,Auckland,Nil,,,,,0,0,Urban,0,,,Fine,Null
1764149.1507,5914242.0648,862275,,520303,0,,0,1,,East,2023/2024,TE HORETA ROAD,MOUNT WELLINGTON HIGHWAY,,Minor Crash,No,2023,,East,,0,,Flat,,,,,,Bright sun,627600,1,0,0,2,,,0,,,,,,Auckland Region,Tunnel,2-way,Sealed,,0,0,,50,,Null,0,0,,76,Auckland,Nil,,,,,0,0,Urban,1,,,Fine,Null
1749590.0688,5913897.4398,862289,,511303,0,,1,0,,West,2023/2024,GREAT NORTH ROAD,CLARK STREET,,Non-Injury Crash,No,2023,,East,,0,,Flat,,,,,,Overcast,264901,0,0,0,5,,,0,,,,,,Auckland Region,Nil,2-way,Sealed,,0,0,,50,,Off,1,0,,76,Auckland,Isolated Pedestrian signal (non-intersection),,,,,0,0,Urban,0,,,Fine,Null
1758036.7311,5917955.3029,862291,,515700,0,0,0,1,0,North,2023/2024,GILLIES AVENUE OFF RAMP,GILLIES AVENUE,,Non-Injury Crash,No,2024,0,South,0,0,0,Flat,1,,0,,0,Dark,443200,0,0,0,2,0,0,0,0,0,,0,0,Auckland Region,Nil,1-way,Sealed,0,0,0,0,80,0,On,0,0,,76,Auckland,Nil,0,0,0,0,0,0,Open,0,0,0,Fine,Null
1754273.5039,5916827.1747,862293,,517600,0,,0,2,,South,2023/2024,ST LUKES ROAD,ST LUKES ROAD,,Non-Injury Crash,No,2023,,North,,0,,Flat,,,,,,Overcast,535201,0,0,0,4,,,0,,,,,,Auckland Region,Nil,2-way,Sealed,,0,0,,50,,Off,0,0,,76,Auckland,Nil,,,,,0,0,Urban,0,,,Fine,Null
1770753.758,5901605.9494,862294,,523816,0,,0,1,,Null,2025/2026,ALFRISTON ROAD,PORCHESTER ROAD,,Non-Injury Crash,No,2025,,East,,0,,Flat,,Christmas New Year,,,,Overcast,759715,0,0,0,2,,,0,,,,,,Auckland Region,Nil,2-way,Sealed,,0,0,,50,,None,1,0,30,76,Auckland,Traffic Signals,,,,,0,0,Urban,0,,,Heavy rain,Strong wind
1769565.2889,5906675.4727,862298,,523713,0,,0,1,,Null,2025/2026,CHAPEL ROAD,MICHAEL JONES DRIVE,,Non-Injury Crash,No,2026,,East,,0,,Null,,Christmas New Year,,,,Overcast,713100,0,0,0,2,,,0,,,,,,Auckland Region,Nil,2-way,Sealed,,0,0,,50,,Null,0,0,,76,Auckland,Give way,,,,,0,1,Urban,0,,,Fine,Null
1766787.1174,5904024.0809,862302,,524604,0,,0,1,,Null,2025/2026,LAMBIE DRIVE,MANUKAU STATION ROAD,,Minor Crash,No,2025,,South,,0,,Flat,,,,,,Bright sun,780209,1,0,0,2,,,0,,,,,,Auckland Region,Nil,2-way,Sealed,,0,0,,60,,Off,1,0,,76,Auckland,Traffic Signals,,,,,0,0,Urban,0,,,Fine,Null
1764569.4662,5912496.3058,862305,,520500,0,,0,2,,South,2023/2024,CARBINE ROAD,CLEMOW DRIVE,,Non-Injury Crash,No,2023,,North,,0,,Flat,,,,,,Overcast,639100,0,0,0,3,,,0,,,,,,Auckland Region,Nil,2-way,Sealed,,0,0,,50,,Off,0,0,,76,Auckland,Nil,,,,,0,0,Urban,0,,,Light rain,Null
1764974.8744,5916802.7843,862306,,520301,0,,0,1,,Null,2025/2026,MERTON ROAD,FELTON MATHEW AVENUE,,Non-Injury Crash,No,2025,,East,,0,,Null,,,,,,Bright sun,465302,0,0,0,1,,,0,,,,,,Auckland Region,Nil,1-way,Sealed,,0,0,,50,,Null,0,0,,76,Auckland,Give way,,,,,0,0,Urban,0,,,Fine,Null
1751571.6963,5915246.8806,862307,45,514401,0,,0,2,,Null,2023/2024,NEW NORTH ROAD,ST JUDE STREET,,Non-Injury Crash,No,2024,,West,,0,,Hill Road,,,,,,Twilight,380001,0,0,0,4,,,0,,,,,,Auckland Region,Nil,2-way,Sealed,,0,0,,50,,On,0,0,,76,Auckland,Traffic Signals,,,,,0,0,Urban,0,,,Fine,Null
1756601.4081,5927376.7003,862325,,507900,0,,0,3,,Null,2025/2026,NORTHCOTE ROAD,THE AVENUE,,Minor Crash,No,2026,,West,,0,,Flat,,,,,,Bright sun,303502,1,0,0,5,,,0,,,,,,Auckland Region,Nil,2-way,Sealed,,0,0,,50,,Off,1,0,,76,Auckland,Traffic Signals,,,,,0,0,Urban,0,,,Fine,Null
1766359.7982,5899796.3189,862329,,524713,0,0,0,1,0,Null,2025/2026,WEYMOUTH ROAD,ROSCOMMON ROAD,,Non-Injury Crash,No,2025,0,South,0,0,0,Null,1,,0,,0,Overcast,775823,0,0,0,1,0,0,0,0,0,,0,0,Auckland Region,Nil,1-way,Null,0,0,0,0,50,0,Null,0,0,,76,Auckland,Give way,0,0,0,0,0,0,Urban,0,0,0,Null,Null
1765128.7079,5909883.0651,862335,,521803,0,0,0,2,0,North,2023/2024,SOUTHERN MOTORWAY,TRENWITH OBR,,Non-Injury Crash,Yes,2023,0,South,0,0,0,Flat,1,,0,,0,Dark,788300,0,0,0,4,0,0,0,0,0,,0,0,Auckland Region,Overpass,1-way,Sealed,0,0,0,0,100,0,On,0,0,,76,Auckland,Nil,0,0,0,0,0,0,Open,1,0,0,Fine,Null
1755872.0728,5918481.9636,862339,,515500,0,,0,2,,East,2024/2025,NORTH-WESTERN MOTORWAY,BOND OBR,,Minor Crash,Yes,2024,,East,,0,,Flat,,,,,,Twilight,418500,1,0,0,4,,,0,,,,,,Auckland Region,Nil,1-way,Sealed,,0,0,,80,,On,0,0,,76,Auckland,Nil,,,,,0,0,Open,0,,,Fine,Null
1764467.1438,5908685.2075,862349,,521802,0,,0,2,,South,2023/2024,GREAT SOUTH ROAD,BEATTY STREET,,Non-Injury Crash,No,2024,,North,,0,,Flat,,,,,,Bright sun,789600,0,0,0,4,,,0,,,,,,Auckland Region,Nil,2-way,Sealed,,0,0,,50,,Null,0,0,,76,Auckland,Nil,,,,,1,0,Urban,0,,,Fine,Null
1766188.8553,5906643.6964,862352,,522301,0,,0,0,,North,2025/2026,HUIA ROAD,TUI ROAD,,Minor Crash,No,2025,,South,,0,,Flat,,,,,,Bright sun,667300,1,0,0,2,,,0,,,1,,,Auckland Region,Nil,2-way,Sealed,,0,0,,50,,Off,1,0,,76,Auckland,Nil,,,,,0,0,Urban,0,,,Fine,Null
1756054.1995,5931684.6636,862356,,507400,0,0,0,2,0,North,2024/2025,KOWHAI ROAD,EAST COAST ROAD,,Minor Crash,No,2025,0,East,0,0,1,Hill Road,0,,0,,0,Bright sun,150200,1,0,0,2,0,0,0,0,0,,1,0,Auckland Region,Nil,2-way,Sealed,0,0,0,0,50,0,Off,0,0,,76,Auckland,Nil,0,0,0,0,0,0,Urban,1,0,0,Fine,Null
1765569.9864,5898560.3587,862357,,524811,0,0,0,1,0,East,2024/2025,GIBBONS ROAD,HUBER STREET,,Minor Crash,No,2025,0,West,0,0,0,Flat,0,,0,,0,Twilight,773804,1,0,0,2,0,0,0,0,0,,0,0,Auckland Region,Nil,2-way,Sealed,0,0,0,0,50,0,Off,0,0,,76,Auckland,Nil,0,0,0,1,0,0,Urban,0,0,0,Light rain,Null
1758799.226,5911546.3781,862360,,519820,0,0,0,1,0,North,2024/2025,NEILSON STREET ON RAMP,GLOUCESTER PARK ROAD ON RAMP,,Non-Injury Crash,No,2024,0,South,0,0,0,Flat,1,,0,,0,Overcast,602402,0,0,0,1,0,0,0,0,0,,0,0,Auckland Region,Motorway ramp,1-way,Sealed,0,0,0,0,50,0,Off,0,0,,76,Auckland,Nil,0,0,0,0,0,0,Urban,0,0,0,Light rain,Null
1727942.7222,5922968.2335,862361,,506655,0,,0,0,,North,2023/2024,OAIA ROAD,WAITEA ROAD,,Minor Crash,No,2024,,North,,0,,Flat,,,,,,Dark,218701,1,0,0,2,,,0,,,,,,Auckland Region,Nil,2-way,Sealed,,0,0,,50,,None,0,0,,76,Auckland,Nil,,,,,0,0,Urban,1,,,Light rain,Null
1750247.6131,5952412.5727,862376,,506201,0,,0,0,,North,2025/2026,NORTHERN GATEWAY TOLL ROAD,HILLCREST OBR,,Non-Injury Crash,Yes,2025,,North,,0,,Hill Road,,,,,,Dark,176301,0,0,0,2,,,0,,,,,,Auckland Region,Nil,1-way,Sealed,,0,0,,110,,None,1,0,,76,Auckland,Nil,,,,,1,0,Open,0,,,Fine,Null
1753873.1751,5933595.5573,862383,,508804,0,,0,2,,Null,2023/2024,HUGH GREEN DRIVE,GREVILLE ROAD,,Minor Crash,No,2024,,South,,0,,Flat,,,,,,Dark,180605,1,0,0,2,,,0,,,,,,Auckland Region,Nil,2-way,Sealed,,0,0,,50,,On,0,0,,76,Auckland,Traffic Signals,,,,,0,0,Urban,0,,,Fine,Null
1746649.8103,5917888.8843,862385,,512500,0,,0,1,,North,2024/2025,TE ATATU ROAD,ROBERTS ROAD,,Serious Crash,No,2024,,South,,0,,Flat,,,,,,Overcast,257300,1,0,0,2,,,0,,,1,,,Auckland Region,Nil,2-way,Sealed,,0,1,,50,,None,0,0,,76,Auckland,Nil,,,,,0,0,Urban,0,,,Fine,Null
1767462.0501,5900333.5659,862395,,524720,0,,0,1,,East,2022/2023,HEYBRIDGE STREET,WINSFORD STREET,,Non-Injury Crash,No,2023,,Null,,0,,Flat,,,,,,Bright sun,776800,0,1,0,2,,,0,,,,,,Auckland Region,Nil,2-way,Sealed,,0,0,,50,,Off,0,0,,76,Auckland,Nil,,,,,0,0,Urban,0,,,Fine,Null
1773286.5517,5895899.7344,862401,,525410,0,,0,1,,Null,2023/2024,ONSLOW ROAD,RON KEAT DRIVE,,Minor Crash,No,2024,,East,,0,,Hill Road,,,,,,Twilight,793100,1,0,0,2,,,0,,,,,,Auckland Region,Nil,2-way,Sealed,,0,0,,50,,None,1,0,,76,Auckland,Stop,,,,,0,0,Urban,0,,,Light rain,Null
1770538.635,5898740.8312,862405,,523920,0,,0,1,,Null,2023/2024,GREAT SOUTH ROAD,MARU ROAD,,Serious Crash,No,2024,,South,,0,,Flat,,,,,,Bright sun,768008,0,0,1,2,,,0,,,,,,Auckland Region,Nil,2-way,Sealed,,0,1,,50,,Off,0,0,,76,Auckland,Give way,,,,,0,0,Urban,0,,,Fine,Null
1760878.6144,5917740.6153,862417,,516201,0,0,0,0,0,North,2024/2025,ORAKEI ROAD,BENSON ROAD,,Minor Crash,No,2025,0,North,0,0,0,Flat,0,,0,,0,Dark,487000,1,0,0,2,0,0,0,0,1,,0,0,Auckland Region,Nil,2-way,Sealed,0,0,0,0,50,0,On,2,0,,76,Auckland,Nil,0,0,0,0,0,0,Urban,0,0,0,Fine,Null
1759820.4115,5912258.6815,862427,,520000,0,,0,2,,Null,2024/2025,CHURCH STREET,ALFRED STREET,,Minor Crash,No,2024,,East,,0,,Hill Road,,,,,,Overcast,607100,1,0,0,2,,,0,,,,,,Auckland Region,Nil,2-way,Sealed,,0,0,,50,,Off,0,0,,76,Auckland,Stop,,,,,0,0,Urban,0,,,Fine,Null
1741350.9883,5927377.919,862428,,513701,0,,0,1,,South,2025/2026,SH 16,COATESVILLE-RIVERHEAD HIGHWAY,,Minor Crash,Yes,2025,,South,,0,,Flat,,,,,,Bright sun,220200,1,0,0,2,,,0,,,,,,Auckland Region,Nil,2-way,Sealed,,0,0,,80,,Off,1,0,,76,Auckland,Nil,,,,,1,0,Open,0,,,Fine,Null
1747723.0789,5935619.0732,862432,55,506653,0,0,0,0,0,East,2024/2025,COATESVILLE-RIVERHEAD HIGHWAY,SCREEN ROAD,,Non-Injury Crash,No,2025,0,West,0,0,0,Hill Road,0,,0,,0,Dark,217210,0,0,0,2,0,0,0,1,0,,0,0,Auckland Region,Nil,2-way,Sealed,0,0,0,0,60,0,None,0,0,,76,Auckland,Nil,0,0,0,1,0,0,Urban,1,0,0,Fine,Null
1768893.0901,5882350.4415,862433,,525910,0,,0,2,,Null,2022/2023,CRISP AVENUE,PAERATA ROAD,,Non-Injury Crash,No,2023,,East,,0,,Flat,,,,,,Bright sun,817800,0,0,0,2,,,0,,,,,,Auckland Region,Nil,2-way,Sealed,,0,0,,50,,Off,0,0,,76,Auckland,Give way,,,,,0,0,Urban,0,,,Fine,Null
1770068.7545,5879134.3873,862440,,525922,0,0,0,0,0,South,2024/2025,BUCKLAND ROAD,KITCHENER ROAD,,Non-Injury Crash,No,2025,0,East,0,0,1,Hill Road,0,,0,,0,Bright sun,823700,0,0,0,2,0,0,0,0,0,,0,1,Auckland Region,Nil,2-way,Sealed,0,0,0,0,80,0,None,0,0,,76,Auckland,Nil,0,0,0,0,0,0,Open,1,0,0,Fine,Null
1764958.5164,5908193.7019,862441,,523404,0,,0,0,,South,2023/2024,GREAT SOUTH ROAD,BAIRDS ROAD,,Non-Injury Crash,No,2024,,South,,0,,Flat,,,,,,Bright sun,695700,0,0,0,2,,,0,,,,,,Auckland Region,Nil,2-way,Sealed,,0,0,,50,,Off,0,0,,76,Auckland,Nil,,,,,0,0,Urban,1,,,Fine,Null
1753702.0489,5933463.4342,862443,,508804,0,,0,3,,South,2022/2023,GREVILLE ROAD,ROSEDALE LANDFILL ROAD,,Non-Injury Crash,No,2023,,South,,0,,Hill Road,,,,,,Bright sun,180701,0,0,0,3,,,0,,,,,,Auckland Region,Nil,2-way,Sealed,,0,0,,80,,None,0,0,50,76,Auckland,Nil,,,,,0,0,Open,0,,,Fine,Null
1767191.3944,5903279.1165,862444,,524602,0,0,0,1,0,Null,2025/2026,DRUCES ROAD,CELADON PLACE,,Non-Injury Crash,No,2025,0,South,0,0,1,Flat,0,,1,,0,Twilight,780414,0,0,0,2,0,0,0,0,0,,0,0,Auckland Region,Nil,2-way,Sealed,0,0,0,0,50,0,On,0,0,,76,Auckland,Give way,0,0,0,0,0,0,Urban,0,0,0,Fine,Null
1766647.4963,5911099.1481,862445,,523112,0,0,0,0,0,Null,2023/2024,WAIOURU ROAD,LADY FISHER PLACE,,Non-Injury Crash,No,2023,0,North,0,0,0,Flat,0,,0,,0,Bright sun,711200,0,0,0,2,0,1,0,0,0,,0,0,Auckland Region,Bridge,2-way,Sealed,0,0,0,0,50,0,Off,1,0,,76,Auckland,Give way,0,0,0,0,0,0,Urban,0,0,0,Fine,Null
1753301.8488,5916837.0396,862447,,517800,0,0,1,2,0,East,2023/2024,NEW NORTH ROAD,ALEXIS AVENUE,,Minor Crash,No,2023,0,East,0,0,0,Hill Road,0,,0,,0,Dark,527400,1,0,0,2,0,0,0,0,1,,0,0,Auckland Region,Overpass,2-way,Sealed,0,0,0,0,50,0,On,0,0,,76,Auckland,Nil,0,0,0,0,0,0,Urban,0,0,0,Fine,Null
1751982.7374,5917922.172,862453,,515001,0,0,0,1,0,Null,2023/2024,GREAT NORTH ROAD,GREAT NORTH ROAD ON RAMP,,Non-Injury Crash,No,2023,0,South,0,0,0,Flat,0,,0,,0,Dark,392400,0,0,0,2,0,0,0,0,0,,0,1,Auckland Region,Motorway ramp,1-way,Sealed,0,0,0,0,50,0,On,0,0,,76,Auckland,Traffic Signals,0,0,0,0,0,0,Urban,0,0,0,Fine,Null
1754859.5373,5918305.0736,862457,,517600,0,,0,1,,East,2024/2025,NORTH-WESTERN MOTORWAY,MOUNTAIN VIEW OBR,,Serious Crash,Yes,2024,,West,,0,,Flat,,,,,,Overcast,533502,0,0,0,4,,,0,,,,,,Auckland Region,Nil,1-way,Sealed,,0,1,,100,,Off,3,0,,76,Auckland,Nil,,,,,0,0,Open,0,,,Fine,Null
1743129.0056,5931536.0217,862467,,506400,0,0,0,1,0,West,2023/2024,COATESVILLE-RIVERHEAD HIGHWAY,BARRETT ROAD,,Non-Injury Crash,No,2023,0,South,0,0,1,Hill Road,0,,0,,0,Twilight,216800,0,0,0,2,0,0,0,0,0,,0,0,Auckland Region,Nil,2-way,Sealed,0,0,0,0,60,0,Off,0,0,,76,Auckland,Nil,0,0,0,0,0,0,Urban,0,0,0,Light rain,Null
1764024.767,5905061.1771,862469,,524303,0,,0,1,,Null,2022/2023,HILLSIDE ROAD,PAH ROAD,,Non-Injury Crash,No,2023,,South,,0,,Hill Road,,,,,,Dark,658100,0,0,0,2,,,0,,,,,,Auckland Region,Nil,2-way,Sealed,,0,0,,50,,None,0,0,,76,Auckland,Give way,,,,,0,0,Urban,1,,,Null,None
1760239.6874,5915897.3581,862476,,516003,0,,0,0,,South,2025/2026,GREEN LANE EAST ON RAMP,GREEN LANE EAST,,Minor Crash,No,2025,,South,,0,,Flat,,,,,,Bright sun,494902,1,0,1,2,,,0,,,,,,Auckland Region,Motorway ramp,1-way,Sealed,,0,0,,100,,Off,1,0,,76,Auckland,Nil,,,,,0,0,Open,0,,,Fine,Null
1766987.3499,5903916.6894,862480,,524604,0,,0,0,,Null,2024/2025,SOUTH-WESTERN MOTORWAY,LAMBIE DRIVE ON RAMP,,Non-Injury Crash,Yes,2025,,East,,0,,Flat,,,,,,Overcast,780209,0,0,0,3,,,0,,,,,,Auckland Region,Nil,1-way,Sealed,,0,0,,100,,Off,0,0,,76,Auckland,Nil,,,,,1,0,Open,1,,,Fine,None
1750939.1209,5918003.852,862483,,514801,0,,0,1,,East,2022/2023,NORTH-WESTERN MOTORWAY,ROSEBANK BR,,Non-Injury Crash,Yes,2023,,West,,0,,Flat,,,,,,Twilight,390402,0,0,0,5,,,0,,,,,,Auckland Region,Motorway ramp,1-way,Sealed,,0,0,,100,,Off,1,0,,76,Auckland,Nil,,,,,0,0,Open,0,,,Light rain,Null
1768759.4957,5899977.065,862484,,525101,0,,0,2,,Null,2024/2025,TOTARA ROAD,TAWA CRESCENT,,Minor Crash,No,2025,,South,,0,,Flat,,,,,,Overcast,769900,1,0,0,2,,,0,,,,,,Auckland Region,Nil,2-way,Sealed,,0,0,,30,,Off,0,0,,76,Auckland,Nil,,,,,0,0,Urban,0,,,Light rain,Null
1760679.6542,5918646.6197,862485,,516201,0,0,0,1,0,East,2023/2024,SHORE ROAD,VICTORIA AVENUE,,Non-Injury Crash,No,2023,0,East,0,0,0,Hill Road,0,,0,,0,Overcast,485400,0,0,0,2,0,0,0,0,1,,0,0,Auckland Region,Nil,2-way,Sealed,0,0,0,0,50,0,Off,1,0,,76,Auckland,Nil,0,0,0,0,0,0,Urban,0,0,0,Fine,Null
1734297.572,5946140.7936,862488,,506647,0,,0,0,,Null,2024/2025,KAIPARA COAST HIGHWAY,STONEY CREEK ROAD,,Non-Injury Crash,Yes,2025,,North,,0,,Flat,,,,,,Overcast,212704,0,0,0,2,,,0,,,,,,Auckland Region,Nil,2-way,Sealed,,0,0,,80,,None,0,0,,76,Auckland,Give way,,,,,1,0,Open,1,,,Light rain,Null
1767903.3749,5906949.1083,862489,,523602,0,0,0,1,1,South,2023/2024,FERGUSON ROAD,WROUGHTON CRESCENT,,Non-Injury Crash,No,2023,0,North,0,0,0,Flat,0,,0,,1,Overcast,705500,0,0,0,3,0,0,0,0,0,,0,0,Auckland Region,Nil,2-way,Sealed,0,0,0,0,50,0,Off,0,0,,76,Auckland,Nil,0,0,0,0,0,0,Urban,0,0,0,Fine,Null