X,Y,OBJECTID,advisorySpeed,areaUnitID,bicycle,bridge,bus,carStationWagon,cliffBank,crashDirectionDescription,crashFinancialYear,crashLocation1,crashLocation2,crashRoadSideRoad,crashSeverity,crashSHDescription,crashYear,debris,directionRoleDescription,ditch,fatalCount,fence,flatHill,guardRail,holiday,houseOrBuilding,intersection,kerb,light,meshblockId,minorInjuryCount,moped,motorcycle,NumberOfLanes,objectThrownOrDropped,otherObject,otherVehicleType,overBank,parkedVehicle,pedestrian,phoneBoxEtc,postOrPole,region,roadCharacter,roadLane,roadSurface,roadworks,schoolBus,seriousInjuryCount,slipOrFlood,speedLimit,strayAnimal,streetLight,suv,taxi,temporarySpeedLimit,tlaId,tlaName,trafficControl,trafficIsland,trafficSign,train,tree,truck,unknownVehicleType,urban,vanOrUtility,vehicle,waterRiver,weatherA,weatherB
1745644.6567,5914498.705,862499,,512904,0,0,0,2,0,West,2023/2024,TITCH PLACE,FOUNDATION PLACE,,Non-Injury Crash,No,2023,0,West,0,0,0,Flat,0,,0,,0,Dark,278207,0,0,0,2,0,0,0,0,1,,0,0,Auckland Region,Nil,2-way,Sealed,0,0,0,0,50,0,On,0,0,,76,Auckland,Nil,0,0,0,0,0,0,Urban,0,0,0,Light rain,Null
1745241.9752,5919184.6971,862515,,513302,0,0,0,0,0,Null,2023/2024,LINCOLN ROAD,POMARIA ROAD,,Non-Injury Crash,No,2023,0,North,0,0,0,Flat,0,,0,,0,Overcast,230701,0,0,0,5,0,0,0,0,0,,0,0,Auckland Region,Nil,2-way,Sealed,0,0,0,0,50,0,Off,0,0,,76,Auckland,Traffic Signals,0,1,0,0,1,0,Urban,0,0,0,Light rain,Null
1764646.9506,5911758.968,862516,,520500,0,,0,2,,North,2024/2025,SOUTHERN MOTORWAY,PANAMA OBR,,Minor Crash,Yes,2025,,South,,0,,Flat,,,,,,Bright sun,639602,1,0,1,3,,,0,,,,,,Auckland Region,Nil,1-way,Sealed,,0,0,,100,,Off,0,0,,76,Auckland,Nil,,,,,0,0,Open,0,,,Fine,Null
1724657.4319,5943824.368,862517,,506642,0,0,0,0,0,North,2023/2024,SOUTH HEAD ROAD,EVANS ROAD,,Minor Crash,No,2024,0,North,0,0,1,Flat,0,,0,,0,Dark,210500,1,0,0,2,0,0,0,0,0,,0,0,Auckland Region,Nil,2-way,Sealed,0,0,0,0,80,0,None,0,0,,76,Auckland,Nil,0,0,0,0,0,0,Open,1,0,0,Fine,Null
1772391.6481,5911369.0281,862520,,523202,0,0,0,1,1,South,2024/2025,WHITFORD ROAD,MAUNGAMAUNGAROA BR,,Non-Injury Crash,No,2024,0,South,0,0,0,Hill Road,0,,0,,0,Dark,717501,0,0,0,2,0,0,0,0,0,,0,0,Auckland Region,Nil,2-way,Sealed,0,0,0,0,60,0,On,0,0,,76,Auckland,Nil,0,0,0,0,0,0,Urban,0,0,0,Fine,Null
1764750.9711,5909145.6552,862525,,521802,0,0,0,1,0,Null,2023/2024,PAPAKU ROAD,RONAKI ROAD,,Non-Injury Crash,No,2023,0,North,0,0,1,Flat,0,,1,,0,Bright sun,789103,0,0,0,2,0,0,0,0,0,,0,0,Auckland Region,Nil,2-way,Sealed,0,0,0,0,50,0,Off,0,0,,76,Auckland,Nil,0,0,0,0,0,0,Urban,0,0,0,Fine,Null
1747444.9279,5926856.531,862527,,513431,0,0,0,1,0,North,2023/2024,UPPER HARBOUR MOTORWAY,OLD BUCKLEY AVENUE,,Minor Crash,Yes,2023,0,South,0,0,0,Flat,1,,0,,0,Twilight,221903,1,0,0,2,0,0,0,0,0,,0,0,Auckland Region,Nil,1-way,Sealed,0,0,0,0,100,0,On,0,0,,76,Auckland,Nil,0,0,0,0,0,0,Open,0,0,0,Fine,Null
1755290.1209,5929645.7204,862528,,508420,0,,0,1,,North,2024/2025,NORTHERN MOTORWAY,TRISTRAM AVENUE ON RAMP,,Minor Crash,Yes,2025,,North,,0,,Flat,,,,,,Overcast,183800,1,0,1,3,,,0,,,,,,Auckland Region,Nil,1-way,Sealed,,0,0,,100,,Off,0,0,,76,Auckland,Nil,,,,,0,0,Open,0,,,Fine,Null
1770464.2517,5912755.3698,862536,,523101,0,,0,2,,East,2024/2025,CASCADES ROAD,HUAOTA PLACE,,Non-Injury Crash,No,2025,,East,,0,,Flat,,,,,,Bright sun,710517,0,0,0,2,,,0,,,,,,Auckland Region,Nil,2-way,Sealed,,0,0,,60,,Off,0,0,,76,Auckland,Nil,,,,,0,0,Urban,0,,,Fine,Null
1757881.1592,5926983.1677,862539,,508010,1,,0,1,,Null,2023/2024,AUBURN STREET,HURON STREET,,Minor Crash,No,2023,,North,,0,,Flat,,Christmas New Year,,,,Overcast,327900,1,0,0,2,,,0,,,,,,Auckland Region,Nil,2-way,Sealed,,0,0,,50,,Off,0,0,,76,Auckland,Give way,,,,,0,0,Urban,0,,,Fine,Null
1744662.84,5922699.1802,862543,,513530,0,,0,2,,Null,2022/2023,MOIRE ROAD,HOLMES DRIVE SOUTH,,Non-Injury Crash,No,2023,,South,,0,,Flat,,,,,,Bright sun,224407,0,0,0,2,,,0,,,,,,Auckland Region,Nil,2-way,Sealed,,0,0,,50,,Off,0,0,,76,Auckland,Give way,,,,,0,0,Urban,0,,,Fine,Null
1751354.9562,5912897.0592,862545,,514600,0,0,0,0,0,North,2023/2024,TAYLOR STREET,BOLTON STREET,,Non-Injury Crash,No,2023,0,South,0,0,0,Hill Road,0,,0,,0,Bright sun,371300,0,0,0,2,0,0,0,0,1,,0,0,Auckland Region,Nil,2-way,Sealed,0,0,0,0,50,0,Off,0,0,,76,Auckland,Nil,0,0,0,0,2,0,Urban,0,0,0,Fine,Null
1764456.4248,5912172.0918,862549,,520500,0,,0,2,,South,2024/2025,SOUTHERN MOTORWAY,MOUNT WELLINGTON HWY OFF RAMP,,Non-Injury Crash,Yes,2024,,North,,0,,Flat,,,,,,Dark,639500,0,0,0,3,,,0,,,,,,Auckland Region,Nil,1-way,Sealed,,0,0,,100,,On,0,0,,76,Auckland,Nil,,,,,0,0,Open,0,,,Light rain,Null
1748133.6493,5912049.808,862551,,511902,0,0,0,1,0,East,2022/2023,GOLF ROAD,TITIRANGI ROAD,,Non-Injury Crash,No,2023,0,West,0,0,0,Hill Road,0,,0,,0,Dark,293001,0,0,0,2,0,0,0,0,0,,1,0,Auckland Region,Nil,2-way,Sealed,0,0,0,0,50,0,On,0,0,,76,Auckland,Nil,0,0,0,0,0,0,Urban,0,0,0,Fine,Null
1755927.3945,5929148.6092,862559,,508510,0,0,0,1,0,West,2022/2023,TRISTRAM AVENUE,RAINES AVENUE,,Non-Injury Crash,No,2023,0,West,0,0,0,Hill Road,0,,0,,0,Dark,195600,0,0,0,4,0,1,0,0,0,,0,0,Auckland Region,Nil,2-way,Sealed,0,0,0,0,50,0,On,0,0,,76,Auckland,Nil,0,0,0,1,0,0,Urban,0,0,0,Light rain,Null
1771731.2584,5913830.541,862560,,521602,0,0,0,4,0,West,2025/2026,UNION ROAD,YEOMAN PLACE,,Serious Crash,No,2025,0,South,0,0,0,Hill Road,0,,0,,0,Bright sun,649001,0,0,0,2,0,0,0,0,2,,0,0,Auckland Region,Nil,2-way,Sealed,0,0,1,0,50,0,Off,0,0,,76,Auckland,Nil,0,0,0,0,0,0,Urban,0,0,0,Fine,Null
1747278.5887,5919578.3136,862561,,512402,0,,0,2,,Null,2023/2024,TE ATATU ROAD,TE ATATU ROAD OFF RAMP,,Non-Injury Crash,No,2023,,North,,0,,Hill Road,,,,,,Overcast,253700,0,0,0,4,,,0,,,,,,Auckland Region,Overpass,1-way,Sealed,,0,0,,50,,Off,0,0,,76,Auckland,Traffic Signals,,,,,0,0,Urban,0,,,Fine,Null
1761869.3867,5913985.752,862565,,520202,0,,0,1,,East,2023/2024,SOUTHERN MOTORWAY,ELLERSLIE-PANMURE HWY ON RAMP,,Non-Injury Crash,Yes,2023,,East,,0,,Flat,,,,,,Bright sun,612800,0,0,0,3,,,0,,,,,,Auckland Region,Nil,1-way,Sealed,,0,0,,100,,Null,0,0,,76,Auckland,Nil,,,,,1,0,Open,0,,,Fine,Null
1754618.2689,5930756.53,862567,,508520,0,0,0,1,0,South,2022/2023,NORTHERN MOTORWAY,UPPER HARBOUR HWY ON RAMP,,Non-Injury Crash,Yes,2023,0,South,0,0,0,Hill Road,1,,0,,0,Overcast,191104,0,0,0,2,0,0,0,0,0,,0,0,Auckland Region,Nil,1-way,Sealed,0,0,0,0,100,0,Off,0,0,,76,Auckland,Nil,0,0,0,0,1,0,Open,0,0,0,Fine,Null
1753523.243,5916462.8224,862569,,517800,0,0,0,2,0,North,2023/2024,WILLIS STREET,ALBERTON AVENUE,,Non-Injury Crash,No,2023,0,South,0,0,0,Flat,0,,0,,0,Bright sun,528400,0,0,0,2,0,0,0,0,1,,0,0,Auckland Region,Nil,2-way,Sealed,0,0,0,0,50,0,Off,0,0,,76,Auckland,Nil,0,0,0,0,0,0,Urban,0,0,0,Fine,None
1743804.3579,5919219.2226,862571,,513213,0,0,0,2,0,Null,2022/2023,SWANSON ROAD,METCALFE ROAD,,Non-Injury Crash,No,2023,0,North,0,0,1,Flat,0,,0,,0,Bright sun,236001,0,0,0,2,0,0,0,0,0,,0,0,Auckland Region,Nil,2-way,Sealed,0,0,0,0,50,0,None,0,0,,76,Auckland,Give way,0,0,0,0,0,0,Urban,0,0,0,Fine,Null
1785460.7839,5926213.7774,862572,,520801,0,,0,1,,Null,2025/2026,SEA VIEW ROAD,HARTLEY AVENUE,,Serious Crash,No,2026,,South,,0,,Hill Road,,,,,,Bright sun,515403,0,1,0,2,,,0,,,,,,Auckland Region,Nil,2-way,Sealed,,0,1,,40,,Off,0,0,,76,Auckland,Nil,,,,,0,0,Urban,0,,,Fine,Null
1744404.7144,5922609.2845,862573,,513521,0,0,0,1,0,North,2024/2025,NORTH-WESTERN MOTORWAY,ROYAL OBR,,Minor Crash,Yes,2024,0,South,0,0,0,Flat,1,,0,,0,Overcast,224237,1,0,0,2,0,0,0,0,0,,0,0,Auckland Region,Nil,1-way,Sealed,0,0,0,0,100,0,Off,0,0,,76,Auckland,Nil,0,0,0,0,0,0,Open,0,0,0,Fine,Null
1772961.9455,5891248.2164,862575,,521301,0,,0,1,,Null,2023/2024,SOUTHERN MOTORWAY,GREAT SOUTH ROAD ON RAMP,,Non-Injury Crash,Yes,2023,,South,,0,,Flat,,,,,,Twilight,809005,0,0,0,2,,,0,,,,,,Auckland Region,Motorway ramp,1-way,Sealed,,0,0,,100,,On,0,0,,76,Auckland,Nil,,,,,1,0,Open,0,,,Fine,Null
1762472.8021,5906318.0288,862579,,524302,0,0,0,2,0,South,2025/2026,HADDON STREET,RAGLAN STREET,,Non-Injury Crash,No,2026,0,North,0,0,0,Flat,0,,0,,0,Dark,744400,0,0,0,2,0,0,0,0,1,,0,0,Auckland Region,Nil,2-way,Sealed,0,0,0,0,30,0,On,0,0,,76,Auckland,Nil,0,0,0,0,0,0,Urban,0,0,0,Fine,Null
1762716.306,5914904.9159,862582,,520401,0,,0,2,,South,2022/2023,HARRISON ROAD,ELLERSLIE-PANMURE HIGHWAY,,Non-Injury Crash,No,2023,,South,,0,,Flat,,,,,,Overcast,644101,0,0,0,2,,,0,,,,,,Auckland Region,Nil,2-way,Sealed,,0,0,,50,,Off,0,0,,76,Auckland,Nil,,,,,0,0,Urban,0,,,Fine,Null
1754394.5986,5937678.5501,862586,,506901,0,0,0,1,0,Null,2023/2024,GLENVAR ROAD,GLENVAR RIDGE ROAD,,Minor Crash,No,2023,0,East,0,0,0,Flat,0,,0,,1,Bright sun,166103,1,0,1,2,0,0,0,0,0,,0,0,Auckland Region,Nil,2-way,Sealed,0,0,0,0,50,0,Off,0,0,,76,Auckland,Give way,0,0,0,0,0,0,Urban,0,0,0,Fine,Null
1746629.7542,5926017.0877,862595,,513432,0,,0,2,,Null,2025/2026,HOBSONVILLE ROAD,BRIGHAM CREEK ROAD,,Minor Crash,No,2025,,East,,0,,Flat,,,,,,Overcast,223005,1,0,0,3,,,0,,,,,,Auckland Region,Nil,2-way,Sealed,,0,0,,50,,Off,0,0,,76,Auckland,Stop,,,,,0,0,Urban,0,,,Fine,Null
1755585.5401,5915764.3007,862602,,518301,0,0,0,2,0,North,2023/2024,DOMINION ROAD,TELFORD AVENUE,,Minor Crash,No,2023,0,South,0,0,0,Flat,0,,0,,0,Dark,554000,1,0,0,2,0,0,0,0,0,,0,1,Auckland Region,Nil,2-way,Sealed,0,0,0,0,50,0,On,0,0,,76,Auckland,Nil,0,0,0,0,0,0,Urban,0,0,0,Fine,Null
1750889.6089,5934442.3538,862610,,508701,0,0,0,1,0,North,2022/2023,THE AVENUE,GEORGIA TERRACE,,Non-Injury Crash,No,2023,0,South,0,0,0,Hill Road,0,,0,,0,Dark,178705,0,0,0,2,0,0,0,0,1,,0,0,Auckland Region,Nil,2-way,Sealed,0,0,0,0,50,0,On,0,0,,76,Auckland,Nil,0,0,0,0,0,0,Urban,1,0,0,Light rain,Null
1759227.0843,5906133.1308,862611,,524200,0,0,0,2,0,West,2024/2025,KOHINOOR AVENUE,CULLINAN AVENUE,,Non-Injury Crash,No,2024,0,West,0,0,0,Flat,0,,0,,0,Dark,727400,0,0,0,2,0,0,0,0,1,1,0,0,Auckland Region,Nil,2-way,Sealed,0,0,0,0,50,0,On,0,0,,76,Auckland,Nil,0,0,0,0,0,0,Urban,0,0,0,Fine,Null
1758938.3532,5916554.489,862612,,519200,0,0,0,3,0,South,2023/2024,MARKET ROAD,DUNKERRON AVENUE,,Non-Injury Crash,No,2023,0,South,0,0,0,Hill Road,0,,0,,0,Dark,614600,0,0,0,2,0,0,0,0,1,,0,0,Auckland Region,Nil,2-way,Sealed,0,0,0,0,50,0,On,0,0,,76,Auckland,Nil,0,0,0,0,0,0,Urban,0,0,0,Mist or Fog,Null
1756814.0916,5912756.9215,862614,,518702,0,0,0,1,0,East,2023/2024,SOUTH-WESTERN MOTORWAY,HILLSBOROUGH OBR,,Minor Crash,Yes,2023,0,East,0,0,0,Hill Road,1,,0,,0,Twilight,570100,1,0,0,2,0,0,0,0,0,,0,0,Auckland Region,Nil,1-way,Sealed,0,0,0,0,100,0,On,0,0,,76,Auckland,Nil,0,0,0,0,0,0,Open,0,0,0,Fine,Null
1737094.5894,5929390.4653,862616,,505602,0,0,0,1,0,West,2023/2024,MAIN ROAD,STATION ROAD,,Non-Injury Crash,Yes,2023,0,East,0,0,0,Flat,0,,0,,0,Bright sun,215602,0,0,0,2,0,0,0,0,1,,0,0,Auckland Region,Nil,2-way,Sealed,0,0,0,0,50,0,Off,0,0,,76,Auckland,Nil,0,0,0,0,1,0,Urban,0,0,0,Fine,Null
1757944.7459,5918025.5532,862628,,515700,0,,0,5,,North,2024/2025,SOUTHERN MOTORWAY,GILLIES AVENUE ON RAMP,,Non-Injury Crash,Yes,2024,,North,,0,,Flat,,,,,,Bright sun,443700,0,0,0,5,,,0,,,,,,Auckland Region,Nil,1-way,Sealed,,0,0,,80,,Off,0,0,,76,Auckland,Nil,,,,,0,0,Open,0,,,Fine,Null
1763369.0668,5909222.8765,862639,,521901,0,,0,2,,Null,2024/2025,KAKA STREET,WALMSLEY ROAD,,Non-Injury Crash,No,2024,,North,,0,,Flat,,,,,,Overcast,783500,0,0,0,3,,,0,,,,,,Auckland Region,Nil,2-way,Sealed,,0,0,,50,,None,0,0,,76,Auckland,Traffic Signals,,,,,0,0,Urban,0,,,Fine,Null
1736867.809,5982478.9249,862646,,505300,0,0,0,1,0,Null,2023/2024,RODNEY STREET,EL HAMA ROAD,,Non-Injury Crash,Yes,2023,0,South,0,0,0,Hill Road,0,,1,,0,Dark,142500,0,0,0,2,0,0,0,0,0,,0,0,Auckland Region,Nil,2-way,Sealed,0,0,0,0,50,0,On,0,0,,76,Auckland,Give way,0,0,0,0,0,0,Urban,0,0,0,Fine,Null
1757746.5343,5913968.8131,862652,,518600,0,,0,2,,Null,2023/2024,PAH ROAD,HOLLYWOOD AVENUE,,Non-Injury Crash,No,2024,,North,,0,,Flat,,,,,,Dark,565000,0,0,0,4,,,0,,,,,,Auckland Region,Nil,2-way,Sealed,,0,0,,50,,On,0,0,,76,Auckland,Stop,,,,,0,0,Urban,0,,,Fine,Null
1755536.4156,5944653.1393,862660,,505908,0,0,0,1,0,South,2024/2025,KAURI ROAD,TOTARA ROAD,,Minor Crash,No,2025,0,South,0,0,0,Hill Road,0,,0,,0,Overcast,173601,1,0,0,2,0,0,0,0,1,,0,0,Auckland Region,Nil,2-way,Sealed,0,0,0,0,50,0,Off,0,0,,76,Auckland,Nil,0,0,0,0,0,0,Urban,1,0,0,Fine,Null
1770663.7214,5899062.9976,862662,,523911,0,,0,2,,West,2023/2024,MANUROA ROAD,PRINCESS STREET,,Serious Crash,No,2024,,West,,0,,Flat,,,,,,Dark,766901,0,0,0,2,,,0,,,1,,,Auckland Region,Nil,2-way,Sealed,,0,2,,50,,On,0,0,,76,Auckland,Nil,,,,,0,0,Urban,0,,,Fine,Null
1772570.1279,5892020.2329,862676,,521203,0,,0,1,,Null,2023/2024,FAITHFUL WAY,PEARA LANE,,Non-Injury Crash,No,2023,,South,,0,,Flat,,,,,,Dark,807300,0,0,0,2,,,0,,,,,,Auckland Region,Nil,2-way,Sealed,,0,0,,50,,On,0,0,,76,Auckland,Give way,,,,,0,0,Urban,1,,,Fine,Null
1764813.0531,5911136.0801,862678,,520500,0,0,0,2,0,North,2023/2024,SOUTHERN MOTORWAY,OTAHUHU CK BR,,Non-Injury Crash,Yes,2023,0,North,0,0,0,Flat,1,,0,,0,Dark,636300,0,0,0,3,0,0,0,0,0,,0,0,Auckland Region,Nil,1-way,Sealed,0,0,0,0,100,0,On,0,0,,76,Auckland,Nil,0,0,0,0,0,0,Open,0,0,0,Fine,Null
1749224.7511,5969368.7881,862680,,505500,0,0,0,0,0,North,2023/2024,JOHN ANDREW DRIVE,ELLA ANNE CRESCENT,,Minor Crash,No,2024,0,East,0,0,0,Hill Road,0,,0,,0,Dark,141200,1,0,0,2,0,0,0,0,0,,0,1,Auckland Region,Nil,2-way,Sealed,0,0,0,0,50,0,On,1,0,,76,Auckland,Nil,0,0,0,1,0,0,Urban,0,0,0,Fine,Null
1770471.3224,5904568.6058,862684,,523820,0,,0,2,,Null,2022/2023,REDOUBT ROAD,MURPHYS ROAD,,Non-Injury Crash,No,2023,,West,,0,,Flat,,,,,,Dark,760000,0,0,0,2,,,0,,,,,,Auckland Region,Nil,2-way,Sealed,,0,0,,60,,On,0,0,,76,Auckland,Stop,,,,,0,0,Urban,0,,,Fine,Null
1767372.6628,5905019.7275,862687,,524603,0,,0,1,,North,2024/2025,GREAT SOUTH ROAD,GREAT SOUTH ROAD,,Non-Injury Crash,No,2024,,North,,0,,Null,,,,,,Bright sun,780304,0,0,0,4,,,0,,,,,,Auckland Region,Nil,2-way,Sealed,,0,0,,50,,Null,0,0,,76,Auckland,Nil,,,,,0,1,Urban,0,,,Fine,Null
1764275.1516,5906197.8905,862696,,524303,0,,0,0,,South,2024/2025,STATION ROAD,SPRING STREET,,Minor Crash,No,2025,,East,,0,,Flat,,,,,,Bright sun,657500,1,0,0,2,,,0,,,1,,,Auckland Region,Nil,2-way,Sealed,,0,0,,50,,Off,0,0,,76,Auckland,Nil,,,,,0,0,Urban,1,,,Fine,Null
1762602.7571,5885887.9491,862704,,521121,0,0,0,1,1,Null,2023/2024,GLENBROOK ROAD,CUFF ROAD,,Non-Injury Crash,No,2024,0,West,0,0,0,Flat,0,,0,,0,Dark,811300,0,0,0,2,0,0,0,0,0,,0,0,Auckland Region,Nil,2-way,Sealed,0,0,0,0,80,0,On,0,0,,76,Auckland,Give way,0,0,0,0,0,0,Open,0,0,0,Fine,Null
1765892.152,5906513.2852,862716,,522202,0,,1,1,,Null,2024/2025,GREAT SOUTH ROAD,REX LANE,,Non-Injury Crash,No,2024,,South,,0,,Flat,,,,,,Dark,663800,0,0,0,4,,,0,,,,,,Auckland Region,Nil,2-way,Sealed,,0,0,,50,,On,0,0,,76,Auckland,Nil,,,,,0,0,Urban,0,,,Fine,None
1767017.9234,5905682.3429,862718,,522302,0,,0,2,,North,2023/2024,CASPAR ROAD,GREAT SOUTH ROAD,,Non-Injury Crash,No,2023,,North,,0,,Flat,,,,,,Dark,670600,0,0,0,2,,,0,,,,,,Auckland Region,Nil,2-way,Sealed,,0,0,,50,,On,0,0,,76,Auckland,Nil,,,,,0,0,Urban,0,,,Light rain,Null
1766360.2103,5904595.4331,862720,,524603,0,,0,2,,East,2024/2025,CAVENDISH DRIVE,NORMAN SPENCER DRIVE,,Minor Crash,No,2024,,West,,0,,Flat,,,,,,Bright sun,780202,2,0,0,4,,,0,,,,,,Auckland Region,Nil,2-way,Sealed,,0,0,,50,,Off,0,0,,76,Auckland,Nil,,,,,0,0,Urban,0,,,Fine,Null
1738806.06,5978422.6969,862728,,506660,0,0,0,1,0,Null,2023/2024,SH 1,WAYBY VALLEY ROAD,,Serious Crash,Yes,2024,0,South,0,0,0,Flat,1,Easter,0,,0,Bright sun,136400,1,0,0,2,0,0,0,0,0,,0,0,Auckland Region,Nil,2-way,Sealed,0,0,1,0,80,0,Off,0,0,,76,Auckland,Give way,0,0,0,0,0,0,Open,1,0,0,Fine,Null
1745351.4668,5923981.9382,862731,,513521,0,,0,2,,Null,2024/2025,LUCKENS ROAD,MOIRE ROAD,,Non-Injury Crash,No,2025,,North,,0,,Hill Road,,,,,,Bright sun,224228,0,0,0,2,,,0,,,,,,Auckland Region,Nil,2-way,Sealed,,0,0,,50,,Off,0,0,,76,Auckland,Give way,,,,,0,0,Urban,0,,,Fine,Null
1751734.1581,5947814.6478,862734,,505808,0,0,0,2,0,South,2023/2024,THORBURN AVENUE,AMORINO DRIVE,,Non-Injury Crash,No,2023,0,North,0,0,0,Flat,0,,0,,0,Dark,172903,0,0,0,2,0,0,0,0,1,,0,0,Auckland Region,Nil,2-way,Sealed,0,0,0,0,50,0,On,0,0,,76,Auckland,Nil,0,0,0,0,0,0,Urban,0,0,0,Fine,Null
1744676.2931,5918012.0514,862740,,510700,0,,0,2,,North,2024/2025,SWANSON ROAD,STURGES ROAD,,Minor Crash,No,2024,,South,,0,,Flat,,,,,,Bright sun,239200,1,0,0,2,,,0,,,,,,Auckland Region,Nil,2-way,Sealed,,0,0,,50,,Off,0,0,,76,Auckland,Nil,,,,,0,0,Urban,0,,,Fine,Null
1758134.5605,5917849.4579,862742,,515700,0,0,0,1,0,Null,2022/2023,GILLIES AVENUE OFF RAMP,GILLIES AVENUE,,Non-Injury Crash,No,2023,0,South,0,0,0,Flat,0,,0,,0,Dark,443200,0,0,0,2,0,0,0,0,0,,0,0,Auckland Region,Motorway ramp,1-way,Sealed,0,0,0,0,50,0,On,0,0,,76,Auckland,Traffic Signals,0,1,0,0,0,0,Urban,0,0,0,Light rain,Null
1758225.9473,5913434.7951,862748,,519710,0,,1,1,,Null,2023/2024,MANUKAU ROAD,CAMPBELL ROAD,,Non-Injury Crash,No,2024,,South,,0,,Flat,,,,,,Bright sun,594701,0,0,0,2,,,0,,,,,,Auckland Region,Nil,1-way,Sealed,,0,0,,50,,Off,0,0,,76,Auckland,Give way,,,,,0,0,Urban,0,,,Fine,Null
1755497.2066,5912527.7811,862755,,518701,0,0,0,1,0,South,2025/2026,ROGAN STREET,RUSTIC AVENUE,,Non-Injury Crash,No,2025,0,North,0,0,0,Flat,0,,0,,0,Dark,573000,0,0,0,2,0,0,0,0,1,,0,0,Auckland Region,Nil,2-way,Unsealed,0,0,0,0,50,0,On,0,0,,76,Auckland,Nil,0,0,0,0,0,0,Urban,1,0,0,Fine,Null
1760233.8903,5915903.0789,862756,,516003,0,,0,2,,South,2023/2024,GREEN LANE EAST ON RAMP,GREEN LANE EAST,,Non-Injury Crash,No,2024,,South,,0,,Hill Road,,,,,,Bright sun,494902,0,0,0,2,,,0,,,,,,Auckland Region,Motorway ramp,2-way,Sealed,,0,0,,100,,Off,0,0,,76,Auckland,Nil,,,,,0,0,Open,0,,,Fine,Null
1765663.6627,5913535.625,862771,45,522820,0,,0,1,,Null,2022/2023,PAKURANGA ROAD,LAGOON DRIVE,,Non-Injury Crash,No,2023,,South,,0,,Flat,,,,,,Dark,695200,0,0,0,2,,,0,,,,,,Auckland Region,Nil,1-way,Unsealed,,0,0,,50,,On,0,0,,76,Auckland,Give way,,,,,0,1,Urban,0,,,Fine,None
1770079.0708,5915666.637,862779,,522711,0,,0,2,,Null,2022/2023,GILLS ROAD,BUCKLANDS BEACH ROAD,,Non-Injury Crash,No,2023,,East,,0,,Flat,,,,,,Dark,679309,0,0,0,1,,,0,,,,,,Auckland Region,Nil,1-way,Sealed,,0,0,,50,,On,0,0,,76,Auckland,Give way,,,,,0,0,Urban,0,,,Fine,None
1744071.4801,5922579.1697,862782,,513512,0,,0,2,,Null,2024/2025,ROYAL ROAD,WESTGATE DRIVE,,Minor Crash,No,2024,,East,,0,,Flat,,,,,,Dark,225501,1,0,0,3,,,0,,,,,,Auckland Region,Nil,2-way,Sealed,,0,0,,50,,On,0,0,,76,Auckland,Traffic Signals,,,,,0,0,Urban,0,,,Fine,Null
1771802.8977,5897451.29,862783,,523912,0,,0,1,,South,2024/2025,GREAT SOUTH ROAD,WAKA STREET,,Non-Injury Crash,No,2024,,South,,0,,Flat,,,,,,Bright sun,767808,0,0,0,2,,,0,,,,,,Auckland Region,Nil,2-way,Sealed,,0,0,,50,,Off,0,0,,76,Auckland,Nil,,,,,0,0,Urban,1,,,Fine,Null
1741607.277,5918185.9375,862791,,513214,0,,0,0,,North,2025/2026,CANDIA ROAD,COULTER ROAD,,Non-Injury Crash,No,2025,,North,,0,,Flat,,,,,,Bright sun,238403,0,0,0,2,,,0,,,,,,Auckland Region,Nil,2-way,Sealed,,0,0,,50,,None,0,0,,76,Auckland,Nil,,,,,1,0,Urban,0,,,Fine,Null
1757230.251,5919627.1018,862794,,514103,0,,0,2,,South,2023/2024,LIVERPOOL STREET,TURNER STREET,,Non-Injury Crash,No,2024,,North,,0,,Hill Road,,,,,,Overcast,436201,0,0,0,1,,,0,,,,,,Auckland Region,Nil,1-way,Sealed,,0,0,,30,,Off,0,0,,76,Auckland,Nil,,,,,0,0,Urban,0,,,Fine,Null
1751982.4942,5930628.5289,862796,,509100,0,,0,1,,South,2023/2024,ALBANY HIGHWAY OFF RAMP,ALBANY HIGHWAY OFF RAMP,,Non-Injury Crash,No,2023,,East,,0,,Flat,,,,,,Dark,181003,0,0,0,3,,,0,,,,,,Auckland Region,Motorway ramp,1-way,Sealed,,0,0,,100,,On,0,0,,76,Auckland,Nil,,,,,1,0,Open,0,,,Light rain,Null
1755086.3598,5929109.6578,862802,,508320,0,0,0,1,0,Null,2024/2025,OFF ROAD - CAR PARK,,,Minor Crash,No,2024,0,West,0,0,0,Flat,1,,0,,0,Dark,196600,1,0,0,0,0,0,0,0,1,,0,0,Auckland Region,Nil,Off road,Sealed,0,0,0,0,,0,On,1,0,,76,Auckland,Nil,0,0,0,0,0,0,Urban,1,0,0,Fine,Null
1741541.6026,5922112.2741,862806,55,513621,0,0,0,1,0,East,2023/2024,RED HILLS ROAD,SUNNYVALE ROAD,,Non-Injury Crash,No,2024,1,East,1,0,0,Hill Road,0,,0,,0,Twilight,226601,0,0,0,2,0,0,0,0,0,,0,0,Auckland Region,Nil,2-way,Sealed,0,0,0,0,80,0,Off,0,0,,76,Auckland,Nil,0,0,0,0,0,0,Open,0,0,0,Light rain,Null
1745724.1743,5918547.9875,862807,,513302,0,0,0,2,0,West,2024/2025,WOODFORD AVENUE,EPPING ROAD,,Non-Injury Crash,No,2024,0,East,0,0,0,Hill Road,0,,0,,0,Bright sun,230900,0,0,0,2,0,0,0,0,1,,0,0,Auckland Region,Nil,2-way,Sealed,0,0,0,0,50,0,None,0,0,,76,Auckland,Nil,0,0,0,0,0,0,Urban,0,0,0,Fine,Null