X,Y,OBJECTID,advisorySpeed,areaUnitID,bicycle,bridge,bus,carStationWagon,cliffBank,crashDirectionDescription,crashFinancialYear,crashLocation1,crashLocation2,crashRoadSideRoad,crashSeverity,crashSHDescription,crashYear,debris,directionRoleDescription,ditch,fatalCount,fence,flatHill,guardRail,holiday,houseOrBuilding,intersection,kerb,light,meshblockId,minorInjuryCount,moped,motorcycle,NumberOfLanes,objectThrownOrDropped,otherObject,otherVehicleType,overBank,parkedVehicle,pedestrian,phoneBoxEtc,postOrPole,region,roadCharacter,roadLane,roadSurface,roadworks,schoolBus,seriousInjuryCount,slipOrFlood,speedLimit,strayAnimal,streetLight,suv,taxi,temporarySpeedLimit,tlaId,tlaName,trafficControl,trafficIsland,trafficSign,train,tree,truck,unknownVehicleType,urban,vanOrUtility,vehicle,waterRiver,weatherA,weatherB
1765869.4347,5907179.0736,862812,,522301,0,,0,1,,South,2022/2023,EAST TAMAKI ROAD,WINTERE ROAD,,Non-Injury Crash,No,2023,,South,,0,,Flat,,,,,,Overcast,666400,0,0,1,5,,,0,,,,,,Auckland Region,Nil,2-way,Sealed,,0,0,,50,,Off,0,0,,76,Auckland,Nil,,,,,0,0,Urban,0,,,Fine,None
1743710.2192,5919363.254,862818,,513212,0,,0,1,,Null,2023/2024,UNIVERSAL DRIVE,SWANSON ROAD,,Non-Injury Crash,No,2023,,South,,0,,Flat,,,,,,Dark,235600,0,0,0,1,,,0,,,,,,Auckland Region,Nil,1-way,Sealed,,0,0,,50,,On,0,0,,76,Auckland,Give way,,,,,0,0,Urban,1,,,Fine,Null
1764659.1942,5905788.5605,862819,,522100,0,,0,1,,Null,2024/2025,STATION ROAD,STATION ROAD,,Non-Injury Crash,No,2025,,South,,0,,Flat,,,,,,Bright sun,657700,0,0,0,4,,,0,,,,,,Auckland Region,Nil,2-way,Sealed,,0,0,,50,,Off,0,0,,76,Auckland,Nil,,,,,1,0,Urban,0,,,Fine,Null
1742353.0042,5917563.2274,862823,,513220,0,0,0,0,0,South,2024/2025,SIMPSON ROAD,METCALFE ROAD,,Non-Injury Crash,No,2025,0,South,1,0,0,Flat,0,,0,,0,Dark,238702,0,0,0,2,0,0,0,0,0,,0,1,Auckland Region,Nil,2-way,Sealed,0,0,0,0,50,0,On,1,0,,76,Auckland,Nil,0,0,0,0,0,0,Urban,0,0,0,Light rain,Null
1739069.8677,5929566.6871,862824,,505604,0,0,0,1,0,South,2023/2024,KORAHA ROAD,ORAHA ROAD,,Minor Crash,No,2024,0,North,0,0,1,Flat,0,,0,,0,Bright sun,213900,1,0,0,2,0,0,0,0,0,,0,0,Auckland Region,Nil,2-way,Sealed,0,0,0,0,60,0,Off,0,0,,76,Auckland,Nil,0,0,0,1,0,0,Urban,0,0,0,Fine,Null
1769098.3371,5906634.7289,862826,,523711,0,0,0,1,0,South,2022/2023,TE IRIRANGI DRIVE,RONGOMAI ROAD,,Non-Injury Crash,No,2023,0,North,0,0,0,Hill Road,0,,0,,0,Dark,713006,0,0,0,2,0,0,0,0,0,,0,1,Auckland Region,Nil,1-way,Sealed,0,0,0,0,80,0,On,0,0,,76,Auckland,Nil,0,0,0,0,0,0,Open,0,0,0,Light rain,Null
1749916.9537,5945848.193,862828,,506001,0,,0,1,,Null,2023/2024,TAVERN ROAD,FOUNDRY ROAD,,Minor Crash,No,2024,,West,,0,,Hill Road,,,,,,Bright sun,175502,1,0,1,2,,,0,,,,,,Auckland Region,Nil,2-way,Sealed,,0,0,,50,,Off,0,0,,76,Auckland,Give way,,,,,0,0,Urban,0,,,Fine,Null
1736301.0827,5927783.656,862830,45,505605,0,0,0,1,0,North,2022/2023,MOTU ROAD,TAWA ROAD,,Non-Injury Crash,No,2023,0,North,0,0,0,Hill Road,0,,0,,0,Dark,215603,0,0,0,2,0,0,0,0,0,,0,0,Auckland Region,Nil,2-way,Sealed,0,0,0,0,80,0,None,0,0,,76,Auckland,Nil,0,0,0,1,0,0,Open,0,0,0,Fine,Null
1756121.4836,5923854.2415,862831,,509800,0,,1,3,,South,2024/2025,NORTHERN MOTORWAY,WEIGH BRIDGE,,Non-Injury Crash,Yes,2025,,South,,0,,Flat,,,,,,Dark,358800,0,0,0,4,,,0,,,,,,Auckland Region,Nil,1-way,Sealed,,0,0,,80,,On,0,0,,76,Auckland,Nil,,,,,0,0,Open,0,,,Fine,Null
1762807.984,5916053.1928,862838,,516302,0,0,0,1,0,East,2023/2024,ABBOTTS WAY,WINSTONE DRIVE,,Non-Injury Crash,No,2023,0,West,0,0,0,Flat,0,,0,,0,Overcast,463602,0,0,0,2,0,0,0,0,1,,0,0,Auckland Region,Nil,2-way,Sealed,0,0,0,0,50,0,Off,0,0,,76,Auckland,Nil,0,0,0,0,1,0,Urban,0,0,0,Fine,Null
1744808.6414,5921363.1011,862842,,513530,0,,0,1,,North,2022/2023,NORTH-WESTERN MOTORWAY,HURUHURU OBR,,Minor Crash,Yes,2023,,South,,0,,Hill Road,,,,,,Bright sun,226200,1,0,1,2,,,0,,,,,,Auckland Region,Nil,1-way,Sealed,,0,0,,100,,Off,0,0,,76,Auckland,Nil,,,,,0,0,Open,0,,,Fine,Null
1756217.7042,5916086.0235,862854,,518301,0,,0,1,,Null,2023/2024,BALMORAL ROAD,MEWBURN AVENUE,,Minor Crash,No,2023,,East,,0,,Hill Road,,,,,,Overcast,556200,1,0,1,4,,,0,,,,,,Auckland Region,Nil,2-way,Sealed,,0,0,,50,,Off,0,0,,76,Auckland,Stop,,,,,0,0,Urban,0,,,Fine,Null
1770611.0978,5900898.0931,862855,,523816,0,0,0,1,0,North,2024/2025,RIVERTON DRIVE,NEARCO STREET,,Non-Injury Crash,No,2025,0,West,0,0,0,Flat,0,,0,,0,Bright sun,759727,0,0,0,2,0,0,0,0,1,,0,0,Auckland Region,Nil,2-way,Sealed,0,0,0,0,50,0,Null,0,0,,76,Auckland,Nil,0,0,0,0,1,0,Urban,0,0,0,Fine,Null
1754960.1554,5931833.5561,862860,,508805,0,,0,1,,Null,2023/2024,CONSTELLATION DRIVE,WHETU PLACE,,Minor Crash,No,2024,,West,,0,,Flat,,,,,,Overcast,180813,2,0,0,4,,,0,,,,,,Auckland Region,Nil,2-way,Sealed,,0,0,,50,,Off,0,0,,76,Auckland,Traffic Signals,,,,,0,0,Urban,1,,,Fine,Null
1770577.8765,5907145.9755,862863,,523713,0,0,0,1,0,East,2024/2025,ORMISTON ROAD,PENCAITLAND DRIVE,,Non-Injury Crash,No,2025,0,West,0,0,0,Flat,0,,1,,0,Dark,713100,0,0,0,2,0,0,0,0,0,,0,0,Auckland Region,Nil,1-way,Sealed,0,0,0,0,60,0,On,0,0,,76,Auckland,Nil,0,0,0,0,0,0,Urban,0,0,0,Fine,Null
1755001.7987,5879173.1819,862866,,521152,0,,0,2,,North,2023/2024,GLENBROOK-WAIUKU ROAD,WAITANGI FALLS ROAD,,Minor Crash,No,2024,,South,,0,,Hill Road,,Easter,,,,Bright sun,834000,3,0,0,3,,,0,,,,,,Auckland Region,Nil,2-way,Sealed,,0,0,,80,,None,0,0,,76,Auckland,Nil,,,,,0,0,Open,0,,,Fine,Null
1768935.9449,5902973.1876,862872,,523820,0,0,0,2,0,South,2022/2023,EVERGLADE DRIVE,TILIA PLACE,,Non-Injury Crash,No,2023,0,North,0,0,0,Hill Road,0,,0,,0,Bright sun,760122,0,0,0,2,0,0,0,0,1,,0,0,Auckland Region,Nil,2-way,Sealed,0,0,0,0,50,0,Off,0,0,,76,Auckland,Nil,0,0,0,0,0,0,Urban,0,0,0,Fine,Null
1764869.1982,5903309.0821,862874,,524604,0,0,0,1,0,Null,2023/2024,ROSCOMMON ROAD,VOGLER DRIVE,,Non-Injury Crash,No,2023,0,North,0,0,1,Flat,0,,0,,1,Overcast,781200,0,0,0,6,0,0,0,0,0,,0,0,Auckland Region,Nil,2-way,Sealed,0,0,0,0,60,0,Off,0,0,,76,Auckland,Traffic Signals,0,0,0,0,0,0,Urban,0,0,0,Light rain,Strong wind
1732906.0114,5927877.0329,862878,,506652,0,0,0,1,1,West,2023/2024,FOSTER ROAD,KAURI CRESCENT,,Non-Injury Crash,No,2023,0,East,0,0,0,Hill Road,0,Christmas New Year,0,,0,Dark,219200,0,0,0,2,0,0,0,0,0,,0,0,Auckland Region,Nil,2-way,Sealed,0,0,0,0,80,0,None,0,0,,76,Auckland,Nil,0,0,0,0,0,0,Open,0,0,0,Fine,Null
1767532.9414,5905564.4765,862879,,523722,0,,0,2,,North,2024/2025,SOUTHERN MOTORWAY,TE IRIRANGI DRIVE OFF RAMP,,Non-Injury Crash,Yes,2025,,South,,0,,Flat,,,,,,Bright sun,715701,0,0,0,3,,,0,,,,,,Auckland Region,Nil,1-way,Sealed,,0,0,,100,,Off,0,0,,76,Auckland,Nil,,,,,0,0,Open,0,,,Fine,Null
1755311.7724,5918264.7926,862887,,515500,0,,0,2,,West,2024/2025,NORTH-WESTERN MOTORWAY,BOND OBR,,Non-Injury Crash,Yes,2025,,East,,0,,Flat,,,,,,Bright sun,418800,0,0,0,4,,,0,,,,,,Auckland Region,Nil,1-way,Sealed,,0,0,,80,,Off,0,0,,76,Auckland,Nil,,,,,0,0,Open,0,,,Fine,Null
1769098.6782,5913548.5977,862894,,522723,0,0,0,1,0,North,2023/2024,CASCADES ROAD,LADY MARIE DRIVE,,Minor Crash,No,2023,0,South,0,0,0,Hill Road,0,Christmas New Year,0,,0,Dark,682301,1,0,0,2,0,0,0,0,1,,0,0,Auckland Region,Nil,2-way,Sealed,0,0,0,0,50,0,On,0,0,,76,Auckland,Nil,0,0,0,0,0,0,Urban,1,0,0,Heavy rain,Strong wind
1767517.3718,5910420.652,862896,,523112,0,,0,1,,West,2024/2025,HIGHBROOK DRIVE,RA ORA DRIVE,,Non-Injury Crash,No,2024,,West,,0,,Flat,,,,,,Bright sun,711301,0,0,0,4,,,0,,,,,,Auckland Region,Nil,2-way,Sealed,,0,0,,50,,Off,0,0,,76,Auckland,Nil,,,,,1,0,Urban,0,,,Fine,Null
1768249.5341,5901796.5286,862903,,525001,0,0,0,1,0,West,2024/2025,HALSEY ROAD,GREAT SOUTH ROAD,,Non-Injury Crash,No,2025,0,East,0,0,0,Hill Road,0,,0,,0,Bright sun,750700,0,0,0,2,0,0,0,0,1,,0,0,Auckland Region,Nil,2-way,Sealed,0,0,0,0,50,0,None,0,0,,76,Auckland,Nil,0,0,0,0,0,0,Urban,1,0,0,Fine,Null
1743104.6929,5918546.1836,862922,,513213,0,,0,1,,Null,2023/2024,METCALFE ROAD,RANUI STATION ROAD,,Non-Injury Crash,No,2023,,South,,0,,Flat,,,,,,Bright sun,235200,0,0,0,2,,,0,,,1,,,Auckland Region,Tram lines,2-way,Sealed,,0,0,,50,,Off,0,0,,76,Auckland,Give way,,,,,0,0,Urban,0,,,Fine,Null
1743370.9765,5923584.2458,862928,,513511,0,,0,1,,North,2023/2024,DON BUCK ROAD,RAHOPURU ROAD,,Minor Crash,No,2024,,South,,0,,Flat,,,,,,Twilight,224306,1,0,1,2,,,0,,,,,,Auckland Region,Nil,2-way,Sealed,,0,0,,50,,Off,0,0,,76,Auckland,Nil,,,,,0,0,Urban,0,,,Fine,Null
1780552.5308,5926572.3867,862934,,520801,1,,0,1,,North,2023/2024,SURFDALE ROAD,PARK ROAD,,Minor Crash,No,2024,,South,,0,,Hill Road,,,,,,Overcast,516603,1,0,0,2,,,0,,,,,,Auckland Region,Nil,2-way,Sealed,,0,0,,50,,Off,0,0,,76,Auckland,Nil,,,,,0,0,Urban,0,,,Fine,Null
1779723.2135,5926833.9526,862940,,520801,0,0,0,1,0,North,2023/2024,MOA AVENUE,NIKAU ROAD,,Minor Crash,No,2023,0,North,0,0,0,Flat,0,,0,,0,Overcast,516403,1,0,0,2,0,1,0,0,0,,0,1,Auckland Region,Nil,2-way,Sealed,0,0,0,0,50,0,Off,0,0,,76,Auckland,Nil,0,0,0,0,0,0,Urban,0,0,0,Fine,Null
1757146.4862,5920756.8783,862942,,514101,0,,1,0,,South,2023/2024,HOBSON STREET,BRADNOR LANE,,Non-Injury Crash,No,2023,,South,,0,,Hill Road,,,,,,Overcast,433003,0,0,0,4,,,0,,,,,,Auckland Region,Nil,1-way,Sealed,,0,0,,40,,On,0,0,,76,Auckland,Nil,,,,,0,0,Urban,1,,,Light rain,Null
1754529.9756,5927303.9441,862943,,508620,0,0,0,1,1,South,2025/2026,BEATRICE AVENUE,ARCHERS ROAD,,Minor Crash,No,2025,0,North,0,0,2,Hill Road,0,,0,,0,Bright sun,203000,1,0,0,2,0,0,0,0,0,,0,0,Auckland Region,Nil,2-way,Sealed,0,0,0,0,50,0,Off,0,0,,76,Auckland,Nil,0,0,0,0,0,0,Urban,0,0,0,Fine,Null
1769178.6146,5879468.1358,862944,,525922,0,0,0,1,0,Null,2023/2024,JOHN STREET,KITCHENER ROAD,,Non-Injury Crash,No,2023,0,South,1,0,0,Flat,0,,0,,0,Dark,823500,0,0,0,2,0,0,0,0,0,,0,0,Auckland Region,Nil,2-way,Sealed,0,0,0,0,50,0,On,0,0,,76,Auckland,Stop,0,0,0,0,0,0,Urban,0,0,0,Fine,Null
1755438.9805,5915226.0454,862955,,518302,0,,0,1,,Null,2024/2025,DOMINION ROAD,LANDSCAPE ROAD,,Non-Injury Crash,No,2024,,West,,0,,Flat,,,,,,Bright sun,559402,0,0,0,2,,,0,,,,,,Auckland Region,Nil,2-way,Sealed,,0,0,,50,,Off,0,0,,76,Auckland,Stop,,,,,0,0,Urban,1,,,Fine,Null
1747003.5909,5915123.9801,862960,,511800,0,0,0,1,0,Null,2024/2025,GREAT NORTH ROAD,HEPBURN ROAD,,Non-Injury Crash,No,2024,0,North,0,0,0,Hill Road,0,,0,,0,Dark,277902,0,0,0,4,0,0,0,0,0,,0,0,Auckland Region,Nil,2-way,Sealed,0,0,0,0,50,0,On,0,0,,76,Auckland,Traffic Signals,0,1,0,0,0,0,Urban,0,0,0,Fine,Null
1756665.3269,5926685.2805,862966,,507900,0,0,0,0,0,South,2023/2024,NORTHERN MOTORWAY,NORTHCOTE ROAD ON RAMP,,Non-Injury Crash,Yes,2024,0,South,0,0,0,Flat,1,,0,,0,Overcast,303902,0,0,0,3,0,0,0,0,0,,0,0,Auckland Region,Nil,1-way,Sealed,0,0,0,0,100,0,Off,0,0,,76,Auckland,Nil,0,0,0,0,1,0,Open,0,0,0,Light rain,Null
1772322.6342,5897069.825,862968,,525420,0,0,0,3,0,Null,2023/2024,GREAT SOUTH ROAD,DON STREET,,Non-Injury Crash,No,2023,0,East,0,0,0,Flat,0,,0,,0,Dark,791202,0,0,0,2,0,0,0,0,1,,0,0,Auckland Region,Nil,2-way,Sealed,0,0,0,0,50,0,On,0,0,,76,Auckland,Give way,0,0,0,0,0,0,Urban,0,0,0,Fine,Null
1754987.5069,5914397.7572,862979,,518802,0,,0,0,,South,2024/2025,MAY ROAD,MOUNT ALBERT ROAD,,Non-Injury Crash,No,2024,,East,,0,,Null,,,,,,Bright sun,577900,0,0,0,3,,,0,,,,,,Auckland Region,Nil,2-way,Sealed,,0,0,,50,,Null,1,0,,76,Auckland,Nil,,,,,0,0,Urban,1,,,Fine,Null
1765808.9989,5899024.0864,862990,,524811,0,0,0,0,0,East,2023/2024,ETHERTON DRIVE,SILVER CREEK ROAD,,Minor Crash,No,2023,0,East,0,0,0,Flat,0,,0,,0,Overcast,773813,2,1,0,2,0,0,0,0,0,,0,1,Auckland Region,Nil,2-way,Sealed,0,0,0,0,30,0,Off,0,0,,76,Auckland,Nil,0,0,0,0,0,0,Urban,0,0,0,Fine,Null
1759900.7209,5908589.4481,862991,,524121,0,,0,2,,South,2023/2024,SOUTH-WESTERN MOTORWAY,CORONATION ROAD OFF RAMP,,Non-Injury Crash,Yes,2024,,North,,0,,Flat,,,,,,Overcast,737000,0,0,0,3,,,0,,,,,,Auckland Region,Overpass,1-way,Sealed,,0,0,,100,,Off,0,0,,76,Auckland,Nil,,,,,0,0,Open,0,,,Fine,Null
1768467.2012,5899404.2508,863002,,525102,0,,0,1,,East,2023/2024,MAHIA ROAD,HOBART CRESCENT,,Non-Injury Crash,No,2023,,East,,0,,Flat,,,,,,Bright sun,769600,0,0,0,2,,,0,,,,,,Auckland Region,Nil,2-way,Sealed,,0,0,,50,,Null,1,0,,76,Auckland,Nil,,,,,0,0,Urban,0,,,Fine,Null
1768987.7022,5902893.1868,863007,,523820,1,,0,1,,Null,2025/2026,EVERGLADE DRIVE,EUGENIA RISE,,Non-Injury Crash,No,2026,,South,,0,,Hill Road,,,,,,Twilight,760122,0,0,0,2,,,0,,,,,,Auckland Region,Nil,2-way,Sealed,,0,0,,50,,Off,0,0,30,76,Auckland,Give way,,,,,0,0,Urban,0,,,Fine,Null
1749715.6845,5912081.528,863015,,511402,0,,0,2,,North,2025/2026,GOLF ROAD,TAUPO STREET,,Non-Injury Crash,No,2025,,North,,0,,Flat,,,,,,Bright sun,261300,0,0,0,2,,,0,,,,,,Auckland Region,Nil,2-way,Sealed,,0,0,,50,,Off,0,0,,76,Auckland,Nil,,,,,0,0,Urban,0,,,Fine,Null
1771569.16,5895220.4152,863026,,525530,0,0,0,0,0,Null,2023/2024,BEACH ROAD,PAPAKURA ON RAMP,,Non-Injury Crash,No,2023,0,West,0,0,0,Flat,0,,0,,0,Dark,804901,0,0,0,2,0,0,0,0,0,,0,0,Auckland Region,Nil,1-way,Sealed,0,0,0,0,50,0,On,0,0,,76,Auckland,Traffic Signals,0,1,0,0,0,0,Urban,1,0,0,Fine,Null
1759267.4308,5916631.5957,863034,,516001,0,0,0,0,0,South,2024/2025,MARKET ROAD OFF RAMP,MARKET OBR,,Non-Injury Crash,No,2025,0,North,0,0,0,Hill Road,0,,0,,0,Dark,491700,0,0,0,2,0,0,0,0,0,,0,1,Auckland Region,Motorway ramp,1-way,Sealed,0,0,0,0,50,0,On,0,0,,76,Auckland,Nil,0,0,0,0,1,0,Urban,0,0,0,Fine,Null
1753676.5898,5911355.4321,863049,,519001,0,0,0,1,0,East,2023/2024,CANBERRA AVENUE,CARONIA CRESCENT,,Non-Injury Crash,No,2024,0,North,0,0,0,Flat,0,,0,,1,Bright sun,592000,0,0,0,2,0,0,0,0,0,,0,0,Auckland Region,Nil,2-way,Sealed,0,0,0,0,50,0,None,0,0,,76,Auckland,Nil,0,0,0,0,0,0,Urban,0,0,0,Fine,Null
1763814.478,5908893.7624,863051,,521901,0,0,0,1,0,East,2023/2024,MANGERE ROAD,AWA STREET,,Non-Injury Crash,No,2024,0,East,0,0,0,Flat,0,,0,,0,Dark,785100,0,0,0,3,0,0,0,0,1,,0,0,Auckland Region,Nil,2-way,Sealed,0,0,0,0,50,0,On,1,0,,76,Auckland,Nil,0,0,0,0,0,0,Urban,0,0,0,Fine,Null
1759195.263,5916725.966,863055,,516001,0,,0,2,,Null,2023/2024,MARKET ROAD OFF RAMP,MARKET ROAD,,Non-Injury Crash,No,2023,,North,,0,,Hill Road,,,,,,Bright sun,491700,0,0,0,2,,,0,,,,,,Auckland Region,Nil,1-way,Sealed,,0,0,,50,,Off,1,0,,76,Auckland,Traffic Signals,,,,,0,0,Urban,0,,,Null,Null
1765421.1027,5907168.8129,863059,,522201,0,,0,2,,South,2022/2023,GREAT SOUTH ROAD,MAXWELL AVENUE,,Non-Injury Crash,No,2023,,South,,0,,Flat,,,,,,Bright sun,661100,0,0,0,4,,,0,,,,,,Auckland Region,Nil,2-way,Sealed,,0,0,,50,,Off,0,0,,76,Auckland,Nil,,,,,0,0,Urban,0,,,Fine,None
1755763.0677,5921157.0719,863061,,515202,0,,0,2,,West,2023/2024,NORTHERN MOTORWAY,FANSHAWE STREET ON RAMP,,Non-Injury Crash,Yes,2023,,North,,0,,Flat,,Christmas New Year,,,,Overcast,425600,0,0,0,4,,,0,,,,,,Auckland Region,Nil,1-way,Sealed,,0,0,,80,,Off,0,0,,76,Auckland,Nil,,,,,0,0,Open,0,,,Light rain,Null
1765450.2528,5914457.4084,863066,,520602,0,,0,2,,Null,2024/2025,CHURCH CRESCENT,QUEENS ROAD,,Non-Injury Crash,No,2025,,North,,0,,Flat,,,,,,Bright sun,629400,0,0,0,1,,,0,,,,,,Auckland Region,Nil,2-way,Sealed,,0,0,,50,,Off,0,0,,76,Auckland,Give way,,,,,0,0,Urban,0,,,Fine,Null
1745205.1304,5917261.1568,863079,,510800,0,0,0,0,0,North,2024/2025,HENDERSON VALLEY ROAD,TE ARA PUHEKE,,Minor Crash,No,2024,0,South,0,0,0,Flat,0,,0,,1,Dark,241500,1,0,0,2,0,0,0,0,0,,0,1,Auckland Region,Nil,2-way,Sealed,0,0,0,0,50,0,On,0,0,,76,Auckland,Nil,0,0,0,0,0,0,Urban,1,0,0,Fine,Null
1788043.84,5888913.3728,863083,,521132,0,0,0,1,0,South,2023/2024,PAPARIMU ROAD,BUSHMERE DRIVE,,Non-Injury Crash,No,2023,0,South,0,0,0,Hill Road,0,,0,,0,Dark,815704,0,0,0,2,0,0,0,1,0,,0,0,Auckland Region,Nil,2-way,Sealed,0,0,0,0,80,0,None,0,0,,76,Auckland,Nil,0,0,0,1,0,0,Open,0,0,0,Fine,Null
1755221.9477,5918276.792,863089,,515500,0,,0,3,,West,2023/2024,NORTH-WESTERN MOTORWAY,BOND OBR,,Minor Crash,Yes,2024,,East,,0,,Flat,,,,,,Bright sun,418800,4,0,0,4,,,0,,,,,,Auckland Region,Nil,1-way,Sealed,,0,0,,80,,Off,0,1,,76,Auckland,Nil,,,,,0,0,Open,0,,,Fine,Null
1754513.2658,5912099.6145,863093,,519001,0,0,0,2,0,Null,2023/2024,DOMINION ROAD EXTENSION,MARYDALE DRIVE,,Minor Crash,No,2023,0,South,0,0,0,Flat,0,,0,,0,Dark,588901,1,0,0,2,0,0,0,0,1,,0,1,Auckland Region,Nil,2-way,Sealed,0,0,0,0,50,0,On,0,0,30,76,Auckland,Give way,0,0,0,0,0,0,Urban,0,0,0,Fine,Null
1772652.3464,5894596.4579,863099,,525530,0,,0,2,,South,2023/2024,GREAT SOUTH ROAD,TAONUI STREET,,Non-Injury Crash,No,2024,,North,,0,,Flat,,,,,,Overcast,803602,0,0,0,2,,,0,,,,,,Auckland Region,Nil,2-way,Sealed,,0,0,,50,,Off,0,0,,76,Auckland,Nil,,,,,0,0,Urban,0,,,Light rain,Null
1762460.7521,5907729.5252,863101,,524530,0,0,0,1,0,East,2023/2024,FERGUSON STREET,CHADWICK CRESCENT,,Non-Injury Crash,No,2024,0,West,0,0,0,Flat,0,,0,,0,Dark,733100,0,0,0,2,0,0,0,0,0,,0,1,Auckland Region,Nil,2-way,Sealed,0,0,0,0,50,0,On,0,0,,76,Auckland,Nil,0,0,0,0,0,0,Urban,0,0,0,Fine,Frost
1767642.1994,5900326.4774,863109,,524720,0,,0,1,,Null,2025/2026,WORDSWORTH ROAD,WEYMOUTH ROAD,,Non-Injury Crash,No,2026,,South,,0,,Flat,,,,,,Bright sun,776900,0,0,0,2,,,0,,,,,,Auckland Region,Nil,2-way,Sealed,,0,0,,50,,Off,0,0,30,76,Auckland,Give way,,,,,0,1,Urban,0,,,Fine,Null
1768023.4836,5903249.4694,863112,,524602,0,,0,2,,East,2023/2024,KERRS ROAD,WALLSON CRESCENT,,Non-Injury Crash,No,2023,,East,,0,,Flat,,,,,,Overcast,780407,0,0,0,2,,,0,,,,,,Auckland Region,Nil,2-way,Sealed,,0,0,,60,,Off,0,0,,76,Auckland,Nil,,,,,0,0,Urban,0,,,Fine,Null
1762553.1214,5907670.2951,863124,,524530,0,,0,1,,West,2023/2024,FERGUSON STREET,WILLIAM STREET,,Minor Crash,No,2023,,West,,0,,Flat,,,,,,Overcast,733000,1,0,0,2,,,0,,,1,,,Auckland Region,Nil,2-way,Sealed,,0,0,,50,,Off,0,0,,76,Auckland,Nil,,,,,0,0,Urban,0,,,Light rain,Null
1761905.7844,5906713.9648,863128,,524302,0,,1,1,,Null,2023/2024,MASSEY ROAD,ROBERTSON ROAD,,Non-Injury Crash,No,2023,,South,,0,,Flat,,,,,,Dark,743500,0,0,0,3,,,0,,,,,,Auckland Region,Nil,2-way,Sealed,,0,0,,50,,On,0,0,,76,Auckland,Traffic Signals,,,,,0,0,Urban,1,,,Fine,Null
1753161.8071,5915366.4639,863133,,517903,0,0,0,2,0,West,2025/2026,OWAIRAKA AVENUE,HALLAM STREET,,Non-Injury Crash,No,2026,0,West,0,0,0,Flat,0,,0,,0,Twilight,518200,0,0,0,2,0,0,0,0,1,,0,0,Auckland Region,Nil,2-way,Sealed,0,0,0,0,50,0,On,0,0,,76,Auckland,Nil,0,0,0,0,0,0,Urban,0,0,0,Fine,Null
1752858.1329,5913335.3752,863138,,514600,0,0,0,1,0,West,2023/2024,DUNDALE AVENUE,BOUNDARY ROAD,,Non-Injury Crash,No,2024,0,South,0,0,0,Flat,0,,1,,0,Bright sun,373600,0,0,0,2,0,0,0,0,0,,0,0,Auckland Region,Nil,2-way,Sealed,0,0,0,0,50,0,None,0,0,,76,Auckland,Nil,0,0,0,0,0,0,Urban,0,0,0,Fine,Null
1756432.6897,5927787.2641,863144,,507900,0,,0,2,,Null,2024/2025,TAHAROTO ROAD,SHAKESPEARE ROAD,,Minor Crash,No,2024,,North,,0,,Flat,,,,,,Dark,305202,3,0,0,6,,,0,,,,,,Auckland Region,Nil,2-way,Sealed,,0,0,,50,,On,0,0,,76,Auckland,Traffic Signals,,,,,0,0,Urban,1,,,Fine,Null
1757156.0711,5913708.6064,863153,,518702,0,,0,1,,East,2025/2026,MOUNT ALBERT ROAD,BUCKLEY ROAD,,Non-Injury Crash,No,2025,,West,,0,,Flat,,,,,,Bright sun,567401,0,0,0,4,,,0,,,,,,Auckland Region,Nil,2-way,Sealed,,0,0,,50,,Off,0,0,,76,Auckland,Nil,,,,,1,0,Urban,0,,,Fine,Null
1731798.269,5907578.1851,863157,,513800,0,0,0,1,1,South,2024/2025,PIHA ROAD,TE AHUAHU ROAD,,Non-Injury Crash,No,2025,0,North,0,0,0,Flat,0,,0,,0,Dark,282018,0,0,0,2,0,0,0,0,0,,0,0,Auckland Region,Nil,2-way,Sealed,0,0,0,0,80,0,Off,0,0,,76,Auckland,Nil,0,0,0,1,0,0,Open,0,0,0,Light rain,Null
1761024.473,5908711.9415,863162,,524405,0,0,0,1,0,Null,2023/2024,WAKEFIELD ROAD,GADSBY ROAD,,Non-Injury Crash,No,2024,0,South,0,0,0,Flat,1,,0,,0,Dark,730800,0,0,0,2,0,0,0,0,0,,0,0,Auckland Region,Nil,2-way,Sealed,0,0,0,0,50,0,On,0,0,,76,Auckland,Give way,0,0,0,0,0,0,Urban,0,0,0,Fine,Null
1763991.4004,5904307.0982,863165,,524604,0,,0,2,,South,2024/2025,SOUTH-WESTERN MOTORWAY,PUHINUI ROAD-SH 20B ON RAMP,,Non-Injury Crash,Yes,2025,,North,,0,,Hill Road,,,,,,Overcast,780902,0,0,0,2,,,0,,,,,,Auckland Region,Bridge,1-way,Sealed,,0,0,,100,,None,1,0,,76,Auckland,Nil,,,,,0,0,Open,0,,,Fine,Null
1762345.5859,5913392.7744,863169,,520402,0,,0,1,,South,2025/2026,SOUTHERN MOTORWAY,PENROSE OBR,,Minor Crash,Yes,2025,,North,,0,,Flat,,,,,,Twilight,642200,1,0,0,3,,,0,,,,,,Auckland Region,Nil,1-way,Sealed,,0,0,,100,,On,2,0,,76,Auckland,Nil,,,,,0,0,Open,0,,,Light rain,Null