X,Y,OBJECTID,advisorySpeed,areaUnitID,bicycle,bridge,bus,carStationWagon,cliffBank,crashDirectionDescription,crashFinancialYear,crashLocation1,crashLocation2,crashRoadSideRoad,crashSeverity,crashSHDescription,crashYear,debris,directionRoleDescription,ditch,fatalCount,fence,flatHill,guardRail,holiday,houseOrBuilding,intersection,kerb,light,meshblockId,minorInjuryCount,moped,motorcycle,NumberOfLanes,objectThrownOrDropped,otherObject,otherVehicleType,overBank,parkedVehicle,pedestrian,phoneBoxEtc,postOrPole,region,roadCharacter,roadLane,roadSurface,roadworks,schoolBus,seriousInjuryCount,slipOrFlood,speedLimit,strayAnimal,streetLight,suv,taxi,temporarySpeedLimit,tlaId,tlaName,trafficControl,trafficIsland,trafficSign,train,tree,truck,unknownVehicleType,urban,vanOrUtility,vehicle,waterRiver,weatherA,weatherB
1782230.0327,5899271.9907,863176,45,525201,0,0,0,1,0,North,2023/2024,MONUMENT ROAD,MUNROS ROAD,,Non-Injury Crash,No,2023,0,North,0,0,1,Flat,0,,0,,0,Overcast,764000,0,0,0,2,0,0,0,0,0,,0,0,Auckland Region,Nil,2-way,Sealed,0,0,0,0,80,0,None,0,0,,76,Auckland,Nil,0,0,0,0,0,0,Open,0,0,0,Mist or Fog,Null
1761027.2891,5915132.8533,863186,,520201,0,,0,2,,South,2024/2025,SOUTHERN MOTORWAY,TECOMA STREET ON RAMP,,Non-Injury Crash,Yes,2024,,South,,0,,Null,,,,,,Unknown,613500,0,0,0,3,,,0,,,,,,Auckland Region,Nil,1-way,Null,,0,0,,100,,Null,0,0,,76,Auckland,Nil,,,,,0,0,Open,0,,,Null,Null
1764396.6652,5904422.2985,863189,,522100,0,,0,0,,West,2024/2025,PUHINUI ROAD,WYLLIE ROAD,,Non-Injury Crash,No,2024,,West,,0,,Null,,,,,,Unknown,659300,0,0,0,4,,,0,,,,,,Auckland Region,Nil,2-way,Sealed,,0,0,,50,,Null,0,0,,76,Auckland,Nil,,,,,0,0,Urban,1,,,Fine,Null
1763494.3494,5909768.4231,863190,,521901,0,,0,0,,North,2024/2025,HUIA ROAD,STATION ROAD,,Non-Injury Crash,No,2025,,South,,0,,Flat,,,,,,Bright sun,782800,0,0,0,2,,,0,,,,,,Auckland Region,Nil,2-way,Sealed,,0,0,,50,,None,1,0,40,76,Auckland,Nil,,,,,0,0,Urban,1,,,Fine,Null
1772398.9073,5901421.8527,863192,,523813,0,0,0,1,0,West,2023/2024,ALFRISTON ROAD,MILL ROAD,,Non-Injury Crash,No,2023,0,East,0,0,0,Flat,0,,0,,0,Dark,759800,0,0,0,2,0,0,0,0,0,,0,0,Auckland Region,Nil,2-way,Sealed,0,0,0,0,80,0,Off,0,0,,76,Auckland,Nil,0,0,0,1,0,0,Open,0,0,0,Fine,Null
1755277.4473,5921744.8282,863200,,515202,0,0,0,1,0,North,2023/2024,NORTHERN MOTORWAY,SHELLY BEACH OBR,,Non-Injury Crash,Yes,2023,0,North,0,0,0,Hill Road,1,,0,,0,Dark,423600,0,0,0,4,0,0,0,0,0,,0,0,Auckland Region,Nil,1-way,Sealed,0,0,0,0,80,0,On,0,0,,76,Auckland,Nil,0,0,0,0,0,0,Open,0,0,0,Fine,Null
1765688.4486,5907072.3408,863202,,522301,0,,0,2,,Null,2023/2024,EAST TAMAKI ROAD,SIMON LANE,,Minor Crash,No,2024,,East,,0,,Flat,,,,,,Overcast,666200,1,0,0,4,,,0,,,,,,Auckland Region,Nil,2-way,Sealed,,0,0,,50,,Off,0,0,,76,Auckland,Nil,,,,,0,0,Urban,0,,,Fine,Null
1765847.3329,5919093.8521,863205,,516900,0,,0,1,,Null,2024/2025,RIDDELL ROAD,ST HELIERS BAY ROAD,,Non-Injury Crash,No,2024,,West,,0,,Hill Road,,,,,,Bright sun,466101,0,0,0,2,,,0,,,,,,Auckland Region,Nil,2-way,Sealed,,0,0,,50,,Off,1,0,,76,Auckland,Traffic Signals,,,,,0,0,Urban,0,,,Fine,Null
1768656.442,5903032.2833,863206,,523820,0,0,0,2,0,South,2023/2024,SOUTHERN MOTORWAY,SOUTH-WESTERN MOTORWAY,,Non-Injury Crash,Yes,2023,0,South,0,0,0,Flat,1,,0,,0,Dark,760121,0,0,0,4,0,0,0,0,0,,0,0,Auckland Region,Nil,2-way,Sealed,0,0,0,0,100,0,On,0,0,,76,Auckland,Nil,0,0,0,0,0,0,Open,0,0,0,Fine,Null
1761843.1433,5913982.1613,863212,,520202,0,,0,2,,East,2023/2024,SOUTHERN MOTORWAY,ELLERSLIE-PANMURE HWY OFF RAMP,,Non-Injury Crash,Yes,2023,,West,,0,,Flat,,,,,,Bright sun,612400,0,0,0,3,,,0,,,,,,Auckland Region,Nil,1-way,Sealed,,0,0,,100,,Off,0,0,,76,Auckland,Nil,,,,,0,0,Open,0,,,Fine,Null
1768878.2856,5900822.7532,863213,15,525002,0,,0,2,,West,2023/2024,WEYMOUTH ROAD,GREAT SOUTH ROAD,,Non-Injury Crash,No,2023,,East,,0,,Flat,,,,,,Overcast,752802,0,0,0,4,,,0,,,,,,Auckland Region,Nil,2-way,Sealed,,0,0,,50,,Off,0,0,,76,Auckland,Nil,,,,,0,0,Urban,0,,,Fine,None
1771533.8113,5897891.6549,863221,,523912,0,,0,2,,Null,2024/2025,OFF ROAD - CAR PARK,,,Minor Crash,No,2025,,South,,0,,Flat,,,,,,Overcast,765700,1,0,0,,,,0,,,,,,Auckland Region,Nil,Off road,Sealed,,0,0,,,,None,0,0,,76,Auckland,Nil,,,,,0,0,Urban,0,,,Fine,Null
1757355.1343,5919541.9575,863229,,514301,0,,0,2,,North,2023/2024,SYMONDS STREET,ST MARTINS LANE,,Non-Injury Crash,No,2024,,South,,0,,Flat,,,,,,Bright sun,441101,0,0,0,4,,,0,,,,,,Auckland Region,Nil,2-way,Sealed,,0,0,,30,,Off,0,0,,76,Auckland,Nil,,,,,0,0,Urban,0,,,Fine,None
1762855.6794,5905746.6403,863230,,524302,0,0,0,2,0,South,2024/2025,APPLEBY PLACE,SKIPTON STREET,,Non-Injury Crash,No,2024,0,North,0,0,0,Flat,0,,0,,0,Dark,745000,0,0,0,2,0,0,0,0,1,,0,0,Auckland Region,Nil,2-way,Sealed,0,0,0,0,50,0,On,0,0,,76,Auckland,Nil,0,0,0,0,0,0,Urban,0,0,0,Fine,Null
1756301.9513,5927923.2277,863232,,507900,0,,0,3,,North,2023/2024,WAIRAU ROAD,SHAKESPEARE ROAD,,Minor Crash,No,2024,,South,,0,,Flat,,,,,,Dark,305202,1,0,0,5,,,0,,,,,,Auckland Region,Nil,2-way,Sealed,,0,0,,50,,On,0,0,,76,Auckland,Nil,,,,,0,0,Urban,0,,,Fine,Null
1767760.4727,5905084.4007,863236,,523722,0,,0,1,,Null,2023/2024,TE IRIRANGI DRIVE OFF RAMP,TE IRIRANGI DRIVE,,Non-Injury Crash,No,2023,,South,,0,,Hill Road,,,,,,Overcast,715701,0,0,0,2,,,0,,,,,,Auckland Region,Motorway ramp,1-way,Sealed,,0,0,,50,,Off,0,0,,76,Auckland,Traffic Signals,,,,,1,0,Urban,0,,,Light rain,Null
1756120.1536,5923837.9469,863238,,509800,0,,0,2,,South,2024/2025,NORTHERN MOTORWAY,WEIGH BRIDGE,,Non-Injury Crash,Yes,2024,,South,,0,,Flat,,,,,,Bright sun,358800,0,0,0,5,,,0,,,,,,Auckland Region,Nil,1-way,Sealed,,0,0,,80,,Off,1,0,,76,Auckland,Nil,,,,,0,0,Open,0,,,Fine,Null
1758647.2498,5906772.1628,863241,,524200,0,,0,1,,Null,2024/2025,GREENWOOD ROAD,ASCOT ROAD,,Non-Injury Crash,No,2024,,South,,0,,Flat,,Christmas New Year,,,,Overcast,726200,0,0,0,2,,,0,,,,,,Auckland Region,Nil,2-way,Sealed,,0,0,,50,,Off,0,0,,76,Auckland,Give way,,,,,0,0,Urban,1,,,Fine,Null
1745432.2354,5920459.033,863244,,513301,0,0,0,0,0,Null,2023/2024,LINCOLN ROAD,LINCOLN ROAD ON RAMP,,Minor Crash,No,2024,0,North,0,0,0,Flat,0,,0,,0,Dark,230301,1,0,0,4,0,0,0,0,0,,0,1,Auckland Region,Nil,2-way,Sealed,0,0,0,0,50,0,On,1,0,,76,Auckland,Nil,0,0,0,0,0,0,Urban,0,0,0,Fine,Null
1746328.9675,5909730.1515,863248,35,512000,0,0,0,1,0,North,2023/2024,HUIA ROAD,LAINGHOLM DRIVE,,Non-Injury Crash,No,2023,0,South,0,0,0,Hill Road,0,,0,,0,Dark,297400,0,0,0,2,0,0,0,0,0,,0,0,Auckland Region,Nil,2-way,Sealed,1,0,0,0,60,0,None,0,0,30,76,Auckland,Nil,0,1,0,0,0,0,Urban,0,0,0,Light rain,Null
1767445.5787,5905799.1393,863249,,522302,0,,0,1,,North,2024/2025,SOUTHERN MOTORWAY,REAGAN OBR,,Non-Injury Crash,Yes,2025,,North,,0,,Flat,,,,,,Overcast,670902,0,0,0,3,,,0,,,,,,Auckland Region,Nil,1-way,Sealed,,0,0,,100,,Off,0,0,,76,Auckland,Nil,,,,,0,0,Open,2,,,Fine,Null
1758846.7113,5920292.2294,863256,35,514101,0,,0,1,,Null,2023/2024,THE STRAND,ST GEORGES BAY ROAD,,Minor Crash,Yes,2024,,West,,0,,Flat,,,,,,Dark,438221,1,0,0,2,,,0,,,1,,,Auckland Region,Nil,2-way,Sealed,,0,0,,50,,On,0,0,,76,Auckland,Give way,,,,,0,0,Urban,0,,,Fine,Null
1745262.1703,5919370.8663,863261,,513301,0,,0,0,,Null,2025/2026,LINCOLN ROAD,POINSETTIA PLACE,,Minor Crash,No,2025,,North,,0,,Flat,,,,,,Dark,232003,1,0,0,4,,,0,,,1,,,Auckland Region,Nil,2-way,Sealed,,0,0,,50,,On,0,0,,76,Auckland,Stop,,,,,0,0,Urban,0,,,Fine,Null
1771899.7437,5906962.5681,863266,,523713,0,0,0,2,0,South,2023/2024,BOTTEGA CLOSE,ARGENTO AVENUE,,Non-Injury Crash,No,2023,0,South,0,0,0,Flat,0,,0,,0,Twilight,712500,0,0,0,2,0,0,0,0,1,,0,0,Auckland Region,Nil,2-way,Sealed,0,0,0,0,50,0,Null,0,0,,76,Auckland,Nil,0,0,0,0,0,0,Urban,0,0,0,Null,None
1729658.1622,5940446.679,863277,25,506800,0,0,0,1,0,North,2024/2025,BRIDGE STREET,AWAROA ROAD,,Non-Injury Crash,Yes,2024,0,South,0,0,1,Flat,0,,0,,0,Dark,208201,0,0,0,2,0,0,0,0,0,,0,0,Auckland Region,Nil,2-way,Sealed,0,0,0,0,50,0,On,0,0,,76,Auckland,Nil,0,0,0,0,0,0,Urban,0,0,0,Mist or Fog,Null
1764019.201,5914102.3446,863282,,520303,0,,0,0,,South,2024/2025,MOUNT WELLINGTON HIGHWAY,TE HORETA ROAD,,Non-Injury Crash,No,2024,,South,,0,,Null,,,,,,Bright sun,627600,0,0,0,4,,,0,,,,,,Auckland Region,Nil,2-way,Sealed,,0,0,,50,,Null,1,0,,76,Auckland,Nil,,,,,0,0,Urban,1,,,Fine,Null
1738277.7054,5978466.8931,863292,,506660,0,0,0,0,1,North,2023/2024,WAYBY STATION ROAD,COX ROAD,,Minor Crash,No,2024,0,North,0,0,0,Hill Road,0,,0,,0,Bright sun,136400,1,0,1,2,0,0,0,0,0,,0,0,Auckland Region,Nil,2-way,Unsealed,0,0,0,0,100,0,None,0,0,,76,Auckland,Nil,0,0,0,0,0,0,Open,0,0,0,Fine,Null
1749201.358,5942312.6391,863293,,506300,0,0,0,0,1,South,2025/2026,EAST COAST ROAD,JACKSON WAY,,Minor Crash,No,2026,0,North,0,0,0,Flat,0,,0,,0,Bright sun,175902,1,0,0,2,0,0,0,0,0,,0,0,Auckland Region,Nil,2-way,Sealed,0,0,0,0,80,0,Off,0,0,,76,Auckland,Nil,0,0,0,0,1,0,Open,0,0,0,Fine,Null
1756173.4862,5928848.4664,863296,,508510,0,0,0,2,0,South,2023/2024,FORREST HILL ROAD,QUEBEC ROAD,,Non-Injury Crash,No,2023,0,North,0,0,0,Flat,0,,0,,0,Overcast,195900,0,0,0,3,0,0,0,0,2,,0,0,Auckland Region,Nil,2-way,Sealed,0,0,0,0,50,0,Off,0,0,,76,Auckland,Nil,0,0,0,0,0,0,Urban,1,0,0,Fine,Null
1744591.4607,5919438.0996,863297,,513302,0,0,0,1,0,Null,2025/2026,RATHGAR ROAD,HARRINGTON ROAD,,Non-Injury Crash,No,2025,0,North,0,0,0,Flat,0,,0,,0,Dark,234200,0,0,0,2,0,0,0,0,0,,0,1,Auckland Region,Nil,2-way,Sealed,0,0,0,0,30,0,On,0,0,,76,Auckland,Stop,0,0,0,0,0,0,Urban,0,0,0,Fine,Null
1757202.206,5912494.4537,863298,,518702,0,,0,2,,West,2023/2024,SOUTH-WESTERN MOTORWAY,QUEENSTOWN OBR,,Non-Injury Crash,Yes,2024,,South,,0,,Hill Road,,,,,,Bright sun,570300,0,0,0,3,,,0,,,,,,Auckland Region,Nil,1-way,Sealed,,0,0,,100,,Off,0,0,,76,Auckland,Nil,,,,,0,0,Open,1,,,Fine,Null
1756616.7745,5919839.2811,863300,,514000,0,0,0,1,0,North,2022/2023,NORTHERN TO NORTH-WESTERN LINK,NORTH-WESTERN MOTORWAY,,Non-Injury Crash,Yes,2023,0,South,0,0,0,Hill Road,1,,0,,0,Twilight,413300,0,0,0,2,0,0,0,0,0,,0,0,Auckland Region,Underpass,1-way,Sealed,0,0,0,0,80,0,Off,0,0,,76,Auckland,Nil,0,0,0,0,1,0,Open,0,0,0,Fine,Null
1763620.6939,5917097.6775,863302,,516302,0,0,0,1,0,North,2024/2025,PANAPA DRIVE,HOANI GLADE,,Non-Injury Crash,No,2024,0,North,0,0,0,Flat,0,,0,,0,Overcast,463705,0,0,0,2,0,0,0,0,3,,0,0,Auckland Region,Nil,2-way,Sealed,0,0,0,0,50,0,On,3,0,,76,Auckland,Nil,0,0,0,0,0,0,Urban,0,0,0,Fine,Null
1768159.941,5907857.1843,863304,,523502,0,0,0,0,0,Null,2022/2023,EAST TAMAKI ROAD,PRESTON ROAD,,Non-Injury Crash,No,2023,0,East,0,0,0,Flat,0,,0,,0,Dark,703800,0,0,0,4,0,1,0,0,0,,0,0,Auckland Region,Nil,2-way,Sealed,0,0,0,0,60,0,On,0,0,,76,Auckland,Traffic Signals,0,0,0,0,0,0,Urban,1,0,0,Light rain,Null
1769658.2217,5901844.5443,863305,,523814,0,,0,2,,Null,2024/2025,HILL ROAD-MANUREWA OFF RAMP,HILL ROAD,,Non-Injury Crash,No,2025,,South,,0,,Null,,,,,,Bright sun,760702,0,0,0,1,,,0,,,,,,Auckland Region,Nil,1-way,Sealed,,0,0,,50,,Null,0,0,,76,Auckland,Give way,,,,,0,0,Urban,0,,,Fine,Null
1751982.6335,5918028.6345,863306,,515001,0,,0,1,,Null,2024/2025,GREAT NORTH ROAD,GREAT NORTH ROAD OFF RAMP,,Non-Injury Crash,No,2024,,North,,0,,Flat,,,,,,Bright sun,392400,0,0,0,2,,,0,,,,,,Auckland Region,Motorway ramp,1-way,Sealed,,0,0,,50,,None,0,0,,76,Auckland,Traffic Signals,,,,,0,0,Urban,1,,,Fine,Null
1757267.0341,5918753.4383,863318,,514302,0,,0,2,,North,2024/2025,GRAFTON ROAD,KHYBER PASS ROAD,,Non-Injury Crash,No,2024,,South,,0,,Flat,,,,,,Overcast,441700,0,0,0,4,,,0,,,,,,Auckland Region,Nil,2-way,Sealed,,0,0,,50,,Off,0,0,,76,Auckland,Nil,,,,,0,0,Urban,0,,,Fine,Null
1762845.1184,5914472.248,863320,,520401,0,,0,2,,South,2023/2024,FERNDALE ROAD,PANORAMA ROAD,,Non-Injury Crash,No,2023,,North,,0,,Null,,,,,,Unknown,643801,0,0,0,2,,,0,,,,,,Auckland Region,Nil,2-way,Sealed,,0,0,,50,,Null,0,0,,76,Auckland,Nil,,,,,0,0,Urban,0,,,Null,Null
1767155.7467,5906264.7873,863324,,522302,0,0,0,1,0,South,2023/2024,PEMBROKE STREET,TUI ROAD,,Non-Injury Crash,No,2023,0,South,0,0,0,Flat,0,,0,,0,Bright sun,669500,0,0,0,2,0,0,0,0,1,,0,0,Auckland Region,Nil,2-way,Sealed,0,0,0,0,50,0,Off,0,0,,76,Auckland,Nil,0,0,0,0,0,0,Urban,1,0,0,Fine,Null
1765575.1142,5904262.0782,863328,,524603,0,,0,0,,Null,2024/2025,CAVENDISH DRIVE,GLASGOW AVENUE,,Minor Crash,No,2024,,West,,0,,Flat,,,,,,Bright sun,674800,1,0,0,4,,,0,,,,,,Auckland Region,Nil,2-way,Sealed,,0,0,,60,,Off,0,0,,76,Auckland,Traffic Signals,,,,,1,0,Urban,1,,,Fine,Null
1755561.8444,5929036.3293,863333,,508510,0,,0,2,,Null,2025/2026,TRISTRAM AVENUE,TRISTRAM AVENUE OFF RAMP,,Non-Injury Crash,No,2025,,East,,0,,Flat,,,,,,Bright sun,195200,0,0,0,4,,,0,,,,,,Auckland Region,Motorway ramp,2-way,Sealed,,0,0,,50,,Off,0,0,,76,Auckland,Traffic Signals,,,,,0,0,Urban,0,,,Fine,Null
1759417.2938,5910236.9103,863334,,524002,0,0,0,2,0,Null,2023/2024,RIMU ROAD,RIMU ROAD ON RAMP,,Non-Injury Crash,No,2024,0,East,0,0,0,Flat,1,,0,,0,Dark,722000,0,0,0,2,0,0,0,0,0,,0,0,Auckland Region,Motorway ramp,2-way,Sealed,0,0,0,0,50,0,On,0,0,,76,Auckland,Give way,0,0,0,0,0,0,Urban,0,0,0,Fine,Null
1757384.1023,5918815.1494,863351,,514302,0,,0,6,,South,2024/2025,SOUTHERN MOTORWAY,PORT TO SOUTHERN LINK,,Minor Crash,Yes,2024,,South,,0,,Flat,,,,,,Dark,441700,2,0,0,4,,,0,,,,,,Auckland Region,Nil,1-way,Sealed,,0,0,,80,,On,0,0,,76,Auckland,Nil,,,,,0,0,Open,0,,,Heavy rain,Null
1754692.5669,5928696.3808,863360,,508320,0,,0,1,,Null,2024/2025,DIANA DRIVE,ASHFIELD ROAD,,Non-Injury Crash,No,2025,,North,,0,,Null,,,,,,Bright sun,196700,0,0,0,2,,,0,,,,,,Auckland Region,Nil,2-way,Sealed,,0,0,,50,,Null,0,0,,76,Auckland,Give way,,,,,0,1,Urban,0,,,Fine,Null
1735327.0684,5929942.6575,863365,,505605,0,0,0,2,0,Null,2023/2024,SH 16,MATUA ROAD,,Serious Crash,Yes,2024,0,East,0,0,0,Flat,1,,0,,0,Twilight,215800,2,0,0,2,0,0,0,0,0,,0,0,Auckland Region,Nil,2-way,Sealed,0,0,1,0,80,0,On,0,0,60,76,Auckland,Give way,0,0,0,1,0,0,Open,0,0,0,Fine,Null
1749461.6077,5945046.164,863369,,505806,0,0,0,0,0,South,2023/2024,EAST COAST ROAD,SILVERWATER DRIVE,,Non-Injury Crash,No,2023,0,North,1,0,0,Hill Road,0,,0,,0,Dark,176802,0,0,0,2,0,0,0,0,0,,0,0,Auckland Region,Nil,2-way,Sealed,0,0,0,0,80,0,None,0,0,,76,Auckland,Nil,0,0,0,0,0,0,Open,1,0,0,Light rain,Null
1755700.6291,5926528.6958,863371,,509701,1,,0,1,,Null,2024/2025,OCEAN VIEW ROAD,LAKE ROAD,,Minor Crash,No,2024,,North,,0,,Flat,,,,,,Overcast,361900,1,0,0,2,,,0,,,,,,Auckland Region,Nil,2-way,Sealed,,0,0,,50,,Null,0,0,,76,Auckland,Give way,,,,,0,0,Urban,0,,,Fine,Null
1759310.8184,5906684.4943,863372,,524122,0,,0,2,,South,2024/2025,GEORGE BOLT MEMORIAL DRIVE,KIRKBRIDE ROAD OFF RAMP,,Non-Injury Crash,Yes,2025,,South,,0,,Flat,,,,,,Overcast,739802,0,0,0,2,,,0,,,,,,Auckland Region,Nil,1-way,Sealed,,0,0,,100,,Off,0,0,,76,Auckland,Nil,,,,,0,0,Open,0,,,Fine,Null
1748767.2765,5927271.3874,863373,,513431,0,0,0,0,0,Null,2023/2024,HUDSON BAY ROAD,LAUNCH ROAD,,Non-Injury Crash,No,2023,0,North,0,0,1,Flat,0,,0,,1,Dark,221904,0,0,0,2,0,0,0,0,0,,1,0,Auckland Region,Nil,2-way,Sealed,0,0,0,0,50,0,On,0,0,,76,Auckland,Give way,0,0,0,0,0,0,Urban,1,0,0,Fine,Null
1749946.7788,5914554.2064,863376,,511303,0,,0,1,,Null,2024/2025,RIVERBANK ROAD,BINSTED ROAD,,Non-Injury Crash,No,2024,,South,,0,,Flat,,,,,,Overcast,266502,0,0,0,2,,,0,,,,,,Auckland Region,Nil,2-way,Sealed,,0,0,,50,,Off,0,0,,76,Auckland,Traffic Signals,,,,,0,0,Urban,1,,,Light rain,Strong wind
1760705.7194,5908092.0839,863377,,524403,0,0,0,1,0,South,2023/2024,ROBERTSON ROAD,CALTHORP CLOSE,,Minor Crash,No,2024,0,South,0,0,0,Flat,0,,0,,0,Overcast,731105,2,0,0,2,0,0,0,0,1,,0,0,Auckland Region,Nil,2-way,Sealed,0,0,0,0,50,0,Off,0,0,,76,Auckland,Nil,0,0,0,0,0,0,Urban,1,0,0,Fine,Null
1737555.6674,5932391.7836,863384,45,506653,0,0,0,1,0,East,2024/2025,OLD NORTH ROAD,ARARIMU VALLEY ROAD,,Non-Injury Crash,No,2025,0,North,1,0,0,Flat,0,,0,,0,Overcast,217000,0,0,0,2,0,0,0,0,0,,0,0,Auckland Region,Nil,2-way,Sealed,0,0,0,0,80,0,Off,0,0,,76,Auckland,Nil,0,0,0,0,0,0,Open,0,0,0,Light rain,Null
1761404.9272,5919509.6393,863387,,516400,0,0,0,2,0,East,2022/2023,PARITAI DRIVE,NGAPIPI ROAD,,Non-Injury Crash,No,2023,0,North,0,0,0,Hill Road,0,,0,,0,Dark,497000,0,0,0,2,0,0,0,0,1,,0,0,Auckland Region,Nil,2-way,Sealed,0,0,0,0,50,0,On,0,0,,76,Auckland,Nil,0,0,0,0,0,0,Urban,0,0,0,Fine,Null
1770755.3263,5906687.2129,863388,,523713,0,0,0,1,0,Null,2025/2026,KERRYKEEL DRIVE,TE ARA KAHIKATEA,,Non-Injury Crash,No,2026,0,East,0,0,0,Flat,0,,0,,0,Overcast,713100,0,0,0,2,0,0,0,0,0,,0,0,Auckland Region,Nil,2-way,Sealed,0,0,0,0,50,0,Off,0,0,,76,Auckland,Give way,0,0,0,1,0,0,Urban,0,0,0,Fine,Null
1759207.579,5913122.8993,863391,,519720,0,0,0,3,0,East,2023/2024,MOUNT SMART ROAD,CAMERON STREET,,Minor Crash,No,2023,0,East,0,0,1,Flat,0,,0,,0,Overcast,596000,1,0,0,2,0,0,0,0,1,,0,0,Auckland Region,Nil,2-way,Sealed,0,0,0,0,50,0,Off,0,0,,76,Auckland,Nil,0,0,0,0,0,0,Urban,0,0,0,Fine,Null
1752485.4368,5935891.3927,863392,,508703,0,0,0,1,1,South,2025/2026,NORTHERN MOTORWAY,LONELY TRACK OBR,,Non-Injury Crash,Yes,2026,0,South,0,0,0,Flat,0,,0,,0,Bright sun,178503,0,0,0,3,0,0,0,0,0,,0,0,Auckland Region,Nil,1-way,Sealed,0,0,0,0,100,0,Off,0,0,,76,Auckland,Nil,0,0,0,0,0,0,Open,0,0,0,Fine,Null
1764947.4126,5908239.4801,863395,,523404,0,,0,1,,Null,2023/2024,GREAT SOUTH ROAD,BAIRDS ROAD,,Minor Crash,No,2024,,South,,0,,Flat,,,,,,Bright sun,696801,1,0,0,3,,,0,,,1,,,Auckland Region,Nil,2-way,Sealed,,0,0,,50,,Off,0,0,,76,Auckland,Traffic Signals,,,,,0,0,Urban,0,,,Fine,Null
1774629.1724,5899255.4077,863400,,523813,0,0,0,1,0,West,2025/2026,HAMLIN ROAD,VILLAGE WAY,,Non-Injury Crash,No,2025,0,East,0,0,1,Flat,0,,0,,0,Dark,761200,0,0,0,2,0,0,0,0,0,,0,0,Auckland Region,Nil,2-way,Sealed,0,0,0,0,80,0,None,0,0,,76,Auckland,Nil,0,0,0,0,0,0,Open,0,0,0,Fine,Null
1754625.2601,5933163.2668,863407,,508805,0,,0,2,,Null,2024/2025,ROSEDALE ROAD,GRAHAM COLLINS DRIVE,,Serious Crash,No,2024,,West,,0,,Hill Road,,,,,,Bright sun,155902,0,0,0,3,,,0,,,,,,Auckland Region,Nil,2-way,Sealed,,0,1,,50,,Off,0,0,,76,Auckland,Give way,,,,,0,0,Urban,0,,,Fine,Null
1752521.9816,5916191.6357,863409,,517903,0,0,0,1,0,South,2023/2024,NEW NORTH ROAD,MCLEAN STREET,,Non-Injury Crash,No,2023,0,North,0,0,0,Flat,0,,0,,0,Dark,520200,0,0,0,4,0,0,0,0,0,,0,0,Auckland Region,Nil,2-way,Sealed,0,0,0,0,50,0,On,0,0,,76,Auckland,Nil,0,0,0,1,0,0,Urban,0,0,0,Fine,Null
1756574.5638,5921374.8591,863415,,514101,0,0,0,0,0,Null,2023/2024,BRIGHAM STREET,JELLICOE STREET,,Serious Crash,No,2023,0,North,0,0,0,Flat,0,,0,,0,Dark,432400,0,0,1,2,0,1,0,0,0,,0,0,Auckland Region,Nil,2-way,Sealed,0,0,1,0,30,0,On,0,0,,76,Auckland,Give way,0,0,0,0,0,0,Urban,0,0,0,Fine,Null
1755179.4614,5913415.6428,863424,,518803,0,,0,3,,East,2025/2026,SOUTH-WESTERN MOTORWAY,DOMINION ROAD,,Non-Injury Crash,Yes,2025,,South,,0,,Flat,,,,,,Twilight,582700,0,0,0,3,,,0,,,,,,Auckland Region,Nil,1-way,Sealed,,0,0,,100,,On,0,0,,76,Auckland,Nil,,,,,0,0,Open,0,,,Fine,Null
1772026.0457,5907721.5034,863429,,523116,0,,0,1,,Null,2023/2024,PACKSPUR DRIVE,KAITUNE DRIVE,,Minor Crash,No,2024,,South,,0,,Flat,,,,,,Overcast,712226,1,0,0,2,,,0,,,1,,,Auckland Region,Nil,2-way,Sealed,,0,0,,50,,Off,0,0,,76,Auckland,Nil,,,,,0,0,Urban,0,,,Fine,Null
1741390.2637,5927332.3004,863431,,513701,0,,0,1,,South,2023/2024,SH 16,COATESVILLE-RIVERHEAD HIGHWAY,,Non-Injury Crash,Yes,2023,,South,,0,,Hill Road,,,,,,Bright sun,220200,0,0,0,2,,,0,,,,,,Auckland Region,Nil,2-way,Sealed,,0,0,,80,,None,1,0,,76,Auckland,Nil,,,,,0,0,Open,0,,,Fine,Null
1743942.2898,5931206.3932,863435,,506400,0,,0,0,,South,2024/2025,RIDGE ROAD,COATESVILLE-RIVERHEAD HIGHWAY,,Minor Crash,No,2024,,South,,0,,Flat,,,,,,Bright sun,216902,1,0,1,2,,,0,,,,,,Auckland Region,Nil,2-way,Sealed,,0,0,,80,,None,0,0,,76,Auckland,Nil,,,,,0,0,Open,0,,,Fine,Null
1747693.0395,5913235.5462,863447,,511100,1,,0,1,,Null,2024/2025,PLEASANT ROAD,EASTGLEN ROAD,,Minor Crash,No,2024,,South,,0,,Flat,,,,,,Bright sun,286600,1,0,0,2,,,0,,,,,,Auckland Region,Nil,2-way,Sealed,,0,0,,50,,Off,0,0,,76,Auckland,Stop,,,,,0,0,Urban,0,,,Fine,Null
1767883.2106,5909804.364,863457,,523112,0,,0,2,,South,2023/2024,ROSS REID PLACE,ALLENS ROAD,,Non-Injury Crash,No,2024,,North,,0,,Flat,,,,,,Dark,711600,0,0,0,2,,,0,,,,,,Auckland Region,Nil,2-way,Sealed,,0,0,,50,,On,0,0,,76,Auckland,Nil,,,,,0,0,Urban,0,,,Fine,Null
1758003.2504,5918471.6166,863467,,517400,0,,0,1,,Null,2024/2025,KHYBER PASS ROAD,MAUNGAWHAU ROAD,,Minor Crash,No,2024,,West,,0,,Hill Road,,,,,,Overcast,450200,1,0,1,4,,,0,,,,,,Auckland Region,Nil,2-way,Sealed,,0,0,,50,,Off,0,0,,76,Auckland,Stop,,,,,0,0,Urban,0,,,Fine,Null