X,Y,OBJECTID,advisorySpeed,areaUnitID,bicycle,bridge,bus,carStationWagon,cliffBank,crashDirectionDescription,crashFinancialYear,crashLocation1,crashLocation2,crashRoadSideRoad,crashSeverity,crashSHDescription,crashYear,debris,directionRoleDescription,ditch,fatalCount,fence,flatHill,guardRail,holiday,houseOrBuilding,intersection,kerb,light,meshblockId,minorInjuryCount,moped,motorcycle,NumberOfLanes,objectThrownOrDropped,otherObject,otherVehicleType,overBank,parkedVehicle,pedestrian,phoneBoxEtc,postOrPole,region,roadCharacter,roadLane,roadSurface,roadworks,schoolBus,seriousInjuryCount,slipOrFlood,speedLimit,strayAnimal,streetLight,suv,taxi,temporarySpeedLimit,tlaId,tlaName,trafficControl,trafficIsland,trafficSign,train,tree,truck,unknownVehicleType,urban,vanOrUtility,vehicle,waterRiver,weatherA,weatherB
1769594.7289,5908495.7174,863468,,523113,0,,0,2,,Null,2024/2025,TE IRIRANGI DRIVE,ACCENT DRIVE,,Non-Injury Crash,No,2025,,North,,0,,Flat,,,,,,Dark,711901,0,0,0,3,,,0,,,,,,Auckland Region,Nil,1-way,Sealed,,0,0,,60,,On,0,0,,76,Auckland,Traffic Signals,,,,,0,0,Urban,0,,,Fine,Null
1753770.0741,5931891.3347,863477,,508807,0,0,0,2,0,South,2023/2024,NORTHERN MOTORWAY,UPPER HARBOUR HIGHWAY,,Non-Injury Crash,Yes,2023,0,North,0,0,0,Hill Road,1,,0,,0,Overcast,180810,0,0,0,3,0,0,0,0,0,,0,0,Auckland Region,Bridge,1-way,Sealed,0,0,0,0,80,0,Off,0,0,,76,Auckland,Nil,0,0,0,0,0,0,Open,0,0,0,Heavy rain,Null
1755852.0333,5976608.9372,863487,,506661,0,0,0,1,0,North,2023/2024,OMAHA FLATS ROAD,TAKATU ROAD,,Non-Injury Crash,No,2023,0,North,1,0,0,Flat,0,,0,,0,Overcast,138500,0,0,0,2,0,0,0,0,0,,0,0,Auckland Region,Nil,2-way,Sealed,0,0,0,0,80,0,None,0,0,,76,Auckland,Nil,0,0,0,1,0,0,Open,0,0,0,Fine,Null
1759388.4505,5906454.5057,863488,,524111,0,0,0,1,0,East,2024/2025,KIRKBRIDE ROAD,KIRKBRIDE ROAD OFF RAMP,,Non-Injury Crash,No,2025,0,East,0,0,0,Flat,1,,0,,0,Overcast,740200,0,0,0,2,0,0,0,0,0,,0,0,Auckland Region,Nil,2-way,Sealed,0,0,0,0,50,0,Off,0,0,,76,Auckland,Nil,0,0,0,0,0,0,Urban,0,0,0,Fine,Null
1757372.3904,5920380.0819,863491,,514102,0,0,0,1,0,North,2022/2023,QUEEN STREET,DARBY STREET,,Non-Injury Crash,No,2023,0,North,0,0,0,Flat,0,Queens Birthday,0,,0,Twilight,434000,0,1,0,4,0,0,0,0,1,,0,0,Auckland Region,Nil,2-way,Sealed,0,0,0,0,30,0,On,0,0,,76,Auckland,Nil,0,0,0,0,0,0,Urban,0,0,0,Fine,Null
1772059.5712,5898124.9837,863492,,523912,0,,0,1,,South,2024/2025,PORCHESTER ROAD,SIRES PARKWAY,,Serious Crash,No,2025,,North,,0,,Flat,,,,,,Dark,767400,1,0,1,2,,,0,,,,,,Auckland Region,Nil,2-way,Sealed,,0,1,,50,,On,0,0,,76,Auckland,Nil,,,,,0,0,Urban,0,,,Fine,Null
1756991.38,5920343.6933,863496,,514102,0,,0,1,,Null,2024/2025,HOBSON STREET,WELLESLEY STREET WEST,,Minor Crash,No,2025,,South,,0,,Flat,,,,,,Dark,433700,1,0,0,4,,,0,,,,,,Auckland Region,Nil,1-way,Sealed,,0,0,,40,,On,1,0,,76,Auckland,Traffic Signals,,,,,0,0,Urban,0,,,Fine,Null
1754006.4676,5928364.112,863500,,508310,0,0,0,1,0,North,2024/2025,CHIVALRY ROAD,COLIN WILD PLACE,,Non-Injury Crash,No,2025,0,North,0,0,0,Null,0,,0,,0,Bright sun,199800,0,0,0,2,0,0,0,0,1,,0,0,Auckland Region,Nil,2-way,Sealed,0,0,0,0,50,0,Null,0,0,,76,Auckland,Nil,0,0,0,0,0,1,Urban,0,0,0,Fine,Null
1765890.0664,5900858.6664,863507,,524711,0,,0,1,,South,2023/2024,ROSCOMMON ROAD,MONCRIEFF AVENUE,,Non-Injury Crash,No,2024,,South,,0,,Flat,,,,,,Bright sun,774503,0,0,0,1,,,0,,,,,,Auckland Region,Nil,1-way,Sealed,,0,0,,60,,Off,0,0,,76,Auckland,Nil,,,,,0,0,Urban,1,,,Fine,Null
1756067.6577,5930003.4098,863509,,508510,0,0,0,2,0,North,2023/2024,FORREST HILL ROAD,RICHARDS AVENUE,,Non-Injury Crash,No,2023,0,North,0,0,0,Flat,0,,0,,0,Dark,194501,0,0,0,2,0,0,0,0,1,,0,0,Auckland Region,Nil,2-way,Sealed,0,0,0,0,50,0,On,0,0,,76,Auckland,Nil,0,0,0,0,0,0,Urban,0,0,0,Fine,Null
1755405.7165,5921547.2136,863513,,515202,0,,0,1,,South,2022/2023,NORTHERN MOTORWAY,SHELLY BEACH OBR,,Non-Injury Crash,Yes,2023,,South,,0,,Flat,,,,,,Overcast,423600,0,0,0,4,,,0,,,,,,Auckland Region,Nil,1-way,Sealed,,0,0,,80,,Off,0,0,,76,Auckland,Nil,,,,,0,0,Open,0,,,Light rain,Null
1762524.8471,5913130.8291,863515,,520402,0,0,0,1,1,South,2022/2023,SOUTHERN MOTORWAY,PENROSE OBR,,Non-Injury Crash,Yes,2023,0,South,0,0,0,Flat,0,,0,,0,Dark,642400,0,0,0,3,0,0,0,0,0,,0,0,Auckland Region,Nil,1-way,Sealed,0,0,0,0,100,0,On,0,0,,76,Auckland,Nil,0,0,0,0,0,0,Open,0,0,0,Light rain,Null
1766568.2911,5906160.0466,863520,,522302,0,0,0,1,0,North,2024/2025,NICHOLSON AVENUE,GREAT SOUTH ROAD,,Non-Injury Crash,No,2024,0,West,0,0,0,Flat,0,Labour Weekend,0,,0,Dark,669100,0,0,0,2,0,0,0,0,1,,0,0,Auckland Region,Nil,2-way,Sealed,0,0,0,0,50,0,None,0,0,,76,Auckland,Nil,0,0,0,0,0,1,Urban,0,0,0,Light rain,None
1754560.1237,5916898.0254,863521,,517701,0,,0,2,,East,2022/2023,EXETER ROAD,MORNINGSIDE DRIVE,,Non-Injury Crash,No,2023,,South,,0,,Flat,,,,,,Bright sun,536000,0,0,0,2,,,0,,,,,,Auckland Region,Speed hump,2-way,Sealed,,0,0,,50,,Off,0,0,,76,Auckland,Nil,,,,,0,0,Urban,0,,,Light rain,Null
1768384.7752,5883969.5257,863523,,521111,0,,0,2,,West,2023/2024,HEIGHTS ROAD,PAERATA ROAD,,Serious Crash,No,2024,,West,,0,,Hill Road,,,,,,Overcast,813800,1,0,0,2,,,0,,,,,,Auckland Region,Nil,2-way,Sealed,,0,3,,80,,Off,0,0,,76,Auckland,Nil,,,,,0,0,Open,0,,,Fine,Null
1743625.6195,5919434.5861,863525,,513212,0,,0,1,,South,2023/2024,DON BUCK ROAD,MAYFAIR PLACE,,Non-Injury Crash,No,2024,,South,,0,,Flat,,,,,,Overcast,235506,0,0,0,2,,,0,,,,,,Auckland Region,Nil,2-way,Sealed,,0,0,,50,,Off,1,0,,76,Auckland,Nil,,,,,0,0,Urban,0,,,Fine,Null
1763616.5604,5890080.0407,863529,25,521122,0,0,0,1,0,Null,2023/2024,BATTY ROAD,STAN WRIGHT ROAD,,Non-Injury Crash,No,2024,0,South,0,0,1,Hill Road,0,,0,,0,Bright sun,809800,0,0,0,2,0,0,0,0,0,,0,0,Auckland Region,Nil,2-way,Unsealed,0,0,0,0,60,0,Off,0,0,30,76,Auckland,Give way,0,0,0,1,0,0,Urban,0,0,0,Fine,Null
1757960.3343,5917050.575,863536,,515700,0,,0,2,,Null,2024/2025,GILLIES AVENUE,KIPLING AVENUE,,Non-Injury Crash,No,2024,,South,,0,,Flat,,,,,,Bright sun,457800,0,0,0,3,,,0,,,,,,Auckland Region,Nil,2-way,Sealed,,0,0,,50,,Off,0,0,,76,Auckland,Give way,,,,,0,0,Urban,0,,,Fine,Null
1757541.8061,5912307.4674,863541,,519810,0,,0,1,,South,2023/2024,SOUTH-WESTERN MOTORWAY,QUEENSTOWN OBR,,Minor Crash,Yes,2024,,South,,0,,Flat,,,,,,Dark,596700,1,0,0,3,,,0,,,,,,Auckland Region,Nil,1-way,Sealed,,0,0,,100,,Off,0,0,,76,Auckland,Nil,,,,,0,0,Open,2,,,Fine,Null
1756138.4181,5918763.4063,863544,,515500,0,,0,1,,North,2024/2025,NORTH-WESTERN MOTORWAY,WAIMA FTBR,,Non-Injury Crash,Yes,2025,,North,,0,,Flat,,,,,,Bright sun,417600,0,0,0,4,,,0,,,,,,Auckland Region,Nil,1-way,Sealed,,0,0,,80,,Off,0,0,,76,Auckland,Nil,,,,,0,0,Open,1,,,Fine,Null
1754572.7434,5917045.7314,863545,,517701,0,,0,1,,Null,2023/2024,BOURNEMOUTH AVENUE,MORNINGSIDE DRIVE,,Minor Crash,No,2024,,West,,0,,Flat,,,,,,Dark,535600,1,0,0,2,,,0,,,1,,,Auckland Region,Nil,2-way,Sealed,,0,0,,50,,On,0,0,,76,Auckland,Give way,,,,,0,0,Urban,0,,,Fine,Null
1760555.0388,5915605.449,863551,,520201,0,,0,2,,North,2022/2023,SOUTHERN MOTORWAY,WALPOLE OBR,,Non-Injury Crash,Yes,2023,,South,,0,,Flat,,,,,,Twilight,613000,0,0,0,3,,,0,,,,,,Auckland Region,Nil,1-way,Sealed,,0,0,,100,,On,0,0,,76,Auckland,Nil,,,,,1,0,Open,0,,,Fine,Null
1767737.3582,5900760.9657,863556,,525001,0,0,0,1,1,South,2024/2025,MCKEAN AVENUE,RUSSELL ROAD,,Non-Injury Crash,No,2025,0,North,0,0,0,Flat,0,,0,,0,Overcast,752300,0,0,0,2,0,0,0,0,0,,0,0,Auckland Region,Nil,2-way,Sealed,0,0,0,0,30,0,Off,0,0,,76,Auckland,Nil,0,0,0,0,0,0,Urban,0,0,0,Fine,Null
1747293.7496,5935710.4815,863567,55,506653,0,0,0,1,0,Null,2023/2024,COATESVILLE-RIVERHEAD HIGHWAY,SCREEN ROAD,,Minor Crash,No,2023,0,West,1,0,1,Hill Road,0,,0,,0,Dark,217500,1,0,0,2,0,0,0,0,0,,0,0,Auckland Region,Nil,2-way,Sealed,0,0,0,0,60,0,On,0,0,,76,Auckland,Nil,0,0,0,0,0,0,Urban,0,0,0,Light rain,Null
1769229.116,5912691.3149,863573,,522723,0,0,0,2,0,Null,2023/2024,BEN LOMOND CRESCENT,RYLOCK PLACE,,Minor Crash,No,2024,0,East,0,0,0,Flat,0,,0,,0,Overcast,682900,1,0,0,2,0,0,0,0,1,,0,0,Auckland Region,Nil,2-way,Sealed,0,0,0,0,50,0,Off,0,0,,76,Auckland,Give way,0,0,0,0,0,0,Urban,0,0,0,Light rain,Null
1749798.4912,5913369.5464,863576,,511402,1,,0,1,,Null,2025/2026,MARGAN AVENUE,RANKIN AVENUE,,Minor Crash,No,2025,,West,,0,,Flat,,,,,,Bright sun,264600,1,0,0,2,,,0,,,,,,Auckland Region,Nil,2-way,Sealed,,0,0,,50,,Off,0,0,,76,Auckland,Give way,,,,,0,0,Urban,0,,,Fine,Null
1758968.7359,5904046.6634,863580,,524200,0,,0,1,,Null,2025/2026,GEORGE BOLT MEMORIAL DRIVE,TE ARA KORAKO DRIVE,,Non-Injury Crash,No,2025,,West,,0,,Flat,,,,,,Overcast,727200,0,0,0,4,,,0,,,,,,Auckland Region,Nil,2-way,Sealed,,0,0,,50,,On,0,0,,76,Auckland,Traffic Signals,,,,,0,0,Urban,1,,,Heavy rain,Strong wind
1757692.7897,5918277.4289,863588,,518101,0,,0,2,,South,2024/2025,SOUTHERN MOTORWAY,KHYBER PASS ROAD OFF RAMP,,Non-Injury Crash,Yes,2024,,North,,0,,Hill Road,,Labour Weekend,,,,Overcast,543000,0,0,0,4,,,0,,,,,,Auckland Region,Nil,1-way,Sealed,,0,0,,80,,Off,0,0,,76,Auckland,Nil,,,,,0,0,Open,1,,,Light rain,Null
1752419.3181,5917761.3224,863593,,515003,0,0,0,1,0,North,2024/2025,CARRINGTON ROAD,CARRINGTON TECH GT1,,Minor Crash,No,2025,1,South,0,0,0,Flat,0,,0,,1,Bright sun,391602,1,0,0,2,0,0,0,0,0,,0,1,Auckland Region,Nil,2-way,Sealed,0,0,0,0,50,0,Off,1,0,,76,Auckland,Nil,0,0,0,0,0,0,Urban,0,0,0,Fine,Null
1755911.3579,5919933.5079,863605,,514000,0,,0,1,,East,2024/2025,ANGLESEA STREET,WINN ROAD,,Minor Crash,No,2024,,West,,0,,Hill Road,,,,,,Overcast,414100,1,0,0,2,,,0,,,,,,Auckland Region,Nil,2-way,Sealed,,0,0,,30,,Off,0,0,,76,Auckland,Nil,,,,,0,0,Urban,1,,,Fine,Null
1749318.1574,5941271.8582,863608,,506300,0,,0,1,,South,2025/2026,NORTHERN MOTORWAY,WILKS OBR,,Non-Injury Crash,Yes,2025,,North,,0,,Flat,,,,,,Bright sun,175906,0,0,0,2,,,0,,,,,,Auckland Region,Nil,1-way,Sealed,,0,0,,100,,None,0,0,,76,Auckland,Nil,,,,,0,0,Open,1,,,Fine,Null
1749553.5701,5945825.6521,863612,,506001,0,,0,1,,Null,2025/2026,HIBISCUS COAST HIGHWAY,HIBISCUS COAST HIGHWAY,,Non-Injury Crash,No,2025,,West,,0,,Flat,,,,,,Overcast,175600,0,0,0,6,,,0,,,,,,Auckland Region,Nil,2-way,Sealed,,0,0,,60,,Off,0,0,,76,Auckland,Nil,,,,,0,0,Urban,1,,,Fine,Null
1754334.8812,5935893.5202,863615,,507101,0,0,0,1,0,South,2023/2024,EAST COAST ROAD,CARLISLE ROAD,,Non-Injury Crash,No,2024,0,South,0,0,0,Hill Road,0,,0,,0,Dark,160403,0,0,0,3,0,1,0,0,0,,0,0,Auckland Region,Nil,2-way,Sealed,0,0,0,0,50,0,On,0,0,,76,Auckland,Nil,0,0,0,0,0,0,Urban,0,0,0,Fine,Null
1753718.727,5936755.0155,863620,,506300,0,,0,2,,Null,2024/2025,LONELY TRACK ROAD,EAST COAST ROAD,,Non-Injury Crash,No,2025,,East,,0,,Flat,,,,,,Bright sun,176106,0,0,0,2,,,0,,,,,,Auckland Region,Nil,2-way,Sealed,,0,0,,50,,Off,0,0,,76,Auckland,Stop,,,,,0,0,Urban,0,,,Fine,Null
1742411.0115,5922062.4594,863621,,513610,0,0,0,2,0,Null,2023/2024,RED HILLS ROAD,BIRDWOOD ROAD,,Non-Injury Crash,No,2023,0,North,0,0,1,Hill Road,0,,0,,0,Bright sun,226503,0,0,0,2,0,0,0,0,1,,0,0,Auckland Region,Nil,2-way,Sealed,0,0,0,0,50,0,Off,0,0,,76,Auckland,Stop,0,0,0,1,0,0,Urban,1,0,0,Fine,Null
1765719.0507,5906071.6535,863631,,522202,0,0,0,2,0,South,2023/2024,ST GEORGE STREET,SCOTT ROAD,,Non-Injury Crash,No,2024,0,North,0,0,0,Flat,0,,0,,0,Overcast,663900,0,0,0,2,0,0,0,0,1,,0,0,Auckland Region,Nil,2-way,Sealed,0,0,0,0,50,0,Off,0,0,,76,Auckland,Nil,0,0,0,0,0,0,Urban,0,0,0,Fine,Null
1745873.7575,5920178.3629,863632,,513301,0,0,0,2,0,East,2024/2025,CENTRAL PARK DRIVE,TONY STREET,,Non-Injury Crash,No,2025,0,South,0,0,0,Hill Road,0,,0,,0,Dark,230302,0,0,0,2,0,0,0,0,1,,0,0,Auckland Region,Nil,2-way,Sealed,0,0,0,0,50,0,On,0,0,,76,Auckland,Nil,0,0,0,0,0,0,Urban,0,0,0,Fine,Null
1772607.7618,5896542.2167,863637,,525420,0,0,0,1,0,South,2023/2024,GREAT SOUTH ROAD,QUEEN STREET,,Non-Injury Crash,No,2023,0,North,0,0,0,Flat,0,,0,,0,Bright sun,791600,0,0,0,2,0,0,0,0,1,,0,0,Auckland Region,Nil,2-way,Sealed,0,0,0,0,50,0,Off,1,0,,76,Auckland,Nil,0,0,0,0,0,0,Urban,0,0,0,Fine,Strong wind
1748121.3903,5913856.3894,863648,,511700,0,0,0,2,0,Null,2025/2026,WEST COAST ROAD,WESTWARD HO ROAD,,Minor Crash,No,2025,0,North,0,0,0,Flat,0,,0,,0,Overcast,270202,1,0,0,4,0,0,0,0,0,,0,1,Auckland Region,Nil,2-way,Sealed,0,0,0,0,50,0,Off,0,0,,76,Auckland,Give way,0,0,0,0,0,0,Urban,0,0,0,Light rain,Null
1768888.0383,5905050.46,863651,,523722,0,0,0,1,1,East,2024/2025,ASPIRING AVENUE,ORETI PLACE,,Minor Crash,No,2024,0,East,0,0,0,Flat,0,,0,,0,Overcast,716012,1,0,0,2,0,0,0,0,0,,0,0,Auckland Region,Nil,2-way,Sealed,0,0,0,0,50,0,Off,0,0,,76,Auckland,Nil,0,0,0,0,0,0,Urban,0,0,0,Heavy rain,Null
1771879.9283,5912602.3351,863653,,523102,0,0,0,1,0,South,2024/2025,LEICESTER PARADE,MERINO AVENUE,,Non-Injury Crash,No,2024,0,South,0,0,0,Flat,0,,0,,0,Dark,711031,0,0,0,2,0,0,0,0,1,,0,0,Auckland Region,Nil,2-way,Sealed,0,0,0,0,50,0,On,1,0,,76,Auckland,Nil,0,0,0,0,0,0,Urban,0,0,0,Fine,Null
1761996.1793,5913411.4795,863660,,520500,0,,0,1,,Null,2025/2026,PENROSE ROAD,GREAT SOUTH ROAD,,Non-Injury Crash,No,2025,,South,,0,,Flat,,,,,,Unknown,637100,0,0,0,1,,,0,,,,,,Auckland Region,Nil,1-way,Sealed,,0,0,,50,,Null,0,0,,76,Auckland,Give way,,,,,1,0,Urban,0,,,Fine,Null
1751738.2215,5917268.4792,863668,,514900,0,,0,2,,North,2023/2024,GREAT NORTH ROAD,OAKLEY AVENUE,,Non-Injury Crash,No,2024,,South,,0,,Hill Road,,,,,,Dark,384701,0,0,0,4,,,0,,,,,,Auckland Region,Nil,2-way,Sealed,,0,0,,50,,On,0,0,,76,Auckland,Nil,,,,,0,0,Urban,0,,,Fine,Null
1751482.5653,5917698.0306,863671,,514900,0,0,0,1,0,Null,2022/2023,HERDMAN STREET,ARLINGTON STREET,,Minor Crash,No,2023,0,North,0,0,1,Flat,0,,0,,0,Twilight,385500,1,0,0,2,0,0,0,0,0,,0,0,Auckland Region,Speed hump,2-way,Sealed,0,0,0,0,50,0,On,0,0,,76,Auckland,Nil,0,0,0,0,0,0,Urban,0,0,0,Fine,Null
1736558.481,5920391.5886,863673,,513702,0,0,0,1,0,West,2024/2025,BETHELLS ROAD,WAIRERE ROAD,,Minor Crash,No,2024,0,West,0,0,0,Hill Road,0,,0,,0,Bright sun,237206,1,0,0,2,0,0,0,0,0,,0,0,Auckland Region,Nil,2-way,Sealed,0,0,0,0,60,0,None,0,0,,76,Auckland,Nil,0,0,0,1,0,0,Urban,0,0,0,Fine,Null
1767997.2959,5899276.9962,863676,,525102,0,,0,3,,East,2024/2025,MAHIA ROAD,MCDIVITT STREET,,Non-Injury Crash,No,2024,,East,,0,,Flat,,,,,,Overcast,769200,0,0,0,2,,,0,,,,,,Auckland Region,Nil,2-way,Sealed,,0,0,,50,,None,0,0,,76,Auckland,Nil,,,,,0,0,Urban,0,,,Fine,Null
1752562.9975,5918186.5422,863684,,515002,0,,0,1,,Null,2024/2025,GREAT NORTH ROAD,PARR ROAD NORTH,,Non-Injury Crash,No,2024,,East,,0,,Flat,,,,,,Bright sun,396600,0,0,0,3,,,0,,,,,,Auckland Region,Nil,2-way,Sealed,,0,0,,50,,Null,0,0,,76,Auckland,Nil,,,,,0,1,Urban,0,,,Null,Null
1766316.9072,5903432.9333,863693,,524604,0,0,0,3,0,Null,2024/2025,WIRI STATION ROAD,PLUNKET AVENUE,,Non-Injury Crash,No,2024,0,East,0,0,1,Flat,0,,0,,0,Twilight,780208,0,0,0,4,0,0,0,0,0,,0,0,Auckland Region,Nil,2-way,Sealed,0,0,0,0,50,0,Off,0,0,,76,Auckland,Traffic Signals,0,0,0,0,0,0,Urban,1,0,0,Fine,Null
1756125.0482,5919140.0282,863696,,515500,0,,0,1,,Null,2024/2025,GREAT NORTH ROAD,NIXON STREET,,Minor Crash,No,2025,,West,,0,,Flat,,,,,,Overcast,417500,1,0,0,3,,,0,,,,,,Auckland Region,Nil,2-way,Sealed,,0,0,,50,,Off,1,0,,76,Auckland,Give way,,,,,0,0,Urban,0,,,Fine,Null
1769391.6038,5901037.1935,863697,,524902,0,,0,1,,Null,2023/2024,ALFRISTON ROAD,CLAUDE ROAD,,Non-Injury Crash,No,2023,,West,,0,,Flat,,,,,,Overcast,757700,0,0,0,2,,,0,,,,,,Auckland Region,Nil,2-way,Sealed,,0,0,,50,,Off,1,0,,76,Auckland,Give way,,,,,0,0,Urban,0,,,Fine,None
1772309.8187,5893622.0731,863700,,525530,0,,0,1,,South,2024/2025,SOUTHERN MOTORWAY,SERVICE CENTRE OFF SBD,,Non-Injury Crash,Yes,2024,,South,,0,,Null,,,,,,Bright sun,808607,0,0,0,2,,,0,,,,,,Auckland Region,Nil,1-way,Sealed,,0,0,,100,,Null,0,0,,76,Auckland,Nil,,,,,0,1,Open,0,,,Fine,Null
1761276.0349,5914056.8534,863708,,519500,0,,0,2,,Null,2024/2025,GREENPARK ROAD,GREAT SOUTH ROAD,,Non-Injury Crash,No,2024,,North,,0,,Flat,,,,,,Bright sun,620500,0,0,0,2,,,0,,,,,,Auckland Region,Nil,2-way,Sealed,,0,0,,50,,Off,0,0,,76,Auckland,Stop,,,,,0,0,Urban,0,,,Fine,Null
1765473.5319,5918740.1725,863709,,516900,0,,0,2,,Null,2024/2025,ST HELIERS BAY ROAD,LONG DRIVE,,Minor Crash,No,2024,,North,,0,,Flat,,,,,,Dark,465400,1,0,0,2,,,0,,,,,,Auckland Region,Nil,2-way,Sealed,,0,0,,50,,On,0,0,,76,Auckland,Traffic Signals,,,,,0,0,Urban,0,,,Fine,Null
1755730.5081,5917934.3266,863711,,517500,0,,0,2,,North,2022/2023,NEW NORTH ROAD,SANDRINGHAM ROAD,,Non-Injury Crash,No,2023,,South,,0,,Flat,,,,,,Bright sun,530900,0,0,0,1,,,0,,,,,,Auckland Region,Nil,1-way,Sealed,,0,0,,50,,Off,0,0,,76,Auckland,Nil,,,,,0,0,Urban,0,,,Fine,Null
1753758.6099,5916985.5447,863717,,517800,0,0,0,1,0,South,2023/2024,KITENUI AVENUE,NEW NORTH ROAD,,Non-Injury Crash,No,2024,0,North,0,0,0,Hill Road,0,,0,,0,Bright sun,528100,0,0,0,2,0,1,0,0,0,,0,0,Auckland Region,Speed hump,2-way,Sealed,0,0,0,0,30,0,Off,0,0,,76,Auckland,Nil,0,0,0,0,0,0,Urban,0,0,0,Fine,Null
1745181.5581,5917102.0033,863719,,510800,0,0,0,1,0,North,2023/2024,HENDERSON VALLEY ROAD,ALBERT PRYOR AVENUE,,Non-Injury Crash,No,2023,0,North,0,0,1,Flat,0,,0,,0,Bright sun,241600,0,0,0,3,0,0,0,0,0,,0,0,Auckland Region,Nil,2-way,Sealed,0,0,0,0,50,0,Off,0,0,,76,Auckland,Nil,0,0,0,0,0,0,Urban,0,0,0,Fine,Null
1747263.77,5914898.2914,863723,,511800,0,,1,2,,South,2024/2025,GREAT NORTH ROAD,SOLDIERS WAY,,Minor Crash,No,2024,,South,,0,,Hill Road,,,,,,Dark,277902,2,0,0,4,,,0,,,,,,Auckland Region,Nil,2-way,Sealed,,0,0,,50,,On,0,0,,76,Auckland,Nil,,,,,0,0,Urban,0,,,Light rain,Null
1754168.2251,5911443.5078,863724,,519001,0,0,0,2,0,South,2025/2026,HILLSBOROUGH ROAD,JAMES TYLER CRESCENT,,Minor Crash,No,2025,0,West,0,0,1,Flat,0,,0,,0,Twilight,591702,1,0,0,2,0,0,0,0,1,,0,0,Auckland Region,Nil,2-way,Sealed,0,0,0,0,50,0,Off,0,0,,76,Auckland,Nil,0,0,0,0,0,0,Urban,0,0,0,Light rain,Null
1739838.7688,5981376.9341,863729,,506660,0,,0,0,,South,2023/2024,WAYBY VALLEY ROAD,WILSON ROAD,,Minor Crash,No,2024,,South,,0,,Flat,,,,,,Overcast,136700,3,0,0,2,,,0,,,,,,Auckland Region,Nil,2-way,Sealed,,0,0,,100,,None,1,0,,76,Auckland,Nil,,,,,1,0,Open,1,,,Fine,Null
1752758.309,5947800.9733,863731,,505808,0,0,0,3,0,West,2023/2024,WALTON STREET,NGAPARA STREET,,Non-Injury Crash,No,2023,0,West,0,0,0,Flat,0,,0,,0,Dark,173012,0,0,0,2,0,0,0,0,2,,0,0,Auckland Region,Nil,2-way,Sealed,0,0,0,0,50,0,On,0,0,,76,Auckland,Nil,0,0,0,0,0,0,Urban,0,0,0,Fine,Null
1765643.9065,5908900.0673,863732,,523402,0,0,0,1,0,Null,2025/2026,HIGHBROOK DRIVE,HIGHBROOK DRIVE,,Non-Injury Crash,No,2025,0,South,0,0,0,Flat,0,,0,,0,Dark,696900,0,0,0,2,0,0,0,0,0,,0,1,Auckland Region,Nil,1-way,Sealed,0,0,0,0,60,0,On,0,0,,76,Auckland,Give way,0,0,0,0,0,0,Urban,0,0,0,Fine,Null
1757977.8562,5917135.7967,863733,,515700,0,,0,1,,South,2023/2024,GILLIES AVENUE,OWENS ROAD,,Non-Injury Crash,No,2023,,North,,0,,Flat,,,,,,Unknown,444600,0,0,0,2,,,0,,,,,,Auckland Region,Nil,2-way,Sealed,,0,0,,50,,Null,0,0,,76,Auckland,Nil,,,,,0,0,Urban,0,,,Fine,None
1763901.4104,5912480.1849,863736,,520500,0,,0,0,,Null,2024/2025,MOUNT WELLINGTON HIGHWAY,MOUNT WELLINGTON HWY ON RAMP,,Non-Injury Crash,No,2025,,South,,0,,Flat,,Queens Birthday,,,,Dark,637300,0,0,0,6,,,0,,,,,,Auckland Region,Motorway ramp,2-way,Sealed,,0,0,,50,,On,0,0,,76,Auckland,Traffic Signals,,,,,0,0,Urban,2,,,Light rain,Null
1768213.703,5912592.4434,863749,,523000,0,,0,1,,Null,2023/2024,GOSSAMER DRIVE,BLYTON LANE,,Non-Injury Crash,No,2023,,North,,0,,Hill Road,,,,,,Bright sun,689100,0,0,0,2,,,0,,,,,,Auckland Region,Nil,2-way,Sealed,,0,0,,50,,Off,0,0,20,76,Auckland,Give way,,,,,0,0,Urban,0,,,Fine,Null
1766085.1726,5914327.9827,863753,,520601,0,0,0,2,0,West,2023/2024,KINGS ROAD,DUNKIRK ROAD,,Non-Injury Crash,No,2023,0,West,0,0,1,Flat,0,,0,,0,Dark,629900,0,0,0,2,0,0,0,0,1,,0,0,Auckland Region,Nil,2-way,Sealed,0,0,0,0,50,0,On,0,0,,76,Auckland,Nil,0,0,0,0,0,0,Urban,1,0,0,Fine,Null
1746202.7381,5914012.1458,863756,,511001,0,0,0,4,0,West,2025/2026,WEST COAST ROAD,ROSIER ROAD,,Minor Crash,No,2025,0,West,0,0,0,Flat,0,,0,,0,Dark,282701,2,0,0,2,0,0,0,0,1,,0,0,Auckland Region,Nil,2-way,Sealed,0,0,0,0,50,0,On,1,0,,76,Auckland,Nil,0,0,0,0,0,0,Urban,0,0,0,Fine,Null
1764529.1167,5909389.3652,863763,,521802,0,,0,1,,Null,2024/2025,CHURCH STREET,FAIRBURN ROAD,,Minor Crash,No,2024,,South,,0,,Hill Road,,,,,,Overcast,788601,1,0,0,2,,,0,,,,,,Auckland Region,Nil,2-way,Sealed,,0,0,,30,,Off,0,0,,76,Auckland,Stop,,,,,0,1,Urban,0,,,Light rain,Null