X,Y,OBJECTID,advisorySpeed,areaUnitID,bicycle,bridge,bus,carStationWagon,cliffBank,crashDirectionDescription,crashFinancialYear,crashLocation1,crashLocation2,crashRoadSideRoad,crashSeverity,crashSHDescription,crashYear,debris,directionRoleDescription,ditch,fatalCount,fence,flatHill,guardRail,holiday,houseOrBuilding,intersection,kerb,light,meshblockId,minorInjuryCount,moped,motorcycle,NumberOfLanes,objectThrownOrDropped,otherObject,otherVehicleType,overBank,parkedVehicle,pedestrian,phoneBoxEtc,postOrPole,region,roadCharacter,roadLane,roadSurface,roadworks,schoolBus,seriousInjuryCount,slipOrFlood,speedLimit,strayAnimal,streetLight,suv,taxi,temporarySpeedLimit,tlaId,tlaName,trafficControl,trafficIsland,trafficSign,train,tree,truck,unknownVehicleType,urban,vanOrUtility,vehicle,waterRiver,weatherA,weatherB
1753353.1055,5918388.1976,863767,,515431,0,,0,2,,East,2023/2024,GREAT NORTH ROAD,PREMIER AVENUE,,Minor Crash,No,2024,,West,,0,,Flat,,,,,,Bright sun,397600,1,0,0,4,,,0,,,,,,Auckland Region,Nil,2-way,Sealed,,0,0,,50,,Off,0,0,,76,Auckland,Nil,,,,,0,0,Urban,0,,,Fine,Null
1792748.244,5908622.4033,863768,,525202,0,0,0,1,0,West,2024/2025,CLEVEDON-KAWAKAWA ROAD,KAWAKAWA-ORERE ROAD,,Serious Crash,No,2025,0,North,0,0,0,Flat,0,Easter,0,,0,Dark,764902,0,0,0,2,0,0,0,0,0,,0,1,Auckland Region,Nil,2-way,Sealed,0,0,1,0,50,0,None,0,0,,76,Auckland,Nil,0,0,0,0,0,0,Urban,0,0,0,Fine,Null
1768710.2237,5901034.138,863772,,524901,0,,0,2,,South,2024/2025,GREAT SOUTH ROAD,SOUTH MALL ACCESS,,Non-Injury Crash,No,2025,,South,,0,,Flat,,,,,,Dark,757100,0,0,0,2,,,0,,,,,,Auckland Region,Nil,2-way,Sealed,,0,0,,50,,On,0,0,,76,Auckland,Nil,,,,,0,0,Urban,0,,,Fine,Null
1757138.4698,5927037.4853,863780,,507900,0,0,0,1,0,Null,2024/2025,TAHAROTO ROAD,DOMINION STREET,,Non-Injury Crash,No,2025,0,North,0,0,1,Flat,0,,1,,0,Dark,303901,0,0,0,5,0,0,0,0,0,,0,0,Auckland Region,Nil,2-way,Sealed,0,0,0,0,50,0,On,0,0,,76,Auckland,Traffic Signals,0,0,0,0,0,0,Urban,0,0,0,Fine,Null
1766987.0215,5903728.7635,863785,55,524602,0,,0,2,,Null,2023/2024,WIRI STATION ROAD,DRUCES ROAD,,Non-Injury Crash,No,2024,,West,,0,,Flat,,,,,,Bright sun,780411,0,0,0,3,,,0,,,,,,Auckland Region,Nil,1-way,Sealed,,0,0,,60,,Off,0,0,,76,Auckland,Traffic Signals,,,,,0,0,Urban,0,,,Fine,None
1748205.1429,5969420.0715,863787,,505500,0,,0,2,,North,2022/2023,MORRISON DRIVE,GUMFIELD DRIVE,,Non-Injury Crash,No,2023,,North,,0,,Hill Road,,,,,,Overcast,146002,0,0,0,2,,,0,,,,,,Auckland Region,Nil,2-way,Sealed,,0,0,,50,,Off,0,0,,76,Auckland,Nil,,,,,0,0,Urban,0,,,Fine,Null
1774643.308,5908545.4599,863789,,523202,0,0,0,0,0,North,2024/2025,SANDSTONE ROAD,STONERIDGE TERRACE,,Non-Injury Crash,No,2024,0,North,0,0,0,Hill Road,0,,0,,0,Dark,717600,0,0,0,2,0,0,0,0,0,,0,0,Auckland Region,Nil,2-way,Sealed,1,0,0,0,80,0,None,1,0,50,76,Auckland,Nil,0,0,0,0,0,0,Open,0,0,0,Fine,Null
1739578.3965,5929044.9084,863791,,505602,0,,0,1,,Null,2022/2023,RIVERHEAD ROAD,KORAHA ROAD,,Non-Injury Crash,No,2023,,North,,0,,Flat,,,,,,Overcast,214103,0,0,0,2,,,0,,,,,,Auckland Region,Nil,2-way,Sealed,,0,0,,50,,None,1,0,,76,Auckland,Give way,,,,,0,0,Urban,0,,,Fine,Null
1758422.2104,5904811.8316,863793,,524200,0,0,0,0,0,North,2023/2024,MAURICE WILSON AVENUE,TE KAPUA DRIVE,,Non-Injury Crash,No,2024,0,North,0,0,0,Flat,0,,0,,0,Overcast,727000,0,0,0,1,0,0,0,0,0,,0,0,Auckland Region,Nil,1-way,Sealed,0,0,0,0,50,0,None,0,0,30,76,Auckland,Nil,0,0,0,1,1,0,Urban,0,0,0,Fine,Null
1759845.4806,5909720.3682,863803,,524002,0,0,0,2,0,Null,2023/2024,HASTIE AVENUE,MAHUNGA DRIVE,,Non-Injury Crash,No,2024,0,West,0,0,1,Flat,0,,0,,0,Overcast,724102,0,0,0,2,0,0,0,0,0,,0,1,Auckland Region,Nil,2-way,Sealed,0,0,0,0,50,0,Off,0,0,,76,Auckland,Stop,0,0,0,0,0,0,Urban,0,0,0,Heavy rain,Null
1770603.9749,5904396.1415,863807,,523818,0,,0,1,,South,2023/2024,REDOUBT ROAD,MURPHYS ROAD,,Minor Crash,No,2024,,South,,0,,Flat,,,,,,Twilight,760400,1,0,0,2,,,0,,,,,,Auckland Region,Nil,2-way,Sealed,,0,0,,60,,Off,0,0,,76,Auckland,Nil,,,,,0,0,Urban,1,,,Fine,Null
1755908.8671,5919493.4065,863817,,514000,0,,0,2,,West,2022/2023,PONSONBY ROAD,WILLIAMSON AVENUE,,Non-Injury Crash,No,2023,,North,,0,,Flat,,,,,,Dark,414500,0,0,0,4,,,0,,,,,,Auckland Region,Nil,2-way,Sealed,,0,0,,40,,On,0,0,,76,Auckland,Nil,,,,,0,0,Urban,0,,,Fine,Null
1765286.1813,5909352.7407,863827,,521802,0,,0,1,,North,2022/2023,SOUTHERN MOTORWAY,TAMAKI RIV BR,,Non-Injury Crash,Yes,2023,,North,,0,,Flat,,,,,,Dark,788903,0,0,0,3,,,0,,,,,,Auckland Region,Nil,1-way,Sealed,,0,0,,100,,On,1,0,,76,Auckland,Nil,,,,,0,0,Open,0,,,Fine,Null
1749857.3266,5918031.911,863843,,514801,0,,0,1,,East,2023/2024,NORTH-WESTERN MOTORWAY,ROSEBANK ROAD ON RAMP,,Non-Injury Crash,Yes,2023,,East,,0,,Flat,,,,,,Bright sun,390401,0,0,0,4,,,0,,,,,,Auckland Region,Motorway ramp,1-way,Sealed,,0,0,,100,,Off,0,0,,76,Auckland,Nil,,,,,1,0,Open,0,,,Fine,Null
1759947.4678,5916088.1242,863845,,516002,0,,0,2,,East,2023/2024,GREEN LANE EAST OFF RAMP,SOUTHERN MOTORWAY,,Non-Injury Crash,No,2023,,East,,0,,Flat,,,,,,Bright sun,492100,0,0,0,4,,,0,,,,,,Auckland Region,Motorway ramp,1-way,Sealed,,0,0,,100,,Off,0,0,,76,Auckland,Nil,,,,,0,0,Open,0,,,Fine,Null
1749971.2438,5916030.6678,863856,,514801,0,0,0,0,0,East,2024/2025,ORCHARD STREET,OREGON AVENUE,,Non-Injury Crash,No,2024,0,West,0,0,0,Flat,0,,0,,0,Bright sun,387500,0,0,0,2,0,0,0,0,1,,0,0,Auckland Region,Nil,2-way,Sealed,0,0,0,0,50,0,Off,0,0,,76,Auckland,Nil,0,0,0,0,0,0,Urban,2,0,0,Fine,Null
1755314.2496,5929636.1474,863857,,508510,0,,0,2,,North,2023/2024,NORTHERN MOTORWAY,TRISTRAM AVENUE OFF RAMP,,Non-Injury Crash,Yes,2024,,South,,0,,Hill Road,,,,,,Dark,194405,0,0,0,2,,,0,,,,,,Auckland Region,Nil,1-way,Sealed,,0,0,,100,,On,0,0,,76,Auckland,Nil,,,,,0,0,Open,1,,,Light rain,Null
1755856.0245,5976610.5193,863861,,506661,0,0,0,0,0,North,2023/2024,OMAHA FLATS ROAD,TAKAU ROAD,,Non-Injury Crash,No,2023,0,East,1,0,0,Null,0,,0,,0,Unknown,138500,0,0,0,2,0,0,0,0,0,,0,0,Auckland Region,Nil,2-way,Null,0,0,0,0,80,0,Null,1,0,,76,Auckland,Nil,0,0,0,1,0,0,Open,0,0,0,Null,Null
1756140.2685,5923931.2317,863863,,509800,0,,0,2,,South,2023/2024,NORTHERN MOTORWAY,WEIGH BRIDGE,,Non-Injury Crash,Yes,2023,,South,,0,,Flat,,,,,,Dark,361200,0,0,0,4,,,0,,,,,,Auckland Region,Nil,1-way,Sealed,,0,0,,80,,On,0,0,,76,Auckland,Nil,,,,,0,0,Open,0,,,Light rain,Strong wind
1749567.9877,5949388.7407,863865,,506202,0,,0,1,,Null,2023/2024,GRAND DRIVE,ARRAN DRIVE,,Non-Injury Crash,No,2024,,West,,0,,Flat,,,,,,Overcast,176412,0,0,0,2,,,0,,,,,,Auckland Region,Nil,2-way,Sealed,,0,0,,50,,Off,1,0,,76,Auckland,Traffic Signals,,,,,0,0,Urban,0,,,Fine,Null
1752400.8291,5918048.275,863869,,515001,0,,0,1,,South,2024/2025,CARRINGTON ROAD,GREAT NORTH ROAD,,Minor Crash,No,2024,,West,,0,,Flat,,Christmas New Year,,,,Overcast,391601,2,0,0,2,,,0,,,,,,Auckland Region,Nil,2-way,Sealed,,0,0,,50,,Off,1,0,,76,Auckland,Nil,,,,,0,0,Urban,0,,,Fine,Null
1757311.6211,5919495.5233,863872,,514301,0,,0,1,,Null,2024/2025,SYMONDS STREET,CITY ROAD,,Non-Injury Crash,No,2024,,North,,0,,Hill Road,,,,,,Dark,440904,0,0,1,4,,,0,,,,,,Auckland Region,Nil,2-way,Sealed,,0,0,,30,,On,0,0,,76,Auckland,Give way,,,,,0,0,Urban,0,,,Fine,Null
1762761.9671,5905554.8883,863873,,524200,0,0,0,3,0,West,2023/2024,PORTAGE ROAD,PORTAGE OBR,,Non-Injury Crash,No,2024,0,West,0,0,0,Flat,0,,0,,0,Overcast,729100,0,0,0,2,0,0,0,0,1,,0,0,Auckland Region,Nil,2-way,Sealed,0,0,0,0,50,0,Off,0,0,,76,Auckland,Nil,0,0,0,0,0,0,Urban,0,0,0,Light rain,Null
1763735.8125,5916195.3728,863885,,517202,0,0,0,1,0,North,2024/2025,SEARLE STREET,TIHI STREET,,Minor Crash,No,2024,0,South,0,0,0,Flat,0,,0,,0,Bright sun,465304,1,0,0,2,0,0,0,0,0,,0,1,Auckland Region,Nil,2-way,Sealed,0,0,0,0,30,0,Off,0,0,,76,Auckland,Nil,0,0,0,0,0,0,Urban,0,0,0,Fine,Null
1780453.7774,5926788.1987,863887,,520801,0,,0,1,,North,2023/2024,OCEAN VIEW ROAD,PACIFIC PARADE,,Minor Crash,No,2024,,North,,0,,Hill Road,,,,,,Bright sun,516507,1,0,0,2,,,0,,,1,,,Auckland Region,Nil,2-way,Sealed,,0,0,,50,,Off,0,0,,76,Auckland,Nil,,,,,0,0,Urban,0,,,Fine,Null
1755342.3045,5921614.9039,863895,,515202,0,,0,1,,North,2023/2024,NORTHERN MOTORWAY,SHELLY BEACH OBR,,Non-Injury Crash,Yes,2023,,South,,0,,Flat,,,,,,Overcast,423600,0,0,0,4,,,0,,,,,,Auckland Region,Nil,1-way,Sealed,,0,0,,80,,Off,0,0,,76,Auckland,Nil,,,,,0,0,Open,1,,,Fine,Null
1768017.5423,5906144.9522,863896,,523721,0,,0,3,,Null,2025/2026,FLAT BUSH ROAD,RAPSON ROAD,,Non-Injury Crash,No,2026,,West,,0,,Flat,,,,,,Overcast,715509,0,0,0,2,,,0,,,,,,Auckland Region,Nil,2-way,Sealed,,0,0,,50,,Off,0,0,,76,Auckland,Give way,,,,,0,0,Urban,0,,,Heavy rain,Null
1764297.7312,5906816.4358,863899,,522201,0,,0,1,,South,2023/2024,SWAFFIELD ROAD,MCLEAN AVENUE,,Non-Injury Crash,No,2023,,North,,0,,Flat,,,,,,Bright sun,661000,0,0,0,2,,,0,,,2,,,Auckland Region,Nil,2-way,Sealed,,0,0,,50,,Off,0,0,,76,Auckland,Nil,,,,,0,0,Urban,0,,,Fine,Null
1762469.1491,5907249.3669,863903,,524520,0,,0,1,,South,2023/2024,MASSEY ROAD,YATES ROAD,,Non-Injury Crash,No,2023,,North,,0,,Flat,,,,,,Overcast,734603,0,0,0,2,,,0,,,,,,Auckland Region,Nil,2-way,Sealed,,0,0,,50,,Off,0,0,,76,Auckland,Nil,,,,,0,0,Urban,1,,,Fine,Null
1746568.4941,5918778.2393,863908,,512401,0,,0,3,,East,2024/2025,EDMONTON ROAD,BOSNYAK DRIVE,,Non-Injury Crash,No,2024,,East,,0,,Hill Road,,,,,,Overcast,255500,0,0,0,2,,,0,,,,,,Auckland Region,Nil,2-way,Sealed,,0,0,,50,,Off,0,0,,76,Auckland,Nil,,,,,0,0,Urban,0,,,Light rain,Strong wind
1779236.152,5927420.291,863913,,520801,0,,0,2,,West,2023/2024,OUE ROAD,OCEAN VIEW ROAD,,Non-Injury Crash,No,2024,,North,,0,,Hill Road,,,,,,Overcast,516201,0,0,0,2,,,0,,,,,,Auckland Region,Nil,2-way,Sealed,,0,0,,30,,Off,0,0,,76,Auckland,Nil,,,,,0,0,Urban,0,,,Fine,Null
1749711.7,5957059.9958,863919,,506613,0,0,0,1,0,North,2023/2024,NORTHERN MOTORWAY,PUHOI SOUTHBOUND ON RAMP,,Minor Crash,Yes,2023,0,South,1,0,0,Flat,1,,0,,0,Dark,147000,2,0,0,4,0,0,0,0,0,,0,0,Auckland Region,Motorway ramp,2-way,Sealed,0,0,0,0,100,0,On,0,0,,76,Auckland,Nil,0,0,0,0,0,0,Open,0,0,0,Light rain,Null
1779195.6312,5915145.0389,863928,,523300,0,0,0,2,0,South,2025/2026,KARO ROAD,EIGHTH VIEW AVENUE,,Non-Injury Crash,No,2025,0,South,0,0,0,Null,0,,0,,0,Unknown,718900,0,0,0,2,0,0,0,0,1,,0,0,Auckland Region,Nil,2-way,Null,0,0,0,0,50,0,Null,0,0,,76,Auckland,Nil,0,0,0,0,0,0,Urban,0,0,0,Null,Null
1751042.601,5914884.1513,863939,,514402,0,,0,2,,North,2023/2024,GREAT NORTH ROAD,LARCH STREET,,Non-Injury Crash,No,2023,,South,,0,,Flat,,,,,,Overcast,381000,0,0,0,3,,,0,,,,,,Auckland Region,Nil,2-way,Sealed,,0,0,,50,,Off,0,0,40,76,Auckland,Nil,,,,,0,0,Urban,0,,,Light rain,Strong wind
1770014.8124,5905288.6858,863944,,523712,0,0,0,2,0,Null,2024/2025,JOSEPH STREET,THOMAS ROAD,,Non-Injury Crash,No,2024,0,North,0,0,1,Flat,0,,0,,0,Twilight,716202,0,0,0,2,0,0,0,0,1,,0,0,Auckland Region,Nil,2-way,Sealed,0,0,0,0,50,0,On,1,0,,76,Auckland,Nil,0,0,0,0,0,0,Urban,1,0,0,Fine,Null
1771816.6236,5902047.7875,863947,,523819,0,,0,1,,Null,2022/2023,RANFURLY ROAD,WASTNEY ROAD,,Non-Injury Crash,No,2023,,East,,0,,Flat,,,,,,Dark,760811,0,0,0,2,,,0,,,,,,Auckland Region,Nil,2-way,Sealed,,0,0,,80,,On,0,0,,76,Auckland,Nil,,,,,1,0,Open,0,,,Fine,Null
1772572.284,5890832.254,863948,,521203,0,0,0,1,0,North,2024/2025,KARAKA ROAD,BURBERRY ROAD,,Non-Injury Crash,Yes,2024,0,North,1,0,0,Flat,0,,0,,0,Dark,807300,0,0,0,2,0,0,0,0,0,,0,0,Auckland Region,Nil,2-way,Sealed,0,0,0,0,80,0,Off,0,0,,76,Auckland,Nil,0,0,0,0,0,0,Open,0,0,0,Light rain,Strong wind
1767728.0112,5903327.3884,863951,,524602,0,0,0,2,0,South,2022/2023,INVERELL AVENUE,INVERELL COURT,,Non-Injury Crash,No,2023,0,South,0,0,0,Flat,0,,0,,0,Dark,780409,0,0,0,2,0,0,0,0,1,,0,0,Auckland Region,Nil,2-way,Sealed,0,0,0,0,30,0,On,0,0,,76,Auckland,Nil,0,0,0,0,0,0,Urban,0,0,0,Fine,Null
1760716.8108,5923225.0294,863963,,509400,0,0,0,1,0,Null,2025/2026,DERBY STREET,ALBERT ROAD,,Non-Injury Crash,No,2025,0,South,0,0,1,Flat,0,Labour Weekend,0,,0,Overcast,333200,0,0,0,2,0,0,0,0,0,,0,0,Auckland Region,Nil,2-way,Sealed,0,0,0,0,50,0,Off,0,0,,76,Auckland,Give way,0,0,0,1,0,0,Urban,0,0,0,Fine,Null
1756892.4546,5926340.1656,863970,,509702,0,0,0,1,0,North,2023/2024,NORTHERN MOTORWAY,ESMONDE ROAD ON RAMP,,Non-Injury Crash,Yes,2024,0,North,0,0,0,Flat,1,,0,,0,Overcast,364602,0,0,0,4,0,0,0,0,0,,0,0,Auckland Region,Nil,1-way,Sealed,0,0,0,0,100,0,Off,1,0,,76,Auckland,Nil,0,0,0,0,0,0,Open,0,0,0,Fine,Null
1752592.8679,5912413.8064,863971,,518901,0,,0,1,,Null,2024/2025,BOUNDARY ROAD,WHITE SWAN ROAD,,Non-Injury Crash,No,2024,,South,,0,,Null,,,,,,Dark,586600,0,0,0,2,,,0,,,,,,Auckland Region,Nil,2-way,Sealed,,0,0,,50,,On,0,0,,76,Auckland,Traffic Signals,,,,,0,1,Urban,0,,,Heavy rain,Null
1769770.7217,5907354.9362,863979,,523713,0,0,0,2,0,Null,2024/2025,ORMISTON ROAD,CHAPEL ROAD,,Non-Injury Crash,No,2024,0,East,0,0,0,Flat,0,,0,,0,Dark,712401,0,0,0,2,0,0,0,0,0,,0,1,Auckland Region,Nil,1-way,Sealed,0,0,0,0,50,0,On,0,0,30,76,Auckland,Give way,0,0,0,0,0,0,Urban,0,0,0,Fine,Null
1768642.8447,5902611.1725,863982,,524901,0,0,0,2,0,Null,2024/2025,ORAMS ROAD,LYNMORE DRIVE,,Minor Crash,No,2024,0,East,0,0,0,Flat,0,,0,,0,Dark,754500,1,0,0,2,0,0,0,0,1,,0,0,Auckland Region,Nil,2-way,Sealed,0,0,0,0,50,0,Off,1,0,,76,Auckland,Give way,0,0,0,0,0,0,Urban,0,0,0,Fine,Frost
1750127.0815,5916286.0759,863987,,514801,0,,0,0,,Null,2024/2025,AVONDALE ROAD,ROSEBANK ROAD,,Non-Injury Crash,No,2024,,East,,0,,Null,,,,,,Overcast,389102,0,0,0,2,,,0,,,,,,Auckland Region,Nil,2-way,Sealed,,0,0,,50,,Null,2,0,,76,Auckland,Traffic Signals,,,,,0,0,Urban,0,,,Fine,Null
1751524.0708,5930793.92,863991,,509100,0,,0,0,,South,2024/2025,KYLE ROAD,SCHNAPPER ROCK ROAD,,Non-Injury Crash,No,2024,,South,,0,,Null,,,,,,Unknown,180904,0,0,0,2,,,0,,,,,,Auckland Region,Nil,2-way,Sealed,,0,0,,50,,Null,1,0,,76,Auckland,Nil,,,,,0,0,Urban,1,,,Fine,Null
1746995.6713,5915130.0563,863992,,511800,0,,0,0,,Null,2022/2023,GREAT NORTH ROAD,HEPBURN ROAD,,Non-Injury Crash,No,2023,,West,,0,,Hill Road,,,,,,Dark,277902,0,0,0,4,,,0,,,,,,Auckland Region,Nil,2-way,Sealed,,0,0,,50,,On,0,0,,76,Auckland,Traffic Signals,,,,,1,0,Urban,1,,,Fine,Null
1764284.2975,5909654.2968,863994,,521901,0,0,0,2,0,North,2022/2023,ATKINSON AVENUE,HIGH STREET,,Non-Injury Crash,No,2023,0,South,0,0,0,Flat,0,,0,,0,Bright sun,784100,0,0,0,4,0,0,0,0,1,,0,0,Auckland Region,Nil,2-way,Sealed,0,0,0,0,50,0,Off,0,0,,76,Auckland,Nil,0,0,0,0,1,0,Urban,0,0,0,Fine,Null
1754906.9948,5914286.5976,864002,,518803,0,,0,2,,South,2023/2024,MAY ROAD,GIFFORD AVENUE,,Minor Crash,No,2023,,South,,0,,Flat,,,,,,Dark,580000,4,0,0,2,,,0,,,,,,Auckland Region,Nil,2-way,Sealed,,0,0,,50,,On,0,0,,76,Auckland,Nil,,,,,0,0,Urban,0,,,Fine,Null
1756676.21,5919463.4631,864006,,514200,0,,0,2,,West,2022/2023,KARANGAHAPE ROAD,EAST STREET,,Non-Injury Crash,No,2023,,West,,0,,Flat,,,,,,Overcast,412000,0,0,0,4,,,0,,,,,,Auckland Region,Nil,2-way,Sealed,,0,0,,30,,Off,0,0,,76,Auckland,Nil,,,,,0,0,Urban,0,,,Light rain,Null
1756345.6421,5927126.4659,864011,,507900,0,,0,2,,Null,2023/2024,NORTHCOTE ROAD OFF RAMP,NORTHCOTE ROAD,,Non-Injury Crash,No,2024,,West,,0,,Flat,,,,,,Bright sun,303501,0,0,0,1,,,0,,,,,,Auckland Region,Motorway ramp,1-way,Sealed,,0,0,,50,,Off,0,0,,76,Auckland,Nil,,,,,0,0,Urban,0,,,Fine,Null
1768938.6685,5900814.5888,864022,,525002,0,,0,2,,Null,2023/2024,GREAT SOUTH ROAD,ALFRISTON ROAD,,Minor Crash,No,2024,,North,,0,,Flat,,,,,,Bright sun,752802,1,0,0,5,,,0,,,,,,Auckland Region,Nil,2-way,Sealed,,0,0,,50,,Off,0,0,,76,Auckland,Nil,,,,,0,0,Urban,0,,,Fine,Null
1768551.1812,5904500.2436,864023,45,523820,0,,0,2,,East,2024/2025,REDOUBT ROAD,BIRCHLEA RISE,,Non-Injury Crash,No,2024,,East,,0,,Flat,,,,,,Bright sun,759901,0,0,0,2,,,0,,,,,,Auckland Region,Nil,2-way,Sealed,,0,0,,50,,Off,0,0,,76,Auckland,Nil,,,,,0,0,Urban,0,,,Fine,None
1770372.1534,5889652.7076,864027,,521202,0,,0,1,,Null,2024/2025,KARAKA ROAD,WOODLYN DRIVE,,Minor Crash,Yes,2025,,East,,0,,Flat,,,,,,Dark,807100,2,0,0,2,,,0,,,,,,Auckland Region,Nil,2-way,Sealed,,0,0,,80,,On,1,0,,76,Auckland,Give way,,,,,0,0,Open,0,,,Fine,Null
1756600.8893,5920622.5166,864034,,514102,0,,0,2,,North,2023/2024,HALSEY STREET,VICTORIA STREET WEST,,Non-Injury Crash,No,2023,,South,,0,,Flat,,,,,,Bright sun,432601,0,0,0,4,,,0,,,,,,Auckland Region,Nil,2-way,Sealed,,0,0,,30,,Off,0,0,,76,Auckland,Nil,,,,,0,0,Urban,0,,,Fine,Null
1757344.7907,5920202.0506,864035,,514103,0,0,2,0,0,East,2024/2025,WELLESLEY STREET EAST,QUEEN STREET,,Minor Crash,No,2024,0,West,0,0,0,Flat,0,,0,,0,Twilight,437101,1,0,0,2,0,0,0,0,0,,0,0,Auckland Region,Nil,2-way,Sealed,0,0,0,0,30,0,On,0,0,,76,Auckland,Nil,0,0,0,0,0,0,Urban,0,1,0,Fine,Null
1755922.7422,5917819.5061,864036,,517500,0,0,0,2,0,Null,2024/2025,ONSLOW ROAD,KOWHAI STREET,,Minor Crash,No,2025,0,North,0,0,0,Flat,0,,0,,0,Bright sun,531200,1,0,0,2,0,0,0,0,1,,0,0,Auckland Region,Nil,2-way,Sealed,0,0,0,0,50,0,Off,0,0,,76,Auckland,Nil,0,0,0,0,0,0,Urban,1,0,0,Fine,Null
1755757.5218,5911939.362,864038,,519002,0,0,0,1,0,Null,2023/2024,RICHARDSON ROAD,OAKDALE ROAD,,Non-Injury Crash,No,2024,0,West,0,0,0,Flat,0,,0,,0,Dark,591302,0,0,0,2,0,0,1,0,1,,0,0,Auckland Region,Nil,2-way,Sealed,0,0,0,0,50,0,On,0,0,,76,Auckland,Stop,0,0,0,0,0,0,Urban,0,0,0,Fine,Null
1753682.1083,5924192.6946,864044,,510402,0,0,0,1,0,South,2024/2025,HUKA ROAD,MOKOIA ROAD,,Non-Injury Crash,No,2024,0,North,0,0,0,Null,0,,0,,0,Overcast,351100,0,0,0,2,0,0,0,0,1,,0,0,Auckland Region,Nil,2-way,Sealed,0,0,0,0,50,0,Null,0,0,,76,Auckland,Nil,0,0,0,0,1,0,Urban,0,0,0,Light rain,Null
1768187.7656,5911770.1943,864052,,522910,0,,0,1,,West,2024/2025,TI RAKAU DRIVE,TRUGOOD DRIVE,,Minor Crash,No,2024,,East,,0,,Flat,,,,,,Bright sun,687802,1,0,0,4,,,0,,,,,,Auckland Region,Bridge,2-way,Sealed,,0,0,,50,,Off,1,0,30,76,Auckland,Nil,,,,,0,0,Urban,0,,,Fine,Null
1763061.0749,5907928.2012,864055,,524530,0,,0,2,,South,2024/2025,MASSEY ROAD,VINE STREET,,Non-Injury Crash,No,2024,,South,,0,,Null,,,,,,Unknown,733300,0,0,0,2,,,0,,,,,,Auckland Region,Nil,2-way,Null,,0,0,,50,,Null,0,0,,76,Auckland,Nil,,,,,0,0,Urban,0,,,Null,Null
1755022.9395,5913760.6638,864056,,518803,0,,0,1,,Null,2024/2025,DOMINION ROAD,DENBIGH AVENUE,,Non-Injury Crash,No,2024,,South,,0,,Null,,,,,,Unknown,580600,0,0,0,2,,,0,,,,,,Auckland Region,Nil,2-way,Null,,0,0,,50,,Null,0,0,,76,Auckland,Give way,,,,,0,1,Urban,0,,,Null,Null
1757532.1264,5918564.8346,864058,,514302,0,,0,3,,North,2023/2024,SOUTHERN MOTORWAY,BOSTON OBR,,Non-Injury Crash,Yes,2023,,North,,0,,Flat,,,,,,Overcast,442100,0,0,0,4,,,0,,,,,,Auckland Region,Nil,1-way,Sealed,,0,0,,80,,Off,0,0,,76,Auckland,Nil,,,,,0,0,Open,1,,,Fine,Null
1762281.8243,5913472.4066,864059,,520500,0,,0,2,,South,2024/2025,SOUTHERN MOTORWAY,PENROSE OBR,,Non-Injury Crash,Yes,2025,,North,,0,,Null,,,,,,Unknown,637100,0,0,0,0,,,0,,,,,,Auckland Region,Nil,Null,Null,,0,0,,,,Null,0,0,,76,Auckland,Nil,,,,,0,0,Urban,0,,,Null,Null
1755847.8233,5919539.256,864071,,514000,0,,0,1,,Null,2024/2025,PONSONBY ROAD,POLLEN STREET,,Non-Injury Crash,No,2024,,East,,0,,Flat,,,,,,Dark,414500,0,0,0,4,,,0,,,,,,Auckland Region,Nil,2-way,Sealed,,0,0,,40,,On,1,0,,76,Auckland,Nil,,,,,0,0,Urban,0,,,Fine,Null
1755318.8324,5921882.3934,864075,,515202,0,,0,1,,South,2024/2025,NORTHERN MOTORWAY,CURRAN STREET ON RAMP,,Non-Injury Crash,Yes,2025,,North,,0,,Hill Road,,,,,,Bright sun,423600,0,0,0,4,,,0,,,,,,Auckland Region,Motorway ramp,1-way,Sealed,,0,0,,80,,Off,0,0,,76,Auckland,Nil,,,,,0,0,Open,1,,,Fine,Null
1733704.9717,5929980.0085,864095,,505605,0,0,0,0,0,Null,2025/2026,SH 16,WINTOUR ROAD,,Minor Crash,Yes,2025,0,West,0,0,1,Flat,0,,0,,0,Overcast,216105,1,0,0,2,0,0,0,0,0,,0,0,Auckland Region,Nil,2-way,Sealed,0,0,0,0,60,0,Off,0,0,,76,Auckland,Give way,0,0,0,0,1,0,Urban,1,0,0,Light rain,Null
1753662.9824,5929295.3403,864098,,508420,0,,0,2,,Null,2023/2024,GLENFIELD ROAD,WAIRAU ROAD,,Non-Injury Crash,No,2023,,South,,0,,Flat,,,,,,Dark,183201,0,0,0,3,,,0,,,,,,Auckland Region,Nil,2-way,Sealed,,0,0,,50,,On,0,0,,76,Auckland,Traffic Signals,,,,,0,0,Urban,0,,,Fine,None
1754999.0557,5927836.8857,864099,,508620,0,,0,1,,Null,2024/2025,ARCHERS ROAD,SUNNYBRAE ROAD,,Non-Injury Crash,No,2024,,West,,0,,Null,,,,,,Unknown,202600,0,0,0,2,,,0,,,,,,Auckland Region,Nil,2-way,Sealed,,0,0,,50,,Null,0,0,,76,Auckland,Give way,,,,,1,0,Urban,0,,,Null,Null