X,Y,OBJECTID,advisorySpeed,areaUnitID,bicycle,bridge,bus,carStationWagon,cliffBank,crashDirectionDescription,crashFinancialYear,crashLocation1,crashLocation2,crashRoadSideRoad,crashSeverity,crashSHDescription,crashYear,debris,directionRoleDescription,ditch,fatalCount,fence,flatHill,guardRail,holiday,houseOrBuilding,intersection,kerb,light,meshblockId,minorInjuryCount,moped,motorcycle,NumberOfLanes,objectThrownOrDropped,otherObject,otherVehicleType,overBank,parkedVehicle,pedestrian,phoneBoxEtc,postOrPole,region,roadCharacter,roadLane,roadSurface,roadworks,schoolBus,seriousInjuryCount,slipOrFlood,speedLimit,strayAnimal,streetLight,suv,taxi,temporarySpeedLimit,tlaId,tlaName,trafficControl,trafficIsland,trafficSign,train,tree,truck,unknownVehicleType,urban,vanOrUtility,vehicle,waterRiver,weatherA,weatherB
1734453.6031,5936123.237,864103,,506653,0,0,0,1,0,East,2024/2025,PEAK ROAD,OLD NORTH ROAD,,Non-Injury Crash,No,2024,0,South,0,0,0,Flat,0,,0,,0,Overcast,217703,0,0,0,2,0,0,0,1,0,,0,0,Auckland Region,Nil,2-way,Sealed,0,0,0,0,80,0,None,0,0,,76,Auckland,Nil,0,0,0,0,0,0,Open,0,0,0,Fine,Null
1763855.8652,5912610.2107,864114,,520500,0,,0,2,,Null,2023/2024,MOUNT WELLINGTON HWY OFF RAMP,MOUNT WELLINGTON HIGHWAY,,Non-Injury Crash,No,2023,,East,,0,,Hill Road,,,,,,Dark,637400,0,0,0,2,,,0,,,,,,Auckland Region,Motorway ramp,1-way,Sealed,,0,0,,50,,On,0,0,,76,Auckland,Traffic Signals,,,,,0,0,Urban,0,,,Fine,Null
1746927.2766,5919007.7402,864120,,512402,0,,0,1,,South,2024/2025,TE ATATU ROAD,VERA ROAD,,Non-Injury Crash,No,2024,,North,,0,,Flat,,,,,,Overcast,254500,0,0,0,4,,,0,,,,,,Auckland Region,Nil,2-way,Sealed,,0,0,,50,,Off,1,0,,76,Auckland,Nil,,,,,0,0,Urban,0,,,Light rain,Null
1757205.0856,5912492.9153,864122,,518702,0,,0,3,,South,2024/2025,SOUTH-WESTERN MOTORWAY,HILLSBOROUGH ROAD ON RAMP,,Non-Injury Crash,Yes,2024,,South,,0,,Hill Road,,,,,,Dark,570300,0,0,0,3,,,0,,,,,,Auckland Region,Nil,1-way,Sealed,,0,0,,100,,On,0,0,,76,Auckland,Nil,,,,,0,0,Open,0,,,Fine,Null
1747199.761,5920007.4071,864124,,512300,0,,0,1,,North,2024/2025,TE ATATU ROAD,TE ATATU ROAD ON RAMP,,Non-Injury Crash,No,2024,,North,,0,,Null,,,,,,Unknown,252000,0,0,0,4,,,0,,,,,,Auckland Region,Nil,2-way,Null,,0,0,,50,,Null,0,0,,76,Auckland,Nil,,,,,0,0,Urban,0,,,Null,Null
1752619.2494,5944340.7927,864126,,506003,0,,0,2,,Null,2024/2025,DUCK CREEK ROAD,MESSENGER ROAD,,Minor Crash,No,2024,,North,,0,,Flat,,,,,,Overcast,175806,1,0,0,2,,,0,,,,,,Auckland Region,Nil,2-way,Sealed,,0,0,,80,,Off,0,0,30,76,Auckland,Give way,,,,,0,0,Open,0,,,Fine,Null
1774900.6542,5896859.4372,864128,45,525610,0,0,0,2,0,Null,2023/2024,DOMINION ROAD,PRESIDENT AVENUE,,Non-Injury Crash,No,2024,0,South,0,0,0,Flat,0,Queens Birthday,0,,0,Bright sun,799106,0,0,0,2,0,0,0,0,1,,0,0,Auckland Region,Nil,2-way,Sealed,0,0,0,0,50,0,None,0,0,,76,Auckland,Nil,0,0,0,0,0,0,Urban,0,0,0,Fine,Null
1751631.3402,5913084.5171,864134,,514600,0,0,0,1,0,South,2023/2024,BLOCKHOUSE BAY ROAD,PUKETEA STREET,,Minor Crash,No,2024,0,North,0,0,0,Hill Road,0,,0,,0,Bright sun,372900,1,0,0,2,0,0,0,0,1,,0,0,Auckland Region,Nil,2-way,Sealed,0,0,0,0,50,0,Off,0,0,,76,Auckland,Nil,0,0,0,1,1,0,Urban,0,0,0,Fine,Null
1756005.6974,5923121.1892,864135,,509800,0,,0,0,,South,2024/2025,NORTHERN MOTORWAY,HARBOUR BR N,,Non-Injury Crash,Yes,2025,,North,,0,,Flat,,,,,,Twilight,359300,0,0,0,2,,,0,,,,,,Auckland Region,Bridge,1-way,Sealed,,0,0,,80,,On,1,0,,76,Auckland,Nil,,,,,0,0,Open,1,,,Fine,Null
1743979.9609,5924029.2442,864138,,513511,0,,0,3,,North,2023/2024,HOBSONVILLE ROAD,HOBSONVILLE ROAD OFF RAMP,,Minor Crash,No,2024,,South,,0,,Flat,,,,,,Bright sun,224306,1,0,0,2,,,0,,,,,,Auckland Region,Motorway ramp,1-way,Sealed,,0,0,,50,,Off,0,0,,76,Auckland,Nil,,,,,0,0,Urban,0,,,Fine,Null
1772996.9909,5891027.322,864148,,521301,0,,0,1,,Null,2022/2023,SOUTHERN MOTORWAY,GREAT SOUTH ROAD OFF RAMP,,Non-Injury Crash,Yes,2023,,North,,0,,Flat,,,,,,Twilight,809200,0,0,0,2,,,0,,,,,,Auckland Region,Nil,1-way,Sealed,,0,0,,100,,Off,0,0,,76,Auckland,Nil,,,,,0,0,Open,1,,,Fine,Null
1760191.3892,5915898.4724,864158,,516003,0,,0,2,,North,2022/2023,SOUTHERN MOTORWAY,GREEN LANE EAST OFF RAMP,,Non-Injury Crash,Yes,2023,,North,,0,,Hill Road,,,,,,Overcast,494902,0,0,0,3,,,0,,,,,,Auckland Region,Nil,1-way,Sealed,,0,0,,100,,Off,0,0,,76,Auckland,Nil,,,,,0,0,Open,0,,,Fine,Null
1780020.9652,5903162.7076,864159,,525201,0,0,0,2,0,West,2024/2025,WEST ROAD,PAPAKURA-CLEVEDON ROAD,,Minor Crash,No,2025,0,East,0,0,0,Flat,0,,0,,0,Twilight,763201,3,0,0,2,0,0,0,0,0,,0,0,Auckland Region,Nil,2-way,Sealed,0,0,0,0,80,0,Off,0,0,,76,Auckland,Nil,0,0,0,0,0,0,Open,0,1,0,Fine,Null
1772348.0134,5907548.194,864160,,523713,0,0,0,1,0,Null,2023/2024,TERRASINI DRIVE,JEFFS ROAD,,Minor Crash,No,2024,0,North,0,0,0,Flat,0,,0,,0,Dark,712500,1,1,0,2,0,0,0,0,1,,0,0,Auckland Region,Nil,2-way,Sealed,0,0,0,0,50,0,On,0,0,,76,Auckland,Give way,0,0,0,0,0,0,Urban,0,0,0,Fine,Null
1745061.2166,5915566.7796,864167,,510800,0,,0,2,,North,2024/2025,BRUCE MCLAREN ROAD,HEREMAI STREET,,Non-Injury Crash,No,2024,,South,,0,,Hill Road,,,,,,Dark,242502,0,0,0,2,,,0,,,,,,Auckland Region,Nil,2-way,Sealed,,0,0,,50,,On,0,0,,76,Auckland,Nil,,,,,0,0,Urban,0,,,Fine,Null
1765747.6951,5900820.0708,864174,,524821,0,,0,0,,Null,2024/2025,FROBISHER WAY,MONCRIEFF AVENUE,,Minor Crash,No,2024,,North,,0,,Flat,,,,,,Bright sun,774405,1,0,1,2,,,0,,,,,,Auckland Region,Nil,2-way,Sealed,,0,0,,50,,Off,1,0,,76,Auckland,Give way,,,,,0,0,Urban,0,,,Fine,Null
1773117.6224,5890540.9139,864182,,521301,0,0,0,0,0,South,2022/2023,GREAT SOUTH ROAD,PITT ROAD,,Non-Injury Crash,No,2023,0,North,0,0,0,Flat,0,,0,,0,Dark,809200,0,0,0,2,0,1,0,0,0,,0,0,Auckland Region,Nil,2-way,Sealed,0,0,0,0,80,0,None,0,0,,76,Auckland,Nil,0,0,0,0,0,0,Open,1,0,0,Light rain,Null
1752767.0061,5934058.6797,864184,,508701,0,,0,2,,South,2023/2024,CIVIC CRESCENT,CIVIC CRESCENT,,Non-Injury Crash,No,2024,,South,,0,,Flat,,,,,,Dark,178900,0,0,0,1,,,0,,,,,,Auckland Region,Nil,1-way,Sealed,,0,0,,50,,On,0,0,,76,Auckland,Give way,,,,,0,0,Urban,0,,,Light rain,Null
1747561.4037,5914645.3057,864188,,511100,0,,0,1,,South,2023/2024,GREAT NORTH ROAD,GLENVIEW ROAD,,Non-Injury Crash,No,2024,,North,,0,,Flat,,,,,,Bright sun,285202,0,0,0,4,,,0,,,,,,Auckland Region,Nil,2-way,Sealed,,0,0,,50,,Off,0,0,,76,Auckland,Nil,,,,,0,0,Urban,1,,,Fine,Null
1768585.8482,5881139.3211,864195,,525921,0,,0,1,,Null,2024/2025,TOBIN STREET,WEST STREET,,Minor Crash,No,2025,,South,,0,,Null,,,,,,Overcast,821500,1,0,0,2,,,0,,,,,,Auckland Region,Nil,2-way,Sealed,,0,0,,50,,Null,0,0,,76,Auckland,Give way,,,,,0,1,Urban,0,,,Light rain,Null
1758182.3235,5915931.7186,864199,,519300,0,,0,2,,Null,2025/2026,MANUKAU ROAD,CAMPBELL CRESCENT,,Non-Injury Crash,No,2025,,North,,0,,Flat,,,,,,Bright sun,622900,0,0,0,4,,,0,,,,,,Auckland Region,Nil,2-way,Sealed,,0,0,,50,,Off,0,0,,76,Auckland,Give way,,,,,0,0,Urban,0,,,Fine,Null
1757726.8308,5918270.7102,864206,,514302,0,,0,1,,North,2023/2024,SOUTHERN MOTORWAY,MOUNTAIN OBR,,Non-Injury Crash,Yes,2024,,South,,0,,Flat,,,,,,Bright sun,442100,0,0,0,5,,,0,,,,,,Auckland Region,Motorway ramp,1-way,Sealed,,0,0,,80,,Off,1,0,,76,Auckland,Nil,,,,,0,0,Open,0,,,Fine,Null
1763344.3038,5909398.5105,864207,,521901,0,,0,2,,North,2024/2025,WALMSLEY ROAD,MARJORIE JAYNE CRESCENT,,Non-Injury Crash,No,2024,,North,,0,,Flat,,,,,,Bright sun,783000,0,0,0,4,,,0,,,,,,Auckland Region,Nil,2-way,Sealed,,0,0,,50,,Off,0,0,,76,Auckland,Nil,,,,,0,0,Urban,0,,,Fine,Null
1756117.055,5923830.4946,864211,,509800,0,,0,1,,South,2024/2025,NORTHERN MOTORWAY,WEIGH BRIDGE,,Non-Injury Crash,Yes,2024,,South,,0,,Flat,,Christmas New Year,,,,Bright sun,358800,0,0,0,5,,,0,,,,,,Auckland Region,Nil,1-way,Sealed,,0,0,,80,,Off,0,0,,76,Auckland,Nil,,,,,0,0,Open,1,,,Fine,Null
1761877.7821,5919965.6864,864215,,516400,0,0,0,2,0,South,2024/2025,WATENE CRESCENT,TAMAKI DRIVE,,Non-Injury Crash,No,2024,0,North,0,0,0,Flat,0,,0,,0,Bright sun,498900,0,0,0,2,0,0,0,0,2,,0,0,Auckland Region,Nil,2-way,Sealed,0,0,0,0,50,0,Off,2,0,,76,Auckland,Nil,0,0,0,0,0,0,Urban,0,0,0,Fine,Null
1751798.2266,5952386.2635,864216,,505804,0,0,0,0,0,South,2023/2024,HIBISCUS COAST HIGHWAY,HATFIELDS BR,,Minor Crash,No,2024,0,South,0,0,0,Flat,0,,0,,0,Bright sun,170806,1,0,0,2,0,1,0,0,0,,0,0,Auckland Region,Bridge,2-way,Unsealed,0,0,0,0,60,0,None,0,0,,76,Auckland,Nil,0,0,0,1,0,0,Urban,1,0,0,Fine,Null
1770852.5034,5894276.7411,864218,,521201,0,0,0,1,0,North,2022/2023,BAYVISTA DRIVE,ALLIUM AVENUE,,Non-Injury Crash,No,2023,0,South,0,0,0,Flat,0,,0,,0,Dark,806700,0,0,0,2,0,0,0,0,1,,0,0,Auckland Region,Nil,2-way,Sealed,0,0,0,0,50,0,On,1,0,,76,Auckland,Nil,0,0,0,0,0,0,Urban,0,0,0,Fine,Null
1769206.3861,5907060.0538,864219,,523711,0,0,0,1,0,South,2024/2025,TE IRIRANGI DRIVE,FLORENCE CARTER AVENUE,,Non-Injury Crash,No,2024,0,North,0,0,0,Flat,0,,0,,0,Overcast,712801,0,0,0,2,0,0,0,0,0,,0,0,Auckland Region,Nil,1-way,Sealed,0,0,0,0,60,0,On,0,0,,76,Auckland,Nil,0,0,0,1,0,0,Urban,0,0,0,Fine,Null
1755278.0533,5932013.9006,864224,,508805,0,,0,3,,Null,2022/2023,EAST COAST ROAD,CONSTELLATION DRIVE,,Non-Injury Crash,No,2023,,North,,0,,Flat,,,,,,Dark,151104,0,0,0,4,,,0,,,,,,Auckland Region,Nil,2-way,Sealed,,0,0,,50,,On,0,0,,76,Auckland,Traffic Signals,,,,,0,0,Urban,0,,,Light rain,Null
1754751.3513,5913652.9159,864227,,518803,0,,0,1,,West,2024/2025,SOUTH-WESTERN MOTORWAY,DOMINION OBR,,Non-Injury Crash,Yes,2025,,West,,0,,Flat,,,,,,Dark,581700,0,0,0,3,,,0,,,,,,Auckland Region,Nil,1-way,Sealed,,0,0,,80,,On,1,0,,76,Auckland,Nil,,,,,0,0,Open,0,,,Fine,Null
1763116.8018,5919208.5741,864228,,516500,0,,0,2,,Null,2024/2025,GODDEN CRESCENT,PATTESON AVENUE,,Serious Crash,No,2024,,West,,0,,Hill Road,,Labour Weekend,,,,Dark,502100,0,0,0,2,,,0,,,,,,Auckland Region,Nil,2-way,Sealed,,0,1,,50,,On,0,0,,76,Auckland,Stop,,,,,0,0,Urban,0,,,Fine,Null
1745434.2242,5920825.6509,864231,,513301,0,,0,1,,Null,2024/2025,LINCOLN ROAD OFF RAMP,LINCOLN ROAD,,Non-Injury Crash,No,2025,,South,,0,,Null,,,,,,Twilight,230200,0,0,0,3,,,0,,,,,,Auckland Region,Nil,1-way,Sealed,,0,0,,50,,On,0,0,,76,Auckland,Traffic Signals,,,,,1,0,Urban,0,,,Light rain,Null
1758951.7908,5904039.437,864238,,524200,0,,0,2,,Null,2023/2024,GEORGE BOLT MEMORIAL DRIVE,JOSEPH HAMMOND ROAD,,Minor Crash,No,2023,,North,,0,,Flat,,,,,,Overcast,727100,3,0,0,4,,,0,,,,,,Auckland Region,Nil,2-way,Sealed,,0,0,,50,,Off,0,0,,76,Auckland,Traffic Signals,,,,,0,0,Urban,0,,,Fine,Null
1768862.7965,5899552.9764,864239,,525101,0,,0,2,,Null,2023/2024,MAHIA ROAD,TAWA CRESCENT,,Non-Injury Crash,No,2024,,West,,0,,Hill Road,,,,,,Overcast,770200,0,0,0,2,,,0,,,,,,Auckland Region,Nil,2-way,Sealed,,0,0,,50,,Null,0,0,,76,Auckland,Stop,,,,,0,0,Urban,0,,,Fine,Null
1774524.5227,5903208.7009,864242,,525201,0,0,0,1,0,East,2022/2023,BROOKBY ROAD,RICHARDSON ROAD,,Non-Injury Crash,No,2023,0,East,1,0,0,Flat,0,,0,,0,Bright sun,762301,0,0,0,2,0,0,0,0,0,,0,0,Auckland Region,Nil,2-way,Sealed,0,0,0,0,80,0,Off,0,0,,76,Auckland,Nil,0,0,0,0,0,0,Open,0,0,0,Fine,Null
1745332.518,5920253.503,864243,,513301,1,,0,1,,South,2024/2025,LINCOLN ROAD,CENTRAL PARK DRIVE,,Serious Crash,No,2024,,South,,0,,Flat,,,,,,Bright sun,230302,0,0,0,4,,,0,,,,,,Auckland Region,Nil,2-way,Sealed,,0,1,,50,,Off,0,0,,76,Auckland,Nil,,,,,0,0,Urban,0,,,Fine,Null
1745171.2365,5919764.3175,864244,,513301,0,,0,0,,West,2023/2024,UNIVERSAL DRIVE,LINCOLN ROAD,,Minor Crash,No,2023,,East,,0,,Flat,,Labour Weekend,,,,Overcast,232001,2,0,0,4,,,0,,,,,,Auckland Region,Nil,2-way,Sealed,,0,0,,50,,Off,1,0,,76,Auckland,Isolated Pedestrian signal (non-intersection),,,,,0,0,Urban,1,,,Light rain,Null
1751566.0171,5915170.3448,864248,,514401,0,,0,2,,South,2022/2023,BLOCKHOUSE BAY ROAD,NEW NORTH ROAD,,Non-Injury Crash,No,2023,,South,,0,,Hill Road,,,,,,Overcast,382902,0,0,0,2,,,0,,,,,,Auckland Region,Nil,2-way,Sealed,,0,0,,50,,Off,0,0,,76,Auckland,Nil,,,,,0,0,Urban,0,,,Light rain,Null
1768634.9202,5881076.0375,864250,,525921,0,,0,2,,South,2023/2024,WESLEY STREET,WEST STREET,,Non-Injury Crash,No,2023,,South,,0,,Flat,,,,,,Bright sun,821600,0,0,0,2,,,0,,,,,,Auckland Region,Nil,2-way,Sealed,,0,0,,50,,Off,0,0,,76,Auckland,Nil,,,,,0,0,Urban,0,,,Fine,Null
1769223.7004,5912692.2881,864260,,522723,0,0,0,1,0,Null,2024/2025,BEN LOMOND CRESCENT,RYLOCK PLACE,,Minor Crash,No,2025,0,West,0,0,0,Flat,0,,0,,0,Dark,682900,1,0,0,2,0,1,0,0,0,,0,0,Auckland Region,Nil,2-way,Sealed,0,0,0,0,50,0,On,0,0,,76,Auckland,Give way,0,0,0,0,0,0,Urban,0,0,0,Fine,Null
1770274.8995,5906376.0814,864266,,523713,0,,0,2,,Null,2022/2023,FLAT BUSH SCHOOL ROAD,HIKUAWA ROAD,,Non-Injury Crash,No,2023,,East,,0,,Flat,,,,,,Bright sun,713100,0,0,0,2,,,0,,,,,,Auckland Region,Nil,2-way,Sealed,,0,0,,50,,On,0,0,,76,Auckland,Give way,,,,,0,0,Urban,0,,,Fine,Null
1766857.083,5906913.9896,864267,,522302,0,,0,1,,East,2025/2026,SOUTHERN MOTORWAY,EAST TAMAKI OBR,,Non-Injury Crash,Yes,2026,,North,,0,,Flat,,,,,,Bright sun,668000,0,0,0,3,,,0,,,,,,Auckland Region,Nil,1-way,Sealed,,0,0,,100,,Off,0,0,,76,Auckland,Nil,,,,,1,0,Open,0,,,Fine,Null
1767406.2064,5905964.4046,864268,,522302,0,,0,1,,North,2023/2024,SOUTHERN MOTORWAY,REAGAN OBR,,Non-Injury Crash,Yes,2024,,North,,0,,Flat,,,,,,Dark,670901,0,0,0,3,,,0,,,,,,Auckland Region,Nil,1-way,Sealed,,0,0,,100,,On,1,0,,76,Auckland,Nil,,,,,0,0,Open,0,,,Light rain,Null
1765658.4987,5920151.4057,864270,,516700,0,0,1,2,0,Null,2023/2024,TAMAKI DRIVE,TURUA STREET,,Non-Injury Crash,No,2023,0,East,0,0,0,Flat,0,,0,,0,Overcast,509300,0,0,0,2,0,0,0,0,1,,0,0,Auckland Region,Nil,2-way,Sealed,0,0,0,0,50,0,Off,0,0,,76,Auckland,Stop,0,0,0,0,0,0,Urban,0,0,0,Fine,Null
1763675.4821,5905328.145,864272,,524303,0,,0,1,,Null,2023/2024,FERNDOWN AVENUE,HILLCREST ROAD,,Non-Injury Crash,No,2023,,North,,0,,Hill Road,,,,,,Bright sun,746320,0,0,0,2,,,0,,,,,,Auckland Region,Nil,2-way,Sealed,,0,0,,50,,Off,0,0,,76,Auckland,Give way,,,,,0,0,Urban,0,,,Fine,None
1765086.1288,5902847.6777,864276,,524604,0,,0,1,,Null,2023/2024,WIRI STATION ROAD,ROSCOMMON ROAD,,Non-Injury Crash,No,2023,,West,,0,,Flat,,,,,,Dark,781302,0,0,0,2,,,0,,,,,,Auckland Region,Nil,1-way,Sealed,,0,0,,50,,On,0,0,,76,Auckland,Traffic Signals,,,,,0,0,Urban,0,,,Fine,None
1769249.5832,5908840.7358,864278,,523113,0,,0,2,,Null,2022/2023,ACCENT DRIVE,EAST TAMAKI ROAD,,Non-Injury Crash,No,2023,,North,,0,,Hill Road,,,,,,Unknown,711902,0,0,0,5,,,0,,,,,,Auckland Region,Nil,2-way,Sealed,,0,0,,60,,Null,0,0,,76,Auckland,Traffic Signals,,,,,0,0,Urban,0,,,Null,Null
1761076.3276,5914355.7003,864294,,520202,0,,0,1,,Null,2025/2026,GREAT SOUTH ROAD,ELLERSLIE-PANMURE HIGHWAY,,Minor Crash,No,2026,,South,,0,,Flat,,,,,,Overcast,612300,1,0,0,2,,,0,,,,,,Auckland Region,Nil,1-way,Sealed,,0,0,,50,,Off,0,0,,76,Auckland,Give way,,,,,0,0,Urban,1,,,Fine,Null
1767181.5549,5906593.2759,864295,,522302,0,,0,2,,North,2023/2024,SOUTHERN MOTORWAY,REAGAN OBR,,Non-Injury Crash,Yes,2023,,North,,0,,Flat,,,,,,Overcast,670100,0,0,0,3,,,0,,,,,,Auckland Region,Nil,1-way,Sealed,,0,0,,100,,Off,0,0,,76,Auckland,Nil,,,,,0,0,Open,1,,,Fine,Null
1756626.6902,5919914.6146,864299,,514000,0,,0,2,,Null,2024/2025,NELSON STREET OFF RAMP,UNION STREET,,Minor Crash,No,2024,,North,,0,,Flat,,,,,,Overcast,413200,1,0,0,1,,,0,,,,,,Auckland Region,Nil,1-way,Sealed,,0,0,,30,,Off,0,0,,76,Auckland,Give way,,,,,0,0,Urban,0,,,Fine,Null
1718653.3666,5950999.4422,864301,,506642,0,0,0,1,0,South,2022/2023,SOUTH HEAD ROAD,WILSON ROAD,,Non-Injury Crash,No,2023,0,North,1,0,0,Hill Road,0,,0,,0,Dark,210201,0,0,0,2,0,0,0,0,0,,0,0,Auckland Region,Nil,2-way,Sealed,0,0,0,0,100,0,Off,0,0,,76,Auckland,Nil,0,0,0,0,0,0,Open,0,0,0,Light rain,Null
1758392.3176,5917474.3419,864303,,516001,0,,0,0,,Null,2024/2025,BROADWAY,ALPERS AVENUE,,Minor Crash,No,2024,,South,,0,,Flat,,,,,,Dark,490800,1,0,1,4,,,0,,,,,,Auckland Region,Nil,2-way,Sealed,,0,0,,50,,On,0,0,,76,Auckland,Traffic Signals,,,,,0,0,Urban,0,,,Fine,Null
1749800.2173,5918016.2546,864307,,514801,0,0,0,2,0,West,2023/2024,NORTH-WESTERN MOTORWAY,ROSEBANK ROAD OFF RAMP,,Minor Crash,Yes,2023,0,West,0,0,0,Flat,1,,0,,0,Overcast,390401,1,0,0,4,0,0,0,0,0,,0,0,Auckland Region,Motorway ramp,1-way,Sealed,0,0,0,0,100,0,Off,0,0,,76,Auckland,Nil,0,0,0,0,0,0,Open,0,0,0,Fine,Null
1757904.202,5913504.7837,864310,,518702,0,,0,2,,West,2024/2025,MOUNT ALBERT ROAD,CROWN STREET,,Non-Injury Crash,No,2025,,West,,0,,Flat,,,,,,Bright sun,567900,0,0,0,4,,,0,,,,,,Auckland Region,Nil,2-way,Sealed,,0,0,,50,,Null,0,0,,76,Auckland,Nil,,,,,0,0,Urban,0,,,Fine,Null
1767910.7168,5899240.2966,864311,,525102,0,,0,1,,Null,2023/2024,MAHIA ROAD,VOLANTE AVENUE,,Serious Crash,No,2023,,West,,0,,Flat,,,,,,Bright sun,769100,1,0,0,2,,,0,,,,,,Auckland Region,Nil,2-way,Sealed,,0,1,,50,,Off,1,0,,76,Auckland,Give way,,,,,0,0,Urban,0,,,Fine,Null
1765407.0737,5909051.858,864315,,523403,0,,0,1,,South,2023/2024,SOUTHERN MOTORWAY,HIGHBROOK DRIVE ON RAMP,,Non-Injury Crash,Yes,2023,,North,,0,,Flat,,,,,,Bright sun,700200,0,0,0,3,,,0,,,,,,Auckland Region,Nil,1-way,Sealed,,0,0,,100,,Off,2,0,,76,Auckland,Nil,,,,,0,0,Open,0,,,Fine,Null
1753961.9049,5930355.2725,864319,,508420,0,0,0,2,0,West,2022/2023,TRIAS ROAD,ATHENA DRIVE,,Non-Injury Crash,No,2023,0,East,0,0,0,Hill Road,0,,0,,0,Dark,182024,0,0,0,2,0,0,0,0,1,,0,0,Auckland Region,Nil,2-way,Sealed,0,0,0,0,50,0,On,0,0,,76,Auckland,Nil,0,0,0,0,0,0,Urban,0,0,0,Fine,Null
1754103.2172,5918306.6333,864323,,515431,0,,0,1,,East,2023/2024,NORTH-WESTERN MOTORWAY,ST LUKES ROAD OFF RAMP,,Non-Injury Crash,Yes,2023,,East,,0,,Flat,,,,,,Overcast,406300,0,0,0,3,,,0,,,,,,Auckland Region,Nil,1-way,Sealed,,0,0,,80,,Off,0,0,,76,Auckland,Nil,,,,,0,0,Open,1,,,Fine,Null
1768546.3812,5901260.3337,864326,,524901,0,,0,1,,Null,2025/2026,GREAT SOUTH ROAD,NORTHCREST WAY,,Non-Injury Crash,No,2025,,South,,0,,Flat,,,,,,Bright sun,756600,0,0,0,2,,,0,,,,,,Auckland Region,Nil,2-way,Sealed,,0,0,,50,,Off,0,0,,76,Auckland,Stop,,,,,0,0,Urban,1,,,Fine,Null
1757262.6258,5920069.0074,864331,,514103,0,,0,1,,Null,2023/2024,WAKEFIELD STREET,QUEEN STREET,,Minor Crash,No,2024,,East,,0,,Flat,,Queens Birthday,,,,Overcast,436600,1,1,0,3,,,0,,,,,,Auckland Region,Nil,2-way,Sealed,,0,0,,30,,On,0,0,,76,Auckland,Traffic Signals,,,,,0,0,Urban,0,,,Fine,Null
1759553.6269,5909871.2067,864334,,524002,0,,0,1,,North,2024/2025,SOUTH-WESTERN MOTORWAY,HASTIE FTBR,,Non-Injury Crash,Yes,2024,,North,,0,,Flat,,,,,,Overcast,722400,0,0,0,3,,,0,,,,,,Auckland Region,Nil,1-way,Sealed,,0,0,,100,,Off,0,0,,76,Auckland,Nil,,,,,1,0,Open,1,,,Fine,Null
1749387.9037,5914718.8806,864343,,511301,0,0,0,1,0,Null,2023/2024,QUEEN MARY AVENUE,DURRANT PLACE,,Non-Injury Crash,No,2024,0,South,0,0,0,Flat,0,,0,,0,Bright sun,267300,0,0,0,2,0,0,0,0,1,,0,0,Auckland Region,Nil,2-way,Sealed,0,0,0,0,50,0,None,1,0,,76,Auckland,Give way,0,0,0,0,0,0,Urban,0,0,0,Fine,Null
1753416.3743,5932507.0729,864345,,508807,0,,0,1,,East,2024/2025,ROSEDALE ROAD,COWLEY PLACE,,Minor Crash,No,2024,,West,,0,,Flat,,,,,,Dark,180811,1,0,0,2,,,0,,,,,,Auckland Region,Nil,2-way,Sealed,,0,0,,50,,On,0,0,,76,Auckland,Nil,,,,,0,0,Urban,1,,,Light rain,Null
1751561.2371,5933945.1925,864347,,508701,0,,0,1,,Null,2023/2024,ALBANY HIGHWAY,LIBRARY LANE,,Non-Injury Crash,No,2023,,North,,0,,Flat,,,,,,Dark,178800,0,0,0,2,,,0,,,,,,Auckland Region,Nil,2-way,Sealed,,0,0,,50,,On,0,0,,76,Auckland,Traffic Signals,,,,,0,0,Urban,1,,,Fine,Null
1745320.154,5920116.9444,864350,,513301,0,,0,2,,Null,2024/2025,LINCOLN ROAD,DAYTONA ROAD,,Non-Injury Crash,No,2025,,North,,0,,Flat,,,,,,Dark,230401,0,0,0,4,,,0,,,,,,Auckland Region,Nil,2-way,Sealed,,0,0,,50,,On,0,0,,76,Auckland,Give way,,,,,0,0,Urban,0,,,Heavy rain,Null
1779379.0207,5915003.1723,864351,,523300,0,0,0,0,0,North,2023/2024,WHITFORD MARAETAI ROAD,JACK LACHLAN DRIVE,,Non-Injury Crash,No,2024,0,South,1,0,0,Flat,0,,0,,0,Overcast,718900,0,0,0,2,0,0,0,0,0,,0,0,Auckland Region,Nil,2-way,Sealed,0,0,0,0,80,0,Off,0,0,,76,Auckland,Nil,0,0,0,0,0,0,Open,1,0,0,Light rain,Null
1765416.1292,5903716.0002,864354,,524604,0,,0,1,,East,2025/2026,SOUTH-WESTERN MOTORWAY,CAVENDISH DRIVE OFF RAMP,,Non-Injury Crash,Yes,2025,,West,,0,,Flat,,,,,,Overcast,781302,0,0,0,2,,,0,,,,,,Auckland Region,Nil,1-way,Sealed,,0,0,,100,,Off,0,0,,76,Auckland,Nil,,,,,1,0,Open,0,,,Light rain,Null
1742990.2544,5919801.341,864355,,513212,0,,0,1,,Null,2024/2025,GLEN ROAD,KAREPO CRESCENT,,Minor Crash,No,2024,,South,,0,,Flat,,,,,,Dark,235716,1,0,0,2,,,0,,,,,,Auckland Region,Nil,2-way,Sealed,,0,0,,50,,On,0,0,,76,Auckland,Give way,,,,,0,0,Urban,1,,,Light rain,Null