X,Y,OBJECTID,advisorySpeed,areaUnitID,bicycle,bridge,bus,carStationWagon,cliffBank,crashDirectionDescription,crashFinancialYear,crashLocation1,crashLocation2,crashRoadSideRoad,crashSeverity,crashSHDescription,crashYear,debris,directionRoleDescription,ditch,fatalCount,fence,flatHill,guardRail,holiday,houseOrBuilding,intersection,kerb,light,meshblockId,minorInjuryCount,moped,motorcycle,NumberOfLanes,objectThrownOrDropped,otherObject,otherVehicleType,overBank,parkedVehicle,pedestrian,phoneBoxEtc,postOrPole,region,roadCharacter,roadLane,roadSurface,roadworks,schoolBus,seriousInjuryCount,slipOrFlood,speedLimit,strayAnimal,streetLight,suv,taxi,temporarySpeedLimit,tlaId,tlaName,trafficControl,trafficIsland,trafficSign,train,tree,truck,unknownVehicleType,urban,vanOrUtility,vehicle,waterRiver,weatherA,weatherB
1764521.4849,5912081.2514,864359,,520500,0,,0,1,,South,2023/2024,SOUTHERN MOTORWAY,MOUNT WELLINGTON HWY OFF RAMP,,Non-Injury Crash,Yes,2024,,North,,0,,Flat,,,,,,Bright sun,639500,0,0,0,3,,,0,,,,,,Auckland Region,Nil,1-way,Sealed,,0,0,,100,,Off,0,0,,76,Auckland,Nil,,,,,0,0,Open,1,,,Fine,Null
1758461.8347,5923018.9678,864361,,509500,0,0,0,1,0,North,2023/2024,FIRST AVENUE,STANLEY POINT ROAD,,Non-Injury Crash,No,2023,0,North,0,0,0,Flat,0,,0,,0,Bright sun,334600,0,0,0,0,0,0,0,0,0,,0,1,Auckland Region,Nil,2-way,Sealed,0,0,0,0,50,0,None,0,0,,76,Auckland,Nil,0,0,0,0,0,0,Urban,0,0,0,Fine,Null
1755097.3396,5917100.6538,864363,,517701,0,,0,1,,Null,2024/2025,SANDRINGHAM ROAD,PAICE AVENUE,,Serious Crash,No,2024,,North,,0,,Flat,,,,,,Bright sun,536900,0,1,0,2,,,0,,,,,,Auckland Region,Nil,2-way,Sealed,,0,1,,50,,None,0,0,,76,Auckland,Stop,,,,,0,0,Urban,0,,,Fine,Null
1759259.1543,5912455.5797,864365,,519820,0,0,0,3,0,East,2023/2024,ARTHUR STREET,GALWAY STREET,,Non-Injury Crash,No,2024,0,West,0,0,0,Flat,0,,0,,0,Bright sun,600600,0,0,0,2,0,0,0,0,1,,0,0,Auckland Region,Nil,2-way,Sealed,0,0,0,0,50,0,Off,0,0,,76,Auckland,Nil,0,0,0,0,0,0,Urban,0,0,0,Fine,Null
1772478.3616,5896523.5549,864369,,525420,0,,0,2,,Null,2023/2024,EAST STREET,QUEEN STREET,,Non-Injury Crash,No,2024,,North,,0,,Flat,,,,,,Overcast,791600,0,0,0,2,,,0,,,,,,Auckland Region,Nil,2-way,Sealed,,0,0,,50,,Off,0,0,,76,Auckland,Traffic Signals,,,,,0,0,Urban,0,,,Fine,Null
1755271.9718,5920829.8631,864378,,515202,0,0,0,1,0,Null,2025/2026,JERVOIS ROAD,SHELLY BEACH ROAD,,Non-Injury Crash,No,2025,0,East,0,0,0,Flat,0,,0,,0,Bright sun,425000,0,0,0,4,0,0,0,0,1,,0,0,Auckland Region,Nil,2-way,Sealed,0,0,0,0,50,0,Off,1,0,,76,Auckland,Give way,0,0,0,0,0,0,Urban,0,0,0,Fine,Null
1753220.4499,5912559.9331,864398,,518901,0,0,0,2,0,South,2025/2026,GRIFFEN PARK ROAD,GRIFFEN PARK ENT,,Non-Injury Crash,No,2025,0,West,0,0,0,Flat,0,,0,,0,Twilight,585800,0,0,0,2,0,0,0,0,1,,0,0,Auckland Region,Nil,2-way,Sealed,0,0,0,0,50,0,Off,0,0,,76,Auckland,Nil,0,0,0,0,0,0,Urban,0,0,0,Fine,Null
1770113.7703,5914671.9816,864399,,522712,0,,0,0,,Null,2023/2024,PAKURANGA ROAD,HUTCHINSONS ROAD,,Serious Crash,No,2024,,East,,0,,Hill Road,,,,,,Twilight,644800,0,0,1,5,,,0,,,,,,Auckland Region,Nil,2-way,Sealed,,0,1,,60,,On,0,0,50,76,Auckland,Give way,,,,,0,0,Urban,1,,,Fine,Null
1737359.2821,5910157.1147,864401,,513800,0,0,0,1,1,East,2023/2024,PIHA ROAD,UPPER HUIA DAM TRACK,,Minor Crash,No,2023,0,West,1,0,0,Hill Road,0,,0,,0,Bright sun,282007,1,0,0,2,0,0,0,0,0,,0,0,Auckland Region,Nil,2-way,Sealed,0,0,0,0,60,0,None,0,0,,76,Auckland,Nil,0,0,0,0,0,0,Urban,0,0,0,Fine,Strong wind
1753720.1796,5876138.8797,864405,,526104,0,0,0,1,1,Null,2022/2023,KING STREET,KITCHENER ROAD,,Non-Injury Crash,No,2023,0,South,0,0,0,Hill Road,0,,0,,0,Dark,835900,0,0,0,2,0,0,0,0,0,,0,0,Auckland Region,Nil,2-way,Sealed,0,0,0,0,50,0,On,0,0,,76,Auckland,Give way,0,0,0,0,0,0,Urban,0,0,0,Light rain,Null
1760141.2535,5915989.5936,864407,,516002,0,,0,1,,Null,2023/2024,GREEN LANE EAST OFF RAMP,GREEN LANE EAST,,Non-Injury Crash,No,2023,,South,,0,,Flat,,,,,,Overcast,492100,0,0,0,2,,,0,,,,,,Auckland Region,Motorway ramp,1-way,Sealed,,0,0,,50,,None,0,0,,76,Auckland,Give way,,,,,0,0,Urban,1,,,Light rain,Null
1767312.8494,5906346.1012,864415,,522302,0,,0,0,,North,2023/2024,SOUTHERN MOTORWAY,REAGAN OBR,,Minor Crash,Yes,2024,,North,,0,,Flat,,Queens Birthday,,,,Overcast,670200,2,0,0,3,,,0,,,,,,Auckland Region,Nil,1-way,Sealed,,0,0,,100,,On,2,0,,76,Auckland,Nil,,,,,0,0,Open,0,,,Fine,Null
1744427.6563,5922556.6959,864417,,513521,0,,0,2,,West,2022/2023,ROYAL ROAD,ROYAL ROAD ON RAMP,,Non-Injury Crash,No,2023,,East,,0,,Flat,,,,,,Dark,224237,0,0,0,3,,,0,,,,,,Auckland Region,Bridge,2-way,Sealed,,0,0,,50,,On,0,0,,76,Auckland,Nil,,,,,0,0,Urban,0,,,Fine,Null
1767132.8599,5913401.0124,864427,,522910,0,0,0,2,1,East,2023/2024,PAKURANGA ROAD,WILLIAM ROBERTS ROAD,,Non-Injury Crash,No,2023,0,East,0,0,0,Flat,0,,0,,0,Dark,685000,0,0,0,6,0,0,0,0,0,,0,0,Auckland Region,Nil,2-way,Sealed,1,0,0,0,50,0,On,0,0,30,76,Auckland,Nil,0,0,0,0,0,0,Urban,1,0,0,Fine,Null
1768047.0813,5907374.0491,864440,,523602,0,,0,0,,Null,2024/2025,FISHER CRESCENT,PRESTON ROAD,,Minor Crash,No,2024,,North,,0,,Flat,,,,,,Dark,710300,1,0,0,2,,,0,,,1,,,Auckland Region,Nil,2-way,Unsealed,,0,0,,30,,On,0,0,20,76,Auckland,Give way,,,,,0,0,Urban,1,,,Light rain,Null
1755795.5428,5923980.7618,864446,,509800,0,,0,2,,Null,2023/2024,MILTON ROAD,RICHMOND AVENUE,,Non-Injury Crash,No,2024,,West,,0,,Hill Road,,,,,,Bright sun,361100,0,0,0,2,,,0,,,,,,Auckland Region,Nil,2-way,Sealed,,0,0,,50,,Off,0,0,,76,Auckland,Nil,,,,,0,0,Urban,0,,,Fine,Null
1764100.9486,5915005.211,864450,,520303,0,,0,2,,Null,2024/2025,ELLERSLIE-PANMURE HIGHWAY,LUNN AVENUE,,Minor Crash,No,2025,,West,,0,,Flat,,,,,,Overcast,626901,1,0,0,5,,,0,,,,,,Auckland Region,Nil,2-way,Sealed,,0,0,,50,,Off,0,0,,76,Auckland,Traffic Signals,,,,,0,0,Urban,0,,,Fine,Null
1775302.6549,5895417.7206,864456,,525700,0,0,0,0,0,East,2022/2023,MACK PLACE,DOMINION ROAD,,Non-Injury Crash,No,2023,0,South,0,0,0,Flat,0,,0,,0,Dark,800304,0,0,1,2,0,0,0,0,0,,0,0,Auckland Region,Nil,2-way,Sealed,0,0,0,0,50,0,On,0,0,,76,Auckland,Nil,0,1,0,0,0,0,Urban,0,0,0,Mist or Fog,Null
1763733.6702,5919232.46,864460,,516500,0,0,0,2,0,South,2022/2023,KOHIMARAMA ROAD,HAWERA ROAD,,Non-Injury Crash,No,2023,0,North,0,0,0,Hill Road,0,,0,,0,Dark,502900,0,0,0,2,0,0,0,0,1,,0,0,Auckland Region,Nil,2-way,Sealed,0,0,0,0,50,0,On,0,0,,76,Auckland,Nil,0,0,0,0,0,0,Urban,0,0,0,Heavy rain,Null
1756526.2656,5919443.2209,864461,,514102,0,0,0,0,0,North,2025/2026,NELSON STREET OFF RAMP,KARANGAHAPE OBR,,Non-Injury Crash,No,2026,0,North,0,0,0,Flat,1,Christmas New Year,0,,0,Overcast,436002,0,0,0,1,0,0,0,0,0,,0,0,Auckland Region,Motorway ramp,1-way,Sealed,0,0,0,0,80,0,On,0,0,,76,Auckland,Nil,0,1,0,0,0,0,Open,1,0,0,Heavy rain,Null
1752209.5318,5937656.4261,864466,,506300,0,,0,2,,South,2024/2025,NORTHERN MOTORWAY,WRIGHT OBR,,Minor Crash,Yes,2025,,South,,0,,Flat,,,,,,Bright sun,176105,2,0,0,2,,,0,,,,,,Auckland Region,Nil,1-way,Sealed,,0,0,,100,,None,0,0,,76,Auckland,Nil,,,,,0,0,Open,1,,,Fine,Null
1752160.9999,5932437.9961,864469,,508807,0,,0,1,,South,2025/2026,BUSH ROAD,ROSEDALE ROAD,,Non-Injury Crash,No,2025,,South,,0,,Null,,,,,,Bright sun,180810,0,0,0,4,,,0,,,,,,Auckland Region,Nil,2-way,Sealed,,0,0,,50,,Null,0,0,,76,Auckland,Nil,,,,,0,1,Urban,0,,,Fine,Null
1756434.4535,5937533.5185,864470,,506903,0,0,0,1,0,North,2024/2025,BEACH ROAD,COUNTY ROAD,,Non-Injury Crash,No,2024,0,North,0,0,1,Flat,0,,0,,0,Dark,169200,0,0,0,2,0,0,0,0,0,,0,0,Auckland Region,Nil,2-way,Sealed,0,0,0,0,30,0,On,0,0,,76,Auckland,Nil,0,1,0,0,0,0,Urban,0,0,0,Fine,Null
1759727.5559,5903386.7214,864472,,524200,0,,0,1,,Null,2023/2024,LAURENCE STEVENS DRIVE,GEOFFREY ROBERTS ROAD,,Non-Injury Crash,No,2024,,West,,0,,Flat,,,,,,Dark,727200,0,0,0,2,,,0,,,,,,Auckland Region,Nil,2-way,Sealed,,0,0,,50,,On,1,0,,76,Auckland,Give way,,,,,0,0,Urban,0,,,Light rain,Strong wind
1770910.8579,5898926.8475,864474,,523911,0,,0,0,,East,2024/2025,STATION ROAD,PRINCESS STREET,,Non-Injury Crash,No,2024,,South,,0,,Flat,,,,,,Bright sun,766800,0,0,0,2,,,0,,,,,,Auckland Region,Nil,2-way,Sealed,,0,0,,50,,Off,1,0,,76,Auckland,Nil,,,,,0,0,Urban,0,,,Fine,Null
1756238.07,5920847.6196,864476,,515202,0,,0,1,,North,2023/2024,NORTHERN MOTORWAY,VICTORIA PARK VDT,,Non-Injury Crash,Yes,2024,,North,,0,,Hill Road,,,,,,Dark,426101,0,0,0,3,,,0,,,,,,Auckland Region,Tunnel,1-way,Sealed,,0,0,,80,,On,0,0,,76,Auckland,Nil,,,,,1,0,Open,0,,,Light rain,Strong wind
1746213.1236,5920255.485,864478,,513301,0,,0,1,,West,2023/2024,NORTH-WESTERN MOTORWAY,HENDERSON CK BR,,Non-Injury Crash,Yes,2023,,East,,0,,Flat,,,,,,Overcast,230200,0,0,0,4,,,0,,,,,,Auckland Region,Nil,1-way,Sealed,,0,0,,100,,Off,0,0,,76,Auckland,Nil,,,,,1,0,Open,0,,,Fine,Null
1756559.2134,5919421.569,864486,,514200,0,,0,2,,East,2023/2024,KARANGAHAPE ROAD,KARANGAHAPE OBR,,Minor Crash,No,2024,,East,,0,,Flat,,,,,,Dark,411900,3,0,0,4,,,0,,,,,,Auckland Region,Nil,2-way,Sealed,,0,0,,30,,On,0,0,,76,Auckland,Nil,,,,,0,0,Urban,0,,,Fine,Null
1768894.0043,5900830.6289,864488,,525002,0,,0,2,,Null,2023/2024,WEYMOUTH ROAD,GREAT SOUTH ROAD,,Non-Injury Crash,No,2023,,East,,0,,Flat,,,,,,Bright sun,752802,0,0,0,4,,,0,,,,,,Auckland Region,Nil,2-way,Sealed,,0,0,,50,,Off,0,0,,76,Auckland,Traffic Signals,,,,,0,0,Urban,0,,,Fine,Null
1757236.7094,5919367.9007,864492,,514301,0,,0,2,,South,2022/2023,GRAFTON BRIDGE,SYMONDS STREET,,Non-Injury Crash,No,2023,,South,,0,,Flat,,,,,,Dark,441200,0,0,0,2,,,0,,,,,,Auckland Region,Nil,2-way,Sealed,,0,0,,30,,On,0,0,,76,Auckland,Nil,,,,,0,0,Urban,0,,,Fine,Null
1737037.0126,5932765.9138,864498,45,506653,0,0,0,1,0,East,2023/2024,OLD NORTH ROAD,ARARIMU VALLEY ROAD,,Minor Crash,No,2024,0,East,0,0,0,Hill Road,0,,0,,0,Overcast,217000,1,0,0,2,0,0,0,1,0,,0,0,Auckland Region,Nil,2-way,Sealed,0,0,0,0,80,0,None,0,0,,76,Auckland,Nil,0,0,0,1,0,0,Open,0,0,0,Fine,Null
1771238.9092,5902802.7721,864500,,523814,0,0,0,2,0,South,2023/2024,JPT64,IDRIS COURT,,Minor Crash,No,2023,0,North,0,0,0,Hill Road,0,,0,,0,Overcast,760809,1,0,0,2,0,0,0,0,1,,0,0,Auckland Region,Nil,2-way,Sealed,0,0,0,0,50,0,Off,0,0,10,76,Auckland,Nil,0,0,0,0,0,0,Urban,0,0,0,Fine,Null
1766790.4533,5902742.2993,864501,,524602,0,,0,2,,East,2025/2026,KERRS ROAD,DALGETY DRIVE,,Non-Injury Crash,No,2025,,East,,0,,Flat,,,,,,Bright sun,780407,0,0,0,2,,,0,,,,,,Auckland Region,Nil,2-way,Sealed,,0,0,,50,,Off,0,0,,76,Auckland,Nil,,,,,0,0,Urban,0,,,Fine,Null
1766482.5555,5903864.0242,864507,,524604,0,0,0,1,0,East,2022/2023,LAMBIE DRIVE OFF RAMP,SOUTH-WESTERN MOTORWAY,,Non-Injury Crash,No,2023,0,East,0,0,0,Flat,1,,0,,0,Dark,780209,0,0,0,1,0,0,0,0,0,,0,0,Auckland Region,Motorway ramp,1-way,Sealed,0,0,0,0,100,0,On,0,0,,76,Auckland,Nil,0,0,0,0,0,0,Open,0,0,0,Fine,Null
1764080.4999,5904311.6887,864508,,522100,1,,0,0,,Null,2024/2025,PUHINUI ROAD-SH 20B OFF RAMP,PUHINUI ROAD,,Non-Injury Crash,Yes,2024,,West,,0,,Flat,,,,,,Bright sun,659100,0,0,0,2,,,0,,,,,,Auckland Region,Motorway ramp,2-way,Sealed,,0,0,,50,,None,0,0,,76,Auckland,Traffic Signals,,,,,0,0,Urban,1,,,Fine,Null
1770025.3441,5911147.4073,864511,,523113,0,0,0,1,0,Null,2023/2024,OFF ROAD CARPARK,,,Serious Crash,No,2024,0,South,0,0,0,Flat,0,,1,,1,Bright sun,711716,2,0,0,,0,0,0,0,0,,0,0,Auckland Region,Nil,Off road,Sealed,0,0,1,0,20,0,Off,0,0,10,76,Auckland,Nil,0,0,0,0,0,0,Urban,0,0,0,Fine,Null
1757446.0929,5920181.3753,864512,,514103,0,,0,1,,North,2024/2025,KITCHENER STREET,WELLESLEY STREET EAST,,Non-Injury Crash,No,2024,,North,,0,,Hill Road,,,,,,Bright sun,437200,0,0,1,2,,,0,,,1,,,Auckland Region,Nil,1-way,Sealed,,0,0,,30,,Off,0,0,,76,Auckland,Nil,,,,,0,0,Urban,0,,,Fine,Frost
1750937.6888,5913808.9397,864517,,514600,0,0,0,0,0,Null,2023/2024,WOLVERTON STREET,TAYLOR STREET,,Minor Crash,No,2023,0,West,0,0,0,Hill Road,0,,0,,0,Overcast,372101,1,0,0,4,0,0,0,0,0,,0,0,Auckland Region,Nil,2-way,Sealed,0,0,0,0,50,0,Off,1,0,,76,Auckland,Traffic Signals,0,1,0,0,0,0,Urban,0,0,0,Light rain,Null
1765133.618,5915312.504,864519,,520301,0,0,0,0,0,South,2022/2023,JELLICOE ROAD,MORRIN ROAD,,Non-Injury Crash,No,2023,0,North,0,0,0,Flat,0,,0,,0,Overcast,628100,0,0,0,3,0,1,0,0,0,,0,1,Auckland Region,Nil,2-way,Sealed,0,0,0,0,50,0,Off,0,0,,76,Auckland,Nil,0,0,0,0,1,0,Urban,0,0,0,Fine,Null
1746818.7214,5918761.7928,864520,,512401,0,,1,0,,South,2024/2025,TE ATATU ROAD,EDMONTON ROAD,,Non-Injury Crash,No,2025,,North,,0,,Flat,,,,,,Bright sun,255600,0,0,0,4,,,0,,,,,,Auckland Region,Nil,2-way,Sealed,,0,0,,50,,Off,0,0,,76,Auckland,Nil,,,,,0,0,Urban,1,,,Fine,Null
1742096.0407,5993420.7409,864524,,506660,0,0,0,1,0,North,2025/2026,MANGAWHAI ROAD,KEITH ROAD,,Non-Injury Crash,No,2025,0,North,1,0,1,Flat,0,,0,,0,Bright sun,135400,0,0,0,2,0,0,0,0,0,,0,0,Auckland Region,Nil,2-way,Sealed,0,0,0,0,100,0,None,0,0,,76,Auckland,Nil,0,0,0,0,0,0,Open,0,0,0,Fine,Null
1762029.7,5916065.8916,864525,,516003,0,,0,0,,Null,2023/2024,ABBOTTS WAY,KORAHA STREET,,Serious Crash,No,2024,,East,,0,,Flat,,,,,,Dark,494700,0,0,1,2,,,0,,,,,,Auckland Region,Nil,2-way,Sealed,,0,1,,50,,On,0,0,,76,Auckland,Give way,,,,,0,0,Urban,1,,,Fine,Null
1744302.5803,5915881.7748,864527,,510800,0,,0,2,,North,2022/2023,LENDIC AVENUE,BORDER ROAD,,Minor Crash,No,2023,,North,,0,,Flat,,,,,,Overcast,242400,1,0,0,2,,,0,,,,,,Auckland Region,Nil,2-way,Sealed,,0,0,,50,,Off,0,0,,76,Auckland,Nil,,,,,0,0,Urban,0,,,Light rain,Null
1768187.7374,5907909.806,864529,,523502,0,,0,1,,North,2023/2024,EAST TAMAKI ROAD,PRESTON ROAD,,Non-Injury Crash,No,2024,,South,,0,,Flat,,,,,,Bright sun,703800,0,0,0,4,,,0,,,,,,Auckland Region,Nil,2-way,Sealed,,0,0,,50,,Off,0,0,,76,Auckland,Nil,,,,,0,0,Urban,1,,,Fine,Null
1754864.2995,5936552.611,864536,,506902,0,,0,0,,Null,2025/2026,GLAMORGAN DRIVE,LINGHAM CRESCENT,,Minor Crash,No,2025,,West,,0,,Flat,,,,,,Dark,165700,1,1,0,1,,,0,,,,,,Auckland Region,Nil,1-way,Sealed,,0,0,,50,,On,1,0,,76,Auckland,Give way,,,,,0,0,Urban,0,,,Fine,Null
1770278.4303,5906376.8155,864545,,523713,0,,0,0,,Null,2024/2025,FLAT BUSH SCHOOL ROAD,HIKUAWA ROAD,,Minor Crash,No,2024,,East,,0,,Flat,,,,,,Overcast,713100,1,0,0,1,,,0,,,,,,Auckland Region,Nil,1-way,Sealed,,0,0,,50,,Off,2,0,,76,Auckland,Give way,,,,,0,0,Urban,0,,,Fine,Strong wind
1768260.201,5899573.1344,864547,,525101,0,0,0,1,0,Null,2022/2023,THOMPSON TERRACE,SOLO PLACE,,Non-Injury Crash,No,2023,0,South,0,0,1,Flat,0,,0,,0,Dark,772803,0,0,0,2,0,0,0,0,0,,0,0,Auckland Region,Nil,2-way,Sealed,0,0,0,0,50,0,On,0,0,,76,Auckland,Nil,0,0,0,0,0,0,Urban,0,0,0,Fine,Null
1750922.319,5918004.9893,864549,,514801,0,0,0,2,0,West,2023/2024,NORTH-WESTERN MOTORWAY,SH 20,,Non-Injury Crash,Yes,2024,0,West,0,0,0,Flat,1,,0,,0,Dark,390402,0,0,0,3,0,0,0,0,0,,0,0,Auckland Region,Bridge,1-way,Sealed,0,0,0,0,100,0,On,0,0,,76,Auckland,Nil,0,0,0,0,0,0,Open,0,0,0,Fine,Null
1745598.046,5913941.7175,864551,,512904,0,,0,2,,Null,2023/2024,WEST COAST ROAD,WOODBANK DRIVE,,Non-Injury Crash,No,2023,,West,,0,,Flat,,,,,,Bright sun,278213,0,0,0,2,,,0,,,,,,Auckland Region,Nil,2-way,Sealed,,0,0,,50,,Off,0,0,,76,Auckland,Give way,,,,,0,0,Urban,0,,,Fine,Null
1734283.0004,5918936.9216,864552,,513702,0,0,0,0,0,Null,2025/2026,BETHELLS ROAD,STONEY CREEK DRIVE,,Non-Injury Crash,No,2025,0,South,1,0,0,Hill Road,0,,0,,0,Bright sun,237206,0,0,0,2,0,0,0,0,0,,0,0,Auckland Region,Nil,2-way,Sealed,0,0,0,0,60,0,Off,0,0,,76,Auckland,Nil,0,0,0,0,0,0,Urban,1,0,0,Fine,Null
1752160.3628,5925741.259,864566,,510220,0,0,0,1,0,South,2023/2024,CANONGATE STREET,BISHOPGATE STREET,,Non-Injury Crash,No,2023,0,South,0,0,1,Hill Road,0,,1,,0,Dark,350300,0,0,0,2,0,0,0,0,0,,0,0,Auckland Region,Nil,2-way,Sealed,0,0,0,0,50,0,On,0,0,,76,Auckland,Nil,0,0,0,0,0,0,Urban,0,0,0,Light rain,Null
1764171.8958,5911130.9452,864572,,520500,0,,0,3,,South,2023/2024,MOUNT WELLINGTON HIGHWAY,HILLSIDE ROAD,,Non-Injury Crash,No,2023,,South,,0,,Flat,,,,,,Overcast,636600,0,0,0,2,,,0,,,,,,Auckland Region,Nil,2-way,Sealed,,0,0,,50,,Off,0,0,,76,Auckland,Nil,,,,,0,0,Urban,0,,,Light rain,None
1767290.0763,5897901.1157,864575,,525102,0,0,0,1,0,Null,2024/2025,CARNOUSTIE DRIVE,TURNBERRY DRIVE,,Non-Injury Crash,No,2024,0,North,0,0,0,Flat,0,,0,,0,Overcast,769041,0,0,0,2,0,0,0,0,0,,0,0,Auckland Region,Nil,2-way,Sealed,0,0,0,0,50,0,Off,0,0,,76,Auckland,Give way,0,0,0,1,0,0,Urban,0,0,0,Fine,Null
1763907.7744,5912504.1644,864576,,520500,0,0,0,1,0,Null,2023/2024,MOUNT WELLINGTON HIGHWAY,MOUNT WELLINGTON HWY OFF RAMP,,Non-Injury Crash,No,2024,0,South,0,0,0,Flat,0,,0,,0,Dark,639500,0,0,0,3,0,0,0,0,0,,0,0,Auckland Region,Nil,1-way,Sealed,0,0,0,0,50,0,On,0,1,,76,Auckland,Traffic Signals,1,0,0,0,0,0,Urban,0,0,0,Heavy rain,Strong wind
1767624.921,5913525.9591,864579,,522820,0,,0,2,,Null,2024/2025,PAKURANGA ROAD,GREENHILL CRESCENT,,Non-Injury Crash,No,2025,,West,,0,,Flat,,,,,,Overcast,695002,0,0,0,6,,,0,,,,,,Auckland Region,Nil,2-way,Sealed,,0,0,,60,,Off,0,0,,76,Auckland,Give way,,,,,0,0,Urban,0,,,Fine,Null
1746255.3545,5916938.1677,864580,,510800,0,,0,0,,Null,2024/2025,GREAT NORTH ROAD,NORCROSS AVENUE,,Serious Crash,No,2024,,South,,0,,Hill Road,,,,,,Bright sun,243502,0,1,0,3,,,0,,,,,,Auckland Region,Nil,2-way,Sealed,,0,1,,50,,Off,0,0,,76,Auckland,Stop,,,,,0,0,Urban,1,,,Fine,Null
1749569.1663,5918039.4849,864582,,514801,0,0,0,1,0,West,2023/2024,NORTH-WESTERN MOTORWAY,ROSEBANK ROAD OFF RAMP,,Non-Injury Crash,Yes,2023,0,East,0,0,0,Flat,1,,0,,0,Bright sun,390401,0,0,0,4,0,0,0,0,0,,0,0,Auckland Region,Motorway ramp,1-way,Sealed,0,0,0,0,100,0,Off,0,0,,76,Auckland,Nil,0,0,0,0,0,0,Open,0,0,0,Fine,Null
1760252.9102,5912307.7019,864584,,520000,0,,0,2,,West,2024/2025,CHURCH STREET,CAPTAIN SPRINGS ROAD,,Non-Injury Crash,No,2024,,East,,0,,Null,,,,,,Bright sun,607301,0,0,0,2,,,0,,,,,,Auckland Region,Nil,2-way,Sealed,,0,0,,50,,Null,0,0,,76,Auckland,Nil,,,,,0,0,Urban,0,,,Fine,Null
1750237.8551,5913953.6463,864594,,511303,0,,0,2,,Null,2023/2024,TOTARA AVENUE,HETANA STREET,,Non-Injury Crash,No,2023,,North,,0,,Flat,,,,,,Bright sun,266000,0,0,0,1,,,0,,,,,,Auckland Region,Nil,1-way,Sealed,,0,0,,50,,Off,0,0,,76,Auckland,Traffic Signals,,,,,0,0,Urban,0,,,Fine,Null
1771735.6771,5902930.077,864595,55,523819,0,0,0,2,0,North,2024/2025,MILL ROAD,POLO PRINCE DRIVE,,Non-Injury Crash,No,2024,0,North,0,0,0,Hill Road,0,,0,,0,Overcast,760812,0,0,0,2,0,0,0,0,0,,0,0,Auckland Region,Nil,2-way,Sealed,0,0,0,0,60,0,Off,0,0,,76,Auckland,Nil,0,1,0,0,0,0,Urban,0,0,0,Light rain,Null
1767527.0678,5901100.9133,864596,,524720,0,0,0,2,0,Null,2024/2025,RUSSELL ROAD,MONTILLA PLACE,,Minor Crash,No,2024,0,East,0,0,0,Flat,0,,0,,0,Overcast,778300,1,0,0,2,0,0,0,0,1,,0,0,Auckland Region,Nil,2-way,Sealed,0,0,0,0,50,0,None,0,0,,76,Auckland,Give way,0,0,0,0,0,0,Urban,0,0,0,Fine,Null
1752042.8357,5917973.2637,864606,,515001,0,0,0,1,0,East,2022/2023,NORTH-WESTERN MOTORWAY,GT NORTH OBR,,Non-Injury Crash,Yes,2023,0,East,0,0,0,Flat,1,,0,,0,Dark,392400,0,0,0,4,0,0,0,0,0,,0,0,Auckland Region,Nil,1-way,Sealed,0,0,0,0,100,0,On,0,0,,76,Auckland,Nil,0,0,0,0,0,0,Open,0,0,0,Fine,Null
1765511.8436,5900110.9454,864610,,524822,0,0,0,2,0,South,2023/2024,TEMPLETON PLACE,VOLTA PLACE,,Non-Injury Crash,No,2023,0,North,0,0,0,Flat,0,,0,,0,Dark,774423,0,0,0,2,0,0,0,0,1,,0,0,Auckland Region,Nil,2-way,Sealed,0,0,0,0,50,0,On,0,0,,76,Auckland,Nil,0,0,0,0,0,0,Urban,0,0,0,Fine,Null
1752770.4419,5934852.0406,864611,,508701,0,,0,1,,Null,2024/2025,CORNERSTONE DRIVE,OTEHA VALLEY ROAD,,Minor Crash,No,2025,,North,,0,,Null,,,,,,Bright sun,179000,1,0,0,1,,,0,,,,,,Auckland Region,Nil,1-way,Sealed,,0,0,,50,,Null,1,0,,76,Auckland,Give way,,,,,0,0,Urban,0,,,Fine,Null
1773435.0069,5899111.8281,864619,,523912,0,,0,1,,North,2025/2026,MILL ROAD,HAMLIN ROAD,,Non-Injury Crash,No,2025,,North,,0,,Flat,,,,,,Overcast,765401,0,0,0,2,,,0,,,,,,Auckland Region,Nil,2-way,Sealed,,0,0,,80,,None,0,0,,76,Auckland,Nil,,,,,0,0,Open,1,,,Light rain,Null
1756159.2777,5924016.3086,864624,,509800,0,,0,1,,South,2023/2024,NORTHERN MOTORWAY,NORTHERN BUSWAY,,Non-Injury Crash,Yes,2023,,South,,0,,Flat,,,,,,Dark,361100,0,0,0,4,,,0,,,,,,Auckland Region,Nil,1-way,Sealed,,0,0,,80,,On,0,0,,76,Auckland,Nil,,,,,0,0,Open,2,,,Fine,Null
1755409.4369,5928945.9427,864627,,508320,0,,0,0,,Null,2024/2025,TRISTRAM AVENUE,WAIRAU ROAD,,Minor Crash,No,2025,,West,,0,,Flat,,,,,,Overcast,198500,1,0,0,1,,,0,,,1,,,Auckland Region,Nil,1-way,Sealed,,0,0,,50,,Off,0,0,,76,Auckland,Give way,,,,,0,0,Urban,1,,,Fine,Null