X,Y,OBJECTID,advisorySpeed,areaUnitID,bicycle,bridge,bus,carStationWagon,cliffBank,crashDirectionDescription,crashFinancialYear,crashLocation1,crashLocation2,crashRoadSideRoad,crashSeverity,crashSHDescription,crashYear,debris,directionRoleDescription,ditch,fatalCount,fence,flatHill,guardRail,holiday,houseOrBuilding,intersection,kerb,light,meshblockId,minorInjuryCount,moped,motorcycle,NumberOfLanes,objectThrownOrDropped,otherObject,otherVehicleType,overBank,parkedVehicle,pedestrian,phoneBoxEtc,postOrPole,region,roadCharacter,roadLane,roadSurface,roadworks,schoolBus,seriousInjuryCount,slipOrFlood,speedLimit,strayAnimal,streetLight,suv,taxi,temporarySpeedLimit,tlaId,tlaName,trafficControl,trafficIsland,trafficSign,train,tree,truck,unknownVehicleType,urban,vanOrUtility,vehicle,waterRiver,weatherA,weatherB
1772893.9724,5898323.708,864632,,523912,0,0,0,1,0,South,2023/2024,WALTERS ROAD,SINCLAIR BURGESS STREET,,Non-Injury Crash,No,2023,0,South,0,0,1,Flat,0,,0,,0,Twilight,765410,0,0,0,2,0,0,0,0,0,,0,0,Auckland Region,Nil,2-way,Sealed,0,0,0,0,50,0,Off,0,0,,76,Auckland,Nil,0,0,0,0,0,0,Urban,1,0,0,Light rain,Null
1766627.6391,5913306.8871,864640,,522820,0,0,0,1,0,West,2023/2024,PAKURANGA ROAD,KENTIGERN CLOSE,,Minor Crash,No,2024,0,East,0,0,0,Flat,0,,0,,0,Dark,694800,2,0,0,7,0,0,0,0,0,,0,1,Auckland Region,Nil,2-way,Sealed,0,0,0,0,50,0,On,0,0,,76,Auckland,Traffic Signals,1,0,0,0,0,0,Urban,0,0,0,Fine,Null
1752135.0685,5932871.2468,864642,,508807,0,0,0,3,0,North,2022/2023,BUSH ROAD,CAROLINA PLACE,,Non-Injury Crash,No,2023,0,North,0,0,0,Flat,0,,0,,0,Bright sun,180213,0,0,0,2,0,0,0,0,2,,0,0,Auckland Region,Nil,2-way,Sealed,0,0,0,0,50,0,Off,0,0,,76,Auckland,Nil,0,0,0,0,0,0,Urban,0,0,0,Fine,Null
1760011.6613,5912279.1699,864644,,520000,0,0,0,2,0,West,2023/2024,CHURCH STREET,MOUNTJOY PLACE,,Non-Injury Crash,No,2023,0,East,0,0,0,Flat,0,,0,,0,Overcast,607301,0,0,0,2,0,0,0,0,1,,0,0,Auckland Region,Nil,2-way,Sealed,0,0,0,0,50,0,Off,0,0,,76,Auckland,Nil,0,0,0,0,0,0,Urban,0,0,0,Fine,Null
1759955.9585,5915689.3207,864655,,519400,0,,0,2,,North,2024/2025,GREAT SOUTH ROAD,PURIRI AVENUE,,Non-Injury Crash,No,2024,,North,,0,,Null,,,,,,Overcast,616900,0,0,0,5,,,0,,,,,,Auckland Region,Nil,2-way,Sealed,,0,0,,50,,Null,0,0,,76,Auckland,Nil,,,,,0,0,Urban,0,,,Light rain,Null
1745689.1099,5920606.6294,864656,,513301,0,,0,2,,North,2023/2024,LINCOLN ROAD ON RAMP,NORTH-WESTERN MOTORWAY,,Non-Injury Crash,No,2024,,South,,0,,Hill Road,,,,,,Dark,230200,0,0,0,2,,,0,,,,,,Auckland Region,Motorway ramp,1-way,Sealed,,0,0,,50,,On,0,0,,76,Auckland,Nil,,,,,0,0,Urban,1,,,Fine,Null
1767145.4016,5904654.5988,864662,,524604,0,,0,1,,Null,2023/2024,SHARKEY STREET,SHARKEY STREET,,Minor Crash,No,2024,,East,,0,,Flat,,,,,,Bright sun,780209,2,0,0,2,,,0,,,,,,Auckland Region,Nil,2-way,Sealed,,0,0,,50,,Off,1,0,,76,Auckland,Give way,,,,,0,0,Urban,0,,,Fine,Null
1766096.0824,5906500.0186,864671,,522302,0,,0,2,,Null,2025/2026,TUI ROAD,WINTERE ROAD,,Minor Crash,No,2025,,East,,0,,Flat,,,,,,Overcast,668700,1,0,0,2,,,0,,,,,,Auckland Region,Nil,2-way,Sealed,,0,0,,50,,Off,0,0,,76,Auckland,Give way,,,,,0,0,Urban,0,,,Fine,Null
1758324.9222,5917158.8464,864680,,519200,0,,0,1,,Null,2023/2024,MANUKAU ROAD,CLYDE STREET,,Non-Injury Crash,No,2023,,North,,0,,Flat,,,,,,Overcast,613600,0,0,0,4,,,0,,,,,,Auckland Region,Nil,2-way,Sealed,,0,0,,50,,Off,0,0,,76,Auckland,Give way,,,,,0,0,Urban,1,,,Light rain,Null
1744437.8302,5922193.3025,864684,,513512,0,,0,0,,North,2024/2025,NORTH-WESTERN MOTORWAY,ROYAL ROAD OFF RAMP,,Minor Crash,Yes,2024,,North,,0,,Hill Road,,,,,,Bright sun,225702,1,0,1,3,,,0,,,,,,Auckland Region,Nil,1-way,Sealed,,0,0,,100,,Off,1,0,,76,Auckland,Nil,,,,,0,0,Open,0,,,Fine,Null
1755351.1689,5921604.6904,864686,,515202,0,0,0,1,0,South,2022/2023,NORTHERN MOTORWAY,SHELLY BEACH OBR,,Non-Injury Crash,Yes,2023,0,South,0,0,0,Hill Road,1,,0,,0,Overcast,423600,0,0,0,4,0,0,0,0,0,,0,0,Auckland Region,Nil,1-way,Sealed,0,0,0,0,80,0,Off,0,0,,76,Auckland,Nil,0,0,0,0,0,0,Open,0,0,0,Fine,Null
1753163.138,5918248.1321,864688,,515003,0,,0,0,,West,2023/2024,NORTH-WESTERN MOTORWAY,ST LUKES ROAD ON RAMP,,Non-Injury Crash,Yes,2024,,West,,0,,Flat,,,,,,Bright sun,390502,0,0,0,4,,,0,,,,,,Auckland Region,Nil,1-way,Sealed,,0,0,,100,,Off,2,0,,76,Auckland,Nil,,,,,0,0,Open,1,,,Fine,Null
1766844.1023,5892353.3113,864696,,521202,0,0,0,1,0,Null,2023/2024,LINWOOD ROAD,BLACKBRIDGE ROAD,,Non-Injury Crash,No,2024,0,West,0,0,1,Flat,1,,0,,0,Dark,807000,0,0,0,2,0,0,0,0,0,,0,0,Auckland Region,Nil,2-way,Sealed,0,0,0,0,80,0,On,0,0,,76,Auckland,Give way,0,0,0,0,0,0,Open,0,0,0,Fine,Null
1765450.6059,5914462.0218,864700,,520602,0,,0,2,,Null,2023/2024,CHURCH CRESCENT,KINGS ROAD,,Non-Injury Crash,No,2023,,North,,0,,Flat,,,,,,Dark,629400,0,0,0,2,,,0,,,,,,Auckland Region,Nil,2-way,Sealed,,0,0,,50,,On,0,0,,76,Auckland,Give way,,,,,0,0,Urban,0,,,Fine,Null
1758310.6687,5917089.4667,864703,,519200,0,,0,2,,Null,2024/2025,MANUKAU ROAD,OWENS ROAD,,Non-Injury Crash,No,2024,,North,,0,,Flat,,,,,,Bright sun,613900,0,0,0,4,,,0,,,,,,Auckland Region,Nil,2-way,Sealed,,0,0,,50,,Null,0,0,,76,Auckland,Traffic Signals,,,,,0,0,Urban,0,,,Fine,Null
1759682.2864,5916858.8726,864706,,516001,0,,0,2,,Null,2023/2024,OMAHU ROAD,DROMORNE ROAD,,Non-Injury Crash,No,2023,,South,,0,,Flat,,,,,,Bright sun,491500,0,0,0,2,,,0,,,,,,Auckland Region,Nil,2-way,Sealed,,0,0,,50,,Off,0,0,,76,Auckland,Stop,,,,,0,0,Urban,0,,,Fine,Null
1767348.9916,5901551.3449,864710,,524720,0,,0,0,,Null,2023/2024,GLOUCESTER ROAD,CAMBRIDGE ROAD,,Non-Injury Crash,No,2023,,South,,0,,Flat,,,,,,Overcast,778000,0,0,0,2,,,0,,,,,,Auckland Region,Nil,2-way,Sealed,,0,0,,50,,Off,1,0,,76,Auckland,Nil,,,,,1,0,Urban,0,,,Fine,Null
1754737.5681,5931300.6221,864718,,508520,0,,0,1,,Null,2023/2024,SUNSET ROAD,RAMP ROAD,,Non-Injury Crash,No,2023,,North,,0,,Flat,,,,,,Overcast,191502,0,0,0,2,,,0,,,,,,Auckland Region,Nil,2-way,Sealed,,0,0,,50,,Off,0,0,,76,Auckland,Give way,,,,,0,0,Urban,1,,,Light rain,Null
1753809.2273,5918104.3128,864726,,515432,0,,0,1,,Null,2024/2025,ST LUKES ROAD,DUNCAN MACLEAN LINK,,Minor Crash,No,2024,,South,,0,,Flat,,,,,,Overcast,405500,1,0,1,1,,,0,,,,,,Auckland Region,Nil,1-way,Sealed,,0,0,,50,,Off,0,0,,76,Auckland,Give way,,,,,0,0,Urban,0,,,Light rain,Null
1770587.3533,5901032.7914,864728,,523816,0,,0,2,,West,2024/2025,MAGIC WAY,RIVERTON DRIVE,,Minor Crash,No,2024,,West,,0,,Flat,,,,,,Bright sun,759727,1,0,0,2,,,0,,,,,,Auckland Region,Nil,2-way,Sealed,,0,0,,50,,Off,0,0,,76,Auckland,Nil,,,,,0,0,Urban,0,,,Fine,Null
1740824.9219,5930337.3408,864730,,505604,0,,0,2,,Null,2024/2025,RIVERHEAD ROAD,DEACON ROAD,,Minor Crash,No,2025,,North,,0,,Flat,,Christmas New Year,,,,Bright sun,214202,4,0,0,2,,,0,,,,,,Auckland Region,Nil,2-way,Sealed,,0,0,,80,,None,0,0,,76,Auckland,Stop,,,,,0,0,Open,0,,,Fine,Null
1771219.7049,5912865.2997,864735,,523106,0,0,0,1,0,West,2024/2025,MILLHOUSE DRIVE,DARIA PLACE,,Non-Injury Crash,No,2025,0,East,0,0,0,Null,0,,0,,0,Bright sun,711151,0,0,0,2,0,0,0,0,1,,0,0,Auckland Region,Nil,2-way,Null,0,0,0,0,50,0,Null,0,0,,76,Auckland,Nil,0,0,0,0,0,0,Urban,1,0,0,Fine,Null
1764897.621,5903925.883,864738,,524604,0,,0,1,,Null,2023/2024,NOEL BURNSIDE ROAD,CAVENDISH DRIVE,,Non-Injury Crash,No,2023,,South,,0,,Flat,,,,,,Bright sun,781301,0,0,0,2,,,0,,,,,,Auckland Region,Nil,2-way,Sealed,,0,0,,60,,Off,0,0,,76,Auckland,Traffic Signals,,,,,0,0,Urban,1,,,Fine,None
1769885.7174,5900052.6016,864739,,524902,0,,0,1,,South,2025/2026,SOUTHERN MOTORWAY,MANUREWA-TAKANINI ON RAMP,,Non-Injury Crash,Yes,2025,,North,,0,,Flat,,,,,,Bright sun,759200,0,0,0,3,,,0,,,,,,Auckland Region,Motorway ramp,1-way,Sealed,,0,0,,100,,Off,0,0,,76,Auckland,Nil,,,,,0,0,Open,1,,,Fine,Null
1768962.6456,5900791.61,864742,,525002,0,,0,1,,South,2023/2024,GREAT SOUTH ROAD,WEYMOUTH ROAD,,Non-Injury Crash,No,2024,,North,,0,,Flat,,,,,,Bright sun,752802,0,0,0,2,,,0,,,,,,Auckland Region,Nil,2-way,Sealed,,0,0,,50,,Off,1,0,,76,Auckland,Nil,,,,,0,0,Urban,0,,,Fine,Null
1752268.3551,5926533.4322,864746,,510220,0,0,0,3,0,North,2023/2024,SALISBURY ROAD,PARAMU AVENUE,,Non-Injury Crash,No,2024,0,South,0,0,0,Flat,0,,0,,0,Overcast,350000,0,0,0,2,0,0,0,0,1,,0,0,Auckland Region,Nil,2-way,Sealed,0,0,0,0,50,0,Off,0,0,,76,Auckland,Nil,0,0,0,0,0,0,Urban,0,0,0,Fine,Null
1766350.0778,5900314.8276,864748,,524713,0,0,0,1,0,East,2022/2023,SHARLAND AVENUE,KERN PLACE,,Non-Injury Crash,No,2023,0,East,0,0,0,Hill Road,0,,0,,0,Dark,775808,0,0,0,2,0,0,0,0,0,,0,1,Auckland Region,Nil,2-way,Sealed,0,0,0,0,50,0,On,0,0,,76,Auckland,Nil,0,0,0,0,0,0,Urban,0,0,0,Fine,Null
1745607.8553,5916426.2374,864756,,510800,0,,0,1,,Null,2023/2024,VIEW ROAD,MILLBROOK ROAD,,Non-Injury Crash,No,2023,,Null,,0,,Hill Road,,,,,,Overcast,244500,0,0,0,2,,,0,,,,,,Auckland Region,Nil,2-way,Sealed,,0,0,,50,,Off,0,0,,76,Auckland,Traffic Signals,,,,,0,0,Urban,0,,,Fine,Null
1768782.1939,5880762.1498,864762,,525922,1,,0,1,,East,2023/2024,HARRIS STREET,QUEEN STREET,,Minor Crash,No,2024,,West,,0,,Flat,,,,,,Bright sun,824100,1,0,0,2,,,0,,,,,,Auckland Region,Nil,2-way,Sealed,,0,0,,50,,Off,0,0,,76,Auckland,Nil,,,,,0,0,Urban,0,,,Fine,Null
1745069.9163,5921122.0747,864766,,513530,0,,0,2,,Null,2023/2024,LINCOLN ROAD OFF RAMP,NORTH-WESTERN MOTORWAY,,Non-Injury Crash,No,2024,,South,,0,,Flat,,,,,,Overcast,226303,0,0,0,2,,,0,,,,,,Auckland Region,Nil,1-way,Sealed,,0,0,,100,,Off,0,0,,76,Auckland,Nil,,,,,0,0,Open,0,,,Fine,Null
1754033.7549,5914085.5875,864770,,518802,0,0,0,1,0,Null,2023/2024,SH 20,MAIORO STREET ON RAMP,,Non-Injury Crash,Yes,2023,0,South,0,0,0,Flat,1,,0,,0,Bright sun,579000,0,0,0,3,0,0,0,0,0,,0,0,Auckland Region,Motorway ramp,1-way,Sealed,0,0,0,0,100,0,Off,0,0,,76,Auckland,Nil,0,0,0,0,0,0,Open,1,0,0,Fine,Null
1750040.9728,5915383.0926,864772,,514802,0,,0,2,,West,2023/2024,CANAL ROAD,BELLGROVE PLACE,,Non-Injury Crash,No,2023,,North,,0,,Flat,,,,,,Twilight,386802,0,0,0,2,,,0,,,,,,Auckland Region,Nil,2-way,Sealed,,0,0,,50,,Off,0,0,,76,Auckland,Nil,,,,,0,0,Urban,0,,,Fine,Null
1784429.2809,5913720.2253,864775,,525201,0,,0,1,,Null,2025/2026,OFFROAD - MARAETAI COAST ROAD ,,,Serious Crash,No,2025,,West,,0,,Flat,,,,,,Bright sun,762600,0,0,0,0,,,0,,,1,,,Auckland Region,Nil,Off road,Sealed,,0,1,,10,,None,0,0,,76,Auckland,Nil,,,,,0,0,Urban,0,,,Fine,Null
1755214.9967,5918277.631,864782,,515500,0,,0,1,,East,2023/2024,NORTH-WESTERN MOTORWAY,MOUNTAIN VIEW OBR,,Non-Injury Crash,Yes,2024,,East,,0,,Flat,,,,,,Bright sun,418800,0,0,0,4,,,0,,,,,,Auckland Region,Nil,1-way,Sealed,,0,0,,80,,Off,1,0,,76,Auckland,Nil,,,,,0,0,Open,0,,,Fine,Strong wind
1772027.1678,5898215.1641,864786,,523912,0,,0,2,,North,2023/2024,PORCHESTER ROAD,SIRES PARKWAY,,Non-Injury Crash,No,2023,,North,,0,,Flat,,,,,,Bright sun,765403,0,0,0,2,,,0,,,,,,Auckland Region,Nil,2-way,Sealed,,0,0,,50,,Off,0,0,,76,Auckland,Nil,,,,,0,0,Urban,0,,,Fine,Null
1768130.2558,5902684.2888,864788,,524602,0,,0,1,,Null,2023/2024,GREAT SOUTH ROAD,SUPERCLINIC ROAD,,Non-Injury Crash,No,2023,,North,,0,,Flat,,,,,,Bright sun,780407,0,0,0,4,,,0,,,,,,Auckland Region,Nil,2-way,Sealed,,0,0,,50,,Off,1,0,,76,Auckland,Give way,,,,,0,0,Urban,0,,,Fine,Null
1764963.5543,5908263.6394,864794,,523404,0,,0,2,,Null,2023/2024,GREAT SOUTH ROAD,BAIRDS ROAD,,Non-Injury Crash,No,2023,,South,,0,,Flat,,,,,,Dark,696701,0,0,0,1,,,0,,,,,,Auckland Region,Nil,1-way,Sealed,,0,0,,50,,On,0,0,,76,Auckland,Give way,,,,,0,0,Urban,0,,,Fine,Null
1763164.4476,5908094.3363,864796,,524402,0,,0,1,,Null,2023/2024,MASSEY ROAD,EWART ROAD,,Minor Crash,No,2024,,South,,0,,Flat,,,,,,Bright sun,750000,1,0,0,4,,,0,,,1,,,Auckland Region,Nil,2-way,Sealed,,0,0,,50,,Off,0,0,20,76,Auckland,Give way,,,,,0,0,Urban,0,,,Fine,Null
1752672.9354,5930192.7675,864798,,509100,0,0,0,0,0,East,2023/2024,ALBANY HIGHWAY,UPPER HARBOUR DRIVE,,Non-Injury Crash,No,2023,0,East,0,0,1,Flat,0,,0,,0,Bright sun,181200,0,0,0,2,0,0,0,0,0,,0,0,Auckland Region,Nil,2-way,Sealed,0,0,0,0,60,0,Off,0,0,,76,Auckland,Nil,0,0,0,0,0,0,Urban,1,0,0,Fine,Null
1761023.7808,5907334.004,864808,,524520,0,,0,1,,Null,2023/2024,BUCKLAND ROAD,ROBERTSON ROAD,,Non-Injury Crash,No,2023,,South,,0,,Flat,,,,,,Dark,735500,0,0,0,2,,,0,,,,,,Auckland Region,Nil,2-way,Sealed,,0,0,,50,,On,0,0,,76,Auckland,Give way,,,,,0,0,Urban,1,,,Fine,Null
1759674.935,5924976.6365,864815,,508110,0,,0,1,,South,2024/2025,LAKE ROAD,SCHOOL ROAD,,Minor Crash,No,2025,,South,,0,,Flat,,,,,,Dark,319400,1,0,0,1,,,0,,,1,,,Auckland Region,Nil,1-way,Sealed,,0,0,,20,,On,0,0,,76,Auckland,Nil,,,,,0,0,Urban,0,,,Fine,Null
1771083.3259,5903857.2185,864822,,523818,0,,0,2,,Null,2023/2024,REDOUBT ROAD,MILL ROAD,,Non-Injury Crash,No,2024,,West,,0,,Flat,,,,,,Bright sun,760600,0,0,0,2,,,0,,,,,,Auckland Region,Nil,2-way,Sealed,,0,0,,50,,Off,0,0,,76,Auckland,Stop,,,,,0,0,Urban,0,,,Fine,Null
1756380.3944,5936367.1114,864823,,507000,0,0,0,1,0,North,2024/2025,BEACH ROAD,SHARON ROAD,,Non-Injury Crash,No,2025,0,North,0,0,0,Hill Road,0,,0,,0,Dark,162900,0,0,0,2,0,0,0,0,0,,0,0,Auckland Region,Nil,2-way,Sealed,0,0,0,0,50,0,On,0,0,,76,Auckland,Nil,0,0,0,1,0,0,Urban,0,0,0,Fine,Null
1751155.2778,5915880.496,864844,,514401,0,,0,2,,Null,2022/2023,GREAT NORTH ROAD,VICTOR STREET,,Non-Injury Crash,No,2023,,North,,0,,Flat,,,,,,Bright sun,381801,0,0,0,4,,,0,,,,,,Auckland Region,Nil,2-way,Sealed,,0,0,,50,,Null,0,0,,76,Auckland,Traffic Signals,,,,,0,0,Urban,0,,,Fine,Null
1752330.9486,5925480.4023,864850,,510220,0,0,0,2,0,South,2023/2024,VERBENA ROAD,CASTLETON STREET,,Minor Crash,No,2024,0,South,0,0,0,Hill Road,0,,0,,0,Bright sun,350600,1,0,0,2,0,0,0,0,1,,0,0,Auckland Region,Nil,2-way,Sealed,0,0,0,0,50,0,Off,0,0,,76,Auckland,Nil,0,0,0,0,0,0,Urban,0,0,0,Fine,Null
1775485.0739,5897734.7701,864851,,523813,0,,0,1,,North,2024/2025,PAPAKURA-CLEVEDON ROAD,HEARD ROAD,,Non-Injury Crash,No,2024,,East,,0,,Hill Road,,,,,,Dark,761602,0,0,0,2,,,0,,,,,,Auckland Region,Nil,2-way,Sealed,,0,0,,80,,None,0,0,,76,Auckland,Nil,,,,,0,0,Open,0,,,Heavy rain,Null
1778421.6304,5894642.5498,864856,,521301,0,0,0,1,0,West,2023/2024,HUNUA ROAD,HAYS CREEK ROAD,,Minor Crash,No,2024,0,South,0,0,0,Hill Road,1,,0,,0,Dark,807900,1,0,0,2,0,0,0,0,0,,0,0,Auckland Region,Nil,2-way,Sealed,0,0,0,0,60,0,None,0,0,,76,Auckland,Nil,0,0,0,0,0,0,Urban,0,0,0,Fine,Null
1769844.4105,5914759.395,864858,,522722,0,,0,1,,Null,2023/2024,AVIEMORE DRIVE,PAKURANGA ROAD,,Minor Crash,No,2024,,North,,0,,Flat,,,,,,Bright sun,681324,2,0,0,4,,,0,,,2,,,Auckland Region,Nil,2-way,Sealed,,0,0,,50,,Off,0,0,,76,Auckland,Give way,,,,,0,0,Urban,0,,,Fine,Null
1762140.0595,5914762.6429,864861,,520202,0,0,0,1,0,Null,2024/2025,MAIN HIGHWAY,MICHAELS AVENUE,,Minor Crash,No,2024,0,West,0,0,0,Flat,1,,0,,0,Dark,610700,1,0,0,4,0,0,0,0,0,,0,0,Auckland Region,Nil,2-way,Sealed,0,0,0,0,50,0,On,0,0,,76,Auckland,Nil,0,0,0,0,0,0,Urban,0,0,0,Fine,Null
1744918.3973,5914383.0374,864863,,512905,0,0,0,1,0,Null,2024/2025,PARRS CROSS ROAD,SEYMOUR ROAD,,Non-Injury Crash,No,2024,0,North,0,0,2,Hill Road,0,,0,,0,Bright sun,278903,0,0,0,2,0,0,0,0,0,,0,0,Auckland Region,Nil,2-way,Sealed,0,0,0,0,50,0,Off,0,0,,76,Auckland,Give way,0,0,0,0,0,0,Urban,0,0,0,Fine,Null
1763757.9309,5909794.1833,864870,,521901,0,,0,1,,Null,2025/2026,MASON AVENUE,STATION ROAD,,Minor Crash,No,2025,,North,,0,,Flat,,,,,,Bright sun,784200,1,0,0,2,,,0,,,1,,,Auckland Region,Nil,2-way,Sealed,,0,0,,30,,Off,0,0,,76,Auckland,Stop,,,,,0,0,Urban,0,,,Fine,Null
1761602.5705,5906652.9698,864873,,524112,0,,0,0,,South,2023/2024,SOUTH-WESTERN MOTORWAY,MASSEY ROAD OFF RAMP,,Minor Crash,Yes,2024,,South,,0,,Flat,,,,,,Dark,742300,1,0,0,2,,,0,,,,,,Auckland Region,Nil,1-way,Sealed,,0,0,,100,,On,0,0,,76,Auckland,Nil,,,,,0,1,Open,1,,,Fine,Null
1753345.1235,5914249.0522,864874,,518801,0,0,0,1,0,Null,2024/2025,RICHARDSON ROAD,MAIORO STREET,,Non-Injury Crash,No,2024,0,North,0,0,0,Flat,0,,0,,0,Dark,578400,0,0,0,2,0,0,0,0,0,,0,0,Auckland Region,Nil,2-way,Sealed,0,0,0,0,50,0,On,0,0,,76,Auckland,Traffic Signals,0,1,0,0,0,0,Urban,0,0,0,Fine,Null
1756836.6652,5919198.4127,864875,,514200,0,0,0,1,0,North,2024/2025,NORTH-WESTERN MOTORWAY,WAIMA FTBR,,Non-Injury Crash,Yes,2024,0,West,0,0,0,Hill Road,1,,0,,0,Dark,412900,0,0,0,1,0,0,0,0,0,,0,0,Auckland Region,Nil,1-way,Sealed,0,0,0,0,80,0,On,0,0,,76,Auckland,Nil,0,0,0,0,0,0,Open,0,0,0,Fine,Null
1743334.364,5919593.8652,864883,,513212,0,,0,0,,East,2023/2024,GLEN ROAD,SCARLET DRIVE,,Non-Injury Crash,No,2024,,East,,0,,Hill Road,,,,,,Dark,235725,0,0,0,2,,,0,,,,,,Auckland Region,Nil,2-way,Sealed,,0,0,,50,,On,0,0,,76,Auckland,Nil,,,,,0,0,Urban,2,,,Light rain,Strong wind
1741458.7817,5930333.2278,864886,,505604,0,0,0,1,0,West,2024/2025,RIVERHEAD ROAD,COATESVILLE-RIVERHEAD HIGHWAY,,Non-Injury Crash,No,2024,0,West,0,0,0,Flat,0,,0,,0,Bright sun,213405,0,0,0,2,0,0,0,0,0,,0,1,Auckland Region,Nil,2-way,Sealed,0,0,0,0,80,0,None,0,0,,76,Auckland,Nil,0,0,0,0,0,0,Open,0,0,0,Fine,Null
1763663.1655,5919067.3062,864888,,516500,0,,0,2,,East,2023/2024,KEPA ROAD,GODDEN CRESCENT,,Minor Crash,No,2024,,West,,0,,Flat,,,,,,Overcast,502900,1,0,0,2,,,0,,,,,,Auckland Region,Nil,2-way,Sealed,,0,0,,50,,Off,0,0,,76,Auckland,Nil,,,,,0,0,Urban,0,,,Light rain,Null
1766098.1637,5907326.3149,864889,,522302,0,,0,1,,East,2025/2026,EAST TAMAKI ROAD,HUIA ROAD,,Non-Injury Crash,No,2025,,East,,0,,Flat,,,,,,Dark,667700,0,0,0,4,,,0,,,,,,Auckland Region,Nil,2-way,Sealed,,0,0,,50,,On,0,0,,76,Auckland,Nil,,,,,0,0,Urban,1,,,Light rain,Null
1764509.2204,5904459.9711,864900,,522100,0,0,0,0,0,Null,2023/2024,NOEL BURNSIDE ROAD,PUHINUI ROAD,,Non-Injury Crash,No,2023,0,West,0,0,0,Flat,0,,0,,0,Bright sun,659400,0,0,0,4,0,0,0,0,0,,0,1,Auckland Region,Nil,2-way,Sealed,0,0,0,0,50,0,Off,0,0,,76,Auckland,Traffic Signals,0,0,0,0,1,0,Urban,0,0,0,Fine,Null
1768379.186,5901112.3851,864907,,525001,0,,0,1,,Null,2024/2025,NORTHCREST WAY,BEATTY AVENUE,,Serious Crash,No,2024,,West,,0,,Flat,,,,,,Bright sun,751400,0,0,0,2,,,0,,,1,,,Auckland Region,Nil,2-way,Sealed,,0,1,,50,,Off,0,0,,76,Auckland,Give way,,,,,0,0,Urban,0,,,Fine,Null
1738843.5004,5944442.0836,864911,,506646,0,0,0,1,0,South,2023/2024,KAHIKATEA FLAT ROAD,WAITOKI ROAD,,Non-Injury Crash,No,2024,0,North,0,0,1,Flat,0,,0,,0,Bright sun,213100,0,0,0,2,0,0,0,0,0,,0,0,Auckland Region,Nil,2-way,Sealed,0,0,0,0,50,0,Off,0,0,,76,Auckland,Nil,1,0,0,0,0,0,Urban,0,0,0,Fine,Null
1755869.6726,5916776.1396,864917,,518201,0,0,0,3,0,Null,2024/2025,DOMINION ROAD,ELIZABETH STREET,,Minor Crash,No,2024,0,South,0,0,0,Flat,0,,0,,0,Overcast,549200,2,0,0,2,0,0,0,0,2,,0,0,Auckland Region,Nil,2-way,Sealed,0,0,0,0,50,0,Off,0,0,,76,Auckland,Give way,0,0,0,0,0,0,Urban,0,0,0,Fine,Null
1764640.3759,5911725.8567,864921,,520500,0,,0,1,,North,2023/2024,SOUTHERN MOTORWAY,PANAMA OBR,,Minor Crash,Yes,2024,,North,,0,,Flat,,,,,,Bright sun,636400,1,0,1,3,,,0,,,,,,Auckland Region,Nil,1-way,Sealed,,0,0,,100,,Off,0,0,,76,Auckland,Nil,,,,,0,0,Open,0,,,Fine,Null
1758472.5363,5917390.5823,864924,,516001,0,,0,1,,North,2024/2025,GREAT SOUTH ROAD,MARGOT STREET,,Non-Injury Crash,No,2025,,North,,0,,Null,,,,,,Bright sun,490900,0,0,0,4,,,0,,,,,,Auckland Region,Nil,2-way,Sealed,,0,0,,50,,Null,1,0,,76,Auckland,Nil,,,,,0,0,Urban,0,,,Fine,Null
1763158.0997,5886333.2978,864931,,521122,0,0,0,1,0,Null,2023/2024,GLENBROOK ROAD,BATTY ROAD,,Non-Injury Crash,No,2024,0,East,0,0,1,Flat,0,,0,,0,Overcast,810904,0,0,0,2,0,0,0,0,0,,0,0,Auckland Region,Nil,2-way,Sealed,0,0,0,0,80,0,None,0,0,,76,Auckland,Stop,0,0,0,0,0,0,Open,0,0,0,Fine,Null
1764794.413,5908407.7326,864933,,523404,0,,0,2,,North,2023/2024,GREAT SOUTH ROAD,BAIRDS ROAD,,Minor Crash,No,2024,,South,,0,,Flat,,,,,,Bright sun,696701,1,0,0,4,,,0,,,,,,Auckland Region,Nil,2-way,Sealed,,0,0,,50,,Off,0,0,,76,Auckland,Nil,,,,,0,0,Urban,0,,,Fine,Null
1759757.7152,5909984.1773,864935,,524002,0,,0,1,,South,2024/2025,MAHUNGA DRIVE,MIRO ROAD,,Minor Crash,No,2025,,South,,0,,Flat,,,,,,Bright sun,722400,1,0,0,2,,,0,,,,,,Auckland Region,Nil,2-way,Sealed,,0,0,,50,,Off,1,0,40,76,Auckland,Nil,,,,,0,0,Urban,0,,,Fine,Null
1750942.8122,5914772.1186,864939,,514402,0,,0,2,,South,2024/2025,GREAT NORTH ROAD,LARCH STREET,,Minor Crash,No,2025,,West,,0,,Flat,,,,,,Bright sun,381102,3,0,0,3,,,0,,,,,,Auckland Region,Nil,2-way,Sealed,,0,0,,50,,Off,0,0,,76,Auckland,Nil,,,,,0,0,Urban,0,,,Fine,Null