X,Y,OBJECTID,advisorySpeed,areaUnitID,bicycle,bridge,bus,carStationWagon,cliffBank,crashDirectionDescription,crashFinancialYear,crashLocation1,crashLocation2,crashRoadSideRoad,crashSeverity,crashSHDescription,crashYear,debris,directionRoleDescription,ditch,fatalCount,fence,flatHill,guardRail,holiday,houseOrBuilding,intersection,kerb,light,meshblockId,minorInjuryCount,moped,motorcycle,NumberOfLanes,objectThrownOrDropped,otherObject,otherVehicleType,overBank,parkedVehicle,pedestrian,phoneBoxEtc,postOrPole,region,roadCharacter,roadLane,roadSurface,roadworks,schoolBus,seriousInjuryCount,slipOrFlood,speedLimit,strayAnimal,streetLight,suv,taxi,temporarySpeedLimit,tlaId,tlaName,trafficControl,trafficIsland,trafficSign,train,tree,truck,unknownVehicleType,urban,vanOrUtility,vehicle,waterRiver,weatherA,weatherB
1759007.2621,5912676.3501,864944,,519820,0,0,0,1,0,East,2025/2026,GREY STREET,ONEHUNGA MALL,,Non-Injury Crash,No,2025,0,East,0,0,0,Flat,0,,0,,1,Dark,600500,0,0,0,2,0,0,0,0,1,,0,0,Auckland Region,Nil,2-way,Sealed,0,0,0,0,50,0,On,0,0,,76,Auckland,Nil,0,0,0,0,0,0,Urban,1,0,0,Fine,Null
1764195.4408,5910037.1744,864947,,521901,0,,0,2,,Null,2023/2024,ATKINSON AVENUE,GORDON ROAD,,Non-Injury Crash,No,2024,,North,,0,,Flat,,,,,,Bright sun,783800,0,0,0,2,,,0,,,,,,Auckland Region,Nil,2-way,Sealed,,0,0,,50,,Off,0,0,,76,Auckland,Stop,,,,,0,0,Urban,0,,,Fine,Null
1765380.7892,5920053.2698,864951,,516700,1,,0,0,,West,2024/2025,TAMAKI DRIVE,GOLDIE STREET,,Serious Crash,No,2024,,West,,0,,Flat,,,,,,Twilight,509100,0,0,0,2,,,0,,,1,,,Auckland Region,Speed hump,2-way,Sealed,,0,1,,50,,Off,0,0,,76,Auckland,Nil,,,,,0,0,Urban,0,,,Fine,Null
1767784.2181,5881501.7623,864955,,525910,0,,0,2,,South,2023/2024,HELVETIA ROAD,TASMAN STREET,,Non-Injury Crash,No,2023,,South,,0,,Flat,,,,,,Bright sun,819600,0,0,0,1,,,0,,,,,,Auckland Region,Nil,2-way,Sealed,,0,0,,50,,Off,0,0,,76,Auckland,Nil,,,,,0,0,Urban,0,,,Fine,Null
1777517.7577,5915492.3926,864956,,523300,0,0,0,1,0,Null,2024/2025,JACK LACHLAN DRIVE,TUI BRAE,,Non-Injury Crash,No,2025,0,North,0,0,0,Flat,0,,0,,0,Bright sun,718900,0,0,0,2,0,0,0,0,1,,0,0,Auckland Region,Nil,2-way,Sealed,0,0,0,0,50,0,Off,0,0,,76,Auckland,Nil,0,0,0,0,1,0,Urban,1,0,0,Fine,Null
1754090.4434,5933094.0887,864960,,508805,0,0,0,0,0,West,2024/2025,ROSEDALE ROAD,HUGH GREEN DRIVE,,Non-Injury Crash,No,2024,0,East,0,0,0,Hill Road,0,,0,,0,Bright sun,180866,0,0,0,2,0,0,0,0,0,,0,1,Auckland Region,Nil,2-way,Sealed,0,0,0,0,50,0,Off,0,0,,76,Auckland,Nil,0,0,0,0,1,0,Urban,0,0,0,Fine,Null
1767493.6111,5906621.3656,864964,,523602,0,0,0,2,0,South,2025/2026,BAIRDS ROAD,GUTHREY PLACE,,Non-Injury Crash,No,2025,0,North,0,0,0,Flat,0,,0,,0,Twilight,706100,0,0,0,2,0,0,0,0,1,,0,0,Auckland Region,Nil,2-way,Sealed,0,0,0,0,40,0,On,0,0,,76,Auckland,Nil,0,0,0,0,0,0,Urban,0,0,0,Fine,Null
1752735.2542,5918283.6957,864969,,515002,0,,0,2,,Null,2024/2025,GREAT NORTH ROAD,WALMER ROAD,,Non-Injury Crash,No,2024,,East,,0,,Null,,,,,,Unknown,390501,0,0,0,4,,,0,,,,,,Auckland Region,Nil,2-way,Sealed,,0,0,,50,,Null,0,0,,76,Auckland,Give way,,,,,0,0,Urban,0,,,Null,Null
1765674.6079,5908230.0306,864977,,523404,1,,0,1,,West,2024/2025,BAIRDS ROAD,BAIRDS OBR,,Minor Crash,No,2025,,East,,0,,Hill Road,,,,,,Bright sun,696801,1,0,0,2,,,0,,,,,,Auckland Region,Nil,2-way,Sealed,,0,0,,50,,Off,0,0,,76,Auckland,Nil,,,,,0,0,Urban,0,,,Fine,Null
1754407.8036,5930980.5291,864989,,508520,0,,0,1,,South,2024/2025,NORTHERN MOTORWAY,SUNSET OBR,,Non-Injury Crash,Yes,2024,,South,,0,,Null,,,,,,Unknown,191107,0,0,0,2,,,0,,,,,,Auckland Region,Nil,1-way,Sealed,,0,0,,100,,Null,1,0,,76,Auckland,Nil,,,,,0,0,Open,0,,,Fine,Null
1747610.0029,5919490.1506,864995,,512402,0,,0,0,,West,2022/2023,NORTH-WESTERN MOTORWAY,TE ATATU ROAD OFF RAMP,,Non-Injury Crash,Yes,2023,,West,,0,,Flat,,,,,,Dark,253700,0,0,0,4,,,0,,,,,,Auckland Region,Nil,1-way,Sealed,,0,0,,100,,On,3,0,,76,Auckland,Nil,,,,,0,0,Open,0,,,Fine,Null
1750936.8578,5933426.253,864996,,508806,0,,0,1,,Null,2024/2025,LANDING DRIVE,LANDING DRIVE,,Non-Injury Crash,No,2025,,West,,0,,Flat,,,,,,Bright sun,179803,0,0,0,2,,,0,,,,,,Auckland Region,Nil,2-way,Sealed,,0,0,,50,,Off,1,0,,76,Auckland,Give way,,,,,0,0,Urban,0,,,Fine,Null
1762195.8003,5913624.3891,864999,,520500,0,,0,0,,South,2022/2023,SOUTHERN MOTORWAY,PENROSE OBR,,Non-Injury Crash,Yes,2023,,North,,0,,Flat,,,,,,Bright sun,637100,0,0,0,3,,,0,,,,,,Auckland Region,Nil,1-way,Sealed,,0,0,,100,,Off,2,0,,76,Auckland,Nil,,,,,0,0,Open,0,,,Fine,Null
1748933.5859,5945524.3087,865000,,505806,0,,0,1,,Null,2025/2026,HIBISCUS COAST HIGHWAY,JACK HAWKEN LANE,,Non-Injury Crash,No,2025,,East,,0,,Hill Road,,,,,,Dark,176604,0,0,0,2,,,0,,,,,,Auckland Region,Nil,1-way,Sealed,,0,0,,60,,On,0,0,,76,Auckland,Traffic Signals,,,,,0,0,Urban,0,,,Light rain,Null
1753146.6774,5933938.3676,865004,,508804,0,,0,2,,North,2024/2025,NORTHERN MOTORWAY,GREVILLE ROAD OFF RAMP,,Non-Injury Crash,Yes,2025,,South,,0,,Hill Road,,,,,,Dark,180605,0,0,0,2,,,0,,,,,,Auckland Region,Nil,1-way,Sealed,,0,0,,100,,On,0,0,,76,Auckland,Nil,,,,,0,0,Open,1,,,Fine,Null
1744680.1502,5910993.0951,865007,,512902,0,,0,2,,North,2023/2024,SHAW ROAD,CARTER ROAD,,Minor Crash,No,2023,,South,,0,,Hill Road,,,,,,Bright sun,279700,1,0,0,2,,,0,,,,,,Auckland Region,Nil,2-way,Sealed,,0,0,,70,,Off,0,0,,76,Auckland,Nil,,,,,0,0,Urban,0,,,Fine,Null
1754331.5646,5920563.5072,865008,,515201,0,0,0,0,0,East,2025/2026,JERVOIS ROAD,WEST END ROAD,,Non-Injury Crash,No,2025,0,West,0,0,1,Flat,0,,0,,0,Dark,422100,0,0,0,3,0,0,0,0,0,,0,0,Auckland Region,Nil,2-way,Sealed,0,0,0,0,50,0,On,0,0,,76,Auckland,Nil,0,0,0,1,0,0,Urban,1,0,0,Fine,Null
1756395.5448,5919797.6246,865017,,514000,0,0,0,2,0,North,2023/2024,HOWE STREET,BERESFORD STREET CENTRAL,,Non-Injury Crash,No,2024,0,South,0,0,0,Flat,0,,0,,0,Twilight,413500,0,0,0,2,0,0,0,0,1,,0,0,Auckland Region,Nil,2-way,Sealed,0,0,0,0,30,0,Off,0,0,,76,Auckland,Nil,0,0,0,0,0,0,Urban,0,0,0,Fine,Null
1753184.6913,5914197.694,865019,,514500,0,,0,2,,West,2023/2024,MAIORO STREET,CORDELIA PLACE,,Non-Injury Crash,No,2023,,East,,0,,Flat,,,,,,Overcast,376800,0,0,0,4,,,0,,,,,,Auckland Region,Nil,2-way,Sealed,,0,0,,50,,Off,0,0,,76,Auckland,Nil,,,,,0,0,Urban,0,,,Fine,Null
1764005.8546,5909955.3541,865021,,521901,0,,0,0,,Null,2024/2025,GREAT SOUTH ROAD,STATION ROAD,,Non-Injury Crash,No,2024,,North,,0,,Flat,,,,,,Overcast,784200,0,0,0,2,,,0,,,1,,,Auckland Region,Nil,2-way,Sealed,,0,0,,30,,None,0,0,,76,Auckland,Stop,,,,,0,1,Urban,0,,,Fine,Null
1770446.6426,5911038.5677,865023,,523109,0,,0,1,,Null,2023/2024,OFF ROAD - CARPARK,,,Minor Crash,No,2024,,North,,0,,Flat,,,,,,Bright sun,711709,1,0,0,0,,,0,,,1,,,Auckland Region,Nil,Off road,Sealed,,0,0,,10,,Off,0,0,,76,Auckland,Nil,,,,,0,0,Urban,0,,,Fine,Null
1755541.0865,5924666.1033,865027,,509800,0,0,0,1,0,Null,2023/2024,ONEWA ROAD,LAKE ROAD,,Non-Injury Crash,No,2023,0,East,0,0,1,Flat,0,Christmas New Year,0,,0,Overcast,360300,0,0,0,4,0,0,0,0,0,,0,0,Auckland Region,Nil,2-way,Sealed,0,0,0,0,50,0,Off,0,0,,76,Auckland,Nil,0,1,0,0,0,0,Urban,0,0,0,Fine,Null
1755560.375,5928929.6907,865028,,508320,0,,0,1,,South,2024/2025,NORTHERN MOTORWAY,TRISTRAM OBR,,Non-Injury Crash,Yes,2025,,North,,0,,Flat,,,,,,Bright sun,198500,0,0,0,3,,,0,,,,,,Auckland Region,Nil,1-way,Sealed,,0,0,,100,,Off,0,0,,76,Auckland,Nil,,,,,0,0,Open,1,,,Fine,Null
1744536.2835,5923488.288,865033,,513521,0,0,0,2,0,South,2023/2024,OREIL AVENUE,FITZHERBERT AVENUE,,Non-Injury Crash,No,2023,0,East,0,0,0,Flat,0,,0,,0,Dark,224221,0,0,0,2,0,0,0,0,1,,0,0,Auckland Region,Nil,2-way,Sealed,0,0,0,0,50,0,On,0,0,,76,Auckland,Nil,0,0,0,0,0,0,Urban,0,0,0,Fine,Null
1773242.2442,5899609.1453,865035,,523912,0,,0,1,,Null,2022/2023,MILL ROAD,AIRFIELD ROAD,,Non-Injury Crash,No,2023,,North,,0,,Flat,,,,,,Dark,765401,0,0,0,1,,,0,,,,,,Auckland Region,Nil,1-way,Sealed,,0,0,,80,,On,0,0,,76,Auckland,Give way,,,,,0,0,Open,1,,,Fine,Null
1750137.1276,5946553.1234,865037,,505806,0,0,0,2,0,North,2024/2025,SILVERDALE STREET,WAINUI ROAD,,Serious Crash,No,2024,1,South,0,0,0,Flat,0,,0,,0,Dark,176504,3,0,0,4,0,0,0,0,0,,0,0,Auckland Region,Nil,2-way,Sealed,0,0,1,0,50,0,On,0,0,,76,Auckland,Nil,0,1,0,0,0,0,Urban,0,0,0,Fine,Null
1760532.0389,5915236.3673,865041,,520202,0,,0,0,,Null,2023/2024,MAIN HIGHWAY,WALPOLE STREET,,Minor Crash,No,2023,,East,,0,,Flat,,,,,,Bright sun,613200,1,0,0,2,,,0,,,,,,Auckland Region,Nil,2-way,Sealed,,0,0,,50,,Off,0,0,,76,Auckland,Stop,,,,,0,0,Urban,2,,,Fine,Null
1767148.6862,5903338.1738,865045,,524602,0,0,0,2,0,North,2023/2024,DRUCES ROAD,EARL RICHARDSON AVENUE,,Non-Injury Crash,No,2023,0,North,0,0,0,Flat,0,,0,,0,Dark,780404,0,0,0,2,0,0,0,0,1,,0,0,Auckland Region,Nil,1-way,Sealed,0,0,0,0,60,0,On,0,0,,76,Auckland,Nil,0,0,0,0,0,0,Urban,0,0,0,Fine,Null
1752175.1812,5918590.908,865052,,515002,0,0,0,2,0,North,2024/2025,POINT CHEVALIER ROAD,SMALE STREET,,Non-Injury Crash,No,2025,0,South,0,0,0,Flat,0,,0,,0,Bright sun,391800,0,0,0,2,0,0,0,0,1,,0,0,Auckland Region,Nil,2-way,Sealed,0,0,0,0,50,0,None,0,0,,76,Auckland,Nil,0,0,0,0,0,0,Urban,0,0,0,Fine,Null
1771341.58,5900043.2159,865055,,523911,0,,0,1,,Null,2023/2024,PORCHESTER ROAD,POPES ROAD,,Minor Crash,No,2023,,South,,0,,Flat,,,,,,Dark,767100,2,0,0,2,,,0,,,,,,Auckland Region,Nil,2-way,Sealed,,0,0,,60,,On,0,0,,76,Auckland,Stop,,,,,0,0,Urban,1,,,Fine,Null
1732448.4787,5976893.8044,865057,45,506660,0,,0,0,,North,2024/2025,KAIPARA COAST HIGHWAY,LEVET ROAD,,Minor Crash,Yes,2025,,North,,0,,Hill Road,,,,,,Bright sun,144600,1,0,1,2,,,0,,,,,,Auckland Region,Nil,2-way,Sealed,,0,0,,100,,None,0,0,,76,Auckland,Nil,,,,,0,0,Open,0,,,Fine,Null
1773598.1156,5896487.9644,865068,,525620,0,,0,2,,West,2023/2024,WILLIS ROAD,EDMUND HILLARY AVENUE,,Non-Injury Crash,No,2024,,West,,0,,Flat,,,,,,Bright sun,797000,0,0,0,2,,,0,,,,,,Auckland Region,Nil,2-way,Sealed,,0,0,,50,,Off,0,0,,76,Auckland,Nil,,,,,0,0,Urban,0,,,Fine,None
1764902.5859,5913340.6081,865073,,520500,0,0,0,1,0,East,2023/2024,ALLRIGHT PLACE,DONNOR PLACE,,Non-Injury Crash,No,2023,0,East,0,0,0,Flat,0,,0,,0,Bright sun,638906,0,0,0,2,0,0,0,0,0,,0,1,Auckland Region,Nil,2-way,Sealed,0,0,0,0,50,0,Off,0,0,,76,Auckland,Nil,0,0,0,0,0,0,Urban,0,0,0,Fine,Null
1768404.7272,5900661.6764,865076,,525001,0,,0,2,,Null,2024/2025,RUSSELL ROAD,WEYMOUTH ROAD,,Non-Injury Crash,No,2024,,South,,0,,Flat,,,,,,Dark,752400,0,0,0,2,,,0,,,,,,Auckland Region,Nil,2-way,Sealed,,0,0,,50,,On,1,0,,76,Auckland,Traffic Signals,,,,,0,0,Urban,0,,,Fine,Null
1756069.2944,5918692.4524,865077,,515500,0,,0,2,,North,2023/2024,NORTH-WESTERN MOTORWAY,WAIMA FTBR,,Non-Injury Crash,Yes,2023,,North,,0,,Flat,,,,,,Dark,417600,0,0,0,4,,,0,,,,,,Auckland Region,Nil,1-way,Sealed,,0,0,,80,,On,0,0,,76,Auckland,Nil,,,,,0,0,Open,1,,,Fine,Null
1769113.8425,5889404.8128,865080,,521122,0,,0,2,,Null,2025/2026,KARAKA ROAD,BLACKBRIDGE ROAD,,Minor Crash,Yes,2025,,North,,0,,Flat,,,,,,Bright sun,810000,1,0,0,2,,,0,,,,,,Auckland Region,Nil,2-way,Sealed,,0,0,,80,,Off,0,0,,76,Auckland,Stop,,,,,0,0,Open,0,,,Fine,Null
1746119.9082,5950375.403,865085,,506201,0,0,0,0,0,South,2024/2025,UPPER OREWA ROAD,WERANUI ROAD,,Minor Crash,No,2024,0,North,0,0,0,Hill Road,0,,0,,0,Overcast,176406,1,0,0,2,0,0,0,0,0,,0,0,Auckland Region,Nil,2-way,Sealed,0,0,0,0,60,0,None,1,0,,76,Auckland,Nil,0,0,0,0,0,0,Urban,0,0,0,Fine,Null
1755338.1033,5921921.3145,865087,,515202,0,,1,0,,South,2022/2023,NORTHERN MOTORWAY,HARBOUR BR S,,Non-Injury Crash,Yes,2023,,North,,0,,Hill Road,,,,,,Dark,423600,0,0,0,3,,,0,,,,,,Auckland Region,Nil,1-way,Sealed,,0,0,,80,,On,0,0,,76,Auckland,Nil,,,,,1,0,Open,1,,,Mist or Fog,Null
1751502.3302,5915510.9447,865093,,514401,0,,0,2,,West,2024/2025,ROSEBANK ROAD,BLOCKHOUSE BAY ROAD,,Non-Injury Crash,No,2024,,North,,0,,Null,,,,,,Bright sun,382200,0,0,0,2,,,0,,,,,,Auckland Region,Nil,2-way,Sealed,,0,0,,50,,Null,0,0,,76,Auckland,Nil,,,,,0,0,Urban,0,,,Null,Null
1752328.334,5926700.6097,865095,,510210,0,0,0,2,0,Null,2023/2024,LAUDERDALE ROAD,ESKDALE ROAD,,Non-Injury Crash,No,2023,0,East,0,0,0,Flat,0,,0,,0,Dark,348400,0,0,0,2,0,0,0,0,0,,0,0,Auckland Region,Nil,2-way,Sealed,0,0,0,0,50,0,On,0,0,,76,Auckland,Give way,0,1,0,0,0,0,Urban,0,0,0,Light rain,Null
1764171.9819,5912945.0602,865099,,520500,0,,0,2,,East,2023/2024,SOUTH-EASTERN HIGHWAY,TE KEHU WAY,,Non-Injury Crash,No,2023,,West,,0,,Flat,,,,,,Bright sun,639100,0,0,0,2,,,0,,,,,,Auckland Region,Bridge,1-way,Sealed,,0,0,,80,,Off,0,0,,76,Auckland,Nil,,,,,0,0,Open,1,,,Fine,Null
1765583.4242,5907008.2757,865101,,522301,0,,0,1,,Null,2022/2023,EAST TAMAKI ROAD,GREAT SOUTH ROAD,,Non-Injury Crash,No,2023,,West,,0,,Flat,,,,,,Dark,666200,0,0,0,4,,,0,,,,,,Auckland Region,Nil,2-way,Sealed,,0,0,,50,,On,0,0,,76,Auckland,Traffic Signals,,,,,0,0,Urban,1,,,Fine,None
1770192.968,5899063.7542,865112,,523920,0,,0,1,,Null,2024/2025,CHALLEN CLOSE,GREAT SOUTH ROAD,,Serious Crash,No,2024,,East,,0,,Flat,,,,,,Dark,768005,0,0,0,2,,,0,,,1,,,Auckland Region,Nil,2-way,Sealed,,0,2,,50,,On,0,0,,76,Auckland,Stop,,,,,0,0,Urban,0,,,Fine,Null
1745913.9789,5917525.3497,865113,,510700,0,0,0,0,0,North,2023/2024,EDMONTON ROAD,TAKAPU STREET,,Minor Crash,No,2024,0,East,0,0,0,Hill Road,0,,0,,0,Dark,240401,1,0,1,2,0,0,0,0,0,,0,0,Auckland Region,Nil,2-way,Sealed,0,0,0,0,50,0,On,0,0,,76,Auckland,Nil,0,0,0,0,0,0,Urban,0,0,0,Fine,Null
1763176.2402,5915004.6591,865117,,520303,0,,0,2,,Null,2022/2023,ELLERSLIE-PANMURE HIGHWAY,BANKS ROAD,,Non-Injury Crash,No,2023,,West,,0,,Flat,,,,,,Overcast,626700,0,0,0,4,,,0,,,,,,Auckland Region,Nil,2-way,Sealed,,0,0,,50,,Off,0,0,,76,Auckland,Give way,,,,,0,0,Urban,0,,,Fine,Null
1742310.2227,5991643.1589,865123,,506660,0,0,0,1,1,South,2023/2024,MANGAWHAI ROAD,FAIRY HILL ROAD,,Non-Injury Crash,No,2024,0,South,0,0,0,Hill Road,0,,0,,0,Dark,135400,0,0,0,2,0,0,0,0,0,,0,0,Auckland Region,Nil,2-way,Sealed,0,0,0,0,100,0,None,0,0,,76,Auckland,Nil,0,0,0,0,0,0,Open,0,0,0,Fine,Null
1760074.5071,5907142.7812,865124,,524111,0,,0,3,,West,2023/2024,BADER DRIVE,ORLY AVENUE,,Non-Injury Crash,No,2024,,South,,0,,Flat,,,,,,Bright sun,740000,0,0,0,1,,,0,,,,,,Auckland Region,Nil,1-way,Sealed,,0,0,,50,,Off,0,0,,76,Auckland,Nil,,,,,0,0,Urban,0,,,Fine,None
1765811.5514,5913418.293,865125,,522920,0,,0,3,,West,2023/2024,PAKURANGA ROAD,MILLEN AVENUE,,Non-Injury Crash,No,2023,,West,,0,,Flat,,,,,,Bright sun,683000,0,0,0,2,,,0,,,,,,Auckland Region,Nil,1-way,Sealed,,0,0,,50,,Off,0,0,40,76,Auckland,Nil,,,,,0,0,Urban,1,,,Fine,Null
1768525.1413,5901230.0347,865127,,525001,0,0,0,1,0,West,2023/2024,NORTHCREST WAY,GREAT SOUTH ROAD,,Non-Injury Crash,No,2024,0,North,0,0,1,Flat,0,,0,,0,Dark,751500,0,0,0,2,0,0,0,0,0,,0,0,Auckland Region,Nil,2-way,Sealed,0,0,0,0,50,0,On,0,0,,76,Auckland,Nil,0,0,0,0,0,0,Urban,0,0,0,Light rain,Null
1770390.7261,5914790.2752,865131,,521601,0,,0,4,,Null,2023/2024,WILLOUGHBY AVENUE,ANGELO AVENUE,,Non-Injury Crash,No,2024,,North,,0,,Hill Road,,Queens Birthday,,,,Overcast,645300,0,0,0,2,,,0,,,,,,Auckland Region,Nil,2-way,Sealed,,0,0,,50,,Off,0,0,,76,Auckland,Give way,,,,,0,0,Urban,0,,,Fine,Null
1757788.3231,5918189.3016,865133,,515700,0,,0,2,,South,2023/2024,SOUTHERN MOTORWAY,MOUNTAIN OBR,,Non-Injury Crash,Yes,2024,,North,,0,,Hill Road,,,,,,Bright sun,443600,0,0,0,4,,,0,,,,,,Auckland Region,Nil,1-way,Sealed,,0,0,,80,,Off,0,0,,76,Auckland,Nil,,,,,0,0,Open,2,,,Fine,Null
1765524.355,5908762.1746,865136,,523403,0,0,0,1,0,South,2023/2024,SOUTHERN MOTORWAY,HIGHBROOK OBR,,Non-Injury Crash,Yes,2024,0,North,0,0,0,Flat,1,,0,,0,Overcast,700100,0,0,0,3,0,0,0,0,0,,0,0,Auckland Region,Nil,1-way,Sealed,0,0,0,0,100,0,Off,0,0,,76,Auckland,Nil,0,0,0,0,0,0,Open,0,0,0,Fine,Null
1765616.7657,5908847.6964,865137,45,523402,0,,0,2,,Null,2023/2024,HELLABYS ROAD,HIGHBROOK DRIVE,,Non-Injury Crash,No,2023,,West,,0,,Flat,,,,,,Overcast,696900,0,0,0,2,,,0,,,,,,Auckland Region,Nil,1-way,Sealed,,0,0,,50,,Off,0,0,,76,Auckland,Give way,,,,,0,0,Urban,0,,,Fine,Null
1755705.4205,5928642.3207,865155,,508510,0,,0,2,,North,2023/2024,NORTHERN MOTORWAY,TRISTRAM AVENUE ON RAMP,,Non-Injury Crash,Yes,2023,,South,,0,,Flat,,,,,,Twilight,195700,0,0,0,3,,,0,,,,,,Auckland Region,Nil,1-way,Sealed,,0,0,,100,,Off,1,0,,76,Auckland,Nil,,,,,0,0,Open,1,,,Fine,Null
1753830.889,5926762.2673,865167,,508220,0,,0,2,,Null,2023/2024,GLENFIELD ROAD,CORONATION ROAD,,Non-Injury Crash,No,2024,,South,,0,,Flat,,,,,,Overcast,187803,0,0,0,1,,,0,,,,,,Auckland Region,Nil,2-way,Sealed,,0,0,,50,,Off,0,0,,76,Auckland,Give way,,,,,0,0,Urban,0,,,Fine,Null
1730272.2253,5938714.0197,865168,,506648,0,0,0,1,0,South,2024/2025,WISHART ROAD,HAND ROAD,,Non-Injury Crash,No,2024,0,North,0,0,0,Hill Road,0,,0,,0,Dark,212106,0,0,0,2,0,0,0,0,0,,0,1,Auckland Region,Nil,2-way,Sealed,0,0,0,0,50,0,None,0,0,,76,Auckland,Nil,0,1,0,0,0,0,Urban,0,0,0,Fine,Null
1764415.0879,5904898.108,865172,45,522100,0,0,0,1,0,South,2024/2025,WYLLIE ROAD,PAH ROAD,,Non-Injury Crash,No,2025,0,South,0,0,0,Hill Road,0,,0,,0,Dark,659200,0,0,0,2,0,0,0,0,1,,0,0,Auckland Region,Nil,2-way,Sealed,0,0,0,0,50,0,On,0,0,40,76,Auckland,Nil,0,0,0,0,0,0,Urban,0,0,0,Fine,Null
1763796.343,5913143.7717,865175,,520500,0,,0,1,,Null,2023/2024,MAHORA WAY,MOUNT WELLINGTON HIGHWAY,,Non-Injury Crash,No,2024,,West,,0,,Flat,,,,,,Overcast,637500,0,0,0,2,,,0,,,,,,Auckland Region,Nil,2-way,Sealed,,0,0,,30,,On,1,0,,76,Auckland,Traffic Signals,,,,,0,0,Urban,0,,,Fine,Null
1768362.6524,5900610.1207,865181,,525101,0,0,0,1,0,East,2023/2024,WEYMOUTH ROAD,BOWATER PLACE,,Non-Injury Crash,No,2024,0,East,0,0,1,Flat,0,,0,,0,Twilight,771100,0,0,0,2,0,0,0,0,0,,0,0,Auckland Region,Nil,2-way,Sealed,0,0,0,0,50,0,Off,0,0,,76,Auckland,Nil,0,0,0,0,0,0,Urban,0,0,0,Fine,Null
1767177.3385,5912344.1815,865184,,522920,0,,0,1,,South,2024/2025,TI RAKAU DRIVE,MARRIOTT ROAD,,Non-Injury Crash,No,2025,,North,,0,,Flat,,,,,,Dark,686900,0,0,0,2,,,0,,,,,,Auckland Region,Nil,1-way,Sealed,,0,0,,50,,On,0,0,,76,Auckland,Nil,,,,,0,0,Urban,1,,,Fine,Null
1767984.8557,5899061.7813,865185,,525102,0,,0,1,,North,2023/2024,VOLANTE AVENUE,INNISMARA AVENUE,,Minor Crash,No,2023,,South,,0,,Flat,,,,,,Bright sun,769100,1,0,0,2,,,0,,,1,,,Auckland Region,Nil,2-way,Sealed,,0,0,,50,,None,0,0,,76,Auckland,Nil,,,,,0,0,Urban,0,,,Fine,Null
1760923.2259,5915291.9478,865187,,520201,0,0,0,1,0,South,2023/2024,TECOMA STREET ON RAMP,TECOMA STREET,,Non-Injury Crash,No,2023,0,South,0,0,0,Flat,1,,0,,0,Twilight,613500,0,0,0,1,0,0,0,0,0,,0,0,Auckland Region,Motorway ramp,1-way,Sealed,0,0,0,0,100,0,On,0,0,,76,Auckland,Nil,0,0,0,0,0,0,Open,0,0,0,Fine,Null
1763488.7845,5904822.5682,865195,,524604,0,,0,2,,North,2023/2024,SOUTH-WESTERN MOTORWAY,PUHINUI ROAD-SH 20B ON RAMP,,Non-Injury Crash,Yes,2023,,South,,0,,Flat,,,,,,Dark,780902,0,0,0,2,,,0,,,,,,Auckland Region,Nil,1-way,Sealed,,0,0,,100,,On,0,0,70,76,Auckland,Nil,,,,,0,0,Open,0,,,Fine,Null
1749434.3915,5945802.0633,865200,,505806,0,,0,1,,West,2022/2023,HIBISCUS COAST HIGHWAY,EAST COAST ROAD,,Non-Injury Crash,No,2023,,East,,0,,Null,,,,,,Unknown,176602,0,0,0,2,,,0,,,,,,Auckland Region,Nil,1-way,Sealed,,0,0,,50,,Off,0,0,,76,Auckland,Nil,,,,,0,0,Urban,1,,,Null,Null
1755611.2282,5913230.7775,865211,,518701,0,0,0,1,0,East,2023/2024,SOUTH-WESTERN MOTORWAY,KEITH HAY PARK FTBR,,Non-Injury Crash,Yes,2023,0,East,0,0,0,Flat,1,,0,,0,Overcast,569700,0,0,0,3,0,0,0,0,0,,0,0,Auckland Region,Nil,1-way,Sealed,0,0,0,0,100,0,Off,0,0,,76,Auckland,Nil,0,0,0,0,0,0,Open,0,0,0,Fine,Null
1768886.1246,5911580.9403,865213,,523107,0,,0,1,,West,2023/2024,TI RAKAU DRIVE,TORRENS ROAD,,Non-Injury Crash,No,2024,,East,,0,,Flat,,,,,,Dark,711402,0,0,0,3,,,0,,,,,,Auckland Region,Nil,1-way,Sealed,,0,0,,50,,On,1,0,,76,Auckland,Nil,,,,,0,0,Urban,1,,,Fine,Null
1756000.2644,5918624.9074,865217,,515500,0,0,0,1,0,Null,2023/2024,NEWTON ROAD OFF RAMP,NORTH-WESTERN MOTORWAY,,Non-Injury Crash,No,2023,0,North,0,0,0,Flat,0,,0,,0,Dark,418600,0,0,0,3,0,0,0,0,0,,0,1,Auckland Region,Motorway ramp,1-way,Sealed,0,0,0,0,80,0,On,0,0,,76,Auckland,Nil,0,0,0,0,0,0,Open,0,0,0,Fine,Null
1758313.5344,5879193.9405,865219,,521152,0,0,0,0,0,East,2023/2024,WAIUKU ROAD,MORLEY ROAD,,Non-Injury Crash,No,2023,0,West,0,0,0,Hill Road,0,,0,,0,Dark,832800,0,0,0,2,0,0,0,0,0,,0,0,Auckland Region,Nil,2-way,Sealed,0,0,0,0,80,0,None,0,0,,76,Auckland,Nil,0,0,0,1,0,0,Open,1,0,0,Fine,Null
1770129.5879,5898421.7062,865221,,523920,0,,0,2,,South,2023/2024,SOUTHERN MOTORWAY,WALTER STREVENS OBR,,Non-Injury Crash,Yes,2024,,North,,0,,Flat,,,,,,Bright sun,767918,0,0,0,3,,,0,,,,,,Auckland Region,Nil,1-way,Sealed,,0,0,,100,,Off,0,0,,76,Auckland,Nil,,,,,0,0,Open,0,,,Fine,Null