X,Y,OBJECTID,advisorySpeed,areaUnitID,bicycle,bridge,bus,carStationWagon,cliffBank,crashDirectionDescription,crashFinancialYear,crashLocation1,crashLocation2,crashRoadSideRoad,crashSeverity,crashSHDescription,crashYear,debris,directionRoleDescription,ditch,fatalCount,fence,flatHill,guardRail,holiday,houseOrBuilding,intersection,kerb,light,meshblockId,minorInjuryCount,moped,motorcycle,NumberOfLanes,objectThrownOrDropped,otherObject,otherVehicleType,overBank,parkedVehicle,pedestrian,phoneBoxEtc,postOrPole,region,roadCharacter,roadLane,roadSurface,roadworks,schoolBus,seriousInjuryCount,slipOrFlood,speedLimit,strayAnimal,streetLight,suv,taxi,temporarySpeedLimit,tlaId,tlaName,trafficControl,trafficIsland,trafficSign,train,tree,truck,unknownVehicleType,urban,vanOrUtility,vehicle,waterRiver,weatherA,weatherB
1773229.9009,5899652.6979,865225,,523911,0,0,0,1,0,North,2023/2024,MILL ROAD,AIRFIELD ROAD,,Non-Injury Crash,No,2024,0,North,0,0,0,Flat,0,,0,,0,Bright sun,767204,0,0,0,2,0,0,0,0,0,,0,1,Auckland Region,Nil,2-way,Sealed,0,0,0,0,80,0,None,0,0,,76,Auckland,Nil,0,0,0,0,0,0,Open,0,0,0,Fine,Null
1772805.9459,5907380.4419,865231,65,523713,0,0,0,1,0,East,2024/2025,ORMISTON ROAD,JEFFS ROAD,,Minor Crash,No,2024,0,East,0,0,1,Hill Road,0,,0,,0,Overcast,712600,1,0,0,4,0,0,0,0,0,,0,0,Auckland Region,Nil,2-way,Sealed,0,0,0,0,80,0,Off,0,0,,76,Auckland,Nil,0,0,0,1,0,0,Open,0,0,0,Light rain,Null
1754472.6311,5913763.776,865233,,518802,0,0,0,0,0,West,2024/2025,SOUTH-WESTERN MOTORWAY,MAY OBR,,Non-Injury Crash,Yes,2024,0,West,0,0,0,Flat,1,,0,,0,Dark,579200,0,0,0,3,0,0,0,0,0,,0,0,Auckland Region,Nil,1-way,Sealed,0,0,0,0,100,0,On,0,0,,76,Auckland,Nil,0,0,0,0,0,0,Open,1,0,0,Light rain,Null
1759313.5887,5906710.7017,865235,,524122,0,,0,2,,North,2023/2024,GEORGE BOLT MEMORIAL DRIVE,KIRKBRIDE ROAD,,Non-Injury Crash,Yes,2024,,North,,0,,Hill Road,,,,,,Overcast,739802,0,0,0,2,,,0,,,,,,Auckland Region,Nil,1-way,Sealed,,0,0,,100,,Off,0,0,,76,Auckland,Nil,,,,,0,0,Open,0,,,Fine,Null
1760375.5862,5915731.4021,865236,,516003,0,,1,0,,West,2025/2026,SOUTHERN MOTORWAY,GREEN LANE EAST OFF RAMP,,Non-Injury Crash,Yes,2026,,North,,0,,Flat,,,,,,Overcast,494902,0,0,0,3,,,0,,,,,,Auckland Region,Nil,1-way,Sealed,,0,0,,100,,Off,0,0,,76,Auckland,Nil,,,,,0,0,Open,1,,,Fine,Null
1761421.5505,5915909.0215,865243,,516003,0,,0,3,,Null,2023/2024,LADIES MILE,ABBOTTS WAY,,Non-Injury Crash,No,2024,,South,,0,,Flat,,,,,,Dark,494902,0,0,0,3,,,0,,,,,,Auckland Region,Nil,2-way,Sealed,,0,0,,50,,On,0,0,,76,Auckland,Traffic Signals,,,,,0,0,Urban,0,,,Fine,Null
1766894.9773,5903857.3389,865244,,524604,0,,0,1,,Null,2024/2025,LAMBIE DRIVE OFF RAMP,LAMBIE DRIVE,,Non-Injury Crash,No,2024,,West,,0,,Null,,,,,,Bright sun,780210,0,0,0,2,,,0,,,,,,Auckland Region,Nil,1-way,Sealed,,0,0,,60,,Null,0,0,,76,Auckland,Traffic Signals,,,,,0,1,Urban,0,,,Fine,Null
1764903.6313,5903929.1283,865249,,524604,0,,0,3,,Null,2024/2025,NOEL BURNSIDE ROAD,CAVENDISH DRIVE,,Non-Injury Crash,No,2024,,North,,0,,Flat,,,,,,Bright sun,781301,0,0,0,2,,,0,,,,,,Auckland Region,Nil,2-way,Sealed,,0,0,,50,,Off,0,0,,76,Auckland,Give way,,,,,0,0,Urban,0,,,Fine,Null
1761672.5406,5912464.2343,865252,,519500,0,,0,1,,East,2024/2025,CHURCH STREET,NEILSON STREET,,Non-Injury Crash,No,2024,,East,,0,,Null,,,,,,Bright sun,622400,0,0,0,4,,,0,,,,,,Auckland Region,Nil,2-way,Sealed,,0,0,,50,,Null,0,0,,76,Auckland,Nil,,,,,0,0,Urban,0,,,Null,Null
1767438.9489,5904926.7891,865257,,524604,0,,0,2,,Null,2024/2025,CAVENDISH DRIVE,GREAT SOUTH ROAD,,Minor Crash,No,2025,,West,,0,,Flat,,,,,,Bright sun,780302,1,0,0,4,,,0,,,,,,Auckland Region,Nil,2-way,Sealed,,0,0,,50,,Off,0,0,,76,Auckland,Traffic Signals,,,,,0,0,Urban,0,,,Fine,Null
1755626.1598,5913293.3276,865260,,518803,0,0,0,1,0,South,2024/2025,SOMERSET ROAD,CARR ROAD,,Non-Injury Crash,No,2025,0,West,0,0,0,Flat,0,,0,,0,Dark,582700,0,0,0,2,0,0,0,0,0,,0,1,Auckland Region,Nil,2-way,Sealed,0,0,0,0,50,0,On,0,0,,76,Auckland,Nil,0,0,0,0,0,0,Urban,0,0,0,Fine,Null
1756460.8705,5913119.6723,865277,,518701,0,,0,2,,West,2023/2024,CARR ROAD,GERRARD STREET,,Non-Injury Crash,No,2024,,East,,0,,Flat,,,,,,Bright sun,569000,0,0,0,2,,,0,,,,,,Auckland Region,Nil,2-way,Sealed,,0,0,,50,,Off,0,0,,76,Auckland,Nil,,,,,0,0,Urban,0,,,Fine,None
1768192.7373,5907929.3154,865281,,523502,0,,0,3,,North,2024/2025,EAST TAMAKI ROAD,PRESTON ROAD,,Non-Injury Crash,No,2024,,South,,0,,Flat,,,,,,Dark,703800,0,0,0,3,,,0,,,,,,Auckland Region,Nil,2-way,Sealed,,0,0,,50,,On,0,0,,76,Auckland,Nil,,,,,0,0,Urban,0,,,Light rain,Null
1751922.6659,5919921.7336,865284,,515002,0,,0,1,,Null,2024/2025,POINT CHEVALIER ROAD,JOAN STREET,,Non-Injury Crash,No,2024,,North,,0,,Flat,,,,,,Bright sun,394300,0,0,0,2,,,0,,,,,,Auckland Region,Nil,2-way,Sealed,,0,0,,50,,Off,1,0,,76,Auckland,Give way,,,,,0,0,Urban,0,,,Fine,Null
1768699.236,5901044.9983,865287,,524901,0,,0,2,,South,2022/2023,GREAT SOUTH ROAD,SOUTH MALL ACCESS,,Non-Injury Crash,No,2023,,North,,0,,Flat,,,,,,Dark,757100,0,0,0,2,,,0,,,,,,Auckland Region,Nil,2-way,Sealed,,0,0,,50,,On,0,0,,76,Auckland,Nil,,,,,0,0,Urban,0,,,Light rain,Null
1759333.8691,5916312.5886,865291,,516002,0,,0,5,,Null,2022/2023,GREAT SOUTH ROAD,OMAHU ROAD,,Non-Injury Crash,No,2023,,North,,0,,Flat,,,,,,Overcast,493900,0,0,0,2,,,0,,,,,,Auckland Region,Nil,2-way,Sealed,,0,0,,50,,Off,0,0,,76,Auckland,Give way,,,,,0,0,Urban,0,,,Light rain,Null
1760100.8413,5915930.3369,865292,15,516002,0,,0,1,,Null,2023/2024,GREEN LANE EAST,GREEN LANE EAST ON RAMP,,Non-Injury Crash,No,2024,,North,,0,,Flat,,,,,,Bright sun,492100,0,0,0,2,,,0,,,,,,Auckland Region,Nil,1-way,Sealed,,0,0,,50,,Off,1,0,,76,Auckland,Give way,,,,,0,0,Urban,0,,,Fine,None
1754475.3818,5875152.7124,865295,,526105,0,0,0,0,0,West,2022/2023,COLOMBO ROAD,JENNY LANE,,Non-Injury Crash,No,2023,0,Null,0,0,1,Flat,0,,0,,0,Dark,835502,0,0,0,2,0,0,0,0,0,,0,0,Auckland Region,Nil,2-way,Sealed,0,0,0,0,50,0,On,0,0,,76,Auckland,Nil,0,0,0,0,0,0,Urban,1,0,0,Fine,Null
1755746.07,5916226.3192,865296,,518201,0,,0,2,,East,2023/2024,BALMORAL ROAD,DOMINION ROAD,,Non-Injury Crash,No,2023,,West,,0,,Flat,,,,,,Overcast,553200,0,0,0,2,,,0,,,,,,Auckland Region,Nil,1-way,Sealed,,0,0,,50,,Off,0,0,,76,Auckland,Nil,,,,,0,0,Urban,0,,,Fine,None
1772619.5694,5895359.8199,865297,35,525530,0,,0,2,,Null,2023/2024,BEACH ROAD,ARGYLE AVENUE,,Non-Injury Crash,No,2023,,East,,0,,Flat,,,,,,Bright sun,804701,0,0,0,2,,,0,,,,,,Auckland Region,Nil,2-way,Sealed,,0,0,,50,,Off,0,0,,76,Auckland,Stop,,,,,0,0,Urban,0,,,Fine,None
1771149.6013,5896316.4721,865323,,521201,0,,0,2,,South,2022/2023,SOUTHERN MOTORWAY,PAHUREHURE NO 2 BR,,Non-Injury Crash,Yes,2023,,North,,0,,Flat,,,,,,Twilight,806604,0,0,0,3,,,0,,,,,,Auckland Region,Motorway ramp,1-way,Sealed,,0,0,,100,,On,0,0,30,76,Auckland,Nil,,,,,0,0,Open,0,,,Fine,Null
1763271.7584,5912969.1641,865324,,520402,0,0,0,2,0,North,2023/2024,RUAWAI ROAD,ARANUI ROAD,,Non-Injury Crash,No,2024,0,North,0,0,0,Hill Road,0,Easter,0,,0,Dark,641600,0,0,0,2,0,0,0,0,1,,0,0,Auckland Region,Speed hump,2-way,Sealed,0,0,0,0,50,0,On,0,0,40,76,Auckland,Nil,0,0,0,0,0,0,Urban,0,0,0,Fine,Null
1748763.6881,5936902.3187,865325,,506300,0,0,0,1,1,South,2023/2024,DAIRY FLAT HIGHWAY,POTTER ROAD,,Non-Injury Crash,No,2024,0,North,0,0,0,Hill Road,0,,0,,0,Dark,176004,0,0,0,2,0,0,0,0,0,,0,0,Auckland Region,Nil,2-way,Sealed,0,0,0,0,80,0,None,0,0,,76,Auckland,Nil,0,0,0,0,0,0,Open,0,0,0,Fine,Null
1785673.0856,5925727.1237,865327,,520801,0,0,0,0,0,Null,2023/2024,TRIG HILL ROAD,WAIATA ROAD,,Non-Injury Crash,No,2024,0,West,0,0,0,Hill Road,0,,0,,0,Dark,515716,0,0,0,2,0,0,0,0,1,,0,0,Auckland Region,Nil,2-way,Sealed,0,0,0,0,30,0,On,1,0,,76,Auckland,Give way,0,0,0,0,0,0,Urban,0,0,0,Fine,Null
1762265.3085,5907056.4131,865337,,524520,0,,0,2,,Null,2023/2024,MASSEY ROAD,BUCKLAND ROAD,,Non-Injury Crash,No,2024,,North,,0,,Flat,,,,,,Bright sun,735200,0,0,0,2,,,0,,,,,,Auckland Region,Nil,2-way,Sealed,,0,0,,50,,Off,0,0,,76,Auckland,Traffic Signals,,,,,0,0,Urban,0,,,Fine,Null
1745449.298,5932301.277,865344,,506400,0,,0,1,,Null,2024/2025,WAKE ROAD,OAK LANE,,Serious Crash,No,2025,,West,,0,,Hill Road,,,,,,Overcast,216800,2,0,0,2,,,0,,,,,,Auckland Region,Nil,2-way,Sealed,,0,1,,80,,Off,0,0,,76,Auckland,Give way,,,,,0,0,Open,1,,,Light rain,Null
1755889.3556,5913196.0424,865348,,518701,0,,0,2,,East,2024/2025,SOUTH-WESTERN MOTORWAY,KEITH HAY PARK FTBR,,Non-Injury Crash,Yes,2024,,East,,0,,Flat,,,,,,Bright sun,573800,0,0,0,2,,,0,,,,,,Auckland Region,Nil,1-way,Sealed,,0,0,,100,,Off,0,1,,76,Auckland,Nil,,,,,0,0,Open,0,,,Fine,Null
1762760.7326,5906419.4709,865349,,524302,0,,0,0,,Null,2023/2024,RAGLAN STREET,KAIRANGA STREET,,Serious Crash,No,2024,,West,,0,,Flat,,,,,,Overcast,745400,0,0,1,2,,,0,,,,,,Auckland Region,Nil,2-way,Sealed,,0,1,,30,,Off,0,0,,76,Auckland,Nil,,,,,0,0,Urban,1,,,Fine,Null
1748304.9741,5919128.0997,865363,,514801,0,0,0,1,0,South,2023/2024,NORTH-WESTERN MOTORWAY,PATIKI ROAD OFF RAMP,,Non-Injury Crash,Yes,2024,1,South,0,0,0,Flat,0,,0,,0,Bright sun,389300,0,0,0,4,0,0,0,0,0,,0,0,Auckland Region,Motorway ramp,1-way,Sealed,0,0,0,0,100,0,Null,1,0,,76,Auckland,Nil,0,0,0,0,0,0,Open,0,0,0,Fine,Null
1757288.9424,5921139.0286,865367,,514101,0,0,0,2,0,Null,2023/2024,LOWER HOBSON STREET,QUAY STREET,,Non-Injury Crash,No,2024,0,North,0,0,0,Flat,0,,0,,0,Dark,433001,0,0,0,3,0,0,0,0,0,,0,0,Auckland Region,Nil,2-way,Sealed,0,0,0,0,30,0,On,0,0,,76,Auckland,Traffic Signals,0,0,0,1,0,0,Urban,0,0,0,Fine,Null
1752693.7058,5914008.4367,865369,,514500,0,,0,1,,South,2023/2024,NEW WINDSOR ROAD,MAIORO STREET,,Serious Crash,No,2023,,North,,0,,Flat,,,,,,Overcast,376500,0,0,0,2,,,0,,,1,,,Auckland Region,Nil,2-way,Sealed,,0,1,,50,,Off,0,0,,76,Auckland,Nil,,,,,0,0,Urban,0,,,Fine,Null
1767583.3358,5907294.814,865372,,523602,0,,0,1,,South,2024/2025,FERGUSON ROAD,CAPSTICK ROAD,,Non-Injury Crash,No,2024,,North,,0,,Flat,,,,,,Bright sun,705200,0,0,0,2,,,0,,,,,,Auckland Region,Nil,2-way,Sealed,,0,0,,30,,Off,0,0,,76,Auckland,Nil,,,,,0,0,Urban,1,,,Fine,Null
1764919.484,5903185.3123,865373,,524604,0,,0,1,,South,2023/2024,ROSCOMMON ROAD,VOGLER DRIVE,,Non-Injury Crash,No,2023,,North,,0,,Flat,,,,,,Overcast,781200,0,0,0,2,,,0,,,,,,Auckland Region,Nil,1-way,Sealed,,0,0,,80,,Off,0,0,,76,Auckland,Nil,,,,,0,0,Open,1,,,Light rain,Null
1755005.3956,5927830.2728,865376,,508620,0,,0,1,,Null,2023/2024,ARCHERS ROAD,SUNNYBRAE ROAD,,Minor Crash,No,2024,,South,,0,,Hill Road,,,,,,Overcast,202600,1,0,0,1,,,0,,,,,,Auckland Region,Nil,1-way,Sealed,,0,0,,50,,Off,1,0,,76,Auckland,Give way,,,,,0,0,Urban,0,,,Light rain,Null
1759412.4256,5925670.3111,865388,,508110,0,,0,0,,South,2023/2024,LAKE ROAD,EVERSLEIGH ROAD,,Minor Crash,No,2024,,South,,0,,Hill Road,,,,,,Bright sun,319200,1,0,1,2,,,0,,,1,,,Auckland Region,Nil,2-way,Sealed,,0,0,,50,,Off,0,0,,76,Auckland,Isolated Pedestrian signal (non-intersection),,,,,0,0,Urban,0,,,Fine,Null
1771825.5399,5914891.2998,865392,,521602,0,0,0,1,0,South,2025/2026,WELLINGTON STREET,WATERLOO STREET,,Non-Injury Crash,No,2026,0,North,0,0,0,Null,0,,0,,0,Unknown,647300,0,0,0,2,0,0,0,0,1,,0,0,Auckland Region,Nil,2-way,Sealed,0,0,0,0,50,0,Null,0,0,,76,Auckland,Nil,0,0,0,0,0,0,Urban,0,0,0,Fine,Null
1731808.3604,5938412.2797,865403,,506648,0,,0,0,,South,2023/2024,INLAND ROAD,MANUKA GROVE,,Minor Crash,No,2023,,West,,0,,Hill Road,,,,,,Overcast,212001,1,0,1,2,,,0,,,,,,Auckland Region,Nil,2-way,Sealed,,0,0,,80,,None,0,0,,76,Auckland,Nil,,,,,0,0,Open,0,,,Mist or Fog,Null
1768775.2531,5902663.8331,865415,,524901,0,,0,1,,Null,2023/2024,ORAMS ROAD,DAVID AVENUE,,Non-Injury Crash,No,2024,,West,,0,,Hill Road,,,,,,Dark,755100,0,0,0,2,,,0,,,,,,Auckland Region,Bridge,2-way,Sealed,,0,0,,50,,On,0,0,,76,Auckland,Stop,,,,,0,0,Urban,1,,,Fine,Null
1768313.714,5900588.9156,865428,,525101,0,0,0,1,0,Null,2024/2025,WEYMOUTH ROAD,BOWATER PLACE,,Non-Injury Crash,No,2025,0,East,0,0,0,Flat,0,,0,,0,Bright sun,771200,0,0,0,2,0,0,0,0,0,,0,1,Auckland Region,Nil,2-way,Sealed,0,0,0,0,50,0,Off,0,0,40,76,Auckland,Give way,0,0,0,0,0,0,Urban,0,0,0,Fine,Null
1758105.9121,5920782.1939,865433,,514101,0,0,0,1,0,Null,2022/2023,SCENE LANE,TANGIHUA STREET,,Non-Injury Crash,No,2023,0,East,0,0,0,Flat,0,,0,,0,Overcast,438213,0,0,0,2,0,0,0,0,0,,0,0,Auckland Region,Nil,2-way,Sealed,0,0,0,0,50,0,Null,0,0,,76,Auckland,Nil,0,0,0,1,0,0,Urban,0,0,0,Fine,Null
1760827.9267,5906064.8562,865436,,524200,0,0,0,1,0,West,2024/2025,MASSEY ROAD,PUKAKI ROAD,,Non-Injury Crash,No,2024,1,West,0,0,0,Flat,0,,0,,0,Dark,728627,0,0,0,2,0,0,0,0,0,,0,0,Auckland Region,Nil,2-way,Sealed,0,0,0,0,50,0,On,0,0,,76,Auckland,Nil,0,0,0,0,0,0,Urban,0,0,0,Light rain,Null
1762665.452,5912587.7393,865444,,519500,0,,0,0,,Null,2024/2025,GREAT SOUTH ROAD,CHURCH STREET EAST,,Non-Injury Crash,No,2025,,South,,0,,Flat,,,,,,Bright sun,622200,0,0,1,4,,,0,,,,,,Auckland Region,Nil,2-way,Sealed,,0,0,,50,,Null,1,0,,76,Auckland,Traffic Signals,,,,,0,0,Urban,0,,,Fine,Null
1779379.7413,5915034.6786,865453,,523300,0,,0,1,,North,2023/2024,WHITFORD MARAETAI ROAD,JACK LACHLAN DRIVE,,Minor Crash,No,2023,,North,,0,,Flat,,,,,,Overcast,718900,3,0,0,2,,,0,,,,,,Auckland Region,Nil,2-way,Sealed,,0,0,,80,,None,1,0,,76,Auckland,Nil,,,,,0,0,Open,0,,,Light rain,Null
1767451.6624,5887222.0444,865457,,521122,0,,0,2,,North,2023/2024,PAERATA ROAD,WESLEY COLLEGE NORTH,,Minor Crash,Yes,2023,,South,,0,,Flat,,,,,,Bright sun,812900,1,0,0,2,,,0,,,,,,Auckland Region,Nil,2-way,Sealed,,0,0,,80,,Off,0,0,30,76,Auckland,Nil,,,,,0,0,Open,0,,,Fine,Null
1757045.8289,5920911.5056,865465,,514101,1,,0,1,,Null,2023/2024,MARKET PLACE,PAKENHAM STREET EAST,,Serious Crash,No,2024,,South,,0,,Flat,,,,,,Overcast,433003,0,0,0,2,,,0,,,,,,Auckland Region,Nil,2-way,Sealed,,0,1,,30,,Off,0,0,,76,Auckland,Stop,,,,,0,0,Urban,0,,,Fine,Null
1754028.8734,5918278.4921,865483,,515432,0,,0,1,,West,2022/2023,NORTH-WESTERN MOTORWAY,ST LUKES ROAD OFF RAMP,,Non-Injury Crash,Yes,2023,,West,,0,,Flat,,Queens Birthday,,,,Twilight,405400,0,0,0,3,,,0,,,,,,Auckland Region,Motorway ramp,1-way,Sealed,,0,0,,100,,On,1,0,60,76,Auckland,Nil,,,,,0,0,Open,0,,,Fine,Null
1740663.8512,5911314.7245,865484,,513020,0,,0,2,,East,2024/2025,WEST COAST ROAD,SCENIC DRIVE,,Non-Injury Crash,No,2025,,North,,0,,Hill Road,,,,,,Twilight,280302,0,0,0,2,,,0,,,,,,Auckland Region,Nil,2-way,Sealed,,0,0,,60,,Off,0,0,,76,Auckland,Nil,,,,,0,0,Urban,0,,,Fine,Null
1771339.387,5900048.7398,865487,,523911,0,0,0,3,0,Null,2023/2024,PORCHESTER ROAD,POPES ROAD,,Non-Injury Crash,No,2024,0,South,0,0,0,Flat,0,,0,,0,Overcast,767100,0,0,0,2,0,0,0,0,1,,0,0,Auckland Region,Nil,2-way,Sealed,0,0,0,0,60,0,Off,0,0,,76,Auckland,Stop,0,0,0,0,0,0,Urban,0,0,0,Fine,Null
1752365.8582,5912670.9148,865488,,514700,0,0,1,1,0,North,2024/2025,MCFADZEAN DRIVE,DONOVAN STREET,,Non-Injury Crash,No,2025,0,South,0,0,0,Flat,0,,0,,0,Overcast,370800,0,0,0,2,0,0,0,0,1,,0,0,Auckland Region,Nil,2-way,Sealed,0,0,0,0,50,0,Off,0,0,,76,Auckland,Nil,0,0,0,0,0,0,Urban,0,0,0,Light rain,Null
1754952.326,5935054.7757,865491,,507102,0,,0,1,,Null,2024/2025,GLENCOE ROAD,JOHN DOWNS DRIVE,,Serious Crash,No,2024,,North,,0,,Hill Road,,,,,,Bright sun,158600,0,0,0,1,,,0,,,,,,Auckland Region,Nil,1-way,Sealed,,0,1,,50,,Off,1,0,30,76,Auckland,Give way,,,,,0,0,Urban,0,,,Fine,Null
1764133.2572,5909659.3648,865492,,521901,0,,0,1,,Null,2025/2026,HALL AVENUE,QUEEN STREET,,Minor Crash,No,2025,,South,,0,,Flat,,,,,,Dark,784500,1,1,0,2,,,0,,,,,,Auckland Region,Nil,2-way,Sealed,,0,0,,50,,On,0,0,,76,Auckland,Give way,,,,,0,0,Urban,0,,,Fine,Null
1758275.5091,5927649.1487,865501,,508010,1,,0,0,,Null,2024/2025,THE PROMENADE,HURSTMERE ROAD,,Minor Crash,No,2025,,West,,0,,Flat,,,,,,Dark,326100,1,0,0,2,,,0,,,,,,Auckland Region,Nil,2-way,Sealed,,0,0,,50,,Off,1,0,30,76,Auckland,Stop,,,,,0,0,Urban,0,,,Mist or Fog,Null
1772586.6809,5890964.2751,865502,,521203,0,,0,1,,Null,2022/2023,GREAT SOUTH ROAD,GREAT SOUTH ROAD,,Minor Crash,Yes,2023,,North,,0,,Flat,,,,,,Overcast,807300,1,0,1,2,,,0,,,,,,Auckland Region,Nil,2-way,Sealed,,0,0,,60,,Off,0,0,,76,Auckland,Nil,,,,,0,0,Urban,0,,,Fine,Null
1762974.1731,5917523.3982,865504,,516302,0,0,0,1,0,North,2025/2026,ST JOHNS ROAD,GERARD WAY,,Non-Injury Crash,No,2025,0,North,0,0,0,Flat,0,,0,,0,Dark,462809,0,0,0,2,0,0,0,0,0,,0,1,Auckland Region,Nil,2-way,Sealed,0,0,0,0,50,0,On,0,0,,76,Auckland,Nil,0,0,0,0,0,0,Urban,0,0,0,Fine,Null
1771345.4346,5900033.7277,865505,,523911,0,,0,1,,Null,2024/2025,PORCHESTER ROAD,POPES ROAD,,Minor Crash,No,2025,,North,,0,,Flat,,,,,,Overcast,767100,1,0,0,2,,,0,,,,,,Auckland Region,Nil,2-way,Sealed,,0,0,,60,,None,1,0,,76,Auckland,Stop,,,,,0,0,Urban,0,,,Mist or Fog,Null
1768686.4429,5906039.0538,865508,,523721,0,0,0,1,0,South,2024/2025,DAWSON ROAD,OTHELLO DRIVE,,Non-Injury Crash,No,2025,0,South,0,0,0,Flat,0,,0,,0,Bright sun,715616,0,0,0,2,0,0,0,0,0,,0,1,Auckland Region,Speed hump,2-way,Sealed,0,0,0,0,50,0,Off,0,0,,76,Auckland,Nil,0,0,0,0,0,0,Urban,0,0,0,Fine,Null
1763361.0301,5920386.1942,865514,,516500,0,,0,1,,East,2023/2024,TAMAKI DRIVE,PATTESON AVENUE,,Minor Crash,No,2023,,West,,0,,Flat,,,,,,Overcast,500700,1,0,0,3,,,0,,,1,,,Auckland Region,Nil,2-way,Sealed,,0,0,,30,,Off,0,0,,76,Auckland,Nil,,,,,0,0,Urban,0,,,Light rain,Null
1772190.2185,5915002.4352,865519,,521602,0,0,0,1,0,North,2022/2023,MOORE STREET,CENTRAL TERRACE,,Non-Injury Crash,No,2023,0,North,0,0,0,Flat,0,,0,,0,Overcast,649900,0,0,0,2,0,0,0,0,0,,1,0,Auckland Region,Nil,2-way,Sealed,0,0,0,0,50,0,Off,0,0,,76,Auckland,Nil,0,0,0,0,0,0,Urban,0,0,0,Fine,Null
1761704.0848,5906525.6847,865521,,524112,0,,0,2,,Null,2024/2025,MASSEY ROAD,MASSEY ROAD ON RAMP,,Minor Crash,No,2024,,North,,0,,Flat,,,,,,Dark,742300,2,0,0,2,,,0,,,,,,Auckland Region,Motorway ramp,2-way,Sealed,,0,0,,50,,On,0,0,,76,Auckland,Traffic Signals,,,,,0,0,Urban,0,,,Light rain,Null
1753614.1675,5928758.6036,865525,,508412,0,,0,2,,South,2023/2024,GLENFIELD ROAD,MANUKA ROAD,,Non-Injury Crash,No,2024,,North,,0,,Hill Road,,,,,,Bright sun,184701,0,0,0,3,,,0,,,,,,Auckland Region,Nil,1-way,Sealed,,0,0,,50,,Off,0,0,,76,Auckland,Traffic Signals,,,,,0,0,Urban,0,,,Fine,Null
1753095.1259,5884757.0937,865526,,521152,0,0,0,1,1,South,2024/2025,GLENBROOK BEACH ROAD,DUNSMUIR ROAD,,Minor Crash,No,2024,0,South,0,0,0,Flat,0,,0,,0,Dark,833800,1,0,0,2,0,0,0,0,0,,0,0,Auckland Region,Nil,2-way,Sealed,0,0,0,0,80,0,None,0,0,,76,Auckland,Nil,0,0,0,0,0,0,Open,0,0,0,Mist or Fog,Frost
1754109.3835,5925581.0497,865528,,508610,0,0,0,3,0,East,2024/2025,PUPUKE ROAD,BANK STREET,,Non-Injury Crash,No,2025,0,West,0,0,0,Hill Road,0,,0,,0,Bright sun,207302,0,0,0,2,0,0,0,0,1,,0,0,Auckland Region,Nil,2-way,Sealed,0,0,0,0,50,0,Off,0,0,,76,Auckland,Nil,0,0,0,0,0,0,Urban,1,0,0,Fine,Null
1770278.5467,5905913.0141,865529,,523712,0,,0,2,,Null,2023/2024,BELTANY DRIVE,CHARLESTOWN DRIVE,,Non-Injury Crash,No,2023,,North,,0,,Null,,,,,,Unknown,713300,0,0,0,2,,,0,,,,,,Auckland Region,Nil,2-way,Sealed,,0,0,,50,,Off,0,0,,76,Auckland,Give way,,,,,0,0,Urban,0,,,Null,Null
1765616.0896,5909296.8246,865531,,523402,0,,0,2,,North,2022/2023,HIGHBROOK DRIVE,HELLABYS ROAD,,Non-Injury Crash,No,2023,,South,,0,,Flat,,,,,,Dark,696900,0,0,0,2,,,0,,,,,,Auckland Region,Nil,1-way,Sealed,,0,0,,60,,On,0,0,,76,Auckland,Nil,,,,,0,0,Urban,0,,,Fine,Null
1768475.4199,5901375.1737,865535,,525001,0,0,0,0,0,South,2023/2024,GREAT SOUTH ROAD,KELVYN GROVE,,Minor Crash,No,2024,0,North,0,0,0,Flat,0,,0,,0,Dark,751500,1,0,0,2,0,0,0,0,1,,0,0,Auckland Region,Nil,2-way,Sealed,0,0,0,0,50,0,On,0,0,,76,Auckland,Nil,0,0,0,0,1,0,Urban,1,0,0,Light rain,Null
1764109.6728,5914261.8208,865536,,520303,0,,0,2,,Null,2024/2025,TE HORETA ROAD,MOUNT WELLINGTON HIGHWAY,,Non-Injury Crash,No,2025,,West,,0,,Flat,,,,,,Dark,627600,0,0,0,2,,,0,,,,,,Auckland Region,Nil,2-way,Sealed,,0,0,,50,,Null,0,0,,76,Auckland,Traffic Signals,,,,,0,0,Urban,0,,,Heavy rain,Null
1769892.3047,5900995.3796,865538,,524902,0,,0,1,,South,2022/2023,SOUTHERN MOTORWAY,ALFRISTON OBR,,Non-Injury Crash,Yes,2023,,North,,0,,Flat,,,,,,Bright sun,757700,0,0,0,3,,,0,,,,,,Auckland Region,Nil,1-way,Sealed,,0,0,,100,,Off,0,0,,76,Auckland,Nil,,,,,1,0,Open,2,,,Light rain,Null