X,Y,OBJECTID,advisorySpeed,areaUnitID,bicycle,bridge,bus,carStationWagon,cliffBank,crashDirectionDescription,crashFinancialYear,crashLocation1,crashLocation2,crashRoadSideRoad,crashSeverity,crashSHDescription,crashYear,debris,directionRoleDescription,ditch,fatalCount,fence,flatHill,guardRail,holiday,houseOrBuilding,intersection,kerb,light,meshblockId,minorInjuryCount,moped,motorcycle,NumberOfLanes,objectThrownOrDropped,otherObject,otherVehicleType,overBank,parkedVehicle,pedestrian,phoneBoxEtc,postOrPole,region,roadCharacter,roadLane,roadSurface,roadworks,schoolBus,seriousInjuryCount,slipOrFlood,speedLimit,strayAnimal,streetLight,suv,taxi,temporarySpeedLimit,tlaId,tlaName,trafficControl,trafficIsland,trafficSign,train,tree,truck,unknownVehicleType,urban,vanOrUtility,vehicle,waterRiver,weatherA,weatherB
1764835.2033,5913021.8696,865539,,520500,0,0,0,1,0,East,2023/2024,SOUTH-EASTERN HIGHWAY,CARBINE ROAD,,Non-Injury Crash,No,2023,0,West,0,0,0,Flat,1,,0,,0,Overcast,639000,0,0,0,2,0,0,0,0,0,,0,0,Auckland Region,Motorway ramp,1-way,Sealed,0,0,0,0,80,0,Off,0,0,,76,Auckland,Nil,0,0,0,0,0,0,Open,0,0,0,Fine,Null
1766653.2587,5912938.7072,865541,25,522910,0,,0,2,,Null,2022/2023,TI RAKAU DRIVE,REEVES ROAD,,Non-Injury Crash,No,2023,,East,,0,,Flat,,,,,,Overcast,684000,0,0,0,3,,,0,,,,,,Auckland Region,Nil,1-way,Sealed,,0,0,,50,,Off,0,0,,76,Auckland,Traffic Signals,,,,,0,0,Urban,0,,,Light rain,None
1758208.2818,5920232.1262,865548,,514103,0,,0,0,,South,2025/2026,BEACH ROAD,CHURCHILL STREET,,Non-Injury Crash,No,2025,,South,,0,,Flat,,,,,,Bright sun,438203,0,0,0,4,,,0,,,,,,Auckland Region,Nil,2-way,Sealed,,0,0,,50,,Off,1,1,,76,Auckland,Nil,,,,,1,0,Urban,0,,,Fine,Null
1760340.1282,5903348.9013,865551,,524200,0,,0,2,,Null,2022/2023,HAPE DRIVE,LAURENCE STEVENS DRIVE,,Non-Injury Crash,No,2023,,North,,0,,Flat,,,,,,Bright sun,727200,0,0,0,2,,,0,,,,,,Auckland Region,Nil,2-way,Sealed,,0,0,,50,,Off,0,0,,76,Auckland,Stop,,,,,0,0,Urban,0,,,Fine,Null
1753775.329,5913305.0936,865553,,518901,0,0,1,1,0,South,2023/2024,WHITE SWAN ROAD,RICHARDSON ROAD,,Non-Injury Crash,No,2024,0,West,0,0,0,Flat,0,,0,,0,Dark,585101,0,0,0,2,0,0,0,0,1,,0,0,Auckland Region,Nil,2-way,Sealed,0,0,0,0,50,0,On,0,0,,76,Auckland,Nil,0,0,0,0,0,0,Urban,0,0,0,Light rain,Null
1762215.272,5906895.8215,865555,,524302,0,0,0,2,0,South,2022/2023,WALTER STREET,MASSEY ROAD,,Non-Injury Crash,No,2023,0,North,0,0,0,Hill Road,0,,0,,0,Dark,743200,0,0,0,2,0,0,0,0,1,,0,0,Auckland Region,Nil,2-way,Sealed,0,0,0,0,50,0,Off,0,0,,76,Auckland,Nil,0,0,0,0,0,0,Urban,0,0,0,Fine,Null
1769038.7684,5880065.6209,865561,,525922,0,0,0,0,0,West,2024/2025,NELSON STREET,JOHN STREET,,Minor Crash,No,2025,0,West,0,0,0,Hill Road,0,,0,,0,Bright sun,823401,1,0,0,2,0,0,0,0,0,,0,0,Auckland Region,Nil,2-way,Sealed,0,0,0,0,50,0,Off,1,0,,76,Auckland,Nil,0,1,0,1,0,0,Urban,0,0,0,Fine,Null
1765748.9001,5919731.699,865562,,516700,0,,0,1,,Null,2022/2023,PAUNUI STREET,ST HELIERS BAY ROAD,,Minor Crash,No,2023,,East,,0,,Hill Road,,,,,,Dark,509800,1,0,1,2,,,0,,,,,,Auckland Region,Nil,2-way,Sealed,,0,0,,50,,On,0,0,,76,Auckland,Give way,,,,,0,0,Urban,0,,,Light rain,Null
1766286.9967,5899842.9769,865564,,524822,0,,0,0,,North,2024/2025,ROSCOMMON ROAD,WEYMOUTH ROAD,,Non-Injury Crash,No,2024,,North,,0,,Null,,,,,,Unknown,774431,0,0,0,2,,,0,,,,,,Auckland Region,Nil,1-way,Null,,0,0,,50,,Null,1,0,,76,Auckland,Nil,,,,,0,1,Urban,0,,,Null,Null
1756931.4871,5919200.7904,865567,,514200,0,,0,2,,West,2023/2024,NORTH-WESTERN MOTORWAY,PORT TO NORTHERN LINK,,Non-Injury Crash,Yes,2023,,West,,0,,Hill Road,,,,,,Bright sun,412302,0,0,0,4,,,0,,,,,,Auckland Region,Underpass,1-way,Sealed,,0,0,,80,,Off,0,0,,76,Auckland,Nil,,,,,0,0,Open,0,,,Fine,Null
1755063.4338,5913904.0088,865575,,518803,0,,0,1,,Null,2023/2024,DOMINION ROAD,COLEMAN AVENUE,,Serious Crash,No,2024,,North,,0,,Flat,,,,,,Overcast,581200,0,0,1,4,,,0,,,,,,Auckland Region,Nil,2-way,Sealed,,0,1,,50,,Off,0,0,,76,Auckland,Give way,,,,,0,0,Urban,0,,,Fine,Null
1769413.9029,5893526.0399,865581,,521202,0,0,0,1,0,South,2024/2025,LINWOOD ROAD,ROSENEATH ROAD,,Non-Injury Crash,No,2024,0,North,0,0,1,Flat,0,,0,,0,Dark,806900,0,0,0,2,0,0,0,0,0,,0,0,Auckland Region,Nil,2-way,Sealed,0,0,0,0,80,0,None,0,0,,76,Auckland,Nil,0,0,0,0,0,0,Open,0,0,0,Light rain,Strong wind
1762032.2844,5913492.9254,865582,,520202,0,,0,1,,Null,2022/2023,PENROSE ROAD,PRESCOTT STREET,,Minor Crash,No,2023,,North,,0,,Flat,,,,,,Bright sun,612400,1,0,0,4,,,0,,,,,,Auckland Region,Nil,2-way,Sealed,,0,0,,50,,Off,0,0,,76,Auckland,Give way,,,,,1,0,Urban,1,,,Fine,Null
1769979.7732,5900474.382,865583,,523816,0,,0,1,,North,2023/2024,SHIFNAL DRIVE,BALLOCH STREET,,Serious Crash,No,2023,,North,,0,,Flat,,,,,,Dark,759711,0,0,1,1,,,0,,,,,,Auckland Region,Nil,1-way,Sealed,,0,1,,50,,Off,0,0,,76,Auckland,Nil,,,,,0,0,Urban,0,,,Light rain,Strong wind
1738672.235,5928929.6974,865584,,505602,0,,0,1,,West,2024/2025,MAIN ROAD,HARIKOA STREET,,Non-Injury Crash,Yes,2024,,West,,0,,Flat,,,,,,Bright sun,215000,0,0,0,2,,,0,,,,,,Auckland Region,Nil,2-way,Sealed,,0,0,,50,,Off,0,0,,76,Auckland,Nil,,,,,1,0,Urban,0,,,Fine,Null
1779093.3412,5914139.3213,865588,,523202,0,0,0,1,0,South,2024/2025,WHITFORD MARAETAI ROAD,OKARORO DRIVE,,Serious Crash,No,2025,0,North,0,0,0,Flat,0,,0,,0,Dark,762501,1,0,0,2,0,0,0,1,0,,0,0,Auckland Region,Nil,2-way,Sealed,0,0,1,0,80,0,None,0,0,,76,Auckland,Nil,0,0,0,1,0,0,Open,0,0,0,Fine,Null
1767712.2505,5900999.2333,865601,,524720,0,0,0,2,0,East,2023/2024,RUSSELL ROAD,KERRYDALE ROAD,,Minor Crash,No,2024,0,North,0,0,0,Flat,0,,0,,0,Twilight,777601,1,0,0,2,0,0,0,0,1,,0,0,Auckland Region,Nil,2-way,Sealed,0,0,0,0,50,0,Off,1,0,,76,Auckland,Nil,0,0,0,0,0,0,Urban,0,0,0,Fine,Null
1771115.1836,5900657.9819,865604,,523817,0,,0,1,,Null,2024/2025,PORCHESTER ROAD,HYPERION DRIVE,,Non-Injury Crash,No,2025,,North,,0,,Flat,,,,,,Overcast,759731,0,0,0,0,,,0,,,,,,Auckland Region,Nil,Null,Sealed,,0,0,,,,Null,1,0,,76,Auckland,Stop,,,,,0,0,Urban,0,,,Fine,Null
1770108.1049,5905820.267,865608,,523712,0,,0,2,,Null,2024/2025,CASTLEBANE DRIVE,HIKUAWA ROAD,,Non-Injury Crash,No,2025,,East,,0,,Flat,,Easter,,,,Dark,713201,0,0,0,2,,,0,,,,,,Auckland Region,Nil,2-way,Sealed,,0,0,,50,,On,0,0,,76,Auckland,Give way,,,,,0,0,Urban,0,,,Light rain,Null
1764790.465,5905774.1821,865609,,522201,0,,0,1,,Null,2024/2025,ST GEORGE STREET,TAVERN LANE,,Minor Crash,No,2025,,East,,0,,Flat,,,,,,Bright sun,663100,1,0,0,2,,,0,,,,,,Auckland Region,Nil,2-way,Sealed,,0,0,,50,,Off,0,0,,76,Auckland,Traffic Signals,,,,,0,0,Urban,1,,,Fine,Null
1756036.801,5919054.7384,865612,,515500,0,,0,2,,Null,2024/2025,GREAT NORTH ROAD,BURNS STREET,,Minor Crash,No,2025,,West,,0,,Flat,,Easter,,,,Dark,417700,1,0,0,2,,,0,,,,,,Auckland Region,Nil,2-way,Sealed,,0,0,,50,,On,0,0,,76,Auckland,Give way,,,,,0,0,Urban,0,,,Heavy rain,Strong wind
1772926.4039,5895564.1371,865615,,525410,0,,0,1,,West,2023/2024,SETTLEMENT ROAD,OPAHEKE ROAD,,Minor Crash,No,2024,,Null,,0,,Flat,,,,,,Overcast,793400,1,0,0,2,,,0,,,,,,Auckland Region,Nil,2-way,Sealed,,0,0,,50,,Off,0,0,,76,Auckland,Nil,,,,,0,1,Urban,1,,,Light rain,Null
1760413.7166,5907054.6604,865619,,524112,0,,0,1,,Null,2023/2024,BADER DRIVE,MASCOT AVENUE,,Non-Injury Crash,No,2023,,East,,0,,Flat,,,,,,Bright sun,737500,0,0,0,4,,,0,,,,,,Auckland Region,Nil,2-way,Sealed,,0,0,,50,,Off,0,0,,76,Auckland,Give way,,,,,1,0,Urban,0,,,Fine,Null
1760758.1566,5907230.6453,865621,,524112,0,,0,2,,North,2023/2024,SOUTH-WESTERN MOTORWAY,BADER OBR,,Non-Injury Crash,Yes,2024,,North,,0,,Flat,,,,,,Bright sun,737500,0,0,0,2,,,0,,,,,,Auckland Region,Nil,1-way,Sealed,,0,0,,100,,Off,0,0,,76,Auckland,Nil,,,,,0,0,Open,0,,,Fine,Null
1757184.4391,5919877.5113,865625,,514102,0,,0,0,,Null,2024/2025,QUEEN STREET,MAYORAL DRIVE,,Minor Crash,No,2024,,South,,0,,Flat,,,,,,Dark,435201,1,0,0,2,,,0,,,1,,,Auckland Region,Nil,2-way,Sealed,,0,0,,30,,On,0,0,,76,Auckland,Traffic Signals,,,,,0,0,Urban,0,,,Fine,Null
1751647.3956,5927300.0832,865631,,510210,0,0,0,2,0,Null,2022/2023,BEACH HAVEN ROAD,BIRKDALE ROAD,,Non-Injury Crash,No,2023,0,West,0,0,0,Flat,0,,0,,0,Overcast,346900,0,0,0,2,0,0,0,0,1,,0,0,Auckland Region,Nil,2-way,Sealed,0,0,0,0,50,0,Off,0,0,,76,Auckland,Give way,1,1,0,0,0,0,Urban,0,0,0,Fine,Null
1749194.7634,5914431.4491,865632,,511301,0,0,0,1,0,West,2024/2025,MIRO STREET,NIKAU STREET,,Non-Injury Crash,No,2025,0,West,0,0,0,Flat,0,,0,,0,Dark,268300,0,0,0,2,0,0,0,0,0,,0,1,Auckland Region,Nil,2-way,Sealed,0,0,0,0,30,0,On,0,0,,76,Auckland,Nil,0,0,0,0,0,0,Urban,0,0,0,Light rain,Null
1749692.0605,5913882.8706,865633,,511303,0,0,0,1,0,Null,2023/2024,GREAT NORTH ROAD,CLARK STREET,,Non-Injury Crash,No,2024,0,East,0,0,0,Flat,0,,0,,0,Dark,264901,0,0,0,4,0,0,0,0,0,,0,0,Auckland Region,Nil,2-way,Sealed,0,0,0,0,50,0,On,0,0,,76,Auckland,Traffic Signals,0,1,0,0,0,0,Urban,0,0,0,Heavy rain,Null
1753786.9099,5925955.0961,865636,,508220,0,,0,1,,Null,2024/2025,PARK HILL ROAD,GLENFIELD ROAD,,Non-Injury Crash,No,2025,,East,,0,,Null,,,,,,Unknown,189600,0,0,0,2,,,0,,,,,,Auckland Region,Nil,2-way,Null,,0,0,,50,,Null,0,0,,76,Auckland,Give way,,,,,0,0,Urban,1,,,Null,Null
1766971.3072,5913289.1973,865637,,522910,0,,0,2,,North,2024/2025,WILLIAM ROBERTS ROAD,AYR ROAD,,Minor Crash,No,2024,,South,,0,,Flat,,,,,,Overcast,684000,1,0,0,2,,,0,,,,,,Auckland Region,Nil,2-way,Sealed,,0,0,,50,,Off,0,0,,76,Auckland,Nil,,,,,0,0,Urban,0,,,Fine,Null
1754888.7318,5928046.1974,865653,,508320,0,,0,2,,Null,2023/2024,CHIVALRY ROAD,EDGEWORTH ROAD,,Non-Injury Crash,No,2023,,North,,0,,Hill Road,,,,,,Overcast,199400,0,0,0,1,,,0,,,,,,Auckland Region,Nil,2-way,Sealed,,0,0,,50,,Off,0,0,,76,Auckland,Nil,,,,,0,0,Urban,0,,,Light rain,Null
1746642.8954,5926024.167,865657,,513432,0,,0,1,,Null,2023/2024,HOBSONVILLE ROAD,BRIGHAM CREEK ROAD,,Non-Injury Crash,No,2023,,East,,0,,Flat,,,,,,Overcast,223005,0,0,0,2,,,0,,,,,,Auckland Region,Nil,2-way,Sealed,,0,0,,50,,Off,0,0,,76,Auckland,Stop,,,,,0,0,Urban,1,,,Fine,Null
1754392.962,5927257.9225,865659,,508620,0,0,0,2,0,North,2022/2023,ARCHERS ROAD,BLENHEIM STREET,,Non-Injury Crash,No,2023,0,South,0,0,0,Flat,0,,0,,0,Dark,205001,0,0,0,2,0,0,0,0,1,,0,0,Auckland Region,Nil,2-way,Sealed,0,0,0,0,50,0,On,0,0,,76,Auckland,Nil,0,0,0,0,0,0,Urban,0,0,0,Fine,Null
1759241.8854,5916711.4419,865661,,516001,0,,0,3,,South,2023/2024,SOUTHERN MOTORWAY,MARKET OBR,,Non-Injury Crash,Yes,2023,,South,,0,,Flat,,,,,,Bright sun,491700,0,0,0,4,,,0,,,,,,Auckland Region,Nil,1-way,Sealed,,0,0,,100,,Off,0,0,,76,Auckland,Nil,,,,,0,0,Open,0,,,Fine,Null
1744450.8178,5908549.4082,865663,,513800,0,,0,2,,South,2022/2023,HUIA ROAD,VICTORY ROAD,,Non-Injury Crash,No,2023,,North,,0,,Hill Road,,Easter,,,,Dark,303001,0,0,0,2,,,0,,,,,,Auckland Region,Nil,2-way,Sealed,,0,0,,50,,None,0,0,,76,Auckland,Nil,,,,,0,0,Urban,0,,,Light rain,Null
1765321.0991,5906679.3466,865664,,522202,0,0,0,2,0,North,2024/2025,KOLMAR ROAD,WESTON AVENUE,,Non-Injury Crash,No,2024,0,South,0,0,0,Flat,0,,0,,0,Dark,663600,0,0,0,2,0,0,0,0,1,,0,0,Auckland Region,Nil,2-way,Sealed,0,0,0,0,50,0,On,0,0,,76,Auckland,Nil,0,0,0,0,0,0,Urban,0,0,0,Fine,Null
1759508.0371,5906210.62,865669,,524200,0,0,0,3,0,South,2023/2024,WESTNEY ROAD,KIRKBRIDE ROAD,,Minor Crash,No,2023,0,South,0,0,0,Flat,0,,0,,0,Bright sun,727400,1,0,0,2,0,0,0,0,2,,0,0,Auckland Region,Nil,2-way,Sealed,0,0,0,0,50,0,Off,0,0,,76,Auckland,Nil,0,0,0,0,0,0,Urban,0,0,0,Fine,Null
1755279.2545,5932009.902,865672,,508805,0,,0,2,,Null,2024/2025,EAST COAST ROAD,CONSTELLATION DRIVE,,Non-Injury Crash,No,2024,,North,,0,,Null,,,,,,Bright sun,151104,0,0,0,4,,,0,,,,,,Auckland Region,Nil,2-way,Sealed,,0,0,,50,,Null,0,0,,76,Auckland,Traffic Signals,,,,,0,0,Urban,0,,,Fine,Null
1761225.1152,5914649.6672,865673,,520202,0,,0,2,,North,2023/2024,SOUTHERN MOTORWAY,ELLERSLIE-PANMURE HWY OFF RAMP,,Non-Injury Crash,Yes,2023,,South,,0,,Flat,,,,,,Overcast,612100,0,0,0,3,,,0,,,,,,Auckland Region,Nil,1-way,Sealed,,0,0,,100,,Off,0,0,,76,Auckland,Nil,,,,,0,0,Open,0,,,Light rain,Null
1750296.0585,5929136.7272,865676,,509100,0,,0,2,,East,2024/2025,GREENHITHE ROAD,DURBIN COURT,,Non-Injury Crash,No,2024,,East,,0,,Hill Road,,,,,,Bright sun,181302,0,0,0,2,,,0,,,,,,Auckland Region,Nil,2-way,Sealed,,0,0,,50,,Off,0,0,,76,Auckland,Nil,,,,,0,0,Urban,0,,,Fine,Null
1760951.4561,5918219.6108,865679,,516201,0,0,0,1,0,North,2022/2023,ORAKEI ROAD,MANAWA ROAD,,Non-Injury Crash,No,2023,0,South,0,0,0,Hill Road,0,,0,,1,Twilight,486500,0,0,0,2,0,0,0,0,0,,0,0,Auckland Region,Nil,2-way,Sealed,0,0,0,0,50,0,On,0,0,,76,Auckland,Nil,0,0,0,0,0,0,Urban,0,0,0,Fine,Null
1747428.0281,5913677.7406,865683,,511100,1,,0,1,,South,2023/2024,WEST COAST ROAD,BOWERS ROAD,,Non-Injury Crash,No,2023,,South,,0,,Flat,,,,,,Dark,286100,0,0,0,4,,,0,,,,,,Auckland Region,Nil,2-way,Sealed,,0,0,,50,,On,0,0,,76,Auckland,Nil,,,,,0,0,Urban,0,,,Light rain,Null
1764335.0355,5915039.0971,865685,,520301,0,0,0,2,0,North,2023/2024,MOUNTAIN ROAD,ELLERSLIE-PANMURE HIGHWAY,,Non-Injury Crash,No,2023,0,North,0,0,0,Flat,0,,0,,0,Bright sun,626404,0,0,0,2,0,0,0,0,1,,0,0,Auckland Region,Nil,2-way,Sealed,0,0,0,0,50,0,Off,0,0,,76,Auckland,Nil,0,0,0,0,0,0,Urban,0,0,0,Fine,Null
1768083.7295,5881049.5614,865687,,525921,0,,0,2,,Null,2023/2024,HELVETIA ROAD,VICTORIA STREET,,Non-Injury Crash,No,2023,,North,,0,,Flat,,,,,,Bright sun,821800,0,0,0,2,,,0,,,,,,Auckland Region,Nil,2-way,Sealed,,0,0,,50,,Off,0,0,,76,Auckland,Stop,,,,,0,0,Urban,0,,,Fine,Null
1745559.5562,5918921.0638,865693,,513302,0,,0,1,,Null,2023/2024,WAIPAREIRA AVENUE,MOSELLE AVENUE,,Non-Injury Crash,No,2023,,East,,0,,Flat,,,,,,Overcast,230701,0,0,0,2,,,0,,,1,,,Auckland Region,Nil,2-way,Sealed,,0,0,,50,,Off,0,0,30,76,Auckland,Give way,,,,,0,0,Urban,0,,,Light rain,Null
1758855.1781,5910251.8502,865700,,524002,0,,0,2,,Null,2025/2026,WOODWARD AVENUE,KIWI ESPLANADE,,Non-Injury Crash,No,2025,,North,,0,,Flat,,,,,,Bright sun,721700,0,0,0,2,,,0,,,,,,Auckland Region,Nil,2-way,Sealed,,0,0,,50,,Off,0,0,,76,Auckland,Nil,,,,,0,0,Urban,0,,,Fine,Null
1733709.529,5932931.6969,865707,,506653,0,0,0,1,1,South,2023/2024,TAYLOR ROAD,OLD NORTH ROAD,,Minor Crash,No,2024,0,South,1,0,1,Flat,0,,0,,0,Overcast,217704,1,0,0,2,0,0,0,0,0,,0,0,Auckland Region,Nil,2-way,Sealed,0,0,0,0,80,0,None,0,0,,76,Auckland,Nil,0,0,0,0,0,0,Open,0,0,0,Fine,Null
1758224.983,5920223.9911,865712,,514103,0,,0,1,,West,2024/2025,BEACH ROAD,STANLEY STREET,,Non-Injury Crash,No,2025,,East,,0,,Flat,,,,,,Overcast,438203,0,0,0,3,,,0,,,,,,Auckland Region,Nil,2-way,Sealed,,0,0,,30,,Off,0,1,,76,Auckland,Nil,,,,,1,0,Urban,0,,,Light rain,Null
1756051.6958,5929406.8967,865716,,508510,0,0,0,2,0,North,2024/2025,FORREST HILL ROAD,SEINE ROAD,,Non-Injury Crash,No,2025,0,North,0,0,0,Flat,0,,0,,0,Unknown,195500,0,0,0,2,0,0,0,0,1,,0,0,Auckland Region,Nil,2-way,Sealed,0,0,0,0,50,0,Null,0,0,,76,Auckland,Nil,0,0,0,0,0,0,Urban,0,0,0,Fine,Null
1760332.1437,5923226.4061,865721,,509400,0,,0,1,,South,2022/2023,LAKE ROAD,ALLENBY AVENUE,,Non-Injury Crash,No,2023,,North,,0,,Hill Road,,,,,,Bright sun,332000,0,0,1,2,,,0,,,,,,Auckland Region,Nil,2-way,Sealed,,0,0,,50,,Off,0,0,,76,Auckland,Nil,,,,,0,0,Urban,0,,,Fine,None
1774033.3296,5887370.5808,865724,,521132,0,0,0,1,0,Null,2025/2026,GREAT SOUTH ROAD,ARARIMU ROAD,,Non-Injury Crash,No,2025,0,South,1,0,0,Flat,0,,0,,0,Dark,814001,0,0,0,2,0,0,0,0,0,,0,0,Auckland Region,Nil,2-way,Sealed,0,0,0,0,80,0,On,0,0,,76,Auckland,Give way,0,0,0,0,0,0,Open,0,0,0,Light rain,Null
1745175.3414,5917033.2741,865725,,510800,0,,0,3,,Null,2023/2024,HENDERSON VALLEY ROAD,SMYTHE ROAD,,Non-Injury Crash,No,2024,,North,,0,,Flat,,,,,,Overcast,241700,0,0,0,5,,,0,,,,,,Auckland Region,Nil,2-way,Sealed,,0,0,,50,,Off,0,0,,76,Auckland,Traffic Signals,,,,,0,0,Urban,0,,,Fine,None
1767314.2068,5905102.4958,865731,,524603,0,,0,2,,Null,2023/2024,GREAT SOUTH ROAD,RYAN PLACE,,Minor Crash,No,2024,,North,,0,,Flat,,,,,,Bright sun,780304,2,0,0,5,,,0,,,,,,Auckland Region,Nil,2-way,Sealed,,0,0,,50,,Off,0,0,,76,Auckland,Traffic Signals,,,,,0,0,Urban,0,,,Fine,Null
1756838.1711,5920022.7418,865732,,514102,0,0,0,0,0,Null,2024/2025,HOBSON STREET,NICHOLAS STREET,,Non-Injury Crash,No,2025,0,South,0,0,0,Hill Road,1,,0,,0,Dark,434500,0,0,0,4,0,0,0,0,0,,0,0,Auckland Region,Nil,1-way,Sealed,0,0,0,0,40,0,On,0,0,,76,Auckland,Nil,0,0,0,0,0,0,Urban,1,0,0,Fine,Null
1747405.5805,5914776.9139,865738,,511800,0,,0,0,,South,2022/2023,GREAT NORTH ROAD,PALMER AVENUE,,Minor Crash,No,2023,,South,,0,,Hill Road,,,,,,Dark,277902,1,0,0,4,,,0,,,1,,,Auckland Region,Nil,2-way,Sealed,,0,0,,50,,On,0,0,,76,Auckland,Nil,,,,,0,0,Urban,0,,,Fine,Null
1766270.2009,5899744.3059,865739,,524822,0,0,0,1,0,Null,2023/2024,PALMERS ROAD,WEYMOUTH ROAD,,Non-Injury Crash,No,2023,0,East,0,0,0,Flat,1,,0,,0,Dark,774431,0,0,0,1,0,0,0,0,0,,0,0,Auckland Region,Nil,1-way,Sealed,0,0,0,0,50,0,Off,0,0,,76,Auckland,Give way,0,0,0,0,0,0,Urban,0,0,0,Fine,Null
1758414.677,5918007.2333,865741,,517400,0,,0,2,,Null,2022/2023,BROADWAY,MORROW STREET,,Non-Injury Crash,No,2023,,North,,0,,Flat,,,,,,Overcast,451300,0,0,0,5,,,0,,,,,,Auckland Region,Nil,2-way,Sealed,,0,0,,50,,Off,0,0,,76,Auckland,Traffic Signals,,,,,0,0,Urban,0,,,Light rain,None
1751337.9219,5917434.1548,865746,,514900,0,0,0,2,0,North,2022/2023,SAXON STREET,ALFORD STREET,,Non-Injury Crash,No,2023,0,North,0,0,0,Flat,0,,0,,0,Dark,385900,0,0,0,2,0,0,0,0,1,,0,0,Auckland Region,Nil,2-way,Sealed,0,0,0,0,50,0,On,0,0,,76,Auckland,Nil,0,0,0,0,0,0,Urban,0,0,0,Fine,Null
1761909.0281,5912492.3879,865748,,519500,0,,0,0,,West,2024/2025,CHURCH STREET,O'RORKE ROAD,,Non-Injury Crash,No,2025,,East,,0,,Flat,,,,,,Overcast,622400,0,0,0,4,,,0,,,,,,Auckland Region,Nil,2-way,Sealed,,0,0,,50,,Off,0,0,,76,Auckland,Nil,,,,,2,0,Urban,0,,,Light rain,Null
1766315.1324,5916485.9003,865749,,517100,0,0,0,1,0,Null,2023/2024,PT ENGLAND ROAD,KAWITI AVENUE,,Non-Injury Crash,No,2024,0,East,0,0,0,Flat,0,,0,,0,Dark,477400,0,0,0,2,0,0,0,0,0,,0,1,Auckland Region,Nil,2-way,Sealed,0,0,0,0,50,0,On,0,0,,76,Auckland,Nil,0,0,0,0,0,0,Urban,0,0,0,Fine,Null
1746099.5636,5915719.8537,865751,,511800,0,,0,2,,Null,2023/2024,VIEW ROAD,WATTLE ROAD,,Minor Crash,No,2023,,South,,0,,Hill Road,,,,,,Bright sun,276900,2,0,0,2,,,0,,,,,,Auckland Region,Nil,2-way,Sealed,,0,0,,50,,Off,0,0,40,76,Auckland,Give way,,,,,0,0,Urban,0,,,Fine,Null
1764421.5991,5908724.6244,865754,,521802,0,,0,2,,Null,2023/2024,GREAT SOUTH ROAD,BEATTY STREET,,Minor Crash,No,2023,,South,,0,,Flat,,,,,,Bright sun,789600,1,0,0,4,,,0,,,,,,Auckland Region,Nil,2-way,Sealed,,0,0,,50,,Off,0,0,,76,Auckland,Stop,,,,,0,0,Urban,0,,,Fine,Null
1768778.8094,5900968.5805,865758,,524901,0,0,0,0,0,Null,2022/2023,GREAT SOUTH ROAD,HALVER ROAD,,Minor Crash,No,2023,0,North,0,0,0,Flat,0,,0,,1,Overcast,757100,1,0,1,2,0,0,0,0,0,,0,0,Auckland Region,Nil,2-way,Sealed,0,0,0,0,50,0,Off,0,0,30,76,Auckland,Nil,0,0,0,0,0,0,Urban,0,0,0,Light rain,Null
1754724.6633,5930642.3475,865761,,508520,0,,0,3,,South,2022/2023,NORTHERN MOTORWAY,UPPER HARBOUR HWY ON RAMP,,Non-Injury Crash,Yes,2023,,South,,0,,Flat,,,,,,Overcast,191104,0,0,0,3,,,0,,,,,,Auckland Region,Nil,1-way,Sealed,,0,0,,100,,Off,0,0,,76,Auckland,Nil,,,,,0,0,Open,0,,,Heavy rain,Null
1759431.6241,5913707.6274,865764,,519720,0,,0,1,,Null,2024/2025,TAWA ROAD,MOANA AVENUE,,Minor Crash,No,2025,,East,,0,,Flat,,,,,,Bright sun,594000,1,0,0,2,,,0,,,,,,Auckland Region,Nil,2-way,Sealed,,0,0,,50,,Off,0,0,30,76,Auckland,Give way,,,,,0,0,Urban,1,,,Fine,Null
1766650.2581,5899900.6231,865767,,524713,1,,0,1,,Null,2023/2024,WEYMOUTH ROAD,GLENVEAGH PARK DRIVE,,Minor Crash,No,2024,,West,,0,,Hill Road,,,,,,Overcast,775805,1,0,0,2,,,0,,,,,,Auckland Region,Nil,2-way,Sealed,,0,0,,50,,Off,0,0,,76,Auckland,Give way,,,,,0,0,Urban,0,,,Heavy rain,Null
1748244.5873,5912842.7248,865771,,511902,0,,0,1,,Null,2024/2025,TITIRANGI ROAD,OLD TITIRANGI ROAD,,Minor Crash,No,2024,,East,,0,,Hill Road,,,,,,Bright sun,292002,1,0,0,2,,,0,,,1,,,Auckland Region,Nil,2-way,Sealed,,0,0,,50,,Off,0,0,,76,Auckland,Nil,,,,,0,0,Urban,0,,,Fine,Null
1765995.1002,5912398.0568,865772,,522920,0,0,0,2,0,West,2025/2026,TIRAUMEA DRIVE,PELORUS PLACE,,Non-Injury Crash,No,2025,0,North,0,0,0,Flat,0,,0,,0,Dark,684300,0,0,0,2,0,0,0,0,1,,0,0,Auckland Region,Nil,2-way,Sealed,0,0,0,0,30,0,On,0,0,,76,Auckland,Nil,0,0,0,0,0,0,Urban,0,0,0,Fine,Null
1747323.9113,5915223.4835,865777,,511602,0,0,0,2,0,Null,2023/2024,ROSEWARNE CRESCENT,HEVERSHAM PLACE,,Minor Crash,No,2024,0,West,0,0,0,Flat,0,,0,,0,Overcast,272707,1,0,0,2,0,0,0,0,0,,0,0,Auckland Region,Nil,2-way,Sealed,0,0,0,0,50,0,Off,0,0,,76,Auckland,Give way,1,1,0,0,0,0,Urban,0,0,0,Light rain,Null