X,Y,OBJECTID,advisorySpeed,areaUnitID,bicycle,bridge,bus,carStationWagon,cliffBank,crashDirectionDescription,crashFinancialYear,crashLocation1,crashLocation2,crashRoadSideRoad,crashSeverity,crashSHDescription,crashYear,debris,directionRoleDescription,ditch,fatalCount,fence,flatHill,guardRail,holiday,houseOrBuilding,intersection,kerb,light,meshblockId,minorInjuryCount,moped,motorcycle,NumberOfLanes,objectThrownOrDropped,otherObject,otherVehicleType,overBank,parkedVehicle,pedestrian,phoneBoxEtc,postOrPole,region,roadCharacter,roadLane,roadSurface,roadworks,schoolBus,seriousInjuryCount,slipOrFlood,speedLimit,strayAnimal,streetLight,suv,taxi,temporarySpeedLimit,tlaId,tlaName,trafficControl,trafficIsland,trafficSign,train,tree,truck,unknownVehicleType,urban,vanOrUtility,vehicle,waterRiver,weatherA,weatherB
1769205.5426,5882262.6523,865778,,525910,0,,0,0,,Null,2022/2023,REYNOLDS ROAD,FRANKLIN ROAD,,Non-Injury Crash,No,2023,,West,,0,,Flat,,,,,,Bright sun,816504,0,0,0,2,,,0,,,,,,Auckland Region,Nil,2-way,Sealed,,0,0,,50,,Off,0,0,,76,Auckland,Give way,,,,,0,0,Urban,3,,,Fine,Null
1753698.7043,5931255.6096,865784,,508803,0,,0,0,,Null,2024/2025,UPPER HARBOUR HIGHWAY,PAUL MATTHEWS ROAD,,Non-Injury Crash,Yes,2025,,West,,0,,Flat,,Queens Birthday,,,,Dark,180815,0,0,0,6,,,0,,,,,,Auckland Region,Nil,2-way,Sealed,,0,0,,50,,On,0,0,,76,Auckland,Traffic Signals,,,,,0,0,Urban,2,,,Fine,Null
1758822.9754,5912161.0041,865790,,519820,0,,0,1,,Null,2022/2023,SELWYN STREET,CHURCH STREET,,Minor Crash,No,2023,,North,,0,,Flat,,,,,,Dark,601700,2,0,0,2,,,0,,,,,,Auckland Region,Nil,2-way,Sealed,,0,0,,50,,On,0,0,,76,Auckland,Traffic Signals,,,,,0,0,Urban,1,,,Fine,Null
1757781.2058,5913538.044,865792,,518702,0,0,0,1,0,East,2025/2026,MOUNT ALBERT ROAD,PAH ROAD,,Non-Injury Crash,No,2025,0,West,0,0,0,Flat,0,,0,,0,Dark,567900,0,0,0,4,0,0,0,0,0,,0,1,Auckland Region,Nil,2-way,Sealed,0,0,0,0,50,0,On,0,0,,76,Auckland,Nil,0,0,0,0,0,0,Urban,0,0,0,Fine,Null
1761066.9182,5914369.1488,865795,,520202,0,,0,1,,Null,2023/2024,GREAT SOUTH ROAD,ELLERSLIE-PANMURE HIGHWAY,,Non-Injury Crash,No,2024,,South,,0,,Flat,,,,,,Bright sun,612200,0,0,0,2,,,0,,,,,,Auckland Region,Nil,1-way,Sealed,,0,0,,50,,Off,1,0,,76,Auckland,Give way,,,,,0,0,Urban,0,,,Fine,Frost
1758014.5061,5912020.4166,865800,,519810,0,,0,2,,South,2025/2026,SOUTH-WESTERN MOTORWAY,QUEENSTOWN ROAD OFF RAMP,,Non-Injury Crash,Yes,2025,,North,,0,,Flat,,,,,,Dark,602501,0,0,0,3,,,0,,,,,,Auckland Region,Nil,1-way,Sealed,,0,0,,100,,On,0,0,,76,Auckland,Nil,,,,,0,0,Open,0,,,Fine,Null
1756063.2958,5918656.3165,865803,,515500,0,,0,2,,South,2023/2024,NORTH-WESTERN MOTORWAY,WAIMA FTBR,,Non-Injury Crash,Yes,2023,,South,,0,,Flat,,,,,,Bright sun,418700,0,0,0,4,,,0,,,,,,Auckland Region,Nil,1-way,Sealed,,0,0,,80,,Off,0,0,,76,Auckland,Nil,,,,,0,0,Open,1,,,Fine,Null
1760214.3209,5907055.5046,865809,,524111,0,0,2,0,0,Null,2023/2024,OFF ROAD - BUS STOP,,,Serious Crash,No,2024,0,West,0,0,0,Flat,0,,0,,0,Overcast,740500,0,0,0,,0,0,0,0,1,1,0,0,Auckland Region,Nil,Off road,Sealed,0,0,1,0,,0,Off,0,0,,76,Auckland,Nil,0,0,0,0,0,0,Urban,0,0,0,Light rain,Null
1768432.8682,5907679.0598,865811,,523711,0,,0,1,,West,2022/2023,ORMISTON ROAD,JARVIS WAY,,Non-Injury Crash,No,2023,,East,,0,,Flat,,,,,,Overcast,712304,0,0,0,4,,,0,,,,,,Auckland Region,Nil,2-way,Sealed,,0,0,,60,,Off,1,0,,76,Auckland,Nil,,,,,0,0,Urban,0,,,Fine,Null
1738812.0023,5978437.5447,865812,,506660,0,,0,1,,Null,2024/2025,WAYBY VALLEY ROAD,SH 1,,Non-Injury Crash,No,2024,,South,,0,,Flat,,Christmas New Year,,,,Overcast,136400,0,0,0,2,,,0,,,,,,Auckland Region,Nil,2-way,Sealed,,0,0,,100,,Off,0,0,,76,Auckland,Give way,,,,,0,0,Open,1,,,Fine,Null
1763686.8129,5908882.496,865813,,521901,0,,0,2,,Null,2023/2024,MANGERE ROAD,WALMSLEY ROAD,,Non-Injury Crash,No,2024,,East,,0,,Flat,,,,,,Overcast,786100,0,0,0,5,,,0,,,,,,Auckland Region,Nil,2-way,Sealed,,0,0,,50,,Off,0,0,,76,Auckland,Traffic Signals,,,,,0,0,Urban,0,,,Heavy rain,Strong wind
1757588.4069,5919270.6311,865823,,514301,0,,0,1,,Null,2023/2024,FERNCROFT STREET,GRAFTON ROAD,,Non-Injury Crash,No,2023,,South,,0,,Hill Road,,,,,,Overcast,441000,0,0,0,2,,,0,,,1,,,Auckland Region,Nil,2-way,Sealed,,0,0,,50,,Off,0,0,,76,Auckland,Stop,,,,,0,0,Urban,0,,,Fine,Null
1766691.2395,5904238.9578,865826,,524604,0,0,0,1,0,South,2022/2023,LAMBIE DRIVE,RONWOOD AVENUE,,Minor Crash,No,2023,0,South,0,0,0,Flat,1,,0,,0,Overcast,780209,1,0,0,2,0,0,0,0,0,,0,0,Auckland Region,Nil,2-way,Sealed,0,0,0,0,50,0,Off,0,0,10,76,Auckland,Nil,0,0,0,0,0,0,Urban,0,0,0,Fine,Null
1755816.425,5924394.2375,865827,,509800,0,0,0,2,0,East,2023/2024,BELLE VUE AVENUE,RICHMOND AVENUE,,Minor Crash,No,2023,0,West,0,0,0,Flat,0,,0,,0,Bright sun,360600,1,0,0,2,0,0,0,0,1,,0,0,Auckland Region,Nil,2-way,Sealed,0,0,0,0,50,0,Off,0,0,,76,Auckland,Nil,0,0,0,0,0,0,Urban,1,0,0,Fine,Null
1766379.3246,5907727.9133,865831,,523402,0,0,0,1,0,West,2023/2024,ASHTON AVENUE,OTARA ROAD,,Non-Injury Crash,No,2023,0,West,0,0,0,Flat,0,,0,,0,Dark,698700,0,0,0,2,0,0,0,0,0,,0,1,Auckland Region,Nil,2-way,Sealed,0,0,0,0,50,0,On,0,0,,76,Auckland,Nil,0,0,0,0,0,0,Urban,0,0,0,Fine,Null
1746524.4027,5916416.2864,865832,,510800,0,,0,2,,Null,2024/2025,GREAT NORTH ROAD,JAMES LAURIE STREET,,Non-Injury Crash,No,2024,,North,,0,,Null,,,,,,Dark,244001,0,0,0,2,,,0,,,,,,Auckland Region,Nil,1-way,Null,,0,0,,50,,On,0,0,,76,Auckland,Give way,,,,,0,0,Urban,0,,,Null,Null
1768490.6904,5909152.7272,865837,,523113,0,,0,2,,Null,2023/2024,SPRINGS ROAD,LADY RUBY DRIVE,,Non-Injury Crash,No,2023,,South,,0,,Flat,,,,,,Overcast,711809,0,0,0,5,,,0,,,,,,Auckland Region,Nil,2-way,Sealed,,0,0,,50,,Off,0,0,,76,Auckland,Traffic Signals,,,,,0,0,Urban,0,,,Fine,Null
1765342.0766,5914415.2338,865841,,520602,0,0,0,1,0,West,2023/2024,DOMAIN ROAD,GIFFORD LANE,,Non-Injury Crash,No,2023,0,West,0,0,0,Hill Road,0,,0,,0,Dark,628900,0,0,0,2,0,0,0,0,1,,0,0,Auckland Region,Nil,2-way,Sealed,0,0,0,0,50,0,On,0,0,,76,Auckland,Nil,0,0,0,0,0,0,Urban,1,0,0,Fine,Null
1766322.1667,5899820.6578,865849,,524713,0,,0,2,,Null,2023/2024,ROSCOMMON ROAD,WEYMOUTH ROAD,,Non-Injury Crash,No,2023,,East,,0,,Flat,,Christmas New Year,,,,Dark,775823,0,0,0,1,,,0,,,,,,Auckland Region,Nil,1-way,Sealed,,0,0,,50,,On,0,0,,76,Auckland,Give way,,,,,0,0,Urban,0,,,Light rain,Frost
1768174.3843,5904036.8765,865850,,523820,0,,0,2,,North,2022/2023,REDOUBT ROAD ON RAMP,SOUTHERN MOTORWAY,,Minor Crash,No,2023,,South,,0,,Flat,,,,,,Overcast,760142,1,0,0,2,,,0,,,,,,Auckland Region,Motorway ramp,1-way,Sealed,,0,0,,100,,On,0,0,,76,Auckland,Nil,,,,,0,0,Open,1,,,Fine,Null
1755782.0553,5914027.0239,865853,,518803,0,0,0,1,0,Null,2024/2025,BREMNER AVENUE,MOUNT ALBERT ROAD,,Minor Crash,No,2024,0,North,0,0,0,Flat,0,,0,,0,Overcast,580900,1,0,0,2,0,0,0,0,0,,0,0,Auckland Region,Nil,2-way,Sealed,0,0,0,0,50,0,Off,0,0,,76,Auckland,Traffic Signals,0,1,0,0,0,0,Urban,0,0,0,Fine,Null
1759744.3714,5916975.2632,865856,,516102,0,,0,2,,Null,2024/2025,REMUERA ROAD,OMAHU ROAD,,Non-Injury Crash,No,2024,,East,,0,,Flat,,,,,,Dark,485000,0,0,0,4,,,0,,,,,,Auckland Region,Nil,2-way,Sealed,,0,0,,50,,On,0,0,,76,Auckland,Traffic Signals,,,,,0,0,Urban,0,,,Fine,Null
1753686.5899,5928601.6489,865859,,508412,0,,0,2,,South,2022/2023,GLENFIELD ROAD,CLARE PLACE,,Non-Injury Crash,No,2023,,North,,0,,Hill Road,,,,,,Bright sun,184800,0,0,0,2,,,0,,,,,,Auckland Region,Nil,1-way,Sealed,,0,0,,50,,Off,0,0,,76,Auckland,Nil,,,,,1,0,Urban,0,,,Fine,Null
1771973.7204,5897263.6962,865873,,525420,0,,0,0,,North,2023/2024,GREAT SOUTH ROAD,TRENTHAM ROAD,,Non-Injury Crash,No,2023,,South,,0,,Flat,,,,,,Bright sun,790800,0,0,0,2,,,0,,,,,,Auckland Region,Nil,2-way,Sealed,,0,0,,50,,Off,0,0,,76,Auckland,Nil,,,,,1,0,Urban,1,,,Fine,Null
1770069.5293,5902221.3437,865876,,523814,0,,0,2,,Null,2024/2025,CHARLES PREVOST DRIVE,LARKSPUR COURT,,Non-Injury Crash,No,2024,,North,,0,,Flat,,,,,,Dark,760706,0,0,0,2,,,0,,,,,,Auckland Region,Nil,2-way,Sealed,,0,0,,50,,Null,0,0,,76,Auckland,Nil,,,,,0,0,Urban,0,,,Fine,Null
1737652.7309,5920228.1704,865877,,513702,0,,0,2,,South,2023/2024,WAITAKERE ROAD,TOWNSHIP ROAD,,Non-Injury Crash,No,2023,,South,,0,,Flat,,,,,,Bright sun,237204,0,0,0,2,,,0,,,,,,Auckland Region,Nil,2-way,Sealed,,0,0,,70,,None,0,0,,76,Auckland,Nil,,,,,0,0,Urban,0,,,Fine,Null
1744677.2265,5919807.5055,865878,,513301,0,,0,1,,East,2022/2023,UNIVERSAL DRIVE,RATHGAR ROAD,,Non-Injury Crash,No,2023,,West,,0,,Flat,,,,,,Overcast,234401,0,0,0,2,,,0,,,,,,Auckland Region,Nil,2-way,Sealed,,0,0,,50,,Off,0,0,,76,Auckland,Nil,,,,,0,0,Urban,1,,,Light rain,Null
1758436.4123,5918087.1946,865881,,517400,0,0,0,1,0,Null,2022/2023,BROADWAY,REMUERA ROAD,,Non-Injury Crash,No,2023,0,South,0,0,0,Flat,0,,0,,0,Dark,451300,0,0,0,4,0,0,0,0,0,,0,0,Auckland Region,Nil,2-way,Sealed,0,0,0,0,50,0,On,0,0,,76,Auckland,Traffic Signals,1,0,0,0,0,0,Urban,0,0,0,Fine,Null
1765074.3404,5902842.7694,865883,,524604,0,,0,1,,Null,2023/2024,ROSCOMMON ROAD,WIRI STATION ROAD,,Minor Crash,No,2023,,South,,0,,Flat,,,,,,Twilight,781302,2,0,0,2,,,0,,,,,,Auckland Region,Nil,1-way,Sealed,,0,0,,60,,On,0,0,,76,Auckland,Give way,,,,,0,0,Urban,1,,,Fine,Null
1749496.8505,5935548.9159,865884,,509000,0,,0,2,,North,2024/2025,DAIRY FLAT HIGHWAY,ALBANY HEIGHTS ROAD,,Non-Injury Crash,No,2024,,North,,0,,Null,,,,,,Unknown,179301,0,0,0,2,,,0,,,,,,Auckland Region,Nil,2-way,Sealed,,0,0,,80,,Null,0,0,,76,Auckland,Nil,,,,,0,0,Open,0,,,Null,Null
1768394.1709,5903444.6118,865885,,524602,0,0,0,1,0,North,2023/2024,SOUTHERN MOTORWAY,AIRPORT OFF RAMP,,Minor Crash,Yes,2024,0,North,0,0,0,Flat,0,,0,,0,Overcast,780506,1,0,0,3,0,0,0,0,0,,0,1,Auckland Region,Nil,1-way,Sealed,0,0,0,0,100,0,Off,0,0,,76,Auckland,Nil,0,0,0,1,0,0,Open,0,0,0,Fine,Null
1733076.8014,5948009.448,865886,,506646,0,0,0,0,0,Null,2022/2023,KAIPARA COAST HIGHWAY,KANOHI ROAD,,Fatal Crash,Yes,2023,0,South,1,1,0,Hill Road,0,,0,,0,Bright sun,212503,0,0,1,2,0,0,0,0,0,,0,0,Auckland Region,Nil,2-way,Sealed,0,0,0,0,80,0,Off,0,0,,76,Auckland,Give way,0,1,0,1,0,0,Open,0,0,0,Fine,Null
1766393.7089,5906800.8035,865887,,522302,0,0,0,2,0,Null,2023/2024,HAMILTON ROAD,OVERTON ROAD,,Minor Crash,No,2023,0,East,0,0,1,Flat,0,,0,,0,Overcast,668100,1,0,0,2,0,0,0,0,0,,0,0,Auckland Region,Nil,2-way,Sealed,0,0,0,0,50,0,Off,0,0,,76,Auckland,Give way,0,0,0,0,0,0,Urban,0,0,0,Fine,Null
1760051.8777,5923879.1834,865889,,509300,0,,0,1,,North,2023/2024,LAKE ROAD,SEABREEZE ROAD,,Non-Injury Crash,No,2024,,South,,0,,Hill Road,,,,,,Dark,336900,0,0,0,2,,,0,,,,,,Auckland Region,Nil,2-way,Sealed,,0,0,,50,,On,0,0,,76,Auckland,Nil,,,,,0,0,Urban,0,,,Fine,Null
1757690.4831,5918279.6393,865892,,518101,0,,0,2,,South,2024/2025,SOUTHERN MOTORWAY,KHYBER PASS ROAD OFF RAMP,,Non-Injury Crash,Yes,2024,,North,,0,,Flat,,,,,,Overcast,543000,0,0,0,3,,,0,,,,,,Auckland Region,Nil,1-way,Sealed,,0,0,,80,,Off,1,0,,76,Auckland,Nil,,,,,0,0,Open,0,,,Fine,Null
1764901.6268,5914731.5936,865897,,520602,0,0,0,1,0,Null,2023/2024,ELLERSLIE-PANMURE HIGHWAY,LAGOON DRIVE,,Non-Injury Crash,No,2023,0,West,0,0,0,Hill Road,0,,0,,0,Dark,628400,0,0,0,2,0,0,0,0,0,,0,0,Auckland Region,Nil,1-way,Sealed,0,0,0,0,50,0,On,0,0,40,76,Auckland,Traffic Signals,1,0,0,1,0,0,Urban,0,0,0,Fine,Null
1757853.7806,5913519.0488,865899,,518600,0,,0,1,,West,2022/2023,MOUNT ALBERT ROAD,CROWN STREET,,Non-Injury Crash,No,2023,,East,,0,,Flat,,,,,,Twilight,567200,0,0,0,4,,,0,,,,,,Auckland Region,Nil,2-way,Sealed,,0,0,,50,,On,1,0,,76,Auckland,Nil,,,,,1,1,Urban,0,,,Fine,Null
1762498.9085,5913131.5551,865903,,520500,0,,0,1,,South,2022/2023,SOUTHERN MOTORWAY,SOUTH-EASTERN HWY ON RAMP,,Non-Injury Crash,Yes,2023,,North,,0,,Flat,,,,,,Overcast,637200,0,0,0,3,,,0,,,,,,Auckland Region,Nil,1-way,Sealed,,0,0,,100,,Off,0,0,,76,Auckland,Nil,,,,,0,0,Open,1,,,Heavy rain,Null
1765457.7767,5908925.1004,865915,,523403,0,0,0,1,0,South,2022/2023,SOUTHERN MOTORWAY,HIGHBROOK DRIVE ON RAMP,,Non-Injury Crash,Yes,2023,0,North,0,0,0,Flat,1,,0,,0,Twilight,700200,0,0,0,3,0,0,0,0,0,,0,0,Auckland Region,Motorway ramp,1-way,Sealed,0,0,0,0,100,0,On,0,0,,76,Auckland,Nil,0,0,0,0,0,0,Open,0,0,0,Fine,Null
1766250.5206,5906531.6824,865917,,522302,0,0,0,2,0,Null,2024/2025,TUI ROAD,ROSE ROAD,,Non-Injury Crash,No,2024,0,North,0,0,0,Flat,0,,0,,0,Dark,668400,0,0,0,2,0,0,0,0,1,,0,0,Auckland Region,Nil,2-way,Sealed,0,0,0,0,50,0,On,0,0,,76,Auckland,Give way,0,0,0,0,0,0,Urban,0,0,0,Fine,Null
1744677.2495,5922033.4129,865920,,513530,0,0,0,2,0,South,2025/2026,BENCHMARK DRIVE,FERNHAVEN PLACE,,Non-Injury Crash,No,2025,0,South,0,0,0,Hill Road,0,,0,,0,Dark,225805,0,0,0,2,0,0,0,0,2,,0,0,Auckland Region,Nil,2-way,Sealed,0,0,0,0,50,0,On,1,0,,76,Auckland,Nil,0,0,0,0,0,0,Urban,0,0,0,Mist or Fog,Null
1766613.0246,5908906.7355,865922,,523402,0,0,0,1,0,Null,2022/2023,GILBERT ROAD,BENTLEY ROAD,,Serious Crash,No,2023,0,South,0,0,0,Flat,0,,0,,0,Overcast,697500,2,0,0,2,0,0,0,0,0,,0,0,Auckland Region,Nil,2-way,Sealed,0,0,1,0,50,0,On,0,0,,76,Auckland,Nil,0,0,0,1,0,0,Urban,0,0,0,Light rain,Null
1747504.3642,5913627.6241,865924,,511100,0,,0,1,,West,2024/2025,WEST COAST ROAD,JANET CLEWS PLACE,,Non-Injury Crash,No,2025,,East,,0,,Null,,,,,,Unknown,286702,0,0,0,4,,,0,,,,,,Auckland Region,Nil,2-way,Sealed,,0,0,,50,,Null,0,0,,76,Auckland,Nil,,,,,0,0,Urban,1,,,Fine,Null
1771392.9632,5903371.5013,865929,,523818,0,0,0,1,0,South,2024/2025,MILL ROAD,REDOUBT ROAD,,Non-Injury Crash,No,2024,0,South,0,0,0,Flat,0,,0,,0,Dark,760904,0,0,0,2,0,0,0,0,0,,0,0,Auckland Region,Nil,2-way,Sealed,0,0,0,0,60,0,On,0,0,,76,Auckland,Nil,0,0,0,1,0,0,Urban,0,0,0,Heavy rain,Strong wind
1746508.8511,5913516.6615,865935,,511002,0,,0,0,,Null,2023/2024,WOODGLEN ROAD,WOODVALE ROAD,,Minor Crash,No,2023,,South,,0,,Flat,,,,,,Overcast,283500,1,0,1,2,,,0,,,,,,Auckland Region,Nil,2-way,Sealed,,0,0,,50,,On,0,0,,76,Auckland,Give way,,,,,0,0,Urban,0,,,Fine,Null
1763911.9147,5912596.7014,865936,,520500,0,,0,1,,Null,2024/2025,MOUNT WELLINGTON HIGHWAY,MOUNT WELLINGTON HWY ON RAMP,,Non-Injury Crash,No,2025,,South,,0,,Flat,,,,,,Bright sun,637500,0,0,0,2,,,0,,,,,,Auckland Region,Motorway ramp,1-way,Sealed,,0,0,,50,,Null,0,0,,76,Auckland,Give way,,,,,1,0,Urban,0,,,Fine,Null
1764721.7919,5903256.6758,865937,,524604,0,0,0,1,0,West,2022/2023,VOGLER DRIVE,ROSCOMMON ROAD,,Non-Injury Crash,No,2023,0,East,0,0,0,Flat,0,,0,,0,Bright sun,781200,0,0,0,2,0,0,0,0,1,,0,0,Auckland Region,Nil,2-way,Sealed,0,0,0,0,50,0,Off,0,0,,76,Auckland,Nil,0,0,0,0,1,0,Urban,0,0,0,Fine,Null
1768980.9358,5881594.7271,865938,,525910,0,0,0,1,0,South,2022/2023,EDINBURGH STREET,STEMBRIDGE AVENUE,,Minor Crash,No,2023,0,North,0,0,0,Flat,0,,0,,0,Bright sun,818200,1,0,0,2,0,0,0,0,1,,0,0,Auckland Region,Nil,2-way,Sealed,0,0,0,0,50,0,Off,1,0,,76,Auckland,Nil,0,0,0,0,0,0,Urban,0,0,0,Fine,Null
1764513.979,5917976.6883,865944,,516500,0,,0,1,,North,2023/2024,ST JOHNS ROAD,FELTON MATHEW AVENUE,,Non-Injury Crash,No,2024,,South,,0,,Flat,,,,,,Bright sun,503800,0,0,0,2,,,0,,,,,,Auckland Region,Nil,2-way,Sealed,,0,0,,50,,Off,0,0,,76,Auckland,Nil,,,,,0,1,Urban,0,,,Fine,None
1755816.4531,5926639.8906,865948,,508620,0,,0,2,,North,2024/2025,NORTHCOTE ROAD,PETTICOAT LANE,,Non-Injury Crash,No,2024,,North,,0,,Flat,,,,,,Overcast,204701,0,0,0,4,,,0,,,,,,Auckland Region,Nil,2-way,Sealed,,0,0,,50,,Off,0,0,,76,Auckland,Nil,,,,,0,0,Urban,0,,,Fine,Null
1768215.0047,5903215.6775,865949,,524602,0,0,0,1,0,South,2024/2025,MAHALO AVENUE,WAIPUHINUI WAY,,Non-Injury Crash,No,2024,0,North,0,0,0,Hill Road,0,,0,,0,Dark,780506,0,0,0,2,0,0,0,0,1,,0,0,Auckland Region,Nil,2-way,Sealed,0,0,0,0,50,0,On,0,0,,76,Auckland,Nil,0,1,0,0,0,0,Urban,2,0,0,Fine,Null
1768894.6479,5914205.973,865951,,522721,0,0,0,1,0,North,2022/2023,PAKURANGA ROAD,PAKURANGA ROAD,,Non-Injury Crash,No,2023,0,South,0,0,0,Flat,0,,0,,0,Dark,681215,0,0,0,2,0,0,0,0,0,,0,0,Auckland Region,Nil,2-way,Sealed,0,0,0,0,60,0,On,0,0,,76,Auckland,Nil,0,1,0,0,0,0,Urban,0,0,0,Light rain,Null
1764417.7816,5904430.762,865955,,522100,0,0,0,1,0,Null,2023/2024,PUHINUI ROAD,WYLLIE ROAD,,Minor Crash,No,2023,0,East,0,0,0,Hill Road,0,,0,,0,Dark,659300,1,0,0,3,0,0,0,0,0,,0,0,Auckland Region,Nil,2-way,Sealed,0,0,0,0,50,0,Off,1,0,,76,Auckland,Traffic Signals,0,1,0,0,0,0,Urban,0,0,0,Fine,Null
1765198.0077,5905252.9248,865956,,522400,0,,0,1,,Null,2024/2025,WALLACE ROAD,GRANDE VUE ROAD,,Minor Crash,No,2025,,South,,0,,Hill Road,,,,,,Bright sun,672900,1,0,0,2,,,0,,,1,,,Auckland Region,Nil,2-way,Unsealed,,0,0,,50,,Off,0,0,,76,Auckland,Give way,,,,,0,0,Urban,0,,,Fine,Null
1768981.9509,5900867.775,865961,,524901,0,,0,1,,East,2023/2024,ALFRISTON ROAD,GREAT SOUTH ROAD,,Non-Injury Crash,No,2023,,East,,0,,Flat,,,,,,Bright sun,757300,0,0,0,4,,,0,,,,,,Auckland Region,Nil,2-way,Sealed,,0,0,,50,,Off,0,0,,76,Auckland,Nil,,,,,0,0,Urban,0,,,Fine,None
1765906.475,5898096.5337,865963,,524812,0,0,0,0,0,North,2023/2024,EVANS ROAD,GREERS ROAD,,Non-Injury Crash,No,2023,0,South,0,0,1,Hill Road,0,,0,,1,Dark,773100,0,0,0,2,0,0,0,0,0,,0,0,Auckland Region,Nil,2-way,Sealed,0,0,0,0,50,0,On,0,0,,76,Auckland,Nil,0,0,0,1,1,0,Urban,0,0,0,Fine,Null
1749817.6444,5945970.9702,865969,,506001,0,,0,2,,South,2023/2024,HIBISCUS COAST HIGHWAY,WADE RIV BR,,Minor Crash,No,2024,,South,,0,,Hill Road,,,,,,Overcast,175502,2,0,0,2,,,0,,,,,,Auckland Region,Nil,1-way,Sealed,,0,0,,60,,Off,0,0,,76,Auckland,Nil,,,,,0,0,Urban,0,,,Fine,Null
1766633.8708,5904657.7068,865971,,524603,0,,0,0,,West,2024/2025,CAVENDISH DRIVE,LAMBIE DRIVE,,Non-Injury Crash,No,2024,,East,,0,,Null,,,,,,Bright sun,780202,0,0,0,4,,,0,,,,,,Auckland Region,Nil,2-way,Sealed,,0,0,,50,,Off,1,0,,76,Auckland,Nil,,,,,0,0,Urban,0,,,Fine,Null
1749872.0218,5946013.0789,865973,,506001,0,0,0,1,0,North,2023/2024,HIBISCUS COAST HIGHWAY,WADE RIV BR,,Minor Crash,No,2024,0,South,0,0,0,Hill Road,1,,0,,0,Overcast,175502,2,0,0,2,0,0,0,0,0,,0,0,Auckland Region,Nil,1-way,Sealed,0,0,0,0,70,0,Off,1,0,,76,Auckland,Nil,0,0,0,0,0,0,Urban,0,0,0,Fine,Null
1761086.1534,5914348.5246,865978,,520202,0,0,0,0,0,Null,2022/2023,ELLERSLIE-PANMURE HIGHWAY,GREAT SOUTH ROAD,,Non-Injury Crash,No,2023,0,West,0,0,1,Flat,0,,0,,0,Overcast,612300,0,0,0,2,0,0,0,0,0,,0,0,Auckland Region,Nil,1-way,Sealed,0,0,0,0,50,0,Off,0,0,,76,Auckland,Give way,0,0,0,0,0,0,Urban,1,0,0,Fine,Null
1761391.0056,5914211.5684,865983,,520202,0,,0,1,,Null,2023/2024,ELLERSLIE-PANMURE HWY OFF RAMP,ELLERSLIE-PANMURE HIGHWAY,,Non-Injury Crash,No,2023,,North,,0,,Flat,,,,,,Bright sun,612300,0,0,0,1,,,0,,,,,,Auckland Region,Nil,1-way,Sealed,,0,0,,50,,Off,1,0,,76,Auckland,Give way,,,,,0,0,Urban,0,,,Fine,None
1753489.5438,5929256.8312,865988,,508411,0,0,0,2,0,South,2025/2026,JAMES STREET,SPINELLA DRIVE,,Non-Injury Crash,No,2025,0,South,0,0,0,Hill Road,0,,0,,0,Dark,184000,0,0,0,2,0,0,0,0,1,,0,0,Auckland Region,Nil,2-way,Sealed,0,0,0,0,50,0,On,0,0,,76,Auckland,Nil,0,0,0,0,0,0,Urban,1,0,0,Fine,Null
1756176.0919,5924085.2436,865991,,509800,0,,0,1,,South,2023/2024,NORTHERN MOTORWAY,NORTHERN BUSWAY,,Non-Injury Crash,Yes,2024,,South,,0,,Flat,,,,,,Overcast,361100,0,0,0,5,,,0,,,,,,Auckland Region,Nil,1-way,Sealed,,0,0,,80,,Off,1,0,,76,Auckland,Nil,,,,,0,0,Open,0,,,Fine,Null
1747889.2293,5916438.3807,865992,,511601,0,0,0,0,0,North,2025/2026,HEPBURN ROAD,BANCROFT CRESCENT,,Non-Injury Crash,No,2025,0,South,0,0,1,Flat,0,,0,,0,Overcast,274204,0,0,0,2,0,0,0,0,0,,0,0,Auckland Region,Nil,2-way,Sealed,0,0,0,0,50,0,Off,0,0,,76,Auckland,Nil,0,0,0,0,0,0,Urban,1,0,0,Fine,Null
1744667.3756,5918020.3826,865994,,510700,0,0,0,2,0,North,2022/2023,SWANSON ROAD,STURGES ROAD,,Minor Crash,No,2023,0,North,0,0,0,Flat,0,,0,,0,Dark,238804,1,0,0,2,0,0,0,0,1,,0,0,Auckland Region,Nil,2-way,Sealed,0,0,0,0,50,0,On,0,0,,76,Auckland,Nil,0,0,0,0,0,0,Urban,1,0,0,Fine,Null
1763553.628,5914789.9687,865996,,520303,0,,0,2,,West,2024/2025,BANKS ROAD,BOAKES ROAD,,Non-Injury Crash,No,2025,,East,,0,,Flat,,Queens Birthday,,,,Bright sun,626700,0,0,0,2,,,0,,,,,,Auckland Region,Nil,2-way,Sealed,,0,0,,50,,None,0,0,,76,Auckland,Nil,,,,,0,0,Urban,0,,,Fine,Null
1753524.3757,5914664.1468,866005,,518801,0,,0,0,,Null,2023/2024,STODDARD ROAD,DENIZE ROAD,,Non-Injury Crash,No,2023,,North,,0,,Flat,,,,,,Overcast,578500,0,0,0,2,,,0,,,,,,Auckland Region,Nil,2-way,Sealed,,0,0,,50,,None,1,0,,76,Auckland,Stop,,,,,0,1,Urban,0,,,Fine,None