X,Y,OBJECTID,advisorySpeed,areaUnitID,bicycle,bridge,bus,carStationWagon,cliffBank,crashDirectionDescription,crashFinancialYear,crashLocation1,crashLocation2,crashRoadSideRoad,crashSeverity,crashSHDescription,crashYear,debris,directionRoleDescription,ditch,fatalCount,fence,flatHill,guardRail,holiday,houseOrBuilding,intersection,kerb,light,meshblockId,minorInjuryCount,moped,motorcycle,NumberOfLanes,objectThrownOrDropped,otherObject,otherVehicleType,overBank,parkedVehicle,pedestrian,phoneBoxEtc,postOrPole,region,roadCharacter,roadLane,roadSurface,roadworks,schoolBus,seriousInjuryCount,slipOrFlood,speedLimit,strayAnimal,streetLight,suv,taxi,temporarySpeedLimit,tlaId,tlaName,trafficControl,trafficIsland,trafficSign,train,tree,truck,unknownVehicleType,urban,vanOrUtility,vehicle,waterRiver,weatherA,weatherB
1744991.8501,5921188.172,866008,,513530,0,,0,2,,North,2025/2026,NORTH-WESTERN MOTORWAY,LINCOLN ROAD OFF RAMP,,Minor Crash,Yes,2025,,South,,0,,Hill Road,,,,,,Dark,226303,2,0,0,4,,,0,,,,,,Auckland Region,Overpass,1-way,Sealed,,0,0,,100,,On,1,0,,76,Auckland,Nil,,,,,0,0,Open,2,,,Fine,Null
1755182.2505,5930014.9958,866010,,508510,0,,0,4,,South,2022/2023,NORTHERN MOTORWAY,SUNNYNOOK OBR,,Serious Crash,Yes,2023,,South,,0,,Hill Road,,,,,,Dark,194408,1,0,0,2,,,0,,,,,,Auckland Region,Nil,1-way,Sealed,,0,1,,100,,On,0,0,,76,Auckland,Nil,,,,,0,0,Open,0,,,Fine,Null
1764922.7028,5909423.1396,866011,,521802,0,0,0,0,0,South,2022/2023,MONTEREY AVENUE,FAIRBURN ROAD,,Non-Injury Crash,No,2023,0,East,0,0,1,Flat,0,,0,,0,Overcast,789002,0,0,0,2,0,0,0,0,0,1,0,0,Auckland Region,Nil,2-way,Sealed,0,0,0,0,50,0,Off,0,0,,76,Auckland,Nil,0,0,0,0,1,0,Urban,0,0,0,Fine,Null
1757473.8118,5918733.3671,866021,,514302,0,0,0,1,0,North,2023/2024,SOUTHERN MOTORWAY,KHYBER PASS OBR,,Non-Injury Crash,Yes,2023,0,South,0,0,0,Flat,1,,0,,0,Dark,442500,0,0,0,3,0,0,0,0,0,,0,0,Auckland Region,Nil,1-way,Sealed,0,0,0,0,80,0,On,0,0,,76,Auckland,Nil,0,0,0,0,0,0,Open,0,0,0,Light rain,Null
1769160.2701,5900460.9954,866031,,525002,0,,0,2,,North,2024/2025,GREAT SOUTH ROAD,GREAT SOUTH ROAD,,Non-Injury Crash,No,2024,,South,,0,,Flat,,,,,,Bright sun,753202,0,0,0,2,,,0,,,,,,Auckland Region,Speed hump,2-way,Sealed,,0,0,,50,,Off,0,0,30,76,Auckland,Nil,,,,,0,0,Urban,0,,,Fine,Null
1755311.5185,5918264.1502,866033,,515500,0,,0,1,,West,2024/2025,NORTH-WESTERN MOTORWAY,BOND OBR,,Minor Crash,Yes,2024,,East,,0,,Flat,,,,,,Bright sun,418800,1,0,0,5,,,0,,,,,,Auckland Region,Nil,1-way,Sealed,,0,0,,80,,Off,0,0,,76,Auckland,Nil,,,,,0,0,Open,2,,,Fine,Null
1753840.2901,5918255.0001,866035,,515432,0,,0,2,,Null,2023/2024,ST LUKES ROAD OFF RAMP,ST LUKES ROAD,,Non-Injury Crash,No,2024,,West,,0,,Null,,,,,,Unknown,405500,0,0,0,2,,,0,,,,,,Auckland Region,Motorway ramp,1-way,Sealed,,0,0,,50,,Null,0,0,,76,Auckland,Traffic Signals,,,,,0,0,Urban,0,,,Null,Null
1770281.1607,5898893.2614,866043,,523920,0,0,0,1,0,Null,2023/2024,BEAUMARIS WAY,TULLOCH PLACE,,Non-Injury Crash,No,2024,0,South,0,0,0,Flat,0,,0,,0,Dark,768008,0,0,0,2,0,0,0,0,1,,0,0,Auckland Region,Nil,2-way,Sealed,0,0,0,0,50,0,None,0,0,,76,Auckland,Nil,0,0,0,0,0,0,Urban,1,0,0,Light rain,Null
1759837.3455,5947428.5061,866049,,505904,0,0,0,1,0,North,2022/2023,WHANGAPARAOA ROAD,MARINER DRIVE,,Non-Injury Crash,No,2023,0,East,0,0,1,Hill Road,0,Queens Birthday,0,,0,Dark,175009,0,0,0,2,0,0,0,0,0,,0,1,Auckland Region,Nil,2-way,Sealed,0,0,0,0,50,0,On,0,0,,76,Auckland,Nil,0,0,0,0,0,0,Urban,0,0,0,Fine,Null
1754093.9854,5914025.845,866055,,518802,0,,0,1,,South,2023/2024,SOUTH-WESTERN MOTORWAY,MAIORO STREET OFF RAMP,,Non-Injury Crash,Yes,2024,,North,,0,,Flat,,,,,,Dark,579100,0,0,0,2,,,0,,,,,,Auckland Region,Nil,1-way,Sealed,,0,0,,100,,On,0,0,,76,Auckland,Nil,,,,,0,1,Open,0,,,Fine,None
1747481.1824,5921325.7608,866059,,512300,0,,0,2,,Null,2024/2025,GUNNER DRIVE,PRINGLE ROAD,,Non-Injury Crash,No,2024,,East,,0,,Flat,,,,,,Dark,250101,0,0,0,2,,,0,,,,,,Auckland Region,Nil,2-way,Sealed,,0,0,,50,,On,0,0,,76,Auckland,Give way,,,,,0,0,Urban,0,,,Fine,Null
1758085.1322,5915369.0523,866060,,515802,0,0,0,4,0,Null,2025/2026,MANUKAU ROAD,CLAUDE ROAD,,Non-Injury Crash,No,2026,0,South,0,0,0,Flat,0,,0,,0,Dark,448800,0,0,0,4,0,0,0,0,2,,0,0,Auckland Region,Nil,2-way,Sealed,0,0,0,0,50,0,On,0,0,,76,Auckland,Stop,0,0,0,0,0,0,Urban,0,0,0,Light rain,Null
1757690.2523,5918280.2135,866061,,518101,0,,0,1,,South,2024/2025,SOUTHERN MOTORWAY,KHYBER PASS ROAD OFF RAMP,,Minor Crash,Yes,2025,,North,,0,,Hill Road,,,,,,Overcast,543000,1,0,0,4,,,0,,,,,,Auckland Region,Nil,1-way,Sealed,,0,0,,80,,Off,0,0,,76,Auckland,Nil,,,,,0,0,Open,1,,,Light rain,Null
1744307.2598,5922249.9835,866067,,513512,0,,0,1,,Null,2024/2025,MAKORA ROAD,CHLOE PLACE,,Minor Crash,No,2024,,South,,0,,Hill Road,,,,,,Overcast,225600,1,0,0,2,,,0,,,,,,Auckland Region,Nil,2-way,Sealed,,0,0,,50,,Off,0,0,,76,Auckland,Give way,,,,,0,0,Urban,1,,,Fine,Null
1755859.352,5916034.4417,866072,,518301,0,,0,2,,East,2024/2025,ROCKLANDS AVENUE,DOMINION ROAD,,Non-Injury Crash,No,2025,,West,,0,,Flat,,,,,,Dark,555300,0,0,0,2,,,0,,,,,,Auckland Region,Nil,2-way,Sealed,,0,0,,30,,Null,0,0,,76,Auckland,Nil,,,,,0,0,Urban,0,,,Light rain,Null
1756235.9999,5918869.9961,866075,,515500,0,,0,1,,South,2024/2025,NORTH-WESTERN MOTORWAY,NEWTON OBR,,Non-Injury Crash,Yes,2024,,North,,0,,Null,,,,,,Unknown,417700,0,0,0,2,,,0,,,,,,Auckland Region,Nil,1-way,Null,,0,0,,80,,Null,0,0,,76,Auckland,Nil,,,,,0,1,Open,0,,,Null,Null
1766333.0242,5905208.2334,866076,,524603,0,0,0,1,0,West,2024/2025,PUHINUI ROAD,CARRUTH ROAD,,Non-Injury Crash,No,2025,0,East,0,0,0,Flat,0,,0,,0,Bright sun,674300,0,0,0,2,0,0,0,0,0,,0,1,Auckland Region,Nil,2-way,Sealed,0,0,0,0,50,0,Off,0,0,,76,Auckland,Nil,0,0,0,0,0,0,Urban,0,0,0,Fine,Null
1746463.2329,5912808.6641,866077,,511002,0,0,0,0,0,East,2023/2024,GLENGARRY ROAD,WOODGLEN ROAD,,Non-Injury Crash,No,2024,0,East,0,0,0,Hill Road,0,,0,,0,Dark,283800,0,0,0,2,0,0,0,0,0,,0,0,Auckland Region,Nil,2-way,Sealed,0,0,0,0,50,0,On,1,0,,76,Auckland,Nil,0,0,0,1,0,0,Urban,0,0,0,Heavy rain,Null
1754357.9351,5918622.7721,866079,,515431,0,,0,1,,North,2024/2025,GREAT NORTH ROAD,TUARANGI ROAD,,Minor Crash,No,2024,,South,,0,,Hill Road,,,,,,Overcast,406000,2,0,0,4,,,0,,,,,,Auckland Region,Nil,2-way,Sealed,,0,0,,50,,Off,1,0,,76,Auckland,Nil,,,,,0,0,Urban,0,,,Fine,Null
1772160.2968,5894889.8289,866083,25,525530,0,,0,0,,South,2023/2024,EDINBURGH AVENUE,ROSEHILL DRIVE,,Non-Injury Crash,No,2024,,North,,0,,Flat,,,,,,Overcast,805000,0,0,0,2,,,0,,,,,,Auckland Region,Nil,2-way,Sealed,,0,0,,30,,Off,0,0,,76,Auckland,Nil,,,,,0,0,Urban,2,,,Fine,None
1764597.9752,5912453.0963,866084,,520500,0,0,0,2,0,South,2024/2025,CARBINE ROAD,CLEMOW DRIVE,,Non-Injury Crash,No,2025,0,South,0,0,1,Flat,0,,1,,0,Overcast,639100,0,0,0,2,0,0,0,0,0,,0,0,Auckland Region,Nil,2-way,Sealed,0,0,0,0,50,0,Off,0,0,,76,Auckland,Nil,0,0,0,1,0,0,Urban,0,0,0,Light rain,Frost
1757551.1801,5918501.9816,866087,,518101,0,0,0,2,0,South,2024/2025,SOUTHERN MOTORWAY,BOSTON OBR,,Minor Crash,Yes,2025,0,North,0,0,0,Flat,1,,0,,0,Overcast,542700,1,0,0,4,0,0,0,0,0,,0,0,Auckland Region,Nil,1-way,Sealed,0,0,0,0,80,0,Off,0,0,,76,Auckland,Nil,0,0,0,0,0,0,Open,0,0,0,Light rain,Null
1763918.2364,5912385.1007,866093,,520500,0,,0,4,,North,2023/2024,MOUNT WELLINGTON HIGHWAY,MOUNT WELLINGTON HWY ON RAMP,,Non-Injury Crash,No,2023,,North,,0,,Flat,,,,,,Dark,637300,0,0,0,4,,,0,,,,,,Auckland Region,Overpass,2-way,Sealed,,0,0,,50,,On,0,0,,76,Auckland,Nil,,,,,0,0,Urban,0,,,Fine,Null
1765386.5439,5908137.1795,866099,,523403,0,0,0,3,0,South,2024/2025,BAIRDS ROAD,WYMONDLEY ROAD,,Serious Crash,No,2025,0,West,0,0,0,Hill Road,0,,0,,0,Bright sun,696702,1,0,1,2,0,0,0,0,1,,0,0,Auckland Region,Nil,2-way,Sealed,0,0,1,0,50,0,Off,0,0,,76,Auckland,Nil,0,0,0,0,0,0,Urban,1,0,0,Fine,Null
1762723.1253,5912510.2878,866100,,519500,0,,0,1,,South,2024/2025,GREAT SOUTH ROAD,CHURCH STREET EAST,,Non-Injury Crash,No,2024,,North,,0,,Flat,,,,,,Bright sun,622700,0,0,0,4,,,0,,,,,,Auckland Region,Nil,2-way,Sealed,,0,0,,50,,Off,0,0,,76,Auckland,Nil,,,,,1,0,Urban,0,,,Fine,Null
1756348.2311,5919046.9774,866109,,515500,0,,0,2,,Null,2024/2025,NEWTON ROAD,NEWTON ROAD OFF RAMP,,Non-Injury Crash,No,2024,,North,,0,,Hill Road,,,,,,Bright sun,417600,0,0,0,2,,,0,,,,,,Auckland Region,Bridge,1-way,Sealed,,0,0,,50,,Off,0,0,,76,Auckland,Traffic Signals,,,,,0,0,Urban,0,,,Fine,Null
1755110.0313,5913472.9955,866112,,518803,0,0,0,1,0,East,2024/2025,SOUTH-WESTERN MOTORWAY,DOMINION OBR,,Non-Injury Crash,Yes,2025,0,East,0,0,0,Flat,0,,0,,0,Dark,582700,0,0,0,3,0,0,0,0,0,,0,0,Auckland Region,Motorway ramp,1-way,Sealed,0,0,0,0,100,0,On,0,0,,76,Auckland,Nil,0,1,0,0,0,0,Open,0,0,0,Fine,Null
1771792.6703,5906934.9239,866116,,523713,0,,0,1,,Null,2024/2025,ORMISTON ROAD,VALDERAMA DRIVE,,Non-Injury Crash,No,2025,,East,,0,,Hill Road,,,,,,Overcast,712600,0,0,0,2,,,0,,,,,,Auckland Region,Nil,2-way,Sealed,,0,0,,50,,Off,0,0,,76,Auckland,Traffic Signals,,,,,1,0,Urban,0,,,Fine,Null
1773318.464,5913327.6828,866127,,523201,1,0,0,1,0,East,2023/2024,SANDSPIT ROAD,SOMERVILLE ROAD,,Minor Crash,No,2024,0,West,0,0,0,Hill Road,0,,0,,0,Bright sun,717708,1,0,0,2,0,0,0,0,1,,0,0,Auckland Region,Nil,2-way,Sealed,0,0,0,0,50,0,Off,0,0,,76,Auckland,Nil,0,0,0,0,0,0,Urban,0,0,0,Fine,Strong wind
1755325.5958,5929533.9075,866129,,508420,0,0,0,1,0,North,2023/2024,NORTHERN MOTORWAY,TRISTRAM AVENUE ON RAMP,,Non-Injury Crash,Yes,2024,0,North,0,0,0,Flat,0,,0,,0,Bright sun,183800,0,0,0,3,0,0,0,0,0,,0,0,Auckland Region,Nil,1-way,Sealed,0,0,0,0,100,0,Off,0,0,,76,Auckland,Nil,0,0,0,2,0,0,Open,0,0,0,Fine,Strong wind
1757708.3843,5919085.0753,866132,,514302,0,0,0,2,0,East,2024/2025,PARK ROAD,PARK AVENUE,,Non-Injury Crash,No,2024,0,East,0,0,0,Flat,0,,0,,0,Dark,442400,0,0,0,2,0,0,0,0,1,,0,0,Auckland Region,Nil,2-way,Sealed,0,0,0,0,50,0,Null,0,0,,76,Auckland,Nil,0,0,0,0,0,0,Urban,0,0,0,Null,Null
1742864.9993,5931322.4684,866135,,506400,0,,0,0,,East,2023/2024,COATESVILLE-RIVERHEAD HIGHWAY,NEWTON ROAD,,Serious Crash,No,2024,,North,,0,,Hill Road,,,,,,Dark,216800,0,1,0,2,,,0,,,,,,Auckland Region,Nil,2-way,Sealed,,0,1,,50,,None,0,0,,76,Auckland,Nil,,,,,0,0,Urban,0,,,Light rain,Null
1781624.6699,5916612.2918,866136,,523300,0,0,0,1,0,North,2024/2025,TE PENE ROAD,MARAETAI DRIVE,,Non-Injury Crash,No,2025,0,North,0,0,0,Flat,0,,0,,0,Overcast,719703,0,0,0,2,0,0,0,0,1,1,0,0,Auckland Region,Nil,2-way,Sealed,0,0,0,0,50,0,None,0,0,30,76,Auckland,Nil,0,0,0,0,0,0,Urban,1,0,0,Heavy rain,Null
1755738.8512,5917939.7479,866140,,517500,0,,0,1,,East,2025/2026,NEW NORTH ROAD,SANDRINGHAM ROAD,,Minor Crash,No,2025,,South,,0,,Hill Road,,,,,,Bright sun,530900,1,0,0,1,,,0,,,1,,,Auckland Region,Speed hump,1-way,Sealed,,0,0,,50,,Off,0,0,,76,Auckland,Nil,,,,,0,0,Urban,0,,,Fine,Null
1755253.7596,5918270.8101,866143,,515500,0,,0,2,,West,2023/2024,NORTH-WESTERN MOTORWAY,BOND OBR,,Non-Injury Crash,Yes,2023,,East,,0,,Flat,,,,,,Overcast,418800,0,0,0,4,,,0,,,,,,Auckland Region,Nil,1-way,Sealed,,0,0,,80,,Off,1,0,,76,Auckland,Nil,,,,,0,0,Open,0,,,Fine,Null
1770327.3434,5904614.4568,866145,,523712,0,,0,1,,West,2024/2025,REDOUBT ROAD,MURPHYS ROAD,,Minor Crash,No,2025,,East,,0,,Hill Road,,,,,,Dark,716300,5,0,0,2,,,0,,,,,,Auckland Region,Nil,2-way,Sealed,,0,0,,80,,On,1,0,,76,Auckland,Nil,,,,,0,0,Open,0,,,Fine,Null
1768989.9999,5902872.9961,866147,,523820,0,,0,1,,Null,2022/2023,EUGENIA RISE,EVERGLADE DRIVE,,Non-Injury Crash,No,2023,,North,,0,,Flat,,,,,,Dark,760122,0,0,0,2,,,0,,,,,,Auckland Region,Nil,2-way,Sealed,,0,0,,50,,On,0,0,,76,Auckland,Give way,,,,,0,1,Urban,0,,,Fine,None
1752878.9717,5913305.5339,866149,,518901,0,,0,1,,Null,2024/2025,BOUNDARY ROAD,LANDSEER PLACE,,Minor Crash,No,2025,,North,,0,,Hill Road,,,,,,Overcast,584501,1,0,0,2,,,0,,,,,,Auckland Region,Nil,2-way,Sealed,,0,0,,50,,Off,1,0,,76,Auckland,Give way,,,,,0,0,Urban,0,,,Fine,Null
1749925.6261,5938027.6918,866151,,506300,0,0,0,1,0,South,2024/2025,DUREY ROAD,MYRA EVELYN GROVE,,Minor Crash,No,2024,0,West,0,0,0,Hill Road,1,,0,,0,Dark,176004,1,0,0,2,0,1,0,1,0,,0,0,Auckland Region,Nil,2-way,Sealed,0,0,0,0,100,0,None,0,0,,76,Auckland,Nil,0,0,0,0,0,0,Open,0,0,0,Fine,Null
1753264.4275,5934314.7787,866153,,508704,0,,0,2,,Null,2024/2025,KEREKIN DRIVE,MEDALLION DRIVE,,Non-Injury Crash,No,2024,,North,,0,,Null,,,,,,Unknown,179120,0,0,0,2,,,0,,,,,,Auckland Region,Nil,2-way,Null,,0,0,,50,,Null,0,0,,76,Auckland,Give way,,,,,0,0,Urban,0,,,Fine,Null
1743380.1947,5923161.9703,866156,,513511,0,0,0,1,0,South,2024/2025,DON BUCK ROAD,RUSH CREEK DRIVE,,Non-Injury Crash,No,2024,0,North,0,0,0,Flat,0,,0,,0,Overcast,224311,0,0,0,2,0,0,0,0,0,,0,0,Auckland Region,Nil,2-way,Sealed,0,0,0,0,50,0,Off,0,0,,76,Auckland,Nil,0,0,0,0,0,0,Urban,1,1,0,Fine,Null
1754626.0833,5913895.8872,866161,,518803,0,,0,1,,Null,2023/2024,MAY ROAD,DENBIGH AVENUE,,Non-Injury Crash,No,2024,,North,,0,,Flat,,,,,,Bright sun,581700,0,0,0,2,,,0,,,,,,Auckland Region,Nil,2-way,Sealed,,0,0,,50,,On,1,0,,76,Auckland,Traffic Signals,,,,,0,0,Urban,0,,,Fine,None
1764639.6499,5905815.7442,866165,,522100,0,,0,2,,North,2023/2024,STATION ROAD,WYLLIE ROAD,,Non-Injury Crash,No,2023,,North,,0,,Flat,,,,,,Bright sun,657700,0,0,0,2,,,0,,,,,,Auckland Region,Nil,2-way,Sealed,,0,0,,50,,Off,0,0,,76,Auckland,Nil,,,,,0,0,Urban,0,,,Fine,None
1752758.138,5926420.0891,866176,,508220,0,0,0,2,0,West,2025/2026,ESKDALE ROAD,MERRILL PLACE,,Non-Injury Crash,No,2025,0,North,0,0,0,Hill Road,0,,0,,0,Twilight,188902,0,0,0,2,0,0,0,0,1,,0,0,Auckland Region,Nil,2-way,Sealed,0,0,0,0,50,0,Off,0,0,,76,Auckland,Nil,0,0,0,0,0,0,Urban,0,0,0,Fine,Null
1759503.9492,5910066.3827,866177,,524002,0,,0,2,,South,2023/2024,SOUTH-WESTERN MOTORWAY,RIMU OBR,,Minor Crash,Yes,2024,,North,,0,,Flat,,,,,,Twilight,722400,1,0,0,4,,,0,,,,,,Auckland Region,Nil,1-way,Sealed,,0,0,,100,,On,0,0,,76,Auckland,Nil,,,,,0,0,Open,0,,,Fine,Null
1755780.3615,5929572.6616,866179,,508510,0,0,0,1,0,East,2023/2024,MERRIEFIELD AVENUE,BECROFT DRIVE,,Serious Crash,No,2024,0,West,0,0,0,Flat,0,,0,,0,Dark,194100,1,0,0,2,0,0,0,0,1,,0,0,Auckland Region,Nil,2-way,Sealed,0,0,1,0,50,0,On,0,0,,76,Auckland,Nil,0,0,0,0,1,0,Urban,0,0,0,Fine,Null
1761193.6834,5914727.6396,866183,,520202,0,,0,2,,North,2023/2024,SOUTHERN MOTORWAY,ELLERSLIE-PANMURE HWY OFF RAMP,,Non-Injury Crash,Yes,2024,,South,,0,,Flat,,,,,,Overcast,612100,0,0,0,4,,,0,,,,,,Auckland Region,Nil,1-way,Sealed,,0,0,,100,,Off,0,0,,76,Auckland,Nil,,,,,0,0,Open,0,,,Fine,Null
1745208.0517,5919760.2997,866189,,513301,0,,0,0,,West,2024/2025,UNIVERSAL DRIVE,LINCOLN ROAD,,Minor Crash,No,2024,,East,,0,,Flat,,,,,,Overcast,232001,1,0,0,4,,,0,,,,,,Auckland Region,Nil,2-way,Sealed,,0,0,,50,,Off,1,0,,76,Auckland,Nil,,,,,0,0,Urban,1,,,Fine,Null
1756380.5733,5919060.794,866191,,514200,0,,0,0,,South,2022/2023,NORTH-WESTERN MOTORWAY,NORTH-WESTERN TO NORTHERN LINK,,Non-Injury Crash,Yes,2023,,North,,0,,Flat,,,,,,Twilight,411800,0,0,0,2,,,1,,,,,,Auckland Region,Nil,1-way,Sealed,,0,0,,80,,On,0,0,,76,Auckland,Nil,,,,,1,0,Open,0,,,Fine,Null
1764299.4139,5914938.3199,866197,,520303,0,,0,2,,Null,2024/2025,ELLERSLIE-PANMURE HIGHWAY,MOUNTAIN ROAD,,Minor Crash,No,2024,,East,,0,,Flat,,,,,,Bright sun,627500,1,0,0,4,,,0,,,,,,Auckland Region,Nil,2-way,Sealed,,0,0,,50,,Off,0,0,,76,Auckland,Give way,,,,,0,0,Urban,0,,,Fine,Null
1755653.8282,5935614.3311,866207,35,507101,0,0,0,1,0,North,2023/2024,BEACH ROAD,WOODLANDS CRESCENT,,Non-Injury Crash,No,2023,0,North,0,0,0,Hill Road,0,,0,,1,Bright sun,162400,0,0,0,2,0,0,0,0,0,,0,0,Auckland Region,Nil,2-way,Sealed,0,0,0,0,50,0,None,0,0,,76,Auckland,Nil,0,0,0,1,0,0,Urban,0,0,0,Fine,Null
1763487.4677,5904052.4106,866211,,524604,0,,0,2,,East,2023/2024,PUHINUI ROAD,PRICES ROAD,,Minor Crash,Yes,2024,,East,,0,,Flat,,,,,,Overcast,780902,1,0,0,6,,,0,,,,,,Auckland Region,Nil,2-way,Sealed,,0,0,,60,,Off,0,0,,76,Auckland,Nil,,,,,1,0,Urban,0,,,Fine,Strong wind
1747125.2529,5921447.2891,866219,,512300,0,,0,1,,Null,2023/2024,TAIKATA ROAD,KAUMATUA PLACE,,Serious Crash,No,2024,,West,,0,,Flat,,,,,,Overcast,250300,0,0,0,2,,,0,,,1,,,Auckland Region,Nil,2-way,Sealed,,0,1,,50,,Off,0,0,,76,Auckland,Nil,,,,,0,0,Urban,0,,,Fine,Null
1743787.171,5919239.4232,866220,,513213,1,,0,0,,Null,2024/2025,SWANSON ROAD,METCALFE ROAD,,Minor Crash,No,2025,,South,,0,,Flat,,,,,,Dark,235803,1,0,0,4,,,0,,,,,,Auckland Region,Nil,2-way,Sealed,,0,0,,50,,On,0,0,,76,Auckland,Give way,,,,,0,1,Urban,0,,,Fine,Null
1764377.843,5906748.2614,866223,,522201,0,,0,2,,South,2023/2024,SWAFFIELD ROAD,ROSS AVENUE,,Minor Crash,No,2024,,North,,0,,Flat,,,,,,Bright sun,660900,1,0,0,2,,,0,,,,,,Auckland Region,Nil,2-way,Sealed,,0,0,,50,,Off,0,0,,76,Auckland,Nil,,,,,0,0,Urban,0,,,Fine,Null
1752366.829,5912405.724,866232,,514700,0,,0,1,,Null,2024/2025,DONOVAN STREET,MCFADZEAN DRIVE,,Non-Injury Crash,No,2024,,East,,0,,Flat,,,,,,Bright sun,370700,0,0,0,3,,,0,,,,,,Auckland Region,Nil,2-way,Sealed,,0,0,,50,,Off,1,0,,76,Auckland,Give way,,,,,0,0,Urban,0,,,Fine,Null
1739141.6258,5930137.4165,866233,,505604,0,0,0,1,0,North,2025/2026,ORAHA ROAD,BURNS LANE,,Serious Crash,No,2025,0,East,1,0,0,Flat,0,,0,,0,Dark,213900,0,0,0,2,0,0,0,0,0,,0,0,Auckland Region,Nil,2-way,Sealed,0,0,1,0,60,0,None,0,0,,76,Auckland,Nil,0,0,0,0,0,0,Urban,0,0,0,Mist or Fog,Null
1769192.0959,5902442.6922,866235,,524901,0,,0,2,,North,2023/2024,SOUTHERN MOTORWAY,HILL ROAD ON RAMP,,Serious Crash,Yes,2024,,North,,0,,Hill Road,,,,,,Overcast,755000,1,0,0,3,,,0,,,,,,Auckland Region,Nil,1-way,Sealed,,0,2,,100,,Off,0,0,,76,Auckland,Nil,,,,,1,0,Open,1,,,Fine,Null
1759056.6256,5919342.8088,866237,,515901,0,,0,1,,Null,2023/2024,BRIGHTON ROAD,ST STEPHENS AVENUE,,Non-Injury Crash,No,2023,,North,,0,,Hill Road,,,,,,Overcast,457100,0,0,0,2,,,0,,,,,,Auckland Region,Nil,2-way,Sealed,,0,0,,50,,Off,1,0,,76,Auckland,Give way,,,,,0,0,Urban,0,,,Fine,None
1769252.578,5902390.8902,866241,,524901,0,,0,1,,North,2024/2025,SOUTHERN MOTORWAY,HILL ROAD ON RAMP,,Non-Injury Crash,Yes,2024,,North,,0,,Flat,,Christmas New Year,,,,Bright sun,755600,0,0,0,3,,,0,,,,,,Auckland Region,Nil,1-way,Sealed,,0,0,,100,,Off,1,0,,76,Auckland,Nil,,,,,0,0,Open,0,,,Fine,Null
1757475.1154,5930867.6703,866247,,507710,0,0,0,1,1,North,2022/2023,BEACH ROAD,PETER TERRACE,,Non-Injury Crash,No,2023,0,North,0,0,0,Hill Road,0,,0,,0,Dark,313800,0,0,0,2,0,0,0,0,0,,0,1,Auckland Region,Nil,2-way,Sealed,0,0,0,0,50,0,On,0,0,,76,Auckland,Nil,0,0,0,0,0,0,Urban,0,0,0,Fine,Null
1769539.6934,5912998.3199,866249,,522723,0,,0,2,,Null,2023/2024,CASCADES ROAD,BEN LOMOND CRESCENT,,Non-Injury Crash,No,2023,,West,,0,,Flat,,,,,,Unknown,681500,0,0,0,2,,,0,,,,,,Auckland Region,Nil,2-way,Sealed,,0,0,,50,,Null,0,0,,76,Auckland,Give way,,,,,0,0,Urban,0,,,Null,Null
1770965.7978,5914604.5833,866252,25,522722,0,,0,2,,Null,2024/2025,PAKURANGA ROAD,BOTANY ROAD,,Non-Injury Crash,No,2025,,East,,0,,Flat,,,,,,Bright sun,647601,0,0,0,2,,,0,,,,,,Auckland Region,Nil,2-way,Sealed,,0,0,,30,,None,0,0,,76,Auckland,Give way,,,,,0,0,Urban,0,,,Fine,None
1754461.1536,5915117.0224,866253,,518802,0,,0,0,,South,2024/2025,MOUNT ALBERT ROAD,SANDRINGHAM ROAD EXTENSION,,Non-Injury Crash,No,2024,,North,,0,,Null,,,,,,Overcast,577300,0,0,0,2,,,0,,,,,,Auckland Region,Nil,2-way,Sealed,,0,0,,50,,Null,1,0,,76,Auckland,Nil,,,,,0,1,Urban,1,,,Fine,Null
1774318.7947,5897350.5357,866256,,525610,0,,0,0,,West,2024/2025,CLEVEDON ROAD,VALENTINE STREET,,Minor Crash,No,2025,,East,,0,,Flat,,,,,,Twilight,796300,1,0,0,2,,,0,,,,,,Auckland Region,Nil,2-way,Sealed,,0,0,,50,,Off,1,0,,76,Auckland,Nil,,,,,0,0,Urban,1,,,Fine,Null
1768798.0963,5904855.3473,866257,,523722,0,,0,0,,South,2024/2025,HOLLYFORD DRIVE,ASPIRING AVENUE,,Minor Crash,No,2025,,South,,0,,Hill Road,,,,,,Bright sun,716014,1,0,0,2,,,0,,,,,,Auckland Region,Nil,2-way,Sealed,,0,0,,50,,Off,1,0,,76,Auckland,Nil,,,,,0,0,Urban,1,,,Fine,Strong wind
1767616.7237,5906154.7109,866259,,523601,0,0,0,1,0,South,2023/2024,PIAKO STREET,FLAT BUSH ROAD,,Non-Injury Crash,No,2023,0,South,0,0,0,Flat,0,,0,,0,Bright sun,707000,0,0,0,2,0,0,0,0,1,,0,0,Auckland Region,Nil,2-way,Sealed,0,0,0,0,50,0,Off,1,0,,76,Auckland,Nil,0,0,0,0,0,0,Urban,0,0,0,Fine,None
1757046.2456,5919955.8395,866261,,514102,1,,0,1,,North,2024/2025,MAYORAL DRIVE,GREYS AVENUE,,Minor Crash,No,2025,,South,,0,,Flat,,,,,,Overcast,434901,1,0,0,4,,,0,,,,,,Auckland Region,Nil,2-way,Sealed,,0,0,,30,,Off,0,1,,76,Auckland,Nil,,,,,0,0,Urban,0,,,Fine,Null