X,Y,OBJECTID,advisorySpeed,areaUnitID,bicycle,bridge,bus,carStationWagon,cliffBank,crashDirectionDescription,crashFinancialYear,crashLocation1,crashLocation2,crashRoadSideRoad,crashSeverity,crashSHDescription,crashYear,debris,directionRoleDescription,ditch,fatalCount,fence,flatHill,guardRail,holiday,houseOrBuilding,intersection,kerb,light,meshblockId,minorInjuryCount,moped,motorcycle,NumberOfLanes,objectThrownOrDropped,otherObject,otherVehicleType,overBank,parkedVehicle,pedestrian,phoneBoxEtc,postOrPole,region,roadCharacter,roadLane,roadSurface,roadworks,schoolBus,seriousInjuryCount,slipOrFlood,speedLimit,strayAnimal,streetLight,suv,taxi,temporarySpeedLimit,tlaId,tlaName,trafficControl,trafficIsland,trafficSign,train,tree,truck,unknownVehicleType,urban,vanOrUtility,vehicle,waterRiver,weatherA,weatherB
1765619.5703,5897699.9765,866268,,524812,0,0,0,0,0,Null,2024/2025,WEYMOUTH ROAD,LAWSON WAY,,Non-Injury Crash,No,2025,0,North,0,0,1,Flat,0,,0,,0,Dark,773400,0,0,0,2,0,0,0,0,0,,0,0,Auckland Region,Nil,2-way,Sealed,0,0,0,0,30,0,On,0,0,,76,Auckland,Nil,0,0,0,0,0,0,Urban,1,0,0,Fine,Null
1745770.4499,5913947.6927,866272,,511001,0,0,0,2,0,Null,2024/2025,WEST COAST ROAD,GLEN CLOSE,,Non-Injury Crash,No,2025,0,East,0,0,0,Flat,0,,0,,0,Dark,282601,0,0,0,2,0,0,0,0,1,,0,1,Auckland Region,Nil,2-way,Sealed,0,0,0,0,50,0,On,0,0,,76,Auckland,Give way,0,0,0,0,0,0,Urban,0,0,0,Light rain,Null
1753323.3723,5946156.9224,866276,,505906,0,,0,1,,South,2025/2026,WHANGAPARAOA ROAD,POPLAR ROAD,,Minor Crash,No,2025,,South,,0,,Flat,,,,,,Overcast,173803,1,0,0,2,,,0,,,,,,Auckland Region,Nil,2-way,Sealed,,0,0,,60,,Off,0,0,,76,Auckland,Nil,,,,,1,0,Urban,0,,,Light rain,Null
1767193.9494,5900957.0858,866279,,524720,0,,0,3,,Null,2023/2024,WORDSWORTH ROAD,AARTS AVENUE,,Minor Crash,No,2023,,North,,0,,Flat,,,,,,Overcast,776200,1,0,0,2,,,0,,,,,,Auckland Region,Speed hump,2-way,Sealed,,0,0,,50,,Off,0,0,,76,Auckland,Give way,,,,,0,0,Urban,0,,,Fine,Null
1766808.7529,5903951.2761,866280,,524604,0,,0,0,,South,2024/2025,LAMBIE DRIVE,LAMBIE DRIVE ON RAMP,,Non-Injury Crash,No,2024,,North,,0,,Flat,,,,,,Overcast,780209,0,0,0,3,,,0,,,,,,Auckland Region,Nil,1-way,Sealed,,0,0,,50,,Off,0,0,,76,Auckland,Nil,,,,,1,1,Urban,0,,,Fine,None
1752359.1303,5972163.9189,866283,45,506661,0,0,0,1,0,North,2023/2024,SHARP ROAD,MONARCH-DOWNS WAY,,Minor Crash,No,2024,0,South,0,0,1,Hill Road,0,,0,,0,Overcast,139302,1,0,0,2,0,0,0,0,0,,0,0,Auckland Region,Nil,2-way,Sealed,0,0,0,0,80,0,Off,0,0,,76,Auckland,Nil,0,0,0,0,0,0,Open,0,0,0,Fine,Null
1758863.4952,5903192.3671,866284,,524200,0,,0,1,,Null,2024/2025,OFF ROAD AUCKLAND AIRPORT CARAPRK,,,Minor Crash,No,2025,,East,,0,,Flat,,,,,,Bright sun,727200,1,0,0,1,,,0,,,,,,Auckland Region,Nil,Off road,Sealed,,0,0,,10,,None,0,0,,76,Auckland,Nil,,,,,0,0,Urban,0,,,Fine,Null
1745279.3586,5917936.1415,866289,,510700,0,0,0,1,0,Null,2022/2023,BUSCOMB AVENUE,MILLSTREAM DRIVE,,Non-Injury Crash,No,2023,0,South,0,0,0,Flat,0,,0,,0,Overcast,239802,0,0,0,2,0,0,0,0,1,,0,0,Auckland Region,Nil,2-way,Sealed,0,0,0,0,50,0,Off,0,0,,76,Auckland,Nil,0,0,0,0,0,0,Urban,1,0,0,Heavy rain,Strong wind
1768814.0516,5904086.127,866301,,523820,0,0,0,0,0,Null,2023/2024,EVERGLADE DRIVE,MELIA GROVE,,Serious Crash,No,2024,0,South,0,0,0,Hill Road,0,,0,,0,Dark,760141,0,0,0,2,0,0,0,0,0,,0,1,Auckland Region,Nil,2-way,Sealed,0,0,1,0,50,0,On,1,0,,76,Auckland,Give way,0,0,0,0,0,0,Urban,0,0,0,Fine,Null
1756598.8403,5919437.5052,866302,,514102,0,,0,1,,Null,2023/2024,KARANGAHAPE ROAD,DAY STREET,,Minor Crash,No,2023,,East,,0,,Flat,,,,,,Bright sun,436002,1,1,0,4,,,0,,,,,,Auckland Region,Nil,2-way,Sealed,,0,0,,30,,Off,0,0,,76,Auckland,Nil,,,,,0,0,Urban,0,,,Fine,Null
1760792.601,5946885.7872,866304,,505904,0,0,0,2,0,Null,2024/2025,ALEC CRAIG WAY,TILLER COURT,,Non-Injury Crash,No,2024,0,North,0,0,0,Flat,0,,0,,0,Overcast,175112,0,0,0,2,0,0,0,0,1,,0,0,Auckland Region,Nil,2-way,Sealed,0,0,0,0,50,0,None,0,0,,76,Auckland,Nil,0,0,0,0,0,0,Urban,0,0,0,Light rain,Null
1761448.1044,5916847.1357,866305,,516202,0,0,0,3,0,South,2023/2024,REMUERA ROAD,UPLAND ROAD,,Non-Injury Crash,No,2024,0,North,0,0,0,Flat,0,Queens Birthday,0,,0,Dark,489900,0,0,0,4,0,0,0,0,1,,0,0,Auckland Region,Nil,2-way,Sealed,0,0,0,0,50,0,On,0,0,,76,Auckland,Nil,0,0,0,0,0,0,Urban,0,0,0,Light rain,Null
1745732.3552,5917208.1462,866316,,510800,0,,0,1,,Null,2024/2025,EDSEL STREET,GREAT NORTH ROAD,,Non-Injury Crash,No,2025,,North,,0,,Flat,,,,,,Dark,243300,0,0,0,4,,,0,,,,,,Auckland Region,Nil,2-way,Sealed,,0,0,,50,,On,1,0,,76,Auckland,Traffic Signals,,,,,0,0,Urban,0,,,Light rain,Null
1761437.3302,5906772.4146,866317,,524112,0,,0,3,,North,2023/2024,SOUTH-WESTERN MOTORWAY,MASSEY ROAD OFF RAMP,,Non-Injury Crash,Yes,2023,,South,,0,,Flat,,,,,,Twilight,742300,0,0,0,2,,,0,,,,,,Auckland Region,Nil,1-way,Sealed,,0,0,,100,,On,0,0,,76,Auckland,Nil,,,,,0,0,Open,0,,,Fine,Null
1765933.299,5920354.6661,866326,,516700,1,,0,1,,Null,2022/2023,CLIFF ROAD,CLIFF AVENUE,,Minor Crash,No,2023,,South,,0,,Hill Road,,,,,,Twilight,511300,1,0,0,2,,,0,,,,,,Auckland Region,Nil,2-way,Sealed,,0,0,,50,,On,0,0,,76,Auckland,Nil,,,,,0,0,Urban,0,,,Fine,Null
1766202.979,5907447.3127,866331,45,522301,0,,0,2,,Null,2022/2023,EAST TAMAKI ROAD,EAST TAMAKI ROAD ON-OFF RAMP,,Non-Injury Crash,No,2023,,South,,0,,Flat,,,,,,Twilight,666700,0,0,0,3,,,0,,,,,,Auckland Region,Nil,2-way,Sealed,,0,0,,50,,Off,0,0,,76,Auckland,Traffic Signals,,,,,0,0,Urban,0,,,Fine,None
1769124.8634,5909145.6314,866332,,523113,0,0,0,2,0,Null,2024/2025,ACCENT DRIVE,LADY RUBY DRIVE,,Non-Injury Crash,No,2025,0,North,0,0,0,Flat,0,,0,,0,Bright sun,711801,0,0,0,1,0,0,0,0,0,,0,0,Auckland Region,Nil,1-way,Sealed,0,0,0,0,50,0,Off,0,0,,76,Auckland,Give way,0,0,0,0,0,0,Urban,0,1,0,Fine,Null
1766915.6144,5902188.2367,866333,,524602,1,,0,0,,North,2023/2024,DALGETY DRIVE,BROWNS ROAD,,Minor Crash,No,2024,,South,,0,,Flat,,,,,,Bright sun,780407,1,0,0,2,,,0,,,,,,Auckland Region,Nil,2-way,Sealed,,0,0,,50,,Off,1,0,30,76,Auckland,Nil,,,,,0,0,Urban,0,,,Fine,Null
1770173.8116,5899101.1323,866339,,523920,0,,0,0,,North,2022/2023,GREAT SOUTH ROAD,CHALLEN CLOSE,,Non-Injury Crash,No,2023,,South,,0,,Flat,,,,,,Dark,768005,0,0,0,4,,,0,,,,,,Auckland Region,Nil,2-way,Sealed,,0,0,,50,,On,1,0,,76,Auckland,Nil,,,,,0,0,Urban,1,,,Fine,None
1756191.9784,5927635.1626,866341,,507900,0,,0,2,,North,2023/2024,NORTHERN MOTORWAY,NORTHCOTE ROAD OFF RAMP,,Non-Injury Crash,Yes,2023,,South,,0,,Flat,,,,,,Overcast,305202,0,0,0,3,,,0,,,,,,Auckland Region,Nil,1-way,Sealed,,0,0,,100,,Off,0,0,,76,Auckland,Nil,,,,,0,0,Open,1,,,Light rain,Null
1753920.7188,5925528.7587,866348,,510500,0,,0,1,,Null,2024/2025,PUPUKE ROAD,GLENFIELD ROAD,,Non-Injury Crash,No,2024,,West,,0,,Null,,,,,,Bright sun,355603,0,0,0,3,,,0,,,,,,Auckland Region,Nil,2-way,Sealed,,0,0,,50,,Null,1,0,,76,Auckland,Traffic Signals,,,,,0,1,Urban,0,,,Fine,Null
1784104.7412,5924188.247,866349,,520801,1,,0,0,,South,2024/2025,GORDONS ROAD,O'BRIEN ROAD,,Serious Crash,No,2025,,North,,0,,Hill Road,,,,,,Bright sun,515603,0,0,0,2,,,0,,,,,,Auckland Region,Nil,2-way,Sealed,,0,1,,50,,None,0,0,,76,Auckland,Nil,,,,,0,0,Urban,0,,,Fine,Null
1758074.8683,5917558.8975,866351,,515700,0,,0,2,,Null,2024/2025,GILLIES AVENUE,ALPERS AVENUE,,Non-Injury Crash,No,2024,,North,,0,,Flat,,,,,,Bright sun,443700,0,0,0,4,,,0,,,,,,Auckland Region,Nil,2-way,Sealed,,0,0,,50,,Off,0,0,,76,Auckland,Traffic Signals,,,,,0,0,Urban,0,,,Fine,Null
1777644.9074,5924869.0325,866353,,520801,0,0,0,1,0,South,2023/2024,PARK POINT DRIVE,CABLE BAY LANE,,Non-Injury Crash,No,2024,0,South,0,0,0,Flat,0,,0,,0,Dark,516013,0,0,0,2,0,0,0,0,0,,0,0,Auckland Region,Nil,2-way,Sealed,0,0,0,0,50,0,None,0,0,,76,Auckland,Nil,0,0,0,0,0,0,Urban,0,0,0,Fine,Null
1768426.9226,5902524.6062,866359,,524901,0,0,0,2,0,West,2024/2025,ORAMS ROAD,ROTHERY ROAD,,Minor Crash,No,2025,0,West,0,0,0,Hill Road,0,,0,,0,Bright sun,754300,1,0,0,2,0,0,0,0,1,,0,0,Auckland Region,Nil,2-way,Sealed,0,0,0,0,50,0,Off,0,0,,76,Auckland,Nil,0,0,0,0,0,0,Urban,0,0,0,Fine,Null
1756621.8184,5915153.4195,866372,,518302,0,,0,1,,North,2025/2026,MOUNT EDEN ROAD,SHACKLETON ROAD,,Minor Crash,No,2025,,North,,0,,Flat,,Christmas New Year,,,,Overcast,558200,1,0,0,3,,,0,,,1,,,Auckland Region,Nil,2-way,Sealed,,0,0,,50,,Off,0,0,,76,Auckland,Nil,,,,,0,0,Urban,0,,,Fine,Null
1757124.8071,5920519.1698,866379,,514102,0,,1,1,,West,2023/2024,VICTORIA STREET WEST,FEDERAL STREET,,Non-Injury Crash,No,2024,,West,,0,,Flat,,,,,,Bright sun,433801,0,0,0,4,,,0,,,,,,Auckland Region,Nil,2-way,Sealed,,0,0,,50,,None,0,0,,76,Auckland,Nil,,,,,0,0,Urban,0,,,Fine,Null
1769853.0419,5898469.4088,866380,,523920,0,0,0,1,0,West,2025/2026,SYNTAX PLACE,BRYLEE DRIVE,,Non-Injury Crash,No,2026,0,East,0,0,0,Flat,0,,0,,1,Dark,767912,0,0,0,2,0,0,0,0,1,,0,0,Auckland Region,Nil,2-way,Sealed,0,0,0,0,50,0,On,1,0,,76,Auckland,Nil,0,0,0,1,0,0,Urban,0,0,0,Fine,Null
1753994.7096,5934885.1181,866383,,507102,0,,0,1,,Null,2022/2023,EAST COAST ROAD,ST CLAIR PLACE,,Non-Injury Crash,No,2023,,North,,0,,Flat,,,,,,Overcast,158706,0,0,0,2,,,0,,,,,,Auckland Region,Nil,2-way,Sealed,,0,0,,50,,Off,0,0,,76,Auckland,Give way,,,,,0,1,Urban,0,,,Fine,Null
1756292.1515,5918952.6844,866385,,515500,0,,0,2,,South,2023/2024,NORTH-WESTERN MOTORWAY,NEWTON OBR,,Non-Injury Crash,Yes,2024,,North,,0,,Flat,,,,,,Bright sun,417600,0,0,0,2,,,0,,,,,,Auckland Region,Motorway ramp,1-way,Sealed,,0,0,,80,,Off,0,0,,76,Auckland,Nil,,,,,0,0,Open,0,,,Fine,Null
1756211.5603,5913059.4248,866389,,518701,0,,0,1,,Null,2023/2024,SOUTH-WESTERN MOTORWAY,HILLSBOROUGH ROAD OFF RAMP,,Non-Injury Crash,Yes,2023,,South,,0,,Flat,,,,,,Dark,569000,0,0,0,4,,,0,,,,,,Auckland Region,Nil,1-way,Sealed,,0,0,,80,,On,0,0,,76,Auckland,Nil,,,,,1,0,Open,0,,,Fine,None
1755243.9549,5925689.428,866390,,509701,1,,0,1,,East,2022/2023,RALEIGH ROAD,HOLDAWAY AVENUE,,Minor Crash,No,2023,,East,,0,,Hill Road,,,,,,Overcast,366901,1,0,0,2,,,0,,,,,,Auckland Region,Nil,2-way,Sealed,,0,0,,50,,Off,0,0,,76,Auckland,Nil,,,,,0,0,Urban,0,,,Fine,Null
1767614.6364,5912430.4793,866400,,523000,0,,0,1,,Null,2024/2025,UDYS ROAD,MARRIOTT ROAD,,Non-Injury Crash,No,2025,,North,,0,,Hill Road,,,,,,Overcast,688101,0,0,1,2,,,0,,,,,,Auckland Region,Nil,2-way,Sealed,,0,0,,50,,Off,0,0,,76,Auckland,Give way,,,,,0,0,Urban,0,,,Light rain,Null
1769488.7775,5902029.3734,866401,,524901,0,,0,1,,South,2023/2024,SOUTHERN MOTORWAY,HILL ROAD ON RAMP,,Non-Injury Crash,Yes,2023,,North,,0,,Flat,,,,,,Overcast,755600,0,0,0,3,,,0,,,,,,Auckland Region,Nil,1-way,Sealed,,0,0,,100,,None,0,0,,76,Auckland,Nil,,,,,0,0,Open,0,,,Fine,None
1759175.406,5903857.8034,866403,,524200,0,,0,2,,Null,2023/2024,LEONARD ISITT DRIVE,JOHN GOULTER DRIVE,,Non-Injury Crash,No,2024,,South,,0,,Flat,,,,,,Overcast,727200,0,0,0,2,,,0,,,,,,Auckland Region,Nil,2-way,Sealed,,0,0,,50,,Off,0,0,,76,Auckland,Give way,,,,,0,0,Urban,0,,,Light rain,Null
1775244.3903,5891095.3089,866404,55,521301,0,0,0,1,0,Null,2024/2025,WAIHOEHOE ROAD,COSSEY ROAD,,Non-Injury Crash,No,2025,0,West,0,0,0,Flat,0,,0,,0,Dark,808800,0,0,0,2,0,0,0,0,0,,0,1,Auckland Region,Nil,2-way,Sealed,0,0,0,0,80,0,Off,0,0,,76,Auckland,Stop,0,0,0,0,0,0,Open,0,0,0,Light rain,Null
1752270.6676,5925253.2784,866407,,510220,0,,0,0,,East,2024/2025,VERRAN ROAD,VERBENA ROAD,,Minor Crash,No,2024,,West,,0,,Hill Road,,,,,,Bright sun,350600,1,0,0,2,,,0,,,1,,,Auckland Region,Nil,2-way,Sealed,,0,0,,30,,Off,1,0,,76,Auckland,Nil,,,,,0,0,Urban,0,,,Fine,Null
1755673.5189,5921259.8255,866417,,515202,0,0,0,1,0,West,2023/2024,NORTHERN MOTORWAY,FANSHAWE STREET OFF RAMP,,Non-Injury Crash,Yes,2023,0,South,0,0,0,Flat,1,,0,,0,Dark,425600,0,0,0,6,0,0,0,0,0,,0,0,Auckland Region,Nil,1-way,Sealed,0,0,0,0,80,0,On,0,0,,76,Auckland,Nil,0,0,0,0,0,0,Open,0,0,0,Fine,Null
1770345.9353,5916824.9556,866421,,522601,0,,0,0,,Null,2023/2024,BUCKLANDS BEACH ROAD,BUCKLANDS BEACH ROAD,,Non-Injury Crash,No,2023,,East,,0,,Flat,,,,,,Bright sun,678004,0,0,0,2,,,0,,,1,,,Auckland Region,Speed hump,2-way,Sealed,,0,0,,50,,Off,0,0,,76,Auckland,Nil,,,,,0,0,Urban,1,,,Fine,Frost
1757719.2864,5918253.7294,866435,,518101,0,,0,4,,North,2023/2024,SOUTHERN MOTORWAY,MOUNTAIN OBR,,Non-Injury Crash,Yes,2024,,North,,0,,Hill Road,,,,,,Bright sun,543000,0,0,0,4,,,0,,,,,,Auckland Region,Nil,1-way,Sealed,,0,0,,80,,Off,0,0,,76,Auckland,Nil,,,,,0,0,Open,0,,,Fine,Null
1764409.8809,5904621.1272,866436,,522100,0,0,0,2,0,South,2024/2025,WYLLIE ROAD,GIFFORD ROAD,,Non-Injury Crash,No,2025,0,South,0,0,0,Flat,0,,0,,0,Dark,659200,0,0,0,2,0,0,0,0,1,,0,0,Auckland Region,Nil,2-way,Sealed,0,0,0,0,50,0,On,0,0,,76,Auckland,Nil,0,0,0,0,0,0,Urban,0,0,0,Fine,Null
1744337.4583,5922006.4065,866440,,513512,0,0,0,1,0,West,2025/2026,MARBELLA DRIVE,GINDERS DRIVE,,Non-Injury Crash,No,2025,0,East,0,0,0,Hill Road,0,,1,,0,Bright sun,225702,0,0,0,2,0,0,0,0,0,,0,0,Auckland Region,Nil,2-way,Sealed,0,0,0,0,50,0,Off,0,0,,76,Auckland,Nil,0,0,0,0,0,0,Urban,0,0,0,Fine,Null
1756812.0166,5920278.0904,866452,,514102,0,,0,2,,South,2025/2026,NELSON STREET,COOK STREET,,Non-Injury Crash,No,2025,,South,,0,,Flat,,,,,,Bright sun,434103,0,0,0,5,,,0,,,,,,Auckland Region,Nil,2-way,Sealed,,0,0,,40,,Null,0,0,,76,Auckland,Nil,,,,,0,0,Urban,0,,,Fine,Null
1755292.7017,5935000.4927,866455,,507102,0,,0,2,,South,2023/2024,GLENCOE ROAD,NIGEL ROAD,,Non-Injury Crash,No,2024,,South,,0,,Flat,,,,,,Bright sun,158400,0,0,0,2,,,0,,,,,,Auckland Region,Nil,2-way,Sealed,,0,0,,50,,Off,0,0,,76,Auckland,Nil,,,,,0,0,Urban,0,,,Fine,Null
1751549.0763,5915737.0235,866461,,514401,0,,0,0,,North,2023/2024,BLOCKHOUSE BAY ROAD,HIMIKERA AVENUE,,Minor Crash,No,2024,,East,,0,,Flat,,,,,,Twilight,382000,1,0,0,2,,,0,,,1,,,Auckland Region,Nil,2-way,Sealed,,0,0,,50,,Off,0,0,,76,Auckland,Nil,,,,,0,1,Urban,0,,,Fine,Null
1769387.9778,5904066.4066,866463,,523820,0,0,0,3,0,South,2023/2024,GOODWOOD DRIVE,CAPISTRANO MEWS,,Non-Injury Crash,No,2024,0,North,0,0,0,Flat,0,,0,,0,Dark,760136,0,0,0,2,0,0,0,0,1,,0,0,Auckland Region,Nil,2-way,Sealed,0,0,0,0,50,0,On,0,0,,76,Auckland,Nil,0,0,0,0,0,0,Urban,0,0,0,Fine,Null
1765645.3369,5920146.0193,866467,,516700,0,0,0,2,0,West,2024/2025,TAMAKI DRIVE,TURUA STREET,,Minor Crash,No,2024,0,West,0,0,0,Flat,0,,0,,0,Dark,509300,1,0,0,2,0,0,0,0,1,,0,0,Auckland Region,Nil,2-way,Sealed,0,0,0,0,30,0,On,0,0,,76,Auckland,Nil,0,0,0,0,0,0,Urban,0,0,0,Fine,Null
1755377.957,5913350.7854,866471,,518803,0,0,0,1,0,South,2023/2024,SOMERSET ROAD,BRISTOL ROAD,,Non-Injury Crash,No,2024,0,South,0,0,0,Flat,1,,0,,0,Overcast,581500,0,0,0,2,0,0,0,0,0,,0,0,Auckland Region,Nil,2-way,Sealed,0,0,0,0,50,0,Off,0,0,,76,Auckland,Nil,0,0,0,1,0,0,Urban,0,0,0,Fine,Null
1759652.818,5916272.0106,866476,,516002,0,,0,2,,East,2025/2026,SOUTHERN MOTORWAY,OMAHU OBR,,Minor Crash,Yes,2025,,South,,0,,Flat,,,,,,Bright sun,492000,1,0,0,3,,,0,,,,,,Auckland Region,Nil,1-way,Sealed,,0,0,,100,,Off,0,0,,76,Auckland,Nil,,,,,0,0,Open,0,,,Fine,Null
1766058.8879,5905811.4057,866481,,522202,0,0,0,2,0,North,2023/2024,BIRDWOOD AVENUE,AVIS AVENUE,,Non-Injury Crash,No,2023,0,South,0,0,0,Flat,0,,0,,0,Overcast,665300,0,0,0,2,0,0,0,0,1,,0,1,Auckland Region,Nil,2-way,Sealed,0,0,0,0,50,0,Off,0,0,,76,Auckland,Nil,0,0,0,0,0,0,Urban,0,0,0,Light rain,Null
1767657.313,5903916.6863,866491,,524602,0,,0,2,,West,2023/2024,SOUTH-WESTERN MOTORWAY,GREAT SOUTH OBR,,Minor Crash,Yes,2024,,West,,0,,Flat,,,,,,Bright sun,780417,1,0,0,3,,,0,,,,,,Auckland Region,Nil,1-way,Sealed,,0,0,,100,,Off,1,0,,76,Auckland,Nil,,,,,0,0,Open,0,,,Fine,Null
1780725.3528,5926898.6391,866505,,520801,0,,0,1,,North,2024/2025,FRANK STREET,HEKERUA ROAD,,Minor Crash,No,2024,,West,,0,,Hill Road,,,,,,Dark,516509,1,0,0,2,,,0,,,1,,,Auckland Region,Nil,2-way,Sealed,,0,0,,40,,None,0,0,,76,Auckland,Nil,,,,,0,0,Urban,0,,,Light rain,Null
1756155.6532,5918784.0634,866510,,515500,0,,0,0,,North,2022/2023,NORTH-WESTERN MOTORWAY,WAIMA FTBR,,Serious Crash,Yes,2023,,Null,,0,,Flat,,,,,,Overcast,417600,0,0,1,5,,,0,,,,,,Auckland Region,Nil,1-way,Sealed,,0,1,,80,,On,0,0,,76,Auckland,Nil,,,,,0,0,Open,0,,,Heavy rain,Null
1773288.5772,5897235.9185,866511,,525630,0,0,0,2,0,South,2023/2024,SHIRLEY AVENUE,OLD WAIROA ROAD,,Non-Injury Crash,No,2023,0,South,0,0,0,Hill Road,0,,0,,0,Dark,794400,0,0,0,2,0,0,0,0,1,,0,0,Auckland Region,Nil,2-way,Sealed,0,0,0,0,50,0,On,0,0,,76,Auckland,Nil,0,0,0,0,0,0,Urban,0,0,0,Fine,Null
1764465.0595,5912161.9666,866516,,520500,0,,0,2,,East,2024/2025,SOUTHERN MOTORWAY,SYLVIA PARK RAIL OBR,,Non-Injury Crash,Yes,2025,,North,,0,,Hill Road,,,,,,Dark,639500,0,0,0,3,,,0,,,,,,Auckland Region,Nil,1-way,Sealed,,0,0,,100,,On,0,0,,76,Auckland,Nil,,,,,1,0,Open,0,,,Light rain,Null
1755070.5688,5931905.5912,866522,,508805,0,,0,2,,South,2022/2023,CONSTELLATION DRIVE,CENTORIAN DRIVE,,Minor Crash,No,2023,,North,,0,,Flat,,,,,,Bright sun,180826,2,0,0,4,,,0,,,,,,Auckland Region,Nil,2-way,Sealed,,0,0,,50,,Off,1,0,,76,Auckland,Nil,,,,,0,0,Urban,0,,,Fine,Null
1758780.3981,5912654.6698,866527,,519820,0,,0,1,,Null,2023/2024,SELWYN STREET,GREY STREET,,Non-Injury Crash,No,2024,,North,,0,,Flat,,,,,,Bright sun,600400,0,0,0,2,,,0,,,,,,Auckland Region,Nil,2-way,Sealed,,0,0,,50,,Off,1,0,,76,Auckland,Stop,,,,,0,0,Urban,0,,,Fine,Null
1765668.9136,5901424.9587,866529,,524604,0,0,0,1,0,Null,2023/2024,ROSCOMMON ROAD,BROWNS ROAD,,Non-Injury Crash,No,2023,0,South,0,0,1,Flat,0,,0,,0,Dark,781302,0,0,0,1,0,0,0,0,0,,0,1,Auckland Region,Nil,1-way,Sealed,0,0,0,0,50,0,On,0,0,,76,Auckland,Give way,0,0,0,0,0,0,Urban,0,0,0,Fine,Null
1760520.8652,5915614.7855,866539,,520201,0,,0,4,,South,2023/2024,SOUTHERN MOTORWAY,GREEN LANE EAST OFF RAMP,,Non-Injury Crash,Yes,2024,,North,,0,,Flat,,,,,,Bright sun,613000,0,0,0,4,,,0,,,,,,Auckland Region,Nil,1-way,Sealed,,0,0,,100,,Off,0,0,,76,Auckland,Nil,,,,,0,0,Open,0,,,Fine,Null
1734831.6578,5929975.5798,866540,,505605,0,0,0,2,0,West,2025/2026,SH 16,FOSTER ROAD,,Non-Injury Crash,Yes,2025,0,West,1,0,0,Flat,0,,0,,0,Dark,216102,0,0,0,2,0,0,0,0,0,,0,0,Auckland Region,Nil,2-way,Sealed,0,0,0,0,80,0,None,0,0,60,76,Auckland,Nil,0,0,0,0,0,0,Open,0,0,0,Fine,Null
1754829.611,5913603.9255,866541,,518803,0,,0,2,,South,2023/2024,DOMINION ROAD ON RAMP,SOUTH-WESTERN MOTORWAY,,Minor Crash,No,2024,,North,,0,,Flat,,,,,,Dark,581700,1,0,0,1,,,0,,,,,,Auckland Region,Motorway ramp,1-way,Sealed,,0,0,,50,,On,0,0,,76,Auckland,Nil,,,,,0,0,Urban,0,,,Fine,Null
1758315.9906,5918384.1055,866548,,517400,0,,0,1,,Null,2025/2026,KHYBER PASS ROAD,KINGDON STREET,,Serious Crash,No,2025,,East,,0,,Flat,,,,,,Dark,450100,0,1,0,4,,,0,,,,,,Auckland Region,Nil,2-way,Sealed,,0,1,,50,,On,0,0,,76,Auckland,Give way,,,,,0,0,Urban,0,,,Fine,Null
1766871.1885,5903843.5997,866552,,524604,0,,0,3,,Null,2025/2026,LAMBIE DRIVE,LAMBIE DRIVE ON RAMP,,Non-Injury Crash,No,2025,,North,,0,,Flat,,,,,,Bright sun,780210,0,0,0,2,,,0,,,,,,Auckland Region,Nil,1-way,Sealed,,0,0,,50,,Null,0,0,,76,Auckland,Traffic Signals,,,,,0,0,Urban,0,,,Fine,Null
1752988.3834,5914789.8187,866557,,514500,0,,0,2,,North,2023/2024,SH 20,MAIORO STREET OFF RAMP,,Non-Injury Crash,Yes,2023,,East,,0,,Flat,,,,,,Dark,377302,0,0,0,3,,,0,,,,,,Auckland Region,Nil,1-way,Sealed,,0,0,,80,,On,0,0,,76,Auckland,Nil,,,,,0,0,Open,0,,,Fine,Null
1759471.334,5908739.4123,866559,,524002,0,,0,0,,North,2023/2024,CORONATION ROAD,WALMSLEY ROAD,,Non-Injury Crash,No,2023,,South,,0,,Null,,,,,,Unknown,724101,0,0,0,2,,,0,,,,,,Auckland Region,Nil,2-way,Null,,0,0,,60,,Null,1,0,,76,Auckland,Nil,,,,,0,1,Urban,0,,,Null,Null
1758322.1405,5916870.7354,866560,,519200,0,0,0,5,0,East,2025/2026,MOUNT ST JOHN AVENUE,MANUKAU ROAD,,Non-Injury Crash,No,2025,0,East,0,0,0,Flat,0,,0,,0,Dark,613900,0,0,0,2,0,0,0,0,1,1,0,0,Auckland Region,Speed hump,2-way,Sealed,0,0,0,0,50,0,On,0,0,,76,Auckland,Nil,0,0,0,0,0,0,Urban,0,0,0,Fine,Null
1756276.8918,5913195.2726,866561,,518701,1,,0,1,,Null,2023/2024,HAYR ROAD,CARR ROAD,,Minor Crash,No,2024,,South,,0,,Flat,,,,,,Bright sun,568800,1,0,0,1,,,0,,,,,,Auckland Region,Nil,1-way,Sealed,,0,0,,50,,Off,0,0,,76,Auckland,Give way,,,,,0,0,Urban,0,,,Fine,Null
1760071.0596,5908935.1383,866563,,524403,0,0,0,1,0,North,2023/2024,MAHUNGA DRIVE,MAHUNGA DRIVE,,Non-Injury Crash,No,2023,0,South,0,0,0,Flat,0,,0,,0,Dark,729500,0,0,0,2,0,0,0,0,0,,0,1,Auckland Region,Nil,2-way,Sealed,0,0,0,0,50,0,On,0,0,,76,Auckland,Nil,0,0,0,0,0,0,Urban,0,0,0,Light rain,Null