X,Y,OBJECTID,advisorySpeed,areaUnitID,bicycle,bridge,bus,carStationWagon,cliffBank,crashDirectionDescription,crashFinancialYear,crashLocation1,crashLocation2,crashRoadSideRoad,crashSeverity,crashSHDescription,crashYear,debris,directionRoleDescription,ditch,fatalCount,fence,flatHill,guardRail,holiday,houseOrBuilding,intersection,kerb,light,meshblockId,minorInjuryCount,moped,motorcycle,NumberOfLanes,objectThrownOrDropped,otherObject,otherVehicleType,overBank,parkedVehicle,pedestrian,phoneBoxEtc,postOrPole,region,roadCharacter,roadLane,roadSurface,roadworks,schoolBus,seriousInjuryCount,slipOrFlood,speedLimit,strayAnimal,streetLight,suv,taxi,temporarySpeedLimit,tlaId,tlaName,trafficControl,trafficIsland,trafficSign,train,tree,truck,unknownVehicleType,urban,vanOrUtility,vehicle,waterRiver,weatherA,weatherB
1743924.58,5908135.8596,866565,,513800,0,0,0,1,0,West,2023/2024,HUIA ROAD,VICTORY ROAD,,Non-Injury Crash,No,2023,0,West,0,0,0,Hill Road,0,,0,,0,Overcast,303001,0,0,0,2,0,0,0,0,0,,0,0,Auckland Region,Nil,2-way,Sealed,0,0,0,0,60,0,None,0,0,,76,Auckland,Nil,0,0,0,1,0,0,Urban,0,0,0,Light rain,Null
1774155.6174,5897226.9439,866569,,525630,0,,1,1,,Null,2023/2024,CLEVEDON ROAD,COSGRAVE ROAD,,Non-Injury Crash,No,2023,,South,,0,,Flat,,,,,,Overcast,795900,0,0,0,2,,,0,,,,,,Auckland Region,Nil,2-way,Sealed,,0,0,,50,,Off,0,0,,76,Auckland,Stop,,,,,0,0,Urban,0,,,Fine,Null
1748455.6612,5913937.084,866572,,511302,0,,0,3,,Null,2024/2025,GREAT NORTH ROAD,LYNWOOD ROAD,,Non-Injury Crash,No,2025,,West,,0,,Flat,,,,,,Twilight,269300,0,0,0,4,,,0,,,,,,Auckland Region,Nil,2-way,Sealed,,0,0,,50,,On,0,0,,76,Auckland,Give way,,,,,0,0,Urban,0,,,Fine,Null
1757586.5341,5921042.3244,866575,,514101,0,,0,1,,Null,2023/2024,QUAY STREET,QUEEN STREET,,Non-Injury Crash,No,2023,,West,,0,,Flat,,,,,,Bright sun,437901,0,0,0,2,,,0,,,,,,Auckland Region,Nil,1-way,Sealed,,0,0,,30,,Off,0,0,,76,Auckland,Traffic Signals,,,,,1,0,Urban,0,,,Fine,Null
1756611.5057,5919438.539,866580,,514200,0,,0,2,,Null,2025/2026,KARANGAHAPE ROAD,DAY STREET,,Non-Injury Crash,No,2026,,West,,0,,Flat,,Christmas New Year,,,,Bright sun,412000,0,0,0,4,,,0,,,,,,Auckland Region,Nil,2-way,Sealed,,0,0,,30,,Off,0,0,,76,Auckland,Traffic Signals,,,,,0,0,Urban,0,,,Fine,Null
1756900.6625,5918618.1238,866583,,515600,0,,0,0,,Null,2024/2025,NEW NORTH ROAD,BASQUE ROAD,,Serious Crash,No,2024,,North,,0,,Hill Road,,,,,,Bright sun,420500,0,1,0,3,,,0,,,,,,Auckland Region,Nil,2-way,Sealed,,0,1,,50,,Off,0,0,,76,Auckland,Stop,,,,,0,0,Urban,1,,,Fine,Null
1771385.0895,5895509.2196,866588,,521201,0,,0,0,,North,2025/2026,SOUTHERN MOTORWAY,PAPAKURA ON RAMP,,Non-Injury Crash,Yes,2025,,North,,0,,Null,,,,,,Overcast,806604,0,0,0,3,,,0,,,,,,Auckland Region,Nil,1-way,Sealed,,0,0,,100,,Null,0,0,,76,Auckland,Nil,,,,,1,0,Open,1,,,Light rain,Null
1773153.0638,5892504.7827,866591,,521301,0,,0,1,,South,2023/2024,GREAT SOUTH ROAD,SUTTON ROAD,,Serious Crash,No,2024,,North,,0,,Flat,,,,,,Overcast,808701,0,0,1,2,,,0,,,,,,Auckland Region,Nil,2-way,Sealed,,0,1,,50,,Off,0,0,,76,Auckland,Nil,,,,,0,0,Urban,0,,,Fine,Null
1755556.1704,5932571.3766,866599,,507400,0,,0,2,,Null,2023/2024,EAST COAST ROAD,HASTINGS ROAD,,Non-Injury Crash,No,2023,,South,,0,,Flat,,,,,,Bright sun,152900,0,0,0,4,,,0,,,,,,Auckland Region,Nil,2-way,Sealed,,0,0,,50,,Off,0,0,,76,Auckland,Traffic Signals,,,,,0,0,Urban,1,,,Fine,Null
1769286.5495,5907291.0282,866607,,523712,0,0,0,2,0,South,2023/2024,TE IRIRANGI DRIVE,BOTANY WAY,,Non-Injury Crash,No,2023,0,South,0,0,0,Flat,0,,0,,0,Dark,712803,0,0,0,2,0,0,0,0,0,,0,0,Auckland Region,Nil,1-way,Sealed,0,0,0,0,80,0,On,0,0,,76,Auckland,Nil,0,0,0,1,0,0,Open,0,0,0,Fine,Null
1757395.8856,5918785.1469,866609,,514302,0,,0,2,,North,2022/2023,SOUTHERN MOTORWAY,SOUTHERN TO PORT LINK,,Non-Injury Crash,Yes,2023,,North,,0,,Flat,,,,,,Bright sun,441700,0,0,0,3,,,0,,,,,,Auckland Region,Nil,1-way,Sealed,,0,0,,80,,Off,0,0,,76,Auckland,Nil,,,,,0,0,Open,0,,,Fine,Null
1768051.3452,5904351.6107,866611,,523820,0,,0,4,,Null,2023/2024,REDOUBT ROAD,REDOUBT ROAD ON RAMP,,Non-Injury Crash,No,2023,,West,,0,,Flat,,,,,,Overcast,759901,0,0,0,2,,,0,,,,,,Auckland Region,Bridge,1-way,Sealed,,0,0,,50,,Off,0,0,,76,Auckland,Traffic Signals,,,,,0,0,Urban,1,,,Fine,Null
1761458.6064,5914315.4077,866613,,520202,0,,0,1,,Null,2023/2024,ELLERSLIE-PANMURE HIGHWAY,ELLERSLIE-PANMURE HWY ON RAMP,,Non-Injury Crash,No,2024,,South,,0,,Flat,,,,,,Bright sun,612502,0,0,1,2,,,0,,,,,,Auckland Region,Overpass,1-way,Sealed,,0,0,,50,,Off,0,0,,76,Auckland,Give way,,,,,0,0,Urban,0,,,Fine,Null
1766981.8184,5913396.7846,866616,,522820,0,,0,1,,Null,2023/2024,PAKURANGA ROAD,WILLIAM ROBERTS ROAD,,Non-Injury Crash,No,2024,,West,,0,,Hill Road,,,,,,Overcast,694900,0,0,0,6,,,0,,,,,,Auckland Region,Nil,2-way,Sealed,,0,0,,50,,Off,1,0,,76,Auckland,Give way,,,,,0,0,Urban,0,,,Fine,Null
1755076.7212,5925947.0045,866620,,509701,0,0,0,3,0,North,2024/2025,OCEAN VIEW ROAD,RALEIGH ROAD,,Non-Injury Crash,No,2024,0,South,0,0,0,Flat,0,,0,,0,Overcast,362201,0,0,0,2,0,0,0,0,1,,0,0,Auckland Region,Nil,2-way,Sealed,0,0,0,0,50,0,Off,0,0,,76,Auckland,Nil,0,0,0,0,0,0,Urban,0,0,0,Fine,Null
1758074.3922,5914262.3689,866621,,519300,0,0,0,4,0,Null,2023/2024,MANUKAU ROAD,GREENFIELD ROAD,,Serious Crash,No,2024,0,South,0,0,0,Flat,0,,0,,0,Bright sun,624500,0,0,0,2,0,0,0,0,2,1,0,0,Auckland Region,Nil,2-way,Sealed,0,0,1,0,50,0,Off,1,0,,76,Auckland,Stop,0,0,0,0,0,0,Urban,0,0,0,Fine,Null
1761447.693,5914225.7552,866623,,520202,0,0,0,3,0,South,2023/2024,SOUTHERN MOTORWAY,PENROSE INT S,,Minor Crash,Yes,2024,0,North,0,0,0,Flat,1,,0,,0,Dark,612300,1,0,0,3,0,0,0,0,0,,0,0,Auckland Region,Nil,1-way,Sealed,0,0,0,0,100,0,On,0,0,,76,Auckland,Nil,0,0,0,0,0,0,Open,0,0,0,Fine,Null
1753319.5544,5918310.371,866624,,515002,0,,0,1,,West,2023/2024,NORTH-WESTERN MOTORWAY,ST LUKES ROAD OFF RAMP,,Non-Injury Crash,Yes,2024,,East,,0,,Flat,,,,,,Dark,390501,0,0,0,4,,,0,,,,,,Auckland Region,Nil,1-way,Sealed,,0,0,,100,,On,0,0,,76,Auckland,Nil,,,,,0,0,Open,0,,,Fine,Null
1749103.6748,5911404.4605,866627,,512100,0,0,0,2,0,West,2023/2024,GODLEY ROAD,AVONLEIGH ROAD,,Serious Crash,No,2023,0,East,0,0,0,Flat,0,,0,,0,Overcast,289800,0,0,0,2,0,0,0,0,1,,0,0,Auckland Region,Nil,2-way,Sealed,0,0,1,0,50,0,Off,0,0,,76,Auckland,Nil,0,0,0,0,0,0,Urban,0,0,0,Light rain,Null
1745404.0024,5920418.8375,866635,,513301,0,,0,2,,Null,2023/2024,LINCOLN ROAD,TRIANGLE ROAD,,Non-Injury Crash,No,2023,,South,,0,,Flat,,,,,,Overcast,230301,0,0,0,5,,,0,,,,,,Auckland Region,Nil,2-way,Sealed,,0,0,,50,,On,0,0,,76,Auckland,Traffic Signals,,,,,0,0,Urban,0,,,Light rain,Null
1754924.4748,5920887.1092,866636,,515302,0,,0,1,,Null,2025/2026,JERVOIS ROAD,JOHN STREET,,Minor Crash,No,2025,,West,,0,,Flat,,,,,,Overcast,428700,1,0,0,4,,,0,,,1,,,Auckland Region,Nil,2-way,Sealed,,0,0,,50,,Off,0,0,,76,Auckland,Give way,,,,,0,0,Urban,0,,,Light rain,Null
1758391.3103,5917489.835,866644,,516001,0,,0,1,,North,2024/2025,BROADWAY,ST MARKS ROAD,,Non-Injury Crash,No,2024,,South,,0,,Null,,,,,,Bright sun,490800,0,0,0,2,,,0,,,,,,Auckland Region,Nil,2-way,Null,,0,0,,50,,Null,1,0,,76,Auckland,Traffic Signals,,,,,0,0,Urban,0,,,Fine,Null
1777938.8322,5905611.486,866647,,525201,0,0,0,1,0,West,2024/2025,TWILIGHT ROAD,KIMPTONS ROAD,,Minor Crash,No,2025,0,South,0,0,0,Flat,0,,0,,0,Overcast,762200,1,0,0,2,0,0,0,0,0,,0,1,Auckland Region,Nil,2-way,Sealed,0,0,0,0,80,0,None,0,0,,76,Auckland,Nil,0,0,0,0,0,0,Open,0,0,0,Fine,Null
1757454.0345,5918729.2982,866648,,514302,0,,0,0,,South,2024/2025,SOUTHERN MOTORWAY,SOUTHERN TO PORT LINK,,Non-Injury Crash,Yes,2024,,North,,0,,Flat,,,,,,Unknown,442500,0,0,0,4,,,0,,,,,,Auckland Region,Nil,1-way,Sealed,,0,0,,80,,Null,1,0,,76,Auckland,Nil,,,,,0,0,Open,0,,,Fine,None
1763343.2728,5909549.2731,866655,,521901,1,,0,1,,Null,2024/2025,STATION ROAD,SALEYARDS ROAD,,Minor Crash,No,2024,,South,,0,,Flat,,,,,,Dark,783000,1,0,0,4,,,0,,,,,,Auckland Region,Nil,2-way,Sealed,,0,0,,50,,On,0,0,,76,Auckland,Traffic Signals,,,,,0,0,Urban,0,,,Light rain,Null
1749461.5804,5948921.3625,866656,,506202,0,,0,1,,Null,2024/2025,ARRAN DRIVE,ARRAN POINT PARADE,,Minor Crash,No,2025,,South,,0,,Hill Road,,,,,,Bright sun,176412,1,0,0,2,,,0,,,,,,Auckland Region,Nil,2-way,Sealed,,0,0,,50,,Off,0,0,,76,Auckland,Give way,,,,,0,0,Urban,1,,,Fine,Null
1760002.3612,5908320.6418,866661,,524121,0,,0,2,,North,2023/2024,SOUTH-WESTERN MOTORWAY,HALL FTBR,,Non-Injury Crash,Yes,2024,,North,,0,,Flat,,,,,,Dark,737000,0,0,0,2,,,0,,,,,,Auckland Region,Nil,1-way,Sealed,,0,0,,100,,On,0,0,,76,Auckland,Nil,,,,,0,0,Open,0,,,Fine,Null
1757722.919,5918251.9258,866664,,518101,0,,0,3,,North,2024/2025,SOUTHERN MOTORWAY,MOUNTAIN OBR,,Non-Injury Crash,Yes,2024,,North,,0,,Flat,,,,,,Dark,543000,0,0,0,5,,,0,,,,,,Auckland Region,Nil,1-way,Sealed,,0,0,,80,,On,0,0,,76,Auckland,Nil,,,,,0,0,Open,0,,,Fine,Null
1753620.0132,5918316.763,866672,,515002,0,,0,1,,West,2024/2025,NORTH-WESTERN MOTORWAY,ST LUKES OBR,,Minor Crash,Yes,2025,,East,,0,,Flat,,,,,,Bright sun,390501,1,0,1,4,,,0,,,,,,Auckland Region,Nil,1-way,Sealed,,0,0,,100,,Off,0,0,,76,Auckland,Nil,,,,,0,0,Open,0,,,Fine,Null
1764070.9368,5904317.7916,866677,,522100,0,,0,2,,Null,2022/2023,PUHINUI ROAD-SH 20B OFF RAMP,PUHINUI ROAD,,Non-Injury Crash,Yes,2023,,South,,0,,Flat,,,,,,Dark,781001,0,0,0,1,,,0,,,,,,Auckland Region,Motorway ramp,1-way,Sealed,,0,0,,50,,On,0,0,,76,Auckland,Traffic Signals,,,,,0,0,Urban,0,,,Fine,Null
1776377.4036,5881350.8167,866679,,521160,0,0,0,1,0,South,2024/2025,GREAT SOUTH ROAD,BOMBAY OFF RAMP,,Non-Injury Crash,Yes,2024,0,North,0,0,0,Flat,1,,0,,0,Overcast,827700,0,0,0,2,0,0,0,0,0,,0,0,Auckland Region,Nil,1-way,Sealed,0,0,0,0,100,0,Off,0,0,,76,Auckland,Nil,0,0,0,0,0,0,Open,0,0,0,Light rain,Null
1762899.4069,5912941.7715,866684,,520402,0,,0,2,,West,2024/2025,SOUTHERN MOTORWAY,SOUTH-EASTERN HWY OFF RAMP,,Non-Injury Crash,Yes,2024,,East,,0,,Flat,,,,,,Overcast,642500,0,0,0,3,,,0,,,,,,Auckland Region,Nil,1-way,Sealed,,0,0,,100,,Off,0,0,,76,Auckland,Nil,,,,,0,0,Open,0,,,Fine,Null
1770060.5477,5908703.8764,866685,,523115,0,0,0,2,0,South,2023/2024,CHAPEL ROAD,DUNTRUNE ROAD,,Non-Injury Crash,No,2024,0,South,0,0,0,Flat,0,,0,,0,Dark,711911,0,0,0,2,0,0,0,0,1,,0,0,Auckland Region,Nil,2-way,Sealed,0,0,0,0,50,0,On,0,0,,76,Auckland,Nil,0,0,0,0,0,0,Urban,0,0,0,Heavy rain,Null
1767912.9567,5913647.5017,866689,,522910,0,,0,2,,North,2023/2024,UDYS ROAD,LARNE AVENUE,,Non-Injury Crash,No,2024,,North,,0,,Hill Road,,,,,,Dark,685500,0,0,0,2,,,0,,,,,,Auckland Region,Nil,2-way,Sealed,,0,0,,50,,On,0,0,,76,Auckland,Nil,,,,,0,0,Urban,0,,,Fine,Null
1749131.2326,5945648.4247,866692,,505806,0,,0,0,,West,2024/2025,HIBISCUS COAST HIGHWAY,EAST COAST ROAD,,Minor Crash,No,2025,,East,,0,,Flat,,,,,,Bright sun,176602,1,0,0,2,,,0,,,,,,Auckland Region,Nil,1-way,Sealed,,0,0,,60,,Off,2,0,,76,Auckland,Nil,,,,,0,0,Urban,0,,,Fine,Null
1741547.1654,5922108.2151,866695,,513621,0,0,0,1,0,East,2024/2025,RED HILLS ROAD,SUNNYVALE ROAD,,Minor Crash,No,2024,0,East,0,0,0,Hill Road,0,,0,,0,Overcast,226601,1,0,0,2,0,0,0,0,0,,0,0,Auckland Region,Nil,2-way,Sealed,0,0,0,0,60,0,Off,0,0,,76,Auckland,Nil,0,0,0,1,0,0,Urban,0,0,0,Light rain,Null
1753573.1918,5930203.0804,866700,,508803,0,0,0,1,0,Null,2024/2025,GOLDFINCH RISE,ST LUCIA PLACE,,Non-Injury Crash,No,2024,0,Null,0,0,0,Hill Road,0,,0,,0,Dark,180845,0,0,0,2,0,0,0,0,1,,0,0,Auckland Region,Nil,2-way,Sealed,0,0,0,0,50,0,On,0,0,,76,Auckland,Give way,0,0,0,0,0,1,Urban,0,0,0,Fine,Null
1763424.9594,5906905.4879,866703,,524301,0,0,0,5,0,East,2023/2024,LANDON AVENUE,GRAEME AVENUE,,Non-Injury Crash,No,2023,0,East,0,0,0,Flat,0,,0,,0,Bright sun,748500,0,0,0,2,0,0,0,0,1,,0,0,Auckland Region,Nil,2-way,Sealed,0,0,0,0,50,0,On,0,0,,76,Auckland,Nil,0,0,0,0,0,0,Urban,0,0,0,Fine,Null
1771570.2794,5895233.1192,866705,,525540,0,,0,2,,Null,2023/2024,BEACH ROAD,PAPAKURA ON RAMP,,Non-Injury Crash,No,2024,,East,,0,,Flat,,,,,,Bright sun,806402,0,0,0,2,,,0,,,,,,Auckland Region,Nil,1-way,Sealed,,0,0,,50,,Off,0,0,,76,Auckland,Traffic Signals,,,,,0,0,Urban,0,,,Fine,Null
1764614.1766,5908560.0999,866719,,521802,0,,0,2,,South,2023/2024,GREAT SOUTH ROAD,CRACROFT STREET,,Non-Injury Crash,No,2023,,North,,0,,Hill Road,,,,,,Twilight,789600,0,0,0,4,,,0,,,,,,Auckland Region,Nil,2-way,Sealed,,0,0,,50,,None,0,0,,76,Auckland,Nil,,,,,0,0,Urban,0,,,Light rain,Null
1765936.1619,5901551.5404,866720,,524604,0,,0,1,,North,2023/2024,CHONNY CRESCENT,BROWNS ROAD,,Non-Injury Crash,No,2024,,South,,0,,Flat,,,,,,Bright sun,781302,0,0,0,2,,,0,,,,,,Auckland Region,Nil,2-way,Sealed,,0,0,,50,,Off,0,0,,76,Auckland,Nil,,,,,0,0,Urban,1,,,Fine,None
1763458.4076,5904873.4299,866726,,524303,0,,0,2,,North,2022/2023,SOUTH-WESTERN MOTORWAY,PUHINUI ROAD-SH 20B OFF RAMP,,Non-Injury Crash,Yes,2023,,South,,0,,Flat,,,,,,Overcast,780901,0,0,0,2,,,0,,,,,,Auckland Region,Nil,1-way,Sealed,,0,0,,100,,Off,0,0,,76,Auckland,Nil,,,,,0,0,Open,0,,,Fine,Frost
1745226.2701,5919074.7345,866729,,513302,0,,0,2,,North,2023/2024,LINCOLN ROAD,MOSELLE AVENUE,,Minor Crash,No,2024,,South,,0,,Flat,,,,,,Bright sun,232205,2,0,0,4,,,0,,,,,,Auckland Region,Nil,2-way,Sealed,,0,0,,50,,Off,0,0,,76,Auckland,Nil,,,,,0,0,Urban,0,,,Fine,Null
1774492.9784,5896169.2631,866736,,525610,0,0,0,1,0,East,2024/2025,MCENTEE STREET,HARPER STREET,,Non-Injury Crash,No,2024,0,East,0,0,0,Null,0,,0,,0,Dark,798902,0,0,0,2,0,0,0,0,1,,0,0,Auckland Region,Nil,2-way,Sealed,0,0,0,0,50,0,On,0,0,,76,Auckland,Nil,0,0,0,0,0,1,Urban,0,0,0,Fine,Null
1743717.4024,5906807.9347,866737,,512802,0,,0,1,,Null,2023/2024,HUIA ROAD,RAUHUIA CRESCENT,,Serious Crash,No,2024,,South,,0,,Hill Road,,,,,,Bright sun,302900,0,0,1,2,,,0,,,,,,Auckland Region,Nil,2-way,Sealed,,0,1,,50,,Off,0,0,,76,Auckland,Give way,,,,,0,0,Urban,0,,,Fine,Null
1760977.8457,5923447.4714,866742,,509400,0,,0,1,,Null,2023/2024,VAUXHALL ROAD,TAINUI ROAD,,Minor Crash,No,2023,,South,,0,,Flat,,,,,,Overcast,333300,1,0,0,2,,,0,,,1,,,Auckland Region,Speed hump,2-way,Sealed,,0,0,,50,,Off,0,0,,76,Auckland,Give way,,,,,0,0,Urban,0,,,Fine,Null
1766939.5228,5887846.948,866744,,521122,0,0,0,0,0,South,2024/2025,GLENBROOK ROAD,KARAKA ROAD,,Non-Injury Crash,No,2024,0,Null,0,0,0,Null,0,,0,,0,Dark,813001,0,0,0,2,1,0,0,0,0,,0,0,Auckland Region,Nil,2-way,Sealed,0,0,0,0,80,0,Null,0,0,,76,Auckland,Nil,0,0,0,0,0,1,Open,0,0,0,Null,Null
1754911.7499,5916434.6854,866757,,517703,0,,0,2,,Null,2024/2025,SANDRINGHAM ROAD,BALMORAL ROAD,,Non-Injury Crash,No,2024,,North,,0,,Null,,,,,,Dark,537603,0,0,0,4,,,0,,,,,,Auckland Region,Nil,2-way,Sealed,,0,0,,50,,On,0,0,,76,Auckland,Traffic Signals,,,,,0,0,Urban,0,,,Null,Null
1734975.2143,5932634.9538,866760,,505605,0,,0,0,,South,2024/2025,OLD NORTH ROAD,WAIKOUKOU VALLEY ROAD,,Non-Injury Crash,No,2025,,East,,0,,Null,,,,,,Twilight,215700,0,0,0,2,,,0,,,,,,Auckland Region,Nil,2-way,Sealed,,0,0,,80,,Null,0,0,,76,Auckland,Nil,,,,,0,0,Open,2,,,Fine,Null
1759308.7853,5905399.1008,866764,25,524200,0,,0,2,,Null,2025/2026,TIMBERLY ROAD,VERISSIMO DRIVE,,Non-Injury Crash,No,2025,,South,,0,,Flat,,,,,,Twilight,727700,0,0,0,2,,,0,,,,,,Auckland Region,Nil,2-way,Sealed,,0,0,,50,,Null,0,0,,76,Auckland,Give way,,,,,0,0,Urban,0,,,Fine,Null
1737781.5843,5929303.6608,866770,,505602,0,,0,1,,West,2022/2023,MAIN ROAD,ORAHA ROAD,,Minor Crash,Yes,2023,,East,,0,,Flat,,,,,,Bright sun,214900,1,0,1,2,,,0,,,,,,Auckland Region,Nil,2-way,Sealed,,0,0,,50,,Off,0,0,,76,Auckland,Nil,,,,,0,0,Urban,0,,,Fine,Null
1770192.0856,5899082.062,866773,,523920,0,,0,0,,Null,2024/2025,GREAT SOUTH ROAD,CHALLEN CLOSE,,Minor Crash,No,2024,,South,,0,,Flat,,,,,,Bright sun,768005,2,0,0,4,,,0,,,,,,Auckland Region,Nil,2-way,Sealed,,0,0,,50,,None,0,0,,76,Auckland,Stop,,,,,1,0,Urban,1,,,Fine,Null
1751525.2542,5914163.2352,866777,,514402,0,,0,4,,West,2023/2024,WOLVERTON STREET,BLOCKHOUSE BAY ROAD,,Minor Crash,No,2024,,North,,0,,Flat,,,,,,Overcast,379402,2,0,0,4,,,0,,,,,,Auckland Region,Nil,2-way,Sealed,,0,0,,50,,Off,0,0,,76,Auckland,Nil,,,,,0,0,Urban,0,,,Fine,Null
1757789.4873,5919738.8149,866780,,514301,0,,0,1,,North,2024/2025,SH 16,PORT OFF RAMP,,Non-Injury Crash,Yes,2025,,South,,0,,Flat,,,,,,Dark,440400,0,0,0,4,,,0,,,,,,Auckland Region,Nil,1-way,Sealed,,0,0,,80,,On,0,0,,76,Auckland,Nil,,,,,1,0,Open,0,,,Light rain,Null
1771706.1395,5899065.2561,866784,,523911,0,,0,2,,Null,2024/2025,PORCHESTER ROAD,AIRFIELD ROAD,,Non-Injury Crash,No,2025,,South,,0,,Null,,,,,,Unknown,767004,0,0,0,2,,,0,,,,,,Auckland Region,Nil,2-way,Sealed,,0,0,,50,,Null,0,0,,76,Auckland,Give way,,,,,0,0,Urban,0,,,Null,Null
1772764.6793,5895650.8841,866789,,525410,0,,0,1,,Null,2022/2023,GREAT SOUTH ROAD,SOUTH STREET,,Non-Injury Crash,No,2023,,South,,0,,Flat,,,,,,Bright sun,793400,0,0,0,2,,,0,,,,,,Auckland Region,Nil,2-way,Sealed,,0,0,,50,,Off,0,0,,76,Auckland,Nil,,,,,0,0,Urban,1,,,Fine,None
1751075.4081,5934597.2971,866793,,508701,0,,0,1,,Null,2023/2024,DAIRY FLAT HIGHWAY,THE AVENUE,,Minor Crash,No,2024,,North,,0,,Hill Road,,,,,,Dark,178708,1,0,0,2,,,0,,,,,,Auckland Region,Nil,2-way,Sealed,,0,0,,50,,On,1,0,,76,Auckland,Stop,,,,,0,0,Urban,0,,,Fine,Null
1769887.2374,5899075.3822,866795,95,523920,0,,0,2,,South,2023/2024,SOUTHERN MOTORWAY,GT SOUTH OBR,,Non-Injury Crash,Yes,2023,,South,,0,,Flat,,,,,,Bright sun,768005,0,0,0,3,,,0,,,,,,Auckland Region,Nil,1-way,Sealed,,0,0,,100,,Off,0,0,,76,Auckland,Nil,,,,,0,0,Open,0,,,Fine,None
1762111.0755,5906233.7613,866801,,524200,0,,0,2,,South,2024/2025,SOUTH-WESTERN MOTORWAY,MASSEY ROAD ON RAMP,,Minor Crash,Yes,2024,,South,,0,,Flat,,,,,,Bright sun,728900,1,0,0,2,,,0,,,,,,Auckland Region,Nil,1-way,Sealed,,0,0,,100,,Off,0,0,,76,Auckland,Nil,,,,,0,0,Open,0,,,Fine,Null
1762574.7197,5913065.2003,866805,,520500,0,,0,2,,South,2024/2025,SOUTHERN MOTORWAY,SOUTH-EASTERN HWY ON RAMP,,Minor Crash,Yes,2024,,North,,0,,Flat,,,,,,Bright sun,637200,1,0,0,3,,,0,,,,,,Auckland Region,Nil,1-way,Sealed,,0,0,,100,,Off,0,0,,76,Auckland,Nil,,,,,0,0,Open,0,,,Fine,Null
1763296.3215,5913945.251,866811,,520402,0,,0,2,,Null,2023/2024,PENROSE ROAD,RUAWAI ROAD,,Non-Injury Crash,No,2024,,West,,0,,Flat,,,,,,Overcast,639900,0,0,0,2,,,0,,,,,,Auckland Region,Nil,2-way,Sealed,,0,0,,50,,Off,0,0,,76,Auckland,Give way,,,,,0,0,Urban,0,,,Fine,Null
1748892.7055,5914753.4713,866813,,511301,0,,0,2,,South,2023/2024,LYNWOOD ROAD,NIKAU STREET,,Non-Injury Crash,No,2024,,North,,0,,Hill Road,,,,,,Bright sun,267800,0,0,0,2,,,0,,,,,,Auckland Region,Nil,2-way,Sealed,,0,0,,50,,None,0,0,,76,Auckland,Nil,,,,,0,0,Urban,0,,,Fine,Null
1746822.0081,5918613.6176,866815,,512402,0,0,0,2,0,South,2022/2023,TE ATATU ROAD,WAKELING AVENUE,,Non-Injury Crash,No,2023,0,North,0,0,1,Flat,0,,0,,0,Overcast,256300,0,0,0,2,0,0,0,0,0,,0,0,Auckland Region,Nil,2-way,Sealed,0,0,0,0,50,0,Off,0,0,,76,Auckland,Nil,0,0,0,0,0,0,Urban,1,0,0,Light rain,Null
1772765.8661,5890810.7945,866823,,521301,0,,0,2,,North,2022/2023,GREAT SOUTH ROAD,PITT ROAD,,Non-Injury Crash,No,2023,,North,,0,,Hill Road,,,,,,Dark,809200,0,0,0,2,,,0,,,,,,Auckland Region,Nil,2-way,Sealed,,0,0,,80,,Off,0,0,,76,Auckland,Nil,,,,,0,0,Open,0,,,Light rain,Null
1761695.9999,5914053.9961,866824,,520202,0,,0,1,,Null,2023/2024,SOUTHERN MOTORWAY,ELLERSLIE-PANMURE HWY OFF RAMP,,Non-Injury Crash,Yes,2024,,West,,0,,Flat,,,,,,Dark,612300,0,0,0,3,,,0,,,,,,Auckland Region,Nil,1-way,Sealed,,0,0,,100,,Null,1,0,,76,Auckland,Nil,,,,,0,0,Open,0,,,Fine,None
1766320.3829,5907555.7212,866831,,523601,0,,0,2,,Null,2023/2024,EAST TAMAKI ROAD,EAST TAMAKI ROAD OFF RAMP,,Non-Injury Crash,No,2023,,North,,0,,Flat,,,,,,Bright sun,708500,0,0,0,6,,,0,,,,,,Auckland Region,Motorway ramp,2-way,Sealed,,0,0,,50,,Off,0,0,,76,Auckland,Traffic Signals,,,,,0,0,Urban,0,,,Fine,Null
1766860.4548,5902325.0775,866832,,524602,0,0,0,1,0,North,2024/2025,DALGETY DRIVE,BROWNS ROAD,,Non-Injury Crash,No,2024,0,South,0,0,0,Flat,0,,0,,0,Overcast,780407,0,0,0,2,0,0,0,0,1,,0,0,Auckland Region,Nil,2-way,Sealed,0,0,0,0,50,0,Off,0,0,,76,Auckland,Nil,0,0,0,0,0,0,Urban,1,0,0,Fine,Null
1743540.5125,5923827.8063,866840,,513410,0,,0,0,,Null,2024/2025,TAWHIA DRIVE,FRED TAYLOR DRIVE,,Non-Injury Crash,No,2024,,South,,0,,Flat,,,,,,Dark,224000,0,0,0,5,,,0,,,,,,Auckland Region,Nil,2-way,Sealed,,0,0,,50,,On,1,0,,76,Auckland,Traffic Signals,,,,,0,0,Urban,1,,,Fine,Null