X,Y,OBJECTID,advisorySpeed,areaUnitID,bicycle,bridge,bus,carStationWagon,cliffBank,crashDirectionDescription,crashFinancialYear,crashLocation1,crashLocation2,crashRoadSideRoad,crashSeverity,crashSHDescription,crashYear,debris,directionRoleDescription,ditch,fatalCount,fence,flatHill,guardRail,holiday,houseOrBuilding,intersection,kerb,light,meshblockId,minorInjuryCount,moped,motorcycle,NumberOfLanes,objectThrownOrDropped,otherObject,otherVehicleType,overBank,parkedVehicle,pedestrian,phoneBoxEtc,postOrPole,region,roadCharacter,roadLane,roadSurface,roadworks,schoolBus,seriousInjuryCount,slipOrFlood,speedLimit,strayAnimal,streetLight,suv,taxi,temporarySpeedLimit,tlaId,tlaName,trafficControl,trafficIsland,trafficSign,train,tree,truck,unknownVehicleType,urban,vanOrUtility,vehicle,waterRiver,weatherA,weatherB
1755837.8404,5926897.4122,866848,,508620,0,,0,2,,North,2024/2025,SUNNYBRAE ROAD,POENAMO PLACE,,Non-Injury Crash,No,2025,,South,,0,,Null,,,,,,Unknown,204600,0,0,0,2,,,0,,,,,,Auckland Region,Nil,2-way,Sealed,,0,0,,50,,Null,0,0,,76,Auckland,Nil,,,,,0,0,Urban,0,,,Fine,Null
1761479.874,5907507.9958,866849,,524520,0,,0,2,,Null,2023/2024,BUCKLAND ROAD,WICKMAN WAY,,Non-Injury Crash,No,2024,,West,,0,,Flat,,,,,,Overcast,734800,0,0,0,2,,,0,,,,,,Auckland Region,Nil,2-way,Sealed,,0,0,,50,,On,0,0,,76,Auckland,Traffic Signals,,,,,0,0,Urban,0,,,Fine,Null
1769002.7783,5902596.2868,866851,,524901,0,,0,1,,South,2023/2024,SOUTHERN MOTORWAY,PUHINUI STM BR,,Non-Injury Crash,Yes,2024,,North,,0,,Flat,,,,,,Bright sun,755000,0,0,0,3,,,0,,,,,,Auckland Region,Nil,1-way,Sealed,,0,0,,100,,Off,2,0,,76,Auckland,Nil,,,,,0,0,Open,0,,,Fine,Null
1765395.0249,5898026.2756,866854,,524811,0,,0,1,,Null,2023/2024,LANE ROAD,MCINNES ROAD,,Minor Crash,No,2023,,North,,0,,Flat,,,,,,Dark,773600,2,0,0,2,,,0,,,2,,,Auckland Region,Nil,2-way,Sealed,,0,0,,50,,On,0,0,,76,Auckland,Give way,,,,,0,0,Urban,0,,,Heavy rain,Null
1767117.6286,5905510.579,866859,,524603,0,,0,2,,Null,2023/2024,GREAT SOUTH ROAD,PUHINUI ROAD,,Non-Injury Crash,No,2023,,North,,0,,Flat,,,,,,Bright sun,780205,0,0,0,6,,,0,,,,,,Auckland Region,Nil,2-way,Sealed,,0,0,,50,,Off,0,0,,76,Auckland,Traffic Signals,,,,,0,0,Urban,0,,,Fine,None
1767094.2897,5905520.8064,866863,,522400,0,,0,2,,Null,2024/2025,PUHINUI ROAD,GREAT SOUTH ROAD,,Non-Injury Crash,No,2024,,East,,0,,Flat,,,,,,Bright sun,671200,0,0,0,4,,,0,,,,,,Auckland Region,Nil,2-way,Sealed,,0,0,,50,,Off,0,0,,76,Auckland,Traffic Signals,,,,,0,0,Urban,0,,,Fine,None
1760453.3246,5907559.4022,866866,,524510,0,0,0,1,0,South,2022/2023,SOUTH-WESTERN MOTORWAY,CENTRAL PARK FTBR,,Minor Crash,Yes,2023,0,South,0,0,0,Flat,1,,0,,0,Bright sun,736900,2,0,0,2,0,0,0,0,0,,0,0,Auckland Region,Nil,1-way,Sealed,0,0,0,0,100,0,Off,0,0,,76,Auckland,Nil,0,0,0,0,0,0,Open,0,0,0,Fine,Null
1764387.5603,5913388.5425,866867,45,520500,0,,0,1,,South,2022/2023,CARBINE ROAD,ALLRIGHT PLACE,,Non-Injury Crash,No,2023,,North,,0,,Flat,,,,,,Bright sun,638700,0,0,0,2,,,0,,,,,,Auckland Region,Nil,2-way,Sealed,,0,0,,50,,Off,0,0,,76,Auckland,Give way,,,,,0,1,Urban,0,,,Fine,None
1787890.737,5889345.8949,866881,,521132,0,0,0,0,0,North,2024/2025,PAPARIMU ROAD,BUSHMERE DRIVE,,Fatal Crash,No,2024,0,North,1,1,1,Flat,0,,0,,0,Twilight,815704,0,0,0,2,0,0,0,0,0,,0,0,Auckland Region,Nil,2-way,Sealed,0,0,0,0,80,0,None,0,0,,76,Auckland,Nil,0,0,0,1,0,0,Open,1,0,0,Light rain,Null
1760603.9544,5912353.3189,866884,,520000,0,,0,2,,Null,2024/2025,MAYS ROAD,CHURCH STREET,,Non-Injury Crash,No,2025,,South,,0,,Flat,,,,,,Bright sun,606600,0,0,0,2,,,0,,,,,,Auckland Region,Nil,2-way,Sealed,,0,0,,50,,Null,0,0,,76,Auckland,Give way,,,,,0,0,Urban,0,,,Null,Null
1766887.4795,5901593.0231,866885,,524720,0,,0,2,,Null,2023/2024,RUSSELL ROAD,MARUMARU LANE,,Non-Injury Crash,No,2024,,South,,0,,Flat,,,,,,Bright sun,777800,0,0,0,2,,,0,,,,,,Auckland Region,Nil,2-way,Sealed,,0,0,,50,,Off,0,0,,76,Auckland,Nil,,,,,0,0,Urban,1,,,Fine,Null
1760907.6982,5915315.9643,866892,,520201,0,0,0,0,0,Null,2024/2025,TECOMA STREET,TECOMA STREET ON RAMP,,Non-Injury Crash,No,2025,0,South,0,0,0,Flat,1,,0,,0,Dark,613500,0,0,0,1,0,0,0,0,0,,0,0,Auckland Region,Motorway ramp,1-way,Sealed,0,0,0,0,50,0,On,0,0,,76,Auckland,Give way,0,0,0,0,1,0,Urban,0,0,0,Fine,Null
1758690.891,5917807.642,866893,,516101,1,,0,1,,Null,2024/2025,REMUERA ROAD,BELMONT TERRACE,,Minor Crash,No,2025,,North,,0,,Flat,,,,,,Twilight,481302,1,0,0,4,,,0,,,,,,Auckland Region,Nil,2-way,Sealed,,0,0,,50,,On,0,0,30,76,Auckland,Nil,,,,,0,0,Urban,0,,,Fine,Null
1774980.0099,5897406.9653,866896,,523813,0,0,0,1,1,Null,2024/2025,PAPAKURA-CLEVEDON ROAD,PAKARAKA DRIVE,,Non-Injury Crash,No,2025,0,East,0,0,0,Flat,0,,0,,0,Dark,761602,0,0,0,2,0,0,0,0,0,,0,0,Auckland Region,Nil,2-way,Sealed,0,0,0,0,50,0,On,0,0,,76,Auckland,Stop,0,0,0,0,0,0,Urban,0,0,0,Fine,Null
1778261.3783,5907084.1514,866903,,525201,0,0,0,1,0,North,2022/2023,ARA-KOTINGA,WHITFORD PARK ROAD,,Non-Injury Crash,No,2023,0,East,0,0,0,Flat,0,,0,,0,Dark,762000,0,0,0,2,0,0,0,0,0,,0,0,Auckland Region,Nil,2-way,Sealed,0,0,0,0,60,0,On,0,0,50,76,Auckland,Nil,0,0,0,1,0,0,Urban,0,0,0,Fine,Null
1746693.04,5917794.8632,866913,,512500,0,0,0,1,0,Null,2023/2024,ROBERTS ROAD,TE ATATU ROAD,,Non-Injury Crash,No,2023,0,West,0,0,1,Flat,0,,0,,0,Bright sun,258200,0,0,0,2,0,0,0,0,0,,0,0,Auckland Region,Nil,2-way,Sealed,0,0,0,0,50,0,Off,0,0,,76,Auckland,Give way,0,0,0,0,0,0,Urban,0,0,0,Fine,Null
1770148.788,5909084.3248,866916,,523115,0,,0,2,,Null,2024/2025,CHAPEL ROAD,GRACECHURCH DRIVE,,Minor Crash,No,2025,,South,,0,,Flat,,,,,,Bright sun,711905,1,0,0,2,,,0,,,,,,Auckland Region,Nil,2-way,Sealed,,0,0,,50,,Off,0,0,,76,Auckland,Give way,,,,,0,0,Urban,0,,,Fine,Null
1763311.5124,5910245.7875,866921,,521901,0,,0,0,,South,2023/2024,SALEYARDS ROAD,PORTAGE ROAD,,Minor Crash,No,2024,,South,,0,,Flat,,,,,,Dark,781900,1,0,0,2,,,0,,,,,,Auckland Region,Nil,2-way,Sealed,,0,0,,50,,On,0,0,30,76,Auckland,Nil,,,,,0,1,Urban,1,,,Fine,Null
1751616.6577,5918083.7484,866923,55,515001,0,0,0,1,0,West,2024/2025,GREAT NORTH ROAD ON RAMP,NORTH-WESTERN MOTORWAY,,Minor Crash,No,2025,0,South,0,0,0,Flat,1,,0,,0,Overcast,392200,1,0,0,2,0,0,0,0,0,,0,0,Auckland Region,Motorway ramp,1-way,Sealed,0,0,0,0,100,0,Off,0,0,,76,Auckland,Nil,0,0,0,0,0,0,Open,0,0,0,Light rain,Null
1757199.5641,5919066.3445,866924,,514301,0,,0,2,,Null,2024/2025,SOUTHERN MOTORWAY,SYMONDS STREET ON RAMP,,Non-Injury Crash,Yes,2025,,South,,0,,Flat,,,,,,Bright sun,441200,0,0,0,5,,,0,,,,,,Auckland Region,Motorway ramp,1-way,Sealed,,0,0,,80,,Off,0,0,,76,Auckland,Nil,,,,,0,0,Open,0,,,Fine,Null
1769418.6002,5905483.9215,866925,45,523712,0,0,0,1,0,South,2023/2024,THOMAS ROAD,GLENLEA PLACE,,Non-Injury Crash,No,2023,0,South,0,0,0,Flat,0,,0,,0,Dark,713208,0,0,0,2,0,0,0,0,1,,0,0,Auckland Region,Nil,2-way,Sealed,0,0,0,0,50,0,Null,0,0,,76,Auckland,Nil,0,0,0,0,0,0,Urban,1,0,0,Light rain,None
1757281.4344,5921130.0837,866927,,514101,0,,1,1,,Null,2023/2024,LOWER HOBSON STREET,QUAY STREET,,Non-Injury Crash,No,2023,,North,,0,,Flat,,,,,,Dark,433001,0,0,0,2,,,0,,,,,,Auckland Region,Nil,1-way,Sealed,,0,0,,30,,On,0,0,,76,Auckland,Traffic Signals,,,,,0,0,Urban,0,,,Light rain,Null
1759696.6778,5905783.4982,866928,15,524200,0,0,0,1,0,South,2023/2024,NAYLORS DRIVE,JAYLO PLACE,,Non-Injury Crash,No,2024,0,West,0,0,0,Flat,0,,0,,0,Unknown,728611,0,0,0,2,0,0,0,0,1,,0,0,Auckland Region,Nil,2-way,Sealed,0,0,0,0,50,0,On,0,0,,76,Auckland,Nil,0,0,0,0,0,1,Urban,0,0,0,Fine,None
1758415.5686,5926584.5909,866929,,508020,0,0,0,1,0,Null,2023/2024,ESMONDE ROAD,LAKE ROAD,,Non-Injury Crash,No,2023,0,East,0,0,0,Flat,1,,0,,0,Overcast,325402,0,0,0,4,0,0,0,0,0,,0,0,Auckland Region,Nil,2-way,Sealed,0,0,0,0,50,0,Off,0,0,,76,Auckland,Traffic Signals,0,0,0,0,0,0,Urban,0,0,0,Light rain,Null
1771303.917,5895835.0826,866935,,525540,0,0,0,1,0,South,2022/2023,SOUTHERN MOTORWAY,PAPAKURA OFF RAMP,,Non-Injury Crash,Yes,2023,0,South,0,0,0,Flat,1,,0,,0,Bright sun,806208,0,0,0,2,0,0,0,0,0,,0,0,Auckland Region,Motorway ramp,1-way,Sealed,0,0,0,0,100,0,Off,0,0,80,76,Auckland,Nil,0,0,0,0,1,0,Open,0,0,0,Fine,Null
1766392.3236,5880333.6678,866939,,521112,0,0,0,1,0,Null,2023/2024,BELMONT ROAD,RUSSELL ROAD,,Non-Injury Crash,No,2023,0,South,0,0,0,Flat,0,,0,,0,Dark,826500,0,0,0,2,0,0,0,0,0,,0,0,Auckland Region,Nil,2-way,Sealed,0,0,0,0,50,0,None,0,0,,76,Auckland,Stop,0,0,0,1,0,0,Urban,0,0,0,Light rain,Null
1768767.2534,5902660.62,866943,,524901,0,0,0,1,0,Null,2023/2024,ORAMS ROAD,DAVID AVENUE,,Minor Crash,No,2024,0,East,0,0,1,Hill Road,0,Christmas New Year,0,,0,Dark,755100,1,0,0,2,0,0,0,0,0,,0,0,Auckland Region,Bridge,2-way,Sealed,0,0,0,0,50,0,On,0,0,,76,Auckland,Nil,0,0,0,0,0,0,Urban,0,0,0,Fine,Null
1765612.9472,5903071.3227,866944,,524604,0,,0,2,,Null,2024/2025,WIRI STATION ROAD,LANGLEY ROAD,,Non-Injury Crash,No,2025,,West,,0,,Flat,,,,,,Dark,781302,0,0,0,2,,,0,,,,,,Auckland Region,Nil,1-way,Sealed,,0,0,,50,,On,0,0,,76,Auckland,Traffic Signals,,,,,0,0,Urban,0,,,Fine,Null
1764094.4374,5902236.0668,866945,,524604,0,0,0,1,0,Null,2024/2025,MCLAUGHLINS ROAD,HARBOUR RIDGE DRIVE,,Serious Crash,No,2024,0,South,0,0,0,Flat,0,,0,,0,Dark,781200,0,0,0,2,0,0,0,0,0,,0,0,Auckland Region,Nil,2-way,Sealed,0,0,1,0,50,0,On,0,0,,76,Auckland,Give way,1,1,0,0,0,0,Urban,0,0,0,Fine,Null
1764113.4135,5910400.1453,866948,,521801,0,,0,1,,Null,2024/2025,ATKINSON AVENUE,LUKE STREET,,Non-Injury Crash,No,2025,,South,,0,,Null,,,,,,Bright sun,786600,0,0,0,2,,,0,,,,,,Auckland Region,Nil,2-way,Sealed,,0,0,,50,,Null,0,0,,76,Auckland,Stop,,,,,0,0,Urban,0,,,Fine,Null
1749149.3872,5917112.8421,866949,,514801,0,,0,1,,West,2024/2025,ROSEBANK ROAD,CHARANN PLACE,,Minor Crash,No,2024,,East,,0,,Flat,,,,,,Bright sun,389300,2,0,0,2,,,0,,,,,,Auckland Region,Nil,2-way,Sealed,,0,0,,50,,Off,1,0,,76,Auckland,Nil,,,,,0,0,Urban,0,,,Fine,Null
1747278.3174,5919576.7361,866951,,512402,0,,0,2,,Null,2023/2024,TE ATATU ROAD,TE ATATU ROAD ON RAMP,,Non-Injury Crash,No,2023,,North,,0,,Flat,,,,,,Overcast,253700,0,0,0,5,,,0,,,,,,Auckland Region,Motorway ramp,2-way,Sealed,,0,0,,50,,Off,0,0,,76,Auckland,Traffic Signals,,,,,0,0,Urban,0,,,Fine,Null
1754616.3986,5913910.6668,866964,,518802,0,,0,2,,Null,2025/2026,STODDARD ROAD,MAY ROAD,,Minor Crash,No,2025,,East,,0,,Flat,,,,,,Dark,579900,1,0,0,2,,,0,,,,,,Auckland Region,Nil,2-way,Sealed,,0,0,,50,,On,0,0,,76,Auckland,Traffic Signals,,,,,0,0,Urban,0,,,Light rain,Null
1756220.9577,5924304.5698,866967,75,509702,0,0,0,1,0,North,2022/2023,ONEWA ROAD OFF RAMP,ONEPOTO STM BR,,Non-Injury Crash,No,2023,0,North,0,0,0,Flat,1,,0,,0,Dark,366700,0,0,0,1,0,0,0,0,0,,0,0,Auckland Region,Motorway ramp,1-way,Sealed,0,0,0,0,80,0,On,0,0,70,76,Auckland,Nil,0,0,0,0,0,0,Open,0,0,0,Light rain,Null
1765916.5899,5900746.7188,866973,,524821,0,,0,0,,South,2024/2025,ROSCOMMON ROAD,MONCRIEFF AVENUE,,Fatal Crash,No,2024,,North,,1,,Flat,,,,,,Dark,774405,0,0,1,1,,,0,,,,,,Auckland Region,Nil,1-way,Sealed,,0,0,,60,,On,0,0,,76,Auckland,Nil,,,,,0,0,Urban,1,,,Fine,Null
1768369.3384,5904458.5429,866976,,523722,0,,0,0,,Null,2025/2026,DIORELLA DRIVE,REDOUBT ROAD,,Non-Injury Crash,No,2025,,South,,0,,Flat,,,,,,Bright sun,715917,0,0,0,3,,,0,,,,,,Auckland Region,Nil,2-way,Sealed,,0,0,,50,,Null,0,0,,76,Auckland,Nil,,,,,0,0,Urban,2,,,Fine,Null
1768939.6775,5901385.6898,866978,,524901,0,,0,3,,North,2023/2024,HILL ROAD,SCENIC DRIVE,,Minor Crash,No,2023,,East,,0,,Flat,,,,,,Dark,756700,1,0,0,2,,,0,,,,,,Auckland Region,Nil,2-way,Sealed,,0,0,,50,,On,0,0,,76,Auckland,Nil,,,,,0,0,Urban,0,,,Fine,Null
1765717.1119,5914822.5205,866987,,520601,0,0,0,1,0,Null,2024/2025,STEWART AVENUE,TRIPOLI ROAD,,Minor Crash,No,2025,0,South,0,0,1,Flat,0,,0,,0,Dark,632500,1,0,0,2,0,0,0,0,0,,0,0,Auckland Region,Nil,2-way,Sealed,0,0,0,0,50,0,On,0,0,,76,Auckland,Stop,0,0,0,1,0,0,Urban,0,0,0,Fine,Null
1752811.1676,5914828.8047,866988,,517902,0,,0,2,,West,2023/2024,SH 20,MAIORO STREET ON RAMP,,Minor Crash,Yes,2024,,West,,0,,Flat,,,,,,Bright sun,518900,1,0,0,3,,,0,,,,,,Auckland Region,Nil,1-way,Sealed,,0,0,,80,,Off,0,0,,76,Auckland,Nil,,,,,0,0,Open,0,,,Fine,Null
1748596.3152,5945371.8259,866993,,506201,0,,0,1,,Null,2022/2023,DAIRY FLAT HIGHWAY,SILVERDALE OFF RAMP,,Non-Injury Crash,No,2023,,West,,0,,Hill Road,,,,,,Dark,176801,0,0,0,1,,,0,,,,,,Auckland Region,Motorway ramp,1-way,Sealed,,0,0,,80,,On,1,0,,76,Auckland,Give way,,,,,0,0,Open,0,,,Light rain,Strong wind
1757635.0683,5913555.5494,866994,,518702,0,,0,1,,Null,2024/2025,PAH ROAD,MOUNT ALBERT ROAD,,Non-Injury Crash,No,2025,,North,,0,,Flat,,,,,,Bright sun,567900,0,0,0,5,,,0,,,,,,Auckland Region,Nil,2-way,Sealed,,0,0,,50,,Off,0,0,,76,Auckland,Traffic Signals,,,,,0,0,Urban,1,,,Fine,Null
1754053.5098,5914052.4652,867003,,518802,0,,0,2,,Null,2024/2025,SOUTH-WESTERN MOTORWAY,MAIORO STREET OFF RAMP,,Non-Injury Crash,Yes,2024,,North,,0,,Flat,,,,,,Overcast,579100,0,0,0,2,,,0,,,,,,Auckland Region,Nil,1-way,Sealed,,0,0,,100,,Off,1,0,,76,Auckland,Nil,,,,,0,0,Open,0,,,Light rain,Null
1752319.9576,5930322.3544,867004,,509100,0,,0,1,,Null,2023/2024,ALBANY HIGHWAY,UPPER HARBOUR DRIVE,,Minor Crash,No,2023,,South,,0,,Flat,,,,,,Bright sun,181200,1,0,0,2,,,0,,,,,,Auckland Region,Nil,2-way,Sealed,,0,0,,60,,Off,0,0,,76,Auckland,Nil,,,,,0,0,Urban,1,,,Fine,Null
1764497.2792,5918127.5146,867009,,517001,0,,0,1,,Null,2023/2024,ST HELIERS BAY ROAD,ST JOHNS ROAD,,Non-Injury Crash,No,2023,,West,,0,,Flat,,,,,,Dark,463800,0,0,0,1,,,0,,,,,,Auckland Region,Speed hump,1-way,Sealed,,0,0,,50,,On,0,0,,76,Auckland,Traffic Signals,,,,,0,0,Urban,1,,,Light rain,Null
1753918.696,5876335.0179,867011,,526104,0,,0,1,,West,2024/2025,KITCHENER ROAD,RACECOURSE ROAD,,Minor Crash,No,2025,,West,,0,,Flat,,,,,,Bright sun,834600,1,0,0,2,,,0,,,,,,Auckland Region,Nil,2-way,Sealed,,0,0,,50,,Off,0,0,,76,Auckland,Nil,,,,,0,0,Urban,1,,,Fine,Null
1753545.6412,5927062.7976,867016,,508220,1,,0,1,,Null,2024/2025,GLENFIELD ROAD,ROBERTS ROAD,,Minor Crash,No,2024,,North,,0,,Hill Road,,,,,,Overcast,187700,1,0,0,2,,,0,,,,,,Auckland Region,Tram lines,2-way,Sealed,,0,0,,50,,Off,0,0,30,76,Auckland,Give way,,,,,0,0,Urban,0,,,Fine,Null
1753330.9632,5928767.0014,867017,,508411,0,0,0,1,0,Null,2025/2026,MANUKA ROAD,ELLIOTT AVENUE,,Non-Injury Crash,No,2025,0,West,0,0,0,Flat,0,,0,,0,Dark,184300,0,0,0,2,0,0,0,0,1,,0,0,Auckland Region,Nil,2-way,Sealed,0,0,0,0,50,0,On,0,0,,76,Auckland,Nil,0,0,0,0,1,0,Urban,0,0,0,Fine,Null
1770309.6201,5901501.4787,867020,,523814,0,0,0,1,0,South,2023/2024,SARALEE DRIVE,MATTALIE PLACE,,Non-Injury Crash,No,2023,0,North,0,0,0,Hill Road,0,,1,,0,Overcast,759518,0,0,0,2,0,0,0,0,0,,0,0,Auckland Region,Nil,2-way,Sealed,0,0,0,0,50,0,Off,0,0,,76,Auckland,Nil,0,0,0,0,0,0,Urban,0,0,0,Heavy rain,Strong wind
1769596.7733,5908507.7919,867021,,523113,0,,0,1,,Null,2024/2025,TE IRIRANGI DRIVE,ACCENT DRIVE,,Non-Injury Crash,No,2025,,North,,0,,Flat,,,,,,Dark,711901,0,0,0,3,,,0,,,,,,Auckland Region,Nil,1-way,Sealed,,0,0,,60,,On,1,0,,76,Auckland,Traffic Signals,,,,,0,0,Urban,0,,,Fine,Null
1753413.8961,5914534.1174,867022,,518801,0,,0,0,,North,2023/2024,SH 20,MAIORO ST OBR,,Non-Injury Crash,Yes,2024,,South,,0,,Flat,,,,,,Bright sun,578500,0,0,0,3,,,0,,,,,,Auckland Region,Nil,1-way,Sealed,,0,0,,100,,Off,0,0,,76,Auckland,Nil,,,,,0,0,Open,2,,,Fine,Null
1751555.5645,5915537.7186,867024,,514401,0,,0,2,,Null,2023/2024,BLOCKHOUSE BAY ROAD,TRENT STREET,,Non-Injury Crash,No,2024,,South,,0,,Flat,,,,,,Bright sun,382200,0,0,0,2,,,0,,,,,,Auckland Region,Nil,2-way,Sealed,,0,0,,50,,Off,0,0,,76,Auckland,Traffic Signals,,,,,0,0,Urban,1,,,Fine,Null
1743697.4211,5920086.6416,867027,,513632,0,,0,0,,Null,2022/2023,DON BUCK ROAD,HELENA STREET,,Minor Crash,No,2023,,South,,0,,Flat,,,,,,Dark,228801,1,0,1,2,,,0,,,,,,Auckland Region,Nil,2-way,Sealed,,0,0,,50,,On,0,0,,76,Auckland,Give way,,,,,0,0,Urban,0,,,Fine,Null
1740815.5075,5965050.8182,867043,,506613,0,,0,1,,East,2023/2024,WOODCOCKS ROAD,OLD WOODCOCKS ROAD,,Minor Crash,No,2023,,East,,0,,Flat,,,,,,Dark,145500,1,0,0,2,,,0,,,,,,Auckland Region,Nil,2-way,Sealed,,0,0,,100,,None,0,0,,76,Auckland,Nil,,,,,0,0,Open,1,,,Fine,Null
1768434.0516,5900639.153,867045,,525101,0,,0,1,,Null,2022/2023,WEYMOUTH ROAD,RUSSELL ROAD,,Non-Injury Crash,No,2023,,North,,0,,Flat,,,,,,Bright sun,771100,0,0,0,3,,,0,,,,,,Auckland Region,Nil,2-way,Sealed,,0,0,,50,,Off,0,0,,76,Auckland,Traffic Signals,,,,,0,1,Urban,0,,,Fine,None
1751211.2314,5915032.774,867048,,514401,0,,1,0,,Null,2023/2024,ST JUDE STREET,GREAT NORTH ROAD,,Non-Injury Crash,No,2024,,West,,0,,Flat,,,,,,Bright sun,382800,0,0,1,2,,,0,,,,,,Auckland Region,Nil,1-way,Sealed,,0,0,,50,,Off,0,0,,76,Auckland,Give way,,,,,0,0,Urban,0,,,Fine,Null
1740350.275,5981887.2602,867050,45,506660,0,,0,2,,North,2024/2025,WAYBY VALLEY ROAD,WILSON ROAD,,Minor Crash,No,2024,,North,,0,,Hill Road,,,,,,Dark,136303,1,0,0,2,,,0,,,,,,Auckland Region,Nil,2-way,Sealed,,0,0,,100,,None,0,0,,76,Auckland,Nil,,,,,0,0,Open,1,,,Fine,Null
1751953.1783,5912426.7135,867051,,514700,0,,0,3,,Null,2023/2024,DONOVAN STREET,RATHLIN STREET,,Minor Crash,No,2023,,West,,0,,Flat,,,,,,Bright sun,368900,1,0,0,2,,,0,,,,,,Auckland Region,Nil,2-way,Sealed,,0,0,,50,,None,0,0,,76,Auckland,Give way,,,,,0,0,Urban,0,,,Fine,Null
1739507.9132,5925062.1994,867060,,513701,0,0,0,0,1,South,2023/2024,TAUPAKI ROAD,BROOKVALE LANE,,Non-Injury Crash,No,2023,0,South,0,0,1,Flat,0,,0,,0,Bright sun,229400,0,0,0,2,0,0,0,0,0,,0,0,Auckland Region,Nil,2-way,Sealed,0,0,0,0,60,0,Off,0,0,,76,Auckland,Nil,0,0,0,0,0,0,Urban,1,0,0,Fine,Null
1767748.8417,5906145.5141,867069,,523601,0,,0,2,,Null,2025/2026,PRESTON ROAD,FLAT BUSH ROAD,,Non-Injury Crash,No,2025,,North,,0,,Flat,,,,,,Bright sun,707000,0,0,0,2,,,0,,,,,,Auckland Region,Nil,2-way,Sealed,,0,0,,50,,None,0,0,,76,Auckland,Traffic Signals,,,,,0,0,Urban,0,,,Fine,Null
1767088.3898,5899067.0184,867070,,524812,0,0,0,1,0,Null,2024/2025,MAHIA ROAD,MONTEGO PLACE,,Fatal Crash,No,2024,0,West,0,1,1,Flat,0,,0,,0,Dark,774104,0,0,0,2,0,0,0,0,1,,0,1,Auckland Region,Nil,2-way,Sealed,0,0,0,0,50,0,On,0,0,,76,Auckland,Give way,0,0,0,0,0,0,Urban,0,0,0,Fine,Null
1769834.7684,5914781.0964,867072,,522722,0,,0,2,,Null,2023/2024,PAKURANGA ROAD,BUCKLANDS BEACH ROAD,,Non-Injury Crash,No,2023,,East,,0,,Flat,,,,,,Bright sun,681324,0,0,0,6,,,0,,,,,,Auckland Region,Nil,2-way,Sealed,,0,0,,50,,Off,0,0,,76,Auckland,Traffic Signals,,,,,0,0,Urban,0,,,Fine,Null
1755622.7544,5925575.8388,867081,,509702,0,,0,1,,Null,2025/2026,EXMOUTH ROAD,LAKE ROAD,,Serious Crash,No,2025,,West,,0,,Flat,,,,,,Overcast,365700,0,0,0,1,,,0,,,,,,Auckland Region,Nil,1-way,Sealed,,0,1,,50,,Off,0,0,,76,Auckland,Give way,,,,,0,0,Urban,0,,,Fine,Null
1780048.5762,5916101.549,867086,,523300,0,0,0,1,0,West,2024/2025,MARAETAI DRIVE,KEANES ROAD,,Serious Crash,No,2025,0,East,0,0,0,Flat,0,,0,,0,Dark,719500,0,0,0,2,0,0,0,0,0,,0,0,Auckland Region,Nil,2-way,Sealed,0,0,1,0,80,0,None,0,0,40,76,Auckland,Nil,0,0,0,1,0,0,Open,0,0,0,Fine,Null
1764284.0651,5906190.0785,867091,,524303,0,,0,2,,South,2023/2024,STATION ROAD,SPRING STREET,,Minor Crash,No,2023,,South,,0,,Flat,,Christmas New Year,,,,Dark,657400,1,0,0,2,,,0,,,,,,Auckland Region,Nil,2-way,Sealed,,0,0,,50,,On,0,0,,76,Auckland,Nil,,,,,0,0,Urban,0,,,Fine,Null
1761066.9066,5914368.4246,867097,,520202,0,,0,2,,Null,2024/2025,GREAT SOUTH ROAD,ELLERSLIE-PANMURE HIGHWAY,,Non-Injury Crash,No,2025,,South,,0,,Flat,,,,,,Dark,612200,0,0,0,4,,,0,,,,,,Auckland Region,Nil,2-way,Sealed,,0,0,,50,,On,0,0,,76,Auckland,Give way,,,,,0,0,Urban,0,,,Light rain,Null
1745861.9499,5914992.4274,867102,,511800,0,0,0,2,0,West,2024/2025,DENVER AVENUE,MCKINLEY ROAD,,Non-Injury Crash,No,2024,0,East,0,0,0,Hill Road,0,,0,,0,Overcast,277702,0,0,0,2,0,0,0,0,1,,0,0,Auckland Region,Nil,2-way,Sealed,0,0,0,0,50,0,Off,0,0,,76,Auckland,Nil,0,0,0,0,0,0,Urban,0,0,0,Heavy rain,Strong wind
1767284.0665,5905147.8122,867104,,524603,0,0,0,1,0,North,2023/2024,GREAT SOUTH ROAD,RYAN PLACE,,Minor Crash,No,2024,0,South,0,0,0,Flat,0,,0,,0,Bright sun,780304,1,0,0,4,0,0,0,0,1,,0,0,Auckland Region,Nil,2-way,Sealed,0,0,0,0,50,0,Off,1,0,,76,Auckland,Nil,0,0,0,1,0,0,Urban,0,0,0,Fine,Null
1772122.3468,5906950.1498,867105,,523713,0,0,0,1,0,South,2025/2026,VENETA CLOSE,ARGENTO AVENUE,,Non-Injury Crash,No,2025,0,South,0,0,0,Null,0,,0,,0,Dark,712500,0,0,0,2,0,0,0,0,1,,0,0,Auckland Region,Nil,2-way,Sealed,0,0,0,0,50,0,Null,0,0,,76,Auckland,Nil,0,0,0,0,1,0,Urban,0,0,0,Fine,Null