X,Y,OBJECTID,advisorySpeed,areaUnitID,bicycle,bridge,bus,carStationWagon,cliffBank,crashDirectionDescription,crashFinancialYear,crashLocation1,crashLocation2,crashRoadSideRoad,crashSeverity,crashSHDescription,crashYear,debris,directionRoleDescription,ditch,fatalCount,fence,flatHill,guardRail,holiday,houseOrBuilding,intersection,kerb,light,meshblockId,minorInjuryCount,moped,motorcycle,NumberOfLanes,objectThrownOrDropped,otherObject,otherVehicleType,overBank,parkedVehicle,pedestrian,phoneBoxEtc,postOrPole,region,roadCharacter,roadLane,roadSurface,roadworks,schoolBus,seriousInjuryCount,slipOrFlood,speedLimit,strayAnimal,streetLight,suv,taxi,temporarySpeedLimit,tlaId,tlaName,trafficControl,trafficIsland,trafficSign,train,tree,truck,unknownVehicleType,urban,vanOrUtility,vehicle,waterRiver,weatherA,weatherB
1770618.1952,5901899.6202,867109,,523814,0,,0,1,,West,2025/2026,STRATFORD ROAD,RATHMAR DRIVE,,Non-Injury Crash,No,2025,,North,,0,,Hill Road,,,,,,Twilight,759504,0,0,0,2,,,0,,,,,,Auckland Region,Nil,2-way,Sealed,,0,0,,50,,On,0,0,,76,Auckland,Nil,,,,,0,0,Urban,1,,,Fine,Null
1771347.2496,5900027.9569,867112,,523911,0,,0,1,,Null,2023/2024,PORCHESTER ROAD,POPES ROAD,,Non-Injury Crash,No,2023,,North,,0,,Flat,,,,,,Dark,767100,0,0,1,2,,,0,,,,,,Auckland Region,Nil,2-way,Sealed,,0,0,,60,,On,0,0,,76,Auckland,Stop,,,,,0,0,Urban,1,,,Fine,Null
1765579.9475,5903731.8147,867114,,524604,0,,0,2,,East,2023/2024,SOUTH-WESTERN MOTORWAY,CAVENDISH DRIVE OFF RAMP,,Non-Injury Crash,Yes,2024,,West,,0,,Flat,,,,,,Overcast,781302,0,0,0,2,,,0,,,,,,Auckland Region,Nil,1-way,Sealed,,0,0,,100,,Off,0,0,,76,Auckland,Nil,,,,,0,0,Open,0,,,Fine,Null
1769306.7225,5905614.6026,867120,,523712,0,,0,2,,North,2023/2024,CHAPEL ROAD,THOMAS ROAD,,Non-Injury Crash,No,2024,,South,,0,,Flat,,,,,,Overcast,713208,0,0,0,2,,,0,,,,,,Auckland Region,Nil,2-way,Sealed,,0,0,,50,,Off,0,0,,76,Auckland,Nil,,,,,0,0,Urban,0,,,Fine,None
1764650.8511,5911692.8171,867122,,520500,0,,0,2,,North,2023/2024,SOUTHERN MOTORWAY,PANAMA OBR,,Non-Injury Crash,Yes,2024,,North,,0,,Flat,,,,,,Overcast,636400,0,0,0,3,,,0,,,,,,Auckland Region,Nil,1-way,Sealed,,0,0,,100,,Off,0,0,,76,Auckland,Nil,,,,,0,0,Open,0,,,Fine,Null
1751458.5502,5912366.5902,867137,,514700,0,0,0,0,0,West,2025/2026,HEAPHY STREET,BLOCKHOUSE BAY ROAD,,Non-Injury Crash,No,2025,0,West,0,0,0,Hill Road,0,,0,,0,Dark,368000,0,0,0,2,0,0,0,0,0,,0,1,Auckland Region,Nil,2-way,Sealed,0,0,0,0,50,0,On,0,0,,76,Auckland,Nil,0,0,0,0,0,0,Urban,1,0,0,Fine,Null
1768327.5676,5901973.0754,867139,,525001,0,,0,0,,Null,2023/2024,GREAT SOUTH ROAD,GRANDE VUE ROAD,,Serious Crash,No,2023,,South,,0,,Flat,,,,,,Overcast,750800,0,0,0,2,,,0,,,1,,,Auckland Region,Nil,2-way,Sealed,,0,1,,50,,Off,0,0,,76,Auckland,Give way,,,,,0,0,Urban,0,,,Heavy rain,Null
1749654.6411,5928509.382,867146,,509100,0,1,0,1,0,South,2023/2024,OAKFORD PARK CRESCENT,OAKFORD PARK CRESCENT,,Minor Crash,No,2024,0,North,0,0,0,Flat,0,,0,,0,Dark,181902,1,0,0,2,0,0,0,0,0,,0,0,Auckland Region,Bridge,2-way,Sealed,0,0,0,0,50,0,On,0,0,,76,Auckland,Nil,0,0,0,0,0,0,Urban,0,0,0,Light rain,Null
1745462.5173,5934320.4814,867147,,506653,0,0,0,1,0,South,2022/2023,COATESVILLE-RIVERHEAD HIGHWAY,KAITUHI LANE,,Non-Injury Crash,No,2023,0,North,1,0,0,Flat,0,,0,,0,Dark,217201,0,0,0,2,0,0,0,0,0,,0,0,Auckland Region,Nil,2-way,Sealed,0,0,0,0,60,0,Off,0,0,,76,Auckland,Nil,0,0,0,1,0,0,Urban,0,0,0,Fine,Null
1756998.9359,5912661.7574,867154,,518702,0,,0,0,,West,2023/2024,SOUTH-WESTERN MOTORWAY,HILLSBOROUGH ROAD ON RAMP,,Minor Crash,Yes,2024,,South,,0,,Hill Road,,,,,,Twilight,569900,1,0,1,2,,,0,,,,,,Auckland Region,Motorway ramp,1-way,Sealed,,0,0,,100,,On,0,0,,76,Auckland,Nil,,,,,0,0,Open,1,,,Fine,Null
1755725.3474,5918361.1369,867155,,515500,0,,0,4,,South,2022/2023,NORTH-WESTERN MOTORWAY,NEWTON ROAD OFF RAMP,,Non-Injury Crash,Yes,2023,,North,,0,,Hill Road,,,,,,Overcast,419400,0,0,0,4,,,0,,,,,,Auckland Region,Nil,1-way,Sealed,,0,0,,80,,Off,0,0,,76,Auckland,Nil,,,,,0,0,Open,0,,,Fine,Null
1760736.7632,5911854.1485,867160,,520000,0,,0,0,,West,2023/2024,NEILSON STREET,ANGLE STREET,,Non-Injury Crash,No,2023,,North,,0,,Flat,,,,,,Bright sun,608200,0,0,1,2,,,0,,,,,,Auckland Region,Nil,2-way,Sealed,,0,0,,50,,Off,0,0,,76,Auckland,Nil,,,,,0,0,Urban,0,,,Fine,Null
1756516.3386,5919557.8965,867162,,514102,0,,0,1,,North,2023/2024,SOUTHERN MOTORWAY,HOPETOUN OBR,,Non-Injury Crash,Yes,2023,,North,,0,,Flat,,,,,,Overcast,435500,0,0,0,2,,,0,,,,,,Auckland Region,Nil,1-way,Sealed,,0,0,,80,,Off,0,0,,76,Auckland,Nil,,,,,1,0,Open,0,,,Fine,Null
1758419.3408,5918818.1005,867165,,517400,0,,0,1,,Null,2025/2026,GEORGE STREET,MORGAN STREET,,Minor Crash,No,2025,,North,,0,,Flat,,,,,,Bright sun,450500,1,0,0,2,,,0,,,1,,,Auckland Region,Nil,2-way,Sealed,,0,0,,30,,Off,0,0,,76,Auckland,Give way,,,,,0,0,Urban,0,,,Fine,Null
1770830.02,5898665.1509,867169,,523912,0,0,0,2,0,West,2024/2025,TAKA STREET,TAKANINI ROAD,,Non-Injury Crash,No,2025,0,East,0,0,1,Flat,0,,0,,0,Bright sun,767600,0,0,0,2,0,0,0,0,1,,0,0,Auckland Region,Nil,2-way,Sealed,0,0,0,0,50,0,Off,0,0,,76,Auckland,Nil,0,0,0,0,0,0,Urban,0,0,0,Fine,Null
1755499.9786,5928450.9996,867173,,508320,0,,0,0,,Null,2025/2026,OFF ROAD CAR PARK MITRE 10,,,Minor Crash,No,2025,,West,,0,,Flat,,,,,,Bright sun,198600,1,0,0,,,,0,,,1,,,Auckland Region,Nil,Off road,Sealed,,0,0,,,,Off,0,0,,76,Auckland,Nil,,,,,0,1,Urban,0,,,Fine,Null
1753817.9568,5918362.4212,867178,,515431,0,,0,2,,Null,2023/2024,GREAT NORTH ROAD,ST LUKES ROAD,,Non-Injury Crash,No,2024,,East,,0,,Flat,,,,,,Dark,405000,0,0,0,4,,,0,,,,,,Auckland Region,Nil,2-way,Sealed,,0,0,,50,,On,0,0,,76,Auckland,Traffic Signals,,,,,0,0,Urban,0,,,Fine,Null
1753525.1895,5914409.1568,867179,,518801,0,,0,2,,Null,2022/2023,MAIORO STREET,MAIORO STREET ON RAMP,,Non-Injury Crash,No,2023,,South,,0,,Flat,,Easter,,,,Bright sun,578400,0,0,0,6,,,0,,,,,,Auckland Region,Overpass,2-way,Sealed,,0,0,,50,,On,0,0,,76,Auckland,Traffic Signals,,,,,0,0,Urban,0,,,Fine,Null
1750073.3612,5915400.8921,867180,,514802,0,,0,1,,West,2024/2025,CANAL ROAD,BELLGROVE PLACE,,Serious Crash,No,2024,,South,,0,,Flat,,,,,,Bright sun,386802,0,0,0,2,,,0,,,2,,,Auckland Region,Nil,2-way,Sealed,,0,1,,50,,Off,0,0,,76,Auckland,Nil,,,,,0,0,Urban,0,,,Fine,Null
1766584.3392,5899873.6008,867186,,524713,0,,0,2,,East,2023/2024,WEYMOUTH ROAD,JOHN WALKER DRIVE,,Non-Injury Crash,No,2024,,West,,0,,Flat,,,,,,Dark,775805,0,0,0,2,,,0,,,,,,Auckland Region,Nil,2-way,Sealed,,0,0,,50,,On,0,0,,76,Auckland,Nil,,,,,0,0,Urban,0,,,Fine,Null
1769116.1377,5889406.7816,867200,,521122,0,,0,2,,Null,2025/2026,KARAKA ROAD,BLACKBRIDGE ROAD,,Minor Crash,Yes,2026,,North,,0,,Flat,,,,,,Bright sun,810000,1,0,0,2,,,0,,,,,,Auckland Region,Nil,2-way,Sealed,,0,0,,80,,Off,0,0,,76,Auckland,Give way,,,,,0,0,Open,0,,,Fine,Null
1757779.2389,5918223.0711,867201,,515700,0,,0,1,,South,2023/2024,SOUTHERN MOTORWAY,MOUNTAIN OBR,,Non-Injury Crash,Yes,2023,,North,,0,,Flat,,,,,,Dark,443200,0,0,0,4,,,0,,,,,,Auckland Region,Nil,1-way,Sealed,,0,0,,80,,On,0,0,,76,Auckland,Nil,,,,,0,0,Open,0,,,Null,Null
1770407.6739,5904597.3658,867202,55,523820,0,0,0,1,0,West,2022/2023,REDOUBT ROAD,MURPHYS ROAD,,Minor Crash,No,2023,0,East,0,0,0,Flat,0,,0,,0,Dark,760000,2,0,0,2,0,0,0,0,0,,0,1,Auckland Region,Nil,2-way,Sealed,0,0,0,0,60,0,On,0,0,,76,Auckland,Nil,0,0,0,0,0,0,Urban,0,0,0,Light rain,Null
1769381.9999,5901032.9961,867204,,524902,0,,0,2,,Null,2022/2023,ALFRISTON ROAD,CLAUDE ROAD,,Non-Injury Crash,No,2023,,East,,0,,Hill Road,,,,,,Twilight,757700,0,0,0,2,,,0,,,,,,Auckland Region,Nil,2-way,Sealed,,0,0,,50,,On,0,0,,76,Auckland,Traffic Signals,,,,,0,0,Urban,0,,,Fine,None
1741827.0619,5917520.5809,867211,,513102,0,0,0,1,0,South,2023/2024,CANDIA ROAD,COULTER ROAD,,Non-Injury Crash,No,2023,0,South,0,0,0,Hill Road,0,,0,,0,Dark,238600,0,0,0,2,0,0,0,0,0,,0,1,Auckland Region,Nil,2-way,Sealed,0,0,0,0,60,0,None,0,0,,76,Auckland,Nil,0,0,0,0,0,0,Urban,0,0,0,Fine,Null
1755899.1802,5944191.7618,867212,,505909,0,,0,1,,West,2024/2025,WHANGAPARAOA ROAD,PALMGREEN COURT,,Serious Crash,No,2025,,North,,0,,Hill Road,,,,,,Bright sun,174007,3,0,0,2,,,0,,,,,,Auckland Region,Nil,2-way,Sealed,,0,1,,50,,Off,0,0,,76,Auckland,Nil,,,,,0,0,Urban,1,,,Fine,Null
1767161.0001,5912377.814,867214,,522910,0,,0,0,,Null,2022/2023,TI RAKAU DRIVE,MARRIOTT ROAD,,Minor Crash,No,2023,,South,,0,,Flat,,,,,,Bright sun,686000,1,0,1,4,,,0,,,,,,Auckland Region,Nil,2-way,Sealed,,0,0,,50,,None,0,0,,76,Auckland,Give way,,,,,0,0,Urban,1,,,Fine,Null
1770725.4705,5900617.6725,867215,,523817,0,0,0,2,0,Null,2023/2024,HYPERION DRIVE,NEARCO STREET,,Non-Injury Crash,No,2023,0,West,0,0,1,Flat,0,,0,,1,Overcast,759702,0,0,0,2,0,0,0,0,0,,0,0,Auckland Region,Nil,2-way,Sealed,0,0,0,0,50,0,Off,0,0,,76,Auckland,Give way,0,0,0,0,0,0,Urban,0,0,0,Fine,Null
1749969.1437,5914066.4571,867216,,511303,0,,0,1,,Null,2024/2025,GREAT NORTH ROAD,DELTA AVENUE,,Non-Injury Crash,No,2024,,Null,,0,,Null,,,,,,Bright sun,266000,0,0,0,4,,,0,,,,,,Auckland Region,Nil,2-way,Sealed,,0,0,,50,,Null,0,0,,76,Auckland,Traffic Signals,,,,,0,1,Urban,0,,,Fine,Null
1755713.1083,5929410.0286,867217,,508510,0,0,0,2,0,North,2024/2025,BECROFT DRIVE,LYTTELTON AVENUE,,Non-Injury Crash,No,2024,0,North,0,0,0,Null,0,,0,,0,Bright sun,194200,0,0,0,2,0,0,0,0,1,,0,0,Auckland Region,Nil,2-way,Sealed,0,0,0,0,50,0,Null,0,0,,76,Auckland,Nil,0,0,0,0,0,0,Urban,0,0,0,Fine,Null
1769279.4456,5901297.998,867220,,524901,0,0,0,0,0,North,2024/2025,CLAUDE ROAD,ARTHUR ROAD,,Non-Injury Crash,No,2024,0,North,0,0,1,Flat,0,,0,,0,Twilight,757001,0,0,0,2,0,0,0,0,0,,0,0,Auckland Region,Nil,2-way,Sealed,0,0,0,0,50,0,On,0,0,,76,Auckland,Nil,0,0,0,1,0,0,Urban,1,0,0,Fine,Null
1770315.7105,5906049.1357,867221,,523712,0,,0,2,,Null,2024/2025,CHARLESTOWN DRIVE,BALLINDRAIT DRIVE,,Non-Injury Crash,No,2024,,East,,0,,Flat,,,,,,Overcast,713300,0,0,0,2,,,0,,,,,,Auckland Region,Nil,2-way,Sealed,,0,0,,50,,Off,0,0,,76,Auckland,Give way,,,,,0,0,Urban,0,,,Fine,Null
1765276.2689,5906497.4466,867223,,522201,0,,0,2,,North,2023/2024,KOLMAR ROAD,DRYDEN AVENUE,,Minor Crash,No,2024,,North,,0,,Flat,,,,,,Bright sun,662601,2,0,0,2,,,0,,,,,,Auckland Region,Nil,2-way,Sealed,,0,0,,50,,Off,0,0,,76,Auckland,Nil,,,,,0,0,Urban,0,,,Fine,Null
1745830.7913,5922459.8806,867242,,513530,0,,0,0,,South,2023/2024,CLAVERDON DRIVE,SPARGO ROAD,,Minor Crash,No,2023,,North,,0,,Flat,,,,,,Bright sun,226002,1,0,1,2,,,0,,,,,,Auckland Region,Nil,2-way,Sealed,,0,0,,50,,Off,0,0,,76,Auckland,Nil,,,,,0,0,Urban,0,,,Fine,Null
1758628.7121,5912155.7842,867243,,519810,0,0,0,1,0,Null,2023/2024,CHURCH STREET,HILL STREET,,Minor Crash,No,2024,0,South,0,0,0,Flat,0,,0,,0,Overcast,598900,2,0,0,2,0,0,0,0,0,,0,1,Auckland Region,Nil,2-way,Sealed,0,0,0,0,50,0,Off,0,0,,76,Auckland,Stop,0,0,0,0,0,0,Urban,1,0,0,Fine,Null
1769877.7757,5899688.2469,867247,,523920,0,,0,1,,North,2023/2024,SOUTHERN MOTORWAY,TAKANINI RAIL OBR,,Non-Injury Crash,Yes,2023,,North,,0,,Flat,,,,,,Bright sun,767921,0,0,0,3,,,0,,,,,,Auckland Region,Bridge,1-way,Sealed,,0,0,,100,,Off,0,0,,76,Auckland,Nil,,,,,0,0,Open,2,,,Fine,Null
1771508.2435,5913740.4963,867249,,521602,0,,0,1,,West,2024/2025,ANDREW ROAD,SALAS PLACE,,Minor Crash,No,2024,,North,,0,,Null,,,,,,Bright sun,648900,1,0,0,2,,,0,,,,,,Auckland Region,Nil,2-way,Sealed,,0,0,,50,,Off,0,0,,76,Auckland,Nil,,,,,0,0,Urban,1,,,Fine,Null
1757260.2397,5915334.1395,867250,,515802,0,,0,2,,Null,2022/2023,ST ANDREWS ROAD,ONSLOW AVENUE,,Non-Injury Crash,No,2023,,North,,0,,Hill Road,,,,,,Twilight,447802,0,0,0,2,,,0,,,,,,Auckland Region,Nil,2-way,Sealed,,0,0,,50,,Off,0,0,,76,Auckland,Stop,,,,,0,0,Urban,0,,,Fine,Null
1766476.9078,5901300.1762,867254,,524711,1,,0,1,,South,2022/2023,ROWANDALE AVENUE,ADDINGTON AVENUE,,Minor Crash,No,2023,,North,,0,,Flat,,,,,,Overcast,775600,1,0,0,2,,,0,,,,,,Auckland Region,Nil,2-way,Sealed,,0,0,,30,,Off,0,0,,76,Auckland,Nil,,,,,0,0,Urban,0,,,Light rain,Null
1755881.4345,5923190.3582,867258,,509800,0,0,0,1,0,Null,2023/2024,QUEEN STREET,QUEEN STREET,,Serious Crash,No,2023,0,North,0,0,1,Hill Road,0,,0,,0,Dark,359200,0,0,0,2,0,0,0,0,0,,0,0,Auckland Region,Nil,2-way,Sealed,0,0,1,0,50,0,On,0,0,,76,Auckland,Give way,1,0,0,1,0,0,Urban,0,0,0,Fine,Null
1764869.8411,5903310.092,867263,,524604,0,,0,3,,Null,2023/2024,ROSCOMMON ROAD,VOGLER DRIVE,,Non-Injury Crash,No,2024,,North,,0,,Flat,,,,,,Dark,781200,0,0,0,2,,,0,,,,,,Auckland Region,Nil,1-way,Sealed,,0,0,,60,,On,0,0,,76,Auckland,Traffic Signals,,,,,0,0,Urban,0,,,Fine,Null
1765571.7279,5906621.2059,867267,,522202,0,,0,2,,South,2024/2025,SUTTON CRESCENT,GREAT SOUTH ROAD,,Non-Injury Crash,No,2024,,North,,0,,Flat,,,,,,Twilight,663600,0,0,0,2,,,0,,,,,,Auckland Region,Nil,2-way,Sealed,,0,0,,50,,None,0,0,,76,Auckland,Nil,,,,,0,0,Urban,0,,,Fine,Null
1746644.6835,5926034.5257,867278,,513431,0,,0,1,,Null,2023/2024,BRIGHAM CREEK ROAD,HOBSONVILLE ROAD,,Minor Crash,No,2023,,East,,0,,Flat,,,,,,Bright sun,223802,1,0,0,1,,,0,,,,,,Auckland Region,Nil,1-way,Sealed,,0,0,,50,,Off,0,0,,76,Auckland,Stop,,,,,0,0,Urban,1,,,Fine,Null
1766877.8168,5903858.2168,867279,,524604,0,,0,1,,Null,2024/2025,LAMBIE DRIVE,LAMBIE DRIVE OFF RAMP,,Serious Crash,No,2024,,South,,0,,Hill Road,,,,,,Overcast,780210,0,0,0,5,,,0,,,,,,Auckland Region,Motorway ramp,2-way,Sealed,,0,1,,50,,Off,0,0,,76,Auckland,Traffic Signals,,,,,1,0,Urban,0,,,Light rain,Null
1759153.9485,5926052.2591,867281,,508020,0,,1,2,,Null,2023/2024,LAKE ROAD,HORORATA ROAD,,Non-Injury Crash,No,2024,,West,,0,,Flat,,,,,,Twilight,321400,0,0,0,4,,,0,,,,,,Auckland Region,Nil,2-way,Sealed,,0,0,,50,,On,0,0,,76,Auckland,Give way,,,,,0,0,Urban,0,,,Fine,Null
1759423.8623,5908265.3829,867282,,524122,0,0,0,2,0,Null,2022/2023,BADER DRIVE,CESSNA CRESCENT,,Minor Crash,No,2023,0,South,0,0,0,Flat,0,,0,,0,Overcast,737700,2,0,0,2,0,0,0,0,0,,0,0,Auckland Region,Nil,2-way,Sealed,0,0,0,0,50,0,Off,0,0,,76,Auckland,Give way,0,0,0,1,0,0,Urban,0,0,0,Fine,Null
1757719.6743,5918254.5709,867284,,518101,0,,0,3,,North,2024/2025,SOUTHERN MOTORWAY,MOUNTAIN OBR,,Non-Injury Crash,Yes,2024,,North,,0,,Flat,,,,,,Overcast,543000,0,0,0,5,,,0,,,,,,Auckland Region,Nil,1-way,Sealed,,0,0,,80,,Off,0,0,,76,Auckland,Nil,,,,,0,0,Open,0,,,Fine,Null
1775859.3305,5883528.2444,867290,,521160,0,0,0,1,0,South,2022/2023,SOUTHERN MOTORWAY,ST STEPHENS OBR,,Minor Crash,Yes,2023,0,North,0,0,0,Hill Road,1,,0,,0,Dark,827500,1,0,0,2,0,0,0,0,0,,0,0,Auckland Region,Nil,1-way,Sealed,0,0,0,0,100,0,On,0,0,,76,Auckland,Nil,0,0,0,0,1,0,Open,0,0,0,Light rain,Null
1746631.4143,5926025.5353,867292,,513431,0,,0,2,,Null,2024/2025,BRIGHAM CREEK ROAD,HOBSONVILLE ROAD,,Non-Injury Crash,No,2025,,South,,0,,Null,,,,,,Bright sun,223802,0,0,0,2,,,0,,,,,,Auckland Region,Nil,2-way,Sealed,,0,0,,50,,Null,0,0,,76,Auckland,Stop,,,,,0,0,Urban,0,,,Fine,Null
1763200.2688,5908448.7531,867296,,524402,0,0,0,0,0,East,2024/2025,ALDERMAN PLACE,SAVILL DRIVE,,Non-Injury Crash,No,2025,0,East,0,0,0,Flat,0,,0,,0,Overcast,749900,0,0,0,2,0,0,0,0,0,,0,1,Auckland Region,Nil,2-way,Unsealed,0,0,0,0,50,0,Off,0,0,10,76,Auckland,Nil,0,0,0,0,1,0,Urban,0,0,0,Fine,Null
1764801.1437,5903716.7839,867300,,524604,0,,0,2,,Null,2023/2024,CAVENDISH DRIVE OFF RAMP,CAVENDISH DRIVE,,Non-Injury Crash,No,2023,,West,,0,,Flat,,,,,,Bright sun,781200,0,0,0,3,,,0,,,,,,Auckland Region,Nil,1-way,Sealed,,0,0,,50,,Off,0,0,,76,Auckland,Traffic Signals,,,,,0,0,Urban,0,,,Fine,None
1749261.8807,5970735.0513,867301,,505500,0,,0,2,,Null,2023/2024,WHARF STREET,KAPANUI STREET,,Non-Injury Crash,No,2023,,East,,0,,Flat,,,,,,Overcast,140400,0,0,0,2,,,0,,,,,,Auckland Region,Speed hump,2-way,Sealed,,0,0,,50,,Off,0,0,,76,Auckland,Nil,,,,,0,0,Urban,0,,,Light rain,Null
1775581.1614,5885981.5466,867309,,521132,0,0,0,1,0,South,2023/2024,SOUTHERN MOTORWAY,RAMARAMA OFF RAMP,,Non-Injury Crash,Yes,2023,0,North,0,0,0,Flat,1,,0,,0,Dark,814100,0,0,0,2,0,0,0,0,0,,0,0,Auckland Region,Nil,1-way,Sealed,0,0,0,0,100,0,On,0,0,,76,Auckland,Nil,0,0,0,0,0,0,Open,0,0,0,Fine,Null
1757812.0201,5918512.8714,867312,,514302,0,,1,1,,Null,2024/2025,MOUNTAIN ROAD,KHYBER PASS ROAD,,Minor Crash,No,2025,,North,,0,,Flat,,Easter,,,,Overcast,442100,1,0,0,2,,,0,,,,,,Auckland Region,Nil,2-way,Sealed,,0,0,,50,,Off,0,0,,76,Auckland,Traffic Signals,,,,,0,0,Urban,0,,,Light rain,Null
1749552.331,5912970.495,867313,,511402,0,,0,1,,Null,2023/2024,GARDNER AVENUE,HUTCHINSON AVENUE,,Non-Injury Crash,No,2024,,North,,0,,Flat,,,,,,Overcast,261401,0,0,0,2,,,0,,,,,,Auckland Region,Nil,2-way,Sealed,,0,0,,50,,Off,0,0,,76,Auckland,Stop,,,,,1,0,Urban,0,,,Fine,Null
1752042.5919,5952826.2927,867326,,506201,0,0,0,1,0,North,2022/2023,HIBISCUS COAST HIGHWAY,HATFIELDS BR,,Minor Crash,No,2023,0,South,1,0,0,Hill Road,0,Christmas New Year,0,,0,Overcast,176204,1,0,0,2,0,0,0,0,0,,0,0,Auckland Region,Nil,2-way,Sealed,0,0,0,0,80,0,None,0,0,,76,Auckland,Nil,0,0,0,1,0,0,Open,0,0,0,Fine,Null
1762878.1885,5912268.3552,867336,,519500,0,0,0,3,0,North,2024/2025,GREAT SOUTH ROAD,SOUTHDOWN LANE,,Fatal Crash,No,2025,0,North,0,1,0,Flat,0,,0,,0,Bright sun,622700,1,0,0,4,0,0,0,0,0,,0,1,Auckland Region,Nil,2-way,Sealed,0,0,2,0,50,0,Off,0,0,,76,Auckland,Nil,0,0,0,0,0,0,Urban,0,0,0,Fine,Null
1770698.4896,5908941.7372,867337,,523115,1,,0,0,,West,2023/2024,GRACECHURCH DRIVE,BAVERTON DRIVE,,Non-Injury Crash,No,2024,,North,,0,,Flat,,,,,,Bright sun,712127,0,0,0,2,,,0,,,,,,Auckland Region,Nil,2-way,Sealed,,0,0,,50,,Off,0,0,,76,Auckland,Nil,,,,,0,0,Urban,1,,,Fine,Null
1769905.652,5900727.2363,867339,,523816,0,0,0,1,0,South,2023/2024,SOUTHERN MOTORWAY,ALFRISTON OBR,,Non-Injury Crash,Yes,2024,0,South,0,0,0,Flat,1,,0,,0,Overcast,759724,0,0,0,3,0,0,0,0,0,,0,0,Auckland Region,Nil,1-way,Sealed,0,0,0,0,100,0,Off,0,0,,76,Auckland,Nil,0,0,0,0,0,0,Open,1,0,0,Fine,Null
1770068.2568,5898539.1847,867340,,523920,0,,0,1,,North,2024/2025,SOUTHERN MOTORWAY,WALTER STREVENS OBR,,Non-Injury Crash,Yes,2024,,North,,0,,Null,,,,,,Bright sun,767911,0,0,0,3,,,0,,,,,,Auckland Region,Nil,1-way,Sealed,,0,0,,100,,Off,0,0,,76,Auckland,Nil,,,,,1,0,Open,0,,,Fine,Null
1758358.9072,5917326.3104,867341,,519200,0,,0,1,,South,2023/2024,MANUKAU ROAD,GREAT SOUTH ROAD,,Non-Injury Crash,No,2023,,North,,0,,Flat,,,,,,Bright sun,613600,0,0,0,4,,,0,,,,,,Auckland Region,Nil,2-way,Sealed,,0,0,,50,,Off,1,0,,76,Auckland,Nil,,,,,0,0,Urban,0,,,Fine,None
1763743.0065,5913574.8307,867346,,520402,0,0,0,1,0,Null,2022/2023,MOUNT WELLINGTON HIGHWAY,ROSLYN ROAD,,Non-Injury Crash,No,2023,0,North,0,0,1,Flat,0,,0,,0,Dark,640002,0,0,0,4,0,0,0,0,0,,0,0,Auckland Region,Nil,2-way,Sealed,0,0,0,0,50,0,On,0,0,,76,Auckland,Stop,0,0,0,0,0,0,Urban,0,0,0,Fine,Null
1744807.4901,5920998.4765,867347,,513631,0,0,0,0,0,South,2023/2024,WAIMUMU ROAD,HALLORAN PLACE,,Non-Injury Crash,No,2024,0,West,0,0,0,Hill Road,0,,0,,0,Overcast,227803,0,0,0,2,0,0,0,0,0,,0,1,Auckland Region,Nil,2-way,Sealed,0,0,0,0,50,0,Off,0,0,,76,Auckland,Nil,0,0,0,0,0,0,Urban,1,0,0,Light rain,Null
1755987.0004,5917195.2633,867348,,518201,1,,0,0,,South,2025/2026,DOMINION ROAD,EWINGTON AVENUE,,Non-Injury Crash,No,2026,,North,,0,,Flat,,,,,,Bright sun,548102,1,0,0,2,,,0,,,,,,Auckland Region,Nil,2-way,Sealed,,0,0,,50,,Null,0,0,,76,Auckland,Nil,,,,,0,0,Urban,1,,,Fine,Null
1758652.0692,5906918.6342,867349,,524200,0,0,1,4,0,Null,2024/2025,OFF ROAD - CAR PARK,,,Minor Crash,No,2024,0,South,0,0,2,Flat,0,,0,,0,Overcast,726300,1,0,0,,0,0,0,0,2,,0,0,Auckland Region,Nil,Off road,Sealed,0,0,0,0,,0,Off,0,2,,76,Auckland,Nil,0,0,0,0,0,0,Urban,0,0,0,Light rain,Null
1756769.614,5932317.0528,867353,,507500,0,0,0,2,0,South,2023/2024,KOWHAI ROAD,BEACH ROAD,,Minor Crash,No,2023,0,South,0,0,0,Hill Road,0,,0,,0,Overcast,149200,1,0,0,2,0,0,0,0,1,,0,0,Auckland Region,Nil,2-way,Sealed,0,0,0,0,50,0,Off,0,0,,76,Auckland,Nil,0,0,0,0,0,0,Urban,0,0,0,Heavy rain,Null
1761966.7547,5914769.4559,867354,,520201,0,0,0,1,0,East,2023/2024,MAIN HIGHWAY,RANIER STREET,,Non-Injury Crash,No,2024,0,West,0,0,0,Flat,0,,0,,0,Dark,610603,0,0,0,4,0,0,0,0,0,,0,1,Auckland Region,Nil,2-way,Sealed,0,0,0,0,50,0,On,0,0,,76,Auckland,Nil,0,0,0,0,0,0,Urban,0,0,0,Light rain,Null
1757822.8861,5915928.824,867355,35,515801,0,,0,1,,Null,2024/2025,THE DRIVE,KING GEORGE AVENUE,,Minor Crash,No,2025,,North,,0,,Flat,,,,,,Overcast,446700,1,0,1,2,,,0,,,,,,Auckland Region,Nil,2-way,Sealed,,0,0,,50,,None,0,0,30,76,Auckland,Stop,,,,,0,0,Urban,0,,,Fine,Null