X,Y,OBJECTID,advisorySpeed,areaUnitID,bicycle,bridge,bus,carStationWagon,cliffBank,crashDirectionDescription,crashFinancialYear,crashLocation1,crashLocation2,crashRoadSideRoad,crashSeverity,crashSHDescription,crashYear,debris,directionRoleDescription,ditch,fatalCount,fence,flatHill,guardRail,holiday,houseOrBuilding,intersection,kerb,light,meshblockId,minorInjuryCount,moped,motorcycle,NumberOfLanes,objectThrownOrDropped,otherObject,otherVehicleType,overBank,parkedVehicle,pedestrian,phoneBoxEtc,postOrPole,region,roadCharacter,roadLane,roadSurface,roadworks,schoolBus,seriousInjuryCount,slipOrFlood,speedLimit,strayAnimal,streetLight,suv,taxi,temporarySpeedLimit,tlaId,tlaName,trafficControl,trafficIsland,trafficSign,train,tree,truck,unknownVehicleType,urban,vanOrUtility,vehicle,waterRiver,weatherA,weatherB
1751874.4187,5949275.9863,867357,,505805,0,,0,1,,North,2023/2024,HIBISCUS COAST HIGHWAY,EMPIRE ROAD,,Minor Crash,No,2024,,North,,0,,Flat,,,,,,Bright sun,172205,1,0,0,2,,,0,,,1,,,Auckland Region,Nil,2-way,Sealed,,0,0,,50,,Off,0,0,,76,Auckland,Nil,,,,,0,0,Urban,0,,,Fine,Null
1793948.5967,5906274.4053,867358,,525202,0,0,0,0,0,North,2024/2025,KAWAKAWA-ORERE ROAD,FORESTRY ROAD 3,,Serious Crash,No,2024,0,North,0,0,0,Hill Road,0,,0,,0,Bright sun,765003,0,0,1,2,0,0,0,1,0,,0,0,Auckland Region,Nil,2-way,Sealed,0,0,1,0,60,0,None,0,0,,76,Auckland,Nil,0,0,0,0,0,0,Urban,0,0,0,Fine,Null
1757965.1922,5918042.6458,867360,,515700,0,,0,3,,South,2023/2024,GILLIES AVENUE OFF RAMP,SOUTHERN MOTORWAY,,Minor Crash,No,2024,,South,,0,,Flat,,,,,,Dark,443200,1,0,0,2,,,0,,,,,,Auckland Region,Motorway ramp,1-way,Sealed,,0,0,,80,,On,0,0,,76,Auckland,Nil,,,,,0,0,Open,0,,,Fine,Null
1744946.5752,5919790.802,867361,,513301,0,0,0,2,0,West,2024/2025,UNIVERSAL DRIVE,TUDOR ROAD,,Non-Injury Crash,No,2025,0,East,0,0,0,Hill Road,0,,0,,0,Dark,234403,0,0,0,2,0,0,0,0,1,,0,0,Auckland Region,Nil,2-way,Sealed,0,0,0,0,50,0,On,0,0,,76,Auckland,Nil,0,0,0,0,0,0,Urban,0,0,0,Fine,Null
1756317.956,5913734.3963,867362,,518500,0,,0,1,,Null,2023/2024,MOUNT ALBERT ROAD,HAYR ROAD,,Non-Injury Crash,No,2024,,West,,0,,Flat,,,,,,Overcast,563800,0,0,0,2,,,0,,,,,,Auckland Region,Nil,2-way,Sealed,,0,0,,50,,Off,1,0,,76,Auckland,Give way,,,,,0,0,Urban,0,,,Fine,None
1768813.1905,5900795.8677,867364,,525002,0,0,0,2,0,Null,2023/2024,WEYMOUTH ROAD,BEAUMONTS WAY,,Non-Injury Crash,No,2024,0,East,0,0,0,Hill Road,0,,0,,0,Twilight,752802,0,0,0,2,0,0,0,0,0,,0,0,Auckland Region,Nil,2-way,Sealed,0,0,0,0,50,0,Off,0,0,,76,Auckland,Give way,1,0,0,0,0,0,Urban,0,0,0,Fine,Null
1757818.9335,5916454.9819,867366,,515801,0,,0,1,,South,2024/2025,GILLIES AVENUE,RANFURLY ROAD,,Non-Injury Crash,No,2024,,South,,0,,Flat,,,,,,Bright sun,446200,0,0,0,2,,,0,,,,,,Auckland Region,Nil,2-way,Sealed,,0,0,,50,,Off,0,0,,76,Auckland,Nil,,,,,0,0,Urban,1,,,Fine,Null
1765821.5626,5898522.1704,867368,,524812,0,0,0,1,0,East,2024/2025,BLANES ROAD,WEYMOUTH ROAD,,Non-Injury Crash,No,2024,0,West,0,0,0,Flat,0,,0,,0,Dark,774301,0,0,0,2,0,0,0,0,1,,0,0,Auckland Region,Nil,2-way,Sealed,0,0,0,0,30,0,On,1,0,,76,Auckland,Nil,0,0,0,0,0,0,Urban,0,0,0,Fine,Null
1765698.6149,5906783.9962,867370,,522202,0,,0,2,,Null,2024/2025,GREAT SOUTH ROAD,HOTEO AVENUE,,Serious Crash,No,2025,,North,,0,,Flat,,,,,,Bright sun,663500,0,0,0,3,,,0,,,,,,Auckland Region,Nil,2-way,Sealed,,0,1,,50,,Off,0,0,30,76,Auckland,Stop,,,,,0,0,Urban,0,,,Fine,Null
1774903.4302,5887488.6948,867373,,521302,0,,0,2,,North,2025/2026,SOUTHERN MOTORWAY,ARARIMU OBR,,Non-Injury Crash,Yes,2025,,South,,0,,Flat,,Christmas New Year,,,,Bright sun,809104,0,0,0,2,,,0,,,,,,Auckland Region,Nil,1-way,Sealed,,0,0,,100,,Off,0,0,,76,Auckland,Nil,,,,,0,0,Open,1,,,Fine,Null
1761141.3656,5914830.8594,867376,,520202,0,,0,2,,South,2023/2024,SOUTHERN MOTORWAY,ELLERSLIE FTBR,,Non-Injury Crash,Yes,2024,,North,,0,,Flat,,,,,,Overcast,612100,0,0,0,4,,,0,,,,,,Auckland Region,Nil,1-way,Sealed,,0,0,,100,,Off,1,0,,76,Auckland,Nil,,,,,0,0,Open,0,,,Fine,Null
1750294.7947,5949444.4037,867384,,505805,0,,0,1,,East,2024/2025,GRAND DRIVE,MAIRE ROAD,,Minor Crash,No,2024,,South,,0,,Hill Road,,,,,,Bright sun,171704,1,0,0,1,,,0,,,1,,,Auckland Region,Nil,1-way,Sealed,,0,0,,50,,Off,0,0,,76,Auckland,Nil,,,,,0,0,Urban,0,,,Fine,Null
1760354.685,5915291.1252,867390,,519400,0,,0,2,,Null,2023/2024,GREAT SOUTH ROAD,MAIN HIGHWAY,,Non-Injury Crash,No,2024,,North,,0,,Flat,,,,,,Bright sun,617400,0,0,0,2,,,0,,,,,,Auckland Region,Nil,2-way,Sealed,,0,0,,50,,Null,0,0,,76,Auckland,Traffic Signals,,,,,0,0,Urban,0,,,Fine,None
1757630.271,5915241.6456,867397,,515802,0,,0,2,,Null,2023/2024,ONSLOW AVENUE,THE DRIVE,,Non-Injury Crash,No,2024,,North,,0,,Null,,,,,,Unknown,448200,0,0,0,2,,,0,,,,,,Auckland Region,Nil,2-way,Sealed,,0,0,,50,,Null,0,0,,76,Auckland,Give way,,,,,0,0,Urban,0,,,Null,Null
1758801.3967,5912407.0766,867398,,519810,0,,0,2,,Null,2023/2024,SELWYN STREET,ARTHUR STREET,,Non-Injury Crash,No,2023,,North,,0,,Hill Road,,Christmas New Year,,,,Overcast,599000,0,0,0,2,,,0,,,,,,Auckland Region,Nil,2-way,Sealed,,0,0,,50,,Off,0,0,,76,Auckland,School Patrol/warden,,,,,0,0,Urban,0,,,Light rain,Null
1749543.2773,5927967.7776,867402,,509100,0,0,0,0,0,South,2023/2024,UPPER HARBOUR MOTORWAY,TAUHINU OBR,,Minor Crash,Yes,2024,0,West,0,0,0,Flat,1,,0,,0,Dark,181703,1,0,0,2,0,0,0,0,0,,0,0,Auckland Region,Motorway ramp,1-way,Sealed,0,0,0,0,100,0,On,0,0,,76,Auckland,Nil,0,0,0,1,1,0,Open,0,0,0,Light rain,Null
1759075.0275,5925573.5845,867412,,508020,0,0,0,2,0,West,2023/2024,NORTHBORO ROAD,EVERSLEIGH ROAD,,Non-Injury Crash,No,2024,0,South,0,0,0,Hill Road,0,,0,,0,Dark,322002,0,0,0,2,0,0,0,0,1,,0,0,Auckland Region,Nil,2-way,Sealed,0,0,0,0,50,0,On,0,0,,76,Auckland,Nil,0,0,0,0,0,0,Urban,0,0,0,Fine,Null
1747361.2576,5916201.1887,867416,,511601,0,0,0,1,0,North,2023/2024,BARRYS ROAD,GLENDENE AVENUE,,Non-Injury Crash,No,2023,0,North,0,0,0,Flat,0,,0,,0,Overcast,274402,0,0,0,2,0,0,0,0,1,,0,0,Auckland Region,Nil,2-way,Sealed,0,0,0,0,30,0,Off,0,0,,76,Auckland,Nil,0,0,0,0,0,0,Urban,1,0,0,Fine,Null
1752558.426,5933399.3965,867417,,508701,0,,0,2,,North,2024/2025,MERCARI WAY,ALBANY EXPRESSWAY,,Non-Injury Crash,No,2024,,North,,0,,Flat,,,,,,Dark,178900,0,0,0,2,,,0,,,,,,Auckland Region,Nil,1-way,Sealed,,0,0,,50,,On,0,0,,76,Auckland,Nil,,,,,0,0,Urban,0,,,Light rain,Null
1765584.1485,5908656.2904,867418,,523402,0,,0,1,,North,2023/2024,SOUTHERN MOTORWAY,HIGHBROOK DRIVE ON RAMP,,Non-Injury Crash,Yes,2024,,South,,0,,Flat,,,,,,Bright sun,696900,0,0,0,3,,,0,,,,,,Auckland Region,Nil,1-way,Sealed,,0,0,,100,,Off,1,0,,76,Auckland,Nil,,,,,0,0,Open,0,,,Fine,Null
1771660.1946,5910030.5723,867420,,523114,0,0,0,1,0,North,2023/2024,POINT VIEW DRIVE,MASONS ROAD,,Non-Injury Crash,No,2024,0,South,0,0,1,Hill Road,0,,0,,0,Dark,712026,0,0,0,2,0,0,0,0,0,,0,1,Auckland Region,Nil,2-way,Sealed,0,0,0,0,50,0,On,0,0,,76,Auckland,Nil,0,1,0,0,0,0,Urban,0,0,0,Fine,Null
1764998.5254,5910320.5059,867421,,521801,0,,0,0,,Null,2024/2025,PRINCES STREET,PRINCES STREET,,Non-Injury Crash,No,2024,,East,,0,,Flat,,,,,,Dark,787700,0,0,0,4,,,0,,,,,,Auckland Region,Bridge,2-way,Sealed,,0,0,,50,,On,1,0,,76,Auckland,Give way,,,,,0,0,Urban,1,,,Fine,Null
1773629.7798,5898595.3323,867424,,523912,0,,1,1,,Null,2023/2024,COSGRAVE ROAD,WALTERS ROAD,,Non-Injury Crash,No,2024,,North,,0,,Flat,,,,,,Overcast,765500,0,0,0,2,,,0,,,,,,Auckland Region,Nil,2-way,Sealed,,0,0,,60,,Off,0,0,,76,Auckland,Stop,,,,,0,0,Urban,0,,,Light rain,Null
1756711.2776,5927499.9984,867434,,507900,0,,0,1,,Null,2023/2024,TAHAROTO ROAD,NORTHCOTE ROAD,,Non-Injury Crash,No,2023,,South,,0,,Flat,,,,,,Dark,304400,0,0,0,4,,,0,,,,,,Auckland Region,Nil,2-way,Sealed,,0,0,,50,,On,0,0,,76,Auckland,Traffic Signals,,,,,0,0,Urban,0,,,Fine,Null
1745388.7752,5920395.9672,867435,,513301,0,,0,2,,Null,2022/2023,LINCOLN ROAD,TRIANGLE ROAD,,Non-Injury Crash,No,2023,,South,,0,,Flat,,,,,,Overcast,231700,0,0,0,4,,,0,,,,,,Auckland Region,Nil,2-way,Sealed,,0,0,,50,,Off,0,0,,76,Auckland,Traffic Signals,,,,,0,0,Urban,0,,,Light rain,Null
1769531.8763,5899753.6658,867438,,525002,0,0,0,1,0,South,2023/2024,GREAT SOUTH ROAD,MAHIA ROAD,,Non-Injury Crash,No,2023,0,North,0,0,0,Flat,0,,0,,0,Dark,754100,0,0,0,4,0,0,0,0,0,,0,0,Auckland Region,Nil,2-way,Sealed,0,0,0,0,50,0,On,0,0,,76,Auckland,Nil,0,0,0,0,0,0,Urban,1,1,0,Fine,Null
1745191.0175,5918790.0716,867443,,513302,0,,0,2,,Null,2022/2023,LINCOLN ROAD,FAIRDENE AVENUE,,Non-Injury Crash,No,2023,,South,,0,,Flat,,,,,,Bright sun,230802,0,0,0,4,,,0,,,,,,Auckland Region,Nil,2-way,Sealed,,0,0,,50,,Off,0,0,,76,Auckland,Traffic Signals,,,,,0,0,Urban,0,,,Fine,Frost
1761482.4236,5907506.2799,867451,,524520,0,,0,2,,Null,2022/2023,BUCKLAND ROAD,WICKMAN WAY,,Non-Injury Crash,No,2023,,West,,0,,Flat,,,,,,Overcast,734800,0,0,0,3,,,0,,,,,,Auckland Region,Nil,2-way,Sealed,,0,0,,50,,Null,0,1,,76,Auckland,Traffic Signals,,,,,0,0,Urban,0,,,Light rain,Null
1758372.4943,5916119.6572,867454,,519200,0,,0,2,,North,2023/2024,MARKET ROAD,CAMPBELL CRESCENT,,Non-Injury Crash,No,2023,,South,,0,,Flat,,,,,,Overcast,615300,0,0,0,2,,,0,,,,,,Auckland Region,Speed hump,2-way,Sealed,,0,0,,50,,Off,0,0,,76,Auckland,Nil,,,,,0,0,Urban,0,,,Fine,Null
1750039.2946,5928426.9318,867460,,509100,0,0,0,2,0,North,2023/2024,UPPER HARBOUR MOTORWAY,TAUHINU ROAD OFF RAMP,,Non-Injury Crash,Yes,2023,0,North,0,0,0,Flat,1,,0,,0,Overcast,181304,0,0,0,2,0,0,0,0,0,,0,0,Auckland Region,Nil,1-way,Sealed,0,0,0,0,100,0,Off,0,0,,76,Auckland,Nil,0,0,0,0,0,0,Open,0,0,0,Light rain,Null
1758138.1838,5917838.5676,867462,,515700,0,,0,2,,Null,2024/2025,GILLIES AVENUE,GILLIES AVENUE OFF RAMP,,Non-Injury Crash,No,2024,,North,,0,,Flat,,,,,,Bright sun,443200,0,0,0,3,,,0,,,,,,Auckland Region,Underpass,2-way,Sealed,,0,0,,50,,Off,0,0,,76,Auckland,Traffic Signals,,,,,0,0,Urban,0,,,Fine,Null
1765632.8347,5906876.669,867465,,522202,0,,0,2,,Null,2024/2025,GREAT SOUTH ROAD,CHARLES STREET,,Non-Injury Crash,No,2024,,North,,0,,Flat,,,,,,Bright sun,663500,0,0,0,2,,,0,,,,,,Auckland Region,Nil,2-way,Sealed,,0,0,,50,,Off,0,0,,76,Auckland,Nil,,,,,0,0,Urban,0,,,Fine,None
1755847.1095,5926668.4972,867466,,508620,0,,0,2,,South,2024/2025,NORTHCOTE ROAD,NORTHCOTE ROAD,,Minor Crash,No,2025,,North,,0,,Flat,,,,,,Bright sun,204702,1,0,0,3,,,0,,,,,,Auckland Region,Nil,2-way,Sealed,,0,0,,50,,Off,0,0,,76,Auckland,Nil,,,,,0,0,Urban,0,,,Fine,Null
1740389.0907,5918269.1908,867478,,513102,0,0,0,1,1,South,2023/2024,CHRISTIAN ROAD,METTAM DRIVE,,Non-Injury Crash,No,2024,0,North,0,0,0,Hill Road,0,,0,,0,Dark,237902,0,0,0,2,0,0,0,0,0,,0,0,Auckland Region,Nil,2-way,Sealed,0,0,0,1,80,0,None,0,0,,76,Auckland,Nil,0,0,0,0,0,0,Open,0,0,0,Light rain,Null
1766973.7317,5907882.9066,867481,,523501,0,,0,1,,Null,2024/2025,LOVEGROVE CRESCENT,HAYMAN STREET,,Non-Injury Crash,No,2024,,North,,0,,Flat,,,,,,Overcast,700602,0,0,0,2,,,0,,,,,,Auckland Region,Nil,2-way,Sealed,,0,0,,20,,Off,1,0,,76,Auckland,Nil,,,,,0,0,Urban,0,,,Fine,Null
1759559.6462,5910265.7529,867483,,524002,0,0,0,1,0,East,2023/2024,MAHUNGA DRIVE,MAHUNGA DRIVE OFF RAMP,,Minor Crash,No,2023,0,East,0,0,0,Hill Road,1,,0,,0,Dark,722400,2,0,0,2,0,0,0,0,0,,0,0,Auckland Region,Motorway ramp,2-way,Sealed,0,0,0,0,50,0,On,0,0,,76,Auckland,Nil,0,0,0,0,0,0,Urban,0,0,0,Light rain,Null
1753925.4513,5924767.813,867485,,510401,0,,0,1,,South,2024/2025,BIRKENHEAD AVENUE,HIGHBURY BYPASS,,Non-Injury Crash,No,2024,,North,,0,,Null,,,,,,Bright sun,351500,0,0,0,2,,,0,,,,,,Auckland Region,Nil,2-way,Sealed,,0,0,,50,,Null,0,0,,76,Auckland,Nil,,,,,1,0,Urban,0,,,Fine,Null
1758736.0189,5917403.1948,867491,,516001,0,,0,1,,North,2022/2023,SOUTHERN MOTORWAY,ST MARKS ROAD ON RAMP,,Non-Injury Crash,Yes,2023,,South,,0,,Hill Road,,,,,,Bright sun,491000,0,0,0,3,,,0,,,,,,Auckland Region,Bridge,1-way,Sealed,,0,0,,80,,Off,0,0,,76,Auckland,Nil,,,,,0,0,Open,1,,,Fine,Null
1774029.9273,5890853.9151,867493,55,521301,0,0,0,1,0,North,2025/2026,FITZGERALD ROAD,BROOKFIELD ROAD,,Non-Injury Crash,No,2025,0,North,1,0,1,Hill Road,0,,0,,0,Bright sun,809002,0,0,0,2,0,0,0,0,0,,0,0,Auckland Region,Nil,2-way,Sealed,0,0,0,0,80,0,None,0,0,,76,Auckland,Nil,0,0,0,0,0,0,Open,0,0,0,Fine,Null
1765941.7175,5905607.5742,867497,,522202,0,0,0,1,0,East,2024/2025,CARRUTH ROAD,BIRDWOOD AVENUE,,Non-Injury Crash,No,2025,0,North,0,0,0,Flat,0,,0,,0,Bright sun,665700,0,0,0,2,0,0,0,0,0,,0,1,Auckland Region,Nil,2-way,Sealed,0,0,0,0,50,0,Off,0,0,,76,Auckland,Nil,0,1,0,0,0,0,Urban,0,0,0,Fine,Null
1766341.1816,5903808.9562,867498,,524604,0,0,0,2,0,West,2023/2024,SOUTH-WESTERN MOTORWAY,LAMBIE DRIVE ON RAMP,,Non-Injury Crash,Yes,2023,0,West,0,0,0,Flat,1,,0,,0,Dark,780210,0,0,0,2,0,0,0,0,0,,0,0,Auckland Region,Nil,1-way,Sealed,0,1,0,0,100,0,On,0,0,,76,Auckland,Nil,0,0,0,0,0,0,Open,0,0,0,Fine,Null
1764997.9171,5916832.7223,867499,,517201,0,,0,2,,Null,2023/2024,FELTON MATHEW AVENUE,MERTON ROAD,,Minor Crash,No,2023,,South,,0,,Flat,,,,,,Dark,464200,1,0,0,2,,,0,,,,,,Auckland Region,Nil,2-way,Sealed,,0,0,,50,,On,0,0,,76,Auckland,Give way,,,,,0,0,Urban,0,,,Fine,Null
1760127.1796,5915967.8259,867500,,516002,0,1,0,0,0,South,2023/2024,SOUTHERN MOTORWAY,GREENLANE INT N,,Non-Injury Crash,Yes,2023,0,South,0,0,0,Flat,0,,0,,0,Bright sun,492100,0,0,0,3,0,0,0,0,0,,0,0,Auckland Region,Overpass,1-way,Sealed,0,0,0,0,100,0,Off,0,0,,76,Auckland,Nil,0,0,0,0,1,0,Open,0,0,0,Fine,Null
1757093.1923,5929460.2955,867502,,507720,0,0,0,2,0,West,2023/2024,PENNING ROAD,SEAVIEW ROAD,,Non-Injury Crash,No,2024,0,East,0,0,0,Hill Road,0,,0,,0,Twilight,312502,0,0,0,2,0,0,0,0,1,,0,0,Auckland Region,Nil,2-way,Sealed,0,0,0,0,50,0,None,0,0,,76,Auckland,Nil,0,0,0,1,0,0,Urban,0,0,0,Fine,Null
1747782.7834,5993022.8725,867504,,506660,0,0,0,1,0,South,2023/2024,ATKINS ROAD,TE ARA O TE URUNGA,,Non-Injury Crash,No,2023,0,South,1,0,0,Hill Road,0,,0,,0,Bright sun,135300,0,0,0,2,0,0,0,0,0,,0,0,Auckland Region,Nil,2-way,Unsealed,0,0,0,0,100,0,None,0,0,,76,Auckland,Nil,0,0,0,0,0,0,Open,1,0,0,Fine,Null
1760355.9478,5912303.2168,867512,,520000,0,0,0,2,0,Null,2023/2024,CAPTAIN SPRINGS ROAD,CHURCH STREET,,Non-Injury Crash,No,2023,0,South,0,0,0,Flat,0,,0,,0,Overcast,607500,0,0,0,2,0,0,0,0,0,,0,0,Auckland Region,Nil,2-way,Sealed,0,0,0,0,50,0,Off,0,0,,76,Auckland,Traffic Signals,0,0,0,0,0,0,Urban,0,1,0,Fine,Null
1772096.9062,5898771.5269,867517,,523912,0,0,0,0,0,East,2024/2025,KUAKA DRIVE,HAKAWAI AVENUE,,Non-Injury Crash,No,2024,0,West,0,0,0,Null,0,,0,,1,Dark,765401,0,0,0,2,1,0,0,0,1,,0,0,Auckland Region,Nil,2-way,Null,0,0,0,0,50,0,On,1,0,,76,Auckland,Nil,0,0,0,0,0,0,Urban,0,0,0,Null,Null
1757523.8603,5918646.3096,867518,,514302,0,,1,1,,North,2024/2025,SOUTHERN MOTORWAY,KHYBER PASS OBR,,Non-Injury Crash,Yes,2024,,South,,0,,Flat,,,,,,Bright sun,442500,0,0,0,5,,,0,,,,,,Auckland Region,Nil,1-way,Sealed,,0,0,,80,,None,0,0,,76,Auckland,Nil,,,,,0,0,Open,0,,,Fine,Null
1756083.1579,5937479.1624,867521,,506903,0,0,0,1,0,Null,2024/2025,COUNTY ROAD,LAW STREET,,Non-Injury Crash,No,2024,0,West,0,0,1,Flat,0,,0,,0,Twilight,167800,0,0,0,2,0,0,0,0,0,,0,0,Auckland Region,Nil,2-way,Sealed,0,0,0,0,50,0,On,0,0,,76,Auckland,Give way,0,0,0,0,0,0,Urban,0,0,0,Fine,Null
1747794.8219,5911262.8308,867523,,511901,0,,0,1,,Null,2022/2023,TITIRANGI ROAD,GODLEY ROAD,,Minor Crash,No,2023,,North,,0,,Flat,,,,,,Twilight,294102,1,0,0,2,,,0,,,,,,Auckland Region,Nil,2-way,Sealed,,0,0,,50,,Off,0,0,,76,Auckland,Give way,,,,,0,0,Urban,1,,,Fine,Null
1768369.9919,5904448.6145,867528,,523820,0,,0,3,,Null,2023/2024,REDOUBT ROAD,DIORELLA DRIVE,,Minor Crash,No,2023,,West,,0,,Flat,,,,,,Overcast,759901,1,0,0,3,,,0,,,,,,Auckland Region,Nil,2-way,Sealed,,0,0,,50,,Off,1,0,,76,Auckland,Give way,,,,,0,0,Urban,0,,,Fine,Null
1759872.0885,5908758.3248,867529,,524403,0,,0,1,,Null,2024/2025,WALMSLEY ROAD,WALMSLEY ROAD OFF RAMP,,Non-Injury Crash,No,2024,,East,,0,,Flat,,,,,,Dark,729800,0,0,0,3,,,0,,,,,,Auckland Region,Nil,2-way,Sealed,,0,0,,60,,On,0,0,,76,Auckland,Traffic Signals,,,,,0,0,Urban,1,,,Fine,Null
1752825.9645,5914101.8228,867542,,514500,0,,0,1,,West,2024/2025,MAIORO STREET,ROSAMUND AVENUE,,Non-Injury Crash,No,2024,,East,,0,,Flat,,,,,,Unknown,376600,0,0,0,4,,,0,,,,,,Auckland Region,Nil,2-way,Sealed,,0,0,,50,,Null,1,0,,76,Auckland,Nil,,,,,0,0,Urban,0,,,Null,Null
1741021.009,5912448.9544,867548,,512902,0,,0,1,,North,2023/2024,FOREST HILL ROAD,OLD FOREST HILL ROAD,,Minor Crash,No,2024,,South,,0,,Hill Road,,,,,,Dark,279101,1,0,1,2,,,0,,,,,,Auckland Region,Nil,2-way,Sealed,,0,0,,60,,None,0,0,,76,Auckland,Nil,,,,,0,0,Urban,0,,,Fine,Null
1758582.2876,5917280.8259,867552,,516001,0,,0,0,,Null,2023/2024,GREAT SOUTH ROAD,NGAIRE AVENUE,,Minor Crash,No,2024,,North,,0,,Hill Road,,,,,,Bright sun,490900,1,0,1,2,,,0,,,,,,Auckland Region,Nil,2-way,Sealed,,0,0,,50,,Off,1,0,,76,Auckland,Give way,,,,,0,0,Urban,0,,,Fine,Null
1773320.7795,5896110.9807,867568,,525620,0,0,0,2,0,North,2023/2024,MARNE ROAD,ARAWA STREET,,Non-Injury Crash,No,2023,0,South,0,0,0,Flat,0,,0,,0,Dark,797600,0,0,0,2,0,0,0,0,1,,0,0,Auckland Region,Nil,2-way,Sealed,0,0,0,0,50,0,On,0,0,,76,Auckland,Nil,0,0,0,0,0,0,Urban,0,0,0,Fine,Null
1757165.1714,5920935.1579,867572,,514101,0,,0,2,,South,2023/2024,STURDEE STREET,MARKET LANE,,Non-Injury Crash,No,2024,,North,,0,,Flat,,,,,,Bright sun,433003,0,0,0,3,,,0,,,,,,Auckland Region,Underpass,1-way,Sealed,,0,0,,30,,Off,0,1,,76,Auckland,Nil,,,,,0,0,Urban,0,,,Fine,Null
1751007.5048,5878062.7562,867576,,521151,0,0,0,0,0,Null,2023/2024,AWHITU ROAD,KAIHAU ROAD,,Minor Crash,No,2024,0,South,0,0,0,Flat,1,,0,,0,Bright sun,831100,1,0,1,2,0,0,0,0,0,,0,0,Auckland Region,Nil,2-way,Sealed,0,0,0,0,80,0,None,0,0,,76,Auckland,Nil,0,0,0,0,0,0,Open,0,0,0,Fine,Null
1756935.43,5914142.8007,867586,,518600,0,0,0,2,0,Null,2023/2024,ST ANDREWS ROAD,KINGSWAY,,Non-Injury Crash,No,2023,0,South,0,0,0,Flat,0,,0,,0,Dark,564502,0,0,0,2,0,0,0,0,1,,0,0,Auckland Region,Nil,2-way,Sealed,0,0,0,0,50,0,On,0,0,,76,Auckland,Give way,0,0,0,0,0,0,Urban,0,0,0,Fine,Null
1775134.7271,5897566.9367,867590,45,523813,0,0,0,2,0,East,2023/2024,TWIN PARKS RISE,TE APARANGI CRESCENT,,Non-Injury Crash,No,2023,0,East,0,0,0,Flat,0,,0,,0,Overcast,761602,0,0,0,2,0,0,0,0,1,,0,0,Auckland Region,Nil,2-way,Sealed,0,0,0,0,50,0,Off,0,0,,76,Auckland,Nil,0,0,0,0,0,0,Urban,0,0,0,Fine,None
1768348.562,5902493.5361,867592,,524901,0,0,0,1,0,East,2022/2023,ORAMS ROAD,GREAT SOUTH ROAD,,Non-Injury Crash,No,2023,0,East,0,0,0,Flat,0,,0,,0,Overcast,754300,0,0,0,2,0,0,0,0,1,,0,0,Auckland Region,Nil,2-way,Sealed,0,0,0,0,50,0,Off,0,0,,76,Auckland,Nil,0,0,0,0,1,0,Urban,0,0,0,Fine,Null
1773246.1216,5899609.3022,867596,,523912,0,0,0,2,0,Null,2023/2024,MILL ROAD,AIRFIELD ROAD,,Non-Injury Crash,No,2023,0,North,0,0,0,Flat,1,,0,,0,Bright sun,765401,0,0,0,2,0,0,0,0,0,,0,0,Auckland Region,Nil,2-way,Sealed,0,0,0,0,60,0,Off,0,0,,76,Auckland,Give way,0,0,0,0,0,0,Urban,0,0,0,Fine,Null
1755847.8707,5928148.8019,867598,,507900,0,,0,2,,East,2024/2025,WAIRAU ROAD,PORANA ROAD,,Non-Injury Crash,No,2024,,South,,0,,Flat,,,,,,Bright sun,305201,0,0,0,4,,,0,,,,,,Auckland Region,Nil,2-way,Sealed,,0,0,,50,,None,0,0,,76,Auckland,Nil,,,,,0,0,Urban,0,,,Fine,Null
1768134.0505,5907840.4174,867602,,523502,0,,0,2,,Null,2022/2023,EAST TAMAKI ROAD,PRESTON ROAD,,Non-Injury Crash,No,2023,,East,,0,,Flat,,,,,,Overcast,703800,0,0,0,6,,,0,,,,,,Auckland Region,Nil,2-way,Sealed,,0,0,,50,,Off,0,0,,76,Auckland,Traffic Signals,,,,,0,0,Urban,0,,,Fine,None
1769136.9742,5911519.6494,867604,,523107,0,,0,0,,East,2023/2024,TI RAKAU DRIVE,HARRIS ROAD,,Minor Crash,No,2023,,East,,0,,Flat,,,,,,Overcast,711702,1,0,1,3,,,0,,,,,,Auckland Region,Nil,1-way,Sealed,,0,0,,60,,Off,1,0,,76,Auckland,Nil,,,,,0,0,Urban,0,,,Fine,Null
1766193.9073,5899713.1859,867610,,524822,0,,0,1,,South,2024/2025,PALMERS ROAD,WEYMOUTH ROAD,,Non-Injury Crash,No,2024,,South,,0,,Flat,,,,,,Bright sun,774431,0,0,0,2,,,0,,,,,,Auckland Region,Nil,2-way,Sealed,,0,0,,30,,None,0,0,,76,Auckland,Nil,,,,,0,0,Urban,0,,,Fine,None
1759936.4377,5907344.5866,867616,,524112,0,,0,2,,East,2023/2024,GEORGE BOLT MEMORIAL DRIVE,BADER OBR,,Non-Injury Crash,Yes,2023,,West,,0,,Flat,,,,,,Twilight,737500,0,0,0,2,,,0,,,,,,Auckland Region,Motorway ramp,1-way,Sealed,,0,0,,100,,Off,0,0,,76,Auckland,Nil,,,,,0,0,Open,0,,,Mist or Fog,Null
1750603.1708,5913728.7228,867617,,511303,0,,0,2,,Null,2024/2025,CLARK STREET,OLYMPIC PLACE,,Non-Injury Crash,No,2024,,East,,0,,Hill Road,,,,,,Dark,265200,0,0,0,4,,,0,,,,,,Auckland Region,Nil,2-way,Sealed,,0,0,,50,,Null,0,0,,76,Auckland,Nil,,,,,0,0,Urban,0,,,Fine,Null