X,Y,OBJECTID,advisorySpeed,areaUnitID,bicycle,bridge,bus,carStationWagon,cliffBank,crashDirectionDescription,crashFinancialYear,crashLocation1,crashLocation2,crashRoadSideRoad,crashSeverity,crashSHDescription,crashYear,debris,directionRoleDescription,ditch,fatalCount,fence,flatHill,guardRail,holiday,houseOrBuilding,intersection,kerb,light,meshblockId,minorInjuryCount,moped,motorcycle,NumberOfLanes,objectThrownOrDropped,otherObject,otherVehicleType,overBank,parkedVehicle,pedestrian,phoneBoxEtc,postOrPole,region,roadCharacter,roadLane,roadSurface,roadworks,schoolBus,seriousInjuryCount,slipOrFlood,speedLimit,strayAnimal,streetLight,suv,taxi,temporarySpeedLimit,tlaId,tlaName,trafficControl,trafficIsland,trafficSign,train,tree,truck,unknownVehicleType,urban,vanOrUtility,vehicle,waterRiver,weatherA,weatherB
1745371.5094,5915089.1445,867634,,512903,0,,0,2,,North,2023/2024,SEYMOUR ROAD,ROSANDICH DRIVE,,Non-Injury Crash,No,2024,,North,,0,,Flat,,,,,,Overcast,278105,0,0,0,2,,,0,,,,,,Auckland Region,Nil,2-way,Sealed,,0,0,,50,,None,0,0,,76,Auckland,Nil,,,,,0,0,Urban,0,,,Fine,Null
1768026.6587,5914103.1625,867636,,522820,0,,0,1,,Null,2023/2024,GLENMORE ROAD,MEADWAY,,Non-Injury Crash,No,2023,,South,,0,,Flat,,,,,,Bright sun,691600,0,0,0,2,,,0,,,,,,Auckland Region,Nil,2-way,Sealed,,0,0,,50,,Off,0,0,,76,Auckland,Give way,,,,,0,0,Urban,1,,,Fine,Null
1745695.4787,5920601.749,867639,,513301,0,0,0,0,0,North,2023/2024,LINCOLN ROAD ON RAMP,NORTH-WESTERN MOTORWAY,,Non-Injury Crash,No,2023,0,East,0,0,0,Flat,1,,0,,0,Bright sun,230200,0,0,0,3,0,0,0,0,0,,0,0,Auckland Region,Nil,1-way,Sealed,0,0,0,0,100,0,Off,0,0,,76,Auckland,Nil,0,0,0,0,1,0,Open,0,0,0,Fine,Null
1767265.3586,5906464.3707,867640,,522302,0,,0,1,,North,2023/2024,SOUTHERN MOTORWAY,REAGAN OBR,,Non-Injury Crash,Yes,2024,,North,,0,,Flat,,,,,,Dark,670200,0,0,0,3,,,0,,,,,,Auckland Region,Nil,1-way,Sealed,,0,0,,100,,On,0,0,,76,Auckland,Nil,,,,,0,1,Open,0,,,Fine,Null
1758369.5519,5916272.3191,867644,,519200,0,0,0,2,0,South,2023/2024,GRIFFIN AVENUE,RANFURLY ROAD,,Non-Injury Crash,No,2023,0,North,0,0,0,Flat,0,,0,,0,Dark,615101,0,0,0,2,0,0,0,0,1,,0,0,Auckland Region,Nil,2-way,Sealed,0,0,0,0,50,0,On,0,0,,76,Auckland,Nil,0,0,0,0,0,0,Urban,0,0,0,Fine,Null
1744086.2183,5922575.9954,867648,,513512,0,,1,1,,Null,2023/2024,ROYAL ROAD,WESTGATE DRIVE,,Non-Injury Crash,No,2023,,East,,0,,Flat,,,,,,Dark,225501,0,0,0,3,,,0,,,,,,Auckland Region,Nil,2-way,Sealed,,0,0,,50,,On,0,0,,76,Auckland,Traffic Signals,,,,,0,0,Urban,0,,,Fine,Null
1751610.8393,5914202.7618,867653,,514402,0,,0,2,,Null,2024/2025,TIVERTON ROAD,BLOCKHOUSE BAY ROAD,,Non-Injury Crash,No,2025,,West,,0,,Null,,,,,,Bright sun,378301,0,0,0,4,,,0,,,,,,Auckland Region,Nil,2-way,Sealed,,0,0,,50,,Null,0,0,,76,Auckland,Traffic Signals,,,,,0,0,Urban,0,,,Fine,Null
1755806.458,5917963.3285,867656,,517500,0,0,0,0,0,South,2022/2023,STORMONT PLACE,NEW NORTH ROAD,,Non-Injury Crash,No,2023,0,South,0,0,0,Flat,0,,0,,0,Bright sun,530900,0,0,0,2,0,0,0,0,1,,0,0,Auckland Region,Nil,2-way,Sealed,0,0,0,0,50,0,Off,0,0,,76,Auckland,Nil,0,0,0,0,0,0,Urban,2,0,0,Fine,None
1743207.9252,5922673.8773,867661,,513511,0,0,0,2,1,Null,2024/2025,DON BUCK ROAD,ROYAL ROAD,,Non-Injury Crash,No,2025,0,South,0,0,0,Flat,0,Queens Birthday,0,,0,Dark,224305,0,0,0,2,0,0,0,0,0,,0,0,Auckland Region,Nil,2-way,Sealed,0,0,0,0,50,0,On,0,0,,76,Auckland,Give way,1,0,0,0,0,0,Urban,0,0,0,Fine,Null
1766488.0834,5905142.4784,867662,,524603,0,0,0,1,0,Null,2023/2024,LAMBIE DRIVE,IHAKA PLACE,,Fatal Crash,No,2024,0,North,0,1,0,Flat,0,,0,,0,Dark,780202,0,0,0,2,0,0,0,0,0,,0,0,Auckland Region,Nil,1-way,Sealed,0,0,1,0,50,0,On,0,0,,76,Auckland,Give way,0,0,0,1,0,0,Urban,0,0,0,Fine,Null
1755009.7384,5944248.0935,867663,,505909,0,0,0,2,0,North,2022/2023,WOODRIDGE DRIVE,RUTH CRAIG PLACE,,Non-Injury Crash,No,2023,0,North,0,0,0,Hill Road,0,,0,,0,Dark,173909,0,0,0,2,0,0,0,0,1,,0,0,Auckland Region,Nil,2-way,Sealed,0,0,0,0,50,0,On,0,0,,76,Auckland,Nil,0,0,0,0,0,0,Urban,0,0,0,Fine,Null
1762887.4276,5905807.1043,867665,,524302,0,0,0,1,0,Null,2024/2025,SKIPTON STREET,APPLEBY PLACE,,Non-Injury Crash,No,2025,0,West,0,0,0,Flat,0,,0,,0,Bright sun,746200,0,0,0,2,0,0,0,0,1,,0,0,Auckland Region,Nil,2-way,Sealed,0,0,0,0,50,0,Off,1,0,,76,Auckland,Nil,0,0,0,0,0,0,Urban,0,0,0,Fine,Null
1755973.6775,5918992.9974,867669,,515500,1,0,0,1,0,South,2025/2026,GREAT NORTH ROAD,MACKELVIE STREET,,Non-Injury Crash,No,2025,0,South,0,0,0,Flat,0,,0,,0,Overcast,417800,0,0,0,2,0,0,0,0,1,,0,0,Auckland Region,Nil,2-way,Sealed,0,0,0,0,50,0,Off,0,0,30,76,Auckland,Nil,0,0,0,0,0,0,Urban,0,0,0,Fine,Null
1770294.911,5904626.8404,867672,,523712,0,0,0,1,0,West,2023/2024,REDOUBT ROAD,MURPHYS ROAD,,Minor Crash,No,2023,0,West,1,0,1,Flat,0,Christmas New Year,0,,0,Dark,716300,2,0,0,2,0,0,0,0,0,,0,0,Auckland Region,Nil,2-way,Sealed,0,0,0,0,60,0,On,0,0,,76,Auckland,Nil,0,0,0,0,0,0,Urban,0,0,0,Fine,Null
1752494.4704,5926220.2074,867676,,510220,0,0,0,2,0,North,2023/2024,VERBENA ROAD,CASTLETON STREET,,Minor Crash,No,2024,0,North,0,0,0,Hill Road,0,Queens Birthday,0,,0,Overcast,350203,1,0,0,2,0,0,0,0,1,,0,0,Auckland Region,Nil,2-way,Sealed,0,0,0,0,50,0,Off,0,0,,76,Auckland,Nil,0,0,0,0,0,0,Urban,0,0,0,Fine,Null
1754974.9999,5931435.9525,867687,,508520,0,0,0,2,0,West,2022/2023,SUNSET ROAD,JUNIPER ROAD,,Non-Injury Crash,No,2023,0,East,0,0,0,Hill Road,0,,0,,0,Bright sun,191901,0,0,0,2,0,0,0,0,1,,0,0,Auckland Region,Nil,2-way,Sealed,0,0,0,0,50,0,Off,0,0,,76,Auckland,Nil,0,0,0,0,0,0,Urban,0,0,0,Fine,Null
1768213.9234,5903162.9894,867688,,524602,0,0,0,2,0,Null,2023/2024,MAHALO AVENUE,LAURELIA PLACE,,Non-Injury Crash,No,2023,0,North,0,0,0,Flat,0,,0,,0,Overcast,780506,0,0,0,2,0,0,0,0,1,,0,0,Auckland Region,Nil,2-way,Sealed,0,0,0,0,50,0,Off,0,0,,76,Auckland,Nil,0,0,0,0,0,0,Urban,0,0,0,Fine,None
1743653.5429,5917304.426,867695,,513220,0,,0,1,,East,2022/2023,BASRA DRIVE,SUMMERLAND DRIVE,,Serious Crash,No,2023,,North,,0,,Flat,,,,,,Dark,236801,0,0,0,2,,,0,,,1,,,Auckland Region,Nil,2-way,Sealed,,0,1,,50,,On,0,0,,76,Auckland,Nil,,,,,0,0,Urban,0,,,Light rain,Null
1752564.9531,5933553.3391,867696,,508701,0,,0,1,,South,2024/2025,MERCARI WAY,DON MCKINNON DRIVE,,Non-Injury Crash,No,2024,,North,,0,,Null,,,,,,Overcast,178900,0,0,0,2,,,0,,,,,,Auckland Region,Nil,1-way,Sealed,,0,0,,50,,Null,1,0,,76,Auckland,Nil,,,,,0,0,Urban,0,,,Light rain,Null
1769335.2978,5907475.1024,867704,,523713,0,,0,1,,Null,2022/2023,TE IRIRANGI DRIVE,ORMISTON ROAD,,Non-Injury Crash,No,2023,,South,,0,,Flat,,,,,,Dark,712302,0,0,0,2,,,0,,,,,,Auckland Region,Nil,1-way,Sealed,,0,0,,60,,On,0,0,,76,Auckland,Traffic Signals,,,,,0,0,Urban,1,,,Fine,Null
1751813.5278,5916407.0263,867706,,517901,0,,0,2,,North,2023/2024,SH 20,NEW NORTH ROAD,,Non-Injury Crash,Yes,2024,,South,,0,,Flat,,,,,,Bright sun,523000,0,0,0,3,,,0,,,,,,Auckland Region,Tunnel,1-way,Sealed,,0,0,,80,,On,0,0,,76,Auckland,Nil,,,,,0,0,Open,0,,,Fine,Null
1768444.4272,5899395.7831,867712,,525102,0,,0,1,,Null,2024/2025,MAHIA ROAD,HOBART CRESCENT,,Non-Injury Crash,No,2024,,West,,0,,Hill Road,,,,,,Bright sun,769600,0,0,0,2,,,0,,,,,,Auckland Region,Nil,2-way,Sealed,,0,0,,50,,Off,0,0,,76,Auckland,Give way,,,,,0,0,Urban,1,,,Fine,Null
1743887.5482,5922733.9091,867720,,513511,0,0,0,0,0,Null,2024/2025,LAWSON CREEK STREET,MERV CLARKE LANE,,Non-Injury Crash,No,2024,0,South,0,0,0,Hill Road,0,,0,,0,Dark,224303,0,0,0,2,0,0,0,0,0,,0,0,Auckland Region,Nil,2-way,Sealed,0,0,0,0,50,0,On,1,0,,76,Auckland,Give way,0,0,0,0,0,0,Urban,0,0,0,Fine,Null
1756024.6887,5979361.7594,867725,,506661,0,0,0,1,0,West,2023/2024,LEIGH ROAD,SCHOLLUM ROAD,,Serious Crash,No,2023,0,West,0,0,1,Hill Road,0,Christmas New Year,0,,0,Overcast,137502,1,0,0,2,0,0,0,0,0,,0,1,Auckland Region,Nil,2-way,Sealed,0,0,1,0,80,0,None,1,0,,76,Auckland,Nil,0,0,0,0,0,0,Open,0,0,0,Fine,Null
1733085.8517,5929488.0457,867726,,505601,0,0,0,2,0,North,2023/2024,MURIWAI ROAD,ROSELLA GROVE,,Non-Injury Crash,No,2023,0,South,0,0,0,Flat,0,,0,,0,Bright sun,216103,0,0,0,2,0,0,0,0,1,,0,0,Auckland Region,Speed hump,2-way,Sealed,0,0,0,0,40,0,Off,0,0,,76,Auckland,Nil,0,0,0,0,0,0,Urban,1,0,0,Fine,Null
1759667.022,5924951.8853,867728,,508110,0,,0,1,,North,2025/2026,LAKE ROAD,BAYSWATER AVENUE,,Non-Injury Crash,No,2025,,North,,0,,Null,,,,,,Bright sun,318500,0,0,0,3,,,0,,,,,,Auckland Region,Nil,2-way,Sealed,,0,0,,50,,Null,0,0,,76,Auckland,Nil,,,,,0,1,Urban,0,,,Fine,Null
1765511.6941,5911804.0876,867730,,520500,0,0,0,1,0,East,2022/2023,JOLSON ROAD,BERNARD STREET,,Minor Crash,No,2023,0,Null,0,0,0,Flat,0,,0,,0,Dark,634600,1,0,1,2,0,0,0,0,0,,1,0,Auckland Region,Nil,2-way,Unsealed,0,0,0,0,50,0,On,0,0,,76,Auckland,Nil,0,0,0,0,0,0,Urban,0,0,0,Fine,Null
1749858.0269,5954399.5573,867731,,506614,0,,0,1,,West,2023/2024,WERANUI ROAD,WAIWERA VIADUCT MID,,Non-Injury Crash,No,2024,,South,,0,,Flat,,,,,,Overcast,176905,0,0,0,2,,,0,,,,,,Auckland Region,Nil,2-way,Unsealed,,0,0,,100,,None,0,0,,76,Auckland,Nil,,,,,0,0,Open,0,,,Fine,Null
1756812.2421,5919457.686,867732,,514200,0,0,0,1,0,Null,2025/2026,MERCURY LANE,KARANGAHAPE ROAD,,Non-Injury Crash,No,2026,0,South,0,0,0,Flat,1,,0,,0,Dark,412100,0,0,0,1,0,0,0,0,0,,0,0,Auckland Region,Nil,1-way,Sealed,0,0,0,0,30,0,On,0,0,,76,Auckland,Traffic Signals,0,0,0,0,0,0,Urban,0,0,0,Fine,Null
1749261.1366,5914402.5553,867733,,511301,0,0,0,2,0,West,2024/2025,MIRO STREET,NIKAU STREET,,Minor Crash,No,2024,0,East,0,0,0,Flat,0,,0,,0,Bright sun,268300,1,0,0,2,0,0,0,0,1,,0,0,Auckland Region,Nil,2-way,Sealed,0,0,0,0,50,0,Off,0,0,,76,Auckland,Nil,0,0,0,0,0,0,Urban,0,0,0,Fine,Null
1753938.2596,5933514.1111,867734,,508804,0,,0,1,,South,2023/2024,HUGH GREEN DRIVE,GREVILLE ROAD,,Minor Crash,No,2024,,East,,0,,Hill Road,,,,,,Bright sun,180701,1,0,0,2,,,0,,,1,,,Auckland Region,Nil,2-way,Sealed,,0,0,,50,,Off,0,0,,76,Auckland,Nil,,,,,0,0,Urban,0,,,Fine,Null
1760930.1572,5906812.8765,867736,,524112,0,0,0,0,0,Null,2025/2026,CHINGFORD CLOSE,ASHGROVE ROAD,,Non-Injury Crash,No,2025,0,South,0,0,1,Flat,0,,0,,0,Dark,742201,0,0,0,2,0,0,0,0,0,,0,0,Auckland Region,Nil,2-way,Sealed,0,0,0,0,50,0,On,0,0,,76,Auckland,Give way,0,0,0,0,0,0,Urban,1,0,0,Fine,Null
1763328.3846,5909550.186,867737,,521901,0,,0,0,,Null,2023/2024,SALEYARDS ROAD,STATION ROAD,,Non-Injury Crash,No,2024,,South,,0,,Flat,,,,,,Dark,782700,0,0,0,2,,,0,,,,,,Auckland Region,Nil,2-way,Sealed,,0,0,,50,,On,1,0,,76,Auckland,Traffic Signals,,,,,0,0,Urban,1,,,Fine,Null
1754781.5863,5917555.3598,867740,,517500,0,,0,1,,East,2025/2026,MCDONALD STREET,MORNINGSIDE DRIVE,,Serious Crash,No,2025,,West,,0,,Flat,,,,,,Overcast,532101,0,0,1,2,,,0,,,,,,Auckland Region,Nil,2-way,Sealed,,0,1,,50,,Off,0,0,,76,Auckland,Nil,,,,,0,0,Urban,0,,,Light rain,Null
1755026.4443,5919792.5244,867743,,515302,0,0,0,2,0,South,2023/2024,RICHMOND ROAD,LINCOLN STREET,,Non-Injury Crash,No,2023,0,South,0,0,0,Flat,0,Labour Weekend,0,,0,Bright sun,431400,0,0,0,2,0,0,0,0,1,,0,0,Auckland Region,Nil,2-way,Null,0,0,0,0,50,0,Null,0,0,,76,Auckland,Nil,0,0,0,0,0,0,Urban,0,0,0,Null,Null
1769030.0355,5905119.7764,867745,,523722,0,0,0,1,0,Null,2023/2024,MATAURA PLACE,ASPIRING AVENUE,,Non-Injury Crash,No,2024,0,North,0,0,1,Flat,0,Easter,0,,0,Dark,716015,0,0,0,2,0,0,0,0,1,,0,1,Auckland Region,Nil,2-way,Sealed,0,0,0,0,50,0,On,1,0,,76,Auckland,Give way,0,0,0,0,0,0,Urban,0,0,0,Fine,Null
1763893.1813,5906522.8849,867748,,524303,0,0,0,1,0,North,2023/2024,STATION ROAD,ASHLYNNE AVENUE,,Non-Injury Crash,No,2024,0,North,0,0,0,Flat,0,,0,,0,Dark,657300,0,0,0,2,0,0,0,0,0,,0,1,Auckland Region,Nil,2-way,Sealed,0,0,0,0,50,0,On,0,0,,76,Auckland,Nil,0,0,0,0,0,0,Urban,0,0,0,Fine,Null
1757921.1178,5926903.8016,867749,,508010,0,,0,2,,Null,2023/2024,BURNS AVENUE,AUBURN STREET,,Non-Injury Crash,No,2024,,North,,0,,Flat,,,,,,Overcast,324901,0,0,0,1,,,0,,,,,,Auckland Region,Nil,1-way,Sealed,,0,0,,50,,Off,0,0,,76,Auckland,Give way,,,,,0,0,Urban,0,,,Fine,Null
1758204.0304,5918073.486,867751,,517400,0,,0,1,,Null,2024/2025,MORROW STREET,GILLIES AVENUE,,Non-Injury Crash,No,2024,,West,,0,,Null,,,,,,Overcast,451300,0,0,0,2,,,0,,,,,,Auckland Region,Nil,1-way,Sealed,,0,0,,50,,Null,0,0,,76,Auckland,Traffic Signals,,,,,0,0,Urban,1,,,Fine,Null
1765638.9645,5914252.5571,867756,,520602,0,0,0,2,0,East,2023/2024,ALLENBY ROAD,QUEENS ROAD,,Non-Injury Crash,No,2024,0,North,0,0,0,Flat,0,,0,,0,Bright sun,629500,0,0,0,2,0,0,0,0,1,,0,0,Auckland Region,Nil,2-way,Sealed,0,0,0,0,50,0,On,0,0,,76,Auckland,Nil,0,0,0,0,0,0,Urban,0,0,0,Fine,None
1763040.4641,5912020.6609,867763,,519500,0,,0,0,,South,2024/2025,GREAT SOUTH ROAD,SOUTHDOWN LANE,,Non-Injury Crash,No,2024,,South,,0,,Flat,,,,,,Dark,622800,0,0,0,4,,,0,,,,,,Auckland Region,Nil,2-way,Sealed,,0,0,,50,,On,0,0,,76,Auckland,Nil,,,,,1,0,Urban,1,,,Light rain,Null
1755225.8448,5876007.804,867764,,526104,0,,0,0,,West,2025/2026,KITCHENER ROAD,COLOMBO ROAD,,Minor Crash,No,2025,,North,,0,,Flat,,,,,,Bright sun,835601,1,0,0,2,,,0,,,1,,,Auckland Region,Nil,2-way,Sealed,,0,0,,50,,None,0,0,,76,Auckland,Nil,,,,,0,0,Urban,0,,,Fine,Null
1741826.0715,5917538.7208,867765,,513102,0,0,0,1,0,South,2023/2024,CANDIA ROAD,COULTER ROAD,,Non-Injury Crash,No,2023,0,North,0,0,0,Hill Road,0,,0,,0,Overcast,238600,0,0,0,2,0,0,0,0,0,,0,0,Auckland Region,Nil,2-way,Sealed,0,0,0,0,60,0,Off,0,0,,76,Auckland,Nil,0,0,0,1,0,0,Urban,0,0,0,Fine,Null
1755662.3468,5935124.7768,867768,,507101,0,,0,3,,Null,2024/2025,BEACH ROAD,ANZAC ROAD,,Non-Injury Crash,No,2025,,North,,0,,Flat,,,,,,Bright sun,161600,0,0,0,3,,,0,,,,,,Auckland Region,Nil,2-way,Sealed,,0,0,,50,,Off,0,0,,76,Auckland,Traffic Signals,,,,,0,0,Urban,0,,,Fine,Null
1766902.2435,5903815.4593,867769,,524604,0,,0,1,,Null,2023/2024,LAMBIE DRIVE,LAMBIE DRIVE OFF RAMP,,Non-Injury Crash,No,2023,,South,,0,,Flat,,,,,,Overcast,780210,0,0,0,2,,,0,,,,,,Auckland Region,Motorway ramp,1-way,Sealed,,0,0,,60,,Off,0,0,30,76,Auckland,Traffic Signals,,,,,0,0,Urban,1,,,Fine,Null
1756543.7504,5912556.5309,867773,,518702,0,,0,1,,Null,2023/2024,HILLSBOROUGH ROAD,CARLTON STREET,,Minor Crash,No,2023,,South,,0,,Hill Road,,,,,,Overcast,570600,1,0,0,2,,,0,,,,,,Auckland Region,Nil,2-way,Sealed,,0,0,,50,,Off,0,0,,76,Auckland,Stop,,,,,0,0,Urban,1,,,Fine,Null
1760908.0468,5915316.4054,867774,,520201,0,0,0,0,0,Null,2022/2023,TECOMA STREET,TECOMA STREET ON RAMP,,Non-Injury Crash,No,2023,0,South,0,0,0,Flat,1,,0,,0,Overcast,613500,0,0,0,1,0,0,0,0,0,,0,0,Auckland Region,Motorway ramp,1-way,Sealed,0,0,0,0,50,0,Off,0,0,,76,Auckland,Give way,0,0,0,0,1,0,Urban,0,0,0,Fine,Null
1767848.2369,5900953.7011,867776,,524720,0,,0,1,,Null,2025/2026,JUTLAND ROAD,RUSSELL ROAD,,Non-Injury Crash,No,2026,,East,,0,,Flat,,Christmas New Year,,,,Dark,778500,0,0,0,2,,,0,,,,,,Auckland Region,Nil,2-way,Sealed,,0,0,,50,,On,0,0,,76,Auckland,Stop,,,,,0,0,Urban,0,,,Fine,Null
1770537.938,5912702.1138,867778,,523106,0,,0,2,,Null,2022/2023,BOTANY ROAD,CASCADES ROAD,,Non-Injury Crash,No,2023,,North,,0,,Flat,,Christmas New Year,,,,Dark,711141,0,0,0,4,,,0,,,,,,Auckland Region,Nil,2-way,Sealed,,0,0,,60,,On,0,0,,76,Auckland,Traffic Signals,,,,,0,0,Urban,0,,,Fine,Null
1756526.7492,5924660.7737,867779,,509702,0,,0,1,,South,2023/2024,NORTHERN MOTORWAY,ONEWA ROAD OFF RAMP,,Non-Injury Crash,Yes,2024,,South,,0,,Flat,,,,,,Dark,366700,0,0,0,3,,,0,,,,,,Auckland Region,Nil,1-way,Sealed,,0,0,,100,,On,1,0,,76,Auckland,Nil,,,,,0,0,Open,0,,,Fine,Null
1744226.1567,5923289.4372,867780,,513521,0,,0,2,,South,2025/2026,NORTH-WESTERN MOTORWAY,HOBSONVILLE ROAD ON RAMP,,Non-Injury Crash,Yes,2025,,South,,0,,Flat,,,,,,Overcast,224232,0,0,0,2,,,0,,,,,,Auckland Region,Nil,1-way,Sealed,,0,0,,100,,Off,0,1,,76,Auckland,Nil,,,,,0,0,Open,0,,,Fine,Null
1770893.0262,5895063.9247,867781,,521201,0,,0,2,,South,2024/2025,HINGAIA ROAD,PARAREKAU ROAD,,Non-Injury Crash,No,2024,,North,,0,,Null,,,,,,Unknown,806700,0,0,0,4,,,0,,,,,,Auckland Region,Nil,2-way,Null,,0,0,,50,,Null,0,0,,76,Auckland,Nil,,,,,0,0,Urban,0,,,Null,Null
1766486.0387,5907852.6395,867783,,523501,0,,1,0,,North,2024/2025,OTARA ROAD,ASHTON AVENUE,,Minor Crash,No,2024,,South,,0,,Flat,,,,,,Bright sun,700700,1,0,0,2,,,0,,,1,,,Auckland Region,Nil,2-way,Sealed,,0,0,,50,,Off,0,0,,76,Auckland,Nil,,,,,0,0,Urban,0,,,Fine,Null
1756332.4984,5920401.9571,867787,,514102,0,0,0,1,0,South,2023/2024,COOK STREET OFF RAMP,VICTORIA PARK VDT S,,Non-Injury Crash,No,2024,0,South,0,0,0,Flat,1,Easter,0,,0,Dark,432700,0,0,0,1,0,0,0,0,0,,0,0,Auckland Region,Motorway ramp,1-way,Sealed,0,0,0,0,80,0,On,0,0,,76,Auckland,Nil,0,0,0,0,0,0,Open,0,0,0,Fine,Null
1755039.3803,5927875.365,867793,,508620,0,,0,3,,Null,2024/2025,ARCHERS ROAD,CHIVALRY ROAD,,Minor Crash,No,2024,,North,,0,,Hill Road,,,,,,Bright sun,202600,1,0,0,2,,,0,,,,,,Auckland Region,Nil,2-way,Sealed,,0,0,,50,,Off,0,0,,76,Auckland,Traffic Signals,,,,,0,0,Urban,0,,,Fine,Null
1744129.7571,5926861.8869,867795,,513410,1,,0,0,,East,2023/2024,BRIGHAM CREEK ROAD,NILS ANDERSEN ROAD,,Minor Crash,No,2023,,East,,0,,Flat,,,,,,Overcast,221600,1,0,0,2,,,0,,,,,,Auckland Region,Nil,2-way,Sealed,,0,0,,50,,Off,0,0,,76,Auckland,Nil,,,,,0,0,Urban,1,,,Fine,Null
1765267.8187,5904778.5614,867805,,522400,0,,0,1,,East,2023/2024,PUHINUI ROAD,CAMBRIDGE TERRACE,,Non-Injury Crash,No,2024,,West,,0,,Flat,,,,,,Dark,673302,0,0,0,2,,,1,,,,,,Auckland Region,Nil,2-way,Sealed,,0,0,,50,,None,0,0,,76,Auckland,Nil,,,,,0,0,Urban,0,,,Fine,None
1755505.3204,5934291.2252,867808,,507200,0,,0,1,,Null,2025/2026,BROWNS BAY ROAD,BEACH ROAD,,Non-Injury Crash,No,2025,,South,,0,,Null,,,,,,Bright sun,156304,0,0,0,2,,,0,,,,,,Auckland Region,Nil,2-way,Sealed,,0,0,,50,,Null,1,0,,76,Auckland,Give way,,,,,0,0,Urban,0,,,Fine,Null
1759952.4418,5915693.2647,867815,,519400,0,,0,0,,South,2024/2025,GREAT SOUTH ROAD,GREEN LANE WEST,,Non-Injury Crash,No,2024,,North,,0,,Hill Road,,,,,,Bright sun,616900,0,0,0,5,,,0,,,,,,Auckland Region,Nil,2-way,Sealed,,0,0,,50,,Null,2,0,,76,Auckland,Nil,,,,,0,0,Urban,0,,,Fine,Null
1730934.3855,5954464.5814,867816,65,506613,0,,0,0,,North,2025/2026,KAIPARA COAST HIGHWAY,MAKARAU ROAD,,Fatal Crash,Yes,2026,,North,,1,,Hill Road,,Christmas New Year,,,,Dark,146300,0,0,0,2,,,0,,,1,,,Auckland Region,Nil,2-way,Sealed,,0,0,,100,,None,0,0,,76,Auckland,Nil,,,,,0,0,Open,1,,,Fine,Null
1756128.8784,5934041.0005,867817,,507300,0,,0,0,,Null,2024/2025,BEACH ROAD,MONTGOMERY AVENUE,,Minor Crash,No,2025,,East,,0,,Flat,,,,,,Bright sun,155100,1,0,1,2,,,0,,,,,,Auckland Region,Nil,2-way,Sealed,,0,0,,50,,Off,1,0,,76,Auckland,Give way,,,,,0,0,Urban,0,,,Fine,Null
1762311.9148,5913422.2595,867818,,520500,0,,0,2,,North,2022/2023,SOUTHERN MOTORWAY,SOUTH-EASTERN HWY ON RAMP,,Non-Injury Crash,Yes,2023,,North,,0,,Flat,,,,,,Bright sun,637100,0,0,0,3,,,0,,,,,,Auckland Region,Nil,1-way,Sealed,,0,0,,100,,Off,1,0,,76,Auckland,Nil,,,,,0,0,Open,0,,,Fine,Null
1751640.8009,5912774.6727,867826,,514700,0,0,0,1,0,Null,2022/2023,BLOCKHOUSE BAY ROAD,BOLTON STREET,,Non-Injury Crash,No,2023,0,South,0,0,0,Hill Road,0,,0,,0,Overcast,370300,0,0,0,2,0,0,0,0,1,,0,0,Auckland Region,Nil,2-way,Sealed,0,0,0,0,50,0,Off,0,0,,76,Auckland,Stop,0,0,0,0,0,1,Urban,0,0,0,Light rain,Strong wind
1756388.8724,5920196.0751,867832,,514000,0,,0,2,,North,2025/2026,NORTHERN MOTORWAY,WELLINGTON OBR,,Non-Injury Crash,Yes,2025,,North,,0,,Hill Road,,,,,,Dark,416800,0,0,0,3,,,0,,,,,,Auckland Region,Nil,1-way,Sealed,,0,0,,80,,Off,0,0,,76,Auckland,Nil,,,,,0,0,Open,0,,,Fine,Null
1754181.1431,5876396.8011,867834,,526104,0,,0,0,,East,2022/2023,KITCHENER ROAD,RON WYATT LANE,,Minor Crash,No,2023,,West,,0,,Flat,,,,,,Dark,834600,1,0,1,2,,,0,,,,,,Auckland Region,Nil,2-way,Sealed,,0,0,,50,,On,0,0,,76,Auckland,Nil,,,,,0,0,Urban,0,,,Light rain,Null
1755910.169,5913177.3343,867839,,518701,0,0,0,1,0,North,2023/2024,SOUTH-WESTERN MOTORWAY,HAYR OBR,,Non-Injury Crash,Yes,2023,0,South,0,0,0,Flat,1,Christmas New Year,0,,0,Overcast,573800,0,0,0,3,0,0,0,0,0,,0,0,Auckland Region,Nil,1-way,Sealed,0,0,0,0,100,0,Off,0,0,,76,Auckland,Nil,0,0,0,0,0,0,Open,0,0,0,Fine,Null
1720122.7384,5946745.1441,867840,,506642,0,0,0,1,0,North,2024/2025,SOUTH HEAD ROAD,SLATER ROAD,,Fatal Crash,No,2025,0,South,0,1,0,Flat,0,,0,,0,Dark,210301,0,0,0,2,0,0,0,1,0,,0,0,Auckland Region,Nil,2-way,Sealed,0,0,1,0,100,0,None,0,0,,76,Auckland,Nil,0,0,0,1,0,0,Open,0,0,0,Light rain,Null