X,Y,OBJECTID,advisorySpeed,areaUnitID,bicycle,bridge,bus,carStationWagon,cliffBank,crashDirectionDescription,crashFinancialYear,crashLocation1,crashLocation2,crashRoadSideRoad,crashSeverity,crashSHDescription,crashYear,debris,directionRoleDescription,ditch,fatalCount,fence,flatHill,guardRail,holiday,houseOrBuilding,intersection,kerb,light,meshblockId,minorInjuryCount,moped,motorcycle,NumberOfLanes,objectThrownOrDropped,otherObject,otherVehicleType,overBank,parkedVehicle,pedestrian,phoneBoxEtc,postOrPole,region,roadCharacter,roadLane,roadSurface,roadworks,schoolBus,seriousInjuryCount,slipOrFlood,speedLimit,strayAnimal,streetLight,suv,taxi,temporarySpeedLimit,tlaId,tlaName,trafficControl,trafficIsland,trafficSign,train,tree,truck,unknownVehicleType,urban,vanOrUtility,vehicle,waterRiver,weatherA,weatherB
1745453.9862,5920690.754,867844,,513301,0,0,1,1,0,Null,2024/2025,LINCOLN ROAD,LINCOLN ROAD ON RAMP,,Minor Crash,No,2025,0,North,0,0,0,Flat,0,,0,,1,Dark,231700,1,0,0,3,0,0,0,0,0,,0,0,Auckland Region,Overpass,1-way,Sealed,0,0,0,0,50,0,On,0,0,,76,Auckland,Traffic Signals,0,1,0,0,0,0,Urban,0,0,0,Fine,Null
1772362.1399,5895260.6632,867847,45,525530,0,0,0,1,1,East,2023/2024,BEACH ROAD,PANAHI LANE,,Non-Injury Crash,No,2023,0,East,0,0,0,Flat,0,,0,,0,Dark,804701,0,0,0,2,0,0,0,0,0,,0,0,Auckland Region,Nil,2-way,Sealed,0,0,0,0,50,0,On,0,0,,76,Auckland,Nil,0,0,0,0,0,1,Urban,0,1,0,Null,None
1767495.9976,5904598.321,867852,,524604,0,,0,2,,Null,2024/2025,LEYTON WAY,RONWOOD AVENUE,,Non-Injury Crash,No,2024,,North,,0,,Flat,,,,,,Overcast,780204,0,0,0,2,,,0,,,,,,Auckland Region,Nil,2-way,Sealed,,0,0,,50,,None,0,0,,76,Auckland,Traffic Signals,,,,,0,0,Urban,0,,,Fine,None
1762317.829,5913408.3327,867857,,520500,0,,0,1,,North,2023/2024,SOUTHERN MOTORWAY,SOUTH-EASTERN HWY ON RAMP,,Minor Crash,Yes,2024,,North,,0,,Flat,,,,,,Dark,637100,1,0,1,4,,,0,,,,,,Auckland Region,Motorway ramp,1-way,Sealed,,0,0,,100,,On,0,0,,76,Auckland,Nil,,,,,0,0,Open,0,,,Light rain,Null
1770508.2492,5899013.6497,867858,,523911,0,,0,0,,West,2022/2023,MANUROA ROAD,OAKLEIGH AVENUE,,Minor Crash,No,2023,,East,,0,,Flat,,,,,,Overcast,766901,1,0,1,2,,,0,,,,,,Auckland Region,Rail xing,2-way,Sealed,,0,0,,50,,Off,0,0,,76,Auckland,Nil,,,,,0,0,Urban,0,,,Fine,Null
1752443.6821,5916099.1637,867861,,517903,0,,0,3,,North,2023/2024,NEW NORTH ROAD,WOODWARD ROAD,,Non-Injury Crash,No,2024,,West,,0,,Flat,,,,,,Dark,520400,0,0,0,4,,,0,,,,,,Auckland Region,Nil,2-way,Sealed,,0,0,,50,,On,0,0,,76,Auckland,Nil,,,,,0,0,Urban,0,,,Fine,Null
1764017.0136,5915029.602,867862,,520303,0,,0,2,,Null,2022/2023,ELLERSLIE-PANMURE HIGHWAY,BARRACK ROAD,,Non-Injury Crash,No,2023,,West,,0,,Flat,,,,,,Overcast,626901,0,0,0,4,,,0,,,,,,Auckland Region,Nil,2-way,Sealed,,0,0,,50,,Off,0,0,,76,Auckland,Give way,,,,,0,0,Urban,0,,,Fine,Null
1751900.4,5913161.3736,867864,,514600,0,0,0,4,0,East,2025/2026,GENEVA PLACE,CLELAND CRESCENT,,Non-Injury Crash,No,2025,0,South,0,0,0,Flat,0,,0,,0,Dark,373001,0,0,0,2,0,0,0,0,3,,0,0,Auckland Region,Nil,2-way,Sealed,0,0,0,0,50,0,On,0,0,,76,Auckland,Nil,0,0,0,0,0,0,Urban,1,0,0,Fine,Null
1755346.6888,5921608.0196,867865,,515202,0,0,0,1,0,South,2024/2025,NORTHERN MOTORWAY,SHELLY BEACH OBR,,Minor Crash,Yes,2024,0,South,0,0,0,Hill Road,1,,0,,0,Dark,423600,1,0,0,4,0,0,0,0,0,,0,0,Auckland Region,Nil,1-way,Sealed,0,0,0,0,80,0,On,0,0,,76,Auckland,Nil,0,0,0,0,0,0,Open,0,0,0,Fine,Null
1759907.7594,5908767.9079,867869,,524403,0,,0,1,,Null,2024/2025,WALMSLEY ROAD,WATERVIEW ROAD,,Serious Crash,No,2024,,East,,0,,Flat,,,,,,Dark,729800,0,0,1,3,,,0,,,,,,Auckland Region,Motorway ramp,2-way,Sealed,,0,1,,50,,On,0,0,,76,Auckland,Give way,,,,,0,0,Urban,0,,,Fine,Null
1757980.424,5920504.5368,867876,,514103,0,,0,1,,South,2025/2026,EDEN CRESCENT,SHORT STREET,,Non-Injury Crash,No,2025,,South,,0,,Flat,,,,,,Dark,438411,0,0,0,2,,,0,,,,,,Auckland Region,Nil,2-way,Sealed,,0,0,,30,,On,1,0,,76,Auckland,Nil,,,,,0,0,Urban,0,,,Fine,Frost
1779144.1151,5914214.2725,867887,,523202,0,0,0,0,0,Null,2024/2025,WHITFORD MARAETAI ROAD,OKARORO DRIVE,,Minor Crash,No,2024,0,East,0,0,0,Flat,0,,0,,0,Overcast,762501,1,0,0,2,0,0,0,0,0,,0,1,Auckland Region,Nil,2-way,Sealed,0,0,0,0,80,0,None,1,0,,76,Auckland,Give way,0,0,0,0,0,0,Open,0,0,0,Light rain,Null
1755490.6316,5913262.3323,867891,,518803,0,,0,2,,West,2023/2024,SOUTH-WESTERN MOTORWAY,KEITH HAY PARK FTBR,,Non-Injury Crash,Yes,2024,,East,,0,,Flat,,,,,,Bright sun,582700,0,0,0,3,,,0,,,,,,Auckland Region,Nil,1-way,Sealed,,0,0,,100,,Off,0,0,,76,Auckland,Nil,,,,,0,0,Open,0,,,Fine,Null
1767369.3271,5901319.8971,867892,,524720,0,,0,3,,North,2024/2025,KENT ROAD,RUSSELL ROAD,,Non-Injury Crash,No,2025,,North,,0,,Flat,,,,,,Dark,778100,0,0,0,2,,,0,,,,,,Auckland Region,Nil,2-way,Sealed,,0,0,,50,,None,0,0,,76,Auckland,Nil,,,,,0,0,Urban,0,,,Fine,Null
1728376.1366,5941216.9143,867893,,506644,0,0,0,0,1,South,2024/2025,PARKHURST ROAD,WAIWERA AVENUE,,Minor Crash,No,2025,0,South,0,0,0,Flat,0,,0,,0,Overcast,211005,1,0,0,2,0,0,0,0,0,,0,0,Auckland Region,Nil,2-way,Sealed,0,0,0,0,50,0,None,0,0,,76,Auckland,Nil,0,1,0,0,0,0,Urban,1,0,0,Fine,Null
1766722.1647,5913119.3759,867895,,522910,0,,0,1,,West,2023/2024,AYLESBURY STREET,PENNELL PLACE,,Non-Injury Crash,No,2023,,North,,0,,Flat,,,,,,Bright sun,684000,0,0,0,2,,,0,,,1,,,Auckland Region,Nil,2-way,Sealed,,0,0,,20,,Off,0,0,,76,Auckland,Nil,,,,,0,0,Urban,0,,,Fine,Null
1757610.742,5912285.8162,867903,,519810,0,,1,1,,West,2023/2024,QUEENSTOWN ROAD ON RAMP,SOUTH-WESTERN MOTORWAY,,Non-Injury Crash,No,2023,,East,,0,,Flat,,,,,,Overcast,596700,0,0,0,2,,,0,,,,,,Auckland Region,Motorway ramp,1-way,Sealed,,1,0,,100,,None,0,0,,76,Auckland,Nil,,,,,0,0,Open,0,,,Light rain,Null
1756135.8338,5917362.1125,867905,,518201,0,0,0,0,0,Null,2023/2024,OFF ROAD - COUNTDOWN CAR PARK - VALLEY ROAD,,,Minor Crash,No,2024,0,West,0,0,0,Flat,0,,0,,0,Bright sun,547800,1,0,0,,0,0,0,0,0,1,1,0,Auckland Region,Nil,Off road,Sealed,0,0,0,0,,0,Off,1,0,,76,Auckland,Nil,0,0,0,0,0,0,Urban,0,0,0,Fine,Null
1764787.7874,5905773.6277,867908,,522201,0,0,0,1,0,Null,2024/2025,ST GEORGE STREET,TAVERN LANE,,Non-Injury Crash,No,2025,0,West,0,0,0,Flat,0,,0,,0,Bright sun,663100,0,0,0,2,0,0,0,0,0,,0,0,Auckland Region,Nil,2-way,Sealed,0,0,0,0,50,0,Null,0,0,,76,Auckland,Traffic Signals,1,0,0,0,0,0,Urban,0,0,0,Null,Null
1772759.1443,5896277.594,867912,,525410,0,0,0,1,0,Null,2024/2025,GREAT SOUTH ROAD,AVERILL STREET,,Non-Injury Crash,No,2024,0,South,0,0,0,Flat,0,,0,,0,Twilight,792000,0,0,0,2,0,0,0,0,0,,1,0,Auckland Region,Nil,2-way,Sealed,0,0,0,0,50,0,On,0,0,,76,Auckland,Give way,0,0,0,0,0,0,Urban,0,0,0,Fine,Null
1812275.5612,5994980.7778,867913,,521000,0,,0,1,,South,2023/2024,KAIARAARA BAY ROAD,PORT FITZORY,,Non-Injury Crash,No,2023,,Null,,0,,Hill Road,,Christmas New Year,,,,Overcast,438800,0,0,0,2,,,0,,,,,,Auckland Region,Nil,2-way,Sealed,,0,0,,100,,None,1,0,,76,Auckland,Nil,,,,,0,0,Open,0,,,Fine,Null
1750711.4934,5915627.062,867916,,514802,0,,0,2,,West,2024/2025,ROSEBANK ROAD,ASPEN STREET,,Non-Injury Crash,No,2025,,East,,0,,Flat,,,,,,Unknown,386600,0,0,0,2,,,0,,,,,,Auckland Region,Nil,2-way,Sealed,,0,0,,50,,Null,0,0,,76,Auckland,Nil,,,,,0,0,Urban,0,,,Fine,Null
1765035.9653,5906851.9235,867919,,522201,0,0,0,2,0,North,2023/2024,SHIRLEY ROAD,CAMBOURNE ROAD,,Non-Injury Crash,No,2023,0,South,0,0,0,Flat,0,,0,,0,Dark,661200,0,0,0,2,0,0,0,0,1,,0,0,Auckland Region,Nil,2-way,Sealed,0,0,0,0,50,0,On,0,0,,76,Auckland,Nil,0,0,0,0,0,0,Urban,0,0,0,Fine,None
1767683.098,5888438.0975,867923,,521122,0,,0,1,,North,2024/2025,KARAKA ROAD,TE RATA BOULEVARD,,Non-Injury Crash,Yes,2024,,West,,0,,Hill Road,,,,,,Dark,812800,0,0,0,2,,,0,,,,,,Auckland Region,Nil,2-way,Sealed,,0,0,,80,,On,0,0,,76,Auckland,Nil,,,,,0,0,Open,1,,,Light rain,Null
1757692.1917,5918278.7639,867925,,518101,0,0,0,2,0,South,2023/2024,SOUTHERN MOTORWAY,KHYBER PASS ROAD OFF RAMP,,Non-Injury Crash,Yes,2024,0,North,0,0,0,Flat,1,,0,,0,Dark,543000,0,0,0,4,0,0,0,0,0,,0,0,Auckland Region,Underpass,1-way,Sealed,0,0,0,0,80,0,On,0,0,,76,Auckland,Nil,0,0,0,0,1,0,Open,2,0,0,Light rain,Null
1765242.9123,5906215.9137,867928,,522202,0,0,0,1,0,East,2024/2025,WILMAY AVENUE,KOLMAR ROAD,,Non-Injury Crash,No,2024,0,West,0,0,0,Flat,0,,0,,0,Bright sun,663800,0,0,0,2,0,0,0,0,1,,0,0,Auckland Region,Nil,2-way,Sealed,0,0,0,0,50,0,Off,1,1,,76,Auckland,Nil,0,0,0,0,0,0,Urban,0,0,0,Fine,Null
1755942.4188,5917038.034,867939,,518201,0,,0,1,,South,2023/2024,DOMINION ROAD,BURNLEY TERRACE,,Serious Crash,No,2023,,North,,0,,Flat,,,,,,Dark,548200,0,0,0,2,,,0,,,1,,,Auckland Region,Nil,2-way,Sealed,,0,1,,50,,On,0,0,,76,Auckland,Nil,,,,,0,0,Urban,0,,,Light rain,Null
1745179.9003,5933816.9882,867948,,506653,0,,0,0,,North,2025/2026,COATESVILLE-RIVERHEAD HIGHWAY,TAYLORS BR,,Serious Crash,No,2025,,South,,0,,Flat,,,,,,Dark,217301,0,0,0,2,,,0,,,3,,,Auckland Region,Nil,2-way,Sealed,,0,2,,60,,None,1,0,,76,Auckland,Nil,,,,,0,0,Urban,0,,,Fine,Null
1751223.3298,5927283.6804,867953,,510010,0,0,0,1,0,South,2023/2024,LANCASTER ROAD,MELBA STREET,,Serious Crash,No,2024,0,South,0,0,0,Flat,0,,0,,0,Bright sun,341400,0,1,0,2,0,0,0,0,1,,0,0,Auckland Region,Nil,2-way,Sealed,0,0,1,0,50,0,Off,0,0,,76,Auckland,Nil,0,0,0,0,0,0,Urban,0,0,0,Fine,Null
1754340.2837,5935996.2857,867955,,507101,0,,0,1,,Null,2023/2024,CARLISLE ROAD,OTEHA VALLEY ROAD,,Non-Injury Crash,No,2023,,West,,0,,Null,,,,,,Unknown,160403,0,0,0,2,,,0,,,,,,Auckland Region,Nil,2-way,Sealed,,0,0,,,,Null,0,0,,76,Auckland,Traffic Signals,,,,,0,0,Urban,1,,,Null,Null
1767304.1291,5908564.1071,867956,,523501,0,,0,2,,North,2024/2025,FRANKLYNE ROAD,RALEIGH PLACE,,Non-Injury Crash,No,2024,,South,,0,,Flat,,,,,,Dark,704800,0,0,0,2,,,0,,,,,,Auckland Region,Nil,2-way,Sealed,,0,0,,50,,Null,0,0,,76,Auckland,Nil,,,,,0,0,Urban,0,,,Fine,Null
1753073.648,5928817.9409,867959,,508412,0,0,0,2,0,West,2024/2025,MANUKA ROAD,EASTON PARK PARADE,,Non-Injury Crash,No,2024,0,East,0,0,0,Hill Road,0,,0,,0,Overcast,186002,0,0,0,2,0,0,0,0,1,,0,0,Auckland Region,Nil,2-way,Sealed,0,0,0,0,50,0,Off,0,0,,76,Auckland,Nil,0,0,0,0,0,0,Urban,0,0,0,Fine,Null
1771209.0265,5896161.9902,867969,,525540,0,,0,0,,North,2023/2024,SOUTHERN MOTORWAY,PAPAKURA OFF RAMP,,Minor Crash,Yes,2024,,South,,0,,Flat,,,,,,Dark,806205,1,0,1,3,,,0,,,,,,Auckland Region,Nil,1-way,Sealed,,0,0,,100,,On,0,0,80,76,Auckland,Nil,,,,,0,0,Open,0,,,Fine,Null
1745184.5984,5917134.6432,867972,,510800,0,,0,2,,Null,2025/2026,HENDERSON VALLEY ROAD,ALBERT PRYOR AVENUE,,Non-Injury Crash,No,2025,,North,,0,,Flat,,,,,,Bright sun,241600,0,0,0,2,,,0,,,,,,Auckland Region,Nil,2-way,Sealed,,0,0,,50,,Off,0,0,,76,Auckland,Give way,,,,,0,0,Urban,0,,,Fine,Null
1760309.084,5919919.5835,867975,,516400,0,,0,0,,Null,2024/2025,OFF ROAD - PARK,,,Minor Crash,No,2024,,Null,,0,,Flat,,,,,,Bright sun,455000,1,0,0,,,,1,,,1,,,Auckland Region,Nil,Off road,Unsealed,,0,0,,,,Off,0,0,,76,Auckland,Nil,,,,,0,0,Urban,0,,,Fine,Null
1730117.9891,5938956.0856,867976,,506648,0,,0,1,,South,2024/2025,WISHART ROAD,HAND ROAD,,Non-Injury Crash,No,2024,,North,,0,,Hill Road,,,,,,Twilight,212106,0,0,0,2,,,0,,,,,,Auckland Region,Nil,2-way,Sealed,,0,0,,50,,Off,0,0,,76,Auckland,Nil,,,,,0,0,Urban,0,,,Fine,Null
1764466.7994,5912992.9188,867977,,520500,0,,0,0,,North,2023/2024,CARBINE ROAD,SOUTH-EASTERN HIGHWAY,,Non-Injury Crash,No,2024,,Null,,0,,Flat,,,,,,Bright sun,639100,0,0,0,4,,,0,,,,,,Auckland Region,Nil,2-way,Sealed,,0,0,,50,,Off,0,0,,76,Auckland,Nil,,,,,0,0,Urban,1,,,Fine,Null
1755073.6841,5945502.0184,867983,35,505907,0,0,0,1,0,North,2024/2025,VIPOND ROAD,JOYDON PLACE,,Minor Crash,No,2025,0,North,0,0,1,Hill Road,0,Easter,0,,0,Overcast,173404,1,0,0,2,0,0,0,0,0,,0,0,Auckland Region,Nil,2-way,Sealed,0,0,0,0,50,0,Off,0,0,,76,Auckland,Nil,0,0,0,0,0,0,Urban,0,0,0,Light rain,Null
1743846.6464,5922642.5041,867987,,513512,0,0,0,1,0,Null,2023/2024,ROYAL ROAD,LAWSON CREEK STREET,,Non-Injury Crash,No,2024,0,West,0,0,1,Flat,0,,0,,0,Bright sun,225304,0,0,0,2,0,0,0,0,1,,0,0,Auckland Region,Nil,2-way,Sealed,0,0,0,0,50,0,None,1,0,,76,Auckland,Give way,0,0,0,0,0,0,Urban,0,0,0,Fine,Null
1763305.2607,5915842.517,867996,,520302,0,,0,1,,South,2024/2025,LUNN AVENUE,ABBOTTS WAY,,Non-Injury Crash,No,2025,,North,,0,,Flat,,,,,,Overcast,625400,0,0,0,4,,,0,,,,,,Auckland Region,Nil,2-way,Sealed,,0,0,,50,,Off,1,0,,76,Auckland,Give way,,,,,0,0,Urban,0,,,Heavy rain,Null
1765036.7007,5910408.198,868004,,521803,0,,0,1,,North,2024/2025,SOUTHERN MOTORWAY,PRINCES OBR,,Non-Injury Crash,Yes,2024,,South,,0,,Flat,,,,,,Overcast,790000,0,0,1,3,,,0,,,,,,Auckland Region,Nil,1-way,Sealed,,0,0,,100,,Null,0,0,,76,Auckland,Nil,,,,,0,0,Open,0,,,Fine,Null
1762118.7255,5906215.9143,868005,,524200,0,0,0,0,0,South,2023/2024,SOUTH-WESTERN MOTORWAY,MASSEY ROAD OFF RAMP,,Non-Injury Crash,Yes,2023,0,North,0,0,0,Flat,1,,0,,0,Dark,728900,0,0,0,2,0,0,0,0,0,,0,0,Auckland Region,Nil,1-way,Sealed,0,0,0,0,100,0,On,1,0,,76,Auckland,Nil,0,0,0,0,1,0,Open,0,0,0,Fine,Null
1761502.7534,5914336.3458,868011,,520202,0,0,0,2,0,South,2023/2024,WILKINSON ROAD,GAVIN STREET,,Non-Injury Crash,No,2023,0,North,0,0,0,Flat,0,,0,,0,Dark,612700,0,0,0,2,0,0,0,0,0,,0,1,Auckland Region,Nil,2-way,Sealed,0,0,0,0,50,0,On,0,0,,76,Auckland,Nil,0,0,0,0,0,0,Urban,0,0,0,Fine,Null
1770337.9526,5898941.1887,868012,,523920,0,,0,1,,Null,2024/2025,GREAT SOUTH ROAD,BEAUMARIS WAY,,Non-Injury Crash,No,2025,,North,,0,,Flat,,,,,,Bright sun,768008,0,0,0,4,,,0,,,1,,,Auckland Region,Nil,2-way,Sealed,,0,0,,60,,Off,0,0,,76,Auckland,Traffic Signals,,,,,0,0,Urban,0,,,Fine,Null
1731330.0331,5954248.5616,868016,65,506646,0,0,0,2,0,North,2025/2026,KAIPARA COAST HIGHWAY,MAKARAU ROAD,,Non-Injury Crash,Yes,2025,0,South,0,0,0,Hill Road,0,,0,,0,Dark,212404,0,0,0,2,0,0,0,0,1,,0,0,Auckland Region,Bridge,2-way,Sealed,0,0,0,0,100,0,None,0,0,,76,Auckland,Nil,0,0,0,0,0,0,Open,0,0,0,Heavy rain,Null
1765274.3504,5900734.4293,868017,,524821,0,0,0,1,0,South,2023/2024,FINLAYSON AVENUE,NGATIRA PLACE,,Non-Injury Crash,No,2023,0,North,0,0,1,Flat,0,,1,,0,Twilight,774412,0,0,0,2,0,0,0,0,0,,0,0,Auckland Region,Nil,2-way,Sealed,0,0,0,0,50,0,Off,0,0,,76,Auckland,Nil,0,0,0,0,0,0,Urban,0,0,0,Fine,Null
1762659.7779,5915554.9932,868038,,520302,0,0,0,2,0,Null,2023/2024,BALLARAT STREET,MARUA ROAD,,Non-Injury Crash,No,2023,0,South,0,0,1,Flat,0,,1,,0,Overcast,625400,0,0,0,2,0,0,0,0,0,,0,0,Auckland Region,Nil,2-way,Sealed,0,0,0,0,50,0,On,0,0,,76,Auckland,Give way,0,0,0,0,0,0,Urban,0,0,0,Light rain,Null
1743712.557,5915205.4906,868040,,513012,0,0,0,1,0,Null,2023/2024,PINE AVENUE,HENDERSON VALLEY ROAD,,Non-Injury Crash,No,2024,0,North,0,0,1,Hill Road,0,,0,,1,Twilight,281101,0,0,0,2,0,0,0,0,0,,0,0,Auckland Region,Nil,2-way,Sealed,0,0,0,0,50,0,On,0,0,,76,Auckland,Give way,0,0,0,0,0,0,Urban,0,0,0,Fine,Null
1771914.9073,5894204.7879,868054,,521201,0,,0,1,,North,2023/2024,SOUTHERN MOTORWAY,PARK ESTATE OBR,,Non-Injury Crash,Yes,2024,,North,,0,,Flat,,,,,,Overcast,806800,0,0,0,2,,,0,,,,,,Auckland Region,Nil,1-way,Sealed,,0,0,,100,,Off,1,0,,76,Auckland,Nil,,,,,0,0,Open,0,,,Fine,Null
1751610.5727,5934074.0601,868057,,508701,0,0,0,1,0,Null,2022/2023,ALBANY HIGHWAY,DAIRY FLAT HIGHWAY,,Non-Injury Crash,No,2023,0,North,0,0,0,Flat,0,,0,,0,Overcast,178800,0,0,0,3,0,0,0,0,0,,0,1,Auckland Region,Nil,2-way,Sealed,0,0,0,0,50,0,Off,0,0,,76,Auckland,Traffic Signals,0,0,0,0,0,0,Urban,0,0,0,Fine,Null
1755865.5397,5926686.9716,868059,,508620,0,,0,0,,South,2024/2025,NORTHCOTE ROAD,AKORANGA DRIVE,,Serious Crash,No,2025,,West,,0,,Flat,,,,,,Dark,204702,0,0,0,4,,,0,,,1,,,Auckland Region,Nil,2-way,Sealed,,0,1,,50,,On,0,0,,76,Auckland,Nil,,,,,0,0,Urban,1,,,Fine,Null
1751984.3621,5918714.6241,868060,,515001,0,0,0,1,0,Null,2022/2023,WALKER ROAD,NEVILLE STREET,,Non-Injury Crash,No,2023,0,South,0,0,0,Flat,0,Queens Birthday,0,,1,Dark,392600,0,0,0,2,0,0,0,0,0,,0,0,Auckland Region,Nil,2-way,Sealed,0,0,0,0,50,0,On,0,0,,76,Auckland,Give way,0,0,0,0,0,0,Urban,0,0,0,Fine,Null
1761372.7926,5915347.0958,868066,,520201,0,,0,1,,Null,2024/2025,LADIES MILE,MORRIN STREET,,Minor Crash,No,2024,,North,,0,,Flat,,,,,,Bright sun,610000,1,0,1,2,,,0,,,,,,Auckland Region,Nil,2-way,Sealed,,0,0,,50,,Off,0,0,,76,Auckland,Give way,,,,,0,0,Urban,0,,,Fine,Null
1746418.1073,5915194.6162,868067,,511800,0,0,0,1,0,Null,2025/2026,SUNHILL ROAD,AWAROA ROAD,,Non-Injury Crash,No,2026,0,North,0,0,1,Hill Road,0,Christmas New Year,0,,0,Dark,277302,0,0,0,2,0,0,0,0,0,,0,1,Auckland Region,Nil,2-way,Sealed,0,0,0,0,50,0,On,0,0,,76,Auckland,Give way,0,0,0,1,0,0,Urban,0,0,0,Fine,Null
1765870.0382,5898769.7977,868072,,524812,0,,0,2,,Null,2023/2024,WAIMAHIA AVENUE,WEYMOUTH ROAD,,Minor Crash,No,2023,,East,,0,,Flat,,,,,,Bright sun,774303,1,0,0,2,,,0,,,2,,,Auckland Region,Nil,2-way,Sealed,,0,0,,50,,Off,0,0,,76,Auckland,Give way,,,,,0,0,Urban,0,,,Fine,Null
1744706.9297,5923451.9673,868073,,513521,0,,0,2,,West,2022/2023,OREIL AVENUE,SUMICH PLACE,,Minor Crash,No,2023,,East,,0,,Flat,,,,,,Bright sun,224238,2,0,0,2,,,0,,,,,,Auckland Region,Nil,2-way,Sealed,,0,0,,50,,Off,0,0,40,76,Auckland,Nil,,,,,0,0,Urban,0,,,Fine,Null
1749927.8208,5912204.3911,868083,,511402,0,0,0,2,0,North,2025/2026,GOLF ROAD,ASTLEY AVENUE,,Non-Injury Crash,No,2025,0,North,0,0,0,Flat,0,,0,,0,Bright sun,260400,0,0,0,2,0,0,0,0,1,,0,0,Auckland Region,Nil,2-way,Sealed,0,0,0,0,50,0,Null,0,0,,76,Auckland,Nil,0,0,0,0,0,0,Urban,0,0,0,Fine,Null
1765270.3829,5907016.4148,868087,,522201,0,0,0,2,0,North,2025/2026,SHIRLEY ROAD,DREADON AVENUE,,Non-Injury Crash,No,2025,0,South,0,0,1,Flat,0,,0,,0,Bright sun,661100,0,0,0,2,0,0,0,0,1,,1,0,Auckland Region,Nil,2-way,Sealed,0,0,0,0,50,0,Off,0,0,,76,Auckland,Nil,0,0,0,0,0,0,Urban,0,0,0,Fine,Null
1765673.0779,5906908.1529,868091,,522301,0,,0,2,,East,2025/2026,CHARLES STREET,GREAT SOUTH ROAD,,Non-Injury Crash,No,2025,,West,,0,,Flat,,,,,,Dark,666800,0,0,0,2,,,0,,,,,,Auckland Region,Nil,2-way,Sealed,,0,0,,50,,On,0,0,,76,Auckland,Nil,,,,,0,0,Urban,0,,,Fine,Null
1757189.1079,5912505.1514,868099,,518702,0,,0,2,,South,2024/2025,SOUTH-WESTERN MOTORWAY,HILLSBOROUGH ROAD ON RAMP,,Non-Injury Crash,Yes,2025,,South,,0,,Hill Road,,,,,,Dark,570300,0,0,0,3,,,0,,,,,,Auckland Region,Nil,1-way,Sealed,,0,0,,100,,On,0,0,,76,Auckland,Nil,,,,,0,0,Open,0,,,Light rain,Null
1763992.9869,5914050.2881,868100,,520303,0,,0,1,,South,2024/2025,MOUNT WELLINGTON HIGHWAY,TE HORETA ROAD,,Minor Crash,No,2024,,South,,0,,Hill Road,,,,,,Bright sun,627600,1,0,0,4,,,0,,,,,,Auckland Region,Nil,2-way,Sealed,,0,0,,50,,Off,1,0,,76,Auckland,Nil,,,,,0,0,Urban,0,,,Fine,Null
1755224.6526,5918275.8959,868102,,515500,0,,0,2,,West,2022/2023,NORTH-WESTERN MOTORWAY,BOND OBR,,Non-Injury Crash,Yes,2023,,East,,0,,Flat,,,,,,Overcast,418800,0,0,0,4,,,0,,,,,,Auckland Region,Motorway ramp,1-way,Sealed,,0,0,,80,,Off,0,0,50,76,Auckland,Nil,,,,,0,0,Open,0,,,Light rain,Null
1745664.0987,5924814.8922,868104,,513431,0,,0,1,,North,2024/2025,HOBSONVILLE ROAD,WESTPARK DRIVE,,Minor Crash,No,2024,,South,,0,,Flat,,,,,,Overcast,223802,4,0,0,2,,,0,,,,,,Auckland Region,Nil,2-way,Sealed,,0,0,,50,,Off,0,0,,76,Auckland,Nil,,,,,0,0,Urban,1,,,Fine,Null
1769871.6605,5900009.8596,868108,,524902,0,0,0,0,0,South,2024/2025,MANUREWA-TAKANINI ON RAMP,SOUTHERN MOTORWAY,,Minor Crash,No,2024,0,North,0,0,0,Flat,1,,0,,0,Overcast,759200,1,0,0,2,0,0,0,0,0,,0,0,Auckland Region,Motorway ramp,2-way,Sealed,0,0,0,0,60,0,None,0,0,,76,Auckland,Nil,0,0,0,0,0,0,Urban,1,0,0,Light rain,Null
1756160.9406,5920401.3998,868112,,514000,0,,0,0,,Null,2024/2025,FRANKLIN ROAD,SCOTLAND STREET,,Serious Crash,No,2024,,North,,0,,Hill Road,,,,,,Overcast,416600,0,0,0,2,,,0,,,1,,,Auckland Region,Speed hump,2-way,Sealed,,0,1,,30,,Off,0,0,,76,Auckland,Give way,,,,,1,0,Urban,0,,,Fine,Null
1771229.9951,5903509.2927,868115,,523819,0,,0,1,,South,2025/2026,MILL ROAD,REDOUBT ROAD,,Serious Crash,No,2025,,South,,0,,Hill Road,,,,,,Twilight,760812,2,0,0,2,,,0,,,,,,Auckland Region,Nil,2-way,Sealed,,0,1,,60,,None,0,0,,76,Auckland,Nil,,,,,1,0,Urban,0,,,Fine,Null
1756157.402,5930806.7795,868122,,508520,0,0,0,2,0,North,2023/2024,WILLIAM SOUTER STREET,MANUTARA AVENUE,,Non-Injury Crash,No,2023,0,South,0,0,0,Flat,0,,0,,0,Dark,190300,0,0,0,0,0,0,0,0,1,,0,0,Auckland Region,Nil,2-way,Sealed,0,0,0,0,50,0,On,0,0,,76,Auckland,Nil,0,0,0,0,0,0,Urban,0,0,0,Fine,Null