X,Y,OBJECTID,advisorySpeed,areaUnitID,bicycle,bridge,bus,carStationWagon,cliffBank,crashDirectionDescription,crashFinancialYear,crashLocation1,crashLocation2,crashRoadSideRoad,crashSeverity,crashSHDescription,crashYear,debris,directionRoleDescription,ditch,fatalCount,fence,flatHill,guardRail,holiday,houseOrBuilding,intersection,kerb,light,meshblockId,minorInjuryCount,moped,motorcycle,NumberOfLanes,objectThrownOrDropped,otherObject,otherVehicleType,overBank,parkedVehicle,pedestrian,phoneBoxEtc,postOrPole,region,roadCharacter,roadLane,roadSurface,roadworks,schoolBus,seriousInjuryCount,slipOrFlood,speedLimit,strayAnimal,streetLight,suv,taxi,temporarySpeedLimit,tlaId,tlaName,trafficControl,trafficIsland,trafficSign,train,tree,truck,unknownVehicleType,urban,vanOrUtility,vehicle,waterRiver,weatherA,weatherB
1746221.8449,5921573.6164,868126,,512300,0,0,0,0,0,South,2023/2024,MATIPO ROAD,TAIKATA ROAD,,Non-Injury Crash,No,2023,0,North,0,0,0,Flat,0,,0,,0,Twilight,249400,0,0,0,2,0,0,0,0,1,,0,0,Auckland Region,Nil,2-way,Sealed,0,0,0,0,50,0,None,2,0,,76,Auckland,Nil,0,0,0,0,0,0,Urban,0,0,0,Fine,Null
1764991.4523,5910385.356,868134,,521801,0,,0,1,,North,2023/2024,PRINCES ST-OTAHUHU ON RAMP,PRINCES STREET,,Non-Injury Crash,No,2024,,North,,0,,Null,,,,,,Unknown,787200,0,0,0,1,,,0,,,,,,Auckland Region,Nil,1-way,Null,,0,0,,50,,Null,0,0,,76,Auckland,Nil,,,,,0,0,Urban,0,,,Null,Null
1748539.0986,5918766.0787,868136,,514801,0,0,0,1,0,North,2023/2024,PATIKI ROAD OFF RAMP,PATIKI OBR,,Non-Injury Crash,No,2024,0,South,0,0,0,Flat,1,,0,,0,Dark,389200,0,0,0,1,0,0,0,0,0,,0,0,Auckland Region,Motorway ramp,1-way,Sealed,0,0,0,0,100,0,On,0,0,,76,Auckland,Nil,0,0,0,0,0,0,Open,0,0,0,Fine,Strong wind
1749656.5479,5928040.5334,868151,,509100,0,,0,1,,West,2024/2025,UPPER HARBOUR MOTORWAY,TAUHINU OBR,,Non-Injury Crash,Yes,2025,,North,,0,,Flat,,,,,,Overcast,181400,0,0,0,2,,,0,,,,,,Auckland Region,Nil,1-way,Sealed,,0,0,,100,,Null,0,0,,76,Auckland,Nil,,,,,0,1,Open,0,,,Heavy rain,Null
1774140.4764,5896572.1924,868154,,525610,0,,0,0,,Null,2024/2025,KELVIN ROAD,WILLIS ROAD,,Non-Injury Crash,No,2024,,South,,0,,Flat,,,,,,Dark,797500,0,0,0,2,,,0,,,,,,Auckland Region,Nil,2-way,Sealed,,0,0,,50,,On,1,0,,76,Auckland,Stop,,,,,1,0,Urban,0,,,Mist or Fog,Frost
1753395.1848,5933234.8057,868158,,508804,0,0,0,1,0,Null,2023/2024,GREVILLE ROAD,GREVILLE ROAD OFF RAMP,,Non-Injury Crash,No,2024,0,East,0,0,0,Flat,1,,0,,0,Bright sun,180605,0,0,0,2,0,0,0,0,0,,0,0,Auckland Region,Nil,1-way,Sealed,0,0,0,0,80,0,Off,0,0,,76,Auckland,Traffic Signals,0,0,0,0,1,0,Open,0,0,0,Fine,Null
1755913.1814,5916933.9673,868164,,518201,0,,0,2,,Null,2023/2024,DOMINION ROAD,GRANGE ROAD,,Non-Injury Crash,No,2024,,North,,0,,Flat,,,,,,Bright sun,549100,0,0,0,4,,,0,,,,,,Auckland Region,Nil,2-way,Sealed,,0,0,,50,,None,0,0,,76,Auckland,Traffic Signals,,,,,0,0,Urban,0,,,Fine,Frost
1765678.2571,5916165.1434,868170,,517100,0,,0,1,,Null,2024/2025,TRIPOLI ROAD,HINAKI STREET,,Serious Crash,No,2024,,East,,0,,Flat,,,,,,Overcast,479400,0,0,0,2,,,0,,,1,,,Auckland Region,Nil,2-way,Sealed,,0,1,,50,,Off,0,0,,76,Auckland,Give way,,,,,0,0,Urban,0,,,Fine,Null
1757683.9259,5912221.7618,868171,,519810,0,,0,2,,West,2025/2026,SOUTH-WESTERN MOTORWAY,BEACHCROFT FTBR,,Minor Crash,Yes,2025,,North,,0,,Flat,,,,,,Overcast,597200,1,0,0,3,,,0,,,,,,Auckland Region,Nil,1-way,Sealed,,0,0,,100,,Off,0,0,,76,Auckland,Nil,,,,,0,0,Open,0,,,Fine,Null
1761372.6134,5914224.3066,868177,,520202,0,0,0,0,0,Null,2022/2023,ELLERSLIE-PANMURE HIGHWAY,ELLERSLIE-PANMURE HWY OFF RAMP,,Non-Injury Crash,No,2023,0,North,0,0,0,Flat,0,,0,,0,Overcast,612300,0,0,0,4,0,0,0,0,0,,0,0,Auckland Region,Motorway ramp,1-way,Sealed,0,0,0,0,50,0,Off,0,0,,76,Auckland,Give way,1,0,0,0,0,0,Urban,1,0,0,Fine,Null
1753813.1056,5918245.5406,868179,,515003,0,,0,2,,Null,2025/2026,ST LUKES ROAD,ST LUKES ROAD ON RAMP,,Non-Injury Crash,No,2025,,North,,0,,Flat,,,,,,Dark,390502,0,0,0,6,,,0,,,,,,Auckland Region,Motorway ramp,2-way,Sealed,,0,0,,50,,On,0,0,,76,Auckland,Traffic Signals,,,,,0,0,Urban,0,,,Fine,Null
1754327.4298,5918333.4098,868191,,515432,0,,0,1,,East,2025/2026,NORTH-WESTERN MOTORWAY,ST LUKES ROAD OFF RAMP,,Minor Crash,Yes,2025,,West,,0,,Flat,,,,,,Bright sun,406202,1,0,1,4,,,0,,,,,,Auckland Region,Nil,1-way,Sealed,,0,0,,80,,Off,0,0,,76,Auckland,Nil,,,,,0,0,Open,0,,,Fine,Null
1757758.9603,5919700.3546,868193,,514301,0,,0,2,,Null,2022/2023,WELLESLEY STREET EAST,WELLESLEY STREET ON RAMP,,Minor Crash,No,2023,,South,,0,,Flat,,,,,,Dark,440400,1,0,0,5,,,0,,,,,,Auckland Region,Motorway ramp,2-way,Sealed,,0,0,,50,,On,0,0,,76,Auckland,Give way,,,,,0,0,Urban,0,,,Fine,Null
1757499.8683,5919360.2893,868194,,514301,0,,0,0,,Null,2023/2024,NORTH-WESTERN MOTORWAY,SH 16,,Non-Injury Crash,Yes,2024,,North,,0,,Hill Road,,,,,,Bright sun,440800,0,0,0,3,,,0,,,,,,Auckland Region,Nil,1-way,Sealed,,0,0,,80,,Off,0,0,,76,Auckland,Nil,,,,,0,0,Open,1,,,Fine,Null
1744495.8275,5922545.0096,868196,,513530,0,,0,2,,Null,2024/2025,ROYAL ROAD,ROYAL ROAD ON RAMP,,Minor Crash,No,2024,,West,,0,,Flat,,,,,,Overcast,225802,1,0,0,2,,,0,,,,,,Auckland Region,Nil,2-way,Sealed,,0,0,,50,,Null,0,0,,76,Auckland,Traffic Signals,,,,,0,0,Urban,0,,,Fine,Null
1769307.7579,5902365.7469,868200,,523814,0,0,0,1,0,South,2023/2024,SOUTHERN MOTORWAY,PUHINUI STM BR,,Non-Injury Crash,Yes,2024,0,South,0,0,0,Flat,1,,0,,0,Dark,760701,0,0,0,3,0,0,0,0,0,,0,0,Auckland Region,Nil,1-way,Sealed,0,0,0,0,100,0,On,0,0,,76,Auckland,Nil,0,0,0,0,0,0,Open,0,0,0,Fine,Null
1763923.4708,5909912.2093,868203,,521901,0,,0,1,,West,2024/2025,STATION ROAD,GREAT SOUTH ROAD,,Non-Injury Crash,No,2025,,West,,0,,Flat,,,,,,Overcast,782600,0,0,0,2,,,0,,,,,,Auckland Region,Nil,2-way,Sealed,,0,0,,30,,Off,0,0,,76,Auckland,Nil,,,,,0,0,Urban,0,,,Light rain,Null
1769682.5839,5884032.9486,868206,,521122,0,0,0,0,1,South,2023/2024,CAPE HILL ROAD,TUHIMATA ROAD,,Minor Crash,No,2024,0,North,1,0,0,Hill Road,0,,0,,0,Dark,813400,1,0,0,2,0,0,0,0,0,,0,0,Auckland Region,Nil,2-way,Sealed,0,0,0,0,60,0,None,0,0,,76,Auckland,Nil,0,0,0,0,0,1,Urban,1,0,0,Fine,Null
1752701.617,5928513.9494,868208,,508411,0,,0,2,,North,2023/2024,MANUKA ROAD,LEIGH TERRACE,,Non-Injury Crash,No,2024,,West,,0,,Hill Road,,,,,,Twilight,185700,0,0,0,2,,,0,,,,,,Auckland Region,Nil,2-way,Sealed,,0,0,,50,,Off,0,0,,76,Auckland,Nil,,,,,0,0,Urban,0,,,Fine,Null
1755107.8112,5929782.0265,868217,,508420,0,,0,2,,South,2022/2023,LINK DRIVE,SUNNYNOOK ROAD,,Minor Crash,No,2023,,North,,0,,Flat,,,,,,Bright sun,183800,2,0,0,2,,,0,,,,,,Auckland Region,Nil,2-way,Sealed,,0,0,,50,,Off,0,0,,76,Auckland,Nil,,,,,0,0,Urban,0,,,Fine,Null
1764817.1745,5908387.4637,868220,,523404,0,,0,1,,North,2024/2025,GREAT SOUTH ROAD,BAIRDS ROAD,,Minor Crash,No,2024,,South,,0,,Flat,,,,,,Bright sun,696701,1,0,0,4,,,0,,,,,,Auckland Region,Nil,2-way,Sealed,,0,0,,50,,Off,0,0,,76,Auckland,Nil,,,,,0,0,Urban,2,,,Fine,Null
1763697.307,5912664.499,868227,,520500,0,,0,2,,North,2024/2025,SOUTHERN MOTORWAY,MT WGTN OBR,,Non-Injury Crash,Yes,2025,,South,,0,,Flat,,,,,,Dark,637400,0,0,0,3,,,0,,,,,,Auckland Region,Bridge,1-way,Sealed,,0,0,,100,,On,0,0,,76,Auckland,Nil,,,,,0,0,Open,0,,,Heavy rain,Strong wind
1755615.3622,5919420.0177,868234,,515420,0,,0,2,,Null,2023/2024,ROSE ROAD,SCANLAN STREET,,Non-Injury Crash,No,2023,,East,,0,,Flat,,,,,,Overcast,409000,0,0,0,2,,,0,,,,,,Auckland Region,Nil,2-way,Sealed,,0,0,,50,,Off,0,2,,76,Auckland,Stop,,,,,0,0,Urban,0,,,Fine,Null
1756765.9448,5929477.394,868235,,507720,0,0,0,2,0,Null,2024/2025,EAST COAST ROAD,GORDON AVENUE,,Non-Injury Crash,No,2025,0,South,0,0,0,Null,0,,0,,0,Unknown,312000,0,0,0,2,0,0,0,0,1,,0,0,Auckland Region,Nil,2-way,Sealed,0,0,0,0,50,0,Null,0,0,,76,Auckland,Give way,0,0,0,0,0,0,Urban,0,0,0,Fine,Null
1764200.1559,5912375.2299,868236,,520500,0,,0,1,,East,2023/2024,SOUTHERN MOTORWAY,SYLVIA PARK RAIL OBR,,Non-Injury Crash,Yes,2024,,South,,0,,Hill Road,,,,,,Overcast,639100,0,0,0,2,,,0,,,,,,Auckland Region,Nil,1-way,Sealed,,0,0,,100,,Off,0,0,,76,Auckland,Nil,,,,,1,0,Open,1,,,Fine,Null
1752081.8651,5918924.542,868238,,515002,0,0,0,1,0,Null,2023/2024,MEOLA ROAD,HUIA ROAD,,Non-Injury Crash,No,2023,0,West,0,0,0,Flat,0,,0,,0,Dark,395700,0,0,0,2,0,0,0,0,0,,0,0,Auckland Region,Nil,2-way,Sealed,0,0,0,0,40,0,On,0,0,,76,Auckland,Give way,0,1,0,0,0,0,Urban,0,0,0,Fine,Null
1775353.953,5895702.9084,868244,,525700,0,0,0,1,0,Null,2023/2024,REDCREST AVENUE,BALMERINO AVENUE,,Non-Injury Crash,No,2024,0,South,0,0,0,Flat,0,,0,,0,Dark,800305,0,0,0,2,0,0,0,0,0,,0,1,Auckland Region,Nil,2-way,Sealed,0,0,0,0,50,0,On,0,0,,76,Auckland,Give way,0,1,0,0,0,0,Urban,0,0,0,Light rain,Null
1755373.1758,5935351.4232,868252,,507101,0,0,0,1,1,West,2024/2025,WOODLANDS CRESCENT,CAPRICORN PLACE,,Minor Crash,No,2024,0,East,0,0,0,Hill Road,0,,0,,0,Dark,161600,1,0,0,2,0,0,0,0,0,,0,1,Auckland Region,Nil,2-way,Sealed,0,0,0,0,50,0,On,0,0,,76,Auckland,Nil,0,0,0,0,0,0,Urban,0,0,0,Fine,Null
1769333.6452,5907463.3038,868256,,523713,0,,0,1,,Null,2024/2025,TE IRIRANGI DRIVE,ORMISTON ROAD,,Non-Injury Crash,No,2024,,South,,0,,Flat,,,,,,Bright sun,712302,0,0,0,2,,,0,,,,,,Auckland Region,Nil,1-way,Sealed,,0,0,,60,,Off,1,0,,76,Auckland,Traffic Signals,,,,,0,0,Urban,0,,,Fine,Null
1757710.0812,5930102.4722,868257,35,507710,0,0,0,1,0,North,2023/2024,BEACH ROAD,RAHOPARA STREET,,Minor Crash,No,2023,0,South,0,0,1,Hill Road,0,,0,,0,Dark,313200,1,0,0,2,0,0,0,0,0,,0,1,Auckland Region,Nil,2-way,Sealed,0,0,0,0,50,0,On,0,0,,76,Auckland,Nil,0,0,0,0,0,0,Urban,0,0,0,Fine,Null
1763722.3098,5912646.3072,868259,,520500,0,,0,2,,North,2024/2025,SOUTHERN MOTORWAY,MT WGTN OBR,,Non-Injury Crash,Yes,2024,,South,,0,,Flat,,,,,,Dark,637400,0,0,0,3,,,0,,,,,,Auckland Region,Motorway ramp,1-way,Sealed,,0,0,,100,,On,0,0,,76,Auckland,Nil,,,,,0,0,Open,0,,,Light rain,Null
1783156.1474,5884769.8763,868263,,521134,0,0,0,1,0,Null,2024/2025,PAPARATA ROAD,LYND ROAD,,Non-Injury Crash,No,2025,0,East,0,0,1,Hill Road,0,,0,,0,Bright sun,815503,0,0,0,2,0,0,0,0,0,,0,0,Auckland Region,Nil,2-way,Sealed,0,0,0,0,80,0,Off,0,0,,76,Auckland,Nil,0,0,0,0,0,0,Open,0,0,0,Fine,Null
1768336.9999,5913258.9961,868264,,523000,0,,0,2,,Null,2022/2023,GOSSAMER DRIVE,ENNIS AVENUE,,Non-Injury Crash,No,2023,,North,,0,,Flat,,,,,,Bright sun,689900,0,0,0,2,,,0,,,,,,Auckland Region,Nil,2-way,Sealed,,0,0,,50,,None,0,0,,76,Auckland,Nil,,,,,0,0,Urban,0,,,Fine,None
1767129.3381,5905509.1541,868271,,524603,0,0,0,3,0,Null,2024/2025,REAGAN ROAD,GREAT SOUTH ROAD,,Non-Injury Crash,No,2025,0,West,0,0,0,Flat,0,Queens Birthday,0,,0,Bright sun,671000,0,0,0,1,0,0,0,0,0,,0,0,Auckland Region,Nil,1-way,Sealed,0,0,0,0,50,0,Off,0,0,,76,Auckland,Give way,0,0,0,0,0,0,Urban,0,1,0,Fine,Null
1755947.0322,5926784.5736,868272,,508620,0,,0,2,,Null,2024/2025,SUNNYBRAE ROAD,NORTHCOTE ROAD,,Non-Injury Crash,No,2024,,East,,0,,Flat,,,,,,Bright sun,204500,0,0,0,5,,,0,,,,,,Auckland Region,Nil,2-way,Sealed,,0,0,,50,,Off,0,0,,76,Auckland,Traffic Signals,,,,,0,0,Urban,0,,,Fine,Null
1768068.3485,5906144.6409,868274,,523711,0,0,0,3,0,East,2023/2024,FLAT BUSH ROAD,RAPSON ROAD,,Non-Injury Crash,No,2023,0,West,0,0,0,Hill Road,0,,0,,0,Twilight,714806,0,0,0,2,0,0,0,0,1,,0,0,Auckland Region,Nil,2-way,Sealed,0,0,0,0,50,0,Off,0,0,30,76,Auckland,Nil,0,0,0,0,0,0,Urban,0,0,0,Fine,Frost
1769700.7831,5904696.0298,868280,,523722,0,,0,2,,Null,2024/2025,HILLTOP ROAD,REDOUBT ROAD,,Non-Injury Crash,No,2024,,South,,0,,Hill Road,,,,,,Unknown,716106,0,0,0,2,,,0,,,,,,Auckland Region,Nil,2-way,Sealed,,0,0,,50,,Null,0,0,,76,Auckland,Give way,,,,,0,0,Urban,0,,,Fine,Null
1763623.4739,5912730.5115,868283,,520500,0,0,0,2,0,East,2025/2026,MOUNT WELLINGTON HWY OFF RAMP,SOUTHERN MOTORWAY,,Non-Injury Crash,No,2025,0,East,0,0,0,Hill Road,1,,0,,0,Overcast,637400,0,0,0,2,0,0,0,0,0,,0,0,Auckland Region,Nil,1-way,Sealed,0,0,0,0,100,0,Off,0,0,,76,Auckland,Nil,0,0,0,0,0,0,Open,0,0,0,Fine,Null
1759191.6704,5903487.1375,868284,,524200,0,,0,1,,North,2024/2025,GEORGE BOLT MEMORIAL DRIVE,TOM PEARCE DRIVE,,Minor Crash,No,2025,,South,,0,,Flat,,,,,,Dark,727200,1,0,0,5,,,0,,,,,,Auckland Region,Nil,1-way,Sealed,,0,0,,50,,On,1,0,,76,Auckland,Nil,,,,,0,0,Urban,0,,,Fine,Null
1759563.6411,5909891.8523,868287,,524002,0,0,0,1,0,North,2024/2025,SOUTH-WESTERN MOTORWAY,HASTIE FTBR,,Non-Injury Crash,Yes,2025,0,South,0,0,0,Hill Road,2,,0,,0,Overcast,722400,0,0,0,3,0,0,0,0,0,,0,0,Auckland Region,Nil,1-way,Sealed,0,0,0,0,100,0,Off,0,0,,76,Auckland,Nil,0,0,0,0,0,0,Open,2,0,0,Light rain,Null
1758944.3736,5913202.2478,868290,,519820,0,,0,1,,Null,2023/2024,MOUNT SMART ROAD,ONEHUNGA MALL,,Non-Injury Crash,No,2023,,West,,0,,Flat,,,,,,Bright sun,599100,0,0,0,3,,,0,,,,,,Auckland Region,Nil,2-way,Sealed,,0,0,,50,,Off,1,0,,76,Auckland,Traffic Signals,,,,,0,0,Urban,0,,,Fine,Null
1745148.8789,5918465.612,868294,,513302,0,,0,1,,North,2023/2024,LINCOLN ROAD,NORVAL ROAD,,Non-Injury Crash,No,2023,,Null,,0,,Flat,,,,,,Dark,230900,0,0,0,4,,,0,,,,,,Auckland Region,Motorway ramp,2-way,Sealed,,0,0,,50,,On,0,0,40,76,Auckland,Nil,,,,,0,0,Urban,0,,,Fine,Null
1757767.8195,5918232.9514,868299,,515700,0,,0,2,,South,2024/2025,SOUTHERN MOTORWAY,MOUNTAIN OBR,,Non-Injury Crash,Yes,2025,,South,,0,,Flat,,,,,,Bright sun,443200,0,0,0,4,,,0,,,,,,Auckland Region,Nil,1-way,Sealed,,0,0,,80,,Off,0,0,,76,Auckland,Nil,,,,,0,0,Open,0,,,Fine,Null
1751568.0117,5949965.7256,868306,,505805,0,0,0,2,0,South,2024/2025,HIBISCUS COAST HIGHWAY,NGARU WAY,,Minor Crash,No,2024,0,North,0,0,0,Flat,0,,0,,0,Dark,171500,1,0,0,2,0,0,0,0,1,,0,0,Auckland Region,Nil,2-way,Sealed,0,0,0,0,50,0,On,0,0,,76,Auckland,Nil,0,0,0,0,0,0,Urban,1,0,0,Fine,Null
1759672.7932,5924229.2614,868310,,509300,0,0,0,3,0,Null,2023/2024,KAWERAU AVENUE,REGENT STREET,,Non-Injury Crash,No,2023,0,East,0,0,0,Flat,0,,0,,0,Dark,339900,0,0,0,2,0,0,0,0,1,,0,0,Auckland Region,Nil,2-way,Sealed,0,0,0,0,50,0,On,0,0,,76,Auckland,Stop,0,0,0,0,0,0,Urban,0,0,0,Fine,Null
1756124.9959,5923861.0424,868313,,509800,0,,0,3,,South,2023/2024,NORTHERN MOTORWAY,WEIGH BRIDGE,,Minor Crash,Yes,2023,,South,,0,,Flat,,,,,,Twilight,358800,1,0,0,5,,,0,,,,,,Auckland Region,Nil,1-way,Sealed,,0,0,,80,,On,1,0,,76,Auckland,Nil,,,,,0,0,Open,0,,,Fine,Null
1743040.7409,5919681.2388,868322,,513212,0,,0,2,,South,2023/2024,GLEN ROAD,LUANDA DRIVE,,Non-Injury Crash,No,2023,,South,,0,,Flat,,,,,,Dark,235720,0,0,0,2,,,0,,,,,,Auckland Region,Nil,2-way,Sealed,,0,0,,50,,On,0,0,,76,Auckland,Nil,,,,,0,0,Urban,0,,,Fine,Null
1782280.6044,5916347.2711,868324,,523300,0,,0,2,,East,2024/2025,MARAETAI DRIVE,REWA ROAD,,Non-Injury Crash,No,2024,,East,,0,,Flat,,Christmas New Year,,,,Bright sun,719801,0,0,0,2,,,0,,,,,,Auckland Region,Nil,2-way,Sealed,,0,0,,40,,Off,0,0,,76,Auckland,Nil,,,,,0,0,Urban,0,,,Fine,Null
1764523.1904,5909380.1961,868326,,521802,1,,0,1,,Null,2024/2025,FAIRBURN ROAD,CHURCH STREET,,Minor Crash,No,2024,,North,,0,,Hill Road,,,,,,Overcast,788601,1,0,0,2,,,0,,,,,,Auckland Region,Nil,2-way,Sealed,,0,0,,30,,Off,0,0,,76,Auckland,Stop,,,,,0,0,Urban,0,,,Fine,Null
1767531.6139,5904226.0246,868327,,524602,0,,0,2,,Null,2024/2025,MANUKAU STATION ROAD,CLIST CRESCENT,,Non-Injury Crash,No,2025,,West,,0,,Flat,,,,,,Overcast,780416,0,0,0,4,,,0,,,,,,Auckland Region,Nil,2-way,Sealed,,0,0,,50,,Off,0,0,,76,Auckland,Traffic Signals,,,,,0,0,Urban,0,,,Light rain,Null
1763407.2299,5904924.8983,868328,,524303,0,0,0,2,0,North,2023/2024,SOUTH-WESTERN MOTORWAY,PUHINUI ROAD-SH 20B OFF RAMP,,Non-Injury Crash,Yes,2024,0,South,0,0,0,Flat,2,,0,,0,Dark,746301,0,0,0,2,0,0,0,0,0,,0,0,Auckland Region,Nil,1-way,Sealed,0,0,0,0,100,0,On,0,0,,76,Auckland,Nil,0,0,0,0,0,0,Open,0,0,0,Fine,Null
1746812.268,5911616.1355,868339,,512600,0,0,0,2,0,West,2024/2025,WIRIHANA ROAD,KONINI ROAD,,Non-Injury Crash,No,2024,0,West,0,0,0,Flat,0,,0,,0,Dark,298905,0,0,0,2,0,0,0,0,1,,0,0,Auckland Region,Nil,2-way,Sealed,0,0,0,0,50,0,On,0,0,,76,Auckland,Nil,0,0,0,0,0,0,Urban,0,0,0,Fine,Null
1780146.6874,5901991.0429,868342,,525201,0,,0,0,,Null,2023/2024,PAPAKURA-CLEVEDON ROAD,CLEVEDON-TAKANINI ROAD,,Serious Crash,No,2024,,South,,0,,Hill Road,,,,,,Overcast,763400,0,0,1,2,,,0,,,,,,Auckland Region,Nil,2-way,Sealed,,0,1,,80,,Off,1,0,,76,Auckland,Give way,,,,,0,0,Open,0,,,Mist or Fog,Null
1767720.0342,5905058.145,868343,,524604,0,,0,2,,East,2024/2025,TE IRIRANGI DRIVE,TE IRIRANGI OBR,,Non-Injury Crash,No,2024,,East,,0,,Null,,,,,,Bright sun,780302,0,0,0,2,,,0,,,,,,Auckland Region,Overpass,1-way,Sealed,,0,0,,50,,Null,1,0,,76,Auckland,Nil,,,,,0,0,Urban,0,,,Fine,Null
1755434.3023,5932329.4128,868354,,508805,0,,0,1,,South,2023/2024,EAST COAST ROAD,AMANTE CRESCENT,,Minor Crash,No,2024,,West,,0,,Flat,,,,,,Bright sun,151101,1,0,0,4,,,0,,,1,,,Auckland Region,Nil,2-way,Sealed,,0,0,,50,,Off,0,0,,76,Auckland,Nil,,,,,0,0,Urban,0,,,Fine,Null
1769203.0221,5881368.4306,868356,,525910,0,,0,1,,West,2022/2023,STADIUM DRIVE,FRANKLIN ROAD,,Non-Injury Crash,No,2023,,East,,0,,Flat,,,,,,Overcast,817300,0,0,0,2,,,0,,,,,,Auckland Region,Nil,2-way,Sealed,,0,0,,50,,None,0,0,,76,Auckland,Nil,,,,,0,0,Urban,1,,,Fine,Null
1762223.0999,5906131.7796,868359,,524200,0,,0,4,,South,2024/2025,SOUTH-WESTERN MOTORWAY,MASSEY ROAD OFF RAMP,,Minor Crash,Yes,2025,,North,,0,,Flat,,,,,,Bright sun,728900,3,0,0,2,,,0,,,,,,Auckland Region,Nil,1-way,Sealed,,0,0,,100,,Off,0,0,,76,Auckland,Nil,,,,,0,0,Open,0,,,Fine,Null
1756109.2839,5929215.5496,868363,,508510,0,0,0,2,0,South,2024/2025,TRISTRAM AVENUE,FORREST HILL ROAD,,Non-Injury Crash,No,2024,0,North,0,0,0,Null,0,,0,,0,Bright sun,195500,0,0,0,1,0,0,0,0,0,,0,0,Auckland Region,Nil,1-way,Sealed,0,0,0,0,50,0,Null,0,0,,76,Auckland,Nil,0,0,0,0,0,0,Urban,0,1,0,Null,Null
1753927.5748,5918304.8154,868367,,515431,0,0,0,0,0,East,2024/2025,ST LUKES ROAD OFF RAMP,NORTH-WESTERN MOTORWAY,,Non-Injury Crash,No,2025,0,East,0,0,0,Hill Road,1,,0,,0,Overcast,406300,0,0,0,4,0,0,0,0,0,,0,0,Auckland Region,Overpass,1-way,Sealed,0,0,0,0,100,0,Off,0,0,,76,Auckland,Nil,0,0,0,0,0,0,Open,1,0,0,Light rain,Null
1764651.2068,5918642.0055,868374,,516602,0,0,0,1,0,North,2022/2023,HAMPTON DRIVE,CHEVERTON PLACE,,Non-Injury Crash,No,2023,0,North,0,0,0,Hill Road,0,,0,,0,Bright sun,506800,0,0,0,2,0,0,0,0,1,,0,0,Auckland Region,Nil,2-way,Sealed,0,0,0,0,50,0,Off,0,0,,76,Auckland,Nil,0,0,0,0,0,0,Urban,1,0,0,Fine,Null
1751165.9576,5931884.5081,868382,,508806,0,,0,1,,South,2023/2024,ALBANY HIGHWAY,OAK MANOR DRIVE,,Serious Crash,No,2024,,South,,0,,Flat,,,,,,Dark,180001,0,0,1,2,,,0,,,,,,Auckland Region,Nil,2-way,Sealed,,0,1,,50,,On,0,0,,76,Auckland,Give way,,,,,0,0,Urban,0,,,Fine,Null
1762652.8037,5913036.1764,868383,,520402,0,,0,2,,West,2025/2026,SOUTHERN MOTORWAY,SOUTH-EASTERN HWY OFF RAMP,,Minor Crash,Yes,2025,,South,,0,,Flat,,,,,,Twilight,642400,2,0,0,3,,,0,,,,,,Auckland Region,Nil,1-way,Sealed,,0,0,,100,,On,0,0,,76,Auckland,Nil,,,,,0,0,Open,1,,,Fine,Null
1761498.1092,5914179.0948,868394,,520202,0,,0,0,,South,2022/2023,SOUTHERN MOTORWAY,PENROSE INT S,,Non-Injury Crash,Yes,2023,,North,,0,,Flat,,,,,,Overcast,612300,0,0,1,3,,,0,,,,,,Auckland Region,Nil,1-way,Sealed,,0,0,,100,,On,0,0,,76,Auckland,Nil,,,,,0,0,Open,0,,,Light rain,Null
1748411.1425,5914720.7644,868395,,511700,0,0,0,2,0,North,2025/2026,ARCHIBALD ROAD,SCANLEN TERRACE,,Minor Crash,No,2025,0,South,0,0,0,Hill Road,0,,0,,0,Overcast,270100,1,0,0,2,0,0,0,0,1,,0,0,Auckland Region,Nil,2-way,Sealed,0,0,0,0,50,0,Off,0,0,,76,Auckland,Nil,0,0,0,0,0,0,Urban,0,0,0,Fine,Null
1766351.5731,5912867.812,868399,,522920,0,0,0,1,0,West,2024/2025,PAKURANGA HIGHWAY,TI RAKAU DRIVE,,Non-Injury Crash,No,2024,0,West,0,0,0,Flat,0,,0,,0,Overcast,683800,0,0,0,2,0,1,0,0,0,,0,0,Auckland Region,Nil,1-way,Sealed,0,0,0,0,80,0,Off,0,0,,76,Auckland,Nil,0,0,0,0,0,0,Open,0,0,0,Light rain,Null
1766710.784,5902696.9639,868400,,524602,0,0,0,1,0,Null,2022/2023,DALGETY DRIVE,KERRS ROAD,,Non-Injury Crash,No,2023,0,North,0,0,0,Flat,0,,0,,1,Overcast,780407,0,0,0,2,0,0,0,0,0,,0,0,Auckland Region,Nil,2-way,Sealed,0,0,0,0,50,0,Off,0,0,,76,Auckland,Traffic Signals,0,0,0,0,0,0,Urban,0,0,0,Light rain,Null
1755808.4273,5928396.5213,868406,,507900,0,,0,2,,South,2023/2024,NORTHERN MOTORWAY,TRISTRAM AVENUE OFF RAMP,,Non-Injury Crash,Yes,2023,,North,,0,,Hill Road,,,,,,Bright sun,305201,0,0,0,2,,,0,,,,,,Auckland Region,Nil,1-way,Sealed,,0,0,,100,,Off,0,0,,76,Auckland,Nil,,,,,0,0,Open,0,,,Fine,Null
1758850.8033,5907930.4773,868411,,524200,0,0,0,1,0,West,2024/2025,KIRKBRIDE ROAD,MCKENZIE ROAD,,Minor Crash,No,2025,0,North,0,0,0,Flat,0,,0,,0,Bright sun,726300,1,0,0,2,0,0,0,0,1,,0,0,Auckland Region,Nil,2-way,Sealed,0,0,0,0,50,0,None,1,0,,76,Auckland,Nil,0,0,0,0,0,0,Urban,0,0,0,Fine,Null