X,Y,OBJECTID,advisorySpeed,areaUnitID,bicycle,bridge,bus,carStationWagon,cliffBank,crashDirectionDescription,crashFinancialYear,crashLocation1,crashLocation2,crashRoadSideRoad,crashSeverity,crashSHDescription,crashYear,debris,directionRoleDescription,ditch,fatalCount,fence,flatHill,guardRail,holiday,houseOrBuilding,intersection,kerb,light,meshblockId,minorInjuryCount,moped,motorcycle,NumberOfLanes,objectThrownOrDropped,otherObject,otherVehicleType,overBank,parkedVehicle,pedestrian,phoneBoxEtc,postOrPole,region,roadCharacter,roadLane,roadSurface,roadworks,schoolBus,seriousInjuryCount,slipOrFlood,speedLimit,strayAnimal,streetLight,suv,taxi,temporarySpeedLimit,tlaId,tlaName,trafficControl,trafficIsland,trafficSign,train,tree,truck,unknownVehicleType,urban,vanOrUtility,vehicle,waterRiver,weatherA,weatherB
1771367.7094,5897800.4645,868412,,523912,0,0,0,1,0,West,2022/2023,LONGFORD PARK DRIVE,GREAT SOUTH ROAD,,Non-Injury Crash,No,2023,0,West,0,0,0,Flat,0,,0,,0,Dark,767807,0,0,0,2,0,0,0,0,0,,0,0,Auckland Region,Nil,2-way,Sealed,0,0,0,0,50,0,On,0,0,,76,Auckland,Nil,0,0,0,1,0,0,Urban,0,0,0,Heavy rain,Strong wind
1744430.5708,5922411.5711,868415,,513530,0,,0,0,,South,2024/2025,NORTH-WESTERN MOTORWAY,ROYAL OBR,,Non-Injury Crash,Yes,2024,,South,,0,,Flat,,,,,,Overcast,225802,0,0,0,2,,,0,,,,,,Auckland Region,Nil,1-way,Sealed,,0,0,,100,,Off,0,0,,76,Auckland,Nil,,,,,1,0,Open,1,,,Heavy rain,Null
1753648.5194,5931109.3855,868420,,508803,0,,0,1,,Null,2024/2025,CARIBBEAN DRIVE,BARBADOS DRIVE,,Non-Injury Crash,No,2024,,North,,0,,Flat,,,,,,Overcast,180829,0,0,0,2,,,0,,,,,,Auckland Region,Nil,2-way,Sealed,,0,0,,50,,Null,1,0,,76,Auckland,Give way,,,,,0,0,Urban,0,,,Fine,Null
1758926.7223,5913207.055,868422,,519710,0,,0,4,,Null,2023/2024,MOUNT SMART ROAD,ONEHUNGA MALL,,Non-Injury Crash,No,2024,,East,,0,,Flat,,,,,,Bright sun,595700,0,0,0,6,,,0,,,,,,Auckland Region,Nil,2-way,Sealed,,0,0,,50,,Off,0,0,,76,Auckland,Traffic Signals,,,,,0,0,Urban,0,,,Fine,Null
1767582.9206,5881815.4171,868423,,525921,0,0,0,0,0,Null,2024/2025,HELVETIA ROAD,KAURI ROAD,,Non-Injury Crash,No,2025,0,South,0,0,0,Flat,0,,0,,1,Overcast,820506,0,0,0,2,0,0,0,0,0,,0,1,Auckland Region,Nil,2-way,Sealed,0,0,0,0,50,0,Off,1,0,,76,Auckland,Give way,0,0,0,0,0,0,Urban,0,0,0,Light rain,Null
1755495.2203,5928990.7939,868425,,508320,0,0,0,1,0,Null,2022/2023,TRISTRAM AVENUE OFF RAMP,TRISTRAM AVENUE,,Minor Crash,No,2023,0,North,0,0,0,Hill Road,0,,0,,0,Dark,198500,1,0,0,4,0,0,0,0,0,,0,1,Auckland Region,Motorway ramp,2-way,Sealed,0,0,0,0,50,0,On,0,0,,76,Auckland,Traffic Signals,0,0,0,0,0,0,Urban,0,0,0,Light rain,Null
1768618.9011,5901143.2222,868432,,524901,0,1,0,1,0,North,2023/2024,GREAT SOUTH ROAD,HILL ROAD,,Non-Injury Crash,No,2023,0,South,0,0,0,Flat,0,,0,,0,Dark,756600,0,0,0,2,0,0,0,0,0,,0,0,Auckland Region,Nil,2-way,Sealed,0,0,0,0,50,0,On,0,0,20,76,Auckland,Nil,0,0,0,0,0,0,Urban,0,0,0,Fine,Null
1767705.4451,5913572.0661,868436,,522820,0,,0,0,,Null,2023/2024,PAKURANGA ROAD,GRAMMAR SCHOOL ROAD,,Minor Crash,No,2023,,East,,0,,Hill Road,,,,,,Bright sun,695002,1,0,0,3,,,0,,,,,,Auckland Region,Nil,1-way,Sealed,,0,0,,50,,Off,2,0,,76,Auckland,Give way,,,,,0,0,Urban,0,,,Fine,Null
1770084.2451,5901325.2062,868448,,523814,0,,0,1,,East,2024/2025,ALFRISTON ROAD,MATAARA LANE,,Non-Injury Crash,No,2024,,West,,0,,Hill Road,,,,,,Bright sun,759515,0,0,0,2,,,0,,,,,,Auckland Region,Nil,2-way,Sealed,,0,0,,50,,Off,0,0,,76,Auckland,Nil,,,,,1,0,Urban,0,,,Fine,Null
1766845.454,5905770.9969,868451,,522302,0,,0,2,,Null,2024/2025,GREAT SOUTH ROAD,PEMBROKE STREET,,Non-Injury Crash,No,2024,,East,,0,,Flat,,,,,,Bright sun,669300,0,0,0,4,,,0,,,,,,Auckland Region,Nil,2-way,Sealed,,0,0,,50,,Off,0,0,,76,Auckland,Give way,,,,,0,0,Urban,0,,,Fine,None
1751820.0973,5927114.2279,868454,,510210,0,0,0,1,0,West,2023/2024,ROSENEATH PLACE,LAUDERDALE ROAD,,Non-Injury Crash,No,2023,0,South,0,0,1,Flat,0,,0,,0,Dark,346900,0,0,0,2,0,0,0,0,0,,0,0,Auckland Region,Nil,2-way,Sealed,0,0,0,0,50,0,On,0,0,,76,Auckland,Nil,0,0,0,0,0,0,Urban,0,0,0,Fine,Null
1764805.2111,5911159.7927,868459,,520500,0,,0,1,,North,2024/2025,SOUTHERN MOTORWAY,OTAHUHU CK BR,,Non-Injury Crash,Yes,2024,,North,,0,,Hill Road,,,,,,Dark,636300,0,0,0,3,,,0,,,,,,Auckland Region,Nil,1-way,Sealed,,0,0,,100,,On,0,0,,76,Auckland,Nil,,,,,0,0,Open,1,,,Fine,Null
1759938.491,5924412.0453,868464,,509300,0,0,0,1,0,West,2022/2023,OLD LAKE ROAD,FRASER ROAD,,Non-Injury Crash,No,2023,0,East,0,0,0,Flat,0,,0,,0,Dark,337904,0,0,0,2,0,0,0,0,1,,0,0,Auckland Region,Nil,2-way,Sealed,0,0,0,0,50,0,On,2,0,,76,Auckland,Nil,0,0,0,0,0,0,Urban,0,0,0,Fine,Null
1754602.9077,5931422.7249,868466,,508805,0,,0,2,,South,2023/2024,PARKWAY DRIVE,RAMP ROAD,,Non-Injury Crash,No,2023,,South,,0,,Flat,,,,,,Bright sun,180826,0,0,0,2,,,0,,,,,,Auckland Region,Nil,2-way,Sealed,,0,0,,50,,Off,0,0,,76,Auckland,Nil,,,,,0,0,Urban,0,,,Fine,Null
1764117.3481,5906332.7414,868471,,524303,0,,0,3,,East,2024/2025,STATION ROAD,PEVERILL CRESCENT,,Non-Injury Crash,No,2025,,West,,0,,Flat,,,,,,Twilight,657200,0,0,0,2,,,0,,,,,,Auckland Region,Nil,2-way,Sealed,,0,0,,50,,Off,0,0,,76,Auckland,Nil,,,,,0,0,Urban,0,,,Fine,Null
1762183.8848,5913645.4705,868476,,520500,0,,0,1,,North,2022/2023,SOUTHERN MOTORWAY,SOUTH-EASTERN HWY ON RAMP,,Non-Injury Crash,Yes,2023,,North,,0,,Hill Road,,,,,,Dark,637100,0,0,0,3,,,0,,,,,,Auckland Region,Nil,1-way,Sealed,,0,0,,100,,On,0,0,,76,Auckland,Nil,,,,,1,0,Open,0,,,Fine,Null
1754970.8903,5913515.0309,868483,,518803,0,0,0,1,0,Null,2025/2026,DOMINION ROAD OFF RAMP,DOMINION ROAD,,Non-Injury Crash,No,2025,0,North,0,0,0,Hill Road,1,Christmas New Year,0,,0,Bright sun,582700,0,0,0,2,0,0,0,0,0,,0,0,Auckland Region,Motorway ramp,1-way,Sealed,0,0,0,0,50,0,Null,0,0,,76,Auckland,Traffic Signals,0,0,0,0,0,0,Urban,0,0,0,Fine,Strong wind
1751126.7745,5931414.5945,868486,,508806,0,,0,1,,Null,2023/2024,SCARLET OAK DRIVE,OAKWAY DRIVE,,Minor Crash,No,2024,,North,,0,,Flat,,,,,,Bright sun,180102,1,0,0,2,,,0,,,1,,,Auckland Region,Nil,2-way,Sealed,,0,0,,50,,Off,0,0,,76,Auckland,Give way,,,,,0,0,Urban,0,,,Fine,Null
1744263.2295,5923153.383,868487,,513521,0,,0,1,,South,2025/2026,NORTH-WESTERN MOTORWAY,HOBSONVILLE ROAD ON RAMP,,Non-Injury Crash,Yes,2025,,South,,0,,Hill Road,,,,,,Bright sun,224233,0,0,0,3,,,0,,,,,,Auckland Region,Nil,1-way,Sealed,,0,0,,100,,Off,0,0,,76,Auckland,Nil,,,,,1,0,Open,0,,,Fine,Null
1754925.537,5879684.9399,868489,,521152,0,0,0,0,1,South,2022/2023,GLENBROOK-WAIUKU ROAD,MISSION BUSH ROAD,,Minor Crash,No,2023,0,South,0,0,0,Flat,0,,0,,0,Dark,834300,1,0,0,2,0,0,0,0,0,,0,0,Auckland Region,Nil,2-way,Sealed,0,0,0,0,80,0,None,0,0,,76,Auckland,Nil,0,0,0,0,0,0,Open,1,0,0,Light rain,Null
1756168.0413,5924056.3432,868490,,509800,0,,0,2,,South,2023/2024,NORTHERN MOTORWAY,NORTHERN BUSWAY,,Non-Injury Crash,Yes,2023,,South,,0,,Flat,,,,,,Dark,361100,0,0,0,4,,,0,,,,,,Auckland Region,Nil,1-way,Sealed,,0,0,,80,,On,0,0,,76,Auckland,Nil,,,,,0,0,Open,0,,,Light rain,Strong wind
1769883.5188,5900130.2347,868502,,524902,0,,0,2,,North,2023/2024,SOUTHERN MOTORWAY,MANUREWA-TAKANINI ON RAMP,,Non-Injury Crash,Yes,2023,,North,,0,,Flat,,,,,,Bright sun,759200,0,0,0,3,,,0,,,,,,Auckland Region,Nil,1-way,Sealed,,0,0,,100,,Off,0,0,,76,Auckland,Nil,,,,,0,0,Open,0,,,Fine,None
1765527.0502,5908795.3113,868508,,523402,0,,0,2,,North,2023/2024,SOUTHERN MOTORWAY,HIGHBROOK DRIVE ON RAMP,,Non-Injury Crash,Yes,2023,,South,,0,,Flat,,,,,,Twilight,696900,0,0,0,3,,,0,,,,,,Auckland Region,Nil,1-way,Unsealed,,0,0,,100,,Off,0,0,,76,Auckland,Nil,,,,,0,0,Open,0,,,Fine,Null
1745780.9187,5925052.2152,868512,,513522,0,,0,2,,South,2023/2024,HOBSONVILLE ROAD,MARINA VIEW DRIVE,,Minor Crash,No,2023,,North,,0,,Flat,,Christmas New Year,,,,Overcast,224104,2,0,0,2,,,0,,,,,,Auckland Region,Nil,2-way,Sealed,,0,0,,50,,On,0,0,,76,Auckland,Nil,,,,,0,0,Urban,0,,,Fine,Null
1756065.5895,5927900.2756,868514,,507900,0,,0,3,,South,2024/2025,NORTHERN MOTORWAY,WAIRAU OBR,,Non-Injury Crash,Yes,2024,,South,,0,,Flat,,,,,,Overcast,305202,0,0,0,3,,,0,,,,,,Auckland Region,Nil,1-way,Sealed,,0,0,,100,,None,0,0,,76,Auckland,Nil,,,,,0,0,Open,0,,,Fine,Null
1750155.2907,5933933.1116,868519,,508701,0,0,0,1,1,East,2024/2025,THE AVENUE,HOBSON ROAD,,Non-Injury Crash,No,2025,0,East,0,0,0,Flat,0,,0,,0,Dark,178701,0,0,0,2,0,0,0,1,0,,0,1,Auckland Region,Nil,2-way,Sealed,0,0,0,0,50,0,None,0,0,,76,Auckland,Nil,0,0,0,0,0,0,Urban,0,0,0,Fine,Null
1766006.6628,5906354.7392,868520,,522302,0,0,0,1,0,South,2023/2024,GREAT SOUTH ROAD,ST GEORGE STREET,,Non-Injury Crash,No,2023,0,North,0,0,0,Flat,0,Christmas New Year,0,,0,Twilight,668700,0,0,0,2,0,0,0,0,0,,0,1,Auckland Region,Nil,2-way,Sealed,0,0,0,0,50,0,None,0,0,,76,Auckland,Nil,0,0,0,0,0,0,Urban,0,0,0,Fine,Null
1747272.5273,5919507.5005,868521,,512402,0,,0,2,,North,2022/2023,TE ATATU ROAD,BRIDGE AVENUE,,Non-Injury Crash,No,2023,,North,,0,,Flat,,,,,,Twilight,253700,0,0,0,3,,,0,,,,,,Auckland Region,Nil,2-way,Sealed,,0,0,,50,,Off,0,0,,76,Auckland,Nil,,,,,0,0,Urban,0,,,Fine,Null
1753753.2832,5931925.1946,868523,,508807,0,,0,1,,North,2025/2026,NORTHERN MOTORWAY,UPPER HARBOUR HIGHWAY,,Minor Crash,Yes,2025,,South,,0,,Flat,,,,,,Overcast,180810,1,0,0,3,,,0,,,,,,Auckland Region,Nil,1-way,Sealed,,0,0,,100,,Off,1,0,,76,Auckland,Nil,,,,,0,0,Open,0,,,Light rain,Null
1759343.2367,5910796.0386,868526,,524002,0,,0,2,,North,2023/2024,SOUTH-WESTERN MOTORWAY,MAHUNGA DRIVE OFF RAMP,,Non-Injury Crash,Yes,2024,,South,,0,,Flat,,,,,,Overcast,722400,0,0,0,4,,,0,,,,,,Auckland Region,Bridge,1-way,Sealed,,0,0,,100,,Off,0,0,,76,Auckland,Nil,,,,,1,0,Open,0,,,Fine,Null
1747564.6671,5915980.203,868527,,511601,0,0,0,2,0,Null,2024/2025,HEPBURN ROAD,HARMEL ROAD,,Non-Injury Crash,No,2025,0,North,0,0,0,Flat,0,,0,,0,Overcast,274202,0,0,0,2,0,0,0,0,1,,0,0,Auckland Region,Nil,2-way,Sealed,0,0,0,0,50,0,Off,0,0,,76,Auckland,Give way,0,0,0,0,0,0,Urban,0,0,0,Fine,Null
1768162.1946,5907742.8522,868530,,523711,0,,0,2,,Null,2024/2025,ORMISTON ROAD,PRESTON ROAD,,Non-Injury Crash,No,2024,,West,,0,,Flat,,,,,,Bright sun,713600,0,0,0,3,,,0,,,,,,Auckland Region,Nil,2-way,Sealed,,0,0,,50,,Off,0,1,,76,Auckland,Traffic Signals,,,,,0,0,Urban,0,,,Fine,Null
1764006.4439,5915117.0319,868534,,520302,0,,0,2,,North,2023/2024,LUNN AVENUE,ELLERSLIE-PANMURE HIGHWAY,,Non-Injury Crash,No,2024,,South,,0,,Flat,,,,,,Bright sun,626500,0,0,0,2,,,0,,,,,,Auckland Region,Nil,2-way,Sealed,,0,0,,50,,Off,0,0,,76,Auckland,Nil,,,,,0,0,Urban,0,,,Fine,Null
1754822.1455,5931060.9647,868535,,508520,0,,0,2,,South,2025/2026,SYCAMORE DRIVE,LAURINA ROAD,,Minor Crash,No,2025,,North,,0,,Flat,,,,,,Bright sun,191200,2,0,0,2,,,0,,,,,,Auckland Region,Nil,2-way,Sealed,,0,0,,50,,None,0,0,,76,Auckland,Nil,,,,,0,0,Urban,0,,,Fine,Null
1759906.4304,5915771.9728,868536,,516003,0,,0,2,,Null,2023/2024,GREEN LANE EAST,GREAT SOUTH ROAD,,Non-Injury Crash,No,2024,,South,,0,,Flat,,,,,,Bright sun,495200,0,0,0,6,,,0,,,,,,Auckland Region,Nil,2-way,Sealed,,0,0,,50,,Off,0,0,,76,Auckland,Traffic Signals,,,,,0,0,Urban,0,,,Fine,Null
1763884.4206,5913842.5778,868540,,520303,0,,0,1,,North,2024/2025,MOUNT WELLINGTON HIGHWAY,ROWLANDS AVENUE,,Non-Injury Crash,No,2024,,North,,0,,Flat,,,,,,Bright sun,627300,0,0,0,4,,,0,,,,,,Auckland Region,Nil,2-way,Sealed,,0,0,,50,,Null,1,0,,76,Auckland,Nil,,,,,0,0,Urban,0,,,Fine,Null
1755395.8393,5944467.5997,868542,,505909,0,,0,1,,North,2023/2024,WHANGAPARAOA ROAD,MATAI ROAD,,Minor Crash,No,2024,,North,,0,,Hill Road,,,,,,Dark,174007,1,0,1,2,,,0,,,,,,Auckland Region,Nil,2-way,Sealed,,0,0,,50,,On,0,0,,76,Auckland,Nil,,,,,0,0,Urban,0,,,Fine,Null
1770954.5393,5914300.2984,868543,,521602,0,,0,0,,Null,2024/2025,UNION ROAD,BOTANY ROAD,,Non-Injury Crash,No,2025,,West,,0,,Null,,,,,,Dark,648100,0,0,0,1,,,0,,,,,,Auckland Region,Nil,1-way,Sealed,,0,0,,50,,On,0,0,,76,Auckland,Give way,,,,,0,1,Urban,1,,,Fine,Null
1760121.4852,5923726.2952,868546,,509300,0,,0,2,,South,2023/2024,LAKE ROAD,SEABREEZE ROAD,,Non-Injury Crash,No,2024,,South,,0,,Hill Road,,,,,,Overcast,336900,0,0,0,2,,,0,,,,,,Auckland Region,Nil,2-way,Sealed,,0,0,,50,,Off,0,0,,76,Auckland,Nil,,,,,0,0,Urban,0,,,Fine,Null
1757124.3215,5915379.8413,868548,35,515802,1,,0,0,,West,2023/2024,WATLING STREET,MORVERN ROAD,,Non-Injury Crash,No,2023,,West,,0,,Hill Road,,,,,,Overcast,447801,0,0,0,2,,,0,,,,,,Auckland Region,Nil,2-way,Sealed,,0,0,,50,,Off,0,0,,76,Auckland,Nil,,,,,1,0,Urban,0,,,Fine,None
1758207.0538,5916110.4255,868549,,519300,0,,0,1,,Null,2022/2023,MANUKAU ROAD,KIMBERLEY ROAD,,Non-Injury Crash,No,2023,,North,,0,,Flat,,,,,,Overcast,622900,0,0,0,4,,,0,,,,,,Auckland Region,Nil,2-way,Sealed,,0,0,,50,,Off,0,0,,76,Auckland,Give way,,,,,0,0,Urban,2,,,Fine,Null
1767591.9387,5879363.3968,868551,,525921,0,0,0,1,0,North,2024/2025,ROWLES ROAD,KITCHENER ROAD,,Non-Injury Crash,No,2025,0,North,0,0,0,Flat,0,,1,,0,Bright sun,822401,0,0,0,2,0,0,0,0,0,,0,0,Auckland Region,Nil,2-way,Sealed,0,0,0,0,50,0,Off,0,0,,76,Auckland,Nil,0,0,0,0,0,0,Urban,0,0,0,Fine,Null
1774598.4262,5901964.6181,868554,,523813,0,0,0,1,0,South,2023/2024,ALFRISTON-ARDMORE ROAD,MUIRS BR,,Non-Injury Crash,No,2024,0,South,1,0,0,Flat,0,,0,,0,Overcast,761000,0,0,0,2,0,0,0,0,0,,0,0,Auckland Region,Nil,2-way,Sealed,0,0,0,0,80,0,None,0,0,,76,Auckland,Nil,0,0,0,0,0,0,Open,0,0,0,Fine,Null
1757163.44,5915815.2149,868558,,515802,0,,0,2,,Null,2024/2025,BALMORAL ROAD,FERRYHILL ROAD,,Minor Crash,No,2024,,West,,0,,Hill Road,,,,,,Bright sun,447600,1,0,0,4,,,0,,,,,,Auckland Region,Nil,2-way,Sealed,,0,0,,50,,Off,0,0,,76,Auckland,Stop,,,,,0,0,Urban,0,,,Fine,Null
1765788.077,5907936.8868,868559,,522301,0,0,0,2,0,North,2023/2024,KAKAPO PLACE,MATUKU PLACE,,Non-Injury Crash,No,2024,0,North,0,0,0,Flat,0,Easter,0,,0,Dark,696805,0,0,0,2,0,0,0,0,1,,0,0,Auckland Region,Nil,2-way,Sealed,0,0,0,0,50,0,On,0,0,,76,Auckland,Nil,0,0,0,0,0,0,Urban,0,0,0,Fine,None
1771255.1726,5900279.6134,868562,,523911,0,,0,2,,South,2023/2024,PORCHESTER ROAD,SHERIFF PLACE,,Non-Injury Crash,No,2024,,North,,0,,Flat,,,,,,Overcast,767202,0,0,0,2,,,0,,,,,,Auckland Region,Bridge,2-way,Sealed,,0,0,,50,,Off,0,0,,76,Auckland,Nil,,,,,0,0,Urban,0,,,Fine,Null
1755257.6174,5929053.2362,868564,,508420,0,,0,0,,East,2024/2025,WAIRAU ROAD,DIANA DRIVE,,Minor Crash,No,2024,,North,,0,,Hill Road,,,,,,Overcast,183800,1,0,0,4,,,0,,,1,,,Auckland Region,Nil,2-way,Sealed,,0,0,,50,,Off,0,0,,76,Auckland,Nil,,,,,0,0,Urban,1,,,Fine,Null
1764977.9326,5915675.674,868573,,520301,0,0,0,1,0,South,2022/2023,MORRIN ROAD,TAINUI ROAD,,Non-Injury Crash,No,2023,0,North,0,0,0,Flat,0,,0,,0,Bright sun,627800,0,0,0,2,0,0,0,0,1,,0,0,Auckland Region,Nil,2-way,Sealed,0,0,0,0,50,0,Off,2,0,,76,Auckland,Nil,0,0,0,0,0,0,Urban,0,0,0,Fine,Null
1762386.6975,5913321.927,868575,,520402,0,,0,2,,South,2024/2025,SOUTHERN MOTORWAY,PENROSE OBR,,Non-Injury Crash,Yes,2025,,South,,0,,Flat,,,,,,Dark,642200,0,0,0,4,,,0,,,,,,Auckland Region,Nil,1-way,Sealed,,0,0,,100,,On,0,0,,76,Auckland,Nil,,,,,0,0,Open,0,,,Heavy rain,Null
1763904.7864,5906655.5693,868583,,524303,0,0,0,1,0,North,2023/2024,PORTAGE ROAD,GRAY AVENUE,,Non-Injury Crash,No,2023,0,South,0,0,0,Flat,0,,0,,0,Overcast,657100,0,0,0,2,0,0,0,0,1,,0,0,Auckland Region,Nil,2-way,Sealed,0,0,0,0,50,0,Off,0,0,,76,Auckland,Nil,0,0,0,0,0,0,Urban,1,0,0,Fine,None
1730918.6935,5930571.4538,868590,,506652,0,0,0,0,0,North,2024/2025,SH 16,WOODHILL PARK ROAD,,Non-Injury Crash,Yes,2024,0,West,0,0,1,Flat,0,,0,,0,Bright sun,218000,0,0,0,2,0,0,0,0,0,,0,0,Auckland Region,Nil,2-way,Sealed,0,0,0,0,100,0,None,0,0,,76,Auckland,Nil,0,0,0,2,0,0,Open,1,0,0,Fine,Null
1751599.12,5926758.4545,868593,,510210,0,0,0,1,0,Null,2022/2023,FLAXDALE STREET,HELLYERS STREET,,Non-Injury Crash,No,2023,0,North,0,0,1,Flat,0,,0,,0,Dark,347400,0,0,0,2,0,0,0,0,0,,0,0,Auckland Region,Nil,2-way,Sealed,0,0,0,0,50,0,On,0,0,,76,Auckland,Give way,0,0,0,1,0,0,Urban,0,0,0,Heavy rain,Null
1745260.0265,5924148.52,868594,,513521,0,0,0,1,0,North,2024/2025,LUCKENS ROAD,LAGOON WAY,,Non-Injury Crash,No,2024,0,North,0,0,0,Flat,0,,0,,0,Dark,224228,0,0,0,2,0,0,0,0,1,,0,0,Auckland Region,Nil,2-way,Sealed,0,0,0,0,50,0,On,1,0,,76,Auckland,Nil,0,0,0,0,0,0,Urban,0,0,0,Fine,Null
1748626.7813,5943039.031,868597,,505806,0,,0,1,,North,2023/2024,NORTHERN MOTORWAY,WILKS OBR,,Non-Injury Crash,Yes,2023,,South,,0,,Flat,,,,,,Overcast,176802,0,0,0,2,,,0,,,,,,Auckland Region,Nil,1-way,Sealed,,0,0,,100,,None,0,0,,76,Auckland,Nil,,,,,0,0,Open,0,,,Heavy rain,Null
1757617.2656,5913465.5999,868598,,518702,0,,0,1,,South,2024/2025,PAH ROAD,MOUNT ALBERT ROAD,,Minor Crash,No,2025,,North,,0,,Flat,,,,,,Bright sun,567600,1,0,0,4,,,0,,,,,,Auckland Region,Nil,2-way,Sealed,,0,0,,50,,Off,1,0,,76,Auckland,Nil,,,,,0,0,Urban,0,,,Fine,Null
1776313.1558,5895246.6672,868600,35,521301,0,,0,1,,East,2023/2024,HUNUA ROAD,DOMINION ROAD,,Serious Crash,No,2023,,West,,0,,Hill Road,,,,,,Bright sun,808001,2,0,0,2,,,0,,,,,,Auckland Region,Nil,2-way,Sealed,,0,1,,60,,None,0,0,,76,Auckland,Nil,,,,,1,0,Urban,0,,,Fine,Null
1751006.2187,5918003.418,868604,,514801,0,,0,2,,West,2022/2023,NORTH-WESTERN MOTORWAY,SH 20,,Non-Injury Crash,Yes,2023,,West,,0,,Flat,,,,,,Overcast,390402,0,0,0,5,,,0,,,,,,Auckland Region,Nil,1-way,Sealed,,0,0,,100,,Off,0,0,,76,Auckland,Nil,,,,,0,0,Open,0,,,Fine,Null
1782380.1056,5925657.9386,868606,,520801,0,0,0,0,0,East,2024/2025,PUTIKI ROAD,WHARF ROAD,,Non-Injury Crash,No,2024,0,East,0,0,0,Hill Road,0,,1,,0,Bright sun,515314,0,0,0,2,0,0,0,0,0,,0,0,Auckland Region,Nil,2-way,Sealed,0,0,0,0,30,0,Off,0,0,,76,Auckland,Nil,0,0,0,0,0,0,Urban,1,0,0,Fine,Null
1753543.4235,5927065.2167,868609,,508220,0,,0,1,,Null,2023/2024,GLENFIELD ROAD,ROBERTS ROAD,,Minor Crash,No,2023,,North,,0,,Hill Road,,,,,,Bright sun,187700,1,0,1,2,,,0,,,,,,Auckland Region,Nil,2-way,Sealed,,0,0,,50,,None,0,0,,76,Auckland,Give way,,,,,0,0,Urban,0,,,Fine,Null
1748549.6421,5913089.1022,868611,,511401,0,0,0,1,0,East,2024/2025,TITIRANGI ROAD,PARKER AVENUE,,Non-Injury Crash,No,2024,0,East,0,0,0,Flat,0,,0,,0,Bright sun,263900,0,0,0,2,0,0,0,0,0,,0,1,Auckland Region,Nil,2-way,Sealed,0,0,0,0,50,0,Off,0,0,,76,Auckland,Nil,0,0,0,0,0,0,Urban,0,0,0,Fine,Null
1750062.638,5916896.7136,868612,,514801,0,0,0,1,0,North,2023/2024,JOMAC PLACE,ROSEBANK ROAD,,Non-Injury Crash,No,2023,0,North,0,0,1,Flat,0,,0,,0,Dark,389400,0,0,0,0,0,0,0,0,0,,0,0,Auckland Region,Nil,2-way,Sealed,0,0,0,0,50,0,On,0,0,,76,Auckland,Nil,0,0,0,0,0,0,Urban,0,0,0,Fine,Null
1758208.6762,5920233.3582,868629,,514103,0,,0,2,,Null,2022/2023,BEACH ROAD,CHURCHILL STREET,,Non-Injury Crash,No,2023,,East,,0,,Flat,,,,,,Twilight,438203,0,0,0,4,,,0,,,,,,Auckland Region,Nil,2-way,Sealed,,0,0,,30,,Off,0,0,,76,Auckland,Give way,,,,,1,0,Urban,0,,,Fine,Null
1766980.9999,5903914.9961,868631,,524604,0,,0,1,,Null,2023/2024,LAMBIE DRIVE ON RAMP,SOUTH-WESTERN MOTORWAY,,Non-Injury Crash,No,2023,,East,,0,,Flat,,,,,,Bright sun,780209,0,0,0,2,,,0,,,,,,Auckland Region,Motorway ramp,1-way,Sealed,,0,0,,100,,Off,1,0,,76,Auckland,Nil,,,,,0,0,Open,0,,,Fine,None
1753739.9999,5930115.9961,868634,,508420,0,,0,2,,Null,2024/2025,SUNSET ROAD,TRIAS ROAD,,Non-Injury Crash,No,2024,,South,,0,,Null,,,,,,Bright sun,182710,0,0,0,2,,,0,,,,,,Auckland Region,Nil,2-way,Sealed,,0,0,,50,,Null,0,0,,76,Auckland,Stop,,,,,0,0,Urban,0,,,Fine,Null
1763948.5822,5912298.6711,868644,,520500,0,,0,2,,Null,2024/2025,MOUNT WELLINGTON HIGHWAY,SYLVIA PARK ROAD,,Serious Crash,No,2025,,South,,0,,Flat,,,,,,Dark,639500,0,0,0,4,,,0,,,,,,Auckland Region,Nil,2-way,Sealed,,0,1,,60,,On,0,0,,76,Auckland,Traffic Signals,,,,,0,0,Urban,0,,,Light rain,Null
1759622.3481,5912274.5644,868650,,519820,0,0,0,1,0,North,2023/2024,VICTORIA STREET,CHURCH STREET,,Non-Injury Crash,No,2024,0,North,0,0,0,Hill Road,0,,0,,0,Overcast,601300,0,0,0,2,0,0,0,0,1,,0,0,Auckland Region,Nil,2-way,Sealed,0,0,0,0,50,0,Off,0,0,,76,Auckland,Nil,0,0,0,0,0,0,Urban,0,0,0,Fine,Frost
1768921.2937,5911556.8616,868651,,523112,0,,0,1,,West,2025/2026,TI RAKAU DRIVE,HARRIS ROAD,,Serious Crash,No,2025,,West,,0,,Flat,,,,,,Dark,711404,0,0,0,2,,,0,,,1,,,Auckland Region,Nil,1-way,Sealed,,0,1,,50,,On,0,0,,76,Auckland,Nil,,,,,0,0,Urban,0,,,Fine,Null