X,Y,OBJECTID,advisorySpeed,areaUnitID,bicycle,bridge,bus,carStationWagon,cliffBank,crashDirectionDescription,crashFinancialYear,crashLocation1,crashLocation2,crashRoadSideRoad,crashSeverity,crashSHDescription,crashYear,debris,directionRoleDescription,ditch,fatalCount,fence,flatHill,guardRail,holiday,houseOrBuilding,intersection,kerb,light,meshblockId,minorInjuryCount,moped,motorcycle,NumberOfLanes,objectThrownOrDropped,otherObject,otherVehicleType,overBank,parkedVehicle,pedestrian,phoneBoxEtc,postOrPole,region,roadCharacter,roadLane,roadSurface,roadworks,schoolBus,seriousInjuryCount,slipOrFlood,speedLimit,strayAnimal,streetLight,suv,taxi,temporarySpeedLimit,tlaId,tlaName,trafficControl,trafficIsland,trafficSign,train,tree,truck,unknownVehicleType,urban,vanOrUtility,vehicle,waterRiver,weatherA,weatherB
1744809.4935,5919808.3027,868654,,513301,0,0,0,1,0,Null,2023/2024,UNIVERSAL DRIVE,PENFOLD PLACE,,Non-Injury Crash,No,2024,0,West,0,0,1,Flat,0,,0,,1,Dark,234403,0,0,0,2,0,0,0,0,0,,0,0,Auckland Region,Nil,2-way,Sealed,0,0,0,0,50,0,On,0,0,,76,Auckland,Give way,0,0,0,0,0,0,Urban,0,0,0,Fine,Null
1763566.1279,5904083.7938,868655,,524604,0,,0,2,,West,2025/2026,PUHINUI ROAD,PUHINUI ROAD-SH 20B ON RAMP,,Minor Crash,Yes,2026,,West,,0,,Hill Road,,,,,,Twilight,780902,1,0,0,2,,,0,,,,,,Auckland Region,Nil,2-way,Sealed,,0,0,,60,,On,0,0,30,76,Auckland,Nil,,,,,0,0,Urban,1,,,Fine,Null
1758788.6134,5911263.5007,868664,,519820,1,,0,0,,South,2023/2024,ONEHUNGA HARBOUR ROAD,ONEHUNGA HARBOUR ROAD OFF RAMP,,Minor Crash,No,2024,,East,,0,,Flat,,,,,,Overcast,602504,1,0,0,3,,,0,,,,,,Auckland Region,Nil,2-way,Sealed,,0,0,,50,,Off,0,0,,76,Auckland,Give way,,,,,0,0,Urban,1,,,Fine,Null
1762424.6046,5913223.8514,868666,,520500,0,,0,2,,Null,2023/2024,SOUTHERN MOTORWAY,SOUTH-EASTERN HWY ON RAMP,,Non-Injury Crash,Yes,2024,,North,,0,,Flat,,,,,,Bright sun,637200,0,0,0,3,,,0,,,,,,Auckland Region,Motorway ramp,1-way,Sealed,,0,0,,100,,Off,0,0,,76,Auckland,Nil,,,,,0,0,Open,0,,,Fine,Null
1767659.9191,5905195.3552,868667,,524603,0,,0,1,,North,2024/2025,SOUTHERN MOTORWAY,TE IRIRANGI OBR,,Minor Crash,Yes,2025,,North,,0,,Flat,,,,,,Overcast,780304,1,0,1,3,,,0,,,,,,Auckland Region,Overpass,1-way,Sealed,,0,0,,100,,Off,0,0,,76,Auckland,Nil,,,,,0,0,Open,0,,,Light rain,Null
1765130.3677,5909876.3342,868668,,521803,0,,0,1,,North,2023/2024,SOUTHERN MOTORWAY,TRENWITH OBR,,Minor Crash,Yes,2024,,South,,0,,Flat,,,,,,Overcast,788300,1,0,1,3,,,0,,,,,,Auckland Region,Nil,1-way,Sealed,,0,0,,100,,Off,0,0,,76,Auckland,Nil,,,,,0,0,Open,0,,,Fine,Null
1766584.3216,5918800.0629,868670,,516900,0,,0,0,,North,2023/2024,CROSSFIELD ROAD,CRANBROOK PLACE,,Minor Crash,No,2023,,South,,0,,Flat,,,,,,Overcast,467500,1,1,0,2,,,0,,,,,,Auckland Region,Nil,2-way,Sealed,,0,0,,50,,Off,0,0,,76,Auckland,Nil,,,,,0,0,Urban,0,,,Light rain,Null
1733407.5619,5918697.9637,868671,,513800,0,0,0,1,0,West,2025/2026,BETHELLS ROAD,LONG ROAD,,Minor Crash,No,2025,0,East,0,0,0,Flat,0,,0,,0,Dark,281700,2,0,0,2,0,0,0,0,0,,0,0,Auckland Region,Nil,2-way,Sealed,0,0,0,0,60,0,None,0,0,,76,Auckland,Nil,0,0,0,1,0,0,Urban,0,0,0,Fine,Null
1759488.3715,5908780.6726,868679,,524002,0,,0,2,,North,2025/2026,CORONATION ROAD,WALMSLEY ROAD,,Non-Injury Crash,No,2025,,North,,0,,Flat,,,,,,Overcast,724101,0,0,0,2,,,0,,,,,,Auckland Region,Nil,2-way,Sealed,,0,0,,50,,Off,0,0,,76,Auckland,Nil,,,,,0,0,Urban,0,,,Heavy rain,Null
1763205.6873,5905147.1372,868680,,524303,0,0,0,1,0,South,2024/2025,SOUTH-WESTERN MOTORWAY,PORTAGE OBR,,Non-Injury Crash,Yes,2025,0,South,0,0,0,Flat,1,,0,,0,Twilight,746301,0,0,0,2,0,0,0,0,0,,0,0,Auckland Region,Nil,1-way,Sealed,0,0,0,0,100,0,On,0,0,,76,Auckland,Nil,0,0,0,0,0,0,Open,0,0,0,Fine,Null
1755168.0351,5929094.2211,868682,,508320,0,,0,2,,Null,2023/2024,WAIRAU ROAD,DIANA DRIVE,,Non-Injury Crash,No,2024,,West,,0,,Hill Road,,,,,,Bright sun,196700,0,0,0,5,,,0,,,,,,Auckland Region,Nil,2-way,Sealed,,0,0,,50,,Off,0,0,,76,Auckland,Traffic Signals,,,,,0,0,Urban,0,,,Fine,Null
1772563.7672,5896376.2064,868686,,525410,0,,0,2,,Null,2023/2024,EAST STREET,ELLIOT STREET,,Minor Crash,No,2024,,North,,0,,Flat,,,,,,Dark,791900,1,0,0,3,,,0,,,,,,Auckland Region,Nil,2-way,Sealed,,0,0,,50,,On,0,0,40,76,Auckland,Traffic Signals,,,,,0,0,Urban,0,,,Fine,Strong wind
1756434.6332,5920312.7143,868688,,514102,0,,0,1,,Null,2024/2025,COOK STREET,UNION STREET,,Minor Crash,No,2025,,East,,0,,Hill Road,,,,,,Bright sun,432700,1,0,1,2,,,0,,,,,,Auckland Region,Nil,1-way,Sealed,,0,0,,30,,Off,0,0,,76,Auckland,Stop,,,,,0,0,Urban,0,,,Fine,Null
1747407.0206,5920621.9486,868690,,512300,0,0,0,1,0,Null,2023/2024,OFF  ROAD - CARPARK - HARBOURVIEW RESERVE,,,Serious Crash,No,2024,0,North,0,0,0,Hill Road,0,Easter,0,,0,Dark,251102,0,0,0,0,0,0,0,0,0,1,1,0,Auckland Region,Nil,Off road,Sealed,0,0,1,0,,0,None,0,0,,76,Auckland,Nil,0,0,0,0,0,0,Urban,0,0,0,Fine,Null
1754672.7502,5914745.0708,868694,,518802,0,,0,2,,Null,2023/2024,MOUNT ALBERT ROAD,WAITE AVENUE,,Non-Injury Crash,No,2023,,North,,0,,Flat,,Christmas New Year,,,,Bright sun,577700,0,0,0,2,,,0,,,,,,Auckland Region,Nil,2-way,Sealed,,0,0,,50,,Off,0,0,,76,Auckland,Stop,,,,,0,0,Urban,0,,,Fine,Null
1773545.5164,5894376.325,868702,,521301,1,,0,1,,Null,2023/2024,OPAHEKE ROAD,OTUWAIROA ESPLANADE,,Minor Crash,No,2023,,North,,0,,Hill Road,,,,,,Overcast,808301,1,0,0,2,,,0,,,,,,Auckland Region,Nil,2-way,Sealed,,0,0,,50,,Off,0,0,,76,Auckland,Give way,,,,,0,0,Urban,0,,,Fine,Null
1767259.2865,5901288.2213,868704,,524720,0,0,0,1,0,South,2023/2024,RUSSELL ROAD,SWALLOW DRIVE,,Non-Injury Crash,No,2023,0,South,0,0,0,Flat,0,,0,,0,Dark,777502,0,0,0,2,0,0,0,0,0,,0,1,Auckland Region,Nil,2-way,Sealed,0,0,0,0,50,0,On,0,0,,76,Auckland,Nil,0,0,0,0,0,0,Urban,0,0,0,Fine,Null
1764683.6585,5903764.3192,868733,,524604,0,,0,2,,Null,2022/2023,CAVENDISH DRIVE,CAVENDISH DRIVE ON RAMP,,Non-Injury Crash,No,2023,,West,,0,,Flat,,,,,,Overcast,781200,0,0,0,3,,,0,,,,,,Auckland Region,Motorway ramp,1-way,Sealed,,0,0,,50,,Off,0,0,,76,Auckland,Nil,,,,,0,0,Urban,0,,,Light rain,Null
1770174.8949,5908080.6343,868734,,523713,0,,0,2,,West,2023/2024,STANCOMBE ROAD,KESTEV DRIVE,,Non-Injury Crash,No,2023,,East,,0,,Flat,,,,,,Overcast,712401,0,0,0,2,,,0,,,,,,Auckland Region,Nil,2-way,Sealed,,0,0,,50,,On,0,0,,76,Auckland,Nil,,,,,0,0,Urban,0,,,Fine,Null
1761038.1917,5916203.203,868738,,516003,0,0,0,3,0,East,2022/2023,PEACH PARADE,GRAND VIEW ROAD,,Non-Injury Crash,No,2023,0,West,0,0,0,Hill Road,0,,0,,0,Dark,494902,0,0,0,2,0,0,0,0,1,,0,0,Auckland Region,Nil,2-way,Sealed,0,0,0,0,50,0,On,0,0,,76,Auckland,Nil,0,0,0,0,0,0,Urban,0,0,0,Fine,Null
1766486.3224,5903848.7253,868743,,524604,0,0,0,1,0,East,2025/2026,SOUTH-WESTERN MOTORWAY,LAMBIE DRIVE OFF RAMP,,Non-Injury Crash,Yes,2025,0,East,0,0,0,Flat,1,,0,,0,Dark,780210,0,0,0,2,0,0,0,0,0,,0,0,Auckland Region,Nil,1-way,Sealed,0,0,0,0,100,0,On,0,0,,76,Auckland,Nil,0,0,0,0,0,0,Open,0,0,0,Fine,Null
1758940.2874,5919259.4925,868751,,515902,0,,0,2,,Null,2025/2026,PARNELL ROAD,BIRDWOOD CRESCENT,,Non-Injury Crash,No,2025,,South,,0,,Null,,,,,,Bright sun,451500,0,0,0,3,,,0,,,,,,Auckland Region,Nil,2-way,Sealed,,0,0,,50,,Null,0,0,,76,Auckland,Traffic Signals,,,,,0,0,Urban,0,,,Fine,Null
1762386.7372,5907171.2033,868754,,524520,0,0,0,1,0,North,2022/2023,MASSEY ROAD,BUCKLAND ROAD,,Non-Injury Crash,No,2023,0,South,0,0,0,Flat,0,,0,,0,Twilight,734703,0,0,0,1,0,0,0,0,1,,0,0,Auckland Region,Nil,2-way,Sealed,0,0,0,0,50,0,On,0,0,,76,Auckland,Nil,0,0,0,0,0,0,Urban,1,0,0,Light rain,Null
1762131.0793,5913736.0981,868755,,520500,0,0,0,3,0,North,2024/2025,SOUTHERN MOTORWAY,PENROSE OBR,,Non-Injury Crash,Yes,2025,0,North,0,0,0,Flat,0,,0,,0,Twilight,637000,0,0,0,3,0,0,0,0,0,,0,0,Auckland Region,Nil,1-way,Sealed,0,0,0,0,100,0,On,0,0,,76,Auckland,Nil,0,0,0,0,0,0,Open,0,2,0,Fine,Null
1755829.1636,5883794.1145,868761,,521152,0,0,0,1,0,North,2022/2023,REID ROAD,GILMORE ROAD,,Minor Crash,No,2023,0,North,0,0,0,Flat,0,,0,,0,Dark,834501,1,0,0,2,0,0,0,0,0,,0,0,Auckland Region,Nil,2-way,Sealed,0,0,0,0,80,0,On,0,0,,76,Auckland,Nil,0,0,0,1,0,0,Open,0,0,0,Fine,Null
1740545.8833,5923689.6201,868763,,513701,0,0,0,0,0,West,2025/2026,NELSON ROAD,NIXON ROAD,,Non-Injury Crash,No,2026,0,West,0,0,1,Hill Road,0,,0,,0,Bright sun,229800,0,0,0,2,0,0,0,0,0,,0,0,Auckland Region,Nil,2-way,Sealed,0,0,0,0,60,0,None,0,0,,76,Auckland,Nil,0,0,0,0,0,0,Urban,1,0,0,Fine,Null
1758614.1135,5920621.5501,868767,,514101,0,,1,0,,West,2025/2026,QUAY STREET,THE STRAND,,Non-Injury Crash,No,2025,,West,,0,,Flat,,,,,,Bright sun,438214,0,0,0,2,,,0,,,,,,Auckland Region,Nil,1-way,Sealed,,0,0,,50,,Off,0,0,,76,Auckland,Nil,,,,,0,0,Urban,1,,,Fine,Null
1751027.888,5914389.2463,868779,,514402,0,0,0,2,0,North,2025/2026,ARRAN STREET,ALANBROOKE CRESCENT,,Non-Injury Crash,No,2025,0,North,0,0,0,Flat,0,,0,,0,Dark,381500,0,0,0,2,0,0,0,0,1,,0,0,Auckland Region,Nil,2-way,Sealed,0,0,0,0,50,0,On,0,0,,76,Auckland,Nil,0,0,0,0,0,0,Urban,0,0,0,Fine,Null
1729710.9541,5940999.8675,868783,,506800,0,,0,1,,South,2025/2026,RAILWAY STREET,SALEYARD STREET,,Non-Injury Crash,Yes,2025,,North,,0,,Null,,,,,,Bright sun,208201,0,0,0,2,,,0,,,,,,Auckland Region,Nil,2-way,Sealed,,0,0,,50,,Null,0,0,,76,Auckland,Nil,,,,,0,0,Urban,1,,,Fine,Null
1769787.1593,5901200.7134,868787,,524901,0,,0,1,,East,2022/2023,ALFRISTON ROAD,BROUGH ROAD,,Non-Injury Crash,No,2023,,West,,0,,Flat,,,,,,Unknown,757602,0,0,0,2,,,0,,,,,,Auckland Region,Nil,2-way,Sealed,,0,0,,50,,Off,0,0,,76,Auckland,Nil,,,,,0,1,Urban,0,,,Fine,None
1761063.5082,5914371.8343,868788,,520202,0,,0,1,,Null,2023/2024,GREAT SOUTH ROAD,ELLERSLIE-PANMURE HIGHWAY,,Non-Injury Crash,No,2023,,South,,0,,Flat,,,,,,Overcast,612200,0,0,0,2,,,0,,,,,,Auckland Region,Nil,1-way,Sealed,,0,0,,50,,Off,1,0,,76,Auckland,Give way,,,,,0,0,Urban,0,,,Fine,Null
1757261.4504,5915334.2577,868792,,515802,0,,0,1,,Null,2023/2024,ST ANDREWS ROAD,ONSLOW AVENUE,,Non-Injury Crash,No,2023,,North,,0,,Hill Road,,,,,,Overcast,447802,0,0,0,2,,,0,,,,,,Auckland Region,Nil,2-way,Sealed,,0,0,,50,,Off,0,0,,76,Auckland,Stop,,,,,1,0,Urban,0,,,Fine,Null
1752403.8723,5978295.8489,868793,,506661,0,0,0,0,1,South,2022/2023,MATAKANA VALLEY ROAD,SMITH ROAD,,Minor Crash,No,2023,0,North,0,0,0,Flat,0,,0,,0,Dark,138201,1,0,0,2,0,0,0,0,0,,0,0,Auckland Region,Nil,2-way,Sealed,0,0,0,0,80,0,None,0,0,,76,Auckland,Nil,0,0,0,0,0,0,Open,2,0,0,Fine,Null
1746092.2548,5918166.1591,868802,,512500,0,,0,2,,North,2023/2024,EDMONTON ROAD,CENTRAL PARK DRIVE,,Non-Injury Crash,No,2023,,North,,0,,Flat,,,,,,Overcast,257002,0,0,0,4,,,0,,,,,,Auckland Region,Nil,2-way,Sealed,,0,0,,50,,Off,0,0,,76,Auckland,Nil,,,,,0,0,Urban,0,,,Light rain,Null
1772029.8967,5902670.5471,868806,,523819,0,0,0,1,1,South,2023/2024,MILL ROAD,POLO PRINCE DRIVE,,Non-Injury Crash,No,2024,0,South,0,0,0,Hill Road,0,,0,,0,Dark,760811,0,0,0,2,0,0,0,0,0,,0,0,Auckland Region,Nil,2-way,Sealed,0,0,0,0,60,0,None,0,0,,76,Auckland,Nil,0,0,0,0,0,0,Urban,0,0,0,Fine,Null
1765154.8133,5914862.6617,868807,,520301,0,0,0,3,0,West,2024/2025,PLEASANT VIEW ROAD,PILKINGTON ROAD,,Non-Injury Crash,No,2025,0,West,0,0,0,Flat,0,,0,,0,Bright sun,628002,0,0,0,2,0,0,0,0,1,,0,0,Auckland Region,Nil,2-way,Sealed,0,0,0,0,50,0,Off,0,0,,76,Auckland,Nil,0,0,0,0,0,0,Urban,0,0,0,Fine,Null
1755798.4939,5921167.4868,868813,,515202,0,0,0,1,0,West,2023/2024,NORTHERN MOTORWAY,FANSHAWE STREET OFF RAMP,,Non-Injury Crash,Yes,2023,0,East,0,0,0,Flat,1,Christmas New Year,0,,0,Dark,425600,0,0,0,4,0,0,0,0,0,,0,0,Auckland Region,Nil,1-way,Sealed,0,0,0,0,80,0,On,0,0,,76,Auckland,Nil,0,0,0,0,0,0,Open,0,0,0,Light rain,Null
1753351.9598,5914563.5942,868814,,518801,0,,0,0,,South,2024/2025,SH 20,MAIORO STREET ON RAMP,,Non-Injury Crash,Yes,2025,,North,,0,,Flat,,,,,,Dark,578400,0,0,0,3,,,0,,,,,,Auckland Region,Nil,1-way,Sealed,,0,0,,80,,On,0,0,,76,Auckland,Nil,,,,,1,0,Open,1,,,Fine,Null
1724172.3958,5929612.1395,868815,,506652,0,,0,0,,Null,2023/2024,OFF ROAD - BEACH,,,Fatal Crash,No,2024,,South,,1,,Flat,,,,,,Bright sun,218200,1,0,0,,,,0,,,,,,Auckland Region,Nil,Off road,Unsealed,,0,1,,60,,None,0,0,,76,Auckland,Nil,,,,,0,0,Urban,2,,,Fine,Null
1754469.5847,5929165.0245,868817,,508320,1,,0,0,,Null,2023/2024,VIEW ROAD,MERTON AVENUE,,Minor Crash,No,2024,,West,,0,,Hill Road,,,,,,Overcast,196600,1,0,0,2,,,0,,,,,,Auckland Region,Nil,2-way,Sealed,,0,0,,50,,Off,0,0,,76,Auckland,Nil,,,,,0,1,Urban,0,,,Fine,Null
1750012.0924,5913819.0428,868818,,511303,0,0,0,1,0,East,2025/2026,CLARK STREET,RANKIN AVENUE,,Non-Injury Crash,No,2025,0,West,0,0,0,Flat,0,,0,,0,Dark,265001,0,0,0,3,0,0,0,0,0,,1,0,Auckland Region,Nil,2-way,Sealed,0,0,0,0,50,0,On,0,0,,76,Auckland,Nil,0,0,0,0,0,0,Urban,0,0,0,Light rain,Strong wind
1757713.8962,5913556.5886,868819,,518702,0,,0,1,,East,2023/2024,MOUNT ALBERT ROAD,PAH ROAD,,Non-Injury Crash,No,2024,,West,,0,,Flat,,,,,,Dark,567900,0,0,0,4,,,0,,,,,,Auckland Region,Nil,2-way,Sealed,,0,0,,50,,On,0,0,,76,Auckland,Nil,,,,,0,0,Urban,1,,,Light rain,Null
1770905.9161,5905254.4349,868822,,523713,0,0,0,0,0,South,2024/2025,MURPHYS ROAD,MURPHYS PARK DRIVE,,Serious Crash,No,2024,0,South,0,0,0,Flat,0,,0,,0,Bright sun,713501,0,0,1,2,0,0,0,0,0,,0,1,Auckland Region,Nil,2-way,Sealed,0,0,1,0,60,0,Off,0,0,,76,Auckland,Nil,0,0,0,0,0,0,Urban,0,0,0,Fine,Null
1750141.9558,5916285.1753,868827,,514801,0,,0,1,,Null,2023/2024,ROSEBANK ROAD,AVONDALE ROAD,,Minor Crash,No,2023,,North,,0,,Flat,,,,,,Twilight,387200,2,0,0,2,,,0,,,,,,Auckland Region,Nil,2-way,Sealed,,0,0,,50,,Off,1,0,,76,Auckland,Traffic Signals,,,,,0,0,Urban,0,,,Fine,Null
1771754.6538,5902901.5187,868830,,523819,0,0,0,1,0,Null,2022/2023,MILL ROAD,POLO PRINCE DRIVE,,Non-Injury Crash,No,2023,0,East,0,0,0,Flat,0,,0,,0,Bright sun,760812,0,0,0,2,1,0,0,0,0,,0,0,Auckland Region,Nil,2-way,Sealed,0,0,0,0,60,0,Off,0,0,,76,Auckland,Give way,0,0,0,0,0,1,Urban,0,0,0,Fine,None
1755664.4525,5928728.2651,868854,,508510,0,0,0,0,0,North,2022/2023,NORTHERN MOTORWAY,TRISTRAM AVENUE ON RAMP,,Non-Injury Crash,Yes,2023,0,South,0,0,0,Flat,1,,0,,0,Bright sun,195700,0,0,0,4,0,0,0,0,0,,0,0,Auckland Region,Motorway ramp,1-way,Sealed,0,0,0,0,100,0,Null,0,0,,76,Auckland,Nil,0,0,0,0,0,0,Open,1,0,0,Fine,Null
1772663.0468,5893054.2073,868856,,521301,0,0,0,1,0,South,2023/2024,SOUTHERN MOTORWAY,SERVICE CENTRE ON SBD,,Non-Injury Crash,Yes,2023,0,South,0,0,0,Flat,0,,0,,0,Overcast,808608,0,0,0,2,0,0,0,0,0,,0,1,Auckland Region,Nil,1-way,Sealed,0,0,0,0,100,0,Off,0,0,,76,Auckland,Nil,0,0,0,0,0,0,Open,0,0,0,Light rain,Null
1758537.805,5906133.0136,868857,,524200,0,,0,2,,North,2024/2025,RENNIE DRIVE,AINTREE AVENUE,,Non-Injury Crash,No,2024,,South,,0,,Flat,,,,,,Overcast,726400,0,0,0,2,,,0,,,,,,Auckland Region,Nil,2-way,Sealed,,0,0,,50,,Off,0,0,,76,Auckland,Nil,,,,,0,0,Urban,0,,,Fine,Null
1755218.0554,5878364.6672,868859,,521152,0,0,0,1,0,North,2023/2024,GLENBROOK-WAIUKU ROAD,PUKEOWARE ROAD,,Minor Crash,No,2023,0,South,0,0,0,Flat,1,,0,,0,Dark,834000,1,0,0,2,0,0,0,0,0,,0,0,Auckland Region,Bridge,2-way,Sealed,0,0,0,0,80,0,None,0,0,,76,Auckland,Nil,0,0,0,0,0,0,Open,0,0,0,Fine,Null
1780492.6538,5926267.7456,868862,,520801,0,,0,1,,Null,2023/2024,SURFDALE ROAD,HAMILTON ROAD,,Serious Crash,No,2023,,North,,0,,Flat,,,,,,Overcast,516603,0,1,0,2,,,0,,,,,,Auckland Region,Nil,2-way,Sealed,,0,1,,30,,Off,0,0,,76,Auckland,Give way,,,,,0,0,Urban,0,,,Fine,Null
1765406.505,5901994.3894,868865,,524604,0,,0,1,,Null,2024/2025,ROSCOMMON ROAD,KIWI TAMAKI ROAD,,Minor Crash,No,2025,,North,,0,,Flat,,,,,,Bright sun,781200,1,0,0,2,,,0,,,,,,Auckland Region,Nil,1-way,Sealed,,0,0,,60,,Off,1,0,,76,Auckland,Traffic Signals,,,,,0,0,Urban,0,,,Fine,Null
1750054.975,5940631.7687,868866,,506300,0,0,0,1,0,North,2023/2024,NORTHERN MOTORWAY,BAWDEN OBR,,Minor Crash,Yes,2023,0,South,0,0,0,Flat,1,,0,,0,Dark,175902,1,0,0,2,0,0,0,0,0,,0,0,Auckland Region,Nil,1-way,Sealed,0,0,0,0,100,0,On,0,0,,76,Auckland,Nil,0,0,0,0,0,0,Open,0,0,0,Fine,Null
1770627.2359,5911217.2326,868870,,523109,0,,0,2,,Null,2023/2024,CHAPEL ROAD,TI RAKAU DRIVE,,Minor Crash,No,2024,,North,,0,,Flat,,,,,,Overcast,711709,1,0,0,4,,,0,,,,,,Auckland Region,Nil,2-way,Sealed,,0,0,,50,,None,0,0,,76,Auckland,Traffic Signals,,,,,0,0,Urban,0,,,Fine,Null
1763763.397,5911524.541,868872,,520500,0,0,0,0,0,South,2023/2024,NIALL BURGESS ROAD,VESTEY DRIVE,,Non-Injury Crash,No,2024,0,West,0,0,0,Flat,0,,0,,0,Bright sun,637900,0,0,0,2,0,0,0,0,1,,0,0,Auckland Region,Nil,2-way,Sealed,0,0,0,0,50,0,Off,1,0,,76,Auckland,Nil,0,0,0,0,1,0,Urban,0,0,0,Fine,Null
1761929.2589,5907845.1788,868873,,524530,0,,0,2,,South,2024/2025,YATES ROAD,WICKMAN WAY,,Non-Injury Crash,No,2024,,North,,0,,Flat,,,,,,Bright sun,733201,0,0,0,2,,,0,,,,,,Auckland Region,Nil,2-way,Sealed,,0,0,,30,,Off,0,0,,76,Auckland,Nil,,,,,0,0,Urban,0,,,Fine,None
1757426.774,5919622.6371,868878,,514301,1,,0,0,,Null,2023/2024,SYMONDS STREET,WHITAKER PLACE,,Minor Crash,No,2024,,Null,,0,,Hill Road,,,,,,Dark,440600,1,0,0,4,,,0,,,,,,Auckland Region,Nil,2-way,Sealed,,0,0,,30,,On,0,0,,76,Auckland,Traffic Signals,,,,,0,0,Urban,0,,,Light rain,Null
1759637.3391,5909521.7837,868886,,524002,0,,0,1,,South,2024/2025,SOUTH-WESTERN MOTORWAY,HASTIE FTBR,,Minor Crash,Yes,2024,,North,,0,,Flat,,,,,,Bright sun,724102,1,0,0,4,,,0,,,,,,Auckland Region,Nil,1-way,Sealed,,0,0,,100,,Off,0,0,,76,Auckland,Nil,,,,,1,0,Open,0,,,Fine,Strong wind
1750498.4221,5915790.1402,868894,,514802,0,,0,2,,North,2023/2024,ROSEBANK ROAD,VICTOR STREET,,Non-Injury Crash,No,2024,,South,,0,,Flat,,,,,,Dark,389900,0,0,0,2,,,0,,,,,,Auckland Region,Nil,2-way,Sealed,,0,0,,50,,On,0,0,40,76,Auckland,Nil,,,,,0,0,Urban,0,,,Fine,Null
1769889.5291,5905317.8818,868898,,523712,0,0,0,2,0,West,2022/2023,THOMAS ROAD,GREENAN DRIVE,,Non-Injury Crash,No,2023,0,Null,0,0,0,Flat,0,,0,,0,Bright sun,716202,0,0,0,2,0,0,0,0,0,,0,0,Auckland Region,Nil,2-way,Sealed,0,0,0,0,50,0,Off,0,0,,76,Auckland,Nil,0,0,0,1,0,0,Urban,0,0,0,Fine,None
1767120.6033,5905544.8596,868901,,522302,0,,0,2,,East,2024/2025,GREAT SOUTH ROAD,REAGAN ROAD,,Non-Injury Crash,No,2024,,South,,0,,Null,,,,,,Unknown,670700,0,0,0,0,,,0,,,,,,Auckland Region,Nil,Null,Null,,0,0,,,,Null,0,0,,76,Auckland,Nil,,,,,0,0,Urban,0,,,Null,Null
1751259.6761,5947662.9036,868905,,505807,0,0,0,1,0,North,2024/2025,HIBISCUS COAST HIGHWAY,MOFFAT ROAD,,Non-Injury Crash,No,2024,0,North,0,0,0,Flat,0,,0,,1,Bright sun,172502,0,0,0,2,0,0,0,0,0,,0,0,Auckland Region,Nil,2-way,Sealed,0,0,0,0,50,0,Off,0,0,,76,Auckland,Nil,0,0,0,1,0,0,Urban,0,0,0,Fine,Null
1768695.5732,5914069.702,868909,,522721,0,,0,1,,West,2024/2025,PAKURANGA ROAD,CASCADES ROAD,,Non-Injury Crash,No,2024,,East,,0,,Hill Road,,,,,,Bright sun,681215,0,0,0,6,,,0,,,,,,Auckland Region,Nil,2-way,Sealed,,0,0,,50,,Off,0,0,,76,Auckland,Nil,,,,,0,0,Urban,1,,,Fine,None
1754626.7439,5929658.0982,868913,,508420,0,0,0,2,0,West,2024/2025,ELLICE ROAD,TARGET ROAD,,Non-Injury Crash,No,2024,0,East,0,0,0,Flat,0,,0,,0,Twilight,182603,0,0,0,2,0,0,0,0,1,,0,0,Auckland Region,Nil,2-way,Sealed,0,0,0,0,50,0,Off,1,0,,76,Auckland,Nil,0,0,0,0,0,0,Urban,1,0,0,Fine,Null
1771235.0788,5878404.4065,868914,,525922,0,0,0,1,0,North,2023/2024,LOGAN ROAD,BUCKVILLE ROAD,,Non-Injury Crash,No,2023,0,North,0,0,0,Flat,0,,0,,0,Dark,827100,0,0,0,2,0,0,0,0,0,,0,1,Auckland Region,Nil,2-way,Sealed,0,0,0,0,80,0,None,0,0,,76,Auckland,Nil,0,0,0,0,0,0,Open,0,0,0,Fine,Null
1771172.13,5915774.7567,868918,,522603,0,0,0,2,0,South,2023/2024,BLEAKHOUSE ROAD,HASELER CRESCENT,,Minor Crash,No,2024,0,South,0,0,0,Flat,0,,0,,0,Bright sun,678803,1,0,0,2,0,0,0,0,1,,0,0,Auckland Region,Nil,2-way,Sealed,0,0,0,0,50,0,Off,0,0,,76,Auckland,Nil,0,0,0,0,0,0,Urban,0,0,0,Fine,Null
1771034.6778,5894901.4018,868926,,521201,0,0,0,1,0,Null,2022/2023,ANCHORAGE DRIVE,PICKABERRY AVENUE,,Non-Injury Crash,No,2023,0,West,0,0,0,Flat,0,,0,,0,Dark,806700,0,0,0,2,0,0,0,0,0,,0,0,Auckland Region,Nil,2-way,Sealed,0,0,0,0,50,0,On,0,0,,76,Auckland,Give way,0,0,0,1,0,0,Urban,0,0,0,Fine,Null
1767207.9729,5904248.1225,868929,,524604,0,,0,2,,West,2023/2024,PUTNEY WAY,OSTERLEY WAY,,Non-Injury Crash,No,2023,,East,,0,,Flat,,,,,,Overcast,780204,0,0,0,2,,,0,,,,,,Auckland Region,Nil,2-way,Sealed,,0,0,,50,,None,0,0,,76,Auckland,Nil,,,,,0,0,Urban,0,,,Light rain,None
1754765.6917,5929712.8762,868930,,508420,0,0,0,2,0,North,2023/2024,TARGET ROAD,ELLICE ROAD,,Minor Crash,No,2023,0,North,0,0,0,Hill Road,0,,0,,0,Bright sun,182500,1,0,0,2,0,0,0,0,1,,0,0,Auckland Region,Nil,2-way,Sealed,0,0,0,0,50,0,Off,0,0,,76,Auckland,Nil,0,0,0,0,0,0,Urban,0,0,0,Fine,Null