X,Y,OBJECTID,advisorySpeed,areaUnitID,bicycle,bridge,bus,carStationWagon,cliffBank,crashDirectionDescription,crashFinancialYear,crashLocation1,crashLocation2,crashRoadSideRoad,crashSeverity,crashSHDescription,crashYear,debris,directionRoleDescription,ditch,fatalCount,fence,flatHill,guardRail,holiday,houseOrBuilding,intersection,kerb,light,meshblockId,minorInjuryCount,moped,motorcycle,NumberOfLanes,objectThrownOrDropped,otherObject,otherVehicleType,overBank,parkedVehicle,pedestrian,phoneBoxEtc,postOrPole,region,roadCharacter,roadLane,roadSurface,roadworks,schoolBus,seriousInjuryCount,slipOrFlood,speedLimit,strayAnimal,streetLight,suv,taxi,temporarySpeedLimit,tlaId,tlaName,trafficControl,trafficIsland,trafficSign,train,tree,truck,unknownVehicleType,urban,vanOrUtility,vehicle,waterRiver,weatherA,weatherB
1770947.3242,5914606.9433,868931,,522722,0,,0,1,,Null,2022/2023,PAKURANGA ROAD,BOTANY ROAD,,Serious Crash,No,2023,,West,,0,,Flat,,,,,,Overcast,647601,0,0,1,4,,,0,,,,,,Auckland Region,Nil,2-way,Sealed,,0,1,,50,,Off,0,0,40,76,Auckland,Traffic Signals,,,,,0,0,Urban,0,,,Light rain,Null
1773458.7616,5890230.2469,868937,,521302,0,,0,1,,South,2024/2025,SOUTHERN MOTORWAY,QUARRY OBR,,Non-Injury Crash,Yes,2024,,West,,0,,Flat,,,,,,Overcast,809101,0,0,0,2,,,0,,,,,,Auckland Region,Nil,1-way,Sealed,,0,0,,100,,Off,0,0,,76,Auckland,Nil,,,,,0,0,Open,1,,,Fine,Null
1778719.6237,5913352.5296,868941,,523300,0,,0,2,,South,2025/2026,WHITFORD MARAETAI ROAD,OKARORO DRIVE,,Minor Crash,No,2025,,South,,0,,Hill Road,,,,,,Dark,718900,2,0,0,2,,,0,,,,,,Auckland Region,Nil,2-way,Sealed,,0,0,,80,,None,0,0,30,76,Auckland,Nil,,,,,0,0,Open,0,,,Fine,Null
1751570.5005,5915246.5361,868942,,514401,0,,0,2,,Null,2023/2024,NEW NORTH ROAD,ST JUDE STREET,,Minor Crash,No,2023,,West,,0,,Flat,,,,,,Overcast,380001,2,0,0,4,,,0,,,,,,Auckland Region,Nil,2-way,Sealed,,0,0,,50,,Off,0,0,,76,Auckland,Traffic Signals,,,,,0,0,Urban,0,,,Fine,Null
1746863.3317,5911843.2271,868943,,512600,0,0,0,2,0,North,2022/2023,KONINI ROAD,GREENWOODS CLOSE,,Minor Crash,No,2023,0,North,0,0,1,Hill Road,0,,0,,0,Dark,298400,1,0,0,2,0,0,0,0,0,,0,0,Auckland Region,Nil,2-way,Sealed,0,0,0,0,50,0,On,0,0,,76,Auckland,Nil,0,0,0,0,0,0,Urban,0,0,0,Heavy rain,Null
1768324.2581,5900593.6958,868948,,525101,0,0,0,2,0,Null,2023/2024,WEYMOUTH ROAD,BOWATER PLACE,,Non-Injury Crash,No,2023,0,East,0,0,0,Hill Road,0,,0,,0,Dark,771200,0,0,0,3,0,0,0,0,0,,0,0,Auckland Region,Nil,2-way,Sealed,0,0,0,0,50,0,On,0,0,,76,Auckland,Give way,0,0,0,1,0,0,Urban,0,0,0,Light rain,Null
1763470.2921,5904843.8321,868950,,524604,0,0,0,1,0,North,2023/2024,SOUTH-WESTERN MOTORWAY,PUHINUI ROAD-SH 20B ON RAMP,,Minor Crash,Yes,2023,0,North,0,0,0,Flat,1,,0,,0,Dark,780902,1,0,0,2,0,0,0,0,0,,0,0,Auckland Region,Nil,1-way,Sealed,0,0,0,0,100,0,On,0,0,,76,Auckland,Nil,0,0,0,0,0,0,Open,0,0,0,Fine,Null
1757336.9085,5918831.296,868951,,514302,0,,0,2,,South,2023/2024,SOUTHERN MOTORWAY,GRAFTON OBR,,Minor Crash,Yes,2023,,North,,0,,Flat,,,,,,Bright sun,441700,1,0,0,2,,,0,,,,,,Auckland Region,Nil,1-way,Sealed,,0,0,,80,,Off,0,0,,76,Auckland,Nil,,,,,0,0,Open,0,,,Fine,Null
1773743.204,5894105.9471,868952,,521301,0,0,0,1,0,West,2023/2024,OPAHEKE ROAD,RAIL XING,,Minor Crash,No,2024,0,West,1,0,0,Flat,0,,0,,0,Overcast,808102,1,0,0,2,0,0,0,0,0,,0,0,Auckland Region,Nil,2-way,Sealed,0,0,0,0,60,0,None,0,0,,76,Auckland,Nil,0,0,0,0,0,0,Urban,0,0,0,Fine,Null
1768539.7183,5901271.3397,868955,,524901,0,,0,2,,Null,2022/2023,GREAT SOUTH ROAD,PENNY LANE,,Non-Injury Crash,No,2023,,North,,0,,Flat,,,,,,Overcast,756600,0,0,0,2,,,0,,,,,,Auckland Region,Nil,2-way,Sealed,,0,0,,50,,Off,0,0,,76,Auckland,Nil,,,,,0,0,Urban,0,,,Light rain,Null
1766826.7948,5904411.8891,868960,,524604,0,0,0,2,0,East,2023/2024,RONWOOD AVENUE,LAMBIE DRIVE,,Non-Injury Crash,No,2023,0,West,0,0,0,Flat,0,,0,,0,Overcast,780209,0,0,0,1,0,0,0,0,1,,0,0,Auckland Region,Nil,1-way,Sealed,0,0,0,0,50,0,Off,0,0,,76,Auckland,Nil,0,0,0,0,0,0,Urban,0,0,0,Fine,Null
1732522.9761,5907671.528,868969,,513800,0,0,0,1,0,West,2024/2025,PIHA ROAD,KAREKARE ROAD,,Minor Crash,No,2025,0,West,0,0,0,Flat,0,,0,,0,Overcast,282018,1,0,0,2,0,0,0,0,0,,0,0,Auckland Region,Nil,2-way,Sealed,0,0,0,0,60,0,None,0,0,,76,Auckland,Nil,0,0,0,2,0,0,Urban,0,0,0,Mist or Fog,Null
1772608.0342,5896921.9165,868976,,525420,0,0,0,1,0,Null,2024/2025,PORCHESTER ROAD,SUBWAY ROAD,,Non-Injury Crash,No,2024,0,South,0,0,1,Flat,0,,0,,0,Overcast,792601,0,0,0,2,0,0,0,0,0,,0,0,Auckland Region,Nil,2-way,Sealed,0,0,0,0,50,0,Off,0,0,,76,Auckland,Traffic Signals,1,0,0,0,0,0,Urban,0,0,0,Fine,Null
1757789.4625,5918422.6251,868979,,515700,0,,1,0,,North,2023/2024,MOUNTAIN ROAD,LION PLACE,,Serious Crash,No,2023,,South,,0,,Hill Road,,,,,,Bright sun,443200,0,0,0,2,,,0,,,,,,Auckland Region,Nil,2-way,Sealed,,0,1,,50,,Off,1,0,,76,Auckland,Nil,,,,,0,0,Urban,0,,,Fine,Null
1751977.9433,5928745.3771,868987,,508411,0,0,0,0,0,South,2022/2023,LYNN ROAD,HALE CRESCENT,,Minor Crash,No,2023,0,North,0,0,0,Hill Road,0,,0,,0,Dark,185102,1,0,1,2,0,0,0,0,1,,0,0,Auckland Region,Nil,2-way,Sealed,0,0,0,0,50,0,On,0,0,,76,Auckland,Nil,0,0,0,0,0,0,Urban,1,0,0,Fine,Null
1756595.1677,5920552.6722,868988,,514102,0,,0,1,,Null,2024/2025,HALSEY STREET,VICTORIA STREET WEST,,Non-Injury Crash,No,2024,,North,,0,,Flat,,,,,,Bright sun,432601,0,0,0,4,,,0,,,,,,Auckland Region,Nil,2-way,Sealed,,0,0,,30,,Off,1,0,,76,Auckland,Traffic Signals,,,,,0,0,Urban,0,,,Fine,Null
1768055.5296,5905199.1065,868989,,523722,0,0,0,2,0,Null,2025/2026,TE IRIRANGI DRIVE,DIORELLA DRIVE,,Non-Injury Crash,No,2025,0,Null,0,0,0,Null,0,,0,,0,Unknown,715701,0,0,0,0,0,0,0,0,0,,0,0,Auckland Region,Nil,Null,Null,0,0,0,0,,0,Null,0,0,,76,Auckland,Traffic Signals,0,0,0,0,0,0,Urban,0,1,0,Null,Null
1765088.968,5909990.1025,868995,,521802,0,,0,1,,North,2023/2024,PRINCES ST-OTAHUHU OFF RAMP,TRENWITH OBR,,Minor Crash,No,2024,,North,,0,,Flat,,,,,,Bright sun,788201,1,0,0,1,,,0,,,,,,Auckland Region,Motorway ramp,1-way,Sealed,,0,0,,100,,Off,0,0,,76,Auckland,Nil,,,,,0,1,Open,1,,,Fine,Null
1769618.1832,5901749.5534,868997,,523814,0,,0,1,,South,2023/2024,SOUTHERN MOTORWAY,HILL OBR,,Minor Crash,Yes,2024,,South,,0,,Hill Road,,,,,,Bright sun,759507,3,0,0,3,,,0,,,,,,Auckland Region,Nil,1-way,Sealed,,0,0,,100,,Off,1,0,,76,Auckland,Nil,,,,,0,0,Open,0,,,Fine,Null
1769024.8799,5914929.3862,868999,,522730,0,0,0,1,1,North,2022/2023,PRINCE REGENT DRIVE,SKILLING PLACE,,Non-Injury Crash,No,2023,0,North,0,0,0,Hill Road,0,,0,,0,Bright sun,679811,0,0,0,2,0,0,0,0,0,,0,0,Auckland Region,Nil,2-way,Sealed,0,0,0,0,50,0,Off,0,0,,76,Auckland,Nil,0,0,0,0,0,0,Urban,0,0,0,Fine,Null
1763449.1823,5908555.627,869001,,521901,0,0,1,1,0,Null,2023/2024,MANGERE ROAD,MCDONALD PLACE,,Non-Injury Crash,No,2023,0,North,0,0,0,Flat,0,,0,,0,Overcast,786300,0,0,0,4,0,0,0,0,0,,0,0,Auckland Region,Nil,2-way,Sealed,0,0,0,0,50,0,Off,0,0,,76,Auckland,Stop,0,0,0,0,0,0,Urban,0,1,0,Fine,Null
1762141.5635,5913326.3941,869011,,520500,0,,0,1,,North,2024/2025,GREAT SOUTH ROAD,HOLLOWAY PLACE,,Non-Injury Crash,No,2024,,North,,0,,Flat,,,,,,Overcast,637100,0,0,0,4,,,0,,,,,,Auckland Region,Nil,2-way,Sealed,,0,0,,50,,On,1,0,,76,Auckland,Nil,,,,,0,0,Urban,0,,,Light rain,None
1758124.9141,5917773.6979,869012,,515700,0,,0,1,,South,2025/2026,GILLIES AVENUE,GILLIES AVENUE ON RAMP,,Non-Injury Crash,No,2025,,South,,0,,Null,,,,,,Overcast,443401,0,0,0,3,,,0,,,,,,Auckland Region,Nil,2-way,Sealed,,0,0,,50,,Null,1,0,,76,Auckland,Nil,,,,,0,0,Urban,0,,,Fine,Null
1772245.0343,5915020.3736,869013,,521602,0,,0,1,,Null,2023/2024,PICTON STREET,MOORE STREET,,Non-Injury Crash,No,2024,,North,,0,,Flat,,,,,,Bright sun,650000,0,0,0,2,,,0,,,,,,Auckland Region,Nil,2-way,Sealed,,0,0,,50,,Off,0,0,40,76,Auckland,Give way,,,,,0,0,Urban,1,,,Fine,Null
1766645.8151,5906436.6321,869017,,522302,0,0,0,1,0,East,2023/2024,TUI ROAD,KIMPTON ROAD,,Non-Injury Crash,No,2024,0,East,0,0,0,Flat,0,,0,,0,Overcast,669800,0,0,0,2,0,0,0,0,0,,0,1,Auckland Region,Nil,2-way,Sealed,0,0,0,0,50,0,Off,0,0,,76,Auckland,Nil,0,0,0,0,0,0,Urban,0,0,0,Light rain,Null
1773797.2305,5913574.8966,869021,45,523201,0,0,0,1,0,South,2024/2025,VIEW ROAD,RENLEE PLACE,,Minor Crash,No,2024,0,South,0,0,0,Flat,0,,1,,0,Bright sun,717906,3,0,0,2,0,0,0,0,0,,0,0,Auckland Region,Nil,2-way,Sealed,0,0,0,0,50,0,None,0,0,,76,Auckland,Nil,0,0,0,0,0,0,Urban,0,0,0,Fine,Null
1742707.3744,5918593.2396,869024,,513214,0,0,0,2,0,West,2024/2025,POOKS ROAD,PUTNEY PLACE,,Non-Injury Crash,No,2025,0,West,0,0,0,Flat,0,,0,,0,Overcast,236400,0,0,0,2,0,0,0,0,1,,0,0,Auckland Region,Nil,2-way,Sealed,0,0,0,0,50,0,Off,0,0,,76,Auckland,Nil,0,0,0,0,0,0,Urban,0,0,0,Fine,Null
1762343.3038,5913398.2716,869025,,520402,0,0,1,2,0,South,2024/2025,SOUTHERN MOTORWAY,PENROSE OBR,,Minor Crash,Yes,2024,0,South,0,0,0,Flat,1,,0,,0,Twilight,642200,3,0,0,3,0,0,0,0,0,,0,0,Auckland Region,Nil,1-way,Sealed,0,0,0,0,100,0,Off,0,0,,76,Auckland,Nil,0,0,0,0,0,0,Open,0,0,0,Fine,Null
1775449.4292,5896667.8452,869028,,525610,0,0,0,0,0,West,2024/2025,KERI VISTA RISE,CRESTVIEW RISE,,Minor Crash,No,2025,0,West,0,0,0,Flat,0,,0,,0,Bright sun,799127,1,0,0,2,0,0,0,0,1,,0,0,Auckland Region,Nil,2-way,Sealed,0,0,0,0,50,0,Off,2,0,,76,Auckland,Nil,0,0,0,0,0,0,Urban,0,0,0,Fine,Null
1754259.4235,5935952.4316,869033,,508703,0,,0,0,,West,2023/2024,OTEHA VALLEY ROAD,EAST COAST ROAD,,Non-Injury Crash,No,2024,,North,,0,,Hill Road,,,,,,Bright sun,179212,0,0,0,4,,,0,,,,,,Auckland Region,Nil,2-way,Sealed,,0,0,,50,,Off,0,0,,76,Auckland,Nil,,,,,0,0,Urban,2,,,Fine,Null
1763741.6216,5913325.2892,869034,,520402,0,0,0,1,0,Null,2022/2023,MOUNT WELLINGTON HIGHWAY,HAMLIN ROAD,,Minor Crash,No,2023,0,North,0,0,0,Flat,0,Easter,0,,0,Dark,641501,1,0,0,4,0,0,0,0,0,,0,1,Auckland Region,Nil,2-way,Sealed,0,0,0,0,50,0,On,0,0,,76,Auckland,Stop,0,0,0,0,0,0,Urban,0,0,0,Fine,Null
1745000.1654,5913465.1836,869035,,512906,0,0,0,2,1,North,2024/2025,GLENGARRY ROAD,SOLAR ROAD,,Non-Injury Crash,No,2024,0,North,0,0,0,Hill Road,0,,0,,0,Overcast,278603,0,0,0,2,0,0,0,0,0,,0,0,Auckland Region,Nil,2-way,Sealed,0,0,0,0,50,0,None,0,0,,76,Auckland,Nil,0,0,0,0,0,0,Urban,0,0,0,Fine,Null
1760755.2096,5915424.2309,869040,,520201,0,,0,1,,South,2024/2025,SOUTHERN MOTORWAY,GREEN LANE EAST OFF RAMP,,Non-Injury Crash,Yes,2025,,North,,0,,Flat,,,,,,Bright sun,613000,0,0,0,3,,,0,,,,,,Auckland Region,Nil,1-way,Unsealed,,0,0,,100,,Off,0,0,,76,Auckland,Nil,,,,,1,0,Open,0,,,Fine,Null
1772480.3486,5896519.9099,869043,,525420,0,0,0,0,0,Null,2022/2023,EAST STREET,QUEEN STREET,,Non-Injury Crash,No,2023,0,North,0,0,0,Flat,0,,0,,0,Dark,791600,0,0,0,2,0,0,0,0,0,,0,0,Auckland Region,Nil,2-way,Sealed,0,0,0,0,50,0,On,0,0,,76,Auckland,Traffic Signals,0,2,0,0,0,0,Urban,2,0,0,Fine,Null
1756123.8279,5923855.056,869044,,509800,0,,0,2,,South,2024/2025,NORTHERN MOTORWAY,WEIGH BRIDGE,,Non-Injury Crash,Yes,2025,,South,,0,,Flat,,Christmas New Year,,,,Bright sun,358800,0,0,0,5,,,0,,,,,,Auckland Region,Nil,1-way,Sealed,,0,0,,80,,Off,0,0,,76,Auckland,Nil,,,,,0,0,Open,0,,,Fine,Null
1757056.2167,5920267.2787,869045,,514102,0,0,0,2,0,South,2023/2024,FEDERAL STREET,WELLESLEY STREET WEST,,Non-Injury Crash,No,2023,0,South,0,0,0,Flat,0,,0,,0,Bright sun,434200,0,0,0,2,0,0,0,0,1,,0,0,Auckland Region,Nil,2-way,Sealed,0,0,0,0,30,0,Off,0,0,,76,Auckland,Nil,0,0,0,0,0,0,Urban,0,0,0,Fine,Null
1763233.8816,5912916.7703,869048,,520500,0,0,0,2,0,West,2024/2025,ARANUI ROAD,RUAWAI ROAD,,Non-Injury Crash,No,2024,0,West,0,0,0,Flat,0,,0,,0,Dark,637400,0,0,0,2,0,0,0,0,1,,0,1,Auckland Region,Nil,2-way,Sealed,0,0,0,0,50,0,On,0,0,,76,Auckland,Nil,0,0,0,0,0,0,Urban,0,0,0,Fine,Null
1767316.4006,5902955.216,869049,,524602,0,,0,2,,Null,2022/2023,KERRS ROAD,DRUCES ROAD,,Non-Injury Crash,No,2023,,East,,0,,Flat,,,,,,Twilight,780407,0,0,0,2,,,0,,,,,,Auckland Region,Nil,2-way,Sealed,,0,0,,50,,Off,0,0,,76,Auckland,Traffic Signals,,,,,0,0,Urban,0,,,Heavy rain,Null
1758024.3782,5917330.9793,869051,,515700,0,,0,2,,Null,2023/2024,GILLIES AVENUE,ALBURY AVENUE,,Non-Injury Crash,No,2023,,North,,0,,Flat,,,,,,Overcast,457700,0,0,0,4,,,0,,,,,,Auckland Region,Nil,2-way,Sealed,,0,0,,50,,Off,0,0,,76,Auckland,Give way,,,,,0,0,Urban,0,,,Fine,Null
1772676.3122,5907300.3113,869053,65,523713,0,0,0,1,0,South,2022/2023,ORMISTON ROAD,JEFFS ROAD,,Non-Injury Crash,No,2023,0,South,0,0,0,Hill Road,0,,0,,1,Dark,712600,0,0,0,3,0,0,0,0,0,,0,0,Auckland Region,Nil,2-way,Sealed,0,0,0,0,80,0,Off,0,0,,76,Auckland,Nil,0,0,0,0,0,0,Open,0,0,0,Heavy rain,Null
1757807.4065,5917155.0255,869055,,515700,0,,0,0,,Null,2022/2023,OWENS ROAD,MOUNTAIN ROAD,,Non-Injury Crash,No,2023,,East,,0,,Flat,,,,,,Overcast,444400,0,0,0,2,,,0,,,,,,Auckland Region,Nil,2-way,Sealed,,0,0,,50,,Off,2,0,,76,Auckland,Give way,,,,,0,0,Urban,0,,,Light rain,Null
1759317.2436,5916615.3306,869059,,516001,0,,0,1,,South,2022/2023,SOUTHERN MOTORWAY,MARKET OBR,,Non-Injury Crash,Yes,2023,,South,,0,,Flat,,,,,,Bright sun,491700,0,0,0,3,,,0,,,,,,Auckland Region,Nil,1-way,Sealed,,0,0,,100,,Off,0,0,,76,Auckland,Nil,,,,,0,0,Open,1,,,Fine,Null
1751136.4575,5915621.51,869060,,514401,0,,0,1,,South,2025/2026,GREAT NORTH ROAD,WALSALL STREET,,Non-Injury Crash,No,2025,,South,,0,,Flat,,Labour Weekend,,,,Bright sun,382200,0,0,0,2,,,0,,,,,,Auckland Region,Nil,2-way,Sealed,,0,0,,50,,Off,1,0,,76,Auckland,Nil,,,,,0,0,Urban,0,,,Fine,Null
1765539.0704,5908722.9461,869064,,523403,0,,0,3,,South,2025/2026,SOUTHERN MOTORWAY,HIGHBROOK OBR,,Non-Injury Crash,Yes,2025,,North,,0,,Flat,,,,,,Bright sun,700100,0,0,0,3,,,0,,,,,,Auckland Region,Nil,1-way,Sealed,,0,0,,100,,Off,0,0,,76,Auckland,Nil,,,,,0,0,Open,0,,,Fine,Null
1745175.5661,5917580.0989,869065,,510700,0,,0,2,,Null,2023/2024,GREAT NORTH ROAD,WADIER PLACE,,Non-Injury Crash,No,2023,,South,,0,,Flat,,,,,,Dark,239501,0,0,0,4,,,0,,,,,,Auckland Region,Nil,2-way,Sealed,,0,0,,50,,On,0,0,,76,Auckland,Give way,,,,,0,0,Urban,0,,,Light rain,Strong wind
1764593.8164,5905548.079,869066,,522100,0,,0,1,,Null,2022/2023,WYLLIE ROAD,HILL ROAD,,Minor Crash,No,2023,,North,,0,,Flat,,,,,,Dark,657900,2,0,0,2,,,0,,,,,,Auckland Region,Nil,2-way,Sealed,,0,0,,50,,On,0,0,,76,Auckland,Nil,,,,,0,0,Urban,1,,,Fine,Null
1751183.8291,5914818.0758,869068,,514402,0,,0,2,,Null,2024/2025,ST GEORGES ROAD,CHALMERS STREET,,Non-Injury Crash,No,2024,,South,,0,,Flat,,,,,,Overcast,379200,0,0,0,2,,,0,,,,,,Auckland Region,Nil,2-way,Sealed,,0,0,,50,,Null,0,0,,76,Auckland,Give way,,,,,0,0,Urban,0,,,Fine,Null
1764803.4198,5903718.6871,869069,,524604,0,,0,2,,Null,2023/2024,CAVENDISH DRIVE OFF RAMP,CAVENDISH DRIVE,,Non-Injury Crash,No,2023,,West,,0,,Flat,,,,,,Bright sun,781200,0,0,0,4,,,0,,,,,,Auckland Region,Nil,1-way,Sealed,,0,0,,50,,Off,0,0,,76,Auckland,Traffic Signals,,,,,0,0,Urban,0,,,Fine,Null
1748640.5786,5944116.342,869073,,506201,0,,0,2,,South,2023/2024,NORTHERN MOTORWAY,SILVERDALE OFF RAMP,,Non-Injury Crash,Yes,2023,,North,,0,,Flat,,,,,,Overcast,176801,0,0,0,4,,,0,,,,,,Auckland Region,Nil,2-way,Sealed,,0,0,,100,,Off,0,0,,76,Auckland,Nil,,,,,0,0,Open,0,,,Fine,Null
1755347.7537,5912120.8057,869075,,519002,0,0,0,3,0,East,2023/2024,RICHARDSON ROAD,MCKINNON STREET,,Minor Crash,No,2023,0,West,0,0,0,Flat,0,,0,,0,Dark,591100,1,0,0,2,0,0,0,0,1,,0,0,Auckland Region,Nil,2-way,Sealed,0,0,0,0,50,0,On,0,0,30,76,Auckland,Nil,0,0,0,0,0,0,Urban,0,0,0,Fine,Null
1764339.7305,5908795.2786,869078,,521901,0,0,0,1,0,Null,2022/2023,GREAT SOUTH ROAD,JELLICOE STREET,,Non-Injury Crash,No,2023,0,South,0,0,0,Hill Road,1,,0,,0,Dark,785900,0,0,0,4,0,0,0,0,0,,0,0,Auckland Region,Nil,2-way,Sealed,0,0,0,0,50,0,On,0,0,,76,Auckland,Stop,0,0,0,0,0,0,Urban,0,0,0,Light rain,Null
1761231.4379,5914915.9472,869081,,520201,0,,0,1,,East,2023/2024,MAIN HIGHWAY,LADIES MILE,,Non-Injury Crash,No,2023,,East,,0,,Flat,,,,,,Overcast,611200,0,0,0,2,,,0,,,,,,Auckland Region,Nil,2-way,Sealed,,0,0,,50,,Off,0,0,,76,Auckland,Nil,,,,,0,0,Urban,1,,,Fine,Null
1758746.6376,5911307.1965,869083,,519810,0,,0,2,,South,2022/2023,ONEHUNGA HARBOUR ROAD,ONEHUNGA HARBOUR ROAD OFF RAMP,,Non-Injury Crash,No,2023,,South,,0,,Flat,,,,,,Dark,602501,0,0,0,2,,,0,,,,,,Auckland Region,Nil,2-way,Sealed,,0,0,,50,,On,1,0,,76,Auckland,Nil,,,,,0,0,Urban,0,,,Fine,Null
1758764.1602,5912950.3991,869084,,519710,0,,0,2,,Null,2024/2025,TRAFALGAR STREET,SELWYN STREET,,Minor Crash,No,2025,,West,,0,,Hill Road,,,,,,Bright sun,595800,1,0,0,2,,,0,,,,,,Auckland Region,Nil,2-way,Sealed,,0,0,,50,,Off,0,0,,76,Auckland,Stop,,,,,0,0,Urban,0,,,Fine,Null
1746044.063,5913260.0285,869089,,511002,0,,0,1,,North,2023/2024,ROSIER ROAD,PISCES ROAD,,Non-Injury Crash,No,2023,,North,,0,,Flat,,,,,,Dark,283901,0,0,0,2,,,0,,,,,,Auckland Region,Nil,2-way,Sealed,,0,0,,50,,On,0,0,,76,Auckland,Nil,,,,,0,0,Urban,0,,,Fine,Null
1755108.3906,5931943.6044,869096,,508805,0,,0,0,,Null,2025/2026,CENTORIAN DRIVE,CONSTELLATION DRIVE,,Minor Crash,No,2025,,North,,0,,Hill Road,,,,,,Bright sun,180825,1,0,0,2,,,0,,,1,,,Auckland Region,Nil,2-way,Sealed,,0,0,,50,,None,1,0,,76,Auckland,Give way,,,,,0,0,Urban,0,,,Fine,Null
1754192.8333,5927387.8191,869097,,508310,0,,0,2,,Null,2022/2023,SOVEREIGN PLACE,LINGFIELD STREET,,Non-Injury Crash,No,2023,,West,,0,,Flat,,,,,,Bright sun,201600,0,0,0,2,,,0,,,,,,Auckland Region,Nil,2-way,Sealed,,0,0,,50,,Off,0,0,,76,Auckland,Give way,,,,,0,0,Urban,0,,,Fine,Null
1757474.4339,5912325.3696,869099,,519810,0,,0,2,,East,2023/2024,SOUTH-WESTERN MOTORWAY,QUEENSTOWN OBR,,Non-Injury Crash,Yes,2024,,West,,0,,Flat,,Easter,,,,Dark,597100,0,0,0,3,,,0,,,,,,Auckland Region,Nil,1-way,Sealed,,0,0,,100,,On,0,0,,76,Auckland,Nil,,,,,0,0,Open,0,,,Light rain,Null
1764019.6676,5909936.3241,869104,,521901,0,,0,0,,South,2023/2024,GREAT SOUTH ROAD,STATION ROAD,,Non-Injury Crash,No,2024,,North,,0,,Flat,,,,,,Unknown,784200,0,0,0,2,,,0,,,,,,Auckland Region,Nil,2-way,Sealed,,0,0,,30,,None,0,0,,76,Auckland,Nil,,,,,0,0,Urban,2,,,Fine,None
1767710.6578,5901930.5991,869115,,525001,0,,0,1,,Null,2022/2023,STURDEE ROAD,MARTIN ROAD,,Non-Injury Crash,No,2023,,South,,0,,Flat,,,,,,Bright sun,750400,0,0,0,2,,,0,,,,,,Auckland Region,Nil,2-way,Sealed,,0,0,,50,,Off,0,0,,76,Auckland,Nil,,,,,0,0,Urban,1,,,Fine,Null
1762548.9037,5912817.4362,869119,,520500,0,,0,1,,North,2023/2024,SOUTH-EASTERN HIGHWAY,GREAT SOUTH ROAD,,Non-Injury Crash,No,2023,,South,,0,,Flat,,,,,,Overcast,637300,0,0,0,3,,,0,,,,,,Auckland Region,Nil,1-way,Sealed,,0,0,,80,,Off,1,0,,76,Auckland,Nil,,,,,0,0,Open,0,,,Fine,Null
1765236.1439,5909477.4543,869121,,521802,0,,0,2,,North,2022/2023,SOUTHERN MOTORWAY,TAMAKI RIV BR,,Non-Injury Crash,Yes,2023,,North,,0,,Flat,,,,,,Dark,788400,0,0,0,3,,,0,,,,,,Auckland Region,Nil,1-way,Sealed,,0,0,,100,,On,0,0,,76,Auckland,Nil,,,,,0,0,Open,0,,,Light rain,Null
1756179.1674,5928164.8958,869124,,507900,0,,0,2,,Null,2024/2025,FORREST HILL ROAD,NILE ROAD,,Non-Injury Crash,No,2024,,North,,0,,Null,,,,,,Bright sun,307000,0,0,0,4,,,0,,,,,,Auckland Region,Nil,2-way,Sealed,,0,0,,50,,Null,0,0,,76,Auckland,Traffic Signals,,,,,0,0,Urban,0,,,Fine,Null
1752315.2837,5918026.6183,869125,,515001,0,,0,4,,East,2023/2024,NORTH-WESTERN MOTORWAY,SH 20,,Non-Injury Crash,Yes,2023,,East,,0,,Flat,,,,,,Bright sun,391601,0,0,0,3,,,0,,,,,,Auckland Region,Motorway ramp,1-way,Sealed,,0,0,,100,,Off,0,0,,76,Auckland,Nil,,,,,0,0,Open,0,,,Fine,Frost
1777124.005,5882649.8595,869133,,521160,0,0,0,1,0,West,2023/2024,PAPARATA ROAD,BARBER ROAD,,Non-Injury Crash,No,2023,0,West,0,0,0,Hill Road,0,Christmas New Year,0,,0,Bright sun,815000,0,0,0,2,0,0,0,0,0,,0,0,Auckland Region,Nil,2-way,Sealed,0,0,0,0,50,0,Off,0,0,,76,Auckland,Nil,1,0,0,0,0,0,Urban,0,0,0,Fine,Null
1782809.6372,5926241.8452,869135,,520801,0,,0,1,,South,2023/2024,WHAKARITE ROAD,HOMAI STREET,,Non-Injury Crash,No,2024,,South,,0,,Flat,,,,,,Overcast,515311,0,0,0,2,,,0,,,,,,Auckland Region,Nil,2-way,Sealed,,0,0,,50,,Off,0,0,,76,Auckland,Nil,,,,,0,0,Urban,1,,,Fine,Null
1749145.2747,5918221.389,869139,,514801,0,0,0,1,0,North,2022/2023,ROSEBANK ROAD OFF RAMP,ROSEBANK ROAD,,Non-Injury Crash,No,2023,1,West,0,0,0,Hill Road,1,,0,,0,Dark,389400,0,0,0,1,0,0,0,0,0,,0,0,Auckland Region,Motorway ramp,1-way,Sealed,0,0,0,0,100,0,On,0,0,,76,Auckland,Nil,0,0,0,0,0,0,Open,0,0,0,Light rain,Null
1750882.2971,5912082.8088,869143,,514700,0,,0,1,,Null,2023/2024,KINROSS STREET,CONNELL STREET,,Minor Crash,No,2023,,West,,0,,Flat,,,,,,Bright sun,368100,2,0,0,2,,,0,,,,,,Auckland Region,Nil,2-way,Sealed,,0,0,,50,,Off,0,0,,76,Auckland,Give way,,,,,0,0,Urban,1,,,Fine,Null