X,Y,OBJECTID,advisorySpeed,areaUnitID,bicycle,bridge,bus,carStationWagon,cliffBank,crashDirectionDescription,crashFinancialYear,crashLocation1,crashLocation2,crashRoadSideRoad,crashSeverity,crashSHDescription,crashYear,debris,directionRoleDescription,ditch,fatalCount,fence,flatHill,guardRail,holiday,houseOrBuilding,intersection,kerb,light,meshblockId,minorInjuryCount,moped,motorcycle,NumberOfLanes,objectThrownOrDropped,otherObject,otherVehicleType,overBank,parkedVehicle,pedestrian,phoneBoxEtc,postOrPole,region,roadCharacter,roadLane,roadSurface,roadworks,schoolBus,seriousInjuryCount,slipOrFlood,speedLimit,strayAnimal,streetLight,suv,taxi,temporarySpeedLimit,tlaId,tlaName,trafficControl,trafficIsland,trafficSign,train,tree,truck,unknownVehicleType,urban,vanOrUtility,vehicle,waterRiver,weatherA,weatherB
1762183.3762,5913676.7034,869149,,520401,0,1,0,0,0,North,2023/2024,SOUTHERN MOTORWAY,PENROSE OBR,,Non-Injury Crash,Yes,2023,0,South,0,0,0,Flat,0,,0,,0,Bright sun,644300,0,0,0,3,0,0,0,0,0,,0,0,Auckland Region,Underpass,1-way,Sealed,0,0,0,0,100,0,Off,0,0,,76,Auckland,Nil,0,0,0,0,1,0,Open,0,0,0,Fine,Null
1759214.3285,5909978.1317,869153,,524002,0,0,0,1,0,East,2022/2023,MIRO ROAD,CORONATION ROAD,,Non-Injury Crash,No,2023,0,West,0,0,0,Flat,0,,0,,0,Dark,722100,0,0,0,2,0,0,0,0,0,,0,1,Auckland Region,Nil,2-way,Sealed,0,0,0,0,50,0,On,0,0,,76,Auckland,Nil,0,0,0,0,0,0,Urban,0,0,0,Fine,Null
1765765.7185,5908202.2124,869155,,523402,0,,0,1,,South,2022/2023,SOUTHERN MOTORWAY,HIGHBROOK DRIVE ON RAMP,,Non-Injury Crash,Yes,2023,,South,,0,,Flat,,,,,,Bright sun,698900,0,0,0,3,,,0,,,,,,Auckland Region,Nil,1-way,Sealed,,0,0,,100,,Off,0,0,,76,Auckland,Nil,,,,,0,0,Open,1,,,Fine,Null
1757007.9531,5925843.877,869157,,509702,0,,0,2,,Null,2023/2024,ESMONDE ROAD OFF RAMP,ESMONDE ROAD,,Non-Injury Crash,No,2023,,North,,0,,Flat,,,,,,Dark,364602,0,0,0,2,,,0,,,,,,Auckland Region,Motorway ramp,2-way,Sealed,,0,0,,50,,On,0,1,,76,Auckland,Traffic Signals,,,,,0,0,Urban,0,,,Fine,Null
1767425.9108,5905945.6869,869160,,523601,0,,0,2,,North,2024/2025,SOUTHERN MOTORWAY,REAGAN OBR,,Minor Crash,Yes,2025,,South,,0,,Flat,,,,,,Bright sun,707200,1,0,0,3,,,0,,,,,,Auckland Region,Nil,1-way,Sealed,,0,0,,100,,Off,0,0,,76,Auckland,Nil,,,,,0,0,Open,0,,,Fine,Null
1757871.4057,5918731.4588,869165,,517400,0,,0,0,,Null,2023/2024,PARK ROAD,CARLTON GORE ROAD,,Non-Injury Crash,No,2024,,North,,0,,Hill Road,,,,,,Bright sun,450100,0,0,0,2,,,0,,,,,,Auckland Region,Nil,2-way,Sealed,,0,0,,50,,Off,1,0,,76,Auckland,Traffic Signals,,,,,1,0,Urban,0,,,Fine,Null
1753412.7645,5914149.9905,869172,,518801,0,,0,1,,Null,2024/2025,RICHARDSON ROAD,LABURNUM ROAD,,Non-Injury Crash,No,2025,,North,,0,,Null,,,,,,Overcast,578701,0,0,0,2,,,0,,,,,,Auckland Region,Nil,2-way,Sealed,,0,0,,50,,Null,0,0,,76,Auckland,Give way,,,,,0,0,Urban,1,,,Light rain,Null
1737965.0275,5923987.3792,869175,,505700,0,0,0,1,0,East,2024/2025,WAITAKERE ROAD,COTTLE ROAD,,Minor Crash,No,2025,0,West,1,0,0,Hill Road,0,,0,,0,Overcast,216300,1,0,0,2,0,0,0,0,0,,0,0,Auckland Region,Nil,2-way,Sealed,0,0,0,0,60,0,Off,0,0,,76,Auckland,Nil,0,0,0,0,0,0,Urban,0,0,0,Fine,Null
1749238.201,5918232.3808,869177,,514801,0,0,0,1,0,East,2023/2024,NORTH-WESTERN MOTORWAY,ROSEBANK OBR,,Non-Injury Crash,Yes,2023,0,East,0,0,0,Flat,0,,0,,0,Bright sun,390401,0,0,0,4,0,1,0,0,0,,0,0,Auckland Region,Nil,1-way,Sealed,0,0,0,0,100,0,Off,0,0,,76,Auckland,Nil,0,0,0,0,0,0,Open,0,0,0,Fine,Null
1765230.5824,5906575.4086,869179,,522201,0,0,0,2,0,West,2023/2024,WESTON AVENUE,KOLMAR ROAD,,Non-Injury Crash,No,2024,0,West,0,0,0,Flat,0,,0,,0,Twilight,662500,0,0,0,2,0,0,0,0,1,,0,0,Auckland Region,Nil,2-way,Sealed,0,0,0,0,50,0,On,1,0,,76,Auckland,Nil,0,0,0,0,0,0,Urban,0,0,0,Fine,Null
1752015.7543,5918045.032,869186,,515001,0,0,0,1,0,Null,2022/2023,GREAT NORTH ROAD,GREAT NORTH ROAD OFF RAMP,,Non-Injury Crash,No,2023,0,West,0,0,0,Flat,0,,0,,0,Overcast,392400,0,0,0,4,0,0,0,0,0,,0,0,Auckland Region,Motorway ramp,2-way,Sealed,0,0,0,0,50,0,Off,0,0,,76,Auckland,Traffic Signals,0,1,0,0,0,0,Urban,0,0,0,Heavy rain,Null
1756176.6469,5924090.5027,869188,,509800,0,,0,2,,South,2024/2025,NORTHERN MOTORWAY,NORTHERN BUSWAY,,Minor Crash,Yes,2025,,South,,0,,Flat,,,,,,Bright sun,361100,1,0,0,5,,,0,,,,,,Auckland Region,Nil,1-way,Sealed,,0,0,,80,,Off,0,0,,76,Auckland,Nil,,,,,0,0,Open,1,,,Fine,Null
1763481.7302,5904828.8472,869192,,524604,0,0,0,1,0,North,2024/2025,SOUTH-WESTERN MOTORWAY,PUHINUI ROAD-SH 20B ON RAMP,,Minor Crash,Yes,2024,0,North,0,0,0,Flat,1,,0,,0,Dark,780902,1,0,0,2,0,0,0,0,0,,0,0,Auckland Region,Nil,1-way,Sealed,0,0,0,0,100,0,On,0,0,,76,Auckland,Nil,0,0,0,0,0,0,Open,0,0,0,Light rain,Null
1769433.1454,5899762.3605,869199,,525002,0,,0,2,,East,2023/2024,MAHIA ROAD,BEAUMONTS WAY EXTENSION,,Serious Crash,No,2023,,East,,0,,Flat,,,,,,Bright sun,754100,0,0,0,3,,,0,,,,,,Auckland Region,Nil,2-way,Sealed,,0,1,,50,,Off,0,0,,76,Auckland,Nil,,,,,0,0,Urban,0,,,Fine,Null
1777063.2951,5898893.5845,869200,,523813,0,,0,0,,East,2024/2025,PAPAKURA-CLEVEDON ROAD,PETERSONS ROAD,,Minor Crash,No,2025,,East,,0,,Hill Road,,,,,,Overcast,761500,1,0,0,2,,,0,,,1,,,Auckland Region,Bridge,2-way,Sealed,,0,0,,80,,Off,0,0,40,76,Auckland,Nil,,,,,0,0,Open,1,,,Fine,Null
1768900.0361,5900143.1881,869203,,525002,0,0,0,2,0,West,2024/2025,PURIRI ROAD,CHRISTMAS ROAD,,Minor Crash,No,2024,0,West,0,0,0,Flat,0,Christmas New Year,0,,0,Dark,753500,1,0,0,2,0,0,0,0,1,,0,0,Auckland Region,Nil,2-way,Sealed,0,0,0,0,30,0,On,0,0,,76,Auckland,Nil,0,0,0,0,0,0,Urban,0,0,0,Fine,Null
1759214.7926,5916768.0638,869208,,516001,0,0,0,1,0,Null,2024/2025,MARKET ROAD,MOUNT HOBSON ROAD,,Non-Injury Crash,No,2025,0,North,0,0,0,Flat,0,,0,,0,Bright sun,491200,0,0,0,2,0,0,0,0,0,,0,0,Auckland Region,Motorway ramp,2-way,Sealed,0,0,0,0,50,0,Off,0,0,,76,Auckland,Traffic Signals,0,1,0,1,0,0,Urban,0,0,0,Fine,Null
1751160.0809,5927095.3566,869209,,510010,0,,0,1,,South,2022/2023,HAYMAN PLACE,BEACH HAVEN ROAD,,Non-Injury Crash,No,2023,,North,,0,,Flat,,,,,,Overcast,342900,0,0,0,2,,,0,,,1,,,Auckland Region,Nil,2-way,Sealed,,0,0,,50,,Off,0,0,,76,Auckland,Nil,,,,,0,0,Urban,0,,,Fine,Null
1772901.1259,5890714.0683,869210,,521301,0,,0,1,,Null,2022/2023,PITT ROAD,GREAT SOUTH ROAD,,Minor Crash,No,2023,,North,,0,,Flat,,,,,,Overcast,809200,2,0,0,2,,,0,,,,,,Auckland Region,Nil,2-way,Sealed,,0,0,,80,,Off,0,0,,76,Auckland,Give way,,,,,0,0,Open,1,,,Fine,Null
1759034.8004,5906095.673,869213,,524200,0,,0,1,,South,2022/2023,GEORGE BOLT MEMORIAL DRIVE,GEORGE BOLT MEMORIAL DRIVE,,Non-Injury Crash,Yes,2023,,South,,0,,Flat,,,,,,Overcast,727500,0,0,0,4,,,0,,,,,,Auckland Region,Motorway ramp,2-way,Sealed,,0,0,,100,,Off,0,0,,76,Auckland,Nil,,,,,0,0,Open,1,,,Fine,Null
1745500.7089,5926410.2809,869216,,513410,0,,0,0,,North,2025/2026,BRIGHAM CREEK ROAD,KAURI ROAD,,Non-Injury Crash,No,2025,,East,,0,,Hill Road,,,,,,Overcast,223701,0,0,0,2,,,0,,,,,,Auckland Region,Nil,2-way,Sealed,,0,0,,50,,Off,0,0,,76,Auckland,Nil,,,,,1,0,Urban,1,,,Fine,Null
1760804.5649,5915398.6814,869225,,520201,0,,0,2,,South,2022/2023,SOUTHERN MOTORWAY,TECOMA STREET OFF RAMP,,Non-Injury Crash,Yes,2023,,North,,0,,Flat,,,,,,Dark,613000,0,0,0,4,,,0,,,,,,Auckland Region,Nil,1-way,Sealed,,0,0,,100,,On,0,0,,76,Auckland,Nil,,,,,0,0,Open,0,,,Fine,Null
1765555.7789,5907339.7942,869231,,522301,0,0,0,0,0,Null,2022/2023,MAXWELL AVENUE,KONINI AVENUE,,Non-Injury Crash,No,2023,0,North,0,0,0,Flat,0,,0,,0,Dark,666200,0,0,0,2,0,0,0,0,0,,0,0,Auckland Region,Nil,2-way,Sealed,0,0,0,0,50,0,On,0,0,,76,Auckland,Give way,0,1,0,1,0,0,Urban,1,0,0,Light rain,Null
1758108.1265,5917710.6848,869232,,515700,0,,0,4,,South,2025/2026,GILLIES AVENUE,GILLIES AVENUE ON RAMP,,Minor Crash,No,2025,,North,,0,,Hill Road,,Christmas New Year,,,,Overcast,443700,1,0,0,4,,,0,,,,,,Auckland Region,Motorway ramp,2-way,Sealed,,0,0,,50,,None,0,0,,76,Auckland,Nil,,,,,0,0,Urban,0,,,Fine,Null
1764145.2007,5914990.1601,869236,,520303,0,,1,1,,Null,2025/2026,ELLERSLIE-PANMURE HIGHWAY,HARDING AVENUE,,Non-Injury Crash,No,2025,,West,,0,,Hill Road,,,,,,Overcast,626901,0,0,0,6,,,0,,,,,,Auckland Region,Nil,2-way,Sealed,,0,0,,50,,Off,0,0,,76,Auckland,Stop,,,,,1,0,Urban,0,,,Fine,Null
1752851.7597,5930684.813,869239,,508803,0,0,0,1,0,East,2023/2024,BLUEBIRD CRESCENT,EGRET COURT,,Minor Crash,No,2024,0,East,0,0,0,Hill Road,0,,0,,0,Overcast,180834,2,0,0,2,0,0,0,0,0,,0,0,Auckland Region,Nil,2-way,Sealed,0,0,0,0,50,0,Off,0,0,,76,Auckland,Nil,0,0,0,1,0,0,Urban,1,0,0,Light rain,Null
1763283.3192,5912743.6528,869240,,520500,0,0,0,1,0,West,2025/2026,SOUTH-EASTERN HIGHWAY,SEART OBR,,Non-Injury Crash,No,2026,0,West,0,0,0,Hill Road,1,,0,,0,Overcast,637300,0,0,0,4,0,0,0,0,0,,0,0,Auckland Region,Underpass,2-way,Sealed,0,0,0,0,80,0,Off,0,0,,76,Auckland,Nil,0,0,0,0,0,0,Open,0,0,0,Heavy rain,Null
1770509.5044,5912721.6361,869243,,523101,0,,0,2,,Null,2023/2024,BOTANY ROAD,CASCADES ROAD,,Non-Injury Crash,No,2024,,North,,0,,Flat,,,,,,Bright sun,710517,0,0,0,4,,,0,,,,,,Auckland Region,Nil,2-way,Sealed,,0,0,,50,,Off,0,0,,76,Auckland,Nil,,,,,0,0,Urban,1,,,Fine,Null
1772749.5478,5896294.2936,869245,,525410,0,,0,2,,North,2023/2024,GREAT SOUTH ROAD,AVERILL STREET,,Non-Injury Crash,No,2024,,North,,0,,Flat,,Christmas New Year,,,,Bright sun,792000,0,0,0,2,,,0,,,,,,Auckland Region,Nil,2-way,Sealed,,0,0,,50,,Off,0,0,,76,Auckland,Nil,,,,,0,0,Urban,0,,,Fine,None
1767440.5462,5879895.2557,869248,,525921,0,,0,1,,North,2024/2025,PUNI ROAD,DOMAIN ROAD,,Minor Crash,No,2025,,South,,0,,Flat,,,,,,Overcast,822401,1,0,0,2,,,0,,,,,,Auckland Region,Nil,2-way,Sealed,,0,0,,50,,Off,0,0,,76,Auckland,Nil,,,,,0,0,Urban,1,,,Fine,Null
1758954.7697,5912972.0196,869252,45,519820,0,,0,1,,Null,2022/2023,ONEHUNGA MALL,TRAFALGAR STREET,,Non-Injury Crash,No,2023,,South,,0,,Flat,,,,,,Overcast,599100,0,0,1,2,,,0,,,,,,Auckland Region,Nil,2-way,Sealed,,0,0,,50,,Off,0,0,,76,Auckland,Traffic Signals,,,,,0,0,Urban,0,,,Fine,None
1752223.7174,5933999.7689,869253,,508701,0,0,0,1,0,North,2024/2025,DON MCKINNON DRIVE,COLISEUM DRIVE,,Non-Injury Crash,No,2024,0,North,0,0,0,Flat,1,,0,,0,Dark,178900,0,0,0,2,0,0,0,0,0,,0,0,Auckland Region,Nil,1-way,Sealed,0,0,0,0,50,0,On,0,0,,76,Auckland,Nil,0,0,0,0,0,0,Urban,0,0,0,Mist or Fog,Null
1756285.5957,5919294.1455,869256,,514200,0,,0,2,,West,2024/2025,KARANGAHAPE ROAD,GUNDRY STREET,,Non-Injury Crash,No,2024,,West,,0,,Flat,,,,,,Bright sun,411700,0,0,0,4,,,0,,,,,,Auckland Region,Nil,2-way,Sealed,,0,0,,50,,Off,0,0,,76,Auckland,Nil,,,,,0,0,Urban,0,,,Fine,Null
1763473.514,5915028.403,869257,,520303,0,,0,2,,East,2022/2023,ELLERSLIE-PANMURE HIGHWAY,BURT ROAD,,Non-Injury Crash,No,2023,,East,,0,,Flat,,,,,,Bright sun,626700,0,0,0,4,,,0,,,,,,Auckland Region,Nil,2-way,Sealed,,0,0,,50,,Off,0,0,,76,Auckland,Nil,,,,,0,0,Urban,0,,,Fine,None
1743548.8941,5967466.2952,869260,,506613,0,1,0,1,0,North,2024/2025,WOODCOCKS ROAD,EDGERLEY ROAD,,Non-Injury Crash,No,2024,0,East,0,0,0,Flat,0,,0,,0,Dark,145500,0,0,0,2,0,0,0,0,0,,0,0,Auckland Region,Bridge,2-way,Sealed,0,0,0,0,100,0,Off,0,0,,76,Auckland,Nil,0,0,0,0,0,0,Open,0,0,0,Fine,Null
1759820.0465,5922600.9918,869261,,509400,0,0,0,2,0,West,2023/2024,CALLIOPE ROAD,HUIA STREET,,Non-Injury Crash,No,2024,0,East,0,0,0,Flat,0,,0,,0,Dark,330400,0,0,0,2,0,0,0,0,1,,0,0,Auckland Region,Nil,2-way,Sealed,0,0,0,0,50,0,On,1,0,30,76,Auckland,Nil,0,0,0,0,0,0,Urban,0,0,0,Fine,Null
1756736.8758,5919703.0826,869268,,514102,0,,0,2,,South,2024/2025,HOPETOUN STREET,PITT STREET,,Non-Injury Crash,No,2024,,South,,0,,Flat,,,,,,Overcast,435500,0,0,0,4,,,0,,,,,,Auckland Region,Nil,2-way,Sealed,,0,0,,30,,Off,0,0,,76,Auckland,Nil,,,,,0,0,Urban,0,,,Fine,Frost
1770812.4336,5904866.3132,869275,,523713,0,,0,2,,South,2023/2024,MURPHYS ROAD,THOMAS ROAD,,Non-Injury Crash,No,2023,,South,,0,,Hill Road,,,,,,Twilight,713501,0,0,0,2,,,0,,,,,,Auckland Region,Nil,2-way,Sealed,,0,0,,80,,None,0,0,,76,Auckland,Nil,,,,,0,0,Open,0,,,Fine,Null
1761372.5912,5920140.416,869280,,516400,0,0,0,1,0,West,2024/2025,TAMAKI DRIVE,POKANOA POINT ENT,,Non-Injury Crash,No,2025,0,East,0,0,1,Flat,0,,0,,0,Dark,496600,0,0,0,2,0,0,0,0,0,,0,1,Auckland Region,Nil,2-way,Sealed,0,0,0,0,50,0,On,0,0,,76,Auckland,Nil,0,0,0,0,0,0,Urban,0,0,0,Light rain,Null
1764974.4422,5915693.899,869282,,520301,0,0,0,2,0,South,2023/2024,MORRIN ROAD,TAINUI ROAD,,Minor Crash,No,2023,0,South,0,0,0,Hill Road,0,,0,,0,Twilight,627800,2,0,0,2,0,0,0,0,1,,0,0,Auckland Region,Nil,2-way,Sealed,0,0,0,0,50,0,Off,0,0,,76,Auckland,Nil,0,0,0,0,0,0,Urban,1,0,0,Fine,Null
1763355.2628,5909556.9184,869287,,521901,0,0,0,1,0,East,2023/2024,STATION ROAD,SALEYARDS ROAD,,Non-Injury Crash,No,2023,0,East,0,0,0,Flat,0,,1,,0,Bright sun,783000,0,0,0,2,0,0,0,0,0,,0,0,Auckland Region,Nil,2-way,Sealed,0,0,0,0,50,0,None,0,0,,76,Auckland,Nil,0,0,0,0,0,0,Urban,0,0,0,Fine,Null
1764047.7668,5909432.1527,869289,,521901,0,0,0,1,0,West,2024/2025,PARK AVENUE,VICTORIA STREET,,Minor Crash,No,2024,0,West,0,0,0,Hill Road,0,,0,,0,Dark,784700,1,0,0,2,0,1,0,0,0,,0,0,Auckland Region,Nil,2-way,Sealed,0,0,0,0,50,0,On,0,0,,76,Auckland,Nil,0,0,0,0,0,0,Urban,0,0,0,Fine,Null
1772630.5367,5896502.7071,869293,,525420,0,0,0,3,0,North,2024/2025,GREAT SOUTH ROAD,BROADWAY,,Minor Crash,No,2024,0,South,0,0,0,Flat,0,,0,,0,Bright sun,791600,1,0,0,2,0,0,0,0,2,,0,0,Auckland Region,Nil,2-way,Sealed,0,0,0,0,50,0,Off,0,0,,76,Auckland,Nil,0,0,0,0,0,0,Urban,0,0,0,Fine,Null
1769459.4344,5907151.5489,869296,,523712,0,,0,1,,Null,2025/2026,MARK CARTER PLACE,ERONI CLARKE CLOSE,,Non-Injury Crash,No,2025,,North,,0,,Null,,,,,,Overcast,712807,0,0,0,2,,,0,,,,,,Auckland Region,Nil,2-way,Sealed,,0,0,,50,,Null,1,0,,76,Auckland,Nil,,,,,0,0,Urban,0,,,Fine,Null
1755344.8571,5921909.6209,869299,,515202,0,,0,2,,South,2023/2024,NORTHERN MOTORWAY,HARBOUR BR S,,Non-Injury Crash,Yes,2024,,North,,0,,Flat,,Christmas New Year,,,,Bright sun,423600,0,0,0,4,,,0,,,,,,Auckland Region,Bridge,1-way,Sealed,,0,0,,80,,Off,2,0,,76,Auckland,Nil,,,,,0,0,Open,0,,,Fine,Null
1748688.9984,5945309.1828,869300,,505806,0,0,0,0,0,South,2025/2026,NORTHERN MOTORWAY,SILVERDALE OBR,,Non-Injury Crash,Yes,2026,0,South,0,0,0,Flat,1,,0,,0,Bright sun,176802,0,0,0,2,0,0,0,0,0,,0,0,Auckland Region,Nil,1-way,Sealed,0,0,0,0,100,0,Off,0,0,,76,Auckland,Nil,0,0,0,0,0,0,Open,1,0,0,Fine,Null
1761882.6197,5906690.4282,869302,,524302,0,,0,2,,Null,2022/2023,MASSEY ROAD,HENWOOD ROAD,,Non-Injury Crash,No,2023,,South,,0,,Flat,,,,,,Dark,743500,0,0,0,5,,,0,,,,,,Auckland Region,Nil,2-way,Sealed,,0,0,,50,,On,0,0,,76,Auckland,Traffic Signals,,,,,0,0,Urban,0,,,Fine,Null
1743709.2801,5917803.6021,869308,,513220,0,,0,1,,Null,2024/2025,SUMMERLAND DRIVE,HARVEST DRIVE,,Non-Injury Crash,No,2025,,South,,0,,Flat,,Queens Birthday,,,,Overcast,236711,0,0,0,2,,,0,,,,,,Auckland Region,Nil,2-way,Sealed,,0,0,,50,,Off,1,0,,76,Auckland,Give way,,,,,0,0,Urban,0,,,Fine,Null
1758967.0932,5911395.6031,869310,,519820,0,,0,0,,North,2022/2023,SOUTH-WESTERN MOTORWAY,ONEHUNGA HARBOUR ROAD OFF RAMP,,Non-Injury Crash,Yes,2023,,West,,0,,Flat,,,,,,Bright sun,602402,0,0,0,3,,,0,,,,,,Auckland Region,Bridge,1-way,Sealed,,0,0,,100,,Off,0,0,70,76,Auckland,Nil,,,,,1,0,Open,1,,,Fine,Null
1753225.6707,5914786.318,869312,,518801,0,,0,2,,South,2025/2026,RICHARDSON ROAD,STODDARD ROAD,,Non-Injury Crash,No,2025,,West,,0,,Null,,,,,,Dark,578400,0,0,0,2,,,0,,,,,,Auckland Region,Nil,2-way,Sealed,,0,0,,50,,On,0,0,,76,Auckland,Nil,,,,,0,0,Urban,0,,,Null,Null
1769509.2774,5909878.3424,869313,,523113,0,0,0,1,0,East,2023/2024,SMALES ROAD,KELVIN HART DRIVE,,Serious Crash,No,2024,0,East,0,0,0,Flat,1,,0,,0,Bright sun,711703,0,0,0,4,0,0,0,0,0,,0,0,Auckland Region,Nil,2-way,Sealed,0,0,1,0,60,0,Off,0,0,,76,Auckland,Nil,0,0,0,1,0,0,Urban,0,0,0,Fine,Null
1777929.0663,5911653.52,869316,,523202,0,0,0,1,0,Null,2025/2026,WHITFORD MARAETAI ROAD,WAIKOPUA ROAD,,Non-Injury Crash,No,2025,0,South,0,0,0,Flat,0,,0,,0,Dark,762501,0,0,0,2,0,0,0,0,0,,0,0,Auckland Region,Nil,2-way,Sealed,0,0,0,0,80,0,On,0,0,,76,Auckland,Give way,0,0,0,1,0,0,Open,0,0,0,Fine,Null
1755291.3405,5934005.3646,869329,35,507200,0,0,0,1,0,West,2023/2024,BROWNS BAY ROAD,BEACH ROAD,,Minor Crash,No,2023,0,South,0,0,0,Hill Road,0,,0,,0,Dark,156403,1,0,0,2,0,0,0,0,0,,0,0,Auckland Region,Nil,2-way,Sealed,0,0,0,0,50,0,On,0,0,40,76,Auckland,Nil,0,0,0,1,0,0,Urban,0,0,0,Light rain,Null
1763446.605,5910873.5831,869334,,520500,0,,0,2,,South,2022/2023,GREAT SOUTH ROAD,MOUNT RICHMOND ENT,,Non-Injury Crash,No,2023,,South,,0,,Flat,,,,,,Bright sun,637900,0,0,0,4,,,0,,,,,,Auckland Region,Nil,2-way,Sealed,,0,0,,50,,Off,0,0,,76,Auckland,Nil,,,,,0,0,Urban,0,,,Fine,Null
1772243.3774,5896199.2751,869336,,525410,0,0,0,2,0,Null,2025/2026,ELLIOT STREET,RAY SMALL DRIVE,,Serious Crash,No,2025,0,East,0,0,0,Hill Road,0,,0,,0,Bright sun,791801,1,0,0,2,0,0,0,0,0,,0,1,Auckland Region,Nil,2-way,Sealed,0,0,2,0,50,0,Off,0,0,,76,Auckland,Stop,0,0,0,0,0,0,Urban,0,0,0,Fine,Null
1754588.0936,5935328.4308,869343,,507102,0,0,0,2,0,South,2022/2023,SARTORS AVENUE,WOODRIDGE AVENUE,,Non-Injury Crash,No,2023,0,East,0,0,0,Null,0,,0,,0,Bright sun,160500,0,0,0,2,0,0,0,0,1,,0,0,Auckland Region,Nil,2-way,Sealed,0,0,0,0,50,0,Off,0,0,,76,Auckland,Nil,0,0,0,0,0,0,Urban,0,0,0,Fine,Null
1756844.0733,5920364.6856,869349,,514102,0,,0,2,,South,2023/2024,NELSON STREET,WELLESLEY STREET WEST,,Non-Injury Crash,No,2024,,North,,0,,Flat,,,,,,Bright sun,434101,0,0,0,5,,,0,,,,,,Auckland Region,Nil,1-way,Sealed,,0,0,,30,,Off,0,0,,76,Auckland,Nil,,,,,0,0,Urban,0,,,Fine,Null
1752963.7025,5934930.6812,869355,,508701,0,,0,0,,South,2023/2024,NORTHERN MOTORWAY,OTEHA VALLEY OBR,,Non-Injury Crash,Yes,2024,,North,,0,,Hill Road,,,,,,Bright sun,179000,0,0,0,3,,,1,,,,,,Auckland Region,Nil,1-way,Sealed,,0,0,,100,,Off,0,0,,76,Auckland,Nil,,,,,0,0,Open,1,,,Fine,Null
1760274.9135,5917416.5763,869357,,516102,0,,0,2,,South,2023/2024,VICTORIA AVENUE,CHATFIELD PLACE,,Non-Injury Crash,No,2024,,North,,0,,Hill Road,,,,,,Dark,484600,0,0,0,2,,,0,,,,,,Auckland Region,Nil,2-way,Sealed,,0,0,,50,,On,0,0,,76,Auckland,Nil,,,,,0,0,Urban,0,,,Fine,Null
1763719.0098,5915066.3469,869358,,520302,0,,0,2,,East,2022/2023,ELLERSLIE-PANMURE HIGHWAY,BURT ROAD,,Non-Injury Crash,No,2023,,West,,0,,Flat,,,,,,Overcast,626203,0,0,0,4,,,0,,,,,,Auckland Region,Nil,2-way,Sealed,,0,0,,50,,Off,0,0,,76,Auckland,Nil,,,,,0,0,Urban,0,,,Fine,Null
1754209.8571,5931271.5804,869359,,508805,0,,0,3,,South,2023/2024,UPPER HARBOUR HWY ON RAMP,CONSTELLATION DRIVE,,Non-Injury Crash,Yes,2023,,South,,0,,Hill Road,,,,,,Overcast,180826,0,0,0,2,,,0,,,,,,Auckland Region,Motorway ramp,1-way,Sealed,,0,0,,80,,Off,0,0,,76,Auckland,Nil,,,,,0,0,Open,1,,,Heavy rain,Null
1768210.6169,5903812.7535,869360,,523820,0,,0,0,,South,2025/2026,SOUTHERN MOTORWAY,MANUKAU ON SBD OBR,,Non-Injury Crash,Yes,2025,,South,,0,,Null,,,,,,Unknown,760142,0,0,0,3,,,0,,,,,,Auckland Region,Nil,1-way,Sealed,,0,0,,100,,Null,0,0,,76,Auckland,Nil,,,,,0,2,Open,0,,,Null,Null
1754231.6831,5926025.2028,869361,,508610,0,0,0,2,0,East,2023/2024,MCDOWELL CRESCENT,BETSLAND CRESCENT,,Non-Injury Crash,No,2023,0,North,0,0,0,Hill Road,0,,0,,0,Overcast,207000,0,0,0,2,0,0,0,0,1,,0,0,Auckland Region,Nil,2-way,Sealed,0,0,0,0,50,0,Off,0,0,,76,Auckland,Nil,0,0,0,0,0,0,Urban,0,0,0,Fine,Null
1749903.7791,5916173.369,869365,,514801,0,0,0,5,0,East,2023/2024,AVONDALE ROAD,OREGON AVENUE,,Non-Injury Crash,No,2024,0,West,0,0,1,Flat,0,,0,,0,Dark,387200,0,0,0,2,0,0,0,0,1,,0,0,Auckland Region,Nil,2-way,Sealed,0,0,0,0,50,0,On,0,0,,76,Auckland,Nil,0,0,0,0,0,0,Urban,0,0,0,Fine,Null
1757870.763,5918734.9527,869371,,517400,0,,0,1,,Null,2023/2024,PARK ROAD,CARLTON GORE ROAD,,Minor Crash,No,2024,,North,,0,,Flat,,,,,,Overcast,450000,1,0,0,2,,,0,,,,,,Auckland Region,Nil,2-way,Sealed,,0,0,,50,,Off,1,0,,76,Auckland,Traffic Signals,,,,,0,0,Urban,0,,,Light rain,Strong wind
1745375.0835,5920397.4063,869372,,513301,0,,0,1,,Null,2025/2026,TRIANGLE ROAD,LINCOLN ROAD,,Non-Injury Crash,No,2025,,East,,0,,Null,,,,,,Unknown,231700,0,0,0,1,,,0,,,,,,Auckland Region,Nil,1-way,Sealed,,0,0,,50,,Null,1,0,,76,Auckland,Give way,,,,,0,0,Urban,0,,,Null,Null
1755456.5923,5928979.0462,869374,,508320,0,,0,1,,Null,2022/2023,TRISTRAM AVENUE,TRISTRAM AVENUE OFF RAMP,,Non-Injury Crash,No,2023,,West,,0,,Flat,,,,,,Overcast,198500,0,0,0,4,,,0,,,,,,Auckland Region,Nil,1-way,Sealed,,0,0,,50,,Off,0,0,,76,Auckland,Nil,,,,,1,0,Urban,0,,,Fine,Null