X,Y,OBJECTID,advisorySpeed,areaUnitID,bicycle,bridge,bus,carStationWagon,cliffBank,crashDirectionDescription,crashFinancialYear,crashLocation1,crashLocation2,crashRoadSideRoad,crashSeverity,crashSHDescription,crashYear,debris,directionRoleDescription,ditch,fatalCount,fence,flatHill,guardRail,holiday,houseOrBuilding,intersection,kerb,light,meshblockId,minorInjuryCount,moped,motorcycle,NumberOfLanes,objectThrownOrDropped,otherObject,otherVehicleType,overBank,parkedVehicle,pedestrian,phoneBoxEtc,postOrPole,region,roadCharacter,roadLane,roadSurface,roadworks,schoolBus,seriousInjuryCount,slipOrFlood,speedLimit,strayAnimal,streetLight,suv,taxi,temporarySpeedLimit,tlaId,tlaName,trafficControl,trafficIsland,trafficSign,train,tree,truck,unknownVehicleType,urban,vanOrUtility,vehicle,waterRiver,weatherA,weatherB
1757757.2051,5918307.3274,869375,,514302,0,,0,1,,Null,2024/2025,MOUNTAIN ROAD,SECCOMBES ROAD,,Serious Crash,No,2024,,North,,0,,Flat,,,,,,Overcast,442100,1,0,0,2,,,0,,,2,,,Auckland Region,Nil,2-way,Sealed,,0,1,,50,,Off,0,0,,76,Auckland,Traffic Signals,,,,,0,0,Urban,0,,,Fine,Null
1771112.7151,5896493.1423,869377,,525540,0,,0,1,,South,2024/2025,SOUTHERN MOTORWAY,PAHUREHURE NO 2 BR,,Serious Crash,Yes,2024,,South,,0,,Flat,,,,,,Overcast,806204,1,0,0,3,,,0,,,,,,Auckland Region,Nil,1-way,Sealed,,0,1,,80,,Off,2,0,,76,Auckland,Nil,,,,,1,0,Open,0,,,Fine,Null
1770933.26,5901158.2118,869381,,523813,0,,0,2,,South,2023/2024,PORCHESTER ROAD,RIVERTON DRIVE,,Non-Injury Crash,No,2024,,North,,0,,Flat,,,,,,Dark,759800,0,0,0,2,,,0,,,,,,Auckland Region,Nil,2-way,Sealed,,0,0,,50,,On,0,0,,76,Auckland,Nil,,,,,0,0,Urban,0,,,Fine,Null
1740669.8386,5918837.5734,869385,,513101,0,,0,1,,West,2024/2025,SWANSON ROAD,CHURCH STREET,,Serious Crash,No,2024,,East,,0,,Flat,,,,,,Dark,237901,0,0,0,2,,,0,,,,,,Auckland Region,Nil,2-way,Sealed,,0,1,,50,,On,0,0,,76,Auckland,Nil,,,,,0,0,Urban,0,,,Fine,Null
1764757.8958,5903824.7299,869388,,524604,0,,0,0,,Null,2023/2024,CAVENDISH DRIVE,CAVENDISH DRIVE,,Non-Injury Crash,No,2024,,East,,0,,Flat,,,,,,Overcast,781301,0,0,0,2,,,0,,,,,,Auckland Region,Nil,1-way,Sealed,,0,0,,60,,Off,0,0,,76,Auckland,Give way,,,,,0,0,Urban,1,,,Fine,None
1732812.8434,5929661.1636,869392,,505601,0,0,0,1,0,West,2023/2024,SH 16,SOLAN DRIVE,,Non-Injury Crash,Yes,2024,0,East,0,0,0,Flat,0,,0,,0,Overcast,216202,0,0,0,2,0,1,0,0,0,,0,0,Auckland Region,Nil,2-way,Sealed,0,0,0,0,60,0,Off,0,0,,76,Auckland,Nil,0,0,0,0,0,0,Urban,0,0,0,Fine,Null
1771154.9411,5905292.2651,869396,,523713,0,,0,1,,West,2024/2025,MURPHYS PARK DRIVE,PICTURESQUE DRIVE,,Non-Injury Crash,No,2024,,East,,0,,Flat,,,,,,Dark,713501,0,0,0,2,,,0,,,,,,Auckland Region,Bridge,2-way,Sealed,,0,0,,50,,On,1,0,,76,Auckland,Nil,,,,,0,0,Urban,0,,,Fine,Null
1739325.9156,5903960.0591,869397,,513800,0,0,0,1,1,South,2024/2025,HUIA ROAD,HUIA DAM ROAD,,Serious Crash,No,2024,0,East,0,0,0,Hill Road,0,,0,,0,Dark,303400,0,0,0,2,0,0,0,0,0,,0,0,Auckland Region,Nil,2-way,Sealed,0,0,1,0,50,0,None,0,0,,76,Auckland,Nil,0,0,0,0,0,0,Urban,0,0,0,Fine,Null
1754176.8139,5916983.4999,869399,,517600,0,,0,2,,North,2023/2024,ST LUKES ROAD,TAYLORS ROAD,,Non-Injury Crash,No,2024,,North,,0,,Flat,,,,,,Overcast,535100,0,0,0,4,,,0,,,,,,Auckland Region,Nil,2-way,Sealed,,0,0,,50,,Off,0,0,,76,Auckland,Nil,,,,,0,0,Urban,0,,,Fine,Null
1766074.3703,5907303.076,869400,,522301,0,0,0,2,0,Null,2024/2025,EAST TAMAKI ROAD,HOLROYD PLACE,,Minor Crash,No,2025,0,South,0,0,1,Flat,0,,0,,0,Overcast,666700,1,0,0,4,0,0,0,0,0,,0,0,Auckland Region,Nil,2-way,Sealed,0,0,0,0,50,0,Off,0,0,,76,Auckland,Traffic Signals,0,0,0,0,0,0,Urban,0,0,0,Fine,Null
1748402.5618,5876463.7684,869405,,521151,0,,0,1,,South,2023/2024,GAZELLE ROAD,KAIHAU ROAD,,Non-Injury Crash,No,2024,,North,,0,,Hill Road,,,,,,Dark,831000,0,0,0,2,,,0,,,,,,Auckland Region,Nil,2-way,Sealed,,0,0,,40,,None,0,0,,76,Auckland,Nil,,,,,0,0,Urban,0,,,Fine,Null
1767587.9713,5904349.9096,869407,,524604,0,0,0,1,0,Null,2024/2025,PUTNEY WAY,LEYTON WAY,,Minor Crash,No,2024,0,East,0,0,0,Flat,0,,0,,0,Bright sun,780204,1,0,0,2,0,0,0,0,0,1,0,0,Auckland Region,Nil,2-way,Sealed,0,0,0,0,50,0,Null,1,0,,76,Auckland,Give way,0,0,0,0,0,0,Urban,0,1,0,Fine,Null
1753596.6723,5930678.7184,869409,,508803,0,,0,0,,North,2023/2024,TYRICO CLOSE,MANDEVILLE PLACE,,Minor Crash,No,2023,,South,,0,,Flat,,,,,,Twilight,180852,1,0,0,1,,,0,,,1,,,Auckland Region,Nil,2-way,Sealed,,0,0,,50,,Off,0,0,,76,Auckland,Nil,,,,,0,0,Urban,1,,,Fine,Null
1760622.6396,5915534.0284,869411,,520201,0,,0,1,,North,2024/2025,SOUTHERN MOTORWAY,WALPOLE OBR,,Non-Injury Crash,Yes,2024,,North,,0,,Flat,,,,,,Dark,613000,0,0,0,3,,,0,,,,,,Auckland Region,Nil,1-way,Sealed,,0,0,,100,,On,0,0,,76,Auckland,Nil,,,,,1,0,Open,1,,,Light rain,Null
1753033.4681,5912485.5459,869414,,518902,0,0,0,1,0,Null,2022/2023,HILLSBOROUGH ROAD,WHITE SWAN ROAD,,Non-Injury Crash,No,2023,0,East,0,0,1,Hill Road,0,,1,,0,Dark,586700,0,0,0,2,0,1,0,0,0,,0,0,Auckland Region,Nil,2-way,Sealed,0,0,0,0,50,0,On,0,0,,76,Auckland,Nil,0,0,0,0,0,0,Urban,0,0,0,Fine,Null
1757584.4883,5918408.2753,869416,,518101,0,,0,1,,South,2024/2025,SOUTHERN MOTORWAY,BOSTON OBR,,Non-Injury Crash,Yes,2024,,North,,0,,Flat,,,,,,Bright sun,542700,0,0,0,4,,,0,,,,,,Auckland Region,Nil,1-way,Sealed,,0,0,,80,,Off,0,0,,76,Auckland,Nil,,,,,1,0,Open,0,,,Fine,Null
1762164.4432,5906177.6626,869419,,524200,0,,0,4,,South,2024/2025,SOUTH-WESTERN MOTORWAY,MASSEY ROAD,,Non-Injury Crash,Yes,2024,,North,,0,,Flat,,,,,,Bright sun,728900,0,0,0,2,,,0,,,,,,Auckland Region,Nil,1-way,Sealed,,0,0,,100,,Off,0,0,,76,Auckland,Nil,,,,,0,0,Open,0,,,Fine,Null
1759896.6234,5915769.0865,869423,,516003,0,,0,2,,Null,2024/2025,GREEN LANE EAST,GREAT SOUTH ROAD,,Minor Crash,No,2025,,West,,0,,Flat,,,,,,Dark,495200,1,0,0,4,,,0,,,,,,Auckland Region,Nil,1-way,Sealed,,0,0,,50,,On,0,0,,76,Auckland,Traffic Signals,,,,,0,0,Urban,0,,,Fine,Null
1765792.6236,5908136.3947,869424,,523402,0,,0,0,,South,2025/2026,SOUTHERN MOTORWAY,BAIRDS OBR,,Non-Injury Crash,Yes,2025,,South,,0,,Flat,,,,,,Dark,698900,0,0,0,3,,,0,,,,,,Auckland Region,Nil,1-way,Sealed,,0,0,,100,,On,1,0,,76,Auckland,Nil,,,,,1,0,Open,0,,,Fine,Null
1755633.4249,5919798.0645,869427,,515302,0,,0,2,,West,2022/2023,NORFOLK STREET,PONSONBY ROAD,,Non-Injury Crash,No,2023,,West,,0,,Flat,,,,,,Overcast,431900,0,0,0,2,,,0,,,,,,Auckland Region,Nil,2-way,Sealed,,0,0,,50,,Null,0,0,,76,Auckland,Nil,,,,,0,0,Urban,0,,,Null,None
1753428.8806,5933248.4429,869443,,508804,0,0,0,1,0,Null,2023/2024,GREVILLE ROAD,NORTHERN BUSWAY,,Minor Crash,No,2024,0,West,0,0,0,Flat,1,,0,,0,Dark,180605,1,0,0,3,0,0,0,0,0,,0,0,Auckland Region,Underpass,2-way,Sealed,0,0,0,0,50,0,On,0,0,,76,Auckland,Traffic Signals,0,0,0,0,0,0,Urban,0,0,0,Light rain,Null
1751398.455,5934297.9556,869445,,508701,0,,0,0,,Null,2023/2024,DAIRY FLAT HIGHWAY,OTEHA VALLEY ROAD EXTENSION,,Non-Injury Crash,No,2023,,South,,0,,Flat,,,,,,Bright sun,178501,0,0,0,4,,,0,,,,,,Auckland Region,Nil,2-way,Sealed,,0,0,,50,,Off,0,0,,76,Auckland,Traffic Signals,,,,,0,0,Urban,2,,,Fine,Null
1762631.3402,5905579.9763,869447,,524200,0,0,0,1,0,North,2023/2024,TIDAL ROAD,PORTAGE ROAD,,Non-Injury Crash,No,2024,0,North,0,0,1,Flat,0,,0,,1,Dark,728900,0,0,0,2,0,0,0,0,0,,0,0,Auckland Region,Nil,2-way,Sealed,0,0,0,0,50,0,On,0,0,,76,Auckland,Nil,0,0,0,0,0,0,Urban,0,0,0,Light rain,Null
1774862.6654,5887534.2042,869449,,521302,0,0,0,1,0,North,2023/2024,SOUTHERN MOTORWAY,ARARIMU OBR,,Non-Injury Crash,Yes,2023,0,North,0,0,0,Flat,1,,0,,0,Twilight,809101,0,0,0,2,0,0,0,0,0,,0,0,Auckland Region,Motorway ramp,1-way,Sealed,0,0,0,0,100,0,On,0,0,60,76,Auckland,Nil,0,0,0,0,0,0,Open,0,0,0,Fine,Null
1753050.28,5928022.1664,869451,,508210,0,0,0,1,0,Null,2024/2025,OFF ROAD CARPARK,,,Serious Crash,No,2024,0,North,0,0,0,Hill Road,0,,0,,0,Overcast,186600,0,0,0,0,0,0,0,0,1,1,0,0,Auckland Region,Nil,Off road,Sealed,0,0,1,0,,0,None,1,0,,76,Auckland,Nil,0,0,0,0,0,0,Urban,0,0,0,Fine,Null
1752670.6824,5876516.3709,869452,,526103,0,,0,0,,Null,2024/2025,SANDSPIT ROAD,KING STREET,,Minor Crash,No,2025,,South,,0,,Flat,,,,,,Bright sun,836904,1,0,1,2,,,0,,,,,,Auckland Region,Nil,2-way,Sealed,,0,0,,50,,Off,0,0,,76,Auckland,Stop,,,,,0,0,Urban,1,,,Fine,Null
1821961.8862,5979826.5542,869459,,521000,0,,0,1,,East,2023/2024,PURIRI BAY ROAD,SCHOONER BAY ROAD,,Non-Injury Crash,No,2024,,East,,0,,Flat,,,,,,Bright sun,439200,0,0,0,2,,,0,,,,,,Auckland Region,Nil,2-way,Unsealed,,0,0,,100,,None,0,0,,76,Auckland,Nil,,,,,0,0,Open,1,,,Fine,Null
1744666.0984,5912606.3423,869462,,512902,0,,0,2,,South,2023/2024,SHAW ROAD,NOLA ROAD,,Minor Crash,No,2023,,South,,0,,Hill Road,,,,,,Dark,279600,1,0,0,2,,,0,,,,,,Auckland Region,Nil,2-way,Sealed,,0,0,,50,,On,0,0,40,76,Auckland,Nil,,,,,0,0,Urban,0,,,Fine,Null
1763196.2662,5911843.0025,869463,,519500,0,,0,1,,Null,2022/2023,GREAT SOUTH ROAD,SYLVIA PARK ROAD,,Non-Injury Crash,No,2023,,North,,0,,Flat,,,,,,Unknown,622800,0,0,0,5,,,0,,,,,,Auckland Region,Nil,2-way,Sealed,,0,0,,50,,Off,1,0,,76,Auckland,Traffic Signals,,,,,0,0,Urban,0,,,Fine,Null
1753238.194,5934313.3134,869464,,508704,0,0,0,2,0,Null,2024/2025,MCCLYMONTS ROAD,KEREKIN DRIVE,,Non-Injury Crash,No,2024,0,North,0,0,0,Flat,0,,0,,0,Twilight,179120,0,0,0,2,0,0,0,0,0,,0,1,Auckland Region,Nil,2-way,Sealed,0,0,0,0,50,0,Null,0,0,,76,Auckland,Give way,0,0,0,0,0,0,Urban,0,0,0,Null,Null
1768672.9141,5902625.0425,869465,,524602,0,0,0,4,0,West,2024/2025,"ORAMS ROAD, HILLPARK, AUCKLAND",PANTERA WAY,,Non-Injury Crash,No,2024,0,East,0,0,1,Hill Road,0,,0,,0,Dark,780700,0,0,0,2,0,0,0,0,1,,0,0,Auckland Region,Nil,2-way,Sealed,0,0,0,0,50,0,On,0,0,,76,Auckland,Nil,0,0,0,0,0,0,Urban,0,0,0,Fine,Null
1758458.7401,5917650.2933,869470,,516001,0,,0,1,,North,2023/2024,SOUTHERN MOTORWAY,ST MARKS ROAD ON RAMP,,Minor Crash,Yes,2023,,South,,0,,Flat,,,,,,Overcast,490800,1,0,1,3,,,0,,,,,,Auckland Region,Nil,1-way,Sealed,,0,0,,80,,Off,0,0,,76,Auckland,Nil,,,,,0,0,Open,1,,,Fine,Null
1756232.838,5936794.4392,869471,,507000,0,0,0,2,0,North,2023/2024,DEEP CREEK ROAD,ELLANGOWAN ROAD,,Non-Injury Crash,No,2024,0,South,0,0,0,Hill Road,0,,0,,0,Bright sun,164300,0,0,0,2,0,0,0,0,1,,0,0,Auckland Region,Nil,2-way,Sealed,0,0,0,0,50,0,Off,0,0,,76,Auckland,Nil,0,0,0,0,0,0,Urban,0,0,0,Fine,Null
1763797.1151,5913048.7855,869473,,520402,0,,0,2,,North,2023/2024,MOUNT WELLINGTON HIGHWAY,TE TATA AVENUE,,Non-Injury Crash,No,2023,,South,,0,,Flat,,,,,,Overcast,641502,0,0,0,5,,,0,,,,,,Auckland Region,Nil,2-way,Sealed,,0,0,,50,,None,0,0,,76,Auckland,Nil,,,,,0,0,Urban,0,,,Fine,None
1749760.1671,5957195.6442,869474,,506613,0,0,0,1,0,South,2022/2023,SH 1,PUHOI SOUTHBOUND ON RAMP,,Non-Injury Crash,No,2023,0,South,0,0,0,Flat,1,,0,,0,Overcast,147000,0,0,0,2,0,0,0,0,0,,0,0,Auckland Region,Nil,2-way,Sealed,0,0,0,0,80,0,Off,0,0,50,76,Auckland,Nil,0,0,0,0,0,0,Open,0,0,0,Fine,Null
1765235.4076,5909473.8876,869475,,521802,0,,0,2,,North,2024/2025,SOUTHERN MOTORWAY,TAMAKI RIV BR,,Non-Injury Crash,Yes,2024,,North,,0,,Flat,,,,,,Bright sun,788400,0,0,0,3,,,0,,,,,,Auckland Region,Nil,1-way,Sealed,,0,0,,100,,Off,0,0,,76,Auckland,Nil,,,,,0,0,Open,0,,,Fine,Null
1752767.2683,5915585.3332,869477,,517902,0,0,0,2,0,Null,2024/2025,RICHARDSON ROAD,GRANDE AVENUE,,Non-Injury Crash,No,2024,0,South,0,0,0,Hill Road,0,,0,,0,Dark,519100,0,0,0,2,0,0,0,0,0,,0,0,Auckland Region,Nil,2-way,Sealed,0,0,0,0,50,0,On,0,0,,76,Auckland,Give way,0,0,0,0,0,0,Urban,0,1,0,Fine,Null
1749262.3016,5943642.1476,869482,,506003,0,0,0,1,0,South,2022/2023,EAST COAST ROAD,SPUR ROAD,,Fatal Crash,No,2023,0,South,0,1,0,Flat,0,,0,,0,Overcast,175813,0,0,0,2,0,0,0,0,0,,0,1,Auckland Region,Nil,2-way,Sealed,0,0,0,0,80,0,Off,0,0,,76,Auckland,Nil,0,0,0,0,0,0,Open,0,0,0,Light rain,Null
1771582.4675,5894884.7828,869483,,525530,0,,0,2,,South,2024/2025,SOUTHERN MOTORWAY,PAPAKURA ON RAMP,,Minor Crash,Yes,2025,,South,,0,,Flat,,,,,,Bright sun,804901,1,0,0,2,,,0,,,,,,Auckland Region,Nil,1-way,Sealed,,0,0,,100,,Off,0,0,,76,Auckland,Nil,,,,,0,0,Open,0,,,Fine,Null
1769438.7913,5907947.7984,869484,,523711,0,,0,2,,Null,2025/2026,TE IRIRANGI DRIVE,BISHOP DUNN PLACE,,Minor Crash,No,2025,,North,,0,,Flat,,,,,,Dark,712305,2,0,0,2,,,0,,,,,,Auckland Region,Nil,2-way,Sealed,,0,0,,80,,On,0,0,,76,Auckland,Traffic Signals,,,,,0,0,Open,0,,,Light rain,Null
1767738.8489,5906101.3684,869485,,523721,0,0,0,1,0,South,2022/2023,PRESTON ROAD,FLAT BUSH ROAD,,Non-Injury Crash,No,2023,0,South,0,0,0,Flat,0,,0,,0,Bright sun,715100,0,0,0,2,0,0,0,0,1,,0,0,Auckland Region,Nil,2-way,Sealed,0,0,0,0,50,0,None,0,0,,76,Auckland,Nil,0,0,0,0,0,0,Urban,1,0,0,Light rain,None
1758976.5081,5911425.193,869491,,519820,0,,0,1,,South,2023/2024,NEILSON STREET ON RAMP,GLOUCESTER PARK ROAD ON RAMP,,Non-Injury Crash,No,2023,,South,,0,,Flat,,,,,,Overcast,602402,0,0,0,1,,,0,,,,,,Auckland Region,Nil,1-way,Sealed,,0,0,,100,,Off,0,0,,76,Auckland,Nil,,,,,0,0,Open,1,,,Fine,Null
1744908.7194,5921268.6437,869497,,513530,0,,0,1,,North,2024/2025,NORTH-WESTERN MOTORWAY,HURUHURU OBR,,Non-Injury Crash,Yes,2024,,South,,0,,Flat,,,,,,Overcast,226302,0,0,0,3,,,0,,,,,,Auckland Region,Nil,1-way,Sealed,,0,0,,100,,Off,1,0,,76,Auckland,Nil,,,,,0,0,Open,0,,,Fine,Null
1774989.6923,5890160.8195,869499,,521301,0,0,0,1,1,South,2023/2024,FITZGERALD ROAD,COSSEY ROAD,,Minor Crash,No,2024,0,North,0,0,0,Flat,0,,0,,0,Dark,809003,1,0,0,2,0,0,0,0,0,,0,0,Auckland Region,Nil,2-way,Sealed,0,0,0,0,80,0,None,0,0,,76,Auckland,Nil,0,0,0,0,0,0,Open,0,0,0,Fine,Null
1765172.1513,5902605.9275,869502,,524604,0,,0,0,,South,2023/2024,ROSCOMMON ROAD,WIRI STATION ROAD,,Minor Crash,No,2023,,South,,0,,Flat,,,,,,Dark,781302,1,0,0,2,,,0,,,1,,,Auckland Region,Nil,1-way,Sealed,,0,0,,60,,On,0,0,,76,Auckland,Nil,,,,,0,0,Urban,1,,,Light rain,Null
1768769.8692,5911765.5137,869505,,523107,0,,0,2,,Null,2024/2025,BURSWOOD DRIVE,TORRENS ROAD,,Minor Crash,No,2024,,South,,0,,Flat,,,,,,Bright sun,711408,1,0,0,2,,,0,,,,,,Auckland Region,Nil,2-way,Sealed,,0,0,,50,,None,0,0,30,76,Auckland,Give way,,,,,0,0,Urban,0,,,Fine,Null
1757648.2244,5912254.067,869511,,519810,0,,0,2,,West,2023/2024,SOUTH-WESTERN MOTORWAY,QUEENSTOWN ROAD ON RAMP,,Non-Injury Crash,Yes,2023,,South,,0,,Flat,,,,,,Overcast,596700,0,0,0,3,,,0,,,,,,Auckland Region,Nil,1-way,Sealed,,0,0,,100,,Off,0,0,,76,Auckland,Nil,,,,,0,0,Open,0,,,Light rain,Null
1758854.201,5905376.7713,869516,,524200,0,,0,3,,North,2024/2025,GEORGE BOLT MEMORIAL DRIVE,VERISSIMO DRIVE,,Minor Crash,Yes,2025,,South,,0,,Flat,,,,,,Twilight,727600,1,0,0,2,,,0,,,,,,Auckland Region,Nil,1-way,Sealed,,0,0,,100,,On,0,0,,76,Auckland,Nil,,,,,0,0,Open,0,,,Mist or Fog,Null
1765635.5525,5906874.2701,869520,,522301,0,0,0,1,0,Null,2024/2025,GREAT SOUTH ROAD,CHARLES STREET,,Non-Injury Crash,No,2024,0,North,0,0,0,Flat,0,,1,,0,Twilight,666900,0,0,0,4,0,0,0,0,0,,0,0,Auckland Region,Nil,2-way,Sealed,0,0,0,0,50,0,On,0,0,30,76,Auckland,Stop,0,0,0,0,0,0,Urban,0,0,0,Fine,Null
1768082.8885,5881051.2103,869522,,525921,0,,0,3,,Null,2022/2023,HELVETIA ROAD,VICTORIA STREET,,Minor Crash,No,2023,,North,,0,,Flat,,Easter,,,,Bright sun,821800,1,0,0,2,,,0,,,,,,Auckland Region,Nil,2-way,Sealed,,0,0,,50,,Off,0,0,,76,Auckland,Stop,,,,,0,0,Urban,0,,,Fine,Null
1763553.9705,5907807.8185,869523,,524301,0,0,0,1,0,East,2023/2024,ROSELLA ROAD,THOMPSON STREET,,Non-Injury Crash,No,2023,0,South,0,0,0,Flat,0,Christmas New Year,0,,0,Dark,748600,0,0,0,2,0,0,0,0,0,,0,0,Auckland Region,Nil,2-way,Sealed,0,0,0,0,30,0,On,0,0,,76,Auckland,Nil,0,0,0,1,0,0,Urban,0,0,0,Fine,Null
1758150.3536,5920827.1053,869525,,514101,0,,0,2,,Null,2022/2023,QUAY STREET,TANGIHUA STREET,,Non-Injury Crash,No,2023,,West,,0,,Flat,,,,,,Dark,438211,0,0,0,1,,,0,,,,,,Auckland Region,Nil,1-way,Sealed,,0,0,,40,,On,0,0,,76,Auckland,Give way,,,,,0,0,Urban,0,,,Fine,None
1767624.3724,5904278.8433,869528,,524604,0,,0,1,,Null,2024/2025,MANUKAU STATION ROAD,LEYTON WAY,,Non-Injury Crash,No,2024,,North,,0,,Flat,,,,,,Bright sun,780204,0,0,0,4,,,0,,,,,,Auckland Region,Nil,2-way,Sealed,,0,0,,50,,Off,0,0,,76,Auckland,Traffic Signals,,,,,0,0,Urban,0,,,Fine,None
1757774.8471,5918201.7541,869529,,515700,0,,0,2,,South,2024/2025,SOUTHERN MOTORWAY,MAUNGAWHAU OBR,,Non-Injury Crash,Yes,2024,,North,,0,,Flat,,,,,,Bright sun,443600,0,0,0,4,,,0,,,,,,Auckland Region,Nil,1-way,Sealed,,0,0,,80,,Off,0,0,,76,Auckland,Nil,,,,,0,0,Open,0,,,Fine,Null
1748770.6476,5914482.4364,869537,,511302,0,0,0,1,0,Null,2024/2025,RIMU STREET,LYNWOOD ROAD,,Non-Injury Crash,No,2024,0,East,0,0,0,Flat,0,,0,,0,Overcast,268000,0,0,0,2,0,0,0,0,0,,0,0,Auckland Region,Nil,2-way,Sealed,0,0,0,0,30,0,Off,0,0,,76,Auckland,Stop,1,0,0,0,1,0,Urban,0,0,0,Fine,Null
1780459.9738,5916222.4546,869541,,523300,0,,0,2,,Null,2024/2025,MARAETAI SCHOOL ROAD,MARAETAI DRIVE,,Non-Injury Crash,No,2024,,North,,0,,Flat,,,,,,Bright sun,720000,0,0,0,2,,,0,,,,,,Auckland Region,Nil,2-way,Sealed,,0,0,,50,,None,0,0,,76,Auckland,Give way,,,,,0,0,Urban,0,,,Fine,Null
1766097.3442,5899672.8209,869561,,524822,0,,0,3,,East,2024/2025,PALMERS ROAD,BARNEYS FARM ROAD,,Non-Injury Crash,No,2024,,West,,0,,Flat,,,,,,Overcast,774431,0,0,0,2,,,0,,,,,,Auckland Region,Nil,2-way,Sealed,,0,0,,30,,Off,0,0,,76,Auckland,Nil,,,,,0,0,Urban,0,,,Fine,Null
1763118.995,5912873.1583,869563,,520500,0,,0,1,,East,2024/2025,SOUTHERN MOTORWAY,SOUTH-EASTERN HWY OFF RAMP,,Minor Crash,Yes,2024,,East,,0,,Flat,,,,,,Overcast,637400,1,0,0,4,,,0,,,,,,Auckland Region,Nil,1-way,Sealed,,0,0,,100,,Off,1,0,,76,Auckland,Nil,,,,,1,0,Open,0,,,Fine,Null
1765100.6929,5902740.0916,869569,,524604,0,,0,1,,South,2023/2024,ROSCOMMON ROAD,OIL TERMINAL ROAD,,Non-Injury Crash,No,2024,,North,,0,,Flat,,,,,,Bright sun,781200,0,0,0,2,,,0,,,,,,Auckland Region,Nil,1-way,Sealed,,0,0,,60,,None,1,0,,76,Auckland,Nil,,,,,0,0,Urban,1,,,Fine,Null
1744528.376,5921724.8679,869571,,513530,0,0,0,1,0,South,2024/2025,NORTH-WESTERN MOTORWAY,ROYAL ROAD ON RAMP,,Minor Crash,Yes,2024,0,South,0,0,0,Flat,1,,0,,0,Dark,225804,1,0,0,3,0,0,0,0,0,,0,0,Auckland Region,Nil,1-way,Sealed,0,0,0,0,100,0,On,0,0,,76,Auckland,Nil,0,0,0,0,0,0,Open,0,0,0,Light rain,Strong wind
1760084.8335,5915955.4655,869572,,516002,0,0,0,1,0,North,2025/2026,GREEN LANE EAST ON RAMP,GREEN LANE EAST,,Non-Injury Crash,No,2025,0,North,0,0,0,Flat,1,Labour Weekend,0,,0,Bright sun,492100,0,0,0,1,0,0,0,0,0,,0,0,Auckland Region,Motorway ramp,1-way,Sealed,0,0,0,0,50,0,Off,0,0,,76,Auckland,Nil,0,0,0,0,0,0,Urban,0,0,0,Fine,Null
1759485.3481,5925464.573,869573,,508110,0,0,0,1,0,North,2024/2025,LAKE ROAD,BARDIA STREET,,Non-Injury Crash,No,2024,0,South,0,0,0,Flat,0,,0,,0,Dark,319200,0,0,0,2,0,0,0,0,0,,0,1,Auckland Region,Nil,2-way,Sealed,0,0,0,0,50,0,On,0,0,,76,Auckland,Nil,0,0,0,0,0,0,Urban,0,0,0,Mist or Fog,Null
1743658.2252,5919390.6737,869576,,513212,0,,0,4,,Null,2025/2026,DON BUCK ROAD,SWANSON ROAD,,Non-Injury Crash,No,2025,,North,,0,,Flat,,,,,,Overcast,235711,0,0,0,2,,,0,,,,,,Auckland Region,Nil,2-way,Sealed,,0,0,,50,,Off,0,0,,76,Auckland,Give way,,,,,0,0,Urban,0,,,Heavy rain,Null
1749479.17,5957487.823,869581,,506613,0,,0,2,,Null,2023/2024,POHUEHUE ROAD,PUHOI ROAD,,Non-Injury Crash,No,2024,,North,,0,,Flat,,,,,,Dark,147000,0,0,0,2,,,0,,,,,,Auckland Region,Overpass,2-way,Sealed,,0,0,,80,,On,0,0,,76,Auckland,Stop,,,,,0,0,Open,0,,,Fine,Null
1772474.0304,5901467.7788,869584,,523813,0,0,0,1,0,West,2025/2026,ALFRISTON ROAD,MILL ROAD,,Non-Injury Crash,No,2025,0,East,0,0,0,Flat,0,,0,,0,Bright sun,759600,0,0,0,2,0,0,0,0,0,,0,1,Auckland Region,Nil,2-way,Sealed,0,0,0,0,80,0,Off,0,0,,76,Auckland,Nil,0,0,0,0,0,0,Open,0,0,0,Fine,Null
1759802.9368,5908859.8849,869587,,524121,0,,0,3,,North,2024/2025,SOUTH-WESTERN MOTORWAY,WALMSLEY OBR,,Non-Injury Crash,Yes,2024,,North,,0,,Flat,,,,,,Dark,737000,0,0,0,3,,,0,,,,,,Auckland Region,Motorway ramp,1-way,Sealed,,0,0,,100,,On,0,1,,76,Auckland,Nil,,,,,0,0,Open,0,,,Fine,Null
1767166.2226,5912332.1217,869594,,522920,0,,0,1,,Null,2022/2023,OFF ROAD - CAR PARK,,,Serious Crash,No,2023,,North,,0,,Flat,,,,,,Bright sun,686900,0,0,0,,,,0,,,1,,,Auckland Region,Nil,Off road,Sealed,,0,1,,,,None,0,0,,76,Auckland,Nil,,,,,0,0,Urban,0,,,Fine,Null
1752822.2724,5918311.9817,869595,,515002,1,,0,0,,Null,2024/2025,GREAT NORTH ROAD,MOA ROAD,,Minor Crash,No,2025,,East,,0,,Flat,,,,,,Overcast,390501,1,0,0,3,,,0,,,,,,Auckland Region,Nil,2-way,Sealed,,0,0,,50,,Off,1,0,,76,Auckland,Give way,,,,,0,0,Urban,0,,,Light rain,Null