X,Y,OBJECTID,advisorySpeed,areaUnitID,bicycle,bridge,bus,carStationWagon,cliffBank,crashDirectionDescription,crashFinancialYear,crashLocation1,crashLocation2,crashRoadSideRoad,crashSeverity,crashSHDescription,crashYear,debris,directionRoleDescription,ditch,fatalCount,fence,flatHill,guardRail,holiday,houseOrBuilding,intersection,kerb,light,meshblockId,minorInjuryCount,moped,motorcycle,NumberOfLanes,objectThrownOrDropped,otherObject,otherVehicleType,overBank,parkedVehicle,pedestrian,phoneBoxEtc,postOrPole,region,roadCharacter,roadLane,roadSurface,roadworks,schoolBus,seriousInjuryCount,slipOrFlood,speedLimit,strayAnimal,streetLight,suv,taxi,temporarySpeedLimit,tlaId,tlaName,trafficControl,trafficIsland,trafficSign,train,tree,truck,unknownVehicleType,urban,vanOrUtility,vehicle,waterRiver,weatherA,weatherB
1745125.4831,5925464.8925,869598,,513431,0,,0,1,,North,2022/2023,UPPER HARBOUR MOTORWAY,TRIG ROAD ON RAMP,,Minor Crash,Yes,2023,,North,,0,,Flat,,,,,,Bright sun,223702,2,0,0,2,,,0,,,,,,Auckland Region,Nil,1-way,Sealed,,0,0,,100,,Off,0,0,,76,Auckland,Nil,,,,,1,0,Open,2,,,Fine,Null
1760207.4889,5906274.582,869601,,524200,0,0,0,0,0,West,2023/2024,MASSEY ROAD,PLUMLEY CRESCENT,,Non-Injury Crash,No,2024,0,East,0,0,0,Flat,0,,0,,0,Twilight,728001,0,0,0,2,0,0,0,0,0,,0,0,Auckland Region,Nil,2-way,Sealed,0,0,0,0,50,0,On,1,0,,76,Auckland,Nil,0,1,0,0,0,0,Urban,0,0,0,Fine,Null
1747220.6951,5914935.2592,869606,,511800,0,,0,1,,Null,2022/2023,GREAT NORTH ROAD,SOLDIERS WAY,,Minor Crash,No,2023,,South,,0,,Hill Road,,,,,,Bright sun,277902,1,0,0,4,,,0,,,1,,,Auckland Region,Nil,2-way,Sealed,,0,0,,50,,Off,0,0,,76,Auckland,Stop,,,,,0,0,Urban,0,,,Fine,Null
1754865.5368,5944900.1563,869607,,505909,0,,0,1,,Null,2023/2024,WHANGAPARAOA ROAD,CEDAR TERRACE,,Non-Injury Crash,No,2024,,Null,,0,,Flat,,,,,,Bright sun,173809,0,0,0,2,,,0,,,,,,Auckland Region,Nil,2-way,Sealed,,0,0,,50,,Off,0,0,,76,Auckland,Give way,,,,,0,1,Urban,0,,,Fine,Null
1760520.6349,5916223.9444,869608,,516002,0,,0,2,,Null,2024/2025,ASCOT AVENUE,GREEN LANE EAST,,Non-Injury Crash,No,2025,,South,,0,,Null,,,,,,Unknown,493500,0,0,0,2,,,0,,,,,,Auckland Region,Nil,2-way,Null,,0,0,,50,,Null,0,0,,76,Auckland,Traffic Signals,,,,,0,0,Urban,0,,,Null,Null
1766176.7087,5907112.1153,869612,,522301,0,,0,1,,North,2024/2025,HUIA ROAD,HOTEO AVENUE,,Non-Injury Crash,No,2025,,South,,0,,Flat,,,,,,Bright sun,667100,0,0,0,2,,,0,,,,,,Auckland Region,Nil,2-way,Sealed,,0,0,,50,,Off,0,0,,76,Auckland,Nil,,,,,0,0,Urban,0,,,Fine,None
1764492.1263,5912157.6438,869613,,520500,0,,0,0,,North,2024/2025,MOUNT WELLINGTON HWY ON RAMP,SOUTHERN MOTORWAY,,Non-Injury Crash,No,2024,,South,,0,,Flat,,,,,,Bright sun,639300,0,0,0,1,,,0,,,,,,Auckland Region,Motorway ramp,1-way,Sealed,,0,0,,100,,Off,2,0,,76,Auckland,Nil,,,,,0,0,Open,0,,,Fine,Null
1766988.6805,5901209.7021,869617,,524712,0,0,0,0,0,East,2023/2024,SUNLANDS DRIVE,BRENT PLACE,,Non-Injury Crash,No,2023,0,East,0,0,0,Flat,0,,0,,0,Bright sun,777402,0,0,0,2,0,0,0,0,1,,0,0,Auckland Region,Nil,2-way,Sealed,0,0,0,0,30,0,Off,0,0,,76,Auckland,Nil,0,0,0,0,0,0,Urban,1,0,0,Fine,None
1767035.4066,5917970.8351,869624,,516900,0,,0,1,,Null,2024/2025,WEST TAMAKI ROAD,TANIWHA STREET,,Non-Injury Crash,No,2025,,East,,0,,Flat,,,,,,Dark,468802,0,0,0,2,,,0,,,,,,Auckland Region,Nil,2-way,Sealed,,0,0,,50,,On,1,0,,76,Auckland,Stop,,,,,0,0,Urban,0,,,Fine,Null
1760080.6832,5915919.7568,869626,,516002,0,,0,1,,North,2022/2023,GREEN LANE EAST,RAILWAY AVENUE,,Non-Injury Crash,No,2023,,North,,0,,Flat,,,,,,Bright sun,494000,0,0,0,1,,,0,,,,,,Auckland Region,Motorway ramp,1-way,Sealed,,0,0,,50,,Off,0,0,,76,Auckland,Nil,,,,,0,0,Urban,0,,,Fine,Null
1758945.6761,5904352.5935,869627,,524200,0,,0,2,,North,2024/2025,GEORGE BOLT MEMORIAL DRIVE,IHUMATAO ROAD,,Minor Crash,No,2024,,North,,0,,Flat,,,,,,Dark,727000,1,0,0,2,,,0,,,,,,Auckland Region,Nil,2-way,Sealed,,0,0,,50,,On,0,0,,76,Auckland,Nil,,,,,0,0,Urban,0,,,Fine,Null
1754302.0136,5931523.411,869628,,508805,0,,0,1,,North,2025/2026,HOME PLACE,CONSTELLATION DRIVE,,Minor Crash,No,2025,,South,,0,,Flat,,,,,,Bright sun,180813,2,0,0,2,,,0,,,,,,Auckland Region,Nil,2-way,Sealed,,0,0,,50,,Off,1,0,,76,Auckland,Nil,,,,,0,0,Urban,0,,,Fine,Null
1757260.1138,5919889.3676,869630,,514103,0,0,0,2,0,West,2022/2023,MAYORAL DRIVE,WAKEFIELD STREET,,Non-Injury Crash,No,2023,0,East,0,0,0,Hill Road,0,,0,,0,Dark,436100,0,0,0,4,0,0,0,0,0,,0,0,Auckland Region,Nil,2-way,Sealed,0,0,0,0,30,0,On,0,1,,76,Auckland,Nil,0,0,0,0,0,0,Urban,0,1,0,Fine,Null
1754993.0807,5913646.8423,869633,,518803,1,,0,0,,North,2024/2025,DOMINION ROAD,DOMINION ROAD ON RAMP,,Serious Crash,No,2024,,South,,0,,Flat,,,,,,Overcast,582500,0,0,0,4,,,0,,,,,,Auckland Region,Motorway ramp,1-way,Sealed,,0,1,,50,,None,0,0,,76,Auckland,Nil,,,,,0,0,Urban,0,,,Fine,Null
1755929.1005,5935883.101,869635,,507000,0,0,0,2,0,South,2024/2025,BEACH ROAD,ORCHARD ROAD,,Minor Crash,No,2025,0,North,0,0,0,Flat,0,,0,,0,Bright sun,163200,1,0,0,2,0,0,0,0,1,,0,0,Auckland Region,Nil,2-way,Sealed,0,0,0,0,50,0,Off,0,0,,76,Auckland,Nil,0,0,0,0,0,0,Urban,0,0,0,Fine,Null
1772124.668,5915696.6038,869643,,521501,0,0,0,0,0,South,2024/2025,MELLONS BAY ROAD,BEACH ROAD,,Minor Crash,No,2025,0,North,0,0,0,Flat,0,,0,,0,Bright sun,651500,2,0,0,2,0,0,0,0,0,2,0,1,Auckland Region,Nil,2-way,Sealed,0,0,0,0,30,0,Off,0,0,,76,Auckland,Nil,0,0,0,0,1,0,Urban,0,0,0,Fine,Null
1763860.2954,5912633.0441,869647,,520500,0,0,0,1,0,Null,2024/2025,MOUNT WELLINGTON HWY OFF RAMP,MOUNT WELLINGTON HIGHWAY,,Non-Injury Crash,No,2024,0,East,0,0,0,Hill Road,0,,0,,0,Bright sun,637400,0,0,0,2,0,0,0,0,0,,0,0,Auckland Region,Motorway ramp,1-way,Sealed,0,0,0,0,50,0,Off,0,0,,76,Auckland,Give way,0,1,0,0,0,0,Urban,0,0,0,Fine,Null
1761371.371,5917678.2915,869650,,516201,0,,0,2,,South,2023/2024,UPLAND ROAD,KENNY ROAD,,Serious Crash,No,2024,,North,,0,,Hill Road,,,,,,Bright sun,487600,0,0,0,2,,,0,,,,,,Auckland Region,Nil,2-way,Sealed,,0,1,,50,,Off,0,0,,76,Auckland,Nil,,,,,0,0,Urban,0,,,Fine,Null
1770485.3303,5901974.9525,869651,45,523814,0,,0,1,,South,2022/2023,STRATFORD ROAD,HILL ROAD,,Non-Injury Crash,No,2023,,South,,0,,Hill Road,,,,,,Overcast,759504,0,0,0,2,,,0,,,,,,Auckland Region,Nil,2-way,Sealed,,0,0,,50,,None,1,0,,76,Auckland,Nil,,,,,0,0,Urban,0,,,Fine,None
1759786.4351,5908918.6332,869660,,524121,0,,0,2,,North,2025/2026,SOUTH-WESTERN MOTORWAY,WALMSLEY OBR,,Non-Injury Crash,Yes,2025,,North,,0,,Flat,,,,,,Bright sun,737000,0,0,0,3,,,0,,,,,,Auckland Region,Nil,1-way,Sealed,,0,0,,100,,Off,0,0,,76,Auckland,Nil,,,,,0,0,Open,0,,,Fine,Null
1749715.32,5916503.5512,869665,,514801,0,,0,1,,Null,2024/2025,MEAD STREET,WATERTON PLACE,,Minor Crash,No,2024,,East,,0,,Flat,,,,,,Bright sun,388900,1,0,0,2,,,0,,,1,,,Auckland Region,Nil,2-way,Sealed,,0,0,,50,,Off,0,0,,76,Auckland,Nil,,,,,0,0,Urban,0,,,Fine,Null
1769879.2996,5898989.535,869668,,523920,0,,0,1,,South,2025/2026,SOUTHERN MOTORWAY,GT SOUTH OBR,,Non-Injury Crash,Yes,2025,,North,,0,,Flat,,,,,,Bright sun,767911,0,0,0,3,,,0,,,,,,Auckland Region,Nil,1-way,Sealed,,0,0,,100,,Off,0,0,,76,Auckland,Nil,,,,,1,0,Open,0,,,Fine,Null
1765318.5005,5887061.1333,869672,,521122,0,,0,1,,West,2025/2026,GLENBROOK ROAD,OSTRICH ROAD,,Minor Crash,No,2026,,East,,0,,Flat,,,,,,Overcast,809900,3,0,0,2,,,0,,,,,,Auckland Region,Nil,2-way,Sealed,,0,0,,80,,None,0,0,,76,Auckland,Nil,,,,,0,0,Open,0,,,Fine,Null
1758968.17,5912186.3446,869675,,519820,0,0,1,0,0,Null,2024/2025,CHURCH STREET,UPPER MUNICIPAL PLACE,,Non-Injury Crash,No,2024,0,East,0,0,0,Flat,0,,0,,0,Bright sun,600800,0,0,0,2,0,0,0,0,0,,1,0,Auckland Region,Nil,2-way,Sealed,0,0,0,0,50,0,Off,0,0,,76,Auckland,Give way,0,0,0,0,0,0,Urban,0,0,0,Fine,Null
1764109.3005,5910024.8364,869685,,521901,0,0,0,0,0,West,2023/2024,GORDON ROAD,ATKINSON AVENUE,,Minor Crash,No,2024,0,West,0,0,0,Flat,0,,0,,0,Dark,783800,1,0,0,2,0,0,0,0,1,,0,0,Auckland Region,Nil,2-way,Sealed,0,0,0,0,30,0,On,0,0,,76,Auckland,Nil,0,0,0,0,1,0,Urban,1,0,0,Fine,Null
1767937.7166,5879702.3716,869688,,525921,0,0,0,1,0,South,2024/2025,LUDLOW PLACE,PREMILA DRIVE,,Non-Injury Crash,No,2024,0,Null,0,0,0,Flat,0,,0,,0,Bright sun,822414,0,0,0,2,0,0,0,0,1,,0,0,Auckland Region,Nil,2-way,Sealed,0,0,0,0,30,0,Null,0,0,,76,Auckland,Nil,0,0,0,0,0,0,Urban,1,0,0,Fine,Null
1764112.2118,5910403.9706,869689,,521801,0,,0,2,,Null,2024/2025,ATKINSON AVENUE,LUKE STREET,,Minor Crash,No,2024,,West,,0,,Flat,,,,,,Overcast,786600,1,0,0,4,,,0,,,,,,Auckland Region,Nil,2-way,Sealed,,0,0,,50,,None,1,0,,76,Auckland,Stop,,,,,0,0,Urban,0,,,Fine,Null
1757745.7057,5919669.7247,869692,,514301,0,0,0,1,0,Null,2025/2026,WELLESLEY STREET ON RAMP,WELLESLEY STREET ON RAMP,,Non-Injury Crash,No,2025,0,South,0,0,0,Flat,1,,0,,0,Dark,440400,0,0,0,1,0,0,0,0,0,,0,0,Auckland Region,Motorway ramp,1-way,Sealed,0,0,0,0,50,0,On,0,0,,76,Auckland,Give way,0,0,0,0,0,0,Urban,0,0,0,Fine,Null
1754393.8306,5914062.3044,869693,,518802,0,0,0,3,0,East,2024/2025,STODDARD ROAD,STODDARD PLACE,,Minor Crash,No,2024,0,West,0,0,0,Flat,0,,0,,1,Overcast,579000,1,0,0,2,0,0,0,0,1,,0,0,Auckland Region,Nil,2-way,Sealed,0,0,0,0,50,0,Off,2,0,,76,Auckland,Nil,0,0,0,0,0,0,Urban,0,0,0,Light rain,Null
1755696.9501,5916217.1522,869698,,518301,0,,0,2,,Null,2022/2023,DOMINION ROAD,BALMORAL ROAD,,Non-Injury Crash,No,2023,,North,,0,,Flat,,,,,,Bright sun,553600,0,0,0,1,,,0,,,,,,Auckland Region,Nil,1-way,Sealed,,0,0,,50,,Off,0,0,,76,Auckland,Nil,,,,,0,0,Urban,0,,,Fine,Null
1768164.4984,5902487.365,869704,,524602,0,,0,1,,North,2024/2025,GREAT SOUTH ROAD,BROWNS ROAD,,Non-Injury Crash,No,2025,,South,,0,,Flat,,Queens Birthday,,,,Dark,780600,0,0,0,4,,,0,,,,,,Auckland Region,Nil,2-way,Sealed,,0,0,,50,,On,0,0,,76,Auckland,Nil,,,,,0,0,Urban,1,,,Fine,Null
1747224.2981,5921734.4793,869717,,512201,0,,0,0,,Null,2024/2025,TE ATATU ROAD,MOOR AVENUE,,Minor Crash,No,2024,,North,,0,,Flat,,,,,,Twilight,248000,1,0,1,2,,,0,,,,,,Auckland Region,Nil,2-way,Sealed,,0,0,,50,,Off,1,0,,76,Auckland,Stop,,,,,0,0,Urban,0,,,Fine,Null
1761535.8859,5912452.1806,869725,,519500,0,0,0,0,0,Null,2023/2024,CHURCH STREET,NEILSON STREET,,Non-Injury Crash,No,2024,0,East,0,0,1,Hill Road,0,,0,,0,Dark,622000,0,0,1,4,0,0,0,0,0,,0,0,Auckland Region,Nil,2-way,Sealed,0,0,0,0,50,0,On,0,0,,76,Auckland,Traffic Signals,1,0,0,0,0,0,Urban,0,0,0,Fine,Null
1770982.575,5899431.8299,869727,,523911,0,,0,2,,North,2024/2025,TAKANINI SCHOOL ROAD,REDING STREET,,Non-Injury Crash,No,2025,,North,,0,,Flat,,Christmas New Year,,,,Overcast,766700,0,0,0,2,,,0,,,1,,,Auckland Region,Nil,2-way,Sealed,,0,0,,70,,On,0,0,,76,Auckland,Nil,,,,,1,0,Urban,0,,,Fine,Null
1756751.9087,5916992.5331,869728,,518202,0,,0,1,,Null,2024/2025,ASHTON ROAD,VALLEY ROAD,,Non-Injury Crash,No,2025,,North,,0,,Flat,,,,,,Bright sun,549801,0,0,0,2,,,0,,,1,,,Auckland Region,Nil,2-way,Sealed,,0,0,,30,,Null,0,0,,76,Auckland,Give way,,,,,0,0,Urban,0,,,Fine,Null
1769888.7041,5899330.7209,869736,,523920,0,,0,2,,South,2024/2025,SOUTHERN MOTORWAY,GT SOUTH OBR,,Non-Injury Crash,Yes,2025,,South,,0,,Flat,,,,,,Dark,768005,0,0,0,3,,,0,,,,,,Auckland Region,Nil,1-way,Sealed,,0,0,,100,,Null,0,0,,76,Auckland,Nil,,,,,0,0,Open,0,,,Fine,Null
1755706.292,5915977.12,869737,,518301,0,,0,2,,East,2024/2025,HALSTON ROAD,DOMINION ROAD,,Non-Injury Crash,No,2024,,East,,0,,Flat,,,,,,Bright sun,555500,0,0,0,2,,,0,,,,,,Auckland Region,Nil,2-way,Sealed,,0,0,,50,,Off,0,0,,76,Auckland,Nil,,,,,0,0,Urban,0,,,Fine,Null
1761785.1286,5906252.01,869738,,524200,0,0,0,1,0,Null,2022/2023,CINNAMON ROAD,TIDAL ROAD,,Non-Injury Crash,No,2023,0,North,0,0,1,Flat,0,,0,,0,Dark,728807,0,0,0,1,0,0,0,0,0,,0,0,Auckland Region,Nil,1-way,Sealed,0,0,0,0,50,0,Off,0,1,,76,Auckland,Nil,0,0,0,0,0,0,Urban,0,0,0,Light rain,Null
1743671.7148,5919357.0606,869740,,513213,0,,0,2,,Null,2024/2025,SWANSON ROAD,UNIVERSAL DRIVE,,Non-Injury Crash,No,2025,,North,,0,,Flat,,,,,,Overcast,235802,0,0,0,2,,,0,,,,,,Auckland Region,Nil,1-way,Sealed,,0,0,,50,,Off,0,0,,76,Auckland,Give way,,,,,0,0,Urban,0,,,Light rain,Strong wind
1762180.8678,5913678.5472,869744,,520401,0,1,0,0,0,North,2024/2025,SOUTHERN MOTORWAY,PENROSE OBR,,Non-Injury Crash,Yes,2025,0,South,0,0,0,Flat,0,Queens Birthday,0,,0,Dark,644300,0,0,0,3,0,0,1,0,0,,0,0,Auckland Region,Nil,1-way,Sealed,0,0,0,0,100,0,On,0,0,,76,Auckland,Nil,0,0,0,0,1,0,Open,0,0,0,Light rain,Null
1757402.5945,5912375.1614,869748,,518702,0,0,0,1,0,West,2025/2026,SOUTH-WESTERN MOTORWAY,QUEENSTOWN OBR,,Non-Injury Crash,Yes,2025,0,South,0,0,0,Hill Road,1,,0,,0,Dark,570300,0,0,0,3,0,0,0,0,0,,0,0,Auckland Region,Nil,1-way,Sealed,0,0,0,0,100,0,On,0,0,,76,Auckland,Nil,0,0,0,0,0,0,Open,0,0,0,Light rain,Null
1759431.5987,5910436.3423,869751,,524002,0,,0,2,,South,2023/2024,SOUTH-WESTERN MOTORWAY,MAHUNGA DRIVE OFF RAMP,,Non-Injury Crash,Yes,2024,,South,,0,,Hill Road,,,,,,Bright sun,722400,0,0,0,4,,,0,,,,,,Auckland Region,Nil,1-way,Sealed,,0,0,,100,,Off,0,0,,76,Auckland,Nil,,,,,0,0,Open,0,,,Fine,Null
1766722.1604,5899930.4831,869765,,524713,0,0,0,1,0,East,2023/2024,WEYMOUTH ROAD,GLENVEAGH PARK DRIVE,,Non-Injury Crash,No,2023,0,East,0,0,0,Hill Road,0,,0,,0,Dark,775805,0,0,0,2,0,1,0,0,0,,0,0,Auckland Region,Nil,2-way,Sealed,0,0,0,0,50,0,On,0,0,30,76,Auckland,Nil,0,0,0,0,0,0,Urban,1,0,0,Fine,Null
1758437.3181,5920682.7554,869768,,514101,0,,0,1,,East,2025/2026,QUAY STREET,TAPORA STREET,,Minor Crash,No,2025,,West,,0,,Flat,,,,,,Dark,438214,1,0,0,3,,,0,,,1,,,Auckland Region,Nil,1-way,Sealed,,0,0,,50,,On,0,1,,76,Auckland,Nil,,,,,0,0,Urban,0,,,Light rain,Null
1761088.1513,5914348.5579,869777,,520202,0,,0,2,,Null,2023/2024,ELLERSLIE-PANMURE HIGHWAY,GREAT SOUTH ROAD,,Non-Injury Crash,No,2023,,West,,0,,Flat,,,,,,Bright sun,612300,0,0,0,2,,,0,,,,,,Auckland Region,Nil,2-way,Sealed,,0,0,,50,,Off,0,0,,76,Auckland,Give way,,,,,0,0,Urban,0,,,Fine,Null
1755745.9316,5918374.6298,869778,,515500,0,,0,2,,South,2023/2024,NORTH-WESTERN MOTORWAY,NEWTON ROAD OFF RAMP,,Minor Crash,Yes,2023,,North,,0,,Flat,,,,,,Bright sun,419400,1,0,0,4,,,0,,,,,,Auckland Region,Nil,1-way,Sealed,,0,0,,80,,Off,0,0,,76,Auckland,Nil,,,,,0,0,Open,0,,,Fine,Null
1768528.6885,5901065.1463,869779,,525001,0,,0,2,,North,2023/2024,MAICH ROAD,STATION ROAD,,Non-Injury Crash,No,2023,,South,,0,,Flat,,,,,,Overcast,751500,0,0,0,2,,,0,,,,,,Auckland Region,Nil,2-way,Sealed,,0,0,,50,,None,0,0,,76,Auckland,Nil,,,,,0,0,Urban,0,,,Heavy rain,Null
1758333.8058,5912911.2524,869785,,519810,0,0,0,2,0,West,2023/2024,TRAFALGAR STREET,MANUKAU ROAD,,Non-Injury Crash,No,2023,0,East,0,0,0,Flat,0,,0,,0,Dark,597600,0,0,0,2,0,0,0,0,1,,0,0,Auckland Region,Nil,2-way,Sealed,0,0,0,0,50,0,On,0,0,,76,Auckland,Nil,0,0,0,0,0,0,Urban,0,0,0,Fine,Null
1757794.9892,5917400.0834,869793,,515700,0,,0,2,,Null,2023/2024,MOUNTAIN ROAD,ALBURY AVENUE,,Non-Injury Crash,No,2023,,South,,0,,Flat,,,,,,Bright sun,444200,0,0,0,2,,,0,,,,,,Auckland Region,Nil,2-way,Sealed,,0,0,,50,,Off,0,0,,76,Auckland,Stop,,,,,0,0,Urban,0,,,Fine,Null
1755787.0513,5916481.2449,869796,,518201,1,,0,1,,North,2025/2026,DOMINION ROAD,DEXTER AVENUE,,Minor Crash,No,2026,,North,,0,,Flat,,,,,,Bright sun,552900,2,0,0,4,,,0,,,1,,,Auckland Region,Nil,2-way,Sealed,,0,0,,50,,None,0,0,,76,Auckland,Nil,,,,,0,0,Urban,0,,,Fine,Null
1757198.1761,5919388.8515,869805,,514200,0,,0,2,,Null,2023/2024,KARANGAHAPE ROAD,SYMONDS STREET,,Non-Injury Crash,No,2023,,East,,0,,Flat,,,,,,Dark,412301,0,0,0,4,,,0,,,,,,Auckland Region,Nil,2-way,Sealed,,0,0,,30,,On,0,0,,76,Auckland,Traffic Signals,,,,,0,0,Urban,0,,,Fine,Null
1758281.3479,5920205.5161,869808,,514103,0,,0,1,,Null,2025/2026,THE STRAND,PARNELL RISE,,Non-Injury Crash,Yes,2025,,South,,0,,Flat,,,,,,Overcast,438203,0,0,0,4,,,0,,,,,,Auckland Region,Nil,2-way,Sealed,,0,0,,50,,Null,0,0,,76,Auckland,Traffic Signals,,,,,0,0,Urban,1,,,Light rain,Null
1771243.5667,5895190.9809,869811,,521201,0,0,0,0,0,East,2023/2024,HINGAIA ROAD,PAPAKURA ON RAMP,,Minor Crash,No,2024,0,East,0,0,0,Hill Road,1,,0,,0,Bright sun,806604,1,0,0,4,0,0,0,0,0,,0,0,Auckland Region,Overpass,2-way,Sealed,0,0,0,0,50,0,Off,0,0,,76,Auckland,Nil,1,0,0,0,0,0,Urban,1,0,0,Fine,Null
1757760.2031,5912180.5339,869817,,519810,0,,0,3,,North,2023/2024,SOUTH-WESTERN MOTORWAY,BEACHCROFT FTBR,,Minor Crash,Yes,2023,,North,,0,,Flat,,,,,,Overcast,597200,2,0,0,3,,,0,,,,,,Auckland Region,Nil,1-way,Sealed,,0,0,,100,,Off,0,0,,76,Auckland,Nil,,,,,0,0,Open,0,,,Fine,Null
1753505.5179,5875821.0329,869820,,526104,0,,0,1,,South,2025/2026,QUEEN STREET,COURT STREET,,Minor Crash,No,2025,,South,,0,,Flat,,,,,,Overcast,834900,1,0,0,2,,,0,,,,,,Auckland Region,Nil,2-way,Sealed,,0,0,,50,,Off,1,0,,76,Auckland,Nil,,,,,0,0,Urban,0,,,Fine,Null
1769122.5867,5905705.4453,869823,,523712,0,0,0,2,0,North,2023/2024,DAWSON ROAD,CHAPEL ROAD,,Non-Injury Crash,No,2023,0,North,0,0,0,Flat,0,,0,,0,Dark,713016,0,0,0,2,0,0,0,0,1,,0,0,Auckland Region,Nil,2-way,Sealed,0,0,0,0,50,0,On,0,0,,76,Auckland,Nil,0,0,0,0,0,0,Urban,0,0,0,Fine,Strong wind
1770587.1258,5906947.4807,869826,,523713,0,0,0,3,0,Null,2022/2023,GILSTON AVENUE,CALCITE AVENUE,,Minor Crash,No,2023,0,East,0,0,0,Flat,0,,0,,0,Bright sun,713100,1,0,0,2,0,0,0,0,1,,0,0,Auckland Region,Nil,2-way,Sealed,0,0,0,0,50,0,Off,0,0,,76,Auckland,Give way,0,0,0,0,0,0,Urban,0,0,0,Fine,Null
1758285.6316,5917738.5564,869828,,515700,0,,0,2,,South,2025/2026,SOUTHERN MOTORWAY,GILLIES OBR,,Non-Injury Crash,Yes,2025,,South,,0,,Flat,,,,,,Overcast,443300,0,0,0,3,,,0,,,,,,Auckland Region,Bridge,1-way,Sealed,,0,0,,80,,Off,1,0,,76,Auckland,Nil,,,,,0,0,Open,0,,,Fine,Null
1823266.1425,5980926.7932,869835,,521000,0,0,0,1,1,North,2022/2023,MEDLAND ROAD,SHOAL BAY ROAD,,Non-Injury Crash,No,2023,0,North,0,0,0,Hill Road,0,,0,,0,Dark,439304,0,0,0,0,0,0,0,0,0,,0,0,Auckland Region,Nil,2-way,Sealed,0,0,0,0,100,0,None,0,0,,76,Auckland,Nil,0,0,0,0,0,0,Open,0,0,0,Light rain,Null
1763851.536,5907327.845,869836,,524301,0,0,0,2,0,North,2024/2025,GRAY AVENUE,LANDON AVENUE,,Non-Injury Crash,No,2024,0,North,0,0,0,Null,0,,0,,0,Bright sun,748100,0,0,0,2,0,0,0,0,1,,0,0,Auckland Region,Nil,2-way,Sealed,0,0,0,0,50,0,Null,0,0,,76,Auckland,Nil,0,0,0,0,0,0,Urban,0,0,0,Fine,Null
1768471.2202,5909148.6629,869841,,523112,0,,0,0,,Null,2024/2025,KERWYN AVENUE,SPRINGS ROAD,,Minor Crash,No,2025,,East,,0,,Flat,,,,,,Dark,711600,1,0,0,3,,,0,,,,,,Auckland Region,Nil,2-way,Sealed,,0,0,,60,,On,1,0,,76,Auckland,Traffic Signals,,,,,0,0,Urban,1,,,Fine,Null
1751624.2533,5914203.9215,869847,,514402,0,,0,1,,Null,2023/2024,TIVERTON ROAD,BLOCKHOUSE BAY ROAD,,Serious Crash,No,2024,,North,,0,,Flat,,,,,,Dark,378301,0,0,0,4,,,0,,,1,,,Auckland Region,Nil,2-way,Sealed,,0,1,,50,,On,0,0,,76,Auckland,Traffic Signals,,,,,0,0,Urban,0,,,Light rain,Null
1762248.2598,5913562.5935,869851,,520402,0,,0,2,,South,2023/2024,SOUTHERN MOTORWAY,PENROSE OBR,,Non-Injury Crash,Yes,2023,,South,,0,,Flat,,,,,,Bright sun,642200,0,0,0,3,,,0,,,,,,Auckland Region,Nil,1-way,Sealed,,0,0,,100,,Off,0,0,,76,Auckland,Nil,,,,,0,0,Open,0,,,Fine,Null
1747246.3828,5919823.3104,869855,,512300,0,,0,2,,Null,2023/2024,TE ATATU ROAD,TE ATATU ROAD OFF RAMP,,Non-Injury Crash,No,2023,,North,,0,,Flat,,,,,,Dark,251700,0,0,0,2,,,0,,,,,,Auckland Region,Motorway ramp,1-way,Sealed,,0,0,,50,,On,0,0,,76,Auckland,Traffic Signals,,,,,0,0,Urban,0,,,Light rain,Null
1770772.9345,5897207.5183,869858,,523912,0,0,0,2,0,North,2023/2024,SOUTHERN MOTORWAY,PAHUREHURE NO 2 BR,,Minor Crash,Yes,2023,0,South,0,0,0,Flat,1,,0,,0,Bright sun,767803,1,0,0,3,0,0,0,0,0,,0,0,Auckland Region,Nil,1-way,Sealed,0,0,0,0,100,0,Off,0,0,,76,Auckland,Nil,0,0,0,0,0,0,Open,0,0,0,Fine,Null
1767681.8376,5907773.7141,869859,,523502,0,0,0,0,0,North,2024/2025,HILLS ROAD,EAST TAMAKI ROAD,,Fatal Crash,No,2025,0,South,0,1,0,Flat,0,,0,,1,Bright sun,704000,0,0,1,2,0,0,0,0,0,,0,1,Auckland Region,Nil,2-way,Sealed,0,0,0,0,30,0,Off,0,0,,76,Auckland,Nil,0,0,0,0,0,0,Urban,0,0,0,Fine,Null
1770097.3844,5900601.7135,869861,,523816,0,0,0,1,0,Null,2022/2023,MELLERAY PLACE,RIVERTON DRIVE,,Non-Injury Crash,No,2023,0,South,0,0,1,Flat,0,,0,,0,Dark,759711,0,0,0,2,0,0,0,0,0,,0,0,Auckland Region,Nil,2-way,Sealed,0,0,0,0,50,0,On,0,0,,76,Auckland,Nil,0,0,0,0,0,0,Urban,0,0,0,Fine,Null
1734308.2289,5945721.6289,869869,,506647,0,,0,2,,Null,2023/2024,KAIPARA COAST HIGHWAY,KAHIKATEA FLAT ROAD,,Minor Crash,Yes,2024,,South,,0,,Flat,,,,,,Bright sun,211600,3,0,0,2,,,0,,,,,,Auckland Region,Nil,2-way,Sealed,,0,0,,80,,None,0,0,,76,Auckland,Give way,,,,,0,0,Open,0,,,Fine,Null