X,Y,OBJECTID,advisorySpeed,areaUnitID,bicycle,bridge,bus,carStationWagon,cliffBank,crashDirectionDescription,crashFinancialYear,crashLocation1,crashLocation2,crashRoadSideRoad,crashSeverity,crashSHDescription,crashYear,debris,directionRoleDescription,ditch,fatalCount,fence,flatHill,guardRail,holiday,houseOrBuilding,intersection,kerb,light,meshblockId,minorInjuryCount,moped,motorcycle,NumberOfLanes,objectThrownOrDropped,otherObject,otherVehicleType,overBank,parkedVehicle,pedestrian,phoneBoxEtc,postOrPole,region,roadCharacter,roadLane,roadSurface,roadworks,schoolBus,seriousInjuryCount,slipOrFlood,speedLimit,strayAnimal,streetLight,suv,taxi,temporarySpeedLimit,tlaId,tlaName,trafficControl,trafficIsland,trafficSign,train,tree,truck,unknownVehicleType,urban,vanOrUtility,vehicle,waterRiver,weatherA,weatherB
1757262.0813,5918232.1343,869871,,518101,1,,0,0,,North,2024/2025,NORMANBY ROAD,ENFIELD STREET,,Serious Crash,No,2024,,North,,0,,Flat,,,,,,Bright sun,543000,1,0,0,2,,,0,,,1,,,Auckland Region,Nil,2-way,Sealed,,0,1,,50,,Off,0,0,,76,Auckland,Nil,,,,,0,0,Urban,0,,,Fine,Null
1769952.588,5912911.5518,869876,,522722,0,,0,2,,Null,2025/2026,CASCADES ROAD,AVIEMORE DRIVE,,Non-Injury Crash,No,2025,,North,,0,,Flat,,,,,,Bright sun,681334,0,0,0,2,,,0,,,,,,Auckland Region,Nil,1-way,Sealed,,0,0,,60,,Off,0,0,,76,Auckland,Give way,,,,,0,0,Urban,0,,,Fine,Null
1734602.8586,5932311.4298,869881,,505605,0,0,0,0,0,South,2023/2024,WAIKOUKOU VALLEY ROAD,OLD NORTH ROAD,,Non-Injury Crash,No,2024,0,North,0,0,0,Hill Road,0,,0,,0,Dark,215700,0,0,0,2,0,0,0,0,0,,0,0,Auckland Region,Nil,2-way,Sealed,0,0,0,0,80,1,None,1,0,,76,Auckland,Nil,0,0,0,0,0,0,Open,0,0,0,Fine,Null
1769890.1318,5901083.9506,869884,,524902,0,,0,1,,South,2025/2026,SOUTHERN MOTORWAY,ALFRISTON OBR,,Non-Injury Crash,Yes,2025,,North,,0,,Flat,,,,,,Overcast,757700,0,0,0,3,,,0,,,,,,Auckland Region,Nil,1-way,Sealed,,0,0,,100,,Off,3,0,,76,Auckland,Nil,,,,,0,0,Open,0,,,Fine,Null
1757684.9321,5918283.8269,869885,,518101,0,,0,3,,South,2024/2025,SOUTHERN MOTORWAY,KHYBER PASS ROAD OFF RAMP,,Non-Injury Crash,Yes,2024,,North,,0,,Hill Road,,,,,,Bright sun,543000,0,0,0,4,,,0,,,,,,Auckland Region,Nil,1-way,Sealed,,0,0,,80,,Off,0,0,,76,Auckland,Nil,,,,,0,0,Open,0,,,Fine,Null
1764915.5682,5910778.3779,869912,,521801,0,0,0,1,0,North,2022/2023,SOUTHERN MOTORWAY,PRINCES ST-OTAHUHU ON RAMP,,Non-Injury Crash,Yes,2023,0,North,0,0,0,Flat,1,,0,,0,Dark,786700,0,0,0,3,0,0,0,0,0,,0,0,Auckland Region,Motorway ramp,1-way,Sealed,0,0,0,0,100,0,On,0,0,,76,Auckland,Nil,0,0,0,0,0,0,Open,0,0,0,Fine,Null
1746650.5685,5916750.492,869917,,512500,0,0,0,1,0,South,2023/2024,TE ATATU ROAD,CRON AVENUE,,Minor Crash,No,2023,0,South,0,0,0,Flat,0,,0,,0,Overcast,260000,1,0,0,2,0,0,0,0,1,,0,0,Auckland Region,Nil,2-way,Sealed,0,0,0,0,50,0,Off,0,0,,76,Auckland,Nil,0,0,0,0,0,0,Urban,1,0,0,Light rain,Null
1766472.1632,5917658.4703,869918,,517002,0,,0,2,,Null,2023/2024,LEYBOURNE CIRCLE,RIDGEWAY PLACE,,Non-Injury Crash,No,2024,,South,,0,,Flat,,,,,,Dark,472300,0,0,0,2,,,0,,,,,,Auckland Region,Nil,2-way,Sealed,,0,0,,50,,On,0,0,,76,Auckland,Give way,,,,,0,0,Urban,0,,,Fine,Null
1764294.6725,5914939.9032,869919,,520303,0,,0,2,,Null,2024/2025,ELLERSLIE-PANMURE HIGHWAY,MOUNTAIN ROAD,,Non-Injury Crash,No,2025,,East,,0,,Hill Road,,,,,,Overcast,627500,0,0,0,4,,,0,,,,,,Auckland Region,Nil,2-way,Sealed,,0,0,,50,,Off,0,0,,76,Auckland,Give way,,,,,0,0,Urban,0,,,Fine,Null
1728383.2474,5941198.9296,869920,,506644,0,,0,0,,South,2024/2025,PARKHURST ROAD,WAIWERA AVENUE,,Serious Crash,No,2024,,North,,0,,Flat,,,,,,Bright sun,211005,4,0,0,2,,,0,,,,,,Auckland Region,Nil,2-way,Sealed,,0,1,,50,,None,0,0,,76,Auckland,Nil,,,,,0,0,Urban,2,,,Fine,Null
1751928.5273,5918078.1692,869926,,515001,0,,0,2,,North,2022/2023,GREAT NORTH ROAD OFF RAMP,GREAT NORTH ROAD,,Non-Injury Crash,No,2023,,South,,0,,Flat,,,,,,Dark,392200,0,0,0,2,,,0,,,,,,Auckland Region,Motorway ramp,1-way,Sealed,,0,0,,50,,Off,0,0,,76,Auckland,Nil,,,,,0,0,Urban,0,,,Heavy rain,None
1772630.4405,5896891.7633,869929,,525420,0,,0,2,,Null,2022/2023,PORCHESTER ROAD,SUBWAY ROAD,,Minor Crash,No,2023,,North,,0,,Flat,,,,,,Overcast,792603,1,0,0,3,,,0,,,,,,Auckland Region,Nil,2-way,Sealed,,0,0,,50,,Off,0,0,,76,Auckland,Traffic Signals,,,,,0,0,Urban,0,,,Fine,Null
1777940.2252,5911664.7064,869932,,523202,0,0,0,1,0,North,2024/2025,WHITFORD MARAETAI ROAD,WAIKOPUA ROAD,,Minor Crash,No,2024,0,South,0,0,0,Flat,0,,0,,0,Dark,762501,1,0,0,2,0,0,0,0,0,,0,0,Auckland Region,Nil,2-way,Sealed,0,0,0,0,80,0,None,0,0,,76,Auckland,Nil,0,0,0,1,0,0,Open,0,0,0,Fine,Null
1770692.4871,5902422.196,869939,45,523814,0,,0,1,,Null,2023/2024,WAIRERE ROAD,HILL ROAD,,Non-Injury Crash,No,2024,,South,,0,,Hill Road,,,,,,Overcast,760806,0,0,0,2,,,0,,,,,,Auckland Region,Nil,2-way,Sealed,,0,0,,50,,Off,0,0,,76,Auckland,Give way,,,,,0,0,Urban,1,,,Fine,None
1753720.7931,5918311.0777,869940,,515002,0,,0,2,,West,2023/2024,NORTH-WESTERN MOTORWAY,ST LUKES OBR,,Non-Injury Crash,Yes,2023,,East,,0,,Flat,,,,,,Bright sun,390501,0,0,0,4,,,0,,,,,,Auckland Region,Nil,1-way,Sealed,,0,0,,100,,Off,0,0,,76,Auckland,Nil,,,,,0,0,Open,0,,,Fine,Null
1776161.0122,5884141.3116,869941,,521132,0,,0,0,,South,2022/2023,SOUTHERN MOTORWAY,RAMARAMA ON RAMP,,Non-Injury Crash,Yes,2023,,South,,0,,Hill Road,,,,,,Bright sun,814702,0,0,0,2,,,0,,,,,,Auckland Region,Nil,1-way,Sealed,,0,0,,100,,Off,0,0,,76,Auckland,Nil,,,,,1,0,Open,1,,,Fine,Null
1760187.4239,5889215.4051,869947,35,521122,0,,0,1,,South,2024/2025,KINGSEAT ROAD,SETTLEMENT ROAD,,Non-Injury Crash,No,2025,,South,,0,,Flat,,,,,,Bright sun,811002,0,0,0,2,,,0,,,,,,Auckland Region,Nil,2-way,Sealed,,0,0,,50,,None,0,0,,76,Auckland,Nil,,,,,0,0,Urban,2,,,Fine,Null
1763005.4753,5912910.0552,869950,,520402,0,,0,3,,West,2023/2024,SOUTHERN MOTORWAY,SOUTH-EASTERN HWY OFF RAMP,,Non-Injury Crash,Yes,2023,,East,,0,,Flat,,,,,,Dark,642500,0,0,0,3,,,0,,,,,,Auckland Region,Nil,1-way,Sealed,,0,0,,100,,On,0,0,,76,Auckland,Nil,,,,,0,0,Open,0,,,Light rain,Null
1761893.4973,5906398.6047,869956,,524200,0,,0,2,,South,2023/2024,SOUTH-WESTERN MOTORWAY,MASSEY OBR,,Minor Crash,Yes,2024,,North,,0,,Flat,,,,,,Dark,728700,1,0,0,2,,,0,,,,,,Auckland Region,Nil,1-way,Sealed,,0,0,,100,,On,1,0,,76,Auckland,Nil,,,,,0,0,Open,0,,,Fine,Null
1763590.7979,5920425.606,869958,,516500,1,,0,1,,Null,2024/2025,TAMAKI DRIVE,SELWYN AVENUE,,Minor Crash,No,2025,,West,,0,,Flat,,,,,,Bright sun,501301,1,0,0,2,,,0,,,,,,Auckland Region,Nil,2-way,Sealed,,0,0,,50,,Off,0,0,,76,Auckland,Stop,,,,,0,0,Urban,0,,,Fine,Null
1743074.4267,5921359.8977,869961,,513631,0,0,0,1,0,East,2022/2023,DON BUCK ROAD,MANTRA ROAD,,Non-Injury Crash,No,2023,0,East,0,0,0,Flat,0,,0,,0,Dark,227206,0,0,0,2,0,0,0,0,1,,0,0,Auckland Region,Nil,2-way,Sealed,0,0,0,0,50,0,On,1,0,,76,Auckland,Nil,0,0,0,0,0,0,Urban,0,0,0,Fine,Null
1757845.3118,5920616.4881,869962,,514103,0,,0,2,,Null,2022/2023,PRINCES STREET,SHORTLAND STREET,,Non-Injury Crash,No,2023,,South,,0,,Hill Road,,,,,,Dark,438501,0,0,0,2,,,0,,,,,,Auckland Region,Nil,2-way,Sealed,,0,0,,30,,Null,0,0,,76,Auckland,Give way,,,,,0,0,Urban,0,,,Null,None
1744987.4573,5921194.117,869966,,513530,0,,0,1,,South,2024/2025,NORTH-WESTERN MOTORWAY,HURUHURU OBR,,Minor Crash,Yes,2025,,South,,0,,Hill Road,,,,,,Dark,226303,1,0,0,4,,,0,,,,,,Auckland Region,Nil,1-way,Sealed,,0,0,,100,,On,0,0,,76,Auckland,Nil,,,,,0,0,Open,1,,,Fine,Null
1758187.656,5911894.5473,869970,,519810,0,,0,1,,South,2022/2023,SOUTH-WESTERN MOTORWAY,QUEENSTOWN ROAD OFF RAMP,,Non-Injury Crash,Yes,2023,,North,,0,,Flat,,,,,,Bright sun,602501,0,0,0,4,,,0,,,,,,Auckland Region,Bridge,1-way,Sealed,,0,0,,100,,Off,0,0,,76,Auckland,Nil,,,,,0,0,Open,1,,,Fine,Null
1760923.1503,5906080.3515,869978,,524200,0,,0,1,,West,2023/2024,MASSEY ROAD,PUKAKI ROAD,,Non-Injury Crash,No,2023,,West,,0,,Flat,,,,,,Dark,728627,0,0,0,2,,,0,,,,,,Auckland Region,Nil,2-way,Sealed,,0,0,,50,,On,0,0,,76,Auckland,Nil,,,,,0,0,Urban,1,,,Fine,Null
1744455.9881,5922010.1291,869987,,513512,0,,0,2,,Null,2024/2025,NORTH-WESTERN MOTORWAY,ROYAL ROAD OFF RAMP,,Minor Crash,Yes,2025,,North,,0,,Hill Road,,,,,,Overcast,225702,1,0,0,3,,,0,,,,,,Auckland Region,Motorway ramp,1-way,Sealed,,0,0,,100,,Off,0,0,,76,Auckland,Nil,,,,,0,0,Open,0,,,Light rain,Null
1757439.5847,5915735.2588,869988,,515801,1,,0,0,,East,2024/2025,GREEN LANE WEST,ST ANDREWS ROAD,,Serious Crash,No,2024,,East,,0,,Flat,,,,,,Overcast,446902,0,0,0,2,,,0,,,,,,Auckland Region,Nil,1-way,Sealed,,0,1,,50,,Off,0,0,,76,Auckland,Nil,,,,,0,0,Urban,1,,,Fine,Null
1770218.1418,5899058.2717,869992,,523920,0,,0,1,,Null,2023/2024,GREAT SOUTH ROAD,MANUIA ROAD,,Minor Crash,No,2024,,North,,0,,Flat,,,,,,Twilight,768005,2,0,0,4,,,0,,,,,,Auckland Region,Nil,2-way,Sealed,,0,0,,50,,On,0,0,,76,Auckland,Stop,,,,,0,1,Urban,0,,,Fine,Null
1732101.262,5976143.9409,869998,,506660,0,0,0,0,0,North,2023/2024,KAIPARA COAST HIGHWAY,LEVET ROAD,,Minor Crash,Yes,2023,0,North,0,0,1,Hill Road,0,,0,,0,Dark,144600,1,0,0,2,0,0,0,0,0,,0,0,Auckland Region,Nil,2-way,Sealed,0,0,0,0,100,0,None,1,0,,76,Auckland,Nil,0,0,0,0,0,0,Open,0,0,0,Fine,Strong wind
1756532.1142,5912548.6339,869999,,518702,0,0,0,0,0,Null,2024/2025,HILLSBOROUGH ROAD,CARLTON STREET,,Non-Injury Crash,No,2025,0,East,0,0,1,Hill Road,0,,0,,0,Dark,571100,0,0,0,4,0,0,0,0,0,,0,0,Auckland Region,Nil,2-way,Sealed,0,0,0,0,50,0,On,1,0,,76,Auckland,Stop,0,0,0,0,0,0,Urban,0,0,0,Light rain,Null
1768523.0948,5899425.9048,870002,,525102,0,,0,2,,Null,2024/2025,MAHIA ROAD,COXHEAD ROAD,,Non-Injury Crash,No,2024,,West,,0,,Flat,,,,,,Overcast,768300,0,0,0,2,,,0,,,,,,Auckland Region,Nil,2-way,Sealed,,0,0,,50,,Off,0,0,,76,Auckland,Give way,,,,,0,0,Urban,0,,,Fine,Null
1769387.8303,5916271.03,870010,,522730,0,,0,2,,Null,2023/2024,PRINCE REGENT DRIVE,PIGEON MOUNTAIN ROAD,,Non-Injury Crash,No,2023,,East,,0,,Null,,,,,,Unknown,678900,0,0,0,2,,,0,,,,,,Auckland Region,Nil,2-way,Null,,0,0,,50,,Null,0,0,,76,Auckland,Stop,,,,,0,0,Urban,0,,,Null,Null
1753666.4625,5969862.4578,870015,,506631,0,0,0,0,0,South,2024/2025,MAHURANGI EAST ROAD,LAWRIE ROAD,,Non-Injury Crash,No,2024,0,West,0,0,1,Flat,0,,0,,0,Dark,141508,0,0,0,2,0,0,0,0,0,,0,0,Auckland Region,Nil,2-way,Sealed,0,0,0,0,80,0,None,0,0,,76,Auckland,Nil,0,0,0,0,0,0,Open,1,0,0,Fine,Null
1751759.1253,5947624.5657,870016,,505807,0,,0,1,,Null,2023/2024,RED BEACH ROAD,ALBATROSS ROAD,,Non-Injury Crash,No,2024,,South,,0,,Hill Road,,,,,,Dark,172702,0,0,0,2,,,0,,,,,,Auckland Region,Nil,2-way,Sealed,,0,0,,50,,On,0,0,,76,Auckland,Give way,,,,,0,0,Urban,0,,,Light rain,Null
1765812.5947,5901050.925,870020,,524711,0,0,0,1,0,South,2023/2024,ROSCOMMON ROAD,BURBANK AVENUE,,Non-Injury Crash,No,2024,0,South,0,0,0,Flat,0,,0,,0,Dark,774503,0,0,0,1,0,0,0,0,0,,0,0,Auckland Region,Nil,1-way,Sealed,0,0,0,0,50,0,On,0,0,,76,Auckland,Nil,0,0,0,1,0,0,Urban,0,0,0,Fine,Null
1764015.7729,5905249.8983,870022,,522100,0,0,0,1,0,South,2023/2024,HILLSIDE ROAD,MAUMAHARA WAY,,Non-Injury Crash,No,2024,0,North,0,0,0,Flat,0,,0,,0,Dark,658402,0,0,0,2,0,0,0,0,1,,0,0,Auckland Region,Nil,2-way,Sealed,0,0,0,0,50,0,On,0,0,,76,Auckland,Nil,0,0,0,0,0,0,Urban,1,0,0,Fine,None
1777782.7545,5900168.74,870023,,523813,0,0,0,2,0,North,2024/2025,BURNSIDE ROAD,PAPAKURA-CLEVEDON ROAD,,Non-Injury Crash,No,2025,0,South,0,0,0,Flat,0,,0,,0,Twilight,761500,0,0,0,2,0,0,0,0,1,,0,0,Auckland Region,Nil,2-way,Sealed,0,0,0,0,80,0,None,0,0,,76,Auckland,Nil,0,0,0,0,0,0,Open,0,0,0,Fine,Null
1749408.0645,5916966.0889,870027,,514801,0,0,0,0,0,West,2024/2025,ROSEBANK ROAD,FREMLIN PLACE,,Serious Crash,No,2025,0,East,0,0,0,Flat,0,,0,,0,Dark,389400,0,0,0,2,0,1,0,0,0,,0,0,Auckland Region,Nil,2-way,Sealed,0,0,1,0,50,0,On,1,0,,76,Auckland,Nil,0,0,0,1,0,0,Urban,0,0,0,Fine,Null
1748057.3395,5927357.6449,870028,,513410,0,,0,1,,North,2024/2025,UPPER HARBOUR MOTORWAY,SQUADRON DRIVE ON RAMP,,Minor Crash,Yes,2024,,North,,0,,Flat,,,,,,Bright sun,221902,1,0,0,1,,,0,,,,,,Auckland Region,Bridge,1-way,Sealed,,0,0,,100,,Off,1,0,,76,Auckland,Nil,,,,,0,0,Open,0,,,Fine,Null
1767888.1952,5900413.3574,870033,,525001,0,,0,1,,Null,2022/2023,WEYMOUTH ROAD,MCKEAN AVENUE,,Non-Injury Crash,No,2023,,West,,0,,Flat,,,,,,Bright sun,752500,0,0,0,2,,,0,,,,,,Auckland Region,Nil,2-way,Sealed,,0,0,,50,,Off,0,0,,76,Auckland,Give way,,,,,0,0,Urban,0,,,Fine,Null
1757752.5317,5913990.7784,870038,,518600,0,,0,2,,Null,2024/2025,PAH ROAD,BECKENHAM AVENUE,,Non-Injury Crash,No,2024,,South,,0,,Null,,,,,,Overcast,565000,0,0,0,4,,,0,,,,,,Auckland Region,Nil,2-way,Sealed,,0,0,,50,,Null,0,0,,76,Auckland,Stop,,,,,0,0,Urban,0,,,Fine,Null
1767920.8289,5900310.2608,870041,,525101,0,,0,2,,North,2022/2023,KIRTON CRESCENT,LEABANK COURT,,Non-Injury Crash,No,2023,,East,,0,,Flat,,,,,,Dark,771500,0,0,0,2,,,0,,,,,,Auckland Region,Nil,2-way,Sealed,,0,0,,50,,On,0,0,,76,Auckland,Nil,,,,,0,0,Urban,0,,,Light rain,Null
1739518.4716,5925100.5443,870044,,505700,0,0,0,0,0,South,2024/2025,TAUPAKI ROAD,BROOKVALE LANE,,Minor Crash,No,2024,0,North,0,0,1,Flat,0,,0,,0,Dark,216300,1,0,0,2,0,0,0,0,0,,0,0,Auckland Region,Nil,2-way,Sealed,0,0,0,0,60,0,None,1,0,,76,Auckland,Nil,0,0,0,0,0,0,Urban,0,0,0,Fine,Null
1768080.0847,5904342.8199,870057,,523820,0,0,0,1,1,Null,2022/2023,REDOUBT ROAD,REDOUBT ROAD ON RAMP,,Non-Injury Crash,No,2023,0,South,0,0,0,Hill Road,0,,0,,0,Dark,759901,0,0,0,2,0,0,0,0,0,,0,1,Auckland Region,Motorway ramp,1-way,Sealed,0,0,0,0,100,0,On,0,0,,76,Auckland,Give way,0,0,0,0,0,0,Open,0,0,0,Light rain,Null
1744755.6141,5915562.163,870060,,510800,0,,0,1,,North,2024/2025,SILVERSTONE PLACE,BRUCE MCLAREN ROAD,,Non-Injury Crash,No,2024,,North,,0,,Flat,,,,,,Dark,242502,0,0,1,2,,,0,,,,,,Auckland Region,Nil,2-way,Sealed,,0,0,,50,,On,0,0,,76,Auckland,Nil,,,,,0,0,Urban,0,,,Fine,Null
1753127.09,5912226.0647,870063,,518902,0,,0,1,,South,2025/2026,COMMODORE DRIVE,ORCADES PLACE,,Fatal Crash,No,2026,,South,,1,,Hill Road,,,,,,Bright sun,588001,0,0,0,2,,,0,,,1,,,Auckland Region,Nil,2-way,Sealed,,0,0,,50,,Off,0,0,,76,Auckland,Nil,,,,,0,0,Urban,0,,,Fine,Null
1763857.1294,5912763.6712,870079,,520500,0,,0,1,,South,2025/2026,MOUNT WELLINGTON HIGHWAY,TE PUTU AVENUE,,Non-Injury Crash,No,2025,,South,,0,,Flat,,,,,,Bright sun,637500,0,0,0,3,,,0,,,1,,,Auckland Region,Nil,1-way,Sealed,,0,0,,50,,Null,0,0,,76,Auckland,Nil,,,,,0,0,Urban,0,,,Fine,Null
1744883.8125,5933272.9361,870080,,506653,0,0,0,0,0,South,2023/2024,COATESVILLE-RIVERHEAD HIGHWAY,GOLDFLATS LANE,,Non-Injury Crash,No,2023,0,North,0,0,1,Flat,0,,0,,0,Dark,217201,0,0,0,2,0,0,0,0,0,,0,0,Auckland Region,Nil,2-way,Sealed,0,0,0,0,60,0,None,0,0,,76,Auckland,Nil,0,1,0,0,0,0,Urban,1,0,0,Fine,Null
1754782.9053,5929373.1758,870081,,508420,0,0,0,0,0,North,2023/2024,WOODALL PLACE,WAIRAU ROAD,,Minor Crash,No,2023,0,North,0,0,0,Hill Road,0,,0,,0,Dark,183700,1,0,0,1,0,0,0,0,1,,0,0,Auckland Region,Nil,2-way,Sealed,0,0,0,0,50,0,On,0,0,,76,Auckland,Nil,0,0,0,0,0,0,Urban,2,0,0,Heavy rain,Null
1767080.9999,5905513.9961,870082,,522400,0,,0,1,,Null,2023/2024,PUHINUI ROAD,GREAT SOUTH ROAD,,Non-Injury Crash,No,2023,,North,,0,,Flat,,,,,,Overcast,671200,0,0,0,2,,,0,,,,,,Auckland Region,Nil,2-way,Sealed,,0,0,,50,,On,0,0,,76,Auckland,Traffic Signals,,,,,0,0,Urban,1,,,Fine,None
1754643.122,5927086.7861,870083,,508620,0,0,0,1,0,North,2024/2025,BEATRICE AVENUE,CORONATION ROAD,,Non-Injury Crash,No,2025,0,South,0,0,0,Flat,0,,0,,0,Dark,204900,0,0,0,2,0,0,0,0,1,,0,0,Auckland Region,Nil,2-way,Sealed,0,0,0,0,50,0,On,0,0,,76,Auckland,Nil,0,0,0,0,0,0,Urban,1,0,0,Fine,Null
1769126.597,5900928.0301,870090,,524901,0,0,0,1,0,West,2024/2025,ALFRISTON ROAD,FLEMING STREET,,Minor Crash,No,2024,0,East,0,0,0,Flat,0,,0,,0,Dark,757300,1,0,0,2,0,1,0,0,0,,0,0,Auckland Region,Nil,2-way,Sealed,0,0,0,0,50,0,On,0,0,,76,Auckland,Nil,0,0,0,1,0,0,Urban,0,0,0,Fine,Null
1759644.893,5912008.4949,870095,,520000,0,,0,1,,Null,2025/2026,VICTORIA STREET,PRINCES STREET,,Minor Crash,No,2025,,South,,0,,Flat,,Christmas New Year,,,,Overcast,607100,2,0,0,4,,,0,,,,,,Auckland Region,Nil,2-way,Sealed,,0,0,,50,,Off,0,0,30,76,Auckland,Give way,,,,,0,0,Urban,1,,,Fine,Null
1753510.4331,5914387.7122,870104,,518801,0,,0,1,,Null,2023/2024,MAIORO STREET OFF RAMP,MAIORO STREET,,Non-Injury Crash,No,2023,,West,,0,,Hill Road,,,,,,Dark,578400,0,0,0,2,,,0,,,,,,Auckland Region,Nil,1-way,Sealed,,0,0,,50,,On,0,0,,76,Auckland,Traffic Signals,,,,,0,0,Urban,1,,,Light rain,None
1770522.9633,5909737.8693,870105,,523109,0,0,0,1,0,Null,2022/2023,EAGLEMONT DRIVE,KILKENNY DRIVE,,Non-Injury Crash,No,2023,0,South,0,0,1,Flat,0,,0,,0,Dark,712017,0,0,0,2,0,0,0,0,0,,0,0,Auckland Region,Nil,2-way,Sealed,0,0,0,0,50,0,On,0,0,,76,Auckland,Give way,0,0,0,0,0,0,Urban,0,0,0,Fine,Null
1765098.6131,5907685.7431,870106,,523404,0,0,0,1,0,Null,2024/2025,GRANGE ROAD,GRANGE ROAD,,Minor Crash,No,2025,0,South,0,0,0,Flat,0,,0,,0,Dark,695800,1,0,0,2,0,0,0,0,0,,0,0,Auckland Region,Nil,2-way,Sealed,0,0,0,0,50,0,On,0,0,,76,Auckland,Give way,0,1,0,0,0,0,Urban,0,0,0,Fine,Null
1758258.3217,5916756.8365,870110,,515700,0,0,0,2,0,North,2024/2025,MANUKAU ROAD,BRACKEN AVENUE,,Serious Crash,No,2025,0,North,0,0,1,Flat,0,,0,,0,Dark,458100,2,0,0,4,0,0,0,0,0,,0,0,Auckland Region,Nil,2-way,Sealed,0,0,1,0,50,0,On,1,0,,76,Auckland,Nil,0,0,0,0,0,0,Urban,0,0,0,Fine,Null
1750478.5271,5929207.7488,870112,,509100,0,,0,2,,North,2022/2023,UPPER HARBOUR MOTORWAY,GREENHITHE OBR,,Non-Injury Crash,Yes,2023,,South,,0,,Flat,,,,,,Overcast,181123,0,0,0,2,,,0,,,,,,Auckland Region,Nil,1-way,Sealed,,0,0,,100,,Off,0,0,,76,Auckland,Nil,,,,,0,0,Open,0,,,Fine,Null
1772919.0394,5895561.3816,870115,,525410,0,0,0,3,0,West,2025/2026,SETTLEMENT ROAD,OPAHEKE ROAD,,Minor Crash,No,2025,0,West,0,0,0,Flat,0,,0,,0,Dark,793400,1,0,0,2,0,0,0,0,1,,0,0,Auckland Region,Nil,2-way,Sealed,0,0,0,0,50,0,On,0,0,,76,Auckland,Nil,0,0,0,0,0,0,Urban,0,0,0,Light rain,Strong wind
1754705.5519,5936222.0665,870116,,507000,0,0,0,1,0,South,2023/2024,EAGLESON STREET,TOPLISS DRIVE,,Non-Injury Crash,No,2023,0,Null,0,0,0,Hill Road,0,,0,,0,Dark,164101,0,0,0,2,0,0,0,0,1,,0,0,Auckland Region,Nil,2-way,Sealed,0,0,0,0,50,0,On,0,0,,76,Auckland,Nil,0,0,0,0,0,1,Urban,0,0,0,Fine,Null
1771582.0708,5894836.0122,870124,,521201,0,0,0,1,0,South,2022/2023,SOUTHERN MOTORWAY,PAPAKURA OFF RAMP,,Non-Injury Crash,Yes,2023,0,North,0,0,0,Flat,1,,0,,0,Dark,806700,0,0,0,2,0,0,0,0,0,,0,0,Auckland Region,Nil,1-way,Sealed,0,0,0,0,100,0,On,1,0,,76,Auckland,Nil,0,0,0,0,0,0,Open,0,0,0,Heavy rain,Null
1772276.7658,5883765.8872,870126,,521111,0,,0,1,,South,2024/2025,RUNCIMAN ROAD,GORDON FRANCIS DRIVE,,Minor Crash,No,2025,,North,,0,,Hill Road,,,,,,Overcast,826908,2,0,0,2,,,0,,,,,,Auckland Region,Nil,2-way,Sealed,,0,0,,80,,None,0,0,,76,Auckland,Nil,,,,,0,0,Open,1,,,Light rain,Null
1760017.9412,5916018.1474,870127,,516002,0,,0,2,,West,2025/2026,SOUTHERN MOTORWAY,GREENLANE INT N,,Non-Injury Crash,Yes,2025,,North,,0,,Flat,,,,,,Twilight,492100,0,0,0,3,,,0,,,,,,Auckland Region,Nil,1-way,Sealed,,0,0,,100,,On,0,0,,76,Auckland,Nil,,,,,0,0,Open,0,,,Hail or Sleet,Null
1756564.7024,5926860.8736,870130,,507900,0,,0,2,,South,2024/2025,NORTHERN MOTORWAY,NORTHCOTE ROAD ON RAMP,,Non-Injury Crash,Yes,2024,,South,,0,,Flat,,,,,,Dark,303502,0,0,0,3,,,0,,,,,,Auckland Region,Nil,1-way,Sealed,,0,0,,100,,On,0,0,,76,Auckland,Nil,,,,,0,0,Open,0,,,Fine,Null
1776099.7384,5882298.2713,870131,,521160,0,0,0,1,0,North,2024/2025,GREAT SOUTH ROAD,MILL ROAD,,Non-Injury Crash,No,2025,0,North,1,0,0,Hill Road,0,,0,,0,Bright sun,827604,0,0,0,3,0,0,0,0,0,,0,0,Auckland Region,Nil,2-way,Sealed,0,0,0,0,80,0,Off,0,0,,76,Auckland,Nil,0,0,0,0,0,0,Open,0,0,0,Fine,Null
1756401.2884,5913582.2538,870138,,518701,0,0,0,1,0,North,2024/2025,HAYR ROAD,WARREN AVENUE,,Non-Injury Crash,No,2024,0,South,0,0,0,Null,0,,0,,0,Bright sun,569501,0,0,0,2,0,0,0,0,1,,0,0,Auckland Region,Nil,2-way,Sealed,0,0,0,0,50,0,Null,0,0,,76,Auckland,Nil,0,0,0,0,0,0,Urban,0,0,0,Fine,Null
1756853.7567,5918537.4615,870142,,515600,0,0,0,0,0,South,2024/2025,FLOWER STREET,NEW NORTH ROAD,,Minor Crash,No,2025,0,North,0,0,0,Hill Road,0,,0,,0,Overcast,421000,1,0,0,2,0,0,0,0,0,1,0,0,Auckland Region,Nil,2-way,Sealed,1,0,0,0,50,0,Off,1,0,,76,Auckland,Pointsman,0,0,0,0,0,0,Urban,0,0,0,Fine,Null