X,Y,OBJECTID,advisorySpeed,areaUnitID,bicycle,bridge,bus,carStationWagon,cliffBank,crashDirectionDescription,crashFinancialYear,crashLocation1,crashLocation2,crashRoadSideRoad,crashSeverity,crashSHDescription,crashYear,debris,directionRoleDescription,ditch,fatalCount,fence,flatHill,guardRail,holiday,houseOrBuilding,intersection,kerb,light,meshblockId,minorInjuryCount,moped,motorcycle,NumberOfLanes,objectThrownOrDropped,otherObject,otherVehicleType,overBank,parkedVehicle,pedestrian,phoneBoxEtc,postOrPole,region,roadCharacter,roadLane,roadSurface,roadworks,schoolBus,seriousInjuryCount,slipOrFlood,speedLimit,strayAnimal,streetLight,suv,taxi,temporarySpeedLimit,tlaId,tlaName,trafficControl,trafficIsland,trafficSign,train,tree,truck,unknownVehicleType,urban,vanOrUtility,vehicle,waterRiver,weatherA,weatherB
1747795.4311,5911267.6933,870143,,511901,0,,1,1,,Null,2024/2025,TITIRANGI ROAD,GODLEY ROAD,,Minor Crash,No,2025,,South,,0,,Flat,,,,,,Dark,294102,1,0,0,2,,,0,,,,,,Auckland Region,Nil,2-way,Sealed,,0,0,,50,,On,0,0,,76,Auckland,Give way,,,,,0,0,Urban,0,,,Fine,Null
1745128.7964,5909571.0046,870146,,512700,0,,0,2,,Null,2023/2024,HUIA ROAD,WOODLANDS PARK ROAD,,Non-Injury Crash,No,2024,,East,,0,,Hill Road,,,,,,Bright sun,301700,0,0,0,2,,,0,,,,,,Auckland Region,Nil,2-way,Sealed,,0,0,,50,,Off,0,0,,76,Auckland,Give way,,,,,0,0,Urban,0,,,Fine,Null
1751307.2512,5949745.1849,870147,,505805,0,,0,2,,Null,2025/2026,FLORENCE AVENUE,CENTREWAY ROAD,,Non-Injury Crash,No,2025,,East,,0,,Flat,,,,,,Dark,171701,0,0,0,2,,,0,,,,,,Auckland Region,Nil,2-way,Sealed,,0,0,,50,,On,0,0,,76,Auckland,Give way,,,,,0,0,Urban,0,,,Light rain,Null
1751079.2994,5934593.3733,870148,,508701,0,,0,2,,Null,2023/2024,DAIRY FLAT HIGHWAY,THE AVENUE,,Non-Injury Crash,No,2023,,North,,0,,Flat,,,,,,Unknown,178708,0,0,0,2,,,0,,,,,,Auckland Region,Nil,2-way,Sealed,,0,0,,50,,Off,0,0,,76,Auckland,Stop,,,,,0,0,Urban,0,,,Fine,Null
1745904.1631,5920458.6129,870150,,513301,0,,0,3,,East,2023/2024,NORTH-WESTERN MOTORWAY,LINCOLN ROAD ON RAMP,,Minor Crash,Yes,2024,,East,,0,,Flat,,,,,,Bright sun,230200,1,0,0,3,,,0,,,,,,Auckland Region,Motorway ramp,1-way,Sealed,,0,0,,100,,Off,0,0,,76,Auckland,Nil,,,,,0,0,Open,0,,,Fine,Null
1762184.0886,5913673.9325,870153,,520401,0,1,0,0,0,North,2022/2023,SOUTHERN MOTORWAY,PENROSE OBR,,Non-Injury Crash,Yes,2023,0,South,0,0,0,Flat,0,,0,,0,Bright sun,644300,0,0,0,3,0,0,0,0,0,,0,0,Auckland Region,Bridge,1-way,Sealed,0,0,0,0,100,0,Off,0,0,,76,Auckland,Nil,0,0,0,0,1,0,Open,0,0,0,Fine,Null
1764407.8051,5904873.4566,870154,,522100,0,0,0,2,0,South,2023/2024,WYLLIE ROAD,PAH ROAD,,Non-Injury Crash,No,2024,0,North,0,0,0,Flat,0,,0,,0,Bright sun,659200,0,0,0,2,0,0,0,0,1,,0,0,Auckland Region,Nil,2-way,Sealed,0,0,0,0,50,0,Off,0,0,,76,Auckland,Nil,0,0,0,0,0,0,Urban,0,0,0,Fine,Null
1758763.5997,5912047.9129,870155,,519810,0,0,0,1,0,South,2025/2026,NEWSOME STREET,FLEMING STREET,,Minor Crash,No,2025,0,South,0,0,0,Flat,0,,0,,0,Dark,601600,1,0,0,2,0,0,0,0,0,,0,1,Auckland Region,Nil,2-way,Sealed,0,0,0,0,50,0,On,0,0,,76,Auckland,Nil,0,0,0,0,0,0,Urban,0,0,0,Fine,Null
1757551.6855,5909634.3933,870161,,524001,0,0,0,2,0,East,2022/2023,AMBURY ROAD,ASHCROFT AVENUE,,Non-Injury Crash,No,2023,1,East,0,0,0,Flat,0,,0,,0,Dark,723201,0,0,0,2,0,0,0,0,1,,0,0,Auckland Region,Nil,2-way,Sealed,0,0,0,0,50,0,On,0,0,,76,Auckland,Nil,0,0,0,0,0,0,Urban,0,0,0,Fine,Null
1737986.099,5929383.8125,870163,,505602,0,,0,2,,Null,2024/2025,ORAHA ROAD,MATUA ROAD,,Non-Injury Crash,No,2025,,West,,0,,Flat,,,,,,Overcast,215904,0,0,0,2,,,0,,,,,,Auckland Region,Nil,2-way,Sealed,,0,0,,50,,Off,0,0,,76,Auckland,Stop,,,,,0,0,Urban,0,,,Light rain,Null
1766334.1968,5907551.1308,870176,,523601,0,,0,1,,Null,2023/2024,EAST TAMAKI ROAD,EAST TAMAKI ROAD ON RAMP,,Non-Injury Crash,No,2024,,West,,0,,Flat,,,,,,Twilight,708500,0,0,0,3,,,0,,,,,,Auckland Region,Motorway ramp,1-way,Unsealed,,0,0,,60,,On,1,0,40,76,Auckland,Traffic Signals,,,,,0,0,Urban,0,,,Fine,Null
1758070.7334,5915311.2972,870182,,515802,0,0,0,2,0,North,2023/2024,MANUKAU ROAD,RANGIATEA ROAD,,Non-Injury Crash,No,2023,0,South,0,0,0,Flat,0,,0,,0,Twilight,448800,0,0,0,2,0,0,0,0,1,,0,0,Auckland Region,Nil,2-way,Sealed,0,0,0,0,50,0,On,0,0,,76,Auckland,Nil,0,0,0,0,0,0,Urban,0,0,0,Fine,Null
1754625.5598,5924773.9076,870184,,510500,0,,0,2,,Null,2023/2024,ONEWA ROAD,KAURI GLEN ROAD,,Non-Injury Crash,No,2024,,East,,0,,Hill Road,,,,,,Dark,356202,0,0,0,4,,,0,,,,,,Auckland Region,Nil,2-way,Sealed,,0,0,,50,,On,0,0,,76,Auckland,Stop,,,,,0,0,Urban,0,,,Light rain,Null
1745473.4553,5920681.5823,870186,,513301,0,,0,2,,Null,2023/2024,LINCOLN ROAD,LINCOLN ROAD OFF RAMP,,Non-Injury Crash,No,2024,,South,,0,,Flat,,,,,,Dark,230301,0,0,0,4,,,0,,,,,,Auckland Region,Nil,2-way,Sealed,,0,0,,50,,On,0,0,,76,Auckland,Traffic Signals,,,,,0,0,Urban,0,,,Fine,Null
1766787.6169,5904025.839,870191,,524604,0,,0,2,,Null,2024/2025,LAMBIE DRIVE,MANUKAU STATION ROAD,,Minor Crash,No,2025,,South,,0,,Flat,,,,,,Dark,780209,1,0,0,3,,,0,,,,,,Auckland Region,Nil,1-way,Sealed,,0,0,,50,,On,0,0,,76,Auckland,Traffic Signals,,,,,0,0,Urban,0,,,Light rain,Null
1751555.6073,5915541.0511,870203,,514401,0,,0,2,,Null,2024/2025,BLOCKHOUSE BAY ROAD,ROSEBANK ROAD,,Non-Injury Crash,No,2024,,South,,0,,Flat,,,,,,Bright sun,382200,0,0,0,3,,,0,,,,,,Auckland Region,Nil,2-way,Sealed,,0,0,,50,,Off,0,0,,76,Auckland,Traffic Signals,,,,,0,0,Urban,0,,,Fine,Strong wind
1743075.6893,5913662.0752,870207,,512902,0,,0,0,,North,2024/2025,FOREST HILL ROAD,KELLYS ROAD,,Minor Crash,No,2025,,East,,0,,Flat,,,,,,Dark,278902,1,0,0,2,,,0,,,,,,Auckland Region,Nil,2-way,Sealed,,0,0,,60,,Off,0,0,,76,Auckland,Nil,,,,,0,0,Urban,1,,,Fine,Null
1769750.0093,5914395.7803,870215,,522722,0,,0,2,,South,2023/2024,AVIEMORE DRIVE,HIGHLAND PARK DRIVE,,Non-Injury Crash,No,2024,,North,,0,,Flat,,,,,,Overcast,681324,0,0,0,2,,,0,,,,,,Auckland Region,Nil,2-way,Sealed,,0,0,,50,,Off,0,0,,76,Auckland,Nil,,,,,0,0,Urban,0,,,Fine,None
1757734.7991,5918263.2929,870222,,514302,0,,0,1,,North,2024/2025,SOUTHERN MOTORWAY,MOUNTAIN OBR,,Minor Crash,Yes,2025,,South,,0,,Flat,,,,,,Bright sun,442100,2,0,0,5,,,0,,,,,,Auckland Region,Nil,1-way,Sealed,,0,0,,80,,Off,0,0,,76,Auckland,Nil,,,,,0,0,Open,2,,,Fine,Null
1740676.0673,5982097.518,870224,,506660,0,0,0,0,1,South,2023/2024,WAYBY VALLEY ROAD,HOMEWARD BOUND DRIVE,,Minor Crash,No,2023,0,South,0,0,0,Hill Road,0,,0,,0,Overcast,136303,1,0,0,2,0,0,0,0,0,,0,0,Auckland Region,Nil,2-way,Sealed,0,0,0,1,100,0,Off,1,0,,76,Auckland,Nil,0,0,0,0,0,0,Open,0,0,0,Heavy rain,Null
1770642.9756,5900605.9313,870225,,523817,0,0,0,1,0,West,2023/2024,HYPERION DRIVE,NEARCO STREET,,Non-Injury Crash,No,2024,0,West,0,0,0,Flat,0,Queens Birthday,0,,0,Dark,759702,0,0,0,2,0,0,0,0,0,,0,0,Auckland Region,Nil,2-way,Sealed,0,0,0,0,50,0,On,0,0,20,76,Auckland,Nil,1,0,0,0,0,0,Urban,0,0,0,Fine,Null
1732112.5646,5929783.9349,870230,65,506652,0,0,0,1,0,West,2024/2025,SH 16,MABBETT LANE,,Serious Crash,Yes,2025,0,South,1,0,1,Hill Road,0,,0,,0,Bright sun,216203,1,0,0,2,0,0,0,0,0,,0,0,Auckland Region,Nil,2-way,Sealed,0,0,1,0,100,0,None,0,0,,76,Auckland,Nil,0,0,0,0,1,0,Open,0,0,0,Fine,Null
1762617.7438,5908004.4895,870232,,524530,0,0,0,3,0,North,2022/2023,CLEEK ROAD,TENNESSEE AVENUE,,Non-Injury Crash,No,2023,0,South,0,0,0,Flat,0,,0,,0,Dark,732400,0,0,0,2,0,0,0,0,1,,0,0,Auckland Region,Nil,2-way,Sealed,0,0,0,0,50,0,On,0,0,,76,Auckland,Nil,0,0,0,0,0,0,Urban,0,0,0,Fine,Null
1742082.8547,5920518.455,870233,,513621,0,,0,0,,Null,2024/2025,YELASH ROAD,BIRDWOOD ROAD,,Non-Injury Crash,No,2024,,North,,0,,Flat,,,,,,Dark,226901,0,0,0,2,,,0,,,,,,Auckland Region,Bridge,2-way,Sealed,,0,0,,60,,On,0,0,30,76,Auckland,Give way,,,,,0,0,Urban,1,,,Fine,Null
1756368.6767,5912940.8181,870237,,518701,0,,0,2,,South,2024/2025,SOUTH-WESTERN MOTORWAY,HILLSBOROUGH ROAD OFF RAMP,,Non-Injury Crash,Yes,2024,,South,,0,,Flat,,,,,,Bright sun,569000,0,0,0,3,,,0,,,,,,Auckland Region,Nil,1-way,Sealed,,0,0,,100,,Off,0,0,,76,Auckland,Nil,,,,,0,0,Open,0,,,Fine,Null
1758562.1152,5903460.889,870238,,524200,0,0,0,1,0,North,2024/2025,TERMINAL EXIT ROAD,RAY EMERY DRIVE,,Non-Injury Crash,No,2025,0,East,0,0,0,Flat,1,,0,,0,Bright sun,727100,0,0,0,3,0,0,0,0,0,,0,0,Auckland Region,Nil,1-way,Sealed,0,0,0,0,30,0,Off,0,0,,76,Auckland,Nil,0,0,0,0,0,0,Urban,0,0,0,Fine,Null
1770305.2686,5911299.1709,870239,15,523113,0,,0,2,,Null,2024/2025,TE IRIRANGI DRIVE,TI RAKAU DRIVE,,Minor Crash,No,2024,,North,,0,,Flat,,,,,,Overcast,711716,1,0,0,1,,,0,,,,,,Auckland Region,Nil,1-way,Sealed,,0,0,,50,,Off,0,0,,76,Auckland,Give way,,,,,0,0,Urban,0,,,Fine,Null
1751652.4112,5917973.0331,870245,,515001,0,,0,0,,West,2023/2024,GREAT NORTH ROAD ON RAMP,NORTH-WESTERN MOTORWAY,,Minor Crash,No,2024,,East,,0,,Flat,,,,,,Overcast,392200,1,0,1,3,,,0,,,,,,Auckland Region,Motorway ramp,1-way,Sealed,,0,0,,100,,Off,0,0,,76,Auckland,Nil,,,,,0,0,Open,0,,,Fine,Null
1792141.7623,5928125.0076,870249,,520801,0,0,1,0,0,South,2023/2024,MAN O'WAR BAY ROAD,STONYBATTER ROAD,,Minor Crash,No,2024,0,North,0,0,0,Flat,0,,0,,0,Dark,515801,6,0,0,2,0,0,0,0,0,,0,0,Auckland Region,Nil,2-way,Unsealed,0,0,0,0,80,0,None,0,0,,76,Auckland,Nil,0,0,0,1,0,0,Open,0,0,0,Fine,Null
1757790.7851,5918188.9243,870250,,515700,0,,0,2,,South,2024/2025,SOUTHERN MOTORWAY,MOUNTAIN OBR,,Non-Injury Crash,Yes,2024,,North,,0,,Flat,,,,,,Overcast,443600,0,0,0,4,,,0,,,,,,Auckland Region,Nil,1-way,Sealed,,0,0,,80,,Off,0,0,,76,Auckland,Nil,,,,,0,0,Open,0,,,Fine,Null
1758121.1289,5920813.5266,870251,,514101,0,,0,1,,South,2022/2023,TANGIHUA STREET,QUAY STREET,,Non-Injury Crash,No,2023,,North,,0,,Flat,,,,,,Unknown,438211,0,0,0,3,,,0,,,,,,Auckland Region,Nil,1-way,Sealed,,0,0,,30,,On,1,0,,76,Auckland,Nil,,,,,0,0,Urban,0,,,Fine,None
1764810.9221,5903808.5388,870253,,524604,0,,0,1,,Null,2023/2024,CAVENDISH DRIVE,CAVENDISH DRIVE,,Non-Injury Crash,No,2023,,East,,0,,Flat,,,,,,Bright sun,781301,0,0,0,2,,,0,,,,,,Auckland Region,Nil,1-way,Sealed,,0,0,,60,,None,0,0,,76,Auckland,Traffic Signals,,,,,0,0,Urban,1,,,Fine,Null
1749291.1252,5913915.6372,870259,,511302,0,,0,2,,Null,2023/2024,GREAT NORTH ROAD,PINE STREET,,Non-Injury Crash,No,2024,,East,,0,,Flat,,,,,,Bright sun,268900,0,0,0,4,,,0,,,,,,Auckland Region,Nil,2-way,Sealed,,0,0,,50,,Off,0,0,,76,Auckland,Stop,,,,,0,0,Urban,0,,,Fine,Null
1762299.3946,5913472.0362,870261,,520402,0,,0,1,,South,2023/2024,SOUTHERN MOTORWAY,PENROSE OBR,,Non-Injury Crash,Yes,2024,,South,,0,,Flat,,Christmas New Year,,,,Dark,642200,0,0,0,3,,,0,,,,,,Auckland Region,Nil,1-way,Sealed,,0,0,,100,,On,0,0,,76,Auckland,Nil,,,,,0,0,Open,1,,,Fine,Null
1758370.188,5917636.3913,870269,,515700,0,,0,2,,Null,2023/2024,EDGERLEY AVENUE,BROADWAY,,Non-Injury Crash,No,2023,,East,,0,,Flat,,Christmas New Year,,,,Bright sun,443402,0,0,0,2,,,0,,,,,,Auckland Region,Nil,2-way,Sealed,,0,0,,50,,Off,0,0,,76,Auckland,Stop,,,,,0,0,Urban,0,,,Fine,None
1753421.6751,5914344.3371,870278,,518801,0,0,0,2,0,West,2024/2025,MAIORO STREET,MAIORO STREET OFF RAMP,,Non-Injury Crash,No,2024,0,East,0,0,0,Hill Road,0,,0,,0,Overcast,578400,0,0,0,3,0,0,0,0,1,,0,0,Auckland Region,Nil,1-way,Sealed,0,0,0,0,50,0,None,0,0,,76,Auckland,Nil,0,0,0,0,0,1,Urban,0,0,0,Fine,Null
1768385.8552,5904454.2245,870279,45,523820,0,,0,1,,West,2022/2023,REDOUBT ROAD,DIORELLA DRIVE,,Non-Injury Crash,No,2023,,West,,0,,Flat,,,,,,Unknown,759901,0,0,0,3,,,0,,,,,,Auckland Region,Nil,2-way,Sealed,,0,0,,50,,Off,0,0,,76,Auckland,Nil,,,,,0,1,Urban,0,,,Fine,None
1759305.8889,5903166.4639,870281,,524200,0,,0,2,,Null,2022/2023,GEORGE BOLT MEMORIAL DRIVE,CYRIL KAY ROAD,,Non-Injury Crash,No,2023,,South,,0,,Flat,,,,,,Dark,727200,0,0,0,2,,,0,,,,,,Auckland Region,Nil,2-way,Sealed,,0,0,,30,,On,0,0,,76,Auckland,Give way,,,,,0,0,Urban,0,,,Fine,Null
1748100.6763,5911334.7481,870283,,511902,0,0,0,1,0,North,2023/2024,GODLEY ROAD,TITIRANGI ROAD,,Non-Injury Crash,No,2024,0,East,0,0,0,Hill Road,0,,0,,0,Dark,293002,0,0,0,2,0,1,0,0,0,,0,0,Auckland Region,Nil,2-way,Sealed,0,0,0,0,50,0,On,0,0,,76,Auckland,Nil,0,0,0,0,0,0,Urban,0,0,0,Light rain,Null
1756441.6907,5930028.2494,870286,,507720,0,0,0,2,0,West,2024/2025,RICHARDS AVENUE,CROWN HILL CLOSE,,Non-Injury Crash,No,2024,0,West,0,0,0,Hill Road,0,,0,,0,Bright sun,311400,0,0,0,2,0,0,0,0,1,,0,0,Auckland Region,Nil,2-way,Sealed,0,0,0,0,50,0,Off,0,0,,76,Auckland,Nil,0,0,0,0,0,0,Urban,0,0,0,Fine,Null
1755107.3977,5918290.7554,870294,,515500,0,,0,1,,West,2024/2025,NORTH-WESTERN MOTORWAY,BOND OBR,,Minor Crash,Yes,2025,,East,,0,,Flat,,Queens Birthday,,,,Overcast,418800,1,0,0,4,,,0,,,,,,Auckland Region,Nil,1-way,Sealed,,0,0,,80,,Off,1,0,,76,Auckland,Nil,,,,,0,0,Open,0,,,Fine,Null
1768810.5144,5900937.1503,870296,,525001,0,,0,0,,South,2022/2023,GREAT SOUTH ROAD,HALVER ROAD,,Minor Crash,No,2023,,South,,0,,Flat,,,,,,Overcast,751600,1,0,1,3,,,0,,,1,,,Auckland Region,Nil,2-way,Sealed,,0,0,,50,,Off,0,0,,76,Auckland,Nil,,,,,0,0,Urban,0,,,Fine,Null
1770247.9403,5899029.4912,870313,,523920,0,,0,1,,South,2023/2024,GREAT SOUTH ROAD,MANUIA ROAD,,Non-Injury Crash,No,2023,,North,,0,,Flat,,,,,,Dark,768006,0,0,0,5,,,0,,,,,,Auckland Region,Nil,2-way,Sealed,,0,0,,50,,On,0,0,,76,Auckland,Nil,,,,,0,0,Urban,0,,,Fine,Null
1756491.7448,5919050.6859,870318,,514200,0,0,0,1,0,South,2024/2025,NORTH-WESTERN MOTORWAY,HOBWEST OBR,,Non-Injury Crash,Yes,2025,0,West,0,0,0,Flat,1,,0,,0,Dark,412800,0,0,0,2,0,0,0,0,0,,0,0,Auckland Region,Nil,1-way,Sealed,0,0,0,0,100,0,On,0,0,,76,Auckland,Nil,0,0,0,0,0,0,Open,0,0,0,Light rain,Null
1759047.5062,5911793.5295,870319,45,519820,0,,0,2,,Null,2023/2024,NEILSON STREET,ONEHUNGA MALL,,Non-Injury Crash,No,2023,,East,,0,,Flat,,,,,,Unknown,602300,0,0,0,4,,,0,,,,,,Auckland Region,Nil,2-way,Sealed,,0,0,,50,,On,0,0,,76,Auckland,Traffic Signals,,,,,0,0,Urban,0,,,Fine,None
1756623.2949,5919284.6186,870320,,514200,1,,0,0,,South,2022/2023,NELSON STREET CYCLEWAY,SOUTHERN MOTORWAY,,Minor Crash,No,2023,,South,,0,,Flat,,,,,,Overcast,411900,2,0,0,0,,,0,,,1,,,Auckland Region,Nil,2-way,Sealed,,0,0,,10,,Off,0,0,,76,Auckland,Nil,,,,,0,1,Urban,0,,,Fine,Null
1758840.4695,5922883.3301,870323,,509500,1,0,0,0,0,West,2024/2025,CALLIOPE ROAD,GLEN ROAD,,Fatal Crash,No,2024,1,West,0,1,0,Hill Road,0,,0,,0,Bright sun,336700,0,0,0,2,0,0,0,0,0,,0,0,Auckland Region,Nil,2-way,Sealed,0,0,0,0,50,0,Off,0,0,,76,Auckland,Nil,0,0,0,0,0,0,Urban,0,0,0,Fine,Null
1746666.3154,5917847.0103,870326,,512500,0,,0,1,,North,2025/2026,TE ATATU ROAD,ROBERTS ROAD,,Serious Crash,No,2025,,North,,0,,Flat,,,,,,Bright sun,257300,0,0,0,3,,,0,,,1,,,Auckland Region,Nil,2-way,Sealed,,0,1,,50,,Off,0,0,,76,Auckland,Nil,,,,,0,0,Urban,0,,,Fine,Null
1759820.3727,5912258.2036,870327,,520000,0,,0,2,,Null,2024/2025,CHURCH STREET,ALFRED STREET,,Minor Crash,No,2024,,East,,0,,Flat,,,,,,Bright sun,607100,1,0,0,2,,,0,,,,,,Auckland Region,Nil,2-way,Sealed,,0,0,,50,,Off,0,0,,76,Auckland,Stop,,,,,0,0,Urban,0,,,Fine,Null
1757494.8081,5926942.5332,870330,,507900,0,,0,2,,Null,2024/2025,BARRYS POINT ROAD,GREYDENE PLACE,,Minor Crash,No,2025,,North,,0,,Flat,,,,,,Overcast,304200,1,0,0,4,,,0,,,,,,Auckland Region,Nil,2-way,Sealed,,0,0,,50,,Off,0,0,,76,Auckland,Traffic Signals,,,,,0,0,Urban,0,,,Light rain,Null
1767579.4064,5904633.244,870335,,524604,0,,0,2,,Null,2024/2025,GREAT SOUTH ROAD,RONWOOD AVENUE,,Non-Injury Crash,No,2024,,North,,0,,Flat,,,,,,Overcast,780209,0,0,0,3,,,0,,,,,,Auckland Region,Nil,2-way,Sealed,,0,0,,50,,Null,0,0,,76,Auckland,Traffic Signals,,,,,0,0,Urban,0,,,Light rain,Null
1765956.8517,5906406.5277,870345,,522202,0,,0,2,,Null,2023/2024,ST GEORGE STREET,GREAT SOUTH ROAD,,Non-Injury Crash,No,2024,,South,,0,,Flat,,,,,,Bright sun,663900,0,0,0,4,,,0,,,,,,Auckland Region,Nil,2-way,Sealed,,0,0,,50,,Off,0,0,,76,Auckland,Traffic Signals,,,,,0,0,Urban,0,,,Fine,Null
1752408.7373,5914845.5381,870346,,514500,0,0,0,1,0,West,2025/2026,METHUEN ROAD,CONDLIFFE PLACE,,Non-Injury Crash,No,2025,0,South,0,0,0,Flat,0,,0,,0,Bright sun,377800,0,0,0,2,0,0,0,0,1,,0,0,Auckland Region,Nil,2-way,Sealed,0,0,0,0,50,0,Off,1,0,,76,Auckland,Nil,0,0,0,0,0,0,Urban,0,0,0,Fine,Null
1757596.9176,5912279.9602,870347,,519810,0,,0,2,,West,2024/2025,SOUTH-WESTERN MOTORWAY,QUEENSTOWN ROAD ON RAMP,,Minor Crash,Yes,2025,,East,,0,,Hill Road,,,,,,Dark,596700,2,0,0,3,,,0,,,,,,Auckland Region,Nil,1-way,Sealed,,0,0,,100,,On,1,0,,76,Auckland,Nil,,,,,0,0,Open,0,,,Light rain,Null
1747796.8155,5921609.8178,870349,,512300,0,0,0,2,0,West,2024/2025,HARBOUR VIEW ROAD,WAIMANU BAY DRIVE,,Minor Crash,No,2024,0,West,0,0,0,Flat,0,,0,,0,Dark,250103,1,0,0,2,0,0,0,0,1,,0,0,Auckland Region,Nil,2-way,Sealed,0,0,0,0,50,0,On,0,0,,76,Auckland,Nil,0,0,0,0,0,0,Urban,0,0,0,Fine,Null
1750464.9111,5928428.1954,870358,,509100,0,0,0,0,1,West,2025/2026,UPPER HARBOUR DRIVE,SHELTER DRIVE,,Minor Crash,No,2025,0,East,0,0,0,Flat,0,,0,,0,Dark,181305,1,0,0,2,0,0,0,0,0,,0,0,Auckland Region,Nil,2-way,Sealed,0,0,0,0,60,0,On,0,0,,76,Auckland,Nil,0,0,0,0,0,0,Urban,1,0,0,Fine,Null
1755540.9736,5914367.0823,870360,,518500,0,0,0,2,0,North,2022/2023,AKARANA AVENUE,QUEST TERRACE,,Non-Injury Crash,No,2023,0,North,0,0,0,Hill Road,0,,0,,0,Dark,561100,0,0,0,2,0,0,0,0,1,,0,0,Auckland Region,Nil,2-way,Sealed,0,0,0,0,50,0,On,0,0,,76,Auckland,Nil,0,0,0,0,0,0,Urban,0,0,0,Mist or Fog,Null
1748348.9946,5969507.8892,870364,,505500,0,0,0,2,0,South,2022/2023,GLENMORE DRIVE,WOODCOCKS ROAD,,Serious Crash,No,2023,0,South,0,0,0,Hill Road,0,,0,,0,Bright sun,140500,0,0,1,2,0,0,0,0,1,,0,0,Auckland Region,Nil,2-way,Sealed,0,0,1,0,50,0,Off,0,0,,76,Auckland,Nil,0,0,0,0,0,0,Urban,0,0,0,Fine,Null
1770075.7149,5901031.5626,870365,,523816,0,0,0,1,0,East,2023/2024,SECRETARIAT PLACE,SHIFNAL DRIVE,,Non-Injury Crash,No,2024,0,North,0,0,1,Flat,0,,0,,0,Dark,759725,0,0,0,2,0,0,0,0,0,,0,1,Auckland Region,Nil,2-way,Sealed,0,0,0,0,50,0,On,0,0,,76,Auckland,Nil,0,0,0,0,0,0,Urban,0,0,0,Fine,Null
1769512.2628,5899782.657,870368,,525002,0,,0,2,,Null,2022/2023,GREAT SOUTH ROAD,MAHIA ROAD,,Non-Injury Crash,No,2023,,North,,0,,Flat,,,,,,Dark,754100,0,0,0,3,,,0,,,,,,Auckland Region,Nil,2-way,Sealed,,0,0,,50,,On,0,0,,76,Auckland,Traffic Signals,,,,,0,0,Urban,0,,,Fine,Null
1753711.2882,5918295.226,870374,,515003,0,,0,2,,West,2024/2025,NORTH-WESTERN MOTORWAY,ST LUKES OBR,,Non-Injury Crash,Yes,2025,,West,,0,,Flat,,,,,,Overcast,390502,0,0,0,4,,,0,,,,,,Auckland Region,Nil,1-way,Sealed,,0,0,,80,,Off,0,0,,76,Auckland,Nil,,,,,0,0,Open,0,,,Fine,Null
1765421.9719,5905840.6926,870375,,522202,0,,0,0,,East,2022/2023,ST GEORGE STREET,LANDSCAPE ROAD,,Non-Injury Crash,No,2023,,East,,0,,Flat,,,,,,Overcast,664200,0,0,1,2,,,0,,,,,,Auckland Region,Nil,2-way,Sealed,,0,0,,50,,None,0,0,,76,Auckland,Nil,,,,,0,0,Urban,1,,,Fine,Null
1734384.3793,5919049.2341,870379,,513702,0,0,0,1,1,North,2023/2024,BETHELLS ROAD,STONEY CREEK DRIVE,,Minor Crash,No,2024,0,North,0,0,0,Hill Road,0,,0,,0,Overcast,237206,1,0,0,2,0,0,0,0,0,,0,0,Auckland Region,Nil,2-way,Sealed,0,0,0,0,100,0,None,0,0,,76,Auckland,Nil,0,0,0,0,0,0,Open,0,0,0,Fine,Null
1755714.677,5917955.9442,870391,,517500,0,,0,2,,Null,2024/2025,BOND STREET,NEW NORTH ROAD,,Non-Injury Crash,No,2024,,East,,0,,Flat,,,,,,Dark,529800,0,0,0,2,,,0,,,,,,Auckland Region,Nil,2-way,Sealed,,0,0,,50,,Null,0,0,,76,Auckland,Traffic Signals,,,,,0,0,Urban,0,,,Fine,Null
1761779.0595,5914012.1873,870393,,520202,0,,0,1,,East,2023/2024,SOUTHERN MOTORWAY,ELLERSLIE-PANMURE HWY OFF RAMP,,Non-Injury Crash,Yes,2023,,Null,,0,,Flat,,,,,,Overcast,612300,0,0,0,3,,,0,,,,,,Auckland Region,Motorway ramp,2-way,Sealed,,0,0,,100,,None,0,0,,76,Auckland,Nil,,,,,0,1,Open,0,,,Fine,Null
1744318.1191,5922437.7837,870395,,513512,0,,0,0,,Null,2023/2024,MAKORA ROAD,ROYAL ROAD OFF RAMP,,Non-Injury Crash,No,2024,,North,,0,,Hill Road,,,,,,Bright sun,225501,0,0,0,2,,,0,,,,,,Auckland Region,Nil,2-way,Sealed,,0,0,,50,,None,1,0,,76,Auckland,Traffic Signals,,,,,1,0,Urban,0,,,Fine,Null
1761394.3712,5914285.6343,870397,,520202,0,,0,1,,South,2023/2024,SOUTHERN MOTORWAY,PENROSE INT N,,Non-Injury Crash,Yes,2023,,Null,,0,,Flat,,,,,,Dark,612300,0,0,0,3,,,0,,,,,,Auckland Region,Nil,1-way,Sealed,,0,0,,100,,On,0,0,,76,Auckland,Nil,,,,,0,0,Open,0,,,Fine,Null
1763471.4351,5913430.641,870398,,520402,0,0,0,1,0,East,2024/2025,HAMLIN ROAD,RUAWAI ROAD,,Non-Injury Crash,No,2025,0,South,0,0,0,Flat,0,,0,,0,Unknown,641402,0,0,0,2,0,0,0,0,1,,0,0,Auckland Region,Nil,2-way,Sealed,0,0,0,0,50,0,Null,0,0,,76,Auckland,Nil,0,0,0,0,0,1,Urban,0,0,0,Heavy rain,Null