X,Y,OBJECTID,advisorySpeed,areaUnitID,bicycle,bridge,bus,carStationWagon,cliffBank,crashDirectionDescription,crashFinancialYear,crashLocation1,crashLocation2,crashRoadSideRoad,crashSeverity,crashSHDescription,crashYear,debris,directionRoleDescription,ditch,fatalCount,fence,flatHill,guardRail,holiday,houseOrBuilding,intersection,kerb,light,meshblockId,minorInjuryCount,moped,motorcycle,NumberOfLanes,objectThrownOrDropped,otherObject,otherVehicleType,overBank,parkedVehicle,pedestrian,phoneBoxEtc,postOrPole,region,roadCharacter,roadLane,roadSurface,roadworks,schoolBus,seriousInjuryCount,slipOrFlood,speedLimit,strayAnimal,streetLight,suv,taxi,temporarySpeedLimit,tlaId,tlaName,trafficControl,trafficIsland,trafficSign,train,tree,truck,unknownVehicleType,urban,vanOrUtility,vehicle,waterRiver,weatherA,weatherB
1742850.064,5919556.0449,870403,,513211,0,0,0,2,0,South,2023/2024,WAITEMATA DRIVE,LUANDA DRIVE,,Non-Injury Crash,No,2024,0,North,0,0,0,Flat,0,,0,,0,Overcast,235717,0,0,0,2,0,0,0,0,1,,0,0,Auckland Region,Nil,2-way,Sealed,0,0,0,0,50,0,Off,0,0,,76,Auckland,Nil,0,0,0,0,0,0,Urban,0,0,0,Fine,Null
1757628.2791,5913530.4956,870413,,518702,0,,0,2,,South,2023/2024,PAH ROAD,MOUNT ALBERT ROAD,,Non-Injury Crash,No,2024,,North,,0,,Flat,,,,,,Overcast,567600,0,0,0,2,,,0,,,,,,Auckland Region,Nil,2-way,Sealed,,0,0,,50,,Off,1,0,,76,Auckland,Nil,,,,,0,0,Urban,0,,,Fine,Null
1757355.1833,5920964.9758,870414,,514101,0,,0,2,,North,2025/2026,CUSTOMS STREET WEST,LOWER ALBERT STREET,,Non-Injury Crash,No,2025,,East,,0,,Flat,,,,,,Unknown,432800,0,0,0,3,,,0,,,,,,Auckland Region,Nil,1-way,Sealed,,0,0,,30,,Null,0,0,,76,Auckland,Nil,,,,,0,0,Urban,0,,,Fine,Null
1763363.0264,5920388.1098,870417,,516500,1,,0,1,,East,2024/2025,TAMAKI DRIVE,PATTESON AVENUE,,Minor Crash,No,2025,,East,,0,,Flat,,,,,,Bright sun,500700,1,0,0,2,,,0,,,,,,Auckland Region,Nil,2-way,Sealed,,0,0,,30,,Off,0,0,,76,Auckland,Nil,,,,,0,0,Urban,0,,,Fine,Null
1769897.7012,5899983.6293,870418,,523817,0,,0,1,,North,2025/2026,SOUTHERN MOTORWAY,PAPAKURA STM BR,,Non-Injury Crash,Yes,2025,,South,,0,,Flat,,,,,,Dark,759739,0,0,0,3,,,0,,,,,,Auckland Region,Nil,1-way,Sealed,,0,0,,100,,On,0,0,,76,Auckland,Nil,,,,,0,0,Open,1,,,Fine,Null
1749520.4177,5951641.0855,870421,,506201,0,,0,2,,North,2023/2024,NORTHERN GATEWAY TOLL ROAD,NUKUMEA VIADUCT NORTH,,Non-Injury Crash,Yes,2024,,North,,0,,Hill Road,,,,,,Dark,176301,0,0,0,2,,,0,,,,,,Auckland Region,Nil,1-way,Sealed,,0,0,,100,,None,0,0,,76,Auckland,Nil,,,,,0,0,Open,0,,,Fine,Null
1767478.0169,5902142.317,870425,,524720,0,,0,2,,West,2023/2024,BROWNS ROAD,STURDEE ROAD,,Non-Injury Crash,No,2023,,West,,0,,Flat,,,,,,Unknown,779800,0,0,0,2,,,0,,,,,,Auckland Region,Nil,2-way,Sealed,,0,0,,50,,Off,0,0,,76,Auckland,Nil,,,,,0,0,Urban,0,,,Fine,None
1755791.7422,5928194.4459,870426,,507900,0,,0,2,,Null,2023/2024,WAIRAU ROAD,PORANA ROAD,,Non-Injury Crash,No,2023,,North,,0,,Flat,,,,,,Bright sun,305201,0,0,0,4,,,0,,,,,,Auckland Region,Nil,2-way,Sealed,,0,0,,50,,Null,0,0,,76,Auckland,Traffic Signals,,,,,0,0,Urban,0,,,Null,Null
1757448.1749,5918734.6478,870430,,514302,0,,0,2,,Null,2024/2025,SOUTHERN MOTORWAY,SOUTHERN TO PORT LINK,,Non-Injury Crash,Yes,2024,,North,,0,,Flat,,,,,,Bright sun,442500,0,0,0,4,,,0,,,,,,Auckland Region,Nil,1-way,Sealed,,0,0,,80,,Off,0,0,,76,Auckland,Nil,,,,,0,0,Open,0,,,Fine,Null
1770544.5545,5902282.3975,870434,,523819,0,0,0,2,0,Null,2024/2025,HILL ROAD,MURRAYFIELD LANE,,Non-Injury Crash,No,2024,0,North,0,0,0,Flat,0,,0,,0,Twilight,760810,0,0,0,2,0,0,0,0,1,,0,0,Auckland Region,Nil,2-way,Sealed,0,0,0,0,50,0,On,0,0,,76,Auckland,Nil,0,0,0,0,0,0,Urban,0,0,0,Fine,Null
1758673.9392,5911588.7743,870438,,519810,0,,0,1,,North,2024/2025,SOUTH-WESTERN MOTORWAY,ONEHUNGA HARBOUR ROAD OFF RAMP,,Non-Injury Crash,Yes,2024,,West,,0,,Flat,,,,,,Overcast,602501,0,0,0,4,,,0,,,,,,Auckland Region,Nil,1-way,Sealed,,0,0,,100,,Off,0,0,,76,Auckland,Nil,,,,,0,0,Open,0,,,Light rain,Null
1751355.7354,5915871.6387,870446,,514401,0,,0,2,,West,2023/2024,HENRY STREET,ROBERTON ROAD,,Non-Injury Crash,No,2023,,West,,0,,Flat,,,,,,Bright sun,381900,0,0,0,2,,,0,,,,,,Auckland Region,Nil,2-way,Sealed,,0,0,,50,,None,0,0,,76,Auckland,Nil,,,,,0,0,Urban,0,,,Fine,None
1775264.1188,5896326.3555,870448,,525610,0,0,0,0,0,Null,2023/2024,DUCKWORTH ROAD,EMMERDALE AVENUE,,Minor Crash,No,2023,0,North,0,0,0,Flat,0,,0,,0,Twilight,799134,1,0,0,2,0,1,0,0,0,,1,0,Auckland Region,Nil,2-way,Sealed,0,0,0,0,50,0,On,0,0,,76,Auckland,Give way,0,0,0,0,0,0,Urban,1,0,0,Fine,Null
1729546.2282,5938623.0169,870451,,506648,0,,0,2,,Null,2023/2024,MANGAKURA ROAD,ROGAN AVENUE,,Non-Injury Crash,No,2023,,North,,0,,Flat,,,,,,Bright sun,212104,0,0,0,2,,,0,,,,,,Auckland Region,Nil,2-way,Sealed,,0,0,,100,,None,0,0,,76,Auckland,Nil,,,,,0,0,Open,0,,,Fine,Null
1745309.0855,5917365.4694,870455,,510800,0,,0,0,,Null,2023/2024,HENDERSON VALLEY ROAD,STEVIES LANE,,Minor Crash,No,2024,,North,,0,,Flat,,,,,,Bright sun,241500,1,0,0,2,,,0,,,1,,,Auckland Region,Nil,2-way,Sealed,,0,0,,50,,Off,0,0,,76,Auckland,Stop,,,,,0,1,Urban,0,,,Fine,Null
1762385.1539,5913324.9994,870457,,520402,0,,0,1,,South,2023/2024,SOUTHERN MOTORWAY,PENROSE OBR,,Non-Injury Crash,Yes,2024,,South,,0,,Flat,,,,,,Dark,642200,0,0,0,3,,,0,,,,,,Auckland Region,Nil,1-way,Sealed,,0,0,,100,,On,1,0,,76,Auckland,Nil,,,,,0,0,Open,0,,,Fine,Null
1740535.2643,5946429.8253,870459,,506614,0,0,0,0,0,North,2023/2024,WAITOKI ROAD,COLGAN LANE,,Minor Crash,No,2024,0,South,1,0,1,Flat,0,,0,,0,Overcast,177500,1,0,0,2,0,0,1,0,0,,0,0,Auckland Region,Nil,2-way,Sealed,0,0,0,0,100,0,None,0,0,,76,Auckland,Nil,0,0,0,0,1,0,Open,0,0,0,Fine,Null
1767105.2821,5905533.9626,870463,,522400,0,,0,2,,Null,2023/2024,GREAT SOUTH ROAD,PUHINUI ROAD,,Non-Injury Crash,No,2023,,South,,0,,Flat,,Christmas New Year,,,,Dark,671200,0,0,0,3,,,0,,,,,,Auckland Region,Nil,2-way,Sealed,,0,0,,50,,On,0,1,,76,Auckland,Traffic Signals,,,,,0,0,Urban,0,,,Fine,Null
1771170.5716,5896245.1378,870465,,521201,0,,0,0,,North,2022/2023,SOUTHERN MOTORWAY,PAPAKURA ON RAMP,,Non-Injury Crash,Yes,2023,,North,,0,,Flat,,,,,,Dark,806604,0,0,0,3,,,0,,,,,,Auckland Region,Nil,1-way,Sealed,,0,0,,100,,On,1,0,,76,Auckland,Nil,,,,,0,0,Open,1,,,Fine,Null
1765723.8558,5917991.597,870466,,517001,0,0,0,2,0,Null,2024/2025,WEST TAMAKI ROAD,LINE ROAD,,Non-Injury Crash,No,2025,0,West,0,0,0,Null,0,,0,,0,Bright sun,470800,0,0,0,2,0,0,0,0,1,,0,0,Auckland Region,Nil,2-way,Sealed,0,0,0,0,50,0,Null,0,0,,76,Auckland,Stop,0,0,0,0,0,0,Urban,0,0,0,Fine,Null
1748532.3056,5913079.9516,870471,,511401,0,,0,2,,Null,2023/2024,TITIRANGI ROAD,PARKER AVENUE,,Non-Injury Crash,No,2023,,West,,0,,Flat,,,,,,Bright sun,263900,0,0,0,3,,,0,,,,,,Auckland Region,Nil,2-way,Sealed,,0,0,,50,,Off,0,0,,76,Auckland,Give way,,,,,0,0,Urban,0,,,Fine,Null
1759022.3392,5912201.6685,870472,,519820,0,,0,2,,Null,2022/2023,ONEHUNGA MALL,CHURCH STREET,,Non-Injury Crash,No,2023,,South,,0,,Hill Road,,,,,,Overcast,601100,0,0,0,2,,,0,,,,,,Auckland Region,Nil,2-way,Sealed,,0,0,,50,,Off,0,0,,76,Auckland,Give way,,,,,0,0,Urban,0,,,Fine,Null
1745798.0633,5919485.9363,870474,,513301,0,0,0,3,0,North,2024/2025,CENTRAL PARK DRIVE,CLEMWAY PLACE,,Non-Injury Crash,No,2025,0,South,0,0,0,Flat,0,,0,,0,Overcast,230602,0,0,0,2,0,0,0,0,1,,0,0,Auckland Region,Nil,2-way,Sealed,0,0,0,0,50,0,Off,0,0,,76,Auckland,Nil,0,0,0,0,0,0,Urban,0,0,0,Fine,Null
1745697.1193,5924925.0995,870475,,513522,0,0,0,0,0,North,2023/2024,HOBSONVILLE ROAD,WESTPARK DRIVE,,Serious Crash,No,2024,0,North,0,0,1,Flat,0,,0,,0,Dark,224107,0,0,0,2,0,0,0,0,0,,0,0,Auckland Region,Nil,2-way,Sealed,0,0,1,0,50,0,On,0,0,,76,Auckland,Nil,0,0,0,0,1,0,Urban,0,0,0,Fine,Null
1766251.7158,5901270.1636,870480,,524711,0,0,0,1,0,North,2022/2023,NINA PLACE,BURBANK AVENUE,,Non-Injury Crash,No,2023,0,North,0,0,0,Flat,0,,1,,0,Overcast,775500,0,0,0,2,0,0,0,0,0,,0,0,Auckland Region,Nil,2-way,Sealed,0,0,0,0,50,0,Off,0,0,,76,Auckland,Nil,0,0,0,0,0,0,Urban,0,0,0,Fine,Null
1754138.0087,5933120.6843,870481,,508805,0,0,0,1,0,West,2023/2024,ROSEDALE ROAD,APOLLO DRIVE,,Non-Injury Crash,No,2024,0,North,0,0,0,Flat,0,,0,,0,Dark,180866,0,0,0,2,0,0,0,0,0,,0,0,Auckland Region,Nil,2-way,Sealed,0,0,0,0,50,0,On,0,0,,76,Auckland,Nil,0,1,0,0,0,0,Urban,0,0,0,Fine,Null
1753142.3867,5911191.6065,870486,,518902,0,0,1,1,0,West,2024/2025,HALSEY DRIVE,SYLVANIA CRESCENT,,Non-Injury Crash,No,2024,0,East,0,0,0,Null,0,,0,,0,Bright sun,588402,0,0,0,2,0,0,0,0,1,,0,0,Auckland Region,Nil,2-way,Sealed,0,0,0,0,50,0,Null,0,0,,76,Auckland,Nil,0,0,0,0,0,0,Urban,0,0,0,Fine,Null
1759115.1858,5884252.6703,870489,,521152,0,0,0,0,0,West,2024/2025,GLENBROOK ROAD,MAUKU BR,,Serious Crash,No,2024,0,West,0,0,1,Hill Road,0,,0,,0,Bright sun,812500,0,0,0,2,0,0,0,0,0,,0,0,Auckland Region,Nil,2-way,Sealed,0,0,1,0,80,0,None,0,0,,76,Auckland,Nil,0,0,0,0,0,0,Open,1,0,0,Fine,Null
1751860.9602,5935848.5753,870501,,506300,0,0,0,1,1,East,2023/2024,LONELY TRACK ROAD,ALBANY HEIGHTS ROAD,,Minor Crash,No,2024,0,West,0,0,0,Flat,0,,0,,0,Overcast,176101,1,0,0,2,0,0,0,0,0,,0,0,Auckland Region,Nil,2-way,Sealed,0,0,0,0,50,0,None,0,0,,76,Auckland,Nil,0,0,0,0,0,0,Urban,0,0,0,Fine,Null
1765813.6745,5906840.0599,870502,,522301,0,0,0,1,0,East,2024/2025,HOTEO AVENUE,GREAT SOUTH ROAD,,Minor Crash,No,2025,0,West,0,0,0,Flat,0,,0,,0,Dark,666900,1,0,0,2,0,0,0,0,0,,0,0,Auckland Region,Nil,2-way,Sealed,0,0,0,0,50,0,On,0,0,,76,Auckland,Nil,0,0,0,1,0,0,Urban,0,0,0,Heavy rain,Null
1759853.0265,5908718.252,870507,,524121,0,0,0,1,0,South,2024/2025,SOUTH-WESTERN MOTORWAY,WALMSLEY OBR,,Non-Injury Crash,Yes,2024,0,North,0,0,0,Flat,1,,0,,0,Dark,737000,0,0,0,3,0,0,0,0,0,,0,0,Auckland Region,Underpass,1-way,Sealed,0,0,0,0,100,0,On,0,0,,76,Auckland,Nil,0,0,0,0,0,0,Open,0,0,0,Fine,Null
1771524.9233,5907761.6995,870509,,523116,0,,0,1,,Null,2023/2024,GRACECHURCH DRIVE,JEFFS ROAD,,Minor Crash,No,2024,,West,,0,,Flat,,,,,,Bright sun,712206,1,0,0,2,,,0,,,1,,,Auckland Region,Nil,2-way,Sealed,,0,0,,50,,Off,0,0,,76,Auckland,Give way,,,,,0,0,Urban,0,,,Fine,Frost
1774835.2789,5897387.3152,870518,,525610,0,,0,2,,Null,2024/2025,DOMINION ROAD,PAPAKURA-CLEVEDON ROAD,,Non-Injury Crash,No,2025,,North,,0,,Flat,,,,,,Dark,799400,0,0,0,2,,,0,,,,,,Auckland Region,Nil,2-way,Sealed,,0,0,,50,,On,0,0,,76,Auckland,Give way,,,,,0,0,Urban,0,,,Fine,Null
1756167.3188,5920086.3493,870525,,514000,0,,0,2,,Null,2023/2024,WELLINGTON STREET,HEPBURN STREET,,Non-Injury Crash,No,2023,,East,,0,,Hill Road,,,,,,Bright sun,415300,0,0,0,4,,,0,,,,,,Auckland Region,Nil,2-way,Sealed,,0,0,,40,,Off,0,0,,76,Auckland,Traffic Signals,,,,,0,0,Urban,0,,,Fine,Null
1762730.8046,5908081.3545,870527,,524530,0,0,0,1,0,East,2024/2025,VINE STREET,CLEEK ROAD,,Minor Crash,No,2025,0,West,0,0,0,Flat,0,,0,,0,Dark,732603,2,0,0,2,0,0,0,0,1,,0,0,Auckland Region,Nil,2-way,Sealed,0,0,0,0,30,0,On,1,0,,76,Auckland,Nil,0,0,0,0,0,0,Urban,0,0,0,Fine,Null
1759006.4624,5912390.5415,870530,,519820,0,0,0,1,0,South,2024/2025,ONEHUNGA MALL,ARTHUR STREET,,Non-Injury Crash,No,2025,0,North,0,0,0,Null,0,,0,,0,Bright sun,601000,0,0,0,2,0,0,0,0,1,,0,0,Auckland Region,Nil,2-way,Null,0,0,0,0,50,0,Null,1,0,,76,Auckland,Nil,0,0,0,0,0,0,Urban,0,0,0,Fine,Null
1757975.2271,5927299.1433,870534,,508010,0,,0,2,,Null,2024/2025,THE TERRACE,ANZAC STREET,,Non-Injury Crash,No,2025,,South,,0,,Flat,,,,,,Overcast,327300,0,0,0,2,,,0,,,,,,Auckland Region,Nil,2-way,Sealed,,0,0,,30,,Off,0,0,,76,Auckland,Give way,,,,,0,0,Urban,0,,,Fine,Null
1754110.6941,5920413.8005,870535,,515301,0,0,0,2,0,South,2024/2025,WEST END ROAD,JERVOIS ROAD,,Non-Injury Crash,No,2024,0,West,0,0,0,Hill Road,0,,0,,0,Bright sun,426200,0,0,0,2,0,0,0,0,1,,0,0,Auckland Region,Nil,2-way,Sealed,0,0,0,0,50,0,Null,1,0,,76,Auckland,Nil,0,0,0,0,0,0,Urban,0,0,0,Fine,Null
1769732.9076,5914220.8342,870557,,522722,0,0,0,3,0,South,2022/2023,AVIEMORE DRIVE,HIGHLAND PARK DRIVE,,Non-Injury Crash,No,2023,0,South,0,0,0,Flat,0,,0,,0,Dark,681324,0,0,0,2,0,0,0,0,1,,0,0,Auckland Region,Nil,2-way,Unsealed,0,0,0,0,60,0,On,0,0,,76,Auckland,Nil,0,0,0,0,0,0,Urban,1,0,0,Fine,Frost
1767408.1475,5907644.4999,870559,,523502,0,,0,2,,Null,2022/2023,EAST TAMAKI ROAD,FERGUSON ROAD,,Non-Injury Crash,No,2023,,East,,0,,Flat,,,,,,Overcast,701900,0,0,0,5,,,0,,,,,,Auckland Region,Nil,2-way,Sealed,,0,0,,60,,Null,0,0,,76,Auckland,Traffic Signals,,,,,0,0,Urban,0,,,Fine,None
1769510.6395,5907411.1003,870565,,523712,0,,0,1,,Null,2023/2024,ORMISTON ROAD,MICHAEL JONES DRIVE,,Non-Injury Crash,No,2024,,West,,0,,Flat,,,,,,Overcast,712803,0,0,0,3,,,0,,,,,,Auckland Region,Nil,2-way,Sealed,,0,0,,60,,Off,0,0,,76,Auckland,Give way,,,,,0,0,Urban,1,,,Fine,Null
1767018.9338,5905682.124,870571,,522302,0,,0,1,,North,2024/2025,CASPAR ROAD,GREAT SOUTH ROAD,,Non-Injury Crash,No,2024,,South,,0,,Flat,,,,,,Bright sun,670600,0,0,0,2,,,0,,,,,,Auckland Region,Nil,2-way,Sealed,,0,0,,50,,Off,1,0,,76,Auckland,Nil,,,,,0,0,Urban,0,,,Fine,Null
1743371.3378,5923674.3433,870575,,513511,0,,0,0,,South,2024/2025,DON BUCK ROAD,FRED TAYLOR DRIVE,,Non-Injury Crash,No,2024,,South,,0,,Null,,,,,,Bright sun,224306,0,0,0,1,,,0,,,,,,Auckland Region,Nil,1-way,Null,,0,0,,50,,Null,1,0,,76,Auckland,Nil,,,,,0,0,Urban,1,,,Fine,Null
1770200.7185,5909058.8049,870576,,523114,0,0,0,1,0,West,2023/2024,GRACECHURCH DRIVE,BALTERSAN DRIVE,,Minor Crash,No,2023,0,East,0,0,0,Flat,0,,1,,0,Bright sun,712136,2,0,0,2,0,0,0,0,0,,0,0,Auckland Region,Nil,2-way,Sealed,0,0,0,0,50,0,None,0,0,,76,Auckland,Nil,0,0,0,0,0,0,Urban,0,0,0,Fine,Null
1760137.0571,5915909.6506,870579,15,516003,0,,0,2,,Null,2024/2025,GREEN LANE EAST OFF RAMP,GREEN LANE EAST,,Non-Injury Crash,No,2024,,North,,0,,Flat,,,,,,Overcast,494902,0,0,0,2,,,0,,,,,,Auckland Region,Motorway ramp,1-way,Sealed,,0,0,,50,,Off,0,0,,76,Auckland,Give way,,,,,0,0,Urban,0,,,Light rain,Null
1751314.9196,5917087.5934,870585,,514900,0,,0,1,,Null,2024/2025,FIR STREET,SEASIDE AVENUE,,Minor Crash,No,2025,,South,,0,,Flat,,,,,,Bright sun,384500,1,0,1,2,,,0,,,,,,Auckland Region,Nil,2-way,Sealed,,0,0,,50,,Off,0,0,,76,Auckland,Nil,,,,,0,0,Urban,0,,,Fine,Null
1758801.3378,5912409.4311,870590,,519810,0,,0,2,,Null,2025/2026,SELWYN STREET,ARTHUR STREET,,Minor Crash,No,2025,,North,,0,,Hill Road,,,,,,Bright sun,599000,1,0,0,2,,,0,,,,,,Auckland Region,Nil,2-way,Sealed,,0,0,,50,,Off,0,0,,76,Auckland,Stop,,,,,0,0,Urban,1,,,Fine,Null
1772946.6872,5891242.1973,870591,,521301,0,,0,1,,South,2023/2024,SOUTHERN MOTORWAY,KARAKA OBR,,Non-Injury Crash,Yes,2024,,North,,0,,Flat,,Christmas New Year,,,,Bright sun,809200,0,0,0,2,,,0,,,,,,Auckland Region,Nil,1-way,Sealed,,0,0,,100,,Off,0,0,,76,Auckland,Nil,,,,,0,0,Open,2,,,Fine,Frost
1762149.0323,5906191.4566,870593,,524200,0,0,0,2,0,South,2023/2024,SOUTH-WESTERN MOTORWAY,MASSEY ROAD OFF RAMP,,Minor Crash,Yes,2024,0,North,0,0,0,Flat,1,,0,,0,Twilight,728900,1,0,0,2,0,0,0,0,0,,0,0,Auckland Region,Nil,1-way,Sealed,0,0,0,0,100,0,On,0,0,,76,Auckland,Nil,0,0,0,0,0,0,Open,0,0,0,Fine,Null
1770039.6602,5898466.8338,870599,,523920,0,0,0,1,0,East,2024/2025,WALTER STREVENS DRIVE,BRYLEE DRIVE,,Minor Crash,No,2024,0,East,0,0,0,Flat,0,,0,,0,Bright sun,767911,1,0,0,2,0,0,0,0,0,,0,0,Auckland Region,Nil,2-way,Sealed,0,0,0,0,50,0,Off,0,0,,76,Auckland,Nil,0,0,0,1,0,0,Urban,0,0,0,Fine,Null
1763041.1596,5905316.6845,870602,,524200,0,,0,2,,South,2024/2025,SOUTH-WESTERN MOTORWAY,PORTAGE OBR,,Non-Injury Crash,Yes,2025,,North,,0,,Flat,,,,,,Dark,728900,0,0,0,2,,,0,,,,,,Auckland Region,Nil,1-way,Sealed,,0,0,,100,,On,0,0,,76,Auckland,Nil,,,,,0,0,Open,0,,,Fine,Null
1770531.0993,5906741.0674,870605,,523713,0,0,0,2,0,East,2023/2024,KERRYKEEL DRIVE,KILLARNEY DRIVE,,Non-Injury Crash,No,2023,0,East,0,0,0,Flat,0,,0,,0,Overcast,713100,0,0,0,2,0,0,0,0,1,,0,0,Auckland Region,Nil,2-way,Sealed,0,0,0,0,50,0,Off,0,0,,76,Auckland,Nil,0,0,0,0,0,0,Urban,1,0,0,Fine,Null
1756785.4875,5919725.7896,870614,,514102,0,,0,0,,Null,2025/2026,PITT STREET,HOPETOUN STREET,,Minor Crash,No,2025,,South,,0,,Hill Road,,,,,,Dark,435100,1,0,0,6,,,0,,,1,,,Auckland Region,Nil,2-way,Sealed,,0,0,,30,,On,0,0,,76,Auckland,Traffic Signals,,,,,0,0,Urban,1,,,Fine,Null
1763493.5529,5912755.4881,870621,,520500,0,0,0,1,0,East,2023/2024,SOUTHERN MOTORWAY,MOUNT WELLINGTON HWY OFF RAMP,,Non-Injury Crash,Yes,2024,0,East,0,0,0,Flat,1,,0,,0,Dark,637400,0,0,0,3,0,0,0,0,0,,0,0,Auckland Region,Nil,1-way,Sealed,0,0,0,0,100,0,On,0,0,,76,Auckland,Nil,0,0,0,0,1,0,Open,0,0,0,Fine,Null
1752313.6905,5925016.6447,870622,,510401,0,0,0,1,0,South,2024/2025,WAIPA STREET,KAURI ROAD,,Non-Injury Crash,No,2025,0,North,0,0,0,Hill Road,0,,0,,0,Dark,354500,0,0,0,2,0,0,0,0,1,,0,0,Auckland Region,Nil,2-way,Sealed,0,0,0,0,50,0,On,1,0,,76,Auckland,Nil,0,0,0,0,0,0,Urban,0,0,0,Fine,Null
1742603.7389,5930679.8218,870625,,505603,0,0,0,2,0,East,2023/2024,YORK TERRACE,GEORGE STREET,,Non-Injury Crash,No,2023,0,South,0,0,0,Flat,0,,0,,0,Overcast,213502,0,0,0,2,0,0,0,0,1,,0,0,Auckland Region,Nil,2-way,Sealed,0,0,0,0,50,0,Off,0,0,,76,Auckland,Nil,0,0,0,0,0,0,Urban,0,0,0,Light rain,Null
1744799.6437,5917921.5386,870631,,510700,0,,0,2,,South,2023/2024,SWANSON ROAD,STURGES ROAD,,Non-Injury Crash,No,2023,,West,,0,,Flat,,,,,,Dark,239501,0,0,0,3,,,0,,,,,,Auckland Region,Nil,2-way,Sealed,,0,0,,50,,On,1,0,,76,Auckland,Nil,,,,,0,0,Urban,0,,,Light rain,Null
1756426.9736,5927793.8704,870632,,507900,0,,0,1,,Null,2023/2024,TAHAROTO ROAD,SHAKESPEARE ROAD,,Minor Crash,No,2023,,North,,0,,Flat,,,,,,Overcast,305202,1,0,0,4,,,0,,,,,,Auckland Region,Nil,2-way,Sealed,,0,0,,50,,On,0,0,,76,Auckland,Traffic Signals,,,,,0,0,Urban,1,,,Fine,Null
1769781.9146,5901888.7442,870635,,523814,0,,0,1,,Null,2023/2024,HILL ROAD,NORM PELLOW DRIVE,,Non-Injury Crash,No,2023,,West,,0,,Flat,,,,,,Bright sun,759509,0,0,0,2,,,0,,,,,,Auckland Region,Nil,2-way,Sealed,,0,0,,50,,Off,1,0,,76,Auckland,Give way,,,,,0,0,Urban,0,,,Fine,Null
1761354.72,5914257.2623,870637,,520202,0,,0,2,,Null,2023/2024,ELLERSLIE-PANMURE HIGHWAY,ELLERSLIE-PANMURE HWY ON RAMP,,Non-Injury Crash,No,2023,,North,,0,,Flat,,,,,,Overcast,612100,0,0,0,2,,,0,,,,,,Auckland Region,Motorway ramp,1-way,Sealed,,0,0,,50,,Off,0,0,,76,Auckland,Give way,,,,,0,0,Urban,0,,,Fine,Null
1754056.7733,5914069.828,870640,,518802,0,,0,1,,Null,2023/2024,SOUTH-WESTERN MOTORWAY,MAIORO STREET ON RAMP,,Non-Injury Crash,Yes,2023,,South,,0,,Flat,,,,,,Bright sun,579000,0,0,0,3,,,0,,,,,,Auckland Region,Nil,1-way,Sealed,,0,0,,100,,Off,0,0,,76,Auckland,Nil,,,,,0,1,Open,0,,,Fine,Null
1757200.1687,5918404.4394,870642,,514302,0,,0,2,,Null,2024/2025,BOSTON ROAD,NUGENT STREET,,Non-Injury Crash,No,2024,,West,,0,,Null,,Christmas New Year,,,,Unknown,442000,0,0,0,1,,,0,,,,,,Auckland Region,Nil,1-way,Null,,0,0,,50,,Null,0,0,,76,Auckland,Give way,,,,,0,0,Urban,0,,,Fine,Null
1774469.6217,5897368.0492,870657,,525630,0,0,0,2,0,West,2024/2025,CLEVEDON ROAD,BRIGHTWELL STREET,,Non-Injury Crash,No,2024,0,West,0,0,0,Flat,0,,0,,0,Dark,796100,0,0,0,2,0,0,0,0,1,,0,0,Auckland Region,Nil,2-way,Sealed,0,0,0,0,50,0,On,0,0,,76,Auckland,Nil,0,0,0,0,0,0,Urban,0,0,0,Fine,Null
1754902.4693,5914200.7328,870664,,518803,0,0,0,2,0,South,2022/2023,MEMORIAL AVENUE,MAY ROAD,,Non-Injury Crash,No,2023,0,East,0,0,0,Flat,0,,0,,0,Bright sun,580000,0,0,0,2,0,0,0,0,1,,0,0,Auckland Region,Nil,2-way,Sealed,0,0,0,0,50,0,On,0,0,,76,Auckland,Nil,0,0,0,0,0,0,Urban,0,0,0,Fine,Null
1762076.5531,5906875.7601,870665,,524302,0,,0,1,,Null,2024/2025,MASSEY ROAD,JAMES STREET,,Non-Injury Crash,No,2024,,East,,0,,Flat,,,,,,Bright sun,743200,0,0,0,2,,,0,,,,,,Auckland Region,Nil,2-way,Sealed,,0,0,,50,,Off,1,0,,76,Auckland,Stop,,,,,0,0,Urban,0,,,Fine,Null
1765359.235,5909217.8737,870667,,523402,0,,0,3,,North,2023/2024,SOUTHERN MOTORWAY,HIGHBROOK DRIVE OFF RAMP,,Non-Injury Crash,Yes,2024,,South,,0,,Flat,,,,,,Overcast,696900,0,0,0,4,,,0,,,,,,Auckland Region,Motorway ramp,1-way,Sealed,,0,0,,100,,Off,0,0,,76,Auckland,Nil,,,,,0,0,Open,0,,,Fine,Null
1765528.4351,5887087.5744,870682,,521122,0,,0,1,,Null,2024/2025,GLENBROOK ROAD,OSTRICH ROAD,,Non-Injury Crash,No,2024,,West,,0,,Flat,,,,,,Dark,813100,0,0,0,2,,,0,,,,,,Auckland Region,Nil,2-way,Sealed,,0,0,,80,,None,0,0,,76,Auckland,Give way,,,,,0,0,Open,1,,,Fine,Null
1745341.2342,5913241.6519,870689,,512906,0,,0,0,,East,2022/2023,SOLAR ROAD,SUNVUE ROAD,,Non-Injury Crash,No,2023,,East,,0,,Flat,,,,,,Overcast,278514,0,0,1,2,,,0,,,,,,Auckland Region,Speed hump,2-way,Sealed,,0,0,,50,,Off,0,0,,76,Auckland,Nil,,,,,0,0,Urban,0,,,Fine,Null