X,Y,OBJECTID,advisorySpeed,areaUnitID,bicycle,bridge,bus,carStationWagon,cliffBank,crashDirectionDescription,crashFinancialYear,crashLocation1,crashLocation2,crashRoadSideRoad,crashSeverity,crashSHDescription,crashYear,debris,directionRoleDescription,ditch,fatalCount,fence,flatHill,guardRail,holiday,houseOrBuilding,intersection,kerb,light,meshblockId,minorInjuryCount,moped,motorcycle,NumberOfLanes,objectThrownOrDropped,otherObject,otherVehicleType,overBank,parkedVehicle,pedestrian,phoneBoxEtc,postOrPole,region,roadCharacter,roadLane,roadSurface,roadworks,schoolBus,seriousInjuryCount,slipOrFlood,speedLimit,strayAnimal,streetLight,suv,taxi,temporarySpeedLimit,tlaId,tlaName,trafficControl,trafficIsland,trafficSign,train,tree,truck,unknownVehicleType,urban,vanOrUtility,vehicle,waterRiver,weatherA,weatherB
1755388.8148,5922010.2766,870695,,515202,0,,0,2,,North,2023/2024,NORTHERN MOTORWAY,HARBOUR BR S,,Non-Injury Crash,Yes,2024,,North,,0,,Hill Road,,,,,,Bright sun,423600,0,0,0,2,,,0,,,,,,Auckland Region,Bridge,1-way,Sealed,,0,0,,80,,Off,1,0,,76,Auckland,Nil,,,,,0,0,Open,0,,,Fine,Null
1757049.6962,5920499.1489,870698,,514102,0,,0,1,,South,2023/2024,HOBSON STREET,VICTORIA STREET WEST,,Non-Injury Crash,No,2024,,South,,0,,Flat,,,,,,Bright sun,433801,0,0,0,4,,,0,,,,,,Auckland Region,Nil,1-way,Sealed,,0,0,,50,,Off,0,0,,76,Auckland,Nil,,,,,0,0,Urban,0,,,Fine,None
1769440.3382,5901895.2931,870702,25,524901,0,,0,2,,Null,2023/2024,GRANDE VUE ROAD,HILL ROAD ON RAMP,,Non-Injury Crash,No,2024,,South,,0,,Hill Road,,,,,,Bright sun,755600,0,0,0,2,,,0,,,,,,Auckland Region,Motorway ramp,2-way,Sealed,,0,0,,50,,Off,0,0,,76,Auckland,Give way,,,,,0,0,Urban,0,,,Fine,Null
1763304.1044,5911593.9298,870709,,520500,0,,1,1,,North,2022/2023,GREAT SOUTH ROAD,VESTEY DRIVE,,Non-Injury Crash,No,2023,,North,,0,,Flat,,,,,,Bright sun,637601,0,0,0,4,,,0,,,,,,Auckland Region,Nil,2-way,Sealed,,0,0,,50,,Off,0,0,,76,Auckland,Nil,,,,,0,0,Urban,0,,,Fine,Null
1761102.8865,5906109.95,870711,,524200,0,0,0,1,0,East,2023/2024,MASSEY ROAD,PRANGLEY AVENUE,,Non-Injury Crash,No,2023,0,West,0,0,0,Flat,0,,0,,0,Unknown,728200,0,0,0,2,0,0,0,0,1,,0,0,Auckland Region,Nil,2-way,Sealed,0,0,0,0,50,0,Null,0,0,,76,Auckland,Nil,0,0,0,0,0,0,Urban,0,0,0,Fine,None
1764588.6493,5905895.8785,870713,,522100,0,0,0,2,0,Null,2023/2024,HILLCREST ROAD,STATION ROAD,,Minor Crash,No,2023,0,North,0,0,0,Flat,0,,0,,1,Dark,657700,2,0,0,2,0,0,0,0,0,,0,0,Auckland Region,Nil,2-way,Sealed,0,0,0,0,50,0,On,0,0,,76,Auckland,Stop,0,0,0,0,0,0,Urban,0,0,0,Light rain,Null
1751185.3535,5931644.5757,870715,,508806,0,0,0,1,0,North,2024/2025,ALBANY HIGHWAY,KNIGHTS ROAD,,Non-Injury Crash,No,2024,0,North,0,0,1,Flat,0,,0,,0,Dark,180101,0,0,0,4,0,0,0,0,0,,0,0,Auckland Region,Nil,2-way,Sealed,0,0,0,0,50,0,On,0,0,,76,Auckland,Nil,0,0,0,0,0,0,Urban,0,0,0,Fine,Null
1758223.8437,5920136.5333,870718,,514103,0,,0,2,,South,2024/2025,STANLEY STREET,PARNELL RISE,,Non-Injury Crash,Yes,2024,,Null,,0,,Null,,,,,,Unknown,438203,0,0,0,0,,,0,,,,,,Auckland Region,Nil,Null,Null,,0,0,,,,Null,0,0,,76,Auckland,Nil,,,,,0,0,Urban,0,,,Null,Null
1765343.0901,5913343.2265,870722,,520500,0,,0,5,,East,2024/2025,PAKURANGA HIGHWAY,PAKURANGA BR W,,Minor Crash,No,2025,,East,,0,,Flat,,,,,,Bright sun,638908,1,0,0,4,,,0,,,,,,Auckland Region,Bridge,2-way,Sealed,,0,0,,80,,Off,0,0,,76,Auckland,Nil,,,,,0,0,Open,0,,,Fine,Null
1754201.8403,5936615.0999,870723,,506902,0,,0,2,,South,2023/2024,KATE SHEPPARD AVENUE,HELEN RYBURN PLACE,,Non-Injury Crash,No,2023,,North,,0,,Hill Road,,,,,,Overcast,166600,0,0,0,2,,,0,,,,,,Auckland Region,Nil,2-way,Sealed,,0,0,,50,,Null,0,0,,76,Auckland,Nil,,,,,0,0,Urban,0,,,Fine,Null
1756232.5081,5934469.2154,870726,,507200,0,0,0,2,0,West,2024/2025,SANDOWN ROAD,ROTHESAY BAY ROAD,,Non-Injury Crash,No,2025,0,East,0,0,0,Flat,0,,0,,0,Dark,158200,0,0,0,2,0,0,0,0,0,,0,0,Auckland Region,Speed hump,2-way,Sealed,0,0,0,0,50,0,On,0,0,,76,Auckland,Nil,0,0,0,0,0,0,Urban,0,1,0,Fine,Null
1765380.4842,5909116.5794,870727,,523402,0,,0,1,,South,2022/2023,SOUTHERN MOTORWAY,HIGHBROOK DRIVE ON RAMP,,Non-Injury Crash,Yes,2023,,North,,0,,Flat,,,,,,Dark,696900,0,0,0,3,,,0,,,,,,Auckland Region,Nil,1-way,Sealed,,0,0,,100,,On,0,0,,76,Auckland,Nil,,,,,0,0,Open,1,,,Fine,Null
1757280.4448,5919524.141,870729,,514103,0,0,0,1,0,North,2023/2024,CITY ROAD,SYMONDS STREET,,Non-Injury Crash,No,2023,0,West,0,0,0,Flat,0,,0,,0,Bright sun,436300,0,0,0,2,0,0,0,0,1,,0,0,Auckland Region,Nil,2-way,Sealed,0,0,0,0,30,0,Off,0,0,,76,Auckland,Nil,0,0,0,0,0,1,Urban,0,0,0,Fine,None
1768333.801,5890737.9197,870735,,521202,0,,0,0,,Null,2024/2025,BLACKBRIDGE ROAD,MUIR ROAD,,Non-Injury Crash,No,2024,,North,,0,,Null,,,,,,Overcast,807000,0,0,0,2,,,0,,,,,,Auckland Region,Nil,2-way,Sealed,,0,0,,80,,Null,2,0,,76,Auckland,Give way,,,,,0,0,Open,0,,,Fine,Null
1745566.7409,5917555.9331,870738,,510700,0,,0,2,,Null,2024/2025,SEL PEACOCK DRIVE,ALDERMAN DRIVE,,Non-Injury Crash,No,2025,,East,,0,,Flat,,,,,,Bright sun,239900,0,0,0,2,,,0,,,,,,Auckland Region,Nil,1-way,Sealed,,0,0,,50,,Off,0,0,,76,Auckland,Give way,,,,,0,0,Urban,0,,,Fine,Null
1750314.5274,5913904.6531,870745,,511303,0,0,0,2,0,East,2022/2023,PURIRI STREET,HETANA STREET,,Non-Injury Crash,No,2023,0,North,0,0,0,Flat,0,,0,,0,Twilight,265100,0,0,0,2,0,0,0,0,1,,0,0,Auckland Region,Nil,2-way,Sealed,0,0,0,0,50,0,None,0,0,,76,Auckland,Nil,0,0,0,0,1,0,Urban,0,0,0,Fine,Null
1765643.3388,5908505.1677,870747,,523402,0,,0,1,,Null,2023/2024,SOUTHERN MOTORWAY,HIGHBROOK DRIVE ON RAMP,,Non-Injury Crash,Yes,2024,,South,,0,,Flat,,,,,,Bright sun,696900,0,0,0,3,,,0,,,,,,Auckland Region,Motorway ramp,2-way,Sealed,,0,0,,100,,Off,0,0,,76,Auckland,Nil,,,,,0,0,Open,1,,,Fine,Null
1763331.7897,5920388.4482,870750,,516500,0,,0,2,,Null,2024/2025,TAMAKI DRIVE,PATTESON AVENUE,,Non-Injury Crash,No,2024,,West,,0,,Flat,,,,,,Twilight,500700,0,0,0,3,,,0,,,,,,Auckland Region,Nil,2-way,Sealed,,0,0,,30,,Null,0,0,,76,Auckland,Give way,,,,,0,0,Urban,0,,,Fine,Null
1756520.8057,5926952.3059,870751,,507900,0,,0,2,,North,2023/2024,NORTHERN MOTORWAY,NORTHCOTE ROAD ON RAMP,,Non-Injury Crash,Yes,2024,,South,,0,,Flat,,,,,,Bright sun,303502,0,0,0,3,,,0,,,,,,Auckland Region,Nil,1-way,Sealed,,0,0,,100,,Off,0,0,,76,Auckland,Nil,,,,,0,0,Open,0,,,Fine,Null
1769126.878,5900629.506,870757,,524902,0,0,0,2,0,East,2023/2024,MCANNALLEY STREET,GREAT SOUTH ROAD,,Non-Injury Crash,No,2024,0,East,0,0,0,Flat,0,,0,,0,Overcast,758400,0,0,0,2,0,0,0,0,1,,0,0,Auckland Region,Nil,2-way,Sealed,0,0,0,0,50,0,Off,0,0,,76,Auckland,Nil,0,0,0,0,0,0,Urban,0,0,0,Light rain,Null
1765688.0504,5906800.3348,870761,,522301,0,,0,2,,North,2023/2024,GREAT SOUTH ROAD,HOTEO AVENUE,,Non-Injury Crash,No,2023,,North,,0,,Flat,,,,,,Bright sun,666900,0,0,0,2,,,0,,,,,,Auckland Region,Nil,2-way,Sealed,,0,0,,50,,Off,0,0,40,76,Auckland,Nil,,,,,0,0,Urban,0,,,Fine,Null
1732811.5598,5948070.9946,870765,,506646,0,0,0,1,0,West,2023/2024,KAIPARA COAST HIGHWAY,KANOHI ROAD,,Non-Injury Crash,Yes,2024,0,East,1,0,0,Hill Road,0,Easter,0,,0,Bright sun,212503,0,0,0,2,0,0,0,0,0,,0,0,Auckland Region,Nil,2-way,Sealed,0,0,0,0,100,0,Off,0,0,,76,Auckland,Nil,0,0,0,0,0,0,Open,1,0,0,Fine,Null
1764196.8726,5914454.1362,870768,,520303,0,,0,2,,North,2023/2024,MOUNT WELLINGTON HIGHWAY,MALONE ROAD,,Non-Injury Crash,No,2023,,North,,0,,Flat,,,,,,Bright sun,627500,0,0,0,4,,,0,,,,,,Auckland Region,Nil,2-way,Sealed,,0,0,,50,,Off,0,0,,76,Auckland,Nil,,,,,0,0,Urban,0,,,Fine,Null
1755034.3574,5918301.6281,870771,,515500,0,,0,1,,East,2023/2024,NORTH-WESTERN MOTORWAY,MOUNTAIN VIEW OBR,,Serious Crash,Yes,2023,,East,,0,,Flat,,,,,,Bright sun,418800,1,0,0,5,,,0,,,,,,Auckland Region,Nil,1-way,Sealed,,0,1,,80,,Off,0,0,,76,Auckland,Nil,,,,,1,0,Open,0,,,Fine,Null
1719843.0155,5947163.2683,870775,,506642,0,0,0,0,0,North,2023/2024,SOUTH HEAD ROAD,SLATER ROAD,,Minor Crash,No,2023,0,North,1,0,0,Hill Road,0,Christmas New Year,0,,0,Overcast,210301,1,0,1,2,0,0,0,0,0,,0,0,Auckland Region,Nil,2-way,Sealed,0,0,0,0,100,0,None,0,0,,76,Auckland,Nil,0,1,0,0,0,0,Open,0,0,0,Fine,Null
1760004.6127,5913022.1254,870782,,520000,0,,0,2,,Null,2024/2025,CURZON STREET,NAMATA ROAD,,Non-Injury Crash,No,2024,,North,,0,,Null,,,,,,Dark,605500,0,0,0,2,,,0,,,,,,Auckland Region,Nil,2-way,Sealed,,0,0,,50,,On,0,0,,76,Auckland,Stop,,,,,0,0,Urban,0,,,Fine,Null
1770243.9464,5911074.9462,870785,,523109,0,,0,1,,North,2024/2025,TE IRIRANGI DRIVE,TOWN CENTRE DRIVE,,Non-Injury Crash,No,2024,,South,,0,,Flat,,,,,,Dark,711709,0,0,0,3,,,0,,,,,,Auckland Region,Nil,1-way,Sealed,,0,0,,50,,On,1,0,,76,Auckland,Nil,,,,,0,0,Urban,0,,,Fine,Null
1760286.9767,5912744.1055,870786,,520000,0,,0,1,,Null,2024/2025,MAYS ROAD,CAPTAIN SPRINGS ROAD,,Non-Injury Crash,No,2024,,East,,0,,Flat,,,,,,Bright sun,606100,0,0,0,3,,,0,,,,,,Auckland Region,Nil,2-way,Sealed,,0,0,,50,,Off,0,0,,76,Auckland,Traffic Signals,,,,,1,0,Urban,0,,,Fine,Null
1754956.5684,5928609.2295,870787,,508320,0,,0,3,,South,2024/2025,HILLSIDE ROAD,POLAND ROAD,,Minor Crash,No,2024,,South,,0,,Hill Road,,,,,,Bright sun,196700,1,0,0,2,,,0,,,,,,Auckland Region,Nil,2-way,Sealed,,0,0,,50,,Off,0,0,,76,Auckland,Nil,,,,,0,0,Urban,0,,,Fine,Null
1744290.9498,5923006.4757,870789,,513511,0,,0,2,,North,2023/2024,NORTH-WESTERN MOTORWAY,ROYAL OBR,,Non-Injury Crash,Yes,2024,,North,,0,,Hill Road,,,,,,Overcast,224303,0,0,0,2,,,0,,,,,,Auckland Region,Nil,1-way,Sealed,,0,0,,100,,Off,0,0,,76,Auckland,Nil,,,,,0,0,Open,0,,,Fine,Null
1746697.5564,5918056.6603,870794,,512500,0,0,0,1,0,Null,2024/2025,CONISTON AVENUE,TE ATATU ROAD,,Non-Injury Crash,No,2025,0,West,0,0,0,Flat,0,,0,,1,Dark,258400,0,0,0,2,0,0,0,0,0,,0,0,Auckland Region,Nil,2-way,Sealed,0,0,0,0,30,0,On,0,0,,76,Auckland,Give way,0,0,0,0,0,0,Urban,0,0,0,Heavy rain,Strong wind
1767175.4289,5904778.2027,870795,,524604,0,,0,2,,East,2022/2023,CAVENDISH DRIVE,SHARKEY STREET,,Non-Injury Crash,No,2023,,East,,0,,Flat,,,,,,Bright sun,780209,0,0,0,4,,,0,,,,,,Auckland Region,Nil,2-way,Sealed,,0,0,,50,,On,0,0,,76,Auckland,Nil,,,,,0,0,Urban,0,,,Fine,None
1747647.8062,5914571.7603,870797,,511100,0,,0,1,,West,2023/2024,GREAT NORTH ROAD,PALM COURT DRIVE,,Non-Injury Crash,No,2023,,South,,0,,Flat,,,,,,Bright sun,285202,0,0,0,4,,,0,,,,,,Auckland Region,Nil,2-way,Sealed,,0,0,,50,,Off,1,0,,76,Auckland,Nil,,,,,0,0,Urban,0,,,Fine,None
1766927.1429,5907646.6303,870798,,523602,0,,0,1,,Null,2023/2024,EAST TAMAKI ROAD,BAIRDS ROAD,,Non-Injury Crash,No,2024,,West,,0,,Flat,,,,,,Dark,709300,0,0,0,6,,,0,,,,,,Auckland Region,Nil,2-way,Sealed,,0,0,,50,,On,1,0,,76,Auckland,Traffic Signals,,,,,0,0,Urban,0,,,Fine,None
1757874.9526,5918748.1521,870799,,517400,1,,0,1,,Null,2023/2024,PARK ROAD,CARLTON GORE ROAD,,Minor Crash,No,2024,,South,,0,,Flat,,,,,,Overcast,449700,1,0,0,2,,,0,,,1,,,Auckland Region,Nil,2-way,Sealed,,0,0,,50,,None,0,0,,76,Auckland,Traffic Signals,,,,,0,0,Urban,0,,,Fine,Null
1771769.247,5895201.4576,870802,,525530,0,,0,2,,Null,2024/2025,BEACH ROAD,CHICHESTER DRIVE,,Non-Injury Crash,No,2024,,West,,0,,Flat,,,,,,Overcast,804901,0,0,0,4,,,0,,,,,,Auckland Region,Nil,2-way,Sealed,,0,0,,50,,Off,0,0,,76,Auckland,Traffic Signals,,,,,0,0,Urban,0,,,Fine,Null
1764920.6502,5903729.0438,870804,,524604,0,0,0,1,0,East,2022/2023,SOUTH-WESTERN MOTORWAY,CAVENDISH UNDERPASS,,Minor Crash,Yes,2023,0,West,0,0,0,Flat,1,,0,,0,Dark,781200,1,0,0,2,0,0,0,0,0,,0,0,Auckland Region,Nil,1-way,Sealed,0,0,0,0,100,0,On,0,0,,76,Auckland,Nil,0,0,0,0,0,0,Open,0,0,0,Fine,Null
1765301.421,5881669.8151,870808,,521112,0,,0,1,,Null,2022/2023,GUN CLUB ROAD,HART ROAD,,Non-Injury Crash,No,2023,,West,,0,,Flat,,,,,,Overcast,826500,0,0,0,2,,,0,,,,,,Auckland Region,Nil,2-way,Sealed,,0,0,,80,,None,0,0,,76,Auckland,Give way,,,,,0,0,Open,1,,,Fine,Null
1772389.252,5911494.2339,870810,,523202,0,0,0,0,0,South,2024/2025,WHITFORD ROAD,MAUNGAMAUNGAROA BR,,Non-Injury Crash,No,2024,0,South,0,0,0,Null,0,,0,,0,Overcast,717501,0,0,0,2,1,0,0,0,0,,0,0,Auckland Region,Nil,2-way,Sealed,0,0,0,0,60,0,Null,1,0,,76,Auckland,Nil,0,0,0,0,0,0,Urban,1,0,0,Light rain,Strong wind
1768944.4292,5906027.4588,870811,,523711,0,,0,0,,South,2023/2024,TE IRIRANGI DRIVE,PENION DRIVE,,Non-Injury Crash,No,2023,,North,,0,,Flat,,,,,,Bright sun,713005,0,0,0,2,,,0,,,,,,Auckland Region,Nil,1-way,Sealed,,0,0,,60,,Off,0,0,,76,Auckland,Nil,,,,,0,0,Urban,2,,,Fine,Null
1769924.4369,5905313.5649,870813,,523712,0,,0,2,,Null,2023/2024,THOMAS ROAD,GREENAN DRIVE,,Non-Injury Crash,No,2023,,East,,0,,Flat,,,,,,Bright sun,713211,0,0,0,2,,,0,,,,,,Auckland Region,Nil,2-way,Sealed,,0,0,,50,,Off,0,0,,76,Auckland,Give way,,,,,0,0,Urban,0,,,Fine,Null
1768933.5758,5906113.3322,870817,,523711,0,0,0,1,0,West,2023/2024,PENION DRIVE,TE IRIRANGI DRIVE,,Non-Injury Crash,No,2023,0,North,0,0,0,Flat,0,,0,,0,Twilight,713005,0,0,0,2,0,0,0,0,1,,0,0,Auckland Region,Nil,2-way,Sealed,0,0,0,0,50,0,Null,1,0,,76,Auckland,Nil,0,0,0,0,0,0,Urban,0,0,0,Fine,None
1752505.0063,5933308.624,870818,,508807,0,,0,1,,Null,2024/2025,ALBANY EXPRESSWAY,MERCARI WAY,,Minor Crash,No,2025,,West,,0,,Flat,,,,,,Overcast,180404,2,0,0,7,,,0,,,,,,Auckland Region,Nil,2-way,Sealed,,0,0,,80,,Off,0,0,,76,Auckland,Traffic Signals,,,,,1,0,Open,0,,,Light rain,Null
1746545.7304,5920027.4808,870821,,512402,0,,0,3,,East,2024/2025,NORTH-WESTERN MOTORWAY,HENDERSON CK BR,,Minor Crash,Yes,2025,,West,,0,,Flat,,,,,,Bright sun,252100,1,0,0,4,,,0,,,,,,Auckland Region,Nil,1-way,Sealed,,0,0,,100,,Off,0,0,,76,Auckland,Nil,,,,,0,0,Open,0,,,Fine,Null
1761753.2192,5914026.8239,870822,,520202,0,,0,2,,East,2024/2025,SOUTHERN MOTORWAY,ELLERSLIE-PANMURE HWY OFF RAMP,,Minor Crash,Yes,2024,,West,,0,,Flat,,,,,,Overcast,612300,1,0,0,3,,,0,,,,,,Auckland Region,Nil,1-way,Sealed,,0,0,,100,,Off,0,0,,76,Auckland,Nil,,,,,0,0,Open,0,,,Fine,Null
1757921.2526,5913500.1865,870823,,518702,0,,0,1,,West,2023/2024,MOUNT ALBERT ROAD,CROWN STREET,,Serious Crash,No,2023,,West,,0,,Flat,,,,,,Dark,567900,0,0,0,4,,,0,,,1,,,Auckland Region,Nil,2-way,Sealed,,0,1,,50,,On,0,0,40,76,Auckland,Nil,,,,,0,0,Urban,0,,,Fine,Null
1773558.1531,5890189.3066,870824,,521301,0,0,0,1,0,South,2022/2023,SOUTHERN MOTORWAY,QUARRY OBR,,Non-Injury Crash,Yes,2023,0,South,0,0,0,Hill Road,1,Queens Birthday,0,,0,Dark,809103,0,0,0,2,0,0,0,0,0,,0,0,Auckland Region,Nil,1-way,Sealed,0,0,0,0,100,0,On,0,0,,76,Auckland,Nil,0,0,0,0,0,0,Open,0,0,0,Fine,Null
1767490.3681,5904621.1381,870835,,524604,0,,0,2,,Null,2023/2024,RONWOOD AVENUE,LEYTON WAY,,Non-Injury Crash,No,2023,,East,,0,,Flat,,,,,,Bright sun,780209,0,0,0,2,,,0,,,,,,Auckland Region,Nil,2-way,Sealed,,0,0,,50,,Off,0,0,,76,Auckland,Give way,,,,,0,0,Urban,0,,,Fine,None
1747675.5902,5913515.68,870840,,511100,0,,0,1,,West,2023/2024,WEST COAST ROAD,PLEASANT ROAD,,Minor Crash,No,2023,,West,,0,,Hill Road,,,,,,Dark,286703,1,0,0,2,,,0,,,,,,Auckland Region,Nil,2-way,Sealed,,0,0,,50,,On,0,0,,76,Auckland,Nil,,,,,0,0,Urban,1,,,Fine,Null
1765721.8389,5906751.5863,870846,,522301,0,0,0,3,0,Null,2024/2025,GREAT SOUTH ROAD,SUTTON CRESCENT,,Minor Crash,No,2024,0,South,0,0,0,Flat,0,,1,,0,Overcast,667500,1,0,0,3,0,0,0,0,0,,0,0,Auckland Region,Nil,2-way,Sealed,0,0,0,0,50,0,Off,0,0,,76,Auckland,Traffic Signals,0,0,0,0,0,0,Urban,0,1,0,Light rain,Null
1752922.7922,5933205.9478,870847,,508701,0,,0,3,,East,2023/2024,ALBANY EXPRESSWAY,DATA WAY,,Non-Injury Crash,No,2023,,East,,0,,Hill Road,,,,,,Dark,178900,0,0,0,4,,,0,,,,,,Auckland Region,Nil,2-way,Sealed,,0,0,,80,,On,0,0,,76,Auckland,Nil,,,,,0,0,Open,0,,,Fine,Null
1758846.3342,5917232.31,870848,,516001,0,,0,0,,Null,2022/2023,SOUTHERN MOTORWAY,ST MARKS ROAD ON RAMP,,Non-Injury Crash,Yes,2023,,South,,0,,Flat,,,,,,Dark,491000,0,0,0,4,,,0,,,,,,Auckland Region,Nil,1-way,Sealed,,0,0,,80,,On,2,0,,76,Auckland,Nil,,,,,0,0,Open,0,,,Fine,Null
1769983.0912,5899240.3798,870850,,523920,0,0,0,1,0,Null,2024/2025,GREAT SOUTH ROAD,TAKANINI ON RAMP,,Non-Injury Crash,No,2024,0,West,0,0,0,Flat,1,,0,,0,Dark,768005,0,0,0,1,0,0,0,0,0,,0,0,Auckland Region,Motorway ramp,1-way,Sealed,0,0,0,0,70,0,On,0,0,,76,Auckland,Give way,0,0,0,0,0,0,Urban,0,0,0,Fine,Null
1752659.1661,5935546.4566,870853,,508703,0,,0,3,,North,2024/2025,NORTHERN MOTORWAY,OTEHA VALLEY ROAD OFF RAMP,,Minor Crash,Yes,2025,,South,,0,,Hill Road,,Christmas New Year,,,,Bright sun,178506,1,0,0,3,,,0,,,,,,Auckland Region,Nil,1-way,Sealed,,0,0,,100,,Off,1,0,,76,Auckland,Nil,,,,,0,0,Open,0,,,Fine,Null
1764047.9103,5909898.3977,870854,,521901,0,,0,1,,Null,2023/2024,GREAT SOUTH ROAD,KING STREET,,Non-Injury Crash,No,2023,,North,,0,,Flat,,,,,,Bright sun,783900,0,0,0,2,,,0,,,,,,Auckland Region,Nil,2-way,Sealed,,0,0,,50,,Off,1,0,,76,Auckland,Stop,,,,,0,0,Urban,0,,,Fine,None
1766273.721,5905364.2474,870855,,522400,0,,0,2,,Null,2022/2023,CARRUTH ROAD,ALLENBY ROAD,,Minor Crash,No,2023,,West,,0,,Flat,,,,,,Twilight,672103,1,0,0,4,,,0,,,,,,Auckland Region,Nil,2-way,Sealed,,0,0,,50,,Off,0,0,,76,Auckland,Stop,,,,,0,0,Urban,0,,,Fine,Null
1730420.6995,5955616.1519,870856,,506613,0,0,0,0,1,South,2022/2023,KAIPARA COAST HIGHWAY,TUHIRANGI ROAD,,Non-Injury Crash,Yes,2023,0,North,0,0,0,Hill Road,0,,0,,0,Overcast,146300,0,0,0,2,0,0,0,0,0,,0,0,Auckland Region,Nil,2-way,Sealed,0,0,0,0,100,0,None,0,0,,76,Auckland,Nil,0,0,0,1,1,0,Open,0,0,0,Light rain,Null
1766976.2326,5901939.4946,870867,,524720,0,0,0,2,0,West,2023/2024,BROWNS ROAD,DALGETY DRIVE,,Minor Crash,No,2023,0,West,0,0,0,Flat,0,,0,,0,Overcast,779500,1,0,0,2,0,0,0,0,0,,0,0,Auckland Region,Nil,2-way,Sealed,0,0,0,0,50,0,Off,0,0,,76,Auckland,Nil,0,0,0,1,0,0,Urban,1,0,0,Light rain,Null
1763964.1585,5904363.0072,870870,,522100,0,,0,2,,West,2025/2026,SOUTH-WESTERN MOTORWAY,PUHINUI UNDERPASS,,Minor Crash,Yes,2025,,South,,0,,Flat,,,,,,Bright sun,781001,1,0,0,2,,,0,,,,,,Auckland Region,Bridge,1-way,Sealed,,0,0,,100,,Off,0,0,,76,Auckland,Nil,,,,,0,0,Open,0,,,Fine,Null
1763040.0594,5915002.0219,870872,,520401,0,,0,3,,East,2023/2024,ELLERSLIE-PANMURE HIGHWAY,STANHOPE ROAD,,Minor Crash,No,2023,,East,,0,,Flat,,,,,,Overcast,644000,1,0,0,4,,,0,,,,,,Auckland Region,Nil,2-way,Sealed,,0,0,,50,,Off,0,0,,76,Auckland,Nil,,,,,0,0,Urban,0,,,Light rain,Null
1755296.9145,5934011.836,870880,35,507200,0,0,0,1,0,South,2022/2023,BROWNS BAY ROAD,BEACH ROAD,,Non-Injury Crash,No,2023,0,North,0,0,0,Hill Road,0,,0,,1,Bright sun,156304,0,0,0,2,0,0,0,0,0,,0,0,Auckland Region,Nil,2-way,Sealed,0,0,0,0,50,0,Off,0,0,,76,Auckland,Nil,0,0,0,0,0,0,Urban,0,0,0,Fine,Null
1766164.9938,5919399.3572,870886,,516800,0,,0,1,,Null,2024/2025,SYLVIA ROAD,MASKELL STREET,,Non-Injury Crash,No,2025,,North,,0,,Hill Road,,,,,,Bright sun,512800,0,0,0,2,,,0,,,,,,Auckland Region,Nil,2-way,Sealed,,0,0,,50,,Off,1,0,,76,Auckland,Stop,,,,,0,0,Urban,0,,,Fine,Null
1771526.112,5897798.9745,870890,,523912,0,,0,1,,Null,2025/2026,GREAT SOUTH ROAD,WALTERS ROAD,,Non-Injury Crash,No,2025,,North,,0,,Null,,,,,,Bright sun,767808,0,0,0,2,,,0,,,,,,Auckland Region,Nil,2-way,Sealed,,0,0,,50,,Off,0,0,,76,Auckland,Give way,,,,,0,0,Urban,1,,,Fine,Null
1765264.9341,5901045.6209,870901,,524821,0,0,0,1,0,Null,2023/2024,FINLAYSON AVENUE,KOPU PLACE,,Non-Injury Crash,No,2024,0,West,0,0,1,Hill Road,0,,0,,0,Dark,774444,0,0,0,2,0,0,0,0,0,,0,0,Auckland Region,Nil,2-way,Sealed,0,0,0,0,30,0,On,0,0,,76,Auckland,Nil,0,0,0,1,0,0,Urban,0,0,0,Light rain,Null
1743636.3817,5919422.8535,870903,,513212,0,0,0,1,0,North,2023/2024,DON BUCK ROAD,SWANSON ROAD,,Non-Injury Crash,No,2023,0,North,0,0,0,Flat,0,,0,,0,Dark,235711,0,0,0,2,0,0,0,0,0,,0,0,Auckland Region,Nil,2-way,Sealed,0,0,0,0,50,0,On,0,0,,76,Auckland,Nil,0,1,0,0,0,0,Urban,0,0,0,Fine,Null
1753881.6533,5975382.2146,870904,,506659,0,,0,1,,West,2023/2024,MATAKANA ROAD,RIVERGLADE LANE,,Minor Crash,No,2023,,East,,0,,Flat,,,,,,Dark,138003,1,0,0,2,,,0,,,,,,Auckland Region,Nil,2-way,Sealed,,0,0,,50,,On,1,0,,76,Auckland,Nil,,,,,0,0,Urban,0,,,Fine,Null
1766878.457,5904427.247,870909,,524604,0,,0,1,,East,2023/2024,RONWOOD AVENUE,LAMBIE DRIVE,,Non-Injury Crash,No,2024,,West,,0,,Flat,,,,,,Overcast,780209,0,0,0,1,,,0,,,,,,Auckland Region,Nil,1-way,Sealed,,0,0,,50,,None,0,0,,76,Auckland,Nil,,,,,0,0,Urban,1,,,Light rain,Null
1782721.0174,5900862.338,870921,55,525201,0,,0,2,,North,2023/2024,MONUMENT ROAD,PIONEER ROAD,,Minor Crash,No,2024,,South,,0,,Hill Road,,,,,,Bright sun,764000,1,0,0,2,,,0,,,,,,Auckland Region,Nil,2-way,Sealed,,0,0,,60,,None,0,0,,76,Auckland,Nil,,,,,0,0,Urban,0,,,Fine,Null