X,Y,OBJECTID,advisorySpeed,areaUnitID,bicycle,bridge,bus,carStationWagon,cliffBank,crashDirectionDescription,crashFinancialYear,crashLocation1,crashLocation2,crashRoadSideRoad,crashSeverity,crashSHDescription,crashYear,debris,directionRoleDescription,ditch,fatalCount,fence,flatHill,guardRail,holiday,houseOrBuilding,intersection,kerb,light,meshblockId,minorInjuryCount,moped,motorcycle,NumberOfLanes,objectThrownOrDropped,otherObject,otherVehicleType,overBank,parkedVehicle,pedestrian,phoneBoxEtc,postOrPole,region,roadCharacter,roadLane,roadSurface,roadworks,schoolBus,seriousInjuryCount,slipOrFlood,speedLimit,strayAnimal,streetLight,suv,taxi,temporarySpeedLimit,tlaId,tlaName,trafficControl,trafficIsland,trafficSign,train,tree,truck,unknownVehicleType,urban,vanOrUtility,vehicle,waterRiver,weatherA,weatherB
1767005.1789,5913103.9741,870922,,522910,0,,0,2,,East,2025/2026,REEVES ROAD,WILLIAM ROBERTS ROAD,,Non-Injury Crash,No,2025,,West,,0,,Hill Road,,,,,,Dark,685100,0,0,0,2,,,0,,,,,,Auckland Region,Nil,2-way,Sealed,,0,0,,50,,On,0,1,,76,Auckland,Nil,,,,,0,0,Urban,0,,,Fine,Frost
1764614.3621,5908559.5168,870925,,521802,0,,0,1,,South,2024/2025,GREAT SOUTH ROAD,CRACROFT STREET,,Serious Crash,No,2024,,South,,0,,Flat,,,,,,Dark,789600,1,0,0,4,,,0,,,,,,Auckland Region,Nil,2-way,Sealed,,0,1,,50,,On,1,0,,76,Auckland,Nil,,,,,0,0,Urban,1,,,Fine,Null
1755953.5415,5926781.6503,870926,,508620,0,0,0,0,0,Null,2024/2025,SUNNYBRAE ROAD,NORTHCOTE ROAD,,Non-Injury Crash,No,2025,0,West,0,0,0,Flat,0,,0,,0,Twilight,204500,0,0,0,2,0,0,0,0,0,,0,0,Auckland Region,Nil,2-way,Sealed,0,0,0,0,50,0,On,0,0,,76,Auckland,Traffic Signals,1,0,0,0,0,0,Urban,1,0,0,Fine,Null
1763387.7095,5915299.0954,870929,,520302,0,0,0,2,0,North,2024/2025,HARRIS ROAD,RUTLAND ROAD,,Non-Injury Crash,No,2024,0,South,0,0,0,Flat,1,,1,,0,Bright sun,626000,0,0,0,2,0,0,0,0,0,1,0,0,Auckland Region,Nil,2-way,Sealed,0,0,0,0,50,0,Off,0,0,,76,Auckland,Nil,0,0,0,0,0,0,Urban,0,0,0,Fine,Null
1751615.8223,5934076.1706,870930,,508701,0,,0,2,,Null,2024/2025,DAIRY FLAT HIGHWAY,ALBANY HIGHWAY,,Non-Injury Crash,No,2025,,North,,0,,Null,,,,,,Unknown,178900,0,0,0,4,,,0,,,,,,Auckland Region,Nil,2-way,Null,,0,0,,50,,Null,0,0,,76,Auckland,Nil,,,,,0,0,Urban,0,,,Null,Null
1765555.6793,5914588.6508,870934,,520601,0,,0,0,,North,2024/2025,TRIPOLI ROAD,TE KOA ROAD,,Non-Injury Crash,No,2025,,North,,0,,Flat,,,,,,Bright sun,630400,0,0,0,2,,,0,,,,,,Auckland Region,Nil,2-way,Sealed,,0,0,,50,,Off,0,0,,76,Auckland,Nil,,,,,0,0,Urban,2,,,Fine,Null
1768679.6878,5911156.147,870939,,523112,0,,0,2,,Null,2023/2024,CRYERS ROAD,TRUGOOD DRIVE,,Non-Injury Crash,No,2023,,East,,0,,Flat,,,,,,Dark,711404,0,0,0,4,,,0,,,,,,Auckland Region,Nil,2-way,Sealed,,0,0,,50,,On,0,0,,76,Auckland,Give way,,,,,0,0,Urban,0,,,Fine,Null
1763685.5919,5911527.7436,870942,,520500,0,,0,2,,South,2024/2025,NIALL BURGESS ROAD,VESTEY DRIVE,,Non-Injury Crash,No,2025,,West,,0,,Flat,,,,,,Bright sun,637702,0,0,0,2,,,0,,,,,,Auckland Region,Nil,2-way,Sealed,,0,0,,50,,Null,0,0,,76,Auckland,Nil,,,,,0,0,Urban,0,,,Fine,Null
1765790.0359,5907133.7777,870949,,522301,0,,0,1,,North,2024/2025,EAST TAMAKI ROAD,KONINI AVENUE,,Minor Crash,No,2024,,West,,0,,Flat,,,,,,Bright sun,666301,1,0,0,5,,,0,,,3,,,Auckland Region,Nil,2-way,Sealed,,0,0,,50,,Off,0,0,,76,Auckland,Nil,,,,,0,0,Urban,0,,,Fine,Null
1757267.0267,5919891.3362,870950,,514103,0,,0,1,,Null,2024/2025,MAYORAL DRIVE,AIREDALE STREET,,Non-Injury Crash,No,2024,,South,,0,,Hill Road,,,,,,Bright sun,436100,0,0,0,4,,,0,,,,,,Auckland Region,Nil,2-way,Sealed,,0,0,,30,,Off,0,0,,76,Auckland,Nil,,,,,0,0,Urban,1,,,Light rain,Null
1760427.8923,5916139.5895,870952,,516003,0,,0,0,,East,2023/2024,GREEN LANE EAST,ST VINCENT AVENUE,,Serious Crash,No,2023,,West,,0,,Flat,,,,,,Bright sun,494902,0,0,0,2,,,0,,,,,,Auckland Region,Nil,1-way,Sealed,,0,1,,50,,Off,3,0,,76,Auckland,Nil,,,,,0,0,Urban,0,,,Fine,Null
1770017.3714,5914710.2566,870953,,522712,0,,0,2,,West,2024/2025,PAKURANGA ROAD,HUTCHINSONS ROAD,,Minor Crash,No,2024,,East,,0,,Flat,,,,,,Overcast,644800,1,0,0,4,,,0,,,,,,Auckland Region,Nil,2-way,Sealed,,0,0,,50,,None,0,1,,76,Auckland,Nil,,,,,0,0,Urban,0,,,Fine,Null
1755623.3223,5921310.3506,870958,,515202,0,,0,0,,West,2024/2025,NORTHERN MOTORWAY,FANSHAWE STREET ON RAMP,,Non-Injury Crash,Yes,2024,,North,,0,,Flat,,,,,,Bright sun,425600,0,0,0,4,,,0,,,,,,Auckland Region,Nil,1-way,Sealed,,0,0,,80,,Off,0,0,,76,Auckland,Nil,,,,,1,0,Open,1,,,Fine,Null
1749383.6962,5941530.2196,870959,,506003,0,0,0,1,1,North,2025/2026,EAST COAST ROAD,WORSNOP WAY,,Serious Crash,No,2025,0,South,0,0,1,Hill Road,0,,0,,0,Bright sun,175815,1,0,0,2,0,0,0,0,0,,0,0,Auckland Region,Nil,2-way,Sealed,0,0,1,0,80,0,Off,0,0,,76,Auckland,Nil,0,0,0,0,0,0,Open,0,0,0,Fine,Null
1757711.7914,5918259.509,870965,,518101,0,,0,3,,North,2023/2024,SOUTHERN MOTORWAY,MOUNTAIN OBR,,Minor Crash,Yes,2023,,North,,0,,Flat,,,,,,Bright sun,543000,1,0,0,4,,,0,,,,,,Auckland Region,Nil,1-way,Sealed,,0,0,,80,,Off,0,0,,76,Auckland,Nil,,,,,0,0,Open,0,,,Fine,Null
1755610.7157,5928516.7593,870970,,508320,0,,0,2,,North,2024/2025,WAIRAU ROAD,ARCHERS ROAD,,Non-Injury Crash,No,2024,,South,,0,,Null,,,,,,Unknown,198500,0,0,0,4,,,0,,,,,,Auckland Region,Nil,2-way,Sealed,,0,0,,50,,Null,0,0,,76,Auckland,Nil,,,,,0,0,Urban,0,,,Fine,Null
1754549.5201,5917738.3478,870974,,517600,0,0,0,3,0,East,2024/2025,WESTERN SPRINGS ROAD,FINCH STREET,,Non-Injury Crash,No,2024,0,East,0,0,0,Hill Road,0,,0,,0,Dark,533200,0,0,0,2,0,0,0,0,1,,0,0,Auckland Region,Nil,2-way,Sealed,0,0,0,0,50,0,On,0,0,,76,Auckland,Nil,0,0,0,0,0,0,Urban,0,0,0,Fine,Null
1754209.3039,5933853.468,870975,,508804,0,,0,1,,Null,2024/2025,GREVILLE ROAD,HAURAKI CRESCENT,,Minor Crash,No,2024,,North,,0,,Hill Road,,,,,,Bright sun,180711,1,0,1,2,,,0,,,,,,Auckland Region,Nil,2-way,Sealed,,0,0,,50,,Off,0,0,,76,Auckland,Give way,,,,,0,0,Urban,0,,,Fine,Null
1749111.5716,5927776.1101,870979,,509100,0,,0,1,,West,2024/2025,UPPER HARBOUR MOTORWAY,TAUHINU ROAD OFF RAMP,,Serious Crash,Yes,2024,,South,,0,,Hill Road,,,,,,Bright sun,181400,1,0,0,3,,,0,,,,,,Auckland Region,Nil,1-way,Sealed,,0,1,,100,,Off,2,0,,76,Auckland,Nil,,,,,0,0,Open,2,,,Fine,Strong wind
1765384.2466,5905200.4926,870981,,522400,0,0,0,1,0,Null,2023/2024,HAYWARD ROAD,VICTORIA ROAD,,Non-Injury Crash,No,2024,0,North,0,0,0,Flat,0,,0,,0,Dark,673100,0,0,0,1,0,0,0,0,1,,0,0,Auckland Region,Nil,2-way,Sealed,0,0,0,0,50,0,On,0,0,,76,Auckland,Nil,0,0,0,0,0,0,Urban,0,0,0,Fine,None
1768168.2839,5902443.0086,870982,,524602,0,0,0,2,0,Null,2024/2025,BROWNS ROAD,GREAT SOUTH ROAD,,Non-Injury Crash,No,2024,0,North,0,0,0,Flat,0,,0,,0,Overcast,780600,0,0,0,1,0,0,0,0,0,,0,0,Auckland Region,Nil,1-way,Sealed,0,0,0,0,50,0,Off,0,0,,76,Auckland,Give way,0,0,0,0,0,0,Urban,0,1,0,Fine,Null
1779074.8522,5927555.0226,870987,,520801,0,0,0,2,0,North,2024/2025,KORORA ROAD,OCEAN VIEW ROAD,,Non-Injury Crash,No,2024,0,South,0,0,0,Flat,0,,0,,0,Twilight,515902,0,0,0,2,0,1,0,0,2,,0,0,Auckland Region,Nil,2-way,Sealed,0,0,0,0,30,0,On,1,0,,76,Auckland,Nil,0,1,0,0,0,0,Urban,0,0,0,Light rain,Null
1769842.3877,5909505.5546,870988,,523113,0,0,0,1,0,North,2022/2023,TE IRIRANGI DRIVE,REDCASTLE DRIVE,,Minor Crash,No,2023,0,North,0,0,0,Flat,0,,0,,0,Bright sun,711813,2,0,0,2,0,0,0,0,0,,0,0,Auckland Region,Nil,1-way,Sealed,0,0,0,0,80,0,Off,1,0,,76,Auckland,Nil,0,0,0,1,0,0,Open,0,0,0,Fine,Null
1754698.8833,5930672.3239,870990,,508520,0,,0,3,,South,2023/2024,NORTHERN MOTORWAY,UPPER HARBOUR HWY ON RAMP,,Non-Injury Crash,Yes,2024,,South,,0,,Flat,,,,,,Dark,191104,0,0,0,3,,,0,,,,,,Auckland Region,Nil,2-way,Sealed,,0,0,,100,,On,0,0,,76,Auckland,Nil,,,,,0,0,Open,0,,,Light rain,None
1758946.0997,5912182.7551,870995,,519820,0,,1,0,,Null,2024/2025,CHURCH STREET,UPPER MUNICIPAL PLACE,,Serious Crash,No,2025,,East,,0,,Flat,,,,,,Bright sun,601700,0,0,0,2,,,0,,,1,,,Auckland Region,Nil,2-way,Sealed,,0,1,,50,,Off,0,0,,76,Auckland,Give way,,,,,0,0,Urban,0,,,Fine,Null
1767493.2383,5905638.1231,871000,,524603,0,,0,2,,South,2022/2023,SOUTHERN MOTORWAY,REAGAN OBR,,Non-Injury Crash,Yes,2023,,North,,0,,Flat,,,,,,Overcast,671000,0,0,0,3,,,0,,,,,,Auckland Region,Nil,1-way,Sealed,,0,0,,100,,Off,1,0,,76,Auckland,Nil,,,,,0,0,Open,0,,,Heavy rain,Null
1740506.1655,5942855.0316,871009,,506614,0,0,0,0,1,North,2023/2024,HORSESHOE BUSH ROAD,HAUORA LANE,,Non-Injury Crash,No,2023,0,South,0,0,0,Hill Road,0,,0,,0,Overcast,177801,0,0,0,2,0,0,0,0,0,,0,0,Auckland Region,Nil,2-way,Unsealed,0,0,0,0,60,0,None,0,0,,76,Auckland,Nil,0,0,0,0,1,0,Urban,0,0,0,Fine,Null
1751642.9126,5912955.8371,871014,,514700,0,,0,1,,Null,2024/2025,TERRY STREET,BLOCKHOUSE BAY ROAD,,Minor Crash,No,2024,,West,,0,,Null,,,,,,Unknown,370300,1,0,0,2,,,0,,,,,,Auckland Region,Nil,2-way,Null,,0,0,,50,,Null,0,0,,76,Auckland,Give way,,,,,0,0,Urban,0,,,Null,Null
1745675.2215,5913922.0666,871016,,512906,0,,0,1,,Null,2022/2023,SUNVUE ROAD,WEST COAST ROAD,,Non-Injury Crash,No,2023,,North,,0,,Flat,,,,,,Bright sun,278511,0,0,1,2,,,0,,,,,,Auckland Region,Nil,2-way,Sealed,,0,0,,50,,Off,0,0,,76,Auckland,Stop,,,,,0,0,Urban,0,,,Fine,Null
1741662.349,5918648.2975,871021,,513101,0,,0,1,,North,2023/2024,NORTH CANDIA ROAD,POOKS ROAD,,Non-Injury Crash,No,2024,,North,,0,,Flat,,,,,,Dark,238200,0,0,0,2,,,0,,,,,,Auckland Region,Nil,2-way,Sealed,,0,0,,50,,On,1,0,,76,Auckland,Nil,,,,,0,0,Urban,0,,,Fine,Strong wind
1753980.9482,5929070.4723,871022,,508320,0,0,0,1,0,South,2024/2025,NORMANTON STREET,HOGANS ROAD,,Minor Crash,No,2025,0,North,0,0,0,Hill Road,0,,0,,0,Bright sun,197401,1,0,0,2,0,0,0,0,1,,0,0,Auckland Region,Nil,2-way,Sealed,0,0,0,0,50,0,Off,0,0,,76,Auckland,Nil,0,0,0,0,0,0,Urban,1,0,0,Fine,Null
1766203.4675,5908387.2227,871030,,523402,0,0,0,1,0,North,2024/2025,GILBERT ROAD,LAPPINGTON ROAD,,Serious Crash,No,2025,0,South,0,0,0,Flat,0,,0,,0,Dark,697300,0,0,0,2,0,1,0,0,0,,0,2,Auckland Region,Nil,2-way,Sealed,0,0,2,0,50,0,On,0,0,,76,Auckland,Nil,0,0,0,0,0,0,Urban,0,0,0,Light rain,Null
1755632.2279,5928053.8987,871032,,507900,0,,0,2,,Null,2023/2024,PORANA ROAD,GOLDFIELD,,Serious Crash,No,2023,,North,,0,,Hill Road,,,,,,Overcast,305201,1,0,0,2,,,0,,,,,,Auckland Region,Nil,2-way,Sealed,,0,1,,50,,Off,0,0,,76,Auckland,Nil,,,,,0,0,Urban,0,,,Fine,Null
1742123.7646,5919433.6314,871034,,513211,0,0,0,1,0,North,2024/2025,BIRDWOOD ROAD,WAIMOKO GLEN,,Minor Crash,No,2025,0,South,0,0,0,Flat,0,,0,,0,Dark,235005,3,0,0,2,0,0,0,0,0,,0,2,Auckland Region,Bridge,2-way,Sealed,0,0,0,0,60,0,On,0,0,,76,Auckland,Nil,0,0,0,0,0,0,Urban,0,0,0,Fine,Null
1765470.1015,5901049.0296,871037,,524821,0,,0,2,,Null,2023/2024,FINLAYSON AVENUE,BRAVA PLACE,,Non-Injury Crash,No,2024,,East,,0,,Flat,,,,,,Overcast,774419,0,0,0,2,,,0,,,,,,Auckland Region,Nil,2-way,Sealed,,0,0,,50,,None,0,0,,76,Auckland,Nil,,,,,0,0,Urban,0,,,Fine,Null
1766522.0496,5900034.7,871038,,524713,0,0,0,1,0,Null,2024/2025,JOHN WALKER DRIVE,LANDETTE ROAD,,Non-Injury Crash,No,2025,0,North,0,0,1,Flat,0,,0,,0,Bright sun,775822,0,0,0,2,0,0,0,0,0,,0,0,Auckland Region,Nil,2-way,Sealed,0,0,0,0,30,0,Off,0,0,,76,Auckland,Nil,0,0,0,0,0,0,Urban,0,0,0,Fine,Null
1754592.4708,5913016.7342,871039,,518803,0,,0,1,,Null,2023/2024,FREELAND AVENUE,SANFT AVENUE,,Non-Injury Crash,No,2024,,East,,0,,Flat,,,,,,Bright sun,582400,0,1,0,2,,,0,,,,,,Auckland Region,Nil,2-way,Sealed,,0,0,,50,,None,0,0,,76,Auckland,Nil,,,,,0,0,Urban,0,,,Fine,None
1756098.9208,5923737.3835,871042,,509800,0,,0,3,,South,2024/2025,NORTHERN MOTORWAY,WEIGH BRIDGE,,Non-Injury Crash,Yes,2024,,South,,0,,Flat,,Christmas New Year,,,,Bright sun,358800,0,0,0,5,,,0,,,,,,Auckland Region,Bridge,1-way,Sealed,,0,0,,80,,Off,0,0,,76,Auckland,Nil,,,,,0,1,Open,0,,,Fine,Null
1760505.3122,5906723.5731,871043,,524112,0,,0,1,,Null,2024/2025,CANNING CRESCENT,WANSTEAD WAY,,Minor Crash,No,2025,,East,,0,,Flat,,,,,,Bright sun,742101,1,0,0,2,,,0,,,1,,,Auckland Region,Nil,2-way,Sealed,,0,0,,30,,Off,0,0,10,76,Auckland,Nil,,,,,0,0,Urban,0,,,Fine,Null
1756000.2886,5921096.9841,871044,,515202,0,,0,1,,Null,2022/2023,NORTHERN MOTORWAY,FANSHAWE STREET OFF RAMP,,Non-Injury Crash,Yes,2023,,South,,0,,Flat,,,,,,Dark,425600,0,0,0,5,,,0,,,,,,Auckland Region,Nil,1-way,Sealed,,0,0,,80,,On,1,0,,76,Auckland,Nil,,,,,0,0,Open,0,,,Light rain,Null
1761876.4858,5906441.8064,871049,,524200,0,,0,1,,South,2024/2025,MASSEY ROAD ON RAMP,MASSEY ROAD,,Non-Injury Crash,No,2024,,South,,0,,Flat,,,,,,Dark,728700,0,0,0,1,,,0,,,,,,Auckland Region,Nil,1-way,Sealed,,0,0,,100,,On,0,0,,76,Auckland,Nil,,,,,0,0,Open,1,,,Mist or Fog,Null
1751605.5276,5914201.6483,871050,,514402,0,0,0,1,0,Null,2024/2025,TIVERTON ROAD,BLOCKHOUSE BAY ROAD,,Non-Injury Crash,No,2025,0,West,0,0,1,Hill Road,0,,0,,0,Bright sun,378301,0,0,0,5,0,0,0,0,0,,0,0,Auckland Region,Nil,2-way,Sealed,0,0,0,0,50,0,Off,0,0,,76,Auckland,Traffic Signals,0,0,0,0,0,0,Urban,0,0,0,Fine,Null
1755040.1685,5927875.937,871061,,508620,0,,0,2,,Null,2023/2024,ARCHERS ROAD,CHIVALRY ROAD,,Non-Injury Crash,No,2024,,North,,0,,Hill Road,,,,,,Dark,202600,0,0,0,2,,,0,,,,,,Auckland Region,Nil,2-way,Sealed,,0,0,,50,,On,0,0,,76,Auckland,Traffic Signals,,,,,0,0,Urban,0,,,Fine,Null
1746588.5909,5967015.6224,871075,,506613,0,0,0,0,0,South,2024/2025,NORTHERN MOTORWAY,WOODCOCKS ROAD,,Non-Injury Crash,Yes,2024,0,South,0,0,0,Flat,1,,0,,0,Dark,146005,0,0,0,2,0,0,0,0,0,,0,0,Auckland Region,Nil,1-way,Sealed,0,0,0,0,100,0,None,1,0,,76,Auckland,Nil,0,0,0,0,0,0,Open,0,0,0,Fine,Null
1766798.5669,5904682.0625,871079,,524604,0,,0,1,,East,2024/2025,CAVENDISH DRIVE,LAMBIE DRIVE,,Non-Injury Crash,No,2024,,West,,0,,Flat,,,,,,Bright sun,780209,0,0,0,2,,,0,,,,,,Auckland Region,Nil,1-way,Sealed,,0,0,,50,,Off,0,0,,76,Auckland,Nil,,,,,0,1,Urban,0,,,Fine,None
1764571.9493,5911964.0909,871087,,520500,0,,0,1,,North,2023/2024,SOUTHERN MOTORWAY,PANAMA OBR,,Non-Injury Crash,Yes,2024,,North,,0,,Flat,,,,,,Bright sun,639500,0,0,0,3,,,0,,,,,,Auckland Region,Nil,1-way,Sealed,,0,0,,100,,Off,0,0,,76,Auckland,Nil,,,,,0,0,Open,1,,,Fine,Null
1774750.538,5891411.4927,871089,,521301,0,,0,0,,East,2024/2025,WAIHOEHOE ROAD,FIELDING ROAD,,Serious Crash,No,2024,,East,,0,,Flat,,Christmas New Year,,,,Bright sun,808800,0,1,0,2,,,0,,,,,,Auckland Region,Nil,2-way,Sealed,,0,1,,80,,None,0,0,,76,Auckland,Nil,,,,,0,0,Open,0,,,Fine,Null
1774319.3481,5888717.4862,871090,,521302,0,,0,1,,North,2024/2025,SOUTHERN MOTORWAY,RAMARAMA ON RAMP,,Non-Injury Crash,Yes,2025,,North,,0,,Flat,,,,,,Bright sun,809101,0,0,0,4,,,0,,,,,,Auckland Region,Nil,2-way,Sealed,,0,0,,100,,Off,0,0,,76,Auckland,Nil,,,,,0,0,Open,1,,,Fine,Null
1752617.2789,5918254.9019,871096,,515002,0,0,0,1,0,North,2022/2023,KIWI ROAD,GREAT NORTH ROAD,,Non-Injury Crash,No,2023,0,Null,0,0,0,Flat,0,,0,,0,Bright sun,396500,0,0,0,2,0,0,0,0,1,,0,0,Auckland Region,Nil,2-way,Sealed,0,0,0,0,50,0,Off,0,0,,76,Auckland,Nil,0,0,0,0,0,0,Urban,0,0,0,Fine,Null
1758021.2373,5917346.5394,871100,,515700,0,,0,2,,Null,2022/2023,ALBURY AVENUE,GILLIES AVENUE,,Non-Injury Crash,No,2023,,East,,0,,Flat,,Easter,,,,Overcast,444200,0,0,0,4,,,0,,,,,,Auckland Region,Nil,2-way,Sealed,,0,0,,50,,Off,0,0,,76,Auckland,Give way,,,,,0,0,Urban,0,,,Light rain,Null
1770157.4921,5915351.7123,871106,,522712,0,0,0,3,0,Null,2024/2025,MINARET DRIVE,MALVINA PLACE,,Non-Injury Crash,No,2025,0,North,0,0,0,Flat,0,,0,,0,Dark,681000,0,0,0,2,0,0,0,0,1,,0,0,Auckland Region,Nil,2-way,Sealed,0,0,0,0,50,0,On,0,0,,76,Auckland,Nil,0,0,0,0,0,0,Urban,0,0,0,Fine,Null
1754865.7144,5918748.9539,871111,,515431,0,,0,0,,Null,2023/2024,GREAT NORTH ROAD,SURREY CRESCENT,,Serious Crash,No,2024,,North,,0,,Hill Road,,,,,,Bright sun,405800,0,0,1,4,,,0,,,,,,Auckland Region,Nil,2-way,Sealed,,0,1,,50,,Off,0,0,,76,Auckland,Traffic Signals,,,,,0,0,Urban,0,,,Fine,Null
1734307.7645,5945719.5203,871120,,506647,0,,0,1,,Null,2023/2024,KAIPARA COAST HIGHWAY,KAHIKATEA FLAT ROAD,,Minor Crash,Yes,2024,,South,,0,,Flat,,Christmas New Year,,,,Bright sun,211501,1,0,0,2,,,0,,,,,,Auckland Region,Nil,2-way,Sealed,,0,0,,100,,None,1,0,,76,Auckland,Give way,,,,,0,0,Open,0,,,Fine,Null
1752521.4781,5917051.94,871121,,517800,1,,0,1,,North,2023/2024,CARRINGTON ROAD,CARRINGTON TECH GT4,,Minor Crash,No,2024,,North,,0,,Hill Road,,,,,,Bright sun,525500,1,0,0,3,,,0,,,,,,Auckland Region,Nil,2-way,Sealed,,0,0,,50,,None,0,0,,76,Auckland,Traffic Signals,,,,,0,0,Urban,0,,,Fine,Null
1754819.5643,5933453.517,871122,,508804,0,,0,1,,South,2024/2025,EAST COAST ROAD,BROWNS BAY ROAD,,Non-Injury Crash,No,2024,,North,,0,,Hill Road,,,,,,Bright sun,156002,0,0,0,3,,,0,,,,,,Auckland Region,Nil,2-way,Sealed,,0,0,,50,,Off,0,0,,76,Auckland,Nil,,,,,0,0,Urban,1,,,Fine,Null
1768730.9033,5911618.8167,871124,,523107,0,,0,1,,Null,2022/2023,TI RAKAU DRIVE,BURSWOOD DRIVE,,Non-Injury Crash,No,2023,,East,,0,,Flat,,,,,,Overcast,711408,0,0,0,7,,,0,,,,,,Auckland Region,Nil,2-way,Sealed,,0,0,,50,,Off,1,0,,76,Auckland,Traffic Signals,,,,,0,0,Urban,0,,,Light rain,Null
1737244.6327,5929298.5421,871136,,505602,0,0,0,1,0,South,2022/2023,STATION ROAD,MAIN ROAD,,Non-Injury Crash,No,2023,0,South,0,0,1,Flat,0,,0,,0,Bright sun,214900,0,0,0,2,0,0,0,0,0,,0,0,Auckland Region,Nil,2-way,Sealed,0,0,0,0,50,0,Off,0,0,,76,Auckland,Nil,0,0,0,0,0,0,Urban,0,0,0,Fine,Null
1746661.1267,5966203.8702,871147,,506613,0,0,0,2,0,South,2024/2025,NORTHERN MOTORWAY,SH 1,,Minor Crash,Yes,2024,0,North,0,0,0,Hill Road,1,,0,,0,Dark,146005,1,0,0,2,0,0,0,0,0,,0,0,Auckland Region,Nil,1-way,Sealed,0,0,0,0,100,0,None,0,0,,76,Auckland,Nil,0,0,0,0,0,0,Open,0,0,0,Fine,Null
1752582.843,5934740.5258,871150,,508701,0,,0,1,,Null,2025/2026,OTEHA VALLEY ROAD,MUNROE LANE,,Non-Injury Crash,No,2025,,West,,0,,Flat,,,,,,Twilight,179000,0,0,0,2,,,0,,,,,,Auckland Region,Nil,1-way,Sealed,,0,0,,50,,On,1,0,,76,Auckland,Give way,,,,,0,0,Urban,0,,,Fine,Null
1763870.7177,5912693.7265,871152,,520500,0,,0,1,,North,2022/2023,MOUNT WELLINGTON HIGHWAY,MOUNT WELLINGTON HWY ON RAMP,,Non-Injury Crash,No,2023,,South,,0,,Flat,,,,,,Overcast,637500,0,0,0,3,,,0,,,,,,Auckland Region,Nil,1-way,Sealed,,0,0,,50,,Off,0,0,,76,Auckland,Nil,,,,,0,0,Urban,1,,,Fine,Strong wind
1761802.0961,5912477.9751,871153,,519500,0,,0,0,,East,2023/2024,CHURCH STREET,BEASLEY AVENUE,,Non-Injury Crash,No,2023,,East,,0,,Flat,,,,,,Overcast,622400,0,0,0,4,,,0,,,,,,Auckland Region,Nil,2-way,Sealed,,0,0,,50,,Off,2,0,,76,Auckland,Nil,,,,,0,0,Urban,0,,,Light rain,Null
1753947.4511,5931561.6975,871154,,508807,0,0,0,1,0,East,2024/2025,UPPER HARBOUR HIGHWAY,UPPER HARBOUR HIGHWAY,,Non-Injury Crash,Yes,2025,0,South,0,0,0,Hill Road,1,Easter,0,,0,Twilight,180810,0,0,0,2,0,0,0,0,0,,0,0,Auckland Region,Tunnel,1-way,Sealed,0,0,0,0,80,0,On,0,0,,76,Auckland,Nil,0,0,0,0,0,0,Open,0,0,0,Light rain,Null
1747516.4428,5914681.8762,871158,,511100,0,0,0,0,0,South,2025/2026,GREAT NORTH ROAD,SABULITE ROAD,,Non-Injury Crash,No,2025,0,South,0,0,0,Flat,0,,0,,0,Dark,284800,0,0,0,4,0,1,0,0,0,,0,0,Auckland Region,Nil,2-way,Sealed,0,0,0,0,50,0,On,0,0,,76,Auckland,Nil,0,0,0,0,1,0,Urban,0,0,0,Fine,Null
1754028.9391,5931372.6602,871174,,508807,0,,0,2,,Null,2025/2026,UPPER HARBOUR HIGHWAY,UPPER HARBOUR HWY ON RAMP,,Non-Injury Crash,Yes,2025,,East,,0,,Flat,,,,,,Dark,180810,0,0,0,4,,,0,,,,,,Auckland Region,Nil,1-way,Sealed,,0,0,,50,,On,0,0,,76,Auckland,Traffic Signals,,,,,0,0,Urban,0,,,Light rain,Null
1769890.1664,5900791.6461,871175,,524902,0,,0,1,,South,2023/2024,SOUTHERN MOTORWAY,ALFRISTON OBR,,Non-Injury Crash,Yes,2023,,North,,0,,Flat,,,,,,Bright sun,757700,0,0,0,3,,,0,,,,,,Auckland Region,Nil,1-way,Sealed,,0,0,,100,,Off,0,0,,76,Auckland,Nil,,,,,0,0,Open,1,,,Fine,Null
1750622.0902,5913721.4822,871177,,511303,0,0,0,1,1,Null,2024/2025,CLARK STREET,OLYMPIC PLACE,,Minor Crash,No,2024,0,West,0,0,0,Flat,0,,0,,1,Dark,265200,1,0,0,4,0,0,0,0,0,,0,1,Auckland Region,Nil,2-way,Sealed,0,0,0,0,50,0,On,0,0,,76,Auckland,Stop,0,0,0,0,0,0,Urban,0,0,0,Light rain,Null
1769533.2182,5901997.9882,871178,,523814,0,0,0,1,0,South,2025/2026,HILL ROAD-MANUREWA OFF RAMP,SOUTHERN MOTORWAY,,Non-Injury Crash,No,2025,0,South,0,0,0,Flat,1,,0,,0,Overcast,760702,0,0,0,2,0,0,0,0,0,,0,0,Auckland Region,Motorway ramp,1-way,Sealed,0,0,0,0,100,0,None,0,0,,76,Auckland,Nil,0,0,0,0,0,0,Open,0,0,0,Fine,Null