X,Y,OBJECTID,advisorySpeed,areaUnitID,bicycle,bridge,bus,carStationWagon,cliffBank,crashDirectionDescription,crashFinancialYear,crashLocation1,crashLocation2,crashRoadSideRoad,crashSeverity,crashSHDescription,crashYear,debris,directionRoleDescription,ditch,fatalCount,fence,flatHill,guardRail,holiday,houseOrBuilding,intersection,kerb,light,meshblockId,minorInjuryCount,moped,motorcycle,NumberOfLanes,objectThrownOrDropped,otherObject,otherVehicleType,overBank,parkedVehicle,pedestrian,phoneBoxEtc,postOrPole,region,roadCharacter,roadLane,roadSurface,roadworks,schoolBus,seriousInjuryCount,slipOrFlood,speedLimit,strayAnimal,streetLight,suv,taxi,temporarySpeedLimit,tlaId,tlaName,trafficControl,trafficIsland,trafficSign,train,tree,truck,unknownVehicleType,urban,vanOrUtility,vehicle,waterRiver,weatherA,weatherB
1765416.519,5901972.3913,871182,,524604,0,,0,2,,South,2024/2025,ROSCOMMON ROAD,KIWI TAMAKI ROAD,,Non-Injury Crash,No,2025,,North,,0,,Flat,,,,,,Bright sun,781200,0,0,0,2,,,0,,,,,,Auckland Region,Nil,1-way,Sealed,,0,0,,60,,None,0,0,40,76,Auckland,Nil,,,,,0,0,Urban,0,,,Fine,Null
1763080.2083,5912868.5815,871184,,520500,0,,0,2,,West,2022/2023,SOUTHERN MOTORWAY,SH1 OBR,,Non-Injury Crash,Yes,2023,,West,,0,,Hill Road,,,,,,Bright sun,637300,0,0,0,4,,,0,,,,,,Auckland Region,Nil,1-way,Sealed,,0,0,,100,,Off,0,0,,76,Auckland,Nil,,,,,0,0,Open,0,,,Fine,Null
1766686.2012,5910415.9568,871185,,523112,0,0,0,0,0,East,2024/2025,HIGHBROOK DRIVE,EL KOBAR DRIVE,,Serious Crash,No,2025,0,East,0,0,0,Flat,0,,0,,0,Overcast,711301,1,0,0,2,0,0,0,0,0,,0,0,Auckland Region,Nil,1-way,Sealed,0,0,1,0,60,0,Off,0,0,,76,Auckland,Nil,0,0,0,0,2,0,Urban,0,1,0,Light rain,Strong wind
1755568.293,5914121.3198,871186,,518803,0,0,0,2,0,East,2024/2025,MOUNT ALBERT ROAD,AKARANA AVENUE,,Non-Injury Crash,No,2025,0,West,0,0,0,Flat,0,,0,,0,Overcast,580900,0,0,0,2,0,0,0,0,1,,0,0,Auckland Region,Nil,2-way,Sealed,0,0,0,0,50,0,Off,0,0,30,76,Auckland,Nil,0,0,0,0,0,0,Urban,0,0,0,Heavy rain,Strong wind
1762901.1169,5905642.4367,871189,,524302,0,,0,1,,Null,2023/2024,PORTAGE ROAD,SELFS ROAD,,Non-Injury Crash,No,2023,,North,,0,,Flat,,,,,,Overcast,745000,0,0,0,2,,,0,,,,,,Auckland Region,Nil,2-way,Sealed,,0,0,,50,,Off,1,0,,76,Auckland,Give way,,,,,0,0,Urban,0,,,Fine,None
1762703.6671,5914940.1152,871195,,520302,0,0,0,2,0,Null,2023/2024,ELLERSLIE-PANMURE HIGHWAY,HARRISON ROAD,,Non-Injury Crash,No,2024,0,West,0,0,0,Hill Road,0,,0,,0,Overcast,625104,0,0,0,4,0,0,0,0,0,,0,0,Auckland Region,Nil,2-way,Sealed,0,0,0,0,50,0,Off,0,0,,76,Auckland,Give way,0,0,0,1,0,0,Urban,0,0,0,Fine,Null
1764318.3827,5908848.2491,871197,45,521901,0,,0,2,,Null,2023/2024,GREAT SOUTH ROAD,NGAIO STREET,,Non-Injury Crash,No,2024,,South,,0,,Hill Road,,,,,,Dark,785200,0,0,0,4,,,0,,,,,,Auckland Region,Nil,2-way,Sealed,,0,0,,50,,On,0,0,,76,Auckland,Stop,,,,,0,0,Urban,0,,,Fine,None
1759316.3375,5918704.7033,871200,35,515901,0,0,0,1,0,Null,2022/2023,AYR STREET,BRIGHTON ROAD,,Minor Crash,No,2023,0,East,0,0,0,Hill Road,0,Christmas New Year,0,,0,Bright sun,456900,1,0,0,2,0,0,0,0,0,,0,0,Auckland Region,Nil,1-way,Sealed,0,0,0,0,50,0,None,0,0,40,76,Auckland,Give way,1,0,0,0,0,0,Urban,0,0,0,Fine,Null
1751212.9601,5915647.4884,871204,,514401,0,0,0,2,0,East,2022/2023,WALSALL STREET,GREAT NORTH ROAD,,Non-Injury Crash,No,2023,0,East,0,0,0,Hill Road,0,,0,,0,Overcast,381900,0,0,0,2,0,0,0,0,1,,0,0,Auckland Region,Nil,2-way,Sealed,0,0,0,0,50,0,Off,0,0,,76,Auckland,Nil,0,0,0,0,0,0,Urban,0,0,0,Light rain,Null
1769061.1128,5915612.7466,871206,,522730,0,0,0,0,0,South,2024/2025,PRINCE REGENT DRIVE,ANNA WATSON ROAD,,Non-Injury Crash,No,2024,0,South,0,0,0,Null,0,,0,,0,Overcast,679700,0,0,0,2,0,0,0,0,1,,0,0,Auckland Region,Nil,2-way,Sealed,0,0,0,0,50,0,Null,1,0,,76,Auckland,Nil,0,0,0,0,0,0,Urban,0,0,0,Fine,Null
1753502.35,5935779.771,871211,,508703,0,0,0,1,0,West,2023/2024,SPRINGVALE DRIVE,RISING PARADE,,Non-Injury Crash,No,2023,0,North,0,0,0,Hill Road,0,Christmas New Year,0,,0,Overcast,179201,0,0,0,2,0,0,0,0,1,,0,0,Auckland Region,Nil,2-way,Sealed,0,0,0,0,50,0,Off,0,0,,76,Auckland,Nil,0,0,0,0,0,0,Urban,1,0,0,Fine,Null
1794027.1688,5905673.464,871213,,525202,0,0,0,0,1,North,2023/2024,KAWAKAWA-ORERE ROAD,FORESTRY ROAD 3,,Minor Crash,No,2024,0,South,0,0,0,Hill Road,0,,0,,0,Bright sun,764501,1,0,1,2,0,0,0,0,0,,0,0,Auckland Region,Nil,2-way,Sealed,0,0,0,0,100,0,None,0,0,,76,Auckland,Nil,0,0,0,0,0,0,Open,0,0,0,Fine,Null
1753035.2756,5932385.9315,871220,,508807,0,,0,0,,West,2022/2023,ROSEDALE ROAD,HENRY ROSE PLACE,,Non-Injury Crash,No,2023,,East,,0,,Flat,,,,,,Dark,180810,0,0,0,2,,,0,,,,,,Auckland Region,Nil,2-way,Sealed,,0,0,,50,,On,0,0,,76,Auckland,Nil,,,,,0,0,Urban,2,,,Light rain,Null
1757310.7652,5920212.0919,871221,,514103,0,,0,2,,Null,2023/2024,WELLESLEY STREET WEST,WELLESLEY STREET EAST,,Non-Injury Crash,No,2024,,North,,0,,Flat,,,,,,Dark,436600,0,0,0,4,,,0,,,,,,Auckland Region,Nil,2-way,Sealed,,0,0,,30,,On,0,1,,76,Auckland,Traffic Signals,,,,,0,0,Urban,0,,,Fine,Null
1765586.3005,5892338.2872,871224,,521122,0,0,0,1,0,East,2022/2023,LINWOOD ROAD,URQUHART ROAD,,Non-Injury Crash,No,2023,0,East,0,0,0,Hill Road,1,,0,,0,Dark,809600,0,0,0,2,0,0,0,0,0,,0,0,Auckland Region,Bridge,2-way,Sealed,0,0,0,0,80,0,None,0,0,,76,Auckland,Nil,0,0,0,0,0,0,Open,0,0,0,Fine,Null
1755565.1127,5928369.8111,871225,,508320,0,,0,1,,South,2024/2025,ARCHERS ROAD,WAIRAU ROAD,,Minor Crash,No,2024,,South,,0,,Flat,,,,,,Overcast,198600,1,0,0,3,,,0,,,1,,,Auckland Region,Nil,2-way,Sealed,,0,0,,50,,Off,0,0,,76,Auckland,Nil,,,,,0,0,Urban,0,,,Fine,Null
1764509.9404,5908648.945,871229,,521802,0,,0,1,,Null,2023/2024,GREAT SOUTH ROAD,NELSON STREET,,Non-Injury Crash,No,2024,,South,,0,,Flat,,,,,,Bright sun,789600,0,0,0,4,,,0,,,,,,Auckland Region,Nil,2-way,Sealed,,0,0,,50,,Off,0,0,,76,Auckland,Traffic Signals,,,,,0,0,Urban,0,,,Fine,Null
1769979.3138,5900495.015,871230,,523816,0,0,0,1,0,South,2022/2023,SHIFNAL DRIVE,RIVERTON DRIVE,,Non-Injury Crash,No,2023,0,North,0,0,1,Flat,0,,0,,0,Dark,759711,0,0,0,2,0,0,0,0,0,,0,0,Auckland Region,Nil,2-way,Sealed,0,0,0,0,50,0,On,0,0,,76,Auckland,Nil,0,0,0,0,0,0,Urban,0,0,0,Fine,Null
1745264.5257,5924450.1236,871231,,513522,0,0,0,2,0,East,2022/2023,HOBSONVILLE ROAD,LUCKENS ROAD,,Non-Injury Crash,No,2023,0,West,0,0,0,Hill Road,0,Easter,0,,0,Dark,224130,0,0,0,2,0,0,0,0,1,,0,0,Auckland Region,Nil,2-way,Sealed,0,0,0,0,50,0,On,0,0,,76,Auckland,Nil,0,0,0,0,0,0,Urban,0,0,0,Fine,Null
1754793.1219,5917187.3795,871233,,517701,0,0,0,2,0,Null,2022/2023,KENNETH AVENUE,AROHA AVENUE,,Non-Injury Crash,No,2023,0,West,0,0,0,Hill Road,0,,0,,0,Overcast,536400,0,0,0,2,0,0,0,0,1,,0,0,Auckland Region,Nil,2-way,Sealed,0,0,0,0,50,0,Off,0,0,,76,Auckland,Give way,0,0,0,0,0,0,Urban,0,0,0,Fine,Null
1768322.9624,5913874.886,871236,,523000,1,,0,1,,Null,2025/2026,PAKURANGA ROAD,GOSSAMER DRIVE,,Non-Injury Crash,No,2025,,West,,0,,Flat,,Christmas New Year,,,,Bright sun,690200,0,0,0,3,,,0,,,,,,Auckland Region,Nil,1-way,Sealed,,0,0,,50,,Off,0,0,,76,Auckland,Traffic Signals,,,,,0,0,Urban,0,,,Fine,Null
1755200.1259,5918277.5801,871238,,515500,0,,0,0,,East,2022/2023,NORTH-WESTERN MOTORWAY,ST LUKES ROAD ON RAMP,,Non-Injury Crash,Yes,2023,,East,,0,,Hill Road,,,,,,Overcast,418800,0,0,0,4,,,0,,,,,,Auckland Region,Nil,1-way,Sealed,,0,0,,80,,Off,0,0,,76,Auckland,Nil,,,,,1,0,Open,1,,,Light rain,Null
1758142.7941,5917826.8466,871240,,515700,0,0,0,2,0,South,2024/2025,SOUTHERN MOTORWAY,GILLIES AVENUE OFF RAMP,,Minor Crash,Yes,2025,0,South,0,0,0,Flat,1,,0,,0,Dark,443300,2,0,0,4,0,0,0,0,0,,0,0,Auckland Region,Bridge,1-way,Sealed,0,0,0,0,80,0,On,0,0,,76,Auckland,Nil,0,0,0,0,0,0,Open,1,0,0,Fine,Null
1769884.1195,5901190.3483,871244,,523816,0,0,0,1,0,South,2024/2025,SOUTHERN MOTORWAY,ALFRISTON OBR,,Non-Injury Crash,Yes,2024,0,South,0,0,0,Flat,1,,0,,0,Dark,759724,0,0,0,3,0,0,0,0,0,,0,0,Auckland Region,Nil,1-way,Sealed,0,0,0,0,100,0,On,0,0,,76,Auckland,Nil,0,0,0,0,0,0,Open,0,0,0,Mist or Fog,Null
1770000.7595,5902592.4412,871246,,523814,0,,0,1,,South,2023/2024,CHARLES PREVOST DRIVE,PERETAO RISE,,Minor Crash,No,2023,,South,,0,,Flat,,,,,,Bright sun,760702,2,0,0,2,,,0,,,,,,Auckland Region,Nil,2-way,Sealed,,0,0,,50,,Off,1,0,,76,Auckland,Nil,,,,,0,0,Urban,0,,,Fine,Null
1759004.9995,5920541.7415,871249,,514101,1,,0,0,,Null,2024/2025,QUAY STREET,THE STRAND,,Minor Crash,No,2024,,East,,0,,Hill Road,,,,,,Bright sun,438204,1,0,0,2,,,0,,,1,,,Auckland Region,Nil,1-way,Sealed,,0,0,,50,,Off,0,0,,76,Auckland,Traffic Signals,,,,,0,0,Urban,0,,,Fine,Null
1754528.6255,5920763.8111,871250,,515301,0,,0,1,,North,2023/2024,JERVOIS ROAD,SALISBURY STREET,,Minor Crash,No,2023,,North,,0,,Flat,,,,,,Twilight,426400,1,1,0,4,,,0,,,,,,Auckland Region,Nil,2-way,Sealed,,0,0,,50,,On,0,0,,76,Auckland,Nil,,,,,0,0,Urban,0,,,Fine,Null
1751649.1667,5916907.1834,871255,,514900,0,0,0,0,0,North,2023/2024,GREAT NORTH ROAD,FIR STREET,,Non-Injury Crash,No,2024,0,South,0,0,0,Flat,0,,0,,0,Dark,384701,0,0,0,4,0,0,0,0,0,,0,0,Auckland Region,Nil,2-way,Sealed,1,0,0,0,50,0,On,0,0,,76,Auckland,Nil,0,0,0,0,1,0,Urban,1,0,0,Fine,Null
1766651.4166,5910256.0931,871256,,523112,0,,0,0,,Null,2023/2024,EL KOBAR DRIVE,SIR WOOLF FISHER DRIVE,,Non-Injury Crash,No,2023,,South,,0,,Flat,,,,,,Overcast,711301,0,0,0,2,,,0,,,,,,Auckland Region,Nil,1-way,Sealed,,0,0,,50,,Off,0,0,,76,Auckland,Give way,,,,,1,0,Urban,1,,,Fine,None
1754627.2844,5914788.2981,871257,,518802,1,,0,1,,Null,2024/2025,MOUNT ALBERT ROAD,KIWITEA STREET,,Minor Crash,No,2024,,South,,0,,Flat,,,,,,Bright sun,577600,1,0,0,2,,,0,,,,,,Auckland Region,Nil,2-way,Sealed,,0,0,,50,,Off,0,0,,76,Auckland,Give way,,,,,0,0,Urban,0,,,Fine,Null
1754445.5805,5927320.7304,871258,,508310,0,0,0,2,0,South,2022/2023,ARCHERS ROAD,BEATRICE AVENUE,,Minor Crash,No,2023,0,North,0,0,0,Hill Road,0,,0,,0,Dark,201702,1,0,0,2,0,0,0,0,1,,0,0,Auckland Region,Nil,2-way,Sealed,0,0,0,0,50,0,On,0,0,,76,Auckland,Nil,0,0,0,0,0,0,Urban,0,0,0,Fine,Null
1765145.4108,5905376.9351,871260,,522202,0,,0,2,,Null,2023/2024,WALLACE ROAD,EVELYN STREET,,Non-Injury Crash,No,2023,,North,,0,,Flat,,,,,,Bright sun,664600,0,0,0,2,,,0,,,,,,Auckland Region,Nil,2-way,Sealed,,0,0,,50,,Off,0,0,,76,Auckland,Give way,,,,,0,0,Urban,0,,,Fine,None
1787540.4285,5889886.2283,871272,,521132,0,,0,1,,Null,2024/2025,PAPARIMU ROAD,MOUMOUKAI ROAD,,Serious Crash,No,2025,,South,,0,,Hill Road,,,,,,Overcast,815704,0,0,0,2,,,0,,,,,,Auckland Region,Nil,2-way,Sealed,,0,2,,80,,None,0,0,,76,Auckland,Give way,,,,,1,0,Open,0,,,Fine,Null
1756317.3199,5920499.3338,871275,,514102,0,,0,1,,North,2025/2026,NORTHERN MOTORWAY,VICTORIA PARK VDT S,,Non-Injury Crash,Yes,2025,,South,,0,,Null,,Christmas New Year,,,,Bright sun,432700,0,0,0,2,,,0,,,,,,Auckland Region,Nil,1-way,Sealed,,0,0,,80,,Null,0,0,,76,Auckland,Nil,,,,,0,1,Open,0,,,Fine,Null
1755708.9468,5912307.35,871278,,518701,0,0,0,2,0,West,2023/2024,NOTON ROAD,OAKDALE ROAD,,Non-Injury Crash,No,2023,0,East,0,0,0,Flat,0,,0,,0,Bright sun,573600,0,0,0,2,0,0,0,0,1,,0,0,Auckland Region,Nil,2-way,Sealed,0,0,0,0,50,0,Off,0,0,,76,Auckland,Nil,0,0,0,0,0,0,Urban,0,0,0,Fine,Null
1763250.7804,5973062.0751,871288,,506661,0,0,0,1,1,East,2025/2026,TAKATU ROAD,BADDELEYS BEACH ROAD,,Minor Crash,No,2026,0,South,0,0,0,Hill Road,0,,0,,0,Bright sun,138821,4,0,0,2,0,0,0,0,0,,0,0,Auckland Region,Nil,2-way,Sealed,0,0,0,0,50,0,None,0,0,,76,Auckland,Nil,0,0,0,0,0,0,Urban,0,0,0,Fine,Null
1749869.4951,5911589.0367,871290,,512100,0,0,0,2,0,West,2022/2023,GODLEY ROAD,BISHOP STREET,,Non-Injury Crash,No,2023,0,East,0,0,0,Flat,0,,0,,0,Dark,289400,0,0,0,2,0,0,0,0,1,,0,0,Auckland Region,Nil,2-way,Sealed,0,0,0,0,50,0,On,0,0,,76,Auckland,Nil,0,0,0,0,0,0,Urban,0,0,0,Fine,Null
1758822.583,5912159.9015,871295,,519810,0,,0,1,,Null,2023/2024,SELWYN STREET,CHURCH STREET,,Non-Injury Crash,No,2023,,North,,0,,Flat,,,,,,Dark,601600,0,0,0,4,,,0,,,,,,Auckland Region,Nil,2-way,Sealed,,0,0,,50,,On,0,0,,76,Auckland,Traffic Signals,,,,,0,0,Urban,1,,,Fine,Null
1759719.6687,5916222.2657,871299,,516002,0,,0,1,,West,2022/2023,SOUTHERN MOTORWAY,GREEN LANE EAST OFF RAMP,,Non-Injury Crash,Yes,2023,,South,,0,,Flat,,Queens Birthday,,,,Bright sun,492000,0,0,0,3,,,0,,,,,,Auckland Region,Nil,1-way,Sealed,,0,0,,100,,Off,1,0,,76,Auckland,Nil,,,,,0,0,Open,0,,,Fine,Null
1755539.2654,5927967.4531,871300,,507900,0,0,0,0,0,South,2025/2026,PORANA ROAD,SILVERFIELD,,Non-Injury Crash,No,2025,0,South,0,0,0,Flat,0,,0,,0,Bright sun,305201,0,0,0,2,0,0,0,0,0,,0,1,Auckland Region,Nil,2-way,Sealed,0,0,0,0,50,0,Off,0,0,,76,Auckland,Nil,0,0,0,0,1,0,Urban,0,0,0,Fine,Null
1744739.369,5917914.5394,871301,,510700,0,,0,1,,West,2023/2024,STURGES ROAD,SWANSON ROAD,,Non-Injury Crash,No,2024,,East,,0,,Flat,,,,,,Bright sun,239501,0,0,0,3,,,0,,,,,,Auckland Region,Nil,2-way,Sealed,,0,0,,50,,Off,1,0,,76,Auckland,Nil,,,,,0,0,Urban,0,,,Fine,Null
1780849.684,5884075.9595,871303,,521132,0,0,0,1,0,Null,2023/2024,PAPARATA ROAD,TOTARA ROAD,,Minor Crash,No,2024,0,South,0,0,1,Hill Road,0,,0,,0,Bright sun,815401,2,0,0,2,0,0,0,0,0,,0,0,Auckland Region,Nil,2-way,Sealed,0,0,0,0,80,0,None,0,0,,76,Auckland,Give way,0,0,0,0,0,0,Open,1,0,0,Fine,Null
1756016.5697,5881588.5867,871318,,521152,0,0,0,0,0,North,2025/2026,GLENBROOK ROAD,BROOKSIDE ROAD,,Non-Injury Crash,No,2026,0,North,0,0,1,Flat,0,,0,,0,Overcast,834300,0,0,0,2,0,0,0,0,0,,0,0,Auckland Region,Nil,2-way,Sealed,0,0,0,0,80,0,Off,1,0,,76,Auckland,Nil,0,0,0,0,0,0,Open,0,0,0,Fine,Null
1764459.4656,5912169.9644,871321,,520500,0,,0,0,,South,2023/2024,SOUTHERN MOTORWAY,MOUNT WELLINGTON HWY OFF RAMP,,Non-Injury Crash,Yes,2023,,North,,0,,Hill Road,,,,,,Overcast,639500,0,0,0,3,,,0,,,,,,Auckland Region,Nil,1-way,Sealed,,0,0,,100,,Off,1,0,,76,Auckland,Nil,,,,,1,0,Open,1,,,Fine,Null
1769892.2339,5900971.0809,871323,,524902,0,,0,1,,South,2023/2024,SOUTHERN MOTORWAY,ALFRISTON OBR,,Non-Injury Crash,Yes,2024,,North,,0,,Flat,,,,,,Overcast,757700,0,0,0,3,,,0,,,,,,Auckland Region,Nil,1-way,Sealed,,0,0,,100,,Off,0,0,,76,Auckland,Nil,,,,,0,0,Open,1,,,Fine,Null
1758487.6396,5917617.3772,871334,,516001,0,,0,1,,South,2024/2025,SOUTHERN MOTORWAY,NEWMARKET VDT,,Minor Crash,Yes,2025,,North,,0,,Flat,,,,,,Dark,490800,1,0,1,3,,,0,,,,,,Auckland Region,Nil,1-way,Sealed,,0,0,,80,,On,0,0,,76,Auckland,Nil,,,,,0,0,Open,0,,,Fine,Null
1750428.1968,5915872.684,871341,,514802,0,,0,1,,Null,2024/2025,ROSEBANK ROAD,RIVERSDALE ROAD,,Non-Injury Crash,No,2024,,North,,0,,Flat,,,,,,Dark,389900,0,0,0,2,,,0,,,,,,Auckland Region,Nil,2-way,Sealed,,0,0,,50,,On,0,0,,76,Auckland,Stop,,,,,0,0,Urban,1,,,Fine,Null
1758155.5322,5913803.0966,871343,,518600,0,0,0,1,0,South,2022/2023,MANUKAU ROAD,HAYDN AVENUE,,Minor Crash,No,2023,0,North,0,0,0,Flat,0,,0,,0,Twilight,567000,1,0,0,2,0,0,0,0,0,,0,0,Auckland Region,Nil,2-way,Sealed,0,0,0,0,50,0,On,0,0,,76,Auckland,Nil,1,0,0,0,0,0,Urban,0,0,0,Fine,Null
1743890.3245,5920902.4511,871344,,513632,0,,0,2,,Null,2024/2025,ZITA MARIA DRIVE,ANICH ROAD,,Minor Crash,No,2025,,East,,0,,Hill Road,,,,,,Bright sun,229300,2,0,0,2,,,0,,,,,,Auckland Region,Nil,2-way,Sealed,,0,0,,50,,Off,0,0,,76,Auckland,Give way,,,,,0,0,Urban,0,,,Fine,Null
1756087.6011,5920332.2398,871353,,514000,1,,0,1,,Null,2024/2025,FRANKLIN ROAD,NAPIER STREET,,Non-Injury Crash,No,2025,,North,,0,,Hill Road,,,,,,Bright sun,416900,0,0,0,2,,,0,,,,,,Auckland Region,Nil,2-way,Sealed,,0,0,,30,,Off,0,0,,76,Auckland,Stop,,,,,0,0,Urban,0,,,Fine,Null
1754671.2326,5914746.6146,871358,,518802,0,0,0,1,0,Null,2024/2025,MOUNT ALBERT ROAD,WAITE AVENUE,,Minor Crash,No,2024,0,North,0,0,1,Flat,0,Christmas New Year,0,,0,Dark,577700,1,0,0,2,0,0,0,0,0,,0,0,Auckland Region,Nil,2-way,Sealed,0,0,0,0,50,0,On,0,0,,76,Auckland,Give way,0,0,0,0,0,0,Urban,0,0,0,Light rain,Null
1766398.2555,5907362.2883,871359,,522302,0,,0,0,,South,2022/2023,SOUTHERN MOTORWAY,EAST TAMAKI OBR,,Minor Crash,Yes,2023,,North,,0,,Flat,,,,,,Bright sun,667700,1,0,1,3,,,0,,,,,,Auckland Region,Nil,1-way,Sealed,,0,0,,100,,Off,0,0,,76,Auckland,Nil,,,,,0,0,Open,1,,,Fine,Null
1756564.7059,5924709.3494,871362,,509702,0,,0,1,,Null,2024/2025,NORTHERN MOTORWAY,ONEWA ROAD OFF RAMP,,Minor Crash,Yes,2024,,South,,0,,Flat,,,,,,Overcast,366700,1,0,0,3,,,0,,,,,,Auckland Region,Nil,1-way,Sealed,,0,0,,100,,Off,0,0,,76,Auckland,Nil,,,,,1,0,Open,0,,,Fine,Null
1769633.1747,5908528.5143,871363,,523115,0,0,0,1,0,Null,2022/2023,TE IRIRANGI DRIVE,ACCENT DRIVE,,Minor Crash,No,2023,0,South,0,0,0,Flat,0,,0,,0,Bright sun,711909,1,0,0,1,0,0,0,0,0,,0,0,Auckland Region,Nil,1-way,Sealed,0,0,0,0,60,0,Off,0,0,,76,Auckland,Give way,0,1,0,0,0,0,Urban,0,0,0,Fine,Null
1772922.833,5896097.4063,871369,,525410,0,,0,2,,East,2025/2026,WOOD STREET,GREAT SOUTH ROAD,,Non-Injury Crash,No,2026,,South,,0,,Flat,,,,,,Overcast,793200,0,0,0,2,,,0,,,,,,Auckland Region,Nil,2-way,Sealed,,0,0,,50,,Off,0,0,,76,Auckland,Nil,,,,,0,0,Urban,0,,,Fine,Null
1762380.0687,5912888.0633,871373,,520500,0,,0,1,,North,2025/2026,GREAT SOUTH ROAD,SIMS ROAD,,Non-Injury Crash,No,2025,,North,,0,,Flat,,Christmas New Year,,,,Bright sun,637200,0,0,0,4,,,0,,,,,,Auckland Region,Nil,2-way,Sealed,,0,0,,50,,Null,0,0,,76,Auckland,Nil,,,,,0,1,Urban,0,,,Fine,Null
1825533.2003,5978998.5409,871378,,521000,0,0,0,1,0,West,2023/2024,ROSALIE BAY ROAD,LITTLE GOAT ROAD,,Minor Crash,No,2024,0,West,0,0,0,Hill Road,0,,0,,0,Bright sun,439309,1,0,0,0,0,0,0,0,0,,0,0,Auckland Region,Nil,2-way,Unsealed,0,0,0,0,100,0,None,0,0,,76,Auckland,Nil,0,0,0,2,1,0,Open,0,0,0,Fine,Null
1762172.9816,5908063.988,871384,,524530,0,0,0,0,0,Null,2023/2024,WICKMAN WAY,TENNESSEE AVENUE,,Non-Injury Crash,No,2024,0,South,0,0,1,Hill Road,0,,0,,1,Overcast,732700,0,0,0,2,0,0,0,0,0,,0,1,Auckland Region,Nil,2-way,Sealed,0,0,0,0,30,0,Off,0,0,,76,Auckland,Give way,0,1,0,0,0,0,Urban,1,0,0,Fine,Null
1760327.6625,5912528.5611,871392,,520000,0,,0,3,,North,2024/2025,CAPTAIN SPRINGS ROAD,GROTTO STREET,,Non-Injury Crash,No,2024,,South,,0,,Null,,,,,,Unknown,606500,0,0,0,2,,,0,,,,,,Auckland Region,Nil,2-way,Sealed,,0,0,,50,,Null,0,0,,76,Auckland,Nil,,,,,0,0,Urban,0,,,Fine,Null
1763392.2824,5909220.2577,871393,,521901,0,,0,1,,Null,2025/2026,WALMSLEY ROAD,KAKA STREET,,Non-Injury Crash,No,2026,,South,,0,,Flat,,,,,,Bright sun,783500,0,0,0,4,,,0,,,,,,Auckland Region,Nil,2-way,Sealed,,0,0,,50,,Off,1,0,,76,Auckland,Traffic Signals,,,,,0,0,Urban,0,,,Fine,Null
1742970.0689,5905178.8937,871394,55,513800,0,0,0,1,0,North,2023/2024,HUIA ROAD,PINE AVENUE,,Non-Injury Crash,No,2024,0,South,0,0,0,Hill Road,0,,0,,0,Overcast,303101,0,0,0,2,0,0,0,0,0,,0,1,Auckland Region,Nil,2-way,Sealed,0,0,0,0,80,0,None,0,0,,76,Auckland,Nil,0,0,0,0,0,1,Open,0,0,0,Fine,Null
1758200.0873,5918175.8152,871401,,515700,0,,0,1,,Null,2025/2026,SECCOMBES ROAD,GILLIES AVENUE,,Non-Injury Crash,No,2025,,East,,0,,Hill Road,,,,,,Dark,443200,0,0,0,2,,,0,,,,,,Auckland Region,Nil,2-way,Unsealed,,0,0,,50,,On,0,0,,76,Auckland,Stop,,,,,1,0,Urban,0,,,Fine,Null
1772519.6529,5896452.5443,871405,,525420,0,0,0,1,0,South,2025/2026,EAST STREET,QUEEN STREET,,Minor Crash,No,2025,0,West,0,0,0,Flat,0,Christmas New Year,0,,0,Bright sun,791600,1,0,0,2,0,1,0,0,0,,0,0,Auckland Region,Nil,2-way,Sealed,0,0,0,0,50,0,Off,0,0,,76,Auckland,Nil,0,0,0,0,0,0,Urban,0,0,0,Fine,Null
1759707.2081,5906709.8895,871408,,524111,0,,1,1,,South,2023/2024,THOMAS ROAD,STAVERTON CRESCENT,,Non-Injury Crash,No,2024,,North,,0,,Flat,,,,,,Bright sun,740200,0,0,0,2,,,0,,,,,,Auckland Region,Nil,2-way,Sealed,,0,0,,50,,Off,0,0,30,76,Auckland,Traffic Signals,,,,,0,0,Urban,0,,,Fine,Null
1770187.0255,5914661.957,871409,,521601,0,,0,2,,East,2024/2025,PAKURANGA ROAD,HUTCHINSONS ROAD,,Non-Injury Crash,No,2024,,East,,0,,Flat,,,,,,Bright sun,645200,0,0,0,4,,,0,,,,,,Auckland Region,Nil,2-way,Sealed,,0,0,,50,,Off,0,0,,76,Auckland,Nil,,,,,0,0,Urban,0,,,Fine,Null
1764513.8923,5912094.9792,871410,,520500,0,,0,1,,South,2023/2024,SOUTHERN MOTORWAY,MOUNT WELLINGTON HWY OFF RAMP,,Non-Injury Crash,Yes,2024,,North,,0,,Flat,,,,,,Bright sun,639500,0,0,0,3,,,0,,,,,,Auckland Region,Nil,1-way,Sealed,,0,0,,100,,Off,0,0,,76,Auckland,Nil,,,,,0,0,Open,2,,,Fine,Null
1751318.5942,5914038.6549,871418,,514402,0,,0,1,,Null,2022/2023,WOLVERTON STREET,LANSFORD CRESCENT,,Non-Injury Crash,No,2023,,East,,0,,Hill Road,,,,,,Overcast,379402,0,0,0,4,,,0,,,,,,Auckland Region,Nil,2-way,Sealed,,0,0,,50,,Off,1,0,,76,Auckland,Stop,,,,,0,0,Urban,0,,,Light rain,Null