X,Y,OBJECTID,advisorySpeed,areaUnitID,bicycle,bridge,bus,carStationWagon,cliffBank,crashDirectionDescription,crashFinancialYear,crashLocation1,crashLocation2,crashRoadSideRoad,crashSeverity,crashSHDescription,crashYear,debris,directionRoleDescription,ditch,fatalCount,fence,flatHill,guardRail,holiday,houseOrBuilding,intersection,kerb,light,meshblockId,minorInjuryCount,moped,motorcycle,NumberOfLanes,objectThrownOrDropped,otherObject,otherVehicleType,overBank,parkedVehicle,pedestrian,phoneBoxEtc,postOrPole,region,roadCharacter,roadLane,roadSurface,roadworks,schoolBus,seriousInjuryCount,slipOrFlood,speedLimit,strayAnimal,streetLight,suv,taxi,temporarySpeedLimit,tlaId,tlaName,trafficControl,trafficIsland,trafficSign,train,tree,truck,unknownVehicleType,urban,vanOrUtility,vehicle,waterRiver,weatherA,weatherB
1737320.8344,5929360.0689,871420,,505602,0,0,0,0,0,Null,2024/2025,MAIN ROAD,TAPU ROAD,,Minor Crash,Yes,2025,0,West,0,0,1,Flat,0,,0,,0,Overcast,214900,1,0,0,2,0,0,0,0,0,,0,0,Auckland Region,Nil,2-way,Sealed,0,0,0,0,50,0,Off,1,0,,76,Auckland,Give way,0,0,0,1,0,0,Urban,0,0,0,Fine,Null
1749782.0951,5913360.2685,871424,,511401,0,0,0,1,0,Null,2024/2025,HUTCHINSON AVENUE,MARGAN AVENUE,,Non-Injury Crash,No,2024,0,North,0,0,0,Hill Road,1,,0,,0,Bright sun,264400,0,0,0,2,0,0,0,0,0,,0,0,Auckland Region,Nil,2-way,Sealed,0,0,0,0,50,0,Off,0,0,,76,Auckland,Give way,0,0,0,0,0,0,Urban,0,0,0,Fine,Null
1768458.3313,5909021.4741,871425,,523112,0,,0,1,,South,2024/2025,SPRINGS ROAD,LADY RUBY DRIVE,,Non-Injury Crash,No,2025,,South,,0,,Flat,,,,,,Overcast,711600,0,0,0,4,,,0,,,,,,Auckland Region,Nil,2-way,Sealed,,0,0,,50,,Off,0,0,,76,Auckland,Nil,,,,,0,0,Urban,1,,,Fine,Null
1768914.2299,5900838.4323,871427,,525002,0,0,0,2,0,Null,2022/2023,GREAT SOUTH ROAD,ALFRISTON ROAD,,Minor Crash,No,2023,0,North,0,0,0,Flat,0,,0,,1,Dark,752802,1,0,0,4,0,1,0,0,0,,0,0,Auckland Region,Nil,2-way,Sealed,0,0,0,0,50,0,On,0,0,,76,Auckland,Traffic Signals,0,0,0,0,0,0,Urban,0,0,0,Fine,Null
1773353.6061,5899324.7218,871428,,523912,0,0,0,2,0,South,2024/2025,MILL ROAD,AIRFIELD ROAD,,Minor Crash,No,2025,0,North,1,0,0,Flat,0,,0,,0,Overcast,765401,1,0,0,2,0,0,0,0,0,,0,0,Auckland Region,Nil,2-way,Sealed,0,0,0,0,80,0,Off,0,0,,76,Auckland,Nil,0,0,0,0,0,0,Open,0,0,0,Fine,Null
1759978.1312,5906362.4788,871430,,524111,0,0,0,0,0,Null,2023/2024,THOMAS ROAD,CORNWALL ROAD,,Non-Injury Crash,No,2023,0,South,0,0,1,Flat,0,,0,,0,Overcast,740300,0,0,0,2,0,0,0,0,0,,0,0,Auckland Region,Nil,2-way,Sealed,0,0,0,0,50,0,Off,1,0,,76,Auckland,Give way,0,0,0,0,0,0,Urban,0,0,0,Light rain,Strong wind
1768741.578,5908625.8212,871434,,523113,0,0,0,0,0,East,2023/2024,EAST TAMAKI ROAD,SPRINGS ROAD,,Non-Injury Crash,No,2024,0,East,0,0,0,Flat,0,,0,,0,Dark,711801,0,0,0,2,0,0,0,0,0,,0,1,Auckland Region,Nil,2-way,Sealed,0,0,0,0,60,0,On,0,0,,76,Auckland,Nil,0,0,0,0,0,0,Urban,1,0,0,Fine,Null
1764299.2705,5916936.5377,871435,,520301,0,0,0,2,0,Null,2022/2023,MERTON ROAD,TISDALL CRESCENT,,Non-Injury Crash,No,2023,0,East,0,0,0,Hill Road,0,,0,,0,Dark,465302,0,0,0,2,0,0,0,0,1,,0,0,Auckland Region,Nil,2-way,Sealed,0,0,0,0,50,0,On,0,0,,76,Auckland,Nil,0,0,0,1,0,0,Urban,0,0,0,Light rain,Null
1742211.8004,5915362.4313,871437,,513020,0,0,0,1,0,Null,2025/2026,HENDERSON VALLEY ROAD,CANDIA ROAD,,Non-Injury Crash,No,2025,0,West,0,0,1,Flat,0,,0,,0,Dark,280901,0,0,0,2,0,0,0,0,0,,0,0,Auckland Region,Nil,2-way,Sealed,0,0,0,0,60,0,On,0,0,,76,Auckland,Give way,0,0,0,0,0,0,Urban,0,0,0,Light rain,Null
1765652.9319,5914723.9622,871438,,520601,0,,0,0,,South,2024/2025,TRIPOLI ROAD,MATAPAN ROAD,,Serious Crash,No,2024,,North,,0,,Flat,,,,,,Overcast,630200,0,0,1,2,,,0,,,,,,Auckland Region,Nil,2-way,Sealed,,0,1,,50,,Off,0,0,,76,Auckland,Nil,,,,,0,0,Urban,1,,,Fine,Null
1767934.8103,5904525.0501,871452,,523722,0,,0,2,,North,2023/2024,SOUTHERN MOTORWAY,AIRPORT OFF RAMP,,Non-Injury Crash,Yes,2023,,South,,0,,Flat,,,,,,Overcast,715805,0,0,0,2,,,0,,,,,,Auckland Region,Nil,1-way,Sealed,,0,0,,100,,None,0,0,,76,Auckland,Nil,,,,,0,0,Open,0,,,Fine,None
1746428.8667,5920116.2764,871453,,512300,0,,0,0,,East,2025/2026,NORTH-WESTERN MOTORWAY,HENDERSON CK BR,,Non-Injury Crash,Yes,2025,,East,,0,,Flat,,,,,,Bright sun,251700,0,0,0,3,,,0,,,,,,Auckland Region,Nil,1-way,Sealed,,0,0,,100,,Off,1,0,,76,Auckland,Nil,,,,,0,0,Open,0,,,Fine,Null
1753698.7568,5931254.5352,871461,,508803,0,,0,2,,Null,2024/2025,UPPER HARBOUR HIGHWAY,PAUL MATTHEWS ROAD,,Minor Crash,Yes,2025,,South,,0,,Flat,,,,,,Bright sun,180815,2,0,0,2,,,0,,,,,,Auckland Region,Underpass,1-way,Sealed,,0,0,,50,,Off,0,0,,76,Auckland,Traffic Signals,,,,,0,0,Urban,1,,,Fine,Null
1773374.8759,5897702.9309,871465,,523912,0,,0,0,,Null,2024/2025,GROVE ROAD,BATTALION DRIVE,,Minor Crash,No,2025,,North,,0,,Flat,,,,,,Bright sun,765500,1,0,1,2,,,0,,,,,,Auckland Region,Nil,2-way,Sealed,,0,0,,50,,Off,0,0,,76,Auckland,Give way,,,,,0,0,Urban,0,,,Fine,Null
1759471.4534,5915529.6773,871467,,519400,0,,0,1,,West,2023/2024,GREEN LANE WEST,MAUNGAKIEKIE AVENUE,,Serious Crash,No,2023,,West,,0,,Flat,,,,,,Twilight,616600,0,0,1,4,,,0,,,,,,Auckland Region,Nil,2-way,Sealed,,0,1,,50,,On,0,0,,76,Auckland,Nil,,,,,0,0,Urban,0,,,Light rain,Null
1755334.5761,5930471.4034,871468,,508520,0,,0,2,,West,2024/2025,SYCAMORE DRIVE,SUNNYNOOK ROAD,,Minor Crash,No,2025,,North,,0,,Flat,,,,,,Bright sun,192800,1,0,0,2,,,0,,,,,,Auckland Region,Nil,2-way,Sealed,,0,0,,50,,Off,2,0,30,76,Auckland,Nil,,,,,0,0,Urban,0,,,Fine,Null
1756159.8224,5924021.3067,871469,,509800,0,,0,2,,North,2024/2025,NORTHERN MOTORWAY,WEIGH BRIDGE,,Non-Injury Crash,Yes,2024,,South,,0,,Hill Road,,,,,,Bright sun,361100,0,0,0,5,,,0,,,,,,Auckland Region,Nil,1-way,Sealed,,0,0,,80,,Off,1,0,,76,Auckland,Nil,,,,,0,0,Open,0,,,Fine,Null
1764212.9329,5910138.9852,871471,,521801,0,,0,3,,East,2022/2023,PRINCES STREET,ATKINSON AVENUE,,Minor Crash,No,2023,,West,,0,,Flat,,,,,,Bright sun,786802,1,0,0,4,,,0,,,,,,Auckland Region,Nil,2-way,Sealed,,0,0,,50,,Off,0,0,,76,Auckland,Nil,,,,,0,0,Urban,0,,,Fine,Null
1768142.7377,5907831.7643,871472,,523602,0,,0,2,,Null,2023/2024,PRESTON ROAD,EAST TAMAKI ROAD,,Non-Injury Crash,No,2023,,West,,0,,Flat,,,,,,Overcast,710100,0,0,0,1,,,0,,,,,,Auckland Region,Nil,1-way,Sealed,,0,0,,50,,Off,0,0,,76,Auckland,Give way,,,,,0,0,Urban,0,,,Fine,None
1758204.1069,5920239.8686,871473,,514103,0,,0,2,,Null,2025/2026,BEACH ROAD,CHURCHILL STREET,,Non-Injury Crash,No,2025,,East,,0,,Flat,,,,,,Bright sun,438203,0,0,0,4,,,0,,,,,,Auckland Region,Nil,2-way,Sealed,,0,0,,50,,Off,0,0,,76,Auckland,Traffic Signals,,,,,1,0,Urban,0,,,Fine,Null
1744917.337,5917842.9915,871480,,510700,0,0,0,1,0,West,2024/2025,SWANSON ROAD,LINCOLN ROAD,,Minor Crash,No,2024,0,East,0,0,1,Flat,0,,0,,0,Dark,239501,2,0,0,4,0,0,0,0,0,,1,0,Auckland Region,Nil,2-way,Sealed,0,0,0,0,50,0,On,0,0,,76,Auckland,Nil,0,0,0,0,0,0,Urban,0,0,0,Fine,Null
1767486.2812,5907519.5592,871481,,523602,0,0,0,2,0,South,2025/2026,FERGUSON ROAD,EAST TAMAKI ROAD,,Non-Injury Crash,No,2025,0,West,0,0,0,Null,0,,0,,0,Overcast,709800,0,0,0,2,0,0,0,0,0,,0,0,Auckland Region,Nil,2-way,Sealed,0,0,0,0,30,0,Null,0,0,,76,Auckland,Nil,0,0,0,0,0,0,Urban,0,1,0,Fine,Null
1764360.2693,5913595.8617,871483,,520602,0,0,0,1,0,Null,2022/2023,WAIPUNA ROAD,CARBINE ROAD,,Minor Crash,No,2023,0,East,0,0,1,Flat,0,,1,,0,Bright sun,629203,1,0,0,4,0,0,0,0,0,,0,0,Auckland Region,Nil,2-way,Sealed,0,0,0,0,50,0,Off,0,0,,76,Auckland,Traffic Signals,0,0,0,0,1,0,Urban,0,0,0,Fine,Null
1753953.9032,5934156.8153,871484,,508804,0,,0,1,,Null,2023/2024,EAST COAST ROAD,OAKTREE AVENUE,,Non-Injury Crash,No,2023,,North,,0,,Flat,,,,,,Unknown,180613,0,0,0,2,,,0,,,,,,Auckland Region,Nil,2-way,Sealed,,0,0,,50,,Off,0,0,,76,Auckland,Stop,,,,,0,0,Urban,1,,,Null,Null
1766581.3975,5904645.3465,871488,,524603,1,,0,1,,West,2024/2025,CAVENDISH DRIVE,LAMBIE DRIVE,,Minor Crash,No,2024,,East,,0,,Flat,,,,,,Bright sun,780202,1,0,0,4,,,0,,,,,,Auckland Region,Nil,2-way,Sealed,,0,0,,60,,Off,0,0,,76,Auckland,Nil,,,,,0,0,Urban,0,,,Fine,Null
1769009.2374,5909726.6317,871489,,523113,0,,0,2,,East,2024/2025,SMALES ROAD,SIR WILLIAM AVENUE,,Non-Injury Crash,No,2024,,South,,0,,Flat,,,,,,Bright sun,711810,0,0,0,2,,,0,,,,,,Auckland Region,Nil,2-way,Sealed,,0,0,,50,,Null,0,0,,76,Auckland,Nil,,,,,0,0,Urban,0,,,Null,Null
1763825.9833,5913713.291,871492,,520303,0,,0,2,,Null,2023/2024,MOUNT WELLINGTON HIGHWAY,WAIPUNA ROAD,,Non-Injury Crash,No,2024,,South,,0,,Flat,,Easter,,,,Overcast,627700,0,0,0,3,,,0,,,,,,Auckland Region,Nil,1-way,Sealed,,0,0,,50,,Off,1,0,,76,Auckland,Traffic Signals,,,,,0,0,Urban,0,,,Fine,Null
1749146.2523,5917114.1247,871494,,514801,1,,0,1,,West,2024/2025,ROSEBANK ROAD,CHARANN PLACE,,Minor Crash,No,2024,,East,,0,,Flat,,,,,,Overcast,389300,1,0,0,2,,,0,,,,,,Auckland Region,Nil,2-way,Sealed,,0,0,,50,,Off,0,0,,76,Auckland,Nil,,,,,0,0,Urban,0,,,Fine,Null
1745527.8996,5917541.0371,871499,,510700,0,,0,0,,Null,2023/2024,OFF ROAD PAK N SAVE CARPARK,,,Minor Crash,No,2023,,East,,0,,Flat,,,,,,Dark,239900,1,0,0,,,,0,,,1,,,Auckland Region,Nil,Off road,Sealed,,0,0,,10,,On,1,0,,76,Auckland,Nil,,,,,0,0,Urban,0,,,Light rain,Null
1758955.3145,5917595.0417,871501,,516001,0,0,1,1,0,South,2024/2025,REMUERA ROAD,BEATRICE ROAD,,Non-Injury Crash,No,2024,0,North,0,0,0,Flat,0,,0,,0,Bright sun,490704,0,0,0,4,0,0,0,0,1,,0,0,Auckland Region,Nil,2-way,Sealed,0,0,0,0,50,0,Null,0,0,,76,Auckland,Nil,0,0,0,0,0,0,Urban,0,0,0,Fine,Null
1765571.4461,5907002.2914,871504,,522301,0,,0,2,,Null,2023/2024,EAST TAMAKI ROAD,GREAT SOUTH ROAD,,Non-Injury Crash,No,2024,,South,,0,,Flat,,,,,,Overcast,666200,0,0,0,4,,,0,,,,,,Auckland Region,Nil,2-way,Sealed,,0,0,,50,,Off,0,0,,76,Auckland,Traffic Signals,,,,,0,0,Urban,0,,,Fine,None
1772242.0241,5907897.8113,871510,,523116,0,0,0,1,0,Null,2023/2024,JEFFS ROAD,MUIRLEA DRIVE,,Non-Injury Crash,No,2024,0,North,0,0,0,Flat,0,,0,,0,Bright sun,712224,0,0,0,2,0,0,0,0,1,,0,0,Auckland Region,Nil,2-way,Sealed,0,0,0,0,50,0,None,0,0,,76,Auckland,Give way,0,0,0,0,1,0,Urban,0,0,0,Fine,None
1742561.167,5924467.3192,871511,,513410,0,,0,1,,Null,2023/2024,FRED TAYLOR DRIVE,PUA STREET,,Serious Crash,No,2023,,North,,0,,Flat,,,,,,Overcast,226401,0,0,0,2,,,0,,,1,,,Auckland Region,Nil,2-way,Sealed,,0,1,,80,,Off,0,0,,76,Auckland,Give way,,,,,0,0,Open,0,,,Fine,Null
1753910.1249,5913451.8651,871515,,518802,0,,0,2,,Null,2022/2023,RICHARDSON ROAD,WHITE SWAN ROAD,,Non-Injury Crash,No,2023,,North,,0,,Flat,,Easter,,,,Bright sun,579400,0,0,0,2,,,0,,,,,,Auckland Region,Nil,2-way,Sealed,,0,0,,50,,Off,0,0,,76,Auckland,Give way,,,,,0,0,Urban,0,,,Fine,Null
1759119.3753,5910187.5484,871517,,524002,0,,0,1,,North,2024/2025,CORONATION ROAD,CHURCH ROAD,,Non-Injury Crash,No,2025,,South,,0,,Null,,,,,,Overcast,722000,0,0,0,2,,,0,,,,,,Auckland Region,Nil,2-way,Sealed,,0,0,,50,,Null,0,0,,76,Auckland,Nil,,,,,0,1,Urban,0,,,Null,Null
1751799.1712,5949510.8153,871518,,505805,0,,0,0,,North,2024/2025,HIBISCUS COAST HIGHWAY,MOENUI AVENUE,,Non-Injury Crash,No,2024,,North,,0,,Flat,,,,,,Bright sun,172104,0,0,0,2,,,0,,,,,,Auckland Region,Nil,2-way,Sealed,,0,0,,30,,Off,2,0,,76,Auckland,Nil,,,,,0,0,Urban,0,,,Fine,Null
1742151.105,5920242.5007,871521,35,513621,0,0,0,0,0,North,2024/2025,BIRDWOOD ROAD,CROWS ROAD,,Non-Injury Crash,No,2024,0,South,1,0,0,Flat,0,,0,,0,Twilight,226602,0,0,0,2,0,0,0,0,0,,0,0,Auckland Region,Nil,2-way,Sealed,0,0,0,0,50,0,On,1,0,,76,Auckland,Nil,0,0,0,0,0,0,Urban,0,0,0,Light rain,Null
1771119.4381,5911792.5092,871529,,523110,0,,1,1,,North,2025/2026,CHAPEL ROAD,KILKENNY DRIVE,,Minor Crash,No,2025,,North,,0,,Flat,,,,,,Dark,3205003,1,0,0,3,,,0,,,,,,Auckland Region,Nil,2-way,Sealed,,0,0,,50,,On,0,0,,76,Auckland,Nil,,,,,0,0,Urban,0,,,Light rain,Null
1746468.5643,5920074.3933,871530,,512402,0,,0,2,,South,2024/2025,NORTH-WESTERN MOTORWAY,HENDERSON CK BR,,Minor Crash,Yes,2025,,North,,0,,Flat,,,,,,Overcast,252100,2,0,0,3,,,0,,,,,,Auckland Region,Nil,1-way,Sealed,,0,0,,100,,Off,0,0,,76,Auckland,Nil,,,,,0,0,Open,0,,,Fine,Null
1762482.0837,5912764.747,871539,,519500,0,0,0,1,0,Null,2022/2023,SOUTH-EASTERN HIGHWAY,GREAT SOUTH ROAD,,Non-Injury Crash,No,2023,0,East,0,0,0,Flat,0,,0,,1,Overcast,622200,0,0,0,6,0,0,0,0,0,,0,0,Auckland Region,Nil,2-way,Sealed,0,0,0,0,50,0,Off,0,0,,76,Auckland,Traffic Signals,0,0,0,0,1,0,Urban,0,0,0,Fine,Null
1743486.0713,5909887.4147,871541,,512902,0,0,0,1,0,West,2024/2025,SCENIC DRIVE,COCHRAN ROAD,,Serious Crash,No,2025,0,West,0,0,0,Flat,0,,0,,0,Overcast,282302,0,0,0,2,0,0,0,0,0,,0,0,Auckland Region,Nil,2-way,Sealed,0,0,1,0,60,0,None,0,0,,76,Auckland,Nil,0,0,0,1,0,0,Urban,0,0,0,Light rain,Null
1760490.048,5889801.9794,871546,,521122,0,0,0,1,0,East,2024/2025,LINWOOD ROAD,MCROBBIE ROAD,,Serious Crash,No,2024,0,West,1,0,0,Flat,0,,0,,0,Dark,810901,0,0,0,2,0,0,0,0,0,,0,1,Auckland Region,Nil,2-way,Sealed,0,0,1,0,70,0,Off,0,0,,76,Auckland,Nil,0,1,0,0,0,0,Urban,0,0,0,Fine,Frost
1756881.3687,5912718.4225,871550,,518702,0,0,0,0,0,North,2023/2024,SOUTH-WESTERN MOTORWAY,HILLSBOROUGH ROAD OFF RAMP,,Non-Injury Crash,Yes,2024,0,North,0,0,0,Flat,1,,0,,0,Overcast,570100,0,0,0,3,0,0,0,0,0,,0,0,Auckland Region,Nil,1-way,Sealed,0,0,0,0,100,0,Off,0,0,,76,Auckland,Nil,0,0,0,0,0,0,Open,1,0,0,Light rain,Null
1756051.5583,5927889.2649,871556,,507900,0,,0,1,,South,2023/2024,NORTHERN MOTORWAY,WAIRAU OBR,,Non-Injury Crash,Yes,2024,,North,,0,,Hill Road,,,,,,Bright sun,305201,0,0,0,3,,,0,,,,,,Auckland Region,Nil,1-way,Sealed,,0,0,,100,,Off,1,0,,76,Auckland,Nil,,,,,0,0,Open,0,,,Fine,Null
1768495.8745,5903270.1104,871557,,524602,0,,0,3,,South,2024/2025,SOUTHERN MOTORWAY,AIRPORT OFF RAMP,,Non-Injury Crash,Yes,2025,,North,,0,,Flat,,,,,,Overcast,780506,0,0,0,3,,,0,,,,,,Auckland Region,Nil,1-way,Sealed,,0,0,,100,,Off,0,0,,76,Auckland,Nil,,,,,0,0,Open,0,,,Light rain,Null
1749294.1988,5914258.8741,871558,,511302,0,,0,2,,Null,2024/2025,RIMU STREET,NIKAU STREET,,Minor Crash,No,2025,,East,,0,,Flat,,,,,,Dark,268600,4,0,0,2,,,0,,,,,,Auckland Region,Nil,2-way,Sealed,,0,0,,50,,On,0,0,30,76,Auckland,Stop,,,,,0,0,Urban,0,,,Light rain,Null
1755101.8111,5913461.3022,871561,,518803,0,,0,1,,North,2024/2025,SOUTH-WESTERN MOTORWAY,DOMINION ROAD OFF RAMP,,Minor Crash,Yes,2025,,North,,0,,Flat,,,,,,Bright sun,582700,1,0,0,3,,,0,,,,,,Auckland Region,Nil,1-way,Sealed,,0,0,,100,,Off,0,0,,76,Auckland,Nil,,,,,0,0,Open,1,,,Light rain,Null
1759003.0701,5912422.2637,871562,,519820,0,,0,2,,Null,2023/2024,ONEHUNGA MALL,ARTHUR STREET,,Non-Injury Crash,No,2023,,North,,0,,Flat,,Labour Weekend,,,,Bright sun,601000,0,0,0,2,,,0,,,,,,Auckland Region,Nil,2-way,Sealed,,0,0,,50,,Off,0,0,,76,Auckland,Give way,,,,,0,0,Urban,0,,,Fine,None
1747743.169,5926829.9455,871568,,513431,0,,0,1,,South,2024/2025,SQUADRON DRIVE,BUCKLEY AVENUE,,Minor Crash,No,2024,,South,,0,,Flat,,,,,,Bright sun,221905,1,0,0,2,,,0,,,,,,Auckland Region,Nil,2-way,Sealed,,0,0,,50,,Off,1,0,,76,Auckland,Nil,,,,,0,0,Urban,2,,,Fine,Null
1744782.0322,5917933.083,871573,,510700,0,,0,1,,Null,2025/2026,SWANSON ROAD,STURGES ROAD,,Non-Injury Crash,No,2026,,North,,0,,Flat,,,,,,Overcast,239501,0,0,0,3,,,0,,,,,,Auckland Region,Nil,2-way,Sealed,,0,0,,50,,Off,0,0,,76,Auckland,Traffic Signals,,,,,0,0,Urban,1,,,Heavy rain,Null
1754832.4682,5916146.6506,871575,,517703,0,,0,1,,North,2022/2023,SANDRINGHAM ROAD,MARS AVENUE,,Minor Crash,No,2023,,North,,0,,Flat,,,,,,Bright sun,537800,1,0,1,2,,,0,,,,,,Auckland Region,Nil,2-way,Sealed,,0,0,,50,,Off,0,1,,76,Auckland,Nil,,,,,0,0,Urban,0,,,Fine,Null
1756104.3351,5923759.5883,871576,,509800,0,,0,1,,North,2024/2025,NORTHERN MOTORWAY,HARBOUR BR N,,Minor Crash,Yes,2024,,South,,0,,Flat,,,,,,Bright sun,358800,1,0,0,5,,,0,,,,,,Auckland Region,Nil,1-way,Sealed,,0,0,,80,,Off,1,0,,76,Auckland,Nil,,,,,0,0,Open,1,,,Fine,Null
1736873.1541,5981580.5096,871584,,505300,0,0,0,2,0,North,2023/2024,RODNEY STREET,DAVIES ROAD,,Non-Injury Crash,Yes,2023,0,South,0,0,0,Flat,0,,0,,0,Bright sun,143400,0,0,0,2,0,0,0,0,1,,0,0,Auckland Region,Nil,2-way,Sealed,0,0,0,0,50,0,Off,0,0,,76,Auckland,Nil,0,0,0,0,0,0,Urban,0,0,0,Fine,Null
1758231.5563,5920219.6202,871586,,514103,0,,0,1,,West,2023/2024,BEACH ROAD,STANLEY STREET,,Non-Injury Crash,No,2024,,East,,0,,Flat,,,,,,Bright sun,438203,0,0,0,4,,,0,,,,,,Auckland Region,Nil,2-way,Sealed,,0,0,,50,,Off,0,0,,76,Auckland,Nil,,,,,1,0,Urban,0,,,Fine,Null
1756100.4636,5919378.7863,871588,,514000,0,,0,2,,Null,2023/2024,HOPETOUN STREET,PONSONBY ROAD,,Non-Injury Crash,No,2024,,West,,0,,Flat,,,,,,Overcast,413800,0,0,0,3,,,0,,,,,,Auckland Region,Nil,2-way,Sealed,,0,0,,30,,Off,0,1,,76,Auckland,Traffic Signals,,,,,0,0,Urban,0,,,Light rain,Null
1771755.8308,5895151.569,871604,,525530,0,0,0,1,0,North,2023/2024,CHICHESTER DRIVE,ERCEG WAY,,Non-Injury Crash,No,2024,0,South,0,0,1,Flat,0,,0,,0,Twilight,804901,0,0,0,2,0,0,0,0,0,,0,0,Auckland Region,Nil,2-way,Sealed,0,0,0,0,30,0,Off,0,0,,76,Auckland,Nil,0,0,0,0,0,0,Urban,0,0,0,Light rain,Null
1769406.8974,5906024.9785,871605,,523712,0,0,0,2,0,Null,2024/2025,CHAPEL ROAD,MEDVALE AVENUE,,Non-Injury Crash,No,2025,0,North,0,0,0,Null,0,,0,,0,Bright sun,713202,0,0,0,2,0,0,0,0,1,,0,0,Auckland Region,Nil,2-way,Sealed,0,0,0,0,50,0,Null,0,0,,76,Auckland,Give way,0,0,0,0,0,0,Urban,0,0,0,Fine,Null
1775643.4686,5894927.3069,871608,,525510,0,0,0,1,1,Null,2023/2024,HUNUA ROAD,DOMINION ROAD,,Non-Injury Crash,No,2024,0,West,0,0,0,Flat,0,,0,,0,Overcast,801600,0,0,0,2,0,0,0,0,0,,0,0,Auckland Region,Nil,2-way,Sealed,0,0,0,0,50,0,Off,0,0,,76,Auckland,Give way,0,0,0,0,0,0,Urban,0,0,0,Fine,Null
1765393.5694,5907207.8747,871613,,522301,0,,0,0,,North,2025/2026,GREAT SOUTH ROAD,MAXWELL AVENUE,,Non-Injury Crash,No,2025,,South,,0,,Flat,,,,,,Bright sun,666100,0,0,0,2,,,0,,,,,,Auckland Region,Nil,2-way,Sealed,,0,0,,50,,Off,0,0,,76,Auckland,Nil,,,,,0,0,Urban,2,,,Fine,Null
1758347.1352,5920475.6159,871614,,514101,0,0,1,1,0,Null,2023/2024,TE TAOU CRESCENT,TE TAOU CRESCENT,,Non-Injury Crash,No,2023,0,North,0,0,0,Flat,0,,0,,0,Bright sun,438214,0,0,0,1,0,0,0,0,1,,0,0,Auckland Region,Nil,1-way,Sealed,0,0,0,0,30,0,None,0,0,,76,Auckland,Give way,0,0,0,0,0,0,Urban,0,0,0,Fine,Null
1756782.8396,5925932.9478,871615,,509702,0,,0,2,,Null,2023/2024,AKORANGA DRIVE,THE WAREHOUSE WAY,,Minor Crash,No,2023,,North,,0,,Flat,,,,,,Overcast,364601,1,0,0,4,,,0,,,,,,Auckland Region,Nil,2-way,Sealed,,0,0,,50,,Null,0,0,,76,Auckland,Traffic Signals,,,,,0,0,Urban,0,,,Fine,Null
1755857.8944,5919528.7887,871621,,514000,1,0,0,0,0,Null,2024/2025,PONSONBY ROAD,POLLEN STREET,,Serious Crash,No,2025,0,West,0,0,0,Flat,0,,0,,1,Dark,414500,0,0,0,4,0,0,0,0,0,,0,0,Auckland Region,Nil,2-way,Sealed,0,0,1,0,40,0,On,0,0,,76,Auckland,Give way,0,0,0,0,0,0,Urban,0,0,0,Fine,Null
1754924.664,5918315.1768,871630,,515500,0,,0,3,,East,2023/2024,NORTH-WESTERN MOTORWAY,ST LUKES ROAD ON RAMP,,Non-Injury Crash,Yes,2023,,East,,0,,Flat,,,,,,Bright sun,418800,0,0,0,4,,,0,,,,,,Auckland Region,Nil,1-way,Sealed,,0,0,,80,,Off,0,0,,76,Auckland,Nil,,,,,0,0,Open,0,,,Fine,Null
1767561.1312,5901076.6038,871633,,524720,0,0,0,1,0,East,2025/2026,RUSSELL ROAD,MONTILLA PLACE,,Non-Injury Crash,No,2025,0,East,0,0,0,Flat,0,,0,,0,Twilight,778400,0,0,0,2,0,0,0,0,1,,0,0,Auckland Region,Nil,2-way,Sealed,0,0,0,0,50,0,Off,1,0,,76,Auckland,Nil,0,0,0,0,0,0,Urban,0,0,0,Fine,Null
1768794.9938,5911588.9135,871634,,523112,0,,0,2,,East,2023/2024,TI RAKAU DRIVE,BURSWOOD DRIVE,,Non-Injury Crash,No,2023,,West,,0,,Flat,,,,,,Overcast,711404,0,0,0,3,,,0,,,,,,Auckland Region,Nil,1-way,Sealed,,0,0,,60,,Off,0,0,,76,Auckland,Nil,,,,,0,0,Urban,0,,,Light rain,Null
1747202.1624,5919997.5925,871637,,512300,0,,1,0,,Null,2024/2025,TE ATATU ROAD,TE ATATU ROAD ON RAMP,,Non-Injury Crash,No,2025,,North,,0,,Null,,,,,,Unknown,252000,0,0,0,4,,,0,,,,,,Auckland Region,Nil,2-way,Sealed,,0,0,,50,,Null,0,0,,76,Auckland,Nil,,,,,0,0,Urban,1,,,Fine,Null
1758347.108,5918033.9584,871638,,517400,0,,0,1,,North,2024/2025,MORROW STREET,BOURKE STREET,,Non-Injury Crash,No,2024,,South,,0,,Null,,,,,,Bright sun,451300,0,0,0,2,,,0,,,,,,Auckland Region,Nil,1-way,Sealed,,0,0,,50,,Null,1,0,,76,Auckland,Nil,,,,,0,0,Urban,0,,,Fine,Null
1757398.5132,5912376.7346,871644,,518702,0,,0,1,,North,2023/2024,SOUTH-WESTERN MOTORWAY,QUEENSTOWN OBR,,Non-Injury Crash,Yes,2023,,South,,0,,Flat,,,,,,Bright sun,570300,0,0,0,3,,,0,,,,,,Auckland Region,Nil,1-way,Sealed,,0,0,,100,,Off,1,0,,76,Auckland,Nil,,,,,0,0,Open,0,,,Fine,Null