X,Y,OBJECTID,advisorySpeed,areaUnitID,bicycle,bridge,bus,carStationWagon,cliffBank,crashDirectionDescription,crashFinancialYear,crashLocation1,crashLocation2,crashRoadSideRoad,crashSeverity,crashSHDescription,crashYear,debris,directionRoleDescription,ditch,fatalCount,fence,flatHill,guardRail,holiday,houseOrBuilding,intersection,kerb,light,meshblockId,minorInjuryCount,moped,motorcycle,NumberOfLanes,objectThrownOrDropped,otherObject,otherVehicleType,overBank,parkedVehicle,pedestrian,phoneBoxEtc,postOrPole,region,roadCharacter,roadLane,roadSurface,roadworks,schoolBus,seriousInjuryCount,slipOrFlood,speedLimit,strayAnimal,streetLight,suv,taxi,temporarySpeedLimit,tlaId,tlaName,trafficControl,trafficIsland,trafficSign,train,tree,truck,unknownVehicleType,urban,vanOrUtility,vehicle,waterRiver,weatherA,weatherB
1744383.7512,5917627.9379,871645,,510700,0,0,0,1,0,East,2025/2026,STURGES ROAD,GEORDIE STREET,,Non-Injury Crash,No,2025,0,South,0,0,0,Flat,0,,0,,0,Overcast,239300,0,0,0,2,0,0,0,0,0,,0,0,Auckland Region,Nil,2-way,Sealed,0,0,0,0,50,0,Off,0,1,,76,Auckland,Nil,0,0,0,0,0,0,Urban,0,0,0,Fine,Null
1744590.3834,5918078.6799,871652,,510700,0,,0,1,,South,2023/2024,SWANSON ROAD,RATHGAR ROAD,,Minor Crash,No,2023,,South,,0,,Flat,,,,,,Overcast,239200,1,0,0,2,,,0,,,,,,Auckland Region,Nil,2-way,Sealed,,0,0,,50,,Off,0,0,,76,Auckland,Nil,,,,,0,0,Urban,1,,,Fine,Null
1769217.2624,5902422.0285,871657,,524901,0,,0,2,,North,2024/2025,SOUTHERN MOTORWAY,HILL ROAD ON RAMP,,Non-Injury Crash,Yes,2025,,North,,0,,Hill Road,,,,,,Overcast,755000,0,0,0,3,,,0,,,,,,Auckland Region,Nil,1-way,Sealed,,0,0,,100,,Off,0,0,,76,Auckland,Nil,,,,,0,0,Open,0,,,Light rain,Null
1757672.8906,5918324.0143,871660,,514302,0,0,0,1,0,South,2023/2024,SOUTHERN MOTORWAY,KHYBER PASS ROAD ON RAMP,,Non-Injury Crash,Yes,2024,0,South,0,0,0,Hill Road,0,,0,,0,Overcast,442100,0,0,0,5,1,0,0,0,0,,0,0,Auckland Region,Nil,1-way,Sealed,0,0,0,0,80,0,Off,0,0,,76,Auckland,Nil,0,0,0,0,1,0,Open,0,0,0,Fine,Null
1755273.2973,5914679.7692,871668,,518500,0,,0,2,,Null,2022/2023,LOUVAIN AVENUE,DOMINION ROAD,,Non-Injury Crash,No,2023,,North,,0,,Flat,,,,,,Overcast,560400,0,0,0,2,,,0,,,,,,Auckland Region,Nil,2-way,Sealed,,0,0,,50,,None,0,0,,76,Auckland,Give way,,,,,0,0,Urban,0,,,Fine,None
1751528.497,5916393.2962,871671,,514900,0,0,0,1,0,Null,2023/2024,BLOCKHOUSE BAY ROAD,GREAT NORTH ROAD,,Minor Crash,No,2023,0,South,0,0,0,Flat,0,,0,,0,Bright sun,384903,1,0,0,4,0,0,0,0,0,,0,0,Auckland Region,Nil,2-way,Sealed,0,0,0,0,50,0,Off,0,0,,76,Auckland,Traffic Signals,0,1,0,0,0,0,Urban,0,0,0,Fine,Null
1743990.6894,5918853.4649,871672,,513220,0,,0,2,,Null,2024/2025,SWANSON ROAD,FRANK EVANS PLACE,,Minor Crash,No,2024,,North,,0,,Flat,,Christmas New Year,,,,Bright sun,236103,1,0,0,2,,,0,,,,,,Auckland Region,Nil,2-way,Sealed,,0,0,,50,,Off,0,0,,76,Auckland,Give way,,,,,0,0,Urban,0,,,Fine,Null
1759762.7513,5909083.0453,871674,,524002,0,,0,2,,Null,2024/2025,SOUTH-WESTERN MOTORWAY,WALMSLEY ROAD OFF RAMP,,Non-Injury Crash,Yes,2024,,South,,0,,Flat,,,,,,Bright sun,724102,0,0,0,3,,,0,,,,,,Auckland Region,Motorway ramp,1-way,Sealed,,0,0,,100,,Off,0,0,,76,Auckland,Nil,,,,,0,0,Open,0,,,Fine,Null
1764314.8318,5912276.8645,871676,,520500,0,,0,1,,North,2023/2024,MOUNT WELLINGTON HWY OFF RAMP,SOUTHERN MOTORWAY,,Non-Injury Crash,No,2024,,North,,0,,Flat,,,,,,Bright sun,639500,0,0,0,1,,,0,,,,,,Auckland Region,Motorway ramp,1-way,Sealed,,0,0,,100,,Off,1,0,,76,Auckland,Nil,,,,,0,0,Open,0,,,Fine,Null
1756601.896,5882651.7626,871677,,521152,0,,0,0,,West,2024/2025,GLENBROOK ROAD,WYMER ROAD,,Non-Injury Crash,No,2024,,East,,0,,Hill Road,,Christmas New Year,,,,Overcast,834400,0,0,0,2,,,0,,,,,,Auckland Region,Nil,2-way,Sealed,,0,0,,80,,None,0,0,,76,Auckland,Nil,,,,,0,0,Open,2,,,Fine,Null
1764647.7918,5877735.8582,871678,,521121,0,,0,2,,East,2024/2025,WAIUKU ROAD,AKA AKA ROAD,,Minor Crash,No,2024,,East,,0,,Flat,,,,,,Bright sun,825000,1,0,0,2,,,0,,,,,,Auckland Region,Nil,2-way,Sealed,,0,0,,80,,Off,0,0,,76,Auckland,Nil,,,,,0,0,Open,0,,,Fine,Null
1767192.886,5905560.8074,871679,,522302,0,,0,1,,Null,2023/2024,REAGAN ROAD,ALBERT ROAD,,Minor Crash,No,2023,,East,,0,,Flat,,,,,,Bright sun,670700,1,0,1,5,,,0,,,,,,Auckland Region,Nil,2-way,Sealed,,0,0,,50,,Off,0,0,,76,Auckland,Nil,,,,,0,0,Urban,0,,,Fine,Null
1757835.1318,5912137.6179,871680,,519810,0,,0,1,,South,2024/2025,SOUTH-WESTERN MOTORWAY,BEACHCROFT FTBR,,Minor Crash,Yes,2024,,North,,0,,Flat,,,,,,Overcast,602501,1,0,0,3,,,0,,,,,,Auckland Region,Nil,1-way,Sealed,,0,0,,100,,Off,0,0,,76,Auckland,Nil,,,,,0,0,Open,1,,,Light rain,Null
1745652.8682,5915334.113,871681,,511800,0,0,0,1,0,North,2024/2025,SEYMOUR ROAD,RANGEVIEW ROAD,,Minor Crash,No,2025,0,West,0,0,0,Flat,1,,0,,0,Dark,277600,1,0,0,2,0,0,0,0,0,,0,0,Auckland Region,Nil,2-way,Sealed,0,0,0,0,50,0,On,0,0,,76,Auckland,Nil,0,0,0,0,0,0,Urban,0,0,0,Fine,Null
1764522.9999,5912105.9961,871682,,520500,0,,0,1,,Null,2022/2023,MOUNT WELLINGTON HWY ON RAMP,SOUTHERN MOTORWAY,,Non-Injury Crash,No,2023,,South,,0,,Flat,,,,,,Overcast,639300,0,0,0,3,,,0,,,,,,Auckland Region,Nil,1-way,Sealed,,0,0,,100,,Off,1,0,,76,Auckland,Nil,,,,,0,0,Open,0,,,Fine,None
1727650.7702,5923230.8927,871685,,506654,0,,0,2,,South,2024/2025,MOTUTARA ROAD,DOMAIN CRESCENT,,Non-Injury Crash,No,2024,,South,,0,,Hill Road,,,,,,Bright sun,219001,0,0,0,2,,,0,,,,,,Auckland Region,Nil,2-way,Sealed,,0,0,,50,,None,0,0,,76,Auckland,Nil,,,,,0,0,Urban,0,,,Fine,Null
1761074.9414,5914375.9481,871690,,520202,0,,0,1,,Null,2023/2024,GREAT SOUTH ROAD,ELLERSLIE-PANMURE HIGHWAY,,Non-Injury Crash,No,2023,,South,,0,,Flat,,,,,,Bright sun,612200,0,0,0,2,,,0,,,,,,Auckland Region,Nil,2-way,Sealed,,0,0,,50,,Off,0,0,,76,Auckland,Give way,,,,,0,0,Urban,1,,,Fine,Null
1750472.843,5949143.0081,871700,,505805,0,0,0,2,0,West,2024/2025,LAKESIDE DRIVE,JUDD PLACE,,Non-Injury Crash,No,2024,0,West,0,0,0,Flat,0,,0,,0,Dark,171908,0,0,0,2,0,0,0,0,1,,0,0,Auckland Region,Nil,2-way,Sealed,0,0,0,0,50,0,On,0,0,,76,Auckland,Nil,0,0,0,0,0,0,Urban,0,0,0,Fine,Null
1745653.9126,5924776.5427,871704,,513431,0,,0,1,,North,2023/2024,HOBSONVILLE ROAD,WESTPARK DRIVE,,Minor Crash,No,2024,,South,,0,,Flat,,,,,,Overcast,223802,1,0,0,2,,,0,,,,,,Auckland Region,Nil,2-way,Sealed,,0,0,,50,,Off,0,0,,76,Auckland,Nil,,,,,1,0,Urban,1,,,Fine,Null
1755686.1342,5928682.5808,871708,,508510,0,,0,2,,North,2022/2023,NORTHERN MOTORWAY,TRISTRAM AVENUE ON RAMP,,Non-Injury Crash,Yes,2023,,South,,0,,Flat,,,,,,Bright sun,195700,0,0,0,3,,,0,,,,,,Auckland Region,Nil,1-way,Sealed,,0,0,,100,,Off,0,0,,76,Auckland,Nil,,,,,0,0,Open,1,,,Fine,Null
1764552.523,5905388.5006,871713,,522100,0,0,0,1,0,South,2024/2025,WYLLIE ROAD,ROMFORD ROAD,,Non-Injury Crash,No,2025,0,North,0,0,0,Flat,0,,0,,0,Bright sun,658202,0,0,0,2,0,0,0,0,1,,0,0,Auckland Region,Nil,2-way,Sealed,0,0,0,0,50,0,Off,0,0,,76,Auckland,Nil,0,0,0,0,1,0,Urban,0,0,0,Fine,Null
1758624.4016,5917532.9987,871718,,516001,0,0,0,1,0,North,2023/2024,SOUTHERN MOTORWAY,ST MARKS ROAD ON RAMP,,Non-Injury Crash,Yes,2024,0,South,0,0,0,Hill Road,1,,0,,0,Dark,491000,0,0,0,4,0,0,0,0,0,,0,0,Auckland Region,Bridge,1-way,Sealed,0,0,0,0,80,0,On,0,0,,76,Auckland,Nil,0,0,0,0,0,0,Open,0,0,0,Fine,Null
1744417.5958,5920816.7529,871721,,513632,0,0,0,2,0,South,2024/2025,CROMPTON ROAD,WAIMUMU ROAD,,Non-Injury Crash,No,2024,0,South,0,0,0,Flat,0,Christmas New Year,0,,0,Dark,228206,0,0,0,2,0,0,0,0,1,,0,0,Auckland Region,Nil,2-way,Sealed,0,0,0,0,50,0,Null,0,0,,76,Auckland,Nil,0,0,0,0,0,0,Urban,0,0,0,Fine,Null
1755360.957,5924711.0123,871727,,509800,0,,0,3,,Null,2022/2023,ONEWA ROAD,CHURCH STREET,,Minor Crash,No,2023,,West,,0,,Hill Road,,,,,,Dark,359400,2,0,0,4,,,0,,,,,,Auckland Region,Nil,2-way,Sealed,,0,0,,50,,On,0,0,,76,Auckland,Nil,,,,,0,0,Urban,0,,,Fine,Null
1766916.7143,5911251.5361,871734,,523112,0,0,0,0,0,Null,2023/2024,BUSINESS PARADE NORTH,WAIOURU ROAD,,Non-Injury Crash,No,2024,0,North,0,0,0,Flat,0,,0,,0,Dark,711200,0,0,0,2,0,0,0,0,0,,0,0,Auckland Region,Nil,2-way,Sealed,0,0,0,0,50,0,On,1,0,,76,Auckland,Give way,1,0,0,0,0,0,Urban,0,0,0,Fine,Null
1757395.6941,5928938.667,871735,,507800,0,,0,2,,Null,2022/2023,KITCHENER ROAD,OMANA ROAD,,Non-Injury Crash,No,2023,,West,,0,,Flat,,,,,,Dark,307300,0,0,0,2,,,0,,,,,,Auckland Region,Nil,2-way,Sealed,,0,0,,50,,On,0,0,,76,Auckland,Traffic Signals,,,,,0,0,Urban,0,,,Fine,Null
1769859.4431,5901212.4159,871738,,524902,0,0,0,1,0,South,2023/2024,SOUTHERN MOTORWAY,ALFRISTON OBR,,Non-Injury Crash,Yes,2024,0,North,0,0,0,Hill Road,2,,0,,0,Overcast,757700,0,0,0,3,0,0,0,0,0,,0,0,Auckland Region,Nil,1-way,Sealed,0,0,0,0,100,0,Off,0,0,,76,Auckland,Nil,0,0,0,0,0,0,Open,0,0,0,Fine,Null
1779060.1508,5905698.5575,871742,,525201,0,0,0,1,0,East,2023/2024,TWILIGHT ROAD,KIMPTONS ROAD,,Non-Injury Crash,No,2024,0,North,0,0,0,Hill Road,0,,0,,0,Dark,762200,0,0,0,2,0,0,0,0,0,,0,1,Auckland Region,Nil,2-way,Sealed,0,0,0,0,60,0,None,0,0,,76,Auckland,Nil,0,0,0,0,0,0,Urban,0,0,0,Fine,Null
1772675.5226,5896446.4568,871743,,525410,0,0,0,1,0,Null,2022/2023,BROADWAY,GREAT SOUTH ROAD,,Non-Injury Crash,No,2023,0,West,0,0,0,Flat,0,,0,,0,Dark,793000,0,0,0,2,0,1,0,0,0,,0,0,Auckland Region,Nil,2-way,Sealed,0,0,0,0,50,0,On,0,0,,76,Auckland,Traffic Signals,0,1,0,0,0,0,Urban,0,0,0,Fine,Null
1741788.6829,5926955.8253,871744,,513701,0,,0,1,,West,2023/2024,SH 16,BRIGHAM CK BR,,Serious Crash,Yes,2023,,South,,0,,Hill Road,,,,,,Twilight,220200,1,0,0,3,,,0,,,,,,Auckland Region,Nil,2-way,Sealed,,0,2,,80,,On,0,0,,76,Auckland,Nil,,,,,0,0,Open,1,,,Light rain,Null
1768945.7035,5905754.8964,871751,,523721,0,0,0,2,0,North,2022/2023,DISSMEYER DRIVE,DILLON CRESCENT,,Non-Injury Crash,No,2023,0,North,0,0,1,Flat,0,,0,,0,Dark,715605,0,0,0,2,0,0,0,0,1,,0,0,Auckland Region,Nil,2-way,Sealed,0,0,0,0,50,0,On,0,0,,76,Auckland,Nil,0,0,0,0,0,0,Urban,0,0,0,Fine,Null
1758269.7403,5916884.4876,871752,,515700,0,,0,2,,Null,2023/2024,MANUKAU ROAD,MOUNT ST JOHN AVENUE,,Non-Injury Crash,No,2024,,South,,0,,Flat,,,,,,Bright sun,457900,0,0,0,4,,,0,,,,,,Auckland Region,Nil,2-way,Sealed,,0,0,,50,,None,0,0,,76,Auckland,Give way,,,,,0,0,Urban,0,,,Fine,Null
1772519.4479,5903825.7079,871753,,523818,0,0,0,1,0,South,2023/2024,REDOUBT ROAD,ANNMARIE AVENUE,,Non-Injury Crash,No,2024,0,South,0,0,0,Flat,0,,0,,0,Dark,760903,0,0,0,2,0,0,0,0,0,,0,1,Auckland Region,Nil,2-way,Sealed,0,0,0,0,50,0,On,0,0,,76,Auckland,Nil,0,0,0,0,0,0,Urban,0,0,0,Light rain,Null
1735710.7801,5929911.7793,871757,,505605,0,,0,0,,East,2023/2024,SH 16,MATUA ROAD,,Non-Injury Crash,Yes,2023,,East,,0,,Flat,,Christmas New Year,,,,Overcast,215800,0,0,0,2,,,0,,,,,,Auckland Region,Nil,2-way,Sealed,,0,0,,80,,None,0,0,60,76,Auckland,Nil,,,,,1,0,Open,0,,,Light rain,Null
1771514.6448,5912908.7156,871760,,523106,0,,0,1,,Null,2024/2025,NORTHPARK AVENUE,MILLHOUSE DRIVE,,Non-Injury Crash,No,2025,,North,,0,,Null,,,,,,Bright sun,711151,0,0,0,2,,,0,,,,,,Auckland Region,Nil,2-way,Sealed,,0,0,,50,,Null,0,0,,76,Auckland,Give way,,,,,0,1,Urban,0,,,Fine,Null
1759212.2439,5907242.071,871770,,524122,0,,0,1,,Null,2022/2023,SOLENT STREET,ANSON ROW,,Serious Crash,No,2023,,South,,0,,Flat,,,,,,Overcast,739100,0,0,1,2,,,0,,,,,,Auckland Region,Nil,2-way,Sealed,,0,1,,50,,Off,0,0,30,76,Auckland,Nil,,,,,0,0,Urban,0,,,Fine,Null
1769805.7037,5915245.2352,871774,,522711,0,0,0,2,0,East,2023/2024,CASUARINA ROAD,FIESTA DRIVE,,Minor Crash,No,2023,0,East,0,0,0,Flat,0,,0,,0,Dark,680801,1,0,0,2,0,0,0,0,2,,0,0,Auckland Region,Nil,2-way,Sealed,0,0,0,0,50,0,On,0,0,,76,Auckland,Nil,0,0,0,0,0,0,Urban,1,0,0,Fine,Null
1753528.1139,5914386.0777,871775,,518801,0,0,0,1,0,Null,2024/2025,MAIORO STREET OFF RAMP,MAIORO STREET,,Minor Crash,No,2024,0,North,0,0,0,Flat,0,,0,,0,Dark,578400,1,0,0,2,0,0,0,0,0,,0,0,Auckland Region,Motorway ramp,1-way,Sealed,0,0,0,0,50,0,On,0,0,,76,Auckland,Traffic Signals,0,1,0,0,0,0,Urban,0,0,0,Light rain,Null
1751227.7104,5915033.374,871776,,514401,0,,0,1,,East,2025/2026,ST JUDE STREET,ST GEORGES ROAD,,Non-Injury Crash,No,2025,,North,,0,,Null,,,,,,Bright sun,382800,0,0,0,2,,,0,,,,,,Auckland Region,Speed hump,1-way,Sealed,,0,0,,50,,Null,0,0,,76,Auckland,Nil,,,,,0,0,Urban,0,,,Fine,Null
1768371.3607,5904457.2997,871777,,523722,0,,0,1,,Null,2023/2024,DIORELLA DRIVE,REDOUBT ROAD,,Non-Injury Crash,No,2023,,North,,0,,Flat,,,,,,Bright sun,715917,0,0,0,1,,,0,,,,,,Auckland Region,Nil,1-way,Sealed,,0,0,,50,,Off,1,0,,76,Auckland,Give way,,,,,0,0,Urban,0,,,Fine,None
1766629.3801,5912937.9016,871779,,522920,0,,0,2,,Null,2023/2024,PAKURANGA HIGHWAY,TI RAKAU DRIVE,,Non-Injury Crash,No,2023,,North,,0,,Flat,,Christmas New Year,,,,Bright sun,683900,0,0,0,1,,,0,,,,,,Auckland Region,Motorway ramp,1-way,Sealed,,0,0,,50,,On,0,0,,76,Auckland,Give way,,,,,0,0,Urban,0,,,Fine,Null
1747120.363,5919317.1901,871782,,512402,2,,0,1,,South,2023/2024,TE ATATU ROAD,COVIL AVENUE,,Minor Crash,No,2023,,North,,0,,Flat,,,,,,Bright sun,254302,1,0,0,4,,,0,,,,,,Auckland Region,Nil,2-way,Sealed,,0,0,,50,,Off,0,0,,76,Auckland,Nil,,,,,0,0,Urban,0,,,Fine,Null
1767985.0833,5903901.2753,871784,,524602,0,0,0,0,0,East,2025/2026,AIRPORT OFF RAMP,GREAT SOUTH OBR,,Minor Crash,Yes,2025,0,West,0,0,0,Hill Road,1,,0,,0,Dark,780506,1,0,0,2,0,0,0,0,0,,0,0,Auckland Region,Nil,1-way,Sealed,0,0,0,0,100,0,On,1,0,,76,Auckland,Nil,0,0,0,0,0,0,Open,0,0,0,Fine,Null
1745259.4905,5918974.6671,871785,,513302,0,,0,2,,East,2023/2024,MOSELLE AVENUE,LINCOLN ROAD,,Non-Injury Crash,No,2023,,East,,0,,Flat,,,,,,Bright sun,230701,0,0,0,2,,,0,,,,,,Auckland Region,Nil,2-way,Sealed,,0,0,,50,,Off,0,0,30,76,Auckland,Nil,,,,,0,0,Urban,0,,,Fine,Null
1756846.2556,5926398.3948,871789,,509702,0,,0,1,,North,2023/2024,NORTHERN MOTORWAY,ESMONDE ROAD ON RAMP,,Minor Crash,Yes,2024,,North,,0,,Flat,,,,,,Dark,364602,1,0,1,3,,,0,,,,,,Auckland Region,Nil,1-way,Sealed,,0,0,,100,,On,0,0,,76,Auckland,Nil,,,,,0,0,Open,0,,,Fine,Null
1768512.6123,5901314.7553,871795,,525001,0,,0,1,,North,2024/2025,GREAT SOUTH ROAD,PENNY LANE,,Minor Crash,No,2024,,South,,0,,Flat,,,,,,Dark,751500,1,0,0,2,,,0,,,,,,Auckland Region,Nil,2-way,Sealed,,0,0,,50,,On,0,0,,76,Auckland,Nil,,,,,0,0,Urban,1,,,Fine,Null
1753292.4791,5929520.6404,871800,,508411,0,,0,2,,South,2024/2025,GLEN VISTA PLACE,GLENDHU ROAD,,Minor Crash,No,2024,,South,,0,,Flat,,Labour Weekend,,,,Unknown,183904,1,0,0,0,,,0,,,1,,,Auckland Region,Nil,2-way,Sealed,,0,0,,50,,Off,0,0,,76,Auckland,Nil,,,,,0,0,Urban,0,,,Fine,None
1769394.2607,5905964.3891,871802,,523712,0,,0,1,,North,2023/2024,CHAPEL ROAD,CARRICK GLEN AVENUE,,Minor Crash,No,2023,,South,,0,,Flat,,,,,,Overcast,713202,1,0,0,2,,,0,,,,,,Auckland Region,Nil,2-way,Sealed,,0,0,,60,,Off,1,0,,76,Auckland,Nil,,,,,0,0,Urban,0,,,Mist or Fog,Null
1756894.9999,5925131.9961,871805,45,509702,0,,0,0,,South,2022/2023,NORTHERN MOTORWAY,NORTHERN MOTORWAY,,Non-Injury Crash,Yes,2023,,South,,0,,Flat,,,,,,Overcast,366602,0,0,1,7,,,0,,,,,,Auckland Region,Nil,2-way,Sealed,,0,0,,100,,Off,0,0,,76,Auckland,Nil,,,,,0,1,Open,0,,,Fine,None
1767778.4167,5910903.6656,871811,,523112,0,0,0,1,0,North,2023/2024,STONEDON DRIVE,CRYERS ROAD,,Non-Injury Crash,No,2023,0,South,0,0,0,Flat,0,,0,,0,Overcast,711405,0,0,0,2,0,0,0,0,1,,0,0,Auckland Region,Nil,2-way,Sealed,0,0,0,0,50,0,None,0,0,,76,Auckland,Nil,0,0,0,0,0,0,Urban,0,0,0,Fine,Null
1745723.1134,5915439.2913,871818,,511800,0,0,0,2,0,Null,2022/2023,SUNNYSIDE ROAD,SEYMOUR ROAD,,Minor Crash,No,2023,0,South,0,0,1,Hill Road,0,,0,,1,Dark,277600,1,0,0,2,0,0,0,0,0,,0,0,Auckland Region,Nil,2-way,Sealed,0,0,0,0,50,0,On,0,0,,76,Auckland,Give way,0,0,0,0,0,0,Urban,0,0,0,Light rain,Null
1767367.6282,5904175.9242,871819,,524604,0,,0,1,,East,2023/2024,MANUKAU STATION ROAD,BARROWCLIFFE PLACE,,Non-Injury Crash,No,2024,,East,,0,,Flat,,,,,,Bright sun,780204,0,0,0,2,,,0,,,,,,Auckland Region,Nil,1-way,Sealed,,0,0,,60,,None,0,0,,76,Auckland,Nil,,,,,0,0,Urban,1,,,Fine,Null
1769310.0751,5904941.8948,871821,,523722,0,0,0,1,0,West,2023/2024,LIBNAI AVENUE,KYLIE COURT,,Non-Injury Crash,No,2023,0,Null,0,0,0,Flat,0,,0,,0,Dark,716103,0,0,0,2,0,0,0,0,1,,0,0,Auckland Region,Nil,2-way,Sealed,0,0,0,0,50,0,On,0,0,,76,Auckland,Nil,0,0,0,0,0,1,Urban,0,0,0,Fine,None
1748168.9998,5913925.5772,871828,,511700,0,,0,2,,East,2025/2026,WEST COAST ROAD,WESTWARD HO ROAD,,Non-Injury Crash,No,2025,,North,,0,,Null,,,,,,Bright sun,270202,0,0,0,4,,,0,,,,,,Auckland Region,Nil,2-way,Sealed,,0,0,,50,,Null,0,0,,76,Auckland,Give way,,,,,0,0,Urban,0,,,Fine,Null
1751796.7722,5938878.7176,871829,,506300,0,,0,0,,North,2024/2025,NORTHERN MOTORWAY,AWANOHI OBR,,Minor Crash,Yes,2024,,North,,0,,Flat,,,,,,Overcast,176008,2,0,1,2,,,0,,,,,,Auckland Region,Bridge,1-way,Sealed,,0,0,,100,,Off,0,0,,76,Auckland,Nil,,,,,0,0,Open,1,,,Light rain,Null
1766059.3379,5904534.2638,871839,,524603,0,,0,1,,Null,2024/2025,GRAYSON AVENUE,CAVENDISH DRIVE,,Non-Injury Crash,No,2024,,South,,0,,Flat,,,,,,Overcast,674500,0,0,0,2,,,0,,,,,,Auckland Region,Nil,2-way,Sealed,,0,0,,50,,Off,0,0,,76,Auckland,Give way,,,,,0,1,Urban,0,,,Light rain,None
1757309.7024,5919981.2518,871840,,514103,0,,1,1,,North,2024/2025,WAKEFIELD STREET,MAYORAL DRIVE,,Non-Injury Crash,No,2025,,South,,0,,Flat,,,,,,Overcast,436600,0,0,0,2,,,0,,,,,,Auckland Region,Nil,2-way,Sealed,,0,0,,30,,Null,0,0,,76,Auckland,Nil,,,,,0,0,Urban,0,,,Fine,Null
1763877.1627,5906536.221,871843,,524303,0,,0,2,,North,2024/2025,STATION ROAD,ASHLYNNE AVENUE,,Minor Crash,No,2025,,South,,0,,Flat,,,,,,Overcast,657300,1,0,0,2,,,0,,,,,,Auckland Region,Nil,2-way,Sealed,,0,0,,50,,Off,1,0,,76,Auckland,Nil,,,,,0,0,Urban,0,,,Fine,Null
1747403.3398,5921111.9643,871845,,512300,0,,0,1,,Null,2023/2024,VINOGRAD DRIVE,RHONE AVENUE,,Non-Injury Crash,No,2024,,North,,0,,Flat,,,,,,Bright sun,250106,0,0,0,2,,,0,,,,,,Auckland Region,Nil,2-way,Sealed,,0,0,,50,,Off,1,0,,76,Auckland,Nil,,,,,0,0,Urban,0,,,Fine,Null
1761298.1588,5916725.9602,871847,,516003,0,,0,1,,Null,2024/2025,REMUERA ROAD,TAHORA AVENUE,,Minor Crash,No,2024,,North,,0,,Flat,,,,,,Bright sun,495900,1,0,0,4,,,0,,,1,,,Auckland Region,Nil,2-way,Sealed,,0,0,,50,,Off,0,0,,76,Auckland,Stop,,,,,0,0,Urban,0,,,Fine,Null
1755093.1635,5929153.8581,871849,,508420,0,,0,2,,Null,2023/2024,WAIRAU ROAD,VIEW ROAD,,Non-Injury Crash,No,2023,,South,,0,,Flat,,,,,,Overcast,183800,0,0,0,3,,,0,,,,,,Auckland Region,Nil,2-way,Sealed,,0,0,,50,,Off,0,0,40,76,Auckland,Give way,,,,,0,0,Urban,0,,,Fine,Null
1744974.3311,5918127.2668,871852,,510700,0,,0,2,,West,2025/2026,TE KANAWA CRESCENT,LINCOLN ROAD,,Non-Injury Crash,No,2025,,West,,0,,Flat,,,,,,Dark,239101,0,0,0,2,,,0,,,,,,Auckland Region,Nil,2-way,Sealed,,0,0,,30,,On,0,0,,76,Auckland,Nil,,,,,0,0,Urban,0,,,Fine,Null
1762690.5961,5913017.6306,871855,,520402,0,0,0,1,0,West,2023/2024,SOUTHERN MOTORWAY,SOUTH-EASTERN HWY OFF RAMP,,Non-Injury Crash,Yes,2023,0,South,0,0,0,Flat,1,,0,,0,Dark,642400,0,0,0,3,0,0,0,0,0,,0,0,Auckland Region,Nil,1-way,Sealed,0,0,0,0,100,0,On,0,0,,76,Auckland,Nil,0,0,0,0,0,0,Open,0,0,0,Light rain,Null
1752110.1795,5919598.0414,871858,,515002,0,0,0,3,0,South,2023/2024,DIGNAN STREET,LISTER STREET,,Minor Crash,No,2023,0,South,0,0,0,Flat,0,,0,,0,Bright sun,395100,1,0,0,2,0,0,0,0,1,,0,0,Auckland Region,Nil,2-way,Sealed,0,0,0,0,50,0,Off,0,0,,76,Auckland,Nil,0,0,0,0,0,0,Urban,0,0,0,Fine,Null
1761230.3071,5914634.5011,871859,,520202,0,,0,0,,Null,2023/2024,SOUTHERN MOTORWAY,ELLERSLIE-PANMURE HWY OFF RAMP,,Minor Crash,Yes,2024,,South,,0,,Flat,,,,,,Bright sun,612100,1,0,1,4,,,0,,,,,,Auckland Region,Nil,1-way,Sealed,,0,0,,100,,Off,0,0,,76,Auckland,Nil,,,,,1,0,Open,0,,,Fine,Null
1752298.8504,5918362.9209,871860,,515001,0,0,0,2,0,Null,2023/2024,ALBERTA STREET,POINT CHEVALIER ROAD,,Non-Injury Crash,No,2024,0,East,0,0,0,Flat,0,,0,,0,Overcast,392100,0,0,0,2,0,0,0,0,1,,0,0,Auckland Region,Nil,2-way,Sealed,0,0,0,0,50,0,Off,0,0,,76,Auckland,Give way,0,0,0,0,0,0,Urban,0,0,0,Light rain,None
1764902.6767,5909598.716,871864,15,521802,0,0,0,0,0,North,2023/2024,RODNEY STREET,FAIRBURN ROAD,,Non-Injury Crash,No,2024,0,North,0,0,0,Flat,0,,0,,0,Bright sun,788901,0,0,0,2,0,0,0,0,1,,0,0,Auckland Region,Nil,2-way,Sealed,0,0,0,0,30,0,Null,1,0,,76,Auckland,Nil,0,0,0,0,0,0,Urban,1,0,0,Fine,None
1755310.1519,5914783.976,871868,,518500,0,,0,1,,North,2022/2023,DOMINION ROAD,DONALD CRESCENT,,Non-Injury Crash,No,2023,,Null,,0,,Flat,,,,,,Dark,560200,0,0,0,2,,,0,,,,,,Auckland Region,Nil,2-way,Sealed,,0,0,,50,,On,0,0,,76,Auckland,Nil,,,,,0,1,Urban,0,,,Fine,None