X,Y,OBJECTID,advisorySpeed,areaUnitID,bicycle,bridge,bus,carStationWagon,cliffBank,crashDirectionDescription,crashFinancialYear,crashLocation1,crashLocation2,crashRoadSideRoad,crashSeverity,crashSHDescription,crashYear,debris,directionRoleDescription,ditch,fatalCount,fence,flatHill,guardRail,holiday,houseOrBuilding,intersection,kerb,light,meshblockId,minorInjuryCount,moped,motorcycle,NumberOfLanes,objectThrownOrDropped,otherObject,otherVehicleType,overBank,parkedVehicle,pedestrian,phoneBoxEtc,postOrPole,region,roadCharacter,roadLane,roadSurface,roadworks,schoolBus,seriousInjuryCount,slipOrFlood,speedLimit,strayAnimal,streetLight,suv,taxi,temporarySpeedLimit,tlaId,tlaName,trafficControl,trafficIsland,trafficSign,train,tree,truck,unknownVehicleType,urban,vanOrUtility,vehicle,waterRiver,weatherA,weatherB
1765253.2337,5906399.6008,871871,,522202,0,,0,2,,South,2023/2024,KOLMAR ROAD,DRYDEN AVENUE,,Non-Injury Crash,No,2023,,South,,0,,Flat,,,,,,Overcast,663800,0,0,0,2,,,0,,,,,,Auckland Region,Nil,2-way,Sealed,,0,0,,50,,Off,0,0,,76,Auckland,Nil,,,,,0,0,Urban,0,,,Fine,Null
1766715.047,5903863.1122,871877,,524604,0,0,0,2,0,West,2024/2025,SOUTH-WESTERN MOTORWAY,LAMBIE OBR,,Non-Injury Crash,Yes,2024,0,West,0,0,0,Flat,0,,0,,0,Overcast,780210,0,0,0,2,0,0,0,0,0,,0,0,Auckland Region,Nil,1-way,Sealed,0,0,0,0,100,0,Off,0,1,,76,Auckland,Nil,0,0,0,1,0,0,Open,0,0,0,Heavy rain,Null
1743549.7072,5922719.6447,871881,,513511,0,,0,2,,Null,2023/2024,ROYAL ROAD,BEAUCHAMP DRIVE,,Non-Injury Crash,No,2024,,West,,0,,Hill Road,,,,,,Overcast,224305,0,0,0,2,,,0,,,,,,Auckland Region,Nil,2-way,Sealed,,0,0,,50,,Off,0,0,,76,Auckland,Give way,,,,,0,0,Urban,0,,,Light rain,Null
1763855.9976,5906838.7606,871892,,524301,0,0,0,1,0,North,2024/2025,GRAY AVENUE,MILTON ROAD,,Non-Injury Crash,No,2024,0,South,0,0,1,Flat,0,,0,,0,Dark,656600,0,0,0,2,0,0,0,0,1,,0,0,Auckland Region,Nil,2-way,Unsealed,0,0,0,0,50,0,On,1,0,30,76,Auckland,Nil,0,0,0,0,0,0,Urban,0,0,0,Fine,Null
1768119.3986,5902869.2647,871894,,524602,0,0,0,1,0,South,2022/2023,GREAT SOUTH ROAD,RATA VINE DRIVE,,Non-Injury Crash,No,2023,0,South,0,0,0,Flat,0,,0,,0,Bright sun,780504,0,0,0,4,0,0,0,0,0,,0,0,Auckland Region,Bridge,2-way,Sealed,0,0,0,0,60,0,Off,0,0,,76,Auckland,Nil,0,0,0,0,0,0,Urban,0,0,0,Fine,Null
1764168.3613,5910127.4694,871901,,521901,0,,0,2,,Null,2024/2025,PRINCES STREET,ATKINSON AVENUE,,Minor Crash,No,2024,,East,,0,,Flat,,,,,,Overcast,782400,1,0,0,3,,,0,,,,,,Auckland Region,Nil,2-way,Sealed,,0,0,,50,,Null,0,0,,76,Auckland,Traffic Signals,,,,,0,0,Urban,0,,,Fine,Null
1768253.2863,5880847.5135,871903,,525921,0,,0,2,,South,2023/2024,HARRIS STREET,WEST STREET,,Non-Injury Crash,No,2024,,West,,0,,Flat,,,,,,Bright sun,821700,0,0,0,2,,,0,,,,,,Auckland Region,Nil,2-way,Sealed,,0,0,,50,,Null,0,0,,76,Auckland,Nil,,,,,0,0,Urban,0,,,Fine,Null
1772734.3624,5895418.9639,871904,,525520,0,,0,2,,Null,2024/2025,GREAT SOUTH ROAD,SETTLEMENT ROAD,,Non-Injury Crash,No,2024,,South,,0,,Flat,,,,,,Dark,801700,0,0,0,5,,,0,,,,,,Auckland Region,Nil,2-way,Sealed,,0,0,,50,,On,0,0,,76,Auckland,Traffic Signals,,,,,0,0,Urban,0,,,Fine,Null
1768826.507,5881184.0519,871905,,525910,0,,0,2,,West,2024/2025,KING STREET,TOBIN LANE,,Non-Injury Crash,No,2024,,West,,0,,Null,,,,,,Overcast,818500,0,0,0,2,,,0,,,,,,Auckland Region,Nil,2-way,Sealed,,0,0,,50,,Null,0,0,,76,Auckland,Nil,,,,,0,0,Urban,0,,,Fine,Null
1749019.1492,5914374.8973,871907,,511302,1,,0,1,,East,2024/2025,RIMU STREET,KARAKA STREET,,Minor Crash,No,2024,,North,,0,,Flat,,,,,,Bright sun,268400,1,0,0,2,,,0,,,,,,Auckland Region,Nil,2-way,Sealed,,0,0,,50,,Off,0,0,,76,Auckland,Nil,,,,,0,0,Urban,0,,,Fine,Null
1766687.4215,5912951.7855,871908,,522910,0,,0,1,,North,2023/2024,REEVES ROAD,TI RAKAU DRIVE,,Non-Injury Crash,No,2024,,South,,0,,Flat,,,,,,Bright sun,684000,0,0,0,4,,,0,,,,,,Auckland Region,Nil,2-way,Sealed,,0,0,,50,,Off,0,0,,76,Auckland,Nil,,,,,0,0,Urban,0,,,Fine,None
1766256.6774,5905377.233,871909,45,522202,0,,0,0,,Null,2023/2024,CARRUTH ROAD,FITZROY STREET,,Non-Injury Crash,No,2024,,South,,0,,Flat,,,,,,Twilight,665700,0,0,0,2,,,0,,,,,,Auckland Region,Nil,2-way,Sealed,,0,0,,50,,Null,0,0,,76,Auckland,Stop,,,,,0,0,Urban,1,,,Fine,None
1752512.0282,5915909.311,871913,,517903,0,0,0,2,0,North,2024/2025,RICHARDSON ROAD,ALLENDALE ROAD,,Minor Crash,No,2025,0,South,0,0,0,Flat,0,,0,,0,Dark,520400,1,0,0,2,0,0,0,0,1,,0,0,Auckland Region,Nil,2-way,Sealed,0,0,0,0,50,0,On,0,0,,76,Auckland,Nil,0,0,0,0,0,0,Urban,0,0,0,Fine,Null
1757900.3961,5915504.8829,871915,,515801,0,0,0,1,0,East,2024/2025,GREEN LANE WEST,THE DRIVE,,Minor Crash,No,2025,0,West,0,0,0,Flat,0,,0,,0,Overcast,447400,2,0,0,2,0,0,0,0,0,,0,1,Auckland Region,Nil,1-way,Sealed,0,0,0,0,50,0,Off,0,0,,76,Auckland,Nil,0,0,0,1,0,0,Urban,0,0,0,Light rain,Null
1763131.9121,5915003.9829,871918,,520302,0,,0,1,,Null,2022/2023,ELLERSLIE-PANMURE HIGHWAY,FERNDALE ROAD,,Non-Injury Crash,No,2023,,West,,0,,Flat,,,,,,Bright sun,625703,0,0,0,4,,,0,,,,,,Auckland Region,Nil,2-way,Sealed,,0,0,,50,,Off,1,0,,76,Auckland,Give way,,,,,0,0,Urban,0,,,Fine,Null
1753127.1509,5934243.7231,871921,,508704,0,,0,0,,South,2024/2025,NORTHERN MOTORWAY,MCCLYMONTS OBR,,Minor Crash,Yes,2025,,South,,0,,Hill Road,,,,,,Overcast,179119,1,0,1,4,,,0,,,,,,Auckland Region,Nil,1-way,Sealed,,0,0,,100,,Off,1,0,,76,Auckland,Nil,,,,,1,0,Open,0,,,Fine,Null
1752160.4824,5914246.6435,871923,15,514402,0,,0,2,,Null,2023/2024,WHITNEY STREET,TIVERTON ROAD,,Non-Injury Crash,No,2023,,South,,0,,Flat,,,,,,Twilight,380900,0,0,0,2,,,0,,,,,,Auckland Region,Nil,2-way,Sealed,,0,0,,50,,Off,0,0,,76,Auckland,Traffic Signals,,,,,0,0,Urban,0,,,Fine,None
1760687.9768,5908153.5556,871924,,524403,0,,0,1,,Null,2024/2025,ROBERTSON ROAD,CALTHORP CLOSE,,Non-Injury Crash,No,2025,,North,,0,,Null,,,,,,Bright sun,731105,0,0,0,2,,,0,,,,,,Auckland Region,Nil,2-way,Sealed,,0,0,,50,,Null,0,0,,76,Auckland,Give way,,,,,0,0,Urban,1,,,Fine,Null
1767356.9747,5912175.2229,871927,,522910,0,,0,2,,Null,2024/2025,TI RAKAU DRIVE,WHEATLEY AVENUE,,Minor Crash,No,2024,,South,,0,,Flat,,,,,,Bright sun,686502,3,0,0,2,,,0,,,,,,Auckland Region,Nil,2-way,Sealed,,0,0,,50,,None,0,0,,76,Auckland,Give way,,,,,0,0,Urban,1,,,Fine,Null
1780120.8169,5899552.0865,871929,,525201,0,0,0,0,0,South,2023/2024,CREIGHTONS ROAD,TOURIST ROAD,,Non-Injury Crash,No,2023,0,South,0,0,1,Hill Road,0,,0,,0,Dark,763900,0,0,0,2,0,0,0,0,0,,0,1,Auckland Region,Nil,2-way,Sealed,0,0,0,0,100,0,None,0,0,,76,Auckland,Nil,0,0,0,0,0,0,Open,1,0,0,Fine,Null
1756361.7724,5912947.4753,871933,,518701,0,,0,1,,East,2023/2024,SOUTH-WESTERN MOTORWAY,HILLSBOROUGH ROAD OFF RAMP,,Non-Injury Crash,Yes,2023,,South,,0,,Flat,,,,,,Dark,569000,0,0,0,2,,,0,,,,,,Auckland Region,Nil,1-way,Sealed,,0,0,,100,,On,0,0,,76,Auckland,Nil,,,,,0,0,Open,0,,,Light rain,Null
1772037.5418,5898185.6357,871935,,523912,0,,0,0,,Null,2024/2025,PORCHESTER ROAD,SIRES PARKWAY,,Minor Crash,No,2024,,West,,0,,Flat,,,,,,Twilight,767400,1,0,0,2,,,0,,,1,,,Auckland Region,Nil,2-way,Sealed,,0,0,,50,,On,1,0,,76,Auckland,Give way,,,,,0,0,Urban,0,,,Fine,Null
1767804.2278,5910157.5934,871942,,523112,0,0,0,1,0,West,2022/2023,NEILPARK DRIVE,ALLENS ROAD,,Non-Injury Crash,No,2023,0,West,0,0,0,Flat,0,,0,,0,Twilight,711600,0,0,0,2,0,0,0,0,1,,0,0,Auckland Region,Nil,2-way,Sealed,0,0,0,0,50,0,Off,0,0,,76,Auckland,Nil,0,0,0,0,0,0,Urban,1,0,0,Fine,Null
1755324.7488,5921600.2514,871944,,515202,0,,0,0,,South,2024/2025,NORTHERN MOTORWAY,SHELLY BEACH OBR,,Non-Injury Crash,Yes,2025,,North,,0,,Flat,,,,,,Bright sun,423600,0,0,0,5,,,0,,,,,,Auckland Region,Nil,1-way,Sealed,,0,0,,80,,Off,1,0,,76,Auckland,Nil,,,,,0,0,Open,1,,,Fine,Null
1762991.9169,5908447.6046,871945,,524402,0,0,0,0,0,West,2024/2025,SAVILL DRIVE,ALDERMAN PLACE,,Non-Injury Crash,No,2024,0,East,0,0,0,Flat,0,,0,,0,Bright sun,749900,0,0,0,2,0,0,0,0,1,,0,0,Auckland Region,Nil,2-way,Sealed,0,0,0,0,50,0,Off,0,0,,76,Auckland,Nil,0,0,0,0,1,0,Urban,1,0,0,Fine,Null
1769447.6815,5902132.1706,871948,,524901,0,,0,1,,Null,2025/2026,HILL ROAD ON RAMP,SOUTHERN MOTORWAY,,Minor Crash,No,2025,,North,,0,,Flat,,,,,,Overcast,755600,4,0,0,3,,,0,,,,,,Auckland Region,Motorway ramp,1-way,Sealed,,0,0,,100,,Off,0,0,,76,Auckland,Nil,,,,,1,0,Open,0,,,Fine,Null
1769088.2443,5914820.8514,871949,,522730,0,0,0,2,0,Null,2022/2023,FORTUNES ROAD,BARONIE COURT,,Non-Injury Crash,No,2023,0,East,0,0,0,Flat,0,,0,,0,Dark,679811,0,0,0,2,0,0,0,0,1,,0,0,Auckland Region,Nil,2-way,Sealed,0,0,0,0,50,0,On,0,0,,76,Auckland,Give way,0,0,0,0,0,0,Urban,0,0,0,Fine,None
1746657.7977,5914013.5398,871955,,511100,0,0,0,1,0,West,2023/2024,WEST COAST ROAD,SWAN HILL DRIVE,,Non-Injury Crash,No,2024,0,East,0,0,0,Hill Road,0,,0,,0,Overcast,286100,0,0,0,2,0,1,0,0,0,,0,0,Auckland Region,Nil,2-way,Sealed,0,0,0,0,50,0,Off,0,0,,76,Auckland,Nil,0,0,0,0,0,0,Urban,0,0,0,Fine,Null
1768416.9944,5901559.1432,871957,,525001,1,,0,0,,North,2024/2025,GREAT SOUTH ROAD,CORIN AVENUE,,Minor Crash,No,2025,,South,,0,,Flat,,,,,,Bright sun,751300,1,0,0,2,,,0,,,,,,Auckland Region,Nil,2-way,Sealed,,0,0,,50,,None,0,0,,76,Auckland,Nil,,,,,0,0,Urban,1,,,Fine,Null
1768276.7137,5884899.1415,871968,,521111,0,0,0,1,0,South,2024/2025,PAERATA ROAD,CROWN ROAD,,Non-Injury Crash,Yes,2025,0,South,0,0,0,Flat,0,,0,,0,Bright sun,813502,0,0,0,2,0,0,0,0,1,,0,0,Auckland Region,Nil,2-way,Sealed,0,0,0,0,60,0,Off,0,0,,76,Auckland,Nil,0,0,0,0,2,0,Urban,0,0,0,Fine,Null
1755504.7182,5924679.9631,871969,,509800,0,,0,1,,Null,2024/2025,ONEWA ROAD,LAKE ROAD,,Minor Crash,No,2024,,East,,0,,Flat,,,,,,Overcast,360400,1,0,0,4,,,0,,,,,,Auckland Region,Nil,2-way,Sealed,,0,0,,50,,Null,0,0,,76,Auckland,Traffic Signals,,,,,0,0,Urban,0,,,Light rain,Null
1750014.5545,5914322.9456,871971,,511303,0,0,0,3,0,North,2023/2024,DELTA AVENUE,REID ROAD,,Non-Injury Crash,No,2024,0,South,0,0,0,Flat,0,,0,,0,Bright sun,265900,0,0,0,2,0,0,0,0,2,,0,0,Auckland Region,Nil,2-way,Sealed,0,0,0,0,50,0,Off,1,0,,76,Auckland,Nil,0,0,0,0,0,0,Urban,0,0,0,Fine,Null
1762050.1549,5914761.538,871972,,520201,0,,0,2,,West,2024/2025,MAIN HIGHWAY,ELLERSLIE PARK ROAD,,Non-Injury Crash,No,2025,,East,,0,,Flat,,,,,,Bright sun,610601,0,0,0,4,,,0,,,,,,Auckland Region,Nil,2-way,Sealed,,0,0,,50,,Off,0,1,,76,Auckland,Nil,,,,,0,0,Urban,0,,,Fine,Null
1746702.3228,5917113.0347,871975,,512500,0,0,0,2,0,South,2024/2025,TE ATATU ROAD,KOKIRI STREET,,Minor Crash,No,2024,0,North,0,0,1,Flat,0,,0,,0,Dark,259300,2,0,0,2,0,0,0,0,0,,0,0,Auckland Region,Nil,2-way,Sealed,0,0,0,0,50,0,On,0,0,30,76,Auckland,Nil,0,0,0,0,0,0,Urban,0,0,0,Fine,Null
1768290.8751,5898030.9632,871976,,525102,0,0,0,1,0,South,2025/2026,CARNOUSTIE DRIVE,MUIRFIELD STREET,,Non-Injury Crash,No,2025,0,South,0,0,0,Flat,0,,0,,0,Dark,769018,0,0,0,2,0,0,0,0,1,,0,0,Auckland Region,Nil,2-way,Sealed,0,0,0,0,50,0,On,0,0,,76,Auckland,Nil,0,0,0,0,0,0,Urban,1,0,0,Light rain,Null
1742830.5175,5919593.755,871985,,513211,0,0,0,1,0,Null,2023/2024,WAITEMATA DRIVE,LUANDA DRIVE,,Non-Injury Crash,No,2023,0,North,0,0,1,Flat,0,,0,,0,Overcast,235717,0,0,0,2,0,0,0,0,0,,0,0,Auckland Region,Nil,2-way,Sealed,0,0,0,0,50,0,Off,0,0,,76,Auckland,Give way,0,0,0,0,0,0,Urban,0,0,0,Light rain,Null
1745092.2331,5916453.0032,871987,,510800,0,0,0,1,0,South,2023/2024,HENDERSON VALLEY ROAD,KEELING ROAD,,Non-Injury Crash,No,2023,0,South,0,0,0,Flat,0,Christmas New Year,0,,0,Bright sun,241900,0,0,0,2,0,0,0,0,0,,0,1,Auckland Region,Nil,2-way,Sealed,0,0,0,0,50,0,Off,0,0,,76,Auckland,Nil,0,0,0,0,0,0,Urban,0,0,0,Fine,Null
1756128.4193,5923873.1422,871991,,509800,0,,0,1,,South,2023/2024,NORTHERN MOTORWAY,WEIGH BRIDGE,,Non-Injury Crash,Yes,2024,,South,,0,,Flat,,,,,,Overcast,361200,0,0,0,4,,,0,,,,,,Auckland Region,Nil,1-way,Sealed,,0,0,,80,,Off,0,0,70,76,Auckland,Nil,,,,,0,0,Open,1,,,Fine,Null
1752424.9611,5926671.6536,872001,,508220,0,,0,3,,East,2023/2024,ESKDALE ROAD,SALISBURY ROAD,,Non-Injury Crash,No,2024,,West,,0,,Flat,,,,,,Bright sun,188601,0,0,0,2,,,0,,,,,,Auckland Region,Nil,2-way,Sealed,,0,0,,50,,Off,0,0,,76,Auckland,Nil,,,,,0,0,Urban,0,,,Fine,Null
1769366.3532,5880883.0044,872003,,525922,0,,0,2,,North,2023/2024,MANUKAU ROAD,HARRIS STREET,,Non-Injury Crash,No,2024,,South,,0,,Flat,,,,,,Overcast,823800,0,0,0,3,,,0,,,,,,Auckland Region,Nil,2-way,Unsealed,,0,0,,50,,Off,0,0,,76,Auckland,Nil,,,,,0,0,Urban,0,,,Fine,Null
1766536.5073,5913196.4846,872008,,522920,0,,0,0,,South,2024/2025,TI RAKAU DRIVE,PAKURANGA ROAD,,Minor Crash,No,2025,,North,,0,,Null,,,,,,Bright sun,683900,1,0,0,3,,,0,,,1,,,Auckland Region,Nil,1-way,Sealed,,0,0,,50,,Null,0,0,,76,Auckland,Nil,,,,,0,0,Urban,1,,,Fine,Null
1756814.8489,5915911.6504,872011,,518202,0,,0,1,,Null,2024/2025,BALMORAL ROAD,MOUNT EDEN ROAD,,Minor Crash,No,2025,,East,,0,,Hill Road,,,,,,Dark,551600,1,0,0,4,,,0,,,1,,,Auckland Region,Nil,1-way,Sealed,,0,0,,50,,On,0,0,,76,Auckland,Traffic Signals,,,,,0,0,Urban,0,,,Fine,Null
1754773.3271,5928104.7991,872014,,508320,0,0,0,1,0,North,2022/2023,BRUCE ROAD,CHIVALRY ROAD,,Non-Injury Crash,No,2023,0,South,0,0,0,Flat,0,,0,,0,Bright sun,199002,0,0,0,2,0,0,0,0,1,,0,0,Auckland Region,Nil,2-way,Sealed,0,0,0,0,50,0,Off,0,0,,76,Auckland,Nil,0,0,0,0,0,0,Urban,0,0,0,Fine,Null
1753923.8402,5914150.0908,872024,,518801,0,,0,1,,West,2023/2024,SH 20,MAIORO STREET OFF RAMP,,Non-Injury Crash,Yes,2024,,South,,0,,Hill Road,,,,,,Bright sun,578500,0,0,0,3,,,0,,,,,,Auckland Region,Motorway ramp,1-way,Sealed,,0,0,,50,,Off,1,0,,76,Auckland,Nil,,,,,0,0,Urban,0,,,Fine,Null
1756192.2544,5926994.816,872025,,507900,0,,0,3,,North,2024/2025,NORTHCOTE ROAD,TAKAPUNA GOLF COURSE,,Non-Injury Crash,No,2024,,North,,0,,Flat,,,,,,Dark,305201,0,0,0,4,,,0,,,,,,Auckland Region,Nil,2-way,Sealed,,0,0,,50,,On,0,0,,76,Auckland,Nil,,,,,0,0,Urban,0,,,Fine,Null
1774146.8499,5897227.862,872028,,525630,0,,0,2,,Null,2024/2025,COSGRAVE ROAD,CLEVEDON ROAD,,Non-Injury Crash,No,2024,,South,,0,,Null,,,,,,Unknown,795802,0,0,0,2,,,0,,,,,,Auckland Region,Nil,2-way,Null,,0,0,,50,,Null,0,0,,76,Auckland,Stop,,,,,0,0,Urban,0,,,Null,Null
1745050.5007,5917757.0723,872030,,510700,0,,1,1,,Null,2022/2023,SWANSON ROAD,GREAT NORTH ROAD,,Non-Injury Crash,No,2023,,South,,0,,Flat,,,,,,Dark,239104,0,0,0,4,,,0,,,,,,Auckland Region,Nil,2-way,Sealed,,0,0,,50,,On,0,0,,76,Auckland,Traffic Signals,,,,,0,0,Urban,0,,,Fine,Null
1764478.5083,5903864.1496,872031,,524604,0,,0,1,,West,2024/2025,PUHINUI ROAD,CAVENDISH DRIVE,,Non-Injury Crash,No,2024,,North,,0,,Flat,,,,,,Overcast,781100,0,0,0,2,,,0,,,,,,Auckland Region,Motorway ramp,1-way,Sealed,,0,0,,60,,Off,0,0,,76,Auckland,Nil,,,,,1,0,Urban,0,,,Fine,Null
1765642.8384,5907431.6332,872045,,522301,0,0,0,1,0,East,2023/2024,KAUTAMI AVENUE,MAXWELL AVENUE,,Non-Injury Crash,No,2023,0,South,0,0,0,Flat,0,,0,,0,Overcast,666302,0,0,0,2,0,0,0,0,0,,0,0,Auckland Region,Nil,2-way,Sealed,0,0,0,0,50,0,Off,0,0,,76,Auckland,Nil,0,0,0,1,0,0,Urban,0,0,0,Light rain,Null
1768609.2431,5883116.9372,872046,,521111,0,0,0,3,0,North,2022/2023,PAERATA ROAD,ADAMS DRIVE,,Minor Crash,Yes,2023,0,South,0,0,0,Flat,0,,0,,0,Bright sun,826602,1,0,0,2,0,0,0,0,2,,0,0,Auckland Region,Nil,2-way,Sealed,0,0,0,0,60,0,Off,0,0,,76,Auckland,Nil,0,0,0,0,0,0,Urban,0,0,0,Fine,Null
1755129.0402,5921766.1428,872049,,515202,0,0,0,2,0,North,2022/2023,CURRAN STREET,CURRAN STREET ON RAMP,,Non-Injury Crash,No,2023,0,South,0,0,0,Flat,0,,0,,1,Overcast,423600,0,0,0,1,0,0,0,0,0,1,0,0,Auckland Region,Nil,1-way,Sealed,0,0,0,0,30,0,Off,0,1,,76,Auckland,Nil,0,0,0,0,0,0,Urban,0,0,0,Light rain,Null
1767718.6659,5906404.0286,872056,,523601,0,0,0,2,0,South,2025/2026,BAIRDS ROAD,INGRAM CRESCENT,,Non-Injury Crash,No,2025,0,West,0,0,0,Flat,0,,0,,0,Dark,706800,0,0,0,2,0,0,0,0,1,,0,0,Auckland Region,Nil,2-way,Sealed,0,0,0,0,50,0,On,0,0,,76,Auckland,Nil,0,0,0,0,0,0,Urban,0,0,0,Fine,Null
1764557.4784,5912041.3348,872060,,520500,0,0,0,1,0,South,2025/2026,SOUTHERN MOTORWAY,MOUNT WELLINGTON HWY ON RAMP,,Non-Injury Crash,Yes,2025,0,South,0,0,0,Hill Road,0,,0,,0,Bright sun,639601,0,0,0,3,0,0,0,0,0,,0,0,Auckland Region,Nil,1-way,Sealed,0,0,0,0,100,0,Off,0,0,,76,Auckland,Nil,0,0,0,0,1,0,Open,0,1,0,Fine,Null
1770566.3581,5881508.1744,872063,,525922,0,,0,1,,South,2022/2023,GOLDING ROAD,PUKEKOHE EAST ROAD,,Non-Injury Crash,No,2023,,North,,0,,Hill Road,,,,,,Bright sun,816900,0,0,0,2,,,0,,,,,,Auckland Region,Nil,2-way,Sealed,,0,0,,60,,Null,0,0,,76,Auckland,Nil,,,,,0,0,Urban,1,,,Fine,Null
1756616.0034,5915131.9231,872064,,518302,0,,0,1,,Null,2024/2025,MOUNT EDEN ROAD,SHACKLETON ROAD,,Minor Crash,No,2025,,North,,0,,Null,,,,,,Bright sun,558200,1,0,1,2,,,0,,,,,,Auckland Region,Nil,2-way,Sealed,,0,0,,50,,Null,0,0,,76,Auckland,Stop,,,,,0,0,Urban,0,,,Null,Null
1760774.0418,5917591.6589,872065,,516202,0,0,0,2,0,North,2023/2024,ORAKEI ROAD,KOMARU STREET,,Non-Injury Crash,No,2023,0,North,0,0,0,Hill Road,0,,0,,0,Dark,488800,0,0,0,2,0,0,0,0,1,,0,0,Auckland Region,Nil,2-way,Sealed,0,0,0,0,50,0,On,0,0,,76,Auckland,Nil,0,0,0,0,0,0,Urban,0,0,0,Fine,Null
1764858.992,5903313.0101,872068,,524604,0,,0,0,,Null,2025/2026,VOGLER DRIVE,ROSCOMMON ROAD,,Minor Crash,No,2025,,East,,0,,Flat,,,,,,Overcast,781200,2,0,0,3,,,0,,,,,,Auckland Region,Nil,2-way,Sealed,,0,0,,50,,Off,0,0,,76,Auckland,Traffic Signals,,,,,2,0,Urban,0,,,Fine,Null
1756248.3041,5919250.895,872069,,515500,0,,0,2,,Null,2023/2024,NEWTON ROAD,KARANGAHAPE ROAD,,Non-Injury Crash,No,2024,,North,,0,,Hill Road,,,,,,Bright sun,417500,0,0,0,4,,,0,,,,,,Auckland Region,Nil,2-way,Sealed,,0,0,,50,,Off,0,0,,76,Auckland,Traffic Signals,,,,,0,0,Urban,0,,,Fine,None
1769897.111,5899984.9147,872078,,523817,0,,0,1,,North,2022/2023,SOUTHERN MOTORWAY,TAKANINI OFF RAMP,,Non-Injury Crash,Yes,2023,,South,,0,,Flat,,,,,,Bright sun,759739,0,0,0,3,,,0,,,,,,Auckland Region,Nil,1-way,Sealed,,0,0,,100,,Null,1,0,,76,Auckland,Nil,,,,,0,0,Open,0,,,Fine,Null
1755486.3552,5921483.1319,872079,,515202,0,,0,1,,South,2023/2024,NORTHERN MOTORWAY,SHELLY BEACH OBR,,Non-Injury Crash,Yes,2024,,South,,0,,Flat,,,,,,Twilight,425600,0,0,0,4,,,0,,,,,,Auckland Region,Nil,1-way,Sealed,,0,0,,80,,On,1,0,,76,Auckland,Nil,,,,,0,0,Open,0,,,Fine,Null
1746717.5837,5942161.5946,872089,,506614,0,,0,1,,South,2023/2024,DAIRY FLAT HIGHWAY,HORSESHOE BUSH ROAD,,Minor Crash,No,2024,,South,,0,,Flat,,,,,,Dark,178002,2,0,0,2,,,0,,,,,,Auckland Region,Nil,2-way,Sealed,,0,0,,60,,None,0,0,,76,Auckland,Nil,,,,,0,0,Urban,1,,,Fine,Null
1755193.4881,5916381.8633,872094,,517703,0,,0,3,,West,2022/2023,BALMORAL ROAD,ARABI STREET,,Non-Injury Crash,No,2023,,East,,0,,Flat,,,,,,Bright sun,537602,0,0,0,4,,,0,,,,,,Auckland Region,Nil,2-way,Sealed,,0,0,,50,,Off,0,0,,76,Auckland,Nil,,,,,0,0,Urban,0,,,Fine,Null
1762384.1806,5913324.8947,872095,,520402,0,,0,4,,South,2023/2024,SOUTHERN MOTORWAY,PENROSE OBR,,Non-Injury Crash,Yes,2023,,South,,0,,Flat,,,,,,Bright sun,642200,0,0,0,3,,,0,,,,,,Auckland Region,Nil,1-way,Sealed,,0,0,,100,,Off,0,0,,76,Auckland,Nil,,,,,0,0,Open,1,,,Fine,Strong wind
1756874.1704,5919251.765,872097,,514200,0,,0,1,,West,2023/2024,SOUTHERN MOTORWAY,NORTH-WESTERN TO SOUTHERN LINK,,Minor Crash,Yes,2023,,East,,0,,Hill Road,,,,,,Bright sun,412200,3,0,0,3,,,0,,,,,,Auckland Region,Nil,1-way,Sealed,,0,0,,80,,Off,0,0,,76,Auckland,Nil,,,,,0,0,Open,2,,,Fine,Null
1751188.1501,5931607.6597,872102,,508806,0,0,0,1,0,Null,2022/2023,ALBANY HIGHWAY,KNIGHTS ROAD,,Non-Injury Crash,No,2023,0,North,0,0,0,Hill Road,0,,0,,0,Dark,180101,0,0,0,4,0,0,0,0,0,,2,0,Auckland Region,Nil,2-way,Sealed,0,0,0,0,50,0,On,0,0,,76,Auckland,Give way,1,0,0,0,0,0,Urban,0,0,0,Fine,Null
1755683.616,5926244.7826,872120,,509701,0,,1,1,,Null,2024/2025,LAKE ROAD,FRASER AVENUE,,Non-Injury Crash,No,2024,,South,,0,,Flat,,,,,,Overcast,361900,0,0,0,2,,,0,,,,,,Auckland Region,Nil,2-way,Sealed,,0,0,,50,,Off,0,0,,76,Auckland,Give way,,,,,0,0,Urban,0,,,Light rain,Null
1753686.3996,5918297.0857,872124,,515003,0,,0,1,,West,2024/2025,NORTH-WESTERN MOTORWAY,ST LUKES OBR,,Non-Injury Crash,Yes,2024,,West,,0,,Null,,,,,,Unknown,390502,0,0,0,3,,,0,,,,,,Auckland Region,Nil,1-way,Sealed,,0,0,,100,,On,0,0,,76,Auckland,Nil,,,,,0,0,Open,0,,,Fine,Null
1762871.4363,5907636.1065,872126,,524301,0,0,0,2,0,South,2023/2024,MASSEY ROAD,TENNESSEE AVENUE,,Non-Injury Crash,No,2023,0,North,0,0,0,Flat,0,,0,,0,Dark,747601,0,0,0,2,0,0,0,0,1,,0,0,Auckland Region,Nil,2-way,Sealed,0,0,0,0,50,0,On,0,0,,76,Auckland,Nil,0,0,0,0,0,0,Urban,0,0,0,Fine,Null