X,Y,OBJECTID,advisorySpeed,areaUnitID,bicycle,bridge,bus,carStationWagon,cliffBank,crashDirectionDescription,crashFinancialYear,crashLocation1,crashLocation2,crashRoadSideRoad,crashSeverity,crashSHDescription,crashYear,debris,directionRoleDescription,ditch,fatalCount,fence,flatHill,guardRail,holiday,houseOrBuilding,intersection,kerb,light,meshblockId,minorInjuryCount,moped,motorcycle,NumberOfLanes,objectThrownOrDropped,otherObject,otherVehicleType,overBank,parkedVehicle,pedestrian,phoneBoxEtc,postOrPole,region,roadCharacter,roadLane,roadSurface,roadworks,schoolBus,seriousInjuryCount,slipOrFlood,speedLimit,strayAnimal,streetLight,suv,taxi,temporarySpeedLimit,tlaId,tlaName,trafficControl,trafficIsland,trafficSign,train,tree,truck,unknownVehicleType,urban,vanOrUtility,vehicle,waterRiver,weatherA,weatherB
1770098.4734,5914675.1813,872135,,522712,0,,0,0,,Null,2024/2025,PAKURANGA ROAD,ABERFELDY AVENUE,,Non-Injury Crash,No,2024,,East,,0,,Null,,,,,,Unknown,644800,0,0,0,4,,,0,,,,,,Auckland Region,Nil,2-way,Null,,0,0,,50,,Null,0,0,,76,Auckland,Give way,,,,,0,0,Urban,2,,,Null,Null
1768516.1644,5883662.6571,872137,,521111,0,,0,2,,North,2023/2024,PAERATA ROAD,BUTCHER ROAD,,Non-Injury Crash,Yes,2023,,North,,0,,Flat,,,,,,Bright sun,813800,0,0,0,2,,,0,,,,,,Auckland Region,Nil,2-way,Sealed,,0,0,,60,,Off,0,0,,76,Auckland,Nil,,,,,0,0,Urban,0,,,Fine,Null
1749375.467,5918118.0869,872140,,514801,0,,0,3,,West,2024/2025,NORTH-WESTERN MOTORWAY,ROSEBANK ROAD OFF RAMP,,Non-Injury Crash,Yes,2024,,West,,0,,Flat,,,,,,Dark,390401,0,0,0,4,,,0,,,,,,Auckland Region,Nil,1-way,Sealed,,0,0,,100,,On,0,0,,76,Auckland,Nil,,,,,0,0,Open,0,,,Light rain,Null
1754520.8811,5928482.5124,872142,,508320,0,,0,1,,Null,2022/2023,DIANA DRIVE,HILLSIDE ROAD,,Non-Injury Crash,No,2023,,South,,0,,Flat,,,,,,Twilight,198100,0,0,0,2,,,0,,,,,,Auckland Region,Nil,2-way,Sealed,,0,0,,50,,Off,1,0,,76,Auckland,Give way,,,,,0,0,Urban,0,,,Fine,Null
1766617.402,5912897.9618,872143,45,522920,0,,0,2,,South,2023/2024,PAKURANGA HIGHWAY,TI RAKAU DRIVE,,Non-Injury Crash,No,2023,,North,,0,,Flat,,,,,,Bright sun,683900,0,0,0,3,,,0,,,,,,Auckland Region,Nil,1-way,Sealed,,0,0,,80,,Off,0,0,,76,Auckland,Nil,,,,,0,0,Open,0,,,Fine,None
1745176.7967,5917037.4216,872149,,510800,0,,0,1,,Null,2024/2025,HENDERSON VALLEY ROAD,SMYTHE ROAD,,Non-Injury Crash,No,2024,,North,,0,,Flat,,,,,,Bright sun,241700,0,0,0,2,,,0,,,,,,Auckland Region,Nil,2-way,Sealed,,0,0,,50,,Off,1,0,,76,Auckland,Traffic Signals,,,,,0,0,Urban,0,,,Fine,Frost
1766856.8473,5912725.0268,872157,,522910,0,,0,1,,Null,2024/2025,TI RAKAU DRIVE,MATTSON ROAD,,Non-Injury Crash,No,2024,,South,,0,,Null,,,,,,Unknown,685900,0,0,0,2,,,0,,,,,,Auckland Region,Nil,1-way,Null,,0,0,,50,,Null,1,0,,76,Auckland,Traffic Signals,,,,,0,0,Urban,0,,,Null,Null
1742783.1562,5919022.1944,872160,,513213,0,,0,2,,West,2024/2025,SWANSON ROAD,RANUI STATION ROAD,,Non-Injury Crash,No,2024,,East,,0,,Flat,,,,,,Overcast,235200,0,0,0,2,,,0,,,,,,Auckland Region,Nil,2-way,Sealed,,0,0,,50,,Null,0,0,,76,Auckland,Nil,,,,,0,0,Urban,0,,,Light rain,Null
1741188.9156,5976108.3024,872161,,506660,0,0,0,1,0,South,2023/2024,SH 1,PICNIC AREA,,Non-Injury Crash,Yes,2024,0,South,0,0,0,Flat,0,,0,,0,Bright sun,136700,0,0,0,2,0,0,0,0,1,,0,0,Auckland Region,Nil,2-way,Sealed,0,0,0,0,80,0,None,0,0,50,76,Auckland,Nil,0,0,0,0,1,0,Open,0,0,0,Fine,Null
1752998.1289,5946899.7126,872168,,505808,0,0,0,1,0,East,2024/2025,WHANGAPARAOA ROAD,MARELLEN DRIVE,,Non-Injury Crash,No,2025,0,East,0,0,0,Hill Road,0,,0,,0,Overcast,173111,0,0,0,4,0,0,0,0,0,,0,0,Auckland Region,Nil,2-way,Sealed,0,0,0,0,50,0,Off,0,0,,76,Auckland,Nil,0,0,0,1,0,0,Urban,0,0,0,Fine,Null
1752197.5479,5931244.5513,872175,,508807,0,,0,0,,Null,2024/2025,WILLIAM PICKERING DRIVE,BEATRICE TINSLEY CRESCENT,,Non-Injury Crash,No,2024,,North,,0,,Null,,,,,,Unknown,180302,0,0,0,2,,,0,,,,,,Auckland Region,Nil,2-way,Sealed,,0,0,,50,,Null,0,0,,76,Auckland,Give way,,,,,0,0,Urban,2,,,Null,Null
1765109.1484,5910020.9018,872176,,521803,0,,0,0,,South,2024/2025,SOUTHERN MOTORWAY,PRINCES ST-OTAHUHU ON RAMP,,Minor Crash,Yes,2025,,South,,0,,Flat,,Easter,,,,Dark,788300,3,0,0,3,,,0,,,,,,Auckland Region,Nil,1-way,Sealed,,0,0,,100,,On,2,0,,76,Auckland,Nil,,,,,0,0,Open,0,,,Fine,Null
1759007.8734,5906843.5222,872179,,524200,0,,0,2,,North,2024/2025,KIRKBRIDE ROAD,VISCOUNT STREET,,Non-Injury Crash,No,2024,,South,,0,,Null,,,,,,Bright sun,726300,0,0,0,2,,,0,,,,,,Auckland Region,Nil,2-way,Sealed,,0,0,,50,,Null,0,0,,76,Auckland,Nil,,,,,0,1,Urban,0,,,Fine,Null
1761607.9994,5919009.9656,872180,,516400,0,,1,1,,Null,2024/2025,KEPA ROAD,ORAKEI ROAD,,Non-Injury Crash,No,2024,,West,,0,,Hill Road,,,,,,Overcast,497700,0,0,0,2,,,0,,,,,,Auckland Region,Nil,2-way,Sealed,,0,0,,50,,Off,0,0,,76,Auckland,Give way,,,,,0,0,Urban,0,,,Fine,Null
1764117.7836,5910386.6263,872189,,521801,0,,0,2,,Null,2022/2023,ATKINSON AVENUE,LUKE STREET,,Non-Injury Crash,No,2023,,North,,0,,Flat,,,,,,Bright sun,786801,0,0,0,2,,,0,,,,,,Auckland Region,Nil,2-way,Sealed,,0,0,,50,,Off,0,0,,76,Auckland,Stop,,,,,0,0,Urban,0,,,Fine,None
1756793.6753,5882705.6807,872190,,521152,0,0,0,1,0,East,2023/2024,GLENBROOK ROAD,WYMER ROAD,,Minor Crash,No,2023,0,West,0,0,0,Flat,0,,0,,0,Twilight,834400,1,0,0,2,0,0,0,0,1,1,0,0,Auckland Region,Nil,2-way,Sealed,0,0,0,0,80,0,None,0,0,,76,Auckland,Nil,0,0,0,0,0,0,Open,0,0,0,Fine,Null
1753137.2115,5935779.8126,872191,,508703,0,0,0,1,0,East,2024/2025,FAIRVIEW AVENUE,HORNBILL DRIVE,,Non-Injury Crash,No,2024,0,East,0,0,1,Flat,0,,0,,0,Twilight,178503,0,0,0,2,0,0,0,0,0,,0,0,Auckland Region,Nil,2-way,Sealed,0,0,0,0,50,0,On,0,0,,76,Auckland,Nil,0,0,0,0,0,0,Urban,0,0,0,Fine,Null
1763815.647,5906573.6415,872201,,524301,0,,0,1,,Null,2023/2024,PORTAGE ROAD,GRAY AVENUE,,Non-Injury Crash,No,2023,,North,,0,,Flat,,,,,,Overcast,656800,0,0,0,1,,,0,,,,,,Auckland Region,Nil,1-way,Sealed,,0,0,,50,,Off,1,0,,76,Auckland,Give way,,,,,0,0,Urban,0,,,Fine,None
1760179.7382,5915977.5801,872211,,516002,0,,0,0,,Null,2023/2024,GREEN LANE EAST,GREEN LANE EAST,,Non-Injury Crash,No,2023,,South,,0,,Flat,,,,,,Bright sun,492100,0,0,0,2,,,0,,,,,,Auckland Region,Motorway ramp,1-way,Sealed,,0,0,,50,,Off,1,0,40,76,Auckland,Give way,,,,,1,0,Urban,0,,,Fine,Frost
1760773.2281,5917588.3975,872214,,516202,0,0,0,1,0,North,2023/2024,ORAKEI ROAD,COMBES ROAD,,Minor Crash,No,2024,0,North,0,0,0,Hill Road,0,,0,,0,Dark,488800,1,0,0,2,0,0,0,0,0,,0,1,Auckland Region,Nil,2-way,Sealed,0,0,0,0,50,0,On,0,0,,76,Auckland,Nil,0,0,0,0,0,0,Urban,0,0,0,Fine,Null
1773529.232,5898860.8305,872219,,523912,0,,0,1,,Null,2024/2025,MILL ROAD,HAMLIN ROAD,,Minor Crash,No,2024,,South,,0,,Flat,,,,,,Bright sun,765401,4,0,0,2,,,0,,,,,,Auckland Region,Nil,2-way,Sealed,,0,0,,60,,Off,0,0,,76,Auckland,Stop,,,,,0,0,Urban,1,,,Fine,Null
1763798.5958,5913704.0026,872224,,520402,0,,0,2,,Null,2022/2023,PENROSE ROAD,MOUNT WELLINGTON HIGHWAY,,Non-Injury Crash,No,2023,,South,,0,,Flat,,,,,,Dark,640002,0,0,0,4,,,0,,,,,,Auckland Region,Nil,2-way,Sealed,,0,0,,50,,On,0,0,,76,Auckland,Traffic Signals,,,,,0,0,Urban,0,,,Fine,None
1759678.1906,5916851.5847,872230,,516001,0,,0,2,,Null,2023/2024,OMAHU ROAD,DROMORNE ROAD,,Non-Injury Crash,No,2023,,South,,0,,Flat,,,,,,Overcast,491500,0,0,0,2,,,0,,,,,,Auckland Region,Nil,2-way,Sealed,,0,0,,50,,Off,0,0,,76,Auckland,Stop,,,,,0,0,Urban,0,,,Fine,Null
1756249.4447,5919259.1766,872231,,514200,0,,0,2,,Null,2023/2024,KARANGAHAPE ROAD,NEWTON ROAD,,Non-Injury Crash,No,2024,,South,,0,,Hill Road,,,,,,Overcast,411700,0,0,0,5,,,0,,,,,,Auckland Region,Nil,2-way,Sealed,,0,0,,50,,Off,0,0,,76,Auckland,Traffic Signals,,,,,0,0,Urban,0,,,Light rain,Null
1763930.3501,5918896.4213,872232,,516601,0,,0,1,,Null,2024/2025,KOHIMARAMA ROAD,SOUTHERN CROSS ROAD,,Non-Injury Crash,No,2024,,South,,0,,Flat,,,,,,Bright sun,505803,0,0,0,2,,,0,,,,,,Auckland Region,Nil,2-way,Sealed,,0,0,,50,,On,0,0,,76,Auckland,Give way,,,,,0,0,Urban,0,,,Null,Null
1754657.0972,5929660.6036,872236,,508420,0,,0,1,,West,2024/2025,ELLICE ROAD,TARGET ROAD,,Minor Crash,No,2025,,East,,0,,Flat,,,,,,Overcast,182603,1,0,0,2,,,0,,,,,,Auckland Region,Nil,2-way,Sealed,,0,0,,50,,Off,0,0,30,76,Auckland,Nil,,,,,0,0,Urban,1,,,Light rain,Null
1757683.0067,5912245.4878,872238,,519810,0,0,0,3,0,North,2023/2024,QUEENSTOWN ROAD ON RAMP,SOUTH-WESTERN MOTORWAY,,Minor Crash,No,2023,0,South,0,0,0,Flat,1,,0,,0,Dark,596700,1,0,0,3,0,0,0,0,0,,0,0,Auckland Region,Nil,1-way,Sealed,0,0,0,0,100,0,On,0,0,,76,Auckland,Nil,0,0,0,0,0,0,Open,0,0,0,Fine,Null
1746684.8366,5918072.5593,872240,,512401,0,,0,1,,Null,2024/2025,TE ATATU ROAD,CONISTON AVENUE,,Minor Crash,No,2025,,South,,0,,Flat,,,,,,Overcast,256600,1,0,1,2,,,0,,,,,,Auckland Region,Nil,2-way,Sealed,,0,0,,50,,Off,0,0,,76,Auckland,Stop,,,,,0,0,Urban,0,,,Heavy rain,Null
1761374.3284,5914334.6628,872247,,520202,0,0,0,1,0,North,2023/2024,SOUTHERN MOTORWAY,PENROSE INT N,,Minor Crash,Yes,2024,0,South,0,0,0,Flat,0,,0,,0,Twilight,612501,1,0,0,3,0,0,0,0,0,,0,0,Auckland Region,Nil,1-way,Sealed,0,0,0,0,100,0,On,0,0,,76,Auckland,Nil,0,0,0,0,1,0,Open,0,1,0,Heavy rain,Strong wind
1758964.9999,5920408.9961,872252,,514101,0,,0,1,,Null,2024/2025,THE STRAND,GLADSTONE ROAD,,Minor Crash,Yes,2024,,South,,0,,Hill Road,,,,,,Unknown,438223,1,0,1,3,,,0,,,,,,Auckland Region,Nil,2-way,Sealed,,0,0,,50,,Null,0,0,,76,Auckland,Give way,,,,,0,0,Urban,0,,,Null,Null
1752561.0698,5918568.9487,872253,,515002,0,0,0,1,0,North,2024/2025,WALMER ROAD,TUI STREET,,Serious Crash,No,2024,0,North,0,0,0,Flat,0,Labour Weekend,0,,0,Bright sun,396200,1,0,0,2,0,0,0,0,0,,0,1,Auckland Region,Nil,2-way,Sealed,0,0,1,0,50,0,Null,0,0,40,76,Auckland,Nil,0,0,0,1,0,0,Urban,0,0,0,Light rain,Null
1770145.2734,5915857.191,872260,,522711,0,,0,1,,Null,2025/2026,BUCKLANDS BEACH ROAD,SUNDERLANDS ROAD,,Minor Crash,No,2025,,South,,0,,Flat,,,,,,Bright sun,679301,1,0,1,2,,,0,,,,,,Auckland Region,Nil,2-way,Sealed,,0,0,,50,,Off,0,0,,76,Auckland,Give way,,,,,0,0,Urban,0,,,Fine,Null
1764040.8534,5908925.7962,872261,,521901,0,0,0,3,0,West,2024/2025,MANGERE ROAD,PIKI THOMPSON WAY,,Minor Crash,No,2024,0,West,0,0,0,Flat,0,,0,,0,Dark,785300,1,0,0,2,0,0,0,0,2,,0,0,Auckland Region,Nil,2-way,Sealed,0,0,0,0,50,0,On,0,0,,76,Auckland,Nil,0,0,0,0,0,0,Urban,0,0,0,Fine,Null
1760677.0886,5915490.5164,872262,,520201,0,,0,1,,North,2022/2023,SOUTHERN MOTORWAY,WALPOLE OBR,,Non-Injury Crash,Yes,2023,,Null,,0,,Flat,,,,,,Twilight,613000,0,0,0,4,,,0,,,,,,Auckland Region,Motorway ramp,1-way,Sealed,,0,0,,100,,On,1,0,80,76,Auckland,Nil,,,,,0,0,Open,0,,,Fine,Null
1768214.2014,5906135.7901,872263,,523721,0,0,0,1,0,West,2024/2025,FLAT BUSH ROAD,RAVENNA WAY,,Minor Crash,No,2024,0,West,0,0,0,Flat,0,,0,,0,Dark,715509,1,0,0,2,0,0,0,0,0,,0,0,Auckland Region,Nil,2-way,Sealed,0,0,0,0,50,0,On,0,0,40,76,Auckland,Nil,0,0,0,1,0,0,Urban,0,0,0,Fine,Null
1757498.6538,5912269.0619,872270,,519810,0,,0,2,,East,2023/2024,QUEENSTOWN ROAD OFF RAMP,QUEENSTOWN ROAD,,Non-Injury Crash,No,2023,,West,,0,,Hill Road,,,,,,Dark,597100,0,0,0,2,,,0,,,,,,Auckland Region,Motorway ramp,1-way,Sealed,,0,0,,100,,On,0,0,,76,Auckland,Nil,,,,,0,0,Open,0,,,Light rain,Null
1757619.0978,5920492.6724,872276,,514103,0,,0,1,,Null,2024/2025,KITCHENER STREET,BACON'S LANE,,Non-Injury Crash,No,2024,,North,,0,,Hill Road,,,,,,Bright sun,437702,0,0,0,2,,,0,,,,,,Auckland Region,Nil,2-way,Sealed,,0,0,,30,,Null,0,0,,76,Auckland,Give way,,,,,1,0,Urban,0,,,Fine,Null
1757307.3895,5920206.6998,872280,,514103,1,,0,1,,Null,2025/2026,QUEEN STREET,WELLESLEY STREET EAST,,Minor Crash,No,2025,,North,,0,,Flat,,,,,,Overcast,436600,1,0,0,2,,,0,,,,,,Auckland Region,Nil,2-way,Sealed,,0,0,,30,,Off,0,0,,76,Auckland,Traffic Signals,,,,,0,0,Urban,0,,,Fine,Null
1734954.908,5929964.7686,872281,,505605,0,,0,2,,West,2024/2025,SH 16,FOSTER ROAD,,Minor Crash,Yes,2024,,West,,0,,Flat,,,,,,Bright sun,216102,1,0,0,2,,,0,,,,,,Auckland Region,Nil,2-way,Sealed,,0,0,,80,,Off,0,0,60,76,Auckland,Nil,,,,,0,0,Open,1,,,Fine,Null
1753974.459,5925162.5067,872285,,510500,0,0,0,3,0,East,2023/2024,WARATAH STREET,BIRKENHEAD AVENUE,,Minor Crash,No,2024,0,East,0,0,0,Flat,0,,0,,0,Overcast,355604,1,0,0,2,0,0,0,0,1,,0,0,Auckland Region,Nil,2-way,Sealed,0,0,0,0,50,0,Off,0,0,,76,Auckland,Nil,0,0,0,0,0,0,Urban,0,0,0,Fine,Null
1764014.8362,5914415.8471,872286,,520303,0,,0,0,,South,2023/2024,RIELLY PLACE,MALONE ROAD,,Non-Injury Crash,No,2023,,North,,0,,Flat,,,,,,Bright sun,627101,0,0,0,2,,,0,,,,,,Auckland Region,Nil,2-way,Sealed,,0,0,,50,,Off,0,0,,76,Auckland,Nil,,,,,1,0,Urban,1,,,Fine,Null
1756762.1745,5919869.7176,872289,,514102,0,,0,2,,Null,2022/2023,PITT STREET,HOBSON STREET,,Non-Injury Crash,No,2023,,North,,0,,Hill Road,,,,,,Dark,434802,0,0,0,6,,,0,,,,,,Auckland Region,Nil,2-way,Sealed,,0,0,,30,,Off,0,0,,76,Auckland,Traffic Signals,,,,,0,0,Urban,0,,,Light rain,Null
1757734.5019,5919687.8985,872293,,514301,0,,0,1,,South,2023/2024,PORT OFF RAMP,SH 16,,Non-Injury Crash,Yes,2023,,North,,0,,Hill Road,,,,,,Twilight,440400,0,0,0,3,,,0,,,,,,Auckland Region,Motorway ramp,1-way,Sealed,,0,0,,80,,On,0,0,,76,Auckland,Nil,,,,,1,0,Open,0,,,Fine,Null
1753390.3327,5929799.9169,872297,,508411,0,,0,0,,Null,2023/2024,ALBANY HIGHWAY,GLENDHU ROAD,,Minor Crash,No,2024,,North,,0,,Flat,,,,,,Bright sun,183902,1,0,0,6,,,0,,,1,,,Auckland Region,Nil,2-way,Sealed,,0,0,,50,,Off,0,0,,76,Auckland,Traffic Signals,,,,,0,0,Urban,1,,,Fine,Null
1753764.8059,5928884.2166,872299,,508320,0,,0,1,,Null,2022/2023,WELDENE AVENUE,HOGANS ROAD,,Non-Injury Crash,No,2023,,North,,0,,Hill Road,,,,,,Dark,197100,0,0,0,2,,,0,,,,,,Auckland Region,Nil,2-way,Sealed,,0,0,,50,,On,0,0,,76,Auckland,Give way,,,,,0,0,Urban,1,,,Fine,Null
1755834.576,5916654.3505,872302,,518201,0,0,0,5,0,North,2023/2024,DOMINION ROAD,MONT LE GRAND ROAD,,Non-Injury Crash,No,2023,0,North,0,0,0,Flat,0,Labour Weekend,0,,0,Dark,549300,0,0,0,4,0,0,0,0,1,,0,0,Auckland Region,Nil,2-way,Sealed,0,0,0,0,50,0,On,0,1,,76,Auckland,Nil,0,0,0,0,0,0,Urban,0,0,0,Fine,Null
1773193.274,5890482.8939,872303,,521301,0,0,0,2,0,North,2023/2024,SOUTHERN MOTORWAY,QUARRY OBR,,Non-Injury Crash,Yes,2023,0,North,0,0,0,Flat,1,,0,,0,Bright sun,809200,0,0,0,2,0,0,0,0,0,,0,0,Auckland Region,Nil,1-way,Sealed,0,0,0,0,100,0,Off,0,0,,76,Auckland,Nil,0,0,0,0,0,0,Open,0,0,0,Fine,Null
1731858.0619,5936710.5396,872311,,506653,0,0,0,1,1,South,2023/2024,OLD NORTH ROAD,KIWITAHI ROAD,,Non-Injury Crash,No,2024,0,South,0,0,0,Hill Road,0,,0,,0,Dark,217701,0,0,0,2,0,0,0,0,0,,0,0,Auckland Region,Nil,2-way,Sealed,0,0,0,0,80,0,None,0,0,,76,Auckland,Nil,0,0,0,0,0,0,Open,0,0,0,Heavy rain,Null
1748350.6859,5913972.8336,872313,,511700,0,,0,2,,Null,2023/2024,GREAT NORTH ROAD,AOTEA ROAD,,Minor Crash,No,2024,,West,,0,,Hill Road,,,,,,Overcast,270202,1,0,0,5,,,0,,,,,,Auckland Region,Nil,2-way,Sealed,,0,0,,50,,None,0,0,,76,Auckland,Stop,,,,,0,0,Urban,0,,,Fine,Null
1728816.989,5940404.3183,872317,,506644,0,,0,0,,Null,2023/2024,SH 16,MILL ROAD,,Minor Crash,Yes,2023,,South,,0,,Flat,,,,,,Overcast,210804,2,0,0,1,,,0,,,,,,Auckland Region,Nil,1-way,Sealed,,0,0,,70,,None,0,0,,76,Auckland,Give way,,,,,1,0,Urban,0,,,Fine,Null
1765263.1079,5913772.9449,872319,,520602,0,,0,0,,North,2024/2025,WATENE ROAD,WAIPUNA ROAD EAST,,Serious Crash,No,2025,,South,,0,,Hill Road,,,,,,Dark,629303,0,0,0,2,,,0,,,1,,,Auckland Region,Nil,2-way,Sealed,,0,1,,50,,On,1,0,,76,Auckland,Nil,,,,,0,0,Urban,0,,,Fine,Null
1771475.1095,5881681.4938,872320,,521111,0,0,0,1,0,West,2025/2026,PUKEKOHE EAST ROAD,VALLEY ROYAL WAY,,Non-Injury Crash,No,2025,0,West,0,0,1,Null,0,,0,,0,Unknown,826909,0,0,0,3,0,0,0,0,0,,0,0,Auckland Region,Nil,2-way,Null,0,0,0,0,80,0,Null,0,0,,76,Auckland,Nil,0,0,0,0,0,0,Open,0,0,0,Light rain,Null
1764985.1055,5910331.8699,872321,,521801,0,,0,0,,Null,2023/2024,PRINCES ST-OTAHUHU ON RAMP,PRINCES STREET,,Minor Crash,No,2024,,East,,0,,Hill Road,,,,,,Dark,787200,1,0,0,1,,,0,,,,,,Auckland Region,Motorway ramp,1-way,Sealed,,0,0,,50,,On,0,0,,76,Auckland,Give way,,,,,0,0,Urban,1,,,Light rain,Null
1762714.3169,5914942.6766,872323,,520302,0,,0,2,,Null,2024/2025,ELLERSLIE-PANMURE HIGHWAY,HARRISON ROAD,,Non-Injury Crash,No,2024,,South,,0,,Flat,,,,,,Dark,625104,0,0,0,4,,,0,,,,,,Auckland Region,Nil,2-way,Sealed,,0,0,,50,,On,0,0,,76,Auckland,Give way,,,,,0,0,Urban,0,,,Fine,Null
1754376.6946,5931016.3156,872326,,508520,0,,0,1,,South,2022/2023,NORTHERN MOTORWAY,SUNSET OBR,,Non-Injury Crash,Yes,2023,,South,,0,,Flat,,,,,,Bright sun,191105,0,0,0,2,,,0,,,,,,Auckland Region,Nil,1-way,Sealed,,0,0,,100,,Off,0,0,,76,Auckland,Nil,,,,,0,0,Open,1,,,Fine,Null
1768119.1293,5902847.3516,872332,,524602,0,,0,2,,North,2024/2025,GREAT SOUTH ROAD,TOTARA MEADOWS COURT,,Non-Injury Crash,No,2025,,South,,0,,Flat,,,,,,Overcast,780504,0,0,0,2,,,0,,,,,,Auckland Region,Bridge,2-way,Sealed,,0,0,,50,,Off,0,0,,76,Auckland,Nil,,,,,0,0,Urban,0,,,Light rain,Null
1756123.4547,5920537.0297,872333,,514000,0,,0,2,,Null,2023/2024,COLLEGE HILL,BEAUMONT STREET,,Minor Crash,No,2024,,East,,0,,Hill Road,,,,,,Dark,416600,1,0,0,5,,,0,,,,,,Auckland Region,Nil,2-way,Sealed,,0,0,,50,,On,0,0,,76,Auckland,Traffic Signals,,,,,0,0,Urban,0,,,Fine,Null
1766725.4824,5906413.4776,872337,,522302,0,0,0,1,0,West,2023/2024,TUI ROAD,MORRIS AVENUE,,Non-Injury Crash,No,2024,0,West,0,0,0,Flat,0,,0,,0,Bright sun,669602,0,0,0,2,0,0,0,0,1,,0,0,Auckland Region,Nil,2-way,Sealed,0,0,0,0,50,0,Off,1,0,,76,Auckland,Nil,0,0,0,0,0,0,Urban,0,0,0,Fine,Null
1756151.6944,5935014.5788,872339,,507101,0,0,0,1,0,Null,2024/2025,CLYDE ROAD,BROWNS BAY ROAD,,Minor Crash,No,2024,0,South,0,0,0,Hill Road,1,,0,,0,Dark,161200,1,0,0,2,0,0,0,0,0,,0,0,Auckland Region,Nil,2-way,Sealed,0,0,0,0,50,0,On,0,0,,76,Auckland,Give way,0,0,0,0,0,0,Urban,0,0,0,Fine,Null
1740643.2569,5984084.5402,872345,,506660,0,,0,2,,North,2023/2024,WAITEITEI ROAD,WHANGARIPO VALLEY ROAD,,Minor Crash,No,2023,,South,,0,,Hill Road,,Christmas New Year,,,,Overcast,136301,2,0,0,2,,,0,,,,,,Auckland Region,Nil,2-way,Sealed,,0,0,,100,,None,0,0,,76,Auckland,Nil,,,,,0,0,Open,0,,,Fine,Null
1747459.7004,5914731.4039,872348,,511800,0,,0,1,,North,2024/2025,GREAT NORTH ROAD,SABULITE ROAD,,Minor Crash,No,2025,,South,,0,,Flat,,,,,,Bright sun,277902,2,0,0,4,,,0,,,,,,Auckland Region,Nil,2-way,Sealed,,0,0,,50,,Off,0,0,,76,Auckland,Nil,,,,,1,0,Urban,0,,,Fine,Null
1760253.9603,5915404.8848,872349,,519400,0,,0,1,,South,2023/2024,GREAT SOUTH ROAD,WOODBINE AVENUE,,Non-Injury Crash,No,2024,,South,,0,,Hill Road,,,,,,Overcast,617301,0,0,0,6,,,0,,,,,,Auckland Region,Nil,2-way,Sealed,,0,0,,50,,Off,1,1,,76,Auckland,Nil,,,,,0,0,Urban,1,,,Fine,Null
1759184.5571,5903414.9662,872351,,524200,0,,1,1,,Null,2024/2025,GEORGE BOLT MEMORIAL DRIVE,TOM PEARCE DRIVE,,Non-Injury Crash,No,2024,,North,,0,,Flat,,,,,,Dark,727200,0,0,0,2,,,0,,,,,,Auckland Region,Nil,2-way,Sealed,,0,0,,50,,On,0,0,,76,Auckland,Give way,,,,,0,0,Urban,0,,,Fine,Null
1746120.9938,5917007.0456,872355,,510800,0,,0,2,,Null,2024/2025,GREAT NORTH ROAD,MCLEOD ROAD,,Minor Crash,No,2025,,South,,0,,Hill Road,,,,,,Bright sun,243400,1,0,0,2,,,0,,,,,,Auckland Region,Nil,2-way,Sealed,,0,0,,50,,Off,0,0,,76,Auckland,Stop,,,,,0,0,Urban,0,,,Fine,Null
1763692.9099,5919463.1421,872359,25,516500,0,0,0,2,0,North,2023/2024,KOHIMARAMA ROAD,COMINS CRESCENT,,Non-Injury Crash,No,2023,0,South,0,0,0,Hill Road,0,,0,,0,Bright sun,502700,0,0,0,2,0,0,0,0,1,,0,0,Auckland Region,Nil,2-way,Sealed,0,0,0,0,50,0,Off,0,0,40,76,Auckland,Nil,0,0,0,0,0,0,Urban,0,0,0,Fine,Strong wind
1754907.6971,5924748.946,872363,,509800,0,,0,3,,West,2023/2024,ONEWA ROAD,FAIRFAX AVENUE,,Minor Crash,No,2024,,East,,0,,Flat,,,,,,Overcast,361702,1,0,0,4,,,0,,,,,,Auckland Region,Nil,2-way,Sealed,,0,0,,50,,Off,0,0,,76,Auckland,Nil,,,,,0,0,Urban,0,,,Fine,Null
1776541.0192,5907015.4768,872365,,523202,0,0,0,1,0,Null,2022/2023,WHITFORD PARK ROAD,POLO LANE,,Non-Injury Crash,No,2023,0,South,0,0,1,Flat,0,,0,,0,Bright sun,716603,0,0,0,2,0,0,0,0,0,,0,0,Auckland Region,Nil,2-way,Sealed,0,0,0,0,80,0,None,0,0,,76,Auckland,Give way,0,0,0,0,0,0,Open,0,0,0,Fine,Null
1755176.2782,5929978.8535,872366,,508420,0,0,0,2,0,South,2023/2024,NORTHERN MOTORWAY,SUNNYNOOK OBR,,Minor Crash,Yes,2023,0,North,0,0,0,Flat,0,,0,,0,Bright sun,183800,2,0,0,3,0,0,0,0,0,,0,0,Auckland Region,Nil,1-way,Sealed,0,0,0,0,100,0,Off,0,0,,76,Auckland,Nil,0,0,0,1,0,0,Open,0,0,0,Fine,Null