X,Y,OBJECTID,advisorySpeed,areaUnitID,bicycle,bridge,bus,carStationWagon,cliffBank,crashDirectionDescription,crashFinancialYear,crashLocation1,crashLocation2,crashRoadSideRoad,crashSeverity,crashSHDescription,crashYear,debris,directionRoleDescription,ditch,fatalCount,fence,flatHill,guardRail,holiday,houseOrBuilding,intersection,kerb,light,meshblockId,minorInjuryCount,moped,motorcycle,NumberOfLanes,objectThrownOrDropped,otherObject,otherVehicleType,overBank,parkedVehicle,pedestrian,phoneBoxEtc,postOrPole,region,roadCharacter,roadLane,roadSurface,roadworks,schoolBus,seriousInjuryCount,slipOrFlood,speedLimit,strayAnimal,streetLight,suv,taxi,temporarySpeedLimit,tlaId,tlaName,trafficControl,trafficIsland,trafficSign,train,tree,truck,unknownVehicleType,urban,vanOrUtility,vehicle,waterRiver,weatherA,weatherB
1764717.39,5906459.2241,872368,,522201,0,0,0,1,0,Null,2025/2026,CORONATION ROAD,SHIRLEY ROAD,,Minor Crash,No,2025,0,North,0,0,0,Flat,0,,0,,0,Dark,661800,1,0,0,2,0,0,0,0,0,,0,0,Auckland Region,Nil,2-way,Sealed,0,0,0,0,50,0,On,0,0,,76,Auckland,Give way,1,1,0,0,0,0,Urban,0,0,0,Fine,Null
1760749.1298,5914256.6439,872373,,519400,0,,0,2,,South,2024/2025,ROCKFIELD ROAD,ONE TREE HILL COLLAGE ENT,,Minor Crash,No,2024,,South,,0,,Hill Road,,,,,,Bright sun,620000,1,0,0,2,,,0,,,,,,Auckland Region,Nil,2-way,Sealed,,0,0,,50,,Off,0,1,,76,Auckland,Nil,,,,,0,0,Urban,0,,,Fine,Null
1766196.6447,5899713.8811,872404,,524822,0,0,0,1,0,West,2024/2025,PALMERS ROAD,WEYMOUTH ROAD,,Non-Injury Crash,No,2025,0,West,0,0,1,Hill Road,0,,0,,0,Twilight,774431,0,0,0,2,0,0,0,0,0,,0,0,Auckland Region,Nil,2-way,Sealed,0,0,0,0,30,0,On,0,0,,76,Auckland,Nil,0,0,0,0,0,0,Urban,0,0,0,Fine,Null
1747507.5895,5937795.3574,872413,35,506614,0,0,0,0,0,North,2023/2024,GREEN ROAD,POTTER ROAD,,Non-Injury Crash,No,2024,0,North,0,0,0,Hill Road,0,,0,,0,Overcast,178102,0,0,0,2,0,0,0,1,0,,0,0,Auckland Region,Nil,2-way,Sealed,0,0,0,0,60,0,None,1,0,,76,Auckland,Nil,0,0,0,1,0,0,Urban,0,0,0,Light rain,Null
1769666.3301,5883217.8169,872414,,521111,0,0,0,1,0,North,2022/2023,CAPE HILL ROAD,NORTHVALE PLACE,,Non-Injury Crash,No,2023,0,South,0,0,1,Flat,0,,0,,0,Dark,826700,0,0,0,2,0,0,0,0,0,,0,0,Auckland Region,Nil,2-way,Sealed,0,0,0,0,60,0,On,0,0,,76,Auckland,Nil,0,0,0,0,0,0,Urban,0,0,0,Fine,Null
1755652.9955,5928453.4868,872419,,508320,0,,0,2,,Null,2023/2024,CURRYS LANE,WAIRAU ROAD,,Non-Injury Crash,No,2023,,East,,0,,Flat,,,,,,Overcast,198500,0,0,0,2,,,0,,,,,,Auckland Region,Nil,2-way,Sealed,,0,0,,50,,On,0,0,,76,Auckland,Traffic Signals,,,,,0,0,Urban,0,,,Light rain,Null
1753842.261,5931782.4387,872431,,508805,0,0,0,1,0,North,2024/2025,NORTHERN MOTORWAY,UPPER HARBOUR HWY OFF RAMP,,Minor Crash,Yes,2025,0,South,0,0,0,Flat,1,,0,,0,Dark,180813,1,0,0,2,0,0,0,0,0,,0,0,Auckland Region,Tunnel,1-way,Sealed,0,0,0,0,100,0,On,0,0,,76,Auckland,Nil,0,0,0,0,0,0,Open,0,0,0,Fine,Null
1740543.6698,5923100.1585,872435,,513701,0,0,0,1,0,South,2024/2025,RED HILLS ROAD,NELSON ROAD,,Minor Crash,No,2025,0,North,1,0,0,Hill Road,0,Easter,0,,0,Overcast,229800,1,0,0,2,0,0,0,0,0,,0,1,Auckland Region,Nil,2-way,Sealed,0,0,0,0,80,0,None,0,0,,76,Auckland,Nil,0,0,0,0,0,0,Open,0,0,0,Light rain,Null
1768931.4792,5905975.9882,872439,,523711,0,0,0,1,0,North,2023/2024,TE IRIRANGI DRIVE,DAWSON ROAD,,Non-Injury Crash,No,2024,0,North,0,0,0,Flat,0,,0,,0,Dark,713005,0,0,0,2,0,0,0,0,0,,0,1,Auckland Region,Nil,1-way,Sealed,0,0,0,0,50,0,On,0,0,,76,Auckland,Nil,0,0,0,0,0,0,Urban,0,0,0,Fine,Null
1754939.8396,5925780.0181,872440,,509701,0,,1,1,,Null,2024/2025,RALEIGH ROAD,OCEAN VIEW ROAD,,Non-Injury Crash,No,2025,,West,,0,,Hill Road,,,,,,Bright sun,366901,0,0,0,2,,,0,,,,,,Auckland Region,Nil,2-way,Sealed,,0,0,,50,,Off,0,0,,76,Auckland,Give way,,,,,1,0,Urban,0,,,Fine,Null
1755594.3639,5919797.1507,872441,,515302,0,0,0,1,0,West,2024/2025,NORFOLK STREET,PONSONBY ROAD,,Minor Crash,No,2024,0,East,0,0,0,Hill Road,0,,0,,1,Dark,431700,1,0,0,2,0,0,0,0,0,,0,0,Auckland Region,Speed hump,2-way,Sealed,0,0,0,0,30,0,On,0,0,,76,Auckland,Nil,0,0,0,1,0,0,Urban,0,0,0,Fine,Null
1745560.9713,5917562.5795,872447,,510700,0,,0,1,,Null,2023/2024,SEL PEACOCK DRIVE,ALDERMAN DRIVE,,Non-Injury Crash,No,2023,,South,,0,,Flat,,,,,,Bright sun,239900,0,0,0,2,,,0,,,,,,Auckland Region,Nil,1-way,Sealed,,0,0,,50,,Off,0,0,,76,Auckland,Give way,,,,,0,0,Urban,1,,,Fine,Null
1767327.3139,5904891.2693,872451,,524603,0,,0,2,,West,2023/2024,CAVENDISH DRIVE,GREAT SOUTH ROAD,,Minor Crash,No,2024,,East,,0,,Flat,,,,,,Overcast,780205,1,0,0,2,,,0,,,,,,Auckland Region,Nil,1-way,Sealed,,0,0,,50,,On,0,0,,76,Auckland,Nil,,,,,0,0,Urban,0,,,Fine,Null
1745391.3762,5920398.5532,872453,,513301,0,,0,1,,Null,2023/2024,LINCOLN ROAD,TRIANGLE ROAD,,Non-Injury Crash,No,2024,,South,,0,,Flat,,,,,,Bright sun,230301,0,0,0,3,,,0,,,,,,Auckland Region,Nil,2-way,Sealed,,0,0,,50,,Off,0,0,,76,Auckland,Traffic Signals,,,,,0,0,Urban,1,,,Fine,Null
1749304.139,5914254.6487,872456,,511302,0,0,0,2,0,Null,2024/2025,RIMU STREET,NIKAU STREET,,Non-Injury Crash,No,2024,0,West,0,0,0,Flat,0,,0,,0,Bright sun,268700,0,0,0,2,0,0,0,0,0,,0,0,Auckland Region,Speed hump,2-way,Sealed,0,0,0,0,50,0,Off,0,0,,76,Auckland,Stop,0,0,0,0,0,0,Urban,0,1,0,Fine,Null
1754634.0306,5911907.6501,872459,,519001,0,,0,1,,Null,2022/2023,DOMINION ROAD EXTENSION,GLASS ROAD,,Non-Injury Crash,No,2023,,North,,0,,Flat,,,,,,Unknown,589300,0,0,0,2,,,0,,,,,,Auckland Region,Nil,2-way,Sealed,,0,0,,50,,On,1,0,,76,Auckland,Traffic Signals,,,,,0,0,Urban,0,,,Fine,None
1753900.8705,5932443.7358,872463,,508805,0,0,0,0,0,North,2024/2025,TRITON DRIVE,CANAVERAL DRIVE,,Non-Injury Crash,No,2024,0,East,0,0,0,Null,0,,0,,0,Unknown,180866,0,0,0,2,0,0,0,0,1,,0,0,Auckland Region,Nil,2-way,Sealed,0,0,0,0,50,0,Null,0,0,,76,Auckland,Nil,0,0,0,0,1,0,Urban,1,0,0,Fine,Null
1756205.2622,5927612.1508,872467,,507900,0,0,0,7,0,North,2023/2024,NORTHERN MOTORWAY,NORTHCOTE ROAD OFF RAMP,,Non-Injury Crash,Yes,2024,0,South,0,0,0,Flat,0,,0,,0,Twilight,305202,0,0,0,3,0,0,0,0,0,,0,0,Auckland Region,Nil,1-way,Sealed,0,0,0,0,100,0,On,0,0,,76,Auckland,Nil,0,0,0,0,0,0,Open,0,1,0,Fine,Null
1757076.3175,5920995.92,872468,,514101,0,0,0,1,0,South,2024/2025,MARKET PLACE,CUSTOMS STREET WEST,,Non-Injury Crash,No,2025,0,North,0,0,0,Flat,0,,0,,1,Dark,433003,0,0,0,2,0,0,0,0,1,,0,0,Auckland Region,Nil,2-way,Sealed,0,0,0,0,30,0,On,1,0,,76,Auckland,Nil,0,0,0,0,0,0,Urban,0,0,0,Fine,Null
1755971.4591,5921111.3879,872469,,515202,0,0,0,1,0,Null,2024/2025,NORTHERN MOTORWAY,FANSHAWE STREET OFF RAMP,,Minor Crash,Yes,2024,0,South,0,0,0,Flat,1,,0,,0,Overcast,425600,1,0,0,5,0,0,0,0,0,,0,0,Auckland Region,Nil,1-way,Sealed,0,0,0,0,80,0,Off,0,0,,76,Auckland,Nil,0,0,0,0,0,0,Open,0,0,0,Fine,Null
1755339.7546,5928157.1147,872475,,507900,0,0,0,2,0,North,2023/2024,ARCHERS ROAD,LOCKET ROAD,,Minor Crash,No,2024,0,West,0,0,0,Flat,0,,0,,0,Bright sun,305100,1,0,0,2,0,0,0,0,1,,0,0,Auckland Region,Nil,2-way,Sealed,0,0,0,0,50,0,Off,1,0,,76,Auckland,Nil,0,0,0,0,0,0,Urban,0,0,0,Fine,Null
1775436.7386,5884405.7048,872476,,521132,0,0,0,1,0,West,2025/2026,GREAT SOUTH ROAD,INGRAM ROAD,,Non-Injury Crash,No,2025,0,East,0,0,1,Flat,0,,0,,0,Dark,814701,0,0,0,2,0,0,0,0,0,,0,0,Auckland Region,Nil,2-way,Sealed,0,0,0,0,80,0,None,0,0,,76,Auckland,Nil,0,0,0,1,0,0,Open,0,0,0,Fine,Strong wind
1771172.6097,5915548.606,872479,,521501,0,0,0,1,0,North,2023/2024,BLEAKHOUSE ROAD,PATONS ROAD,,Non-Injury Crash,No,2023,0,South,0,0,0,Hill Road,0,,0,,0,Overcast,650900,0,0,0,2,0,0,0,0,0,,0,1,Auckland Region,Nil,2-way,Sealed,0,0,0,0,50,0,Off,0,0,,76,Auckland,Nil,0,0,0,0,0,0,Urban,0,0,0,Light rain,Null
1770176.9812,5899097.9889,872480,,523920,0,,0,2,,North,2023/2024,GREAT SOUTH ROAD,CHALLEN CLOSE,,Non-Injury Crash,No,2024,,Null,,0,,Flat,,,,,,Bright sun,768005,0,0,0,4,,,0,,,,,,Auckland Region,Nil,2-way,Sealed,,0,0,,50,,Off,0,0,,76,Auckland,Nil,,,,,0,0,Urban,0,,,Fine,None
1766002.5323,5899134.9477,872481,,524812,0,0,0,1,0,Null,2024/2025,WEYMOUTH ROAD,BECKER DRIVE,,Minor Crash,No,2024,0,South,0,0,0,Flat,0,,0,,1,Overcast,774003,1,0,0,2,0,0,0,0,0,,0,1,Auckland Region,Nil,2-way,Sealed,0,0,0,0,30,0,Off,0,0,,76,Auckland,Give way,0,0,0,0,0,0,Urban,0,0,0,Fine,Null
1755624.2432,5915897.4595,872483,,518301,1,,1,0,,South,2023/2024,DOMINION ROAD,QUEENS AVENUE,,Serious Crash,No,2024,,North,,0,,Flat,,,,,,Overcast,555700,0,0,0,2,,,0,,,,,,Auckland Region,Nil,2-way,Sealed,,0,2,,50,,Off,0,0,,76,Auckland,Nil,,,,,0,0,Urban,0,,,Light rain,Null
1759059.41,5903757.9545,872484,,524200,0,,0,1,,South,2024/2025,GEORGE BOLT MEMORIAL DRIVE,TERMINAL EXIT ROAD,,Non-Injury Crash,No,2024,,North,,0,,Null,,,,,,Bright sun,727200,0,0,0,2,,,0,,,,,,Auckland Region,Nil,1-way,Sealed,,0,0,,50,,Null,0,0,,76,Auckland,Nil,,,,,0,0,Urban,1,,,Null,Null
1759931.7292,5908544.8069,872492,15,524403,0,,0,1,,South,2022/2023,SOUTH-WESTERN MOTORWAY,WALMSLEY OBR,,Non-Injury Crash,Yes,2023,,South,,0,,Flat,,,,,,Dark,729800,0,0,0,2,,,0,,,,,,Auckland Region,Nil,1-way,Sealed,,0,0,,100,,On,0,0,,76,Auckland,Nil,,,,,0,0,Open,1,,,Heavy rain,None
1742747.1595,5919018.4453,872493,,513211,0,,0,1,,East,2023/2024,SWANSON ROAD,ARNEY ROAD,,Minor Crash,No,2024,,West,,0,,Flat,,,,,,Bright sun,235009,1,0,0,2,,,0,,,1,,,Auckland Region,Nil,2-way,Sealed,,0,0,,50,,Off,0,0,,76,Auckland,Nil,,,,,0,0,Urban,0,,,Fine,Null
1754184.4792,5915892.7569,872498,,517702,0,0,0,1,0,Null,2022/2023,HAVERSTOCK ROAD,EUSTON ROAD,,Non-Injury Crash,No,2023,0,South,0,0,0,Flat,0,Easter,0,,1,Dark,542100,0,0,0,2,0,0,0,0,0,,0,0,Auckland Region,Nil,2-way,Sealed,0,0,0,0,50,0,On,0,0,40,76,Auckland,Give way,0,0,0,0,0,0,Urban,0,0,0,Light rain,Null
1768749.027,5904559.1097,872499,,523722,0,,0,2,,Null,2023/2024,HOLLYFORD DRIVE,REDOUBT ROAD,,Non-Injury Crash,No,2023,,South,,0,,Flat,,,,,,Bright sun,715909,0,0,0,4,,,0,,,,,,Auckland Region,Nil,2-way,Sealed,,0,0,,50,,Off,0,0,,76,Auckland,Traffic Signals,,,,,0,0,Urban,0,,,Fine,None
1773775.0577,5896918.6315,872500,,525620,0,,0,2,,Null,2024/2025,CLEVEDON ROAD,CAMERON STREET,,Non-Injury Crash,No,2024,,South,,0,,Flat,,,,,,Overcast,797300,0,0,0,2,,,0,,,,,,Auckland Region,Nil,2-way,Sealed,,0,0,,50,,Off,0,0,,76,Auckland,Give way,,,,,0,0,Urban,0,,,Fine,None
1759680.0386,5907872.1417,872505,,524122,0,,0,2,,South,2023/2024,BADER DRIVE,ELMDON STREET,,Non-Injury Crash,No,2023,,North,,0,,Flat,,,,,,Bright sun,737802,0,0,0,2,,,0,,,,,,Auckland Region,Nil,2-way,Sealed,,0,0,,50,,Off,0,0,,76,Auckland,Nil,,,,,0,0,Urban,0,,,Fine,Frost
1755959.2913,5917095.8282,872515,35,518201,0,,0,2,,Null,2022/2023,DOMINION ROAD,PROSPECT TERRACE,,Non-Injury Crash,No,2023,,South,,0,,Flat,,,,,,Twilight,548102,0,0,0,2,,,0,,,,,,Auckland Region,Nil,2-way,Sealed,,0,0,,50,,Off,0,0,,76,Auckland,Give way,,,,,0,0,Urban,0,,,Null,None
1745446.6123,5920808.3097,872516,,513301,0,,0,2,,Null,2025/2026,LINCOLN ROAD,LINCOLN ROAD OFF RAMP,,Minor Crash,No,2026,,North,,0,,Flat,,,,,,Dark,230200,1,0,0,2,,,0,,,,,,Auckland Region,Nil,2-way,Sealed,,0,0,,50,,On,0,0,,76,Auckland,Traffic Signals,,,,,0,0,Urban,0,,,Fine,Null
1755941.8666,5913904.5258,872519,,518803,0,0,0,4,0,West,2024/2025,MOUNT ALBERT ROAD,FROST ROAD,,Minor Crash,No,2024,0,North,0,0,0,Hill Road,0,,0,,0,Bright sun,581100,1,0,0,2,0,0,0,0,3,,0,0,Auckland Region,Nil,2-way,Sealed,0,0,0,0,50,0,Off,0,0,,76,Auckland,Nil,0,0,0,0,0,0,Urban,0,0,0,Fine,Null
1766084.6293,5899991.525,872520,,524822,0,,0,0,,Null,2025/2026,ROBERT SKELTON PLACE,ROBERT ROSS PLACE,,Minor Crash,No,2025,,West,,0,,Flat,,Christmas New Year,,,,Dark,774433,1,0,0,2,,,0,,,1,,,Auckland Region,Nil,2-way,Sealed,,0,0,,30,,On,0,0,,76,Auckland,Give way,,,,,0,0,Urban,1,,,Fine,Null
1744910.6711,5918756.1813,872521,,513302,0,0,0,2,0,North,2023/2024,FAIRDENE AVENUE,EDWARDS AVENUE,,Non-Injury Crash,No,2024,0,North,0,0,0,Flat,0,,0,,0,Dark,232300,0,0,0,2,0,0,0,0,1,,0,0,Auckland Region,Speed hump,2-way,Sealed,0,0,0,0,50,0,On,0,0,,76,Auckland,Nil,0,0,0,0,0,0,Urban,0,0,0,Light rain,Null
1746128.3396,5921784.5805,872523,,512201,0,0,0,2,0,Null,2024/2025,TAIKATA ROAD,RAPAKI PLACE,,Non-Injury Crash,No,2024,0,West,0,0,0,Flat,0,,0,,0,Dark,247100,0,0,0,2,0,0,0,0,1,,0,0,Auckland Region,Nil,2-way,Sealed,0,0,0,0,50,0,On,1,0,,76,Auckland,Nil,0,0,0,0,0,0,Urban,1,0,0,Light rain,Null
1756861.2883,5927330.1781,872525,,507900,0,,0,2,,South,2023/2024,TAHAROTO ROAD,RANGITIRA AVENUE,,Non-Injury Crash,No,2023,,North,,0,,Flat,,,,,,Overcast,303600,0,0,0,2,,,0,,,,,,Auckland Region,Nil,2-way,Sealed,,0,0,,50,,Off,0,0,40,76,Auckland,Nil,,,,,0,0,Urban,0,,,Fine,Null
1758656.5828,5918971.4146,872526,,515902,0,0,0,0,0,Null,2023/2024,MAUNSELL ROAD,TITOKI STREET,,Minor Crash,No,2023,0,North,0,0,0,Flat,0,,0,,0,Overcast,451700,2,0,0,2,0,0,0,0,0,,0,0,Auckland Region,Nil,2-way,Sealed,0,0,0,0,50,0,Off,3,0,,76,Auckland,Stop,0,0,0,0,0,0,Urban,0,1,0,Fine,Null
1759899.0068,5903660.5175,872534,,524200,0,,0,1,,Null,2023/2024,TOM PEARCE DRIVE,UENUKU WAY,,Serious Crash,No,2023,,East,,0,,Flat,,,,,,Bright sun,727200,0,0,1,2,,,0,,,,,,Auckland Region,Nil,2-way,Sealed,,0,1,,50,,Off,0,1,,76,Auckland,Nil,,,,,0,0,Urban,0,,,Fine,Null
1767817.0877,5899915.7754,872536,,525101,0,0,0,1,0,South,2024/2025,FRIEDLANDERS ROAD,RUBY STREET,,Non-Injury Crash,No,2024,0,South,0,0,0,Flat,0,,0,,0,Overcast,772000,0,0,0,2,0,0,0,0,0,,0,1,Auckland Region,Speed hump,2-way,Sealed,0,0,0,0,30,0,Off,0,0,,76,Auckland,Nil,0,0,0,1,0,0,Urban,0,0,0,Fine,Null
1757449.1123,5918761.675,872544,,514302,0,0,0,1,0,South,2024/2025,SOUTHERN MOTORWAY,PORT TO SOUTHERN LINK,,Non-Injury Crash,Yes,2025,0,South,0,0,0,Flat,1,,0,,0,Dark,442500,0,0,0,4,0,0,0,0,0,,0,0,Auckland Region,Nil,1-way,Sealed,0,0,0,0,100,0,On,0,0,,76,Auckland,Nil,0,0,0,0,0,0,Open,0,0,0,Light rain,Null
1754013.884,5911607.0469,872548,,519001,0,0,0,1,0,West,2025/2026,HILLSBOROUGH ROAD,JAMES TYLER CRESCENT,,Non-Injury Crash,No,2025,0,West,0,0,0,Flat,0,,0,,0,Overcast,591501,0,0,0,2,0,0,0,0,0,,0,0,Auckland Region,Nil,2-way,Sealed,0,0,0,0,50,0,Off,0,0,,76,Auckland,Nil,1,0,0,0,0,0,Urban,1,0,0,Heavy rain,Null
1756954.8416,5919195.7847,872550,,514200,0,,0,1,,Null,2022/2023,NORTH-WESTERN MOTORWAY,PORT TO NORTHERN LINK,,Non-Injury Crash,Yes,2023,,West,,0,,Hill Road,,Queens Birthday,,,,Dark,412302,0,0,0,3,,,0,,,,,,Auckland Region,Motorway ramp,1-way,Sealed,,0,0,,80,,On,0,0,,76,Auckland,Nil,,,,,0,0,Open,1,,,Fine,Null
1754243.2449,5945176.1939,872552,,505907,0,,0,2,,Null,2024/2025,WHANGAPARAOA ROAD,BRIGHTSIDE ROAD,,Non-Injury Crash,No,2025,,West,,0,,Null,,,,,,Unknown,173407,0,0,0,2,,,0,,,,,,Auckland Region,Nil,2-way,Null,,0,0,,50,,Null,0,0,,76,Auckland,Stop,,,,,0,0,Urban,0,,,Null,Null
1756094.5299,5945174.5431,872559,,505908,0,0,0,1,0,Null,2023/2024,STANMORE BAY ROAD,BRIGHTSIDE ROAD,,Non-Injury Crash,No,2024,0,North,0,0,0,Hill Road,0,,0,,1,Dark,173713,0,0,0,2,0,0,0,0,0,,0,0,Auckland Region,Nil,2-way,Sealed,0,0,0,0,50,0,On,0,0,,76,Auckland,Give way,0,0,0,1,0,0,Urban,0,0,0,Fine,Null
1768466.639,5905428.29,872561,,523721,0,0,0,2,0,Null,2024/2025,BOUNDARY ROAD,OTHELLO DRIVE,,Serious Crash,No,2024,0,West,0,0,2,Hill Road,0,,0,,0,Dark,715620,1,0,0,2,0,0,0,0,0,,0,0,Auckland Region,Nil,2-way,Sealed,0,0,1,0,50,0,On,0,0,,76,Auckland,Give way,0,0,0,0,0,0,Urban,0,0,0,Light rain,Null
1757759.493,5918216.2707,872564,,515700,0,,0,1,,South,2024/2025,SOUTHERN MOTORWAY,MOUNTAIN OBR,,Non-Injury Crash,Yes,2024,,North,,0,,Flat,,,,,,Bright sun,443600,0,0,0,4,,,0,,,,,,Auckland Region,Nil,1-way,Sealed,,0,0,,100,,Off,1,0,,76,Auckland,Nil,,,,,0,0,Open,0,,,Fine,Null
1760347.859,5915305.3543,872567,,520202,0,,0,1,,Null,2023/2024,GREAT SOUTH ROAD,MAIN HIGHWAY,,Non-Injury Crash,No,2024,,South,,0,,Hill Road,,,,,,Overcast,613200,0,0,0,2,,,0,,,,,,Auckland Region,Nil,1-way,Sealed,,0,0,,50,,Off,0,0,,76,Auckland,Traffic Signals,,,,,1,0,Urban,0,,,Fine,Null
1766111.1647,5907340.8513,872568,,522302,0,,0,1,,North,2023/2024,EAST TAMAKI ROAD,HUIA ROAD,,Non-Injury Crash,No,2024,,South,,0,,Flat,,,,,,Dark,667700,0,0,0,2,,,0,,,,,,Auckland Region,Nil,2-way,Sealed,,0,0,,50,,On,0,0,,76,Auckland,Nil,,,,,0,0,Urban,0,,,Fine,None
1753310.5473,5929882.0529,872572,,509100,0,0,0,2,0,North,2024/2025,ALBANY HIGHWAY,GLENDHU ROAD,,Non-Injury Crash,No,2024,0,North,0,0,0,Flat,0,,0,,0,Dark,181200,0,0,0,2,0,0,0,0,1,,0,0,Auckland Region,Nil,2-way,Sealed,0,0,0,0,50,0,On,0,0,,76,Auckland,Nil,0,0,0,0,0,0,Urban,0,0,0,Fine,Null
1749254.2147,5913597.8299,872579,,511401,0,,0,1,,Null,2023/2024,TITIRANGI ROAD,MARGAN AVENUE,,Non-Injury Crash,No,2024,,South,,0,,Flat,,,,,,Dark,263304,0,0,0,4,,,0,,,,,,Auckland Region,Nil,2-way,Sealed,,0,0,,50,,On,1,0,,76,Auckland,Traffic Signals,,,,,0,0,Urban,0,,,Fine,Null
1770328.1419,5898942.7899,872580,,523920,0,,0,0,,Null,2024/2025,BEAUMARIS WAY,GREAT SOUTH ROAD,,Non-Injury Crash,No,2025,,East,,0,,Flat,,,,,,Overcast,768008,0,0,0,5,,,0,,,,,,Auckland Region,Nil,2-way,Sealed,,0,0,,50,,Off,1,0,,76,Auckland,Traffic Signals,,,,,0,0,Urban,0,,,Light rain,Null
1767525.1655,5905546.8418,872582,,524603,0,,0,1,,South,2022/2023,SOUTHERN MOTORWAY,REAGAN OBR,,Non-Injury Crash,Yes,2023,,North,,0,,Flat,,,,,,Dark,780303,0,0,0,3,,,0,,,,,,Auckland Region,Nil,1-way,Sealed,,0,0,,100,,On,1,0,,76,Auckland,Nil,,,,,0,0,Open,0,,,Light rain,Null
1761401.8646,5909371.1269,872585,,524404,0,0,0,1,0,Null,2023/2024,FAVONA ROAD,NORANA AVENUE,,Non-Injury Crash,No,2023,0,East,0,0,1,Flat,0,,1,,0,Overcast,730602,0,0,0,2,0,0,0,0,0,,0,0,Auckland Region,Nil,2-way,Sealed,0,0,0,0,50,0,Off,0,0,,76,Auckland,Give way,1,0,0,0,0,0,Urban,0,0,0,Fine,Null
1759362.7505,5916532.7621,872589,,516001,0,,0,2,,North,2023/2024,SOUTHERN MOTORWAY,OMAHU OBR,,Non-Injury Crash,Yes,2023,,North,,0,,Flat,,,,,,Overcast,491700,0,0,0,3,,,0,,,,,,Auckland Region,Nil,1-way,Sealed,,0,0,,100,,Off,0,0,,76,Auckland,Nil,,,,,0,0,Open,0,,,Fine,Strong wind
1756673.9692,5920137.1251,872593,,514102,0,0,0,1,0,Null,2023/2024,OFF ROAD CARPARK,,,Minor Crash,No,2024,0,West,0,0,0,Flat,0,,0,,0,Bright sun,434401,1,0,0,0,0,0,0,0,1,1,0,0,Auckland Region,Nil,Off road,Sealed,0,0,0,0,10,0,Off,0,0,,76,Auckland,Nil,0,0,0,0,1,0,Urban,0,0,0,Fine,Null
1761193.1847,5914729.7086,872595,,520202,0,,0,3,,North,2023/2024,SOUTHERN MOTORWAY,ELLERSLIE-PANMURE HWY OFF RAMP,,Non-Injury Crash,Yes,2023,,South,,0,,Flat,,,,,,Dark,612100,0,0,0,3,,,0,,,,,,Auckland Region,Nil,1-way,Sealed,,0,0,,100,,On,0,0,,76,Auckland,Nil,,,,,0,0,Open,0,,,Heavy rain,Null
1766700.0464,5904674.7083,872604,,524603,0,,0,1,,Null,2024/2025,CAVENDISH DRIVE,LAMBIE DRIVE,,Non-Injury Crash,No,2025,,East,,0,,Flat,,,,,,Bright sun,780202,0,0,0,4,,,0,,,,,,Auckland Region,Nil,2-way,Sealed,,0,0,,50,,Off,0,0,,76,Auckland,Traffic Signals,,,,,0,0,Urban,1,,,Fine,Null
1757662.6945,5913571.4569,872608,,518600,0,,0,2,,East,2025/2026,MOUNT ALBERT ROAD,PAH ROAD,,Non-Injury Crash,No,2025,,West,,0,,Flat,,,,,,Dark,567200,0,0,0,4,,,0,,,,,,Auckland Region,Nil,2-way,Sealed,,0,0,,50,,On,0,0,,76,Auckland,Nil,,,,,0,0,Urban,0,,,Fine,Null
1771276.1215,5898272.6511,872612,,523912,0,0,0,3,0,South,2024/2025,TAKANINI ROAD,BEACH ROAD,,Non-Injury Crash,No,2025,0,South,0,0,0,Flat,0,,0,,0,Bright sun,767703,0,0,0,2,0,0,0,0,1,,0,0,Auckland Region,Nil,2-way,Sealed,0,0,0,0,50,0,Off,0,0,,76,Auckland,Nil,0,0,0,0,0,0,Urban,0,0,0,Fine,Null
1756408.1583,5918945.2535,872618,,515600,0,,0,0,,Null,2023/2024,NEWTON ROAD,NEWTON ROAD ON RAMP,,Minor Crash,No,2024,,North,,0,,Flat,,Easter,,,,Bright sun,420100,1,0,0,2,,,0,,,,,,Auckland Region,Bridge,1-way,Sealed,,0,0,,50,,Off,0,0,,76,Auckland,Give way,,,,,0,0,Urban,2,,,Fine,Null
1764827.3832,5903801.5367,872625,,524604,0,0,0,0,0,Null,2022/2023,CAVENDISH DRIVE,CAVENDISH DRIVE ON RAMP,,Non-Injury Crash,No,2023,0,South,0,0,0,Flat,1,,0,,0,Bright sun,781301,0,0,0,2,0,0,0,0,0,,0,0,Auckland Region,Underpass,1-way,Sealed,0,0,0,0,60,0,Off,0,0,,76,Auckland,Traffic Signals,0,0,0,0,1,0,Urban,0,0,0,Fine,Null
1759950.4609,5908462.0733,872626,,524121,0,0,0,1,0,North,2025/2026,SOUTH-WESTERN MOTORWAY,HALL FTBR,,Minor Crash,Yes,2025,0,North,0,0,0,Flat,0,Christmas New Year,0,,0,Bright sun,737000,1,0,0,3,0,0,0,0,0,,0,0,Auckland Region,Nil,1-way,Sealed,0,0,0,0,100,0,Off,0,0,,76,Auckland,Nil,0,0,0,1,0,0,Open,0,0,0,Fine,Null
1766986.1012,5913369.7766,872630,,522910,0,,0,1,,Null,2025/2026,WILLIAM ROBERTS ROAD,PAKURANGA ROAD,,Minor Crash,No,2025,,North,,0,,Hill Road,,,,,,Twilight,684000,1,0,0,7,,,0,,,,,,Auckland Region,Overpass,2-way,Sealed,,0,0,,60,,On,0,0,,76,Auckland,Traffic Signals,,,,,0,0,Urban,1,,,Fine,Null