X,Y,OBJECTID,advisorySpeed,areaUnitID,bicycle,bridge,bus,carStationWagon,cliffBank,crashDirectionDescription,crashFinancialYear,crashLocation1,crashLocation2,crashRoadSideRoad,crashSeverity,crashSHDescription,crashYear,debris,directionRoleDescription,ditch,fatalCount,fence,flatHill,guardRail,holiday,houseOrBuilding,intersection,kerb,light,meshblockId,minorInjuryCount,moped,motorcycle,NumberOfLanes,objectThrownOrDropped,otherObject,otherVehicleType,overBank,parkedVehicle,pedestrian,phoneBoxEtc,postOrPole,region,roadCharacter,roadLane,roadSurface,roadworks,schoolBus,seriousInjuryCount,slipOrFlood,speedLimit,strayAnimal,streetLight,suv,taxi,temporarySpeedLimit,tlaId,tlaName,trafficControl,trafficIsland,trafficSign,train,tree,truck,unknownVehicleType,urban,vanOrUtility,vehicle,waterRiver,weatherA,weatherB
1759517.6644,5912232.8244,872635,,519820,0,0,0,2,0,East,2024/2025,CHURCH STREET,SPRING STREET,,Non-Injury Crash,No,2024,0,North,0,0,0,Flat,0,,0,,0,Overcast,602100,0,0,0,2,0,0,0,0,1,,0,0,Auckland Region,Nil,2-way,Sealed,0,0,0,0,50,0,Off,0,0,,76,Auckland,Nil,0,0,0,0,0,0,Urban,0,0,0,Fine,Null
1743608.9716,5975446.6965,872640,,506661,0,0,0,1,0,North,2022/2023,SH 1,WAIWHIU CONICAL PEAK ROAD,,Non-Injury Crash,Yes,2023,0,North,0,0,0,Hill Road,1,,0,,0,Overcast,138900,0,0,0,2,0,0,0,0,0,,0,0,Auckland Region,Nil,2-way,Sealed,0,0,0,0,80,0,None,0,0,,76,Auckland,Nil,0,0,0,0,0,0,Open,0,0,0,Fine,Null
1757223.7887,5918926.2864,872646,,514301,0,0,0,1,0,North,2024/2025,SYMONDS STREET OFF RAMP,SOUTHERN TO PORT LINK,,Non-Injury Crash,No,2025,0,North,0,0,0,Flat,1,,0,,0,Overcast,441200,0,0,0,1,0,0,0,0,0,,0,0,Auckland Region,Motorway ramp,1-way,Sealed,0,0,0,0,80,0,Off,0,0,,76,Auckland,Nil,0,0,0,0,0,0,Open,0,0,0,Light rain,Null
1771524.7799,5897800.8924,872654,,523912,0,,0,2,,Null,2024/2025,GREAT SOUTH ROAD,INLET ROAD,,Non-Injury Crash,No,2025,,North,,0,,Flat,,,,,,Bright sun,767808,0,0,0,4,,,0,,,,,,Auckland Region,Nil,2-way,Sealed,,0,0,,50,,Off,0,0,,76,Auckland,Give way,,,,,0,0,Urban,0,,,Fine,Null
1757528.643,5919181.0541,872668,,514301,0,,0,2,,Null,2022/2023,GRAFTON ROAD,BRIDGE STREET,,Non-Injury Crash,No,2023,,South,,0,,Hill Road,,,,,,Overcast,441000,0,0,0,4,,,0,,,,,,Auckland Region,Nil,2-way,Sealed,,0,0,,50,,Off,0,0,,76,Auckland,Traffic Signals,,,,,0,1,Urban,0,,,Fine,Null
1769175.8745,5905152.5461,872673,35,523721,0,,0,2,,Null,2024/2025,ASPIRING AVENUE,MATTHEWS ROAD,,Minor Crash,No,2024,,West,,0,,Flat,,,,,,Overcast,715609,1,0,0,2,,,0,,,,,,Auckland Region,Nil,2-way,Sealed,,0,0,,50,,Off,0,0,20,76,Auckland,Give way,,,,,0,0,Urban,0,,,Light rain,Null
1774996.2559,5887242.1377,872674,,521132,0,,0,1,,South,2025/2026,SOUTHERN MOTORWAY,PRATTS OBR,,Non-Injury Crash,Yes,2025,,North,,0,,Flat,,,,,,Overcast,814003,0,0,0,2,,,0,,,,,,Auckland Region,Motorway ramp,1-way,Sealed,,0,0,,100,,Off,0,0,,76,Auckland,Nil,,,,,0,0,Open,2,,,Fine,Null
1767658.4422,5900317.0384,872676,,525101,0,0,0,1,0,Null,2023/2024,WEYMOUTH ROAD,FRIEDLANDERS ROAD,,Serious Crash,No,2023,0,West,0,0,1,Flat,0,,0,,0,Dark,771800,0,0,0,2,0,0,0,0,0,,0,1,Auckland Region,Nil,2-way,Sealed,0,0,1,0,50,0,On,0,0,,76,Auckland,Give way,1,0,0,0,0,0,Urban,0,0,0,Fine,Null
1746542.3831,5920025.9375,872678,,512402,0,0,0,1,0,East,2025/2026,NORTH-WESTERN MOTORWAY,HENDERSON CK BR,,Non-Injury Crash,Yes,2025,0,West,0,0,0,Flat,1,Labour Weekend,0,,0,Twilight,252100,0,0,0,3,0,0,0,0,0,,0,0,Auckland Region,Nil,1-way,Sealed,0,0,0,0,100,0,On,0,0,,76,Auckland,Nil,0,0,0,0,0,0,Open,0,0,0,Light rain,Null
1765465.7266,5903720.7849,872679,,524604,0,,0,3,,East,2023/2024,SOUTH-WESTERN MOTORWAY,CAVENDISH DRIVE OFF RAMP,,Non-Injury Crash,Yes,2023,,West,,0,,Flat,,,,,,Bright sun,781302,0,0,0,2,,,0,,,,,,Auckland Region,Nil,1-way,Sealed,,0,0,,100,,Off,0,0,,76,Auckland,Nil,,,,,0,0,Open,0,,,Fine,Null
1754732.0641,5927587.8313,872681,,508310,0,0,0,2,0,North,2023/2024,ARCHERS ROAD,CHARTWELL AVENUE,,Non-Injury Crash,No,2023,0,East,0,0,0,Flat,0,,0,,0,Overcast,200800,0,0,0,2,0,0,0,0,1,,0,0,Auckland Region,Nil,2-way,Sealed,0,0,0,0,50,0,Off,0,0,,76,Auckland,Nil,0,0,0,0,0,0,Urban,0,0,0,Fine,Null
1767857.0568,5906974.3088,872683,,523602,0,0,0,2,0,Null,2023/2024,OFF ROAD-CAR PARK,,,Serious Crash,No,2023,0,North,0,0,0,Flat,0,,0,,0,Dark,705600,0,0,0,,0,0,0,0,1,,0,0,Auckland Region,Nil,Off road,Sealed,0,0,1,0,,0,On,0,0,,76,Auckland,Nil,0,0,0,0,0,0,Urban,0,0,0,Fine,Null
1758041.5133,5917413.0557,872686,,515700,0,,0,2,,Null,2024/2025,GILLIES AVENUE,SILVER ROAD,,Non-Injury Crash,No,2025,,South,,0,,Flat,,,,,,Bright sun,443500,0,0,0,4,,,0,,,,,,Auckland Region,Nil,2-way,Sealed,,0,0,,50,,Off,0,1,,76,Auckland,Give way,,,,,0,0,Urban,0,,,Fine,Null
1771318.9369,5895828.7324,872687,,525540,0,0,0,1,0,South,2023/2024,PAPAKURA OFF RAMP,SOUTHERN MOTORWAY,,Minor Crash,No,2024,0,South,0,0,0,Flat,1,,0,,0,Bright sun,806208,2,0,0,1,0,0,0,0,0,,0,0,Auckland Region,Motorway ramp,1-way,Sealed,0,0,0,0,50,0,Off,0,0,,76,Auckland,Nil,0,0,0,0,0,0,Urban,0,0,0,Fine,Null
1743370.7433,5921182.5843,872694,,513622,0,0,0,2,0,Null,2024/2025,WAIMUMU ROAD,DON BUCK ROAD,,Non-Injury Crash,No,2025,0,West,0,0,0,Hill Road,0,,0,,0,Dark,226700,0,0,0,2,0,0,0,0,1,,0,0,Auckland Region,Nil,2-way,Sealed,0,0,0,0,50,0,On,0,0,,76,Auckland,Stop,0,0,0,0,0,0,Urban,0,0,0,Light rain,Null
1763768.6535,5884786.0757,872697,,521121,0,0,0,1,0,West,2022/2023,OSTRICH ROAD,EGGLETON ROAD,,Non-Injury Crash,No,2023,0,South,0,0,1,Hill Road,0,,0,,0,Bright sun,811401,0,0,0,2,0,0,0,0,0,,0,0,Auckland Region,Nil,2-way,Sealed,0,0,0,0,80,0,None,0,0,,76,Auckland,Nil,0,0,0,0,0,0,Open,0,0,0,Fine,Null
1760812.142,5913904.12,872698,,519900,0,,0,1,,Null,2025/2026,ROCKFIELD ROAD,ORANGA AVENUE,,Non-Injury Crash,No,2025,,North,,0,,Flat,,,,,,Overcast,604400,0,0,0,2,,,0,,,,,,Auckland Region,Nil,2-way,Sealed,,0,0,,50,,Off,1,0,,76,Auckland,Give way,,,,,0,0,Urban,0,,,Fine,Null
1756384.609,5920539.423,872703,,514102,0,0,0,3,0,East,2023/2024,VICTORIA STREET WEST,UNION STREET,,Serious Crash,No,2023,0,West,0,0,0,Flat,0,,0,,1,Dark,432700,0,0,0,4,0,0,0,0,1,,0,0,Auckland Region,Nil,2-way,Sealed,0,0,1,0,30,0,On,0,2,,76,Auckland,Nil,0,0,0,0,0,0,Urban,0,0,0,Fine,Null
1755655.6926,5935583.389,872706,35,507101,0,0,0,2,0,West,2024/2025,BEACH ROAD,BAYVIEW ROAD,,Non-Injury Crash,No,2025,0,South,0,0,0,Hill Road,0,,0,,0,Overcast,162400,0,0,0,2,0,0,0,0,0,,0,0,Auckland Region,Nil,2-way,Sealed,0,0,0,0,50,0,Off,0,0,,76,Auckland,Nil,0,0,0,1,0,0,Urban,0,0,0,Light rain,Null
1755635.8857,5921331.7126,872711,,515202,0,,0,2,,North,2022/2023,NORTHERN MOTORWAY,FANSHAWE STREET OFF RAMP,,Non-Injury Crash,Yes,2023,,South,,0,,Hill Road,,,,,,Bright sun,425600,0,0,0,4,,,0,,,,,,Auckland Region,Nil,1-way,Sealed,,0,0,,80,,Off,0,1,,76,Auckland,Nil,,,,,0,0,Open,1,,,Fine,Null
1763491.3615,5910668.0393,872713,,520500,0,,0,1,,Null,2023/2024,GREAT SOUTH ROAD,PORTAGE ROAD,,Non-Injury Crash,No,2023,,North,,0,,Flat,,,,,,Overcast,637801,0,0,0,4,,,0,,,,,,Auckland Region,Nil,2-way,Sealed,,0,0,,50,,Off,0,0,,76,Auckland,Give way,,,,,0,0,Urban,1,,,Fine,None
1757307.6369,5920206.0118,872716,,514103,1,,0,0,,Null,2023/2024,QUEEN STREET,WELLESLEY STREET WEST,,Serious Crash,No,2023,,North,,0,,Hill Road,,,,,,Overcast,436600,0,0,0,3,,,0,,,1,,,Auckland Region,Nil,2-way,Sealed,,0,1,,30,,Off,0,0,,76,Auckland,Traffic Signals,,,,,0,0,Urban,0,,,Fine,Null
1762094.9824,5907150.9897,872723,,524520,0,0,0,3,0,West,2024/2025,BUCKLAND ROAD,MASSEY ROAD,,Minor Crash,No,2024,0,East,0,0,0,Flat,0,,0,,0,Dark,734702,1,0,0,2,0,0,0,0,1,,0,0,Auckland Region,Nil,2-way,Sealed,0,0,0,0,50,0,On,0,0,,76,Auckland,Nil,0,0,0,0,0,0,Urban,1,0,0,Fine,Null
1764999.0122,5910317.613,872725,,521801,0,,0,1,,Null,2023/2024,PRINCES STREET,PRINCES STREET,,Non-Injury Crash,No,2024,,North,,0,,Hill Road,,,,,,Bright sun,787700,0,0,0,3,,,0,,,,,,Auckland Region,Motorway ramp,2-way,Sealed,,0,0,,50,,Off,1,0,,76,Auckland,Give way,,,,,0,0,Urban,0,,,Fine,Null
1748209.6312,5919206.5598,872732,,514801,0,0,0,1,0,North,2023/2024,NORTH-WESTERN MOTORWAY,PATIKI ROAD OFF RAMP,,Non-Injury Crash,Yes,2023,0,South,0,0,0,Flat,0,,0,,0,Dark,389300,0,0,0,4,0,0,0,0,0,,0,0,Auckland Region,Motorway ramp,1-way,Sealed,0,0,0,0,100,0,On,0,0,,76,Auckland,Nil,0,1,0,0,0,0,Open,0,0,0,Fine,Null
1744826.5359,5909440.7061,872734,,512700,0,0,0,1,1,West,2024/2025,HUIA ROAD,WOODLANDS PARK ROAD,,Non-Injury Crash,No,2025,0,West,0,0,0,Hill Road,0,,0,,0,Overcast,300701,0,0,0,2,0,0,0,0,0,,0,0,Auckland Region,Nil,2-way,Sealed,0,0,0,0,50,0,None,0,0,,76,Auckland,Nil,0,0,0,0,0,0,Urban,0,0,0,Light rain,Null
1764810.5851,5903807.7068,872739,,524604,0,,1,2,,Null,2023/2024,CAVENDISH DRIVE,CAVENDISH DRIVE ON RAMP,,Non-Injury Crash,No,2024,,North,,0,,Flat,,,,,,Dark,781301,0,0,0,2,,,0,,,,,,Auckland Region,Motorway ramp,1-way,Sealed,,0,0,,60,,On,0,1,,76,Auckland,Traffic Signals,,,,,0,0,Urban,0,,,Light rain,Null
1766547.7249,5899905.165,872741,,524713,0,,0,2,,North,2023/2024,JOHN WALKER DRIVE,WEYMOUTH ROAD,,Non-Injury Crash,No,2024,,West,,0,,Flat,,,,,,Bright sun,775805,0,0,0,1,,,0,,,,,,Auckland Region,Nil,1-way,Sealed,,0,0,,30,,Off,0,0,,76,Auckland,Nil,,,,,0,0,Urban,0,,,Fine,None
1757546.5124,5921060.1354,872746,,514101,0,,0,1,,West,2024/2025,QUAY STREET,QUEEN STREET,,Non-Injury Crash,No,2024,,East,,0,,Flat,,Labour Weekend,,,,Dark,432900,0,0,1,3,,,0,,,,,,Auckland Region,Nil,2-way,Sealed,,0,0,,30,,On,0,0,,76,Auckland,Nil,,,,,0,0,Urban,0,,,Fine,None
1783811.8047,5908862.5299,872748,45,525201,0,0,0,0,0,South,2022/2023,NORTH ROAD,WHEELER RISE,,Non-Injury Crash,No,2023,0,North,1,0,0,Hill Road,0,,0,,0,Dark,762700,0,0,0,2,0,0,0,0,0,,0,0,Auckland Region,Nil,2-way,Sealed,0,0,0,0,80,0,None,0,0,,76,Auckland,Nil,0,0,0,0,0,0,Open,1,0,0,Light rain,Null
1761239.3404,5914572.3748,872750,,520202,0,,0,1,,North,2024/2025,SOUTHERN MOTORWAY,ELLERSLIE-PANMURE HWY ON RAMP,,Non-Injury Crash,Yes,2024,,North,,0,,Flat,,,,,,Dark,612100,0,0,0,4,,,0,,,,,,Auckland Region,Nil,1-way,Sealed,,0,0,,100,,On,0,0,,76,Auckland,Nil,,,,,0,0,Open,0,,,Fine,Null
1755674.5297,5935130.475,872752,,507101,1,,0,1,,Null,2022/2023,ANZAC ROAD,BEACH ROAD,,Minor Crash,No,2023,,West,,0,,Flat,,,,,,Twilight,161500,1,0,0,3,,,0,,,,,,Auckland Region,Nil,2-way,Sealed,,0,0,,50,,Off,0,0,,76,Auckland,Traffic Signals,,,,,0,0,Urban,0,,,Fine,Null
1767870.2263,5904314.6826,872761,,524604,0,,0,2,,Null,2023/2024,REDOUBT ROAD,REDOUBT ROAD ON RAMP,,Non-Injury Crash,No,2024,,East,,0,,Hill Road,,,,,,Bright sun,780302,0,0,0,4,,,0,,,,,,Auckland Region,Nil,2-way,Sealed,,0,0,,50,,Off,0,0,30,76,Auckland,Nil,,,,,0,0,Urban,0,,,Fine,Null
1760877.8757,5917738.1599,872764,,516201,0,0,0,2,0,North,2023/2024,ORAKEI ROAD,BENSON ROAD,,Minor Crash,No,2024,0,North,0,0,0,Flat,0,,0,,0,Dark,487000,1,0,0,2,0,1,0,0,1,,0,0,Auckland Region,Nil,2-way,Sealed,0,0,0,0,50,0,On,0,0,,76,Auckland,Nil,0,0,0,0,0,0,Urban,0,0,0,Fine,Null
1768155.0636,5907745.7478,872772,,523711,0,0,0,1,0,Null,2023/2024,ORMISTON ROAD,PRESTON ROAD,,Serious Crash,No,2024,0,West,0,0,0,Flat,0,,0,,0,Dark,713600,1,0,0,3,0,0,0,0,0,,0,0,Auckland Region,Nil,2-way,Sealed,0,0,1,0,50,0,On,0,0,,76,Auckland,Traffic Signals,0,1,0,0,0,0,Urban,0,0,0,Fine,Null
1771340.0816,5900048.2448,872773,,523911,0,,0,2,,Null,2024/2025,PORCHESTER ROAD,POPES ROAD,,Non-Injury Crash,No,2024,,South,,0,,Flat,,,,,,Dark,767100,0,0,0,2,,,0,,,,,,Auckland Region,Nil,2-way,Sealed,,0,0,,60,,On,0,0,,76,Auckland,Stop,,,,,0,0,Urban,0,,,Light rain,Null
1749095.1422,5911296.0695,872774,,512100,0,0,0,2,0,South,2024/2025,AVONLEIGH ROAD,GODLEY ROAD,,Non-Injury Crash,No,2024,0,North,0,0,0,Hill Road,0,,0,,0,Twilight,290703,0,0,0,2,0,0,0,0,1,,0,0,Auckland Region,Nil,2-way,Sealed,0,0,0,0,50,0,On,0,0,,76,Auckland,Nil,0,0,0,0,0,0,Urban,0,0,0,Fine,Null
1745632.0529,5916995.6699,872778,,510800,0,,0,1,,West,2024/2025,EDSEL STREET,VITASOVICH AVENUE,,Minor Crash,No,2025,,West,,0,,Flat,,,,,,Overcast,243000,1,0,0,3,,,0,,,1,,,Auckland Region,Nil,2-way,Unsealed,,0,0,,50,,Off,0,0,,76,Auckland,Nil,,,,,0,0,Urban,0,,,Light rain,Null
1754548.0476,5924781.4713,872787,,510500,0,,0,2,,East,2024/2025,ONEWA ROAD,PARK AVENUE,,Minor Crash,No,2024,,East,,0,,Flat,,,,,,Dark,356201,1,0,0,4,,,0,,,,,,Auckland Region,Nil,2-way,Sealed,,0,0,,50,,On,0,0,,76,Auckland,Nil,,,,,0,0,Urban,0,,,Fine,Null
1757735.1808,5913551.0293,872798,,518702,0,0,0,2,0,East,2024/2025,MOUNT ALBERT ROAD,PAH ROAD,,Non-Injury Crash,No,2025,0,West,0,0,0,Flat,0,,0,,0,Dark,567900,0,0,0,4,0,0,0,0,1,,0,0,Auckland Region,Nil,2-way,Sealed,0,0,0,0,50,0,On,0,0,,76,Auckland,Nil,0,0,0,0,0,0,Urban,0,0,0,Fine,Null
1773913.7022,5913821.2447,872801,,523201,0,,0,2,,Null,2024/2025,PAH ROAD,VIEW ROAD,,Non-Injury Crash,No,2024,,South,,0,,Hill Road,,,,,,Bright sun,717802,0,0,0,2,,,0,,,,,,Auckland Region,Nil,2-way,Sealed,,0,0,,50,,Off,0,0,40,76,Auckland,Give way,,,,,0,0,Urban,0,,,Fine,Null
1766308.9947,5899711.4624,872802,,524812,0,,0,1,,Null,2023/2024,WEYMOUTH ROAD,WEYMOUTH ROAD,,Non-Injury Crash,No,2023,,North,,0,,Flat,,,,,,Bright sun,774201,0,0,0,2,,,0,,,,,,Auckland Region,Nil,2-way,Sealed,,0,0,,50,,Off,1,0,,76,Auckland,Give way,,,,,0,0,Urban,0,,,Fine,None
1766400.9897,5917561.9435,872814,,517001,1,,0,0,,Null,2024/2025,ELSTREE AVENUE,LINTHORPE CRESCENT,,Minor Crash,No,2025,,South,,0,,Flat,,,,,,Dark,474000,2,0,0,2,,,0,,,1,,,Auckland Region,Nil,2-way,Sealed,,0,0,,50,,On,0,0,,76,Auckland,Give way,,,,,0,0,Urban,1,,,Fine,Null
1759192.8878,5915520.6878,872815,,519300,0,,0,2,,Null,2023/2024,GREEN LANE WEST,POHUTUKAWA DRIVE,,Non-Injury Crash,No,2024,,East,,0,,Flat,,,,,,Overcast,623400,0,0,0,7,,,0,,,,,,Auckland Region,Nil,2-way,Sealed,,0,0,,50,,Off,0,0,,76,Auckland,Traffic Signals,,,,,0,1,Urban,0,,,Light rain,Null
1752774.8057,5918298.8716,872816,,515002,0,,0,2,,East,2022/2023,GREAT NORTH ROAD,WALMER ROAD,,Minor Crash,No,2023,,East,,0,,Flat,,,,,,Overcast,390501,1,0,0,4,,,0,,,,,,Auckland Region,Nil,2-way,Sealed,,0,0,,50,,Off,0,0,,76,Auckland,Nil,,,,,0,0,Urban,0,,,Light rain,Null
1760412.0988,5915574.2858,872817,,516003,0,0,0,3,0,Null,2023/2024,WOODBINE AVENUE,MITCHELSON STREET,,Minor Crash,No,2024,0,South,0,0,0,Flat,0,,0,,0,Dark,495000,1,0,0,2,0,0,0,0,1,,0,0,Auckland Region,Nil,2-way,Sealed,0,0,0,0,50,0,On,0,0,,76,Auckland,Stop,0,0,0,0,0,0,Urban,0,0,0,Fine,Null
1747459.6011,5914970.0862,872831,,511602,0,,0,1,,East,2024/2025,PALMER AVENUE,GREAT NORTH ROAD,,Minor Crash,No,2024,,North,,0,,Hill Road,,,,,,Bright sun,272800,1,0,0,2,,,0,,,1,,,Auckland Region,Nil,2-way,Sealed,,0,0,,50,,Off,0,0,,76,Auckland,Nil,,,,,0,0,Urban,0,,,Fine,Null
1754363.9444,5916055.9961,872833,,517702,0,,0,1,,Null,2023/2024,FOWLDS AVENUE,HAZELMERE ROAD,,Non-Injury Crash,No,2023,,North,,0,,Flat,,,,,,Bright sun,540500,0,0,1,2,,,0,,,,,,Auckland Region,Nil,2-way,Sealed,,0,0,,50,,Off,0,0,,76,Auckland,Give way,,,,,0,0,Urban,0,,,Fine,Null
1737693.6966,5930090.1652,872834,,505602,0,0,0,0,0,East,2025/2026,MATUA ROAD,ARO MATO PLACE,,Minor Crash,No,2025,0,West,0,0,0,Hill Road,0,,0,,1,Overcast,216001,1,0,1,2,0,0,0,0,0,,0,0,Auckland Region,Nil,2-way,Sealed,0,0,0,0,50,0,Off,0,0,,76,Auckland,Nil,0,0,0,0,0,0,Urban,0,0,0,Light rain,Null
1767935.8631,5901153.7181,872837,,525001,0,,0,1,,Null,2023/2024,JUTLAND ROAD,GLOUCESTER ROAD,,Non-Injury Crash,No,2024,,North,,0,,Flat,,,,,,Bright sun,751800,0,0,0,2,,,0,,,,,,Auckland Region,Nil,2-way,Sealed,,0,0,,50,,Off,0,0,,76,Auckland,Give way,,,,,0,0,Urban,1,,,Fine,Null
1728184.0394,5923280.9203,872846,,506655,0,0,0,1,0,South,2022/2023,OAIA ROAD,COSTER ROAD,,Minor Crash,No,2023,0,South,0,0,1,Hill Road,0,,0,,0,Overcast,218701,1,0,0,2,0,0,0,0,0,,0,0,Auckland Region,Nil,2-way,Sealed,0,0,0,0,50,0,None,0,0,,76,Auckland,Nil,0,0,0,1,0,0,Urban,0,0,0,Light rain,Null
1749166.3639,5927789.7155,872847,,509100,0,,0,2,,East,2023/2024,UPPER HARBOUR MOTORWAY,TAUHINU ROAD OFF RAMP,,Non-Injury Crash,Yes,2023,,East,,0,,Flat,,,,,,Overcast,181400,0,0,0,3,,,0,,,,,,Auckland Region,Nil,1-way,Sealed,,0,0,,100,,Off,0,0,,76,Auckland,Nil,,,,,0,0,Open,0,,,Fine,Null
1755477.853,5920278.5847,872848,,515302,0,,0,2,,West,2024/2025,TOLE STREET,PONSONBY ROAD,,Non-Injury Crash,No,2024,,North,,0,,Null,,,,,,Overcast,430400,0,0,0,2,,,0,,,,,,Auckland Region,Nil,2-way,Sealed,,0,0,,30,,Null,0,0,,76,Auckland,Nil,,,,,0,0,Urban,0,,,Fine,Null
1773852.8579,5896983.0247,872849,,525630,0,0,0,2,0,South,2023/2024,CLEVEDON ROAD,KELVIN ROAD,,Non-Injury Crash,No,2024,0,West,0,0,0,Flat,0,,0,,0,Dark,795500,0,0,0,2,0,0,0,0,1,,0,0,Auckland Region,Nil,2-way,Sealed,0,0,0,0,50,0,On,0,0,,76,Auckland,Nil,0,0,0,0,0,0,Urban,0,0,0,Fine,Null
1763715.8972,5913747.0093,872852,,520402,0,,0,0,,East,2024/2025,PENROSE ROAD,WILSON WAY,,Serious Crash,No,2025,,East,,0,,Hill Road,,,,,,Overcast,640002,0,0,0,4,,,0,,,1,,,Auckland Region,Nil,2-way,Sealed,,0,1,,50,,Off,0,0,,76,Auckland,Nil,,,,,0,0,Urban,1,,,Heavy rain,Null
1760416.3903,5919914.4538,872854,,516400,0,,0,1,,West,2022/2023,TAMAKI DRIVE,NGAPIPI ROAD,,Minor Crash,No,2023,,East,,0,,Flat,,,,,,Bright sun,496500,1,0,0,4,,,0,,,,,,Auckland Region,Nil,2-way,Sealed,,0,0,,50,,Off,0,0,,76,Auckland,Nil,,,,,1,0,Urban,0,,,Fine,Null
1753263.9775,5913637.2395,872856,,518901,0,0,0,1,0,South,2024/2025,JOHN DAVIS ROAD,BARKES PLACE,,Non-Injury Crash,No,2024,0,South,0,0,0,Null,0,,0,,0,Unknown,583800,0,0,0,2,0,0,0,0,1,,0,0,Auckland Region,Nil,2-way,Null,0,0,0,0,50,0,Null,0,0,,76,Auckland,Nil,0,0,0,0,0,0,Urban,0,0,0,Null,Null
1757425.785,5920932.5643,872859,,514101,0,,0,2,,East,2023/2024,CUSTOMS STREET WEST,ALBERT STREET,,Non-Injury Crash,No,2023,,East,,0,,Flat,,,,,,Dark,432900,0,0,0,4,,,0,,,,,,Auckland Region,Nil,2-way,Sealed,,0,0,,30,,On,0,0,20,76,Auckland,Nil,,,,,0,0,Urban,0,,,Fine,Null
1755954.9709,5918570.8156,872860,,515500,0,,0,2,,South,2025/2026,NORTH-WESTERN MOTORWAY,NEWTON ROAD OFF RAMP,,Minor Crash,Yes,2025,,North,,0,,Flat,,,,,,Overcast,418600,1,0,0,5,,,0,,,,,,Auckland Region,Motorway ramp,1-way,Sealed,,0,0,,80,,Off,0,0,,76,Auckland,Nil,,,,,0,0,Open,1,,,Fine,Null
1755775.117,5916439.2176,872863,,518201,0,,0,2,,Null,2022/2023,DOMINION ROAD,DEXTER AVENUE,,Non-Injury Crash,No,2023,,North,,0,,Flat,,,,,,Bright sun,553200,0,0,0,2,,,0,,,,,,Auckland Region,Nil,2-way,Sealed,,0,0,,50,,Off,0,0,,76,Auckland,Traffic Signals,,,,,0,0,Urban,0,,,Fine,Null
1757668.7838,5921024.8045,872864,,514101,0,,0,2,,West,2022/2023,QUAY STREET,COMMERCE STREET,,Non-Injury Crash,No,2023,,East,,0,,Flat,,,,,,Unknown,438209,0,0,0,2,,,0,,,,,,Auckland Region,Nil,1-way,Sealed,,0,0,,30,,Null,0,0,,76,Auckland,Nil,,,,,0,0,Urban,0,,,Null,None
1758943.9362,5913203.167,872872,,519720,0,,0,2,,Null,2024/2025,MOUNT SMART ROAD,ONEHUNGA MALL,,Non-Injury Crash,No,2024,,West,,0,,Flat,,,,,,Overcast,595900,0,0,0,3,,,0,,,,,,Auckland Region,Nil,2-way,Sealed,,0,0,,50,,Off,0,0,,76,Auckland,Traffic Signals,,,,,0,0,Urban,0,,,Fine,Null
1758723.5661,5911575.2939,872875,,519810,0,0,0,1,0,North,2022/2023,SOUTH-WESTERN MOTORWAY,NEILSON STREET ON RAMP,,Non-Injury Crash,Yes,2023,0,East,0,0,0,Flat,1,,0,,0,Dark,602501,0,0,0,3,0,0,0,0,0,,0,0,Auckland Region,Nil,1-way,Sealed,0,0,0,0,100,0,On,0,0,,76,Auckland,Nil,0,0,0,0,0,0,Open,0,0,0,Fine,Null
1768410.0622,5908819.0588,872876,,523502,0,,0,1,,Null,2023/2024,SPRINGS ROAD,PEARL BAKER DRIVE,,Non-Injury Crash,No,2024,,South,,0,,Flat,,,,,,Twilight,702402,0,0,0,4,,,0,,,,,,Auckland Region,Nil,2-way,Sealed,,0,0,,50,,On,0,0,,76,Auckland,Nil,,,,,1,0,Urban,0,,,Fine,Null
1765494.3185,5899010.5346,872881,,524811,0,0,0,1,0,Null,2023/2024,ETHERTON DRIVE,HAROBED PLACE,,Minor Crash,No,2024,0,North,0,0,0,Flat,0,,0,,0,Dark,773807,1,0,0,2,0,0,0,0,0,,0,0,Auckland Region,Nil,2-way,Sealed,0,0,0,0,50,0,On,0,0,,76,Auckland,Nil,0,0,0,1,0,0,Urban,0,0,0,Fine,Null
1764778.4326,5905772.9451,872882,,522201,0,,0,1,,Null,2022/2023,ST GEORGE STREET,TAVERN LANE,,Non-Injury Crash,No,2023,,West,,0,,Flat,,,,,,Bright sun,663100,0,0,0,2,,,0,,,,,,Auckland Region,Nil,2-way,Sealed,,0,0,,50,,Off,1,0,,76,Auckland,Traffic Signals,,,,,0,0,Urban,0,,,Fine,Null
1745719.5444,5917125.919,872883,,510800,0,,0,1,,South,2023/2024,EDSEL STREET,GREAT NORTH ROAD,,Non-Injury Crash,No,2023,,North,,0,,Flat,,,,,,Bright sun,243300,0,0,0,5,,,0,,,,,,Auckland Region,Nil,2-way,Sealed,,0,0,,50,,Null,0,0,,76,Auckland,Give way,,,,,0,0,Urban,1,,,Fine,Null
1782718.3899,5926388.4286,872884,,520801,0,0,0,1,0,Null,2024/2025,BAY ROAD,TE TOKI ROAD,,Non-Injury Crash,No,2025,0,North,1,0,0,Hill Road,0,,0,,0,Bright sun,515202,0,0,0,2,0,0,0,1,0,,0,0,Auckland Region,Nil,2-way,Sealed,0,0,0,0,30,0,None,0,0,,76,Auckland,Give way,0,0,0,1,0,0,Urban,0,0,0,Fine,Null