X,Y,OBJECTID,advisorySpeed,areaUnitID,bicycle,bridge,bus,carStationWagon,cliffBank,crashDirectionDescription,crashFinancialYear,crashLocation1,crashLocation2,crashRoadSideRoad,crashSeverity,crashSHDescription,crashYear,debris,directionRoleDescription,ditch,fatalCount,fence,flatHill,guardRail,holiday,houseOrBuilding,intersection,kerb,light,meshblockId,minorInjuryCount,moped,motorcycle,NumberOfLanes,objectThrownOrDropped,otherObject,otherVehicleType,overBank,parkedVehicle,pedestrian,phoneBoxEtc,postOrPole,region,roadCharacter,roadLane,roadSurface,roadworks,schoolBus,seriousInjuryCount,slipOrFlood,speedLimit,strayAnimal,streetLight,suv,taxi,temporarySpeedLimit,tlaId,tlaName,trafficControl,trafficIsland,trafficSign,train,tree,truck,unknownVehicleType,urban,vanOrUtility,vehicle,waterRiver,weatherA,weatherB
1759667.9584,5912998.9735,872887,,520000,0,0,0,1,0,Null,2023/2024,MOUNT SMART ROAD,MAYS ROAD,,Non-Injury Crash,No,2024,0,South,0,0,1,Flat,0,,0,,0,Dark,605500,0,0,0,1,0,0,0,0,0,,0,0,Auckland Region,Nil,1-way,Sealed,0,0,0,0,50,0,On,0,0,,76,Auckland,Give way,0,0,0,0,0,0,Urban,0,0,0,Fine,Null
1745314.8522,5920037.2783,872890,,513301,0,,0,2,,North,2022/2023,LINCOLN ROAD,PARAMOUNT DRIVE,,Non-Injury Crash,No,2023,,North,,0,,Flat,,,,,,Overcast,231900,0,0,0,4,,,0,,,,,,Auckland Region,Nil,2-way,Sealed,,0,0,,50,,Off,0,0,,76,Auckland,Nil,,,,,0,0,Urban,0,,,Light rain,Null
1761702.6428,5906172.3604,872892,,524200,0,0,0,1,0,West,2024/2025,CINNAMON ROAD,TIDAL ROAD,,Non-Injury Crash,No,2024,0,East,0,0,0,Flat,0,,0,,0,Overcast,728811,0,0,0,2,0,0,0,0,0,,0,1,Auckland Region,Nil,2-way,Sealed,0,0,0,0,50,0,Off,0,0,,76,Auckland,Nil,0,0,0,0,0,0,Urban,0,0,0,Light rain,Null
1761275.1352,5906869.6289,872894,,524112,0,,0,3,,North,2022/2023,SOUTH-WESTERN MOTORWAY,MASSEY ROAD ON RAMP,,Minor Crash,Yes,2023,,North,,0,,Flat,,,,,,Dark,742201,4,0,0,2,,,1,,,,,,Auckland Region,Nil,1-way,Sealed,,0,0,,100,,On,0,0,,76,Auckland,Nil,,,,,0,0,Open,0,,,Heavy rain,Strong wind
1745279.9706,5919520.8735,872900,,513301,0,,0,2,,North,2023/2024,LINCOLN ROAD,POINSETTIA PLACE,,Non-Injury Crash,No,2024,,North,,0,,Flat,,,,,,Bright sun,232001,0,0,0,5,,,0,,,,,,Auckland Region,Nil,2-way,Sealed,,0,0,,50,,Off,0,1,,76,Auckland,Nil,,,,,0,0,Urban,0,,,Fine,Null
1753011.9907,5933331.1844,872904,,508701,0,,0,1,,East,2024/2025,CORINTHIAN DRIVE,DATA WAY,,Minor Crash,No,2024,,West,,0,,Null,,,,,,Bright sun,178900,1,0,0,2,,,0,,,,,,Auckland Region,Nil,2-way,Sealed,,0,0,,50,,Null,0,0,,76,Auckland,Nil,,,,,0,0,Urban,0,,,Fine,Null
1746865.4151,5917912.4882,872906,,512500,0,,0,1,,West,2023/2024,ROBERTS ROAD,GLYNNBROOKE STREET,,Serious Crash,No,2024,,East,,0,,Flat,,,,,,Overcast,258200,0,0,1,2,,,0,,,,,,Auckland Region,Nil,2-way,Sealed,,0,1,,50,,None,0,0,,76,Auckland,Nil,,,,,0,0,Urban,0,,,Fine,Null
1772810.3306,5892472.8956,872911,,521301,0,,0,2,,South,2022/2023,SOUTHERN MOTORWAY,SLIPPERY CK BR,,Non-Injury Crash,Yes,2023,,North,,0,,Flat,,,,,,Bright sun,808702,0,0,0,2,,,0,,,,,,Auckland Region,Nil,1-way,Sealed,,0,0,,100,,Off,0,0,80,76,Auckland,Nil,,,,,0,0,Open,0,,,Fine,Null
1757210.8336,5920923.5814,872915,,514102,0,,0,2,,Null,2024/2025,HOBSON STREET,FANSHAWE STREET,,Non-Injury Crash,No,2024,,North,,0,,Flat,,,,,,Dark,433101,0,0,0,3,,,0,,,,,,Auckland Region,Nil,1-way,Sealed,,0,0,,30,,On,0,2,,76,Auckland,Traffic Signals,,,,,0,0,Urban,0,,,Fine,Null
1772056.201,5894013.9239,872917,,525530,0,,0,2,,North,2023/2024,SOUTHERN MOTORWAY,PARK ESTATE OBR,,Non-Injury Crash,Yes,2024,,South,,0,,Hill Road,,,,,,Bright sun,804100,0,0,0,2,,,0,,,,,,Auckland Region,Nil,1-way,Sealed,,0,0,,100,,Off,0,0,80,76,Auckland,Nil,,,,,0,0,Open,0,,,Fine,Null
1770967.2245,5895111.7647,872919,,521201,0,,0,2,,East,2024/2025,HINGAIA ROAD,PARAREKAU ROAD,,Non-Injury Crash,No,2024,,East,,0,,Null,,,,,,Unknown,806700,0,0,0,4,,,0,,,,,,Auckland Region,Nil,2-way,Null,,0,0,,50,,Null,0,0,,76,Auckland,Nil,,,,,0,0,Urban,0,,,Null,Null
1760353.6976,5912309.155,872931,,520000,0,0,0,1,0,Null,2023/2024,CAPTAIN SPRINGS ROAD,CHURCH STREET,,Minor Crash,No,2024,0,North,0,0,0,Flat,0,,0,,0,Dark,607400,1,0,0,2,0,0,0,0,0,,0,1,Auckland Region,Nil,2-way,Sealed,0,0,0,0,50,0,On,0,0,,76,Auckland,Traffic Signals,0,0,0,0,0,0,Urban,0,0,0,Fine,Null
1757611.8798,5919115.3306,872934,,514302,0,0,0,2,0,East,2022/2023,PARK ROAD,SEAFIELD VIEW ROAD,,Minor Crash,No,2023,0,East,0,0,0,Flat,0,,0,,0,Bright sun,442400,1,0,0,3,0,0,0,0,0,,1,0,Auckland Region,Nil,2-way,Sealed,0,0,0,0,50,0,Off,0,0,,76,Auckland,Nil,0,0,0,0,0,0,Urban,0,0,0,Fine,Null
1752492.8519,5933327.6174,872939,,508701,0,,0,0,,Null,2023/2024,DAIRY FLAT HIGHWAY,MERCARI WAY,,Minor Crash,No,2024,,South,,0,,Flat,,,,,,Overcast,178900,1,0,0,7,,,0,,,,,,Auckland Region,Nil,2-way,Sealed,,0,0,,80,,Off,0,0,,76,Auckland,Traffic Signals,,,,,0,0,Open,2,,,Fine,Null
1768064.6166,5907809.1813,872940,,523602,0,,0,1,,West,2024/2025,EAST TAMAKI ROAD,PRESTON ROAD,,Non-Injury Crash,No,2024,,West,,0,,Flat,,,,,,Bright sun,710100,0,0,0,2,,,0,,,,,,Auckland Region,Nil,1-way,Sealed,,0,0,,50,,Off,1,0,,76,Auckland,Nil,,,,,0,0,Urban,0,,,Fine,Null
1767973.9424,5907056.238,872945,,523711,0,,0,2,,North,2023/2024,PRESTON ROAD,FERGUSON ROAD,,Non-Injury Crash,No,2024,,North,,0,,Flat,,,,,,Twilight,714100,0,0,0,2,,,0,,,,,,Auckland Region,Nil,2-way,Sealed,,0,0,,50,,On,0,0,,76,Auckland,Nil,,,,,1,0,Urban,0,,,Fine,Null
1772221.392,5893729.8095,872946,,521201,0,0,0,1,0,South,2023/2024,SOUTHERN MOTORWAY,PARK ESTATE OBR,,Non-Injury Crash,Yes,2023,0,North,0,0,0,Flat,1,,0,,0,Overcast,806800,0,0,0,2,0,0,0,0,0,,0,0,Auckland Region,Nil,1-way,Sealed,0,0,0,0,100,0,None,1,0,,76,Auckland,Nil,0,0,0,0,0,0,Open,1,0,0,Light rain,Null
1737689.9898,5932095.1195,872950,,506653,0,0,0,0,0,East,2023/2024,OLD NORTH ROAD,ARARIMU VALLEY ROAD,,Serious Crash,No,2024,0,South,1,0,0,Flat,0,,0,,0,Dark,217000,1,0,0,2,0,0,1,0,0,,0,0,Auckland Region,Nil,2-way,Sealed,0,0,1,0,80,0,None,0,0,30,76,Auckland,Nil,0,0,0,0,0,0,Open,0,0,0,Fine,Null
1768717.5336,5881050.53,872951,,525910,0,,0,1,,Null,2024/2025,WESLEY STREET,QUEEN STREET,,Minor Crash,No,2024,,West,,0,,Flat,,,,,,Bright sun,818800,1,0,0,2,,,0,,,,,,Auckland Region,Nil,2-way,Sealed,,0,0,,50,,Off,0,0,,76,Auckland,Give way,,,,,0,0,Urban,1,,,Fine,Null
1747156.9906,5912866.0272,872955,,511100,0,0,0,1,0,Null,2023/2024,CAPTAIN SCOTT ROAD,INVER STREET,,Non-Injury Crash,No,2024,1,South,0,0,0,Flat,0,,0,,0,Dark,288301,0,0,0,2,0,0,0,0,0,,0,0,Auckland Region,Nil,2-way,Sealed,0,0,0,0,50,0,On,0,0,,76,Auckland,Nil,0,0,0,0,0,0,Urban,0,0,0,Fine,Null
1752607.7808,5927894.887,872958,,508210,0,0,0,1,0,West,2023/2024,KAIPATIKI ROAD,STANLEY ROAD,,Non-Injury Crash,No,2023,0,East,0,0,0,Hill Road,0,,0,,0,Twilight,187405,0,0,0,2,0,0,0,0,0,,0,1,Auckland Region,Nil,2-way,Sealed,0,0,0,0,50,0,On,0,0,30,76,Auckland,Nil,0,0,0,0,0,0,Urban,0,0,0,Fine,Null
1773018.3679,5891489.0891,872959,,521301,0,,0,2,,Null,2023/2024,GREAT SOUTH ROAD OFF RAMP,GREAT SOUTH ROAD,,Non-Injury Crash,Yes,2024,,South,,0,,Flat,,,,,,Overcast,808701,0,0,0,3,,,0,,,,,,Auckland Region,Motorway ramp,1-way,Sealed,,0,0,,60,,Off,0,0,,76,Auckland,Traffic Signals,,,,,0,0,Urban,0,,,Fine,Null
1767145.7285,5905455.3663,872960,,524603,0,,0,1,,South,2025/2026,GREAT SOUTH ROAD,PUHINUI ROAD,,Non-Injury Crash,No,2025,,North,,0,,Flat,,,,,,Dark,780205,0,0,0,4,,,0,,,,,,Auckland Region,Nil,2-way,Sealed,,0,0,,50,,On,1,0,,76,Auckland,Nil,,,,,0,0,Urban,0,,,Fine,Null
1755710.935,5926506.6713,872961,,509701,0,,0,1,,Null,2023/2024,LAKE ROAD,OCEAN VIEW ROAD,,Non-Injury Crash,No,2024,,North,,0,,Flat,,,,,,Bright sun,361900,0,0,0,1,,,0,,,,,,Auckland Region,Nil,1-way,Sealed,,0,0,,50,,Off,1,0,,76,Auckland,Give way,,,,,0,0,Urban,0,,,Fine,Null
1756344.4061,5927320.6757,872964,,507900,0,0,0,1,0,South,2024/2025,NORTHERN MOTORWAY,NORTHCOTE ROAD OFF RAMP,,Non-Injury Crash,Yes,2025,0,South,0,0,0,Flat,1,,0,,0,Dark,305202,0,0,0,3,0,0,0,0,0,,0,0,Auckland Region,Nil,1-way,Sealed,0,0,0,0,100,0,On,0,0,,76,Auckland,Nil,0,0,0,1,0,0,Open,0,0,0,Fine,Null
1759141.2466,5903608.0907,872965,,524200,0,,0,0,,South,2023/2024,GEORGE BOLT MEMORIAL DRIVE,JOHN GOULTER DRIVE,,Non-Injury Crash,No,2023,,South,,0,,Flat,,,,,,Overcast,727200,0,0,0,4,,,0,,,,,,Auckland Region,Nil,1-way,Sealed,,0,0,,50,,Off,0,0,,76,Auckland,Nil,,,,,2,0,Urban,1,,,Fine,Null
1755516.8017,5928950.5478,872974,,508320,0,,0,3,,South,2023/2024,TRISTRAM AVENUE OFF RAMP,TRISTRAM AVENUE,,Minor Crash,No,2023,,North,,0,,Flat,,,,,,Dark,198500,1,0,0,5,,,0,,,,,,Auckland Region,Motorway ramp,1-way,Sealed,,0,0,,50,,On,0,0,,76,Auckland,Nil,,,,,0,0,Urban,0,,,Fine,Frost
1770813.1293,5900728.3979,872982,,523816,0,,0,0,,North,2023/2024,FOXLAW STREET,MASSINE PLACE,,Minor Crash,No,2023,,South,,0,,Flat,,,,,,Bright sun,759730,1,0,1,2,,,0,,,,,,Auckland Region,Nil,2-way,Sealed,,0,0,,50,,Off,0,0,,76,Auckland,Nil,,,,,0,0,Urban,0,,,Fine,Null
1779735.2034,5926867.9726,872990,,520801,0,0,0,1,0,Null,2022/2023,MANUKA ROAD,MOA AVENUE,,Non-Injury Crash,No,2023,0,East,0,0,0,Flat,0,,0,,0,Dark,516301,0,0,0,1,0,0,0,0,0,,0,1,Auckland Region,Nil,2-way,Sealed,0,0,0,0,30,0,Off,0,0,,76,Auckland,Nil,0,0,0,0,0,0,Urban,0,0,0,Fine,Null
1754367.2593,5926196.1991,872992,,508610,0,0,1,1,0,South,2025/2026,MONARCH AVENUE,EBAN AVENUE,,Serious Crash,No,2025,0,West,0,0,0,Hill Road,0,,1,,0,Dark,206700,1,0,0,2,0,0,0,0,0,,0,0,Auckland Region,Nil,2-way,Sealed,0,0,1,0,50,0,On,0,0,,76,Auckland,Nil,0,0,0,1,0,0,Urban,0,0,0,Fine,Null
1763301.7943,5906122.9196,872998,,524302,0,,1,1,,North,2022/2023,PORTAGE ROAD,TREAGON PLACE,,Non-Injury Crash,No,2023,,South,,0,,Flat,,,,,,Bright sun,746000,0,0,0,2,,,0,,,,,,Auckland Region,Nil,2-way,Unsealed,,0,0,,50,,Off,0,0,,76,Auckland,Nil,,,,,0,0,Urban,0,,,Fine,Null
1744424.7728,5919136.4381,873003,,513302,0,,0,2,,Null,2023/2024,LARNOCH ROAD,POWELL PLACE,,Minor Crash,No,2023,,West,,0,,Flat,,,,,,Dark,232800,2,0,0,2,,,0,,,,,,Auckland Region,Nil,2-way,Sealed,,0,0,,50,,On,0,0,,76,Auckland,Give way,,,,,0,0,Urban,0,,,Fine,Frost
1756545.4426,5915988.6138,873005,,518301,0,,0,1,,East,2024/2025,BALMORAL ROAD,RUAPEHU STREET,,Minor Crash,No,2024,,West,,0,,Hill Road,,,,,,Overcast,556500,1,1,0,4,,,0,,,,,,Auckland Region,Nil,2-way,Sealed,,0,0,,50,,Off,0,0,,76,Auckland,Nil,,,,,0,1,Urban,0,,,Light rain,Null
1763722.1211,5913328.2605,873009,,520402,0,,0,1,,Null,2022/2023,HAMLIN ROAD,MOUNT WELLINGTON HIGHWAY,,Non-Injury Crash,No,2023,,North,,0,,Flat,,,,,,Bright sun,641501,0,0,0,2,,,0,,,,,,Auckland Region,Nil,2-way,Sealed,,0,0,,50,,Off,0,0,,76,Auckland,Give way,,,,,0,1,Urban,0,,,Fine,None
1751772.7361,5917484.4227,873012,,514900,0,0,0,2,0,Null,2025/2026,SH 20,SH 20,,Non-Injury Crash,Yes,2025,0,North,0,0,0,Flat,1,,0,,0,Dark,385802,0,0,0,3,0,0,0,0,0,,0,0,Auckland Region,Nil,1-way,Sealed,0,0,0,0,80,0,On,0,0,,76,Auckland,Nil,0,0,0,0,0,0,Open,0,0,0,Fine,Null
1751181.9499,5915933.231,873016,,514401,0,0,0,1,0,North,2024/2025,GREAT NORTH ROAD,VICTOR STREET,,Non-Injury Crash,No,2025,0,North,0,0,1,Flat,0,,0,,0,Dark,383400,0,0,0,4,0,0,0,0,0,,0,0,Auckland Region,Nil,2-way,Sealed,0,0,0,0,50,0,On,0,0,,76,Auckland,Nil,0,0,0,0,0,0,Urban,0,0,0,Fine,Null
1768083.5428,5881049.4803,873019,,525921,0,,0,2,,Null,2023/2024,HELVETIA ROAD,VICTORIA STREET,,Non-Injury Crash,No,2024,,North,,0,,Flat,,,,,,Bright sun,821800,0,0,0,2,,,0,,,,,,Auckland Region,Nil,2-way,Sealed,,0,0,,50,,Off,0,0,,76,Auckland,Stop,,,,,0,0,Urban,0,,,Fine,Null
1728263.6989,5941499.075,873028,,506645,0,0,0,1,0,West,2024/2025,FORDYCE ROAD,PARKHURST ROAD,,Non-Injury Crash,No,2024,0,West,0,0,1,Flat,0,,0,,0,Dark,210905,0,0,0,2,0,0,0,0,0,,0,0,Auckland Region,Nil,2-way,Sealed,0,0,0,0,50,0,On,0,0,,76,Auckland,Nil,0,0,0,0,0,0,Urban,0,0,0,Light rain,Null
1746513.2042,5920045.105,873034,,512402,0,,0,1,,South,2022/2023,NORTH-WESTERN MOTORWAY,HENDERSON CK BR,,Non-Injury Crash,Yes,2023,,West,,0,,Flat,,,,,,Dark,252100,0,0,0,3,,,0,,,,,,Auckland Region,Nil,1-way,Sealed,,0,0,,100,,On,0,0,,76,Auckland,Nil,,,,,0,0,Open,1,,,Fine,Null
1753198.9562,5930072.0263,873041,,508803,0,,0,1,,South,2024/2025,UNSWORTH DRIVE,GOLDFINCH RISE,,Non-Injury Crash,No,2024,,South,,0,,Null,,,,,,Unknown,180846,0,0,0,1,,,0,,,,,,Auckland Region,Nil,1-way,Sealed,,0,0,,50,,Null,0,0,,76,Auckland,Nil,,,,,0,0,Urban,1,,,Null,Null
1752885.6117,5916617.4461,873044,,517800,0,,0,2,,Null,2025/2026,NEW NORTH ROAD,MOUNT ALBERT ROAD,,Minor Crash,No,2025,,South,,0,,Flat,,,,,,Dark,527500,1,0,0,3,,,0,,,,,,Auckland Region,Nil,2-way,Sealed,,0,0,,50,,On,0,0,,76,Auckland,Traffic Signals,,,,,0,0,Urban,0,,,Fine,Null
1747976.055,5912563.6156,873045,,511902,0,0,0,1,0,South,2024/2025,TITIRANGI ROAD,PLEASANT ROAD ,,Non-Injury Crash,No,2024,0,North,0,0,0,Flat,0,,0,,0,Dark,292103,0,0,0,4,0,0,0,0,0,,0,0,Auckland Region,Nil,2-way,Sealed,0,0,0,0,50,0,On,0,0,,76,Auckland,Nil,0,0,0,1,0,0,Urban,0,0,0,Fine,Null
1752345.1758,5918298.8156,873046,,515002,0,,0,1,,Null,2022/2023,POINT CHEVALIER ROAD,TUI STREET,,Non-Injury Crash,No,2023,,South,,0,,Flat,,,,,,Overcast,391800,0,0,0,2,,,0,,,,,,Auckland Region,Nil,2-way,Sealed,,0,0,,50,,Off,0,0,,76,Auckland,Stop,,,,,0,0,Urban,1,,,Fine,Null
1759215.8949,5916779.998,873052,,516001,0,,0,2,,Null,2024/2025,MOUNT HOBSON ROAD,MARKET ROAD,,Non-Injury Crash,No,2025,,South,,0,,Flat,,,,,,Dark,491400,0,0,0,2,,,0,,,,,,Auckland Region,Overpass,1-way,Sealed,,0,0,,50,,On,0,0,,76,Auckland,Traffic Signals,,,,,0,0,Urban,0,,,Fine,Null
1753477.3942,5932877.1284,873056,,508804,0,,0,2,,North,2025/2026,GREVILLE ROAD ON RAMP,NORTHERN MOTORWAY,,Non-Injury Crash,Yes,2025,,South,,0,,Flat,,,,,,Bright sun,180701,0,0,0,2,,,0,,,,,,Auckland Region,Motorway ramp,1-way,Sealed,,0,0,,50,,Off,0,0,,76,Auckland,Nil,,,,,0,0,Urban,0,,,Fine,Null
1755261.4562,5927545.2269,873061,,508620,0,0,0,1,0,North,2024/2025,SUNNYBRAE ROAD,RAEBEN AVENUE,,Non-Injury Crash,No,2024,0,West,0,0,0,Null,0,,0,,0,Bright sun,203700,0,0,0,2,0,0,0,0,1,,0,0,Auckland Region,Nil,2-way,Sealed,0,0,0,0,50,0,Null,0,0,,76,Auckland,Nil,0,0,0,0,1,0,Urban,0,0,0,Fine,Null
1778210.6851,5912506.3849,873064,75,523202,0,,0,1,,North,2024/2025,WHITFORD MARAETAI ROAD,PUKERANGI RISE,,Non-Injury Crash,No,2025,,South,,0,,Hill Road,,,,,,Dark,762501,0,0,0,2,,,0,,,,,,Auckland Region,Nil,1-way,Sealed,,0,0,,80,,On,0,0,,76,Auckland,Nil,,,,,0,0,Open,0,,,Fine,Null
1763908.8428,5915256.948,873068,,520302,0,,0,1,,Null,2024/2025,LUNN AVENUE,MARUA ROAD,,Non-Injury Crash,No,2025,,North,,0,,Flat,,,,,,Dark,626500,0,0,0,4,,,0,,,,,,Auckland Region,Nil,2-way,Sealed,,0,0,,50,,On,0,0,,76,Auckland,Traffic Signals,,,,,1,0,Urban,0,,,Fine,Null
1750409.3976,5913887.955,873073,,511303,0,,0,2,,Null,2024/2025,WARD STREET,PURIRI STREET,,Serious Crash,No,2024,,South,,0,,Flat,,,,,,Dark,265100,0,0,0,2,,,0,,,,,,Auckland Region,Nil,2-way,Sealed,,0,1,,50,,On,0,0,,76,Auckland,Stop,,,,,0,0,Urban,0,,,Fine,Null
1746029.2144,5913976.273,873076,,511001,0,,0,1,,West,2024/2025,WEST COAST ROAD,KAMARA ROAD,,Minor Crash,No,2025,,East,,0,,Flat,,,,,,Overcast,282602,1,0,0,2,,,0,,,,,,Auckland Region,Nil,2-way,Sealed,,0,0,,50,,Off,0,0,,76,Auckland,Nil,,,,,1,0,Urban,0,,,Light rain,Null
1750162.5208,5956509.5258,873081,,506613,0,0,0,1,0,North,2023/2024,POHUEHUE ROAD,BILLING ROAD,,Non-Injury Crash,No,2024,0,South,0,0,0,Flat,1,,0,,0,Dark,147000,0,0,0,2,0,0,0,0,0,,0,0,Auckland Region,Nil,1-way,Sealed,0,0,0,0,100,0,On,0,0,,76,Auckland,Nil,0,0,0,0,0,0,Open,0,0,0,Fine,Null
1765174.9068,5900947.3856,873088,,524821,1,,0,0,,Null,2024/2025,KOPARA PLACE,FINLAYSON AVENUE,,Minor Crash,No,2025,,East,,0,,Flat,,,,,,Bright sun,774412,1,0,0,2,,,0,,,,,,Auckland Region,Nil,2-way,Sealed,,0,0,,30,,On,0,0,20,76,Auckland,Nil,,,,,0,0,Urban,0,,,Fine,Null
1738999.8667,5989694.1088,873089,45,506660,0,0,0,1,0,East,2024/2025,MANGAWHAI ROAD,WHARFE ROAD,,Non-Injury Crash,No,2024,0,South,0,0,0,Hill Road,0,,0,,0,Dark,135800,0,0,0,2,0,0,0,0,0,,0,0,Auckland Region,Nil,2-way,Sealed,0,0,0,0,100,0,None,0,0,,76,Auckland,Nil,0,0,0,1,0,0,Open,0,0,0,Fine,Null
1772376.7253,5881554.5072,873094,,521111,0,0,0,1,1,West,2022/2023,PUKEKOHE EAST ROAD,RUNCIMAN ROAD,,Minor Crash,No,2023,0,West,0,0,1,Hill Road,0,,0,,0,Twilight,827001,1,0,0,2,0,0,0,0,0,,0,0,Auckland Region,Nil,2-way,Sealed,0,0,0,0,80,0,None,0,0,,76,Auckland,Nil,0,0,0,0,0,0,Open,0,0,0,Light rain,Null
1764357.2344,5909344.6582,873098,,521901,0,,0,2,,Null,2022/2023,GREAT SOUTH ROAD,FAIRBURN ROAD,,Minor Crash,No,2023,,North,,0,,Flat,,,,,,Bright sun,784900,1,0,0,4,,,0,,,,,,Auckland Region,Nil,2-way,Sealed,,0,0,,50,,Off,0,0,,76,Auckland,Stop,,,,,0,0,Urban,0,,,Fine,Null
1753826.2744,5914201.786,873099,,518801,0,0,0,1,0,West,2024/2025,MAIORO STREET OFF RAMP,SH 20,,Serious Crash,No,2024,0,West,0,0,0,Flat,1,,0,,0,Overcast,578500,0,0,0,2,0,0,0,0,0,,0,0,Auckland Region,Motorway ramp,1-way,Sealed,0,0,2,0,100,0,Off,0,0,,76,Auckland,Nil,0,0,0,0,0,0,Open,0,0,0,Fine,Null
1752176.6999,5914237.0862,873104,,514500,1,,0,1,,Null,2025/2026,TIVERTON ROAD,WHITNEY STREET,,Non-Injury Crash,No,2025,,West,,0,,Hill Road,,,,,,Dark,374800,0,0,0,4,,,0,,,,,,Auckland Region,Nil,2-way,Sealed,,0,0,,50,,On,0,0,,76,Auckland,Traffic Signals,,,,,0,0,Urban,0,,,Light rain,Null
1773027.3419,5900203.9831,873113,,523911,0,,0,2,,South,2024/2025,MILL ROAD,POPES ROAD,,Minor Crash,No,2025,,North,,0,,Flat,,,,,,Overcast,767204,2,0,0,2,,,0,,,,,,Auckland Region,Nil,2-way,Sealed,,0,0,,80,,None,0,0,,76,Auckland,Nil,,,,,0,0,Open,0,,,Light rain,Null
1757211.7095,5919040.8518,873116,,514301,0,,0,1,,South,2024/2025,SOUTHERN MOTORWAY,SYMONDS STREET ON RAMP,,Non-Injury Crash,Yes,2025,,South,,0,,Flat,,,,,,Bright sun,441200,0,0,0,4,,,0,,,,,,Auckland Region,Nil,1-way,Sealed,,0,0,,80,,Off,0,0,,76,Auckland,Nil,,,,,1,0,Open,0,,,Fine,Null
1769806.9775,5912248.72,873123,,523105,0,0,0,1,0,West,2025/2026,WEST FAIRWAY,GOLFLAND DRIVE,,Non-Injury Crash,No,2025,0,East,0,0,0,Flat,0,,0,,0,Overcast,711122,0,0,0,0,0,0,0,0,1,,0,0,Auckland Region,Nil,2-way,Sealed,0,0,0,0,50,0,Off,0,0,,76,Auckland,Nil,0,0,0,0,1,0,Urban,0,0,0,Fine,Null
1729076.0061,5924425.2569,873131,,506655,0,0,0,0,0,East,2025/2026,MURIWAI ROAD,OAIA ROAD,,Minor Crash,No,2025,0,South,1,0,0,Flat,0,,0,,0,Bright sun,218701,1,0,0,2,0,0,0,0,0,,0,0,Auckland Region,Nil,2-way,Sealed,0,0,0,0,80,0,None,0,0,,76,Auckland,Nil,0,0,0,1,1,0,Open,0,0,0,Fine,Null
1755208.8506,5918276.1695,873133,,515500,0,,0,3,,West,2023/2024,NORTH-WESTERN MOTORWAY,BOND OBR,,Minor Crash,Yes,2023,,East,,0,,Flat,,,,,,Overcast,418800,2,0,0,5,,,0,,,,,,Auckland Region,Nil,1-way,Sealed,,0,0,,80,,Off,0,0,,76,Auckland,Nil,,,,,0,0,Open,0,,,Fine,Null
1756135.6184,5920940.9343,873141,,515202,0,,0,1,,West,2022/2023,FANSHAWE STREET ON RAMP,BEAUMONT STREET,,Non-Injury Crash,No,2023,,West,,0,,Flat,,,,,,Overcast,426101,0,0,0,2,,,0,,,,,,Auckland Region,Motorway ramp,1-way,Sealed,,0,0,,80,,Off,1,0,,76,Auckland,Traffic Signals,,,,,0,0,Open,0,,,Fine,Null
1766906.1681,5901912.4634,873143,,524602,0,,0,2,,East,2023/2024,BROWNS ROAD,GLOUCESTER ROAD,,Non-Injury Crash,No,2024,,West,,0,,Flat,,,,,,Bright sun,780407,0,0,0,2,,,0,,,,,,Auckland Region,Nil,2-way,Sealed,,0,0,,50,,Off,0,0,,76,Auckland,Traffic Signals,,,,,0,0,Urban,0,,,Fine,None
1752922.2277,5934959.7187,873149,,508701,0,,0,2,,Null,2023/2024,OTEHA VALLEY ROAD,OTEHA VALLEY ROAD OFF RAMP,,Minor Crash,No,2023,,West,,0,,Flat,,,,,,Dark,179000,1,0,0,3,,,0,,,,,,Auckland Region,Nil,1-way,Sealed,,0,0,,50,,On,0,0,,76,Auckland,Traffic Signals,,,,,0,0,Urban,0,,,Fine,Null
1766682.2639,5913317.3186,873150,,522820,0,,0,1,,Null,2023/2024,PAKURANGA ROAD,KENTIGERN CLOSE,,Non-Injury Crash,No,2023,,East,,0,,Flat,,,,,,Overcast,694800,0,0,0,6,,,0,,,,,,Auckland Region,Nil,2-way,Sealed,,0,0,,50,,Off,0,0,30,76,Auckland,Give way,,,,,0,0,Urban,1,,,Light rain,Null
1752488.4933,5917935.3061,873157,,515003,0,0,0,0,0,East,2022/2023,SUTHERLAND ROAD,CARRINGTON ROAD,,Non-Injury Crash,No,2023,0,West,0,0,0,Flat,0,,0,,0,Overcast,390801,0,0,0,2,0,0,1,0,1,,0,0,Auckland Region,Nil,2-way,Sealed,0,0,0,0,50,0,Off,1,0,,76,Auckland,Nil,0,0,0,0,0,0,Urban,0,0,0,Fine,Null
1758937.6229,5904174.9182,873159,,524200,0,,1,1,,North,2024/2025,GEORGE BOLT MEMORIAL DRIVE,TE ARA KORAKO DRIVE,,Non-Injury Crash,No,2025,,South,,0,,Flat,,,,,,Bright sun,727200,0,0,0,5,,,0,,,,,,Auckland Region,Nil,2-way,Sealed,,0,0,,50,,Off,0,0,,76,Auckland,Nil,,,,,1,0,Urban,1,,,Fine,Null