X,Y,OBJECTID,advisorySpeed,areaUnitID,bicycle,bridge,bus,carStationWagon,cliffBank,crashDirectionDescription,crashFinancialYear,crashLocation1,crashLocation2,crashRoadSideRoad,crashSeverity,crashSHDescription,crashYear,debris,directionRoleDescription,ditch,fatalCount,fence,flatHill,guardRail,holiday,houseOrBuilding,intersection,kerb,light,meshblockId,minorInjuryCount,moped,motorcycle,NumberOfLanes,objectThrownOrDropped,otherObject,otherVehicleType,overBank,parkedVehicle,pedestrian,phoneBoxEtc,postOrPole,region,roadCharacter,roadLane,roadSurface,roadworks,schoolBus,seriousInjuryCount,slipOrFlood,speedLimit,strayAnimal,streetLight,suv,taxi,temporarySpeedLimit,tlaId,tlaName,trafficControl,trafficIsland,trafficSign,train,tree,truck,unknownVehicleType,urban,vanOrUtility,vehicle,waterRiver,weatherA,weatherB
1769875.0683,5901238.1571,873162,,523814,0,,0,0,,East,2023/2024,ALFRISTON ROAD,ALFRISTON OBR,,Non-Injury Crash,No,2024,,West,,0,,Hill Road,,,,,,Bright sun,759515,0,0,0,2,,,0,,,1,,,Auckland Region,Overpass,2-way,Sealed,,0,0,,50,,Off,0,0,,76,Auckland,Nil,,,,,0,0,Urban,1,,,Fine,Null
1755367.6455,5921952.5632,873168,,515202,0,0,0,2,0,South,2023/2024,NORTHERN MOTORWAY,HARBOUR BR S,,Minor Crash,Yes,2024,0,North,0,0,0,Hill Road,1,,0,,0,Twilight,423600,1,0,0,4,0,0,0,0,0,,0,0,Auckland Region,Bridge,1-way,Sealed,0,0,0,0,80,0,On,0,0,,76,Auckland,Nil,0,0,0,0,0,0,Open,0,0,0,Fine,Null
1756731.268,5917519.6147,873171,,518102,0,0,0,1,0,East,2025/2026,BELLEVUE ROAD,SHERBOURNE ROAD,,Minor Crash,No,2025,0,West,0,0,0,Hill Road,0,,0,,0,Bright sun,543300,1,0,0,2,0,0,0,0,1,,0,0,Auckland Region,Nil,2-way,Sealed,0,0,0,0,30,0,Off,1,0,,76,Auckland,Nil,0,0,0,0,0,0,Urban,0,0,0,Fine,Null
1769151.9112,5899812.9526,873172,,525002,0,0,0,2,0,North,2023/2024,CHRISTMAS ROAD,MAHIA ROAD,,Non-Injury Crash,No,2023,0,South,0,0,0,Flat,0,,0,,0,Dark,753600,0,0,0,2,0,0,0,0,1,,0,0,Auckland Region,Nil,2-way,Sealed,0,0,0,0,30,0,On,0,0,,76,Auckland,Nil,0,0,0,0,0,0,Urban,0,0,0,Light rain,None
1753559.9752,5914455.7768,873174,,518801,0,0,0,0,0,Null,2023/2024,MAIORO STREET,MAIORO STREET ON RAMP,,Non-Injury Crash,No,2024,0,North,0,0,0,Flat,1,,0,,0,Dark,578500,0,0,0,2,0,0,0,0,0,,0,0,Auckland Region,Motorway ramp,1-way,Sealed,0,0,0,0,50,0,On,0,0,,76,Auckland,Traffic Signals,0,0,0,0,0,0,Urban,1,0,0,Light rain,Null
1775992.1321,5881950.0104,873175,,521160,0,0,0,1,0,Null,2025/2026,BOMBAY OFF RAMP,MILL ROAD,,Serious Crash,No,2025,0,South,0,0,0,Flat,1,,0,,0,Overcast,827604,0,0,0,2,0,0,0,0,0,,0,0,Auckland Region,Motorway ramp,2-way,Sealed,0,0,1,0,60,0,Off,0,0,,76,Auckland,Traffic Signals,0,0,0,0,0,0,Urban,0,0,0,Fine,Null
1774264.752,5897072.0787,873178,,525610,0,0,0,0,0,North,2023/2024,SUTTON CRESCENT,CROSS STREET,,Non-Injury Crash,No,2024,0,South,0,0,2,Flat,0,,0,,0,Dark,796600,0,0,0,2,0,0,0,0,0,,0,0,Auckland Region,Nil,2-way,Sealed,0,0,0,0,50,0,On,0,0,,76,Auckland,Nil,0,0,0,1,0,0,Urban,1,0,0,Fine,Null
1759575.3199,5906354.3402,873179,,524200,0,0,0,1,0,Null,2024/2025,KIRKBRIDE ROAD,WESTNEY ROAD,,Non-Injury Crash,No,2024,0,East,0,0,0,Flat,0,,0,,0,Dark,727400,0,0,0,2,0,0,0,0,0,,0,0,Auckland Region,Nil,2-way,Sealed,0,0,0,0,50,0,On,0,0,,76,Auckland,Traffic Signals,0,0,0,0,0,0,Urban,0,1,0,Fine,Null
1773137.0876,5896435.8278,873182,,525410,0,,0,0,,Null,2024/2025,CLEVEDON ROAD,PRICTOR STREET,,Minor Crash,No,2024,,West,,0,,Flat,,,,,,Twilight,793100,1,0,0,2,,,0,,,1,,,Auckland Region,Nil,2-way,Sealed,,0,0,,50,,None,1,0,,76,Auckland,Give way,,,,,0,0,Urban,0,,,Light rain,Null
1766102.536,5905490.3116,873183,,522202,0,0,0,1,0,North,2024/2025,CARRUTH ROAD,KING STREET,,Minor Crash,No,2024,0,North,0,0,1,Flat,0,,0,,0,Bright sun,665700,1,0,0,2,0,0,0,0,0,,0,1,Auckland Region,Nil,2-way,Sealed,0,0,0,0,50,0,Off,0,0,,76,Auckland,Nil,0,0,0,0,0,0,Urban,0,0,0,Fine,Null
1750732.313,5915621.4852,873184,,514802,0,,0,1,,Null,2023/2024,ROSEBANK ROAD,ASPEN STREET,,Non-Injury Crash,No,2023,,East,,0,,Flat,,,,,,Overcast,390200,0,0,0,2,,,0,,,,,,Auckland Region,Nil,2-way,Sealed,,0,0,,50,,Off,0,0,,76,Auckland,Give way,,,,,0,0,Urban,1,,,Fine,Null
1745120.7088,5917789.9828,873195,,510700,0,,0,2,,North,2024/2025,BUSCOMB AVENUE,GREAT NORTH ROAD,,Non-Injury Crash,No,2025,,South,,0,,Flat,,Easter,,,,Overcast,239804,0,0,0,2,,,0,,,,,,Auckland Region,Nil,2-way,Sealed,,0,0,,50,,Null,0,0,,76,Auckland,Nil,,,,,0,0,Urban,0,,,Heavy rain,Null
1761086.2744,5914969.3638,873197,,520201,0,0,0,1,0,North,2022/2023,SOUTHERN MOTORWAY,ELLERSLIE FTBR,,Minor Crash,Yes,2023,0,North,0,0,0,Flat,1,,0,,0,Dark,613500,3,0,0,3,0,0,0,0,0,,0,0,Auckland Region,Nil,1-way,Sealed,0,0,0,0,100,0,On,0,0,,76,Auckland,Nil,0,0,0,0,0,0,Open,0,0,0,Fine,Null
1755394.9021,5921893.8376,873198,,515202,0,0,0,1,0,South,2023/2024,WESTHAVEN DRIVE,CURRAN STREET,,Non-Injury Crash,No,2024,0,North,0,0,1,Flat,0,,0,,0,Dark,423600,0,0,0,2,0,0,0,0,0,,0,0,Auckland Region,Nil,2-way,Sealed,0,0,0,0,30,0,On,0,0,,76,Auckland,Nil,0,0,0,0,0,0,Urban,0,0,0,Fine,Null
1754652.6084,5925728.6836,873200,,508610,0,0,0,3,0,West,2024/2025,PUPUKE ROAD,LYDIA AVENUE,,Non-Injury Crash,No,2024,0,West,0,0,0,Hill Road,0,,0,,0,Dark,207800,0,0,0,2,0,0,0,0,2,,0,0,Auckland Region,Nil,2-way,Sealed,0,0,0,0,50,0,On,0,0,,76,Auckland,Nil,0,0,0,0,0,0,Urban,0,0,0,Heavy rain,Null
1753523.2396,5914388.3326,873203,,518801,0,,0,2,,Null,2024/2025,MAIORO STREET OFF RAMP,MAIORO STREET,,Non-Injury Crash,No,2025,,West,,0,,Hill Road,,,,,,Dark,578400,0,0,0,3,,,0,,,,,,Auckland Region,Nil,1-way,Sealed,,0,0,,50,,On,0,0,,76,Auckland,Traffic Signals,,,,,0,0,Urban,0,,,Fine,Null
1749268.6491,5969874.3548,873206,,505500,0,0,0,0,0,Null,2024/2025,LILBURN STREET,PULHAM ROAD,,Non-Injury Crash,No,2024,0,South,0,0,1,Flat,0,,0,,0,Overcast,141005,0,0,0,2,0,0,0,0,0,,0,0,Auckland Region,Nil,2-way,Sealed,0,0,0,0,50,0,None,1,0,,76,Auckland,Nil,0,0,0,0,0,0,Urban,0,0,0,Light rain,Null
1750623.6997,5939708.8164,873207,,506003,0,,0,1,,South,2024/2025,NORTHERN MOTORWAY,BAWDEN OBR,,Non-Injury Crash,Yes,2025,,South,,0,,Hill Road,,,,,,Twilight,175818,0,0,0,2,,,0,,,,,,Auckland Region,Nil,1-way,Sealed,,0,0,,100,,None,1,0,,76,Auckland,Nil,,,,,0,0,Open,1,,,Light rain,Null
1752228.7986,5912426.47,873208,,514700,0,0,1,1,0,Null,2024/2025,DONOVAN STREET,WHITNEY STREET,,Non-Injury Crash,No,2024,0,East,0,0,0,Null,0,,0,,0,Unknown,369101,0,0,0,2,0,0,0,0,1,,0,0,Auckland Region,Nil,2-way,Sealed,0,0,0,0,50,0,Null,0,0,,76,Auckland,Give way,0,0,0,0,0,0,Urban,0,0,0,Fine,Null
1761438.1654,5912298.2987,873210,,519500,0,0,0,1,0,South,2023/2024,NEILSON STREET,CHURCH STREET,,Non-Injury Crash,No,2024,0,North,0,0,0,Flat,0,,0,,0,Overcast,622400,0,0,0,2,0,0,0,0,1,,0,0,Auckland Region,Nil,2-way,Sealed,0,0,0,0,50,0,Off,0,0,,76,Auckland,Nil,0,0,0,0,1,0,Urban,0,0,0,Fine,Null
1757785.4199,5919633.5752,873212,,514301,0,,0,2,,Null,2022/2023,GRAFTON ROAD,WELLESLEY STREET EAST,,Non-Injury Crash,No,2023,,West,,0,,Flat,,Easter,,,,Dark,440400,0,0,0,3,,,0,,,,,,Auckland Region,Nil,2-way,Sealed,,0,0,,30,,On,0,0,,76,Auckland,Traffic Signals,,,,,0,0,Urban,0,,,Fine,None
1745564.6569,5917558.3821,873215,,510700,0,,0,2,,Null,2025/2026,SEL PEACOCK DRIVE,ALDERMAN DRIVE,,Non-Injury Crash,No,2025,,South,,0,,Null,,,,,,Bright sun,239900,0,0,0,2,,,0,,,,,,Auckland Region,Nil,1-way,Sealed,,0,0,,50,,Null,0,0,,76,Auckland,Give way,,,,,0,0,Urban,0,,,Fine,Null
1729606.2095,5939949.6705,873223,,506800,0,,0,1,,North,2025/2026,COMMERCIAL ROAD,RATA STREET,,Minor Crash,Yes,2025,,North,,0,,Flat,,,,,,Bright sun,208700,2,0,0,2,,,0,,,1,,,Auckland Region,Nil,2-way,Sealed,,0,0,,50,,Off,0,0,,76,Auckland,Nil,,,,,0,0,Urban,0,,,Fine,Null
1744969.6947,5921211.4921,873226,,513530,0,0,0,1,0,South,2023/2024,NORTH-WESTERN MOTORWAY,HURUHURU OBR,,Non-Injury Crash,Yes,2024,0,South,0,0,0,Hill Road,1,,0,,0,Dark,226303,0,0,0,3,0,0,0,0,0,,0,0,Auckland Region,Nil,1-way,Sealed,0,0,0,0,100,0,On,0,0,,76,Auckland,Nil,0,0,0,0,0,0,Open,0,0,0,Fine,Null
1765939.93,5905609.0802,873228,,522202,0,,0,0,,South,2024/2025,CARRUTH ROAD,VICTORIA ROAD,,Serious Crash,No,2024,,East,,0,,Flat,,,,,,Dark,665700,0,0,0,3,,,0,,,1,,,Auckland Region,Nil,2-way,Sealed,,0,1,,50,,On,0,0,,76,Auckland,Nil,,,,,0,0,Urban,0,,,Light rain,Null
1757443.0796,5918621.7555,873238,,514302,0,0,0,0,0,Null,2023/2024,AUBURN STREET,KHYBER PASS ROAD,,Non-Injury Crash,No,2023,0,North,0,0,0,Hill Road,0,,1,,0,Twilight,442000,0,0,0,5,0,0,0,0,0,,0,0,Auckland Region,Nil,2-way,Sealed,0,0,0,0,50,0,Off,0,0,,76,Auckland,Stop,0,0,0,0,0,0,Urban,1,0,0,Fine,Null
1771089.0841,5914691.8504,873243,,521601,0,,0,2,,Null,2024/2025,RIDGE ROAD,VINCENT STREET,,Non-Injury Crash,No,2024,,South,,0,,Flat,,,,,,Bright sun,646500,0,0,0,2,,,0,,,,,,Auckland Region,Nil,2-way,Sealed,,0,0,,50,,Off,0,0,,76,Auckland,Stop,,,,,0,0,Urban,0,,,Fine,Null
1773620.9022,5909629.9291,873246,,523202,0,0,0,0,0,Null,2023/2024,WHITFORD ROAD,FAIRVIEW ROAD,,Non-Injury Crash,No,2023,0,East,1,0,0,Flat,0,,0,,0,Dark,717505,0,0,0,2,0,0,0,0,0,,0,0,Auckland Region,Nil,2-way,Sealed,0,0,0,0,60,0,On,0,0,,76,Auckland,Stop,0,0,0,0,1,0,Urban,0,0,0,Light rain,Null
1766546.6958,5913159.4527,873251,,522920,0,,0,2,,Null,2024/2025,TI RAKAU DRIVE,AYLESBURY STREET,,Non-Injury Crash,No,2024,,North,,0,,Null,,,,,,Overcast,683900,0,0,0,3,,,0,,,,,,Auckland Region,Nil,1-way,Sealed,,0,0,,50,,Null,0,0,,76,Auckland,Nil,,,,,0,0,Urban,0,,,Fine,Null
1756105.2,5923768.5437,873266,,509800,0,0,0,3,0,South,2024/2025,NORTHERN MOTORWAY,WEIGH BRIDGE,,Non-Injury Crash,Yes,2024,0,South,0,0,0,Flat,0,,0,,0,Dark,358800,0,0,0,5,0,0,0,0,0,,0,0,Auckland Region,Nil,1-way,Sealed,0,0,0,0,80,0,On,0,0,,76,Auckland,Nil,0,0,0,0,0,0,Open,0,2,0,Fine,Null
1767175.5867,5911784.8926,873270,,522920,0,0,0,0,0,West,2024/2025,EDGEWATER DRIVE,PURAKAU LANE,,Non-Injury Crash,No,2024,0,West,0,0,0,Null,0,,0,,0,Dark,687102,0,0,0,2,0,0,0,0,1,,0,0,Auckland Region,Nil,2-way,Sealed,0,0,0,0,30,0,On,1,0,,76,Auckland,Nil,0,0,0,0,0,0,Urban,0,0,0,Fine,Null
1747264.0215,5919851.1537,873271,,512300,1,,0,1,,South,2025/2026,TE ATATU ROAD ON RAMP,TE ATATU ROAD,,Serious Crash,No,2025,,South,,0,,Flat,,,,,,Bright sun,252000,0,0,0,1,,,0,,,,,,Auckland Region,Motorway ramp,1-way,Sealed,,0,1,,50,,None,0,0,,76,Auckland,Traffic Signals,,,,,0,0,Urban,0,,,Fine,Null
1759127.4222,5911275.9364,873272,,519820,0,,0,1,,South,2023/2024,SOUTH-WESTERN MOTORWAY,NEILSON STREET ON RAMP,,Non-Injury Crash,Yes,2024,,South,,0,,Flat,,,,,,Dark,602402,0,0,0,4,,,0,,,,,,Auckland Region,Bridge,1-way,Sealed,,0,0,,100,,On,0,0,,76,Auckland,Nil,,,,,0,0,Open,1,,,Light rain,Null
1731587.0986,5908610.4362,873276,,513800,0,0,0,2,1,South,2023/2024,PIHA ROAD,PENDRELL ROAD,,Minor Crash,No,2024,0,South,0,0,0,Hill Road,0,,0,,0,Dark,282026,1,0,0,2,0,0,0,0,0,,0,0,Auckland Region,Nil,2-way,Sealed,0,0,0,0,50,0,None,0,0,,76,Auckland,Nil,0,0,0,0,0,0,Urban,0,0,0,Fine,Null
1752495.1683,5926180.1586,873279,,508220,0,,0,2,,North,2025/2026,VERBENA ROAD,CASTLETON STREET,,Non-Injury Crash,No,2025,,North,,0,,Flat,,Christmas New Year,,,,Overcast,189001,0,0,0,2,,,0,,,,,,Auckland Region,Nil,2-way,Sealed,,0,0,,50,,Off,0,0,,76,Auckland,Nil,,,,,0,0,Urban,0,,,Light rain,Null
1750220.3843,5914291.3244,873280,,511303,0,,0,2,,Null,2023/2024,GREAT NORTH ROAD,VERONICA STREET,,Non-Injury Crash,No,2023,,North,,0,,Flat,,,,,,Bright sun,265800,0,0,0,4,,,0,,,,,,Auckland Region,Nil,2-way,Sealed,,0,0,,50,,Off,0,0,,76,Auckland,Traffic Signals,,,,,0,0,Urban,0,,,Fine,Null
1764981.3626,5913122.3273,873282,,520500,0,0,0,1,0,South,2024/2025,SOUTH-EASTERN HIGHWAY,SOUTH-EASTERN HIGHWAY,,Minor Crash,No,2024,0,North,0,0,0,Flat,1,,0,,0,Overcast,639000,1,0,0,4,0,0,0,0,0,,0,0,Auckland Region,Nil,2-way,Sealed,0,0,0,0,80,0,Off,0,0,,76,Auckland,Nil,0,0,0,0,0,0,Open,0,0,0,Fine,Null
1742573.0389,5924431.4975,873292,,513410,0,,0,1,,Null,2023/2024,FRED TAYLOR DRIVE,MATAKOHE ROAD,,Non-Injury Crash,No,2023,,North,,0,,Flat,,Christmas New Year,,,,Dark,226401,0,0,0,2,,,0,,,,,,Auckland Region,Nil,2-way,Sealed,,0,0,,80,,On,0,0,,76,Auckland,Give way,,,,,0,0,Open,1,,,Fine,Null
1760192.3533,5915464.8534,873294,,519400,0,,1,1,,Null,2024/2025,GREAT SOUTH ROAD,MATAI ROAD,,Minor Crash,No,2024,,North,,0,,Flat,,,,,,Overcast,617301,1,0,0,7,,,0,,,,,,Auckland Region,Nil,2-way,Sealed,,0,0,,50,,Off,0,0,,76,Auckland,Give way,,,,,0,0,Urban,0,,,Fine,Null
1759459.8215,5925536.2004,873296,,508110,1,,0,1,,South,2023/2024,LAKE ROAD,EVERSLEIGH ROAD,,Minor Crash,No,2024,,South,,0,,Hill Road,,,,,,Bright sun,319200,1,0,0,2,,,0,,,,,,Auckland Region,Nil,2-way,Sealed,,0,0,,50,,Off,0,0,,76,Auckland,Nil,,,,,0,0,Urban,0,,,Fine,Null
1756559.3814,5924701.6987,873299,,509702,0,,0,1,,Null,2024/2025,NORTHERN MOTORWAY,ONEWA ROAD OFF RAMP,,Non-Injury Crash,Yes,2024,,South,,0,,Flat,,,,,,Bright sun,366700,0,0,0,2,,,0,,,,,,Auckland Region,Motorway ramp,1-way,Sealed,,0,0,,100,,Off,0,0,,76,Auckland,Nil,,,,,1,0,Open,0,,,Fine,Null
1758001.4032,5919879.5929,873302,,514301,0,0,0,0,0,South,2023/2024,SH 16,STANLEY STREET OFF RAMP,,Fatal Crash,Yes,2024,0,South,0,1,0,Hill Road,2,,0,,0,Dark,440300,0,0,1,2,0,0,0,0,0,,0,0,Auckland Region,Motorway ramp,1-way,Sealed,0,0,0,0,50,0,On,0,0,,76,Auckland,Nil,0,0,0,0,0,0,Urban,0,0,0,Fine,Null
1751571.8116,5915247.5916,873303,,514401,0,,0,1,,Null,2025/2026,NEW NORTH ROAD,ST JUDE STREET,,Minor Crash,No,2025,,West,,0,,Flat,,,,,,Bright sun,380001,1,0,0,4,,,0,,,,,,Auckland Region,Nil,2-way,Sealed,,0,0,,50,,Off,0,0,,76,Auckland,Traffic Signals,,,,,0,0,Urban,1,,,Fine,Null
1742820.2567,5919026.8505,873314,,513213,0,,0,1,,Null,2023/2024,SWANSON ROAD,ARMADA DRIVE,,Non-Injury Crash,No,2024,,East,,0,,Null,,,,,,Bright sun,235200,0,0,0,2,,,0,,,,,,Auckland Region,Nil,2-way,Null,,0,0,,50,,Off,0,0,,76,Auckland,Traffic Signals,,,,,0,1,Urban,0,,,Fine,Null
1753781.7451,5934161.5104,873319,,508804,0,,0,1,,East,2024/2025,MANU PLACE,ARIRANG RISE,,Non-Injury Crash,No,2025,,South,,0,,Null,,,,,,Twilight,180614,0,0,0,0,,,0,,,,,,Auckland Region,Nil,1-way,Sealed,,0,0,,50,,Null,0,0,,76,Auckland,Nil,,,,,0,0,Urban,1,,,Fine,Null
1767821.6732,5881423.8694,873328,,525921,0,0,0,1,0,Null,2023/2024,PRINCES STREET WEST,HELVETIA ROAD,,Minor Crash,No,2024,0,East,0,0,1,Flat,0,,1,,0,Bright sun,820702,1,0,0,2,0,0,0,0,1,,0,1,Auckland Region,Nil,2-way,Sealed,0,0,0,0,50,0,Off,1,0,,76,Auckland,Give way,1,0,0,0,0,0,Urban,0,0,0,Fine,Null
1766823.7124,5901750.8368,873330,,524720,0,0,0,3,0,South,2023/2024,RUSSELL ROAD,BROWNS ROAD,,Non-Injury Crash,No,2024,0,South,0,0,0,Flat,0,Easter,0,,0,Dark,777800,0,0,0,2,0,0,0,0,1,,0,0,Auckland Region,Nil,2-way,Sealed,0,0,0,0,50,0,On,0,0,,76,Auckland,Nil,0,0,0,0,0,0,Urban,0,0,0,Fine,None
1752571.1177,5918190.477,873332,,515002,0,,0,2,,Null,2023/2024,GREAT NORTH ROAD,PARR ROAD NORTH,,Non-Injury Crash,No,2024,,East,,0,,Hill Road,,,,,,Overcast,396600,0,0,0,3,,,0,,,,,,Auckland Region,Nil,2-way,Sealed,,0,0,,50,,Off,0,0,,76,Auckland,Give way,,,,,0,0,Urban,0,,,Fine,Null
1767482.5024,5904853.4394,873334,,524604,0,,0,1,,South,2023/2024,GREAT SOUTH ROAD,CAVENDISH DRIVE,,Non-Injury Crash,No,2023,,North,,0,,Flat,,,,,,Bright sun,780209,0,0,0,4,,,0,,,,,,Auckland Region,Nil,1-way,Sealed,,0,0,,50,,Off,0,0,,76,Auckland,Nil,,,,,0,0,Urban,0,,,Fine,None
1768205.3079,5903825.0765,873338,,523820,0,,0,1,,South,2024/2025,SOUTHERN MOTORWAY,MANUKAU ON SBD OBR,,Non-Injury Crash,Yes,2024,,South,,0,,Null,,,,,,Bright sun,760142,0,0,0,3,,,0,,,,,,Auckland Region,Nil,1-way,Sealed,,0,0,,100,,Off,1,0,,76,Auckland,Nil,,,,,0,0,Open,0,,,Fine,Null
1752483.8969,5915017.8164,873348,,514500,0,0,0,1,0,South,2023/2024,SH 20,NEW NORTH ROAD,,Non-Injury Crash,Yes,2024,0,South,0,0,0,Hill Road,1,,0,,0,Overcast,377800,0,0,0,3,0,0,0,0,0,,0,0,Auckland Region,Tunnel,1-way,Sealed,0,0,0,0,80,0,Off,0,0,,76,Auckland,Nil,0,0,0,0,0,0,Open,0,0,0,Fine,Null
1756549.5196,5914929.0324,873353,,518302,0,,0,3,,Null,2022/2023,MOUNT EDEN ROAD,LANDSCAPE ROAD,,Minor Crash,No,2023,,South,,0,,Hill Road,,,,,,Overcast,558500,2,0,0,2,,,0,,,,,,Auckland Region,Nil,2-way,Sealed,,0,0,,50,,Off,0,0,,76,Auckland,Stop,,,,,0,0,Urban,0,,,Fine,Null
1754661.5867,5926568.5312,873355,,508610,0,0,0,2,0,North,2024/2025,EBAN AVENUE,WELLAND PLACE,,Non-Injury Crash,No,2024,0,East,0,0,0,Hill Road,0,,0,,0,Overcast,205801,0,0,0,2,0,0,0,0,1,,0,0,Auckland Region,Nil,2-way,Sealed,0,0,0,0,50,0,None,0,0,,76,Auckland,Nil,0,0,0,0,0,0,Urban,0,0,0,Light rain,Null
1767730.0071,5901586.4459,873356,,525001,0,,0,2,,Null,2024/2025,JELLICOE ROAD,HALSEY ROAD,,Minor Crash,No,2024,,East,,0,,Flat,,,,,,Bright sun,750900,1,0,0,2,,,0,,,,,,Auckland Region,Nil,2-way,Sealed,,0,0,,50,,Null,0,0,,76,Auckland,Give way,,,,,0,0,Urban,0,,,Fine,Null
1764355.1482,5910172.3163,873363,,521801,0,,0,2,,Null,2024/2025,PRINCES STREET,CHURCH STREET,,Non-Injury Crash,No,2025,,West,,0,,Flat,,,,,,Bright sun,786902,0,0,0,2,,,0,,,,,,Auckland Region,Nil,2-way,Sealed,,0,0,,50,,Off,0,0,30,76,Auckland,Traffic Signals,,,,,0,0,Urban,0,,,Fine,Null
1740702.3968,5918456.0251,873366,,513101,0,0,0,1,0,East,2023/2024,METTAM DRIVE,PAITRY PLACE,,Non-Injury Crash,No,2024,0,West,0,0,0,Flat,0,,0,,0,Overcast,237901,0,0,0,2,0,0,0,0,1,,0,0,Auckland Region,Nil,2-way,Sealed,0,0,0,0,50,0,Off,1,0,,76,Auckland,Nil,0,0,0,0,0,0,Urban,0,0,0,Light rain,Null
1764110.6756,5912413.9898,873367,,520500,0,,0,2,,West,2025/2026,SOUTHERN MOTORWAY,CLEMOW DRIVE,,Non-Injury Crash,Yes,2025,,West,,0,,Flat,,,,,,Dark,639500,0,0,0,2,,,0,,,,,,Auckland Region,Nil,1-way,Sealed,,0,0,,100,,On,0,0,,76,Auckland,Nil,,,,,0,0,Open,0,,,Heavy rain,Strong wind
1749069.9173,5912594.1705,873371,,511401,0,,1,0,,Null,2024/2025,HUTCHINSON AVENUE,DAVERN LANE,,Non-Injury Crash,No,2025,,North,,0,,Null,,,,,,Overcast,262003,0,0,0,2,,,0,,,,,,Auckland Region,Nil,2-way,Sealed,,0,0,,50,,Null,1,0,,76,Auckland,Nil,,,,,0,0,Urban,0,,,Fine,Null
1742572.3441,5924434.673,873374,,513410,0,,0,1,,Null,2024/2025,FRED TAYLOR DRIVE,MATAKOHE ROAD,,Minor Crash,No,2024,,East,,0,,Flat,,,,,,Bright sun,226401,1,0,0,2,,,0,,,1,,,Auckland Region,Nil,2-way,Sealed,,0,0,,80,,None,0,0,50,76,Auckland,Give way,,,,,0,0,Open,0,,,Fine,Null
1759140.4127,5911223.88,873376,,519820,0,0,0,1,0,South,2024/2025,SOUTH-WESTERN MOTORWAY,ONEHUNGA HARBOUR ROAD OFF RAMP,,Non-Injury Crash,Yes,2024,0,North,0,0,0,Flat,1,,0,,0,Dark,602503,0,0,0,4,0,0,0,0,0,,0,0,Auckland Region,Bridge,1-way,Sealed,0,0,0,0,100,0,On,0,0,,76,Auckland,Nil,0,0,0,0,0,1,Open,0,0,0,Fine,Null
1754506.6958,5928546.8326,873384,,508320,0,0,0,1,0,West,2024/2025,WELDENE AVENUE,DIANA DRIVE,,Non-Injury Crash,No,2024,0,East,0,0,0,Null,0,,0,,0,Unknown,197900,0,0,0,2,0,0,0,0,1,,0,0,Auckland Region,Nil,2-way,Null,0,0,0,0,50,0,Null,0,0,,76,Auckland,Nil,0,0,0,0,0,1,Urban,0,0,0,Null,Null
1762262.8966,5907054.4945,873391,,524520,0,,0,2,,Null,2024/2025,MASSEY ROAD,BUCKLAND ROAD,,Non-Injury Crash,No,2025,,North,,0,,Null,,,,,,Dark,735200,0,0,0,3,,,0,,,,,,Auckland Region,Nil,2-way,Sealed,,0,0,,50,,Null,0,0,,76,Auckland,Traffic Signals,,,,,0,0,Urban,0,,,Fine,Null
1755053.8874,5927888.5821,873395,,508620,0,,0,1,,Null,2024/2025,ARCHERS ROAD,CHIVALRY ROAD,,Non-Injury Crash,No,2024,,South,,0,,Null,,,,,,Bright sun,202600,0,0,0,2,,,0,,,,,,Auckland Region,Nil,2-way,Sealed,,0,0,,50,,Off,0,0,,76,Auckland,Traffic Signals,,,,,0,1,Urban,0,,,Fine,Null
1757765.5311,5918210.2927,873399,,515700,0,,0,1,,South,2024/2025,SOUTHERN MOTORWAY,MOUNTAIN OBR,,Non-Injury Crash,Yes,2025,,North,,0,,Flat,,Easter,,,,Dark,443600,0,0,0,4,,,0,,,,,,Auckland Region,Motorway ramp,1-way,Sealed,,0,0,,80,,On,1,0,,76,Auckland,Nil,,,,,0,0,Open,0,,,Light rain,Null
1772232.2149,5907090.0685,873404,,523713,0,,0,1,,North,2024/2025,KI ROTO WAY,KILCOOLEY ROAD,,Non-Injury Crash,No,2024,,North,,0,,Null,,,,,,Bright sun,712500,0,0,0,2,,,0,,,,,,Auckland Region,Nil,2-way,Sealed,,0,0,,50,,Off,0,0,,76,Auckland,Nil,,,,,1,0,Urban,0,,,Fine,Null
1768202.081,5899922.3877,873405,45,525101,0,0,0,0,0,South,2022/2023,THOMPSON TERRACE,MOUNTFORT STREET,,Minor Crash,No,2023,0,South,0,0,0,Flat,0,Easter,0,,0,Twilight,772400,1,0,1,1,0,0,0,0,1,,0,0,Auckland Region,Nil,2-way,Sealed,0,0,0,0,50,0,On,0,0,,76,Auckland,Nil,0,0,0,0,1,0,Urban,0,0,0,Fine,Null
1767114.439,5905514.6326,873410,,524603,0,,0,2,,Null,2023/2024,GREAT SOUTH ROAD,PUHINUI ROAD,,Non-Injury Crash,No,2024,,North,,0,,Flat,,,,,,Bright sun,780205,0,0,0,6,,,0,,,,,,Auckland Region,Nil,2-way,Sealed,,0,0,,60,,Off,0,0,40,76,Auckland,Traffic Signals,,,,,0,0,Urban,0,,,Fine,Null
1754831.1099,5916464.2979,873415,,517702,1,,0,0,,Null,2024/2025,HOUKURA WAY,ST LUKES ROAD,,Minor Crash,No,2025,,West,,0,,Flat,,,,,,Bright sun,540300,1,0,0,2,,,0,,,,,,Auckland Region,Nil,2-way,Sealed,,0,0,,50,,Off,1,0,,76,Auckland,Nil,,,,,0,0,Urban,0,,,Fine,Null