X,Y,OBJECTID,advisorySpeed,areaUnitID,bicycle,bridge,bus,carStationWagon,cliffBank,crashDirectionDescription,crashFinancialYear,crashLocation1,crashLocation2,crashRoadSideRoad,crashSeverity,crashSHDescription,crashYear,debris,directionRoleDescription,ditch,fatalCount,fence,flatHill,guardRail,holiday,houseOrBuilding,intersection,kerb,light,meshblockId,minorInjuryCount,moped,motorcycle,NumberOfLanes,objectThrownOrDropped,otherObject,otherVehicleType,overBank,parkedVehicle,pedestrian,phoneBoxEtc,postOrPole,region,roadCharacter,roadLane,roadSurface,roadworks,schoolBus,seriousInjuryCount,slipOrFlood,speedLimit,strayAnimal,streetLight,suv,taxi,temporarySpeedLimit,tlaId,tlaName,trafficControl,trafficIsland,trafficSign,train,tree,truck,unknownVehicleType,urban,vanOrUtility,vehicle,waterRiver,weatherA,weatherB
1762335.9519,5913376.111,873419,,520500,0,,0,2,,North,2025/2026,SOUTHERN MOTORWAY,SOUTH-EASTERN HWY ON RAMP,,Non-Injury Crash,Yes,2025,,North,,0,,Flat,,,,,,Dark,637100,0,0,0,3,,,0,,,,,,Auckland Region,Nil,1-way,Sealed,,0,0,,100,,On,0,0,,76,Auckland,Nil,,,,,0,0,Open,0,,,Fine,Null
1756135.8756,5923915.2512,873422,,509800,0,,0,2,,South,2023/2024,NORTHERN MOTORWAY,HALSEY STREET,,Non-Injury Crash,Yes,2024,,South,,0,,Flat,,,,,,Bright sun,361200,0,0,0,5,,,0,,,,,,Auckland Region,Nil,1-way,Sealed,,0,0,,80,,Off,0,0,,76,Auckland,Nil,,,,,0,0,Open,0,,,Fine,Null
1763996.0924,5910941.7227,873425,,520500,0,0,0,1,0,Null,2022/2023,OFFROAD - CAR PARK,,,Minor Crash,No,2023,0,South,0,0,1,Flat,0,,0,,0,Bright sun,637900,1,0,0,,0,0,0,0,0,,0,0,Auckland Region,Nil,Off road,Sealed,0,0,0,0,,0,Off,0,0,,76,Auckland,Nil,0,0,0,0,0,0,Urban,0,0,0,Fine,Null
1761658.3857,5920076.499,873426,,516400,0,,0,0,,West,2023/2024,TAMAKI DRIVE,OKAHU STREET,,Non-Injury Crash,No,2024,,East,,0,,Flat,,,,,,Dark,496700,0,0,1,4,,,0,,,,,,Auckland Region,Nil,2-way,Sealed,,0,0,,50,,Off,0,0,,76,Auckland,Nil,,,,,0,0,Urban,0,,,Fine,Null
1764037.1018,5914139.9626,873431,,520303,0,0,0,1,1,South,2025/2026,MOUNT WELLINGTON HIGHWAY,TE HORETA ROAD,,Minor Crash,No,2026,0,South,0,0,0,Flat,0,Christmas New Year,0,,0,Bright sun,627600,1,0,0,4,0,0,0,0,0,,0,0,Auckland Region,Nil,2-way,Sealed,0,0,0,0,50,0,Off,0,0,,76,Auckland,Nil,0,0,0,0,0,0,Urban,0,0,0,Fine,Null
1735422.1105,5945254.7143,873435,,506646,0,0,0,1,0,North,2024/2025,KAHIKATEA FLAT ROAD,RAPSON ROAD,,Non-Injury Crash,No,2024,0,North,0,0,0,Flat,0,,0,,0,Dark,213000,0,0,0,2,0,0,0,0,0,,0,0,Auckland Region,Nil,2-way,Sealed,0,0,0,0,80,1,None,0,0,,76,Auckland,Nil,0,0,0,0,0,0,Open,0,0,0,Fine,Null
1760367.9619,5903453.2325,873438,,524200,0,,0,2,,East,2022/2023,PUHINUI ROAD,TOM PEARCE DRIVE,,Non-Injury Crash,Yes,2023,,East,,0,,Flat,,,,,,Bright sun,727200,0,0,0,2,,,0,,,,,,Auckland Region,Nil,2-way,Sealed,,0,0,,50,,Off,0,0,,76,Auckland,Nil,,,,,0,0,Urban,0,,,Fine,None
1779188.5209,5927467.8981,873439,,520801,0,0,0,0,0,North,2024/2025,OCEAN VIEW ROAD,WAIKARE ROAD,,Non-Injury Crash,No,2024,0,East,0,0,0,Flat,0,,0,,0,Bright sun,516201,0,0,0,2,0,0,0,0,0,,0,1,Auckland Region,Nil,2-way,Sealed,0,0,0,0,30,0,Off,0,0,,76,Auckland,Nil,0,0,0,0,0,0,Urban,1,0,0,Fine,Null
1735576.4208,5986807.9757,873443,,506660,0,,0,1,,South,2024/2025,SH 1,TE HANA RIV BR,,Non-Injury Crash,Yes,2025,,South,,0,,Flat,,,,,,Bright sun,144000,0,0,0,2,,,0,,,,,,Auckland Region,Nil,2-way,Sealed,,0,0,,60,,Null,1,0,,76,Auckland,Nil,,,,,0,0,Urban,0,,,Fine,Null
1756057.3302,5918677.2469,873446,,515500,0,,0,2,,North,2023/2024,NORTH-WESTERN MOTORWAY,NEWTON ROAD OFF RAMP,,Non-Injury Crash,Yes,2024,,North,,0,,Flat,,,,,,Overcast,418700,0,0,0,4,,,0,,,,,,Auckland Region,Nil,1-way,Sealed,,0,0,,80,,Off,0,0,,76,Auckland,Nil,,,,,1,0,Open,0,,,Fine,Null
1754042.0477,5930782.1866,873447,,508420,0,,0,2,,Null,2024/2025,MEADOWOOD DRIVE,SUNSET ROAD,,Non-Injury Crash,No,2025,,South,,0,,Flat,,,,,,Overcast,182001,0,0,0,2,,,0,,,,,,Auckland Region,Nil,2-way,Sealed,,0,0,,50,,Off,0,0,,76,Auckland,Give way,,,,,0,0,Urban,0,,,Fine,Null
1755221.852,5917540.2875,873451,,517500,0,,0,2,,Null,2024/2025,SANDRINGHAM ROAD,ALTHAM AVENUE,,Non-Injury Crash,No,2025,,South,,0,,Null,,,,,,Bright sun,532400,0,0,0,2,,,0,,,,,,Auckland Region,Nil,2-way,Sealed,,0,0,,50,,Null,0,0,,76,Auckland,Stop,,,,,0,0,Urban,0,,,Null,Null
1746573.1322,5915606.1581,873452,,511601,0,,0,1,,Null,2022/2023,GREAT NORTH ROAD,VIEW ROAD,,Non-Injury Crash,No,2023,,North,,0,,Flat,,,,,,Overcast,276006,0,0,0,4,,,0,,,,,,Auckland Region,Nil,2-way,Sealed,,0,0,,50,,Off,1,0,,76,Auckland,Traffic Signals,,,,,0,0,Urban,0,,,Fine,None
1772912.1507,5891518.7155,873456,,521301,0,0,0,2,0,North,2023/2024,SOUTHERN MOTORWAY,KARAKA OBR,,Non-Injury Crash,Yes,2024,0,North,0,0,0,Flat,1,,0,,0,Bright sun,808702,0,0,0,2,0,0,0,0,0,,0,0,Auckland Region,Overpass,1-way,Sealed,0,0,0,0,100,0,Off,0,0,,76,Auckland,Nil,0,0,0,0,0,0,Open,0,0,0,Fine,Null
1769932.4058,5906458.6278,873460,,523712,0,,0,1,,Null,2024/2025,FLAT BUSH SCHOOL ROAD,DONEGAL PARK DRIVE,,Minor Crash,No,2024,,West,,0,,Flat,,,,,,Dark,713201,1,0,1,2,,,0,,,,,,Auckland Region,Nil,2-way,Sealed,,0,0,,50,,On,0,0,30,76,Auckland,Give way,,,,,0,0,Urban,0,,,Fine,Null
1745401.9157,5920414.2463,873466,,513301,0,,0,1,,Null,2024/2025,LINCOLN ROAD,TRIANGLE ROAD,,Minor Crash,No,2024,,North,,0,,Flat,,,,,,Bright sun,230301,1,0,1,5,,,0,,,,,,Auckland Region,Nil,2-way,Sealed,,0,0,,50,,Off,0,0,,76,Auckland,Nil,,,,,0,0,Urban,0,,,Light rain,Null
1769322.7108,5907514.5004,873468,,523711,0,0,0,1,0,North,2023/2024,TE IRIRANGI DRIVE,ORMISTON ROAD,,Non-Injury Crash,No,2023,1,North,0,0,0,Flat,0,,0,,1,Dark,712304,0,0,0,2,0,0,0,0,0,,0,0,Auckland Region,Nil,1-way,Sealed,0,0,0,0,80,0,On,0,0,,76,Auckland,Nil,0,0,0,0,0,0,Open,0,0,0,Fine,Null
1760142.4795,5980696.9933,873469,,506661,0,0,0,1,0,East,2022/2023,LEIGH ROAD,COXHEAD CREEK ROAD,,Minor Crash,No,2023,0,West,1,0,0,Flat,0,,0,,0,Overcast,137702,1,0,0,2,0,0,1,0,0,,0,0,Auckland Region,Nil,2-way,Sealed,0,0,0,0,80,0,None,1,0,,76,Auckland,Nil,0,0,0,0,0,0,Open,0,0,0,Light rain,Null
1755120.2588,5932977.5182,873470,,507400,0,0,0,0,0,Null,2023/2024,EAST COAST ROAD,SUNRISE AVENUE,,Non-Injury Crash,No,2024,0,East,0,0,1,Hill Road,0,,0,,0,Overcast,153100,0,0,0,1,0,0,0,0,0,1,0,0,Auckland Region,Nil,1-way,Sealed,0,0,0,0,50,0,On,0,0,,76,Auckland,Give way,1,0,0,0,0,0,Urban,1,0,0,Fine,Null
1768499.3587,5899421.1916,873472,,525101,0,,0,1,,Null,2024/2025,MAHIA ROAD,COXHEAD ROAD,,Non-Injury Crash,No,2024,,East,,0,,Flat,,,,,,Overcast,772802,0,0,0,1,,,0,,,,,,Auckland Region,Nil,1-way,Sealed,,0,0,,50,,Off,0,0,,76,Auckland,Give way,,,,,0,0,Urban,1,,,Fine,Null
1752769.9731,5934852.4085,873475,,508701,0,,0,2,,Null,2024/2025,CORNERSTONE DRIVE,OTEHA VALLEY ROAD,,Non-Injury Crash,No,2025,,North,,0,,Flat,,,,,,Twilight,179000,0,0,0,4,,,0,,,,,,Auckland Region,Nil,2-way,Sealed,,0,0,,50,,On,0,0,,76,Auckland,Give way,,,,,0,0,Urban,0,,,Fine,Null
1770560.2645,5907161.5411,873476,45,523713,0,,0,2,,East,2022/2023,ORMISTON ROAD,PENCAITLAND DRIVE,,Non-Injury Crash,No,2023,,East,,0,,Flat,,,,,,Unknown,712401,0,0,0,2,,,0,,,,,,Auckland Region,Nil,1-way,Sealed,,0,0,,50,,Null,0,0,,76,Auckland,Nil,,,,,0,0,Urban,0,,,Fine,None
1765572.3065,5905867.0527,873482,,522202,0,,0,2,,Null,2024/2025,ST GEORGE STREET,CARRUTH ROAD,,Minor Crash,No,2024,,East,,0,,Flat,,,,,,Twilight,664300,1,0,0,2,,,0,,,,,,Auckland Region,Nil,2-way,Sealed,,0,0,,50,,On,0,0,,76,Auckland,Give way,,,,,0,0,Urban,0,,,Fine,Null
1763618.2191,5905867.1721,873483,,524303,0,,0,1,,South,2024/2025,MALTE BRUN PLACE,LENDENFELD DRIVE,,Minor Crash,No,2024,,North,,0,,Flat,,,,,,Overcast,746313,1,0,0,1,,,0,,,1,,,Auckland Region,Nil,1-way,Sealed,,0,0,,50,,Off,0,0,,76,Auckland,Nil,,,,,0,0,Urban,0,,,Light rain,Null
1748529.4576,5913910.3243,873487,,511302,0,,0,1,,East,2022/2023,GREAT NORTH ROAD,FAITH BULLOCK PLACE,,Minor Crash,No,2023,,South,,0,,Flat,,,,,,Bright sun,269300,1,0,1,4,,,0,,,,,,Auckland Region,Nil,2-way,Sealed,,0,0,,50,,Null,0,0,,76,Auckland,Nil,,,,,0,0,Urban,0,,,Fine,Null
1753891.3308,5918068.1814,873490,,515432,0,,0,2,,Null,2022/2023,DUNCAN MACLEAN LINK,WESTERN SPRINGS ROAD,,Non-Injury Crash,No,2023,,West,,0,,Hill Road,,,,,,Dark,405500,0,0,0,2,,,0,,,,,,Auckland Region,Nil,2-way,Sealed,,0,0,,50,,On,0,0,,76,Auckland,Nil,,,,,0,0,Urban,0,,,Light rain,Null
1758962.409,5904062.542,873493,,524200,0,,0,2,,Null,2023/2024,GEORGE BOLT MEMORIAL DRIVE,TE ARA KORAKO DRIVE,,Non-Injury Crash,No,2024,,South,,0,,Flat,,,,,,Overcast,727200,0,0,0,2,,,0,,,,,,Auckland Region,Nil,1-way,Sealed,,0,0,,60,,Off,0,0,,76,Auckland,Traffic Signals,,,,,0,0,Urban,0,,,Fine,Null
1770306.4902,5898078.8074,873495,,523920,0,,0,3,,North,2023/2024,SOUTHERN MOTORWAY,PAHUREHURE NO 1 BR,,Non-Injury Crash,Yes,2024,,North,,0,,Flat,,,,,,Bright sun,767919,0,0,0,2,,,0,,,,,,Auckland Region,Nil,1-way,Sealed,,0,0,,100,,Off,0,0,,76,Auckland,Nil,,,,,0,0,Open,1,,,Fine,Null
1758607.452,5917565.0133,873499,,516001,0,,0,2,,Null,2023/2024,ST MARKS ROAD,ST MARKS ROAD ON RAMP,,Non-Injury Crash,No,2023,,East,,0,,Flat,,,,,,Dark,491000,0,0,0,3,,,0,,,,,,Auckland Region,Nil,2-way,Sealed,,0,0,,50,,On,0,0,,76,Auckland,Nil,,,,,0,0,Urban,0,,,Light rain,None
1769106.0344,5904669.4806,873503,,523820,0,,0,0,,Null,2023/2024,REDOUBT ROAD,SANTA MONICA PLACE,,Minor Crash,No,2024,,East,,0,,Hill Road,,Easter,,,,Bright sun,759903,1,0,0,2,,,0,,,1,,,Auckland Region,Nil,2-way,Sealed,,0,0,,50,,Off,1,0,40,76,Auckland,Give way,,,,,0,0,Urban,0,,,Fine,Null
1769991.7991,5901973.8471,873507,,523814,0,,0,1,,West,2025/2026,HILL ROAD,CHARLES PREVOST DRIVE,,Minor Crash,No,2025,,East,,0,,Flat,,,,,,Bright sun,759514,2,0,0,2,,,0,,,,,,Auckland Region,Nil,2-way,Sealed,,0,0,,50,,Off,0,0,,76,Auckland,Nil,,,,,1,0,Urban,0,,,Fine,Null
1756595.6596,5912809.1918,873511,,518701,0,0,0,0,0,West,2025/2026,SOUTH-WESTERN MOTORWAY,HILLSBOROUGH OBR,,Non-Injury Crash,Yes,2026,0,West,0,0,0,Flat,1,,0,,0,Dark,572100,0,0,0,3,0,0,0,0,0,,0,0,Auckland Region,Underpass,1-way,Sealed,0,0,0,0,100,0,On,0,0,,76,Auckland,Nil,0,0,0,0,0,0,Open,1,0,0,Mist or Fog,Null
1747819.3425,5914835.2215,873520,,511700,0,,0,1,,North,2023/2024,KELMAN ROAD,MANATU LANE,,Non-Injury Crash,No,2023,,South,,0,,Flat,,,,,,Overcast,272002,0,0,0,2,,,0,,,,,,Auckland Region,Nil,2-way,Sealed,,0,0,,50,,Off,0,0,,76,Auckland,Nil,,,,,0,0,Urban,1,,,Fine,Null
1756702.2666,5912780.0082,873521,,518702,0,,0,0,,East,2022/2023,SOUTH-WESTERN MOTORWAY,HILLSBOROUGH OBR,,Serious Crash,Yes,2023,,West,,0,,Hill Road,,,,,,Dark,570100,0,0,1,3,,,0,,,,,,Auckland Region,Nil,1-way,Sealed,,0,1,,100,,On,0,0,,76,Auckland,Nil,,,,,0,0,Open,0,,,Fine,Null
1753516.0262,5927959.7839,873522,,508210,0,,0,1,,North,2024/2025,KAIPATIKI ROAD,GLENFIELD ROAD,,Non-Injury Crash,No,2024,,South,,0,,Null,,,,,,Unknown,186800,0,0,0,3,,,0,,,,,,Auckland Region,Nil,2-way,Null,,0,0,,50,,Null,0,0,,76,Auckland,Nil,,,,,0,0,Urban,1,,,Null,Null
1772925.4949,5891360.6949,873523,,521301,0,,0,1,,South,2025/2026,SOUTHERN MOTORWAY,KARAKA OBR,,Non-Injury Crash,Yes,2025,,North,,0,,Flat,,,,,,Overcast,809200,0,0,0,2,,,0,,,,,,Auckland Region,Nil,1-way,Sealed,,0,0,,100,,Off,0,0,80,76,Auckland,Nil,,,,,0,0,Open,1,,,Light rain,Null
1768738.3478,5904544.0982,873526,,523722,0,,0,1,,Null,2023/2024,REDOUBT ROAD,HOLLYFORD DRIVE,,Non-Injury Crash,No,2023,,East,,0,,Hill Road,,Labour Weekend,,,,Overcast,715917,0,0,0,4,,,0,,,,,,Auckland Region,Nil,2-way,Sealed,,0,0,,50,,Off,0,0,,76,Auckland,Traffic Signals,,,,,0,1,Urban,0,,,Fine,None
1758613.9719,5912239.7738,873536,,519810,0,0,0,3,0,North,2023/2024,HILL STREET,CHURCH STREET,,Non-Injury Crash,No,2023,0,South,0,0,0,Flat,0,Labour Weekend,0,,0,Dark,598800,0,0,0,2,0,0,0,0,2,,0,0,Auckland Region,Nil,2-way,Sealed,0,0,0,0,50,0,On,0,0,,76,Auckland,Nil,0,0,0,0,0,0,Urban,0,0,0,Fine,Null
1760398.5546,5916828.9468,873544,,516202,0,,0,2,,Null,2023/2024,REMUERA ROAD,ST VINCENT AVENUE,,Non-Injury Crash,No,2023,,East,,0,,Flat,,,,,,Overcast,490500,0,0,0,4,,,0,,,,,,Auckland Region,Nil,2-way,Sealed,,0,0,,50,,Off,0,0,,76,Auckland,Stop,,,,,0,0,Urban,0,,,Light rain,Null
1754319.3536,5913877.5134,873547,,518802,0,,0,1,,North,2025/2026,SOUTH-WESTERN MOTORWAY,MAY OBR,,Non-Injury Crash,Yes,2025,,South,,0,,Flat,,,,,,Bright sun,579200,0,0,0,3,,,0,,,,,,Auckland Region,Nil,1-way,Sealed,,0,0,,100,,Off,0,0,,76,Auckland,Nil,,,,,0,0,Open,1,,,Fine,Null
1741896.7498,5929846.7575,873551,,505603,0,,0,1,,Null,2025/2026,RIVERHEAD POINT DRIVE,POHUTUKAWA PARADE,,Non-Injury Crash,No,2025,,West,,0,,Flat,,,,,,Bright sun,214401,0,0,0,1,,,0,,,,,,Auckland Region,Nil,1-way,Sealed,,0,0,,50,,Off,0,0,,76,Auckland,Give way,,,,,1,0,Urban,0,,,Fine,Null
1744004.147,5921868.1608,873556,,513631,0,0,0,1,0,North,2023/2024,CARTMEL AVENUE,GUINNESS PLACE,,Minor Crash,No,2024,0,South,0,0,0,Flat,0,,0,,0,Dark,227403,2,0,0,2,0,0,0,0,0,,0,0,Auckland Region,Nil,2-way,Sealed,0,0,0,0,50,0,On,0,0,,76,Auckland,Nil,0,0,0,1,0,0,Urban,0,0,0,Fine,Null
1750746.4455,5912037.1524,873558,,514700,0,0,0,1,0,West,2023/2024,KINROSS STREET,CONNELL STREET,,Non-Injury Crash,No,2024,0,West,0,0,0,Hill Road,0,Queens Birthday,0,,0,Dark,367300,0,0,0,2,0,0,0,0,0,,0,1,Auckland Region,Nil,2-way,Sealed,0,0,0,0,50,0,On,0,0,,76,Auckland,Nil,0,0,0,0,0,0,Urban,0,0,0,Fine,Null
1758011.1484,5914936.8873,873559,,515802,0,,0,2,,Null,2025/2026,MANUKAU ROAD,GOLF ROAD,,Minor Crash,No,2025,,North,,0,,Flat,,,,,,Bright sun,449200,1,0,0,4,,,0,,,,,,Auckland Region,Nil,2-way,Sealed,,0,0,,50,,Off,0,0,,76,Auckland,Give way,,,,,0,0,Urban,0,,,Fine,Null
1764668.2728,5911630.2551,873562,,520500,0,,0,1,,South,2023/2024,SOUTHERN MOTORWAY,PANAMA OBR,,Non-Injury Crash,Yes,2024,,North,,0,,Flat,,,,,,Dark,636200,0,0,0,3,,,0,,,,,,Auckland Region,Nil,1-way,Sealed,,0,0,,100,,On,1,0,,76,Auckland,Nil,,,,,0,0,Open,0,,,Fine,Null
1772090.1445,5898043.9456,873567,,523912,0,,0,1,,Null,2024/2025,PORCHESTER ROAD,WALTERS ROAD,,Non-Injury Crash,No,2025,,South,,0,,Flat,,,,,,Dark,767400,0,0,0,2,,,0,,,,,,Auckland Region,Nil,2-way,Sealed,,0,0,,50,,On,0,0,,76,Auckland,Give way,,,,,0,0,Urban,1,,,Light rain,Null
1757466.8846,5918741.4133,873571,,514302,0,,0,1,,South,2025/2026,SOUTHERN MOTORWAY,GRAFTON OBR,,Non-Injury Crash,Yes,2025,,South,,0,,Flat,,,,,,Overcast,442500,0,0,0,5,,,0,,,,,,Auckland Region,Bridge,1-way,Sealed,,0,0,,80,,Off,0,0,70,76,Auckland,Nil,,,,,1,0,Open,0,,,Fine,Null
1747150.5622,5922032.78,873575,,512201,0,0,0,2,0,Null,2024/2025,TE ATATU ROAD,BRENNAN AVENUE,,Non-Injury Crash,No,2025,0,North,0,0,0,Flat,0,,0,,0,Bright sun,247600,0,0,0,2,0,0,0,0,1,,0,0,Auckland Region,Nil,2-way,Sealed,0,0,0,0,50,0,None,0,0,,76,Auckland,Nil,0,0,0,0,0,0,Urban,0,0,0,Fine,Null
1770697.7467,5905781.578,873576,,523712,0,0,0,2,0,South,2023/2024,DRUMBUOY DRIVE,CREGGAN CRESCENT,,Non-Injury Crash,No,2023,0,South,0,0,0,Flat,0,,0,,0,Dark,713300,0,0,0,2,0,0,0,0,1,,0,0,Auckland Region,Nil,2-way,Sealed,0,0,0,0,50,0,On,0,0,,76,Auckland,Nil,0,0,0,0,0,0,Urban,0,0,0,Fine,Null
1770825.5679,5903024.628,873584,,523814,0,0,0,2,0,West,2023/2024,CHARLES PREVOST DRIVE,ELIAS COURT,,Non-Injury Crash,No,2024,0,West,0,0,0,Flat,0,,0,,0,Overcast,760807,0,0,0,2,0,0,0,0,1,,0,0,Auckland Region,Nil,2-way,Sealed,0,0,0,0,50,0,Off,0,0,,76,Auckland,Nil,0,0,0,0,0,0,Urban,0,0,0,Fine,Null
1756405.4404,5921190.4641,873594,,514101,0,,0,2,,North,2024/2025,BEAUMONT STREET,PAKENHAM STREET WEST,,Non-Injury Crash,No,2024,,South,,0,,Flat,,,,,,Dark,432400,0,0,0,2,,,0,,,,,,Auckland Region,Nil,2-way,Sealed,,0,0,,50,,On,0,0,,76,Auckland,Nil,,,,,0,0,Urban,0,,,Light rain,None
1769287.5574,5881058.8107,873596,,525910,0,,0,2,,South,2022/2023,MASSEY AVENUE,MANUKAU ROAD,,Non-Injury Crash,No,2023,,North,,0,,Flat,,,,,,Bright sun,819000,0,0,0,2,,,0,,,,,,Auckland Region,Nil,2-way,Sealed,,0,0,,50,,Off,0,0,,76,Auckland,Nil,,,,,0,0,Urban,0,,,Fine,Null
1774190.5548,5895651.9393,873600,,525510,0,0,0,2,0,Null,2023/2024,HUNUA ROAD,CALVERT STREET,,Minor Crash,No,2024,0,North,0,0,0,Flat,0,,0,,0,Overcast,801500,1,0,0,2,0,0,0,0,0,,0,1,Auckland Region,Nil,2-way,Sealed,0,0,0,0,50,0,Off,0,0,,76,Auckland,Give way,0,0,0,0,0,0,Urban,0,0,0,Fine,Null
1752815.8352,5918790.9295,873603,35,515002,0,0,0,2,0,West,2025/2026,PREMIER AVENUE,KETTLE STREET,,Minor Crash,No,2025,0,West,0,0,0,Flat,0,Labour Weekend,0,,0,Bright sun,397000,1,0,1,2,0,0,0,0,2,,0,0,Auckland Region,Nil,2-way,Sealed,0,0,0,0,50,0,Off,0,0,,76,Auckland,Nil,0,0,0,0,0,0,Urban,0,0,0,Fine,Null
1756565.7791,5921367.1647,873606,,514101,0,,0,1,,Null,2024/2025,JELLICOE STREET,BRIGHAM STREET,,Minor Crash,No,2025,,East,,0,,Flat,,,,,,Bright sun,432400,1,0,0,2,,,0,,,1,,,Auckland Region,Nil,2-way,Sealed,,0,0,,30,,Off,0,1,,76,Auckland,Give way,,,,,0,0,Urban,0,,,Fine,Null
1753536.9988,5915419.4199,873607,,517903,0,,0,1,,Null,2023/2024,OWAIRAKA AVENUE,VINTER TERRACE,,Minor Crash,No,2023,,West,,0,,Flat,,,,,,Bright sun,517900,1,0,0,2,,,0,,,1,,,Auckland Region,Nil,2-way,Sealed,,0,0,,50,,Off,0,0,,76,Auckland,Nil,,,,,0,0,Urban,0,,,Fine,Null
1765130.8679,5909777.1033,873612,,521802,0,,0,2,,South,2023/2024,SOUTHERN MOTORWAY,TRENWITH OBR,,Non-Injury Crash,Yes,2023,,North,,0,,Flat,,,,,,Bright sun,788203,0,0,0,4,,,0,,,,,,Auckland Region,Nil,1-way,Sealed,,0,0,,100,,Off,0,0,,76,Auckland,Nil,,,,,0,0,Open,0,,,Fine,Strong wind
1752009.0985,5914223.3838,873613,,514402,0,0,0,1,0,East,2024/2025,TIVERTON ROAD,PINEWOOD STREET,,Serious Crash,No,2025,0,East,0,0,0,Hill Road,2,,0,,0,Dark,380900,0,0,0,2,0,0,0,0,0,,0,0,Auckland Region,Nil,2-way,Sealed,0,0,1,0,50,0,On,0,0,,76,Auckland,Nil,0,0,0,0,0,0,Urban,0,0,0,Light rain,Null
1748797.4334,5942520.9699,873620,,505806,0,0,0,1,0,East,2022/2023,WILKS ROAD,WILKS OBR,,Non-Injury Crash,No,2023,0,West,1,0,1,Hill Road,0,,0,,0,Dark,176802,0,0,0,2,0,0,0,0,0,,0,0,Auckland Region,Nil,2-way,Sealed,0,0,0,0,80,0,On,0,0,,76,Auckland,Nil,0,0,0,0,0,0,Open,0,0,0,Fine,Null
1770281.74,5898126.9545,873633,,523920,0,,0,0,,South,2024/2025,SOUTHERN MOTORWAY,WALTER STREVENS OBR,,Minor Crash,Yes,2025,,North,,0,,Flat,,,,,,Bright sun,767919,1,0,0,3,,,0,,,,,,Auckland Region,Nil,1-way,Sealed,,0,0,,100,,Off,1,0,,76,Auckland,Nil,,,,,0,0,Open,1,,,Fine,Null
1770064.3256,5910454.2677,873635,,523113,0,,0,1,,North,2023/2024,TE IRIRANGI DRIVE,LENEFORD DRIVE,,Minor Crash,No,2023,,North,,0,,Flat,,,,,,Bright sun,711742,1,0,0,2,,,0,,,,,,Auckland Region,Nil,1-way,Sealed,,0,0,,50,,None,1,0,,76,Auckland,Nil,,,,,0,0,Urban,0,,,Fine,Null
1752555.0904,5915069.3918,873636,,517902,0,0,0,2,0,Null,2023/2024,HENDON AVENUE,OLYMPUS STREET,,Minor Crash,No,2024,0,North,0,0,0,Flat,0,,0,,0,Bright sun,518600,1,0,0,2,0,0,0,0,1,,0,0,Auckland Region,Nil,2-way,Sealed,0,0,0,0,50,0,Off,0,0,,76,Auckland,Nil,0,0,0,0,0,0,Urban,0,0,0,Fine,Null
1767227.9497,5905252.6273,873637,,524603,0,,0,1,,South,2023/2024,GREAT SOUTH ROAD,MEADOWCOURT DRIVE,,Non-Injury Crash,No,2024,,South,,0,,Flat,,,,,,Bright sun,780304,0,0,0,4,,,0,,,,,,Auckland Region,Nil,2-way,Sealed,,0,0,,50,,Off,0,0,,76,Auckland,Nil,,,,,0,0,Urban,1,,,Fine,None
1756671.0428,5917003.6664,873638,,518201,0,0,0,1,0,South,2025/2026,TARATA STREET,VALLEY ROAD,,Non-Injury Crash,No,2025,0,South,0,0,0,Null,0,,0,,0,Unknown,547700,0,0,0,2,0,0,0,0,1,,0,0,Auckland Region,Nil,2-way,Sealed,0,0,0,0,30,0,Null,0,0,,76,Auckland,Nil,0,0,0,0,0,0,Urban,0,0,0,Fine,Null
1755022.7504,5930294.4663,873646,,508520,0,,0,0,,North,2023/2024,NORTHERN MOTORWAY,SUNNYNOOK OBR,,Minor Crash,Yes,2024,,South,,0,,Hill Road,,,,,,Dark,192700,1,0,0,2,,,0,,,,,,Auckland Region,Nil,1-way,Sealed,,0,0,,100,,On,0,0,,76,Auckland,Nil,,,,,0,0,Open,2,,,Light rain,Null
1768933.4368,5911568.731,873652,,523107,0,,0,0,,Null,2024/2025,TI RAKAU DRIVE,TORRENS ROAD,,Non-Injury Crash,No,2024,,East,,0,,Flat,,,,,,Dark,711402,0,0,0,3,,,0,,,,,,Auckland Region,Nil,1-way,Sealed,,0,0,,50,,On,1,0,,76,Auckland,Give way,,,,,0,0,Urban,0,,,Fine,Null
1758353.9109,5926548.7258,873653,,508020,0,,0,2,,West,2025/2026,ESMONDE ROAD,LAKE ROAD,,Non-Injury Crash,No,2025,,East,,0,,Null,,,,,,Bright sun,325402,0,0,0,4,,,0,,,,,,Auckland Region,Nil,2-way,Sealed,,0,0,,50,,Null,0,0,,76,Auckland,Nil,,,,,0,0,Urban,0,,,Fine,Null
1769423.247,5900939.387,873669,,524902,0,,0,1,,East,2025/2026,HYDE STREET,FLEMING STREET,,Non-Injury Crash,No,2025,,East,,0,,Flat,,,,,,Twilight,757700,0,0,0,2,,,0,,,,,,Auckland Region,Nil,2-way,Sealed,,0,0,,30,,On,0,0,,76,Auckland,Nil,,,,,0,0,Urban,1,,,Fine,Null