X,Y,OBJECTID,advisorySpeed,areaUnitID,bicycle,bridge,bus,carStationWagon,cliffBank,crashDirectionDescription,crashFinancialYear,crashLocation1,crashLocation2,crashRoadSideRoad,crashSeverity,crashSHDescription,crashYear,debris,directionRoleDescription,ditch,fatalCount,fence,flatHill,guardRail,holiday,houseOrBuilding,intersection,kerb,light,meshblockId,minorInjuryCount,moped,motorcycle,NumberOfLanes,objectThrownOrDropped,otherObject,otherVehicleType,overBank,parkedVehicle,pedestrian,phoneBoxEtc,postOrPole,region,roadCharacter,roadLane,roadSurface,roadworks,schoolBus,seriousInjuryCount,slipOrFlood,speedLimit,strayAnimal,streetLight,suv,taxi,temporarySpeedLimit,tlaId,tlaName,trafficControl,trafficIsland,trafficSign,train,tree,truck,unknownVehicleType,urban,vanOrUtility,vehicle,waterRiver,weatherA,weatherB
1758015.1329,5920595.7299,873673,,514103,0,,0,2,,South,2025/2026,ANZAC AVENUE,SHORT STREET,,Non-Injury Crash,No,2025,,North,,0,,Hill Road,,,,,,Overcast,438406,0,0,0,4,,,0,,,,,,Auckland Region,Nil,2-way,Sealed,,0,0,,30,,On,0,0,,76,Auckland,Nil,,,,,0,0,Urban,0,,,Fine,Null
1749416.0985,5944924.8597,873680,,506003,0,0,0,1,1,Null,2024/2025,EAST COAST ROAD,NEWMAN ROAD,,Minor Crash,No,2024,0,South,0,0,0,Flat,0,,0,,0,Bright sun,175702,1,0,0,2,0,0,0,0,0,,0,0,Auckland Region,Nil,2-way,Sealed,0,0,0,0,80,0,Off,0,0,,76,Auckland,Stop,0,0,0,0,0,0,Open,0,0,0,Fine,Null
1747698.5531,5913272.6746,873682,,511100,0,0,0,1,0,Null,2023/2024,PLEASANT ROAD,EVANS ROAD,,Serious Crash,No,2024,0,South,0,0,0,Flat,0,,0,,0,Overcast,286600,0,0,1,2,0,0,0,0,1,,0,0,Auckland Region,Nil,2-way,Sealed,0,0,1,0,50,0,Off,0,0,,76,Auckland,Stop,0,0,0,0,0,0,Urban,1,0,0,Fine,Null
1769472.1949,5902068.2064,873684,,524901,0,,0,1,,South,2024/2025,SOUTHERN MOTORWAY,HILL ROAD ON RAMP,,Minor Crash,Yes,2024,,North,,0,,Hill Road,,,,,,Bright sun,755600,1,0,1,3,,,0,,,,,,Auckland Region,Nil,1-way,Sealed,,0,0,,100,,Off,0,0,,76,Auckland,Nil,,,,,0,0,Open,0,,,Fine,Null
1746661.6583,5918000.4148,873685,,512500,0,,0,1,,Null,2025/2026,TE ATATU ROAD,TREASURE LANE,,Non-Injury Crash,No,2025,,South,,0,,Flat,,,,,,Bright sun,258400,0,0,0,2,,,0,,,,,,Auckland Region,Nil,2-way,Sealed,,0,0,,50,,Null,0,0,,76,Auckland,Nil,,,,,0,0,Urban,2,,,Fine,Null
1771216.2966,5915972.698,873686,,522712,0,,0,1,,Null,2022/2023,BLEAKHOUSE ROAD,MACLEANS ROAD,,Non-Injury Crash,No,2023,,North,,0,,Hill Road,,,,,,Bright sun,680601,0,0,0,3,,,0,,,,,,Auckland Region,Nil,2-way,Sealed,,0,0,,50,,Off,0,0,,76,Auckland,Give way,,,,,0,0,Urban,1,,,Fine,Null
1750462.4128,5929143.6844,873691,,509100,0,,0,3,,South,2023/2024,UPPER HARBOUR MOTORWAY,GREENHITHE OBR,,Non-Injury Crash,Yes,2023,,South,,0,,Hill Road,,,,,,Bright sun,181303,0,0,0,2,,,0,,,,,,Auckland Region,Nil,1-way,Sealed,,0,0,,100,,Off,1,0,,76,Auckland,Nil,,,,,0,0,Open,0,,,Fine,Null
1766350.4789,5917065.182,873694,,517001,0,,0,1,,South,2024/2025,ELSTREE AVENUE,CHILTERN CRESCENT,,Minor Crash,No,2025,,South,,0,,Flat,,,,,,Bright sun,474600,1,0,0,2,,,0,,,1,,,Auckland Region,Nil,2-way,Sealed,,0,0,,50,,Off,0,1,,76,Auckland,Nil,,,,,0,0,Urban,0,,,Fine,Null
1766004.9056,5916552.4697,873697,,517100,1,,0,0,,Null,2025/2026,WADDELL AVENUE,POINT ENGLAND ROAD,,Minor Crash,No,2025,,North,,0,,Flat,,,,,,Bright sun,478100,1,0,0,2,,,0,,,,,,Auckland Region,Nil,2-way,Sealed,,0,0,,50,,Off,1,0,,76,Auckland,Give way,,,,,0,0,Urban,0,,,Fine,Null
1758641.0206,5917432.9307,873699,,516001,0,,0,0,,South,2023/2024,MAURANUI AVENUE,ST MARKS ROAD,,Non-Injury Crash,No,2023,,South,,0,,Flat,,,,,,Bright sun,490900,0,0,0,2,,,0,,,,,,Auckland Region,Nil,2-way,Sealed,,0,0,,50,,Off,0,0,,76,Auckland,Nil,,,,,0,0,Urban,2,,,Fine,Null
1759567.0809,5912931.3176,873701,,520000,0,0,0,1,0,Null,2025/2026,VICTORIA STREET,JORDAN AVENUE,,Non-Injury Crash,No,2025,0,North,0,0,0,Flat,0,,0,,0,Dark,605700,0,0,0,2,0,0,0,0,0,,0,0,Auckland Region,Nil,2-way,Sealed,0,0,0,0,50,0,On,0,0,,76,Auckland,Give way,0,0,0,1,0,0,Urban,0,0,0,Light rain,Null
1767297.187,5907173.9813,873705,,523602,0,0,0,1,0,Null,2025/2026,COBHAM CRESCENT,TINDALL CRESCENT,,Non-Injury Crash,No,2025,0,South,0,0,1,Flat,0,,0,,0,Twilight,709600,0,0,0,2,0,0,0,0,0,,0,0,Auckland Region,Nil,2-way,Sealed,0,0,0,0,30,0,Off,0,0,,76,Auckland,Nil,0,0,0,1,0,0,Urban,0,0,0,Fine,Strong wind
1771293.8017,5901436.056,873707,,523813,0,0,0,0,0,South,2022/2023,ALFRISTON ROAD,RANFURLY ROAD,,Non-Injury Crash,No,2023,0,East,0,0,0,Flat,0,Queens Birthday,0,,0,Overcast,759800,0,0,0,2,0,0,0,0,0,,0,0,Auckland Region,Nil,2-way,Sealed,0,0,0,0,80,1,None,0,0,,76,Auckland,Nil,0,0,0,0,0,0,Open,0,0,0,Fine,Null
1757469.3825,5912562.212,873708,,519810,0,,0,2,,North,2023/2024,QUEENSTOWN ROAD,BEL AIR DRIVE,,Non-Injury Crash,No,2023,,North,,0,,Hill Road,,,,,,Bright sun,596700,0,0,0,3,,,0,,,,,,Auckland Region,Nil,2-way,Sealed,,0,0,,50,,Off,0,0,,76,Auckland,Nil,,,,,1,0,Urban,0,,,Fine,Null
1757466.0103,5920918.8907,873710,,514101,0,0,1,1,0,West,2022/2023,CUSTOMS STREET WEST,QUEEN STREET,,Non-Injury Crash,No,2023,0,East,0,0,0,Flat,0,,0,,0,Unknown,432900,0,0,0,4,0,0,0,0,0,,0,0,Auckland Region,Nil,2-way,Sealed,0,0,0,0,30,0,Null,0,0,,76,Auckland,Nil,0,0,0,0,0,0,Urban,0,1,0,Null,None
1756879.0999,5925111.1189,873713,,509702,0,,0,1,,North,2024/2025,NORTHERN MOTORWAY,EXMOUTH FTBR,,Minor Crash,Yes,2025,,South,,0,,Flat,,,,,,Bright sun,366602,1,0,0,3,,,0,,,,,,Auckland Region,Nil,1-way,Sealed,,0,0,,100,,Off,0,0,,76,Auckland,Nil,,,,,1,0,Open,0,,,Fine,Null
1756402.9622,5927198.019,873717,,507900,0,,0,3,,North,2024/2025,NORTHERN MOTORWAY,AKORANGA FTBR,,Non-Injury Crash,Yes,2024,,South,,0,,Flat,,,,,,Overcast,305202,0,0,0,3,,,0,,,,,,Auckland Region,Underpass,1-way,Sealed,,0,0,,100,,Off,0,0,,76,Auckland,Nil,,,,,0,0,Open,1,,,Fine,Null
1779288.3826,5914384.3885,873720,75,523300,0,0,0,1,0,North,2025/2026,WHITFORD MARAETAI ROAD,OKARORO DRIVE,,Minor Crash,No,2026,0,South,1,0,0,Flat,0,,0,,0,Overcast,718900,1,0,0,2,0,0,0,0,0,,0,0,Auckland Region,Nil,2-way,Sealed,0,0,0,0,80,0,None,0,0,,76,Auckland,Nil,0,0,0,0,0,0,Open,0,0,0,Light rain,Null
1768430.7979,5901181.7411,873721,,525001,0,,0,1,,Null,2024/2025,MAICH ROAD,NORTHCREST WAY,,Non-Injury Crash,No,2024,,South,,0,,Flat,,,,,,Dark,751500,0,0,0,2,,,0,,,,,,Auckland Region,Nil,2-way,Sealed,,0,0,,50,,On,1,0,,76,Auckland,Give way,,,,,0,0,Urban,0,,,Light rain,Strong wind
1771216.9272,5911918.199,873722,,523110,0,,0,3,,North,2023/2024,CHAPEL ROAD,KILIMANJARO DRIVE,,Serious Crash,No,2024,,North,,0,,Flat,,,,,,Overcast,3205003,2,0,0,2,,,0,,,,,,Auckland Region,Speed hump,2-way,Sealed,,0,1,,50,,Off,0,0,,76,Auckland,Nil,,,,,0,0,Urban,0,,,Fine,Null
1759970.1481,5913467.128,873724,,519900,0,0,0,1,0,Null,2025/2026,NAMATA ROAD,ORANGA AVENUE,,Non-Injury Crash,No,2025,0,North,0,0,1,Hill Road,0,Labour Weekend,0,,0,Dark,603700,0,0,0,2,0,0,0,0,0,,0,0,Auckland Region,Nil,2-way,Sealed,0,0,0,0,50,0,On,0,0,,76,Auckland,Give way,0,0,0,0,0,0,Urban,0,0,0,Fine,Null
1769794.9099,5899481.7403,873725,,523920,0,,0,2,,Null,2024/2025,GREAT SOUTH ROAD,MANUREWA-TAKANINI ON RAMP,,Non-Injury Crash,No,2024,,South,,0,,Flat,,Christmas New Year,,,,Bright sun,767921,0,0,0,3,,,0,,,,,,Auckland Region,Bridge,2-way,Sealed,,0,0,,50,,Off,0,0,,76,Auckland,Traffic Signals,,,,,0,0,Urban,0,,,Fine,Strong wind
1772656.9035,5896435.5159,873728,,525420,0,,0,1,,Null,2025/2026,ELLIOT STREET,GREAT SOUTH ROAD,,Non-Injury Crash,No,2026,,North,,0,,Flat,,,,,,Overcast,791600,0,0,0,2,,,0,,,,,,Auckland Region,Nil,2-way,Sealed,,0,0,,50,,Off,0,0,,76,Auckland,Give way,,,,,1,0,Urban,0,,,Fine,Null
1756519.7065,5916702.3142,873729,,518201,0,0,0,2,0,North,2024/2025,HENLEY ROAD,MILTON ROAD,,Non-Injury Crash,No,2024,0,North,0,0,1,Flat,0,,1,,0,Bright sun,549400,0,0,0,2,0,0,0,0,0,,0,0,Auckland Region,Nil,2-way,Sealed,0,0,0,0,50,0,Off,0,0,,76,Auckland,Nil,0,0,0,0,0,0,Urban,0,0,0,Fine,Null
1748433.4297,5885306.4525,873732,,521151,0,0,0,1,0,East,2025/2026,TE TORO ROAD,LEES GULLY ROAD,,Non-Injury Crash,No,2026,0,North,1,0,1,Flat,0,,0,,0,Dark,830500,0,0,0,2,0,0,0,0,0,,0,0,Auckland Region,Nil,2-way,Sealed,0,0,0,0,60,0,None,0,0,,76,Auckland,Nil,0,0,0,0,0,0,Urban,0,0,0,Fine,Null
1754065.1863,5975462.601,873737,,506659,0,0,0,1,0,East,2023/2024,MATAKANA ROAD,RIVERGLADE LANE,,Serious Crash,No,2024,0,East,0,0,0,Flat,0,,0,,0,Overcast,138107,0,0,0,2,0,0,0,0,0,,0,1,Auckland Region,Nil,2-way,Sealed,0,0,1,0,50,0,None,0,0,,76,Auckland,Nil,0,0,0,0,0,0,Urban,0,0,0,Fine,Null
1752349.7915,5888031.4027,873743,25,521122,0,,0,2,,Null,2024/2025,CLARKS BEACH ROAD,WHARF ROAD,,Minor Crash,No,2024,,West,,0,,Flat,,,,,,Dark,810612,1,0,0,2,,,0,,,,,,Auckland Region,Nil,2-way,Sealed,,0,0,,50,,On,0,0,,76,Auckland,Give way,,,,,0,0,Urban,0,,,Light rain,Null
1767488.8882,5904848.48,873747,,524604,0,,0,1,,South,2023/2024,GREAT SOUTH ROAD,CAVENDISH DRIVE,,Non-Injury Crash,No,2024,,North,,0,,Flat,,,,,,Overcast,780209,0,0,0,4,,,0,,,,,,Auckland Region,Nil,2-way,Sealed,,0,0,,50,,Off,1,0,,76,Auckland,Nil,,,,,0,0,Urban,0,,,Fine,Null
1756963.3086,5919168.7244,873751,,514200,0,0,0,1,0,East,2023/2024,SOUTHERN MOTORWAY,UPPER QUEEN OBR,,Non-Injury Crash,Yes,2024,0,West,0,0,0,Flat,1,,0,,0,Bright sun,412302,0,0,0,3,0,0,0,0,0,,0,0,Auckland Region,Nil,1-way,Sealed,0,0,0,0,80,0,Off,0,0,,76,Auckland,Nil,0,0,0,0,0,0,Open,0,0,0,Fine,Null
1755534.9982,5924668.8526,873753,,509800,0,,0,2,,Null,2023/2024,ONEWA ROAD,LAKE ROAD,,Non-Injury Crash,No,2023,,East,,0,,Flat,,,,,,Bright sun,360200,0,0,0,4,,,0,,,,,,Auckland Region,Nil,2-way,Sealed,,0,0,,50,,Null,0,0,,76,Auckland,Give way,,,,,0,0,Urban,0,,,Fine,Null
1763184.1045,5911863.9847,873754,,520500,0,,0,1,,Null,2023/2024,GREAT SOUTH ROAD,SYLVIA PARK ROAD,,Minor Crash,No,2023,,South,,0,,Hill Road,,,,,,Twilight,637300,2,0,0,5,,,0,,,,,,Auckland Region,Nil,2-way,Sealed,,0,0,,50,,On,1,0,,76,Auckland,Traffic Signals,,,,,0,0,Urban,0,,,Fine,Null
1772115.4826,5905867.622,873755,,523713,0,0,0,2,0,East,2023/2024,FLAT BUSH SCHOOL ROAD,MATIKI ROAD,,Serious Crash,No,2024,0,East,0,0,0,Flat,0,,0,,0,Dark,712701,0,0,0,2,0,0,0,0,1,,0,0,Auckland Region,Nil,2-way,Sealed,0,0,1,0,50,0,On,1,0,,76,Auckland,Nil,0,0,0,0,0,0,Urban,0,0,0,Fine,Null
1760989.7961,5880145.8494,873756,,521121,0,0,0,0,1,South,2024/2025,TITI ROAD,PILGRIM ROAD,,Non-Injury Crash,No,2024,0,North,0,0,0,Hill Road,0,,0,,0,Overcast,812400,0,0,0,2,0,0,0,0,0,,0,0,Auckland Region,Nil,2-way,Sealed,0,0,0,0,80,0,Off,0,0,,76,Auckland,Nil,0,0,0,0,1,0,Open,0,0,0,Heavy rain,Strong wind
1758942.5482,5913202.6178,873761,,519820,0,0,0,2,0,Null,2024/2025,MOUNT SMART ROAD,ONEHUNGA MALL,,Minor Crash,No,2025,0,West,0,0,0,Flat,0,,0,,0,Bright sun,599100,1,0,0,3,0,0,0,0,0,,0,0,Auckland Region,Nil,2-way,Sealed,0,0,0,0,50,0,Off,0,0,,76,Auckland,Traffic Signals,0,1,0,0,0,0,Urban,0,0,0,Fine,Null
1753509.3701,5875939.5765,873763,,526103,0,0,0,1,0,North,2023/2024,QUEEN STREET,VICTORIA AVENUE,,Non-Injury Crash,No,2023,0,South,0,0,0,Hill Road,0,Labour Weekend,0,,0,Dark,837400,0,0,0,2,0,0,0,0,0,,0,1,Auckland Region,Nil,2-way,Sealed,0,0,0,0,50,0,On,0,0,,76,Auckland,Nil,0,0,0,0,0,0,Urban,0,0,0,Fine,Null
1764366.5871,5909336.7299,873776,,521802,0,,0,1,,Null,2025/2026,FAIRBURN ROAD,GREAT SOUTH ROAD,,Non-Injury Crash,No,2025,,West,,0,,Flat,,,,,,Bright sun,789301,0,0,0,2,,,0,,,1,,,Auckland Region,Nil,2-way,Sealed,,0,0,,30,,Off,0,0,,76,Auckland,Stop,,,,,0,0,Urban,0,,,Fine,Null
1757056.3358,5919533.6936,873780,,514102,0,,0,2,,South,2023/2024,QUEEN STREET,SCOTIA PLACE,,Non-Injury Crash,No,2024,,North,,0,,Flat,,,,,,Bright sun,435802,0,0,0,4,,,0,,,,,,Auckland Region,Nil,2-way,Sealed,,0,0,,30,,Off,0,1,,76,Auckland,Nil,,,,,0,0,Urban,0,,,Fine,None
1761079.3856,5914986.7572,873783,,520201,0,,0,1,,North,2025/2026,SOUTHERN MOTORWAY,ELLERSLIE FTBR,,Non-Injury Crash,Yes,2025,,North,,0,,Flat,,,,,,Overcast,613500,0,0,0,3,,,0,,,,,,Auckland Region,Nil,1-way,Sealed,,0,0,,100,,Off,0,0,,76,Auckland,Nil,,,,,0,0,Open,1,,,Fine,Null
1747732.8889,5913483.7,873786,,511100,0,,0,2,,Null,2023/2024,WEST COAST ROAD,PLEASANT ROAD,,Non-Injury Crash,No,2023,,West,,0,,Hill Road,,,,,,Dark,286100,0,0,0,2,,,0,,,,,,Auckland Region,Nil,2-way,Sealed,,0,0,,50,,On,0,0,,76,Auckland,Give way,,,,,0,0,Urban,0,,,Fine,Null
1765973.7011,5906400.4552,873788,,522202,0,,0,3,,Null,2023/2024,GREAT SOUTH ROAD,ST GEORGE STREET,,Non-Injury Crash,No,2023,,North,,0,,Flat,,,,,,Bright sun,665101,0,0,0,5,,,0,,,,,,Auckland Region,Nil,2-way,Sealed,,0,0,,50,,Off,0,0,,76,Auckland,Traffic Signals,,,,,0,0,Urban,0,,,Fine,Null
1768280.4499,5908295.7417,873790,,523711,0,,0,2,,Null,2023/2024,EAST TAMAKI ROAD,BIRMINGHAM ROAD,,Non-Injury Crash,No,2023,,South,,0,,Flat,,,,,,Bright sun,712303,0,0,0,4,,,0,,,,,,Auckland Region,Nil,2-way,Sealed,,0,0,,60,,Off,0,0,,76,Auckland,Traffic Signals,,,,,0,0,Urban,0,,,Fine,Null
1766894.9981,5890034.9624,873793,,521122,0,,0,1,,South,2023/2024,LEWIS ROAD,JOHN HINDMARSH ROAD,,Minor Crash,No,2023,,North,,0,,Flat,,,,,,Twilight,810000,1,0,0,2,,,0,,,,,,Auckland Region,Nil,2-way,Sealed,,0,0,,80,,None,0,0,,76,Auckland,Nil,,,,,0,0,Open,0,,,Mist or Fog,Frost
1759476.7341,5906150.9491,873801,,524200,0,,0,2,,North,2024/2025,WESTNEY ROAD,KOHINOOR AVENUE,,Non-Injury Crash,No,2024,,South,,0,,Flat,,,,,,Bright sun,727901,0,0,0,2,,,0,,,,,,Auckland Region,Nil,2-way,Sealed,,0,0,,50,,Off,0,0,,76,Auckland,Nil,,,,,0,0,Urban,0,,,Fine,None
1750477.8103,5915391.449,873807,,514802,0,,0,1,,North,2023/2024,ASH STREET,WAIRAU AVENUE,,Minor Crash,No,2024,,South,,0,,Flat,,,,,,Bright sun,387009,1,0,1,4,,,0,,,,,,Auckland Region,Nil,2-way,Sealed,,0,0,,50,,None,0,0,,76,Auckland,Nil,,,,,0,0,Urban,0,,,Fine,Null
1742963.7101,5921381.9053,873811,,513631,0,,0,1,,East,2023/2024,DON BUCK ROAD,GALLONY AVENUE,,Minor Crash,No,2023,,West,,0,,Flat,,,,,,Bright sun,227206,1,1,0,2,,,0,,,,,,Auckland Region,Nil,2-way,Sealed,,0,0,,50,,Off,0,0,,76,Auckland,Nil,,,,,0,0,Urban,0,,,Fine,Null
1760100.6144,5915929.1787,873812,,516002,0,,0,1,,Null,2022/2023,GREEN LANE EAST,GREEN LANE EAST ON RAMP,,Non-Injury Crash,No,2023,,East,,0,,Flat,,,,,,Bright sun,492100,0,0,0,2,,,0,,,,,,Auckland Region,Overpass,1-way,Sealed,,0,0,,50,,Off,0,0,,76,Auckland,Give way,,,,,1,0,Urban,0,,,Fine,Null
1755077.7576,5925948.9658,873813,,509701,0,0,0,2,0,South,2024/2025,OCEAN VIEW ROAD,ALTON AVENUE,,Minor Crash,No,2025,0,North,0,0,0,Hill Road,0,,0,,0,Dark,362201,3,0,0,2,0,0,0,0,1,,0,0,Auckland Region,Nil,2-way,Sealed,0,0,0,0,50,0,On,0,0,,76,Auckland,Nil,0,0,0,0,0,0,Urban,0,0,0,Light rain,Null
1736862.4593,5981637.627,873814,,505300,0,,0,1,,North,2025/2026,RODNEY STREET,DAVIES ROAD,,Serious Crash,Yes,2025,,North,,0,,Hill Road,,,,,,Bright sun,143400,1,0,0,2,,,0,,,,,,Auckland Region,Nil,2-way,Sealed,,0,3,,50,,Off,1,0,,76,Auckland,Nil,,,,,0,0,Urban,0,,,Fine,Null
1755183.699,5921724.3231,873816,,515202,0,,0,4,,North,2023/2024,CURRAN STREET ON RAMP,CURRAN STREET,,Minor Crash,No,2023,,North,,0,,Flat,,,,,,Bright sun,423600,1,0,0,2,,,0,,,,,,Auckland Region,Motorway ramp,1-way,Sealed,,0,0,,80,,Off,0,1,,76,Auckland,Nil,,,,,0,0,Open,0,,,Fine,Null
1747737.1562,5914181.1721,873825,,511100,0,,0,1,,North,2024/2025,BRANDON ROAD,GLUCINA PLACE,,Non-Injury Crash,No,2024,,South,,0,,Flat,,,,,,Bright sun,285703,0,0,0,2,,,0,,,,,,Auckland Region,Nil,2-way,Sealed,,0,0,,50,,Null,0,0,,76,Auckland,Nil,,,,,1,0,Urban,0,,,Fine,Null
1752684.4918,5935507.527,873827,,508703,0,,0,1,,Null,2022/2023,OTEHA VALLEY ROAD OFF RAMP,NORTHERN MOTORWAY,,Non-Injury Crash,No,2023,,South,,0,,Hill Road,,,,,,Overcast,178507,0,0,0,4,,,0,,,,,,Auckland Region,Motorway ramp,1-way,Sealed,,0,0,,100,,Off,0,0,,76,Auckland,Nil,,,,,1,0,Open,0,,,Fine,Null
1764763.5869,5916031.9793,873828,,520301,0,,0,2,,Null,2022/2023,COLLEGE ROAD,MORRIN ROAD,,Non-Injury Crash,No,2023,,East,,0,,Flat,,,,,,Bright sun,465302,0,0,0,2,,,0,,,,,,Auckland Region,Nil,2-way,Sealed,,0,0,,50,,Off,0,0,,76,Auckland,Give way,,,,,0,0,Urban,0,,,Fine,Null
1771788.9674,5906937.2335,873835,,523713,0,,0,2,,Null,2023/2024,ORMISTON ROAD,VALDERAMA DRIVE,,Minor Crash,No,2023,,East,,0,,Hill Road,,,,,,Dark,712500,2,0,0,4,,,0,,,,,,Auckland Region,Nil,2-way,Sealed,,0,0,,60,,On,0,0,,76,Auckland,Give way,,,,,0,0,Urban,0,,,Fine,Null
1774960.026,5897008.5609,873836,,525610,0,0,0,1,0,North,2022/2023,DOMINION ROAD,ELSIE MORTON PLACE,,Non-Injury Crash,No,2023,0,South,0,0,1,Flat,0,,0,,0,Dark,799500,0,0,0,2,0,1,0,0,0,,0,0,Auckland Region,Nil,2-way,Sealed,0,0,0,0,50,0,On,0,0,,76,Auckland,Nil,0,1,0,0,0,0,Urban,0,0,0,Fine,Null
1756503.1068,5926984.8209,873837,,507900,0,,0,1,,North,2024/2025,NORTHERN MOTORWAY,NORTHCOTE ROAD ON RAMP,,Minor Crash,Yes,2024,,South,,0,,Flat,,,,,,Bright sun,303502,2,0,0,3,,,0,,,,,,Auckland Region,Nil,1-way,Sealed,,0,0,,100,,Off,1,0,,76,Auckland,Nil,,,,,1,0,Open,0,,,Fine,Null
1763728.343,5912629.2168,873838,,520500,0,0,0,1,0,West,2024/2025,SOUTHERN MOTORWAY,MT WGTN OBR,,Non-Injury Crash,Yes,2024,0,West,0,0,0,Flat,0,,0,,0,Bright sun,637300,0,0,0,2,1,0,0,0,0,,0,0,Auckland Region,Nil,1-way,Sealed,0,0,0,0,100,0,Null,0,0,,76,Auckland,Nil,0,0,0,0,0,0,Open,0,0,0,Fine,Null
1771126.8299,5895566.4521,873839,,521201,0,,0,1,,North,2023/2024,HARBOURSIDE DRIVE,HINGAIA ROAD,,Non-Injury Crash,No,2023,,North,,0,,Flat,,,,,,Bright sun,806604,0,0,1,2,,,0,,,,,,Auckland Region,Nil,2-way,Sealed,,0,0,,50,,Off,0,0,,76,Auckland,Nil,,,,,0,0,Urban,0,,,Fine,Null
1770208.2228,5909328.3442,873840,,523114,0,,0,2,,Null,2022/2023,CHAPEL ROAD,RIALTO COURT,,Non-Injury Crash,No,2023,,South,,0,,Flat,,,,,,Bright sun,711807,0,0,0,2,,,0,,,,,,Auckland Region,Nil,2-way,Sealed,,0,0,,60,,Off,0,0,,76,Auckland,Give way,,,,,0,0,Urban,0,,,Fine,Null
1765734.9616,5906733.1929,873849,,522301,0,,0,2,,Null,2024/2025,GREAT SOUTH ROAD,SUTTON CRESCENT,,Non-Injury Crash,No,2024,,North,,0,,Flat,,,,,,Dark,667500,0,0,0,4,,,0,,,,,,Auckland Region,Nil,2-way,Sealed,,0,0,,50,,On,0,0,,76,Auckland,Traffic Signals,,,,,0,0,Urban,0,,,Light rain,Null
1771457.6303,5901388.3845,873851,,523813,0,,0,2,,West,2023/2024,ALFRISTON ROAD,WASTNEY ROAD,,Non-Injury Crash,No,2023,,West,,0,,Flat,,,,,,Twilight,759800,0,0,0,2,,,0,,,,,,Auckland Region,Bridge,2-way,Sealed,,0,0,,80,,None,0,0,,76,Auckland,Nil,,,,,0,0,Open,0,,,Fine,Null
1742060.0378,5976292.4904,873854,,506661,0,0,0,1,0,North,2025/2026,SH 1,FALLS BR,,Serious Crash,Yes,2025,0,North,0,0,0,Hill Road,1,,0,,0,Bright sun,139000,0,0,0,1,0,0,0,0,0,,0,0,Auckland Region,Nil,1-way,Sealed,0,0,1,0,80,0,Off,0,0,,76,Auckland,Nil,0,0,0,0,0,0,Open,0,0,0,Fine,Null
1760626.7371,5907323.6041,873861,,524112,0,,0,2,,North,2024/2025,SOUTH-WESTERN MOTORWAY,BADER OBR,,Non-Injury Crash,Yes,2024,,North,,0,,Flat,,,,,,Bright sun,737500,0,0,0,2,,,0,,,,,,Auckland Region,Motorway ramp,1-way,Sealed,,0,0,,100,,Off,0,0,,76,Auckland,Nil,,,,,1,0,Open,0,,,Fine,Null
1756075.6824,5918698.8905,873870,,515500,0,,0,1,,North,2024/2025,NORTH-WESTERN MOTORWAY,NEWTON ROAD OFF RAMP,,Non-Injury Crash,Yes,2025,,North,,0,,Flat,,,,,,Dark,417600,0,0,0,4,,,0,,,,,,Auckland Region,Nil,1-way,Sealed,,0,0,,80,,On,0,0,,76,Auckland,Nil,,,,,0,1,Open,0,,,Fine,Null
1763302.4326,5905376.454,873875,,524303,0,0,0,2,0,West,2023/2024,CARINGBAH DRIVE,SABRE PLACE,,Non-Injury Crash,No,2024,0,East,0,0,0,Flat,0,,0,,0,Dark,746318,0,0,0,2,0,0,0,0,1,,0,0,Auckland Region,Nil,2-way,Sealed,0,0,0,0,50,0,On,0,0,40,76,Auckland,Nil,0,0,0,0,0,0,Urban,0,0,0,Fine,Null
1745105.9559,5923540.6491,873879,,513521,0,,0,0,,North,2023/2024,BROUGHAM PLACE,WEST HARBOUR DRIVE,,Minor Crash,No,2024,,South,,0,,Flat,,,,,,Dark,224215,1,0,0,2,,,1,,,,,,Auckland Region,Nil,2-way,Sealed,,0,0,,50,,On,0,0,,76,Auckland,Nil,,,,,0,0,Urban,0,,,Fine,Null
1764150.8236,5906954.1548,873881,,522201,0,0,0,1,0,South,2023/2024,SWAFFIELD ROAD,MIDDLEMORE CRESCENT,,Minor Crash,No,2024,0,South,0,0,1,Flat,0,,0,,0,Overcast,660800,1,0,0,2,0,0,0,0,0,,0,0,Auckland Region,Nil,2-way,Sealed,0,0,0,0,50,0,Off,1,0,,76,Auckland,Nil,0,0,0,0,0,0,Urban,0,0,0,Fine,Null
1764412.8834,5904568.2152,873886,,522100,0,,0,2,,South,2024/2025,WYLLIE ROAD,GIFFORD ROAD,,Non-Injury Crash,No,2024,,North,,0,,Flat,,,,,,Twilight,659100,0,0,0,2,,,0,,,,,,Auckland Region,Nil,2-way,Sealed,,0,0,,50,,On,0,0,,76,Auckland,Nil,,,,,0,0,Urban,0,,,Fine,Null
1741950.7974,5947437.5746,873893,,506614,0,0,0,1,0,North,2023/2024,WAITOKI ROAD,PEBBLE BROOK ROAD,,Non-Injury Crash,No,2023,0,North,1,0,0,Flat,0,,0,,0,Bright sun,177401,0,0,0,2,0,0,0,0,0,,0,0,Auckland Region,Nil,2-way,Sealed,0,0,0,0,80,0,None,0,0,,76,Auckland,Nil,0,0,0,0,0,0,Open,0,0,0,Fine,Null