X,Y,OBJECTID,advisorySpeed,areaUnitID,bicycle,bridge,bus,carStationWagon,cliffBank,crashDirectionDescription,crashFinancialYear,crashLocation1,crashLocation2,crashRoadSideRoad,crashSeverity,crashSHDescription,crashYear,debris,directionRoleDescription,ditch,fatalCount,fence,flatHill,guardRail,holiday,houseOrBuilding,intersection,kerb,light,meshblockId,minorInjuryCount,moped,motorcycle,NumberOfLanes,objectThrownOrDropped,otherObject,otherVehicleType,overBank,parkedVehicle,pedestrian,phoneBoxEtc,postOrPole,region,roadCharacter,roadLane,roadSurface,roadworks,schoolBus,seriousInjuryCount,slipOrFlood,speedLimit,strayAnimal,streetLight,suv,taxi,temporarySpeedLimit,tlaId,tlaName,trafficControl,trafficIsland,trafficSign,train,tree,truck,unknownVehicleType,urban,vanOrUtility,vehicle,waterRiver,weatherA,weatherB
1756814.9214,5919258.2074,873894,,514200,0,,0,2,,West,2024/2025,SOUTHERN MOTORWAY,NORTH-WESTERN TO SOUTHERN LINK,,Non-Injury Crash,Yes,2025,,East,,0,,Flat,,,,,,Bright sun,412100,0,0,0,3,,,0,,,,,,Auckland Region,Nil,1-way,Sealed,,0,0,,80,,Off,0,0,,76,Auckland,Nil,,,,,0,0,Open,0,,,Fine,Null
1757396.8,5920944.9487,873896,,514101,0,,0,1,,Null,2023/2024,CUSTOMS STREET WEST,ALBERT STREET,,Minor Crash,No,2023,,West,,0,,Flat,,,,,,Dark,432800,1,0,0,3,,,0,,,,,,Auckland Region,Nil,1-way,Sealed,,0,0,,30,,On,1,0,,76,Auckland,Traffic Signals,,,,,0,0,Urban,0,,,Fine,Null
1764868.4273,5903345.1639,873897,,524604,0,,0,2,,Null,2023/2024,ROSCOMMON ROAD,VOGLER DRIVE,,Non-Injury Crash,No,2023,,North,,0,,Flat,,,,,,Overcast,781302,0,0,0,3,,,0,,,,,,Auckland Region,Nil,1-way,Sealed,,0,0,,60,,On,0,0,,76,Auckland,Traffic Signals,,,,,0,0,Urban,0,,,Fine,None
1756716.0399,5913079.4619,873899,,518702,0,,0,1,,Null,2023/2024,HILLSBOROUGH ROAD,CARR ROAD,,Non-Injury Crash,No,2023,,North,,0,,Flat,,,,,,Bright sun,568000,0,0,0,4,,,0,,,,,,Auckland Region,Nil,2-way,Sealed,,0,0,,50,,Off,1,0,,76,Auckland,Traffic Signals,,,,,0,0,Urban,0,,,Fine,Null
1769885.078,5900226.2629,873901,,524902,0,,0,2,,North,2025/2026,SOUTHERN MOTORWAY,MANUREWA-TAKANINI ON RAMP,,Minor Crash,Yes,2025,,North,,0,,Flat,,,,,,Bright sun,759100,1,0,0,3,,,0,,,,,,Auckland Region,Motorway ramp,1-way,Sealed,,0,0,,100,,Off,1,0,,76,Auckland,Nil,,,,,0,0,Open,0,,,Fine,Null
1765162.7853,5910145.0389,873905,,521803,0,,0,1,,North,2022/2023,FRANK GREY PLACE,AVENUE ROAD EAST,,Non-Injury Crash,No,2023,,North,,0,,Flat,,,,,,Overcast,790500,0,0,0,2,,,0,,,,,,Auckland Region,Nil,2-way,Sealed,,0,0,,50,,Off,1,0,,76,Auckland,Nil,,,,,0,0,Urban,0,,,Fine,None
1743391.3507,5923731.3059,873906,,513511,0,,0,2,,Null,2025/2026,FRED TAYLOR DRIVE,DON BUCK ROAD,,Non-Injury Crash,No,2025,,South,,0,,Flat,,,,,,Overcast,224306,0,0,0,2,,,0,,,,,,Auckland Region,Nil,1-way,Sealed,,0,0,,50,,Off,1,0,,76,Auckland,Give way,,,,,0,0,Urban,0,,,Heavy rain,Null
1752073.3351,5917927.4721,873907,,515003,0,0,0,1,0,North,2023/2024,GREAT NORTH ROAD OFF RAMP,GREAT NORTH ROAD,,Non-Injury Crash,No,2023,0,South,0,0,0,Hill Road,0,,0,,0,Dark,391602,0,0,0,2,0,0,0,0,0,,0,0,Auckland Region,Motorway ramp,1-way,Sealed,0,0,0,0,100,0,On,0,0,,76,Auckland,Nil,1,1,0,0,0,0,Open,0,0,0,Fine,Null
1756762.7724,5929480.5464,873912,,507720,0,,0,2,,Null,2022/2023,EAST COAST ROAD,GORDON AVENUE,,Non-Injury Crash,No,2023,,South,,0,,Flat,,,,,,Dark,312000,0,0,0,2,,,0,,,,,,Auckland Region,Nil,2-way,Sealed,,0,0,,50,,On,0,0,,76,Auckland,Give way,,,,,0,0,Urban,0,,,Fine,Null
1752712.9109,5918106.3556,873915,,515002,0,,0,3,,East,2023/2024,NORTH-WESTERN MOTORWAY,CARRINGTON OBR,,Non-Injury Crash,Yes,2023,,East,,0,,Flat,,,,,,Dark,390501,0,0,0,5,,,0,,,,,,Auckland Region,Nil,1-way,Sealed,,0,0,,100,,On,0,1,,76,Auckland,Nil,,,,,0,0,Open,0,,,Fine,Null
1745203.5624,5917866.3952,873917,,510700,0,0,0,1,0,Null,2024/2025,BUSCOMB AVENUE,SEL PEACOCK DRIVE,,Minor Crash,No,2025,0,North,0,0,0,Flat,0,,0,,0,Overcast,239804,2,0,0,2,0,0,0,0,0,,0,0,Auckland Region,Nil,2-way,Sealed,0,0,0,0,50,0,None,0,0,,76,Auckland,Give way,0,1,0,0,0,0,Urban,1,0,0,Fine,Null
1756053.0303,5913149.0069,873918,,518701,0,0,0,1,0,North,2024/2025,SOUTH-WESTERN MOTORWAY,HAYR OBR,,Minor Crash,Yes,2025,0,East,0,0,0,Flat,1,,0,,0,Overcast,569800,1,0,0,2,0,0,0,0,0,,0,0,Auckland Region,Nil,1-way,Sealed,0,0,0,0,100,0,Off,0,0,,76,Auckland,Nil,0,0,0,0,0,0,Open,0,0,0,Fine,Null
1756591.8254,5919309.6309,873919,,514200,0,,0,0,,South,2023/2024,SOUTHERN MOTORWAY,NELSON STREET OFF RAMP,,Non-Injury Crash,Yes,2023,,North,,0,,Flat,,,,,,Bright sun,411900,0,0,0,2,,,0,,,,,,Auckland Region,Motorway ramp,1-way,Sealed,,0,0,,80,,Off,1,0,,76,Auckland,Nil,,,,,0,0,Open,1,,,Fine,Null
1759340.8664,5910802.7578,873927,,524002,0,0,0,1,0,North,2023/2024,SOUTH-WESTERN MOTORWAY,MAHUNGA DRIVE OFF RAMP,,Non-Injury Crash,Yes,2023,0,South,0,0,0,Flat,1,,0,,0,Overcast,722400,0,0,0,6,0,0,0,0,0,,0,0,Auckland Region,Bridge,2-way,Sealed,0,0,0,0,100,0,Off,0,0,,76,Auckland,Nil,0,0,0,0,0,0,Open,0,0,0,Fine,Strong wind
1762712.7285,5916025.9577,873933,,516302,0,0,0,1,0,South,2023/2024,KENNETH SMALL PLACE,ABBOTTS WAY,,Non-Injury Crash,No,2023,0,South,0,0,0,Flat,0,,0,,1,Overcast,463601,0,0,0,2,0,1,0,0,0,,0,0,Auckland Region,Nil,2-way,Sealed,0,0,0,0,50,0,Off,0,0,,76,Auckland,Nil,0,0,0,0,0,0,Urban,0,0,0,Light rain,Null
1747237.817,5920839.2735,873934,,512300,0,0,0,2,0,Null,2025/2026,TE ATATU ROAD,CELLARMANS STREET,,Non-Injury Crash,No,2025,0,South,0,0,0,Flat,0,,0,,0,Bright sun,251102,0,0,0,2,0,0,0,0,1,,0,0,Auckland Region,Nil,2-way,Sealed,0,0,0,0,50,0,Off,0,0,,76,Auckland,Give way,0,0,0,1,0,0,Urban,0,0,0,Fine,Null
1755953.8681,5935101.4621,873936,,507101,0,,0,1,,Null,2022/2023,MINA WAY,ANZAC ROAD,,Minor Crash,No,2023,,South,,0,,Flat,,,,,,Overcast,161200,1,0,0,2,,,0,,,1,,,Auckland Region,Nil,2-way,Sealed,,0,0,,50,,None,0,0,,76,Auckland,Nil,,,,,0,0,Urban,0,,,Fine,Null
1765818.1054,5900021.3726,873956,,524822,0,,0,2,,South,2022/2023,BARNEYS FARM ROAD,MAPLESDEN DRIVE,,Non-Injury Crash,No,2023,,South,,0,,Flat,,,,,,Overcast,774431,0,0,0,2,,,0,,,,,,Auckland Region,Nil,2-way,Sealed,,0,0,,50,,Off,0,0,,76,Auckland,Nil,,,,,0,0,Urban,0,,,Fine,Null
1753276.5795,5934308.1698,873959,,508704,0,,0,3,,East,2023/2024,KEREKIN DRIVE,MCCLYMONTS ROAD,,Minor Crash,No,2023,,West,,0,,Hill Road,,,,,,Bright sun,179120,1,0,0,2,,,0,,,,,,Auckland Region,Nil,2-way,Sealed,,0,0,,50,,Off,0,0,,76,Auckland,Nil,,,,,0,0,Urban,0,,,Fine,Null
1754628.0197,5914787.6244,873963,,518802,0,0,0,1,0,Null,2023/2024,MOUNT ALBERT ROAD,KIWITEA STREET,,Non-Injury Crash,No,2023,0,West,0,0,0,Flat,0,,0,,0,Overcast,577600,0,0,0,2,0,0,0,0,1,,0,0,Auckland Region,Nil,2-way,Sealed,0,0,0,0,50,0,Off,0,0,,76,Auckland,Give way,0,0,0,0,1,0,Urban,0,0,0,Fine,Null
1754362.3861,5917508.4842,873965,,517600,0,0,0,3,0,Null,2023/2024,ROCKY NOOK AVENUE,NEW NORTH ROAD,,Non-Injury Crash,No,2023,0,East,0,0,0,Flat,0,,0,,0,Overcast,534500,0,0,0,2,0,0,0,0,1,,0,0,Auckland Region,Nil,2-way,Sealed,0,0,0,0,50,0,None,0,0,,76,Auckland,Stop,0,0,0,0,0,0,Urban,1,0,0,Light rain,Null
1746539.8368,5926322.8103,873967,,513410,0,,0,2,,North,2023/2024,UPPER HARBOUR MOTORWAY,BRIGHAM CREEK ROAD ON RAMP,,Non-Injury Crash,Yes,2023,,North,,0,,Flat,,,,,,Overcast,221801,0,0,0,2,,,0,,,,,,Auckland Region,Nil,1-way,Sealed,,0,0,,100,,Off,0,0,,76,Auckland,Nil,,,,,0,0,Open,1,,,Heavy rain,Null
1756620.3043,5928546.005,873983,,507900,0,0,0,2,0,Null,2022/2023,NILE ROAD,QUEBEC ROAD,,Minor Crash,No,2023,0,South,0,0,0,Flat,0,,0,,0,Dark,306500,2,0,0,2,0,0,0,0,1,,0,0,Auckland Region,Nil,2-way,Sealed,0,0,0,0,50,0,On,0,0,,76,Auckland,Give way,0,0,0,0,0,0,Urban,0,0,0,Fine,Null
1772347.6249,5893532.4571,873984,,521201,0,0,0,1,0,North,2022/2023,SOUTHERN MOTORWAY,GREAT SOUTH ROAD ON RAMP,,Non-Injury Crash,Yes,2023,0,North,0,0,0,Flat,0,,0,,0,Bright sun,806800,0,0,0,2,0,1,0,0,0,,0,0,Auckland Region,Nil,1-way,Sealed,0,0,0,0,100,0,Off,0,0,80,76,Auckland,Nil,0,0,0,0,0,0,Open,0,0,0,Fine,Null
1769361.0746,5902278.7958,873985,,524901,0,,0,1,,North,2024/2025,SOUTHERN MOTORWAY,HILL ROAD ON RAMP,,Non-Injury Crash,Yes,2024,,North,,0,,Hill Road,,,,,,Bright sun,755600,0,0,0,3,,,0,,,,,,Auckland Region,Motorway ramp,1-way,Sealed,,0,0,,100,,Off,1,0,,76,Auckland,Nil,,,,,0,0,Open,0,,,Fine,Null
1756826.6577,5918832.8293,873989,,515600,0,,0,2,,Null,2025/2026,NEWTON ROAD,EXMOUTH STREET,,Non-Injury Crash,No,2025,,West,,0,,Hill Road,,,,,,Overcast,420500,0,0,0,4,,,0,,,,,,Auckland Region,Nil,2-way,Sealed,,0,0,,50,,Off,0,0,,76,Auckland,Give way,,,,,0,0,Urban,0,,,Light rain,Null
1746581.7317,5915519.2974,873992,,511800,0,,0,3,,North,2022/2023,GREAT NORTH ROAD,HILLARY HEIGHTS AVENUE,,Non-Injury Crash,No,2023,,South,,0,,Flat,,,,,,Bright sun,276400,0,0,0,4,,,0,,,,,,Auckland Region,Nil,2-way,Sealed,,0,0,,50,,Off,0,0,,76,Auckland,Nil,,,,,0,0,Urban,0,,,Fine,Null
1755458.2753,5918904.0746,873994,,515420,0,0,0,3,0,Null,2022/2023,CRUMMER ROAD,BEACONSFIELD STREET,,Serious Crash,No,2023,0,West,0,0,0,Flat,0,,0,,0,Overcast,409800,1,0,0,2,0,0,0,0,1,,0,0,Auckland Region,Nil,2-way,Sealed,0,0,1,0,50,0,Off,0,1,,76,Auckland,Stop,0,0,0,0,0,0,Urban,0,0,0,Heavy rain,Null
1765237.8087,5903703.3283,873999,,524604,0,,0,2,,East,2023/2024,SOUTH-WESTERN MOTORWAY,CAVENDISH DRIVE OFF RAMP,,Non-Injury Crash,Yes,2023,,West,,0,,Flat,,,,,,Bright sun,781302,0,0,0,2,,,0,,,,,,Auckland Region,Bridge,1-way,Sealed,,0,0,,100,,Off,0,0,,76,Auckland,Nil,,,,,0,0,Open,0,,,Fine,Null
1766211.4145,5916479.394,874002,,517100,0,,0,0,,Null,2022/2023,ERIMA AVENUE,PT ENGLAND ROAD,,Minor Crash,No,2023,,South,,0,,Flat,,,,,,Bright sun,478300,1,0,0,2,,,0,,,1,,,Auckland Region,Nil,2-way,Sealed,,0,0,,50,,Off,0,0,,76,Auckland,Give way,,,,,0,0,Urban,0,,,Fine,Null
1760460.805,5908917.9505,874003,,524403,0,,0,1,,Null,2023/2024,ROBERTSON ROAD,WALMSLEY ROAD,,Non-Injury Crash,No,2023,,North,,0,,Flat,,,,,,Overcast,729901,0,0,0,2,,,0,,,,,,Auckland Region,Nil,2-way,Sealed,,0,0,,50,,Off,0,0,,76,Auckland,Traffic Signals,,,,,1,0,Urban,0,,,Fine,Null
1770388.8787,5911975.5498,874004,,523105,0,,0,1,,North,2025/2026,BOTANY ROAD,HOWDEN LANE,,Serious Crash,No,2025,,North,,0,,Flat,,,,,,Bright sun,3203003,0,0,0,2,,,0,,,1,,,Auckland Region,Nil,1-way,Sealed,,0,1,,50,,None,2,0,20,76,Auckland,Nil,,,,,0,0,Urban,0,,,Fine,Null
1766035.4041,5900456.7761,874008,,524822,0,,0,1,,South,2024/2025,ROSCOMMON ROAD,BURUNDI AVENUE,,Non-Injury Crash,No,2025,,North,,0,,Null,,,,,,Unknown,774434,0,0,0,1,,,0,,,,,,Auckland Region,Nil,1-way,Sealed,,0,0,,50,,Null,0,0,,76,Auckland,Nil,,,,,0,1,Urban,0,,,Null,Null
1771166.2765,5915560.8222,874009,,521501,0,0,0,2,0,South,2023/2024,BLEAKHOUSE ROAD,GILLS ROAD,,Minor Crash,No,2024,0,North,0,0,0,Flat,0,,0,,0,Dark,650900,1,0,0,2,0,0,0,0,1,,0,0,Auckland Region,Nil,2-way,Sealed,0,0,0,0,50,0,On,0,0,,76,Auckland,Nil,0,0,0,0,0,0,Urban,0,0,0,Fine,Null
1739909.1593,5929843.7326,874012,45,505604,0,0,0,0,0,North,2025/2026,OLD NORTH ROAD,BROADWOOD RISE,,Minor Crash,No,2025,0,South,0,0,1,Hill Road,0,,0,,0,Overcast,214202,1,0,0,2,0,0,0,0,0,,0,0,Auckland Region,Nil,2-way,Sealed,0,0,0,0,80,0,None,1,0,,76,Auckland,Nil,0,0,0,0,0,0,Open,0,0,0,Light rain,Null
1749567.995,5949389.1533,874013,,506202,0,,0,2,,Null,2023/2024,GRAND DRIVE,ARRAN DRIVE,,Minor Crash,No,2024,,West,,0,,Flat,,Easter,,,,Overcast,176412,2,0,0,3,,,0,,,,,,Auckland Region,Nil,2-way,Sealed,,0,0,,50,,Off,0,0,,76,Auckland,Traffic Signals,,,,,0,0,Urban,0,,,Fine,Null
1768534.1572,5903243.5967,874021,,523820,0,0,0,0,0,South,2022/2023,SOUTHERN MOTORWAY,SOUTH-WESTERN MOTORWAY,,Non-Injury Crash,Yes,2023,0,Null,0,0,0,Flat,1,Queens Birthday,0,,0,Bright sun,760121,0,0,0,4,0,0,0,0,0,,0,0,Auckland Region,Nil,1-way,Sealed,0,0,0,0,100,0,None,0,0,,76,Auckland,Nil,0,0,0,0,0,0,Open,1,0,0,Fine,Null
1756037.3368,5913140.371,874030,,518701,0,,0,2,,West,2023/2024,SOUTH-WESTERN MOTORWAY,HAYR OBR,,Non-Injury Crash,Yes,2023,,West,,0,,Flat,,,,,,Dark,569800,0,0,0,3,,,0,,,,,,Auckland Region,Nil,1-way,Sealed,,0,0,,100,,On,0,0,,76,Auckland,Nil,,,,,0,0,Open,0,,,Light rain,Strong wind
1764019.2198,5910818.3281,874031,35,520500,0,0,0,1,0,North,2023/2024,MOUNT WELLINGTON HIGHWAY,NEW BRIGHTON ROAD,,Non-Injury Crash,No,2023,0,North,0,0,0,Flat,1,,0,,0,Dark,638002,0,0,0,2,0,0,0,0,0,,0,0,Auckland Region,Nil,2-way,Sealed,0,0,0,0,50,0,On,0,0,,76,Auckland,Nil,0,0,0,0,0,0,Urban,0,0,0,Fine,Null
1772437.7767,5897000.4649,874032,,525420,0,0,0,1,0,North,2025/2026,GREAT SOUTH ROAD,COLES CRESCENT,,Non-Injury Crash,No,2026,0,East,0,0,0,Flat,1,,0,,0,Dark,790700,0,0,0,2,0,0,0,0,0,,0,0,Auckland Region,Nil,2-way,Sealed,0,0,0,0,50,0,On,0,0,,76,Auckland,Nil,0,0,0,0,0,0,Urban,0,0,0,Fine,Null
1762703.2985,5912921.2562,874044,,520500,0,,0,0,,East,2025/2026,SOUTH-EASTERN HIGHWAY,SOUTH-EASTERN HWY ON RAMP,,Non-Injury Crash,No,2025,,West,,0,,Flat,,,,,,Overcast,637300,0,0,0,5,,,0,,,,,,Auckland Region,Nil,1-way,Sealed,,0,0,,80,,None,0,0,,76,Auckland,Nil,,,,,2,0,Open,0,,,Fine,Null
1747035.2443,5915095.2009,874050,,511800,0,,0,2,,South,2023/2024,GREAT NORTH ROAD,HEPBURN ROAD,,Non-Injury Crash,No,2023,,South,,0,,Hill Road,,,,,,Overcast,277902,0,0,0,2,,,0,,,,,,Auckland Region,Nil,2-way,Sealed,,0,0,,50,,Off,0,0,,76,Auckland,Nil,,,,,0,0,Urban,1,,,Heavy rain,Null
1769901.1553,5900009.9501,874052,,523817,0,,0,2,,North,2024/2025,SOUTHERN MOTORWAY,TAKANINI OFF RAMP,,Minor Crash,Yes,2025,,South,,0,,Flat,,,,,,Dark,759739,2,0,0,3,,,0,,,,,,Auckland Region,Nil,1-way,Sealed,,0,0,,100,,On,0,0,,76,Auckland,Nil,,,,,0,0,Open,0,,,Fine,Null
1755099.7124,5932923.6919,874053,,508805,0,,0,1,,Null,2023/2024,EAST COAST ROAD,SUNRISE AVENUE,,Minor Crash,No,2024,,North,,0,,Hill Road,,,,,,Bright sun,180876,1,0,0,4,,,0,,,,,,Auckland Region,Nil,2-way,Sealed,,0,0,,50,,Off,1,0,,76,Auckland,Traffic Signals,,,,,0,0,Urban,0,,,Fine,Null
1758365.6588,5926292.3301,874062,,508020,0,0,0,2,0,East,2022/2023,HARLEY ROAD,ELDON STREET,,Non-Injury Crash,No,2023,0,North,0,0,0,Hill Road,0,,0,,0,Dark,323500,0,0,0,2,0,0,0,0,1,,0,0,Auckland Region,Nil,2-way,Sealed,0,0,0,0,50,0,On,0,0,,76,Auckland,Nil,0,0,0,0,0,0,Urban,0,0,0,Light rain,Null
1765138.5018,5902876.6191,874067,,524604,0,0,0,1,0,East,2023/2024,WIRI STATION ROAD,WIRI STATION ROAD,,Minor Crash,No,2024,0,West,0,0,0,Flat,0,Easter,0,,0,Dark,781302,1,0,0,2,0,0,0,0,0,,0,1,Auckland Region,Nil,1-way,Sealed,0,0,0,0,60,0,On,0,0,,76,Auckland,Nil,0,0,0,0,0,0,Urban,0,0,0,Fine,Null
1766201.0697,5907076.8656,874068,,522302,0,,0,2,,Null,2023/2024,HUIA ROAD,HOTEO AVENUE,,Non-Injury Crash,No,2024,,South,,0,,Flat,,,,,,Bright sun,667802,0,0,0,2,,,0,,,,,,Auckland Region,Nil,2-way,Sealed,,0,0,,50,,None,0,0,,76,Auckland,Give way,,,,,0,0,Urban,0,,,Fine,None
1757655.8972,5918570.029,874071,,514302,0,0,0,1,0,Null,2023/2024,KHYBER PASS ROAD,HUNTLY AVENUE,,Serious Crash,No,2024,0,East,0,0,1,Flat,0,,0,,0,Dark,442100,0,0,0,4,0,0,0,0,0,,0,0,Auckland Region,Bridge,2-way,Sealed,0,0,1,0,50,0,On,0,0,,76,Auckland,Give way,0,0,0,0,0,0,Urban,0,0,0,Fine,Null
1756147.8453,5919159.6061,874073,,515500,0,,0,2,,Null,2023/2024,GREAT NORTH ROAD,MAIDSTONE STREET,,Non-Injury Crash,No,2023,,North,,0,,Flat,,,,,,Bright sun,417500,0,0,0,4,,,0,,,,,,Auckland Region,Nil,2-way,Sealed,,0,0,,50,,Off,0,0,,76,Auckland,Give way,,,,,0,0,Urban,0,,,Fine,Null
1755874.6274,5934809.2659,874075,,507200,0,0,0,3,0,South,2023/2024,BROWNS BAY ROAD,PHILSON TERRACE,,Non-Injury Crash,No,2023,0,South,0,0,0,Flat,0,,0,,0,Dark,157800,0,0,0,2,0,0,0,0,1,,0,0,Auckland Region,Nil,2-way,Sealed,0,0,0,0,50,0,Off,0,0,,76,Auckland,Nil,0,0,0,0,0,0,Urban,0,0,0,Heavy rain,Null
1760681.5673,5913082.2749,874076,,519900,0,,0,1,,Null,2024/2025,MOUNT SMART ROAD,FELIX STREET,,Serious Crash,No,2025,,West,,0,,Flat,,,,,,Dark,605400,0,0,1,4,,,0,,,,,,Auckland Region,Nil,2-way,Sealed,,0,1,,50,,On,0,0,,76,Auckland,Stop,,,,,0,0,Urban,0,,,Fine,Null
1767986.2961,5905172.3762,874083,,523722,0,0,0,0,0,West,2023/2024,TE IRIRANGI DRIVE,DIORELLA DRIVE,,Non-Injury Crash,No,2024,0,East,0,0,1,Flat,0,Easter,0,,1,Bright sun,715701,0,0,0,2,0,0,0,0,0,,0,0,Auckland Region,Nil,1-way,Sealed,0,0,0,0,60,0,Off,0,0,,76,Auckland,Nil,0,0,0,1,1,0,Urban,0,0,0,Fine,Null
1756572.9322,5924721.8431,874085,,509702,0,0,0,0,0,North,2023/2024,NORTHERN MOTORWAY,ONEWA ROAD OFF RAMP,,Minor Crash,Yes,2024,0,South,0,0,0,Flat,1,,0,,0,Dark,366602,1,0,0,3,0,0,0,0,0,,0,0,Auckland Region,Nil,1-way,Sealed,0,0,0,0,100,0,On,1,0,,76,Auckland,Nil,0,0,0,0,0,0,Open,0,0,0,Fine,Null
1736665.0902,5982970.9703,874087,,505300,0,,0,1,,North,2023/2024,RODNEY STREET,TOMAS STREET,,Minor Crash,Yes,2023,,South,,0,,Hill Road,,,,,,Overcast,142600,1,0,0,1,,,0,,,,,,Auckland Region,Nil,2-way,Sealed,,0,0,,50,,Off,1,0,,76,Auckland,Nil,,,,,0,0,Urban,0,,,Fine,Null
1750350.7588,5915326.6664,874093,,514802,0,,0,1,,Null,2023/2024,WAIRAU AVENUE,ASH STREET,,Minor Crash,No,2024,,South,,0,,Flat,,Queens Birthday,,,,Overcast,386700,1,0,0,4,,,0,,,1,,,Auckland Region,Nil,2-way,Sealed,,0,0,,50,,Off,0,0,,76,Auckland,Traffic Signals,,,,,0,0,Urban,0,,,Fine,Null
1755938.8952,5928162.0891,874097,,507900,0,,0,1,,South,2023/2024,NORTHERN MOTORWAY,TRISTRAM AVENUE ON RAMP,,Non-Injury Crash,Yes,2023,,South,,0,,Flat,,,,,,Dark,307000,0,0,0,6,,,0,,,,,,Auckland Region,Nil,2-way,Sealed,,0,0,,100,,On,0,0,,76,Auckland,Nil,,,,,0,0,Open,1,,,Fine,Null
1761778.1979,5920008.2244,874099,,516400,0,0,0,1,0,West,2023/2024,TAMAKI DRIVE,WATENE CRESCENT,,Serious Crash,No,2023,0,East,0,0,0,Flat,0,,0,,0,Dark,498900,0,0,0,2,0,0,0,0,0,,1,1,Auckland Region,Nil,2-way,Sealed,0,0,1,0,50,0,On,0,0,,76,Auckland,Nil,1,0,0,0,0,0,Urban,0,0,0,Fine,Null
1747263.6855,5919296.7484,874103,,512402,0,0,0,2,0,South,2023/2024,COVIL AVENUE,TE ATATU ROAD,,Minor Crash,No,2024,0,North,0,0,0,Flat,0,,0,,0,Overcast,254000,1,0,0,2,0,0,0,0,1,,0,0,Auckland Region,Nil,2-way,Sealed,0,0,0,0,50,0,Off,0,0,,76,Auckland,Nil,0,0,0,1,0,0,Urban,0,0,0,Fine,Null
1756136.6711,5913106.7919,874104,,518701,0,0,0,1,0,North,2025/2026,SOUTH-WESTERN MOTORWAY,HAYR OBR,,Non-Injury Crash,Yes,2025,0,South,0,0,0,Flat,1,,0,,0,Dark,569800,0,0,0,2,0,0,0,0,0,,0,0,Auckland Region,Nil,1-way,Sealed,0,0,0,0,100,0,On,0,0,,76,Auckland,Nil,0,0,0,0,0,0,Open,0,0,0,Light rain,Null
1754839.3267,5933190.1763,874105,,508804,0,0,0,0,0,Null,2024/2025,ROSEDALE ROAD,EAST COAST ROAD,,Serious Crash,No,2024,0,North,0,0,0,Hill Road,0,,0,,0,Overcast,156002,0,0,0,5,0,0,0,0,0,,0,1,Auckland Region,Nil,2-way,Sealed,0,0,1,0,50,0,Off,0,0,,76,Auckland,Give way,0,0,0,0,0,0,Urban,2,0,0,Fine,Null
1754368.4339,5913534.5658,874106,,518803,0,,0,1,,South,2022/2023,MAY ROAD,ROMA ROAD,,Minor Crash,No,2023,,South,,0,,Flat,,,,,,Bright sun,581800,1,0,0,3,,,0,,,1,,,Auckland Region,Nil,2-way,Sealed,,0,0,,50,,Off,0,0,,76,Auckland,Nil,,,,,0,0,Urban,0,,,Fine,Null
1749108.113,5913491.8744,874108,,511401,0,0,0,1,0,Null,2025/2026,TITIRANGI ROAD,GARDNER AVENUE,,Non-Injury Crash,No,2025,0,East,0,0,0,Flat,0,,0,,0,Dark,263700,0,0,0,2,0,1,0,0,0,,0,0,Auckland Region,Nil,2-way,Sealed,0,0,0,0,50,0,On,0,0,,76,Auckland,Stop,0,0,0,0,0,0,Urban,0,0,0,Light rain,Null
1755480.5643,5932159.2806,874109,,507400,0,0,0,4,0,North,2024/2025,MAXWELTON DRIVE,KIRI PLACE,,Non-Injury Crash,No,2025,0,North,0,0,0,Hill Road,0,,0,,0,Dark,151000,0,0,0,2,0,0,0,0,1,,0,0,Auckland Region,Nil,2-way,Sealed,0,0,0,0,50,0,On,0,0,,76,Auckland,Nil,0,0,0,0,0,0,Urban,0,0,0,Fine,Null
1755844.8512,5928318.9822,874113,,507900,0,,0,0,,North,2024/2025,NORTHERN MOTORWAY,WAIRAU OBR,,Minor Crash,Yes,2025,,North,,0,,Flat,,,,,,Dark,305201,1,0,0,4,,,0,,,,,,Auckland Region,Nil,1-way,Sealed,,0,0,,100,,On,2,0,,76,Auckland,Nil,,,,,0,0,Open,1,,,Fine,Null
1768910.9186,5911204.1117,874119,,523112,0,,0,1,,West,2023/2024,CRYERS ROAD,HARRIS ROAD,,Non-Injury Crash,No,2023,,East,,0,,Flat,,,,,,Overcast,711404,0,0,0,2,,,0,,,,,,Auckland Region,Nil,2-way,Sealed,,0,0,,50,,Off,0,0,,76,Auckland,Nil,,,,,0,1,Urban,0,,,Fine,Null
1768674.1091,5900237.9896,874123,,525101,0,,0,1,,North,2024/2025,CHURCHILL AVENUE,PURIRI ROAD,,Fatal Crash,No,2024,,South,,1,,Hill Road,,,,,,Bright sun,770700,1,0,0,2,,,0,,,,,,Auckland Region,Speed hump,2-way,Sealed,,0,0,,30,,Off,0,0,,76,Auckland,Nil,,,,,0,0,Urban,0,,,Fine,Frost
1765565.4308,5906998.4952,874127,,522301,0,,0,2,,Null,2023/2024,EAST TAMAKI ROAD,GREAT SOUTH ROAD,,Non-Injury Crash,No,2023,,East,,0,,Flat,,,,,,Dark,666200,0,0,0,4,,,0,,,,,,Auckland Region,Nil,2-way,Sealed,,0,0,,50,,On,0,0,,76,Auckland,Traffic Signals,,,,,0,0,Urban,0,,,Fine,Null