X,Y,OBJECTID,advisorySpeed,areaUnitID,bicycle,bridge,bus,carStationWagon,cliffBank,crashDirectionDescription,crashFinancialYear,crashLocation1,crashLocation2,crashRoadSideRoad,crashSeverity,crashSHDescription,crashYear,debris,directionRoleDescription,ditch,fatalCount,fence,flatHill,guardRail,holiday,houseOrBuilding,intersection,kerb,light,meshblockId,minorInjuryCount,moped,motorcycle,NumberOfLanes,objectThrownOrDropped,otherObject,otherVehicleType,overBank,parkedVehicle,pedestrian,phoneBoxEtc,postOrPole,region,roadCharacter,roadLane,roadSurface,roadworks,schoolBus,seriousInjuryCount,slipOrFlood,speedLimit,strayAnimal,streetLight,suv,taxi,temporarySpeedLimit,tlaId,tlaName,trafficControl,trafficIsland,trafficSign,train,tree,truck,unknownVehicleType,urban,vanOrUtility,vehicle,waterRiver,weatherA,weatherB
1756195.9406,5917944.1561,874131,,518101,0,,0,2,,Null,2023/2024,DOMINION ROAD,TAWARI STREET,,Non-Injury Crash,No,2024,,North,,0,,Flat,,,,,,Overcast,544800,0,0,0,4,,,0,,,,,,Auckland Region,Nil,2-way,Sealed,,0,0,,50,,Off,0,0,,76,Auckland,Stop,,,,,0,0,Urban,0,,,Fine,Null
1761442.0629,5906750.9754,874133,,524112,0,,0,1,,North,2024/2025,SOUTH-WESTERN MOTORWAY,MASSEY ROAD ON RAMP,,Serious Crash,Yes,2024,,North,,0,,Flat,,,,,,Bright sun,742300,0,0,1,2,,,0,,,,,,Auckland Region,Motorway ramp,1-way,Sealed,,0,1,,100,,Off,0,0,,76,Auckland,Nil,,,,,0,0,Open,0,,,Fine,Null
1767191.2158,5905344.0539,874144,,524603,0,0,0,1,0,South,2024/2025,GREAT SOUTH ROAD,GREAT SOUTH ROAD,,Non-Injury Crash,No,2025,0,North,0,0,1,Flat,0,,0,,0,Dark,780205,0,0,0,4,0,0,0,0,0,,0,0,Auckland Region,Nil,2-way,Sealed,0,0,0,0,50,0,On,0,1,,76,Auckland,Nil,0,0,0,0,0,0,Urban,0,0,0,Fine,Null
1772035.0647,5898006.1058,874149,,523912,0,,0,2,,East,2024/2025,WALTERS ROAD,ARION ROAD,,Non-Injury Crash,No,2024,,West,,0,,Flat,,,,,,Dark,766301,0,0,0,2,,,0,,,,,,Auckland Region,Nil,2-way,Sealed,,0,0,,50,,Null,0,0,,76,Auckland,Nil,,,,,0,0,Urban,0,,,Fine,Null
1748525.5108,5914147.4509,874156,,511302,0,0,0,3,0,North,2025/2026,LYNWOOD ROAD,EVERGREEN RISE,,Non-Injury Crash,No,2025,0,South,0,0,0,Hill Road,0,,0,,0,Bright sun,269200,0,0,0,2,0,0,0,0,1,,0,0,Auckland Region,Speed hump,2-way,Sealed,0,0,0,0,50,0,None,0,0,,76,Auckland,Nil,0,0,0,0,0,0,Urban,0,0,0,Fine,Null
1741233.1512,5911541.9348,874157,,512902,0,,0,1,,West,2024/2025,WEST COAST ROAD,BUSH ROAD,,Non-Injury Crash,No,2024,,South,,0,,Hill Road,,,,,,Dark,279102,0,0,0,2,,,0,,,,,,Auckland Region,Nil,2-way,Sealed,,0,0,,60,,On,0,0,,76,Auckland,Nil,,,,,0,0,Urban,0,,,Fine,Null
1733699.377,5920489.0854,874161,,506656,0,,0,1,,West,2024/2025,WAIRERE ROAD,CATON ROAD,,Minor Crash,No,2025,,North,,0,,Flat,,,,,,Bright sun,219501,1,0,0,2,,,0,,,,,,Auckland Region,Nil,2-way,Sealed,,0,0,,60,,None,0,0,,76,Auckland,Nil,,,,,0,0,Urban,0,,,Fine,Null
1769912.9312,5909858.3,874164,,523113,0,,0,1,,Null,2023/2024,SMALES ROAD,TE IRIRANGI DRIVE,,Non-Injury Crash,No,2023,,East,,0,,Flat,,,,,,Bright sun,711730,0,0,0,3,,,0,,,,,,Auckland Region,Nil,1-way,Sealed,,0,0,,50,,On,0,0,,76,Auckland,Traffic Signals,,,,,0,0,Urban,1,,,Fine,None
1761532.8012,5914169.2012,874169,,520202,0,,0,2,,North,2023/2024,SOUTHERN MOTORWAY,ELLERSLIE-PANMURE HWY ON RAMP,,Non-Injury Crash,Yes,2024,,South,,0,,Flat,,,,,,Bright sun,612700,0,0,0,3,,,0,,,,,,Auckland Region,Nil,1-way,Sealed,,0,0,,100,,Off,0,0,,76,Auckland,Nil,,,,,0,0,Open,0,,,Fine,Null
1755940.4529,5881368.1526,874177,,521152,0,0,0,1,0,North,2024/2025,GLENBROOK ROAD,BROOKSIDE ROAD,,Serious Crash,No,2024,0,South,1,0,0,Flat,0,,0,,0,Dark,834300,0,0,0,2,0,0,0,0,0,,0,0,Auckland Region,Nil,2-way,Sealed,0,0,1,0,80,0,None,0,0,,76,Auckland,Nil,0,0,0,1,0,0,Open,0,0,0,Fine,Null
1751247.5654,5912212.7549,874189,,514700,0,,0,2,,East,2023/2024,KINROSS STREET,ENDEAVOUR STREET,,Minor Crash,No,2024,,West,,0,,Hill Road,,,,,,Overcast,368200,1,0,0,2,,,0,,,,,,Auckland Region,Nil,2-way,Sealed,,0,0,,50,,Off,0,0,,76,Auckland,Nil,,,,,0,0,Urban,1,,,Light rain,Null
1753632.1889,5946529.7565,874191,,505906,0,0,0,2,0,West,2024/2025,VIPOND ROAD,SPRINGTIME CRESCENT,,Minor Crash,No,2024,0,West,0,0,0,Flat,0,,0,,0,Twilight,173309,1,0,0,1,0,0,0,0,1,,0,0,Auckland Region,Nil,2-way,Sealed,0,0,0,0,50,0,Off,0,0,,76,Auckland,Nil,0,0,0,0,0,0,Urban,0,0,0,Fine,Null
1757346.5913,5913656.8544,874211,,518702,0,0,0,1,0,East,2023/2024,MOUNT ALBERT ROAD,PEET AVENUE,,Non-Injury Crash,No,2024,0,West,0,0,0,Flat,0,,0,,0,Bright sun,567600,0,0,0,4,0,0,0,0,0,,0,0,Auckland Region,Nil,2-way,Sealed,0,0,0,0,50,0,Off,0,0,,76,Auckland,Traffic Signals,1,1,0,0,0,0,Urban,0,0,0,Fine,Null
1736903.4554,5981506.275,874217,,505300,0,,0,0,,North,2024/2025,RODNEY STREET,DAVIES ROAD,,Minor Crash,Yes,2024,,North,,0,,Flat,,,,,,Overcast,143400,1,0,0,2,,,0,,,,,,Auckland Region,Nil,2-way,Sealed,,0,0,,50,,Off,0,0,,76,Auckland,Nil,,,,,0,0,Urban,2,,,Fine,Null
1754182.5846,5935518.7529,874219,,508704,0,,0,1,,North,2024/2025,EAST COAST ROAD,SARTORS AVENUE,,Non-Injury Crash,No,2024,,South,,0,,Flat,,,,,,Overcast,178602,0,0,0,2,,,0,,,,,,Auckland Region,Nil,2-way,Sealed,,0,0,,50,,Off,1,0,,76,Auckland,Nil,,,,,0,0,Urban,1,,,Light rain,Null
1773644.823,5914572.0657,874222,,521502,0,0,0,2,0,North,2023/2024,COCKLE BAY ROAD,CHURCHILL ROAD,,Non-Injury Crash,No,2023,0,South,0,0,0,Hill Road,0,,0,,0,Overcast,655103,0,0,0,2,0,0,0,0,1,,0,0,Auckland Region,Nil,2-way,Sealed,0,0,0,0,50,0,Off,0,0,30,76,Auckland,Nil,0,0,0,0,0,0,Urban,0,0,0,Fine,Null
1760180.9791,5915475.8703,874223,15,519400,0,,0,1,,Null,2023/2024,GREAT SOUTH ROAD,MATAI ROAD,,Non-Injury Crash,No,2024,,North,,0,,Flat,,,,,,Bright sun,617100,0,0,0,4,,,0,,,,,,Auckland Region,Nil,2-way,Sealed,,0,0,,50,,Off,0,0,,76,Auckland,Stop,,,,,0,0,Urban,1,,,Fine,None
1783417.9759,5915822.7009,874228,,523300,0,0,0,1,0,East,2025/2026,MARAETAI COAST ROAD,MARAETAI COAST ROAD,,Minor Crash,No,2025,0,South,0,0,0,Flat,0,,0,,0,Overcast,720200,1,0,0,2,0,0,0,0,0,,0,0,Auckland Region,Nil,2-way,Sealed,0,0,0,0,50,0,None,0,0,,76,Auckland,Nil,0,0,0,1,0,0,Urban,0,0,0,Light rain,Null
1752255.6611,5926504.4475,874231,,510220,0,0,0,2,0,Null,2024/2025,SALISBURY ROAD,PARAMU AVENUE,,Non-Injury Crash,No,2024,0,North,0,0,0,Hill Road,0,,0,,0,Overcast,350000,0,0,0,2,0,0,0,0,1,,0,0,Auckland Region,Nil,2-way,Sealed,0,0,0,0,50,0,Off,0,0,,76,Auckland,Nil,0,0,0,0,0,0,Urban,0,0,0,Heavy rain,Null
1759963.2985,5916081.9572,874237,,516002,0,,0,1,,South,2023/2024,GREEN LANE EAST OFF RAMP,SOUTHERN MOTORWAY,,Non-Injury Crash,No,2023,,South,,0,,Flat,,,,,,Bright sun,492100,0,0,0,1,,,0,,,,,,Auckland Region,Nil,1-way,Sealed,,0,0,,50,,On,0,0,,76,Auckland,Nil,,,,,0,0,Urban,0,,,Fine,None
1754267.5298,5916842.0604,874239,,517600,0,,0,1,,North,2023/2024,ST LUKES ROAD,MORNING STAR PLACE,,Non-Injury Crash,No,2023,,Null,,0,,Flat,,,,,,Dark,535201,0,0,0,2,,,0,,,,,,Auckland Region,Nil,1-way,Sealed,,0,0,,50,,On,0,0,,76,Auckland,Nil,,,,,0,0,Urban,1,,,Fine,None
1753792.2499,5926455.2238,874243,,508220,0,,0,2,,North,2024/2025,GLENFIELD ROAD,SPEEDY CRESCENT,,Non-Injury Crash,No,2024,,North,,0,,Flat,,,,,,Dark,189400,0,0,0,2,,,0,,,,,,Auckland Region,Nil,2-way,Sealed,,0,0,,50,,Null,0,0,,76,Auckland,Nil,,,,,0,0,Urban,0,,,Fine,Null
1758779.5654,5912666.4733,874245,,519820,0,0,0,2,0,Null,2024/2025,SELWYN STREET,GREY STREET,,Minor Crash,No,2024,0,South,0,0,0,Flat,0,,0,,0,Bright sun,599500,1,0,0,2,0,0,0,0,0,,0,0,Auckland Region,Nil,2-way,Sealed,0,0,0,0,50,0,Off,0,0,,76,Auckland,Stop,1,0,0,0,0,0,Urban,0,0,0,Fine,Null
1744125.1402,5919661.3799,874246,,513301,0,0,0,1,0,North,2023/2024,UNIVERSAL DRIVE,ZODIAC STREET,,Non-Injury Crash,No,2023,0,North,0,0,0,Flat,0,,0,,0,Twilight,233800,0,0,0,2,0,0,0,0,1,,0,0,Auckland Region,Nil,2-way,Sealed,0,0,0,0,50,0,On,0,1,,76,Auckland,Nil,0,0,0,0,0,0,Urban,1,0,0,Fine,Null
1767581.0146,5907318.1086,874247,,523602,0,,0,1,,Null,2023/2024,FERGUSON ROAD,CAPSTICK ROAD,,Non-Injury Crash,No,2023,,North,,0,,Null,,,,,,Unknown,705200,0,0,0,2,,,0,,,,,,Auckland Region,Nil,2-way,Sealed,,0,0,,50,,Null,1,0,,76,Auckland,Stop,,,,,0,0,Urban,0,,,Null,Null
1763518.5686,5906917.1929,874255,,524301,0,0,0,1,0,East,2024/2025,LANDON AVENUE,GRAEME AVENUE,,Non-Injury Crash,No,2024,0,South,0,0,0,Flat,0,,0,,0,Dark,747300,0,0,0,2,0,0,0,0,1,,0,0,Auckland Region,Nil,2-way,Sealed,0,0,0,0,50,0,On,0,0,,76,Auckland,Nil,0,0,0,0,0,0,Urban,1,0,0,Fine,Null
1765557.6366,5906992.7559,874261,45,522301,0,,0,2,,Null,2023/2024,EAST TAMAKI ROAD,GREAT SOUTH ROAD,,Non-Injury Crash,No,2024,,West,,0,,Flat,,,,,,Bright sun,666200,0,0,0,4,,,0,,,,,,Auckland Region,Nil,2-way,Sealed,,0,0,,50,,Off,0,0,,76,Auckland,Traffic Signals,,,,,0,0,Urban,0,,,Fine,None
1761709.3684,5906512.6829,874263,,524200,0,0,0,0,0,Null,2023/2024,MASSEY ROAD OFF RAMP,MASSEY ROAD,,Non-Injury Crash,No,2024,0,West,0,0,0,Hill Road,0,,0,,0,Dark,728700,0,0,0,1,0,0,0,0,0,,0,0,Auckland Region,Motorway ramp,1-way,Sealed,0,0,0,0,50,0,On,1,0,,76,Auckland,Give way,1,1,0,0,0,0,Urban,0,0,0,Fine,Null
1756292.772,5929961.8661,874264,,508510,0,0,0,2,0,Null,2024/2025,RICHARDS AVENUE,KELDALE PLACE,,Non-Injury Crash,No,2025,0,North,0,0,0,Hill Road,0,,0,,0,Bright sun,194800,0,0,0,2,0,0,0,0,1,,0,0,Auckland Region,Nil,2-way,Sealed,0,0,0,0,50,0,Off,0,0,,76,Auckland,Nil,0,0,0,0,0,0,Urban,0,0,0,Fine,Null
1745157.6285,5918528.1838,874271,,513302,0,0,0,0,0,South,2024/2025,LINCOLN ROAD,WOODFORD AVENUE,,Minor Crash,No,2024,0,South,0,0,1,Flat,0,,0,,0,Dark,230900,1,0,0,4,0,0,0,0,0,,0,0,Auckland Region,Nil,2-way,Sealed,0,0,0,0,50,0,On,0,0,,76,Auckland,Traffic Signals,1,1,0,0,0,0,Urban,1,0,0,Light rain,Null
1768179.8892,5912452.4534,874272,,523000,0,0,0,2,0,Null,2025/2026,GOSSAMER DRIVE,ENNIS AVENUE,,Non-Injury Crash,No,2025,0,South,0,0,0,Flat,0,,0,,0,Dark,688500,0,0,0,2,0,0,0,0,1,,0,0,Auckland Region,Nil,2-way,Sealed,0,0,0,0,50,0,On,1,0,,76,Auckland,Give way,0,0,0,0,0,0,Urban,1,0,0,Light rain,Strong wind
1736837.7045,5982360.0465,874273,,505300,0,0,0,1,0,North,2024/2025,RODNEY STREET,STATION ROAD,,Minor Crash,Yes,2024,0,South,0,0,0,Flat,0,,0,,0,Dark,142900,2,0,0,2,0,0,0,0,1,,0,0,Auckland Region,Nil,2-way,Sealed,0,0,0,0,50,0,On,0,0,,76,Auckland,Nil,0,1,0,0,0,0,Urban,1,0,0,Light rain,Null
1763580.8462,5906413.9827,874275,,524301,0,,0,1,,Null,2023/2024,PORTAGE ROAD,PARK AVENUE,,Non-Injury Crash,No,2024,,West,,0,,Flat,,,,,,Overcast,655701,0,0,0,2,,,0,,,,,,Auckland Region,Nil,2-way,Unsealed,,0,0,,50,,Off,1,0,,76,Auckland,Stop,,,,,0,0,Urban,0,,,Fine,Null
1759411.8951,5910295.4256,874280,,524002,0,0,0,0,0,Null,2025/2026,RIMU ROAD ON RAMP,RIMU ROAD,,Non-Injury Crash,No,2025,0,South,0,0,0,Flat,0,,0,,0,Bright sun,722000,0,0,0,1,0,0,0,0,0,,0,0,Auckland Region,Motorway ramp,1-way,Sealed,0,0,0,0,50,0,Off,0,0,,76,Auckland,Traffic Signals,0,1,0,0,0,0,Urban,1,0,0,Fine,Null
1755448.475,5929077.1374,874286,,508420,0,0,0,1,0,North,2023/2024,CROFTFIELD LANE,TRISTRAM AVENUE,,Minor Crash,No,2023,0,North,0,0,1,Flat,0,,0,,0,Dark,183800,1,0,0,1,0,0,0,0,0,,0,0,Auckland Region,Nil,1-way,Sealed,0,0,0,0,50,0,On,0,0,,76,Auckland,Nil,0,0,0,1,0,0,Urban,0,0,0,Fine,Null
1769361.2742,5902276.7191,874292,,524901,0,,0,3,,North,2025/2026,SOUTHERN MOTORWAY,HILL ROAD ON RAMP,,Serious Crash,Yes,2025,,North,,0,,Hill Road,,,,,,Overcast,755600,1,0,0,3,,,0,,,,,,Auckland Region,Nil,1-way,Sealed,,0,1,,100,,Off,0,0,,76,Auckland,Nil,,,,,0,0,Open,0,,,Heavy rain,Strong wind
1745078.8682,5921108.796,874293,,513530,0,0,0,1,0,Null,2024/2025,NORTH-WESTERN MOTORWAY,LINCOLN ROAD OFF RAMP,,Non-Injury Crash,Yes,2024,0,South,0,0,0,Flat,1,,0,,0,Overcast,226303,0,0,0,3,0,0,0,0,0,,0,0,Auckland Region,Nil,1-way,Sealed,0,0,0,0,100,0,Off,0,0,,76,Auckland,Nil,0,0,0,0,0,0,Open,1,0,0,Light rain,Null
1770110.1094,5898454.9656,874303,,523920,0,,0,0,,South,2023/2024,SOUTHERN MOTORWAY,WALTER STREVENS OBR,,Non-Injury Crash,Yes,2024,,North,,0,,Flat,,,,,,Overcast,767918,0,0,0,3,,,0,,,,,,Auckland Region,Nil,1-way,Sealed,,0,0,,100,,On,0,0,,76,Auckland,Nil,,,,,1,0,Open,2,,,Light rain,Null
1756772.9812,5915717.343,874310,,518301,0,,0,2,,North,2023/2024,MOUNT EDEN ROAD,WAIRIKI ROAD,,Minor Crash,No,2023,,South,,0,,Flat,,,,,,Bright sun,556600,1,0,0,2,,,0,,,,,,Auckland Region,Nil,2-way,Sealed,,0,0,,50,,Off,0,0,,76,Auckland,Nil,,,,,0,0,Urban,0,,,Fine,Null
1770007.6312,5898658.9422,874315,,523920,0,,0,2,,Null,2023/2024,SOUTHERN MOTORWAY,MANUREWA-TAKANINI OFF RAMP,,Minor Crash,Yes,2024,,North,,0,,Flat,,,,,,Dark,767911,1,0,0,3,,,0,,,,,,Auckland Region,Nil,2-way,Sealed,,0,0,,100,,On,0,0,,76,Auckland,Nil,,,,,0,0,Open,0,,,Fine,None
1764480.6458,5912923.5555,874323,,520500,0,,0,1,,Null,2022/2023,CARBINE ROAD,SOUTH-EASTERN HIGHWAY,,Non-Injury Crash,No,2023,,North,,0,,Flat,,,,,,Overcast,639100,0,0,1,4,,,0,,,,,,Auckland Region,Nil,2-way,Sealed,,0,0,,50,,Off,0,0,,76,Auckland,Traffic Signals,,,,,0,0,Urban,0,,,Fine,None
1755799.6307,5918027.2783,874326,,517500,0,,0,1,,North,2023/2024,NEW NORTH ROAD,STORMONT PLACE,,Minor Crash,No,2024,,North,,0,,Flat,,,,,,Dark,529700,1,0,0,4,,,0,,,1,,,Auckland Region,Nil,2-way,Sealed,,0,0,,50,,On,0,0,,76,Auckland,Nil,,,,,0,0,Urban,0,,,Heavy rain,Null
1755355.9646,5927219.4323,874327,,508620,0,0,0,1,0,South,2022/2023,TYE ROAD,CORONATION ROAD,,Non-Injury Crash,No,2023,0,South,0,0,0,Flat,0,,0,,0,Twilight,204000,0,0,0,2,0,0,0,0,1,,0,0,Auckland Region,Nil,2-way,Sealed,0,0,0,0,50,0,On,0,0,,76,Auckland,Nil,0,0,0,0,0,1,Urban,0,0,0,Heavy rain,Null
1742439.0144,5926430.1398,874329,,513410,0,,0,2,,Null,2024/2025,SH 16,FRED TAYLOR DRIVE,,Non-Injury Crash,Yes,2024,,North,,0,,Null,,,,,,Bright sun,223100,0,0,0,2,,,0,,,,,,Auckland Region,Nil,1-way,Sealed,,0,0,,80,,Null,0,0,,76,Auckland,Give way,,,,,0,0,Open,0,,,Fine,Null
1773558.7719,5890287.7523,874333,,521301,0,,0,1,,Null,2024/2025,QUARRY ROAD,TEGAL ROAD,,Minor Crash,No,2025,,East,,0,,Flat,,,,,,Dark,809004,1,0,0,2,,,0,,,,,,Auckland Region,Nil,2-way,Sealed,,0,0,,80,,None,0,0,,76,Auckland,Give way,,,,,0,0,Open,1,,,Fine,Null
1759713.5416,5916228.1175,874335,,516002,0,,0,2,,North,2023/2024,SOUTHERN MOTORWAY,GREEN LANE EAST OFF RAMP,,Non-Injury Crash,Yes,2024,,South,,0,,Flat,,,,,,Dark,492000,0,0,0,4,,,0,,,,,,Auckland Region,Nil,1-way,Sealed,,0,0,,100,,On,0,0,,76,Auckland,Nil,,,,,0,0,Open,0,,,Fine,Null
1763438.8282,5915388.764,874336,,520302,0,,0,1,,Null,2024/2025,MARUA ROAD,HARRIS ROAD,,Minor Crash,No,2025,,West,,0,,Flat,,,,,,Overcast,625900,1,0,1,2,,,0,,,,,,Auckland Region,Nil,2-way,Sealed,,0,0,,50,,Off,0,0,,76,Auckland,Stop,,,,,0,0,Urban,0,,,Fine,Null
1766233.4435,5900010.0845,874337,,524713,0,,0,2,,South,2023/2024,ROSCOMMON ROAD,ROBERT ROSS PLACE,,Non-Injury Crash,No,2023,,South,,0,,Flat,,,,,,Bright sun,775823,0,0,0,2,,,0,,,,,,Auckland Region,Nil,2-way,Sealed,,0,0,,50,,Off,0,0,,76,Auckland,Traffic Signals,,,,,0,0,Urban,0,,,Fine,None
1768185.2173,5904899.4508,874340,,523722,0,0,0,2,0,South,2024/2025,DIORELLA DRIVE,PULMAN PLACE,,Minor Crash,No,2025,0,North,0,0,0,Hill Road,0,,0,,0,Bright sun,715913,1,0,0,2,0,0,0,0,1,,0,0,Auckland Region,Nil,2-way,Sealed,0,0,0,0,50,0,Off,0,0,,76,Auckland,Nil,0,0,0,0,0,0,Urban,0,0,0,Fine,Null
1738104.9833,5982249.0848,874341,,506660,0,,0,0,,East,2023/2024,WHANGARIPO VALLEY ROAD,RUSTYBROOK ROAD,,Minor Crash,No,2024,,West,,0,,Hill Road,,,,,,Bright sun,136301,1,0,1,2,,,0,,,,,,Auckland Region,Nil,2-way,Sealed,,0,0,,100,,None,0,0,,76,Auckland,Nil,,,,,0,0,Open,0,,,Fine,Null
1756841.3748,5916863.6336,874343,,518202,0,0,0,1,0,West,2023/2024,ESSEX ROAD,NEWNHAM LANE,,Non-Injury Crash,No,2024,0,West,0,0,0,Flat,0,,0,,0,Bright sun,549802,0,0,0,2,0,1,0,0,0,,0,0,Auckland Region,Nil,2-way,Sealed,0,0,0,0,50,0,Off,0,0,,76,Auckland,Nil,0,0,0,0,0,0,Urban,0,0,0,Fine,Null
1759859.0154,5916130.6834,874347,,516002,0,,0,2,,North,2023/2024,SOUTHERN MOTORWAY,GREEN LANE EAST OFF RAMP,,Non-Injury Crash,Yes,2024,,South,,0,,Flat,,,,,,Bright sun,492000,0,0,0,4,,,0,,,,,,Auckland Region,Motorway ramp,1-way,Sealed,,0,0,,100,,Off,0,0,,76,Auckland,Nil,,,,,0,0,Open,0,,,Fine,Null
1727101.8693,5978558.7476,874359,,506613,0,,0,0,,Null,2024/2025,WHAREHINE ROAD,RUN ROAD,,Serious Crash,No,2025,,South,,0,,Hill Road,,,,,,Bright sun,145000,0,0,1,2,,,0,,,,,,Auckland Region,Nil,2-way,Sealed,,0,1,,100,,None,0,0,,76,Auckland,Give way,,,,,0,0,Open,0,,,Fine,Null
1756750.2655,5919318.2552,874365,,514200,0,0,0,2,0,Null,2023/2024,EAST STREET,SOUTH STREET,,Non-Injury Crash,No,2023,0,East,0,0,1,Hill Road,0,,0,,0,Overcast,412100,0,0,0,2,0,0,0,0,0,,0,0,Auckland Region,Nil,2-way,Sealed,0,0,0,0,50,0,Off,0,0,,76,Auckland,Nil,0,0,0,0,0,0,Urban,0,0,0,Fine,Null
1743733.518,5975169.3633,874369,,506661,0,0,0,1,0,North,2023/2024,SH 1,WAIWHIU CONICAL PEAK ROAD,,Non-Injury Crash,Yes,2023,0,North,0,0,0,Hill Road,1,,0,,0,Bright sun,138900,0,0,0,2,0,0,0,0,0,,0,0,Auckland Region,Nil,2-way,Sealed,0,0,0,0,80,0,None,0,0,,76,Auckland,Nil,0,0,0,0,0,0,Open,0,0,0,Fine,Null
1745575.137,5919032.071,874375,45,513302,0,,0,1,,South,2023/2024,WAIPAREIRA AVENUE,TE PAI PLACE,,Non-Injury Crash,No,2024,,South,,0,,Flat,,,,,,Overcast,230701,0,0,0,2,,,0,,,,,,Auckland Region,Nil,2-way,Sealed,,0,0,,50,,Off,0,0,,76,Auckland,Nil,,,,,0,1,Urban,0,,,Fine,None
1765060.6349,5903727.6658,874382,,524604,0,,0,2,,West,2022/2023,SOUTH-WESTERN MOTORWAY,CAVENDISH DRIVE ON RAMP,,Non-Injury Crash,Yes,2023,,East,,0,,Flat,,Easter,,,,Dark,781302,0,0,0,2,,,0,,,,,,Auckland Region,Nil,1-way,Sealed,,0,0,,100,,On,0,0,,76,Auckland,Nil,,,,,0,0,Open,0,,,Light rain,Null
1763959.3231,5910080.7452,874385,,521901,0,,0,1,,East,2023/2024,PRINCES STREET,GREAT SOUTH ROAD,,Non-Injury Crash,No,2023,,South,,0,,Flat,,,,,,Bright sun,782200,0,0,0,2,,,0,,,1,,,Auckland Region,Nil,2-way,Sealed,,0,0,,50,,Off,0,0,,76,Auckland,Nil,,,,,0,0,Urban,0,,,Fine,Null
1769954.0159,5899396.9019,874393,,523911,0,0,0,1,0,North,2023/2024,TAKANINI OFF RAMP,GREAT SOUTH ROAD,,Non-Injury Crash,No,2023,0,South,0,0,0,Flat,1,,0,,0,Dark,766500,0,0,0,2,0,0,0,0,0,,0,0,Auckland Region,Motorway ramp,1-way,Sealed,0,0,0,0,100,0,On,0,0,,76,Auckland,Nil,0,0,0,0,0,0,Open,0,0,0,Light rain,Null
1736116.2422,5983690.7307,874396,,505300,0,0,0,0,0,North,2024/2025,ASTRID LANE,SCHOOL ROAD,,Non-Injury Crash,No,2025,0,North,0,0,1,Hill Road,0,,0,,0,Overcast,142300,0,0,0,2,0,0,0,0,0,,1,0,Auckland Region,Nil,2-way,Sealed,0,0,0,0,50,0,Off,0,0,,76,Auckland,Nil,0,0,0,1,0,0,Urban,1,0,0,Fine,Null
1771051.1973,5899185.5817,874399,,523911,0,,0,2,,Null,2024/2025,MANUROA ROAD,TAKANINI SCHOOL ROAD,,Minor Crash,No,2024,,East,,0,,Flat,,,,,,Bright sun,766700,1,0,0,2,,,0,,,,,,Auckland Region,Nil,2-way,Sealed,,0,0,,50,,Off,0,0,30,76,Auckland,Traffic Signals,,,,,0,0,Urban,0,,,Fine,Null
1769649.9682,5882167.306,874400,,525910,0,0,0,1,0,North,2025/2026,REYNOLDS ROAD,THE GLADE NORTH,,Non-Injury Crash,No,2025,0,East,0,0,0,Flat,0,,0,,0,Overcast,816520,0,0,0,2,0,0,0,0,0,2,0,1,Auckland Region,Nil,1-way,Sealed,0,0,0,0,50,0,Off,0,0,,76,Auckland,Nil,0,0,0,0,0,0,Urban,0,0,0,Fine,Null
1766369.5216,5899778.3719,874404,,524812,0,0,0,1,0,Null,2025/2026,WEYMOUTH ROAD,ROSCOMMON ROAD,,Non-Injury Crash,No,2025,0,South,0,0,0,Hill Road,1,,0,,0,Dark,774201,0,0,0,1,0,0,0,0,0,,0,0,Auckland Region,Nil,1-way,Sealed,0,0,0,0,50,0,On,0,0,,76,Auckland,Give way,0,0,0,0,0,0,Urban,0,0,0,Light rain,Null
1759200.1269,5903431.5365,874407,,524200,0,,0,1,,Null,2024/2025,GEORGE BOLT MEMORIAL DRIVE,TOM PEARCE DRIVE,,Minor Crash,No,2024,,North,,0,,Flat,,,,,,Bright sun,727200,5,0,0,8,,,0,,,,,,Auckland Region,Nil,1-way,Sealed,,0,0,,50,,Off,1,1,,76,Auckland,Traffic Signals,,,,,0,0,Urban,0,,,Fine,Null
1769916.775,5909869.0793,874412,45,523113,0,,0,2,,Null,2025/2026,SMALES ROAD,TE IRIRANGI DRIVE,,Non-Injury Crash,No,2025,,East,,0,,Flat,,,,,,Overcast,711730,0,0,0,4,,,0,,,,,,Auckland Region,Nil,2-way,Sealed,,0,0,,60,,Off,0,0,,76,Auckland,Give way,,,,,0,0,Urban,0,,,Fine,Null
1755004.8397,5917637.5151,874415,,517500,0,0,0,2,0,North,2023/2024,ROSSMAY TERRACE,ALTHAM AVENUE,,Non-Injury Crash,No,2024,0,West,0,0,0,Flat,0,,0,,0,Dark,532102,0,0,0,2,0,0,0,0,1,,0,0,Auckland Region,Nil,2-way,Sealed,0,0,0,0,50,0,On,0,0,,76,Auckland,Nil,0,0,0,0,0,0,Urban,0,0,0,Light rain,Null
1754890.8218,5919837.7139,874416,,515301,1,,0,0,,Null,2022/2023,RICHMOND ROAD,FARRAR STREET,,Minor Crash,No,2023,,East,,0,,Hill Road,,,,,,Twilight,428500,1,0,0,2,,,0,,,,,,Auckland Region,Nil,2-way,Sealed,,0,0,,50,,Off,0,0,,76,Auckland,Stop,,,,,0,0,Urban,1,,,Fine,Null