X,Y,OBJECTID,advisorySpeed,areaUnitID,bicycle,bridge,bus,carStationWagon,cliffBank,crashDirectionDescription,crashFinancialYear,crashLocation1,crashLocation2,crashRoadSideRoad,crashSeverity,crashSHDescription,crashYear,debris,directionRoleDescription,ditch,fatalCount,fence,flatHill,guardRail,holiday,houseOrBuilding,intersection,kerb,light,meshblockId,minorInjuryCount,moped,motorcycle,NumberOfLanes,objectThrownOrDropped,otherObject,otherVehicleType,overBank,parkedVehicle,pedestrian,phoneBoxEtc,postOrPole,region,roadCharacter,roadLane,roadSurface,roadworks,schoolBus,seriousInjuryCount,slipOrFlood,speedLimit,strayAnimal,streetLight,suv,taxi,temporarySpeedLimit,tlaId,tlaName,trafficControl,trafficIsland,trafficSign,train,tree,truck,unknownVehicleType,urban,vanOrUtility,vehicle,waterRiver,weatherA,weatherB
1771997.151,5915246.8308,874425,,521602,0,,0,1,,Null,2024/2025,PICTON STREET,WELLINGTON STREET,,Serious Crash,No,2024,,North,,0,,Hill Road,,,,,,Bright sun,649900,0,0,0,2,,,0,,,1,,,Auckland Region,Nil,2-way,Sealed,,0,1,,50,,None,0,0,30,76,Auckland,Give way,,,,,0,0,Urban,0,,,Light rain,Null
1760820.3294,5916753.9799,874436,,516002,0,,0,2,,Null,2024/2025,REMUERA ROAD,RANUI ROAD,,Non-Injury Crash,No,2025,,East,,0,,Hill Road,,,,,,Dark,494200,0,0,0,4,,,0,,,,,,Auckland Region,Nil,2-way,Sealed,,0,0,,50,,On,0,0,,76,Auckland,Give way,,,,,0,0,Urban,0,,,Fine,Null
1756017.6256,5929643.4692,874440,,508510,0,,0,2,,North,2025/2026,FORREST HILL ROAD,HAVELOCK AVENUE,,Non-Injury Crash,No,2025,,North,,0,,Flat,,,,,,Overcast,194000,0,0,0,2,,,0,,,,,,Auckland Region,Nil,2-way,Sealed,,0,0,,50,,Off,0,0,,76,Auckland,Nil,,,,,0,0,Urban,0,,,Fine,Null
1756071.8099,5917499.5776,874452,,518102,1,,0,1,,North,2023/2024,DOMINION ROAD,VALLEY ROAD,,Minor Crash,No,2023,,North,,0,,Flat,,,,,,Bright sun,546000,1,0,0,2,,,0,,,1,,,Auckland Region,Nil,2-way,Sealed,,0,0,,50,,Off,0,0,,76,Auckland,Nil,,,,,0,0,Urban,0,,,Fine,Null
1752320.9024,5934617.4999,874456,,508701,0,,0,1,,East,2023/2024,OTEHA VALLEY ROAD,MILLS LANE,,Non-Injury Crash,No,2023,,North,,0,,Flat,,,,,,Bright sun,178501,0,0,0,2,,,0,,,,,,Auckland Region,Nil,1-way,Sealed,,0,0,,50,,Off,0,0,,76,Auckland,Nil,,,,,1,0,Urban,0,,,Fine,Null
1742478.45,5925132.5153,874461,,513410,0,0,0,1,0,Null,2024/2025,NORTHSIDE DRIVE,FRED TAYLOR DRIVE,,Minor Crash,No,2024,0,West,0,0,0,Hill Road,0,,0,,0,Dark,224000,1,0,0,2,0,0,0,0,0,,0,1,Auckland Region,Nil,2-way,Sealed,0,0,0,0,50,0,On,0,0,,76,Auckland,Traffic Signals,0,0,0,0,0,0,Urban,0,0,0,Fine,Null
1758891.1729,5926095.985,874464,,508020,0,,0,2,,West,2024/2025,LAKE ROAD,ONEPOTO ROAD,,Non-Injury Crash,No,2025,,West,,0,,Flat,,,,,,Bright sun,321400,0,0,0,2,,,0,,,,,,Auckland Region,Nil,2-way,Sealed,,0,0,,50,,Off,0,0,,76,Auckland,Nil,,,,,0,0,Urban,1,,,Fine,Null
1767852.0554,5880350.6913,874468,,525921,0,0,0,1,0,West,2025/2026,BERESFORD STREET,BARSANA PLACE,,Non-Injury Crash,No,2025,0,East,0,0,0,Hill Road,0,,0,,0,Bright sun,821301,0,0,0,2,0,0,0,0,1,,0,0,Auckland Region,Nil,2-way,Sealed,0,0,0,0,50,0,None,0,0,,76,Auckland,Nil,0,0,0,0,0,0,Urban,1,0,0,Fine,Null
1746933.8659,5926214.345,874469,,513431,0,0,0,2,0,North,2023/2024,HOBSONVILLE ROAD,SINTON ROAD EAST,,Non-Injury Crash,No,2023,0,North,0,0,0,Flat,0,,0,,0,Dark,221802,0,0,0,2,0,1,0,0,1,,0,0,Auckland Region,Nil,2-way,Sealed,0,0,0,0,50,0,On,0,0,,76,Auckland,Nil,0,0,0,0,0,0,Urban,0,0,0,Fine,Strong wind
1747485.1133,5914707.1454,874471,,511100,0,,0,2,,Null,2023/2024,GREAT NORTH ROAD,GLENVIEW ROAD,,Non-Injury Crash,No,2023,,North,,0,,Flat,,,,,,Bright sun,284800,0,0,0,6,,,0,,,,,,Auckland Region,Nil,2-way,Sealed,,0,0,,50,,Off,0,0,,76,Auckland,Traffic Signals,,,,,0,0,Urban,0,,,Fine,Null
1762778.6395,5917295.7905,874476,,516302,0,0,0,3,0,South,2025/2026,ST JOHNS ROAD,LAVENDER COURT,,Non-Injury Crash,No,2025,0,South,0,0,0,Flat,0,,0,,0,Twilight,462900,0,0,0,3,0,0,0,0,1,,0,0,Auckland Region,Nil,2-way,Sealed,0,0,0,0,50,0,Off,0,0,,76,Auckland,Nil,0,0,0,0,0,0,Urban,0,0,0,Fine,Null
1745214.7194,5936687.2959,874477,,506653,0,1,0,0,0,South,2023/2024,SUNNYSIDE ROAD,ROBINSON ROAD,,Minor Crash,No,2023,0,North,0,0,0,Flat,0,,0,,0,Overcast,217201,1,0,0,1,0,0,0,0,0,,0,0,Auckland Region,Bridge,2-way,Sealed,0,0,0,0,60,0,None,0,0,,76,Auckland,Nil,0,0,0,0,0,0,Urban,1,0,0,Fine,Null
1755115.4527,5929131.007,874478,,508420,0,,0,0,,South,2023/2024,WAIRAU ROAD,VIEW ROAD,,Non-Injury Crash,No,2023,,West,,0,,Flat,,,,,,Bright sun,183800,0,0,0,5,,,0,,,,,,Auckland Region,Nil,2-way,Sealed,,0,0,,50,,Off,1,0,,76,Auckland,Nil,,,,,0,0,Urban,1,,,Fine,Null
1751538.4021,5947915.2382,874481,,505808,0,0,0,1,0,Null,2023/2024,RED BEACH ROAD,HIBISCUS COAST HIGHWAY,,Non-Injury Crash,No,2023,0,North,0,0,0,Hill Road,0,,0,,0,Bright sun,172904,0,0,0,2,0,0,0,0,0,,0,0,Auckland Region,Nil,2-way,Sealed,0,0,0,0,50,0,None,0,0,,76,Auckland,Traffic Signals,0,1,0,0,0,0,Urban,0,0,0,Fine,Null
1761553.1224,5915771.8653,874483,,516003,0,0,0,1,0,Null,2023/2024,LADIES MILE,MARUA ROAD,,Serious Crash,No,2024,0,South,0,0,0,Flat,0,,0,,0,Overcast,494805,0,0,0,3,0,0,0,0,0,,0,1,Auckland Region,Nil,2-way,Sealed,0,0,1,0,50,0,Off,1,0,,76,Auckland,Traffic Signals,0,0,0,1,0,0,Urban,1,0,0,Fine,Null
1766860.1215,5901661.3909,874484,,524720,0,0,0,1,0,North,2024/2025,RUSSELL ROAD,HEALY ROAD,,Minor Crash,No,2025,0,South,0,0,0,Flat,0,,0,,0,Dark,777800,1,0,0,2,0,0,0,0,1,1,0,0,Auckland Region,Nil,2-way,Sealed,0,0,0,0,50,0,On,1,0,,76,Auckland,Nil,0,0,0,0,0,0,Urban,0,0,0,Fine,Null
1724930.3234,5940555.9322,874488,,506644,0,,0,2,,West,2024/2025,FORDYCE ROAD,RAABIA CLOSE,,Non-Injury Crash,No,2024,,South,,0,,Hill Road,,,,,,Dark,211004,0,0,0,2,,,0,,,,,,Auckland Region,Nil,2-way,Unsealed,,0,0,,80,,None,0,0,,76,Auckland,Nil,,,,,0,0,Open,0,,,Mist or Fog,Null
1753414.361,5884355.1252,874493,,521152,0,0,0,2,1,South,2023/2024,GLENBROOK BEACH ROAD,DUNSMUIR ROAD,,Minor Crash,No,2023,0,South,1,0,0,Flat,0,,0,,0,Overcast,833800,1,0,0,2,0,0,0,0,0,,0,0,Auckland Region,Nil,2-way,Sealed,0,0,0,0,80,0,None,0,0,,76,Auckland,Nil,0,0,0,1,0,0,Open,0,0,0,Fine,Null
1763995.2635,5913334.9865,874496,,520402,0,,0,2,,Null,2025/2026,LYNTON ROAD,STUD WAY,,Non-Injury Crash,No,2025,,South,,0,,Hill Road,,,,,,Dark,640400,0,0,0,2,,,0,,,,,,Auckland Region,Nil,2-way,Sealed,,0,0,,50,,On,0,0,,76,Auckland,Give way,,,,,0,0,Urban,0,,,Fine,Null
1752922.6653,5933205.3441,874502,,508701,0,,0,2,,East,2023/2024,ALBANY EXPRESSWAY,DATA WAY,,Non-Injury Crash,No,2023,,East,,0,,Hill Road,,,,,,Bright sun,178900,0,0,0,4,,,0,,,,,,Auckland Region,Nil,2-way,Sealed,,0,0,,80,,Off,0,0,,76,Auckland,Nil,,,,,0,0,Open,0,,,Fine,Null
1754293.8876,5913881.939,874510,,518802,0,,0,1,,West,2023/2024,SOUTH-WESTERN MOTORWAY,MAY OBR,,Non-Injury Crash,Yes,2023,,West,,0,,Flat,,,,,,Overcast,579200,0,0,0,3,,,0,,,,,,Auckland Region,Nil,1-way,Sealed,,0,0,,100,,Off,0,0,,76,Auckland,Nil,,,,,0,0,Open,1,,,Fine,Null
1761753.9772,5906573.0348,874512,,524520,0,0,0,1,0,Null,2024/2025,MASSEY ROAD,MASSEY ROAD ON RAMP,,Minor Crash,No,2025,0,South,0,0,0,Flat,1,,0,,0,Overcast,736300,1,0,0,5,0,0,0,0,0,,0,0,Auckland Region,Motorway ramp,2-way,Sealed,0,0,0,0,50,0,Off,0,0,,76,Auckland,Traffic Signals,0,0,0,0,0,0,Urban,0,0,0,Fine,Null
1765257.4847,5907427.9972,874516,,522301,0,,0,1,,Null,2023/2024,GREAT SOUTH ROAD,KAUTAMI AVENUE,,Non-Injury Crash,No,2023,,South,,0,,Flat,,,,,,Unknown,666100,0,0,0,2,,,0,,,,,,Auckland Region,Nil,2-way,Sealed,,0,0,,50,,Off,0,0,,76,Auckland,Stop,,,,,0,1,Urban,0,,,Fine,None
1764213.4824,5909539.4285,874520,,521901,0,,0,1,,Null,2024/2025,QUEEN STREET,PARK AVENUE,,Minor Crash,No,2025,,North,,0,,Flat,,,,,,Bright sun,784600,2,0,1,2,,,0,,,,,,Auckland Region,Nil,2-way,Sealed,,0,0,,50,,Off,0,0,,76,Auckland,Stop,,,,,0,0,Urban,0,,,Fine,Null
1758534.3457,5903265.6807,874525,,524200,0,0,0,0,0,West,2023/2024,TERMINAL EXIT ROAD,INTERNATIONAL MAIN ENT,,Non-Injury Crash,No,2024,0,South,0,0,0,Flat,0,,0,,0,Dark,727200,0,0,0,2,0,1,0,0,0,,0,0,Auckland Region,Nil,2-way,Sealed,0,0,0,0,30,0,On,1,0,,76,Auckland,Nil,0,0,0,0,0,0,Urban,0,0,0,Fine,Null
1754360.8651,5926545.6834,874527,,508610,0,,0,1,,Null,2023/2024,MOUNTBATTEN AVENUE,HUME DRIVE,,Minor Crash,No,2023,,East,,0,,Hill Road,,,,,,Bright sun,205500,1,0,1,2,,,0,,,,,,Auckland Region,Nil,2-way,Sealed,,0,0,,50,,Off,0,0,,76,Auckland,Nil,,,,,0,0,Urban,0,,,Fine,Null
1769850.1452,5899319.6258,874531,35,523920,0,0,0,1,0,South,2022/2023,MANUREWA-TAKANINI ON RAMP,GREAT SOUTH ROAD,,Non-Injury Crash,No,2023,0,North,0,0,0,Flat,1,,0,,0,Dark,767922,0,0,0,2,0,0,0,0,0,,0,0,Auckland Region,Motorway ramp,1-way,Sealed,0,0,0,0,50,0,On,0,0,,76,Auckland,Nil,0,0,0,0,0,0,Urban,0,0,0,Fine,Null
1768931.1451,5905851.9366,874535,,523721,0,0,0,2,0,Null,2024/2025,DAWSON ROAD,TE IRIRANGI DRIVE,,Minor Crash,No,2024,0,West,0,0,0,Flat,0,Christmas New Year,0,,0,Bright sun,715605,1,0,0,4,0,0,0,0,0,,0,0,Auckland Region,Nil,2-way,Sealed,0,0,0,0,50,0,Off,0,0,,76,Auckland,Traffic Signals,1,0,0,0,0,0,Urban,0,0,0,Fine,Null
1769300.6804,5905593.7732,874539,,523712,0,0,0,1,0,Null,2024/2025,CHAPEL ROAD,THOMAS ROAD,,Serious Crash,No,2024,0,South,0,0,0,Hill Road,0,,0,,0,Dark,713016,1,0,0,3,0,0,0,0,0,1,0,0,Auckland Region,Nil,2-way,Sealed,0,0,1,0,50,0,On,0,0,,76,Auckland,Traffic Signals,0,0,0,0,0,0,Urban,1,1,0,Fine,Null
1757759.6137,5918217.5511,874549,,515700,0,,0,2,,South,2024/2025,SOUTHERN MOTORWAY,MOUNTAIN OBR,,Minor Crash,Yes,2024,,North,,0,,Hill Road,,,,,,Overcast,443600,1,0,0,4,,,0,,,,,,Auckland Region,Nil,1-way,Sealed,,0,0,,80,,Off,0,0,,76,Auckland,Nil,,,,,0,0,Open,0,,,Fine,Null
1765369.8809,5898590.7099,874555,,524811,0,,0,0,,Null,2023/2024,GIBBONS ROAD,BOOKER PLACE,,Minor Crash,No,2024,,West,,0,,Flat,,,,,,Bright sun,773804,1,0,1,2,,,0,,,,,,Auckland Region,Nil,2-way,Sealed,,0,0,,30,,None,0,0,,76,Auckland,Nil,,,,,0,0,Urban,0,,,Fine,Null
1764746.0507,5915009.3622,874557,,520301,0,0,0,1,0,Null,2024/2025,FORGE WAY,MOUNTWELL CRESCENT,,Minor Crash,No,2024,0,South,0,0,0,Hill Road,0,,0,,0,Overcast,628203,1,0,0,2,0,0,0,0,0,,0,0,Auckland Region,Nil,2-way,Sealed,0,0,0,0,50,0,Off,0,0,,76,Auckland,Give way,0,0,0,1,0,0,Urban,0,0,0,Light rain,Null
1751160.8558,5926965.9311,874559,,510010,0,0,0,1,0,East,2023/2024,HAYMAN PLACE,MAVIS PLACE,,Non-Injury Crash,No,2023,0,West,0,0,0,Flat,0,,0,,0,Overcast,343000,0,0,0,1,0,0,1,0,1,1,0,0,Auckland Region,Nil,2-way,Sealed,0,0,0,0,50,0,Off,0,0,,76,Auckland,Nil,0,0,0,0,1,0,Urban,0,0,0,Fine,Null
1755249.3812,5919764.2627,874565,,515302,0,0,0,2,0,Null,2024/2025,NORFOLK STREET,KENT STREET,,Non-Injury Crash,No,2024,0,West,0,0,0,Flat,0,,0,,0,Dark,431800,0,0,0,2,0,0,0,0,1,,0,0,Auckland Region,Nil,2-way,Sealed,0,0,0,0,30,0,Null,0,0,,76,Auckland,Nil,0,0,0,0,0,0,Urban,0,0,0,Fine,Null
1745980.7995,5916986.1055,874568,,510800,0,,0,0,,South,2024/2025,NEWINGTON ROAD,GREAT NORTH ROAD,,Serious Crash,No,2025,,South,,0,,Flat,,,,,,Bright sun,243300,0,0,0,2,,,0,,,1,,,Auckland Region,Nil,2-way,Sealed,,0,1,,50,,None,0,0,,76,Auckland,Nil,,,,,0,0,Urban,1,,,Fine,Null
1768014.9458,5904273.2639,874577,,524602,0,,0,2,,North,2023/2024,SOUTHERN MOTORWAY,SOUTH-WESTERN MOTORWAY,,Non-Injury Crash,Yes,2023,,North,,0,,Hill Road,,,,,,Dark,780501,0,0,0,3,,,0,,,,,,Auckland Region,Nil,1-way,Sealed,,0,0,,100,,On,0,0,,76,Auckland,Nil,,,,,0,0,Open,0,,,Fine,None
1753859.8043,5925763.9593,874582,,508610,0,,0,0,,Null,2022/2023,GLENFIELD ROAD,MOORE STREET,,Non-Injury Crash,No,2023,,South,,0,,Flat,,Queens Birthday,,,,Dark,206900,0,0,1,2,,,0,,,,,,Auckland Region,Nil,2-way,Sealed,,0,0,,50,,On,0,0,,76,Auckland,Give way,,,,,0,0,Urban,0,,,Fine,Null
1764675.7704,5904737.2312,874585,,522100,0,0,0,1,0,West,2023/2024,MILAN ROAD,RAYMOND ROAD,,Non-Injury Crash,No,2023,0,West,0,0,0,Flat,0,,0,,0,Dark,660100,0,0,0,2,0,0,0,0,1,,0,0,Auckland Region,Nil,2-way,Sealed,0,0,0,0,50,0,On,1,0,,76,Auckland,Nil,0,0,0,0,0,0,Urban,0,0,0,Fine,Null
1744716.6618,5921449.2009,874589,,513530,0,,0,1,,North,2023/2024,NORTH-WESTERN MOTORWAY,HURUHURU OBR,,Minor Crash,Yes,2024,,South,,0,,Flat,,,,,,Dark,226200,1,0,1,3,,,0,,,,,,Auckland Region,Nil,1-way,Sealed,,0,0,,100,,On,0,0,,76,Auckland,Nil,,,,,0,0,Open,0,,,Fine,Null
1767796.2929,5903876.5118,874592,,524602,0,,0,2,,Null,2024/2025,GREAT SOUTH ROAD OFF RAMP,GREAT SOUTH ROAD,,Non-Injury Crash,No,2024,,West,,0,,Flat,,Christmas New Year,,,,Dark,780506,0,0,0,2,,,0,,,,,,Auckland Region,Nil,2-way,Sealed,,0,0,,50,,On,0,0,,76,Auckland,Give way,,,,,0,0,Urban,0,,,Fine,None
1755720.7136,5913415.5011,874595,,518701,0,0,0,2,0,South,2022/2023,FROST ROAD,CARR ROAD,,Non-Injury Crash,No,2023,0,North,0,0,0,Flat,0,,0,,0,Bright sun,569700,0,0,0,2,0,1,0,0,0,,0,0,Auckland Region,Nil,2-way,Sealed,0,0,0,0,50,0,Off,0,0,,76,Auckland,Nil,0,0,0,0,0,0,Urban,0,0,0,Fine,Null
1759589.8355,5909729.2497,874597,,524002,0,,0,0,,North,2024/2025,SOUTH-WESTERN MOTORWAY,HASTIE FTBR,,Minor Crash,Yes,2024,,North,,0,,Flat,,,,,,Dark,722400,1,0,0,3,,,0,,,,,,Auckland Region,Nil,1-way,Sealed,,0,0,,100,,On,1,0,,76,Auckland,Nil,,,,,0,0,Open,2,,,Fine,Null
1755640.3228,5943175.4162,874598,,505909,0,0,0,1,0,Null,2022/2023,FERRY ROAD,HAWAIIAN PARADE,,Minor Crash,No,2023,0,West,0,0,1,Flat,0,,0,,0,Overcast,173906,1,0,0,2,0,0,0,0,0,,0,1,Auckland Region,Nil,2-way,Sealed,0,0,0,0,50,0,Off,0,0,,76,Auckland,Give way,0,0,0,1,0,0,Urban,0,0,0,Fine,Null
1763886.7447,5917555.9011,874600,,516302,0,,0,1,,East,2025/2026,ST JOHNS ROAD,IPSWICH PLACE,,Minor Crash,No,2025,,West,,0,,Flat,,,,,,Dark,462700,1,0,0,2,,,0,,,1,,,Auckland Region,Nil,2-way,Sealed,,0,0,,50,,On,0,0,,76,Auckland,Nil,,,,,0,0,Urban,0,,,Fine,Null
1742147.6305,5920778.4819,874601,,513621,0,0,0,1,0,North,2023/2024,BIRDWOOD ROAD,CHAMBERLAIN ROAD,,Non-Injury Crash,No,2024,0,South,0,0,0,Hill Road,0,,0,,0,Dark,226602,0,0,0,2,0,0,0,1,0,,0,0,Auckland Region,Nil,2-way,Sealed,0,0,0,0,100,0,None,0,0,,76,Auckland,Nil,0,0,0,1,0,0,Open,0,0,0,Fine,Null
1772137.5173,5915123.7513,874605,,521501,0,0,0,1,0,Null,2023/2024,PICTON STREET,UXBRIDGE ROAD,,Non-Injury Crash,No,2024,0,South,0,0,0,Flat,0,,0,,0,Bright sun,652100,0,0,0,2,0,0,0,0,1,,0,0,Auckland Region,Nil,2-way,Sealed,0,0,0,0,50,0,Off,1,0,30,76,Auckland,Give way,0,0,0,0,0,0,Urban,0,0,0,Fine,Null
1767873.2827,5900930.4604,874607,,525001,0,0,0,1,0,East,2024/2025,RUSSELL ROAD,JUTLAND ROAD,,Serious Crash,No,2024,0,East,0,0,0,Flat,0,,0,,0,Dark,751800,1,0,0,2,0,0,0,0,0,,0,0,Auckland Region,Nil,2-way,Sealed,0,0,1,0,50,0,On,0,0,,76,Auckland,Nil,0,0,0,1,0,0,Urban,0,0,0,Fine,Null
1752873.2587,5933206.7025,874609,,508807,0,,0,1,,North,2023/2024,ALBANY EXPRESSWAY,TAWA DRIVE,,Non-Injury Crash,No,2024,,West,,0,,Hill Road,,,,,,Overcast,180405,0,0,0,4,,,0,,,,,,Auckland Region,Nil,2-way,Sealed,,0,0,,80,,Off,1,0,,76,Auckland,Nil,,,,,0,0,Open,0,,,Fine,Null
1749099.6686,5917128.3733,874613,,514801,0,,0,0,,North,2024/2025,ROSEBANK ROAD,CHARANN PLACE,,Minor Crash,No,2024,,West,,0,,Flat,,,,,,Bright sun,389300,1,0,1,2,,,0,,,,,,Auckland Region,Nil,2-way,Sealed,,0,0,,50,,Off,0,0,,76,Auckland,Nil,,,,,0,0,Urban,1,,,Fine,Null
1752508.4239,5918175.1437,874627,,515002,0,0,0,1,1,Null,2024/2025,OFF ROAD CARPARK,,,Serious Crash,No,2024,0,South,0,0,1,Flat,0,,0,,0,Bright sun,392500,0,0,0,0,0,0,0,0,0,1,1,0,Auckland Region,Nil,Null,Sealed,0,0,1,0,50,0,Off,0,0,,76,Auckland,Nil,0,0,0,0,0,0,Urban,0,0,0,Fine,Null
1741373.3204,5911485.463,874628,,512902,0,0,0,1,0,North,2024/2025,WEST COAST ROAD,BUSH ROAD,,Non-Injury Crash,No,2025,0,West,1,0,0,Hill Road,0,Queens Birthday,0,,0,Dark,279102,0,0,0,2,0,0,0,0,0,,0,0,Auckland Region,Nil,2-way,Sealed,0,0,0,0,60,0,None,0,0,,76,Auckland,Nil,0,0,0,0,0,0,Urban,0,0,0,Fine,Strong wind
1753410.1967,5937587.2074,874631,35,508900,0,0,0,1,1,North,2023/2024,OKURA RIVER ROAD,EAST COAST ROAD,,Non-Injury Crash,No,2024,0,North,0,0,0,Hill Road,0,,0,,0,Overcast,178203,0,0,0,2,0,0,0,0,0,,0,0,Auckland Region,Nil,2-way,Sealed,0,0,0,0,80,0,Off,0,0,,76,Auckland,Nil,0,1,0,0,0,0,Open,0,0,0,Fine,Null
1759870.7461,5914793.109,874633,,519400,0,0,0,0,0,Null,2024/2025,CAMPBELL ROAD,WHETURANGI ROAD,,Non-Injury Crash,No,2025,0,North,0,0,0,Hill Road,0,,0,,0,Bright sun,617800,0,0,0,4,0,0,0,0,0,,0,0,Auckland Region,Nil,2-way,Sealed,0,0,0,0,50,0,Off,0,0,,76,Auckland,Traffic Signals,0,1,0,0,0,0,Urban,1,0,0,Fine,Null
1762964.3798,5912921.205,874637,,520402,0,,0,3,,West,2025/2026,SOUTHERN MOTORWAY,SOUTH-EASTERN HWY OFF RAMP,,Non-Injury Crash,Yes,2025,,East,,0,,Flat,,,,,,Bright sun,642500,0,0,0,3,,,0,,,,,,Auckland Region,Nil,1-way,Sealed,,0,0,,100,,Off,0,0,,76,Auckland,Nil,,,,,0,0,Open,1,,,Fine,Null
1755955.223,5918570.7191,874640,,515500,0,,0,2,,South,2025/2026,NORTH-WESTERN MOTORWAY,NEWTON ROAD OFF RAMP,,Non-Injury Crash,Yes,2025,,North,,0,,Flat,,,,,,Dark,418600,0,0,0,4,,,0,,,,,,Auckland Region,Nil,1-way,Sealed,,0,0,,80,,On,1,0,,76,Auckland,Nil,,,,,0,0,Open,0,,,Light rain,Null
1758157.8406,5915768.8663,874641,,519300,0,,0,1,,North,2024/2025,MANUKAU ROAD,KING EDWARD AVENUE,,Minor Crash,No,2025,,South,,0,,Flat,,,,,,Overcast,622900,1,0,0,4,,,0,,,1,,,Auckland Region,Nil,2-way,Sealed,,0,0,,50,,Off,0,0,,76,Auckland,Nil,,,,,0,0,Urban,0,,,Fine,Null
1745586.8987,5926343.2955,874646,,513410,0,,0,2,,North,2022/2023,BRIGHAM CREEK ROAD,KAURI ROAD,,Non-Injury Crash,No,2023,,North,,0,,Flat,,,,,,Twilight,221700,0,0,0,2,,,0,,,,,,Auckland Region,Nil,2-way,Sealed,,0,0,,50,,None,0,0,,76,Auckland,Nil,,,,,0,0,Urban,0,,,Fine,Null
1755905.874,5916906.5048,874649,,518201,0,,0,3,,North,2024/2025,DOMINION ROAD,PAICE AVENUE,,Non-Injury Crash,No,2025,,Null,,0,,Flat,,,,,,Dark,549100,0,0,0,2,,,0,,,,,,Auckland Region,Nil,2-way,Sealed,,0,0,,50,,Null,0,0,,76,Auckland,Nil,,,,,0,0,Urban,0,,,Light rain,Null
1759202.1684,5903460.39,874652,,524200,0,,0,1,,Null,2024/2025,GEORGE BOLT MEMORIAL DRIVE,TOM PEARCE DRIVE,,Non-Injury Crash,No,2025,,South,,0,,Flat,,,,,,Bright sun,727200,0,0,0,4,,,0,,,,,,Auckland Region,Nil,1-way,Sealed,,0,0,,50,,Null,1,0,,76,Auckland,Traffic Signals,,,,,0,0,Urban,0,,,Fine,Null
1747323.6859,5919569.828,874659,,512402,0,0,0,0,0,North,2024/2025,TE ATATU ROAD OFF RAMP,TE ATATU ROAD,,Minor Crash,No,2024,0,West,0,0,0,Hill Road,1,,0,,0,Dark,253700,1,0,0,2,0,0,0,0,0,,0,0,Auckland Region,Motorway ramp,1-way,Sealed,0,0,0,0,50,0,On,0,0,,76,Auckland,Nil,0,0,0,0,0,0,Urban,1,0,0,Fine,Null
1769401.262,5913038.4982,874661,,522723,0,,0,1,,South,2024/2025,BEN LOMOND CRESCENT,CASCADES ROAD,,Non-Injury Crash,No,2024,,North,,0,,Flat,,,,,,Overcast,682900,0,0,0,2,,,0,,,,,,Auckland Region,Nil,2-way,Sealed,,0,0,,50,,None,0,0,,76,Auckland,Nil,,,,,1,0,Urban,0,,,Fine,Null
1757783.8723,5918194.5323,874663,,515700,0,,0,2,,South,2024/2025,SOUTHERN MOTORWAY,MOUNTAIN OBR,,Minor Crash,Yes,2024,,North,,0,,Flat,,,,,,Bright sun,443600,2,0,0,4,,,0,,,,,,Auckland Region,Nil,1-way,Sealed,,0,0,,80,,Off,0,0,,76,Auckland,Nil,,,,,0,0,Open,0,,,Fine,Null
1768486.2021,5900660.6657,874665,,525101,0,,0,2,,Null,2023/2024,WEYMOUTH ROAD,CHURCHILL AVENUE,,Non-Injury Crash,No,2024,,East,,0,,Flat,,,,,,Twilight,771100,0,0,0,2,,,0,,,,,,Auckland Region,Nil,2-way,Sealed,,0,0,,50,,Off,0,0,,76,Auckland,Give way,,,,,0,0,Urban,0,,,Fine,Null
1743599.2163,5919836.6439,874667,,513632,0,,0,3,,North,2024/2025,DON BUCK ROAD,GLEN ROAD,,Minor Crash,No,2024,,North,,0,,Hill Road,,,,,,Overcast,229200,2,0,0,2,,,0,,,,,,Auckland Region,Nil,2-way,Sealed,,0,0,,50,,Off,1,0,,76,Auckland,Nil,,,,,0,0,Urban,0,,,Fine,Null
1750761.3362,5915559.7382,874669,,514802,0,,0,1,,Null,2024/2025,ASH STREET,ROSEBANK ROAD,,Non-Injury Crash,No,2024,,North,,0,,Flat,,,,,,Dark,386600,0,0,1,4,,,0,,,,,,Auckland Region,Nil,2-way,Sealed,,0,0,,50,,On,0,0,,76,Auckland,Traffic Signals,,,,,0,0,Urban,0,,,Fine,Null
1747975.0378,5960767.8566,874673,,506613,0,0,0,2,0,North,2023/2024,NORTHERN MOTORWAY,PUHOI ROAD ON RAMP,,Non-Injury Crash,Yes,2024,1,South,0,0,0,Hill Road,0,,0,,0,Bright sun,146800,0,0,0,2,0,0,0,0,0,,0,0,Auckland Region,Nil,2-way,Sealed,0,0,0,0,100,0,None,0,0,,76,Auckland,Nil,0,0,0,0,0,0,Open,0,0,0,Fine,Null
1765955.8468,5900698.4147,874675,,524711,0,0,0,2,0,North,2023/2024,ROSCOMMON ROAD,WORDSWORTH ROAD,,Non-Injury Crash,No,2024,0,South,0,0,0,Flat,0,,0,,0,Dark,774505,0,0,0,1,0,0,0,0,1,,0,0,Auckland Region,Nil,1-way,Sealed,0,0,0,0,50,0,On,0,0,,76,Auckland,Nil,0,0,0,0,0,0,Urban,0,0,0,Fine,Null
1752501.9773,5915918.9246,874676,,517902,0,,0,1,,North,2025/2026,RICHARDSON ROAD,ALLENDALE ROAD,,Minor Crash,No,2025,,North,,0,,Flat,,,,,,Overcast,520700,2,0,0,2,,,0,,,2,,,Auckland Region,Nil,2-way,Sealed,,0,0,,50,,Off,0,0,,76,Auckland,Nil,,,,,0,0,Urban,0,,,Fine,Null