X,Y,OBJECTID,advisorySpeed,areaUnitID,bicycle,bridge,bus,carStationWagon,cliffBank,crashDirectionDescription,crashFinancialYear,crashLocation1,crashLocation2,crashRoadSideRoad,crashSeverity,crashSHDescription,crashYear,debris,directionRoleDescription,ditch,fatalCount,fence,flatHill,guardRail,holiday,houseOrBuilding,intersection,kerb,light,meshblockId,minorInjuryCount,moped,motorcycle,NumberOfLanes,objectThrownOrDropped,otherObject,otherVehicleType,overBank,parkedVehicle,pedestrian,phoneBoxEtc,postOrPole,region,roadCharacter,roadLane,roadSurface,roadworks,schoolBus,seriousInjuryCount,slipOrFlood,speedLimit,strayAnimal,streetLight,suv,taxi,temporarySpeedLimit,tlaId,tlaName,trafficControl,trafficIsland,trafficSign,train,tree,truck,unknownVehicleType,urban,vanOrUtility,vehicle,waterRiver,weatherA,weatherB
1749206.8232,5970357.557,874678,,505500,0,0,0,2,0,Null,2022/2023,NEVILLE STREET,MILL LANE,,Minor Crash,No,2023,0,South,0,0,0,Hill Road,0,,0,,0,Bright sun,140900,1,0,0,2,0,0,0,0,0,,0,0,Auckland Region,Nil,2-way,Sealed,0,0,0,0,50,0,Off,0,0,,76,Auckland,Stop,1,0,0,0,0,0,Urban,0,0,0,Fine,Null
1755088.5478,5927149.2044,874684,,508620,0,0,0,2,0,West,2023/2024,CORONATION ROAD,HILLCREST AVENUE,,Non-Injury Crash,No,2024,0,West,0,0,0,Flat,0,,0,,0,Overcast,203500,0,0,0,2,0,0,0,0,1,,0,0,Auckland Region,Nil,2-way,Sealed,0,0,0,0,50,0,Off,0,0,,76,Auckland,Nil,0,0,0,0,0,0,Urban,0,0,0,Fine,Null
1765176.03,5914523.2388,874703,,520602,0,,1,1,,Null,2024/2025,SOUTH EASTERN BUSWAY,BASIN VIEW LANE,,Non-Injury Crash,No,2024,,South,,0,,Flat,,,,,,Bright sun,628700,0,0,0,2,,,0,,,,,,Auckland Region,Nil,2-way,Sealed,,0,0,,50,,Off,0,0,,76,Auckland,Traffic Signals,,,,,0,0,Urban,0,,,Fine,Null
1768343.347,5913628.7113,874707,,523000,0,0,0,2,0,Null,2024/2025,GOSSAMER DRIVE,WYMAN PLACE,,Non-Injury Crash,No,2024,0,South,0,0,0,Flat,0,,0,,0,Dark,690800,0,0,0,2,0,0,0,0,1,,0,0,Auckland Region,Nil,2-way,Sealed,0,0,0,0,50,0,On,1,0,,76,Auckland,Give way,0,0,0,0,0,0,Urban,0,0,0,Fine,Null
1763795.8453,5909161.4168,874711,,521901,0,,0,2,,South,2022/2023,AWA STREET,NIKAU ROAD,,Non-Injury Crash,No,2023,,North,,0,,Flat,,,,,,Bright sun,785100,0,0,0,2,,,0,,,,,,Auckland Region,Nil,2-way,Sealed,,0,0,,50,,Off,0,0,,76,Auckland,Nil,,,,,0,0,Urban,0,,,Null,None
1749008.1957,5913422.2004,874722,,511401,0,0,0,2,0,North,2024/2025,TITIRANGI ROAD,SKILGATE AVENUE,,Non-Injury Crash,No,2024,0,North,0,0,0,Flat,0,,0,,0,Bright sun,263700,0,0,0,2,0,0,0,0,1,,0,0,Auckland Region,Nil,2-way,Sealed,0,0,0,0,50,0,None,0,0,,76,Auckland,Nil,0,0,0,0,0,0,Urban,0,0,0,Fine,Null
1745632.6113,5916829.2998,874726,,510800,0,,0,3,,South,2024/2025,VITASOVICH AVENUE,BRISCOES CARPARK ENT,,Non-Injury Crash,No,2024,,South,,0,,Flat,,,,,,Overcast,243300,0,0,0,2,,,0,,,,,,Auckland Region,Nil,2-way,Sealed,,0,0,,50,,Off,0,0,,76,Auckland,Nil,,,,,0,0,Urban,0,,,Fine,Null
1767129.9,5903929.6042,874729,,524602,0,,0,1,,East,2022/2023,SOUTH-WESTERN MOTORWAY,WIRI STATION OBR,,Minor Crash,Yes,2023,,East,,0,,Flat,,,,,,Bright sun,780416,1,0,0,3,,,0,,,,,,Auckland Region,Underpass,1-way,Sealed,,0,0,,100,,Off,0,0,,76,Auckland,Nil,,,,,0,0,Open,1,,,Fine,Null
1755543.0795,5924975.7321,874730,,509800,0,,0,1,,South,2024/2025,LAKE ROAD,KAWANA STREET,,Minor Crash,No,2025,,East,,0,,Hill Road,,,,,,Twilight,360300,1,0,0,2,,,0,,,1,,,Auckland Region,Nil,2-way,Sealed,,0,0,,50,,Off,0,0,,76,Auckland,Nil,,,,,0,0,Urban,0,,,Fine,Null
1775046.9406,5908822.5073,874732,,523202,0,0,0,1,0,Null,2024/2025,SANDSTONE ROAD,WHITFORD PARK ROAD,,Non-Injury Crash,No,2024,0,South,1,0,0,Hill Road,0,,0,,0,Dark,716602,0,0,0,3,0,0,0,0,0,,0,0,Auckland Region,Nil,2-way,Sealed,0,0,0,0,80,0,None,0,0,50,76,Auckland,Give way,0,0,0,0,0,0,Open,0,0,0,Light rain,Strong wind
1755169.2597,5917355.8329,874737,,517701,0,,0,1,,South,2022/2023,SANDRINGHAM ROAD,SHAW STREET,,Minor Crash,No,2023,,North,,0,,Flat,,,,,,Bright sun,536500,1,0,0,2,,,0,,,1,,,Auckland Region,Nil,2-way,Sealed,,0,0,,50,,Off,0,0,,76,Auckland,Nil,,,,,0,0,Urban,1,,,Fine,Null
1771548.3466,5897771.7046,874744,,523912,0,,0,2,,South,2023/2024,GREAT SOUTH ROAD,WALTERS ROAD,,Non-Injury Crash,No,2023,,South,,0,,Flat,,Christmas New Year,,,,Dark,767808,0,0,0,4,,,0,,,,,,Auckland Region,Nil,2-way,Sealed,,0,0,,50,,On,0,0,,76,Auckland,Nil,,,,,0,0,Urban,0,,,Fine,None
1764381.4948,5911212.7677,874746,,520500,0,,0,2,,Null,2022/2023,MANGAHOE ROAD,HILLSIDE ROAD,,Non-Injury Crash,No,2023,,South,,0,,Flat,,,,,,Bright sun,636500,0,0,0,2,,,0,,,,,,Auckland Region,Nil,2-way,Sealed,,0,0,,50,,None,0,0,,76,Auckland,Stop,,,,,0,0,Urban,0,,,Fine,None
1768263.017,5905269.0923,874755,,523722,0,,0,0,,Null,2025/2026,TE IRIRANGI DRIVE,SHALIMAR PLACE,,Minor Crash,No,2025,,West,,0,,Flat,,,,,,Dark,715904,1,0,1,4,,,0,,,,,,Auckland Region,Nil,2-way,Sealed,,0,0,,60,,On,0,0,,76,Auckland,Give way,,,,,0,1,Urban,0,,,Fine,Null
1764084.6147,5910109.3937,874756,,521901,0,,0,2,,West,2023/2024,PRINCES STREET,ATKINSON AVENUE,,Non-Injury Crash,No,2024,,East,,0,,Flat,,,,,,Overcast,782200,0,0,0,4,,,0,,,,,,Auckland Region,Nil,2-way,Sealed,,0,0,,50,,Off,0,0,,76,Auckland,Nil,,,,,0,0,Urban,0,,,Light rain,Null
1754880.7716,5914553.6404,874758,,518500,0,,0,0,,West,2023/2024,MOUNT ALBERT ROAD,MONS AVENUE,,Non-Injury Crash,No,2023,,South,,0,,Flat,,,,,,Dark,560300,0,0,0,2,,,0,,,,,,Auckland Region,Nil,2-way,Sealed,,0,0,,50,,On,1,0,,76,Auckland,Nil,,,,,0,0,Urban,1,,,Light rain,None
1767369.5137,5913441.4741,874761,,522820,0,0,0,0,0,East,2022/2023,PAKURANGA ROAD,LEWIS ROAD,,Non-Injury Crash,No,2023,0,West,0,0,1,Flat,0,,0,,0,Bright sun,694900,0,0,0,6,0,0,0,0,0,,0,1,Auckland Region,Nil,2-way,Sealed,0,0,0,0,60,0,On,0,0,,76,Auckland,Nil,0,0,0,0,0,0,Urban,1,0,0,Fine,Null
1755096.1609,5929149.7109,874764,,508420,0,,0,2,,Null,2023/2024,WAIRAU ROAD,VIEW ROAD,,Non-Injury Crash,No,2024,,South,,0,,Hill Road,,,,,,Bright sun,183800,0,0,0,5,,,0,,,,,,Auckland Region,Nil,2-way,Sealed,,0,0,,50,,Off,0,0,,76,Auckland,Give way,,,,,0,0,Urban,0,,,Fine,Null
1743534.944,5920272.7049,874770,,513622,0,0,0,0,0,North,2024/2025,DON BUCK ROAD,GORDON STANLEY DRIVE,,Serious Crash,No,2024,0,North,0,0,0,Hill Road,0,,0,,0,Dark,226902,0,0,1,2,0,0,0,0,0,,0,1,Auckland Region,Nil,2-way,Sealed,0,0,1,0,50,0,On,0,0,,76,Auckland,Nil,0,0,0,0,0,0,Urban,0,0,0,Fine,Null
1764034.0257,5912935.558,874771,,520500,0,,0,1,,East,2024/2025,SOUTH-EASTERN HIGHWAY,SOUTH-EASTERN OBR ,,Non-Injury Crash,No,2025,,West,,0,,Flat,,,,,,Bright sun,637500,0,0,0,2,,,0,,,,,,Auckland Region,Nil,1-way,Sealed,,0,0,,80,,Off,0,0,,76,Auckland,Nil,,,,,0,0,Open,1,,,Fine,Null
1755025.1321,5913752.044,874786,,518803,0,,0,2,,Null,2022/2023,DOMINION ROAD,DENBIGH AVENUE,,Non-Injury Crash,No,2023,,South,,0,,Flat,,,,,,Dark,581200,0,0,0,1,,,0,,,,,,Auckland Region,Nil,1-way,Sealed,,0,0,,50,,On,0,0,,76,Auckland,Give way,,,,,0,0,Urban,0,,,Mist or Fog,Null
1779267.7229,5914330.1475,874787,,523300,0,0,0,0,0,North,2024/2025,WHITFORD MARAETAI ROAD,OKARORO DRIVE,,Non-Injury Crash,No,2024,0,South,0,0,1,Flat,0,,0,,0,Overcast,718900,0,0,0,2,0,0,0,0,0,,0,0,Auckland Region,Nil,2-way,Sealed,0,0,0,0,80,0,None,1,0,20,76,Auckland,Nil,0,0,0,0,0,0,Open,0,0,0,Heavy rain,Null
1770880.8028,5913619.0793,874788,,523101,0,0,0,2,0,South,2023/2024,BOTANY ROAD,KURNELL DRIVE,,Non-Injury Crash,No,2024,0,South,0,0,0,Flat,0,,0,,0,Dark,710522,0,0,0,2,0,0,0,0,1,,0,0,Auckland Region,Nil,2-way,Sealed,0,0,0,0,50,0,On,1,0,,76,Auckland,Nil,0,0,0,0,0,0,Urban,0,0,0,Light rain,Null
1759522.7275,5913029.4619,874798,,519720,0,0,1,1,0,West,2023/2024,MOUNT SMART ROAD,VICTORIA STREET,,Non-Injury Crash,No,2024,0,West,0,0,0,Flat,0,,0,,0,Bright sun,594400,0,0,0,2,0,0,0,0,0,,0,0,Auckland Region,Nil,2-way,Sealed,0,0,0,0,50,0,Null,0,0,,76,Auckland,Nil,0,0,0,0,0,0,Urban,0,1,0,Fine,Null
1756277.446,5919198.9366,874800,,514200,0,,0,2,,Null,2023/2024,NEWTON ROAD,CHAPMAN STREET,,Non-Injury Crash,No,2024,,South,,0,,Hill Road,,,,,,Bright sun,411700,0,0,0,1,,,0,,,,,,Auckland Region,Nil,1-way,Sealed,,0,0,,50,,Off,0,0,,76,Auckland,Nil,,,,,0,0,Urban,0,,,Fine,Null
1766560.2703,5913099.6029,874806,,522920,0,,0,0,,North,2024/2025,TI RAKAU DRIVE,PALM AVENUE,,Minor Crash,No,2024,,North,,0,,Null,,,,,,Unknown,683900,1,0,0,3,,,0,,,,,,Auckland Region,Nil,1-way,Sealed,,0,0,,50,,Null,1,0,,76,Auckland,Nil,,,,,0,0,Urban,1,,,Fine,Null
1768918.9617,5914225.5008,874810,,522723,0,,0,2,,North,2024/2025,PAKURANGA ROAD,CASCADES ROAD,,Non-Injury Crash,No,2024,,South,,0,,Hill Road,,,,,,Overcast,681400,0,0,0,6,,,0,,,,,,Auckland Region,Nil,2-way,Sealed,,0,0,,50,,Off,0,0,,76,Auckland,Nil,,,,,0,0,Urban,0,,,Fine,Null
1753719.4306,5936754.9859,874814,,506300,0,,0,2,,Null,2024/2025,LONELY TRACK ROAD,EAST COAST ROAD,,Non-Injury Crash,No,2024,,North,,0,,Flat,,,,,,Overcast,176106,0,0,0,2,,,0,,,,,,Auckland Region,Nil,2-way,Sealed,,0,0,,50,,Off,0,0,,76,Auckland,Give way,,,,,0,0,Urban,0,,,Fine,Null
1770729.098,5898555.0637,874817,,523920,0,,0,0,,South,2022/2023,GREAT SOUTH ROAD,TAKA STREET,,Minor Crash,No,2023,,North,,0,,Flat,,,,,,Bright sun,767503,1,0,1,4,,,0,,,,,,Auckland Region,Nil,2-way,Sealed,,0,0,,50,,Off,0,0,,76,Auckland,Nil,,,,,0,0,Urban,1,,,Fine,Null
1755027.2775,5930045.1873,874820,,508420,0,,0,1,,Null,2023/2024,SUNNYNOOK ROAD,LINK DRIVE,,Non-Injury Crash,No,2024,,East,,0,,Flat,,,,,,Bright sun,182300,0,0,0,2,,,0,,,,,,Auckland Region,Nil,2-way,Sealed,,0,0,,50,,Off,1,0,,76,Auckland,Give way,,,,,0,0,Urban,0,,,Fine,Null
1752965.1633,5928214.4487,874828,,508210,0,,0,1,,Null,2024/2025,KAIPATIKI ROAD,EASTON PARK PARADE,,Non-Injury Crash,No,2024,,East,,0,,Flat,,,,,,Bright sun,186401,0,0,0,2,,,0,,,,,,Auckland Region,Nil,2-way,Sealed,,0,0,,50,,Off,1,0,,76,Auckland,Give way,,,,,0,0,Urban,0,,,Fine,Null
1769330.358,5902340.4711,874834,,523814,0,,0,1,,North,2023/2024,SOUTHERN MOTORWAY,HILL ROAD-MANUREWA OFF RAMP,,Non-Injury Crash,Yes,2024,,South,,0,,Flat,,,,,,Bright sun,760701,0,0,0,4,,,0,,,,,,Auckland Region,Nil,1-way,Sealed,,0,0,,100,,Off,0,0,,76,Auckland,Nil,,,,,0,0,Open,1,,,Fine,Null
1765181.2114,5914855.3044,874835,,520301,0,0,0,1,0,West,2024/2025,PLEASANT VIEW ROAD,PILKINGTON ROAD,,Non-Injury Crash,No,2025,0,East,0,0,0,Null,0,,0,,0,Bright sun,628002,0,0,0,2,0,0,0,0,1,,0,0,Auckland Region,Nil,2-way,Sealed,0,0,0,0,50,0,Null,0,0,,76,Auckland,Nil,0,0,0,0,0,1,Urban,0,0,0,Fine,Null
1759720.1813,5910153.5951,874842,,524002,0,0,0,0,0,North,2023/2024,MAHUNGA DRIVE,MIRO ROAD,,Minor Crash,No,2024,0,South,0,0,0,Flat,0,,0,,0,Overcast,722400,1,0,0,2,0,0,0,0,1,,0,0,Auckland Region,Nil,2-way,Sealed,0,0,0,0,50,0,Off,0,0,,76,Auckland,Nil,0,0,0,0,1,0,Urban,1,0,0,Fine,Null
1755477.9053,5920520.6018,874855,,514000,0,,0,1,,Null,2024/2025,PONSONBY ROAD,RENALL STREET,,Minor Crash,No,2025,,South,,0,,Flat,,,,,,Bright sun,415400,1,0,0,2,,,0,,,1,,,Auckland Region,Nil,1-way,Sealed,,0,0,,40,,Off,0,0,,76,Auckland,Give way,,,,,0,0,Urban,0,,,Fine,Null
1767663.7561,5880125.7829,874859,,525921,0,,0,1,,North,2024/2025,PUNI ROAD,WARD STREET,,Non-Injury Crash,No,2024,,South,,0,,Hill Road,,,,,,Dark,821301,0,0,0,2,,,0,,,,,,Auckland Region,Nil,2-way,Sealed,,0,0,,50,,On,0,0,,76,Auckland,Nil,,,,,0,0,Urban,1,,,Null,Null
1758218.5495,5926459.6411,874860,,508020,0,,0,1,,Null,2023/2024,ESMONDE ROAD,BURNS AVENUE,,Non-Injury Crash,No,2023,,South,,0,,Hill Road,,,,,,Bright sun,325402,0,0,0,2,,,0,,,,,,Auckland Region,Nil,2-way,Sealed,,0,0,,,,Off,0,0,,76,Auckland,Traffic Signals,,,,,0,1,Urban,0,,,Fine,Null
1753377.4034,5913722.2671,874862,,518901,0,0,0,0,0,Null,2024/2025,JOHN DAVIS ROAD,WAYNE PLACE,,Non-Injury Crash,No,2024,0,South,0,0,0,Flat,0,,0,,0,Bright sun,583703,0,0,0,2,0,0,0,0,1,,0,0,Auckland Region,Nil,2-way,Sealed,0,0,0,0,50,0,None,0,0,,76,Auckland,Nil,0,0,0,0,0,0,Urban,2,0,0,Fine,Null
1767447.3327,5899078.2662,874865,,525102,0,,0,2,,East,2022/2023,MAHIA ROAD,ANGLERS WAY,,Non-Injury Crash,No,2023,,West,,0,,Flat,,,,,,Bright sun,772902,0,0,0,2,,,0,,,,,,Auckland Region,Nil,2-way,Sealed,,0,0,,50,,Off,0,0,,76,Auckland,Nil,,,,,0,0,Urban,0,,,Fine,Null
1765591.8478,5905863.2811,874872,,522202,0,,0,2,,Null,2023/2024,CARRUTH ROAD,ST GEORGE STREET,,Non-Injury Crash,No,2024,,North,,0,,Flat,,,,,,Bright sun,665000,0,0,0,2,,,0,,,,,,Auckland Region,Nil,2-way,Sealed,,0,0,,50,,Off,0,0,,76,Auckland,Give way,,,,,0,0,Urban,0,,,Fine,None
1756874.6217,5943632.088,874874,,505902,0,0,0,2,0,South,2024/2025,WHANGAPARAOA ROAD,LADIES MILE,,Minor Crash,No,2024,0,East,0,0,0,Flat,0,,0,,0,Dark,174608,1,0,0,2,0,0,0,0,1,,0,0,Auckland Region,Nil,2-way,Sealed,0,0,0,0,50,0,On,0,0,,76,Auckland,Nil,0,0,0,0,0,0,Urban,0,0,0,Fine,Null
1763792.8993,5913706.9682,874876,,520402,0,,0,2,,Null,2023/2024,PENROSE ROAD,MOUNT WELLINGTON HIGHWAY,,Non-Injury Crash,No,2024,,South,,0,,Flat,,,,,,Dark,640002,0,0,0,4,,,0,,,,,,Auckland Region,Nil,2-way,Sealed,,0,0,,50,,On,0,0,,76,Auckland,Traffic Signals,,,,,0,0,Urban,0,,,Fine,None
1757016.1791,5919432.4589,874883,,514200,0,,0,1,,Null,2022/2023,UPPER QUEEN STREET,KARANGAHAPE ROAD,,Non-Injury Crash,No,2023,,East,,0,,Flat,,,,,,Overcast,412200,0,0,0,4,,,0,,,,,,Auckland Region,Nil,2-way,Sealed,,0,0,,30,,Null,0,0,,76,Auckland,Traffic Signals,,,,,0,0,Urban,1,,,Null,None
1761564.0067,5912454.7777,874886,,519500,0,0,0,0,0,Null,2023/2024,CHURCH STREET,BEASLEY AVENUE,,Non-Injury Crash,No,2024,0,East,0,0,0,Flat,0,,0,,1,Dark,622000,0,0,0,4,0,0,0,0,1,,0,0,Auckland Region,Nil,2-way,Sealed,0,0,0,0,50,0,On,2,0,,76,Auckland,Traffic Signals,0,1,0,1,0,0,Urban,0,0,0,Light rain,Null
1768411.6983,5900630.2341,874887,,525101,0,,0,1,,Null,2024/2025,WEYMOUTH ROAD,RUSSELL ROAD,,Non-Injury Crash,No,2024,,East,,0,,Flat,,,,,,Bright sun,771100,0,0,0,3,,,0,,,,,,Auckland Region,Nil,2-way,Sealed,,0,0,,50,,Off,0,0,,76,Auckland,Traffic Signals,,,,,0,0,Urban,1,,,Fine,Null
1754034.5372,5929475.4425,874888,,508420,0,,0,1,,Null,2024/2025,ELLICE ROAD,AYTON DRIVE,,Non-Injury Crash,No,2024,,North,,0,,Null,,,,,,Bright sun,183100,0,0,0,2,,,0,,,,,,Auckland Region,Nil,2-way,Sealed,,0,0,,50,,Off,1,0,,76,Auckland,Give way,,,,,0,0,Urban,0,,,Null,Null
1746485.296,5916388.9918,874892,,510800,0,0,0,0,0,West,2024/2025,JAMES LAURIE STREET,GREAT NORTH ROAD,,Non-Injury Crash,No,2024,0,West,0,0,0,Flat,0,,0,,0,Dark,244100,0,0,0,2,0,0,0,0,0,,0,1,Auckland Region,Nil,2-way,Sealed,0,0,0,0,50,0,On,0,0,,76,Auckland,Nil,0,0,0,0,0,0,Urban,1,0,0,Fine,Null
1758882.7698,5913770.4938,874900,35,519710,0,0,0,1,0,Null,2022/2023,ONEHUNGA MALL,CAMPBELL ROAD,,Non-Injury Crash,No,2023,0,North,0,0,1,Flat,0,,0,,0,Dark,593500,0,0,0,2,0,0,0,0,0,,0,0,Auckland Region,Nil,2-way,Sealed,0,0,0,0,50,0,On,0,0,,76,Auckland,Give way,0,0,0,0,0,0,Urban,0,0,0,Fine,None
1754388.5936,5916652.7082,874906,,517701,0,,0,2,,Null,2024/2025,ST LUKES ROAD,WAGENER PLACE,,Minor Crash,No,2024,,South,,0,,Flat,,,,,,Bright sun,536100,1,0,0,5,,,0,,,,,,Auckland Region,Nil,2-way,Sealed,,0,0,,50,,Off,0,0,,76,Auckland,Traffic Signals,,,,,0,0,Urban,1,,,Fine,Null
1769399.8795,5889566.405,874912,,521202,0,,0,0,,North,2024/2025,KARAKA ROAD,BLACKBRIDGE ROAD,,Serious Crash,Yes,2024,,East,,0,,Hill Road,,,,,,Bright sun,807100,1,0,0,2,,,0,,,,,,Auckland Region,Nil,2-way,Sealed,,0,1,,80,,None,1,0,,76,Auckland,Nil,,,,,0,0,Open,1,,,Fine,Null
1758206.2405,5920306.5563,874914,,514103,0,0,0,0,0,North,2023/2024,BEACH ROAD,CHURCHILL STREET,,Non-Injury Crash,No,2024,0,South,0,0,0,Flat,0,,0,,0,Dark,438309,0,0,0,3,0,0,0,0,1,,0,0,Auckland Region,Nil,2-way,Sealed,0,0,0,0,30,0,On,0,0,,76,Auckland,Nil,0,0,0,0,1,0,Urban,1,0,0,Fine,Null
1756715.4952,5919679.8024,874916,,514102,0,,0,1,,North,2024/2025,HOPETOUN STREET,ST JAMES STREET,,Minor Crash,No,2024,,North,,0,,Flat,,,,,,Overcast,435500,1,0,0,4,,,0,,,1,,,Auckland Region,Nil,2-way,Sealed,,0,0,,30,,None,0,0,,76,Auckland,Nil,,,,,0,0,Urban,0,,,Fine,Null
1767109.6169,5901685.253,874922,,524720,0,,0,2,,West,2023/2024,GLOUCESTER ROAD,BERKELEY ROAD,,Non-Injury Crash,No,2024,,East,,0,,Flat,,,,,,Overcast,777900,0,0,0,2,,,0,,,,,,Auckland Region,Nil,2-way,Sealed,,0,0,,50,,Off,0,0,,76,Auckland,Nil,,,,,0,0,Urban,0,,,Light rain,Null
1769335.4936,5902310.8926,874923,,524901,0,,0,1,,North,2023/2024,SOUTHERN MOTORWAY,HILL ROAD ON RAMP,,Non-Injury Crash,Yes,2024,,North,,0,,Hill Road,,,,,,Overcast,755600,0,0,0,3,,,0,,,,,,Auckland Region,Nil,1-way,Sealed,,0,0,,100,,Off,0,0,,76,Auckland,Nil,,,,,0,0,Open,0,,,Fine,Null
1765638.9708,5904925.9659,874926,,524603,0,,0,1,,Null,2023/2024,PUHINUI ROAD,PLUNKET AVENUE,,Minor Crash,No,2023,,East,,0,,Hill Road,,,,,,Twilight,673402,1,0,0,2,,,0,,,,,,Auckland Region,Nil,2-way,Sealed,,0,0,,50,,On,1,0,,76,Auckland,Nil,,,,,0,0,Urban,0,,,Fine,Null
1751930.6198,5915492.0686,874927,,517901,0,0,0,1,0,Null,2024/2025,NEW NORTH ROAD,BOLLARD AVENUE,,Non-Injury Crash,No,2024,0,South,0,0,0,Flat,0,,0,,0,Dark,523800,0,0,0,4,0,0,0,0,0,,0,1,Auckland Region,Nil,2-way,Sealed,0,0,0,0,50,0,On,0,0,,76,Auckland,Stop,0,0,0,0,0,0,Urban,0,0,0,Fine,Null
1742258.4169,5926714.3156,874929,,513410,0,0,0,1,0,Null,2023/2024,SH 16,KENNEDYS ROAD,,Minor Crash,Yes,2024,0,North,0,0,0,Flat,0,,0,,0,Overcast,220400,1,0,0,2,0,0,0,0,0,,0,1,Auckland Region,Nil,2-way,Sealed,0,0,0,0,80,0,Off,0,0,,76,Auckland,Stop,0,0,0,0,0,0,Open,0,0,0,Fine,Null
1739668.5962,5911881.6143,874930,35,513020,0,0,0,1,0,South,2023/2024,SCENIC DRIVE,BRABANT ROAD,,Non-Injury Crash,No,2024,0,South,0,0,0,Hill Road,0,,0,,0,Dark,280302,0,0,0,2,0,0,0,1,0,,0,0,Auckland Region,Nil,2-way,Sealed,0,0,0,0,100,0,None,0,0,,76,Auckland,Nil,0,0,0,2,0,0,Open,0,0,0,Mist or Fog,Null
1756201.5818,5924531.1516,874934,,509702,0,,0,2,,Null,2023/2024,ONEWA ROAD,ONEWA ROAD OFF RAMP,,Non-Injury Crash,No,2024,,East,,0,,Flat,,,,,,Dark,366700,0,0,0,2,,,0,,,,,,Auckland Region,Motorway ramp,1-way,Sealed,,0,0,,50,,On,0,0,,76,Auckland,Traffic Signals,,,,,0,0,Urban,0,,,Fine,Null
1770393.8632,5898129.8513,874936,,523920,0,0,0,1,0,West,2024/2025,KINDERGARTEN DRIVE,CHIBNALL PLACE,,Minor Crash,No,2025,0,East,0,0,0,Flat,0,,0,,0,Dark,767502,1,0,0,2,0,0,0,0,1,,0,0,Auckland Region,Nil,2-way,Sealed,0,0,0,0,50,0,On,1,0,,76,Auckland,Nil,0,0,0,0,0,0,Urban,0,0,0,Fine,Null
1754449.1387,5918343.8965,874937,,517600,0,0,0,0,0,West,2022/2023,NORTH-WESTERN MOTORWAY,MOUNTAIN VIEW OBR,,Non-Injury Crash,Yes,2023,0,West,0,0,0,Flat,1,,0,,0,Overcast,533000,0,0,0,4,0,0,0,0,0,,0,0,Auckland Region,Nil,1-way,Sealed,0,0,0,0,80,0,Off,0,0,,76,Auckland,Nil,0,0,0,0,0,0,Open,1,0,0,Light rain,Null
1753275.9414,5934471.5913,874939,,508704,0,0,0,1,1,Null,2024/2025,MEDALLION DRIVE,FERNHILL WAY,,Non-Injury Crash,No,2024,0,North,0,0,0,Hill Road,0,,0,,0,Overcast,179117,0,0,0,1,0,0,0,0,1,,0,0,Auckland Region,Nil,2-way,Sealed,0,0,0,0,50,0,Off,0,0,,76,Auckland,Give way,0,0,0,0,0,0,Urban,0,0,0,Fine,Null
1762933.7604,5912931.6747,874945,,520402,0,,0,1,,West,2022/2023,SOUTHERN MOTORWAY,SOUTH-EASTERN HWY OFF RAMP,,Non-Injury Crash,Yes,2023,,East,,0,,Flat,,,,,,Bright sun,642500,0,0,0,3,,,0,,,,,,Auckland Region,Nil,1-way,Sealed,,0,0,,100,,None,0,0,,76,Auckland,Nil,,,,,0,0,Open,1,,,Fine,Null
1761434.5711,5912292.6617,874950,,519500,0,,0,2,,South,2023/2024,NEILSON STREET,CHURCH STREET,,Non-Injury Crash,No,2024,,North,,0,,Hill Road,,,,,,Bright sun,622300,0,0,0,2,,,0,,,,,,Auckland Region,Nil,2-way,Sealed,,0,0,,50,,Off,0,0,,76,Auckland,Nil,,,,,0,0,Urban,0,,,Fine,Frost
1766512.7404,5903493.1758,874952,,524604,0,,0,1,,West,2023/2024,WIRI STATION ROAD,HOBILL AVENUE,,Non-Injury Crash,No,2024,,West,,0,,Flat,,,,,,Bright sun,780403,0,0,0,2,,,0,,,,,,Auckland Region,Nil,2-way,Sealed,,0,0,,50,,Off,0,0,,76,Auckland,Nil,,,,,0,0,Urban,1,,,Fine,Null
1751558.5656,5915416.2759,874955,,514401,0,0,1,0,0,South,2024/2025,BLOCKHOUSE BAY ROAD,TAIT STREET,,Non-Injury Crash,No,2024,0,South,0,0,0,Flat,0,,0,,0,Twilight,382500,0,0,0,2,0,0,0,0,0,,0,0,Auckland Region,Nil,2-way,Sealed,0,0,0,0,50,0,On,0,0,,76,Auckland,Nil,0,0,0,0,0,1,Urban,0,1,0,Null,Null
1746806.5748,5919904.5011,874956,,512300,0,,0,1,,Null,2024/2025,NORTH-WESTERN MOTORWAY,TE ATATU ROAD OFF RAMP,,Minor Crash,Yes,2024,,East,,0,,Flat,,,,,,Bright sun,251700,1,0,0,3,,,0,,,,,,Auckland Region,Nil,1-way,Sealed,,0,0,,100,,Off,0,0,,76,Auckland,Nil,,,,,1,0,Open,0,,,Fine,Null
1751833.5711,5948871.4653,874967,,505805,0,0,0,1,0,South,2024/2025,MILTON ROAD,WEITI ROAD,,Non-Injury Crash,No,2025,0,North,0,0,0,Null,0,,0,,0,Dark,172402,0,0,0,2,0,0,0,0,1,,0,0,Auckland Region,Nil,2-way,Sealed,0,0,0,0,50,0,Null,0,0,,76,Auckland,Nil,0,0,0,0,0,0,Urban,1,0,0,Light rain,Null