X,Y,OBJECTID,advisorySpeed,areaUnitID,bicycle,bridge,bus,carStationWagon,cliffBank,crashDirectionDescription,crashFinancialYear,crashLocation1,crashLocation2,crashRoadSideRoad,crashSeverity,crashSHDescription,crashYear,debris,directionRoleDescription,ditch,fatalCount,fence,flatHill,guardRail,holiday,houseOrBuilding,intersection,kerb,light,meshblockId,minorInjuryCount,moped,motorcycle,NumberOfLanes,objectThrownOrDropped,otherObject,otherVehicleType,overBank,parkedVehicle,pedestrian,phoneBoxEtc,postOrPole,region,roadCharacter,roadLane,roadSurface,roadworks,schoolBus,seriousInjuryCount,slipOrFlood,speedLimit,strayAnimal,streetLight,suv,taxi,temporarySpeedLimit,tlaId,tlaName,trafficControl,trafficIsland,trafficSign,train,tree,truck,unknownVehicleType,urban,vanOrUtility,vehicle,waterRiver,weatherA,weatherB
1755668.2136,5928400.7771,874971,,507900,0,,0,3,,South,2024/2025,WAIRAU ROAD,ARCHERS ROAD,,Non-Injury Crash,No,2025,,North,,0,,Null,,,,,,Bright sun,305100,0,0,0,4,,,0,,,,,,Auckland Region,Nil,2-way,Sealed,,0,0,,50,,Null,0,0,,76,Auckland,Nil,,,,,0,0,Urban,0,,,Fine,Null
1744329.5058,5915727.8253,874979,,510800,0,,0,2,,Null,2024/2025,BORDER ROAD,HENDERSON VALLEY ROAD,,Non-Injury Crash,No,2024,,East,,0,,Flat,,,,,,Dark,242400,0,0,0,2,,,0,,,,,,Auckland Region,Nil,2-way,Sealed,,0,0,,50,,On,0,0,,76,Auckland,Pointsman,,,,,0,0,Urban,0,,,Fine,Null
1764891.0381,5903734.8736,874980,,524604,0,,0,1,,East,2023/2024,SOUTH-WESTERN MOTORWAY,CAVENDISH UNDERPASS,,Non-Injury Crash,Yes,2024,,West,,0,,Flat,,,,,,Bright sun,781200,0,0,0,2,,,0,,,,,,Auckland Region,Bridge,1-way,Sealed,,0,0,,100,,Off,0,0,,76,Auckland,Nil,,,,,0,0,Open,1,,,Fine,Null
1758826.9941,5912115.1237,874982,,519820,0,,0,1,,Null,2024/2025,SELWYN STREET,FLEMING STREET,,Minor Crash,No,2024,,North,,0,,Flat,,,,,,Twilight,601700,1,0,0,4,,,0,,,1,,,Auckland Region,Nil,2-way,Sealed,,0,0,,50,,Off,0,0,,76,Auckland,Stop,,,,,0,0,Urban,0,,,Fine,Null
1752337.9832,5936649.7972,874983,,506300,0,,0,1,,North,2025/2026,NORTHERN MOTORWAY,LONELY TRACK OBR,,Serious Crash,Yes,2025,,South,,0,,Flat,,,,,,Dark,176106,0,0,0,3,,,0,,,,,,Auckland Region,Nil,1-way,Sealed,,0,1,,100,,None,0,0,,76,Auckland,Nil,,,,,1,0,Open,0,,,Light rain,Null
1771197.6508,5914811.2392,875003,,521602,0,0,0,3,0,South,2025/2026,RIDGE ROAD,ELLIOT STREET,,Non-Injury Crash,No,2025,0,South,0,0,0,Hill Road,0,,0,,0,Dark,647400,0,0,0,2,0,0,0,0,2,,0,0,Auckland Region,Nil,2-way,Sealed,0,0,0,0,50,0,Off,0,0,40,76,Auckland,Nil,0,0,0,0,0,0,Urban,0,0,0,Fine,Null
1767868.9437,5904653.0189,875004,,524604,0,0,0,1,0,South,2023/2024,SOUTHERN MOTORWAY,REDOUBT ROAD ON RAMP,,Non-Injury Crash,Yes,2024,0,North,0,0,0,Flat,1,,0,,0,Overcast,780302,0,0,1,3,0,0,0,0,0,,0,0,Auckland Region,Nil,1-way,Sealed,0,0,0,0,100,0,Off,0,0,,76,Auckland,Nil,0,0,0,0,0,0,Open,1,0,0,Fine,Null
1759593.4486,5909769.6163,875007,,524002,0,0,0,1,0,North,2025/2026,SOUTH-WESTERN MOTORWAY,HASTIE FTBR,,Non-Injury Crash,Yes,2025,0,South,0,0,0,Hill Road,0,,0,,0,Dark,722400,0,0,0,3,0,0,0,0,0,,0,0,Auckland Region,Nil,1-way,Sealed,0,0,0,0,100,0,On,0,0,,76,Auckland,Nil,0,0,0,1,0,0,Open,0,0,0,Fine,Null
1754120.927,5917288.8398,875008,,517600,0,,0,1,,Null,2024/2025,ATAWHAI LANE,NEW NORTH ROAD,,Minor Crash,No,2025,,North,,0,,Flat,,Christmas New Year,,,,Overcast,534900,1,0,0,2,,,0,,,1,,,Auckland Region,Nil,2-way,Sealed,,0,0,,50,,Off,0,0,,76,Auckland,Nil,,,,,0,0,Urban,0,,,Light rain,Null
1751678.6877,5917042.6827,875017,,514900,0,,0,2,,North,2023/2024,GREAT NORTH ROAD,ALVERSTON STREET,,Non-Injury Crash,No,2023,,North,,0,,Flat,,,,,,Bright sun,384200,0,0,0,4,,,0,,,,,,Auckland Region,Nil,2-way,Sealed,,0,0,,50,,None,0,0,,76,Auckland,Nil,,,,,0,0,Urban,0,,,Fine,Null
1756077.402,5918671.3086,875022,,515500,0,,0,1,,South,2023/2024,NORTH-WESTERN MOTORWAY,WAIMA FTBR,,Non-Injury Crash,Yes,2024,,North,,0,,Flat,,,,,,Dark,418700,0,0,0,4,,,0,,,,,,Auckland Region,Nil,1-way,Sealed,,0,0,,80,,On,1,0,,76,Auckland,Nil,,,,,0,0,Open,0,,,Light rain,Null
1763957.7189,5918874.7169,875024,,516601,0,,0,2,,South,2022/2023,KOHIMARAMA ROAD,SOUTHERN CROSS ROAD,,Non-Injury Crash,No,2023,,North,,0,,Flat,,,,,,Overcast,506400,0,0,0,2,,,0,,,,,,Auckland Region,Nil,2-way,Sealed,,0,0,,50,,Off,0,0,,76,Auckland,Nil,,,,,0,0,Urban,0,,,Fine,None
1770194.8685,5894596.4766,875026,,521201,0,,0,1,,East,2024/2025,HINGAIA ROAD,OAKLAND ROAD,,Minor Crash,No,2024,,North,,0,,Flat,,,,,,Dark,806700,1,0,0,2,,,0,,,,,,Auckland Region,Nil,2-way,Sealed,,0,0,,50,,On,0,0,30,76,Auckland,Nil,,,,,0,0,Urban,0,,,Fine,Null
1775947.4435,5881934.0867,875030,,521160,0,,0,0,,Null,2023/2024,MILL ROAD,BOMBAY OFF RAMP,,Non-Injury Crash,No,2024,,West,,0,,Flat,,,,,,Dark,827603,0,0,0,2,,,0,,,,,,Auckland Region,Motorway ramp,2-way,Sealed,,0,0,,50,,On,0,0,,76,Auckland,Stop,,,,,0,0,Urban,2,,,Light rain,Null
1767159.2118,5905546.9608,875032,,522302,0,,0,1,,East,2023/2024,REAGAN ROAD,GREAT SOUTH ROAD,,Non-Injury Crash,No,2024,,West,,0,,Flat,,,,,,Twilight,670700,0,0,0,5,,,0,,,,,,Auckland Region,Nil,2-way,Sealed,,0,0,,50,,On,0,0,,76,Auckland,Nil,,,,,0,0,Urban,1,,,Fine,Null
1752179.9436,5919158.347,875039,,515002,0,,0,0,,Null,2023/2024,WALFORD ROAD,WAINUI AVENUE,,Non-Injury Crash,No,2024,,South,,0,,Flat,,,,,,Bright sun,395400,0,0,0,2,,,0,,,,,,Auckland Region,Nil,2-way,Sealed,,0,0,,30,,Off,0,0,,76,Auckland,Give way,,,,,0,1,Urban,1,,,Fine,None
1767487.6903,5907665.002,875041,,523502,0,0,0,0,0,East,2023/2024,EAST TAMAKI ROAD,FERGUSON ROAD,,Serious Crash,No,2023,0,East,0,0,0,Flat,0,,0,,0,Overcast,701900,1,0,0,4,0,0,0,0,0,,0,0,Auckland Region,Nil,2-way,Sealed,0,0,1,0,50,0,Off,0,0,,76,Auckland,Nil,0,0,0,1,0,0,Urban,1,0,0,Heavy rain,Null
1758382.4698,5917882.7282,875049,,516001,0,,0,1,,Null,2024/2025,BROADWAY,MORTIMER PASS,,Serious Crash,No,2025,,North,,0,,Flat,,,,,,Bright sun,490701,0,0,0,4,,,0,,,1,,,Auckland Region,Nil,2-way,Sealed,,0,1,,50,,Off,0,0,,76,Auckland,Traffic Signals,,,,,0,0,Urban,0,,,Fine,Null
1752391.3178,5918136.888,875051,,515001,0,,0,2,,North,2023/2024,POINT CHEVALIER ROAD,GREAT NORTH ROAD,,Non-Injury Crash,No,2024,,North,,0,,Flat,,,,,,Bright sun,392400,0,0,0,2,,,0,,,,,,Auckland Region,Nil,2-way,Sealed,,0,0,,50,,Off,0,0,,76,Auckland,Nil,,,,,0,0,Urban,0,,,Fine,Null
1768590.419,5900703.7613,875054,,525002,0,,0,1,,Null,2023/2024,WEYMOUTH ROAD,SELWYN ROAD,,Non-Injury Crash,No,2024,,East,,0,,Flat,,,,,,Bright sun,752900,0,0,1,2,,,0,,,,,,Auckland Region,Nil,2-way,Sealed,,0,0,,50,,Off,0,0,,76,Auckland,Give way,,,,,0,0,Urban,0,,,Fine,Null
1757046.9947,5920857.6992,875066,,514101,0,,0,3,,Null,2024/2025,STURDEE STREET,MARKET PLACE,,Minor Crash,No,2024,,North,,0,,Flat,,,,,,Bright sun,433003,2,0,0,3,,,0,,,,,,Auckland Region,Nil,1-way,Sealed,,0,0,,30,,Off,0,0,,76,Auckland,Traffic Signals,,,,,0,0,Urban,0,,,Fine,Null
1747167.3891,5913797.8128,875067,,511100,0,,0,2,,Null,2022/2023,WEST COAST ROAD,GLENVIEW ROAD,,Minor Crash,No,2023,,East,,0,,Flat,,,,,,Dark,286200,1,0,0,5,,,0,,,,,,Auckland Region,Nil,2-way,Sealed,,0,0,,50,,On,0,0,,76,Auckland,Traffic Signals,,,,,0,0,Urban,0,,,Fine,Null
1754738.7772,5920870.4989,875073,,515201,0,,0,0,,Null,2024/2025,JERVOIS ROAD,WANGANUI AVENUE,,Non-Injury Crash,No,2024,,West,,0,,Null,,,,,,Twilight,423100,0,0,1,4,,,0,,,,,,Auckland Region,Nil,2-way,Sealed,,0,0,,50,,Null,1,0,,76,Auckland,Stop,,,,,0,0,Urban,0,,,Fine,Null
1751895.5176,5930887.1931,875077,,508807,0,,0,3,,Null,2024/2025,BUSH ROAD,ALBANY HIGHWAY,,Minor Crash,No,2025,,West,,0,,Flat,,,,,,Dark,180301,1,0,0,6,,,0,,,,,,Auckland Region,Nil,2-way,Sealed,,0,0,,50,,On,0,0,,76,Auckland,Traffic Signals,,,,,0,0,Urban,0,,,Fine,Null
1742489.0526,5926409.121,875078,,513410,0,,0,0,,Null,2023/2024,NORTH-WESTERN MOTORWAY,SH 16,,Non-Injury Crash,Yes,2024,,West,,0,,Flat,,,,,,Bright sun,223100,0,0,0,4,,,0,,,,,,Auckland Region,Nil,2-way,Sealed,,0,0,,80,,Off,0,0,,76,Auckland,Give way,,,,,1,0,Open,1,,,Fine,Null
1767069.5166,5904501.8969,875089,,524604,0,,0,0,,Null,2024/2025,RONWOOD AVENUE,DAVIES AVENUE,,Non-Injury Crash,No,2024,,West,,0,,Flat,,,,,,Overcast,780204,0,0,0,2,,,0,,,,,,Auckland Region,Nil,2-way,Sealed,,0,0,,50,,Off,0,0,,76,Auckland,Traffic Signals,,,,,0,0,Urban,1,,,Fine,None
1769299.8032,5907470.6398,875092,,523711,0,,0,1,,Null,2023/2024,ORMISTON ROAD,TE IRIRANGI DRIVE,,Non-Injury Crash,No,2023,,East,,0,,Null,,,,,,Overcast,712304,0,0,0,4,,,0,,,,,,Auckland Region,Nil,2-way,Sealed,,0,0,,50,,Null,0,0,,76,Auckland,Traffic Signals,,,,,0,1,Urban,0,,,Fine,Null
1756506.4595,5920449.2783,875093,,514102,0,0,0,0,0,South,2024/2025,ADELAIDE STREET,DRAKE STREET,,Non-Injury Crash,No,2024,0,West,0,0,0,Null,0,,0,,0,Unknown,432700,0,0,0,2,0,0,0,0,1,,0,0,Auckland Region,Nil,2-way,Null,0,0,0,0,30,0,Null,0,0,,76,Auckland,Nil,0,0,0,0,0,0,Urban,1,0,0,Null,Null
1768771.7221,5914111.0045,875094,,522723,0,0,0,1,0,Null,2023/2024,PAKURANGA ROAD,CASCADES ROAD,,Non-Injury Crash,No,2023,0,East,0,0,0,Flat,1,,0,,0,Dark,681600,0,0,0,2,0,0,0,0,0,,0,0,Auckland Region,Nil,2-way,Sealed,0,0,0,0,50,0,On,0,0,,76,Auckland,Traffic Signals,0,0,0,0,0,0,Urban,0,0,0,Light rain,Null
1754669.3373,5912768.8978,875096,,518803,0,,0,1,,Null,2024/2025,HOWELL CRESCENT,BURNETT AVENUE,,Minor Crash,No,2025,,East,,0,,Flat,,,,,,Overcast,583500,1,1,0,2,,,0,,,,,,Auckland Region,Nil,2-way,Sealed,,0,0,,50,,Off,0,0,,76,Auckland,Nil,,,,,0,0,Urban,0,,,Fine,Null
1756343.7395,5944017.3529,875097,,505909,0,,0,0,,Null,2024/2025,WHANGAPARAOA ROAD,WADE RIVER ROAD,,Non-Injury Crash,No,2025,,South,,0,,Null,,,,,,Unknown,174013,0,0,0,2,,,0,,,,,,Auckland Region,Nil,2-way,Sealed,,0,0,,50,,Null,2,0,,76,Auckland,Traffic Signals,,,,,0,1,Urban,0,,,Null,Null
1755973.9442,5926785.7823,875098,,508620,0,,0,3,,Null,2023/2024,NORTHCOTE ROAD,AKORANGA DRIVE,,Non-Injury Crash,No,2024,,South,,0,,Flat,,,,,,Bright sun,204702,0,0,0,5,,,0,,,,,,Auckland Region,Nil,2-way,Sealed,,0,0,,50,,Off,0,0,,76,Auckland,Traffic Signals,,,,,0,0,Urban,0,,,Fine,Null
1755174.311,5920905.4715,875106,,515302,0,0,0,1,0,Null,2022/2023,JERVOIS ROAD,CURRAN STREET,,Non-Injury Crash,No,2023,0,East,0,0,0,Flat,0,,0,,0,Dark,429000,0,0,0,4,0,0,0,0,1,,0,0,Auckland Region,Nil,2-way,Sealed,0,0,0,0,50,0,On,0,0,,76,Auckland,Traffic Signals,0,0,0,0,0,0,Urban,1,0,0,Fine,Null
1758522.2834,5906783.1354,875112,,524200,0,0,0,1,0,East,2024/2025,ASCOT ROAD,ANDREW BAXTER DRIVE,,Non-Injury Crash,No,2024,0,East,1,0,1,Flat,0,,0,,0,Dark,726400,0,0,0,2,0,0,0,0,0,,0,1,Auckland Region,Nil,2-way,Sealed,0,0,0,0,50,0,On,0,0,,76,Auckland,Nil,0,0,0,0,0,0,Urban,0,0,0,Fine,Null
1754059.0051,5914484.6544,875113,,518802,0,,0,1,,North,2024/2025,SANDRINGHAM ROAD EXTENSION,FARRELLY AVENUE,,Non-Injury Crash,No,2024,,South,,0,,Flat,,,,,,Bright sun,578100,0,0,0,2,,,0,,,,,,Auckland Region,Nil,2-way,Sealed,,0,0,,50,,Off,1,0,40,76,Auckland,Nil,,,,,0,0,Urban,0,,,Fine,Null
1764360.1654,5909329.6919,875114,,521901,0,,0,2,,Null,2023/2024,GREAT SOUTH ROAD,FAIRBURN ROAD,,Non-Injury Crash,No,2023,,North,,0,,Flat,,,,,,Dark,784900,0,0,0,4,,,0,,,,,,Auckland Region,Nil,2-way,Sealed,,0,0,,50,,On,0,0,,76,Auckland,School Patrol/warden,,,,,0,0,Urban,0,,,Fine,Null
1765182.1709,5914679.6667,875116,,520301,0,,0,2,,Null,2024/2025,PILKINGTON ROAD,QUEENS ROAD,,Non-Injury Crash,No,2024,,South,,0,,Flat,,,,,,Dark,628300,0,0,0,4,,,0,,,,,,Auckland Region,Nil,2-way,Sealed,,0,0,,50,,On,0,0,,76,Auckland,Traffic Signals,,,,,0,0,Urban,0,,,Fine,None
1757789.0582,5918187.8325,875117,,515700,0,,0,1,,South,2024/2025,SOUTHERN MOTORWAY,MOUNTAIN OBR,,Non-Injury Crash,Yes,2024,,North,,0,,Flat,,,,,,Overcast,443600,0,0,0,4,,,0,,,,,,Auckland Region,Nil,1-way,Sealed,,0,0,,80,,Off,1,0,,76,Auckland,Nil,,,,,1,0,Open,0,,,Light rain,Null
1757754.5281,5909689.7695,875121,,524001,0,0,0,2,0,South,2025/2026,AMBURY ROAD,WATERLEA AVENUE,,Minor Crash,No,2025,0,North,0,0,0,Flat,0,,0,,0,Twilight,723201,1,0,0,2,0,0,0,0,1,,0,0,Auckland Region,Nil,2-way,Sealed,0,0,0,0,30,0,On,1,0,,76,Auckland,Nil,0,0,0,0,0,0,Urban,0,0,0,Fine,Null
1747094.6129,5915045.5732,875123,,511800,0,0,0,2,1,South,2022/2023,GREAT NORTH ROAD,HEPBURN ROAD,,Minor Crash,No,2023,0,North,0,0,0,Hill Road,0,,0,,0,Bright sun,277902,1,0,0,4,0,0,0,0,0,,0,0,Auckland Region,Nil,2-way,Sealed,0,0,0,0,50,0,None,0,0,,76,Auckland,Nil,0,0,0,0,0,0,Urban,0,0,0,Fine,Null
1751472.2171,5917728.1646,875125,,514900,0,0,0,2,0,Null,2024/2025,HERDMAN STREET,ARLINGTON STREET,,Non-Injury Crash,No,2024,0,North,0,0,0,Flat,0,,0,,0,Dark,385100,0,0,0,2,0,0,0,0,1,,0,0,Auckland Region,Nil,2-way,Sealed,0,0,0,0,50,0,On,0,0,40,76,Auckland,Nil,0,0,0,0,0,0,Urban,0,0,0,Fine,Null
1768068.4111,5904369.3392,875128,,523722,0,,0,1,,Null,2022/2023,REDOUBT ROAD,REDOUBT ROAD OFF RAMP,,Non-Injury Crash,No,2023,,South,,0,,Flat,,,,,,Bright sun,715805,0,0,1,2,,,0,,,,,,Auckland Region,Nil,2-way,Sealed,,0,0,,50,,Off,0,0,,76,Auckland,Traffic Signals,,,,,0,0,Urban,0,,,Fine,None
1745371.5663,5917093.1254,875138,,510800,0,0,0,1,0,South,2023/2024,RAILSIDE AVENUE,STEVIES LANE,,Non-Injury Crash,No,2023,0,South,0,0,0,Flat,0,,0,,0,Twilight,242700,0,0,0,2,0,0,0,0,0,,0,0,Auckland Region,Nil,2-way,Sealed,0,0,0,0,50,0,On,0,0,,76,Auckland,Nil,0,0,0,1,0,0,Urban,0,0,0,Light rain,Null
1766408.4968,5907354.8435,875140,,522302,0,0,0,1,0,South,2024/2025,SOUTHERN MOTORWAY,EAST TAMAKI OBR,,Minor Crash,Yes,2024,0,North,0,0,0,Flat,1,,0,,0,Overcast,667700,1,0,0,3,0,0,0,0,0,,0,0,Auckland Region,Nil,1-way,Sealed,0,0,0,0,100,0,Off,0,0,,76,Auckland,Nil,0,0,0,0,1,0,Open,0,0,0,Light rain,Null
1772603.5602,5915243.9833,875146,,521501,0,0,0,1,0,West,2022/2023,UXBRIDGE ROAD,BEACH ROAD,,Non-Injury Crash,No,2023,0,East,0,0,0,Hill Road,0,,0,,0,Bright sun,652000,0,0,0,2,0,0,0,0,1,,0,0,Auckland Region,Nil,2-way,Sealed,0,0,0,0,50,0,On,1,0,,76,Auckland,Nil,0,0,0,0,0,0,Urban,0,0,0,Fine,Null
1762275.894,5907066.8715,875147,,524520,0,,0,2,,Null,2022/2023,MASSEY ROAD,BUCKLAND ROAD,,Minor Crash,No,2023,,South,,0,,Flat,,,,,,Dark,734703,2,0,0,2,,,0,,,,,,Auckland Region,Nil,2-way,Sealed,,0,0,,50,,On,0,0,,76,Auckland,Traffic Signals,,,,,0,0,Urban,0,,,Fine,Null
1771095.9691,5898216.6035,875149,,523912,0,,0,0,,Null,2025/2026,GREAT SOUTH ROAD,UNA STREET,,Minor Crash,No,2025,,North,,0,,Flat,,,,,,Dark,767705,1,0,1,2,,,0,,,,,,Auckland Region,Nil,2-way,Sealed,,0,0,,50,,On,0,0,,76,Auckland,Stop,,,,,0,0,Urban,1,,,Fine,Null
1764979.8869,5915670.0417,875162,,520301,0,,0,2,,South,2024/2025,MORRIN ROAD,TAINUI ROAD,,Non-Injury Crash,No,2024,,North,,0,,Flat,,,,,,Bright sun,627800,0,0,0,2,,,0,,,,,,Auckland Region,Nil,2-way,Sealed,,0,0,,50,,Off,0,0,,76,Auckland,Nil,,,,,0,0,Urban,0,,,Light rain,Null
1755887.0194,5931650.8135,875163,,508520,0,0,0,2,0,North,2022/2023,EAST COAST ROAD,KOWHAI ROAD,,Minor Crash,No,2023,0,South,0,0,0,Flat,0,,0,,0,Dark,189901,1,0,0,2,0,0,0,0,1,,0,0,Auckland Region,Nil,2-way,Sealed,0,0,0,0,50,0,On,0,0,,76,Auckland,Nil,0,0,0,0,0,0,Urban,1,0,0,Light rain,Null
1751249.6723,5915256.1436,875164,,514401,0,0,0,1,0,East,2024/2025,CRAYFORD STREET WEST,GREAT NORTH ROAD,,Non-Injury Crash,No,2024,0,South,0,0,0,Flat,0,,1,,0,Overcast,382700,0,0,0,2,0,0,0,0,0,,0,0,Auckland Region,Nil,2-way,Sealed,0,0,0,0,30,0,Null,0,0,,76,Auckland,Nil,0,0,0,0,0,0,Urban,0,0,0,Fine,Null
1768807.2213,5881034.1748,875175,,525922,0,,0,1,,East,2022/2023,WESLEY STREET,QUEEN STREET,,Non-Injury Crash,No,2023,,West,,0,,Flat,,,,,,Bright sun,823000,0,0,0,2,,,0,,,,,,Auckland Region,Nil,2-way,Sealed,,0,0,,50,,Off,0,0,,76,Auckland,Nil,,,,,0,0,Urban,1,,,Fine,Null
1756333.5323,5924409.492,875176,,509702,0,,0,0,,North,2024/2025,NORTHERN MOTORWAY,ONEWA OBR OFF,,Minor Crash,Yes,2024,,South,,0,,Flat,,,,,,Overcast,366700,1,0,1,3,,,0,,,,,,Auckland Region,Nil,1-way,Sealed,,0,0,,100,,Off,0,0,,76,Auckland,Nil,,,,,0,0,Open,1,,,Fine,Null
1779375.5017,5915069.0579,875178,,523300,0,0,0,0,0,South,2024/2025,WHITFORD MARAETAI ROAD,KOUKA ROAD,,Minor Crash,No,2025,0,South,1,0,0,Flat,0,,0,,0,Bright sun,718900,1,0,1,2,0,0,0,0,0,,0,0,Auckland Region,Nil,2-way,Sealed,0,0,0,0,80,0,Off,0,0,,76,Auckland,Nil,0,0,0,0,0,0,Open,0,0,0,Fine,Null
1755162.184,5919711.0202,875182,,515302,0,0,0,2,0,East,2022/2023,DOUGLAS STREET,RICHMOND ROAD,,Non-Injury Crash,No,2023,0,East,0,0,0,Flat,0,,0,,0,Dark,432000,0,0,0,2,0,0,0,0,1,,0,0,Auckland Region,Nil,2-way,Sealed,0,0,0,0,50,0,On,0,0,,76,Auckland,Nil,0,0,0,0,0,0,Urban,0,0,0,Fine,Null
1765225.0696,5914649.9639,875189,,520601,0,,0,0,,East,2025/2026,QUEENS ROAD,PILKINGTON ROAD,,Serious Crash,No,2025,,East,,0,,Flat,,,,,,Bright sun,630700,0,0,0,2,,,0,,,1,,,Auckland Region,Nil,1-way,Sealed,,0,1,,50,,Off,0,0,,76,Auckland,Nil,,,,,0,0,Urban,1,,,Fine,Null
1770650.8313,5901736.2974,875191,,523814,0,0,0,1,0,West,2022/2023,AMARILLO PLACE,ABILENE PLACE,,Non-Injury Crash,No,2023,0,West,0,0,0,Hill Road,0,,0,,0,Dark,759523,0,0,0,2,0,0,0,0,1,,0,0,Auckland Region,Nil,2-way,Sealed,0,0,0,0,50,0,On,0,0,,76,Auckland,Nil,0,0,0,0,0,0,Urban,1,0,0,Fine,Null
1752762.5451,5916474.9449,875197,,517901,0,,0,1,,South,2024/2025,NEW NORTH ROAD,MOUNT ALBERT ROAD,,Non-Injury Crash,No,2024,,South,,0,,Flat,,,,,,Overcast,524800,0,0,0,4,,,0,,,,,,Auckland Region,Nil,2-way,Sealed,,0,0,,50,,Off,1,0,,76,Auckland,Isolated Pedestrian signal (non-intersection),,,,,0,0,Urban,0,,,Fine,Null
1771196.4971,5898131.7629,875198,,523912,0,,0,2,,Null,2024/2025,GREAT SOUTH ROAD,GLENORA ROAD,,Non-Injury Crash,No,2024,,South,,0,,Flat,,,,,,Dark,767705,0,0,0,4,,,0,,,,,,Auckland Region,Nil,2-way,Sealed,,0,0,,50,,On,0,0,,76,Auckland,Traffic Signals,,,,,0,1,Urban,0,,,Light rain,None
1747278.9229,5919668.6034,875199,,512300,0,,0,2,,East,2023/2024,NORTH-WESTERN MOTORWAY,TE ATATU OBR,,Minor Crash,Yes,2023,,East,,0,,Flat,,,,,,Overcast,252000,1,0,0,4,,,0,,,,,,Auckland Region,Underpass,1-way,Sealed,,0,0,,100,,None,0,0,,76,Auckland,Nil,,,,,0,0,Open,0,,,Fine,Null
1729421.7259,5917613.6396,875206,25,513800,0,0,0,1,1,North,2024/2025,BETHELLS ROAD,TASMAN VIEW ROAD,,Non-Injury Crash,No,2024,0,North,0,0,0,Hill Road,0,,0,,0,Dark,281601,0,0,0,2,0,0,0,0,0,,0,0,Auckland Region,Nil,2-way,Sealed,0,0,0,0,60,0,None,0,0,,76,Auckland,Nil,0,0,0,0,0,0,Urban,0,0,0,Light rain,Null
1760027.6182,5908305.6756,875207,,524403,0,0,0,2,0,North,2023/2024,SOUTH-WESTERN MOTORWAY,HALL FTBR,,Minor Crash,Yes,2023,0,South,0,0,0,Flat,1,,0,,0,Dark,729800,1,0,0,2,0,0,0,0,0,,0,0,Auckland Region,Nil,1-way,Sealed,0,0,0,0,100,0,On,0,0,,76,Auckland,Nil,0,0,0,0,0,0,Open,0,0,0,Fine,Null
1768125.654,5904907.8801,875212,,523722,0,0,0,1,0,West,2023/2024,PULMAN PLACE,DIORELLA DRIVE,,Non-Injury Crash,No,2023,0,North,0,0,0,Flat,0,,0,,0,Overcast,715803,0,0,0,2,0,0,0,0,1,,0,0,Auckland Region,Nil,2-way,Sealed,0,0,0,0,50,0,Null,0,0,,76,Auckland,Nil,0,0,0,0,0,1,Urban,0,0,0,Light rain,Strong wind
1754051.1381,5931359.4938,875213,,508803,0,,0,1,,Null,2024/2025,UPPER HARBOUR HWY OFF RAMP,UPPER HARBOUR HIGHWAY,,Non-Injury Crash,Yes,2025,,North,,0,,Flat,,,,,,Overcast,180818,0,0,0,3,,,0,,,,,,Auckland Region,Motorway ramp,2-way,Sealed,,0,0,,50,,Off,0,0,,76,Auckland,Traffic Signals,,,,,1,0,Urban,0,,,Fine,Null
1770622.0157,5904599.1975,875214,,523712,0,,0,1,,North,2023/2024,MURPHYS ROAD,REDOUBT ROAD,,Minor Crash,No,2023,,West,,0,,Hill Road,,,,,,Bright sun,716300,1,0,0,1,,,0,,,,,,Auckland Region,Nil,2-way,Sealed,,0,0,,50,,Off,1,0,,76,Auckland,Nil,,,,,0,0,Urban,1,,,Fine,Null
1763644.1662,5912693.887,875216,,520500,0,,0,2,,East,2023/2024,SOUTHERN MOTORWAY,MOUNT WELLINGTON HWY OFF RAMP,,Non-Injury Crash,Yes,2024,,South,,0,,Flat,,Queens Birthday,,,,Overcast,637400,0,0,0,3,,,0,,,,,,Auckland Region,Nil,1-way,Sealed,,0,0,,100,,Off,0,0,,76,Auckland,Nil,,,,,0,0,Open,0,,,Fine,Null
1760316.478,5911805.575,875222,,520000,0,,0,1,,West,2022/2023,NEILSON STREET,CAPTAIN SPRINGS ROAD,,Non-Injury Crash,No,2023,,East,,0,,Flat,,,,,,Bright sun,607400,0,0,0,2,,,0,,,,,,Auckland Region,Nil,2-way,Sealed,,0,0,,50,,Off,0,0,,76,Auckland,Nil,,,,,1,0,Urban,0,,,Fine,Null
1747791.6875,5915131.7011,875224,,511700,0,,0,1,,Null,2023/2024,SABULITE ROAD,ST LEONARDS ROAD,,Non-Injury Crash,No,2024,,North,,0,,Hill Road,,,,,,Twilight,271700,0,0,0,2,,,0,,,,,,Auckland Region,Nil,2-way,Sealed,,0,0,,50,,Off,1,0,,76,Auckland,Give way,,,,,0,0,Urban,0,,,Fine,Null
1761331.3211,5914250.0438,875228,,520202,0,0,0,1,0,East,2023/2024,ELLERSLIE-PANMURE HIGHWAY,RAIL OBR,,Non-Injury Crash,No,2023,0,East,0,0,0,Flat,0,,0,,0,Dark,612100,0,0,0,4,0,0,0,0,0,,0,0,Auckland Region,Overpass,2-way,Sealed,0,0,0,0,50,0,On,0,0,,76,Auckland,Nil,1,0,0,0,0,0,Urban,0,0,0,Fine,Null