X,Y,OBJECTID,advisorySpeed,areaUnitID,bicycle,bridge,bus,carStationWagon,cliffBank,crashDirectionDescription,crashFinancialYear,crashLocation1,crashLocation2,crashRoadSideRoad,crashSeverity,crashSHDescription,crashYear,debris,directionRoleDescription,ditch,fatalCount,fence,flatHill,guardRail,holiday,houseOrBuilding,intersection,kerb,light,meshblockId,minorInjuryCount,moped,motorcycle,NumberOfLanes,objectThrownOrDropped,otherObject,otherVehicleType,overBank,parkedVehicle,pedestrian,phoneBoxEtc,postOrPole,region,roadCharacter,roadLane,roadSurface,roadworks,schoolBus,seriousInjuryCount,slipOrFlood,speedLimit,strayAnimal,streetLight,suv,taxi,temporarySpeedLimit,tlaId,tlaName,trafficControl,trafficIsland,trafficSign,train,tree,truck,unknownVehicleType,urban,vanOrUtility,vehicle,waterRiver,weatherA,weatherB
1757327.9004,5919925.7304,875245,,514103,0,,0,1,,Null,2024/2025,MAYORAL DRIVE,WAKEFIELD STREET,,Non-Injury Crash,No,2025,,East,,0,,Hill Road,,,,,,Dark,436600,0,0,0,5,,,0,,,,,,Auckland Region,Nil,2-way,Sealed,,0,0,,30,,On,0,0,,76,Auckland,Traffic Signals,,,,,0,0,Urban,1,,,Fine,Null
1764099.3617,5915246.3375,875246,,520301,0,0,0,2,0,West,2023/2024,HARDING AVENUE,GOLLAN ROAD,,Non-Injury Crash,No,2024,0,West,0,0,0,Flat,0,,0,,0,Twilight,626600,0,0,0,2,0,0,0,0,1,,0,0,Auckland Region,Nil,2-way,Sealed,0,0,0,0,50,0,None,0,0,,76,Auckland,Nil,0,0,0,0,0,0,Urban,0,0,0,Fine,Null
1764667.1854,5911633.913,875251,,520500,0,,0,2,,South,2023/2024,SOUTHERN MOTORWAY,PANAMA OBR,,Minor Crash,Yes,2023,,North,,0,,Flat,,,,,,Dark,636200,1,0,0,4,,,0,,,,,,Auckland Region,Nil,1-way,Sealed,,0,0,,100,,On,0,0,,76,Auckland,Nil,,,,,0,0,Open,0,,,Heavy rain,Null
1769524.7119,5905012.8069,875261,35,523712,0,,0,2,,Null,2024/2025,HILLTOP ROAD,ARROWSMITH DRIVE,,Non-Injury Crash,No,2025,,East,,0,,Hill Road,,Easter,,,,Twilight,716203,0,0,0,2,,,0,,,,,,Auckland Region,Nil,2-way,Sealed,,0,0,,50,,On,0,0,40,76,Auckland,Give way,,,,,0,0,Urban,0,,,Light rain,Null
1756580.8798,5919407.7654,875262,,514200,0,,0,1,,Null,2023/2024,WEST TERRACE,KARANGAHAPE ROAD,,Non-Injury Crash,No,2024,,South,,0,,Flat,,,,,,Dark,412000,0,0,0,2,,,0,,,,,,Auckland Region,Nil,2-way,Sealed,,0,0,,30,,On,0,0,,76,Auckland,Give way,,,,,0,0,Urban,1,,,Fine,Null
1756381.7704,5920013.3196,875266,,514000,0,,0,1,,Null,2024/2025,WELLINGTON STREET,HOWE STREET,,Serious Crash,No,2024,,West,,0,,Hill Road,,,,,,Dark,413100,0,0,1,2,,,0,,,,,,Auckland Region,Nil,2-way,Sealed,,0,2,,30,,On,0,0,,76,Auckland,Give way,,,,,0,0,Urban,0,,,Light rain,Null
1775012.4422,5887208.8346,875273,,521132,0,,0,2,,North,2024/2025,SOUTHERN MOTORWAY,RAMARAMA OFF RAMP,,Non-Injury Crash,Yes,2025,,North,,0,,Flat,,,,,,Dark,814003,0,0,0,2,,,0,,,,,,Auckland Region,Nil,1-way,Sealed,,0,0,,100,,On,0,0,,76,Auckland,Nil,,,,,0,0,Open,0,,,Light rain,Null
1762540.9025,5906927.4099,875276,,524301,0,0,0,0,0,South,2023/2024,BUCKLAND ROAD,ALLEN STREET,,Non-Injury Crash,No,2024,0,West,0,0,0,Flat,0,,0,,0,Bright sun,746602,0,0,0,2,0,0,0,0,0,,0,0,Auckland Region,Nil,2-way,Sealed,0,0,0,0,50,0,Off,1,0,,76,Auckland,Nil,0,0,0,1,0,0,Urban,0,0,0,Light rain,Null
1772305.4955,5907562.66,875290,,523116,0,,0,1,,West,2024/2025,JEFFS ROAD,TERRASINI DRIVE,,Minor Crash,No,2024,,West,,0,,Hill Road,,,,,,Bright sun,712232,1,0,0,1,,,0,,,1,,,Auckland Region,Nil,2-way,Sealed,,0,0,,50,,Off,0,0,,76,Auckland,Nil,,,,,0,0,Urban,0,,,Fine,Null
1760180.607,5907576.5914,875300,,524121,0,0,0,1,0,South,2023/2024,SOUTH-WESTERN MOTORWAY,MOYLE PARK FTBR,,Non-Injury Crash,Yes,2024,0,South,0,0,0,Flat,1,,0,,0,Dark,737600,0,0,0,2,0,0,0,0,0,,0,0,Auckland Region,Nil,1-way,Sealed,0,0,0,0,100,0,On,0,0,,76,Auckland,Nil,0,0,0,0,0,0,Open,0,0,0,Light rain,Null
1754013.077,5918375.5625,875306,25,515431,0,,0,1,,East,2022/2023,GREAT NORTH ROAD,ST LUKES ROAD ON RAMP,,Non-Injury Crash,No,2023,,East,,0,,Flat,,,,,,Bright sun,405000,0,0,0,5,,,0,,,,,,Auckland Region,Nil,2-way,Sealed,,0,0,,50,,Off,0,0,,76,Auckland,Nil,,,,,0,1,Urban,0,,,Fine,None
1771667.3415,5899169.6693,875307,,523911,0,0,0,2,0,Null,2024/2025,PORCHESTER ROAD,CLARICE PLACE,,Non-Injury Crash,No,2025,0,South,0,0,1,Flat,0,,0,,0,Dark,767004,0,0,0,2,0,0,0,0,1,,0,0,Auckland Region,Nil,2-way,Sealed,0,0,0,0,50,0,On,0,0,,76,Auckland,Nil,0,0,0,0,0,0,Urban,0,0,0,Fine,Null
1758044.7076,5916620.3057,875310,,515801,0,,0,2,,East,2023/2024,EPSOM AVENUE,GILLIES AVENUE,,Non-Injury Crash,No,2024,,West,,0,,Flat,,,,,,Bright sun,446000,0,0,0,2,,,0,,,,,,Auckland Region,Nil,2-way,Sealed,,0,0,,50,,Off,0,0,,76,Auckland,Nil,,,,,0,0,Urban,0,,,Fine,Null
1742744.4508,5919718.7147,875317,,513212,0,,0,1,,South,2022/2023,WAITEMATA DRIVE,KAREPO CRESCENT,,Minor Crash,No,2023,,North,,0,,Flat,,Queens Birthday,,,,Overcast,235715,1,0,0,2,,,0,,,,,,Auckland Region,Nil,2-way,Sealed,,0,0,,50,,Off,1,0,40,76,Auckland,Nil,,,,,0,0,Urban,0,,,Light rain,Null
1774954.6705,5897027.6108,875318,,523813,0,,0,2,,South,2024/2025,DOMINION ROAD,HOLCROFT STREET,,Minor Crash,No,2024,,South,,0,,Flat,,Labour Weekend,,,,Twilight,761602,3,0,0,2,,,0,,,,,,Auckland Region,Nil,2-way,Sealed,,0,0,,50,,On,0,0,,76,Auckland,Nil,,,,,0,0,Urban,0,,,Light rain,Null
1775598.7616,5903553.5435,875319,,525201,0,,0,1,,West,2024/2025,BROOKBY ROAD,FITZPATRICK ROAD,,Non-Injury Crash,No,2025,,West,,0,,Hill Road,,,,,,Bright sun,762301,0,0,0,2,,,0,,,,,,Auckland Region,Nil,2-way,Sealed,,0,0,,80,,None,0,0,,76,Auckland,Nil,,,,,0,0,Open,1,,,Fine,Null
1751980.4044,5915186.6142,875320,,514401,0,,0,2,,Null,2023/2024,BOLLARD AVENUE,WAITATI PLACE,,Minor Crash,No,2024,,North,,0,,Hill Road,,,,,,Bright sun,380100,1,0,0,2,,,0,,,,,,Auckland Region,Nil,2-way,Sealed,,0,0,,50,,None,0,0,40,76,Auckland,Nil,,,,,0,0,Urban,0,,,Fine,Null
1748034.5473,5944881.6217,875324,,506201,0,,0,1,,South,2023/2024,DAIRY FLAT HIGHWAY,PINE VALLEY ROAD,,Minor Crash,No,2024,,North,,0,,Flat,,,,,,Twilight,176700,2,0,0,2,,,0,,,,,,Auckland Region,Nil,2-way,Sealed,,0,0,,80,,Off,0,0,,76,Auckland,Nil,,,,,0,0,Open,1,,,Fine,Null
1747007.0644,5910360.6843,875326,35,512000,0,0,0,1,0,South,2024/2025,HUIA ROAD,TITIRANGI ROAD,,Minor Crash,No,2025,0,South,0,0,0,Hill Road,0,,0,,1,Overcast,297000,1,0,0,2,0,0,0,1,0,,0,0,Auckland Region,Nil,2-way,Sealed,0,0,0,0,50,0,Off,0,0,,76,Auckland,Nil,0,0,0,0,0,0,Urban,0,0,0,Light rain,Null
1776683.9273,5906772.1666,875327,,523202,0,0,0,1,0,South,2025/2026,WHITFORD PARK ROAD,POLO LANE,,Non-Injury Crash,No,2025,0,South,1,0,1,Flat,0,,0,,0,Dark,716603,0,0,0,2,0,0,0,0,0,,0,0,Auckland Region,Nil,2-way,Sealed,0,0,0,0,80,0,None,0,0,,76,Auckland,Nil,0,0,0,0,0,0,Open,0,0,0,Fine,Null
1750369.6371,5913766.2263,875342,,511303,0,,0,2,,Null,2023/2024,CLARK STREET,WARD STREET,,Minor Crash,No,2024,,East,,0,,Flat,,,,,,Dark,265002,1,0,0,4,,,0,,,,,,Auckland Region,Nil,2-way,Sealed,,0,0,,50,,On,0,0,,76,Auckland,Traffic Signals,,,,,0,0,Urban,0,,,Fine,Null
1752054.8741,5979987.0888,875343,35,506661,0,0,0,0,0,South,2025/2026,MATAKANA VALLEY ROAD,GOVAN WILSON ROAD,,Serious Crash,No,2025,0,South,0,0,0,Hill Road,0,,0,,1,Bright sun,138101,0,0,1,2,0,0,0,0,0,,0,0,Auckland Region,Nil,2-way,Sealed,0,0,1,0,60,0,None,0,0,,76,Auckland,Nil,0,0,0,0,0,0,Urban,0,0,0,Fine,Null
1747103.0882,5915605.1818,875356,,511601,0,0,0,3,0,Null,2024/2025,FARQUHAR ROAD,FELGROVE STREET,,Serious Crash,No,2024,0,North,0,0,0,Flat,0,,0,,0,Dark,272500,3,0,0,2,0,0,0,0,1,,0,0,Auckland Region,Nil,2-way,Sealed,0,0,1,0,50,0,On,0,0,,76,Auckland,Give way,0,0,0,0,0,0,Urban,0,0,0,Light rain,Null
1736871.174,5932807.0048,875359,,506653,0,0,0,0,0,West,2025/2026,OLD NORTH ROAD,ARARIMU VALLEY ROAD,,Minor Crash,No,2025,0,West,1,0,0,Hill Road,0,,0,,0,Dark,217602,1,0,1,2,0,0,0,0,0,,0,0,Auckland Region,Nil,2-way,Sealed,0,0,0,0,80,0,On,0,0,,76,Auckland,Nil,0,0,0,0,0,0,Open,0,0,0,Fine,Null
1743302.0787,5913142.3205,875371,25,512902,0,,0,1,,North,2025/2026,KELLYS ROAD,WEST COAST ROAD,,Non-Injury Crash,No,2025,,South,,0,,Hill Road,,,,,,Dark,279000,0,0,0,2,,,0,,,,,,Auckland Region,Nil,2-way,Sealed,,0,0,,60,,On,0,0,,76,Auckland,Nil,,,,,0,0,Urban,0,,,Light rain,Null
1751989.8337,5946890.1415,875372,,506001,0,,0,2,,West,2023/2024,WHANGAPARAOA ROAD,RED BEACH ROAD,,Non-Injury Crash,No,2024,,West,,0,,Hill Road,,,,,,Bright sun,175501,0,0,0,2,,,0,,,,,,Auckland Region,Nil,2-way,Sealed,,0,0,,50,,Off,0,0,,76,Auckland,Nil,,,,,0,0,Urban,0,,,Fine,Null
1754654.3246,5931243.8337,875379,,508520,0,,0,1,,Null,2024/2025,SUNSET ROAD,SYCAMORE DRIVE,,Non-Injury Crash,No,2025,,East,,0,,Null,,,,,,Unknown,191105,0,0,0,2,,,0,,,,,,Auckland Region,Nil,2-way,Null,,0,0,,50,,Null,1,0,,76,Auckland,Give way,,,,,0,0,Urban,0,,,Null,Null
1757031.955,5920843.2149,875385,,514101,0,,0,0,,Null,2022/2023,FANSHAWE STREET,STURDEE STREET,,Serious Crash,No,2023,,North,,0,,Flat,,,,,,Twilight,433003,0,0,0,3,,,0,,,1,,,Auckland Region,Nil,1-way,Sealed,,0,1,,40,,Off,0,0,,76,Auckland,Traffic Signals,,,,,0,0,Urban,1,,,Fine,Null
1752055.3003,5918062.5305,875390,,515001,0,0,0,1,0,East,2022/2023,GREAT NORTH ROAD,GREAT NORTH ROAD OFF RAMP,,Non-Injury Crash,No,2023,0,East,0,0,0,Hill Road,0,,0,,1,Dark,392400,0,0,0,3,0,0,0,0,0,,0,0,Auckland Region,Nil,1-way,Sealed,0,0,0,0,50,0,On,0,0,,76,Auckland,Nil,0,0,0,1,0,0,Urban,0,0,0,Fine,Null
1772459.1151,5897132.8713,875396,,525630,0,0,0,2,0,North,2024/2025,PORCHESTER ROAD,TAUARAI PLACE,,Non-Injury Crash,No,2024,0,South,0,0,0,Flat,0,,0,,0,Overcast,794700,0,0,0,2,0,0,0,0,1,,0,0,Auckland Region,Nil,2-way,Sealed,0,0,0,0,50,0,Off,0,0,,76,Auckland,Nil,0,0,0,0,0,0,Urban,0,0,0,Fine,None
1768033.6676,5903252.8767,875398,,524602,0,,0,1,,East,2023/2024,KERRS ROAD,WALLSON CRESCENT,,Non-Injury Crash,No,2023,,East,,0,,Flat,,,,,,Bright sun,780407,0,0,0,4,,,0,,,,,,Auckland Region,Nil,2-way,Sealed,,0,0,,50,,Off,0,0,,76,Auckland,Nil,,,,,1,0,Urban,0,,,Fine,Null
1756156.8778,5937270.3789,875401,,506903,0,0,0,1,0,Null,2022/2023,KILLARNEY AVENUE,ORNE STREET,,Non-Injury Crash,No,2023,0,East,0,0,0,Hill Road,0,,0,,0,Bright sun,168300,0,0,0,2,0,0,0,0,1,,0,0,Auckland Region,Nil,2-way,Sealed,0,0,0,0,50,0,Off,0,0,,76,Auckland,Give way,0,0,0,0,0,0,Urban,1,0,0,Fine,Null
1769093.2331,5881358.4666,875404,,525910,0,,0,1,,Null,2024/2025,STADIUM DRIVE,HALL STREET,,Minor Crash,No,2025,,East,,0,,Flat,,,,,,Overcast,818600,2,0,0,2,,,0,,,,,,Auckland Region,Nil,2-way,Sealed,,0,0,,50,,Off,0,0,,76,Auckland,Give way,,,,,0,0,Urban,1,,,Fine,Null
1773902.1832,5897021.3766,875410,,525610,0,,0,1,,East,2023/2024,CLEVEDON ROAD,KELVIN ROAD,,Non-Injury Crash,No,2024,,West,,0,,Flat,,,,,,Overcast,797400,0,0,0,2,,,0,,,,,,Auckland Region,Nil,2-way,Sealed,,0,0,,50,,Off,0,0,,76,Auckland,Nil,,,,,1,0,Urban,0,,,Light rain,Null
1767530.9317,5907664.663,875411,,523602,0,,0,2,,East,2022/2023,EAST TAMAKI ROAD,FERGUSON ROAD,,Non-Injury Crash,No,2023,,West,,0,,Flat,,,,,,Dark,709900,0,0,0,2,,,0,,,,,,Auckland Region,Nil,1-way,Sealed,,0,0,,60,,On,0,0,,76,Auckland,Nil,,,,,0,0,Urban,0,,,Fine,Null
1764923.2161,5910756.4954,875432,,521801,0,,0,1,,South,2024/2025,SOUTHERN MOTORWAY,OTAHUHU CK BR,,Non-Injury Crash,Yes,2024,,North,,0,,Flat,,,,,,Overcast,786700,0,0,0,3,,,0,,,,,,Auckland Region,Nil,1-way,Sealed,,0,0,,100,,Null,0,0,,76,Auckland,Nil,,,,,1,0,Open,0,,,Fine,Null
1763903.0705,5920407.2369,875438,,516500,0,0,0,2,0,West,2023/2024,TAMAKI DRIVE,KOHIMARAMA ROAD,,Non-Injury Crash,No,2023,0,West,0,0,0,Flat,0,Christmas New Year,0,,0,Bright sun,501101,0,0,0,2,0,0,0,0,1,,0,0,Auckland Region,Nil,2-way,Sealed,0,0,0,0,50,0,Off,0,0,,76,Auckland,Nil,0,0,0,0,0,0,Urban,0,0,0,Fine,Null
1763965.9999,5904286.9961,875442,,524604,0,,0,2,,North,2024/2025,PUHINUI ROAD-SH 20B ON RAMP,PUHINUI ROAD,,Non-Injury Crash,Yes,2024,,South,,0,,Null,,,,,,Unknown,780902,0,0,0,1,,,0,,,,,,Auckland Region,Nil,1-way,Null,,0,0,,50,,Null,0,0,,76,Auckland,Nil,,,,,0,0,Urban,0,,,Null,Null
1754714.1595,5930625.1722,875444,,508420,0,0,0,0,0,South,2023/2024,NORTHERN MOTORWAY,UPPER HARBOUR HWY OFF RAMP,,Non-Injury Crash,Yes,2024,0,North,0,0,0,Flat,0,,0,,0,Dark,182008,0,0,0,3,0,0,0,0,0,,0,1,Auckland Region,Nil,1-way,Sealed,0,0,0,0,100,0,On,1,0,,76,Auckland,Nil,0,0,0,0,0,0,Open,0,0,0,Light rain,Null
1754188.6001,5918876.0526,875452,,515431,0,,0,2,,Null,2024/2025,OLD MILL ROAD,BULLOCK TRACK,,Non-Injury Crash,No,2024,,West,,0,,Flat,,,,,,Dark,403300,0,0,0,2,,,0,,,,,,Auckland Region,Nil,2-way,Sealed,,0,0,,50,,On,0,1,,76,Auckland,Give way,,,,,0,0,Urban,0,,,Light rain,Null
1770829.8133,5904937.5072,875455,,523713,0,,0,1,,Null,2023/2024,MURPHYS ROAD,THOMAS ROAD,,Minor Crash,No,2023,,North,,0,,Hill Road,,,,,,Bright sun,713501,1,0,1,2,,,0,,,,,,Auckland Region,Nil,2-way,Sealed,,0,0,,60,,Off,0,0,50,76,Auckland,Stop,,,,,0,0,Urban,0,,,Fine,Null
1766515.4088,5913280.8016,875456,,522820,0,,0,1,,Null,2023/2024,PAKURANGA ROAD,TI RAKAU DRIVE,,Non-Injury Crash,No,2023,,East,,0,,Flat,,,,,,Overcast,694700,0,0,0,4,,,0,,,,,,Auckland Region,Nil,1-way,Sealed,,0,0,,50,,On,0,0,,76,Auckland,Traffic Signals,,,,,1,0,Urban,0,,,Fine,None
1769128.7278,5900631.3329,875457,,524902,0,0,0,1,0,East,2022/2023,MCANNALLEY STREET,GREAT SOUTH ROAD,,Minor Crash,No,2023,0,East,0,0,0,Flat,0,Christmas New Year,0,,0,Overcast,758200,1,0,0,2,0,0,0,0,0,,0,0,Auckland Region,Nil,2-way,Sealed,0,0,0,0,50,0,Off,0,0,30,76,Auckland,Nil,0,0,0,0,1,0,Urban,0,1,0,Fine,Null
1756746.0748,5920847.5711,875466,,514101,1,,0,1,,East,2024/2025,VIADUCT HARBOUR AVENUE,HALSEY STREET,,Minor Crash,No,2024,,West,,0,,Flat,,Labour Weekend,,,,Bright sun,440114,1,0,0,2,,,0,,,,,,Auckland Region,Nil,2-way,Sealed,,0,0,,30,,Off,0,0,,76,Auckland,Nil,,,,,0,0,Urban,0,,,Light rain,Null
1744874.2754,5919800.3256,875478,,513301,0,0,0,0,0,East,2023/2024,UNIVERSAL DRIVE,PENFOLD PLACE,,Serious Crash,No,2023,0,West,0,0,0,Flat,0,,0,,0,Dark,234402,0,0,1,2,0,0,0,0,0,,0,0,Auckland Region,Nil,2-way,Sealed,0,0,1,0,50,0,On,0,0,,76,Auckland,Nil,1,0,0,0,0,0,Urban,0,0,0,Fine,Null
1750038.5705,5913825.0949,875479,,511303,0,,0,0,,West,2022/2023,CLARK STREET,MEMORIAL DRIVE,,Non-Injury Crash,No,2023,,West,,0,,Flat,,,,,,Overcast,265001,0,0,0,3,,,0,,,,,,Auckland Region,Nil,1-way,Sealed,,0,0,,50,,On,0,0,,76,Auckland,Nil,,,,,1,0,Urban,1,,,Fine,Null
1757125.4054,5919084.2107,875483,,514301,0,,0,0,,South,2022/2023,SOUTHERN MOTORWAY,SYMONDS OBR,,Non-Injury Crash,Yes,2023,,North,,0,,Flat,,,,,,Bright sun,441200,0,0,0,4,,,0,,,,,,Auckland Region,Nil,1-way,Sealed,,0,0,,80,,Off,0,0,,76,Auckland,Nil,,,,,2,0,Open,0,,,Fine,Strong wind
1754618.9399,5927627.171,875484,,508310,0,,0,1,,North,2024/2025,CHARTWELL AVENUE,ARCHERS ROAD,,Minor Crash,No,2025,,North,,0,,Flat,,,,,,Bright sun,201400,1,0,0,2,,,0,,,1,,,Auckland Region,Speed hump,2-way,Sealed,,0,0,,50,,Off,0,0,,76,Auckland,Nil,,,,,0,0,Urban,0,,,Fine,Null
1759178.1178,5911295.1048,875491,45,519820,0,0,0,1,0,East,2023/2024,ONEHUNGA HARBOUR ROAD,ONEHUNGA HBR UNDERPASS,,Minor Crash,No,2023,0,North,0,0,0,Flat,1,,0,,0,Bright sun,602402,1,0,0,2,0,0,0,0,0,,0,0,Auckland Region,Nil,2-way,Sealed,0,0,0,0,50,0,Off,0,0,,76,Auckland,Nil,0,0,0,0,0,0,Urban,0,0,0,Fine,Null
1755885.3939,5922904.5681,875500,,509800,0,,0,0,,North,2024/2025,NORTHERN MOTORWAY,TOP OF HARBOUR BRIDGE,,Minor Crash,Yes,2025,,North,,0,,Hill Road,,,,,,Overcast,359300,1,0,1,4,,,0,,,,,,Auckland Region,Nil,1-way,Sealed,,0,0,,80,,On,0,0,,76,Auckland,Nil,,,,,0,0,Open,0,,,Light rain,Null
1768163.3559,5880927.5522,875502,,525921,0,,1,1,,North,2023/2024,HELVETIA ROAD,WEST STREET,,Non-Injury Crash,No,2024,,South,,0,,Flat,,,,,,Bright sun,821800,0,0,0,2,,,0,,,,,,Auckland Region,Nil,2-way,Sealed,,0,0,,50,,Off,0,0,,76,Auckland,Nil,,,,,0,0,Urban,0,,,Fine,Null
1766959.7833,5907897.6365,875504,,523501,0,0,0,1,0,Null,2025/2026,HAYMAN STREET,LOVEGROVE CRESCENT,,Minor Crash,No,2025,0,East,0,0,0,Flat,0,,1,,0,Dark,700602,1,0,0,1,0,0,0,0,0,,0,0,Auckland Region,Nil,1-way,Sealed,0,0,0,0,30,0,On,0,0,,76,Auckland,Nil,0,0,0,0,0,0,Urban,0,0,0,Light rain,Null
1775187.6342,5895300.6848,875510,,525510,0,0,0,1,0,South,2023/2024,DOMINION ROAD,MACK PLACE,,Non-Injury Crash,No,2024,0,North,0,0,0,Flat,0,Easter,0,,0,Dark,801500,0,0,0,2,0,0,0,0,1,,0,0,Auckland Region,Nil,2-way,Sealed,0,0,0,0,50,0,On,0,0,,76,Auckland,Nil,0,0,0,0,2,0,Urban,0,0,0,Fine,Null
1759052.9374,5903806.8877,875511,,524200,0,,0,1,,Null,2023/2024,TERMINAL EXIT ROAD,GEORGE BOLT MEMORIAL DRIVE,,Minor Crash,No,2023,,South,,0,,Flat,,,,,,Dark,727200,1,0,0,4,,,0,,,,,,Auckland Region,Nil,2-way,Sealed,,0,0,,50,,On,0,1,,76,Auckland,Traffic Signals,,,,,0,0,Urban,1,,,Fine,Null
1761471.904,5914202.0271,875523,,520202,0,,0,2,,North,2022/2023,SOUTHERN MOTORWAY,ELLERSLIE-PANMURE HWY OFF RAMP,,Non-Injury Crash,Yes,2023,,North,,0,,Hill Road,,,,,,Overcast,612300,0,0,0,3,,,0,,,,,,Auckland Region,Overpass,1-way,Sealed,,0,0,,100,,Off,0,0,,76,Auckland,Nil,,,,,1,0,Open,0,,,Light rain,Null
1761229.214,5909312.5595,875524,,524404,0,0,0,2,0,Null,2024/2025,FAVONA ROAD,FORBES ROAD,,Non-Injury Crash,No,2024,0,East,0,0,1,Flat,0,,0,,0,Overcast,730301,0,0,0,2,0,0,0,0,1,,0,0,Auckland Region,Nil,2-way,Sealed,0,0,0,0,50,0,Off,0,0,,76,Auckland,Give way,0,0,0,0,0,0,Urban,0,0,0,Fine,Null
1741675.6647,5929966.5158,875531,,505604,0,,0,0,,North,2023/2024,COATESVILLE-RIVERHEAD HIGHWAY,GROVE WAY,,Serious Crash,No,2023,,South,,0,,Flat,,,,,,Bright sun,214300,0,0,0,2,,,0,,,1,,,Auckland Region,Nil,2-way,Sealed,,0,1,,60,,Off,0,0,,76,Auckland,Nil,,,,,1,0,Urban,0,,,Fine,Null
1756204.596,5919286.7509,875532,,514000,0,,0,1,,West,2024/2025,PONSONBY ROAD,GREAT NORTH ROAD,,Non-Injury Crash,No,2024,,South,,0,,Flat,,,,,,Bright sun,413800,0,0,0,5,,,0,,,,,,Auckland Region,Nil,2-way,Sealed,,0,0,,40,,Off,1,0,,76,Auckland,Nil,,,,,0,0,Urban,0,,,Fine,Null
1745313.6808,5920871.2742,875536,,513301,0,0,0,1,0,South,2024/2025,NORTH-WESTERN MOTORWAY,LINCOLN ROAD ON RAMP,,Non-Injury Crash,Yes,2024,0,North,0,0,0,Flat,1,,0,,0,Dark,231700,0,0,0,3,0,0,0,0,0,,0,0,Auckland Region,Nil,1-way,Sealed,0,0,0,0,100,0,On,0,0,,76,Auckland,Nil,0,0,0,0,0,0,Open,0,0,0,Fine,Null
1756258.7115,5927497.2868,875540,,507900,0,,0,2,,North,2024/2025,NORTHERN MOTORWAY,NORTHCOTE OBR,,Non-Injury Crash,Yes,2024,,South,,0,,Flat,,,,,,Bright sun,305202,0,0,0,3,,,0,,,,,,Auckland Region,Nil,2-way,Sealed,,0,0,,100,,Off,0,0,,76,Auckland,Nil,,,,,1,0,Open,0,,,Fine,Null
1766198.3394,5905419.9194,875551,,522202,0,0,0,2,0,South,2022/2023,CARRUTH ROAD,ALLENBY ROAD,,Minor Crash,No,2023,0,South,0,0,0,Flat,0,,0,,0,Bright sun,665700,1,0,0,2,0,0,0,0,1,,0,0,Auckland Region,Nil,2-way,Sealed,0,0,0,0,50,0,Off,0,0,,76,Auckland,Nil,0,0,0,0,0,0,Urban,0,0,0,Fine,Null
1769891.6228,5899527.0604,875554,,523911,0,,0,1,,South,2023/2024,SOUTHERN MOTORWAY,TAKANINI RAIL OBR,,Non-Injury Crash,Yes,2024,,South,,0,,Flat,,,,,,Bright sun,766500,0,0,0,3,,,0,,,,,,Auckland Region,Nil,1-way,Sealed,,0,0,,100,,Off,0,0,,76,Auckland,Nil,,,,,1,0,Open,0,,,Fine,None
1755264.7566,5875978.7983,875559,,526104,0,,0,0,,Null,2023/2024,WAIUKU ROAD,COLOMBO ROAD,,Minor Crash,No,2024,,West,,0,,Flat,,,,,,Overcast,835601,1,0,1,2,,,0,,,,,,Auckland Region,Nil,2-way,Sealed,,0,0,,60,,Off,0,0,,76,Auckland,Give way,,,,,0,0,Urban,1,,,Fine,Null
1740142.1152,5918905.8118,875561,,513101,0,,0,1,,West,2022/2023,SWANSON ROAD,CHRISTIAN ROAD,,Minor Crash,No,2023,,East,,0,,Flat,,,,,,Overcast,237501,1,0,0,2,,,0,,,,,,Auckland Region,Nil,2-way,Sealed,,0,0,,50,,Off,0,0,,76,Auckland,Nil,,,,,0,0,Urban,1,,,Light rain,Null
1734911.9202,5908397.8527,875562,,513800,0,0,0,1,1,West,2024/2025,PIHA ROAD,ANAWHATA ROAD,,Minor Crash,No,2024,0,North,0,0,0,Flat,0,,0,,0,Overcast,282007,1,0,0,2,0,0,0,0,0,,0,0,Auckland Region,Nil,2-way,Sealed,0,0,0,0,70,0,None,0,0,,76,Auckland,Nil,0,0,0,0,0,0,Urban,0,0,0,Fine,Null
1768502.4193,5900895.7867,875566,,525001,0,,0,2,,Null,2023/2024,LUPTON ROAD,SELWYN ROAD,,Non-Injury Crash,No,2024,,North,,0,,Hill Road,,,,,,Bright sun,752000,0,0,0,2,,,0,,,,,,Auckland Region,Nil,2-way,Sealed,,0,0,,50,,Off,0,0,,76,Auckland,Give way,,,,,0,0,Urban,0,,,Fine,None
1757712.917,5920827.9324,875570,,514103,0,,0,1,,Null,2024/2025,GORE STREET,CUSTOMS STREET EAST,,Minor Crash,No,2024,,South,,0,,Flat,,,,,,Bright sun,438104,1,0,0,2,,,0,,,1,,,Auckland Region,Nil,2-way,Sealed,,0,0,,30,,Null,0,0,20,76,Auckland,Traffic Signals,,,,,0,0,Urban,0,,,Fine,Null
1763995.4556,5912096.5098,875571,,520500,0,,0,1,,Null,2022/2023,MOUNT WELLINGTON HIGHWAY,VESTEY DRIVE,,Minor Crash,No,2023,,South,,0,,Flat,,,,,,Overcast,639500,1,0,1,3,,,0,,,,,,Auckland Region,Nil,1-way,Sealed,,0,0,,50,,Off,0,0,,76,Auckland,Give way,,,,,0,0,Urban,0,,,Fine,Null