X,Y,OBJECTID,advisorySpeed,areaUnitID,bicycle,bridge,bus,carStationWagon,cliffBank,crashDirectionDescription,crashFinancialYear,crashLocation1,crashLocation2,crashRoadSideRoad,crashSeverity,crashSHDescription,crashYear,debris,directionRoleDescription,ditch,fatalCount,fence,flatHill,guardRail,holiday,houseOrBuilding,intersection,kerb,light,meshblockId,minorInjuryCount,moped,motorcycle,NumberOfLanes,objectThrownOrDropped,otherObject,otherVehicleType,overBank,parkedVehicle,pedestrian,phoneBoxEtc,postOrPole,region,roadCharacter,roadLane,roadSurface,roadworks,schoolBus,seriousInjuryCount,slipOrFlood,speedLimit,strayAnimal,streetLight,suv,taxi,temporarySpeedLimit,tlaId,tlaName,trafficControl,trafficIsland,trafficSign,train,tree,truck,unknownVehicleType,urban,vanOrUtility,vehicle,waterRiver,weatherA,weatherB
1772172.552,5902192.0793,875572,45,523813,0,,0,1,,Null,2023/2024,RANFURLY ROAD,MILL ROAD,,Minor Crash,No,2024,,East,,0,,Flat,,,,,,Bright sun,759600,1,0,0,2,,,0,,,,,,Auckland Region,Nil,2-way,Sealed,,0,0,,50,,Off,1,0,,76,Auckland,Stop,,,,,0,0,Urban,0,,,Fine,None
1744586.4739,5919395.3579,875575,,513302,0,,0,2,,North,2022/2023,RATHGAR ROAD,LARISSA AVENUE,,Non-Injury Crash,No,2023,,North,,0,,Flat,,,,,,Overcast,234200,0,0,0,2,,,0,,,,,,Auckland Region,Nil,2-way,Sealed,,0,0,,50,,Off,0,0,,76,Auckland,Nil,,,,,0,0,Urban,0,,,Fine,Null
1763024.9372,5907195.2228,875582,,524301,0,0,0,1,0,West,2023/2024,HAIN AVENUE,WEDGWOOD AVENUE,,Non-Injury Crash,No,2024,0,East,0,0,0,Flat,0,,0,,0,Dark,746500,0,0,0,2,0,0,0,0,1,,0,0,Auckland Region,Nil,2-way,Sealed,0,0,0,0,50,0,On,1,0,,76,Auckland,Nil,0,0,0,0,0,0,Urban,0,0,0,Fine,Null
1747731.9363,5912662.5171,875584,,511100,0,,0,0,,North,2024/2025,PLEASANT ROAD,FAIRMOUNT ROAD,,Minor Crash,No,2025,,North,,0,,Flat,,,,,,Overcast,287400,1,0,0,2,,,0,,,1,,,Auckland Region,Nil,2-way,Sealed,,0,0,,50,,Off,0,0,,76,Auckland,Nil,,,,,0,0,Urban,0,,,Fine,Null
1757333.1181,5918836.2383,875586,,514302,0,,0,3,,South,2023/2024,SOUTHERN MOTORWAY,GRAFTON OBR,,Non-Injury Crash,Yes,2024,,North,,0,,Flat,,,,,,Dark,441700,0,0,0,3,,,0,,,,,,Auckland Region,Nil,1-way,Sealed,,0,0,,80,,On,0,0,,76,Auckland,Nil,,,,,0,0,Open,0,,,Light rain,Null
1755277.9667,5932015.8164,875587,,508805,0,,0,0,,Null,2022/2023,EAST COAST ROAD,CONSTELLATION DRIVE,,Non-Injury Crash,No,2023,,North,,0,,Hill Road,,,,,,Twilight,151104,0,0,0,4,,,0,,,,,,Auckland Region,Nil,2-way,Sealed,,0,0,,50,,Off,1,0,,76,Auckland,Traffic Signals,,,,,0,0,Urban,1,,,Fine,Null
1759879.113,5908790.4789,875592,,524403,0,,0,2,,North,2023/2024,WALMSLEY ROAD OFF RAMP,WALMSLEY ROAD,,Non-Injury Crash,No,2024,,South,,0,,Flat,,,,,,Bright sun,729600,0,0,0,1,,,0,,,,,,Auckland Region,Nil,1-way,Sealed,,0,0,,50,,Off,0,0,,76,Auckland,Nil,,,,,0,0,Urban,0,,,Fine,None
1774092.1522,5889239.888,875594,,521302,0,,0,1,,South,2023/2024,SOUTHERN MOTORWAY,QUARRY OBR,,Non-Injury Crash,Yes,2024,,North,,0,,Flat,,,,,,Overcast,809101,0,0,0,2,,,0,,,,,,Auckland Region,Nil,1-way,Sealed,,0,0,,100,,On,0,0,,76,Auckland,Nil,,,,,1,0,Open,0,,,Light rain,Null
1768001.8641,5912041.6765,875595,,523000,0,0,0,2,0,Null,2023/2024,GOSSAMER DRIVE,RIVERHILLS AVENUE,,Minor Crash,No,2023,0,South,0,0,1,Flat,0,,1,,0,Bright sun,688400,1,0,0,2,0,0,0,0,0,,0,0,Auckland Region,Nil,2-way,Sealed,0,0,0,0,50,0,None,0,0,,76,Auckland,Give way,0,1,0,0,0,0,Urban,0,0,0,Fine,Null
1756061.6119,5923205.4797,875596,,509800,0,,0,2,,South,2024/2025,NORTHERN MOTORWAY,HARBOUR BR N,,Non-Injury Crash,Yes,2024,,North,,0,,Hill Road,,,,,,Bright sun,359200,0,0,0,2,,,0,,,,,,Auckland Region,Bridge,1-way,Sealed,,0,0,,80,,Off,0,0,,76,Auckland,Nil,,,,,0,0,Open,0,,,Fine,Null
1751159.2856,5914516.1266,875608,,514402,0,0,0,2,0,Null,2024/2025,ST GEORGES ROAD,POROWHITA ROAD,,Non-Injury Crash,No,2024,0,South,0,0,0,Flat,0,,0,,0,Bright sun,379200,0,0,0,2,0,0,0,0,1,,0,0,Auckland Region,Nil,2-way,Sealed,0,0,0,0,50,0,On,0,0,,76,Auckland,Give way,0,0,0,0,0,0,Urban,0,0,0,Fine,Null
1770755.3612,5914166.969,875612,,522722,1,,0,1,,East,2023/2024,BRADBURY ROAD,HIGHLAND PARK DRIVE,,Non-Injury Crash,No,2024,,South,,0,,Flat,,,,,,Bright sun,647601,0,0,0,2,,,0,,,,,,Auckland Region,Nil,2-way,Sealed,,0,0,,50,,None,0,0,,76,Auckland,Nil,,,,,0,0,Urban,0,,,Fine,Null
1756721.7856,5919264.6241,875616,,514200,0,0,0,0,0,West,2024/2025,SOUTHERN MOTORWAY,NORTH-WESTERN TO SOUTHERN LINK,,Serious Crash,Yes,2024,0,East,0,0,0,Hill Road,1,,0,,0,Dark,411900,0,0,1,3,0,0,0,0,0,,0,0,Auckland Region,Motorway ramp,1-way,Sealed,0,0,1,0,80,0,On,0,0,,76,Auckland,Nil,0,0,0,0,0,0,Open,0,0,0,Fine,Null
1770243.9063,5899035.2604,875618,,523920,0,,0,2,,South,2024/2025,GREAT SOUTH ROAD,MANUIA ROAD,,Minor Crash,No,2024,,South,,0,,Flat,,,,,,Twilight,768006,1,0,0,5,,,0,,,,,,Auckland Region,Nil,2-way,Sealed,,0,0,,50,,On,0,0,,76,Auckland,Nil,,,,,0,0,Urban,0,,,Fine,Null
1747383.3195,5910968.3919,875623,,511901,0,0,0,1,0,North,2023/2024,ATKINSON ROAD,KOHU ROAD,,Serious Crash,No,2023,0,North,0,0,0,Hill Road,0,,0,,0,Dark,294002,0,0,1,2,0,0,0,0,1,,0,0,Auckland Region,Nil,2-way,Sealed,0,0,1,0,50,0,On,0,0,,76,Auckland,Nil,0,0,0,0,0,0,Urban,0,0,0,Fine,Null
1763888.2114,5912607.5,875624,,520500,0,,0,2,,Null,2023/2024,MOUNT WELLINGTON HIGHWAY,MOUNT WELLINGTON HWY OFF RAMP,,Non-Injury Crash,No,2024,,South,,0,,Flat,,,,,,Dark,637500,0,0,0,3,,,0,,,,,,Auckland Region,Nil,1-way,Sealed,,0,0,,50,,On,0,0,,76,Auckland,Traffic Signals,,,,,0,0,Urban,1,,,Fine,Null
1753636.5819,5917951.7297,875631,,517800,0,0,0,1,0,North,2022/2023,LINWOOD AVENUE,CHALLINOR CRESCENT,,Non-Injury Crash,No,2023,0,West,0,0,1,Hill Road,0,,0,,0,Overcast,525900,0,0,0,2,0,0,0,0,0,,0,0,Auckland Region,Nil,2-way,Sealed,0,0,0,0,50,0,Off,0,0,,76,Auckland,Nil,0,0,0,1,0,0,Urban,0,0,0,Fine,Null
1746866.5904,5910120.3228,875635,35,512000,0,,0,1,,South,2023/2024,HUIA ROAD,TITIRANGI ROAD,,Serious Crash,No,2024,,South,,0,,Hill Road,,,,,,Overcast,297000,1,0,0,2,,,0,,,,,,Auckland Region,Nil,2-way,Sealed,,0,1,,50,,Off,0,0,,76,Auckland,Nil,,,,,0,0,Urban,1,,,Heavy rain,Null
1748625.5914,5927621.5937,875636,,513410,0,,0,3,,West,2024/2025,UPPER HARBOUR MOTORWAY,UPPER HARBOUR BR,,Minor Crash,Yes,2025,,West,,0,,Hill Road,,,,,,Dark,221902,1,0,0,2,,,0,,,,,,Auckland Region,Bridge,1-way,Sealed,,0,0,,100,,On,1,0,,76,Auckland,Nil,,,,,0,0,Open,0,,,Heavy rain,Null
1759517.5808,5910273.1633,875642,,524002,0,0,0,1,0,Null,2024/2025,MAHUNGA DRIVE OFF RAMP,MAHUNGA DRIVE,,Minor Crash,No,2024,0,South,0,0,1,Flat,1,,0,,0,Twilight,722400,2,0,0,1,0,0,0,0,0,,0,0,Auckland Region,Motorway ramp,1-way,Sealed,0,0,0,0,50,0,None,0,0,,76,Auckland,Traffic Signals,0,0,0,1,0,0,Urban,0,0,0,Light rain,Null
1749284.8688,5938326.4556,875644,,506300,0,0,0,1,0,East,2024/2025,DUREY ROAD,DAIRY FLAT HIGHWAY,,Serious Crash,No,2024,0,West,0,0,1,Hill Road,0,,0,,0,Overcast,176008,0,0,0,2,0,0,0,0,0,,0,0,Auckland Region,Nil,2-way,Unsealed,0,0,1,0,60,0,None,0,0,,76,Auckland,Nil,0,0,0,1,0,0,Urban,0,0,0,Fine,Null
1764400.7061,5891590.7431,875659,,521122,0,0,0,1,1,Null,2022/2023,LINWOOD ROAD,LAING ROAD,,Serious Crash,No,2023,0,West,0,0,0,Flat,0,,0,,0,Bright sun,810000,0,0,0,2,0,0,0,0,0,,0,0,Auckland Region,Nil,2-way,Sealed,0,0,2,0,80,0,Off,1,0,,76,Auckland,Stop,0,0,0,0,0,0,Open,0,0,0,Fine,Null
1762187.659,5913638.8037,875661,,520500,0,,0,1,,South,2022/2023,SOUTHERN MOTORWAY,PENROSE OBR,,Non-Injury Crash,Yes,2023,,North,,0,,Flat,,,,,,Dark,637100,0,0,0,3,,,0,,,,,,Auckland Region,Underpass,1-way,Sealed,,0,0,,100,,On,1,0,,76,Auckland,Nil,,,,,0,0,Open,0,,,Fine,Null
1755231.8433,5918273.6912,875674,,515500,0,,0,1,,East,2024/2025,NORTH-WESTERN MOTORWAY,ST LUKES ROAD ON RAMP,,Non-Injury Crash,Yes,2024,,East,,0,,Null,,,,,,Unknown,418800,0,0,0,4,,,0,,,,,,Auckland Region,Nil,1-way,Null,,0,0,,80,,Null,0,0,,76,Auckland,Nil,,,,,0,0,Open,0,,,Null,Null
1747655.8667,5916082.21,875678,,511601,0,0,0,2,0,South,2024/2025,HEPBURN ROAD,DENARIUS LANE,,Non-Injury Crash,No,2024,0,North,0,0,0,Flat,0,,0,,0,Twilight,274206,0,0,0,2,0,0,0,0,1,,0,0,Auckland Region,Nil,2-way,Sealed,0,0,0,0,50,0,Off,0,0,,76,Auckland,Nil,0,0,0,0,0,0,Urban,0,0,0,Fine,Null
1746163.1483,5915424.5334,875682,,511800,0,,0,1,,South,2024/2025,AWAROA ROAD,NIRMAL PLACE,,Minor Crash,No,2025,,South,,0,,Hill Road,,,,,,Bright sun,277400,1,0,1,2,,,0,,,,,,Auckland Region,Nil,2-way,Sealed,,0,0,,50,,Off,0,0,,76,Auckland,Nil,,,,,0,0,Urban,0,,,Fine,Null
1759417.0601,5910238.258,875684,,524002,0,,0,3,,Null,2023/2024,RIMU ROAD,RIMU ROAD ON RAMP,,Non-Injury Crash,No,2024,,East,,0,,Flat,,,,,,Overcast,722000,0,0,0,2,,,0,,,,,,Auckland Region,Bridge,2-way,Sealed,,0,0,,50,,Off,0,0,,76,Auckland,Give way,,,,,0,0,Urban,0,,,Fine,Null
1745332.8723,5920257.2583,875688,,513301,0,,0,4,,North,2024/2025,LINCOLN ROAD,DAYTONA ROAD,,Minor Crash,No,2025,,North,,0,,Flat,,,,,,Dark,230302,2,0,0,4,,,0,,,,,,Auckland Region,Nil,2-way,Sealed,,0,0,,50,,On,0,0,,76,Auckland,Nil,,,,,0,0,Urban,0,,,Fine,Null
1744620.2459,5918055.6028,875700,,510700,0,0,0,1,0,North,2023/2024,SWANSON ROAD,STURGES ROAD,,Non-Injury Crash,No,2024,0,North,0,0,0,Flat,0,,0,,0,Overcast,239200,0,0,0,2,0,0,0,0,0,,0,0,Auckland Region,Nil,2-way,Sealed,0,0,0,0,50,0,Off,0,0,,76,Auckland,Nil,0,0,0,1,0,0,Urban,0,0,0,Fine,Null
1757304.7989,5921117.2251,875702,,514101,0,,0,1,,Null,2022/2023,LOWER HOBSON STREET,QUAY STREET,,Non-Injury Crash,No,2023,,West,,0,,Flat,,,,,,Overcast,432800,0,0,0,2,,,0,,,,,,Auckland Region,Nil,2-way,Sealed,,0,0,,30,,Null,0,0,,76,Auckland,Traffic Signals,,,,,0,0,Urban,1,,,Heavy rain,None
1758929.5184,5913206.7912,875704,,519710,0,0,0,3,0,Null,2024/2025,MOUNT SMART ROAD,ONEHUNGA MALL,,Minor Crash,No,2024,0,East,0,0,0,Flat,0,,0,,0,Bright sun,595700,1,0,0,3,0,0,0,0,0,,0,0,Auckland Region,Nil,2-way,Sealed,0,0,0,0,50,0,Off,0,0,,76,Auckland,Traffic Signals,0,0,0,0,0,0,Urban,0,1,0,Fine,Strong wind
1747037.7594,5915679.2284,875710,,511601,0,0,0,1,0,Null,2024/2025,THORNLOW STREET,FELGROVE STREET,,Non-Injury Crash,No,2024,0,South,0,0,0,Flat,0,,0,,1,Dark,275800,0,0,0,2,0,0,0,0,0,,0,0,Auckland Region,Nil,2-way,Sealed,0,0,0,0,50,0,On,0,0,,76,Auckland,Nil,0,0,0,0,0,0,Urban,0,0,0,Heavy rain,Null
1757685.414,5918283.8975,875712,,518101,0,,0,2,,South,2024/2025,SOUTHERN MOTORWAY,KHYBER PASS ROAD OFF RAMP,,Minor Crash,Yes,2024,,North,,0,,Flat,,,,,,Dark,543000,1,0,0,4,,,0,,,,,,Auckland Region,Nil,1-way,Sealed,,0,0,,80,,On,0,0,,76,Auckland,Nil,,,,,0,0,Open,1,,,Fine,Null
1764058.8692,5914181.0925,875726,75,520303,0,,0,1,,South,2022/2023,MOUNT WELLINGTON HIGHWAY,TE HORETA ROAD,,Non-Injury Crash,No,2023,,North,,0,,Flat,,,,,,Dark,627600,0,0,0,2,,,0,,,,,,Auckland Region,Nil,2-way,Sealed,,0,0,,100,,Off,0,0,,76,Auckland,Nil,,,,,0,0,Open,0,,,Heavy rain,Strong wind
1756209.5562,5913767.83,875736,,518701,0,,0,2,,East,2024/2025,MOUNT ALBERT ROAD,MCCULLOUGH AVENUE,,Non-Injury Crash,No,2024,,West,,0,,Null,,,,,,Bright sun,569200,0,0,0,2,,,0,,,,,,Auckland Region,Nil,2-way,Sealed,,0,0,,50,,Null,0,0,,76,Auckland,Nil,,,,,0,0,Urban,0,,,Null,Null
1767951.3244,5903881.8959,875738,,524602,0,,0,1,,East,2024/2025,SOUTH-WESTERN MOTORWAY,GREAT SOUTH OBR,,Non-Injury Crash,Yes,2024,,West,,0,,Hill Road,,,,,,Bright sun,780506,0,0,0,2,,,0,,,,,,Auckland Region,Motorway ramp,1-way,Sealed,,0,0,,100,,Off,0,0,,76,Auckland,Traffic Signals,,,,,0,0,Open,1,,,Fine,Null
1751614.1068,5951987.311,875746,,505804,0,0,0,3,0,North,2024/2025,HIBISCUS COAST HIGHWAY,OTANERUA ROAD,,Serious Crash,No,2024,0,South,0,0,0,Hill Road,0,,0,,0,Bright sun,170806,0,0,0,2,0,0,0,0,0,,0,0,Auckland Region,Nil,2-way,Sealed,0,0,2,0,50,0,None,0,0,,76,Auckland,Nil,0,0,0,1,0,0,Urban,0,0,0,Fine,Null
1762182.5031,5913678.1298,875748,,520401,0,1,0,0,0,North,2024/2025,SOUTHERN MOTORWAY,PENROSE OBR,,Non-Injury Crash,Yes,2024,0,South,0,0,0,Flat,0,,0,,0,Overcast,644300,0,0,0,3,0,0,0,0,0,,0,0,Auckland Region,Bridge,1-way,Sealed,0,0,0,0,100,0,Off,0,0,,76,Auckland,Nil,0,0,0,0,1,0,Open,0,0,0,Fine,Null
1755481.9559,5934261.7049,875750,,507200,0,0,0,1,0,South,2024/2025,BEACH ROAD,BROWNS BAY ROAD,,Non-Injury Crash,No,2025,0,South,0,0,1,Flat,0,,0,,0,Dark,156304,0,0,0,2,0,0,0,0,0,,0,0,Auckland Region,Nil,2-way,Sealed,0,0,0,0,50,0,On,0,0,,76,Auckland,Nil,0,0,0,1,0,0,Urban,0,0,0,Fine,Null
1753845.6314,5930200.2695,875755,,508420,0,,0,2,,Null,2022/2023,TARGET ROAD,SUNSET ROAD,,Minor Crash,No,2023,,West,,0,,Flat,,,,,,Overcast,182711,1,0,0,1,,,0,,,,,,Auckland Region,Nil,2-way,Sealed,,0,0,,50,,Off,0,0,,76,Auckland,Give way,,,,,0,0,Urban,0,,,Fine,Null
1751518.0453,5915517.4826,875757,,514401,0,,0,1,,Null,2022/2023,ROSEBANK ROAD,BLOCKHOUSE BAY ROAD,,Minor Crash,No,2023,,North,,0,,Hill Road,,,,,,Bright sun,382200,1,0,1,3,,,0,,,,,,Auckland Region,Nil,2-way,Sealed,,0,0,,50,,Off,0,0,,76,Auckland,Give way,,,,,0,0,Urban,0,,,Fine,Null
1752687.1033,5927892.9348,875762,,508210,0,0,0,1,0,Null,2024/2025,STANLEY ROAD,KAIPATIKI ROAD,,Minor Crash,No,2024,0,North,0,0,0,Hill Road,0,,0,,0,Overcast,186600,1,0,0,2,0,0,0,0,0,,0,1,Auckland Region,Nil,2-way,Sealed,0,0,0,0,50,0,Off,0,0,,76,Auckland,Give way,0,0,0,0,0,0,Urban,0,0,0,Fine,Null
1755839.2641,5918448.6952,875770,,515500,0,,0,1,,South,2024/2025,NORTH-WESTERN MOTORWAY,NEWTON ROAD OFF RAMP,,Minor Crash,Yes,2024,,North,,0,,Flat,,,,,,Bright sun,418500,1,0,0,4,,,0,,,,,,Auckland Region,Nil,1-way,Sealed,,0,0,,80,,Off,0,0,,76,Auckland,Nil,,,,,0,0,Open,0,,,Fine,Null
1765723.9818,5908305.7259,875772,,523402,0,,0,2,,North,2024/2025,SOUTHERN MOTORWAY,BAIRDS OBR,,Minor Crash,Yes,2024,,South,,0,,Flat,,,,,,Bright sun,697000,1,0,0,3,,,0,,,,,,Auckland Region,Nil,1-way,Sealed,,0,0,,100,,Off,0,0,,76,Auckland,Nil,,,,,0,0,Open,0,,,Fine,Null
1758372.3666,5917395.7369,875774,,515700,0,,0,2,,South,2024/2025,MANUKAU ROAD,ALPERS AVENUE,,Non-Injury Crash,No,2024,,North,,0,,Flat,,,,,,Bright sun,457700,0,0,0,4,,,0,,,,,,Auckland Region,Nil,2-way,Sealed,,0,0,,50,,Null,0,0,,76,Auckland,Nil,,,,,0,0,Urban,0,,,Fine,Null
1757567.3055,5920498.8088,875777,,514103,0,0,0,1,0,North,2022/2023,COURTHOUSE LANE,KITCHENER STREET,,Non-Injury Crash,No,2023,0,West,0,0,0,Hill Road,0,,0,,0,Dark,437702,0,0,0,2,0,0,0,0,1,,0,0,Auckland Region,Nil,2-way,Sealed,0,0,0,0,30,0,On,1,0,,76,Auckland,Nil,0,0,0,0,0,0,Urban,0,0,0,Fine,Null
1760928.7563,5915271.8233,875780,,520201,0,0,0,1,0,North,2023/2024,SOUTHERN MOTORWAY,TECOMA STREET ON RAMP,,Non-Injury Crash,Yes,2024,0,South,0,0,0,Flat,1,,0,,0,Dark,613500,0,0,0,3,0,0,0,0,0,,0,0,Auckland Region,Motorway ramp,1-way,Sealed,0,0,0,0,100,0,On,0,0,,76,Auckland,Nil,0,0,0,0,0,0,Open,0,0,0,Fine,Null
1768329.538,5901963.3366,875782,,525001,0,,0,3,,Null,2024/2025,GREAT SOUTH ROAD,GRANDE VUE ROAD,,Non-Injury Crash,No,2025,,North,,0,,Flat,,,,,,Bright sun,750800,0,0,0,2,,,0,,,,,,Auckland Region,Nil,2-way,Sealed,,0,0,,50,,Off,0,0,,76,Auckland,Stop,,,,,0,0,Urban,0,,,Fine,Null
1738197.5671,5979754.8129,875786,,506660,0,0,0,1,0,North,2024/2025,SH 1,ROBERTSON ROAD,,Non-Injury Crash,Yes,2024,0,North,0,0,0,Flat,0,,0,,0,Dark,136400,0,0,0,2,0,0,0,0,0,,0,1,Auckland Region,Nil,2-way,Sealed,0,0,0,0,100,0,On,0,0,,76,Auckland,Nil,0,0,0,0,0,0,Open,0,0,0,Fine,Null
1757299.1083,5920005.5644,875792,,514103,0,,0,1,,South,2024/2025,WAKEFIELD STREET,RUTLAND STREET,,Non-Injury Crash,No,2024,,North,,0,,Hill Road,,,,,,Twilight,436600,0,0,0,2,,,0,,,,,,Auckland Region,Nil,2-way,Sealed,,0,0,,30,,On,0,0,,76,Auckland,Nil,,,,,0,0,Urban,1,,,Light rain,None
1769887.1989,5900353.6638,875794,,524902,0,,0,1,,North,2024/2025,SOUTHERN MOTORWAY,MANUREWA-TAKANINI ON RAMP,,Minor Crash,Yes,2024,,North,,0,,Flat,,,,,,Overcast,759100,1,0,0,3,,,0,,,,,,Auckland Region,Nil,1-way,Sealed,,0,0,,100,,On,1,0,,76,Auckland,Nil,,,,,0,0,Open,0,,,Fine,Null
1768118.4963,5911014.1048,875798,,523112,0,,0,0,,North,2023/2024,CRYERS ROAD,BOSTOCK PLACE,,Minor Crash,No,2024,,South,,0,,Flat,,,,,,Overcast,711405,1,0,0,2,,,0,,,,,,Auckland Region,Nil,2-way,Sealed,,0,0,,50,,None,0,0,,76,Auckland,Nil,,,,,1,0,Urban,0,,,Fine,Null
1761351.7008,5914227.9945,875810,,520202,0,,0,1,,Null,2024/2025,ELLERSLIE-PANMURE HIGHWAY,ELLERSLIE-PANMURE HWY OFF RAMP,,Non-Injury Crash,No,2024,,North,,0,,Hill Road,,,,,,Bright sun,612300,0,0,0,4,,,0,,,,,,Auckland Region,Motorway ramp,2-way,Sealed,,0,0,,50,,Off,0,0,,76,Auckland,Give way,,,,,1,0,Urban,0,,,Fine,Null
1758740.1835,5912945.3748,875815,,519810,0,,0,3,,Null,2022/2023,TRAFALGAR STREET,SELWYN STREET,,Minor Crash,No,2023,,East,,0,,Flat,,,,,,Overcast,598300,2,0,0,2,,,0,,,,,,Auckland Region,Nil,2-way,Sealed,,0,0,,50,,Off,0,0,,76,Auckland,Stop,,,,,0,0,Urban,0,,,Heavy rain,Null
1747829.5943,5913496.0661,875818,,511100,0,0,0,1,0,West,2024/2025,WEST COAST ROAD,BARNEY WAY,,Non-Injury Crash,No,2024,1,East,0,0,0,Flat,0,,0,,0,Bright sun,286100,0,0,0,2,0,0,0,0,0,,0,0,Auckland Region,Nil,2-way,Sealed,0,0,0,0,50,0,Off,0,0,,76,Auckland,Nil,0,0,0,0,0,0,Urban,0,0,0,Fine,Null
1789318.3346,5908594.6257,875826,,525202,0,0,0,1,0,West,2024/2025,CLEVEDON-KAWAKAWA ROAD,TOWNSON ROAD,,Non-Injury Crash,No,2024,0,West,0,0,0,Flat,0,,0,,0,Overcast,764800,0,0,0,2,0,0,0,0,0,,0,1,Auckland Region,Nil,2-way,Sealed,0,0,0,0,80,0,None,0,0,,76,Auckland,Nil,0,0,0,0,0,0,Open,0,0,0,Fine,Null
1764154.9579,5904143.2609,875830,,524604,0,,0,3,,North,2024/2025,SOUTH-WESTERN MOTORWAY,CAVENDISH DRIVE ON RAMP,,Minor Crash,Yes,2024,,North,,0,,Flat,,,,,,Bright sun,781100,2,0,0,2,,,0,,,,,,Auckland Region,Nil,1-way,Sealed,,0,0,,100,,Off,0,0,,76,Auckland,Nil,,,,,0,0,Open,0,,,Fine,Null
1772333.5984,5913098.516,875836,,523102,0,0,0,1,0,East,2024/2025,MEADOWLAND DRIVE,NICHOLAS ROAD,,Non-Injury Crash,No,2024,0,West,0,0,0,Null,0,,0,,0,Unknown,711020,0,0,0,2,0,0,0,0,1,,0,0,Auckland Region,Nil,2-way,Null,0,0,0,0,50,0,Null,0,0,,76,Auckland,Nil,0,0,0,0,0,0,Urban,1,0,0,Null,Null
1766647.7526,5912920.2405,875838,45,522920,0,,0,2,,Null,2023/2024,PAKURANGA HIGHWAY,TI RAKAU DRIVE,,Non-Injury Crash,No,2024,,East,,0,,Flat,,,,,,Twilight,683900,0,0,0,3,,,0,,,,,,Auckland Region,Nil,1-way,Sealed,,0,0,,60,,On,0,0,,76,Auckland,Traffic Signals,,,,,0,0,Urban,0,,,Fine,Null
1768496.3788,5900653.3926,875842,,525101,0,0,0,1,0,North,2024/2025,CHURCHILL AVENUE,WEYMOUTH ROAD,,Non-Injury Crash,No,2024,0,West,0,0,1,Flat,0,,1,,0,Dark,771100,0,0,0,2,0,0,0,0,0,,0,0,Auckland Region,Nil,2-way,Sealed,0,0,0,0,50,0,On,0,0,,76,Auckland,Nil,0,0,0,0,0,0,Urban,0,0,0,Fine,Null
1791100.2604,5908890.1828,875844,35,525202,0,,0,0,,North,2024/2025,CLEVEDON-KAWAKAWA ROAD,TUREI ROAD,,Serious Crash,No,2025,,North,,0,,Flat,,,,,,Bright sun,764800,0,0,1,2,,,0,,,,,,Auckland Region,Nil,2-way,Sealed,,0,1,,60,,None,0,0,,76,Auckland,Nil,,,,,0,0,Urban,0,,,Fine,Null
1755247.5501,5917815.7052,875847,,517500,0,,0,2,,East,2022/2023,NEW NORTH ROAD,KINGSLAND AVENUE,,Minor Crash,No,2023,,West,,0,,Hill Road,,,,,,Bright sun,530700,2,0,0,4,,,0,,,,,,Auckland Region,Nil,2-way,Sealed,,0,0,,50,,Off,0,0,,76,Auckland,Nil,,,,,0,0,Urban,0,,,Fine,Null
1768074.9999,5904329.9961,875854,,523820,0,,0,2,,South,2022/2023,REDOUBT ROAD,SOUTHERN MOTORWAY,,Non-Injury Crash,No,2023,,South,,0,,Flat,,,,,,Overcast,759901,0,0,0,2,,,0,,,,,,Auckland Region,Nil,1-way,Sealed,,0,0,,50,,Off,0,0,,76,Auckland,Nil,,,,,0,0,Urban,0,,,Fine,None
1756362.3663,5927138.9468,875855,,507900,0,,0,2,,Null,2022/2023,NORTHCOTE ROAD OFF RAMP,NORTHCOTE ROAD,,Non-Injury Crash,No,2023,,North,,0,,Hill Road,,,,,,Dark,303501,0,0,0,2,,,0,,,,,,Auckland Region,Motorway ramp,1-way,Sealed,,0,0,,50,,On,0,0,,76,Auckland,Traffic Signals,,,,,0,0,Urban,0,,,Light rain,Null
1744335.2623,5914660.4609,875860,,513013,0,0,0,2,0,North,2024/2025,PARRS CROSS ROAD,HOLDENS ROAD,,Non-Injury Crash,No,2024,0,South,0,0,0,Hill Road,0,,0,,1,Bright sun,281506,0,0,0,2,0,0,0,0,0,,0,0,Auckland Region,Nil,2-way,Sealed,0,0,0,0,50,0,Off,0,0,,76,Auckland,Nil,0,0,0,0,0,0,Urban,0,0,0,Fine,Null
1746334.4355,5917349.1173,875864,,510700,0,0,0,2,0,North,2023/2024,MCLEOD ROAD,WILLEM STRAAT,,Non-Injury Crash,No,2024,0,North,0,0,0,Hill Road,0,,0,,0,Dark,240601,0,0,0,2,0,0,0,0,1,,0,0,Auckland Region,Nil,2-way,Sealed,0,0,0,0,50,0,On,0,0,,76,Auckland,Nil,0,0,0,0,0,0,Urban,0,0,0,Fine,Null
1745284.5648,5919569.6027,875873,,513301,0,,0,2,,South,2022/2023,LINCOLN ROAD,UNIVERSAL DRIVE,,Minor Crash,No,2023,,North,,0,,Flat,,,,,,Dark,232001,2,0,0,4,,,0,,,,,,Auckland Region,Nil,2-way,Sealed,,0,0,,50,,On,0,0,,76,Auckland,Traffic Signals,,,,,0,0,Urban,0,,,Fine,Null