X,Y,OBJECTID,advisorySpeed,areaUnitID,bicycle,bridge,bus,carStationWagon,cliffBank,crashDirectionDescription,crashFinancialYear,crashLocation1,crashLocation2,crashRoadSideRoad,crashSeverity,crashSHDescription,crashYear,debris,directionRoleDescription,ditch,fatalCount,fence,flatHill,guardRail,holiday,houseOrBuilding,intersection,kerb,light,meshblockId,minorInjuryCount,moped,motorcycle,NumberOfLanes,objectThrownOrDropped,otherObject,otherVehicleType,overBank,parkedVehicle,pedestrian,phoneBoxEtc,postOrPole,region,roadCharacter,roadLane,roadSurface,roadworks,schoolBus,seriousInjuryCount,slipOrFlood,speedLimit,strayAnimal,streetLight,suv,taxi,temporarySpeedLimit,tlaId,tlaName,trafficControl,trafficIsland,trafficSign,train,tree,truck,unknownVehicleType,urban,vanOrUtility,vehicle,waterRiver,weatherA,weatherB
1755214.3808,5877354.0549,875887,,521152,0,0,0,0,0,South,2022/2023,GLENBROOK-WAIUKU ROAD,SHAKESPEARE ROAD,,Serious Crash,No,2023,0,North,0,0,0,Hill Road,0,,0,,0,Overcast,832900,0,0,0,2,0,0,0,1,0,,0,1,Auckland Region,Nil,2-way,Sealed,0,0,1,0,80,0,None,0,0,,76,Auckland,Nil,0,0,0,0,1,0,Open,0,0,0,Heavy rain,Null
1750659.3182,5946651.1446,875889,,505806,0,,0,2,,Null,2022/2023,HIBISCUS COAST HIGHWAY,HIBISCUS COAST HIGHWAY,,Minor Crash,No,2023,,North,,0,,Flat,,,,,,Dark,176504,1,0,0,8,,,0,,,,,,Auckland Region,Nil,2-way,Sealed,,0,0,,60,,On,0,0,,76,Auckland,Nil,,,,,0,0,Urban,0,,,Fine,Null
1757711.4313,5944612.3146,875890,,505902,0,,0,2,,Null,2024/2025,BEACH ROAD,WHANGAPARAOA ROAD,,Minor Crash,No,2025,,South,,0,,Flat,,,,,,Bright sun,174303,2,0,0,1,,,0,,,,,,Auckland Region,Nil,1-way,Sealed,,0,0,,50,,Off,0,0,,76,Auckland,Give way,,,,,0,0,Urban,0,,,Fine,Null
1729667.0689,5931140.4043,875896,,506652,0,,0,2,,Null,2024/2025,SH 16,MCPIKE ROAD,,Minor Crash,Yes,2025,,East,,0,,Flat,,,,,,Overcast,218101,1,0,0,2,,,0,,,,,,Auckland Region,Nil,2-way,Sealed,,0,0,,100,,Off,0,0,,76,Auckland,Give way,,,,,0,0,Open,0,,,Light rain,Null
1765826.09,5900265.9107,875900,,524822,0,0,0,1,0,South,2024/2025,MAPLESDEN DRIVE,DUNGARVON PLACE,,Non-Injury Crash,No,2024,0,South,0,0,0,Null,0,,0,,0,Dark,774442,0,0,0,2,0,0,0,0,1,,0,0,Auckland Region,Nil,2-way,Sealed,0,0,0,0,30,0,On,0,0,,76,Auckland,Nil,0,0,0,0,0,0,Urban,1,0,0,Fine,Null
1755950.6632,5917066.6041,875908,,518201,1,,0,0,,Null,2024/2025,DOMINION ROAD,BURNLEY TERRACE,,Minor Crash,No,2025,,North,,0,,Flat,,,,,,Bright sun,548200,1,0,0,4,,,0,,,,,,Auckland Region,Nil,2-way,Sealed,,0,0,,50,,Off,1,0,30,76,Auckland,Stop,,,,,0,0,Urban,0,,,Fine,Null
1765555.5732,5906984.1672,875914,,522301,0,,0,2,,Null,2023/2024,GREAT SOUTH ROAD,EAST TAMAKI ROAD,,Non-Injury Crash,No,2023,,North,,0,,Flat,,,,,,Twilight,666800,0,0,0,3,,,0,,,,,,Auckland Region,Nil,2-way,Sealed,,0,0,,50,,Off,0,0,,76,Auckland,Traffic Signals,,,,,0,0,Urban,0,,,Fine,None
1757473.474,5882969.7804,875930,,521152,0,,0,0,,Null,2024/2025,GLENBROOK ROAD,GEARON ROAD,,Minor Crash,No,2024,,North,,0,,Flat,,,,,,Bright sun,834502,1,0,0,2,,,0,,,,,,Auckland Region,Nil,2-way,Sealed,,0,0,,80,,Off,0,0,,76,Auckland,Give way,,,,,0,0,Open,2,,,Fine,Null
1769208.0865,5902427.1641,875933,,524901,0,,0,2,,North,2022/2023,SOUTHERN MOTORWAY,HILL ROAD ON RAMP,,Non-Injury Crash,Yes,2023,,North,,0,,Flat,,,,,,Bright sun,755000,0,0,0,3,,,0,,,,,,Auckland Region,Nil,1-way,Sealed,,0,0,,100,,Off,0,0,,76,Auckland,Nil,,,,,0,0,Open,0,,,Fine,Null
1762463.969,5917735.154,875935,,516301,0,0,0,1,0,South,2023/2024,MEADOWBANK ROAD,BONNIE BRAE ROAD,,Serious Crash,No,2024,0,North,0,0,0,Hill Road,0,,0,,0,Bright sun,459600,0,0,0,2,0,0,0,0,1,,0,1,Auckland Region,Nil,2-way,Sealed,0,0,1,0,30,0,Off,0,0,,76,Auckland,Nil,0,0,0,0,0,0,Urban,1,0,0,Fine,Null
1761801.3189,5914019.7853,875942,,520202,0,,0,1,,South,2024/2025,SOUTHERN MOTORWAY,ELLERSLIE-PANMURE HWY ON RAMP,,Minor Crash,Yes,2024,,South,,0,,Flat,,,,,,Bright sun,612800,1,0,1,3,,,0,,,,,,Auckland Region,Nil,1-way,Sealed,,0,0,,100,,Off,0,0,,76,Auckland,Nil,,,,,0,0,Open,0,,,Fine,Null
1763654.5895,5912688.3422,875946,,520500,0,,0,2,,West,2022/2023,SOUTHERN MOTORWAY,MOUNT WELLINGTON HWY OFF RAMP,,Non-Injury Crash,Yes,2023,,East,,0,,Flat,,,,,,Bright sun,637400,0,0,0,3,,,0,,,,,,Auckland Region,Nil,2-way,Sealed,,0,0,,100,,Off,0,0,,76,Auckland,Nil,,,,,0,0,Open,0,,,Fine,None
1768354.0623,5904445.3637,875947,,523820,0,0,0,1,0,Null,2022/2023,REDOUBT ROAD,DIORELLA DRIVE,,Non-Injury Crash,No,2023,0,North,0,0,0,Flat,0,,1,,0,Twilight,759901,0,0,0,3,0,0,0,0,0,,0,0,Auckland Region,Nil,2-way,Sealed,0,0,0,0,50,0,On,0,0,40,76,Auckland,Give way,0,0,0,0,0,0,Urban,0,0,0,Fine,Null
1752384.2947,5918877.1632,875952,,515002,0,0,0,2,0,North,2024/2025,WALMER ROAD,WAKATIPU STREET,,Non-Injury Crash,No,2024,0,West,0,0,0,Flat,0,,0,,0,Dark,396100,0,0,0,2,0,0,0,0,1,,0,0,Auckland Region,Nil,2-way,Sealed,0,0,0,0,50,0,On,0,0,,76,Auckland,Nil,0,0,0,0,0,0,Urban,0,0,0,Fine,Null
1755983.9267,5918601.6034,875958,,515500,0,,0,1,,South,2024/2025,NORTH-WESTERN MOTORWAY,NEWTON ROAD OFF RAMP,,Non-Injury Crash,Yes,2024,,North,,0,,Flat,,,,,,Dark,418600,0,0,0,4,,,0,,,,,,Auckland Region,Nil,1-way,Sealed,,0,0,,80,,On,0,0,,76,Auckland,Nil,,,,,1,0,Open,0,,,Fine,Null
1764011.0776,5904244.9229,875960,,524604,0,,0,2,,Null,2024/2025,PUHINUI ROAD,PUHINUI ROAD-SH 20B ON RAMP,,Non-Injury Crash,No,2024,,South,,0,,Flat,,,,,,Overcast,781100,0,0,0,1,,,0,,,,,,Auckland Region,Motorway ramp,1-way,Sealed,,0,0,,50,,Off,0,0,,76,Auckland,Traffic Signals,,,,,0,0,Urban,0,,,Fine,Null
1750446.8835,5955199.9019,875974,,506613,0,,0,2,,North,2023/2024,NORTHERN GATEWAY TOLL ROAD,WAIWERA VIADUCT NORTH,,Minor Crash,Yes,2024,,North,,0,,Hill Road,,,,,,Overcast,147000,1,0,0,2,,,0,,,,,,Auckland Region,Bridge,1-way,Sealed,,0,0,,80,,Off,0,0,,76,Auckland,Nil,,,,,0,0,Open,0,,,Light rain,Null
1756887.1231,5904938.3092,875978,,524200,0,,0,2,,Null,2023/2024,TE TIKI ROAD,LANDING DRIVE,,Non-Injury Crash,No,2024,,North,,0,,Flat,,,,,,Dark,727000,0,0,0,2,,,0,,,,,,Auckland Region,Nil,2-way,Sealed,,0,0,,50,,None,0,0,,76,Auckland,Give way,,,,,0,0,Urban,0,,,Fine,Null
1748896.9472,5931351.3065,875983,65,509000,0,0,0,1,0,South,2023/2024,PAREMOREMO ROAD,OLD SCHOOL LANE,,Non-Injury Crash,No,2023,0,West,0,0,1,Flat,0,,0,,0,Dark,179703,0,0,0,2,0,0,0,1,0,,0,0,Auckland Region,Nil,2-way,Sealed,0,0,0,0,80,0,Off,0,0,,76,Auckland,Nil,0,0,0,0,0,0,Open,0,0,0,Fine,Null
1756526.771,5924684.9326,875984,,509702,0,,0,2,,South,2024/2025,NORTHERN MOTORWAY,ONEWA ROAD ON RAMP,,Minor Crash,Yes,2024,,North,,0,,Flat,,,,,,Overcast,366700,1,0,0,4,,,0,,,,,,Auckland Region,Nil,1-way,Sealed,,0,0,,100,,Off,0,0,,76,Auckland,Nil,,,,,0,0,Open,0,,,Fine,Null
1755051.2923,5929173.3613,875988,,508320,0,,0,0,,Null,2024/2025,OFF ROAD - CARPARK ,,,Serious Crash,No,2025,,Null,,0,,Hill Road,,,,,,Bright sun,196600,1,0,0,,,,0,,,2,,,Auckland Region,Nil,Off road,Sealed,,0,1,,,,Off,1,0,,76,Auckland,Nil,,,,,0,0,Urban,0,,,Fine,Null
1767675.9056,5912944.558,875990,,522910,0,,0,0,,East,2024/2025,REEVES ROAD,CARDIFF ROAD,,Minor Crash,No,2025,,East,,0,,Hill Road,,,,,,Bright sun,685800,1,0,1,2,,,0,,,,,,Auckland Region,Nil,2-way,Sealed,,0,0,,50,,Off,0,0,,76,Auckland,Nil,,,,,0,0,Urban,0,,,Fine,Null
1742330.4339,5917903.5215,875994,,513214,0,0,0,1,0,Null,2024/2025,SIMPSON ROAD,DHAKA LANE,,Minor Crash,No,2024,0,North,0,0,1,Hill Road,0,,0,,0,Dark,238704,1,0,0,2,0,0,0,0,0,,0,0,Auckland Region,Nil,2-way,Sealed,0,0,0,0,50,0,On,0,0,,76,Auckland,Nil,0,0,0,0,0,0,Urban,0,0,0,Fine,Null
1762197.603,5916943.3964,876006,,516302,0,0,0,1,0,Null,2023/2024,REMUERA ROAD,STONEYROYD GARDENS,,Non-Injury Crash,No,2024,0,North,0,0,1,Hill Road,0,,0,,0,Twilight,463300,0,0,0,4,0,0,0,0,0,,0,0,Auckland Region,Nil,2-way,Sealed,0,0,0,0,50,0,On,0,0,,76,Auckland,Stop,0,0,0,0,0,0,Urban,0,0,0,Fine,Null
1752988.4454,5918186.6069,876007,,515003,0,,0,1,,East,2022/2023,NORTH-WESTERN MOTORWAY,GREAT NORTH ROAD OFF RAMP,,Non-Injury Crash,Yes,2023,,West,,0,,Hill Road,,,,,,Dark,390502,0,0,0,4,,,0,,,,,,Auckland Region,Nil,1-way,Sealed,,0,0,,100,,On,0,0,,76,Auckland,Nil,,,,,1,0,Open,0,,,Fine,Null
1765612.4501,5908848.9898,876011,,523402,0,,0,2,,Null,2023/2024,HELLABYS ROAD,HIGHBROOK DRIVE,,Non-Injury Crash,No,2023,,West,,0,,Flat,,,,,,Overcast,696900,0,0,0,2,,,0,,,,,,Auckland Region,Nil,1-way,Sealed,,0,0,,50,,Off,0,0,,76,Auckland,Give way,,,,,0,0,Urban,0,,,Light rain,Null
1731691.9492,5905573.1,876012,,513800,0,1,0,0,0,Null,2024/2025,LONE KAURI ROAD,POHUTUKAWA GLADE WALK,,Minor Crash,No,2024,0,North,0,0,0,Hill Road,0,,0,,0,Overcast,282020,1,0,0,2,0,0,0,0,0,,0,0,Auckland Region,Bridge,2-way,Sealed,0,0,0,0,50,0,None,0,0,,76,Auckland,Nil,0,0,0,0,0,0,Urban,1,0,1,Fine,Null
1779201.2852,5927121.0952,876014,,520801,0,0,0,0,0,North,2023/2024,MAKO STREET,WEKA ROAD,,Non-Injury Crash,No,2024,0,North,0,0,0,Flat,0,,0,,0,Overcast,516302,0,0,0,2,0,0,0,0,0,,0,1,Auckland Region,Nil,2-way,Sealed,0,0,0,0,30,0,Off,0,0,,76,Auckland,Nil,0,0,0,0,1,0,Urban,0,0,0,Fine,Null
1751932.4222,5920079.5522,876020,,515002,0,0,1,2,0,North,2023/2024,POINT CHEVALIER ROAD,BOSCAWEN STREET,,Non-Injury Crash,No,2024,0,South,0,0,0,Flat,0,,0,,0,Overcast,394200,0,0,0,2,0,0,0,0,1,,0,0,Auckland Region,Nil,2-way,Sealed,0,0,0,0,50,0,Off,0,0,,76,Auckland,Nil,0,0,0,0,0,0,Urban,0,0,0,Fine,Null
1756219.1666,5912279.466,876024,,518702,0,,0,1,,South,2023/2024,HILLSBOROUGH ROAD,OLSEN AVENUE,,Serious Crash,No,2024,,South,,0,,Flat,,,,,,Bright sun,571400,0,0,0,4,,,0,,,1,,,Auckland Region,Nil,2-way,Sealed,,0,1,,50,,Off,0,0,,76,Auckland,Nil,,,,,0,0,Urban,0,,,Fine,Null
1757226.8515,5914633.2152,876030,,518600,0,0,0,1,0,Null,2024/2025,SELWYN ROAD,CORONATION ROAD,,Non-Injury Crash,No,2024,0,East,0,0,0,Hill Road,0,,0,,1,Overcast,564300,0,0,0,2,0,0,0,0,0,,0,0,Auckland Region,Nil,2-way,Sealed,0,0,0,0,50,0,Off,0,0,,76,Auckland,Give way,0,0,0,0,0,0,Urban,0,0,0,Fine,Null
1772745.019,5896778.8176,876031,,525420,0,0,0,2,0,East,2022/2023,INGRAM STREET,PORCHESTER ROAD,,Minor Crash,No,2023,0,East,0,0,1,Flat,0,,0,,0,Overcast,792603,1,0,0,2,0,0,0,0,1,,0,0,Auckland Region,Nil,2-way,Sealed,0,0,0,0,50,0,Off,0,0,,76,Auckland,Nil,0,0,0,0,0,0,Urban,0,0,0,Fine,Null
1772076.5427,5895155.7634,876035,,525530,0,0,0,0,0,East,2023/2024,BEACH ROAD,ELLIOT STREET,,Serious Crash,No,2023,0,West,0,0,2,Flat,0,,0,,0,Bright sun,804801,0,0,1,2,0,1,0,0,0,,0,0,Auckland Region,Nil,2-way,Sealed,0,0,1,0,50,0,Off,0,0,,76,Auckland,Nil,0,0,0,0,0,0,Urban,0,0,0,Fine,Null
1728536.1412,5939877.5456,876038,,506644,0,0,0,1,0,South,2024/2025,SH 16,TE PUA SCHOOL ROAD,,Non-Injury Crash,Yes,2024,0,South,1,0,0,Flat,0,,0,,0,Dark,211002,0,0,0,2,0,0,0,0,0,,0,0,Auckland Region,Nil,2-way,Sealed,0,0,0,0,100,0,None,0,0,,76,Auckland,Nil,0,0,0,0,0,0,Open,0,0,0,Fine,Null
1764500.409,5912826.7336,876044,,520500,0,,0,1,,Null,2023/2024,CARBINE ROAD,ARTHUR BROWN PLACE,,Minor Crash,No,2024,,North,,0,,Flat,,,,,,Bright sun,639100,1,0,0,5,,,0,,,,,,Auckland Region,Nil,2-way,Sealed,,0,0,,50,,Off,0,0,,76,Auckland,Traffic Signals,,,,,0,0,Urban,1,,,Fine,Null
1766697.9977,5905858.8922,876050,,522302,0,,0,1,,Null,2024/2025,GREAT SOUTH ROAD,ALLENBY ROAD,,Minor Crash,No,2025,,South,,0,,Flat,,,,,,Bright sun,669300,1,0,0,2,,,0,,,,,,Auckland Region,Nil,2-way,Sealed,,0,0,,50,,Off,0,0,,76,Auckland,Give way,,,,,0,0,Urban,1,,,Fine,Null
1768381.8764,5903465.2766,876056,,524602,0,0,0,1,0,North,2022/2023,SOUTHERN MOTORWAY,AIRPORT OFF RAMP,,Non-Injury Crash,Yes,2023,0,North,0,0,0,Flat,0,,0,,0,Overcast,780506,0,0,0,5,0,0,0,0,0,,0,0,Auckland Region,Nil,1-way,Sealed,0,0,0,0,100,0,Off,0,0,,76,Auckland,Nil,1,1,0,1,0,0,Open,0,0,0,Fine,Null
1764089.2798,5907073.0084,876059,,522201,0,0,0,2,0,North,2022/2023,SWAFFIELD ROAD,MIDDLEMORE CRESCENT,,Non-Injury Crash,No,2023,0,North,0,0,1,Flat,0,Easter,0,,0,Dark,660600,0,0,0,2,0,0,0,0,1,,0,0,Auckland Region,Nil,2-way,Sealed,0,0,0,0,50,0,On,1,0,,76,Auckland,Nil,0,0,0,0,0,0,Urban,0,0,0,Fine,Null
1757281.2509,5921131.2664,876060,,514101,0,,0,2,,Null,2022/2023,LOWER HOBSON STREET,QUAY STREET,,Non-Injury Crash,No,2023,,North,,0,,Flat,,,,,,Bright sun,433001,0,0,0,2,,,0,,,,,,Auckland Region,Nil,2-way,Sealed,,0,0,,30,,On,0,0,,76,Auckland,Traffic Signals,,,,,0,0,Urban,0,,,Null,None
1759930.9586,5886288.0885,876066,,521122,0,,0,2,,Null,2024/2025,KINGSEAT ROAD,WAIAU PA ROAD,,Minor Crash,No,2025,,North,,0,,Hill Road,,,,,,Bright sun,810700,1,0,0,2,,,0,,,,,,Auckland Region,Nil,2-way,Sealed,,0,0,,80,,Off,0,0,,76,Auckland,Stop,,,,,0,0,Open,0,,,Fine,Null
1746627.8619,5926017.1655,876072,,513432,0,,0,1,,Null,2023/2024,HOBSONVILLE ROAD,BRIGHAM CREEK ROAD,,Minor Crash,No,2024,,East,,0,,Flat,,,,,,Overcast,223005,1,0,0,2,,,0,,,,,,Auckland Region,Nil,2-way,Sealed,,0,0,,50,,On,1,0,,76,Auckland,Stop,,,,,0,0,Urban,0,,,Fine,Null
1752537.0853,5918046.955,876076,95,515002,0,,0,1,,East,2024/2025,NORTH-WESTERN MOTORWAY,SH 20,,Non-Injury Crash,Yes,2024,,East,,0,,Flat,,,,,,Overcast,390701,0,0,0,4,,,0,,,,,,Auckland Region,Nil,1-way,Sealed,,0,0,,100,,Off,0,0,,76,Auckland,Nil,,,,,0,1,Open,0,,,Light rain,Strong wind
1757135.0097,5904365.2855,876078,,524200,0,0,0,1,0,East,2024/2025,IHUMATAO ROAD,SISTEMA WAY,,Fatal Crash,No,2025,0,West,0,1,0,Flat,0,Christmas New Year,0,,0,Bright sun,727100,0,0,0,2,0,0,0,0,0,,0,1,Auckland Region,Nil,2-way,Sealed,0,0,0,0,60,0,Off,0,0,,76,Auckland,Nil,0,0,0,0,0,0,Urban,0,0,0,Fine,Null
1763977.4601,5906845.307,876094,,524301,0,0,0,1,0,South,2024/2025,NOGAT AVENUE,PORTAGE ROAD,,Non-Injury Crash,No,2024,0,South,0,0,0,Flat,0,,0,,0,Dark,656500,0,0,0,2,0,0,0,0,0,,0,1,Auckland Region,Nil,2-way,Sealed,0,0,0,0,50,0,None,0,0,,76,Auckland,Nil,0,0,0,0,0,0,Urban,0,0,0,Light rain,Null
1778171.0107,5906986.6933,876095,,525201,0,0,0,1,0,North,2023/2024,ARA-KOTINGA,WHITFORD PARK ROAD,,Non-Injury Crash,No,2023,0,North,0,0,0,Flat,0,,0,,0,Overcast,762000,0,0,0,2,0,0,0,0,0,,0,1,Auckland Region,Nil,2-way,Sealed,0,0,0,0,60,0,None,0,0,,76,Auckland,Nil,0,0,0,0,0,0,Urban,0,0,0,Light rain,Strong wind
1766248.3051,5916631.3925,876104,,517100,0,,0,2,,Null,2024/2025,ELSTREE AVENUE,MAYBURY STREET,,Minor Crash,No,2024,,South,,0,,Flat,,,,,,Overcast,477400,1,0,0,2,,,0,,,,,,Auckland Region,Nil,2-way,Sealed,,0,0,,50,,Off,0,0,,76,Auckland,Stop,,,,,0,1,Urban,0,,,Fine,Null
1751563.3172,5915250.4011,876108,,514401,0,,0,2,,Null,2024/2025,BLOCKHOUSE BAY ROAD,NEW NORTH ROAD,,Non-Injury Crash,No,2024,,South,,0,,Flat,,,,,,Dark,382500,0,0,0,2,,,0,,,,,,Auckland Region,Nil,2-way,Sealed,,0,0,,50,,On,0,0,30,76,Auckland,Traffic Signals,,,,,0,0,Urban,0,,,Light rain,Null
1752506.684,5924661.3101,876110,,510402,0,0,0,2,0,South,2024/2025,BALMAIN ROAD,MOKOIA ROAD,,Non-Injury Crash,No,2024,0,North,0,0,0,Hill Road,0,,0,,0,Bright sun,352500,0,0,0,2,0,0,0,0,1,,0,0,Auckland Region,Nil,2-way,Sealed,0,0,0,0,50,0,Off,0,0,,76,Auckland,Nil,0,0,0,0,0,0,Urban,0,0,0,Fine,Null
1771536.1982,5897825.4301,876114,,523912,0,0,0,1,0,Null,2024/2025,WALTERS ROAD,GREAT SOUTH ROAD,,Minor Crash,No,2025,0,West,0,0,2,Flat,0,,0,,0,Overcast,765700,1,0,0,2,0,0,0,0,0,,0,0,Auckland Region,Nil,2-way,Sealed,0,0,0,0,50,0,Off,0,0,,76,Auckland,Give way,0,1,0,1,0,0,Urban,0,0,0,Fine,Null
1759891.7751,5907372.1386,876119,,524121,0,,0,2,,Null,2022/2023,BADER DRIVE,AVENUE NORTH ROAD,,Non-Injury Crash,No,2023,,North,,0,,Hill Road,,,,,,Bright sun,737600,0,0,0,2,,,0,,,,,,Auckland Region,Overpass,2-way,Sealed,,0,0,,50,,Off,0,0,,76,Auckland,Traffic Signals,,,,,0,0,Urban,0,,,Fine,Null
1752702.9179,5914666.2551,876122,,514500,0,0,0,1,0,North,2024/2025,METHUEN ROAD,BATKIN ROAD,,Non-Injury Crash,No,2024,0,South,0,0,0,Null,0,,0,,0,Dark,378100,0,0,0,2,0,0,0,0,1,,0,0,Auckland Region,Nil,2-way,Sealed,0,0,0,0,50,0,Null,0,0,,76,Auckland,Nil,0,0,0,0,0,0,Urban,0,0,0,Fine,Null
1753907.3589,5925518.5937,876126,,510401,0,,0,2,,Null,2023/2024,BIRKENHEAD AVENUE,PUPUKE ROAD,,Non-Injury Crash,No,2023,,South,,0,,Hill Road,,,,,,Overcast,354900,0,0,0,3,,,0,,,,,,Auckland Region,Nil,2-way,Sealed,,0,0,,50,,Off,0,0,,76,Auckland,Traffic Signals,,,,,0,0,Urban,0,,,Fine,Null
1759040.2552,5911994.6982,876134,,519820,0,,0,1,,North,2024/2025,ONEHUNGA MALL,PRINCES STREET,,Non-Injury Crash,No,2024,,North,,0,,Flat,,,,,,Dark,601901,0,0,0,2,,,0,,,,,,Auckland Region,Nil,2-way,Sealed,,0,0,,50,,On,0,0,,76,Auckland,Nil,,,,,0,0,Urban,1,,,Fine,Strong wind
1754079.7081,5975569.1135,876135,,506659,0,0,0,1,0,Null,2022/2023,OFF ROAD - CAR PARK,,,Minor Crash,No,2023,0,North,0,0,0,Flat,0,,0,,0,Twilight,138107,1,0,0,,0,0,0,0,1,,0,0,Auckland Region,Nil,Off road,Sealed,0,0,0,0,,0,On,0,0,,76,Auckland,Nil,0,0,0,0,0,0,Urban,1,0,0,Fine,Null
1772889.2805,5895542.8295,876140,,525410,0,0,0,3,0,North,2024/2025,SETTLEMENT ROAD,LIVERPOOL STREET,,Minor Crash,No,2025,0,East,0,0,0,Flat,0,,0,,0,Overcast,793400,1,0,0,2,0,0,0,0,1,,0,0,Auckland Region,Nil,2-way,Sealed,0,0,0,0,50,0,None,0,0,,76,Auckland,Nil,0,0,0,0,0,0,Urban,0,0,0,Light rain,Null
1718982.0562,5950697.0726,876144,,506642,0,0,0,1,0,North,2024/2025,SOUTH HEAD ROAD,SHELLY BEACH ROAD,,Minor Crash,No,2024,0,East,0,0,0,Hill Road,0,Labour Weekend,0,,0,Overcast,210301,2,0,0,2,0,0,0,0,0,,0,0,Auckland Region,Nil,2-way,Sealed,0,0,0,0,100,0,None,0,0,,76,Auckland,Nil,0,0,0,1,0,0,Open,0,0,0,Fine,Null
1764717.6193,5908471.5994,876147,,523404,0,,0,3,,South,2023/2024,GREAT SOUTH ROAD,CRACROFT STREET,,Minor Crash,No,2023,,South,,0,,Hill Road,,,,,,Twilight,696701,1,0,0,4,,,0,,,,,,Auckland Region,Bridge,2-way,Sealed,,0,0,,50,,Off,0,0,,76,Auckland,Nil,,,,,0,0,Urban,0,,,Heavy rain,Null
1757941.8301,5919858.3814,876148,,514301,0,,0,2,,Null,2023/2024,GRAFTON ROAD ON RAMP,GRAFTON ROAD,,Non-Injury Crash,No,2023,,South,,0,,Flat,,,,,,Overcast,440300,0,0,0,2,,,0,,,,,,Auckland Region,Nil,2-way,Sealed,,0,0,,50,,Off,0,0,,76,Auckland,Nil,,,,,0,0,Urban,0,,,Fine,Strong wind
1757261.4831,5915337.3021,876159,,515802,0,,0,1,,Null,2022/2023,ST ANDREWS ROAD,WATLING STREET,,Serious Crash,No,2023,,North,,0,,Hill Road,,,,,,Twilight,447802,0,0,0,2,,,0,,,1,,,Auckland Region,Nil,2-way,Sealed,,0,1,,50,,Off,0,0,,76,Auckland,Stop,,,,,0,0,Urban,0,,,Fine,Null
1743352.2636,5916431.067,876162,,513220,0,,0,2,,Null,2024/2025,STURGES ROAD,LAKE PANORAMA DRIVE,,Minor Crash,No,2025,,East,,0,,Flat,,,,,,Bright sun,236827,1,0,0,2,,,0,,,,,,Auckland Region,Nil,2-way,Sealed,,0,0,,50,,Off,0,0,,76,Auckland,Pointsman,,,,,0,0,Urban,0,,,Fine,Null
1772800.9625,5895921.4787,876164,,525410,0,,0,2,,South,2023/2024,GREAT SOUTH ROAD,WELLINGTON STREET,,Non-Injury Crash,No,2023,,South,,0,,Flat,,,,,,Overcast,793400,0,0,0,2,,,0,,,,,,Auckland Region,Nil,2-way,Sealed,,0,0,,50,,Off,0,0,,76,Auckland,Nil,,,,,0,0,Urban,0,,,Fine,Null
1765451.7922,5914463.4669,876168,,520602,0,,0,2,,Null,2024/2025,CHURCH CRESCENT,QUEENS ROAD,,Minor Crash,No,2024,,North,,0,,Flat,,,,,,Bright sun,629400,1,0,0,2,,,0,,,,,,Auckland Region,Nil,2-way,Sealed,,0,0,,50,,Off,0,1,,76,Auckland,Give way,,,,,0,0,Urban,0,,,Fine,Null
1773668.7578,5896832.5068,876170,,525620,0,,0,1,,South,2024/2025,CLEVEDON ROAD,GROVE ROAD,,Minor Crash,No,2025,,South,,0,,Flat,,,,,,Bright sun,797100,1,0,0,2,,,0,,,1,,,Auckland Region,Speed hump,2-way,Sealed,,0,0,,50,,Off,0,0,,76,Auckland,Nil,,,,,0,0,Urban,0,,,Fine,Null
1770357.9359,5911324.4991,876175,,523106,0,,0,2,,Null,2022/2023,BOTANY ROAD,TI RAKAU DRIVE,,Serious Crash,No,2023,,South,,0,,Flat,,,,,,Overcast,711174,0,0,0,1,,,0,,,,,,Auckland Region,Nil,1-way,Sealed,,0,1,,60,,Off,0,0,,76,Auckland,Give way,,,,,0,0,Urban,0,,,Light rain,Null
1755211.282,5931097.1471,876186,,508520,0,,0,3,,Null,2023/2024,JUNIPER ROAD,TONKIN DRIVE,,Non-Injury Crash,No,2023,,South,,0,,Hill Road,,,,,,Overcast,192000,0,0,0,2,,,0,,,,,,Auckland Region,Nil,2-way,Sealed,,0,0,,50,,Off,0,0,,76,Auckland,Give way,,,,,0,0,Urban,0,,,Light rain,Null
1757372.0261,5918806.3065,876188,,514302,0,0,0,1,0,North,2023/2024,SOUTHERN MOTORWAY,SOUTHERN TO PORT LINK,,Minor Crash,Yes,2024,0,North,0,0,0,Hill Road,1,,0,,0,Dark,441700,1,0,0,3,0,0,0,0,0,,0,0,Auckland Region,Nil,1-way,Sealed,0,0,0,0,80,0,On,0,0,,76,Auckland,Nil,0,0,0,0,0,0,Open,0,0,0,Light rain,Null
1762169.0405,5913670.4108,876192,,520500,0,,0,1,,South,2023/2024,SOUTHERN MOTORWAY,ELLERSLIE-PANMURE HWY OFF RAMP,,Minor Crash,Yes,2023,,North,,0,,Flat,,,,,,Bright sun,637000,1,0,0,3,,,0,,,,,,Auckland Region,Overpass,1-way,Sealed,,0,0,,100,,Off,0,0,,76,Auckland,Nil,,,,,0,0,Open,1,,,Fine,Null
1771071.8774,5905937.4672,876194,,523713,0,0,0,1,0,Null,2023/2024,MURPHYS ROAD,TE KURA ROAD,,Minor Crash,No,2024,0,South,0,0,0,Flat,0,,0,,0,Dark,713400,1,0,0,2,0,0,0,0,0,,0,1,Auckland Region,Nil,2-way,Sealed,0,0,0,0,80,0,None,0,0,,76,Auckland,Give way,0,0,0,0,0,0,Open,0,0,0,Fine,Null