X,Y,OBJECTID,advisorySpeed,areaUnitID,bicycle,bridge,bus,carStationWagon,cliffBank,crashDirectionDescription,crashFinancialYear,crashLocation1,crashLocation2,crashRoadSideRoad,crashSeverity,crashSHDescription,crashYear,debris,directionRoleDescription,ditch,fatalCount,fence,flatHill,guardRail,holiday,houseOrBuilding,intersection,kerb,light,meshblockId,minorInjuryCount,moped,motorcycle,NumberOfLanes,objectThrownOrDropped,otherObject,otherVehicleType,overBank,parkedVehicle,pedestrian,phoneBoxEtc,postOrPole,region,roadCharacter,roadLane,roadSurface,roadworks,schoolBus,seriousInjuryCount,slipOrFlood,speedLimit,strayAnimal,streetLight,suv,taxi,temporarySpeedLimit,tlaId,tlaName,trafficControl,trafficIsland,trafficSign,train,tree,truck,unknownVehicleType,urban,vanOrUtility,vehicle,waterRiver,weatherA,weatherB
1765413.1462,5907179.9776,876208,,522201,0,,0,1,,Null,2023/2024,GREAT SOUTH ROAD,MAXWELL AVENUE,,Non-Injury Crash,No,2024,,North,,0,,Flat,,,,,,Unknown,661100,0,0,0,2,,,0,,,,,,Auckland Region,Nil,2-way,Sealed,,0,0,,50,,On,1,0,,76,Auckland,Nil,,,,,0,0,Urban,0,,,Null,None
1747797.6697,5915137.6118,876216,,511700,0,,0,2,,Null,2023/2024,SABULITE ROAD,ST LEONARDS ROAD,,Non-Injury Crash,No,2024,,South,,0,,Flat,,,,,,Overcast,271700,0,0,0,2,,,0,,,,,,Auckland Region,Nil,2-way,Sealed,,0,0,,50,,Off,0,0,,76,Auckland,Give way,,,,,0,0,Urban,0,,,Light rain,Null
1760537.2956,5911830.8898,876224,,520000,0,,0,1,,East,2024/2025,NEILSON STREET,CAPTAIN SPRINGS ROAD,,Serious Crash,No,2024,,East,,0,,Flat,,,,,,Overcast,607900,1,0,1,2,,,0,,,,,,Auckland Region,Nil,2-way,Sealed,,0,1,,50,,Null,0,0,,76,Auckland,Nil,,,,,0,0,Urban,0,,,Light rain,Null
1756866.977,5920384.0571,876226,,514102,0,,0,2,,Null,2023/2024,WELLESLEY STREET WEST,NELSON STREET,,Non-Injury Crash,No,2023,,West,,0,,Hill Road,,,,,,Dark,434101,0,0,0,6,,,0,,,,,,Auckland Region,Nil,2-way,Sealed,,0,0,,40,,On,0,0,,76,Auckland,Traffic Signals,,,,,0,0,Urban,0,,,Fine,Null
1766322.1844,5899819.8377,876228,,524713,0,,0,1,,Null,2023/2024,ROSCOMMON ROAD,WEYMOUTH ROAD,,Non-Injury Crash,No,2024,,South,,0,,Flat,,,,,,Bright sun,775823,0,0,0,1,,,0,,,,,,Auckland Region,Nil,1-way,Sealed,,0,0,,50,,Off,1,0,,76,Auckland,Give way,,,,,0,0,Urban,0,,,Fine,Null
1766982.6223,5903722.2261,876230,,524602,0,,0,1,,Null,2023/2024,WIRI STATION ROAD,DRUCES ROAD,,Minor Crash,No,2024,,West,,0,,Flat,,Easter,,,,Overcast,780411,1,0,1,5,,,0,,,,,,Auckland Region,Nil,2-way,Sealed,,0,0,,50,,Off,0,0,,76,Auckland,Traffic Signals,,,,,0,0,Urban,0,,,Fine,Null
1760978.1242,5907360.9003,876234,,524510,0,0,1,0,0,Null,2023/2024,ROBERTSON ROAD,BUCKLAND ROAD,,Non-Injury Crash,No,2023,0,South,0,0,1,Flat,0,,0,,0,Bright sun,736701,0,0,0,2,0,0,0,0,0,,0,0,Auckland Region,Nil,1-way,Sealed,0,1,0,0,50,0,Off,0,0,,76,Auckland,Give way,0,0,0,0,0,0,Urban,0,0,0,Fine,Null
1767041.1526,5905499.6227,876235,,522400,0,0,0,2,1,West,2023/2024,PUHINUI ROAD,Puhinui Rd,,Minor Crash,No,2023,0,East,0,0,0,Flat,0,,0,,0,Dark,671200,1,0,0,3,0,0,0,0,0,,0,0,Auckland Region,Nil,2-way,Sealed,0,0,0,0,50,0,On,0,0,,76,Auckland,Nil,0,0,0,0,0,0,Urban,1,0,0,Light rain,Null
1748448.7122,5947576.4754,876236,,506201,0,0,0,3,0,North,2023/2024,SIDWELL ROAD,ENDSLEY RISE,,Non-Injury Crash,No,2023,0,North,0,0,0,Flat,0,,0,,0,Bright sun,176603,0,0,0,2,0,0,0,0,1,,0,0,Auckland Region,Nil,2-way,Sealed,0,0,0,0,50,0,Off,0,0,,76,Auckland,Nil,0,0,0,0,0,0,Urban,0,0,0,Fine,Null
1756537.422,5904474.066,876240,,524200,0,,0,1,,Null,2023/2024,IHUMATAO ROAD,TE TIKI ROAD,,Non-Injury Crash,No,2024,,North,,0,,Flat,,,,,,Twilight,727100,0,0,0,2,,,0,,,,,,Auckland Region,Nil,2-way,Sealed,,0,0,,60,,Off,0,0,,76,Auckland,Give way,,,,,0,0,Urban,1,,,Fine,Null
1768548.9505,5901258.9186,876243,,524901,0,,0,1,,Null,2022/2023,GREAT SOUTH ROAD,NORTHCREST WAY,,Minor Crash,No,2023,,South,,0,,Flat,,,,,,Overcast,756600,2,0,0,2,,,0,,,,,,Auckland Region,Nil,2-way,Sealed,,0,0,,50,,Off,1,0,,76,Auckland,Nil,,,,,0,0,Urban,0,,,Light rain,Null
1769212.4525,5899690.1447,876244,,525002,0,,0,2,,Null,2023/2024,CHRISTMAS ROAD,MAHIA ROAD,,Non-Injury Crash,No,2024,,South,,0,,Flat,,,,,,Bright sun,753600,0,0,0,2,,,0,,,,,,Auckland Region,Nil,2-way,Sealed,,0,0,,50,,Off,0,0,30,76,Auckland,Stop,,,,,0,0,Urban,0,,,Fine,Null
1777029.2368,5910028.1482,876247,,523202,0,0,0,1,0,Null,2023/2024,WHITFORD MARAETAI ROAD,TRIG ROAD,,Serious Crash,No,2023,0,East,0,0,0,Hill Road,0,,0,,0,Dark,718201,0,0,0,2,0,0,0,0,0,,0,1,Auckland Region,Nil,2-way,Sealed,0,0,1,0,80,0,On,0,0,,76,Auckland,Give way,0,0,0,0,0,0,Open,0,0,0,Fine,Null
1770668.0283,5916241.2157,876262,35,522712,0,0,0,0,0,South,2024/2025,MACLEANS ROAD,PRIESTLEY DRIVE,,Minor Crash,No,2025,0,North,0,0,0,Flat,0,,0,,1,Bright sun,680200,1,0,1,2,0,0,0,0,0,,0,0,Auckland Region,Nil,2-way,Sealed,0,0,0,0,50,0,Off,0,0,30,76,Auckland,Nil,0,0,0,0,0,0,Urban,0,0,0,Fine,Null
1766799.9194,5900683.8966,876266,,524720,0,0,0,2,0,Null,2025/2026,ROWANDALE AVENUE,TRINCO PLACE,,Minor Crash,No,2025,0,North,0,0,0,Flat,0,,0,,0,Dark,775901,1,0,0,2,0,0,0,0,1,,0,0,Auckland Region,Nil,2-way,Sealed,0,0,0,0,30,0,On,0,0,,76,Auckland,Nil,0,0,0,0,0,0,Urban,0,0,0,Heavy rain,Null
1762984.051,5909273.4265,876281,,524402,0,,0,2,,Null,2023/2024,KAHU STREET,MANU STREET,,Minor Crash,No,2023,,East,,0,,Flat,,,,,,Bright sun,749800,1,0,0,2,,,0,,,,,,Auckland Region,Nil,2-way,Sealed,,0,0,,50,,Off,0,0,,76,Auckland,Give way,,,,,0,0,Urban,0,,,Fine,Null
1748820.4895,5914585.3069,876286,,511301,0,,0,0,,Null,2024/2025,LYNWOOD ROAD,MIRO STREET,,Non-Injury Crash,No,2024,,North,,0,,Flat,,,,,,Bright sun,268100,0,0,0,2,,,0,,,,,,Auckland Region,Nil,2-way,Sealed,,0,0,,30,,Null,1,0,,76,Auckland,Stop,,,,,0,0,Urban,1,,,Fine,Null
1762186.427,5913124.5315,876288,,520500,1,,0,1,,South,2024/2025,GREAT SOUTH ROAD,HOLLOWAY PLACE,,Minor Crash,No,2024,,North,,0,,Flat,,,,,,Overcast,637200,1,0,0,4,,,0,,,,,,Auckland Region,Bridge,2-way,Sealed,,0,0,,50,,Off,0,0,,76,Auckland,Nil,,,,,0,0,Urban,0,,,Fine,Null
1769697.5034,5904699.1921,876290,,523722,0,,0,1,,Null,2023/2024,HILLTOP ROAD,REDOUBT ROAD,,Non-Injury Crash,No,2023,,South,,0,,Flat,,,,,,Overcast,716106,0,0,0,2,,,0,,,,,,Auckland Region,Nil,2-way,Sealed,,0,0,,50,,On,0,0,,76,Auckland,Give way,,,,,0,1,Urban,0,,,Fine,None
1764117.1295,5910396.7796,876294,,521801,0,,0,1,,Null,2024/2025,LUKE STREET,ATKINSON AVENUE,,Non-Injury Crash,No,2024,,West,,0,,Flat,,,,,,Overcast,786600,0,0,1,2,,,0,,,,,,Auckland Region,Nil,2-way,Sealed,,0,0,,50,,Off,0,0,30,76,Auckland,Nil,,,,,0,0,Urban,0,,,Fine,Null
1755341.8601,5921611.6405,876302,,515202,0,0,0,1,0,South,2024/2025,NORTHERN MOTORWAY,SHELLY BEACH OBR,,Non-Injury Crash,Yes,2024,0,South,0,0,0,Flat,1,,0,,0,Dark,423600,0,0,0,5,0,0,0,0,0,,0,0,Auckland Region,Nil,1-way,Sealed,0,0,0,0,80,0,On,0,0,,76,Auckland,Nil,0,0,0,0,0,0,Open,0,0,0,Fine,Null
1758932.8306,5904229.395,876304,,524200,0,,0,1,,South,2022/2023,GEORGE BOLT MEMORIAL DRIVE,IHUMATAO ROAD,,Non-Injury Crash,No,2023,,South,,0,,Flat,,,,,,Bright sun,727200,0,0,0,2,,,0,,,,,,Auckland Region,Nil,1-way,Sealed,,0,0,,60,,Off,1,0,,76,Auckland,Nil,,,,,0,0,Urban,0,,,Fine,Null
1768747.4231,5881473.8337,876312,,525921,0,,0,0,,Null,2023/2024,SEDDON STREET,VICTORIA STREET,,Non-Injury Crash,No,2024,,North,,0,,Flat,,,,,,Overcast,821400,0,0,1,2,,,0,,,,,,Auckland Region,Nil,2-way,Sealed,,0,0,,50,,Off,1,0,,76,Auckland,Give way,,,,,0,0,Urban,0,,,Fine,Null
1764105.112,5904147.1373,876313,,524604,0,,0,1,,South,2022/2023,PUHINUI ROAD,PUHINUI ROAD,,Non-Injury Crash,No,2023,,North,,0,,Flat,,Queens Birthday,,,,Overcast,781100,0,0,0,2,,,0,,,,,,Auckland Region,Motorway ramp,1-way,Sealed,,0,0,,50,,Off,0,0,,76,Auckland,Nil,,,,,1,0,Urban,0,,,Fine,Null
1754582.0822,5927667.6409,876318,,508310,0,,0,0,,South,2023/2024,CHARTWELL AVENUE,LINGFIELD STREET,,Non-Injury Crash,No,2023,,Null,,0,,Flat,,,,,,Bright sun,201400,0,0,0,2,,,0,,,,,,Auckland Region,Nil,2-way,Sealed,,0,0,,50,,Null,0,0,,76,Auckland,Nil,,,,,1,1,Urban,0,,,Null,None
1754957.1505,5918290.4075,876320,,517500,0,,0,0,,East,2024/2025,NORTH-WESTERN MOTORWAY,MOUNTAIN VIEW OBR,,Minor Crash,Yes,2024,,West,,0,,Flat,,,,,,Overcast,529900,1,0,2,4,,,0,,,,,,Auckland Region,Nil,1-way,Sealed,,0,0,,80,,Off,0,0,,76,Auckland,Nil,,,,,0,0,Open,0,,,Fine,Null
1743834.7292,5914914.7267,876324,,513020,0,0,0,1,0,West,2024/2025,FOREST HILL ROAD,PINE AVENUE,,Minor Crash,No,2024,0,South,0,0,1,Hill Road,0,,0,,0,Twilight,281201,1,0,0,2,0,0,0,0,0,,0,0,Auckland Region,Nil,2-way,Sealed,0,0,0,0,50,0,On,0,0,,76,Auckland,Nil,0,0,0,1,0,0,Urban,0,0,0,Fine,Null
1755516.0745,5914135.8876,876326,,518500,0,0,0,1,0,East,2023/2024,MOUNT ALBERT ROAD,AKARANA AVENUE,,Non-Injury Crash,No,2024,0,West,0,0,1,Flat,0,,0,,1,Bright sun,561100,0,0,0,2,0,0,0,0,0,,0,0,Auckland Region,Nil,2-way,Sealed,0,0,0,0,50,0,Off,0,0,,76,Auckland,Nil,0,0,0,0,0,0,Urban,0,0,0,Fine,Null
1751469.0943,5949342.0375,876335,,505805,0,,0,1,,South,2023/2024,CENTREWAY ROAD,MOENUI AVENUE,,Non-Injury Crash,No,2023,,South,,0,,Flat,,,,,,Bright sun,172105,0,0,0,2,,,0,,,,,,Auckland Region,Nil,2-way,Sealed,,0,0,,50,,Off,0,0,,76,Auckland,Nil,,,,,0,0,Urban,0,,,Fine,Null
1739638.6549,5918963.7591,876336,,513101,0,,0,0,,Null,2024/2025,WAITAKERE ROAD,SWANSON ROAD,,Minor Crash,No,2024,,South,,0,,Hill Road,,,,,,Overcast,237404,1,0,1,2,,,0,,,,,,Auckland Region,Nil,2-way,Sealed,,0,0,,80,,On,1,0,,76,Auckland,Stop,,,,,0,0,Open,0,,,Fine,Null
1763321.3363,5911522.881,876337,,520500,0,,0,0,,Null,2022/2023,GREAT SOUTH ROAD,VESTEY DRIVE,,Non-Injury Crash,No,2023,,South,,0,,Flat,,,,,,Overcast,637601,0,0,0,4,,,0,,,,,,Auckland Region,Nil,2-way,Sealed,,0,0,,50,,Off,1,0,,76,Auckland,Traffic Signals,,,,,1,0,Urban,0,,,Heavy rain,Null
1744294.1595,5915488.3922,876344,,513013,1,,0,1,,North,2024/2025,FOREST HILL ROAD,FARWOOD DRIVE,,Serious Crash,No,2025,,North,,0,,Hill Road,,,,,,Bright sun,281401,0,0,0,2,,,0,,,,,,Auckland Region,Nil,2-way,Sealed,,0,1,,50,,Off,0,0,,76,Auckland,Nil,,,,,0,0,Urban,0,,,Fine,Null
1765907.4884,5906493.0619,876351,,522202,0,0,0,1,0,North,2023/2024,GREAT SOUTH ROAD,TUI ROAD,,Non-Injury Crash,No,2023,0,South,0,0,0,Flat,0,Labour Weekend,0,,1,Twilight,663900,0,0,0,4,0,1,0,0,0,,0,0,Auckland Region,Nil,2-way,Sealed,0,0,0,0,50,0,On,0,0,,76,Auckland,Nil,0,0,0,0,0,0,Urban,0,0,0,Fine,Null
1763679.6053,5904646.3739,876352,,522100,0,,0,2,,North,2023/2024,SOUTH-WESTERN MOTORWAY,PUHINUI ROAD-SH 20B OFF RAMP,,Non-Injury Crash,Yes,2023,,South,,0,,Flat,,,,,,Overcast,781001,0,0,0,2,,,0,,,,,,Auckland Region,Motorway ramp,1-way,Sealed,,0,0,,100,,Off,0,0,,76,Auckland,Nil,,,,,0,0,Open,0,,,Fine,Null
1756442.5434,5924582.2135,876354,,509702,0,,0,1,,North,2023/2024,NORTHERN MOTORWAY,ONEWA OBR ON,,Non-Injury Crash,Yes,2023,,North,,0,,Flat,,,,,,Overcast,366700,0,0,0,4,,,0,,,,,,Auckland Region,Nil,1-way,Sealed,,0,0,,100,,Off,1,0,,76,Auckland,Nil,,,,,0,0,Open,0,,,Light rain,Null
1764221.5262,5917439.5401,876357,,517201,0,0,0,0,0,South,2023/2024,COLLEGE ROAD,ST JOHNS ROAD,,Minor Crash,No,2023,0,North,0,0,0,Flat,0,,0,,0,Dark,464900,1,0,0,2,0,0,0,0,1,,0,0,Auckland Region,Nil,2-way,Sealed,0,0,0,0,50,0,On,2,0,,76,Auckland,Nil,0,0,0,0,0,0,Urban,0,0,0,Fine,Null
1749293.3264,5943681.0099,876358,,506003,0,,0,2,,East,2023/2024,SPUR ROAD,EAST COAST ROAD,,Minor Crash,No,2024,,West,,0,,Hill Road,,,,,,Bright sun,175813,1,0,0,2,,,0,,,,,,Auckland Region,Nil,2-way,Sealed,,0,0,,80,,Off,0,0,,76,Auckland,Nil,,,,,0,0,Open,1,,,Fine,Null
1778326.6139,5891581.2471,876363,,521301,0,0,0,1,1,North,2023/2024,PONGA ROAD,GILLESPIE ROAD,,Non-Injury Crash,No,2023,0,West,1,0,0,Hill Road,0,,0,,0,Dark,816405,0,0,0,2,0,0,0,0,0,,0,0,Auckland Region,Nil,2-way,Sealed,0,0,0,0,60,0,None,0,0,,76,Auckland,Nil,0,0,0,0,0,0,Urban,0,0,0,Fine,Null
1766719.1185,5920298.5161,876364,,516800,0,0,0,1,0,Null,2023/2024,RIDDELL ROAD,WAITARA ROAD,,Non-Injury Crash,No,2023,0,North,0,0,1,Flat,0,,0,,0,Dark,512100,0,0,0,2,0,0,0,0,0,,1,0,Auckland Region,Nil,2-way,Sealed,0,0,0,0,50,0,On,0,0,,76,Auckland,Stop,0,0,0,0,0,0,Urban,0,0,0,Light rain,Null
1766583.9784,5913061.6118,876365,,522910,0,,0,2,,Null,2023/2024,TI RAKAU DRIVE,PALM AVENUE,,Minor Crash,No,2023,,North,,0,,Flat,,,,,,Bright sun,684000,1,0,0,3,,,0,,,,,,Auckland Region,Nil,1-way,Sealed,,0,0,,60,,Off,0,0,,76,Auckland,Give way,,,,,0,0,Urban,0,,,Fine,Null
1779434.7769,5927162.2324,876366,,520801,0,0,1,1,0,South,2023/2024,TUI STREET,OCEAN VIEW ROAD,,Non-Injury Crash,No,2023,0,South,0,0,0,Null,0,,0,,0,Unknown,516201,0,0,0,2,0,0,0,0,1,,0,0,Auckland Region,Nil,2-way,Sealed,0,0,0,0,30,0,Null,0,0,,76,Auckland,Nil,0,0,0,0,0,0,Urban,0,0,0,Null,Null
1774986.5688,5896525.2146,876367,,525610,0,,0,2,,Null,2022/2023,HEATHDALE CRESCENT,JACK FARRELL PLACE,,Serious Crash,No,2023,,West,,0,,Flat,,,,,,Bright sun,799102,0,0,0,2,,,0,,,,,,Auckland Region,Nil,2-way,Sealed,,0,1,,50,,None,0,0,,76,Auckland,Nil,,,,,0,0,Urban,0,,,Fine,Null
1746694.2624,5917069.5336,876368,,510700,0,0,0,2,0,North,2023/2024,TE ATATU ROAD,TAITUA DRIVE,,Minor Crash,No,2024,0,North,0,0,0,Flat,0,,0,,0,Twilight,241100,2,0,0,2,0,0,0,0,1,,0,0,Auckland Region,Nil,2-way,Sealed,0,0,0,0,50,0,On,0,0,,76,Auckland,Nil,0,0,0,0,0,0,Urban,0,0,0,Fine,Null
1751215.484,5915270.1043,876373,,514401,0,,0,1,,Null,2023/2024,GREAT NORTH ROAD,CRAYFORD STREET WEST,,Minor Crash,No,2023,,South,,0,,Flat,,,,,,Bright sun,382300,1,0,0,2,,,0,,,2,,,Auckland Region,Nil,2-way,Sealed,,0,0,,50,,Off,0,0,,76,Auckland,Stop,,,,,0,0,Urban,0,,,Fine,Null
1754650.3519,5912523.9675,876380,,519002,0,0,0,1,0,Null,2024/2025,DOMINION ROAD EXTENSION,RICHARDSON ROAD,,Non-Injury Crash,No,2024,0,South,0,0,2,Flat,0,,0,,0,Dark,589400,0,0,0,2,0,0,0,0,0,,0,0,Auckland Region,Nil,2-way,Sealed,0,0,0,0,50,0,On,0,0,,76,Auckland,Give way,0,0,0,0,0,0,Urban,0,0,0,Fine,Null
1744194.5312,5924054.1099,876381,,513521,0,0,0,2,0,South,2022/2023,OREIL AVENUE,HOBSONVILLE ROAD,,Non-Injury Crash,No,2023,0,South,0,0,0,Hill Road,0,,0,,1,Dark,224240,0,0,0,2,0,0,0,0,1,,0,0,Auckland Region,Nil,2-way,Sealed,0,0,0,0,50,0,On,0,0,,76,Auckland,Nil,0,0,0,0,0,0,Urban,0,0,0,Fine,Null
1768266.6978,5906132.8711,876385,,523721,0,0,0,1,0,West,2022/2023,FLAT BUSH ROAD,RAVENNA WAY,,Serious Crash,No,2023,0,West,0,0,0,Flat,0,,0,,0,Overcast,715509,1,0,0,2,0,0,0,0,0,,0,0,Auckland Region,Nil,2-way,Sealed,0,0,1,0,50,0,Off,0,0,40,76,Auckland,Nil,0,0,0,1,0,0,Urban,0,0,0,Light rain,Null
1765731.7535,5905760.9834,876388,,522400,0,,0,1,,Null,2024/2025,CARRUTH ROAD,FAIRVIEW ROAD,,Minor Crash,No,2024,,North,,0,,Flat,,,,,,Bright sun,672600,1,0,0,2,,,0,,,1,,,Auckland Region,Nil,2-way,Sealed,,0,0,,50,,Off,0,0,,76,Auckland,Give way,,,,,0,0,Urban,0,,,Fine,Null
1768634.8371,5904103.9326,876389,,523820,0,0,0,2,0,South,2022/2023,DE HAVILLAND DRIVE,PIPER PLACE,,Non-Injury Crash,No,2023,0,East,0,0,0,Flat,0,,0,,0,Bright sun,760141,0,0,0,2,0,0,0,0,0,,0,0,Auckland Region,Nil,2-way,Sealed,0,0,0,0,50,0,Off,0,0,,76,Auckland,Nil,0,0,0,1,0,0,Urban,0,0,0,Fine,Null
1754861.2682,5913180.4238,876390,,518803,0,,0,1,,South,2022/2023,DOMINION ROAD,YOUTH STREET,,Non-Injury Crash,No,2023,,North,,0,,Flat,,,,,,Bright sun,582700,0,0,1,3,,,0,,,,,,Auckland Region,Nil,2-way,Sealed,,0,0,,50,,Off,0,0,,76,Auckland,Nil,,,,,0,0,Urban,0,,,Fine,Null
1763993.7219,5917515.935,876393,,516302,0,,0,1,,West,2023/2024,ST JOHNS ROAD,COLLEGE ROAD,,Minor Crash,No,2023,,West,,0,,Flat,,,,,,Dark,462700,1,0,1,2,,,0,,,,,,Auckland Region,Nil,2-way,Sealed,,0,0,,50,,On,0,0,,76,Auckland,Nil,,,,,0,0,Urban,0,,,Mist or Fog,Null
1771463.0594,5899719.1995,876399,,523911,0,,1,1,,North,2022/2023,PORCHESTER ROAD,NANCY WAKE STREET,,Non-Injury Crash,No,2023,,North,,0,,Flat,,,,,,Bright sun,767100,0,0,0,2,,,0,,,,,,Auckland Region,Nil,2-way,Sealed,,0,0,,80,,None,0,0,,76,Auckland,Nil,,,,,0,0,Open,0,,,Fine,Null
1746658.1847,5917866.9232,876406,,512500,0,,0,2,,North,2023/2024,TE ATATU ROAD,ROBERTS ROAD,,Non-Injury Crash,No,2024,,North,,0,,Flat,,,,,,Overcast,257300,0,0,0,2,,,0,,,,,,Auckland Region,Nil,2-way,Sealed,,0,0,,50,,Off,0,0,30,76,Auckland,Nil,,,,,0,0,Urban,0,,,Fine,Frost
1770066.3126,5908726.3656,876408,,523115,0,,0,1,,Null,2024/2025,CHAPEL ROAD,DUNTRUNE ROAD,,Non-Injury Crash,No,2024,,North,,0,,Null,,,,,,Bright sun,712106,0,0,0,2,,,0,,,,,,Auckland Region,Nil,2-way,Sealed,,0,0,,50,,Null,0,0,,76,Auckland,Give way,,,,,0,0,Urban,1,,,Fine,Null
1770282.6248,5911332.265,876420,,523105,0,,0,2,,West,2024/2025,TI RAKAU DRIVE,BOTANY ROAD,,Non-Injury Crash,No,2024,,East,,0,,Null,,,,,,Bright sun,711185,0,0,0,4,,,0,,,,,,Auckland Region,Nil,1-way,Sealed,,0,0,,50,,Null,0,0,,76,Auckland,Nil,,,,,0,0,Urban,0,,,Fine,Null
1750898.042,5925668.3552,876426,,510020,0,0,0,2,0,North,2023/2024,RANGATIRA ROAD,TAURUS CRESCENT,,Non-Injury Crash,No,2023,0,North,0,0,0,Hill Road,0,,0,,0,Overcast,345700,0,0,0,2,0,0,0,0,1,1,0,0,Auckland Region,Nil,2-way,Sealed,0,0,0,0,50,0,Off,0,0,,76,Auckland,Nil,0,0,0,0,0,0,Urban,0,0,0,Fine,Null
1770474.6117,5907174.3431,876434,,523713,0,,0,1,,Null,2023/2024,ORMISTON ROAD,PENCAITLAND DRIVE,,Non-Injury Crash,No,2024,,East,,0,,Flat,,,,,,Dark,713100,0,0,0,4,,,0,,,,,,Auckland Region,Nil,2-way,Sealed,,0,0,,50,,On,1,0,,76,Auckland,Traffic Signals,,,,,0,0,Urban,0,,,Fine,Null
1763183.0504,5920438.9931,876437,,516500,1,,0,0,,East,2022/2023,TAMAKI DRIVE,ATKIN AVENUE,,Minor Crash,No,2023,,North,,0,,Flat,,,,,,Overcast,500600,2,0,0,2,,,0,,,1,,,Auckland Region,Speed hump,2-way,Sealed,,0,0,,30,,Off,0,0,,76,Auckland,Nil,,,,,0,0,Urban,0,,,Fine,Null
1767113.213,5905519.8898,876438,,524603,0,0,0,1,0,Null,2023/2024,GREAT SOUTH ROAD,REAGAN ROAD,,Non-Injury Crash,No,2024,0,North,0,0,0,Flat,0,,0,,1,Dark,780205,0,0,0,6,0,0,0,0,0,,0,0,Auckland Region,Nil,2-way,Sealed,0,0,0,0,60,0,On,0,0,,76,Auckland,Traffic Signals,0,0,0,0,0,0,Urban,0,0,0,Fine,Null
1756876.3392,5905880.9465,876439,,524200,0,0,0,0,0,North,2023/2024,ORUARANGI ROAD,RUAITI ROAD,,Fatal Crash,No,2024,0,South,0,1,0,Flat,0,,0,,0,Dark,726900,0,0,1,2,0,0,0,0,0,,0,0,Auckland Region,Bridge,2-way,Sealed,0,0,0,0,50,0,On,0,0,,76,Auckland,Nil,0,1,0,0,0,0,Urban,0,0,0,Fine,Null
1757389.0977,5915735.0955,876445,,515801,0,,1,1,,Null,2022/2023,GREEN LANE WEST,ST ANDREWS ROAD,,Non-Injury Crash,No,2023,,West,,0,,Flat,,,,,,Bright sun,446902,0,0,0,4,,,0,,,,,,Auckland Region,Nil,1-way,Sealed,,0,0,,50,,Off,0,0,,76,Auckland,Traffic Signals,,,,,0,0,Urban,0,,,Fine,Strong wind
1766990.5826,5913379.7618,876449,,522820,0,,0,1,,Null,2022/2023,PAKURANGA ROAD,WILLIAM ROBERTS ROAD,,Minor Crash,No,2023,,West,,0,,Flat,,,,,,Bright sun,694900,1,0,1,2,,,0,,,,,,Auckland Region,Nil,2-way,Sealed,,0,0,,50,,Off,0,0,,76,Auckland,Give way,,,,,0,0,Urban,0,,,Fine,Null
1767417.9584,5903922.2655,876450,,524602,0,,0,1,,East,2023/2024,SOUTH-WESTERN MOTORWAY,BARROWCLIFFE OBR,,Non-Injury Crash,Yes,2024,,West,,0,,Flat,,,,,,Bright sun,780411,0,0,0,3,,,0,,,,,,Auckland Region,Underpass,1-way,Sealed,,0,0,,100,,Off,0,0,,76,Auckland,Nil,,,,,0,0,Open,1,,,Fine,Null
1766292.2999,5899868.6631,876454,,524713,0,,0,3,,North,2024/2025,ROSCOMMON ROAD,WEYMOUTH ROAD,,Minor Crash,No,2024,,South,,0,,Flat,,,,,,Bright sun,775823,2,0,0,1,,,0,,,,,,Auckland Region,Nil,1-way,Sealed,,0,0,,50,,Off,0,0,,76,Auckland,Nil,,,,,0,0,Urban,0,,,Fine,Null
1761435.2286,5912441.3988,876456,,519500,0,,0,0,,West,2024/2025,CHURCH STREET,NEILSON STREET,,Minor Crash,No,2024,,West,,0,,Null,,,,,,Bright sun,621700,1,0,1,2,,,0,,,,,,Auckland Region,Nil,2-way,Sealed,,0,0,,50,,Null,0,0,,76,Auckland,Nil,,,,,0,0,Urban,0,,,Fine,Null
1766774.8362,5904008.3108,876459,,524604,0,,0,0,,Null,2023/2024,LAMBIE DRIVE OFF RAMP,LAMBIE DRIVE,,Minor Crash,No,2023,,North,,0,,Flat,,Christmas New Year,,,,Overcast,780209,1,0,0,3,,,1,,,,,,Auckland Region,Nil,1-way,Sealed,,0,0,,60,,None,0,0,30,76,Auckland,Traffic Signals,,,,,1,0,Urban,1,,,Fine,Strong wind
1739663.5102,5970574.1498,876462,45,506613,0,,0,1,,East,2024/2025,KAIPARA FLATS ROAD,KAIPARA HILLS ROAD,,Minor Crash,No,2024,,East,,0,,Hill Road,,,,,,Bright sun,145600,2,0,0,2,,,0,,,,,,Auckland Region,Nil,2-way,Sealed,,0,0,,100,,Off,1,0,,76,Auckland,Nil,,,,,0,0,Open,0,,,Fine,Null
1758640.3559,5880426.4128,876464,35,521121,0,0,0,0,0,Null,2023/2024,GLENBROOK STATION ROAD,FARM PARK ROAD,,Non-Injury Crash,No,2024,0,North,0,0,0,Flat,1,,0,,0,Overcast,812400,0,0,0,2,0,0,0,0,0,,0,0,Auckland Region,Rail xing,2-way,Sealed,0,0,0,0,60,0,None,0,0,,76,Auckland,Nil,0,0,0,0,0,1,Urban,0,0,0,Heavy rain,Null