X,Y,OBJECTID,advisorySpeed,areaUnitID,bicycle,bridge,bus,carStationWagon,cliffBank,crashDirectionDescription,crashFinancialYear,crashLocation1,crashLocation2,crashRoadSideRoad,crashSeverity,crashSHDescription,crashYear,debris,directionRoleDescription,ditch,fatalCount,fence,flatHill,guardRail,holiday,houseOrBuilding,intersection,kerb,light,meshblockId,minorInjuryCount,moped,motorcycle,NumberOfLanes,objectThrownOrDropped,otherObject,otherVehicleType,overBank,parkedVehicle,pedestrian,phoneBoxEtc,postOrPole,region,roadCharacter,roadLane,roadSurface,roadworks,schoolBus,seriousInjuryCount,slipOrFlood,speedLimit,strayAnimal,streetLight,suv,taxi,temporarySpeedLimit,tlaId,tlaName,trafficControl,trafficIsland,trafficSign,train,tree,truck,unknownVehicleType,urban,vanOrUtility,vehicle,waterRiver,weatherA,weatherB
1769146.5932,5902476.6275,876465,,524901,0,,0,1,,North,2022/2023,SOUTHERN MOTORWAY,HILL ROAD ON RAMP,,Non-Injury Crash,Yes,2023,,North,,0,,Hill Road,,Queens Birthday,,,,Dark,755000,0,0,0,6,,,0,,,,,,Auckland Region,Nil,2-way,Sealed,,0,0,,100,,On,0,0,,76,Auckland,Nil,,,,,0,0,Open,1,,,Fine,Null
1765422.7354,5904583.2432,876471,,524603,0,0,0,1,0,East,2023/2024,BALLANCE AVENUE,CLENDON AVENUE,,Fatal Crash,No,2023,0,North,0,1,0,Flat,0,,0,,0,Overcast,673700,0,0,0,2,0,0,0,0,0,,0,1,Auckland Region,Nil,2-way,Sealed,0,0,0,0,50,0,Off,0,0,,76,Auckland,Nil,0,0,0,0,0,0,Urban,0,0,0,Fine,Null
1728056.2988,5939191.5974,876482,,506644,0,0,0,2,0,North,2023/2024,SH 16,RIMMER ROAD,,Non-Injury Crash,Yes,2024,0,South,0,0,0,Flat,0,,0,,0,Overcast,211002,0,0,0,2,0,0,0,0,1,,0,0,Auckland Region,Nil,2-way,Sealed,0,0,0,0,80,0,None,0,0,,76,Auckland,Nil,0,0,0,0,0,0,Open,0,0,0,Light rain,Null
1766316.3716,5905333.5533,876483,,522400,0,0,0,1,0,South,2022/2023,CARRUTH ROAD,FITZROY STREET,,Non-Injury Crash,No,2023,0,South,0,0,0,Flat,0,,0,,0,Twilight,671600,0,0,0,2,0,0,0,0,1,,0,0,Auckland Region,Nil,2-way,Sealed,0,0,0,0,50,0,On,0,0,,76,Auckland,Nil,0,0,0,0,0,0,Urban,1,0,0,Fine,Null
1758779.9041,5912651.194,876492,,519810,0,,0,2,,Null,2024/2025,SELWYN STREET,GREY STREET,,Minor Crash,No,2024,,North,,0,,Hill Road,,,,,,Overcast,598400,1,0,0,2,,,0,,,,,,Auckland Region,Nil,2-way,Sealed,,0,0,,50,,Off,0,0,,76,Auckland,Stop,,,,,0,0,Urban,0,,,Fine,Null
1757968.0211,5914779.0724,876493,,518600,0,0,0,1,0,Null,2023/2024,PAH ROAD,MANUKAU ROAD,,Serious Crash,No,2023,0,North,0,0,0,Flat,0,,1,,0,Dark,565500,0,0,0,4,0,0,0,0,0,,0,0,Auckland Region,Nil,2-way,Sealed,0,0,2,0,50,0,On,0,0,,76,Auckland,Traffic Signals,0,1,0,0,0,0,Urban,0,0,0,Light rain,Null
1754593.3976,5927036.8684,876495,,508620,0,0,0,0,0,West,2022/2023,CORONATION ROAD,BEATRICE AVENUE,,Minor Crash,No,2023,0,West,0,0,1,Flat,0,Queens Birthday,0,,1,Dark,205003,1,0,0,2,0,0,0,0,0,,0,0,Auckland Region,Nil,2-way,Sealed,0,0,0,0,50,0,On,1,0,,76,Auckland,Nil,0,0,0,0,0,0,Urban,0,0,0,Fine,Null
1766156.865,5906179.3445,876504,,522202,0,,0,2,,Null,2023/2024,GREAT SOUTH ROAD,WATSON PLACE,,Non-Injury Crash,No,2023,,West,,0,,Flat,,,,,,Overcast,665300,0,0,0,2,,,0,,,,,,Auckland Region,Nil,2-way,Sealed,,0,0,,50,,Off,0,0,,76,Auckland,Stop,,,,,0,0,Urban,0,,,Light rain,Null
1767387.4685,5906041.9439,876508,,522302,0,,0,2,,North,2023/2024,SOUTHERN MOTORWAY,REAGAN OBR,,Non-Injury Crash,Yes,2024,,North,,0,,Flat,,,,,,Twilight,670901,0,0,0,3,,,0,,,,,,Auckland Region,Nil,1-way,Sealed,,0,0,,100,,On,0,0,,76,Auckland,Nil,,,,,0,0,Open,0,,,Light rain,Null
1749484.9871,5945814.7514,876509,,505806,0,,0,1,,Null,2022/2023,BRIAN SMITH DRIVE,HIBISCUS COAST HIGHWAY,,Minor Crash,No,2023,,South,,0,,Hill Road,,,,,,Dark,176602,1,1,0,5,,,0,,,,,,Auckland Region,Nil,2-way,Sealed,,0,0,,60,,On,0,0,,76,Auckland,Traffic Signals,,,,,0,0,Urban,0,,,Fine,Null
1756761.712,5919132.2193,876511,,514200,0,0,0,1,0,West,2023/2024,IAN MCKINNON DRIVE,UPPER QUEEN STREET,,Minor Crash,No,2023,0,West,0,0,0,Hill Road,0,,0,,0,Overcast,412900,1,0,0,3,0,0,0,0,0,,0,0,Auckland Region,Nil,2-way,Sealed,0,0,0,0,60,0,Off,0,0,,76,Auckland,Nil,0,0,0,1,1,0,Urban,0,0,0,Light rain,Null
1759420.7853,5910238.8477,876515,,524002,0,0,0,1,0,Null,2023/2024,RIMU ROAD,RIMU ROAD ON RAMP,,Minor Crash,No,2024,0,East,0,0,0,Hill Road,1,,0,,0,Dark,722000,1,0,0,2,0,0,0,0,0,,0,0,Auckland Region,Motorway ramp,2-way,Sealed,0,0,0,0,50,0,On,0,0,,76,Auckland,Give way,0,0,0,0,0,0,Urban,0,0,0,Fine,Null
1757531.4698,5912951.3054,876530,,519810,0,,0,2,,Null,2023/2024,QUEENSTOWN ROAD,HERD ROAD,,Minor Crash,No,2023,,North,,0,,Flat,,,,,,Dark,596700,4,0,0,4,,,0,,,,,,Auckland Region,Nil,2-way,Sealed,,0,0,,50,,On,0,0,,76,Auckland,Traffic Signals,,,,,0,0,Urban,0,,,Fine,Null
1743964.1621,5924654.9489,876534,,513431,0,0,0,1,0,Null,2023/2024,UPPER HARBOUR MOTORWAY,HOBSONVILLE ROAD OFF RAMP,,Non-Injury Crash,Yes,2023,0,South,0,0,0,Flat,0,,0,,0,Dark,223903,0,0,0,2,0,0,0,0,0,,0,0,Auckland Region,Nil,1-way,Sealed,0,0,0,0,100,0,On,0,0,,76,Auckland,Nil,0,1,0,0,0,0,Open,0,0,0,Heavy rain,Null
1729776.5487,5962923.2327,876537,,506613,0,0,0,1,0,South,2023/2024,KAIPARA COAST HIGHWAY,KAIPARA HILLS ROAD,,Minor Crash,Yes,2023,0,North,0,0,1,Hill Road,0,,0,,0,Twilight,146200,1,0,0,2,0,0,0,0,0,,0,0,Auckland Region,Nil,2-way,Sealed,0,0,0,0,100,0,None,0,0,,76,Auckland,Nil,0,0,0,1,0,0,Open,0,0,0,Fine,Null
1774349.2901,5896007.2363,876539,,525510,0,0,0,1,0,West,2023/2024,SETTLEMENT ROAD,HARPER STREET,,Non-Injury Crash,No,2023,0,East,0,0,1,Flat,0,,0,,0,Dark,801002,0,0,0,2,0,0,0,0,0,,0,0,Auckland Region,Nil,2-way,Sealed,0,0,0,0,50,0,On,0,0,,76,Auckland,Nil,0,0,0,1,0,0,Urban,0,0,0,Fine,Frost
1766251.9147,5907496.9902,876543,,522301,0,0,0,1,0,South,2023/2024,EAST TAMAKI ROAD,EAST TAMAKI OBR,,Non-Injury Crash,No,2023,0,North,0,0,0,Flat,1,,0,,0,Dark,666700,0,0,0,2,0,0,0,0,0,,0,0,Auckland Region,Overpass,1-way,Sealed,0,0,0,0,50,0,On,0,0,,76,Auckland,Nil,0,0,0,0,0,0,Urban,0,0,0,Light rain,Null
1748054.1557,5912280.9482,876546,,511902,0,0,0,2,0,North,2022/2023,TITIRANGI ROAD,WEST LYNN ROAD,,Non-Injury Crash,No,2023,0,North,0,0,0,Hill Road,0,,0,,0,Dark,292104,0,0,0,2,0,0,0,0,1,,0,0,Auckland Region,Nil,2-way,Sealed,0,0,0,0,50,0,On,0,0,,76,Auckland,Nil,0,0,0,0,0,0,Urban,0,0,0,Fine,Null
1770668.9155,5902381.6152,876547,,523814,0,0,0,2,0,North,2023/2024,HILL ROAD,RICHARD HALSE DRIVE,,Non-Injury Crash,No,2023,0,South,0,0,0,Flat,0,,1,,0,Dark,760708,0,0,0,2,0,0,0,0,2,,0,0,Auckland Region,Nil,2-way,Sealed,0,0,0,0,50,0,On,1,0,30,76,Auckland,Nil,0,0,0,0,0,0,Urban,1,0,0,Light rain,Null
1756146.2039,5923957.4747,876548,,509800,0,,0,2,,South,2023/2024,NORTHERN MOTORWAY,WEIGH BRIDGE,,Minor Crash,Yes,2024,,South,,0,,Flat,,,,,,Dark,361200,1,0,0,5,,,0,,,,,,Auckland Region,Nil,1-way,Sealed,,0,0,,80,,On,1,0,,76,Auckland,Nil,,,,,0,0,Open,0,,,Light rain,Null
1757993.2293,5906830.5623,876556,,524200,0,0,0,1,0,Null,2024/2025,ORUARANGI ROAD,MONTGOMERIE ROAD,,Non-Injury Crash,No,2024,0,South,0,0,0,Flat,0,,0,,0,Overcast,726500,0,0,0,2,0,0,0,0,0,,0,1,Auckland Region,Nil,2-way,Sealed,0,0,0,0,60,0,On,0,0,,76,Auckland,Give way,0,0,0,0,0,0,Urban,0,0,0,Light rain,Null
1754732.1545,5930635.7488,876563,,508520,0,,0,2,,South,2023/2024,NORTHERN MOTORWAY,UPPER HARBOUR HWY ON RAMP,,Non-Injury Crash,Yes,2023,,South,,0,,Flat,,,,,,Twilight,191104,0,0,0,2,,,0,,,,,,Auckland Region,Nil,1-way,Sealed,,0,0,,100,,On,0,0,,76,Auckland,Nil,,,,,0,0,Open,1,,,Fine,Null
1766688.5892,5907100.9107,876568,,523601,0,,0,1,,South,2024/2025,SOUTHERN MOTORWAY,EAST TAMAKI ROAD ON RAMP,,Serious Crash,Yes,2024,,South,,0,,Flat,,,,,,Bright sun,709200,0,0,1,3,,,0,,,,,,Auckland Region,Nil,1-way,Sealed,,0,1,,100,,Off,1,0,,76,Auckland,Nil,,,,,0,0,Open,0,,,Fine,Null
1765542.3384,5905861.7171,876581,,522202,0,,0,3,,West,2022/2023,ST GEORGE STREET,CARRUTH ROAD,,Minor Crash,No,2023,,East,,0,,Flat,,,,,,Bright sun,664300,1,0,0,2,,,0,,,,,,Auckland Region,Nil,2-way,Sealed,,0,0,,50,,Off,0,0,,76,Auckland,Nil,,,,,0,0,Urban,0,,,Fine,Null
1766317.3468,5907465.2826,876594,,523601,0,0,0,1,0,South,2024/2025,SOUTHERN MOTORWAY,EAST TAMAKI OBR,,Non-Injury Crash,Yes,2024,0,South,0,0,0,Flat,1,,0,,0,Dark,708500,0,0,0,3,0,0,0,0,0,,0,0,Auckland Region,Nil,1-way,Sealed,0,0,0,0,100,0,On,0,0,,76,Auckland,Nil,0,0,0,0,0,0,Open,0,0,0,Fine,Null
1771471.028,5899316.4722,876595,,523911,0,,0,1,,East,2023/2024,MANUROA ROAD,PATEKE DRIVE,,Minor Crash,No,2023,,East,,0,,Flat,,,,,,Bright sun,767002,2,0,0,2,,,0,,,1,,,Auckland Region,Nil,2-way,Sealed,,0,0,,50,,Off,0,0,,76,Auckland,Nil,,,,,0,0,Urban,0,,,Fine,Null
1758656.5942,5884133.935,876612,,521152,0,0,0,1,0,West,2023/2024,GLENBROOK ROAD,GLENVALE WAY,,Non-Injury Crash,No,2023,0,West,1,0,1,Flat,0,,0,,0,Dark,812500,0,0,0,2,0,0,0,0,0,,0,0,Auckland Region,Nil,2-way,Sealed,0,0,0,0,80,0,On,0,0,,76,Auckland,Nil,0,0,0,0,0,0,Open,0,0,0,Fine,Null
1765551.9999,5906989.9961,876614,,522301,0,,0,0,,Null,2024/2025,EAST TAMAKI ROAD,GREAT SOUTH ROAD,,Non-Injury Crash,No,2024,,Null,,0,,Flat,,,,,,Overcast,666200,0,0,0,2,,,0,,,,,,Auckland Region,Nil,2-way,Sealed,,0,0,,50,,Off,0,0,,76,Auckland,Traffic Signals,,,,,0,2,Urban,0,,,Fine,None
1767606.613,5897156.6535,876615,,525102,0,,0,1,,South,2023/2024,HOYLAKE PLACE,CARNOUSTIE DRIVE,,Non-Injury Crash,No,2023,,South,,0,,Flat,,,,,,Dark,769030,0,0,0,2,,,0,,,,,,Auckland Region,Nil,2-way,Sealed,,0,0,,50,,On,0,0,,76,Auckland,Nil,,,,,0,0,Urban,0,,,Fine,Null
1759687.9999,5903589.9961,876622,,524200,0,,0,2,,West,2024/2025,TOM PEARCE DRIVE,GEOFFREY ROBERTS ROAD,,Non-Injury Crash,No,2025,,West,,0,,Null,,,,,,Overcast,727200,0,0,0,2,,,0,,,,,,Auckland Region,Nil,2-way,Sealed,,0,0,,50,,Null,0,0,,76,Auckland,Nil,,,,,0,0,Urban,0,,,Fine,Null
1755398.7539,5915094.4083,876624,,518500,0,,0,1,,Null,2024/2025,DOMINION ROAD,HAZEL AVENUE,,Minor Crash,No,2024,,North,,0,,Flat,,,,,,Bright sun,560100,1,0,1,4,,,0,,,,,,Auckland Region,Nil,2-way,Sealed,,0,0,,50,,Off,0,0,,76,Auckland,Stop,,,,,0,0,Urban,0,,,Fine,Null
1763905.0103,5912609.3102,876626,,520500,0,,0,2,,Null,2024/2025,MOUNT WELLINGTON HIGHWAY,MOUNT WELLINGTON HWY ON RAMP,,Non-Injury Crash,No,2024,,South,,0,,Flat,,,,,,Twilight,637500,0,0,0,1,,,0,,,,,,Auckland Region,Motorway ramp,1-way,Sealed,,0,0,,50,,Off,0,0,,76,Auckland,Give way,,,,,0,0,Urban,0,,,Fine,Null
1768140.246,5902609.5899,876628,,524602,0,,0,0,,Null,2024/2025,GREAT SOUTH ROAD,SAGAR LANE,,Minor Crash,No,2024,,North,,0,,Hill Road,,,,,,Overcast,780407,2,0,0,4,,,0,,,,,,Auckland Region,Nil,2-way,Sealed,,0,0,,50,,Off,0,0,,76,Auckland,Nil,,,,,0,0,Urban,2,,,Fine,Null
1764416.8152,5904431.5142,876633,,522100,0,,0,2,,Null,2023/2024,PUHINUI ROAD,WYLLIE ROAD,,Minor Crash,No,2023,,East,,0,,Hill Road,,,,,,Dark,659100,2,0,0,3,,,0,,,,,,Auckland Region,Nil,2-way,Sealed,,0,0,,50,,On,0,0,,76,Auckland,Traffic Signals,,,,,0,0,Urban,0,,,Fine,Null
1760346.4528,5915308.1339,876647,,520202,0,,0,4,,Null,2022/2023,GREAT SOUTH ROAD,MAIN HIGHWAY,,Non-Injury Crash,No,2023,,South,,0,,Hill Road,,Queens Birthday,,,,Dark,613200,0,0,0,4,,,0,,,,,,Auckland Region,Nil,2-way,Sealed,,0,0,,50,,On,0,0,,76,Auckland,Traffic Signals,,,,,0,0,Urban,0,,,Fine,Null
1768873.249,5905457.8052,876651,,523721,0,0,0,2,0,South,2022/2023,DISSMEYER DRIVE,SIDEY AVENUE,,Non-Injury Crash,No,2023,0,North,0,0,0,Hill Road,0,,0,,0,Overcast,715605,0,0,0,2,0,0,0,0,1,,0,0,Auckland Region,Nil,2-way,Sealed,0,0,0,0,50,0,Off,0,0,,76,Auckland,Nil,0,0,0,0,0,0,Urban,0,0,0,Fine,Null
1754533.1436,5930070.2593,876652,,508420,0,0,0,1,0,North,2024/2025,TARGET ROAD,LAMBROWN DRIVE,,Minor Crash,No,2024,0,West,0,0,0,Hill Road,0,,0,,0,Dark,182602,1,0,0,2,0,0,0,0,0,,0,0,Auckland Region,Nil,2-way,Sealed,0,0,0,0,50,0,On,0,0,,76,Auckland,Nil,0,0,0,1,0,0,Urban,0,0,0,Fine,Null
1768834.5589,5910666.5133,876653,,523112,0,,0,1,,South,2022/2023,HARRIS ROAD,GREENMOUNT DRIVE,,Minor Crash,No,2023,,South,,0,,Flat,,,,,,Overcast,711701,1,0,0,4,,,0,,,1,,,Auckland Region,Nil,2-way,Sealed,,0,0,,50,,Off,0,0,,76,Auckland,Nil,,,,,0,0,Urban,0,,,Fine,Null
1773031.9923,5895611.2937,876655,,525410,0,0,0,2,0,Null,2023/2024,OPAHEKE ROAD,SETTLEMENT ROAD,,Minor Crash,No,2023,0,North,0,0,0,Flat,0,,0,,0,Overcast,793400,3,0,0,2,0,0,0,0,0,,0,1,Auckland Region,Nil,2-way,Sealed,0,0,0,0,50,0,Off,0,0,,76,Auckland,Traffic Signals,0,0,0,0,0,0,Urban,0,0,0,Fine,Null
1754568.0878,5928441.816,876668,,508320,0,0,0,2,0,South,2024/2025,HILLSIDE ROAD,DIANA DRIVE,,Minor Crash,No,2025,0,West,0,0,0,Hill Road,0,,0,,0,Dark,198401,1,0,0,2,0,0,0,0,1,,0,0,Auckland Region,Nil,2-way,Sealed,0,0,0,0,50,0,On,0,0,,76,Auckland,Nil,0,0,0,0,0,0,Urban,0,0,0,Fine,Null
1754370.9156,5931027.2741,876669,,508520,0,,0,2,,South,2022/2023,NORTHERN MOTORWAY,SUNSET OBR,,Non-Injury Crash,Yes,2023,,South,,0,,Flat,,,,,,Overcast,191105,0,0,0,2,,,0,,,,,,Auckland Region,Nil,1-way,Sealed,,0,0,,100,,Off,0,0,,76,Auckland,Nil,,,,,0,0,Open,2,,,Fine,Null
1761853.3684,5916888.9366,876670,,516003,0,,0,2,,West,2024/2025,REMUERA ROAD,PUKEORA AVENUE,,Non-Injury Crash,No,2024,,East,,0,,Flat,,,,,,Bright sun,495300,0,0,0,2,,,0,,,,,,Auckland Region,Nil,2-way,Sealed,,0,0,,50,,Off,0,0,,76,Auckland,Nil,,,,,0,0,Urban,0,,,Light rain,Frost
1756025.8463,5918645.1028,876678,,515500,0,,0,2,,North,2024/2025,NORTH-WESTERN MOTORWAY,NEWTON ROAD OFF RAMP,,Non-Injury Crash,Yes,2024,,North,,0,,Flat,,,,,,Overcast,418700,0,0,0,4,,,0,,,,,,Auckland Region,Motorway ramp,1-way,Sealed,,0,0,,80,,Off,0,0,,76,Auckland,Nil,,,,,0,0,Open,0,,,Fine,Null
1769192.5032,5905174.4762,876683,,523721,0,,0,2,,Null,2022/2023,MATTHEWS ROAD,ASPIRING AVENUE,,Non-Injury Crash,No,2023,,South,,0,,Flat,,,,,,Overcast,715609,0,0,0,2,,,0,,,,,,Auckland Region,Nil,2-way,Sealed,,0,0,,50,,Off,0,0,,76,Auckland,Give way,,,,,0,0,Urban,0,,,Light rain,Strong wind
1771850.1346,5897391.0082,876690,,523912,0,,0,1,,North,2023/2024,GREAT SOUTH ROAD,TIRONUI ROAD,,Non-Injury Crash,No,2023,,North,,0,,Flat,,,,,,Bright sun,767808,0,0,0,2,,,0,,,,,,Auckland Region,Nil,2-way,Sealed,,0,0,,50,,On,0,0,,76,Auckland,Nil,,,,,0,0,Urban,1,,,Fine,None
1757319.8422,5927103.2384,876691,,507900,0,,0,2,,South,2022/2023,KILLARNEY STREET,LAKE PUPUKE DRIVE,,Minor Crash,No,2023,,North,,0,,Flat,,,,,,Bright sun,305000,2,0,0,2,,,0,,,,,,Auckland Region,Nil,2-way,Sealed,,0,0,,50,,Off,0,0,,76,Auckland,Nil,,,,,0,0,Urban,1,,,Fine,Null
1745286.2298,5919579.2886,876692,,513301,0,,0,1,,Null,2024/2025,LINCOLN ROAD,PAK N SAVE ENTRANCE,,Minor Crash,No,2024,,North,,0,,Flat,,,,,,Dark,232001,1,0,1,5,,,0,,,,,,Auckland Region,Nil,2-way,Sealed,,0,0,,50,,On,0,0,,76,Auckland,Traffic Signals,,,,,0,0,Urban,0,,,Fine,Null
1768191.1603,5907736.1139,876694,45,523711,0,,1,1,,East,2022/2023,ORMISTON ROAD,PRESTON ROAD,,Non-Injury Crash,No,2023,,West,,0,,Flat,,Easter,,,,Bright sun,713600,0,0,0,3,,,0,,,,,,Auckland Region,Nil,2-way,Sealed,,0,0,,50,,Off,0,0,,76,Auckland,Nil,,,,,0,0,Urban,0,,,Fine,None
1770931.0537,5905358.4848,876698,,523713,0,,0,3,,Null,2024/2025,MURPHYS ROAD,MURPHYS PARK DRIVE,,Minor Crash,No,2024,,South,,0,,Flat,,,,,,Overcast,713400,1,0,0,2,,,0,,,,,,Auckland Region,Nil,2-way,Sealed,,0,0,,60,,Off,0,0,,76,Auckland,Give way,,,,,0,0,Urban,0,,,Fine,Null
1757012.8071,5925856.5943,876702,,509702,0,,0,0,,Null,2023/2024,ESMONDE ROAD,ESMONDE ROAD OFF RAMP,,Non-Injury Crash,No,2024,,West,,0,,Flat,,,,,,Bright sun,364602,0,0,0,2,,,0,,,,,,Auckland Region,Nil,1-way,Sealed,,0,0,,60,,Off,2,0,,76,Auckland,Traffic Signals,,,,,0,0,Urban,0,,,Fine,Null
1761993.2032,5914772.4627,876710,,520201,0,0,0,1,0,West,2023/2024,MAIN HIGHWAY,ELLERSLIE PARK ROAD,,Non-Injury Crash,No,2024,0,East,0,0,0,Flat,1,,0,,0,Bright sun,610601,0,0,0,4,0,0,0,0,0,,0,0,Auckland Region,Nil,2-way,Sealed,0,0,0,0,50,0,Off,0,0,,76,Auckland,Nil,0,0,0,0,0,0,Urban,0,0,0,Fine,Null
1766073.9643,5907682.1395,876711,,522301,0,,0,3,,North,2023/2024,SOUTHERN MOTORWAY,EAST TAMAKI ROAD ON RAMP,,Minor Crash,Yes,2023,,North,,0,,Flat,,,,,,Overcast,666700,2,0,0,3,,,0,,,,,,Auckland Region,Nil,1-way,Sealed,,0,0,,100,,Off,0,0,,76,Auckland,Nil,,,,,0,0,Open,0,,,Fine,Null
1764935.5855,5910708.9611,876717,,521801,0,,0,1,,North,2022/2023,SOUTHERN MOTORWAY,PRINCES ST-OTAHUHU ON RAMP,,Non-Injury Crash,Yes,2023,,North,,0,,Flat,,,,,,Bright sun,786700,0,0,0,3,,,0,,,,,,Auckland Region,Nil,1-way,Sealed,,0,0,,100,,Off,0,0,,76,Auckland,Nil,,,,,0,0,Open,1,,,Fine,Null
1751852.4424,5917511.7325,876724,,514900,0,,0,1,,North,2023/2024,GREAT NORTH ROAD,HERDMAN STREET,,Serious Crash,No,2024,,South,,0,,Flat,,,,,,Twilight,385802,0,0,0,4,,,0,,,1,,,Auckland Region,Nil,2-way,Sealed,,0,1,,50,,On,0,0,,76,Auckland,Nil,,,,,0,0,Urban,0,,,Fine,Null
1766564.8704,5901308.23,876727,,524712,0,0,0,1,0,South,2022/2023,ROMNEY PLACE,ADDINGTON AVENUE,,Non-Injury Crash,No,2023,0,South,0,0,1,Flat,0,,0,,0,Dark,779400,0,0,0,2,0,0,0,0,1,2,0,0,Auckland Region,Nil,2-way,Sealed,0,0,0,0,50,0,On,0,0,,76,Auckland,Nil,0,0,0,0,1,0,Urban,0,0,0,Light rain,Null
1754852.3143,5924754.9549,876730,,509800,0,,0,1,,East,2024/2025,ONEWA ROAD,VALLEY ROAD,,Minor Crash,No,2024,,East,,0,,Flat,,,,,,Overcast,361400,1,0,1,4,,,0,,,,,,Auckland Region,Nil,2-way,Sealed,,0,0,,50,,Off,0,0,,76,Auckland,Nil,,,,,0,0,Urban,0,,,Light rain,Null
1764662.1711,5905783.3278,876732,,522100,0,,0,2,,Null,2024/2025,STATION ROAD,WYLLIE ROAD,,Non-Injury Crash,No,2024,,South,,0,,Flat,,,,,,Overcast,657700,0,0,0,2,,,0,,,,,,Auckland Region,Nil,2-way,Sealed,,0,0,,50,,On,0,0,,76,Auckland,Traffic Signals,,,,,0,0,Urban,0,,,Light rain,None
1750699.8554,5931345.0206,876737,,508806,0,0,0,2,0,West,2022/2023,LAUREL OAK DRIVE,OAK BARK DRIVE,,Serious Crash,No,2023,0,East,0,0,0,Hill Road,0,,0,,1,Dark,180101,2,0,0,2,0,0,0,0,2,,0,0,Auckland Region,Nil,2-way,End of seal,0,0,1,0,50,0,On,0,0,,76,Auckland,Nil,0,0,0,0,0,0,Urban,1,0,0,Fine,Null
1756797.3734,5913324.5474,876738,,518701,0,0,0,1,0,North,2024/2025,HILLSBOROUGH ROAD,DELARGEY AVENUE,,Minor Crash,No,2025,0,North,0,0,0,Flat,0,,0,,0,Overcast,568600,1,0,0,2,0,0,0,0,0,,0,0,Auckland Region,Nil,2-way,Sealed,0,0,0,0,50,0,Off,0,0,,76,Auckland,Nil,1,1,0,0,0,0,Urban,0,0,0,Fine,Null
1759869.7057,5908288.6422,876739,,524121,0,,0,2,,Null,2022/2023,HALL AVENUE,UMU PLACE,,Non-Injury Crash,No,2023,,North,,0,,Flat,,,,,,Dark,737102,0,0,0,2,,,0,,,,,,Auckland Region,Nil,2-way,Sealed,,0,0,,50,,On,0,0,,76,Auckland,Give way,,,,,0,0,Urban,0,,,Fine,Null
1766942.6434,5902802.3296,876740,,524602,0,,0,2,,Null,2024/2025,KERRS ROAD,HOBILL AVENUE,,Minor Crash,No,2025,,West,,0,,Flat,,,,,,Bright sun,780407,1,0,0,2,,,0,,,,,,Auckland Region,Nil,2-way,Sealed,,0,0,,50,,Off,0,0,,76,Auckland,Stop,,,,,0,0,Urban,0,,,Fine,Null
1757781.8362,5918195.1345,876744,,515700,0,,0,2,,South,2024/2025,SOUTHERN MOTORWAY,MOUNTAIN OBR,,Non-Injury Crash,Yes,2024,,North,,0,,Flat,,,,,,Overcast,443600,0,0,0,5,,,0,,,,,,Auckland Region,Nil,1-way,Sealed,,0,0,,80,,Off,0,0,,76,Auckland,Nil,,,,,0,0,Open,0,,,Fine,Null
1738522.8384,5929593.8843,876746,,505604,0,,0,1,,East,2023/2024,ORAHA ROAD,KUMEU RIV BR,,Non-Injury Crash,No,2024,,West,,0,,Hill Road,,,,,,Overcast,213800,0,0,0,2,,,0,,,,,,Auckland Region,Nil,2-way,Sealed,,0,0,,60,,None,0,0,,76,Auckland,Nil,,,,,0,0,Urban,1,,,Fine,Null
1756686.8568,5926651.7845,876747,,507900,0,,0,2,,South,2022/2023,NORTHERN MOTORWAY,NORTHCOTE ROAD ON RAMP,,Non-Injury Crash,Yes,2023,,South,,0,,Flat,,,,,,Overcast,303902,0,0,0,3,,,0,,,,,,Auckland Region,Nil,1-way,Sealed,,0,0,,100,,Off,0,0,,76,Auckland,Nil,,,,,0,0,Open,0,,,Light rain,Null
1756542.5332,5919716.7829,876750,,514000,0,,0,1,,South,2022/2023,NORTH-WESTERN TO NORTHERN LINK,SOUTHERN MOTORWAY,,Non-Injury Crash,Yes,2023,,North,,0,,Flat,,,,,,Dark,413300,0,0,0,2,,,0,,,,,,Auckland Region,Motorway ramp,1-way,Sealed,,0,0,,80,,On,0,0,,76,Auckland,Nil,,,,,0,0,Open,1,,,Light rain,Null
1752152.6709,5926637.8119,876756,,510210,0,0,0,0,0,West,2024/2025,ESKDALE ROAD,FUCHSIA PLACE,,Minor Crash,No,2025,0,East,0,0,1,Flat,0,,0,,1,Dark,348602,1,0,0,2,0,0,0,0,0,,0,0,Auckland Region,Nil,2-way,Sealed,0,0,0,0,50,0,On,1,0,,76,Auckland,Nil,0,0,0,0,0,0,Urban,0,0,0,Fine,Null
1774024.3112,5897544.1732,876758,,525630,0,,0,2,,Null,2023/2024,COSGRAVE ROAD,OLD WAIROA ROAD,,Minor Crash,No,2024,,South,,0,,Flat,,,,,,Overcast,795700,4,0,0,2,,,0,,,,,,Auckland Region,Nil,2-way,Sealed,,0,0,,50,,Off,0,0,,76,Auckland,Stop,,,,,0,0,Urban,0,,,Fine,Null
1763725.9795,5912969.0213,876760,,520402,0,,0,0,,Null,2024/2025,ARANUI ROAD,MOUNT WELLINGTON HIGHWAY,,Non-Injury Crash,No,2024,,West,,0,,Flat,,,,,,Bright sun,641503,0,0,1,2,,,0,,,,,,Auckland Region,Nil,2-way,Sealed,,0,0,,50,,Off,1,0,,76,Auckland,Stop,,,,,0,0,Urban,0,,,Fine,Null