X,Y,OBJECTID,advisorySpeed,areaUnitID,bicycle,bridge,bus,carStationWagon,cliffBank,crashDirectionDescription,crashFinancialYear,crashLocation1,crashLocation2,crashRoadSideRoad,crashSeverity,crashSHDescription,crashYear,debris,directionRoleDescription,ditch,fatalCount,fence,flatHill,guardRail,holiday,houseOrBuilding,intersection,kerb,light,meshblockId,minorInjuryCount,moped,motorcycle,NumberOfLanes,objectThrownOrDropped,otherObject,otherVehicleType,overBank,parkedVehicle,pedestrian,phoneBoxEtc,postOrPole,region,roadCharacter,roadLane,roadSurface,roadworks,schoolBus,seriousInjuryCount,slipOrFlood,speedLimit,strayAnimal,streetLight,suv,taxi,temporarySpeedLimit,tlaId,tlaName,trafficControl,trafficIsland,trafficSign,train,tree,truck,unknownVehicleType,urban,vanOrUtility,vehicle,waterRiver,weatherA,weatherB
1756765.0297,5918553.6009,876772,,515600,0,,0,1,,Null,2024/2025,NEW NORTH ROAD,KORARI STREET,,Minor Crash,No,2025,,West,,0,,Hill Road,,,,,,Twilight,421000,1,0,1,4,,,0,,,,,,Auckland Region,Nil,2-way,Sealed,,0,0,,50,,Off,0,0,,76,Auckland,Traffic Signals,,,,,0,0,Urban,0,,,Fine,Null
1782487.6751,5904757.1977,876782,,525201,0,0,0,1,0,West,2023/2024,CLEVEDON-KAWAKAWA ROAD,HOLDENS ROAD,,Non-Injury Crash,No,2024,0,East,0,0,0,Hill Road,1,,0,,0,Dark,764201,0,0,0,2,0,0,0,0,0,,0,0,Auckland Region,Nil,2-way,Sealed,0,0,0,0,80,0,None,0,0,,76,Auckland,Nil,0,0,0,0,0,0,Open,0,0,0,Light rain,Null
1772810.1791,5895494.7785,876784,15,525520,0,,0,2,,Null,2023/2024,SETTLEMENT ROAD,LIVERPOOL STREET,,Non-Injury Crash,No,2023,,South,,0,,Flat,,,,,,Twilight,801700,0,0,0,4,,,0,,,,,,Auckland Region,Nil,2-way,End of seal,,0,0,,50,,Off,0,0,,76,Auckland,Stop,,,,,0,0,Urban,0,,,Light rain,None
1751277.7105,5917989.2881,876786,95,514801,0,,0,2,,Null,2022/2023,NORTH-WESTERN MOTORWAY,GREAT NORTH ROAD ON RAMP,,Non-Injury Crash,Yes,2023,,West,,0,,Flat,,,,,,Overcast,390402,0,0,0,4,,,0,,,,,,Auckland Region,Motorway ramp,1-way,Sealed,,0,0,,100,,Null,0,0,,76,Auckland,Nil,,,,,0,0,Open,0,,,Light rain,None
1767302.6562,5904125.7559,876787,,524602,0,,0,1,,Null,2022/2023,BARROWCLIFFE PLACE,MANUKAU STATION ROAD,,Serious Crash,No,2023,,North,,0,,Flat,,,,,,Bright sun,780416,0,0,0,2,,,0,,,1,,,Auckland Region,Nil,2-way,Sealed,,0,1,,50,,Off,0,0,,76,Auckland,Traffic Signals,,,,,0,0,Urban,0,,,Fine,Null
1754922.6321,5916453.8989,876792,,517703,0,,0,2,,Null,2023/2024,BALMORAL ROAD,SANDRINGHAM ROAD,,Non-Injury Crash,No,2024,,West,,0,,Flat,,,,,,Bright sun,537603,0,0,0,4,,,0,,,,,,Auckland Region,Nil,2-way,Sealed,,0,0,,50,,Off,0,0,,76,Auckland,Traffic Signals,,,,,0,0,Urban,0,,,Fine,Null
1758855.0704,5911472.5164,876794,,519820,0,,0,0,,North,2023/2024,SOUTH-WESTERN MOTORWAY,ONEHUNGA HARBOUR ROAD OFF RAMP,,Non-Injury Crash,Yes,2024,,North,,0,,Hill Road,,,,,,Bright sun,602402,0,0,0,4,,,0,,,,,,Auckland Region,Nil,1-way,Sealed,,0,0,,100,,Off,0,0,,76,Auckland,Nil,,,,,1,0,Open,0,,,Fine,None
1759027.6826,5920523.0972,876804,,515902,0,,0,1,,Null,2023/2024,TAMAKI DRIVE,THE STRAND,,Non-Injury Crash,No,2024,,West,,0,,Flat,,,,,,Bright sun,454800,0,0,0,1,,,0,,,,,,Auckland Region,Nil,1-way,Sealed,,0,0,,50,,Off,1,0,,76,Auckland,Traffic Signals,,,,,0,0,Urban,0,,,Fine,Frost
1774598.3064,5896621.9681,876810,,525610,0,,0,0,,North,2024/2025,PRESIDENT AVENUE,SHEEHAN AVENUE,,Minor Crash,No,2024,,North,,0,,Flat,,Labour Weekend,,,,Overcast,800000,1,0,1,2,,,0,,,,,,Auckland Region,Nil,2-way,Sealed,,0,0,,50,,Off,0,0,,76,Auckland,Nil,,,,,0,0,Urban,0,,,Fine,Null
1767656.3126,5907711.1469,876812,,523502,0,,0,1,,West,2023/2024,EAST TAMAKI ROAD,HILLS ROAD,,Non-Injury Crash,No,2023,,East,,0,,Flat,,,,,,Overcast,701900,0,0,0,2,,,0,,,,,,Auckland Region,Nil,1-way,Sealed,,0,0,,50,,None,1,0,,76,Auckland,Nil,,,,,0,0,Urban,0,,,Fine,Null
1778964.2933,5898092.2553,876814,,521301,0,0,0,1,0,North,2023/2024,ARDMORE QUARRY ROAD,CREIGHTONS ROAD,,Non-Injury Crash,No,2024,0,East,1,0,0,Hill Road,0,,0,,0,Bright sun,763700,0,0,0,2,0,0,0,0,0,,0,0,Auckland Region,Nil,2-way,Sealed,0,0,0,0,60,0,None,0,0,,76,Auckland,Nil,0,0,0,0,0,0,Urban,0,0,0,Fine,Null
1751857.3151,5930408.96,876828,,509100,0,,0,1,,North,2023/2024,ALBANY HIGHWAY OFF RAMP,UPPER HARBOUR MOTORWAY,,Minor Crash,No,2024,,North,,0,,Hill Road,,,,,,Bright sun,181003,1,0,0,2,,,0,,,,,,Auckland Region,Motorway ramp,1-way,Sealed,,0,0,,60,,Off,1,0,,76,Auckland,Nil,,,,,0,0,Urban,0,,,Fine,Null
1742093.2651,5920523.4723,876832,,513621,0,0,0,1,0,Null,2023/2024,BIRDWOOD ROAD,YELASH ROAD,,Non-Injury Crash,No,2023,0,South,0,0,0,Hill Road,0,,0,,0,Overcast,226901,0,0,0,2,0,0,0,0,0,,0,1,Auckland Region,Bridge,2-way,Sealed,0,0,0,0,50,0,Off,0,0,,76,Auckland,Give way,0,0,0,0,0,0,Urban,0,0,0,Light rain,Null
1786032.1482,5906879.7158,876836,65,525201,0,,0,0,,North,2023/2024,CLEVEDON-KAWAKAWA ROAD,KAIMAHI RISE,,Non-Injury Crash,No,2023,,North,,0,,Flat,,,,,,Dark,764700,0,0,0,2,,,0,,,,,,Auckland Region,Nil,2-way,Sealed,,0,0,,80,,None,0,0,,76,Auckland,Nil,,,,,0,0,Open,1,,,Fine,Null
1752609.4998,5918211.9659,876838,,515002,0,,1,1,,West,2023/2024,GREAT NORTH ROAD,KIWI ROAD,,Non-Injury Crash,No,2024,,East,,0,,Flat,,,,,,Bright sun,396600,0,0,0,3,,,0,,,,,,Auckland Region,Nil,2-way,Sealed,,0,0,,50,,Off,0,0,,76,Auckland,Nil,,,,,0,0,Urban,0,,,Fine,Null
1771804.7445,5898485.0499,876848,,523912,0,0,0,1,0,East,2023/2024,WILLOW CAMP ROAD,KAURI DRIVE,,Non-Injury Crash,No,2024,0,West,0,0,0,Flat,0,,0,,0,Bright sun,767400,0,0,0,2,0,0,0,0,1,,0,0,Auckland Region,Nil,2-way,Sealed,0,0,0,0,50,0,Off,0,0,,76,Auckland,Nil,0,0,0,0,0,0,Urban,0,0,0,Null,None
1754938.6916,5916447.4387,876850,45,517703,0,,0,2,,Null,2023/2024,BALMORAL ROAD,SANDRINGHAM ROAD,,Non-Injury Crash,No,2024,,West,,0,,Flat,,Easter,,,,Bright sun,537603,0,0,0,8,,,0,,,,,,Auckland Region,Nil,2-way,Sealed,,0,0,,50,,Off,0,0,,76,Auckland,Traffic Signals,,,,,0,0,Urban,0,,,Fine,None
1769704.7589,5907217.6001,876858,,523713,0,,0,0,,South,2024/2025,CHAPEL ROAD,ORMISTON ROAD,,Non-Injury Crash,No,2024,,South,,0,,Hill Road,,,,,,Overcast,713100,0,0,0,2,,,0,,,,,,Auckland Region,Nil,1-way,Sealed,,0,0,,50,,Off,1,0,,76,Auckland,Nil,,,,,0,1,Urban,0,,,Mist or Fog,None
1740822.7267,5930335.4422,876866,,505604,0,,0,2,,Null,2024/2025,RIVERHEAD ROAD,DEACON ROAD,,Minor Crash,No,2025,,North,,0,,Flat,,,,,,Bright sun,214202,3,0,0,2,,,0,,,,,,Auckland Region,Nil,2-way,Sealed,,0,0,,80,,None,0,0,,76,Auckland,Pointsman,,,,,0,0,Open,0,,,Fine,Null
1770012.6559,5915323.8201,876868,,522711,0,0,0,1,0,Null,2022/2023,BUCKLANDS BEACH ROAD,CHERRY ROAD,,Non-Injury Crash,No,2023,0,North,0,0,0,Flat,0,,0,,0,Dark,680801,0,0,0,2,0,0,0,0,0,,0,0,Auckland Region,Nil,2-way,Sealed,0,0,0,0,50,0,On,0,0,,76,Auckland,Stop,0,0,0,1,0,0,Urban,0,0,0,Light rain,Null
1763258.3911,5905074.748,876882,,524200,0,0,0,1,0,North,2022/2023,SOUTH-WESTERN MOTORWAY,PUHINUI ROAD-SH 20B ON RAMP,,Non-Injury Crash,Yes,2023,0,North,0,0,0,Hill Road,1,,0,,0,Bright sun,728900,0,0,0,2,0,0,0,0,0,,0,0,Auckland Region,Nil,1-way,Sealed,0,0,0,0,100,0,Off,0,0,,76,Auckland,Nil,0,0,0,0,1,0,Open,0,0,0,Fine,Null
1757759.879,5912376.6492,876893,,519810,0,0,0,2,0,Null,2022/2023,PLEASANT STREET,JACKSON STREET,,Non-Injury Crash,No,2023,0,North,0,0,0,Null,0,,0,,0,Unknown,596700,0,0,0,2,0,0,0,0,1,,0,0,Auckland Region,Nil,2-way,Sealed,0,0,0,0,50,0,Null,0,0,,76,Auckland,Nil,0,0,0,0,0,0,Urban,0,0,0,Null,Null
1769393.5743,5914797.0492,876900,,522721,1,,0,1,,North,2024/2025,PIGEON MOUNTAIN ROAD,PENRUDDOCKE ROAD,,Minor Crash,No,2025,,South,,0,,Flat,,,,,,Bright sun,680727,1,0,0,2,,,0,,,,,,Auckland Region,Nil,2-way,Sealed,,0,0,,50,,Off,0,0,,76,Auckland,Nil,,,,,0,0,Urban,0,,,Fine,Null
1756092.688,5923381.4522,876912,,509800,0,,0,1,,North,2024/2025,NORTHERN MOTORWAY,HARBOUR BR N,,Non-Injury Crash,Yes,2025,,North,,0,,Flat,,,,,,Twilight,359200,0,0,0,4,,,0,,,,,,Auckland Region,Nil,1-way,Sealed,,0,0,,80,,Off,0,0,,76,Auckland,Nil,,,,,1,0,Open,0,,,Fine,Null
1756819.8446,5919256.5455,876916,,514200,0,,0,1,,West,2024/2025,SOUTHERN MOTORWAY,UPPER QUEEN OBR,,Minor Crash,Yes,2025,,East,,0,,Flat,,,,,,Twilight,412900,1,0,0,4,,,0,,,,,,Auckland Region,Motorway ramp,1-way,Sealed,,0,0,,80,,Off,3,0,,76,Auckland,Nil,,,,,0,0,Open,0,,,Light rain,Null
1768862.1843,5900887.108,876918,,525001,0,0,0,2,0,North,2023/2024,GREAT SOUTH ROAD,WEYMOUTH ROAD,,Non-Injury Crash,No,2024,0,North,0,0,0,Flat,0,,0,,0,Dark,751600,0,0,0,2,0,0,0,0,1,,0,0,Auckland Region,Nil,2-way,Sealed,0,0,0,0,50,0,On,0,0,,76,Auckland,Nil,0,0,0,0,0,0,Urban,0,0,0,Fine,None
1742917.1225,5916394.1907,876920,,513220,0,0,0,1,0,East,2024/2025,SAPPERTON DRIVE,LEAFIELD CRESCENT,,Non-Injury Crash,No,2024,0,East,0,0,0,Null,0,,0,,0,Dark,236821,0,0,0,2,0,0,0,0,1,,0,0,Auckland Region,Nil,2-way,Sealed,0,0,0,0,50,0,On,0,0,,76,Auckland,Nil,0,0,0,0,0,0,Urban,0,0,0,Fine,Null
1761652.9693,5920077.3276,876924,,516400,0,0,0,0,0,West,2024/2025,TAMAKI DRIVE,OKAHU STREET,,Non-Injury Crash,No,2024,0,West,0,0,0,Null,0,,0,,1,Dark,496700,0,0,1,2,0,0,0,0,0,,0,0,Auckland Region,Nil,2-way,Sealed,0,0,0,0,50,0,On,0,0,,76,Auckland,Nil,0,0,0,0,0,0,Urban,0,0,0,Mist or Fog,Null
1755381.526,5944485.5586,876928,,505909,0,,0,2,,South,2024/2025,WHANGAPARAOA ROAD,PENTON ROAD,,Non-Injury Crash,No,2024,,North,,0,,Null,,,,,,Unknown,174007,0,0,0,2,,,0,,,,,,Auckland Region,Nil,2-way,Null,,0,0,,50,,Null,0,0,,76,Auckland,Nil,,,,,0,0,Urban,0,,,Null,Null
1755638.2943,5917934.8342,876932,,517500,0,0,0,1,0,West,2023/2024,NEW NORTH ROAD,SANDRINGHAM ROAD,,Non-Injury Crash,No,2024,0,West,0,0,0,Flat,0,,0,,0,Dark,529800,0,0,0,4,0,0,0,0,1,,0,0,Auckland Region,Nil,2-way,Sealed,0,0,0,0,50,0,On,0,0,,76,Auckland,Nil,0,0,0,0,0,0,Urban,0,0,0,Heavy rain,None
1745619.1471,5915648.1353,876934,,511800,0,0,0,2,0,North,2023/2024,MILLBROOK ROAD,AWAROA ROAD,,Serious Crash,No,2023,0,South,0,0,0,Flat,0,,0,,0,Overcast,277600,0,0,0,2,0,0,0,0,2,,0,0,Auckland Region,Nil,2-way,Sealed,0,0,1,0,50,0,Off,1,0,,76,Auckland,Nil,0,0,0,0,0,0,Urban,0,0,0,Fine,Null
1763725.1665,5913632.4874,876944,,520402,0,,0,1,,Null,2024/2025,OFF ROAD-CAR PARK,,,Minor Crash,No,2025,,North,,0,,Flat,,,,,,Dark,640002,1,0,0,,,,0,,,1,,,Auckland Region,Nil,Off road,Sealed,,0,0,,,,On,0,0,,76,Auckland,Nil,,,,,0,0,Urban,0,,,Light rain,Null
1754009.0045,5917217.4728,876952,,517600,0,,0,2,,Null,2024/2025,ST LUKES ROAD,NEW NORTH ROAD,,Minor Crash,No,2024,,North,,0,,Flat,,,,,,Bright sun,534400,1,0,0,3,,,0,,,,,,Auckland Region,Nil,1-way,Sealed,,0,0,,50,,Off,0,0,,76,Auckland,Traffic Signals,,,,,0,0,Urban,0,,,Fine,Null
1749959.0243,5940933.8282,876958,,506300,0,0,0,1,0,South,2024/2025,EAST COAST ROAD,ARA WEITI ROAD,,Non-Injury Crash,No,2025,0,North,0,0,0,Flat,1,,0,,0,Bright sun,175902,0,0,0,2,0,0,0,0,0,,0,0,Auckland Region,Nil,2-way,Sealed,0,0,0,0,80,0,None,0,0,50,76,Auckland,Nil,0,0,0,0,0,0,Open,0,0,0,Fine,Null
1756465.3561,5920121.7644,876961,,514000,0,,0,0,,North,2022/2023,NORTHERN TO NORTH-WESTERN LINK,WELLINGTON OBR,,Non-Injury Crash,Yes,2023,,South,,0,,Hill Road,,,,,,Twilight,417400,0,0,0,2,,,0,,,,,,Auckland Region,Nil,1-way,Sealed,,0,0,,80,,None,0,0,,76,Auckland,Nil,,,,,0,0,Open,2,,,Light rain,Null
1759405.7306,5925685.9232,876964,,508110,0,,0,2,,South,2024/2025,LAKE ROAD,EVERSLEIGH ROAD,,Non-Injury Crash,No,2025,,South,,0,,Hill Road,,,,,,Bright sun,319200,0,0,0,2,,,0,,,,,,Auckland Region,Nil,2-way,Sealed,,0,0,,50,,Off,0,0,,76,Auckland,Nil,,,,,0,0,Urban,0,,,Fine,Null
1764114.1076,5918704.2923,876972,,516500,0,,0,2,,Null,2024/2025,KOHIMARAMA ROAD,JOHN RYMER PLACE,,Non-Injury Crash,No,2024,,South,,0,,Flat,,,,,,Dark,503401,0,0,0,2,,,0,,,,,,Auckland Region,Nil,2-way,Sealed,,0,0,,50,,On,0,0,,76,Auckland,Traffic Signals,,,,,0,0,Urban,0,,,Light rain,Null
1760337.9699,5915307.7848,876973,,519400,0,,0,2,,Null,2022/2023,GREAT SOUTH ROAD,MAIN HIGHWAY,,Non-Injury Crash,No,2023,,South,,0,,Hill Road,,,,,,Overcast,617400,0,0,0,3,,,0,,,,,,Auckland Region,Nil,1-way,Sealed,,0,0,,50,,Off,0,0,,76,Auckland,Traffic Signals,,,,,0,0,Urban,0,,,Light rain,Null
1772582.1344,5890924.2216,876977,,521203,0,,0,2,,Null,2022/2023,GREAT SOUTH ROAD,GREAT SOUTH ROAD,,Non-Injury Crash,Yes,2023,,South,,0,,Flat,,,,,,Overcast,807300,0,0,0,2,,,0,,,,,,Auckland Region,Nil,2-way,Sealed,,0,0,,60,,Off,0,0,,76,Auckland,Give way,,,,,0,0,Urban,2,,,Heavy rain,Null
1761604.849,5912485.1987,876980,,519500,0,0,0,1,0,Null,2024/2025,OFF ROAD - CAR PARK,,,Minor Crash,No,2025,0,West,0,0,0,Flat,0,,0,,0,Bright sun,622000,1,0,0,,0,0,0,0,1,,0,0,Auckland Region,Nil,Off road,Sealed,0,0,0,0,,0,Off,1,0,,76,Auckland,Nil,0,0,0,0,0,0,Urban,0,0,0,Fine,Null
1770711.6833,5886390.7617,876981,,521122,0,,0,1,,North,2023/2024,BURTT ROAD,NEEDHAM ROAD,,Serious Crash,No,2023,,South,,0,,Flat,,,,,,Dark,813400,0,0,0,2,,,0,,,1,,,Auckland Region,Nil,2-way,Sealed,,0,1,,100,,None,0,0,,76,Auckland,Nil,,,,,0,0,Open,0,,,Fine,Null
1749557.1128,5945260.2041,876997,,506001,0,,0,1,,South,2023/2024,EAST COAST ROAD,TAVERN ROAD,,Non-Injury Crash,No,2023,,South,,0,,Hill Road,,,,,,Bright sun,175701,0,0,0,2,,,0,,,,,,Auckland Region,Nil,2-way,Sealed,,0,0,,60,,Off,0,0,,76,Auckland,Nil,,,,,0,0,Urban,1,,,Fine,Null
1771921.3187,5905468.1597,877000,,523713,0,0,0,1,0,Null,2022/2023,LONGHORN DRIVE,BLACK SHED ROAD,,Non-Injury Crash,No,2023,0,West,0,0,0,Flat,0,,0,,0,Dark,713400,0,0,0,2,0,0,0,0,1,,0,0,Auckland Region,Nil,2-way,Sealed,0,0,0,0,50,0,On,0,0,,76,Auckland,Nil,0,0,0,0,0,0,Urban,1,0,0,Fine,None
1769967.645,5913151.5186,877010,,522722,0,0,0,2,0,South,2023/2024,AVIEMORE DRIVE,BRADBURY ROAD,,Non-Injury Crash,No,2024,0,South,0,0,0,Flat,0,Queens Birthday,0,,0,Dark,681333,0,0,0,2,0,0,0,0,3,,0,0,Auckland Region,Nil,2-way,Sealed,0,0,0,0,50,0,On,2,0,30,76,Auckland,Nil,0,0,0,0,0,0,Urban,0,0,0,Mist or Fog,Null
1751571.7748,5914189.7986,877012,,514402,0,,0,2,,Null,2023/2024,WOLVERTON STREET,BLOCKHOUSE BAY ROAD,,Non-Injury Crash,No,2023,,East,,0,,Flat,,,,,,Twilight,379402,0,0,0,5,,,0,,,,,,Auckland Region,Nil,2-way,Sealed,,0,0,,50,,On,0,0,,76,Auckland,Traffic Signals,,,,,0,0,Urban,0,,,Fine,Null
1769495.4934,5905891.9524,877017,,523712,0,0,0,1,0,Null,2022/2023,CARRICK GLEN AVENUE,MCKITTRICK AVENUE,,Non-Injury Crash,No,2023,0,East,0,0,0,Flat,0,,0,,0,Bright sun,713205,0,0,0,2,0,0,0,0,1,,0,0,Auckland Region,Nil,2-way,Sealed,0,0,0,0,50,0,Off,0,0,,76,Auckland,Nil,0,0,0,0,0,0,Urban,1,0,0,Fine,Null
1761860.518,5906668.7158,877032,45,524302,0,,0,1,,South,2023/2024,MASSEY ROAD,ROBERTSON ROAD,,Non-Injury Crash,No,2023,,South,,0,,Flat,,,,,,Bright sun,743600,0,0,0,5,,,0,,,,,,Auckland Region,Nil,2-way,Sealed,,0,0,,50,,Off,0,0,,76,Auckland,Nil,,,,,1,0,Urban,0,,,Fine,None
1769188.3214,5903205.2233,877034,,523820,0,,0,2,,Null,2023/2024,EUGENIA RISE,CALLUNA CRESCENT,,Non-Injury Crash,No,2023,,South,,0,,Hill Road,,,,,,Twilight,760127,0,0,0,2,,,0,,,,,,Auckland Region,Nil,2-way,Sealed,,0,0,,50,,On,0,0,,76,Auckland,Give way,,,,,0,0,Urban,0,,,Fine,Null
1757564.1481,5919777.0323,877040,,514103,0,,0,1,,Null,2024/2025,MOUNT STREET,SYMONDS STREET,,Minor Crash,No,2024,,East,,0,,Flat,,,,,,Dark,436904,1,0,0,1,,,0,,,1,,,Auckland Region,Nil,1-way,Sealed,,0,0,,30,,On,0,0,,76,Auckland,Stop,,,,,0,0,Urban,0,,,Fine,Null
1763143.9019,5903916.3642,877042,,524604,0,0,0,2,0,East,2024/2025,PUHINUI ROAD,PRICES ROAD,,Minor Crash,Yes,2024,0,East,0,0,0,Flat,1,,0,,0,Bright sun,780902,2,0,0,2,0,0,0,0,0,,0,0,Auckland Region,Nil,2-way,Sealed,0,0,0,0,60,0,Off,0,0,,76,Auckland,Nil,0,0,0,0,0,0,Urban,0,0,0,Fine,Null
1752627.4604,5912412.1059,877048,,518902,0,0,0,2,0,East,2023/2024,WHITE SWAN ROAD,BOUNDARY ROAD,,Non-Injury Crash,No,2023,0,East,0,0,0,Hill Road,0,Christmas New Year,0,,0,Overcast,586901,0,0,0,2,0,0,0,0,1,1,0,0,Auckland Region,Nil,2-way,Sealed,0,0,0,0,50,0,Off,0,0,30,76,Auckland,Nil,0,0,0,0,0,0,Urban,0,0,0,Fine,Null
1755851.4475,5921151.6151,877050,,515202,0,0,0,0,0,West,2023/2024,NORTHERN MOTORWAY,FANSHAWE STREET OFF RAMP,,Non-Injury Crash,Yes,2024,0,East,0,0,0,Flat,1,,0,,0,Overcast,425600,0,0,0,5,0,0,0,0,0,,0,0,Auckland Region,Nil,1-way,Sealed,0,0,0,0,80,0,Off,1,0,,76,Auckland,Nil,0,0,0,0,0,0,Open,0,0,0,Light rain,Null
1753754.3548,5915474.2258,877059,,518801,0,0,0,2,0,West,2022/2023,OWAIRAKA AVENUE,TYBURNIA AVENUE,,Minor Crash,No,2023,0,West,0,0,0,Flat,0,,0,,0,Overcast,575000,1,0,0,2,0,0,0,0,1,,0,0,Auckland Region,Nil,2-way,Sealed,0,0,0,0,50,0,Off,0,0,,76,Auckland,Nil,0,0,0,0,0,0,Urban,0,0,0,Fine,Null
1770266.6409,5902073.0871,877066,,523814,0,,0,0,,Null,2024/2025,STEWART GIBSON PLACE,HILL ROAD,,Minor Crash,No,2024,,North,,0,,Flat,,,,,,Bright sun,759503,1,0,1,2,,,0,,,,,,Auckland Region,Nil,2-way,Sealed,,0,0,,50,,Off,0,0,30,76,Auckland,Give way,,,,,0,0,Urban,1,,,Fine,Null
1768254.3679,5906455.9092,877076,,523711,0,,0,1,,Null,2024/2025,DAWSON ROAD,DESMOND PLACE,,Serious Crash,No,2024,,South,,0,,Flat,,Labour Weekend,,,,Dark,712905,0,0,0,2,,,1,,,,,,Auckland Region,Nil,2-way,Sealed,,0,1,,50,,On,0,0,,76,Auckland,Give way,,,,,0,0,Urban,0,,,Fine,Null
1764070.9738,5904306.6236,877085,,522100,0,0,0,0,0,Null,2022/2023,PUHINUI ROAD-SH 20B OFF RAMP,PUHINUI ROAD,,Minor Crash,Yes,2023,0,South,0,0,0,Flat,0,,0,,0,Bright sun,781001,1,0,0,2,0,0,0,0,0,,0,0,Auckland Region,Nil,1-way,Sealed,0,0,0,0,50,0,Off,1,0,,76,Auckland,Traffic Signals,0,1,0,0,0,0,Urban,0,0,0,Fine,Null
1772856.1818,5895226.9665,877086,,525520,0,0,0,1,0,Null,2024/2025,BUTTERWORTH AVENUE,MCCALL PLACE,,Non-Injury Crash,No,2024,0,East,0,0,0,Flat,0,Labour Weekend,0,,0,Overcast,801800,0,0,0,2,0,0,0,0,1,,0,0,Auckland Region,Nil,2-way,End of seal,0,0,0,0,50,0,Off,1,0,,76,Auckland,Stop,0,0,0,0,0,0,Urban,1,0,0,Fine,Null
1748660.063,5945016.1572,877088,,506201,0,0,0,0,0,North,2024/2025,SILVERDALE OFF RAMP,NORTHERN MOTORWAY,,Minor Crash,No,2024,0,North,0,0,0,Flat,0,,0,,0,Dark,176801,1,0,0,4,0,0,0,0,0,,0,1,Auckland Region,Nil,1-way,Sealed,0,0,0,0,100,0,On,0,0,,76,Auckland,Nil,0,0,0,0,0,0,Open,1,0,0,Fine,Null
1746781.6777,5917589.4009,877096,,512500,0,0,0,2,0,Null,2023/2024,MCLEOD ROAD,TE ATATU ROAD,,Non-Injury Crash,No,2023,0,South,0,0,0,Flat,0,,0,,0,Overcast,258500,0,0,0,2,0,0,0,0,1,,0,0,Auckland Region,Nil,2-way,Sealed,0,0,0,0,50,0,Off,0,0,,76,Auckland,Traffic Signals,0,0,0,0,0,0,Urban,0,0,0,Light rain,Null
1767560.5951,5903919.3916,877099,,524602,0,0,0,1,0,East,2023/2024,SOUTH-WESTERN MOTORWAY,BARROWCLIFFE OBR,,Non-Injury Crash,Yes,2023,0,Null,0,0,0,Flat,1,,0,,0,Dark,780417,0,0,0,3,0,0,0,0,0,,0,0,Auckland Region,Nil,1-way,Sealed,0,0,0,0,100,0,On,0,0,,76,Auckland,Nil,0,0,0,0,0,0,Open,0,0,0,Fine,Null
1772277.4228,5914992.9828,877104,,521501,0,0,0,1,0,Null,2024/2025,SELWYN ROAD,PICTON STREET,,Minor Crash,No,2025,0,West,0,0,0,Hill Road,0,,1,,0,Bright sun,652500,1,0,0,2,0,0,0,0,0,,0,0,Auckland Region,Nil,2-way,Sealed,0,0,0,0,50,0,Off,0,0,,76,Auckland,Give way,0,0,0,0,0,0,Urban,0,0,0,Fine,Null
1757428.5077,5919231.4866,877112,,514301,0,0,0,1,0,North,2023/2024,NORTH-WESTERN MOTORWAY,GRAFTON OBR,,Non-Injury Crash,Yes,2024,0,North,0,0,0,Hill Road,1,,0,,0,Dark,441000,0,0,0,2,0,0,0,0,0,,0,0,Auckland Region,Underpass,1-way,Sealed,0,0,0,0,80,0,On,0,0,,76,Auckland,Nil,0,0,0,0,0,0,Open,0,0,0,Light rain,Null
1758373.4165,5917679.71,877116,,515700,0,,0,1,,West,2023/2024,SOUTHERN MOTORWAY,NEWMARKET VDT,,Non-Injury Crash,Yes,2024,,West,,0,,Flat,,,,,,Bright sun,443402,0,0,0,3,,,0,,,,,,Auckland Region,Nil,1-way,Sealed,,0,0,,80,,On,0,0,,76,Auckland,Nil,,,,,0,0,Open,0,,,Fine,Null
1767693.4673,5904418.4719,877118,,524604,0,,0,1,,South,2024/2025,GREAT SOUTH ROAD,GLADDING PLACE,,Non-Injury Crash,No,2024,,North,,0,,Flat,,,,,,Overcast,780204,0,0,0,4,,,0,,,,,,Auckland Region,Nil,2-way,Sealed,,0,0,,50,,Off,0,0,30,76,Auckland,Nil,,,,,0,0,Urban,1,,,Light rain,Null
1754974.3465,5937128.8605,877120,,506902,0,,0,1,,West,2024/2025,STREDWICK DRIVE,PIRIPIRI CRESCENT,,Serious Crash,No,2025,,East,,0,,Hill Road,,,,,,Bright sun,166301,0,0,0,2,,,0,,,,,,Auckland Region,Nil,2-way,Sealed,,0,1,,50,,Off,0,0,,76,Auckland,Nil,,,,,0,0,Urban,0,,,Fine,Null
1759391.163,5919636.3201,877128,,515901,1,,0,0,,South,2024/2025,ST STEPHENS AVENUE,LICHFIELD ROAD,,Minor Crash,No,2025,,North,,0,,Flat,,,,,,Overcast,456000,1,0,0,2,,,0,,,,,,Auckland Region,Nil,2-way,Sealed,,0,0,,30,,Off,0,0,,76,Auckland,Nil,,,,,0,0,Urban,0,,,Light rain,Null