X,Y,OBJECTID,advisorySpeed,areaUnitID,bicycle,bridge,bus,carStationWagon,cliffBank,crashDirectionDescription,crashFinancialYear,crashLocation1,crashLocation2,crashRoadSideRoad,crashSeverity,crashSHDescription,crashYear,debris,directionRoleDescription,ditch,fatalCount,fence,flatHill,guardRail,holiday,houseOrBuilding,intersection,kerb,light,meshblockId,minorInjuryCount,moped,motorcycle,NumberOfLanes,objectThrownOrDropped,otherObject,otherVehicleType,overBank,parkedVehicle,pedestrian,phoneBoxEtc,postOrPole,region,roadCharacter,roadLane,roadSurface,roadworks,schoolBus,seriousInjuryCount,slipOrFlood,speedLimit,strayAnimal,streetLight,suv,taxi,temporarySpeedLimit,tlaId,tlaName,trafficControl,trafficIsland,trafficSign,train,tree,truck,unknownVehicleType,urban,vanOrUtility,vehicle,waterRiver,weatherA,weatherB
1768577.5469,5903162.0458,877132,,523820,0,0,0,2,0,South,2024/2025,SOUTHERN MOTORWAY,SOUTH-WESTERN MOTORWAY,,Minor Crash,Yes,2024,0,South,0,0,0,Flat,2,,0,,0,Dark,760121,3,0,0,4,0,0,0,0,0,,0,0,Auckland Region,Nil,1-way,Sealed,0,0,0,0,100,0,On,0,0,,76,Auckland,Nil,0,0,0,0,0,0,Open,1,0,0,Fine,Null
1756166.6146,5924167.7146,877134,,509800,0,0,0,0,0,South,2024/2025,NORTHERN MOTORWAY,ONEWA ROAD OFF RAMP,,Non-Injury Crash,Yes,2024,1,North,0,0,0,Flat,0,,0,,0,Bright sun,361100,0,0,0,4,0,0,0,0,0,,0,0,Auckland Region,Nil,1-way,Sealed,0,0,0,0,,0,Null,1,0,,76,Auckland,Nil,0,0,0,0,0,0,Urban,0,0,0,Fine,Null
1763419.792,5911069.1633,877136,,520500,1,,0,1,,North,2024/2025,GREAT SOUTH ROAD,ABATTOIR LANE,,Minor Crash,No,2025,,South,,0,,Flat,,,,,,Bright sun,637900,1,0,0,4,,,0,,,,,,Auckland Region,Nil,2-way,Sealed,,0,0,,50,,Off,0,0,,76,Auckland,Nil,,,,,0,0,Urban,0,,,Fine,Null
1757855.2577,5926324.5685,877144,,508020,0,,0,2,,East,2023/2024,ESMONDE ROAD,BARRYS POINT ROAD,,Non-Injury Crash,No,2023,,East,,0,,Hill Road,,,,,,Dark,325402,0,0,0,2,,,0,,,,,,Auckland Region,Nil,2-way,Sealed,,0,0,,50,,On,0,0,,76,Auckland,Traffic Signals,,,,,0,0,Urban,0,,,Fine,Null
1756683.238,5919908.0469,877146,,514102,0,,0,1,,Null,2023/2024,UNION STREET,NELSON STREET,,Non-Injury Crash,No,2023,,West,,0,,Hill Road,,,,,,Dark,435500,0,0,0,3,,,0,,,,,,Auckland Region,Nil,1-way,Sealed,,0,0,,40,,On,1,0,,76,Auckland,Traffic Signals,,,,,0,0,Urban,0,,,Fine,None
1765484.3854,5903722.4639,877150,,524604,0,0,0,0,0,West,2024/2025,SOUTH-WESTERN MOTORWAY,PLUNKET OBR,,Non-Injury Crash,Yes,2024,0,North,0,0,0,Flat,1,,0,,0,Overcast,781302,0,0,0,2,0,0,0,0,0,,0,1,Auckland Region,Nil,1-way,Sealed,0,0,0,0,100,0,Off,0,0,,76,Auckland,Nil,0,0,0,0,1,0,Open,0,0,0,Heavy rain,Null
1751646.2308,5917975.1595,877151,55,515001,0,0,0,1,0,West,2022/2023,GREAT NORTH ROAD ON RAMP,GT NORTH OBR,,Non-Injury Crash,No,2023,0,East,0,0,0,Hill Road,1,Christmas New Year,0,,0,Dark,392200,0,0,0,2,0,0,0,0,0,,0,0,Auckland Region,Motorway ramp,1-way,Sealed,0,0,0,0,100,0,On,0,0,,76,Auckland,Nil,0,0,0,0,0,0,Open,0,0,0,Light rain,Null
1767070.2236,5907525.0463,877154,,523602,0,,0,1,,East,2024/2025,COBHAM CRESCENT,NOLA CRESCENT,,Minor Crash,No,2025,,West,,0,,Flat,,,,,,Dark,709300,1,0,0,0,,,0,,,1,,,Auckland Region,Nil,2-way,Sealed,,0,0,,50,,On,0,0,,76,Auckland,Nil,,,,,0,0,Urban,0,,,Fine,Null
1783828.3917,5914660.5625,877159,,525201,0,,0,1,,North,2023/2024,MARAETAI COAST ROAD,NORTH ROAD,,Serious Crash,No,2023,,South,,0,,Hill Road,,,,,,Dark,762600,0,0,0,2,,,0,,,,,,Auckland Region,Nil,2-way,Sealed,,0,1,,50,,None,0,0,,76,Auckland,Nil,,,,,0,0,Urban,0,,,Fine,Null
1767824.3781,5908655.9451,877163,,523502,0,0,0,1,0,East,2022/2023,JOHNSTONES ROAD,TYRONE STREET,,Non-Injury Crash,No,2023,0,East,0,0,0,Flat,0,,0,,0,Dark,702700,0,0,0,2,0,1,0,0,0,,0,0,Auckland Region,Nil,2-way,Sealed,0,0,0,0,50,0,On,0,0,,76,Auckland,Nil,0,0,0,0,0,0,Urban,0,0,0,Fine,Null
1756098.2712,5923734.2962,877172,,509800,0,,0,4,,South,2023/2024,NORTHERN MOTORWAY,WEIGH BRIDGE,,Minor Crash,Yes,2023,,South,,0,,Flat,,Christmas New Year,,,,Bright sun,358800,1,0,0,5,,,0,,,,,,Auckland Region,Nil,1-way,Sealed,,0,0,,80,,Off,0,0,,76,Auckland,Nil,,,,,0,0,Open,0,,,Fine,Null
1747912.3425,5914344.549,877175,,511100,0,,0,2,,South,2022/2023,GREAT NORTH ROAD,BRANDON ROAD,,Non-Injury Crash,No,2023,,North,,0,,Hill Road,,,,,,Twilight,285302,0,0,0,4,,,0,,,,,,Auckland Region,Nil,2-way,Sealed,,0,0,,50,,Off,0,0,,76,Auckland,Nil,,,,,0,0,Urban,0,,,Fine,Null
1764223.2001,5909659.4047,877180,,521901,0,,1,0,,South,2024/2025,GREAT SOUTH ROAD,HALL AVENUE,,Non-Injury Crash,No,2024,,North,,0,,Null,,,,,,Unknown,784500,0,0,0,2,,,0,,,,,,Auckland Region,Nil,2-way,Null,,0,0,,30,,Null,1,0,,76,Auckland,Nil,,,,,0,0,Urban,0,,,Null,Null
1765815.7505,5905699.9844,877183,,522202,0,0,0,1,0,South,2022/2023,CARRUTH ROAD,CENTRAL AVENUE,,Non-Injury Crash,No,2023,0,North,0,0,1,Flat,0,,0,,0,Dark,665200,0,0,0,2,0,0,0,0,1,,0,0,Auckland Region,Nil,2-way,Sealed,0,0,0,0,50,0,On,0,0,,76,Auckland,Nil,0,0,0,0,1,0,Urban,0,0,0,Light rain,Null
1757512.2165,5926393.824,877184,,507900,0,,0,1,,North,2024/2025,BARRYS POINT ROAD,ESMONDE ROAD,,Minor Crash,No,2025,,North,,0,,Flat,,,,,,Bright sun,304100,1,0,1,2,,,0,,,,,,Auckland Region,Nil,2-way,Sealed,,0,0,,50,,None,0,0,,76,Auckland,Nil,,,,,0,0,Urban,0,,,Fine,Null
1757826.0454,5920802.0385,877194,,514101,0,,1,1,,Null,2023/2024,CUSTOMS STREET EAST,BRITOMART PLACE,,Non-Injury Crash,No,2024,,East,,0,,Flat,,,,,,Dark,438103,0,0,0,6,,,0,,,,,,Auckland Region,Nil,2-way,Sealed,,0,0,,30,,On,0,0,,76,Auckland,Traffic Signals,,,,,0,0,Urban,0,,,Fine,Null
1764364.8165,5910795.0629,877196,,520500,0,0,0,2,0,West,2022/2023,WALTERS ROAD,GILLIES ROAD,,Non-Injury Crash,No,2023,0,West,0,0,0,Flat,0,,0,,0,Overcast,638300,0,0,0,2,0,0,0,0,1,,0,0,Auckland Region,Nil,2-way,Sealed,0,0,0,0,50,0,Off,0,0,40,76,Auckland,Nil,0,0,0,0,0,0,Urban,0,0,0,Fine,Null
1765915.8006,5892292.4599,877202,,521122,0,0,0,1,0,East,2023/2024,LINWOOD ROAD,GLASSONS BR,,Non-Injury Crash,No,2024,0,East,1,0,0,Hill Road,0,Easter,0,,0,Bright sun,810100,0,0,0,2,0,0,0,0,0,,0,0,Auckland Region,Nil,2-way,Sealed,0,0,0,0,80,0,None,0,0,,76,Auckland,Nil,0,0,0,0,0,0,Open,0,0,0,Fine,Null
1756172.6455,5926574.2461,877203,,508620,0,0,0,4,0,North,2023/2024,AKORANGA DRIVE,KITEWAO STREET,,Minor Crash,No,2023,0,North,0,0,0,Hill Road,0,,0,,0,Overcast,204702,1,0,0,4,0,0,0,0,3,,0,0,Auckland Region,Nil,2-way,Sealed,0,0,0,0,50,0,Off,0,0,,76,Auckland,Nil,0,0,0,0,0,0,Urban,0,0,0,Fine,Null
1752956.5821,5914800.9714,877204,,517902,0,0,0,1,0,West,2023/2024,SH 20,MAIORO STREET OFF RAMP,,Non-Injury Crash,Yes,2023,0,East,0,0,0,Flat,0,,0,,0,Dark,518900,0,0,0,3,0,0,0,0,0,,0,0,Auckland Region,Nil,1-way,Sealed,0,0,0,0,80,0,On,0,0,,76,Auckland,Nil,0,0,0,0,1,0,Open,0,1,0,Fine,Null
1750372.4621,5946427.3539,877206,,506001,1,,0,0,,Null,2024/2025,HIBISCUS COAST HIGHWAY,TITAN PLACE,,Serious Crash,No,2024,,South,,0,,Flat,,,,,,Bright sun,175501,0,0,0,2,,,0,,,,,,Auckland Region,Nil,1-way,Sealed,,0,1,,60,,Off,0,0,,76,Auckland,Stop,,,,,0,0,Urban,1,,,Fine,Null
1755267.9169,5875976.3575,877214,,526105,0,,0,1,,Null,2024/2025,WAIUKU ROAD,COLOMBO ROAD,,Serious Crash,No,2024,,West,,0,,Flat,,,,,,Overcast,835603,0,0,1,2,,,0,,,,,,Auckland Region,Nil,2-way,Sealed,,0,1,,60,,Off,0,0,,76,Auckland,Give way,,,,,0,0,Urban,0,,,Heavy rain,Null
1755008.2377,5913747.1382,877215,,518803,0,,0,1,,Null,2022/2023,DENBIGH AVENUE,DOMINION ROAD,,Non-Injury Crash,No,2023,,East,,0,,Flat,,,,,,Twilight,581700,0,0,0,3,,,0,,,,,,Auckland Region,Nil,2-way,Sealed,,0,0,,50,,On,0,0,,76,Auckland,Give way,,,,,1,0,Urban,0,,,Heavy rain,Null
1761182.7171,5906933.7014,877220,,524112,0,0,0,2,0,South,2024/2025,SOUTH-WESTERN MOTORWAY,MOYLE PARK FTBR,,Non-Injury Crash,Yes,2024,0,North,0,0,0,Flat,2,,0,,0,Dark,742201,0,0,0,2,0,0,0,0,0,,0,2,Auckland Region,Nil,1-way,Sealed,0,0,0,0,100,0,On,0,0,,76,Auckland,Nil,0,0,0,0,0,0,Open,0,0,0,Fine,Null
1744413.1234,5996955.4009,877226,,506660,0,0,0,0,0,East,2024/2025,TE ARAI POINT ROAD,COAL HILL ROAD,,Minor Crash,No,2024,0,East,0,0,1,Flat,0,,0,,0,Bright sun,135201,1,0,0,2,0,0,0,0,0,,0,0,Auckland Region,Nil,2-way,Unsealed,0,0,0,0,100,0,None,0,0,,76,Auckland,Nil,0,0,0,0,0,0,Open,1,0,0,Fine,Null
1754302.8609,5944151.8991,877227,35,505909,0,0,0,1,0,East,2022/2023,SCOTT ROAD,RIVERHAVEN DRIVE,,Non-Injury Crash,No,2023,0,West,0,0,0,Flat,0,,0,,0,Dark,173913,0,0,0,2,0,0,0,0,0,,0,0,Auckland Region,Nil,2-way,Sealed,0,0,0,0,50,0,None,0,0,,76,Auckland,Nil,0,0,0,1,0,0,Urban,0,0,0,Fine,Null
1756162.6486,5928103.6726,877228,,507900,0,,0,1,,Null,2024/2025,FORREST HILL ROAD,WAIRAU ROAD,,Serious Crash,No,2024,,South,,0,,Flat,,,,,,Overcast,307000,0,0,0,4,,,0,,,1,,,Auckland Region,Nil,2-way,Sealed,,0,1,,50,,Off,0,0,,76,Auckland,Traffic Signals,,,,,0,0,Urban,0,,,Fine,Null
1769340.2781,5911450.3937,877234,,523113,0,,0,2,,Null,2024/2025,TI RAKAU DRIVE,BURSWOOD DRIVE,,Minor Crash,No,2025,,West,,0,,Flat,,,,,,Bright sun,711703,2,0,0,4,,,0,,,,,,Auckland Region,Nil,1-way,Sealed,,0,0,,50,,Off,0,0,,76,Auckland,Traffic Signals,,,,,0,0,Urban,0,,,Fine,Null
1755523.7317,5928687.7267,877235,,508320,0,0,0,2,0,South,2023/2024,WAIRAU ROAD,CURRYS LANE,,Minor Crash,No,2023,0,North,0,0,0,Flat,0,,0,,0,Bright sun,198600,1,0,0,4,0,0,0,0,0,,0,0,Auckland Region,Nil,2-way,Sealed,1,0,0,0,50,0,Off,0,0,,76,Auckland,Nil,0,0,0,0,0,0,Urban,0,0,0,Fine,Null
1766892.4236,5907657.869,877236,,523501,0,,0,2,,Null,2023/2024,EAST TAMAKI ROAD,BAIRDS ROAD,,Non-Injury Crash,No,2023,,East,,0,,Flat,,Christmas New Year,,,,Overcast,700700,0,0,0,3,,,0,,,,,,Auckland Region,Nil,1-way,Sealed,,0,0,,60,,Off,0,0,,76,Auckland,Traffic Signals,,,,,0,0,Urban,0,,,Fine,Null
1761752.7958,5906571.8571,877238,,524520,0,,0,2,,Null,2024/2025,MASSEY ROAD,MASSEY ROAD OFF RAMP,,Non-Injury Crash,No,2024,,South,,0,,Flat,,,,,,Overcast,736300,0,0,0,5,,,0,,,,,,Auckland Region,Overpass,2-way,Sealed,,0,0,,50,,Off,0,0,,76,Auckland,Traffic Signals,,,,,0,0,Urban,0,,,Light rain,Null
1746893.5346,5912357.2579,877239,,512600,0,0,0,1,0,North,2023/2024,KAURILANDS ROAD,KONINI ROAD,,Serious Crash,No,2023,0,South,0,0,0,Hill Road,0,,0,,0,Bright sun,298302,0,0,0,2,0,0,0,0,1,,0,0,Auckland Region,Nil,2-way,Sealed,0,0,1,0,50,0,Off,0,0,,76,Auckland,Nil,0,0,0,0,0,0,Urban,1,0,0,Fine,Null
1753510.2846,5877459.657,877243,,526104,0,,0,0,,Null,2023/2024,HARBOUR CREST DRIVE,GODWIT PLACE,,Minor Crash,No,2024,,South,,0,,Flat,,,,,,Bright sun,835801,1,0,1,2,,,0,,,,,,Auckland Region,Nil,2-way,Sealed,,0,0,,50,,None,0,0,,76,Auckland,Nil,,,,,0,0,Urban,0,,,Fine,Null
1768072.2224,5881052.9464,877244,,525921,0,,0,0,,Null,2024/2025,VICTORIA STREET WEST,HELVETIA ROAD,,Non-Injury Crash,No,2024,,North,,0,,Flat,,,,,,Twilight,820704,0,0,0,2,,,0,,,,,,Auckland Region,Nil,2-way,Sealed,,0,0,,50,,On,1,0,,76,Auckland,Stop,,,,,0,1,Urban,0,,,Light rain,None
1756627.2448,5943813.3946,877251,,505902,0,,0,3,,West,2023/2024,WHANGAPARAOA ROAD,LADIES MILE,,Minor Crash,No,2023,,West,,0,,Flat,,,,,,Bright sun,174604,1,0,0,2,,,0,,,,,,Auckland Region,Nil,2-way,Sealed,,0,0,,50,,Off,0,0,,76,Auckland,Nil,,,,,0,0,Urban,0,,,Fine,Null
1767600.3261,5918805.2118,877254,,516800,0,,0,0,,North,2024/2025,RIDDELL ROAD,GLENDOWIE ROAD,,Serious Crash,No,2025,,North,,0,,Flat,,,,,,Bright sun,514800,0,0,1,2,,,0,,,,,,Auckland Region,Nil,2-way,Sealed,,0,1,,50,,Off,1,0,,76,Auckland,Nil,,,,,0,0,Urban,0,,,Fine,Null
1759783.199,5915855.3128,877255,,519200,0,,0,2,,North,2022/2023,GREAT SOUTH ROAD,GREEN LANE WEST,,Non-Injury Crash,No,2023,,South,,0,,Flat,,,,,,Overcast,616000,0,0,0,4,,,0,,,,,,Auckland Region,Nil,2-way,Sealed,,0,0,,50,,Off,1,0,,76,Auckland,Nil,,,,,0,0,Urban,0,,,Fine,Null
1755348.1431,5931863.6869,877259,,507400,0,,0,2,,Null,2022/2023,EAST COAST ROAD,SUNSET ROAD,,Non-Injury Crash,No,2023,,South,,0,,Flat,,,,,,Overcast,151201,0,0,0,4,,,0,,,,,,Auckland Region,Nil,2-way,Sealed,,0,0,,50,,Off,0,0,,76,Auckland,Give way,,,,,0,0,Urban,0,,,Light rain,Null
1736700.7831,5920482.4589,877260,,505700,0,0,0,1,0,West,2024/2025,BETHELLS ROAD,WAIRERE ROAD,,Non-Injury Crash,No,2025,0,North,1,0,0,Hill Road,0,,0,,0,Overcast,216700,0,0,0,2,0,0,0,0,0,,0,0,Auckland Region,Nil,2-way,Sealed,0,0,0,0,60,0,Off,0,0,,76,Auckland,Nil,0,0,0,0,0,0,Urban,0,0,0,Light rain,Null
1761363.6284,5906806.9772,877262,,524112,0,,0,0,,North,2024/2025,SOUTH-WESTERN MOTORWAY,MASSEY ROAD ON RAMP,,Minor Crash,Yes,2024,,North,,0,,Flat,,,,,,Overcast,742201,1,0,1,3,,,0,,,,,,Auckland Region,Nil,1-way,Sealed,,0,0,,100,,Off,0,0,,76,Auckland,Nil,,,,,0,0,Open,0,,,Fine,Null
1749663.5909,5913076.7267,877266,,511401,0,0,0,1,0,South,2023/2024,HUTCHINSON AVENUE,CRAIGBANK AVENUE,,Non-Injury Crash,No,2024,0,North,0,0,0,Flat,0,,0,,1,Dark,264400,0,0,0,2,0,0,0,0,0,,0,0,Auckland Region,Nil,2-way,Sealed,0,0,0,0,50,0,On,0,0,,76,Auckland,Nil,0,1,0,0,0,0,Urban,0,0,0,Light rain,Null
1744419.8238,5922510.9386,877267,,513530,0,,0,3,,South,2022/2023,NORTH-WESTERN MOTORWAY,ROYAL OBR,,Minor Crash,Yes,2023,,South,,0,,Flat,,,,,,Dark,225802,2,0,0,3,,,0,,,,,,Auckland Region,Nil,1-way,Sealed,,0,0,,100,,On,0,0,,76,Auckland,Nil,,,,,0,0,Open,0,,,Light rain,Null
1770796.3387,5899103.8847,877271,,523911,0,,0,0,,West,2022/2023,MANUROA ROAD,REDING STREET,,Minor Crash,No,2023,,West,,0,,Flat,,,,,,Dark,766800,1,0,0,2,,,0,,,1,,,Auckland Region,Rail xing,2-way,Sealed,,0,0,,50,,On,0,0,,76,Auckland,Nil,,,,,0,0,Urban,0,,,Fine,Null
1754509.2518,5918350.2225,877275,,517600,0,,0,1,,North,2022/2023,MOUNTAIN VIEW ROAD,MOUNTAIN VIEW OBR,,Non-Injury Crash,No,2023,,North,,0,,Hill Road,,,,,,Bright sun,533100,0,0,0,2,,,0,,,1,,,Auckland Region,Underpass,2-way,Sealed,,0,0,,50,,Off,0,0,,76,Auckland,Nil,,,,,0,0,Urban,0,,,Fine,Null
1770262.4978,5909998.3328,877280,,523109,0,0,0,1,0,East,2022/2023,CARLINGFORD DRIVE,ARMOY DRIVE,,Non-Injury Crash,No,2023,0,South,0,0,0,Flat,0,,0,,0,Overcast,711740,0,0,0,2,0,0,0,0,1,,0,0,Auckland Region,Nil,2-way,Unsealed,0,0,0,0,50,0,Off,0,0,,76,Auckland,Nil,0,0,0,0,0,0,Urban,1,0,0,Light rain,None
1755371.7529,5932225.7164,877298,,508805,0,,0,1,,Null,2023/2024,EAST COAST ROAD,MAXWELTON DRIVE,,Non-Injury Crash,No,2023,,South,,0,,Flat,,,,,,Bright sun,151103,0,0,0,4,,,0,,,,,,Auckland Region,Nil,2-way,Sealed,,0,0,,50,,Off,1,0,,76,Auckland,Give way,,,,,0,0,Urban,0,,,Fine,Null
1766293.2335,5905413.5087,877299,,522400,0,0,0,2,0,North,2022/2023,ALLENBY ROAD,CARRUTH ROAD,,Non-Injury Crash,No,2023,0,North,0,0,0,Flat,0,,0,,0,Overcast,671600,0,0,0,2,0,0,0,0,1,,0,0,Auckland Region,Nil,2-way,Sealed,0,0,0,0,50,0,Off,0,0,,76,Auckland,Nil,0,0,0,0,0,0,Urban,0,0,0,Fine,Null
1752557.2186,5934753.9777,877300,,508701,0,,0,1,,Null,2025/2026,OTEHA VALLEY ROAD,MUNROE LANE,,Minor Crash,No,2025,,East,,0,,Flat,,,,,,Dark,178501,1,0,0,2,,,0,,,,,,Auckland Region,Nil,1-way,Sealed,,0,0,,50,,On,0,0,,76,Auckland,Give way,,,,,0,0,Urban,1,,,Light rain,Null
1768568.4702,5904504.1906,877307,,523820,0,,0,0,,East,2022/2023,REDOUBT ROAD,BIRCHLEA RISE,,Non-Injury Crash,No,2023,,West,,0,,Flat,,,,,,Bright sun,759901,0,0,1,3,,,0,,,,,,Auckland Region,Nil,2-way,Sealed,,0,0,,50,,Off,1,0,,76,Auckland,Nil,,,,,0,0,Urban,0,,,Fine,Null
1777215.3357,5898970.7646,877308,,521301,0,,0,0,,Null,2023/2024,ARDMORE QUARRY ROAD,PAPAKURA-CLEVEDON ROAD,,Non-Injury Crash,No,2023,,Null,,0,,Flat,,,,,,Overcast,763600,0,0,1,2,,,0,,,,,,Auckland Region,Nil,2-way,Sealed,,0,0,,100,,None,0,0,,76,Auckland,Give way,,,,,0,0,Open,1,,,Fine,Strong wind
1753421.0806,5914737.9644,877310,,518801,0,,0,2,,West,2024/2025,STODDARD ROAD,DENIZE ROAD,,Minor Crash,No,2025,,West,,0,,Flat,,,,,,Overcast,578400,1,0,0,2,,,0,,,,,,Auckland Region,Nil,2-way,Sealed,,0,0,,50,,Off,0,0,,76,Auckland,Nil,,,,,0,0,Urban,0,,,Fine,Null
1756417.2777,5927214.543,877314,,507900,0,0,0,1,0,Null,2024/2025,NORTHCOTE ROAD,NORTHCOTE ROAD ON RAMP,,Minor Crash,No,2025,0,East,0,0,0,Flat,0,,0,,0,Dark,305202,1,0,0,3,0,0,0,0,0,,0,0,Auckland Region,Overpass,1-way,Sealed,0,0,0,0,50,0,On,0,0,,76,Auckland,Traffic Signals,0,1,0,0,0,0,Urban,0,0,0,Fine,Null
1759831.9207,5912259.4912,877315,,520000,0,,0,2,,Null,2022/2023,CHURCH STREET,ALFRED STREET,,Minor Crash,No,2023,,West,,0,,Flat,,,,,,Bright sun,607200,1,0,0,2,,,0,,,,,,Auckland Region,Nil,2-way,Sealed,,0,0,,50,,Off,0,0,,76,Auckland,Stop,,,,,0,0,Urban,0,,,Fine,Null
1760385.4988,5906832.4334,877322,,524112,0,,0,2,,Null,2022/2023,MASCOT AVENUE,WADDON PLACE,,Non-Injury Crash,No,2023,,North,,0,,Flat,,,,,,Unknown,742101,0,0,0,2,,,0,,,,,,Auckland Region,Nil,2-way,Sealed,,0,0,,30,,Off,0,0,,76,Auckland,Give way,,,,,0,0,Urban,0,,,Fine,None
1744536.1811,5922510.6309,877343,,513530,0,0,0,0,0,Null,2023/2024,ROYAL ROAD,ROYAL ROAD ON RAMP,,Non-Injury Crash,No,2023,0,East,0,0,0,Flat,0,Labour Weekend,1,,0,Dark,225802,0,0,0,4,0,0,0,0,0,,0,0,Auckland Region,Nil,2-way,Sealed,0,0,0,0,50,0,On,0,0,,76,Auckland,Give way,0,1,0,0,0,0,Urban,1,0,0,Fine,Null
1764232.9269,5909876.1103,877346,,521901,0,,0,2,,Null,2023/2024,ATKINSON AVENUE,AVENUE ROAD,,Minor Crash,No,2023,,South,,0,,Hill Road,,,,,,Overcast,783900,1,0,0,4,,,0,,,,,,Auckland Region,Nil,2-way,Sealed,,0,0,,50,,Off,0,0,,76,Auckland,Traffic Signals,,,,,0,0,Urban,0,,,Light rain,Null
1761232.1901,5920046.6056,877350,,516400,0,0,0,1,0,East,2022/2023,TAMAKI DRIVE,NGAPIPI ROAD,,Non-Injury Crash,No,2023,0,East,0,0,0,Flat,0,,0,,1,Overcast,496600,0,0,0,3,0,0,0,0,0,,0,0,Auckland Region,Nil,2-way,Sealed,0,0,0,0,50,0,Off,0,0,,76,Auckland,Nil,0,0,0,0,0,0,Urban,0,0,0,Heavy rain,Null
1758799.8725,5912422.7708,877351,,519810,0,,0,2,,Null,2023/2024,SELWYN STREET,ARTHUR STREET,,Minor Crash,No,2023,,South,,0,,Hill Road,,Christmas New Year,,,,Overcast,598600,2,0,0,2,,,0,,,,,,Auckland Region,Nil,2-way,Sealed,,0,0,,50,,Off,0,1,,76,Auckland,Stop,,,,,0,0,Urban,0,,,Light rain,Null
1754786.2554,5918335.5321,877354,,515431,0,,0,0,,East,2022/2023,NORTH-WESTERN MOTORWAY,MOUNTAIN VIEW OBR,,Non-Injury Crash,Yes,2023,,East,,0,,Flat,,,,,,Bright sun,406700,0,0,0,4,,,0,,,,,,Auckland Region,Nil,1-way,Sealed,,0,0,,80,,Off,1,0,,76,Auckland,Nil,,,,,0,0,Open,1,,,Fine,Null
1747440.8057,5914749.0019,877356,,511800,0,,0,1,,North,2023/2024,GREAT NORTH ROAD,SABULITE ROAD,,Non-Injury Crash,No,2023,,South,,0,,Hill Road,,,,,,Overcast,277902,0,0,0,4,,,0,,,,,,Auckland Region,Nil,2-way,Sealed,,0,0,,50,,Off,0,0,,76,Auckland,Nil,,,,,0,0,Urban,1,,,Fine,Null
1764069.9876,5904307.6282,877358,,522100,0,,0,0,,Null,2024/2025,PUHINUI ROAD-SH 20B OFF RAMP,PUHINUI ROAD,,Non-Injury Crash,Yes,2024,,South,,0,,Flat,,,,,,Bright sun,781001,0,0,0,2,,,0,,,,,,Auckland Region,Nil,1-way,Sealed,,0,0,,50,,Off,0,0,,76,Auckland,Traffic Signals,,,,,2,0,Urban,0,,,Fine,Null
1755715.4273,5921211.1789,877362,,515202,0,0,0,0,0,North,2024/2025,NORTHERN MOTORWAY,VICTORIA PARK VDT N,,Non-Injury Crash,Yes,2024,0,South,0,0,0,Flat,1,,0,,0,Overcast,425600,0,0,0,4,0,0,0,0,0,,0,0,Auckland Region,Nil,1-way,Sealed,0,0,0,0,80,0,Off,0,0,,76,Auckland,Nil,0,0,0,0,0,0,Open,1,0,0,Light rain,Null
1771684.5975,5906025.8901,877364,,523713,0,,0,2,,Null,2023/2024,FLAT BUSH SCHOOL ROAD,RASHNI ROAD,,Non-Injury Crash,No,2023,,West,,0,,Hill Road,,,,,,Overcast,712701,0,0,0,2,,,0,,,,,,Auckland Region,Nil,2-way,Sealed,,0,0,,50,,Off,0,0,,76,Auckland,Give way,,,,,0,0,Urban,0,,,Light rain,Null
1774354.0358,5881397.9233,877370,,521160,0,,0,1,,East,2024/2025,MILL ROAD,HARRISVILLE ROAD,,Minor Crash,No,2025,,West,,0,,Flat,,,,,,Dark,827300,2,0,0,2,,,0,,,,,,Auckland Region,Nil,2-way,Sealed,,0,0,,80,,Off,0,0,,76,Auckland,Nil,,,,,0,0,Open,1,,,Light rain,Null
1768684.7378,5905812.273,877376,,523721,0,,1,0,,East,2022/2023,BAHAMA PLACE,OTHELLO DRIVE,,Non-Injury Crash,No,2023,,North,,0,,Flat,,,,,,Dark,715610,0,0,0,2,,,0,,,,,,Auckland Region,Nil,2-way,Sealed,,0,0,,50,,On,0,0,,76,Auckland,Nil,,,,,0,0,Urban,1,,,Fine,Null
1754308.7797,5934368.7901,877378,,507102,0,0,0,2,0,East,2024/2025,OAKTREE AVENUE,EASTWOOD RISE,,Non-Injury Crash,No,2024,0,East,0,0,0,Null,0,,0,,0,Dark,159004,0,0,0,2,0,0,0,0,1,,0,0,Auckland Region,Nil,2-way,Sealed,0,0,0,0,50,0,Null,0,0,,76,Auckland,Nil,0,0,0,0,0,0,Urban,0,0,0,Fine,Null
1756633.6373,5912455.4449,877386,,518702,0,0,0,1,0,North,2024/2025,CARLTON STREET,ROGERS WAY,,Non-Injury Crash,No,2024,0,North,0,0,0,Null,0,,0,,0,Unknown,571100,0,0,0,2,0,0,0,0,1,,0,0,Auckland Region,Nil,2-way,Null,0,0,0,0,30,0,Null,0,0,,76,Auckland,Nil,0,0,0,0,0,0,Urban,0,0,0,Null,Null
1754252.1927,5931168.701,877388,,508520,0,,0,2,,North,2024/2025,NORTHERN MOTORWAY,SUNSET OBR,,Minor Crash,Yes,2024,,South,,0,,Flat,,,,,,Bright sun,191101,1,0,0,2,,,0,,,,,,Auckland Region,Nil,1-way,Sealed,,0,0,,100,,Off,0,0,,76,Auckland,Nil,,,,,0,0,Open,1,,,Fine,Null