X,Y,OBJECTID,advisorySpeed,areaUnitID,bicycle,bridge,bus,carStationWagon,cliffBank,crashDirectionDescription,crashFinancialYear,crashLocation1,crashLocation2,crashRoadSideRoad,crashSeverity,crashSHDescription,crashYear,debris,directionRoleDescription,ditch,fatalCount,fence,flatHill,guardRail,holiday,houseOrBuilding,intersection,kerb,light,meshblockId,minorInjuryCount,moped,motorcycle,NumberOfLanes,objectThrownOrDropped,otherObject,otherVehicleType,overBank,parkedVehicle,pedestrian,phoneBoxEtc,postOrPole,region,roadCharacter,roadLane,roadSurface,roadworks,schoolBus,seriousInjuryCount,slipOrFlood,speedLimit,strayAnimal,streetLight,suv,taxi,temporarySpeedLimit,tlaId,tlaName,trafficControl,trafficIsland,trafficSign,train,tree,truck,unknownVehicleType,urban,vanOrUtility,vehicle,waterRiver,weatherA,weatherB
1769292.55,5905557.7744,877390,,523712,0,,0,1,,Null,2022/2023,MATTHEWS ROAD,DAWSON ROAD,,Non-Injury Crash,No,2023,,North,,0,,Flat,,,,,,Overcast,716204,0,0,0,4,,,0,,,,,,Auckland Region,Nil,2-way,Sealed,,0,0,,50,,Off,0,0,,76,Auckland,Traffic Signals,,,,,0,0,Urban,1,,,Light rain,Null
1758135.8893,5915639.5846,877392,,519300,0,,0,1,,North,2023/2024,MANUKAU ROAD,QUEEN MARY AVENUE,,Non-Injury Crash,No,2023,,South,,0,,Flat,,,,,,Overcast,622900,0,0,0,4,,,0,,,,,,Auckland Region,Nil,2-way,Sealed,,0,0,,50,,Off,1,0,,76,Auckland,Nil,,,,,0,0,Urban,0,,,Fine,Strong wind
1767779.2227,5903873.3167,877404,,524602,0,,0,2,,Null,2023/2024,GREAT SOUTH ROAD,GREAT SOUTH ROAD OFF RAMP,,Non-Injury Crash,No,2023,,North,,0,,Flat,,,,,,Bright sun,780417,0,0,0,4,,,0,,,,,,Auckland Region,Nil,2-way,Sealed,,0,0,,60,,Off,0,0,,76,Auckland,Traffic Signals,,,,,0,0,Urban,0,,,Fine,Null
1755420.1008,5921536.132,877412,,515202,0,,0,1,,South,2023/2024,NORTHERN MOTORWAY,SHELLY BEACH OBR,,Non-Injury Crash,Yes,2023,,East,,0,,Flat,,,,,,Bright sun,423600,0,0,0,4,,,0,,,,,,Auckland Region,Nil,1-way,Sealed,,0,0,,80,,Off,0,1,,76,Auckland,Nil,,,,,1,0,Open,0,,,Fine,Null
1759034.563,5907238.7941,877416,,524122,0,0,0,2,0,West,2023/2024,IDLEWILD AVENUE,LYNETTE PLACE,,Non-Injury Crash,No,2023,0,West,0,0,0,Flat,0,,0,,0,Overcast,738600,0,0,0,2,0,0,0,0,1,,0,0,Auckland Region,Nil,2-way,Sealed,0,0,0,0,50,0,Off,0,0,,76,Auckland,Nil,0,0,0,0,0,0,Urban,0,0,0,Fine,Null
1734944.0233,5907883.1752,877432,,513800,0,0,0,1,1,South,2024/2025,PIHA ROAD,ANAWHATA ROAD,,Minor Crash,No,2024,0,South,0,0,0,Flat,0,,0,,0,Overcast,282027,1,0,0,2,0,0,0,0,0,,0,0,Auckland Region,Nil,2-way,Sealed,0,0,0,0,60,0,Off,0,0,,76,Auckland,Nil,0,0,0,0,0,0,Urban,0,0,0,Light rain,Null
1773115.8616,5890635.2989,877434,,521301,0,0,0,1,0,South,2025/2026,SOUTHERN MOTORWAY,GREAT SOUTH ROAD OFF RAMP,,Minor Crash,Yes,2025,0,North,0,0,0,Flat,2,,0,,0,Bright sun,809200,1,0,0,2,0,0,0,0,0,,0,0,Auckland Region,Nil,1-way,Sealed,0,0,0,0,100,0,Off,0,0,,76,Auckland,Nil,0,0,0,0,0,0,Open,0,0,0,Fine,Null
1764679.5448,5905755.0398,877436,,522100,0,,0,2,,Null,2024/2025,STATION ROAD,WYLLIE ROAD,,Non-Injury Crash,No,2024,,West,,0,,Null,,,,,,Unknown,657700,0,0,0,2,,,0,,,,,,Auckland Region,Nil,1-way,Sealed,,0,0,,50,,Null,0,0,,76,Auckland,Traffic Signals,,,,,0,0,Urban,0,,,Null,Null
1739282.0545,5912522.5076,877452,,513800,0,0,0,0,0,West,2024/2025,SCENIC DRIVE,PIHA ROAD,,Minor Crash,No,2025,0,North,0,0,1,Hill Road,0,,0,,0,Bright sun,281902,1,0,1,2,0,0,0,0,0,,0,0,Auckland Region,Nil,2-way,Sealed,0,0,0,0,60,0,None,0,0,,76,Auckland,Nil,0,0,0,0,0,0,Urban,0,0,0,Fine,Null
1758723.1477,5926127.2217,877454,,508020,0,0,0,1,0,Null,2023/2024,LAKE ROAD,HAURAKI ROAD,,Non-Injury Crash,No,2024,0,East,0,0,0,Flat,0,,0,,0,Dark,321200,0,0,0,4,0,0,0,0,0,,0,1,Auckland Region,Nil,2-way,Sealed,0,0,0,0,50,0,On,0,0,,76,Auckland,Traffic Signals,0,0,0,0,0,0,Urban,0,0,0,Light rain,Null
1739471.5458,5919020.2649,877458,45,513702,0,0,0,1,0,West,2024/2025,WAITAKERE ROAD,KAY ROAD,,Serious Crash,No,2024,0,South,0,0,0,Hill Road,0,,0,,0,Dark,237100,0,0,0,2,0,0,0,0,0,,0,1,Auckland Region,Nil,2-way,Sealed,0,0,1,0,80,0,None,0,0,,76,Auckland,Nil,0,0,0,0,0,0,Open,0,0,0,Fine,Null
1768340.1458,5904441.8028,877460,,523722,0,,0,1,,West,2022/2023,REDOUBT ROAD,DIORELLA DRIVE,,Non-Injury Crash,No,2023,,West,,0,,Hill Road,,,,,,Dark,715805,0,0,1,3,,,0,,,,,,Auckland Region,Nil,2-way,Sealed,,0,0,,50,,On,0,0,,76,Auckland,Nil,,,,,0,0,Urban,0,,,Fine,None
1746684.7497,5918066.283,877462,,512402,0,,0,1,,Null,2024/2025,TE ATATU ROAD,CONISTON AVENUE,,Minor Crash,No,2024,,South,,0,,Flat,,,,,,Overcast,256500,1,0,1,2,,,0,,,,,,Auckland Region,Nil,2-way,Sealed,,0,0,,50,,Off,0,0,40,76,Auckland,Give way,,,,,0,0,Urban,0,,,Fine,Frost
1758055.1725,5915197.1103,877466,,519300,0,,0,2,,Null,2023/2024,MANUKAU ROAD,GARDNER ROAD,,Non-Injury Crash,No,2024,,North,,0,,Flat,,,,,,Bright sun,623600,0,0,0,2,,,0,,,,,,Auckland Region,Nil,2-way,Sealed,,0,0,,50,,Off,0,0,,76,Auckland,Stop,,,,,0,0,Urban,0,,,Fine,Null
1756314.032,5920631.5751,877468,,514102,0,,0,2,,South,2024/2025,NORTHERN MOTORWAY,VICTORIA PARK VDT,,Non-Injury Crash,Yes,2024,,South,,0,,Flat,,,,,,Overcast,432500,0,0,0,2,,,0,,,,,,Auckland Region,Overpass,1-way,Sealed,,0,0,,80,,Off,0,0,,76,Auckland,Nil,,,,,0,0,Open,0,,,Heavy rain,Null
1765825.0228,5919085.6922,877472,,516900,0,,0,2,,South,2024/2025,ST HELIERS BAY ROAD,PARKSIDE STREET,,Minor Crash,No,2024,,North,,0,,Flat,,,,,,Bright sun,466101,1,0,0,2,,,0,,,,,,Auckland Region,Nil,2-way,Sealed,,0,0,,50,,Null,0,0,,76,Auckland,Nil,,,,,0,0,Urban,0,,,Fine,Null
1766560.2515,5905940.3817,877474,,522302,0,,0,1,,Null,2024/2025,GREAT SOUTH ROAD,CARLIE STREET,,Minor Crash,No,2025,,North,,0,,Flat,,,,,,Bright sun,669200,1,0,0,2,,,0,,,1,,,Auckland Region,Nil,2-way,Sealed,,0,0,,50,,Off,0,0,,76,Auckland,Nil,,,,,0,0,Urban,0,,,Fine,Null
1769433.4771,5907926.4938,877476,,523711,0,,0,2,,South,2022/2023,TE IRIRANGI DRIVE,BISHOP DUNN PLACE,,Non-Injury Crash,No,2023,,North,,0,,Null,,,,,,Unknown,712305,0,0,0,3,,,0,,,,,,Auckland Region,Nil,1-way,Null,,0,0,,60,,Null,0,0,,76,Auckland,Nil,,,,,0,0,Urban,0,,,Null,Null
1762794.6502,5905611.0574,877478,,524302,0,0,0,1,0,North,2023/2024,SOUTH-WESTERN MOTORWAY,PORTAGE OBR,,Non-Injury Crash,Yes,2024,0,South,0,0,0,Flat,1,,0,,0,Dark,745000,0,0,0,2,0,0,0,0,0,,0,0,Auckland Region,Nil,1-way,Sealed,0,0,0,0,100,0,On,0,0,,76,Auckland,Nil,0,0,0,0,0,0,Open,0,0,0,Fine,Null
1755687.8512,5918338.2866,877480,,515500,0,,0,2,,East,2024/2025,NORTH-WESTERN MOTORWAY,BOND OBR,,Non-Injury Crash,Yes,2024,,East,,0,,Flat,,,,,,Twilight,419400,0,0,0,5,,,0,,,,,,Auckland Region,Nil,1-way,Sealed,,0,0,,80,,On,0,0,,76,Auckland,Nil,,,,,0,0,Open,0,,,Fine,Null
1772444.4028,5911662.1543,877484,35,523202,0,,0,2,,South,2024/2025,WHITFORD ROAD,MAUNGAMAUNGAROA BR,,Minor Crash,No,2025,,North,,0,,Hill Road,,,,,,Overcast,717502,4,0,0,2,,,0,,,,,,Auckland Region,Nil,2-way,Sealed,,0,0,,60,,None,0,0,,76,Auckland,Nil,,,,,0,0,Urban,0,,,Fine,Null
1753016.3029,5915230.1685,877490,,517903,0,0,0,2,0,North,2024/2025,RICHARDSON ROAD,HENDON AVENUE,,Non-Injury Crash,No,2024,0,South,0,0,0,Null,0,,0,,0,Unknown,518300,0,0,0,2,0,0,0,0,1,,0,0,Auckland Region,Nil,2-way,Sealed,0,0,0,0,50,0,Null,0,0,,76,Auckland,Nil,0,0,0,0,0,0,Urban,0,0,0,Fine,Null
1758473.5169,5918339.8028,877494,,517400,0,,0,2,,Null,2024/2025,KHYBER PASS ROAD,BROADWAY,,Non-Injury Crash,No,2024,,West,,0,,Flat,,,,,,Dark,451100,0,0,0,4,,,0,,,,,,Auckland Region,Nil,2-way,Sealed,,0,0,,50,,On,0,0,,76,Auckland,Traffic Signals,,,,,0,0,Urban,0,,,Null,Null
1756382.5874,5913736.5654,877496,45,518701,0,0,0,1,0,West,2022/2023,MOUNT ALBERT ROAD,THREE KINGS,,Non-Injury Crash,No,2023,0,West,0,0,0,Flat,0,,0,,0,Dark,568200,0,0,1,2,0,0,0,0,1,,0,0,Auckland Region,Nil,2-way,Sealed,0,0,0,0,50,0,On,0,0,,76,Auckland,Nil,0,0,0,0,0,0,Urban,0,0,0,Light rain,None
1747791.6142,5912493.769,877502,,511901,0,0,0,2,0,West,2024/2025,ATKINSON ROAD,NORMAN ROAD,,Minor Crash,No,2025,0,East,0,0,2,Hill Road,0,,0,,0,Dark,294300,1,0,0,2,0,0,0,0,0,,0,0,Auckland Region,Nil,2-way,Sealed,0,0,0,0,50,0,On,0,0,,76,Auckland,Nil,0,0,0,1,0,0,Urban,0,0,0,Fine,Null
1756197.0577,5917590.4186,877506,,518102,0,0,0,1,0,South,2024/2025,CARRICK PLACE,BELLEVUE ROAD,,Non-Injury Crash,No,2024,0,South,0,0,0,Hill Road,0,,0,,0,Bright sun,546000,0,0,0,2,0,0,0,0,1,,0,0,Auckland Region,Nil,2-way,Sealed,0,0,0,0,30,0,None,0,0,,76,Auckland,Nil,0,0,0,0,0,0,Urban,1,0,0,Fine,Null
1770076.4665,5906111.3717,877514,,523712,0,,0,1,,Null,2025/2026,BROADHURST ROAD,CASTLEBANE DRIVE,,Minor Crash,No,2025,,West,,0,,Flat,,,,,,Overcast,713201,1,0,1,2,,,0,,,,,,Auckland Region,Nil,2-way,Sealed,,0,0,,50,,Off,0,0,,76,Auckland,Give way,,,,,0,0,Urban,0,,,Fine,Null
1757658.9717,5919889.57,877516,,514103,0,,0,1,,Null,2024/2025,SYMONDS STREET,WELLESLEY STREET EAST,,Minor Crash,No,2025,,North,,0,,Flat,,,,,,Bright sun,437500,1,0,0,4,,,0,,,,,,Auckland Region,Nil,2-way,Sealed,,0,0,,30,,Off,1,0,,76,Auckland,Give way,,,,,0,0,Urban,0,,,Fine,Null
1767669.7098,5902036.804,877523,,525001,0,0,0,1,0,Null,2022/2023,STURDEE ROAD,MAUNGARUA LANE,,Minor Crash,No,2023,0,West,0,0,0,Flat,0,,0,,0,Dark,750400,1,0,0,2,0,0,0,0,0,,0,0,Auckland Region,Nil,2-way,Sealed,0,0,0,0,50,0,On,0,0,,76,Auckland,Give way,0,0,0,1,0,0,Urban,0,0,0,Fine,Null
1767866.8403,5881081.7903,877524,,525921,0,0,0,1,0,North,2023/2024,MOLONEY TERRACE,VICTORIA STREET WEST,,Non-Injury Crash,No,2024,0,West,0,0,0,Hill Road,0,,0,,0,Dark,820704,0,0,0,2,0,0,0,0,1,,0,0,Auckland Region,Nil,2-way,Sealed,0,0,0,0,30,0,On,2,0,,76,Auckland,Nil,0,0,0,0,0,0,Urban,0,0,0,Fine,Null
1752265.1307,5931192.3009,877529,,508807,0,0,0,2,0,Null,2022/2023,WILLIAM PICKERING DRIVE,BUSH ROAD,,Serious Crash,No,2023,0,East,0,0,0,Flat,0,,0,,0,Overcast,180302,1,0,0,2,0,0,0,0,1,,0,0,Auckland Region,Nil,2-way,Sealed,0,0,1,0,50,0,Off,0,0,,76,Auckland,Give way,0,0,0,0,0,0,Urban,1,0,0,Fine,Null
1759920.7931,5915724.1072,877536,,516003,0,0,0,1,0,South,2024/2025,GREAT SOUTH ROAD,GREEN LANE EAST,,Non-Injury Crash,No,2024,0,West,0,0,0,Flat,0,,0,,0,Bright sun,495200,0,0,0,6,0,1,0,0,0,,0,0,Auckland Region,Nil,2-way,Sealed,0,0,0,0,50,0,Off,0,0,,76,Auckland,Nil,0,0,0,1,0,0,Urban,0,0,0,Fine,Null
1769805.3025,5901371.1578,877539,,523814,0,,0,6,,North,2022/2023,SOUTHERN MOTORWAY,ALFRISTON OBR,,Non-Injury Crash,Yes,2023,,South,,0,,Hill Road,,Easter,,,,Overcast,759510,0,0,0,3,,,0,,,,,,Auckland Region,Nil,1-way,Sealed,,0,0,,100,,Off,0,0,,76,Auckland,Nil,,,,,0,0,Open,0,,,Light rain,Null
1738004.4779,5929253.2744,877542,,505602,0,,0,1,,Null,2025/2026,MAIN ROAD,MATUA ROAD,,Minor Crash,Yes,2025,,East,,0,,Flat,,,,,,Twilight,216003,2,0,0,2,,,0,,,,,,Auckland Region,Nil,2-way,Sealed,,0,0,,50,,On,1,0,,76,Auckland,Give way,,,,,0,0,Urban,1,,,Fine,Null
1751549.9236,5917682.1621,877543,,514900,0,0,0,4,0,South,2022/2023,WATERBANK CRESCENT,AUA LANE,,Non-Injury Crash,No,2023,0,North,0,0,0,Hill Road,0,,0,,0,Dark,385100,0,0,0,2,0,0,0,0,2,,0,0,Auckland Region,Nil,2-way,Sealed,0,0,0,0,50,0,On,0,0,,76,Auckland,Nil,0,0,0,0,1,0,Urban,0,0,0,Fine,Null
1760883.1912,5915303.6669,877560,,520201,0,0,0,3,0,South,2023/2024,SOUTHERN MOTORWAY,WALPOLE OBR,,Non-Injury Crash,Yes,2024,0,North,0,0,0,Flat,0,,0,,0,Dark,613000,0,0,0,4,0,3,0,0,0,,0,0,Auckland Region,Nil,1-way,Sealed,0,0,0,0,100,0,On,0,0,,76,Auckland,Nil,0,0,0,0,0,0,Open,0,0,0,Light rain,Null
1757530.2186,5918628.454,877561,,517400,0,,0,2,,North,2022/2023,SOUTHERN MOTORWAY,KHYBER PASS OBR,,Non-Injury Crash,Yes,2023,,South,,0,,Flat,,,,,,Dark,449800,0,0,0,4,,,0,,,,,,Auckland Region,Nil,1-way,Sealed,,0,0,,80,,On,0,0,,76,Auckland,Nil,,,,,0,0,Open,0,,,Fine,Null
1743200.4561,5919597.1477,877562,,513622,0,,0,2,,Null,2023/2024,GLEN ROAD,SCARLET DRIVE,,Non-Injury Crash,No,2023,,East,,0,,Flat,,,,,,Overcast,226903,0,0,0,2,,,0,,,,,,Auckland Region,Nil,2-way,Sealed,,0,0,,50,,Off,0,0,,76,Auckland,Give way,,,,,0,0,Urban,0,,,Light rain,Null
1737809.1176,5929297.0175,877564,,505602,0,,0,0,,West,2024/2025,MAIN ROAD,ORAHA ROAD,,Minor Crash,Yes,2024,,East,,0,,Flat,,,,,,Overcast,214900,2,0,0,2,,,0,,,,,,Auckland Region,Nil,2-way,Sealed,,0,0,,50,,Off,2,0,,76,Auckland,Nil,,,,,0,0,Urban,0,,,Fine,Null
1759105.0014,5911992.9949,877565,,519820,0,0,0,2,0,North,2023/2024,WALLER STREET,PRINCES STREET,,Non-Injury Crash,No,2023,0,North,0,0,0,Flat,0,,0,,0,Dark,601901,0,0,0,2,0,0,0,0,2,,0,0,Auckland Region,Nil,2-way,Sealed,0,0,0,0,50,0,On,0,0,,76,Auckland,Nil,0,0,0,0,0,0,Urban,1,0,0,Fine,Null
1759093.3408,5906679.6243,877576,,524200,0,,0,0,,South,2024/2025,KIRKBRIDE ROAD,ASCOT ROAD,,Minor Crash,No,2024,,North,,0,,Flat,,,,,,Bright sun,726400,1,0,1,4,,,0,,,,,,Auckland Region,Nil,2-way,Sealed,,0,0,,60,,Off,1,0,,76,Auckland,Nil,,,,,0,0,Urban,0,,,Fine,Null
1784712.994,5923720.1819,877581,,520801,0,,0,2,,South,2022/2023,GORDONS ROAD,CARSONS ROAD,,Minor Crash,No,2023,,North,,0,,Flat,,,,,,Bright sun,515608,1,0,0,2,,,0,,,,,,Auckland Region,Nil,2-way,Sealed,,0,0,,50,,None,0,0,,76,Auckland,Nil,,,,,0,0,Urban,0,,,Fine,Null
1757745.0748,5916005.1953,877582,,515801,0,0,0,0,0,Null,2023/2024,GILLIES AVENUE,KING GEORGE AVENUE,,Fatal Crash,No,2023,0,South,0,1,0,Hill Road,0,,0,,0,Dark,445500,0,0,0,2,0,0,0,0,0,,0,1,Auckland Region,Nil,2-way,Sealed,0,0,0,0,50,0,On,0,0,,76,Auckland,Traffic Signals,0,0,0,0,1,0,Urban,0,0,0,Fine,Null
1786010.3689,5907752.1136,877584,,525201,0,,0,1,,North,2023/2024,CLEVEDON-KAWAKAWA ROAD,NESS VALLEY ROAD,,Minor Crash,No,2023,,North,,0,,Flat,,,,,,Bright sun,764700,1,0,1,2,,,0,,,,,,Auckland Region,Nil,2-way,Sealed,,0,0,,80,,Off,0,0,,76,Auckland,Nil,,,,,0,0,Open,0,,,Fine,None
1746486.6117,5917580.2449,877593,35,512500,0,0,0,2,0,Null,2023/2024,MCLEOD ROAD,SHEEHAN ROAD,,Minor Crash,No,2023,0,East,0,0,0,Hill Road,0,,0,,0,Bright sun,257500,1,0,0,2,0,0,0,0,1,,0,0,Auckland Region,Nil,2-way,Sealed,0,0,0,0,50,0,Off,0,0,30,76,Auckland,Give way,0,0,0,0,0,0,Urban,0,0,0,Fine,Null
1765711.9324,5906765.4703,877594,,522202,0,,0,1,,Null,2023/2024,GREAT SOUTH ROAD,HOTEO AVENUE,,Non-Injury Crash,No,2023,,South,,0,,Flat,,,,,,Bright sun,663500,0,0,0,3,,,0,,,,,,Auckland Region,Nil,2-way,Sealed,,0,0,,50,,Null,0,0,,76,Auckland,Traffic Signals,,,,,1,0,Urban,0,,,Fine,Null
1749713.5275,5918039.9665,877598,,514801,0,0,0,0,0,West,2023/2024,NORTH-WESTERN MOTORWAY,ROSEBANK ROAD ON RAMP,,Non-Injury Crash,Yes,2023,0,East,0,0,0,Flat,1,,0,,0,Dark,390401,0,0,0,4,0,0,0,0,0,,0,0,Auckland Region,Motorway ramp,2-way,Sealed,0,0,0,0,100,0,On,0,0,,76,Auckland,Nil,0,0,0,0,0,0,Open,1,0,0,Light rain,Null
1774948.6717,5897885.5842,877602,,523813,0,0,0,2,0,East,2023/2024,OLD WAIROA ROAD,PAKARAKA DRIVE,,Non-Injury Crash,No,2023,0,East,0,0,0,Hill Road,0,,0,,0,Dark,761601,0,0,0,2,0,0,0,0,2,,0,0,Auckland Region,Nil,2-way,Sealed,0,0,0,0,50,0,On,0,0,,76,Auckland,Nil,0,0,0,0,0,0,Urban,1,0,0,Fine,Null
1759348.6874,5918703.3031,877607,,515901,1,,0,0,,Null,2022/2023,BRIGHTON ROAD,AYR STREET,,Serious Crash,No,2023,,South,,0,,Hill Road,,,,,,Dark,456900,0,0,0,3,,,0,,,,,,Auckland Region,Nil,2-way,Sealed,,0,1,,50,,On,0,0,,76,Auckland,Give way,,,,,0,0,Urban,1,,,Fine,Null
1759925.0688,5916901.6473,877618,,516102,0,,0,1,,West,2023/2024,REMUERA ROAD,ARMADALE ROAD,,Non-Injury Crash,No,2023,,East,,0,,Flat,,,,,,Overcast,485100,0,0,0,4,,,0,,,,,,Auckland Region,Nil,2-way,Sealed,,0,0,,50,,Off,0,0,,76,Auckland,Nil,,,,,0,0,Urban,1,,,Fine,Null
1751174.972,5915481.4443,877619,,514401,0,,1,1,,Null,2022/2023,ROSEBANK ROAD,GREAT NORTH ROAD,,Non-Injury Crash,No,2023,,West,,0,,Flat,,,,,,Bright sun,382200,0,0,0,4,,,0,,,,,,Auckland Region,Nil,2-way,Sealed,,0,0,,50,,Off,0,0,,76,Auckland,Traffic Signals,,,,,0,0,Urban,0,,,Fine,Null
1768789.9032,5914122.479,877620,,522723,0,,0,1,,Null,2023/2024,PAKURANGA ROAD,CASCADES ROAD,,Non-Injury Crash,No,2024,,South,,0,,Flat,,,,,,Dark,681400,0,0,1,3,,,0,,,,,,Auckland Region,Nil,2-way,Sealed,,0,0,,50,,On,0,0,,76,Auckland,Traffic Signals,,,,,0,0,Urban,0,,,Fine,Null
1774028.6079,5897532.5448,877622,,525630,0,,0,1,,Null,2023/2024,COSGRAVE ROAD,OLD WAIROA ROAD,,Minor Crash,No,2024,,North,,0,,Flat,,,,,,Overcast,795802,1,0,0,2,,,0,,,,,,Auckland Region,Nil,2-way,Sealed,,0,0,,50,,Off,1,0,,76,Auckland,Stop,,,,,0,0,Urban,1,,,Fine,Null
1751728.2991,5917939.3226,877630,,515001,0,,0,0,,West,2023/2024,NORTH-WESTERN MOTORWAY,GT NORTH OBR,,Non-Injury Crash,Yes,2024,,East,,0,,Flat,,,,,,Overcast,392200,0,0,0,3,,,0,,,,,,Auckland Region,Nil,1-way,Sealed,,0,0,,100,,Off,1,0,,76,Auckland,Nil,,,,,1,0,Open,0,,,Light rain,Null
1749452.0179,5913901.6642,877640,,511303,0,,0,1,,Null,2024/2025,GREAT NORTH ROAD,TITIRANGI ROAD,,Minor Crash,No,2024,,West,,0,,Hill Road,,Christmas New Year,,,,Bright sun,264901,2,0,0,1,,,0,,,1,,,Auckland Region,Nil,1-way,Sealed,,0,0,,50,,None,0,0,,76,Auckland,Traffic Signals,,,,,0,0,Urban,0,,,Fine,Null
1773533.5567,5901981.7711,877642,,523813,0,0,0,0,0,North,2023/2024,ALFRISTON ROAD,MILL ROAD,,Non-Injury Crash,No,2023,0,South,0,0,0,Flat,0,,0,,0,Dark,761000,0,0,0,2,0,0,0,0,0,,0,1,Auckland Region,Nil,2-way,Sealed,0,0,0,0,80,0,On,0,0,,76,Auckland,Nil,0,1,0,0,1,0,Open,0,0,0,Light rain,Null
1756088.4306,5923664.4681,877650,,509800,0,,0,2,,North,2023/2024,NORTHERN MOTORWAY,HARBOUR BR N,,Non-Injury Crash,Yes,2024,,South,,0,,Flat,,,,,,Twilight,359100,0,0,0,5,,,0,,,,,,Auckland Region,Nil,1-way,Sealed,,0,0,,80,,On,0,0,,76,Auckland,Nil,,,,,0,0,Open,0,,,Fine,Null
1765514.9857,5917723.6948,877656,,517001,0,0,0,3,0,Null,2024/2025,MERFIELD STREET,TORRINGTON CRESCENT,,Non-Injury Crash,No,2024,0,West,0,0,0,Hill Road,0,,0,,0,Dark,470700,0,0,0,2,0,0,0,0,2,,0,0,Auckland Region,Nil,2-way,Sealed,0,0,0,0,50,0,On,0,0,,76,Auckland,Nil,0,0,0,0,0,0,Urban,0,0,0,Heavy rain,Null
1764168.9499,5909601.3064,877668,,521901,0,0,0,1,0,North,2023/2024,QUEEN STREET,PARK AVENUE,,Non-Injury Crash,No,2023,0,North,0,0,0,Flat,0,,0,,0,Unknown,784500,0,0,0,2,0,0,0,0,1,,0,0,Auckland Region,Nil,2-way,Sealed,0,0,0,0,50,0,On,1,0,,76,Auckland,Nil,0,0,0,0,0,0,Urban,0,0,0,Fine,None
1755401.8506,5913279.4167,877671,,518803,0,0,0,1,0,West,2022/2023,SOUTH-WESTERN MOTORWAY,KEITH HAY PARK FTBR,,Minor Crash,Yes,2023,0,West,0,0,0,Flat,1,,0,,0,Dark,582700,2,0,0,4,0,0,0,0,0,,0,0,Auckland Region,Motorway ramp,2-way,Sealed,0,0,0,0,100,0,On,0,0,80,76,Auckland,Nil,0,0,0,0,0,0,Open,0,0,0,Light rain,Null
1759707.2029,5908711.5273,877672,,524121,0,,0,2,,East,2023/2024,WALMSLEY ROAD,HALL AVENUE,,Non-Injury Crash,No,2024,,West,,0,,Flat,,,,,,Overcast,737000,0,0,0,2,,,0,,,,,,Auckland Region,Nil,2-way,Sealed,,0,0,,60,,Off,0,0,,76,Auckland,Nil,,,,,0,0,Urban,0,,,Fine,None
1759541.8684,5917256.7017,877678,,516102,0,0,0,2,0,Null,2024/2025,WESTBURY CRESCENT,WESTBOURNE ROAD,,Non-Injury Crash,No,2024,0,North,0,0,0,Hill Road,0,,0,,0,Dark,484900,0,0,0,2,0,0,0,0,1,,0,0,Auckland Region,Nil,2-way,Sealed,0,0,0,0,50,0,On,0,0,,76,Auckland,Give way,0,0,0,0,0,0,Urban,0,0,0,Fine,Null
1770896.8802,5898685.7637,877680,,523912,0,0,0,0,0,East,2024/2025,TAKA STREET,TAKANINI ROAD,,Non-Injury Crash,No,2024,0,West,0,0,0,Flat,0,,0,,0,Dark,767701,0,0,0,2,0,1,0,0,0,,0,0,Auckland Region,Rail xing,2-way,Sealed,0,0,0,0,50,0,On,0,0,,76,Auckland,Nil,0,0,0,0,1,0,Urban,0,0,0,Fine,Null
1757139.6639,5921039.4779,877682,,514101,0,,0,1,,Null,2024/2025,CUSTOMS STREET WEST,MARKET LANE,,Minor Crash,No,2025,,West,,0,,Flat,,,,,,Twilight,433001,1,0,0,2,,,0,,,1,,,Auckland Region,Nil,2-way,Sealed,,0,0,,30,,None,0,0,,76,Auckland,Nil,,,,,0,0,Urban,0,,,Light rain,Null
1745271.8056,5934033.5258,877683,55,506653,0,,0,0,,North,2023/2024,COATESVILLE-RIVERHEAD HIGHWAY,TAYLORS BR,,Minor Crash,No,2024,,South,,0,,Hill Road,,,,,,Overcast,217201,1,0,0,2,,,0,,,,,,Auckland Region,Nil,2-way,Sealed,,0,0,,60,,None,1,0,,76,Auckland,Nil,,,,,0,0,Urban,1,,,Light rain,Null
1755278.0637,5934984.0095,877684,,507102,0,0,0,3,0,South,2024/2025,GLENCOE ROAD,NIGEL ROAD,,Non-Injury Crash,No,2024,0,South,0,0,0,Flat,0,Labour Weekend,1,,0,Dark,158400,0,0,0,2,0,0,0,0,2,,0,0,Auckland Region,Nil,2-way,Sealed,0,0,0,0,50,0,On,0,0,,76,Auckland,Nil,0,0,0,0,0,0,Urban,0,0,0,Fine,Null
1765850.9962,5908287.9332,877690,,523402,0,,0,0,,Null,2024/2025,BAIRDS ROAD,HELLABYS ROAD,,Minor Crash,No,2025,,West,,0,,Flat,,,,,,Bright sun,698900,1,0,0,4,,,0,,,,,,Auckland Region,Nil,2-way,Sealed,,0,0,,50,,Off,1,0,,76,Auckland,Traffic Signals,,,,,0,0,Urban,1,,,Fine,Null
1756011.7565,5927980.202,877696,,507900,0,,0,0,,South,2023/2024,NORTHERN MOTORWAY,WAIRAU OBR,,Non-Injury Crash,Yes,2024,,North,,0,,Flat,,,,,,Overcast,305201,0,0,0,4,,,0,,,,,,Auckland Region,Nil,1-way,Sealed,,0,0,,100,,On,2,0,,76,Auckland,Nil,,,,,0,0,Open,0,,,Fine,Null