X,Y,OBJECTID,advisorySpeed,areaUnitID,bicycle,bridge,bus,carStationWagon,cliffBank,crashDirectionDescription,crashFinancialYear,crashLocation1,crashLocation2,crashRoadSideRoad,crashSeverity,crashSHDescription,crashYear,debris,directionRoleDescription,ditch,fatalCount,fence,flatHill,guardRail,holiday,houseOrBuilding,intersection,kerb,light,meshblockId,minorInjuryCount,moped,motorcycle,NumberOfLanes,objectThrownOrDropped,otherObject,otherVehicleType,overBank,parkedVehicle,pedestrian,phoneBoxEtc,postOrPole,region,roadCharacter,roadLane,roadSurface,roadworks,schoolBus,seriousInjuryCount,slipOrFlood,speedLimit,strayAnimal,streetLight,suv,taxi,temporarySpeedLimit,tlaId,tlaName,trafficControl,trafficIsland,trafficSign,train,tree,truck,unknownVehicleType,urban,vanOrUtility,vehicle,waterRiver,weatherA,weatherB
1748098.1874,5964551.2772,877699,,506613,0,0,0,1,0,South,2022/2023,SH 1,BARKERS BR,,Non-Injury Crash,No,2023,0,South,1,0,0,Hill Road,0,,0,,0,Overcast,146005,0,0,0,3,0,0,0,0,0,,0,0,Auckland Region,Nil,2-way,Sealed,0,0,0,0,80,0,None,0,0,,76,Auckland,Nil,0,0,0,0,0,0,Open,0,0,0,Light rain,Null
1746166.3128,5969326.6284,877702,,506613,0,0,0,1,0,South,2024/2025,NORTHERN MOTORWAY,OLD SH 1,,Non-Injury Crash,Yes,2024,0,North,0,0,0,Flat,1,,0,,0,Dark,145900,0,0,0,2,0,0,0,0,0,,0,0,Auckland Region,Nil,1-way,Sealed,0,0,0,0,100,0,On,0,0,,76,Auckland,Nil,0,0,0,0,0,0,Open,0,0,0,Fine,Null
1773400.2063,5895964.8703,877713,,525410,0,,0,2,,Null,2022/2023,MARNE ROAD,ONSLOW ROAD,,Non-Injury Crash,No,2023,,South,,0,,Flat,,,,,,Overcast,793100,0,0,0,2,,,0,,,,,,Auckland Region,Nil,1-way,Sealed,,0,0,,50,,Off,0,0,,76,Auckland,Stop,,,,,0,0,Urban,0,,,Fine,Null
1759826.4733,5915891.3485,877716,,516002,0,,0,0,,Null,2024/2025,OFF ROAD COUNTDOWN CARPARK,,,Fatal Crash,No,2025,,North,,1,,Flat,,,,,,Bright sun,494100,0,0,0,,,,0,,,1,,,Auckland Region,Nil,Off road,Sealed,,0,0,,10,,None,1,0,,76,Auckland,Nil,,,,,0,0,Urban,0,,,Fine,Strong wind
1765253.8482,5915483.9898,877727,45,520301,0,0,0,2,0,West,2023/2024,JELLICOE ROAD,PILKINGTON ROAD,,Minor Crash,No,2023,0,West,0,0,0,Flat,0,,0,,0,Bright sun,627900,1,0,0,2,0,0,0,0,0,,0,1,Auckland Region,Nil,2-way,Sealed,0,0,0,0,50,0,None,0,0,40,76,Auckland,Nil,0,0,0,0,0,0,Urban,0,0,0,Fine,Null
1763726.8208,5912631.0653,877728,,520500,0,,0,1,,East,2024/2025,SOUTHERN MOTORWAY,MOUNT WELLINGTON HWY ON RAMP,,Non-Injury Crash,Yes,2024,,North,,0,,Null,,,,,,Unknown,637300,0,0,1,2,,,0,,,,,,Auckland Region,Nil,1-way,Null,,0,0,,100,,Null,0,0,,76,Auckland,Nil,,,,,0,0,Open,0,,,Null,Null
1755762.7524,5918385.454,877732,,515500,0,,0,1,,East,2024/2025,NORTH-WESTERN MOTORWAY,BOND OBR,,Non-Injury Crash,Yes,2024,,East,,0,,Flat,,,,,,Dark,418500,0,0,0,4,,,0,,,,,,Auckland Region,Nil,1-way,Sealed,,0,0,,80,,On,0,0,,76,Auckland,Nil,,,,,0,0,Open,0,,,Fine,Null
1758289.9468,5913449.1335,877737,,519710,0,0,0,1,0,East,2023/2024,CAMPBELL ROAD,MANUKAU ROAD,,Serious Crash,No,2023,0,East,0,0,0,Flat,0,,0,,0,Overcast,594701,0,0,0,2,0,0,0,0,0,,0,0,Auckland Region,Nil,2-way,Sealed,0,0,1,0,50,0,Off,0,0,,76,Auckland,Nil,0,1,0,0,0,0,Urban,1,0,0,Fine,Null
1757688.0358,5930590.6788,877739,,507710,0,0,0,1,0,North,2022/2023,BEACH ROAD,CASTOR BAY ROAD,,Non-Injury Crash,No,2023,0,North,0,0,1,Hill Road,0,Christmas New Year,0,,0,Bright sun,314500,0,0,0,2,0,0,0,0,0,,0,0,Auckland Region,Nil,2-way,Sealed,0,0,0,0,50,0,Off,1,0,,76,Auckland,Nil,0,0,0,0,0,0,Urban,0,0,0,Fine,Null
1756820.1131,5919467.6186,877740,,514102,0,,0,6,,Null,2023/2024,KARANGAHAPE ROAD,MERCURY LANE,,Non-Injury Crash,No,2024,,East,,0,,Flat,,,,,,Dark,435700,0,0,0,4,,,0,,,,,,Auckland Region,Nil,2-way,Sealed,,0,0,,30,,On,1,5,,76,Auckland,Traffic Signals,,,,,0,0,Urban,0,,,Fine,Null
1743669.1758,5919359.0037,877741,45,513213,0,,1,0,,Null,2022/2023,SWANSON ROAD,UNIVERSAL DRIVE,,Non-Injury Crash,No,2023,,North,,0,,Flat,,,,,,Overcast,235802,0,0,0,2,,,0,,,,,,Auckland Region,Nil,1-way,Sealed,,0,0,,50,,Off,0,0,,76,Auckland,Give way,,,,,0,0,Urban,1,,,Light rain,Null
1768188.5398,5907912.7464,877742,,523502,0,0,0,2,0,Null,2023/2024,EAST TAMAKI ROAD,EAST TAMAKI ROAD,,Non-Injury Crash,No,2024,0,South,0,0,1,Flat,0,,0,,0,Overcast,703800,0,0,0,4,0,0,0,0,0,,0,0,Auckland Region,Nil,2-way,Sealed,0,0,0,0,50,0,Off,0,0,,76,Auckland,Nil,0,0,0,0,0,0,Urban,0,0,0,Fine,Null
1756596.7182,5926805.3626,877748,,507900,0,,0,1,,South,2023/2024,NORTHERN MOTORWAY,NORTHCOTE ROAD ON RAMP,,Non-Injury Crash,Yes,2024,,South,,0,,Flat,,,,,,Dark,303902,0,0,0,3,,,0,,,,,,Auckland Region,Nil,1-way,Sealed,,0,0,,100,,On,0,0,,76,Auckland,Nil,,,,,1,0,Open,0,,,Fine,Null
1764123.1485,5909795.8962,877752,,521901,0,0,0,1,0,South,2023/2024,GREAT SOUTH ROAD,AVENUE ROAD,,Non-Injury Crash,No,2024,0,South,0,0,0,Flat,0,,0,,0,Bright sun,784000,0,0,0,2,0,0,0,0,1,,0,0,Auckland Region,Nil,2-way,Sealed,0,0,0,0,30,0,None,0,0,,76,Auckland,Nil,0,0,0,0,0,0,Urban,1,0,0,Fine,None
1759512.9228,5908918.2811,877754,,524002,0,,0,1,,North,2024/2025,CORONATION ROAD,CORONATION ROAD ON RAMP,,Non-Injury Crash,No,2024,,South,,0,,Null,,,,,,Twilight,724101,0,0,0,1,,,0,,,,,,Auckland Region,Nil,1-way,Null,,0,0,,60,,Null,1,0,,76,Auckland,Nil,,,,,0,0,Urban,0,,,Null,Null
1757668.669,5918328.4678,877756,,514302,0,,0,2,,South,2023/2024,SOUTHERN MOTORWAY,KHYBER PASS ROAD ON RAMP,,Minor Crash,Yes,2024,,South,,0,,Flat,,,,,,Twilight,442100,3,0,0,5,,,0,,,,,,Auckland Region,Nil,1-way,Sealed,,0,0,,80,,On,0,0,,76,Auckland,Nil,,,,,0,0,Open,0,,,Fine,Null
1755112.3565,5931504.9321,877758,,508520,0,0,0,1,0,North,2024/2025,SUNSET ROAD,JUNIPER ROAD,,Minor Crash,No,2025,0,North,0,0,1,Flat,0,,1,,0,Overcast,189703,1,0,0,2,0,0,0,0,0,,1,0,Auckland Region,Nil,2-way,Sealed,0,0,0,0,50,0,Off,0,0,,76,Auckland,Nil,0,0,0,0,0,0,Urban,0,0,0,Fine,Null
1760406.2054,5907068.6377,877762,,524112,0,,0,1,,Null,2024/2025,MASCOT AVENUE,BADER DRIVE,,Non-Injury Crash,No,2024,,South,,0,,Flat,,,,,,Bright sun,737500,0,0,0,1,,,0,,,,,,Auckland Region,Nil,1-way,Sealed,,0,0,,30,,On,1,0,,76,Auckland,Give way,,,,,0,0,Urban,0,,,Fine,None
1767200.0579,5905565.4274,877772,,522302,0,,0,0,,Null,2022/2023,REAGAN ROAD,ALBERT ROAD,,Non-Injury Crash,No,2023,,East,,0,,Flat,,,,,,Dark,670700,0,0,0,3,,,0,,,,,,Auckland Region,Nil,2-way,Sealed,,0,0,,50,,On,1,0,,76,Auckland,Give way,,,,,0,0,Urban,1,,,Fine,None
1770170.5577,5916684.3239,877776,,522604,0,0,0,1,0,Null,2023/2024,MANDER PLACE,WELLS ROAD,,Non-Injury Crash,No,2023,0,South,0,0,0,Hill Road,0,,0,,0,Dark,677400,0,0,0,2,0,0,0,0,1,,0,0,Auckland Region,Nil,2-way,Sealed,0,0,0,0,50,0,On,0,0,,76,Auckland,Nil,0,0,0,0,1,0,Urban,0,0,0,Fine,Null
1759214.2826,5903430.9169,877779,,524200,0,,0,0,,Null,2022/2023,GEORGE BOLT MEMORIAL DRIVE,TOM PEARCE DRIVE,,Minor Crash,No,2023,,South,,0,,Flat,,,,,,Bright sun,727200,3,0,0,4,,,0,,,,,,Auckland Region,Nil,2-way,Sealed,,0,0,,50,,Off,0,0,,76,Auckland,Traffic Signals,,,,,0,0,Urban,2,,,Fine,Null
1759204.6806,5903423.054,877784,,524200,0,,0,2,,Null,2023/2024,GEORGE BOLT MEMORIAL DRIVE,TOM PEARCE DRIVE,,Non-Injury Crash,No,2024,,North,,0,,Flat,,,,,,Twilight,727200,0,0,0,3,,,0,,,,,,Auckland Region,Nil,1-way,Sealed,,0,0,,50,,On,0,0,,76,Auckland,Traffic Signals,,,,,0,0,Urban,0,,,Fine,Null
1756196.6695,5917947.0082,877788,,518101,0,,0,2,,Null,2024/2025,DOMINION ROAD,TAWARI STREET,,Minor Crash,No,2024,,North,,0,,Flat,,,,,,Bright sun,544800,1,0,0,4,,,0,,,,,,Auckland Region,Nil,2-way,Sealed,,0,0,,50,,Off,0,0,,76,Auckland,Stop,,,,,0,0,Urban,0,,,Fine,Null
1766947.0541,5903724.2592,877794,,524604,0,,0,2,,Null,2022/2023,LAMBIE DRIVE,WIRI STATION ROAD,,Non-Injury Crash,No,2023,,South,,0,,Flat,,,,,,Overcast,780210,0,0,0,3,,,0,,,,,,Auckland Region,Nil,2-way,Sealed,,0,0,,50,,Off,0,0,,76,Auckland,Traffic Signals,,,,,1,0,Urban,0,,,Light rain,None
1757528.7709,5912936.4961,877796,,518702,0,0,0,0,0,Null,2024/2025,QUEENSTOWN ROAD,HERD ROAD,,Minor Crash,No,2024,0,North,0,0,1,Hill Road,0,,0,,0,Overcast,570500,1,0,0,4,0,0,0,0,0,,0,0,Auckland Region,Nil,2-way,Sealed,0,0,0,0,50,0,Off,1,0,,76,Auckland,Traffic Signals,0,1,0,0,0,0,Urban,0,0,0,Fine,Null
1757733.8194,5905328.6907,877800,,524200,1,,0,1,,South,2024/2025,PAVILION DRIVE,MONTGOMERIE ROAD,,Minor Crash,No,2024,,West,,0,,Flat,,,,,,Bright sun,726500,1,0,0,2,,,0,,,,,,Auckland Region,Nil,2-way,Sealed,,0,0,,50,,Off,0,0,,76,Auckland,Nil,,,,,0,0,Urban,0,,,Fine,Null
1769900.9648,5900252.7502,877808,,523817,0,,0,1,,North,2024/2025,SOUTHERN MOTORWAY,PAPAKURA STM BR,,Minor Crash,Yes,2024,,South,,0,,Flat,,,,,,Dark,759737,1,0,0,3,,,0,,,,,,Auckland Region,Nil,1-way,Sealed,,0,0,,100,,On,1,0,,76,Auckland,Nil,,,,,0,0,Open,0,,,Fine,Null
1768109.9377,5885281.4535,877814,,521111,0,,0,2,,North,2023/2024,PAERATA ROAD,CROWN ROAD,,Non-Injury Crash,Yes,2024,,North,,0,,Flat,,,,,,Dark,813601,0,0,0,2,,,0,,,,,,Auckland Region,Nil,2-way,Sealed,,0,0,,60,,On,0,0,,76,Auckland,Nil,,,,,0,0,Urban,0,,,Fine,Null
1765719.2844,5911704.2286,877816,,520500,0,,0,1,,North,2023/2024,JOLSON ROAD,TUAPAPA WAY,,Non-Injury Crash,No,2024,,North,,0,,Flat,,,,,,Twilight,634900,0,0,0,2,,,0,,,,,,Auckland Region,Nil,2-way,Sealed,,0,0,,50,,Off,1,0,,76,Auckland,Nil,,,,,0,0,Urban,0,,,Fine,Null
1735912.7994,5929854.1338,877834,,505605,0,,0,2,,East,2023/2024,SH 16,MATUA ROAD,,Non-Injury Crash,Yes,2024,,West,,0,,Flat,,Easter,,,,Bright sun,214700,0,0,0,2,,,0,,,,,,Auckland Region,Nil,2-way,Sealed,,0,0,,80,,Off,0,0,60,76,Auckland,Nil,,,,,0,0,Open,0,,,Fine,Null
1767684.2799,5907720.9189,877838,,523502,0,,0,1,,Null,2023/2024,EAST TAMAKI ROAD,HILLS ROAD,,Non-Injury Crash,No,2024,,North,,0,,Null,,,,,,Unknown,701900,0,0,0,2,,,0,,,,,,Auckland Region,Nil,1-way,Null,,0,0,,50,,Null,1,0,,76,Auckland,Traffic Signals,,,,,0,0,Urban,0,,,Null,Null
1764800.7987,5903718.8504,877840,,524604,0,0,0,1,0,Null,2023/2024,CAVENDISH DRIVE OFF RAMP,ROSCOMMON ROAD,,Non-Injury Crash,No,2024,0,West,0,0,0,Flat,0,,0,,0,Dark,781200,0,0,0,3,0,0,0,0,0,,0,0,Auckland Region,Motorway ramp,1-way,Sealed,0,0,0,0,50,0,On,0,0,,76,Auckland,Traffic Signals,0,1,0,0,0,0,Urban,0,0,0,Fine,Null
1772214.868,5893739.042,877846,,521201,0,,0,2,,North,2024/2025,SOUTHERN MOTORWAY,PARK ESTATE OBR,,Minor Crash,Yes,2025,,South,,0,,Flat,,,,,,Dark,806800,2,0,0,2,,,0,,,,,,Auckland Region,Nil,1-way,Sealed,,0,0,,100,,On,0,0,80,76,Auckland,Nil,,,,,0,0,Open,0,,,Fine,Null
1769448.4113,5902127.8655,877851,,524901,0,,0,2,,North,2022/2023,SOUTHERN MOTORWAY,HILL OBR,,Minor Crash,Yes,2023,,North,,0,,Flat,,Easter,,,,Bright sun,755600,1,0,0,3,,,0,,,,,,Auckland Region,Nil,1-way,Sealed,,0,0,,100,,Off,1,0,,76,Auckland,Nil,,,,,0,0,Open,0,,,Fine,Null
1752075.535,5914676.1314,877852,,514402,0,0,0,2,0,East,2025/2026,NEW WINDSOR ROAD,BENTLEIGH AVENUE,,Minor Crash,No,2025,0,East,0,0,0,Flat,0,,0,,0,Twilight,380800,1,0,0,2,0,0,0,0,1,,0,0,Auckland Region,Nil,2-way,Sealed,0,0,0,0,50,0,Off,0,0,,76,Auckland,Nil,0,0,0,0,0,0,Urban,0,0,0,Fine,Null
1764029.6092,5907189.6483,877853,,522201,0,0,0,2,0,South,2022/2023,SWAFFIELD ROAD,MIDDLEMORE CRESCENT,,Minor Crash,No,2023,0,North,0,0,0,Flat,0,,0,,0,Dark,660600,1,0,0,2,0,0,0,0,1,,0,0,Auckland Region,Nil,2-way,Sealed,0,0,0,0,50,0,On,0,0,,76,Auckland,Nil,0,0,0,0,0,0,Urban,0,0,0,Light rain,Null
1771187.1434,5900462.5751,877856,,523817,0,0,0,1,0,North,2024/2025,PORCHESTER ROAD,SHERIFF PLACE,,Non-Injury Crash,No,2024,0,North,0,0,1,Flat,0,,0,,0,Bright sun,759733,0,0,0,2,0,0,0,0,0,,0,0,Auckland Region,Nil,2-way,Sealed,0,0,0,0,60,0,Off,0,0,,76,Auckland,Nil,0,0,0,0,0,0,Urban,0,0,0,Fine,Null
1751586.4388,5914546.3895,877873,,514402,0,0,0,2,0,South,2022/2023,BLOCKHOUSE BAY ROAD,ACTON PLACE,,Non-Injury Crash,No,2023,0,South,0,0,0,Hill Road,0,,0,,0,Overcast,380503,0,0,0,2,0,0,0,0,0,,0,1,Auckland Region,Nil,2-way,Sealed,0,0,0,0,50,0,Off,0,0,,76,Auckland,Nil,0,0,0,0,0,0,Urban,0,0,0,Heavy rain,Strong wind
1753404.5989,5913174.8079,877878,,518901,0,0,0,2,0,Null,2023/2024,ELLIS AVENUE,SUBRITZKY AVENUE,,Non-Injury Crash,No,2024,0,North,0,0,0,Hill Road,0,,0,,1,Dark,584200,0,0,0,2,0,0,0,0,1,,0,1,Auckland Region,Nil,2-way,Sealed,0,0,0,0,50,0,On,2,0,,76,Auckland,Give way,0,0,0,0,0,0,Urban,0,0,0,Light rain,Null
1762865.4345,5907278.5783,877889,,524301,0,0,0,1,0,West,2022/2023,HAIN AVENUE,CALVERT AVENUE,,Minor Crash,No,2023,0,West,0,0,1,Flat,0,,0,,0,Dark,747700,1,0,0,2,0,0,0,0,0,,0,0,Auckland Region,Nil,2-way,Sealed,0,0,0,0,50,0,On,0,0,,76,Auckland,Nil,0,0,0,1,0,0,Urban,0,0,0,Fine,Null
1755607.3044,5915840.4878,877890,,518301,0,0,0,1,0,Null,2023/2024,DOMINION ROAD,CARMEN AVENUE,,Non-Injury Crash,No,2024,0,North,0,0,0,Flat,0,,1,,0,Dark,554000,0,0,0,2,0,0,0,0,0,,1,0,Auckland Region,Nil,2-way,Unsealed,0,0,0,0,50,0,On,0,0,40,76,Auckland,Give way,0,0,0,1,0,0,Urban,0,0,0,Fine,Null
1744155.8926,5923570.0342,877900,,513521,0,,0,2,,North,2023/2024,HOBSONVILLE ROAD ON RAMP,NORTH-WESTERN MOTORWAY,,Non-Injury Crash,No,2024,,South,,0,,Flat,,,,,,Twilight,224232,0,0,0,3,,,0,,,,,,Auckland Region,Nil,1-way,Sealed,,0,0,,100,,On,0,0,,76,Auckland,Nil,,,,,0,0,Open,0,,,Fine,Null
1757994.8472,5927267.2792,877912,,508010,0,,0,1,,Null,2024/2025,LAKE ROAD,ANZAC STREET,,Minor Crash,No,2024,,West,,0,,Flat,,,,,,Bright sun,327600,1,0,0,2,,,0,,,1,,,Auckland Region,Nil,2-way,Sealed,,0,0,,50,,Off,0,0,,76,Auckland,Give way,,,,,0,0,Urban,0,,,Fine,Null
1767820.0511,5904777.9044,877917,,524604,0,0,0,1,0,Null,2022/2023,SOUTHERN MOTORWAY,REDOUBT ROAD ON RAMP,,Fatal Crash,Yes,2023,0,North,0,1,0,Flat,0,,0,,0,Dark,780302,0,0,0,3,0,1,0,0,0,1,0,0,Auckland Region,Motorway ramp,1-way,Sealed,0,0,0,0,100,0,On,0,0,,76,Auckland,Nil,0,0,0,0,0,0,Open,0,0,0,Fine,Null
1759670.6105,5907894.0289,877919,,524122,0,0,0,1,0,South,2022/2023,BADER DRIVE,ELMDON STREET,,Non-Injury Crash,No,2023,0,North,0,0,0,Flat,0,,0,,0,Overcast,737802,0,0,0,2,0,0,0,0,0,,0,1,Auckland Region,Nil,2-way,Sealed,0,0,0,0,50,0,Off,0,0,,76,Auckland,Nil,0,0,0,0,0,0,Urban,0,0,0,Fine,Null
1745254.3136,5917328.9468,877920,,510800,0,,0,2,,West,2024/2025,HENDERSON VALLEY ROAD,STEVIES LANE,,Minor Crash,No,2025,,South,,0,,Flat,,,,,,Overcast,241500,1,0,0,3,,,0,,,,,,Auckland Region,Nil,2-way,Sealed,,0,0,,50,,Off,0,0,,76,Auckland,Nil,,,,,0,0,Urban,0,,,Fine,Null
1751542.273,5933803.5969,877922,,508701,0,,0,1,,South,2023/2024,ALBANY HIGHWAY,LIBRARY LANE,,Minor Crash,No,2024,,North,,0,,Flat,,,,,,Dark,178800,1,0,0,4,,,0,,,,,,Auckland Region,Nil,2-way,Sealed,,0,0,,50,,On,1,0,,76,Auckland,Nil,,,,,0,0,Urban,0,,,Fine,Null
1764256.7188,5912925.9533,877924,,520500,0,,0,1,,West,2022/2023,SOUTH-EASTERN HIGHWAY,CARBINE ROAD,,Non-Injury Crash,No,2023,,West,,0,,Hill Road,,,,,,Bright sun,639100,0,0,0,2,,,0,,,,,,Auckland Region,Nil,1-way,Sealed,,0,0,,80,,Off,0,0,,76,Auckland,Traffic Signals,,,,,0,1,Open,0,,,Fine,None
1761392.5489,5914841.6967,877932,,520201,0,0,0,0,0,East,2023/2024,MAIN HIGHWAY,RAMSGATE STREET,,Non-Injury Crash,No,2023,0,East,0,0,0,Flat,0,,0,,0,Bright sun,611300,0,0,0,2,0,0,0,0,1,,0,0,Auckland Region,Nil,2-way,Sealed,0,0,0,0,50,0,Off,1,0,,76,Auckland,Nil,0,0,0,0,0,1,Urban,1,0,0,Fine,None
1751807.1683,5930301.8693,877933,,509100,0,0,0,0,0,North,2023/2024,UPPER HARBOUR MOTORWAY,PICNIC ACCESS NO 1 ROAD,,Minor Crash,Yes,2023,0,South,0,0,0,Hill Road,1,,0,,0,Twilight,181004,1,0,1,2,0,0,0,0,0,,0,0,Auckland Region,Motorway ramp,1-way,Sealed,0,0,0,0,100,0,Off,0,0,,76,Auckland,Nil,0,0,0,0,0,0,Open,1,0,0,Fine,Null
1756386.6952,5920013.0613,877935,,514000,0,,0,0,,Null,2023/2024,WELLINGTON STREET,HOWE STREET,,Minor Crash,No,2024,,West,,0,,Hill Road,,,,,,Overcast,413100,1,0,0,2,,,0,,,1,,,Auckland Region,Nil,2-way,Sealed,,0,0,,50,,None,0,0,,76,Auckland,Give way,,,,,0,1,Urban,1,,,Light rain,Null
1745299.2866,5923665.2736,877936,,513521,0,,0,1,,South,2024/2025,RENA PLACE,MOIRE ROAD,,Minor Crash,No,2024,,North,,0,,Hill Road,,,,,,Overcast,224216,3,0,0,2,,,0,,,,,,Auckland Region,Nil,2-way,Sealed,,0,0,,50,,Off,1,0,,76,Auckland,Nil,,,,,0,0,Urban,0,,,Fine,Null
1767547.9001,5905486.5927,877940,,524603,0,,0,2,,North,2023/2024,SOUTHERN MOTORWAY,TE IRIRANGI DRIVE ON RAMP,,Non-Injury Crash,Yes,2024,,North,,0,,Flat,,,,,,Overcast,780303,0,0,0,3,,,0,,,,,,Auckland Region,Nil,1-way,Sealed,,0,0,,100,,Off,0,0,,76,Auckland,Nil,,,,,0,0,Open,0,,,Fine,Strong wind
1753657.9297,5930061.6659,877947,,508420,0,,0,1,,Null,2023/2024,SUNSET ROAD,TENBLESS COURT,,Minor Crash,No,2023,,South,,0,,Flat,,,,,,Overcast,182709,1,0,0,2,,,0,,,,,,Auckland Region,Nil,2-way,Sealed,,0,0,,50,,Off,0,0,,76,Auckland,Give way,,,,,0,0,Urban,1,,,Fine,Null
1769328.4183,5892846.8842,877948,55,521202,0,0,0,1,0,South,2024/2025,WALTERS ROAD,LINWOOD ROAD,,Non-Injury Crash,No,2024,0,South,0,0,1,Hill Road,0,,0,,0,Overcast,807000,0,0,0,2,0,0,0,0,0,,0,0,Auckland Region,Nil,2-way,Sealed,0,0,0,0,80,0,None,0,0,,76,Auckland,Nil,0,0,0,0,0,0,Open,0,0,0,Fine,Null
1772926.1611,5891498.5203,877950,,521301,0,0,0,0,0,North,2024/2025,SOUTHERN MOTORWAY,KARAKA OBR,,Minor Crash,Yes,2025,0,North,0,0,0,Flat,1,,0,,0,Bright sun,808701,1,0,0,2,0,0,0,0,0,,0,0,Auckland Region,Nil,1-way,Sealed,0,0,0,0,100,0,Off,1,0,,76,Auckland,Nil,0,0,0,0,1,0,Open,0,0,0,Fine,Null
1761358.9871,5914251.6568,877951,,520202,0,,0,2,,Null,2023/2024,ELLERSLIE-PANMURE HIGHWAY,ELLERSLIE-PANMURE HWY ON RAMP,,Non-Injury Crash,No,2023,,North,,0,,Flat,,,,,,Bright sun,612300,0,0,0,2,,,0,,,,,,Auckland Region,Motorway ramp,1-way,Sealed,,0,0,,50,,Off,0,0,,76,Auckland,Give way,,,,,0,0,Urban,0,,,Fine,Null
1761185.5723,5916651.5847,877952,,516003,0,,0,2,,Null,2023/2024,REMUERA ROAD,LADIES MILE,,Non-Injury Crash,No,2023,,West,,0,,Flat,,,,,,Overcast,494300,0,0,0,4,,,0,,,,,,Auckland Region,Nil,2-way,Sealed,,0,0,,50,,Off,0,0,,76,Auckland,Traffic Signals,,,,,0,0,Urban,0,,,Fine,None
1756437.7739,5913741.4354,877958,,518701,0,,0,2,,Null,2023/2024,MOUNT ALBERT ROAD,PLAZA DRIVE,,Non-Injury Crash,No,2024,,West,,0,,Flat,,,,,,Bright sun,568200,0,0,0,2,,,0,,,,,,Auckland Region,Nil,2-way,Sealed,,0,0,,50,,Off,0,0,,76,Auckland,Nil,,,,,0,0,Urban,0,,,Fine,None
1746148.1872,5926008.4066,877962,,513431,0,,0,1,,Null,2024/2025,BRIGHAM CREEK ROAD,BRIGHAM CREEK ROAD ON RAMP,,Minor Crash,No,2025,,South,,0,,Flat,,,,,,Overcast,223802,1,0,0,2,,,0,,,,,,Auckland Region,Nil,2-way,Sealed,,0,0,,50,,None,0,0,,76,Auckland,Give way,,,,,0,0,Urban,1,,,Fine,Null
1766732.1065,5904425.1788,877964,,524604,0,,0,1,,Null,2022/2023,LAMBIE DRIVE,RONWOOD AVENUE,,Non-Injury Crash,No,2023,,South,,0,,Flat,,,,,,Bright sun,780209,0,0,0,1,,,0,,,,,,Auckland Region,Nil,1-way,Sealed,,0,0,,50,,On,1,0,,76,Auckland,Give way,,,,,0,0,Urban,0,,,Fine,None
1761357.3801,5914259.7783,877970,,520202,0,,0,2,,Null,2024/2025,ELLERSLIE-PANMURE HIGHWAY,ELLERSLIE-PANMURE HWY ON RAMP,,Minor Crash,No,2025,,East,,0,,Flat,,,,,,Bright sun,612100,1,0,0,2,,,0,,,,,,Auckland Region,Motorway ramp,1-way,Sealed,,0,0,,50,,Off,0,0,,76,Auckland,Give way,,,,,0,0,Urban,0,,,Fine,Null
1755470.9054,5929010.2511,877971,,508420,0,,0,1,,Null,2023/2024,TRISTRAM AVENUE ON RAMP,CROFTFIELD LANE,,Serious Crash,No,2023,,East,,0,,Flat,,,,,,Overcast,183800,0,0,1,1,,,0,,,,,,Auckland Region,Motorway ramp,1-way,Sealed,,0,1,,50,,Off,0,0,,76,Auckland,Traffic Signals,,,,,0,0,Urban,0,,,Fine,Null
1763918.6923,5910077.6617,877975,,521901,0,,0,2,,Null,2022/2023,GREAT SOUTH ROAD,PRINCES STREET,,Non-Injury Crash,No,2023,,South,,0,,Flat,,,,,,Bright sun,782200,0,0,0,3,,,0,,,,,,Auckland Region,Nil,2-way,Sealed,,0,0,,50,,Off,0,0,,76,Auckland,Traffic Signals,,,,,0,0,Urban,0,,,Fine,Null
1756970.1395,5918591.9794,877988,,515600,0,0,0,1,0,Null,2024/2025,MOUNT EDEN ROAD,NIKAU STREET,,Non-Injury Crash,No,2024,0,South,0,0,0,Null,0,,0,,0,Unknown,421200,0,0,0,4,0,0,0,0,1,,0,0,Auckland Region,Nil,2-way,Sealed,0,0,0,0,50,0,Null,0,0,,76,Auckland,Stop,0,0,0,0,0,0,Urban,0,0,0,Fine,Null
1771131.1749,5896427.3573,877994,,525540,0,,0,0,,South,2023/2024,SOUTHERN MOTORWAY,PAHUREHURE NO 2 BR,,Non-Injury Crash,Yes,2023,,South,,0,,Flat,,,,,,Bright sun,806204,0,0,0,3,,,0,,,,,,Auckland Region,Nil,1-way,Sealed,,0,0,,100,,None,1,0,,76,Auckland,Nil,,,,,1,0,Open,0,,,Fine,Null
1756914.7762,5920551.8414,878019,,514102,0,,0,2,,Null,2022/2023,NELSON STREET,NELSON STREET,,Non-Injury Crash,No,2023,,North,,0,,Hill Road,,,,,,Dark,433700,0,0,0,3,,,0,,,,,,Auckland Region,Nil,1-way,Sealed,,0,0,,40,,On,0,0,,76,Auckland,Nil,,,,,0,0,Urban,0,,,Fine,Null