X,Y,OBJECTID,advisorySpeed,areaUnitID,bicycle,bridge,bus,carStationWagon,cliffBank,crashDirectionDescription,crashFinancialYear,crashLocation1,crashLocation2,crashRoadSideRoad,crashSeverity,crashSHDescription,crashYear,debris,directionRoleDescription,ditch,fatalCount,fence,flatHill,guardRail,holiday,houseOrBuilding,intersection,kerb,light,meshblockId,minorInjuryCount,moped,motorcycle,NumberOfLanes,objectThrownOrDropped,otherObject,otherVehicleType,overBank,parkedVehicle,pedestrian,phoneBoxEtc,postOrPole,region,roadCharacter,roadLane,roadSurface,roadworks,schoolBus,seriousInjuryCount,slipOrFlood,speedLimit,strayAnimal,streetLight,suv,taxi,temporarySpeedLimit,tlaId,tlaName,trafficControl,trafficIsland,trafficSign,train,tree,truck,unknownVehicleType,urban,vanOrUtility,vehicle,waterRiver,weatherA,weatherB
1768608.9977,5879994.04,878025,,525922,0,,0,1,,Null,2022/2023,QUEEN STREET,NELSON STREET,,Minor Crash,No,2023,,West,,0,,Flat,,,,,,Overcast,823401,1,0,0,2,,,0,,,,,,Auckland Region,Nil,2-way,Sealed,,0,0,,50,,Off,0,0,,76,Auckland,Give way,,,,,0,0,Urban,1,,,Fine,Null
1757951.3413,5917012.6139,878026,,515700,0,,0,1,,Null,2023/2024,GILLIES AVENUE,BRIGHTSIDE ROAD,,Non-Injury Crash,No,2024,,North,,0,,Flat,,,,,,Bright sun,457900,0,0,0,3,,,0,,,,,,Auckland Region,Nil,2-way,Sealed,,0,0,,50,,Off,1,0,,76,Auckland,Give way,,,,,0,0,Urban,0,,,Fine,Null
1756172.2267,5924181.2641,878036,,509800,0,,0,2,,South,2024/2025,NORTHERN MOTORWAY,ONEPOTO STM BR,,Non-Injury Crash,Yes,2024,,North,,0,,Null,,,,,,Overcast,361100,0,0,0,4,,,0,,,,,,Auckland Region,Nil,1-way,Sealed,,0,0,,100,,Null,0,0,,76,Auckland,Nil,,,,,0,0,Open,0,,,Null,Null
1767429.6433,5904928.6414,878041,,524604,0,,0,2,,Null,2022/2023,GREAT SOUTH ROAD,CAVENDISH DRIVE,,Non-Injury Crash,No,2023,,North,,0,,Flat,,,,,,Bright sun,780209,0,0,0,6,,,0,,,,,,Auckland Region,Nil,2-way,Sealed,,0,0,,60,,Off,0,0,,76,Auckland,Traffic Signals,,,,,0,0,Urban,0,,,Fine,Null
1743034.8295,5921910.3072,878043,,513631,0,,0,2,,Null,2022/2023,GARTON DRIVE,TELLIN CLOSE,,Serious Crash,No,2023,,North,,0,,Hill Road,,,,,,Dark,227004,0,0,0,2,,,0,,,,,,Auckland Region,Nil,2-way,Sealed,,0,1,,50,,On,0,0,,76,Auckland,Nil,,,,,0,0,Urban,0,,,Fine,Null
1756244.6503,5920833.375,878050,,515202,0,,0,1,,North,2023/2024,NORTHERN MOTORWAY,FANSHAWE OBR,,Non-Injury Crash,Yes,2024,,North,,0,,Flat,,,,,,Bright sun,426101,0,0,0,3,,,0,,,,,,Auckland Region,Tunnel,1-way,Sealed,,0,0,,80,,Off,0,0,,76,Auckland,Nil,,,,,0,0,Open,2,,,Fine,Null
1745970.1405,5913624.8355,878060,,511001,0,0,0,0,0,North,2023/2024,KAMARA ROAD,CAPRICORN PLACE,,Non-Injury Crash,No,2024,0,South,0,0,1,Hill Road,0,,0,,0,Overcast,282814,0,0,0,2,0,1,0,0,0,,0,0,Auckland Region,Nil,2-way,Sealed,0,0,0,0,50,0,Off,1,0,,76,Auckland,Nil,0,0,0,0,0,0,Urban,1,0,0,Fine,Null
1765451.8942,5899424.2045,878064,,524822,0,,0,1,,Null,2023/2024,FINLAYSON AVENUE,PALMERS ROAD,,Non-Injury Crash,No,2024,,South,,0,,Flat,,,,,,Overcast,774437,0,0,0,2,,,0,,,,,,Auckland Region,Nil,2-way,Sealed,,0,0,,50,,Off,1,0,,76,Auckland,Give way,,,,,0,0,Urban,0,,,Fine,Null
1760263.5708,5916844.9759,878066,,516202,0,,0,0,,Null,2024/2025,REMUERA ROAD,VICTORIA AVENUE,,Minor Crash,No,2024,,Null,,0,,Flat,,,,,,Dark,490500,1,0,0,4,,,0,,,1,,,Auckland Region,Nil,2-way,Sealed,,0,0,,50,,On,0,0,,76,Auckland,Traffic Signals,,,,,0,0,Urban,0,,,Light rain,Null
1759890.2369,5908762.746,878073,,524403,0,,0,2,,Null,2022/2023,WALMSLEY ROAD,WALMSLEY ROAD ON RAMP,,Non-Injury Crash,No,2023,,West,,0,,Flat,,,,,,Bright sun,729800,0,0,0,3,,,0,,,,,,Auckland Region,Nil,2-way,Sealed,,0,0,,60,,Off,0,0,,76,Auckland,Traffic Signals,,,,,0,0,Urban,0,,,Fine,Null
1766639.6523,5901503.0283,878074,,524712,0,0,0,1,0,South,2023/2024,WATTS ROAD,WHITE ROAD,,Non-Injury Crash,No,2023,0,South,0,0,0,Flat,0,,0,,0,Dark,779000,0,0,0,2,0,0,0,0,0,,0,2,Auckland Region,Nil,2-way,Sealed,0,0,0,0,50,0,On,0,0,,76,Auckland,Nil,0,0,0,0,0,0,Urban,0,0,0,Light rain,Null
1748029.4341,5916140.898,878078,,511602,0,0,0,1,0,Null,2023/2024,AKATEA ROAD,BANCROFT CRESCENT,,Non-Injury Crash,No,2023,0,North,0,0,0,Flat,0,,0,,0,Dark,273500,0,0,0,2,0,0,1,0,1,,0,0,Auckland Region,Nil,2-way,Sealed,0,0,0,0,50,0,On,0,0,,76,Auckland,Nil,0,0,0,0,0,0,Urban,0,0,0,Light rain,Null
1755090.791,5929155.1545,878080,,508420,0,,0,1,,Null,2023/2024,WAIRAU ROAD,VIEW ROAD,,Non-Injury Crash,No,2024,,West,,0,,Flat,,,,,,Twilight,183800,0,0,0,5,,,0,,,,,,Auckland Region,Nil,2-way,Sealed,,0,0,,50,,On,1,0,,76,Auckland,Give way,,,,,0,0,Urban,0,,,Fine,Null
1762205.5027,5913609.4332,878090,,520500,0,,0,4,,South,2023/2024,SOUTHERN MOTORWAY,PENROSE OBR,,Minor Crash,Yes,2024,,North,,0,,Flat,,,,,,Dark,637100,1,0,0,3,,,0,,,,,,Auckland Region,Nil,1-way,Sealed,,0,0,,100,,On,0,0,,76,Auckland,Nil,,,,,0,0,Open,0,,,Fine,Null
1765409.9878,5915552.5802,878091,,520601,0,0,0,1,0,North,2022/2023,PILKINGTON ROAD,MARTIN PLACE,,Minor Crash,No,2023,0,North,0,0,0,Flat,0,,0,,0,Dark,631300,1,0,0,2,0,0,0,0,0,,0,1,Auckland Region,Nil,2-way,Sealed,0,0,0,0,50,0,On,0,0,,76,Auckland,Nil,0,0,0,0,0,0,Urban,0,0,0,Light rain,Null
1753578.4774,5918305.6694,878094,,515003,0,0,0,1,0,East,2024/2025,NORTH-WESTERN MOTORWAY,ST LUKES ROAD ON RAMP,,Minor Crash,Yes,2024,0,West,0,0,0,Flat,1,,0,,0,Dark,390502,1,0,0,3,0,0,0,0,0,,0,0,Auckland Region,Nil,1-way,Sealed,0,0,0,0,100,0,On,0,0,,76,Auckland,Nil,0,0,0,0,0,0,Open,0,0,0,Light rain,Null
1754007.2867,5917218.5851,878097,,517600,0,0,0,3,0,Null,2022/2023,ST LUKES ROAD,NEW NORTH ROAD,,Non-Injury Crash,No,2023,0,South,0,0,0,Flat,0,,0,,0,Bright sun,534400,0,0,0,3,0,0,0,0,0,,0,0,Auckland Region,Nil,1-way,Sealed,0,0,0,0,50,0,On,0,0,40,76,Auckland,Traffic Signals,0,1,0,0,0,0,Urban,0,0,0,Fine,Null
1759052.6566,5903817.7775,878102,,524200,0,,0,2,,Null,2024/2025,GEORGE BOLT MEMORIAL DRIVE,JOHN GOULTER DRIVE,,Minor Crash,No,2025,,South,,0,,Hill Road,,,,,,Overcast,727200,1,0,0,8,,,0,,,,,,Auckland Region,Nil,2-way,Sealed,,0,0,,50,,Off,0,1,,76,Auckland,Traffic Signals,,,,,0,0,Urban,0,,,Light rain,Strong wind
1769655.933,5901845.4023,878104,,523814,0,,0,2,,Null,2024/2025,HILL ROAD-MANUREWA OFF RAMP,HILL ROAD,,Non-Injury Crash,No,2024,,South,,0,,Hill Road,,,,,,Overcast,760702,0,0,0,1,,,0,,,,,,Auckland Region,Motorway ramp,1-way,Sealed,,0,0,,50,,Off,0,0,,76,Auckland,Give way,,,,,0,0,Urban,0,,,Fine,Null
1761468.5374,5916241.0529,878112,,516003,0,0,0,2,0,North,2024/2025,RICHARD FARRELL AVENUE,NORDON PLACE,,Non-Injury Crash,No,2024,0,South,0,0,0,Flat,0,,0,,0,Bright sun,496101,0,0,0,2,0,0,0,0,1,,0,0,Auckland Region,Nil,2-way,Sealed,0,0,0,0,50,0,Off,0,0,,76,Auckland,Nil,0,0,0,0,0,0,Urban,0,0,0,Fine,None
1764285.6035,5906826.6426,878113,,522201,0,,0,1,,South,2022/2023,SWAFFIELD ROAD,MCLEAN AVENUE,,Minor Crash,No,2023,,North,,0,,Hill Road,,,,,,Overcast,661000,1,0,0,2,,,0,,,,,,Auckland Region,Nil,2-way,Sealed,,0,0,,50,,None,0,0,,76,Auckland,Nil,,,,,0,0,Urban,1,,,Fine,Null
1755923.635,5913187.7755,878120,,518701,0,0,0,1,0,West,2025/2026,SOUTH-WESTERN MOTORWAY,HAYR OBR,,Non-Injury Crash,Yes,2025,1,East,0,0,0,Flat,0,,0,,0,Bright sun,573800,0,0,0,3,0,0,0,0,0,,0,0,Auckland Region,Nil,1-way,Sealed,0,0,0,0,100,0,Off,0,0,,76,Auckland,Nil,0,0,0,0,0,0,Open,0,0,0,Fine,Null
1768201.1751,5881864.2536,878126,,525910,1,,0,1,,North,2023/2024,BEATTY ROAD,MCSHANE STREET,,Minor Crash,No,2024,,South,,0,,Flat,,,,,,Bright sun,819700,1,0,0,2,,,0,,,,,,Auckland Region,Nil,2-way,Unsealed,,0,0,,50,,Off,0,0,,76,Auckland,Nil,,,,,0,0,Urban,0,,,Fine,Null
1753894.7374,5917116.7732,878128,,517800,0,,0,2,,Null,2024/2025,NEW NORTH ROAD,SELCOURT ROAD,,Non-Injury Crash,No,2025,,East,,0,,Null,,,,,,Bright sun,526700,0,0,0,4,,,0,,,,,,Auckland Region,Nil,2-way,Sealed,,0,0,,50,,Null,0,0,,76,Auckland,Nil,,,,,0,0,Urban,0,,,Fine,Null
1743557.4637,5925039.8125,878130,,513410,0,0,0,1,0,North,2024/2025,NORTH-WESTERN MOTORWAY,UPPER HARBOUR MOTORWAY,,Minor Crash,Yes,2024,0,East,0,0,0,Flat,1,,0,,0,Dark,223901,1,0,0,2,0,0,0,0,0,,0,0,Auckland Region,Nil,1-way,Sealed,0,0,0,0,100,0,On,0,0,,76,Auckland,Nil,0,0,0,0,0,0,Open,0,0,0,Fine,Null
1762016.8272,5906026.8377,878132,,524200,0,,0,2,,West,2024/2025,TIDAL ROAD,WAOKAURI PLACE,,Non-Injury Crash,No,2024,,West,,0,,Flat,,,,,,Overcast,728900,0,0,0,2,,,0,,,,,,Auckland Region,Nil,2-way,Sealed,,0,0,,50,,On,0,0,,76,Auckland,Nil,,,,,0,0,Urban,0,,,Fine,Null
1765217.327,5914846.2292,878140,,520301,0,,0,1,,Null,2024/2025,PLEASANT VIEW ROAD,PILKINGTON ROAD,,Non-Injury Crash,No,2024,,East,,0,,Flat,,,,,,Overcast,628002,0,0,0,2,,,0,,,,,,Auckland Region,Nil,2-way,Sealed,,0,0,,50,,Off,0,0,,76,Auckland,Stop,,,,,0,1,Urban,0,,,Fine,None
1746026.6153,5913978.3188,878147,,511001,0,,0,1,,West,2022/2023,WEST COAST ROAD,KAMARA ROAD,,Non-Injury Crash,No,2023,,West,,0,,Flat,,,,,,Dark,282400,0,0,0,2,,,0,,,,,,Auckland Region,Nil,2-way,Sealed,,0,0,,50,,On,1,0,,76,Auckland,Nil,,,,,0,0,Urban,0,,,Fine,Null
1764060.8091,5909807.0245,878158,,521901,0,,0,1,,West,2022/2023,MASON AVENUE,GREAT SOUTH ROAD,,Non-Injury Crash,No,2023,,East,,0,,Flat,,,,,,Bright sun,784400,0,0,0,2,,,0,,,,,,Auckland Region,Nil,2-way,Sealed,,0,0,,30,,Off,0,0,,76,Auckland,Nil,,,,,0,0,Urban,1,,,Fine,None
1746492.0058,5962514.9827,878160,,506613,0,0,0,1,0,North,2024/2025,NORTHERN MOTORWAY,PUHOI ROAD OFF RAMP,,Non-Injury Crash,Yes,2024,0,North,0,0,0,Hill Road,0,,0,,0,Overcast,146800,0,0,0,5,0,0,0,0,0,,0,0,Auckland Region,Nil,2-way,Sealed,0,0,0,0,100,1,None,0,0,,76,Auckland,Nil,0,0,0,0,0,0,Open,0,0,0,Fine,Null
1761693.4207,5907849.9594,878165,,524520,0,,0,2,,North,2022/2023,WICKMAN WAY,CHELBURN CRESCENT,,Minor Crash,No,2023,,East,,0,,Flat,,,,,,Bright sun,734300,2,0,0,2,,,0,,,,,,Auckland Region,Nil,2-way,Sealed,,0,0,,50,,Off,0,0,,76,Auckland,Nil,,,,,0,0,Urban,0,,,Fine,Null
1754306.6978,5913448.9804,878177,,518802,0,,0,2,,North,2022/2023,MAY ROAD,GLYNN STREET,,Serious Crash,No,2023,,North,,0,,Flat,,Easter,,,,Dark,579300,1,0,0,3,,,0,,,,,,Auckland Region,Nil,2-way,Sealed,,0,2,,50,,On,0,0,,76,Auckland,Nil,,,,,0,0,Urban,0,,,Fine,Null
1755307.7086,5921793.1664,878178,,515202,0,0,0,1,0,North,2023/2024,NORTHERN MOTORWAY,FANSHAWE STREET OFF RAMP,,Non-Injury Crash,Yes,2023,0,South,0,0,0,Hill Road,2,,0,,0,Twilight,423600,0,0,0,3,0,0,0,0,0,,0,0,Auckland Region,Nil,1-way,Sealed,0,0,0,0,80,0,Off,0,0,,76,Auckland,Nil,0,0,0,0,0,0,Open,0,0,0,Fine,Null
1767730.2157,5905152.7607,878180,,523722,0,,0,2,,North,2023/2024,TE IRIRANGI DRIVE OFF RAMP,TE IRIRANGI DRIVE,,Non-Injury Crash,No,2024,,South,,0,,Hill Road,,,,,,Bright sun,715701,0,0,0,1,,,0,,,,,,Auckland Region,Motorway ramp,1-way,Sealed,,0,0,,60,,Off,0,0,,76,Auckland,Nil,,,,,0,0,Urban,0,,,Fine,Null
1763731.7993,5905197.8929,878183,,524303,0,0,0,1,0,South,2023/2024,FERNDOWN AVENUE,CHANTELLE PLACE,,Minor Crash,No,2023,0,South,0,0,0,Flat,0,,0,,0,Twilight,746320,1,0,0,2,0,1,0,0,0,,0,1,Auckland Region,Nil,2-way,Sealed,0,0,0,0,50,0,Off,0,0,,76,Auckland,Nil,0,0,0,0,0,0,Urban,0,0,0,Fine,Null
1771931.8025,5897969.5238,878190,,523912,0,,0,1,,Null,2023/2024,WALTERS ROAD,ARION ROAD,,Non-Injury Crash,No,2023,,East,,0,,Flat,,,,,,Bright sun,767400,0,0,0,2,,,0,,,,,,Auckland Region,Nil,2-way,Sealed,,0,0,,50,,None,0,0,,76,Auckland,Traffic Signals,,,,,1,0,Urban,0,,,Fine,Null
1772583.1656,5890918.4933,878195,,521203,0,,0,1,,Null,2023/2024,GREAT SOUTH ROAD,KARAKA ROAD,,Non-Injury Crash,Yes,2023,,South,,0,,Flat,,,,,,Bright sun,807300,0,0,0,2,,,1,,,,,,Auckland Region,Nil,2-way,Sealed,,0,0,,60,,Off,0,0,,76,Auckland,Traffic Signals,,,,,0,0,Urban,0,,,Fine,Null
1758941.9425,5904814.7598,878202,,524200,0,,0,1,,North,2023/2024,GEORGE BOLT MEMORIAL DRIVE,VERISSIMO DRIVE,,Minor Crash,No,2024,,South,,0,,Flat,,,,,,Bright sun,727800,1,0,1,3,,,0,,,,,,Auckland Region,Nil,2-way,Sealed,,0,0,,60,,Off,0,0,30,76,Auckland,Nil,,,,,0,0,Urban,0,,,Fine,Null
1742797.7798,5922048.1278,878205,,513622,0,,0,2,,Null,2023/2024,DON BUCK ROAD,RED HILLS ROAD,,Non-Injury Crash,No,2023,,South,,0,,Flat,,,,,,Bright sun,226700,0,0,0,2,,,0,,,,,,Auckland Region,Nil,2-way,Sealed,,0,0,,50,,Off,0,0,30,76,Auckland,Give way,,,,,0,0,Urban,0,,,Fine,Null
1758937.8219,5919243.0089,878213,,515902,0,,0,2,,Null,2022/2023,PARNELL ROAD,BIRDWOOD CRESCENT,,Non-Injury Crash,No,2023,,North,,0,,Flat,,Queens Birthday,,,,Dark,452000,0,0,0,3,,,0,,,,,,Auckland Region,Nil,2-way,Sealed,,0,0,,50,,On,0,0,,76,Auckland,Traffic Signals,,,,,0,0,Urban,0,,,Fine,Null
1772625.2564,5894249.2129,878217,,525530,0,0,0,1,0,North,2023/2024,GREAT SOUTH ROAD,COULTHARD TERRACE,,Minor Crash,No,2023,0,North,0,0,0,Flat,0,,0,,0,Dark,804500,1,0,0,2,0,0,0,0,1,,0,0,Auckland Region,Nil,2-way,Sealed,0,0,0,0,50,0,On,1,0,,76,Auckland,Nil,0,0,0,0,0,0,Urban,0,0,0,Fine,Null
1757789.8797,5917455.7557,878218,,515700,1,,0,1,,South,2023/2024,MOUNTAIN ROAD,WITHIEL DRIVE,,Serious Crash,No,2024,,North,,0,,Hill Road,,,,,,Bright sun,444300,0,0,0,2,,,0,,,,,,Auckland Region,Nil,2-way,Sealed,,0,1,,50,,Off,0,0,,76,Auckland,Nil,,,,,0,0,Urban,0,,,Fine,Null
1754110.9691,5918307.5027,878223,,515431,0,0,0,1,0,East,2023/2024,NORTH-WESTERN MOTORWAY,ST LUKES OBR,,Minor Crash,Yes,2023,0,East,0,0,0,Flat,1,,0,,0,Dark,406300,1,0,0,3,0,0,0,0,0,,0,0,Auckland Region,Nil,1-way,Sealed,0,0,0,0,80,0,On,0,0,,76,Auckland,Nil,0,0,0,0,0,0,Open,0,0,0,Fine,Null
1755645.3851,5919848.109,878226,,514000,0,,0,1,,South,2024/2025,PONSONBY ROAD,LINCOLN STREET,,Minor Crash,No,2024,,North,,0,,Flat,,,,,,Twilight,415000,1,0,0,4,,,0,,,1,,,Auckland Region,Nil,2-way,Sealed,,0,0,,40,,On,0,0,,76,Auckland,Nil,,,,,0,0,Urban,0,,,Fine,Null
1767227.3601,5904256.9703,878231,,524604,0,,0,1,,West,2023/2024,PUTNEY WAY,OSTERLEY WAY,,Non-Injury Crash,No,2023,,South,,0,,Flat,,,,,,Bright sun,780204,0,0,0,2,,,0,,,,,,Auckland Region,Nil,2-way,Sealed,,0,0,,50,,None,1,0,,76,Auckland,Nil,,,,,0,0,Urban,0,,,Fine,Null
1747264.9994,5921567.3404,878232,,512201,0,0,0,2,0,North,2023/2024,TE ATATU ROAD,HARBOUR VIEW ROAD,,Minor Crash,No,2024,0,East,0,0,0,Flat,0,,0,,0,Bright sun,248000,1,0,1,2,0,0,0,0,1,,0,0,Auckland Region,Nil,2-way,Sealed,0,0,0,0,50,0,Off,0,0,,76,Auckland,Nil,0,0,0,0,0,0,Urban,0,0,0,Fine,Null
1767495.0372,5912870.5688,878235,,522910,0,0,0,1,0,Null,2023/2024,CARDIFF ROAD,CAROLE CRESCENT,,Non-Injury Crash,No,2023,0,South,0,0,0,Flat,0,,0,,0,Overcast,686300,0,0,0,2,0,0,0,0,1,,0,0,Auckland Region,Nil,2-way,Sealed,0,0,0,0,50,0,Off,0,0,,76,Auckland,Give way,0,0,0,0,0,0,Urban,1,0,0,Fine,Null
1763251.9513,5913744.3878,878237,,520402,0,0,0,2,0,North,2022/2023,RUAWAI ROAD,COMMISSARIAT ROAD,,Minor Crash,No,2023,0,North,0,0,0,Hill Road,0,,0,,0,Bright sun,639900,1,0,0,2,0,0,0,0,1,,0,0,Auckland Region,Speed hump,2-way,Unsealed,0,0,0,0,50,0,Off,0,0,,76,Auckland,Nil,0,0,0,0,0,0,Urban,0,0,0,Fine,Null
1766019.8763,5906448.7099,878238,,522302,0,,0,2,,Null,2023/2024,TUI ROAD,EDNEY LANE,,Non-Injury Crash,No,2024,,North,,0,,Flat,,,,,,Dark,668700,0,0,0,2,,,0,,,,,,Auckland Region,Nil,2-way,Sealed,,0,0,,50,,On,0,0,,76,Auckland,Nil,,,,,0,0,Urban,0,,,Fine,Null
1745579.0738,5947704.4621,878246,,506614,1,,0,0,,East,2024/2025,WAINUI ROAD,WINDMILL DRIVE,,Serious Crash,No,2024,,East,,0,,Flat,,,,,,Bright sun,177403,0,0,0,2,,,0,,,,,,Auckland Region,Nil,2-way,Sealed,,0,1,,100,,Off,0,0,,76,Auckland,Nil,,,,,0,0,Open,0,,,Fine,Null
1757729.5517,5913552.2866,878248,,518702,0,,0,0,,East,2024/2025,MOUNT ALBERT ROAD,PAH ROAD,,Non-Injury Crash,No,2024,,West,,0,,Flat,,,,,,Overcast,567900,0,0,0,4,,,0,,,,,,Auckland Region,Nil,2-way,Sealed,,0,0,,50,,Off,1,0,,76,Auckland,Nil,,,,,0,0,Urban,1,,,Fine,Null
1758169.756,5926437.5504,878254,,508020,0,0,0,1,0,Null,2024/2025,ESMONDE ROAD,ELDON STREET,,Minor Crash,No,2024,0,North,0,0,0,Flat,1,,0,,0,Dark,325300,1,0,0,2,0,0,0,0,0,,0,0,Auckland Region,Nil,2-way,Sealed,0,0,0,0,50,0,On,0,0,,76,Auckland,Give way,1,1,0,0,0,0,Urban,0,0,0,Fine,Null
1764702.729,5909973.5003,878256,,521801,0,0,0,2,0,East,2022/2023,AVENUE ROAD,WATER STREET,,Non-Injury Crash,No,2023,0,East,0,0,0,Flat,0,,0,,0,Bright sun,787500,0,0,0,2,0,0,0,0,1,,0,0,Auckland Region,Nil,2-way,Sealed,0,0,0,0,30,0,None,0,0,,76,Auckland,Nil,0,0,0,0,0,0,Urban,0,0,0,Fine,None
1758636.4601,5911910.2352,878258,,519810,0,,0,1,,Null,2024/2025,PRINCES STREET,HILL STREET,,Minor Crash,No,2024,,East,,0,,Flat,,,,,,Bright sun,601500,1,0,0,2,,,0,,,,,,Auckland Region,Nil,2-way,Sealed,,0,0,,50,,Off,1,0,,76,Auckland,Stop,,,,,0,0,Urban,0,,,Fine,Null
1764774.3138,5903715.9138,878264,,524604,0,,0,2,,Null,2023/2024,ROSCOMMON ROAD,CAVENDISH DRIVE OFF RAMP,,Non-Injury Crash,No,2024,,North,,0,,Flat,,,,,,Overcast,781200,0,0,0,2,,,0,,,,,,Auckland Region,Nil,2-way,Sealed,,0,0,,50,,On,0,0,30,76,Auckland,Traffic Signals,,,,,0,0,Urban,0,,,Fine,Null
1757864.4014,5919869.426,878274,45,514301,0,,0,1,,North,2022/2023,GRAFTON ROAD ON RAMP,WYNYARD STREET,,Non-Injury Crash,No,2023,,North,,0,,Flat,,,,,,Bright sun,440400,0,0,0,2,,,0,,,,,,Auckland Region,Nil,1-way,Sealed,,0,0,,50,,Off,0,0,,76,Auckland,Nil,,,,,0,1,Urban,0,,,Fine,None
1749336.2901,5918142.4391,878280,,514801,0,0,0,1,0,East,2024/2025,NORTH-WESTERN MOTORWAY,ROSEBANK OBR,,Minor Crash,Yes,2024,0,West,0,0,0,Flat,2,,0,,0,Dark,390401,1,0,0,4,0,0,0,0,0,,0,0,Auckland Region,Nil,1-way,Sealed,0,0,0,0,100,0,On,0,0,,76,Auckland,Nil,0,0,0,0,0,0,Open,0,0,0,Light rain,Null
1758718.7396,5918804.955,878284,,515901,0,,0,1,,South,2024/2025,PARNELL ROAD,COWIE STREET,,Minor Crash,No,2024,,West,,0,,Flat,,,,,,Bright sun,451800,1,0,0,3,,,0,,,1,,,Auckland Region,Nil,2-way,Sealed,,0,0,,50,,Off,0,0,,76,Auckland,Nil,,,,,0,0,Urban,0,,,Fine,Null
1737551.5059,5932396.8481,878286,55,506653,0,0,0,1,1,South,2023/2024,OLD NORTH ROAD,ARARIMU VALLEY ROAD,,Non-Injury Crash,No,2024,0,North,0,0,0,Hill Road,0,,0,,0,Overcast,217000,0,0,0,2,0,0,0,0,0,,0,0,Auckland Region,Nil,2-way,Sealed,0,0,0,0,80,0,None,0,0,,76,Auckland,Nil,0,0,0,0,0,0,Open,0,0,0,Heavy rain,Null
1764293.9743,5912929.265,878290,,520500,0,0,0,1,0,West,2023/2024,SOUTH-EASTERN HIGHWAY,CARBINE ROAD,,Non-Injury Crash,No,2024,0,East,0,0,0,Hill Road,1,,0,,0,Dark,639100,0,0,0,3,0,0,0,0,0,,0,0,Auckland Region,Bridge,1-way,Sealed,0,0,0,0,80,0,On,0,0,,76,Auckland,Nil,0,0,0,0,0,0,Open,0,0,0,Fine,Null
1756658.0006,5919919.5111,878294,,514102,0,,0,2,,Null,2022/2023,UNION STREET,NELSON STREET,,Non-Injury Crash,No,2023,,East,,0,,Flat,,,,,,Overcast,434402,0,0,0,4,,,0,,,,,,Auckland Region,Nil,1-way,Sealed,,0,0,,30,,Null,0,0,,76,Auckland,Traffic Signals,,,,,0,0,Urban,0,,,Light rain,None
1745208.3524,5918927.5683,878307,,513302,0,,0,2,,South,2022/2023,LINCOLN ROAD,MOSELLE AVENUE,,Minor Crash,No,2023,,South,,0,,Flat,,,,,,Overcast,230701,1,0,0,4,,,0,,,,,,Auckland Region,Nil,2-way,Sealed,,0,0,,50,,Off,0,0,,76,Auckland,Nil,,,,,0,0,Urban,0,,,Fine,Null
1759850.7641,5908763.1682,878308,,524403,0,0,0,0,0,North,2023/2024,SOUTH-WESTERN MOTORWAY,WALMSLEY OBR,,Non-Injury Crash,Yes,2024,0,South,0,0,0,Flat,0,,0,,0,Overcast,729600,0,0,0,3,0,0,0,0,0,,0,0,Auckland Region,Underpass,1-way,Sealed,0,0,0,0,100,0,Null,1,0,,76,Auckland,Nil,0,0,0,0,1,0,Open,1,1,0,Fine,Null
1768302.1753,5882039.6067,878316,,525910,0,0,0,1,0,South,2024/2025,KAYES ROAD,MARGARITA RISE,,Serious Crash,No,2025,0,South,0,0,0,Flat,0,,0,,1,Dark,817706,0,0,0,2,0,0,0,0,0,,0,0,Auckland Region,Nil,2-way,Sealed,0,0,1,0,50,0,On,0,0,,76,Auckland,Nil,0,0,0,1,0,0,Urban,0,0,0,Light rain,Null
1749218.9179,5914291.4478,878320,,511301,0,0,0,2,0,East,2024/2025,RIMU STREET,WATTLE STREET,,Non-Injury Crash,No,2024,0,East,0,0,1,Flat,0,,0,,0,Dark,268300,0,0,0,2,0,0,0,0,1,,0,0,Auckland Region,Nil,2-way,Sealed,0,0,0,0,50,0,None,0,0,,76,Auckland,Nil,0,0,0,0,0,0,Urban,0,0,0,Fine,Null
1775433.1697,5895920.1153,878336,,525700,0,0,0,2,0,East,2024/2025,GAME PLACE,REDCREST AVENUE,,Non-Injury Crash,No,2024,0,South,0,0,0,Flat,0,,0,,0,Dark,800305,0,0,0,2,0,0,0,0,1,,0,0,Auckland Region,Nil,2-way,Sealed,0,0,0,0,50,0,On,0,0,,76,Auckland,Nil,0,0,0,0,0,0,Urban,0,0,0,Fine,Null
1760739.4552,5917264.8545,878338,,516202,1,,0,1,,Null,2024/2025,ORAKEI ROAD,RANGITOTO AVENUE,,Minor Crash,No,2024,,North,,0,,Hill Road,,,,,,Overcast,489500,1,0,0,2,,,0,,,,,,Auckland Region,Nil,2-way,Sealed,,0,0,,50,,Off,0,0,,76,Auckland,Give way,,,,,0,0,Urban,0,,,Fine,Null
1763328.0969,5905989.2663,878340,,524303,0,0,0,1,0,East,2023/2024,TREAGON PLACE,PORTAGE ROAD,,Non-Injury Crash,No,2024,0,South,0,0,0,Flat,0,Christmas New Year,0,,0,Dark,656200,0,0,0,2,0,0,0,0,1,,0,0,Auckland Region,Nil,2-way,Sealed,0,0,0,0,50,0,On,0,0,,76,Auckland,Nil,0,0,0,0,0,0,Urban,1,0,0,Fine,None