X,Y,OBJECTID,advisorySpeed,areaUnitID,bicycle,bridge,bus,carStationWagon,cliffBank,crashDirectionDescription,crashFinancialYear,crashLocation1,crashLocation2,crashRoadSideRoad,crashSeverity,crashSHDescription,crashYear,debris,directionRoleDescription,ditch,fatalCount,fence,flatHill,guardRail,holiday,houseOrBuilding,intersection,kerb,light,meshblockId,minorInjuryCount,moped,motorcycle,NumberOfLanes,objectThrownOrDropped,otherObject,otherVehicleType,overBank,parkedVehicle,pedestrian,phoneBoxEtc,postOrPole,region,roadCharacter,roadLane,roadSurface,roadworks,schoolBus,seriousInjuryCount,slipOrFlood,speedLimit,strayAnimal,streetLight,suv,taxi,temporarySpeedLimit,tlaId,tlaName,trafficControl,trafficIsland,trafficSign,train,tree,truck,unknownVehicleType,urban,vanOrUtility,vehicle,waterRiver,weatherA,weatherB
1767773.9562,5904309.9436,878354,,524604,0,,0,2,,Null,2023/2024,GREAT SOUTH ROAD,MANUKAU STATION ROAD,,Non-Injury Crash,No,2024,,West,,0,,Flat,,,,,,Bright sun,780302,0,0,0,3,,,0,,,,,,Auckland Region,Nil,1-way,Sealed,,0,0,,50,,Off,0,0,,76,Auckland,Traffic Signals,,,,,0,0,Urban,0,,,Fine,None
1740450.3344,5926969.1901,878356,,513701,0,0,0,0,0,North,2024/2025,TAUPAKI ROAD,JOSEPH DUNSTAN DRIVE,,Non-Injury Crash,No,2024,0,North,0,0,1,Flat,0,,0,,0,Bright sun,220200,0,0,0,2,0,0,0,0,0,,0,1,Auckland Region,Nil,2-way,Sealed,0,0,0,0,60,0,None,0,0,,76,Auckland,Nil,0,0,0,0,0,0,Urban,1,0,0,Fine,Null
1757875.2116,5918748.8094,878368,,517400,0,,0,2,,Null,2023/2024,PARK ROAD,CARLTON GORE ROAD,,Non-Injury Crash,No,2024,,South,,0,,Flat,,,,,,Overcast,449700,0,0,0,2,,,0,,,,,,Auckland Region,Nil,2-way,Sealed,,0,0,,50,,Off,0,0,,76,Auckland,Traffic Signals,,,,,0,0,Urban,0,,,Fine,Null
1752001.6471,5915572.2935,878374,,517902,0,0,0,1,0,Null,2023/2024,NEW NORTH ROAD,HENDON AVENUE,,Non-Injury Crash,No,2024,0,North,0,0,0,Flat,0,,0,,1,Dark,519701,0,0,0,4,0,0,0,0,0,,0,0,Auckland Region,Nil,2-way,Sealed,0,0,0,0,50,0,On,0,0,,76,Auckland,Traffic Signals,0,0,0,0,0,0,Urban,0,0,0,Heavy rain,Strong wind
1764396.2536,5912226.1941,878380,,520500,0,,0,1,,North,2024/2025,MOUNT WELLINGTON HWY OFF RAMP,SOUTHERN MOTORWAY,,Non-Injury Crash,No,2024,,North,,0,,Null,,,,,,Unknown,639500,0,0,0,1,,,0,,,,,,Auckland Region,Nil,1-way,Sealed,,0,0,,100,,Null,0,0,,76,Auckland,Nil,,,,,0,0,Open,0,,,Null,Null
1756673.4541,5915336.8564,878382,,518302,0,0,0,2,0,North,2024/2025,MOUNT EDEN ROAD,PEARY ROAD,,Minor Crash,No,2025,0,North,0,0,0,Hill Road,0,,0,,0,Overcast,557500,1,0,0,2,0,0,0,0,1,,0,0,Auckland Region,Nil,2-way,Sealed,0,0,0,0,50,0,Off,1,1,,76,Auckland,Nil,0,0,0,0,0,0,Urban,0,0,0,Light rain,Null
1755145.5935,5924729.8702,878386,,509800,0,0,0,2,0,West,2024/2025,ONEWA ROAD,BUSH VIEW LANE,,Minor Crash,No,2025,0,West,0,0,0,Flat,0,,0,,0,Bright sun,361600,1,0,0,4,0,0,0,0,1,,0,0,Auckland Region,Nil,2-way,Sealed,0,0,0,0,50,0,None,0,0,,76,Auckland,Nil,0,0,0,0,0,0,Urban,0,0,0,Fine,Null
1745024.9487,5919781.5001,878390,,513301,0,0,0,1,0,West,2023/2024,UNIVERSAL DRIVE,TUDOR ROAD,,Non-Injury Crash,No,2024,0,East,0,0,0,Hill Road,0,,0,,0,Dark,232001,0,0,0,2,0,0,0,0,0,,0,0,Auckland Region,Nil,2-way,Sealed,0,0,0,0,50,0,On,0,0,,76,Auckland,Nil,0,0,0,1,0,0,Urban,0,0,0,Light rain,Null
1759287.1829,5906528.7201,878396,,524200,0,,0,1,,Null,2024/2025,KIRKBRIDE ROAD,GEORGE BOLT MEMORIAL DRIVE,,Non-Injury Crash,No,2024,,West,,0,,Hill Road,,,,,,Overcast,727400,0,0,0,4,,,0,,,,,,Auckland Region,Motorway ramp,2-way,Sealed,,0,0,,50,,On,0,0,,76,Auckland,Traffic Signals,,,,,0,0,Urban,1,,,Light rain,Null
1754022.9024,5926431.2441,878398,,508610,0,0,0,4,0,East,2024/2025,MONARCH AVENUE,SPEEDY CRESCENT,,Minor Crash,No,2025,0,West,0,0,0,Hill Road,0,,0,,0,Dark,206300,1,0,0,2,0,0,0,0,1,,0,0,Auckland Region,Nil,2-way,Sealed,0,0,0,0,50,0,None,0,0,,76,Auckland,Nil,0,0,0,0,0,0,Urban,0,0,0,Fine,Null
1770768.5364,5898515.9555,878400,,523920,0,,0,1,,West,2024/2025,GREAT SOUTH ROAD,GRAHAM ROAD,,Minor Crash,No,2025,,West,,0,,Flat,,,,,,Overcast,767503,1,0,1,3,,,0,,,,,,Auckland Region,Nil,2-way,Sealed,,0,0,,50,,Off,0,0,40,76,Auckland,Nil,,,,,0,0,Urban,0,,,Light rain,Frost
1769825.239,5913521.0506,878406,,522722,0,,0,2,,North,2024/2025,AVIEMORE DRIVE,DE QUINCEY TERRACE,,Minor Crash,No,2025,,South,,0,,Flat,,,,,,Bright sun,681336,1,0,0,2,,,0,,,,,,Auckland Region,Nil,2-way,Sealed,,0,0,,50,,Off,0,0,,76,Auckland,Nil,,,,,0,0,Urban,0,,,Fine,Null
1754191.4381,5911426.1048,878408,,519001,0,0,0,1,0,South,2024/2025,HILLSBOROUGH ROAD,JAMES TYLER CRESCENT,,Minor Crash,No,2025,0,North,0,0,1,Hill Road,0,,0,,0,Overcast,591702,2,0,1,3,0,0,0,0,0,,0,0,Auckland Region,Nil,2-way,Sealed,0,0,0,0,50,0,Off,0,0,,76,Auckland,Nil,0,0,0,0,0,0,Urban,0,1,0,Fine,Null
1758528.2918,5918427.6546,878411,,517400,0,,1,0,,North,2022/2023,BROADWAY,KHYBER PASS ROAD,,Minor Crash,No,2023,,South,,0,,Flat,,,,,,Bright sun,451000,1,0,0,2,,,0,,,1,,,Auckland Region,Nil,2-way,Sealed,,0,0,,50,,Off,0,0,,76,Auckland,Nil,,,,,0,0,Urban,0,,,Fine,Null
1770314.0885,5911325.7181,878412,,523105,0,,0,2,,Null,2024/2025,TI RAKAU DRIVE,BOTANY ROAD,,Non-Injury Crash,No,2024,,East,,0,,Null,,Christmas New Year,,,,Overcast,711185,0,0,0,4,,,0,,,,,,Auckland Region,Nil,1-way,Sealed,,0,0,,50,,Null,0,0,,76,Auckland,Traffic Signals,,,,,0,0,Urban,0,,,Fine,Null
1765358.597,5913337.3535,878420,,520500,0,,0,3,,East,2024/2025,PAKURANGA HIGHWAY,PAKURANGA BR W,,Non-Injury Crash,No,2024,,West,,0,,Flat,,,,,,Bright sun,638908,0,0,0,2,,,0,,,,,,Auckland Region,Bridge,1-way,Sealed,,0,0,,80,,Off,0,0,,76,Auckland,Nil,,,,,0,0,Open,0,,,Fine,Null
1763356.639,5908405.6398,878426,,524402,0,1,0,1,0,South,2024/2025,MASSEY ROAD,HOSPITAL ROAD,,Non-Injury Crash,No,2024,0,South,0,0,0,Hill Road,0,,0,,1,Bright sun,749900,0,0,0,4,0,0,0,0,0,,0,0,Auckland Region,Bridge,2-way,Sealed,0,0,0,0,50,0,Off,0,0,,76,Auckland,Nil,0,0,0,0,0,0,Urban,0,0,0,Fine,Null
1768148.3646,5903874.616,878430,,524602,0,1,0,1,0,West,2023/2024,SOUTH-WESTERN MOTORWAY,LINK 1N SBD OBR,,Non-Injury Crash,Yes,2024,0,East,0,0,0,Flat,0,,0,,0,Dark,780506,0,0,0,2,0,0,0,0,0,,0,0,Auckland Region,Overpass,1-way,Sealed,0,0,0,0,100,0,On,0,0,,76,Auckland,Nil,0,0,0,0,0,0,Open,0,0,0,Fine,Null
1757869.279,5918110.9512,878440,,515700,0,,0,2,,North,2024/2025,SOUTHERN MOTORWAY,GILLIES AVENUE ON RAMP,,Minor Crash,Yes,2025,,North,,0,,Hill Road,,,,,,Bright sun,443600,2,0,0,4,,,0,,,,,,Auckland Region,Motorway ramp,1-way,Sealed,,0,0,,80,,Off,0,0,,76,Auckland,Nil,,,,,0,0,Open,1,,,Fine,Null
1768737.5868,5899507.2051,878446,,525101,0,,0,1,,West,2023/2024,MAHIA ROAD,FIELDS ROAD,,Non-Injury Crash,No,2024,,East,,0,,Flat,,,,,,Dark,770400,0,0,0,2,,,0,,,,,,Auckland Region,Nil,2-way,Sealed,,0,0,,50,,On,1,0,,76,Auckland,Nil,,,,,0,0,Urban,0,,,Fine,Null
1763108.0322,5920465.2342,878452,,516500,0,,0,2,,West,2024/2025,TAMAKI DRIVE,ATKIN AVENUE,,Non-Injury Crash,No,2025,,East,,0,,Null,,,,,,Bright sun,500600,0,0,0,2,,,0,,,,,,Auckland Region,Nil,2-way,Sealed,,0,0,,30,,Null,0,0,,76,Auckland,Nil,,,,,0,0,Urban,0,,,Fine,Null
1757522.6397,5927000.6539,878462,,508010,1,,0,1,,Null,2024/2025,ANZAC STREET,ANZAC STREET,,Minor Crash,No,2024,,South,,0,,Flat,,,,,,Bright sun,327700,1,0,0,4,,,0,,,,,,Auckland Region,Nil,2-way,Sealed,,0,0,,50,,Off,0,0,,76,Auckland,Nil,,,,,0,0,Urban,0,,,Fine,Null
1754521.3405,5912676.1693,878464,,519001,0,0,0,2,0,Null,2024/2025,RICHARDSON ROAD,HOWELL CRESCENT,,Non-Injury Crash,No,2025,0,South,0,0,0,Flat,0,,0,,0,Bright sun,588600,0,0,0,2,0,0,0,0,2,,0,0,Auckland Region,Nil,2-way,Sealed,0,0,0,0,50,0,Null,1,0,40,76,Auckland,Give way,0,0,0,0,0,0,Urban,0,0,0,Fine,Null
1746059.6283,5913980.6193,878472,,511001,0,0,0,0,0,Null,2025/2026,WEST COAST ROAD,KAMARA ROAD,,Serious Crash,No,2025,0,East,0,0,0,Flat,0,,0,,1,Overcast,282400,1,0,0,2,0,0,0,0,0,,0,0,Auckland Region,Nil,2-way,Sealed,0,0,1,0,50,0,Off,1,0,,76,Auckland,Stop,0,0,0,1,0,0,Urban,2,0,0,Fine,Null
1769936.8622,5909841.5245,878480,,523114,0,0,0,1,0,Null,2023/2024,SMALES ROAD,TE IRIRANGI DRIVE,,Non-Injury Crash,No,2023,0,East,0,0,0,Flat,0,,0,,0,Overcast,711804,0,0,0,2,0,0,0,0,0,,0,1,Auckland Region,Nil,1-way,Sealed,0,0,0,0,60,0,Off,0,0,,76,Auckland,Traffic Signals,0,0,0,0,0,0,Urban,1,0,0,Fine,Null
1763017.411,5908151.7812,878482,,524402,0,,0,1,,West,2024/2025,EWART ROAD,MASSEY ROAD,,Minor Crash,No,2024,,West,,0,,Flat,,,,,,Bright sun,750000,1,0,1,2,,,0,,,,,,Auckland Region,Nil,2-way,Sealed,,0,0,,50,,Off,0,0,,76,Auckland,Nil,,,,,0,0,Urban,0,,,Fine,Null
1770279.1294,5905904.3499,878486,,523712,0,,0,2,,Null,2023/2024,CHARLESTOWN DRIVE,BELTANY DRIVE,,Non-Injury Crash,No,2023,,North,,0,,Flat,,,,,,Bright sun,713300,0,0,0,2,,,0,,,,,,Auckland Region,Nil,2-way,Sealed,,0,0,,50,,Off,0,0,,76,Auckland,Give way,,,,,0,0,Urban,0,,,Fine,None
1772464.8341,5896949.5225,878488,,525420,0,,0,0,,Null,2024/2025,COLES CRESCENT,GREAT SOUTH ROAD,,Serious Crash,No,2024,,North,,0,,Flat,,,,,,Bright sun,791300,0,0,0,2,,,0,,,1,,,Auckland Region,Nil,2-way,Sealed,,0,1,,50,,None,1,0,,76,Auckland,Stop,,,,,0,0,Urban,0,,,Fine,Null
1766314.4398,5899825.2079,878490,,524713,0,,0,2,,Null,2023/2024,ROSCOMMON ROAD,WEYMOUTH ROAD,,Non-Injury Crash,No,2024,,South,,0,,Flat,,,,,,Dark,775823,0,0,0,2,,,0,,,,,,Auckland Region,Nil,1-way,Sealed,,0,0,,50,,On,0,0,,76,Auckland,Give way,,,,,0,0,Urban,0,,,Fine,Null
1752994.269,5916514.7362,878492,,517800,0,0,0,3,0,North,2023/2024,MOUNT ALBERT ROAD,ALLENDALE ROAD,,Non-Injury Crash,No,2024,0,North,0,0,0,Flat,0,Queens Birthday,0,,0,Dark,527800,0,0,0,2,0,0,0,0,1,,0,0,Auckland Region,Nil,2-way,Sealed,0,0,0,0,50,0,On,0,0,,76,Auckland,Nil,0,0,0,0,0,0,Urban,0,0,0,Fine,Null
1770265.3611,5902082.7852,878494,,523814,0,,0,2,,Null,2024/2025,HILL ROAD,STEWART GIBSON PLACE,,Minor Crash,No,2024,,West,,0,,Flat,,,,,,Dark,759504,1,0,0,2,,,0,,,,,,Auckland Region,Nil,2-way,Sealed,,0,0,,50,,Off,0,0,,76,Auckland,Give way,,,,,0,0,Urban,0,,,Light rain,Null
1751570.2089,5915075.7829,878504,,514401,0,0,0,2,0,North,2024/2025,BLOCKHOUSE BAY ROAD,METHUEN ROAD,,Non-Injury Crash,No,2024,0,North,0,0,0,Flat,0,,0,,0,Bright sun,380200,0,0,0,2,0,0,0,0,1,,0,0,Auckland Region,Nil,2-way,Sealed,0,0,0,0,50,0,Off,0,0,,76,Auckland,Nil,0,0,0,0,0,0,Urban,0,0,0,Fine,Null
1772740.9462,5896310.5628,878510,,525410,0,0,0,2,0,North,2023/2024,GREAT SOUTH ROAD,AVERILL STREET,,Non-Injury Crash,No,2024,0,North,0,0,0,Flat,0,,0,,0,Dark,793000,0,0,0,2,0,0,0,0,1,,0,0,Auckland Region,Nil,2-way,Sealed,0,0,0,0,50,0,On,0,0,,76,Auckland,Nil,0,0,0,0,0,0,Urban,0,0,0,Light rain,Null
1745311.5778,5919925.1609,878518,,513301,0,,0,3,,South,2023/2024,LINCOLN ROAD,PARAMOUNT DRIVE,,Non-Injury Crash,No,2024,,North,,0,,Flat,,Easter,,,,Overcast,230401,0,0,0,4,,,0,,,,,,Auckland Region,Nil,2-way,Sealed,,0,0,,50,,Off,0,0,,76,Auckland,Nil,,,,,0,0,Urban,0,,,Light rain,Null
1760443.6557,5908918.7203,878524,,524403,0,,0,2,,Null,2025/2026,WALMSLEY ROAD,ROBERTSON ROAD,,Non-Injury Crash,No,2025,,East,,0,,Null,,,,,,Bright sun,729901,0,0,0,4,,,0,,,,,,Auckland Region,Nil,2-way,Sealed,,0,0,,50,,Null,0,0,,76,Auckland,Traffic Signals,,,,,0,0,Urban,0,,,Fine,Null
1736684.4243,5944464.462,878537,,506646,0,0,0,0,0,West,2023/2024,KAHIKATEA FLAT ROAD,FIELD LANE,,Minor Crash,No,2024,0,West,1,0,0,Flat,0,,0,,0,Bright sun,213100,1,0,0,2,0,0,0,0,0,,0,0,Auckland Region,Nil,2-way,Sealed,0,0,0,0,80,0,Off,1,0,,76,Auckland,Nil,0,0,0,1,0,0,Open,0,0,0,Fine,Null
1769228.2942,5901457.7769,878538,,524901,0,0,0,1,0,South,2024/2025,CLAUDE ROAD,HILL ROAD,,Minor Crash,No,2024,0,South,0,0,0,Flat,0,,0,,0,Overcast,756800,1,0,0,2,0,0,0,0,0,,0,1,Auckland Region,Nil,2-way,Sealed,0,0,0,0,50,0,Off,0,0,,76,Auckland,Nil,0,0,0,0,0,0,Urban,0,0,0,Light rain,Null
1760259.1679,5915876.5181,878540,,516003,0,,0,2,,North,2023/2024,GREEN LANE EAST ON RAMP,SOUTHERN MOTORWAY,,Non-Injury Crash,No,2024,,South,,0,,Hill Road,,,,,,Twilight,494902,0,0,0,2,,,0,,,,,,Auckland Region,Motorway ramp,1-way,Sealed,,0,0,,100,,Off,1,0,,76,Auckland,Nil,,,,,0,0,Open,0,,,Fine,Null
1756839.4114,5927764.6574,878550,,507900,0,,0,0,,North,2024/2025,SHEA TERRACE,MARY POYNTON CRESCENT,,Minor Crash,No,2024,,North,,0,,Flat,,,,,,Bright sun,304300,1,0,0,2,,,0,,,1,,,Auckland Region,Nil,2-way,Sealed,,0,0,,50,,Off,0,0,,76,Auckland,Nil,,,,,0,1,Urban,0,,,Fine,Null
1766911.0022,5902202.0154,878552,,524602,0,0,0,1,0,North,2024/2025,DALGETY DRIVE,BROWNS ROAD,,Minor Crash,No,2024,0,North,0,0,0,Flat,0,,0,,0,Twilight,780407,1,0,0,2,0,0,0,0,1,,0,0,Auckland Region,Nil,2-way,Sealed,0,0,0,0,50,0,On,0,0,30,76,Auckland,Nil,0,0,0,0,1,0,Urban,0,0,0,Mist or Fog,Null
1759164.8832,5916810.2044,878562,,516001,0,,0,2,,North,2023/2024,SOUTHERN MOTORWAY,MARKET OBR,,Non-Injury Crash,Yes,2024,,South,,0,,Flat,,,,,,Dark,491200,0,0,0,3,,,0,,,,,,Auckland Region,Nil,1-way,Sealed,,0,0,,100,,On,0,0,,76,Auckland,Nil,,,,,0,0,Open,0,,,Fine,Null
1742708.0737,5915496.4477,878564,,513020,0,0,0,1,0,East,2024/2025,HENDERSON VALLEY ROAD,CANDIA ROAD,,Non-Injury Crash,No,2025,0,East,1,0,0,Flat,0,,0,,0,Dark,280901,0,0,0,2,0,0,0,0,0,,0,0,Auckland Region,Nil,2-way,Sealed,0,0,0,0,60,0,None,0,0,,76,Auckland,Nil,0,0,0,0,0,0,Urban,0,0,0,Light rain,Null
1753638.966,5915924.6079,878566,,517800,0,0,0,1,0,South,2024/2025,MOUNT ALBERT ROAD,KERR-TAYLOR AVENUE,,Non-Injury Crash,No,2024,0,South,0,0,1,Flat,0,,0,,0,Bright sun,528700,0,0,0,2,0,0,0,0,0,,0,0,Auckland Region,Nil,2-way,Sealed,0,0,0,0,50,0,Off,0,0,,76,Auckland,Nil,0,0,0,0,0,0,Urban,0,0,0,Fine,Null
1757193.2275,5882824.865,878568,,521152,0,0,0,0,0,West,2024/2025,GLENBROOK ROAD,GEARON ROAD,,Non-Injury Crash,No,2025,0,West,0,0,0,Flat,0,,0,,0,Dark,834502,0,0,0,2,0,0,0,0,0,,0,0,Auckland Region,Nil,2-way,Sealed,0,0,0,0,80,1,On,0,0,,76,Auckland,Nil,0,0,0,0,0,0,Open,1,0,0,Fine,Null
1738015.8986,5929252.0969,878586,,505602,0,,0,1,,Null,2023/2024,MAIN ROAD,MATUA ROAD,,Non-Injury Crash,Yes,2024,,East,,0,,Flat,,,,,,Twilight,214900,0,0,0,2,,,0,,,,,,Auckland Region,Nil,2-way,Sealed,,0,0,,50,,Off,0,0,,76,Auckland,Give way,,,,,1,0,Urban,0,,,Fine,Null
1756669.7272,5919912.9293,878590,,514102,0,,0,1,,Null,2023/2024,UNION STREET,NELSON STREET OFF RAMP,,Non-Injury Crash,No,2023,,East,,0,,Hill Road,,,,,,Bright sun,435500,0,0,0,4,,,0,,,,,,Auckland Region,Nil,2-way,Sealed,,0,0,,40,,Off,1,0,,76,Auckland,Traffic Signals,,,,,0,0,Urban,0,,,Fine,Null
1773115.0256,5891519.9045,878594,,521301,0,0,0,1,0,South,2023/2024,GREAT SOUTH ROAD,FIRTH STREET,,Non-Injury Crash,Yes,2024,0,North,0,0,0,Flat,0,,0,,0,Bright sun,808701,0,0,0,2,0,0,0,0,0,,0,0,Auckland Region,Motorway ramp,2-way,Sealed,1,0,0,0,60,0,Off,0,0,,76,Auckland,Nil,0,0,0,0,1,0,Urban,0,0,0,Fine,Null
1755322.9062,5927256.2746,878595,,508620,0,0,0,2,0,Null,2022/2023,TYE ROAD,CORONATION ROAD,,Minor Crash,No,2023,0,North,0,0,0,Hill Road,0,,0,,0,Overcast,204000,1,0,0,2,0,0,0,0,1,,0,0,Auckland Region,Nil,2-way,Sealed,0,0,0,0,50,0,Off,0,0,,76,Auckland,Nil,0,0,0,0,0,0,Urban,0,0,0,Light rain,Strong wind
1771843.5541,5890136.2665,878604,,521203,0,0,0,1,0,West,2025/2026,KARAKA ROAD,JESMOND ROAD,,Non-Injury Crash,Yes,2025,0,West,1,0,1,Hill Road,0,,0,,0,Overcast,807200,0,0,0,2,0,0,0,0,0,,0,0,Auckland Region,Nil,2-way,Sealed,0,0,0,0,80,0,Off,0,0,,76,Auckland,Nil,0,0,0,0,0,0,Open,0,0,0,Fine,Null
1764581.1117,5911933.9289,878622,,520500,0,,1,3,,North,2023/2024,SOUTHERN MOTORWAY,EAST WEST LINK OFF RAMP,,Minor Crash,Yes,2024,,North,,0,,Flat,,,,,,Dark,639500,3,0,0,3,,,0,,,,,,Auckland Region,Nil,2-way,Sealed,,0,0,,100,,On,0,0,,76,Auckland,Nil,,,,,0,0,Open,1,,,Fine,Null
1749033.8847,5945373.8697,878624,,505806,0,0,0,1,0,East,2023/2024,SMALL ROAD,PUKANUI PLACE,,Non-Injury Crash,No,2024,0,East,0,0,0,Hill Road,0,,0,,0,Dark,176802,0,0,0,2,0,0,0,0,0,,0,1,Auckland Region,Nil,2-way,Sealed,0,0,0,0,50,0,On,0,0,,76,Auckland,Nil,0,0,0,0,0,0,Urban,0,0,0,Fine,Null
1748052.3336,5912287.1115,878628,,511902,0,,0,0,,North,2024/2025,TITIRANGI ROAD,WEST LYNN ROAD,,Minor Crash,No,2024,,North,,0,,Flat,,,,,,Dark,292104,1,0,1,2,,,0,,,,,,Auckland Region,Nil,2-way,Sealed,,0,0,,50,,On,0,0,,76,Auckland,Nil,,,,,0,0,Urban,0,,,Fine,Null
1765044.9931,5908251.2339,878635,,523404,0,,0,1,,East,2022/2023,BAIRDS ROAD,GREAT SOUTH ROAD,,Minor Crash,No,2023,,North,,0,,Flat,,,,,,Overcast,696701,1,0,0,2,,,0,,,,,,Auckland Region,Nil,2-way,Sealed,,0,0,,50,,Off,0,0,,76,Auckland,Nil,,,,,0,0,Urban,1,,,Light rain,Null
1755842.0908,5925510.8097,878638,,509702,0,0,0,3,0,East,2023/2024,EXMOUTH ROAD,DUDDING AVENUE,,Non-Injury Crash,No,2023,0,West,0,0,0,Flat,0,,0,,0,Overcast,366201,0,0,0,2,0,0,0,0,1,,0,0,Auckland Region,Nil,2-way,Sealed,0,0,0,0,50,0,Off,0,0,40,76,Auckland,Nil,0,0,0,0,0,0,Urban,0,0,0,Fine,Null
1773076.8408,5895645.9087,878640,,525410,0,0,0,1,0,East,2024/2025,SETTLEMENT ROAD,OPAHEKE ROAD,,Non-Injury Crash,No,2024,0,West,0,0,0,Flat,0,,0,,0,Bright sun,793302,0,0,0,2,0,0,0,0,0,,0,1,Auckland Region,Nil,2-way,Sealed,0,0,0,0,50,0,Off,0,0,,76,Auckland,Nil,0,0,0,0,0,0,Urban,0,0,0,Fine,Null
1765898.931,5904375.8305,878646,,524603,0,,0,1,,Null,2023/2024,PLUNKET AVENUE,CAVENDISH DRIVE,,Non-Injury Crash,No,2024,,North,,0,,Flat,,,,,,Overcast,674800,0,0,0,3,,,0,,,,,,Auckland Region,Nil,2-way,Sealed,,0,0,,50,,Off,0,0,,76,Auckland,Traffic Signals,,,,,0,0,Urban,1,,,Fine,Null
1757609.4495,5913419.6929,878652,,518702,0,,0,1,,North,2024/2025,PAH ROAD,BENVILLE PLACE,,Non-Injury Crash,No,2025,,North,,0,,Null,,,,,,Bright sun,567600,0,0,0,2,,,0,,,,,,Auckland Region,Nil,2-way,Sealed,,0,0,,50,,Null,0,0,,76,Auckland,Nil,,,,,0,0,Urban,1,,,Fine,Null
1770040.8286,5899399.744,878656,,523911,0,,0,1,,East,2024/2025,SPARTAN ROAD,TAKANINI OFF RAMP,,Non-Injury Crash,No,2025,,East,,0,,Flat,,,,,,Dark,766500,0,0,0,2,,,0,,,,,,Auckland Region,Nil,2-way,Sealed,,0,0,,50,,On,0,0,,76,Auckland,Nil,,,,,1,0,Urban,0,,,Fine,Null
1771520.9012,5881681.0094,878657,,521111,0,0,0,1,0,West,2023/2024,PUKEKOHE EAST ROAD,VALLEY ROYAL WAY,,Minor Crash,No,2023,0,East,0,0,0,Flat,0,,0,,0,Dark,826909,1,0,0,3,0,0,0,0,0,,0,0,Auckland Region,Nil,2-way,Sealed,0,0,0,0,100,0,None,0,0,,76,Auckland,Nil,0,1,0,1,0,0,Open,0,0,0,Fine,Null
1768608.854,5879985.5215,878658,,525922,0,,0,2,,Null,2022/2023,QUEEN STREET,NELSON STREET,,Non-Injury Crash,No,2023,,North,,0,,Flat,,,,,,Bright sun,823401,0,0,0,2,,,0,,,,,,Auckland Region,Nil,2-way,Sealed,,0,0,,50,,Off,0,0,,76,Auckland,Give way,,,,,0,0,Urban,0,,,Fine,Null
1752552.7628,5918179.3839,878664,,515002,0,,0,0,,Null,2024/2025,GREAT NORTH ROAD,PARR ROAD NORTH,,Non-Injury Crash,No,2025,,East,,0,,Flat,,,,,,Overcast,396600,0,0,1,5,,,0,,,,,,Auckland Region,Nil,2-way,Sealed,,0,0,,50,,Off,1,0,30,76,Auckland,Give way,,,,,0,0,Urban,0,,,Fine,Null
1771345.1084,5907788.0143,878673,,523713,0,0,0,2,0,East,2022/2023,STANCOMBE ROAD,TOPLAND DRIVE,,Minor Crash,No,2023,0,East,0,0,0,Flat,0,,0,,0,Twilight,712402,1,0,0,2,0,0,0,0,1,,0,0,Auckland Region,Nil,2-way,Sealed,0,0,0,0,60,0,On,0,0,,76,Auckland,Nil,0,0,0,0,0,0,Urban,0,0,0,Fine,Null
1763113.2747,5919111.6046,878676,,516500,0,,0,2,,Null,2024/2025,KEPA ROAD,PATTESON AVENUE,,Minor Crash,No,2025,,West,,0,,Flat,,,,,,Dark,502202,1,0,0,2,,,0,,,,,,Auckland Region,Nil,2-way,Sealed,,0,0,,50,,On,0,0,,76,Auckland,Traffic Signals,,,,,0,0,Urban,0,,,Fine,Null
1770571.8197,5904608.5626,878678,,523712,0,0,0,1,0,North,2025/2026,MURPHYS ROAD,REDOUBT ROAD,,Minor Crash,No,2025,0,West,0,0,0,Hill Road,1,,0,,0,Dark,716300,1,0,0,2,0,0,0,0,0,,0,0,Auckland Region,Nil,2-way,Sealed,0,0,0,0,60,0,None,0,0,,76,Auckland,Nil,0,0,0,0,0,0,Urban,0,0,0,Fine,Null
1768013.6462,5902358.1658,878680,,525001,0,,0,2,,Null,2024/2025,BROWNS ROAD,MAICH ROAD,,Non-Injury Crash,No,2024,,North,,0,,Flat,,,,,,Overcast,750300,0,0,0,2,,,0,,,,,,Auckland Region,Nil,2-way,Sealed,,0,0,,50,,Off,0,0,,76,Auckland,Give way,,,,,0,0,Urban,0,,,Fine,Null
1737141.5492,5960782.8239,878682,,506613,0,0,0,1,0,North,2024/2025,WEST COAST ROAD,PARKER ROAD,,Non-Injury Crash,No,2024,0,North,0,0,0,Flat,0,,0,,0,Dark,146500,0,0,0,2,0,0,0,0,0,,0,1,Auckland Region,Bridge,1-way,Sealed,0,0,0,0,100,0,None,0,0,50,76,Auckland,Nil,0,0,0,0,0,0,Open,0,0,0,Light rain,Null
1758379.4137,5920143.1458,878684,,515902,0,,0,1,,Null,2024/2025,PARNELL RISE,CARLAW PARK AVENUE,,Minor Crash,No,2025,,West,,0,,Hill Road,,,,,,Dark,452200,1,1,0,4,,,0,,,,,,Auckland Region,Nil,2-way,Sealed,,0,0,,50,,On,0,0,,76,Auckland,Stop,,,,,0,0,Urban,0,,,Fine,Null
1755777.6214,5921175.977,878686,,515202,0,0,0,1,0,West,2022/2023,NORTHERN MOTORWAY,FANSHAWE STREET OFF RAMP,,Non-Injury Crash,Yes,2023,0,East,0,0,0,Flat,1,Queens Birthday,0,,0,Dark,425600,0,0,0,5,0,0,0,0,0,,0,0,Auckland Region,Nil,1-way,Sealed,0,0,0,0,80,0,On,0,0,,76,Auckland,Nil,0,0,0,0,0,0,Open,0,0,0,Fine,Null