X,Y,OBJECTID,advisorySpeed,areaUnitID,bicycle,bridge,bus,carStationWagon,cliffBank,crashDirectionDescription,crashFinancialYear,crashLocation1,crashLocation2,crashRoadSideRoad,crashSeverity,crashSHDescription,crashYear,debris,directionRoleDescription,ditch,fatalCount,fence,flatHill,guardRail,holiday,houseOrBuilding,intersection,kerb,light,meshblockId,minorInjuryCount,moped,motorcycle,NumberOfLanes,objectThrownOrDropped,otherObject,otherVehicleType,overBank,parkedVehicle,pedestrian,phoneBoxEtc,postOrPole,region,roadCharacter,roadLane,roadSurface,roadworks,schoolBus,seriousInjuryCount,slipOrFlood,speedLimit,strayAnimal,streetLight,suv,taxi,temporarySpeedLimit,tlaId,tlaName,trafficControl,trafficIsland,trafficSign,train,tree,truck,unknownVehicleType,urban,vanOrUtility,vehicle,waterRiver,weatherA,weatherB
1765884.401,5901247.0781,878688,,524711,0,0,0,1,0,Null,2023/2024,FELLBROOK STREET,EWBANK PLACE,,Non-Injury Crash,No,2024,0,North,0,0,1,Hill Road,0,,0,,0,Overcast,775100,0,0,0,2,0,0,0,0,1,,0,0,Auckland Region,Nil,2-way,Sealed,0,0,0,0,30,0,Off,0,0,,76,Auckland,Nil,0,0,0,0,0,0,Urban,1,0,0,Fine,Null
1746941.0393,5910202.7087,878690,,512000,0,0,0,1,0,South,2023/2024,HUIA ROAD,SCENIC DRIVE,,Non-Injury Crash,No,2023,0,South,0,0,0,Hill Road,1,,0,,0,Dark,297000,0,0,0,2,0,0,0,0,0,,0,0,Auckland Region,Nil,2-way,Sealed,0,0,0,0,50,0,On,0,0,,76,Auckland,Nil,0,0,0,0,0,0,Urban,0,0,0,Fine,Null
1770537.3042,5912711.1902,878692,,523101,0,,0,1,,Null,2025/2026,CASCADES ROAD,BOTANY ROAD,,Minor Crash,No,2025,,East,,0,,Flat,,,,,,Overcast,710517,1,0,0,3,,,0,,,,,,Auckland Region,Nil,2-way,Sealed,,0,0,,50,,Off,0,0,,76,Auckland,Traffic Signals,,,,,0,0,Urban,1,,,Fine,Null
1766045.9085,5915460.7489,878694,,520601,0,,0,1,,South,2023/2024,TRIPOLI ROAD,ORAN ROAD,,Minor Crash,No,2024,,South,,0,,Flat,,,,,,Bright sun,634200,1,0,0,2,,,0,,,,,,Auckland Region,Nil,2-way,Sealed,,0,0,,50,,Off,1,0,,76,Auckland,Nil,,,,,0,0,Urban,0,,,Fine,Null
1761249.9134,5919781.1536,878696,,516400,0,0,0,2,0,South,2024/2025,PARITAI DRIVE,TUHAERE STREET,,Non-Injury Crash,No,2025,0,South,0,0,1,Flat,0,,0,,0,Overcast,496900,0,0,0,2,0,0,0,0,0,,0,0,Auckland Region,Nil,2-way,Sealed,0,0,0,0,50,0,Off,0,0,,76,Auckland,Nil,0,0,0,0,0,0,Urban,0,0,0,Fine,Null
1743927.2162,5924011.8566,878698,,513410,0,,0,1,,Null,2023/2024,FRED TAYLOR DRIVE,HOBSONVILLE ROAD,,Non-Injury Crash,No,2023,,North,,0,,Flat,,,,,,Overcast,224000,0,0,0,3,,,0,,,,,,Auckland Region,Bridge,2-way,Sealed,,0,0,,50,,Off,0,0,,76,Auckland,Traffic Signals,,,,,0,0,Urban,1,,,Fine,Null
1758836.353,5918937.7101,878714,,515901,0,,0,2,,Null,2023/2024,PARNELL ROAD,DOMAIN DRIVE,,Non-Injury Crash,No,2024,,North,,0,,Flat,,,,,,Bright sun,451800,0,0,0,2,,,0,,,,,,Auckland Region,Nil,2-way,Sealed,,0,0,,50,,Off,0,0,,76,Auckland,Traffic Signals,,,,,0,0,Urban,0,,,Fine,Null
1731412.6445,5954024.2758,878717,,506646,0,0,0,3,0,South,2022/2023,KAIPARA COAST HIGHWAY,MAKARAU ROAD,,Non-Injury Crash,Yes,2023,0,North,0,0,0,Hill Road,0,,0,,0,Dark,212404,0,0,0,2,0,0,0,0,0,,0,0,Auckland Region,Nil,2-way,Sealed,0,0,0,0,100,3,None,0,0,,76,Auckland,Nil,0,0,0,0,0,0,Open,0,0,0,Light rain,Null
1764169.7966,5912392.4772,878722,,520500,0,0,0,0,0,East,2024/2025,SOUTHERN MOTORWAY,CLEMOW UNDERPASS,,Minor Crash,Yes,2025,0,North,0,0,0,Flat,1,Christmas New Year,0,,0,Dark,639100,1,0,0,2,0,0,0,0,0,,0,0,Auckland Region,Bridge,1-way,Sealed,0,0,0,0,100,0,On,0,0,,76,Auckland,Nil,0,0,0,0,0,0,Open,1,0,0,Fine,Null
1755349.9008,5921646.663,878725,15,515202,0,0,0,1,0,South,2022/2023,WESTHAVEN DRIVE,CURRAN STREET,,Non-Injury Crash,No,2023,0,North,0,0,0,Flat,0,,0,,0,Dark,423600,0,0,0,2,0,0,0,0,0,,0,0,Auckland Region,Nil,2-way,Sealed,0,0,0,0,30,0,On,0,0,,76,Auckland,Nil,0,0,0,2,0,0,Urban,0,0,0,Light rain,Strong wind
1755321.7539,5929018.5326,878728,,508320,0,,0,2,,North,2023/2024,WAIRAU ROAD,HILLSIDE ROAD,,Non-Injury Crash,No,2024,,South,,0,,Flat,,,,,,Overcast,196700,0,0,0,5,,,0,,,,,,Auckland Region,Nil,2-way,Sealed,,0,0,,50,,Off,0,0,,76,Auckland,Nil,,,,,0,0,Urban,0,,,Light rain,Strong wind
1747650.9245,5940123.6319,878729,,506300,0,0,0,1,0,Null,2023/2024,BAWDEN ROAD,DAIRY STREAM ROAD,,Minor Crash,No,2023,0,West,0,0,1,Flat,0,,0,,0,Dark,176006,1,0,0,2,0,1,0,0,0,,0,0,Auckland Region,Nil,2-way,Sealed,0,0,0,0,60,0,None,0,0,,76,Auckland,Give way,0,0,0,0,0,0,Urban,0,0,0,Mist or Fog,Null
1749450.5859,5916940.674,878732,,514801,0,,0,2,,West,2023/2024,ROSEBANK ROAD,FREMLIN PLACE,,Non-Injury Crash,No,2024,,North,,0,,Flat,,,,,,Dark,389300,0,0,0,2,,,0,,,,,,Auckland Region,Nil,2-way,Sealed,,0,0,,50,,On,0,0,,76,Auckland,Nil,,,,,0,0,Urban,0,,,Fine,Null
1759701.5381,5884619.673,878740,,521121,0,,0,1,,North,2024/2025,GLENBROOK ROAD,BLOMFIELD LANE,,Minor Crash,No,2024,,Null,,0,,Flat,,,,,,Dark,811200,2,0,0,2,,,0,,,1,,,Auckland Region,Nil,2-way,Sealed,,0,0,,80,,None,0,0,,76,Auckland,Nil,,,,,0,0,Open,0,,,Fine,Null
1751451.1885,5949790.4644,878746,,505805,0,0,0,0,0,East,2023/2024,FLORENCE AVENUE,GEORGE LOWE PLACE,,Non-Injury Crash,No,2024,0,South,0,0,0,Flat,0,,0,,0,Bright sun,171500,0,0,0,2,0,1,0,0,0,,0,0,Auckland Region,Nil,2-way,Sealed,0,0,0,0,30,0,Off,0,0,,76,Auckland,Nil,0,0,0,0,0,0,Urban,1,0,0,Fine,Null
1763060.1539,5907924.6125,878754,,524530,0,0,0,2,0,South,2024/2025,MASSEY ROAD,VINE STREET,,Non-Injury Crash,No,2024,0,North,0,0,0,Flat,0,,0,,0,Dark,733300,0,0,0,2,0,0,0,0,0,,0,0,Auckland Region,Nil,2-way,Sealed,0,0,0,0,50,0,On,0,0,,76,Auckland,Nil,1,0,0,0,0,0,Urban,0,0,0,Fine,Null
1754199.1545,5918873.9104,878760,,515431,0,,0,1,,Null,2025/2026,SURREY CRESCENT,OLD MILL ROAD,,Minor Crash,No,2025,,West,,0,,Flat,,,,,,Twilight,403300,1,0,1,2,,,0,,,,,,Auckland Region,Nil,2-way,Sealed,,0,0,,50,,Off,0,0,,76,Auckland,Give way,,,,,0,0,Urban,0,,,Fine,Null
1767534.0769,5905558.9639,878761,,523722,0,,0,2,,North,2022/2023,SOUTHERN MOTORWAY,TE IRIRANGI DRIVE OFF RAMP,,Minor Crash,Yes,2023,,South,,0,,Flat,,,,,,Twilight,715701,1,0,0,4,,,0,,,,,,Auckland Region,Motorway ramp,2-way,Sealed,,0,0,,100,,On,0,0,,76,Auckland,Nil,,,,,0,0,Open,0,,,Fine,Null
1768154.1961,5907744.5224,878762,,523711,0,0,0,1,0,Null,2023/2024,ORMISTON ROAD,PRESTON ROAD,,Non-Injury Crash,No,2024,0,West,0,0,0,Flat,0,,0,,1,Dark,713600,0,0,0,2,0,0,0,0,0,,0,0,Auckland Region,Nil,2-way,Sealed,0,0,0,0,50,0,On,0,0,,76,Auckland,Traffic Signals,0,0,0,0,0,0,Urban,0,0,0,Fine,Null
1776012.7126,5883675.4327,878767,35,521160,0,0,0,1,0,Null,2022/2023,GREAT SOUTH ROAD,BOMBAY ROAD,,Non-Injury Crash,No,2023,0,North,0,0,0,Flat,0,,0,,0,Bright sun,827800,0,0,0,2,0,0,0,0,0,,0,1,Auckland Region,Nil,2-way,Sealed,0,0,0,0,100,0,Off,0,0,,76,Auckland,Stop,0,0,0,0,0,0,Open,0,0,0,Fine,Null
1760595.3426,5908464.4215,878772,,524403,0,,0,2,,Null,2025/2026,ROBERTSON ROAD,WAKEFIELD ROAD,,Non-Injury Crash,No,2025,,South,,0,,Flat,,,,,,Dark,729903,0,0,0,2,,,0,,,,,,Auckland Region,Nil,2-way,Sealed,,0,0,,50,,On,0,0,,76,Auckland,Give way,,,,,0,0,Urban,0,,,Fine,Null
1767705.6355,5903916.7382,878773,,524602,0,,0,2,,East,2023/2024,AIRPORT OFF RAMP,SOUTH-WESTERN MOTORWAY,,Minor Crash,Yes,2023,,West,,0,,Flat,,,,,,Bright sun,780417,2,0,0,3,,,0,,,,,,Auckland Region,Motorway ramp,1-way,Sealed,,0,0,,100,,Off,0,0,,76,Auckland,Nil,,,,,0,0,Open,1,,,Fine,Null
1747268.4962,5958926.9617,878780,,506613,0,0,0,1,0,East,2023/2024,AHUROA ROAD,TUNNEL ROAD,,Non-Injury Crash,No,2024,0,South,0,0,0,Hill Road,0,,0,,0,Overcast,146901,0,0,0,2,0,0,0,0,0,,0,1,Auckland Region,Nil,2-way,Sealed,0,0,0,0,100,0,Off,0,0,,76,Auckland,Nil,0,0,0,0,0,0,Open,0,0,0,Fine,Null
1770316.7321,5911326.9134,878782,,523105,0,,0,1,,Null,2024/2025,TI RAKAU DRIVE,BOTANY ROAD,,Non-Injury Crash,No,2024,,East,,0,,Flat,,,,,,Dark,711185,0,0,0,4,,,0,,,,,,Auckland Region,Nil,1-way,Sealed,,0,0,,50,,Off,1,0,,76,Auckland,Traffic Signals,,,,,0,0,Urban,0,,,Fine,Null
1759826.5043,5915722.0943,878783,,519200,0,,0,2,,West,2022/2023,GREEN LANE WEST,GREAT SOUTH ROAD,,Minor Crash,No,2023,,East,,0,,Flat,,,,,,Overcast,616000,1,0,0,4,,,0,,,,,,Auckland Region,Nil,2-way,Sealed,,0,0,,50,,Off,0,0,,76,Auckland,Nil,,,,,0,0,Urban,0,,,Fine,Null
1757880.4,5920894.6225,878791,,514101,0,,0,1,,Null,2023/2024,TYLER STREET,BRITOMART PLACE,,Minor Crash,No,2023,,East,,0,,Flat,,,,,,Bright sun,438103,1,0,0,2,,,0,,,1,,,Auckland Region,Nil,2-way,Sealed,,0,0,,30,,Off,0,0,,76,Auckland,Give way,,,,,0,0,Urban,0,,,Fine,Null
1753886.6297,5913402.8653,878792,,518901,0,,0,1,,West,2024/2025,WHITE SWAN ROAD,RICHARDSON ROAD,,Minor Crash,No,2025,,East,,0,,Flat,,,,,,Bright sun,585101,2,0,0,4,,,0,,,,,,Auckland Region,Nil,2-way,Sealed,,0,0,,50,,Off,0,0,,76,Auckland,Nil,,,,,0,0,Urban,1,,,Fine,Null
1761702.7016,5912467.725,878801,,519500,0,,0,0,,East,2022/2023,CHURCH STREET,NEILSON STREET,,Minor Crash,No,2023,,East,,0,,Flat,,,,,,Dark,622400,1,0,0,5,,,0,,,1,,,Auckland Region,Nil,2-way,Sealed,,0,0,,50,,Off,0,0,,76,Auckland,Nil,,,,,0,0,Urban,1,,,Fine,Null
1769729.661,5914177.7108,878804,,522722,0,,0,1,,South,2023/2024,AVIEMORE DRIVE,HIGHLAND PARK DRIVE,,Non-Injury Crash,No,2024,,North,,0,,Flat,,,,,,Bright sun,681324,0,0,0,2,,,0,,,,,,Auckland Region,Nil,2-way,Sealed,,0,0,,50,,Off,0,0,,76,Auckland,Nil,,,,,0,0,Urban,0,,,Fine,None
1773824.6354,5895984.1159,878806,,525620,0,,0,2,,Null,2024/2025,SETTLEMENT ROAD,LAURIE AVENUE,,Non-Injury Crash,No,2024,,West,,0,,Null,,,,,,Unknown,797900,0,0,0,2,,,0,,,,,,Auckland Region,Nil,2-way,Null,,0,0,,50,,Null,1,0,,76,Auckland,Stop,,,,,0,0,Urban,0,,,Null,Null
1742836.2191,5919101.3746,878809,,513211,0,0,0,1,0,Null,2022/2023,ARMADA DRIVE,KILMARNOCK AVENUE,,Non-Injury Crash,No,2023,0,South,0,0,0,Hill Road,0,,0,,0,Bright sun,235724,0,0,0,2,0,0,0,0,1,,0,0,Auckland Region,Nil,2-way,Sealed,0,0,0,0,50,0,Off,0,0,,76,Auckland,Nil,0,0,0,0,1,0,Urban,0,0,0,Fine,Null
1746364.1697,5940013.1208,878814,,506300,0,,0,1,,Null,2024/2025,DAIRY FLAT HIGHWAY,BLACKBRIDGE ROAD,,Serious Crash,No,2025,,East,,0,,Hill Road,,,,,,Overcast,175904,0,0,1,2,,,0,,,,,,Auckland Region,Nil,2-way,Sealed,,0,1,,80,,Off,0,0,,76,Auckland,Stop,,,,,0,0,Open,0,,,Fine,Null
1767990.5189,5908635.2204,878815,,523502,0,,0,1,,Null,2023/2024,OFF ROAD - CAR PARK,,,Serious Crash,No,2024,,South,,0,,Flat,,,,,,Bright sun,702100,0,0,0,,,,0,,,1,,,Auckland Region,Nil,Off road,Sealed,,0,1,,,,Off,0,0,,76,Auckland,Nil,,,,,0,0,Urban,0,,,Fine,Null
1761326.9092,5916750.368,878817,,516003,0,,0,0,,North,2023/2024,REMUERA ROAD,TAHORA AVENUE,,Serious Crash,No,2023,,North,,0,,Flat,,,,,,Dark,495800,0,0,0,4,,,0,,,1,,,Auckland Region,Nil,2-way,Sealed,,0,1,,50,,On,0,0,,76,Auckland,Nil,,,,,0,0,Urban,1,,,Fine,Null
1750885.1019,5950107.6466,878819,,505805,0,0,0,2,0,East,2023/2024,WEST HOE ROAD,WEST HOE HEIGHTS,,Non-Injury Crash,No,2023,0,North,0,0,0,Flat,0,,0,,0,Twilight,171313,0,0,0,2,0,0,0,0,2,,0,0,Auckland Region,Nil,2-way,Sealed,0,0,0,0,50,0,Off,0,0,,76,Auckland,Nil,0,0,0,0,0,0,Urban,1,0,0,Fine,Null
1763736.2269,5913352.5637,878820,,520402,0,,0,1,,Null,2024/2025,MOUNT WELLINGTON HIGHWAY,HAMLIN ROAD,,Non-Injury Crash,No,2024,,South,,0,,Flat,,,,,,Twilight,640300,0,0,0,4,,,0,,,,,,Auckland Region,Nil,2-way,Sealed,,0,0,,50,,Off,0,0,,76,Auckland,Stop,,,,,1,0,Urban,0,,,Fine,Null
1769046.5127,5911527.9118,878823,,523113,0,,0,2,,Null,2023/2024,TI RAKAU DRIVE,HARRIS ROAD,,Minor Crash,No,2024,,West,,0,,Flat,,,,,,Twilight,711703,1,0,0,2,,,0,,,,,,Auckland Region,Nil,1-way,Sealed,,0,0,,60,,On,0,0,,76,Auckland,Traffic Signals,,,,,0,0,Urban,0,,,Fine,Null
1745244.5778,5923766.674,878826,,513521,0,0,0,1,0,Null,2024/2025,MOIRE ROAD,RENA PLACE,,Serious Crash,No,2024,0,South,0,0,0,Hill Road,0,,0,,1,Bright sun,224229,0,0,1,2,0,0,0,0,0,,0,0,Auckland Region,Nil,2-way,Sealed,0,0,1,0,50,0,Off,0,0,,76,Auckland,Give way,0,0,0,0,0,0,Urban,0,0,0,Fine,Null
1760434.2354,5906157.8956,878830,,524200,0,,0,1,,Null,2024/2025,MASSEY ROAD,PENINSULA ROAD,,Minor Crash,No,2024,,West,,0,,Flat,,,,,,Bright sun,728621,1,0,0,2,,,0,,,,,,Auckland Region,Nil,2-way,Sealed,,0,0,,50,,Off,1,0,,76,Auckland,Give way,,,,,0,0,Urban,0,,,Fine,Null
1770649.5592,5910267.1884,878832,,523109,0,,0,1,,Null,2025/2026,MACNEAN DRIVE,MULROY PLACE,,Minor Crash,No,2025,,South,,0,,Flat,,,,,,Overcast,712015,1,0,0,2,,,0,,,1,,,Auckland Region,Nil,2-way,Sealed,,0,0,,50,,Off,0,0,,76,Auckland,Nil,,,,,0,0,Urban,0,,,Fine,Null
1751737.4062,5917264.5753,878834,,514900,0,,0,1,,North,2024/2025,GREAT NORTH ROAD,OAKLEY AVENUE,,Minor Crash,No,2024,,South,,0,,Flat,,,,,,Overcast,384701,1,0,0,4,,,0,,,,,,Auckland Region,Nil,2-way,Sealed,,0,0,,50,,Off,0,0,,76,Auckland,Nil,,,,,0,0,Urban,1,,,Fine,Null
1767429.9505,5905922.9774,878835,,523601,0,,0,1,,North,2022/2023,SOUTHERN MOTORWAY,REAGAN OBR,,Non-Injury Crash,Yes,2023,,South,,0,,Flat,,,,,,Overcast,707200,0,0,0,3,,,0,,,,,,Auckland Region,Nil,1-way,Sealed,,0,0,,100,,Off,0,0,,76,Auckland,Nil,,,,,0,0,Open,1,,,Fine,Null
1743784.9063,5919222.8555,878846,,513213,0,,0,1,,Null,2023/2024,METCALFE ROAD,SWANSON ROAD,,Non-Injury Crash,No,2024,,East,,0,,Hill Road,,,,,,Bright sun,235803,0,0,0,2,,,0,,,,,,Auckland Region,Nil,2-way,Sealed,,0,0,,50,,Off,1,0,,76,Auckland,Give way,,,,,0,0,Urban,0,,,Fine,Null
1763670.5209,5909745.0726,878848,,521901,0,,0,0,,Null,2023/2024,NIKAU ROAD,STATION ROAD,,Non-Injury Crash,No,2024,,West,,0,,Flat,,,,,,Dark,784300,0,0,0,2,,,0,,,,,,Auckland Region,Nil,2-way,Sealed,,0,0,,50,,On,1,0,,76,Auckland,Stop,,,,,1,0,Urban,0,,,Fine,Null
1766346.1727,5907560.3495,878849,,523601,0,,0,2,,Null,2022/2023,EAST TAMAKI ROAD,EAST TAMAKI ROAD OFF RAMP,,Non-Injury Crash,No,2023,,South,,0,,Flat,,,,,,Overcast,708500,0,0,0,4,,,0,,,,,,Auckland Region,Nil,2-way,Sealed,,0,0,,50,,Off,0,0,,76,Auckland,Traffic Signals,,,,,0,0,Urban,0,,,Fine,Null
1774821.9903,5896371.9448,878850,,525610,0,,0,1,,North,2023/2024,DOMINION ROAD,MILSON DRIVE,,Non-Injury Crash,No,2024,,North,,0,,Flat,,,,,,Dark,799109,0,0,0,2,,,0,,,,,,Auckland Region,Nil,2-way,Sealed,,0,0,,50,,On,0,0,,76,Auckland,Nil,,,,,0,0,Urban,1,,,Fine,Null
1772946.7309,5900423.4649,878853,,523813,0,,0,3,,South,2022/2023,MILL ROAD,POPES ROAD,,Non-Injury Crash,No,2023,,South,,0,,Flat,,,,,,Overcast,761000,0,0,0,2,,,0,,,,,,Auckland Region,Nil,2-way,Sealed,,0,0,,80,,None,0,0,,76,Auckland,Nil,,,,,0,0,Open,0,,,Fine,Null
1768854.2022,5900893.4769,878856,,525001,0,,0,1,,North,2023/2024,GREAT SOUTH ROAD,WEYMOUTH ROAD,,Non-Injury Crash,No,2024,,North,,0,,Flat,,,,,,Dark,751600,0,0,0,2,,,0,,,,,,Auckland Region,Nil,2-way,Sealed,,0,0,,50,,On,1,0,,76,Auckland,Nil,,,,,0,0,Urban,0,,,Fine,Null
1769426.8655,5884264.7261,878860,,521122,0,,0,0,,South,2024/2025,CAPE HILL ROAD,TUHIMATA ROAD,,Serious Crash,No,2025,,South,,0,,Hill Road,,,,,,Overcast,813400,0,1,0,2,,,0,,,,,,Auckland Region,Nil,2-way,Sealed,,0,1,,60,,None,0,0,,76,Auckland,Nil,,,,,1,0,Urban,0,,,Fine,Null
1734918.1689,5932633.7927,878864,45,505605,0,0,0,0,0,South,2024/2025,OLD NORTH ROAD,WAIKOUKOU VALLEY ROAD,,Minor Crash,No,2024,0,South,0,0,0,Hill Road,0,,0,,0,Overcast,215700,2,0,0,2,0,0,0,0,0,,0,0,Auckland Region,Nil,2-way,Sealed,0,0,0,0,80,0,None,0,0,,76,Auckland,Nil,0,0,0,1,0,0,Open,1,0,0,Light rain,Null
1773336.6624,5899654.8876,878870,,523813,0,,0,2,,East,2024/2025,AIRFIELD ROAD,MILL ROAD,,Non-Injury Crash,No,2024,,West,,0,,Null,,,,,,Dark,761000,0,0,0,2,,,0,,,,,,Auckland Region,Nil,2-way,Sealed,,0,0,,80,,Null,0,0,,76,Auckland,Nil,,,,,0,0,Open,0,,,Light rain,Null
1764510.7788,5918143.4178,878874,45,517001,0,,0,2,,Null,2024/2025,ST HELIERS BAY ROAD,ST JOHNS ROAD,,Minor Crash,No,2024,,West,,0,,Flat,,,,,,Bright sun,463800,1,0,0,1,,,0,,,,,,Auckland Region,Nil,1-way,Sealed,,0,0,,50,,Off,0,0,,76,Auckland,Give way,,,,,0,0,Urban,0,,,Fine,Null
1770133.9256,5907250.8112,878884,,523713,0,,0,0,,Null,2023/2024,MAHY PLACE,ORMISTON ROAD,,Non-Injury Crash,No,2024,,South,,0,,Flat,,,,,,Unknown,712401,0,0,0,2,,,0,,,,,,Auckland Region,Nil,2-way,Sealed,,0,0,,50,,Null,1,0,,76,Auckland,Traffic Signals,,,,,1,0,Urban,0,,,Fine,None
1763268.2578,5920197.8478,878886,,516500,0,0,0,3,0,North,2023/2024,PATTESON AVENUE,TAGALAD ROAD,,Non-Injury Crash,No,2024,0,North,0,0,0,Flat,0,,0,,0,Bright sun,500800,0,0,0,2,0,0,0,0,1,,0,0,Auckland Region,Nil,2-way,Sealed,0,0,0,0,50,0,Off,0,0,,76,Auckland,Nil,0,0,0,0,0,0,Urban,0,0,0,Fine,Null
1768112.7214,5903832.2914,878900,,524602,0,0,0,1,0,East,2023/2024,AIRPORT OFF RAMP,GREAT SOUTH OBR,,Non-Injury Crash,Yes,2024,0,West,0,0,0,Flat,1,Queens Birthday,0,,0,Dark,780506,0,0,0,2,0,0,0,0,0,,0,0,Auckland Region,Nil,1-way,Sealed,0,0,0,0,100,0,On,0,0,,76,Auckland,Nil,0,0,0,0,0,0,Open,0,0,0,Fine,Null
1756197.8479,5924173.4159,878906,,509800,0,0,0,1,0,South,2024/2025,NORTHERN MOTORWAY,ONEWA ROAD ON RAMP,,Non-Injury Crash,Yes,2024,0,North,0,0,0,Flat,1,,0,,0,Overcast,361100,0,0,0,3,0,0,0,0,0,,0,0,Auckland Region,Nil,1-way,Sealed,0,0,0,0,80,0,Off,0,0,,76,Auckland,Nil,0,0,0,0,0,0,Open,0,0,0,Fine,Null
1764194.3271,5909699.4682,878908,,521901,0,,0,2,,Null,2024/2025,GREAT SOUTH ROAD,HALL AVENUE,,Non-Injury Crash,No,2024,,South,,0,,Null,,,,,,Bright sun,784100,0,0,0,2,,,0,,,,,,Auckland Region,Nil,2-way,Sealed,,0,0,,50,,Null,0,0,,76,Auckland,Stop,,,,,0,0,Urban,0,,,Fine,Null
1768951.178,5903151.8042,878909,,523820,0,0,0,1,0,East,2022/2023,DEODAR PLACE,EVERGLADE DRIVE,,Serious Crash,No,2023,0,West,0,0,0,Hill Road,0,,0,,0,Bright sun,760126,0,0,1,2,0,0,0,0,1,,0,0,Auckland Region,Nil,2-way,Sealed,0,0,1,0,50,0,Off,0,0,,76,Auckland,Nil,0,0,0,0,0,0,Urban,0,0,0,Fine,Null
1757134.9999,5919146.9961,878910,,514301,0,,0,0,,North,2023/2024,SOUTHERN MOTORWAY,SYMONDS STREET ON RAMP,,Non-Injury Crash,Yes,2024,,South,,0,,Null,,,,,,Unknown,441200,0,0,0,3,,,0,,,,,,Auckland Region,Nil,1-way,Null,,0,0,,80,,Null,1,0,,76,Auckland,Nil,,,,,0,0,Open,0,,,Null,Null
1758613.3933,5920401.5525,878916,,515902,0,,0,1,,West,2024/2025,THE STRAND,AUGUSTUS STEPS,,Non-Injury Crash,Yes,2024,,East,,0,,Flat,,,,,,Overcast,453000,0,0,1,3,,,0,,,,,,Auckland Region,Nil,2-way,Sealed,,0,0,,50,,Off,0,0,,76,Auckland,Nil,,,,,0,0,Urban,0,,,Fine,Null
1780600.2751,5887204.3443,878917,,521132,0,0,0,1,0,West,2022/2023,ARARIMU ROAD,TURNER ROAD,,Minor Crash,No,2023,0,East,0,0,1,Flat,0,,0,,0,Dark,814502,1,0,0,2,0,0,0,0,0,,0,0,Auckland Region,Nil,2-way,Sealed,0,0,0,0,100,0,None,0,0,,76,Auckland,Nil,0,0,0,0,0,0,Open,0,0,0,Fine,Null
1767758.3624,5903220.4342,878920,45,524602,0,0,0,3,0,Null,2023/2024,INVERELL AVENUE,ILIAD PLACE,,Non-Injury Crash,No,2024,0,South,0,0,0,Flat,0,,0,,0,Dark,780410,0,0,0,2,0,0,0,0,2,,0,0,Auckland Region,Nil,2-way,Sealed,0,0,0,0,50,0,On,0,0,,76,Auckland,Nil,0,0,0,0,0,0,Urban,0,0,0,Fine,None
1762070.9656,5913841.679,878922,,520401,0,,0,2,,North,2024/2025,SOUTHERN MOTORWAY,PENROSE OBR,,Non-Injury Crash,Yes,2024,,South,,0,,Null,,,,,,Overcast,644300,0,0,0,3,,,0,,,,,,Auckland Region,Nil,1-way,Sealed,,0,0,,100,,Null,0,0,,76,Auckland,Nil,,,,,0,0,Open,0,,,Light rain,Null
1758530.3416,5918600.6633,878926,,517400,0,0,0,1,0,South,2024/2025,DAVIS CRESCENT,ALMA STREET,,Non-Injury Crash,No,2024,0,North,0,0,0,Null,0,,0,,0,Overcast,451000,0,0,0,2,0,0,0,0,1,,0,0,Auckland Region,Nil,2-way,Sealed,0,0,0,0,50,0,Null,1,0,,76,Auckland,Nil,0,0,0,0,0,1,Urban,0,0,0,Light rain,Null
1769983.5669,5901002.8957,878929,,523816,0,0,0,2,0,South,2022/2023,SHIFNAL DRIVE,SECRETARIAT PLACE,,Non-Injury Crash,No,2023,0,North,0,0,0,Flat,0,,0,,0,Dark,759724,0,0,0,2,0,0,0,0,1,,0,0,Auckland Region,Nil,2-way,Sealed,0,0,0,0,50,0,On,0,0,,76,Auckland,Nil,0,0,0,0,0,0,Urban,0,0,0,Fine,Null
1753730.096,5875126.1553,878930,,526105,0,,0,1,,Null,2024/2025,FRANCE STREET,GEORGE STREET,,Minor Crash,No,2025,,East,,0,,Flat,,,,,,Overcast,835202,3,0,0,2,,,0,,,,,,Auckland Region,Nil,2-way,Sealed,,0,0,,50,,Off,1,0,,76,Auckland,Stop,,,,,0,0,Urban,0,,,Heavy rain,Null
1749526.1531,5927997.6952,878944,,509100,1,,0,0,,Null,2025/2026,TAUHINU ROAD,TAUHINU ROAD OFF RAMP,,Minor Crash,No,2025,,West,,0,,Hill Road,,,,,,Twilight,181703,1,0,0,1,,,0,,,,,,Auckland Region,Nil,1-way,Sealed,,0,0,,50,,On,1,0,,76,Auckland,Give way,,,,,0,0,Urban,0,,,Fine,Null
1768562.4401,5901011.5807,878952,,525001,0,0,0,1,0,Null,2024/2025,MAICH ROAD,STATION ROAD,,Non-Injury Crash,No,2024,0,North,0,0,1,Flat,0,,0,,1,Dark,751400,0,0,0,2,0,0,0,0,0,,0,0,Auckland Region,Nil,2-way,Sealed,0,0,0,0,50,0,On,0,0,,76,Auckland,Give way,0,0,0,0,0,0,Urban,1,0,0,Fine,Null