X,Y,OBJECTID,advisorySpeed,areaUnitID,bicycle,bridge,bus,carStationWagon,cliffBank,crashDirectionDescription,crashFinancialYear,crashLocation1,crashLocation2,crashRoadSideRoad,crashSeverity,crashSHDescription,crashYear,debris,directionRoleDescription,ditch,fatalCount,fence,flatHill,guardRail,holiday,houseOrBuilding,intersection,kerb,light,meshblockId,minorInjuryCount,moped,motorcycle,NumberOfLanes,objectThrownOrDropped,otherObject,otherVehicleType,overBank,parkedVehicle,pedestrian,phoneBoxEtc,postOrPole,region,roadCharacter,roadLane,roadSurface,roadworks,schoolBus,seriousInjuryCount,slipOrFlood,speedLimit,strayAnimal,streetLight,suv,taxi,temporarySpeedLimit,tlaId,tlaName,trafficControl,trafficIsland,trafficSign,train,tree,truck,unknownVehicleType,urban,vanOrUtility,vehicle,waterRiver,weatherA,weatherB
1764747.3089,5911359.8594,878956,,520500,0,,0,3,,South,2024/2025,SOUTHERN MOTORWAY,PANAMA OBR,,Non-Injury Crash,Yes,2024,,North,,0,,Flat,,,,,,Overcast,636200,0,0,0,3,,,0,,,,,,Auckland Region,Nil,1-way,Sealed,,0,0,,100,,Off,1,0,,76,Auckland,Nil,,,,,2,0,Open,0,,,Fine,Null
1759729.8434,5906680.7566,878959,,524111,0,0,0,1,0,North,2022/2023,THOMAS ROAD,JORDAN ROAD,,Non-Injury Crash,No,2023,0,North,0,0,0,Flat,0,,0,,0,Dark,740200,0,0,0,2,0,0,0,0,1,,0,0,Auckland Region,Nil,2-way,Sealed,0,0,0,0,50,0,On,0,0,,76,Auckland,Nil,0,0,0,0,0,0,Urban,1,0,0,Fine,Null
1764093.3368,5915840.1207,878960,,517202,0,0,0,2,0,North,2024/2025,TIHI STREET,STONEFIELDS AVENUE,,Non-Injury Crash,No,2025,0,North,0,0,0,Flat,0,,0,,0,Dark,465306,0,0,0,2,0,0,0,0,1,,0,0,Auckland Region,Nil,2-way,Sealed,0,0,0,0,30,0,On,0,0,,76,Auckland,Nil,0,0,0,0,0,0,Urban,0,0,0,Fine,Null
1770664.0297,5912572.5282,878963,,523106,0,,0,1,,North,2023/2024,ASTORIA PLACE,SHANNON PLACE,,Minor Crash,No,2023,,North,,0,,Flat,,,,,,Bright sun,711166,1,0,0,2,,,0,,,,,,Auckland Region,Nil,2-way,Sealed,,0,0,,50,,Off,1,0,30,76,Auckland,Nil,,,,,0,0,Urban,0,,,Fine,Null
1735147.4412,5909218.8074,878967,,513800,0,0,0,1,0,West,2023/2024,PIHA ROAD,ANAWHATA ROAD,,Minor Crash,No,2023,0,South,1,0,0,Hill Road,0,,0,,0,Bright sun,282007,1,0,0,2,0,0,0,0,0,,0,0,Auckland Region,Nil,2-way,Sealed,0,0,0,0,60,0,Off,0,0,,76,Auckland,Nil,0,0,0,0,1,0,Urban,0,0,0,Fine,Null
1774696.932,5897790.6681,878972,,523813,0,0,0,3,0,West,2024/2025,OLD WAIROA ROAD,OKAWA AVENUE,,Non-Injury Crash,No,2024,0,West,0,0,0,Flat,0,Christmas New Year,0,,0,Dark,761602,0,0,0,2,0,0,0,0,1,,0,0,Auckland Region,Nil,2-way,Sealed,0,0,0,0,50,0,On,0,0,,76,Auckland,Nil,0,0,0,0,0,0,Urban,0,0,0,Fine,Null
1752907.4062,5918331.6888,878974,,515002,0,0,0,2,0,East,2024/2025,GREAT NORTH ROAD,MOA ROAD,,Non-Injury Crash,No,2024,0,West,0,0,0,Flat,0,Labour Weekend,0,,0,Overcast,390501,0,0,0,3,0,0,0,0,1,,0,0,Auckland Region,Nil,2-way,Sealed,0,0,0,0,50,0,On,0,0,,76,Auckland,Nil,0,1,0,0,0,0,Urban,0,0,0,Fine,Null
1745008.7679,5928648.8708,878976,35,513420,0,,0,1,,West,2024/2025,TOTARA ROAD,KARAKA ROAD,,Serious Crash,No,2025,,West,,0,,Flat,,,,,,Overcast,220500,0,0,0,2,,,0,,,,,,Auckland Region,Nil,2-way,Sealed,,0,2,,60,,Off,1,0,,76,Auckland,Nil,,,,,0,0,Urban,0,,,Light rain,Null
1750970.622,5914801.458,878992,,514402,0,,0,1,,Null,2023/2024,GREAT NORTH ROAD,LARCH STREET,,Non-Injury Crash,No,2024,,North,,0,,Null,,,,,,Unknown,381200,0,0,0,2,,,0,,,,,,Auckland Region,Nil,2-way,Sealed,,0,0,,50,,Null,1,0,,76,Auckland,Give way,,,,,0,0,Urban,0,,,Null,Null
1767530.3949,5904215.5773,878994,,524602,0,,0,2,,Null,2024/2025,CLIST CRESCENT,MANUKAU STATION ROAD,,Non-Injury Crash,No,2024,,North,,0,,Null,,,,,,Bright sun,780416,0,0,0,2,,,0,,,,,,Auckland Region,Nil,2-way,Sealed,,0,0,,50,,Null,0,0,,76,Auckland,Traffic Signals,,,,,0,0,Urban,0,,,Fine,Null
1733368.0207,5946665.2829,878995,,506647,0,,0,1,,East,2022/2023,KAIPARA COAST HIGHWAY,NORTH CRESCENT,,Serious Crash,Yes,2023,,East,,0,,Flat,,,,,,Dark,212507,0,0,0,1,,,0,,,1,,,Auckland Region,Nil,2-way,Sealed,,0,1,,50,,On,0,0,,76,Auckland,Nil,,,,,0,0,Urban,0,,,Fine,Null
1766244.5083,5901135.5754,879001,,524711,0,0,0,0,0,East,2023/2024,BURBANK AVENUE,SMEDLEY STREET,,Non-Injury Crash,No,2023,0,East,0,0,1,Flat,0,,0,,0,Bright sun,775400,0,0,0,2,0,0,0,0,0,,0,0,Auckland Region,Nil,2-way,Sealed,0,0,0,0,50,0,Off,0,0,,76,Auckland,Nil,0,0,0,0,0,0,Urban,1,0,0,Fine,Null
1745368.6699,5915983.0607,879004,,510800,0,,0,1,,West,2024/2025,BRUCE MCLAREN ROAD,RAILSIDE AVENUE,,Non-Injury Crash,No,2024,,South,,0,,Flat,,,,,,Overcast,242501,0,0,0,2,,,0,,,,,,Auckland Region,Nil,2-way,Sealed,,0,0,,50,,Off,0,0,,76,Auckland,Nil,,,,,1,0,Urban,0,,,Fine,Null
1766616.989,5905907.4474,879011,,522302,0,,0,2,,South,2023/2024,GREAT SOUTH ROAD,CARLIE STREET,,Non-Injury Crash,No,2023,,South,,0,,Flat,,,,,,Bright sun,669200,0,0,0,4,,,0,,,,,,Auckland Region,Nil,2-way,Sealed,,0,0,,50,,Off,0,0,,76,Auckland,Nil,,,,,0,0,Urban,0,,,Fine,Null
1750377.7749,5913765.7001,879020,,511303,0,,0,2,,Null,2024/2025,WARD STREET,CLARK STREET,,Non-Injury Crash,No,2024,,East,,0,,Flat,,,,,,Dark,265002,0,0,0,4,,,0,,,,,,Auckland Region,Nil,2-way,Sealed,,0,0,,50,,On,0,0,,76,Auckland,Traffic Signals,,,,,0,0,Urban,0,,,Fine,Null
1774991.4371,5890160.4487,879025,,521301,0,0,0,0,0,South,2022/2023,FITZGERALD ROAD,COSSEY ROAD,,Non-Injury Crash,No,2023,0,South,0,0,0,Flat,0,,0,,0,Dark,809003,0,0,0,2,0,0,0,0,0,,0,0,Auckland Region,Nil,2-way,Sealed,0,0,0,0,80,1,None,0,0,,76,Auckland,Nil,0,0,0,0,0,0,Open,1,0,0,Fine,Null
1765229.1189,5909493.7823,879026,,521802,0,,0,1,,North,2023/2024,SOUTHERN MOTORWAY,TAMAKI RIV BR,,Non-Injury Crash,Yes,2024,,North,,0,,Flat,,,,,,Dark,788400,0,0,0,4,,,0,,,,,,Auckland Region,Nil,1-way,Sealed,,0,0,,100,,On,0,0,,76,Auckland,Nil,,,,,1,0,Open,0,,,Fine,Null
1755955.8739,5917083.5377,879030,,518201,0,0,0,2,0,Null,2024/2025,DOMINION ROAD,PROSPECT TERRACE,,Serious Crash,No,2024,0,North,0,0,0,Flat,0,,1,,0,Twilight,548200,0,0,0,2,0,0,0,0,1,,0,0,Auckland Region,Nil,2-way,Sealed,0,0,1,0,50,0,Off,0,0,,76,Auckland,Stop,0,0,0,0,0,0,Urban,0,0,0,Fine,Null
1747912.9658,5912515.9855,879031,,511901,0,0,0,0,0,Null,2024/2025,ATKINSON ROAD,PLEASANT ROAD,,Serious Crash,No,2024,0,North,0,0,0,Hill Road,0,,0,,0,Dark,294401,0,0,1,3,0,0,0,0,0,,0,0,Auckland Region,Nil,2-way,Sealed,0,0,1,0,50,0,On,0,0,,76,Auckland,Give way,1,0,0,0,0,0,Urban,0,0,0,Fine,Null
1762030.4421,5913395.514,879037,,520500,0,,0,1,,East,2022/2023,GREAT SOUTH ROAD,PENROSE ROAD,,Non-Injury Crash,No,2023,,East,,0,,Flat,,,,,,Overcast,637100,0,0,0,4,,,0,,,,,,Auckland Region,Nil,2-way,Sealed,,0,0,,50,,Off,0,0,,76,Auckland,Nil,,,,,1,0,Urban,0,,,Fine,Null
1745468.1916,5917456.6889,879042,,510700,0,,0,1,,West,2024/2025,ALDERMAN DRIVE,RATANUI STREET,,Non-Injury Crash,No,2024,,East,,0,,Null,,,,,,Overcast,239900,0,0,0,4,,,0,,,,,,Auckland Region,Nil,2-way,Sealed,,0,0,,50,,Null,0,0,,76,Auckland,Nil,,,,,1,0,Urban,0,,,Fine,Null
1755322.179,5930279.9762,879043,,508510,0,,0,0,,South,2022/2023,SUNNYNOOK ROAD,BECROFT DRIVE,,Minor Crash,No,2023,,South,,0,,Flat,,,,,,Bright sun,194408,1,0,0,2,,,0,,,1,,,Auckland Region,Nil,2-way,Sealed,,0,0,,50,,Off,0,0,,76,Auckland,Nil,,,,,0,0,Urban,1,,,Fine,Null
1751175.8217,5912183.9061,879044,,514700,0,,0,3,,North,2024/2025,KINROSS STREET,ENDEAVOUR STREET,,Non-Injury Crash,No,2025,,North,,0,,Hill Road,,,,,,Overcast,368200,0,0,0,2,,,0,,,,,,Auckland Region,Nil,2-way,Sealed,,0,0,,50,,None,0,0,,76,Auckland,Nil,,,,,0,0,Urban,0,,,Fine,Null
1768336.053,5906129.4032,879052,,523721,0,0,0,1,0,Null,2024/2025,FLAT BUSH ROAD,RAVENNA WAY,,Non-Injury Crash,No,2024,0,East,0,0,1,Flat,0,,0,,0,Overcast,715509,0,0,0,2,0,0,0,0,0,,0,0,Auckland Region,Nil,2-way,Sealed,0,0,0,0,50,0,None,0,0,,76,Auckland,Nil,0,0,0,0,0,0,Urban,0,0,0,Light rain,Null
1751373.0326,5936491.6894,879060,,506300,0,0,0,1,0,North,2024/2025,WRIGHT ROAD,ALBANY HEIGHTS ROAD,,Non-Injury Crash,No,2024,0,East,0,0,1,Hill Road,0,,0,,0,Bright sun,176003,0,0,0,2,0,0,0,0,0,,0,0,Auckland Region,Nil,2-way,Sealed,0,0,0,0,60,0,None,0,0,,76,Auckland,Nil,0,0,0,0,0,0,Urban,0,0,0,Fine,Null
1774485.5334,5896039.8553,879068,,525610,0,0,0,2,0,East,2024/2025,SETTLEMENT ROAD,HARPER STREET,,Non-Injury Crash,No,2024,0,East,0,0,2,Flat,0,,0,,0,Dark,798902,0,0,0,2,0,0,0,0,1,,0,0,Auckland Region,Nil,2-way,Sealed,0,0,0,0,50,0,On,0,0,,76,Auckland,Nil,0,0,0,0,0,0,Urban,0,0,0,Fine,Null
1768139.3496,5903809.3921,879077,,524602,0,0,0,1,0,North,2022/2023,AIRPORT OFF RAMP,GREAT SOUTH ROAD OFF RAMP,,Minor Crash,Yes,2023,0,North,0,0,0,Flat,1,,0,,0,Dark,780506,2,0,0,2,0,0,0,0,0,,0,0,Auckland Region,Motorway ramp,1-way,Sealed,0,0,0,0,100,0,On,0,0,,76,Auckland,Nil,0,0,0,0,0,0,Open,0,0,0,Light rain,Null
1763190.8294,5915526.9832,879078,,520302,0,,0,2,,East,2024/2025,MARUA ROAD,STANHOPE ROAD,,Minor Crash,No,2025,,East,,0,,Flat,,,,,,Bright sun,625800,1,0,0,2,,,0,,,,,,Auckland Region,Nil,2-way,Sealed,,0,0,,50,,Off,0,0,,76,Auckland,Nil,,,,,0,0,Urban,0,,,Fine,Null
1758167.7189,5909556.1195,879082,25,524002,0,0,0,1,0,Null,2023/2024,WALLACE ROAD,TAYLOR ROAD,,Non-Injury Crash,No,2024,0,North,0,0,0,Flat,0,,0,,0,Twilight,723000,0,0,0,1,0,0,0,0,0,,0,1,Auckland Region,Nil,2-way,Sealed,0,0,0,0,30,0,On,0,0,,76,Auckland,Give way,0,0,0,0,0,0,Urban,0,0,0,Light rain,None
1753712.9504,5945705.1071,879083,,505906,0,0,0,0,0,North,2022/2023,WHANGAPARAOA ROAD,DOBELL ROAD,,Non-Injury Crash,No,2023,0,East,0,0,0,Hill Road,0,,0,,0,Dark,173306,0,0,0,2,0,0,0,0,1,,0,0,Auckland Region,Nil,2-way,Sealed,0,0,0,0,60,0,On,2,0,,76,Auckland,Nil,0,0,0,0,0,0,Urban,0,0,0,Fine,Null
1767918.7039,5906421.6937,879084,,523711,0,0,0,1,0,Null,2023/2024,COLLETT ROAD,RAPSON ROAD,,Non-Injury Crash,No,2023,0,North,0,0,0,Null,0,,0,,0,Unknown,714600,0,0,0,2,0,0,0,0,1,,0,0,Auckland Region,Nil,2-way,Sealed,0,0,0,0,50,0,Null,1,0,,76,Auckland,Stop,0,0,0,0,0,0,Urban,0,0,0,Null,Null
1772141.9631,5915714.3421,879094,,521501,0,0,0,2,0,Null,2023/2024,MELLONS BAY ROAD,BEACH ROAD,,Non-Injury Crash,No,2024,0,North,0,0,1,Hill Road,0,,0,,0,Dark,650500,0,0,0,2,0,0,0,0,0,,0,0,Auckland Region,Nil,2-way,Sealed,0,0,0,0,50,0,On,0,0,,76,Auckland,Give way,0,0,0,0,0,0,Urban,0,0,0,Light rain,Null
1764223.92,5908969.7213,879099,,521901,0,,0,2,,Null,2022/2023,MANGERE ROAD,PIKI THOMPSON WAY,,Non-Injury Crash,No,2023,,East,,0,,Flat,,,,,,Bright sun,785200,0,0,0,5,,,0,,,,,,Auckland Region,Nil,2-way,Sealed,,0,0,,50,,Off,0,0,,76,Auckland,Give way,,,,,0,0,Urban,0,,,Fine,Null
1758751.0171,5912948.1376,879105,,519810,0,,0,2,,Null,2022/2023,TRAFALGAR STREET,SELWYN STREET,,Minor Crash,No,2023,,East,,0,,Flat,,,,,,Bright sun,598300,1,0,0,2,,,0,,,,,,Auckland Region,Nil,2-way,Sealed,,0,0,,50,,Off,0,0,,76,Auckland,Stop,,,,,0,0,Urban,0,,,Fine,Null
1754685.7304,5930653.2632,879114,,508420,0,0,0,0,0,South,2023/2024,NORTHERN MOTORWAY,UPPER HARBOUR HWY OFF RAMP,,Minor Crash,Yes,2024,0,North,0,0,0,Hill Road,0,,0,,1,Twilight,182008,1,0,0,3,0,0,0,0,0,,0,0,Auckland Region,Nil,1-way,Sealed,0,0,0,0,100,0,Off,0,0,,76,Auckland,Nil,0,0,0,0,0,0,Open,1,0,0,Fine,Null
1743487.6042,5921470.6346,879117,,513631,0,0,0,1,0,South,2022/2023,REYNELLA DRIVE,GALLONY AVENUE,,Minor Crash,No,2023,0,South,0,0,0,Hill Road,0,,0,,0,Dark,227301,1,0,0,1,0,0,0,0,1,,0,0,Auckland Region,Nil,2-way,Sealed,0,0,0,0,50,0,On,0,0,,76,Auckland,Nil,0,0,0,0,0,0,Urban,1,0,0,Light rain,Null
1756078.9855,5928671.1965,879118,,508510,0,0,0,1,1,South,2023/2024,FORREST HILL ROAD,BELMONT TERRACE,,Non-Injury Crash,No,2024,0,South,0,0,0,Flat,0,,0,,0,Dark,196000,0,0,0,2,0,0,0,0,0,,0,0,Auckland Region,Nil,2-way,Sealed,0,0,0,0,50,0,On,0,0,,76,Auckland,Nil,0,0,0,0,0,0,Urban,0,0,0,Fine,Null
1746800.6205,5918835.9168,879129,,512401,0,0,0,2,0,Null,2023/2024,EDMONTON ROAD,FLANSHAW ROAD,,Minor Crash,No,2023,0,East,0,0,0,Flat,0,,0,,0,Dark,255500,1,0,0,6,0,0,0,0,0,,0,0,Auckland Region,Nil,2-way,Sealed,0,0,0,0,50,0,On,0,0,,76,Auckland,Traffic Signals,0,1,0,0,0,0,Urban,1,0,0,Fine,Null
1761778.0082,5914016.0746,879132,,520202,0,,0,2,,South,2024/2025,SOUTHERN MOTORWAY,ELLERSLIE-PANMURE HWY OFF RAMP,,Non-Injury Crash,Yes,2024,,North,,0,,Flat,,,,,,Dark,612300,0,0,0,3,,,0,,,,,,Auckland Region,Nil,1-way,Sealed,,0,0,,100,,On,1,0,,76,Auckland,Nil,,,,,0,0,Open,0,,,Fine,Null
1775788.9186,5885691.229,879136,,521132,0,0,0,1,0,South,2024/2025,HILLVIEW ROAD,DALE SOUTH ROAD,,Non-Injury Crash,No,2024,0,South,0,0,0,Hill Road,0,,0,,0,Twilight,814200,0,0,0,2,0,0,0,0,0,,0,0,Auckland Region,Nil,2-way,Sealed,0,0,0,0,80,0,Null,0,0,,76,Auckland,Nil,0,1,0,0,0,0,Open,0,0,0,Fine,Null
1757072.6974,5920562.5051,879138,,514102,0,,0,1,,Null,2023/2024,HOBSON STREET,VICTORIA STREET WEST,,Non-Injury Crash,No,2024,,South,,0,,Hill Road,,,,,,Dark,433304,0,0,1,4,,,0,,,,,,Auckland Region,Nil,1-way,Sealed,,0,0,,40,,On,0,1,,76,Auckland,Traffic Signals,,,,,0,0,Urban,0,,,Fine,Null
1753681.6346,5924798.9543,879140,,510401,0,,0,2,,North,2024/2025,HIGHBURY BYPASS,MAHARA AVENUE,,Non-Injury Crash,No,2025,,South,,0,,Hill Road,,,,,,Overcast,351202,0,0,0,3,,,0,,,,,,Auckland Region,Nil,2-way,Sealed,,0,0,,50,,Off,0,0,,76,Auckland,Nil,,,,,0,0,Urban,0,,,Light rain,Null
1755874.6429,5928256.2738,879148,,507900,0,0,0,0,0,North,2025/2026,NORTHERN MOTORWAY,WAIRAU OBR,,Non-Injury Crash,Yes,2025,0,North,0,0,0,Flat,1,,0,,0,Dark,305201,0,0,0,4,0,0,0,0,0,,0,0,Auckland Region,Nil,1-way,Sealed,0,0,0,0,100,0,On,1,0,,76,Auckland,Nil,0,0,0,0,0,0,Open,0,0,0,Fine,Null
1749803.131,5935125.7748,879154,,509000,0,,0,0,,Null,2024/2025,DAIRY FLAT HIGHWAY,HOBSON ROAD,,Minor Crash,No,2024,,North,,0,,Hill Road,,,,,,Bright sun,179301,1,0,1,3,,,0,,,,,,Auckland Region,Nil,2-way,Sealed,,0,0,,80,,Off,0,0,,76,Auckland,Stop,,,,,1,0,Open,0,,,Fine,Null
1772426.8525,5896303.6862,879156,,525410,0,,0,2,,Null,2025/2026,ELLIOT STREET,WOOD STREET,,Minor Crash,No,2025,,South,,0,,Flat,,,,,,Dark,791900,2,0,0,2,,,0,,,,,,Auckland Region,Nil,2-way,Sealed,,0,0,,50,,On,0,0,,76,Auckland,Stop,,,,,0,0,Urban,0,,,Light rain,Null
1743992.0066,5918847.3274,879162,,513220,0,,0,4,,Null,2024/2025,SWANSON ROAD,FRANK EVANS PLACE,,Minor Crash,No,2024,,North,,0,,Flat,,,,,,Bright sun,236103,1,0,0,2,,,0,,,,,,Auckland Region,Bridge,2-way,Sealed,,0,0,,50,,None,0,0,,76,Auckland,Give way,,,,,0,0,Urban,0,,,Fine,Null
1742042.0774,5918482.5522,879164,,513214,0,0,0,1,0,South,2024/2025,MILI WAY,POOKS ROAD,,Non-Injury Crash,No,2025,0,North,0,0,0,Hill Road,0,,0,,0,Dark,238502,0,0,0,2,0,0,0,0,0,,0,0,Auckland Region,Nil,2-way,Sealed,0,0,0,0,50,0,On,0,0,,76,Auckland,Nil,0,0,0,1,0,0,Urban,0,0,0,Light rain,Null
1755392.3852,5934115.7437,879169,,507200,0,,0,1,,Null,2022/2023,BEACH ROAD,BEACH ROAD,,Minor Crash,No,2023,,North,,0,,Hill Road,,,,,,Bright sun,157000,1,0,0,2,,,0,,,1,,,Auckland Region,Nil,2-way,Sealed,,0,0,,50,,Off,0,0,,76,Auckland,Stop,,,,,0,0,Urban,0,,,Fine,Null
1745791.4274,5919086.8557,879174,,513302,0,0,0,1,0,South,2023/2024,CENTRAL PARK DRIVE,TE PAI PLACE,,Non-Injury Crash,No,2024,0,North,0,0,0,Hill Road,0,,0,,1,Dark,230702,0,0,0,2,0,0,0,0,0,,1,0,Auckland Region,Nil,2-way,Sealed,0,0,0,0,50,0,Off,0,0,,76,Auckland,Nil,0,0,0,0,0,0,Urban,0,0,0,Light rain,Null
1772354.1653,5914256.4309,879184,,521602,0,,0,2,,Null,2024/2025,COOK STREET,DRAKE STREET,,Non-Injury Crash,No,2025,,South,,0,,Flat,,,,,,Dark,650200,0,0,0,2,,,0,,,,,,Auckland Region,Nil,1-way,Sealed,,0,0,,50,,On,0,0,,76,Auckland,Give way,,,,,0,0,Urban,0,,,Fine,Null
1746522.737,5968551.4416,879186,,506613,0,0,0,1,0,North,2023/2024,NORTHERN MOTORWAY,PUHOI ROAD OFF RAMP,,Non-Injury Crash,Yes,2024,0,North,0,0,0,Flat,1,,0,,0,Dark,146003,0,0,0,4,0,0,0,0,0,,0,0,Auckland Region,Nil,2-way,Sealed,0,0,0,0,100,0,None,0,0,,76,Auckland,Nil,0,0,0,0,0,0,Open,0,0,0,Fine,Null
1767541.956,5899057.6898,879188,,525101,0,0,0,0,0,Null,2024/2025,MAHIA ROAD,SOUTHVIEW PLACE,,Non-Injury Crash,No,2024,0,East,0,0,1,Flat,0,,0,,0,Dark,772909,0,0,0,2,0,0,0,0,0,,0,0,Auckland Region,Nil,2-way,Sealed,0,0,0,0,50,0,On,1,0,,76,Auckland,Give way,0,0,0,0,0,0,Urban,0,0,0,Fine,Null
1756062.0905,5918682.2501,879190,,515500,0,,0,4,,North,2024/2025,NORTH-WESTERN MOTORWAY,NEWTON ROAD OFF RAMP,,Minor Crash,Yes,2024,,North,,0,,Flat,,,,,,Bright sun,418700,5,0,0,4,,,0,,,,,,Auckland Region,Nil,1-way,Sealed,,0,0,,80,,Off,0,0,,76,Auckland,Nil,,,,,0,0,Open,0,,,Fine,Null
1770974.6419,5895116.1282,879198,,521201,0,,0,2,,East,2024/2025,HINGAIA ROAD,PARAREKAU ROAD,,Non-Injury Crash,No,2024,,East,,0,,Flat,,,,,,Overcast,806700,0,0,0,4,,,0,,,,,,Auckland Region,Nil,2-way,Sealed,,0,0,,50,,Off,0,0,,76,Auckland,Nil,,,,,0,0,Urban,0,,,Light rain,Null
1767386.9424,5906879.2375,879201,,523601,0,,0,2,,North,2022/2023,BAIRDS ROAD,SANDBROOK AVENUE,,Non-Injury Crash,No,2023,,South,,0,,Flat,,,,,,Twilight,707500,0,0,0,2,,,0,,,,,,Auckland Region,Nil,2-way,Sealed,,0,0,,50,,On,0,0,,76,Auckland,Nil,,,,,0,0,Urban,0,,,Fine,Null
1746578.1045,5915538.1386,879205,,511800,0,0,0,1,0,South,2022/2023,GREAT NORTH ROAD,VIEW ROAD,,Non-Injury Crash,No,2023,0,North,0,0,1,Hill Road,0,,0,,1,Dark,276400,0,0,0,4,0,0,0,0,0,,0,1,Auckland Region,Nil,2-way,Sealed,0,0,0,0,50,0,On,0,0,,76,Auckland,Nil,0,0,0,1,0,0,Urban,0,0,0,Fine,Null
1753319.0982,5914809.1097,879208,,518801,0,,0,0,,East,2024/2025,STODDARD ROAD,RICHARDSON ROAD,,Non-Injury Crash,No,2024,,East,,0,,Flat,,,,,,Overcast,578400,0,0,0,2,,,0,,,,,,Auckland Region,Nil,2-way,Sealed,,0,0,,50,,Off,2,0,,76,Auckland,Nil,,,,,0,0,Urban,0,,,Fine,None
1766058.961,5907291.7551,879209,,522301,0,,0,2,,Null,2022/2023,EAST TAMAKI ROAD,HUIA ROAD,,Non-Injury Crash,No,2023,,North,,0,,Flat,,,,,,Dark,666400,0,0,0,5,,,0,,,,,,Auckland Region,Nil,2-way,Sealed,,0,0,,50,,On,0,0,,76,Auckland,Traffic Signals,,,,,0,0,Urban,0,,,Light rain,Null
1769896.1328,5899952.4858,879213,,523817,0,,0,2,,North,2022/2023,SOUTHERN MOTORWAY,PAPAKURA STM BR,,Non-Injury Crash,Yes,2023,,South,,0,,Flat,,,,,,Overcast,759739,0,0,0,3,,,0,,,,,,Auckland Region,Nil,1-way,Sealed,,0,0,,100,,Off,0,0,,76,Auckland,Nil,,,,,0,0,Open,1,,,Fine,Null
1764760.637,5903721.0227,879216,,524604,0,,0,1,,Null,2023/2024,ROSCOMMON ROAD,CAVENDISH DRIVE,,Non-Injury Crash,No,2024,,North,,0,,Flat,,,,,,Dark,781200,0,0,0,2,,,0,,,,,,Auckland Region,Motorway ramp,1-way,Sealed,,0,0,,50,,On,0,0,,76,Auckland,Traffic Signals,,,,,0,0,Urban,1,,,Light rain,Null
1756884.2732,5915444.8899,879218,,518301,0,,0,2,,East,2023/2024,WATLING STREET,MOUNT EDEN ROAD,,Non-Injury Crash,No,2024,,East,,0,,Hill Road,,,,,,Bright sun,557300,0,0,0,2,,,0,,,,,,Auckland Region,Nil,2-way,Sealed,,0,0,,50,,Off,0,0,,76,Auckland,Nil,,,,,0,0,Urban,0,,,Fine,None
1773191.3495,5896421.0209,879220,,525620,0,,0,0,,Null,2024/2025,MARNE ROAD,WILLIS ROAD,,Non-Injury Crash,No,2024,,North,,0,,Flat,,,,,,Bright sun,797600,0,0,0,2,,,0,,,,,,Auckland Region,Nil,2-way,Sealed,,0,0,,50,,Off,1,0,,76,Auckland,Give way,,,,,0,0,Urban,1,,,Light rain,Null
1760827.2825,5911864.9181,879224,,520000,0,,0,2,,Null,2024/2025,NEILSON STREET,ANGLE STREET,,Minor Crash,No,2025,,East,,0,,Flat,,,,,,Bright sun,607602,1,0,0,5,,,0,,,,,,Auckland Region,Nil,2-way,Sealed,,0,0,,50,,Null,0,0,30,76,Auckland,Nil,,,,,0,0,Urban,0,,,Fine,Frost
1750453.2832,5928425.723,879232,,509100,0,0,0,1,0,West,2024/2025,UPPER HARBOUR DRIVE,SHELTER DRIVE,,Minor Crash,No,2024,0,East,0,0,1,Flat,0,,0,,0,Dark,181305,1,0,0,2,0,0,0,0,0,,0,0,Auckland Region,Nil,2-way,Sealed,0,0,0,0,60,0,Off,0,0,,76,Auckland,Nil,0,0,0,0,0,0,Urban,0,0,0,Fine,Null
1751463.4078,5950291.2193,879236,,505805,0,,0,1,,Null,2023/2024,HIBISCUS COAST HIGHWAY,WEST HOE ROAD,,Non-Injury Crash,No,2024,,North,,0,,Flat,,,,,,Dark,171601,0,0,0,2,,,0,,,,,,Auckland Region,Nil,2-way,Sealed,,0,0,,50,,On,0,0,,76,Auckland,Traffic Signals,,,,,0,0,Urban,1,,,Light rain,Null
1753191.6985,5912368.6248,879244,,518901,0,,0,2,,Null,2024/2025,GRIFFEN PARK ROAD,HILLSBOROUGH ROAD,,Minor Crash,No,2024,,South,,0,,Flat,,,,,,Dark,585800,1,0,0,2,,,0,,,,,,Auckland Region,Nil,2-way,Sealed,,0,0,,50,,On,0,0,,76,Auckland,Give way,,,,,0,0,Urban,0,,,Fine,Null
1765510.9107,5901982.069,879248,,524604,0,,0,0,,West,2024/2025,BOLDERWOOD PLACE,ATHY PLACE,,Minor Crash,No,2024,,East,,0,,Flat,,,,,,Overcast,781302,1,0,0,2,,,0,,,,,,Auckland Region,Nil,2-way,Sealed,,0,0,,60,,Off,1,0,,76,Auckland,Nil,,,,,0,0,Urban,1,,,Fine,Null
1772869.6342,5891394.4779,879252,,521301,0,,0,1,,Null,2024/2025,GREAT SOUTH ROAD,GREAT SOUTH ROAD ON RAMP,,Minor Crash,Yes,2025,,East,,0,,Flat,,,,,,Bright sun,808702,1,0,0,2,,,0,,,,,,Auckland Region,Nil,1-way,Sealed,,0,0,,50,,Off,1,0,,76,Auckland,Traffic Signals,,,,,0,0,Urban,0,,,Fine,Null