X,Y,OBJECTID,advisorySpeed,areaUnitID,bicycle,bridge,bus,carStationWagon,cliffBank,crashDirectionDescription,crashFinancialYear,crashLocation1,crashLocation2,crashRoadSideRoad,crashSeverity,crashSHDescription,crashYear,debris,directionRoleDescription,ditch,fatalCount,fence,flatHill,guardRail,holiday,houseOrBuilding,intersection,kerb,light,meshblockId,minorInjuryCount,moped,motorcycle,NumberOfLanes,objectThrownOrDropped,otherObject,otherVehicleType,overBank,parkedVehicle,pedestrian,phoneBoxEtc,postOrPole,region,roadCharacter,roadLane,roadSurface,roadworks,schoolBus,seriousInjuryCount,slipOrFlood,speedLimit,strayAnimal,streetLight,suv,taxi,temporarySpeedLimit,tlaId,tlaName,trafficControl,trafficIsland,trafficSign,train,tree,truck,unknownVehicleType,urban,vanOrUtility,vehicle,waterRiver,weatherA,weatherB
1758934.14,5907302.3245,879257,,524200,0,0,0,1,0,North,2022/2023,KIRKBRIDE ROAD,IDLEWILD AVENUE,,Non-Injury Crash,No,2023,0,North,0,0,1,Flat,0,,0,,0,Dark,726300,0,0,0,2,0,0,0,0,0,,0,0,Auckland Region,Nil,2-way,Sealed,0,0,0,0,60,0,On,0,0,,76,Auckland,Nil,0,0,0,0,0,0,Urban,0,0,0,Fine,Null
1768158.8784,5885147.6352,879269,,521111,0,0,0,2,0,Null,2022/2023,PAERATA ROAD,CROWN ROAD,,Non-Injury Crash,Yes,2023,0,South,0,0,0,Flat,0,,0,,0,Dark,813601,0,0,0,2,0,0,0,0,0,,0,0,Auckland Region,Rail xing,2-way,Sealed,0,0,0,0,80,0,On,0,0,,76,Auckland,Nil,1,0,0,0,0,0,Open,0,0,0,Light rain,Null
1761084.5964,5911864.6988,879273,,520000,0,,0,2,,East,2023/2024,NEILSON STREET,EDINBURGH STREET,,Minor Crash,No,2023,,East,,0,,Flat,,,,,,Overcast,607602,2,0,0,2,,,0,,,,,,Auckland Region,Nil,2-way,Sealed,,0,0,,50,,Off,0,0,,76,Auckland,Nil,,,,,0,0,Urban,0,,,Fine,Strong wind
1764156.3337,5915944.2917,879278,,517202,0,0,0,1,0,Null,2024/2025,FLAX PLACE,VIALOU LANE,,Non-Injury Crash,No,2024,0,South,0,0,0,Flat,0,,0,,0,Dark,465306,0,0,0,2,0,0,0,0,1,,0,0,Auckland Region,Nil,2-way,Sealed,0,0,0,0,30,0,On,0,0,,76,Auckland,Give way,0,0,0,0,0,0,Urban,1,0,0,Fine,Null
1773705.3982,5897183.1484,879280,,525630,0,0,0,2,0,South,2022/2023,HILL CRESCENT,OLD WAIROA ROAD,,Non-Injury Crash,No,2023,0,East,0,0,0,Flat,0,,0,,0,Overcast,795400,0,0,0,2,0,0,0,0,1,,0,0,Auckland Region,Nil,2-way,Sealed,0,0,0,0,50,0,Off,0,0,,76,Auckland,Nil,0,0,0,0,0,0,Urban,0,0,0,Light rain,None
1768148.3713,5912247.686,879281,,523000,0,,0,2,,Null,2022/2023,GOSSAMER DRIVE,MANAPOURI PLACE,,Minor Crash,No,2023,,North,,0,,Flat,,,,,,Bright sun,688400,1,0,0,2,,,0,,,,,,Auckland Region,Nil,2-way,Sealed,,0,0,,50,,Off,0,0,,76,Auckland,Stop,,,,,0,0,Urban,0,,,Fine,Null
1764667.2461,5911635.4918,879284,,520500,0,0,0,3,0,South,2023/2024,SOUTHERN MOTORWAY,PANAMA OBR,,Non-Injury Crash,Yes,2024,0,North,0,0,0,Flat,2,,0,,0,Dark,636200,0,0,0,3,0,0,0,0,0,,0,0,Auckland Region,Nil,1-way,Sealed,0,0,0,0,100,0,On,0,0,,76,Auckland,Nil,0,0,0,0,0,0,Open,0,0,0,Fine,Null
1765608.5978,5901541.1381,879298,45,524604,0,,0,1,,North,2023/2024,ROSCOMMON ROAD,BROWNS ROAD,,Non-Injury Crash,No,2023,,South,,0,,Flat,,,,,,Dark,781302,0,0,0,2,,,0,,,,,,Auckland Region,Nil,1-way,Sealed,,0,0,,60,,On,1,0,,76,Auckland,Nil,,,,,0,0,Urban,0,,,Fine,None
1764348.002,5909244.9389,879300,,521901,0,,0,1,,Null,2023/2024,GREAT SOUTH ROAD,ALEXANDER STREET,,Non-Injury Crash,No,2024,,South,,0,,Flat,,,,,,Dark,784900,0,0,0,4,,,0,,,,,,Auckland Region,Nil,2-way,Sealed,,0,0,,50,,On,1,0,,76,Auckland,Stop,,,,,0,0,Urban,0,,,Fine,Null
1758378.9814,5912381.1416,879305,,519810,0,0,0,2,0,West,2023/2024,ARTHUR STREET,QUADRANT ROAD,,Minor Crash,No,2023,0,East,0,0,0,Hill Road,0,,0,,0,Bright sun,598700,1,0,0,2,0,0,0,0,1,,0,0,Auckland Region,Nil,2-way,Sealed,0,0,0,0,50,0,Off,1,0,,76,Auckland,Nil,0,0,0,0,0,0,Urban,0,0,0,Fine,Null
1755910.9853,5929495.6325,879312,,508510,0,0,0,2,0,Null,2025/2026,HAVELOCK AVENUE,RAINES AVENUE,,Non-Injury Crash,No,2025,0,North,0,0,0,Hill Road,0,,0,,0,Bright sun,195500,0,0,0,2,0,0,0,0,1,,0,0,Auckland Region,Nil,2-way,Sealed,0,0,0,0,50,0,Off,0,0,,76,Auckland,Stop,0,0,0,0,0,0,Urban,0,0,0,Fine,Null
1768791.4418,5910542.6795,879313,,523112,0,,0,0,,Null,2023/2024,NEALES ROAD,HARRIS ROAD,,Minor Crash,No,2023,,East,,0,,Flat,,,,,,Overcast,711500,1,0,0,2,,,0,,,1,,,Auckland Region,Nil,2-way,Sealed,,0,0,,50,,Off,1,0,,76,Auckland,Give way,,,,,0,0,Urban,0,,,Fine,Null
1755217.6503,5944071.4418,879315,,505909,0,0,0,2,0,Null,2022/2023,OFF ROAD - DAVID SIDWELL PLACE,,,Minor Crash,No,2023,0,South,0,0,0,Flat,0,,0,,0,Bright sun,173909,1,0,0,,0,0,0,0,1,1,0,0,Auckland Region,Nil,Off road,Sealed,0,0,0,0,,0,Off,0,0,,76,Auckland,Nil,0,0,0,0,0,2,Urban,0,0,0,Fine,Null
1745423.7648,5922175.6547,879316,,513530,0,0,0,2,0,West,2025/2026,CLAVERDON DRIVE,KINTARA DRIVE,,Non-Injury Crash,No,2025,0,South,0,0,0,Flat,0,,0,,0,Twilight,226002,0,0,0,1,0,0,0,0,1,,0,0,Auckland Region,Nil,2-way,Sealed,0,0,0,0,50,0,On,0,0,,76,Auckland,Nil,0,0,0,0,0,0,Urban,0,0,0,Fine,Null
1762543.3091,5907321.0611,879318,,524520,0,,0,0,,Null,2024/2025,MASSEY ROAD,YATES ROAD,,Non-Injury Crash,No,2024,,North,,0,,Flat,,,,,,Twilight,734603,0,0,0,2,,,0,,,,,,Auckland Region,Nil,2-way,Sealed,,0,0,,50,,On,0,0,,76,Auckland,Nil,,,,,0,0,Urban,2,,,Fine,Null
1762218.4138,5913615.3892,879329,,520402,0,,0,4,,South,2022/2023,SOUTHERN MOTORWAY,PENROSE OBR,,Non-Injury Crash,Yes,2023,,South,,0,,Flat,,,,,,Overcast,642200,0,0,0,3,,,0,,,,,,Auckland Region,Nil,1-way,Sealed,,0,0,,100,,Off,0,0,,76,Auckland,Nil,,,,,0,0,Open,0,,,Fine,Null
1751225.2647,5950226.6888,879333,,505805,0,0,0,2,0,West,2023/2024,WEST HOE ROAD,EDWARD AVENUE,,Minor Crash,No,2023,0,East,0,0,0,Flat,0,,0,,0,Overcast,171321,1,0,0,2,0,0,0,0,1,,0,0,Auckland Region,Nil,2-way,Sealed,0,0,0,0,50,0,Off,0,0,,76,Auckland,Nil,0,0,0,0,0,0,Urban,0,0,0,Fine,Null
1742406.2355,5926224.155,879334,,513410,0,0,0,0,0,South,2023/2024,FRED TAYLOR DRIVE,SH 16,,Non-Injury Crash,No,2024,0,North,0,0,0,Flat,0,,0,,0,Bright sun,220400,0,0,0,2,0,0,0,0,1,,0,1,Auckland Region,Nil,2-way,Sealed,0,0,0,0,80,0,Off,0,0,,76,Auckland,Nil,0,0,0,0,0,0,Open,2,0,0,Fine,Null
1768693.7617,5910066.7203,879337,,523112,0,,0,1,,South,2022/2023,HARRIS ROAD,CROOKS ROAD,,Non-Injury Crash,No,2023,,North,,0,,Flat,,,,,,Dark,711500,0,0,0,4,,,0,,,,,,Auckland Region,Nil,2-way,Sealed,,0,0,,50,,On,0,0,,76,Auckland,Nil,,,,,0,1,Urban,0,,,Fine,Null
1745752.0894,5917219.7445,879340,,510800,0,,0,2,,Null,2023/2024,GREAT NORTH ROAD,EDSEL STREET,,Non-Injury Crash,No,2024,,West,,0,,Flat,,Easter,,,,Overcast,243300,0,0,0,5,,,0,,,,,,Auckland Region,Nil,2-way,Sealed,,0,0,,50,,Off,0,0,,76,Auckland,Traffic Signals,,,,,0,0,Urban,0,,,Fine,Null
1769897.2344,5899948.9199,879341,,523817,0,,0,3,,North,2023/2024,SOUTHERN MOTORWAY,TAKANINI OFF RAMP,,Non-Injury Crash,Yes,2023,,South,,0,,Flat,,,,,,Twilight,759739,0,0,0,3,,,0,,,,,,Auckland Region,Motorway ramp,2-way,Sealed,,0,0,,100,,On,0,0,80,76,Auckland,Nil,,,,,0,0,Open,0,,,Fine,Null
1758708.9661,5926135.6471,879342,,508020,0,0,0,1,0,Null,2023/2024,LAKE ROAD,HAURAKI ROAD,,Minor Crash,No,2024,0,South,0,0,0,Flat,0,,0,,0,Dark,321000,1,0,0,5,0,0,0,0,0,,0,0,Auckland Region,Nil,2-way,Sealed,0,0,0,0,50,0,On,0,0,,76,Auckland,Traffic Signals,0,1,0,0,0,0,Urban,0,0,0,Fine,Null
1745299.0077,5919057.8136,879348,,513302,0,,0,2,,Null,2024/2025,OFF ROAD - CAR PARK,,,Minor Crash,No,2024,,East,,0,,Flat,,,,,,Bright sun,230701,1,0,0,,,,0,,,,,,Auckland Region,Nil,Off road,Sealed,,0,0,,,,Off,0,0,,76,Auckland,Nil,,,,,0,0,Urban,0,,,Fine,Null
1767796.5916,5904282.6126,879352,,524602,0,,0,2,,Null,2023/2024,REDOUBT ROAD,GREAT SOUTH ROAD,,Non-Injury Crash,No,2024,,West,,0,,Hill Road,,,,,,Twilight,780501,0,0,0,4,,,0,,,,,,Auckland Region,Nil,2-way,Sealed,,0,0,,50,,On,0,0,,76,Auckland,Traffic Signals,,,,,0,0,Urban,0,,,Fine,None
1770748.0115,5904602.2921,879360,,523713,0,0,0,1,0,North,2024/2025,MURPHYS ROAD,REDOUBT ROAD,,Non-Injury Crash,No,2024,0,North,0,0,0,Hill Road,0,,0,,0,Bright sun,713501,0,0,0,2,1,0,0,0,0,,0,0,Auckland Region,Nil,2-way,Sealed,0,0,0,0,60,0,Off,0,0,,76,Auckland,Nil,0,0,0,0,1,0,Urban,0,0,0,Fine,Null
1752691.3073,5914521.31,879362,,514500,0,0,0,2,0,Null,2024/2025,BROTHERS STREET,BATKIN ROAD,,Non-Injury Crash,No,2024,0,South,0,0,0,Flat,0,,0,,0,Dark,377000,0,0,0,2,0,0,0,0,1,,0,0,Auckland Region,Nil,2-way,Sealed,0,0,0,0,50,0,On,0,0,,76,Auckland,Nil,0,0,0,0,1,0,Urban,0,0,0,Fine,Null
1746841.6222,5915260.6504,879368,,511800,0,,0,2,,Null,2024/2025,GREAT NORTH ROAD,AWAROA ROAD,,Non-Injury Crash,No,2024,,West,,0,,Hill Road,,,,,,Overcast,276400,0,0,0,4,,,0,,,,,,Auckland Region,Nil,2-way,Sealed,,0,0,,50,,Off,0,0,,76,Auckland,Stop,,,,,0,0,Urban,0,,,Light rain,Null
1769243.831,5907481.9262,879370,,523711,0,,0,0,,West,2024/2025,ORMISTON ROAD,TE IRIRANGI DRIVE,,Serious Crash,No,2024,,East,,0,,Flat,,,,,,Overcast,712304,0,0,0,4,,,0,,,1,,,Auckland Region,Nil,2-way,Sealed,,0,1,,50,,Off,1,0,,76,Auckland,Nil,,,,,0,0,Urban,0,,,Fine,Null
1756410.4041,5912342.649,879394,,518702,0,0,0,1,0,South,2024/2025,BELFAST STREET,HILLSBOROUGH ROAD,,Non-Injury Crash,No,2024,0,North,0,0,0,Null,0,,0,,0,Dark,571400,0,0,0,2,0,0,0,0,1,,0,0,Auckland Region,Speed hump,2-way,Sealed,0,0,0,0,30,0,Null,0,0,,76,Auckland,Nil,0,0,0,0,0,1,Urban,0,0,0,Fine,Null
1750530.6937,5913853.3123,879396,,511303,0,,0,2,,Null,2024/2025,PORTAGE ROAD,PURIRI STREET,,Non-Injury Crash,No,2024,,South,,0,,Flat,,,,,,Bright sun,265100,0,0,0,2,,,0,,,,,,Auckland Region,Nil,2-way,Sealed,,0,0,,50,,Off,0,0,,76,Auckland,Give way,,,,,0,0,Urban,0,,,Fine,Null
1770493.1788,5912315.9371,879411,,523106,0,,0,1,,West,2023/2024,MILLHOUSE DRIVE,PAJARO PLACE,,Minor Crash,No,2023,,West,,0,,Flat,,,,,,Bright sun,711164,2,0,1,2,,,0,,,,,,Auckland Region,Nil,2-way,Sealed,,0,0,,50,,Off,1,0,,76,Auckland,Nil,,,,,0,0,Urban,0,,,Fine,Null
1769857.8636,5914802.8248,879415,,522711,0,,0,1,,Null,2022/2023,PAKURANGA ROAD,BUCKLANDS BEACH ROAD,,Non-Injury Crash,No,2023,,North,,0,,Flat,,,,,,Dark,680801,0,0,0,1,,,0,,,,,,Auckland Region,Nil,1-way,Sealed,,0,0,,100,,On,0,0,,76,Auckland,Give way,,,,,0,0,Open,1,,,Fine,Null
1758263.7597,5917733.0361,879416,,515700,0,0,0,2,0,South,2024/2025,SOUTHERN MOTORWAY,NEWMARKET VDT N,,Non-Injury Crash,Yes,2025,0,North,0,0,0,Flat,1,,0,,0,Bright sun,443300,0,0,0,3,0,0,0,0,0,,0,0,Auckland Region,Bridge,1-way,Sealed,0,0,0,0,80,0,Off,1,0,,76,Auckland,Nil,0,0,0,0,0,0,Open,0,0,0,Fine,Null
1746032.3026,5915084.2166,879422,,511800,0,0,0,1,0,East,2023/2024,SUNNYSIDE ROAD,MCKINLEY ROAD,,Non-Injury Crash,No,2023,0,West,0,0,0,Hill Road,0,,0,,0,Dark,277703,0,0,0,1,0,0,0,0,0,,0,0,Auckland Region,Nil,1-way,Sealed,0,0,0,0,50,0,On,0,0,,76,Auckland,Nil,0,0,0,1,0,0,Urban,0,0,0,Fine,Null
1769710.9074,5904688.8767,879423,,523712,0,0,0,0,0,Null,2022/2023,REDOUBT ROAD,HILLTOP ROAD,,Non-Injury Crash,No,2023,0,West,0,0,0,Hill Road,0,,0,,0,Bright sun,716300,0,0,0,2,0,0,0,0,0,,0,0,Auckland Region,Nil,2-way,Sealed,0,0,0,0,50,0,Off,1,0,,76,Auckland,Give way,0,0,0,0,0,0,Urban,2,1,0,Fine,Null
1743305.2964,5922826.6914,879434,,513610,0,,0,1,,South,2023/2024,DON BUCK ROAD,BEAUCHAMP DRIVE,,Non-Injury Crash,No,2023,,South,,0,,Hill Road,,,,,,Bright sun,226504,0,0,0,2,,,0,,,,,,Auckland Region,Nil,2-way,Sealed,,0,0,,50,,Off,0,0,40,76,Auckland,Nil,,,,,1,0,Urban,0,,,Fine,Null
1764932.2907,5910770.4444,879435,,521803,0,,0,0,,South,2022/2023,SOUTHERN MOTORWAY,PRINCES ST-OTAHUHU OFF RAMP,,Non-Injury Crash,Yes,2023,,South,,0,,Flat,,,,,,Bright sun,789700,0,0,0,3,,,0,,,,,,Auckland Region,Nil,1-way,Sealed,,0,0,,100,,Off,1,0,,76,Auckland,Nil,,,,,0,0,Open,2,,,Fine,Null
1768661.5169,5881434.5418,879436,,525910,0,0,0,2,0,Null,2024/2025,VICTORIA STREET,DUBLIN STREET,,Non-Injury Crash,No,2025,0,East,0,0,0,Flat,0,,0,,0,Dark,820400,0,0,0,2,0,0,0,0,1,,0,0,Auckland Region,Nil,2-way,Sealed,0,0,0,0,50,0,On,0,0,,76,Auckland,Give way,0,0,0,0,0,0,Urban,0,0,0,Fine,Null
1760411.7258,5906913.5302,879440,,524112,0,,0,1,,Null,2025/2026,OFF ROAD - CAR PARK KFC MASCOT AVENUE,,,Minor Crash,No,2025,,North,,0,,Flat,,,,,,Bright sun,742101,1,0,0,,,,0,,,1,,,Auckland Region,Nil,Off road,Sealed,,0,0,,,,Off,0,0,,76,Auckland,Nil,,,,,0,0,Urban,0,,,Fine,Null
1745558.8072,5920669.6943,879443,,513301,0,,0,2,,South,2022/2023,NORTH-WESTERN MOTORWAY,LINCOLN OBR,,Non-Injury Crash,Yes,2023,,North,,0,,Hill Road,,,,,,Dark,230301,0,0,0,3,,,0,,,,,,Auckland Region,Motorway ramp,1-way,Sealed,,0,0,,100,,On,0,1,,76,Auckland,Nil,,,,,0,0,Open,0,,,Fine,Null
1759096.0837,5911239.6771,879444,35,519820,0,,0,2,,West,2025/2026,ONEHUNGA HARBOUR ROAD,ONEHUNGA HBR UNDERPASS,,Minor Crash,No,2025,,East,,0,,Flat,,Labour Weekend,,,,Overcast,602504,3,0,0,2,,,0,,,,,,Auckland Region,Underpass,2-way,Sealed,,0,0,,50,,Off,0,0,,76,Auckland,Nil,,,,,0,0,Urban,0,,,Fine,Null
1763439.6008,5910626.8646,879459,25,520500,0,,0,1,,Null,2022/2023,PORTAGE ROAD,SALEYARDS ROAD,,Non-Injury Crash,No,2023,,West,,0,,Flat,,,,,,Bright sun,637801,0,0,0,2,,,0,,,,,,Auckland Region,Nil,2-way,Sealed,,0,0,,50,,Off,0,0,,76,Auckland,Stop,,,,,0,0,Urban,1,,,Fine,Null
1745220.7839,5919029.9,879464,,513302,0,,0,1,,North,2024/2025,LINCOLN ROAD,MOSELLE AVENUE,,Non-Injury Crash,No,2025,,South,,0,,Flat,,,,,,Bright sun,232205,0,0,0,4,,,0,,,,,,Auckland Region,Nil,2-way,Sealed,,0,0,,50,,Null,0,0,,76,Auckland,Nil,,,,,1,0,Urban,0,,,Fine,Null
1754713.7951,5913798.4697,879466,,518803,0,0,0,1,0,South,2022/2023,MOUNT ROSKILL ROAD,DENBIGH AVENUE,,Non-Injury Crash,No,2023,0,South,0,0,0,Flat,0,,0,,0,Dark,581700,0,0,0,2,0,0,0,0,1,,0,0,Auckland Region,Nil,2-way,Sealed,0,0,0,0,50,0,Off,0,0,,76,Auckland,Nil,0,0,0,0,0,0,Urban,0,0,0,Fine,Null
1765214.6906,5906216.3856,879468,,522202,0,,0,1,,Null,2023/2024,WILMAY AVENUE,KOLMAR ROAD,,Non-Injury Crash,No,2024,,West,,0,,Flat,,,,,,Bright sun,663800,0,0,0,2,,,0,,,1,,,Auckland Region,Nil,2-way,Sealed,,0,0,,50,,Off,0,0,,76,Auckland,Give way,,,,,0,0,Urban,0,,,Fine,None
1766983.1095,5906809.0903,879472,,523601,0,,0,1,,South,2024/2025,SOUTHERN MOTORWAY,EAST TAMAKI ROAD ON RAMP,,Minor Crash,Yes,2025,,South,,0,,Flat,,,,,,Bright sun,707400,1,0,0,3,,,0,,,,,,Auckland Region,Nil,1-way,Sealed,,0,0,,100,,Off,1,0,,76,Auckland,Nil,,,,,0,0,Open,0,,,Fine,Null
1758314.3313,5926755.0501,879476,,508010,0,,0,2,,South,2023/2024,LAKE ROAD,SANDERS AVENUE,,Non-Injury Crash,No,2024,,North,,0,,Flat,,,,,,Overcast,325100,0,0,0,2,,,0,,,,,,Auckland Region,Nil,2-way,Sealed,,0,0,,50,,Off,0,0,,76,Auckland,Nil,,,,,0,0,Urban,0,,,Fine,Null
1752531.9343,5933309.1527,879478,,508701,0,,0,0,,Null,2022/2023,ALBANY EXPRESSWAY,MERCARI WAY,,Non-Injury Crash,No,2023,,East,,0,,Flat,,,,,,Bright sun,178900,0,0,0,2,,,0,,,,,,Auckland Region,Nil,1-way,Sealed,,0,0,,80,,Off,1,0,,76,Auckland,Give way,,,,,0,1,Open,0,,,Fine,Null
1753793.0692,5928869.6987,879488,,508320,0,0,0,2,0,South,2023/2024,WELDENE AVENUE,HOGANS ROAD,,Non-Injury Crash,No,2023,0,South,0,0,0,Flat,0,,0,,0,Overcast,197100,0,0,0,2,0,0,0,0,1,,0,0,Auckland Region,Nil,2-way,Sealed,0,0,0,0,50,0,Off,0,0,,76,Auckland,Nil,0,0,0,0,0,0,Urban,0,0,0,Light rain,Null
1742799.7458,5924817.1453,879490,,513410,0,0,0,1,0,North,2024/2025,TOPERE WAY,KAKANO ROAD,,Non-Injury Crash,No,2024,0,South,0,0,0,Flat,0,,0,,0,Bright sun,224000,0,0,0,2,0,0,0,0,1,,0,0,Auckland Region,Nil,2-way,Sealed,0,0,0,0,50,0,Null,0,0,,76,Auckland,Nil,0,0,0,0,0,0,Urban,1,0,0,Fine,Null
1750853.9025,5949804.74,879491,,505805,0,,0,0,,South,2023/2024,WEST HOE ROAD,GRAND DRIVE,,Serious Crash,No,2023,,South,,0,,Flat,,Christmas New Year,,,,Bright sun,171709,0,0,1,1,,,0,,,,,,Auckland Region,Nil,1-way,Sealed,,0,1,,50,,Off,0,0,,76,Auckland,Nil,,,,,0,0,Urban,0,,,Fine,Null
1768114.4879,5903276.0595,879492,,524602,0,,0,1,,Null,2022/2023,GREAT SOUTH ROAD,KERRS ROAD,,Non-Injury Crash,No,2023,,Null,,0,,Flat,,,,,,Dark,780506,0,0,0,6,,,0,,,,,,Auckland Region,Nil,2-way,Sealed,,0,0,,50,,On,0,0,,76,Auckland,Traffic Signals,,,,,0,1,Urban,0,,,Fine,None
1770919.8646,5895081.2457,879495,,521201,0,,0,2,,Null,2023/2024,HINGAIA ROAD,PARAREKAU ROAD,,Minor Crash,No,2024,,East,,0,,Flat,,,,,,Overcast,806700,1,0,0,4,,,0,,,,,,Auckland Region,Nil,2-way,Sealed,,0,0,,50,,Null,0,0,,76,Auckland,Stop,,,,,0,0,Urban,0,,,Fine,Null
1756664.4551,5913775.9306,879506,,518500,0,0,0,1,1,Null,2024/2025,MOUNT EDEN ROAD,MOUNT ALBERT ROAD,,Non-Injury Crash,No,2024,0,South,0,0,0,Flat,0,,0,,0,Bright sun,563800,0,0,0,4,0,0,0,0,0,,0,0,Auckland Region,Nil,2-way,Sealed,0,0,0,0,50,0,Off,0,0,,76,Auckland,Traffic Signals,0,0,0,0,0,0,Urban,0,0,0,Fine,Null
1766714.2573,5912860.5144,879508,,522920,0,0,0,1,0,North,2024/2025,TI RAKAU DRIVE,TIRAUMEA DRIVE,,Minor Crash,No,2025,0,North,0,0,0,Flat,1,,0,,0,Dark,683800,1,0,0,4,0,0,0,0,0,,0,0,Auckland Region,Nil,1-way,Sealed,0,0,0,0,50,0,On,0,0,,76,Auckland,Nil,0,0,0,0,0,0,Urban,0,0,0,Fine,Null
1751503.7074,5916374.7176,879512,,514900,0,,0,1,,Null,2024/2025,GREAT NORTH ROAD,BLOCKHOUSE BAY ROAD,,Non-Injury Crash,No,2025,,North,,0,,Flat,,,,,,Dark,384800,0,0,0,4,,,0,,,,,,Auckland Region,Nil,2-way,Sealed,,0,0,,50,,On,0,0,30,76,Auckland,Traffic Signals,,,,,0,0,Urban,1,,,Light rain,Null
1767909.9999,5899239.9961,879514,,525102,0,,0,2,,Null,2024/2025,MAHIA ROAD,VOLANTE AVENUE,,Non-Injury Crash,No,2024,,West,,0,,Flat,,,,,,Bright sun,769100,0,0,0,2,,,0,,,,,,Auckland Region,Nil,2-way,Sealed,,0,0,,50,,Null,0,0,,76,Auckland,Nil,,,,,0,0,Urban,0,,,Null,Null
1767183.4192,5904579.2993,879518,,524604,0,,0,2,,Null,2023/2024,SHARKEY STREET,RONWOOD AVENUE,,Non-Injury Crash,No,2024,,South,,0,,Flat,,,,,,Dark,780209,0,0,0,2,,,0,,,,,,Auckland Region,Nil,2-way,Sealed,,0,0,,50,,On,0,0,,76,Auckland,Give way,,,,,0,0,Urban,0,,,Fine,None
1748705.1153,5914515.2892,879523,,511302,0,0,0,1,0,East,2022/2023,RIMU STREET,COPLEY STREET,,Minor Crash,No,2023,0,West,0,0,0,Hill Road,0,,0,,0,Bright sun,268000,1,0,0,2,0,0,0,0,1,,0,0,Auckland Region,Nil,2-way,Sealed,0,0,0,0,50,0,Off,2,0,,76,Auckland,Nil,0,0,0,0,0,0,Urban,0,0,0,Fine,Null
1756543.2188,5912557.1958,879524,,518702,0,,0,1,,Null,2025/2026,HILLSBOROUGH ROAD,CARLTON STREET,,Minor Crash,No,2025,,West,,0,,Hill Road,,,,,,Dark,570600,1,0,0,4,,,0,,,,,,Auckland Region,Nil,2-way,Sealed,,0,0,,50,,On,0,0,,76,Auckland,Give way,,,,,0,0,Urban,1,,,Fine,Null
1768056.4164,5902590.6418,879527,,524602,0,,0,1,,Null,2022/2023,OFF ROAD CAR PARK,,,Minor Crash,No,2023,,East,,0,,Flat,,,,,,Twilight,780407,1,0,0,0,,,0,,,1,,,Auckland Region,Nil,Off road,Sealed,,0,0,,20,,Off,0,0,,76,Auckland,Nil,,,,,0,0,Urban,0,,,Fine,Null
1746996.8686,5920401.6829,879529,,512300,0,,0,1,,West,2023/2024,KOTUKU STREET,OLD TE ATATU ROAD,,Minor Crash,No,2023,,West,,0,,Flat,,,,,,Bright sun,251500,1,0,0,2,,,0,,,1,,,Auckland Region,Nil,2-way,Sealed,,0,0,,50,,Off,0,0,40,76,Auckland,Nil,,,,,0,0,Urban,0,,,Fine,Null
1757715.3776,5918258.0623,879530,,518101,0,,0,2,,South,2024/2025,SOUTHERN MOTORWAY,KHYBER PASS ROAD OFF RAMP,,Non-Injury Crash,Yes,2024,,North,,0,,Flat,,,,,,Overcast,543000,0,0,0,4,,,0,,,,,,Auckland Region,Nil,1-way,Sealed,,0,0,,80,,Off,0,0,,76,Auckland,Nil,,,,,0,0,Open,0,,,Fine,Null
1782493.2226,5927186.5999,879531,,520801,0,0,0,0,1,North,2022/2023,PALM ROAD,HILL ROAD,,Serious Crash,No,2023,0,North,0,0,0,Hill Road,0,Christmas New Year,0,,0,Dark,515004,0,0,1,1,0,0,0,0,0,,0,0,Auckland Region,Nil,2-way,Sealed,0,0,1,0,50,0,None,0,0,,76,Auckland,Nil,0,0,0,0,0,0,Urban,0,0,0,Fine,Null
1762003.0177,5913453.7544,879536,,520202,0,,0,1,,North,2023/2024,PENROSE ROAD,GREAT SOUTH ROAD,,Non-Injury Crash,No,2024,,North,,0,,Flat,,,,,,Overcast,612400,0,0,0,3,,,0,,,,,,Auckland Region,Nil,2-way,Unsealed,,0,0,,50,,On,1,0,,76,Auckland,Nil,,,,,0,0,Urban,0,,,Fine,Null
1758059.0648,5915126.8417,879544,,519300,0,,0,2,,Null,2024/2025,MANUKAU ROAD,ONSLOW AVENUE,,Non-Injury Crash,No,2024,,North,,0,,Null,,,,,,Dark,623600,0,0,0,4,,,0,,,,,,Auckland Region,Nil,2-way,Sealed,,0,0,,50,,Null,0,0,,76,Auckland,Give way,,,,,0,0,Urban,0,,,Light rain,Null
1764410.3378,5904611.2014,879549,,522100,0,,0,4,,South,2022/2023,WYLLIE ROAD,GIFFORD ROAD,,Non-Injury Crash,No,2023,,South,,0,,Flat,,,,,,Bright sun,659100,0,0,0,2,,,0,,,,,,Auckland Region,Nil,2-way,Sealed,,0,0,,50,,Off,0,0,,76,Auckland,Nil,,,,,0,0,Urban,0,,,Fine,Null
1758314.5291,5917106.7271,879550,15,519200,0,,0,2,,Null,2024/2025,MANUKAU ROAD,OWENS ROAD,,Non-Injury Crash,No,2024,,South,,0,,Flat,,,,,,Overcast,613900,0,0,0,2,,,0,,,,,,Auckland Region,Nil,2-way,Sealed,,0,0,,50,,Off,0,0,,76,Auckland,Traffic Signals,,,,,0,0,Urban,0,,,Light rain,None
1768840.4082,5911200.7965,879552,,523112,0,,0,1,,West,2024/2025,CRYERS ROAD,HARRIS ROAD,,Non-Injury Crash,No,2025,,West,,0,,Flat,,,,,,Bright sun,711404,0,0,0,2,,,0,,,,,,Auckland Region,Nil,2-way,Sealed,,0,0,,50,,Off,1,0,,76,Auckland,Nil,,,,,0,0,Urban,0,,,Fine,Null