X,Y,OBJECTID,advisorySpeed,areaUnitID,bicycle,bridge,bus,carStationWagon,cliffBank,crashDirectionDescription,crashFinancialYear,crashLocation1,crashLocation2,crashRoadSideRoad,crashSeverity,crashSHDescription,crashYear,debris,directionRoleDescription,ditch,fatalCount,fence,flatHill,guardRail,holiday,houseOrBuilding,intersection,kerb,light,meshblockId,minorInjuryCount,moped,motorcycle,NumberOfLanes,objectThrownOrDropped,otherObject,otherVehicleType,overBank,parkedVehicle,pedestrian,phoneBoxEtc,postOrPole,region,roadCharacter,roadLane,roadSurface,roadworks,schoolBus,seriousInjuryCount,slipOrFlood,speedLimit,strayAnimal,streetLight,suv,taxi,temporarySpeedLimit,tlaId,tlaName,trafficControl,trafficIsland,trafficSign,train,tree,truck,unknownVehicleType,urban,vanOrUtility,vehicle,waterRiver,weatherA,weatherB
1773104.8886,5891774.1417,879554,,521301,0,,0,0,,Null,2024/2025,FIRTH STREET,NORRIE ROAD,,Minor Crash,No,2025,,North,,0,,Flat,,,,,,Dark,808701,1,0,0,2,,,0,,,,,,Auckland Region,Nil,2-way,Sealed,,0,0,,50,,On,1,0,,76,Auckland,Stop,,,,,0,0,Urban,1,,,Fine,Null
1758204.4152,5920238.7462,879555,,514103,0,,1,0,,Null,2023/2024,BEACH ROAD,CHURCHILL STREET,,Non-Injury Crash,No,2024,,South,,0,,Flat,,,,,,Bright sun,438203,0,0,0,3,,,0,,,,,,Auckland Region,Nil,2-way,Sealed,,0,0,,50,,Off,0,0,,76,Auckland,Give way,,,,,1,0,Urban,0,,,Fine,Null
1761625.8945,5906616.8557,879573,,524112,0,,0,1,,North,2022/2023,SOUTH-WESTERN MOTORWAY,MASSEY OBR,,Minor Crash,Yes,2023,,North,,0,,Flat,,,,,,Twilight,742300,1,0,1,2,,,0,,,,,,Auckland Region,Nil,1-way,Sealed,,0,0,,100,,Off,0,0,,76,Auckland,Nil,,,,,0,0,Open,0,,,Fine,Strong wind
1755163.6903,5914298.8754,879574,35,518803,0,,0,1,,Null,2022/2023,MOUNT ALBERT ROAD,DOMINION ROAD,,Non-Injury Crash,No,2023,,South,,0,,Flat,,,,,,Dark,580100,0,0,0,4,,,0,,,,,,Auckland Region,Nil,2-way,Sealed,,0,0,,50,,On,0,0,,76,Auckland,Traffic Signals,,,,,0,0,Urban,0,,,Fine,None
1773437.5701,5891848.5918,879585,,521301,0,,0,2,,Null,2022/2023,GREAT SOUTH ROAD,NORRIE ROAD,,Minor Crash,No,2023,,North,,0,,Hill Road,,,,,,Dark,808701,1,0,0,2,,,0,,,,,,Auckland Region,Nil,2-way,Sealed,,0,0,,50,,On,0,0,,76,Auckland,Give way,,,,,0,0,Urban,0,,,Fine,Null
1738740.7865,5978507.6233,879588,,506660,0,,0,1,,North,2024/2025,SH 1,WAYBY VALLEY ROAD,,Non-Injury Crash,Yes,2025,,South,,0,,Hill Road,,,,,,Bright sun,136400,0,0,0,2,,,0,,,,,,Auckland Region,Nil,2-way,Sealed,,0,0,,80,,Off,0,0,,76,Auckland,Nil,,,,,0,0,Open,0,,,Fine,Null
1766005.2156,5900574.6424,879590,45,524713,0,,0,2,,Null,2022/2023,ROSCOMMON ROAD,WORDSWORTH ROAD,,Non-Injury Crash,No,2023,,West,,0,,Flat,,,,,,Bright sun,775817,0,0,0,2,,,0,,,,,,Auckland Region,Nil,2-way,Sealed,,0,0,,50,,None,0,0,,76,Auckland,Give way,,,,,0,0,Urban,0,,,Fine,None
1765656.988,5901422.1366,879596,,524604,0,,0,2,,Null,2024/2025,ROSCOMMON ROAD,BROWNS ROAD,,Non-Injury Crash,No,2025,,South,,0,,Flat,,,,,,Overcast,781302,0,0,0,3,,,0,,,,,,Auckland Region,Nil,1-way,Sealed,,0,0,,60,,None,0,0,,76,Auckland,Traffic Signals,,,,,0,0,Urban,0,,,Fine,Null
1751181.7564,5929882.7574,879600,,509100,0,,0,3,,West,2024/2025,UPPER HARBOUR MOTORWAY,ALBANY HIGHWAY ON RAMP,,Non-Injury Crash,Yes,2025,,West,,0,,Flat,,,,,,Overcast,181110,0,0,0,2,,,0,,,,,,Auckland Region,Nil,1-way,Sealed,,0,0,,100,,Off,0,0,,76,Auckland,Nil,,,,,0,0,Open,1,,,Light rain,Null
1756126.8923,5923869.6685,879605,,509800,0,,0,3,,South,2022/2023,NORTHERN MOTORWAY,WEIGH BRIDGE,,Minor Crash,Yes,2023,,South,,0,,Flat,,,,,,Bright sun,361200,2,0,0,4,,,0,,,,,,Auckland Region,Nil,1-way,Sealed,,0,0,,80,,Off,0,0,,76,Auckland,Nil,,,,,0,0,Open,0,,,Fine,Null
1764590.1693,5911902.2456,879607,,520500,0,,0,1,,North,2022/2023,SOUTHERN MOTORWAY,EAST WEST LINK OFF RAMP,,Non-Injury Crash,Yes,2023,,North,,0,,Flat,,,,,,Overcast,639500,0,0,0,3,,,0,,,,,,Auckland Region,Nil,1-way,Sealed,,0,0,,100,,Off,1,0,,76,Auckland,Nil,,,,,0,0,Open,0,,,Light rain,Null
1753182.786,5912358.0756,879610,,518901,0,,0,2,,Null,2022/2023,HILLSBOROUGH ROAD,GRIFFEN PARK ROAD,,Non-Injury Crash,No,2023,,East,,0,,Flat,,,,,,Overcast,587000,0,0,0,2,,,0,,,,,,Auckland Region,Nil,2-way,Sealed,,0,0,,50,,Null,0,0,,76,Auckland,Give way,,,,,0,0,Urban,0,,,Fine,Null
1755652.9561,5921253.0003,879612,,515202,0,,0,1,,West,2025/2026,NORTHERN MOTORWAY,VICTORIA PARK TUNNEL N,,Non-Injury Crash,Yes,2025,,North,,0,,Flat,,,,,,Bright sun,425600,0,0,0,4,,,0,,,,,,Auckland Region,Nil,1-way,Sealed,,0,0,,80,,Off,0,0,,76,Auckland,Nil,,,,,0,0,Open,0,,,Fine,Null
1775067.1025,5894824.4316,879626,,525510,0,0,0,0,0,West,2024/2025,HUNUA ROAD,DOMINION ROAD,,Minor Crash,No,2025,0,West,0,0,1,Flat,0,,0,,0,Overcast,801500,2,0,0,2,0,0,0,0,0,,0,0,Auckland Region,Nil,2-way,Sealed,0,0,0,0,50,0,Off,0,0,,76,Auckland,Nil,0,0,0,1,1,0,Urban,1,1,0,Heavy rain,Null
1766586.4601,5906448.6238,879630,,522302,0,,0,1,,East,2024/2025,TUI ROAD,KIMPTON ROAD,,Minor Crash,No,2025,,East,,0,,Flat,,,,,,Bright sun,669800,1,0,0,2,,,0,,,1,,,Auckland Region,Nil,2-way,Sealed,,0,0,,40,,Off,0,0,,76,Auckland,Nil,,,,,0,0,Urban,0,,,Fine,Null
1755483.5158,5913310.8389,879632,,518803,0,,0,2,,South,2024/2025,SOMERSET ROAD,FROST ROAD,,Non-Injury Crash,No,2024,,East,,0,,Flat,,,,,,Dark,582700,0,0,0,2,,,0,,,,,,Auckland Region,Nil,2-way,Sealed,,0,0,,50,,On,0,0,,76,Auckland,Nil,,,,,0,0,Urban,0,,,Heavy rain,Null
1752110.0605,5917966.1403,879633,,515001,0,0,0,1,0,West,2022/2023,SH 20,NORTH-WESTERN MOTORWAY,,Non-Injury Crash,Yes,2023,0,West,0,0,0,Hill Road,1,,0,,0,Dark,392400,0,0,0,2,0,0,0,0,0,,0,0,Auckland Region,Nil,1-way,Sealed,0,0,0,0,80,0,On,0,0,,76,Auckland,Nil,0,0,0,0,0,0,Open,0,0,0,Fine,Null
1757718.081,5918255.7776,879639,,518101,0,,0,2,,North,2022/2023,SOUTHERN MOTORWAY,MOUNTAIN OBR,,Minor Crash,Yes,2023,,North,,0,,Flat,,,,,,Overcast,543000,1,0,0,4,,,0,,,,,,Auckland Region,Nil,1-way,Sealed,,0,0,,80,,Off,1,0,,76,Auckland,Nil,,,,,0,0,Open,0,,,Fine,Null
1772589.4268,5901390.5036,879641,,523813,0,,0,2,,South,2022/2023,MILL ROAD,ALFRISTON ROAD,,Non-Injury Crash,No,2023,,North,,0,,Flat,,,,,,Overcast,761000,0,0,0,2,,,0,,,,,,Auckland Region,Nil,2-way,Sealed,,0,0,,80,,Off,0,0,,76,Auckland,Nil,,,,,0,0,Open,0,,,Fine,Null
1752326.2499,5916696.0697,879644,,517901,0,0,0,2,0,Null,2024/2025,MARK ROAD,RAETIHI CRESCENT,,Non-Injury Crash,No,2024,0,North,0,0,0,Flat,0,,0,,0,Unknown,524100,0,0,0,2,0,0,0,0,1,,0,0,Auckland Region,Nil,2-way,Sealed,0,0,0,0,50,0,Null,0,0,,76,Auckland,Nil,0,0,0,0,0,0,Urban,0,0,0,Light rain,Null
1755941.168,5929341.2711,879645,,508510,0,,0,1,,Null,2023/2024,RAINES AVENUE,PAX AVENUE,,Minor Crash,No,2024,,North,,0,,Flat,,,,,,Bright sun,195400,1,0,1,2,,,0,,,,,,Auckland Region,Nil,2-way,Sealed,,0,0,,50,,Off,0,0,,76,Auckland,Nil,,,,,0,0,Urban,0,,,Fine,Null
1745189.6933,5919668.8629,879646,,513301,0,,0,1,,Null,2023/2024,OFF ROAD - PAK N SAVE CAR PARK,,,Minor Crash,No,2024,,North,,0,,Flat,,,,,,Bright sun,232001,1,0,0,,,,0,,,1,,,Auckland Region,Nil,Off road,Sealed,,0,0,,,,Off,0,0,,76,Auckland,Nil,,,,,0,0,Urban,0,,,Fine,Null
1754989.1874,5916435.5137,879658,,517703,0,,0,0,,East,2022/2023,BALMORAL ROAD,SANDRINGHAM ROAD,,Non-Injury Crash,No,2023,,East,,0,,Flat,,,,,,Dark,537601,0,0,1,5,,,0,,,,,,Auckland Region,Nil,2-way,Sealed,,0,0,,50,,On,0,0,,76,Auckland,Nil,,,,,0,0,Urban,0,,,Light rain,None
1759605.2627,5912477.8893,879659,,519820,0,0,0,1,0,Null,2022/2023,VICTORIA STREET,ARTHUR STREET,,Minor Crash,No,2023,0,North,0,0,2,Hill Road,0,,0,,0,Twilight,601300,1,0,0,2,0,0,0,0,0,,0,0,Auckland Region,Nil,2-way,Sealed,0,0,0,0,50,0,Off,0,0,,76,Auckland,Give way,0,1,0,0,0,0,Urban,0,0,0,Fine,Null
1755775.152,5916439.479,879660,,518201,0,,0,0,,Null,2024/2025,DOMINION ROAD,DEXTER AVENUE,,Non-Injury Crash,No,2024,,South,,0,,Null,,,,,,Bright sun,553200,0,0,0,2,,,0,,,,,,Auckland Region,Nil,2-way,Sealed,,0,0,,50,,Null,1,0,,76,Auckland,Give way,,,,,0,0,Urban,1,,,Fine,Null
1768679.027,5902625.2321,879664,,524901,0,0,0,1,0,West,2022/2023,ORAMS ROAD,PANTERA WAY,,Non-Injury Crash,No,2023,0,East,0,0,0,Flat,0,,0,,0,Unknown,754500,0,0,0,2,0,0,0,0,1,,0,0,Auckland Region,Nil,2-way,Sealed,0,0,0,0,50,0,Off,0,0,,76,Auckland,Nil,0,0,0,0,0,1,Urban,0,0,0,Fine,None
1766159.8939,5907396.4486,879666,,522301,0,,0,2,,South,2023/2024,EAST TAMAKI ROAD,EAST TAMAKI ROAD ON-OFF RAMP,,Non-Injury Crash,No,2024,,North,,0,,Flat,,,,,,Bright sun,666700,0,0,0,4,,,0,,,,,,Auckland Region,Nil,2-way,Sealed,,0,0,,50,,Off,0,0,,76,Auckland,Nil,,,,,0,0,Urban,0,,,Fine,Null
1755014.2422,5913728.0467,879668,,518803,0,,0,2,,Null,2023/2024,DOMINION ROAD,DENBIGH AVENUE,,Non-Injury Crash,No,2024,,North,,0,,Flat,,,,,,Bright sun,581700,0,0,0,2,,,0,,,,,,Auckland Region,Nil,2-way,Sealed,,0,0,,50,,Off,0,0,,76,Auckland,Give way,,,,,0,0,Urban,0,,,Fine,None
1756150.3728,5920541.1871,879672,,514000,0,,0,1,,Null,2023/2024,VICTORIA STREET WEST,BEAUMONT STREET,,Non-Injury Crash,No,2024,,West,,0,,Flat,,,,,,Dark,416600,0,0,0,4,,,0,,,,,,Auckland Region,Nil,2-way,Sealed,,0,0,,30,,On,0,0,,76,Auckland,Traffic Signals,,,,,0,0,Urban,0,,,Light rain,None
1759105.7642,5912417.9389,879682,,519820,0,0,0,2,0,Null,2024/2025,OFF ROAD - DRESSMART CAR PARK ,,,Minor Crash,No,2025,0,West,0,0,0,Flat,0,,0,,0,Bright sun,601000,1,0,0,,0,0,0,0,0,,1,0,Auckland Region,Nil,Off road,Sealed,0,0,0,0,,0,Off,0,0,,76,Auckland,Nil,0,0,0,0,0,0,Urban,0,0,0,Fine,Null
1768493.2393,5901110.611,879690,,525001,0,,0,1,,South,2024/2025,MAICH ROAD,NORTHCREST WAY,,Serious Crash,No,2025,,North,,0,,Flat,,,,,,Overcast,751500,0,0,1,2,,,0,,,,,,Auckland Region,Nil,2-way,Sealed,,0,1,,50,,Off,0,0,,76,Auckland,Nil,,,,,0,0,Urban,0,,,Fine,Null
1769192.1495,5905170.1706,879691,,523712,0,0,0,1,0,Null,2022/2023,MATTHEWS ROAD,ASPIRING AVENUE,,Non-Injury Crash,No,2023,0,South,0,0,1,Flat,0,,1,,0,Dark,716206,0,0,0,2,0,0,0,0,0,,0,0,Auckland Region,Nil,2-way,Sealed,0,0,0,0,50,0,On,0,0,,76,Auckland,Give way,0,0,0,0,0,0,Urban,0,0,0,Fine,Null
1770775.61,5901583.8017,879693,,523813,0,,0,1,,Null,2022/2023,ALFRISTON ROAD,PORCHESTER ROAD,,Non-Injury Crash,No,2023,,South,,0,,Flat,,,,,,Bright sun,759800,0,0,0,2,,,0,,,,,,Auckland Region,Nil,2-way,Sealed,,0,0,,60,,Off,0,0,,76,Auckland,Give way,,,,,0,0,Urban,1,,,Light rain,Null
1758471.111,5920333.0584,879694,,515902,0,0,0,1,0,Null,2023/2024,THE STRAND,NGAOHO PLACE,,Non-Injury Crash,Yes,2024,0,South,0,0,0,Flat,0,,0,,0,Dark,453000,0,0,0,4,0,0,0,0,0,,0,0,Auckland Region,Nil,2-way,Sealed,0,0,0,0,50,0,On,0,0,,76,Auckland,Give way,1,0,0,0,0,0,Urban,0,0,0,Fine,Null
1753320.5653,5932585.5576,879696,,508807,0,,0,0,,Null,2024/2025,TAWA DRIVE,TITOKI PLACE,,Non-Injury Crash,No,2025,,South,,0,,Flat,,,,,,Bright sun,180811,0,0,0,2,,,0,,,,,,Auckland Region,Nil,2-way,Sealed,,0,0,,50,,Off,0,0,,76,Auckland,Nil,,,,,1,0,Urban,1,,,Fine,Null
1756698.9007,5919458.1312,879702,,514200,0,0,0,1,0,Null,2023/2024,EAST STREET,KARANGAHAPE ROAD,,Non-Injury Crash,No,2024,0,North,0,0,0,Flat,0,,0,,0,Dark,412000,0,0,0,2,0,0,0,0,2,,0,0,Auckland Region,Nil,2-way,Sealed,0,0,0,0,30,0,On,1,0,,76,Auckland,Give way,0,0,0,0,0,0,Urban,0,0,0,Fine,Null
1747422.4006,5912090.7774,879704,,511901,0,,0,1,,North,2024/2025,ATKINSON ROAD,KAURILANDS ROAD,,Minor Crash,No,2025,,South,,0,,Hill Road,,Queens Birthday,,,,Overcast,293702,1,0,0,2,,,0,,,1,,,Auckland Region,Nil,2-way,Sealed,,0,0,,50,,Off,0,0,,76,Auckland,Nil,,,,,0,0,Urban,0,,,Fine,Null
1756159.8495,5924022.2655,879706,,509800,0,,0,1,,North,2024/2025,NORTHERN MOTORWAY,WEIGH BRIDGE,,Minor Crash,Yes,2025,,South,,0,,Flat,,,,,,Bright sun,361100,1,0,0,5,,,0,,,,,,Auckland Region,Nil,1-way,Sealed,,0,0,,80,,Off,0,0,,76,Auckland,Nil,,,,,0,0,Open,1,,,Fine,Null
1744878.9671,5921297.4411,879707,,513530,0,,0,1,,North,2022/2023,NORTH-WESTERN MOTORWAY,HURUHURU OBR,,Non-Injury Crash,Yes,2023,,South,,0,,Hill Road,,,,,,Bright sun,226302,0,0,0,3,,,0,,,,,,Auckland Region,Nil,1-way,Sealed,,0,0,,100,,Off,0,0,,76,Auckland,Nil,,,,,0,0,Open,1,,,Fine,Null
1743572.7845,5923766.2091,879712,,513511,0,,0,2,,South,2024/2025,FERNHILL DRIVE,FRED TAYLOR DRIVE,,Non-Injury Crash,No,2025,,North,,0,,Flat,,,,,,Bright sun,224306,0,0,0,4,,,0,,,,,,Auckland Region,Nil,2-way,Sealed,,0,0,,50,,Off,0,0,,76,Auckland,Nil,,,,,0,0,Urban,1,,,Fine,Null
1755731.482,5913214.2978,879716,,518701,0,0,0,1,0,East,2024/2025,SOUTH-WESTERN MOTORWAY,KEITH HAY PARK FTBR,,Non-Injury Crash,Yes,2025,0,East,0,0,0,Flat,1,,0,,0,Dark,573800,0,0,0,3,0,0,0,0,0,,0,0,Auckland Region,Nil,1-way,Sealed,0,0,0,0,100,0,On,0,0,,76,Auckland,Nil,0,0,0,0,0,0,Open,0,0,0,Fine,Null
1759515.6613,5925380.5814,879718,,508110,0,,0,1,,North,2022/2023,LAKE ROAD,WINSCOMBE STREET,,Non-Injury Crash,No,2023,,South,,0,,Hill Road,,,,,,Dark,319200,0,0,0,2,,,0,,,,,,Auckland Region,Nil,2-way,Sealed,,0,0,,50,,On,0,0,,76,Auckland,Nil,,,,,0,0,Urban,1,,,Fine,Null
1777196.8902,5906016.0786,879723,,525201,0,0,0,1,0,South,2022/2023,BROOKBY ROAD,WHITFORD PARK ROAD,,Non-Injury Crash,No,2023,0,South,0,0,1,Hill Road,0,,0,,0,Dark,762000,0,0,0,2,0,0,0,0,0,,0,0,Auckland Region,Nil,2-way,Sealed,0,0,0,0,60,0,None,0,0,,76,Auckland,Nil,0,0,0,0,0,0,Urban,0,0,0,Light rain,Strong wind
1755522.5792,5939819.9684,879728,,508900,0,0,0,1,0,East,2024/2025,PIRIPIRI POINT DRIVE,TE PAE OKURA DRIVE,,Minor Crash,No,2024,0,North,0,0,1,Flat,0,Christmas New Year,0,,0,Bright sun,178304,3,0,0,2,0,0,0,0,0,,0,0,Auckland Region,Nil,2-way,Sealed,0,0,0,0,50,0,Off,1,0,,76,Auckland,Nil,0,0,0,0,0,0,Urban,0,0,0,Fine,Null
1748570.1204,5945410.849,879730,,506201,0,,0,1,,Null,2022/2023,DAIRY FLAT HIGHWAY,SILVERDALE ON RAMP,,Non-Injury Crash,No,2023,,North,,0,,Flat,,,,,,Bright sun,176700,0,0,0,2,,,0,,,,,,Auckland Region,Motorway ramp,1-way,Sealed,,0,0,,80,,Off,0,0,,76,Auckland,Give way,,,,,0,1,Open,0,,,Fine,Null
1753864.8382,5874744.0665,879732,,526105,0,,0,1,,Null,2023/2024,GEORGE STREET,HULL ROAD,,Non-Injury Crash,No,2024,,West,,0,,Flat,,,,,,Overcast,835504,0,0,0,2,,,0,,,,,,Auckland Region,Nil,2-way,Sealed,,0,0,,50,,Off,0,0,,76,Auckland,Give way,,,,,0,0,Urban,1,,,Fine,None
1757782.6189,5918194.4098,879733,,515700,0,,0,3,,South,2022/2023,SOUTHERN MOTORWAY,KHYBER PASS ROAD OFF RAMP,,Non-Injury Crash,Yes,2023,,North,,0,,Flat,,,,,,Overcast,443600,0,0,0,4,,,0,,,,,,Auckland Region,Nil,1-way,Sealed,,0,0,,80,,Off,0,0,,76,Auckland,Nil,,,,,0,0,Open,0,,,Fine,Null
1744286.077,5920259.333,879736,,513632,0,0,0,0,0,East,2024/2025,HELENA STREET,SHALE AVENUE,,Non-Injury Crash,No,2024,0,East,0,0,0,Flat,0,,1,,0,Bright sun,229100,0,0,0,2,0,0,0,0,1,,0,0,Auckland Region,Nil,2-way,Sealed,0,0,0,0,50,0,Off,1,0,,76,Auckland,Nil,0,0,0,0,0,0,Urban,1,0,0,Fine,Null
1758444.4335,5918348.5029,879737,,517400,1,,0,1,,Null,2023/2024,KHYBER PASS ROAD,OSBORNE STREET,,Minor Crash,No,2024,,West,,0,,Flat,,,,,,Bright sun,451000,1,0,0,4,,,0,,,,,,Auckland Region,Nil,2-way,Sealed,,0,0,,50,,Off,0,1,,76,Auckland,Give way,,,,,0,0,Urban,0,,,Fine,Null
1756093.4237,5919375.9244,879742,,514000,1,,0,1,,Null,2023/2024,HOPETOUN STREET,PONSONBY ROAD,,Minor Crash,No,2023,,South,,0,,Flat,,,,,,Overcast,413800,1,0,0,2,,,0,,,,,,Auckland Region,Nil,2-way,Sealed,,0,0,,40,,Off,0,1,,76,Auckland,Traffic Signals,,,,,0,0,Urban,0,,,Fine,Null
1770819.1663,5898465.039,879753,,523920,0,0,0,1,0,Null,2022/2023,GREAT SOUTH ROAD,GRAHAM ROAD,,Serious Crash,No,2023,1,North,0,0,0,Flat,0,,0,,0,Overcast,767503,1,0,0,2,0,0,0,0,0,,0,0,Auckland Region,Nil,2-way,Sealed,0,0,1,0,50,0,Off,0,0,,76,Auckland,Give way,0,0,0,0,0,0,Urban,0,0,0,Fine,Null
1764253.8981,5905568.9624,879754,,524303,0,0,0,4,0,South,2023/2024,HILLCREST ROAD,KOHUORA LANE,,Non-Injury Crash,No,2023,0,North,0,0,0,Flat,0,,0,,0,Dark,657601,0,0,0,2,0,0,0,0,1,,0,0,Auckland Region,Nil,2-way,Sealed,0,0,0,0,50,0,On,0,0,,76,Auckland,Nil,0,0,0,0,0,0,Urban,0,0,0,Fine,Null
1770594.0432,5911019.3817,879758,,523109,1,,0,1,,South,2024/2025,CHAPEL ROAD,TI RAKAU DRIVE,,Serious Crash,No,2025,,North,,0,,Hill Road,,,,,,Bright sun,711709,0,0,0,2,,,0,,,,,,Auckland Region,Nil,2-way,Sealed,,0,1,,50,,Off,0,0,,76,Auckland,Nil,,,,,0,0,Urban,0,,,Fine,Null
1761606.9097,5906427.889,879762,,524200,0,0,0,0,0,Null,2024/2025,MASSEY ROAD,TIDAL ROAD,,Serious Crash,No,2024,0,South,0,0,0,Flat,0,,0,,1,Dark,728700,0,0,1,4,0,0,0,0,0,,0,0,Auckland Region,Nil,2-way,Sealed,0,0,1,0,50,0,On,0,0,40,76,Auckland,Give way,0,0,0,0,0,0,Urban,0,0,0,Fine,Null
1770338.2923,5917943.9873,879766,45,522601,0,0,0,2,0,North,2024/2025,THE ESPLANADE,EASTERN BEACH ROAD,,Non-Injury Crash,No,2024,0,North,0,0,0,Flat,0,,0,,0,Dark,676404,0,0,0,2,0,0,0,0,1,,0,0,Auckland Region,Nil,2-way,Sealed,0,0,0,0,50,0,On,0,0,,76,Auckland,Nil,0,0,0,0,0,0,Urban,0,0,0,Fine,None
1762774.6196,5920785.5535,879779,,516400,0,0,0,1,1,East,2022/2023,TAMAKI DRIVE,HAPIMANA STREET,,Non-Injury Crash,No,2023,0,East,0,0,0,Flat,0,,0,,0,Dark,498801,0,0,0,2,0,0,0,0,0,,0,0,Auckland Region,Nil,2-way,Sealed,0,0,0,0,50,0,On,0,0,,76,Auckland,Nil,0,0,0,0,0,0,Urban,0,0,0,Fine,Null
1751584.9278,5914606.8717,879784,,514402,0,,0,1,,South,2023/2024,BLOCKHOUSE BAY ROAD,ACTON PLACE,,Non-Injury Crash,No,2024,,North,,0,,Flat,,,,,,Bright sun,380503,0,0,0,2,,,0,,,,,,Auckland Region,Nil,2-way,Sealed,,0,0,,50,,Off,0,0,,76,Auckland,Nil,,,,,0,0,Urban,1,,,Fine,Null
1764358.5232,5920153.8375,879797,,516601,0,0,0,1,0,West,2022/2023,TAMAKI DRIVE,NELIGAN AVENUE,,Minor Crash,No,2023,0,East,0,0,0,Flat,0,,0,,0,Bright sun,504100,2,0,0,2,0,0,0,0,2,,0,0,Auckland Region,Nil,2-way,Sealed,0,0,0,0,50,0,Off,1,0,,76,Auckland,Nil,0,0,0,0,0,0,Urban,1,0,0,Fine,Null
1759995.5106,5912277.711,879812,,520000,0,0,1,1,0,West,2024/2025,CHURCH STREET,MOUNTJOY PLACE,,Non-Injury Crash,No,2024,0,West,0,0,0,Flat,0,,0,,1,Overcast,607301,0,0,0,2,0,0,0,0,1,,0,1,Auckland Region,Nil,2-way,Sealed,0,0,0,0,50,0,Off,0,0,,76,Auckland,Nil,0,0,0,0,0,0,Urban,0,0,0,Fine,Null
1755221.3934,5976488.9229,879820,55,506661,0,,0,1,,West,2024/2025,LEIGH ROAD,TAKATU ROAD,,Non-Injury Crash,No,2024,,East,,0,,Hill Road,,,,,,Dark,138300,0,0,0,2,,,0,,,,,,Auckland Region,Nil,2-way,Sealed,,0,0,,80,,None,0,0,,76,Auckland,Nil,,,,,0,0,Open,0,,,Light rain,Null
1760037.4058,5913512.2289,879821,,519900,0,0,0,2,0,East,2022/2023,ORANGA AVENUE,NAMATA ROAD,,Minor Crash,No,2023,0,East,0,0,0,Flat,0,,0,,0,Bright sun,603000,1,0,0,2,0,0,0,0,1,,0,0,Auckland Region,Nil,2-way,Sealed,0,0,0,0,50,0,Off,0,0,,76,Auckland,Nil,0,0,0,0,0,0,Urban,0,0,0,Fine,Null
1768280.918,5913045.945,879822,,523000,0,0,1,1,0,South,2023/2024,GOSSAMER DRIVE,LEEWOOD PLACE,,Non-Injury Crash,No,2024,0,North,0,0,0,Hill Road,0,,0,,0,Dark,690400,0,0,0,2,0,0,0,0,1,,0,0,Auckland Region,Nil,2-way,Sealed,0,0,0,0,50,0,On,0,0,,76,Auckland,Nil,0,0,0,0,1,0,Urban,0,0,0,Fine,Null
1766056.3715,5904521.3003,879826,,524603,0,,0,0,,Null,2023/2024,CAVENDISH DRIVE,GRAYSON AVENUE,,Non-Injury Crash,No,2024,,East,,0,,Flat,,,,,,Dark,674600,0,0,0,4,,,0,,,,,,Auckland Region,Nil,2-way,Sealed,,0,0,,50,,On,2,0,,76,Auckland,Give way,,,,,0,0,Urban,0,,,Fine,Null
1766310.1708,5901672.5186,879828,,524604,0,,0,1,,Null,2024/2025,BROWNS ROAD,ROWANDALE AVENUE,,Non-Injury Crash,No,2024,,East,,0,,Null,,,,,,Unknown,781400,0,0,0,2,,,0,,,,,,Auckland Region,Nil,2-way,Null,,0,0,,50,,Null,0,0,,76,Auckland,Traffic Signals,,,,,0,0,Urban,1,,,Null,Null
1780785.1786,5926008.709,879832,,520801,0,0,0,0,0,Null,2023/2024,MIAMI AVENUE,ALISON ROAD,,Non-Injury Crash,No,2024,0,South,0,0,1,Hill Road,0,,0,,0,Bright sun,516702,0,0,0,1,0,0,0,0,0,,0,0,Auckland Region,Nil,2-way,Sealed,0,0,0,0,30,0,Off,0,0,,76,Auckland,Give way,0,0,0,0,0,0,Urban,1,0,0,Fine,Null
1748624.5473,5915867.3115,879836,,511700,0,0,0,1,0,Null,2023/2024,COBHAM CRESCENT,INGLEBY PLACE,,Non-Injury Crash,No,2024,0,North,0,0,0,Flat,0,,0,,0,Dark,270300,0,0,0,2,0,0,0,0,1,,0,0,Auckland Region,Nil,2-way,Sealed,0,0,0,0,50,0,On,1,0,,76,Auckland,Nil,0,0,0,0,0,0,Urban,0,0,0,Fine,Null
1763686.896,5908881.8195,879839,,521901,0,,0,2,,Null,2022/2023,MANGERE ROAD,WALMSLEY ROAD,,Minor Crash,No,2023,,East,,0,,Flat,,,,,,Overcast,786100,2,0,0,4,,,0,,,,,,Auckland Region,Nil,2-way,Sealed,,0,0,,50,,On,0,0,,76,Auckland,Traffic Signals,,,,,0,0,Urban,0,,,Light rain,Null
1745293.2944,5914901.1338,879843,,512904,0,,0,1,,North,2022/2023,SEYMOUR ROAD,APPLE ORCHARD WAY,,Minor Crash,No,2023,,South,,0,,Flat,,,,,,Overcast,278201,1,0,1,2,,,0,,,,,,Auckland Region,Nil,2-way,Sealed,,0,0,,50,,Off,0,0,,76,Auckland,Nil,,,,,0,0,Urban,0,,,Fine,Null