X,Y,OBJECTID,advisorySpeed,areaUnitID,bicycle,bridge,bus,carStationWagon,cliffBank,crashDirectionDescription,crashFinancialYear,crashLocation1,crashLocation2,crashRoadSideRoad,crashSeverity,crashSHDescription,crashYear,debris,directionRoleDescription,ditch,fatalCount,fence,flatHill,guardRail,holiday,houseOrBuilding,intersection,kerb,light,meshblockId,minorInjuryCount,moped,motorcycle,NumberOfLanes,objectThrownOrDropped,otherObject,otherVehicleType,overBank,parkedVehicle,pedestrian,phoneBoxEtc,postOrPole,region,roadCharacter,roadLane,roadSurface,roadworks,schoolBus,seriousInjuryCount,slipOrFlood,speedLimit,strayAnimal,streetLight,suv,taxi,temporarySpeedLimit,tlaId,tlaName,trafficControl,trafficIsland,trafficSign,train,tree,truck,unknownVehicleType,urban,vanOrUtility,vehicle,waterRiver,weatherA,weatherB
1768435.2571,5901478.5609,879844,,525001,0,0,0,1,0,North,2023/2024,GREAT SOUTH ROAD,CORIN AVENUE,,Non-Injury Crash,No,2024,0,South,0,0,0,Flat,0,Easter,0,,0,Dark,751300,0,0,0,2,0,0,0,0,1,,0,0,Auckland Region,Nil,2-way,Sealed,0,0,0,0,50,0,On,0,0,,76,Auckland,Nil,0,0,0,0,1,0,Urban,0,0,0,Fine,Null
1773237.3264,5899632.0757,879846,,523911,0,,0,1,,Null,2024/2025,MILL ROAD,AIRFIELD ROAD,,Non-Injury Crash,No,2024,,North,,0,,Flat,,,,,,Dark,767204,0,0,0,2,,,0,,,,,,Auckland Region,Nil,2-way,Sealed,,0,0,,80,,On,0,0,,76,Auckland,Unknown,,,,,0,0,Open,0,,,Fine,Null
1765748.3296,5917985.9889,879859,,517001,1,,0,1,,Null,2023/2024,WEST TAMAKI ROAD,ASHBY AVENUE,,Minor Crash,No,2023,,South,,0,,Flat,,,,,,Bright sun,470800,1,0,0,2,,,0,,,,,,Auckland Region,Nil,2-way,Sealed,,0,0,,50,,Off,0,0,,76,Auckland,Give way,,,,,0,0,Urban,0,,,Fine,Null
1751242.8703,5947451.8829,879860,,505807,0,0,0,1,0,North,2024/2025,ALBATROSS ROAD,TEE POINT,,Non-Injury Crash,No,2024,0,South,0,0,0,Null,0,Christmas New Year,0,,0,Bright sun,172803,0,0,0,2,0,0,0,0,1,,0,0,Auckland Region,Nil,2-way,Sealed,0,0,0,0,50,0,Null,0,0,,76,Auckland,Nil,0,0,0,0,0,1,Urban,0,0,0,Fine,Strong wind
1757771.1823,5918204.2266,879861,,515700,0,,0,2,,South,2022/2023,SOUTHERN MOTORWAY,MOUNTAIN OBR,,Non-Injury Crash,Yes,2023,,North,,0,,Flat,,,,,,Bright sun,443600,0,0,0,5,,,0,,,,,,Auckland Region,Overpass,1-way,Sealed,,0,0,,80,,Null,0,0,,76,Auckland,Nil,,,,,0,0,Open,1,,,Fine,Null
1763795.9497,5907535.2874,879864,,521902,0,,0,2,,North,2024/2025,HOSPITAL ROAD,HOSPITAL ENT S,,Non-Injury Crash,No,2024,,South,,0,,Flat,,,,,,Overcast,786500,0,0,0,2,,,0,,,,,,Auckland Region,Nil,2-way,Sealed,,0,0,,20,,Null,0,0,,76,Auckland,Nil,,,,,0,0,Urban,0,,,Fine,Null
1757609.2623,5928865.7836,879865,,507800,0,,0,0,,West,2022/2023,KITCHENER ROAD,DODSON AVENUE,,Non-Injury Crash,No,2023,,East,,0,,Hill Road,,,,,,Overcast,310800,0,0,0,2,,,0,,,1,,,Auckland Region,Nil,2-way,Sealed,,0,0,,50,,Off,1,0,,76,Auckland,Nil,,,,,0,0,Urban,0,,,Light rain,Null
1764251.1032,5909867.7806,879866,,521802,0,0,0,0,0,Null,2024/2025,AVENUE ROAD,ATKINSON AVENUE,,Non-Injury Crash,No,2024,0,West,0,0,0,Flat,0,,0,,0,Twilight,787800,0,0,0,3,0,0,0,0,0,,1,0,Auckland Region,Nil,2-way,Sealed,0,0,0,0,30,0,On,0,0,,76,Auckland,Traffic Signals,0,0,0,0,0,0,Urban,1,0,0,Fine,Null
1765059.2973,5902877.7384,879870,,524604,0,,0,1,,Null,2022/2023,ROSCOMMON ROAD,WIRI STATION ROAD,,Non-Injury Crash,No,2023,,South,,0,,Flat,,,,,,Bright sun,781302,0,0,0,3,,,0,,,,,,Auckland Region,Nil,1-way,Sealed,,0,0,,80,,Off,1,0,,76,Auckland,Traffic Signals,,,,,0,0,Open,0,,,Fine,None
1756532.8341,5918404.247,879873,,515600,0,,0,1,,North,2023/2024,NEW NORTH ROAD,PORTERS AVENUE,,Minor Crash,No,2023,,South,,0,,Flat,,Christmas New Year,,,,Twilight,419704,1,0,0,4,,,0,,,1,,,Auckland Region,Nil,2-way,Sealed,,0,0,,50,,Off,0,0,,76,Auckland,Nil,,,,,0,0,Urban,0,,,Fine,Null
1759139.6527,5912691.7016,879880,,519820,0,,0,0,,Null,2024/2025,GREY STREET,CAMERON STREET,,Non-Injury Crash,No,2024,,West,,0,,Flat,,,,,,Bright sun,599700,0,0,0,2,,,0,,,1,,,Auckland Region,Nil,2-way,Sealed,,0,0,,50,,Off,0,0,,76,Auckland,Give way,,,,,0,0,Urban,1,,,Fine,Null
1760876.7961,5917731.5578,879882,,516201,0,,0,1,,North,2023/2024,ORAKEI ROAD,BENSON ROAD,,Non-Injury Crash,No,2024,,North,,0,,Flat,,,,,,Dark,487100,0,0,0,2,,,0,,,,,,Auckland Region,Nil,2-way,Sealed,,0,0,,50,,On,2,0,,76,Auckland,Nil,,,,,0,0,Urban,0,,,Fine,Null
1751565.464,5916562.3125,879886,,514900,0,,0,1,,South,2024/2025,GREAT NORTH ROAD,FAIRLANDS AVENUE,,Minor Crash,No,2024,,South,,0,,Flat,,,,,,Overcast,384901,1,0,0,4,,,0,,,,,,Auckland Region,Nil,2-way,Sealed,,0,0,,50,,Off,1,0,,76,Auckland,Nil,,,,,0,0,Urban,0,,,Fine,Null
1759408.7078,5910235.2983,879890,,524002,0,,0,2,,Null,2023/2024,RIMU ROAD,RIMU ROAD ON RAMP,,Non-Injury Crash,No,2024,,East,,0,,Flat,,,,,,Overcast,722000,0,0,0,2,,,0,,,,,,Auckland Region,Overpass,2-way,Sealed,,0,0,,50,,Off,0,0,,76,Auckland,Give way,,,,,0,0,Urban,0,,,Fine,Null
1753268.3057,5933066.4982,879909,,508807,0,0,0,1,0,Null,2023/2024,GREVILLE ROAD,ALBANY EXPRESSWAY,,Minor Crash,No,2023,0,South,0,0,0,Flat,0,,1,,0,Dark,180811,1,0,0,6,0,0,0,0,0,,0,0,Auckland Region,Nil,2-way,Sealed,0,0,0,0,50,0,On,0,0,,76,Auckland,Traffic Signals,0,0,0,0,0,0,Urban,0,0,0,Fine,Null
1769475.5893,5901766.96,879932,,524901,0,,0,2,,Null,2024/2025,GRANDE VUE ROAD,HILL ROAD,,Non-Injury Crash,No,2024,,East,,0,,Flat,,,,,,Overcast,756000,0,0,0,2,,,0,,,,,,Auckland Region,Nil,2-way,Sealed,,0,0,,50,,Off,0,0,,76,Auckland,Give way,,,,,0,0,Urban,0,,,Light rain,Null
1763027.2121,5903873.1153,879934,,524604,0,0,0,1,0,East,2023/2024,PUHINUI ROAD,PRICES ROAD,,Non-Injury Crash,Yes,2024,0,East,0,0,0,Flat,1,,0,,0,Dark,780902,0,0,0,2,0,0,0,0,0,,0,0,Auckland Region,Nil,2-way,Sealed,0,0,0,0,60,0,On,0,0,,76,Auckland,Nil,0,0,0,0,0,0,Urban,0,0,0,Light rain,Null
1751601.9999,5915253.9961,879936,,514401,0,,0,2,,East,2023/2024,NEW NORTH ROAD,BLOCKHOUSE BAY ROAD,,Non-Injury Crash,No,2024,,East,,0,,Flat,,,,,,Bright sun,380001,0,0,0,2,,,0,,,,,,Auckland Region,Nil,2-way,Sealed,,0,0,,10,,On,0,0,,76,Auckland,Nil,,,,,0,0,Urban,0,,,Fine,None
1751900.674,5938940.3607,879944,,506300,0,,0,2,,Null,2024/2025,EAST COAST ROAD,AWANOHI ROAD,,Minor Crash,No,2024,,North,,0,,Null,,,,,,Bright sun,176005,1,0,0,2,,,0,,,,,,Auckland Region,Nil,2-way,Sealed,,0,0,,80,,Null,0,0,,76,Auckland,Give way,,,,,0,0,Open,0,,,Fine,Null
1765911.1609,5919140.3217,879950,,516800,0,,0,1,,North,2022/2023,MASKELL STREET,WALMSLEY ROAD,,Non-Injury Crash,No,2023,,South,,0,,Flat,,,,,,Bright sun,513000,0,0,0,2,,,0,,,,,,Auckland Region,Nil,2-way,Sealed,,0,0,,50,,Null,1,0,,76,Auckland,Nil,,,,,0,0,Urban,0,,,Fine,None
1745242.6967,5919196.7269,879958,,513301,0,,0,0,,Null,2024/2025,LINCOLN ROAD,TE PAI PLACE,,Minor Crash,No,2025,,South,,0,,Flat,,,,,,Bright sun,232003,1,0,0,4,,,0,,,,,,Auckland Region,Nil,2-way,Sealed,,0,0,,50,,Off,1,0,,76,Auckland,Traffic Signals,,,,,0,0,Urban,1,,,Fine,Null
1759509.6637,5910282.7761,879962,,524002,0,,0,2,,Null,2023/2024,MAHUNGA DRIVE OFF RAMP,MAHUNGA DRIVE,,Non-Injury Crash,No,2023,,South,,0,,Hill Road,,,,,,Overcast,722400,0,0,0,1,,,0,,,,,,Auckland Region,Nil,1-way,Sealed,,0,0,,50,,Off,0,0,,76,Auckland,Give way,,,,,0,0,Urban,0,,,Fine,None
1752753.1901,5918291.1832,879964,,515002,0,0,0,3,0,East,2024/2025,GREAT NORTH ROAD,WALMER ROAD,,Minor Crash,No,2025,0,East,0,0,0,Flat,0,,0,,0,Bright sun,396400,1,0,0,4,0,0,0,0,1,,0,0,Auckland Region,Nil,2-way,Sealed,0,0,0,0,50,0,Off,1,0,,76,Auckland,Nil,0,0,0,0,0,0,Urban,0,0,0,Fine,Strong wind
1756950.4041,5918702.5238,879968,,514301,0,0,0,2,0,North,2024/2025,SYMONDS STREET,MOUNT EDEN ROAD,,Non-Injury Crash,No,2024,0,North,0,0,0,Null,0,,0,,0,Dark,441800,0,0,0,4,0,0,0,0,1,,0,0,Auckland Region,Nil,2-way,Sealed,0,0,0,0,50,0,On,0,0,,76,Auckland,Nil,0,0,0,0,0,0,Urban,0,0,0,Fine,Null
1752418.9083,5936111.5638,879978,,506300,0,0,0,1,0,North,2023/2024,NORTHERN MOTORWAY,LONELY TRACK OBR,,Non-Injury Crash,Yes,2024,0,South,0,0,0,Flat,1,,0,,0,Dark,176106,0,0,0,2,0,0,0,0,0,,0,0,Auckland Region,Nil,1-way,Sealed,0,0,0,0,100,0,None,0,0,,76,Auckland,Nil,0,0,0,1,0,0,Open,0,0,0,Fine,Null
1766895.1078,5907639.2914,879980,,523601,0,,0,1,,Null,2024/2025,BAIRDS ROAD,EAST TAMAKI ROAD,,Non-Injury Crash,No,2024,,North,,0,,Null,,,,,,Bright sun,708600,0,0,0,1,,,0,,,,,,Auckland Region,Nil,1-way,Sealed,,0,0,,50,,Null,0,0,,76,Auckland,Give way,,,,,0,1,Urban,0,,,Fine,Null
1768212.5026,5902379.4587,879982,,525001,0,0,0,2,0,South,2024/2025,GREAT SOUTH ROAD,BROWNS ROAD,,Minor Crash,No,2025,0,North,0,0,0,Flat,0,,0,,0,Twilight,750800,1,0,0,3,0,0,0,0,0,,0,0,Auckland Region,Nil,2-way,Sealed,0,0,0,0,50,0,On,0,0,,76,Auckland,Nil,0,1,0,0,0,0,Urban,0,0,0,Fine,Null
1769469.4381,5901760.6521,879998,,524901,0,,0,1,,Null,2023/2024,HILL ROAD,GRANDE VUE ROAD,,Non-Injury Crash,No,2024,,East,,0,,Flat,,,,,,Bright sun,756901,0,0,0,2,,,0,,,,,,Auckland Region,Nil,2-way,Sealed,,0,0,,50,,Off,0,0,,76,Auckland,Give way,,,,,0,0,Urban,1,,,Fine,Null
1746939.6669,5920002.7696,880004,,512300,0,0,0,1,0,South,2024/2025,TITOKI STREET,TORU STREET,,Non-Injury Crash,No,2024,0,North,0,0,0,Flat,0,,0,,0,Overcast,251800,0,0,0,2,0,0,0,0,0,,0,1,Auckland Region,Nil,2-way,Sealed,0,0,0,0,50,0,Off,0,0,,76,Auckland,Nil,0,0,0,0,0,0,Urban,0,0,0,Fine,Null
1765265.2748,5904775.7535,880010,,524603,0,,0,2,,East,2023/2024,PUHINUI ROAD,CAMBRIDGE TERRACE,,Non-Injury Crash,No,2023,,North,,0,,Flat,,,,,,Bright sun,673600,0,0,0,2,,,0,,,,,,Auckland Region,Nil,2-way,Sealed,,0,0,,50,,Off,0,0,,76,Auckland,Nil,,,,,0,0,Urban,0,,,Fine,None
1758313.2171,5919615.4629,880022,,515902,0,,0,0,,South,2023/2024,LOWER DOMAIN DRIVE,LOVERS LANE,,Non-Injury Crash,No,2024,,South,,0,,Hill Road,,,,,,Overcast,451400,0,0,0,2,,,0,,,,,,Auckland Region,Nil,2-way,Sealed,,0,0,,30,,On,1,0,,76,Auckland,Nil,,,,,0,0,Urban,1,,,Fine,Strong wind
1759249.7133,5916417.5437,880028,,516001,0,,0,1,,Null,2024/2025,GREAT SOUTH ROAD,CORNWALL PARK AVENUE,,Non-Injury Crash,No,2025,,South,,0,,Flat,,,,,,Overcast,493800,0,0,0,2,,,0,,,,,,Auckland Region,Nil,2-way,Sealed,,0,0,,50,,Off,0,0,,76,Auckland,Give way,,,,,1,0,Urban,0,,,Light rain,Null
1763895.7275,5908893.8232,880034,,521901,0,0,0,1,0,West,2023/2024,MANGERE ROAD,AWA STREET,,Minor Crash,No,2023,0,West,0,0,0,Flat,0,,0,,0,Dark,785100,1,0,0,2,0,0,0,0,0,,0,0,Auckland Region,Nil,2-way,Sealed,0,0,0,0,50,0,On,0,0,,76,Auckland,Isolated Pedestrian signal (non-intersection),0,1,0,0,0,0,Urban,0,0,0,Fine,Null
1749697.2932,5913883.8438,880042,,511303,0,,0,1,,Null,2023/2024,GREAT NORTH ROAD,CLARK STREET,,Serious Crash,No,2024,,East,,0,,Hill Road,,,,,,Bright sun,264901,0,0,0,4,,,0,,,1,,,Auckland Region,Underpass,2-way,Sealed,,0,1,,50,,Off,0,0,,76,Auckland,Traffic Signals,,,,,0,0,Urban,0,,,Fine,Null
1764148.428,5911253.3612,880048,,520500,0,,0,0,,North,2024/2025,MOUNT WELLINGTON HIGHWAY,HILLSIDE ROAD,,Non-Injury Crash,No,2024,,North,,0,,Null,,,,,,Unknown,636500,0,0,0,2,,,0,,,,,,Auckland Region,Nil,2-way,Null,,0,0,,50,,Null,0,0,,76,Auckland,Nil,,,,,0,1,Urban,1,,,Null,Null
1766334.277,5900838.9038,880050,,524711,0,0,0,1,0,East,2023/2024,HOBMAN PLACE,SMEDLEY STREET,,Non-Injury Crash,No,2024,0,North,0,0,0,Flat,0,Easter,0,,0,Bright sun,774701,0,0,0,2,0,0,0,0,1,,0,0,Auckland Region,Nil,2-way,Sealed,0,0,0,0,50,0,None,0,0,,76,Auckland,Nil,0,0,0,0,0,1,Urban,0,0,0,Fine,None
1760140.656,5915906.4846,880060,,516003,0,,0,1,,Null,2024/2025,GREEN LANE EAST OFF RAMP,GREEN LANE EAST,,Non-Injury Crash,No,2024,,North,,0,,Null,,,,,,Unknown,494902,0,0,0,1,,,0,,,,,,Auckland Region,Nil,1-way,Null,,0,0,,50,,Null,1,0,,76,Auckland,Give way,,,,,0,0,Urban,0,,,Null,Null
1760066.7562,5906066.1507,880064,,524200,0,0,0,1,0,West,2023/2024,PLUMLEY CRESCENT,CYCLAMEN ROAD,,Non-Injury Crash,No,2024,0,West,0,0,0,Flat,0,,0,,0,Twilight,727903,0,0,0,2,0,0,0,0,1,,0,0,Auckland Region,Nil,2-way,Sealed,0,0,0,0,50,0,Off,0,0,,76,Auckland,Nil,0,0,0,0,1,0,Urban,0,0,0,Light rain,Null
1775264.5157,5908396.1619,880070,,523202,0,0,0,1,0,North,2024/2025,WHITFORD PARK ROAD,BROWNHILL ROAD,,Serious Crash,No,2025,0,North,0,0,0,Flat,0,,0,,0,Twilight,716602,1,0,0,2,0,0,0,0,0,,0,1,Auckland Region,Nil,2-way,Sealed,0,0,1,0,80,0,None,0,0,70,76,Auckland,Nil,0,0,0,0,0,0,Open,0,0,0,Fine,Null
1746715.0657,5917725.6909,880072,,512500,0,,0,2,,South,2024/2025,TE ATATU ROAD,ROBERTS ROAD,,Minor Crash,No,2024,,North,,0,,Flat,,Christmas New Year,,,,Bright sun,257300,1,0,0,2,,,0,,,,,,Auckland Region,Nil,2-way,Sealed,,0,0,,50,,Off,0,0,,76,Auckland,Nil,,,,,0,0,Urban,0,,,Fine,Null
1764899.9999,5915018.7096,880074,,520301,0,0,0,1,0,North,2024/2025,TE HORETA ROAD,MOUNTAIN ROAD,,Non-Injury Crash,No,2024,0,North,0,0,0,Flat,1,,0,,0,Dark,628100,0,0,0,1,0,0,0,0,0,,0,0,Auckland Region,Tunnel,1-way,Sealed,0,0,0,0,50,0,On,0,0,,76,Auckland,Nil,1,0,0,1,0,0,Urban,0,0,0,Fine,Null
1769940.1125,5908200.424,880086,,523115,0,,0,1,,North,2022/2023,CHAPEL ROAD,ACCENT DRIVE,,Non-Injury Crash,No,2023,,South,,0,,Flat,,,,,,Bright sun,711911,0,0,1,2,,,0,,,,,,Auckland Region,Nil,2-way,Sealed,,0,0,,60,,Off,0,0,,76,Auckland,Nil,,,,,0,0,Urban,0,,,Fine,Null
1770859.6187,5907069.7212,880099,,523713,0,0,1,1,0,East,2022/2023,ORMISTON ROAD,TE ARA KAHIKATEA,,Minor Crash,No,2023,0,East,0,0,0,Flat,0,,0,,0,Bright sun,712401,1,0,0,2,0,0,0,0,0,,0,0,Auckland Region,Nil,2-way,Sealed,0,1,0,0,60,0,Off,0,0,,76,Auckland,Nil,0,0,0,0,0,0,Urban,0,1,0,Fine,Null
1760142.2161,5911784.8686,880118,,520000,0,0,0,3,0,West,2024/2025,NEILSON STREET,CAPTAIN SPRINGS ROAD,,Non-Injury Crash,No,2024,0,East,0,0,0,Flat,0,,0,,0,Twilight,607800,0,0,0,4,0,0,0,0,1,,0,0,Auckland Region,Nil,2-way,Sealed,0,0,0,0,50,0,On,0,0,,76,Auckland,Nil,0,0,0,0,0,0,Urban,0,0,0,Fine,Null
1753825.0216,5918356.4019,880122,,515002,0,,0,1,,Null,2024/2025,ST LUKES ROAD,GREAT NORTH ROAD,,Non-Injury Crash,No,2024,,North,,0,,Flat,,,,,,Bright sun,390501,0,0,0,2,,,0,,,,,,Auckland Region,Nil,2-way,Sealed,,0,0,,50,,Off,0,0,,76,Auckland,Traffic Signals,,,,,0,0,Urban,1,,,Fine,Null
1767385.6876,5905003.7797,880124,,524603,0,,0,1,,Null,2022/2023,GREAT SOUTH ROAD,GREAT SOUTH ROAD,,Serious Crash,No,2023,,South,,0,,Flat,,,,,,Dark,780304,0,0,0,5,,,0,,,1,,,Auckland Region,Nil,2-way,Sealed,,0,1,,50,,On,0,0,,76,Auckland,Nil,,,,,0,0,Urban,0,,,Fine,Null
1767868.384,5906627.302,880128,,523602,0,,0,1,,South,2024/2025,PRESTON ROAD,KUDU ROAD,,Non-Injury Crash,No,2024,,South,,0,,Flat,,,,,,Dark,706400,0,0,0,2,,,0,,,,,,Auckland Region,Nil,2-way,Sealed,,0,0,,50,,On,1,0,,76,Auckland,Nil,,,,,0,0,Urban,0,,,Fine,Null
1755771.7252,5919345.3413,880130,,515420,0,,0,3,,Null,2024/2025,WILLIAMSON AVENUE,MACKELVIE STREET,,Non-Injury Crash,No,2024,,South,,0,,Hill Road,,,,,,Bright sun,411100,0,0,0,2,,,0,,,,,,Auckland Region,Nil,2-way,Sealed,,0,0,,50,,Off,0,0,,76,Auckland,Stop,,,,,0,0,Urban,0,,,Fine,Null
1768636.9999,5905304.9961,880136,,523722,0,,0,1,,Null,2023/2024,HOLLYFORD DRIVE,ASPIRING AVENUE,,Non-Injury Crash,No,2023,,South,,0,,Flat,,,,,,Dark,716007,0,0,0,2,,,0,,,,,,Auckland Region,Nil,2-way,Sealed,,0,0,,50,,None,0,0,,76,Auckland,Give way,,,,,0,0,Urban,1,,,Fine,None
1754211.3928,5924360.4395,880140,,510500,0,0,0,2,0,South,2024/2025,HINEMOA STREET,MARIPOSA CRESCENT,,Non-Injury Crash,No,2024,0,North,0,0,0,Flat,0,Labour Weekend,0,,0,Dark,357700,0,0,0,2,0,0,0,0,1,,0,0,Auckland Region,Nil,2-way,Sealed,0,0,0,0,50,0,On,0,0,,76,Auckland,Nil,0,0,0,0,0,0,Urban,0,0,0,Heavy rain,Null
1770855.1275,5899845.1749,880142,,523911,0,0,0,1,0,Null,2023/2024,TAKANINI SCHOOL ROAD,POPES ROAD,,Minor Crash,No,2023,0,North,0,0,0,Flat,0,Christmas New Year,0,,0,Dark,766600,2,0,0,2,0,0,0,0,0,,0,0,Auckland Region,Nil,2-way,Sealed,0,0,0,0,70,0,On,0,0,,76,Auckland,Give way,0,0,0,1,0,0,Urban,0,0,0,Light rain,Strong wind
1762918.9988,5907696.6243,880144,,524530,0,0,0,2,0,South,2024/2025,MASSEY ROAD,TENNESSEE AVENUE,,Non-Injury Crash,No,2024,0,North,0,0,0,Flat,0,,0,,0,Dark,732902,0,0,0,2,0,0,0,0,1,,0,0,Auckland Region,Nil,2-way,Sealed,0,0,0,0,60,0,On,0,0,50,76,Auckland,Nil,0,0,0,0,0,0,Urban,0,0,0,Fine,Null
1765005.5649,5916786.8235,880148,,520301,0,,0,0,,Null,2024/2025,MERTON ROAD,FELTON MATHEW AVENUE,,Minor Crash,No,2025,,West,,0,,Flat,,,,,,Overcast,465302,1,0,0,1,,,0,,,1,,,Auckland Region,Nil,1-way,Sealed,,0,0,,50,,Off,0,0,,76,Auckland,Give way,,,,,0,0,Urban,1,,,Fine,Null
1751071.7947,5934600.3321,880153,,508701,0,,0,2,,Null,2022/2023,DAIRY FLAT HIGHWAY,THE AVENUE,,Minor Crash,No,2023,,North,,0,,Hill Road,,,,,,Overcast,178708,1,0,0,2,,,0,,,,,,Auckland Region,Nil,2-way,Sealed,,0,0,,50,,Off,0,0,,76,Auckland,Give way,,,,,0,0,Urban,1,,,Fine,Null
1731028.4396,5943763.5936,880154,,506646,0,,0,0,,East,2023/2024,KAIPARA COAST HIGHWAY,ABEL ROAD,,Minor Crash,Yes,2023,,West,,0,,Flat,,,,,,Bright sun,211401,1,0,1,2,,,0,,,,,,Auckland Region,Nil,2-way,Sealed,,0,0,,100,,None,0,0,,76,Auckland,Nil,,,,,0,0,Open,0,,,Fine,Null
1756123.3296,5923853.1298,880160,,509800,0,,0,1,,South,2024/2025,NORTHERN MOTORWAY,NORTHERN BUSWAY,,Non-Injury Crash,Yes,2024,,South,,0,,Flat,,,,,,Dark,358800,0,0,0,5,,,0,,,,,,Auckland Region,Nil,1-way,Sealed,,0,0,,80,,On,0,0,,76,Auckland,Nil,,,,,0,0,Open,2,,,Light rain,Null
1756564.6379,5913751.2701,880162,,518701,0,,0,1,,West,2024/2025,MOUNT ALBERT ROAD,WARREN AVENUE,,Non-Injury Crash,No,2024,,East,,0,,Flat,,,,,,Bright sun,568300,0,0,0,2,,,0,,,,,,Auckland Region,Nil,2-way,Sealed,,0,0,,50,,Off,1,0,,76,Auckland,Nil,,,,,0,0,Urban,0,,,Fine,Null
1746844.5068,5913932.9263,880186,,511100,0,,0,0,,East,2023/2024,WEST COAST ROAD,SWAN HILL DRIVE,,Minor Crash,No,2024,,East,,0,,Flat,,,,,,Bright sun,286100,1,0,1,4,,,0,,,,,,Auckland Region,Speed hump,2-way,Sealed,,0,0,,50,,Off,0,0,,76,Auckland,Nil,,,,,0,0,Urban,1,,,Fine,Null
1767483.9395,5901267.0002,880192,,524720,0,0,0,2,0,North,2024/2025,DEVERON ROAD,RUSSELL ROAD,,Non-Injury Crash,No,2024,0,South,0,0,0,Null,0,,0,,0,Bright sun,778200,0,0,0,2,0,0,0,0,1,,0,0,Auckland Region,Nil,2-way,Sealed,0,0,0,0,50,0,Null,0,0,,76,Auckland,Nil,0,0,0,0,0,0,Urban,0,0,0,Fine,Null
1772997.9458,5891027.56,880200,,521301,0,,0,2,,Null,2024/2025,SOUTHERN MOTORWAY,GREAT SOUTH ROAD OFF RAMP,,Non-Injury Crash,Yes,2024,,North,,0,,Null,,,,,,Unknown,809200,0,0,0,2,,,0,,,,,,Auckland Region,Nil,1-way,Null,,0,0,,100,,Null,0,0,,76,Auckland,Nil,,,,,0,0,Open,0,,,Null,Null
1753163.4836,5918390.9266,880204,,515002,0,0,0,1,0,West,2024/2025,GREAT NORTH ROAD,MOTIONS ROAD,,Non-Injury Crash,No,2025,0,East,0,0,0,Null,0,,0,,1,Bright sun,397400,0,0,0,5,0,0,0,0,0,,0,0,Auckland Region,Nil,2-way,Sealed,0,0,0,0,50,0,Null,0,0,,76,Auckland,Nil,0,0,0,0,0,0,Urban,1,0,0,Fine,Null
1747250.497,5921008.0816,880209,,512300,0,,0,1,,Null,2022/2023,TE ATATU ROAD,VINOGRAD DRIVE,,Minor Crash,No,2023,,West,,0,,Flat,,,,,,Twilight,251102,1,0,0,4,,,0,,,1,,,Auckland Region,Nil,2-way,Sealed,,0,0,,50,,On,0,0,,76,Auckland,Give way,,,,,0,0,Urban,0,,,Fine,Null
1768089.7969,5905200.8391,880212,45,523722,0,,0,2,,Null,2024/2025,TE IRIRANGI DRIVE,DIORELLA DRIVE,,Non-Injury Crash,No,2024,,West,,0,,Hill Road,,,,,,Bright sun,715904,0,0,0,3,,,0,,,,,,Auckland Region,Nil,1-way,Sealed,,0,0,,50,,Off,0,0,,76,Auckland,Traffic Signals,,,,,0,0,Urban,0,,,Fine,None
1749082.4786,5927767.7008,880226,,509100,0,,0,0,,West,2023/2024,UPPER HARBOUR MOTORWAY,TAUHINU ROAD OFF RAMP,,Non-Injury Crash,Yes,2024,,East,,0,,Hill Road,,,,,,Bright sun,181400,0,0,0,3,,,0,,,,,,Auckland Region,Nil,1-way,Sealed,,0,0,,100,,Off,0,0,,76,Auckland,Nil,,,,,1,0,Open,1,,,Fine,Null
1769942.6843,5905309.0607,880230,,523712,0,0,0,2,0,Null,2022/2023,THOMAS ROAD,GREENAN DRIVE,,Non-Injury Crash,No,2023,0,Null,0,0,0,Flat,0,,0,,0,Overcast,716202,0,0,0,2,0,0,0,0,1,,0,0,Auckland Region,Nil,2-way,Sealed,0,0,0,0,50,0,Off,0,0,,76,Auckland,Give way,0,0,0,0,0,1,Urban,0,0,0,Light rain,None
1755078.5474,5913526.6814,880236,,518803,0,,0,2,,South,2023/2024,DOMINION ROAD ON RAMP,DOMINION ROAD,,Non-Injury Crash,No,2024,,West,,0,,Flat,,,,,,Dark,582500,0,0,0,1,,,0,,,,,,Auckland Region,Nil,1-way,Sealed,,0,0,,50,,On,0,0,30,76,Auckland,Nil,,,,,0,0,Urban,0,,,Fine,Null
1745787.3994,5920492.842,880246,,513301,0,0,0,1,0,North,2023/2024,LINCOLN ROAD OFF RAMP,NORTH-WESTERN MOTORWAY,,Non-Injury Crash,No,2023,0,North,0,0,0,Hill Road,0,Labour Weekend,0,,0,Bright sun,230301,0,0,0,2,0,0,0,0,0,,0,1,Auckland Region,Motorway ramp,2-way,Sealed,0,0,0,0,100,0,Off,0,0,,76,Auckland,Nil,0,0,0,1,0,0,Open,0,0,0,Fine,Null
1770355.077,5911448.5722,880268,,523105,0,,0,1,,North,2024/2025,BOTANY ROAD,TI RAKAU DRIVE,,Non-Injury Crash,No,2025,,North,,0,,Flat,,,,,,Bright sun,711183,0,0,0,3,,,0,,,,,,Auckland Region,Nil,1-way,Sealed,,0,0,,50,,Null,0,0,,76,Auckland,Nil,,,,,0,0,Urban,1,,,Fine,Null