X,Y,OBJECTID,advisorySpeed,areaUnitID,bicycle,bridge,bus,carStationWagon,cliffBank,crashDirectionDescription,crashFinancialYear,crashLocation1,crashLocation2,crashRoadSideRoad,crashSeverity,crashSHDescription,crashYear,debris,directionRoleDescription,ditch,fatalCount,fence,flatHill,guardRail,holiday,houseOrBuilding,intersection,kerb,light,meshblockId,minorInjuryCount,moped,motorcycle,NumberOfLanes,objectThrownOrDropped,otherObject,otherVehicleType,overBank,parkedVehicle,pedestrian,phoneBoxEtc,postOrPole,region,roadCharacter,roadLane,roadSurface,roadworks,schoolBus,seriousInjuryCount,slipOrFlood,speedLimit,strayAnimal,streetLight,suv,taxi,temporarySpeedLimit,tlaId,tlaName,trafficControl,trafficIsland,trafficSign,train,tree,truck,unknownVehicleType,urban,vanOrUtility,vehicle,waterRiver,weatherA,weatherB
1768083.6907,5914337.224,880272,,522810,0,0,0,1,0,North,2024/2025,GLENMORE ROAD,FORDYCE AVENUE,,Non-Injury Crash,No,2024,0,North,0,0,0,Hill Road,0,,0,,0,Dark,692900,0,0,0,2,0,0,0,0,0,,0,0,Auckland Region,Nil,2-way,Sealed,0,0,0,0,50,0,On,0,0,,76,Auckland,Nil,0,0,0,1,0,0,Urban,0,0,0,Fine,Null
1746699.6357,5917764.7996,880274,,512500,0,,0,0,,South,2023/2024,TE ATATU ROAD,ROBERTS ROAD,,Non-Injury Crash,No,2024,,South,,0,,Flat,,,,,,Overcast,257300,0,0,0,2,,,0,,,,,,Auckland Region,Nil,2-way,Sealed,,0,0,,50,,Off,1,0,,76,Auckland,Nil,,,,,0,0,Urban,1,,,Light rain,Null
1769174.1615,5900947.3534,880277,,524901,0,0,0,0,0,West,2023/2024,ALFRISTON ROAD,FLEMING STREET,,Non-Injury Crash,No,2023,0,East,0,0,0,Flat,0,,0,,0,Dark,757400,0,0,0,2,0,0,0,0,0,,0,1,Auckland Region,Nil,2-way,Sealed,0,0,0,0,50,0,On,0,0,,76,Auckland,Nil,0,0,0,0,0,0,Urban,1,0,0,Fine,Null
1764834.8412,5903838.1306,880278,,524604,0,,0,2,,South,2024/2025,CAVENDISH DRIVE,NOEL BURNSIDE ROAD,,Minor Crash,No,2024,,North,,0,,Flat,,,,,,Overcast,781301,1,0,0,2,,,0,,,,,,Auckland Region,Nil,1-way,Sealed,,0,0,,50,,Off,0,0,,76,Auckland,Nil,,,,,0,0,Urban,0,,,Fine,Null
1754249.4177,5945324.6286,880284,,505907,0,0,0,2,0,South,2024/2025,ELLISTON CRESCENT,WAIORA ROAD,,Non-Injury Crash,No,2024,0,East,0,0,0,Hill Road,0,,0,,0,Overcast,173407,0,0,0,2,0,0,0,0,1,,0,0,Auckland Region,Nil,2-way,Sealed,0,0,0,0,30,0,Off,0,0,,76,Auckland,Nil,0,0,0,0,0,0,Urban,0,0,0,Fine,Null
1757773.152,5920123.0,880286,,514103,0,,0,0,,North,2023/2024,ALFRED STREET,SYMONDS STREET,,Non-Injury Crash,No,2023,,East,,0,,Flat,,,,,,Overcast,437300,0,0,0,1,,,0,,,,,,Auckland Region,Nil,1-way,Sealed,,0,0,,10,,Off,1,0,,76,Auckland,Nil,,,,,1,0,Urban,0,,,Light rain,None
1756182.3419,5925919.5026,880296,,509702,0,0,0,2,0,South,2024/2025,ST PETERS STREET,COLLEGE ROAD,,Non-Injury Crash,No,2025,0,North,0,0,0,Flat,0,,0,,0,Overcast,365400,0,0,0,2,0,0,0,0,1,,0,0,Auckland Region,Nil,2-way,Sealed,0,0,0,0,50,0,None,0,0,,76,Auckland,Nil,0,0,0,0,0,0,Urban,0,0,0,Fine,Null
1766372.3359,5899788.9593,880298,,524713,0,0,0,1,0,Null,2023/2024,WEYMOUTH ROAD,MAHIA ROAD,,Non-Injury Crash,No,2024,0,West,0,0,0,Flat,1,,0,,0,Dark,775823,0,0,0,2,0,0,0,0,0,,0,0,Auckland Region,Nil,2-way,Sealed,0,0,0,0,50,0,On,0,0,,76,Auckland,Give way,0,0,0,0,0,0,Urban,0,0,0,Mist or Fog,Null
1767287.0674,5904604.3525,880304,,524604,0,,0,2,,Null,2024/2025,RONWOOD AVENUE,RONWOOD AVENUE,,Non-Injury Crash,No,2025,,East,,0,,Flat,,,,,,Overcast,780209,0,0,0,1,,,0,,,,,,Auckland Region,Nil,1-way,Sealed,,0,0,,50,,Off,0,0,,76,Auckland,Nil,,,,,0,0,Urban,0,,,Light rain,Null
1747222.929,5920588.2884,880306,,512300,0,0,0,1,0,Null,2023/2024,TE ATATU ROAD,GLORIA AVENUE,,Non-Injury Crash,No,2024,0,South,0,0,1,Flat,0,,0,,0,Dark,252000,0,0,0,2,0,0,0,0,0,,0,0,Auckland Region,Nil,1-way,Sealed,0,0,0,0,50,0,On,0,0,,76,Auckland,Give way,0,0,0,0,0,0,Urban,0,0,0,Light rain,Null
1770395.2607,5911596.9978,880310,,523106,0,,0,2,,Null,2023/2024,BOTANY ROAD,TARNICA ROAD,,Non-Injury Crash,No,2023,,East,,0,,Null,,,,,,Unknown,711174,0,0,0,3,,,0,,,,,,Auckland Region,Nil,1-way,Null,,0,0,,60,,Null,0,0,,76,Auckland,Traffic Signals,,,,,0,0,Urban,0,,,Null,Null
1764272.683,5908954.007,880328,,521901,0,,0,2,,Null,2024/2025,GREAT SOUTH ROAD,MANGERE ROAD,,Non-Injury Crash,No,2025,,North,,0,,Flat,,,,,,Bright sun,785200,0,0,0,1,,,0,,,,,,Auckland Region,Nil,1-way,Sealed,,0,0,,50,,Off,0,0,,76,Auckland,Give way,,,,,0,0,Urban,0,,,Fine,Null
1763364.759,5911929.6461,880342,,520500,0,,0,1,,West,2023/2024,SYLVIA PARK ROAD,EAST WEST LINK,,Non-Injury Crash,No,2024,,West,,0,,Flat,,,,,,Bright sun,637300,0,0,0,2,,,0,,,,,,Auckland Region,Nil,2-way,Sealed,,0,0,,50,,Off,0,0,,76,Auckland,Nil,,,,,0,1,Urban,0,,,Fine,None
1773397.9049,5895967.653,880350,,525410,0,,0,1,,Null,2024/2025,MARNE ROAD,ONSLOW ROAD,,Non-Injury Crash,No,2024,,South,,0,,Flat,,,,,,Overcast,793100,0,0,0,2,,,0,,,,,,Auckland Region,Nil,2-way,Sealed,,0,0,,50,,Off,1,0,,76,Auckland,Stop,,,,,0,0,Urban,0,,,Fine,Null
1723395.8113,5931675.0498,880353,,506652,0,0,0,0,0,Null,2022/2023,OFF ROAD - BEACH,,,Serious Crash,No,2023,0,North,0,0,0,Flat,0,,0,,0,Overcast,218300,0,0,1,,0,0,0,0,0,,0,0,Auckland Region,Nil,Off road,Unsealed,0,0,1,0,,0,None,0,0,,76,Auckland,Nil,0,0,0,1,0,0,Urban,0,0,0,Fine,Null
1759644.8073,5916278.6067,880368,,516002,0,,0,2,,North,2024/2025,SOUTHERN MOTORWAY,GREEN LANE EAST OFF RAMP,,Non-Injury Crash,Yes,2024,,South,,0,,Flat,,,,,,Overcast,492000,0,0,0,4,,,0,,,,,,Auckland Region,Nil,1-way,Sealed,,0,0,,100,,Off,0,0,,76,Auckland,Nil,,,,,0,0,Open,0,,,Fine,Null
1759080.2616,5910882.7042,880372,,524002,0,,0,0,,Null,2024/2025,OFF ROAD - PEDESTRIAN BRIDGE MANGERE,,,Minor Crash,No,2025,,North,,0,,Flat,,,,,,Twilight,721900,2,1,0,,,,0,,,1,,,Auckland Region,Bridge,Off road,Sealed,,0,0,,,,On,0,0,,76,Auckland,Nil,,,,,0,0,Urban,0,,,Fine,Null
1770066.1847,5909809.3413,880378,,523114,0,,0,2,,Null,2024/2025,SMALES ROAD,WAYNE FRANCIS DRIVE,,Non-Injury Crash,No,2024,,East,,0,,Flat,,,,,,Overcast,711804,0,0,0,2,,,0,,,,,,Auckland Region,Nil,1-way,Sealed,,0,0,,50,,Off,0,0,,76,Auckland,Give way,,,,,0,0,Urban,1,,,Fine,Null
1772552.7368,5896998.5948,880379,,525630,0,0,0,1,0,Null,2022/2023,PORCHESTER ROAD,OLD WAIROA ROAD,,Non-Injury Crash,No,2023,0,South,0,0,0,Flat,0,,0,,0,Overcast,794100,0,0,0,2,0,0,0,0,0,,0,0,Auckland Region,Nil,2-way,Sealed,0,0,0,0,50,0,Off,0,0,,76,Auckland,Give way,0,1,0,0,0,0,Urban,0,0,0,Light rain,Null
1756138.4103,5918762.9831,880384,,515500,0,,0,3,,North,2025/2026,NORTH-WESTERN MOTORWAY,WAIMA FTBR,,Non-Injury Crash,Yes,2025,,East,,0,,Flat,,,,,,Dark,417600,0,0,0,4,,,0,,,,,,Auckland Region,Nil,1-way,Sealed,,0,0,,100,,On,0,0,,76,Auckland,Nil,,,,,0,0,Open,1,,,Fine,Null
1777377.3592,5910597.2618,880388,,523202,0,0,0,1,0,North,2025/2026,WHITFORD MARAETAI ROAD,CLIFTON ROAD,,Serious Crash,No,2025,0,South,0,0,0,Hill Road,0,,0,,0,Bright sun,718300,1,0,0,3,0,0,0,0,0,,0,1,Auckland Region,Nil,2-way,Sealed,0,0,1,0,80,0,Off,0,0,,76,Auckland,Nil,0,0,0,0,0,0,Open,0,0,0,Fine,Null
1772117.3377,5893916.1265,880395,,525530,0,,0,2,,North,2023/2024,SOUTHERN MOTORWAY,SERVICE CENTRE OFF SBD,,Minor Crash,Yes,2023,,South,,0,,Flat,,,,,,Overcast,808602,1,0,0,2,,,0,,,,,,Auckland Region,Nil,1-way,Sealed,,0,0,,100,,Null,0,0,,76,Auckland,Nil,,,,,0,0,Open,0,,,Light rain,Null
1754602.0976,5930775.4327,880396,,508520,0,,0,2,,Null,2024/2025,NORTHERN MOTORWAY,UPPER HARBOUR HWY ON RAMP,,Non-Injury Crash,Yes,2024,,South,,0,,Flat,,,,,,Overcast,191104,0,0,0,2,,,0,,,,,,Auckland Region,Nil,1-way,Sealed,,0,0,,100,,Off,0,0,,76,Auckland,Nil,,,,,0,0,Open,0,,,Fine,Null
1756317.126,5918958.7429,880401,,515500,0,,0,2,,South,2022/2023,NORTH-WESTERN MOTORWAY,NEWTON OBR,,Non-Injury Crash,Yes,2023,,North,,0,,Flat,,,,,,Bright sun,417600,0,0,0,3,,,0,,,,,,Auckland Region,Nil,1-way,Sealed,,0,0,,80,,Off,0,0,,76,Auckland,Nil,,,,,0,0,Open,0,,,Fine,Null
1758111.0449,5917715.4776,880402,,515700,0,0,0,1,0,Null,2023/2024,GILLIES AVENUE,GILLIES AVENUE ON RAMP,,Non-Injury Crash,No,2024,0,North,0,0,0,Flat,0,,0,,0,Dark,443700,0,0,0,4,0,0,0,0,0,,0,1,Auckland Region,Motorway ramp,2-way,Sealed,0,0,0,0,50,0,On,0,0,,76,Auckland,Nil,0,0,0,0,0,0,Urban,0,0,0,Fine,Null
1772764.4598,5895654.1315,880408,,525540,0,,0,2,,Null,2024/2025,GREAT SOUTH ROAD,SOUTH STREET,,Non-Injury Crash,No,2024,,South,,0,,Flat,,,,,,Bright sun,805601,0,0,0,2,,,0,,,,,,Auckland Region,Nil,2-way,Sealed,,0,0,,50,,Off,0,0,,76,Auckland,Stop,,,,,0,0,Urban,0,,,Fine,Null
1770566.255,5904989.2324,880413,,523712,0,,0,1,,East,2022/2023,THOMAS ROAD,ELEVATION STREET,,Non-Injury Crash,No,2023,,East,,0,,Hill Road,,Queens Birthday,,,,Dark,713300,0,0,0,2,,,0,,,,,,Auckland Region,Bridge,2-way,Sealed,,0,0,,60,,On,1,0,,76,Auckland,Nil,,,,,0,0,Urban,0,,,Fine,Null
1755418.7177,5914859.6129,880423,,518500,0,,0,0,,Null,2023/2024,OFF ROAD CAR PARK,,,Serious Crash,No,2023,,North,,0,,Flat,,,,,,Overcast,561600,0,0,0,,,,1,,,1,,,Auckland Region,Nil,Off road,Sealed,,0,1,,,,Off,0,0,,76,Auckland,Nil,,,,,0,0,Urban,0,,,Light rain,Null
1763865.5353,5908894.2199,880426,,521901,0,0,0,1,0,East,2023/2024,MANGERE ROAD,AWA STREET,,Minor Crash,No,2024,0,East,0,0,0,Flat,0,,0,,0,Dark,785100,1,0,0,2,0,0,0,0,0,,0,0,Auckland Region,Nil,2-way,Sealed,0,0,0,0,50,0,On,0,0,,76,Auckland,Isolated Pedestrian signal (non-intersection),0,1,0,0,0,0,Urban,0,0,0,Fine,Null
1751599.1054,5914158.4639,880428,,514402,0,,0,1,,South,2024/2025,BLOCKHOUSE BAY ROAD,WOLVERTON STREET,,Non-Injury Crash,No,2025,,North,,0,,Flat,,,,,,Bright sun,378301,0,0,0,3,,,0,,,,,,Auckland Region,Nil,2-way,Sealed,,0,0,,50,,Off,1,0,,76,Auckland,Nil,,,,,0,0,Urban,0,,,Fine,Null
1752186.8802,5937829.0103,880432,,506300,0,,0,2,,South,2024/2025,NORTHERN MOTORWAY,WRIGHT OBR,,Serious Crash,Yes,2025,,South,,0,,Flat,,,,,,Dark,176105,0,0,0,2,,,0,,,,,,Auckland Region,Nil,1-way,Sealed,,0,1,,100,,On,0,0,,76,Auckland,Nil,,,,,0,0,Open,0,,,Light rain,Null
1754985.1856,5929248.9796,880434,,508320,0,,0,2,,West,2023/2024,WAIRAU ROAD,WAIRAU ROAD,,Minor Crash,No,2024,,East,,0,,Hill Road,,,,,,Overcast,196600,1,0,0,5,,,0,,,,,,Auckland Region,Nil,2-way,Sealed,,0,0,,50,,Off,0,0,,76,Auckland,Nil,,,,,0,0,Urban,0,,,Fine,Null
1756671.7691,5912801.6168,880436,,518702,0,,0,1,,East,2024/2025,SOUTH-WESTERN MOTORWAY,HILLSBOROUGH OBR,,Non-Injury Crash,Yes,2025,,East,,0,,Flat,,,,,,Overcast,569900,0,0,0,3,,,0,,,,,,Auckland Region,Underpass,1-way,Sealed,,0,0,,100,,Off,0,0,,76,Auckland,Nil,,,,,1,0,Open,0,,,Fine,Null
1767738.135,5909894.7565,880441,,523112,0,,0,1,,East,2023/2024,NEILPARK DRIVE,KERWYN AVENUE,,Minor Crash,No,2023,,South,,0,,Flat,,,,,,Bright sun,711600,1,0,0,2,,,0,,,,,,Auckland Region,Nil,2-way,Sealed,,0,0,,50,,Off,0,0,,76,Auckland,Nil,,,,,1,0,Urban,1,,,Fine,Null
1757315.8553,5926750.1083,880445,,507900,0,0,0,4,0,North,2023/2024,FRED THOMAS DRIVE,DES SWANN DRIVE,,Minor Crash,No,2023,0,North,0,0,0,Flat,0,,0,,0,Overcast,304000,1,0,0,2,0,0,0,0,1,,0,0,Auckland Region,Nil,2-way,Sealed,0,0,0,0,50,0,None,0,0,,76,Auckland,Nil,0,0,0,0,0,0,Urban,0,0,0,Fine,Null
1745310.2626,5919888.4265,880446,,513301,0,,0,0,,South,2023/2024,LINCOLN ROAD,UNIVERSAL DRIVE,,Non-Injury Crash,No,2024,,South,,0,,Flat,,,,,,Overcast,230401,0,0,0,4,,,0,,,,,,Auckland Region,Nil,2-way,Sealed,,0,0,,50,,Off,1,0,,76,Auckland,Nil,,,,,0,0,Urban,1,,,Fine,Null
1769495.2199,5899786.6475,880457,,525002,0,0,0,4,0,Null,2022/2023,MAHIA ROAD,GREAT SOUTH ROAD,,Non-Injury Crash,No,2023,0,East,0,0,0,Flat,0,,0,,0,Dark,753900,0,0,0,3,0,0,0,0,1,,0,0,Auckland Region,Nil,2-way,Sealed,0,0,0,0,50,0,On,0,0,,76,Auckland,Traffic Signals,0,0,0,0,0,1,Urban,1,0,0,Fine,Null
1745106.071,5933662.8976,880466,,506653,0,1,0,0,0,North,2023/2024,COATESVILLE-RIVERHEAD HIGHWAY,TAYLORS BR,,Non-Injury Crash,No,2024,0,North,0,0,0,Flat,0,,0,,0,Dark,217301,0,0,0,2,0,0,0,0,0,,0,0,Auckland Region,Bridge,2-way,Sealed,0,0,0,0,80,0,None,1,0,,76,Auckland,Nil,0,0,0,0,0,0,Open,0,0,0,Fine,Null
1756571.6567,5919391.5911,880469,75,514200,0,0,0,1,0,South,2022/2023,SOUTHERN MOTORWAY,KARANGAHAPE OBR,,Non-Injury Crash,Yes,2023,0,South,0,0,0,Hill Road,1,,0,,0,Dark,411900,0,0,0,3,0,0,0,0,0,,0,0,Auckland Region,Motorway ramp,1-way,Sealed,0,0,0,0,80,0,On,0,0,50,76,Auckland,Nil,0,0,0,0,0,0,Open,0,0,0,Fine,Null
1743437.3678,5924367.3332,880476,,513410,0,,0,1,,Null,2024/2025,KEDGLEY ROAD,BARBOUR ROAD,,Non-Injury Crash,No,2024,,West,,0,,Flat,,,,,,Overcast,224000,0,0,0,2,,,0,,,,,,Auckland Region,Nil,2-way,Sealed,,0,0,,50,,On,1,0,,76,Auckland,Traffic Signals,,,,,0,0,Urban,0,,,Fine,Null
1772544.052,5901509.8339,880477,,523813,0,,0,2,,Null,2022/2023,MILL ROAD,ALFRISTON ROAD,,Non-Injury Crash,No,2023,,North,,0,,Flat,,,,,,Dark,761000,0,0,0,2,,,0,,,,,,Auckland Region,Nil,2-way,Sealed,,0,0,,80,,On,0,0,,76,Auckland,Give way,,,,,0,0,Open,0,,,Fine,Null
1776538.1316,5880981.1476,880478,,521160,0,,0,2,,North,2023/2024,GREAT SOUTH ROAD,BEAVER ROAD WEST ON RAMP,,Non-Injury Crash,Yes,2024,,North,,0,,Flat,,,,,,Dark,827700,0,0,0,2,,,0,,,,,,Auckland Region,Nil,1-way,Sealed,,0,0,,100,,On,0,0,,76,Auckland,Nil,,,,,1,0,Open,0,,,Fine,Null
1744500.8119,5921766.7306,880479,,513512,0,0,0,3,0,South,2022/2023,NORTH-WESTERN MOTORWAY,ROYAL ROAD OFF RAMP,,Minor Crash,Yes,2023,0,North,0,0,0,Flat,2,,0,,0,Dark,225702,2,0,0,3,0,0,0,0,0,,0,0,Auckland Region,Nil,1-way,Sealed,0,0,0,0,100,0,On,0,0,,76,Auckland,Nil,0,0,0,0,0,0,Open,0,1,0,Fine,Null
1769382.1092,5916273.4928,880488,,522730,0,,0,1,,Null,2023/2024,PRINCE REGENT DRIVE,PIGEON MOUNTAIN ROAD,,Non-Injury Crash,No,2024,,East,,0,,Flat,,,,,,Overcast,678900,0,0,0,2,,,0,,,,,,Auckland Region,Nil,2-way,Sealed,,0,0,,50,,Off,0,0,,76,Auckland,Stop,,,,,0,0,Urban,1,,,Fine,Null
1767369.5405,5891691.1389,880491,65,521122,0,0,0,1,0,North,2022/2023,BLACKBRIDGE ROAD,WALTERS ROAD,,Minor Crash,No,2023,0,West,0,0,1,Flat,0,,0,,0,Dark,810100,1,0,0,2,0,0,0,1,0,,0,0,Auckland Region,Nil,2-way,Sealed,0,0,0,0,80,0,None,0,0,,76,Auckland,Nil,0,0,0,1,0,0,Open,0,0,0,Light rain,Null
1761957.2342,5913919.5548,880492,,520202,0,,0,2,,South,2024/2025,SOUTHERN MOTORWAY,ELLERSLIE-PANMURE HWY OFF RAMP,,Non-Injury Crash,Yes,2024,,North,,0,,Flat,,,,,,Bright sun,612400,0,0,0,3,,,0,,,,,,Auckland Region,Nil,1-way,Sealed,,0,0,,100,,Off,0,0,,76,Auckland,Nil,,,,,0,0,Open,0,,,Fine,Null
1764920.8329,5914736.5602,880498,,520602,0,0,0,1,0,Null,2024/2025,ELLERSLIE-PANMURE HIGHWAY,QUEENS ROAD,,Non-Injury Crash,No,2024,0,East,0,0,0,Flat,0,Labour Weekend,0,,0,Dark,628400,0,0,0,4,0,1,0,0,0,,0,0,Auckland Region,Nil,2-way,Sealed,0,0,0,0,50,0,On,0,0,40,76,Auckland,Traffic Signals,0,1,0,0,0,0,Urban,0,0,0,Fine,Null
1759253.2837,5916695.6868,880504,,516001,0,,0,0,,South,2023/2024,SOUTHERN MOTORWAY,MARKET OBR,,Non-Injury Crash,Yes,2024,,South,,0,,Flat,,,,,,Bright sun,491700,0,0,0,4,,,0,,,,,,Auckland Region,Nil,1-way,Sealed,,0,0,,80,,None,2,0,,76,Auckland,Nil,,,,,0,0,Open,0,,,Light rain,Null
1775130.1765,5886953.0144,880514,,521132,0,,0,2,,South,2023/2024,SOUTHERN MOTORWAY,RAMARAMA OFF RAMP,,Minor Crash,Yes,2024,,North,,0,,Flat,,,,,,Overcast,814003,1,0,0,4,,,0,,,,,,Auckland Region,Nil,2-way,Sealed,,0,0,,100,,Off,0,0,,76,Auckland,Nil,,,,,0,0,Open,1,,,Fine,Null
1754043.9097,5924509.0004,880518,,510500,0,,0,2,,South,2023/2024,HINEMOA STREET,RAWENE ROAD,,Non-Injury Crash,No,2023,,North,,0,,Hill Road,,,,,,Bright sun,357500,0,0,0,2,,,0,,,,,,Auckland Region,Nil,2-way,Sealed,,0,0,,50,,Off,0,0,,76,Auckland,Nil,,,,,0,0,Urban,0,,,Fine,Null
1753604.8999,5927003.0584,880526,,508220,0,,1,1,,South,2024/2025,GLENFIELD ROAD,ROBERTS ROAD,,Non-Injury Crash,No,2025,,South,,0,,Hill Road,,,,,,Bright sun,187700,0,0,0,2,,,0,,,,,,Auckland Region,Nil,2-way,Sealed,,0,0,,50,,Off,0,0,,76,Auckland,Nil,,,,,0,0,Urban,0,,,Fine,Null
1769422.1889,5907953.272,880528,,523711,0,0,0,1,0,Null,2023/2024,TE IRIRANGI DRIVE,BISHOP DUNN PLACE,,Non-Injury Crash,No,2024,0,North,0,0,0,Flat,0,,0,,0,Overcast,712305,0,0,0,1,0,0,0,0,0,,0,1,Auckland Region,Nil,1-way,Sealed,0,0,0,0,50,0,Off,0,0,,76,Auckland,Give way,0,0,0,0,0,0,Urban,0,0,0,Light rain,Null
1755595.2087,5928892.5196,880532,,508510,0,,0,1,,South,2023/2024,NORTHERN MOTORWAY,TRISTRAM OBR,,Non-Injury Crash,Yes,2024,,South,,0,,Hill Road,,,,,,Overcast,195200,0,0,0,2,,,0,,,,,,Auckland Region,Overpass,1-way,Sealed,,0,0,,100,,Off,0,0,,76,Auckland,Nil,,,,,0,0,Open,1,,,Fine,Null
1757702.1232,5918269.2668,880534,,518101,0,,0,1,,South,2025/2026,SOUTHERN MOTORWAY,KHYBER PASS ROAD OFF RAMP,,Minor Crash,Yes,2025,,North,,0,,Flat,,,,,,Overcast,543000,1,0,0,5,,,0,,,,,,Auckland Region,Nil,1-way,Sealed,,0,0,,80,,Off,0,0,,76,Auckland,Nil,,,,,0,2,Open,0,,,Fine,Null
1755253.0136,5881210.0497,880548,,521152,0,0,0,1,0,West,2025/2026,BROOKSIDE ROAD,GLENBROOK-WAIUKU ROAD,,Serious Crash,No,2025,0,West,0,0,1,Flat,1,,0,,0,Dark,833800,1,0,0,2,0,0,0,0,0,,0,0,Auckland Region,Nil,2-way,Sealed,0,0,1,0,80,0,None,0,0,,76,Auckland,Nil,0,0,0,0,0,0,Open,0,0,0,Fine,Null
1746462.3898,5922002.6302,880550,,512201,0,0,1,0,0,South,2023/2024,MATIPO ROAD,RENATA CRESCENT,,Non-Injury Crash,No,2023,0,South,0,0,0,Flat,0,,0,,0,Overcast,246700,0,0,0,2,0,0,0,0,1,,0,0,Auckland Region,Nil,2-way,Sealed,0,0,0,0,50,0,Off,1,0,,76,Auckland,Nil,0,0,0,0,0,0,Urban,0,0,0,Light rain,Null
1753154.4133,5931242.8561,880554,,508807,0,,0,1,,South,2023/2024,PAUL MATTHEWS ROAD,SATURN PLACE,,Serious Crash,No,2024,,West,,0,,Flat,,,,,,Bright sun,180809,0,0,0,2,,,0,,,1,,,Auckland Region,Nil,1-way,Sealed,,0,1,,80,,Off,0,0,,76,Auckland,Nil,,,,,0,0,Open,0,,,Fine,Null
1765586.7801,5908861.9841,880566,,523402,0,,0,1,,Null,2023/2024,HIGHBROOK DRIVE,HIGHBROOK DRIVE ON RAMP,,Non-Injury Crash,No,2023,,North,,0,,Flat,,,,,,Overcast,696900,0,0,0,4,,,0,,,,,,Auckland Region,Nil,2-way,Sealed,,0,0,,60,,Off,0,0,,76,Auckland,Give way,,,,,1,0,Urban,0,,,Fine,None
1768225.9832,5910682.4575,880568,,523112,0,0,0,1,0,Null,2023/2024,NEALES ROAD,BRUCE RODERICK DRIVE,,Non-Injury Crash,No,2024,0,West,0,0,0,Flat,0,,0,,0,Dark,711500,0,0,0,2,0,0,0,0,0,,0,1,Auckland Region,Nil,2-way,Sealed,0,0,0,0,50,0,On,0,0,40,76,Auckland,Give way,0,0,0,0,0,0,Urban,0,0,0,Light rain,Null
1769108.277,5900554.6214,880572,45,524902,0,,0,1,,South,2022/2023,GREAT SOUTH ROAD,MCANNALLEY STREET,,Non-Injury Crash,No,2023,,North,,0,,Hill Road,,,,,,Overcast,758400,0,0,0,2,,,0,,,,,,Auckland Region,Nil,2-way,Sealed,,0,0,,50,,Off,1,0,,76,Auckland,Nil,,,,,0,0,Urban,0,,,Light rain,None
1746656.7443,5918796.6089,880574,,512401,0,,0,1,,East,2022/2023,EDMONTON ROAD,BOSNYAK DRIVE,,Non-Injury Crash,No,2023,,West,,0,,Flat,,,,,,Overcast,255500,0,0,0,2,,,0,,,,,,Auckland Region,Nil,2-way,Sealed,,0,0,,50,,None,0,0,,76,Auckland,Nil,,,,,0,0,Urban,1,,,Fine,Null
1751525.837,5916406.301,880594,,514900,0,0,0,1,0,Null,2024/2025,GREAT NORTH ROAD,BLOCKHOUSE BAY ROAD,,Serious Crash,No,2025,0,South,0,0,0,Flat,0,Queens Birthday,0,,1,Dark,384800,2,0,0,4,0,0,0,0,0,,0,0,Auckland Region,Nil,2-way,Sealed,0,0,2,0,50,0,On,0,0,,76,Auckland,Traffic Signals,1,1,0,0,0,0,Urban,0,0,0,Fine,Null
1762788.4097,5907833.1032,880596,,524530,0,,0,2,,Null,2024/2025,DRIVER ROAD,TENNESSEE AVENUE,,Non-Injury Crash,No,2024,,South,,0,,Null,,,,,,Dark,732602,0,0,0,2,,,0,,,,,,Auckland Region,Nil,2-way,Sealed,,0,0,,30,,On,0,0,,76,Auckland,Give way,,,,,0,0,Urban,0,,,Light rain,Null
1768907.5813,5900836.0633,880606,45,525002,0,,0,1,,Null,2023/2024,WEYMOUTH ROAD,GREAT SOUTH ROAD,,Non-Injury Crash,No,2023,,West,,0,,Flat,,,,,,Dark,752802,0,0,0,4,,,0,,,,,,Auckland Region,Nil,2-way,Sealed,,0,0,,50,,On,1,0,,76,Auckland,Give way,,,,,0,0,Urban,0,,,Null,None
1754872.6655,5918301.7102,880614,,517600,1,,0,1,,East,2024/2025,NORTH-WESTERN MOTORWAY,MOUNTAIN VIEW OBR,,Minor Crash,Yes,2025,,West,,0,,Flat,,,,,,Bright sun,533502,1,0,0,3,,,0,,,,,,Auckland Region,Nil,1-way,Sealed,,0,0,,80,,Null,0,0,30,76,Auckland,Nil,,,,,0,0,Open,0,,,Fine,Null
1767281.924,5913425.2058,880615,,522820,0,,0,2,,Null,2022/2023,PAKURANGA ROAD,LEWIS ROAD,,Minor Crash,No,2023,,West,,0,,Hill Road,,,,,,Overcast,694900,1,0,0,6,,,0,,,,,,Auckland Region,Nil,2-way,Sealed,,0,0,,50,,On,0,0,,76,Auckland,Give way,,,,,0,0,Urban,0,,,Light rain,Strong wind
1756895.6553,5925133.4927,880618,,509702,0,,0,3,,North,2023/2024,NORTHERN MOTORWAY,EXMOUTH FTBR,,Minor Crash,Yes,2024,,South,,0,,Flat,,,,,,Bright sun,366602,2,0,0,3,,,0,,,,,,Auckland Region,Nil,1-way,Sealed,,0,0,,100,,Off,0,0,,76,Auckland,Nil,,,,,0,0,Open,0,,,Fine,Null