X,Y,OBJECTID,advisorySpeed,areaUnitID,bicycle,bridge,bus,carStationWagon,cliffBank,crashDirectionDescription,crashFinancialYear,crashLocation1,crashLocation2,crashRoadSideRoad,crashSeverity,crashSHDescription,crashYear,debris,directionRoleDescription,ditch,fatalCount,fence,flatHill,guardRail,holiday,houseOrBuilding,intersection,kerb,light,meshblockId,minorInjuryCount,moped,motorcycle,NumberOfLanes,objectThrownOrDropped,otherObject,otherVehicleType,overBank,parkedVehicle,pedestrian,phoneBoxEtc,postOrPole,region,roadCharacter,roadLane,roadSurface,roadworks,schoolBus,seriousInjuryCount,slipOrFlood,speedLimit,strayAnimal,streetLight,suv,taxi,temporarySpeedLimit,tlaId,tlaName,trafficControl,trafficIsland,trafficSign,train,tree,truck,unknownVehicleType,urban,vanOrUtility,vehicle,waterRiver,weatherA,weatherB
1756121.5935,5913799.2895,880622,,518701,0,0,0,1,1,West,2024/2025,MOUNT ALBERT ROAD,MCCULLOUGH AVENUE,,Minor Crash,No,2024,0,West,0,0,0,Flat,0,,0,,0,Overcast,569200,1,0,0,2,0,0,0,0,0,,0,0,Auckland Region,Nil,2-way,Sealed,0,0,0,0,50,0,None,0,0,,76,Auckland,Nil,0,0,0,0,0,0,Urban,0,0,0,Fine,Null
1756938.8473,5916629.112,880628,,518202,0,0,0,1,0,West,2024/2025,GRANGE ROAD,MOUNT EDEN ROAD,,Non-Injury Crash,No,2024,0,East,0,0,0,Flat,0,,0,,1,Unknown,550400,0,0,0,2,0,0,0,0,0,,0,0,Auckland Region,Nil,2-way,Sealed,0,0,0,0,50,0,None,0,0,,76,Auckland,Nil,0,0,0,0,0,0,Urban,0,0,0,Null,None
1771565.3701,5901393.777,880631,,523813,0,0,0,0,0,South,2022/2023,ALFRISTON ROAD,RANFURLY ROAD,,Minor Crash,No,2023,0,East,0,0,1,Hill Road,0,,0,,0,Dark,759600,1,0,0,2,0,0,0,0,0,,0,0,Auckland Region,Nil,2-way,Sealed,0,0,0,0,80,0,None,0,0,,76,Auckland,Nil,0,0,0,0,0,0,Open,1,0,0,Fine,Null
1767100.8903,5904763.5801,880632,,524603,0,,0,1,,Null,2022/2023,CAVENDISH DRIVE,SHARKEY STREET,,Non-Injury Crash,No,2023,,East,,0,,Flat,,,,,,Overcast,780205,0,0,0,3,,,0,,,,,,Auckland Region,Nil,1-way,Sealed,,0,0,,50,,Off,0,0,,76,Auckland,Traffic Signals,,,,,0,1,Urban,0,,,Fine,None
1761063.6866,5909253.2032,880640,,524404,0,,0,2,,Null,2022/2023,FAVONA ROAD,HARANIA AVENUE,,Non-Injury Crash,No,2023,,West,,0,,Flat,,,,,,Bright sun,730100,0,0,0,2,,,0,,,,,,Auckland Region,Nil,2-way,Sealed,,0,0,,50,,Off,0,0,,76,Auckland,Give way,,,,,0,0,Urban,0,,,Fine,None
1770771.4107,5915428.7738,880648,,521601,0,0,0,3,0,Null,2024/2025,HUTCHINSONS ROAD,FINNERTY AVENUE,,Serious Crash,No,2025,0,South,0,0,0,Flat,0,,0,,0,Bright sun,646100,1,0,0,2,0,0,0,0,1,,0,0,Auckland Region,Nil,2-way,Sealed,0,0,1,0,50,0,Off,0,0,,76,Auckland,Give way,0,0,0,0,0,0,Urban,0,0,0,Fine,Null
1758201.0804,5917508.5448,880655,,515700,0,,0,1,,East,2022/2023,ALPERS AVENUE,GILLIES AVENUE,,Minor Crash,No,2023,,West,,0,,Flat,,,,,,Overcast,443500,2,0,0,2,,,0,,,2,,,Auckland Region,Nil,1-way,Sealed,,0,0,,50,,Off,0,0,,76,Auckland,Nil,,,,,0,0,Urban,0,,,Fine,Null
1755974.1403,5918592.1287,880664,,515500,0,,0,1,,Null,2025/2026,NORTH-WESTERN MOTORWAY,NEWTON ROAD OFF RAMP,,Minor Crash,Yes,2025,,North,,0,,Flat,,,,,,Dark,418600,1,0,0,4,,,0,,,,,,Auckland Region,Nil,1-way,Sealed,,0,0,,80,,On,0,0,,76,Auckland,Nil,,,,,0,0,Open,1,,,Light rain,Null
1769183.825,5901562.9111,880665,,524901,0,,0,2,,Null,2022/2023,CLAUDE ROAD,HILL ROAD,,Non-Injury Crash,No,2023,,North,,0,,Hill Road,,,,,,Overcast,756800,0,0,0,2,,,0,,,,,,Auckland Region,Nil,2-way,Sealed,,0,0,,50,,Off,0,0,,76,Auckland,Give way,,,,,0,0,Urban,0,,,Fine,Null
1768906.9013,5889190.4864,880666,,521122,0,,0,2,,North,2024/2025,KARAKA ROAD,SIM ROAD,,Fatal Crash,Yes,2024,,South,,1,,Flat,,,,,,Bright sun,812600,1,0,0,3,,,0,,,,,,Auckland Region,Nil,2-way,Sealed,,0,0,,80,,None,0,0,,76,Auckland,Nil,,,,,0,0,Open,1,,,Fine,Null
1756644.0259,5918499.9742,880670,,515600,0,,0,1,,West,2023/2024,NEW NORTH ROAD,RENDALL PLACE,,Non-Injury Crash,No,2023,,West,,0,,Flat,,,,,,Unknown,421000,0,0,0,4,,,0,,,,,,Auckland Region,Nil,2-way,Sealed,,0,0,,50,,On,0,0,,76,Auckland,Nil,,,,,0,0,Urban,0,,,Fine,None
1751581.4382,5914715.1921,880672,,514402,0,0,0,0,0,South,2024/2025,BLOCKHOUSE BAY ROAD,CHALMERS STREET,,Non-Injury Crash,No,2025,0,North,0,0,0,Flat,0,,0,,0,Overcast,380503,0,0,0,2,0,0,0,0,0,,0,1,Auckland Region,Nil,2-way,Sealed,0,0,0,0,50,0,Off,0,0,,76,Auckland,Nil,0,0,0,0,0,0,Urban,1,0,0,Fine,Null
1766148.5709,5916201.5959,880673,,517100,0,,0,1,,South,2022/2023,ERIMA AVENUE,ANDERSON AVENUE,,Non-Injury Crash,No,2023,,South,,0,,Flat,,,,,,Bright sun,479200,0,0,0,2,,,0,,,,,,Auckland Region,Nil,2-way,Sealed,,0,0,,50,,Off,0,0,,76,Auckland,Nil,,,,,1,0,Urban,0,,,Fine,Null
1768650.1786,5880417.5922,880692,,525922,0,0,0,2,0,Null,2024/2025,QUEEN STREET,HARRY MOORE PLACE,,Non-Injury Crash,No,2025,0,South,0,0,0,Flat,0,,0,,0,Bright sun,824100,0,0,0,2,0,0,0,0,2,,0,0,Auckland Region,Nil,2-way,Sealed,0,0,0,0,50,0,Off,1,0,,76,Auckland,Stop,0,0,0,0,0,0,Urban,0,0,0,Fine,Null
1771596.5208,5894801.5167,880698,,521201,0,,0,1,,South,2024/2025,SOUTHERN MOTORWAY,PAPAKURA OFF RAMP,,Non-Injury Crash,Yes,2024,,North,,0,,Null,,,,,,Unknown,806700,0,0,0,2,,,0,,,,,,Auckland Region,Nil,1-way,Null,,0,0,,100,,Null,0,0,,76,Auckland,Nil,,,,,0,0,Open,1,,,Fine,Null
1747958.3339,5912511.1382,880704,,511902,0,0,0,1,1,Null,2023/2024,PLEASANT ROAD,TITIRANGI ROAD,,Non-Injury Crash,No,2024,0,East,0,0,0,Flat,0,Easter,0,,0,Overcast,292103,0,0,0,2,0,0,0,0,0,,0,0,Auckland Region,Nil,1-way,Sealed,0,0,0,0,50,0,Off,0,0,,76,Auckland,Traffic Signals,0,0,0,0,0,0,Urban,0,0,0,Heavy rain,Null
1767365.3364,5904990.2217,880709,,524603,0,,0,1,,Null,2022/2023,OFFROAD CARPARK,,,Minor Crash,No,2023,,West,,0,,Flat,,,,,,Dark,780205,1,0,0,0,,,0,,,1,,,Auckland Region,Nil,Off road,Sealed,,0,0,,50,,On,0,0,,76,Auckland,Nil,,,,,0,0,Urban,0,,,Fine,Null
1756914.6291,5927275.7864,880716,,507900,0,,0,2,,Null,2024/2025,TAHAROTO ROAD,NGAIO STREET,,Minor Crash,No,2025,,South,,0,,Flat,,,,,,Twilight,303600,1,0,0,5,,,0,,,,,,Auckland Region,Nil,2-way,Sealed,,0,0,,50,,Off,0,0,,76,Auckland,Give way,,,,,0,0,Urban,0,,,Fine,Null
1742338.6856,5917799.0876,880726,,513220,0,0,0,1,0,Null,2023/2024,SIMPSON ROAD,METCALFE ROAD,,Non-Injury Crash,No,2023,0,North,0,0,0,Hill Road,0,,0,,0,Dark,238702,0,0,0,2,0,0,0,0,0,,0,1,Auckland Region,Nil,2-way,Sealed,0,0,0,0,50,0,On,0,0,,76,Auckland,Stop,0,0,0,0,0,0,Urban,0,0,0,Heavy rain,Null
1764990.0136,5910416.0586,880752,,521801,0,,0,1,,North,2024/2025,PRINCES ST-OTAHUHU ON RAMP,PRINCES STREET,,Non-Injury Crash,No,2024,,North,,0,,Hill Road,,,,,,Bright sun,787200,0,0,0,1,,,0,,,,,,Auckland Region,Motorway ramp,1-way,Sealed,,0,0,,50,,Off,0,0,,76,Auckland,Nil,,,,,0,0,Urban,1,,,Fine,Null
1762901.2372,5912941.4489,880756,,520402,0,0,0,1,0,West,2024/2025,SOUTHERN MOTORWAY,SOUTH-EASTERN HWY OFF RAMP,,Non-Injury Crash,Yes,2025,0,East,0,0,0,Flat,1,,0,,0,Dark,642500,0,0,0,3,0,0,0,0,0,,0,0,Auckland Region,Nil,1-way,Sealed,0,0,0,0,100,0,On,0,0,,76,Auckland,Nil,0,0,0,0,0,0,Open,0,0,0,Light rain,Null
1756630.2562,5912774.2917,880760,,518702,0,,0,2,,Null,2024/2025,HILLSBOROUGH ROAD OFF RAMP,HILLSBOROUGH ROAD,,Non-Injury Crash,No,2024,,West,,0,,Null,,,,,,Bright sun,570100,0,0,0,2,,,0,,,,,,Auckland Region,Nil,1-way,Null,,0,0,,50,,Off,0,0,,76,Auckland,Traffic Signals,,,,,0,0,Urban,0,,,Fine,Null
1769163.9637,5902464.2722,880765,,524901,0,,0,3,,North,2022/2023,SOUTHERN MOTORWAY,HILL ROAD ON RAMP,,Non-Injury Crash,Yes,2023,,North,,0,,Flat,,,,,,Bright sun,755000,0,0,0,3,,,0,,,,,,Auckland Region,Nil,1-way,Sealed,,0,0,,100,,Null,0,0,,76,Auckland,Nil,,,,,0,0,Open,0,,,Fine,Null
1755091.0675,5930153.0802,880768,,508420,0,0,0,1,0,North,2023/2024,NORTHERN MOTORWAY,SUNNYNOOK OBR,,Non-Injury Crash,Yes,2024,0,North,0,0,0,Flat,0,Easter,0,,0,Dark,182100,0,0,0,3,0,0,0,0,0,,0,0,Auckland Region,Nil,1-way,Sealed,0,0,0,0,100,0,On,0,0,,76,Auckland,Nil,0,0,0,0,0,0,Open,0,0,0,Fine,Null
1761476.0381,5903346.6514,880769,,524604,0,,0,1,,East,2023/2024,PUHINUI ROAD,AIRPORT LOOKOUT WBD ENT,,Minor Crash,Yes,2024,,West,,0,,Flat,,,,,,Bright sun,780902,1,0,0,4,,,0,,,,,,Auckland Region,Nil,2-way,Sealed,,0,0,,50,,Off,0,0,,76,Auckland,Give way,,,,,0,0,Urban,1,,,Fine,Null
1757314.9579,5916974.3815,880772,25,515700,0,,0,2,,West,2023/2024,OWENS ROAD,CECIL ROAD,,Non-Injury Crash,No,2024,,West,,0,,Flat,,,,,,Overcast,445100,0,0,0,2,,,0,,,,,,Auckland Region,Nil,2-way,Sealed,,0,0,,50,,Off,0,0,,76,Auckland,Nil,,,,,0,0,Urban,0,,,Light rain,Null
1767177.4584,5901226.7699,880773,,524720,0,,0,2,,Null,2022/2023,SWALLOW DRIVE,MAIDA VALE,,Non-Injury Crash,No,2023,,North,,0,,Flat,,,,,,Dark,777502,0,0,0,2,,,0,,,,,,Auckland Region,Nil,2-way,Sealed,,0,0,,50,,On,0,0,,76,Auckland,Nil,,,,,0,0,Urban,0,,,Fine,Null
1766492.1896,5905981.6722,880778,,522302,0,,0,1,,East,2023/2024,GREAT SOUTH ROAD,NICHOLSON AVENUE,,Fatal Crash,No,2024,,South,,1,,Flat,,,,,,Dark,669100,0,0,0,2,,,0,,,2,,,Auckland Region,Nil,2-way,Sealed,,0,0,,50,,On,0,0,,76,Auckland,Isolated Pedestrian signal (non-intersection),,,,,0,0,Urban,0,,,Fine,Null
1763603.422,5912735.1976,880781,,520500,0,0,0,1,0,East,2022/2023,MOUNT WELLINGTON HWY OFF RAMP,SOUTHERN MOTORWAY,,Non-Injury Crash,No,2023,0,East,0,0,0,Flat,1,,0,,0,Dark,637400,0,0,0,2,0,0,0,0,0,,0,0,Auckland Region,Nil,1-way,Sealed,0,0,0,0,100,0,On,0,0,,76,Auckland,Nil,0,0,0,0,0,0,Open,0,0,0,Light rain,Null
1754877.8753,5931780.77,880786,,508805,0,,0,0,,Null,2023/2024,CONSTELLATION DRIVE,PARKWAY DRIVE,,Non-Injury Crash,No,2024,,East,,0,,Flat,,,,,,Overcast,180813,0,0,0,4,,,0,,,,,,Auckland Region,Nil,2-way,Sealed,,0,0,,50,,Off,0,0,,76,Auckland,Give way,,,,,0,0,Urban,2,,,Fine,Null
1742759.6896,5921517.7465,880800,,513631,0,0,0,4,0,North,2024/2025,DON BUCK ROAD,GALLONY AVENUE,,Minor Crash,No,2024,0,North,0,0,0,Hill Road,0,,0,,0,Overcast,227101,2,0,0,2,0,0,0,0,2,,0,0,Auckland Region,Nil,2-way,Sealed,0,0,0,0,50,0,Off,0,0,,76,Auckland,Nil,0,0,0,0,0,0,Urban,0,0,0,Fine,Null
1760193.2033,5915465.6181,880808,,519400,0,,0,1,,Null,2024/2025,GREAT SOUTH ROAD,MATAI ROAD,,Minor Crash,No,2024,,North,,0,,Flat,,,,,,Bright sun,617301,1,0,1,4,,,0,,,,,,Auckland Region,Nil,2-way,Sealed,,0,0,,50,,Off,0,0,,76,Auckland,Stop,,,,,0,0,Urban,0,,,Fine,Null
1764130.8023,5904166.9074,880810,,524604,0,0,0,0,0,North,2023/2024,SOUTH-WESTERN MOTORWAY,CAVENDISH DRIVE ON RAMP,,Non-Injury Crash,Yes,2024,0,North,0,0,0,Flat,1,,0,,0,Dark,781100,0,0,0,2,0,0,0,0,0,,0,0,Auckland Region,Nil,1-way,Sealed,0,0,0,0,100,0,On,0,0,,76,Auckland,Nil,0,0,0,0,1,0,Open,1,0,0,Fine,Null
1755089.0382,5913487.6021,880821,,518803,0,,0,2,,East,2022/2023,SOUTH-WESTERN MOTORWAY,DOMINION OBR,,Non-Injury Crash,Yes,2023,,North,,0,,Flat,,,,,,Overcast,582700,0,0,0,3,,,0,,,,,,Auckland Region,Nil,1-way,Sealed,,0,0,,100,,Off,0,0,,76,Auckland,Nil,,,,,0,0,Open,0,,,Fine,Null
1764467.327,5912949.9475,880825,,520500,0,,0,2,,Null,2022/2023,SOUTH-EASTERN HIGHWAY,CARBINE ROAD,,Non-Injury Crash,No,2023,,East,,0,,Flat,,,,,,Bright sun,639100,0,0,0,6,,,0,,,,,,Auckland Region,Nil,2-way,Sealed,,0,0,,50,,Off,1,0,,76,Auckland,Traffic Signals,,,,,0,0,Urban,0,,,Fine,Null
1757502.4629,5918613.3828,880830,,514302,0,,0,0,,Null,2024/2025,KHYBER PASS ROAD,KHYBER PASS ROAD OFF RAMP,,Non-Injury Crash,No,2024,,East,,0,,Hill Road,,,,,,Dark,442000,0,0,0,4,,,0,,,,,,Auckland Region,Nil,2-way,Sealed,,0,0,,50,,On,2,0,,76,Auckland,Traffic Signals,,,,,0,0,Urban,0,,,Fine,Null
1773889.7166,5913872.2633,880850,,521502,0,0,0,2,0,North,2023/2024,PAH ROAD,VIEW ROAD,,Non-Injury Crash,No,2024,0,South,0,0,0,Flat,0,,0,,0,Bright sun,655500,0,0,0,2,0,0,0,0,1,,0,0,Auckland Region,Nil,2-way,Sealed,0,0,0,0,50,0,Null,0,0,,76,Auckland,Nil,0,0,0,0,0,0,Urban,0,0,0,Null,None
1770552.9311,5898730.3928,880860,,523920,0,,0,3,,Null,2025/2026,GREAT SOUTH ROAD,MARU ROAD,,Non-Injury Crash,No,2025,,North,,0,,Flat,,,,,,Dark,768008,0,0,0,2,,,0,,,,,,Auckland Region,Nil,2-way,Sealed,,0,0,,50,,On,0,0,,76,Auckland,Stop,,,,,0,0,Urban,0,,,Fine,Null
1765572.2975,5904243.8553,880866,,524603,0,,0,2,,Null,2024/2025,GLASGOW AVENUE,CAVENDISH DRIVE,,Non-Injury Crash,No,2024,,North,,0,,Flat,,,,,,Dark,674900,0,0,0,2,,,0,,,,,,Auckland Region,Nil,2-way,Sealed,,0,0,,50,,On,0,0,,76,Auckland,Traffic Signals,,,,,0,0,Urban,0,,,Fine,Null
1767936.0588,5883422.7152,880868,45,521111,0,0,0,1,0,East,2024/2025,HEIGHTS ROAD,BEATTY ROAD,,Non-Injury Crash,No,2025,0,South,0,0,0,Flat,0,,0,,0,Overcast,813800,0,0,0,2,0,0,0,0,0,,0,0,Auckland Region,Nil,2-way,Sealed,0,0,0,0,80,0,None,0,0,,76,Auckland,Nil,0,0,0,2,0,0,Open,0,0,0,Heavy rain,Null
1765977.5824,5915159.3207,880882,,520601,0,,0,2,,North,2022/2023,TRIPOLI ROAD,ALAMEIN ROAD,,Non-Injury Crash,No,2023,,South,,0,,Flat,,,,,,Overcast,632000,0,0,0,2,,,0,,,,,,Auckland Region,Nil,2-way,Sealed,,0,0,,50,,Off,0,0,,76,Auckland,Isolated Pedestrian signal (non-intersection),,,,,0,0,Urban,0,,,Light rain,None
1754401.5687,5918359.4083,880890,,515431,0,,0,2,,Null,2022/2023,NORTH-WESTERN MOTORWAY,ST LUKES ROAD ON RAMP,,Non-Injury Crash,Yes,2023,,East,,0,,Flat,,,,,,Dark,406201,0,0,0,3,,,0,,,,,,Auckland Region,Nil,1-way,Sealed,,0,0,,80,,On,0,0,,76,Auckland,Nil,,,,,0,0,Open,0,,,Fine,None
1770777.8837,5906748.9444,880900,,523713,0,0,0,3,0,North,2025/2026,TE ARA KAHIKATEA,KERRYKEEL DRIVE,,Non-Injury Crash,No,2025,0,North,0,0,0,Flat,0,,0,,0,Bright sun,713100,0,0,0,2,0,0,0,0,1,,0,0,Auckland Region,Nil,2-way,Sealed,0,0,0,0,50,0,Off,0,0,40,76,Auckland,Nil,0,0,0,0,0,0,Urban,0,0,0,Fine,Null
1771522.8708,5894990.7593,880904,,521201,0,,0,0,,North,2024/2025,PAPAKURA OFF RAMP,SOUTHERN MOTORWAY,,Non-Injury Crash,No,2025,,North,,0,,Null,,,,,,Overcast,806700,0,0,0,1,,,0,,,,,,Auckland Region,Nil,1-way,Sealed,,0,0,,50,,Null,0,0,,76,Auckland,Nil,,,,,1,0,Urban,1,,,Heavy rain,Null
1754571.8212,5931597.0325,880908,,508805,0,,0,1,,Null,2024/2025,CONSTELLATION DRIVE,VEGA PLACE,,Non-Injury Crash,No,2024,,West,,0,,Flat,,,,,,Bright sun,180813,0,0,0,2,,,0,,,,,,Auckland Region,Nil,2-way,Sealed,,0,0,,50,,Off,1,0,,76,Auckland,Give way,,,,,0,0,Urban,0,,,Fine,Null
1762500.8749,5909292.357,880912,,524402,0,,0,1,,West,2024/2025,JAMES FLETCHER DRIVE,BEACH ROAD,,Non-Injury Crash,No,2024,,West,,0,,Flat,,,,,,Overcast,749800,0,0,0,4,,,0,,,,,,Auckland Region,Nil,2-way,Sealed,,0,0,,50,,Off,0,0,,76,Auckland,Nil,,,,,0,0,Urban,0,,,Fine,Null
1766619.3222,5907641.8913,880927,,523501,0,,0,1,,Null,2022/2023,EAST TAMAKI ROAD,NEWBURY STREET,,Minor Crash,No,2023,,East,,0,,Flat,,,,,,Dark,700700,1,0,0,5,,,0,,,,,,Auckland Region,Nil,2-way,Sealed,,0,0,,50,,On,0,0,,76,Auckland,Traffic Signals,,,,,0,0,Urban,1,,,Light rain,Null
1776078.0552,5884990.4499,880937,,521132,0,0,0,1,0,North,2022/2023,SOUTHERN MOTORWAY,ST STEPHENS OBR,,Non-Injury Crash,Yes,2023,0,North,0,0,0,Hill Road,1,,0,,0,Bright sun,814701,0,0,0,5,0,0,0,0,0,,0,0,Auckland Region,Nil,2-way,Sealed,0,0,0,0,100,0,Off,0,0,,76,Auckland,Nil,0,0,0,0,0,0,Open,0,0,0,Fine,Null
1747171.6262,5919471.8424,880938,,512402,0,0,0,0,0,North,2024/2025,ROYAL VIEW ROAD,TE ATATU ROAD,,Serious Crash,No,2024,0,North,0,0,0,Flat,0,,0,,0,Bright sun,253600,0,0,0,0,0,0,0,0,1,1,0,0,Auckland Region,Nil,2-way,Sealed,0,0,1,0,30,0,Off,0,0,,76,Auckland,Nil,0,0,0,0,0,0,Urban,2,0,0,Fine,Null
1754197.89,5918875.0281,880939,,515431,1,,0,0,,Null,2023/2024,SURREY CRESCENT,BULLOCK TRACK,,Minor Crash,No,2023,,West,,0,,Flat,,,,,,Bright sun,403300,1,0,0,2,,,0,,,,,,Auckland Region,Nil,2-way,Sealed,,0,0,,50,,Off,0,0,,76,Auckland,Give way,,,,,0,0,Urban,1,,,Fine,Null
1748830.1851,5936429.3929,880941,65,506653,0,,0,1,,North,2022/2023,DAIRY FLAT HIGHWAY,FOLEY QUARRY ROAD,,Serious Crash,No,2023,,North,,0,,Hill Road,,,,,,Bright sun,217208,2,0,0,2,,,0,,,,,,Auckland Region,Nil,2-way,Sealed,,0,1,,80,,None,0,0,,76,Auckland,Nil,,,,,0,1,Open,1,,,Fine,Null
1758935.4298,5913198.1124,880944,,519820,0,,1,1,,Null,2024/2025,ONEHUNGA MALL,MOUNT SMART ROAD,,Minor Crash,No,2025,,North,,0,,Flat,,,,,,Dark,599100,1,0,0,3,,,0,,,,,,Auckland Region,Nil,2-way,Sealed,,0,0,,50,,On,0,0,,76,Auckland,Traffic Signals,,,,,0,0,Urban,0,,,Fine,Null
1756769.124,5930261.3821,880956,,507720,0,0,0,2,0,North,2024/2025,EAST COAST ROAD,CASTOR BAY ROAD,,Minor Crash,No,2024,0,South,0,0,0,Flat,0,,0,,0,Overcast,314904,1,0,0,2,0,0,0,0,1,,0,0,Auckland Region,Nil,2-way,Sealed,0,0,0,0,50,0,Off,0,0,,76,Auckland,Nil,0,0,0,0,0,0,Urban,0,0,0,Fine,Null
1768866.7302,5882398.4867,880958,,525910,0,,0,1,,South,2024/2025,PAERATA ROAD,COMRIE PLACE,,Non-Injury Crash,No,2024,,South,,0,,Flat,,,,,,Overcast,817800,0,0,0,2,,,0,,,,,,Auckland Region,Nil,2-way,Sealed,,0,0,,50,,Off,1,0,,76,Auckland,Nil,,,,,0,0,Urban,0,,,Fine,Null
1746690.2924,5918089.0098,880964,,512401,0,,0,1,,North,2024/2025,TE ATATU ROAD,CONISTON AVENUE,,Non-Injury Crash,No,2024,,South,,0,,Null,,,,,,Unknown,256600,0,0,0,2,,,0,,,,,,Auckland Region,Nil,2-way,Sealed,,0,0,,50,,Null,1,0,,76,Auckland,Nil,,,,,0,1,Urban,0,,,Fine,Null
1770472.1494,5904578.5781,880968,,523820,0,0,0,1,0,Null,2024/2025,MURPHYS ROAD,REDOUBT ROAD,,Non-Injury Crash,No,2024,0,South,0,0,0,Hill Road,0,,0,,0,Dark,760000,0,0,0,2,0,1,0,0,0,,0,0,Auckland Region,Nil,2-way,Sealed,0,0,0,0,60,0,On,0,0,30,76,Auckland,Stop,0,0,0,0,0,0,Urban,0,0,0,Heavy rain,Null
1751879.1126,5930865.89,880972,,508806,0,,0,2,,Null,2024/2025,ALBANY HIGHWAY,BUSH ROAD,,Non-Injury Crash,No,2024,,North,,0,,Flat,,,,,,Dark,180106,0,0,0,4,,,0,,,,,,Auckland Region,Motorway ramp,2-way,Sealed,,0,0,,50,,On,0,0,,76,Auckland,Traffic Signals,,,,,0,0,Urban,0,,,Fine,Null
1758293.095,5915971.036,880975,25,519300,0,,0,2,,East,2022/2023,CAMPBELL CRESCENT,MANUKAU ROAD,,Non-Injury Crash,No,2023,,West,,0,,Flat,,,,,,Bright sun,622900,0,0,0,2,,,0,,,,,,Auckland Region,Nil,2-way,Sealed,,0,0,,50,,None,0,0,,76,Auckland,Nil,,,,,0,0,Urban,0,,,Fine,Null
1773966.6206,5889524.6634,880983,,521302,0,,0,2,,South,2022/2023,SOUTHERN MOTORWAY,QUARRY OBR,,Non-Injury Crash,Yes,2023,,North,,0,,Flat,,,,,,Bright sun,809101,0,0,0,2,,,0,,,,,,Auckland Region,Nil,1-way,Sealed,,0,0,,100,,Off,0,0,,76,Auckland,Nil,,,,,0,0,Open,0,,,Fine,Null
1756161.6315,5913784.263,880986,,518701,0,,0,5,,Null,2024/2025,MOUNT ALBERT ROAD,MCCULLOUGH AVENUE,,Non-Injury Crash,No,2024,,West,,0,,Flat,,,,,,Overcast,569200,0,0,0,2,,,0,,,,,,Auckland Region,Nil,2-way,Sealed,,0,0,,50,,Off,0,0,,76,Auckland,Stop,,,,,0,0,Urban,1,,,Fine,Null
1769160.6393,5900461.5893,880998,,524902,0,0,0,0,0,North,2024/2025,GREAT SOUTH ROAD,MYERS ROAD,,Minor Crash,No,2025,0,North,0,0,1,Flat,0,,0,,0,Bright sun,758400,1,0,0,2,0,0,0,0,0,,0,0,Auckland Region,Nil,2-way,Sealed,0,0,0,0,50,0,Off,0,0,,76,Auckland,Nil,0,0,0,0,0,0,Urban,1,0,0,Fine,Null
1771334.4044,5895690.0983,881010,,521201,0,0,0,2,0,South,2023/2024,SOUTHERN MOTORWAY,PAPAKURA ON RAMP,,Non-Injury Crash,Yes,2024,0,North,0,0,0,Flat,1,,0,,0,Bright sun,806604,0,0,0,3,0,0,0,0,0,,0,0,Auckland Region,Nil,1-way,Sealed,0,0,0,0,100,0,Off,0,0,80,76,Auckland,Nil,0,0,0,0,0,0,Open,0,0,0,Fine,Null
1754838.5664,5913599.6857,881030,,518803,0,0,0,0,0,East,2024/2025,DOMINION ROAD ON RAMP,SOUTH-WESTERN MOTORWAY,,Minor Crash,No,2024,0,West,0,0,0,Hill Road,1,,0,,0,Bright sun,581900,2,0,0,1,0,0,0,0,0,,0,0,Auckland Region,Motorway ramp,1-way,Sealed,0,0,0,0,50,0,Off,0,0,,76,Auckland,Nil,0,0,0,0,0,0,Urban,2,0,0,Fine,Null
1742410.7159,5922060.4935,881042,,513622,0,,0,2,,Null,2024/2025,RED HILLS ROAD,BIRDWOOD ROAD,,Non-Injury Crash,No,2024,,North,,0,,Flat,,,,,,Bright sun,226700,0,0,0,2,,,0,,,,,,Auckland Region,Nil,2-way,Sealed,,0,0,,60,,Off,0,0,,76,Auckland,Stop,,,,,0,0,Urban,1,,,Fine,Null
1762228.1512,5913566.2593,881046,,520500,0,,0,0,,South,2023/2024,SOUTHERN MOTORWAY,PENROSE ROAD,,Non-Injury Crash,Yes,2024,,North,,0,,Flat,,,,,,Overcast,637100,0,0,0,3,,,0,,,,,,Auckland Region,Nil,1-way,Sealed,,0,0,,100,,Off,0,0,,76,Auckland,Nil,,,,,1,0,Open,1,,,Light rain,Null
1753179.2461,5918253.6923,881050,,515003,0,,0,2,,West,2024/2025,NORTH-WESTERN MOTORWAY,ST LUKES ROAD ON RAMP,,Non-Injury Crash,Yes,2024,,West,,0,,Flat,,,,,,Dark,390502,0,0,0,4,,,0,,,,,,Auckland Region,Nil,1-way,Sealed,,0,0,,100,,On,0,0,80,76,Auckland,Nil,,,,,0,0,Open,0,,,Fine,Null
1772622.9827,5896515.5291,881054,,525420,0,,0,1,,North,2024/2025,GREAT SOUTH ROAD,ELLIOT STREET,,Minor Crash,No,2025,,South,,0,,Flat,,,,,,Overcast,791600,1,0,0,2,,,0,,,1,,,Auckland Region,Nil,2-way,Sealed,,0,0,,50,,Off,0,0,,76,Auckland,Nil,,,,,0,0,Urban,0,,,Heavy rain,Strong wind
1759217.8116,5973473.361,881055,,506661,0,0,0,1,0,East,2022/2023,TAKATU ROAD,BADDELEYS BEACH ROAD,,Serious Crash,No,2023,0,East,0,0,1,Hill Road,0,,0,,0,Overcast,137908,0,0,0,2,0,0,0,0,0,,0,0,Auckland Region,Nil,2-way,Sealed,0,0,1,0,100,0,None,0,0,,76,Auckland,Nil,0,0,0,0,0,0,Open,0,0,0,Light rain,Strong wind