X,Y,OBJECTID,advisorySpeed,areaUnitID,bicycle,bridge,bus,carStationWagon,cliffBank,crashDirectionDescription,crashFinancialYear,crashLocation1,crashLocation2,crashRoadSideRoad,crashSeverity,crashSHDescription,crashYear,debris,directionRoleDescription,ditch,fatalCount,fence,flatHill,guardRail,holiday,houseOrBuilding,intersection,kerb,light,meshblockId,minorInjuryCount,moped,motorcycle,NumberOfLanes,objectThrownOrDropped,otherObject,otherVehicleType,overBank,parkedVehicle,pedestrian,phoneBoxEtc,postOrPole,region,roadCharacter,roadLane,roadSurface,roadworks,schoolBus,seriousInjuryCount,slipOrFlood,speedLimit,strayAnimal,streetLight,suv,taxi,temporarySpeedLimit,tlaId,tlaName,trafficControl,trafficIsland,trafficSign,train,tree,truck,unknownVehicleType,urban,vanOrUtility,vehicle,waterRiver,weatherA,weatherB
1756622.0406,5913670.4751,881064,,518701,1,,0,1,,South,2025/2026,WARREN AVENUE,MOUNT ALBERT ROAD,,Minor Crash,No,2025,,North,,0,,Flat,,,,,,Overcast,568400,1,0,0,2,,,0,,,,,,Auckland Region,Nil,2-way,Sealed,,0,0,,50,,Off,0,0,,76,Auckland,Nil,,,,,0,0,Urban,0,,,Light rain,Null
1753780.2411,5917880.5877,881067,,517800,0,,0,2,,Null,2022/2023,LINWOOD AVENUE,ST LUKES ROAD,,Non-Injury Crash,No,2023,,East,,0,,Flat,,,,,,Bright sun,526801,0,0,0,2,,,0,,,,,,Auckland Region,Nil,2-way,Sealed,,0,0,,50,,Off,0,0,,76,Auckland,Stop,,,,,0,0,Urban,0,,,Fine,Null
1755099.5465,5929145.6966,881068,,508420,0,,0,0,,Null,2024/2025,WAIRAU ROAD,VIEW ROAD,,Non-Injury Crash,No,2025,,North,,0,,Flat,,,,,,Overcast,183800,0,0,0,5,,,0,,,,,,Auckland Region,Nil,2-way,Sealed,,0,0,,50,,Off,2,0,,76,Auckland,Give way,,,,,0,0,Urban,0,,,Fine,Strong wind
1761708.9084,5917381.6213,881070,,516202,0,0,0,1,0,East,2024/2025,BENSON ROAD,LUCERNE ROAD,,Non-Injury Crash,No,2024,0,East,0,0,0,Hill Road,0,,0,,0,Dark,488100,0,0,0,2,0,0,0,0,1,,0,0,Auckland Region,Nil,2-way,Sealed,0,0,0,0,50,0,On,1,0,,76,Auckland,Nil,0,0,0,0,0,0,Urban,0,0,0,Fine,Null
1752209.8062,5913230.6311,881076,,514600,0,0,0,1,0,South,2024/2025,WHITNEY STREET,MAUI POMARE STREET,,Non-Injury Crash,No,2024,0,South,0,0,0,Null,0,,0,,0,Bright sun,372800,0,0,0,2,0,0,0,0,1,,0,0,Auckland Region,Nil,2-way,Sealed,0,0,0,0,50,0,Null,0,0,,76,Auckland,Nil,0,0,0,0,0,0,Urban,0,0,0,Fine,Null
1766433.4195,5899811.8918,881078,,524713,0,0,0,0,0,West,2024/2025,WEYMOUTH ROAD,CASTLEFINN DRIVE,,Serious Crash,No,2025,0,East,0,0,0,Flat,0,,0,,0,Bright sun,775824,0,0,1,2,0,0,0,0,0,,0,0,Auckland Region,Nil,2-way,Sealed,0,0,1,0,50,0,Off,0,0,,76,Auckland,Nil,1,0,0,0,0,0,Urban,0,0,0,Fine,Null
1740190.3994,5928034.4679,881094,,505604,0,,0,2,,West,2024/2025,SH 16,TAUPAKI ROAD,,Non-Injury Crash,Yes,2024,,South,,0,,Flat,,,,,,Overcast,214501,0,0,0,2,,,0,,,,,,Auckland Region,Nil,2-way,Sealed,,0,0,,80,,Off,0,0,,76,Auckland,Nil,,,,,0,0,Open,0,,,Fine,Null
1755624.3781,5925576.0351,881098,,509702,0,,0,1,,Null,2024/2025,EXMOUTH ROAD,LAKE ROAD,,Minor Crash,No,2025,,West,,0,,Hill Road,,,,,,Overcast,365700,1,0,1,2,,,0,,,,,,Auckland Region,Nil,2-way,Sealed,,0,0,,50,,Off,0,0,,76,Auckland,Give way,,,,,0,0,Urban,0,,,Fine,Null
1756338.7628,5919076.3503,881100,,514200,0,,0,2,,Null,2023/2024,NEWTON ROAD,WINCHESTER STREET,,Non-Injury Crash,No,2024,,South,,0,,Hill Road,,,,,,Bright sun,411800,0,0,0,4,,,0,,,,,,Auckland Region,Nil,2-way,Sealed,,0,0,,50,,Off,0,0,,76,Auckland,Stop,,,,,0,0,Urban,0,,,Fine,None
1757679.9966,5918317.1567,881102,,514302,0,0,0,1,0,South,2023/2024,SOUTHERN MOTORWAY,KHYBER PASS ROAD ON RAMP,,Minor Crash,Yes,2024,0,South,0,0,0,Flat,1,,0,,0,Overcast,442100,1,0,0,4,0,0,0,0,0,,0,0,Auckland Region,Bridge,1-way,Sealed,0,0,0,0,80,0,Off,0,0,,76,Auckland,Nil,0,0,0,0,0,0,Open,0,0,0,Heavy rain,Null
1765903.5696,5901114.9559,881111,,524711,0,,0,2,,South,2022/2023,PALLANT STREET,BURBANK AVENUE,,Minor Crash,No,2023,,North,,0,,Flat,,,,,,Overcast,774602,1,0,0,2,,,0,,,,,,Auckland Region,Nil,2-way,Sealed,,0,0,,50,,Null,0,0,,76,Auckland,Nil,,,,,0,0,Urban,0,,,Fine,Null
1757550.7858,5918833.4818,881121,,514302,0,0,0,2,0,East,2022/2023,CARLTON GORE ROAD,SEAFIELD VIEW ROAD,,Non-Injury Crash,No,2023,0,East,0,0,0,Hill Road,0,,0,,0,Dark,443000,0,0,0,2,0,0,0,0,1,,0,0,Auckland Region,Nil,2-way,Sealed,0,0,0,0,50,0,On,0,0,,76,Auckland,Nil,0,0,0,0,0,0,Urban,0,0,0,Fine,Null
1768643.1624,5911275.7589,881128,,523112,0,,0,1,,North,2024/2025,TRUGOOD DRIVE,CRYERS ROAD,,Non-Injury Crash,No,2024,,East,,0,,Flat,,,,,,Dark,711404,0,0,0,2,,,0,,,,,,Auckland Region,Nil,2-way,Sealed,,0,0,,50,,Null,0,0,,76,Auckland,Nil,,,,,0,0,Urban,0,,,Light rain,Null
1766034.8809,5903794.0394,881129,,524604,0,,0,2,,West,2022/2023,SOUTH-WESTERN MOTORWAY,PLUNKET OBR,,Non-Injury Crash,Yes,2023,,East,,0,,Hill Road,,,,,,Bright sun,780208,0,0,0,2,,,0,,,,,,Auckland Region,Nil,1-way,Sealed,,0,0,,100,,Off,0,0,,76,Auckland,Nil,,,,,0,0,Open,1,,,Fine,Null
1752213.1878,5913161.5238,881132,,514600,0,,0,0,,South,2024/2025,WHITNEY STREET,MAUI POMARE STREET,,Non-Injury Crash,No,2025,,North,,0,,Flat,,,,,,Bright sun,373100,0,0,0,2,,,0,,,,,,Auckland Region,Nil,2-way,Sealed,,0,0,,50,,Off,2,0,,76,Auckland,Nil,,,,,0,0,Urban,0,,,Fine,Null
1756251.8035,5920058.8353,881162,,514000,0,,0,1,,East,2024/2025,WELLINGTON STREET,HEPBURN STREET,,Minor Crash,No,2024,,West,,0,,Hill Road,,,,,,Overcast,413002,1,0,1,2,,,0,,,,,,Auckland Region,Nil,2-way,Sealed,,0,0,,30,,Off,0,0,,76,Auckland,Nil,,,,,0,0,Urban,0,,,Fine,Null
1748354.4927,5970627.8992,881164,,505500,0,,0,1,,Null,2024/2025,HILL STREET,ALBERT ROAD,,Non-Injury Crash,No,2024,,East,,0,,Hill Road,,,,,,Bright sun,140102,0,0,0,2,,,0,,,,,,Auckland Region,Nil,2-way,Sealed,,0,0,,50,,Off,0,0,,76,Auckland,Nil,,,,,0,0,Urban,1,,,Fine,Null
1751952.3556,5915638.6127,881169,,517901,0,1,0,0,0,West,2023/2024,SH 20,MAIORO STREET ON RAMP,,Minor Crash,Yes,2024,0,North,0,0,0,Flat,0,,0,,0,Bright sun,523800,1,0,0,3,0,0,0,0,0,,0,0,Auckland Region,Tunnel,1-way,Sealed,0,0,0,0,80,0,On,0,0,,76,Auckland,Nil,0,0,0,0,1,0,Open,0,0,0,Fine,Null
1760348.2528,5915303.7885,881176,,520202,0,,0,1,,Null,2024/2025,GREAT SOUTH ROAD,MAIN HIGHWAY,,Non-Injury Crash,No,2025,,South,,0,,Flat,,,,,,Bright sun,613200,0,0,0,5,,,0,,,,,,Auckland Region,Nil,2-way,Sealed,,0,0,,50,,Off,0,0,,76,Auckland,Traffic Signals,,,,,0,0,Urban,1,,,Fine,Null
1748472.4896,5913105.6614,881180,,511401,0,0,0,1,0,North,2024/2025,CROYDON ROAD,TITIRANGI ROAD,,Non-Injury Crash,No,2025,0,North,0,0,0,Hill Road,0,,0,,1,Bright sun,262600,0,0,0,2,0,0,0,0,1,,0,0,Auckland Region,Nil,2-way,Sealed,0,0,0,0,50,0,Off,1,0,,76,Auckland,Nil,0,0,0,0,0,0,Urban,0,0,0,Fine,Null
1749558.2637,5945309.9117,881186,,506001,0,,0,1,,South,2024/2025,EAST COAST ROAD,TAVERN ROAD,,Minor Crash,No,2024,,West,,0,,Hill Road,,,,,,Bright sun,175701,1,0,0,3,,,0,,,,,,Auckland Region,Nil,2-way,Sealed,,0,0,,60,,Off,1,0,,76,Auckland,Nil,,,,,0,0,Urban,0,,,Fine,Null
1768064.6573,5905189.9235,881189,,523722,0,,0,2,,Null,2022/2023,TE IRIRANGI DRIVE,DIORELLA DRIVE,,Non-Injury Crash,No,2023,,West,,0,,Flat,,,,,,Bright sun,715801,0,0,0,4,,,0,,,,,,Auckland Region,Nil,2-way,Sealed,,0,0,,50,,Off,0,0,,76,Auckland,Traffic Signals,,,,,0,0,Urban,0,,,Fine,Null
1756865.7443,5926377.8461,881193,,509702,0,,0,1,,North,2022/2023,NORTHERN MOTORWAY,ESMONDE ROAD ON RAMP,,Serious Crash,Yes,2023,,North,,0,,Flat,,,,,,Overcast,364602,0,0,1,4,,,0,,,,,,Auckland Region,Nil,1-way,Sealed,,0,1,,100,,Off,0,0,,76,Auckland,Nil,,,,,0,0,Open,0,,,Light rain,Null
1766701.9728,5905846.2227,881194,,522400,0,,0,2,,Null,2022/2023,ALLENBY ROAD,GREAT SOUTH ROAD,,Non-Injury Crash,No,2023,,North,,0,,Flat,,,,,,Bright sun,671100,0,0,0,2,,,0,,,,,,Auckland Region,Nil,2-way,Sealed,,0,0,,50,,Off,0,0,,76,Auckland,Stop,,,,,0,0,Urban,0,,,Fine,None
1751798.001,5919235.841,881201,,515001,0,0,0,2,0,North,2023/2024,POINT CHEVALIER ROAD,TE RA ROAD,,Minor Crash,No,2023,0,South,0,0,0,Flat,0,,0,,0,Dark,393400,2,0,0,2,0,0,0,0,1,,0,0,Auckland Region,Nil,2-way,Sealed,0,0,0,0,50,0,On,1,0,,76,Auckland,Nil,1,1,0,0,0,0,Urban,0,0,0,Light rain,Null
1756432.994,5919463.6389,881209,,514102,0,0,0,2,0,North,2023/2024,HOWE STREET,MAHON WAY,,Minor Crash,No,2023,0,North,0,0,0,Hill Road,0,,1,,0,Dark,436001,1,0,0,2,0,0,0,0,0,,0,0,Auckland Region,Nil,2-way,Sealed,0,0,0,0,50,0,On,0,0,,76,Auckland,Nil,0,0,0,0,0,0,Urban,0,0,0,Fine,Null
1756505.2765,5919548.3624,881214,,514102,0,,0,2,,South,2024/2025,NELSON STREET OFF RAMP,UNION STREET,,Minor Crash,No,2025,,South,,0,,Hill Road,,,,,,Dark,435500,2,0,0,1,,,0,,,,,,Auckland Region,Motorway ramp,1-way,Sealed,,0,0,,80,,On,0,0,,76,Auckland,Nil,,,,,0,0,Open,0,,,Fine,Null
1769471.384,5901762.5314,881217,,524901,0,,0,2,,Null,2023/2024,HILL ROAD,GRANDE VUE ROAD,,Minor Crash,No,2023,,East,,0,,Flat,,,,,,Bright sun,756000,2,0,0,3,,,0,,,,,,Auckland Region,Nil,2-way,Sealed,,0,0,,50,,Off,0,0,,76,Auckland,Give way,,,,,0,0,Urban,0,,,Fine,Null
1761309.7987,5915210.9597,881222,,520201,0,0,0,3,0,South,2024/2025,LADIES MILE,PUKERANGI CRESCENT,,Non-Injury Crash,No,2025,0,South,0,0,0,Hill Road,0,,0,,0,Bright sun,611000,0,0,0,2,0,0,0,0,2,,0,0,Auckland Region,Nil,2-way,Sealed,0,0,0,0,50,0,Off,1,0,,76,Auckland,Nil,0,0,0,0,0,0,Urban,0,0,0,Fine,Null
1744505.6127,5922538.2468,881228,,513530,0,,0,2,,Null,2024/2025,ROYAL ROAD,ROYAL ROAD ON RAMP,,Serious Crash,No,2024,,West,,0,,Hill Road,,Christmas New Year,,,,Bright sun,225802,1,0,0,3,,,0,,,,,,Auckland Region,Nil,2-way,Sealed,,0,1,,50,,Off,0,0,,76,Auckland,Traffic Signals,,,,,0,0,Urban,0,,,Fine,Null
1756439.9698,5919016.0914,881254,,514200,0,0,0,0,0,North,2023/2024,NORTH-WESTERN MOTORWAY,NEWTON OBR,,Non-Injury Crash,Yes,2024,0,North,0,0,0,Flat,1,,0,,0,Dark,412800,0,0,0,2,0,0,0,0,0,,0,0,Auckland Region,Nil,1-way,Sealed,0,0,0,0,80,0,On,0,0,,76,Auckland,Nil,0,0,0,0,0,0,Open,1,0,0,Heavy rain,Null
1744106.369,5915995.5449,881262,,510800,0,0,0,1,0,South,2024/2025,BORDER ROAD,TABITHA CRESCENT,,Minor Crash,No,2025,0,North,0,0,0,Flat,0,,0,,0,Bright sun,242200,1,0,1,2,0,0,0,0,1,,0,0,Auckland Region,Nil,2-way,Sealed,0,0,0,0,50,0,Off,0,0,,76,Auckland,Nil,0,0,0,0,0,0,Urban,0,0,0,Fine,Null
1757040.4698,5921071.2731,881266,,514101,0,0,0,1,0,West,2024/2025,CUSTOMS STREET WEST,MARKET PLACE,,Minor Crash,No,2025,0,West,0,0,0,Flat,0,,0,,0,Twilight,433004,1,0,1,2,0,0,0,0,1,,0,0,Auckland Region,Nil,2-way,Sealed,0,0,0,0,30,0,On,0,0,,76,Auckland,Nil,0,0,0,0,0,0,Urban,0,0,0,Fine,Null
1729544.7103,5939361.3776,881268,,506800,0,0,0,3,0,South,2024/2025,KOWHAI STREET,MCLEOD STREET,,Minor Crash,No,2025,0,South,0,0,0,Hill Road,0,,0,,0,Dark,209500,1,0,0,2,0,0,0,0,1,,0,0,Auckland Region,Nil,2-way,Sealed,0,0,0,0,50,0,On,0,0,,76,Auckland,Nil,0,0,0,0,0,0,Urban,0,0,0,Fine,Null
1758201.1926,5920244.3936,881274,,514103,0,,1,0,,Null,2023/2024,BEACH ROAD,CHURCHILL STREET,,Non-Injury Crash,No,2024,,East,,0,,Flat,,,,,,Bright sun,438203,0,0,0,4,,,0,,,,,,Auckland Region,Nil,2-way,Sealed,,0,0,,50,,Off,0,0,,76,Auckland,Give way,,,,,1,0,Urban,0,,,Fine,Null
1766106.1722,5907335.3219,881288,,522302,0,,0,1,,East,2023/2024,EAST TAMAKI ROAD,HUIA ROAD,,Non-Injury Crash,No,2024,,West,,0,,Flat,,,,,,Overcast,667700,0,0,1,4,,,0,,,,,,Auckland Region,Nil,2-way,Sealed,,0,0,,50,,Off,1,0,,76,Auckland,Nil,,,,,0,0,Urban,0,,,Light rain,Null
1773725.9786,5897428.8743,881292,,525630,0,0,0,1,0,West,2024/2025,OLD WAIROA ROAD,BUNNYTHORPE ROAD,,Non-Injury Crash,No,2024,0,West,0,0,0,Null,0,,0,,0,Dark,795500,0,0,0,2,0,0,0,0,1,,0,0,Auckland Region,Nil,2-way,Sealed,0,0,0,0,50,0,On,0,0,,76,Auckland,Nil,0,0,0,0,0,0,Urban,1,0,0,Null,Null
1744944.473,5909664.8105,881300,35,512700,0,,0,1,,West,2024/2025,HUIA ROAD,WOODLANDS PARK ROAD,,Non-Injury Crash,No,2024,,East,,0,,Hill Road,,Labour Weekend,,,,Dark,301700,0,0,0,1,,,0,,,,,,Auckland Region,Nil,2-way,Sealed,,0,0,,50,,None,0,0,,76,Auckland,Nil,,,,,0,0,Urban,0,,,Heavy rain,Null
1753143.8446,5933776.6056,881302,,508701,0,0,0,1,0,North,2023/2024,NORTHERN MOTORWAY,GREVILLE ROAD ON RAMP,,Non-Injury Crash,Yes,2024,0,North,0,0,0,Hill Road,1,,0,,0,Dark,178900,0,0,0,4,0,0,0,0,0,,0,0,Auckland Region,Nil,1-way,Sealed,0,0,0,0,100,0,On,0,0,,76,Auckland,Nil,0,0,0,0,0,0,Open,0,0,0,Fine,Null
1746690.6999,5912744.3694,881306,,511002,0,,0,1,,East,2024/2025,GLENGARRY ROAD,AMBLER AVENUE,,Serious Crash,No,2024,,East,,0,,Hill Road,,,,,,Overcast,284400,0,0,0,2,,,0,,,,,,Auckland Region,Nil,2-way,Sealed,,0,1,,50,,Off,0,0,,76,Auckland,Nil,,,,,0,0,Urban,1,,,Heavy rain,Null
1763453.3697,5884402.5181,881324,,521121,0,,0,1,,Null,2023/2024,WOODHOUSE ROAD,CUFF ROAD,,Non-Injury Crash,No,2023,,North,,0,,Flat,,,,,,Unknown,811402,0,0,0,2,,,0,,,,,,Auckland Region,Nil,2-way,Sealed,,0,0,,80,,Off,1,0,,76,Auckland,Give way,,,,,0,0,Open,0,,,Null,None
1743967.1022,5919076.1371,881333,,513302,0,,0,1,,East,2022/2023,LARNOCH ROAD,SWANSON ROAD,,Non-Injury Crash,No,2023,,East,,0,,Flat,,,,,,Overcast,233000,0,0,0,2,,,0,,,,,,Auckland Region,Nil,2-way,Sealed,,0,0,,50,,Off,2,0,,76,Auckland,Nil,,,,,0,0,Urban,0,,,Fine,Null
1765632.6448,5906877.8715,881342,,522301,0,0,0,1,0,Null,2023/2024,GREAT SOUTH ROAD,CHARLES STREET,,Non-Injury Crash,No,2024,0,North,0,0,0,Flat,0,,0,,0,Dark,666900,0,0,0,3,0,0,0,0,1,,0,0,Auckland Region,Nil,2-way,Sealed,0,0,0,0,50,0,On,0,0,,76,Auckland,Stop,0,0,0,0,0,1,Urban,0,0,0,Fine,Null
1768900.1976,5900848.1325,881348,,525001,0,,0,1,,Null,2024/2025,GREAT SOUTH ROAD,ALFRISTON ROAD,,Non-Injury Crash,No,2024,,South,,0,,Flat,,,,,,Bright sun,751600,0,0,0,3,,,0,,,,,,Auckland Region,Nil,2-way,Sealed,,0,0,,50,,On,0,0,,76,Auckland,Traffic Signals,,,,,0,1,Urban,0,,,Fine,None
1754165.277,5920652.6363,881358,,515201,0,,0,1,,North,2024/2025,MASONS AVENUE,JERVOIS ROAD,,Non-Injury Crash,No,2024,,South,,0,,Null,,,,,,Bright sun,421900,0,0,0,2,,,0,,,,,,Auckland Region,Nil,2-way,Sealed,,0,0,,50,,Null,0,0,,76,Auckland,Nil,,,,,0,0,Urban,1,,,Fine,Null
1767141.3047,5899049.6063,881366,,524812,0,0,0,1,0,West,2024/2025,MAHIA ROAD,CADE PLACE,,Minor Crash,No,2025,0,West,0,0,1,Flat,0,,0,,0,Overcast,774104,2,0,0,2,0,0,0,0,0,,0,0,Auckland Region,Nil,2-way,Sealed,0,0,0,0,50,0,None,0,0,,76,Auckland,Nil,0,0,0,1,0,0,Urban,0,0,0,Fine,Null
1768020.2776,5905185.4492,881368,,523722,0,,0,2,,West,2024/2025,TE IRIRANGI DRIVE,DIORELLA DRIVE,,Non-Injury Crash,No,2024,,East,,0,,Flat,,,,,,Overcast,715701,0,0,0,3,,,0,,,,,,Auckland Region,Nil,1-way,Sealed,,0,0,,50,,None,0,0,,76,Auckland,Nil,,,,,0,0,Urban,0,,,Fine,Null
1760846.1258,5914638.8147,881372,,519500,0,,0,2,,North,2023/2024,GREAT SOUTH ROAD,MAREI ROAD,,Non-Injury Crash,No,2024,,North,,0,,Flat,,,,,,Bright sun,620400,0,0,0,4,,,0,,,,,,Auckland Region,Nil,2-way,Sealed,,0,0,,50,,Off,0,0,,76,Auckland,Nil,,,,,0,0,Urban,0,,,Fine,Null
1762669.705,5905551.1554,881374,45,524200,0,,0,1,,Null,2024/2025,PORTAGE ROAD,TIDAL ROAD,,Serious Crash,No,2025,,West,,0,,Flat,,,,,,Overcast,729100,0,0,0,2,,,0,,,,,,Auckland Region,Nil,2-way,Sealed,,0,3,,50,,None,0,0,,76,Auckland,Nil,,,,,1,0,Urban,0,,,Light rain,Strong wind
1759756.6703,5909103.5721,881376,,524002,0,,0,2,,North,2023/2024,SOUTH-WESTERN MOTORWAY,WALMSLEY ROAD OFF RAMP,,Non-Injury Crash,Yes,2024,,South,,0,,Null,,,,,,Bright sun,724102,0,0,0,3,,,0,,,,,,Auckland Region,Nil,1-way,Sealed,,0,0,,100,,Off,0,0,,76,Auckland,Nil,,,,,0,0,Open,0,,,Fine,Null
1754746.5274,5917263.5237,881382,,517701,0,,0,2,,Null,2024/2025,KENNETH AVENUE,LESLIE AVENUE,,Non-Injury Crash,No,2024,,South,,0,,Flat,,,,,,Overcast,535600,0,0,0,2,,,0,,,,,,Auckland Region,Nil,2-way,Sealed,,0,0,,50,,Off,0,0,,76,Auckland,Give way,,,,,0,0,Urban,0,,,Light rain,Null
1765420.8382,5916808.9623,881385,,517100,0,0,0,2,0,South,2023/2024,LINE ROAD,MAYBURY STREET,,Minor Crash,No,2023,0,North,0,0,0,Flat,0,,0,,0,Bright sun,477000,1,0,0,2,0,0,0,0,1,,0,0,Auckland Region,Nil,2-way,Sealed,0,0,0,0,30,0,Off,0,0,,76,Auckland,Nil,0,0,0,0,0,0,Urban,0,0,0,Fine,Null
1770923.7786,5898931.7218,881389,,523911,0,0,0,2,0,East,2022/2023,STATION ROAD,PRINCESS STREET,,Minor Crash,No,2023,0,West,0,0,0,Flat,0,,0,,0,Dark,766800,1,0,0,2,0,0,0,0,1,,0,0,Auckland Region,Nil,2-way,Sealed,0,0,0,0,50,0,On,0,0,,76,Auckland,Nil,0,0,0,0,0,0,Urban,0,0,0,Fine,Null
1761060.8247,5915035.1715,881392,,520201,0,,0,3,,South,2023/2024,SOUTHERN MOTORWAY,MAIN OBR,,Non-Injury Crash,Yes,2024,,North,,0,,Flat,,,,,,Overcast,613500,0,0,0,4,,,0,,,,,,Auckland Region,Nil,1-way,Sealed,,0,0,,100,,Off,0,0,,76,Auckland,Nil,,,,,0,0,Open,0,,,Fine,Null
1751819.5696,5930342.1796,881394,,509100,0,,0,2,,Null,2023/2024,UPPER HARBOUR MOTORWAY,ALBANY HIGHWAY OFF RAMP,,Non-Injury Crash,Yes,2024,,North,,0,,Flat,,,,,,Overcast,181003,0,0,0,3,,,0,,,,,,Auckland Region,Nil,1-way,Sealed,,0,0,,100,,Off,0,0,,76,Auckland,Nil,,,,,0,0,Open,1,,,Fine,Null
1769280.2148,5881401.7078,881396,,525910,0,0,0,0,0,North,2024/2025,FRANKLIN ROAD,STADIUM DRIVE,,Non-Injury Crash,No,2024,0,South,0,0,0,Hill Road,0,,0,,1,Dark,817300,0,0,0,2,0,0,0,0,0,,0,0,Auckland Region,Nil,2-way,Sealed,0,0,0,0,50,0,On,0,0,,76,Auckland,Nil,0,0,0,0,0,0,Urban,1,0,0,Fine,Null
1764522.1049,5904472.2259,881404,,522100,0,0,0,0,0,Null,2023/2024,PUHINUI ROAD,NOEL BURNSIDE ROAD,,Non-Injury Crash,No,2023,0,North,0,0,0,Flat,0,,0,,0,Bright sun,659400,0,0,0,2,0,0,0,0,0,,0,0,Auckland Region,Nil,2-way,Sealed,0,0,0,0,50,0,Off,1,0,,76,Auckland,Give way,0,0,0,0,0,0,Urban,1,1,0,Fine,None
1760424.71,5906162.7052,881407,,524200,0,,0,2,,Null,2022/2023,MASSEY ROAD,PENINSULA ROAD,,Minor Crash,No,2023,,West,,0,,Flat,,,,,,Dark,728613,1,0,0,2,,,0,,,,,,Auckland Region,Nil,2-way,Sealed,,0,0,,50,,On,0,0,,76,Auckland,Give way,,,,,0,0,Urban,0,,,Fine,Null
1752638.9063,5946867.7038,881408,,506001,0,0,0,0,0,West,2024/2025,WHANGAPARAOA ROAD,MATHESON ROAD,,Minor Crash,No,2024,0,South,0,0,0,Flat,0,,0,,0,Bright sun,175501,1,0,1,4,0,0,0,0,0,,0,0,Auckland Region,Nil,2-way,Sealed,0,0,0,0,50,0,Off,0,0,,76,Auckland,Nil,1,1,0,0,0,0,Urban,0,0,0,Fine,Null
1765701.7755,5901424.4552,881410,,524604,0,,0,2,,Null,2022/2023,BROWNS ROAD,ROSCOMMON ROAD,,Non-Injury Crash,No,2023,,West,,0,,Flat,,,,,,Overcast,781302,0,0,0,3,,,0,,,,,,Auckland Region,Nil,2-way,Sealed,,0,0,,50,,None,0,0,,76,Auckland,Give way,,,,,0,0,Urban,0,,,Light rain,None
1753768.9999,5911797.9961,881416,,518902,0,0,0,2,0,Null,2022/2023,HILLSBOROUGH ROAD,LINDEN STREET,,Non-Injury Crash,No,2023,0,Null,0,0,0,Flat,0,,0,,0,Bright sun,587500,0,0,0,4,0,0,0,0,1,,0,0,Auckland Region,Nil,2-way,Sealed,0,0,0,0,50,0,Off,0,0,,76,Auckland,Stop,0,0,0,0,0,0,Urban,0,0,0,Fine,None
1757027.2395,5920006.4571,881420,,514102,0,,1,1,,South,2022/2023,MAYORAL DRIVE,MAYORAL DRIVE,,Non-Injury Crash,No,2023,,North,,0,,Flat,,Christmas New Year,,,,Bright sun,434902,0,0,0,2,,,0,,,,,,Auckland Region,Nil,2-way,Sealed,,0,0,,50,,Off,0,0,,76,Auckland,Nil,,,,,0,0,Urban,0,,,Fine,None
1752894.3254,5916622.2239,881422,,517800,0,,0,2,,Null,2024/2025,NEW NORTH ROAD,MOUNT ALBERT ROAD,,Non-Injury Crash,No,2024,,West,,0,,Null,,,,,,Overcast,527500,0,0,0,4,,,0,,,,,,Auckland Region,Nil,2-way,Sealed,,0,0,,50,,Off,0,0,,76,Auckland,Traffic Signals,,,,,0,0,Urban,0,,,Light rain,Null
1764886.7174,5905984.764,881442,,522201,0,,0,2,,Null,2023/2024,RANGITOTO ROAD,DETRO STREET,,Minor Crash,No,2024,,North,,0,,Flat,,,,,,Bright sun,663100,1,0,0,2,,,0,,,,,,Auckland Region,Nil,2-way,Sealed,,0,0,,50,,Off,0,0,,76,Auckland,Give way,,,,,0,0,Urban,0,,,Fine,Null
1768676.6609,5901140.9391,881449,,524901,0,,0,2,,Null,2022/2023,HILL ROAD,NEWHOOK LANE,,Non-Injury Crash,No,2023,,East,,0,,Flat,,,,,,Dark,756600,0,0,0,3,,,0,,,,,,Auckland Region,Nil,2-way,Sealed,,0,0,,50,,On,0,0,,76,Auckland,Give way,,,,,0,0,Urban,0,,,Fine,Null
1763477.3071,5909633.8995,881454,,521901,0,,0,1,,North,2023/2024,STATION ROAD,MARJORIE JAYNE CRESCENT,,Non-Injury Crash,No,2024,,North,,0,,Flat,,,,,,Overcast,782900,0,0,0,2,,,0,,,,,,Auckland Region,Nil,2-way,Sealed,,0,0,,50,,Off,0,0,,76,Auckland,Nil,,,,,2,0,Urban,0,,,Fine,Null
1747817.0257,5926502.6783,881457,,513431,0,0,0,2,0,Null,2022/2023,CONTACT LANE,MAPOU ROAD,,Non-Injury Crash,No,2023,0,North,0,0,0,Flat,0,,0,,0,Bright sun,222100,0,0,0,2,0,0,0,0,1,,0,0,Auckland Region,Nil,2-way,Sealed,0,0,0,0,50,0,Off,0,0,,76,Auckland,Nil,0,0,0,0,0,0,Urban,0,0,0,Fine,Null
1758733.4264,5911421.3218,881470,,519820,0,,0,1,,Null,2024/2025,ONEHUNGA HARBOUR ROAD OFF RAMP,ONEHUNGA HARBOUR ROAD,,Non-Injury Crash,No,2025,,West,,0,,Hill Road,,,,,,Bright sun,602402,0,0,0,1,,,0,,,,,,Auckland Region,Nil,1-way,Sealed,,0,0,,50,,Off,0,0,,76,Auckland,Give way,,,,,0,0,Urban,0,,,Mist or Fog,Null