X,Y,OBJECTID,advisorySpeed,areaUnitID,bicycle,bridge,bus,carStationWagon,cliffBank,crashDirectionDescription,crashFinancialYear,crashLocation1,crashLocation2,crashRoadSideRoad,crashSeverity,crashSHDescription,crashYear,debris,directionRoleDescription,ditch,fatalCount,fence,flatHill,guardRail,holiday,houseOrBuilding,intersection,kerb,light,meshblockId,minorInjuryCount,moped,motorcycle,NumberOfLanes,objectThrownOrDropped,otherObject,otherVehicleType,overBank,parkedVehicle,pedestrian,phoneBoxEtc,postOrPole,region,roadCharacter,roadLane,roadSurface,roadworks,schoolBus,seriousInjuryCount,slipOrFlood,speedLimit,strayAnimal,streetLight,suv,taxi,temporarySpeedLimit,tlaId,tlaName,trafficControl,trafficIsland,trafficSign,train,tree,truck,unknownVehicleType,urban,vanOrUtility,vehicle,waterRiver,weatherA,weatherB
1749415.8493,5969680.33,881471,,505500,0,0,0,1,0,North,2022/2023,PULHAM ROAD,EARLSWAY,,Non-Injury Crash,No,2023,0,South,0,0,0,Flat,0,,0,,0,Dark,141302,0,0,0,2,0,0,0,0,1,,0,1,Auckland Region,Nil,2-way,Sealed,0,0,0,0,50,0,On,0,0,,76,Auckland,Nil,0,0,0,0,0,0,Urban,1,0,0,Fine,Null
1758942.9305,5912427.7244,881472,,519820,0,0,0,2,0,Null,2024/2025,ARTHUR STREET,GERRARD BEESON PLACE,,Non-Injury Crash,No,2025,0,West,0,0,1,Flat,0,Easter,0,,0,Bright sun,600800,0,0,0,2,0,0,0,0,0,,0,0,Auckland Region,Nil,2-way,Sealed,0,0,0,0,50,0,Off,0,0,,76,Auckland,Give way,0,0,0,0,0,0,Urban,0,0,0,Fine,Null
1743711.0752,5919363.4212,881474,,513212,0,,0,1,,Null,2024/2025,UNIVERSAL DRIVE,SWANSON ROAD,,Non-Injury Crash,No,2025,,South,,0,,Flat,,,,,,Bright sun,235600,0,0,0,1,,,0,,,,,,Auckland Region,Nil,1-way,Sealed,,0,0,,50,,Off,0,0,,76,Auckland,Give way,,,,,0,0,Urban,1,,,Fine,Null
1765187.0517,5909643.3406,881478,,521803,0,,0,1,,South,2024/2025,SOUTHERN MOTORWAY,TRENWITH OBR,,Non-Injury Crash,Yes,2024,,South,,0,,Flat,,,,,,Dark,788500,0,0,0,4,,,0,,,,,,Auckland Region,Nil,1-way,Sealed,,0,0,,100,,On,0,0,,76,Auckland,Nil,,,,,1,0,Open,0,,,Fine,Null
1764351.0131,5903974.208,881482,,524604,0,0,0,1,0,South,2024/2025,SOUTH-WESTERN MOTORWAY,CAVENDISH DRIVE ON RAMP,,Non-Injury Crash,Yes,2025,0,North,0,0,0,Hill Road,0,,0,,0,Bright sun,781100,0,0,0,4,0,1,0,0,0,,0,0,Auckland Region,Motorway ramp,2-way,Sealed,0,0,0,0,100,0,Off,0,0,,76,Auckland,Nil,0,0,0,0,1,0,Open,0,0,0,Fine,Null
1768465.8735,5903884.1284,881485,,523820,0,0,0,1,0,Null,2023/2024,DE HAVILLAND DRIVE,MEDITERRANEAN WAY,,Minor Crash,No,2023,0,North,0,0,0,Hill Road,0,,0,,1,Overcast,760140,1,0,0,2,0,0,0,0,0,,0,0,Auckland Region,Nil,2-way,Sealed,0,0,0,0,50,0,Off,0,0,30,76,Auckland,Nil,0,0,0,1,0,0,Urban,0,0,0,Fine,Null
1755476.1221,5880970.8991,881488,,521152,0,0,0,0,0,South,2025/2026,GLENBROOK-WAIUKU ROAD,BROOKSIDE ROAD,,Minor Crash,No,2025,0,North,1,0,0,Hill Road,0,,0,,0,Dark,834200,1,0,0,2,0,0,0,0,0,,0,0,Auckland Region,Nil,2-way,Sealed,0,0,0,0,60,0,On,0,0,,76,Auckland,Nil,0,0,0,1,0,0,Urban,1,0,0,Mist or Fog,Null
1751597.8728,5916694.5462,881494,,514900,0,,0,2,,North,2024/2025,GREAT NORTH ROAD,FAIRLANDS AVENUE,,Non-Injury Crash,No,2024,,South,,0,,Flat,,,,,,Overcast,384705,0,0,0,5,,,0,,,,,,Auckland Region,Nil,2-way,Sealed,,0,0,,50,,None,0,0,,76,Auckland,Nil,,,,,0,0,Urban,0,,,Fine,Null
1756224.6104,5920545.5584,881495,,514000,0,,0,1,,West,2022/2023,VICTORIA STREET WEST,FRANKLIN ROAD,,Non-Injury Crash,No,2023,,West,,0,,Flat,,,,,,Overcast,416600,0,0,0,4,,,0,,,,,,Auckland Region,Nil,2-way,Sealed,,0,0,,30,,Off,1,0,,76,Auckland,Nil,,,,,0,0,Urban,0,,,Fine,Null
1771024.3315,5910885.2017,881496,,523109,0,0,0,3,0,North,2024/2025,KILKENNY DRIVE,WESTERHAM DRIVE,,Non-Injury Crash,No,2025,0,North,0,0,0,Flat,0,,0,,0,Twilight,712009,0,0,0,2,0,0,0,0,2,,0,0,Auckland Region,Nil,2-way,Sealed,0,0,0,0,50,0,On,0,0,,76,Auckland,Give way,0,0,0,0,0,0,Urban,0,0,0,Fine,Null
1770078.0083,5902007.8423,881497,,523814,0,0,0,2,0,West,2022/2023,HILL ROAD,CHARLES PREVOST DRIVE,,Non-Injury Crash,No,2023,0,South,0,0,0,Flat,0,,0,,0,Dark,759514,0,0,0,2,0,0,0,0,0,,0,0,Auckland Region,Nil,2-way,Sealed,0,0,0,0,50,0,On,0,0,,76,Auckland,Nil,0,0,0,0,0,0,Urban,0,1,0,Fine,Null
1761086.1046,5918387.3371,881499,,516201,0,,1,1,,Null,2022/2023,ORAKEI ROAD,SHORE ROAD,,Non-Injury Crash,No,2023,,North,,0,,Flat,,,,,,Bright sun,486000,0,0,0,2,,,0,,,,,,Auckland Region,Nil,2-way,Sealed,,0,0,,50,,Off,0,0,,76,Auckland,Give way,,,,,0,0,Urban,0,,,Fine,Null
1769210.1004,5899681.3042,881500,,525002,0,0,0,1,0,Null,2024/2025,MAHIA ROAD,CHRISTMAS ROAD,,Non-Injury Crash,No,2024,0,East,0,0,1,Flat,0,,0,,1,Dark,754100,0,0,0,2,0,0,0,0,0,,0,0,Auckland Region,Nil,2-way,Sealed,0,0,0,0,50,0,On,0,0,,76,Auckland,Stop,0,0,0,0,0,0,Urban,0,0,0,Fine,Null
1758846.2238,5905368.4744,881502,,524200,0,,0,2,,North,2024/2025,GEORGE BOLT MEMORIAL DRIVE,LANDING DRIVE,,Non-Injury Crash,Yes,2025,,North,,0,,Flat,,,,,,Bright sun,726500,0,0,0,2,,,0,,,,,,Auckland Region,Nil,2-way,Sealed,,0,0,,100,,Off,0,0,,76,Auckland,Nil,,,,,0,0,Open,0,,,Fine,Null
1758664.6689,5912051.6185,881503,,519810,0,,0,1,,Null,2022/2023,OFF ROAD - DRIVEWAY,,,Minor Crash,No,2023,,East,,0,,Flat,,,,,,Bright sun,601600,1,0,0,,,,0,,,1,,,Auckland Region,Nil,Off road,Sealed,,0,0,,,,Null,0,0,,76,Auckland,Nil,,,,,0,0,Urban,0,,,Fine,Null
1760022.7137,5908314.3514,881504,,524403,0,,0,1,,North,2025/2026,SOUTH-WESTERN MOTORWAY,HALL FTBR,,Non-Injury Crash,Yes,2025,,South,,0,,Flat,,,,,,Bright sun,729800,0,0,0,2,,,0,,,,,,Auckland Region,Nil,1-way,Sealed,,0,0,,100,,Off,1,0,,76,Auckland,Nil,,,,,1,0,Open,0,,,Fine,Null
1762041.2081,5916308.456,881517,,516302,0,0,0,2,0,North,2022/2023,KORAHA STREET,BADEN POWELL PLACE,,Minor Crash,No,2023,0,North,0,0,0,Flat,0,,0,,0,Dark,463500,1,0,0,2,0,0,0,0,2,,0,0,Auckland Region,Nil,2-way,Sealed,0,0,0,0,50,0,On,1,0,,76,Auckland,Nil,0,0,0,0,0,0,Urban,0,0,0,Light rain,Null
1744266.4176,5924940.4271,881518,,513431,0,,0,2,,West,2024/2025,UPPER HARBOUR MOTORWAY,TRIG OBR,,Non-Injury Crash,Yes,2024,,West,,0,,Flat,,,,,,Dark,223902,0,0,0,2,,,0,,,,,,Auckland Region,Nil,1-way,Sealed,,0,0,,100,,On,0,0,,76,Auckland,Nil,,,,,0,0,Open,0,,,Light rain,Null
1755051.2742,5914401.0399,881522,,518500,0,,0,2,,South,2023/2024,MOUNT ALBERT ROAD,MAY ROAD,,Non-Injury Crash,No,2024,,South,,0,,Flat,,,,,,Dark,560900,0,0,0,2,,,0,,,,,,Auckland Region,Nil,2-way,Sealed,,0,0,,50,,Off,0,0,,76,Auckland,Nil,,,,,0,0,Urban,0,,,Null,Null
1757081.3253,5919115.1224,881523,,514200,0,,0,1,,West,2022/2023,SOUTHERN MOTORWAY,SYMONDS OBR,,Non-Injury Crash,Yes,2023,,South,,0,,Flat,,,,,,Overcast,412302,0,0,0,4,,,0,,,,,,Auckland Region,Underpass,1-way,Sealed,,0,0,,80,,None,0,0,,76,Auckland,Nil,,,,,1,0,Open,0,,,Fine,Null
1745456.2644,5920668.9975,881532,,513301,0,,0,2,,Null,2024/2025,LINCOLN ROAD,LINCOLN ROAD OFF RAMP,,Minor Crash,No,2025,,North,,0,,Flat,,,,,,Dark,231700,2,0,0,6,,,0,,,,,,Auckland Region,Motorway ramp,2-way,Sealed,,0,0,,50,,On,0,0,,76,Auckland,Traffic Signals,,,,,0,0,Urban,0,,,Light rain,Null
1771573.8616,5915588.2335,881538,,521501,0,,0,2,,North,2024/2025,MONTRESSOR PLACE,CASTLETON DRIVE,,Serious Crash,No,2025,,South,,0,,Hill Road,,,,,,Bright sun,651000,0,0,0,2,,,0,,,1,,,Auckland Region,Nil,2-way,Sealed,,0,1,,30,,Off,0,0,,76,Auckland,Nil,,,,,0,0,Urban,0,,,Fine,Null
1788281.6367,5926566.1624,881540,,520801,0,,0,0,,North,2025/2026,MAN O'WAR BAY ROAD,WAIHEKE ROAD,,Minor Crash,No,2025,,South,,0,,Flat,,,,,,Bright sun,515703,1,1,0,2,,,0,,,,,,Auckland Region,Nil,2-way,Unsealed,,0,0,,60,,None,0,0,,76,Auckland,Nil,,,,,0,0,Urban,0,,,Fine,Null
1752855.7624,5913643.7589,881544,,514500,0,0,0,2,0,West,2023/2024,DALLAS PLACE,NEW WINDSOR ROAD,,Non-Injury Crash,No,2023,0,East,0,0,0,Flat,0,,0,,0,Twilight,374400,0,0,0,2,0,0,0,0,1,,0,0,Auckland Region,Nil,2-way,Sealed,0,0,0,0,50,0,None,0,0,,76,Auckland,Nil,0,0,0,0,0,0,Urban,0,0,0,Fine,None
1765241.7832,5909507.8156,881545,,521803,0,0,0,0,0,North,2023/2024,SOUTHERN MOTORWAY,TAMAKI RIV BR,,Minor Crash,Yes,2023,0,South,0,0,0,Flat,1,,0,,0,Dark,788500,1,0,0,4,0,0,0,0,0,,0,0,Auckland Region,Nil,1-way,Sealed,0,0,0,0,100,0,On,1,0,,76,Auckland,Nil,0,0,0,0,0,0,Open,0,0,0,Fine,Null
1756264.0127,5927065.248,881552,,507900,0,,0,2,,South,2024/2025,NORTHCOTE ROAD,NORTHCOTE ROAD OFF RAMP,,Non-Injury Crash,No,2025,,South,,0,,Hill Road,,,,,,Dark,305201,0,0,0,4,,,0,,,,,,Auckland Region,Nil,2-way,Sealed,,0,0,,50,,On,0,0,,76,Auckland,Nil,,,,,0,0,Urban,0,,,Fine,Null
1752215.9118,5918018.9111,881555,,515001,0,0,0,1,0,West,2022/2023,NORTH-WESTERN MOTORWAY,SH 20,,Minor Crash,Yes,2023,0,East,0,0,0,Flat,1,,0,,0,Dark,392400,3,0,0,3,0,0,0,0,0,,0,0,Auckland Region,Nil,1-way,Sealed,0,0,0,0,100,0,On,0,0,,76,Auckland,Nil,0,0,0,0,0,0,Open,0,0,0,Fine,Null
1757757.9928,5914005.4953,881558,,518600,0,,0,1,,Null,2024/2025,PAH ROAD,BECKENHAM AVENUE,,Non-Injury Crash,No,2024,,South,,0,,Flat,,,,,,Dark,566700,0,0,0,4,,,0,,,,,,Auckland Region,Speed hump,2-way,Sealed,,0,0,,50,,On,0,0,,76,Auckland,Stop,,,,,0,0,Urban,0,,,Light rain,Null
1759937.8176,5915808.3897,881559,,516002,0,,0,1,,North,2022/2023,GREEN LANE EAST,GREAT SOUTH ROAD,,Minor Crash,No,2023,,North,,0,,Flat,,,,,,Bright sun,494100,1,0,1,2,,,0,,,,,,Auckland Region,Nil,1-way,Sealed,,0,0,,50,,Off,0,0,,76,Auckland,Nil,,,,,0,0,Urban,0,,,Fine,Null
1767389.5687,5887374.5883,881561,,521122,0,,0,1,,South,2022/2023,PAERATA ROAD,WESLEY COLLEGE NORTH,,Non-Injury Crash,Yes,2023,,North,,0,,Flat,,,,,,Overcast,812900,0,0,0,2,,,0,,,,,,Auckland Region,Nil,2-way,Sealed,,0,0,,80,,Off,0,0,,76,Auckland,Nil,,,,,0,0,Open,1,,,Fine,Null
1773450.6642,5897493.0502,881562,,525630,0,0,0,2,0,North,2025/2026,GROVE ROAD,SUNBURST STREET,,Minor Crash,No,2025,0,North,0,0,0,Flat,0,,0,,0,Bright sun,793900,1,0,0,2,0,0,0,0,1,,0,0,Auckland Region,Nil,2-way,Sealed,0,0,0,0,50,0,Off,0,0,,76,Auckland,Nil,0,0,0,0,0,0,Urban,0,0,0,Light rain,Null
1735899.1758,5985365.8203,881564,,506660,0,0,0,1,0,North,2024/2025,SH 1,BOSHER ROAD,,Serious Crash,Yes,2025,0,North,0,0,0,Flat,0,,0,,0,Dark,143800,0,0,0,2,0,0,0,0,0,,0,1,Auckland Region,Nil,2-way,Sealed,0,0,1,0,100,0,On,0,0,,76,Auckland,Nil,0,0,0,0,0,0,Open,0,0,0,Fine,Null
1767119.5917,5901140.8534,881574,,524712,0,,0,2,,Null,2023/2024,SWALLOW DRIVE,SUNLANDS DRIVE,,Non-Injury Crash,No,2023,,South,,0,,Flat,,,,,,Twilight,777201,0,0,0,2,,,0,,,,,,Auckland Region,Nil,2-way,Sealed,,0,0,,30,,On,0,0,,76,Auckland,Nil,,,,,0,0,Urban,0,,,Fine,Null
1766714.6809,5903310.311,881578,,524604,0,0,0,3,0,North,2023/2024,HOBILL AVENUE,JOVAL PLACE,,Non-Injury Crash,No,2024,0,South,0,0,0,Flat,0,,0,,0,Bright sun,780403,0,0,0,2,0,0,0,0,1,,0,0,Auckland Region,Nil,2-way,Sealed,0,0,0,0,50,0,Off,0,0,,76,Auckland,Nil,0,0,0,0,0,0,Urban,1,0,0,Fine,Null
1768095.6958,5903266.4979,881584,,524602,0,,0,1,,Null,2024/2025,GREAT SOUTH ROAD,KERRS ROAD,,Non-Injury Crash,No,2025,,North,,0,,Null,,,,,,Bright sun,780407,0,0,0,1,,,0,,,,,,Auckland Region,Nil,1-way,Sealed,,0,0,,50,,Null,0,0,,76,Auckland,Give way,,,,,0,1,Urban,0,,,Fine,Null
1770964.0144,5914071.4805,881585,,523101,0,0,0,1,0,North,2022/2023,BOTANY ROAD,ANDREW ROAD,,Non-Injury Crash,No,2023,0,North,0,0,0,Flat,0,,0,,1,Twilight,647605,0,0,0,2,0,0,0,0,0,,0,0,Auckland Region,Nil,2-way,Sealed,0,0,0,0,50,0,On,0,0,,76,Auckland,Nil,0,0,0,1,0,0,Urban,0,0,0,Fine,Null
1750996.9368,5944250.304,881594,45,506003,0,0,0,1,1,East,2023/2024,DUCK CREEK ROAD,SPUR ROAD,,Minor Crash,No,2024,0,North,0,0,0,Hill Road,0,Queens Birthday,0,,0,Dark,175702,1,0,0,2,0,0,0,1,0,,0,0,Auckland Region,Nil,2-way,Sealed,0,0,0,0,80,0,None,0,0,,76,Auckland,Nil,0,0,0,0,0,0,Open,0,0,0,Fine,Null
1759130.8557,5916828.9469,881600,,516001,0,0,0,1,0,North,2024/2025,SOUTHERN MOTORWAY,MARKET OBR,,Non-Injury Crash,Yes,2024,0,North,0,0,0,Flat,1,,0,,0,Dark,491200,0,0,0,3,0,0,0,0,0,,0,0,Auckland Region,Nil,1-way,Sealed,0,0,0,0,100,0,On,0,0,,76,Auckland,Nil,0,0,0,0,0,0,Open,1,0,0,Fine,Null
1760465.1486,5908925.168,881604,,524404,0,,0,1,,Null,2024/2025,FAVONA ROAD,ROBERTSON ROAD,,Non-Injury Crash,No,2024,,West,,0,,Flat,,,,,,Dark,730001,0,0,0,4,,,0,,,,,,Auckland Region,Nil,2-way,Sealed,,0,0,,50,,Off,0,0,,76,Auckland,Traffic Signals,,,,,1,0,Urban,0,,,Fine,Null
1736149.0763,5942586.5271,881607,,506646,0,1,0,1,1,East,2022/2023,DORMER ROAD,PEAK ROAD,,Non-Injury Crash,No,2023,0,North,0,0,0,Hill Road,0,,0,,0,Bright sun,211700,0,0,0,2,0,0,0,0,0,,0,0,Auckland Region,Bridge,2-way,Unsealed,0,0,0,0,60,0,None,0,0,,76,Auckland,Nil,0,0,0,0,0,0,Urban,0,0,0,Fine,Null
1766709.6887,5905364.7337,881610,,522400,0,,0,2,,West,2023/2024,PUHINUI ROAD,EDORVALE AVENUE,,Minor Crash,No,2024,,West,,0,,Flat,,,,,,Dark,671503,1,0,0,2,,,0,,,,,,Auckland Region,Nil,2-way,Sealed,,0,0,,50,,On,0,0,,76,Auckland,Nil,,,,,0,0,Urban,0,,,Fine,Null
1766777.1687,5901858.9374,881612,,524712,0,,0,1,,Null,2024/2025,BROWNS ROAD,RUSSELL ROAD,,Non-Injury Crash,No,2024,,East,,0,,Flat,,,,,,Overcast,779100,0,0,0,4,,,0,,,,,,Auckland Region,Nil,2-way,Sealed,,0,0,,50,,Off,0,0,,76,Auckland,Traffic Signals,,,,,0,0,Urban,1,,,Fine,Null
1764478.8687,5905441.7777,881615,,522100,0,0,0,3,0,West,2022/2023,ROMFORD ROAD,WYLLIE ROAD,,Non-Injury Crash,No,2023,0,East,0,0,0,Flat,0,,0,,0,Overcast,657900,0,0,0,2,0,0,0,0,1,,0,0,Auckland Region,Nil,2-way,Sealed,0,0,0,0,50,0,Off,0,0,,76,Auckland,Nil,0,0,0,1,0,0,Urban,0,0,0,Light rain,Null
1761599.9586,5907774.6156,881617,,524520,0,,0,0,,Null,2022/2023,WICKMAN WAY,CHELBURN CRESCENT,,Minor Crash,No,2023,,North,,0,,Flat,,,,,,Bright sun,734300,1,0,1,2,,,0,,,,,,Auckland Region,Nil,2-way,Sealed,,0,0,,50,,Null,0,0,,76,Auckland,Give way,,,,,0,0,Urban,0,,,Fine,Null
1770265.4029,5898866.8497,881620,,523920,0,0,0,1,0,South,2024/2025,BEAUMARIS WAY,TULLOCH PLACE,,Non-Injury Crash,No,2024,0,South,0,0,1,Flat,0,,0,,0,Dark,768008,0,0,0,2,0,0,0,0,0,,0,0,Auckland Region,Nil,2-way,Sealed,0,0,0,0,50,0,On,0,0,30,76,Auckland,Nil,0,0,0,0,0,0,Urban,0,0,0,Fine,Null
1755924.7975,5918541.2459,881625,,515500,0,,0,2,,South,2023/2024,NORTH-WESTERN MOTORWAY,NEWTON ROAD OFF RAMP,,Minor Crash,Yes,2023,,North,,0,,Flat,,,,,,Overcast,418500,1,0,0,4,,,0,,,,,,Auckland Region,Motorway ramp,1-way,Sealed,,0,0,,80,,Off,0,0,,76,Auckland,Nil,,,,,0,0,Open,0,,,Light rain,Null
1757871.4211,5918732.0419,881626,,517400,0,,0,1,,Null,2024/2025,PARK ROAD,CARLTON GORE ROAD,,Minor Crash,No,2024,,North,,0,,Flat,,,,,,Bright sun,450100,1,1,0,2,,,0,,,,,,Auckland Region,Nil,2-way,Sealed,,0,0,,50,,Off,0,0,,76,Auckland,Traffic Signals,,,,,0,0,Urban,0,,,Fine,Null
1756496.0872,5916004.0467,881627,,518202,1,,0,1,,Null,2023/2024,BALMORAL ROAD,RUAPEHU STREET,,Serious Crash,No,2023,,West,,0,,Hill Road,,,,,,Dark,551600,0,0,0,4,,,0,,,,,,Auckland Region,Nil,2-way,Sealed,,0,1,,50,,On,0,0,,76,Auckland,Stop,,,,,0,0,Urban,0,,,Fine,Null
1759886.8004,5908663.9628,881632,,524403,0,0,0,1,0,South,2024/2025,SOUTH-WESTERN MOTORWAY,WALMSLEY OBR,,Minor Crash,Yes,2024,0,South,0,0,0,Flat,1,,0,,0,Dark,729800,1,0,0,3,0,0,0,0,0,,0,0,Auckland Region,Nil,1-way,Sealed,0,0,0,0,100,0,On,0,0,,76,Auckland,Nil,0,0,0,0,0,0,Open,0,0,0,Fine,Null
1773358.8937,5896582.1074,881636,,525620,0,,0,0,,Null,2022/2023,CLEVEDON ROAD,KEENEY COURT,,Non-Injury Crash,No,2023,,South,,0,,Hill Road,,Queens Birthday,,,,Bright sun,797000,0,0,0,2,,,0,,,,,,Auckland Region,Nil,2-way,Sealed,,0,0,,50,,Off,0,0,,76,Auckland,Give way,,,,,0,0,Urban,2,,,Fine,None
1758256.6227,5913337.7721,881637,,519710,0,,0,2,,Null,2022/2023,MANUKAU ROAD,SYMONDS STREET,,Serious Crash,No,2023,,South,,0,,Flat,,,,,,Overcast,596300,1,0,0,2,,,0,,,,,,Auckland Region,Nil,2-way,Sealed,,0,1,,50,,Off,0,0,,76,Auckland,Nil,,,,,0,0,Urban,0,,,Fine,Null
1728286.1616,5934874.6389,881642,,506652,0,0,0,2,0,Null,2024/2025,SH 16,WHAREPAPA ROAD,,Minor Crash,Yes,2024,0,South,1,0,0,Flat,0,Labour Weekend,0,,0,Overcast,218300,2,0,0,2,0,0,0,0,0,,0,0,Auckland Region,Nil,2-way,Sealed,0,0,0,0,100,0,None,0,0,,76,Auckland,Give way,0,0,0,0,0,0,Open,0,0,0,Light rain,Null
1733545.2312,5980706.761,881646,,506660,0,0,0,1,0,East,2024/2025,PORT ALBERT ROAD,KAIPARA COAST HIGHWAY,,Minor Crash,No,2024,0,West,1,0,0,Hill Road,0,,0,,0,Dark,144100,2,0,0,2,0,0,0,0,0,,0,0,Auckland Region,Nil,2-way,Sealed,0,0,0,0,100,0,Off,0,0,,76,Auckland,Nil,0,0,0,0,0,0,Open,0,0,0,Fine,Null
1759392.2005,5910516.8022,881648,,524002,0,,0,2,,South,2024/2025,SOUTH-WESTERN MOTORWAY,RIMU ROAD ON RAMP,,Non-Injury Crash,Yes,2024,,North,,0,,Flat,,,,,,Overcast,722400,0,0,0,3,,,0,,,,,,Auckland Region,Nil,1-way,Sealed,,0,0,,100,,Off,0,0,,76,Auckland,Nil,,,,,0,0,Open,0,,,Fine,Null
1760621.5995,5915553.7034,881654,,520201,0,,0,1,,North,2024/2025,SOUTHERN MOTORWAY,WALPOLE OBR,,Minor Crash,Yes,2025,,North,,0,,Flat,,,,,,Bright sun,613000,1,0,0,3,,,0,,,,,,Auckland Region,Nil,1-way,Sealed,,0,0,,100,,Off,0,0,,76,Auckland,Nil,,,,,0,0,Open,1,,,Fine,Null
1763514.2028,5908658.9552,881662,,521901,0,,0,1,,Null,2023/2024,MANGERE ROAD,MIDDLEMORE ROAD,,Non-Injury Crash,No,2023,,North,,0,,Flat,,,,,,Dark,783700,0,0,0,5,,,0,,,,,,Auckland Region,Nil,2-way,Sealed,,0,0,,50,,On,0,0,,76,Auckland,Traffic Signals,,,,,0,0,Urban,1,,,Fine,Null
1757547.1871,5913051.7382,881668,,518702,0,,0,2,,Null,2023/2024,PAH ROAD,TRAFALGAR STREET,,Non-Injury Crash,No,2024,,South,,0,,Flat,,,,,,Bright sun,567900,0,0,0,4,,,0,,,,,,Auckland Region,Nil,2-way,Sealed,,0,0,,50,,Off,0,0,,76,Auckland,Traffic Signals,,,,,0,0,Urban,0,,,Fine,None
1769492.5963,5907414.5704,881670,,523712,0,,0,2,,Null,2023/2024,ORMISTON ROAD,MICHAEL JONES DRIVE,,Non-Injury Crash,No,2024,,East,,0,,Flat,,,,,,Twilight,712803,0,0,0,4,,,0,,,,,,Auckland Region,Nil,2-way,Sealed,,0,0,,60,,Off,0,0,,76,Auckland,Give way,,,,,0,0,Urban,0,,,Fine,Null
1760500.9186,5908944.1996,881672,,524404,0,,0,1,,East,2023/2024,FAVONA ROAD,ROBERTSON ROAD,,Non-Injury Crash,No,2024,,East,,0,,Flat,,,,,,Overcast,730001,0,0,0,2,,,0,,,,,,Auckland Region,Nil,2-way,Sealed,,0,0,,50,,Off,0,0,,76,Auckland,Nil,,,,,1,0,Urban,0,,,Fine,None
1769297.6732,5899713.7529,881679,,525002,0,,0,2,,Null,2023/2024,MAHIA ROAD,HOLMES ROAD,,Minor Crash,No,2023,,East,,0,,Flat,,,,,,Dark,753700,1,0,0,2,,,0,,,,,,Auckland Region,Nil,2-way,Sealed,,0,0,,50,,On,1,0,,76,Auckland,Give way,,,,,0,0,Urban,0,,,Fine,Null
1757373.5271,5912389.6,881688,,518702,0,,0,3,,West,2024/2025,SOUTH-WESTERN MOTORWAY,QUEENSTOWN OBR,,Non-Injury Crash,Yes,2025,,East,,0,,Flat,,,,,,Dark,570300,0,0,0,3,,,0,,,,,,Auckland Region,Nil,1-way,Sealed,,0,0,,100,,On,0,0,,76,Auckland,Nil,,,,,0,0,Open,0,,,Heavy rain,Null
1759745.609,5906909.0383,881696,,524111,0,0,0,1,0,West,2024/2025,ORLY AVENUE,KILLINGTON CRESCENT,,Non-Injury Crash,No,2025,0,East,0,0,0,Flat,0,,0,,1,Dark,740000,0,0,0,2,0,0,0,0,0,,0,0,Auckland Region,Nil,2-way,Sealed,0,0,0,0,30,0,On,0,0,,76,Auckland,Nil,0,0,0,0,0,0,Urban,0,0,0,Fine,Strong wind
1766887.8269,5903857.1808,881702,,524604,0,,0,2,,Null,2024/2025,LAMBIE DRIVE OFF RAMP,LAMBIE DRIVE,,Minor Crash,No,2025,,West,,0,,Hill Road,,,,,,Bright sun,780210,1,0,0,2,,,0,,,,,,Auckland Region,Motorway ramp,1-way,Sealed,,0,0,,60,,Off,0,0,,76,Auckland,Traffic Signals,,,,,0,0,Urban,0,,,Fine,Null
1753044.4251,5916477.787,881708,,517800,1,,0,1,,Null,2024/2025,ALLENDALE ROAD,MOUNT ALBERT ROAD,,Minor Crash,No,2024,,South,,0,,Hill Road,,,,,,Bright sun,527800,1,0,0,2,,,0,,,,,,Auckland Region,Nil,2-way,Sealed,,0,0,,50,,Off,0,0,,76,Auckland,Stop,,,,,0,0,Urban,0,,,Fine,Null
1764443.5588,5904990.8018,881716,,522100,0,,0,2,,Null,2023/2024,WYLLIE ROAD,PAH ROAD,,Non-Injury Crash,No,2023,,North,,0,,Flat,,,,,,Overcast,658500,0,0,0,2,,,0,,,,,,Auckland Region,Nil,2-way,Sealed,,0,0,,50,,Off,0,0,,76,Auckland,Give way,,,,,0,0,Urban,0,,,Fine,None
1770665.7604,5904590.6562,881722,35,523712,0,0,0,1,0,North,2024/2025,MURPHYS ROAD,REDOUBT ROAD,,Non-Injury Crash,No,2024,0,East,0,0,0,Hill Road,1,,0,,0,Dark,716300,0,0,0,2,0,0,0,1,0,,0,0,Auckland Region,Nil,2-way,Sealed,0,0,0,0,60,0,On,0,0,,76,Auckland,Nil,0,0,0,0,0,0,Urban,0,0,0,Fine,Null
1774580.1995,5908499.1928,881726,,523202,0,0,0,1,0,East,2023/2024,SANDSTONE ROAD,STONERIDGE TERRACE,,Non-Injury Crash,No,2024,0,North,0,0,0,Hill Road,0,,0,,0,Dark,716602,0,0,0,3,0,1,0,0,0,,0,0,Auckland Region,Nil,2-way,Sealed,0,0,0,0,50,0,None,0,0,,76,Auckland,Nil,0,0,0,0,0,0,Urban,0,0,0,Fine,Null
1771365.4215,5895252.5171,881730,,521201,0,,0,1,,East,2023/2024,PAPAKURA ON RAMP,HINGAIA ROAD,,Non-Injury Crash,No,2023,,East,,0,,Flat,,Labour Weekend,,,,Dark,806604,0,0,0,2,,,0,,,,,,Auckland Region,Nil,1-way,Sealed,,0,0,,50,,On,0,0,,76,Auckland,Nil,,,,,0,0,Urban,0,,,Fine,None