X,Y,OBJECTID,advisorySpeed,areaUnitID,bicycle,bridge,bus,carStationWagon,cliffBank,crashDirectionDescription,crashFinancialYear,crashLocation1,crashLocation2,crashRoadSideRoad,crashSeverity,crashSHDescription,crashYear,debris,directionRoleDescription,ditch,fatalCount,fence,flatHill,guardRail,holiday,houseOrBuilding,intersection,kerb,light,meshblockId,minorInjuryCount,moped,motorcycle,NumberOfLanes,objectThrownOrDropped,otherObject,otherVehicleType,overBank,parkedVehicle,pedestrian,phoneBoxEtc,postOrPole,region,roadCharacter,roadLane,roadSurface,roadworks,schoolBus,seriousInjuryCount,slipOrFlood,speedLimit,strayAnimal,streetLight,suv,taxi,temporarySpeedLimit,tlaId,tlaName,trafficControl,trafficIsland,trafficSign,train,tree,truck,unknownVehicleType,urban,vanOrUtility,vehicle,waterRiver,weatherA,weatherB
1772564.6363,5915068.0923,881740,,521501,0,0,0,2,0,West,2024/2025,SELWYN ROAD,THE GLEBE,,Non-Injury Crash,No,2024,0,East,0,0,0,Hill Road,0,,0,,0,Bright sun,652500,0,0,0,2,0,0,0,0,1,,0,0,Auckland Region,Nil,2-way,Sealed,0,0,0,0,50,0,Off,0,0,,76,Auckland,Nil,0,0,0,0,0,0,Urban,0,0,0,Fine,Null
1748533.4181,5918605.5308,881744,,514801,0,0,0,1,0,North,2023/2024,PATIKI ROAD OFF RAMP,PATIKI ROAD,,Non-Injury Crash,No,2024,0,South,0,0,0,Hill Road,1,,0,,0,Dark,389200,0,0,0,1,0,0,0,0,0,,0,0,Auckland Region,Motorway ramp,1-way,Sealed,0,0,0,0,100,0,On,0,0,,76,Auckland,Nil,0,0,0,1,0,0,Open,0,0,0,Fine,Null
1767294.3652,5901858.7711,881748,,524720,0,0,0,2,0,South,2024/2025,JELLICOE ROAD,BROWNS ROAD,,Non-Injury Crash,No,2024,0,East,0,0,0,Flat,0,,0,,0,Bright sun,779600,0,0,0,2,0,0,0,0,1,,0,0,Auckland Region,Nil,2-way,Sealed,0,0,0,0,50,0,Off,0,0,,76,Auckland,Nil,0,0,0,0,0,0,Urban,0,0,0,Fine,Null
1746379.3023,5917024.7997,881749,,510700,0,0,0,2,0,North,2022/2023,BLACKLOCK AVENUE,NORCROSS AVENUE,,Minor Crash,No,2023,0,South,0,0,0,Flat,0,,0,,0,Dark,240800,1,0,0,2,0,0,0,0,1,,0,0,Auckland Region,Nil,2-way,Sealed,0,0,0,0,50,0,On,0,0,,76,Auckland,Nil,0,0,0,0,0,0,Urban,0,0,0,Light rain,Null
1761278.4443,5918720.8958,881764,35,516201,0,0,0,1,0,South,2024/2025,ORAKEI ROAD,ORAKEI RLY OBR,,Non-Injury Crash,No,2024,0,North,0,0,0,Hill Road,1,,0,,0,Overcast,486000,0,0,0,2,0,0,0,0,0,,0,0,Auckland Region,Nil,2-way,Sealed,0,0,0,0,50,0,Off,0,0,,76,Auckland,Nil,0,0,0,0,0,0,Urban,0,0,0,Fine,Null
1760021.6156,5912848.2259,881768,,520000,0,,0,0,,Null,2023/2024,MAYS ROAD,GREY STREET,,Non-Injury Crash,No,2024,,East,,0,,Flat,,,,,,Bright sun,605800,0,0,0,2,,,0,,,,,,Auckland Region,Nil,2-way,Sealed,,0,0,,50,,Off,1,0,,76,Auckland,Stop,,,,,0,0,Urban,1,,,Fine,Null
1764700.9962,5905886.0925,881772,,522201,0,,0,1,,Null,2024/2025,SHIRLEY ROAD,CORONATION ROAD,,Serious Crash,No,2025,,North,,0,,Flat,,,,,,Dark,663100,0,0,0,2,,,0,,,1,,,Auckland Region,Nil,2-way,Sealed,,0,1,,50,,On,0,0,,76,Auckland,Give way,,,,,0,0,Urban,0,,,Fine,Null
1766378.2937,5907584.2172,881774,,523601,0,,0,2,,West,2023/2024,EAST TAMAKI ROAD,EAST TAMAKI ROAD ON RAMP,,Non-Injury Crash,No,2024,,West,,0,,Flat,,,,,,Bright sun,708500,0,0,0,3,,,0,,,,,,Auckland Region,Nil,2-way,Sealed,,0,0,,50,,Off,0,0,,76,Auckland,Nil,,,,,0,0,Urban,0,,,Fine,None
1745666.3003,5924148.4446,881778,,513522,1,,0,1,,West,2024/2025,PICASSO DRIVE,HOGARTH RISE,,Minor Crash,No,2025,,South,,0,,Hill Road,,,,,,Bright sun,224128,1,0,0,2,,,0,,,,,,Auckland Region,Nil,2-way,Sealed,,0,0,,50,,Off,0,0,,76,Auckland,Nil,,,,,0,0,Urban,0,,,Fine,Null
1769897.5874,5899928.9869,881782,,523817,0,,0,1,,North,2024/2025,SOUTHERN MOTORWAY,PAPAKURA STM BR,,Non-Injury Crash,Yes,2024,,South,,0,,Null,,,,,,Unknown,759739,0,0,0,3,,,0,,,,,,Auckland Region,Nil,1-way,Null,,0,0,,100,,Null,0,0,,76,Auckland,Nil,,,,,0,0,Open,0,,,Null,Null
1745197.0734,5919760.483,881787,,513301,0,,0,1,,West,2022/2023,UNIVERSAL DRIVE,LINCOLN ROAD,,Serious Crash,No,2023,,West,,0,,Flat,,,,,,Bright sun,232001,0,0,0,4,,,0,,,1,,,Auckland Region,Nil,2-way,Sealed,,0,1,,50,,None,0,0,,76,Auckland,Isolated Pedestrian signal (non-intersection),,,,,0,0,Urban,0,,,Fine,Null
1772454.3149,5897814.3244,881790,,523912,0,0,0,1,0,Null,2023/2024,DIGNITY STREET,WALSH ROAD,,Non-Injury Crash,No,2024,0,West,0,0,1,Flat,0,,0,,0,Bright sun,765600,0,0,0,2,0,0,0,0,0,,0,0,Auckland Region,Nil,2-way,Sealed,0,0,0,0,50,0,Off,0,0,,76,Auckland,Nil,0,0,0,0,0,0,Urban,0,0,0,Fine,Null
1774220.8993,5896000.0889,881793,,525620,0,,0,2,,Null,2023/2024,SETTLEMENT ROAD,KELVIN ROAD,,Minor Crash,No,2023,,West,,0,,Flat,,,,,,Bright sun,798300,1,0,0,2,,,0,,,,,,Auckland Region,Nil,2-way,Sealed,,0,0,,50,,Off,0,0,,76,Auckland,Give way,,,,,0,0,Urban,0,,,Fine,Null
1764913.8441,5903931.6144,881796,,524604,0,,0,2,,East,2024/2025,NOEL BURNSIDE ROAD,CAVENDISH DRIVE,,Non-Injury Crash,No,2024,,East,,0,,Flat,,,,,,Bright sun,781301,0,0,0,4,,,0,,,,,,Auckland Region,Nil,2-way,Sealed,,0,0,,50,,On,0,0,,76,Auckland,Traffic Signals,,,,,0,0,Urban,0,,,Fine,None
1764757.9999,5906024.9961,881802,,522201,0,0,0,2,0,Null,2022/2023,DETRO STREET,CORONATION ROAD,,Non-Injury Crash,No,2023,0,East,0,0,0,Flat,0,,0,,0,Dark,662100,0,0,0,2,0,0,0,0,1,,0,0,Auckland Region,Nil,2-way,Sealed,0,0,0,0,50,0,On,0,0,,76,Auckland,Give way,0,0,0,0,0,1,Urban,0,0,0,Fine,None
1793621.1184,5907004.8668,881805,,525202,0,0,0,1,0,South,2022/2023,KAWAKAWA-ORERE ROAD,FORESTRY ROAD 2,,Minor Crash,No,2023,0,North,0,0,0,Flat,0,,0,,0,Dark,764902,1,0,0,2,0,0,0,0,0,,0,0,Auckland Region,Nil,2-way,Sealed,0,0,0,0,80,0,None,0,0,,76,Auckland,Nil,0,0,0,1,0,0,Open,0,0,0,Heavy rain,Null
1747676.6767,5966634.2624,881808,,506613,0,0,0,1,0,North,2024/2025,PERRY ROAD,TWIN STREAM ROAD,,Minor Crash,No,2025,0,North,1,0,0,Flat,0,,0,,0,Bright sun,146004,1,0,0,2,0,0,0,0,0,,0,0,Auckland Region,Nil,2-way,Unsealed,0,0,0,0,100,0,None,0,0,,76,Auckland,Nil,0,0,0,0,0,0,Open,0,0,0,Fine,Null
1754721.3844,5912014.7775,881812,,519002,0,0,0,2,0,North,2023/2024,REVEL AVENUE,GLASS ROAD,,Non-Injury Crash,No,2024,0,North,0,0,1,Hill Road,0,,0,,0,Twilight,589900,0,0,0,2,0,0,0,0,1,,0,0,Auckland Region,Nil,2-way,Sealed,0,0,0,0,50,0,Off,0,0,,76,Auckland,Nil,0,0,0,0,0,0,Urban,0,0,0,Fine,Null
1751270.9515,5915256.0688,881816,,514401,0,0,0,2,0,West,2023/2024,CRAYFORD STREET WEST,GEDDES TERRACE,,Non-Injury Crash,No,2024,0,East,0,0,0,Flat,0,,0,,0,Overcast,382700,0,0,0,2,0,0,0,0,1,,0,0,Auckland Region,Nil,2-way,Sealed,0,0,0,0,30,0,Off,0,0,,76,Auckland,Nil,0,0,0,0,0,0,Urban,0,0,0,Fine,Null
1746463.0898,5920077.9167,881826,,512402,0,0,0,2,0,South,2024/2025,NORTH-WESTERN MOTORWAY,LINCOLN ROAD OFF RAMP,,Non-Injury Crash,Yes,2024,0,North,0,0,0,Flat,1,,0,,0,Bright sun,252100,0,0,0,3,0,0,0,0,0,,0,0,Auckland Region,Nil,1-way,Sealed,0,0,0,0,100,0,Off,0,0,,76,Auckland,Nil,0,0,0,0,0,0,Open,0,0,0,Fine,Null
1761209.2217,5918654.228,881829,35,516201,0,0,0,1,0,South,2022/2023,ORAKEI ROAD,ORAKEI RLY OBR,,Minor Crash,No,2023,0,North,0,0,0,Hill Road,1,,0,,0,Overcast,486000,1,0,0,2,0,0,0,0,0,,0,0,Auckland Region,Nil,2-way,Sealed,0,0,0,0,50,0,Off,0,0,,76,Auckland,Nil,0,0,0,0,0,0,Urban,0,0,0,Light rain,Null
1744104.4053,5917236.1639,881830,,513220,0,,0,1,,Null,2024/2025,STURGES ROAD,SPENCE ROAD,,Non-Injury Crash,No,2024,,South,,0,,Flat,,,,,,Bright sun,236715,0,0,0,2,,,0,,,,,,Auckland Region,Nil,2-way,Sealed,,0,0,,50,,Off,1,0,,76,Auckland,Stop,,,,,0,1,Urban,0,,,Fine,Null
1758085.6866,5914156.7336,881834,,518600,0,,0,1,,Null,2024/2025,GOODLAND STREET,MANUKAU ROAD,,Minor Crash,No,2025,,North,,0,,Flat,,,,,,Overcast,566800,1,0,0,2,,,0,,,1,,,Auckland Region,Nil,2-way,Sealed,,0,0,,50,,On,0,0,,76,Auckland,Stop,,,,,0,0,Urban,0,,,Fine,Null
1771291.5529,5895878.878,881837,,525540,0,0,0,1,0,South,2022/2023,SOUTHERN MOTORWAY,PAPAKURA OFF RAMP,,Non-Injury Crash,Yes,2023,0,South,0,0,0,Flat,1,,0,,0,Twilight,806208,0,0,0,2,0,0,0,0,0,,0,0,Auckland Region,Nil,1-way,Sealed,0,0,0,0,100,0,On,0,0,80,76,Auckland,Nil,0,0,0,0,1,0,Open,0,0,0,Light rain,Null
1740552.2455,5911321.5117,881838,35,512902,0,0,0,1,1,North,2024/2025,SCENIC DRIVE,WEST COAST ROAD,,Minor Crash,No,2025,0,East,0,0,0,Hill Road,0,Easter,0,,0,Dark,282102,1,0,0,2,0,0,0,0,0,,0,0,Auckland Region,Nil,2-way,Sealed,0,0,0,0,60,0,On,0,0,,76,Auckland,Nil,0,0,0,0,0,0,Urban,0,0,0,Mist or Fog,Null
1760391.8299,5917201.3892,881844,,516202,0,0,0,2,0,East,2022/2023,WAIATA AVENUE,VICTORIA AVENUE,,Non-Injury Crash,No,2023,0,West,0,0,0,Flat,0,,0,,0,Bright sun,490200,0,0,0,2,0,0,0,0,1,,0,0,Auckland Region,Nil,2-way,Sealed,0,0,0,0,50,0,Null,0,0,,76,Auckland,Nil,0,0,0,0,0,0,Urban,0,0,0,Fine,None
1751908.4395,5912511.1779,881850,,514700,0,0,0,2,0,Null,2024/2025,EXMINSTER STREET,RATHLIN STREET,,Non-Injury Crash,No,2024,0,East,0,0,0,Flat,0,,0,,0,Dark,368700,0,0,0,2,0,0,0,0,1,,0,0,Auckland Region,Nil,2-way,Sealed,0,0,0,0,50,0,Null,0,0,,76,Auckland,Give way,0,0,0,0,0,0,Urban,0,0,0,Fine,Null
1767992.5186,5900879.0545,881854,,525001,0,0,0,2,0,East,2024/2025,RUSSELL ROAD,FRANCES STREET,,Serious Crash,No,2024,0,West,0,0,0,Flat,0,,0,,0,Dark,752300,2,0,0,2,0,0,0,0,1,,0,0,Auckland Region,Nil,2-way,Sealed,0,0,2,0,50,0,On,0,0,,76,Auckland,Nil,0,0,0,0,0,0,Urban,1,0,0,Fine,Null
1752085.4381,5930635.0452,881857,,509100,0,0,0,1,0,Null,2022/2023,ALBANY HIGHWAY,ALBANY HIGHWAY ON RAMP,,Non-Injury Crash,No,2023,0,West,0,0,0,Hill Road,0,,0,,0,Dark,181004,0,0,0,1,0,0,0,0,0,,0,1,Auckland Region,Motorway ramp,1-way,Sealed,0,0,0,0,60,0,On,0,0,,76,Auckland,Give way,0,0,0,0,0,0,Urban,0,0,0,Light rain,Strong wind
1753782.3338,5917879.6975,881858,,517800,0,,0,1,,Null,2023/2024,LINWOOD AVENUE,ST LUKES ROAD,,Non-Injury Crash,No,2023,,East,,0,,Flat,,,,,,Twilight,526801,0,0,0,2,,,0,,,,,,Auckland Region,Nil,2-way,Sealed,,0,0,,50,,Off,0,0,,76,Auckland,Stop,,,,,0,1,Urban,0,,,Light rain,None
1756719.5783,5929767.7292,881861,,507720,0,0,0,1,0,South,2022/2023,EAST COAST ROAD,SELWYN CRESCENT,,Non-Injury Crash,No,2023,0,North,0,0,0,Flat,0,Queens Birthday,0,,0,Twilight,311900,0,0,0,2,0,0,0,0,1,,0,0,Auckland Region,Nil,2-way,Sealed,0,0,0,0,50,0,Off,1,0,,76,Auckland,Nil,0,0,0,0,0,0,Urban,0,0,0,Fine,Null
1766996.0586,5901958.1711,881872,,524602,0,,0,2,,Null,2023/2024,BROWNS ROAD,DALGETY DRIVE,,Non-Injury Crash,No,2024,,East,,0,,Flat,,,,,,Bright sun,780407,0,0,0,1,,,0,,,,,,Auckland Region,Nil,1-way,Sealed,,0,0,,50,,Off,0,0,,76,Auckland,Traffic Signals,,,,,0,0,Urban,0,,,Fine,None
1745744.1927,5920561.2721,881877,,513301,0,,0,1,,Null,2022/2023,NORTH-WESTERN MOTORWAY,LINCOLN ROAD ON RAMP,,Non-Injury Crash,Yes,2023,,South,,0,,Flat,,,,,,Dark,230200,0,0,0,3,,,0,,,,,,Auckland Region,Motorway ramp,1-way,Sealed,,0,0,,100,,Null,1,0,,76,Auckland,Nil,,,,,0,0,Open,0,,,Fine,Null
1755452.6667,5914913.7284,881881,,518500,0,0,0,1,0,East,2022/2023,PRINCES AVENUE,DOMINION ROAD,,Non-Injury Crash,No,2023,0,West,0,0,0,Flat,0,,0,,0,Dark,561600,0,0,0,2,0,0,0,0,1,,0,0,Auckland Region,Nil,2-way,Sealed,0,0,0,0,50,0,On,1,0,,76,Auckland,Nil,0,0,0,0,0,0,Urban,0,0,0,Light rain,Null
1756462.3107,5920187.3769,881885,,514000,0,,0,2,,Null,2023/2024,UNION STREET,SAM WRIGLEY STREET,,Minor Crash,No,2023,,South,,0,,Hill Road,,,,,,Dark,416800,1,0,0,1,,,0,,,,,,Auckland Region,Nil,1-way,Sealed,,0,0,,30,,On,0,0,,76,Auckland,Give way,,,,,0,0,Urban,0,,,Fine,Null
1752903.8111,5933210.2589,881889,,508701,0,,0,4,,East,2023/2024,ALBANY EXPRESSWAY,DATA WAY,,Minor Crash,No,2023,,East,,0,,Hill Road,,,,,,Bright sun,178900,1,0,0,2,,,0,,,,,,Auckland Region,Nil,1-way,Sealed,,0,0,,80,,Off,0,0,,76,Auckland,Nil,,,,,0,0,Open,0,,,Fine,Null
1755571.9615,5913239.964,881893,,518803,0,,0,3,,East,2022/2023,SOUTH-WESTERN MOTORWAY,KEITH HAY PARK FTBR,,Non-Injury Crash,Yes,2023,,East,,0,,Flat,,,,,,Overcast,582700,0,0,0,3,,,0,,,,,,Auckland Region,Nil,1-way,Sealed,,0,0,,100,,Off,0,0,,76,Auckland,Nil,,,,,0,0,Open,0,,,Fine,Null
1745020.7304,5917776.426,881901,,510700,0,,0,3,,West,2023/2024,SWANSON ROAD,MT LEBANON LANE,,Non-Injury Crash,No,2023,,South,,0,,Flat,,,,,,Bright sun,239104,0,0,0,4,,,0,,,,,,Auckland Region,Nil,2-way,Sealed,,0,0,,50,,Off,0,0,,76,Auckland,Nil,,,,,0,0,Urban,0,,,Fine,Null
1767737.4333,5904997.192,881906,,524604,0,,0,2,,South,2024/2025,SOUTHERN MOTORWAY,TE IRIRANGI OBR,,Non-Injury Crash,Yes,2025,,North,,0,,Flat,,,,,,Bright sun,780302,0,0,0,3,,,0,,,,,,Auckland Region,Nil,1-way,Sealed,,0,0,,100,,Off,0,0,,76,Auckland,Nil,,,,,0,0,Open,1,,,Fine,Null
1767343.2533,5902088.7444,881913,,524602,0,,0,2,,East,2022/2023,BROWNS ROAD,JELLICOE ROAD,,Minor Crash,No,2023,,East,,0,,Flat,,,,,,Overcast,780800,1,0,0,2,,,0,,,,,,Auckland Region,Nil,2-way,Sealed,,0,0,,50,,Off,0,0,,76,Auckland,Nil,,,,,0,0,Urban,0,,,Light rain,Null
1772688.3419,5896402.4625,881914,,525410,0,,0,1,,South,2024/2025,GREAT SOUTH ROAD,BROADWAY,,Non-Injury Crash,No,2025,,South,,0,,Flat,,,,,,Bright sun,792000,0,0,0,2,,,0,,,,,,Auckland Region,Nil,2-way,Sealed,,0,0,,50,,Off,1,0,,76,Auckland,Nil,,,,,0,0,Urban,0,,,Fine,Null
1768685.5417,5884242.727,881922,,521111,0,0,0,0,0,North,2025/2026,PAERATA ROAD,HEIGHTS ROAD,,Minor Crash,Yes,2025,0,South,0,0,0,Flat,0,,0,,0,Bright sun,813800,1,0,0,2,0,0,0,0,0,,0,1,Auckland Region,Nil,2-way,Sealed,0,0,0,0,60,0,Off,0,0,,76,Auckland,Nil,0,0,0,0,0,0,Urban,1,0,0,Fine,Null
1759968.2616,5908415.8243,881925,,524121,0,,0,1,,North,2022/2023,SOUTH-WESTERN MOTORWAY,HALL FTBR,,Non-Injury Crash,Yes,2023,,North,,0,,Flat,,,,,,Overcast,737000,0,0,0,3,,,0,,,,,,Auckland Region,Nil,1-way,Sealed,,0,0,,100,,On,0,0,,76,Auckland,Nil,,,,,1,0,Open,0,,,Heavy rain,Strong wind
1774753.1423,5896960.3993,881926,,525610,0,0,0,3,0,South,2024/2025,CARGILL STREET,ORPHEUS PLACE,,Non-Injury Crash,No,2025,0,South,0,0,0,Flat,0,,0,,0,Overcast,799500,0,0,0,2,0,0,0,0,1,,0,0,Auckland Region,Nil,2-way,Sealed,0,0,0,0,50,0,Off,0,0,,76,Auckland,Nil,0,0,0,0,0,0,Urban,0,0,0,Heavy rain,Null
1765894.7315,5906509.9532,881928,,522202,0,,0,1,,South,2024/2025,GREAT SOUTH ROAD,REX LANE,,Non-Injury Crash,No,2025,,South,,0,,Flat,,,,,,Dark,663800,0,0,0,4,,,0,,,,,,Auckland Region,Nil,2-way,Sealed,,0,0,,50,,On,0,0,,76,Auckland,Nil,,,,,0,0,Urban,1,,,Light rain,Null
1756305.9738,5927298.6841,881937,,507900,0,0,0,1,0,South,2022/2023,NORTHCOTE ROAD ON RAMP,NORTHERN MOTORWAY,,Minor Crash,No,2023,0,North,0,0,0,Hill Road,1,,0,,0,Dark,305201,1,0,0,1,0,0,0,0,0,,0,0,Auckland Region,Motorway ramp,1-way,Sealed,0,0,0,0,50,0,On,0,0,,76,Auckland,Nil,0,0,0,0,0,0,Urban,0,0,0,Light rain,Null
1757475.595,5912325.713,881941,,519810,0,,0,2,,East,2023/2024,SOUTH-WESTERN MOTORWAY,QUEENSTOWN OBR,,Minor Crash,Yes,2023,,East,,0,,Flat,,,,,,Overcast,597100,2,0,0,3,,,0,,,,,,Auckland Region,Nil,1-way,Sealed,,0,0,,100,,Off,1,0,,76,Auckland,Nil,,,,,0,0,Open,0,,,Light rain,Null
1765667.0872,5913520.906,881946,,522920,0,,0,1,,South,2023/2024,PAKURANGA ROAD,PAKURANGA ROAD,,Non-Injury Crash,No,2023,,North,,0,,Flat,,,,,,Bright sun,683000,0,0,0,4,,,0,,,,,,Auckland Region,Nil,2-way,Sealed,,0,0,,50,,Off,1,0,,76,Auckland,Traffic Signals,,,,,0,0,Urban,0,,,Fine,None
1758308.7653,5928889.9232,881949,,507800,0,0,0,0,0,North,2023/2024,TIRI ROAD,AUDREY ROAD,,Minor Crash,No,2023,0,West,0,0,1,Flat,0,,0,,0,Overcast,308700,1,0,0,2,0,0,0,0,0,1,0,0,Auckland Region,Nil,2-way,Sealed,0,0,0,0,50,0,None,0,0,,76,Auckland,Nil,0,0,0,0,1,0,Urban,0,0,0,Fine,Null
1776940.3493,5882596.2384,881952,,521160,0,0,0,2,0,East,2025/2026,PAPARATA ROAD,BOMBAY ROAD,,Minor Crash,No,2025,0,West,0,0,0,Hill Road,0,,0,,0,Bright sun,814800,1,0,0,2,0,0,0,0,1,,0,0,Auckland Region,Nil,2-way,Sealed,0,0,0,0,50,0,Off,0,0,40,76,Auckland,Nil,0,0,0,0,0,0,Urban,0,0,0,Fine,Null
1755447.378,5921994.1642,881954,,515202,0,0,0,1,0,Null,2025/2026,WESTHAVEN DRIVE,CURRAN STREET,,Non-Injury Crash,No,2025,0,West,0,0,0,Flat,0,,0,,0,Dark,423600,0,0,0,2,0,1,0,0,0,,0,0,Auckland Region,Speed hump,2-way,Sealed,0,0,0,0,30,0,On,0,0,,76,Auckland,Give way,0,0,0,0,0,0,Urban,0,0,0,Fine,Null
1756253.0592,5927509.723,881964,,507900,0,,0,1,,Null,2025/2026,NORTHERN MOTORWAY,NORTHCOTE ROAD OFF RAMP,,Non-Injury Crash,Yes,2025,,South,,0,,Flat,,,,,,Overcast,305202,0,0,1,3,,,0,,,,,,Auckland Region,Nil,1-way,Sealed,,0,0,,100,,Off,0,0,,76,Auckland,Nil,,,,,0,0,Open,0,,,Fine,Null
1754208.8612,5931219.9497,881966,,508805,0,,0,2,,North,2024/2025,NORTHERN MOTORWAY,SUNSET OBR,,Minor Crash,Yes,2024,,South,,0,,Flat,,,,,,Bright sun,180826,1,0,1,2,,,0,,,,,,Auckland Region,Nil,1-way,Sealed,,0,0,,100,,Off,0,0,,76,Auckland,Nil,,,,,0,0,Open,0,,,Fine,Null
1754555.9153,5930831.39,881972,,508520,0,,0,2,,North,2025/2026,UPPER HARBOUR HWY ON RAMP,NORTHERN MOTORWAY,,Minor Crash,Yes,2025,,South,,0,,Flat,,,,,,Dark,191104,1,0,0,3,,,0,,,,,,Auckland Region,Nil,1-way,Sealed,,0,0,,100,,On,0,0,,76,Auckland,Nil,,,,,0,0,Open,2,,,Light rain,Null
1773317.7313,5899419.8531,881978,,523912,0,,0,2,,South,2023/2024,MILL ROAD,AIRFIELD ROAD,,Non-Injury Crash,No,2024,,South,,0,,Flat,,,,,,Bright sun,765401,0,0,0,2,,,0,,,,,,Auckland Region,Nil,2-way,Sealed,,0,0,,80,,Off,0,0,,76,Auckland,Nil,,,,,0,0,Open,0,,,Fine,Null
1760816.8296,5913782.1787,881981,,519900,0,,0,1,,North,2023/2024,ROCKFIELD ROAD,WALLATH ROAD,,Serious Crash,No,2023,,West,,0,,Flat,,,,,,Overcast,604400,0,0,1,2,,,0,,,,,,Auckland Region,Nil,2-way,Sealed,,0,1,,50,,Off,0,0,,76,Auckland,Nil,,,,,0,0,Urban,0,,,Fine,Null
1747470.0824,5910737.2191,881984,,511901,0,,0,1,,Null,2024/2025,TITIRANGI ROAD,SOUTH TITIRANGI ROAD,,Non-Injury Crash,No,2025,,West,,0,,Flat,,,,,,Overcast,294200,0,0,0,2,,,0,,,,,,Auckland Region,Nil,2-way,Sealed,,0,0,,50,,On,0,0,,76,Auckland,Give way,,,,,0,1,Urban,0,,,Fine,Null
1757995.4106,5927294.4209,881988,,508010,0,,0,2,,Null,2024/2025,ANZAC STREET,THE TERRACE,,Non-Injury Crash,No,2024,,West,,0,,Null,,Christmas New Year,,,,Overcast,327000,0,0,0,4,,,0,,,,,,Auckland Region,Nil,2-way,Sealed,,0,0,,30,,Null,0,0,,76,Auckland,Give way,,,,,0,0,Urban,0,,,Fine,Null
1774988.32,5887267.1676,881990,,521132,0,,0,2,,South,2024/2025,SOUTHERN MOTORWAY,PRATTS OBR,,Non-Injury Crash,Yes,2025,,North,,0,,Flat,,,,,,Bright sun,814003,0,0,0,2,,,0,,,,,,Auckland Region,Nil,1-way,Sealed,,0,0,,100,,Off,0,0,,76,Auckland,Nil,,,,,0,0,Open,0,,,Fine,Null
1778799.5013,5912884.0833,881991,,523300,0,0,0,1,0,North,2023/2024,WHITFORD MARAETAI ROAD,WAIKOPUA BR,,Minor Crash,No,2023,0,South,0,0,1,Flat,0,,0,,0,Dark,718900,1,0,0,2,0,0,0,0,0,,0,0,Auckland Region,Nil,2-way,Sealed,0,0,0,0,80,0,On,0,0,,76,Auckland,Nil,0,0,0,0,0,0,Open,0,0,0,Fine,Null
1752144.0158,5932538.3261,881994,,508807,0,0,0,0,0,North,2025/2026,BUSH ROAD,ROSEDALE ROAD,,Non-Injury Crash,No,2025,0,South,0,0,1,Flat,0,,0,,0,Overcast,180215,0,0,0,2,0,0,0,0,0,,0,0,Auckland Region,Nil,2-way,Sealed,0,0,0,0,50,0,Off,0,0,,76,Auckland,Nil,0,0,0,1,0,0,Urban,1,0,0,Fine,Null
1744913.2439,5918119.564,882004,,510700,0,0,0,1,0,West,2025/2026,TE KANAWA CRESCENT,LINCOLN ROAD,,Non-Injury Crash,No,2025,0,West,0,0,0,Flat,0,Labour Weekend,0,,0,Bright sun,239101,0,0,0,2,0,0,0,0,1,,0,0,Auckland Region,Nil,2-way,Sealed,0,0,0,0,30,0,Off,0,0,,76,Auckland,Nil,0,0,0,0,0,0,Urban,1,0,0,Fine,Null
1756106.2187,5917627.8603,882012,,518102,0,,0,2,,North,2024/2025,DOMINION ROAD,ONSLOW ROAD,,Non-Injury Crash,No,2025,,South,,0,,Flat,,,,,,Bright sun,545900,0,0,0,4,,,0,,,,,,Auckland Region,Nil,2-way,Sealed,,0,0,,50,,Off,0,0,,76,Auckland,Nil,,,,,0,0,Urban,0,,,Fine,None
1758202.2333,5916062.8782,882024,,519300,0,,0,1,,South,2025/2026,MANUKAU ROAD,KIMBERLEY ROAD,,Non-Injury Crash,No,2025,,North,,0,,Flat,,,,,,Dark,622900,0,0,0,4,,,0,,,,,,Auckland Region,Nil,2-way,Sealed,,0,0,,50,,On,0,0,,76,Auckland,Nil,,,,,0,0,Urban,1,,,Fine,Null
1743330.6803,5923728.2596,882027,,513410,0,,0,2,,Null,2022/2023,FRED TAYLOR DRIVE,DON BUCK ROAD,,Minor Crash,No,2023,,East,,0,,Flat,,,,,,Bright sun,224000,1,0,0,2,,,0,,,,,,Auckland Region,Nil,1-way,Sealed,,0,0,,50,,Off,0,0,,76,Auckland,Give way,,,,,0,0,Urban,0,,,Fine,Null
1754865.0858,5920882.1719,882032,,515301,0,0,0,1,0,East,2024/2025,JERVOIS ROAD,ARDMORE ROAD,,Non-Injury Crash,No,2024,0,West,0,0,0,Flat,0,,1,,0,Overcast,427800,0,0,0,4,0,0,0,0,0,,0,0,Auckland Region,Nil,2-way,Sealed,0,0,0,0,50,0,Off,0,0,,76,Auckland,Nil,0,0,0,0,0,0,Urban,0,0,0,Light rain,Null
1760353.41,5911810.2083,882034,,520000,0,,0,1,,West,2024/2025,NEILSON STREET,CAPTAIN SPRINGS ROAD,,Non-Injury Crash,No,2024,,East,,0,,Flat,,,,,,Bright sun,607400,0,0,0,5,,,0,,,,,,Auckland Region,Nil,2-way,Sealed,,0,0,,50,,Off,0,0,,76,Auckland,Nil,,,,,1,0,Urban,0,,,Fine,Null