X,Y,OBJECTID,advisorySpeed,areaUnitID,bicycle,bridge,bus,carStationWagon,cliffBank,crashDirectionDescription,crashFinancialYear,crashLocation1,crashLocation2,crashRoadSideRoad,crashSeverity,crashSHDescription,crashYear,debris,directionRoleDescription,ditch,fatalCount,fence,flatHill,guardRail,holiday,houseOrBuilding,intersection,kerb,light,meshblockId,minorInjuryCount,moped,motorcycle,NumberOfLanes,objectThrownOrDropped,otherObject,otherVehicleType,overBank,parkedVehicle,pedestrian,phoneBoxEtc,postOrPole,region,roadCharacter,roadLane,roadSurface,roadworks,schoolBus,seriousInjuryCount,slipOrFlood,speedLimit,strayAnimal,streetLight,suv,taxi,temporarySpeedLimit,tlaId,tlaName,trafficControl,trafficIsland,trafficSign,train,tree,truck,unknownVehicleType,urban,vanOrUtility,vehicle,waterRiver,weatherA,weatherB
1770109.5182,5915651.9499,882039,,522712,0,,0,1,,Null,2022/2023,GILLS ROAD,BUCKLANDS BEACH ROAD,,Minor Crash,No,2023,,West,,0,,Flat,,,,,,Bright sun,680808,1,1,0,2,,,0,,,,,,Auckland Region,Nil,2-way,Sealed,,0,0,,50,,Off,0,0,,76,Auckland,Give way,,,,,0,0,Urban,0,,,Fine,Null
1749789.1328,5914145.8639,882048,,511303,0,0,0,2,0,Null,2024/2025,HUGH BROWN DRIVE,MCNAUGHTON WAY,,Non-Injury Crash,No,2025,0,West,0,0,0,Flat,0,,0,,0,Bright sun,266403,0,0,0,2,0,0,0,0,1,,0,0,Auckland Region,Nil,2-way,Sealed,0,0,0,0,50,0,Off,0,0,,76,Auckland,Nil,0,0,0,0,0,0,Urban,0,0,0,Fine,Null
1752936.2944,5944362.9207,882050,,506003,0,0,0,0,0,East,2024/2025,DUCK CREEK ROAD,MESSENGER ROAD,,Serious Crash,No,2025,0,West,0,0,1,Hill Road,1,,0,,0,Bright sun,175812,0,0,0,1,0,0,0,1,0,,0,0,Auckland Region,Nil,1-way,Sealed,0,0,1,0,60,0,None,1,0,30,76,Auckland,Nil,0,1,0,1,0,1,Urban,0,0,0,Fine,Null
1764994.7266,5914714.4683,882055,,520602,0,0,0,1,0,Null,2022/2023,QUEENS ROAD,JELLICOE ROAD,,Minor Crash,No,2023,0,West,0,0,0,Flat,0,,0,,0,Dark,628700,1,0,0,2,0,0,0,0,0,,0,0,Auckland Region,Nil,1-way,Sealed,0,0,0,0,50,0,On,0,0,,76,Auckland,Traffic Signals,0,1,0,0,0,0,Urban,0,0,0,Light rain,Null
1750639.5637,5918007.3349,882056,,514801,0,0,0,1,0,West,2024/2025,NORTH-WESTERN MOTORWAY,ROSEBANK BR,,Non-Injury Crash,Yes,2025,1,West,0,0,0,Null,0,,0,,0,Bright sun,390401,0,0,0,5,0,0,0,0,0,,0,0,Auckland Region,Bridge,1-way,Sealed,0,0,0,0,100,0,Null,0,0,,76,Auckland,Nil,0,0,0,0,1,0,Open,0,0,0,Fine,Null
1765566.3951,5916203.2984,882066,,520301,0,0,0,1,0,Null,2024/2025,PILKINGTON ROAD,APIRANA AVENUE,,Minor Crash,No,2025,0,North,0,0,0,Flat,0,,0,,0,Bright sun,478000,1,0,0,2,0,0,0,0,0,,0,0,Auckland Region,Nil,2-way,Sealed,0,0,0,0,50,0,On,1,0,,76,Auckland,Give way,1,1,0,0,0,0,Urban,0,0,0,Fine,Null
1772675.4947,5894895.0547,882068,,525520,0,,0,1,,South,2023/2024,GREAT SOUTH ROAD,ROSEHILL DRIVE,,Non-Injury Crash,No,2024,,North,,0,,Flat,,,,,,Bright sun,802801,0,0,0,2,,,0,,,,,,Auckland Region,Nil,2-way,Sealed,,0,0,,50,,None,0,0,,76,Auckland,Nil,,,,,0,0,Urban,1,,,Fine,Null
1761702.5678,5906534.2609,882070,,524112,0,,0,0,,Null,2024/2025,MASSEY ROAD,MASSEY ROAD ON RAMP,,Non-Injury Crash,No,2024,,North,,0,,Flat,,,,,,Bright sun,742300,0,0,0,4,,,0,,,,,,Auckland Region,Motorway ramp,2-way,Sealed,,0,0,,50,,Off,0,0,,76,Auckland,Traffic Signals,,,,,1,0,Urban,1,,,Fine,Null
1755975.479,5916928.4034,882072,,518201,0,,0,1,,East,2024/2025,GRANGE ROAD,DOMINION ROAD,,Serious Crash,No,2024,,North,,0,,Flat,,,,,,Dark,548200,0,0,0,2,,,0,,,1,,,Auckland Region,Nil,2-way,Sealed,,0,1,,50,,On,0,0,,76,Auckland,Nil,,,,,0,0,Urban,0,,,Fine,Null
1740246.7117,5911413.3137,882076,,513020,0,,0,2,,Null,2025/2026,SCENIC DRIVE,PIHA ROAD,,Non-Injury Crash,No,2025,,West,,0,,Null,,,,,,Overcast,280302,0,0,0,2,,,0,,,,,,Auckland Region,Nil,2-way,Sealed,,0,0,,60,,Null,0,0,,76,Auckland,Give way,,,,,0,0,Urban,0,,,Fine,Null
1768685.7649,5900890.4122,882078,,525001,0,0,0,1,0,Null,2025/2026,OFF ROAD CARPARK OF SOUTH MALL,,,Serious Crash,No,2025,0,North,0,0,0,Flat,1,,0,,0,Bright sun,751600,1,0,0,,0,0,0,0,0,,0,0,Auckland Region,Nil,Off road,Sealed,0,0,1,0,,0,On,0,0,,76,Auckland,Nil,0,0,0,0,0,0,Urban,0,0,0,Light rain,Null
1761152.2554,5906953.6015,882080,,524112,0,,0,1,,South,2024/2025,SOUTH-WESTERN MOTORWAY,BADER OBR,,Non-Injury Crash,Yes,2025,,North,,0,,Flat,,,,,,Bright sun,742201,0,0,0,2,,,0,,,,,,Auckland Region,Nil,1-way,Sealed,,0,0,,100,,Off,0,0,,76,Auckland,Nil,,,,,0,0,Open,0,,,Fine,Null
1752799.9617,5935272.3936,882082,,508701,0,0,0,1,1,South,2024/2025,NORTHERN MOTORWAY,OTEHA VALLEY ROAD ON RAMP,,Non-Injury Crash,Yes,2024,0,North,0,0,0,Hill Road,1,,0,,0,Dark,178501,0,0,0,2,0,0,0,0,0,,0,0,Auckland Region,Nil,1-way,Sealed,0,0,0,0,100,0,On,0,0,,76,Auckland,Nil,0,0,0,1,0,0,Open,0,0,0,Fine,Null
1763006.6986,5907971.8866,882085,,524530,1,,0,1,,West,2022/2023,VINE STREET,MASSEY ROAD,,Minor Crash,No,2023,,South,,0,,Flat,,,,,,Overcast,733300,1,0,0,2,,,0,,,,,,Auckland Region,Nil,2-way,Sealed,,0,0,,10,,Off,0,0,,76,Auckland,Nil,,,,,0,0,Urban,0,,,Fine,Null
1729749.7477,5970642.5849,882086,,506613,0,0,0,0,0,South,2025/2026,KAIPARA COAST HIGHWAY,J FARMER ROAD,,Minor Crash,Yes,2025,0,North,0,0,1,Hill Road,0,,0,,0,Overcast,145200,1,0,0,2,0,0,0,0,0,,0,0,Auckland Region,Nil,2-way,Sealed,0,0,0,0,100,0,None,1,0,,76,Auckland,Nil,0,0,0,0,0,0,Open,0,0,0,Fine,Null
1762624.8178,5906829.0987,882088,,524302,0,0,0,2,0,South,2024/2025,RAGLAN STREET,BUCKLAND ROAD,,Non-Injury Crash,No,2025,0,South,0,0,0,Flat,0,,0,,0,Bright sun,743300,0,0,0,2,0,0,0,0,1,,0,0,Auckland Region,Nil,2-way,Sealed,0,0,0,0,50,0,Off,0,0,,76,Auckland,Nil,0,0,0,0,0,0,Urban,0,0,0,Fine,Null
1765443.5384,5901949.4518,882090,,524604,0,0,0,1,0,Null,2024/2025,ROSCOMMON ROAD,BOLDERWOOD PLACE,,Non-Injury Crash,No,2025,0,North,0,0,0,Flat,0,,0,,0,Bright sun,781302,0,0,0,2,0,0,0,0,0,,0,0,Auckland Region,Nil,1-way,Sealed,0,0,0,0,60,0,Off,0,0,,76,Auckland,Give way,1,0,0,0,0,0,Urban,0,0,0,Fine,Null
1759492.427,5916390.0654,882098,,516002,0,,0,0,,South,2023/2024,SOUTHERN MOTORWAY,MARKET ROAD OFF RAMP,,Non-Injury Crash,Yes,2024,,North,,0,,Flat,,,,,,Bright sun,492000,0,0,0,3,,,0,,,,,,Auckland Region,Nil,1-way,Sealed,,0,0,,100,,None,1,0,,76,Auckland,Nil,,,,,0,0,Open,1,,,Fine,None
1772823.4166,5896082.7984,882100,45,525410,0,,0,2,,Null,2023/2024,GREAT SOUTH ROAD,WOOD STREET,,Non-Injury Crash,No,2023,,North,,0,,Flat,,,,,,Overcast,793200,0,0,0,2,,,0,,,,,,Auckland Region,Nil,2-way,Sealed,,0,0,,50,,Off,0,0,,76,Auckland,Give way,,,,,0,0,Urban,0,,,Fine,None
1752042.8611,5915458.715,882116,,517902,0,,0,1,,West,2024/2025,SH 20,NEW NORTH ROAD,,Non-Injury Crash,Yes,2024,,West,,0,,Flat,,,,,,Dark,519702,0,0,0,3,,,0,,,,,,Auckland Region,Tunnel,1-way,Sealed,,0,0,,80,,On,0,0,50,76,Auckland,Nil,,,,,1,0,Open,0,,,Fine,Null
1755939.5558,5931458.5999,882120,,508520,0,0,0,1,0,South,2024/2025,EAST COAST ROAD,KOWHAI ROAD,,Minor Crash,No,2024,0,North,0,0,0,Flat,0,,0,,0,Overcast,189901,1,0,0,2,0,0,0,0,1,,0,0,Auckland Region,Nil,2-way,Sealed,0,0,0,0,50,0,Off,2,0,,76,Auckland,Nil,0,0,0,0,0,0,Urban,0,0,0,Fine,Null
1745452.3814,5917245.9348,882130,,510700,0,,0,2,,Null,2023/2024,GREAT NORTH ROAD,RATANUI STREET,,Non-Injury Crash,No,2023,,North,,0,,Flat,,,,,,Overcast,239900,0,0,0,2,,,0,,,,,,Auckland Region,Nil,2-way,Sealed,,0,0,,50,,Off,0,0,,76,Auckland,Traffic Signals,,,,,0,0,Urban,0,,,Fine,None
1763434.5558,5913734.9127,882132,,520402,0,0,0,1,0,West,2024/2025,MCRAE ROAD,WILSON WAY,,Non-Injury Crash,No,2024,0,East,0,0,0,Flat,0,,0,,0,Dark,640001,0,0,0,2,0,0,0,0,1,,0,0,Auckland Region,Nil,2-way,Sealed,0,0,0,0,50,0,On,0,0,,76,Auckland,Nil,0,0,0,0,0,0,Urban,1,0,0,Fine,Null
1763326.6904,5915818.2867,882140,,517202,0,,0,2,,South,2025/2026,LUNN AVENUE,ABBOTTS WAY,,Minor Crash,No,2025,,South,,0,,Flat,,,,,,Bright sun,626304,1,0,0,2,,,0,,,,,,Auckland Region,Nil,2-way,Sealed,,0,0,,50,,Off,0,0,,76,Auckland,Nil,,,,,0,0,Urban,0,,,Fine,Null
1760971.6838,5915052.5498,882146,,520202,0,,1,1,,Null,2024/2025,MAIN HIGHWAY,KALMIA STREET,,Non-Injury Crash,No,2024,,West,,0,,Hill Road,,,,,,Overcast,611700,0,0,0,2,,,0,,,,,,Auckland Region,Motorway ramp,2-way,Sealed,,1,0,,50,,Off,0,0,,76,Auckland,Give way,,,,,0,0,Urban,0,,,Fine,Null
1766906.9512,5907636.4568,882148,,523602,0,,0,1,,Null,2024/2025,BAIRDS ROAD,EAST TAMAKI ROAD,,Non-Injury Crash,No,2024,,North,,0,,Flat,,,,,,Overcast,709300,0,0,0,2,,,0,,,,,,Auckland Region,Nil,2-way,Sealed,,0,0,,50,,Off,0,0,,76,Auckland,Traffic Signals,,,,,0,0,Urban,1,,,Null,None
1765236.249,5907603.1472,882152,,522301,0,,0,1,,East,2024/2025,MOTATAU ROAD,GREAT SOUTH ROAD,,Non-Injury Crash,No,2024,,East,,0,,Flat,,,,,,Bright sun,665900,0,0,0,2,,,0,,,,,,Auckland Region,Nil,2-way,Sealed,,0,0,,50,,Off,1,0,,76,Auckland,Nil,,,,,0,0,Urban,0,,,Fine,Null
1760844.1354,5913240.4253,882158,,519900,0,,0,1,,North,2023/2024,ROCKFIELD ROAD,STATION ROAD,,Non-Injury Crash,No,2023,,South,,0,,Flat,,,,,,Dark,605200,0,0,0,2,,,0,,,,,,Auckland Region,Nil,2-way,Sealed,,0,0,,50,,On,0,0,,76,Auckland,Nil,,,,,0,0,Urban,1,,,Fine,Null
1747634.4656,5914584.1004,882163,,511100,0,,0,0,,South,2022/2023,GREAT NORTH ROAD,SABULITE ROAD,,Non-Injury Crash,No,2023,,South,,0,,Flat,,,,,,Bright sun,285202,0,0,0,4,,,0,,,,,,Auckland Region,Nil,2-way,Sealed,,0,0,,50,,Off,2,0,,76,Auckland,Nil,,,,,0,0,Urban,0,,,Fine,Null
1758862.5,5908416.5331,882176,,524002,0,0,0,2,0,North,2025/2026,MOUNTAIN ROAD,LILI CHEN WAY,,Minor Crash,No,2025,0,North,0,0,0,Flat,0,,0,,0,Bright sun,725601,1,0,0,2,0,0,0,0,1,,0,0,Auckland Region,Nil,2-way,Sealed,0,0,0,0,50,0,Off,0,0,,76,Auckland,Nil,0,0,0,0,0,0,Urban,0,0,0,Fine,Null
1745914.5285,5913974.5159,882178,,511001,0,0,0,1,0,West,2024/2025,WEST COAST ROAD,KAMARA ROAD,,Non-Injury Crash,No,2025,0,West,0,0,0,Flat,0,,0,,0,Bright sun,282602,0,0,0,2,0,0,0,0,1,,0,0,Auckland Region,Nil,2-way,Sealed,0,0,0,0,50,0,Off,0,0,,76,Auckland,Nil,0,0,0,0,1,0,Urban,0,0,0,Fine,Null
1747481.7674,5914714.348,882180,,511100,0,,0,2,,Null,2024/2025,GREAT NORTH ROAD,SABULITE ROAD,,Non-Injury Crash,No,2025,,North,,0,,Hill Road,,,,,,Dark,284800,0,0,0,5,,,0,,,,,,Auckland Region,Nil,2-way,Sealed,,0,0,,50,,On,0,0,,76,Auckland,Traffic Signals,,,,,0,0,Urban,0,,,Fine,Null
1759883.7538,5914914.6006,882186,,519400,0,0,0,3,0,North,2025/2026,WHETURANGI ROAD,WAITAPU ROAD,,Minor Crash,No,2025,0,South,0,0,0,Flat,0,,0,,0,Bright sun,617203,1,0,0,2,0,0,0,0,2,,0,0,Auckland Region,Nil,2-way,Sealed,0,0,0,0,50,0,Off,0,0,,76,Auckland,Nil,0,0,0,0,0,0,Urban,0,0,0,Fine,Null
1775943.1777,5881920.7452,882190,,521160,0,0,0,0,0,Null,2022/2023,BOMBAY OFF RAMP,MILL ROAD,,Non-Injury Crash,No,2023,0,North,0,0,0,Flat,1,,0,,0,Dark,827700,0,0,0,1,0,0,0,0,0,,0,0,Auckland Region,Overpass,1-way,Sealed,0,0,0,0,70,0,On,0,0,,76,Auckland,Give way,0,0,0,0,1,0,Urban,0,0,0,Fine,Null
1765100.959,5910069.2564,882191,,521803,0,0,0,1,0,Null,2023/2024,SOUTHERN MOTORWAY,PRINCES ST-OTAHUHU ON RAMP,,Minor Crash,Yes,2023,0,South,0,0,0,Flat,1,,0,,0,Dark,790500,1,0,0,3,0,0,0,0,0,,0,1,Auckland Region,Motorway ramp,1-way,Sealed,0,0,0,0,100,0,On,0,0,,76,Auckland,Nil,0,0,0,0,0,0,Open,0,0,0,Light rain,Null
1743672.7022,5917587.4674,882194,,513220,0,0,0,2,0,Null,2024/2025,SUMMERLAND DRIVE,BROOKWOOD DRIVE,,Non-Injury Crash,No,2024,0,South,0,0,0,Flat,0,,0,,0,Bright sun,236713,0,0,0,2,0,0,0,0,1,,0,0,Auckland Region,Nil,2-way,Sealed,1,0,0,0,50,0,Off,0,0,,76,Auckland,Stop,0,0,0,1,0,0,Urban,0,0,0,Fine,Null
1753359.0299,5914274.6492,882196,,518801,0,,0,1,,Null,2024/2025,MAIORO STREET,RICHARDSON ROAD,,Non-Injury Crash,No,2024,,South,,0,,Flat,,,,,,Overcast,578400,0,0,0,2,,,0,,,,,,Auckland Region,Nil,2-way,Sealed,,0,0,,50,,Null,0,0,,76,Auckland,Traffic Signals,,,,,0,1,Urban,0,,,Fine,None
1773841.0253,5895352.6446,882198,,525510,0,0,0,2,0,South,2024/2025,ORION STREET,CALVERT STREET,,Non-Injury Crash,No,2024,0,North,0,0,0,Flat,0,,0,,0,Dark,801300,0,0,0,2,0,0,0,0,1,,0,0,Auckland Region,Nil,2-way,Sealed,0,0,0,0,50,0,On,0,0,,76,Auckland,Nil,0,0,0,0,0,0,Urban,0,0,0,Fine,Null
1772939.7865,5891282.142,882199,,521301,0,0,0,1,0,South,2022/2023,SOUTHERN MOTORWAY,KARAKA OBR,,Non-Injury Crash,Yes,2023,0,North,0,0,0,Flat,1,,0,,0,Bright sun,809200,0,0,0,4,0,0,0,0,0,,0,0,Auckland Region,Bridge,2-way,Sealed,0,0,0,0,100,0,Off,0,0,,76,Auckland,Nil,0,0,0,0,0,0,Open,0,0,0,Fine,Null
1766137.8974,5915697.1286,882203,,520601,0,0,0,1,0,South,2023/2024,TRIPOLI ROAD,TANGAROA STREET,,Serious Crash,No,2023,0,South,0,0,0,Flat,0,,0,,0,Bright sun,633900,0,0,0,2,0,0,0,0,0,1,0,0,Auckland Region,Nil,2-way,Sealed,0,0,1,0,50,0,Off,0,0,,76,Auckland,Nil,0,0,0,1,0,0,Urban,0,0,0,Fine,Null
1754183.4998,5918877.5897,882204,,515431,0,,0,1,,Null,2024/2025,OLD MILL ROAD,BULLOCK TRACK,,Non-Injury Crash,No,2024,,East,,0,,Null,,,,,,Bright sun,403300,0,0,0,2,,,0,,,,,,Auckland Region,Nil,2-way,Sealed,,0,0,,50,,Null,1,0,,76,Auckland,Give way,,,,,0,0,Urban,1,,,Fine,Null
1754052.5795,5927840.1195,882205,,508310,0,,0,2,,East,2022/2023,BENTLEY AVENUE,DOWNING STREET,,Minor Crash,No,2023,,West,,0,,Hill Road,,,,,,Overcast,200401,1,0,0,2,,,0,,,,,,Auckland Region,Nil,2-way,Sealed,,0,0,,50,,Off,0,0,,76,Auckland,Nil,,,,,0,0,Urban,1,,,Heavy rain,Null
1767577.0238,5905411.2145,882216,,524603,0,,0,0,,South,2024/2025,SOUTHERN MOTORWAY,REAGAN OBR,,Non-Injury Crash,Yes,2024,,North,,0,,Flat,,,,,,Bright sun,780304,0,0,0,3,,,0,,,,,,Auckland Region,Nil,1-way,Sealed,,0,0,,100,,Off,0,0,,76,Auckland,Nil,,,,,1,0,Open,0,,,Fine,Null
1745499.6869,5917423.4754,882228,,510700,0,0,0,2,0,South,2024/2025,RATANUI STREET,ALDERMAN DRIVE,,Non-Injury Crash,No,2025,0,South,0,0,0,Flat,0,,0,,0,Overcast,239900,0,0,0,2,0,0,0,0,1,,0,0,Auckland Region,Nil,2-way,Sealed,0,0,0,0,50,0,Off,0,0,,76,Auckland,Nil,0,0,0,0,0,0,Urban,0,0,0,Fine,Null
1757544.8955,5920894.7583,882230,,514101,1,,0,1,,East,2024/2025,CUSTOMS STREET EAST,QUEEN STREET,,Non-Injury Crash,No,2025,,East,,0,,Flat,,,,,,Twilight,437903,0,0,0,4,,,0,,,,,,Auckland Region,Nil,2-way,Sealed,,0,0,,30,,Off,0,1,,76,Auckland,Nil,,,,,0,0,Urban,0,,,Fine,Null
1755601.5999,5934661.5511,882232,,507200,0,,0,2,,North,2024/2025,BEACH ROAD,PHILSON TERRACE,,Non-Injury Crash,No,2025,,South,,0,,Null,,,,,,Unknown,156102,0,0,0,2,,,0,,,,,,Auckland Region,Nil,2-way,Null,,0,0,,50,,Null,0,0,,76,Auckland,Nil,,,,,0,0,Urban,0,,,Null,Null
1765646.1564,5902644.123,882238,,524604,0,0,0,0,0,Null,2024/2025,TACOMA ROAD,MATUKUTURURU ROAD,,Non-Injury Crash,No,2024,0,North,0,0,1,Flat,0,,0,,0,Twilight,781302,0,0,0,2,0,0,0,0,0,,0,0,Auckland Region,Nil,2-way,Sealed,0,0,0,0,50,0,On,0,0,,76,Auckland,Give way,0,0,0,0,0,0,Urban,1,0,0,Fine,Null
1764041.4103,5904256.3829,882242,,524604,0,,0,2,,North,2024/2025,SOUTH-WESTERN MOTORWAY,CAVENDISH DRIVE ON RAMP,,Non-Injury Crash,Yes,2025,,North,,0,,Flat,,,,,,Overcast,781100,0,0,0,2,,,0,,,,,,Auckland Region,Overpass,1-way,Sealed,,0,0,,100,,Off,0,0,,76,Auckland,Nil,,,,,0,0,Open,1,,,Fine,Null
1761610.2777,5906432.1238,882244,,524200,0,0,0,1,0,Null,2024/2025,MASSEY ROAD,TIDAL ROAD,,Non-Injury Crash,No,2025,0,East,0,0,1,Flat,0,,0,,0,Dark,728700,0,0,0,4,0,0,0,0,0,,0,0,Auckland Region,Nil,2-way,Sealed,0,0,0,0,50,0,On,0,0,,76,Auckland,Traffic Signals,0,1,0,0,0,0,Urban,0,0,0,Fine,Null
1756177.9578,5926979.1155,882250,,507900,0,,0,1,,North,2024/2025,NORTHCOTE ROAD,TAKAPUNA GOLF COURSE,,Minor Crash,No,2025,,North,,0,,Flat,,,,,,Overcast,303501,1,0,0,4,,,0,,,1,,,Auckland Region,Nil,2-way,Sealed,,0,0,,50,,Off,0,0,,76,Auckland,Nil,,,,,0,0,Urban,0,,,Fine,Null
1759942.4419,5908517.4206,882253,,524403,0,0,0,2,0,South,2022/2023,SOUTH-WESTERN MOTORWAY,WALMSLEY OBR,,Serious Crash,Yes,2023,0,South,0,0,0,Flat,1,,0,,0,Dark,729800,0,0,0,3,0,0,0,0,0,,0,0,Auckland Region,Nil,1-way,Sealed,0,0,1,0,100,0,On,0,0,,76,Auckland,Nil,0,0,0,0,0,0,Open,0,0,0,Fine,Null
1754246.1473,5931119.6262,882254,,508420,0,0,0,1,0,South,2024/2025,UPPER HARBOUR HWY OFF RAMP,UPPER HARBOUR HIGHWAY,,Non-Injury Crash,Yes,2024,0,North,0,0,0,Hill Road,1,,0,,0,Dark,182001,0,0,0,2,0,0,0,0,0,,0,0,Auckland Region,Motorway ramp,1-way,Sealed,0,0,0,0,100,0,On,0,0,,76,Auckland,Nil,0,0,0,0,0,0,Open,0,0,0,Light rain,Null
1758667.4075,5911763.2281,882256,45,519810,0,0,0,1,0,West,2025/2026,NEILSON STREET OFF RAMP,GLOUCESTER PARK ROAD,,Non-Injury Crash,No,2025,0,East,0,0,1,Flat,0,,0,,0,Dark,602200,0,0,0,1,0,0,0,0,0,,0,1,Auckland Region,Motorway ramp,1-way,Sealed,0,0,0,0,50,0,On,0,0,,76,Auckland,Nil,0,0,0,0,0,0,Urban,0,0,0,Fine,Null
1766605.4464,5884960.7012,882260,,521122,0,0,0,1,0,North,2024/2025,OSTRICH FARM ROAD,HEIGHTS ROAD,,Non-Injury Crash,No,2024,0,East,1,0,0,Hill Road,0,,0,,0,Bright sun,813002,0,0,0,2,0,0,0,0,0,,0,0,Auckland Region,Nil,2-way,Sealed,0,0,0,0,60,0,None,0,0,,76,Auckland,Nil,0,0,0,0,0,0,Urban,0,0,0,Fine,Null
1765194.1103,5918903.8784,882262,,516602,0,0,0,2,0,West,2024/2025,TARAWERA TERRACE,LONG DRIVE,,Non-Injury Crash,No,2024,0,East,0,0,0,Flat,0,,0,,0,Dark,507800,0,0,0,2,0,0,0,0,1,,0,0,Auckland Region,Nil,2-way,Sealed,0,0,0,0,50,0,On,1,0,,76,Auckland,Nil,0,0,0,0,0,0,Urban,0,0,0,Fine,Null
1741441.5306,5916258.1584,882266,,513020,0,0,0,1,1,East,2024/2025,VINEYARD ROAD,COULTER ROAD,,Minor Crash,No,2025,0,North,0,0,0,Hill Road,0,,0,,0,Dark,279800,1,0,0,1,0,0,0,0,0,,0,0,Auckland Region,Nil,2-way,Sealed,0,0,0,0,50,0,None,0,0,,76,Auckland,Nil,0,0,0,0,0,0,Urban,0,0,0,Fine,Null
1767795.9482,5899965.5294,882270,,525101,0,0,0,1,0,Null,2024/2025,FRIEDLANDERS ROAD,RUBY STREET,,Minor Crash,No,2025,0,North,0,0,0,Flat,0,,0,,0,Dark,772000,1,0,0,2,0,0,0,0,0,,0,1,Auckland Region,Nil,2-way,Sealed,0,0,0,0,30,0,On,0,0,,76,Auckland,Give way,0,0,0,0,0,0,Urban,0,0,0,Fine,Null
1741847.9276,5918573.045,882272,,513214,0,0,0,0,0,Null,2024/2025,POOKS ROAD,HETHERINGTON ROAD,,Non-Injury Crash,No,2025,0,East,0,0,0,Flat,0,,0,,0,Dark,238402,0,0,0,2,0,0,0,0,1,,0,0,Auckland Region,Nil,2-way,Sealed,0,0,0,0,50,0,On,0,0,,76,Auckland,Give way,0,0,0,0,0,0,Urban,2,0,0,Light rain,Null
1758465.2213,5920224.5636,882280,,515902,0,,0,2,,South,2024/2025,PARNELL ROAD,AUGUSTUS TERRACE,,Non-Injury Crash,No,2025,,North,,0,,Hill Road,,,,,,Overcast,452200,0,0,0,2,,,0,,,,,,Auckland Region,Nil,2-way,Sealed,,0,0,,60,,None,0,0,,76,Auckland,Nil,,,,,0,0,Urban,0,,,Fine,None
1765417.1016,5909032.1323,882292,,523403,0,,0,2,,South,2024/2025,SOUTHERN MOTORWAY,HIGHBROOK DRIVE ON RAMP,,Non-Injury Crash,Yes,2024,,North,,0,,Flat,,,,,,Overcast,700200,0,0,0,3,,,0,,,,,,Auckland Region,Nil,1-way,Sealed,,0,0,,100,,Off,0,0,,76,Auckland,Nil,,,,,0,0,Open,0,,,Light rain,Null
1769274.8332,5911471.8363,882297,,523113,0,,0,2,,Null,2022/2023,TI RAKAU DRIVE,JOSEPHS WAY,,Minor Crash,No,2023,,West,,0,,Flat,,Queens Birthday,,,,Bright sun,711703,1,0,0,6,,,0,,,,,,Auckland Region,Nil,2-way,Sealed,,0,0,,50,,Off,0,0,,76,Auckland,Nil,,,,,0,0,Urban,0,,,Fine,Null
1756022.5124,5912554.1494,882300,,518701,0,0,0,2,0,West,2024/2025,OLSEN AVENUE,EATON ROAD,,Non-Injury Crash,No,2025,0,South,0,0,0,Null,0,,0,,1,Dark,572600,0,0,0,2,0,0,0,0,1,,0,1,Auckland Region,Nil,2-way,Sealed,0,0,0,0,50,0,Null,0,0,,76,Auckland,Nil,0,0,0,0,0,0,Urban,0,0,0,Null,Null
1747122.0548,5912128.0811,882301,,511901,0,,0,2,,South,2022/2023,KAURILANDS ROAD,WILLOWBROOK PLACE,,Minor Crash,No,2023,,South,,0,,Flat,,,,,,Dark,294600,2,0,0,2,,,0,,,1,,,Auckland Region,Nil,2-way,Sealed,,0,0,,50,,On,0,0,,76,Auckland,Nil,,,,,0,0,Urban,0,,,Fine,Null
1768145.578,5902573.3348,882302,,524602,0,,0,2,,Null,2025/2026,GREAT SOUTH ROAD,COSTAR PLACE,,Minor Crash,No,2025,,North,,0,,Hill Road,,,,,,Bright sun,780407,2,0,0,4,,,0,,,,,,Auckland Region,Nil,2-way,Sealed,,0,0,,50,,Off,0,0,,76,Auckland,Stop,,,,,0,0,Urban,0,,,Fine,Null
1756486.0192,5924607.9667,882305,,509702,0,,0,3,,South,2023/2024,NORTHERN MOTORWAY,ONEWA ROAD OFF RAMP,,Non-Injury Crash,Yes,2023,,South,,0,,Flat,,,,,,Overcast,366700,0,0,0,3,,,0,,,,,,Auckland Region,Nil,1-way,Sealed,,0,0,,100,,Off,0,0,,76,Auckland,Nil,,,,,0,0,Open,1,,,Fine,Null
1761717.7,5906331.5841,882310,,524200,0,,0,1,,North,2024/2025,TIDAL ROAD,COLIN STREET,,Non-Injury Crash,No,2024,,North,,0,,Flat,,,,,,Overcast,728700,0,0,0,2,,,0,,,,,,Auckland Region,Nil,2-way,Sealed,,0,0,,50,,Off,1,0,,76,Auckland,Nil,,,,,0,0,Urban,0,,,Fine,Null
1770225.3097,5916181.6609,882330,,522604,0,0,0,2,0,South,2024/2025,BUCKLANDS BEACH ROAD,LOLOMA DRIVE,,Non-Injury Crash,No,2025,0,North,0,0,0,Hill Road,0,,0,,0,Bright sun,677905,0,0,0,2,0,0,0,0,1,,0,0,Auckland Region,Nil,2-way,Sealed,0,0,0,0,50,0,Off,0,0,40,76,Auckland,Nil,0,0,0,0,0,0,Urban,0,0,0,Fine,Null
1769996.1343,5911259.1003,882332,45,523105,0,,0,2,,Null,2024/2025,TI RAKAU DRIVE,TE KOHA ROAD,,Non-Injury Crash,No,2024,,East,,0,,Flat,,,,,,Bright sun,711181,0,0,0,3,,,0,,,,,,Auckland Region,Nil,1-way,Sealed,,0,0,,50,,Off,0,0,,76,Auckland,Traffic Signals,,,,,0,0,Urban,0,,,Fine,None