X,Y,OBJECTID,advisorySpeed,areaUnitID,bicycle,bridge,bus,carStationWagon,cliffBank,crashDirectionDescription,crashFinancialYear,crashLocation1,crashLocation2,crashRoadSideRoad,crashSeverity,crashSHDescription,crashYear,debris,directionRoleDescription,ditch,fatalCount,fence,flatHill,guardRail,holiday,houseOrBuilding,intersection,kerb,light,meshblockId,minorInjuryCount,moped,motorcycle,NumberOfLanes,objectThrownOrDropped,otherObject,otherVehicleType,overBank,parkedVehicle,pedestrian,phoneBoxEtc,postOrPole,region,roadCharacter,roadLane,roadSurface,roadworks,schoolBus,seriousInjuryCount,slipOrFlood,speedLimit,strayAnimal,streetLight,suv,taxi,temporarySpeedLimit,tlaId,tlaName,trafficControl,trafficIsland,trafficSign,train,tree,truck,unknownVehicleType,urban,vanOrUtility,vehicle,waterRiver,weatherA,weatherB
1770112.8151,5898453.3225,882349,,523920,0,0,0,1,0,South,2023/2024,SOUTHERN MOTORWAY,WALTER STREVENS OBR,,Non-Injury Crash,Yes,2023,0,North,0,0,0,Flat,1,,0,,0,Dark,767918,0,0,0,3,0,0,0,0,0,,0,0,Auckland Region,Nil,1-way,Sealed,0,0,0,0,100,0,On,0,0,,76,Auckland,Nil,0,0,0,0,0,0,Open,0,0,0,Fine,Strong wind
1742939.9427,5925910.1113,882361,,513410,0,,0,3,,South,2023/2024,NORTH-WESTERN MOTORWAY,SH 16,,Minor Crash,Yes,2023,,North,,0,,Flat,,,,,,Overcast,223100,2,0,0,2,,,0,,,,,,Auckland Region,Nil,1-way,Sealed,,0,0,,80,,Off,1,0,,76,Auckland,Nil,,,,,0,0,Open,0,,,Heavy rain,Null
1755551.9218,5929032.5314,882362,,508510,0,0,0,0,0,Null,2024/2025,TRISTRAM AVENUE,TRISTRAM AVENUE ON RAMP,,Non-Injury Crash,No,2024,0,East,0,0,0,Hill Road,0,,0,,0,Overcast,195200,0,0,0,3,0,0,0,0,0,,0,0,Auckland Region,Nil,1-way,Sealed,0,0,0,0,50,0,Off,0,0,,76,Auckland,Traffic Signals,0,1,0,0,1,0,Urban,0,0,0,Light rain,Null
1734726.0779,5918527.444,882368,,513800,0,0,0,1,0,North,2024/2025,TE HENGA ROAD,AIO WIRA ROAD,,Non-Injury Crash,No,2025,0,West,1,0,0,Flat,0,,0,,0,Dark,281700,0,0,0,2,0,0,0,0,0,,0,0,Auckland Region,Nil,2-way,Sealed,0,0,0,0,60,0,None,0,0,,76,Auckland,Nil,0,0,0,0,0,0,Urban,0,0,0,Fine,Null
1757741.9306,5914491.2006,882372,,518600,0,0,0,3,0,East,2024/2025,SELWYN ROAD,BISHOP STREET,,Non-Injury Crash,No,2024,0,West,0,0,0,Flat,0,,0,,0,Bright sun,566000,0,0,0,2,0,0,0,0,1,,0,0,Auckland Region,Nil,2-way,Sealed,0,0,0,0,50,0,Off,0,0,,76,Auckland,Nil,0,0,0,0,0,0,Urban,0,0,0,Fine,Null
1744614.458,5919806.5094,882380,,513301,0,,0,2,,West,2024/2025,UNIVERSAL DRIVE,RATHGAR ROAD,,Minor Crash,No,2024,,East,,0,,Flat,,,,,,Bright sun,234302,2,0,0,3,,,0,,,,,,Auckland Region,Nil,2-way,Sealed,,0,0,,50,,Off,0,0,,76,Auckland,Nil,,,,,0,0,Urban,0,,,Fine,Null
1768628.4925,5899116.6755,882389,,525102,0,,0,1,,North,2022/2023,COXHEAD ROAD,HOBART CRESCENT,,Non-Injury Crash,No,2023,,North,,0,,Hill Road,,,,,,Overcast,768800,0,0,0,2,,,0,,,,,,Auckland Region,Nil,2-way,Sealed,,0,0,,50,,Off,1,0,,76,Auckland,Nil,,,,,0,0,Urban,0,,,Fine,Null
1771957.8685,5913663.9014,882392,,523102,0,,0,2,,Null,2024/2025,WHITFORD ROAD,NICHOLAS ROAD,,Minor Crash,No,2024,,South,,0,,Flat,,,,,,Twilight,711026,1,0,0,2,,,0,,,,,,Auckland Region,Nil,2-way,Sealed,,0,0,,50,,On,0,0,,76,Auckland,Stop,,,,,0,0,Urban,0,,,Fine,Null
1757685.5993,5918311.876,882394,,514302,0,,0,2,,South,2024/2025,SOUTHERN MOTORWAY,KHYBER PASS ROAD ON RAMP,,Non-Injury Crash,Yes,2025,,North,,0,,Flat,,,,,,Overcast,442100,0,0,0,5,,,0,,,,,,Auckland Region,Nil,1-way,Sealed,,0,0,,80,,Off,0,0,,76,Auckland,Nil,,,,,0,0,Open,0,,,Light rain,Null
1757954.0606,5920767.4034,882402,,514103,0,,1,0,,Null,2024/2025,ANZAC AVENUE,BEACH ROAD,,Non-Injury Crash,No,2024,,North,,0,,Null,,,,,,Bright sun,438301,0,0,0,4,,,0,,,,,,Auckland Region,Nil,2-way,Sealed,,0,0,,30,,Off,1,0,,76,Auckland,Traffic Signals,,,,,0,0,Urban,0,,,Fine,Null
1756276.0607,5920676.525,882404,,514102,0,,0,1,,North,2024/2025,NORTHERN MOTORWAY,WELLINGTON STREET ON RAMP,,Non-Injury Crash,Yes,2024,,North,,0,,Flat,,,,,,Overcast,432500,0,0,0,3,,,0,,,,,,Auckland Region,Tunnel,1-way,Sealed,,0,0,,80,,On,0,0,,76,Auckland,Nil,,,,,0,0,Open,1,,,Fine,Null
1770425.1045,5916998.0884,882405,,522601,0,0,0,3,0,South,2023/2024,OLIVER ROAD,QUEDLEY COURT,,Serious Crash,No,2023,0,North,0,0,0,Hill Road,0,,0,,0,Bright sun,678004,0,0,0,2,0,0,0,0,1,,0,0,Auckland Region,Nil,2-way,Sealed,0,0,1,0,50,0,Off,0,0,,76,Auckland,Nil,0,0,0,0,0,0,Urban,0,0,0,Fine,Null
1769475.6328,5902099.3652,882410,,523814,0,,0,1,,Null,2022/2023,SOUTHERN MOTORWAY,HILL ROAD-MANUREWA OFF RAMP,,Non-Injury Crash,Yes,2023,,South,,0,,Flat,,,,,,Overcast,760702,0,0,0,3,,,0,,,,,,Auckland Region,Nil,1-way,Sealed,,0,0,,100,,On,0,0,,76,Auckland,Nil,,,,,0,0,Open,1,,,Light rain,None
1760260.8091,5915830.583,882412,,516003,0,0,0,1,0,South,2025/2026,SOUTHERN MOTORWAY,GREENLANE INT S,,Non-Injury Crash,Yes,2025,0,North,0,0,0,Flat,1,,0,,0,Overcast,494902,0,0,0,3,0,0,0,0,0,,0,0,Auckland Region,Nil,1-way,Sealed,0,0,0,0,100,0,Off,0,0,,76,Auckland,Nil,0,0,0,0,0,0,Open,0,0,0,Fine,Null
1745209.3115,5909493.3334,882413,,512700,0,0,0,2,0,Null,2022/2023,HUIA ROAD,SYLVAN VALLEY AVENUE,,Minor Crash,No,2023,0,South,0,0,1,Hill Road,0,,0,,0,Dark,301600,1,0,0,2,0,0,0,0,1,,0,0,Auckland Region,Nil,2-way,Sealed,0,0,0,0,50,0,None,0,0,,76,Auckland,Stop,0,0,0,0,0,0,Urban,0,0,0,Fine,Null
1753712.1739,5932007.311,882416,,508807,0,,0,1,,North,2025/2026,NORTHERN MOTORWAY,UPPER HARBOUR HIGHWAY,,Non-Injury Crash,Yes,2025,,North,,0,,Flat,,,,,,Dark,180810,0,0,0,3,,,0,,,,,,Auckland Region,Nil,1-way,Sealed,,0,0,,100,,On,0,0,,76,Auckland,Nil,,,,,0,0,Open,1,,,Fine,Null
1742835.8878,5919052.7328,882418,,513211,0,,0,1,,Null,2025/2026,ARMADA DRIVE,SWANSON ROAD,,Minor Crash,No,2025,,South,,0,,Flat,,,,,,Overcast,235724,1,0,0,3,,,0,,,1,,,Auckland Region,Nil,2-way,Sealed,,0,0,,50,,On,0,0,,76,Auckland,Traffic Signals,,,,,0,0,Urban,0,,,Fine,Null
1755251.4046,5914460.9045,882420,,518500,0,,0,2,,East,2024/2025,KEYSTONE AVENUE,DOMINION ROAD,,Non-Injury Crash,No,2025,,West,,0,,Flat,,,,,,Overcast,561000,0,0,0,2,,,0,,,,,,Auckland Region,Nil,2-way,Sealed,,0,0,,50,,Off,0,0,,76,Auckland,Nil,,,,,0,0,Urban,0,,,Fine,Null
1755034.1291,5913740.542,882422,,518803,0,,1,0,,Null,2023/2024,DENBIGH AVENUE,DOMINION ROAD,,Non-Injury Crash,No,2024,,West,,0,,Flat,,,,,,Bright sun,582500,0,0,0,2,,,0,,,,,,Auckland Region,Nil,2-way,End of seal,,0,0,,50,,Off,1,0,,76,Auckland,Give way,,,,,0,0,Urban,0,,,Fine,None
1770943.1612,5914530.9885,882426,,522722,0,,1,1,,South,2024/2025,BOTANY ROAD,BOTANY ROAD,,Non-Injury Crash,No,2025,,South,,0,,Flat,,,,,,Bright sun,647601,0,0,0,2,,,0,,,,,,Auckland Region,Nil,2-way,Sealed,,0,0,,50,,Off,0,0,,76,Auckland,Nil,,,,,0,0,Urban,0,,,Fine,Null
1758383.9999,5917895.9961,882442,,517400,0,,0,1,,Null,2024/2025,BROADWAY,MORTIMER PASS,,Non-Injury Crash,No,2024,,North,,0,,Flat,,,,,,Overcast,451300,0,0,1,4,,,0,,,,,,Auckland Region,Nil,2-way,Sealed,,0,0,,50,,Null,0,0,,76,Auckland,Traffic Signals,,,,,0,0,Urban,0,,,Null,Null
1752762.3873,5935341.7252,882445,,508701,0,,0,2,,North,2022/2023,NORTHERN MOTORWAY,OTEHA VALLEY OBR,,Non-Injury Crash,Yes,2023,,North,,0,,Flat,,,,,,Bright sun,178501,0,0,0,2,,,0,,,,,,Auckland Region,Nil,1-way,Sealed,,0,0,,100,,Off,0,0,,76,Auckland,Nil,,,,,0,0,Open,0,,,Fine,Null
1770718.6486,5897283.867,882448,,523912,0,,0,2,,South,2024/2025,SOUTHERN MOTORWAY,PAHUREHURE NO 1 BR,,Non-Injury Crash,Yes,2025,,North,,0,,Flat,,,,,,Bright sun,767803,0,0,0,3,,,0,,,,,,Auckland Region,Nil,1-way,Sealed,,0,0,,100,,Null,0,0,,76,Auckland,Nil,,,,,0,0,Open,0,,,Fine,Null
1757235.5514,5926963.7742,882454,,507900,0,,0,2,,Null,2024/2025,ANZAC STREET,FRED THOMAS DRIVE,,Non-Injury Crash,No,2025,,West,,0,,Flat,,,,,,Bright sun,305000,0,0,0,6,,,0,,,,,,Auckland Region,Nil,2-way,Sealed,,0,0,,50,,Off,0,0,,76,Auckland,Traffic Signals,,,,,0,0,Urban,0,,,Fine,Null
1758836.5552,5906438.9716,882457,,524200,0,,0,2,,Null,2022/2023,RICHARD PEARSE DRIVE,FREIGHT PLACE,,Minor Crash,No,2023,,North,,0,,Flat,,,,,,Overcast,726400,1,0,0,2,,,0,,,,,,Auckland Region,Nil,2-way,Sealed,,0,0,,50,,Off,0,0,,76,Auckland,Nil,,,,,0,0,Urban,0,,,Fine,Null
1746018.9051,5912831.0264,882461,,511001,0,,0,2,,North,2022/2023,ROSIER ROAD,GLENGARRY ROAD,,Minor Crash,No,2023,,North,,0,,Flat,,,,,,Dark,282809,2,0,0,2,,,0,,,,,,Auckland Region,Nil,2-way,Sealed,,0,0,,50,,On,0,0,,76,Auckland,Nil,,,,,0,0,Urban,0,,,Fine,Null
1757185.412,5929265.3787,882464,,507800,0,0,0,1,0,Null,2024/2025,EAST COAST ROAD,ARGYLE TERRACE,,Non-Injury Crash,No,2024,0,East,0,0,0,Flat,0,,0,,0,Bright sun,308500,0,0,0,2,0,0,0,0,0,,0,0,Auckland Region,Nil,2-way,Sealed,0,0,0,0,50,0,Off,0,0,,76,Auckland,Stop,0,0,0,1,0,0,Urban,0,0,0,Fine,Null
1766389.5314,5906059.9628,882465,,522302,0,0,0,0,0,Null,2022/2023,ALEXANDER AVENUE,GREAT SOUTH ROAD,,Non-Injury Crash,No,2023,0,South,0,0,1,Flat,0,,0,,0,Overcast,669000,0,0,0,2,0,0,0,0,0,,0,0,Auckland Region,Nil,2-way,Sealed,0,0,0,0,50,0,Off,0,0,,76,Auckland,Give way,0,0,0,0,1,0,Urban,0,0,0,Fine,Null
1763197.5483,5915985.92,882469,,516302,0,,0,1,,Null,2022/2023,ABBOTTS WAY,NGAHUE DRIVE,,Non-Injury Crash,No,2023,,East,,0,,Flat,,,,,,Dark,463708,0,0,0,3,,,0,,,,,,Auckland Region,Nil,2-way,Sealed,,0,0,,50,,On,0,0,,76,Auckland,Traffic Signals,,,,,0,0,Urban,1,,,Light rain,Null
1762210.0647,5916096.3115,882470,,516302,0,,0,2,,Null,2024/2025,ABBOTTS WAY,GRAND DRIVE,,Non-Injury Crash,No,2025,,West,,0,,Null,,,,,,Unknown,463601,0,0,0,2,,,0,,,,,,Auckland Region,Nil,2-way,Null,,0,0,,50,,Null,0,0,,76,Auckland,Traffic Signals,,,,,0,0,Urban,0,,,Null,Null
1746079.5931,5920343.7494,882480,,513301,0,,0,1,,North,2023/2024,NORTH-WESTERN MOTORWAY,HENDERSON CK BR,,Non-Injury Crash,Yes,2024,,South,,0,,Flat,,,,,,Twilight,230200,0,0,0,3,,,0,,,,,,Auckland Region,Nil,1-way,Sealed,,0,0,,100,,On,1,0,,76,Auckland,Nil,,,,,0,0,Open,0,,,Fine,Null
1752464.338,5918364.3623,882493,,515002,0,,0,2,,East,2022/2023,TUI STREET,HUIA ROAD,,Non-Injury Crash,No,2023,,East,,0,,Flat,,,,,,Bright sun,396300,0,0,0,2,,,0,,,,,,Auckland Region,Nil,2-way,Sealed,,0,0,,50,,Off,0,0,,76,Auckland,Nil,,,,,0,0,Urban,0,,,Fine,Null
1770784.2089,5888024.5803,882494,,521122,0,0,0,1,0,South,2024/2025,BURTT ROAD,CHERITON LANE,,Minor Crash,No,2025,0,North,0,0,0,Hill Road,0,,0,,0,Dark,813400,3,0,0,2,0,0,0,0,0,,0,1,Auckland Region,Nil,2-way,Sealed,0,0,0,0,80,0,Off,0,0,,76,Auckland,Nil,0,0,0,0,0,0,Open,0,0,0,Light rain,Null
1756558.2764,5926872.3523,882496,,507900,0,,0,2,,South,2024/2025,NORTHERN MOTORWAY,NORTHCOTE ROAD ON RAMP,,Non-Injury Crash,Yes,2025,,South,,0,,Flat,,,,,,Bright sun,303502,0,0,0,3,,,0,,,,,,Auckland Region,Nil,1-way,Sealed,,0,0,,100,,Off,0,0,,76,Auckland,Nil,,,,,0,0,Open,0,,,Fine,Null
1765867.6575,5906549.0169,882498,,522202,0,,0,1,,North,2024/2025,GREAT SOUTH ROAD,REX LANE,,Non-Injury Crash,No,2024,,North,,0,,Null,,,,,,Unknown,663800,0,0,0,4,,,0,,,,,,Auckland Region,Nil,2-way,Null,,0,0,,50,,Null,0,0,,76,Auckland,Nil,,,,,0,0,Urban,1,,,Null,Null
1742413.2205,5917198.2261,882505,,513220,0,0,1,1,0,North,2023/2024,SIMPSON ROAD,LAKE PANORAMA DRIVE,,Minor Crash,No,2023,0,South,0,0,0,Flat,0,,0,,0,Dark,238702,1,0,0,2,0,0,0,0,1,,0,0,Auckland Region,Nil,2-way,Sealed,0,0,0,0,50,0,On,0,0,,76,Auckland,Nil,0,0,0,0,0,0,Urban,0,0,0,Heavy rain,Null
1756209.6998,5913061.7271,882508,,518701,0,,0,1,,Null,2024/2025,SOUTH-WESTERN MOTORWAY,HILLSBOROUGH ROAD OFF RAMP,,Non-Injury Crash,Yes,2024,,South,,0,,Null,,,,,,Unknown,569000,0,0,0,2,,,0,,,,,,Auckland Region,Nil,1-way,Null,,0,0,,100,,Null,0,0,,76,Auckland,Nil,,,,,1,0,Open,0,,,Null,Null
1761021.9844,5915146.2648,882509,,520201,0,,0,2,,South,2023/2024,SOUTHERN MOTORWAY,TECOMA STREET ON RAMP,,Minor Crash,Yes,2023,,South,,0,,Flat,,,,,,Dark,613500,1,0,0,3,,,0,,,,,,Auckland Region,Nil,1-way,Sealed,,0,0,,100,,On,0,0,,76,Auckland,Nil,,,,,0,0,Open,0,,,Fine,Null
1777913.9842,5911638.7203,882516,,523202,0,,0,1,,Null,2024/2025,WHITFORD MARAETAI ROAD,WAIKOPUA ROAD,,Serious Crash,No,2025,,North,,0,,Flat,,,,,,Overcast,718300,0,0,0,2,,,0,,,,,,Auckland Region,Nil,2-way,Sealed,,0,1,,80,,Off,0,0,70,76,Auckland,Pointsman,,,,,1,0,Open,0,,,Light rain,Null
1773369.236,5897717.9227,882520,,523912,0,0,0,1,0,Null,2023/2024,GROVE ROAD,BATTALION DRIVE,,Non-Injury Crash,No,2023,0,South,0,0,0,Flat,0,,0,,0,Dark,765500,0,0,0,2,0,0,0,0,0,,0,0,Auckland Region,Nil,2-way,Sealed,0,0,0,0,50,0,On,1,0,,76,Auckland,Give way,0,0,0,0,0,0,Urban,0,1,0,Fine,None
1752384.1808,5918881.7368,882529,25,515002,1,,0,0,,North,2023/2024,WALMER ROAD,WAKATIPU STREET,,Minor Crash,No,2023,,South,,0,,Flat,,,,,,Overcast,396100,1,0,0,2,,,0,,,,,,Auckland Region,Nil,2-way,Sealed,,0,0,,50,,Off,0,0,,76,Auckland,Nil,,,,,1,0,Urban,0,,,Fine,Null
1770943.1305,5901619.6951,882530,,523813,0,0,0,1,0,South,2023/2024,ALFRISTON ROAD,RANFURLY ROAD,,Non-Injury Crash,No,2024,0,North,0,0,0,Flat,0,,0,,0,Twilight,759600,0,0,0,2,0,0,0,0,0,,0,0,Auckland Region,Nil,2-way,Sealed,0,0,0,0,50,1,None,0,0,,76,Auckland,Nil,0,0,0,0,0,0,Urban,0,0,0,Light rain,Strong wind
1754107.8384,5918306.9988,882538,,515431,0,0,0,1,0,East,2023/2024,NORTH-WESTERN MOTORWAY,ST LUKES OBR,,Non-Injury Crash,Yes,2024,0,East,0,0,0,Flat,0,,0,,0,Dark,406300,0,0,0,5,0,0,0,0,0,,0,0,Auckland Region,Nil,1-way,Sealed,0,0,0,0,80,0,On,0,0,,76,Auckland,Nil,0,0,0,1,0,0,Open,0,0,0,Fine,Null
1755807.1778,5918039.1301,882540,,517500,0,,0,1,,North,2024/2025,NEW NORTH ROAD,STORMONT PLACE,,Serious Crash,No,2025,,North,,0,,Flat,,,,,,Overcast,529700,0,0,0,4,,,0,,,1,,,Auckland Region,Nil,2-way,Sealed,,0,1,,50,,Off,0,0,,76,Auckland,Nil,,,,,0,0,Urban,0,,,Fine,Null
1742444.7469,5925863.763,882544,,513410,0,,1,1,,North,2024/2025,FRED TAYLOR DRIVE,HAILES ROAD,,Minor Crash,No,2024,,North,,0,,Hill Road,,,,,,Bright sun,220400,2,0,0,2,,,0,,,,,,Auckland Region,Nil,2-way,Sealed,,0,0,,80,,Off,0,0,,76,Auckland,Nil,,,,,0,0,Open,0,,,Fine,Null
1755606.1881,5877313.4599,882550,,521152,0,,0,0,,East,2024/2025,SHAKESPEARE ROAD,RAIL CROSSING,,Non-Injury Crash,No,2024,,East,,0,,Flat,,,,,,Twilight,832900,0,0,0,2,,,0,,,,,,Auckland Region,Nil,2-way,Sealed,,0,0,,60,,None,2,0,,76,Auckland,Nil,,,,,0,0,Urban,0,,,Fine,Null
1770621.9241,5897499.1196,882552,,523912,0,,0,2,,South,2024/2025,SOUTHERN MOTORWAY,PAHUREHURE NO 1 BR,,Non-Injury Crash,Yes,2024,,South,,0,,Flat,,,,,,Dark,767803,0,0,0,3,,,0,,,,,,Auckland Region,Nil,1-way,Sealed,,0,0,,100,,On,0,0,,76,Auckland,Nil,,,,,0,0,Open,0,,,Fine,Null
1767710.6919,5901930.2585,882554,,524720,0,0,0,1,0,Null,2024/2025,STURDEE ROAD,MARTIN ROAD,,Non-Injury Crash,No,2025,0,South,0,0,1,Flat,0,,0,,0,Bright sun,779800,0,0,0,2,0,0,0,0,0,,0,0,Auckland Region,Nil,2-way,Sealed,0,0,0,0,50,0,Off,0,0,40,76,Auckland,Give way,0,0,0,0,0,0,Urban,1,0,0,Fine,Null
1769633.4725,5906953.8318,882558,,523713,0,0,0,1,0,North,2024/2025,CHAPEL ROAD,MICHAEL JONES DRIVE,,Serious Crash,No,2025,0,South,0,0,1,Flat,0,,0,,0,Dark,713100,3,0,0,2,0,0,0,0,1,,0,0,Auckland Region,Nil,2-way,Sealed,0,0,1,0,50,0,On,1,0,,76,Auckland,Nil,0,0,0,0,0,0,Urban,2,0,0,Fine,Null
1754177.7741,5917344.0596,882560,,517600,0,,0,2,,Null,2023/2024,NEW NORTH ROAD,SAINSBURY ROAD,,Non-Injury Crash,No,2024,,West,,0,,Flat,,,,,,Dark,534800,0,0,0,4,,,0,,,,,,Auckland Region,Nil,2-way,Sealed,,0,0,,50,,On,0,0,,76,Auckland,Stop,,,,,0,0,Urban,0,,,Fine,Null
1743926.6433,5924012.0254,882562,,513410,0,,0,2,,Null,2024/2025,FRED TAYLOR DRIVE,HOBSONVILLE ROAD OFF RAMP,,Minor Crash,No,2024,,East,,0,,Flat,,Christmas New Year,,,,Overcast,224000,1,0,0,5,,,0,,,,,,Auckland Region,Overpass,2-way,Sealed,,0,0,,50,,On,0,0,,76,Auckland,Traffic Signals,,,,,0,0,Urban,0,,,Fine,Null
1757685.6368,5918284.29,882566,,518101,0,,0,3,,South,2023/2024,SOUTHERN MOTORWAY,KHYBER PASS ROAD OFF RAMP,,Non-Injury Crash,Yes,2024,,North,,0,,Flat,,,,,,Dark,543000,0,0,0,4,,,0,,,,,,Auckland Region,Nil,1-way,Sealed,,0,0,,80,,On,0,0,,76,Auckland,Nil,,,,,0,0,Open,0,,,Fine,Null
1769994.9587,5898441.0074,882572,,523920,0,0,0,3,0,Null,2024/2025,WALTER STREVENS DRIVE,BRYLEE DRIVE,,Minor Crash,No,2025,0,South,0,0,0,Hill Road,0,,0,,0,Dark,767918,1,0,0,2,0,0,0,0,2,,0,0,Auckland Region,Nil,2-way,Sealed,0,0,0,0,50,0,On,0,0,,76,Auckland,Give way,0,0,0,1,0,0,Urban,0,0,0,Light rain,Null
1754250.2447,5924806.737,882573,,510500,0,,0,2,,West,2023/2024,ONEWA ROAD,AORANGI PLACE,,Non-Injury Crash,No,2023,,West,,0,,Hill Road,,,,,,Twilight,355800,0,0,0,4,,,0,,,,,,Auckland Region,Nil,2-way,Sealed,,0,0,,50,,On,0,0,,76,Auckland,Nil,,,,,0,0,Urban,1,,,Fine,Null
1764016.8499,5908920.2142,882574,,521901,0,,0,1,,West,2024/2025,MANGERE ROAD,PIKI THOMPSON WAY,,Minor Crash,No,2024,,West,,0,,Flat,,,,,,Bright sun,785300,1,0,1,2,,,0,,,,,,Auckland Region,Nil,2-way,Sealed,,0,0,,50,,None,0,0,,76,Auckland,Nil,,,,,0,0,Urban,0,,,Fine,Null
1763711.7872,5904588.6658,882580,,524604,0,,0,1,,Null,2022/2023,SOUTH-WESTERN MOTORWAY,PUHINUI ROAD-SH 20B ON RAMP,,Non-Injury Crash,Yes,2023,,North,,0,,Flat,,,,,,Bright sun,780902,0,0,0,3,,,0,,,,,,Auckland Region,Nil,1-way,Sealed,,0,0,,100,,Off,0,0,,76,Auckland,Nil,,,,,1,0,Open,0,,,Fine,None
1764014.7312,5912086.3089,882582,,520500,0,,0,2,,Null,2023/2024,CLEMOW DRIVE,MONAHAN ROAD,,Non-Injury Crash,No,2024,,South,,0,,Flat,,,,,,Unknown,639500,0,0,0,2,,,0,,,,,,Auckland Region,Nil,2-way,Sealed,,0,0,,50,,Off,0,0,,76,Auckland,Give way,,,,,0,0,Urban,0,,,Fine,None
1759889.3857,5908763.2751,882583,,524403,0,1,0,2,0,Null,2023/2024,WALMSLEY ROAD,WALMSLEY ROAD OFF RAMP,,Serious Crash,No,2023,0,West,0,0,0,Hill Road,0,,0,,0,Dark,729800,0,0,0,3,0,0,0,0,0,,0,0,Auckland Region,Motorway ramp,2-way,Sealed,0,0,1,0,50,0,On,0,0,,76,Auckland,Traffic Signals,0,0,0,0,0,0,Urban,0,0,0,Fine,Null
1771706.6628,5899066.315,882586,,523911,1,,0,1,,Null,2024/2025,PORCHESTER ROAD,AIRFIELD ROAD,,Minor Crash,No,2025,,South,,0,,Flat,,,,,,Bright sun,767302,1,0,0,2,,,0,,,,,,Auckland Region,Nil,2-way,Sealed,,0,0,,50,,Off,0,0,,76,Auckland,Give way,,,,,0,0,Urban,0,,,Fine,Null
1749500.2619,5880433.5324,882591,65,521151,0,0,0,1,1,Null,2022/2023,AWHITU ROAD,CREAMERY ROAD,,Minor Crash,No,2023,0,South,0,0,0,Flat,0,,0,,0,Overcast,830800,1,0,0,2,0,0,0,0,0,,0,0,Auckland Region,Nil,2-way,Sealed,0,0,0,0,80,0,None,0,0,,76,Auckland,Give way,0,0,0,0,0,0,Open,0,0,0,Light rain,Null
1764003.8078,5912204.3127,882592,,520500,0,,0,1,,North,2024/2025,CLEMOW DRIVE,MOUNT WELLINGTON HIGHWAY,,Non-Injury Crash,No,2025,,South,,0,,Flat,,,,,,Bright sun,639500,0,0,0,2,,,0,,,,,,Auckland Region,Nil,2-way,Sealed,,0,0,,50,,None,0,0,,76,Auckland,Nil,,,,,0,0,Urban,1,,,Fine,Null
1760089.2366,5915563.1425,882594,,519400,0,,0,3,,Null,2024/2025,GREAT SOUTH ROAD,ATARANGI ROAD,,Minor Crash,No,2024,,North,,0,,Flat,,,,,,Overcast,617100,1,0,0,4,,,0,,,,,,Auckland Region,Nil,2-way,Sealed,,0,0,,50,,Off,0,0,,76,Auckland,Stop,,,,,0,0,Urban,0,,,Fine,Null
1740586.0834,5924452.4737,882601,,513701,0,0,0,1,0,North,2023/2024,NIXON ROAD,HENWOOD ROAD,,Minor Crash,No,2023,0,North,1,0,0,Hill Road,0,,0,,0,Overcast,220300,1,0,0,2,0,0,0,0,0,,0,0,Auckland Region,Nil,2-way,Sealed,0,0,0,0,80,0,None,0,0,,76,Auckland,Nil,0,0,0,0,0,0,Open,0,0,0,Fine,Null
1772742.1559,5896303.3398,882608,,525410,0,,1,0,,North,2023/2024,GREAT SOUTH ROAD,AVERILL STREET,,Minor Crash,No,2023,,North,,0,,Flat,,,,,,Bright sun,792000,1,0,0,2,,,0,,,1,,,Auckland Region,Nil,2-way,Sealed,,0,0,,50,,Off,0,0,,76,Auckland,Nil,,,,,0,0,Urban,0,,,Fine,Null
1767080.0209,5912453.7677,882616,,522910,0,,0,1,,North,2025/2026,TI RAKAU DRIVE,MARRIOTT ROAD,,Non-Injury Crash,No,2025,,South,,0,,Flat,,,,,,Dark,686000,0,0,0,4,,,0,,,,,,Auckland Region,Nil,2-way,Sealed,,0,0,,80,,On,1,0,,76,Auckland,Nil,,,,,0,0,Open,0,,,Fine,Null
1753068.8872,5914165.1532,882620,,514500,0,,0,0,,West,2024/2025,MAIORO STREET,ROSEVILLE STREET,,Non-Injury Crash,No,2025,,East,,0,,Null,,,,,,Unknown,376700,0,0,0,4,,,0,,,,,,Auckland Region,Nil,2-way,Null,,0,0,,50,,Null,1,0,,76,Auckland,Nil,,,,,1,0,Urban,0,,,Null,Null
1770086.7503,5914496.0415,882624,,522722,0,0,0,1,0,North,2024/2025,ABERFELDY AVENUE,HIGHLAND PARK DRIVE,,Non-Injury Crash,No,2025,0,South,0,0,0,Null,0,,0,,0,Bright sun,681308,0,0,0,2,0,0,0,0,1,,0,0,Auckland Region,Nil,2-way,Sealed,0,0,0,0,50,0,Null,0,0,,76,Auckland,Nil,0,0,0,0,1,0,Urban,0,0,0,Fine,Null
1759214.6924,5916781.8268,882625,,516001,0,0,0,2,0,Null,2022/2023,MOUNT HOBSON ROAD,MARKET ROAD,,Non-Injury Crash,No,2023,0,South,0,0,0,Flat,0,,0,,1,Twilight,491400,0,0,0,2,0,0,0,0,0,,0,0,Auckland Region,Nil,2-way,Sealed,0,0,0,0,50,0,On,0,0,,76,Auckland,Traffic Signals,0,0,0,0,0,0,Urban,0,0,0,Fine,Null