X,Y,OBJECTID,advisorySpeed,areaUnitID,bicycle,bridge,bus,carStationWagon,cliffBank,crashDirectionDescription,crashFinancialYear,crashLocation1,crashLocation2,crashRoadSideRoad,crashSeverity,crashSHDescription,crashYear,debris,directionRoleDescription,ditch,fatalCount,fence,flatHill,guardRail,holiday,houseOrBuilding,intersection,kerb,light,meshblockId,minorInjuryCount,moped,motorcycle,NumberOfLanes,objectThrownOrDropped,otherObject,otherVehicleType,overBank,parkedVehicle,pedestrian,phoneBoxEtc,postOrPole,region,roadCharacter,roadLane,roadSurface,roadworks,schoolBus,seriousInjuryCount,slipOrFlood,speedLimit,strayAnimal,streetLight,suv,taxi,temporarySpeedLimit,tlaId,tlaName,trafficControl,trafficIsland,trafficSign,train,tree,truck,unknownVehicleType,urban,vanOrUtility,vehicle,waterRiver,weatherA,weatherB
1746930.8649,5939518.7461,882640,,506300,0,,0,1,,Null,2024/2025,DAIRY FLAT HIGHWAY,GREEN ROAD,,Non-Injury Crash,No,2025,,East,,0,,Hill Road,,,,,,Bright sun,175904,0,0,0,2,,,0,,,,,,Auckland Region,Nil,2-way,Sealed,,0,0,,80,,Off,1,0,,76,Auckland,Stop,,,,,0,0,Open,0,,,Fine,Null
1770182.7691,5905862.8187,882653,,523712,0,0,0,2,0,East,2023/2024,CARRICKDAWSON DRIVE,HIKUAWA ROAD,,Non-Injury Crash,No,2023,0,West,0,0,0,Flat,0,,0,,0,Dark,713201,0,0,0,2,0,0,0,0,1,,0,0,Auckland Region,Nil,2-way,Sealed,0,0,0,0,50,0,On,0,0,,76,Auckland,Nil,0,0,0,0,0,0,Urban,0,0,0,Fine,Null
1771734.783,5895423.2561,882655,,525540,0,,0,1,,Null,2023/2024,ELLIOT STREET,RAY SMALL DRIVE,,Minor Crash,No,2023,,North,,0,,Hill Road,,,,,,Twilight,806401,1,0,0,2,,,0,,,,,,Auckland Region,Nil,2-way,Sealed,,0,0,,50,,On,0,0,,76,Auckland,Give way,,,,,0,0,Urban,1,,,Fine,Null
1775028.0671,5887174.9669,882657,,521132,0,,0,3,,North,2022/2023,SOUTHERN MOTORWAY,RAMARAMA OFF RAMP,,Non-Injury Crash,Yes,2023,,North,,0,,Flat,,,,,,Overcast,814003,0,0,0,2,,,0,,,,,,Auckland Region,Nil,1-way,Sealed,,0,0,,100,,Off,0,0,,76,Auckland,Nil,,,,,0,0,Open,0,,,Light rain,Null
1743127.9747,5919069.9126,882659,,513213,0,,0,2,,Null,2022/2023,SWANSON ROAD,MARINICH DRIVE,,Minor Crash,No,2023,,West,,0,,Flat,,,,,,Overcast,235904,1,0,0,2,,,0,,,,,,Auckland Region,Nil,2-way,Sealed,,0,0,,50,,Off,0,0,,76,Auckland,Give way,,,,,0,0,Urban,0,,,Fine,Null
1775100.2554,5896167.4259,882660,,525610,0,0,0,1,0,Null,2024/2025,OAKLEAF DRIVE,SETTLEMENT ROAD,,Non-Injury Crash,No,2025,0,North,0,0,0,Flat,0,Christmas New Year,0,,0,Overcast,799111,0,0,0,2,0,0,0,0,0,,0,0,Auckland Region,Nil,1-way,Sealed,0,0,0,0,50,0,Off,0,0,,76,Auckland,Give way,0,1,0,1,0,0,Urban,0,0,0,Fine,Null
1749556.9989,5945329.2598,882665,,505806,0,,0,1,,South,2022/2023,EAST COAST ROAD,GOLDWATER DRIVE,,Minor Crash,No,2023,,South,,0,,Hill Road,,,,,,Bright sun,176802,1,0,0,2,,,0,,,,,,Auckland Region,Nil,2-way,Sealed,,0,0,,60,,Off,0,0,,76,Auckland,Nil,,,,,0,0,Urban,1,,,Fine,Null
1767579.7384,5909790.3419,882667,,523112,1,,0,1,,Null,2023/2024,KERWYN AVENUE,NEILPARK DRIVE,,Minor Crash,No,2023,,South,,0,,Flat,,,,,,Dark,711600,1,0,0,2,,,0,,,,,,Auckland Region,Nil,2-way,Sealed,,0,0,,50,,On,0,0,,76,Auckland,Give way,,,,,0,0,Urban,0,,,Fine,Null
1757404.7303,5919765.4777,882669,,514103,1,,0,1,,Null,2022/2023,WAKEFIELD STREET,LYNDOCK STREET,,Minor Crash,No,2023,,North,,0,,Hill Road,,,,,,Bright sun,437000,1,0,0,3,,,0,,,,,,Auckland Region,Nil,2-way,Sealed,,0,0,,30,,Off,0,0,,76,Auckland,Give way,,,,,0,0,Urban,0,,,Fine,Null
1759951.6715,5916893.3612,882670,,516102,0,,0,1,,Null,2023/2024,REMUERA ROAD,ARMADALE ROAD,,Non-Injury Crash,No,2024,,East,,0,,Flat,,,,,,Bright sun,485100,0,0,0,4,,,0,,,,,,Auckland Region,Nil,2-way,Sealed,,0,0,,50,,Off,1,0,,76,Auckland,Stop,,,,,0,0,Urban,0,,,Fine,None
1768190.1233,5902421.0723,882678,,525001,0,,0,2,,Null,2023/2024,GREAT SOUTH ROAD,BROWNS ROAD,,Non-Injury Crash,No,2023,,North,,0,,Flat,,,,,,Bright sun,750800,0,0,0,5,,,0,,,,,,Auckland Region,Nil,2-way,Sealed,,0,0,,50,,Null,0,0,,76,Auckland,Traffic Signals,,,,,0,0,Urban,0,,,Fine,None
1758198.684,5915843.8901,882690,,519300,0,,0,1,,Null,2025/2026,OFF ROAD-PETROL STATION,,,Minor Crash,No,2025,,South,,0,,Flat,,,,,,Dark,622900,1,0,0,,,,0,,,1,,,Auckland Region,Nil,Off road,Sealed,,0,0,,,,On,0,1,,76,Auckland,Nil,,,,,0,0,Urban,0,,,Fine,Null
1769891.0234,5900868.7095,882704,,524902,0,,0,3,,South,2024/2025,SOUTHERN MOTORWAY,ALFRISTON OBR,,Non-Injury Crash,Yes,2024,,North,,0,,Flat,,,,,,Overcast,757700,0,0,0,3,,,0,,,,,,Auckland Region,Nil,1-way,Sealed,,0,0,,100,,Off,0,0,,76,Auckland,Nil,,,,,0,0,Open,0,,,Fine,Null
1774391.2695,5896009.2648,882710,45,525510,0,,0,1,,Null,2023/2024,SETTLEMENT ROAD,HARPER STREET,,Non-Injury Crash,No,2023,,West,,0,,Flat,,,,,,Dark,801002,0,0,0,2,,,0,,,,,,Auckland Region,Nil,2-way,Sealed,,0,0,,50,,On,1,0,,76,Auckland,Nil,,,,,0,0,Urban,0,,,Null,None
1763632.4122,5911600.856,882714,,520500,0,,0,1,,Null,2024/2025,VESTEY DRIVE,NIALL BURGESS ROAD,,Minor Crash,No,2025,,West,,0,,Flat,,,,,,Bright sun,637900,2,0,0,2,,,0,,,,,,Auckland Region,Nil,2-way,Sealed,,0,0,,50,,Off,0,0,,76,Auckland,Give way,,,,,0,0,Urban,1,,,Fine,Null
1768083.5744,5903853.6566,882718,,524602,0,0,0,1,0,North,2024/2025,AIRPORT OFF RAMP,GREAT SOUTH ROAD OFF RAMP,,Non-Injury Crash,Yes,2025,0,North,0,0,0,Flat,1,,0,,0,Dark,780506,0,0,0,2,0,0,0,0,0,,0,0,Auckland Region,Nil,1-way,Sealed,0,0,0,0,100,0,On,0,0,,76,Auckland,Nil,0,0,0,0,0,0,Open,0,0,0,Fine,Null
1752272.0167,5930429.5315,882720,,508803,0,,0,0,,South,2024/2025,ALBANY HIGHWAY,KORARI WAY,,Non-Injury Crash,No,2024,,South,,0,,Hill Road,,,,,,Dark,180858,0,0,0,3,,,0,,,,,,Auckland Region,Nil,2-way,Sealed,,0,0,,60,,On,1,0,,76,Auckland,Nil,,,,,0,0,Urban,1,,,Fine,Null
1770052.6278,5912866.6887,882724,,523101,0,0,0,1,0,West,2023/2024,CASCADES ROAD,BERNIE EDWARDS PLACE,,Non-Injury Crash,No,2023,0,East,0,0,0,Flat,0,,0,,0,Dark,710515,0,0,0,2,0,0,0,0,1,,0,0,Auckland Region,Nil,2-way,Unsealed,0,0,0,0,50,0,Null,0,0,,76,Auckland,Nil,0,0,0,0,0,0,Urban,0,0,0,Fine,None
1762844.5486,5912961.2509,882726,,520402,0,,0,2,,West,2024/2025,SOUTHERN MOTORWAY,SOUTH-EASTERN HWY OFF RAMP,,Non-Injury Crash,Yes,2025,,East,,0,,Flat,,,,,,Overcast,642500,0,0,0,3,,,0,,,,,,Auckland Region,Nil,1-way,Sealed,,0,0,,100,,Off,0,0,,76,Auckland,Nil,,,,,0,0,Open,0,,,Heavy rain,Null
1754531.5597,5876876.7999,882730,,526104,0,0,0,3,0,East,2024/2025,RATA STREET,HUIA STREET,,Non-Injury Crash,No,2025,0,East,0,0,0,Hill Road,0,,0,,0,Dark,836100,0,0,0,2,0,0,0,0,1,,0,0,Auckland Region,Nil,2-way,Sealed,0,0,0,0,50,0,On,0,0,,76,Auckland,Nil,0,0,0,0,0,0,Urban,0,0,0,Fine,Null
1764182.2168,5909715.7707,882734,,521901,0,,0,0,,Null,2023/2024,GREAT SOUTH ROAD,HALL AVENUE,,Non-Injury Crash,No,2024,,North,,0,,Flat,,,,,,Overcast,784100,0,0,0,2,,,0,,,,,,Auckland Region,Nil,2-way,Sealed,,0,0,,30,,Off,1,0,,76,Auckland,Stop,,,,,0,0,Urban,1,,,Fine,Null
1755628.0792,5919900.8099,882738,,514000,0,,0,1,,North,2023/2024,PONSONBY ROAD,COLLINGWOOD STREET,,Non-Injury Crash,No,2024,,South,,0,,Flat,,,,,,Dark,414900,0,0,0,4,,,0,,,,,,Auckland Region,Nil,2-way,Sealed,,0,0,,40,,On,1,0,,76,Auckland,Nil,,,,,0,0,Urban,0,,,Fine,Null
1770475.3537,5902550.3353,882749,45,523814,0,0,0,1,0,West,2022/2023,WAIRERE ROAD,KUMAR PLACE,,Non-Injury Crash,No,2023,0,South,0,0,0,Hill Road,0,,0,,0,Dark,760705,0,0,0,2,0,0,0,0,0,,0,0,Auckland Region,Nil,2-way,Sealed,0,0,0,0,50,0,On,0,0,40,76,Auckland,Nil,0,0,0,1,0,0,Urban,0,0,0,Fine,Null
1760074.8472,5913770.1987,882752,,519900,0,,1,1,,Null,2023/2024,RAWHITI ROAD,PAIHIA ROAD,,Non-Injury Crash,No,2024,,South,,0,,Flat,,,,,,Bright sun,602600,0,0,0,2,,,0,,,,,,Auckland Region,Nil,2-way,Sealed,,0,0,,50,,Off,0,0,,76,Auckland,Stop,,,,,0,0,Urban,0,,,Fine,Null
1733356.1208,5929799.8084,882756,,505601,0,,1,1,,South,2023/2024,SH 16,FACTORY ROAD,,Non-Injury Crash,Yes,2024,,West,,0,,Flat,,Easter,,,,Bright sun,216103,0,0,0,2,,,0,,,,,,Auckland Region,Nil,2-way,Sealed,,0,0,,50,,Off,1,0,,76,Auckland,Nil,,,,,0,0,Urban,0,,,Fine,Null
1742429.1244,5926436.0712,882758,,513410,0,,0,1,,Null,2024/2025,FRED TAYLOR DRIVE,SH 16,,Non-Injury Crash,No,2024,,North,,0,,Flat,,,,,,Bright sun,223100,0,0,0,2,,,0,,,,,,Auckland Region,Motorway ramp,2-way,Sealed,,0,0,,50,,Off,0,0,,76,Auckland,Give way,,,,,0,0,Urban,1,,,Fine,Null
1750053.4149,5917999.8362,882768,,514801,0,,0,2,,West,2023/2024,NORTH-WESTERN MOTORWAY,ROSEBANK BR,,Non-Injury Crash,Yes,2024,,West,,0,,Flat,,,,,,Dark,390401,0,0,0,5,,,0,,,,,,Auckland Region,Nil,1-way,Sealed,,0,0,,100,,On,0,0,,76,Auckland,Nil,,,,,0,0,Open,0,,,Fine,Null
1770785.1995,5906170.426,882770,35,523712,0,0,0,1,0,East,2023/2024,CASTLEDERG DRIVE,KILTOLE DRIVE,,Non-Injury Crash,No,2023,0,North,0,0,0,Flat,0,,0,,0,Dark,713300,0,0,0,2,0,0,0,0,1,,0,0,Auckland Region,Nil,2-way,Sealed,0,0,0,0,50,0,On,1,0,,76,Auckland,Nil,0,0,0,0,0,0,Urban,0,0,0,Fine,None
1750281.5526,5915227.1176,882772,,514802,0,0,0,1,0,East,2024/2025,NACTON LANE,SANDY LANE,,Serious Crash,No,2024,0,West,0,0,0,Flat,0,,1,,0,Bright sun,387008,0,0,0,2,0,0,0,0,0,2,0,0,Auckland Region,Nil,2-way,Sealed,0,0,1,0,50,0,Off,0,0,,76,Auckland,Nil,0,0,0,0,0,0,Urban,0,0,0,Fine,Null
1744189.2664,5931841.5761,882773,,506400,0,0,0,0,0,South,2023/2024,COATESVILLE-RIVERHEAD HIGHWAY,MILL FLAT ROAD,,Non-Injury Crash,No,2023,0,South,1,0,1,Flat,0,,0,,0,Dark,216800,0,0,0,2,0,0,0,0,0,,0,1,Auckland Region,Nil,2-way,Sealed,0,0,0,0,60,0,None,0,0,,76,Auckland,Nil,0,0,0,0,0,0,Urban,1,0,0,Heavy rain,Null
1766877.6276,5903858.4835,882789,,524604,0,,0,1,,Null,2023/2024,LAMBIE DRIVE,LAMBIE DRIVE OFF RAMP,,Minor Crash,No,2023,,South,,0,,Flat,,,,,,Dark,780210,2,0,0,4,,,0,,,,,,Auckland Region,Motorway ramp,2-way,Sealed,,0,0,,50,,On,1,0,,76,Auckland,Traffic Signals,,,,,0,0,Urban,0,,,Light rain,Null
1745320.0012,5914014.1266,882792,,512904,0,,0,1,,West,2024/2025,WEST COAST ROAD,SELAK PLACE,,Non-Injury Crash,No,2024,,West,,0,,Flat,,,,,,Bright sun,278203,0,0,0,2,,,0,,,,,,Auckland Region,Nil,2-way,Sealed,,0,0,,50,,Off,0,0,,76,Auckland,Nil,,,,,0,0,Urban,1,,,Fine,Null
1763744.0061,5913576.8152,882794,,520402,0,,1,1,,Null,2024/2025,MOUNT WELLINGTON HIGHWAY,ROSLYN ROAD,,Non-Injury Crash,No,2025,,South,,0,,Flat,,,,,,Bright sun,640002,0,0,0,4,,,0,,,,,,Auckland Region,Nil,2-way,Sealed,,0,0,,50,,Off,0,0,,76,Auckland,Stop,,,,,0,0,Urban,0,,,Fine,Null
1753831.6413,5926717.0207,882796,,508220,0,,0,1,,South,2024/2025,GLENFIELD ROAD,CORONATION ROAD,,Non-Injury Crash,No,2024,,South,,0,,Flat,,,,,,Bright sun,189400,0,0,0,2,,,0,,,,,,Auckland Region,Nil,2-way,Sealed,,0,0,,50,,Off,1,0,,76,Auckland,Isolated Pedestrian signal (non-intersection),,,,,0,0,Urban,0,,,Fine,Null
1771492.4547,5895053.7217,882797,,521201,0,0,0,1,0,South,2022/2023,PAPAKURA OFF RAMP,HINGAIA ROAD,,Non-Injury Crash,No,2023,0,North,0,0,0,Flat,1,,0,,0,Overcast,806700,0,0,0,1,0,0,0,0,0,,0,0,Auckland Region,Motorway ramp,1-way,Sealed,0,0,0,0,50,0,Off,0,0,,76,Auckland,Nil,0,0,0,0,0,0,Urban,0,0,0,Fine,Null
1761171.7921,5915204.4059,882800,,520201,0,0,0,2,0,Null,2024/2025,TECOMA STREET,ROBERT STREET,,Non-Injury Crash,No,2025,0,East,0,0,0,Flat,0,,0,,0,Dark,613500,0,0,0,2,0,0,0,0,1,,0,0,Auckland Region,Nil,2-way,Sealed,0,0,0,0,50,0,On,0,0,,76,Auckland,Give way,0,0,0,0,0,0,Urban,0,0,0,Fine,Null
1757692.6551,5918276.4225,882806,,518101,0,,0,3,,South,2024/2025,SOUTHERN MOTORWAY,KHYBER PASS ROAD OFF RAMP,,Non-Injury Crash,Yes,2024,,North,,0,,Flat,,,,,,Dark,543000,0,0,0,4,,,0,,,,,,Auckland Region,Motorway ramp,1-way,Sealed,,0,0,,80,,On,0,0,,76,Auckland,Nil,,,,,0,0,Open,0,,,Fine,Null
1751466.3711,5981189.946,882808,,506660,0,,0,0,,North,2024/2025,MATAKANA VALLEY ROAD,GOVAN WILSON ROAD,,Non-Injury Crash,No,2025,,East,,0,,Hill Road,,,,,,Dark,136203,0,0,0,2,,,0,,,,,,Auckland Region,Nil,2-way,Sealed,,0,0,,60,,None,0,0,,76,Auckland,Nil,,,,,0,0,Urban,1,,,Fine,Null
1756804.3524,5917505.066,882809,,518102,0,,0,3,,Null,2022/2023,ESPLANADE ROAD,BELLEVUE ROAD,,Non-Injury Crash,No,2023,,South,,0,,Flat,,,,,,Dark,546800,0,0,0,2,,,0,,,,,,Auckland Region,Nil,2-way,Sealed,,0,0,,50,,On,0,0,,76,Auckland,Stop,,,,,0,0,Urban,0,,,Light rain,Null
1753861.9812,5916952.4354,882818,,517800,0,0,0,1,0,North,2024/2025,ALBERTON AVENUE,TAYLORS ROAD,,Non-Injury Crash,No,2025,0,South,0,0,0,Flat,0,,0,,0,Unknown,528100,0,0,0,2,0,0,0,0,0,,0,0,Auckland Region,Nil,2-way,Sealed,0,0,0,0,30,0,Null,0,0,,76,Auckland,Nil,0,1,0,0,0,0,Urban,0,0,0,Fine,Null
1770584.1515,5898236.8264,882820,,523920,0,,0,2,,South,2024/2025,KINDERGARTEN DRIVE,WAIARI ROAD,,Non-Injury Crash,No,2024,,South,,0,,Flat,,,,,,Dark,767502,0,0,0,2,,,0,,,,,,Auckland Region,Nil,2-way,Sealed,,0,0,,50,,On,0,0,,76,Auckland,Nil,,,,,0,0,Urban,0,,,Fine,Null
1735313.8486,5945375.46,882827,,506646,0,,0,1,,West,2022/2023,KAHIKATEA FLAT ROAD,RAPSON ROAD,,Minor Crash,No,2023,,South,,0,,Flat,,,,,,Bright sun,213000,1,0,0,2,,,0,,,,,,Auckland Region,Nil,2-way,Sealed,,0,0,,80,,None,1,0,,76,Auckland,Nil,,,,,0,0,Open,0,,,Fine,Null
1759943.4433,5908515.708,882830,,524403,0,,0,1,,South,2024/2025,SOUTH-WESTERN MOTORWAY,WALMSLEY OBR,,Non-Injury Crash,Yes,2025,,South,,0,,Null,,,,,,Bright sun,729800,0,0,0,2,,,0,,,,,,Auckland Region,Nil,1-way,Sealed,,0,0,,100,,Null,0,0,,76,Auckland,Nil,,,,,0,0,Open,1,,,Fine,Null
1749884.6878,5915613.455,882832,,514802,0,0,1,1,0,South,2024/2025,RIVERSDALE ROAD,ST DAVIDS STREET,,Non-Injury Crash,No,2024,0,South,0,0,0,Null,0,,0,,0,Bright sun,386401,0,0,0,2,0,0,0,0,1,,0,0,Auckland Region,Nil,2-way,Sealed,0,0,0,0,50,0,Off,0,0,,76,Auckland,Nil,0,0,0,0,0,0,Urban,0,0,0,Fine,Null
1759905.9161,5914835.6449,882834,,519400,0,,0,0,,South,2024/2025,CAMPBELL ROAD,TE KAWA ROAD,,Serious Crash,No,2025,,South,,0,,Hill Road,,,,,,Bright sun,617800,0,0,0,3,,,0,,,1,,,Auckland Region,Nil,2-way,Sealed,,0,1,,50,,Off,1,0,,76,Auckland,Nil,,,,,0,0,Urban,0,,,Fine,Null
1755686.2208,5924095.8433,882836,,509800,0,,0,2,,Null,2024/2025,QUEEN STREET,VINCENT ROAD,,Non-Injury Crash,No,2025,,North,,0,,Flat,,,,,,Dark,359900,0,0,0,2,,,0,,,,,,Auckland Region,Nil,2-way,Sealed,,0,0,,50,,Null,0,0,,76,Auckland,Stop,,,,,0,0,Urban,0,,,Fine,Null
1756295.3132,5918957.5938,882838,,515500,0,,0,2,,North,2024/2025,NORTH-WESTERN MOTORWAY,NEWTON ROAD OFF RAMP,,Non-Injury Crash,Yes,2025,,North,,0,,Flat,,,,,,Overcast,417600,0,0,0,2,,,0,,,,,,Auckland Region,Nil,1-way,Sealed,,0,0,,80,,Off,0,0,,76,Auckland,Nil,,,,,0,0,Open,0,,,Light rain,Strong wind
1755111.0448,5932916.7529,882842,,508805,0,,0,2,,Null,2024/2025,EAST COAST ROAD,SUNRISE AVENUE,,Non-Injury Crash,No,2025,,West,,0,,Hill Road,,,,,,Bright sun,180876,0,0,0,5,,,0,,,,,,Auckland Region,Nil,2-way,Sealed,,0,0,,50,,Off,0,0,30,76,Auckland,Traffic Signals,,,,,0,0,Urban,0,,,Fine,Null
1756049.5919,5923147.6817,882852,,509800,0,0,0,0,0,South,2024/2025,NORTHERN MOTORWAY,HARBOUR BR N,,Non-Injury Crash,Yes,2024,0,South,0,0,0,Hill Road,1,,0,,0,Twilight,359200,0,0,0,2,0,0,0,0,0,,0,0,Auckland Region,Bridge,1-way,Sealed,0,0,0,0,80,0,On,1,0,,76,Auckland,Nil,0,0,0,0,0,0,Open,0,0,0,Fine,Null
1755789.1801,5928476.102,882856,,507900,0,,0,1,,South,2024/2025,NORTHERN MOTORWAY,TRISTRAM AVENUE ON RAMP,,Minor Crash,Yes,2025,,South,,0,,Flat,,,,,,Overcast,307000,1,0,1,3,,,0,,,,,,Auckland Region,Nil,1-way,Sealed,,0,0,,100,,Off,1,0,,76,Auckland,Nil,,,,,0,0,Open,0,,,Heavy rain,Null
1756032.47,5918625.2155,882866,,515500,0,,0,2,,West,2024/2025,NORTH-WESTERN MOTORWAY,WAIMA FTBR,,Non-Injury Crash,Yes,2025,,South,,0,,Flat,,,,,,Overcast,418700,0,0,0,4,,,0,,,,,,Auckland Region,Motorway ramp,1-way,Sealed,,0,0,,80,,Off,0,0,,76,Auckland,Nil,,,,,1,0,Open,0,,,Fine,Null
1752149.6242,5914233.4568,882868,,514402,0,,0,2,,Null,2024/2025,TIVERTON ROAD,WHITNEY STREET,,Non-Injury Crash,No,2025,,East,,0,,Flat,,,,,,Bright sun,380900,0,0,0,4,,,0,,,,,,Auckland Region,Nil,2-way,Unsealed,,0,0,,50,,On,0,0,,76,Auckland,Traffic Signals,,,,,0,0,Urban,0,,,Fine,Null
1773508.1854,5897342.9538,882878,,525630,0,,0,2,,Null,2024/2025,GROVE ROAD,OLD WAIROA ROAD,,Minor Crash,No,2024,,North,,0,,Flat,,,,,,Overcast,795200,1,0,0,2,,,0,,,,,,Auckland Region,Speed hump,2-way,Sealed,,0,0,,50,,Off,1,0,,76,Auckland,Stop,,,,,0,0,Urban,0,,,Heavy rain,Strong wind
1769308.0868,5907454.5375,882888,,523711,0,,0,3,,Null,2024/2025,TE IRIRANGI DRIVE,ORMISTON ROAD,,Minor Crash,No,2024,,North,,0,,Flat,,,,,,Overcast,712801,1,0,0,6,,,0,,,,,,Auckland Region,Nil,2-way,Sealed,,0,0,,50,,Off,0,0,,76,Auckland,Traffic Signals,,,,,0,0,Urban,0,,,Fine,Null
1768598.9026,5906107.3942,882890,,523721,0,,0,1,,South,2022/2023,DAWSON ROAD,FLAT BUSH ROAD,,Non-Injury Crash,No,2023,,North,,0,,Flat,,,,,,Overcast,715615,0,0,0,2,,,0,,,,,,Auckland Region,Nil,2-way,Sealed,,0,0,,50,,Off,1,0,,76,Auckland,Nil,,,,,0,0,Urban,0,,,Light rain,None
1766765.769,5904004.4464,882892,,524604,0,,0,2,,Null,2022/2023,LAMBIE DRIVE OFF RAMP,MANUKAU STATION ROAD,,Non-Injury Crash,No,2023,,South,,0,,Flat,,,,,,Overcast,780209,0,0,0,3,,,0,,,,,,Auckland Region,Nil,1-way,Sealed,,0,0,,60,,On,0,0,,76,Auckland,Traffic Signals,,,,,0,0,Urban,0,,,Fine,None
1755605.4221,5929040.7585,882898,,508510,0,0,0,1,0,West,2024/2025,TRISTRAM AVENUE,TRISTRAM AVENUE ON RAMP,,Minor Crash,No,2024,0,West,0,0,0,Flat,1,,0,,0,Bright sun,195200,1,0,0,2,0,0,0,0,0,,0,0,Auckland Region,Nil,1-way,Sealed,0,0,0,0,50,0,Off,0,0,,76,Auckland,Nil,0,0,0,0,0,0,Urban,0,0,0,Fine,Null
1751460.7066,5933636.9023,882908,,508701,0,,0,2,,East,2025/2026,ALBANY HIGHWAY,TE ARA TU PARA,,Minor Crash,No,2025,,East,,0,,Flat,,,,,,Overcast,178800,1,0,0,4,,,0,,,,,,Auckland Region,Nil,2-way,Sealed,,0,0,,50,,Off,0,0,,76,Auckland,Nil,,,,,0,0,Urban,0,,,Fine,Null
1736376.357,5988794.1793,882910,,506660,0,,0,0,,West,2024/2025,MANGAWHAI ROAD,MANGAWHAI ROAD ON RAMP,,Minor Crash,No,2024,,East,,0,,Flat,,,,,,Bright sun,135800,1,0,1,2,,,0,,,,,,Auckland Region,Nil,2-way,Sealed,,0,0,,100,,None,0,0,,76,Auckland,Nil,,,,,0,0,Open,0,,,Fine,Null
1735328.8624,5908899.8964,882918,45,513800,0,,0,1,,West,2024/2025,PIHA ROAD,ANAWHATA ROAD,,Minor Crash,No,2024,,South,,0,,Hill Road,,,,,,Overcast,282027,1,0,0,2,,,0,,,,,,Auckland Region,Nil,2-way,Sealed,,0,0,,60,,None,0,0,,76,Auckland,Nil,,,,,0,0,Urban,0,,,Mist or Fog,Null
1748612.9069,5943106.178,882924,,506201,0,,0,1,,North,2024/2025,NORTHERN MOTORWAY,WILKS OBR,,Minor Crash,Yes,2025,,North,,0,,Flat,,,,,,Bright sun,176801,1,0,0,2,,,0,,,,,,Auckland Region,Nil,1-way,Sealed,,0,0,,100,,Off,0,0,,76,Auckland,Nil,,,,,0,0,Open,1,,,Fine,Null
1758319.0369,5917719.9594,882926,,515700,0,,0,2,,South,2024/2025,SOUTHERN MOTORWAY,NEWMARKET VDT N,,Non-Injury Crash,Yes,2024,,South,,0,,Null,,,,,,Unknown,443300,0,0,0,3,,,0,,,,,,Auckland Region,Nil,1-way,Null,,0,0,,80,,Null,0,0,,76,Auckland,Nil,,,,,0,0,Open,0,,,Null,Null
1769021.1935,5911545.6191,882936,,523107,0,,0,2,,Null,2024/2025,TI RAKAU DRIVE,HARRIS ROAD,,Minor Crash,No,2025,,East,,0,,Flat,,,,,,Bright sun,711402,1,0,0,4,,,0,,,,,,Auckland Region,Nil,1-way,Sealed,,0,0,,50,,Off,0,0,,76,Auckland,Traffic Signals,,,,,0,0,Urban,0,,,Fine,Null
1757867.6458,5918717.2024,882938,,517400,0,,0,1,,South,2023/2024,PARK ROAD,CARLTON GORE ROAD,,Non-Injury Crash,No,2024,,North,,0,,Flat,,,,,,Bright sun,450100,0,0,0,2,,,0,,,,,,Auckland Region,Nil,2-way,Sealed,,0,0,,50,,Off,0,0,,76,Auckland,Nil,,,,,0,0,Urban,0,,,Null,None
1759976.1368,5915670.0609,882982,,519400,0,,0,1,,Null,2023/2024,GREAT SOUTH ROAD,PURIRI AVENUE,,Non-Injury Crash,No,2024,,South,,0,,Flat,,,,,,Bright sun,616900,0,0,0,5,,,0,,,,,,Auckland Region,Nil,2-way,Sealed,,0,0,,50,,Off,0,0,,76,Auckland,Stop,,,,,1,0,Urban,1,,,Fine,Null
1758925.747,5904967.8711,882990,,524200,0,,0,2,,North,2024/2025,GEORGE BOLT MEMORIAL DRIVE,VERISSIMO DRIVE,,Non-Injury Crash,Yes,2025,,South,,0,,Flat,,,,,,Bright sun,727700,0,0,0,3,,,0,,,,,,Auckland Region,Nil,1-way,Sealed,,0,0,,100,,Off,1,0,,76,Auckland,Nil,,,,,0,0,Open,0,,,Fine,Null
1746585.3076,5919999.7705,882992,,512402,0,0,0,2,0,South,2024/2025,NORTH-WESTERN MOTORWAY,HENDERSON CK BR,,Non-Injury Crash,Yes,2024,0,West,0,0,0,Flat,1,,0,,0,Dark,252200,0,0,0,3,0,0,0,0,0,,0,0,Auckland Region,Nil,1-way,Sealed,0,0,0,0,100,0,On,0,0,,76,Auckland,Nil,0,0,0,0,0,0,Open,0,0,0,Fine,Null
1759115.4864,5905492.604,883000,,524200,0,,0,2,,Null,2023/2024,WESTNEY ROAD,TIMBERLY ROAD,,Non-Injury Crash,No,2024,,North,,0,,Flat,,,,,,Twilight,727700,0,0,0,2,,,0,,,,,,Auckland Region,Nil,2-way,Sealed,,0,0,,50,,Off,0,0,,76,Auckland,Give way,,,,,0,0,Urban,0,,,Fine,None