X,Y,OBJECTID,advisorySpeed,areaUnitID,bicycle,bridge,bus,carStationWagon,cliffBank,crashDirectionDescription,crashFinancialYear,crashLocation1,crashLocation2,crashRoadSideRoad,crashSeverity,crashSHDescription,crashYear,debris,directionRoleDescription,ditch,fatalCount,fence,flatHill,guardRail,holiday,houseOrBuilding,intersection,kerb,light,meshblockId,minorInjuryCount,moped,motorcycle,NumberOfLanes,objectThrownOrDropped,otherObject,otherVehicleType,overBank,parkedVehicle,pedestrian,phoneBoxEtc,postOrPole,region,roadCharacter,roadLane,roadSurface,roadworks,schoolBus,seriousInjuryCount,slipOrFlood,speedLimit,strayAnimal,streetLight,suv,taxi,temporarySpeedLimit,tlaId,tlaName,trafficControl,trafficIsland,trafficSign,train,tree,truck,unknownVehicleType,urban,vanOrUtility,vehicle,waterRiver,weatherA,weatherB
1775784.4648,5882892.7298,883002,,521160,0,0,0,1,0,North,2024/2025,SOUTHERN MOTORWAY,BOMBAY ON RAMP,,Non-Injury Crash,Yes,2024,0,North,0,0,0,Hill Road,0,,0,,0,Dark,827603,0,0,0,2,0,0,0,0,0,,0,1,Auckland Region,Nil,1-way,Sealed,0,0,0,0,100,0,On,0,0,,76,Auckland,Nil,0,0,0,1,0,0,Open,0,0,0,Light rain,Null
1768280.8588,5902185.3527,883016,,525001,0,0,0,3,0,South,2024/2025,GREAT SOUTH ROAD,ORAMS ROAD,,Non-Injury Crash,No,2025,0,North,0,0,0,Flat,0,Queens Birthday,0,,0,Bright sun,750800,0,0,0,2,0,0,0,0,1,,0,0,Auckland Region,Nil,2-way,Sealed,0,0,0,0,50,0,Off,0,0,,76,Auckland,Nil,0,0,0,0,0,0,Urban,0,0,0,Fine,Null
1751355.4083,5888632.9972,883018,,521122,0,0,0,2,0,East,2024/2025,STEVENSON ROAD,SEAWAY ROAD,,Non-Injury Crash,No,2024,0,East,0,0,0,Flat,0,,0,,0,Bright sun,810607,0,0,0,2,0,0,0,0,1,,0,0,Auckland Region,Nil,2-way,Sealed,0,0,0,0,50,0,Null,0,0,,76,Auckland,Nil,0,0,0,0,0,0,Urban,0,0,0,Fine,Null
1756300.7314,5920804.1931,883020,,514102,0,,0,1,,North,2024/2025,NORTHERN MOTORWAY,NORTHERN MOTORWAY,,Non-Injury Crash,Yes,2025,,South,,0,,Flat,,,,,,Overcast,432500,0,0,0,2,,,0,,,,,,Auckland Region,Overpass,1-way,Sealed,,0,0,,80,,Off,0,0,,76,Auckland,Nil,,,,,0,0,Open,0,,,Heavy rain,Null
1756999.3569,5916636.6911,883022,,518202,0,,0,1,,South,2024/2025,MOUNT EDEN ROAD,PORONUI STREET,,Non-Injury Crash,No,2024,,North,,0,,Flat,,,,,,Overcast,550100,0,0,0,2,,,0,,,,,,Auckland Region,Nil,2-way,Sealed,,0,0,,50,,Null,0,0,,76,Auckland,Nil,,,,,0,0,Urban,1,,,Fine,Null
1738815.7604,5978409.5862,883026,,506660,0,,0,1,,Null,2024/2025,SH 1,WAYBY VALLEY ROAD,,Minor Crash,Yes,2024,,North,,0,,Flat,,Christmas New Year,,,,Bright sun,136400,2,0,0,2,,,0,,,,,,Auckland Region,Nil,2-way,Sealed,,0,0,,80,,Off,1,0,,76,Auckland,Give way,,,,,0,0,Open,0,,,Fine,Null
1765599.0047,5907018.9298,883028,,522301,0,,0,1,,Null,2025/2026,EAST TAMAKI ROAD,KELLIHER LANE,,Minor Crash,No,2025,,East,,0,,Flat,,,,,,Overcast,666200,1,0,0,4,,,0,,,1,,,Auckland Region,Nil,2-way,Sealed,,0,0,,50,,Off,0,0,,76,Auckland,Nil,,,,,0,0,Urban,0,,,Fine,Null
1768521.0404,5900898.9617,883030,25,525001,0,,0,2,,Null,2022/2023,SELWYN ROAD,LUPTON ROAD,,Non-Injury Crash,No,2023,,North,,0,,Flat,,,,,,Bright sun,752100,0,0,0,2,,,0,,,,,,Auckland Region,Nil,2-way,Sealed,,0,0,,50,,Off,0,0,,76,Auckland,Give way,,,,,0,0,Urban,0,,,Fine,None
1754795.861,5916022.5245,883032,,517702,0,,0,2,,Null,2024/2025,SANDRINGHAM ROAD,SHORWELL STREET,,Non-Injury Crash,No,2024,,South,,0,,Flat,,,,,,Bright sun,540400,0,0,0,2,,,0,,,,,,Auckland Region,Nil,2-way,Sealed,,0,0,,50,,Null,0,0,40,76,Auckland,Stop,,,,,0,0,Urban,0,,,Fine,Null
1768967.6561,5914267.9743,883038,,522721,0,,0,3,,West,2024/2025,PAKURANGA ROAD,BELLS ROAD,,Non-Injury Crash,No,2024,,West,,0,,Flat,,,,,,Overcast,681215,0,0,0,6,,,0,,,,,,Auckland Region,Nil,2-way,Sealed,,0,0,,50,,None,0,0,,76,Auckland,Nil,,,,,0,0,Urban,0,,,Light rain,Null
1759069.9193,5910484.939,883040,15,524002,0,,0,0,,North,2023/2024,CORONATION ROAD,WATERFRONT ROAD,,Non-Injury Crash,No,2024,,North,,0,,Flat,,,,,,Bright sun,721900,0,0,0,2,,,0,,,,,,Auckland Region,Nil,2-way,Sealed,,0,0,,50,,Off,1,0,,76,Auckland,Nil,,,,,0,0,Urban,1,,,Fine,None
1765338.5212,5909264.8914,883044,,523402,0,,0,2,,South,2023/2024,SOUTHERN MOTORWAY,TAMAKI RIV BR,,Non-Injury Crash,Yes,2024,,South,,0,,Flat,,,,,,Overcast,696900,0,0,0,4,,,0,,,,,,Auckland Region,Motorway ramp,1-way,Sealed,,0,0,,100,,Off,0,0,,76,Auckland,Nil,,,,,0,0,Open,0,,,Light rain,Null
1743662.9662,5923628.4139,883046,,513511,0,,1,0,,South,2024/2025,FERNHILL DRIVE,CABERNET CRESCENT,,Serious Crash,No,2025,,South,,0,,Hill Road,,,,,,Dark,224306,0,0,0,3,,,0,,,1,,,Auckland Region,Nil,2-way,Sealed,,0,1,,50,,On,0,0,,76,Auckland,Nil,,,,,0,0,Urban,0,,,Light rain,Null
1758398.8847,5917125.0215,883050,15,519200,0,0,0,2,0,West,2023/2024,CLYDE STREET,MARGOT STREET,,Non-Injury Crash,No,2024,0,East,0,0,0,Flat,0,,0,,0,Dark,613600,0,0,0,2,0,0,0,0,1,,0,0,Auckland Region,Nil,2-way,Sealed,0,0,0,0,30,0,On,0,0,,76,Auckland,Nil,0,0,0,0,0,0,Urban,0,0,0,Fine,None
1754992.793,5913497.1893,883052,,518803,0,0,0,1,0,Null,2024/2025,DOMINION ROAD OFF RAMP,DOMINION ROAD,,Non-Injury Crash,No,2024,0,West,0,0,0,Hill Road,0,,0,,0,Overcast,582700,0,0,0,2,0,0,0,0,0,,0,0,Auckland Region,Nil,1-way,Sealed,0,0,0,0,50,0,Off,0,0,,76,Auckland,Traffic Signals,0,1,0,0,0,0,Urban,0,0,0,Fine,Null
1764559.8754,5909269.6195,883054,,521802,0,,0,0,,North,2024/2025,CHURCH STREET,PUKEORA ROAD,,Minor Crash,No,2024,,North,,0,,Flat,,,,,,Bright sun,789302,1,0,0,2,,,0,,,1,,,Auckland Region,Nil,2-way,Sealed,,0,0,,30,,None,1,0,,76,Auckland,Nil,,,,,0,0,Urban,0,,,Fine,Null
1741627.3277,5915316.1298,883062,,513020,0,0,0,1,0,North,2024/2025,HENDERSON VALLEY ROAD,GUM ROAD,,Non-Injury Crash,No,2024,0,North,0,0,1,Hill Road,0,,0,,0,Dark,280103,0,0,0,2,0,0,0,0,0,,0,0,Auckland Region,Nil,2-way,Sealed,0,0,0,0,60,0,On,0,0,,76,Auckland,Nil,0,0,0,0,0,0,Urban,0,0,0,Fine,Null
1758958.0785,5904077.096,883066,,524200,0,,0,3,,Null,2024/2025,GEORGE BOLT MEMORIAL DRIVE,TE ARA KORAKO DRIVE,,Non-Injury Crash,No,2024,,South,,0,,Flat,,,,,,Overcast,727200,0,0,0,2,,,0,,,,,,Auckland Region,Nil,1-way,Sealed,,0,0,,50,,Off,0,1,,76,Auckland,Traffic Signals,,,,,0,0,Urban,0,,,Fine,Null
1752384.2621,5924949.4893,883080,,510401,0,0,0,1,0,South,2024/2025,WAIPA STREET,KAURI ROAD,,Non-Injury Crash,No,2025,0,North,0,0,0,Hill Road,0,,0,,0,Bright sun,353801,0,0,0,2,0,0,0,0,1,,0,0,Auckland Region,Nil,2-way,Sealed,0,0,0,0,50,0,Off,0,0,,76,Auckland,Nil,0,0,0,0,0,0,Urban,1,0,0,Fine,Null
1771908.7212,5894243.4325,883088,,525530,0,,0,1,,North,2024/2025,SOUTHERN MOTORWAY,PARK ESTATE OBR,,Non-Injury Crash,Yes,2024,,South,,0,,Flat,,,,,,Bright sun,804100,0,0,0,2,,,0,,,,,,Auckland Region,Motorway ramp,1-way,Sealed,,0,0,,100,,Off,0,0,,76,Auckland,Nil,,,,,0,0,Open,1,,,Fine,Null
1756906.3041,5920147.5467,883112,,514102,0,,1,1,,Null,2024/2025,HOBSON STREET,COOK STREET,,Non-Injury Crash,No,2024,,South,,0,,Flat,,,,,,Unknown,434200,0,0,0,4,,,0,,,,,,Auckland Region,Nil,1-way,Sealed,,0,0,,40,,Null,0,0,,76,Auckland,Traffic Signals,,,,,0,0,Urban,0,,,Null,Null
1765871.4302,5906542.5115,883114,,522202,0,,0,2,,North,2024/2025,GREAT SOUTH ROAD,ST GEORGE STREET,,Non-Injury Crash,No,2025,,South,,0,,Flat,,,,,,Overcast,663800,0,0,0,4,,,0,,,,,,Auckland Region,Nil,2-way,Sealed,,0,0,,50,,Off,0,0,,76,Auckland,Nil,,,,,0,0,Urban,0,,,Light rain,Strong wind
1756086.5393,5923633.9995,883118,,509800,0,0,0,1,0,South,2024/2025,NORTHERN MOTORWAY,NORTHERN BUSWAY,,Non-Injury Crash,Yes,2024,0,North,0,0,0,Hill Road,1,,0,,0,Bright sun,359100,0,0,0,5,0,0,0,0,0,,0,0,Auckland Region,Bridge,1-way,Sealed,0,0,0,0,80,0,Off,0,0,,76,Auckland,Nil,0,0,0,0,0,0,Open,0,0,0,Fine,Null
1772665.453,5896442.5743,883122,,525410,0,,0,1,,Null,2024/2025,GREAT SOUTH ROAD,BROADWAY,,Non-Injury Crash,No,2024,,South,,0,,Flat,,,,,,Overcast,792000,0,0,0,2,,,0,,,,,,Auckland Region,Nil,2-way,Sealed,,0,0,,50,,Off,0,0,,76,Auckland,Traffic Signals,,,,,0,0,Urban,1,,,Fine,Null
1749296.0786,5914258.4744,883126,,511302,0,,0,2,,Null,2024/2025,RIMU STREET,NIKAU STREET,,Non-Injury Crash,No,2024,,East,,0,,Flat,,,,,,Bright sun,268600,0,0,0,2,,,0,,,,,,Auckland Region,Nil,2-way,Sealed,,0,0,,30,,Off,0,0,,76,Auckland,Stop,,,,,0,0,Urban,0,,,Fine,Null
1769917.4984,5898895.065,883128,95,523920,0,,0,1,,Null,2023/2024,SOUTHERN MOTORWAY,TAKANINI ON RAMP,,Non-Injury Crash,Yes,2023,,South,,0,,Flat,,,,,,Bright sun,768007,0,0,0,3,,,0,,,,,,Auckland Region,Nil,1-way,Sealed,,0,0,,100,,Off,0,0,,76,Auckland,Nil,,,,,0,0,Open,1,,,Fine,None
1757798.536,5918178.1723,883134,,515700,0,,0,1,,East,2025/2026,SOUTHERN MOTORWAY,MOUNTAIN OBR,,Non-Injury Crash,Yes,2025,,North,,0,,Flat,,,,,,Overcast,443600,0,0,0,5,,,0,,,,,,Auckland Region,Nil,1-way,Sealed,,0,0,,100,,Off,0,0,,76,Auckland,Nil,,,,,0,0,Open,2,,,Light rain,Null
1742493.5393,5926409.6518,883145,,513410,0,0,0,1,0,Null,2023/2024,NORTH-WESTERN MOTORWAY,SH 16,,Minor Crash,Yes,2023,0,North,0,0,0,Flat,0,,0,,0,Overcast,223100,1,0,0,4,0,0,0,0,1,,0,0,Auckland Region,Motorway ramp,2-way,Sealed,0,0,0,0,80,0,Off,0,0,,76,Auckland,Give way,0,0,0,1,1,0,Open,0,0,0,Light rain,Null
1757380.5103,5919759.0901,883156,,514103,0,0,0,2,0,West,2023/2024,LYNDOCK STREET,WAKEFIELD STREET,,Non-Injury Crash,No,2023,0,Null,0,0,0,Hill Road,0,,0,,0,Bright sun,436801,0,0,0,2,0,0,0,0,1,,0,0,Auckland Region,Nil,2-way,Sealed,0,0,0,0,30,0,None,0,0,,76,Auckland,Nil,0,0,0,0,0,0,Urban,0,0,0,Fine,None
1768104.125,5903840.3298,883166,,524602,0,0,0,1,0,East,2024/2025,AIRPORT OFF RAMP,GREAT SOUTH OBR,,Non-Injury Crash,Yes,2024,0,North,0,0,0,Flat,0,Labour Weekend,0,,0,Dark,780506,0,0,0,2,0,0,0,0,0,,0,0,Auckland Region,Nil,1-way,Sealed,0,0,0,0,100,0,On,0,0,,76,Auckland,Nil,0,0,0,1,0,0,Open,0,0,0,Light rain,Null
1747371.01,5911773.4322,883170,,511901,0,,0,1,,North,2024/2025,ATKINSON ROAD,WOODFERN CRESCENT,,Minor Crash,No,2025,,South,,0,,Flat,,,,,,Bright sun,294702,1,0,0,2,,,0,,,4,,,Auckland Region,Nil,2-way,Sealed,,0,0,,50,,Off,0,0,20,76,Auckland,Nil,,,,,0,0,Urban,0,,,Fine,Null
1738007.3575,5923971.6026,883173,,505700,0,0,0,1,0,East,2023/2024,WAITAKERE ROAD,COTTLE ROAD,,Minor Crash,No,2024,0,West,0,0,0,Hill Road,0,,0,,0,Overcast,216300,1,0,0,2,0,0,0,0,0,,1,0,Auckland Region,Nil,2-way,Sealed,0,0,0,0,60,0,Null,0,0,,76,Auckland,Nil,0,0,0,0,0,0,Urban,0,0,0,Light rain,Null
1769188.2703,5902465.0483,883176,,523814,0,,0,2,,East,2025/2026,SOUTHERN MOTORWAY,PUHINUI STM BR,,Non-Injury Crash,Yes,2025,,South,,0,,Flat,,,,,,Overcast,760701,0,0,0,4,,,0,,,,,,Auckland Region,Nil,1-way,Sealed,,0,0,,100,,Off,0,0,,76,Auckland,Nil,,,,,0,0,Open,0,,,Light rain,Null
1767685.3588,5905043.415,883177,,524604,0,,0,2,,Null,2022/2023,TE IRIRANGI DRIVE,TE IRIRANGI DRIVE ON RAMP,,Non-Injury Crash,No,2023,,East,,0,,Flat,,,,,,Twilight,780302,0,0,0,4,,,0,,,,,,Auckland Region,Motorway ramp,2-way,Sealed,,0,0,,50,,Off,0,0,,76,Auckland,Traffic Signals,,,,,0,0,Urban,0,,,Fine,Null
1746546.3454,5916115.1391,883181,,511601,0,,0,1,,Null,2022/2023,GREAT NORTH ROAD,KIRBY STREET,,Minor Crash,No,2023,,South,,0,,Flat,,Queens Birthday,,,,Overcast,274600,1,0,0,4,,,0,,,,,,Auckland Region,Nil,2-way,Sealed,,0,0,,50,,Off,1,0,,76,Auckland,Stop,,,,,0,0,Urban,0,,,Light rain,Null
1758675.841,5920614.3582,883185,,514101,0,0,0,4,0,East,2022/2023,QUAY STREET,MONASH ST,,Minor Crash,No,2023,0,East,0,0,0,Flat,0,,0,,0,Dark,438204,1,0,0,2,0,0,0,0,1,,0,0,Auckland Region,Nil,1-way,Sealed,0,0,0,0,50,0,On,0,0,,76,Auckland,Nil,0,0,0,0,0,0,Urban,0,0,0,Fine,Null
1769095.7853,5905728.1785,883190,45,523712,0,,0,2,,South,2023/2024,DAWSON ROAD,DISSMEYER DRIVE,,Non-Injury Crash,No,2024,,South,,0,,Flat,,,,,,Dark,713015,0,0,0,2,,,0,,,,,,Auckland Region,Nil,2-way,Sealed,,0,0,,50,,On,0,0,,76,Auckland,Nil,,,,,0,0,Urban,0,,,Fine,None
1758226.888,5880937.4002,883192,,521152,0,0,0,1,1,Null,2024/2025,GLENBROOK STATION ROAD,GEARON ROAD,,Minor Crash,No,2025,0,North,0,0,0,Flat,0,,0,,0,Overcast,834400,1,0,0,2,0,0,0,0,0,,0,0,Auckland Region,Nil,2-way,Sealed,0,0,0,0,80,0,None,0,0,,76,Auckland,Give way,0,0,0,0,0,0,Open,0,0,0,Fine,Null
1768216.9999,5902439.9961,883194,,524901,0,,0,2,,Null,2022/2023,ORAMS ROAD,GREAT SOUTH ROAD,,Non-Injury Crash,No,2023,,West,,0,,Flat,,,,,,Bright sun,754200,0,0,0,2,,,0,,,,,,Auckland Region,Nil,2-way,Sealed,,0,0,,50,,Off,0,0,,76,Auckland,Traffic Signals,,,,,0,0,Urban,0,,,Fine,None
1751905.7406,5947275.1144,883202,,505808,0,0,0,2,0,South,2023/2024,RED BEACH ROAD,BAY STREET,,Non-Injury Crash,No,2024,0,North,0,0,0,Hill Road,0,,0,,0,Dark,173119,0,0,0,2,0,0,0,0,1,,0,0,Auckland Region,Nil,2-way,Sealed,0,0,0,0,50,0,On,0,0,,76,Auckland,Nil,0,0,0,0,0,0,Urban,0,0,0,Fine,Null
1772586.797,5913992.3287,883208,,521502,0,,0,0,,Null,2024/2025,BLEDISLOE STREET,PAPAROA ROAD,,Minor Crash,No,2025,,North,,0,,Flat,,,,,,Bright sun,653800,1,0,0,2,,,0,,,1,,,Auckland Region,Nil,2-way,Sealed,,0,0,,50,,Off,0,0,,76,Auckland,Nil,,,,,0,0,Urban,1,,,Fine,Null
1776615.2351,5880758.2396,883220,,521160,0,0,0,1,0,North,2025/2026,GREAT SOUTH ROAD,BEAVER ROAD EAST OFF RAMP,,Minor Crash,Yes,2025,0,South,0,0,0,Hill Road,1,,0,,0,Bright sun,827800,1,0,0,2,0,0,0,0,0,,0,0,Auckland Region,Nil,1-way,Sealed,0,0,0,0,100,0,Off,0,0,,76,Auckland,Nil,0,0,0,0,1,1,Open,1,0,0,Fine,Null
1759584.7766,5916041.6004,883232,,519200,0,,0,1,,Null,2025/2026,GREAT SOUTH ROAD,SUNNYVALE ROAD,,Serious Crash,No,2025,,South,,0,,Hill Road,,,,,,Overcast,615900,0,0,1,4,,,0,,,,,,Auckland Region,Nil,2-way,Sealed,,0,1,,50,,Null,0,0,,76,Auckland,Stop,,,,,0,0,Urban,0,,,Light rain,Null
1760118.9283,5908826.9698,883236,,524403,0,0,0,1,0,Null,2024/2025,WALMSLEY ROAD,MAHUNGA DRIVE,,Non-Injury Crash,No,2024,0,West,0,0,0,Flat,0,,0,,0,Bright sun,729800,0,0,0,2,0,0,0,0,0,,0,0,Auckland Region,Nil,2-way,Sealed,0,0,0,0,50,0,Off,0,0,,76,Auckland,Traffic Signals,0,1,0,0,0,0,Urban,0,0,0,Fine,Null
1753655.0246,5928660.3244,883248,,508320,0,,0,0,,South,2022/2023,GLENFIELD ROAD,CAMROSE PLACE,,Non-Injury Crash,No,2023,,South,,0,,Null,,,,,,Unknown,197001,0,0,0,2,,,0,,,,,,Auckland Region,Nil,1-way,Null,,0,0,,50,,On,0,0,,76,Auckland,Nil,,,,,0,0,Urban,2,,,Fine,Null
1756207.0708,5912380.7354,883252,,518701,0,0,0,1,0,North,2024/2025,OLSEN AVENUE,HILLSBOROUGH ROAD,,Non-Injury Crash,No,2024,0,South,0,0,0,Null,0,Christmas New Year,0,,0,Dark,572500,0,0,0,2,0,0,0,0,0,,0,0,Auckland Region,Nil,2-way,Sealed,0,0,0,0,50,0,Null,0,0,,76,Auckland,Nil,0,0,0,0,0,0,Urban,0,0,0,Fine,Null
1763838.7186,5912800.7377,883256,,520500,0,,0,1,,Null,2024/2025,MOUNT WELLINGTON HIGHWAY,TE PUTU AVENUE,,Non-Injury Crash,No,2024,,North,,0,,Null,,,,,,Unknown,637400,0,0,0,3,,,0,,,,,,Auckland Region,Nil,1-way,Null,,0,0,,50,,Null,1,0,,76,Auckland,Traffic Signals,,,,,0,0,Urban,0,,,Null,Null
1740193.1182,5928027.4214,883257,,505604,0,,0,2,,West,2022/2023,SH 16,OLD NORTH ROAD,,Minor Crash,Yes,2023,,South,,0,,Flat,,,,,,Bright sun,214501,1,0,0,2,,,0,,,,,,Auckland Region,Nil,2-way,Sealed,,0,0,,80,,Off,0,0,,76,Auckland,Nil,,,,,0,0,Open,0,,,Fine,Null
1754945.1943,5920889.1099,883262,,515302,0,0,0,1,0,East,2025/2026,JERVOIS ROAD,JOHN STREET,,Serious Crash,No,2025,0,East,0,0,0,Flat,0,,0,,0,Bright sun,428700,0,0,0,4,0,0,0,0,0,,0,0,Auckland Region,Nil,2-way,Sealed,0,0,1,0,50,0,Off,1,0,,76,Auckland,Nil,0,0,0,1,0,0,Urban,0,0,0,Fine,Null
1750263.6041,5915800.556,883270,,514802,0,0,0,2,0,North,2025/2026,RIVERSDALE ROAD,WAIRAU AVENUE,,Minor Crash,No,2025,0,East,0,0,0,Flat,0,,0,,0,Overcast,386200,1,0,0,2,0,0,0,0,1,,0,0,Auckland Region,Nil,2-way,Sealed,0,0,0,0,50,0,None,0,0,30,76,Auckland,Nil,0,0,0,0,0,0,Urban,0,0,0,Light rain,Null
1770931.469,5914286.5095,883275,,523101,0,,0,1,,Null,2022/2023,BOTANY ROAD,UNION ROAD,,Non-Injury Crash,No,2023,,North,,0,,Flat,,,,,,Dark,647605,0,0,0,2,,,0,,,,,,Auckland Region,Nil,2-way,Sealed,,0,0,,50,,On,1,0,,76,Auckland,Give way,,,,,0,0,Urban,0,,,Fine,Null
1769585.8042,5880571.9467,883277,,525922,0,,0,1,,Null,2022/2023,OFF ROAD THE ZONE CARPARK,,,Minor Crash,No,2023,,South,,0,,Flat,,,,,,Bright sun,823800,1,0,0,,,,0,,,1,,,Auckland Region,Nil,Off road,Sealed,,0,0,,10,,Null,0,0,,76,Auckland,Nil,,,,,0,0,Urban,0,,,Fine,Null
1773502.8021,5897358.0035,883279,,525630,0,,0,1,,Null,2023/2024,GROVE ROAD,OLD WAIROA ROAD,,Minor Crash,No,2023,,North,,0,,Flat,,,,,,Overcast,795600,1,0,0,2,,,0,,,1,,,Auckland Region,Nil,2-way,Sealed,,0,0,,50,,Off,0,0,,76,Auckland,Stop,,,,,0,0,Urban,0,,,Light rain,Null
1754218.2084,5933295.459,883282,,508804,0,0,0,2,0,South,2024/2025,HUGH GREEN DRIVE,KILLYBEGS DRIVE,,Non-Injury Crash,No,2024,0,South,0,0,0,Flat,0,,0,,0,Twilight,180704,0,0,0,2,0,0,0,0,1,,0,0,Auckland Region,Nil,2-way,Sealed,0,0,0,0,50,0,On,0,0,,76,Auckland,Nil,0,0,0,0,0,0,Urban,0,0,0,Fine,Null
1751078.2395,5934594.3987,883286,,508701,0,,0,1,,Null,2024/2025,DAIRY FLAT HIGHWAY,THE AVENUE,,Minor Crash,No,2025,,North,,0,,Flat,,,,,,Overcast,178708,1,0,0,2,,,0,,,,,,Auckland Region,Nil,2-way,Sealed,,0,0,,50,,Off,1,0,,76,Auckland,Stop,,,,,0,0,Urban,0,,,Light rain,Null
1759224.1696,5916707.3637,883290,,516001,0,,0,1,,South,2023/2024,SOUTHERN MOTORWAY,MARKET OBR,,Non-Injury Crash,Yes,2024,,North,,0,,Flat,,,,,,Dark,491700,0,0,0,3,,,0,,,,,,Auckland Region,Nil,1-way,Sealed,,0,0,,100,,On,1,0,,76,Auckland,Nil,,,,,1,1,Open,0,,,Fine,Null
1769937.7251,5909841.4909,883291,,523114,0,,0,2,,Null,2023/2024,SMALES ROAD,TE IRIRANGI DRIVE,,Minor Crash,No,2023,,West,,0,,Flat,,Christmas New Year,,,,Bright sun,711804,3,0,0,2,,,0,,,,,,Auckland Region,Nil,1-way,Sealed,,0,0,,60,,Off,0,0,,76,Auckland,Traffic Signals,,,,,0,0,Urban,0,,,Fine,Null
1754318.824,5928631.5958,883299,,508320,0,,0,1,,Null,2022/2023,WELDENE AVENUE,HATHERLOW STREET,,Minor Crash,No,2023,,East,,0,,Flat,,,,,,Bright sun,197700,1,0,0,2,,,0,,,1,,,Auckland Region,Nil,2-way,Sealed,,0,0,,50,,Off,0,0,,76,Auckland,Nil,,,,,0,0,Urban,0,,,Fine,Null
1763251.5861,5908238.8717,883300,,524402,0,,0,2,,Null,2024/2025,MASSEY ROAD,SAVILL DRIVE,,Non-Injury Crash,No,2024,,North,,0,,Flat,,,,,,Dark,750000,0,0,0,4,,,0,,,,,,Auckland Region,Nil,2-way,Sealed,,0,0,,50,,On,0,0,,76,Auckland,Traffic Signals,,,,,0,0,Urban,0,,,Fine,Null
1774665.9672,5894851.5545,883302,45,525510,0,,0,1,,Null,2025/2026,HUNUA ROAD,BOUNDARY ROAD,,Minor Crash,No,2025,,West,,0,,Flat,,,,,,Overcast,801500,1,0,0,2,,,0,,,,,,Auckland Region,Nil,2-way,Sealed,,0,0,,50,,Off,0,0,,76,Auckland,Give way,,,,,1,0,Urban,0,,,Fine,Null
1755800.2361,5919432.9227,883304,,515420,0,,0,2,,West,2023/2024,ROSE ROAD,POLLEN STREET,,Non-Injury Crash,No,2024,,East,,0,,Hill Road,,,,,,Dark,409200,0,0,0,2,,,0,,,,,,Auckland Region,Nil,2-way,Sealed,,0,0,,50,,On,0,0,,76,Auckland,Nil,,,,,0,0,Urban,0,,,Fine,None
1766723.9381,5907867.2973,883310,,523501,0,,0,2,,South,2024/2025,WATFORD STREET,NEWBURY STREET,,Non-Injury Crash,No,2025,,North,,0,,Flat,,,,,,Overcast,700700,0,0,0,2,,,0,,,,,,Auckland Region,Nil,2-way,Sealed,,0,0,,20,,None,0,0,,76,Auckland,Nil,,,,,0,0,Urban,0,,,Fine,Null
1765117.2103,5907655.4198,883322,,523404,0,,0,0,,Null,2024/2025,GREAT SOUTH ROAD,GRANGE ROAD,,Non-Injury Crash,No,2024,,North,,0,,Flat,,,,,,Dark,695800,0,0,0,2,,,0,,,,,,Auckland Region,Nil,2-way,Sealed,,0,0,,50,,On,1,0,,76,Auckland,Traffic Signals,,,,,0,0,Urban,0,,,Fine,Null
1754859.9499,5913172.5154,883326,,518803,0,0,0,2,0,South,2024/2025,DOMINION ROAD,YOUTH STREET,,Non-Injury Crash,No,2024,0,South,0,0,0,Null,0,,0,,0,Unknown,582700,0,0,0,2,0,0,0,0,1,,0,0,Auckland Region,Nil,2-way,Sealed,0,0,0,0,50,0,Null,0,0,,76,Auckland,Nil,0,0,0,0,0,0,Urban,0,0,0,Fine,Null
1752151.1684,5938013.0219,883328,,506300,0,,0,3,,South,2025/2026,NORTHERN MOTORWAY,WRIGHT OBR,,Non-Injury Crash,Yes,2025,,North,,0,,Flat,,,,,,Bright sun,176101,0,0,0,2,,,0,,,,,,Auckland Region,Nil,1-way,Sealed,,0,0,,100,,Off,0,0,,76,Auckland,Nil,,,,,0,0,Open,0,,,Fine,Null
1769440.6409,5901893.8101,883334,,524901,0,,0,1,,Null,2024/2025,GRANDE VUE ROAD,HILL ROAD ON RAMP,,Non-Injury Crash,No,2025,,South,,0,,Flat,,,,,,Overcast,755600,0,0,0,1,,,0,,,,,,Auckland Region,Nil,1-way,Sealed,,0,0,,50,,Off,1,0,,76,Auckland,Give way,,,,,0,0,Urban,0,,,Fine,Null
1742699.1684,5921596.4908,883335,25,513622,0,0,0,1,0,North,2023/2024,DON BUCK ROAD,GALLONY AVENUE,,Minor Crash,No,2023,0,North,0,0,1,Hill Road,0,,0,,0,Overcast,226700,1,0,0,2,0,0,0,0,0,,0,0,Auckland Region,Nil,2-way,Sealed,0,0,0,0,50,0,Off,0,0,,76,Auckland,Nil,0,0,0,0,0,0,Urban,0,0,0,Fine,Null
1752930.5741,5918181.3995,883337,,515002,0,,0,3,,East,2023/2024,NORTH-WESTERN MOTORWAY,CARRINGTON OBR,,Minor Crash,Yes,2023,,East,,0,,Flat,,,,,,Bright sun,390501,1,0,0,4,,,0,,,,,,Auckland Region,Nil,1-way,Sealed,,0,0,,100,,Off,0,0,,76,Auckland,Nil,,,,,0,0,Open,0,,,Light rain,Null