X,Y,OBJECTID,advisorySpeed,areaUnitID,bicycle,bridge,bus,carStationWagon,cliffBank,crashDirectionDescription,crashFinancialYear,crashLocation1,crashLocation2,crashRoadSideRoad,crashSeverity,crashSHDescription,crashYear,debris,directionRoleDescription,ditch,fatalCount,fence,flatHill,guardRail,holiday,houseOrBuilding,intersection,kerb,light,meshblockId,minorInjuryCount,moped,motorcycle,NumberOfLanes,objectThrownOrDropped,otherObject,otherVehicleType,overBank,parkedVehicle,pedestrian,phoneBoxEtc,postOrPole,region,roadCharacter,roadLane,roadSurface,roadworks,schoolBus,seriousInjuryCount,slipOrFlood,speedLimit,strayAnimal,streetLight,suv,taxi,temporarySpeedLimit,tlaId,tlaName,trafficControl,trafficIsland,trafficSign,train,tree,truck,unknownVehicleType,urban,vanOrUtility,vehicle,waterRiver,weatherA,weatherB
1744103.8118,5914810.357,883339,,513013,0,0,0,0,0,North,2022/2023,PINE AVENUE,PARRS CROSS ROAD,,Non-Injury Crash,No,2023,0,North,0,0,0,Flat,0,,0,,0,Overcast,281300,0,0,0,2,0,0,0,0,1,,0,0,Auckland Region,Nil,2-way,Sealed,0,0,0,0,50,0,Off,0,0,,76,Auckland,Nil,0,0,0,0,1,0,Urban,1,0,0,Fine,Null
1767885.6336,5911920.8236,883340,,522910,0,,0,2,,Null,2025/2026,TI RAKAU DRIVE,GOSSAMER DRIVE,,Non-Injury Crash,No,2026,,South,,0,,Flat,,,,,,Bright sun,687700,0,0,0,2,,,0,,,,,,Auckland Region,Nil,1-way,Sealed,,0,0,,50,,Off,0,0,,76,Auckland,Traffic Signals,,,,,0,0,Urban,0,,,Fine,Null
1755627.3545,5967081.4585,883343,,506631,0,,0,1,,South,2022/2023,MAHURANGI EAST ROAD,FIDELIS AVENUE,,Minor Crash,No,2023,,East,,0,,Flat,,,,,,Bright sun,141808,1,0,1,2,,,0,,,,,,Auckland Region,Nil,2-way,Sealed,,0,0,,50,,None,0,0,,76,Auckland,Nil,,,,,0,0,Urban,0,,,Fine,Null
1757646.264,5920886.2024,883344,,514101,0,,0,1,,North,2025/2026,COMMERCE STREET,CUSTOMS STREET EAST,,Non-Injury Crash,No,2025,,South,,0,,Null,,Christmas New Year,,,,Bright sun,438103,0,0,0,3,,,0,,,,,,Auckland Region,Nil,2-way,Sealed,,0,0,,30,,Null,0,0,,76,Auckland,Nil,,,,,0,0,Urban,1,,,Fine,Null
1765568.278,5917440.481,883345,,517001,0,0,0,1,0,Null,2022/2023,EASTVIEW ROAD,LINE ROAD,,Minor Crash,No,2023,0,East,0,0,0,Hill Road,0,,0,,0,Bright sun,475600,3,0,0,2,0,0,0,0,0,,0,1,Auckland Region,Nil,2-way,Sealed,0,0,0,0,50,0,Off,0,0,,76,Auckland,Stop,0,0,0,0,0,0,Urban,0,0,0,Fine,Null
1752360.7448,5888036.5839,883352,25,521122,0,,0,1,,Null,2025/2026,CLARKS BEACH ROAD,WHARF ROAD,,Non-Injury Crash,No,2025,,West,,0,,Flat,,Christmas New Year,,,,Overcast,811100,0,0,0,2,,,0,,,,,,Auckland Region,Nil,2-way,Sealed,,0,0,,60,,Off,0,0,,76,Auckland,Give way,,,,,0,0,Urban,1,,,Fine,Null
1770069.8275,5907251.8713,883354,,523713,0,,0,1,,Null,2024/2025,WHENUA ROAD,ORMISTON ROAD,,Minor Crash,No,2025,,North,,0,,Flat,,,,,,Bright sun,713100,1,0,0,2,,,0,,,,,,Auckland Region,Nil,2-way,Sealed,,0,0,,50,,Null,1,0,,76,Auckland,Give way,,,,,0,0,Urban,0,,,Fine,Null
1762078.34,5906877.2263,883356,,524302,0,,0,1,,Null,2024/2025,MASSEY ROAD,JAMES STREET,,Non-Injury Crash,No,2024,,North,,0,,Flat,,,,,,Bright sun,743200,0,0,0,2,,,0,,,,,,Auckland Region,Nil,2-way,Sealed,,0,0,,50,,Off,0,0,,76,Auckland,Stop,,,,,1,0,Urban,0,,,Fine,Null
1761221.3819,5916454.1032,883360,,516003,0,0,0,1,0,South,2024/2025,LADIES MILE,MAINSTON ROAD,,Non-Injury Crash,No,2024,0,North,0,0,0,Hill Road,0,Christmas New Year,0,,0,Dark,495900,0,0,0,2,0,0,0,0,2,,0,0,Auckland Region,Nil,2-way,Sealed,0,0,0,0,50,0,On,2,0,,76,Auckland,Nil,0,0,0,0,0,0,Urban,0,0,0,Light rain,Null
1756497.1743,5937475.3816,883370,,506903,0,0,1,0,0,Null,2024/2025,BEACH ROAD,TOROA STREET,,Serious Crash,No,2025,0,North,0,0,0,Flat,0,,0,,0,Bright sun,169200,0,0,0,2,0,1,0,0,0,1,0,0,Auckland Region,Nil,2-way,Sealed,0,1,1,0,30,0,Off,0,0,,76,Auckland,Give way,0,0,0,0,0,0,Urban,0,0,0,Fine,Null
1755429.68,5913269.1616,883382,,518803,0,0,0,1,0,East,2022/2023,SOUTH-WESTERN MOTORWAY,DOMINION ROAD OFF RAMP,,Non-Injury Crash,Yes,2023,0,West,0,0,0,Flat,0,,0,,0,Dark,582700,0,0,0,3,0,0,0,0,0,,0,1,Auckland Region,Nil,1-way,Sealed,0,0,0,0,100,0,On,0,0,,76,Auckland,Nil,0,0,0,0,0,0,Open,0,0,0,Fine,Null
1753595.1582,5932325.7709,883385,,508805,0,,0,1,,South,2025/2026,NORTHERN MOTORWAY,ROSEDALE OBR,,Non-Injury Crash,Yes,2025,,South,,0,,Flat,,,,,,Bright sun,180866,0,0,1,4,,,0,,,,,,Auckland Region,Nil,1-way,Sealed,,0,0,,100,,Off,0,0,,76,Auckland,Nil,,,,,0,0,Open,0,,,Fine,Null
1768131.8324,5902670.2192,883387,,524602,0,,0,1,,Null,2024/2025,GREAT SOUTH ROAD,SUPERCLINIC ROAD,,Non-Injury Crash,No,2024,,West,,0,,Flat,,,,,,Overcast,780407,0,0,0,4,,,0,,,1,,,Auckland Region,Nil,2-way,Sealed,,0,0,,50,,Off,0,0,10,76,Auckland,Nil,,,,,0,0,Urban,0,,,Fine,Null
1763321.041,5911524.6251,883389,,520500,0,,0,2,,Null,2024/2025,GREAT SOUTH ROAD,VESTEY DRIVE,,Non-Injury Crash,No,2024,,South,,0,,Flat,,,,,,Overcast,637601,0,0,0,4,,,0,,,,,,Auckland Region,Nil,2-way,Sealed,,0,0,,50,,Off,0,0,,76,Auckland,Traffic Signals,,,,,0,0,Urban,0,,,Mist or Fog,Null
1755128.9819,5913486.9754,883397,,518803,0,,1,3,,South,2024/2025,DOMINION ROAD ON RAMP,DOMINION ROAD,,Minor Crash,No,2025,,South,,0,,Flat,,,,,,Bright sun,582600,1,0,0,3,,,0,,,,,,Auckland Region,Motorway ramp,1-way,Sealed,,0,0,,100,,Off,0,1,,76,Auckland,Nil,,,,,0,0,Open,1,,,Fine,Null
1783351.5006,5925684.9161,883404,,520801,0,0,0,0,0,Null,2023/2024,OSTEND ROAD,TAHI ROAD,,Minor Crash,No,2024,0,East,0,0,0,Hill Road,0,,0,,1,Bright sun,515401,1,1,0,1,0,0,0,0,0,,0,0,Auckland Region,Nil,1-way,Sealed,0,0,0,0,30,0,Off,0,0,,76,Auckland,Give way,0,0,0,0,0,0,Urban,0,0,0,Fine,Null
1766911.3988,5908880.1748,883406,,523501,0,0,0,2,0,West,2025/2026,ALEXANDER CRESCENT,FRANKLYNE ROAD,,Non-Injury Crash,No,2025,0,West,0,0,0,Flat,0,Christmas New Year,0,,0,Overcast,704100,0,0,0,2,0,0,0,0,1,,0,0,Auckland Region,Nil,2-way,Sealed,0,0,0,0,50,0,Off,0,0,,76,Auckland,Nil,0,0,0,0,0,0,Urban,0,0,0,Fine,Null
1758322.3267,5917143.7383,883409,,519200,0,,0,1,,Null,2022/2023,MANUKAU ROAD,CLYDE STREET,,Minor Crash,No,2023,,North,,0,,Flat,,,,,,Bright sun,613600,1,0,0,4,,,0,,,1,,,Auckland Region,Nil,2-way,Sealed,,0,0,,50,,Off,0,0,,76,Auckland,Give way,,,,,0,0,Urban,0,,,Fine,Strong wind
1768319.6402,5904434.3963,883414,,523820,0,,0,1,,West,2025/2026,REDOUBT ROAD,DIORELLA DRIVE,,Non-Injury Crash,No,2025,,East,,0,,Flat,,,,,,Overcast,759901,0,0,0,3,,,0,,,,,,Auckland Region,Nil,2-way,Sealed,,0,0,,50,,Off,0,0,,76,Auckland,Nil,,,,,0,0,Urban,1,,,Fine,Null
1781311.3075,5925874.7051,883415,,520801,0,,0,1,,North,2022/2023,JELLICOE PARADE,ALISON ROAD,,Non-Injury Crash,No,2023,,North,,0,,Flat,,,,,,Bright sun,515104,0,0,0,2,,,0,,,,,,Auckland Region,Nil,2-way,Sealed,,0,0,,50,,Off,0,0,,76,Auckland,Nil,,,,,0,0,Urban,1,,,Fine,Null
1753709.6086,5927791.0687,883416,,508310,0,0,0,3,0,Null,2023/2024,OFFROAD GLENFIELD MALL CARPARK,,,Serious Crash,No,2023,0,South,0,0,0,Hill Road,0,,0,,0,Overcast,200000,0,0,0,0,0,0,0,0,1,,0,0,Auckland Region,Nil,Off road,Sealed,0,0,1,0,50,0,Off,0,0,,76,Auckland,Nil,0,0,0,0,0,0,Urban,0,0,0,Fine,Null
1764607.3479,5911854.9795,883417,,520500,0,,0,1,,North,2022/2023,SOUTHERN MOTORWAY,PANAMA OBR,,Minor Crash,Yes,2023,,North,,0,,Flat,,,,,,Overcast,639500,1,0,0,3,,,0,,,,,,Auckland Region,Nil,1-way,Sealed,,0,0,,100,,Off,0,0,,76,Auckland,Nil,,,,,0,0,Open,1,,,Fine,Null
1777204.0348,5910273.0718,883432,,523202,0,,0,1,,North,2024/2025,WHITFORD MARAETAI ROAD,CLIFTON ROAD,,Minor Crash,No,2025,,North,,0,,Flat,,,,,,Bright sun,718300,1,0,0,2,,,0,,,,,,Auckland Region,Nil,2-way,Sealed,,0,0,,80,,Off,0,0,,76,Auckland,Nil,,,,,0,0,Open,1,,,Fine,Strong wind
1771376.224,5895541.5381,883434,,521201,0,,0,2,,North,2025/2026,SOUTHERN MOTORWAY,PAPAKURA ON RAMP,,Non-Injury Crash,Yes,2026,,North,,0,,Flat,,,,,,Dark,806604,0,0,0,3,,,0,,,,,,Auckland Region,Nil,1-way,Sealed,,0,0,,100,,On,0,0,,76,Auckland,Nil,,,,,0,0,Open,0,,,Fine,Null
1760074.5004,5913769.7403,883443,,519900,0,0,0,2,0,Null,2023/2024,RAWHITI ROAD,PAIHIA ROAD,,Minor Crash,No,2023,0,East,0,0,0,Hill Road,0,,0,,0,Bright sun,602600,1,0,0,2,0,0,0,0,0,,0,1,Auckland Region,Nil,2-way,Sealed,0,0,0,0,50,0,Off,0,0,,76,Auckland,Stop,0,0,0,0,0,0,Urban,0,0,0,Fine,Null
1772478.3196,5896948.6429,883450,,525420,0,,0,2,,Null,2022/2023,GREAT SOUTH ROAD,COLES CRESCENT,,Non-Injury Crash,No,2023,,North,,0,,Flat,,,,,,Overcast,790700,0,0,0,2,,,0,,,,,,Auckland Region,Nil,2-way,Sealed,,0,0,,50,,Off,0,0,,76,Auckland,Give way,,,,,0,0,Urban,0,,,Fine,Null
1752749.5993,5927821.6945,883457,,508210,0,,0,1,,North,2025/2026,STANLEY ROAD,CHARNLEY GROVE,,Non-Injury Crash,No,2026,,North,,0,,Hill Road,,Christmas New Year,,,,Bright sun,187405,0,0,0,2,,,0,,,,,,Auckland Region,Nil,2-way,Sealed,,0,0,,50,,Off,1,0,,76,Auckland,Nil,,,,,0,0,Urban,0,,,Fine,Null
1744106.7613,5922774.8947,883459,,513511,0,0,0,2,0,South,2023/2024,WESTGATE DRIVE,BONNY CRESCENT,,Non-Injury Crash,No,2024,0,South,0,0,0,Hill Road,0,,0,,0,Overcast,224303,0,0,0,2,0,0,0,0,1,,0,0,Auckland Region,Nil,2-way,Sealed,0,0,0,0,50,0,Off,0,0,,76,Auckland,Nil,0,0,0,0,0,0,Urban,0,0,0,Fine,Null
1763195.5811,5908143.0634,883461,,524402,0,,0,2,,North,2025/2026,MASSEY ROAD,MIAMI STREET,,Non-Injury Crash,No,2025,,South,,0,,Flat,,Christmas New Year,,,,Overcast,750000,0,0,0,4,,,0,,,,,,Auckland Region,Nil,2-way,Sealed,,0,0,,50,,Off,1,0,,76,Auckland,Nil,,,,,0,0,Urban,0,,,Fine,Null
1758760.219,5911578.8884,883467,45,519820,0,,0,0,,North,2024/2025,GLOUCESTER PARK ROAD ON RAMP,NEILSON STREET ON RAMP,,Serious Crash,No,2025,,South,,0,,Flat,,Easter,,,,Dark,602402,0,0,0,3,,,0,,,,,,Auckland Region,Motorway ramp,1-way,Sealed,,0,1,,100,,On,0,0,,76,Auckland,Nil,,,,,1,0,Open,0,,,Fine,Null
1753260.8136,5928988.3764,883474,,508411,0,0,0,1,0,Null,2023/2024,OFF ROAD CARPARK,,,Serious Crash,No,2023,0,North,0,0,0,Hill Road,0,,0,,0,Overcast,184200,0,0,1,,0,0,0,0,1,,0,0,Auckland Region,Nil,Off road,Sealed,0,0,1,0,,0,Off,0,0,,76,Auckland,Nil,0,0,0,0,0,0,Urban,0,0,0,Light rain,Null
1754449.3732,5915149.4499,883483,,518801,0,0,0,1,0,Null,2024/2025,MOUNT ALBERT ROAD,SANDRINGHAM ROAD,,Non-Injury Crash,No,2024,0,South,0,0,0,Flat,0,,0,,0,Dark,574900,0,0,0,1,0,0,0,0,0,,0,1,Auckland Region,Nil,2-way,Sealed,0,0,0,0,50,0,On,0,0,,76,Auckland,Traffic Signals,0,0,0,0,0,0,Urban,0,0,0,Fine,Strong wind
1755033.6249,5913739.3672,883501,,518803,0,,0,1,,Null,2024/2025,DENBIGH AVENUE,DOMINION ROAD,,Non-Injury Crash,No,2025,,West,,0,,Flat,,,,,,Bright sun,582500,0,0,0,2,,,0,,,,,,Auckland Region,Nil,2-way,Sealed,,0,0,,50,,Null,0,0,,76,Auckland,Give way,,,,,0,0,Urban,1,,,Fine,Null
1763696.412,5919501.1309,883505,,516500,0,0,0,4,0,South,2024/2025,KOHIMARAMA ROAD,SELWYN AVENUE,,Non-Injury Crash,No,2025,0,North,0,0,0,Flat,0,,0,,0,Dark,502700,0,0,0,2,0,0,0,0,1,,0,0,Auckland Region,Nil,2-way,Sealed,0,0,0,0,50,0,On,0,0,,76,Auckland,Nil,0,0,0,0,0,0,Urban,0,0,0,Fine,Null
1764208.6616,5904118.8247,883509,,524604,0,,0,1,,South,2024/2025,SOUTH-WESTERN MOTORWAY,PUHINUI OBR,,Non-Injury Crash,Yes,2024,,East,,0,,Flat,,,,,,Bright sun,781100,0,0,0,2,,,0,,,,,,Auckland Region,Nil,1-way,Sealed,,0,0,,100,,Off,0,0,,76,Auckland,Nil,,,,,1,0,Open,0,,,Fine,Null
1758879.7252,5903626.2832,883529,,524200,0,,0,0,,North,2024/2025,TERMINAL EXIT ROAD,RAY EMERY DRIVE,,Non-Injury Crash,No,2024,,South,,0,,Flat,,,,,,Bright sun,727100,0,0,0,2,,,0,,,,,,Auckland Region,Nil,1-way,Sealed,,0,0,,30,,Off,2,0,,76,Auckland,Nil,,,,,0,0,Urban,0,,,Fine,Null
1757772.3733,5919721.2443,883533,,514301,0,,0,0,,Null,2024/2025,SH 16,PORT OFF RAMP,,Non-Injury Crash,Yes,2025,,North,,0,,Null,,,,,,Bright sun,440400,0,0,1,2,,,0,,,,,,Auckland Region,Nil,1-way,Sealed,,0,0,,80,,Null,0,0,,76,Auckland,Nil,,,,,0,1,Open,0,,,Fine,Null
1760974.1999,5923436.1297,883534,,509400,1,,0,0,,Null,2022/2023,VAUXHALL ROAD,TAINUI ROAD,,Serious Crash,No,2023,,South,,0,,Hill Road,,,,,,Dark,333300,0,0,0,2,,,0,,,,,,Auckland Region,Nil,2-way,Sealed,,0,1,,50,,On,0,0,,76,Auckland,Stop,,,,,0,0,Urban,0,,,Fine,Null
1759590.0496,5908678.9976,883537,,524121,0,0,0,1,0,West,2025/2026,WALMSLEY ROAD,HALL AVENUE,,Minor Crash,No,2025,0,East,0,0,0,Flat,0,,0,,0,Dark,737104,2,0,0,2,0,0,0,0,1,,0,0,Auckland Region,Nil,2-way,Sealed,0,0,0,0,50,0,On,1,0,,76,Auckland,Nil,0,0,0,0,0,0,Urban,1,0,0,Fine,Null
1753293.9456,5933046.2603,883542,,508807,0,,0,2,,Null,2022/2023,GREVILLE ROAD OFF RAMP,TAWA DRIVE,,Minor Crash,No,2023,,North,,0,,Flat,,,,,,Overcast,180811,1,0,0,4,,,0,,,,,,Auckland Region,Motorway ramp,1-way,Sealed,,0,0,,50,,Off,0,0,,76,Auckland,Traffic Signals,,,,,0,0,Urban,0,,,Fine,Null
1772647.3577,5896429.8212,883545,,525410,0,0,0,0,0,West,2025/2026,ELLIOT STREET,GREAT SOUTH ROAD,,Non-Injury Crash,No,2025,0,West,0,0,0,Null,0,,0,,0,Bright sun,792000,0,0,0,2,0,0,0,0,1,,0,0,Auckland Region,Nil,2-way,Sealed,0,0,0,0,50,0,Null,1,0,,76,Auckland,Nil,0,0,0,0,1,0,Urban,0,0,0,Fine,Null
1770452.306,5917697.757,883550,,522601,0,0,0,2,0,South,2023/2024,THE ESPLANADE,EASTERN BEACH ROAD,,Non-Injury Crash,No,2023,0,South,0,0,0,Flat,0,,0,,0,Overcast,676603,0,0,0,2,0,0,0,0,1,,0,0,Auckland Region,Nil,2-way,Sealed,0,0,0,0,50,0,Off,0,0,,76,Auckland,Nil,0,0,0,0,0,0,Urban,0,0,0,Fine,Null
1745884.3038,5907334.7386,883553,,512801,0,0,0,1,1,East,2025/2026,VICTORY ROAD,KAURI POINT ROAD,,Non-Injury Crash,No,2025,0,West,0,0,0,Hill Road,0,,0,,0,Dark,302208,0,0,0,2,0,0,0,0,0,,0,0,Auckland Region,Nil,2-way,Sealed,0,0,0,0,50,0,On,0,0,,76,Auckland,Nil,0,0,0,0,0,0,Urban,0,0,0,Light rain,Null
1757419.921,5919164.6793,883557,,514301,0,0,0,1,0,South,2025/2026,PORT TO SOUTHERN LINK,GRAFTON OBR,,Non-Injury Crash,Yes,2025,0,South,0,0,0,Hill Road,1,Christmas New Year,0,,0,Dark,441200,0,0,0,3,0,0,0,0,0,,0,0,Auckland Region,Nil,1-way,Sealed,0,0,0,0,80,0,On,0,0,,76,Auckland,Nil,0,0,0,0,0,0,Open,0,0,0,Fine,Null
1763138.1809,5912852.2537,883558,,520500,0,,0,1,,West,2022/2023,SOUTHERN MOTORWAY,SH1 OBR,,Non-Injury Crash,Yes,2023,,West,,0,,Flat,,,,,,Dark,637300,0,0,0,3,,,0,,,,,,Auckland Region,Nil,1-way,Sealed,,0,0,,100,,On,0,0,,76,Auckland,Nil,,,,,0,0,Open,1,,,Fine,Null
1757331.088,5912412.4016,883559,,518702,0,,0,1,,West,2025/2026,SOUTH-WESTERN MOTORWAY,QUEENSTOWN OBR,,Non-Injury Crash,Yes,2025,,South,,0,,Flat,,,,,,Twilight,570300,0,0,0,3,,,0,,,,,,Auckland Region,Nil,1-way,Sealed,,0,0,,100,,On,0,0,,76,Auckland,Nil,,,,,1,0,Open,1,,,Fine,Null
1762313.9205,5913448.6134,883565,,520402,0,,0,2,,South,2024/2025,SOUTHERN MOTORWAY,PENROSE OBR,,Minor Crash,Yes,2025,,South,,0,,Flat,,,,,,Dark,642200,1,0,0,3,,,0,,,,,,Auckland Region,Nil,1-way,Sealed,,0,0,,100,,On,0,0,,76,Auckland,Nil,,,,,0,0,Open,0,,,Fine,Null
1745683.7614,5916996.3199,883573,,510800,0,,1,1,,Null,2024/2025,EDSEL STREET,VITASOVICH AVENUE,,Non-Injury Crash,No,2025,,East,,0,,Hill Road,,,,,,Overcast,243300,0,0,0,2,,,0,,,,,,Auckland Region,Bridge,2-way,Sealed,,0,0,,50,,Off,0,0,,76,Auckland,Give way,,,,,0,0,Urban,0,,,Fine,Null
1749477.7892,5927908.0852,883575,,509100,0,0,0,1,0,East,2025/2026,UPPER HARBOUR MOTORWAY,TAUHINU ROAD ON RAMP,,Serious Crash,Yes,2025,0,West,0,0,0,Hill Road,1,,0,,0,Bright sun,181400,0,0,0,2,0,0,0,0,0,,0,0,Auckland Region,Nil,1-way,Sealed,0,0,1,0,100,0,Off,0,0,,76,Auckland,Nil,0,0,0,1,0,0,Open,0,0,0,Fine,Null
1768668.657,5909957.8955,883577,,523112,0,0,0,1,0,South,2024/2025,HARRIS ROAD,CROOKS ROAD,,Non-Injury Crash,No,2024,0,North,0,0,0,Flat,0,,0,,0,Dark,711500,0,0,0,4,0,0,0,0,0,,0,1,Auckland Region,Nil,2-way,Sealed,0,0,0,0,50,0,On,0,0,30,76,Auckland,Nil,0,0,0,1,0,0,Urban,0,0,0,Fine,Frost
1753554.0984,5914461.9952,883583,,518801,0,,0,2,,Null,2025/2026,MAIORO STREET OFF RAMP,MAIORO STREET,,Minor Crash,No,2025,,East,,0,,Hill Road,,,,,,Overcast,578500,1,0,0,2,,,0,,,,,,Auckland Region,Nil,1-way,Sealed,,0,0,,50,,Off,0,0,40,76,Auckland,Traffic Signals,,,,,0,0,Urban,0,,,Light rain,Null
1755006.0177,5913746.9436,883599,,518803,1,,0,0,,Null,2024/2025,DENBIGH AVENUE,DOMINION ROAD,,Minor Crash,No,2024,,East,,0,,Flat,,,,,,Overcast,581700,1,0,0,1,,,0,,,,,,Auckland Region,Nil,1-way,Sealed,,0,0,,50,,None,0,0,40,76,Auckland,Give way,,,,,0,1,Urban,0,,,Light rain,Null
1768157.5242,5907778.2751,883603,,523711,0,,0,1,,North,2024/2025,PRESTON ROAD,ORMISTON ROAD,,Non-Injury Crash,No,2024,,North,,0,,Flat,,,,,,Bright sun,713600,0,0,0,4,,,0,,,,,,Auckland Region,Nil,2-way,Sealed,,0,0,,50,,None,0,0,,76,Auckland,Nil,,,,,0,0,Urban,1,,,Fine,Null
1751954.6169,5914710.8329,883609,,514500,0,0,0,1,0,Null,2025/2026,BOLLARD AVENUE,NEW WINDSOR ROAD,,Minor Crash,No,2026,0,East,0,0,0,Flat,0,,0,,0,Bright sun,377600,1,0,0,2,0,0,0,0,0,,0,0,Auckland Region,Nil,2-way,Sealed,0,0,0,0,50,0,Off,0,0,,76,Auckland,Give way,0,0,0,1,0,0,Urban,0,0,0,Fine,Null
1761345.3352,5914251.6502,883611,,520202,0,,0,2,,Null,2024/2025,ELLERSLIE-PANMURE HIGHWAY,ELLERSLIE-PANMURE HIGHWAY,,Non-Injury Crash,No,2025,,North,,0,,Flat,,,,,,Bright sun,612100,0,0,0,2,,,0,,,,,,Auckland Region,Motorway ramp,1-way,Sealed,,0,0,,50,,Off,0,0,,76,Auckland,Give way,,,,,0,0,Urban,0,,,Fine,Null
1769096.5674,5902519.0848,883615,,524901,0,,0,2,,South,2024/2025,SOUTHERN MOTORWAY,PUHINUI STM BR,,Non-Injury Crash,Yes,2025,,North,,0,,Hill Road,,,,,,Dark,755000,0,0,0,3,,,0,,,,,,Auckland Region,Nil,1-way,Sealed,,0,0,,100,,On,0,0,,76,Auckland,Nil,,,,,0,0,Open,0,,,Fine,Null
1749168.0735,5927793.1505,883617,,509100,0,,0,3,,Null,2022/2023,UPPER HARBOUR MOTORWAY,TAUHINU ROAD OFF RAMP,,Non-Injury Crash,Yes,2023,,East,,0,,Hill Road,,,,,,Overcast,181703,0,0,0,3,,,0,,,,,,Auckland Region,Nil,1-way,Sealed,,0,0,,100,,Off,0,0,,76,Auckland,Nil,,,,,0,0,Open,0,,,Light rain,Null
1756046.9582,5918619.0236,883618,,515600,0,,0,2,,North,2024/2025,NEWTON ROAD ON RAMP,NORTH-WESTERN MOTORWAY,,Non-Injury Crash,No,2024,,South,,0,,Flat,,,,,,Overcast,419500,0,0,0,2,,,0,,,,,,Auckland Region,Motorway ramp,1-way,Sealed,,0,0,,80,,Off,0,0,,76,Auckland,Nil,,,,,0,0,Open,0,,,Fine,Null
1768627.7019,5883009.3135,883633,,525910,0,,0,1,,Null,2024/2025,PAERATA ROAD,ADAMS DRIVE,,Non-Injury Crash,Yes,2024,,West,,0,,Flat,,,,,,Dark,826603,0,0,0,2,,,0,,,,,,Auckland Region,Nil,2-way,Sealed,,0,0,,60,,On,0,0,,76,Auckland,Give way,,,,,0,0,Urban,0,,,Heavy rain,Strong wind
1764253.3683,5914561.7421,883637,,520303,0,,0,2,,Null,2025/2026,MOUNT WELLINGTON HIGHWAY,WILLIAM HARVEY PLACE,,Non-Injury Crash,No,2025,,East,,0,,Flat,,,,,,Bright sun,627600,0,0,0,4,,,0,,,,,,Auckland Region,Nil,2-way,Sealed,,0,0,,50,,Off,0,0,,76,Auckland,Give way,,,,,0,0,Urban,0,,,Fine,Null
1757994.0397,5927267.9001,883641,,508010,0,,0,2,,Null,2024/2025,LAKE ROAD,ANZAC STREET,,Non-Injury Crash,No,2024,,East,,0,,Flat,,,,,,Bright sun,327600,0,0,0,2,,,0,,,,,,Auckland Region,Nil,2-way,Sealed,,0,0,,30,,Off,0,0,,76,Auckland,Give way,,,,,0,0,Urban,0,,,Fine,Null
1756664.5909,5926687.8795,883652,,507900,0,0,0,1,0,South,2022/2023,NORTHERN MOTORWAY,NORTHCOTE ROAD ON RAMP,,Non-Injury Crash,Yes,2023,0,South,0,0,0,Flat,1,,0,,0,Overcast,303902,0,0,0,3,0,0,0,0,0,,0,0,Auckland Region,Nil,1-way,Sealed,0,0,0,0,100,0,Off,0,0,,76,Auckland,Nil,0,0,0,0,0,0,Open,0,0,0,Light rain,Null
1751037.62,5918026.2302,883659,,514801,0,,0,2,,West,2024/2025,NORTH-WESTERN MOTORWAY,GREAT NORTH ROAD OFF RAMP,,Non-Injury Crash,Yes,2024,,East,,0,,Flat,,,,,,Bright sun,390402,0,0,0,4,,,0,,,,,,Auckland Region,Nil,1-way,Sealed,,0,0,,80,,Off,0,0,,76,Auckland,Nil,,,,,0,0,Open,0,,,Fine,Null
1765432.8215,5913854.9125,883666,,520602,1,,0,1,,Null,2022/2023,LAGOON DRIVE,CHURCH CRESCENT,,Minor Crash,No,2023,,North,,0,,Flat,,,,,,Bright sun,629600,1,0,0,5,,,0,,,1,,,Auckland Region,Nil,2-way,Sealed,,0,0,,50,,Off,0,0,,76,Auckland,Traffic Signals,,,,,0,0,Urban,0,,,Fine,Null
1782361.1461,5925864.6945,883669,,520801,0,0,0,0,1,Null,2024/2025,BELGIUM STREET,WHARF ROAD,,Minor Crash,No,2025,0,West,0,0,0,Hill Road,0,,0,,0,Overcast,515313,1,0,0,2,0,0,0,0,0,,0,0,Auckland Region,Nil,2-way,Sealed,0,0,0,0,50,0,Off,0,0,,76,Auckland,Stop,0,0,0,0,1,0,Urban,1,0,0,Light rain,Null
1769399.7557,5905998.3629,883677,,523712,0,,0,2,,South,2024/2025,CHAPEL ROAD,MEDVALE AVENUE,,Non-Injury Crash,No,2024,,South,,0,,Flat,,,,,,Bright sun,713202,0,0,0,2,,,0,,,,,,Auckland Region,Nil,2-way,Sealed,,0,0,,50,,Off,0,0,,76,Auckland,Nil,,,,,0,0,Urban,0,,,Fine,Null
1757178.7533,5919092.74,883679,,514301,0,0,0,1,0,Null,2024/2025,SOUTHERN MOTORWAY,SYMONDS STREET ON RAMP,,Non-Injury Crash,Yes,2025,0,South,0,0,0,Flat,1,,0,,0,Overcast,441200,0,0,0,5,0,0,0,0,0,,0,0,Auckland Region,Motorway ramp,1-way,Sealed,0,0,0,0,80,0,Off,0,0,,76,Auckland,Nil,0,0,0,0,0,0,Open,0,0,0,Fine,Null