X,Y,OBJECTID,advisorySpeed,areaUnitID,bicycle,bridge,bus,carStationWagon,cliffBank,crashDirectionDescription,crashFinancialYear,crashLocation1,crashLocation2,crashRoadSideRoad,crashSeverity,crashSHDescription,crashYear,debris,directionRoleDescription,ditch,fatalCount,fence,flatHill,guardRail,holiday,houseOrBuilding,intersection,kerb,light,meshblockId,minorInjuryCount,moped,motorcycle,NumberOfLanes,objectThrownOrDropped,otherObject,otherVehicleType,overBank,parkedVehicle,pedestrian,phoneBoxEtc,postOrPole,region,roadCharacter,roadLane,roadSurface,roadworks,schoolBus,seriousInjuryCount,slipOrFlood,speedLimit,strayAnimal,streetLight,suv,taxi,temporarySpeedLimit,tlaId,tlaName,trafficControl,trafficIsland,trafficSign,train,tree,truck,unknownVehicleType,urban,vanOrUtility,vehicle,waterRiver,weatherA,weatherB
1754484.2218,5931339.1112,883682,,508805,0,,0,1,,Null,2022/2023,PARKWAY DRIVE,PARKWAY DRIVE,,Non-Injury Crash,No,2023,,East,,0,,Hill Road,,,,,,Bright sun,180826,0,0,0,3,,,0,,,,,,Auckland Region,Nil,2-way,Sealed,,0,0,,50,,Off,0,0,,76,Auckland,Traffic Signals,,,,,0,0,Urban,1,,,Fine,Null
1765195.6382,5903701.1214,883685,,524604,0,,0,1,,Null,2024/2025,SOUTH-WESTERN MOTORWAY,CAVENDISH DRIVE OFF RAMP,,Minor Crash,Yes,2025,,West,,0,,Flat,,,,,,Bright sun,781302,1,0,1,2,,,0,,,,,,Auckland Region,Motorway ramp,1-way,Sealed,,0,0,,100,,Off,0,0,,76,Auckland,Nil,,,,,0,0,Open,0,,,Fine,Null
1770747.2635,5904601.6922,883691,,523713,0,0,0,1,0,South,2024/2025,MURPHYS ROAD,MURPHYS ROAD,,Non-Injury Crash,No,2025,0,East,0,0,0,Hill Road,0,,0,,0,Dark,713501,0,0,0,2,0,0,0,1,0,,0,1,Auckland Region,Nil,2-way,Sealed,0,0,0,0,50,0,None,0,0,40,76,Auckland,Nil,0,0,0,0,0,0,Urban,0,0,0,Light rain,Null
1767948.6332,5913682.5693,883693,,523000,0,,0,1,,Null,2024/2025,PAKURANGA ROAD,GLENMORE ROAD,,Minor Crash,No,2025,,South,,0,,Hill Road,,,,,,Twilight,690700,1,0,0,2,,,0,,,1,,,Auckland Region,Nil,1-way,Sealed,,0,0,,50,,On,0,0,,76,Auckland,Traffic Signals,,,,,0,0,Urban,0,,,Fine,Null
1760070.5317,5906272.5176,883701,,524200,0,0,0,3,0,East,2024/2025,MASSEY ROAD,THOMAS ROAD,,Non-Injury Crash,No,2024,0,West,0,0,0,Flat,0,Labour Weekend,0,,0,Bright sun,728001,0,0,0,2,0,0,0,0,1,,0,0,Auckland Region,Nil,2-way,Sealed,0,0,0,0,50,0,Off,0,0,,76,Auckland,Nil,0,0,0,0,0,0,Urban,0,0,0,Fine,Null
1759058.2779,5911786.9225,883707,,519820,1,,0,0,,Null,2025/2026,ONEHUNGA MALL,NEILSON STREET,,Fatal Crash,No,2025,,East,,1,,Flat,,,,,,Bright sun,602402,0,0,0,3,,,0,,,,,,Auckland Region,Nil,2-way,Sealed,,0,0,,50,,Off,0,0,,76,Auckland,Traffic Signals,,,,,1,0,Urban,0,,,Fine,Null
1763300.891,5909807.5587,883710,,521901,0,0,0,2,0,North,2022/2023,SALEYARDS ROAD,RAILWAY LANE,,Non-Injury Crash,No,2023,0,South,0,0,0,Hill Road,0,,0,,0,Bright sun,782700,0,0,0,2,0,0,0,0,1,,0,0,Auckland Region,Nil,2-way,Sealed,0,0,0,0,50,0,None,0,0,,76,Auckland,Nil,0,0,0,0,0,0,Urban,0,0,0,Fine,Null
1747037.7192,5913775.0919,883711,,511100,0,,0,1,,East,2025/2026,GLENMALL PLACE,GLENDALE ROAD,,Minor Crash,No,2025,,North,,0,,Flat,,,,,,Bright sun,286200,1,0,0,1,,,0,,,1,,,Auckland Region,Nil,1-way,Sealed,,0,0,,50,,Off,0,0,,76,Auckland,Nil,,,,,0,1,Urban,0,,,Fine,Null
1755968.013,5918585.1973,883715,,515500,0,,0,2,,South,2024/2025,NORTH-WESTERN MOTORWAY,NEWTON ROAD OFF RAMP,,Non-Injury Crash,Yes,2025,,North,,0,,Flat,,,,,,Bright sun,418600,0,0,0,4,,,0,,,,,,Auckland Region,Nil,1-way,Sealed,,0,0,,80,,Off,0,0,,76,Auckland,Nil,,,,,0,0,Open,0,,,Fine,Null
1770765.5999,5907089.2127,883717,,523713,0,,0,2,,West,2024/2025,ORMISTON ROAD,TE ARA KAHIKATEA,,Non-Injury Crash,No,2024,,East,,0,,Flat,,,,,,Bright sun,712401,0,0,0,2,,,0,,,,,,Auckland Region,Nil,1-way,Sealed,,0,0,,50,,None,0,0,,76,Auckland,Traffic Signals,,,,,0,0,Urban,0,,,Fine,None
1753266.828,5875939.6038,883723,,526103,0,,0,2,,West,2025/2026,LEONARD STREET,MARTYN STREET,,Non-Injury Crash,No,2025,,West,,0,,Flat,,,,,,Bright sun,837300,0,0,0,2,,,0,,,,,,Auckland Region,Nil,2-way,Sealed,,0,0,,50,,Off,0,0,,76,Auckland,Nil,,,,,0,0,Urban,0,,,Fine,Null
1755207.065,5914413.8975,883727,,518500,0,,0,0,,South,2024/2025,DOMINION ROAD,KEYSTONE AVENUE,,Non-Injury Crash,No,2024,,South,,0,,Null,,,,,,Bright sun,560900,0,0,1,4,,,0,,,,,,Auckland Region,Nil,2-way,Null,,0,0,,50,,Null,1,0,,76,Auckland,Nil,,,,,0,0,Urban,0,,,Fine,Null
1745579.9153,5917546.135,883731,,510700,0,0,0,3,0,Null,2024/2025,SEL PEACOCK DRIVE,ALDERMAN DRIVE,,Non-Injury Crash,No,2025,0,South,0,0,0,Flat,0,,0,,0,Bright sun,239900,0,0,0,2,0,0,0,0,0,,0,0,Auckland Region,Nil,1-way,Sealed,0,0,0,0,50,0,Off,0,0,,76,Auckland,Give way,0,0,0,0,0,0,Urban,0,1,0,Fine,Null
1766131.3818,5917632.8092,883735,,517001,0,0,0,2,0,Null,2024/2025,SLOANE STREET,PADDINGTON STREET,,Non-Injury Crash,No,2025,0,West,0,0,1,Flat,0,Christmas New Year,0,,0,Dark,474000,0,0,0,2,0,0,0,0,1,1,0,0,Auckland Region,Nil,2-way,Sealed,0,0,0,0,50,0,On,0,0,,76,Auckland,Nil,0,0,0,0,0,0,Urban,0,0,0,Fine,Null
1783486.7448,5894919.8155,883737,,521132,0,,0,2,,North,2024/2025,HUNUA ROAD,WHITE ROAD,,Non-Injury Crash,No,2024,,South,,0,,Flat,,,,,,Bright sun,816100,0,0,0,2,,,0,,,,,,Auckland Region,Nil,2-way,Sealed,,0,0,,80,,None,0,0,,76,Auckland,Nil,,,,,0,0,Open,0,,,Fine,Null
1767525.1637,5904444.5558,883739,15,524604,0,,0,2,,North,2024/2025,LEYTON WAY,PUTNEY WAY,,Non-Injury Crash,No,2025,,North,,0,,Flat,,,,,,Bright sun,780204,0,0,0,2,,,0,,,,,,Auckland Region,Nil,2-way,Sealed,,0,0,,50,,Off,0,0,,76,Auckland,Nil,,,,,0,0,Urban,0,,,Fine,None
1757612.0156,5918392.4673,883740,65,514302,0,,0,2,,North,2023/2024,SOUTHERN MOTORWAY,KHYBER PASS ROAD ON RAMP,,Non-Injury Crash,Yes,2023,,South,,0,,Flat,,,,,,Overcast,442100,0,0,0,4,,,0,,,,,,Auckland Region,Motorway ramp,2-way,Sealed,,0,0,,80,,Off,0,0,60,76,Auckland,Nil,,,,,0,0,Open,1,,,Light rain,Null
1756823.0748,5919256.3365,883746,,514200,0,0,0,1,0,West,2022/2023,SOUTHERN MOTORWAY,UPPER QUEEN OBR,,Minor Crash,Yes,2023,0,East,0,0,0,Flat,1,,0,,0,Bright sun,412900,1,0,0,4,0,0,0,0,0,,0,0,Auckland Region,Motorway ramp,1-way,Sealed,0,0,0,0,80,0,Off,0,0,,76,Auckland,Nil,0,0,0,0,0,0,Open,1,0,0,Fine,Null
1765884.6627,5898854.3127,883751,,524812,0,0,0,1,0,Null,2025/2026,WEYMOUTH ROAD,GILA PLACE,,Minor Crash,No,2025,0,South,0,0,0,Flat,0,,0,,0,Overcast,774303,4,0,0,2,0,0,0,0,0,,0,0,Auckland Region,Nil,2-way,Sealed,0,0,0,0,30,0,None,0,0,,76,Auckland,Give way,0,0,0,1,0,0,Urban,0,0,0,Light rain,Null
1758245.9896,5918404.0093,883752,,517400,0,,0,2,,Null,2022/2023,KHYBER PASS ROAD,CROWHURST STREET,,Non-Injury Crash,No,2023,,East,,0,,Flat,,,,,,Bright sun,450100,0,0,0,4,,,0,,,,,,Auckland Region,Nil,2-way,Sealed,,0,0,,50,,Off,0,0,,76,Auckland,Traffic Signals,,,,,0,0,Urban,0,,,Heavy rain,Null
1757771.2997,5918205.4016,883758,,515700,0,,0,2,,North,2023/2024,SOUTHERN MOTORWAY,GILLIES AVENUE ON RAMP,,Non-Injury Crash,Yes,2023,,North,,0,,Flat,,,,,,Dark,443600,0,0,0,4,,,0,,,,,,Auckland Region,Motorway ramp,1-way,Sealed,,0,0,,80,,On,0,0,,76,Auckland,Nil,,,,,0,0,Open,0,,,Light rain,Null
1760774.6097,5914116.1996,883765,,519400,0,,0,1,,Null,2022/2023,ROCKFIELD ROAD,GREENPARK ROAD,,Non-Injury Crash,No,2023,,South,,0,,Flat,,,,,,Overcast,620000,0,0,0,2,,,0,,,,,,Auckland Region,Nil,2-way,Sealed,,0,0,,50,,Off,0,0,,76,Auckland,Give way,,,,,0,0,Urban,0,,,Light rain,Null
1753328.594,5914260.443,883766,,514500,0,,0,2,,Null,2024/2025,MAIORO STREET,RICHARDSON ROAD,,Non-Injury Crash,No,2024,,North,,0,,Flat,,,,,,Dark,376800,0,0,0,4,,,0,,,,,,Auckland Region,Nil,2-way,Sealed,,0,0,,50,,On,0,0,,76,Auckland,Traffic Signals,,,,,0,0,Urban,0,,,Fine,None
1767885.7094,5911920.8514,883769,,522910,0,,0,2,,Null,2022/2023,TI RAKAU DRIVE,GOSSAMER DRIVE,,Minor Crash,No,2023,,South,,0,,Flat,,,,,,Dark,687700,1,0,0,2,,,0,,,,,,Auckland Region,Nil,1-way,Sealed,,0,0,,60,,On,0,0,,76,Auckland,Traffic Signals,,,,,0,0,Urban,0,,,Light rain,Null
1767691.2374,5907731.0922,883770,,523502,0,,0,1,,Null,2024/2025,HILLS ROAD,EAST TAMAKI ROAD,,Non-Injury Crash,No,2024,,South,,0,,Flat,,,,,,Bright sun,701900,0,0,0,3,,,0,,,,,,Auckland Region,Nil,2-way,Sealed,,0,0,,30,,Off,1,0,,76,Auckland,Traffic Signals,,,,,0,0,Urban,0,,,Fine,None
1759004.3156,5911367.1649,883772,,519820,0,,0,3,,West,2024/2025,SOUTH-WESTERN MOTORWAY,ONEHUNGA HARBOUR ROAD OFF RAMP,,Non-Injury Crash,Yes,2025,,North,,0,,Flat,,,,,,Dark,602402,0,0,0,3,,,0,,,,,,Auckland Region,Bridge,1-way,Sealed,,0,0,,100,,On,0,0,,76,Auckland,Nil,,,,,0,0,Open,0,,,Light rain,Null
1765653.3058,5908875.0972,883774,,523402,0,,0,2,,Null,2024/2025,HIGHBROOK DRIVE,HELLABYS ROAD,,Non-Injury Crash,No,2025,,South,,0,,Null,,,,,,Bright sun,696900,0,0,0,2,,,0,,,,,,Auckland Region,Nil,1-way,Sealed,,0,0,,50,,Null,0,0,,76,Auckland,Give way,,,,,0,0,Urban,0,,,Fine,Null
1768538.7394,5903237.8436,883778,,523820,0,0,0,2,0,South,2024/2025,SOUTHERN MOTORWAY,LINK 1N SBD OBR,,Non-Injury Crash,Yes,2024,0,South,0,0,0,Hill Road,1,,0,,0,Bright sun,760121,0,0,0,4,0,0,0,0,0,,0,0,Auckland Region,Nil,1-way,Sealed,0,0,0,0,100,0,Off,0,0,,76,Auckland,Nil,0,0,0,0,0,0,Open,0,0,0,Fine,Null
1742724.2681,5919745.8218,883782,,513212,0,0,0,4,0,South,2024/2025,WAITEMATA DRIVE,KAREPO CRESCENT,,Non-Injury Crash,No,2024,0,North,0,0,0,Flat,0,,0,,0,Overcast,235715,0,0,0,2,0,0,0,0,1,,0,0,Auckland Region,Nil,2-way,Sealed,0,0,0,0,30,0,Off,0,0,,76,Auckland,Nil,0,0,0,0,0,0,Urban,0,0,0,Fine,Null
1765064.0231,5902868.4037,883783,,524604,0,0,0,2,0,Null,2022/2023,ROSCOMMON ROAD,WIRI STATION ROAD,,Minor Crash,No,2023,0,South,0,0,0,Flat,0,,0,,0,Dark,781302,1,0,0,3,0,0,0,0,0,,0,0,Auckland Region,Nil,1-way,Sealed,0,0,0,0,80,0,On,0,0,30,76,Auckland,Traffic Signals,0,1,0,0,0,0,Open,0,0,0,Fine,Null
1779316.7215,5914689.0917,883790,75,523300,0,0,0,1,0,South,2024/2025,WHITFORD MARAETAI ROAD,JACK LACHLAN DRIVE,,Non-Injury Crash,No,2024,0,South,1,0,0,Hill Road,0,,0,,0,Overcast,718900,0,0,0,2,0,0,0,0,0,,0,0,Auckland Region,Nil,2-way,Sealed,0,0,0,0,80,0,None,0,0,,76,Auckland,Nil,0,0,0,1,0,0,Open,0,0,0,Fine,Null
1759596.8125,5918247.4008,883794,,516101,0,,0,2,,East,2024/2025,WILES AVENUE,HAPUA STREET,,Non-Injury Crash,No,2025,,North,,0,,Null,,,,,,Bright sun,481902,0,0,0,2,,,0,,,,,,Auckland Region,Nil,2-way,Sealed,,0,0,,50,,Null,0,0,,76,Auckland,Nil,,,,,0,0,Urban,0,,,Fine,Null
1763907.4982,5905035.6726,883800,,522100,0,0,0,3,0,North,2024/2025,PAH ROAD,FERNDOWN AVENUE,,Non-Injury Crash,No,2024,0,West,0,0,0,Hill Road,0,,0,,0,Bright sun,658600,0,0,0,2,0,0,0,0,1,,0,0,Auckland Region,Nil,2-way,Sealed,0,0,0,0,50,0,Off,0,0,,76,Auckland,Nil,0,0,0,0,0,0,Urban,0,0,0,Fine,Null
1759378.0872,5916255.0928,883805,,519200,0,,0,0,,North,2022/2023,GREAT SOUTH ROAD,ARATONGA AVENUE,,Non-Injury Crash,No,2023,,Null,,0,,Flat,,,,,,Dark,615700,0,0,0,2,,,0,,,,,,Auckland Region,Nil,2-way,Sealed,,0,0,,50,,On,1,0,,76,Auckland,Nil,,,,,0,1,Urban,0,,,Fine,Null
1747195.7047,5919648.1243,883810,,512402,0,,0,2,,North,2024/2025,TE ATATU ROAD ON RAMP,TE ATATU ROAD,,Non-Injury Crash,No,2024,,North,,0,,Hill Road,,,,,,Dark,253600,0,0,0,1,,,0,,,,,,Auckland Region,Motorway ramp,1-way,Sealed,,0,0,,50,,On,0,0,,76,Auckland,Nil,,,,,0,0,Urban,0,,,Fine,Null
1759064.946,5911348.0187,883822,,519820,0,,0,0,,North,2023/2024,NEILSON STREET ON RAMP,SOUTH-WESTERN MOTORWAY,,Non-Injury Crash,No,2024,,South,,0,,Flat,,,,,,Dark,602402,0,0,0,4,,,0,,,,,,Auckland Region,Nil,1-way,Sealed,,0,0,,100,,On,1,0,,76,Auckland,Nil,,,,,0,0,Open,1,,,Fine,Null
1756151.6157,5923986.9805,883824,,509800,0,,0,3,,North,2024/2025,NORTHERN MOTORWAY,WEIGH BRIDGE,,Non-Injury Crash,Yes,2025,,South,,0,,Flat,,,,,,Overcast,361200,0,0,0,5,,,0,,,,,,Auckland Region,Nil,1-way,Sealed,,0,0,,80,,Off,0,1,,76,Auckland,Nil,,,,,0,0,Open,0,,,Fine,Null
1761045.5589,5915070.365,883827,,520201,0,0,0,1,0,South,2022/2023,SOUTHERN MOTORWAY,MAIN OBR,,Minor Crash,Yes,2023,0,North,0,0,0,Flat,1,Easter,0,,0,Overcast,613500,4,0,0,4,0,0,0,0,0,,0,0,Auckland Region,Nil,1-way,Sealed,0,0,0,0,100,0,On,0,0,,76,Auckland,Nil,0,0,0,0,0,0,Open,0,0,0,Fine,Null
1758756.1196,5917369.776,883837,,516001,0,,0,2,,North,2022/2023,SOUTHERN MOTORWAY,ST MARKS ROAD ON RAMP,,Minor Crash,Yes,2023,,South,,0,,Flat,,,,,,Bright sun,491000,1,0,0,4,,,0,,,,,,Auckland Region,Motorway ramp,2-way,Sealed,,0,0,,80,,Off,0,1,50,76,Auckland,Nil,,,,,0,0,Open,0,,,Fine,Null
1751991.2607,5914693.462,883841,,514402,0,,0,0,,Null,2022/2023,NEW WINDSOR ROAD,BENTLEIGH AVENUE,,Non-Injury Crash,No,2023,,West,,0,,Flat,,,,,,Overcast,380800,0,0,0,2,,,0,,,,,,Auckland Region,Nil,2-way,Sealed,,0,0,,50,,Off,1,0,,76,Auckland,Stop,,,,,1,0,Urban,0,,,Fine,Null
1766433.0905,5889457.2075,883849,,521122,0,0,0,1,0,South,2022/2023,LEWIS ROAD,BREAM REVEL WAY,,Non-Injury Crash,No,2023,0,North,1,0,1,Flat,0,,0,,0,Overcast,810000,0,0,0,2,0,0,0,0,0,,0,0,Auckland Region,Nil,2-way,Sealed,0,0,0,0,80,0,None,0,0,,76,Auckland,Nil,0,0,0,0,0,0,Open,0,0,0,Light rain,Null
1754740.9876,5931302.8224,883850,,508520,0,,0,1,,Null,2024/2025,SUNSET ROAD,RAMP ROAD,,Non-Injury Crash,No,2024,,East,,0,,Flat,,,,,,Overcast,191502,0,0,0,2,,,0,,,,,,Auckland Region,Nil,2-way,Sealed,,0,0,,50,,Off,0,0,,76,Auckland,Give way,,,,,0,0,Urban,1,,,Fine,Null
1757479.2657,5926977.3672,883852,,507900,0,0,0,2,0,Null,2023/2024,ANZAC STREET,LAKE PUPUKE DRIVE,,Non-Injury Crash,No,2024,0,East,0,0,0,Flat,0,,0,,0,Bright sun,305000,0,0,0,4,0,0,0,0,0,,0,0,Auckland Region,Nil,2-way,Sealed,0,0,0,0,50,0,Off,0,0,,76,Auckland,Traffic Signals,1,0,0,0,0,0,Urban,0,0,0,Fine,Null
1770298.4215,5901127.4,883856,,523816,0,,1,0,,North,2023/2024,MAGIC WAY,IRONSTONE PLACE,,Non-Injury Crash,No,2024,,North,,0,,Flat,,,,,,Overcast,759744,0,0,0,2,,,0,,,,,,Auckland Region,Nil,2-way,Sealed,,1,0,,50,,Off,0,0,,76,Auckland,Nil,,,,,0,0,Urban,1,,,Light rain,Null
1762419.8187,5912847.058,883857,,519500,0,,0,1,,Null,2022/2023,GREAT SOUTH ROAD,SIMS ROAD,,Non-Injury Crash,No,2023,,South,,0,,Hill Road,,,,,,Twilight,622200,0,0,0,4,,,0,,,,,,Auckland Region,Nil,2-way,Sealed,,0,0,,50,,Off,0,0,,76,Auckland,Stop,,,,,2,0,Urban,0,,,Fine,Null
1758827.9429,5906743.2262,883858,,524200,0,,0,1,,West,2024/2025,ASCOT ROAD,RICHARD PEARSE DRIVE,,Non-Injury Crash,No,2024,,East,,0,,Flat,,,,,,Bright sun,726400,0,0,0,3,,,0,,,,,,Auckland Region,Nil,2-way,Sealed,,0,0,,50,,Null,1,0,,76,Auckland,Nil,,,,,0,0,Urban,0,,,Fine,Null
1762450.6621,5913184.8685,883866,,520500,0,0,0,1,0,South,2024/2025,SOUTHERN MOTORWAY,SOUTH-EASTERN HWY ON RAMP,,Non-Injury Crash,Yes,2025,0,North,0,0,0,Flat,1,Easter,0,,0,Dark,637200,0,0,0,3,0,0,0,0,0,,0,0,Auckland Region,Nil,1-way,Sealed,0,0,0,0,100,0,On,0,0,,76,Auckland,Nil,0,0,0,0,0,0,Open,0,0,0,Fine,Null
1745301.6559,5913874.2738,883867,,512906,0,,0,1,,South,2022/2023,SELAK PLACE,WHEATON PLACE,,Non-Injury Crash,No,2023,,West,,0,,Flat,,,,,,Dark,278510,0,0,0,2,,,0,,,,,,Auckland Region,Nil,2-way,Sealed,,0,0,,50,,None,0,0,,76,Auckland,Nil,,,,,0,0,Urban,1,,,Fine,Null
1758536.6133,5917589.0826,883868,,516001,0,,0,2,,North,2022/2023,SOUTHERN MOTORWAY,MAURANUI AVENUE,,Non-Injury Crash,Yes,2023,,North,,0,,Flat,,,,,,Bright sun,490701,0,0,0,3,,,0,,,,,,Auckland Region,Overpass,1-way,Sealed,,0,0,,80,,Off,0,0,,76,Auckland,Nil,,,,,0,0,Open,0,,,Fine,None
1769900.478,5900043.8368,883879,,523817,0,,0,2,,North,2022/2023,SOUTHERN MOTORWAY,PAPAKURA STM BR,,Non-Injury Crash,Yes,2023,,North,,0,,Flat,,,,,,Twilight,759738,0,0,0,3,,,0,,,,,,Auckland Region,Motorway ramp,2-way,Sealed,,0,0,,100,,On,0,0,80,76,Auckland,Nil,,,,,0,0,Open,0,,,Fine,Null
1763636.47,5904692.9708,883880,,522100,0,,0,2,,North,2023/2024,SOUTH-WESTERN MOTORWAY,PUHINUI ROAD-SH 20B OFF RAMP,,Non-Injury Crash,Yes,2023,,South,,0,,Null,,,,,,Unknown,781001,0,0,0,2,,,0,,,,,,Auckland Region,Nil,1-way,Null,,0,0,,100,,Null,0,0,,76,Auckland,Nil,,,,,0,0,Open,0,,,Null,Null
1767307.3177,5906368.4362,883885,,522302,0,0,0,1,0,North,2022/2023,SOUTHERN MOTORWAY,TE IRIRANGI DRIVE ON RAMP,,Non-Injury Crash,Yes,2023,0,North,0,0,0,Flat,1,,0,,0,Dark,670200,0,0,0,3,0,0,0,0,0,,0,0,Auckland Region,Motorway ramp,1-way,Sealed,0,0,0,0,100,0,On,0,0,,76,Auckland,Nil,0,0,0,0,0,0,Open,0,0,0,Light rain,Null
1756817.4638,5919467.3953,883886,,514200,0,,0,0,,Null,2025/2026,KARANGAHAPE ROAD,PITT STREET,,Minor Crash,No,2025,,East,,0,,Flat,,,,,,Dark,412200,1,0,0,4,,,0,,,1,,,Auckland Region,Nil,2-way,Sealed,,0,0,,30,,On,0,0,,76,Auckland,Traffic Signals,,,,,0,1,Urban,0,,,Fine,Null
1767873.743,5906061.3633,883889,,523721,0,0,0,2,0,West,2022/2023,CLUTHA CRESCENT,AWATERE STREET,,Non-Injury Crash,No,2023,0,North,0,0,0,Hill Road,0,,0,,0,Bright sun,715200,0,0,0,1,0,0,0,0,0,,0,1,Auckland Region,Nil,2-way,Sealed,0,0,0,0,50,0,Off,0,0,,76,Auckland,Unknown,0,0,0,0,0,0,Urban,0,0,0,Fine,Null
1752459.8864,5933269.3321,883890,,508807,0,,0,1,,North,2024/2025,BUSH ROAD,BUSHLANDS PARK DRIVE,,Non-Injury Crash,No,2025,,North,,0,,Null,,,,,,Overcast,180404,0,0,0,3,,,0,,,,,,Auckland Region,Nil,2-way,Sealed,,0,0,,50,,Null,0,0,,76,Auckland,Nil,,,,,0,0,Urban,0,,,Fine,Null
1753347.4642,5914269.8595,883891,,518801,0,0,0,2,0,Null,2022/2023,MAIORO STREET,RICHARDSON ROAD,,Non-Injury Crash,No,2023,0,West,0,0,1,Hill Road,0,,0,,0,Bright sun,578400,0,0,0,6,0,0,0,0,0,,0,0,Auckland Region,Nil,2-way,Sealed,0,0,0,0,50,0,Off,0,0,,76,Auckland,Traffic Signals,0,0,0,0,0,0,Urban,0,0,0,Fine,Null
1761300.6708,5946960.8197,883892,,505904,0,,0,1,,South,2024/2025,GULF HARBOUR DRIVE,ALEC CRAIG WAY,,Serious Crash,No,2024,,North,,0,,Flat,,,,,,Bright sun,175112,0,0,1,2,,,0,,,,,,Auckland Region,Nil,2-way,Sealed,,0,1,,50,,Off,0,0,,76,Auckland,Nil,,,,,0,0,Urban,0,,,Fine,Null
1756756.2395,5920667.4882,883895,25,514102,0,0,0,3,0,Null,2022/2023,HARDINGE STREET,GRAHAM STREET,,Non-Injury Crash,No,2023,0,North,0,0,0,Flat,0,,0,,0,Dark,432604,0,0,0,2,0,0,0,0,2,,0,0,Auckland Region,Nil,2-way,Sealed,0,0,0,0,30,0,On,0,0,,76,Auckland,Nil,0,0,0,0,0,0,Urban,0,0,0,Light rain,Null
1752241.6217,5934050.7161,883898,,508701,0,,0,2,,South,2025/2026,DON MCKINNON DRIVE,APPIAN WAY,,Non-Injury Crash,No,2026,,North,,0,,Flat,,,,,,Bright sun,178900,0,0,0,2,,,0,,,,,,Auckland Region,Nil,1-way,Sealed,,0,0,,50,,None,0,0,,76,Auckland,Nil,,,,,0,0,Urban,0,,,Fine,Null
1767635.5708,5901399.2042,883905,,524720,0,0,0,0,0,East,2025/2026,GLOUCESTER ROAD,DEVERON ROAD,,Non-Injury Crash,No,2026,0,East,0,0,1,Flat,0,,0,,0,Dark,778300,0,0,0,2,0,0,0,0,0,,0,0,Auckland Region,Nil,2-way,Sealed,0,0,0,0,50,0,On,0,0,,76,Auckland,Nil,0,0,0,0,0,0,Urban,1,0,0,Fine,Null
1756977.606,5918758.9884,883908,,514301,0,,0,1,,Null,2023/2024,KHYBER PASS ROAD,SYMONDS STREET,,Minor Crash,No,2023,,East,,0,,Flat,,,,,,Bright sun,441800,1,0,0,1,,,0,,,1,,,Auckland Region,Nil,1-way,Sealed,,0,0,,50,,None,0,0,,76,Auckland,Give way,,,,,1,0,Urban,0,,,Fine,Null
1754586.5361,5918816.7056,883912,35,515431,0,0,0,2,0,West,2022/2023,GREAT NORTH ROAD,GREAT NORTH ROAD,,Non-Injury Crash,No,2023,0,East,0,0,0,Hill Road,0,,0,,0,Dark,405800,0,0,0,2,0,0,0,0,1,,0,0,Auckland Region,Nil,2-way,Sealed,0,0,0,0,50,0,None,0,0,30,76,Auckland,Nil,0,0,0,0,0,0,Urban,0,0,0,Light rain,Null
1768841.3514,5900906.8154,883919,,525001,0,,0,2,,North,2024/2025,GREAT SOUTH ROAD,WEYMOUTH ROAD,,Non-Injury Crash,No,2025,,South,,0,,Flat,,,,,,Dark,751600,0,0,0,2,,,0,,,,,,Auckland Region,Nil,2-way,Sealed,,0,0,,50,,On,0,0,,76,Auckland,Nil,,,,,0,0,Urban,0,,,Fine,Null
1751150.6583,5913326.4251,883923,,514600,0,0,0,1,0,South,2024/2025,TAYLOR STREET,MATATA STREET,,Non-Injury Crash,No,2024,0,West,0,0,0,Null,0,,0,,0,Unknown,372000,0,0,0,2,0,0,0,0,1,,0,0,Auckland Region,Nil,2-way,Sealed,0,0,0,0,50,0,Null,0,0,,76,Auckland,Nil,0,0,0,0,0,0,Urban,1,0,0,Fine,Null
1752804.8049,5914096.17,883925,,514500,0,0,0,0,0,West,2024/2025,MAIORO STREET,ROSAMUND AVENUE,,Non-Injury Crash,No,2025,0,West,0,0,0,Flat,0,,0,,0,Bright sun,376600,0,0,0,4,0,0,0,0,1,,0,0,Auckland Region,Nil,2-way,Sealed,0,0,0,0,50,0,Off,1,0,30,76,Auckland,Nil,0,0,0,0,1,0,Urban,0,0,0,Fine,Null
1744447.5798,5922253.4484,883926,,513530,0,,0,0,,South,2023/2024,NORTH-WESTERN MOTORWAY,ROYAL ROAD ON RAMP,,Minor Crash,Yes,2023,,South,,0,,Flat,,,,,,Overcast,225807,3,0,0,3,,,0,,,,,,Auckland Region,Nil,1-way,Sealed,,0,0,,100,,Off,2,0,,76,Auckland,Nil,,,,,0,0,Open,2,,,Light rain,Null
1741434.2904,5976086.701,883930,75,506661,0,0,0,0,0,West,2022/2023,SH 1,FALLS BR,,Minor Crash,Yes,2023,0,West,0,0,0,Flat,1,,0,,0,Dark,139000,1,0,0,2,0,0,0,0,0,,0,0,Auckland Region,Nil,2-way,Sealed,0,0,0,0,80,0,None,1,0,,76,Auckland,Nil,0,0,0,0,0,0,Open,0,0,0,Fine,Null