X,Y,OBJECTID,advisorySpeed,areaUnitID,bicycle,bridge,bus,carStationWagon,cliffBank,crashDirectionDescription,crashFinancialYear,crashLocation1,crashLocation2,crashRoadSideRoad,crashSeverity,crashSHDescription,crashYear,debris,directionRoleDescription,ditch,fatalCount,fence,flatHill,guardRail,holiday,houseOrBuilding,intersection,kerb,light,meshblockId,minorInjuryCount,moped,motorcycle,NumberOfLanes,objectThrownOrDropped,otherObject,otherVehicleType,overBank,parkedVehicle,pedestrian,phoneBoxEtc,postOrPole,region,roadCharacter,roadLane,roadSurface,roadworks,schoolBus,seriousInjuryCount,slipOrFlood,speedLimit,strayAnimal,streetLight,suv,taxi,temporarySpeedLimit,tlaId,tlaName,trafficControl,trafficIsland,trafficSign,train,tree,truck,unknownVehicleType,urban,vanOrUtility,vehicle,waterRiver,weatherA,weatherB
1763731.6687,5904604.1339,883933,,522100,0,,0,2,,South,2024/2025,PUHINUI ROAD-SH 20B OFF RAMP,SOUTH-WESTERN MOTORWAY,,Non-Injury Crash,Yes,2025,,South,,0,,Flat,,,,,,Bright sun,781001,0,0,0,1,,,0,,,,,,Auckland Region,Nil,1-way,Sealed,,0,0,,100,,Null,0,0,,76,Auckland,Nil,,,,,0,0,Open,0,,,Fine,Null
1746120.038,5973521.8361,883939,,506661,0,,0,1,,South,2024/2025,SH 1,L PHILLIPS ROAD,,Non-Injury Crash,Yes,2024,,North,,0,,Flat,,,,,,Overcast,139000,0,0,0,2,,,0,,,,,,Auckland Region,Nil,2-way,Sealed,,0,0,,80,,None,0,0,,76,Auckland,Nil,,,,,0,0,Open,0,,,Fine,Null
1749109.9571,5911315.6508,883941,,512100,0,,0,1,,South,2025/2026,AVONLEIGH ROAD,GODLEY ROAD,,Serious Crash,No,2025,,South,,0,,Hill Road,,,,,,Dark,290703,0,0,0,2,,,0,,,,,,Auckland Region,Nil,2-way,Sealed,,0,1,,50,,On,0,0,,76,Auckland,Nil,,,,,0,0,Urban,0,,,Fine,Null
1754369.8284,5916681.8541,883947,,517701,0,,0,1,,West,2024/2025,ST LUKES ROAD,WAGENER PLACE,,Non-Injury Crash,No,2025,,South,,0,,Null,,,,,,Unknown,536100,0,0,0,3,,,0,,,,,,Auckland Region,Nil,1-way,Sealed,,0,0,,50,,Null,0,0,,76,Auckland,Nil,,,,,1,0,Urban,0,,,Fine,Null
1729346.0107,5931184.8917,883948,75,506652,0,0,0,0,0,West,2023/2024,SH 16,MCPIKE ROAD,,Minor Crash,Yes,2024,0,South,0,0,0,Flat,0,,0,,0,Bright sun,218101,3,0,0,2,0,0,0,1,0,,0,0,Auckland Region,Nil,2-way,Sealed,0,0,0,0,100,0,None,2,0,,76,Auckland,Nil,0,0,0,0,0,0,Open,0,0,0,Fine,Null
1766456.904,5907732.4043,883951,,523402,0,0,0,1,0,Null,2024/2025,OTARA ROAD,ASHTON AVENUE,,Non-Injury Crash,No,2025,0,South,0,0,1,Flat,0,,0,,0,Overcast,698700,0,0,0,2,0,0,0,0,0,,0,1,Auckland Region,Nil,2-way,Sealed,0,0,0,0,50,0,None,0,0,,76,Auckland,Stop,0,0,0,0,0,0,Urban,0,0,0,Fine,Null
1741984.0147,5904260.1752,883954,45,513800,0,0,0,0,1,West,2022/2023,HUIA ROAD,PANTO TRACK,,Minor Crash,No,2023,0,North,0,0,0,Hill Road,0,,0,,0,Dark,303101,1,0,0,2,0,0,0,0,0,,0,0,Auckland Region,Nil,2-way,Sealed,0,0,0,0,80,0,None,1,0,,76,Auckland,Nil,0,0,0,0,0,0,Open,0,0,0,Light rain,Null
1756406.2958,5919696.3486,883959,,514000,0,,0,2,,North,2024/2025,HOWE STREET,WHITSON TERRACE,,Non-Injury Crash,No,2024,,North,,0,,Hill Road,,,,,,Bright sun,413500,0,0,0,2,,,0,,,,,,Auckland Region,Nil,2-way,Sealed,,0,0,,30,,Null,0,0,,76,Auckland,Nil,,,,,0,0,Urban,0,,,Light rain,Null
1767434.1155,5904943.7005,883961,,524603,0,,0,2,,Null,2024/2025,GREAT SOUTH ROAD,TE IRIRANGI DRIVE,,Non-Injury Crash,No,2025,,South,,0,,Flat,,,,,,Dark,780304,0,0,0,5,,,0,,,,,,Auckland Region,Nil,2-way,Sealed,,0,0,,50,,On,0,0,,76,Auckland,Traffic Signals,,,,,0,0,Urban,0,,,Fine,Null
1760960.5145,5907306.6638,883963,,524510,0,,0,1,,Null,2024/2025,BADER DRIVE,ROBERTSON ROAD,,Non-Injury Crash,No,2024,,North,,0,,Null,,,,,,Overcast,736900,0,0,0,2,,,0,,,,,,Auckland Region,Nil,1-way,Sealed,,0,0,,50,,Off,0,0,,76,Auckland,Give way,,,,,0,0,Urban,0,,,Fine,Null
1769822.2503,5880482.6265,883973,,525922,0,1,0,0,0,West,2024/2025,SUBWAY ROAD,STATION ROAD,,Non-Injury Crash,No,2024,0,East,0,0,0,Hill Road,0,,0,,0,Overcast,823800,0,0,0,2,0,0,0,0,0,,0,0,Auckland Region,Underpass,2-way,Sealed,0,0,0,0,50,0,None,0,0,,76,Auckland,Nil,0,0,0,0,1,0,Urban,0,0,0,Fine,Null
1755400.0554,5918260.4664,883981,,515500,0,,0,1,,West,2024/2025,NORTH-WESTERN MOTORWAY,BOND OBR,,Non-Injury Crash,Yes,2024,,East,,0,,Flat,,,,,,Bright sun,418800,0,0,0,4,,,0,,,,,,Auckland Region,Nil,1-way,Sealed,,0,0,,80,,Off,1,0,,76,Auckland,Nil,,,,,0,0,Open,0,,,Fine,Null
1759208.1552,5911163.1336,883982,,519820,0,0,0,0,0,North,2022/2023,SOUTH-WESTERN MOTORWAY,MANGERE BR,,Minor Crash,Yes,2023,0,South,0,0,0,Hill Road,1,,0,,0,Overcast,602503,1,0,0,4,0,0,0,0,0,,0,0,Auckland Region,Nil,1-way,Sealed,0,0,0,0,100,0,Off,0,0,,76,Auckland,Nil,0,0,0,0,0,0,Open,1,0,0,Fine,Null
1759993.3072,5913031.3525,883983,,520000,0,,0,2,,Null,2025/2026,MOUNT SMART ROAD,CURZON STREET,,Non-Injury Crash,No,2025,,East,,0,,Flat,,,,,,Overcast,605500,0,0,0,2,,,0,,,,,,Auckland Region,Nil,2-way,Sealed,,0,0,,50,,Off,0,0,,76,Auckland,Stop,,,,,0,0,Urban,0,,,Light rain,Null
1758131.5735,5917852.4005,883985,,515700,0,0,0,3,0,Null,2024/2025,GILLIES AVENUE OFF RAMP,GILLIES AVENUE,,Non-Injury Crash,No,2024,0,West,0,0,0,Flat,0,,0,,0,Dark,443200,0,0,0,2,0,0,0,0,0,,0,0,Auckland Region,Motorway ramp,1-way,Sealed,0,0,0,0,50,0,On,0,0,,76,Auckland,Traffic Signals,0,0,0,0,0,0,Urban,0,1,0,Fine,Null
1744553.2278,5919129.1731,883990,,513302,0,,0,1,,Null,2022/2023,RATHGAR ROAD,LARNOCH ROAD,,Minor Crash,No,2023,,North,,0,,Flat,,,,,,Overcast,232800,1,0,0,2,,,0,,,,,,Auckland Region,Nil,2-way,Sealed,,0,0,,50,,Off,0,0,,76,Auckland,Give way,,,,,0,0,Urban,1,,,Light rain,Null
1767468.6238,5905715.1241,883995,,522302,0,0,0,0,0,North,2025/2026,SOUTHERN MOTORWAY,REAGAN OBR,,Non-Injury Crash,Yes,2025,0,North,0,0,0,Flat,0,,0,,0,Bright sun,670903,0,0,0,3,0,0,0,0,0,,0,0,Auckland Region,Nil,1-way,Sealed,0,0,0,0,100,0,Off,0,0,,76,Auckland,Nil,0,0,0,2,0,0,Open,1,0,0,Fine,Null
1759373.896,5925778.2877,883998,,508020,0,,0,0,,Null,2023/2024,LAKE ROAD,ST LEONARDS ROAD,,Minor Crash,No,2023,,South,,0,,Flat,,,,,,Bright sun,321500,1,0,1,2,,,0,,,,,,Auckland Region,Nil,2-way,Sealed,,0,0,,50,,Off,1,0,,76,Auckland,Stop,,,,,0,0,Urban,0,,,Fine,Null
1761893.0533,5906699.3814,884001,,524302,0,,0,1,,Null,2025/2026,MASSEY ROAD,HENWOOD ROAD,,Non-Injury Crash,No,2025,,South,,0,,Flat,,,,,,Dark,743500,0,0,0,2,,,0,,,,,,Auckland Region,Nil,2-way,Sealed,,0,0,,50,,On,1,0,,76,Auckland,Traffic Signals,,,,,0,0,Urban,0,,,Fine,Null
1766957.0158,5906834.5062,884009,,523601,0,,0,2,,South,2024/2025,SOUTHERN MOTORWAY,EAST TAMAKI ROAD ON RAMP,,Non-Injury Crash,Yes,2024,,South,,0,,Flat,,,,,,Bright sun,707400,0,0,0,3,,,0,,,,,,Auckland Region,Nil,1-way,Sealed,,0,0,,100,,None,0,0,,76,Auckland,Nil,,,,,0,0,Open,0,,,Fine,Null
1773535.0394,5890181.1775,884010,,521302,0,0,0,1,0,South,2023/2024,SOUTHERN MOTORWAY,QUARRY OBR,,Minor Crash,Yes,2023,0,North,0,0,0,Flat,1,,0,,0,Dark,809101,1,0,0,2,0,0,0,0,0,,0,0,Auckland Region,Nil,1-way,Sealed,0,0,0,0,100,0,On,0,0,,76,Auckland,Nil,0,0,0,0,0,0,Open,1,0,0,Fine,Null
1745153.3319,5917820.6163,884013,,510700,0,0,0,2,0,South,2024/2025,BUSCOMB AVENUE,SEL PEACOCK DRIVE,,Non-Injury Crash,No,2024,0,North,0,0,0,Flat,0,,0,,0,Dark,239804,0,0,0,2,0,0,0,0,1,,0,0,Auckland Region,Nil,2-way,Sealed,0,0,0,0,50,0,On,0,0,,76,Auckland,Nil,0,0,0,0,0,0,Urban,0,0,0,Fine,Null
1756237.1823,5913024.3541,884014,,518701,0,0,0,2,1,Null,2022/2023,SOUTH-WESTERN MOTORWAY,HILLSBOROUGH ROAD ON RAMP,,Non-Injury Crash,Yes,2023,0,North,0,0,0,Flat,0,,0,,0,Dark,569000,0,0,0,1,0,0,0,0,0,,0,0,Auckland Region,Motorway ramp,1-way,Sealed,0,0,0,0,50,0,On,0,0,,76,Auckland,Nil,0,0,0,0,0,0,Urban,0,0,0,Heavy rain,Null
1739775.4909,5918092.0243,884015,,513102,0,0,0,1,0,South,2024/2025,TRAM VALLEY ROAD,KATOTE AVENUE,,Non-Injury Crash,No,2024,0,East,0,0,0,Flat,0,,0,,0,Bright sun,237700,0,0,0,2,0,0,0,0,0,,0,0,Auckland Region,Nil,2-way,Unsealed,0,0,0,0,60,0,Off,0,0,,76,Auckland,Nil,0,0,0,1,0,0,Urban,0,0,0,Fine,Null
1748714.9718,5925648.7097,884023,,513431,0,,0,2,,Null,2025/2026,KOKOWAI PARADE,OBSERVATION GREEN,,Minor Crash,No,2025,,South,,0,,Flat,,,,,,Bright sun,222800,1,0,0,2,,,0,,,,,,Auckland Region,Nil,2-way,Sealed,,0,0,,50,,Off,0,0,,76,Auckland,Give way,,,,,0,0,Urban,0,,,Fine,Null
1768772.3517,5905025.9092,884024,,523722,0,,0,1,,Null,2022/2023,HOLLYFORD DRIVE,ASPIRING AVENUE,,Minor Crash,No,2023,,South,,0,,Hill Road,,,,,,Overcast,716009,1,0,0,2,,,0,,,,,,Auckland Region,Nil,2-way,Sealed,,0,0,,50,,Off,0,0,,76,Auckland,Give way,,,,,0,0,Urban,1,,,Fine,Null
1742534.5782,5924543.8933,884029,,513410,0,,0,2,,North,2024/2025,FRED TAYLOR DRIVE,PUA STREET,,Non-Injury Crash,No,2025,,South,,0,,Null,,,,,,Unknown,220400,0,0,0,2,,,0,,,,,,Auckland Region,Nil,2-way,Null,,0,0,,80,,Null,0,0,,76,Auckland,Nil,,,,,0,0,Open,0,,,Null,Null
1737475.2741,5910211.5116,884031,,513800,0,0,0,1,0,East,2024/2025,PIHA ROAD,ANAWHATA ROAD,,Non-Injury Crash,No,2025,0,East,1,0,0,Flat,0,,0,,0,Bright sun,281902,0,0,0,2,0,0,0,0,0,,0,0,Auckland Region,Nil,2-way,Sealed,0,0,0,0,80,0,Off,0,0,,76,Auckland,Nil,0,0,0,1,0,0,Open,0,0,0,Fine,Null
1753917.476,5931648.959,884038,,508805,0,,0,2,,South,2022/2023,NORTHERN MOTORWAY,UPPER HARBOUR HWY OFF RAMP,,Non-Injury Crash,Yes,2023,,South,,0,,Hill Road,,,,,,Bright sun,180813,0,0,0,2,,,0,,,,,,Auckland Region,Nil,1-way,Sealed,,0,0,,100,,Off,0,0,,76,Auckland,Nil,,,,,0,0,Open,0,,,Fine,Null
1765007.5194,5904794.0197,884043,,522100,0,,0,2,,Null,2022/2023,KENDERDINE ROAD,BRIDGE STREET,,Non-Injury Crash,No,2023,,South,,0,,Flat,,,,,,Overcast,659500,0,0,0,2,,,0,,,,,,Auckland Region,Nil,2-way,Sealed,,0,0,,50,,Off,0,0,,76,Auckland,Stop,,,,,0,0,Urban,0,,,Fine,None
1755016.8185,5930267.1768,884044,,508420,0,0,0,1,0,North,2022/2023,NORTHERN MOTORWAY,SUNNYNOOK OBR,,Minor Crash,Yes,2023,0,North,0,0,0,Flat,1,,0,,0,Dark,182100,1,0,0,3,0,0,0,0,0,,0,0,Auckland Region,Nil,1-way,Sealed,0,0,0,0,100,0,On,0,0,80,76,Auckland,Nil,0,0,0,0,0,0,Open,0,0,0,Fine,Null
1773469.5992,5897661.0439,884045,,523912,0,,0,2,,Null,2024/2025,BELLBIRD STREET,SADDLEBACK CRESCENT,,Non-Injury Crash,No,2025,,North,,0,,Flat,,,,,,Bright sun,765500,0,0,0,2,,,0,,,,,,Auckland Region,Nil,2-way,Sealed,,0,0,,50,,Null,0,0,,76,Auckland,Give way,,,,,0,0,Urban,0,,,Fine,Null
1757313.3359,5919496.4357,884049,,514301,1,,0,0,,Null,2024/2025,SYMONDS STREET,CITY ROAD,,Minor Crash,No,2025,,North,,0,,Hill Road,,,,,,Bright sun,440904,1,0,0,4,,,0,,,,,,Auckland Region,Nil,2-way,Sealed,,0,0,,30,,Off,0,0,,76,Auckland,Give way,,,,,1,0,Urban,1,,,Fine,Null
1766132.6508,5915581.1535,884062,,520601,0,,0,1,,East,2022/2023,TOBRUK ROAD,TRIPOLI ROAD,,Minor Crash,No,2023,,East,,0,,Flat,,,,,,Dark,633400,1,0,0,2,,,0,,,,,,Auckland Region,Nil,2-way,Sealed,,0,0,,50,,On,0,0,,76,Auckland,Nil,,,,,0,0,Urban,1,,,Fine,Null
1756274.8396,5920720.783,884063,,514102,0,1,0,1,0,South,2024/2025,NORTHERN MOTORWAY,VICTORIA PARK VDT,,Non-Injury Crash,Yes,2024,0,North,0,0,0,Flat,0,,0,,0,Dark,432500,0,0,0,3,0,0,0,0,0,,0,0,Auckland Region,Tunnel,1-way,Sealed,0,0,0,0,80,0,On,0,0,,76,Auckland,Nil,0,0,0,0,0,0,Open,0,0,0,Fine,Null
1769555.2796,5877937.912,884070,35,525922,0,,0,1,,North,2022/2023,TUAKAU ROAD,RAY WRIGHT ROAD,,Non-Injury Crash,No,2023,,South,,0,,Hill Road,,,,,,Overcast,824302,0,0,0,2,,,0,,,,,,Auckland Region,Nil,2-way,Sealed,,0,0,,80,,None,1,0,,76,Auckland,Nil,,,,,0,0,Open,0,,,Light rain,Null
1750550.2199,5926833.3307,884073,,510010,0,,0,2,,West,2024/2025,SUNNYHAVEN AVENUE,RANGATIRA ROAD,,Non-Injury Crash,No,2025,,East,,0,,Flat,,,,,,Dark,342000,0,0,0,2,,,0,,,,,,Auckland Region,Nil,2-way,Sealed,,0,0,,50,,On,0,0,,76,Auckland,Nil,,,,,0,0,Urban,0,,,Fine,Null
1769328.8228,5915200.999,884075,,522730,0,0,0,2,0,South,2024/2025,PIGEON MOUNTAIN ROAD,BLANCHE WAY,,Non-Injury Crash,No,2025,0,North,0,0,0,Flat,0,,0,,0,Dark,679810,0,0,0,2,0,0,0,0,1,,0,0,Auckland Region,Nil,2-way,Sealed,0,0,0,0,50,0,On,0,0,,76,Auckland,Nil,0,0,0,0,0,0,Urban,0,0,0,Fine,Null
1766179.0106,5902743.2204,884083,,524604,0,,0,0,,South,2024/2025,ASH ROAD,OAK ROAD,,Non-Injury Crash,No,2024,,North,,0,,Null,,,,,,Unknown,780403,0,0,0,2,,,0,,,,,,Auckland Region,Nil,2-way,Null,,0,0,,50,,Null,0,0,,76,Auckland,Nil,,,,,0,0,Urban,2,,,Null,Null
1773975.1856,5895988.7667,884097,,525620,0,,0,1,,Null,2025/2026,SETTLEMENT ROAD,HUNUA ROAD,,Non-Injury Crash,No,2025,,West,,0,,Flat,,,,,,Bright sun,798102,0,0,0,2,,,0,,,,,,Auckland Region,Nil,2-way,Sealed,,0,0,,50,,Off,0,0,,76,Auckland,Give way,,,,,1,0,Urban,0,,,Fine,Null
1755090.2298,5927922.8872,884099,,508320,0,,0,1,,North,2024/2025,ARCHERS ROAD,CHIVALRY ROAD,,Non-Injury Crash,No,2025,,South,,0,,Hill Road,,,,,,Overcast,199500,0,0,0,2,,,0,,,,,,Auckland Region,Nil,2-way,Sealed,,0,0,,50,,None,2,0,,76,Auckland,Nil,,,,,0,0,Urban,0,,,Fine,Null
1762106.0814,5913583.5572,884118,,520500,0,,0,2,,North,2023/2024,PENROSE ROAD,PRESCOTT STREET,,Minor Crash,No,2023,,South,,0,,Flat,,,,,,Overcast,637000,2,0,0,2,,,0,,,2,,,Auckland Region,Bridge,2-way,Sealed,,0,0,,50,,Off,0,0,,76,Auckland,Nil,,,,,0,0,Urban,1,,,Fine,Null
1745308.6161,5919836.9792,884119,,513301,0,,1,1,,North,2023/2024,LINCOLN ROAD,UNIVERSAL DRIVE,,Non-Injury Crash,No,2024,,South,,0,,Flat,,,,,,Bright sun,230401,0,0,0,4,,,0,,,,,,Auckland Region,Nil,2-way,Sealed,,0,0,,50,,Off,0,0,,76,Auckland,Nil,,,,,0,0,Urban,0,,,Fine,Null
1763547.6366,5906418.4147,884123,,524301,0,,0,2,,Null,2022/2023,BUCKLAND ROAD,PORTAGE ROAD,,Non-Injury Crash,No,2023,,East,,0,,Flat,,,,,,Bright sun,655701,0,0,0,2,,,0,,,,,,Auckland Region,Nil,2-way,Sealed,,0,0,,50,,Off,0,0,,76,Auckland,Give way,,,,,0,0,Urban,0,,,Fine,None
1770158.0648,5898359.6279,884129,,523920,0,0,0,1,0,South,2025/2026,SOUTHERN MOTORWAY,WALTER STREVENS OBR,,Minor Crash,Yes,2025,0,North,0,0,0,Flat,2,,0,,0,Overcast,767918,1,0,0,3,0,0,0,0,0,,0,0,Auckland Region,Nil,1-way,Sealed,0,0,0,0,100,0,Off,0,0,,76,Auckland,Nil,0,0,0,0,1,0,Open,0,0,0,Fine,Null
1754428.7153,5916292.3349,884130,,517702,0,0,0,1,0,Null,2022/2023,FOWLDS AVENUE,LOCARNO AVENUE,,Serious Crash,No,2023,0,South,0,0,0,Flat,0,,0,,0,Bright sun,540201,0,0,0,2,0,0,0,0,1,,0,0,Auckland Region,Nil,2-way,Sealed,0,0,1,0,50,0,Off,0,0,,76,Auckland,Give way,0,0,0,0,0,0,Urban,1,0,0,Fine,Null
1749487.6916,5945795.554,884137,,505806,0,,0,2,,Null,2024/2025,EAST COAST ROAD,HIBISCUS COAST HIGHWAY,,Non-Injury Crash,No,2025,,North,,0,,Hill Road,,,,,,Bright sun,176802,0,0,0,5,,,0,,,,,,Auckland Region,Nil,2-way,Sealed,,0,0,,50,,Off,0,0,,76,Auckland,Traffic Signals,,,,,0,0,Urban,0,,,Fine,Null
1768354.1086,5903480.7597,884157,,524602,0,,0,1,,North,2025/2026,AIRPORT OFF RAMP,SOUTHERN MOTORWAY,,Non-Injury Crash,Yes,2026,,North,,0,,Flat,,,,,,Bright sun,780506,0,0,0,2,,,0,,,,,,Auckland Region,Motorway ramp,1-way,Sealed,,0,0,,80,,Off,0,0,,76,Auckland,Nil,,,,,1,0,Open,0,,,Fine,Null
1743428.2396,5916360.817,884170,,513012,0,,0,1,,Null,2022/2023,SAN BERNADINO DRIVE,SAN MARINO DRIVE,,Minor Crash,No,2023,,East,,0,,Flat,,,,,,Dark,280709,1,0,0,2,,,0,,,,,,Auckland Region,Nil,2-way,Sealed,,0,0,,50,,On,0,0,,76,Auckland,Give way,,,,,0,0,Urban,1,,,Fine,Null
1770069.6936,5898537.9548,884171,,523920,0,,0,1,,North,2023/2024,SOUTHERN MOTORWAY,WALTER STREVENS OBR,,Non-Injury Crash,Yes,2024,,North,,0,,Flat,,,,,,Overcast,767911,0,0,0,3,,,0,,,,,,Auckland Region,Nil,1-way,Sealed,,0,0,,100,,None,1,0,,76,Auckland,Nil,,,,,0,0,Open,0,,,Light rain,Null
1743609.2116,5917210.3243,884185,,513220,0,0,0,2,0,South,2025/2026,SUMMERLAND DRIVE,ENNERDALE LANE,,Minor Crash,No,2025,0,South,0,0,0,Flat,0,,0,,0,Twilight,236812,1,0,0,2,0,0,0,0,1,,0,0,Auckland Region,Nil,2-way,Sealed,0,0,0,0,50,0,On,0,0,,76,Auckland,Nil,0,0,0,0,0,0,Urban,0,0,0,Fine,Null
1755522.2277,5932474.0889,884190,,508805,0,,0,2,,North,2022/2023,EAST COAST ROAD,HASTINGS ROAD,,Non-Injury Crash,No,2023,,South,,0,,Flat,,,,,,Overcast,153200,0,0,0,4,,,0,,,,,,Auckland Region,Nil,2-way,Sealed,,0,0,,50,,Off,0,0,,76,Auckland,Nil,,,,,0,0,Urban,0,,,Fine,Null
1758801.2657,5912409.1878,884199,,519810,0,,0,2,,Null,2025/2026,SELWYN STREET,ARTHUR STREET,,Minor Crash,No,2025,,North,,0,,Flat,,,,,,Bright sun,599000,1,0,0,2,,,0,,,,,,Auckland Region,Nil,2-way,Sealed,,0,0,,50,,None,0,0,,76,Auckland,Stop,,,,,0,0,Urban,0,,,Fine,Null
1753396.0061,5933218.4905,884201,,508804,0,0,0,1,0,Null,2025/2026,GREVILLE ROAD,GREVILLE ROAD ON RAMP,,Non-Injury Crash,No,2025,0,North,0,0,0,Flat,1,Christmas New Year,0,,1,Dark,180605,0,0,0,4,0,0,0,0,0,,0,0,Auckland Region,Nil,2-way,Sealed,0,0,0,0,50,0,On,0,0,,76,Auckland,Traffic Signals,0,0,0,0,0,0,Urban,0,0,0,Light rain,Null
1770767.3474,5901612.5315,884209,,523813,0,,0,1,,Null,2025/2026,ALFRISTON ROAD,PORCHESTER ROAD,,Minor Crash,No,2025,,West,,0,,Flat,,,,,,Bright sun,759800,2,0,0,2,,,0,,,,,,Auckland Region,Nil,2-way,Sealed,,0,0,,50,,Off,0,0,,76,Auckland,Traffic Signals,,,,,0,0,Urban,1,,,Fine,Null
1756106.9416,5919380.4584,884213,,514000,0,,0,2,,Null,2025/2026,HOPETOUN STREET,PONSONBY ROAD,,Non-Injury Crash,No,2025,,West,,0,,Flat,,,,,,Dark,413800,0,0,0,3,,,0,,,,,,Auckland Region,Nil,2-way,Sealed,,0,0,,30,,On,0,0,,76,Auckland,Traffic Signals,,,,,0,0,Urban,0,,,Fine,Null
1728617.2878,5940763.0568,884217,,506644,0,0,0,1,0,North,2025/2026,PARKHURST ROAD,SH 16,,Non-Injury Crash,No,2026,0,North,0,0,0,Flat,0,,0,,0,Dark,210804,0,0,0,2,0,0,0,0,0,,0,1,Auckland Region,Nil,2-way,Sealed,0,0,0,0,80,0,On,0,0,,76,Auckland,Nil,0,0,0,1,0,0,Open,0,0,0,Mist or Fog,Null
1769202.3798,5900388.3481,884219,,525002,0,,0,0,,North,2023/2024,GREAT SOUTH ROAD,MYERS ROAD,,Non-Injury Crash,No,2023,,North,,0,,Flat,,,,,,Overcast,753202,0,0,0,2,,,0,,,,,,Auckland Region,Nil,2-way,Sealed,,0,0,,50,,None,1,0,,76,Auckland,Nil,,,,,0,1,Urban,0,,,Fine,None
1750353.3617,5914091.5272,884221,,511303,0,,0,2,,North,2025/2026,VERONICA STREET,TOTARA AVENUE,,Non-Injury Crash,No,2025,,North,,0,,Flat,,,,,,Overcast,266100,0,0,0,2,,,0,,,,,,Auckland Region,Nil,2-way,Sealed,,0,0,,50,,Off,0,0,,76,Auckland,Nil,,,,,0,0,Urban,0,,,Heavy rain,Null
1770216.2888,5909362.1984,884225,,523114,0,0,0,1,0,North,2025/2026,CHAPEL ROAD,RIALTO COURT,,Non-Injury Crash,No,2026,0,North,0,0,0,Flat,0,,0,,0,Dark,711807,0,0,0,2,0,0,0,0,0,,0,0,Auckland Region,Nil,2-way,Sealed,0,0,0,0,50,0,On,0,0,,76,Auckland,Nil,0,1,0,0,0,0,Urban,0,0,0,Fine,Null
1763134.6142,5905908.5154,884226,,524303,0,,0,1,,Null,2022/2023,CLAUDE AVENUE,PORTAGE ROAD,,Minor Crash,No,2023,,North,,0,,Flat,,,,,,Bright sun,656200,1,0,0,2,,,0,,,1,,,Auckland Region,Nil,2-way,Sealed,,0,0,,50,,Off,0,0,,76,Auckland,Give way,,,,,0,0,Urban,0,,,Fine,Strong wind
1755684.7723,5916116.8788,884237,,518301,0,,0,2,,South,2024/2025,DOMINION ROAD,WIREMU STREET,,Non-Injury Crash,No,2024,,South,,0,,Flat,,,,,,Dark,555100,0,0,0,2,,,0,,,,,,Auckland Region,Nil,2-way,Sealed,,0,0,,50,,On,0,0,,76,Auckland,Nil,,,,,0,0,Urban,0,,,Fine,Null
1753703.5149,5914537.5096,884242,,518801,0,,0,3,,South,2023/2024,STODDARD ROAD,MAIORO STREET,,Minor Crash,No,2024,,North,,0,,Flat,,,,,,Overcast,578500,3,0,0,3,,,0,,,,,,Auckland Region,Nil,2-way,Sealed,,0,0,,50,,On,0,0,,76,Auckland,Nil,,,,,0,0,Urban,0,,,Light rain,Null
1757558.3528,5920000.5582,884246,,514103,0,0,0,1,0,Null,2023/2024,WELLESLEY STREET EAST,PRINCES STREET,,Non-Injury Crash,No,2023,0,North,0,0,0,Hill Road,0,,0,,0,Dark,436700,0,0,0,1,0,0,0,0,0,,0,0,Auckland Region,Nil,1-way,Sealed,0,0,0,0,30,0,On,0,0,,76,Auckland,Traffic Signals,1,1,0,0,0,0,Urban,0,0,0,Heavy rain,Null
1756409.9806,5919663.5518,884247,,514000,0,,0,1,,Null,2023/2024,HOWE STREET,WHITSON TERRACE,,Non-Injury Crash,No,2024,,North,,0,,Hill Road,,,,,,Overcast,413500,0,0,0,2,,,0,,,1,,,Auckland Region,Nil,2-way,Sealed,,0,0,,30,,Off,0,0,,76,Auckland,Nil,,,,,0,0,Urban,0,,,Fine,Null
1746633.1824,5965864.9438,884257,,506613,0,,0,1,,South,2025/2026,NORTHERN MOTORWAY,SH 1,,Non-Injury Crash,Yes,2025,,North,,0,,Hill Road,,Christmas New Year,,,,Overcast,146005,0,0,0,2,,,0,,,,,,Auckland Region,Nil,1-way,Sealed,,0,0,,110,,None,0,0,,76,Auckland,Nil,,,,,0,1,Open,0,,,Light rain,Null
1754480.7861,5935941.2129,884258,,507101,0,0,0,1,1,South,2022/2023,DEVERELL PLACE,CARLISLE ROAD,,Non-Injury Crash,No,2023,0,North,0,0,0,Hill Road,0,Queens Birthday,0,,0,Dark,160401,0,0,0,2,0,0,0,0,0,,0,0,Auckland Region,Nil,2-way,Sealed,0,0,0,0,50,0,On,0,0,,76,Auckland,Nil,0,0,0,0,0,0,Urban,0,0,0,Fine,Null
1729717.5432,5960370.96,884259,,506613,0,0,0,0,1,North,2024/2025,KAIPARA COAST HIGHWAY,WEST COAST ROAD,,Non-Injury Crash,Yes,2024,0,North,0,0,0,Flat,0,,0,,0,Bright sun,146200,0,0,0,2,0,0,0,0,0,,0,0,Auckland Region,Nil,2-way,Sealed,0,0,0,0,100,0,None,0,0,,76,Auckland,Nil,0,0,0,0,1,0,Open,0,0,0,Fine,Null