X,Y,OBJECTID,advisorySpeed,areaUnitID,bicycle,bridge,bus,carStationWagon,cliffBank,crashDirectionDescription,crashFinancialYear,crashLocation1,crashLocation2,crashRoadSideRoad,crashSeverity,crashSHDescription,crashYear,debris,directionRoleDescription,ditch,fatalCount,fence,flatHill,guardRail,holiday,houseOrBuilding,intersection,kerb,light,meshblockId,minorInjuryCount,moped,motorcycle,NumberOfLanes,objectThrownOrDropped,otherObject,otherVehicleType,overBank,parkedVehicle,pedestrian,phoneBoxEtc,postOrPole,region,roadCharacter,roadLane,roadSurface,roadworks,schoolBus,seriousInjuryCount,slipOrFlood,speedLimit,strayAnimal,streetLight,suv,taxi,temporarySpeedLimit,tlaId,tlaName,trafficControl,trafficIsland,trafficSign,train,tree,truck,unknownVehicleType,urban,vanOrUtility,vehicle,waterRiver,weatherA,weatherB
1747424.1543,5919596.169,884263,,512300,0,,0,2,,West,2024/2025,NORTH-WESTERN MOTORWAY,TE ATATU ROAD ON RAMP,,Minor Crash,Yes,2025,,East,,0,,Flat,,,,,,Overcast,252000,1,0,0,4,,,0,,,,,,Auckland Region,Nil,1-way,Sealed,,0,0,,100,,Off,0,0,,76,Auckland,Nil,,,,,0,0,Open,0,,,Light rain,Null
1771345.8295,5900032.4508,884266,,523911,0,,0,1,,Null,2022/2023,PORCHESTER ROAD,POPES ROAD,,Minor Crash,No,2023,,North,,0,,Flat,,,,,,Bright sun,767100,1,0,0,2,,,0,,,,,,Auckland Region,Nil,2-way,Sealed,,0,0,,60,,Off,0,0,,76,Auckland,Stop,,,,,0,0,Urban,1,,,Fine,Null
1748734.2833,5969794.3717,884267,,505500,0,0,0,2,0,North,2024/2025,HAUITI DRIVE,DAVID WILLIAM PLACE,,Non-Injury Crash,No,2024,0,North,0,0,0,Null,0,,0,,0,Dark,141102,0,0,0,2,0,0,0,0,1,,0,0,Auckland Region,Nil,2-way,Sealed,0,0,0,0,50,0,Null,0,0,,76,Auckland,Nil,0,0,0,0,0,0,Urban,0,0,0,Fine,Null
1773590.9383,5897118.4013,884269,,525630,0,,0,1,,North,2024/2025,GROVE ROAD,HILL CRESCENT,,Non-Injury Crash,No,2024,,North,,0,,Flat,,,,,,Overcast,795200,0,0,0,2,,,0,,,,,,Auckland Region,Nil,2-way,Sealed,,0,0,,50,,Off,1,0,,76,Auckland,Nil,,,,,0,0,Urban,0,,,Fine,Null
1751421.2334,5915874.5404,884275,,514401,0,,0,2,,Null,2023/2024,HENRY STREET,ROBERTON ROAD,,Non-Injury Crash,No,2023,,East,,0,,Flat,,,,,,Overcast,381900,0,0,0,2,,,0,,,,,,Auckland Region,Nil,2-way,Sealed,,0,0,,50,,None,0,0,,76,Auckland,Stop,,,,,0,0,Urban,0,,,Light rain,None
1770333.0034,5901429.7984,884281,,523814,0,,0,2,,Null,2025/2026,ALFRISTON ROAD,SARALEE DRIVE,,Non-Injury Crash,No,2025,,East,,0,,Flat,,,,,,Bright sun,759515,0,0,0,2,,,0,,,,,,Auckland Region,Nil,2-way,Sealed,,0,0,,50,,Off,0,0,,76,Auckland,Give way,,,,,0,0,Urban,0,,,Fine,Null
1765760.7158,5901131.0383,884287,,524821,0,,0,2,,Null,2023/2024,ROSCOMMON ROAD,FINLAYSON AVENUE,,Non-Injury Crash,No,2024,,North,,0,,Flat,,,,,,Bright sun,774403,0,0,0,2,,,0,,,,,,Auckland Region,Nil,1-way,Sealed,,0,0,,50,,Off,0,0,,76,Auckland,Give way,,,,,0,0,Urban,0,,,Fine,None
1747281.6723,5921446.5716,884289,,512300,0,0,0,0,0,Null,2025/2026,TE ATATU ROAD,TAIKATA ROAD,,Non-Injury Crash,No,2025,0,North,0,0,0,Flat,0,,0,,0,Twilight,250101,0,0,0,2,0,0,0,0,0,,0,0,Auckland Region,Nil,2-way,Sealed,0,0,0,0,50,0,On,0,0,,76,Auckland,Give way,0,1,0,0,0,0,Urban,1,0,0,Fine,Null
1749610.0207,5941029.9515,884293,,506300,0,,0,1,,South,2025/2026,NORTHERN MOTORWAY,WILKS OBR,,Non-Injury Crash,Yes,2025,,South,,0,,Null,,,,,,Overcast,175902,0,0,1,2,,,0,,,,,,Auckland Region,Nil,1-way,Sealed,,0,0,,100,,Null,0,0,,76,Auckland,Nil,,,,,0,0,Open,0,,,Light rain,Null
1764711.3425,5906481.3838,884309,,522201,0,,0,2,,Null,2025/2026,SHIRLEY ROAD,CORONATION ROAD,,Non-Injury Crash,No,2025,,South,,0,,Null,,,,,,Bright sun,661800,0,0,0,1,,,0,,,,,,Auckland Region,Nil,1-way,Sealed,,0,0,,50,,Null,0,0,,76,Auckland,Give way,,,,,0,0,Urban,0,,,Fine,Null
1765988.2624,5880181.5633,884311,,521112,0,0,0,0,0,North,2024/2025,EDEN ROAD,JENKIN ROAD,,Minor Crash,No,2025,0,North,1,0,0,Flat,0,,0,,0,Dark,825700,1,0,0,2,0,0,0,0,0,,0,0,Auckland Region,Nil,2-way,Sealed,0,0,0,0,60,0,None,1,0,,76,Auckland,Nil,0,0,0,2,0,0,Urban,0,0,0,Fine,Null
1758058.339,5920702.5481,884321,,514103,0,,0,1,,Null,2025/2026,BEACH ROAD,TANGIHUA STREET,,Minor Crash,No,2025,,South,,0,,Flat,,,,,,Overcast,438301,3,0,0,4,,,0,,,,,,Auckland Region,Nil,2-way,Sealed,,0,0,,40,,Off,0,0,,76,Auckland,Traffic Signals,,,,,1,0,Urban,0,,,Fine,Null
1757287.8853,5918933.9942,884325,,514301,0,0,0,1,0,North,2025/2026,PORT TO SOUTHERN LINK,KHYBER PASS OBR,,Non-Injury Crash,Yes,2025,0,South,0,0,0,Flat,1,,0,,0,Dark,441300,0,0,0,2,0,0,0,0,0,,0,0,Auckland Region,Motorway ramp,1-way,Sealed,0,0,0,0,80,0,On,0,0,,76,Auckland,Nil,0,0,0,0,0,0,Open,0,0,0,Fine,Null
1766251.1371,5912359.1483,884333,,522920,0,0,0,1,0,South,2024/2025,SWAN CRESCENT,TIRAUMEA DRIVE,,Non-Injury Crash,No,2025,0,West,0,0,0,Flat,0,,0,,0,Bright sun,684500,0,0,1,2,0,0,0,0,0,,0,0,Auckland Region,Nil,2-way,Sealed,0,0,0,0,50,0,Off,0,0,,76,Auckland,Nil,0,0,0,0,0,0,Urban,0,1,0,Fine,Null
1763672.6623,5910685.0448,884335,,521901,0,0,0,1,0,East,2024/2025,PORTAGE ROAD,PUKEITI ROAD,,Non-Injury Crash,No,2025,0,West,0,0,0,Flat,0,,0,,0,Bright sun,781500,0,0,0,2,0,0,0,0,1,1,0,0,Auckland Region,Nil,2-way,Sealed,0,0,0,0,50,0,Off,0,0,40,76,Auckland,Nil,0,0,0,0,0,0,Urban,1,0,0,Fine,Null
1758796.5624,5916310.2387,884337,,519200,0,0,0,2,0,South,2024/2025,CORNWALL PARK AVENUE,MARKET ROAD,,Non-Injury Crash,No,2025,0,East,0,0,0,Flat,0,,0,,0,Overcast,614900,0,0,0,2,0,0,0,0,1,,0,0,Auckland Region,Nil,2-way,Sealed,0,0,0,0,50,0,On,1,0,,76,Auckland,Nil,0,0,0,0,0,0,Urban,0,0,0,Fine,Null
1764483.4388,5908670.746,884341,,521901,0,0,1,1,0,North,2025/2026,GREAT SOUTH ROAD,NELSON STREET,,Serious Crash,No,2025,0,North,0,0,0,Flat,0,,0,,0,Bright sun,785600,0,0,0,4,0,0,0,0,0,,0,0,Auckland Region,Nil,2-way,Sealed,0,0,1,0,50,0,Off,0,0,,76,Auckland,Nil,0,0,0,0,0,0,Urban,0,1,0,Fine,Null
1768050.3712,5906879.1689,884347,,523711,0,0,0,2,0,North,2024/2025,RONGOMAI ROAD,DAWSON ROAD,,Non-Injury Crash,No,2024,0,East,0,0,0,Flat,0,,0,,0,Dark,714100,0,0,0,2,0,0,0,0,1,,0,0,Auckland Region,Nil,2-way,Sealed,0,0,0,0,50,0,None,0,0,,76,Auckland,Nil,0,0,0,0,0,0,Urban,0,0,0,Fine,Null
1755465.4962,5928806.7165,884355,,508320,0,,0,1,,North,2024/2025,WAIRAU ROAD,CURRYS LANE,,Non-Injury Crash,No,2024,,North,,0,,Flat,,,,,,Overcast,198600,0,0,0,4,,,0,,,,,,Auckland Region,Nil,2-way,Sealed,,0,0,,50,,Off,0,0,,76,Auckland,Nil,,,,,0,0,Urban,1,,,Fine,Null
1755865.826,5916719.7102,884359,,518201,0,,0,0,,Null,2024/2025,HERBERT ROAD,DOMINION ROAD,,Non-Injury Crash,No,2024,,West,,0,,Null,,,,,,Bright sun,549300,0,0,0,2,,,0,,,1,,,Auckland Region,Nil,2-way,Sealed,,0,0,,50,,Null,0,0,,76,Auckland,Stop,,,,,0,1,Urban,0,,,Fine,Null
1754522.6238,5928471.693,884369,,508320,1,,0,0,,Null,2024/2025,HILLSIDE ROAD,DIANA DRIVE,,Minor Crash,No,2025,,West,,0,,Hill Road,,,,,,Bright sun,198401,1,0,0,2,,,0,,,,,,Auckland Region,Nil,2-way,Sealed,,0,0,,50,,Off,0,0,,76,Auckland,Give way,,,,,0,0,Urban,0,,,Fine,Null
1749955.0069,5913849.0821,884381,,511303,0,,0,1,,Null,2024/2025,TOTARA AVENUE,CLARK STREET,,Minor Crash,No,2025,,East,,0,,Flat,,,,,,Bright sun,266000,1,0,0,2,,,0,,,1,,,Auckland Region,Nil,2-way,Sealed,,0,0,,50,,Off,0,0,,76,Auckland,Nil,,,,,0,0,Urban,0,,,Fine,Null
1759889.7788,5915755.9092,884393,,516003,0,,0,1,,Null,2024/2025,GREAT SOUTH ROAD,GREEN LANE WEST,,Non-Injury Crash,No,2025,,North,,0,,Flat,,,,,,Bright sun,495200,0,0,0,5,,,0,,,,,,Auckland Region,Nil,2-way,Sealed,,0,0,,50,,Off,1,0,,76,Auckland,Traffic Signals,,,,,0,0,Urban,0,,,Fine,Null
1756421.0585,5927240.8802,884395,,507900,0,,0,2,,Null,2024/2025,NORTHCOTE ROAD OFF RAMP,NORTHCOTE ROAD,,Non-Injury Crash,No,2024,,South,,0,,Flat,,,,,,Dark,305202,0,0,0,5,,,0,,,,,,Auckland Region,Motorway ramp,2-way,Sealed,,0,0,,50,,On,0,0,,76,Auckland,Traffic Signals,,,,,0,0,Urban,1,,,Heavy rain,Null
1773219.0385,5892621.6078,884399,,521301,0,,0,1,,Null,2024/2025,SUTTON ROAD,MURRAY STREET,,Non-Injury Crash,No,2025,,East,,0,,Flat,,,,,,Dark,808501,0,0,1,2,,,0,,,,,,Auckland Region,Nil,2-way,Sealed,,0,0,,50,,On,0,0,,76,Auckland,Nil,,,,,0,0,Urban,0,,,Fine,Null
1758128.0104,5887076.6085,884400,55,521122,0,0,0,0,1,East,2022/2023,WAIAU PA ROAD,WHITECLIFFS DRIVE,,Serious Crash,No,2023,0,East,1,0,0,Flat,0,,0,,0,Bright sun,810700,0,0,0,2,0,0,0,0,0,,0,0,Auckland Region,Nil,2-way,Sealed,0,0,1,0,80,0,None,0,0,,76,Auckland,Nil,0,0,0,0,1,0,Open,0,0,0,Fine,Null
1756892.7253,5919180.9368,884409,,514200,0,0,0,1,0,West,2025/2026,SOUTHERN MOTORWAY,UPPER QUEEN OBR,,Minor Crash,Yes,2025,0,West,0,0,0,Flat,1,,0,,0,Bright sun,412900,1,0,0,2,0,0,0,0,0,,0,0,Auckland Region,Nil,1-way,Sealed,0,0,0,0,80,0,Off,0,0,,76,Auckland,Nil,0,0,0,0,0,0,Open,0,0,0,Fine,Null
1761702.4624,5914653.9771,884413,,520202,0,,0,2,,West,2024/2025,ELLERSLIE-PANMURE HIGHWAY,WILKINSON ROAD,,Non-Injury Crash,No,2025,,West,,0,,Null,,,,,,Dark,612600,0,0,0,2,,,0,,,,,,Auckland Region,Nil,1-way,Sealed,,0,0,,50,,Null,0,0,,76,Auckland,Nil,,,,,0,0,Urban,0,,,Fine,Null
1751200.4715,5927149.111,884422,,510010,0,0,0,2,0,East,2022/2023,BEACH HAVEN ROAD,HAYMAN PLACE,,Minor Crash,No,2023,0,East,0,0,0,Flat,0,,0,,0,Bright sun,341400,1,0,0,2,0,0,0,0,1,,0,0,Auckland Region,Nil,2-way,Sealed,0,0,0,0,50,0,Off,0,0,,76,Auckland,Nil,0,0,0,0,0,0,Urban,0,0,0,Fine,Null
1758427.1535,5917686.587,884423,,516001,1,,0,1,,East,2024/2025,MAHURU STREET,BROADWAY,,Minor Crash,No,2025,,West,,0,,Hill Road,,Queens Birthday,,,,Dark,490800,1,0,0,2,,,0,,,,,,Auckland Region,Nil,2-way,Sealed,,0,0,,50,,None,0,0,,76,Auckland,Nil,,,,,0,0,Urban,0,,,Fine,Null
1734653.5701,5953397.6546,884425,,506614,0,0,0,1,0,East,2025/2026,MAKARAU ROAD,BURNSIDE ROAD,,Non-Injury Crash,No,2025,0,East,0,0,1,Flat,0,,0,,0,Overcast,212300,0,0,0,2,0,0,0,0,0,,0,0,Auckland Region,Nil,2-way,Unsealed,0,0,0,0,100,0,None,0,0,,76,Auckland,Nil,0,0,0,0,0,0,Open,0,0,0,Fine,Null
1757435.9999,5919067.9961,884427,,514301,0,,0,2,,North,2023/2024,GRAFTON ROAD,BECKHAM PLACE,,Non-Injury Crash,No,2024,,North,,0,,Flat,,,,,,Bright sun,441200,0,0,0,2,,,0,,,,,,Auckland Region,Nil,2-way,Sealed,,0,0,,50,,Off,0,0,,76,Auckland,Nil,,,,,0,0,Urban,0,,,Fine,None
1746677.9329,5911483.4269,884429,,512600,0,0,0,0,0,East,2025/2026,WIRIHANA ROAD,KAURIMU RISE,,Non-Injury Crash,No,2025,0,East,0,0,1,Hill Road,0,,1,,0,Dark,298905,0,0,0,2,0,0,0,0,0,,0,0,Auckland Region,Nil,2-way,Sealed,0,0,0,0,50,0,On,0,0,,76,Auckland,Nil,0,0,0,0,0,0,Urban,1,0,0,Fine,Null
1757146.3443,5920755.1145,884435,,514102,0,,0,1,,North,2024/2025,HOBSON STREET,WYNDHAM STREET,,Non-Injury Crash,No,2024,,South,,0,,Null,,,,,,Dark,433103,0,0,0,4,,,0,,,,,,Auckland Region,Nil,1-way,Sealed,,0,0,,40,,On,0,0,,76,Auckland,Nil,,,,,0,0,Urban,0,,,Fine,Null
1763254.6065,5907969.7367,884437,,524301,0,0,0,1,0,South,2024/2025,MIAMI STREET,MASSEY ROAD,,Non-Injury Crash,No,2025,0,South,0,0,0,Flat,0,,0,,0,Bright sun,748900,0,0,0,2,0,0,0,0,0,,0,1,Auckland Region,Nil,2-way,Sealed,0,0,0,0,50,0,None,0,0,,76,Auckland,Nil,0,0,0,0,0,0,Urban,0,0,0,Fine,Null
1760834.4434,5907693.3782,884441,,524510,0,0,0,1,0,Null,2025/2026,MCKINSTRY AVENUE,ROBERTSON ROAD,,Non-Injury Crash,No,2026,0,West,0,0,0,Flat,0,,0,,0,Bright sun,736800,0,0,0,2,0,0,0,0,0,,0,1,Auckland Region,Nil,2-way,Sealed,0,0,0,0,50,0,Off,0,0,,76,Auckland,Stop,0,1,0,0,0,0,Urban,0,0,0,Fine,Null
1753775.408,5919076.4581,884447,,515100,1,,0,1,,Null,2024/2025,OLD MILL ROAD,WELLPARK AVENUE,,Minor Crash,No,2025,,South,,0,,Flat,,,,,,Bright sun,398300,1,0,0,2,,,0,,,,,,Auckland Region,Nil,2-way,Sealed,,0,0,,50,,None,0,0,,76,Auckland,Stop,,,,,0,0,Urban,0,,,Fine,Null
1747697.2216,5996944.5717,884449,,506660,0,0,0,1,0,East,2025/2026,TE ARAI POINT ROAD,MANAAKI LANE,,Minor Crash,No,2026,0,West,1,0,0,Flat,0,Christmas New Year,0,,0,Bright sun,135201,1,0,0,2,0,0,0,0,0,,0,0,Auckland Region,Nil,2-way,Unsealed,0,0,0,0,100,0,None,0,0,,76,Auckland,Nil,0,0,0,1,0,0,Open,0,0,0,Fine,Null
1762708.5366,5914929.5459,884451,,520401,0,0,0,1,0,Null,2024/2025,HARRISON ROAD,ELLERSLIE-PANMURE HIGHWAY,,Non-Injury Crash,No,2024,0,North,0,0,1,Flat,0,,0,,0,Bright sun,644101,0,0,0,2,0,0,0,0,0,,1,0,Auckland Region,Nil,2-way,Sealed,0,0,0,0,50,0,Off,0,0,,76,Auckland,Give way,0,0,0,0,0,0,Urban,0,0,0,Fine,Null
1762541.1619,5907324.8151,884453,,524520,0,,0,1,,Null,2024/2025,YATES ROAD,MASSEY ROAD,,Non-Injury Crash,No,2024,,South,,0,,Flat,,,,,,Overcast,734603,0,0,0,2,,,0,,,,,,Auckland Region,Nil,2-way,Sealed,,0,0,,30,,Off,0,0,,76,Auckland,Give way,,,,,0,0,Urban,1,,,Fine,Null
1756460.1093,5920303.1638,884459,,514102,0,,0,2,,Null,2023/2024,COOK STREET,SALE STREET,,Non-Injury Crash,No,2023,,East,,0,,Flat,,,,,,Dark,432700,0,0,0,3,,,0,,,,,,Auckland Region,Nil,1-way,Sealed,,0,0,,30,,Null,0,0,,76,Auckland,Give way,,,,,0,0,Urban,0,,,Light rain,Null
1762772.9866,5905634.0392,884469,,524302,0,,0,3,,North,2025/2026,SOUTH-WESTERN MOTORWAY,PORTAGE OBR,,Non-Injury Crash,Yes,2025,,South,,0,,Flat,,,,,,Twilight,745000,0,0,0,2,,,0,,,,,,Auckland Region,Nil,1-way,Sealed,,0,0,,100,,On,0,0,,76,Auckland,Nil,,,,,0,0,Open,0,,,Fine,Null
1739909.9633,5929837.6695,884471,45,505604,0,0,0,1,0,West,2025/2026,OLD NORTH ROAD,BROADWOOD RISE,,Minor Crash,No,2025,0,South,0,0,2,Hill Road,0,,0,,0,Overcast,214202,1,0,0,2,0,0,0,0,0,,0,0,Auckland Region,Nil,2-way,Sealed,0,0,0,0,80,0,None,0,0,,76,Auckland,Nil,0,0,0,0,0,0,Open,0,0,0,Light rain,Null
1756870.0477,5919182.6332,884472,,514200,0,,0,5,,West,2022/2023,SOUTHERN MOTORWAY,UPPER QUEEN OBR,,Minor Crash,Yes,2023,,West,,0,,Hill Road,,,,,,Overcast,412900,3,0,0,3,,,0,,,,,,Auckland Region,Motorway ramp,1-way,Sealed,,0,0,,80,,Off,1,0,,76,Auckland,Nil,,,,,0,0,Open,1,,,Light rain,Null
1755932.1537,5931490.7759,884473,,508520,0,0,0,2,0,South,2025/2026,EAST COAST ROAD,KOWHAI ROAD,,Minor Crash,No,2025,0,South,0,0,0,Flat,0,,0,,0,Dark,189901,1,0,0,2,0,0,0,0,1,,0,0,Auckland Region,Nil,2-way,Sealed,0,0,0,0,50,0,On,0,0,,76,Auckland,Nil,0,0,0,0,0,0,Urban,0,0,0,Fine,Null
1762353.6439,5913384.0288,884477,,520402,0,,0,2,,South,2025/2026,SOUTHERN MOTORWAY,PENROSE OBR,,Non-Injury Crash,Yes,2025,,South,,0,,Flat,,,,,,Overcast,642200,0,0,0,3,,,0,,,,,,Auckland Region,Nil,1-way,Sealed,,0,0,,100,,Off,0,0,,76,Auckland,Nil,,,,,0,0,Open,1,,,Fine,Null
1766984.788,5903915.6038,884485,,524604,0,,0,1,,Null,2023/2024,SOUTH-WESTERN MOTORWAY,LAMBIE DRIVE ON RAMP,,Non-Injury Crash,Yes,2024,,East,,0,,Flat,,,,,,Bright sun,780209,0,0,1,2,,,0,,,,,,Auckland Region,Nil,1-way,Sealed,,0,0,,100,,Off,0,0,,76,Auckland,Nil,,,,,0,0,Open,0,,,Fine,None
1768529.9761,5904693.4167,884489,,523722,0,0,0,2,0,East,2024/2025,DERRIMORE HEIGHTS,ROCHAS PLACE,,Non-Injury Crash,No,2024,0,East,0,0,0,Flat,0,,0,,0,Dark,715913,0,0,0,2,0,0,0,0,2,,0,0,Auckland Region,Nil,2-way,Sealed,0,0,0,0,50,0,On,0,0,,76,Auckland,Nil,0,0,0,0,0,0,Urban,1,0,0,Fine,Null
1757874.4131,5883653.9432,884491,,521152,0,0,0,1,1,North,2023/2024,GLENBROOK ROAD,CONROY ROAD,,Non-Injury Crash,No,2024,0,South,0,0,0,Hill Road,0,,0,,0,Dark,834503,0,0,0,2,0,0,0,0,0,,0,0,Auckland Region,Nil,2-way,Sealed,0,0,0,0,80,0,None,0,0,,76,Auckland,Nil,0,0,0,0,0,0,Open,0,0,0,Fine,Null
1732177.7614,5937330.1481,884495,45,506648,0,0,0,1,0,East,2024/2025,OLD NORTH ROAD,INLAND ROAD,,Minor Crash,No,2025,0,South,1,0,0,Flat,0,,0,,0,Dark,212200,2,0,0,2,0,0,0,0,0,,0,0,Auckland Region,Nil,2-way,Sealed,0,0,0,0,80,0,None,0,0,,76,Auckland,Nil,0,0,0,0,0,0,Open,0,0,0,Fine,Null
1757658.6497,5919889.2047,884499,,514103,0,,0,1,,Null,2024/2025,SYMONDS STREET,WELLESLEY STREET EAST,,Minor Crash,No,2025,,South,,0,,Flat,,,,,,Overcast,437500,1,0,1,5,,,0,,,,,,Auckland Region,Nil,2-way,Sealed,,0,0,,30,,Off,0,1,,76,Auckland,Traffic Signals,,,,,0,0,Urban,0,,,Light rain,Null
1745665.6533,5913932.9255,884503,,511001,0,,0,1,,Null,2024/2025,WEST COAST ROAD,SUNVUE ROAD,,Non-Injury Crash,No,2024,,East,,0,,Flat,,,,,,Dark,282400,0,0,0,2,,,0,,,,,,Auckland Region,Nil,2-way,Sealed,,0,0,,50,,On,0,0,,76,Auckland,Stop,,,,,0,0,Urban,1,,,Fine,Null
1754315.3507,5916753.5151,884504,,517600,0,,0,1,,Null,2022/2023,ST LUKES ROAD,MORNING STAR PLACE,,Non-Injury Crash,No,2023,,North,,0,,Flat,,,,,,Dark,535202,0,0,0,2,,,0,,,1,,,Auckland Region,Nil,1-way,Sealed,,0,0,,50,,On,0,0,,76,Auckland,Traffic Signals,,,,,0,0,Urban,0,,,Fine,Null
1755624.7878,5919398.1226,884506,,515420,0,,0,2,,South,2022/2023,SCANLAN STREET,ROSE ROAD,,Minor Crash,No,2023,,West,,0,,Hill Road,,,,,,Twilight,410900,1,0,0,0,,,0,,,,,,Auckland Region,Nil,1-way,Unsealed,,0,0,,20,,On,0,0,10,76,Auckland,Unknown,,,,,0,0,Urban,0,,,Light rain,Frost
1745153.0942,5991560.4304,884511,,506660,0,0,0,0,1,East,2024/2025,OCEAN VIEW ROAD,BUSBRIDGE ROAD,,Non-Injury Crash,No,2024,0,East,0,0,0,Hill Road,0,,0,,0,Overcast,135400,0,0,0,2,0,0,0,0,0,,0,0,Auckland Region,Nil,2-way,Sealed,0,0,0,0,100,0,None,0,0,,76,Auckland,Nil,0,0,0,0,1,0,Open,1,0,0,Light rain,Null
1757712.075,5918260.6186,884513,,518101,0,,0,3,,East,2025/2026,SOUTHERN MOTORWAY,KHYBER PASS ROAD OFF RAMP,,Minor Crash,Yes,2025,,North,,0,,Flat,,,,,,Overcast,543000,1,0,0,4,,,0,,,,,,Auckland Region,Nil,1-way,Sealed,,0,0,,80,,Off,0,0,,76,Auckland,Nil,,,,,0,0,Open,0,,,Fine,Null
1767969.0264,5906148.8722,884516,,523711,0,0,0,2,0,West,2022/2023,FLAT BUSH ROAD,RAPSON ROAD,,Minor Crash,No,2023,0,West,0,0,0,Flat,0,,0,,0,Bright sun,714900,1,0,0,2,0,0,0,0,1,,0,0,Auckland Region,Nil,2-way,Sealed,0,0,0,0,50,0,None,0,0,,76,Auckland,Nil,0,0,0,0,0,0,Urban,0,0,0,Fine,Null
1758370.8807,5911773.1119,884517,,519810,0,0,0,1,0,West,2025/2026,SOUTH-WESTERN MOTORWAY,ONEHUNGA HARBOUR ROAD ON RAMP,,Minor Crash,Yes,2025,0,West,0,0,0,Flat,1,,0,,0,Dark,602501,1,0,0,4,0,0,0,0,0,,0,0,Auckland Region,Nil,1-way,Sealed,0,0,0,0,100,0,On,0,0,90,76,Auckland,Nil,0,0,0,0,0,0,Open,0,0,0,Fine,Null
1768077.7072,5899318.6375,884525,,525101,0,0,0,1,0,Null,2025/2026,FRIEDLANDERS ROAD,MAHIA ROAD,,Non-Injury Crash,No,2025,0,South,0,0,1,Flat,0,,1,,0,Bright sun,772602,0,0,0,2,0,0,0,0,0,,0,0,Auckland Region,Nil,2-way,Sealed,0,0,0,0,50,0,Off,0,0,,76,Auckland,Stop,0,0,0,0,0,0,Urban,0,0,0,Fine,Null
1763651.1728,5904672.9657,884542,,522100,0,,0,2,,North,2024/2025,SOUTH-WESTERN MOTORWAY,PUHINUI ROAD-SH 20B OFF RAMP,,Non-Injury Crash,Yes,2024,,South,,0,,Flat,,,,,,Overcast,781001,0,0,0,2,,,0,,,,,,Auckland Region,Nil,1-way,Sealed,,0,0,,100,,Off,0,0,,76,Auckland,Nil,,,,,0,0,Open,1,,,Light rain,Strong wind
1766909.5614,5907368.2629,884551,,523601,0,0,0,2,0,Null,2023/2024,BAIRDS ROAD,CLAYTON AVENUE,,Minor Crash,No,2023,0,North,0,0,0,Flat,0,,0,,0,Overcast,708000,1,0,0,2,0,0,0,0,0,,0,1,Auckland Region,Nil,2-way,Sealed,0,0,0,0,50,0,Off,0,0,,76,Auckland,Give way,0,0,0,0,0,0,Urban,0,0,0,Fine,Null
1747239.9085,5920880.9679,884552,,512300,0,,0,2,,North,2025/2026,TE ATATU ROAD,CELLARMANS STREET,,Non-Injury Crash,No,2025,,North,,0,,Flat,,,,,,Bright sun,251102,0,0,0,4,,,0,,,,,,Auckland Region,Nil,2-way,Sealed,,0,0,,50,,Off,0,0,,76,Auckland,Nil,,,,,0,0,Urban,0,,,Fine,Null
1757135.8449,5912549.2307,884560,,518702,0,,0,1,,North,2025/2026,SOUTH-WESTERN MOTORWAY,HILLSBOROUGH ROAD ON RAMP,,Non-Injury Crash,Yes,2025,,South,,0,,Hill Road,,,,,,Overcast,570300,0,0,0,3,,,0,,,,,,Auckland Region,Nil,1-way,Sealed,,0,0,,100,,Off,0,0,,76,Auckland,Nil,,,,,0,1,Open,0,,,Fine,Null
1757788.2134,5912161.6507,884567,,519810,0,0,0,1,0,West,2022/2023,SOUTH-WESTERN MOTORWAY,QUEENSTOWN ROAD OFF RAMP,,Minor Crash,Yes,2023,0,West,0,0,0,Flat,1,,0,,0,Dark,602501,1,0,0,3,0,0,0,0,0,,0,0,Auckland Region,Overpass,1-way,Sealed,0,0,0,0,100,0,On,0,0,,76,Auckland,Nil,0,0,0,0,0,0,Open,0,0,0,Fine,Null
1756035.0382,5926713.7514,884573,,508620,0,,0,1,,South,2022/2023,AKORANGA DRIVE,NORTHCOTE ROAD,,Serious Crash,No,2023,,North,,0,,Flat,,,,,,Bright sun,204702,0,0,0,2,,,0,,,1,,,Auckland Region,Nil,2-way,Sealed,,0,1,,50,,Off,0,0,,76,Auckland,Nil,,,,,0,0,Urban,0,,,Fine,Null
1770520.5792,5912654.5868,884576,,523106,1,,0,0,,North,2024/2025,BOTANY ROAD,VESCA PLACE,,Minor Crash,No,2025,,South,,0,,Flat,,Easter,,,,Bright sun,711163,2,0,0,2,,,0,,,1,,,Auckland Region,Nil,1-way,Sealed,,0,0,,50,,Off,0,0,,76,Auckland,Nil,,,,,0,0,Urban,0,,,Fine,Null
1768180.4955,5902438.2578,884584,,524602,0,,0,2,,Null,2024/2025,GREAT SOUTH ROAD,BROWNS ROAD,,Non-Injury Crash,No,2025,,South,,0,,Flat,,,,,,Dark,780700,0,0,0,5,,,0,,,,,,Auckland Region,Nil,2-way,Sealed,,0,0,,50,,On,0,0,,76,Auckland,Traffic Signals,,,,,0,0,Urban,0,,,Fine,Null
1756675.8253,5912785.6796,884586,,518702,0,,0,0,,East,2023/2024,SOUTH-WESTERN MOTORWAY,HILLSBOROUGH OBR,,Non-Injury Crash,Yes,2024,,West,,0,,Hill Road,,,,,,Dark,570100,0,0,0,3,,,0,,,,,,Auckland Region,Motorway ramp,1-way,Sealed,,0,0,,100,,On,0,0,,76,Auckland,Nil,,,,,1,0,Open,1,,,Fine,Null