X,Y,OBJECTID,advisorySpeed,areaUnitID,bicycle,bridge,bus,carStationWagon,cliffBank,crashDirectionDescription,crashFinancialYear,crashLocation1,crashLocation2,crashRoadSideRoad,crashSeverity,crashSHDescription,crashYear,debris,directionRoleDescription,ditch,fatalCount,fence,flatHill,guardRail,holiday,houseOrBuilding,intersection,kerb,light,meshblockId,minorInjuryCount,moped,motorcycle,NumberOfLanes,objectThrownOrDropped,otherObject,otherVehicleType,overBank,parkedVehicle,pedestrian,phoneBoxEtc,postOrPole,region,roadCharacter,roadLane,roadSurface,roadworks,schoolBus,seriousInjuryCount,slipOrFlood,speedLimit,strayAnimal,streetLight,suv,taxi,temporarySpeedLimit,tlaId,tlaName,trafficControl,trafficIsland,trafficSign,train,tree,truck,unknownVehicleType,urban,vanOrUtility,vehicle,waterRiver,weatherA,weatherB
1752394.5303,5918631.579,884594,,515002,0,0,0,3,0,South,2024/2025,KIWI ROAD,WAKATIPU STREET,,Minor Crash,No,2024,0,North,0,0,0,Flat,0,,0,,0,Dark,396200,1,0,0,2,0,0,0,0,1,,0,0,Auckland Region,Nil,2-way,Sealed,0,0,0,0,50,0,On,0,0,,76,Auckland,Nil,0,0,0,0,0,0,Urban,0,0,0,Fine,Frost
1737266.2334,5981118.4665,884596,,505300,0,0,0,1,0,South,2025/2026,SH 1,CENTENNIAL PARK ROAD,,Non-Injury Crash,Yes,2025,0,North,0,0,1,Flat,0,,0,,0,Overcast,143600,0,0,0,2,0,0,0,0,0,,0,0,Auckland Region,Nil,2-way,Sealed,0,0,0,0,70,0,None,0,0,,76,Auckland,Nil,0,0,0,0,0,0,Urban,0,0,0,Light rain,Null
1729702.333,5943423.1475,884599,,506646,0,0,0,0,0,West,2022/2023,KAIPARA COAST HIGHWAY,ABEL ROAD,,Non-Injury Crash,Yes,2023,0,West,1,0,0,Flat,0,,0,,0,Bright sun,211401,0,0,0,2,0,0,0,0,0,,0,0,Auckland Region,Nil,2-way,Sealed,1,0,0,0,100,0,None,0,0,,76,Auckland,Nil,0,0,0,0,0,0,Open,1,0,0,Fine,Null
1769520.0451,5884112.9752,884601,,521122,0,0,0,1,0,South,2022/2023,CAPE HILL ROAD,TUHIMATA ROAD,,Non-Injury Crash,No,2023,0,South,0,0,1,Flat,0,,0,,0,Dark,813400,0,0,0,2,0,0,0,0,0,,0,0,Auckland Region,Nil,2-way,Sealed,0,0,0,0,60,0,None,0,0,,76,Auckland,Nil,0,0,0,0,0,0,Urban,0,0,0,Light rain,Null
1763861.2902,5913357.2758,884602,,520402,0,0,0,1,0,South,2023/2024,LYNTON ROAD,ROSLYN ROAD,,Non-Injury Crash,No,2024,0,South,0,0,1,Hill Road,0,Easter,0,,0,Overcast,640300,0,0,0,2,0,0,0,0,0,,0,0,Auckland Region,Nil,2-way,Sealed,0,0,0,0,50,0,Off,0,0,30,76,Auckland,Nil,0,0,0,0,0,0,Urban,0,0,0,Fine,Null
1766669.679,5905877.1929,884605,,522302,0,0,0,0,0,North,2023/2024,GREAT SOUTH ROAD,ALLENBY ROAD,,Minor Crash,No,2023,0,North,0,0,0,Flat,0,,0,,0,Overcast,669200,1,0,0,4,0,0,0,0,1,,0,0,Auckland Region,Nil,2-way,Sealed,0,0,0,0,50,0,Off,0,0,,76,Auckland,Nil,0,0,0,0,1,0,Urban,1,0,0,Fine,Null
1743948.7025,5923996.1319,884607,,513511,0,0,0,1,0,Null,2022/2023,HOBSONVILLE ROAD OFF RAMP,FRED TAYLOR DRIVE,,Non-Injury Crash,No,2023,0,North,0,0,0,Flat,1,,0,,0,Dark,224306,0,0,0,2,0,0,0,0,0,,0,0,Auckland Region,Motorway ramp,2-way,Sealed,0,0,0,0,50,0,On,0,0,,76,Auckland,Traffic Signals,0,1,0,0,0,0,Urban,0,0,0,Fine,Null
1760822.6138,5907696.8488,884612,,524510,0,,0,2,,Null,2024/2025,ROBERTSON ROAD,MCKINSTRY AVENUE,,Non-Injury Crash,No,2024,,North,,0,,Flat,,,,,,Bright sun,736900,0,0,0,1,,,0,,,,,,Auckland Region,Nil,2-way,Sealed,,0,0,,50,,Off,0,0,,76,Auckland,Stop,,,,,0,0,Urban,0,,,Fine,Null
1755010.5972,5919823.6619,884624,,515301,0,,0,2,,Null,2024/2025,RICHMOND ROAD,LINCOLN STREET,,Non-Injury Crash,No,2025,,South,,0,,Flat,,,,,,Bright sun,428600,0,0,0,2,,,0,,,,,,Auckland Region,Nil,2-way,Sealed,,0,0,,50,,Off,0,0,,76,Auckland,Give way,,,,,0,0,Urban,0,,,Fine,Null
1756383.2522,5927238.9487,884626,,507900,0,,0,4,,North,2024/2025,NORTHERN MOTORWAY,NORTHCOTE ROAD ON RAMP,,Minor Crash,Yes,2025,,South,,0,,Flat,,,,,,Bright sun,305202,3,0,0,3,,,0,,,,,,Auckland Region,Nil,1-way,Sealed,,0,0,,100,,Off,0,0,,76,Auckland,Nil,,,,,0,0,Open,0,,,Fine,Null
1765054.2279,5915371.9433,884627,,520301,0,,0,2,,Null,2022/2023,MORRIN ROAD,FRASER ROAD,,Minor Crash,No,2023,,South,,0,,Flat,,,,,,Dark,627800,3,0,0,6,,,0,,,,,,Auckland Region,Nil,2-way,Sealed,,0,0,,50,,On,0,0,,76,Auckland,Traffic Signals,,,,,0,0,Urban,0,,,Fine,Null
1746720.0716,5942256.2805,884628,,506614,0,0,0,1,0,South,2024/2025,DAIRY FLAT HIGHWAY,HORSESHOE BUSH ROAD,,Non-Injury Crash,No,2024,0,South,1,0,0,Flat,0,,0,,0,Bright sun,178002,0,0,0,2,0,1,0,0,0,,0,0,Auckland Region,Nil,2-way,Sealed,0,0,0,0,80,0,Off,0,0,,76,Auckland,Nil,0,0,0,0,0,0,Open,0,0,0,Light rain,Null
1767764.6062,5905066.7605,884632,,523722,0,,0,2,,Null,2024/2025,TE IRIRANGI DRIVE,TE IRIRANGI DRIVE OFF RAMP,,Non-Injury Crash,No,2024,,West,,0,,Flat,,,,,,Overcast,715801,0,0,0,3,,,0,,,,,,Auckland Region,Motorway ramp,1-way,Sealed,,0,0,,50,,Off,0,0,,76,Auckland,Traffic Signals,,,,,0,0,Urban,1,,,Fine,Null
1757111.2312,5920526.4586,884633,,514102,0,,0,2,,East,2022/2023,VICTORIA STREET WEST,HOBSON STREET,,Non-Injury Crash,No,2023,,West,,0,,Flat,,,,,,Bright sun,433403,0,0,0,4,,,0,,,,,,Auckland Region,Nil,2-way,Sealed,,0,0,,30,,Off,0,0,,76,Auckland,Nil,,,,,0,0,Urban,0,,,Fine,Null
1768523.107,5903227.4783,884638,,524602,0,0,0,1,0,South,2023/2024,SOUTHERN MOTORWAY,AIRPORT OFF RAMP,,Non-Injury Crash,Yes,2024,0,North,0,0,0,Flat,1,,0,,0,Overcast,780508,0,0,0,3,0,0,0,0,0,,0,0,Auckland Region,Nil,1-way,Sealed,0,0,0,0,100,0,On,0,0,,76,Auckland,Nil,0,0,0,0,0,0,Open,0,0,0,Fine,Null
1767728.1974,5912931.6138,884644,,522910,0,,0,2,,Null,2024/2025,REEVES ROAD,UDYS ROAD,,Non-Injury Crash,No,2025,,East,,0,,Flat,,,,,,Dark,685800,0,0,0,2,,,0,,,,,,Auckland Region,Nil,2-way,Sealed,,0,0,,50,,On,0,0,,76,Auckland,Give way,,,,,0,0,Urban,0,,,Fine,Null
1754345.9744,5935462.6233,884645,,507102,0,0,0,1,0,West,2022/2023,SARTORS AVENUE,WOODRIDGE AVENUE,,Non-Injury Crash,No,2023,0,North,0,0,0,Hill Road,0,,0,,0,Overcast,160500,0,0,0,2,0,0,0,0,1,,0,0,Auckland Region,Nil,2-way,Sealed,0,0,0,0,50,0,Off,0,0,,76,Auckland,Nil,0,0,0,0,0,0,Urban,1,0,0,Fine,Null
1766933.1724,5913363.6218,884646,,522910,0,,0,2,,East,2022/2023,PAKURANGA ROAD,William Roberts Road,,Non-Injury Crash,No,2023,,West,,0,,Hill Road,,,,,,Overcast,684000,0,0,0,6,,,0,,,,,,Auckland Region,Nil,2-way,Sealed,,0,0,,50,,Off,0,0,,76,Auckland,Give way,,,,,0,0,Urban,0,,,Fine,None
1752741.4395,5914080.0584,884648,,514500,0,,0,2,,East,2024/2025,MAIORO STREET,NEW WINDSOR ROAD,,Non-Injury Crash,No,2025,,West,,0,,Null,,Easter,,,,Overcast,376500,0,0,0,4,,,0,,,,,,Auckland Region,Nil,2-way,Sealed,,0,0,,50,,Null,0,0,,76,Auckland,Nil,,,,,0,0,Urban,0,,,Fine,Null
1771510.47,5897837.6302,884657,,523912,0,0,0,2,0,Null,2022/2023,GREAT SOUTH ROAD,LONGFORD PARK DRIVE,,Non-Injury Crash,No,2023,0,South,0,0,0,Flat,0,,0,,0,Overcast,765700,0,0,0,2,0,0,0,0,0,,0,0,Auckland Region,Nil,1-way,Sealed,0,0,0,0,50,0,Off,0,0,,76,Auckland,Give way,0,0,0,1,0,0,Urban,0,0,0,Light rain,Null
1760558.3424,5913782.1585,884659,,519400,0,0,0,2,0,North,2022/2023,ORANGA AVENUE,HOUPARA STREET,,Minor Crash,No,2023,0,East,0,0,0,Flat,0,,0,,0,Bright sun,619200,1,0,0,2,0,0,0,0,1,,0,0,Auckland Region,Nil,2-way,Sealed,0,0,0,0,50,0,Off,0,0,,76,Auckland,Nil,0,0,0,0,0,0,Urban,0,0,0,Fine,Null
1760618.4787,5908389.0808,884664,,524403,0,,0,2,,Null,2024/2025,ROBERTSON ROAD,HALL AVENUE,,Non-Injury Crash,No,2024,,North,,0,,Flat,,,,,,Bright sun,731103,0,0,0,2,,,0,,,,,,Auckland Region,Nil,2-way,Sealed,,0,0,,50,,Null,0,0,,76,Auckland,Stop,,,,,0,0,Urban,0,,,Fine,Null
1725717.0999,5926471.1643,884678,,506652,0,,0,0,,Null,2024/2025,OFF ROAD-MURIWAI BEACH,,,Minor Crash,No,2024,,North,,0,,Flat,,,,,,Overcast,218101,3,0,0,,,,0,,,,,,Auckland Region,Nil,Off road,Unsealed,,0,0,,,,None,1,0,,76,Auckland,Nil,,,,,0,0,Urban,0,,,Light rain,Strong wind
1763080.3468,5912884.023,884696,,520402,0,,0,1,,East,2024/2025,SOUTHERN MOTORWAY,SOUTH-EASTERN HWY OFF RAMP,,Non-Injury Crash,Yes,2024,,East,,0,,Flat,,,,,,Overcast,642500,0,0,0,3,,,0,,,,,,Auckland Region,Nil,1-way,Sealed,,0,0,,100,,Off,0,0,,76,Auckland,Nil,,,,,0,0,Open,2,,,Fine,Null
1756728.9642,5915543.9226,884697,,518301,0,,0,1,,Null,2022/2023,MOUNT EDEN ROAD,ELLERTON ROAD,,Minor Crash,No,2023,,North,,0,,Flat,,,,,,Overcast,557800,1,0,1,3,,,0,,,,,,Auckland Region,Nil,2-way,Sealed,,0,0,,50,,Off,0,0,,76,Auckland,Stop,,,,,0,0,Urban,0,,,Light rain,Null
1768518.3492,5903268.7644,884704,,523820,0,,0,2,,South,2024/2025,SOUTHERN MOTORWAY,SOUTH-WESTERN MOTORWAY,,Non-Injury Crash,Yes,2024,,South,,0,,Flat,,,,,,Overcast,760121,0,0,0,4,,,0,,,,,,Auckland Region,Nil,1-way,Sealed,,0,0,,100,,Off,0,0,,76,Auckland,Nil,,,,,0,0,Open,0,,,Fine,Null
1757847.7308,5912148.2277,884709,,519810,0,0,0,1,0,South,2022/2023,SOUTH-WESTERN MOTORWAY,BEACHCROFT FTBR,,Minor Crash,Yes,2023,0,Null,0,0,0,Flat,1,,0,,0,Overcast,602501,3,0,0,4,0,0,0,0,0,,0,0,Auckland Region,Nil,1-way,Sealed,0,0,0,0,100,0,Off,0,0,80,76,Auckland,Nil,0,0,0,0,0,0,Open,0,0,0,Light rain,Null
1756362.9999,5918903.9961,884713,,515600,0,,0,0,,South,2023/2024,NEWTON ROAD ON RAMP,NEWTON ROAD,,Non-Injury Crash,No,2023,,Null,,0,,Flat,,,,,,Unknown,420100,0,0,0,2,,,0,,,,,,Auckland Region,Nil,1-way,Unsealed,,0,0,,50,,Null,0,0,,76,Auckland,Nil,,,,,0,2,Urban,0,,,Null,None
1768278.6482,5902199.827,884716,,525001,0,0,0,1,0,South,2023/2024,GREAT SOUTH ROAD,BROWNS ROAD,,Minor Crash,No,2023,0,Null,0,0,1,Flat,0,,0,,0,Dark,750800,1,0,0,2,0,0,0,0,0,,0,0,Auckland Region,Nil,2-way,Sealed,0,0,0,0,50,0,On,0,0,30,76,Auckland,Nil,0,0,0,0,0,0,Urban,0,0,0,Fine,Null
1763837.1543,5906562.9465,884719,,524303,0,,0,2,,Null,2025/2026,STATION ROAD,PORTAGE ROAD,,Non-Injury Crash,No,2026,,North,,0,,Flat,,,,,,Bright sun,657300,0,0,0,2,,,0,,,,,,Auckland Region,Nil,1-way,Sealed,,0,0,,50,,Off,0,0,20,76,Auckland,Give way,,,,,0,0,Urban,0,,,Fine,Null
1766215.7238,5889225.5572,884721,,521122,0,0,0,1,0,South,2023/2024,LEWIS ROAD,BREAM REVEL WAY,,Non-Injury Crash,No,2024,0,South,0,0,0,Flat,1,,0,,0,Dark,810000,0,0,0,2,0,0,0,0,0,,0,0,Auckland Region,Nil,2-way,Sealed,0,0,0,0,80,0,None,0,0,,76,Auckland,Nil,0,0,0,0,0,1,Open,0,0,0,Fine,Null
1756061.7341,5921044.1543,884725,,515202,0,,0,2,,South,2023/2024,NORTHERN MOTORWAY,FANSHAWE STREET OFF RAMP,,Non-Injury Crash,Yes,2024,,North,,0,,Flat,,,,,,Dark,425600,0,0,0,2,,,0,,,,,,Auckland Region,Nil,1-way,Sealed,,0,0,,80,,On,0,0,,76,Auckland,Nil,,,,,0,0,Open,0,,,Fine,None
1769898.2483,5900061.8862,884728,,523817,0,,0,2,,North,2023/2024,SOUTHERN MOTORWAY,PAPAKURA STM BR,,Non-Injury Crash,Yes,2024,,South,,0,,Flat,,Queens Birthday,,,,Dark,759738,0,0,0,3,,,0,,,,,,Auckland Region,Nil,1-way,Sealed,,0,0,,100,,On,2,0,,76,Auckland,Nil,,,,,0,0,Open,0,,,Fine,Null
1759156.8555,5910005.9653,884730,,524002,0,,0,1,,North,2025/2026,CORONATION ROAD,MIRO ROAD,,Non-Injury Crash,No,2026,,South,,0,,Flat,,,,,,Bright sun,722502,0,0,0,2,,,0,,,,,,Auckland Region,Nil,2-way,Sealed,,0,0,,50,,Off,0,0,,76,Auckland,Nil,,,,,0,1,Urban,0,,,Fine,Null
1752320.1887,5918009.2197,884732,,515001,0,,0,1,,West,2024/2025,NORTH-WESTERN MOTORWAY,CARRINGTON OBR,,Non-Injury Crash,Yes,2024,,West,,0,,Flat,,,,,,Dark,391601,0,0,0,3,,,0,,,,,,Auckland Region,Nil,1-way,Sealed,,0,0,,100,,On,1,0,,76,Auckland,Nil,,,,,0,0,Open,0,,,Light rain,Null
1748091.3093,5913589.6962,884738,,511100,0,0,0,1,0,North,2022/2023,RUA ROAD,TAHI TERRACE,,Non-Injury Crash,No,2023,0,South,0,0,1,Null,0,,0,,0,Dark,286900,0,0,0,2,0,0,0,0,0,,0,0,Auckland Region,Nil,2-way,Sealed,0,0,0,0,50,0,On,0,0,,76,Auckland,Nil,0,0,0,0,0,0,Urban,0,0,0,Light rain,Null
1760827.1023,5907086.1901,884740,,524112,0,,0,1,,North,2024/2025,KELBURN LANE,ILFORD CRESCENT,,Non-Injury Crash,No,2024,,North,,0,,Flat,,,,,,Dark,742102,0,0,0,2,,,0,,,,,,Auckland Region,Nil,2-way,Sealed,,0,0,,30,,Null,0,0,,76,Auckland,Nil,,,,,0,1,Urban,0,,,Hail or Sleet,Null
1763067.5669,5905287.7351,884744,,524200,0,,0,2,,South,2024/2025,SOUTH-WESTERN MOTORWAY,PORTAGE OBR,,Non-Injury Crash,Yes,2025,,North,,0,,Flat,,,,,,Overcast,728900,0,0,0,2,,,0,,,,,,Auckland Region,Nil,1-way,Sealed,,0,0,,100,,Off,0,0,,76,Auckland,Nil,,,,,0,0,Open,0,,,Light rain,Strong wind
1743930.0443,5914966.6123,884747,,513013,0,,0,1,,Null,2022/2023,FOREST HILL ROAD,PINE AVENUE,,Serious Crash,No,2023,,South,,0,,Hill Road,,,,,,Twilight,281300,0,0,0,1,,,0,,,2,,,Auckland Region,Nil,2-way,Sealed,,0,1,,50,,Off,0,0,,76,Auckland,Give way,,,,,0,0,Urban,0,,,Fine,Null
1770930.4956,5905359.4056,884748,,523713,0,,0,1,,Null,2024/2025,MURPHYS ROAD,MURPHYS PARK DRIVE,,Minor Crash,No,2025,,South,,0,,Hill Road,,,,,,Dark,713400,1,0,0,2,,,0,,,,,,Auckland Region,Nil,2-way,Sealed,,0,0,,80,,On,1,0,,76,Auckland,Give way,,,,,0,0,Open,0,,,Fine,Null
1768737.0475,5901010.4852,884757,,524901,0,0,0,2,0,North,2022/2023,GREAT SOUTH ROAD,HALVER ROAD,,Minor Crash,No,2023,0,South,0,0,0,Flat,0,,0,,0,Bright sun,757100,1,0,0,2,0,0,0,0,1,,0,0,Auckland Region,Nil,2-way,Sealed,0,0,0,0,50,0,Off,0,0,,76,Auckland,Nil,0,0,0,0,0,0,Urban,0,0,0,Fine,Null
1751013.9866,5912126.8033,884762,,514700,0,0,0,1,0,West,2025/2026,KINROSS STREET,ENDEAVOUR STREET,,Non-Injury Crash,No,2025,0,West,0,0,0,Flat,0,,0,,0,Bright sun,368100,0,0,0,2,0,0,0,0,1,,0,0,Auckland Region,Nil,2-way,Sealed,0,0,0,0,50,0,Off,0,0,,76,Auckland,Nil,0,0,0,0,1,0,Urban,0,0,0,Fine,Null
1773694.4015,5891832.213,884766,,521301,0,0,0,0,0,Null,2025/2026,WAIHOEHOE ROAD,KATH HENRY LANE,,Non-Injury Crash,No,2025,0,East,0,0,0,Flat,0,,0,,0,Dark,809400,0,0,0,2,0,0,0,0,0,,0,1,Auckland Region,Nil,2-way,Sealed,0,0,0,0,50,0,None,1,0,,76,Auckland,Give way,0,0,0,0,0,0,Urban,0,0,0,Fine,Null
1744643.0096,5918037.3275,884767,,510700,0,,0,2,,North,2022/2023,SWANSON ROAD,STURGES ROAD,,Non-Injury Crash,No,2023,,South,,0,,Flat,,,,,,Dark,239200,0,0,0,2,,,0,,,,,,Auckland Region,Nil,2-way,Sealed,,0,0,,50,,On,0,0,,76,Auckland,Nil,,,,,0,0,Urban,0,,,Fine,Null
1760613.7916,5917544.394,884774,25,516201,0,0,0,1,1,West,2024/2025,COMBES ROAD,ORAKEI ROAD,,Non-Injury Crash,No,2024,0,West,0,0,0,Hill Road,0,,1,,0,Overcast,487000,0,0,0,2,0,0,0,0,0,,0,0,Auckland Region,Nil,2-way,Sealed,0,0,0,0,50,0,Off,0,0,,76,Auckland,Nil,0,0,0,0,0,0,Urban,0,0,0,Heavy rain,Null
1773559.6325,5896744.7686,884782,,525620,0,0,0,2,0,North,2024/2025,CLEVEDON ROAD,SHIRLEY AVENUE,,Minor Crash,No,2025,0,South,0,0,0,Flat,0,,0,,0,Dark,797100,1,0,0,2,0,0,0,0,1,,0,0,Auckland Region,Nil,2-way,Sealed,0,0,0,0,50,0,On,0,0,,76,Auckland,Nil,0,0,0,0,0,0,Urban,0,0,0,Fine,Null
1764407.6998,5904665.9975,884783,,522100,0,,0,1,,Null,2023/2024,WYLLIE ROAD,GIFFORD ROAD,,Minor Crash,No,2023,,North,,0,,Flat,,,,,,Overcast,659200,1,0,0,2,,,0,,,,,,Auckland Region,Nil,2-way,Sealed,,0,0,,50,,Off,0,0,,76,Auckland,Give way,,,,,0,0,Urban,1,,,Fine,Null
1788105.6142,5885547.177,884806,,521134,0,0,0,1,0,South,2024/2025,PAPARIMU ROAD,MATHESON ROAD,,Serious Crash,No,2025,0,South,0,0,0,Flat,0,,0,,0,Bright sun,815802,0,0,0,2,0,0,0,0,0,,0,0,Auckland Region,Nil,2-way,Sealed,0,0,1,0,80,0,None,0,0,,76,Auckland,Nil,0,0,0,1,0,0,Open,0,0,0,Fine,Null
1771321.0615,5895822.4035,884807,,525540,0,0,0,1,0,South,2023/2024,PAPAKURA OFF RAMP,SOUTHERN MOTORWAY,,Non-Injury Crash,No,2023,0,South,0,0,0,Flat,1,,0,,0,Dark,806208,0,0,0,3,0,0,0,0,0,,0,0,Auckland Region,Motorway ramp,1-way,Sealed,0,0,0,0,100,0,On,0,0,,76,Auckland,Nil,0,0,0,0,0,0,Open,0,0,0,Fine,Null
1754058.927,5931427.7669,884810,,508805,0,,0,2,,North,2024/2025,NORTHERN MOTORWAY,CONSTELLATION UNDERPASS,,Non-Injury Crash,Yes,2024,,South,,0,,Hill Road,,,,,,Bright sun,180813,0,0,0,2,,,0,,,,,,Auckland Region,Nil,1-way,Sealed,,0,0,,100,,Off,0,0,,76,Auckland,Nil,,,,,0,0,Open,1,,,Fine,Null
1753676.2491,5911887.7273,884817,,518902,0,0,0,1,0,South,2022/2023,HILLSBOROUGH ROAD,THE AVENUE,,Minor Crash,No,2023,0,North,0,0,0,Flat,0,,0,,0,Bright sun,587500,1,0,0,2,0,0,1,0,1,,0,0,Auckland Region,Nil,2-way,Sealed,0,0,0,0,50,0,Off,0,0,30,76,Auckland,Nil,0,0,0,0,0,0,Urban,0,0,0,Fine,Null
1747322.5355,5919567.0953,884819,,512402,0,0,0,1,0,Null,2022/2023,TE ATATU ROAD OFF RAMP,TE ATATU ROAD,,Non-Injury Crash,No,2023,0,West,0,0,1,Hill Road,1,,0,,0,Dark,253700,0,0,0,2,0,0,0,0,0,,0,0,Auckland Region,Motorway ramp,1-way,Sealed,0,0,0,0,100,0,On,0,0,,76,Auckland,Traffic Signals,0,1,0,0,0,0,Open,0,0,0,Light rain,Null
1768975.6728,5899593.6317,884820,,525002,0,,0,1,,West,2023/2024,MAHIA ROAD,RIMU ROAD,,Non-Injury Crash,No,2023,,West,,0,,Flat,,,,,,Bright sun,754100,0,0,0,2,,,0,,,,,,Auckland Region,Nil,2-way,Sealed,,0,0,,50,,None,0,0,,76,Auckland,Nil,,,,,0,0,Urban,0,,,Fine,None
1768350.9149,5903518.1473,884828,,524602,0,,0,1,,North,2024/2025,SOUTHERN MOTORWAY,AIRPORT OFF RAMP,,Non-Injury Crash,Yes,2025,,North,,0,,Flat,,,,,,Bright sun,780506,0,0,0,3,,,0,,,,,,Auckland Region,Nil,1-way,Sealed,,0,0,,100,,Off,0,0,,76,Auckland,Nil,,,,,1,0,Open,0,,,Fine,Null
1747815.4463,5912519.4917,884830,,511901,0,0,0,1,0,North,2025/2026,ATKINSON ROAD,NORMAN ROAD,,Non-Injury Crash,No,2025,0,South,0,0,1,Hill Road,0,,0,,0,Twilight,294401,0,0,0,2,0,0,0,0,0,,0,0,Auckland Region,Nil,2-way,Sealed,0,0,0,0,50,0,Off,0,0,30,76,Auckland,Nil,0,0,0,0,0,0,Urban,0,0,0,Light rain,Null
1753887.0218,5915516.8245,884834,,517702,0,,1,1,,Null,2024/2025,MOUNT ALBERT ROAD,OWAIRAKA AVENUE,,Non-Injury Crash,No,2025,,North,,0,,Flat,,,,,,Overcast,542300,0,0,0,2,,,0,,,,,,Auckland Region,Nil,2-way,Sealed,,0,0,,50,,Off,0,0,,76,Auckland,Traffic Signals,,,,,0,0,Urban,0,,,Fine,Null
1749300.3006,5882830.8971,884837,,521151,0,0,0,0,0,North,2022/2023,AWHITU ROAD,GORDON ROAD,,Minor Crash,No,2023,0,South,1,0,0,Flat,0,,0,,0,Overcast,830600,1,0,0,2,0,0,0,0,0,,0,0,Auckland Region,Nil,2-way,Sealed,0,0,0,0,100,0,Off,0,0,,76,Auckland,Nil,0,0,0,0,0,0,Open,1,0,0,Fine,Null
1757773.5741,5917605.4589,884840,,515700,0,0,0,2,0,Null,2024/2025,MOUNTAIN ROAD,GLENFELL PLACE,,Non-Injury Crash,No,2025,0,North,0,0,0,Hill Road,0,,0,,0,Bright sun,443900,0,0,0,2,0,0,0,0,1,,0,0,Auckland Region,Nil,2-way,Sealed,0,0,0,0,50,0,Off,1,0,,76,Auckland,Stop,0,0,0,0,0,0,Urban,0,0,0,Fine,Null
1775234.9275,5886737.8236,884842,,521132,0,,0,0,,South,2024/2025,SOUTHERN MOTORWAY,RAMARAMA OFF RAMP,,Non-Injury Crash,Yes,2024,,North,,0,,Flat,,,,,,Twilight,814003,0,0,0,2,,,0,,,,,,Auckland Region,Nil,1-way,Sealed,,0,0,,100,,On,0,0,,76,Auckland,Nil,,,,,1,0,Open,0,,,Fine,Null
1749681.1005,5940947.3868,884843,,506300,0,,0,2,,North,2022/2023,NORTHERN MOTORWAY,BAWDEN OBR,,Non-Injury Crash,Yes,2023,,North,,0,,Flat,,,,,,Overcast,175906,0,0,0,2,,,0,,,,,,Auckland Region,Nil,1-way,Sealed,,0,0,,100,,None,0,0,,76,Auckland,Nil,,,,,0,0,Open,0,,,Fine,Null
1759696.909,5908577.4922,884844,,524121,0,0,0,2,0,South,2024/2025,HALL AVENUE,WALMSLEY ROAD,,Non-Injury Crash,No,2025,0,South,0,0,0,Flat,0,,0,,0,Dark,737000,0,0,0,2,0,0,0,0,1,,0,0,Auckland Region,Nil,2-way,Sealed,0,0,0,0,50,0,On,0,0,,76,Auckland,Nil,0,0,0,0,0,0,Urban,0,0,0,Fine,Null
1755288.7616,5914708.7818,884846,,518500,0,,1,1,,North,2025/2026,DOMINION ROAD,LOUVAIN AVENUE,,Minor Crash,No,2025,,South,,0,,Flat,,,,,,Dark,560200,1,0,0,2,,,0,,,,,,Auckland Region,Nil,2-way,Sealed,,0,0,,50,,On,0,0,,76,Auckland,Nil,,,,,0,0,Urban,0,,,Fine,Null
1765312.084,5910382.25,884854,,521803,0,0,0,1,0,East,2024/2025,PRINCES STREET EAST,FENCIBLE PLACE,,Non-Injury Crash,No,2025,0,East,0,0,0,Flat,0,,0,,0,Dark,790000,0,0,0,2,0,0,0,0,1,,0,0,Auckland Region,Nil,2-way,Sealed,0,0,0,0,50,0,On,0,0,,76,Auckland,Nil,0,0,0,0,0,0,Urban,1,0,0,Fine,Null
1760139.0355,5915990.2164,884868,,516002,0,,0,4,,Null,2024/2025,GREEN LANE EAST OFF RAMP,GREEN LANE EAST,,Non-Injury Crash,No,2025,,East,,0,,Hill Road,,,,,,Bright sun,492100,0,0,0,2,,,0,,,,,,Auckland Region,Nil,1-way,Sealed,,0,0,,50,,Off,0,0,,76,Auckland,Give way,,,,,0,0,Urban,0,,,Fine,Null
1756507.7363,5919403.0943,884870,,514102,0,,0,2,,Null,2025/2026,KARANGAHAPE ROAD,COBDEN STREET,,Non-Injury Crash,No,2026,,West,,0,,Flat,,Christmas New Year,,,,Dark,436001,0,0,0,4,,,0,,,,,,Auckland Region,Bridge,2-way,Sealed,,0,0,,30,,On,0,2,,76,Auckland,Stop,,,,,0,0,Urban,0,,,Light rain,Null
1767973.7978,5880724.589,884872,,525921,0,0,0,1,0,South,2024/2025,WEST STREET,PATERSON AVENUE,,Non-Injury Crash,No,2025,0,North,0,0,0,Flat,0,,0,,0,Bright sun,821002,0,0,0,2,0,0,0,0,1,,0,0,Auckland Region,Nil,2-way,Sealed,0,0,0,0,50,0,Off,1,0,,76,Auckland,Nil,0,0,0,0,0,0,Urban,0,0,0,Fine,Null
1750397.874,5914448.2596,884877,,511303,0,,0,1,,Null,2023/2024,GREAT NORTH ROAD,STOCK STREET,,Serious Crash,No,2023,,North,,0,,Flat,,,,,,Dark,265700,0,0,1,4,,,0,,,,,,Auckland Region,Nil,2-way,Sealed,,0,1,,50,,On,0,0,,76,Auckland,Nil,,,,,0,0,Urban,0,,,Light rain,Null