X,Y,OBJECTID,advisorySpeed,areaUnitID,bicycle,bridge,bus,carStationWagon,cliffBank,crashDirectionDescription,crashFinancialYear,crashLocation1,crashLocation2,crashRoadSideRoad,crashSeverity,crashSHDescription,crashYear,debris,directionRoleDescription,ditch,fatalCount,fence,flatHill,guardRail,holiday,houseOrBuilding,intersection,kerb,light,meshblockId,minorInjuryCount,moped,motorcycle,NumberOfLanes,objectThrownOrDropped,otherObject,otherVehicleType,overBank,parkedVehicle,pedestrian,phoneBoxEtc,postOrPole,region,roadCharacter,roadLane,roadSurface,roadworks,schoolBus,seriousInjuryCount,slipOrFlood,speedLimit,strayAnimal,streetLight,suv,taxi,temporarySpeedLimit,tlaId,tlaName,trafficControl,trafficIsland,trafficSign,train,tree,truck,unknownVehicleType,urban,vanOrUtility,vehicle,waterRiver,weatherA,weatherB
1754501.0864,5926965.8668,884878,,508610,0,,0,2,,South,2024/2025,LYNDEN AVENUE,CORONATION ROAD,,Non-Injury Crash,No,2025,,South,,0,,Hill Road,,,,,,Unknown,205700,0,0,0,2,,,0,,,,,,Auckland Region,Nil,2-way,Sealed,,0,0,,50,,On,0,0,,76,Auckland,Nil,,,,,0,0,Urban,0,,,Fine,Null
1756253.7993,5919263.2524,884884,,514200,0,,0,1,,Null,2023/2024,KARANGAHAPE ROAD,NEWTON ROAD,,Non-Injury Crash,No,2024,,South,,0,,Flat,,,,,,Twilight,411700,0,0,0,4,,,0,,,,,,Auckland Region,Nil,2-way,Sealed,,0,0,,50,,Off,0,0,,76,Auckland,Traffic Signals,,,,,0,0,Urban,1,,,Fine,None
1757709.8242,5919743.5879,884886,,514301,0,,0,3,,Null,2025/2026,WELLESLEY STREET OFF RAMP,WELLESLEY STREET EAST,,Non-Injury Crash,No,2025,,North,,0,,Hill Road,,,,,,Bright sun,440400,0,0,0,1,,,0,,,,,,Auckland Region,Motorway ramp,1-way,Sealed,,0,0,,50,,Off,0,0,,76,Auckland,Traffic Signals,,,,,0,0,Urban,0,,,Fine,Null
1767167.2222,5906608.6131,884888,,522302,0,,0,1,,North,2024/2025,SOUTHERN MOTORWAY,REAGAN OBR,,Non-Injury Crash,Yes,2024,,North,,0,,Flat,,,,,,Bright sun,670100,0,0,0,3,,,0,,,,,,Auckland Region,Nil,1-way,Sealed,,0,0,,100,,Null,1,0,,76,Auckland,Nil,,,,,1,0,Open,0,,,Fine,Null
1755300.7837,5921638.944,884892,,515202,0,,0,1,,North,2024/2025,NORTHERN MOTORWAY,SHELLY BEACH OBR,,Non-Injury Crash,Yes,2025,,North,,0,,Flat,,Christmas New Year,,,,Bright sun,423600,0,0,0,4,,,0,,,,,,Auckland Region,Nil,1-way,Sealed,,0,0,,80,,Off,1,0,,76,Auckland,Nil,,,,,0,0,Open,0,,,Fine,Null
1767666.0282,5900319.4899,884894,,525101,0,,0,2,,Null,2025/2026,WEYMOUTH ROAD,FRIEDLANDERS ROAD,,Non-Injury Crash,No,2025,,West,,0,,Flat,,,,,,Dark,771800,0,0,0,2,,,0,,,,,,Auckland Region,Nil,2-way,Sealed,,0,0,,50,,Null,0,0,,76,Auckland,Give way,,,,,0,0,Urban,0,,,Fine,Null
1756679.491,5913042.5931,884900,,518701,0,0,0,0,0,Null,2025/2026,OFFROAD SHARED DRIVEWAY,,,Serious Crash,No,2025,0,West,0,0,1,Flat,0,,0,,0,Overcast,569000,0,0,0,,0,0,0,0,0,,0,0,Auckland Region,Nil,Off road,Sealed,0,0,1,0,10,0,Off,0,0,,76,Auckland,Nil,0,0,0,0,1,0,Urban,0,0,0,Heavy rain,Null
1752593.7875,5930260.0527,884908,,509100,0,,0,0,,East,2024/2025,ALBANY HIGHWAY,UPPER HARBOUR DRIVE,,Non-Injury Crash,No,2024,,South,,0,,Flat,,,,,,Overcast,181200,0,0,0,4,,,0,,,,,,Auckland Region,Nil,2-way,Sealed,,0,0,,60,,Off,1,0,,76,Auckland,Nil,,,,,0,0,Urban,1,,,Fine,Null
1754469.3698,5927786.4256,884910,,508310,0,,0,1,,South,2025/2026,CHARTWELL AVENUE,RAMILLIES PLACE,,Non-Injury Crash,No,2025,,South,,0,,Flat,,,,,,Dark,201100,0,0,0,2,,,0,,,,,,Auckland Region,Nil,2-way,Sealed,,0,0,,50,,On,1,0,,76,Auckland,Nil,,,,,0,0,Urban,0,,,Fine,Null
1767940.1701,5901161.4061,884916,,525001,0,0,0,2,0,Null,2024/2025,JUTLAND ROAD,GLOUCESTER ROAD,,Non-Injury Crash,No,2024,0,South,0,0,0,Flat,0,,0,,0,Twilight,751800,0,0,0,2,0,0,0,0,1,,0,0,Auckland Region,Nil,2-way,Unsealed,0,0,0,0,50,0,On,1,0,,76,Auckland,Nil,0,0,0,0,0,0,Urban,0,0,0,Fine,Null
1760493.6859,5915635.9545,884918,,520201,0,,0,2,,South,2024/2025,SOUTHERN MOTORWAY,GREEN LANE EAST OFF RAMP,,Non-Injury Crash,Yes,2025,,North,,0,,Flat,,,,,,Dark,613000,0,0,0,4,,,0,,,,,,Auckland Region,Nil,1-way,Sealed,,0,0,,100,,On,2,0,,76,Auckland,Nil,,,,,0,0,Open,1,,,Fine,Null
1756570.69,5919579.4955,884926,,514102,0,,0,2,,South,2024/2025,NORTHERN TO PORT MOTORWAY,NORTH-WESTERN MOTORWAY,,Non-Injury Crash,Yes,2025,,North,,0,,Hill Road,,,,,,Overcast,435500,0,0,0,2,,,0,,,,,,Auckland Region,Nil,1-way,Sealed,,0,0,,80,,Off,0,0,,76,Auckland,Nil,,,,,0,0,Open,0,,,Light rain,Null
1758650.0978,5880494.1777,884927,35,521121,0,0,0,1,0,North,2022/2023,GLENBROOK STATION ROAD,FARM PARK ROAD,,Minor Crash,No,2023,0,North,0,0,0,Flat,0,,0,,0,Bright sun,811805,1,0,0,2,0,0,0,0,0,,0,1,Auckland Region,Rail xing,2-way,Sealed,0,0,0,0,60,0,Off,0,0,,76,Auckland,Nil,0,1,0,0,0,0,Urban,0,0,0,Fine,Null
1750431.4157,5915869.3201,884936,,514802,0,,0,0,,Null,2024/2025,ROSEBANK ROAD,RIVERSDALE ROAD,,Minor Crash,No,2025,,West,,0,,Flat,,,,,,Bright sun,389900,1,0,0,2,,,0,,,1,,,Auckland Region,Nil,2-way,Sealed,,0,0,,50,,None,1,0,,76,Auckland,Nil,,,,,0,0,Urban,0,,,Fine,None
1753175.2036,5919077.6856,884938,,515100,0,0,0,3,0,West,2024/2025,OLD MILL ROAD,SAVAGE STREET,,Non-Injury Crash,No,2025,0,North,0,0,0,Hill Road,0,,0,,0,Overcast,398100,0,0,0,2,0,0,0,0,1,,0,0,Auckland Region,Nil,2-way,Sealed,0,0,0,0,30,0,Off,1,0,,76,Auckland,Nil,0,0,0,0,0,0,Urban,0,0,0,Fine,Null
1759756.8023,5914128.0821,884942,,519720,0,,0,1,,Null,2025/2026,TAWA ROAD,TAWHIRI ROAD,,Non-Injury Crash,No,2025,,North,,0,,Hill Road,,,,,,Bright sun,592500,0,0,0,2,,,0,,,,,,Auckland Region,Nil,2-way,Sealed,,0,0,,50,,Off,1,0,,76,Auckland,Stop,,,,,0,0,Urban,0,,,Fine,Null
1751618.1213,5913510.2708,884946,,514600,0,0,0,2,0,South,2024/2025,BLOCKHOUSE BAY ROAD,FRAN ANDREWS DRIVE,,Non-Injury Crash,No,2025,0,South,0,0,0,Hill Road,0,Easter,0,,0,Dark,372400,0,0,0,2,0,0,0,0,1,,0,0,Auckland Region,Nil,2-way,Sealed,0,0,0,0,50,0,On,0,0,,76,Auckland,Nil,0,0,0,0,0,0,Urban,0,0,0,Light rain,Null
1751417.521,5925271.7854,884950,,510020,0,0,0,1,0,North,2025/2026,KIA ORA ROAD,RANGATIRA ROAD,,Non-Injury Crash,No,2025,0,North,0,0,0,Null,0,,0,,0,Bright sun,346100,0,0,0,2,0,0,0,0,1,,0,0,Auckland Region,Nil,2-way,Sealed,0,0,0,0,50,0,Null,0,0,,76,Auckland,Nil,0,0,0,0,0,1,Urban,0,0,0,Fine,Null
1750863.4864,5947035.1569,884955,,505806,0,0,0,0,0,Null,2022/2023,HIBISCUS COAST HIGHWAY,TOTARA VIEWS DRIVE,,Non-Injury Crash,No,2023,0,South,0,0,0,Flat,0,,0,,0,Twilight,176516,0,0,0,2,0,0,0,0,0,,0,0,Auckland Region,Nil,2-way,Sealed,0,0,0,0,70,0,Off,1,0,,76,Auckland,Traffic Signals,0,1,0,0,0,0,Urban,0,0,0,Fine,Null
1766318.5478,5899822.6547,884960,,524713,0,,0,2,,Null,2023/2024,ROSCOMMON ROAD,WEYMOUTH ROAD,,Non-Injury Crash,No,2024,,South,,0,,Flat,,,,,,Bright sun,775823,0,0,0,1,,,0,,,,,,Auckland Region,Nil,1-way,Sealed,,0,0,,50,,Off,0,0,,76,Auckland,Give way,,,,,0,0,Urban,0,,,Fine,None
1770968.895,5903869.571,884966,45,523819,0,,0,2,,East,2025/2026,REDOUBT ROAD,KINNARD LANE,,Minor Crash,No,2025,,West,,0,,Hill Road,,,,,,Dark,760500,1,0,0,2,,,0,,,,,,Auckland Region,Nil,2-way,Sealed,,0,0,,60,,None,0,0,,76,Auckland,Nil,,,,,0,0,Urban,0,,,Heavy rain,Strong wind
1767447.0937,5904952.0443,884968,,524603,0,,0,2,,Null,2023/2024,GREAT SOUTH ROAD,TE IRIRANGI DRIVE,,Non-Injury Crash,No,2023,,South,,0,,Flat,,,,,,Bright sun,780304,0,0,0,4,,,0,,,,,,Auckland Region,Nil,2-way,Sealed,,0,0,,50,,Off,0,0,,76,Auckland,Give way,,,,,0,0,Urban,0,,,Fine,None
1755595.5224,5924643.9319,884970,,509800,0,,0,2,,Null,2025/2026,ONEWA ROAD,QUEEN STREET,,Minor Crash,No,2025,,West,,0,,Flat,,,,,,Overcast,360300,1,0,0,5,,,0,,,,,,Auckland Region,Nil,2-way,Sealed,,0,0,,50,,Off,0,0,,76,Auckland,Give way,,,,,0,0,Urban,0,,,Fine,Null
1754221.5614,5914180.9254,884972,,518802,0,0,0,3,0,Null,2024/2025,STODDARD ROAD,DENNY AVENUE,,Non-Injury Crash,No,2024,0,South,0,0,0,Flat,0,,0,,0,Dark,578200,0,0,0,2,0,0,0,0,1,,0,0,Auckland Region,Nil,2-way,Sealed,0,0,0,0,50,0,On,0,0,,76,Auckland,Stop,0,0,0,0,0,0,Urban,0,0,0,Light rain,Null
1766723.6683,5904677.4057,884988,,524603,0,,0,4,,Null,2024/2025,CAVENDISH DRIVE,LAMBIE DRIVE,,Non-Injury Crash,No,2024,,West,,0,,Flat,,,,,,Dark,780205,0,0,0,4,,,0,,,,,,Auckland Region,Nil,2-way,Sealed,,0,0,,50,,On,0,0,,76,Auckland,Traffic Signals,,,,,0,0,Urban,0,,,Fine,Null
1766695.0084,5904672.6468,884994,,524603,0,,0,2,,Null,2024/2025,CAVENDISH DRIVE,LAMBIE DRIVE,,Minor Crash,No,2024,,East,,0,,Flat,,,,,,Twilight,780202,1,0,0,4,,,0,,,,,,Auckland Region,Nil,2-way,Sealed,,0,0,,50,,Off,0,0,,76,Auckland,Traffic Signals,,,,,0,0,Urban,0,,,Light rain,Null
1768793.7011,5904921.6701,884996,,523722,0,0,0,1,0,South,2023/2024,HOLLYFORD DRIVE,ASPIRING AVENUE,,Non-Injury Crash,No,2024,0,South,0,0,0,Hill Road,0,Queens Birthday,0,,0,Overcast,715907,0,0,0,2,0,0,0,0,0,,0,0,Auckland Region,Nil,2-way,Sealed,0,0,0,0,50,0,Off,1,0,,76,Auckland,Nil,0,0,0,1,0,0,Urban,0,0,0,Fine,Null
1743272.0824,5919339.9014,884998,,513212,0,0,0,2,0,North,2024/2025,BAHARI DRIVE,FROSTBITE PLACE,,Non-Injury Crash,No,2024,0,South,0,0,0,Flat,0,,0,,0,Dark,235721,0,0,0,2,0,0,0,0,1,,0,0,Auckland Region,Nil,2-way,Sealed,0,0,0,0,50,0,On,0,0,,76,Auckland,Nil,0,0,0,0,0,0,Urban,0,0,0,Fine,Null
1751641.8727,5917976.9718,885001,55,515001,0,0,0,1,0,West,2022/2023,GREAT NORTH ROAD ON RAMP,GT NORTH OBR,,Non-Injury Crash,No,2023,0,East,0,0,0,Hill Road,1,,0,,0,Overcast,392200,0,0,0,3,0,0,0,0,0,,0,0,Auckland Region,Motorway ramp,1-way,Sealed,0,0,0,0,100,0,Off,0,0,,76,Auckland,Nil,0,0,0,0,0,0,Open,0,0,0,Light rain,Null
1755191.2099,5932875.8253,885002,,508805,1,,0,1,,East,2024/2025,EAST COAST ROAD,SUNRISE AVENUE,,Minor Crash,No,2025,,South,,0,,Hill Road,,,,,,Overcast,180876,1,0,0,4,,,0,,,,,,Auckland Region,Nil,2-way,Sealed,,0,0,,50,,Off,0,0,30,76,Auckland,Nil,,,,,0,0,Urban,0,,,Fine,Null
1753694.3107,5913755.9581,885003,,518802,0,0,0,2,0,North,2022/2023,RICHARDSON ROAD,NIRVANA WAY,,Minor Crash,No,2023,0,North,0,0,0,Flat,0,,0,,0,Dark,579100,1,0,0,2,0,0,0,0,1,,0,0,Auckland Region,Nil,2-way,Sealed,0,0,0,0,50,0,On,1,0,,76,Auckland,Nil,0,0,0,0,0,0,Urban,0,0,0,Light rain,Null
1758214.4838,5917943.9328,885004,,517400,0,,0,1,,East,2024/2025,MORTIMER PASS,GILLIES AVENUE,,Non-Injury Crash,No,2024,,East,,0,,Flat,,,,,,Overcast,451300,0,0,0,2,,,0,,,,,,Auckland Region,Nil,1-way,Sealed,,0,0,,50,,Null,1,0,,76,Auckland,Nil,,,,,0,0,Urban,0,,,Light rain,Null
1761207.2871,5913122.0715,885005,,519500,0,,0,2,,Null,2022/2023,STATION ROAD,MAURICE ROAD,,Non-Injury Crash,No,2023,,West,,0,,Flat,,,,,,Overcast,621200,0,0,0,3,,,0,,,,,,Auckland Region,Nil,2-way,Sealed,,0,0,,50,,Off,0,0,,76,Auckland,Give way,,,,,0,0,Urban,0,,,Fine,Null
1773987.5969,5891123.6908,885014,,521301,0,0,0,1,0,North,2024/2025,FITZGERALD ROAD,BROOKFIELD ROAD,,Non-Injury Crash,No,2024,0,North,0,0,1,Hill Road,0,,0,,0,Dark,808901,0,0,0,2,0,0,0,0,0,,0,0,Auckland Region,Nil,2-way,Sealed,0,0,0,0,80,0,None,0,0,,76,Auckland,Nil,0,0,0,1,0,0,Open,0,0,0,Fine,Null
1758874.6865,5920303.0823,885020,,514101,0,,0,1,,Null,2024/2025,THE STRAND,ST GEORGES BAY ROAD,,Non-Injury Crash,Yes,2025,,West,,0,,Flat,,,,,,Bright sun,438221,0,0,0,2,,,0,,,,,,Auckland Region,Nil,2-way,Sealed,,0,0,,50,,Off,0,0,,76,Auckland,Give way,,,,,1,0,Urban,0,,,Fine,Null
1756939.5759,5920946.1638,885023,,514101,0,,0,2,,Null,2022/2023,CUSTOMS STREET WEST,PAKENHAM STREET EAST,,Non-Injury Crash,No,2023,,South,,0,,Flat,,,,,,Dark,433004,0,0,0,2,,,0,,,,,,Auckland Region,Speed hump,2-way,Sealed,,0,0,,30,,On,0,0,,76,Auckland,Give way,,,,,0,0,Urban,0,,,Fine,Null
1759290.545,5919817.1929,885025,,515902,0,0,0,2,0,South,2022/2023,GLADSTONE ROAD,CANTERBURY PLACE,,Non-Injury Crash,No,2023,0,North,0,0,0,Hill Road,0,,0,,0,Dark,454200,0,0,0,2,0,0,0,0,1,,0,0,Auckland Region,Nil,2-way,Sealed,0,0,0,0,50,0,Off,0,0,,76,Auckland,Nil,0,0,0,0,0,0,Urban,0,0,0,Light rain,Null
1759149.5133,5906633.3279,885026,,524200,0,,0,1,,North,2024/2025,KIRKBRIDE ROAD,KIRKBRIDE ROAD ON RAMP,,Non-Injury Crash,No,2024,,South,,0,,Flat,,,,,,Dark,726400,0,0,0,4,,,0,,,,,,Auckland Region,Bridge,2-way,Sealed,,0,0,,50,,On,0,0,,76,Auckland,Nil,,,,,0,0,Urban,0,,,Fine,Null
1768779.6942,5905022.1623,885027,,523722,0,,0,1,,Null,2023/2024,ASPIRING AVENUE,HOLLYFORD DRIVE,,Non-Injury Crash,No,2023,,West,,0,,Flat,,,,,,Overcast,716013,0,0,0,2,,,0,,,,,,Auckland Region,Nil,2-way,Sealed,,0,0,,50,,Off,0,0,,76,Auckland,Give way,,,,,0,0,Urban,0,,,Light rain,Null
1766171.9023,5900853.5852,885032,,524711,0,0,0,0,0,North,2024/2025,PALLANT STREET,SMEDLEY STREET,,Non-Injury Crash,No,2025,0,East,0,0,0,Flat,0,,0,,0,Overcast,774601,0,0,0,2,0,0,0,0,0,,0,1,Auckland Region,Nil,2-way,Sealed,0,0,0,0,30,0,Off,1,0,,76,Auckland,Nil,0,0,0,0,0,0,Urban,0,0,0,Light rain,Null
1770179.0713,5899096.8647,885038,,523911,0,,0,1,,North,2024/2025,GREAT SOUTH ROAD,CHALLEN CLOSE,,Non-Injury Crash,No,2024,,North,,0,,Flat,,,,,,Dark,768100,0,0,0,4,,,0,,,,,,Auckland Region,Nil,2-way,Sealed,,0,0,,50,,On,0,0,,76,Auckland,Nil,,,,,0,0,Urban,1,,,Fine,None
1766085.6118,5920534.8781,885042,,516700,0,,0,2,,Null,2024/2025,SPRINGCOMBE ROAD,GLOVER ROAD,,Minor Crash,No,2025,,East,,0,,Hill Road,,,,,,Dark,511400,2,0,0,2,,,0,,,,,,Auckland Region,Nil,2-way,Sealed,,0,0,,50,,On,0,0,,76,Auckland,Give way,,,,,0,0,Urban,0,,,Fine,Null
1752956.2384,5933766.5414,885045,,508701,0,,0,1,,East,2022/2023,CORINTHIAN DRIVE,DON MCKINNON DRIVE,,Minor Crash,No,2023,,North,,0,,Hill Road,,,,,,Overcast,178900,1,0,0,2,,,0,,,,,,Auckland Region,Nil,2-way,Sealed,,0,0,,50,,Off,1,0,,76,Auckland,Nil,,,,,0,0,Urban,0,,,Fine,Null
1754571.534,5914962.8734,885046,,517703,0,0,0,1,0,North,2024/2025,HUNTINGTREE AVENUE,MOUNT ALBERT ROAD,,Non-Injury Crash,No,2024,0,South,0,0,0,Null,0,,0,,0,Bright sun,539200,0,0,0,2,0,0,0,0,2,,0,0,Auckland Region,Nil,2-way,Sealed,0,0,0,0,50,0,Null,0,0,,76,Auckland,Nil,0,0,0,0,0,0,Urban,2,0,0,Fine,Null
1759212.3131,5903399.392,885048,,524200,0,0,0,1,0,South,2025/2026,GEORGE BOLT MEMORIAL DRIVE,TOM PEARCE DRIVE,,Fatal Crash,No,2025,0,South,0,1,0,Flat,0,,0,,0,Dark,727200,2,0,0,3,0,0,0,0,0,,0,0,Auckland Region,Nil,1-way,Sealed,0,0,0,0,50,0,On,1,0,,76,Auckland,Nil,1,0,0,0,0,0,Urban,2,0,0,Light rain,Null
1769823.5674,5907715.134,885052,35,523713,0,0,0,1,0,North,2024/2025,CHAPEL ROAD,ORMISTON ROAD,,Non-Injury Crash,No,2025,0,South,0,0,0,Hill Road,1,,0,,0,Overcast,712401,0,0,0,2,0,0,0,0,0,,0,0,Auckland Region,Nil,2-way,Sealed,0,0,0,0,50,0,Off,0,0,40,76,Auckland,Nil,0,0,0,0,0,0,Urban,0,0,0,Fine,Null
1754794.5857,5918163.6377,885053,,517600,0,0,0,4,0,Null,2022/2023,DON CROOT STREET,FOURTH AVENUE,,Minor Crash,No,2023,0,South,0,0,0,Flat,0,,0,,0,Dark,533601,1,0,0,2,0,0,0,0,3,,0,0,Auckland Region,Nil,2-way,Sealed,0,0,0,0,50,0,On,0,0,,76,Auckland,Nil,0,0,0,0,0,0,Urban,0,0,0,Fine,Null
1744925.2464,5925329.6184,885056,,513431,0,,0,1,,East,2025/2026,UPPER HARBOUR MOTORWAY,TRIG ROAD OFF RAMP,,Non-Injury Crash,Yes,2025,,West,,0,,Hill Road,,,,,,Overcast,223702,0,0,0,2,,,0,,,,,,Auckland Region,Nil,1-way,Sealed,,0,0,,100,,Off,0,0,,76,Auckland,Nil,,,,,1,0,Open,0,,,Fine,Null
1760983.9513,5915526.0523,885062,,520201,0,,0,2,,Null,2024/2025,MORRIN STREET,KENTUCKY STREET,,Non-Injury Crash,No,2025,,Null,,0,,Flat,,,,,,Dark,613000,0,0,0,2,,,0,,,,,,Auckland Region,Nil,2-way,Sealed,,0,0,,50,,Null,0,0,,76,Auckland,Nil,,,,,0,0,Urban,0,,,Fine,Null
1757012.5518,5917524.1343,885068,,518102,0,0,0,1,0,Null,2025/2026,MOUNT EDEN ROAD,PERCY STREET,,Minor Crash,No,2025,0,South,0,0,0,Flat,0,,0,,0,Bright sun,543400,1,1,0,2,0,0,0,0,0,,0,0,Auckland Region,Nil,2-way,Sealed,0,0,0,0,50,0,Off,0,0,,76,Auckland,Stop,0,0,0,0,0,0,Urban,0,1,0,Fine,Null
1757512.3167,5918632.0692,885076,,514302,0,,0,1,,North,2025/2026,SOUTHERN MOTORWAY,KHYBER PASS OBR,,Non-Injury Crash,Yes,2025,,North,,0,,Flat,,,,,,Dark,442500,0,0,0,4,,,0,,,,,,Auckland Region,Motorway ramp,1-way,Sealed,,0,0,,80,,On,0,0,,76,Auckland,Nil,,,,,0,0,Open,1,,,Fine,Null
1767034.4827,5904487.2685,885080,,524604,0,,1,0,,Null,2024/2025,RONWOOD AVENUE,DAVIES AVENUE,,Minor Crash,No,2025,,West,,0,,Flat,,,,,,Dark,780209,1,0,0,1,,,0,,,1,,,Auckland Region,Nil,1-way,Sealed,,0,0,,50,,On,0,0,,76,Auckland,Traffic Signals,,,,,0,0,Urban,0,,,Fine,Null
1769116.0589,5913529.0557,885084,45,522723,0,,0,2,,Null,2024/2025,LADY MARIE DRIVE,CASCADES ROAD,,Non-Injury Crash,No,2025,,West,,0,,Flat,,,,,,Twilight,681500,0,0,0,2,,,0,,,,,,Auckland Region,Nil,2-way,Sealed,,0,0,,50,,None,0,0,,76,Auckland,Stop,,,,,0,0,Urban,0,,,Fine,None
1788328.7829,5908554.5431,885088,,525202,0,,0,2,,West,2024/2025,CLEVEDON-KAWAKAWA ROAD,TOWNSON ROAD,,Non-Injury Crash,No,2025,,West,,0,,Flat,,,,,,Dark,764800,0,0,0,2,,,0,,,,,,Auckland Region,Nil,2-way,Sealed,,0,0,,80,,None,0,0,,76,Auckland,Nil,,,,,0,0,Open,0,,,Fine,Null
1759681.6874,5924222.7367,885094,,509300,0,,0,2,,Null,2024/2025,REGENT STREET,KAWERAU AVENUE,,Non-Injury Crash,No,2025,,North,,0,,Flat,,,,,,Bright sun,339900,0,0,0,2,,,0,,,,,,Auckland Region,Nil,2-way,Sealed,,0,0,,50,,Off,0,0,,76,Auckland,Stop,,,,,0,0,Urban,0,,,Fine,Null
1764161.4817,5915310.0044,885100,,520301,0,0,0,2,0,North,2025/2026,GOLLAN ROAD,HARDING AVENUE,,Non-Injury Crash,No,2025,0,North,0,0,0,Hill Road,0,,0,,0,Dark,626402,0,0,0,2,0,0,0,0,1,,0,0,Auckland Region,Nil,2-way,Sealed,0,0,0,0,50,0,On,0,0,,76,Auckland,Nil,0,0,0,0,0,0,Urban,0,0,0,Heavy rain,Null
1764994.506,5911748.9132,885105,,520500,0,0,0,1,0,Null,2022/2023,CARBINE ROAD,PANAMA ROAD,,Non-Injury Crash,No,2023,0,South,0,0,0,Flat,0,,0,,0,Overcast,639800,0,0,0,2,0,0,0,0,0,,0,0,Auckland Region,Nil,2-way,Sealed,0,0,0,0,50,0,Off,0,0,40,76,Auckland,Traffic Signals,0,1,0,0,0,0,Urban,0,0,0,Fine,Null
1770799.7173,5913413.5029,885106,,523101,0,0,0,2,0,North,2025/2026,BOTANY ROAD,MIRRABOOKA AVENUE,,Non-Injury Crash,No,2025,0,North,0,0,0,Flat,0,,0,,0,Dark,710512,0,0,0,2,0,0,0,0,2,,0,0,Auckland Region,Nil,2-way,Sealed,0,0,0,0,50,0,On,0,0,,76,Auckland,Nil,0,0,0,0,0,0,Urban,1,0,0,Fine,Null
1743358.3738,5921190.1892,885108,,513622,0,,0,0,,Null,2024/2025,DON BUCK ROAD,WAIMUMU ROAD,,Minor Crash,No,2025,,South,,0,,Flat,,,,,,Bright sun,226700,1,0,0,2,,,0,,,1,,,Auckland Region,Nil,2-way,Sealed,,0,0,,50,,Off,0,0,,76,Auckland,Stop,,,,,0,0,Urban,1,,,Fine,Null
1767628.5393,5910393.9181,885111,,523112,0,0,0,1,0,Null,2022/2023,HIGHBROOK DRIVE,RA ORA DRIVE,,Non-Injury Crash,No,2023,0,West,0,0,0,Flat,0,,0,,0,Dark,711405,0,0,0,4,0,0,0,0,0,,0,1,Auckland Region,Nil,2-way,Sealed,0,0,0,0,50,0,On,0,0,,76,Auckland,Give way,0,0,0,0,0,0,Urban,0,0,0,Fine,Null
1762720.4587,5913003.5974,885114,,520402,0,0,0,2,0,West,2024/2025,SOUTHERN MOTORWAY,SOUTH-EASTERN HWY OFF RAMP,,Non-Injury Crash,Yes,2025,0,East,0,0,0,Flat,1,,0,,0,Overcast,642500,0,0,0,4,0,0,0,0,0,,0,0,Auckland Region,Nil,1-way,Sealed,0,0,0,0,100,0,On,0,0,,76,Auckland,Nil,0,0,0,0,0,0,Open,0,0,0,Light rain,Null
1754555.4895,5936504.0864,885115,,506902,0,0,0,1,0,East,2022/2023,GLAMORGAN DRIVE,LINGHAM CRESCENT,,Non-Injury Crash,No,2023,0,East,0,0,0,Hill Road,0,Easter,0,,0,Dark,165806,0,0,0,2,0,0,0,0,1,,0,0,Auckland Region,Nil,2-way,Sealed,0,0,0,0,50,0,On,0,0,,76,Auckland,Nil,0,0,0,0,0,0,Urban,1,0,0,Fine,Null
1751050.5036,5933284.0102,885116,,508807,0,,0,2,,Null,2023/2024,ALBANY HIGHWAY,WHARF ROAD,,Non-Injury Crash,No,2024,,North,,0,,Flat,,,,,,Overcast,180201,0,0,0,2,,,0,,,,,,Auckland Region,Nil,2-way,Sealed,,0,0,,50,,Off,0,0,,76,Auckland,Traffic Signals,,,,,0,0,Urban,0,,,Fine,Null
1753581.7316,5914456.1887,885118,,518801,0,0,0,4,0,Null,2025/2026,MAIORO STREET,MAIORO STREET ON RAMP,,Serious Crash,No,2025,0,South,0,0,0,Flat,2,,0,,0,Twilight,578500,5,0,0,6,0,0,0,0,0,,0,0,Auckland Region,Bridge,2-way,Sealed,0,0,1,0,50,0,On,0,0,30,76,Auckland,Traffic Signals,0,0,0,0,0,0,Urban,0,0,0,Light rain,Null
1755924.0292,5936928.143,885119,,506903,0,0,0,1,0,West,2022/2023,GLAMORGAN DRIVE,BRONWYN PLACE,,Non-Injury Crash,No,2023,0,East,0,0,0,Flat,0,,0,,0,Dark,165200,0,0,0,2,0,0,0,0,1,,0,0,Auckland Region,Nil,2-way,Sealed,0,0,0,0,50,0,On,0,0,,76,Auckland,Nil,0,0,0,0,0,0,Urban,1,0,0,Fine,Null
1753523.3786,5932666.6308,885120,,508805,0,,0,2,,North,2024/2025,NORTHERN MOTORWAY,ROSEDALE OBR,,Non-Injury Crash,Yes,2024,,South,,0,,Flat,,,,,,Bright sun,180866,0,0,0,2,,,0,,,,,,Auckland Region,Nil,1-way,Sealed,,0,0,,100,,Off,0,0,,76,Auckland,Nil,,,,,0,0,Open,0,,,Fine,Null
1761189.8075,5972940.5958,885124,,506661,0,0,0,1,0,East,2024/2025,TAKATU ROAD,BADDELEYS BEACH ROAD,,Minor Crash,No,2025,0,South,1,0,0,Flat,0,,0,,0,Bright sun,138821,1,0,0,2,0,0,0,0,0,,0,0,Auckland Region,Nil,2-way,Sealed,0,0,0,0,80,0,None,0,0,,76,Auckland,Nil,0,0,0,0,0,0,Open,0,0,0,Fine,Null