X,Y,OBJECTID,advisorySpeed,areaUnitID,bicycle,bridge,bus,carStationWagon,cliffBank,crashDirectionDescription,crashFinancialYear,crashLocation1,crashLocation2,crashRoadSideRoad,crashSeverity,crashSHDescription,crashYear,debris,directionRoleDescription,ditch,fatalCount,fence,flatHill,guardRail,holiday,houseOrBuilding,intersection,kerb,light,meshblockId,minorInjuryCount,moped,motorcycle,NumberOfLanes,objectThrownOrDropped,otherObject,otherVehicleType,overBank,parkedVehicle,pedestrian,phoneBoxEtc,postOrPole,region,roadCharacter,roadLane,roadSurface,roadworks,schoolBus,seriousInjuryCount,slipOrFlood,speedLimit,strayAnimal,streetLight,suv,taxi,temporarySpeedLimit,tlaId,tlaName,trafficControl,trafficIsland,trafficSign,train,tree,truck,unknownVehicleType,urban,vanOrUtility,vehicle,waterRiver,weatherA,weatherB
1762127.2944,5906922.4358,885129,,524302,0,,0,1,,South,2022/2023,MASSEY ROAD,WALTER STREET,,Minor Crash,No,2023,,South,,0,,Flat,,,,,,Twilight,743200,1,0,0,2,,,0,,,1,,,Auckland Region,Nil,2-way,Sealed,,0,0,,50,,On,0,0,,76,Auckland,Nil,,,,,0,0,Urban,0,,,Fine,Null
1748150.3185,5912748.2176,885133,,511902,0,0,0,0,1,South,2022/2023,TITIRANGI ROAD,OLD TITIRANGI ROAD,,Minor Crash,No,2023,0,South,0,0,0,Hill Road,0,,0,,0,Overcast,292004,2,0,0,3,0,0,0,0,0,,0,0,Auckland Region,Nil,2-way,Sealed,0,0,0,0,50,0,Off,1,0,,76,Auckland,Nil,0,0,0,0,0,0,Urban,0,0,0,Fine,Null
1770909.3143,5898379.7656,885136,,523912,0,,0,1,,East,2025/2026,GREAT SOUTH ROAD,GRAHAM ROAD,,Non-Injury Crash,No,2025,,North,,0,,Hill Road,,,,,,Bright sun,767600,0,0,0,2,,,0,,,,,,Auckland Region,Nil,2-way,Sealed,,0,0,,50,,Off,0,0,,76,Auckland,Nil,,,,,0,0,Urban,1,,,Fine,Null
1755296.2534,5931763.0419,885138,,508805,0,,0,2,,North,2024/2025,SUNSET ROAD,MERCURY LANE,,Non-Injury Crash,No,2024,,North,,0,,Null,,,,,,Unknown,180827,0,0,0,2,,,0,,,,,,Auckland Region,Nil,2-way,Null,,0,0,,50,,Null,0,0,,76,Auckland,Nil,,,,,0,0,Urban,0,,,Null,Null
1757262.8357,5920084.1849,885144,,514103,1,,0,0,,Null,2024/2025,QUEEN STREET,WAKEFIELD STREET,,Serious Crash,No,2025,,West,,0,,Flat,,,,,,Bright sun,436600,0,0,0,2,,,0,,,1,,,Auckland Region,Nil,2-way,Sealed,,0,1,,30,,Null,0,0,20,76,Auckland,Traffic Signals,,,,,0,0,Urban,0,,,Fine,Null
1770029.6751,5914704.5907,885146,,522712,0,,0,1,,West,2024/2025,PAKURANGA ROAD,ABERFELDY AVENUE,,Non-Injury Crash,No,2024,,West,,0,,Null,,,,,,Unknown,644800,0,0,0,4,,,0,,,,,,Auckland Region,Nil,2-way,Null,,0,0,,50,,Null,1,0,,76,Auckland,Nil,,,,,0,0,Urban,0,,,Null,Null
1769261.5154,5902380.3969,885155,,524901,0,,0,2,,North,2023/2024,SOUTHERN MOTORWAY,HILL ROAD ON RAMP,,Minor Crash,Yes,2023,,North,,0,,Flat,,,,,,Overcast,755600,1,0,0,3,,,0,,,,,,Auckland Region,Nil,1-way,Sealed,,0,0,,100,,Off,0,0,,76,Auckland,Nil,,,,,1,0,Open,1,,,Fine,Null
1771945.4693,5896035.2539,885171,,525420,0,0,0,1,0,East,2023/2024,ELLIOT STREET,MOSSFORD GREEN,,Non-Injury Crash,No,2023,0,East,0,0,0,Flat,0,,0,,0,Dark,791700,0,0,0,1,0,0,0,0,0,,0,0,Auckland Region,Nil,1-way,Sealed,0,0,0,0,50,0,On,0,0,,76,Auckland,Nil,0,0,0,1,0,0,Urban,0,0,0,Light rain,Strong wind
1763740.0131,5907420.4378,885174,,524301,0,,0,1,,East,2024/2025,GRAY AVENUE,ORAKAU ROAD,,Minor Crash,No,2025,,West,,0,,Flat,,,,,,Bright sun,749200,1,0,0,2,,,0,,,1,,,Auckland Region,Nil,2-way,Sealed,,0,0,,50,,Off,0,0,,76,Auckland,Nil,,,,,0,0,Urban,0,,,Fine,Null
1754948.7896,5919652.847,885178,,515410,0,0,0,2,0,East,2024/2025,COCKBURN STREET,FARRAR STREET,,Non-Injury Crash,No,2024,0,East,0,0,0,Hill Road,0,,0,,0,Dark,407600,0,0,0,2,0,0,0,0,1,,0,0,Auckland Region,Speed hump,2-way,Sealed,0,0,0,0,50,0,On,0,0,,76,Auckland,Nil,0,0,0,0,0,0,Urban,0,0,0,Fine,Null
1762044.9145,5908404.2493,885182,,524530,0,,0,2,,Null,2022/2023,TENNESSEE AVENUE,VINE STREET,,Non-Injury Crash,No,2023,,North,,0,,Flat,,,,,,Overcast,731800,0,0,0,2,,,0,,,,,,Auckland Region,Nil,2-way,Sealed,,0,0,,30,,Off,0,0,,76,Auckland,Give way,,,,,0,0,Urban,0,,,Light rain,None
1757430.9636,5920125.2346,885190,,514103,0,,0,2,,Null,2024/2025,MAYORAL DRIVE,WELLESLEY STREET EAST,,Minor Crash,No,2025,,North,,0,,Hill Road,,,,,,Dark,436700,1,0,0,3,,,0,,,,,,Auckland Region,Nil,1-way,Sealed,,0,0,,30,,On,0,1,,76,Auckland,Traffic Signals,,,,,0,0,Urban,0,,,Light rain,Null
1763273.0793,5915018.4649,885191,,520302,0,,0,1,,Null,2023/2024,HARRIS ROAD,ELLERSLIE-PANMURE HIGHWAY,,Non-Injury Crash,No,2023,,South,,0,,Flat,,,,,,Overcast,626101,0,0,0,2,,,0,,,,,,Auckland Region,Nil,1-way,Sealed,,0,0,,50,,Off,0,0,,76,Auckland,Give way,,,,,0,0,Urban,1,,,Fine,Null
1773950.702,5889614.5831,885196,,521301,0,0,0,1,0,South,2024/2025,SOUTHERN MOTORWAY,QUARRY OBR,,Non-Injury Crash,Yes,2024,0,South,0,0,0,Flat,0,,0,,0,Dark,809103,0,0,0,2,0,0,0,0,0,,0,0,Auckland Region,Nil,1-way,Sealed,0,0,0,0,100,1,On,0,0,,76,Auckland,Nil,0,0,0,0,0,0,Open,0,0,0,Fine,Null
1758830.7396,5911506.1212,885200,,519820,0,,0,3,,North,2024/2025,SOUTH-WESTERN MOTORWAY,ONEHUNGA HBR UNDERPASS,,Non-Injury Crash,Yes,2024,,South,,0,,Flat,,,,,,Overcast,602402,0,0,0,3,,,0,,,,,,Auckland Region,Nil,1-way,Sealed,,0,0,,100,,Off,0,0,,76,Auckland,Nil,,,,,0,0,Open,0,,,Fine,Null
1767243.864,5905910.613,885201,,522302,0,,0,2,,Null,2022/2023,ESPERANTO ROAD,CASPAR ROAD,,Minor Crash,No,2023,,North,,0,,Flat,,,,,,Dark,670801,1,0,0,2,,,0,,,,,,Auckland Region,Nil,2-way,Sealed,,0,0,,50,,On,0,0,,76,Auckland,Give way,,,,,0,0,Urban,0,,,Fine,Null
1769920.1999,5909870.0416,885204,,523113,0,,0,2,,Null,2022/2023,SMALES ROAD,TE IRIRANGI DRIVE,,Non-Injury Crash,No,2023,,North,,0,,Flat,,,,,,Bright sun,711730,0,0,0,2,,,0,,,,,,Auckland Region,Nil,2-way,Sealed,,0,0,,60,,Off,0,0,,76,Auckland,Give way,,,,,0,0,Urban,0,,,Fine,None
1754894.795,5918688.8356,885211,,515420,0,,0,1,,Null,2023/2024,WILLIAMSON AVENUE,TUARANGI ROAD,,Minor Crash,No,2024,,East,,0,,Flat,,,,,,Bright sun,404700,1,0,0,3,,,0,,,1,,,Auckland Region,Nil,2-way,Sealed,,0,0,,50,,Off,0,0,,76,Auckland,Traffic Signals,,,,,0,0,Urban,0,,,Fine,Null
1742203.6707,5918594.4705,885216,,513214,0,0,0,0,0,Null,2023/2024,POOKS ROAD,SIMPSON ROAD,,Non-Injury Crash,No,2024,0,West,0,0,1,Flat,0,,0,,0,Dark,238503,0,0,0,2,0,0,0,0,0,,1,0,Auckland Region,Nil,2-way,Sealed,0,0,0,0,50,0,On,0,0,,76,Auckland,Nil,0,0,0,0,0,0,Urban,0,0,0,Fine,Null
1774884.028,5896670.9345,885222,,525610,0,,0,2,,Null,2022/2023,DOMINION ROAD,HEATHDALE CRESCENT,,Non-Injury Crash,No,2023,,South,,0,,Flat,,,,,,Bright sun,799106,0,0,0,2,,,0,,,,,,Auckland Region,Nil,2-way,Sealed,,0,0,,50,,Off,0,0,,76,Auckland,Give way,,,,,0,0,Urban,0,,,Fine,None
1755948.9241,5918924.4891,885224,,515500,0,0,0,1,0,North,2023/2024,WAIMA STREET,PUTIKI STREET,,Non-Injury Crash,No,2024,0,North,0,0,0,Flat,0,,0,,0,Bright sun,417800,0,0,0,1,0,0,0,0,1,,0,0,Auckland Region,Nil,1-way,Sealed,0,0,0,0,30,0,Off,0,0,,76,Auckland,Nil,0,0,0,0,0,0,Urban,1,0,0,Fine,None
1756952.0763,5919163.3113,885226,,514200,0,,0,2,,East,2023/2024,SOUTHERN TO NORTH-WESTERN LINK,UPPER QUEEN OBR,,Non-Injury Crash,Yes,2024,,West,,0,,Hill Road,,,,,,Dark,412302,0,0,0,1,,,0,,,,,,Auckland Region,Nil,1-way,Sealed,,0,0,,80,,On,1,0,,76,Auckland,Nil,,,,,0,0,Open,0,,,Fine,Null
1769378.2603,5901041.4708,885230,,524901,0,,0,0,,Null,2024/2025,CLAUDE ROAD,ALFRISTON ROAD,,Non-Injury Crash,No,2024,,South,,0,,Flat,,,,,,Bright sun,757400,0,0,0,2,,,0,,,,,,Auckland Region,Nil,2-way,Sealed,,0,0,,50,,Off,0,0,,76,Auckland,Traffic Signals,,,,,0,0,Urban,2,,,Fine,None
1763440.2966,5910922.3227,885234,,520500,0,0,0,2,0,Null,2024/2025,GREAT SOUTH ROAD,ABATTOIR LANE,,Minor Crash,No,2025,0,North,0,0,0,Flat,0,,0,,0,Dark,637900,1,0,0,4,0,0,0,0,0,,0,0,Auckland Region,Nil,2-way,Sealed,0,0,0,0,50,0,On,0,0,,76,Auckland,Nil,0,0,0,1,0,0,Urban,0,0,0,Fine,Null
1746078.4948,5937211.0745,885235,,506653,0,0,0,1,1,West,2023/2024,SUNNYSIDE ROAD,WAYMAU LANE,,Minor Crash,No,2023,0,West,0,0,0,Hill Road,0,,0,,0,Twilight,217206,1,0,0,2,0,0,0,0,0,,0,0,Auckland Region,Nil,2-way,Sealed,0,0,0,0,60,0,None,0,0,,76,Auckland,Nil,0,0,0,0,0,0,Urban,0,0,0,Fine,Null
1768290.9392,5905796.8367,885239,,523721,0,0,0,4,0,East,2023/2024,ISRAEL AVENUE,VETORI PLACE,,Minor Crash,No,2023,0,East,0,0,0,Flat,0,,0,,0,Dark,715505,1,0,0,2,0,0,0,0,1,,0,0,Auckland Region,Nil,2-way,Sealed,0,0,0,0,50,0,Off,0,0,,76,Auckland,Nil,0,0,0,0,0,0,Urban,0,0,0,Fine,Null
1754673.1108,5928674.2155,885242,,508320,0,,0,2,,South,2024/2025,DIANA DRIVE,ASHFIELD ROAD,,Minor Crash,No,2025,,South,,0,,Flat,,Queens Birthday,,,,Overcast,196700,1,0,0,2,,,0,,,,,,Auckland Region,Nil,2-way,Sealed,,0,0,,50,,Off,0,0,,76,Auckland,Nil,,,,,0,0,Urban,0,,,Fine,Null
1764902.9357,5914746.0281,885246,,520602,0,,0,0,,Null,2024/2025,ELLERSLIE-PANMURE HIGHWAY,IRELAND ROAD,,Non-Injury Crash,No,2024,,East,,0,,Flat,,,,,,Bright sun,628400,0,0,0,4,,,0,,,,,,Auckland Region,Nil,1-way,Sealed,,0,0,,50,,Off,1,0,,76,Auckland,Traffic Signals,,,,,0,0,Urban,1,,,Fine,Null
1763329.0638,5909532.6535,885258,,521901,0,0,0,0,0,Null,2024/2025,WALMSLEY ROAD,STATION ROAD,,Minor Crash,No,2025,0,North,0,0,0,Flat,0,,0,,0,Dark,783000,1,0,0,4,0,0,0,0,0,,0,1,Auckland Region,Nil,2-way,Sealed,0,0,0,0,50,0,On,0,0,,76,Auckland,Traffic Signals,0,0,0,0,0,0,Urban,1,0,0,Fine,Null
1783725.7579,5908755.2973,885260,45,525201,0,0,0,0,1,South,2024/2025,NORTH ROAD,WHEELER RISE,,Non-Injury Crash,No,2025,0,North,0,0,0,Hill Road,0,,0,,0,Bright sun,762700,0,0,1,2,0,0,0,0,0,,0,0,Auckland Region,Nil,2-way,Sealed,0,0,0,0,80,0,Off,0,0,,76,Auckland,Nil,0,0,0,0,0,0,Open,0,0,0,Fine,Null
1748380.5207,5919035.5531,885262,,514801,0,,0,2,,South,2025/2026,NORTH-WESTERN MOTORWAY,PATIKI ROAD OFF RAMP,,Minor Crash,Yes,2025,,South,,0,,Flat,,,,,,Dark,389300,1,0,0,4,,,0,,,,,,Auckland Region,Nil,1-way,Sealed,,0,0,,100,,On,0,0,,76,Auckland,Nil,,,,,0,0,Open,1,,,Fine,Null
1759454.6563,5916425.4832,885273,,516002,0,,0,1,,Null,2022/2023,SOUTHERN MOTORWAY,MARKET ROAD OFF RAMP,,Non-Injury Crash,Yes,2023,,North,,0,,Flat,,,,,,Bright sun,492000,0,0,0,3,,,0,,,,,,Auckland Region,Nil,1-way,Sealed,,0,0,,100,,Off,0,0,,76,Auckland,Nil,,,,,1,0,Open,0,,,Fine,Null
1768279.7624,5902465.3217,885278,,524901,0,0,0,2,0,East,2024/2025,ORAMS ROAD,GREAT SOUTH ROAD,,Non-Injury Crash,No,2024,0,East,0,0,0,Flat,0,,0,,0,Dark,754200,0,0,0,2,0,0,0,0,1,,0,0,Auckland Region,Nil,2-way,Sealed,0,0,0,0,50,0,Null,0,0,,76,Auckland,Nil,0,0,0,0,0,0,Urban,0,0,0,Null,Null
1755045.2575,5930230.2195,885282,,508420,0,,0,2,,North,2025/2026,NORTHERN MOTORWAY,SUNNYNOOK OBR,,Minor Crash,Yes,2025,,North,,0,,Hill Road,,,,,,Bright sun,182100,1,0,0,3,,,0,,,,,,Auckland Region,Nil,1-way,Sealed,,0,0,,100,,Off,0,0,,76,Auckland,Nil,,,,,0,0,Open,0,,,Fine,Null
1750269.7387,5918025.4112,885283,,514801,0,,0,2,,East,2022/2023,NORTH-WESTERN MOTORWAY,ROSEBANK ROAD ON RAMP,,Non-Injury Crash,Yes,2023,,East,,0,,Flat,,,,,,Dark,390401,0,0,0,5,,,0,,,,,,Auckland Region,Nil,1-way,Sealed,,0,0,,100,,On,0,0,,76,Auckland,Nil,,,,,0,0,Open,0,,,Light rain,Null
1765631.2281,5918428.4463,885284,,516900,0,0,0,0,0,South,2025/2026,ASHBY AVENUE,BERMUDA ROAD,,Non-Injury Crash,No,2025,0,South,0,0,0,Flat,0,,0,,0,Overcast,465800,0,0,0,2,0,1,0,0,0,,0,1,Auckland Region,Nil,2-way,Sealed,0,0,0,0,50,0,Off,0,0,,76,Auckland,Nil,0,0,0,0,1,0,Urban,0,0,0,Fine,Null
1763507.1555,5909094.8626,885287,,521901,0,,0,2,,North,2023/2024,WALMSLEY ROAD,NIKAU ROAD,,Minor Crash,No,2024,,South,,0,,Flat,,,,,,Overcast,783500,1,0,0,4,,,0,,,,,,Auckland Region,Nil,2-way,Sealed,,0,0,,50,,Off,0,1,20,76,Auckland,Nil,,,,,0,0,Urban,0,,,Fine,Null
1746444.7143,5925934.4001,885294,,513432,0,0,0,1,0,West,2025/2026,HOBSONVILLE ROAD,HOBSONVILLE ROAD,,Serious Crash,No,2025,0,West,0,0,0,Flat,0,,0,,0,Dark,223005,1,0,0,2,0,0,0,0,0,,0,1,Auckland Region,Nil,2-way,Sealed,0,0,1,0,50,0,On,0,0,,76,Auckland,Nil,0,0,0,0,0,0,Urban,0,0,0,Fine,Null
1733895.5964,5934429.1228,885295,,506653,0,,0,2,,Null,2023/2024,PEAK ROAD,OLD NORTH ROAD,,Minor Crash,No,2023,,West,,0,,Flat,,,,,,Bright sun,217701,2,0,0,2,,,0,,,,,,Auckland Region,Nil,2-way,Sealed,,0,0,,80,,None,0,0,,76,Auckland,Stop,,,,,0,0,Open,0,,,Fine,Null
1744486.9072,5922549.249,885298,,513530,0,,0,1,,Null,2024/2025,ROYAL ROAD,ROYAL ROAD ON RAMP,,Non-Injury Crash,No,2024,,East,,0,,Flat,,,,,,Bright sun,225802,0,0,0,3,,,0,,,,,,Auckland Region,Bridge,1-way,Sealed,,0,0,,50,,Off,1,0,,76,Auckland,Traffic Signals,,,,,0,0,Urban,0,,,Fine,Null
1747968.566,5911372.9149,885303,,511902,0,,0,1,,East,2024/2025,GODLEY ROAD,TITIRANGI ROAD,,Minor Crash,No,2024,,East,,0,,Hill Road,,,,,,Twilight,293200,1,0,0,2,,,0,,,,,,Auckland Region,Nil,2-way,Sealed,,0,0,,50,,On,1,0,,76,Auckland,Nil,,,,,0,0,Urban,0,,,Heavy rain,Null
1772937.4757,5891367.0918,885311,,521301,0,,0,2,,North,2022/2023,SOUTHERN MOTORWAY,KARAKA OBR,,Non-Injury Crash,Yes,2023,,North,,0,,Flat,,,,,,Overcast,809005,0,0,0,2,,,0,,,,,,Auckland Region,Overpass,1-way,Sealed,,0,0,,100,,Off,0,0,,76,Auckland,Nil,,,,,0,0,Open,0,,,Light rain,Null
1751316.2785,5916131.2393,885312,,514401,0,0,0,0,0,South,2025/2026,GREAT NORTH ROAD,GLENDON AVENUE,,Minor Crash,No,2025,0,South,0,0,1,Flat,0,,0,,0,Dark,383200,1,0,0,4,0,0,0,0,0,,0,1,Auckland Region,Speed hump,2-way,Sealed,0,0,0,0,50,0,On,0,0,,76,Auckland,Nil,0,1,0,0,0,0,Urban,1,0,0,Light rain,Null
1757822.8982,5914247.9088,885313,,518600,0,,0,2,,Null,2022/2023,PAH ROAD,LIVERPOOL STREET,,Serious Crash,No,2023,,South,,0,,Hill Road,,,,,,Bright sun,566600,4,0,0,4,,,0,,,,,,Auckland Region,Speed hump,2-way,Sealed,,0,1,,50,,Off,0,0,,76,Auckland,Stop,,,,,0,0,Urban,0,,,Fine,Null
1740704.9609,5923957.4309,885315,,513701,0,0,0,0,0,North,2022/2023,NIXON ROAD,HENWOOD ROAD,,Non-Injury Crash,No,2023,0,North,1,0,0,Hill Road,0,,0,,0,Dark,229400,0,0,0,2,0,0,0,0,0,,0,0,Auckland Region,Nil,2-way,Sealed,0,0,0,0,60,0,None,0,0,,76,Auckland,Nil,0,0,0,0,1,0,Urban,0,0,0,Mist or Fog,Null
1749651.11,5913429.1946,885319,,511401,0,,0,1,,Null,2022/2023,MARGAN AVENUE,SEABROOK AVENUE,,Non-Injury Crash,No,2023,,West,,0,,Hill Road,,,,,,Overcast,264400,0,0,0,2,,,0,,,,,,Auckland Region,Nil,2-way,Sealed,,0,0,,50,,Off,0,0,,76,Auckland,Stop,,,,,1,0,Urban,0,,,Light rain,Null
1761465.8452,5907900.4416,885320,,524510,0,,0,1,,Null,2024/2025,MCKINSTRY AVENUE,GARUS AVENUE,,Minor Crash,No,2025,,East,,0,,Null,,,,,,Bright sun,736501,2,0,0,2,,,0,,,,,,Auckland Region,Nil,2-way,Sealed,,0,0,,50,,Null,0,0,,76,Auckland,Give way,,,,,0,0,Urban,1,,,Fine,Null
1762955.5641,5917486.9181,885329,,516302,0,0,0,3,0,North,2022/2023,ST JOHNS ROAD,GERARD WAY,,Minor Crash,No,2023,0,North,0,0,2,Flat,0,,0,,0,Bright sun,462809,1,0,0,2,0,0,0,0,0,,0,0,Auckland Region,Nil,2-way,Sealed,0,0,0,0,50,0,Off,0,0,,76,Auckland,Nil,0,0,0,0,0,0,Urban,0,0,0,Fine,Null
1754726.3578,5917708.2765,885330,,517600,0,,0,0,,Null,2024/2025,NEW NORTH ROAD,INWOOD STREET,,Serious Crash,No,2025,,West,,0,,Flat,,,,,,Dark,534602,0,0,0,4,,,0,,,1,,,Auckland Region,Nil,2-way,Sealed,,0,1,,50,,On,1,0,,76,Auckland,Give way,,,,,0,0,Urban,0,,,Fine,Null
1762405.1453,5913839.2667,885332,,520401,0,,0,1,,Null,2024/2025,LEONARD ROAD,PENROSE ROAD,,Minor Crash,No,2025,,South,,0,,Hill Road,,,,,,Bright sun,644300,1,0,0,2,,,0,,,,,,Auckland Region,Nil,2-way,Sealed,,0,0,,50,,None,0,0,,76,Auckland,Give way,,,,,0,0,Urban,1,,,Fine,Null
1757428.7648,5919624.4166,885333,,514301,0,,0,0,,Null,2022/2023,SYMONDS STREET,WHITAKER PLACE,,Minor Crash,No,2023,,South,,0,,Hill Road,,,,,,Bright sun,440600,1,0,0,5,,,0,,,1,,,Auckland Region,Nil,2-way,Sealed,,0,0,,30,,Off,1,0,,76,Auckland,Traffic Signals,,,,,0,0,Urban,0,,,Fine,Null
1755263.9965,5930230.8748,885335,,508510,0,,0,1,,South,2022/2023,SUNNYNOOK ROAD,BECROFT DRIVE,,Minor Crash,No,2023,,East,,0,,Flat,,,,,,Bright sun,194408,1,0,0,0,,,0,,,1,,,Auckland Region,Nil,2-way,Sealed,,0,0,,50,,Off,0,0,,76,Auckland,Nil,,,,,0,0,Urban,0,,,Fine,Null
1765371.1815,5881553.8284,885338,,521112,0,,0,1,,South,2024/2025,HART ROAD,GUN CLUB ROAD,,Non-Injury Crash,No,2024,,West,,0,,Hill Road,,,,,,Dark,826500,0,0,0,2,,,0,,,,,,Auckland Region,Nil,2-way,Sealed,,0,0,,60,,None,0,0,,76,Auckland,Nil,,,,,0,0,Urban,0,,,Light rain,Null
1773031.8479,5896359.5889,885344,,525410,0,0,0,2,0,South,2024/2025,RON KEAT DRIVE,CLEVEDON ROAD,,Non-Injury Crash,No,2024,0,East,0,0,0,Flat,0,,0,,0,Dark,793100,0,0,0,2,0,0,0,0,1,,0,0,Auckland Region,Nil,2-way,Sealed,0,0,0,0,50,0,On,0,0,,76,Auckland,Nil,0,0,0,0,0,0,Urban,0,0,0,Fine,Null
1752385.1595,5918028.2231,885350,,515001,0,,0,0,,West,2025/2026,NORTH-WESTERN MOTORWAY,CARRINGTON OBR,,Minor Crash,Yes,2025,,East,,0,,Flat,,,,,,Overcast,391601,1,0,1,5,,,0,,,,,,Auckland Region,Nil,1-way,Sealed,,0,0,,80,,Off,1,0,,76,Auckland,Nil,,,,,0,0,Open,0,,,Fine,Null
1763316.1514,5919190.9543,885352,,516500,0,0,0,2,0,West,2024/2025,GODDEN CRESCENT,DUDLEY ROAD,,Non-Injury Crash,No,2025,0,West,0,0,0,Null,0,,0,,0,Bright sun,502100,0,0,0,2,0,0,0,0,1,,0,0,Auckland Region,Nil,2-way,Sealed,0,0,0,0,50,0,Null,0,0,,76,Auckland,Nil,0,0,0,0,0,0,Urban,0,0,0,Fine,Null
1773102.9015,5891790.1738,885356,,521301,0,,0,1,,Null,2024/2025,FIRTH STREET,NORRIE ROAD,,Non-Injury Crash,No,2025,,South,,0,,Flat,,,,,,Overcast,808701,0,0,0,2,,,0,,,,,,Auckland Region,Nil,2-way,Sealed,,0,0,,50,,Off,0,0,,76,Auckland,Stop,,,,,0,0,Urban,1,,,Fine,Null
1758120.3755,5915470.1862,885359,,519300,0,,0,1,,Null,2022/2023,GREEN LANE WEST,MANUKAU ROAD,,Serious Crash,No,2023,,West,,0,,Flat,,,,,,Bright sun,623100,0,0,0,3,,,0,,,1,,,Auckland Region,Nil,2-way,Sealed,,0,1,,50,,Off,0,0,,76,Auckland,Give way,,,,,0,0,Urban,0,,,Fine,Null
1768748.6603,5904558.8746,885368,,523722,0,,0,1,,Null,2024/2025,HOLLYFORD DRIVE,EVERGLADE DRIVE,,Non-Injury Crash,No,2025,,South,,0,,Null,,,,,,Unknown,715909,0,0,0,2,,,0,,,,,,Auckland Region,Nil,2-way,Sealed,,0,0,,50,,Null,0,0,,76,Auckland,Traffic Signals,,,,,0,1,Urban,0,,,Null,Null
1760479.6139,5908857.1747,885373,,524403,0,0,0,2,0,South,2023/2024,ROBERTSON ROAD,FAVONA ROAD,,Minor Crash,No,2023,0,South,0,0,0,Flat,0,,0,,0,Overcast,729901,1,0,0,2,0,0,0,0,1,,0,0,Auckland Region,Nil,2-way,Sealed,0,0,0,0,50,0,Off,0,0,,76,Auckland,Nil,0,0,0,0,0,0,Urban,0,0,0,Light rain,Null
1769269.4426,5909312.641,885378,,523113,0,,0,1,,South,2025/2026,LADY RUBY DRIVE,BASALT PLACE,,Minor Crash,No,2025,,South,,0,,Flat,,,,,,Overcast,711810,2,0,0,2,,,0,,,,,,Auckland Region,Nil,2-way,Sealed,,0,0,,50,,On,0,0,,76,Auckland,Nil,,,,,0,0,Urban,1,,,Heavy rain,Null
1756566.4937,5911659.4436,885380,,518702,0,0,0,0,0,West,2025/2026,GOODALL STREET,FREDERICK STREET,,Non-Injury Crash,No,2025,0,West,0,0,0,Hill Road,0,,0,,0,Twilight,571600,0,0,0,2,0,0,0,0,1,,0,0,Auckland Region,Nil,2-way,Sealed,0,0,0,0,30,0,Null,0,0,,76,Auckland,Nil,0,0,0,0,1,0,Urban,1,0,0,Fine,Null
1731895.502,5948970.1334,885384,,506646,0,0,0,1,1,North,2025/2026,OYSTER POINT ROAD,MCLACHLAN ROAD,,Non-Injury Crash,No,2025,0,East,0,0,0,Flat,0,,0,,0,Overcast,212401,0,0,0,2,0,0,0,0,0,,0,0,Auckland Region,Nil,2-way,Sealed,0,0,0,0,100,0,Null,0,0,,76,Auckland,Nil,0,0,0,1,0,0,Open,0,0,0,Light rain,Null
1763870.725,5906979.6184,885385,,524301,0,,0,1,,South,2023/2024,GRAY AVENUE,LANDON AVENUE,,Minor Crash,No,2023,,North,,0,,Flat,,,,,,Dark,656401,1,0,2,2,,,0,,,,,,Auckland Region,Nil,2-way,Sealed,,0,0,,50,,On,0,0,,76,Auckland,Nil,,,,,0,0,Urban,0,,,Fine,Null
1752477.4166,5918136.8023,885386,,515002,0,0,0,1,0,North,2024/2025,GREAT NORTH ROAD,POINT CHEVALIER ROAD,,Non-Injury Crash,No,2024,0,East,0,0,0,Flat,0,,0,,0,Dark,392500,0,0,0,4,0,0,0,0,0,,0,0,Auckland Region,Nil,2-way,Sealed,0,0,0,0,50,0,On,0,0,,76,Auckland,Traffic Signals,0,1,0,0,0,0,Urban,0,0,0,Light rain,Null
1755616.3785,5913230.9827,885392,,518701,0,0,0,1,0,East,2024/2025,SOUTH-WESTERN MOTORWAY,KEITH HAY PARK FTBR,,Non-Injury Crash,Yes,2025,0,East,0,0,0,Flat,1,Easter,0,,0,Dark,569700,0,0,0,3,0,0,0,0,0,,0,0,Auckland Region,Nil,1-way,Sealed,0,0,0,0,100,0,On,0,0,,76,Auckland,Nil,0,0,0,0,0,0,Open,0,0,0,Fine,Null
1757697.669,5918274.3202,885395,,518101,0,,0,2,,North,2023/2024,SOUTHERN MOTORWAY,KHYBER PASS ROAD OFF RAMP,,Non-Injury Crash,Yes,2023,,North,,0,,Hill Road,,,,,,Overcast,543000,0,0,0,4,,,0,,,,,,Auckland Region,Overpass,1-way,Sealed,,0,0,,80,,Off,0,0,,76,Auckland,Nil,,,,,0,0,Open,0,,,Fine,Null
1737651.0407,5932181.4928,885398,,506653,0,,0,1,,East,2025/2026,OLD NORTH ROAD,ARARIMU VALLEY ROAD,,Minor Crash,No,2025,,South,,0,,Flat,,,,,,Bright sun,217000,1,0,1,2,,,0,,,,,,Auckland Region,Nil,2-way,Sealed,,0,0,,80,,None,0,0,,76,Auckland,Nil,,,,,0,0,Open,0,,,Fine,Null