X,Y,OBJECTID,advisorySpeed,areaUnitID,bicycle,bridge,bus,carStationWagon,cliffBank,crashDirectionDescription,crashFinancialYear,crashLocation1,crashLocation2,crashRoadSideRoad,crashSeverity,crashSHDescription,crashYear,debris,directionRoleDescription,ditch,fatalCount,fence,flatHill,guardRail,holiday,houseOrBuilding,intersection,kerb,light,meshblockId,minorInjuryCount,moped,motorcycle,NumberOfLanes,objectThrownOrDropped,otherObject,otherVehicleType,overBank,parkedVehicle,pedestrian,phoneBoxEtc,postOrPole,region,roadCharacter,roadLane,roadSurface,roadworks,schoolBus,seriousInjuryCount,slipOrFlood,speedLimit,strayAnimal,streetLight,suv,taxi,temporarySpeedLimit,tlaId,tlaName,trafficControl,trafficIsland,trafficSign,train,tree,truck,unknownVehicleType,urban,vanOrUtility,vehicle,waterRiver,weatherA,weatherB
1759361.1888,5910634.9622,885400,,524002,0,0,0,0,0,South,2023/2024,SOUTH-WESTERN MOTORWAY,RIMU ROAD ON RAMP,,Non-Injury Crash,Yes,2024,0,North,0,0,0,Flat,2,,0,,0,Dark,722400,0,0,0,3,0,0,0,0,0,,0,0,Auckland Region,Bridge,1-way,Sealed,0,0,0,0,100,0,On,0,0,,76,Auckland,Nil,0,0,0,0,0,0,Open,0,0,0,Light rain,Null
1764624.9572,5911781.3913,885402,,520500,0,,0,3,,North,2024/2025,SOUTHERN MOTORWAY,PANAMA OBR,,Non-Injury Crash,Yes,2025,,North,,0,,Flat,,,,,,Bright sun,639500,0,0,0,3,,,0,,,,,,Auckland Region,Nil,1-way,Sealed,,0,0,,100,,Off,0,0,,76,Auckland,Nil,,,,,0,0,Open,1,,,Fine,Null
1744835.2662,5915491.6996,885404,45,510800,0,0,0,0,0,North,2024/2025,SILVERSTONE PLACE,BRUCE MCLAREN ROAD,,Non-Injury Crash,No,2024,0,North,0,0,0,Flat,0,,0,,0,Dark,242502,0,0,0,2,0,1,0,0,0,,0,0,Auckland Region,Nil,2-way,Sealed,0,0,0,0,50,0,None,1,0,,76,Auckland,Nil,0,0,0,0,0,0,Urban,0,0,0,Mist or Fog,Null
1762973.7063,5916037.91,885406,,516302,0,,0,2,,East,2024/2025,ABBOTTS WAY,WINSTONE DRIVE,,Non-Injury Crash,No,2025,,West,,0,,Flat,,,,,,Bright sun,463602,0,0,0,2,,,0,,,,,,Auckland Region,Nil,2-way,Sealed,,0,0,,50,,Off,0,0,,76,Auckland,Nil,,,,,0,0,Urban,0,,,Fine,Null
1741237.2973,5911538.0049,885411,35,512902,0,0,0,0,0,West,2023/2024,WEST COAST ROAD,BUSH ROAD,,Minor Crash,No,2023,0,West,0,0,0,Hill Road,0,,0,,0,Dark,279102,2,0,0,2,0,0,0,0,0,,0,0,Auckland Region,Nil,2-way,Sealed,0,0,0,0,80,0,None,0,0,60,76,Auckland,Nil,0,0,0,1,0,0,Open,1,0,0,Fine,Null
1742594.5686,5915480.5162,885412,,513020,0,0,0,1,0,East,2024/2025,HENDERSON VALLEY ROAD,CANDIA ROAD,,Minor Crash,No,2024,0,East,0,0,1,Flat,0,,0,,0,Dark,280901,1,0,0,2,0,0,0,0,0,,0,1,Auckland Region,Nil,2-way,Sealed,0,0,0,0,70,0,None,0,0,,76,Auckland,Nil,0,0,0,0,0,0,Urban,0,0,0,Fine,Null
1753285.4185,5933052.9808,885416,,508807,0,0,0,1,0,Null,2024/2025,GREVILLE ROAD OFF RAMP,TAWA DRIVE,,Non-Injury Crash,No,2024,0,North,0,0,0,Flat,0,,0,,0,Overcast,180811,0,0,0,4,0,0,0,0,0,,0,0,Auckland Region,Nil,2-way,Sealed,0,0,0,0,80,0,Off,0,0,,76,Auckland,Traffic Signals,0,1,0,0,0,0,Open,0,0,0,Heavy rain,Null
1758207.8216,5913426.5365,885420,,518600,0,,0,2,,Null,2023/2024,MOUNT ALBERT ROAD,MOUNT SMART ROAD,,Non-Injury Crash,No,2024,,East,,0,,Flat,,,,,,Dark,567300,0,0,0,2,,,0,,,,,,Auckland Region,Nil,1-way,Sealed,,0,0,,50,,On,0,0,,76,Auckland,Give way,,,,,0,0,Urban,0,,,Fine,Null
1742146.8589,5918591.2183,885430,,513214,0,,0,0,,West,2024/2025,POOKS ROAD,SIMPSON ROAD,,Serious Crash,No,2025,,East,,0,,Hill Road,,,,,,Dark,238503,0,1,0,2,,,0,,,,,,Auckland Region,Speed hump,2-way,Sealed,,0,1,,50,,On,0,0,,76,Auckland,Nil,,,,,0,0,Urban,0,,,Fine,Null
1781155.1668,5925897.0462,885433,,520801,0,,0,1,,Null,2022/2023,ALISON ROAD,KENNEDY ROAD,,Non-Injury Crash,No,2023,,West,,0,,Hill Road,,,,,,Bright sun,516703,0,0,0,2,,,0,,,,,,Auckland Region,Nil,2-way,Sealed,,0,0,,50,,Off,1,0,,76,Auckland,Give way,,,,,0,0,Urban,1,,,Fine,Null
1753510.6589,5914414.6002,885434,,518801,0,,0,2,,Null,2024/2025,MAIORO STREET,MAIORO STREET ON RAMP,,Non-Injury Crash,No,2024,,North,,0,,Hill Road,,,,,,Bright sun,578400,0,0,0,6,,,0,,,,,,Auckland Region,Overpass,2-way,Sealed,,0,0,,50,,Off,0,0,,76,Auckland,Traffic Signals,,,,,0,0,Urban,0,,,Fine,Null
1742694.3941,5997455.0243,885437,45,506660,0,0,0,1,0,South,2022/2023,MANGAWHAI ROAD,CARTERS ROAD,,Non-Injury Crash,No,2023,0,South,1,0,0,Hill Road,0,,0,,0,Overcast,135201,0,0,0,2,0,0,0,0,0,,0,0,Auckland Region,Nil,2-way,Sealed,0,0,0,0,100,0,None,0,0,,76,Auckland,Nil,0,0,0,0,0,0,Open,0,0,0,Light rain,Null
1763012.581,5912905.7633,885438,,520402,0,0,0,1,0,Null,2024/2025,SOUTHERN MOTORWAY,SOUTH-EASTERN HWY OFF RAMP,,Minor Crash,Yes,2024,0,East,0,0,0,Flat,1,Christmas New Year,0,,0,Dark,642500,2,0,0,4,0,0,0,0,0,,0,0,Auckland Region,Nil,1-way,Sealed,0,0,0,0,100,0,On,0,0,,76,Auckland,Nil,0,0,0,0,0,0,Open,0,0,0,Fine,Null
1755481.1961,5929003.3655,885440,,508320,0,,0,2,,Null,2024/2025,TRISTRAM AVENUE,TRISTRAM AVENUE ON RAMP,,Non-Injury Crash,No,2024,,East,,0,,Flat,,,,,,Overcast,198500,0,0,0,3,,,0,,,,,,Auckland Region,Nil,1-way,Sealed,,0,0,,50,,Off,0,0,,76,Auckland,Traffic Signals,,,,,0,0,Urban,0,,,Fine,Null
1750874.5749,5927035.1559,885442,,510010,0,0,0,3,0,East,2025/2026,BEACH HAVEN ROAD,JOHN BRACKEN WAY,,Non-Injury Crash,No,2025,0,West,0,0,0,Flat,0,,0,,0,Dark,341200,0,0,0,2,0,0,0,0,1,,0,0,Auckland Region,Nil,2-way,Sealed,0,0,0,0,50,0,On,0,0,,76,Auckland,Nil,0,0,0,0,0,0,Urban,0,0,0,Light rain,Null
1762874.9633,5905611.7316,885443,,524302,0,0,0,2,0,South,2022/2023,PORTAGE ROAD,SELFS ROAD,,Non-Injury Crash,No,2023,0,North,0,0,0,Flat,0,,0,,0,Bright sun,745000,0,0,0,2,0,0,0,0,1,,0,0,Auckland Region,Nil,2-way,Sealed,0,0,0,0,50,0,Off,0,0,,76,Auckland,Nil,0,0,0,0,0,0,Urban,0,0,0,Light rain,Null
1753039.2518,5934890.5707,885444,,508704,0,,0,1,,South,2024/2025,OTEHA VALLEY ROAD ON RAMP,OTEHA VALLEY ROAD,,Non-Injury Crash,No,2025,,South,,0,,Hill Road,,,,,,Bright sun,179113,0,0,0,1,,,0,,,,,,Auckland Region,Motorway ramp,1-way,Sealed,,0,0,,100,,Off,1,0,,76,Auckland,Nil,,,,,0,0,Open,0,,,Fine,Null
1751302.7656,5951073.4404,885447,,505804,0,0,0,0,1,North,2023/2024,HIBISCUS COAST HIGHWAY,OLD NORTH ROAD,,Minor Crash,No,2024,0,North,0,0,0,Hill Road,0,,0,,0,Dark,170900,1,0,0,2,0,0,0,0,0,,0,0,Auckland Region,Nil,2-way,Sealed,0,0,0,0,50,0,None,1,0,,76,Auckland,Nil,0,0,0,2,0,0,Urban,0,0,0,Fine,Null
1756949.0808,5918025.5187,885448,,518101,0,,0,1,,Null,2025/2026,MOUNT EDEN ROAD,ESPLANADE ROAD,,Minor Crash,No,2025,,South,,0,,Flat,,,,,,Twilight,543800,1,0,0,2,,,0,,,1,,,Auckland Region,Nil,2-way,Sealed,,0,0,,50,,Off,0,0,,76,Auckland,Stop,,,,,0,0,Urban,0,,,Fine,Null
1767060.8709,5909918.542,885458,,523112,0,0,0,0,0,Null,2024/2025,UNDERWOOD STREET,PUKEKIWIRIKI PLACE,,Non-Injury Crash,No,2024,0,South,0,0,0,Flat,0,Christmas New Year,0,,0,Dark,711301,0,0,0,1,0,0,0,0,0,,0,0,Auckland Region,Nil,1-way,Sealed,0,0,0,0,50,0,On,1,0,30,76,Auckland,Give way,0,0,0,1,0,0,Urban,0,0,0,Fine,Strong wind
1763326.7299,5909554.6925,885459,,521901,0,,0,0,,Null,2023/2024,SALEYARDS ROAD,STATION ROAD,,Minor Crash,No,2023,,South,,0,,Flat,,,,,,Bright sun,782700,1,0,0,2,,,0,,,,,,Auckland Region,Nil,2-way,Sealed,,0,0,,50,,Off,0,0,,76,Auckland,Traffic Signals,,,,,1,0,Urban,1,,,Fine,Null
1768600.4468,5900725.9378,885462,,525001,0,,0,2,,Null,2024/2025,SELWYN ROAD,WEYMOUTH ROAD,,Non-Injury Crash,No,2025,,South,,0,,Flat,,Easter,,,,Twilight,752100,0,0,0,2,,,0,,,,,,Auckland Region,Nil,2-way,Sealed,,0,0,,50,,None,0,0,,76,Auckland,Give way,,,,,0,0,Urban,0,,,Fine,Null
1745299.3556,5919684.8981,885464,,513301,0,0,0,1,0,South,2024/2025,LINCOLN ROAD,UNIVERSAL DRIVE,,Non-Injury Crash,No,2024,0,South,0,0,1,Flat,0,,0,,0,Bright sun,232001,0,0,0,5,0,0,0,0,0,,0,0,Auckland Region,Nil,2-way,Sealed,0,0,0,0,50,0,Off,0,0,,76,Auckland,Nil,0,0,0,0,0,0,Urban,0,0,0,Fine,Null
1753663.0979,5914558.3924,885466,,518801,0,,0,0,,Null,2025/2026,MAIORO STREET,STODDARD ROAD,,Minor Crash,No,2025,,North,,0,,Flat,,,,,,Dark,578500,2,0,0,3,,,0,,,,,,Auckland Region,Nil,1-way,Sealed,,0,0,,50,,On,1,0,,76,Auckland,Traffic Signals,,,,,0,0,Urban,1,,,Fine,Null
1756525.0774,5919976.9368,885470,,514000,0,0,0,0,0,North,2024/2025,NORTHERN MOTORWAY,NORTH-WESTERN TO NORTHERN LINK,,Non-Injury Crash,Yes,2025,0,North,0,0,0,Hill Road,1,,0,,0,Twilight,417400,0,0,0,3,0,0,0,0,0,,0,0,Auckland Region,Nil,1-way,Sealed,0,0,0,0,80,0,On,0,0,,76,Auckland,Nil,0,0,0,0,1,0,Open,0,0,0,Light rain,Strong wind
1751204.4393,5931485.6582,885472,,508806,0,,0,1,,Null,2023/2024,ALBANY HIGHWAY,OAKWAY DRIVE,,Non-Injury Crash,No,2024,,South,,0,,Flat,,,,,,Bright sun,180101,0,0,0,2,,,0,,,,,,Auckland Region,Nil,2-way,Sealed,,0,0,,50,,Off,1,0,,76,Auckland,Traffic Signals,,,,,0,0,Urban,0,,,Fine,Null
1751416.3454,5917165.3925,885480,,514900,0,,0,1,,Null,2023/2024,ALVERSTON STREET,MIDDLESEX ROAD,,Non-Injury Crash,No,2024,,South,,0,,Flat,,,,,,Bright sun,384100,0,0,0,2,,,0,,,,,,Auckland Region,Nil,1-way,Sealed,,0,0,,50,,None,0,0,30,76,Auckland,Give way,,,,,0,0,Urban,1,,,Fine,Null
1772721.0994,5895398.6718,885482,,525530,0,,0,1,,Null,2024/2025,BEACH ROAD,GREAT SOUTH ROAD,,Non-Injury Crash,No,2024,,East,,0,,Flat,,,,,,Overcast,804701,0,0,0,2,,,0,,,,,,Auckland Region,Nil,2-way,Sealed,,0,0,,50,,On,0,0,,76,Auckland,Traffic Signals,,,,,0,0,Urban,1,,,Heavy rain,None
1734864.8024,5900336.9934,885486,,513800,0,0,0,1,0,West,2024/2025,WHATIPU ROAD,DONALD MCLEAN ROAD,,Non-Injury Crash,No,2024,0,South,0,0,0,Hill Road,0,,0,,0,Bright sun,303400,0,0,0,2,0,0,0,0,0,,0,0,Auckland Region,Nil,2-way,Unsealed,0,0,0,0,40,0,None,0,0,,76,Auckland,Nil,0,0,0,1,0,0,Urban,0,0,0,Fine,Null
1756764.5933,5926540.5744,885488,,507900,0,,0,1,,North,2024/2025,NORTHERN MOTORWAY,ESMONDE ROAD OFF RAMP,,Non-Injury Crash,Yes,2024,,South,,0,,Flat,,,,,,Twilight,303901,0,0,0,3,,,0,,,,,,Auckland Region,Nil,1-way,Sealed,,0,0,,100,,On,0,0,,76,Auckland,Nil,,,,,0,0,Open,1,,,Heavy rain,Strong wind
1753688.1541,5932083.9874,885489,,508805,0,,0,2,,North,2023/2024,NORTHERN MOTORWAY,UPPER HARBOUR HIGHWAY,,Minor Crash,Yes,2023,,South,,0,,Flat,,,,,,Bright sun,180813,1,0,0,2,,,0,,,,,,Auckland Region,Nil,1-way,Sealed,,0,0,,100,,Off,0,0,,76,Auckland,Nil,,,,,0,0,Open,0,,,Fine,Null
1742101.1009,5993433.3708,885500,,506660,0,0,0,0,0,North,2024/2025,MANGAWHAI ROAD,KEITH ROAD,,Minor Crash,No,2024,0,South,0,0,1,Null,0,,0,,0,Dark,135400,1,0,0,2,0,0,0,0,0,,0,0,Auckland Region,Nil,2-way,Sealed,0,0,0,0,100,0,None,1,0,,76,Auckland,Nil,0,0,0,1,0,0,Open,0,0,0,Light rain,Null
1761255.6003,5906155.5601,885502,,524200,0,,0,1,,South,2024/2025,MASSEY ROAD,FRIESIAN DRIVE,,Non-Injury Crash,No,2024,,South,,0,,Flat,,,,,,Bright sun,728200,0,0,0,2,,,0,,,,,,Auckland Region,Nil,2-way,Sealed,,0,0,,50,,Off,0,0,30,76,Auckland,Nil,,,,,0,0,Urban,1,,,Fine,Null
1729653.0856,5941212.5402,885506,,506800,0,,0,1,,Null,2024/2025,PIPITIWAI DRIVE,KAIPARA COAST HIGHWAY,,Non-Injury Crash,No,2024,,West,,0,,Null,,,,,,Bright sun,208201,0,0,0,2,,,0,,,,,,Auckland Region,Nil,2-way,Sealed,,0,0,,100,,Null,0,0,,76,Auckland,Give way,,,,,1,0,Open,0,,,Fine,Null
1743194.0596,5967099.531,885511,,506613,0,,0,0,,South,2022/2023,WOODCOCKS ROAD,EDGERLEY ROAD,,Minor Crash,No,2023,,South,,0,,Flat,,,,,,Bright sun,145900,1,0,1,2,,,0,,,,,,Auckland Region,Nil,2-way,Sealed,,0,0,,100,,Off,0,0,,76,Auckland,Nil,,,,,0,0,Open,0,,,Fine,Null
1750984.1749,5914815.8113,885514,,514402,0,,0,2,,Null,2024/2025,GREAT NORTH ROAD,LARCH STREET,,Non-Injury Crash,No,2024,,North,,0,,Null,,,,,,Bright sun,381200,0,0,0,3,,,0,,,,,,Auckland Region,Nil,2-way,Sealed,,0,0,,50,,Null,0,0,,76,Auckland,Stop,,,,,0,0,Urban,0,,,Fine,Null
1768123.2022,5903226.7861,885516,,524602,0,,0,2,,South,2023/2024,GREAT SOUTH ROAD,PACIFIC EVENTS CENTRE DRIVE,,Minor Crash,No,2024,,North,,0,,Flat,,,,,,Overcast,780506,1,0,0,4,,,0,,,,,,Auckland Region,Nil,2-way,Sealed,,0,0,,60,,On,1,1,,76,Auckland,Nil,,,,,0,0,Urban,0,,,Fine,Null
1765012.0446,5910309.0322,885522,,521801,0,,0,1,,Null,2024/2025,PRINCES STREET,PRINCES ST-OTAHUHU ON RAMP,,Non-Injury Crash,No,2024,,South,,0,,Flat,,,,,,Overcast,787700,0,0,0,1,,,0,,,,,,Auckland Region,Overpass,1-way,Sealed,,0,0,,50,,Off,0,0,,76,Auckland,Give way,,,,,1,0,Urban,0,,,Fine,Null
1767939.2063,5906917.0601,885530,,523711,0,,0,2,,Null,2024/2025,PRESTON ROAD,FERGUSON ROAD,,Minor Crash,No,2025,,North,,0,,Hill Road,,,,,,Overcast,714100,1,0,0,2,,,0,,,,,,Auckland Region,Nil,2-way,Sealed,,0,0,,50,,Off,0,0,,76,Auckland,Traffic Signals,,,,,0,0,Urban,0,,,Fine,Null
1757325.2228,5914490.1357,885532,,518600,0,0,0,2,0,South,2024/2025,BUCKLEY ROAD,SELWYN ROAD,,Non-Injury Crash,No,2024,0,South,0,0,0,Flat,0,,0,,0,Bright sun,564300,0,0,0,2,0,0,0,0,1,,0,0,Auckland Region,Nil,2-way,Sealed,0,0,0,0,50,0,Null,0,0,,76,Auckland,Nil,0,0,0,0,0,0,Urban,0,0,0,Fine,Null
1783477.705,5915493.6669,885542,,523300,0,0,0,0,0,South,2023/2024,MARAETAI COAST ROAD,MARAETAI DRIVE,,Non-Injury Crash,No,2024,0,South,0,0,0,Flat,0,,0,,0,Dark,720200,0,0,0,2,0,0,0,0,0,,0,1,Auckland Region,Nil,2-way,Sealed,0,0,0,0,50,0,None,1,0,,76,Auckland,Nil,0,0,0,0,0,0,Urban,0,0,0,Fine,Null
1765329.2815,5909287.3893,885544,,523402,0,0,0,0,0,South,2024/2025,SOUTHERN MOTORWAY,TAMAKI RIV BR,,Non-Injury Crash,Yes,2024,0,Null,0,0,0,Flat,1,,0,,0,Overcast,696900,0,0,0,4,0,0,0,0,0,,0,0,Auckland Region,Nil,1-way,Sealed,0,0,0,0,100,0,Off,0,0,,76,Auckland,Nil,0,0,0,0,1,1,Open,0,0,0,Fine,Null
1760291.2937,5912841.466,885547,,520000,0,0,0,2,0,North,2022/2023,CAPTAIN SPRINGS ROAD,MAYS ROAD,,Non-Injury Crash,No,2023,0,South,0,0,0,Flat,0,,0,,0,Twilight,606202,0,0,0,2,0,0,0,0,2,,0,0,Auckland Region,Nil,2-way,Sealed,0,0,0,0,50,0,None,0,0,,76,Auckland,Nil,0,0,0,0,1,0,Urban,0,0,0,Fine,Null
1751428.677,5912756.2457,885550,,514600,0,,0,1,,Null,2024/2025,BOLTON STREET,TAYLOR STREET,,Non-Injury Crash,No,2024,,West,,0,,Flat,,,,,,Dark,371502,0,0,0,2,,,0,,,,,,Auckland Region,Nil,2-way,Sealed,,0,0,,50,,On,0,0,,76,Auckland,Give way,,,,,0,0,Urban,1,,,Light rain,Null
1756331.1263,5918359.9057,885551,,515600,0,0,0,1,0,West,2023/2024,DOMINION ROAD,NEW NORTH ROAD,,Non-Injury Crash,No,2023,0,East,0,0,0,Flat,1,,0,,0,Overcast,419800,0,0,0,1,0,0,0,0,0,,0,0,Auckland Region,Bridge,1-way,Sealed,0,0,0,0,50,0,Off,0,0,,76,Auckland,Nil,0,0,0,0,0,0,Urban,0,0,0,Light rain,Null
1765194.3353,5907530.2229,885552,,522301,0,0,0,1,0,South,2024/2025,GREAT SOUTH ROAD,MOTATAU ROAD,,Non-Injury Crash,No,2025,0,South,0,0,0,Flat,0,,0,,0,Overcast,665900,0,0,0,2,0,0,0,0,0,,0,0,Auckland Region,Nil,2-way,Sealed,0,0,0,0,50,1,Off,0,0,,76,Auckland,Nil,0,0,0,0,0,0,Urban,0,0,0,Fine,Null
1756181.4185,5924116.0131,885554,,509800,0,,0,1,,South,2024/2025,NORTHERN MOTORWAY,ONEPOTO STM BR,,Non-Injury Crash,Yes,2024,,South,,0,,Flat,,,,,,Bright sun,361100,0,0,0,5,,,0,,,,,,Auckland Region,Nil,1-way,Sealed,,0,0,,80,,Off,0,0,,76,Auckland,Nil,,,,,1,0,Open,1,,,Fine,Null
1745382.9689,5913750.4061,885563,,512906,0,0,0,0,0,North,2022/2023,BRUNNER ROAD,MILAN DRIVE,,Non-Injury Crash,No,2023,0,South,0,0,1,Flat,0,,0,,0,Dark,278511,0,0,0,2,0,0,0,0,0,,0,0,Auckland Region,Nil,2-way,Sealed,0,0,0,0,50,0,On,0,0,,76,Auckland,Nil,0,0,0,0,0,0,Urban,1,0,0,Fine,Null
1774009.7782,5895584.6162,885568,,525510,0,0,0,1,0,North,2024/2025,CALVERT STREET,OSBORNE PLACE,,Non-Injury Crash,No,2025,0,North,0,0,1,Flat,0,,0,,1,Dark,801500,0,0,0,2,0,0,0,0,1,,0,0,Auckland Region,Nil,2-way,Sealed,0,0,0,0,50,0,On,1,0,,76,Auckland,Nil,0,0,0,0,0,0,Urban,0,0,0,Fine,Null
1766212.7027,5905160.4103,885570,,522400,0,,0,1,,East,2024/2025,PUHINUI ROAD,NORMAN SPENCER DRIVE,,Non-Injury Crash,No,2024,,East,,0,,Flat,,,,,,Overcast,672105,0,0,1,2,,,0,,,,,,Auckland Region,Nil,2-way,Sealed,,0,0,,50,,Off,1,0,20,76,Auckland,Nil,,,,,0,0,Urban,0,,,Fine,Null
1757436.3915,5920608.9006,885572,,514102,1,,0,0,,Null,2025/2026,QUEEN STREET,WYNDHAM STREET,,Serious Crash,No,2025,,South,,0,,Flat,,,,,,Dark,433501,0,0,0,2,,,0,,,1,,,Auckland Region,Nil,2-way,Sealed,,0,1,,30,,On,0,0,,76,Auckland,Traffic Signals,,,,,0,0,Urban,0,,,Fine,Null
1742578.0069,5915475.2836,885574,,513020,0,,0,2,,East,2024/2025,HENDERSON VALLEY ROAD,CANDIA ROAD,,Minor Crash,No,2025,,East,,0,,Flat,,,,,,Overcast,280901,2,0,0,2,,,0,,,,,,Auckland Region,Nil,2-way,Sealed,,0,0,,60,,Off,0,0,,76,Auckland,Nil,,,,,0,0,Urban,0,,,Fine,Null
1753968.9607,5933663.1307,885575,,508804,0,,0,0,,East,2023/2024,GREVILLE ROAD,HUGH GREEN DRIVE,,Serious Crash,No,2024,,West,,0,,Flat,,,,,,Dark,180712,0,0,1,3,,,0,,,,,,Auckland Region,Nil,1-way,Sealed,,0,1,,50,,On,1,0,,76,Auckland,Nil,,,,,0,0,Urban,0,,,Fine,Null
1763149.571,5886327.8119,885576,,521121,0,0,0,0,0,Null,2024/2025,GLENBROOK ROAD,BATTY ROAD,,Non-Injury Crash,No,2024,0,East,0,0,1,Flat,0,,0,,0,Dark,811401,0,0,0,2,0,0,0,1,0,,0,0,Auckland Region,Nil,2-way,Sealed,0,0,0,0,80,0,On,0,0,,76,Auckland,Stop,0,0,0,0,0,1,Open,1,0,0,Fine,Null
1755953.7269,5918569.7524,885577,,515500,0,,0,1,,South,2022/2023,NORTH-WESTERN MOTORWAY,NEWTON ROAD OFF RAMP,,Minor Crash,Yes,2023,,North,,0,,Flat,,,,,,Overcast,418600,3,0,0,4,,,0,,,,,,Auckland Region,Nil,1-way,Sealed,,0,0,,80,,Off,0,0,,76,Auckland,Nil,,,,,0,0,Open,1,,,Fine,Null
1759611.8326,5980343.2409,885586,,506661,0,,0,0,,South,2024/2025,LEIGH ROAD,COXHEAD CREEK ROAD,,Non-Injury Crash,No,2024,,North,,0,,Null,,,,,,Unknown,137601,0,0,0,2,,,0,,,,,,Auckland Region,Bridge,2-way,Sealed,,0,0,,50,,Null,1,0,,76,Auckland,Nil,,,,,0,0,Urban,1,,,Fine,Null
1748718.0347,5913327.4253,885587,,511401,0,0,0,2,0,North,2023/2024,NORTHALL ROAD,TITIRANGI ROAD,,Non-Injury Crash,No,2023,0,North,0,0,1,Flat,0,,0,,0,Twilight,262500,0,0,0,2,0,0,0,0,1,,0,0,Auckland Region,Nil,2-way,Sealed,0,0,0,0,50,0,On,0,0,,76,Auckland,Nil,0,0,0,0,0,0,Urban,0,0,0,Fine,Strong wind
1746835.1166,5915260.1228,885594,,511800,0,,0,1,,Null,2024/2025,AWAROA ROAD,GREAT NORTH ROAD,,Non-Injury Crash,No,2024,,North,,0,,Null,,,,,,Dark,276400,0,0,0,2,,,0,,,,,,Auckland Region,Nil,2-way,Sealed,,0,0,,50,,Null,0,0,,76,Auckland,Stop,,,,,0,0,Urban,0,,,Fine,Null
1767430.4205,5904949.1883,885596,,524603,0,,0,2,,Null,2024/2025,GREAT SOUTH ROAD,TE IRIRANGI DRIVE,,Non-Injury Crash,No,2024,,South,,0,,Flat,,,,,,Overcast,780304,0,0,0,6,,,0,,,,,,Auckland Region,Nil,2-way,Sealed,,0,0,,50,,Off,0,0,,76,Auckland,Traffic Signals,,,,,0,0,Urban,0,,,Fine,None
1768121.3643,5902782.167,885603,,524602,0,,0,2,,North,2023/2024,GREAT SOUTH ROAD,TOTARA MEADOWS COURT,,Minor Crash,No,2023,,North,,0,,Flat,,,,,,Overcast,780510,2,0,0,4,,,0,,,,,,Auckland Region,Nil,2-way,Sealed,,0,0,,50,,Off,0,0,,76,Auckland,Nil,,,,,0,0,Urban,0,,,Fine,Null
1759084.7802,5911597.401,885610,,519820,0,0,0,1,0,North,2024/2025,ONEHUNGA MALL,ONEHUNGA HARBOUR ROAD,,Non-Injury Crash,No,2024,0,North,0,0,0,Flat,0,,0,,0,Dark,602402,0,0,0,3,0,0,0,0,0,,0,1,Auckland Region,Nil,2-way,Sealed,0,0,0,0,50,0,On,0,0,,76,Auckland,Nil,0,0,0,0,0,0,Urban,0,0,0,Fine,Null
1763188.3598,5905171.6239,885619,,524303,0,,0,2,,South,2022/2023,SOUTH-WESTERN MOTORWAY,PORTAGE OBR,,Non-Injury Crash,Yes,2023,,South,,0,,Flat,,,,,,Bright sun,746301,0,0,0,2,,,0,,,,,,Auckland Region,Nil,1-way,Sealed,,0,0,,100,,Off,0,0,,76,Auckland,Nil,,,,,0,0,Open,0,,,Fine,Null
1763666.4684,5908922.7872,885622,,521901,0,,0,0,,North,2024/2025,WALMSLEY ROAD,MANGERE ROAD,,Non-Injury Crash,No,2024,,South,,0,,Null,,,,,,Unknown,783600,0,0,0,4,,,0,,,,,,Auckland Region,Nil,2-way,Null,,0,0,,50,,Null,1,0,,76,Auckland,Nil,,,,,1,0,Urban,0,,,Null,Null
1756966.9456,5920281.3768,885627,,514102,0,0,0,3,0,Null,2023/2024,HOBSON STREET,PACIFIC PLACE,,Minor Crash,No,2023,0,South,0,0,0,Flat,0,,0,,0,Dark,434104,1,0,0,4,0,0,0,0,1,,0,0,Auckland Region,Nil,1-way,Sealed,0,0,0,0,40,0,On,0,0,,76,Auckland,Nil,0,0,0,0,0,0,Urban,0,0,0,Light rain,Null
1749598.0221,5914273.8823,885628,,511301,0,,0,2,,Null,2024/2025,RATA STREET,CASPIAN CLOSE,,Non-Injury Crash,No,2024,,South,,0,,Flat,,,,,,Bright sun,267602,0,0,0,4,,,0,,,,,,Auckland Region,Nil,2-way,Sealed,,0,0,,50,,Null,0,0,,76,Auckland,Give way,,,,,0,0,Urban,0,,,Fine,Null
1752446.2952,5924034.5252,885632,,510402,0,0,0,1,0,West,2024/2025,HARPER STREET,CHELSEA VIEW DRIVE,,Non-Injury Crash,No,2024,0,East,0,0,1,Flat,0,,0,,0,Bright sun,353602,0,0,0,2,0,0,0,0,0,,0,0,Auckland Region,Nil,2-way,Sealed,0,0,0,0,50,0,Off,0,0,,76,Auckland,Nil,0,0,0,0,0,0,Urban,0,0,0,Fine,Null
1758735.9902,5926165.1518,885634,35,508020,0,,0,4,,Null,2024/2025,HAURAKI ROAD,LAKE ROAD,,Minor Crash,No,2025,,South,,0,,Flat,,,,,,Bright sun,321200,3,0,0,2,,,0,,,,,,Auckland Region,Nil,2-way,Sealed,,0,0,,50,,Off,0,0,30,76,Auckland,Give way,,,,,0,0,Urban,1,,,Fine,Null
1746764.5509,5917601.0718,885636,,512500,0,,0,2,,Null,2024/2025,TE ATATU ROAD,MCLEOD ROAD,,Non-Injury Crash,No,2025,,South,,0,,Flat,,,,,,Dark,258200,0,0,0,4,,,0,,,,,,Auckland Region,Nil,2-way,Sealed,,0,0,,50,,On,0,0,,76,Auckland,Traffic Signals,,,,,0,0,Urban,0,,,Fine,Null