X,Y,OBJECTID,advisorySpeed,areaUnitID,bicycle,bridge,bus,carStationWagon,cliffBank,crashDirectionDescription,crashFinancialYear,crashLocation1,crashLocation2,crashRoadSideRoad,crashSeverity,crashSHDescription,crashYear,debris,directionRoleDescription,ditch,fatalCount,fence,flatHill,guardRail,holiday,houseOrBuilding,intersection,kerb,light,meshblockId,minorInjuryCount,moped,motorcycle,NumberOfLanes,objectThrownOrDropped,otherObject,otherVehicleType,overBank,parkedVehicle,pedestrian,phoneBoxEtc,postOrPole,region,roadCharacter,roadLane,roadSurface,roadworks,schoolBus,seriousInjuryCount,slipOrFlood,speedLimit,strayAnimal,streetLight,suv,taxi,temporarySpeedLimit,tlaId,tlaName,trafficControl,trafficIsland,trafficSign,train,tree,truck,unknownVehicleType,urban,vanOrUtility,vehicle,waterRiver,weatherA,weatherB
1738449.8161,5978531.871,885646,,506660,0,0,0,0,1,Null,2024/2025,WAYBY STATION ROAD,MCPHERSON WAY,,Non-Injury Crash,No,2024,0,East,0,0,0,Null,0,,0,,0,Bright sun,136400,0,0,0,2,0,0,0,0,0,,0,0,Auckland Region,Nil,2-way,Sealed,0,0,0,0,100,0,Null,0,0,,76,Auckland,Nil,0,0,0,1,0,0,Open,1,0,0,Fine,Null
1746145.6644,5971700.3423,885648,35,506661,0,0,0,1,0,East,2025/2026,KAIPARA FLATS ROAD,PHILLIPS ROAD,,Non-Injury Crash,No,2025,0,East,0,0,0,Flat,0,,0,,0,Dark,139000,0,0,0,2,0,0,0,0,0,,0,0,Auckland Region,Nil,2-way,Sealed,0,0,0,0,80,0,On,0,0,,76,Auckland,Nil,0,0,0,1,0,0,Open,0,0,0,Fine,Null
1773467.6972,5897454.6452,885649,,525630,0,,0,2,,Null,2022/2023,GROVE ROAD,FERNAIG STREET,,Minor Crash,No,2023,,North,,0,,Flat,,,,,,Dark,795600,1,0,0,2,,,0,,,,,,Auckland Region,Nil,2-way,Sealed,,0,0,,50,,On,0,0,,76,Auckland,Stop,,,,,0,0,Urban,0,,,Fine,Null
1733561.7919,5945313.7881,885653,55,506647,0,0,0,0,0,West,2022/2023,KAIPARA COAST HIGHWAY,SAINSBURY ROAD,,Non-Injury Crash,Yes,2023,0,North,1,0,0,Hill Road,0,,0,,0,Bright sun,211502,0,0,1,2,0,0,0,0,0,,0,0,Auckland Region,Nil,2-way,Sealed,0,0,0,0,100,0,None,0,0,,76,Auckland,Nil,0,0,0,0,0,0,Open,0,0,0,Fine,Null
1768108.3181,5913765.5822,885654,,523000,0,,0,2,,West,2024/2025,PAKURANGA ROAD,GOSSAMER DRIVE,,Non-Injury Crash,No,2024,,West,,0,,Flat,,,,,,Overcast,690700,0,0,0,4,,,0,,,,,,Auckland Region,Nil,2-way,Sealed,,0,0,,50,,Off,0,0,,76,Auckland,Nil,,,,,0,0,Urban,0,,,Fine,Null
1755350.5522,5924711.256,885668,,509800,0,,0,2,,Null,2024/2025,ONEWA ROAD,NUTSEY AVENUE,,Minor Crash,No,2025,,West,,0,,Hill Road,,,,,,Bright sun,359400,1,0,0,4,,,0,,,,,,Auckland Region,Nil,2-way,Sealed,,0,0,,50,,Off,0,0,,76,Auckland,Give way,,,,,0,0,Urban,0,,,Fine,Null
1751565.2977,5915208.1673,885674,,514401,0,,0,2,,Null,2025/2026,BLOCKHOUSE BAY ROAD,NEW NORTH ROAD,,Non-Injury Crash,No,2025,,North,,0,,Flat,,,,,,Dark,380001,0,0,0,2,,,0,,,,,,Auckland Region,Nil,2-way,Sealed,,0,0,,50,,On,0,0,,76,Auckland,Traffic Signals,,,,,0,0,Urban,0,,,Fine,Null
1755165.5772,5929096.4533,885676,,508320,0,,0,1,,Null,2024/2025,WAIRAU ROAD,DIANA DRIVE,,Minor Crash,No,2024,,West,,0,,Flat,,,,,,Dark,196700,1,0,0,5,,,0,,,,,,Auckland Region,Nil,2-way,Sealed,,0,0,,50,,On,1,0,,76,Auckland,Traffic Signals,,,,,0,0,Urban,0,,,Light rain,Null
1763773.508,5919071.0575,885682,,516500,0,,0,1,,Null,2023/2024,KEPA ROAD,KOHIMARAMA ROAD,,Non-Injury Crash,No,2023,,East,,0,,Flat,,,,,,Unknown,502900,0,0,0,2,,,0,,,,,,Auckland Region,Nil,2-way,Sealed,,0,0,,50,,Off,0,0,,76,Auckland,Traffic Signals,,,,,0,0,Urban,0,,,Light rain,None
1753216.155,5931176.285,885689,,508803,0,,0,2,,West,2023/2024,UPPER HARBOUR HIGHWAY,CARIBBEAN DRIVE,,Non-Injury Crash,Yes,2023,,West,,0,,Flat,,,,,,Overcast,180819,0,0,0,2,,,0,,,,,,Auckland Region,Nil,1-way,Sealed,,0,0,,80,,Off,0,0,,76,Auckland,Nil,,,,,0,0,Open,0,,,Fine,Null
1759285.7305,5905273.7476,885691,,524200,0,0,1,0,0,South,2022/2023,VERISSIMO DRIVE,TIMBERLY ROAD,,Serious Crash,No,2023,0,North,0,0,0,Flat,0,,0,,0,Bright sun,727700,0,0,0,2,0,0,0,0,1,,0,0,Auckland Region,Nil,2-way,Sealed,0,0,1,0,50,0,Off,0,0,,76,Auckland,Nil,0,0,0,0,1,0,Urban,0,0,0,Fine,Null
1759762.2348,5909083.7963,885697,,524002,0,,0,1,,Null,2022/2023,SOUTH-WESTERN MOTORWAY,WALMSLEY ROAD OFF RAMP,,Non-Injury Crash,Yes,2023,,South,,0,,Hill Road,,,,,,Dark,724102,0,0,0,3,,,0,,,,,,Auckland Region,Motorway ramp,1-way,Sealed,,0,0,,100,,On,0,0,,76,Auckland,Nil,,,,,1,0,Open,0,,,Fine,Null
1760427.4708,5918090.0206,885702,,516201,0,,0,1,,Null,2024/2025,HIRIRI AVENUE,VICTORIA AVENUE,,Minor Crash,No,2025,,West,,0,,Null,,,,,,Bright sun,486200,1,0,0,2,,,0,,,1,,,Auckland Region,Nil,2-way,Sealed,,0,0,,50,,Null,0,0,,76,Auckland,Give way,,,,,0,0,Urban,0,,,Fine,Null
1755148.0805,5925056.5061,885704,,509800,0,0,0,0,0,East,2024/2025,GLADSTONE ROAD,LA ROCHE PLACE,,Minor Crash,No,2024,0,West,0,0,0,Hill Road,0,,0,,0,Overcast,361500,2,0,0,0,0,0,0,0,1,,0,0,Auckland Region,Nil,2-way,Sealed,0,0,0,0,50,0,None,2,0,,76,Auckland,Nil,0,0,0,0,1,0,Urban,0,0,0,Fine,Null
1758131.4448,5917805.9239,885707,,515700,0,,0,1,,Null,2022/2023,GILLIES AVENUE,GILLIES AVENUE ON RAMP,,Non-Injury Crash,No,2023,,South,,0,,Flat,,,,,,Bright sun,443700,0,0,0,3,,,0,,,,,,Auckland Region,Motorway ramp,2-way,Sealed,,0,0,,50,,Off,0,0,,76,Auckland,Traffic Signals,,,,,1,0,Urban,0,,,Fine,Null
1767416.6954,5904930.6628,885708,,524603,0,,0,2,,Null,2023/2024,CAVENDISH DRIVE,GREAT SOUTH ROAD,,Non-Injury Crash,No,2024,,East,,0,,Flat,,,,,,Dark,780205,0,0,0,3,,,0,,,,,,Auckland Region,Nil,1-way,Sealed,,0,0,,50,,On,0,0,30,76,Auckland,Traffic Signals,,,,,0,0,Urban,0,,,Fine,Null
1755037.7464,5912257.9525,885710,,519002,1,,0,1,,East,2024/2025,RICHARDSON ROAD,GLASS ROAD,,Non-Injury Crash,No,2025,,West,,0,,Hill Road,,,,,,Overcast,591000,0,0,0,2,,,0,,,,,,Auckland Region,Nil,2-way,Sealed,,0,0,,50,,None,0,0,40,76,Auckland,Nil,,,,,0,0,Urban,0,,,Fine,Null
1769326.2303,5881088.3959,885711,,525922,0,,0,1,,Null,2022/2023,STADIUM DRIVE,KING STREET,,Non-Injury Crash,No,2023,,West,,0,,Flat,,,,,,Overcast,823800,0,0,0,2,,,0,,,,,,Auckland Region,Nil,2-way,Sealed,,0,0,,50,,Off,1,0,,76,Auckland,Give way,,,,,0,0,Urban,0,,,Fine,Null
1756331.2995,5937027.5167,885715,,506903,0,0,0,2,0,North,2022/2023,DEEP CREEK ROAD,GLAMORGAN DRIVE,,Non-Injury Crash,No,2023,0,North,0,0,0,Hill Road,0,,0,,0,Dark,168500,0,0,0,2,0,0,0,0,1,,0,0,Auckland Region,Nil,2-way,Sealed,0,0,0,0,50,0,On,0,0,,76,Auckland,Nil,0,0,0,0,0,0,Urban,0,0,0,Light rain,Null
1757805.1468,5918171.2859,885723,,515700,0,,0,3,,North,2022/2023,SOUTHERN MOTORWAY,MAUNGAWHAU OBR,,Minor Crash,Yes,2023,,North,,0,,Flat,,,,,,Bright sun,443600,1,0,0,4,,,0,,,,,,Auckland Region,Nil,1-way,Sealed,,0,0,,80,,Off,1,0,,76,Auckland,Nil,,,,,0,0,Open,0,,,Fine,Null
1760718.5305,5906048.2796,885732,,524200,0,0,0,2,0,East,2024/2025,MASSEY ROAD,OTAIMAKO PLACE,,Non-Injury Crash,No,2025,0,East,0,0,0,Flat,0,,0,,0,Dark,728627,0,0,0,2,0,0,0,0,1,,0,0,Auckland Region,Nil,2-way,Sealed,0,0,0,0,50,0,On,0,0,,76,Auckland,Nil,0,0,0,0,0,0,Urban,0,0,0,Fine,Null
1734067.5675,5933739.2897,885734,35,506653,0,0,0,1,1,South,2024/2025,OLD NORTH ROAD,PEAK ROAD,,Non-Injury Crash,No,2024,0,North,0,0,0,Hill Road,0,,0,,0,Overcast,217704,0,0,0,2,0,0,0,0,0,,0,0,Auckland Region,Nil,2-way,Sealed,0,0,0,0,80,0,Off,0,0,,76,Auckland,Nil,0,0,0,0,0,0,Open,0,0,0,Light rain,Null
1733154.0689,5947565.0091,885754,,506647,0,0,0,0,0,North,2023/2024,KAIPARA COAST HIGHWAY,MOSES ROAD,,Non-Injury Crash,Yes,2024,0,South,0,0,0,Flat,0,,0,,0,Dark,212505,0,0,0,2,0,0,0,0,0,,0,0,Auckland Region,Nil,2-way,Sealed,0,0,0,0,80,1,None,0,0,,76,Auckland,Nil,0,0,0,0,0,0,Open,1,0,0,Mist or Fog,Null
1747042.8093,5943372.5299,885768,,506614,0,0,0,1,0,South,2023/2024,DAIRY FLAT HIGHWAY,WILKS ROAD WEST,,Non-Injury Crash,No,2024,0,North,0,0,0,Flat,0,,0,,0,Bright sun,177803,0,0,0,2,0,0,0,0,0,,0,0,Auckland Region,Nil,2-way,Sealed,0,0,0,0,80,0,None,0,0,,76,Auckland,Nil,0,0,0,0,1,0,Open,0,0,0,Fine,Null
1745980.2857,5925335.5606,885776,,513431,0,,0,1,,South,2024/2025,HOBSONVILLE ROAD,DOWDENS LANE,,Serious Crash,No,2024,,South,,0,,Flat,,,,,,Bright sun,223802,0,0,1,2,,,0,,,,,,Auckland Region,Nil,2-way,Sealed,,0,1,,50,,Off,0,0,,76,Auckland,Nil,,,,,0,0,Urban,0,,,Fine,Null
1765661.9374,5907055.7827,885794,,522301,0,,0,2,,South,2024/2025,EAST TAMAKI ROAD,SIMON LANE,,Non-Injury Crash,No,2024,,North,,0,,Flat,,,,,,Dark,666200,0,0,0,4,,,0,,,,,,Auckland Region,Nil,2-way,Sealed,,0,0,,50,,On,0,0,,76,Auckland,Nil,,,,,0,0,Urban,0,,,Light rain,Null
1754822.4931,5928447.44,885800,,508320,0,0,0,1,0,East,2023/2024,HILLSIDE ROAD,DIANA DRIVE,,Non-Injury Crash,No,2024,0,South,0,0,0,Hill Road,0,,0,,0,Dark,199001,0,0,0,2,0,0,0,0,1,,0,0,Auckland Region,Nil,2-way,Sealed,0,0,0,0,50,0,On,0,0,,76,Auckland,Nil,0,0,0,0,0,0,Urban,1,0,0,Fine,Null
1768530.4201,5900573.4983,885802,,525101,1,,0,1,,South,2024/2025,CHURCHILL AVENUE,WEYMOUTH ROAD,,Non-Injury Crash,No,2024,,East,,0,,Hill Road,,,,,,Overcast,771100,0,0,0,2,,,0,,,,,,Auckland Region,Nil,2-way,Sealed,,0,0,,30,,Off,0,0,,76,Auckland,Nil,,,,,0,0,Urban,0,,,Light rain,Null
1758785.6582,5903554.97,885810,,524200,0,,0,1,,West,2024/2025,TERMINAL EXIT ROAD,RAY EMERY DRIVE,,Non-Injury Crash,No,2024,,East,,0,,Null,,,,,,Unknown,727100,0,0,0,2,,,0,,,,,,Auckland Region,Nil,1-way,Null,,0,0,,30,,Null,0,0,,76,Auckland,Nil,,,,,0,0,Urban,1,,,Null,Null
1751171.5167,5931815.7036,885820,,508806,0,0,0,1,0,North,2024/2025,ALBANY HIGHWAY,APPLEBY ROAD,,Non-Injury Crash,No,2024,0,North,0,0,0,Hill Road,0,,0,,0,Bright sun,180001,0,0,0,4,0,0,0,0,0,,0,0,Auckland Region,Nil,2-way,Sealed,0,0,0,0,50,0,Off,1,0,,76,Auckland,Traffic Signals,1,1,0,0,0,0,Urban,0,0,0,Fine,Null
1767944.9101,5907789.8991,885824,,523502,0,,0,0,,West,2024/2025,EAST TAMAKI ROAD,PRESTON ROAD,,Non-Injury Crash,No,2024,,East,,0,,Null,,,,,,Dark,703800,0,0,0,2,,,0,,,,,,Auckland Region,Nil,1-way,Sealed,,0,0,,50,,Null,0,0,,76,Auckland,Nil,,,,,0,1,Urban,1,,,Fine,Null
1760208.2179,5915901.9122,885832,,516003,0,,1,1,,South,2024/2025,SOUTHERN MOTORWAY,GREENLANE INT,,Non-Injury Crash,Yes,2024,,South,,0,,Flat,,,,,,Overcast,494902,0,0,0,3,,,0,,,,,,Auckland Region,Nil,1-way,Sealed,,0,0,,100,,Off,0,0,,76,Auckland,Nil,,,,,0,0,Open,0,,,Fine,Null
1746573.8221,5915577.2426,885838,,511800,0,,0,2,,Null,2024/2025,GREAT NORTH ROAD,VIEW ROAD,,Non-Injury Crash,No,2025,,West,,0,,Flat,,,,,,Overcast,276400,0,0,0,4,,,0,,,,,,Auckland Region,Nil,2-way,Sealed,,0,0,,50,,Off,0,0,,76,Auckland,Traffic Signals,,,,,0,0,Urban,0,,,Light rain,Null
1778408.4445,5894660.6762,885839,,521301,0,0,0,1,0,West,2022/2023,HUNUA ROAD,HAYS CREEK ROAD,,Non-Injury Crash,No,2023,0,North,0,0,0,Hill Road,0,,0,,0,Overcast,807900,0,0,0,2,0,0,0,0,0,,0,0,Auckland Region,Nil,2-way,Sealed,0,0,0,1,50,0,None,0,0,,76,Auckland,Nil,0,0,0,0,0,0,Urban,0,0,0,Light rain,Null
1754488.3272,5918345.0516,885843,,517600,0,0,0,2,0,West,2023/2024,NORTH-WESTERN MOTORWAY,MOUNTAIN VIEW OBR,,Serious Crash,Yes,2023,0,West,0,0,0,Flat,1,,0,,0,Dark,533000,1,0,0,3,0,0,0,0,0,,0,0,Auckland Region,Nil,1-way,Sealed,0,0,2,0,80,0,On,0,0,,76,Auckland,Nil,0,0,0,0,1,0,Open,0,0,0,Heavy rain,Null
1764099.3423,5911500.4724,885846,,520500,0,,0,1,,South,2024/2025,MOUNT WELLINGTON HIGHWAY,PANAMA ROAD,,Non-Injury Crash,No,2024,,North,,0,,Flat,,,,,,Bright sun,637900,0,0,0,2,,,0,,,,,,Auckland Region,Nil,2-way,Sealed,,0,0,,50,,Null,1,0,,76,Auckland,Nil,,,,,0,0,Urban,0,,,Fine,Null
1766768.7506,5901856.7526,885848,,524604,1,,0,1,,Null,2024/2025,BROWNS ROAD,RUSSELL ROAD,,Minor Crash,No,2025,,East,,0,,Flat,,,,,,Bright sun,781400,1,0,0,4,,,0,,,,,,Auckland Region,Nil,2-way,Sealed,,0,0,,50,,None,0,0,,76,Auckland,Traffic Signals,,,,,0,0,Urban,0,,,Fine,Null
1743632.8456,5923682.281,885850,,513511,0,,0,1,,Null,2024/2025,CABERNET CRESCENT,FERNHILL DRIVE,,Non-Injury Crash,No,2024,,South,,0,,Hill Road,,,,,,Dark,224306,0,0,0,3,,,0,,,,,,Auckland Region,Nil,2-way,Sealed,,0,0,,50,,On,1,0,,76,Auckland,Traffic Signals,,,,,0,0,Urban,0,,,Fine,Null
1753045.8755,5934674.1683,885856,,508701,0,,0,2,,North,2024/2025,NORTHERN MOTORWAY,OTEHA VALLEY ROAD OFF RAMP,,Non-Injury Crash,Yes,2024,,North,,0,,Flat,,,,,,Dark,179000,0,0,0,3,,,0,,,,,,Auckland Region,Nil,1-way,Sealed,,0,0,,100,,On,0,0,,76,Auckland,Nil,,,,,0,0,Open,0,,,Fine,Null
1757806.7026,5912170.3698,885858,,519810,0,,0,0,,East,2025/2026,SOUTH-WESTERN MOTORWAY,BEACHCROFT FTBR,,Non-Injury Crash,Yes,2025,,East,,0,,Flat,,,,,,Dark,602501,0,0,0,3,,,0,,,,,,Auckland Region,Nil,1-way,Sealed,,0,0,,100,,On,1,0,,76,Auckland,Nil,,,,,0,0,Open,0,,,Fine,Null
1745939.6766,5918728.9235,885860,,512500,0,,0,2,,Null,2024/2025,SCHOOL ROAD,CENTRAL PARK DRIVE,,Non-Injury Crash,No,2025,,West,,0,,Flat,,,,,,Bright sun,257001,0,0,0,2,,,0,,,,,,Auckland Region,Nil,2-way,Sealed,,0,0,,50,,Off,0,0,,76,Auckland,Traffic Signals,,,,,0,0,Urban,0,,,Fine,Null
1748509.6572,5961410.5281,885862,45,506613,0,0,0,1,0,South,2024/2025,POHUEHUE ROAD,SCHOLLUM ACCESS ROAD,,Non-Injury Crash,No,2025,0,South,0,0,0,Hill Road,1,,0,,0,Dark,146800,0,0,0,2,0,0,0,0,0,,0,0,Auckland Region,Nil,2-way,Sealed,0,0,0,0,80,0,None,0,0,,76,Auckland,Nil,0,0,0,0,0,0,Open,0,0,0,Light rain,Null
1771739.4031,5901366.6272,885865,,523813,0,0,0,1,0,East,2022/2023,ALFRISTON ROAD,WASTNEY ROAD,,Minor Crash,No,2023,0,East,1,0,0,Flat,0,,0,,0,Dark,759600,3,0,0,2,0,0,0,0,0,,0,0,Auckland Region,Nil,2-way,Sealed,0,0,0,0,80,0,None,0,0,,76,Auckland,Nil,0,0,0,0,0,0,Open,0,0,0,Fine,Null
1824305.5833,5978581.7864,885876,,521000,0,0,0,1,0,East,2024/2025,ROSALIE BAY ROAD,POHUTUKAWA PLACE,,Non-Injury Crash,No,2025,0,West,1,0,0,Hill Road,0,,0,,0,Dark,439309,0,0,0,2,0,0,0,0,0,,0,0,Auckland Region,Nil,2-way,Sealed,0,0,0,0,40,0,None,0,0,,76,Auckland,Nil,0,0,0,0,0,0,Urban,0,0,0,Fine,Null
1754716.0228,5915665.8061,885880,,517702,0,,0,2,,South,2024/2025,SANDRINGHAM ROAD,KITCHENER ROAD,,Non-Injury Crash,No,2024,,South,,0,,Null,,,,,,Overcast,541600,0,0,0,2,,,0,,,,,,Auckland Region,Nil,2-way,Sealed,,0,0,,50,,Null,0,0,,76,Auckland,Nil,,,,,0,0,Urban,0,,,Fine,Null
1762196.4206,5913625.3975,885882,,520500,0,,0,2,,South,2023/2024,SOUTHERN MOTORWAY,PENROSE OBR,,Non-Injury Crash,Yes,2024,,North,,0,,Flat,,,,,,Dark,637100,0,0,0,3,,,0,,,,,,Auckland Region,Nil,1-way,Sealed,,0,0,,100,,On,0,0,,76,Auckland,Nil,,,,,0,0,Open,1,,,Fine,Null
1753186.0781,5932404.6904,885888,,508807,1,,0,1,,North,2024/2025,ROSEDALE ROAD,HENRY ROSE PLACE,,Serious Crash,No,2025,,North,,0,,Flat,,,,,,Overcast,180810,0,0,0,2,,,0,,,,,,Auckland Region,Nil,2-way,Sealed,,0,1,,50,,Off,0,0,,76,Auckland,Nil,,,,,0,0,Urban,0,,,Light rain,Null
1776776.7356,5882541.7114,885896,25,521160,0,0,0,0,0,Null,2024/2025,BOMBAY ROAD,PAPARATA ROAD,,Minor Crash,No,2025,0,North,0,0,0,Hill Road,0,,0,,0,Bright sun,815000,1,0,0,2,0,0,0,0,0,,0,1,Auckland Region,Nil,2-way,Sealed,0,0,0,0,50,0,Off,0,0,,76,Auckland,Give way,0,0,0,0,1,0,Urban,0,0,0,Fine,Null
1746663.5299,5937149.7938,885902,45,506614,0,0,0,1,0,West,2025/2026,SUNNYSIDE ROAD,HARTWAY GROVE,,Minor Crash,No,2025,0,South,1,0,0,Hill Road,0,,0,,0,Overcast,178101,1,0,0,2,0,0,0,0,0,,0,0,Auckland Region,Nil,2-way,Sealed,0,0,0,0,60,0,None,0,0,,76,Auckland,Nil,0,0,0,2,0,0,Urban,0,0,0,Fine,Null
1756002.0445,5935383.8234,885916,,507101,0,,0,2,,East,2025/2026,BUTE ROAD,GLEN ROAD,,Non-Injury Crash,No,2026,,East,,0,,Flat,,,,,,Bright sun,161000,0,0,0,2,,,0,,,,,,Auckland Region,Nil,2-way,Sealed,,0,0,,50,,Null,0,0,,76,Auckland,Nil,,,,,0,0,Urban,0,,,Fine,Null
1768613.1942,5904516.0574,885924,,523722,0,,0,4,,West,2024/2025,REDOUBT ROAD,WAHEGURU LANE,,Serious Crash,No,2025,,East,,0,,Hill Road,,Queens Birthday,,,,Dark,715917,2,0,0,3,,,0,,,,,,Auckland Region,Nil,2-way,Sealed,,0,1,,50,,On,0,0,20,76,Auckland,Nil,,,,,0,0,Urban,0,,,Fine,Null
1762858.1422,5905536.9768,885926,,524303,0,,0,4,,South,2025/2026,SOUTH-WESTERN MOTORWAY,PORTAGE OBR,,Minor Crash,Yes,2025,,South,,0,,Flat,,,,,,Bright sun,746301,1,0,0,2,,,0,,,,,,Auckland Region,Nil,1-way,Sealed,,0,0,,100,,Off,0,0,,76,Auckland,Nil,,,,,0,0,Open,0,,,Fine,Null
1751255.1028,5913998.5311,885928,,514402,0,,0,1,,West,2024/2025,WOLVERTON STREET,LANSFORD CRESCENT,,Non-Injury Crash,No,2024,,East,,0,,Flat,,,,,,Dark,379500,0,0,0,4,,,0,,,,,,Auckland Region,Nil,2-way,Sealed,,0,0,,50,,On,1,0,,76,Auckland,Nil,,,,,0,0,Urban,0,,,Fine,Null
1770849.1376,5916056.482,885933,,522712,0,,0,0,,Null,2022/2023,MURVALE DRIVE,MAUGHAM DRIVE,,Serious Crash,No,2023,,North,,0,,Flat,,,,,,Bright sun,680300,1,0,0,2,,,0,,,,,,Auckland Region,Nil,2-way,Sealed,,0,1,,50,,Off,0,0,,76,Auckland,Give way,,,,,0,1,Urban,0,,,Fine,Null
1750025.7438,5915119.9925,885936,,514802,0,0,0,2,0,North,2023/2024,ASH STREET,ASH ST ACCESS,,Non-Injury Crash,No,2023,0,South,0,0,0,Flat,0,,0,,0,Bright sun,386902,0,0,0,4,0,0,0,0,1,,0,0,Auckland Region,Nil,2-way,Sealed,0,0,0,0,50,0,Off,0,0,,76,Auckland,Nil,0,0,0,0,0,0,Urban,0,0,0,Fine,None
1769560.1028,5899713.622,885938,,525002,0,,0,3,,South,2024/2025,GREAT SOUTH ROAD,MAHIA ROAD,,Non-Injury Crash,No,2024,,North,,0,,Flat,,,,,,Bright sun,754100,0,0,0,4,,,0,,,,,,Auckland Region,Nil,2-way,Sealed,,0,0,,50,,Off,0,0,,76,Auckland,Nil,,,,,0,0,Urban,1,,,Fine,Null
1767462.2666,5903184.5639,885940,,524602,0,0,0,2,0,South,2024/2025,TREVOR HOSKEN DRIVE,TOPAZ PLACE,,Non-Injury Crash,No,2024,0,North,0,0,0,Flat,0,,0,,0,Bright sun,780415,0,0,0,2,0,0,0,0,1,,0,0,Auckland Region,Nil,2-way,Sealed,0,0,0,0,50,0,Null,0,0,,76,Auckland,Nil,0,0,0,0,0,0,Urban,0,0,0,Fine,Null
1755037.5969,5929215.136,885948,,508420,0,,0,1,,Null,2024/2025,WAIRAU ROAD,TARGET ROAD,,Non-Injury Crash,No,2024,,South,,0,,Flat,,,,,,Bright sun,183700,0,0,0,5,,,0,,,,,,Auckland Region,Nil,2-way,Sealed,,0,0,,50,,Off,0,0,,76,Auckland,Traffic Signals,,,,,0,0,Urban,1,,,Fine,Null
1766706.2641,5908049.0085,885950,,523501,0,,0,2,,South,2024/2025,BAIRDS ROAD,TOSO WAY,,Non-Injury Crash,No,2024,,South,,0,,Flat,,,,,,Bright sun,700601,0,0,0,2,,,0,,,,,,Auckland Region,Nil,2-way,Sealed,,0,0,,30,,None,0,0,,76,Auckland,Nil,,,,,0,0,Urban,0,,,Fine,Null
1743238.983,5922098.6149,885972,,513631,0,,0,1,,Null,2025/2026,TRIANGLE ROAD,GARTON DRIVE,,Minor Crash,No,2025,,East,,0,,Hill Road,,,,,,Overcast,227009,1,0,1,2,,,0,,,,,,Auckland Region,Nil,2-way,Sealed,,0,0,,50,,Off,0,0,,76,Auckland,Stop,,,,,0,0,Urban,0,,,Fine,Null
1769789.8699,5899486.4473,885976,,523920,0,0,0,1,0,West,2024/2025,GREAT SOUTH ROAD,GT SOUTH OBR,,Non-Injury Crash,No,2025,0,South,0,0,0,Flat,0,,0,,0,Overcast,767921,0,0,0,2,0,0,0,0,0,,0,0,Auckland Region,Nil,1-way,Sealed,0,0,0,0,70,0,Off,1,0,,76,Auckland,Traffic Signals,1,1,0,0,0,0,Urban,0,0,0,Fine,Null
1763878.8333,5907055.6347,885980,,524301,0,,0,2,,Null,2024/2025,GRAY AVENUE,LANDON AVENUE,,Non-Injury Crash,No,2025,,North,,0,,Null,,,,,,Bright sun,656401,0,0,0,2,,,0,,,,,,Auckland Region,Nil,2-way,Null,,0,0,,50,,Null,0,0,,76,Auckland,Nil,,,,,0,0,Urban,0,,,Fine,Null
1757387.8143,5931442.4818,885998,,507500,0,,0,0,,South,2025/2026,BEACH ROAD,RED BLUFF RISE,,Minor Crash,No,2025,,South,,0,,Hill Road,,,,,,Dark,148500,1,0,1,2,,,0,,,,,,Auckland Region,Nil,2-way,Sealed,,0,0,,50,,On,0,0,,76,Auckland,Nil,,,,,0,0,Urban,0,,,Fine,Null
1757974.062,5918011.7321,886002,,515700,0,0,0,1,0,South,2025/2026,SOUTHERN MOTORWAY,GILLIES AVENUE OFF RAMP,,Non-Injury Crash,Yes,2025,0,South,0,0,0,Flat,1,Christmas New Year,0,,0,Overcast,443200,0,0,0,4,0,0,0,0,0,,0,0,Auckland Region,Nil,1-way,Sealed,0,0,0,0,80,0,None,0,0,,76,Auckland,Nil,0,0,0,0,0,0,Open,0,0,0,Light rain,Strong wind
1757503.0825,5912310.7735,886004,,519810,0,,0,1,,East,2024/2025,SOUTH-WESTERN MOTORWAY,QUEENSTOWN OBR,,Non-Injury Crash,Yes,2025,,West,,0,,Flat,,,,,,Overcast,597100,0,0,0,3,,,0,,,,,,Auckland Region,Nil,1-way,Sealed,,0,0,,100,,Null,1,0,,76,Auckland,Nil,,,,,0,0,Open,0,,,Light rain,Null
1754125.0313,5935599.093,886009,,508704,0,0,0,1,0,South,2022/2023,WINDSOR CRESCENT,OXFORD CLOSE,,Serious Crash,No,2023,0,North,0,0,0,Flat,0,,1,,0,Overcast,178607,0,0,0,1,0,0,0,0,0,,0,0,Auckland Region,Nil,2-way,Sealed,0,0,1,0,20,0,Off,0,0,,76,Auckland,Nil,0,0,0,0,0,0,Urban,0,0,0,Light rain,Null
1750230.6004,5913799.9232,886013,,511303,0,,0,3,,Null,2025/2026,CLARK STREET,HETANA STREET,,Minor Crash,No,2025,,West,,0,,Flat,,,,,,Twilight,265002,2,0,0,4,,,0,,,,,,Auckland Region,Nil,2-way,Sealed,,0,0,,50,,Off,0,0,,76,Auckland,Traffic Signals,,,,,0,0,Urban,0,,,Fine,Null
1769329.6143,5892768.4449,886015,,521202,0,0,0,1,0,South,2025/2026,WALTERS ROAD,LINWOOD ROAD,,Non-Injury Crash,No,2025,0,North,0,0,1,Flat,0,,0,,0,Overcast,807000,0,0,0,2,0,0,0,0,0,,0,0,Auckland Region,Nil,2-way,Sealed,0,0,0,0,80,0,Off,0,0,,76,Auckland,Nil,0,0,0,0,0,0,Open,0,0,0,Light rain,Strong wind