X,Y,OBJECTID,advisorySpeed,areaUnitID,bicycle,bridge,bus,carStationWagon,cliffBank,crashDirectionDescription,crashFinancialYear,crashLocation1,crashLocation2,crashRoadSideRoad,crashSeverity,crashSHDescription,crashYear,debris,directionRoleDescription,ditch,fatalCount,fence,flatHill,guardRail,holiday,houseOrBuilding,intersection,kerb,light,meshblockId,minorInjuryCount,moped,motorcycle,NumberOfLanes,objectThrownOrDropped,otherObject,otherVehicleType,overBank,parkedVehicle,pedestrian,phoneBoxEtc,postOrPole,region,roadCharacter,roadLane,roadSurface,roadworks,schoolBus,seriousInjuryCount,slipOrFlood,speedLimit,strayAnimal,streetLight,suv,taxi,temporarySpeedLimit,tlaId,tlaName,trafficControl,trafficIsland,trafficSign,train,tree,truck,unknownVehicleType,urban,vanOrUtility,vehicle,waterRiver,weatherA,weatherB
1746572.7354,5915615.2333,886019,,511601,0,,0,1,,Null,2024/2025,GREAT NORTH ROAD,VIEW ROAD,,Non-Injury Crash,No,2025,,North,,0,,Flat,,,,,,Bright sun,276006,0,0,0,4,,,0,,,,,,Auckland Region,Nil,2-way,Sealed,,0,0,,50,,Null,0,0,,76,Auckland,Traffic Signals,,,,,0,1,Urban,0,,,Light rain,Null
1751587.5244,5931086.8747,886025,,508807,1,,0,1,,Null,2024/2025,ALBANY HIGHWAY,ROTHWELL AVENUE,,Minor Crash,No,2025,,North,,0,,Hill Road,,,,,,Dark,180301,1,0,0,4,,,0,,,,,,Auckland Region,Nil,2-way,Sealed,,0,0,,50,,On,0,0,,76,Auckland,Traffic Signals,,,,,0,0,Urban,0,,,Fine,Null
1766157.4556,5916247.5472,886027,,517100,0,,0,1,,Null,2024/2025,ERIMA AVENUE,ANDERSON AVENUE,,Serious Crash,No,2025,,North,,0,,Flat,,,,,,Bright sun,478800,0,0,0,2,,,0,,,1,,,Auckland Region,Nil,2-way,Sealed,,0,1,,50,,None,0,0,,76,Auckland,Stop,,,,,0,0,Urban,0,,,Fine,Null
1767706.1225,5901941.8523,886029,,524720,0,,0,2,,North,2024/2025,STURDEE ROAD,MARTIN ROAD,,Minor Crash,No,2025,,South,,0,,Flat,,,,,,Bright sun,779800,1,0,0,2,,,0,,,,,,Auckland Region,Nil,2-way,Sealed,,0,0,,30,,Off,0,0,,76,Auckland,Nil,,,,,0,0,Urban,0,,,Fine,Null
1742952.3022,5918279.9507,886033,,513220,0,,0,1,,Null,2025/2026,METCALFE ROAD,SUVA LANE,,Non-Injury Crash,No,2025,,South,,0,,Flat,,,,,,Bright sun,236609,0,0,0,2,,,0,,,,,,Auckland Region,Nil,2-way,Sealed,,0,0,,50,,Off,0,0,,76,Auckland,Stop,,,,,0,1,Urban,0,,,Fine,Null
1778805.6783,5912914.0707,886038,,523300,0,0,0,1,0,South,2023/2024,WHITFORD MARAETAI ROAD,OKARORO DRIVE,,Non-Injury Crash,No,2023,0,North,0,0,0,Flat,0,,0,,0,Dark,718900,0,0,0,2,0,0,0,0,0,,0,0,Auckland Region,Nil,2-way,Sealed,0,0,0,0,80,0,On,0,0,,76,Auckland,Nil,0,0,0,1,0,0,Open,0,0,0,Fine,Null
1767762.3694,5904262.9212,886039,,524602,0,,0,2,,Null,2023/2024,GREAT SOUTH ROAD,MANUKAU STATION ROAD,,Non-Injury Crash,No,2024,,North,,0,,Flat,,,,,,Bright sun,780416,0,0,0,2,,,0,,,,,,Auckland Region,Nil,2-way,Sealed,,0,0,,50,,None,0,0,,76,Auckland,Give way,,,,,0,0,Urban,0,,,Fine,Null
1745728.0885,5917227.2257,886048,,510700,0,0,0,1,0,Null,2025/2026,GREAT NORTH ROAD,EDSEL STREET,,Non-Injury Crash,No,2025,0,West,0,0,0,Hill Road,0,,0,,0,Bright sun,240000,0,0,0,4,0,0,0,0,0,,0,1,Auckland Region,Nil,2-way,Sealed,0,0,0,0,50,0,None,0,0,,76,Auckland,Traffic Signals,0,0,0,0,0,0,Urban,0,0,0,Fine,Null
1764971.3814,5905787.6516,886058,,522201,0,,0,1,,West,2024/2025,ST GEORGE STREET,KOLMAR ROAD,,Minor Crash,No,2024,,East,,0,,Flat,,,,,,Bright sun,663200,1,0,0,2,,,0,,,,,,Auckland Region,Nil,2-way,Sealed,,0,0,,50,,Off,1,0,,76,Auckland,Nil,,,,,0,0,Urban,1,,,Fine,Null
1767437.5208,5904918.0444,886060,,524604,0,0,0,1,0,Null,2024/2025,GREAT SOUTH ROAD,TE IRIRANGI DRIVE,,Non-Injury Crash,No,2025,0,North,0,0,0,Flat,0,,0,,0,Overcast,780209,0,0,0,4,0,0,0,0,0,,0,0,Auckland Region,Motorway ramp,1-way,Sealed,0,0,0,0,50,0,None,0,0,,76,Auckland,Traffic Signals,0,0,0,1,0,0,Urban,0,0,0,Light rain,Null
1740732.6611,5927551.7663,886071,,505604,0,,0,2,,Null,2025/2026,SH 16,OLD NORTH ROAD,,Non-Injury Crash,Yes,2025,,West,,0,,Flat,,,,,,Bright sun,214502,0,0,0,4,,,0,,,,,,Auckland Region,Nil,2-way,Sealed,,0,0,,80,,Off,0,0,,76,Auckland,Give way,,,,,0,0,Open,0,,,Fine,Null
1764551.7904,5910218.3421,886072,,521801,0,,0,1,,East,2022/2023,PRINCES STREET,HUTTON STREET,,Non-Injury Crash,No,2023,,West,,0,,Flat,,,,,,Bright sun,787100,0,0,0,4,,,0,,,,,,Auckland Region,Nil,2-way,Sealed,,0,0,,50,,None,0,0,,76,Auckland,Nil,,,,,0,0,Urban,1,,,Fine,Null
1767760.8152,5906190.2127,886075,,523711,0,0,0,2,0,North,2023/2024,PRESTON ROAD,FLAT BUSH ROAD,,Non-Injury Crash,No,2023,0,South,0,0,0,Flat,0,,0,,0,Dark,715000,0,0,0,2,0,0,0,0,1,,0,0,Auckland Region,Nil,2-way,Sealed,0,0,0,0,50,0,On,0,0,,76,Auckland,Nil,0,0,0,0,0,0,Urban,0,0,0,Fine,Null
1822034.4925,5993128.2742,886082,,521000,0,0,0,0,0,North,2024/2025,AOTEA ROAD,HARATAONGA ROAD,,Non-Injury Crash,No,2024,0,North,0,0,0,Hill Road,0,,0,,0,Dark,438800,0,0,0,2,0,0,0,1,0,,0,0,Auckland Region,Nil,2-way,Sealed,0,0,0,0,100,0,None,0,0,,76,Auckland,Nil,0,0,0,1,1,0,Open,0,0,0,Light rain,Null
1772729.2459,5895385.0622,886090,,525520,0,,0,1,,Null,2024/2025,GREAT SOUTH ROAD,BEACH ROAD,,Non-Injury Crash,No,2024,,North,,0,,Flat,,,,,,Bright sun,801700,0,0,0,4,,,0,,,,,,Auckland Region,Nil,2-way,Sealed,,0,0,,50,,Off,0,0,,76,Auckland,Traffic Signals,,,,,0,0,Urban,1,,,Fine,Null
1766444.617,5913252.4695,886092,,522920,0,,0,0,,West,2024/2025,PAKURANGA ROAD,TI RAKAU DRIVE,,Minor Crash,No,2025,,West,,0,,Flat,,,,,,Bright sun,683900,1,0,0,4,,,0,,,1,,,Auckland Region,Nil,2-way,Sealed,,0,0,,50,,Off,0,0,,76,Auckland,Nil,,,,,0,1,Urban,0,,,Fine,Null
1764842.8088,5911031.3266,886096,,520500,0,,0,1,,North,2024/2025,SOUTHERN MOTORWAY,OTAHUHU CK BR,,Non-Injury Crash,Yes,2024,,North,,0,,Flat,,,,,,Bright sun,636300,0,0,0,3,,,0,,,,,,Auckland Region,Nil,1-way,Sealed,,0,0,,100,,Off,0,0,,76,Auckland,Nil,,,,,0,0,Open,1,,,Fine,Null
1771330.8313,5906999.072,886114,,523713,0,,0,2,,Null,2023/2024,MURPHYS ROAD,ORMISTON ROAD,,Non-Injury Crash,No,2023,,South,,0,,Null,,,,,,Unknown,712600,0,0,0,5,,,0,,,,,,Auckland Region,Nil,2-way,Null,,0,0,,50,,Null,0,0,,76,Auckland,Traffic Signals,,,,,0,0,Urban,0,,,Null,Null
1764776.5185,5903720.1609,886122,,524604,0,,0,1,,Null,2024/2025,ROSCOMMON ROAD,CAVENDISH DRIVE OFF RAMP,,Serious Crash,No,2024,,North,,0,,Flat,,,,,,Bright sun,781200,1,0,0,3,,,0,,,,,,Auckland Region,Motorway ramp,1-way,Sealed,,0,1,,60,,Off,1,0,,76,Auckland,Traffic Signals,,,,,0,0,Urban,0,,,Fine,Null
1747485.3172,5914710.2621,886124,,511100,0,,0,2,,Null,2024/2025,GREAT NORTH ROAD,SABULITE ROAD,,Non-Injury Crash,No,2024,,North,,0,,Hill Road,,,,,,Overcast,284800,0,0,0,5,,,0,,,,,,Auckland Region,Nil,2-way,Sealed,,0,0,,50,,Off,0,0,,76,Auckland,Traffic Signals,,,,,0,0,Urban,0,,,Light rain,Null
1763494.0012,5912848.1672,886130,,520500,0,,0,0,,East,2024/2025,SOUTH-EASTERN HIGHWAY,SH1 OBR,,Minor Crash,No,2025,,West,,0,,Flat,,,,,,Dark,637400,2,0,0,2,,,0,,,,,,Auckland Region,Nil,1-way,Sealed,,0,0,,80,,On,0,0,,76,Auckland,Nil,,,,,1,0,Open,1,,,Mist or Fog,Null
1769673.7353,5883085.4407,886134,,521111,0,,0,2,,North,2024/2025,CAPE HILL ROAD,NORTHVALE PLACE,,Minor Crash,No,2025,,North,,0,,Hill Road,,,,,,Overcast,826700,2,0,0,2,,,0,,,,,,Auckland Region,Nil,2-way,Sealed,,0,0,,60,,None,0,0,,76,Auckland,Nil,,,,,0,0,Urban,0,,,Light rain,Null
1751837.8248,5925005.3534,886136,,510020,0,0,0,1,0,East,2023/2024,RANGATIRA ROAD,ISLAND BAY ROAD,,Non-Injury Crash,No,2023,0,South,0,0,1,Flat,0,,0,,0,Dark,346100,0,0,0,2,0,0,0,0,0,,0,0,Auckland Region,Nil,2-way,Sealed,0,0,0,0,50,0,On,1,0,,76,Auckland,Nil,0,0,0,0,0,0,Urban,0,0,0,Light rain,Null
1740827.5257,5928387.0885,886143,,505604,0,,0,1,,South,2022/2023,OLD NORTH ROAD,OLD RAILWAY ROAD,,Non-Injury Crash,No,2023,,North,,0,,Flat,,,,,,Bright sun,214501,0,0,0,2,,,0,,,,,,Auckland Region,Nil,2-way,Sealed,,0,0,,80,,Off,0,0,,76,Auckland,Nil,,,,,0,0,Open,1,,,Fine,Null
1767207.2419,5910497.6883,886144,,523112,0,,0,1,,East,2024/2025,HIGHBROOK DRIVE,BUSINESS PARADE NORTH,,Minor Crash,No,2025,,West,,0,,Flat,,,,,,Overcast,711200,1,0,1,4,,,0,,,,,,Auckland Region,Nil,2-way,Sealed,,0,0,,50,,Off,1,0,,76,Auckland,Nil,,,,,0,0,Urban,0,,,Light rain,Null
1764589.9483,5908580.6742,886146,,521802,0,,0,1,,Null,2024/2025,GREAT SOUTH ROAD,CRACROFT STREET,,Non-Injury Crash,No,2024,,South,,0,,Flat,,,,,,Dark,789600,0,0,0,4,,,0,,,,,,Auckland Region,Nil,2-way,Sealed,,0,0,,50,,On,1,0,,76,Auckland,Stop,,,,,0,0,Urban,0,,,Fine,Null
1751634.4151,5947530.5177,886148,,505807,0,,0,2,,West,2024/2025,ALBATROSS ROAD,BIRDIE PLACE,,Non-Injury Crash,No,2025,,West,,0,,Null,,,,,,Overcast,172702,0,0,0,2,,,0,,,,,,Auckland Region,Nil,2-way,Sealed,,0,0,,50,,Null,0,0,,76,Auckland,Nil,,,,,0,0,Urban,0,,,Fine,Null
1764147.2679,5910253.3343,886162,,521801,0,,0,0,,Null,2024/2025,ATKINSON AVENUE,ALBION ROAD,,Non-Injury Crash,No,2025,,North,,0,,Flat,,,,,,Dark,786802,0,0,0,4,,,0,,,,,,Auckland Region,Nil,2-way,Sealed,,0,0,,50,,Off,0,0,,76,Auckland,Stop,,,,,0,0,Urban,2,,,Fine,Null
1750618.3802,5915655.5252,886163,,514802,0,0,0,0,0,Null,2022/2023,ROSEBANK ROAD,CANAL ROAD,,Minor Crash,No,2023,0,West,0,0,3,Flat,0,,0,,0,Overcast,386600,1,0,0,3,0,0,0,0,0,1,1,0,Auckland Region,Nil,2-way,Sealed,0,0,0,0,50,0,Off,0,0,,76,Auckland,Stop,0,0,0,0,1,0,Urban,0,0,0,Light rain,Null
1739083.5075,5979290.7156,886164,,506660,0,0,0,0,0,South,2025/2026,WAYBY VALLEY ROAD,ROBERTSON ROAD,,Non-Injury Crash,No,2025,0,South,0,0,0,Flat,0,,0,,0,Dark,136400,0,0,0,2,0,0,0,0,0,,0,0,Auckland Region,Nil,2-way,Sealed,0,0,0,0,100,1,None,0,0,,76,Auckland,Nil,0,0,0,0,0,0,Open,1,0,0,Fine,Null
1769371.6895,5900056.7416,886166,,525002,0,,0,2,,North,2024/2025,GREAT SOUTH ROAD,LOVELY LANE,,Non-Injury Crash,No,2025,,South,,0,,Flat,,,,,,Unknown,753900,0,0,0,2,,,0,,,,,,Auckland Region,Nil,2-way,Sealed,,0,0,,50,,On,0,0,,76,Auckland,Nil,,,,,0,0,Urban,0,,,Fine,Null
1755099.3362,5879019.3341,886168,,521152,0,0,0,0,0,South,2024/2025,GLENBROOK-WAIUKU ROAD,MORLEY ROAD,,Non-Injury Crash,No,2025,0,North,0,0,0,Flat,0,,0,,0,Dark,834000,0,0,0,2,0,1,0,0,0,,0,0,Auckland Region,Nil,2-way,Sealed,0,0,0,0,80,0,None,0,0,,76,Auckland,Nil,0,0,0,0,0,0,Open,1,0,0,Heavy rain,Strong wind
1752561.6904,5933582.9428,886169,,508701,0,,0,2,,Null,2022/2023,MERCARI WAY,DON MCKINNON DRIVE,,Non-Injury Crash,No,2023,,North,,0,,Flat,,,,,,Bright sun,178900,0,0,0,2,,,0,,,,,,Auckland Region,Nil,1-way,Sealed,,0,0,,50,,Off,0,0,,76,Auckland,Give way,,,,,0,0,Urban,0,,,Fine,Null
1756181.824,5924112.5245,886171,,509800,0,0,0,1,0,North,2022/2023,NORTHERN MOTORWAY,WEIGH BRIDGE,,Minor Crash,Yes,2023,0,South,0,0,0,Flat,0,,0,,0,Dark,361100,1,0,0,4,0,0,0,0,0,,0,0,Auckland Region,Nil,1-way,Sealed,0,0,0,0,80,0,On,0,0,,76,Auckland,Nil,0,0,0,0,1,0,Open,0,1,0,Fine,Null
1757459.5223,5918750.535,886172,,514302,0,,0,2,,North,2025/2026,SOUTHERN MOTORWAY,KHYBER PASS OBR,,Non-Injury Crash,Yes,2025,,South,,0,,Hill Road,,,,,,Overcast,442500,0,0,0,4,,,0,,,,,,Auckland Region,Overpass,1-way,Sealed,,0,0,,80,,Off,0,0,,76,Auckland,Nil,,,,,0,0,Open,0,,,Fine,Null
1737770.6812,5929967.3154,886178,,505602,0,0,0,1,0,Null,2022/2023,MATUA ROAD,HUARAHI PAI ROAD,,Minor Crash,No,2023,0,South,0,0,0,Hill Road,0,,0,,0,Dark,215903,1,0,0,2,0,0,0,0,0,,0,0,Auckland Region,Nil,2-way,Sealed,0,0,0,0,50,0,On,0,0,,76,Auckland,Give way,0,0,0,1,0,0,Urban,0,0,0,Fine,Null
1769794.7276,5909234.7502,886182,,523114,0,,0,1,,Null,2024/2025,TE IRIRANGI DRIVE,BANVILLE ROAD,,Non-Injury Crash,No,2024,,South,,0,,Flat,,,,,,Overcast,711806,0,0,0,2,,,0,,,,,,Auckland Region,Nil,1-way,Unsealed,,0,0,,60,,On,1,0,50,76,Auckland,Give way,,,,,0,0,Urban,0,,,Fine,Null
1762913.3133,5905640.6491,886189,,524303,0,0,0,1,0,Null,2022/2023,SELFS ROAD,PORTAGE ROAD,,Minor Crash,No,2023,0,West,0,0,1,Flat,0,,0,,0,Dark,746301,1,0,0,2,0,0,0,0,0,,0,0,Auckland Region,Nil,2-way,Sealed,0,0,0,0,50,0,On,0,0,,76,Auckland,Give way,0,1,0,0,0,0,Urban,0,0,0,Fine,Null
1752197.0103,5937656.4559,886194,,506300,0,,0,2,,South,2024/2025,NORTHERN MOTORWAY,WRIGHT OBR,,Non-Injury Crash,Yes,2025,,North,,0,,Flat,,,,,,Bright sun,176101,0,0,0,2,,,0,,,,,,Auckland Region,Nil,1-way,Sealed,,0,0,,100,,Off,0,0,,76,Auckland,Nil,,,,,0,0,Open,0,,,Fine,Null
1762551.3793,5908153.8614,886195,,524530,0,0,0,1,0,West,2022/2023,VINE STREET,CLEEK ROAD,,Non-Injury Crash,No,2023,0,West,0,0,0,Flat,0,,0,,0,Dark,732400,0,0,0,2,0,0,0,0,1,,0,0,Auckland Region,Nil,2-way,Sealed,0,0,0,0,50,0,On,0,0,,76,Auckland,Nil,0,0,0,0,1,0,Urban,0,0,0,Fine,Null
1766364.3594,5904596.5533,886200,,524603,0,,0,2,,East,2024/2025,CAVENDISH DRIVE,NORMAN SPENCER DRIVE,,Minor Crash,No,2025,,West,,0,,Flat,,,,,,Bright sun,780202,1,0,0,4,,,0,,,,,,Auckland Region,Nil,2-way,Sealed,,0,0,,60,,Off,0,0,,76,Auckland,Nil,,,,,0,0,Urban,0,,,Fine,Null
1774855.1252,5897530.6455,886215,,523813,0,,0,1,,Null,2022/2023,OKAWA AVENUE,TWIN PARKS RISE,,Serious Crash,No,2023,,South,,0,,Flat,,,,,,Bright sun,761602,0,0,0,2,,,0,,,1,,,Auckland Region,Nil,2-way,Sealed,,0,1,,50,,Off,0,0,,76,Auckland,Give way,,,,,0,0,Urban,0,,,Fine,Null
1742572.3615,5924431.9483,886217,,513410,0,0,0,2,0,Null,2022/2023,FRED TAYLOR DRIVE,MATAKOHE ROAD,,Non-Injury Crash,No,2023,0,North,0,0,0,Flat,0,,0,,0,Dark,226401,0,0,0,2,0,0,0,0,0,,0,1,Auckland Region,Nil,2-way,Sealed,0,0,0,0,80,0,On,0,0,,76,Auckland,Give way,0,0,0,0,0,0,Open,0,0,0,Fine,Null
1764829.9108,5880069.7457,886224,,521112,0,0,0,1,0,Null,2024/2025,PATUMAHOE ROAD,UNION ROAD,,Non-Injury Crash,No,2024,0,North,0,0,0,Flat,0,,0,,0,Bright sun,825700,0,0,0,2,0,0,0,0,0,,0,0,Auckland Region,Nil,2-way,Sealed,0,0,0,0,80,0,Null,0,0,,76,Auckland,Give way,0,1,0,0,0,0,Open,0,0,0,Fine,Null
1755501.021,5915457.1651,886228,15,518302,1,,0,1,,Null,2024/2025,DOMINION ROAD,SHACKLETON ROAD,,Minor Crash,No,2024,,South,,0,,Flat,,,,,,Overcast,555000,1,0,0,2,,,0,,,,,,Auckland Region,Nil,2-way,Sealed,,0,0,,50,,Off,0,0,,76,Auckland,Stop,,,,,0,0,Urban,0,,,Fine,Null
1752330.8876,5933426.104,886230,,508701,0,,0,0,,North,2024/2025,DAIRY FLAT HIGHWAY,BUSH ROAD,,Non-Injury Crash,No,2024,,North,,0,,Flat,,,,,,Overcast,178800,0,0,0,2,,,0,,,,,,Auckland Region,Nil,1-way,Sealed,,0,0,,80,,Off,2,0,,76,Auckland,Nil,,,,,0,0,Open,0,,,Fine,Null
1754109.3068,5933704.0562,886232,,508804,0,0,0,2,0,North,2023/2024,KILLYBEGS DRIVE,ERRIGAL CLOSE,,Non-Injury Crash,No,2024,0,South,0,0,0,Hill Road,0,,0,,0,Dark,180713,0,0,0,2,0,0,0,0,1,,0,0,Auckland Region,Nil,2-way,Sealed,0,0,0,0,50,0,On,0,0,,76,Auckland,Nil,0,0,0,1,0,0,Urban,0,0,0,Fine,Strong wind
1743929.9215,5919031.5976,886238,,513220,0,,0,1,,South,2025/2026,SWANSON ROAD,LARNOCH ROAD,,Non-Injury Crash,No,2025,,North,,0,,Flat,,,,,,Dark,236103,0,0,0,4,,,0,,,,,,Auckland Region,Nil,2-way,Sealed,,0,0,,50,,On,1,0,,76,Auckland,Nil,,,,,0,0,Urban,0,,,Fine,Frost
1769490.2901,5880117.148,886240,,525922,0,,0,1,,Null,2025/2026,MANUKAU ROAD,SVENDSEN ROAD,,Non-Injury Crash,No,2025,,North,,0,,Flat,,,,,,Overcast,823500,0,0,0,2,,,0,,,,,,Auckland Region,Nil,2-way,Sealed,,0,0,,50,,Off,0,0,,76,Auckland,Give way,,,,,0,0,Urban,1,,,Fine,Null
1766083.1101,5908236.9483,886248,,523402,0,,0,1,,Null,2024/2025,BAIRDS ROAD,WAIPAPA CRESCENT,,Non-Injury Crash,No,2025,,West,,0,,Flat,,,,,,Bright sun,697200,0,0,0,2,,,0,,,,,,Auckland Region,Nil,2-way,Sealed,,0,0,,50,,Off,1,0,,76,Auckland,Nil,,,,,0,0,Urban,0,,,Fine,Null
1744886.9844,5919232.4793,886250,,513301,0,,1,2,,Null,2025/2026,POMARIA ROAD,KINGDALE ROAD,,Minor Crash,No,2025,,West,,0,,Flat,,,,,,Overcast,232101,1,0,0,2,,,0,,,,,,Auckland Region,Nil,2-way,Sealed,,0,0,,50,,Off,0,0,,76,Auckland,Nil,,,,,0,0,Urban,0,,,Fine,Null
1765419.2432,5907197.898,886252,,522301,0,,0,1,,Null,2025/2026,MAXWELL AVENUE,GREAT SOUTH ROAD,,Non-Injury Crash,No,2025,,North,,0,,Flat,,,,,,Bright sun,666100,0,0,0,2,,,0,,,1,,,Auckland Region,Nil,2-way,Sealed,,0,0,,50,,Off,0,0,,76,Auckland,Give way,,,,,0,0,Urban,0,,,Fine,Null
1768798.8733,5881034.2406,886258,,525922,0,,0,2,,East,2024/2025,WESLEY STREET,QUEEN STREET,,Non-Injury Crash,No,2024,,West,,0,,Flat,,,,,,Overcast,823000,0,0,0,2,,,0,,,,,,Auckland Region,Nil,2-way,Sealed,,0,0,,50,,Off,0,0,,76,Auckland,Nil,,,,,0,0,Urban,0,,,Fine,Null
1756371.3522,5920262.6111,886272,,514000,0,0,0,1,0,Null,2023/2024,NORTHERN MOTORWAY,NORTHERN TO NORTH-WESTERN LINK,,Non-Injury Crash,Yes,2024,0,South,0,0,0,Flat,1,,0,,0,Dark,416800,0,0,0,2,0,0,0,0,0,,0,0,Auckland Region,Nil,1-way,Sealed,0,0,0,0,80,0,On,0,0,,76,Auckland,Nil,0,0,0,0,0,0,Open,0,0,0,Light rain,Null
1767598.4496,5904353.4193,886275,,524604,0,,0,1,,Null,2023/2024,LEYTON WAY,PUTNEY WAY,,Minor Crash,No,2023,,North,,0,,Flat,,Labour Weekend,,,,Bright sun,780204,1,0,1,2,,,0,,,,,,Auckland Region,Nil,1-way,Sealed,,0,0,,50,,Off,1,0,,76,Auckland,Give way,,,,,0,0,Urban,0,,,Fine,Null
1756327.7544,5930873.1114,886278,,507500,0,,0,0,,North,2023/2024,EAST COAST ROAD,FORREST HILL ROAD,,Non-Injury Crash,No,2023,,North,,0,,Flat,,,,,,Overcast,148701,0,0,0,3,,,0,,,,,,Auckland Region,Nil,2-way,Sealed,,0,0,,50,,Off,1,0,,76,Auckland,Nil,,,,,0,0,Urban,1,,,Fine,Null
1757871.5758,5918728.9849,886280,,517400,0,,0,2,,Null,2022/2023,PARK ROAD,CARLTON GORE ROAD,,Minor Crash,No,2023,,North,,0,,Flat,,Queens Birthday,,,,Dark,450100,1,0,0,2,,,0,,,,,,Auckland Region,Nil,2-way,Sealed,,0,0,,50,,On,0,0,,76,Auckland,Traffic Signals,,,,,0,0,Urban,0,,,Fine,Null
1753985.93,5918369.5259,886283,,515431,0,,0,2,,West,2025/2026,GREAT NORTH ROAD,ST LUKES ROAD OFF RAMP,,Non-Injury Crash,No,2025,,West,,0,,Null,,,,,,Bright sun,405000,0,0,0,4,,,0,,,,,,Auckland Region,Nil,2-way,Sealed,,0,0,,50,,Null,0,0,,76,Auckland,Nil,,,,,0,0,Urban,0,,,Fine,Null
1764740.9333,5911435.3388,886286,,520500,0,0,0,1,0,South,2023/2024,SOUTHERN MOTORWAY,PANAMA OBR,,Minor Crash,Yes,2023,0,South,0,0,0,Flat,1,,0,,0,Bright sun,635800,1,0,0,3,0,0,0,0,0,,0,0,Auckland Region,Nil,1-way,Sealed,0,0,0,0,100,0,Off,0,0,,76,Auckland,Nil,0,0,0,0,1,0,Open,0,0,0,Fine,Null
1752967.7443,5915414.7666,886297,,517903,0,0,0,2,0,East,2025/2026,OWAIRAKA AVENUE,RICHARDSON ROAD,,Non-Injury Crash,No,2025,0,West,0,0,0,Null,0,,0,,0,Dark,521500,0,0,0,2,0,0,0,0,1,,0,0,Auckland Region,Nil,2-way,Sealed,0,0,0,0,50,0,Null,0,0,,76,Auckland,Nil,0,0,0,0,0,1,Urban,0,0,0,Fine,Null
1766894.8687,5907656.2792,886301,,523501,0,,0,1,,Null,2025/2026,EAST TAMAKI ROAD,BAIRDS ROAD,,Non-Injury Crash,No,2025,,Null,,0,,Null,,,,,,Bright sun,700700,0,0,0,3,,,0,,,,,,Auckland Region,Nil,1-way,Sealed,,0,0,,50,,Null,0,0,,76,Auckland,Traffic Signals,,,,,0,1,Urban,0,,,Fine,Null
1754199.1711,5918875.5483,886306,,515431,0,,0,2,,Null,2022/2023,SURREY CRESCENT,BULLOCK TRACK,,Minor Crash,No,2023,,West,,0,,Flat,,,,,,Dark,403300,1,0,0,2,,,0,,,,,,Auckland Region,Nil,2-way,Sealed,,0,0,,50,,On,0,0,,76,Auckland,Give way,,,,,0,0,Urban,0,,,Light rain,Null
1755016.8102,5928883.6192,886307,,508320,0,,0,2,,South,2025/2026,DIANA DRIVE,WAIRAU ROAD,,Minor Crash,No,2025,,West,,0,,Flat,,,,,,Overcast,196700,2,0,0,2,,,0,,,,,,Auckland Region,Nil,2-way,Sealed,,0,0,,50,,Off,0,0,,76,Auckland,Nil,,,,,0,0,Urban,0,,,Fine,Null
1771087.321,5896522.4041,886311,,521201,0,0,0,0,0,South,2025/2026,SOUTHERN MOTORWAY,PAHUREHURE NO 2 BR,,Minor Crash,Yes,2025,0,North,0,0,0,Flat,2,,0,,0,Bright sun,806604,1,0,0,3,0,0,0,0,0,,0,0,Auckland Region,Nil,1-way,Sealed,0,0,0,0,100,0,Off,0,0,,76,Auckland,Nil,0,0,0,0,0,0,Open,1,0,0,Fine,Null
1769439.8645,5907950.3328,886313,,523711,0,,0,0,,Null,2025/2026,TE IRIRANGI DRIVE,BISHOP DUNN PLACE,,Non-Injury Crash,No,2025,,North,,0,,Flat,,,,,,Bright sun,712305,0,0,0,4,,,0,,,,,,Auckland Region,Nil,2-way,Sealed,,0,0,,60,,Off,0,0,,76,Auckland,Traffic Signals,,,,,0,0,Urban,2,,,Fine,Null
1756209.2791,5913922.4263,886317,,518500,0,0,0,2,0,Null,2024/2025,HENSHAW AVENUE,SMALLFIELD AVENUE,,Non-Injury Crash,No,2025,0,West,0,0,0,Flat,0,,0,,0,Dark,563700,0,0,0,2,0,0,0,0,1,,0,1,Auckland Region,Nil,2-way,Sealed,0,0,0,0,50,0,On,0,0,,76,Auckland,Give way,0,0,0,0,0,0,Urban,0,0,0,Light rain,Null
1758619.7823,5917475.1336,886319,,516001,0,,0,1,,South,2024/2025,MAURANUI AVENUE,ST MARKS ROAD,,Non-Injury Crash,No,2024,,North,,0,,Null,,,,,,Unknown,490900,0,0,0,2,,,0,,,,,,Auckland Region,Nil,2-way,Sealed,,0,0,,50,,Null,0,0,,76,Auckland,Nil,,,,,0,0,Urban,1,,,Null,Null
1754626.354,5933163.2303,886323,,508805,1,,0,1,,Null,2024/2025,ROSEDALE ROAD,GRAHAM COLLINS DRIVE,,Serious Crash,No,2025,,West,,0,,Hill Road,,,,,,Bright sun,155902,0,0,0,2,,,0,,,,,,Auckland Region,Nil,2-way,Sealed,,0,1,,50,,Off,0,0,,76,Auckland,Give way,,,,,0,0,Urban,0,,,Fine,Null