X,Y,OBJECTID,advisorySpeed,areaUnitID,bicycle,bridge,bus,carStationWagon,cliffBank,crashDirectionDescription,crashFinancialYear,crashLocation1,crashLocation2,crashRoadSideRoad,crashSeverity,crashSHDescription,crashYear,debris,directionRoleDescription,ditch,fatalCount,fence,flatHill,guardRail,holiday,houseOrBuilding,intersection,kerb,light,meshblockId,minorInjuryCount,moped,motorcycle,NumberOfLanes,objectThrownOrDropped,otherObject,otherVehicleType,overBank,parkedVehicle,pedestrian,phoneBoxEtc,postOrPole,region,roadCharacter,roadLane,roadSurface,roadworks,schoolBus,seriousInjuryCount,slipOrFlood,speedLimit,strayAnimal,streetLight,suv,taxi,temporarySpeedLimit,tlaId,tlaName,trafficControl,trafficIsland,trafficSign,train,tree,truck,unknownVehicleType,urban,vanOrUtility,vehicle,waterRiver,weatherA,weatherB
1756813.1606,5920279.008,886329,,514102,0,0,2,0,0,North,2024/2025,NELSON STREET,COOK STREET,,Minor Crash,No,2025,0,North,0,0,0,Flat,0,,0,,0,Twilight,434103,1,0,0,5,0,0,0,0,1,,0,0,Auckland Region,Nil,1-way,Sealed,0,0,0,0,40,0,On,0,0,,76,Auckland,Nil,0,0,0,0,0,0,Urban,0,0,0,Fine,Null
1757333.6854,5921124.3108,886335,,514101,0,,0,0,,Null,2024/2025,LOWER HOBSON STREET,QUAY STREET,,Minor Crash,No,2024,,West,,0,,Flat,,,,,,Overcast,432800,1,1,0,2,,,0,,,,,,Auckland Region,Nil,1-way,Sealed,,0,0,,30,,Off,0,0,20,76,Auckland,Traffic Signals,,,,,0,0,Urban,0,,,Light rain,Strong wind
1757942.2221,5913493.8972,886341,,518702,0,,0,2,,Null,2024/2025,MOUNT ALBERT ROAD,CROWN STREET,,Non-Injury Crash,No,2025,,East,,0,,Flat,,,,,,Dark,567900,0,0,0,4,,,0,,,,,,Auckland Region,Nil,2-way,Sealed,,0,0,,50,,On,0,0,,76,Auckland,Stop,,,,,0,0,Urban,0,,,Fine,Null
1767774.4287,5904273.0806,886343,,524602,0,,0,1,,Null,2024/2025,GREAT SOUTH ROAD,REDOUBT ROAD,,Non-Injury Crash,No,2024,,North,,0,,Hill Road,,,,,,Dark,780416,0,0,0,6,,,0,,,,,,Auckland Region,Nil,2-way,Sealed,,0,0,,50,,On,1,0,,76,Auckland,Traffic Signals,,,,,0,0,Urban,0,,,Fine,Null
1757086.5549,5913728.0599,886349,,518702,0,,0,1,,Null,2023/2024,MOUNT ALBERT ROAD,BUCKLEY ROAD,,Non-Injury Crash,No,2024,,East,,0,,Hill Road,,,,,,Dark,567401,0,0,0,4,,,0,,,,,,Auckland Region,Nil,2-way,Sealed,,0,0,,50,,On,1,0,,76,Auckland,Stop,,,,,0,0,Urban,0,,,Heavy rain,Null
1765580.3878,5909222.217,886350,,523402,0,,0,2,,North,2022/2023,HIGHBROOK DRIVE,HIGHBROOK DRIVE ON RAMP,,Non-Injury Crash,No,2023,,North,,0,,Flat,,,,,,Dark,696900,0,0,0,2,,,0,,,,,,Auckland Region,Nil,1-way,Sealed,,0,0,,60,,On,0,0,,76,Auckland,Nil,,,,,0,0,Urban,0,,,Fine,Null
1757104.8177,5912559.306,886351,,518702,0,0,0,1,0,South,2025/2026,SOUTH-WESTERN MOTORWAY,HILLSBOROUGH ROAD OFF RAMP,,Minor Crash,Yes,2025,0,North,0,0,0,Flat,1,,0,,0,Dark,570702,1,0,0,3,0,0,0,0,0,,0,0,Auckland Region,Nil,1-way,Sealed,0,0,0,0,100,0,On,0,0,,76,Auckland,Nil,0,0,0,0,0,0,Open,0,0,0,Fine,Null
1768254.9493,5906455.2302,886365,,523711,0,,0,2,,Null,2024/2025,DAWSON ROAD,DESMOND PLACE,,Non-Injury Crash,No,2024,,North,,0,,Flat,,,,,,Dark,712905,0,0,0,2,,,0,,,,,,Auckland Region,Nil,2-way,Sealed,,0,0,,50,,On,0,0,,76,Auckland,Nil,,,,,0,0,Urban,0,,,Fine,Null
1772680.0232,5901135.4129,886366,,523911,0,,0,0,,North,2023/2024,MILL ROAD,PHILLIP ROAD,,Minor Crash,No,2023,,North,,0,,Flat,,,,,,Dark,767201,2,0,0,2,,,0,,,,,,Auckland Region,Nil,2-way,Sealed,,0,0,,80,,None,1,0,,76,Auckland,Nil,,,,,0,0,Open,1,,,Fine,Null
1754887.628,5934445.1473,886375,,507200,0,,0,1,,West,2023/2024,ARRAN ROAD,PHILLIPA PLACE,,Non-Injury Crash,No,2024,,South,,0,,Flat,,,,,,Bright sun,156301,0,0,0,2,,,0,,,,,,Auckland Region,Nil,2-way,Sealed,,0,0,,50,,Off,0,0,,76,Auckland,Nil,,,,,0,0,Urban,1,,,Fine,None
1763028.4532,5914167.8641,886394,,520401,0,0,0,2,0,Null,2022/2023,PANORAMA ROAD,LEONARD ROAD,,Non-Injury Crash,No,2023,0,South,0,0,0,Flat,0,,0,,1,Dark,643802,0,0,0,2,0,0,0,0,1,,0,0,Auckland Region,Nil,2-way,Sealed,0,0,0,0,50,0,On,0,0,,76,Auckland,Give way,0,0,0,0,0,0,Urban,0,0,0,Fine,Null
1743370.8777,5923455.8167,886402,,513511,0,,0,2,,Null,2022/2023,DON BUCK ROAD,WESTGATE DRIVE,,Non-Injury Crash,No,2023,,South,,0,,Flat,,,,,,Dark,224306,0,0,0,4,,,0,,,,,,Auckland Region,Nil,2-way,Sealed,,0,0,,50,,On,0,0,,76,Auckland,Traffic Signals,,,,,0,0,Urban,0,,,Fine,Null
1745140.6441,5918397.2072,886412,,513302,0,,0,0,,North,2022/2023,LINCOLN ROAD,NORVAL ROAD,,Serious Crash,No,2023,,North,,0,,Flat,,,,,,Dark,231001,0,0,0,4,,,0,,,1,,,Auckland Region,Nil,2-way,Sealed,,0,1,,50,,On,0,0,,76,Auckland,Nil,,,,,0,0,Urban,1,,,Fine,Null
1755099.3436,5932922.8868,886413,,508805,0,,0,2,,Null,2024/2025,EAST COAST ROAD,SUNRISE AVENUE,,Minor Crash,No,2025,,West,,0,,Hill Road,,,,,,Dark,180876,2,0,0,4,,,0,,,,,,Auckland Region,Nil,2-way,Sealed,,0,0,,50,,On,0,0,,76,Auckland,Traffic Signals,,,,,0,0,Urban,0,,,Fine,Null
1744945.8779,5914038.158,886423,,512905,0,,0,2,,Null,2024/2025,WEST COAST ROAD,GLENGARRY ROAD,,Non-Injury Crash,No,2024,,West,,0,,Flat,,,,,,Overcast,278906,0,0,0,2,,,0,,,,,,Auckland Region,Nil,2-way,Sealed,,0,0,,50,,Off,0,0,,76,Auckland,Give way,,,,,0,0,Urban,0,,,Fine,Null
1765769.3798,5904340.4806,886427,,524603,0,,0,1,,Null,2024/2025,CAVENDISH DRIVE,RANFURLY ROAD,,Minor Crash,No,2024,,East,,0,,Flat,,,,,,Twilight,674800,1,0,0,4,,,0,,,,,,Auckland Region,Nil,2-way,Sealed,,0,0,,50,,On,0,0,,76,Auckland,Stop,,,,,0,0,Urban,1,,,Fine,Null
1766650.0093,5904661.1161,886433,,524603,0,,0,1,,West,2024/2025,CAVENDISH DRIVE,LAMBIE DRIVE,,Non-Injury Crash,No,2024,,West,,0,,Flat,,,,,,Bright sun,780202,0,0,0,4,,,0,,,,,,Auckland Region,Nil,2-way,Sealed,,0,0,,50,,Off,0,0,,76,Auckland,Nil,,,,,0,0,Urban,1,,,Fine,Null
1761807.5273,5914001.1294,886435,,520202,0,,0,0,,South,2024/2025,SOUTHERN MOTORWAY,ELLERSLIE-PANMURE HWY OFF RAMP,,Non-Injury Crash,Yes,2024,,North,,0,,Flat,,,,,,Overcast,612300,0,0,0,3,,,0,,,,,,Auckland Region,Nil,1-way,Sealed,,0,0,,100,,Off,2,0,,76,Auckland,Nil,,,,,1,0,Open,0,,,Light rain,Null
1758412.3134,5926597.8214,886437,,508020,0,,0,2,,Null,2024/2025,LAKE ROAD,ESMONDE ROAD,,Minor Crash,No,2025,,South,,0,,Flat,,,,,,Dark,325300,2,0,0,3,,,0,,,,,,Auckland Region,Nil,2-way,Sealed,,0,0,,50,,On,0,0,,76,Auckland,Traffic Signals,,,,,0,0,Urban,0,,,Fine,Null
1759826.3942,5912264.6825,886440,,520000,0,0,0,2,0,Null,2022/2023,ALFRED STREET,CHURCH STREET,,Minor Crash,No,2023,0,South,0,0,1,Hill Road,0,,0,,0,Overcast,607000,1,0,0,2,0,0,0,0,0,,0,0,Auckland Region,Nil,2-way,Unsealed,0,0,0,0,50,0,Off,0,0,,76,Auckland,Stop,0,0,0,0,0,0,Urban,0,0,0,Light rain,Null
1757292.6296,5929039.386,886441,,507800,0,,0,2,,Null,2024/2025,EAST COAST ROAD,WOLSLEY AVENUE,,Non-Injury Crash,No,2024,,North,,0,,Hill Road,,,,,,Overcast,307200,0,0,0,2,,,0,,,,,,Auckland Region,Nil,2-way,Sealed,,0,0,,50,,Off,0,0,,76,Auckland,Give way,,,,,0,0,Urban,0,,,Light rain,Null
1752533.5539,5912273.119,886443,35,514700,0,0,0,2,0,South,2024/2025,LYNBROOKE AVENUE,WHITE SWAN ROAD,,Non-Injury Crash,No,2024,0,South,0,0,0,Flat,0,,0,,0,Overcast,369300,0,0,0,2,0,0,0,0,1,,0,0,Auckland Region,Nil,2-way,Sealed,0,0,0,0,40,0,Off,0,0,,76,Auckland,Nil,0,0,0,0,0,0,Urban,0,0,0,Fine,Null
1753908.1413,5931642.9082,886447,,508807,0,,0,1,,South,2024/2025,NORTHERN MOTORWAY,UPPER HARBOUR HWY ON RAMP,,Minor Crash,Yes,2025,,North,,0,,Flat,,,,,,Dark,180810,1,0,0,2,,,0,,,,,,Auckland Region,Motorway ramp,1-way,Sealed,,0,0,,100,,On,3,0,,76,Auckland,Nil,,,,,0,0,Open,0,,,Fine,Null
1760147.4506,5912798.8656,886457,,520000,0,,0,0,,East,2025/2026,MAYS ROAD,GREY STREET,,Serious Crash,No,2025,,West,,0,,Hill Road,,,,,,Twilight,606100,0,0,1,2,,,0,,,,,,Auckland Region,Nil,2-way,Sealed,,0,1,,50,,Off,1,0,,76,Auckland,Nil,,,,,0,0,Urban,0,,,Fine,Null
1767973.9402,5907796.4515,886459,,523502,0,,0,1,,Null,2024/2025,EAST TAMAKI ROAD,EAST TAMAKI ROAD,,Non-Injury Crash,No,2025,,East,,0,,Null,,,,,,Overcast,703800,0,0,0,2,,,0,,,,,,Auckland Region,Nil,1-way,Sealed,,0,0,,50,,Null,0,0,,76,Auckland,Nil,,,,,0,0,Urban,0,,,Fine,Null
1756146.1579,5924532.4384,886463,,509702,0,,0,1,,Null,2023/2024,SYLVAN AVENUE,ONEWA ROAD OFF RAMP,,Non-Injury Crash,No,2024,,East,,0,,Flat,,,,,,Overcast,366700,0,0,0,2,,,0,,,,,,Auckland Region,Nil,1-way,Sealed,,0,0,,50,,Off,1,0,,76,Auckland,Traffic Signals,,,,,0,0,Urban,0,,,Fine,Frost
1755024.3356,5930293.7266,886473,,508520,0,0,0,0,0,North,2025/2026,NORTHERN MOTORWAY,SUNNYNOOK OBR,,Non-Injury Crash,Yes,2025,0,South,0,0,0,Flat,1,,0,,0,Dark,192700,0,0,0,2,0,0,0,0,0,,0,0,Auckland Region,Nil,1-way,Sealed,0,0,0,0,100,0,On,0,0,,76,Auckland,Nil,0,0,0,0,0,0,Open,1,0,0,Hail or Sleet,Null
1770873.8497,5900616.6192,886482,,523817,0,,0,0,,East,2023/2024,HYPERION DRIVE,FOXLAW STREET,,Minor Crash,No,2023,,East,,0,,Flat,,,,,,Bright sun,759731,1,0,0,2,,,0,,,1,,,Auckland Region,Nil,2-way,Sealed,,0,0,,50,,Off,0,0,,76,Auckland,Nil,,,,,0,0,Urban,1,,,Fine,Null
1768849.443,5911589.9267,886485,,523107,0,,0,2,,East,2024/2025,TI RAKAU DRIVE,BURSWOOD DRIVE,,Non-Injury Crash,No,2025,,East,,0,,Flat,,,,,,Dark,711402,0,0,0,5,,,0,,,,,,Auckland Region,Nil,2-way,Sealed,,0,0,,60,,On,0,0,,76,Auckland,Nil,,,,,0,0,Urban,0,,,Fine,Null
1761221.8255,5914652.4934,886487,,520202,0,,0,1,,North,2023/2024,SOUTHERN MOTORWAY,ELLERSLIE-PANMURE HWY OFF RAMP,,Non-Injury Crash,Yes,2024,,South,,0,,Flat,,Queens Birthday,,,,Dark,612100,0,0,0,3,,,0,,,,,,Auckland Region,Motorway ramp,1-way,Sealed,,0,0,,100,,On,0,0,,76,Auckland,Nil,,,,,0,0,Open,0,,,Fine,Null
1758911.8795,5912234.6662,886495,,519820,0,,0,1,,Null,2024/2025,GERRARD BEESON PLACE,WAIAPU LANE,,Minor Crash,No,2024,,North,,0,,Flat,,,,,,Bright sun,600900,1,0,0,2,,,0,,,1,,,Auckland Region,Nil,2-way,Sealed,,0,0,,50,,Null,0,0,,76,Auckland,Give way,,,,,0,0,Urban,0,,,Fine,Null
1757013.7229,5915855.6115,886506,,518301,0,,0,1,,Null,2023/2024,BALMORAL ROAD,PENRHYN ROAD,,Minor Crash,No,2024,,East,,0,,Flat,,,,,,Bright sun,557000,1,0,0,4,,,0,,,,,,Auckland Region,Nil,2-way,Sealed,,0,0,,50,,Off,1,0,,76,Auckland,Stop,,,,,0,0,Urban,0,,,Fine,Null
1754052.4372,5928227.6481,886507,,508310,1,0,0,0,0,South,2024/2025,CHIVALRY ROAD,COLIN WILD PLACE,,Serious Crash,No,2025,0,South,0,0,0,Flat,0,,0,,0,Bright sun,199800,0,0,0,2,0,0,0,0,1,,0,0,Auckland Region,Speed hump,2-way,Sealed,0,0,1,0,50,0,Off,1,0,,76,Auckland,Nil,0,0,0,0,0,0,Urban,0,0,0,Fine,Null
1762182.5409,5913681.9726,886510,,520401,0,1,0,0,0,North,2022/2023,SOUTHERN MOTORWAY,PENROSE OBR,,Non-Injury Crash,Yes,2023,0,South,0,0,0,Flat,0,,0,,0,Bright sun,644300,0,0,0,3,0,0,0,0,0,,0,0,Auckland Region,Bridge,1-way,Sealed,0,0,0,0,100,0,Off,0,0,,76,Auckland,Nil,0,0,0,0,1,0,Open,0,0,0,Fine,Null
1748530.7246,5927595.4932,886513,,513410,0,,0,1,,West,2025/2026,UPPER HARBOUR MOTORWAY,UPPER HARBOUR BR,,Non-Injury Crash,Yes,2025,,West,,0,,Flat,,,,,,Dark,221902,0,0,0,2,,,0,,,,,,Auckland Region,Nil,1-way,Sealed,,0,0,,100,,On,0,0,,76,Auckland,Nil,,,,,0,0,Open,2,,,Fine,Null
1754742.1376,5931303.3254,886525,,508520,0,,0,2,,Null,2025/2026,SUNSET ROAD,RAMP ROAD,,Non-Injury Crash,No,2025,,East,,0,,Flat,,,,,,Overcast,191502,0,0,0,2,,,0,,,,,,Auckland Region,Nil,2-way,Sealed,,0,0,,50,,Off,0,0,,76,Auckland,Give way,,,,,0,0,Urban,0,,,Fine,Null
1756077.5496,5917446.3526,886539,,518102,0,,0,2,,Null,2024/2025,VALLEY ROAD,DOMINION ROAD,,Serious Crash,No,2024,,North,,0,,Flat,,,,,,Bright sun,546000,0,0,0,2,,,0,,,1,,,Auckland Region,Nil,2-way,Sealed,,0,1,,50,,Off,0,0,,76,Auckland,Traffic Signals,,,,,0,0,Urban,0,,,Fine,Null
1753818.6105,5975340.1921,886551,,506659,0,0,0,0,0,Null,2024/2025,OFF ROAD - SCHOOL ENTRANCE,,,Serious Crash,No,2024,0,North,0,0,0,Flat,0,,0,,0,Overcast,138003,0,0,0,,0,1,0,0,0,,0,0,Auckland Region,Nil,Off road,Sealed,0,0,1,0,,0,Off,0,0,,76,Auckland,Nil,0,0,0,0,0,0,Urban,1,0,0,Fine,Null
1762232.407,5913587.0292,886554,,520402,0,,0,0,,South,2023/2024,SOUTHERN MOTORWAY,PENROSE OBR,,Non-Injury Crash,Yes,2023,,South,,0,,Flat,,,,,,Overcast,642200,0,0,0,3,,,0,,,,,,Auckland Region,Motorway ramp,1-way,Sealed,,0,0,,100,,Off,1,0,,76,Auckland,Nil,,,,,0,0,Open,2,,,Light rain,Null
1755563.3893,5927989.6862,886557,,507900,0,,0,2,,Null,2025/2026,PORANA ROAD,SILVERFIELD,,Minor Crash,No,2026,,South,,0,,Hill Road,,,,,,Overcast,305201,1,0,0,2,,,0,,,,,,Auckland Region,Nil,2-way,Sealed,,0,0,,50,,Off,0,0,,76,Auckland,Give way,,,,,0,0,Urban,0,,,Light rain,Null
1767374.5199,5912163.4004,886558,,522910,0,0,0,1,0,South,2023/2024,TI RAKAU DRIVE,WHEATLEY AVENUE,,Serious Crash,No,2023,0,South,0,0,0,Flat,0,Christmas New Year,0,,0,Overcast,686502,0,0,0,4,0,0,0,0,0,,0,0,Auckland Region,Nil,2-way,Sealed,0,0,1,0,50,0,Off,0,0,30,76,Auckland,Nil,0,0,0,1,0,0,Urban,0,0,0,Heavy rain,Null
1754766.994,5917683.331,886574,,517500,0,,0,1,,South,2023/2024,MORNINGSIDE DRIVE,NEW NORTH ROAD,,Minor Crash,No,2024,,North,,0,,Flat,,,,,,Bright sun,532000,1,0,0,2,,,0,,,3,,,Auckland Region,Nil,2-way,Sealed,,0,0,,50,,Off,0,0,,76,Auckland,Nil,,,,,0,0,Urban,0,,,Fine,Null
1744846.8231,5925284.7495,886575,,513431,0,,0,2,,North,2023/2024,UPPER HARBOUR MOTORWAY,TRIG ROAD OFF RAMP,,Non-Injury Crash,Yes,2024,,South,,0,,Hill Road,,,,,,Dark,223702,0,0,0,2,,,0,,,,,,Auckland Region,Motorway ramp,1-way,Sealed,,0,0,,100,,On,0,0,,76,Auckland,Nil,,,,,0,0,Open,0,,,Fine,Null
1780541.902,5926409.6092,886581,,520801,0,,0,1,,South,2024/2025,SURFDALE ROAD,TETLEY ROAD,,Non-Injury Crash,No,2025,,North,,0,,Flat,,,,,,Overcast,516603,0,0,0,2,,,0,,,,,,Auckland Region,Nil,2-way,Sealed,,0,0,,50,,Null,1,0,,76,Auckland,Nil,,,,,0,0,Urban,0,,,Fine,Null
1752912.3901,5934938.6009,886583,,508701,0,,0,2,,Null,2023/2024,OTEHA VALLEY ROAD OFF RAMP,OTEHA VALLEY ROAD,,Non-Injury Crash,No,2023,,North,,0,,Hill Road,,,,,,Bright sun,179000,0,0,0,1,,,0,,,,,,Auckland Region,Nil,1-way,Sealed,,0,0,,50,,Null,0,0,,76,Auckland,Give way,,,,,0,0,Urban,0,,,Fine,Null
1764834.8641,5903807.2423,886587,,524604,0,,0,2,,Null,2024/2025,CAVENDISH DRIVE,CAVENDISH DRIVE ON RAMP,,Minor Crash,No,2024,,South,,0,,Flat,,,,,,Dark,781301,1,0,0,5,,,0,,,,,,Auckland Region,Underpass,2-way,Sealed,,0,0,,50,,On,0,0,,76,Auckland,Traffic Signals,,,,,0,0,Urban,0,,,Fine,Null
1781753.4596,5904905.5663,886590,,525201,0,,0,1,,North,2023/2024,NORTH ROAD,MARK WILLIAMS PLACE,,Non-Injury Crash,No,2023,,South,,0,,Flat,,,,,,Dark,762800,0,0,0,1,,,0,,,,,,Auckland Region,Nil,2-way,Sealed,,0,0,,80,,None,0,0,,76,Auckland,Nil,,,,,0,0,Open,1,,,Fine,Null
1775483.1377,5897701.3437,886593,,523813,0,0,0,1,0,South,2025/2026,PAPAKURA-CLEVEDON ROAD,HEARD ROAD,,Minor Crash,No,2025,0,South,0,0,0,Hill Road,0,,0,,0,Bright sun,761602,1,0,0,2,0,0,0,0,0,,0,1,Auckland Region,Nil,2-way,Sealed,0,0,0,0,80,0,None,0,0,,76,Auckland,Nil,0,0,0,0,0,0,Open,0,0,0,Fine,Null
1737280.8779,5980949.0971,886597,,505300,0,,0,0,,South,2025/2026,SH 1,CENTENNIAL PARK ROAD,,Non-Injury Crash,Yes,2025,,North,,0,,Hill Road,,Christmas New Year,,,,Overcast,143500,0,0,0,3,,,0,,,,,,Auckland Region,Nil,2-way,Sealed,,0,0,,70,,Off,0,0,,76,Auckland,Nil,,,,,0,0,Urban,2,,,Light rain,Strong wind
1756936.1977,5918637.3867,886605,,515600,0,,0,1,,Null,2025/2026,MOUNT EDEN ROAD,NEW NORTH ROAD,,Non-Injury Crash,No,2025,,North,,0,,Hill Road,,,,,,Dark,421200,0,0,0,4,,,0,,,,,,Auckland Region,Nil,2-way,Sealed,,0,0,,50,,On,1,0,,76,Auckland,Give way,,,,,0,0,Urban,0,,,Fine,Null
1750673.9164,5915510.816,886613,,514802,0,,0,2,,West,2025/2026,ASH STREET,ROSEBANK ROAD,,Non-Injury Crash,No,2025,,East,,0,,Flat,,,,,,Dark,386600,0,0,0,4,,,0,,,,,,Auckland Region,Nil,2-way,Sealed,,0,0,,50,,On,0,0,,76,Auckland,Nil,,,,,0,0,Urban,0,,,Fine,Null
1761212.3811,5914679.8276,886620,,520202,0,0,0,2,0,North,2022/2023,SOUTHERN MOTORWAY,ELLERSLIE-PANMURE HWY OFF RAMP,,Minor Crash,Yes,2023,0,South,0,0,0,Flat,1,,0,,0,Bright sun,612100,1,0,0,4,0,0,0,0,0,,0,0,Auckland Region,Nil,1-way,Sealed,0,0,0,0,100,0,Off,0,0,,76,Auckland,Nil,0,0,0,0,0,0,Open,0,0,0,Fine,Null
1758934.468,5919290.8405,886623,,515902,0,0,0,0,0,Null,2024/2025,PARNELL ROAD,ST STEPHENS AVENUE,,Non-Injury Crash,No,2024,0,South,0,0,1,Hill Road,0,,0,,0,Bright sun,451500,0,0,0,4,0,0,0,0,0,,0,0,Auckland Region,Nil,2-way,Sealed,0,0,0,0,50,0,Off,1,0,,76,Auckland,Traffic Signals,0,0,0,0,0,0,Urban,0,0,0,Fine,Null
1750376.9285,5946428.6108,886626,,506001,0,,0,2,,Null,2022/2023,HIBISCUS COAST HIGHWAY,TITAN PLACE,,Minor Crash,No,2023,,South,,0,,Flat,,,,,,Bright sun,175501,1,0,0,5,,,0,,,,,,Auckland Region,Nil,2-way,Sealed,,0,0,,60,,Off,0,0,,76,Auckland,Nil,,,,,0,0,Urban,0,,,Fine,Null
1760315.4474,5913328.744,886630,,519900,1,,0,1,,North,2022/2023,HULL PLACE,ROOSEVELT AVENUE,,Minor Crash,No,2023,,South,,0,,Hill Road,,,,,,Bright sun,603800,1,0,0,2,,,0,,,,,,Auckland Region,Nil,2-way,Sealed,,0,0,,50,,Off,0,0,,76,Auckland,Nil,,,,,0,0,Urban,0,,,Fine,Null
1752524.9638,5918399.1318,886635,,515002,0,,0,2,,Null,2024/2025,TUI STREET,KIWI ROAD,,Minor Crash,No,2025,,East,,0,,Flat,,,,,,Twilight,396600,1,0,0,2,,,0,,,,,,Auckland Region,Nil,2-way,Sealed,,0,0,,50,,Off,0,0,30,76,Auckland,Stop,,,,,0,0,Urban,0,,,Fine,Null
1751900.0938,5944582.142,886641,35,506003,0,0,0,1,1,North,2024/2025,DUCK CREEK ROAD,PINESTEAD REACH,,Non-Injury Crash,No,2025,0,East,0,0,0,Hill Road,0,,0,,0,Bright sun,175812,0,0,0,2,0,0,0,0,0,,0,0,Auckland Region,Nil,2-way,Sealed,0,0,0,0,60,0,None,0,0,,76,Auckland,Nil,0,0,0,0,0,0,Urban,0,0,0,Fine,Null
1756018.0432,5918637.1522,886647,,515500,0,,0,2,,North,2023/2024,NORTH-WESTERN MOTORWAY,NEWTON ROAD OFF RAMP,,Non-Injury Crash,Yes,2024,,North,,0,,Flat,,,,,,Dark,418700,0,0,0,4,,,0,,,,,,Auckland Region,Nil,1-way,Sealed,,0,0,,80,,On,0,0,,76,Auckland,Nil,,,,,0,0,Open,0,,,Fine,Null
1747315.8186,5919565.1215,886649,,512402,0,,0,4,,Null,2024/2025,TE ATATU ROAD OFF RAMP,TE ATATU ROAD,,Non-Injury Crash,No,2025,,West,,0,,Hill Road,,,,,,Bright sun,253700,0,0,0,2,,,0,,,,,,Auckland Region,Motorway ramp,1-way,Sealed,,0,0,,50,,Off,0,0,,76,Auckland,Traffic Signals,,,,,0,0,Urban,0,,,Fine,Null
1770151.34,5902038.2198,886654,,523814,0,,0,0,,Null,2022/2023,HILL ROAD,CHARLES PREVOST DRIVE,,Non-Injury Crash,No,2023,,East,,0,,Flat,,,,,,Overcast,760702,0,0,0,2,,,0,,,,,,Auckland Region,Nil,2-way,Sealed,,0,0,,50,,Off,1,0,,76,Auckland,Traffic Signals,,,,,0,0,Urban,1,,,Light rain,Null
1759797.838,5908880.424,886655,,524121,0,0,0,1,0,North,2023/2024,SOUTH-WESTERN MOTORWAY,WALMSLEY OBR,,Non-Injury Crash,Yes,2024,0,North,0,0,0,Flat,1,,0,,0,Bright sun,737000,0,0,0,3,0,0,0,0,0,,0,0,Auckland Region,Nil,1-way,Sealed,0,0,0,0,100,0,Off,0,0,,76,Auckland,Nil,0,0,0,0,0,0,Open,0,0,0,Fine,Null
1743673.6617,5923614.93,886666,,513511,0,,0,1,,North,2023/2024,FERNHILL DRIVE,WESTGATE DRIVE,,Minor Crash,No,2023,,North,,0,,Flat,,,,,,Twilight,224306,1,0,0,3,,,0,,,1,,,Auckland Region,Nil,2-way,Sealed,,0,0,,50,,Off,0,0,,76,Auckland,Nil,,,,,0,0,Urban,0,,,Fine,Null
1751122.9139,5929862.8194,886673,,509100,0,,0,2,,North,2025/2026,UPPER HARBOUR MOTORWAY,GREENHITHE ROAD OFF RAMP,,Minor Crash,Yes,2025,,West,,0,,Flat,,,,,,Dark,181118,1,0,0,2,,,0,,,,,,Auckland Region,Nil,1-way,Sealed,,0,0,,100,,On,0,0,,76,Auckland,Nil,,,,,0,0,Open,0,,,Fine,Null
1750553.1331,5915437.1483,886675,,514802,0,,0,1,,North,2023/2024,ASH STREET,WAIRAU AVENUE,,Minor Crash,No,2024,,North,,0,,Flat,,,,,,Bright sun,387009,1,0,0,4,,,0,,,,,,Auckland Region,Nil,2-way,Sealed,,0,0,,50,,Off,0,0,,76,Auckland,Nil,,,,,1,0,Urban,0,,,Fine,Null
1758621.2227,5917575.6719,886678,,516001,0,,0,1,,Null,2022/2023,ST MARKS ROAD,ST MARKS ROAD ON RAMP,,Minor Crash,No,2023,,South,,0,,Flat,,,,,,Dark,490703,2,0,0,2,,,0,,,,,,Auckland Region,Motorway ramp,2-way,Sealed,,0,0,,50,,On,1,0,,76,Auckland,Give way,,,,,0,0,Urban,0,,,Fine,Null
1743229.1573,5925548.8533,886683,,513410,0,0,0,1,0,South,2023/2024,NORTH-WESTERN MOTORWAY,BRIGHAM CREEK ROAD,,Minor Crash,Yes,2024,0,South,0,0,0,Flat,1,,0,,0,Overcast,223200,1,0,0,2,0,0,0,0,0,,0,0,Auckland Region,Nil,1-way,Sealed,0,0,0,0,100,0,Off,0,0,,76,Auckland,Nil,0,0,0,0,0,0,Open,0,0,0,Fine,Null
1750054.2077,5916461.8335,886689,,514801,0,,0,0,,Null,2025/2026,ROSEBANK ROAD,FONTEYN STREET,,Minor Crash,No,2025,,North,,0,,Flat,,,,,,Bright sun,389101,1,0,0,2,,,0,,,1,,,Auckland Region,Nil,2-way,Sealed,,0,0,,50,,None,1,0,,76,Auckland,Stop,,,,,0,0,Urban,0,,,Fine,Null
1759158.9674,5920098.0443,886693,,515902,0,,0,1,,West,2024/2025,CLEVELAND ROAD,GLADSTONE ROAD,,Non-Injury Crash,No,2024,,West,,0,,Flat,,,,,,Overcast,453900,0,0,0,2,,,0,,,,,,Auckland Region,Nil,2-way,Sealed,,0,0,,50,,Off,0,0,,76,Auckland,Nil,,,,,0,0,Urban,1,,,Fine,Null