X,Y,OBJECTID,advisorySpeed,areaUnitID,bicycle,bridge,bus,carStationWagon,cliffBank,crashDirectionDescription,crashFinancialYear,crashLocation1,crashLocation2,crashRoadSideRoad,crashSeverity,crashSHDescription,crashYear,debris,directionRoleDescription,ditch,fatalCount,fence,flatHill,guardRail,holiday,houseOrBuilding,intersection,kerb,light,meshblockId,minorInjuryCount,moped,motorcycle,NumberOfLanes,objectThrownOrDropped,otherObject,otherVehicleType,overBank,parkedVehicle,pedestrian,phoneBoxEtc,postOrPole,region,roadCharacter,roadLane,roadSurface,roadworks,schoolBus,seriousInjuryCount,slipOrFlood,speedLimit,strayAnimal,streetLight,suv,taxi,temporarySpeedLimit,tlaId,tlaName,trafficControl,trafficIsland,trafficSign,train,tree,truck,unknownVehicleType,urban,vanOrUtility,vehicle,waterRiver,weatherA,weatherB
1745513.2479,5915230.8974,886698,,511800,0,0,0,1,0,South,2022/2023,SEYMOUR ROAD,RANGEVIEW ROAD,,Non-Injury Crash,No,2023,0,South,0,0,0,Flat,0,,0,,0,Dark,277801,0,0,0,2,0,0,0,0,0,,0,0,Auckland Region,Nil,2-way,Sealed,0,0,0,0,50,0,On,0,0,,76,Auckland,Nil,1,0,0,0,0,0,Urban,0,0,0,Light rain,Null
1772966.8257,5913532.884,886707,,523102,0,0,0,5,0,Null,2024/2025,SANDSPIT ROAD,MEADOWLAND DRIVE,,Serious Crash,No,2024,0,North,0,0,1,Flat,0,,0,,0,Dark,711029,0,0,0,2,0,0,0,0,1,,0,0,Auckland Region,Nil,2-way,Sealed,0,0,1,0,50,0,On,0,0,,76,Auckland,Give way,0,0,0,0,0,0,Urban,1,0,0,Fine,Null
1750734.8909,5929323.9017,886711,,509100,0,,0,2,,North,2024/2025,MACKAY DRIVE,GREENHITHE ROAD,,Minor Crash,No,2024,,North,,0,,Hill Road,,,,,,Bright sun,181107,2,0,0,2,,,0,,,,,,Auckland Region,Nil,2-way,Sealed,,0,0,,50,,Off,0,0,,76,Auckland,Nil,,,,,0,0,Urban,0,,,Fine,Null
1754524.3655,5916982.43,886713,,517600,0,,0,1,,North,2024/2025,MORNINGSIDE DRIVE,EXETER ROAD,,Minor Crash,No,2024,,North,,0,,Flat,,,,,,Overcast,535400,1,0,0,2,,,0,,,1,,,Auckland Region,Nil,2-way,Sealed,,0,0,,50,,Off,0,0,,76,Auckland,Nil,,,,,0,0,Urban,0,,,Fine,Null
1764598.6363,5911872.2156,886715,,520500,0,,1,2,,North,2023/2024,SOUTHERN MOTORWAY,EAST WEST LINK OFF RAMP,,Non-Injury Crash,Yes,2023,,North,,0,,Flat,,,,,,Bright sun,639500,0,0,0,3,,,0,,,,,,Auckland Region,Underpass,1-way,Sealed,,0,0,,100,,Off,0,0,,76,Auckland,Nil,,,,,0,0,Open,0,,,Fine,Null
1755276.2581,5914678.6972,886717,,518500,0,,0,1,,Null,2025/2026,LOUVAIN AVENUE,DOMINION ROAD,,Serious Crash,No,2026,,East,,0,,Flat,,,,,,Bright sun,560400,0,0,0,2,,,0,,,1,,,Auckland Region,Nil,2-way,Sealed,,0,1,,50,,Off,0,0,,76,Auckland,Stop,,,,,0,0,Urban,0,,,Fine,Null
1746551.8923,5915962.017,886719,,511800,0,,0,0,,South,2023/2024,GREAT NORTH ROAD,KIRBY STREET,,Minor Crash,No,2024,,North,,0,,Hill Road,,,,,,Overcast,276202,1,0,0,4,,,0,,,,,,Auckland Region,Nil,2-way,Sealed,,0,0,,50,,Off,1,0,,76,Auckland,Nil,,,,,0,0,Urban,1,,,Light rain,Null
1763932.1875,5913932.1532,886721,,520303,0,0,0,1,0,North,2025/2026,MOUNT WELLINGTON HIGHWAY,ROWLANDS AVENUE,,Non-Injury Crash,No,2025,0,North,0,0,0,Hill Road,0,,0,,0,Bright sun,627600,0,0,0,4,0,0,0,0,0,,0,1,Auckland Region,Nil,2-way,Sealed,0,0,0,0,50,0,Off,0,0,,76,Auckland,Nil,0,0,0,0,0,0,Urban,0,0,0,Fine,Null
1759657.661,5917946.4744,886725,,516101,0,0,0,0,0,South,2025/2026,ARNEY ROAD,ARNEY CRESCENT,,Minor Crash,No,2026,0,North,0,0,0,Hill Road,0,Christmas New Year,0,,0,Bright sun,482300,1,0,0,2,0,0,0,0,1,,0,0,Auckland Region,Nil,2-way,Sealed,0,0,0,0,50,0,Off,0,0,,76,Auckland,Nil,0,0,0,1,0,0,Urban,2,0,0,Fine,Null
1753430.3243,5918309.9269,886731,,515003,0,0,0,1,0,Null,2023/2024,NORTH-WESTERN MOTORWAY,ST LUKES ROAD ON RAMP,,Minor Crash,Yes,2024,0,West,0,0,0,Flat,1,,0,,0,Bright sun,390502,1,0,0,5,0,0,0,0,0,,0,0,Auckland Region,Nil,1-way,Sealed,0,0,0,0,100,0,Off,0,0,,76,Auckland,Nil,0,0,0,0,0,0,Open,0,0,0,Fine,Null
1737987.6032,5925992.3491,886733,,505700,0,,0,0,,Null,2025/2026,HANHAM ROAD,WAITAKERE ROAD,,Serious Crash,No,2026,,East,,0,,Flat,,,,,,Bright sun,216401,0,0,1,2,,,0,,,,,,Auckland Region,Nil,2-way,Sealed,,0,1,,80,,None,0,0,,76,Auckland,Give way,,,,,0,0,Open,1,,,Fine,Null
1747242.6647,5971596.5314,886735,,506661,0,0,0,1,0,South,2023/2024,SH 1,NORTHERN MOTORWAY,,Non-Injury Crash,Yes,2023,0,North,0,0,0,Flat,1,Christmas New Year,0,,0,Bright sun,139106,0,0,0,2,0,0,0,0,0,,0,0,Auckland Region,Nil,2-way,Sealed,0,0,0,0,60,0,Off,0,0,,76,Auckland,Nil,0,0,0,0,0,0,Urban,0,0,0,Fine,Null
1753332.4039,5914273.7127,886745,,518801,0,,0,2,,Null,2025/2026,RICHARDSON ROAD,MAIORO STREET,,Non-Injury Crash,No,2025,,South,,0,,Flat,,,,,,Bright sun,578400,0,0,0,6,,,0,,,,,,Auckland Region,Nil,2-way,Sealed,,0,0,,50,,Null,0,0,,76,Auckland,Traffic Signals,,,,,0,0,Urban,0,,,Fine,Null
1756124.1016,5937587.8154,886747,,506903,0,0,0,1,0,West,2023/2024,WAIRERE ROAD,WATEA ROAD,,Non-Injury Crash,No,2023,0,West,0,0,0,Flat,0,,0,,0,Unknown,167900,0,0,0,2,0,0,0,0,1,,0,0,Auckland Region,Nil,2-way,Sealed,0,0,0,0,50,0,Null,0,0,,76,Auckland,Nil,0,0,0,0,1,0,Urban,0,0,0,Null,Null
1770153.0374,5898375.6127,886748,,523920,0,,0,1,,South,2022/2023,SOUTHERN MOTORWAY,WALTER STREVENS OBR,,Minor Crash,Yes,2023,,North,,0,,Flat,,,,,,Twilight,767918,1,0,0,3,,,0,,,,,,Auckland Region,Nil,1-way,Sealed,,0,0,,100,,Off,0,0,,76,Auckland,Nil,,,,,1,0,Open,1,,,Fine,Null
1748624.3469,5918656.5738,886749,,514801,0,,0,2,,North,2024/2025,NORTH-WESTERN MOTORWAY,PATIKI FTBR,,Non-Injury Crash,Yes,2024,,East,,0,,Flat,,,,,,Dark,389200,0,0,0,4,,,0,,,,,,Auckland Region,Nil,1-way,Sealed,,0,0,,100,,On,0,0,,76,Auckland,Nil,,,,,0,0,Open,0,,,Fine,Null
1746341.4216,5925843.7948,886753,,513432,0,0,0,2,0,North,2024/2025,HOBSONVILLE ROAD,LAURENSON ROAD,,Minor Crash,No,2024,0,South,0,0,0,Flat,0,,0,,0,Dark,223005,2,0,0,3,0,0,0,0,1,,0,0,Auckland Region,Nil,2-way,Sealed,0,0,0,0,50,0,On,0,0,,76,Auckland,Nil,0,0,0,0,0,0,Urban,0,0,0,Fine,Null
1766151.8381,5906182.7078,886757,,522302,0,,0,2,,Null,2024/2025,GREAT SOUTH ROAD,WATSON PLACE,,Non-Injury Crash,No,2024,,North,,0,,Flat,,,,,,Bright sun,668802,0,0,0,2,,,0,,,,,,Auckland Region,Nil,2-way,Sealed,,0,0,,50,,Off,0,0,,76,Auckland,Nil,,,,,0,0,Urban,0,,,Fine,None
1741269.6312,5983571.2702,886769,,506660,0,0,0,0,0,East,2025/2026,WHANGARIPO VALLEY ROAD,TOMARATA VALLEY ROAD,,Minor Crash,No,2025,0,East,0,0,1,Flat,0,,0,,0,Bright sun,136101,1,0,1,2,0,0,0,0,0,,0,0,Auckland Region,Nil,2-way,Sealed,0,0,0,0,100,0,None,0,0,,76,Auckland,Nil,0,0,0,0,0,0,Open,0,0,0,Fine,Null
1755587.7189,5924647.1593,886777,,509800,0,,0,1,,West,2025/2026,ONEWA ROAD,QUEEN STREET,,Non-Injury Crash,No,2026,,East,,0,,Flat,,,,,,Twilight,360300,0,0,0,4,,,0,,,,,,Auckland Region,Nil,2-way,Sealed,,0,0,,50,,Off,0,0,,76,Auckland,Nil,,,,,1,0,Urban,0,,,Fine,Null
1767291.527,5903034.1417,886781,,524602,0,,0,1,,North,2023/2024,DRUCES ROAD,DRUCES ROAD,,Non-Injury Crash,No,2023,,South,,0,,Flat,,,,,,Overcast,780414,0,0,0,3,,,0,,,,,,Auckland Region,Nil,2-way,Sealed,,0,0,,50,,Off,0,0,,76,Auckland,Nil,,,,,0,1,Urban,0,,,Fine,None
1749924.8437,5913723.2594,886789,,511303,0,,0,1,,South,2024/2025,RANKIN AVENUE,CLARK STREET,,Minor Crash,No,2024,,West,,0,,Flat,,,,,,Bright sun,265001,1,0,0,3,,,0,,,1,,,Auckland Region,Nil,2-way,Sealed,,0,0,,50,,None,0,0,,76,Auckland,Nil,,,,,0,0,Urban,0,,,Fine,None
1767120.9999,5904736.9961,886793,,524604,0,,0,1,,Null,2022/2023,CAVENDISH DRIVE,SHARKEY STREET,,Non-Injury Crash,No,2023,,North,,0,,Flat,,,,,,Bright sun,780209,0,0,0,4,,,0,,,,,,Auckland Region,Nil,2-way,Sealed,,0,0,,60,,Off,0,0,,76,Auckland,Traffic Signals,,,,,0,1,Urban,0,,,Fine,None
1768638.5731,5901087.2631,886797,,525001,0,0,0,1,0,Null,2025/2026,STATION ROAD,GREAT SOUTH ROAD,,Minor Crash,No,2026,0,West,0,0,0,Flat,0,,0,,0,Overcast,751500,1,0,0,3,0,0,0,0,1,,0,0,Auckland Region,Nil,2-way,Sealed,0,0,0,0,50,0,Off,0,0,30,76,Auckland,Traffic Signals,0,0,0,0,0,0,Urban,1,0,0,Heavy rain,Null
1755782.5851,5918399.0541,886800,,515500,0,,0,0,,East,2022/2023,NORTH-WESTERN MOTORWAY,BOND OBR,,Minor Crash,Yes,2023,,East,,0,,Flat,,,,,,Overcast,418500,1,0,1,5,,,0,,,,,,Auckland Region,Nil,1-way,Sealed,,0,0,,80,,Off,0,0,,76,Auckland,Nil,,,,,0,0,Open,1,,,Light rain,Null
1758094.1249,5915406.7322,886803,,519300,0,,0,1,,Null,2024/2025,MANUKAU ROAD,ARCADIA ROAD,,Non-Injury Crash,No,2024,,North,,0,,Null,,,,,,Bright sun,624000,0,0,1,4,,,0,,,,,,Auckland Region,Nil,2-way,Sealed,,0,0,,50,,Null,0,0,,76,Auckland,Nil,,,,,0,0,Urban,0,,,Light rain,Null
1757598.5145,5913588.7088,886804,,518702,0,,0,3,,West,2022/2023,MOUNT ALBERT ROAD,PAH ROAD,,Non-Injury Crash,No,2023,,East,,0,,Flat,,,,,,Overcast,567600,0,0,0,4,,,0,,,,,,Auckland Region,Nil,2-way,Sealed,,0,0,,50,,Off,0,0,,76,Auckland,Nil,,,,,0,0,Urban,0,,,Fine,Null
1746313.2174,5918724.4387,886814,,512401,0,0,0,2,1,West,2022/2023,SCHOOL ROAD,EDMONTON ROAD,,Minor Crash,No,2023,0,West,0,0,0,Flat,0,,0,,0,Bright sun,256000,1,0,0,2,0,0,0,0,1,,0,0,Auckland Region,Nil,2-way,Sealed,0,0,0,0,50,0,Off,0,0,,76,Auckland,Nil,0,0,0,0,0,0,Urban,0,0,0,Fine,Null
1768574.6237,5883312.3278,886816,,521111,0,,0,0,,South,2023/2024,PAERATA ROAD,BUTCHER ROAD,,Fatal Crash,Yes,2023,,South,,1,,Flat,,,,,,Bright sun,826602,0,0,0,2,,,0,,,,,,Auckland Region,Nil,2-way,Sealed,,0,2,,60,,None,1,0,,76,Auckland,Nil,,,,,0,0,Urban,1,,,Fine,Null
1753462.506,5919606.3815,886820,,515100,0,0,0,2,0,Null,2022/2023,NOTLEY STREET,GARNET ROAD,,Non-Injury Crash,No,2023,0,South,0,0,0,Hill Road,0,,0,,0,Dark,397700,0,0,0,2,0,0,0,0,1,,0,0,Auckland Region,Nil,2-way,Sealed,0,0,0,0,50,0,On,0,0,,76,Auckland,Give way,0,0,0,0,0,0,Urban,0,0,0,Fine,Null
1758037.0934,5917931.7672,886824,,515700,0,,0,2,,South,2022/2023,SOUTHERN MOTORWAY,GILLIES AVENUE OFF RAMP,,Non-Injury Crash,Yes,2023,,South,,0,,Hill Road,,,,,,Bright sun,443200,0,0,0,4,,,0,,,,,,Auckland Region,Motorway ramp,1-way,Sealed,,0,0,,80,,Off,0,0,,76,Auckland,Nil,,,,,0,0,Open,0,,,Fine,Null
1772663.9686,5901183.2001,886827,,523911,0,,0,2,,South,2023/2024,MILL ROAD,ALFRISTON ROAD,,Non-Injury Crash,No,2024,,North,,0,,Hill Road,,,,,,Dark,767201,0,0,0,2,,,0,,,,,,Auckland Region,Nil,2-way,Sealed,,0,0,,80,,None,0,0,,76,Auckland,Nil,,,,,0,0,Open,0,,,Fine,Null
1756269.3386,5919278.1094,886828,,514200,0,,0,0,,North,2023/2024,KARANGAHAPE ROAD,PONSONBY ROAD,,Minor Crash,No,2023,,North,,0,,Flat,,,,,,Twilight,411700,1,0,1,5,,,0,,,,,,Auckland Region,Nil,2-way,Sealed,,0,0,,30,,On,0,0,,76,Auckland,Nil,,,,,0,0,Urban,0,,,Fine,Null
1764659.0664,5905720.2555,886837,,522100,0,,0,2,,Null,2025/2026,STATION ROAD,WYLLIE ROAD,,Minor Crash,No,2025,,West,,0,,Flat,,,,,,Bright sun,659702,1,0,0,1,,,0,,,,,,Auckland Region,Nil,1-way,Sealed,,0,0,,50,,Off,0,0,,76,Auckland,Give way,,,,,0,0,Urban,0,,,Fine,Null
1765471.6637,5908932.8954,886843,,523402,0,,0,2,,North,2024/2025,SOUTHERN MOTORWAY,HIGHBROOK OBR,,Minor Crash,Yes,2025,,South,,0,,Flat,,,,,,Overcast,696900,1,0,1,3,,,0,,,,,,Auckland Region,Nil,1-way,Sealed,,0,0,,100,,Off,1,0,,76,Auckland,Nil,,,,,0,0,Open,0,,,Fine,Null
1768681.2639,5911160.168,886846,,523112,0,,0,2,,Null,2022/2023,CRYERS ROAD,TRUGOOD DRIVE,,Non-Injury Crash,No,2023,,East,,0,,Null,,,,,,Unknown,711404,0,0,0,2,,,0,,,,,,Auckland Region,Nil,2-way,Sealed,,0,0,,50,,Null,0,0,,76,Auckland,Give way,,,,,0,0,Urban,0,,,Null,Null
1768954.3543,5911182.6974,886849,,523112,0,,0,1,,Null,2024/2025,HARRIS ROAD,CRYERS ROAD,,Non-Injury Crash,No,2025,,North,,0,,Flat,,,,,,Bright sun,711404,0,0,1,4,,,0,,,,,,Auckland Region,Nil,2-way,Sealed,,0,0,,50,,Off,0,0,,76,Auckland,Give way,,,,,0,0,Urban,0,,,Light rain,None
1765285.2486,5900625.9083,886852,,524821,0,0,0,1,0,North,2023/2024,FINLAYSON AVENUE,BUNDENA PLACE,,Minor Crash,No,2023,0,South,0,0,0,Flat,0,,0,,0,Dark,774408,1,0,0,2,0,0,0,0,0,,1,0,Auckland Region,Nil,2-way,Sealed,0,0,0,0,50,0,On,0,0,,76,Auckland,Nil,0,0,0,0,0,0,Urban,0,0,0,Fine,Null
1747185.6234,5913815.3541,886853,,511100,0,,0,1,,Null,2024/2025,GLENVIEW ROAD,WEST COAST ROAD,,Non-Injury Crash,No,2024,,South,,0,,Null,,,,,,Overcast,286100,0,0,0,4,,,0,,,,,,Auckland Region,Nil,2-way,Sealed,,0,0,,50,,Null,1,0,,76,Auckland,Traffic Signals,,,,,0,0,Urban,0,,,Light rain,Null
1762884.5083,5917314.3139,886855,,516302,0,0,0,2,0,Null,2023/2024,OFF ROAD-CAR PARK,,,Minor Crash,No,2024,0,East,0,0,0,Flat,0,,0,,0,Bright sun,462808,1,0,0,,0,0,0,0,1,,0,0,Auckland Region,Nil,Off road,Sealed,0,0,0,0,,0,Off,0,0,,76,Auckland,Nil,0,0,0,0,0,0,Urban,1,0,0,Fine,Null
1745317.3499,5920889.4816,886860,,513301,0,0,0,2,0,South,2022/2023,NORTH-WESTERN MOTORWAY,HURUHURU CK BR,,Non-Injury Crash,Yes,2023,0,South,0,0,0,Hill Road,1,,0,,0,Dark,230200,0,0,0,3,0,0,0,0,0,,0,0,Auckland Region,Motorway ramp,1-way,Sealed,0,0,0,0,100,0,On,0,0,,76,Auckland,Nil,0,0,0,0,0,0,Open,0,0,0,Fine,Null
1750617.1975,5914602.1653,886877,,514402,0,,0,1,,East,2024/2025,GREAT NORTH ROAD,PORTAGE ROAD,,Non-Injury Crash,No,2025,,West,,0,,Null,,,,,,Dark,381102,0,0,0,4,,,0,,,,,,Auckland Region,Nil,2-way,Sealed,,0,0,,50,,Null,0,0,,76,Auckland,Nil,,,,,0,0,Urban,1,,,Fine,Null
1735042.9088,5939888.0664,886883,65,506646,0,0,0,0,0,South,2024/2025,PEAK ROAD,SHANKS ROAD,,Minor Crash,No,2024,0,North,0,0,0,Hill Road,0,,0,,0,Bright sun,211800,1,0,1,2,0,0,0,0,0,,0,0,Auckland Region,Nil,2-way,Sealed,0,0,0,0,80,0,None,0,0,,76,Auckland,Nil,0,0,0,2,0,0,Open,0,0,0,Fine,Null
1765566.2766,5916232.6964,886886,,517100,0,,0,1,,Null,2022/2023,APIRANA AVENUE,PILKINGTON ROAD,,Non-Injury Crash,No,2023,,South,,0,,Flat,,,,,,Bright sun,477900,0,0,0,2,,,0,,,,,,Auckland Region,Nil,1-way,Sealed,,0,0,,50,,Off,0,0,,76,Auckland,Give way,,,,,1,0,Urban,0,,,Fine,Null
1754539.1818,5911988.4822,886887,35,519002,0,0,0,1,0,South,2023/2024,DOMINION ROAD EXTENSION,MARYDALE DRIVE,,Non-Injury Crash,No,2024,0,North,0,0,0,Flat,0,,0,,0,Bright sun,589802,0,0,0,2,0,0,0,0,1,,0,0,Auckland Region,Nil,2-way,Sealed,0,0,0,0,50,0,Off,0,0,,76,Auckland,Nil,0,0,0,0,0,0,Urban,1,0,0,Fine,Null
1749100.6714,5927771.8129,886895,,509100,0,,0,3,,West,2023/2024,UPPER HARBOUR MOTORWAY,TAUHINU ROAD OFF RAMP,,Minor Crash,Yes,2024,,East,,0,,Hill Road,,,,,,Overcast,181400,1,0,0,3,,,0,,,,,,Auckland Region,Nil,1-way,Sealed,,0,0,,100,,None,0,0,,76,Auckland,Nil,,,,,0,0,Open,0,,,Fine,Null
1744003.6788,5917019.6806,886898,,513220,0,0,0,1,0,South,2022/2023,STURGES ROAD,SPENCE ROAD,,Non-Injury Crash,No,2023,0,North,0,0,0,Hill Road,0,Queens Birthday,0,,0,Dark,236715,0,0,0,2,0,0,0,0,0,,0,1,Auckland Region,Nil,2-way,Sealed,0,0,0,0,50,0,On,0,0,,76,Auckland,Nil,0,1,0,0,0,0,Urban,0,0,0,Light rain,Null
1756583.1373,5919268.3557,886905,,514200,0,0,0,1,0,South,2024/2025,PORT TO NORTHERN LINK,KARANGAHAPE OBR,,Non-Injury Crash,Yes,2025,0,North,0,0,0,Flat,1,,0,,0,Dark,411900,0,0,0,1,0,0,0,0,0,,0,0,Auckland Region,Bridge,1-way,Sealed,0,0,0,0,80,0,On,0,0,,76,Auckland,Nil,0,0,0,0,0,0,Open,0,0,0,Fine,Null
1769335.0428,5899473.4048,886907,,525002,0,0,0,1,0,South,2023/2024,HOLMES ROAD,MAHIA ROAD,,Non-Injury Crash,No,2024,0,South,0,0,0,Flat,0,,0,,1,Bright sun,754100,0,0,0,2,0,0,0,0,0,,0,0,Auckland Region,Nil,2-way,Sealed,0,0,0,0,50,0,Off,0,0,,76,Auckland,Nil,0,0,0,0,0,0,Urban,0,0,0,Fine,Frost
1767656.5538,5907861.7472,886913,,523502,0,0,0,1,0,Null,2024/2025,HILLS ROAD,CAREY PLACE,,Non-Injury Crash,No,2025,0,South,0,0,0,Flat,0,,0,,0,Dark,704000,0,0,0,2,0,0,0,0,0,,0,1,Auckland Region,Nil,2-way,Sealed,0,0,0,0,50,0,On,0,0,30,76,Auckland,Nil,0,0,0,1,0,0,Urban,0,0,0,Fine,Null
1755503.6426,5924679.6744,886917,,509800,0,,0,2,,Null,2024/2025,ONEWA ROAD,LAKE ROAD,,Non-Injury Crash,No,2024,,East,,0,,Null,,,,,,Dark,360400,0,0,0,4,,,0,,,,,,Auckland Region,Nil,2-way,Sealed,,0,0,,50,,On,0,0,,76,Auckland,Traffic Signals,,,,,0,0,Urban,0,,,Light rain,Null
1762349.598,5913385.7996,886919,,520402,0,,1,1,,South,2023/2024,SOUTHERN MOTORWAY,PENROSE OBR,,Non-Injury Crash,Yes,2023,,South,,0,,Flat,,,,,,Bright sun,642200,0,0,0,3,,,0,,,,,,Auckland Region,Nil,1-way,Sealed,,1,0,,100,,Off,0,0,,76,Auckland,Nil,,,,,0,0,Open,1,,,Fine,Null
1746338.0802,5973227.358,886922,,506661,0,0,0,1,0,North,2022/2023,SH 1,CHRISTINE PLACE,,Non-Injury Crash,Yes,2023,0,South,0,0,0,Flat,1,,0,,0,Overcast,138900,0,0,0,2,0,0,0,0,0,,0,0,Auckland Region,Nil,2-way,Sealed,0,0,0,0,80,0,None,0,0,,76,Auckland,Nil,0,0,0,0,0,0,Open,0,0,0,Fine,Null
1747166.0406,5919778.4391,886923,,512300,0,,0,3,,North,2023/2024,TE ATATU ROAD ON RAMP,TE ATATU ROAD,,Non-Injury Crash,No,2023,,South,,0,,Flat,,,,,,Bright sun,251700,0,0,0,2,,,0,,,,,,Auckland Region,Motorway ramp,1-way,Sealed,,0,0,,50,,Off,0,0,,76,Auckland,Nil,,,,,0,0,Urban,0,,,Fine,Null
1754427.0099,5916286.0578,886927,,517702,0,0,0,1,0,Null,2023/2024,FOWLDS AVENUE,LOCARNO AVENUE,,Non-Injury Crash,No,2024,0,South,0,0,1,Flat,0,,0,,1,Dark,540201,0,0,0,2,0,0,0,0,0,,0,0,Auckland Region,Nil,2-way,Sealed,0,0,0,0,50,0,On,0,0,,76,Auckland,Stop,1,0,0,0,0,0,Urban,0,0,0,Fine,Null
1772741.1718,5892874.3567,886929,,521301,0,,0,1,,North,2024/2025,SOUTHERN MOTORWAY,SLIPPERY CK BR,,Non-Injury Crash,Yes,2025,,South,,0,,Flat,,,,,,Overcast,808608,0,0,0,3,,,0,,,,,,Auckland Region,Nil,1-way,Sealed,,0,0,,100,,On,1,0,80,76,Auckland,Nil,,,,,0,0,Open,0,,,Fine,Null
1768781.3499,5905022.2542,886935,,523722,0,,0,2,,Null,2022/2023,ASPIRING AVENUE,HOLLYFORD DRIVE,,Non-Injury Crash,No,2023,,West,,0,,Flat,,,,,,Bright sun,716013,0,0,0,2,,,0,,,,,,Auckland Region,Nil,2-way,Sealed,,0,0,,50,,Off,0,0,,76,Auckland,Give way,,,,,0,0,Urban,0,,,Fine,None
1772032.5117,5894024.1654,886939,,521201,0,,0,1,,North,2023/2024,SOUTHERN MOTORWAY,PARK ESTATE OBR,,Non-Injury Crash,Yes,2024,,North,,0,,Flat,,,,,,Overcast,806800,0,0,0,2,,,0,,,,,,Auckland Region,Nil,1-way,Sealed,,0,0,,100,,Off,3,0,80,76,Auckland,Nil,,,,,0,0,Open,0,,,Fine,Null
1749779.1116,5913909.541,886959,,511303,0,,0,1,,Null,2024/2025,GREAT NORTH ROAD,TOTARA AVENUE,,Minor Crash,No,2024,,South,,0,,Flat,,,,,,Overcast,267000,1,0,0,5,,,0,,,1,,,Auckland Region,Speed hump,2-way,Sealed,,0,0,,50,,On,0,0,,76,Auckland,Give way,,,,,0,0,Urban,0,,,Light rain,Null
1751843.8135,5915395.8432,886966,,517901,0,,0,1,,South,2023/2024,NEW NORTH ROAD,BOLLARD AVENUE,,Minor Crash,No,2023,,South,,0,,Flat,,,,,,Dark,523800,1,0,1,5,,,0,,,,,,Auckland Region,Nil,2-way,Sealed,,0,0,,50,,On,0,0,,76,Auckland,Nil,,,,,0,0,Urban,0,,,Fine,Null
1768359.9984,5911086.056,886971,,523112,0,,0,2,,Null,2024/2025,CRYERS ROAD,CARPENTER ROAD,,Minor Crash,No,2024,,East,,0,,Flat,,,,,,Overcast,711404,1,0,0,2,,,0,,,,,,Auckland Region,Nil,2-way,Sealed,,0,0,,50,,Off,0,0,,76,Auckland,Give way,,,,,0,0,Urban,0,,,Fine,Null
1762475.2184,5913156.804,886975,,520500,0,,0,0,,South,2023/2024,SOUTHERN MOTORWAY,SOUTH-EASTERN HWY ON RAMP,,Non-Injury Crash,Yes,2024,,North,,0,,Flat,,,,,,Bright sun,637200,0,0,0,3,,,0,,,,,,Auckland Region,Nil,1-way,Sealed,,0,0,,100,,Off,1,0,,76,Auckland,Nil,,,,,0,0,Open,1,,,Fine,Null
1755054.4812,5927766.6186,886977,,508620,0,,0,0,,East,2024/2025,SUNNYBRAE ROAD,ARCHERS ROAD,,Non-Injury Crash,No,2025,,North,,0,,Null,,,,,,Twilight,202700,0,0,0,2,,,0,,,,,,Auckland Region,Nil,2-way,Sealed,,0,0,,50,,Null,1,0,,76,Auckland,Nil,,,,,0,1,Urban,0,,,Fine,Null
1746027.0191,5926113.0193,886981,,513410,0,,0,1,,Null,2024/2025,BRIGHAM CREEK ROAD,SINTON ROAD,,Non-Injury Crash,No,2025,,East,,0,,Flat,,,,,,Bright sun,223801,0,0,0,2,,,0,,,,,,Auckland Region,Motorway ramp,1-way,Sealed,,0,0,,100,,Off,0,0,,76,Auckland,Give way,,,,,0,0,Open,0,,,Fine,Null
1743336.0045,5931391.6766,886986,,506400,0,,0,1,,West,2022/2023,COATESVILLE-RIVERHEAD HIGHWAY,BARRETT ROAD,,Non-Injury Crash,No,2023,,West,,0,,Hill Road,,,,,,Bright sun,216800,0,0,0,2,,,0,,,,,,Auckland Region,Nil,2-way,Sealed,,0,0,,60,,None,1,0,,76,Auckland,Nil,,,,,0,0,Urban,0,,,Fine,Null
1758126.8884,5917789.1312,886987,,515700,0,,0,2,,Null,2024/2025,GILLIES AVENUE,GILLIES AVENUE ON RAMP,,Minor Crash,No,2024,,North,,0,,Flat,,,,,,Dark,443700,1,0,0,1,,,0,,,,,,Auckland Region,Motorway ramp,2-way,Sealed,,0,0,,50,,On,0,0,,76,Auckland,Traffic Signals,,,,,0,0,Urban,0,,,Fine,Null
1770494.257,5908323.8317,886991,,523115,0,,0,1,,West,2023/2024,BAVERSTOCK ROAD,MAYPARK CRESCENT,,Minor Crash,No,2024,,West,,0,,Flat,,,,,,Bright sun,712113,1,0,0,2,,,0,,,1,,,Auckland Region,Nil,2-way,Sealed,,0,0,,50,,Off,0,0,30,76,Auckland,Nil,,,,,0,0,Urban,0,,,Fine,Null
1756757.0547,5919200.1922,886993,,514200,0,0,0,1,0,West,2024/2025,NORTHERN TO PORT MOTORWAY,UPPER QUEEN OBR,,Non-Injury Crash,Yes,2025,0,East,0,0,0,Flat,1,,0,,0,Bright sun,412900,0,0,0,1,0,0,0,0,0,,0,0,Auckland Region,Nil,1-way,Sealed,0,0,0,0,80,0,Off,0,0,,76,Auckland,Nil,0,0,0,0,0,0,Open,0,0,0,Fine,Null