X,Y,OBJECTID,advisorySpeed,areaUnitID,bicycle,bridge,bus,carStationWagon,cliffBank,crashDirectionDescription,crashFinancialYear,crashLocation1,crashLocation2,crashRoadSideRoad,crashSeverity,crashSHDescription,crashYear,debris,directionRoleDescription,ditch,fatalCount,fence,flatHill,guardRail,holiday,houseOrBuilding,intersection,kerb,light,meshblockId,minorInjuryCount,moped,motorcycle,NumberOfLanes,objectThrownOrDropped,otherObject,otherVehicleType,overBank,parkedVehicle,pedestrian,phoneBoxEtc,postOrPole,region,roadCharacter,roadLane,roadSurface,roadworks,schoolBus,seriousInjuryCount,slipOrFlood,speedLimit,strayAnimal,streetLight,suv,taxi,temporarySpeedLimit,tlaId,tlaName,trafficControl,trafficIsland,trafficSign,train,tree,truck,unknownVehicleType,urban,vanOrUtility,vehicle,waterRiver,weatherA,weatherB
1756867.9023,5919145.201,886999,,514200,0,,0,1,,West,2022/2023,IAN MCKINNON DRIVE,UPPER QUEEN STREET,,Non-Injury Crash,No,2023,,East,,0,,Flat,,,,,,Overcast,412900,0,0,0,4,,,0,,,,,,Auckland Region,Motorway ramp,2-way,Sealed,,0,0,,50,,Off,0,0,,76,Auckland,Nil,,,,,1,0,Urban,0,,,Fine,Null
1756550.1796,5915987.8672,887017,,518301,0,,0,0,,East,2024/2025,BALMORAL ROAD,RUAPEHU STREET,,Minor Crash,No,2025,,East,,0,,Hill Road,,,,,,Dark,556500,1,0,0,4,,,0,,,,,,Auckland Region,Nil,2-way,Sealed,,0,0,,50,,On,1,0,40,76,Auckland,Nil,,,,,0,0,Urban,0,,,Fine,Null
1769203.1522,5902453.1326,887019,,523814,0,,0,1,,South,2023/2024,SOUTHERN MOTORWAY,PUHINUI STM BR,,Non-Injury Crash,Yes,2024,,South,,0,,Flat,,,,,,Overcast,760701,0,0,0,4,,,0,,,,,,Auckland Region,Nil,1-way,Sealed,,0,0,,100,,Off,0,0,,76,Auckland,Nil,,,,,0,0,Open,1,,,Fine,Null
1757106.8478,5930147.5917,887021,,507720,0,0,0,1,0,South,2024/2025,PARR TERRACE,SEAVIEW ROAD,,Non-Injury Crash,No,2025,0,East,0,0,0,Null,0,,0,,0,Bright sun,312200,0,0,0,2,0,0,0,0,1,,0,0,Auckland Region,Nil,2-way,Sealed,0,0,0,0,50,0,Null,0,0,,76,Auckland,Nil,0,0,0,0,1,0,Urban,0,0,0,Fine,Null
1770472.9453,5904581.3915,887022,,523820,0,,0,2,,Null,2022/2023,MURPHYS ROAD,REDOUBT ROAD,,Non-Injury Crash,No,2023,,South,,0,,Hill Road,,,,,,Overcast,760000,0,0,0,2,,,0,,,,,,Auckland Region,Nil,2-way,Sealed,,0,0,,60,,Off,0,0,,76,Auckland,Stop,,,,,0,0,Urban,0,,,Fine,Frost
1747626.204,5913714.2693,887026,,511100,0,,0,2,,South,2022/2023,MALAM STREET,CLAYBURN ROAD,,Non-Injury Crash,No,2023,,North,,0,,Flat,,,,,,Bright sun,285600,0,0,0,2,,,0,,,,,,Auckland Region,Nil,2-way,Sealed,,0,0,,50,,Off,0,0,,76,Auckland,Nil,,,,,0,0,Urban,0,,,Fine,Null
1755122.6273,5927162.26,887027,,508620,0,0,0,1,0,Null,2023/2024,CORONATION ROAD,HILLCREST AVENUE,,Non-Injury Crash,No,2024,0,East,0,0,0,Hill Road,0,,0,,0,Dark,203500,0,0,0,2,0,0,0,0,0,,0,1,Auckland Region,Nil,2-way,Sealed,0,0,0,0,50,0,On,0,0,,76,Auckland,Stop,0,0,0,0,0,0,Urban,0,0,0,Fine,Null
1773224.3228,5910324.34,887031,,523202,0,,0,3,,North,2023/2024,WHITFORD ROAD,WHITFORD ROAD,,Non-Injury Crash,No,2024,,West,,0,,Flat,,,,,,Bright sun,717503,0,0,0,1,,,0,,,,,,Auckland Region,Nil,2-way,Sealed,,0,0,,60,,Off,0,0,,76,Auckland,Nil,,,,,0,0,Urban,0,,,Fine,Null
1759834.638,5912259.5976,887037,,520000,1,,0,1,,Null,2025/2026,CHURCH STREET,ALFRED STREET,,Serious Crash,No,2025,,West,,0,,Hill Road,,,,,,Overcast,607200,0,0,0,2,,,0,,,,,,Auckland Region,Nil,2-way,Sealed,,0,1,,50,,Off,0,0,,76,Auckland,Stop,,,,,0,0,Urban,0,,,Fine,Null
1746654.1244,5917876.5246,887039,,512500,1,,0,1,,North,2024/2025,TE ATATU ROAD,ROBERTS ROAD,,Serious Crash,No,2025,,South,,0,,Flat,,,,,,Bright sun,257300,0,0,0,2,,,0,,,,,,Auckland Region,Nil,2-way,Sealed,,0,1,,50,,Off,0,0,,76,Auckland,Nil,,,,,0,0,Urban,0,,,Fine,Null
1746354.1482,5940680.3491,887041,,506300,0,,0,1,,South,2024/2025,DAIRY FLAT HIGHWAY,LANDFILL ACCESS ROAD,,Non-Injury Crash,No,2025,,South,,0,,Flat,,,,,,Overcast,175903,0,0,0,2,,,0,,,,,,Auckland Region,Nil,2-way,Sealed,,0,0,,80,,Off,0,0,,76,Auckland,Nil,,,,,0,0,Open,1,,,Light rain,Null
1751628.0373,5913198.0845,887043,,514600,0,0,0,3,0,Null,2023/2024,BLOCKHOUSE BAY ROAD,CLELAND CRESCENT,,Non-Injury Crash,No,2024,0,North,0,0,0,Flat,0,,0,,0,Bright sun,372900,0,0,0,2,0,0,0,0,1,,0,0,Auckland Region,Nil,2-way,Sealed,0,0,0,0,50,0,Off,1,0,,76,Auckland,Give way,0,0,0,0,0,0,Urban,0,0,0,Fine,Null
1744914.5345,5919227.7914,887045,,513301,0,0,0,0,0,East,2025/2026,POMARIA ROAD,KINGDALE ROAD,,Non-Injury Crash,No,2025,0,East,0,0,1,Flat,0,,0,,0,Twilight,232101,0,0,0,2,0,0,0,0,0,,0,0,Auckland Region,Nil,2-way,Sealed,0,0,0,0,50,0,On,0,0,,76,Auckland,Nil,0,0,0,0,0,0,Urban,0,0,0,Fine,Null
1754275.7581,5915267.5977,887050,,517702,1,,0,1,,Null,2022/2023,MOUNT ALBERT ROAD,DUNCAN AVENUE,,Serious Crash,No,2023,,South,,0,,Flat,,,,,,Bright sun,542400,0,0,0,4,,,0,,,,,,Auckland Region,Nil,2-way,Sealed,,0,1,,50,,Off,0,0,,76,Auckland,Give way,,,,,0,0,Urban,0,,,Fine,Null
1763579.278,5906399.5469,887055,,524303,0,,0,0,,Null,2024/2025,PARK AVENUE,PORTAGE ROAD,,Serious Crash,No,2025,,South,,0,,Flat,,,,,,Dark,655702,0,0,0,2,,,0,,,1,,,Auckland Region,Nil,2-way,Sealed,,0,1,,50,,On,0,0,,76,Auckland,Stop,,,,,0,0,Urban,1,,,Fine,Null
1754245.4514,5920560.7835,887057,,515201,0,0,0,1,0,Null,2023/2024,JERVOIS ROAD,WEST END ROAD,,Non-Injury Crash,No,2024,0,East,0,0,0,Flat,0,,0,,0,Bright sun,422100,0,0,0,2,0,0,0,0,0,,0,1,Auckland Region,Nil,2-way,Sealed,0,0,0,0,50,0,Off,1,0,,76,Auckland,Give way,0,0,0,0,0,0,Urban,0,0,0,Fine,Null
1768060.2353,5905589.984,887061,45,523721,0,,0,2,,Null,2023/2024,BOUNDARY ROAD,SANDRINE AVENUE,,Non-Injury Crash,No,2024,,East,,0,,Flat,,,,,,Overcast,715507,0,0,0,1,,,0,,,,,,Auckland Region,Nil,2-way,Sealed,,0,0,,50,,Off,0,0,,76,Auckland,Give way,,,,,0,0,Urban,0,,,Fine,Strong wind
1768288.6975,5912822.1641,887066,,523000,0,0,0,2,0,Null,2022/2023,GOSSAMER DRIVE,REEVES ROAD,,Minor Crash,No,2023,0,North,0,0,1,Hill Road,0,,0,,0,Overcast,689200,1,0,0,1,0,0,0,0,0,,0,0,Auckland Region,Nil,2-way,Sealed,0,0,0,0,50,0,Off,0,0,,76,Auckland,Give way,0,0,0,0,0,0,Urban,0,0,0,Fine,Null
1762550.9118,5905847.6957,887067,,524200,0,,0,0,,North,2024/2025,SOUTH-WESTERN MOTORWAY,PORTAGE OBR,,Non-Injury Crash,Yes,2024,,Null,,0,,Flat,,,,,,Bright sun,729000,0,0,0,4,,,0,,,,,,Auckland Region,Nil,1-way,Sealed,,0,0,,100,,Off,0,0,,76,Auckland,Nil,,,,,0,1,Open,1,,,Fine,Null
1769670.9563,5901599.4081,887074,,524901,0,,0,5,,South,2023/2024,SOUTHERN MOTORWAY,HILL OBR,,Minor Crash,Yes,2023,,North,,0,,Hill Road,,,,,,Overcast,756902,4,0,0,3,,,0,,,,,,Auckland Region,Nil,1-way,Sealed,,0,0,,100,,Off,0,0,,76,Auckland,Nil,,,,,0,0,Open,0,,,Light rain,Null
1771441.8952,5913943.2615,887081,,521602,0,,0,2,,Null,2024/2025,WOOD AVENUE,UNION ROAD,,Non-Injury Crash,No,2024,,North,,0,,Null,,Christmas New Year,,,,Bright sun,648800,0,0,0,2,,,0,,,,,,Auckland Region,Nil,2-way,Sealed,,0,0,,50,,Null,0,0,,76,Auckland,Give way,,,,,0,0,Urban,0,,,Fine,Null
1771299.02,5878474.7724,887082,,525922,0,0,0,1,0,North,2022/2023,LOGAN ROAD,BUCKVILLE ROAD,,Non-Injury Crash,No,2023,0,North,0,0,1,Flat,0,,0,,0,Overcast,827100,0,0,0,2,0,0,0,0,0,,0,0,Auckland Region,Nil,2-way,Sealed,0,0,0,0,80,0,None,0,0,,76,Auckland,Nil,0,0,0,0,0,0,Open,0,0,0,Fine,Null
1759911.4924,5904186.6122,887093,,524200,0,,0,1,,West,2025/2026,JIMMY WARD CRESCENT,MANAWA BAY DRIVE,,Non-Injury Crash,No,2025,,South,,0,,Hill Road,,,,,,Bright sun,727800,0,0,0,2,,,0,,,,,,Auckland Region,Nil,2-way,Sealed,,0,0,,50,,Off,0,0,,76,Auckland,Nil,,,,,0,0,Urban,1,,,Fine,Null
1753665.8599,5946126.4293,887097,,505906,0,0,0,0,0,West,2024/2025,BRIAN CRESCENT,VIPOND ROAD,,Non-Injury Crash,No,2025,0,East,0,0,0,Flat,0,,0,,0,Bright sun,173310,0,0,0,2,0,0,0,0,0,,0,1,Auckland Region,Nil,2-way,Sealed,0,0,0,0,50,0,Off,0,0,,76,Auckland,Nil,0,0,0,0,1,0,Urban,0,0,0,Fine,Null
1757192.0195,5919391.8895,887105,,514200,0,,0,1,,Null,2025/2026,KARANGAHAPE ROAD,SYMONDS STREET,,Non-Injury Crash,No,2025,,East,,0,,Flat,,,,,,Bright sun,412301,0,0,0,4,,,0,,,,,,Auckland Region,Nil,2-way,Sealed,,0,0,,30,,Off,0,0,,76,Auckland,Traffic Signals,,,,,0,0,Urban,1,,,Fine,Null
1768984.4524,5882702.2095,887109,,525910,0,,0,1,,South,2024/2025,ADAMS DRIVE,KEITH PLACE,,Non-Injury Crash,No,2025,,North,,0,,Flat,,,,,,Overcast,817600,0,0,0,2,,,0,,,,,,Auckland Region,Nil,2-way,Sealed,,0,0,,50,,Off,0,0,,76,Auckland,Nil,,,,,0,0,Urban,1,,,Fine,Null
1757001.0094,5917447.1322,887118,,518102,0,,0,1,,South,2023/2024,MOUNT EDEN ROAD,BELLEVUE ROAD,,Minor Crash,No,2023,,North,,0,,Flat,,Christmas New Year,,,,Overcast,546300,1,0,0,5,,,0,,,,,,Auckland Region,Nil,2-way,Sealed,,0,0,,50,,Off,0,0,,76,Auckland,Nil,,,,,0,0,Urban,1,,,Fine,Null
1756950.0319,5920235.1044,887129,,514102,0,0,0,2,0,South,2024/2025,HOBSON STREET,PACIFIC PLACE,,Non-Injury Crash,No,2025,0,South,0,0,0,Flat,0,,0,,0,Dark,434200,0,0,0,5,0,0,0,0,1,,0,0,Auckland Region,Nil,1-way,Sealed,0,0,0,0,40,0,On,0,0,,76,Auckland,Nil,0,0,0,0,0,0,Urban,1,0,0,Fine,Null
1752944.2234,5934982.063,887133,,508701,0,,0,2,,South,2025/2026,NORTHERN MOTORWAY,OTEHA VALLEY OBR,,Non-Injury Crash,Yes,2026,,North,,0,,Flat,,,,,,Overcast,179000,0,0,0,3,,,0,,,,,,Auckland Region,Nil,1-way,Sealed,,0,0,,100,,Off,0,0,,76,Auckland,Nil,,,,,0,0,Open,0,,,Heavy rain,Null
1754288.9212,5925629.4214,887139,,508610,0,0,0,1,0,West,2024/2025,PUPUKE ROAD,TUI GLEN ROAD,,Minor Crash,No,2025,0,East,0,0,0,Hill Road,0,,0,,0,Dark,207302,1,0,1,2,0,0,0,0,1,,0,0,Auckland Region,Nil,2-way,Sealed,0,0,0,0,50,0,On,0,0,,76,Auckland,Nil,0,0,0,0,0,0,Urban,0,0,0,Fine,Null
1763755.7538,5908892.5551,887142,,521901,0,,0,0,,Null,2022/2023,MANGERE ROAD,AWA STREET,,Minor Crash,No,2023,,East,,0,,Flat,,,,,,Bright sun,785400,1,0,0,4,,,0,,,,,,Auckland Region,Nil,2-way,Sealed,,0,0,,50,,Off,1,0,,76,Auckland,Stop,,,,,0,0,Urban,1,,,Fine,Null
1745136.4098,5918363.3763,887146,,513302,0,,0,2,,North,2023/2024,LINCOLN ROAD,NORVAL ROAD,,Minor Crash,No,2023,,North,,0,,Flat,,,,,,Overcast,231001,2,0,0,4,,,0,,,,,,Auckland Region,Nil,2-way,Sealed,,0,0,,50,,Off,0,0,,76,Auckland,Nil,,,,,0,0,Urban,0,,,Light rain,Null
1769428.5078,5904665.0313,887153,,523820,0,0,0,1,0,West,2024/2025,REDOUBT ROAD,ALEXIA PLACE,,Non-Injury Crash,No,2025,0,West,0,0,1,Flat,0,,0,,0,Dark,760000,0,0,0,2,0,0,0,0,0,,0,0,Auckland Region,Nil,2-way,Sealed,0,0,0,0,50,0,On,0,0,,76,Auckland,Nil,0,0,0,0,0,0,Urban,0,0,0,Light rain,Null
1768297.0273,5880936.3876,887165,,525921,0,0,0,1,0,North,2024/2025,WEST STREET,HARRIS STREET,,Non-Injury Crash,No,2025,0,South,0,0,0,Flat,0,Christmas New Year,0,,0,Bright sun,821800,0,0,0,2,0,0,0,0,1,2,0,0,Auckland Region,Nil,2-way,Sealed,0,0,0,0,50,0,Off,1,0,,76,Auckland,Nil,0,0,0,0,0,0,Urban,0,0,0,Fine,Null
1768812.0439,5881034.7047,887168,,525910,0,,0,1,,East,2022/2023,WESLEY STREET,QUEEN STREET,,Non-Injury Crash,No,2023,,East,,0,,Flat,,,,,,Bright sun,818800,0,0,0,2,,,0,,,,,,Auckland Region,Nil,2-way,Sealed,,0,0,,50,,Off,1,0,,76,Auckland,Nil,,,,,0,0,Urban,0,,,Fine,Null
1755722.1178,5916247.4211,887169,,518201,0,,0,1,,Null,2024/2025,DOMINION ROAD,BALMORAL ROAD,,Non-Injury Crash,No,2025,,South,,0,,Null,,,,,,Dark,553200,0,0,0,4,,,0,,,,,,Auckland Region,Nil,2-way,Sealed,,0,0,,50,,On,0,0,,76,Auckland,Traffic Signals,,,,,0,0,Urban,1,,,Fine,Null
1769937.7001,5901948.7368,887171,,523814,0,,0,3,,North,2023/2024,HILL ROAD,NORM PELLOW DRIVE,,Non-Injury Crash,No,2023,,North,,0,,Flat,,Christmas New Year,,,,Twilight,759514,0,0,0,2,,,0,,,,,,Auckland Region,Nil,2-way,Sealed,,0,0,,50,,Off,0,0,,76,Auckland,Nil,,,,,0,0,Urban,0,,,Fine,Null
1772700.9999,5895206.9961,887173,45,525530,0,,0,2,,Null,2024/2025,BUTTERWORTH AVENUE,GREAT SOUTH ROAD,,Non-Injury Crash,No,2024,,North,,0,,Flat,,,,,,Overcast,804701,0,0,0,2,,,0,,,,,,Auckland Region,Nil,2-way,Sealed,,0,0,,50,,Off,0,0,,76,Auckland,Nil,,,,,0,0,Urban,0,,,Fine,None
1764292.4725,5912306.4851,887175,,520500,0,,0,1,,North,2023/2024,SOUTHERN MOTORWAY,MOUNT WELLINGTON HWY OFF RAMP,,Non-Injury Crash,Yes,2023,,North,,0,,Hill Road,,,,,,Bright sun,639500,0,0,0,3,,,0,,,,,,Auckland Region,Nil,1-way,Sealed,,0,0,,100,,Off,0,0,,76,Auckland,Nil,,,,,1,0,Open,0,,,Fine,Null
1762192.8328,5914874.7225,887179,,520201,0,0,0,1,0,North,2023/2024,MICHAELS AVENUE,MAIN HIGHWAY,,Non-Injury Crash,No,2023,0,South,0,0,0,Hill Road,0,,0,,0,Overcast,610300,0,0,0,2,0,0,0,0,0,,0,0,Auckland Region,Nil,2-way,Sealed,0,0,0,0,50,0,Off,0,0,,76,Auckland,Nil,0,0,0,1,0,0,Urban,0,0,0,Fine,Null
1768108.3541,5903290.614,887183,,524602,0,0,0,1,0,Null,2024/2025,GREAT SOUTH ROAD,PACIFIC EVENTS CENTRE DRIVE,,Minor Crash,No,2024,0,South,0,0,0,Flat,0,,0,,0,Bright sun,780506,2,0,0,2,0,0,0,0,0,,0,0,Auckland Region,Nil,2-way,Sealed,0,0,0,0,50,0,Off,0,0,,76,Auckland,Traffic Signals,0,1,0,0,0,0,Urban,0,0,0,Fine,Null
1760897.6849,5908582.6508,887185,,524405,0,0,0,3,0,South,2025/2026,LANGIOLA DRIVE,WAKEFIELD ROAD,,Non-Injury Crash,No,2025,0,South,0,0,1,Flat,0,,0,,0,Dark,730800,0,0,0,2,0,0,0,0,1,,0,0,Auckland Region,Nil,2-way,Sealed,0,0,0,0,50,0,On,0,0,,76,Auckland,Nil,0,0,0,0,0,0,Urban,0,0,0,Light rain,Null
1752598.3657,5914923.8612,887189,,517902,0,0,0,1,0,West,2025/2026,SH 20,MAIORO STREET ON RAMP,,Non-Injury Crash,Yes,2026,0,West,0,0,0,Flat,1,,0,,0,Twilight,518800,0,0,0,3,0,0,0,0,0,,0,0,Auckland Region,Nil,1-way,Sealed,0,0,0,0,80,0,On,0,0,,76,Auckland,Nil,0,0,0,0,0,0,Open,0,0,0,Fine,Null
1761999.2608,5906041.1499,887193,,524200,0,0,0,1,0,West,2025/2026,TIDAL ROAD,WAOKAURI PLACE,,Non-Injury Crash,No,2025,0,North,0,0,0,Hill Road,0,,0,,0,Bright sun,728900,0,0,1,2,0,0,0,0,1,,0,0,Auckland Region,Nil,2-way,Sealed,0,0,0,0,50,0,Off,0,0,,76,Auckland,Nil,0,0,0,0,0,0,Urban,0,0,0,Fine,Null
1750453.0676,5911904.565,887195,,512100,0,,0,0,,Null,2024/2025,PORTAGE ROAD,KINROSS STREET,,Serious Crash,No,2024,,North,,0,,Flat,,,,,,Bright sun,289300,0,0,1,2,,,0,,,,,,Auckland Region,Nil,1-way,Sealed,,0,1,,50,,On,0,0,,76,Auckland,Give way,,,,,0,0,Urban,0,,,Fine,Null
1764378.397,5904415.026,887205,,522100,0,,0,1,,West,2025/2026,PUHINUI ROAD,WYLLIE ROAD,,Non-Injury Crash,No,2025,,East,,0,,Null,,,,,,Bright sun,659100,0,0,0,4,,,0,,,,,,Auckland Region,Nil,2-way,Sealed,,0,0,,50,,Null,0,0,,76,Auckland,Nil,,,,,1,0,Urban,0,,,Fine,Null
1761899.0574,5913464.1809,887206,,520202,0,,0,1,,West,2022/2023,GREAT SOUTH ROAD,GREAT SOUTH ROAD,,Minor Crash,No,2023,,North,,0,,Flat,,,,,,Bright sun,612400,1,0,0,5,,,0,,,1,,,Auckland Region,Nil,2-way,Sealed,,0,0,,50,,Off,0,0,,76,Auckland,Nil,,,,,0,0,Urban,0,,,Fine,Null
1744929.866,5922154.946,887211,,513530,0,0,0,1,0,North,2024/2025,COLWILL ROAD,MESCAL STREET,,Minor Crash,No,2024,0,South,0,0,0,Flat,0,,0,,0,Twilight,225802,1,0,0,2,0,0,0,0,1,,0,0,Auckland Region,Nil,2-way,Sealed,0,0,0,0,50,0,Off,1,0,,76,Auckland,Nil,0,0,0,0,0,0,Urban,0,0,0,Fine,Null
1742124.0416,5976317.9878,887215,,506661,0,0,0,1,0,North,2023/2024,SH 1,SAUNDERS ROAD,,Non-Injury Crash,Yes,2024,0,East,0,0,0,Hill Road,1,,0,,0,Overcast,139000,0,0,0,1,0,0,0,0,0,,0,0,Auckland Region,Nil,1-way,Sealed,0,0,0,0,80,0,None,0,0,,76,Auckland,Nil,0,0,0,0,0,0,Open,0,0,0,Fine,Frost
1747627.3537,5919499.5115,887217,,512300,0,,0,3,,East,2024/2025,NORTH-WESTERN MOTORWAY,TE ATATU ROAD ON RAMP,,Minor Crash,Yes,2025,,East,,0,,Flat,,,,,,Overcast,252000,1,0,0,4,,,0,,,,,,Auckland Region,Nil,1-way,Sealed,,0,0,,100,,Off,0,0,,76,Auckland,Nil,,,,,0,0,Open,0,,,Fine,Null
1744653.7058,5921519.9234,887219,,513530,0,,0,1,,South,2024/2025,NORTH-WESTERN MOTORWAY,ROYAL ROAD ON RAMP,,Minor Crash,Yes,2024,,South,,0,,Flat,,,,,,Bright sun,226200,1,0,0,3,,,0,,,,,,Auckland Region,Nil,1-way,Sealed,,0,0,,100,,Off,1,0,,76,Auckland,Nil,,,,,0,0,Open,0,,,Fine,Null
1755168.885,5932886.4667,887221,,508805,0,,0,1,,South,2024/2025,EAST COAST ROAD,SUNRISE AVENUE,,Non-Injury Crash,No,2025,,South,,0,,Hill Road,,,,,,Bright sun,180876,0,0,0,4,,,0,,,,,,Auckland Region,Nil,2-way,Sealed,,0,0,,50,,Off,0,0,,76,Auckland,Nil,,,,,0,0,Urban,1,,,Fine,Null
1764819.9921,5911108.3777,887228,,520500,0,,0,2,,North,2022/2023,SOUTHERN MOTORWAY,PRINCES ST-OTAHUHU ON RAMP,,Non-Injury Crash,Yes,2023,,North,,0,,Hill Road,,,,,,Overcast,636300,0,0,0,3,,,0,,,,,,Auckland Region,Nil,1-way,Sealed,,0,0,,100,,Off,0,0,,76,Auckland,Nil,,,,,0,0,Open,0,,,Fine,Null
1757032.8962,5912172.4917,887233,,518702,0,0,0,1,0,South,2024/2025,CARLTON STREET,MCILROY AVENUE,,Non-Injury Crash,No,2024,0,South,0,0,0,Hill Road,0,,0,,0,Bright sun,571202,0,0,0,2,0,0,0,0,0,,0,0,Auckland Region,Nil,2-way,Sealed,0,0,0,0,30,0,Off,0,0,,76,Auckland,Nil,0,0,0,1,0,0,Urban,0,0,0,Fine,Null
1768833.5053,5881031.7653,887236,,525922,0,,0,0,,West,2022/2023,WESLEY STREET,EDINBURGH STREET,,Minor Crash,No,2023,,East,,0,,Flat,,,,,,Bright sun,823000,1,0,0,2,,,0,,,1,,,Auckland Region,Nil,2-way,Sealed,,0,0,,50,,Off,0,0,,76,Auckland,Nil,,,,,0,0,Urban,1,,,Fine,Null
1757331.7343,5918834.9938,887237,,514302,0,,0,2,,East,2024/2025,SOUTHERN MOTORWAY,GRAFTON OBR,,Non-Injury Crash,Yes,2024,,North,,0,,Flat,,,,,,Overcast,441700,0,0,0,3,,,0,,,,,,Auckland Region,Nil,1-way,Sealed,,0,0,,80,,Off,0,0,,76,Auckland,Nil,,,,,0,0,Open,0,,,Fine,Null
1761243.4681,5915063.3571,887242,,520201,0,0,0,2,0,North,2022/2023,LADIES MILE,MAIN HIGHWAY,,Non-Injury Crash,No,2023,0,North,0,0,0,Hill Road,0,,0,,0,Overcast,611200,0,0,0,2,0,2,0,0,0,,0,1,Auckland Region,Nil,2-way,Sealed,0,0,0,0,50,0,On,0,0,,76,Auckland,Nil,0,0,0,0,0,1,Urban,0,0,0,Fine,Null
1756141.3122,5923935.6466,887243,,509800,0,,0,3,,South,2023/2024,NORTHERN MOTORWAY,WEIGH BRIDGE,,Non-Injury Crash,Yes,2024,,South,,0,,Flat,,,,,,Overcast,361200,0,0,0,5,,,0,,,,,,Auckland Region,Nil,1-way,Sealed,,0,0,,80,,Off,0,0,,76,Auckland,Nil,,,,,0,0,Open,0,,,Light rain,Null
1761413.1563,5915921.0716,887251,,516003,0,,0,0,,Null,2023/2024,LADIES MILE,ABBOTTS WAY,,Serious Crash,No,2024,,South,,0,,Flat,,,,,,Bright sun,496300,0,0,0,4,,,0,,,,,,Auckland Region,Nil,2-way,Sealed,,0,1,,50,,Off,0,0,,76,Auckland,Traffic Signals,,,,,0,0,Urban,2,,,Fine,Null
1745328.4514,5934152.9249,887274,,506653,0,0,0,0,1,South,2022/2023,COATESVILLE-RIVERHEAD HIGHWAY,KAITUHI LANE,,Non-Injury Crash,No,2023,0,North,1,0,0,Hill Road,0,,0,,0,Overcast,217301,0,0,0,2,0,0,0,0,0,,0,0,Auckland Region,Nil,2-way,Sealed,0,0,0,0,60,0,None,0,0,,76,Auckland,Nil,0,0,0,0,1,0,Urban,1,0,0,Heavy rain,Null
1755481.0126,5929004.2429,887277,,508320,0,,0,1,,Null,2024/2025,TRISTRAM AVENUE,TRISTRAM AVENUE OFF RAMP,,Non-Injury Crash,No,2025,,East,,0,,Flat,,,,,,Dark,198500,0,0,0,3,,,0,,,,,,Auckland Region,Nil,1-way,Sealed,,0,0,,50,,On,1,0,,76,Auckland,Traffic Signals,,,,,0,0,Urban,0,,,Fine,Null
1768339.5328,5906018.4299,887289,,523721,0,,0,1,,Null,2024/2025,RAVENNA WAY,PALERMO PLACE,,Non-Injury Crash,No,2024,,South,,0,,Flat,,,,,,Bright sun,715510,0,0,0,2,,,0,,,,,,Auckland Region,Nil,2-way,Sealed,,0,0,,50,,None,1,0,20,76,Auckland,Give way,,,,,0,0,Urban,0,,,Fine,Null
1760520.4346,5912813.7691,887295,,520000,0,0,0,1,0,North,2022/2023,FELIX STREET,MAYS ROAD,,Non-Injury Crash,No,2023,0,North,0,0,0,Flat,0,,0,,1,Bright sun,606300,0,0,0,2,0,0,0,0,0,,0,0,Auckland Region,Nil,2-way,Sealed,1,0,0,0,50,0,Off,0,0,,76,Auckland,Nil,0,0,0,0,0,0,Urban,0,0,0,Fine,Null
1766835.8871,5906954.1981,887297,,523601,0,0,0,0,0,South,2024/2025,SOUTHERN MOTORWAY,EAST TAMAKI ROAD ON RAMP,,Non-Injury Crash,Yes,2025,0,South,0,0,0,Flat,1,,0,,0,Dark,709200,0,0,0,3,0,0,0,0,0,,0,0,Auckland Region,Nil,1-way,Sealed,0,0,0,0,100,0,On,0,0,,76,Auckland,Nil,0,0,0,1,0,0,Open,1,0,0,Fine,Null
1772144.5073,5902555.8066,887304,,523819,0,0,0,1,0,North,2022/2023,MILL ROAD,RANFURLY ROAD,,Minor Crash,No,2023,0,South,0,0,1,Flat,0,,0,,0,Overcast,760811,1,0,0,2,0,0,0,0,0,,0,1,Auckland Region,Nil,2-way,Sealed,0,0,0,0,60,0,None,0,0,,76,Auckland,Nil,0,0,0,0,0,0,Urban,0,0,0,Fine,Null
1756928.8213,5926291.1322,887313,,509702,0,0,0,1,0,North,2024/2025,NORTHERN MOTORWAY,ESMONDE ROAD ON RAMP,,Non-Injury Crash,Yes,2024,0,North,0,0,0,Flat,1,Labour Weekend,0,,0,Dark,364602,0,0,0,4,0,0,0,0,0,,0,0,Auckland Region,Nil,1-way,Sealed,0,0,0,0,100,0,On,0,0,,76,Auckland,Nil,0,0,0,0,0,0,Open,0,0,0,Fine,Null
1766023.6993,5907733.0192,887324,,522301,0,,0,1,,North,2022/2023,SOUTHERN MOTORWAY,EAST TAMAKI ROAD ON RAMP,,Non-Injury Crash,Yes,2023,,North,,0,,Flat,,,,,,Bright sun,666700,0,0,0,3,,,0,,,,,,Auckland Region,Nil,1-way,Sealed,,0,0,,100,,Off,0,0,,76,Auckland,Nil,,,,,0,0,Open,0,,,Fine,Null
1768578.774,5904507.8828,887325,,523722,0,,0,2,,East,2024/2025,REDOUBT ROAD,BIRCHLEA RISE,,Non-Injury Crash,No,2025,,West,,0,,Hill Road,,,,,,Bright sun,715917,0,0,0,3,,,0,,,,,,Auckland Region,Nil,2-way,Sealed,,0,0,,50,,Off,0,0,,76,Auckland,Nil,,,,,0,0,Urban,1,,,Fine,Null