X,Y,OBJECTID,advisorySpeed,areaUnitID,bicycle,bridge,bus,carStationWagon,cliffBank,crashDirectionDescription,crashFinancialYear,crashLocation1,crashLocation2,crashRoadSideRoad,crashSeverity,crashSHDescription,crashYear,debris,directionRoleDescription,ditch,fatalCount,fence,flatHill,guardRail,holiday,houseOrBuilding,intersection,kerb,light,meshblockId,minorInjuryCount,moped,motorcycle,NumberOfLanes,objectThrownOrDropped,otherObject,otherVehicleType,overBank,parkedVehicle,pedestrian,phoneBoxEtc,postOrPole,region,roadCharacter,roadLane,roadSurface,roadworks,schoolBus,seriousInjuryCount,slipOrFlood,speedLimit,strayAnimal,streetLight,suv,taxi,temporarySpeedLimit,tlaId,tlaName,trafficControl,trafficIsland,trafficSign,train,tree,truck,unknownVehicleType,urban,vanOrUtility,vehicle,waterRiver,weatherA,weatherB
1757140.3877,5920713.3702,887327,,514102,0,,1,1,,Null,2022/2023,WYNDHAM STREET,HOBSON STREET,,Non-Injury Crash,No,2023,,West,,0,,Flat,,,,,,Dark,433401,0,0,0,3,,,0,,,,,,Auckland Region,Nil,2-way,Sealed,,0,0,,30,,On,0,0,,76,Auckland,Traffic Signals,,,,,0,0,Urban,0,,,Fine,Null
1744051.9162,5922483.8264,887329,,513512,0,,0,2,,Null,2024/2025,VADAM ROAD,ADITI CLOSE,,Non-Injury Crash,No,2025,,South,,0,,Hill Road,,,,,,Dark,225501,0,0,0,2,,,0,,,,,,Auckland Region,Nil,2-way,Sealed,,0,0,,50,,On,0,0,,76,Auckland,Give way,,,,,0,0,Urban,0,,,Light rain,Null
1764135.1844,5913614.5887,887330,,520602,0,,0,1,,Null,2023/2024,WAIPUNA ROAD,IRELAND ROAD,,Non-Injury Crash,No,2023,,West,,0,,Flat,,,,,,Dark,629203,0,0,0,4,,,0,,,1,,,Auckland Region,Nil,2-way,Sealed,,0,0,,50,,On,0,0,,76,Auckland,Traffic Signals,,,,,0,0,Urban,0,,,Fine,Null
1761325.908,5907899.0917,887335,,524510,0,0,0,1,0,West,2023/2024,MCKINSTRY AVENUE,GARUS AVENUE,,Minor Crash,No,2024,0,East,0,0,0,Flat,0,,0,,0,Overcast,736502,1,0,0,2,0,0,0,0,1,,0,0,Auckland Region,Nil,2-way,Sealed,0,0,0,0,50,0,Off,4,0,,76,Auckland,Nil,0,0,0,0,0,0,Urban,0,0,0,Fine,Null
1760040.9422,5912282.9742,887349,,520000,0,0,0,2,0,West,2024/2025,CHURCH STREET,MOUNTJOY PLACE,,Non-Injury Crash,No,2025,0,East,0,0,0,Hill Road,0,,0,,0,Dark,607301,0,0,0,2,0,0,0,0,1,,0,0,Auckland Region,Nil,2-way,Sealed,0,0,0,0,50,0,On,0,0,,76,Auckland,Nil,0,0,0,0,0,0,Urban,0,0,0,Fine,Null
1770784.0934,5913381.7485,887357,,523101,0,0,0,3,0,Null,2025/2026,BOTANY ROAD,MIRRABOOKA AVENUE,,Non-Injury Crash,No,2025,0,North,0,0,0,Flat,0,,0,,0,Dark,710512,0,0,0,1,0,0,0,0,1,,0,0,Auckland Region,Nil,2-way,Sealed,0,0,0,0,50,0,On,0,0,,76,Auckland,Give way,0,0,0,0,0,0,Urban,0,0,0,Fine,Null
1784181.7866,5924144.0179,887358,,520801,0,,0,1,,South,2022/2023,GORDONS ROAD,O'BRIEN ROAD,,Serious Crash,No,2023,,West,,0,,Hill Road,,,,,,Bright sun,515603,1,0,0,2,,,0,,,,,,Auckland Region,Nil,2-way,Sealed,,0,1,,80,,None,0,0,,76,Auckland,Nil,,,,,0,0,Open,1,,,Fine,Null
1755250.7232,5929055.9944,887359,,508420,0,,0,1,,East,2024/2025,WAIRAU ROAD,DIANA DRIVE,,Non-Injury Crash,No,2024,,West,,0,,Flat,,,,,,Bright sun,183800,0,0,0,5,,,0,,,,,,Auckland Region,Nil,2-way,Sealed,,0,0,,50,,Off,0,0,,76,Auckland,Nil,,,,,0,1,Urban,0,,,Fine,Null
1763107.9734,5911936.464,887366,,520500,0,,0,1,,North,2022/2023,GREAT SOUTH ROAD,SYLVIA PARK ROAD,,Minor Crash,No,2023,,South,,0,,Flat,,,,,,Dark,637300,2,0,0,4,,,0,,,,,,Auckland Region,Nil,2-way,Sealed,,0,0,,50,,On,0,0,,76,Auckland,Nil,,,,,0,0,Urban,1,,,Heavy rain,Null
1768638.8208,5901110.1533,887369,,524901,0,,0,2,,Null,2024/2025,GREAT SOUTH ROAD,HILL ROAD,,Non-Injury Crash,No,2025,,South,,0,,Flat,,,,,,Overcast,757100,0,0,0,4,,,0,,,,,,Auckland Region,Nil,2-way,Sealed,,0,0,,50,,Off,0,0,,76,Auckland,Traffic Signals,,,,,0,0,Urban,0,,,Fine,None
1760191.9797,5915466.4746,887379,,519400,1,,0,1,,Null,2023/2024,GREAT SOUTH ROAD,MATAI ROAD,,Minor Crash,No,2024,,North,,0,,Flat,,,,,,Overcast,617301,1,0,0,4,,,0,,,,,,Auckland Region,Nil,2-way,Sealed,,0,0,,50,,Off,0,0,,76,Auckland,Stop,,,,,0,0,Urban,0,,,Light rain,Null
1763212.3065,5908173.1664,887381,,524402,0,,0,2,,North,2025/2026,MASSEY ROAD,MIAMI STREET,,Non-Injury Crash,No,2025,,North,,0,,Flat,,,,,,Bright sun,750000,0,0,0,3,,,0,,,,,,Auckland Region,Nil,2-way,Sealed,,0,0,,50,,Off,0,0,,76,Auckland,Nil,,,,,0,0,Urban,0,,,Fine,Null
1765789.6294,5916936.1088,887382,,517001,0,0,0,1,0,Null,2023/2024,ROWENA CRESCENT,TOSCA LANE,,Non-Injury Crash,No,2023,0,South,0,0,0,Flat,0,,0,,0,Dark,476400,0,0,0,2,0,0,0,0,0,,0,1,Auckland Region,Nil,2-way,Sealed,0,0,0,0,50,0,On,0,0,,76,Auckland,Give way,0,0,0,0,0,0,Urban,0,0,0,Fine,Null
1748447.1293,5913941.3509,887385,,511302,0,,0,0,,Null,2024/2025,GREAT NORTH ROAD,LYNWOOD ROAD,,Non-Injury Crash,No,2025,,East,,0,,Flat,,,,,,Overcast,269300,0,1,0,4,,,0,,,,,,Auckland Region,Nil,2-way,Sealed,,0,0,,50,,Off,0,0,,76,Auckland,Give way,,,,,0,0,Urban,1,,,Light rain,Null
1765658.963,5901416.2027,887387,,524604,0,,0,2,,Null,2024/2025,ROSCOMMON ROAD,BROWNS ROAD,,Minor Crash,No,2024,,South,,0,,Flat,,,,,,Bright sun,781302,1,0,0,3,,,0,,,,,,Auckland Region,Nil,1-way,Sealed,,0,0,,60,,Off,0,0,,76,Auckland,Give way,,,,,0,0,Urban,0,,,Fine,Null
1759249.9553,5916700.4809,887390,,516001,0,,0,1,,South,2023/2024,SOUTHERN MOTORWAY,MARKET OBR,,Non-Injury Crash,Yes,2023,,South,,0,,Flat,,,,,,Bright sun,491700,0,0,0,4,,,0,,,,,,Auckland Region,Nil,1-way,Sealed,,0,0,,100,,Off,1,0,,76,Auckland,Nil,,,,,0,0,Open,0,,,Fine,Null
1756821.7573,5919467.3033,887401,,514102,0,,0,2,,Null,2024/2025,KARANGAHAPE ROAD,PITT STREET,,Non-Injury Crash,No,2025,,West,,0,,Null,,,,,,Dark,435700,0,0,0,4,,,0,,,,,,Auckland Region,Nil,2-way,Sealed,,0,0,,30,,On,0,0,,76,Auckland,Traffic Signals,,,,,0,0,Urban,0,,,Fine,Null
1742130.7596,5930713.3725,887402,,505603,0,0,0,2,0,Null,2023/2024,ARTHUR STREET,GREAT NORTH ROAD,,Minor Crash,No,2023,0,West,0,0,0,Flat,0,,0,,0,Bright sun,213502,2,0,0,2,0,0,0,0,1,,0,0,Auckland Region,Nil,2-way,Sealed,0,0,0,0,50,0,Off,0,0,,76,Auckland,Give way,0,0,0,0,0,0,Urban,1,0,0,Fine,Null
1765966.4503,5899050.7668,887409,,524812,0,0,0,2,0,North,2025/2026,WEYMOUTH ROAD,ETHERTON DRIVE,,Non-Injury Crash,No,2025,0,South,0,0,0,Flat,0,,0,,0,Dark,774002,0,0,0,2,0,0,0,0,1,,0,0,Auckland Region,Nil,2-way,Sealed,0,0,0,0,30,0,On,0,0,,76,Auckland,Nil,0,0,0,0,0,0,Urban,0,0,0,Fine,Null
1768093.0475,5900193.7212,887421,,525101,0,0,0,1,0,Null,2025/2026,THOMPSON TERRACE,MORRIN STREET,,Minor Crash,No,2025,0,North,0,0,1,Flat,0,,1,,0,Overcast,772300,1,0,0,2,0,0,0,0,0,,0,0,Auckland Region,Speed hump,2-way,Sealed,0,0,0,0,50,0,Off,0,0,,76,Auckland,Give way,0,0,0,0,0,0,Urban,0,0,0,Fine,Null
1752799.3523,5913064.6341,887425,,518901,0,0,1,1,0,South,2024/2025,BOUNDARY ROAD,KIMBER HALL AVENUE,,Non-Injury Crash,No,2025,0,South,0,0,0,Null,0,,0,,0,Bright sun,586500,0,0,0,2,0,0,0,0,1,,0,0,Auckland Region,Nil,2-way,Sealed,0,0,0,0,50,0,Null,0,0,,76,Auckland,Nil,0,0,0,0,0,0,Urban,0,0,0,Fine,Null
1758842.9974,5911442.8617,887431,,519820,0,0,0,0,0,East,2024/2025,ONEHUNGA HARBOUR ROAD OFF RAMP,ONEHUNGA HARBOUR ROAD,,Non-Injury Crash,No,2024,0,West,0,0,1,Flat,0,,0,,0,Overcast,602402,0,0,0,1,0,0,0,0,0,,0,0,Auckland Region,Motorway ramp,1-way,Sealed,0,0,0,0,100,0,Off,0,0,,76,Auckland,Nil,0,0,0,1,0,0,Open,1,0,0,Light rain,Null
1765895.1486,5904386.0074,887435,,524603,0,,0,1,,Null,2023/2024,PLUNKET AVENUE,CAVENDISH DRIVE,,Non-Injury Crash,No,2023,,South,,0,,Flat,,,,,,Dark,674800,0,0,0,2,,,0,,,,,,Auckland Region,Nil,2-way,Sealed,,0,0,,50,,On,0,0,,76,Auckland,Traffic Signals,,,,,0,0,Urban,0,,,Light rain,None
1754570.6133,5913731.0617,887437,,518803,0,,0,1,,West,2025/2026,SOUTH-WESTERN MOTORWAY,DOMINION ROAD OFF RAMP,,Non-Injury Crash,Yes,2025,,East,,0,,Flat,,,,,,Bright sun,581700,0,0,0,3,,,0,,,,,,Auckland Region,Nil,1-way,Sealed,,0,0,,100,,Off,0,0,,76,Auckland,Nil,,,,,0,0,Open,1,,,Fine,Null
1769356.6155,5911176.0663,887465,,523113,0,0,0,1,0,Null,2025/2026,GREENMOUNT DRIVE,NANDINA AVENUE,,Non-Injury Crash,No,2025,0,South,0,0,0,Flat,0,,0,,1,Dark,711703,0,0,0,2,0,0,0,0,0,,0,0,Auckland Region,Nil,2-way,Sealed,0,0,0,0,50,0,On,0,0,,76,Auckland,Give way,0,0,0,0,0,0,Urban,0,0,0,Fine,Null
1760713.0097,5907090.0469,887467,,524112,0,0,0,0,0,East,2024/2025,BADER DRIVE,ASHGROVE ROAD,,Minor Crash,No,2024,0,West,0,0,0,Hill Road,0,,0,,0,Bright sun,742102,1,0,0,4,0,0,0,0,0,,0,0,Auckland Region,Nil,2-way,Sealed,0,0,0,0,50,0,Off,0,0,,76,Auckland,Nil,0,0,0,1,0,0,Urban,1,0,0,Fine,Null
1756035.1211,5914089.363,887475,,518500,0,0,0,2,0,South,2024/2025,MCCULLOUGH AVENUE,SCOUT AVENUE,,Non-Injury Crash,No,2024,0,South,0,0,0,Flat,0,,0,,1,Dark,562900,0,0,0,2,0,0,0,0,1,,0,0,Auckland Region,Nil,2-way,Sealed,0,0,0,0,50,0,On,0,0,,76,Auckland,Nil,0,0,0,0,0,0,Urban,0,0,0,Fine,Null
1771298.8087,5895856.0962,887479,,525540,0,,0,2,,South,2023/2024,SOUTHERN MOTORWAY,PAPAKURA OFF RAMP,,Non-Injury Crash,Yes,2024,,South,,0,,Flat,,,,,,Bright sun,806208,0,0,0,3,,,0,,,,,,Auckland Region,Motorway ramp,1-way,Sealed,,0,0,,100,,Off,0,0,80,76,Auckland,Nil,,,,,0,0,Open,0,,,Fine,Null
1751990.9861,5918046.7773,887483,95,515001,0,,0,2,,Null,2023/2024,GREAT NORTH ROAD OFF RAMP,GREAT NORTH ROAD,,Non-Injury Crash,No,2024,,South,,0,,Flat,,,,,,Dark,392200,0,0,0,4,,,0,,,,,,Auckland Region,Nil,2-way,Sealed,,0,0,,100,,On,0,0,,76,Auckland,Traffic Signals,,,,,0,0,Open,0,,,Fine,None
1756569.601,5921359.636,887484,,514101,0,,0,0,,Null,2022/2023,DALDY STREET,JELLICOE STREET,,Minor Crash,No,2023,,East,,0,,Flat,,,,,,Dark,432400,1,0,0,2,,,0,,,1,,,Auckland Region,Nil,2-way,Sealed,,0,0,,30,,On,0,0,,76,Auckland,Give way,,,,,0,0,Urban,0,,,Fine,Null
1742741.5511,5924694.5603,887490,,513410,0,0,0,2,0,Null,2023/2024,KAKANO ROAD,ROTU DRIVE,,Minor Crash,No,2023,0,East,0,0,0,Flat,0,,0,,0,Overcast,224000,1,0,0,2,0,0,0,0,1,,0,0,Auckland Region,Nil,2-way,Sealed,0,0,0,0,50,0,Off,0,0,,76,Auckland,Nil,0,0,0,0,0,0,Urban,0,0,0,Fine,Null
1757010.8298,5919416.2756,887497,,514200,0,,0,1,,Null,2025/2026,UPPER QUEEN STREET,KARANGAHAPE ROAD,,Non-Injury Crash,No,2025,,North,,0,,Hill Road,,,,,,Dark,412200,0,0,0,4,,,0,,,,,,Auckland Region,Nil,2-way,Sealed,,0,0,,30,,On,0,0,,76,Auckland,Traffic Signals,,,,,0,0,Urban,1,,,Light rain,Null
1750697.2931,5946705.0692,887499,,505806,0,,0,0,,Null,2023/2024,MILLWATER PARKWAY,HIBISCUS COAST HIGHWAY,,Non-Injury Crash,No,2024,,South,,0,,Flat,,,,,,Overcast,176513,0,0,0,2,,,0,,,,,,Auckland Region,Nil,1-way,Sealed,,0,0,,50,,Off,1,0,,76,Auckland,Traffic Signals,,,,,0,0,Urban,1,,,Fine,Null
1752501.9043,5933309.6567,887501,,508807,0,,0,1,,Null,2024/2025,ALBANY EXPRESSWAY,BUSH ROAD,,Non-Injury Crash,No,2024,,North,,0,,Null,,,,,,Overcast,180404,0,0,0,4,,,0,,,,,,Auckland Region,Nil,1-way,Sealed,,0,0,,80,,Null,1,0,,76,Auckland,Traffic Signals,,,,,0,0,Open,0,,,Null,Null
1757278.9946,5918677.2317,887507,,514302,0,,0,1,,East,2024/2025,KHYBER PASS ROAD,NUGENT STREET,,Non-Injury Crash,No,2024,,West,,0,,Hill Road,,,,,,Overcast,442000,0,0,0,4,,,0,,,,,,Auckland Region,Nil,2-way,Sealed,,0,0,,50,,Null,0,0,,76,Auckland,Traffic Signals,,,,,0,1,Urban,0,,,Fine,Null
1755616.4835,5919582.8475,887509,,515420,1,,0,1,,Null,2024/2025,RICHMOND ROAD,SCANLAN STREET,,Non-Injury Crash,No,2024,,West,,0,,Flat,,,,,,Overcast,409100,0,0,0,2,,,0,,,,,,Auckland Region,Nil,2-way,Sealed,,0,0,,50,,Off,0,0,,76,Auckland,Give way,,,,,0,0,Urban,0,,,Fine,None
1756683.0767,5919277.1521,887511,,514200,0,0,0,1,0,West,2024/2025,SOUTHERN MOTORWAY,UPPER QUEEN OBR,,Minor Crash,Yes,2025,0,East,0,0,0,Flat,1,,0,,0,Twilight,411900,1,0,0,3,0,0,0,0,0,,0,0,Auckland Region,Nil,1-way,Sealed,0,0,0,0,80,0,On,0,0,,76,Auckland,Nil,0,0,0,0,0,0,Open,0,0,0,Fine,Null
1769894.8257,5901151.4421,887513,,523816,0,,0,0,,South,2024/2025,SOUTHERN MOTORWAY,ALFRISTON OBR,,Non-Injury Crash,Yes,2025,,South,,0,,Flat,,,,,,Bright sun,759724,0,0,0,3,,,0,,,,,,Auckland Region,Nil,1-way,Sealed,,0,0,,100,,Off,1,0,,76,Auckland,Nil,,,,,1,0,Open,0,,,Fine,Null
1745487.045,5916995.4507,887515,,510800,0,,0,1,,West,2024/2025,EDSEL STREET,CATHERINE STREET,,Non-Injury Crash,No,2024,,East,,0,,Flat,,,,,,Overcast,242700,0,0,0,2,,,0,,,,,,Auckland Region,Nil,2-way,Sealed,,0,0,,50,,Off,0,0,,76,Auckland,Nil,,,,,1,0,Urban,0,,,Fine,Null
1746759.2551,5917480.6757,887523,,512500,0,,0,1,,South,2024/2025,TE ATATU ROAD,MCLEOD ROAD,,Minor Crash,No,2024,,East,,0,,Flat,,,,,,Overcast,257500,1,0,0,2,,,0,,,1,,,Auckland Region,Nil,2-way,Sealed,,0,0,,50,,Off,0,0,,76,Auckland,Nil,,,,,0,0,Urban,0,,,Fine,Null
1746551.4589,5916015.7891,887533,,511601,0,,0,1,,South,2024/2025,GREAT NORTH ROAD,KIRBY STREET,,Serious Crash,No,2025,,South,,0,,Flat,,,,,,Overcast,275601,0,0,1,4,,,0,,,,,,Auckland Region,Nil,2-way,Sealed,,0,1,,50,,Off,0,0,,76,Auckland,Nil,,,,,0,0,Urban,0,,,Light rain,Null
1761311.3575,5880577.8702,887535,,521121,0,0,0,1,0,South,2024/2025,TITI ROAD,UNION ROAD,,Minor Crash,No,2024,0,North,0,0,0,Flat,0,Christmas New Year,0,,0,Overcast,812201,2,0,0,2,0,0,0,1,0,,0,0,Auckland Region,Nil,2-way,Sealed,0,0,0,0,60,0,None,0,0,,76,Auckland,Nil,0,0,0,0,0,0,Urban,0,0,0,Light rain,Null
1741329.4016,5915736.1745,887537,,513020,0,0,0,1,0,West,2023/2024,SEIBEL ROAD,VINEYARD ROAD,,Non-Injury Crash,No,2024,0,East,0,0,0,Flat,0,,0,,0,Twilight,279900,0,0,0,2,0,0,0,0,0,,0,0,Auckland Region,Nil,2-way,Sealed,0,0,0,0,60,0,None,0,0,,76,Auckland,Nil,0,0,0,1,0,0,Urban,0,0,0,Fine,Null
1757463.4091,5912389.6705,887545,,519810,0,0,0,1,0,South,2024/2025,QUEENSTOWN ROAD ON RAMP,QUEENSTOWN ROAD,,Non-Injury Crash,No,2024,0,South,0,0,0,Hill Road,1,,0,,0,Dark,596700,0,0,0,1,0,0,0,0,0,,0,0,Auckland Region,Motorway ramp,1-way,Sealed,0,0,0,0,100,0,On,0,0,,76,Auckland,Nil,0,0,0,0,0,0,Open,0,0,0,Fine,Null
1741500.6848,5918928.0959,887546,,513101,0,0,0,1,0,Null,2023/2024,NORTH CANDIA ROAD,SWANSON ROAD,,Non-Injury Crash,No,2023,0,North,0,0,1,Flat,0,,0,,0,Dark,238200,0,0,0,2,0,1,0,0,0,,0,0,Auckland Region,Nil,2-way,Sealed,0,0,0,0,50,0,On,0,0,40,76,Auckland,Give way,0,0,0,0,0,0,Urban,0,0,0,Fine,Strong wind
1766846.033,5904045.6281,887548,,524604,0,0,0,0,0,East,2022/2023,MANUKAU STATION ROAD,LAMBIE DRIVE,,Non-Injury Crash,No,2023,0,East,0,0,0,Flat,0,,0,,0,Overcast,780209,0,0,0,2,0,0,0,0,0,,0,0,Auckland Region,Nil,1-way,Sealed,0,0,0,0,60,0,Off,1,0,,76,Auckland,Nil,0,1,0,0,0,0,Urban,0,0,0,Heavy rain,Null
1763993.6589,5905396.1664,887553,,524303,0,0,0,3,0,South,2024/2025,HILLCREST ROAD,SUMNER STREET,,Non-Injury Crash,No,2024,0,West,0,0,0,Hill Road,0,,0,,0,Twilight,657601,0,0,0,2,0,0,0,0,2,,0,0,Auckland Region,Nil,2-way,Sealed,0,0,0,0,50,0,Off,0,0,,76,Auckland,Nil,0,0,0,0,0,0,Urban,0,0,0,Fine,Null
1771928.795,5905860.7067,887554,,523713,0,,0,2,,South,2023/2024,MCQUOIDS ROAD,FLAT BUSH SCHOOL ROAD,,Non-Injury Crash,No,2023,,North,,0,,Flat,,,,,,Dark,713400,0,0,0,2,,,0,,,,,,Auckland Region,Nil,2-way,Sealed,,0,0,,50,,On,0,0,,76,Auckland,Nil,,,,,0,0,Urban,0,,,Fine,Null
1752219.4919,5946942.1795,887555,,505808,0,,0,1,,Null,2024/2025,WHANGAPARAOA ROAD,RED BEACH ROAD,,Non-Injury Crash,No,2024,,West,,0,,Flat,,,,,,Bright sun,173115,0,0,0,4,,,0,,,,,,Auckland Region,Nil,2-way,Sealed,,0,0,,50,,Off,1,0,,76,Auckland,Traffic Signals,,,,,0,0,Urban,0,,,Fine,Null
1758908.1531,5904635.6537,887557,45,524200,0,,0,2,,Null,2023/2024,LANDING DRIVE,GEORGE BOLT MEMORIAL DRIVE,,Non-Injury Crash,No,2024,,East,,0,,Hill Road,,,,,,Overcast,727000,0,0,0,4,,,0,,,,,,Auckland Region,Nil,1-way,Sealed,,0,0,,50,,Off,0,0,,76,Auckland,Give way,,,,,0,0,Urban,0,,,Fine,None
1756883.1556,5919181.7597,887559,,514200,0,,0,1,,West,2024/2025,SOUTHERN MOTORWAY,UPPER QUEEN OBR,,Minor Crash,Yes,2025,,West,,0,,Hill Road,,,,,,Dark,412900,1,0,0,2,,,0,,,,,,Auckland Region,Nil,1-way,Sealed,,0,0,,80,,On,1,0,,76,Auckland,Nil,,,,,0,0,Open,0,,,Fine,Null
1766255.0385,5899509.4323,887566,,524812,0,0,0,1,0,Null,2023/2024,WEYMOUTH ROAD,DAMIAN WAY,,Non-Injury Crash,No,2023,0,South,0,0,1,Flat,0,,0,,1,Dark,774202,0,0,0,2,0,0,0,0,0,,0,0,Auckland Region,Nil,2-way,Sealed,0,0,0,0,50,0,On,0,0,,76,Auckland,Nil,0,0,0,0,0,0,Urban,0,0,0,Fine,Null
1759588.8213,5907394.2181,887569,,524122,0,,0,1,,West,2024/2025,IDLEWILD AVENUE,ORVILLE PLACE,,Non-Injury Crash,No,2024,,East,,0,,Flat,,,,,,Bright sun,739902,0,0,0,2,,,0,,,,,,Auckland Region,Speed hump,2-way,Sealed,,0,0,,50,,Off,0,0,,76,Auckland,Nil,,,,,0,1,Urban,0,,,Fine,Null
1782615.1593,5906926.327,887570,,525201,0,,0,1,,North,2022/2023,NORTH ROAD,THORPE QUARRY,,Minor Crash,No,2023,,North,,0,,Flat,,,,,,Overcast,762700,1,0,1,2,,,0,,,,,,Auckland Region,Nil,2-way,Sealed,,0,0,,80,,None,0,0,,76,Auckland,Nil,,,,,0,0,Open,0,,,Fine,Null
1755423.6345,5921533.4196,887577,,515202,0,,0,2,,South,2025/2026,NORTHERN MOTORWAY,SHELLY BEACH OBR,,Minor Crash,Yes,2025,,South,,0,,Flat,,,,,,Overcast,423600,1,0,0,4,,,0,,,,,,Auckland Region,Nil,1-way,Sealed,,0,0,,80,,Off,0,0,,76,Auckland,Nil,,,,,0,0,Open,0,,,Light rain,Null
1747223.2863,5961380.4261,887591,,506613,0,,0,0,,North,2023/2024,NORTHERN MOTORWAY,PUHOI ROAD OFF RAMP,,Minor Crash,Yes,2024,,North,,0,,Hill Road,,,,,,Dark,146800,1,0,0,2,,,0,,,,,,Auckland Region,Nil,1-way,Sealed,,0,0,,100,,Off,0,0,,76,Auckland,Nil,,,,,1,0,Open,1,,,Light rain,Null
1751748.7287,5888764.3137,887594,35,521122,0,,0,1,,Null,2022/2023,CLARKS BEACH ROAD,STEVENSON ROAD,,Minor Crash,No,2023,,South,,0,,Flat,,,,,,Bright sun,810611,1,0,0,2,,,0,,,,,,Auckland Region,Nil,2-way,Sealed,,0,0,,50,,None,0,0,,76,Auckland,Give way,,,,,2,0,Urban,0,,,Fine,Null
1751808.5255,5918614.2285,887595,,515001,0,0,0,1,0,North,2023/2024,WALKER ROAD,MURIPARA AVENUE,,Non-Injury Crash,No,2023,0,North,0,0,0,Flat,0,,0,,0,Twilight,392700,0,0,0,2,0,0,0,0,0,,0,1,Auckland Region,Nil,2-way,Sealed,0,0,0,0,50,0,Off,0,0,,76,Auckland,Nil,0,0,0,0,0,0,Urban,0,0,0,Fine,Null
1760441.2815,5918336.0779,887601,,516102,0,,0,1,,South,2024/2025,VICTORIA AVENUE,SONIA AVENUE,,Non-Injury Crash,No,2024,,South,,0,,Flat,,,,,,Overcast,483300,0,0,0,2,,,0,,,,,,Auckland Region,Nil,2-way,Sealed,,0,0,,50,,Off,1,0,,76,Auckland,Nil,,,,,0,0,Urban,0,,,Fine,Null
1754906.2762,5944333.3192,887602,,505909,0,,0,0,,South,2023/2024,SOMERSET PLACE,WOODRIDGE DRIVE,,Minor Crash,No,2023,,East,,0,,Hill Road,,,,,,Overcast,173908,1,0,0,2,,,0,,,1,,,Auckland Region,Nil,2-way,Sealed,,0,0,,50,,Off,0,0,,76,Auckland,Nil,,,,,0,0,Urban,1,,,Fine,Null
1755235.4954,5918273.5813,887603,,515500,0,,0,1,,West,2024/2025,NORTH-WESTERN MOTORWAY,BOND OBR,,Minor Crash,Yes,2024,,East,,0,,Flat,,,,,,Bright sun,418800,1,0,1,4,,,0,,,,,,Auckland Region,Nil,1-way,Sealed,,0,0,,80,,Off,0,0,,76,Auckland,Nil,,,,,0,0,Open,0,,,Fine,Null
1754331.2198,5920563.8217,887606,,515201,0,0,0,0,0,East,2023/2024,JERVOIS ROAD,WEST END ROAD,,Minor Crash,No,2023,0,West,0,0,0,Flat,0,Labour Weekend,0,,0,Overcast,422100,1,0,0,4,0,0,0,0,0,,0,0,Auckland Region,Nil,2-way,Sealed,0,0,0,0,50,0,Off,1,0,,76,Auckland,Nil,0,0,0,1,0,0,Urban,0,0,0,Fine,Null
1763230.0054,5908203.4698,887609,,524402,0,,0,1,,South,2023/2024,MASSEY ROAD,SAVILL DRIVE,,Non-Injury Crash,No,2023,,North,,0,,Flat,,,,,,Overcast,750000,0,0,0,4,,,0,,,,,,Auckland Region,Nil,2-way,Sealed,,0,0,,50,,Off,0,0,,76,Auckland,Nil,,,,,0,1,Urban,0,,,Fine,None
1745860.3653,5911074.2141,887611,,512600,0,0,0,1,0,Null,2023/2024,SCENIC DRIVE,TAWINI ROAD,,Non-Injury Crash,No,2024,0,West,0,0,0,Hill Road,0,,0,,0,Dark,300002,0,0,0,2,0,0,0,0,0,,1,0,Auckland Region,Nil,2-way,Sealed,0,0,0,0,50,0,On,0,0,,76,Auckland,Give way,0,0,0,0,0,0,Urban,0,0,0,Fine,Null
1770813.6126,5901473.5619,887613,,523813,0,,0,2,,South,2023/2024,PORCHESTER ROAD,SARTEANO DRIVE,,Non-Injury Crash,No,2024,,North,,0,,Flat,,,,,,Overcast,759800,0,0,0,2,,,0,,,,,,Auckland Region,Nil,2-way,Sealed,,0,0,,60,,Off,0,0,,76,Auckland,Give way,,,,,0,0,Urban,0,,,Fine,Null
1765274.203,5905435.3417,887617,,522202,0,0,0,1,0,East,2024/2025,FAIRVIEW ROAD,MILES AVENUE,,Non-Injury Crash,No,2024,0,West,0,0,0,Null,0,,0,,0,Bright sun,664800,0,0,0,2,0,0,0,0,1,,0,0,Auckland Region,Nil,2-way,Sealed,0,0,0,0,50,0,Null,0,0,,76,Auckland,Nil,0,0,0,0,0,0,Urban,1,0,0,Fine,Null
1753820.337,5913344.6048,887618,,518901,0,,0,2,,South,2023/2024,WHITE SWAN ROAD,RICHARDSON ROAD,,Non-Injury Crash,No,2023,,South,,0,,Flat,,,,,,Bright sun,585101,0,0,0,2,,,0,,,,,,Auckland Region,Nil,2-way,Sealed,,0,0,,50,,Off,0,0,,76,Auckland,Nil,,,,,0,0,Urban,0,,,Fine,Null
1755255.3653,5916362.9355,887619,,517703,1,,0,1,,Null,2024/2025,BALMORAL ROAD,ARABI STREET,,Minor Crash,No,2025,,West,,0,,Flat,,,,,,Twilight,538001,1,0,0,4,,,0,,,,,,Auckland Region,Nil,2-way,Sealed,,0,0,,50,,On,0,0,,76,Auckland,Give way,,,,,0,0,Urban,0,,,Fine,Null