X,Y,OBJECTID,advisorySpeed,areaUnitID,bicycle,bridge,bus,carStationWagon,cliffBank,crashDirectionDescription,crashFinancialYear,crashLocation1,crashLocation2,crashRoadSideRoad,crashSeverity,crashSHDescription,crashYear,debris,directionRoleDescription,ditch,fatalCount,fence,flatHill,guardRail,holiday,houseOrBuilding,intersection,kerb,light,meshblockId,minorInjuryCount,moped,motorcycle,NumberOfLanes,objectThrownOrDropped,otherObject,otherVehicleType,overBank,parkedVehicle,pedestrian,phoneBoxEtc,postOrPole,region,roadCharacter,roadLane,roadSurface,roadworks,schoolBus,seriousInjuryCount,slipOrFlood,speedLimit,strayAnimal,streetLight,suv,taxi,temporarySpeedLimit,tlaId,tlaName,trafficControl,trafficIsland,trafficSign,train,tree,truck,unknownVehicleType,urban,vanOrUtility,vehicle,waterRiver,weatherA,weatherB
1767863.373,5904667.1818,887620,,524604,0,,0,1,,South,2022/2023,SOUTHERN MOTORWAY,REDOUBT ROAD ON RAMP,,Minor Crash,Yes,2023,,North,,0,,Flat,,,,,,Overcast,780302,1,0,0,2,,,0,,,,,,Auckland Region,Motorway ramp,1-way,Sealed,,0,0,,100,,Off,0,0,,76,Auckland,Nil,,,,,1,0,Open,0,,,Light rain,Null
1743519.2081,5920567.669,887629,,513632,0,,0,2,,Null,2024/2025,DON BUCK ROAD,JEZERO DRIVE,,Non-Injury Crash,No,2024,,South,,0,,Flat,,,,,,Overcast,229001,0,0,0,2,,,0,,,,,,Auckland Region,Nil,2-way,Sealed,,0,0,,50,,Off,0,0,,76,Auckland,Stop,,,,,0,0,Urban,0,,,Fine,Null
1763499.7761,5908637.5864,887633,,521901,0,0,0,1,0,Null,2024/2025,MANGERE ROAD,CHELSEA AVENUE,,Minor Crash,No,2025,0,South,0,0,0,Hill Road,0,,0,,0,Dark,783700,1,0,0,4,0,0,0,0,0,,0,0,Auckland Region,Nil,2-way,Sealed,0,0,0,0,50,0,On,0,0,,76,Auckland,Traffic Signals,0,1,0,0,0,0,Urban,0,0,0,Fine,Null
1764228.5738,5917415.0412,887637,,516302,0,0,0,1,0,South,2022/2023,COLLEGE ROAD,ST JOHNS ROAD,,Non-Injury Crash,No,2023,0,South,0,0,0,Flat,0,,0,,0,Bright sun,462700,0,0,0,2,0,0,0,0,1,,0,0,Auckland Region,Nil,2-way,Unsealed,0,0,0,0,50,0,None,0,0,,76,Auckland,Nil,0,0,0,0,1,0,Urban,0,0,0,Null,None
1758075.9978,5915329.4751,887645,,519300,0,,0,1,,North,2025/2026,MANUKAU ROAD,ANNIE BUXTON PLACE,,Non-Injury Crash,No,2025,,South,,0,,Flat,,,,,,Dark,623500,0,0,0,4,,,0,,,1,,,Auckland Region,Nil,2-way,Sealed,,0,0,,50,,On,0,0,,76,Auckland,Nil,,,,,0,0,Urban,0,,,Fine,Null
1768777.3312,5905021.2331,887647,,523722,0,,1,1,,Null,2023/2024,ASPIRING AVENUE,HOLLYFORD DRIVE,,Non-Injury Crash,No,2023,,West,,0,,Flat,,,,,,Bright sun,716013,0,0,0,2,,,0,,,,,,Auckland Region,Nil,2-way,Sealed,,0,0,,50,,Off,0,0,,76,Auckland,Give way,,,,,0,0,Urban,0,,,Fine,None
1746661.737,5919954.361,887648,,512402,0,,0,2,,West,2023/2024,NORTH-WESTERN MOTORWAY,TE ATATU ROAD ON RAMP,,Minor Crash,Yes,2023,,West,,0,,Flat,,,,,,Dark,252200,1,0,0,3,,,0,,,,,,Auckland Region,Nil,1-way,Sealed,,0,0,,100,,On,0,0,,76,Auckland,Nil,,,,,0,0,Open,0,,,Fine,Null
1788127.587,5923377.853,887650,,520801,0,,0,1,,Null,2023/2024,OFF ROAD-LAWN,,,Minor Crash,No,2023,,North,,0,,Flat,,,,,,Bright sun,515801,1,0,0,,,,0,,,1,,,Auckland Region,Nil,Off road,Unsealed,,0,0,,,,None,0,1,,76,Auckland,Nil,,,,,0,0,Urban,0,,,Fine,Null
1767535.6499,5903920.9055,887651,,524602,0,,0,1,,East,2024/2025,SOUTH-WESTERN MOTORWAY,BARROWCLIFFE OBR,,Minor Crash,Yes,2025,,West,,0,,Flat,,,,,,Bright sun,780411,1,0,0,3,,,0,,,,,,Auckland Region,Nil,1-way,Sealed,,0,0,,100,,Off,0,0,,76,Auckland,Nil,,,,,0,0,Open,2,,,Fine,Null
1770116.1701,5900616.3986,887660,,523816,0,0,0,1,0,Null,2022/2023,RIVERTON DRIVE,MELLERAY PLACE,,Non-Injury Crash,No,2023,0,East,0,0,1,Flat,0,,0,,0,Dark,759711,0,0,0,2,0,0,0,0,0,,0,0,Auckland Region,Nil,2-way,Sealed,0,0,0,0,50,0,On,0,0,,76,Auckland,Nil,0,0,0,0,0,0,Urban,0,0,0,Light rain,Null
1773361.6887,5892223.1368,887663,,521301,0,0,0,1,0,South,2024/2025,GREAT SOUTH ROAD,EAST STREET,,Non-Injury Crash,No,2025,0,North,0,0,1,Flat,0,,0,,0,Dark,808701,0,0,0,2,0,0,0,0,1,,0,0,Auckland Region,Nil,2-way,Sealed,0,0,0,0,50,0,On,0,0,,76,Auckland,Nil,0,0,0,0,0,0,Urban,1,0,0,Fine,Null
1764116.7197,5911407.2724,887666,,520500,0,,0,2,,Null,2022/2023,MOUNT WELLINGTON HIGHWAY,RYBURN ROAD,,Non-Injury Crash,No,2023,,North,,0,,Flat,,,,,,Bright sun,637900,0,0,0,1,,,0,,,,,,Auckland Region,Nil,2-way,Sealed,,0,0,,50,,Off,0,0,40,76,Auckland,Give way,,,,,0,0,Urban,0,,,Fine,Null
1754248.9807,5913366.3813,887669,,518803,0,,0,0,,Null,2024/2025,MAY ROAD,GLYNN STREET,,Non-Injury Crash,No,2024,,South,,0,,Flat,,,,,,Bright sun,582200,0,0,0,3,,,0,,,,,,Auckland Region,Nil,2-way,Sealed,,0,0,,50,,Null,1,0,,76,Auckland,Stop,,,,,0,0,Urban,2,,,Fine,Null
1753305.9023,5928126.3807,887671,,508210,0,0,0,2,0,East,2024/2025,KAIPATIKI ROAD,EMIRAU PLACE,,Non-Injury Crash,No,2025,0,East,0,0,0,Hill Road,0,,0,,0,Overcast,186600,0,0,0,2,0,0,0,0,1,,0,0,Auckland Region,Nil,2-way,Sealed,0,0,0,0,50,0,Off,0,0,,76,Auckland,Nil,0,0,0,0,0,0,Urban,0,0,0,Fine,Strong wind
1746705.4163,5917749.1404,887679,,512500,0,,1,2,,South,2024/2025,TE ATATU ROAD,ROBERTS ROAD,,Non-Injury Crash,No,2024,,South,,0,,Flat,,,,,,Bright sun,257300,0,0,0,2,,,0,,,,,,Auckland Region,Nil,2-way,Sealed,,0,0,,50,,Off,0,0,,76,Auckland,Nil,,,,,0,0,Urban,0,,,Fine,Null
1764908.149,5903912.5615,887686,,524604,0,,0,2,,Null,2022/2023,NOEL BURNSIDE ROAD,CAVENDISH DRIVE,,Minor Crash,No,2023,,East,,0,,Flat,,,,,,Dark,781301,1,0,0,4,,,0,,,,,,Auckland Region,Nil,2-way,Sealed,,0,0,,50,,On,0,0,,76,Auckland,Traffic Signals,,,,,0,0,Urban,0,,,Fine,Null
1749662.497,5950478.1553,887687,,506202,0,0,0,2,0,North,2024/2025,SUNNYHEIGHTS ROAD,TAKURUA TERRACE,,Non-Injury Crash,No,2024,0,South,0,0,0,Hill Road,0,Labour Weekend,0,,0,Dark,176411,0,0,0,2,0,0,0,0,1,,0,0,Auckland Region,Nil,2-way,Sealed,0,0,0,0,50,0,On,0,0,,76,Auckland,Nil,0,0,0,0,0,0,Urban,0,0,0,Fine,Null
1760604.8449,5915546.0225,887689,,520201,0,,0,3,,North,2025/2026,SOUTHERN MOTORWAY,WALPOLE OBR,,Non-Injury Crash,Yes,2025,,North,,0,,Flat,,,,,,Overcast,613000,0,0,0,4,,,0,,,,,,Auckland Region,Nil,1-way,Sealed,,0,0,,100,,Off,0,0,,76,Auckland,Nil,,,,,0,0,Open,0,,,Fine,Null
1753787.9693,5914287.7324,887693,,518801,0,,0,2,,South,2024/2025,MAIORO STREET ON RAMP,MAIORO STREET,,Non-Injury Crash,No,2024,,South,,0,,Flat,,,,,,Overcast,578500,0,0,0,2,,,0,,,,,,Auckland Region,Nil,1-way,Sealed,,0,0,,100,,Off,0,0,,76,Auckland,Nil,,,,,0,0,Open,0,,,Light rain,Null
1756583.5897,5919326.6366,887697,,514200,0,,0,1,,Null,2022/2023,SOUTHERN MOTORWAY,NORTHERN TO PORT MOTORWAY,,Non-Injury Crash,Yes,2023,,North,,0,,Flat,,,,,,Dark,411900,0,0,0,2,,,0,,,,,,Auckland Region,Nil,1-way,Sealed,,0,0,,80,,On,1,0,,76,Auckland,Nil,,,,,0,0,Open,0,,,Heavy rain,None
1768049.1226,5903873.9903,887701,,524602,0,0,0,2,0,East,2024/2025,AIRPORT OFF RAMP,GREAT SOUTH OBR,,Minor Crash,Yes,2025,0,West,0,0,0,Flat,1,,0,,0,Dark,780506,4,0,0,2,0,0,0,0,0,,0,0,Auckland Region,Underpass,1-way,Sealed,0,0,0,0,100,0,On,0,0,,76,Auckland,Nil,0,0,0,0,0,0,Open,0,0,0,Light rain,Null
1756566.5164,5926859.8076,887708,,507900,0,,0,1,,South,2022/2023,NORTHERN MOTORWAY,NORTHCOTE ROAD ON RAMP,,Non-Injury Crash,Yes,2023,,South,,0,,Flat,,,,,,Overcast,303502,0,0,0,4,,,0,,,,,,Auckland Region,Nil,1-way,Sealed,,0,0,,100,,Off,0,0,,76,Auckland,Nil,,,,,1,0,Open,1,,,Light rain,Null
1764371.3762,5877440.2125,887710,,521121,0,0,0,1,1,South,2023/2024,AKA AKA ROAD,WAIUKU ROAD,,Minor Crash,No,2023,0,North,0,0,0,Hill Road,0,,0,,0,Bright sun,825201,2,0,0,2,0,0,0,0,0,,0,0,Auckland Region,Nil,2-way,Sealed,0,0,0,0,80,0,None,0,0,,76,Auckland,Nil,0,0,0,0,0,0,Open,0,0,0,Fine,Null
1737124.9791,5928116.0244,887711,,505605,0,0,0,0,0,South,2025/2026,STATION ROAD,NOBILO ROAD,,Non-Injury Crash,No,2025,0,North,0,0,0,Flat,0,,0,,0,Dark,215604,0,0,0,2,0,0,0,0,0,,0,0,Auckland Region,Nil,2-way,Sealed,0,0,0,0,50,1,Null,0,0,,76,Auckland,Nil,0,0,0,0,0,0,Urban,1,0,0,Fine,Null
1765385.4969,5915464.3448,887715,,520301,1,,0,1,,Null,2024/2025,PILKINGTON ROAD,JELLICOE ROAD,,Minor Crash,No,2025,,South,,0,,Flat,,,,,,Bright sun,627900,1,0,0,2,,,0,,,,,,Auckland Region,Nil,2-way,Sealed,,0,0,,50,,Off,0,0,,76,Auckland,Give way,,,,,0,0,Urban,0,,,Fine,Null
1767801.9945,5904100.1741,887721,,524602,0,,0,1,,Null,2024/2025,GREAT SOUTH ROAD,LAKEWOOD COURT,,Non-Injury Crash,No,2025,,North,,0,,Flat,,,,,,Bright sun,780416,0,0,0,3,,,0,,,,,,Auckland Region,Nil,1-way,Sealed,,0,0,,50,,Off,1,0,,76,Auckland,Traffic Signals,,,,,0,0,Urban,0,,,Fine,Null
1752465.5894,5931035.9327,887729,,508807,0,,0,1,,East,2024/2025,UPPER HARBOUR HIGHWAY,WILLIAM PICKERING DRIVE,,Non-Injury Crash,Yes,2025,,East,,0,,Flat,,,,,,Bright sun,180809,0,0,0,2,,,0,,,,,,Auckland Region,Nil,1-way,Sealed,,0,0,,100,,Off,0,0,,76,Auckland,Nil,,,,,1,0,Open,0,,,Fine,Null
1746263.8536,5916591.569,887730,,510800,0,0,0,2,0,East,2022/2023,EDGEWOOD WAY,SILVER BIRCH RISE,,Non-Injury Crash,No,2023,0,West,0,0,0,Hill Road,0,,0,,0,Dark,244001,0,0,0,2,0,0,0,0,1,,0,0,Auckland Region,Nil,2-way,Sealed,0,0,0,0,50,0,On,0,0,,76,Auckland,Nil,0,0,0,0,0,0,Urban,0,0,0,Light rain,Null
1769295.7218,5913249.3226,887731,,522723,1,,0,1,,Null,2025/2026,CASCADES ROAD,HOPE FARM AVENUE,,Minor Crash,No,2026,,North,,0,,Flat,,,,,,Overcast,682900,1,0,0,2,,,0,,,,,,Auckland Region,Nil,2-way,Sealed,,0,0,,50,,Off,0,0,,76,Auckland,Nil,,,,,0,0,Urban,0,,,Fine,Null
1768930.4777,5881030.8865,887737,,525910,0,,0,2,,Null,2024/2025,EDINBURGH STREET,MASSEY AVENUE,,Non-Injury Crash,No,2025,,South,,0,,Null,,,,,,Bright sun,818900,0,0,0,2,,,0,,,,,,Auckland Region,Nil,2-way,Sealed,,0,0,,50,,Null,0,0,,76,Auckland,Give way,,,,,0,0,Urban,0,,,Fine,Null
1761753.3257,5906571.0725,887742,,524520,0,,0,2,,Null,2022/2023,MASSEY ROAD,MASSEY ROAD ON RAMP,,Non-Injury Crash,No,2023,,South,,0,,Flat,,,,,,Dark,736300,0,0,0,4,,,0,,,,,,Auckland Region,Overpass,2-way,Sealed,,0,0,,50,,On,0,0,,76,Auckland,Traffic Signals,,,,,0,0,Urban,0,,,Fine,Null
1772907.1789,5890720.0227,887749,,521301,0,,0,1,,Null,2025/2026,PITT ROAD,GREAT SOUTH ROAD,,Serious Crash,No,2025,,North,,0,,Hill Road,,,,,,Dark,809200,2,0,0,2,,,0,,,,,,Auckland Region,Nil,2-way,Sealed,,0,1,,80,,None,1,0,,76,Auckland,Give way,,,,,0,0,Open,0,,,Light rain,Null
1766420.6635,5905258.5282,887754,,522400,0,,0,2,,Null,2023/2024,CARRUTH ROAD,PUHINUI ROAD,,Minor Crash,No,2024,,South,,0,,Flat,,,,,,Bright sun,671600,1,0,0,4,,,0,,,,,,Auckland Region,Nil,2-way,Sealed,,0,0,,50,,Null,0,0,,76,Auckland,Traffic Signals,,,,,0,0,Urban,0,,,Fine,Null
1759322.2537,5910790.2929,887755,,524002,0,,0,1,,North,2025/2026,SOUTH-WESTERN MOTORWAY,RIMU ROAD ON RAMP,,Minor Crash,Yes,2025,,North,,0,,Flat,,,,,,Bright sun,722400,1,0,0,4,,,0,,,,,,Auckland Region,Bridge,1-way,Sealed,,0,0,,90,,Off,0,0,,76,Auckland,Nil,,,,,1,0,Open,0,,,Fine,Null
1768836.7195,5899541.5466,887757,,525102,0,,0,1,,Null,2024/2025,MAHIA ROAD,FIELDS ROAD,,Non-Injury Crash,No,2025,,East,,0,,Hill Road,,,,,,Bright sun,768500,0,0,0,2,,,0,,,,,,Auckland Region,Nil,2-way,Sealed,,0,0,,50,,Off,0,0,,76,Auckland,Stop,,,,,0,0,Urban,1,,,Fine,Null
1766436.5864,5905234.8935,887761,,524603,0,,0,1,,Null,2024/2025,LAMBIE DRIVE,PUHINUI ROAD,,Non-Injury Crash,No,2025,,North,,0,,Null,,,,,,Bright sun,674300,0,0,0,2,,,0,,,,,,Auckland Region,Nil,1-way,Sealed,,0,0,,50,,Null,0,0,,76,Auckland,Traffic Signals,,,,,0,1,Urban,0,,,Fine,Null
1753093.1659,5916806.0231,887763,,517800,0,,0,2,,Null,2024/2025,NEW NORTH ROAD,ASQUITH AVENUE,,Minor Crash,No,2024,,North,,0,,Flat,,Labour Weekend,,,,Overcast,527600,2,0,0,4,,,0,,,,,,Auckland Region,Nil,2-way,Sealed,,0,0,,50,,Off,0,0,,76,Auckland,Stop,,,,,0,0,Urban,0,,,Fine,Null
1745193.2166,5918804.2799,887770,,513302,0,0,0,1,0,Null,2022/2023,LINCOLN ROAD,FAIRDENE AVENUE,,Non-Injury Crash,No,2023,0,North,0,0,1,Flat,0,,0,,0,Dark,230802,0,0,0,2,0,0,0,0,0,,0,0,Auckland Region,Nil,2-way,Sealed,0,0,0,0,50,0,On,0,0,,76,Auckland,Give way,0,0,0,0,0,0,Urban,0,0,0,Heavy rain,Null
1775825.968,5882624.6612,887773,,521160,0,0,0,1,0,North,2025/2026,SOUTHERN MOTORWAY,BOMBAY OFF RAMP,,Non-Injury Crash,Yes,2025,1,South,1,0,0,Flat,0,,0,,0,Bright sun,827604,0,0,0,3,0,0,0,0,0,,0,0,Auckland Region,Nil,1-way,Sealed,0,0,0,0,100,0,Off,0,0,,76,Auckland,Nil,0,0,0,1,0,0,Open,0,0,0,Light rain,Null
1767853.416,5910448.9364,887783,,523112,0,0,0,1,0,South,2025/2026,CRYERS ROAD,ECHELON PLACE,,Non-Injury Crash,No,2025,0,North,0,0,0,Flat,0,,0,,0,Overcast,711405,0,0,0,2,0,0,0,0,0,,0,1,Auckland Region,Nil,2-way,Sealed,0,0,0,0,50,0,Off,0,0,,76,Auckland,Nil,0,0,0,0,0,0,Urban,0,0,0,Fine,Null
1751286.7307,5934416.0761,887787,,508701,0,,0,1,,Null,2025/2026,GILLS ROAD,DAIRY FLAT HIGHWAY,,Non-Injury Crash,No,2025,,West,,0,,Flat,,,,,,Bright sun,178501,0,0,0,2,,,0,,,,,,Auckland Region,Nil,2-way,Sealed,,0,0,,50,,Off,0,0,,76,Auckland,Stop,,,,,0,0,Urban,1,,,Fine,Null
1759097.7217,5916677.9019,887793,,516001,0,,0,2,,Null,2024/2025,MARKET ROAD,PATEY STREET,,Non-Injury Crash,No,2025,,East,,0,,Null,,,,,,Unknown,491302,0,0,0,2,,,0,,,,,,Auckland Region,Nil,2-way,Sealed,,0,0,,50,,On,0,0,,76,Auckland,Stop,,,,,0,0,Urban,0,,,Fine,Null
1768250.0158,5881984.0679,887794,,525910,0,0,0,2,0,North,2023/2024,KAYES ROAD,BEATTY ROAD,,Minor Crash,No,2023,0,South,0,0,0,Flat,0,,0,,0,Dark,817706,3,0,0,2,0,0,0,0,1,1,0,0,Auckland Region,Nil,2-way,Sealed,0,0,0,0,50,0,On,0,0,,76,Auckland,Nil,0,0,0,0,0,0,Urban,0,0,0,Fine,Null
1768862.1447,5905689.0704,887795,,523721,0,,0,1,,South,2025/2026,TE IRIRANGI DRIVE,DAWSON ROAD,,Non-Injury Crash,No,2025,,North,,0,,Flat,,,,,,Overcast,715616,0,1,0,4,,,0,,,,,,Auckland Region,Nil,2-way,Sealed,,0,0,,80,,Off,0,0,50,76,Auckland,Nil,,,,,0,0,Open,0,,,Fine,Null
1756366.6148,5882232.2238,887804,,521152,0,,0,2,,South,2023/2024,GLENBROOK STATION ROAD,GLENBROOK ROAD,,Minor Crash,No,2023,,South,,0,,Hill Road,,,,,,Bright sun,834300,1,0,0,2,,,0,,,,,,Auckland Region,Nil,2-way,Sealed,,0,0,,80,,Off,0,0,,76,Auckland,Nil,,,,,0,0,Open,0,,,Fine,Null
1769645.8492,5899620.0366,887805,,523920,0,0,0,1,0,Null,2024/2025,GREAT SOUTH ROAD,TE NAPI DRIVE,,Non-Injury Crash,No,2025,0,North,0,0,0,Flat,0,,0,,1,Dark,767922,0,0,0,4,0,0,0,0,0,,0,0,Auckland Region,Nil,2-way,Sealed,0,0,0,0,50,0,On,0,0,,76,Auckland,Traffic Signals,1,1,0,0,0,0,Urban,0,0,0,Fine,Null
1776382.5477,5881367.7266,887811,,521160,0,,0,1,,North,2025/2026,BOMBAY ON RAMP,GREAT SOUTH ROAD,,Non-Injury Crash,No,2025,,South,,0,,Flat,,,,,,Overcast,827800,0,0,0,1,,,0,,,,,,Auckland Region,Motorway ramp,1-way,Sealed,,0,0,,100,,Off,0,0,,76,Auckland,Nil,,,,,0,0,Open,1,,,Fine,Null
1766276.1781,5904590.8978,887816,,524603,0,,0,2,,Null,2022/2023,CAVENDISH DRIVE,NORMAN SPENCER DRIVE,,Minor Crash,No,2023,,East,,0,,Flat,,Queens Birthday,,,,Overcast,780202,1,0,0,5,,,0,,,,,,Auckland Region,Nil,2-way,Sealed,,0,0,,50,,Off,0,0,,76,Auckland,Traffic Signals,,,,,0,0,Urban,0,,,Fine,Null
1783272.0906,5916003.9206,887819,,523300,0,0,0,2,0,South,2025/2026,MARAETAI COAST ROAD,MARAETAI DRIVE,,Non-Injury Crash,No,2026,0,South,0,0,0,Flat,0,,0,,0,Twilight,720200,0,0,0,2,0,0,0,0,1,,0,0,Auckland Region,Nil,2-way,Sealed,0,0,0,0,50,0,None,0,0,,76,Auckland,Nil,0,0,0,0,0,0,Urban,0,0,0,Fine,Null
1753321.07,5914299.9741,887825,,514500,0,,0,2,,Null,2022/2023,RICHARDSON ROAD,Maioro St,,Non-Injury Crash,No,2023,,South,,0,,Flat,,,,,,Bright sun,376401,0,0,0,2,,,0,,,,,,Auckland Region,Nil,2-way,Sealed,,0,0,,50,,Off,0,0,,76,Auckland,Traffic Signals,,,,,0,0,Urban,0,,,Fine,None
1785485.1124,5905950.9596,887827,,525201,0,0,0,1,0,South,2025/2026,CLEVEDON-KAWAKAWA ROAD,KAIMAHI RISE,,Minor Crash,No,2025,0,North,0,0,0,Hill Road,0,,0,,0,Bright sun,764100,1,0,0,2,0,0,0,1,0,,0,0,Auckland Region,Nil,2-way,Unsealed,0,0,0,0,80,0,None,0,0,30,76,Auckland,Nil,0,0,0,0,0,0,Open,0,0,0,Fine,Null
1751630.1304,5934031.527,887833,,508701,0,,0,1,,Null,2024/2025,ALBANY EXPRESSWAY,DAIRY FLAT HIGHWAY,,Non-Injury Crash,No,2024,,North,,0,,Flat,,,,,,Overcast,178800,0,0,0,2,,,0,,,,,,Auckland Region,Nil,1-way,Sealed,,0,0,,50,,Off,1,0,,76,Auckland,Give way,,,,,0,0,Urban,0,,,Fine,Null
1743803.9552,5919232.9602,887846,,513212,0,,0,2,,Null,2023/2024,SWANSON ROAD,METCALFE ROAD,,Minor Crash,No,2024,,West,,0,,Flat,,,,,,Bright sun,235600,1,0,0,2,,,0,,,,,,Auckland Region,Nil,2-way,Sealed,,0,0,,50,,Off,0,0,,76,Auckland,Give way,,,,,0,0,Urban,0,,,Fine,Null
1761946.969,5906751.2996,887849,,524302,0,,0,3,,South,2022/2023,MASSEY ROAD,GEORGE STREET,,Non-Injury Crash,No,2023,,South,,0,,Flat,,,,,,Bright sun,743500,0,0,0,2,,,0,,,,,,Auckland Region,Nil,2-way,Sealed,,0,0,,50,,Off,0,0,,76,Auckland,Nil,,,,,0,0,Urban,0,,,Fine,Null
1756601.3367,5919436.382,887855,,514200,1,,0,1,,Null,2022/2023,KARANGAHAPE ROAD,DAY STREET,,Serious Crash,No,2023,,East,,0,,Flat,,,,,,Dark,412000,0,0,0,4,,,0,,,,,,Auckland Region,Nil,2-way,Sealed,,0,1,,50,,On,0,0,,76,Auckland,Nil,,,,,0,0,Urban,0,,,Fine,Null
1749977.7297,5913409.4062,887864,,511303,0,0,0,3,0,Null,2025/2026,WAIKOMITI STREET,WHARETANA CRESCENT,,Non-Injury Crash,No,2025,0,East,0,0,0,Flat,0,Christmas New Year,0,,0,Dark,265001,0,0,0,2,0,0,0,0,1,,0,0,Auckland Region,Nil,2-way,Sealed,0,0,0,0,50,0,On,0,0,,76,Auckland,Nil,0,0,0,0,0,0,Urban,0,0,0,Fine,Null
1753989.796,5929360.8447,887868,,508320,0,0,0,2,0,Null,2024/2025,WAIRAU ROAD,ELLICE ROAD,,Non-Injury Crash,No,2024,0,East,0,0,0,Flat,0,,0,,0,Dark,196201,0,0,0,2,0,0,0,0,0,,0,1,Auckland Region,Nil,2-way,Sealed,0,0,0,0,50,0,On,0,0,,76,Auckland,Give way,0,0,0,0,0,0,Urban,0,0,0,Fine,Null
1752762.3317,5929081.0403,887872,,508411,0,0,0,1,0,East,2024/2025,SPINELLA DRIVE,CANTINA AVENUE,,Minor Crash,No,2025,0,West,0,0,0,Flat,0,,0,,0,Overcast,184912,1,0,0,2,0,0,0,0,0,,1,0,Auckland Region,Speed hump,2-way,Sealed,0,0,0,0,50,0,Off,0,0,,76,Auckland,Nil,0,0,0,1,0,0,Urban,0,0,0,Fine,Null
1769995.1313,5899277.8442,887873,,523920,0,0,0,1,0,Null,2023/2024,GREAT SOUTH ROAD,TAKANINI ON RAMP,,Minor Crash,No,2023,0,West,0,0,0,Flat,0,,0,,0,Twilight,768005,2,0,0,2,0,0,0,0,0,,0,0,Auckland Region,Motorway ramp,1-way,Sealed,0,0,0,0,70,0,On,1,0,,76,Auckland,Traffic Signals,0,1,0,0,0,0,Urban,0,0,0,Heavy rain,Null
1751873.8638,5948240.3972,887876,,505805,0,,0,0,,North,2024/2025,HIBISCUS COAST HIGHWAY,OREWA RIV BR,,Non-Injury Crash,No,2024,,South,,0,,Flat,,,,,,Overcast,172401,0,0,0,2,,,0,,,,,,Auckland Region,Nil,2-way,Sealed,,0,0,,50,,Off,1,0,,76,Auckland,Isolated Pedestrian signal (non-intersection),,,,,0,0,Urban,1,,,Fine,Null
1757641.8535,5919868.3092,887878,,514103,0,,0,1,,Null,2025/2026,SYMONDS STREET,WELLESLEY STREET EAST,,Serious Crash,No,2025,,North,,0,,Hill Road,,,,,,Bright sun,436700,0,0,0,1,,,0,,,1,,,Auckland Region,Nil,2-way,Sealed,,0,1,,30,,Off,0,0,,76,Auckland,Traffic Signals,,,,,0,0,Urban,0,,,Fine,Null
1768530.3685,5901062.8777,887880,,525001,0,,0,2,,West,2024/2025,MAICH ROAD,STATION ROAD,,Minor Crash,No,2025,,North,,0,,Flat,,,,,,Twilight,751500,1,0,0,2,,,0,,,,,,Auckland Region,Nil,2-way,Sealed,,0,0,,50,,Off,1,0,,76,Auckland,Nil,,,,,0,0,Urban,0,,,Light rain,Null
1760248.8053,5915845.3547,887882,,516003,0,,0,3,,East,2025/2026,SOUTHERN MOTORWAY,GREENLANE INT S,,Minor Crash,Yes,2026,,North,,0,,Flat,,,,,,Overcast,494902,1,0,0,3,,,0,,,,,,Auckland Region,Motorway ramp,1-way,Sealed,,0,0,,100,,Off,0,0,,76,Auckland,Nil,,,,,0,0,Open,0,,,Fine,Null
1756749.4338,5919880.5803,887884,,514102,0,,0,2,,Null,2025/2026,UNION STREET,HOBSON STREET,,Non-Injury Crash,No,2025,,East,,0,,Flat,,,,,,Bright sun,435500,0,0,0,7,,,0,,,,,,Auckland Region,Nil,2-way,Sealed,,0,0,,30,,Off,0,0,,76,Auckland,Traffic Signals,,,,,0,0,Urban,0,,,Fine,Null
1755787.4519,5919578.2855,887896,,514000,0,0,0,3,0,South,2025/2026,PONSONBY ROAD,MACKELVIE STREET,,Non-Injury Crash,No,2025,0,South,0,0,0,Flat,0,,0,,0,Dark,414500,0,0,0,2,0,0,0,0,2,,0,0,Auckland Region,Nil,2-way,Sealed,0,0,0,0,40,0,On,0,0,30,76,Auckland,Nil,0,0,0,0,0,0,Urban,0,0,0,Light rain,Null
1767699.4835,5909865.0354,887898,,523112,0,,0,1,,Null,2025/2026,OFF ROAD-PRIVATE LAND,,,Minor Crash,No,2025,,South,,0,,Flat,,,,,,Overcast,711600,1,0,0,,,,0,,,1,,,Auckland Region,Nil,Off road,Sealed,,0,0,,,,Off,0,0,,76,Auckland,Nil,,,,,0,0,Urban,0,,,Light rain,Null
1740246.989,5911413.2467,887901,,513020,0,,0,1,,Null,2023/2024,SCENIC DRIVE,PIHA ROAD,,Minor Crash,No,2024,,West,,0,,Hill Road,,,,,,Overcast,280302,4,0,0,2,,,0,,,,,,Auckland Region,Nil,2-way,Sealed,,0,0,,70,,None,0,0,,76,Auckland,Stop,,,,,0,0,Urban,1,,,Fine,Null
1770928.9099,5911872.4545,887903,,523106,0,0,0,1,0,South,2022/2023,TARNICA ROAD,CAMERTON CLOSE,,Minor Crash,No,2023,0,North,0,0,0,Flat,0,,0,,0,Overcast,711129,1,0,0,2,0,0,0,0,0,,0,0,Auckland Region,Nil,2-way,Sealed,0,0,0,0,50,0,Off,0,0,,76,Auckland,Nil,0,0,0,1,0,0,Urban,0,0,0,Light rain,Null