X,Y,OBJECTID,advisorySpeed,areaUnitID,bicycle,bridge,bus,carStationWagon,cliffBank,crashDirectionDescription,crashFinancialYear,crashLocation1,crashLocation2,crashRoadSideRoad,crashSeverity,crashSHDescription,crashYear,debris,directionRoleDescription,ditch,fatalCount,fence,flatHill,guardRail,holiday,houseOrBuilding,intersection,kerb,light,meshblockId,minorInjuryCount,moped,motorcycle,NumberOfLanes,objectThrownOrDropped,otherObject,otherVehicleType,overBank,parkedVehicle,pedestrian,phoneBoxEtc,postOrPole,region,roadCharacter,roadLane,roadSurface,roadworks,schoolBus,seriousInjuryCount,slipOrFlood,speedLimit,strayAnimal,streetLight,suv,taxi,temporarySpeedLimit,tlaId,tlaName,trafficControl,trafficIsland,trafficSign,train,tree,truck,unknownVehicleType,urban,vanOrUtility,vehicle,waterRiver,weatherA,weatherB
1766385.5627,5912846.8597,887911,,522920,0,0,0,1,0,South,2022/2023,PAKURANGA HIGHWAY,TI RAKAU DRIVE,,Minor Crash,No,2023,0,West,0,0,0,Flat,0,,0,,0,Dark,683800,1,0,0,2,0,0,0,0,0,,0,0,Auckland Region,Nil,2-way,Sealed,0,0,0,0,60,0,On,0,0,,76,Auckland,Nil,0,0,0,2,0,0,Urban,0,0,0,Light rain,Null
1751881.2273,5948253.5546,887912,,505805,0,,0,1,,South,2025/2026,HIBISCUS COAST HIGHWAY,CENTREWAY ROAD,,Serious Crash,No,2025,,North,,0,,Flat,,,,,,Bright sun,172401,0,0,1,2,,,0,,,,,,Auckland Region,Bridge,2-way,Sealed,,0,1,,50,,Off,0,0,,76,Auckland,Nil,,,,,0,0,Urban,0,,,Fine,Null
1743008.8776,5889760.5927,887917,65,521151,0,0,0,1,1,North,2022/2023,AWHITU ROAD,WEST COAST ROAD,,Fatal Crash,No,2023,0,North,1,1,0,Hill Road,0,,0,,0,Dark,829600,0,0,0,2,0,0,0,0,0,,0,0,Auckland Region,Nil,2-way,Sealed,0,0,0,0,80,0,None,0,0,,76,Auckland,Nil,0,0,0,0,0,0,Open,0,0,0,Heavy rain,Null
1769592.6327,5903657.0303,887928,,523820,0,0,0,0,0,North,2025/2026,EUGENIA RISE,SILKWOOD GROVE,,Non-Injury Crash,No,2025,0,South,0,0,1,Flat,0,,0,,0,Dark,760134,0,0,0,2,0,0,0,0,0,,0,0,Auckland Region,Nil,2-way,Sealed,0,0,0,0,50,0,On,0,0,,76,Auckland,Nil,0,0,0,0,0,0,Urban,1,0,0,Light rain,Null
1767104.4855,5905532.7866,887929,,522400,0,,0,2,,Null,2023/2024,GREAT SOUTH ROAD,REAGAN ROAD,,Non-Injury Crash,No,2023,,South,,0,,Flat,,,,,,Dark,671200,0,0,0,6,,,0,,,,,,Auckland Region,Nil,2-way,Sealed,,0,0,,50,,On,0,0,,76,Auckland,Traffic Signals,,,,,0,0,Urban,0,,,Fine,Null
1759099.9493,5906309.1048,887936,,524200,0,,0,2,,North,2025/2026,KIRKBRIDE ROAD OFF RAMP,GEORGE BOLT MEMORIAL DRIVE,,Minor Crash,No,2026,,North,,0,,Flat,,,,,,Bright sun,726400,3,0,0,1,,,0,,,,,,Auckland Region,Motorway ramp,1-way,Sealed,,0,0,,60,,Off,0,0,,76,Auckland,Nil,,,,,0,0,Urban,1,,,Fine,Null
1750823.2451,5915596.0597,887940,,514802,0,,0,1,,Null,2025/2026,ROSEBANK ROAD,ASH STREET,,Minor Crash,No,2025,,East,,0,,Flat,,,,,,Bright sun,390200,1,0,0,2,,,0,,,,,,Auckland Region,Nil,2-way,Sealed,,0,0,,50,,Off,1,0,,76,Auckland,Traffic Signals,,,,,0,0,Urban,0,,,Fine,Null
1751547.5205,5912369.1217,887951,,514700,0,0,0,0,0,Null,2025/2026,BLOCKHOUSE BAY ROAD,DONOVAN STREET,,Non-Injury Crash,No,2025,0,South,0,0,0,Hill Road,0,,0,,0,Dark,369900,0,0,0,2,0,0,0,0,0,,0,1,Auckland Region,Nil,2-way,Sealed,0,0,0,0,50,0,On,0,0,,76,Auckland,Give way,0,0,0,0,0,0,Urban,1,0,0,Fine,Null
1757157.9371,5925974.1488,887952,,507900,0,,0,2,,Null,2022/2023,ESMONDE ROAD,ESMONDE ROAD OFF RAMP,,Non-Injury Crash,No,2023,,North,,0,,Hill Road,,,,,,Overcast,304000,0,0,0,5,,,0,,,,,,Auckland Region,Bridge,2-way,Sealed,,0,0,,50,,Off,0,0,,76,Auckland,Traffic Signals,,,,,0,0,Urban,0,,,Heavy rain,Strong wind
1756667.3333,5916991.7458,887956,,518201,0,0,0,1,0,Null,2022/2023,TARATA STREET,PROSPECT TERRACE,,Non-Injury Crash,No,2023,0,South,0,0,0,Flat,0,,0,,0,Dark,547700,0,0,0,2,0,0,0,0,0,,0,0,Auckland Region,Nil,2-way,Sealed,0,0,0,0,50,0,On,0,0,,76,Auckland,Give way,0,0,0,1,0,0,Urban,0,0,0,Fine,Null
1756319.4922,5927370.4366,887959,,507900,0,0,0,1,0,South,2025/2026,NORTHERN MOTORWAY,NORTHCOTE ROAD OFF RAMP,,Non-Injury Crash,Yes,2025,0,South,0,0,0,Flat,1,,0,,0,Bright sun,305202,0,0,0,3,0,0,0,0,0,,0,0,Auckland Region,Nil,1-way,Sealed,0,0,0,0,100,0,Off,0,0,,76,Auckland,Nil,0,0,0,0,1,0,Open,0,0,0,Fine,Null
1757501.8655,5918690.0184,887960,,514302,0,,0,2,,South,2023/2024,SOUTHERN MOTORWAY,PORT TO SOUTHERN LINK,,Non-Injury Crash,Yes,2023,,South,,0,,Hill Road,,,,,,Overcast,442500,0,0,0,4,,,0,,,,,,Auckland Region,Nil,1-way,Sealed,,0,0,,80,,Off,0,0,,76,Auckland,Nil,,,,,0,0,Open,0,,,Fine,Null
1754581.1119,5911451.4812,887971,,519001,0,,0,1,,Null,2025/2026,HILLSBOROUGH ROAD,DOMINION ROAD EXTENSION,,Non-Injury Crash,No,2025,,East,,0,,Hill Road,,Christmas New Year,,,,Dark,591800,0,0,0,2,,,0,,,,,,Auckland Region,Nil,2-way,Sealed,,0,0,,50,,On,0,0,,76,Auckland,Give way,,,,,0,0,Urban,1,,,Fine,Null
1762391.5144,5918925.901,887987,,516400,0,,0,1,,Null,2025/2026,COATES AVENUE,KEPA ROAD,,Non-Injury Crash,No,2025,,South,,0,,Null,,,,,,Bright sun,497800,0,0,0,2,,,0,,,,,,Auckland Region,Nil,2-way,Sealed,,0,0,,50,,Null,0,0,,76,Auckland,Give way,,,,,1,0,Urban,0,,,Fine,Null
1770245.3063,5899033.0217,887988,,523920,0,,0,0,,South,2022/2023,GREAT SOUTH ROAD,MANUIA ROAD,,Minor Crash,No,2023,,South,,0,,Flat,,,,,,Bright sun,768006,2,0,1,4,,,0,,,1,,,Auckland Region,Nil,2-way,Sealed,,0,0,,50,,Off,0,0,,76,Auckland,Nil,,,,,0,0,Urban,0,,,Fine,Null
1765243.6028,5904767.9441,887993,,524603,0,,0,0,,Null,2022/2023,PUHINUI ROAD,CLENDON AVENUE,,Non-Injury Crash,No,2023,,West,,0,,Flat,,,,,,Overcast,673600,1,0,0,2,,,0,,,,,,Auckland Region,Nil,2-way,Sealed,,0,0,,50,,Off,1,0,,76,Auckland,Give way,,,,,0,0,Urban,0,,,Heavy rain,Strong wind
1774889.9858,5896812.98,888000,,525610,0,0,0,0,0,South,2022/2023,DOMINION ROAD,PRESIDENT AVENUE,,Non-Injury Crash,No,2023,0,Null,0,0,0,Flat,0,,0,,0,Dark,799700,0,0,0,2,0,0,0,0,0,1,0,0,Auckland Region,Nil,2-way,Sealed,0,0,0,0,50,0,On,0,0,,76,Auckland,Nil,0,0,0,0,0,0,Urban,0,0,0,Light rain,Null
1767705.2853,5913572.2102,888001,,522820,0,,0,1,,Null,2022/2023,PAKURANGA ROAD,GRAMMAR SCHOOL ROAD,,Non-Injury Crash,No,2023,,East,,0,,Flat,,,,,,Twilight,695002,0,0,0,7,,,0,,,,,,Auckland Region,Nil,2-way,Sealed,,0,0,,50,,Off,0,0,,76,Auckland,Give way,,,,,0,0,Urban,1,,,Fine,None
1767128.3164,5901999.3111,888013,,524720,0,,0,1,,West,2024/2025,BROWNS ROAD,JELLICOE ROAD,,Minor Crash,No,2024,,East,,0,,Flat,,,,,,Dark,779600,1,0,0,2,,,0,,,1,,,Auckland Region,Nil,2-way,Sealed,,0,0,,50,,On,0,0,,76,Auckland,Nil,,,,,0,0,Urban,0,,,Fine,Null
1757813.4644,5920636.3972,888018,,514103,0,,0,1,,East,2022/2023,SHORTLAND STREET,BANKSIDE STREET,,Minor Crash,No,2023,,East,,0,,Hill Road,,,,,,Dark,437800,1,0,0,2,,,0,,,1,,,Auckland Region,Speed hump,2-way,Sealed,,0,0,,30,,On,0,0,,76,Auckland,Nil,,,,,0,0,Urban,0,,,Fine,Null
1755238.84,5920855.559,888019,,515202,0,,0,1,,Null,2025/2026,JERVOIS ROAD,SHELLY BEACH ROAD,,Non-Injury Crash,No,2026,,East,,0,,Flat,,,,,,Overcast,424500,0,0,0,4,,,0,,,,,,Auckland Region,Nil,2-way,Sealed,,0,0,,50,,Off,2,0,,76,Auckland,Traffic Signals,,,,,0,0,Urban,0,,,Fine,Null
1773933.3296,5913741.9033,888035,45,523201,0,0,0,1,0,South,2024/2025,TUI VALE ROAD,PAH ROAD,,Non-Injury Crash,No,2025,0,North,0,0,1,Hill Road,0,,0,,0,Overcast,717905,0,0,0,2,0,0,0,0,0,,0,0,Auckland Region,Nil,2-way,Unsealed,0,0,0,0,50,0,Off,0,0,40,76,Auckland,Nil,0,0,0,0,0,0,Urban,0,0,0,Fine,Null
1759043.0265,5911794.7447,888038,,519820,0,,0,1,,Null,2022/2023,NEILSON STREET,ONEHUNGA MALL,,Minor Crash,No,2023,,East,,0,,Flat,,,,,,Bright sun,602300,1,0,0,4,,,0,,,,,,Auckland Region,Nil,2-way,Sealed,,0,0,,50,,Off,0,0,,76,Auckland,Traffic Signals,,,,,0,0,Urban,1,,,Fine,Null
1748682.5045,5942469.9997,888055,,506300,0,,0,1,,South,2025/2026,NORTHERN MOTORWAY,WILKS OBR,,Non-Injury Crash,Yes,2026,,South,,0,,Flat,,,,,,Overcast,175902,0,0,0,2,,,0,,,,,,Auckland Region,Underpass,1-way,Sealed,,0,0,,100,,None,1,0,,76,Auckland,Nil,,,,,0,0,Open,0,,,Fine,Null
1766876.0536,5903862.6388,888063,,524604,0,,0,1,,Null,2025/2026,LAMBIE DRIVE,LAMBIE DRIVE OFF RAMP,,Non-Injury Crash,No,2026,,South,,0,,Hill Road,,,,,,Bright sun,780210,0,0,0,5,,,0,,,,,,Auckland Region,Motorway ramp,2-way,Sealed,,0,0,,50,,Null,0,0,,76,Auckland,Traffic Signals,,,,,0,0,Urban,1,,,Fine,Null
1745201.3713,5920370.6174,888065,,513301,0,0,0,1,0,North,2023/2024,PRESTON AVENUE,DAYTONA ROAD,,Non-Injury Crash,No,2024,0,North,0,0,0,Flat,0,,0,,0,Dark,231700,0,0,0,2,0,0,0,0,1,,0,0,Auckland Region,Nil,2-way,Sealed,0,0,0,0,50,0,On,1,0,,76,Auckland,Nil,0,0,0,0,0,0,Urban,0,0,0,Light rain,Null
1765910.1539,5888152.6414,888072,,521122,0,,0,1,,Null,2024/2025,CHARLES ROAD,LEWIS ROAD,,Serious Crash,No,2024,,South,,0,,Hill Road,,,,,,Overcast,809900,1,0,0,2,,,0,,,,,,Auckland Region,Nil,2-way,Sealed,,0,1,,80,,None,0,0,,76,Auckland,Stop,,,,,1,0,Open,0,,,Light rain,Null
1772880.9999,5891848.9961,888076,,521301,0,,0,2,,Null,2024/2025,SOUTHERN MOTORWAY,GREAT SOUTH ROAD OFF RAMP,,Non-Injury Crash,Yes,2024,,South,,0,,Null,,,,,,Unknown,808701,0,0,0,2,,,0,,,,,,Auckland Region,Nil,1-way,Sealed,,0,0,,100,,Null,0,0,,76,Auckland,Nil,,,,,0,0,Open,0,,,Null,Null
1760130.9668,5907976.8373,888077,,524121,0,0,0,2,0,North,2022/2023,SOUTH-WESTERN MOTORWAY,SH 20 MANGERE OBR,,Minor Crash,Yes,2023,0,North,0,0,0,Flat,1,,0,,0,Bright sun,737103,3,0,0,2,0,0,0,0,0,,0,0,Auckland Region,Overpass,1-way,Sealed,0,0,0,0,100,0,Off,0,0,,76,Auckland,Nil,0,0,0,0,0,0,Open,1,0,0,Fine,Null
1770768.084,5913352.3486,888078,,523101,0,0,0,1,0,South,2024/2025,BOTANY ROAD,MIRRABOOKA AVENUE,,Non-Injury Crash,No,2025,0,North,0,0,0,Hill Road,0,,0,,0,Dark,710512,0,0,0,2,0,0,0,0,0,,0,1,Auckland Region,Nil,2-way,Sealed,0,0,0,0,50,0,On,0,0,,76,Auckland,Nil,0,0,0,0,0,0,Urban,0,0,0,Fine,Null
1756456.5829,5927086.3147,888098,,507900,0,,0,2,,North,2024/2025,NORTHERN MOTORWAY,NORTHCOTE ROAD ON RAMP,,Non-Injury Crash,Yes,2025,,South,,0,,Flat,,,,,,Bright sun,303502,0,0,0,3,,,0,,,,,,Auckland Region,Nil,1-way,Sealed,,0,0,,100,,Off,0,1,,76,Auckland,Nil,,,,,0,0,Open,0,,,Fine,Null
1774887.4692,5893576.4769,888105,,521301,0,0,0,1,0,West,2023/2024,PONGA ROAD,JACK PATERSON ROAD,,Serious Crash,No,2023,0,East,0,0,0,Flat,0,,0,,0,Bright sun,808101,0,0,0,2,0,0,0,0,0,,0,1,Auckland Region,Nil,2-way,Sealed,0,0,2,0,60,0,None,0,0,,76,Auckland,Nil,0,0,0,0,0,0,Urban,1,0,0,Fine,Null
1744053.6899,5923062.1247,888106,,513511,0,0,0,1,0,South,2024/2025,WESTGATE DRIVE,KUAHA ROAD,,Non-Injury Crash,No,2024,0,North,0,0,0,Null,0,,1,,0,Dark,224303,0,0,0,2,0,0,0,0,1,,0,0,Auckland Region,Nil,2-way,Sealed,0,0,0,0,50,0,On,0,0,,76,Auckland,Nil,0,0,0,0,0,0,Urban,0,0,0,Fine,Null
1766765.0546,5904020.4973,888108,45,524604,0,,0,1,,Null,2022/2023,LAMBIE DRIVE OFF RAMP,LAMBIE DRIVE,,Non-Injury Crash,No,2023,,West,,0,,Flat,,,,,,Bright sun,780209,0,0,0,1,,,0,,,,,,Auckland Region,Nil,1-way,Sealed,,0,0,,50,,Off,0,0,,76,Auckland,Give way,,,,,0,0,Urban,0,,,Fine,None
1764440.8145,5904979.3931,888110,,522100,0,,0,2,,Null,2023/2024,WYLLIE ROAD,PAH ROAD,,Non-Injury Crash,No,2023,,South,,0,,Flat,,,,,,Bright sun,659200,0,0,0,2,,,0,,,,,,Auckland Region,Nil,2-way,Sealed,,0,0,,50,,Off,0,0,,76,Auckland,Give way,,,,,0,0,Urban,0,,,Fine,None
1740387.2768,5926173.9493,888117,,513701,0,,0,1,,Null,2022/2023,TAUPAKI ROAD,NIXON ROAD,,Minor Crash,No,2023,,South,,0,,Flat,,,,,,Dark,229400,4,0,0,2,,,0,,,,,,Auckland Region,Nil,2-way,Sealed,,0,0,,60,,On,0,0,,76,Auckland,Nil,,,,,0,0,Urban,0,,,Fine,Null
1729516.3464,5939696.0705,888118,,506800,0,0,0,4,0,Null,2024/2025,COMMERCIAL ROAD,KARAKA STREET,,Non-Injury Crash,Yes,2024,0,South,0,0,0,Flat,0,,0,,0,Twilight,209300,0,0,0,2,0,0,0,0,1,,0,0,Auckland Region,Nil,2-way,Sealed,0,0,0,0,50,0,On,0,0,,76,Auckland,Nil,0,0,0,0,0,0,Urban,0,0,0,Fine,Null
1768749.0079,5904556.0571,888120,,523722,0,,0,1,,Null,2023/2024,HOLLYFORD DRIVE,REDOUBT ROAD,,Non-Injury Crash,No,2024,,South,,0,,Hill Road,,,,,,Bright sun,715909,0,0,0,4,,,0,,,,,,Auckland Region,Nil,2-way,Sealed,,0,0,,50,,Off,0,0,,76,Auckland,Stop,,,,,1,0,Urban,0,,,Fine,Null
1760047.8497,5916017.1612,888128,,516002,0,0,0,1,0,West,2023/2024,SOUTHERN MOTORWAY,GREENLANE INT N,,Non-Injury Crash,Yes,2024,0,South,0,0,0,Flat,1,,0,,0,Overcast,492100,0,0,0,3,0,0,0,0,0,,0,0,Auckland Region,Nil,1-way,Sealed,0,0,0,0,100,0,Off,0,0,,76,Auckland,Nil,0,0,0,0,0,0,Open,2,0,0,Fine,Null
1751543.4735,5915943.945,888129,,514401,0,0,0,3,0,North,2022/2023,BLOCKHOUSE BAY ROAD,HENRY STREET,,Minor Crash,No,2023,0,South,0,0,0,Hill Road,0,,0,,0,Dark,383802,1,0,0,2,0,0,0,0,1,,0,0,Auckland Region,Nil,2-way,Sealed,0,0,0,0,50,0,On,0,0,,76,Auckland,Nil,0,0,0,0,0,0,Urban,0,0,0,Fine,Null
1754784.8382,5919882.1819,888130,,515301,0,,0,1,,Null,2025/2026,RICHMOND ROAD,SACKVILLE STREET,,Non-Injury Crash,No,2025,,North,,0,,Null,,,,,,Overcast,428500,0,0,0,2,,,0,,,,,,Auckland Region,Nil,2-way,Sealed,,0,0,,50,,Null,0,0,,76,Auckland,Nil,,,,,0,0,Urban,1,,,Fine,Null
1761911.3526,5912488.6715,888134,,519500,0,,0,1,,West,2024/2025,CHURCH STREET,O'RORKE ROAD,,Non-Injury Crash,No,2025,,East,,0,,Flat,,,,,,Overcast,622400,0,0,0,4,,,0,,,,,,Auckland Region,Nil,2-way,Sealed,,0,0,,50,,Off,0,0,,76,Auckland,Nil,,,,,1,0,Urban,0,,,Fine,Null
1760145.3021,5915984.3397,888138,,516002,0,,0,2,,Null,2024/2025,GREEN LANE EAST,GREEN LANE EAST OFF RAMP,,Non-Injury Crash,No,2024,,East,,0,,Flat,,,,,,Bright sun,492100,0,0,0,2,,,0,,,,,,Auckland Region,Overpass,1-way,Sealed,,0,0,,50,,Null,0,0,,76,Auckland,Give way,,,,,0,0,Urban,0,,,Fine,Null
1765757.2923,5901137.1755,888142,,524821,1,,0,1,,Null,2024/2025,ROSCOMMON ROAD,FINLAYSON AVENUE,,Serious Crash,No,2025,,North,,0,,Flat,,,,,,Bright sun,774403,0,0,0,1,,,0,,,,,,Auckland Region,Nil,1-way,Sealed,,0,1,,50,,Off,0,0,,76,Auckland,Give way,,,,,0,0,Urban,0,,,Fine,Null
1770959.8681,5899156.0994,888146,,523911,0,0,0,1,0,East,2024/2025,MANUROA ROAD,LE HAVRE PLACE,,Non-Injury Crash,No,2024,0,East,0,0,0,Flat,0,,0,,0,Unknown,766800,0,0,0,2,0,0,0,0,1,,0,0,Auckland Region,Nil,2-way,Sealed,0,0,0,0,50,0,Null,0,0,,76,Auckland,Nil,0,0,0,0,0,1,Urban,0,0,0,Light rain,Null
1740683.8114,5982107.0098,888164,45,506660,0,,0,1,,South,2023/2024,WAYBY VALLEY ROAD,HOMEWARD BOUND DRIVE,,Non-Injury Crash,No,2024,,North,,0,,Hill Road,,,,,,Dark,136700,0,0,0,0,,,0,,,,,,Auckland Region,Nil,2-way,Sealed,,0,0,,100,,None,0,0,,76,Auckland,Nil,,,,,0,0,Open,0,,,Light rain,Null
1771947.9112,5914042.7959,888166,,521602,0,,0,0,,East,2024/2025,RODNEY STREET,MOORE STREET,,Minor Crash,No,2025,,East,,0,,Hill Road,,,,,,Dark,648600,1,0,1,2,,,0,,,,,,Auckland Region,Nil,2-way,Sealed,,0,0,,50,,On,0,0,,76,Auckland,Nil,,,,,0,0,Urban,0,,,Fine,Null
1768795.0673,5907684.5941,888168,,523711,0,0,0,3,0,Null,2023/2024,LAIDLAW WAY,PROGRESSIVE WAY,,Non-Injury Crash,No,2024,0,North,0,0,0,Flat,0,,0,,0,Bright sun,712304,0,0,0,2,0,0,0,0,1,,0,0,Auckland Region,Nil,2-way,Sealed,0,0,0,0,50,0,Off,0,0,,76,Auckland,Nil,0,0,0,0,0,0,Urban,0,0,0,Fine,Null
1739633.9451,5918966.7138,888174,,513101,0,,0,1,,Null,2024/2025,WAITAKERE ROAD,SWANSON ROAD,,Non-Injury Crash,No,2024,,South,,0,,Null,,,,,,Bright sun,237404,0,0,0,2,,,0,,,,,,Auckland Region,Nil,2-way,Null,,0,0,,80,,Null,1,0,,76,Auckland,Stop,,,,,0,0,Open,0,,,Null,Null
1764965.0757,5913083.4166,888176,,520500,0,0,0,1,0,East,2023/2024,SOUTH-EASTERN HIGHWAY,CARBINE ROAD,,Non-Injury Crash,No,2024,0,South,0,0,0,Flat,0,,0,,1,Overcast,639000,0,0,0,2,0,0,0,0,0,,0,0,Auckland Region,Nil,1-way,Sealed,0,0,0,0,80,0,Off,0,0,,76,Auckland,Nil,0,0,0,0,0,0,Open,0,0,0,Light rain,Null
1746769.5797,5917583.1107,888180,,512500,0,,0,2,,Null,2024/2025,TE ATATU ROAD,MCLEOD ROAD,,Minor Crash,No,2024,,North,,0,,Hill Road,,,,,,Dark,258500,1,0,0,4,,,0,,,,,,Auckland Region,Nil,2-way,Sealed,,0,0,,50,,On,0,0,,76,Auckland,Traffic Signals,,,,,0,0,Urban,0,,,Fine,Null
1766419.4533,5905977.1721,888184,,522202,0,,0,1,,North,2022/2023,REGENT STREET,GREAT SOUTH ROAD,,Non-Injury Crash,No,2023,,South,,0,,Flat,,,,,,Bright sun,665400,0,0,0,2,,,0,,,,,,Auckland Region,Nil,2-way,Sealed,,0,0,,50,,None,0,0,,76,Auckland,Nil,,,,,0,1,Urban,0,,,Fine,None
1737656.2081,5929334.3394,888188,,505602,0,,0,1,,West,2024/2025,MAIN ROAD,ORAHA ROAD,,Minor Crash,Yes,2024,,East,,0,,Flat,,,,,,Bright sun,214900,1,0,0,2,,,0,,,,,,Auckland Region,Nil,2-way,Sealed,,0,0,,50,,Off,0,0,,76,Auckland,Nil,,,,,0,0,Urban,1,,,Fine,Null
1747015.7961,5922363.7711,888190,,512201,0,0,0,1,0,Null,2024/2025,TE ATATU ROAD,KERVIL AVENUE,,Non-Injury Crash,No,2025,0,North,0,0,0,Flat,0,,0,,0,Dark,246500,0,0,0,2,0,0,0,0,0,,0,0,Auckland Region,Nil,2-way,Sealed,0,0,0,0,50,0,On,0,0,,76,Auckland,Give way,0,1,0,1,0,0,Urban,0,0,0,Fine,Null
1747852.9025,5913515.1106,888202,,511100,0,,0,3,,Null,2024/2025,WEST COAST ROAD,BARNEY WAY,,Non-Injury Crash,No,2025,,South,,0,,Flat,,,,,,Bright sun,286900,0,0,0,2,,,0,,,,,,Auckland Region,Nil,2-way,Sealed,,0,0,,50,,Off,0,0,30,76,Auckland,Traffic Signals,,,,,0,0,Urban,1,,,Fine,Null
1756068.0281,5913376.2384,888207,,518701,0,0,0,3,0,North,2022/2023,DORNWELL ROAD,CARR ROAD,,Minor Crash,No,2023,0,North,0,0,0,Flat,0,,0,,0,Bright sun,569503,1,0,0,2,0,0,0,0,1,,0,0,Auckland Region,Nil,2-way,Sealed,0,0,0,0,50,0,Off,0,0,,76,Auckland,Nil,0,0,0,0,0,0,Urban,0,0,0,Fine,Null
1758012.4205,5916765.8726,888216,,515700,0,0,0,2,0,East,2023/2024,BRACKEN AVENUE,GILLIES AVENUE,,Non-Injury Crash,No,2024,0,West,0,0,0,Flat,0,,0,,0,Bright sun,458200,0,0,0,2,0,0,0,0,3,,0,0,Auckland Region,Speed hump,2-way,Sealed,0,0,0,0,50,0,Off,0,0,,76,Auckland,Nil,0,0,0,1,1,0,Urban,1,0,0,Fine,Null
1768436.5638,5901469.9441,888220,,525001,0,,0,1,,North,2024/2025,GREAT SOUTH ROAD,CORIN AVENUE,,Non-Injury Crash,No,2024,,South,,0,,Flat,,,,,,Dark,751300,0,0,0,2,,,0,,,,,,Auckland Region,Nil,2-way,Sealed,,0,0,,50,,On,0,0,20,76,Auckland,Nil,,,,,1,0,Urban,0,,,Fine,Null
1765433.9529,5905229.2684,888222,,522400,0,0,0,1,0,East,2024/2025,VICTORIA ROAD,HAYWARD ROAD,,Non-Injury Crash,No,2025,0,West,0,0,0,Flat,0,,0,,0,Dark,672900,0,0,0,2,0,0,0,0,1,,0,0,Auckland Region,Nil,2-way,Sealed,0,0,0,0,50,0,On,1,0,,76,Auckland,Nil,0,0,0,0,0,0,Urban,1,0,0,Fine,Null
1760710.6644,5915481.5952,888227,,520201,0,,0,2,,South,2023/2024,SOUTHERN MOTORWAY,WALPOLE OBR,,Minor Crash,Yes,2023,,South,,0,,Flat,,,,,,Dark,613000,1,0,0,3,,,0,,,,,,Auckland Region,Overpass,1-way,Sealed,,0,0,,100,,On,0,0,,76,Auckland,Nil,,,,,0,0,Open,1,,,Fine,Null
1753514.8461,5914670.5632,888240,,518801,0,,0,2,,Null,2023/2024,STODDARD ROAD,DENIZE ROAD,,Non-Injury Crash,No,2024,,East,,0,,Flat,,,,,,Bright sun,578500,0,0,0,2,,,0,,,,,,Auckland Region,Nil,2-way,Sealed,,0,0,,50,,Off,0,0,,76,Auckland,Give way,,,,,0,0,Urban,0,,,Fine,Null
1757211.964,5919346.3832,888243,,514301,0,,0,1,,South,2023/2024,SYMONDS STREET ON RAMP,GRAFTON BRIDGE,,Serious Crash,No,2023,,South,,0,,Flat,,,,,,Dark,441200,0,0,0,1,,,0,,,1,,,Auckland Region,Motorway ramp,1-way,Sealed,,0,1,,50,,Off,0,0,,76,Auckland,Nil,,,,,0,0,Urban,0,,,Fine,Null
1766878.4624,5908889.1475,888244,,523501,0,,0,2,,Null,2022/2023,ALEXANDER CRESCENT,OTARA ROAD,,Non-Injury Crash,No,2023,,West,,0,,Flat,,,,,,Bright sun,704100,0,0,0,2,,,0,,,,,,Auckland Region,Nil,2-way,Sealed,,0,0,,50,,Off,0,0,,76,Auckland,Give way,,,,,0,0,Urban,0,,,Fine,None
1745059.2677,5917765.2167,888246,,510700,0,,0,2,,Null,2024/2025,LINCOLN ROAD,SWANSON ROAD,,Non-Injury Crash,No,2025,,South,,0,,Flat,,Easter,,,,Dark,239104,0,0,0,3,,,0,,,,,,Auckland Region,Nil,2-way,Sealed,,0,0,,50,,On,0,0,,76,Auckland,Traffic Signals,,,,,0,0,Urban,0,,,Light rain,Null
1756072.735,5928644.4752,888249,,507900,0,0,0,1,0,North,2022/2023,FORREST HILL ROAD,CURREY CRESCENT,,Non-Injury Crash,No,2023,0,North,0,0,0,Hill Road,0,,0,,0,Overcast,306700,0,0,0,2,0,0,0,0,0,,1,0,Auckland Region,Nil,2-way,Sealed,0,0,0,0,50,0,Off,0,0,,76,Auckland,Nil,0,0,0,0,0,0,Urban,0,0,0,Light rain,Null
1757727.0209,5918271.9135,888250,,514302,0,0,0,1,0,West,2025/2026,SOUTHERN MOTORWAY,MOUNTAIN OBR,,Non-Injury Crash,Yes,2025,0,South,0,0,0,Flat,1,,0,,0,Dark,442100,0,0,0,5,0,0,0,0,0,,0,0,Auckland Region,Nil,1-way,Sealed,0,0,0,0,80,0,On,0,0,,76,Auckland,Nil,0,0,0,0,0,0,Open,0,0,0,Fine,Null
1758205.7146,5920237.6817,888254,,514103,0,,0,2,,South,2024/2025,BEACH ROAD,CHURCHILL STREET,,Non-Injury Crash,No,2025,,South,,0,,Flat,,,,,,Twilight,438203,0,0,0,3,,,0,,,,,,Auckland Region,Nil,2-way,Sealed,,0,0,,50,,Off,0,0,,76,Auckland,Nil,,,,,1,0,Urban,0,,,Fine,Null