X,Y,OBJECTID,advisorySpeed,areaUnitID,bicycle,bridge,bus,carStationWagon,cliffBank,crashDirectionDescription,crashFinancialYear,crashLocation1,crashLocation2,crashRoadSideRoad,crashSeverity,crashSHDescription,crashYear,debris,directionRoleDescription,ditch,fatalCount,fence,flatHill,guardRail,holiday,houseOrBuilding,intersection,kerb,light,meshblockId,minorInjuryCount,moped,motorcycle,NumberOfLanes,objectThrownOrDropped,otherObject,otherVehicleType,overBank,parkedVehicle,pedestrian,phoneBoxEtc,postOrPole,region,roadCharacter,roadLane,roadSurface,roadworks,schoolBus,seriousInjuryCount,slipOrFlood,speedLimit,strayAnimal,streetLight,suv,taxi,temporarySpeedLimit,tlaId,tlaName,trafficControl,trafficIsland,trafficSign,train,tree,truck,unknownVehicleType,urban,vanOrUtility,vehicle,waterRiver,weatherA,weatherB
1752136.0134,5919802.1516,888258,,515002,0,0,0,1,0,Null,2024/2025,OLIVER STREET,LYNCH STREET,,Non-Injury Crash,No,2025,0,North,0,0,0,Hill Road,0,,0,,1,Dark,394800,0,0,0,2,0,0,0,0,0,,0,0,Auckland Region,Nil,2-way,Sealed,0,0,0,0,50,0,On,0,0,,76,Auckland,Nil,0,0,0,0,0,0,Urban,0,0,0,Fine,Null
1756219.5943,5918029.0487,888276,,518101,0,,0,1,,Null,2023/2024,DOMINION ROAD,CHARLES STREET,,Non-Injury Crash,No,2024,,North,,0,,Flat,,,,,,Overcast,544200,0,0,1,4,,,0,,,,,,Auckland Region,Nil,2-way,Sealed,,0,0,,50,,Off,0,1,,76,Auckland,Stop,,,,,0,0,Urban,0,,,Fine,Null
1753198.8006,5914475.0804,888278,,514500,0,,0,2,,West,2025/2026,NETHERTON STREET,RICHARDSON ROAD,,Minor Crash,No,2025,,East,,0,,Flat,,,,,,Bright sun,376401,1,0,0,2,,,0,,,,,,Auckland Region,Nil,2-way,Sealed,,0,0,,50,,Off,0,0,,76,Auckland,Nil,,,,,0,0,Urban,0,,,Fine,Null
1765518.8318,5906653.618,888282,,522202,0,0,0,1,0,Null,2025/2026,OFF ROAD - CAR PARK SUTTON CRESCENT,,,Minor Crash,No,2025,0,South,0,0,0,Flat,0,,0,,0,Overcast,663500,1,0,0,,0,1,0,0,0,,0,0,Auckland Region,Nil,Off road,Sealed,0,0,0,0,,0,Off,0,0,,76,Auckland,Nil,0,0,0,0,0,0,Urban,0,0,0,Light rain,Null
1766302.2831,5899718.9746,888294,,524812,0,,0,1,,Null,2025/2026,WEYMOUTH ROAD,WEYMOUTH ROAD,,Minor Crash,No,2026,,North,,0,,Flat,,,,,,Bright sun,774201,1,0,0,1,,,0,,,1,,,Auckland Region,Nil,1-way,Sealed,,0,0,,50,,None,0,0,,76,Auckland,Give way,,,,,0,0,Urban,0,,,Fine,Null
1758801.7023,5912411.4071,888296,,519820,0,,0,2,,Null,2024/2025,SELWYN STREET,ARTHUR STREET,,Minor Crash,No,2024,,North,,0,,Flat,,,,,,Overcast,600800,1,0,0,2,,,0,,,,,,Auckland Region,Nil,2-way,Sealed,,0,0,,50,,Off,0,0,,76,Auckland,Stop,,,,,0,0,Urban,0,,,Light rain,Null
1753905.7158,5924805.0641,888300,,510401,0,,0,2,,Null,2024/2025,HIGHBURY BYPASS,BIRKENHEAD AVENUE,,Minor Crash,No,2025,,East,,0,,Flat,,,,,,Bright sun,350905,1,0,0,2,,,0,,,,,,Auckland Region,Nil,2-way,Sealed,,0,0,,50,,Off,0,0,,76,Auckland,Traffic Signals,,,,,0,0,Urban,0,,,Fine,Null
1762592.0739,5903680.0036,888302,,524604,0,0,0,1,0,East,2024/2025,PUHINUI ROAD,CAMPANA ROAD,,Non-Injury Crash,Yes,2024,0,East,0,0,0,Flat,0,,0,,0,Dark,780902,0,0,0,2,0,0,0,0,1,,0,0,Auckland Region,Nil,2-way,Sealed,0,0,0,0,60,0,On,0,0,30,76,Auckland,Nil,0,0,0,0,1,0,Urban,0,0,0,Fine,Null
1738868.2089,5978627.5397,888309,,506660,0,0,0,1,0,North,2022/2023,WAYBY VALLEY ROAD,SH 1,,Minor Crash,No,2023,0,South,0,0,0,Flat,0,,0,,0,Overcast,136400,1,0,0,2,0,0,0,0,0,,0,0,Auckland Region,Nil,2-way,Sealed,0,0,0,0,100,0,None,0,0,,76,Auckland,Nil,0,0,0,0,0,0,Open,0,0,0,Fine,Null
1748752.5795,5942175.4706,888315,,506300,0,,0,1,,South,2024/2025,NORTHERN MOTORWAY,WILKS OBR,,Minor Crash,Yes,2024,,North,,0,,Flat,,,,,,Dark,175907,1,0,1,2,,,0,,,,,,Auckland Region,Nil,1-way,Sealed,,0,0,,100,,On,0,0,,76,Auckland,Nil,,,,,0,0,Open,0,,,Fine,Null
1771441.7377,5901387.7158,888317,,523813,0,,0,2,,West,2022/2023,ALFRISTON ROAD,WASTNEY ROAD,,Non-Injury Crash,No,2023,,East,,0,,Flat,,,,,,Overcast,759800,0,0,0,2,,,0,,,,,,Auckland Region,Bridge,2-way,Sealed,,0,0,,80,,Off,1,0,,76,Auckland,Nil,,,,,0,0,Open,0,,,Light rain,Null
1744365.9591,5919142.8697,888318,,513302,0,0,0,3,1,East,2024/2025,LARNOCH ROAD,ALAN AVENUE,,Minor Crash,No,2025,0,East,0,0,1,Flat,0,,0,,0,Dark,233200,1,0,0,2,0,0,0,0,1,,0,0,Auckland Region,Nil,2-way,Sealed,0,0,0,0,50,0,On,0,0,,76,Auckland,Nil,0,0,0,0,0,0,Urban,0,0,0,Fine,Null
1749248.2631,5944399.0856,888320,,505806,0,0,0,2,0,South,2025/2026,EAST COAST ROAD,NEWMAN ROAD,,Non-Injury Crash,No,2026,0,South,1,0,0,Flat,0,,0,,0,Overcast,176802,0,0,0,2,0,0,0,0,0,,0,0,Auckland Region,Nil,2-way,Sealed,0,0,0,0,80,0,None,0,0,,76,Auckland,Nil,0,0,0,0,0,0,Open,0,0,0,Fine,Strong wind
1765010.3472,5905790.7092,888322,,522201,0,,0,2,,Null,2022/2023,ST GEORGE STREET,KOLMAR ROAD ,,Non-Injury Crash,No,2023,,East,,0,,Flat,,,,,,Dark,663200,0,0,0,2,,,0,,,,,,Auckland Region,Nil,2-way,Sealed,,0,0,,50,,On,0,0,,76,Auckland,Traffic Signals,,,,,0,0,Urban,0,,,Fine,None
1762426.3007,5916759.3843,888334,,516302,0,0,0,2,0,North,2023/2024,MONTEITH CRESCENT,GRAND DRIVE,,Non-Injury Crash,No,2024,0,East,0,0,0,Flat,0,,0,,0,Dark,463102,0,0,0,2,0,0,0,0,1,,0,0,Auckland Region,Nil,2-way,Sealed,0,0,0,0,50,0,On,1,0,,76,Auckland,Nil,0,0,0,0,0,0,Urban,0,0,0,Fine,Null
1739447.8904,5916717.9166,888341,,513102,0,0,0,1,0,North,2022/2023,CHRISTIAN ROAD,WELSH HILLS ROAD,,Non-Injury Crash,No,2023,0,North,0,0,0,Hill Road,0,,0,,0,Dark,237700,0,0,0,2,0,0,0,0,0,,0,0,Auckland Region,Nil,2-way,Sealed,0,0,0,0,80,0,None,0,0,,76,Auckland,Nil,0,0,0,1,0,0,Open,0,0,0,Fine,Null
1768409.0145,5906328.7991,888344,,523711,0,,0,0,,East,2024/2025,HAUMIA WAY,DAWSON ROAD,,Non-Injury Crash,No,2025,,West,,0,,Null,,,,,,Unknown,712902,0,0,0,2,,,0,,,,,,Auckland Region,Nil,2-way,Sealed,,0,0,,30,,Null,1,0,,76,Auckland,Nil,,,,,0,0,Urban,1,,,Fine,Null
1755716.3307,5915151.008,888346,,518302,0,0,0,4,0,East,2023/2024,LANDSCAPE ROAD,KAIN STREET,,Non-Injury Crash,No,2024,0,East,0,0,0,Flat,0,,0,,0,Bright sun,559701,0,0,0,2,0,0,0,0,1,,0,0,Auckland Region,Nil,2-way,Sealed,0,0,0,0,50,0,Off,0,0,,76,Auckland,Nil,0,0,0,0,0,0,Urban,0,0,0,Fine,Null
1731741.8144,5927718.0173,888347,,506652,0,0,0,0,0,North,2022/2023,MURIWAI ROAD,FLETCHER ROAD,,Non-Injury Crash,No,2023,0,North,1,0,0,Flat,0,,0,,0,Overcast,218500,0,0,0,2,0,0,0,0,0,,0,0,Auckland Region,Nil,2-way,Sealed,0,0,0,0,100,0,Off,1,0,,76,Auckland,Nil,0,0,0,0,0,0,Open,1,0,0,Light rain,Null
1759204.4106,5903418.872,888357,,524200,0,,0,0,,Null,2022/2023,GEORGE BOLT MEMORIAL DRIVE,TOM PEARCE DRIVE,,Non-Injury Crash,No,2023,,North,,0,,Flat,,,,,,Dark,727200,0,0,0,3,,,0,,,,,,Auckland Region,Nil,1-way,Sealed,,0,0,,50,,On,2,0,,76,Auckland,Traffic Signals,,,,,0,0,Urban,0,,,Fine,Null
1751759.5444,5918143.6577,888360,,515001,0,0,0,0,0,West,2025/2026,GREAT NORTH ROAD OFF RAMP,GREAT NORTH ROAD,,Non-Injury Crash,No,2025,0,East,0,0,0,Flat,0,,0,,0,Overcast,392200,0,0,0,2,0,0,0,0,0,,0,0,Auckland Region,Motorway ramp,1-way,Sealed,0,0,0,0,50,0,Off,1,0,,76,Auckland,Nil,0,0,0,1,0,0,Urban,0,0,0,Mist or Fog,Null
1767996.0445,5904366.6357,888380,,523722,0,,0,2,,North,2025/2026,SOUTHERN MOTORWAY,SH 1 OBR,,Non-Injury Crash,Yes,2025,,South,,0,,Flat,,,,,,Dark,715805,0,0,0,3,,,0,,,,,,Auckland Region,Nil,1-way,Sealed,,0,0,,100,,On,0,0,,76,Auckland,Nil,,,,,0,0,Open,0,,,Fine,Null
1751220.399,5925254.1262,888384,,510020,0,0,0,3,0,South,2025/2026,RANGATIRA ROAD,MARINERS VIEW ROAD,,Non-Injury Crash,No,2025,0,East,0,0,0,Hill Road,0,,0,,0,Twilight,346200,0,0,0,2,0,0,0,0,2,,0,0,Auckland Region,Nil,2-way,Sealed,0,0,0,0,50,0,On,1,0,30,76,Auckland,Nil,0,0,0,0,0,0,Urban,0,0,0,Fine,Null
1747029.503,5919179.456,888386,,512402,0,0,0,3,0,South,2023/2024,TE ATATU ROAD,JAEMONT AVENUE,,Non-Injury Crash,No,2024,0,South,0,0,1,Flat,0,,0,,0,Bright sun,254400,0,0,0,4,0,0,0,0,0,,0,0,Auckland Region,Nil,2-way,Sealed,0,0,0,0,50,0,Off,0,0,,76,Auckland,Nil,0,0,0,0,0,0,Urban,0,0,0,Fine,Null
1753543.3772,5927065.6091,888388,25,508220,0,,0,2,,Null,2024/2025,GLENFIELD ROAD,ROBERTS ROAD,,Minor Crash,No,2025,,North,,0,,Hill Road,,Easter,,,,Overcast,187700,2,0,0,2,,,0,,,,,,Auckland Region,Nil,2-way,Sealed,,0,0,,50,,Off,0,0,30,76,Auckland,Give way,,,,,0,0,Urban,0,,,Light rain,Null
1766357.4203,5917813.6549,888392,,517002,0,0,0,2,0,East,2024/2025,OVERLEA ROAD,ELSTREE AVENUE,,Non-Injury Crash,No,2025,0,East,0,0,0,Null,0,,0,,0,Dark,471701,0,0,0,2,0,0,0,0,1,,0,0,Auckland Region,Nil,2-way,Sealed,0,0,0,0,30,0,Null,0,0,,76,Auckland,Nil,0,0,0,0,0,0,Urban,0,0,0,Fine,Null
1743916.0753,5921550.5935,888393,,513631,0,0,0,1,0,South,2022/2023,ARLETTE PLACE,HEWLETT ROAD,,Non-Injury Crash,No,2023,0,South,0,0,0,Hill Road,0,,1,,0,Bright sun,227406,0,0,0,2,0,0,0,0,0,,0,0,Auckland Region,Nil,2-way,Sealed,0,0,0,0,50,0,Off,0,0,,76,Auckland,Nil,0,0,0,0,0,0,Urban,0,0,0,Fine,Null
1746679.0932,5972703.6894,888402,,506661,0,0,0,1,0,North,2023/2024,SH 1,GRIMMERS BR,,Non-Injury Crash,Yes,2024,0,North,0,0,0,Flat,1,,0,,0,Dark,139000,0,0,0,2,0,0,0,0,0,,0,0,Auckland Region,Nil,2-way,Sealed,0,0,0,0,80,0,None,0,0,,76,Auckland,Nil,0,0,0,0,0,0,Open,0,0,0,Fine,Null
1767840.3296,5900944.3968,888404,,525001,0,,0,1,,Null,2024/2025,RUSSELL ROAD,JUTLAND ROAD,,Non-Injury Crash,No,2024,,East,,0,,Flat,,,,,,Twilight,752300,0,0,0,2,,,0,,,,,,Auckland Region,Nil,2-way,Sealed,,0,0,,50,,On,1,0,,76,Auckland,Stop,,,,,0,0,Urban,0,,,Fine,Null
1755145.1425,5913709.0384,888410,,518803,0,,0,1,,Null,2024/2025,DENBIGH AVENUE,WINSTONE ROAD,,Minor Crash,No,2024,,West,,0,,Flat,,,,,,Bright sun,581300,1,0,0,2,,,0,,,,,,Auckland Region,Nil,2-way,Sealed,,0,0,,50,,None,1,0,,76,Auckland,Stop,,,,,0,0,Urban,0,,,Fine,Null
1785871.9987,5926561.3162,888414,,520801,0,0,0,1,0,South,2024/2025,THIRD AVENUE,THE STRAND,,Minor Crash,No,2024,0,North,0,0,0,Flat,0,Labour Weekend,0,,1,Bright sun,515704,1,0,1,2,0,0,0,0,1,,0,0,Auckland Region,Nil,2-way,Sealed,0,0,0,0,30,0,None,0,0,,76,Auckland,Nil,0,0,0,0,0,0,Urban,0,0,0,Fine,Null
1756347.2867,5919052.4067,888415,,515500,0,0,0,4,0,Null,2022/2023,NEWTON ROAD,NEWTON ROAD OFF RAMP,,Non-Injury Crash,No,2023,0,North,0,0,0,Flat,0,,0,,1,Overcast,417600,0,0,0,3,0,0,0,0,0,,0,0,Auckland Region,Nil,2-way,Sealed,0,0,0,0,50,0,Off,1,1,,76,Auckland,Traffic Signals,0,0,0,0,0,0,Urban,0,0,0,Light rain,Null
1767658.4064,5905782.3444,888416,,523601,0,,0,1,,North,2024/2025,PRESTON ROAD,REAGAN ROAD,,Non-Injury Crash,No,2024,,South,,0,,Null,,,,,,Dark,707200,0,0,0,2,,,0,,,,,,Auckland Region,Nil,2-way,Sealed,,0,0,,50,,Null,1,0,,76,Auckland,Nil,,,,,0,0,Urban,0,,,Light rain,Null
1772318.9856,5901382.9948,888419,45,523813,0,0,0,1,0,West,2023/2024,ALFRISTON ROAD,MILL ROAD,,Non-Injury Crash,No,2023,0,West,0,0,0,Flat,0,,0,,0,Dark,759800,0,0,0,2,0,0,0,0,0,,0,1,Auckland Region,Nil,2-way,Sealed,0,0,0,0,60,0,None,0,0,,76,Auckland,Nil,0,0,0,0,0,0,Urban,0,0,0,Fine,Null
1757526.8053,5921066.8417,888421,,514101,0,,0,1,,West,2022/2023,QUAY STREET,QUEEN STREET,,Minor Crash,No,2023,,West,,0,,Flat,,,,,,Dark,432900,1,0,0,4,,,0,,,1,,,Auckland Region,Nil,2-way,Sealed,,0,0,,30,,On,0,0,,76,Auckland,Nil,,,,,0,0,Urban,0,,,Fine,Strong wind
1770625.7307,5905712.737,888429,,523712,0,,0,1,,Null,2022/2023,DRUMBUOY DRIVE,BARNESMORE ROAD,,Non-Injury Crash,No,2023,,North,,0,,Flat,,,,,,Overcast,713300,0,0,0,2,,,0,,,,,,Auckland Region,Nil,2-way,Sealed,,0,0,,50,,Off,0,0,,76,Auckland,Nil,,,,,0,0,Urban,1,,,Fine,Null
1760847.4533,5913168.9451,888433,,519900,0,0,0,2,0,North,2022/2023,ROCKFIELD ROAD,MOUNT SMART ROAD,,Non-Injury Crash,No,2023,0,North,0,0,0,Flat,0,,0,,0,Bright sun,605200,0,0,0,2,0,0,0,0,1,,0,0,Auckland Region,Nil,2-way,Sealed,0,0,0,0,50,0,Off,0,0,,76,Auckland,Nil,0,0,0,0,0,0,Urban,0,0,0,Fine,Null
1759742.2898,5909162.255,888441,,524002,0,,0,1,,North,2023/2024,SOUTH-WESTERN MOTORWAY,WALMSLEY ROAD OFF RAMP,,Non-Injury Crash,Yes,2023,,South,,0,,Flat,,,,,,Dark,724102,0,0,0,3,,,0,,,,,,Auckland Region,Nil,1-way,Sealed,,0,0,,100,,On,1,0,,76,Auckland,Nil,,,,,1,0,Open,0,,,Fine,Null
1752774.3049,5973384.8322,888442,,506661,0,0,0,1,0,Null,2023/2024,SHARP ROAD,MATAKANA ROAD,,Minor Crash,No,2024,0,North,0,0,0,Hill Road,0,,0,,0,Dark,139302,1,0,0,2,0,0,0,0,0,,0,0,Auckland Region,Nil,2-way,Sealed,0,0,0,0,80,0,On,0,0,,76,Auckland,Stop,0,0,0,1,0,0,Open,0,0,0,Light rain,Null
1754816.4478,5933431.1927,888444,,507300,0,,0,1,,South,2023/2024,EAST COAST ROAD,BROWNS BAY ROAD,,Non-Injury Crash,No,2023,,North,,0,,Hill Road,,,,,,Overcast,156001,0,0,0,3,,,0,,,,,,Auckland Region,Nil,2-way,Sealed,,0,0,,50,,Off,0,0,,76,Auckland,Nil,,,,,0,1,Urban,0,,,Fine,Null
1763839.5423,5913681.2384,888450,35,520303,0,,0,1,,Null,2022/2023,WAIPUNA ROAD,MOUNT WELLINGTON HIGHWAY,,Non-Injury Crash,No,2023,,West,,0,,Flat,,,,,,Unknown,627700,0,0,0,2,,,0,,,,,,Auckland Region,Nil,2-way,Sealed,,0,0,,40,,None,0,0,,76,Auckland,Traffic Signals,,,,,0,0,Urban,1,,,Fine,None
1740581.8788,5923290.5938,888458,,513701,0,,0,1,,South,2023/2024,RED HILLS ROAD,NELSON ROAD,,Non-Injury Crash,No,2024,,North,,0,,Flat,,,,,,Dark,226501,0,0,0,2,,,0,,,,,,Auckland Region,Nil,2-way,Sealed,,0,0,,80,,Off,0,0,,76,Auckland,Nil,,,,,0,0,Open,0,,,Light rain,Null
1755976.9482,5919445.6293,888462,,514000,0,,0,1,,South,2023/2024,PONSONBY ROAD,HEPBURN STREET,,Non-Injury Crash,No,2024,,North,,0,,Flat,,,,,,Dark,413500,0,0,0,4,,,0,,,,,,Auckland Region,Nil,2-way,Sealed,,0,0,,40,,On,1,0,,76,Auckland,Traffic Signals,,,,,0,0,Urban,0,,,Light rain,Null
1767041.0489,5905609.06,888480,,522302,0,0,0,1,0,South,2022/2023,GREAT SOUTH ROAD,CASPAR ROAD,,Non-Injury Crash,No,2023,0,North,0,0,1,Flat,0,,0,,0,Dark,670700,0,0,0,4,0,0,0,0,0,,0,0,Auckland Region,Nil,2-way,Sealed,0,0,0,0,50,0,On,0,0,,76,Auckland,Nil,0,0,0,0,0,0,Urban,0,0,0,Light rain,Null
1758960.4523,5904650.3175,888485,,524200,0,,0,1,,Null,2022/2023,GEORGE BOLT MEMORIAL DRIVE,VERISSIMO DRIVE,,Non-Injury Crash,No,2023,,South,,0,,Flat,,,,,,Overcast,727800,0,0,0,5,,,0,,,,,,Auckland Region,Nil,2-way,Sealed,,0,0,,50,,Off,0,1,40,76,Auckland,Traffic Signals,,,,,0,0,Urban,1,,,Light rain,Null
1764977.5102,5914672.669,888494,,520602,0,,0,2,,North,2024/2025,LAGOON DRIVE,LAGOON DRIVE,,Minor Crash,No,2025,,North,,0,,Hill Road,,,,,,Twilight,628601,1,0,0,2,,,0,,,,,,Auckland Region,Nil,2-way,Sealed,,0,0,,50,,On,0,0,,76,Auckland,Nil,,,,,0,0,Urban,0,,,Fine,Null
1768732.906,5902871.9806,888510,,524602,0,0,0,1,0,North,2024/2025,SOUTHERN MOTORWAY,ORAMS OBR,,Non-Injury Crash,Yes,2024,0,North,0,0,0,Flat,1,,0,,0,Bright sun,780504,0,0,0,3,0,0,0,0,0,,0,0,Auckland Region,Nil,1-way,Sealed,0,0,0,0,100,0,On,0,0,,76,Auckland,Nil,0,0,0,0,0,0,Open,1,0,0,Fine,Null
1770104.0564,5901214.1035,888514,,523816,0,0,0,1,0,Null,2023/2024,SKELTON AVENUE,CHARISMA PLACE,,Non-Injury Crash,No,2024,0,East,0,0,0,Flat,0,,0,,0,Bright sun,759743,0,0,0,2,0,0,0,0,0,,0,0,Auckland Region,Nil,2-way,Sealed,0,0,0,0,50,0,Off,0,0,,76,Auckland,Nil,0,0,0,1,0,0,Urban,0,0,0,Fine,Null
1754711.0003,5915694.6919,888526,,517703,0,,1,0,,Null,2024/2025,SANDRINGHAM ROAD,KITCHENER ROAD,,Minor Crash,No,2025,,South,,0,,Flat,,,,,,Overcast,538500,1,0,0,2,,,0,,,,,,Auckland Region,Nil,2-way,Sealed,,0,0,,50,,Off,1,0,,76,Auckland,Give way,,,,,0,0,Urban,0,,,Light rain,Null
1757322.7003,5912417.5394,888528,,518702,0,,0,4,,West,2025/2026,SOUTH-WESTERN MOTORWAY,QUEENSTOWN OBR,,Non-Injury Crash,Yes,2025,,South,,0,,Hill Road,,,,,,Overcast,570300,0,0,0,3,,,0,,,,,,Auckland Region,Nil,1-way,Sealed,,0,0,,100,,Off,0,0,,76,Auckland,Nil,,,,,0,0,Open,0,,,Light rain,Null
1760633.9576,5911842.9078,888540,,520000,0,0,0,0,0,West,2025/2026,NEILSON STREET,ANGLE STREET,,Non-Injury Crash,No,2026,0,West,0,0,0,Flat,0,,0,,0,Dark,608200,0,0,0,4,0,0,0,0,0,,0,1,Auckland Region,Nil,2-way,Sealed,0,0,0,0,50,0,On,0,0,,76,Auckland,Nil,0,0,0,0,0,0,Urban,1,0,0,Fine,Null
1769165.7781,5902482.4331,888546,,523814,0,,0,2,,South,2024/2025,SOUTHERN MOTORWAY,PUHINUI STM BR,,Minor Crash,Yes,2025,,South,,0,,Flat,,,,,,Bright sun,760701,2,0,0,3,,,0,,,,,,Auckland Region,Nil,1-way,Sealed,,0,0,,100,,Off,0,0,,76,Auckland,Nil,,,,,0,0,Open,1,,,Fine,Null
1747584.8102,5919522.6868,888550,,512300,0,,0,2,,East,2024/2025,NORTH-WESTERN MOTORWAY,TE ATATU ROAD ON RAMP,,Non-Injury Crash,Yes,2024,,East,,0,,Flat,,,,,,Overcast,252000,0,0,0,4,,,0,,,,,,Auckland Region,Nil,1-way,Sealed,,0,0,,100,,Off,0,0,,76,Auckland,Nil,,,,,0,0,Open,0,,,Light rain,Null
1765421.3343,5913871.8112,888557,,520602,0,,1,1,,Null,2022/2023,LAGOON DRIVE,CHURCH CRESCENT,,Non-Injury Crash,No,2023,,South,,0,,Flat,,,,,,Overcast,629600,0,0,0,3,,,0,,,,,,Auckland Region,Nil,2-way,Sealed,,0,0,,50,,Off,0,0,,76,Auckland,Traffic Signals,,,,,0,0,Urban,0,,,Light rain,Null
1760983.3749,5911870.0904,888558,,520000,0,0,0,2,0,West,2024/2025,NEILSON STREET,EDINBURGH STREET,,Non-Injury Crash,No,2024,0,West,0,0,0,Flat,0,,0,,0,Bright sun,608000,0,0,0,2,0,0,0,0,1,,0,0,Auckland Region,Nil,2-way,Sealed,0,0,0,0,50,0,Null,0,0,,76,Auckland,Nil,0,0,0,0,0,0,Urban,0,0,0,Fine,Null
1760197.0279,5915970.4375,888562,,516003,0,,0,2,,Null,2024/2025,GREEN LANE EAST,GREEN LANE EAST ON RAMP,,Non-Injury Crash,No,2024,,South,,0,,Flat,,,,,,Bright sun,494902,0,0,0,3,,,0,,,,,,Auckland Region,Motorway ramp,1-way,Sealed,,0,0,,50,,Null,0,0,,76,Auckland,Give way,,,,,0,0,Urban,0,,,Fine,Null
1760354.2851,5912313.2797,888574,,520000,0,0,0,2,0,Null,2024/2025,CAPTAIN SPRINGS ROAD,CHURCH STREET,,Minor Crash,No,2025,0,North,0,0,0,Flat,0,,0,,0,Bright sun,607400,2,0,0,3,0,0,0,0,0,,0,0,Auckland Region,Nil,2-way,Sealed,0,0,0,0,50,0,Off,0,0,,76,Auckland,Traffic Signals,0,1,0,0,0,0,Urban,0,0,0,Fine,Null
1756916.25,5926340.3453,888576,,507900,0,,0,0,,North,2023/2024,NORTHERN MOTORWAY,ESMONDE ROAD OFF RAMP,,Non-Injury Crash,Yes,2024,,South,,0,,Flat,,,,,,Overcast,304000,0,0,0,3,,,0,,,,,,Auckland Region,Nil,1-way,Sealed,,0,0,,100,,Off,3,0,,76,Auckland,Nil,,,,,0,0,Open,0,,,Fine,Null
1741373.1036,5927942.8454,888577,,505604,0,0,0,0,0,North,2023/2024,COATESVILLE-RIVERHEAD HIGHWAY,SH 16,,Minor Crash,No,2023,0,North,1,0,1,Flat,0,,0,,0,Overcast,214502,1,0,0,2,0,0,0,0,0,,0,0,Auckland Region,Nil,2-way,Sealed,0,0,0,0,60,0,None,1,0,,76,Auckland,Nil,0,0,0,0,0,0,Urban,0,0,0,Fine,Null
1741642.0844,5990290.0083,888578,,506660,0,,0,1,,Null,2023/2024,MANGAWHAI ROAD,WAITEITEI ROAD,,Non-Injury Crash,No,2024,,West,,0,,Flat,,,,,,Bright sun,135600,0,0,0,2,,,0,,,,,,Auckland Region,Nil,2-way,Sealed,,0,0,,100,,Off,0,0,,76,Auckland,Stop,,,,,0,0,Open,1,,,Fine,Null
1761182.3728,5914937.0675,888580,,520202,0,0,0,2,0,Null,2023/2024,MAIN HIGHWAY,LADIES MILE,,Non-Injury Crash,No,2023,0,East,0,0,0,Flat,0,,0,,0,Bright sun,611900,0,0,0,2,0,0,0,0,1,,0,0,Auckland Region,Nil,2-way,Sealed,0,0,0,0,50,0,None,0,0,,76,Auckland,Give way,0,0,0,0,0,0,Urban,0,0,0,Fine,None
1756720.9817,5927477.4677,888587,,507900,0,,0,2,,Null,2022/2023,TAHAROTO ROAD,NORTHCOTE ROAD,,Minor Crash,No,2023,,North,,0,,Flat,,Easter,,,,Bright sun,303502,1,0,0,2,,,0,,,,,,Auckland Region,Nil,2-way,Sealed,,0,0,,50,,Off,0,0,,76,Auckland,Traffic Signals,,,,,0,0,Urban,0,,,Fine,Null
1764387.393,5915219.0658,888590,,520301,0,,0,2,,West,2024/2025,MOUNTAIN ROAD,MONACO PLACE,,Non-Injury Crash,No,2024,,North,,0,,Null,,,,,,Dark,626404,0,0,0,2,,,0,,,,,,Auckland Region,Nil,2-way,Sealed,,0,0,,50,,On,0,0,,76,Auckland,Nil,,,,,0,0,Urban,0,,,Light rain,Null
1752611.2473,5916849.4508,888600,,517901,0,,0,1,,South,2024/2025,CARRINGTON ROAD,WOODWARD ROAD,,Non-Injury Crash,No,2024,,South,,0,,Null,,,,,,Dark,524300,0,0,0,2,,,0,,,,,,Auckland Region,Nil,2-way,Sealed,,0,0,,50,,On,0,0,,76,Auckland,Nil,,,,,0,1,Urban,0,,,Fine,Null
1749954.8677,5940000.6726,888602,,506300,0,0,0,0,1,South,2023/2024,BAWDEN ROAD,FOLLIES WAY,,Non-Injury Crash,No,2024,0,North,0,0,0,Flat,0,,0,,0,Overcast,176007,0,0,0,2,0,0,0,0,0,,0,0,Auckland Region,Nil,2-way,Sealed,0,0,0,0,60,0,None,0,0,,76,Auckland,Nil,0,0,0,0,1,0,Urban,0,0,0,Fine,Null
1759932.5741,5915612.716,888606,45,519400,0,,0,0,,South,2023/2024,PURIRI AVENUE,GREAT SOUTH ROAD,,Non-Injury Crash,No,2024,,North,,0,,Flat,,,,,,Overcast,616900,0,0,0,2,,,0,,,,,,Auckland Region,Nil,2-way,Sealed,,0,0,,50,,None,1,0,,76,Auckland,Nil,,,,,0,1,Urban,0,,,Light rain,None
1771592.9423,5899370.9833,888614,,523911,0,0,0,2,0,Null,2024/2025,PORCHESTER ROAD,MANUROA ROAD,,Non-Injury Crash,No,2024,0,South,0,0,1,Flat,0,,0,,0,Dark,767100,0,0,0,2,0,0,0,0,0,,0,0,Auckland Region,Nil,2-way,Sealed,0,0,0,0,50,0,On,0,0,,76,Auckland,Give way,0,1,0,0,0,0,Urban,0,0,0,Heavy rain,Null
1757160.9516,5915369.8631,888622,,515802,0,0,0,1,0,Null,2024/2025,WATLING STREET,MORVERN ROAD,,Minor Crash,No,2025,0,West,0,0,1,Hill Road,0,,0,,0,Dark,447801,1,0,0,2,0,1,0,0,0,,0,0,Auckland Region,Nil,2-way,Sealed,0,0,0,0,50,0,On,0,0,,76,Auckland,Stop,0,0,0,0,0,0,Urban,0,0,0,Fine,Null