X,Y,OBJECTID,advisorySpeed,areaUnitID,bicycle,bridge,bus,carStationWagon,cliffBank,crashDirectionDescription,crashFinancialYear,crashLocation1,crashLocation2,crashRoadSideRoad,crashSeverity,crashSHDescription,crashYear,debris,directionRoleDescription,ditch,fatalCount,fence,flatHill,guardRail,holiday,houseOrBuilding,intersection,kerb,light,meshblockId,minorInjuryCount,moped,motorcycle,NumberOfLanes,objectThrownOrDropped,otherObject,otherVehicleType,overBank,parkedVehicle,pedestrian,phoneBoxEtc,postOrPole,region,roadCharacter,roadLane,roadSurface,roadworks,schoolBus,seriousInjuryCount,slipOrFlood,speedLimit,strayAnimal,streetLight,suv,taxi,temporarySpeedLimit,tlaId,tlaName,trafficControl,trafficIsland,trafficSign,train,tree,truck,unknownVehicleType,urban,vanOrUtility,vehicle,waterRiver,weatherA,weatherB
1766780.7322,5904012.2196,888632,,524604,0,,0,2,,Null,2022/2023,LAMBIE DRIVE OFF RAMP,MANUKAU STATION ROAD,,Non-Injury Crash,No,2023,,East,,0,,Flat,,,,,,Bright sun,780209,0,0,0,3,,,0,,,,,,Auckland Region,Nil,2-way,Sealed,,0,0,,60,,On,0,0,,76,Auckland,Traffic Signals,,,,,0,0,Urban,0,,,Fine,None
1763485.5787,5908614.1475,888633,,521901,0,,0,2,,Null,2022/2023,MANGERE ROAD,CHELSEA AVENUE,,Non-Injury Crash,No,2023,,South,,0,,Flat,,,,,,Bright sun,786200,0,0,0,4,,,0,,,,,,Auckland Region,Nil,2-way,Sealed,,0,0,,50,,Off,0,0,,76,Auckland,Traffic Signals,,,,,0,0,Urban,1,,,Fine,Null
1754306.481,5928045.7941,888634,,508310,0,0,0,2,0,North,2023/2024,CHARTWELL AVENUE,BENTLEY AVENUE,,Non-Injury Crash,No,2024,0,West,0,0,0,Hill Road,0,,0,,0,Bright sun,200600,0,0,0,2,0,0,0,0,1,,0,0,Auckland Region,Nil,2-way,Sealed,0,0,0,0,50,0,Off,0,0,,76,Auckland,Nil,0,0,0,0,0,0,Urban,0,0,0,Fine,None
1751920.3455,5915480.5468,888637,,517901,0,,0,2,,Null,2022/2023,NEW NORTH ROAD,BOLLARD AVENUE,,Non-Injury Crash,No,2023,,North,,0,,Flat,,,,,,Bright sun,523800,0,0,0,4,,,0,,,,,,Auckland Region,Nil,2-way,Sealed,,0,0,,50,,Off,0,0,,76,Auckland,Traffic Signals,,,,,0,0,Urban,0,,,Fine,Null
1765095.4339,5906895.6762,888646,,522201,0,0,0,0,0,South,2024/2025,SHIRLEY ROAD,OMANA ROAD,,Minor Crash,No,2025,0,North,0,0,0,Flat,0,,0,,0,Bright sun,662200,1,0,0,2,0,0,0,0,1,,0,0,Auckland Region,Nil,2-way,Sealed,0,0,0,0,50,0,Off,2,0,,76,Auckland,Nil,0,0,0,0,0,0,Urban,0,0,0,Fine,Null
1751288.3917,5949382.5058,888651,,505805,0,0,1,1,0,East,2022/2023,DOMENT CRESCENT,MELANIE PLACE,,Minor Crash,No,2023,0,West,0,0,1,Flat,0,,0,,0,Dark,171804,1,0,0,2,0,0,0,0,1,,0,1,Auckland Region,Nil,2-way,Sealed,0,0,0,0,50,0,None,1,0,,76,Auckland,Nil,0,0,0,0,0,0,Urban,0,0,0,Fine,Null
1767182.6173,5883933.0976,888653,,521122,0,0,0,0,0,North,2023/2024,OSTRICH FARM ROAD,HEIGHTS ROAD,,Non-Injury Crash,No,2023,0,South,1,0,0,Flat,0,,0,,0,Overcast,813702,0,0,0,2,0,0,0,0,0,,0,0,Auckland Region,Nil,2-way,Sealed,0,0,0,0,60,0,None,0,0,,76,Auckland,Nil,0,1,0,0,0,0,Urban,1,0,0,Mist or Fog,Null
1746980.0343,5915142.5376,888658,,511800,0,,0,2,,Null,2023/2024,GREAT NORTH ROAD,HEPBURN ROAD,,Non-Injury Crash,No,2024,,South,,0,,Hill Road,,,,,,Bright sun,277902,0,0,0,4,,,0,,,,,,Auckland Region,Nil,2-way,Sealed,,0,0,,50,,Off,0,0,,76,Auckland,Traffic Signals,,,,,0,0,Urban,0,,,Fine,Null
1758515.3649,5912621.2907,888659,,519810,0,,0,2,,Null,2022/2023,QUADRANT ROAD,GREY STREET,,Minor Crash,No,2023,,North,,0,,Flat,,,,,,Overcast,598500,1,0,0,2,,,0,,,,,,Auckland Region,Nil,2-way,Sealed,,0,0,,50,,Null,0,0,,76,Auckland,Stop,,,,,0,0,Urban,0,,,Light rain,Null
1766327.3853,5916967.1307,888662,,517001,0,,0,2,,South,2023/2024,ELSTREE AVENUE,TANIWHA STREET,,Non-Injury Crash,No,2024,,North,,0,,Flat,,,,,,Dark,476500,0,0,0,2,,,0,,,,,,Auckland Region,Nil,2-way,Sealed,,0,0,,50,,On,0,0,,76,Auckland,Nil,,,,,0,0,Urban,0,,,Fine,None
1767461.7599,5908201.6931,888668,,523502,0,0,0,1,0,North,2024/2025,VELVET CRESCENT,VELVET CRESCENT,,Non-Injury Crash,No,2025,0,West,0,0,0,Flat,0,,0,,1,Twilight,701700,0,0,0,2,0,0,0,0,0,1,0,0,Auckland Region,Nil,2-way,Sealed,0,0,0,0,30,0,On,0,0,,76,Auckland,Nil,0,0,0,0,0,0,Urban,0,0,0,Fine,Null
1752473.9475,5933316.2345,888671,,508701,1,,0,1,,Null,2022/2023,BUSH ROAD,DAIRY FLAT HIGHWAY,,Minor Crash,No,2023,,East,,0,,Flat,,,,,,Bright sun,178800,1,0,0,4,,,0,,,,,,Auckland Region,Nil,1-way,Sealed,,0,0,,80,,Off,0,0,,76,Auckland,Traffic Signals,,,,,0,0,Open,0,,,Fine,Null
1746927.2358,5922462.3935,888678,,512201,0,0,0,1,0,South,2024/2025,TE ATATU ROAD,WHARF ROAD,,Non-Injury Crash,No,2024,0,South,0,0,1,Flat,0,,0,,0,Overcast,246500,0,0,0,2,0,0,0,0,0,,0,0,Auckland Region,Nil,2-way,Sealed,0,0,0,0,50,0,Off,0,0,,76,Auckland,Nil,0,0,0,0,0,0,Urban,0,0,0,Heavy rain,Null
1795789.5753,5904248.1348,888681,45,525202,0,0,0,0,0,West,2022/2023,KAWAKAWA-ORERE ROAD,ORERE-MATINGARAHI ROAD,,Non-Injury Crash,No,2023,0,North,1,0,0,Hill Road,0,,0,,0,Overcast,765300,0,0,0,2,0,0,0,0,0,,0,0,Auckland Region,Nil,2-way,Sealed,0,0,0,0,100,0,None,0,0,,76,Auckland,Nil,0,0,0,0,1,0,Open,0,0,0,Light rain,Null
1754352.2421,5912877.6846,888686,,518803,0,,0,1,,Null,2023/2024,PLAYFAIR ROAD,RICHARDSON ROAD,,Minor Crash,No,2024,,South,,0,,Flat,,,,,,Dark,583000,1,0,0,2,,,0,,,1,,,Auckland Region,Nil,2-way,Sealed,,0,0,,50,,On,0,0,,76,Auckland,Stop,,,,,0,0,Urban,0,,,Light rain,Null
1737394.7475,5910162.7487,888690,,513800,0,0,0,1,0,East,2024/2025,PIHA ROAD,UPPER HUIA DAM TRACK,,Minor Crash,No,2024,0,West,0,0,0,Flat,0,,0,,0,Bright sun,282007,1,0,0,2,0,1,0,0,0,,0,0,Auckland Region,Nil,2-way,Sealed,0,0,0,0,80,0,None,0,0,,76,Auckland,Nil,0,0,0,0,0,0,Open,0,0,0,Fine,Null
1757671.7936,5918296.2869,888691,,518101,0,,0,3,,Null,2022/2023,SOUTHERN MOTORWAY,KHYBER PASS ROAD OFF RAMP,,Minor Crash,Yes,2023,,North,,0,,Hill Road,,Easter,,,,Bright sun,543000,1,0,0,5,,,0,,,,,,Auckland Region,Nil,1-way,Sealed,,0,0,,80,,Off,0,0,,76,Auckland,Nil,,,,,0,0,Open,0,,,Fine,Null
1767548.7152,5901360.5088,888702,35,524720,0,0,0,2,0,South,2024/2025,DEVERON ROAD,GLOUCESTER ROAD,,Non-Injury Crash,No,2025,0,North,0,0,0,Flat,0,,0,,0,Dark,778200,0,0,0,2,0,0,0,0,1,,0,0,Auckland Region,Nil,2-way,Sealed,0,0,0,0,50,0,On,0,0,,76,Auckland,Nil,0,0,0,0,0,0,Urban,0,0,0,Heavy rain,None
1760275.9054,5915816.5955,888704,,516003,0,0,0,1,0,West,2024/2025,SOUTHERN MOTORWAY,GREEN LANE EAST OFF RAMP,,Non-Injury Crash,Yes,2025,0,North,0,0,0,Flat,1,,0,,0,Bright sun,494902,0,0,0,3,0,0,0,0,0,,0,0,Auckland Region,Nil,1-way,Sealed,0,0,0,0,100,0,Off,1,0,,76,Auckland,Nil,0,0,0,0,1,0,Open,0,0,0,Fine,Null
1745359.2464,5917411.8082,888706,,510700,0,,0,0,,Null,2024/2025,ALDERMAN DRIVE,GREAT NORTH ROAD,,Non-Injury Crash,No,2024,,West,,0,,Flat,,,,,,Bright sun,239900,0,0,0,4,,,0,,,,,,Auckland Region,Nil,2-way,Sealed,,0,0,,50,,Off,0,0,,76,Auckland,Traffic Signals,,,,,1,0,Urban,1,,,Fine,Null
1768143.9347,5902579.0625,888708,,524602,0,0,0,1,0,Null,2024/2025,GREAT SOUTH ROAD,COSTAR PLACE,,Non-Injury Crash,No,2024,0,North,0,0,1,Hill Road,0,,0,,0,Dark,780407,0,0,0,4,0,0,0,0,0,,1,0,Auckland Region,Nil,2-way,Sealed,0,0,0,0,50,0,On,0,0,,76,Auckland,Give way,0,1,0,0,0,0,Urban,0,0,0,Fine,Null
1757840.7639,5916541.0743,888709,,515801,0,0,0,2,0,North,2022/2023,GILLIES AVENUE,RANFURLY ROAD WEST,,Non-Injury Crash,No,2023,0,South,0,0,0,Hill Road,0,,0,,0,Overcast,446100,0,0,0,2,0,0,0,0,1,,0,0,Auckland Region,Nil,2-way,Sealed,0,0,0,0,50,0,Off,0,0,,76,Auckland,Nil,0,0,0,0,0,0,Urban,0,0,0,Light rain,Null
1767609.1681,5912960.6942,888713,,522910,0,0,0,2,0,East,2023/2024,REEVES ROAD,CARDIFF ROAD,,Minor Crash,No,2023,0,East,0,0,0,Flat,0,,0,,0,Dark,685800,1,0,0,2,0,0,0,0,1,,0,0,Auckland Region,Nil,2-way,Sealed,0,0,0,0,50,0,On,0,0,30,76,Auckland,Nil,0,0,0,0,0,0,Urban,0,0,0,Fine,Null
1774324.175,5893669.2415,888715,35,521301,0,0,0,0,0,South,2022/2023,SUTTON ROAD,PONGA ROAD,,Minor Crash,No,2023,0,East,0,0,0,Flat,0,,0,,0,Dark,808403,1,0,1,2,0,0,0,0,0,,0,0,Auckland Region,Nil,2-way,Sealed,0,0,0,0,60,0,None,0,0,,76,Auckland,Nil,0,1,0,0,0,0,Urban,0,0,0,Fine,Null
1760907.9066,5915315.9005,888717,,520201,0,0,0,0,0,Null,2022/2023,TECOMA STREET,TECOMA STREET ON RAMP,,Non-Injury Crash,No,2023,0,West,0,0,0,Flat,2,,0,,0,Bright sun,613500,0,0,0,1,0,0,0,0,0,,1,0,Auckland Region,Motorway ramp,1-way,Sealed,0,0,0,0,50,0,Off,0,0,,76,Auckland,Give way,0,0,0,0,1,0,Urban,0,0,0,Fine,Null
1745174.9226,5917007.571,888720,,510800,0,,0,2,,South,2024/2025,HENDERSON VALLEY ROAD,SMYTHE ROAD,,Non-Injury Crash,No,2025,,South,,0,,Flat,,,,,,Dark,241600,0,0,0,2,,,0,,,,,,Auckland Region,Nil,2-way,Sealed,,0,0,,50,,On,0,0,,76,Auckland,Nil,,,,,0,0,Urban,0,,,Fine,Null
1751542.2701,5916029.061,888721,,514401,0,0,0,2,0,South,2022/2023,BLOCKHOUSE BAY ROAD,CRADOCK STREET,,Non-Injury Crash,No,2023,0,South,0,0,0,Hill Road,0,,0,,0,Dark,383801,0,0,0,2,0,0,0,0,1,,0,0,Auckland Region,Nil,2-way,Sealed,0,0,0,0,50,0,On,0,0,,76,Auckland,Nil,0,0,0,0,0,0,Urban,0,0,0,Light rain,Null
1766027.3303,5915293.1179,888722,,520601,0,,0,1,,Null,2024/2025,TRIPOLI ROAD,HOBSON DRIVE,,Non-Injury Crash,No,2024,,North,,0,,Null,,,,,,Overcast,633500,0,0,0,2,,,0,,,,,,Auckland Region,Nil,2-way,Sealed,,0,0,,50,,Null,0,0,,76,Auckland,Stop,,,,,0,1,Urban,0,,,Light rain,Null
1754192.4324,5913055.8697,888725,,518901,0,,0,1,,Null,2022/2023,RICHARDSON ROAD,PENNEY AVENUE,,Non-Injury Crash,No,2023,,North,,0,,Flat,,,,,,Dark,586000,0,0,0,1,,,0,,,,,,Auckland Region,Nil,1-way,Sealed,,0,0,,50,,On,0,0,30,76,Auckland,Nil,,,,,0,0,Urban,1,,,Light rain,Null
1755045.8861,5945066.0986,888738,,505907,0,,0,2,,Null,2024/2025,LANGTON ROAD,BRIGHTSIDE ROAD,,Non-Injury Crash,No,2025,,South,,0,,Null,,,,,,Bright sun,173410,0,0,0,2,,,0,,,,,,Auckland Region,Nil,2-way,Sealed,,0,0,,50,,Null,0,0,,76,Auckland,Stop,,,,,0,0,Urban,0,,,Null,Null
1763994.3532,5912098.9361,888740,,520500,0,,0,2,,Null,2025/2026,MOUNT WELLINGTON HIGHWAY,MONAHAN ROAD,,Non-Injury Crash,No,2025,,South,,0,,Flat,,,,,,Dark,639500,0,0,0,3,,,0,,,,,,Auckland Region,Nil,1-way,Sealed,,0,0,,50,,On,0,0,,76,Auckland,Give way,,,,,0,0,Urban,0,,,Fine,Null
1751501.2654,5916372.1531,888742,,514900,0,,0,0,,Null,2025/2026,GREAT NORTH ROAD,BLOCKHOUSE BAY ROAD,,Minor Crash,No,2025,,North,,0,,Flat,,,,,,Overcast,384800,1,0,1,4,,,0,,,,,,Auckland Region,Nil,2-way,Sealed,,0,0,,50,,Off,0,0,,76,Auckland,Traffic Signals,,,,,0,0,Urban,1,,,Fine,Null
1769481.1035,5880133.5492,888745,,525922,0,0,0,1,0,Null,2022/2023,MANUKAU ROAD,NELSON STREET,,Non-Injury Crash,No,2023,0,North,0,0,0,Flat,0,,0,,0,Dark,823900,0,0,0,1,0,0,0,0,0,,0,0,Auckland Region,Nil,1-way,Sealed,0,0,0,0,50,0,On,0,0,,76,Auckland,Give way,1,0,0,0,0,0,Urban,0,0,0,Light rain,Null
1766500.8825,5899447.9588,888746,,524812,0,0,0,1,0,North,2024/2025,MAHIA ROAD,CASTLEFINN DRIVE,,Non-Injury Crash,No,2024,0,South,0,0,0,Hill Road,0,,0,,0,Overcast,774202,0,0,0,2,0,0,0,0,0,,0,1,Auckland Region,Nil,2-way,Sealed,0,0,0,0,50,0,Off,0,0,,76,Auckland,Nil,0,0,0,0,0,0,Urban,0,0,0,Heavy rain,Null
1769883.1409,5900034.4217,888752,,524902,0,0,0,1,0,South,2024/2025,SOUTHERN MOTORWAY,MANUREWA-TAKANINI ON RAMP,,Minor Crash,Yes,2025,0,North,0,0,0,Flat,1,,0,,0,Dark,759200,1,0,0,4,0,0,0,0,0,,0,0,Auckland Region,Nil,1-way,Sealed,0,0,0,0,100,0,On,0,0,,76,Auckland,Nil,0,0,0,0,0,0,Open,0,0,0,Fine,Null
1754091.4173,5914026.1386,888754,,518802,0,,0,3,,East,2023/2024,SOUTH-WESTERN MOTORWAY,MAIORO STREET OFF RAMP,,Non-Injury Crash,Yes,2024,,West,,0,,Flat,,,,,,Bright sun,579100,0,0,0,3,,,0,,,,,,Auckland Region,Nil,1-way,Sealed,,0,0,,100,,Off,0,0,,76,Auckland,Nil,,,,,0,0,Open,0,,,Fine,Null
1763344.5938,5915200.8407,888761,,520302,0,,0,1,,South,2022/2023,HARRIS ROAD,RUTLAND ROAD,,Minor Crash,No,2023,,South,,0,,Flat,,,,,,Bright sun,626101,1,0,0,2,,,0,,,1,,,Auckland Region,Nil,2-way,Sealed,,0,0,,50,,Off,0,0,,76,Auckland,Nil,,,,,0,0,Urban,0,,,Fine,Null
1768637.2084,5903063.9827,888764,,523820,0,,0,2,,South,2024/2025,SOUTHERN MOTORWAY,SOUTH-WESTERN MOTORWAY,,Non-Injury Crash,Yes,2025,,South,,0,,Hill Road,,,,,,Dark,760121,0,0,0,4,,,0,,,,,,Auckland Region,Nil,1-way,Sealed,,0,0,,100,,On,0,0,,76,Auckland,Nil,,,,,0,0,Open,0,,,Fine,Null
1769809.2134,5899451.0521,888766,,523920,0,,0,1,,Null,2024/2025,GREAT SOUTH ROAD,MANUREWA-TAKANINI ON RAMP,,Minor Crash,No,2024,,North,,0,,Flat,,,,,,Overcast,767922,1,0,1,2,,,0,,,,,,Auckland Region,Nil,1-way,Sealed,,0,0,,70,,Off,0,0,,76,Auckland,Traffic Signals,,,,,0,0,Urban,0,,,Fine,Null
1771210.8194,5887611.3295,888774,,521122,0,0,0,1,0,North,2023/2024,BURTT ROAD,SOLITAIRE LANE,,Non-Injury Crash,No,2024,0,South,1,0,0,Flat,0,,0,,0,Overcast,813300,0,0,0,2,0,0,0,0,0,,0,0,Auckland Region,Nil,2-way,Sealed,0,0,0,0,80,0,None,0,0,,76,Auckland,Nil,0,0,0,0,0,0,Open,0,0,0,Light rain,Null
1768211.0436,5908702.5395,888777,,523502,0,0,0,1,0,Null,2023/2024,VALDER AVENUE,MATAMATA PLACE,,Non-Injury Crash,No,2023,0,West,0,0,1,Flat,0,,0,,0,Bright sun,702402,0,0,0,2,0,0,0,0,0,,0,0,Auckland Region,Nil,2-way,Sealed,0,0,0,0,50,0,Off,0,0,,76,Auckland,Nil,0,0,0,0,0,0,Urban,0,0,0,Fine,Null
1757985.5596,5914771.3341,888778,,519300,0,0,0,1,0,Null,2023/2024,MANUKAU ROAD,PAH ROAD,,Non-Injury Crash,No,2023,0,North,0,0,0,Flat,0,,0,,0,Overcast,624100,0,0,0,3,0,0,0,0,0,,0,0,Auckland Region,Nil,2-way,Sealed,0,0,0,0,50,0,None,0,0,40,76,Auckland,Traffic Signals,0,1,0,0,0,0,Urban,0,0,0,Light rain,Null
1772085.6773,5905874.9314,888782,,523713,0,0,0,1,0,Null,2023/2024,FLAT BUSH SCHOOL ROAD,MATIKI ROAD,,Non-Injury Crash,No,2024,0,East,0,0,0,Flat,0,,0,,1,Dark,712701,0,0,0,2,0,0,0,0,0,,0,0,Auckland Region,Nil,2-way,Unsealed,0,0,0,0,50,0,On,0,0,40,76,Auckland,Give way,0,0,0,0,0,0,Urban,0,0,0,Fine,Null
1731930.8556,5975632.9279,888793,45,506613,0,0,0,1,1,North,2022/2023,KAIPARA COAST HIGHWAY,MERTON ROAD,,Minor Crash,Yes,2023,0,South,0,0,0,Hill Road,0,,0,,0,Dark,145100,1,0,0,2,0,0,0,0,0,,0,0,Auckland Region,Nil,2-way,Sealed,0,0,0,0,80,0,None,0,0,,76,Auckland,Nil,0,0,0,0,0,0,Open,0,0,0,Fine,Null
1756013.1454,5929621.9598,888801,,508510,0,,0,2,,North,2023/2024,FORREST HILL ROAD,HAVELOCK AVENUE,,Non-Injury Crash,No,2024,,South,,0,,Flat,,,,,,Bright sun,194000,0,0,0,3,,,0,,,,,,Auckland Region,Nil,2-way,Sealed,,0,0,,50,,Off,0,0,,76,Auckland,Nil,,,,,0,0,Urban,0,,,Fine,Null
1760651.515,5912352.0666,888802,,520000,0,,0,2,,West,2023/2024,CHURCH STREET,PATRICK STREET,,Non-Injury Crash,No,2023,,West,,0,,Flat,,,,,,Bright sun,607500,0,0,0,2,,,0,,,,,,Auckland Region,Nil,2-way,Sealed,,0,0,,50,,Off,0,0,,76,Auckland,Nil,,,,,0,0,Urban,1,,,Fine,Null
1756992.1923,5918357.7312,888804,35,518101,0,0,0,1,0,South,2023/2024,MOUNT EDEN ROAD,WATER STREET,,Non-Injury Crash,No,2023,0,Null,0,0,0,Flat,0,,0,,0,Dark,542600,0,0,0,2,0,0,0,0,1,,0,0,Auckland Region,Nil,2-way,Sealed,0,0,0,0,50,0,On,0,0,,76,Auckland,Nil,0,0,0,0,0,0,Urban,0,0,0,Fine,None
1750479.5126,5915392.7098,888806,,514802,0,0,0,1,0,North,2023/2024,ASH STREET,WAIRAU AVENUE,,Non-Injury Crash,No,2023,0,North,0,0,0,Flat,0,,0,,0,Overcast,387009,0,0,0,4,0,0,0,0,0,,0,0,Auckland Region,Nil,2-way,Sealed,0,0,0,0,50,0,Off,0,0,,76,Auckland,Nil,0,0,0,1,0,0,Urban,0,0,0,Fine,Null
1745890.5605,5914206.0567,888808,,511001,0,0,0,3,0,North,2024/2025,WAIKAUKAU ROAD,WEST COAST ROAD,,Non-Injury Crash,No,2024,0,North,0,0,0,Flat,0,,0,,0,Overcast,282400,0,0,0,2,0,0,0,0,1,,0,0,Auckland Region,Nil,2-way,Sealed,0,0,0,0,50,0,Off,0,0,,76,Auckland,Nil,0,0,0,0,0,0,Urban,0,0,0,Fine,Null
1761983.0576,5906574.6255,888809,,524302,0,,0,2,,North,2023/2024,HENWOOD ROAD,GEOFFREY PLACE,,Non-Injury Crash,No,2023,,South,,0,,Flat,,,,,,Overcast,743500,0,0,0,2,,,0,,,,,,Auckland Region,Nil,2-way,Sealed,,0,0,,50,,Off,0,0,,76,Auckland,Nil,,,,,0,0,Urban,0,,,Light rain,Null
1762310.0602,5913451.7564,888812,,520402,0,,0,3,,South,2024/2025,SOUTHERN MOTORWAY,PENROSE OBR,,Non-Injury Crash,Yes,2024,,South,,0,,Flat,,,,,,Dark,642200,0,0,0,3,,,0,,,,,,Auckland Region,Nil,1-way,Sealed,,0,0,,100,,On,0,0,,76,Auckland,Nil,,,,,0,0,Open,0,,,Light rain,Null
1747270.1605,5921297.4791,888817,,512300,0,,0,1,,South,2023/2024,TE ATATU ROAD,GUNNER DRIVE,,Serious Crash,No,2023,,South,,0,,Flat,,,,,,Bright sun,250101,0,0,0,2,,,0,,,1,,,Auckland Region,Nil,2-way,Sealed,,0,1,,50,,Off,0,0,,76,Auckland,Nil,,,,,0,0,Urban,0,,,Fine,Null
1742420.7044,5926516.8474,888820,,513410,0,,1,2,,North,2024/2025,SH 16,BRIGHAM CREEK ROAD,,Minor Crash,Yes,2025,,South,,0,,Flat,,,,,,Bright sun,223100,2,0,0,2,,,0,,,,,,Auckland Region,Nil,1-way,Sealed,,0,0,,80,,Off,0,0,,76,Auckland,Nil,,,,,0,0,Open,1,,,Fine,Null
1756600.3413,5919965.5505,888824,,514102,0,0,0,2,0,South,2025/2026,UNION STREET,WELLINGTON STREET,,Non-Injury Crash,No,2025,0,North,0,0,0,Hill Road,0,,0,,0,Dark,434402,0,0,0,4,0,0,0,0,1,,0,0,Auckland Region,Nil,2-way,Sealed,0,0,0,0,30,0,On,0,1,,76,Auckland,Nil,0,0,0,0,0,0,Urban,0,0,0,Fine,Null
1765552.6019,5908689.9327,888828,,523403,0,,0,2,,South,2025/2026,SOUTHERN MOTORWAY,HIGHBROOK OBR,,Non-Injury Crash,Yes,2025,,North,,0,,Flat,,,,,,Bright sun,700100,0,0,0,3,,,0,,,,,,Auckland Region,Nil,1-way,Sealed,,0,0,,100,,Off,0,0,,76,Auckland,Nil,,,,,0,0,Open,0,,,Fine,Null
1772827.0716,5896113.8802,888837,,525410,0,,0,2,,Null,2022/2023,GREAT SOUTH ROAD,WOOD STREET,,Minor Crash,No,2023,,South,,0,,Flat,,,,,,Bright sun,793000,1,0,0,1,,,0,,,,,,Auckland Region,Nil,1-way,Sealed,,0,0,,50,,Off,0,0,,76,Auckland,Give way,,,,,0,0,Urban,0,,,Fine,Null
1769340.88,5881216.5229,888844,,525910,0,,0,0,,North,2024/2025,STADIUM DRIVE,EAST STREET,,Serious Crash,No,2025,,North,,0,,Flat,,,,,,Bright sun,817300,0,0,1,2,,,0,,,,,,Auckland Region,Nil,2-way,Sealed,,0,1,,50,,Off,0,0,,76,Auckland,Nil,,,,,0,0,Urban,1,,,Fine,Null
1742456.418,5919124.5536,888845,,513211,0,0,0,1,0,Null,2023/2024,LUANDA DRIVE,URLICH DRIVE,,Minor Crash,No,2024,0,South,0,0,0,Flat,0,,1,,0,Dark,235013,1,0,0,2,0,1,0,0,1,,0,0,Auckland Region,Nil,2-way,Sealed,0,0,0,0,50,0,On,0,0,,76,Auckland,Nil,0,0,0,0,0,0,Urban,1,0,0,Fine,Null
1768851.0779,5907687.4871,888854,,523711,0,,0,1,,East,2024/2025,PROGRESSIVE WAY,LAIDLAW WAY,,Non-Injury Crash,No,2024,,East,,0,,Flat,,,,,,Bright sun,712304,0,0,0,2,,,0,,,,,,Auckland Region,Nil,2-way,Sealed,,0,0,,50,,Off,0,0,,76,Auckland,Nil,,,,,1,0,Urban,0,,,Fine,Null
1756102.2164,5923768.6519,888855,,509800,0,,0,3,,South,2022/2023,NORTHERN MOTORWAY,WEIGH BRIDGE,,Non-Injury Crash,Yes,2023,,South,,0,,Flat,,,,,,Dark,358800,0,0,0,3,,,0,,,,,,Auckland Region,Nil,1-way,Sealed,,0,0,,80,,On,0,0,,76,Auckland,Nil,,,,,0,0,Open,0,,,Heavy rain,Strong wind
1763810.3945,5909377.6082,888859,,521901,0,,0,1,,North,2023/2024,NIKAU ROAD,LIPPIATT ROAD,,Serious Crash,No,2024,,North,,0,,Flat,,,,,,Dark,784801,0,0,0,2,,,0,,,1,,,Auckland Region,Speed hump,2-way,Sealed,,0,1,,50,,On,0,0,,76,Auckland,Nil,,,,,0,0,Urban,0,,,Fine,Null
1758401.8201,5917663.1456,888862,,516001,0,0,0,1,0,West,2023/2024,SOUTHERN MOTORWAY,NEWMARKET VDT,,Non-Injury Crash,Yes,2023,0,West,0,0,0,Flat,1,,0,,0,Dark,490800,0,0,0,3,0,0,0,0,0,,0,0,Auckland Region,Nil,1-way,Sealed,0,0,0,0,80,0,On,0,0,,76,Auckland,Nil,0,0,0,0,0,0,Open,0,0,0,Heavy rain,Null
1771321.1286,5881672.9892,888863,,521111,0,0,0,0,0,West,2023/2024,PUKEKOHE EAST ROAD,VALLEY ROYAL WAY,,Non-Injury Crash,No,2023,0,West,1,0,0,Hill Road,0,,0,,0,Overcast,826909,0,0,0,2,0,0,0,0,0,,0,0,Auckland Region,Nil,1-way,Sealed,0,0,0,0,80,0,Off,0,0,,76,Auckland,Nil,0,0,0,1,0,0,Open,1,0,0,Light rain,Null
1752314.8119,5934177.021,888871,,508701,0,,0,2,,South,2022/2023,DON MCKINNON DRIVE,CIVIC CRESCENT,,Non-Injury Crash,No,2023,,North,,0,,Flat,,,,,,Overcast,178900,0,0,0,2,,,0,,,,,,Auckland Region,Nil,1-way,Sealed,,0,0,,50,,Off,0,0,,76,Auckland,Nil,,,,,0,0,Urban,0,,,Fine,Null
1754936.2547,5923683.4552,888873,35,510500,0,0,0,1,0,Null,2022/2023,HINEMOA STREET,AWANUI STREET,,Non-Injury Crash,No,2023,0,North,0,0,1,Flat,0,,0,,0,Dark,357000,0,0,0,1,0,0,0,0,0,,0,1,Auckland Region,Nil,2-way,Sealed,0,0,0,0,50,0,On,0,0,,76,Auckland,Nil,0,0,0,0,0,0,Urban,0,0,0,Fine,Null
1765604.8658,5901094.0833,888879,,524821,0,0,0,2,0,East,2022/2023,FINLAYSON AVENUE,HANFORD PLACE,,Non-Injury Crash,No,2023,0,East,0,0,0,Flat,0,,0,,0,Dark,774402,0,0,0,2,0,0,0,0,1,,0,0,Auckland Region,Nil,2-way,Sealed,0,0,0,0,50,0,On,0,0,,76,Auckland,Nil,0,0,0,0,0,0,Urban,0,0,0,Fine,Null
1769038.4666,5911522.3542,888880,,523112,0,,0,1,,Null,2025/2026,HARRIS ROAD,TI RAKAU DRIVE,,Non-Injury Crash,No,2025,,North,,0,,Flat,,,,,,Bright sun,711404,0,0,0,4,,,0,,,,,,Auckland Region,Nil,2-way,Sealed,,0,0,,50,,Null,0,0,,76,Auckland,Traffic Signals,,,,,1,0,Urban,0,,,Fine,Null