X,Y,OBJECTID,advisorySpeed,areaUnitID,bicycle,bridge,bus,carStationWagon,cliffBank,crashDirectionDescription,crashFinancialYear,crashLocation1,crashLocation2,crashRoadSideRoad,crashSeverity,crashSHDescription,crashYear,debris,directionRoleDescription,ditch,fatalCount,fence,flatHill,guardRail,holiday,houseOrBuilding,intersection,kerb,light,meshblockId,minorInjuryCount,moped,motorcycle,NumberOfLanes,objectThrownOrDropped,otherObject,otherVehicleType,overBank,parkedVehicle,pedestrian,phoneBoxEtc,postOrPole,region,roadCharacter,roadLane,roadSurface,roadworks,schoolBus,seriousInjuryCount,slipOrFlood,speedLimit,strayAnimal,streetLight,suv,taxi,temporarySpeedLimit,tlaId,tlaName,trafficControl,trafficIsland,trafficSign,train,tree,truck,unknownVehicleType,urban,vanOrUtility,vehicle,waterRiver,weatherA,weatherB
1774212.9445,5888953.4357,888881,,521302,0,,0,2,,North,2023/2024,SOUTHERN MOTORWAY,RAMARAMA ON RAMP,,Minor Crash,Yes,2024,,North,,0,,Flat,,,,,,Overcast,809101,1,0,0,2,,,0,,,,,,Auckland Region,Nil,1-way,Sealed,,0,0,,100,,Off,0,0,,76,Auckland,Nil,,,,,0,0,Open,0,,,Light rain,Null
1744952.3471,5924349.2899,888883,,513521,0,0,0,1,0,Null,2022/2023,HOBSONVILLE ROAD,TRIG ROAD,,Non-Injury Crash,No,2023,0,East,0,0,0,Hill Road,0,,0,,0,Dark,224226,0,0,0,2,0,0,0,0,1,,0,0,Auckland Region,Nil,2-way,Sealed,0,0,0,0,50,0,On,0,0,30,76,Auckland,Give way,0,0,0,0,1,0,Urban,0,0,0,Fine,Null
1758582.6076,5918618.0269,888885,,517400,0,,0,1,,Null,2023/2024,BROADWAY,DAVIS CRESCENT,,Minor Crash,No,2024,,North,,0,,Flat,,,,,,Bright sun,450901,1,0,0,1,,,0,,,1,,,Auckland Region,Nil,1-way,Sealed,,0,0,,50,,Off,0,0,,76,Auckland,Give way,,,,,0,0,Urban,0,,,Fine,Null
1746699.1373,5911506.101,888886,,512600,0,0,0,1,0,East,2023/2024,WIRIHANA ROAD,KAURIMU RISE,,Non-Injury Crash,No,2023,0,North,0,0,0,Hill Road,0,,0,,0,Overcast,298901,0,0,0,2,0,0,0,0,0,,0,0,Auckland Region,Nil,2-way,Sealed,0,0,0,0,50,0,Off,0,0,,76,Auckland,Nil,0,0,0,1,0,0,Urban,0,0,0,Fine,Null
1767686.9348,5907719.3242,888887,,523502,1,,0,0,,Null,2023/2024,EAST TAMAKI ROAD,HILLS ROAD,,Minor Crash,No,2023,,East,,0,,Flat,,,,,,Overcast,701900,1,0,0,5,,,0,,,,,,Auckland Region,Nil,2-way,Sealed,,0,0,,50,,None,0,0,,76,Auckland,Traffic Signals,,,,,0,0,Urban,1,,,Fine,Null
1765285.06,5907455.5326,888890,,522301,0,0,0,1,0,East,2025/2026,KAUTAMI AVENUE,GREAT SOUTH ROAD,,Minor Crash,No,2025,0,West,0,0,0,Flat,0,,0,,0,Bright sun,665900,2,0,0,2,0,0,0,0,1,,0,0,Auckland Region,Nil,2-way,Sealed,0,0,0,0,50,0,Off,0,0,,76,Auckland,Nil,0,0,0,0,0,0,Urban,1,0,0,Fine,Null
1765995.1324,5906370.8079,888891,,522302,0,0,0,1,0,South,2023/2024,GREAT SOUTH ROAD,ST GEORGE STREET,,Minor Crash,No,2023,0,North,0,0,0,Flat,0,,0,,1,Dark,668700,1,0,0,2,0,0,0,0,0,,2,0,Auckland Region,Nil,2-way,Sealed,0,0,0,0,50,0,On,0,0,,76,Auckland,Nil,0,0,0,0,0,0,Urban,0,0,0,Fine,Null
1770963.8872,5906204.2057,888892,,523712,0,,0,2,,East,2023/2024,FLAT BUSH SCHOOL ROAD,SPRINGSIDE DRIVE,,Non-Injury Crash,No,2023,,West,,0,,Flat,,,,,,Overcast,713300,0,0,0,2,,,0,,,,,,Auckland Region,Nil,2-way,Sealed,,0,0,,50,,Null,0,0,,76,Auckland,Nil,,,,,0,0,Urban,0,,,Light rain,None
1759053.4592,5906704.9945,888894,,524200,0,0,0,2,0,Null,2024/2025,KIRKBRIDE ROAD,ASCOT ROAD,,Minor Crash,No,2025,0,West,0,0,0,Flat,0,,0,,0,Dark,726400,2,0,0,5,0,0,0,0,0,,0,0,Auckland Region,Nil,2-way,Sealed,0,0,0,0,50,0,On,0,0,,76,Auckland,Traffic Signals,0,2,0,0,0,0,Urban,0,0,0,Fine,Null
1768337.4365,5901927.9144,888896,,525001,0,,0,0,,South,2024/2025,GREAT SOUTH ROAD,GRANDE VUE ROAD,,Non-Injury Crash,No,2024,,South,,0,,Flat,,,,,,Bright sun,750800,0,0,2,2,,,0,,,,,,Auckland Region,Nil,2-way,Sealed,,0,0,,50,,None,0,0,,76,Auckland,Nil,,,,,0,0,Urban,0,,,Fine,Null
1756384.5435,5918598.0542,888902,,515600,0,0,0,1,0,North,2024/2025,IAN MCKINNON DRIVE,MINNIE STREET,,Non-Injury Crash,No,2024,0,North,0,0,0,Flat,1,,0,,0,Overcast,419900,0,0,0,4,0,0,0,0,0,,0,0,Auckland Region,Nil,2-way,Sealed,0,0,0,0,50,0,Off,0,0,,76,Auckland,Nil,0,0,0,0,0,0,Urban,0,0,0,Fine,Null
1751659.2767,5917949.9215,888903,,515001,0,,0,2,,West,2023/2024,NORTH-WESTERN MOTORWAY,GT NORTH OBR,,Minor Crash,Yes,2023,,East,,0,,Flat,,,,,,Dark,392200,4,0,0,3,,,0,,,,,,Auckland Region,Nil,1-way,Sealed,,0,0,,100,,On,0,0,,76,Auckland,Nil,,,,,0,0,Open,0,,,Fine,Null
1764093.8081,5917475.8154,888911,,516302,0,0,0,2,0,West,2023/2024,ST JOHNS ROAD,COLLEGE ROAD,,Non-Injury Crash,No,2023,0,West,0,0,0,Flat,0,,0,,0,Overcast,462700,0,0,0,2,0,0,0,0,1,,0,0,Auckland Region,Nil,2-way,Sealed,0,0,0,0,50,0,Off,0,0,,76,Auckland,Nil,0,0,0,0,0,0,Urban,0,0,0,Fine,Strong wind
1762500.9566,5907279.7968,888914,,524520,0,,0,1,,South,2023/2024,MASSEY ROAD,YATES ROAD,,Non-Injury Crash,No,2023,,North,,0,,Flat,,,,,,Bright sun,734603,0,0,0,2,,,0,,,,,,Auckland Region,Nil,2-way,Sealed,,0,0,,50,,Off,0,0,,76,Auckland,Isolated Pedestrian signal (non-intersection),,,,,1,0,Urban,0,,,Fine,Null
1748987.4095,5884189.2802,888915,,521151,0,0,0,0,0,North,2023/2024,TE TORO ROAD,WESTHEAD ROAD,,Non-Injury Crash,No,2023,0,South,0,0,1,Hill Road,0,,0,,0,Overcast,830500,0,0,0,2,0,0,0,0,0,,0,0,Auckland Region,Nil,2-way,Sealed,0,0,0,0,100,0,None,1,0,,76,Auckland,Nil,0,0,0,1,0,0,Open,0,0,0,Fine,Null
1765060.779,5902837.9436,888917,,524604,0,,0,2,,Null,2024/2025,ROSCOMMON ROAD,WIRI STATION ROAD,,Non-Injury Crash,No,2024,,North,,0,,Flat,,,,,,Dark,781200,0,0,0,2,,,0,,,,,,Auckland Region,Nil,1-way,Sealed,,0,0,,60,,On,0,0,,76,Auckland,Traffic Signals,,,,,0,0,Urban,0,,,Fine,Null
1760276.9716,5915360.3029,888921,,519400,0,,0,4,,Null,2024/2025,CAMPBELL ROAD,GREAT SOUTH ROAD,,Minor Crash,No,2025,,North,,0,,Flat,,,,,,Dark,617400,1,0,0,4,,,0,,,,,,Auckland Region,Nil,2-way,Sealed,,0,0,,50,,On,0,0,,76,Auckland,Traffic Signals,,,,,0,0,Urban,1,,,Fine,Null
1747367.0392,5911930.5221,888929,,511901,0,,0,2,,South,2022/2023,ATKINSON ROAD,KAURILANDS ROAD,,Non-Injury Crash,No,2023,,North,,0,,Flat,,,,,,Bright sun,293802,0,0,0,2,,,0,,,,,,Auckland Region,Nil,2-way,Sealed,,0,0,,50,,Off,0,0,,76,Auckland,Nil,,,,,0,0,Urban,0,,,Fine,Null
1750035.0797,5915127.9895,888931,,514802,0,,0,1,,North,2023/2024,ASH STREET,ASH ST ACCESS,,Minor Crash,No,2023,,West,,0,,Flat,,,,,,Dark,386902,1,0,1,3,,,0,,,,,,Auckland Region,Nil,2-way,Sealed,,0,0,,50,,On,0,0,,76,Auckland,Nil,,,,,0,0,Urban,0,,,Fine,Null
1756142.733,5923942.7882,888936,,509800,0,,0,1,,South,2024/2025,NORTHERN MOTORWAY,WEIGH BRIDGE,,Non-Injury Crash,Yes,2025,,South,,0,,Flat,,,,,,Dark,361200,0,0,0,5,,,0,,,,,,Auckland Region,Nil,1-way,Sealed,,0,0,,80,,On,1,0,70,76,Auckland,Nil,,,,,0,0,Open,0,,,Heavy rain,Null
1752503.8144,5913741.3453,888942,,514500,0,0,0,1,0,South,2024/2025,TED WILLIAM STREET,TREVOLA STREET,,Non-Injury Crash,No,2025,0,South,0,0,1,Flat,0,,0,,0,Dark,374200,0,0,0,2,0,0,0,0,0,,0,0,Auckland Region,Nil,2-way,Sealed,0,0,0,0,50,0,None,0,0,,76,Auckland,Nil,0,0,0,0,0,0,Urban,0,0,0,Fine,Null
1768193.0503,5902416.3797,888946,,525001,0,,0,2,,Null,2024/2025,GREAT SOUTH ROAD,BROWNS ROAD,,Non-Injury Crash,No,2024,,North,,0,,Flat,,,,,,Bright sun,750800,0,0,0,5,,,0,,,,,,Auckland Region,Nil,2-way,Sealed,,0,0,,50,,Off,0,0,,76,Auckland,Traffic Signals,,,,,0,0,Urban,0,,,Fine,None
1773148.2833,5898309.8037,888947,,523912,0,,0,1,,Null,2023/2024,GROVE ROAD,JOHN BURN ROAD,,Minor Crash,No,2023,,North,,0,,Flat,,,,,,Bright sun,765600,1,0,0,2,,,0,,,,,,Auckland Region,Nil,2-way,Sealed,,0,0,,50,,Off,0,0,,76,Auckland,Give way,,,,,0,0,Urban,1,,,Fine,Null
1768505.767,5901326.2917,888951,,525001,0,0,0,3,0,North,2023/2024,GREAT SOUTH ROAD,PENNY LANE,,Minor Crash,No,2023,0,North,0,0,0,Flat,0,,0,,0,Twilight,751500,1,0,0,2,0,0,0,0,1,,0,0,Auckland Region,Nil,2-way,Sealed,0,0,0,0,50,0,On,0,0,,76,Auckland,Nil,0,0,0,0,0,0,Urban,0,0,0,Fine,Frost
1754014.2861,5931368.7849,888954,,508807,0,,0,2,,West,2023/2024,UPPER HARBOUR HIGHWAY,UPPER HARBOUR HWY ON RAMP,,Non-Injury Crash,Yes,2023,,East,,0,,Flat,,,,,,Dark,180810,0,0,0,5,,,0,,,,,,Auckland Region,Nil,2-way,Sealed,,0,0,,50,,On,1,0,30,76,Auckland,Nil,,,,,0,0,Urban,0,,,Fine,Null
1747105.5845,5922217.439,888956,,512202,0,0,0,2,0,South,2025/2026,TE ATATU ROAD,WAIPANI ROAD,,Non-Injury Crash,No,2025,0,South,0,0,0,Flat,0,,0,,0,Dark,248200,0,0,0,2,0,0,0,0,1,,0,0,Auckland Region,Nil,2-way,Sealed,0,0,0,0,50,0,On,0,0,,76,Auckland,Nil,0,0,0,0,0,0,Urban,0,0,0,Light rain,Null
1769383.4583,5881150.4273,888958,,525910,0,,0,2,,Null,2023/2024,STADIUM DRIVE,EAST STREET,,Non-Injury Crash,No,2023,,South,,0,,Flat,,,,,,Overcast,817300,0,0,0,2,,,0,,,,,,Auckland Region,Nil,2-way,Sealed,,0,0,,50,,Null,0,0,,76,Auckland,Give way,,,,,0,0,Urban,0,,,Light rain,Null
1749517.6997,5916899.6406,888961,,514801,0,,0,1,,Null,2024/2025,ROSEBANK ROAD,FREMLIN PLACE,,Serious Crash,No,2024,,West,,0,,Flat,,,,,,Bright sun,389300,0,0,1,2,,,0,,,,,,Auckland Region,Nil,2-way,Sealed,,0,1,,50,,Off,0,0,,76,Auckland,Give way,,,,,0,0,Urban,0,,,Fine,Null
1758064.9974,5980947.1666,888963,,506661,0,0,0,0,0,North,2022/2023,ASHTON ROAD,LEIGH ROAD,,Serious Crash,No,2023,0,South,0,0,0,Hill Road,0,,0,,0,Overcast,137601,2,0,1,2,0,0,0,1,0,,0,0,Auckland Region,Nil,2-way,Unsealed,0,0,1,0,40,0,None,0,0,,76,Auckland,Nil,0,0,0,1,0,0,Urban,0,0,0,Fine,Null
1771439.6728,5898957.3708,888968,,523911,0,0,0,1,0,Null,2025/2026,AIRFIELD ROAD,GUM SPEAR ROAD,,Non-Injury Crash,No,2025,0,Null,0,0,0,Flat,0,,0,,0,Dark,767004,0,0,0,2,0,0,0,0,1,,0,0,Auckland Region,Nil,2-way,Sealed,0,0,0,0,50,0,Null,0,0,,76,Auckland,Give way,0,0,0,0,0,0,Urban,1,0,0,Fine,Null
1739472.7616,5949655.3179,888971,,506614,0,0,0,1,0,South,2022/2023,HARURU ROAD,ADAMS ROAD,,Serious Crash,No,2023,1,South,0,0,0,Hill Road,0,,0,,0,Bright sun,177000,0,0,0,2,0,0,0,0,0,,0,0,Auckland Region,Nil,2-way,Sealed,0,0,1,0,80,0,Off,0,0,,76,Auckland,Nil,0,0,0,1,0,0,Open,0,0,0,Fine,Null
1760866.7343,5907153.3984,888973,,524112,0,,0,3,,South,2023/2024,SOUTH-WESTERN MOTORWAY,BADER OBR,,Non-Injury Crash,Yes,2024,,North,,0,,Hill Road,,,,,,Overcast,742102,0,0,0,2,,,0,,,,,,Auckland Region,Nil,1-way,Sealed,,0,0,,100,,Off,0,0,,76,Auckland,Nil,,,,,0,0,Open,0,,,Light rain,Null
1763841.955,5904456.6187,888976,,524604,0,,0,2,,South,2024/2025,SOUTH-WESTERN MOTORWAY,PUHINUI ROAD-SH 20B ON RAMP,,Non-Injury Crash,Yes,2025,,North,,0,,Flat,,,,,,Overcast,780902,0,0,0,2,,,0,,,,,,Auckland Region,Nil,1-way,Sealed,,0,0,,100,,Off,0,0,,76,Auckland,Nil,,,,,0,0,Open,0,,,Light rain,Strong wind
1748766.4015,5959737.13,888983,,506613,0,0,0,0,1,South,2022/2023,SH 1,MAHURANGI WEST ROAD,,Non-Injury Crash,No,2023,0,South,0,0,0,Flat,0,,0,,0,Overcast,147106,0,0,0,2,0,0,0,0,0,,0,0,Auckland Region,Nil,2-way,Sealed,0,0,0,0,80,0,None,0,0,,76,Auckland,Nil,0,0,0,0,0,0,Open,1,0,0,Mist or Fog,Null
1768815.5062,5907763.8273,888992,45,523711,0,0,0,1,0,North,2024/2025,LAIDLAW WAY,PROGRESSIVE WAY,,Non-Injury Crash,No,2024,0,South,0,0,0,Flat,0,,0,,0,Bright sun,712304,0,0,0,2,0,0,0,0,1,,0,0,Auckland Region,Nil,2-way,Sealed,0,0,0,0,50,0,Off,0,0,,76,Auckland,Nil,0,0,0,0,1,0,Urban,0,0,0,Fine,None
1759368.0822,5910698.251,888996,,524002,0,,0,1,,North,2025/2026,SOUTH-WESTERN MOTORWAY,MAHUNGA DRIVE OFF RAMP,,Minor Crash,Yes,2025,,South,,0,,Flat,,,,,,Bright sun,722400,1,0,1,4,,,0,,,,,,Auckland Region,Bridge,1-way,Sealed,,0,0,,100,,Off,0,0,,76,Auckland,Nil,,,,,0,0,Open,0,,,Fine,Null
1767813.6403,5904092.8031,888997,,524602,0,,0,2,,Null,2023/2024,GREAT SOUTH ROAD,LAKEWOOD COURT,,Minor Crash,No,2023,,South,,0,,Flat,,,,,,Bright sun,780501,1,0,0,2,,,0,,,,,,Auckland Region,Nil,1-way,Sealed,,0,0,,60,,Off,0,0,,76,Auckland,Traffic Signals,,,,,0,0,Urban,0,,,Fine,Null
1746119.2674,5925960.2632,889000,,513431,0,,0,1,,Null,2025/2026,BRIGHAM CREEK ROAD,BRIGHAM CREEK ROAD ON RAMP,,Minor Crash,No,2025,,West,,0,,Flat,,,,,,Bright sun,223802,1,0,1,2,,,0,,,,,,Auckland Region,Motorway ramp,1-way,Sealed,,0,0,,50,,Off,0,0,,76,Auckland,Give way,,,,,0,0,Urban,0,,,Fine,Null
1733521.9497,5984255.2964,889010,,506660,0,,0,2,,East,2024/2025,WELLSFORD VALLEY ROAD,TAMERLANE ROAD,,Minor Crash,No,2024,,North,,0,,Hill Road,,,,,,Bright sun,144100,2,0,0,2,,,0,,,,,,Auckland Region,Nil,2-way,Sealed,,0,0,,100,,None,0,0,,76,Auckland,Nil,,,,,0,0,Open,0,,,Fine,Null
1746308.9516,5909522.0802,889012,,512700,0,0,0,1,0,North,2024/2025,HUIA ROAD,LAINGHOLM DRIVE,,Non-Injury Crash,No,2025,0,North,0,0,0,Hill Road,1,,0,,0,Twilight,300702,0,0,0,2,0,0,0,0,0,,0,0,Auckland Region,Bridge,2-way,Sealed,0,0,0,0,50,0,Off,0,0,,76,Auckland,Nil,0,0,0,0,0,0,Urban,0,0,0,Light rain,Null
1774260.9473,5889687.3114,889014,,521301,0,,0,0,,West,2024/2025,QUARRY ROAD,HARRISON ROAD,,Minor Crash,No,2024,,South,,0,,Flat,,,,,,Bright sun,809103,1,0,0,2,,,0,,,,,,Auckland Region,Nil,2-way,Unsealed,,0,0,,80,,None,0,0,,76,Auckland,Nil,,,,,0,1,Open,0,,,Fine,Null
1750027.1644,5940637.7191,889017,,506300,0,0,0,1,0,North,2023/2024,NORTHERN MOTORWAY,BAWDEN OBR,,Non-Injury Crash,Yes,2024,1,North,0,0,0,Flat,0,,0,,0,Twilight,175906,0,0,0,2,0,0,0,0,0,,0,0,Auckland Region,Nil,1-way,Sealed,0,0,0,0,100,0,None,0,0,,76,Auckland,Nil,0,0,0,0,0,0,Open,1,0,0,Fine,Null
1756128.8083,5923882.4726,889021,,509800,0,,0,1,,South,2023/2024,NORTHERN MOTORWAY,WEIGH BRIDGE,,Non-Injury Crash,Yes,2023,,South,,0,,Flat,,,,,,Bright sun,361200,0,0,0,5,,,0,,,,,,Auckland Region,Motorway ramp,1-way,Sealed,,0,0,,80,,Off,0,0,,76,Auckland,Nil,,,,,0,0,Open,1,,,Fine,Null
1746817.7598,5918846.4214,889024,,512402,0,,0,1,,Null,2024/2025,TE ATATU ROAD,EDMONTON ROAD,,Non-Injury Crash,No,2024,,South,,0,,Flat,,,,,,Bright sun,254500,0,0,0,4,,,0,,,,,,Auckland Region,Nil,2-way,Sealed,,0,0,,50,,Off,0,0,,76,Auckland,Traffic Signals,,,,,0,0,Urban,1,,,Fine,Null
1741680.7706,5986818.3961,889026,,506660,0,0,0,1,0,Null,2024/2025,WAITEITEI ROAD,DAY ROAD,,Minor Crash,No,2024,0,North,0,0,1,Hill Road,0,,0,,0,Twilight,136302,1,0,0,2,0,0,0,0,0,,0,0,Auckland Region,Nil,2-way,Sealed,0,0,0,0,100,0,None,0,0,,76,Auckland,Give way,0,1,0,0,0,0,Open,0,0,0,Light rain,Null
1733192.1888,5947113.4432,889031,,506646,0,0,0,0,0,North,2023/2024,KAIPARA COAST HIGHWAY,NORTH CRESCENT,,Non-Injury Crash,Yes,2023,1,North,0,0,1,Flat,0,,0,,0,Dark,212503,0,0,0,2,0,0,0,0,0,,0,0,Auckland Region,Nil,2-way,Sealed,0,0,0,0,80,1,None,0,0,,76,Auckland,Nil,0,1,0,0,0,1,Open,0,0,0,Fine,Null
1752335.4038,5936556.553,889034,,506300,0,,0,0,,North,2023/2024,NORTHERN MOTORWAY,LONELY TRACK OBR,,Non-Injury Crash,Yes,2024,,North,,0,,Flat,,,,,,Dark,176101,0,0,0,2,,,0,,,,,,Auckland Region,Nil,1-way,Sealed,,0,0,,100,,None,1,0,,76,Auckland,Nil,,,,,0,0,Open,1,,,Fine,Null
1769690.3505,5906518.7321,889035,,523713,0,,0,1,,Null,2022/2023,FLAT BUSH SCHOOL ROAD,KAWA DRIVE,,Non-Injury Crash,No,2023,,East,,0,,Flat,,,,,,Dark,713100,0,0,0,2,,,0,,,,,,Auckland Region,Nil,2-way,Sealed,,0,0,,50,,On,0,0,,76,Auckland,Give way,,,,,0,1,Urban,0,,,Fine,Null
1772456.627,5893364.1657,889037,,521201,0,,0,1,,North,2023/2024,SOUTHERN MOTORWAY,SERVICE CENTRE ON SBD,,Non-Injury Crash,Yes,2023,,North,,0,,Flat,,,,,,Bright sun,806800,0,0,0,2,,,0,,,,,,Auckland Region,Nil,1-way,Sealed,,0,0,,100,,Off,1,0,,76,Auckland,Nil,,,,,0,0,Open,1,,,Fine,Null
1763330.7378,5912754.1164,889038,,520500,0,,0,3,,West,2023/2024,SOUTH-EASTERN HIGHWAY,SH1 OBR,,Non-Injury Crash,No,2024,,West,,0,,Flat,,,,,,Bright sun,637300,0,0,0,2,,,0,,,,,,Auckland Region,Underpass,1-way,Sealed,,0,0,,80,,Off,0,1,,76,Auckland,Nil,,,,,0,0,Open,0,,,Fine,Null
1757073.4461,5919916.3044,889042,,514102,0,,0,2,,Null,2022/2023,GREYS AVENUE,MAYORAL DRIVE,,Non-Injury Crash,No,2023,,South,,0,,Flat,,,,,,Overcast,435201,0,0,0,2,,,0,,,,,,Auckland Region,Nil,2-way,Sealed,,0,0,,30,,Null,0,0,,76,Auckland,Traffic Signals,,,,,0,0,Urban,0,,,Null,None
1764788.0734,5911218.5018,889044,,520500,0,0,0,0,0,North,2025/2026,SOUTHERN MOTORWAY,OTAHUHU CK BR,,Non-Injury Crash,Yes,2025,1,North,0,0,0,Hill Road,0,,0,,0,Bright sun,636200,0,0,0,3,0,0,0,0,0,,0,0,Auckland Region,Nil,1-way,Sealed,0,0,0,0,100,0,Off,0,0,,76,Auckland,Nil,0,0,0,0,1,0,Open,1,0,0,Fine,Null
1745890.0168,5919696.4664,889053,,513301,0,0,0,0,0,Null,2023/2024,UNIVERSAL DRIVE,CENTRAL PARK DRIVE,,Non-Injury Crash,No,2023,0,East,0,0,0,Flat,0,,0,,0,Dark,230401,0,0,0,2,0,1,0,0,0,,0,0,Auckland Region,Nil,2-way,Sealed,0,0,0,0,50,0,On,0,0,,76,Auckland,Traffic Signals,0,0,0,0,0,0,Urban,1,0,0,Fine,Null
1734661.3276,5944220.1142,889054,,506646,0,,0,2,,South,2023/2024,SHANKS ROAD,PEAK ROAD,,Non-Injury Crash,No,2024,,South,,0,,Hill Road,,,,,,Bright sun,211800,0,0,0,2,,,0,,,,,,Auckland Region,Nil,2-way,Sealed,,0,0,,60,,None,0,0,,76,Auckland,Nil,,,,,0,0,Urban,0,,,Fine,Null
1759611.4347,5925110.6243,889057,,508110,0,,0,2,,Null,2022/2023,LAKE ROAD,CORRELLA ROAD,,Non-Injury Crash,No,2023,,North,,0,,Flat,,,,,,Overcast,319400,0,0,0,2,,,0,,,,,,Auckland Region,Nil,2-way,Sealed,,0,0,,50,,Off,0,0,,76,Auckland,Give way,,,,,0,0,Urban,0,,,Fine,Null
1766451.7051,5906003.7872,889059,,522302,0,,0,2,,Null,2023/2024,GREAT SOUTH ROAD,REGENT STREET,,Minor Crash,No,2024,,East,,0,,Flat,,,,,,Overcast,669100,1,0,0,2,,,0,,,,,,Auckland Region,Nil,2-way,Sealed,,0,0,,50,,Off,0,0,,76,Auckland,Stop,,,,,0,0,Urban,0,,,Light rain,Null
1743706.8351,5919360.9335,889064,,513212,0,,0,1,,Null,2024/2025,UNIVERSAL DRIVE,SWANSON ROAD,,Non-Injury Crash,No,2025,,West,,0,,Flat,,,,,,Bright sun,235600,0,0,0,2,,,0,,,,,,Auckland Region,Nil,1-way,Sealed,,0,0,,50,,Off,1,0,,76,Auckland,Give way,,,,,0,0,Urban,0,,,Fine,Null
1765270.0582,5902303.315,889068,,524604,0,0,0,1,0,Null,2024/2025,ROSCOMMON ROAD,HAUTU DRIVE,,Non-Injury Crash,No,2025,0,North,0,0,0,Flat,0,,0,,0,Overcast,781200,0,0,0,2,0,0,0,0,0,,0,0,Auckland Region,Nil,2-way,Sealed,0,0,0,0,60,0,Off,0,0,,76,Auckland,Traffic Signals,0,1,0,0,0,0,Urban,0,0,0,Fine,Null
1744514.6259,5921766.8978,889069,,513530,0,0,0,1,0,South,2023/2024,NORTH-WESTERN MOTORWAY,ROYAL ROAD ON RAMP,,Non-Injury Crash,Yes,2023,0,South,0,0,0,Flat,1,,0,,0,Dark,225804,0,0,0,2,0,0,0,0,0,,0,0,Auckland Region,Nil,1-way,Sealed,0,0,0,0,100,0,On,0,0,,76,Auckland,Nil,0,0,0,0,0,0,Open,0,0,0,Fine,Null
1762193.3699,5913660.7531,889070,,520402,0,,0,1,,South,2023/2024,SOUTHERN MOTORWAY,PENROSE OBR,,Minor Crash,Yes,2024,,South,,0,,Flat,,,,,,Bright sun,642200,2,0,0,3,,,0,,,,,,Auckland Region,Nil,1-way,Sealed,,0,0,,100,,Off,1,0,,76,Auckland,Nil,,,,,0,0,Open,0,,,Fine,Null
1754699.6438,5926609.124,889072,,508610,0,0,0,1,0,North,2024/2025,EBAN AVENUE,WELLAND PLACE,,Non-Injury Crash,No,2025,0,East,0,0,0,Hill Road,0,,0,,0,Overcast,205802,0,0,0,2,0,0,0,0,0,,0,0,Auckland Region,Nil,2-way,Unsealed,0,0,0,0,50,0,Off,0,0,30,76,Auckland,Nil,0,0,0,0,0,0,Urban,0,0,0,Light rain,Null
1751473.3851,5912363.92,889076,,514700,0,,0,1,,West,2025/2026,HEAPHY STREET,BLOCKHOUSE BAY ROAD,,Minor Crash,No,2025,,West,,0,,Flat,,,,,,Overcast,368000,1,0,0,2,,,0,,,1,,,Auckland Region,Nil,2-way,Sealed,,0,0,,50,,Off,0,0,,76,Auckland,Nil,,,,,0,0,Urban,0,,,Light rain,Null
1745882.4163,5920472.6367,889078,,513301,0,,0,1,,East,2023/2024,NORTH-WESTERN MOTORWAY,LINCOLN ROAD ON RAMP,,Minor Crash,Yes,2024,,East,,0,,Flat,,,,,,Bright sun,230200,1,0,0,3,,,0,,,,,,Auckland Region,Nil,1-way,Sealed,,0,0,,100,,Off,0,0,,76,Auckland,Nil,,,,,0,0,Open,1,,,Fine,Null
1753071.0638,5924565.8633,889080,,510402,0,0,0,2,0,East,2025/2026,CHELSEA VIEW DRIVE,PORRITT AVENUE,,Minor Crash,No,2025,0,West,0,0,1,Hill Road,0,,0,,0,Dark,351800,1,0,0,2,0,0,0,0,1,,0,0,Auckland Region,Nil,2-way,Sealed,0,0,0,0,50,0,On,0,0,,76,Auckland,Nil,0,1,0,1,0,0,Urban,0,0,0,Fine,Null
1754800.6372,5924759.4248,889084,,509800,0,,0,1,,Null,2025/2026,ONEWA ROAD,VALLEY ROAD,,Minor Crash,No,2026,,East,,0,,Hill Road,,,,,,Bright sun,361400,1,0,0,4,,,0,,,1,,,Auckland Region,Nil,2-way,Sealed,,0,0,,50,,Off,0,0,,76,Auckland,Give way,,,,,0,0,Urban,0,,,Fine,Null
1742876.0361,5919508.8676,889100,,513211,0,0,0,3,0,South,2025/2026,WAITEMATA DRIVE,LUANDA DRIVE,,Minor Crash,No,2025,0,North,0,0,0,Flat,0,,0,,0,Dark,235717,1,0,0,2,0,0,0,0,1,,0,0,Auckland Region,Nil,2-way,Sealed,0,0,0,0,50,0,On,0,0,,76,Auckland,Nil,0,0,0,0,0,0,Urban,0,0,0,Fine,Null
1767347.513,5904170.1425,889101,,524604,0,,0,2,,East,2022/2023,MANUKAU STATION ROAD,OSTERLEY WAY,,Non-Injury Crash,No,2023,,West,,0,,Flat,,,,,,Bright sun,780204,0,0,0,2,,,0,,,,,,Auckland Region,Nil,1-way,Sealed,,0,0,,60,,Off,0,0,,76,Auckland,Stop,,,,,0,0,Urban,0,,,Fine,Null
1746101.5162,5913528.6657,889103,,511002,0,0,0,1,0,Null,2022/2023,ROSIER ROAD,LASQUE PLACE,,Minor Crash,No,2023,0,South,0,0,0,Flat,0,,0,,0,Overcast,283601,1,0,0,2,0,0,0,0,0,,0,0,Auckland Region,Nil,2-way,Sealed,0,0,0,0,50,0,Off,0,0,,76,Auckland,Nil,0,0,0,1,0,0,Urban,0,0,0,Fine,Null