X,Y,OBJECTID,advisorySpeed,areaUnitID,bicycle,bridge,bus,carStationWagon,cliffBank,crashDirectionDescription,crashFinancialYear,crashLocation1,crashLocation2,crashRoadSideRoad,crashSeverity,crashSHDescription,crashYear,debris,directionRoleDescription,ditch,fatalCount,fence,flatHill,guardRail,holiday,houseOrBuilding,intersection,kerb,light,meshblockId,minorInjuryCount,moped,motorcycle,NumberOfLanes,objectThrownOrDropped,otherObject,otherVehicleType,overBank,parkedVehicle,pedestrian,phoneBoxEtc,postOrPole,region,roadCharacter,roadLane,roadSurface,roadworks,schoolBus,seriousInjuryCount,slipOrFlood,speedLimit,strayAnimal,streetLight,suv,taxi,temporarySpeedLimit,tlaId,tlaName,trafficControl,trafficIsland,trafficSign,train,tree,truck,unknownVehicleType,urban,vanOrUtility,vehicle,waterRiver,weatherA,weatherB
1760277.1308,5916843.7055,889108,,516202,0,,0,1,,East,2025/2026,REMUERA ROAD,VICTORIA AVENUE,,Minor Crash,No,2025,,West,,0,,Flat,,,,,,Overcast,490500,1,0,0,4,,,0,,,1,,,Auckland Region,Nil,2-way,Sealed,,0,0,,50,,Off,0,0,,76,Auckland,Nil,,,,,0,0,Urban,0,,,Light rain,Null
1747071.759,5972181.1092,889115,,506661,0,,0,0,,North,2022/2023,SH 1,KAIPARA FLATS ROAD,,Non-Injury Crash,Yes,2023,,South,,0,,Null,,,,,,Unknown,139000,0,0,0,2,,,0,,,,,,Auckland Region,Nil,2-way,Sealed,,0,0,,80,,Null,1,0,,76,Auckland,Nil,,,,,1,0,Open,0,,,Null,Null
1741695.3947,5976046.9716,889116,35,506661,0,0,0,0,0,East,2024/2025,SAUNDERS ROAD,FALLS BR,,Minor Crash,No,2025,0,East,0,0,0,Hill Road,1,,0,,0,Overcast,139000,1,0,0,2,0,0,0,0,0,,0,0,Auckland Region,Bridge,2-way,Sealed,0,0,0,0,80,0,None,1,0,,76,Auckland,Nil,0,0,0,0,0,0,Open,0,0,0,Light rain,Null
1747178.366,5919734.9537,889122,,512300,0,0,0,1,0,West,2022/2023,TE ATATU ROAD ON RAMP,TE ATATU OBR,,Non-Injury Crash,No,2023,0,South,0,0,0,Flat,1,,0,,0,Dark,251700,0,0,0,1,0,0,0,0,0,,0,0,Auckland Region,Motorway ramp,1-way,Sealed,0,0,0,0,100,0,On,0,0,,76,Auckland,Nil,0,0,0,0,0,0,Open,0,0,0,Mist or Fog,Null
1746355.2226,5926101.8767,889123,,513431,0,,0,2,,Null,2025/2026,BRIGHAM CREEK ROAD,BRIGHAM CREEK ROAD OFF RAMP,,Non-Injury Crash,No,2025,,East,,0,,Flat,,,,,,Overcast,221802,0,0,0,2,,,0,,,,,,Auckland Region,Nil,2-way,Sealed,,0,0,,50,,Off,0,0,,76,Auckland,Give way,,,,,0,0,Urban,0,,,Fine,Null
1757318.2466,5918906.3266,889127,,514302,0,,0,2,,Null,2024/2025,GRAFTON ROAD,CARLTON GORE ROAD,,Non-Injury Crash,No,2024,,South,,0,,Flat,,,,,,Bright sun,442800,0,0,0,2,,,0,,,,,,Auckland Region,Nil,2-way,Sealed,,0,0,,50,,None,0,0,,76,Auckland,Give way,,,,,0,0,Urban,0,,,Fine,Null
1774225.8188,5893951.0453,889132,45,521301,0,0,0,1,0,East,2023/2024,OPAHEKE ROAD,WALKER ROAD,,Non-Injury Crash,No,2023,0,West,1,0,1,Flat,0,,0,,0,Overcast,808302,0,0,0,2,0,0,0,0,0,,0,0,Auckland Region,Nil,2-way,Sealed,0,0,0,0,60,0,None,0,0,,76,Auckland,Nil,0,0,0,0,0,0,Urban,0,0,0,Light rain,Null
1756791.7392,5917453.843,889133,,518102,0,0,0,3,0,South,2024/2025,ESPLANADE ROAD,BELLEVUE ROAD,,Minor Crash,No,2024,0,South,0,0,0,Flat,0,,0,,0,Dark,546800,1,0,0,2,0,0,0,0,1,,0,0,Auckland Region,Nil,2-way,Sealed,0,0,0,0,50,0,On,0,0,,76,Auckland,Nil,0,0,0,0,0,0,Urban,0,0,0,Fine,Null
1765419.3177,5913891.39,889134,45,520602,0,0,0,1,0,Null,2022/2023,CHURCH CRESCENT,LAGOON DRIVE,,Non-Injury Crash,No,2023,0,South,0,0,0,Flat,0,,0,,0,Bright sun,629600,0,0,0,4,0,0,0,0,0,,0,0,Auckland Region,Bridge,2-way,Sealed,0,0,0,0,50,0,Off,1,0,,76,Auckland,Traffic Signals,0,1,0,0,0,0,Urban,0,0,0,Fine,Strong wind
1758487.6365,5912732.8768,889135,,519810,0,0,0,2,0,South,2024/2025,QUADRANT ROAD,PARK GARDENS,,Non-Injury Crash,No,2024,0,West,0,0,0,Flat,0,,0,,0,Bright sun,597700,0,0,0,2,0,0,0,0,1,,0,0,Auckland Region,Nil,2-way,Sealed,0,0,0,0,50,0,Off,0,0,,76,Auckland,Nil,0,0,0,0,0,0,Urban,0,0,0,Fine,Null
1734373.6395,5950371.8437,889139,,506646,0,0,0,1,1,North,2024/2025,GATFIELD ROAD,KANOHI ROAD,,Non-Injury Crash,No,2024,0,North,0,0,0,Hill Road,0,Christmas New Year,0,,0,Bright sun,212403,0,0,0,2,0,0,0,0,0,,0,0,Auckland Region,Nil,2-way,Unsealed,0,0,0,0,100,0,None,0,0,,76,Auckland,Nil,0,0,0,0,0,0,Open,0,0,0,Fine,Null
1766677.3268,5904285.1727,889146,,524604,0,,0,2,,North,2023/2024,LAMBIE DRIVE,LAMBIE DRIVE OFF RAMP,,Non-Injury Crash,No,2024,,North,,0,,Flat,,,,,,Dark,780209,0,0,0,2,,,0,,,,,,Auckland Region,Nil,1-way,Sealed,,0,0,,60,,On,0,0,,76,Auckland,Nil,,,,,0,0,Urban,0,,,Fine,Null
1745403.3872,5920812.612,889150,,513301,0,,0,1,,North,2023/2024,NORTH-WESTERN MOTORWAY,LINCOLN OBR,,Non-Injury Crash,Yes,2023,,South,,0,,Hill Road,,,,,,Bright sun,230200,0,0,0,3,,,0,,,,,,Auckland Region,Nil,1-way,Sealed,,0,0,,100,,Off,0,0,,76,Auckland,Nil,,,,,0,0,Open,1,,,Fine,Null
1749362.0837,5971128.0442,889151,65,505500,0,,0,0,,East,2024/2025,SANDSPIT ROAD,WITHERS LANE,,Non-Injury Crash,No,2025,,West,,0,,Hill Road,,,,,,Overcast,139900,0,0,0,1,,,0,,,,,,Auckland Region,Nil,2-way,Sealed,,0,0,,80,,Off,1,0,,76,Auckland,Nil,,,,,0,0,Open,1,,,Fine,Null
1747418.5985,5912504.6768,889157,,511901,0,0,0,1,0,South,2024/2025,CAPTAIN SCOTT ROAD,SCOTSTOUN PLACE,,Serious Crash,No,2025,0,North,0,0,0,Hill Road,0,,0,,0,Bright sun,294402,1,0,0,2,0,0,0,0,1,,0,0,Auckland Region,Nil,2-way,Sealed,0,0,1,0,50,0,Off,0,0,,76,Auckland,Nil,0,0,0,0,0,0,Urban,1,0,0,Fine,Null
1738462.8803,5978525.4287,889169,,506660,0,0,0,1,0,South,2023/2024,WAYBY STATION ROAD,MCPHERSON WAY,,Non-Injury Crash,No,2024,0,South,0,0,0,Flat,0,,0,,0,Dark,136400,0,0,0,2,0,0,0,0,0,,0,1,Auckland Region,Nil,2-way,Unsealed,0,0,0,0,100,0,None,0,0,,76,Auckland,Nil,0,0,0,0,0,0,Open,0,0,0,Fine,Null
1763455.8543,5917644.3276,889177,,516302,0,0,0,2,0,East,2024/2025,ST JOHNS ROAD,DORCHESTER STREET,,Minor Crash,No,2024,0,East,0,0,0,Hill Road,0,,0,,0,Dark,462602,1,0,0,1,0,0,0,0,1,,0,0,Auckland Region,Nil,2-way,Sealed,0,0,0,0,50,0,On,0,1,,76,Auckland,Nil,0,0,0,0,0,0,Urban,0,0,0,Fine,Null
1774270.8737,5896548.9362,889181,,525610,0,,0,2,,East,2024/2025,SHEEHAN AVENUE,SALAS PLACE,,Serious Crash,No,2024,,East,,0,,Flat,,,,,,Overcast,798500,1,0,0,2,,,0,,,,,,Auckland Region,Nil,2-way,Sealed,,0,1,,50,,Off,0,0,,76,Auckland,Nil,,,,,0,0,Urban,0,,,Fine,Null
1758515.5993,5912644.9922,889184,,519810,0,0,0,1,0,Null,2023/2024,QUADRANT ROAD,GREY STREET,,Non-Injury Crash,No,2023,0,South,0,0,1,Flat,0,,0,,0,Dark,598300,0,0,0,2,0,0,0,0,0,,0,0,Auckland Region,Nil,2-way,Sealed,0,0,0,0,50,0,Off,0,0,30,76,Auckland,Traffic Signals,0,0,0,0,0,0,Urban,0,0,0,Light rain,Frost
1769848.3883,5899405.0695,889185,,523920,0,0,0,2,0,Null,2024/2025,MANUREWA-TAKANINI ON RAMP,GREAT SOUTH ROAD,,Minor Crash,No,2025,0,North,0,0,0,Flat,1,,0,,0,Overcast,767922,1,0,0,2,0,0,0,0,0,,0,0,Auckland Region,Motorway ramp,1-way,Sealed,0,0,0,0,50,0,Off,0,0,,76,Auckland,Traffic Signals,0,0,0,0,0,0,Urban,0,0,0,Light rain,Null
1749817.7801,5912292.7795,889188,,511402,0,,0,1,,Null,2023/2024,ASTLEY AVENUE,BLEASE STREET,,Non-Injury Crash,No,2023,,South,,0,,Flat,,,,,,Dark,261300,0,0,0,2,,,0,,,,,,Auckland Region,Nil,2-way,Sealed,,0,0,,50,,On,0,0,,76,Auckland,Nil,,,,,0,0,Urban,1,,,Light rain,Null
1756360.2589,5912405.4234,889189,,518702,0,,0,0,,Null,2024/2025,HILLSBOROUGH ROAD,BELFAST STREET,,Minor Crash,No,2024,,North,,0,,Hill Road,,,,,,Bright sun,571400,2,0,0,4,,,0,,,,,,Auckland Region,Nil,2-way,Sealed,,0,0,,50,,Off,2,0,,76,Auckland,Stop,,,,,0,0,Urban,0,,,Fine,Null
1760969.9374,5919949.2839,889191,,516400,0,0,0,1,0,Null,2023/2024,NGAPIPI ROAD,TAMAKI DRIVE,,Non-Injury Crash,No,2024,0,North,0,0,0,Flat,0,,0,,0,Overcast,496900,0,0,0,2,0,0,0,0,0,,0,0,Auckland Region,Nil,2-way,Sealed,0,0,0,0,50,0,On,0,0,,76,Auckland,Traffic Signals,1,0,0,0,0,0,Urban,0,0,0,Fine,Null
1766911.684,5907720.4337,889196,,523501,0,,0,2,,South,2022/2023,BAIRDS ROAD,THURSO LANE,,Non-Injury Crash,No,2023,,South,,0,,Flat,,,,,,Bright sun,700602,0,0,0,2,,,0,,,,,,Auckland Region,Nil,2-way,Sealed,,0,0,,50,,Off,0,0,,76,Auckland,Nil,,,,,0,0,Urban,0,,,Fine,Null
1744164.6614,5923013.3911,889207,,513511,0,0,0,1,0,Null,2024/2025,TIEKE LANE,KUAHA ROAD,,Non-Injury Crash,No,2025,0,East,0,0,0,Flat,0,,0,,0,Dark,224303,0,0,0,2,0,0,0,0,1,,0,0,Auckland Region,Nil,2-way,Sealed,0,0,0,0,50,0,Null,0,0,,76,Auckland,Nil,0,0,0,0,0,1,Urban,0,0,0,Fine,Null
1743961.0196,5923613.4869,889214,,513511,0,,0,1,,East,2023/2024,WESTGATE DRIVE,MAKI STREET,,Fatal Crash,No,2024,,North,,1,,Flat,,,,,,Bright sun,224306,0,0,0,2,,,0,,,1,,,Auckland Region,Nil,2-way,Sealed,,0,0,,50,,Off,0,0,,76,Auckland,Nil,,,,,0,0,Urban,0,,,Fine,Null
1739082.5269,5928715.5253,889217,,505602,0,,0,3,,East,2024/2025,MAIN ROAD,ACCESS ROAD,,Minor Crash,Yes,2025,,South,,0,,Flat,,,,,,Bright sun,215000,1,0,0,2,,,0,,,,,,Auckland Region,Nil,2-way,Sealed,,0,0,,50,,Off,1,0,,76,Auckland,Nil,,,,,0,0,Urban,0,,,Fine,Null
1760500.4827,5912334.2819,889218,,520000,0,,0,3,,East,2023/2024,CHURCH STREET,MALVERN ROAD,,Non-Injury Crash,No,2023,,West,,0,,Flat,,,,,,Bright sun,607500,0,0,0,2,,,0,,,,,,Auckland Region,Nil,2-way,Sealed,,0,0,,50,,Off,0,0,,76,Auckland,Nil,,,,,1,0,Urban,0,,,Fine,Null
1760079.3742,5908167.5229,889220,,524403,0,0,0,1,0,South,2022/2023,SOUTH-WESTERN MOTORWAY,HALL FTBR,,Non-Injury Crash,Yes,2023,0,South,0,0,0,Flat,1,,0,,0,Overcast,731104,0,0,0,2,0,0,0,0,0,,0,0,Auckland Region,Nil,1-way,Sealed,0,0,0,0,100,0,On,0,0,,76,Auckland,Nil,0,0,0,0,0,0,Open,0,0,0,Fine,Null
1769423.0909,5907433.5091,889223,,523712,0,,0,1,,West,2024/2025,ORMISTON ROAD,MICHAEL JONES DRIVE,,Serious Crash,No,2025,,West,,0,,Flat,,,,,,Overcast,712803,0,0,1,4,,,0,,,,,,Auckland Region,Nil,2-way,Sealed,,0,1,,60,,Off,0,0,,76,Auckland,Nil,,,,,0,0,Urban,0,,,Light rain,Null
1759105.3656,5916682.9559,889233,,516001,0,,0,2,,Null,2024/2025,MARKET ROAD,PATEY STREET,,Minor Crash,No,2024,,East,,0,,Hill Road,,Labour Weekend,,,,Bright sun,491302,1,0,0,5,,,0,,,,,,Auckland Region,Nil,2-way,Sealed,,0,0,,50,,Off,1,0,,76,Auckland,Stop,,,,,0,0,Urban,0,,,Fine,Strong wind
1757213.2722,5926966.4359,889234,35,507900,0,1,0,1,0,Null,2022/2023,TAHAROTO ROAD,FRED THOMAS DRIVE,,Serious Crash,No,2023,0,West,0,0,1,Flat,0,,0,,0,Dark,305000,0,0,0,4,0,0,0,0,0,,1,0,Auckland Region,Nil,2-way,Sealed,0,0,1,0,50,0,On,0,0,,76,Auckland,Traffic Signals,0,0,0,0,0,0,Urban,0,0,0,Heavy rain,Null
1754769.8735,5917221.3922,889235,,517701,0,0,0,0,0,West,2024/2025,KENNETH AVENUE,AROHA AVENUE,,Non-Injury Crash,No,2025,0,North,0,0,0,Null,0,,0,,0,Bright sun,535700,0,0,0,2,0,0,0,0,1,,0,0,Auckland Region,Nil,2-way,Sealed,0,0,0,0,50,0,Null,1,0,,76,Auckland,Nil,0,0,0,0,0,0,Urban,1,0,0,Fine,Null
1746001.6443,5917623.3333,889241,,510700,0,,0,3,,South,2023/2024,EDMONTON ROAD,CLAUDE BROOKES DRIVE,,Non-Injury Crash,No,2024,,South,,0,,Hill Road,,,,,,Dark,240000,0,0,0,2,,,0,,,,,,Auckland Region,Nil,2-way,Sealed,,0,0,,50,,On,0,0,,76,Auckland,Nil,,,,,0,0,Urban,0,,,Light rain,Null
1772379.837,5896276.1583,889242,,525410,0,0,0,0,0,South,2023/2024,ELLIOT STREET,WOOD STREET,,Non-Injury Crash,No,2023,0,North,0,0,0,Flat,0,,0,,0,Dark,791802,0,0,0,2,0,0,0,0,0,,0,1,Auckland Region,Nil,2-way,Sealed,0,0,0,0,50,0,On,0,0,,76,Auckland,Nil,0,0,0,0,1,0,Urban,0,0,0,Fine,Null
1758206.5351,5913427.979,889248,,518600,0,,0,0,,Null,2023/2024,MOUNT ALBERT ROAD,MANUKAU ROAD,,Minor Crash,No,2023,,East,,0,,Flat,,,,,,Bright sun,567300,1,0,0,2,,,0,,,,,,Auckland Region,Nil,1-way,Sealed,,0,0,,50,,Null,1,0,,76,Auckland,Give way,,,,,0,0,Urban,0,,,Fine,Null
1760213.8116,5915877.2057,889252,,516003,0,,0,1,,South,2023/2024,SOUTHERN MOTORWAY,GREENLANE INT S,,Non-Injury Crash,Yes,2024,,North,,0,,Flat,,Easter,,,,Bright sun,494902,0,0,0,3,,,0,,,,,,Auckland Region,Underpass,1-way,Sealed,,0,0,,100,,Off,1,0,,76,Auckland,Nil,,,,,0,0,Open,0,,,Fine,Null
1782545.6546,5925476.3398,889253,,520801,0,0,0,1,0,East,2023/2024,OSTEND ROAD,LADD ROAD,,Non-Injury Crash,No,2024,0,North,0,0,2,Hill Road,0,,0,,0,Dark,515305,0,0,0,2,0,0,0,0,1,,0,0,Auckland Region,Nil,2-way,Sealed,0,0,0,0,30,0,On,1,0,,76,Auckland,Nil,0,0,0,1,0,0,Urban,0,0,0,Fine,Null
1759521.2564,5916589.2998,889255,,516001,0,0,0,3,0,North,2024/2025,OMAHU ROAD,LILLINGTON ROAD,,Minor Crash,No,2025,0,South,0,0,0,Flat,0,,0,,0,Dark,491700,1,0,0,2,0,0,0,0,1,,0,0,Auckland Region,Nil,2-way,Sealed,0,0,0,0,50,0,On,0,0,,76,Auckland,Nil,0,0,0,0,0,0,Urban,0,0,0,Fine,Strong wind
1740999.4978,5985719.6257,889260,35,506660,0,,0,1,,South,2023/2024,WAITEITEI ROAD,TAYLOR ROAD,,Non-Injury Crash,No,2024,,North,,0,,Hill Road,,,,,,Bright sun,136301,0,0,0,2,,,0,,,,,,Auckland Region,Nil,2-way,Sealed,,0,0,,100,,Off,0,0,,76,Auckland,Nil,,,,,0,0,Open,1,,,Fine,Null
1763524.6392,5904800.4927,889262,,524303,0,,0,0,,North,2023/2024,SOUTH-WESTERN MOTORWAY,PUHINUI ROAD-SH 20B OFF RAMP,,Minor Crash,Yes,2023,,South,,0,,Hill Road,,,,,,Bright sun,780901,1,0,0,2,,,0,,,,,,Auckland Region,Motorway ramp,1-way,Sealed,,0,0,,100,,Off,0,0,80,76,Auckland,Nil,,,,,2,0,Open,1,,,Fine,Null
1771469.1457,5915274.4424,889271,,521601,0,,0,0,,Null,2024/2025,BLEAKHOUSE ROAD,RIDGE ROAD,,Minor Crash,No,2025,,South,,0,,Flat,,,,,,Bright sun,646000,1,0,0,2,,,0,,,1,,,Auckland Region,Nil,2-way,Sealed,,0,0,,50,,Off,1,0,,76,Auckland,Traffic Signals,,,,,0,0,Urban,0,,,Fine,Null
1748755.4567,5970121.2473,889273,,505500,0,,0,0,,Null,2024/2025,WHITAKER ROAD,Auckland Road,,Non-Injury Crash,No,2024,,South,,0,,Flat,,,,,,Overcast,141102,0,0,0,1,,,0,,,,,,Auckland Region,Nil,1-way,Sealed,,0,0,,50,,Off,1,0,,76,Auckland,Give way,,,,,0,0,Urban,1,,,Light rain,Null
1756595.7402,5912823.7329,889274,,518701,0,,0,0,,West,2023/2024,SOUTH-WESTERN MOTORWAY,OLD SH20 INTER,,Minor Crash,Yes,2024,,East,,0,,Hill Road,,,,,,Bright sun,569000,1,0,0,3,,,0,,,,,,Auckland Region,Underpass,1-way,Sealed,,0,0,,100,,Off,0,0,,76,Auckland,Nil,,,,,1,0,Open,1,,,Fine,Null
1755302.806,5921720.832,889278,,515202,0,0,0,2,0,North,2022/2023,NORTHERN MOTORWAY,SHELLY BEACH OBR,,Non-Injury Crash,Yes,2023,0,South,0,0,0,Flat,1,,0,,0,Dark,423600,0,0,0,4,0,0,1,0,0,,0,0,Auckland Region,Nil,1-way,Sealed,0,0,0,0,80,0,On,0,0,,76,Auckland,Nil,0,0,0,0,0,0,Open,0,0,0,Fine,Null
1745273.8753,5919476.0692,889279,,513301,0,,0,1,,North,2024/2025,LINCOLN ROAD,POINSETTIA PLACE,,Non-Injury Crash,No,2024,,North,,0,,Null,,,,,,Bright sun,232001,0,0,0,4,,,0,,,,,,Auckland Region,Nil,2-way,Sealed,,0,0,,50,,Null,0,0,,76,Auckland,Nil,,,,,0,0,Urban,1,,,Fine,Null
1753384.154,5914764.8889,889280,,518801,0,0,1,0,0,East,2022/2023,STODDARD ROAD,RICHARDSON ROAD,,Non-Injury Crash,No,2023,0,South,0,0,1,Flat,0,,0,,0,Dark,578400,0,0,0,2,0,0,0,0,0,,0,0,Auckland Region,Nil,2-way,Sealed,0,0,0,0,50,0,On,0,0,,76,Auckland,Nil,0,0,0,0,0,0,Urban,0,0,0,Fine,Null
1764445.4124,5904993.8417,889285,,522100,0,,0,2,,Null,2023/2024,WYLLIE ROAD,PAH ROAD,,Non-Injury Crash,No,2024,,North,,0,,Hill Road,,,,,,Dark,659200,0,0,0,2,,,0,,,,,,Auckland Region,Nil,2-way,Sealed,,0,0,,50,,On,0,0,,76,Auckland,Give way,,,,,0,0,Urban,0,,,Fine,None
1753328.8003,5970319.5175,889288,,506631,0,0,0,1,0,West,2022/2023,MAHURANGI EAST ROAD,SONGBIRD CLOSE,,Non-Injury Crash,No,2023,0,South,0,0,1,Hill Road,0,,0,,0,Bright sun,139501,0,0,0,2,0,0,0,0,0,,0,1,Auckland Region,Nil,2-way,Sealed,0,0,0,0,80,0,None,0,0,,76,Auckland,Nil,0,0,0,0,0,0,Open,0,0,0,Fine,Null
1752888.8972,5915431.6492,889292,,517902,0,,0,2,,Null,2023/2024,RICHARDSON ROAD,OWAIRAKA AVENUE,,Non-Injury Crash,No,2023,,South,,0,,Hill Road,,,,,,Bright sun,519200,0,0,0,2,,,0,,,,,,Auckland Region,Nil,2-way,Sealed,,0,0,,50,,Off,0,0,,76,Auckland,Give way,,,,,0,0,Urban,0,,,Fine,Null
1766028.8472,5899194.7279,889296,,524812,0,,0,1,,South,2023/2024,WEYMOUTH ROAD,KAIMOANA STREET,,Non-Injury Crash,No,2023,,South,,0,,Flat,,,,,,Overcast,774003,0,0,0,2,,,0,,,,,,Auckland Region,Nil,2-way,Sealed,,0,0,,50,,Off,0,0,30,76,Auckland,Nil,,,,,0,0,Urban,1,,,Light rain,Strong wind
1768074.3936,5899307.0754,889298,,525102,0,,0,0,,Null,2023/2024,MAHIA ROAD,FRIEDLANDERS ROAD,,Serious Crash,No,2023,,East,,0,,Flat,,,,,,Bright sun,769200,0,0,0,2,,,0,,,1,,,Auckland Region,Nil,2-way,Sealed,,0,1,,50,,Off,0,0,,76,Auckland,Give way,,,,,1,0,Urban,0,,,Fine,Null
1773930.5875,5897791.8665,889302,,523912,0,,0,2,,Null,2022/2023,COSGRAVE ROAD,BELLBIRD STREET,,Non-Injury Crash,No,2023,,South,,0,,Flat,,,,,,Overcast,765500,0,0,0,2,,,0,,,,,,Auckland Region,Nil,2-way,Sealed,,0,0,,50,,Off,0,0,,76,Auckland,Give way,,,,,0,0,Urban,0,,,Fine,Null
1751105.7844,5912098.8668,889314,,514700,0,0,0,2,0,South,2022/2023,ENDEAVOUR STREET,KINROSS STREET,,Non-Injury Crash,No,2023,0,North,0,0,0,Flat,0,,0,,0,Bright sun,368100,0,0,0,2,0,0,0,0,1,,0,0,Auckland Region,Nil,2-way,Sealed,0,0,0,0,50,0,Off,0,0,,76,Auckland,Nil,0,0,0,0,0,0,Urban,0,0,0,Light rain,Null
1756051.4827,5923713.8705,889323,,509800,0,0,0,1,0,North,2024/2025,NORTHERN MOTORWAY,STAFFORD ROAD OFF RAMP,,Non-Injury Crash,Yes,2024,0,North,0,0,0,Flat,1,,0,,0,Dark,358800,0,0,0,3,0,0,0,0,0,,0,0,Auckland Region,Nil,1-way,Sealed,0,0,0,0,80,0,On,0,0,,76,Auckland,Nil,0,0,0,0,0,0,Open,0,0,0,Fine,Null
1745999.3935,5947645.1593,889324,,506614,0,,0,0,,Null,2023/2024,WAINUI ROAD,CEMETERY ROAD,,Minor Crash,No,2023,,East,,0,,Flat,,,,,,Overcast,177403,2,0,0,2,,,0,,,,,,Auckland Region,Nil,2-way,Sealed,,0,0,,100,,Off,0,0,,76,Auckland,Stop,,,,,2,0,Open,0,,,Fine,Null
1744425.3168,5922161.2725,889325,,513512,0,0,0,1,0,North,2025/2026,ROYAL ROAD OFF RAMP,NORTH-WESTERN MOTORWAY,,Non-Injury Crash,No,2026,0,North,0,0,0,Hill Road,1,,0,,0,Dark,225702,0,0,0,1,0,0,0,0,0,,0,0,Auckland Region,Motorway ramp,1-way,Sealed,0,0,0,0,100,0,On,0,0,,76,Auckland,Nil,0,0,0,0,0,0,Open,0,0,0,Fine,Null
1755345.6926,5931866.7571,889333,,507400,0,,0,2,,Null,2022/2023,EAST COAST ROAD,SUNSET ROAD,,Non-Injury Crash,No,2023,,South,,0,,Flat,,,,,,Twilight,151201,0,0,0,1,,,0,,,,,,Auckland Region,Nil,1-way,Sealed,,0,0,,50,,Off,0,0,,76,Auckland,Give way,,,,,0,0,Urban,0,,,Light rain,Null
1751616.6143,5973753.0847,889338,,506661,0,,0,2,,East,2025/2026,MATAKANA ROAD,ANDERSON ROAD,,Minor Crash,No,2026,,East,,0,,Flat,,,,,,Overcast,139301,1,0,0,2,,,0,,,,,,Auckland Region,Nil,2-way,Sealed,,0,0,,80,,None,0,0,,76,Auckland,Nil,,,,,0,0,Open,0,,,Heavy rain,Null
1769006.0998,5913725.9673,889340,,522723,0,0,0,2,0,South,2025/2026,CASCADES ROAD,WALWORTH AVENUE,,Non-Injury Crash,No,2026,0,South,0,0,0,Flat,0,,0,,0,Overcast,682301,0,0,0,2,0,0,0,0,1,,0,0,Auckland Region,Nil,2-way,Sealed,0,0,0,0,50,0,Off,0,0,,76,Auckland,Nil,0,0,0,0,0,0,Urban,0,0,0,Fine,Null
1754255.9772,5931446.6776,889341,,508805,0,,0,0,,West,2023/2024,CONSTELLATION DRIVE,HOME PLACE,,Minor Crash,No,2024,,East,,0,,Flat,,,,,,Overcast,180813,1,0,0,3,,,0,,,,,,Auckland Region,Nil,1-way,Sealed,,0,0,,50,,Off,2,0,,76,Auckland,Nil,,,,,0,0,Urban,0,,,Fine,Null
1746920.1349,5918994.5159,889344,45,512402,0,,0,2,,South,2022/2023,TE ATATU ROAD,VERA ROAD,,Non-Injury Crash,No,2023,,South,,0,,Flat,,,,,,Overcast,254500,0,0,0,4,,,0,,,,,,Auckland Region,Nil,2-way,Sealed,,0,0,,50,,On,0,0,,76,Auckland,Traffic Signals,,,,,0,0,Urban,0,,,Light rain,None
1755436.6137,5928863.3185,889353,,508320,0,,0,1,,South,2025/2026,WAIRAU ROAD,TRISTRAM AVENUE,,Non-Injury Crash,No,2025,,North,,0,,Null,,,,,,Bright sun,198600,0,0,0,4,,,0,,,,,,Auckland Region,Nil,2-way,Sealed,,0,0,,50,,Null,1,0,,76,Auckland,Nil,,,,,0,0,Urban,0,,,Fine,Null
1743743.5962,5923913.6642,889355,,513410,0,,0,2,,Null,2024/2025,FRED TAYLOR DRIVE,MAKI STREET,,Non-Injury Crash,No,2025,,East,,0,,Flat,,,,,,Overcast,224000,0,0,0,3,,,0,,,,,,Auckland Region,Nil,1-way,Sealed,,0,0,,50,,None,0,0,,76,Auckland,Traffic Signals,,,,,0,0,Urban,0,,,Fine,Null
1745931.3221,5918712.7081,889357,,512500,0,,0,1,,Null,2025/2026,CENTRAL PARK DRIVE,SCHOOL ROAD,,Non-Injury Crash,No,2026,,North,,0,,Flat,,,,,,Bright sun,257004,0,0,1,3,,,0,,,,,,Auckland Region,Nil,2-way,Sealed,,0,0,,50,,Off,0,0,,76,Auckland,Traffic Signals,,,,,0,0,Urban,0,,,Fine,Null
1769036.3484,5911516.4001,889359,,523112,0,,0,2,,Null,2025/2026,HARRIS ROAD,TI RAKAU DRIVE,,Non-Injury Crash,No,2025,,North,,0,,Flat,,,,,,Twilight,711404,0,0,0,6,,,0,,,,,,Auckland Region,Nil,2-way,Sealed,,0,0,,60,,On,0,0,,76,Auckland,Traffic Signals,,,,,0,0,Urban,0,,,Light rain,Null
1736849.6146,5982406.2405,889361,,505300,0,0,0,2,0,South,2025/2026,RODNEY STREET,EL HAMA ROAD,,Non-Injury Crash,Yes,2026,0,South,0,0,0,Flat,0,,0,,0,Bright sun,142900,0,0,0,2,0,0,0,0,1,,0,0,Auckland Region,Nil,2-way,Sealed,0,0,0,0,50,0,Off,0,0,,76,Auckland,Nil,0,0,0,0,0,0,Urban,0,0,0,Fine,Null