X,Y,OBJECTID,advisorySpeed,areaUnitID,bicycle,bridge,bus,carStationWagon,cliffBank,crashDirectionDescription,crashFinancialYear,crashLocation1,crashLocation2,crashRoadSideRoad,crashSeverity,crashSHDescription,crashYear,debris,directionRoleDescription,ditch,fatalCount,fence,flatHill,guardRail,holiday,houseOrBuilding,intersection,kerb,light,meshblockId,minorInjuryCount,moped,motorcycle,NumberOfLanes,objectThrownOrDropped,otherObject,otherVehicleType,overBank,parkedVehicle,pedestrian,phoneBoxEtc,postOrPole,region,roadCharacter,roadLane,roadSurface,roadworks,schoolBus,seriousInjuryCount,slipOrFlood,speedLimit,strayAnimal,streetLight,suv,taxi,temporarySpeedLimit,tlaId,tlaName,trafficControl,trafficIsland,trafficSign,train,tree,truck,unknownVehicleType,urban,vanOrUtility,vehicle,waterRiver,weatherA,weatherB
1769894.988,5900919.9918,889364,,524902,0,,0,3,,South,2023/2024,SOUTHERN MOTORWAY,ALFRISTON OBR,,Non-Injury Crash,Yes,2023,,North,,0,,Flat,,,,,,Bright sun,757700,0,0,0,3,,,0,,,,,,Auckland Region,Nil,1-way,Sealed,,0,0,,100,,Off,1,0,,76,Auckland,Nil,,,,,0,0,Open,1,,,Fine,Null
1761046.8576,5914393.6863,889372,,520202,0,,0,0,,West,2022/2023,GREAT SOUTH ROAD,ELLERSLIE-PANMURE HIGHWAY,,Non-Injury Crash,No,2023,,East,,0,,Flat,,,,,,Overcast,612200,0,1,0,2,,,0,,,,,,Auckland Region,Nil,1-way,Sealed,,0,0,,50,,Off,1,0,,76,Auckland,Nil,,,,,0,0,Urban,0,,,Light rain,Null
1773800.6996,5896877.0314,889376,,525620,0,0,0,2,0,South,2022/2023,CAMERON STREET,CLEVEDON ROAD,,Non-Injury Crash,No,2023,0,East,0,0,0,Flat,0,Christmas New Year,0,,0,Overcast,797100,0,0,0,2,0,0,0,0,1,,0,0,Auckland Region,Nil,2-way,Sealed,0,0,0,0,50,0,Off,0,0,,76,Auckland,Nil,0,0,0,0,0,0,Urban,0,0,0,Fine,Null
1767142.9236,5899404.7095,889381,,524812,0,0,0,1,0,West,2025/2026,ASHMERE LANE,SYKES ROAD,,Minor Crash,No,2025,0,East,0,0,0,Flat,0,,0,,0,Dark,774213,1,0,0,2,0,0,0,0,0,,0,0,Auckland Region,Nil,2-way,Sealed,0,0,0,0,50,0,On,0,0,40,76,Auckland,Nil,0,0,0,1,0,0,Urban,0,0,0,Fine,Null
1750924.8852,5915547.1578,889383,,514802,0,,0,2,,East,2024/2025,ROSEBANK ROAD,ASH STREET,,Non-Injury Crash,No,2024,,East,,0,,Flat,,,,,,Twilight,387002,0,0,0,2,,,0,,,,,,Auckland Region,Nil,2-way,Sealed,,0,0,,50,,Null,0,0,,76,Auckland,Nil,,,,,0,0,Urban,0,,,Fine,Null
1770663.2846,5898619.2966,889386,,523920,0,,1,0,,Null,2023/2024,GREAT SOUTH ROAD,TAKA STREET,,Non-Injury Crash,No,2024,,South,,0,,Flat,,,,,,Bright sun,768008,0,0,0,2,,,0,,,,,,Auckland Region,Nil,2-way,Sealed,,0,0,,50,,Off,0,0,,76,Auckland,Traffic Signals,,,,,1,0,Urban,0,,,Fine,Null
1754700.7897,5930669.9895,889397,,508520,0,,0,3,,South,2024/2025,NORTHERN MOTORWAY,UPPER HARBOUR HWY ON RAMP,,Non-Injury Crash,Yes,2025,,South,,0,,Hill Road,,,,,,Dark,191104,0,0,0,2,,,0,,,,,,Auckland Region,Nil,1-way,Sealed,,0,0,,100,,On,0,0,,76,Auckland,Nil,,,,,0,0,Open,0,,,Fine,Null
1769443.8415,5901876.9374,889408,,524901,0,0,0,0,0,Null,2022/2023,GRANDE VUE ROAD,GRANDE VUE ROAD,,Minor Crash,No,2023,0,North,0,0,0,Hill Road,0,Easter,0,,1,Bright sun,755600,1,0,1,2,0,0,0,0,0,,0,0,Auckland Region,Nil,2-way,Sealed,0,0,0,0,50,0,Off,0,0,,76,Auckland,Give way,0,1,0,0,0,0,Urban,0,0,0,Fine,Null
1768511.6172,5901316.7101,889412,,525001,0,0,0,1,0,North,2023/2024,GREAT SOUTH ROAD,PENNY LANE,,Serious Crash,No,2023,0,South,0,0,1,Flat,0,,0,,0,Dark,751500,0,0,0,2,0,0,0,0,0,,0,0,Auckland Region,Nil,2-way,Sealed,0,0,1,0,50,0,On,0,0,,76,Auckland,Nil,0,0,0,1,0,0,Urban,0,0,0,Fine,Null
1772782.7662,5896511.1168,889415,,525420,0,0,0,2,0,North,2024/2025,O'SHANNESSEY STREET,BROADWAY,,Minor Crash,No,2024,0,South,0,0,0,Hill Road,0,,0,,0,Dark,792800,1,0,0,2,0,0,0,0,1,,0,0,Auckland Region,Nil,2-way,Sealed,0,0,0,0,50,0,On,0,0,,76,Auckland,Nil,0,0,0,0,0,0,Urban,0,0,0,Fine,Null
1755617.6159,5924599.391,889419,,509800,0,,0,0,,Null,2024/2025,QUEEN STREET,QUEEN STREET,,Serious Crash,No,2025,,North,,0,,Flat,,,,,,Bright sun,360400,0,0,0,3,,,0,,,1,,,Auckland Region,Nil,2-way,Sealed,,0,1,,50,,Off,1,0,,76,Auckland,Nil,,,,,0,0,Urban,0,,,Fine,Null
1750901.197,5912748.2402,889422,,514700,0,,0,1,,East,2022/2023,BOLTON STREET,KAY DRIVE,,Non-Injury Crash,No,2023,,East,,0,,Hill Road,,,,,,Bright sun,369600,0,0,0,2,,,0,,,1,,,Auckland Region,Nil,2-way,Sealed,,0,0,,50,,Off,0,0,30,76,Auckland,Nil,,,,,0,0,Urban,0,,,Fine,Null
1769571.431,5908395.5167,889423,45,523113,0,,0,2,,South,2024/2025,TE IRIRANGI DRIVE,ACCENT DRIVE,,Non-Injury Crash,No,2025,,North,,0,,Flat,,,,,,Bright sun,711901,0,0,0,2,,,0,,,,,,Auckland Region,Nil,2-way,Sealed,,0,0,,60,,Off,0,0,,76,Auckland,Nil,,,,,0,0,Urban,0,,,Fine,None
1771408.9367,5895536.0716,889427,,525540,0,,0,2,,South,2025/2026,PAPAKURA OFF RAMP,SOUTHERN MOTORWAY,,Non-Injury Crash,No,2025,,South,,0,,Flat,,,,,,Overcast,806402,0,0,0,1,,,0,,,,,,Auckland Region,Motorway ramp,1-way,Sealed,,0,0,,100,,Off,0,0,,76,Auckland,Nil,,,,,0,0,Open,0,,,Fine,Null
1768239.7066,5904513.922,889429,,523722,0,0,0,3,0,East,2024/2025,SIKKIM CRESCENT,JUVENA PLACE,,Non-Injury Crash,No,2025,0,West,0,0,0,Hill Road,0,,0,,0,Dark,715805,0,0,0,2,0,0,0,0,1,,0,0,Auckland Region,Nil,2-way,Sealed,0,0,0,0,50,0,On,0,0,,76,Auckland,Nil,0,0,0,0,0,0,Urban,0,0,0,Fine,Null
1764475.8867,5903918.3967,889433,,524604,0,,0,2,,West,2024/2025,SOUTH-WESTERN MOTORWAY,PUHINUI ROAD-SH 20B ON RAMP,,Non-Injury Crash,Yes,2025,,East,,0,,Flat,,,,,,Bright sun,781100,0,0,0,2,,,0,,,,,,Auckland Region,Motorway ramp,1-way,Sealed,,0,0,,100,,Off,0,0,,76,Auckland,Nil,,,,,0,0,Open,0,,,Fine,Null
1768292.3112,5905796.6229,889434,,523721,0,,0,0,,East,2023/2024,ISRAEL AVENUE,VETORI PLACE,,Serious Crash,No,2023,,West,,0,,Flat,,,,,,Dark,715505,0,0,1,2,,,0,,,,,,Auckland Region,Nil,2-way,Sealed,,0,1,,50,,On,0,0,,76,Auckland,Nil,,,,,0,0,Urban,0,,,Fine,Null
1769332.752,5901160.1297,889447,,524901,0,,0,1,,South,2025/2026,CLAUDE ROAD,HALVER ROAD,,Non-Injury Crash,No,2025,,South,,0,,Null,,,,,,Unknown,757500,0,0,0,2,,,0,,,,,,Auckland Region,Nil,2-way,Sealed,,0,0,,50,,Null,0,0,,76,Auckland,Nil,,,,,0,1,Urban,0,,,Light rain,Null
1769804.662,5913579.6685,889451,,522722,0,0,0,0,0,South,2025/2026,AVIEMORE DRIVE,LEWISHAM STREET,,Non-Injury Crash,No,2026,0,North,0,0,0,Flat,0,,0,,0,Overcast,681336,0,0,0,2,0,0,0,0,1,,0,0,Auckland Region,Nil,2-way,Sealed,0,0,0,0,50,0,On,1,0,,76,Auckland,Nil,0,0,0,0,0,0,Urban,1,0,0,Fine,Strong wind
1739580.2658,5929046.4921,889452,,505602,0,,0,1,,Null,2022/2023,RIVERHEAD ROAD,KORAHA ROAD,,Minor Crash,No,2023,,North,,0,,Flat,,,,,,Dark,214103,1,0,0,2,,,0,,,,,,Auckland Region,Nil,2-way,Sealed,,0,0,,50,,On,0,0,,76,Auckland,Give way,,,,,0,0,Urban,0,,,Fine,Null
1746998.244,5913871.9585,889454,,511100,0,,0,0,,West,2023/2024,WEST COAST ROAD,GLENDALE ROAD,,Minor Crash,No,2024,,West,,0,,Flat,,,,,,Dark,286100,1,1,0,4,,,0,,,,,,Auckland Region,Nil,2-way,Sealed,,0,0,,50,,On,0,0,,76,Auckland,Nil,,,,,0,0,Urban,0,,,Fine,Null
1755419.7933,5918262.1126,889457,,515500,0,0,0,1,0,West,2024/2025,NORTH-WESTERN MOTORWAY,BOND OBR,,Non-Injury Crash,Yes,2024,0,East,0,0,0,Flat,2,,0,,0,Overcast,418800,0,0,0,4,0,0,0,0,0,,0,0,Auckland Region,Nil,1-way,Sealed,0,0,0,0,80,0,Off,0,0,,76,Auckland,Nil,0,0,0,0,0,0,Open,0,0,0,Fine,Null
1754642.0987,5913686.5718,889460,,518803,0,0,0,1,0,North,2022/2023,SOUTH-WESTERN MOTORWAY,DOMINION ROAD ON RAMP,,Minor Crash,Yes,2023,0,North,0,0,0,Flat,1,,0,,0,Bright sun,581700,1,0,0,3,0,0,0,0,0,,0,0,Auckland Region,Nil,1-way,Sealed,0,0,0,0,100,0,Off,0,0,,76,Auckland,Nil,0,0,0,0,0,0,Open,0,0,0,Fine,Null
1755132.8378,5921665.0069,889466,,515202,0,0,0,1,0,North,2022/2023,CURRAN STREET ON RAMP,CURRAN STREET,,Non-Injury Crash,No,2023,0,South,0,0,0,Flat,1,,0,,0,Overcast,423600,0,0,0,2,0,0,0,0,0,,0,0,Auckland Region,Motorway ramp,1-way,Sealed,0,0,0,0,50,0,On,0,0,,76,Auckland,Nil,0,0,0,0,0,0,Urban,0,0,0,Fine,Null
1751869.1091,5955335.8543,889467,,506613,0,0,0,1,0,West,2025/2026,HIBISCUS COAST HIGHWAY,SCHISCHKA ROAD,,Serious Crash,No,2025,0,North,0,0,1,Hill Road,0,,0,,0,Overcast,147000,0,0,0,2,0,0,0,0,0,,0,0,Auckland Region,Nil,2-way,Sealed,0,0,1,0,80,0,Off,0,0,,76,Auckland,Nil,0,0,0,0,0,0,Open,0,0,0,Light rain,Strong wind
1756130.0466,5928094.3136,889469,,507900,0,0,0,1,0,Null,2024/2025,WAIRAU ROAD,FORREST HILL ROAD,,Non-Injury Crash,No,2024,0,North,0,0,0,Flat,1,,0,,0,Dark,305202,0,0,0,1,0,0,0,0,0,,0,0,Auckland Region,Nil,1-way,Sealed,0,0,0,0,50,0,On,0,0,,76,Auckland,Traffic Signals,0,0,0,0,0,0,Urban,0,0,0,Light rain,Null
1759935.0226,5908774.5444,889477,,524403,0,,0,1,,Null,2024/2025,WALMSLEY ROAD,WATERVIEW ROAD,,Non-Injury Crash,No,2024,,East,,0,,Flat,,,,,,Bright sun,729800,0,0,0,2,,,0,,,,,,Auckland Region,Nil,2-way,Sealed,,0,0,,50,,Off,0,0,,76,Auckland,Give way,,,,,1,0,Urban,0,,,Fine,Null
1750660.5038,5912803.3895,889478,,511402,0,0,0,1,0,Null,2023/2024,PORTAGE ROAD,BOLTON STREET,,Non-Injury Crash,No,2023,0,South,0,0,1,Flat,0,,0,,0,Dark,260500,0,0,0,2,0,0,0,0,0,,0,1,Auckland Region,Nil,2-way,Sealed,0,0,0,0,50,0,On,0,0,,76,Auckland,Give way,0,0,0,0,0,0,Urban,0,0,0,Heavy rain,Null
1744375.0739,5925019.122,889481,,513410,0,,0,1,,West,2024/2025,UPPER HARBOUR MOTORWAY,TRIG OBR,,Non-Injury Crash,Yes,2025,,East,,0,,Flat,,,,,,Bright sun,223901,0,0,0,2,,,0,,,,,,Auckland Region,Nil,1-way,Sealed,,0,0,,100,,On,0,0,,76,Auckland,Nil,,,,,1,0,Open,0,,,Mist or Fog,Null
1746917.0126,5910481.7066,889487,,512000,0,0,0,2,0,South,2025/2026,SCENIC DRIVE,TITIRANGI ROAD,,Non-Injury Crash,No,2026,0,East,0,0,0,Flat,0,Christmas New Year,0,,1,Overcast,296900,0,0,0,2,0,0,0,0,0,,0,0,Auckland Region,Nil,2-way,Sealed,0,0,0,0,50,0,None,0,0,,76,Auckland,Nil,0,0,0,0,0,0,Urban,0,0,0,Fine,Null
1763787.3426,5908934.8504,889488,,521901,0,,0,1,,Null,2022/2023,AWA STREET,KURANUI PLACE,,Minor Crash,No,2023,,North,,0,,Flat,,,,,,Bright sun,785000,1,0,0,2,,,0,,,1,,,Auckland Region,Nil,2-way,Sealed,,0,0,,50,,Off,0,0,,76,Auckland,Stop,,,,,0,0,Urban,0,,,Fine,Null
1766091.5623,5915969.6764,889497,,517100,0,0,0,1,0,Null,2024/2025,ERIMA AVENUE,TRIPOLI ROAD,,Non-Injury Crash,No,2025,0,South,0,0,0,Flat,0,,0,,0,Bright sun,478800,0,0,0,2,0,0,0,0,0,,0,0,Auckland Region,Nil,2-way,Sealed,0,0,0,0,50,0,Off,0,0,,76,Auckland,Give way,0,1,0,0,0,0,Urban,1,0,0,Fine,Null
1754416.7422,5945869.5197,889500,,505907,0,0,0,1,0,Null,2023/2024,VIPOND ROAD,D'OYLY DRIVE,,Non-Injury Crash,No,2023,0,North,0,0,1,Flat,0,,1,,0,Dark,173408,0,0,0,2,0,1,0,0,0,,0,0,Auckland Region,Nil,2-way,Sealed,0,0,0,0,50,0,On,0,0,,76,Auckland,Stop,0,0,0,0,0,0,Urban,0,0,0,Light rain,Null
1764214.8063,5917449.331,889510,,516302,0,0,0,0,0,Null,2023/2024,COLLEGE ROAD,ST JOHNS ROAD,,Non-Injury Crash,No,2023,0,North,0,0,1,Flat,0,,0,,0,Dark,462700,0,0,0,2,0,0,0,0,0,,0,0,Auckland Region,Nil,2-way,Sealed,0,0,0,0,50,0,On,1,0,,76,Auckland,Give way,0,0,0,0,0,0,Urban,0,0,0,Fine,Null
1768367.2573,5902500.336,889514,,524901,0,0,0,2,0,East,2023/2024,ORAMS ROAD,GREAT SOUTH ROAD,,Non-Injury Crash,No,2023,0,East,0,0,0,Flat,0,,0,,0,Dark,754300,0,0,0,2,0,0,0,0,1,,0,0,Auckland Region,Nil,2-way,Sealed,0,0,0,0,50,0,On,0,0,,76,Auckland,Nil,0,0,0,0,0,0,Urban,0,0,0,Fine,Null
1756245.7312,5913754.4229,889517,,518701,0,0,1,1,0,West,2024/2025,MOUNT ALBERT ROAD,DORNWELL ROAD,,Non-Injury Crash,No,2025,0,West,0,0,0,Flat,0,,0,,0,Dark,569200,0,0,0,2,0,0,0,0,1,,0,0,Auckland Region,Nil,2-way,Sealed,0,0,0,0,50,0,Null,0,0,,76,Auckland,Nil,0,0,0,0,0,0,Urban,0,0,0,Fine,Null
1773895.3749,5896533.7319,889519,,525620,0,0,0,1,0,Null,2024/2025,WILLIS ROAD,SCOTT ROAD,,Non-Injury Crash,No,2025,0,West,0,0,0,Flat,0,,0,,0,Bright sun,797200,0,0,0,2,0,0,0,0,0,,0,1,Auckland Region,Nil,2-way,Unsealed,0,0,0,0,50,0,None,0,0,,76,Auckland,Nil,0,0,0,0,0,0,Urban,0,0,0,Fine,Null
1757950.819,5904237.2967,889520,,524200,0,0,0,0,0,East,2022/2023,IHUMATAO ROAD,SISTEMA WAY,,Non-Injury Crash,No,2023,0,West,0,0,0,Flat,0,,0,,0,Overcast,727000,0,0,0,2,0,0,0,0,0,,0,0,Auckland Region,Nil,2-way,Sealed,0,0,0,0,100,0,None,0,0,,76,Auckland,Nil,0,0,0,0,1,0,Open,0,0,0,Heavy rain,Null
1771580.093,5894848.5472,889522,,521201,0,,0,1,,Null,2023/2024,SOUTHERN MOTORWAY,PAPAKURA OFF RAMP,,Non-Injury Crash,Yes,2023,,North,,0,,Flat,,,,,,Bright sun,806700,0,0,0,2,,,0,,,,,,Auckland Region,Nil,1-way,Sealed,,0,0,,80,,Off,0,0,,76,Auckland,Nil,,,,,0,0,Open,1,,,Fine,Null
1753844.7619,5917074.3248,889523,,517800,0,,0,1,,Null,2025/2026,NEW NORTH ROAD,ALBERTON AVENUE,,Minor Crash,No,2025,,South,,0,,Flat,,,,,,Overcast,528100,1,0,0,4,,,0,,,,,,Auckland Region,Nil,2-way,Sealed,,0,0,,50,,Off,0,0,,76,Auckland,Traffic Signals,,,,,0,0,Urban,1,,,Light rain,Null
1760022.6989,5879451.8632,889529,,521121,0,0,0,1,0,West,2024/2025,WAIUKU ROAD,TITI ROAD,,Non-Injury Crash,No,2024,0,West,1,0,0,Flat,0,,0,,0,Dark,812400,0,0,0,3,0,0,0,0,0,,0,0,Auckland Region,Nil,2-way,Sealed,0,0,0,0,80,0,None,0,0,,76,Auckland,Nil,0,0,0,0,0,0,Open,0,0,0,Fine,Null
1750289.2783,5914351.3115,889534,,511303,1,,0,1,,Null,2023/2024,GREAT NORTH ROAD,CLAYPIT LANE,,Minor Crash,No,2023,,South,,0,,Flat,,,,,,Overcast,265800,1,0,0,4,,,0,,,,,,Auckland Region,Nil,2-way,Sealed,,0,0,,50,,Off,0,0,,76,Auckland,Nil,,,,,0,0,Urban,0,,,Light rain,Null
1773878.6081,5889732.5992,889540,,521302,0,,0,1,,South,2023/2024,SOUTHERN MOTORWAY,QUARRY OBR,,Non-Injury Crash,Yes,2023,,North,,0,,Flat,,,,,,Overcast,809101,0,0,0,2,,,0,,,,,,Auckland Region,Nil,1-way,Sealed,,0,0,,100,,Off,0,0,,76,Auckland,Nil,,,,,1,0,Open,0,,,Light rain,Null
1768888.1713,5905797.5046,889542,,523721,0,,0,4,,South,2023/2024,TE IRIRANGI DRIVE,DAWSON ROAD,,Non-Injury Crash,No,2023,,North,,0,,Flat,,,,,,Overcast,715616,0,0,0,2,,,0,,,,,,Auckland Region,Nil,1-way,Sealed,,0,0,,60,,Off,0,0,,76,Auckland,Nil,,,,,0,0,Urban,0,,,Fine,Null
1769027.909,5909724.8414,889543,,523113,0,0,0,1,0,East,2024/2025,SMALES ROAD,SIR WILLIAM AVENUE,,Non-Injury Crash,No,2025,0,Null,0,0,0,Null,0,,0,,0,Unknown,711810,0,0,0,0,0,0,0,0,0,,0,0,Auckland Region,Nil,Null,Null,0,0,0,0,,0,Null,0,0,,76,Auckland,Nil,0,0,0,0,0,1,Urban,0,1,0,Null,Null
1760062.0806,5916874.491,889556,,516102,0,,0,2,,Null,2023/2024,REMUERA ROAD,GARDEN ROAD,,Non-Injury Crash,No,2023,,East,,0,,Flat,,,,,,Overcast,485100,0,0,0,4,,,0,,,,,,Auckland Region,Nil,2-way,Sealed,,0,0,,50,,Off,0,0,,76,Auckland,Traffic Signals,,,,,0,0,Urban,0,,,Light rain,Strong wind
1767438.9035,5904916.345,889561,,524604,0,,0,2,,Null,2024/2025,GREAT SOUTH ROAD,CAVENDISH DRIVE,,Non-Injury Crash,No,2024,,North,,0,,Flat,,,,,,Dark,780209,0,0,0,4,,,0,,,,,,Auckland Region,Nil,1-way,Sealed,,0,0,,50,,On,0,0,,76,Auckland,Traffic Signals,,,,,0,0,Urban,0,,,Fine,Null
1751865.0361,5912713.4709,889562,,514700,0,0,0,1,0,East,2023/2024,RATHLIN STREET,CRUDGE STREET,,Non-Injury Crash,No,2023,0,East,0,0,0,Flat,0,,0,,0,Dark,370300,0,0,0,2,0,0,0,0,0,,0,0,Auckland Region,Nil,2-way,Sealed,0,0,0,0,50,0,On,0,0,,76,Auckland,Nil,0,0,0,1,0,0,Urban,0,0,0,Light rain,Null
1767102.9271,5904763.7615,889564,,524603,0,,0,2,,Null,2023/2024,CAVENDISH DRIVE,SHARKEY STREET,,Minor Crash,No,2024,,East,,0,,Flat,,,,,,Bright sun,780205,1,0,0,5,,,0,,,,,,Auckland Region,Nil,2-way,Sealed,,0,0,,50,,Off,0,0,,76,Auckland,Traffic Signals,,,,,0,0,Urban,0,,,Fine,Null
1756321.2109,5919328.0797,889569,,514000,1,,0,1,,Null,2024/2025,KARANGAHAPE ROAD,GUNDRY STREET,,Minor Crash,No,2025,,West,,0,,Flat,,,,,,Bright sun,413800,1,0,0,4,,,0,,,,,,Auckland Region,Nil,2-way,Sealed,,0,0,,30,,Off,0,0,,76,Auckland,Stop,,,,,0,0,Urban,0,,,Fine,Null
1756547.0884,5930558.9686,889570,,507720,0,0,0,1,0,North,2022/2023,EAST COAST ROAD,ABERDEEN ROAD,,Non-Injury Crash,No,2023,0,South,0,0,1,Hill Road,0,,0,,0,Dark,314802,0,0,0,2,0,0,0,0,0,,1,0,Auckland Region,Nil,2-way,Sealed,0,0,0,0,50,0,On,0,0,,76,Auckland,Nil,0,0,0,1,0,0,Urban,0,0,0,Fine,Null
1757617.6347,5919911.3249,889587,,514103,0,,0,1,,North,2025/2026,WELLESLEY STREET EAST,SYMONDS STREET,,Non-Injury Crash,No,2025,,South,,0,,Flat,,,,,,Dark,436700,0,0,0,3,,,0,,,,,,Auckland Region,Underpass,2-way,Sealed,,0,0,,30,,On,0,0,,76,Auckland,Nil,,,,,0,0,Urban,1,,,Fine,Strong wind
1753272.3806,5933058.5452,889588,,508807,0,0,0,2,0,Null,2022/2023,GREVILLE ROAD OFF RAMP,TAWA DRIVE,,Minor Crash,No,2023,0,West,0,0,0,Hill Road,1,,0,,0,Twilight,180811,1,0,0,2,0,0,0,0,0,,0,0,Auckland Region,Motorway ramp,1-way,Sealed,0,0,0,0,50,0,On,0,0,,76,Auckland,Give way,0,0,0,0,0,0,Urban,0,0,0,Fine,Null
1756037.3112,5923178.4684,889589,,509800,0,,0,3,,South,2025/2026,NORTHERN MOTORWAY,HARBOUR BR N,,Non-Injury Crash,Yes,2025,,North,,0,,Hill Road,,,,,,Dark,359200,0,0,0,2,,,0,,,,,,Auckland Region,Bridge,1-way,Sealed,,0,0,,80,,On,0,0,70,76,Auckland,Nil,,,,,0,0,Open,0,,,Fine,Null
1759477.4029,5916404.3047,889590,,516002,0,,0,1,,South,2022/2023,SOUTHERN MOTORWAY,MARKET ROAD OFF RAMP,,Non-Injury Crash,Yes,2023,,North,,0,,Flat,,,,,,Overcast,492000,0,0,0,4,,,0,,,,,,Auckland Region,Nil,1-way,Sealed,,0,0,,100,,Off,0,0,,76,Auckland,Nil,,,,,1,0,Open,0,,,Fine,Null
1778061.156,5912116.6107,889593,,523300,0,,0,2,,North,2025/2026,WHITFORD-MARAETAI ROAD,PUKERANGI RISE,,Non-Injury Crash,No,2025,,North,,0,,Hill Road,,,,,,Dark,718900,0,0,0,2,,,0,,,,,,Auckland Region,Nil,2-way,Sealed,,0,0,,80,,None,0,0,50,76,Auckland,Nil,,,,,0,0,Open,0,,,Fine,Null
1798688.8628,5905967.8605,889594,,525202,0,,0,1,,North,2023/2024,ORERE POINT ROAD,KAWAKAWA-ORERE ROAD,,Serious Crash,No,2023,,South,,0,,Flat,,,,,,Overcast,765200,2,0,0,2,,,0,,,,,,Auckland Region,Nil,2-way,Sealed,,0,1,,60,,None,0,0,,76,Auckland,Nil,,,,,0,0,Urban,1,,,Light rain,Strong wind
1770766.4424,5901823.6503,889598,,523814,0,,0,1,,North,2023/2024,STRATFORD ROAD,AMARILLO PLACE,,Minor Crash,No,2024,,South,,0,,Hill Road,,,,,,Bright sun,759523,1,0,1,2,,,0,,,,,,Auckland Region,Nil,2-way,Sealed,,0,0,,50,,Off,0,0,,76,Auckland,Nil,,,,,0,0,Urban,0,,,Fine,Null
1766041.0783,5903320.9728,889600,,524604,0,,0,0,,East,2022/2023,WIRI STATION ROAD,ASH ROAD,,Minor Crash,No,2023,,East,,0,,Flat,,,,,,Bright sun,780208,1,0,0,2,,,0,,,,,,Auckland Region,Nil,1-way,Sealed,,0,0,,50,,None,0,0,,76,Auckland,Nil,,,,,1,0,Urban,1,,,Fine,Null
1757489.7069,5912272.3859,889604,,519810,0,,0,0,,East,2023/2024,QUEENSTOWN ROAD OFF RAMP,QUEENSTOWN ROAD,,Non-Injury Crash,No,2023,,West,,0,,Hill Road,,,,,,Bright sun,597100,0,0,0,2,,,0,,,,,,Auckland Region,Nil,1-way,Sealed,,0,0,,100,,Off,1,0,,76,Auckland,Traffic Signals,,,,,1,0,Open,0,,,Fine,Null
1766216.247,5905407.0576,889613,,522202,0,,0,2,,West,2024/2025,CARRUTH ROAD,FITZROY STREET,,Non-Injury Crash,No,2025,,West,,0,,Flat,,,,,,Bright sun,665700,0,0,0,2,,,0,,,,,,Auckland Region,Nil,2-way,Sealed,,0,0,,50,,Off,0,0,,76,Auckland,Nil,,,,,0,0,Urban,0,,,Fine,Null
1766105.4519,5907640.3862,889615,,522301,0,,0,2,,Null,2024/2025,EAST TAMAKI ROAD ON RAMP,SOUTHERN MOTORWAY,,Non-Injury Crash,No,2025,,North,,0,,Flat,,,,,,Dark,666700,0,0,0,4,,,0,,,,,,Auckland Region,Motorway ramp,1-way,Sealed,,0,0,,100,,On,0,0,,76,Auckland,Nil,,,,,0,0,Open,0,,,Heavy rain,Null
1759484.5641,5916398.6504,889621,,516002,0,,0,2,,East,2024/2025,SOUTHERN MOTORWAY,OMAHU OBR,,Non-Injury Crash,Yes,2025,,North,,0,,Flat,,,,,,Bright sun,492000,0,0,0,4,,,0,,,,,,Auckland Region,Nil,1-way,Sealed,,0,0,,100,,Off,0,0,,76,Auckland,Nil,,,,,0,0,Open,0,,,Fine,Null
1757771.6232,5919611.5527,889626,,514301,0,,0,1,,Null,2023/2024,GRAFTON ROAD,WELLESLEY STREET ON RAMP,,Non-Injury Crash,No,2023,,North,,0,,Hill Road,,,,,,Bright sun,440400,0,0,0,5,,,0,,,,,,Auckland Region,Overpass,2-way,Sealed,,0,0,,40,,Off,0,0,,76,Auckland,Traffic Signals,,,,,1,0,Urban,0,,,Fine,Null
1766890.4894,5903857.9744,889629,,524604,0,,0,2,,Null,2024/2025,LAMBIE DRIVE OFF RAMP,LAMBIE DRIVE,,Non-Injury Crash,No,2024,,West,,0,,Hill Road,,,,,,Dark,780210,0,0,0,2,,,0,,,,,,Auckland Region,Motorway ramp,2-way,Sealed,,0,0,,50,,On,0,0,,76,Auckland,Traffic Signals,,,,,0,0,Urban,0,,,Fine,Null
1772236.4351,5906941.9368,889633,,523713,0,,0,2,,West,2025/2026,ARGENTO AVENUE,DROVER CLOSE,,Minor Crash,No,2026,,West,,0,,Hill Road,,,,,,Bright sun,712500,2,0,0,2,,,0,,,,,,Auckland Region,Nil,2-way,Sealed,,0,0,,50,,Off,0,0,,76,Auckland,Nil,,,,,0,0,Urban,0,,,Fine,Null
1757442.2491,5921095.6579,889634,,514101,0,,0,1,,Null,2023/2024,QUAY STREET,LOWER ALBERT STREET,,Minor Crash,No,2023,,East,,0,,Flat,,,,,,Bright sun,438209,1,0,0,4,,,0,,,1,,,Auckland Region,Nil,2-way,Sealed,,0,0,,30,,Off,0,0,,76,Auckland,Traffic Signals,,,,,0,0,Urban,0,,,Fine,Null
1751379.8813,5951531.2731,889639,,505804,0,0,0,0,0,South,2023/2024,HIBISCUS COAST HIGHWAY,HAMMOND AVENUE,,Non-Injury Crash,No,2024,0,North,0,0,0,Hill Road,0,,0,,0,Dark,170810,0,0,0,2,0,0,0,0,0,,0,0,Auckland Region,Nil,2-way,Sealed,0,0,0,0,50,0,Off,0,0,,76,Auckland,Nil,0,0,0,1,0,0,Urban,1,0,0,Light rain,Null