X,Y,OBJECTID,advisorySpeed,areaUnitID,bicycle,bridge,bus,carStationWagon,cliffBank,crashDirectionDescription,crashFinancialYear,crashLocation1,crashLocation2,crashRoadSideRoad,crashSeverity,crashSHDescription,crashYear,debris,directionRoleDescription,ditch,fatalCount,fence,flatHill,guardRail,holiday,houseOrBuilding,intersection,kerb,light,meshblockId,minorInjuryCount,moped,motorcycle,NumberOfLanes,objectThrownOrDropped,otherObject,otherVehicleType,overBank,parkedVehicle,pedestrian,phoneBoxEtc,postOrPole,region,roadCharacter,roadLane,roadSurface,roadworks,schoolBus,seriousInjuryCount,slipOrFlood,speedLimit,strayAnimal,streetLight,suv,taxi,temporarySpeedLimit,tlaId,tlaName,trafficControl,trafficIsland,trafficSign,train,tree,truck,unknownVehicleType,urban,vanOrUtility,vehicle,waterRiver,weatherA,weatherB
1755846.7516,5919536.3099,889641,,514000,0,,0,0,,Null,2025/2026,PONSONBY ROAD,POLLEN STREET,,Minor Crash,No,2025,,East,,0,,Flat,,,,,,Dark,414500,1,0,0,4,,,0,,,1,,,Auckland Region,Nil,2-way,Sealed,,0,0,,40,,On,1,0,,76,Auckland,Nil,,,,,0,0,Urban,0,,,Fine,Null
1771752.3754,5895051.236,889652,,525530,0,0,0,3,1,Null,2022/2023,CHICHESTER DRIVE,ROSEHILL DRIVE,,Non-Injury Crash,No,2023,0,South,0,0,1,Hill Road,0,,0,,0,Overcast,804901,0,0,0,2,0,0,0,0,0,,0,0,Auckland Region,Speed hump,2-way,Sealed,0,0,0,0,30,0,Off,0,0,,76,Auckland,Give way,0,0,0,0,0,0,Urban,0,0,0,Fine,Null
1757870.5427,5918730.002,889653,,517400,0,,0,1,,Null,2025/2026,PARK ROAD,CARLTON GORE ROAD,,Non-Injury Crash,No,2025,,North,,0,,Flat,,,,,,Overcast,450100,0,0,0,2,,,0,,,,,,Auckland Region,Nil,2-way,Sealed,,0,0,,50,,Off,0,1,,76,Auckland,Traffic Signals,,,,,0,0,Urban,1,,,Light rain,Null
1770400.7404,5911153.8533,889654,,523109,0,,0,1,,Null,2024/2025,OFF ROAD-CARPARK,,,Serious Crash,No,2024,,South,,0,,Flat,,,,,,Bright sun,711709,0,0,0,,,,0,,,1,,,Auckland Region,Speed hump,Off road,Sealed,,0,1,,,,Off,0,0,,76,Auckland,Nil,,,,,0,0,Urban,0,,,Fine,Null
1756710.1348,5913061.2535,889656,,518702,0,,0,3,,Null,2022/2023,HILLSBOROUGH ROAD,HERD ROAD,,Minor Crash,No,2023,,North,,0,,Flat,,,,,,Dark,569900,1,0,0,4,,,0,,,,,,Auckland Region,Nil,2-way,Sealed,,0,0,,50,,On,0,0,,76,Auckland,Traffic Signals,,,,,0,0,Urban,0,,,Heavy rain,Null
1747987.9061,5911371.5482,889657,35,511902,0,0,0,1,0,East,2025/2026,GODLEY ROAD,TITIRANGI ROAD,,Non-Injury Crash,No,2025,0,West,0,0,0,Hill Road,1,,0,,0,Overcast,293200,0,0,0,2,0,0,0,0,0,,0,0,Auckland Region,Nil,2-way,Sealed,0,0,0,0,50,0,None,0,0,,76,Auckland,Nil,0,0,0,0,0,0,Urban,0,0,0,Light rain,Null
1752605.2741,5934762.2636,889663,,508701,0,0,0,1,0,Null,2023/2024,OTEHA VALLEY ROAD,MUNROE LANE,,Non-Injury Crash,No,2023,0,West,0,0,0,Flat,0,,0,,0,Bright sun,179000,0,0,0,4,0,0,0,0,0,,0,0,Auckland Region,Nil,2-way,Sealed,0,0,0,0,50,0,Off,0,0,,76,Auckland,Give way,1,1,0,0,0,0,Urban,0,0,0,Fine,Null
1764269.6319,5909597.3007,889668,,521901,0,0,0,0,0,Null,2025/2026,GREAT SOUTH ROAD,PARK AVENUE,,Non-Injury Crash,No,2025,0,South,0,0,0,Flat,0,,0,,0,Dark,784500,0,0,0,2,0,0,0,0,0,,0,0,Auckland Region,Nil,2-way,Sealed,0,0,0,0,30,0,On,0,0,,76,Auckland,Traffic Signals,0,1,0,0,0,0,Urban,1,0,0,Fine,Null
1766922.2725,5899176.6138,889669,,524812,0,,0,2,,Null,2024/2025,MAHIA ROAD,SANDWICK DRIVE,,Minor Crash,No,2025,,East,,0,,Flat,,,,,,Overcast,774105,1,0,0,2,,,0,,,,,,Auckland Region,Nil,2-way,Sealed,,0,0,,50,,Off,0,0,,76,Auckland,Give way,,,,,0,0,Urban,0,,,Light rain,Null
1765031.4895,5904807.1297,889674,,522100,0,,0,2,,East,2023/2024,BRIDGE STREET,KENDERDINE ROAD,,Non-Injury Crash,No,2023,,West,,0,,Hill Road,,,,,,Unknown,659500,0,0,0,2,,,0,,,,,,Auckland Region,Nil,2-way,Sealed,,0,0,,50,,Off,0,0,,76,Auckland,Nil,,,,,0,0,Urban,0,,,Fine,None
1759365.0041,5925186.7296,889676,,508110,0,0,0,0,0,East,2025/2026,BARDIA STREET,MOA STREET,,Non-Injury Crash,No,2026,0,West,0,0,0,Flat,0,,0,,0,Unknown,318200,0,0,0,2,0,0,0,0,1,,0,0,Auckland Region,Nil,2-way,Sealed,0,0,0,0,50,0,Null,0,0,,76,Auckland,Nil,0,0,0,0,0,0,Urban,2,0,0,Light rain,Null
1763775.1106,5913158.1207,889686,,520402,0,,0,1,,Null,2023/2024,MOUNT WELLINGTON HIGHWAY,LONGFORD STREET,,Serious Crash,No,2023,,South,,0,,Flat,,,,,,Bright sun,641501,0,0,0,5,,,0,,,1,,,Auckland Region,Nil,2-way,Sealed,,0,1,,50,,Off,0,0,,76,Auckland,Traffic Signals,,,,,0,0,Urban,0,,,Fine,Null
1754191.1933,5932273.5619,889687,,508805,0,,0,1,,West,2022/2023,ARRENWAY DRIVE,APOLLO DRIVE,,Non-Injury Crash,No,2023,,East,,0,,Flat,,,,,,Overcast,180866,0,0,0,2,,,0,,,,,,Auckland Region,Nil,2-way,Unsealed,,0,0,,50,,Off,0,0,,76,Auckland,Nil,,,,,1,0,Urban,0,,,Fine,Null
1755281.4202,5937040.8017,889692,,506902,0,,0,1,,North,2024/2025,DANBURY DRIVE,GLAMORGAN DRIVE,,Non-Injury Crash,No,2024,,East,,0,,Flat,,,,,,Dark,166303,0,0,0,2,,,0,,,,,,Auckland Region,Nil,2-way,Sealed,,0,0,,50,,On,0,0,,76,Auckland,Nil,,,,,0,0,Urban,1,,,Fine,Null
1746337.6031,5914969.8125,889694,,511800,0,0,0,2,0,South,2023/2024,SUNHILL ROAD,SUNGROVE RISE,,Non-Injury Crash,No,2023,0,North,0,0,0,Hill Road,0,,0,,0,Dark,277500,0,0,0,2,0,0,0,0,1,,0,0,Auckland Region,Nil,2-way,Sealed,0,0,0,0,50,0,On,0,0,,76,Auckland,Nil,0,0,0,0,0,0,Urban,0,0,0,Fine,Null
1766476.8943,5907307.5933,889698,,523601,0,,0,1,,North,2023/2024,SOUTHERN MOTORWAY,EAST TAMAKI ROAD ON RAMP,,Non-Injury Crash,Yes,2023,,South,,0,,Flat,,,,,,Overcast,709000,0,0,0,3,,,0,,,,,,Auckland Region,Nil,1-way,Sealed,,0,0,,100,,Off,0,0,,76,Auckland,Nil,,,,,1,0,Open,0,,,Fine,Null
1772655.981,5894641.7767,889707,,525530,0,0,0,2,0,Null,2022/2023,GREAT SOUTH ROAD,TAONUI STREET,,Non-Injury Crash,No,2023,0,South,0,0,0,Hill Road,0,,0,,0,Bright sun,803602,0,0,0,2,0,0,0,0,1,,0,0,Auckland Region,Nil,2-way,Sealed,0,0,0,0,50,0,Off,0,0,,76,Auckland,Stop,0,0,0,0,0,0,Urban,0,0,0,Fine,Null
1775983.6326,5881945.4186,889710,,521160,0,,0,1,,Null,2023/2024,MILL ROAD,BOMBAY OFF RAMP,,Non-Injury Crash,No,2024,,East,,0,,Hill Road,,,,,,Bright sun,827604,0,0,0,2,,,0,,,,,,Auckland Region,Motorway ramp,2-way,Sealed,,0,0,,60,,Off,0,0,,76,Auckland,Stop,,,,,1,0,Urban,0,,,Fine,Null
1765295.6174,5879412.9898,889720,,521112,0,,0,1,,Null,2025/2026,PATUMAHOE ROAD,ROGERS ROAD,,Minor Crash,No,2025,,South,,0,,Flat,,,,,,Overcast,825800,1,0,0,2,,,0,,,,,,Auckland Region,Nil,2-way,Sealed,,0,0,,80,,None,0,0,,76,Auckland,Give way,,,,,0,0,Open,1,,,Light rain,Null
1770132.2731,5907242.181,889728,,523713,0,,0,2,,Null,2025/2026,MAHY PLACE,ORMISTON ROAD,,Non-Injury Crash,No,2025,,South,,0,,Null,,,,,,Dark,712401,0,0,0,3,,,0,,,,,,Auckland Region,Nil,2-way,Sealed,,0,0,,50,,On,0,0,,76,Auckland,Traffic Signals,,,,,0,0,Urban,0,,,Fine,Null
1755028.9593,5913477.0582,889730,,518803,0,,0,4,,East,2022/2023,DOMINION ROAD OFF RAMP,DOMINION ROAD OFF RAMP,,Non-Injury Crash,No,2023,,West,,0,,Hill Road,,,,,,Overcast,582700,0,0,0,1,,,0,,,,,,Auckland Region,Motorway ramp,1-way,Sealed,,0,0,,100,,Off,0,0,,76,Auckland,Nil,,,,,0,0,Open,0,,,Fine,Null
1763546.1397,5905265.9167,889735,,524303,0,0,0,1,0,North,2022/2023,CHANTELLE PLACE,MISTY PLACE,,Non-Injury Crash,No,2023,0,North,0,0,1,Flat,0,,0,,0,Bright sun,746308,0,0,0,1,0,0,0,0,0,,0,0,Auckland Region,Nil,1-way,Sealed,0,0,0,0,50,0,Off,0,0,,76,Auckland,Nil,0,0,0,0,0,0,Urban,0,0,0,Fine,Null
1755742.7612,5924587.6559,889736,,509800,0,,1,3,,North,2025/2026,ONEWA ROAD,BRUCE STREET,,Non-Injury Crash,No,2025,,South,,0,,Hill Road,,,,,,Overcast,360500,0,0,0,4,,,0,,,,,,Auckland Region,Nil,2-way,Sealed,,0,0,,50,,Off,0,1,,76,Auckland,Nil,,,,,0,0,Urban,0,,,Fine,Strong wind
1762261.7507,5907067.6417,889737,,524520,0,,0,2,,Null,2024/2025,BUCKLAND ROAD,MASSEY ROAD,,Non-Injury Crash,No,2024,,East,,0,,Null,,,,,,Overcast,734703,0,0,0,3,,,0,,,,,,Auckland Region,Nil,2-way,Sealed,,0,0,,50,,Null,0,0,,76,Auckland,Traffic Signals,,,,,0,0,Urban,0,,,Light rain,Null
1757856.5671,5919949.5132,889739,,514103,0,0,0,0,0,South,2022/2023,GRAFTON ROAD,WYNYARD STREET,,Minor Crash,No,2023,0,North,0,0,0,Flat,0,,0,,0,Dark,437500,1,0,1,3,0,0,0,0,0,,0,0,Auckland Region,Nil,2-way,Sealed,0,0,0,0,30,0,On,0,0,,76,Auckland,Nil,1,0,0,0,0,0,Urban,0,0,0,Heavy rain,Strong wind
1744669.7097,5918017.1991,889741,,510700,0,0,0,2,0,North,2024/2025,SWANSON ROAD,STURGES ROAD,,Non-Injury Crash,No,2024,0,South,0,0,0,Flat,0,,0,,0,Dark,239200,0,0,0,2,0,0,0,0,1,,0,0,Auckland Region,Nil,2-way,Sealed,0,0,0,0,50,0,On,0,0,,76,Auckland,Nil,0,0,0,0,0,0,Urban,0,0,0,Fine,Null
1744719.3855,5914476.1125,889744,,512903,0,,0,1,,Null,2025/2026,PARRS CROSS ROAD,LEGACY DRIVE,,Minor Crash,No,2025,,East,,0,,Hill Road,,,,,,Twilight,278007,1,0,1,2,,,0,,,,,,Auckland Region,Nil,2-way,Sealed,,0,0,,50,,On,0,0,,76,Auckland,Give way,,,,,0,0,Urban,0,,,Heavy rain,Null
1757974.5477,5917166.8461,889746,,515700,0,,0,2,,Null,2023/2024,OWENS ROAD,GILLIES AVENUE,,Non-Injury Crash,No,2024,,East,,0,,Flat,,,,,,Bright sun,457600,0,0,0,2,,,0,,,,,,Auckland Region,Nil,2-way,Sealed,,0,0,,50,,Off,0,0,,76,Auckland,Traffic Signals,,,,,0,0,Urban,0,,,Fine,Null
1752083.6618,5917959.2289,889748,,515001,0,,0,1,,West,2024/2025,SH 20,NORTH-WESTERN MOTORWAY,,Non-Injury Crash,Yes,2024,,West,,0,,Flat,,,,,,Bright sun,392400,0,0,0,2,,,0,,,,,,Auckland Region,Motorway ramp,1-way,Sealed,,0,0,,80,,Off,1,0,,76,Auckland,Nil,,,,,0,0,Open,0,,,Fine,Null
1758233.8917,5920219.7349,889753,,514103,0,,0,1,,Null,2022/2023,BEACH ROAD,STANLEY STREET,,Non-Injury Crash,No,2023,,East,,0,,Flat,,,,,,Bright sun,438203,0,0,0,4,,,0,,,,,,Auckland Region,Nil,2-way,Sealed,,0,0,,50,,Off,0,1,,76,Auckland,Traffic Signals,,,,,1,0,Urban,1,,,Fine,Null
1766935.632,5902135.6385,889754,,524602,0,0,0,2,0,North,2023/2024,DALGETY DRIVE,BROWNS ROAD,,Minor Crash,No,2024,0,North,0,0,0,Flat,0,,0,,0,Bright sun,780407,1,0,0,2,0,0,0,0,2,,0,0,Auckland Region,Nil,2-way,Sealed,0,0,0,0,50,0,Off,0,0,,76,Auckland,Nil,0,0,0,0,0,0,Urban,1,0,0,Fine,Null
1747578.3018,5913582.4098,889755,,511100,0,,0,3,,South,2022/2023,WEST COAST ROAD,JANET CLEWS PLACE,,Non-Injury Crash,No,2023,,South,,0,,Hill Road,,,,,,Overcast,286100,0,0,0,2,,,0,,,,,,Auckland Region,Nil,2-way,Sealed,,0,0,,50,,Off,0,0,,76,Auckland,Nil,,,,,0,0,Urban,0,,,Light rain,Null
1768221.6159,5902361.4597,889759,,525001,0,,0,2,,South,2023/2024,GREAT SOUTH ROAD,BROWNS ROAD,,Minor Crash,No,2023,,North,,0,,Flat,,,,,,Bright sun,750800,1,0,0,2,,,0,,,,,,Auckland Region,Nil,2-way,Sealed,,0,0,,50,,Off,0,0,,76,Auckland,Nil,,,,,0,0,Urban,0,,,Fine,Null
1748642.4437,5969766.1261,889766,,505500,0,,0,0,,Null,2024/2025,AUCKLAND ROAD,WOODCOCKS ROAD,,Minor Crash,No,2025,,North,,0,,Flat,,,,,,Bright sun,141102,3,0,0,4,,,0,,,,,,Auckland Region,Nil,2-way,Sealed,,0,0,,60,,Off,1,0,,76,Auckland,Traffic Signals,,,,,0,0,Urban,1,,,Fine,Null
1761424.2013,5915920.5794,889771,,516003,0,,0,2,,Null,2023/2024,ABBOTTS WAY,LADIES MILE,,Non-Injury Crash,No,2023,,West,,0,,Hill Road,,,,,,Bright sun,494805,0,0,0,2,,,0,,,,,,Auckland Region,Nil,2-way,Sealed,,0,0,,50,,None,0,0,,76,Auckland,Traffic Signals,,,,,0,0,Urban,0,,,Fine,Null
1756050.6746,5924529.119,889774,,509800,0,,0,0,,West,2024/2025,ONEWA ROAD,ONEWA ROAD OFF RAMP,,Minor Crash,No,2025,,West,,0,,Hill Road,,,,,,Overcast,360900,1,0,0,4,,,0,,,,,,Auckland Region,Nil,2-way,Sealed,,0,0,,50,,None,0,0,,76,Auckland,Nil,,,,,0,0,Urban,2,,,Fine,Null
1761703.2363,5906524.3133,889778,,524112,0,,0,1,,Null,2024/2025,MASSEY ROAD,MASSEY ROAD ON RAMP,,Non-Injury Crash,No,2024,,North,,0,,Flat,,,,,,Overcast,742300,0,0,0,2,,,0,,,,,,Auckland Region,Motorway ramp,2-way,Sealed,,0,0,,50,,Off,1,0,,76,Auckland,Traffic Signals,,,,,0,0,Urban,0,,,Light rain,Frost
1753282.3275,5933053.6952,889782,,508807,0,,0,2,,Null,2024/2025,GREVILLE ROAD OFF RAMP,ALBANY EXPRESSWAY,,Minor Crash,No,2025,,North,,0,,Hill Road,,Easter,,,,Overcast,180811,1,0,0,6,,,0,,,,,,Auckland Region,Motorway ramp,2-way,Sealed,,0,0,,50,,Off,0,0,,76,Auckland,Traffic Signals,,,,,0,0,Urban,0,,,Fine,Strong wind
1767833.8285,5903172.3744,889786,,524602,0,,0,1,,East,2024/2025,KERRS ROAD,INVERELL AVENUE,,Non-Injury Crash,No,2024,,West,,0,,Flat,,,,,,Dark,780407,0,0,0,2,,,0,,,,,,Auckland Region,Nil,2-way,Sealed,,0,0,,50,,On,0,0,,76,Auckland,Nil,,,,,1,0,Urban,0,,,Fine,Null
1774236.3898,5902607.4117,889788,65,523813,0,1,0,1,0,South,2024/2025,ALFRISTON-ARDMORE ROAD,MUIRS BR,,Minor Crash,No,2025,0,North,0,0,0,Flat,0,,0,,0,Dark,761000,1,0,0,2,0,0,0,0,0,,0,0,Auckland Region,Bridge,2-way,Sealed,0,0,0,0,80,0,None,0,0,,76,Auckland,Nil,0,0,0,0,0,0,Open,0,0,0,Fine,Null
1755890.2934,5918503.3238,889796,,515500,0,,0,2,,South,2024/2025,NORTH-WESTERN MOTORWAY,NEWTON ROAD OFF RAMP,,Non-Injury Crash,Yes,2025,,North,,0,,Flat,,,,,,Dark,418500,0,0,0,4,,,0,,,,,,Auckland Region,Nil,1-way,Unsealed,,0,0,,80,,On,0,0,,76,Auckland,Nil,,,,,0,0,Open,0,,,Light rain,Null
1752633.3052,5918464.5564,889798,,515002,0,,0,2,,Null,2024/2025,TUI STREET,WALMER ROAD,,Minor Crash,No,2025,,South,,0,,Flat,,,,,,Bright sun,396100,2,0,0,2,,,0,,,,,,Auckland Region,Nil,2-way,Sealed,,0,0,,50,,Off,0,0,,76,Auckland,Stop,,,,,0,0,Urban,0,,,Fine,Null
1752645.189,5984794.4994,889803,,506660,0,0,0,1,0,East,2023/2024,PAKIRI ROAD,KENNAWAY ROAD,,Non-Injury Crash,No,2023,0,South,1,0,0,Flat,0,,0,,0,Overcast,137300,0,0,0,2,0,0,0,0,0,,0,0,Auckland Region,Nil,2-way,Sealed,0,0,0,0,60,0,None,0,0,,76,Auckland,Nil,0,0,0,0,0,0,Urban,0,0,0,Fine,Null
1741340.7408,5927388.6293,889806,,513701,0,,0,1,,South,2024/2025,SH 16,COATESVILLE-RIVERHEAD HIGHWAY,,Non-Injury Crash,Yes,2025,,South,,0,,Flat,,,,,,Bright sun,220200,0,0,0,2,,,0,,,,,,Auckland Region,Nil,2-way,Sealed,,0,0,,80,,Off,0,0,,76,Auckland,Nil,,,,,0,0,Open,1,,,Fine,Null
1746546.1236,5916097.533,889807,,511800,0,,0,2,,Null,2022/2023,GREAT NORTH ROAD,KIRBY STREET,,Non-Injury Crash,No,2023,,North,,0,,Flat,,,,,,Dark,276102,0,0,0,4,,,0,,,,,,Auckland Region,Nil,2-way,Sealed,,0,0,,50,,On,0,0,,76,Auckland,Stop,,,,,0,0,Urban,0,,,Fine,Null
1746443.8897,5919707.648,889809,,512401,0,0,0,1,0,Null,2023/2024,FLANSHAW ROAD,ROYAL VIEW ROAD,,Minor Crash,No,2024,0,North,0,0,0,Flat,0,,0,,0,Dark,252800,1,0,0,2,0,0,0,0,0,,0,1,Auckland Region,Nil,2-way,Sealed,0,0,0,0,30,0,On,0,0,,76,Auckland,Give way,0,0,0,0,0,0,Urban,0,0,0,Heavy rain,Null
1766226.6813,5899725.2923,889810,,524822,0,,0,0,,West,2024/2025,PALMERS ROAD,WEYMOUTH ROAD,,Serious Crash,No,2025,,East,,0,,Flat,,,,,,Bright sun,774431,0,0,0,2,,,0,,,1,,,Auckland Region,Nil,2-way,Sealed,,0,1,,30,,None,1,0,,76,Auckland,Nil,,,,,0,0,Urban,0,,,Fine,Null
1761381.1041,5906081.0788,889812,,524200,0,0,0,6,0,Null,2025/2026,PRANGLEY AVENUE,NOVAK PLACE,,Non-Injury Crash,No,2025,0,East,0,0,0,Flat,0,,0,,0,Twilight,728803,0,0,0,2,0,0,0,0,1,,0,0,Auckland Region,Nil,2-way,Sealed,0,0,0,0,50,0,On,0,0,,76,Auckland,Nil,0,0,0,0,0,0,Urban,0,0,0,Fine,Null
1759149.8207,5916804.9824,889821,,516001,0,,0,0,,North,2024/2025,SOUTHERN MOTORWAY,MARKET OBR,,Minor Crash,Yes,2024,,North,,0,,Flat,,,,,,Bright sun,491200,1,0,1,3,,,0,,,,,,Auckland Region,Nil,1-way,Sealed,,0,0,,100,,Off,0,0,,76,Auckland,Nil,,,,,0,1,Open,0,,,Fine,Null
1745215.8491,5918986.6206,889822,,513302,0,,0,2,,Null,2023/2024,LINCOLN ROAD,MOSELLE AVENUE,,Non-Injury Crash,No,2023,,South,,0,,Flat,,,,,,Dark,230701,0,0,0,4,,,0,,,,,,Auckland Region,Nil,2-way,Sealed,,0,0,,50,,On,0,0,,76,Auckland,Give way,,,,,0,0,Urban,0,,,Fine,Strong wind
1773473.5586,5898534.0821,889826,,523912,0,0,0,1,0,Null,2022/2023,WALTERS ROAD,CASTLEPOINT AVENUE,,Minor Crash,No,2023,0,West,1,0,0,Flat,0,,0,,0,Bright sun,765500,2,0,0,2,0,0,0,0,0,,0,0,Auckland Region,Nil,2-way,Sealed,0,0,0,0,50,0,Off,0,0,,76,Auckland,Give way,0,0,0,0,0,0,Urban,1,0,0,Fine,Null
1762250.9616,5906120.7509,889827,,524200,0,0,0,2,0,South,2025/2026,SOUTH-WESTERN MOTORWAY,MASSEY ROAD ON RAMP,,Non-Injury Crash,Yes,2026,0,South,0,0,0,Flat,1,,0,,0,Dark,728900,0,0,0,2,0,0,0,0,0,,0,0,Auckland Region,Nil,1-way,Sealed,0,0,0,0,100,0,On,0,0,,76,Auckland,Nil,0,0,0,0,0,0,Open,0,0,0,Fine,Null
1757893.8496,5918085.7209,889837,,515700,0,,0,2,,South,2023/2024,SOUTHERN MOTORWAY,MAUNGAWHAU OBR,,Non-Injury Crash,Yes,2024,,North,,0,,Flat,,Queens Birthday,,,,Bright sun,443700,0,0,0,4,,,0,,,,,,Auckland Region,Overpass,1-way,Sealed,,0,0,,80,,Off,0,0,,76,Auckland,Nil,,,,,0,0,Open,0,,,Fine,Null
1756995.4708,5920761.1073,889844,,514102,0,,0,2,,Null,2023/2024,NELSON STREET,WYNDHAM STREET,,Non-Injury Crash,No,2024,,North,,0,,Hill Road,,,,,,Bright sun,433305,0,0,0,4,,,0,,,,,,Auckland Region,Nil,1-way,Sealed,,0,0,,40,,Off,0,0,,76,Auckland,Nil,,,,,0,0,Urban,0,,,Fine,Null
1770005.0042,5914715.1032,889847,,522712,0,,0,1,,West,2024/2025,PAKURANGA ROAD,ABERFELDY AVENUE,,Minor Crash,No,2025,,West,,0,,Hill Road,,Easter,,,,Dark,644800,1,0,0,4,,,0,,,,,,Auckland Region,Nil,2-way,Sealed,,0,0,,60,,On,0,0,,76,Auckland,Nil,,,,,0,0,Urban,1,,,Heavy rain,Strong wind
1767370.7579,5906780.0928,889851,,523601,0,0,0,1,0,North,2024/2025,BAIRDS ROAD,SANDBROOK AVENUE,,Non-Injury Crash,No,2024,0,North,0,0,0,Hill Road,0,,0,,0,Dark,707600,0,0,0,2,0,0,0,0,0,,1,0,Auckland Region,Nil,2-way,Sealed,0,0,0,0,50,0,On,0,0,,76,Auckland,Nil,0,0,0,1,0,0,Urban,0,0,0,Fine,Null
1767482.5362,5905666.5229,889853,,524603,0,1,0,1,0,South,2023/2024,SOUTHERN MOTORWAY,REAGAN OBR,,Non-Injury Crash,Yes,2024,1,North,0,0,0,Flat,0,,0,,0,Bright sun,671000,0,0,0,3,0,0,0,0,0,,0,0,Auckland Region,Bridge,1-way,Sealed,0,0,0,0,100,0,Off,0,0,,76,Auckland,Nil,0,0,0,0,1,0,Open,0,0,0,Fine,Null
1767447.2499,5905851.0144,889858,,523601,0,0,0,1,0,North,2022/2023,SOUTHERN MOTORWAY,TE IRIRANGI DRIVE OFF RAMP,,Non-Injury Crash,Yes,2023,0,South,0,0,0,Flat,2,,0,,0,Dark,707200,0,0,0,3,0,0,0,0,0,,0,0,Auckland Region,Nil,1-way,Sealed,0,0,0,0,100,0,On,0,0,,76,Auckland,Nil,0,0,0,0,0,0,Open,0,0,0,Mist or Fog,Null
1767097.7657,5905511.4653,889861,,524603,0,,0,2,,Null,2023/2024,GREAT SOUTH ROAD,PUHINUI ROAD,,Non-Injury Crash,No,2023,,North,,0,,Flat,,,,,,Bright sun,780205,0,0,0,1,,,0,,,,,,Auckland Region,Nil,1-way,Sealed,,0,0,,50,,Off,0,0,,76,Auckland,Give way,,,,,0,0,Urban,0,,,Fine,None
1768941.2856,5881349.6741,889891,,525910,1,,0,1,,Null,2022/2023,TOBIN STREET,EDINBURGH STREET,,Non-Injury Crash,No,2023,,East,,0,,Flat,,,,,,Dark,818500,0,0,0,2,,,0,,,,,,Auckland Region,Nil,2-way,Sealed,,0,0,,50,,On,0,0,,76,Auckland,Give way,,,,,0,0,Urban,0,,,Fine,Null
1769379.4596,5908938.4445,889893,,523113,0,,0,1,,Null,2023/2024,EAST TAMAKI ROAD,PAUL STEVENSON PLACE,,Minor Crash,No,2023,,South,,0,,Flat,,,,,,Bright sun,711902,1,0,0,2,,,0,,,,,,Auckland Region,Nil,2-way,Sealed,,0,0,,50,,Off,0,0,,76,Auckland,Nil,,,,,0,0,Urban,1,,,Fine,Null
1745688.6692,5916863.329,889894,,510800,0,,0,1,,Null,2025/2026,OFF ROAD CARPARK,,,Minor Crash,No,2026,,North,,0,,Flat,,,,,,Bright sun,243300,1,0,0,1,,,0,,,1,,,Auckland Region,Nil,Off road,Sealed,,0,0,,20,,Off,0,1,,76,Auckland,Nil,,,,,0,0,Urban,0,,,Fine,Null
1755989.4782,5936392.7904,889896,,507000,0,,0,1,,North,2024/2025,DEEP CREEK ROAD,ALEXANDER AVENUE,,Minor Crash,No,2024,,North,,0,,Hill Road,,,,,,Twilight,164800,1,0,0,2,,,0,,,,,,Auckland Region,Nil,2-way,Sealed,,0,0,,50,,None,1,0,,76,Auckland,Nil,,,,,0,0,Urban,0,,,Fine,Null
1755540.3675,5915599.6711,889900,,518302,0,0,0,1,0,Null,2022/2023,DOMINION ROAD,HALESOWEN AVENUE,,Non-Injury Crash,No,2023,0,North,0,0,0,Flat,0,,0,,0,Bright sun,554900,0,0,0,2,0,1,0,0,1,,0,0,Auckland Region,Nil,2-way,Sealed,0,0,0,0,50,0,Off,1,0,,76,Auckland,Stop,0,0,0,0,0,0,Urban,1,0,0,Fine,Null
1756582.9395,5919195.4456,889914,,514200,0,,0,2,,North,2023/2024,NORTH-WESTERN MOTORWAY,WAIMA FTBR,,Minor Crash,Yes,2023,,South,,0,,Flat,,,,,,Dark,411900,1,0,0,2,,,0,,,,,,Auckland Region,Nil,1-way,Sealed,,0,0,,80,,On,0,0,,76,Auckland,Nil,,,,,0,0,Open,0,,,Fine,Null
1742666.4272,5919549.929,889915,,513211,0,0,0,1,0,Null,2024/2025,LUANDA DRIVE,MARU PLACE,,Minor Crash,No,2024,0,South,0,0,1,Flat,0,,0,,0,Bright sun,235706,1,0,0,2,0,0,0,0,0,,0,0,Auckland Region,Nil,2-way,Sealed,0,0,0,0,30,0,Off,0,0,,76,Auckland,Nil,0,0,0,0,0,0,Urban,0,0,0,Fine,Null
1771423.845,5899822.4451,889916,,523911,0,0,0,1,0,South,2023/2024,PORCHESTER ROAD,POPES ROAD,,Non-Injury Crash,No,2023,0,South,0,0,0,Flat,0,,0,,0,Twilight,767100,0,0,0,2,0,0,0,0,1,,0,0,Auckland Region,Nil,2-way,Sealed,0,0,0,0,50,0,On,0,0,,76,Auckland,Nil,0,0,0,0,0,0,Urban,2,0,0,Fine,Null