X,Y,OBJECTID,advisorySpeed,areaUnitID,bicycle,bridge,bus,carStationWagon,cliffBank,crashDirectionDescription,crashFinancialYear,crashLocation1,crashLocation2,crashRoadSideRoad,crashSeverity,crashSHDescription,crashYear,debris,directionRoleDescription,ditch,fatalCount,fence,flatHill,guardRail,holiday,houseOrBuilding,intersection,kerb,light,meshblockId,minorInjuryCount,moped,motorcycle,NumberOfLanes,objectThrownOrDropped,otherObject,otherVehicleType,overBank,parkedVehicle,pedestrian,phoneBoxEtc,postOrPole,region,roadCharacter,roadLane,roadSurface,roadworks,schoolBus,seriousInjuryCount,slipOrFlood,speedLimit,strayAnimal,streetLight,suv,taxi,temporarySpeedLimit,tlaId,tlaName,trafficControl,trafficIsland,trafficSign,train,tree,truck,unknownVehicleType,urban,vanOrUtility,vehicle,waterRiver,weatherA,weatherB
1741432.3807,5947029.3357,889919,,506614,0,0,0,1,0,Null,2023/2024,WAITOKI ROAD,WHITEHILLS ROAD,,Minor Crash,No,2024,0,South,1,0,0,Hill Road,0,,0,,0,Dark,177300,1,0,0,2,0,0,0,0,0,,0,1,Auckland Region,Nil,2-way,Sealed,0,0,0,0,100,0,None,0,0,,76,Auckland,Give way,0,0,0,0,0,0,Open,0,0,0,Fine,Null
1771106.4414,5907851.5116,889923,,523713,0,,0,0,,Null,2023/2024,STANCOMBE ROAD,WYON WAY,,Non-Injury Crash,No,2023,,East,,0,,Flat,,,,,,Bright sun,712401,0,0,0,2,,,0,,,1,,,Auckland Region,Nil,2-way,Sealed,,0,0,,60,,Off,1,0,,76,Auckland,Nil,,,,,0,0,Urban,0,,,Fine,Null
1755428.0277,5911864.1092,889936,,519002,0,0,0,2,0,Null,2023/2024,WHITMORE ROAD,FLORENCE DALY PLACE,,Non-Injury Crash,No,2024,0,North,0,0,0,Flat,0,,0,,0,Overcast,591200,0,0,0,2,0,0,0,0,1,,0,0,Auckland Region,Nil,2-way,Sealed,0,0,0,0,50,0,Off,0,0,,76,Auckland,Nil,0,0,0,0,0,0,Urban,0,0,0,Fine,Null
1760175.4636,5903937.0913,889938,,524200,0,,0,0,,North,2025/2026,JIMMY WARD CRESCENT,TOM PEARCE DRIVE,,Non-Injury Crash,No,2025,,South,,0,,Flat,,,,,,Bright sun,727200,0,0,0,2,,,0,,,,,,Auckland Region,Nil,2-way,Sealed,,0,0,,100,,Off,2,0,30,76,Auckland,Nil,,,,,0,0,Open,0,,,Fine,Null
1756386.2067,5927836.6527,889943,,507900,0,,1,1,,North,2023/2024,WAIRAU ROAD,SHAKESPEARE ROAD,,Minor Crash,No,2023,,South,,0,,Hill Road,,,,,,Bright sun,305202,1,0,0,4,,,0,,,,,,Auckland Region,Nil,2-way,Sealed,,0,0,,50,,Off,0,0,,76,Auckland,Nil,,,,,0,0,Urban,0,,,Fine,Null
1764242.4832,5909865.3126,889944,,521802,0,,0,0,,Null,2022/2023,AVENUE ROAD,ATKINSON AVENUE,,Non-Injury Crash,No,2023,,West,,0,,Flat,,,,,,Bright sun,787800,0,0,0,2,,,0,,,,,,Auckland Region,Nil,2-way,Sealed,,0,0,,50,,Off,1,0,,76,Auckland,Traffic Signals,,,,,0,0,Urban,1,,,Fine,None
1755788.8243,5919358.5864,889948,,515420,0,,0,1,,East,2023/2024,WILLIAMSON AVENUE,MACKELVIE STREET,,Non-Injury Crash,No,2023,,West,,0,,Flat,,,,,,Overcast,411100,0,0,0,3,,,0,,,,,,Auckland Region,Nil,2-way,Sealed,,0,0,,50,,Off,0,0,,76,Auckland,Nil,,,,,1,0,Urban,0,,,Light rain,Null
1771896.3015,5902779.6556,889950,,523819,0,,0,2,,South,2023/2024,MILL ROAD,POLO PRINCE DRIVE,,Non-Injury Crash,No,2024,,South,,0,,Hill Road,,,,,,Dark,760811,0,0,0,2,,,0,,,1,,,Auckland Region,Nil,2-way,Sealed,,0,0,,60,,None,0,0,,76,Auckland,Nil,,,,,0,0,Urban,0,,,Fine,Strong wind
1772708.7341,5915215.9517,889952,,521501,0,0,0,2,0,West,2023/2024,UXBRIDGE ROAD,BEACH ROAD,,Non-Injury Crash,No,2023,0,West,0,0,0,Hill Road,0,,0,,0,Dark,652100,0,0,0,2,0,0,0,0,1,,0,0,Auckland Region,Nil,2-way,Sealed,0,0,0,0,50,0,On,0,0,,76,Auckland,Nil,0,0,0,0,0,0,Urban,0,0,0,Fine,Null
1743694.6583,5919343.2879,889954,,513213,0,,0,1,,Null,2023/2024,SWANSON ROAD,UNIVERSAL DRIVE,,Non-Injury Crash,No,2023,,North,,0,,Flat,,,,,,Bright sun,235802,0,0,0,2,,,0,,,,,,Auckland Region,Nil,1-way,Sealed,,0,0,,50,,Off,1,0,,76,Auckland,Give way,,,,,0,0,Urban,0,,,Fine,Null
1751201.4951,5911602.1405,889956,,514700,0,0,0,2,0,Null,2023/2024,MITCHELL STREET,BARTON STREET,,Minor Crash,No,2024,0,South,0,0,0,Flat,0,,0,,0,Overcast,367704,3,0,0,2,0,0,0,0,1,,0,0,Auckland Region,Nil,2-way,Sealed,0,0,0,0,50,0,None,0,0,,76,Auckland,Nil,0,0,0,1,0,0,Urban,0,0,0,Light rain,Null
1742217.9962,5919177.1616,889957,,513211,0,0,0,1,0,Null,2023/2024,URLICH DRIVE,URBAN GROVE,,Non-Injury Crash,No,2023,0,East,0,0,0,Flat,0,,0,,0,Dark,235003,0,0,0,2,0,0,0,0,1,,0,0,Auckland Region,Nil,2-way,Sealed,0,0,0,0,50,0,Off,0,0,,76,Auckland,Nil,0,0,0,0,0,0,Urban,1,0,0,Fine,Null
1763444.8463,5916633.6972,889963,,516302,0,0,0,2,0,North,2023/2024,PANAPA DRIVE,COLDHAM CRESCENT,,Minor Crash,No,2023,0,North,0,0,0,Hill Road,0,Labour Weekend,0,,0,Dark,463705,2,0,0,2,0,0,0,0,1,,0,0,Auckland Region,Nil,2-way,Sealed,0,0,0,0,50,0,On,0,0,,76,Auckland,Nil,0,0,0,0,0,0,Urban,0,0,0,Fine,Null
1751072.5074,5934612.1106,889966,,508701,0,,0,2,,Null,2023/2024,DAIRY FLAT HIGHWAY,THE AVENUE,,Non-Injury Crash,No,2024,,South,,0,,Flat,,,,,,Bright sun,178402,0,0,0,2,,,0,,,,,,Auckland Region,Nil,2-way,Sealed,,0,0,,50,,Off,0,0,,76,Auckland,Stop,,,,,0,0,Urban,0,,,Fine,Null
1744832.5081,5921055.8983,889967,,513631,0,0,0,1,0,South,2022/2023,WAIMUMU ROAD,HALLORAN PLACE,,Non-Injury Crash,No,2023,0,South,0,0,1,Flat,0,,1,,0,Dark,227802,0,0,0,2,0,0,0,0,0,,0,0,Auckland Region,Nil,2-way,Sealed,0,0,0,0,50,0,Off,0,0,,76,Auckland,Nil,0,0,0,0,0,0,Urban,0,0,0,Fine,Null
1751110.3612,5913912.1,889972,,514402,0,,0,4,,Null,2024/2025,WOLVERTON STREET,ST GEORGES ROAD,,Minor Crash,No,2025,,East,,0,,Flat,,Easter,,,,Overcast,381700,2,0,0,4,,,0,,,,,,Auckland Region,Nil,2-way,Sealed,,0,0,,50,,On,0,0,,76,Auckland,Traffic Signals,,,,,0,0,Urban,0,,,Fine,Null
1769457.1353,5902143.0432,889977,,523814,0,,0,1,,North,2023/2024,SOUTHERN MOTORWAY,HILL ROAD-MANUREWA OFF RAMP,,Non-Injury Crash,Yes,2023,,South,,0,,Flat,,,,,,Dark,760702,0,0,0,3,,,0,,,,,,Auckland Region,Nil,2-way,Sealed,,0,0,,100,,On,0,0,,76,Auckland,Nil,,,,,0,0,Open,1,,,Fine,Null
1769893.6537,5900853.5426,889978,,524902,0,0,0,1,0,South,2023/2024,SOUTHERN MOTORWAY,ALFRISTON OBR,,Non-Injury Crash,Yes,2024,0,North,0,0,0,Hill Road,1,,0,,0,Bright sun,757700,0,0,0,3,0,0,0,0,0,,0,0,Auckland Region,Nil,1-way,Sealed,0,0,0,0,100,0,Off,0,0,,76,Auckland,Nil,0,0,0,0,0,0,Open,1,0,0,Fine,Null
1765495.5167,5898571.9272,889992,,524811,0,0,0,1,0,West,2025/2026,GIBBONS ROAD,HUBER STREET,,Non-Injury Crash,No,2025,0,West,0,0,0,Flat,0,,0,,0,Bright sun,773804,0,0,0,2,0,0,0,0,0,,0,1,Auckland Region,Nil,2-way,Sealed,0,0,0,0,30,0,Off,0,0,,76,Auckland,Nil,0,0,0,0,0,0,Urban,0,0,0,Fine,Null
1759792.7806,5906270.2767,889993,,524200,0,,0,2,,West,2022/2023,KIRKBRIDE ROAD,NAYLORS DRIVE,,Non-Injury Crash,No,2023,,West,,0,,Flat,,,,,,Dark,727901,0,0,0,2,,,0,,,,,,Auckland Region,Nil,2-way,Sealed,,0,0,,50,,On,0,0,,76,Auckland,Nil,,,,,0,0,Urban,0,,,Fine,Null
1759267.6109,5906544.8697,889995,,524200,0,,0,2,,Null,2022/2023,KIRKBRIDE ROAD,GEORGE BOLT MEMORIAL DRIVE,,Non-Injury Crash,No,2023,,South,,0,,Null,,,,,,Unknown,726400,0,0,0,4,,,0,,,,,,Auckland Region,Nil,1-way,Sealed,,0,0,,60,,Null,0,0,,76,Auckland,Traffic Signals,,,,,0,0,Urban,0,,,Null,Null
1759964.7593,5924414.6593,890000,,509300,0,0,0,1,0,West,2025/2026,OLD LAKE ROAD,FRASER ROAD,,Minor Crash,No,2025,0,East,0,0,0,Flat,0,,0,,0,Bright sun,337904,1,0,0,2,0,0,0,0,1,,0,0,Auckland Region,Nil,2-way,Sealed,0,0,0,0,50,0,Off,2,0,,76,Auckland,Nil,0,0,0,0,0,0,Urban,0,0,0,Fine,Null
1743846.6341,5919104.4975,890001,,513220,0,,0,2,,Null,2023/2024,OFFROAD SHARED DRIVEWAY ON RAKICH PLACE,,,Minor Crash,No,2023,,North,,0,,Hill Road,,,,,,Overcast,236102,1,0,0,0,,,0,,,,,,Auckland Region,Nil,Off road,Sealed,,0,0,,10,,Off,0,0,,76,Auckland,Nil,,,,,0,0,Urban,0,,,Fine,Null
1770405.1393,5901037.6314,890004,,523816,0,0,0,1,0,Null,2025/2026,MAGIC WAY,RUSHBURY PLACE,,Non-Injury Crash,No,2025,0,East,0,0,1,Flat,0,Labour Weekend,0,,0,Dark,759727,0,0,0,2,0,0,0,0,0,,0,0,Auckland Region,Nil,2-way,Sealed,0,0,0,0,50,0,On,1,0,,76,Auckland,Nil,0,0,0,0,0,0,Urban,0,0,0,Fine,Null
1769904.915,5900467.5859,890009,,523816,0,,0,1,,North,2022/2023,SOUTHERN MOTORWAY,PAPAKURA STM BR,,Non-Injury Crash,Yes,2023,,South,,0,,Flat,,,,,,Dark,759734,0,0,0,3,,,0,,,,,,Auckland Region,Nil,1-way,Sealed,,0,0,,100,,On,0,0,,76,Auckland,Nil,,,,,1,0,Open,0,,,Fine,Null
1764203.4585,5904119.5263,890017,,524604,0,0,0,1,0,South,2022/2023,SOUTH-WESTERN MOTORWAY,PUHINUI OBR,,Non-Injury Crash,Yes,2023,0,South,0,0,0,Flat,1,,0,,0,Overcast,781100,0,0,0,2,0,0,0,0,0,,0,0,Auckland Region,Nil,1-way,Sealed,0,0,0,0,100,0,Off,0,0,,76,Auckland,Nil,0,0,0,0,0,0,Open,0,0,0,Fine,Null
1754626.3018,5913896.0009,890018,,518803,0,,1,1,,Null,2023/2024,MAY ROAD,STODDARD ROAD,,Non-Injury Crash,No,2024,,North,,0,,Flat,,,,,,Bright sun,581700,0,0,0,2,,,0,,,,,,Auckland Region,Nil,2-way,Sealed,,0,0,,50,,Off,0,0,,76,Auckland,Traffic Signals,,,,,0,0,Urban,0,,,Fine,Null
1759961.4437,5906936.8747,890020,,524111,0,,0,2,,Null,2025/2026,WADDON PLACE,ORLY AVENUE,,Non-Injury Crash,No,2025,,East,,0,,Flat,,,,,,Bright sun,740500,0,0,0,2,,,0,,,,,,Auckland Region,Nil,2-way,Sealed,,0,0,,50,,Off,0,0,,76,Auckland,Give way,,,,,0,0,Urban,0,,,Fine,Null
1759154.2235,5906633.4774,890021,,524200,0,0,0,1,0,South,2023/2024,KIRKBRIDE ROAD,KIRKBRIDE ROAD ON RAMP,,Minor Crash,No,2024,0,South,0,0,0,Flat,0,,0,,0,Dark,726400,1,0,0,4,0,0,0,0,0,,0,0,Auckland Region,Motorway ramp,2-way,Sealed,0,0,0,0,50,0,On,0,0,,76,Auckland,Nil,1,0,0,0,0,0,Urban,0,0,0,Fine,Null
1765477.7,5899736.9287,890028,,524822,0,,0,1,,Null,2024/2025,MAPLESDEN DRIVE,FINLAYSON AVENUE,,Non-Injury Crash,No,2025,,West,,0,,Hill Road,,,,,,Twilight,774422,0,0,0,2,,,0,,,,,,Auckland Region,Nil,2-way,Sealed,,0,0,,30,,Off,0,0,,76,Auckland,Give way,,,,,0,0,Urban,1,,,Fine,Null
1764391.4751,5909998.3312,890038,,521801,0,,0,1,,North,2023/2024,CHURCH STREET,AVENUE ROAD,,Serious Crash,No,2024,,South,,0,,Flat,,,,,,Overcast,787400,0,0,1,2,,,0,,,,,,Auckland Region,Nil,2-way,Sealed,,0,1,,50,,Off,0,0,,76,Auckland,Nil,,,,,0,0,Urban,0,,,Fine,Null
1753178.3898,5919082.3023,890042,35,515100,0,0,0,1,0,South,2023/2024,OLD MILL ROAD,SAVAGE STREET,,Non-Injury Crash,No,2024,0,North,0,0,0,Flat,0,,0,,0,Dark,398100,0,0,0,2,0,1,0,0,0,,0,0,Auckland Region,Nil,2-way,Sealed,0,0,0,0,50,0,On,0,0,,76,Auckland,Nil,0,0,0,0,0,0,Urban,0,0,0,Fine,Null
1761258.6109,5920076.9566,890049,,516400,0,,0,2,,West,2023/2024,TAMAKI DRIVE,POKANOA POINT ENT,,Minor Crash,No,2024,,East,,0,,Flat,,,,,,Overcast,496600,1,0,0,4,,,0,,,,,,Auckland Region,Nil,2-way,Sealed,,0,0,,50,,Off,0,0,,76,Auckland,Nil,,,,,0,0,Urban,0,,,Fine,Null
1766071.7904,5906264.3005,890052,,522302,0,,1,1,,Null,2024/2025,GREAT SOUTH ROAD,CENTRAL AVENUE,,Non-Injury Crash,No,2024,,South,,0,,Flat,,Labour Weekend,,,,Dark,668700,0,0,0,2,,,0,,,,,,Auckland Region,Nil,2-way,Sealed,,0,0,,50,,On,0,0,,76,Auckland,Stop,,,,,0,0,Urban,0,,,Light rain,Null
1750058.0626,5945389.0123,890056,,506001,0,0,0,0,0,West,2024/2025,FORGE ROAD,FURNACE PLACE,,Non-Injury Crash,No,2025,0,East,0,0,0,Null,0,,0,,0,Bright sun,175701,0,0,0,2,0,0,0,0,1,,0,0,Auckland Region,Nil,2-way,Sealed,0,0,0,0,50,0,Null,0,0,,76,Auckland,Nil,0,0,0,0,0,0,Urban,1,0,0,Fine,Null
1761300.8557,5922944.2706,890057,,509400,0,0,0,1,0,Null,2023/2024,TAINUI ROAD,CHELTENHAM ROAD,,Serious Crash,No,2024,0,East,0,0,0,Flat,0,,0,,0,Bright sun,328400,0,0,0,2,0,0,0,0,0,,0,0,Auckland Region,Nil,2-way,Sealed,0,0,1,0,50,0,Off,0,0,,76,Auckland,Nil,0,0,0,1,0,0,Urban,0,0,0,Fine,Null
1761376.3718,5914332.4469,890059,,520202,0,,0,0,,North,2023/2024,SOUTHERN MOTORWAY,PENROSE INT N,,Minor Crash,Yes,2023,,North,,0,,Flat,,,,,,Bright sun,612501,1,0,1,3,,,0,,,,,,Auckland Region,Nil,1-way,Sealed,,0,0,,100,,Off,0,0,,76,Auckland,Nil,,,,,0,0,Open,1,,,Fine,Null
1763239.0716,5913493.1538,890060,,520402,0,0,0,3,0,South,2024/2025,RUAWAI ROAD,PRICE CRESCENT,,Non-Injury Crash,No,2025,0,South,0,0,0,Hill Road,0,,0,,0,Dark,640800,0,0,0,2,0,0,0,0,1,,0,0,Auckland Region,Nil,2-way,Sealed,0,0,0,0,50,0,On,0,0,,76,Auckland,Nil,0,0,0,0,0,0,Urban,0,0,0,Fine,Null
1760009.7328,5912281.3677,890066,,520000,0,0,1,1,0,West,2023/2024,CHURCH STREET,MOUNTJOY PLACE,,Non-Injury Crash,No,2023,0,East,0,0,0,Flat,0,,0,,1,Overcast,606800,0,0,0,2,0,0,0,0,1,,0,0,Auckland Region,Nil,2-way,Sealed,0,0,0,0,50,0,Off,0,0,,76,Auckland,Nil,0,0,0,0,0,0,Urban,0,0,0,Fine,Null
1761873.884,5982012.4119,890069,,505400,0,,0,0,,North,2023/2024,HAURAKI ROAD,WONDERVIEW ROAD,,Non-Injury Crash,No,2023,,North,,0,,Flat,,,,,,Overcast,137000,0,0,0,2,,,0,,,,,,Auckland Region,Nil,2-way,Sealed,,0,0,,50,,Off,1,0,,76,Auckland,Nil,,,,,0,0,Urban,1,,,Fine,Null
1771141.0131,5895251.2719,890071,,521201,0,,0,2,,North,2022/2023,HARBOURSIDE DRIVE,HINGAIA ROAD,,Non-Injury Crash,No,2023,,South,,0,,Flat,,,,,,Dark,806604,0,0,0,2,,,0,,,,,,Auckland Region,Nil,2-way,Sealed,,0,0,,50,,On,0,0,,76,Auckland,Nil,,,,,0,0,Urban,0,,,Fine,Null
1756501.2017,5926990.1199,890072,,507900,0,,0,0,,North,2025/2026,NORTHERN MOTORWAY,NORTHCOTE ROAD ON RAMP,,Non-Injury Crash,Yes,2025,,South,,0,,Flat,,,,,,Bright sun,303502,0,0,0,3,,,0,,,,,,Auckland Region,Motorway ramp,1-way,Sealed,,2,0,,100,,Off,0,0,,76,Auckland,Nil,,,,,0,0,Open,2,,,Fine,Null
1754259.6393,5918546.7177,890073,,515431,0,,0,2,,Null,2023/2024,GREAT NORTH ROAD,BULLOCK TRACK,,Minor Crash,No,2023,,South,,0,,Flat,,,,,,Dark,405300,1,0,0,2,,,0,,,,,,Auckland Region,Nil,2-way,Sealed,,0,0,,50,,On,0,0,,76,Auckland,Traffic Signals,,,,,0,0,Urban,0,,,Fine,Null
1766090.0822,5915610.5841,890075,,520601,0,,0,1,,Null,2022/2023,TRIPOLI ROAD,TOBRUK ROAD,,Minor Crash,No,2023,,South,,0,,Hill Road,,,,,,Dark,633900,1,0,0,2,,,0,,,,,,Auckland Region,Nil,2-way,Sealed,,0,0,,50,,On,0,0,30,76,Auckland,Give way,,,,,0,0,Urban,0,,,Light rain,Null
1771210.9041,5915985.6467,890080,,522712,0,0,0,1,0,Null,2025/2026,MACLEANS ROAD,BLEAKHOUSE ROAD,,Non-Injury Crash,No,2025,0,East,0,0,0,Hill Road,0,,1,,0,Bright sun,680601,0,0,0,2,0,0,0,0,0,,0,0,Auckland Region,Nil,2-way,Sealed,0,0,0,0,50,0,None,1,0,,76,Auckland,Give way,0,0,0,0,0,0,Urban,0,0,0,Fine,Null
1754462.5591,5916904.7217,890084,,517600,0,,1,0,,South,2025/2026,MORNINGSIDE DRIVE,EXETER ROAD,,Non-Injury Crash,No,2025,,South,,0,,Flat,,,,,,Bright sun,535400,0,0,0,2,,,0,,,1,,,Auckland Region,Nil,1-way,Sealed,,0,0,,50,,Off,0,0,,76,Auckland,Nil,,,,,0,0,Urban,0,,,Fine,Null
1751307.7828,5949744.6355,890089,,505805,1,,0,0,,Null,2023/2024,FLORENCE AVENUE,CENTREWAY ROAD,,Minor Crash,No,2024,,East,,0,,Flat,,,,,,Bright sun,171701,1,0,0,2,,,0,,,,,,Auckland Region,Nil,2-way,Sealed,,0,0,,50,,Off,0,0,,76,Auckland,Give way,,,,,0,0,Urban,1,,,Fine,Null
1766401.2493,5915224.582,890100,,520601,0,0,0,0,0,South,2025/2026,DUNKIRK ROAD,BENGHAZI ROAD,,Non-Injury Crash,No,2025,0,North,0,0,0,Flat,0,,0,,0,Overcast,629800,0,0,0,2,0,0,0,0,0,,0,1,Auckland Region,Nil,2-way,Sealed,0,0,0,0,50,0,Off,1,0,,76,Auckland,Nil,0,0,0,0,0,0,Urban,0,0,0,Fine,Null
1754547.8254,5915659.8833,890102,,517702,0,0,0,1,0,Null,2023/2024,HAVERSTOCK ROAD,DUNCAN AVENUE,,Non-Injury Crash,No,2024,0,North,0,0,0,Flat,0,,0,,0,Bright sun,541300,0,0,0,2,0,0,0,0,0,,0,1,Auckland Region,Nil,2-way,Sealed,0,0,0,0,50,0,Off,0,0,,76,Auckland,Give way,0,0,0,0,0,0,Urban,0,0,0,Fine,Null
1767425.2569,5901172.3793,890108,,524720,0,0,0,1,0,Null,2025/2026,RUSSELL ROAD,DEVERON ROAD,,Non-Injury Crash,No,2026,0,North,0,0,0,Flat,0,,0,,1,Dark,777503,0,0,0,2,0,0,0,0,0,,0,0,Auckland Region,Nil,2-way,Unsealed,0,0,0,0,50,0,On,0,0,,76,Auckland,Give way,0,0,0,0,0,0,Urban,0,0,0,Fine,Null
1738632.7535,5928956.421,890111,,505602,0,,0,1,,North,2022/2023,MAIN ROAD,HARIKOA STREET,,Non-Injury Crash,Yes,2023,,South,,0,,Flat,,,,,,Overcast,215000,0,0,0,2,,,0,,,,,,Auckland Region,Nil,2-way,Sealed,,0,0,,50,,Off,0,0,,76,Auckland,Nil,,,,,0,0,Urban,1,,,Fine,Null
1764176.1081,5909723.6569,890117,,521901,0,,0,2,,North,2022/2023,GREAT SOUTH ROAD,HALL AVENUE,,Non-Injury Crash,No,2023,,North,,0,,Flat,,,,,,Bright sun,784100,0,0,0,2,,,0,,,,,,Auckland Region,Nil,2-way,Sealed,,0,0,,30,,Off,0,0,,76,Auckland,Nil,,,,,0,0,Urban,0,,,Fine,Frost
1754473.0722,5945088.6247,890118,,505907,0,,0,1,,West,2025/2026,WHANGAPARAOA ROAD,WIRIANA PLACE,,Minor Crash,No,2025,,North,,0,,Hill Road,,,,,,Overcast,173417,1,0,0,2,,,0,,,,,,Auckland Region,Nil,2-way,Sealed,,0,0,,50,,Off,2,0,30,76,Auckland,Nil,,,,,0,0,Urban,0,,,Fine,Null
1755564.1581,5920133.5109,890126,,515302,0,,0,2,,South,2025/2026,PONSONBY ROAD,SUMMER STREET,,Non-Injury Crash,No,2025,,South,,0,,Flat,,,,,,Bright sun,430800,0,0,0,3,,,0,,,,,,Auckland Region,Nil,2-way,Sealed,,0,0,,40,,Off,0,0,,76,Auckland,Nil,,,,,0,0,Urban,0,,,Fine,Null
1756547.4868,5929245.5889,890127,,507720,0,,0,2,,North,2022/2023,GORDON AVENUE,PHILLIP PARADE,,Non-Injury Crash,No,2023,,South,,0,,Hill Road,,,,,,Bright sun,312100,0,0,0,2,,,0,,,,,,Auckland Region,Nil,2-way,Sealed,,0,0,,50,,Off,0,0,,76,Auckland,Nil,,,,,0,0,Urban,0,,,Fine,Null
1770070.0214,5905782.3381,890128,,523712,0,0,0,1,0,South,2024/2025,HIKUAWA ROAD,CASTLEBANE DRIVE,,Minor Crash,No,2024,0,South,0,0,0,Flat,0,,0,,0,Dark,713211,1,0,0,2,0,0,0,0,1,,0,0,Auckland Region,Nil,2-way,Sealed,0,0,0,0,50,0,On,0,0,,76,Auckland,Nil,0,0,0,0,1,0,Urban,0,0,0,Fine,Null
1763467.6446,5904859.2796,890132,,524303,0,,0,2,,North,2023/2024,SOUTH-WESTERN MOTORWAY,PUHINUI ROAD-SH 20B OFF RAMP,,Non-Injury Crash,Yes,2024,,North,,0,,Flat,,Christmas New Year,,,,Dark,780901,0,0,0,2,,,0,,,,,,Auckland Region,Nil,1-way,Sealed,,0,0,,100,,On,0,0,,76,Auckland,Nil,,,,,0,0,Open,0,,,Fine,Null
1754638.1375,5924773.0713,890133,,510500,0,,0,1,,Null,2022/2023,ONEWA ROAD,KAURI GLEN ROAD,,Minor Crash,No,2023,,West,,0,,Hill Road,,,,,,Overcast,356202,1,0,1,4,,,0,,,,,,Auckland Region,Nil,2-way,Sealed,,0,0,,50,,Off,0,0,,76,Auckland,Stop,,,,,0,0,Urban,0,,,Fine,Null
1748945.3361,5970757.6085,890134,,505500,0,,0,1,,Null,2024/2025,SANDSPIT ROAD,ELIZABETH STREET,,Non-Injury Crash,No,2025,,South,,0,,Flat,,,,,,Overcast,140300,0,0,0,3,,,0,,,,,,Auckland Region,Nil,2-way,Sealed,,0,0,,50,,Off,0,0,,76,Auckland,Give way,,,,,1,0,Urban,0,,,Heavy rain,Strong wind
1744136.153,5917302.0251,890142,,513220,0,0,0,1,0,North,2024/2025,STURGES ROAD,BURGUNDY PARK AVENUE,,Non-Injury Crash,No,2025,0,North,0,0,0,Flat,0,,0,,0,Overcast,236705,0,0,0,2,0,0,0,0,1,,0,0,Auckland Region,Nil,2-way,Sealed,0,0,0,0,50,0,Off,1,0,,76,Auckland,Nil,0,0,0,0,0,0,Urban,0,0,0,Fine,Null
1754392.7188,5934980.4902,890144,,507102,0,0,0,1,0,South,2023/2024,VALDESE RISE,JOHN DOWNS DRIVE,,Non-Injury Crash,No,2024,0,North,0,0,0,Hill Road,0,,0,,0,Overcast,158701,0,0,0,2,0,0,0,0,1,,0,0,Auckland Region,Nil,2-way,Sealed,0,0,0,0,50,0,Off,0,0,,76,Auckland,Nil,0,0,0,0,0,0,Urban,1,0,0,Fine,Null
1771031.1768,5879443.2837,890151,,525922,0,0,0,0,0,West,2023/2024,YATES ROAD,LOGAN ROAD,,Minor Crash,No,2024,0,East,0,0,1,Flat,0,,0,,0,Overcast,827100,2,0,0,2,0,0,0,0,0,,0,0,Auckland Region,Bridge,2-way,Sealed,0,0,0,0,60,0,Off,0,0,,76,Auckland,Nil,0,0,0,0,0,0,Urban,1,0,0,Fine,Null
1767150.6702,5904661.883,890161,,524604,0,,0,1,,South,2023/2024,SHARKEY STREET,CAVENDISH DRIVE,,Non-Injury Crash,No,2023,,South,,0,,Flat,,,,,,Overcast,780209,0,0,0,2,,,0,,,,,,Auckland Region,Nil,2-way,Sealed,,0,0,,50,,Off,1,0,,76,Auckland,Give way,,,,,0,0,Urban,0,,,Fine,Null
1761397.9195,5913215.4365,890162,,519500,0,,0,2,,West,2024/2025,STATION ROAD,OLIVE ROAD,,Non-Injury Crash,No,2025,,South,,0,,Flat,,,,,,Dark,621300,0,0,0,2,,,0,,,,,,Auckland Region,Nil,2-way,Sealed,,0,0,,50,,On,0,0,30,76,Auckland,Nil,,,,,0,0,Urban,0,,,Light rain,Null
1763284.9435,5919070.0154,890166,,516500,0,,0,2,,West,2025/2026,KEPA ROAD,DUDLEY ROAD,,Non-Injury Crash,No,2025,,East,,0,,Flat,,,,,,Dark,502100,0,0,0,2,,,0,,,,,,Auckland Region,Nil,2-way,Sealed,,0,0,,50,,On,0,0,,76,Auckland,Nil,,,,,0,0,Urban,0,,,Fine,Null
1749199.3942,5913557.3986,890167,,511401,0,0,0,1,0,South,2022/2023,TITIRANGI ROAD,MARGAN AVENUE,,Non-Injury Crash,No,2023,0,South,0,0,0,Hill Road,0,,0,,1,Bright sun,263500,0,0,0,2,0,0,0,0,0,,0,0,Auckland Region,Nil,2-way,Sealed,0,0,0,0,50,0,None,0,0,,76,Auckland,Nil,0,0,0,0,0,0,Urban,0,0,0,Fine,Null
1752342.53,5915100.8683,890168,,517902,0,,0,1,,West,2023/2024,SH 20,MAIORO STREET ON RAMP,,Non-Injury Crash,Yes,2024,,North,,0,,Hill Road,,,,,,Overcast,519900,0,0,0,3,,,0,,,,,,Auckland Region,Tunnel,1-way,Sealed,,0,0,,80,,Off,0,0,,76,Auckland,Nil,,,,,0,0,Open,1,,,Fine,Null
1759679.4075,5912999.995,890169,,520000,0,,0,2,,Null,2023/2024,MOUNT SMART ROAD,MAYS ROAD,,Non-Injury Crash,No,2023,,West,,0,,Flat,,,,,,Overcast,605500,0,0,0,2,,,0,,,,,,Auckland Region,Nil,1-way,Sealed,,0,0,,50,,Off,0,0,,76,Auckland,Give way,,,,,0,0,Urban,0,,,Light rain,Null
1775943.1687,5881926.7059,890175,,521160,0,,0,0,,Null,2023/2024,BOMBAY OFF RAMP,MILL ROAD,,Serious Crash,No,2024,,North,,0,,Flat,,,,,,Overcast,827700,2,0,0,1,,,0,,,,,,Auckland Region,Motorway ramp,1-way,Sealed,,0,1,,60,,Off,1,0,,76,Auckland,Stop,,,,,0,0,Urban,1,,,Fine,Null