X,Y,OBJECTID,advisorySpeed,areaUnitID,bicycle,bridge,bus,carStationWagon,cliffBank,crashDirectionDescription,crashFinancialYear,crashLocation1,crashLocation2,crashRoadSideRoad,crashSeverity,crashSHDescription,crashYear,debris,directionRoleDescription,ditch,fatalCount,fence,flatHill,guardRail,holiday,houseOrBuilding,intersection,kerb,light,meshblockId,minorInjuryCount,moped,motorcycle,NumberOfLanes,objectThrownOrDropped,otherObject,otherVehicleType,overBank,parkedVehicle,pedestrian,phoneBoxEtc,postOrPole,region,roadCharacter,roadLane,roadSurface,roadworks,schoolBus,seriousInjuryCount,slipOrFlood,speedLimit,strayAnimal,streetLight,suv,taxi,temporarySpeedLimit,tlaId,tlaName,trafficControl,trafficIsland,trafficSign,train,tree,truck,unknownVehicleType,urban,vanOrUtility,vehicle,waterRiver,weatherA,weatherB
1776840.4705,5906344.9869,890176,,523202,0,,0,1,,West,2023/2024,WHITFORD PARK ROAD,RIDGELINE WAY,,Non-Injury Crash,No,2024,,South,,0,,Hill Road,,Queens Birthday,,,,Overcast,716500,0,0,0,2,,,0,,,,,,Auckland Region,Nil,2-way,Sealed,,0,0,,80,,None,0,0,,76,Auckland,Nil,,,,,0,0,Open,0,,,Fine,Null
1736605.1365,5981890.6725,890178,,505300,0,0,0,2,0,North,2025/2026,PORT ALBERT ROAD,BELLEVUE AVENUE,,Minor Crash,Yes,2025,0,North,0,0,0,Hill Road,0,Labour Weekend,0,,0,Overcast,143200,1,0,0,2,0,0,0,0,2,,0,0,Auckland Region,Nil,2-way,Sealed,0,0,0,0,50,0,Off,1,0,,76,Auckland,Nil,0,0,0,0,0,0,Urban,0,0,0,Fine,Null
1755618.7363,5919925.6513,890181,,515302,0,,1,1,,South,2023/2024,PONSONBY ROAD,FRANKLIN ROAD,,Non-Injury Crash,No,2024,,South,,0,,Flat,,,,,,Bright sun,431100,0,0,0,4,,,0,,,,,,Auckland Region,Nil,2-way,Sealed,,0,0,,40,,Off,0,0,,76,Auckland,Nil,,,,,0,0,Urban,0,,,Fine,Null
1765952.4815,5913077.101,890182,,522920,0,,0,4,,West,2025/2026,PAKURANGA HIGHWAY,PAKURANGA BR E,,Non-Injury Crash,No,2025,,West,,0,,Flat,,,,,,Bright sun,683100,0,0,0,2,,,0,,,,,,Auckland Region,Bridge,1-way,Sealed,,0,0,,80,,Off,0,0,,76,Auckland,Nil,,,,,0,0,Open,0,,,Fine,Null
1766063.7586,5899658.9408,890183,,524822,0,0,0,2,0,East,2022/2023,PALMERS ROAD,BARNEYS FARM ROAD,,Non-Injury Crash,No,2023,0,West,0,0,0,Flat,0,,0,,1,Bright sun,774431,0,0,0,2,0,0,0,0,0,,0,0,Auckland Region,Nil,2-way,Sealed,0,0,0,0,50,0,Off,0,0,,76,Auckland,Nil,1,0,0,0,0,0,Urban,0,0,0,Fine,Null
1758356.0056,5911782.106,890184,,519810,0,,0,0,,North,2024/2025,SOUTH-WESTERN MOTORWAY,ONEHUNGA HARBOUR ROAD ON RAMP,,Non-Injury Crash,Yes,2024,,North,,0,,Null,,,,,,Bright sun,602501,0,0,0,3,,,0,,,,,,Auckland Region,Nil,1-way,Sealed,,0,0,,100,,Null,1,0,,76,Auckland,Nil,,,,,0,1,Open,0,,,Light rain,Null
1755141.1868,5917255.0761,890186,,517701,0,,0,1,,South,2024/2025,SANDRINGHAM ROAD,ETHEL STREET,,Non-Injury Crash,No,2024,,North,,0,,Null,,,,,,Unknown,536700,0,0,0,2,,,0,,,,,,Auckland Region,Nil,2-way,Null,,0,0,,50,,Null,1,0,,76,Auckland,Nil,,,,,0,0,Urban,0,,,Null,Null
1763055.1704,5912877.7708,890190,,520500,0,,0,2,,West,2024/2025,SOUTHERN MOTORWAY,SH1 OBR,,Non-Injury Crash,Yes,2025,,West,,0,,Flat,,,,,,Bright sun,637300,0,0,0,3,,,0,,,,,,Auckland Region,Nil,1-way,Sealed,,0,0,,100,,Off,0,0,,76,Auckland,Nil,,,,,0,0,Open,0,,,Fine,Null
1752610.9376,5954589.906,890192,,505803,0,,0,3,,North,2024/2025,HIBISCUS COAST HIGHWAY,WAIWERA ROAD,,Minor Crash,No,2025,,North,,0,,Hill Road,,,,,,Bright sun,170601,3,0,0,2,,,0,,,,,,Auckland Region,Nil,2-way,Sealed,,0,0,,80,,Off,0,0,,76,Auckland,Nil,,,,,0,0,Open,0,,,Fine,Null
1776189.5504,5884556.9603,890194,,521132,0,,0,2,,North,2024/2025,SOUTHERN MOTORWAY,ST STEPHENS OBR,,Non-Injury Crash,Yes,2024,,North,,0,,Hill Road,,,,,,Overcast,814701,0,0,0,2,,,0,,,,,,Auckland Region,Nil,1-way,Sealed,,0,0,,100,,Off,0,0,,76,Auckland,Nil,,,,,0,0,Open,1,,,Light rain,Null
1766551.0066,5908116.9176,890195,,523402,0,0,0,2,0,Null,2023/2024,BAIRDS ROAD,OTARA ROAD,,Minor Crash,No,2023,0,East,0,0,2,Flat,0,,0,,0,Bright sun,698600,1,0,0,3,0,0,0,0,0,,0,0,Auckland Region,Nil,2-way,Sealed,0,0,0,0,50,0,Off,2,0,,76,Auckland,Traffic Signals,0,0,0,0,0,0,Urban,0,0,0,Fine,Null
1755875.7441,5916797.4654,890198,,518201,0,,0,1,,Null,2024/2025,DOMINION ROAD,ELIZABETH STREET,,Non-Injury Crash,No,2025,,South,,0,,Flat,,,,,,Dark,549200,0,0,0,2,,,0,,,,,,Auckland Region,Nil,2-way,Sealed,,0,0,,50,,On,1,0,,76,Auckland,Nil,,,,,0,0,Urban,0,,,Fine,Null
1757772.3947,5928808.1445,890201,,507800,0,,0,1,,Null,2023/2024,KITCHENER ROAD,PIERCE ROAD,,Serious Crash,No,2024,,East,,0,,Flat,,Christmas New Year,,,,Bright sun,310400,0,0,0,2,,,0,,,,,,Auckland Region,Nil,2-way,Sealed,,0,1,,50,,Off,0,0,,76,Auckland,Nil,,,,,0,0,Urban,0,,,Fine,Null
1762142.2072,5916951.9701,890202,,516302,0,,0,1,,East,2025/2026,REMUERA ROAD,KORAHA STREET,,Non-Injury Crash,No,2025,,East,,0,,Flat,,,,,,Overcast,463300,0,0,0,4,,,0,,,,,,Auckland Region,Nil,2-way,Sealed,,0,0,,50,,Off,0,0,,76,Auckland,Nil,,,,,0,0,Urban,1,,,Fine,Null
1755397.9954,5921333.5997,890205,,515202,0,0,0,2,0,North,2023/2024,SHELLY BEACH ROAD,EMMETT STREET,,Minor Crash,No,2023,0,South,0,0,0,Flat,0,,0,,0,Bright sun,423900,1,0,0,2,0,0,0,0,1,,0,0,Auckland Region,Nil,2-way,Sealed,0,0,0,0,50,0,None,0,0,,76,Auckland,Nil,0,0,0,0,0,0,Urban,0,0,0,Fine,Null
1754108.5151,5913176.2525,890210,,518901,0,0,0,2,0,Null,2025/2026,MAY ROAD,RICHARDSON ROAD,,Non-Injury Crash,No,2025,0,South,0,0,0,Flat,0,,0,,0,Dark,585102,0,0,0,2,0,0,0,0,0,,0,0,Auckland Region,Nil,2-way,Sealed,0,0,0,0,50,0,On,0,0,,76,Auckland,Traffic Signals,0,0,0,0,0,0,Urban,0,1,0,Fine,Null
1756081.0404,5938132.5675,890212,,508900,0,0,0,1,0,Null,2023/2024,TE ONEROA WAY,BEARING PARADE,,Non-Injury Crash,No,2023,0,South,0,0,0,Hill Road,0,,0,,1,Dark,178307,0,0,0,1,0,0,0,0,0,,0,0,Auckland Region,Nil,1-way,Sealed,0,0,0,0,50,0,On,0,0,,76,Auckland,Give way,0,0,0,1,0,0,Urban,0,0,0,Light rain,Null
1752928.4235,5927698.3513,890215,,508210,0,0,0,1,0,North,2024/2025,PEACH ROAD,STANLEY ROAD,,Non-Injury Crash,No,2024,0,East,0,0,2,Hill Road,0,,0,,0,Dark,187500,0,0,0,2,0,0,0,0,0,1,0,0,Auckland Region,Nil,2-way,Sealed,0,0,0,0,50,0,On,0,0,,76,Auckland,Nil,0,0,0,0,0,0,Urban,0,0,0,Light rain,Null
1769839.6862,5880504.014,890218,,525922,0,0,0,1,0,Null,2024/2025,STATION ROAD,SUBWAY ROAD,,Minor Crash,No,2025,0,South,0,0,0,Flat,0,Easter,0,,0,Overcast,817002,1,0,0,2,0,0,0,0,0,,0,1,Auckland Region,Nil,2-way,Sealed,0,0,0,0,50,0,Off,0,0,,76,Auckland,Give way,0,0,0,0,0,0,Urban,0,0,0,Light rain,Null
1767284.2141,5910478.5114,890221,,523112,0,0,0,0,0,West,2023/2024,HIGHBROOK DRIVE,MAURICE PAYKEL PLACE,,Non-Injury Crash,No,2023,0,West,0,0,0,Flat,0,,1,,0,Dark,711200,0,0,0,4,0,0,0,1,0,,0,1,Auckland Region,Nil,2-way,Sealed,0,0,0,0,50,0,On,0,0,,76,Auckland,Nil,0,0,0,0,1,0,Urban,0,0,0,Light rain,Null
1756871.7426,5925130.389,890231,,509702,0,,0,2,,North,2023/2024,NORTHERN MOTORWAY,EXMOUTH FTBR,,Non-Injury Crash,Yes,2024,,North,,0,,Flat,,,,,,Overcast,366000,0,0,0,4,,,0,,,,,,Auckland Region,Nil,1-way,Sealed,,0,0,,100,,Off,0,0,,76,Auckland,Nil,,,,,0,0,Open,0,,,Fine,Null
1766040.2328,5900492.8993,890232,,524713,0,0,0,1,0,Null,2023/2024,ROSCOMMON ROAD,BURUNDI AVENUE,,Non-Injury Crash,No,2024,0,South,0,0,0,Flat,0,,0,,0,Dark,775819,0,0,0,2,0,0,0,0,0,,0,1,Auckland Region,Nil,2-way,Sealed,0,0,0,0,50,0,On,0,0,,76,Auckland,Traffic Signals,0,0,0,0,0,0,Urban,0,0,0,Light rain,Null
1747203.252,5913520.3394,890234,,511100,0,0,0,0,0,North,2024/2025,CAPTAIN SCOTT ROAD,EVANS ROAD,,Non-Injury Crash,No,2025,0,North,0,0,0,Null,0,,0,,1,Twilight,286400,0,0,0,2,0,0,0,0,1,,0,0,Auckland Region,Nil,2-way,Sealed,0,0,0,0,50,0,On,1,0,,76,Auckland,Nil,0,0,0,0,0,0,Urban,0,0,0,Null,Null
1766034.9499,5900504.0166,890235,,524713,0,0,0,1,0,Null,2024/2025,ROSCOMMON ROAD,BURUNDI AVENUE,,Minor Crash,No,2024,0,South,0,0,1,Flat,0,,0,,0,Bright sun,775819,1,0,0,2,0,0,0,0,0,,0,0,Auckland Region,Nil,2-way,Sealed,0,0,0,0,50,0,None,1,0,,76,Auckland,Traffic Signals,0,0,0,0,0,0,Urban,0,0,0,Fine,Null
1758288.7799,5927770.8655,890239,,508010,0,,0,2,,Null,2023/2024,HURSTMERE ROAD,EARNOCH AVENUE,,Non-Injury Crash,No,2023,,North,,0,,Flat,,,,,,Bright sun,326700,0,0,0,2,,,0,,,,,,Auckland Region,Nil,2-way,Sealed,,0,0,,50,,Off,0,0,,76,Auckland,Give way,,,,,0,0,Urban,0,,,Fine,Null
1773281.6553,5897257.7181,890242,,525630,0,0,0,1,0,Null,2025/2026,SHIRLEY AVENUE,OLD WAIROA ROAD,,Minor Crash,No,2025,0,North,0,0,1,Flat,0,,0,,0,Dark,794400,2,0,0,2,0,0,0,0,0,,0,0,Auckland Region,Nil,2-way,Sealed,0,0,0,0,50,0,On,0,0,,76,Auckland,Nil,0,0,0,1,0,0,Urban,0,0,0,Fine,Null
1766030.3902,5906458.2232,890244,,522301,0,0,0,1,0,North,2023/2024,TUI ROAD,EDNEY LANE,,Non-Injury Crash,No,2023,0,North,0,0,0,Flat,0,Christmas New Year,0,,0,Dark,667400,0,0,0,2,0,0,0,0,0,,0,1,Auckland Region,Nil,2-way,Sealed,0,0,0,0,50,0,On,0,0,,76,Auckland,Nil,0,0,0,0,0,0,Urban,0,0,0,Fine,Null
1761620.9863,5912458.0243,890247,,519500,0,,0,2,,East,2024/2025,CHURCH STREET,NEILSON STREET,,Non-Injury Crash,No,2024,,East,,0,,Hill Road,,,,,,Dark,622400,0,0,0,4,,,0,,,,,,Auckland Region,Nil,2-way,Sealed,,0,0,,50,,On,0,2,,76,Auckland,Nil,,,,,0,0,Urban,0,,,Fine,Null
1762187.1706,5913637.905,890250,,520500,0,,0,2,,South,2024/2025,SOUTHERN MOTORWAY,PENROSE OBR,,Non-Injury Crash,Yes,2025,,North,,0,,Flat,,,,,,Bright sun,637100,0,0,0,3,,,0,,,,,,Auckland Region,Nil,1-way,Sealed,,0,0,,100,,Null,0,0,,76,Auckland,Nil,,,,,0,0,Open,0,,,Fine,Null
1755714.5515,5918353.8095,890251,,515500,0,,0,2,,East,2023/2024,NORTH-WESTERN MOTORWAY,BOND OBR,,Non-Injury Crash,Yes,2024,,East,,0,,Flat,,,,,,Bright sun,419400,0,0,0,4,,,0,,,,,,Auckland Region,Nil,1-way,Sealed,,0,0,,80,,Off,0,0,,76,Auckland,Nil,,,,,0,0,Open,0,,,Heavy rain,Strong wind
1768100.9704,5904096.0105,890252,,523820,0,,0,1,,North,2023/2024,SOUTHERN MOTORWAY,LINK 20 SBD OBR,,Non-Injury Crash,Yes,2024,,South,,0,,Flat,,,,,,Bright sun,759901,0,0,0,3,,,0,,,,,,Auckland Region,Nil,1-way,Sealed,,0,0,,100,,Off,1,0,,76,Auckland,Nil,,,,,0,0,Open,0,,,Fine,Null
1746308.8923,5912098.1301,890257,,512600,0,,0,1,,Null,2022/2023,ANNISON AVENUE,COEY PLACE,,Minor Crash,No,2023,,East,,0,,Hill Road,,,,,,Dark,299402,1,0,0,2,,,0,,,,,,Auckland Region,Nil,2-way,Sealed,,0,0,,50,,On,0,0,,76,Auckland,Give way,,,,,0,0,Urban,0,,,Mist or Fog,Null
1763273.4562,5912844.749,890270,,520500,0,0,0,1,0,East,2023/2024,SOUTH-EASTERN HWY OFF RAMP,SOUTHERN MOTORWAY,,Non-Injury Crash,No,2024,0,East,0,0,0,Flat,0,,0,,0,Dark,637400,0,0,0,1,0,0,0,0,0,,0,1,Auckland Region,Motorway ramp,1-way,Sealed,0,0,0,0,100,0,On,0,0,,76,Auckland,Nil,0,0,0,0,0,0,Open,0,0,0,Light rain,Null
1748205.8681,5969353.1253,890271,,505500,0,0,1,1,0,North,2023/2024,MORRISON DRIVE,GUMFIELD DRIVE,,Non-Injury Crash,No,2023,0,South,0,0,0,Hill Road,0,,0,,0,Overcast,146002,0,0,0,2,0,0,0,0,1,,0,0,Auckland Region,Nil,2-way,Sealed,0,1,0,0,50,0,Off,0,0,,76,Auckland,Nil,0,0,0,0,0,0,Urban,1,0,0,Fine,Null
1765883.172,5913368.0802,890275,,522920,0,0,0,1,0,Null,2023/2024,PAKURANGA ROAD,MILLEN AVENUE,,Non-Injury Crash,No,2024,0,West,0,0,0,Flat,0,,0,,0,Dark,683000,0,0,0,4,0,0,0,0,0,,0,0,Auckland Region,Nil,2-way,Sealed,0,0,0,0,50,0,On,0,0,,76,Auckland,Traffic Signals,0,1,0,0,0,0,Urban,0,0,0,Fine,Null
1745115.0173,5916623.01,890285,,510800,0,0,0,1,0,Null,2025/2026,EILEEN NEWEY PLACE,HENDERSON VALLEY ROAD,,Non-Injury Crash,No,2026,0,East,0,0,0,Flat,0,Christmas New Year,0,,0,Dark,241800,0,0,0,2,0,0,0,0,0,,0,1,Auckland Region,Nil,2-way,Sealed,0,0,0,0,50,0,On,0,0,,76,Auckland,Give way,0,0,0,0,0,0,Urban,0,0,0,Light rain,Null
1778947.4987,5914009.9449,890286,,523202,0,0,0,1,0,South,2024/2025,WHITFORD MARAETAI ROAD,OKARORO DRIVE,,Minor Crash,No,2024,0,North,0,0,0,Hill Road,0,,0,,0,Bright sun,762501,3,0,0,2,0,0,0,0,0,,0,0,Auckland Region,Nil,2-way,Sealed,0,0,0,0,80,0,Null,0,0,,76,Auckland,Nil,0,0,0,1,0,0,Open,0,0,0,Fine,Null
1745275.9659,5919461.6486,890289,,513301,0,,0,1,,North,2025/2026,LINCOLN ROAD,POINSETTIA PLACE,,Non-Injury Crash,No,2025,,South,,0,,Flat,,,,,,Overcast,230601,0,0,0,4,,,0,,,,,,Auckland Region,Nil,2-way,Sealed,,0,0,,50,,Off,0,0,,76,Auckland,Nil,,,,,0,0,Urban,1,,,Light rain,Strong wind
1761743.9852,5906563.4378,890291,,524112,0,,0,1,,Null,2023/2024,MASSEY ROAD,MASSEY ROAD ON RAMP,,Non-Injury Crash,No,2024,,North,,0,,Hill Road,,,,,,Overcast,742300,0,0,0,6,,,0,,,,,,Auckland Region,Motorway ramp,2-way,Sealed,,0,0,,50,,Off,0,0,,76,Auckland,Traffic Signals,,,,,1,0,Urban,0,,,Fine,Null
1735627.3776,5909832.4428,890292,55,513800,0,,0,1,,West,2023/2024,PIHA ROAD,ANAWHATA ROAD,,Serious Crash,No,2023,,West,,0,,Hill Road,,,,,,Twilight,281902,1,0,0,2,,,0,,,,,,Auckland Region,Nil,2-way,Sealed,,0,3,,60,,None,0,0,,76,Auckland,Nil,,,,,0,0,Urban,1,,,Fine,Null
1770371.4628,5914144.341,890293,,522722,0,0,0,0,0,Null,2025/2026,DALWHINNIE PARADE,KINCRAIG PLACE,,Non-Injury Crash,No,2025,0,East,0,0,0,Flat,0,,0,,0,Overcast,681303,0,0,0,2,0,0,0,0,0,,0,0,Auckland Region,Nil,2-way,Sealed,0,0,0,0,50,0,Off,0,0,,76,Auckland,Nil,0,0,0,1,0,0,Urban,1,0,0,Light rain,Null
1755933.7725,5926798.1478,890297,,508620,0,,0,1,,West,2025/2026,SUNNYBRAE ROAD,NORTHCOTE ROAD,,Non-Injury Crash,No,2025,,East,,0,,Null,,,,,,Overcast,204500,0,0,0,3,,,0,,,,,,Auckland Region,Nil,1-way,Sealed,,0,0,,50,,Null,0,0,,76,Auckland,Nil,,,,,0,0,Urban,1,,,Fine,Null
1756789.5027,5925022.4654,890301,,509702,0,0,0,1,0,South,2025/2026,NORTHERN MOTORWAY,EXMOUTH FTBR,,Non-Injury Crash,Yes,2026,0,North,0,0,0,Flat,1,,0,,0,Dark,366602,0,0,0,4,0,0,0,0,0,,0,0,Auckland Region,Nil,1-way,Sealed,0,0,0,0,100,0,On,0,0,,76,Auckland,Nil,0,0,0,0,0,0,Open,0,0,0,Fine,Null
1731512.2136,5908841.5381,890305,,513800,0,0,0,1,1,East,2025/2026,SEAVIEW ROAD,RAYNER ROAD,,Minor Crash,No,2025,0,West,0,0,0,Hill Road,0,,0,,0,Bright sun,282015,1,0,0,2,0,0,0,0,0,,0,0,Auckland Region,Nil,2-way,Sealed,0,0,0,0,50,0,Off,0,0,,76,Auckland,Nil,0,0,0,0,0,0,Urban,0,0,0,Fine,Null
1761957.9343,5906081.287,890308,,524200,0,,0,2,,West,2023/2024,TIDAL ROAD,WAOKAURI PLACE,,Serious Crash,No,2023,,North,,0,,Flat,,,,,,Dark,728900,2,0,0,2,,,0,,,,,,Auckland Region,Nil,2-way,Sealed,,0,1,,50,,On,0,0,,76,Auckland,Nil,,,,,0,0,Urban,0,,,Fine,Null
1762331.393,5908006.3199,890310,,524530,0,0,0,1,0,East,2022/2023,TENNESSEE AVENUE,FARMER STREET,,Non-Injury Crash,No,2023,0,East,0,0,0,Flat,0,,0,,0,Dark,732700,0,0,0,2,0,0,0,0,1,,0,1,Auckland Region,Nil,2-way,Sealed,0,0,0,0,50,0,On,0,0,,76,Auckland,Nil,0,0,0,0,0,0,Urban,1,0,0,Fine,Null
1742064.2073,5931031.6003,890313,,505603,0,0,0,1,0,South,2025/2026,COATESVILLE-RIVERHEAD HIGHWAY,DUKE STREET,,Non-Injury Crash,No,2026,0,North,0,0,1,Flat,0,,0,,0,Dark,213603,0,0,0,2,0,0,0,0,0,,0,0,Auckland Region,Nil,2-way,Sealed,0,0,0,0,50,0,On,0,0,,76,Auckland,Nil,0,0,0,0,0,0,Urban,0,0,0,Fine,Null
1756023.6651,5923640.8248,890314,25,509800,0,,0,2,,South,2024/2025,SULPHUR BEACH ROAD,BEACH ROAD,,Non-Injury Crash,No,2024,,North,,0,,Flat,,,,,,Bright sun,359100,0,0,0,2,,,0,,,,,,Auckland Region,Nil,2-way,Sealed,,0,0,,50,,Off,0,0,,76,Auckland,Nil,,,,,0,0,Urban,0,,,Null,None
1751857.3602,5938799.8743,890320,,506300,0,0,0,1,0,North,2022/2023,NORTHERN MOTORWAY,OTEHA VALLEY ROAD ON RAMP,,Non-Injury Crash,Yes,2023,0,North,0,0,0,Hill Road,1,,0,,0,Bright sun,176004,0,0,0,2,0,0,0,0,0,,0,0,Auckland Region,Nil,1-way,Sealed,0,0,0,0,100,0,Off,0,0,,76,Auckland,Nil,0,0,0,0,0,0,Open,0,0,0,Fine,Null
1753515.5395,5916060.9041,890325,,517903,0,,0,1,,North,2025/2026,MOUNT ALBERT ROAD,KERR-TAYLOR AVENUE,,Non-Injury Crash,No,2025,,West,,0,,Null,,,,,,Bright sun,522702,0,0,0,2,,,0,,,,,,Auckland Region,Nil,2-way,Sealed,,0,0,,50,,Null,0,0,,76,Auckland,Nil,,,,,0,1,Urban,0,,,Fine,Null
1769322.8131,5881085.2867,890328,,525922,0,,0,1,,Null,2022/2023,STADIUM DRIVE,KING STREET,,Minor Crash,No,2023,,South,,0,,Flat,,,,,,Overcast,823800,2,0,0,2,,,0,,,,,,Auckland Region,Nil,2-way,Sealed,,0,0,,50,,Off,0,0,,76,Auckland,Give way,,,,,0,0,Urban,1,,,Fine,Null
1765004.12,5914891.9236,890330,,520301,0,,0,2,,Null,2024/2025,JELLICOE ROAD,PLEASANT VIEW ROAD,,Minor Crash,No,2025,,North,,0,,Flat,,,,,,Dark,628100,1,0,0,3,,,0,,,,,,Auckland Region,Nil,2-way,Sealed,,0,0,,50,,On,0,0,,76,Auckland,Traffic Signals,,,,,0,0,Urban,1,,,Heavy rain,Null
1758092.1935,5916432.8203,890338,,515801,0,0,0,1,0,West,2023/2024,RANFURLY ROAD,MANUKAU ROAD,,Non-Injury Crash,No,2024,0,East,0,0,1,Flat,0,,0,,0,Dark,446100,0,0,0,2,0,0,0,0,0,,0,1,Auckland Region,Nil,2-way,Sealed,0,0,0,0,50,0,On,0,0,,76,Auckland,Nil,1,0,0,0,0,0,Urban,0,0,0,Fine,Null
1758843.4898,5911920.6385,890339,,519810,0,,0,2,,Null,2024/2025,SELWYN STREET,PRINCES STREET,,Minor Crash,No,2025,,North,,0,,Flat,,,,,,Dark,602200,1,0,0,4,,,0,,,,,,Auckland Region,Nil,2-way,Sealed,,0,0,,50,,On,0,0,,76,Auckland,Traffic Signals,,,,,0,0,Urban,0,,,Fine,Null
1771897.8308,5905739.1714,890341,,523713,0,0,0,1,0,Null,2025/2026,MCQUOIDS ROAD,WHAKATUPU ROAD,,Non-Injury Crash,No,2025,0,North,0,0,0,Flat,0,,0,,0,Bright sun,713400,0,0,0,2,0,0,0,0,0,,0,0,Auckland Region,Nil,2-way,Sealed,0,0,0,0,50,0,None,0,0,10,76,Auckland,Give way,0,2,0,0,0,0,Urban,1,0,0,Fine,Null
1752716.6748,5971267.9856,890343,,506661,0,,0,1,,North,2024/2025,SHARP ROAD,RIDGEWATER LANE,,Serious Crash,No,2025,,South,,0,,Hill Road,,,,,,Overcast,139302,0,0,1,2,,,0,,,,,,Auckland Region,Nil,2-way,Sealed,,0,1,,80,,None,0,0,,76,Auckland,Nil,,,,,0,0,Open,0,,,Fine,Null
1756938.2868,5918657.853,890345,,514301,0,,0,2,,Null,2025/2026,SYMONDS STREET,MOUNT EDEN ROAD,,Non-Injury Crash,No,2025,,South,,0,,Flat,,,,,,Twilight,441800,0,0,0,4,,,0,,,,,,Auckland Region,Nil,2-way,Sealed,,0,0,,50,,Off,0,0,,76,Auckland,Traffic Signals,,,,,0,0,Urban,0,,,Fine,Null
1768909.3941,5908666.591,890353,,523113,0,0,0,1,0,West,2025/2026,EAST TAMAKI ROAD,ACCENT DRIVE,,Non-Injury Crash,No,2026,0,West,0,0,0,Flat,0,,0,,1,Bright sun,711801,0,0,0,2,0,0,0,0,0,,0,0,Auckland Region,Nil,2-way,Sealed,0,0,0,0,60,0,Off,0,0,,76,Auckland,Nil,0,0,0,1,0,0,Urban,0,0,0,Fine,Null
1752674.7364,5916793.94,890368,,517901,0,,0,0,,North,2022/2023,CARRINGTON ROAD,BENFIELD AVENUE,,Minor Crash,No,2023,,South,,0,,Flat,,,,,,Overcast,524300,1,0,0,2,,,0,,,,,,Auckland Region,Nil,2-way,Sealed,,0,0,,50,,Off,2,0,,76,Auckland,Nil,,,,,0,0,Urban,0,,,Mist or Fog,Null
1770058.266,5912865.7915,890370,,523101,0,,0,2,,East,2024/2025,CASCADES ROAD,AVIEMORE DRIVE,,Minor Crash,No,2024,,West,,0,,Flat,,,,,,Overcast,710515,2,0,0,2,,,0,,,,,,Auckland Region,Nil,2-way,Sealed,,0,0,,60,,Off,0,0,,76,Auckland,Nil,,,,,0,0,Urban,0,,,Fine,Null
1765739.2969,5908225.6328,890373,,523404,0,,0,3,,South,2025/2026,SOUTHERN MOTORWAY,BAIRDS OBR,,Non-Injury Crash,Yes,2025,,North,,0,,Flat,,,,,,Bright sun,696801,0,0,0,3,,,0,,,,,,Auckland Region,Nil,1-way,Sealed,,0,0,,100,,Off,0,0,,76,Auckland,Nil,,,,,0,0,Open,0,,,Fine,Null
1757779.5593,5915971.4516,890377,,515801,0,,0,1,,East,2025/2026,KING GEORGE AVENUE,GILLIES AVENUE,,Non-Injury Crash,No,2025,,North,,0,,Flat,,,,,,Overcast,446700,0,0,0,3,,,0,,,1,,,Auckland Region,Nil,2-way,Sealed,,0,0,,50,,Off,0,0,,76,Auckland,Nil,,,,,0,0,Urban,0,,,Fine,Null
1768348.8535,5903629.2714,890386,,523820,0,,0,0,,North,2023/2024,SOUTH-WESTERN MOTORWAY,SOUTHERN MOTORWAY,,Non-Injury Crash,Yes,2023,,South,,0,,Flat,,,,,,Bright sun,760142,0,0,0,3,,,0,,,,,,Auckland Region,Nil,1-way,Sealed,,0,0,,100,,Off,2,0,,76,Auckland,Nil,,,,,0,0,Open,0,,,Fine,Null
1758038.1143,5913468.4093,890396,,518600,0,,0,2,,Null,2023/2024,MOUNT ALBERT ROAD,ERSON AVENUE,,Non-Injury Crash,No,2023,,East,,0,,Flat,,,,,,Dark,567300,0,0,0,4,,,0,,,,,,Auckland Region,Nil,2-way,Sealed,,0,0,,50,,On,0,0,,76,Auckland,Give way,,,,,0,0,Urban,0,,,Fine,Null
1763944.5426,5909741.8777,890397,,521901,0,,0,0,,West,2024/2025,MASON AVENUE,GREAT SOUTH ROAD,,Serious Crash,No,2025,,East,,0,,Flat,,,,,,Overcast,784200,0,0,0,2,,,0,,,1,,,Auckland Region,Nil,2-way,Sealed,,0,1,,30,,Off,1,0,,76,Auckland,Nil,,,,,0,0,Urban,0,,,Light rain,Null
1776105.6127,5900516.5823,890401,75,523813,0,0,0,1,0,Null,2024/2025,ALFRISTON-ARDMORE ROAD,AIRFIELD ROAD,,Non-Injury Crash,No,2025,0,South,1,0,0,Flat,0,,0,,0,Dark,761500,0,0,0,2,0,0,0,0,0,,0,0,Auckland Region,Nil,2-way,Sealed,0,0,0,0,100,0,Off,0,0,,76,Auckland,Give way,0,0,0,0,0,0,Open,0,0,0,Fine,Null
1760333.1042,5916071.8963,890405,,516003,0,,0,2,,South,2024/2025,GREEN LANE EAST,ELLERSLIE RACECOURSE DRIVE,,Non-Injury Crash,No,2024,,North,,0,,Flat,,,,,,Dark,494902,0,0,0,2,,,0,,,,,,Auckland Region,Nil,2-way,Sealed,,0,0,,50,,On,0,0,,76,Auckland,Nil,,,,,0,0,Urban,0,,,Fine,Null