X,Y,OBJECTID,advisorySpeed,areaUnitID,bicycle,bridge,bus,carStationWagon,cliffBank,crashDirectionDescription,crashFinancialYear,crashLocation1,crashLocation2,crashRoadSideRoad,crashSeverity,crashSHDescription,crashYear,debris,directionRoleDescription,ditch,fatalCount,fence,flatHill,guardRail,holiday,houseOrBuilding,intersection,kerb,light,meshblockId,minorInjuryCount,moped,motorcycle,NumberOfLanes,objectThrownOrDropped,otherObject,otherVehicleType,overBank,parkedVehicle,pedestrian,phoneBoxEtc,postOrPole,region,roadCharacter,roadLane,roadSurface,roadworks,schoolBus,seriousInjuryCount,slipOrFlood,speedLimit,strayAnimal,streetLight,suv,taxi,temporarySpeedLimit,tlaId,tlaName,trafficControl,trafficIsland,trafficSign,train,tree,truck,unknownVehicleType,urban,vanOrUtility,vehicle,waterRiver,weatherA,weatherB
1742794.0,5918717.1503,890412,,513213,0,,0,1,,West,2024/2025,ROBERTSON ROAD,RANUI STATION ROAD,,Serious Crash,No,2024,,West,,0,,Flat,,,,,,Overcast,235200,0,0,0,2,,,0,,,1,,,Auckland Region,Nil,2-way,Sealed,,0,1,,50,,None,0,0,,76,Auckland,Nil,,,,,0,0,Urban,0,,,Light rain,Null
1768172.2776,5902462.8378,890419,,524602,0,,0,2,,Null,2022/2023,BROWNS ROAD,GREAT SOUTH ROAD,,Non-Injury Crash,No,2023,,South,,0,,Flat,,,,,,Overcast,780700,0,0,0,4,,,0,,,,,,Auckland Region,Nil,2-way,Sealed,,0,0,,50,,Off,0,0,,76,Auckland,Traffic Signals,,,,,0,0,Urban,0,,,Fine,None
1768208.2508,5908778.6381,890426,,523502,0,0,0,1,0,Null,2024/2025,MATAMATA PLACE,MATAMATA PLACE,,Minor Crash,No,2025,0,East,0,0,1,Flat,0,,0,,0,Bright sun,702401,1,0,0,2,0,0,0,0,0,,0,0,Auckland Region,Nil,2-way,Sealed,0,0,0,0,50,0,Off,0,0,,76,Auckland,Nil,0,0,0,0,0,0,Urban,0,0,0,Fine,Null
1755133.2801,5914326.4585,890427,,518500,0,,0,2,,South,2024/2025,MOUNT ALBERT ROAD,MOUNT ROSKILL ROAD,,Non-Injury Crash,No,2024,,South,,0,,Null,,,,,,Overcast,560900,0,0,0,4,,,0,,,,,,Auckland Region,Nil,2-way,Sealed,,0,0,,50,,Null,0,0,,76,Auckland,Nil,,,,,0,0,Urban,0,,,Fine,Null
1758192.5607,5913585.8487,890431,,518600,0,,0,3,,Null,2023/2024,MANUKAU ROAD,TURAMA ROAD,,Non-Injury Crash,No,2024,,South,,0,,Flat,,,,,,Bright sun,567300,0,0,0,2,,,0,,,,,,Auckland Region,Nil,2-way,Sealed,,0,0,,50,,Off,0,0,,76,Auckland,Stop,,,,,0,0,Urban,0,,,Fine,Null
1762201.1208,5916095.9008,890433,,516003,0,,0,1,,Null,2024/2025,ABBOTTS WAY,GRAND DRIVE,,Non-Injury Crash,No,2025,,East,,0,,Null,,,,,,Bright sun,494700,0,0,0,2,,,0,,,,,,Auckland Region,Nil,2-way,Sealed,,0,0,,50,,Null,0,0,,76,Auckland,Traffic Signals,,,,,0,0,Urban,1,,,Fine,Null
1750002.5871,5917999.9646,890439,,514801,0,,0,2,,Null,2024/2025,NORTH-WESTERN MOTORWAY,ROSEBANK ROAD OFF RAMP,,Minor Crash,Yes,2024,,West,,0,,Flat,,,,,,Bright sun,390401,1,0,0,5,,,0,,,,,,Auckland Region,Nil,1-way,Sealed,,0,0,,100,,Off,0,0,,76,Auckland,Nil,,,,,0,0,Open,0,,,Fine,Null
1751644.2367,5916887.8991,890440,,514900,0,,0,1,,Null,2023/2024,GREAT NORTH ROAD,KOKOPU LANE,,Non-Injury Crash,No,2023,,South,,0,,Flat,,,,,,Bright sun,384704,0,0,0,4,,,0,,,,,,Auckland Region,Nil,2-way,Sealed,,0,0,,50,,Null,0,0,,76,Auckland,Traffic Signals,,,,,0,0,Urban,0,,,Fine,Null
1746819.4643,5918698.5504,890444,,512401,0,,0,2,,North,2023/2024,TE ATATU ROAD,WAKELING AVENUE,,Minor Crash,No,2024,,North,,0,,Flat,,,,,,Bright sun,255600,1,0,0,2,,,0,,,,,,Auckland Region,Nil,2-way,Sealed,,0,0,,50,,Off,0,0,,76,Auckland,Nil,,,,,0,0,Urban,1,,,Fine,Null
1760505.0211,5906629.7016,890446,,524111,0,0,0,2,0,North,2023/2024,MASCOT AVENUE,FRIESIAN DRIVE,,Non-Injury Crash,No,2023,0,North,0,0,0,Flat,0,,0,,1,Bright sun,741001,0,0,0,2,0,0,0,0,0,,0,0,Auckland Region,Nil,2-way,Unsealed,0,0,0,0,50,0,Off,0,0,,76,Auckland,Nil,0,0,0,0,0,0,Urban,0,0,0,Fine,Null
1765545.0196,5901698.2012,890448,,524604,0,,0,2,,South,2023/2024,ROSCOMMON ROAD,BOLDERWOOD PLACE,,Non-Injury Crash,No,2023,,South,,0,,Flat,,,,,,Overcast,781302,0,0,0,4,,,0,,,,,,Auckland Region,Nil,2-way,Sealed,,0,0,,60,,Off,0,0,,76,Auckland,Nil,,,,,0,0,Urban,0,,,Fine,Null
1762478.2825,5920705.2114,890451,,516400,0,,0,0,,East,2024/2025,TAMAKI DRIVE,HAPIMANA STREET,,Minor Crash,No,2024,,West,,0,,Flat,,,,,,Dark,498700,1,0,2,2,,,0,,,,,,Auckland Region,Nil,2-way,Sealed,,0,0,,50,,On,0,0,,76,Auckland,Nil,,,,,0,0,Urban,0,,,Fine,Null
1755084.2926,5935885.5973,890455,,507101,0,0,0,1,0,East,2024/2025,CARLISLE ROAD,LIMMER PLACE,,Minor Crash,No,2025,0,East,0,0,0,Flat,0,,0,,0,Dark,159501,1,0,0,2,0,0,0,0,1,,0,0,Auckland Region,Nil,2-way,Sealed,0,0,0,0,50,0,On,0,0,,76,Auckland,Nil,0,0,0,0,0,0,Urban,0,0,0,Fine,Null
1767035.8486,5904741.5035,890464,,524603,0,,0,3,,Null,2025/2026,CAVENDISH DRIVE,JACK CONWAY AVENUE,,Non-Injury Crash,No,2026,,East,,0,,Flat,,,,,,Bright sun,780205,0,0,0,3,,,0,,,,,,Auckland Region,Nil,2-way,Sealed,,0,0,,50,,Off,0,0,,76,Auckland,Give way,,,,,0,0,Urban,0,,,Fine,Null
1735639.772,5917778.6946,890469,,513800,0,,0,2,,West,2023/2024,FALLS ROAD,TE HENGA ROAD,,Non-Injury Crash,No,2024,,East,,0,,Hill Road,,,,,,Overcast,281700,0,0,0,2,,,0,,,,,,Auckland Region,Nil,2-way,Sealed,,0,0,,40,,None,0,0,,76,Auckland,Nil,,,,,0,0,Urban,0,,,Fine,Null
1758017.6589,5912018.8417,890471,,519810,0,0,0,0,0,South,2023/2024,SOUTH-WESTERN MOTORWAY,QUEENSTOWN ROAD OFF RAMP,,Minor Crash,Yes,2023,0,North,0,0,0,Flat,1,Christmas New Year,0,,0,Dark,602501,1,0,0,3,0,0,0,0,0,,0,0,Auckland Region,Nil,1-way,Sealed,0,0,0,0,100,0,On,1,0,,76,Auckland,Nil,0,0,0,0,0,0,Open,0,0,0,Light rain,Null
1758859.4037,5917213.3892,890474,,516001,0,,0,1,,South,2024/2025,SOUTHERN MOTORWAY,DILWORTH FTBR,,Non-Injury Crash,Yes,2024,,South,,0,,Flat,,,,,,Overcast,491200,0,0,0,5,,,0,,,,,,Auckland Region,Nil,1-way,Sealed,,0,0,,100,,Off,1,0,,76,Auckland,Nil,,,,,0,0,Open,0,,,Light rain,Null
1746335.2126,5918421.514,890476,,512401,0,,0,2,,West,2024/2025,STRID ROAD,OZICH AVENUE,,Non-Injury Crash,No,2024,,West,,0,,Hill Road,,,,,,Overcast,256900,0,0,0,2,,,0,,,,,,Auckland Region,Nil,2-way,Sealed,,0,0,,50,,Off,0,0,,76,Auckland,Nil,,,,,0,0,Urban,0,,,Light rain,Null
1767653.7895,5905766.3047,890484,,523601,0,,0,2,,Null,2025/2026,PRESTON ROAD,REAGAN ROAD,,Non-Injury Crash,No,2025,,South,,0,,Flat,,,,,,Bright sun,707200,0,0,0,2,,,0,,,,,,Auckland Region,Nil,2-way,Sealed,,0,0,,50,,Off,0,0,,76,Auckland,Give way,,,,,0,0,Urban,0,,,Fine,None
1768881.0843,5901014.8097,890485,,524901,0,0,0,1,0,East,2023/2024,HALVER ROAD,NEWHOOK LANE,,Non-Injury Crash,No,2023,0,South,0,0,0,Flat,0,,0,,0,Bright sun,757300,0,0,0,2,0,0,0,0,1,,0,0,Auckland Region,Nil,2-way,Sealed,0,0,0,0,50,0,Off,0,0,,76,Auckland,Nil,0,0,0,0,1,0,Urban,0,0,0,Fine,Null
1773263.2344,5899564.4891,890502,,523912,0,0,0,1,0,South,2024/2025,MILL ROAD,AIRFIELD ROAD,,Minor Crash,No,2024,0,North,0,0,0,Flat,1,,0,,0,Dark,765401,2,0,0,2,0,0,0,0,0,,0,0,Auckland Region,Nil,2-way,Sealed,0,0,0,0,80,0,On,0,0,,76,Auckland,Nil,0,0,0,0,0,0,Open,0,0,0,Light rain,Null
1742192.7664,5996185.253,890503,55,506660,0,0,0,1,0,South,2022/2023,MANGAWHAI ROAD,CAMES ROAD,,Non-Injury Crash,No,2023,0,South,0,0,1,Flat,0,,0,,0,Overcast,135600,0,0,0,2,0,0,0,0,0,,0,0,Auckland Region,Nil,2-way,Sealed,0,0,0,0,80,0,None,0,0,,76,Auckland,Nil,0,0,0,0,0,0,Open,0,0,0,Light rain,Null
1768955.4653,5881300.3088,890504,,525910,0,,0,1,,South,2024/2025,EDINBURGH STREET,TOBIN STREET,,Non-Injury Crash,No,2025,,North,,0,,Null,,,,,,Bright sun,819100,0,0,0,2,,,0,,,,,,Auckland Region,Nil,2-way,Sealed,,0,0,,50,,Null,0,0,,76,Auckland,Nil,,,,,0,0,Urban,1,,,Fine,Null
1771256.3144,5906134.159,890506,,523713,0,,0,1,,West,2024/2025,FLAT BUSH SCHOOL ROAD,GOLDEN AVENUE,,Non-Injury Crash,No,2025,,East,,0,,Flat,,,,,,Dark,712701,0,0,0,2,,,0,,,,,,Auckland Region,Nil,2-way,Sealed,,0,0,,60,,On,0,0,,76,Auckland,Nil,,,,,0,0,Urban,1,,,Fine,Null
1771258.4382,5914918.9122,890510,,521601,0,,0,1,,South,2025/2026,RIDGE ROAD,NELSON STREET,,Serious Crash,No,2025,,North,,0,,Flat,,,,,,Dark,646300,0,0,0,2,,,0,,,1,,,Auckland Region,Nil,2-way,Sealed,,0,1,,50,,On,0,1,,76,Auckland,Nil,,,,,0,0,Urban,0,,,Light rain,Null
1755013.2122,5915633.6611,890512,,517703,0,0,0,1,0,East,2024/2025,CALGARY STREET,ARABI STREET,,Non-Injury Crash,No,2025,0,East,0,0,0,Flat,0,,0,,0,Unknown,538500,0,0,0,2,0,0,0,0,1,,0,0,Auckland Region,Nil,2-way,Sealed,0,0,0,0,30,0,Null,1,0,,76,Auckland,Nil,0,0,0,0,0,0,Urban,0,0,0,Null,Null
1759505.9175,5913034.1091,890516,,519720,0,0,0,1,0,East,2025/2026,MOUNT SMART ROAD,MOANA AVENUE,,Non-Injury Crash,No,2025,0,West,0,0,0,Flat,0,,0,,0,Bright sun,594400,0,0,0,2,0,0,0,0,1,,0,0,Auckland Region,Nil,2-way,Sealed,0,0,0,0,50,0,Off,0,0,,76,Auckland,Nil,0,0,0,0,0,0,Urban,1,0,0,Fine,Null
1756539.0902,5927973.4787,890520,,507900,0,,0,0,,North,2025/2026,SHAKESPEARE ROAD,HPLT ACCESS,,Minor Crash,No,2025,,South,,0,,Flat,,,,,,Overcast,305500,1,0,0,2,,,0,,,1,,,Auckland Region,Nil,2-way,Sealed,,0,0,,50,,Off,0,0,,76,Auckland,Traffic Signals,,,,,0,1,Urban,0,,,Fine,Null
1757467.9403,5929029.21,890523,,507800,0,,0,1,,North,2022/2023,OMANA ROAD,KITCHENER ROAD,,Minor Crash,No,2023,,South,,0,,Flat,,,,,,Overcast,310800,1,0,0,2,,,0,,,,,,Auckland Region,Nil,2-way,Sealed,,0,0,,50,,Off,0,0,,76,Auckland,Give way,,,,,0,0,Urban,1,,,Light rain,Null
1766045.2867,5904551.2414,890526,,524603,0,,0,0,,South,2024/2025,GRAYSON AVENUE,CAVENDISH DRIVE,,Non-Injury Crash,No,2024,,West,,0,,Flat,,,,,,Bright sun,674600,0,0,0,2,,,0,,,,,,Auckland Region,Nil,2-way,Sealed,,0,0,,50,,Off,2,0,,76,Auckland,Nil,,,,,0,0,Urban,0,,,Fine,Null
1765607.9501,5906893.746,890530,,522201,0,,0,1,,Null,2024/2025,KOLMAR ROAD,GREAT SOUTH ROAD,,Non-Injury Crash,No,2025,,East,,0,,Null,,,,,,Dark,662400,0,0,0,3,,,0,,,,,,Auckland Region,Nil,2-way,Sealed,,0,0,,50,,On,1,0,,76,Auckland,Traffic Signals,,,,,0,0,Urban,0,,,Fine,Null
1769742.4335,5914350.5632,890533,,522722,0,0,0,3,0,South,2023/2024,AVIEMORE DRIVE,HIGHLAND PARK DRIVE,,Non-Injury Crash,No,2024,0,North,0,0,0,Flat,0,,0,,0,Overcast,681324,0,0,0,2,0,0,0,0,2,1,0,0,Auckland Region,Nil,2-way,Sealed,0,0,0,0,50,0,Off,0,0,,76,Auckland,Nil,0,0,0,0,0,0,Urban,0,0,0,Fine,Null
1774864.8855,5897854.647,890534,,523813,0,0,0,1,0,Null,2024/2025,OLD WAIROA ROAD,PAKARAKA DRIVE,,Non-Injury Crash,No,2025,0,East,0,0,0,Hill Road,0,,0,,0,Dark,761601,0,0,0,2,0,0,0,0,0,,0,1,Auckland Region,Nil,2-way,Sealed,0,0,0,0,50,0,On,0,0,,76,Auckland,Give way,0,0,0,0,0,0,Urban,0,0,0,Fine,Null
1758771.3449,5918866.7301,890536,,515902,0,,0,1,,Null,2025/2026,MAUNSELL ROAD,PARNELL ROAD,,Non-Injury Crash,No,2025,,North,,0,,Null,,,,,,Bright sun,451700,0,0,1,2,,,0,,,,,,Auckland Region,Nil,2-way,Sealed,,0,0,,50,,Null,0,0,,76,Auckland,Unknown,,,,,0,0,Urban,0,,,Fine,Null
1749192.0345,5970295.4116,890540,,505500,0,0,0,1,0,Null,2025/2026,CHURCH HILL,HEXHAM STREET,,Non-Injury Crash,No,2025,0,North,0,0,1,Hill Road,0,,0,,0,Bright sun,140900,0,0,0,2,0,0,0,0,0,,0,0,Auckland Region,Nil,2-way,Sealed,0,0,0,0,50,0,Off,0,0,,76,Auckland,Give way,0,0,0,0,0,0,Urban,0,0,0,Fine,Null
1783464.6394,5926016.6568,890542,,520801,0,0,0,1,0,South,2024/2025,ERUA ROAD,TAHI ROAD,,Non-Injury Crash,No,2025,0,South,0,0,0,Flat,0,,0,,0,Dark,515402,0,0,0,2,0,0,0,0,0,,0,1,Auckland Region,Nil,2-way,Sealed,0,0,0,0,30,0,On,0,0,,76,Auckland,Nil,0,0,0,0,0,0,Urban,0,0,0,Heavy rain,Null
1759975.0312,5913476.417,890551,,519900,0,0,0,1,0,Null,2022/2023,ORANGA AVENUE,NAMATA ROAD,,Minor Crash,No,2023,0,West,0,0,0,Flat,0,,0,,0,Dark,603700,1,0,0,2,0,0,0,0,0,,0,1,Auckland Region,Nil,2-way,Sealed,0,0,0,0,50,0,On,0,0,,76,Auckland,Give way,0,0,0,0,0,0,Urban,0,0,0,Fine,Null
1769380.8857,5905918.1551,890553,,523712,0,,0,1,,Null,2024/2025,CHAPEL ROAD,CARRICK GLEN AVENUE,,Minor Crash,No,2025,,South,,0,,Hill Road,,,,,,Bright sun,713208,2,0,0,2,,,0,,,,,,Auckland Region,Nil,2-way,Sealed,,0,0,,50,,Off,1,0,,76,Auckland,Give way,,,,,0,0,Urban,0,,,Fine,Null
1772963.0974,5891189.3158,890555,,521301,0,,0,0,,North,2022/2023,SOUTHERN MOTORWAY,GREAT SOUTH ROAD OFF RAMP,,Minor Crash,Yes,2023,,North,,0,,Flat,,,,,,Bright sun,809200,1,0,1,2,,,0,,,,,,Auckland Region,Bridge,1-way,Sealed,,0,0,,100,,Off,0,0,,76,Auckland,Nil,,,,,0,0,Open,1,,,Fine,Null
1764658.0151,5905755.8127,890558,,522100,0,,0,2,,Null,2024/2025,WYLLIE ROAD,STATION ROAD,,Non-Injury Crash,No,2024,,North,,0,,Null,,,,,,Overcast,657800,0,0,0,2,,,0,,,,,,Auckland Region,Nil,2-way,Sealed,,0,0,,50,,Null,0,0,,76,Auckland,Traffic Signals,,,,,0,0,Urban,0,,,Fine,Null
1756917.8415,5928395.2147,890560,,507900,0,0,0,1,0,North,2024/2025,SHAKESPEARE ROAD,MACBETH COURT,,Non-Injury Crash,No,2025,0,North,0,0,1,Flat,0,,0,,0,Overcast,305800,0,0,0,2,0,0,0,0,1,,0,0,Auckland Region,Nil,2-way,Sealed,0,0,0,0,50,0,Off,1,0,,76,Auckland,Nil,0,0,0,0,0,0,Urban,0,0,0,Fine,Null
1769081.7858,5905145.4116,890564,,523722,0,0,0,1,0,Null,2025/2026,ASPIRING AVENUE,BOUNDARY ROAD,,Minor Crash,No,2025,0,West,0,0,0,Flat,0,,0,,0,Dark,716010,1,0,0,2,0,0,0,0,0,,0,0,Auckland Region,Nil,2-way,Sealed,0,0,0,0,50,0,On,0,0,,76,Auckland,Give way,0,0,0,1,0,0,Urban,0,0,0,Light rain,Null
1746703.4526,5918125.2286,890568,,512402,0,,0,2,,North,2025/2026,TE ATATU ROAD,CONISTON AVENUE,,Non-Injury Crash,No,2025,,South,,0,,Flat,,,,,,Overcast,256500,0,0,0,3,,,0,,,,,,Auckland Region,Nil,2-way,Sealed,,0,0,,50,,On,0,0,,76,Auckland,Nil,,,,,0,1,Urban,0,,,Fine,Null
1755815.3606,5928414.7678,890572,,507900,0,,0,2,,South,2024/2025,NORTHERN MOTORWAY,TRISTRAM AVENUE ON RAMP,,Non-Injury Crash,Yes,2025,,South,,0,,Flat,,,,,,Dark,307000,0,0,0,3,,,0,,,,,,Auckland Region,Motorway ramp,1-way,Sealed,,0,0,,100,,On,0,0,,76,Auckland,Nil,,,,,0,0,Open,0,,,Light rain,Null
1751867.9175,5918087.2383,890578,,515001,0,0,0,1,0,North,2024/2025,GREAT NORTH ROAD ON RAMP,GREAT NORTH ROAD,,Non-Injury Crash,No,2024,0,West,0,0,0,Flat,1,,0,,0,Dark,392200,0,0,0,2,0,0,0,0,0,,0,0,Auckland Region,Motorway ramp,1-way,Sealed,0,0,0,0,100,0,On,0,0,,76,Auckland,Nil,0,0,0,0,0,0,Open,0,0,0,Mist or Fog,Null
1756731.3201,5915555.4164,890580,,518301,0,,0,0,,Null,2025/2026,MOUNT EDEN ROAD,ELLERTON ROAD,,Serious Crash,No,2025,,North,,0,,Flat,,,,,,Overcast,556900,0,1,0,3,,,0,,,,,,Auckland Region,Nil,2-way,Sealed,,0,1,,50,,Off,1,0,,76,Auckland,Stop,,,,,0,0,Urban,0,,,Fine,Null
1741880.1655,5919103.226,890582,,513211,0,,0,1,,Null,2024/2025,SWANSON ROAD,BIRDWOOD ROAD,,Non-Injury Crash,No,2025,,East,,0,,Flat,,,,,,Bright sun,235010,0,0,1,2,,,0,,,,,,Auckland Region,Nil,2-way,Sealed,,0,0,,50,,Off,0,0,,76,Auckland,Give way,,,,,0,0,Urban,0,,,Fine,Null
1770971.425,5898948.0465,890589,,523911,0,,0,0,,West,2023/2024,STATION ROAD,TAKANINI SCHOOL ROAD,,Serious Crash,No,2023,,East,,0,,Flat,,,,,,Bright sun,766800,0,0,1,2,,,0,,,,,,Auckland Region,Nil,2-way,Sealed,,0,1,,50,,Off,1,0,,76,Auckland,Nil,,,,,0,0,Urban,0,,,Fine,Null
1756567.2553,5927638.9637,890593,,507900,0,,0,1,,Null,2023/2024,TAHAROTO ROAD,THE BOULEVARD,,Minor Crash,No,2023,,North,,0,,Flat,,,,,,Bright sun,305202,2,0,0,3,,,0,,,,,,Auckland Region,Nil,2-way,Sealed,,0,0,,50,,Off,0,0,,76,Auckland,Traffic Signals,,,,,0,0,Urban,1,,,Fine,Null
1763996.0039,5912091.0721,890597,,520500,0,,0,1,,Null,2022/2023,MOUNT WELLINGTON HIGHWAY,CLEMOW DRIVE,,Non-Injury Crash,No,2023,,South,,0,,Flat,,,,,,Bright sun,639500,0,0,0,1,,,0,,,,,,Auckland Region,Nil,1-way,Sealed,,0,0,,50,,Off,0,0,,76,Auckland,Give way,,,,,0,0,Urban,1,,,Fine,Null
1760090.9515,5915560.9202,890601,,519400,0,,0,1,,Null,2023/2024,GREAT SOUTH ROAD,ATARANGI ROAD,,Non-Injury Crash,No,2024,,South,,0,,Flat,,Easter,,,,Bright sun,617100,0,0,1,4,,,0,,,,,,Auckland Region,Nil,2-way,Sealed,,0,0,,50,,Off,0,0,,76,Auckland,Nil,,,,,0,0,Urban,0,,,Fine,Null
1745747.2041,5908673.1238,890602,,512801,0,,0,1,,South,2024/2025,LAINGHOLM DRIVE,BROWNIE ROAD,,Minor Crash,No,2025,,North,,0,,Flat,,,,,,Overcast,301901,1,0,0,2,,,0,,,,,,Auckland Region,Nil,2-way,Sealed,,0,0,,50,,Off,1,0,,76,Auckland,Nil,,,,,0,0,Urban,0,,,Light rain,Null
1772917.0313,5891466.9951,890603,,521301,0,,0,1,,North,2022/2023,SOUTHERN MOTORWAY,KARAKA OBR,,Non-Injury Crash,Yes,2023,,North,,0,,Flat,,,,,,Overcast,808702,0,0,0,2,,,0,,,,,,Auckland Region,Nil,1-way,Sealed,,0,0,,100,,Off,1,0,,76,Auckland,Nil,,,,,0,0,Open,0,,,Light rain,Null
1751610.3062,5913754.0535,890605,25,514402,0,0,0,2,0,Null,2023/2024,BLOCKHOUSE BAY ROAD,MIRANDA STREET,,Non-Injury Crash,No,2023,0,South,0,0,0,Flat,0,,0,,0,Bright sun,378800,0,0,0,1,0,0,0,0,1,,0,0,Auckland Region,Nil,2-way,Sealed,0,0,0,0,60,0,None,0,0,,76,Auckland,Stop,0,0,0,0,0,0,Urban,0,0,0,Fine,None
1765383.3055,5914133.5661,890606,,520602,0,,0,0,,South,2024/2025,CHURCH CRESCENT,SUNSET VIEW ROAD,,Non-Injury Crash,No,2024,,South,,0,,Hill Road,,,,,,Overcast,629400,0,0,0,2,,,0,,,,,,Auckland Region,Nil,2-way,Sealed,,0,0,,50,,Null,1,0,,76,Auckland,Nil,,,,,0,1,Urban,0,,,Light rain,Null
1766049.2874,5906294.9459,890610,,522302,0,,0,1,,North,2022/2023,GREAT SOUTH ROAD,CENTRAL AVENUE,,Non-Injury Crash,No,2023,,North,,0,,Flat,,,,,,Overcast,668700,0,0,0,2,,,0,,,,,,Auckland Region,Nil,2-way,Sealed,,0,0,,50,,On,1,0,,76,Auckland,Nil,,,,,0,0,Urban,0,,,Light rain,None
1772774.9644,5896438.3894,890618,,525420,0,,0,2,,Null,2023/2024,O'SHANNESSEY STREET,BROADWAY,,Minor Crash,No,2023,,North,,0,,Flat,,,,,,Bright sun,792800,1,0,0,2,,,0,,,,,,Auckland Region,Nil,2-way,Sealed,,0,0,,50,,Off,0,0,,76,Auckland,Traffic Signals,,,,,0,0,Urban,0,,,Fine,Null
1745989.3192,5945051.1781,890621,,506614,0,0,0,1,0,East,2025/2026,PINE VALLEY ROAD,POYNTER LANE,,Non-Injury Crash,No,2025,0,South,1,0,0,Flat,0,,0,,0,Dark,177405,0,0,0,2,0,0,0,0,0,,0,0,Auckland Region,Nil,2-way,Sealed,0,0,0,0,80,0,Off,0,0,,76,Auckland,Nil,0,0,0,0,0,0,Open,0,0,0,Fine,Null
1756260.1187,5926069.2537,890622,,509702,0,,0,1,,Null,2022/2023,COLLEGE ROAD,ST PETERS STREET,,Non-Injury Crash,No,2023,,South,,0,,Flat,,,,,,Bright sun,365400,0,0,0,2,,,0,,,,,,Auckland Region,Nil,2-way,Sealed,,0,0,,50,,Off,0,0,,76,Auckland,Stop,,,,,0,0,Urban,2,,,Fine,Null
1743625.0408,5884582.3694,890624,,521151,0,0,0,0,0,South,2025/2026,AWHITU ROAD,J RENALL ROAD,,Serious Crash,No,2025,0,North,0,0,1,Flat,0,,0,,0,Bright sun,830400,0,0,0,2,0,0,0,0,0,,0,0,Auckland Region,Nil,2-way,Sealed,0,0,1,0,80,0,None,0,0,,76,Auckland,Nil,0,1,0,0,0,0,Open,1,0,0,Fine,Null
1744135.6182,5926862.2727,890625,,513410,0,0,0,1,0,East,2022/2023,BRIGHAM CREEK ROAD,NILS ANDERSEN ROAD,,Non-Injury Crash,No,2023,0,South,0,0,0,Flat,0,,0,,0,Bright sun,221600,0,0,0,2,0,0,0,0,0,,0,0,Auckland Region,Nil,2-way,Sealed,0,0,0,0,50,0,Off,0,0,,76,Auckland,Nil,1,0,0,0,0,0,Urban,0,0,0,Fine,Null
1774675.3401,5897376.0802,890630,,525610,0,,0,1,,Null,2024/2025,ROBB STREET,CLEVEDON ROAD,,Non-Injury Crash,No,2025,,North,,0,,Flat,,,,,,Dark,799400,0,0,0,2,,,0,,,,,,Auckland Region,Nil,2-way,Sealed,,0,0,,50,,On,0,0,,76,Auckland,Stop,,,,,0,0,Urban,1,,,Fine,Null
1754804.2589,5971172.7971,890633,,506631,0,,0,0,,Null,2022/2023,OFF ROAD SANDSPIT YACHT CLUB CARPARK,,,Minor Crash,No,2023,,East,,0,,Flat,,,,,,Bright sun,141510,1,0,0,,,,0,,,1,,,Auckland Region,Nil,Off road,Sealed,,0,0,,,,Off,0,0,,76,Auckland,Nil,,,,,0,0,Urban,1,,,Fine,Null
1766365.6728,5899720.0214,890639,,524812,0,,0,1,,Null,2023/2024,MAHIA ROAD,WEYMOUTH ROAD,,Non-Injury Crash,No,2024,,North,,0,,Hill Road,,,,,,Unknown,774201,0,0,0,2,,,0,,,,,,Auckland Region,Nil,2-way,Sealed,,0,0,,50,,Off,0,0,,76,Auckland,Give way,,,,,0,0,Urban,1,,,Fine,None
1768264.2179,5901358.1578,890641,,525001,0,,0,2,,Null,2022/2023,BEATTY AVENUE,MAICH ROAD,,Minor Crash,No,2023,,North,,0,,Flat,,,,,,Overcast,751200,1,0,0,2,,,0,,,,,,Auckland Region,Nil,2-way,Sealed,,0,0,,50,,Off,0,0,,76,Auckland,Give way,,,,,0,0,Urban,0,,,Fine,Null
1762332.5848,5908799.1527,890642,,524402,0,0,0,0,0,South,2025/2026,SAVILL DRIVE,SAVILL DRIVE,,Minor Crash,No,2025,0,West,0,0,0,Flat,0,,0,,0,Bright sun,749800,1,0,0,2,0,0,0,0,1,,0,0,Auckland Region,Nil,2-way,Sealed,0,0,0,0,50,0,Off,0,0,30,76,Auckland,Nil,0,0,0,0,1,0,Urban,1,0,0,Fine,Null
1755701.265,5919684.5292,890643,35,515302,0,,0,2,,Null,2023/2024,PONSONBY ROAD,BROWN STREET,,Non-Injury Crash,No,2024,,South,,0,,Flat,,,,,,Dark,432300,0,0,0,4,,,0,,,,,,Auckland Region,Nil,2-way,Sealed,,0,0,,40,,On,0,0,,76,Auckland,Stop,,,,,0,0,Urban,0,,,Fine,None
1753079.2313,5915130.8064,890655,,517903,1,,0,1,,North,2024/2025,RICHARDSON ROAD,HENDON AVENUE,,Non-Injury Crash,No,2024,,North,,0,,Hill Road,,,,,,Dark,518100,0,0,0,2,,,0,,,,,,Auckland Region,Nil,2-way,Sealed,,0,0,,50,,On,0,0,30,76,Auckland,Nil,,,,,0,0,Urban,0,,,Fine,Null