X,Y,OBJECTID,advisorySpeed,areaUnitID,bicycle,bridge,bus,carStationWagon,cliffBank,crashDirectionDescription,crashFinancialYear,crashLocation1,crashLocation2,crashRoadSideRoad,crashSeverity,crashSHDescription,crashYear,debris,directionRoleDescription,ditch,fatalCount,fence,flatHill,guardRail,holiday,houseOrBuilding,intersection,kerb,light,meshblockId,minorInjuryCount,moped,motorcycle,NumberOfLanes,objectThrownOrDropped,otherObject,otherVehicleType,overBank,parkedVehicle,pedestrian,phoneBoxEtc,postOrPole,region,roadCharacter,roadLane,roadSurface,roadworks,schoolBus,seriousInjuryCount,slipOrFlood,speedLimit,strayAnimal,streetLight,suv,taxi,temporarySpeedLimit,tlaId,tlaName,trafficControl,trafficIsland,trafficSign,train,tree,truck,unknownVehicleType,urban,vanOrUtility,vehicle,waterRiver,weatherA,weatherB
1756458.4398,5926339.5486,890661,,509702,0,,0,2,,North,2025/2026,AKORANGA DRIVE,COLLEGE ROAD,,Non-Injury Crash,No,2025,,South,,0,,Hill Road,,,,,,Overcast,364602,0,0,0,4,,,0,,,,,,Auckland Region,Nil,2-way,Sealed,,0,0,,50,,Off,0,0,,76,Auckland,Nil,,,,,0,0,Urban,0,,,Fine,Null
1743200.5918,5925581.6132,890667,,513410,0,0,0,1,0,South,2024/2025,NORTH-WESTERN MOTORWAY,BRIGHAM CREEK ROAD,,Non-Injury Crash,Yes,2025,0,South,0,0,0,Flat,1,,0,,0,Overcast,223200,0,0,0,2,0,0,0,0,0,,0,0,Auckland Region,Nil,1-way,Sealed,0,0,0,0,100,0,Off,0,0,,76,Auckland,Nil,0,0,0,0,0,0,Open,0,0,0,Fine,Null
1758700.9779,5915507.4461,890668,,519300,0,,0,1,,East,2022/2023,GREEN LANE WEST,MANUKAU ROAD,,Non-Injury Crash,No,2023,,West,,0,,Flat,,,,,,Bright sun,622900,0,0,0,4,,,0,,,,,,Auckland Region,Nil,2-way,Sealed,,0,0,,50,,Null,0,0,,76,Auckland,Nil,,,,,0,0,Urban,0,,,Fine,Null
1768129.7215,5904384.7994,890670,,523722,0,,0,2,,East,2023/2024,REDOUBT ROAD,REDOUBT ROAD OFF RAMP,,Non-Injury Crash,No,2024,,East,,0,,Hill Road,,Christmas New Year,,,,Dark,715805,0,0,0,2,,,0,,,,,,Auckland Region,Nil,1-way,Sealed,,0,0,,50,,On,0,0,,76,Auckland,Nil,,,,,0,0,Urban,0,,,Light rain,None
1748550.1895,5915046.7883,890673,,511700,0,,0,2,,North,2023/2024,ARCHIBALD ROAD,BEAUBANK ROAD,,Non-Injury Crash,No,2024,,North,,0,,Flat,,,,,,Bright sun,271400,0,0,0,2,,,0,,,,,,Auckland Region,Nil,2-way,Sealed,,0,0,,30,,None,0,0,,76,Auckland,School Patrol/warden,,,,,0,0,Urban,0,,,Fine,None
1767842.1857,5881438.5779,890674,,525910,1,,0,1,,Null,2024/2025,PRINCES STREET,HELVETIA ROAD,,Minor Crash,No,2024,,South,,0,,Flat,,,,,,Dark,819600,1,0,0,2,,,0,,,,,,Auckland Region,Nil,2-way,Sealed,,0,0,,50,,On,0,0,,76,Auckland,Give way,,,,,0,0,Urban,0,,,Fine,Null
1769139.5635,5881017.9993,890675,,525922,0,,0,1,,East,2024/2025,MASSEY AVENUE,ROULSTON STREET,,Non-Injury Crash,No,2025,,East,,0,,Null,,,,,,Overcast,823200,0,0,0,2,,,0,,,,,,Auckland Region,Nil,2-way,Sealed,,0,0,,50,,Null,0,0,,76,Auckland,Nil,,,,,0,1,Urban,0,,,Fine,Null
1755843.5932,5917507.7551,890678,,517500,0,0,0,1,0,North,2022/2023,MARLBOROUGH STREET,RALEIGH STREET,,Non-Injury Crash,No,2023,0,South,0,0,0,Flat,0,,0,,0,Bright sun,531600,0,0,0,2,0,0,0,0,1,,0,0,Auckland Region,Nil,2-way,Sealed,0,0,0,0,50,0,Off,0,0,,76,Auckland,Nil,0,0,0,0,0,0,Urban,1,0,0,Fine,None
1768683.6875,5884249.6005,890684,,521111,0,,0,2,,North,2022/2023,PAERATA ROAD,HEIGHTS ROAD,,Non-Injury Crash,Yes,2023,,South,,0,,Flat,,,,,,Overcast,813800,0,0,0,2,,,0,,,,,,Auckland Region,Nil,2-way,Sealed,,0,0,,60,,Off,0,0,,76,Auckland,Nil,,,,,0,0,Urban,0,,,Fine,Null
1774864.5916,5896079.4139,890685,,525700,0,0,0,0,0,West,2024/2025,SETTLEMENT ROAD,FAIRDALE AVENUE,,Non-Injury Crash,No,2024,0,West,0,0,0,Null,0,,0,,0,Dark,800308,0,0,0,2,0,0,0,0,1,,0,0,Auckland Region,Nil,2-way,Sealed,0,0,0,0,50,0,On,1,0,,76,Auckland,Nil,0,0,0,0,0,0,Urban,0,0,0,Null,Null
1757642.7067,5920649.7358,890692,,514103,0,0,0,0,1,Null,2022/2023,SHORTLAND STREET,FIELDS LANE,,Minor Crash,No,2023,0,West,0,0,0,Hill Road,0,,0,,0,Overcast,438106,1,0,0,2,0,0,0,0,0,,0,0,Auckland Region,Nil,2-way,Sealed,0,0,0,0,30,0,Off,0,0,,76,Auckland,Give way,0,0,0,0,1,0,Urban,0,0,0,Fine,Null
1755663.5574,5930953.2576,890703,35,508520,0,0,0,2,0,North,2025/2026,SUNNYNOOK ROAD,TRINIDAD ROAD,,Non-Injury Crash,No,2026,0,North,0,0,0,Hill Road,0,,0,,0,Twilight,190000,0,0,0,2,0,0,0,0,1,,0,0,Auckland Region,Nil,2-way,Sealed,0,0,0,0,50,0,On,0,0,,76,Auckland,Nil,0,0,0,0,0,0,Urban,0,0,0,Light rain,Null
1781521.9048,5926450.57,890708,,520801,1,,0,0,,East,2023/2024,KENNEDY ROAD,OCEAN ROAD,,Serious Crash,No,2023,,South,,0,,Hill Road,,,,,,Overcast,515104,0,0,0,2,,,0,,,,,,Auckland Region,Nil,2-way,Sealed,,0,1,,40,,None,0,0,,76,Auckland,Nil,,,,,0,0,Urban,0,,,Fine,Null
1763348.4744,5909335.4242,890712,,521901,0,,0,2,,North,2022/2023,WALMSLEY ROAD,MARJORIE JAYNE CRESCENT,,Non-Injury Crash,No,2023,,South,,0,,Flat,,Christmas New Year,,,,Bright sun,783000,0,0,0,4,,,0,,,,,,Auckland Region,Nil,2-way,Sealed,,0,0,,50,,Off,0,0,,76,Auckland,Nil,,,,,0,0,Urban,0,,,Fine,Null
1755240.877,5924721.6948,890716,,509800,0,,0,2,,Null,2022/2023,ONEWA ROAD,WOODSIDE AVENUE,,Minor Crash,No,2023,,East,,0,,Hill Road,,,,,,Twilight,361600,1,0,0,4,,,0,,,,,,Auckland Region,Nil,2-way,Sealed,,0,0,,50,,On,0,0,,76,Auckland,Give way,,,,,0,0,Urban,1,,,Fine,Null
1774665.5638,5896025.5921,890724,,525510,0,,0,1,,West,2023/2024,SETTLEMENT ROAD,DOMINION ROAD,,Serious Crash,No,2024,,West,,0,,Flat,,,,,,Bright sun,801002,0,0,0,2,,,0,,,1,,,Auckland Region,Nil,2-way,Sealed,,0,1,,50,,Off,0,0,,76,Auckland,Nil,,,,,0,0,Urban,0,,,Fine,Null
1768588.551,5901191.2776,890728,,524901,0,,1,0,,South,2023/2024,GREAT SOUTH ROAD,NORTHCREST WAY,,Serious Crash,No,2023,,South,,0,,Flat,,,,,,Bright sun,756600,0,0,0,1,,,0,,,1,,,Auckland Region,Nil,1-way,Sealed,,0,1,,50,,Off,0,0,30,76,Auckland,Nil,,,,,0,0,Urban,0,,,Fine,Null
1752738.0567,5924747.0621,890729,,510401,0,,0,2,,East,2025/2026,MOKOIA ROAD,CHATSWOOD HEIGHTS,,Non-Injury Crash,No,2025,,East,,0,,Hill Road,,,,,,Bright sun,355300,0,0,0,2,,,0,,,,,,Auckland Region,Nil,2-way,Sealed,,0,0,,50,,Off,0,0,,76,Auckland,Isolated Pedestrian signal (non-intersection),,,,,0,0,Urban,0,,,Fine,Null
1767490.4666,5907666.5222,890731,,523502,0,,0,2,,East,2024/2025,EAST TAMAKI ROAD,FERGUSON ROAD,,Non-Injury Crash,No,2025,,East,,0,,Flat,,,,,,Twilight,701900,0,0,0,2,,,0,,,,,,Auckland Region,Nil,1-way,Sealed,,0,0,,50,,On,0,0,,76,Auckland,Nil,,,,,0,0,Urban,0,,,Fine,None
1742187.7648,5916365.664,890742,55,513020,0,0,0,1,1,North,2024/2025,CANDIA ROAD,STURGES ROAD,,Non-Injury Crash,No,2024,0,North,0,0,0,Hill Road,0,,0,,0,Overcast,279800,0,0,0,2,0,0,0,0,0,,0,0,Auckland Region,Nil,2-way,Sealed,0,0,0,0,60,0,None,0,0,,76,Auckland,Nil,0,0,0,1,0,0,Urban,0,0,0,Fine,Null
1757550.6123,5918553.272,890745,,514302,0,,0,1,,North,2024/2025,SOUTHERN MOTORWAY,BOSTON OBR,,Minor Crash,Yes,2024,,South,,0,,Flat,,,,,,Bright sun,442100,1,0,1,4,,,0,,,,,,Auckland Region,Nil,1-way,Sealed,,0,0,,80,,Off,0,0,,76,Auckland,Nil,,,,,0,0,Open,0,,,Fine,Null
1753647.0856,5914620.8338,890747,,518801,0,0,0,0,0,Null,2023/2024,OFFROAD HARVEY NORMAN CARPARK,,,Minor Crash,No,2023,0,East,0,0,0,Hill Road,0,,0,,0,Overcast,576900,1,0,0,0,0,0,0,0,1,,0,0,Auckland Region,Nil,Off road,Sealed,0,0,0,0,10,0,Off,1,0,,76,Auckland,Nil,0,0,0,0,1,0,Urban,0,0,0,Light rain,Null
1749834.3662,5948166.7559,890751,,505806,0,,0,1,,Null,2022/2023,MAJOR HENRY GREENS,WALTER CRESCENT,,Non-Injury Crash,No,2023,,South,,0,,Hill Road,,,,,,Overcast,176501,0,0,0,2,,,0,,,,,,Auckland Region,Nil,2-way,Sealed,,0,0,,50,,Off,0,0,,76,Auckland,Unknown,,,,,0,0,Urban,1,,,Fine,Null
1765239.8429,5917359.556,890753,,517001,0,0,0,1,0,North,2023/2024,APIRANA AVENUE,OMARU LANE,,Non-Injury Crash,No,2024,0,South,0,0,0,Flat,0,Easter,0,,0,Dark,475600,0,0,0,2,0,0,0,0,1,,0,0,Auckland Region,Speed hump,2-way,Sealed,0,0,0,0,50,0,On,0,0,,76,Auckland,Nil,0,0,0,0,1,0,Urban,0,0,0,Fine,Null
1746623.5861,5926015.4185,890758,,513432,0,,0,2,,Null,2024/2025,HOBSONVILLE ROAD,BRIGHAM CREEK ROAD,,Minor Crash,No,2025,,North,,0,,Flat,,,,,,Dark,223005,1,0,0,2,,,0,,,,,,Auckland Region,Nil,2-way,Sealed,,0,0,,50,,On,0,0,,76,Auckland,Give way,,,,,0,0,Urban,0,,,Fine,Null
1769568.3546,5906687.8737,890761,,523713,0,,0,2,,Null,2023/2024,CHAPEL ROAD,MICHAEL JONES DRIVE,,Non-Injury Crash,No,2023,,South,,0,,Flat,,,,,,Overcast,713100,0,0,0,2,,,0,,,,,,Auckland Region,Nil,2-way,Unsealed,,0,0,,60,,On,0,0,,76,Auckland,Give way,,,,,0,0,Urban,0,,,Light rain,Null
1764181.4129,5887008.7375,890769,,521122,0,,0,0,,North,2023/2024,HOMESTEAD HILL LANE,GLENBROOK ROAD,,Non-Injury Crash,No,2024,,West,,0,,Hill Road,,,,,,Bright sun,809900,0,0,0,2,,,0,,,,,,Auckland Region,Nil,2-way,Sealed,,0,0,,50,,None,2,0,,76,Auckland,Nil,,,,,1,0,Urban,0,,,Fine,Null
1765398.6872,5907199.6052,890774,,522301,0,,0,1,,North,2022/2023,GREAT SOUTH ROAD,MAXWELL AVENUE,,Non-Injury Crash,No,2023,,North,,0,,Flat,,,,,,Twilight,666100,0,0,0,2,,,0,,,1,,,Auckland Region,Nil,2-way,Sealed,,0,0,,50,,None,0,0,,76,Auckland,Nil,,,,,0,0,Urban,0,,,Fine,None
1768037.3522,5903254.0657,890778,,524602,0,,0,2,,West,2024/2025,KERRS ROAD,GREAT SOUTH ROAD,,Minor Crash,No,2024,,East,,0,,Flat,,,,,,Overcast,780407,1,0,0,3,,,0,,,,,,Auckland Region,Nil,2-way,Sealed,,0,0,,50,,Off,0,0,,76,Auckland,Nil,,,,,0,0,Urban,0,,,Fine,Null
1738270.0401,5927730.3203,890779,,505605,0,1,0,1,0,West,2022/2023,FARRAND ROAD,SMITH ROAD,,Non-Injury Crash,No,2023,0,East,1,0,0,Flat,0,,0,,0,Dark,215201,0,0,0,2,0,0,0,0,0,,0,0,Auckland Region,Bridge,2-way,Sealed,0,0,0,0,100,0,None,0,0,,76,Auckland,Nil,0,0,0,0,0,0,Open,0,0,0,Fine,Null
1744065.2909,5923365.0915,890780,,513511,0,0,0,2,0,North,2024/2025,WESTGATE DRIVE,DOTTEREL PLACE,,Non-Injury Crash,No,2025,0,South,0,0,0,Flat,0,,0,,0,Dark,224303,0,0,0,2,0,0,0,0,1,,0,0,Auckland Region,Nil,2-way,Sealed,0,0,0,0,50,0,Null,0,0,,76,Auckland,Nil,0,0,0,0,0,0,Urban,0,0,0,Light rain,Null
1755670.0674,5917808.1647,890782,,517500,0,,0,1,,South,2024/2025,SANDRINGHAM ROAD,ONSLOW ROAD,,Minor Crash,No,2024,,South,,0,,Flat,,,,,,Overcast,531200,1,0,1,3,,,0,,,,,,Auckland Region,Nil,2-way,Sealed,,0,0,,50,,Off,0,0,,76,Auckland,Nil,,,,,0,0,Urban,0,,,Fine,Null
1764976.2401,5915686.6296,890784,,520301,0,0,0,2,0,South,2025/2026,MORRIN ROAD,TAINUI ROAD,,Non-Injury Crash,No,2025,0,North,0,0,0,Flat,0,,0,,0,Dark,627800,0,0,0,2,0,0,0,0,1,,0,0,Auckland Region,Nil,2-way,Sealed,0,0,0,0,50,0,On,0,0,,76,Auckland,Nil,0,0,0,0,0,0,Urban,0,0,0,Fine,Null
1766816.1815,5906599.4205,890786,,522302,0,,0,1,,Null,2023/2024,CORNWALL ROAD,MORRIS AVENUE,,Non-Injury Crash,No,2023,,East,,0,,Flat,,,,,,Bright sun,669900,0,0,0,2,,,0,,,,,,Auckland Region,Nil,2-way,Sealed,,0,0,,40,,Off,1,0,,76,Auckland,Nil,,,,,0,0,Urban,0,,,Fine,None
1769334.3442,5907465.9985,890789,,523713,0,,0,2,,Null,2022/2023,TE IRIRANGI DRIVE,ORMISTON ROAD,,Non-Injury Crash,No,2023,,South,,0,,Flat,,,,,,Twilight,712302,0,0,0,4,,,0,,,,,,Auckland Region,Nil,2-way,Sealed,,0,0,,60,,Off,0,0,,76,Auckland,Traffic Signals,,,,,0,0,Urban,0,,,Fine,Null
1757700.924,5918270.6903,890802,,518101,0,,0,2,,South,2023/2024,SOUTHERN MOTORWAY,KHYBER PASS ROAD OFF RAMP,,Non-Injury Crash,Yes,2024,,North,,0,,Flat,,,,,,Bright sun,543000,0,0,0,4,,,0,,,,,,Auckland Region,Nil,1-way,Sealed,,0,0,,80,,Off,0,0,,76,Auckland,Nil,,,,,0,0,Open,0,,,Fine,None
1770717.5401,5898545.0011,890803,,523920,0,,0,1,,Null,2023/2024,OFF ROAD - CAR PARK,,,Minor Crash,No,2023,,North,,0,,Flat,,,,,,Bright sun,767503,1,0,0,,,,0,,,1,,,Auckland Region,Nil,Off road,Sealed,,0,0,,,,Off,0,0,,76,Auckland,Nil,,,,,0,0,Urban,0,,,Fine,Null
1749570.373,5916019.1892,890805,,514801,0,0,0,1,0,Null,2023/2024,AVONDALE ROAD,MAPLE STREET,,Non-Injury Crash,No,2024,0,West,0,0,0,Flat,0,,0,,0,Dark,389004,0,0,1,2,0,0,0,0,1,,0,0,Auckland Region,Nil,2-way,Sealed,0,0,0,0,50,0,On,0,0,30,76,Auckland,Stop,0,0,0,0,0,0,Urban,0,0,0,Fine,Null
1744355.11,5913171.0903,890814,,512902,0,0,0,1,0,North,2024/2025,SHAW ROAD,NOLA ROAD,,Serious Crash,No,2025,0,South,1,0,2,Flat,0,,0,,0,Dark,279600,1,0,0,2,0,0,0,0,0,,0,0,Auckland Region,Nil,2-way,Sealed,0,0,1,0,50,0,None,0,0,,76,Auckland,Nil,0,0,0,1,0,0,Urban,0,0,0,Fine,Null
1745552.6258,5917535.8884,890816,,510700,0,,0,2,,Null,2024/2025,ALDERMAN DRIVE,SEL PEACOCK DRIVE,,Non-Injury Crash,No,2024,,North,,0,,Flat,,,,,,Overcast,239900,0,0,0,2,,,0,,,,,,Auckland Region,Nil,2-way,Sealed,,0,0,,50,,Off,0,0,,76,Auckland,Give way,,,,,0,0,Urban,0,,,Heavy rain,Null
1759786.5779,5912734.0473,890821,,520000,0,,0,2,,Null,2023/2024,ALFRED STREET,GREY STREET,,Non-Injury Crash,No,2023,,North,,0,,Flat,,,,,,Overcast,605900,0,0,0,2,,,0,,,,,,Auckland Region,Nil,2-way,Sealed,,0,0,,50,,Off,0,0,,76,Auckland,Stop,,,,,0,0,Urban,0,,,Fine,Null
1752170.0878,5937873.1657,890823,,506300,0,,0,1,,South,2022/2023,NORTHERN MOTORWAY,WRIGHT OBR,,Non-Injury Crash,Yes,2023,,North,,0,,Flat,,,,,,Dark,176101,0,0,0,2,,,0,,,,,,Auckland Region,Nil,1-way,Sealed,,0,0,,100,,On,1,0,,76,Auckland,Nil,,,,,0,0,Open,0,,,Fine,Null
1747836.4901,5916514.6026,890825,,511601,0,0,0,0,0,South,2022/2023,HEPBURN ROAD,NEESONS WAY,,Non-Injury Crash,No,2023,0,South,0,0,0,Flat,0,,0,,0,Twilight,274203,0,0,0,2,0,0,0,0,1,,0,0,Auckland Region,Nil,2-way,Sealed,0,0,0,0,50,0,Off,2,0,,76,Auckland,Nil,0,0,0,0,0,0,Urban,0,0,0,Light rain,Null
1771104.4616,5896465.8089,890827,,521201,0,,0,1,,South,2022/2023,SOUTHERN MOTORWAY,PAHUREHURE NO 2 BR,,Non-Injury Crash,Yes,2023,,North,,0,,Flat,,,,,,Overcast,806604,0,0,0,3,,,0,,,,,,Auckland Region,Nil,1-way,Sealed,,0,0,,100,,Off,0,0,,76,Auckland,Nil,,,,,1,0,Open,0,,,Fine,Null
1767826.0728,5913292.1696,890843,,522910,0,0,0,2,0,North,2023/2024,UDYS ROAD,GREENHILL CRESCENT,,Non-Injury Crash,No,2023,0,Null,0,0,0,Flat,0,,0,,0,Dark,685600,0,0,0,2,0,0,0,0,1,,0,0,Auckland Region,Nil,2-way,Sealed,0,0,0,0,50,0,None,0,0,,76,Auckland,Nil,0,0,0,0,0,0,Urban,0,0,0,Light rain,None
1757401.8395,5920949.9779,890846,,514101,0,,1,1,,Null,2024/2025,LOWER ALBERT STREET,CUSTOMS STREET WEST,,Minor Crash,No,2024,,South,,0,,Flat,,,,,,Dark,432800,1,0,0,4,,,0,,,,,,Auckland Region,Nil,2-way,Sealed,,0,0,,20,,On,0,0,,76,Auckland,Traffic Signals,,,,,0,0,Urban,0,,,Fine,Null
1740662.1226,5948581.5938,890849,,506614,0,0,0,1,0,West,2024/2025,HARURU ROAD,WERANUI ROAD,,Minor Crash,No,2025,0,North,0,0,1,Hill Road,0,,0,,0,Dark,177300,1,0,0,2,0,0,0,0,0,,0,1,Auckland Region,Nil,2-way,Sealed,0,0,0,0,100,0,Off,0,0,,76,Auckland,Nil,0,0,0,0,0,0,Open,0,0,0,Mist or Fog,Null
1756143.4439,5918772.5171,890850,,515500,0,,0,2,,North,2023/2024,NORTH-WESTERN MOTORWAY,WAIMA FTBR,,Non-Injury Crash,Yes,2023,,North,,0,,Flat,,,,,,Overcast,417600,0,0,0,4,,,0,,,,,,Auckland Region,Nil,1-way,Sealed,,0,0,,80,,Off,0,0,,76,Auckland,Nil,,,,,0,0,Open,0,,,Fine,Strong wind
1767354.8996,5906506.0351,890853,,523601,0,0,0,2,0,South,2024/2025,SANDBROOK AVENUE,HERALD PLACE,,Non-Injury Crash,No,2024,0,South,0,0,0,Flat,0,,0,,0,Dark,707900,0,0,0,2,0,0,0,0,1,,0,0,Auckland Region,Nil,2-way,Sealed,0,0,0,0,30,0,On,0,0,,76,Auckland,Nil,0,0,0,0,0,0,Urban,0,0,0,Light rain,Null
1738216.6166,5923825.5773,890863,,505700,0,1,0,2,0,South,2024/2025,WAITAKERE ROAD,TAUPAKI ROAD,,Minor Crash,No,2025,1,North,0,0,0,Flat,0,,0,,0,Overcast,216500,2,0,0,2,0,0,0,0,0,,0,0,Auckland Region,Bridge,2-way,Sealed,0,0,0,0,80,0,Off,0,0,,76,Auckland,Nil,0,0,0,0,0,0,Open,1,0,0,Light rain,Null
1771818.0612,5914426.2154,890885,,521602,0,0,0,2,0,Null,2024/2025,MOORE STREET,BAIRD STREET,,Non-Injury Crash,No,2024,0,North,0,0,0,Flat,0,,0,,0,Dark,649300,0,0,0,2,0,0,0,0,1,,0,0,Auckland Region,Nil,2-way,Sealed,0,0,0,0,50,0,On,0,0,20,76,Auckland,Stop,0,0,0,0,0,0,Urban,0,0,0,Fine,Null
1755015.7907,5913729.6042,890887,,518803,0,,0,0,,Null,2023/2024,DOMINION ROAD,DENBIGH AVENUE,,Non-Injury Crash,No,2024,,North,,0,,Flat,,,,,,Bright sun,582500,0,0,0,4,,,0,,,,,,Auckland Region,Nil,2-way,Sealed,,0,0,,50,,Off,1,0,,76,Auckland,Give way,,,,,1,0,Urban,0,,,Fine,Null
1754397.1918,5913992.6257,890894,,518802,0,0,0,1,0,Null,2024/2025,OFF ROAD - CAR PARK,,,Minor Crash,No,2024,0,South,0,0,0,Flat,0,,1,,0,Overcast,579200,1,0,0,,0,0,0,0,0,,0,0,Auckland Region,Nil,Off road,Sealed,0,0,0,0,,0,Off,0,0,,76,Auckland,Nil,0,0,0,0,0,0,Urban,0,0,0,Fine,Null
1752866.0895,5916598.3008,890898,,517901,0,,0,2,,Null,2022/2023,NEW NORTH ROAD,MOUNT ALBERT ROAD,,Non-Injury Crash,No,2023,,North,,0,,Flat,,,,,,Dark,524800,0,0,0,4,,,0,,,,,,Auckland Region,Nil,2-way,Sealed,,0,0,,50,,On,0,0,,76,Auckland,Traffic Signals,,,,,0,0,Urban,0,,,Null,None
1745278.3198,5919519.8516,890900,,513301,0,,0,1,,North,2025/2026,LINCOLN ROAD,POINSETTIA PLACE,,Serious Crash,No,2025,,North,,0,,Flat,,,,,,Bright sun,232001,0,0,0,6,,,0,,,,,,Auckland Region,Nil,2-way,Sealed,,0,1,,50,,Off,1,0,,76,Auckland,Nil,,,,,0,0,Urban,0,,,Fine,Null
1766307.7126,5907475.086,890907,,523601,0,,0,2,,South,2023/2024,SOUTHERN MOTORWAY,EAST TAMAKI OBR,,Non-Injury Crash,Yes,2023,,South,,0,,Flat,,,,,,Overcast,708500,0,0,0,3,,,0,,,,,,Auckland Region,Nil,1-way,Sealed,,0,0,,100,,On,0,0,,76,Auckland,Nil,,,,,0,0,Open,0,,,Fine,Null
1748744.3909,5970126.2385,890912,,505500,0,,0,2,,Null,2025/2026,AUCKLAND ROAD,WHITAKER ROAD,,Minor Crash,No,2025,,North,,0,,Flat,,,,,,Bright sun,141102,1,0,0,4,,,0,,,,,,Auckland Region,Nil,2-way,Sealed,,0,0,,50,,Off,0,0,,76,Auckland,Traffic Signals,,,,,0,0,Urban,2,,,Fine,Null
1771294.8685,5895791.8374,890916,,521201,0,,0,1,,South,2025/2026,PAPAKURA ON RAMP,SOUTHERN MOTORWAY,,Non-Injury Crash,No,2026,,East,,0,,Null,,,,,,Dark,806604,0,0,0,1,,,0,,,,,,Auckland Region,Nil,1-way,Null,,0,0,,30,,Null,0,0,,76,Auckland,Nil,,,,,0,1,Urban,0,,,Null,Null
1750697.8296,5970700.9961,890918,,506661,0,0,0,0,0,West,2024/2025,SANDSPIT ROAD,HAMILTON ROAD,,Serious Crash,No,2024,1,East,0,0,0,Hill Road,0,,0,,0,Overcast,139400,0,0,0,2,0,0,0,0,0,,0,0,Auckland Region,Nil,2-way,Sealed,0,0,2,0,80,0,None,0,0,,76,Auckland,Nil,0,0,0,0,0,0,Open,1,0,0,Fine,Null
1775545.9792,5895215.9347,890926,,525700,0,0,0,2,0,South,2024/2025,RED HILL ROAD,REDMOUNT PLACE,,Non-Injury Crash,No,2025,0,East,0,0,0,Hill Road,0,,0,,0,Bright sun,800500,0,0,0,2,0,0,0,0,1,,0,0,Auckland Region,Nil,2-way,Sealed,0,0,0,0,50,0,Null,0,0,,76,Auckland,Nil,0,0,0,0,1,0,Urban,0,0,0,Fine,Null
1768871.0172,5900878.9083,890932,,525001,0,,0,2,,North,2025/2026,GREAT SOUTH ROAD,WEYMOUTH ROAD,,Non-Injury Crash,No,2025,,South,,0,,Flat,,,,,,Twilight,751600,0,0,0,2,,,0,,,,,,Auckland Region,Nil,2-way,Sealed,,0,0,,50,,On,0,0,,76,Auckland,Nil,,,,,0,0,Urban,0,,,Fine,Null
1757578.3816,5920879.0705,890934,,514103,0,,1,1,,Null,2023/2024,CUSTOMS STREET EAST,FORT LANE,,Non-Injury Crash,No,2024,,West,,0,,Flat,,,,,,Bright sun,438000,0,0,0,4,,,0,,,,,,Auckland Region,Nil,2-way,Sealed,,0,0,,30,,Null,0,0,,76,Auckland,Nil,,,,,0,0,Urban,0,,,Fine,None
1773118.7051,5896475.02,890941,,525630,0,0,0,1,0,North,2022/2023,PRICTOR STREET,CLEVEDON ROAD,,Non-Injury Crash,No,2023,0,North,0,0,0,Flat,0,,0,,0,Bright sun,794600,0,0,0,2,0,0,0,0,1,,0,0,Auckland Region,Nil,2-way,Sealed,0,0,0,0,50,0,Off,0,0,,76,Auckland,Nil,0,0,0,0,1,0,Urban,0,0,0,Fine,Null
1770343.1266,5911332.1776,890945,,523106,0,,0,1,,Null,2023/2024,BOTANY ROAD,TI RAKAU DRIVE,,Non-Injury Crash,No,2023,,South,,0,,Flat,,,,,,Bright sun,711174,0,0,0,2,,,0,,,,,,Auckland Region,Nil,2-way,Sealed,,0,0,,50,,Off,0,0,,76,Auckland,Traffic Signals,,,,,0,1,Urban,0,,,Light rain,None
1764770.111,5903645.7015,890947,,524604,0,,0,1,,South,2023/2024,ROSCOMMON ROAD,CAVENDISH DRIVE OFF RAMP,,Minor Crash,No,2023,,South,,0,,Flat,,,,,,Dark,781200,1,0,0,2,,,0,,,,,,Auckland Region,Nil,1-way,Sealed,,0,0,,60,,On,1,0,,76,Auckland,Nil,,,,,0,0,Urban,0,,,Fine,Null
1761598.3575,5907424.801,890948,,524520,0,0,0,1,0,North,2024/2025,BUCKLAND ROAD,ASHLEY AVENUE,,Non-Injury Crash,No,2024,0,North,0,0,0,Flat,0,Christmas New Year,0,,0,Dark,734800,0,0,0,2,0,0,0,0,0,,0,1,Auckland Region,Nil,2-way,Sealed,0,0,0,0,50,0,On,0,0,,76,Auckland,Nil,0,0,0,0,0,0,Urban,0,0,0,Fine,Null
1749503.9332,5914074.5696,890954,,511302,0,,0,2,,South,2024/2025,RATA STREET,KAPONGA CRESCENT,,Non-Injury Crash,No,2024,,South,,0,,Null,,,,,,Bright sun,268800,0,0,0,2,,,0,,,,,,Auckland Region,Nil,1-way,Sealed,,0,0,,50,,Off,0,0,,76,Auckland,Nil,,,,,0,0,Urban,0,,,Fine,Null
1770460.8136,5904575.8502,890955,,523820,0,,0,1,,Null,2022/2023,REDOUBT ROAD,MURPHYS ROAD,,Non-Injury Crash,No,2023,,East,,0,,Flat,,,,,,Overcast,760000,0,0,1,2,,,0,,,,,,Auckland Region,Nil,2-way,Sealed,,0,0,,60,,Off,0,0,,76,Auckland,Stop,,,,,0,0,Urban,0,,,Fine,Null