X,Y,OBJECTID,advisorySpeed,areaUnitID,bicycle,bridge,bus,carStationWagon,cliffBank,crashDirectionDescription,crashFinancialYear,crashLocation1,crashLocation2,crashRoadSideRoad,crashSeverity,crashSHDescription,crashYear,debris,directionRoleDescription,ditch,fatalCount,fence,flatHill,guardRail,holiday,houseOrBuilding,intersection,kerb,light,meshblockId,minorInjuryCount,moped,motorcycle,NumberOfLanes,objectThrownOrDropped,otherObject,otherVehicleType,overBank,parkedVehicle,pedestrian,phoneBoxEtc,postOrPole,region,roadCharacter,roadLane,roadSurface,roadworks,schoolBus,seriousInjuryCount,slipOrFlood,speedLimit,strayAnimal,streetLight,suv,taxi,temporarySpeedLimit,tlaId,tlaName,trafficControl,trafficIsland,trafficSign,train,tree,truck,unknownVehicleType,urban,vanOrUtility,vehicle,waterRiver,weatherA,weatherB
1752987.0065,5918186.2342,890958,,515003,0,0,0,3,0,East,2023/2024,NORTH-WESTERN MOTORWAY,GREAT NORTH ROAD OFF RAMP,,Non-Injury Crash,Yes,2024,0,West,0,0,0,Flat,1,,0,,0,Overcast,390502,0,0,0,4,0,0,0,0,0,,0,0,Auckland Region,Nil,1-way,Sealed,0,0,0,0,100,0,Off,0,0,,76,Auckland,Nil,0,0,0,0,0,0,Open,0,0,0,Fine,Null
1750401.1938,5911723.7587,890962,,512100,0,0,0,0,0,South,2024/2025,GODLEY ROAD,CONNAUGHT STREET,,Minor Crash,No,2024,0,East,0,0,0,Flat,0,,0,,0,Dark,289400,1,0,0,2,0,0,0,0,0,,1,1,Auckland Region,Nil,2-way,Sealed,0,0,0,0,50,0,On,1,0,,76,Auckland,Nil,0,0,0,0,0,0,Urban,0,0,0,Light rain,Null
1765047.5955,5918376.5036,890964,,516900,0,,0,2,,Null,2024/2025,WEST TAMAKI ROAD,ST HELIERS BAY ROAD,,Non-Injury Crash,No,2025,,West,,0,,Null,,,,,,Unknown,465503,0,0,0,3,,,0,,,,,,Auckland Region,Nil,2-way,Sealed,,0,0,,50,,Null,0,0,,76,Auckland,Give way,,,,,0,0,Urban,0,,,Fine,Null
1765053.9968,5915370.5077,890967,,520301,0,,0,2,,Null,2023/2024,MORRIN ROAD,FRASER ROAD,,Minor Crash,No,2023,,South,,0,,Flat,,,,,,Overcast,627800,1,0,0,5,,,0,,,,,,Auckland Region,Nil,2-way,Sealed,,0,0,,50,,Off,0,0,,76,Auckland,Traffic Signals,,,,,0,0,Urban,0,,,Fine,Null
1755778.1669,5913210.3889,890975,,518701,0,,1,1,,East,2023/2024,SOUTH-WESTERN MOTORWAY,KEITH HAY PARK FTBR,,Minor Crash,Yes,2024,,East,,0,,Flat,,,,,,Dark,573800,1,0,0,3,,,0,,,,,,Auckland Region,Nil,1-way,Sealed,,0,0,,100,,On,0,1,,76,Auckland,Nil,,,,,0,0,Open,0,,,Light rain,Null
1759004.1825,5908593.3644,890976,,524002,0,0,0,1,0,East,2024/2025,MILLER ROAD,MOUNTAIN ROAD,,Non-Injury Crash,No,2024,0,East,0,0,1,Flat,0,,0,,0,Bright sun,724700,0,0,0,2,0,0,0,0,0,,0,0,Auckland Region,Speed hump,2-way,Sealed,0,0,0,0,50,0,Off,0,0,,76,Auckland,Nil,0,0,0,0,0,0,Urban,0,0,0,Fine,Null
1755198.1943,5914387.7265,890978,,518500,0,0,0,1,0,North,2022/2023,DOMINION ROAD,MOUNT ALBERT ROAD,,Non-Injury Crash,No,2023,0,South,0,0,0,Hill Road,0,,0,,0,Dark,560900,0,0,0,4,0,1,0,0,0,,0,1,Auckland Region,Nil,2-way,Sealed,0,0,0,0,50,0,On,0,0,,76,Auckland,Nil,0,0,0,0,0,0,Urban,0,0,0,Light rain,Null
1757904.6874,5919731.7567,890984,,514301,0,,0,2,,Null,2024/2025,STANLEY STREET,GRAFTON ROAD,,Minor Crash,No,2024,,South,,0,,Hill Road,,,,,,Overcast,440300,1,0,0,4,,,0,,,,,,Auckland Region,Nil,2-way,Sealed,,0,0,,50,,Off,0,0,,76,Auckland,Traffic Signals,,,,,0,0,Urban,0,,,Fine,Null
1747484.2972,5910742.1295,890989,,511901,0,0,0,1,0,East,2023/2024,TITIRANGI ROAD,SOUTH TITIRANGI ROAD,,Non-Injury Crash,No,2024,0,West,0,0,0,Flat,0,,1,,1,Dark,294200,0,0,0,2,0,0,0,0,1,,0,0,Auckland Region,Nil,2-way,Sealed,0,0,0,0,50,0,On,1,0,,76,Auckland,Nil,0,0,0,0,0,0,Urban,0,0,0,Fine,Null
1768705.0391,5910110.8851,890990,,523112,0,,0,1,,Null,2023/2024,HARRIS ROAD,CROOKS ROAD,,Non-Injury Crash,No,2023,,North,,0,,Flat,,,,,,Bright sun,711500,0,0,0,4,,,0,,,,,,Auckland Region,Nil,2-way,Sealed,,0,0,,50,,None,0,0,,76,Auckland,Give way,,,,,1,0,Urban,0,,,Fine,Null
1761458.3867,5914322.7645,890996,,520202,0,,0,1,,Null,2023/2024,ELLERSLIE-PANMURE HIGHWAY,ELLERSLIE-PANMURE HWY ON RAMP,,Non-Injury Crash,No,2024,,South,,0,,Flat,,Queens Birthday,,,,Dark,612501,0,0,0,2,,,0,,,,,,Auckland Region,Nil,1-way,Sealed,,0,0,,50,,On,0,0,,76,Auckland,Give way,,,,,0,0,Urban,0,,,Fine,Null
1768699.9552,5910128.8771,890997,,523112,0,,0,1,,Null,2024/2025,CROOKS ROAD,HARRIS ROAD,,Minor Crash,No,2024,,East,,0,,Flat,,,,,,Bright sun,711500,1,0,1,2,,,0,,,,,,Auckland Region,Nil,2-way,Sealed,,0,0,,50,,None,0,0,,76,Auckland,Give way,,,,,0,0,Urban,0,,,Fine,Null
1758470.1055,5920332.265,891003,,515902,0,,0,1,,South,2024/2025,THE STRAND,NGAOHO PLACE,,Non-Injury Crash,Yes,2025,,East,,0,,Flat,,,,,,Dark,453000,0,0,0,4,,,0,,,,,,Auckland Region,Nil,2-way,Sealed,,0,0,,50,,On,0,0,,76,Auckland,Nil,,,,,0,0,Urban,0,,,Fine,Null
1764076.8517,5912477.4694,891004,,520500,0,,0,0,,East,2024/2025,MOUNT WELLINGTON HWY ON RAMP,MOUNT WELLINGTON HIGHWAY,,Serious Crash,No,2024,,South,,0,,Hill Road,,,,,,Bright sun,637500,0,0,1,2,,,0,,,,,,Auckland Region,Motorway ramp,1-way,Sealed,,0,1,,100,,Off,0,0,,76,Auckland,Nil,,,,,1,0,Open,0,,,Fine,Null
1772295.4525,5893640.4545,891007,,525530,0,,0,1,,South,2024/2025,SOUTHERN MOTORWAY,SERVICE CENTRE OFF SBD,,Non-Injury Crash,Yes,2025,,South,,0,,Hill Road,,,,,,Twilight,808607,0,0,0,3,,,0,,,,,,Auckland Region,Nil,1-way,Sealed,,0,0,,100,,On,1,0,,76,Auckland,Nil,,,,,0,0,Open,0,,,Fine,Null
1751743.8355,5917186.7317,891008,,514900,0,0,0,1,0,South,2024/2025,SH 20,SH 20,,Minor Crash,Yes,2024,0,South,0,0,0,Flat,1,,0,,0,Bright sun,384701,1,0,1,3,0,0,0,0,0,,0,0,Auckland Region,Tunnel,1-way,Sealed,0,0,0,0,80,0,On,0,0,,76,Auckland,Nil,0,0,0,0,0,0,Open,0,0,0,Fine,Null
1762609.1899,5908129.8802,891009,,524530,0,0,0,1,0,West,2025/2026,VINE STREET,CLEEK ROAD,,Minor Crash,No,2025,0,East,0,0,0,Flat,0,,0,,0,Dark,732400,1,0,0,2,0,0,0,0,0,,0,0,Auckland Region,Nil,2-way,Sealed,0,0,0,0,30,0,On,0,0,,76,Auckland,Nil,0,0,0,1,0,0,Urban,0,0,0,Light rain,Null
1759063.7484,5911311.1316,891010,,519820,0,,0,2,,Null,2023/2024,SOUTH-WESTERN MOTORWAY,ONEHUNGA HARBOUR ROAD OFF RAMP,,Non-Injury Crash,Yes,2023,,North,,0,,Hill Road,,,,,,Bright sun,602402,0,0,0,5,,,0,,,,,,Auckland Region,Overpass,1-way,Sealed,,0,0,,100,,Off,0,0,,76,Auckland,Nil,,,,,0,0,Open,0,,,Fine,Null
1822192.7107,5979772.2616,891013,,521000,0,0,0,1,0,East,2024/2025,PURIRI BAY ROAD,SCHOONER BAY ROAD,,Minor Crash,No,2025,1,West,0,0,0,Flat,0,,0,,0,Bright sun,439200,2,0,0,1,0,0,0,0,0,,0,0,Auckland Region,Bridge,1-way,Unsealed,0,0,0,0,40,0,None,0,0,,76,Auckland,Nil,0,0,0,0,0,0,Urban,0,0,1,Fine,Null
1769792.6629,5882267.8318,891015,,525910,0,0,0,2,0,West,2024/2025,REYNOLDS ROAD,BOB CRAIG PLACE,,Non-Injury Crash,No,2025,0,West,0,0,0,Flat,0,,0,,0,Bright sun,816520,0,0,0,2,0,0,0,0,1,,0,0,Auckland Region,Nil,2-way,Sealed,0,0,0,0,50,0,Off,0,0,,76,Auckland,Nil,0,0,0,0,0,0,Urban,0,0,0,Fine,Null
1772621.3903,5896902.2602,891018,,525420,0,1,0,0,0,Null,2023/2024,PORCHESTER ROAD,SUBWAY ROAD,,Non-Injury Crash,No,2023,0,North,0,0,0,Flat,0,,0,,0,Bright sun,792603,0,0,0,2,0,0,0,0,0,,0,0,Auckland Region,Bridge,2-way,Sealed,0,0,0,0,50,0,Off,0,0,,76,Auckland,Traffic Signals,0,0,0,0,1,0,Urban,0,0,0,Fine,Null
1739302.0282,5989981.1233,891022,,506660,0,0,0,1,0,East,2023/2024,MANGAWHAI ROAD,WHARFE ROAD,,Non-Injury Crash,No,2024,0,East,0,0,0,Flat,0,,0,,0,Bright sun,135700,0,0,0,2,0,0,0,1,0,,0,0,Auckland Region,Nil,2-way,Sealed,0,0,0,0,100,0,None,0,0,,76,Auckland,Nil,0,0,0,0,0,0,Open,0,0,0,Fine,Null
1746265.5377,5914023.3763,891023,,511002,0,,0,3,,East,2024/2025,WEST COAST ROAD,ROSIER ROAD,,Minor Crash,No,2025,,West,,0,,Flat,,,,,,Overcast,283100,1,0,0,3,,,0,,,,,,Auckland Region,Nil,2-way,Sealed,,0,0,,50,,Off,0,0,,76,Auckland,Nil,,,,,0,0,Urban,1,,,Light rain,Null
1775956.4083,5881949.7727,891025,,521160,0,,0,1,,North,2023/2024,SOUTHERN MOTORWAY,MILL OBR,,Non-Injury Crash,Yes,2024,,North,,0,,Flat,,Christmas New Year,,,,Bright sun,827603,0,0,0,2,,,0,,,,,,Auckland Region,Nil,1-way,Sealed,,0,0,,100,,Off,0,0,,76,Auckland,Nil,,,,,0,0,Open,0,,,Fine,None
1759940.8872,5916082.7184,891028,,516002,0,,0,1,,South,2023/2024,SOUTHERN MOTORWAY,GREEN LANE EAST OFF RAMP,,Non-Injury Crash,Yes,2024,,South,,0,,Hill Road,,,,,,Dark,492100,0,0,0,3,,,0,,,,,,Auckland Region,Motorway ramp,1-way,Sealed,,0,0,,100,,On,1,0,,76,Auckland,Nil,,,,,0,0,Open,0,,,Fine,Null
1753555.6387,5927920.0885,891031,,508210,0,,0,1,,Null,2024/2025,GLENFIELD ROAD,KAIPATIKI ROAD,,Non-Injury Crash,No,2025,,North,,0,,Flat,,,,,,Bright sun,186800,0,0,0,3,,,0,,,,,,Auckland Region,Nil,1-way,Sealed,,0,0,,50,,Null,0,0,,76,Auckland,Traffic Signals,,,,,0,0,Urban,1,,,Fine,Null
1768644.4742,5899078.057,891032,,525102,0,,0,1,,Null,2023/2024,COXHEAD ROAD,HOBART CRESCENT,,Non-Injury Crash,No,2023,,North,,0,,Flat,,,,,,Bright sun,768800,0,0,1,2,,,0,,,,,,Auckland Region,Nil,2-way,Sealed,,0,0,,50,,Off,0,0,,76,Auckland,Give way,,,,,0,0,Urban,0,,,Fine,Null
1756740.6419,5919844.4839,891036,,514102,0,,0,2,,South,2022/2023,HOBSON STREET ON RAMP,UNION STREET,,Non-Injury Crash,No,2023,,West,,0,,Flat,,,,,,Bright sun,435500,0,0,0,2,,,0,,,,,,Auckland Region,Nil,1-way,Sealed,,0,0,,50,,Off,0,0,,76,Auckland,Nil,,,,,0,0,Urban,0,,,Fine,None
1763428.6065,5912937.8334,891037,,520402,0,0,0,1,0,East,2022/2023,ARANUI ROAD,RUAWAI ROAD,,Non-Injury Crash,No,2023,0,South,0,0,1,Flat,0,,0,,0,Bright sun,641600,0,0,0,2,0,0,0,0,0,,0,0,Auckland Region,Nil,2-way,Sealed,0,0,0,0,50,0,Off,1,0,,76,Auckland,Nil,0,0,0,0,0,0,Urban,0,0,0,Fine,Null
1755277.8486,5932012.1364,891039,,508805,0,,0,1,,Null,2023/2024,EAST COAST ROAD,CONSTELLATION DRIVE,,Non-Injury Crash,No,2023,,North,,0,,Hill Road,,,,,,Bright sun,151104,0,0,0,4,,,0,,,,,,Auckland Region,Nil,2-way,Sealed,,0,0,,50,,Off,1,0,,76,Auckland,Traffic Signals,,,,,0,0,Urban,0,,,Fine,Null
1764416.2217,5904429.8946,891040,,522100,0,,0,2,,Null,2023/2024,PUHINUI ROAD,WYLLIE ROAD,,Non-Injury Crash,No,2023,,North,,0,,Flat,,,,,,Overcast,659300,0,0,0,3,,,0,,,,,,Auckland Region,Nil,2-way,Sealed,,0,0,,50,,On,0,0,,76,Auckland,Traffic Signals,,,,,0,0,Urban,0,,,Fine,Null
1742039.1202,5919884.1497,891042,,513621,0,,0,1,,South,2023/2024,CROWS ROAD,PATRICK RICE DRIVE,,Non-Injury Crash,No,2023,,Null,,0,,Hill Road,,,,,,Dark,226602,0,0,0,2,,,0,,,,,,Auckland Region,Nil,2-way,Sealed,,0,0,,50,,On,0,0,,76,Auckland,Nil,,,,,0,0,Urban,0,,,Light rain,Null
1758839.3806,5905383.3998,891044,,524200,0,0,0,1,0,North,2022/2023,GEORGE BOLT MEMORIAL DRIVE,LANDING DRIVE,,Non-Injury Crash,Yes,2023,0,North,0,0,1,Flat,0,,0,,0,Dark,726500,0,0,0,2,0,0,0,0,0,,0,0,Auckland Region,Nil,1-way,Sealed,0,0,0,0,100,0,On,0,0,,76,Auckland,Nil,0,0,0,0,0,0,Open,0,0,0,Fine,Null
1765331.6613,5902217.0815,891047,,524604,0,,0,2,,North,2024/2025,ROSCOMMON ROAD,ROSCOMMON ROAD,,Serious Crash,No,2025,,South,,0,,Flat,,,,,,Dark,781302,0,0,0,5,,,0,,,,,,Auckland Region,Nil,2-way,Sealed,,0,2,,60,,On,0,0,,76,Auckland,Nil,,,,,0,0,Urban,0,,,Fine,Null
1764078.2562,5910107.9993,891049,,521901,0,,0,0,,West,2023/2024,PRINCES STREET,ATKINSON AVENUE,,Non-Injury Crash,No,2024,,West,,0,,Flat,,,,,,Bright sun,782200,0,0,0,3,,,0,,,,,,Auckland Region,Nil,2-way,Sealed,,0,0,,50,,Off,1,0,,76,Auckland,Nil,,,,,0,0,Urban,1,,,Fine,None
1746547.1045,5916082.7111,891051,,511800,0,,0,1,,South,2024/2025,GREAT NORTH ROAD,KIRBY STREET,,Non-Injury Crash,No,2024,,South,,0,,Flat,,,,,,Overcast,276102,0,0,0,4,,,0,,,,,,Auckland Region,Nil,2-way,Sealed,,0,0,,50,,Off,0,0,,76,Auckland,Nil,,,,,0,0,Urban,1,,,Fine,Null
1772766.6651,5895662.9789,891058,,525410,1,,0,1,,Null,2023/2024,GREAT SOUTH ROAD,SOUTH STREET,,Minor Crash,No,2024,,North,,0,,Flat,,,,,,Dark,793400,1,0,0,2,,,0,,,,,,Auckland Region,Nil,2-way,Sealed,,0,0,,50,,On,0,0,,76,Auckland,Give way,,,,,0,0,Urban,0,,,Fine,Null
1753952.6285,5931589.6784,891065,,508805,0,,0,1,,South,2024/2025,NORTHERN MOTORWAY,UPPER HARBOUR HWY OFF RAMP,,Non-Injury Crash,Yes,2024,,South,,0,,Flat,,,,,,Bright sun,180813,0,0,0,3,,,0,,,,,,Auckland Region,Nil,1-way,Sealed,,0,0,,100,,Off,1,0,,76,Auckland,Nil,,,,,0,0,Open,0,,,Fine,Null
1756099.9868,5923746.8917,891069,,509800,0,,0,0,,South,2024/2025,NORTHERN MOTORWAY,WEIGH BRIDGE,,Non-Injury Crash,Yes,2024,,South,,0,,Null,,,,,,Bright sun,358800,0,0,1,5,,,0,,,,,,Auckland Region,Nil,1-way,Sealed,,0,0,,80,,Null,1,0,70,76,Auckland,Nil,,,,,0,0,Open,0,,,Fine,Null
1744949.4837,5924347.2007,891070,,513521,0,,0,0,,Null,2024/2025,HOBSONVILLE ROAD,TRIG ROAD,,Serious Crash,No,2024,,East,,0,,Flat,,,,,,Overcast,224226,0,0,1,2,,,0,,,,,,Auckland Region,Nil,2-way,Sealed,,0,1,,50,,Off,1,0,,76,Auckland,Give way,,,,,0,0,Urban,0,,,Fine,Null
1759191.1061,5916491.0031,891074,,516001,1,,0,0,,Null,2024/2025,GREAT SOUTH ROAD,PATEY STREET,,Minor Crash,No,2024,,South,,0,,Flat,,,,,,Twilight,493800,1,0,0,2,,,0,,,,,,Auckland Region,Nil,2-way,Sealed,,0,0,,50,,Off,1,0,,76,Auckland,Stop,,,,,0,0,Urban,0,,,Fine,Null
1759893.3379,5915750.1695,891077,,516003,0,,0,1,,Null,2024/2025,GREAT SOUTH ROAD,GREEN LANE EAST,,Non-Injury Crash,No,2024,,North,,0,,Null,,,,,,Dark,495200,0,0,0,5,,,0,,,,,,Auckland Region,Nil,2-way,Sealed,,0,0,,50,,On,0,0,,76,Auckland,Traffic Signals,,,,,0,1,Urban,0,,,Light rain,Null
1756594.8123,5926805.4816,891086,,507900,0,,0,2,,South,2023/2024,NORTHERN MOTORWAY,NORTHCOTE ROAD ON RAMP,,Non-Injury Crash,Yes,2023,,South,,0,,Flat,,,,,,Overcast,303902,0,0,0,3,,,0,,,,,,Auckland Region,Nil,2-way,Sealed,,0,0,,100,,Off,0,0,,76,Auckland,Nil,,,,,0,0,Open,0,,,Fine,Null
1754652.0086,5923457.2451,891088,,510500,1,,0,1,,West,2022/2023,HINEMOA STREET,NIAGARA PLACE,,Minor Crash,No,2023,,South,,0,,Hill Road,,,,,,Overcast,358300,2,0,0,2,,,0,,,,,,Auckland Region,Nil,2-way,Sealed,,0,0,,50,,Off,0,0,,76,Auckland,Nil,,,,,0,0,Urban,0,,,Fine,Null
1753038.447,5916467.0182,891090,,517903,0,,0,2,,Null,2023/2024,ALLENDALE ROAD,MOUNT ALBERT ROAD,,Minor Crash,No,2024,,North,,0,,Flat,,,,,,Bright sun,520000,1,0,0,2,,,0,,,,,,Auckland Region,Nil,2-way,Sealed,,0,0,,50,,Off,0,0,,76,Auckland,Stop,,,,,0,0,Urban,0,,,Fine,Null
1764403.5628,5904425.047,891095,,522100,0,,0,2,,Null,2023/2024,PUHINUI ROAD,WYLLIE ROAD,,Non-Injury Crash,No,2023,,East,,0,,Flat,,,,,,Bright sun,659300,0,0,0,2,,,0,,,,,,Auckland Region,Nil,2-way,Sealed,,0,0,,50,,On,0,0,,76,Auckland,Traffic Signals,,,,,0,0,Urban,0,,,Fine,None
1768176.319,5914101.0226,891096,,522810,0,,0,0,,North,2023/2024,THE ROSEBOWL,MEADWAY,,Non-Injury Crash,No,2023,,South,,0,,Hill Road,,,,,,Bright sun,693802,0,0,0,0,,,0,,,,,,Auckland Region,Nil,2-way,Sealed,,0,0,,50,,Off,0,0,,76,Auckland,Nil,,,,,0,0,Urban,2,,,Fine,Null
1755018.8706,5914428.8038,891097,,518500,0,,0,1,,Null,2024/2025,MOUNT ALBERT ROAD,MAY ROAD,,Non-Injury Crash,No,2024,,West,,0,,Flat,,,,,,Dark,560900,0,0,0,2,,,0,,,,,,Auckland Region,Nil,2-way,Sealed,,0,0,,50,,On,1,0,,76,Auckland,Stop,,,,,0,0,Urban,0,,,Fine,Null
1772688.369,5896802.468,891102,,525420,0,0,0,1,0,South,2023/2024,PORCHESTER ROAD,SUBWAY ROAD,,Non-Injury Crash,No,2023,0,South,0,0,1,Flat,0,,0,,0,Dark,792603,0,0,0,2,0,0,0,0,0,,0,0,Auckland Region,Nil,2-way,Sealed,0,0,0,0,50,0,On,0,0,,76,Auckland,Nil,0,0,0,0,0,0,Urban,0,0,0,Fine,Null
1766976.8478,5903695.5049,891107,,524602,0,,0,1,,Null,2023/2024,DRUCES ROAD,WIRI STATION ROAD,,Non-Injury Crash,No,2023,,North,,0,,Flat,,Christmas New Year,,,,Bright sun,780411,0,0,0,3,,,0,,,,,,Auckland Region,Nil,1-way,Sealed,,0,0,,50,,Off,0,0,,76,Auckland,Traffic Signals,,,,,0,1,Urban,0,,,Fine,None
1772740.9999,5896107.9961,891111,,525410,0,,0,2,,East,2023/2024,WOOD STREET,EAST STREET,,Non-Injury Crash,No,2023,,East,,0,,Flat,,,,,,Overcast,792100,0,0,0,2,,,0,,,,,,Auckland Region,Nil,1-way,Sealed,,0,0,,50,,None,0,0,,76,Auckland,Give way,,,,,0,0,Urban,0,,,Fine,None
1759284.5324,5906549.7237,891113,,524111,0,,0,2,,Null,2025/2026,KIRKBRIDE ROAD OFF RAMP,KIRKBRIDE ROAD,,Non-Injury Crash,No,2025,,East,,0,,Flat,,,,,,Bright sun,740200,0,0,0,2,,,0,,,,,,Auckland Region,Nil,2-way,Sealed,,0,0,,50,,Off,0,0,,76,Auckland,Traffic Signals,,,,,0,0,Urban,0,,,Fine,Null
1758101.8603,5911957.0027,891115,,519810,0,0,0,1,0,South,2024/2025,SOUTH-WESTERN MOTORWAY,QUEENSTOWN ROAD OFF RAMP,,Non-Injury Crash,Yes,2025,0,North,0,0,0,Flat,1,,0,,0,Dark,602501,0,0,0,3,0,0,0,0,0,,0,0,Auckland Region,Nil,1-way,Sealed,0,0,0,0,100,0,On,0,0,,76,Auckland,Nil,0,0,0,0,0,0,Open,0,0,0,Fine,Null
1756839.8324,5925058.3184,891120,,509702,0,,0,1,,North,2023/2024,NORTHERN MOTORWAY,EXMOUTH FTBR,,Non-Injury Crash,Yes,2023,,South,,0,,Flat,,,,,,Twilight,366602,0,0,0,4,,,0,,,,,,Auckland Region,Nil,1-way,Sealed,,0,0,,100,,On,0,0,,76,Auckland,Nil,,,,,0,0,Open,1,,,Fine,Null
1771944.7478,5898433.492,891121,,523912,0,,0,1,,Null,2025/2026,PORCHESTER ROAD,MARENGO PARKWAY,,Non-Injury Crash,No,2025,,South,,0,,Null,,,,,,Bright sun,765402,0,0,0,2,,,0,,,,,,Auckland Region,Nil,2-way,Sealed,,0,0,,50,,Null,1,0,,76,Auckland,Give way,,,,,0,0,Urban,0,,,Fine,Null
1763981.9495,5904260.222,891122,,524604,0,,0,1,,Null,2023/2024,PUHINUI ROAD,PUHINUI ROAD-SH 20B ON RAMP,,Non-Injury Crash,Yes,2023,,East,,0,,Flat,,Christmas New Year,,,,Dark,780902,0,0,0,3,,,0,,,,,,Auckland Region,Underpass,1-way,Sealed,,0,0,,50,,On,1,0,,76,Auckland,Traffic Signals,,,,,0,0,Urban,0,,,Fine,Null
1766889.4208,5901586.8946,891125,,524712,0,0,0,2,0,Null,2024/2025,RUSSELL ROAD,HEALY ROAD,,Non-Injury Crash,No,2025,0,South,0,0,1,Flat,0,,0,,0,Dark,779200,0,0,0,2,0,0,0,0,1,,0,0,Auckland Region,Nil,2-way,Sealed,0,0,0,0,50,0,On,0,0,,76,Auckland,Give way,0,0,0,0,0,0,Urban,1,0,0,Light rain,Null
1768195.9661,5913824.3158,891126,,522810,0,0,0,1,0,Null,2023/2024,PAKURANGA ROAD,WILBUR PLACE,,Non-Injury Crash,No,2023,0,East,0,0,1,Flat,0,,0,,0,Bright sun,691102,0,0,0,2,0,0,0,0,0,,0,0,Auckland Region,Nil,1-way,Sealed,0,0,0,0,50,0,Off,1,0,,76,Auckland,Give way,0,1,0,0,0,0,Urban,0,0,0,Fine,Null
1756009.1319,5924529.0495,891142,,509800,0,,0,3,,West,2023/2024,ONEWA ROAD,SYLVAN AVENUE,,Non-Injury Crash,No,2023,,East,,0,,Hill Road,,,,,,Overcast,360500,0,0,0,4,,,0,,,,,,Auckland Region,Nil,2-way,Sealed,,0,0,,50,,Off,0,0,,76,Auckland,Nil,,,,,0,0,Urban,0,,,Fine,Null
1757527.4975,5918584.2843,891143,,514302,0,,0,2,,South,2023/2024,SOUTHERN MOTORWAY,KHYBER PASS OBR,,Non-Injury Crash,Yes,2024,,North,,0,,Flat,,,,,,Bright sun,442100,0,0,0,4,,,0,,,,,,Auckland Region,Nil,1-way,Sealed,,0,0,,80,,Off,0,0,,76,Auckland,Nil,,,,,0,0,Open,0,,,Fine,None
1757330.3889,5912398.0318,891146,,518702,0,0,0,0,0,South,2023/2024,SOUTH-WESTERN MOTORWAY,HILLSBOROUGH ROAD OFF RAMP,,Non-Injury Crash,Yes,2023,0,North,0,0,0,Hill Road,1,,0,,0,Bright sun,570900,0,0,0,3,0,0,0,0,0,,0,0,Auckland Region,Nil,1-way,Sealed,0,0,0,0,100,0,Off,0,0,,76,Auckland,Nil,0,0,0,0,0,0,Open,1,0,0,Fine,Null
1744615.0418,5909146.6971,891150,,512801,0,0,0,1,1,North,2023/2024,HUIA ROAD,EXHIBITION DRIVE,,Non-Injury Crash,No,2023,0,North,0,0,0,Hill Road,0,,0,,0,Overcast,302501,0,0,0,2,0,0,0,0,0,,0,0,Auckland Region,Nil,2-way,Sealed,0,0,0,0,50,0,Off,0,0,,76,Auckland,Nil,0,0,0,0,0,0,Urban,0,0,0,Fine,Null
1769239.5712,5901637.0149,891160,,524901,0,0,0,1,0,North,2022/2023,HILL ROAD,CLAUDE ROAD,,Non-Injury Crash,No,2023,0,North,0,0,0,Hill Road,0,,0,,0,Bright sun,756000,0,0,0,2,0,0,0,0,0,,0,1,Auckland Region,Nil,2-way,Sealed,0,0,0,0,50,0,None,0,0,,76,Auckland,Nil,0,0,0,1,0,0,Urban,0,0,0,Fine,Null
1769147.7819,5914412.7351,891168,,522721,0,,0,3,,East,2022/2023,PAKURANGA ROAD,BELLS ROAD,,Non-Injury Crash,No,2023,,North,,0,,Flat,,,,,,Bright sun,681211,0,0,0,6,,,0,,,,,,Auckland Region,Nil,2-way,Sealed,,0,0,,50,,Off,0,0,,76,Auckland,Nil,,,,,0,0,Urban,0,,,Fine,Null
1753761.1493,5917025.1896,891171,,517800,0,,0,1,,Null,2024/2025,WAIRERE AVENUE,NEW NORTH ROAD,,Minor Crash,No,2025,,South,,0,,Flat,,,,,,Bright sun,526600,1,0,0,4,,,0,,,1,,,Auckland Region,Nil,2-way,Sealed,,0,0,,50,,Off,0,0,,76,Auckland,Stop,,,,,0,0,Urban,0,,,Fine,Null
1766435.0083,5905238.6264,891173,,524603,0,,0,2,,Null,2025/2026,LAMBIE DRIVE,PUHINUI ROAD,,Non-Injury Crash,No,2025,,North,,0,,Flat,,,,,,Bright sun,674300,0,0,0,2,,,0,,,,,,Auckland Region,Nil,2-way,Sealed,,0,0,,50,,Off,0,0,,76,Auckland,Traffic Signals,,,,,0,0,Urban,0,,,Fine,Null
1753778.4021,5929308.3582,891177,,508320,0,,0,2,,West,2024/2025,WAIRAU ROAD,OKI PLACE,,Non-Injury Crash,No,2025,,East,,0,,Hill Road,,Easter,,,,Overcast,196201,0,0,0,2,,,0,,,,,,Auckland Region,Nil,2-way,Sealed,,0,0,,50,,On,0,0,,76,Auckland,Nil,,,,,0,0,Urban,0,,,Fine,Null
1757208.3906,5918959.4651,891181,,514301,0,0,0,1,0,North,2025/2026,SYMONDS STREET OFF RAMP,SOUTHERN TO PORT LINK,,Non-Injury Crash,No,2025,0,North,0,0,0,Flat,1,,0,,0,Overcast,441200,0,0,0,1,0,0,0,0,0,,0,0,Auckland Region,Motorway ramp,1-way,Sealed,0,0,0,0,80,0,Off,0,0,,76,Auckland,Nil,0,0,0,0,0,0,Open,0,0,0,Heavy rain,Null