X,Y,OBJECTID,advisorySpeed,areaUnitID,bicycle,bridge,bus,carStationWagon,cliffBank,crashDirectionDescription,crashFinancialYear,crashLocation1,crashLocation2,crashRoadSideRoad,crashSeverity,crashSHDescription,crashYear,debris,directionRoleDescription,ditch,fatalCount,fence,flatHill,guardRail,holiday,houseOrBuilding,intersection,kerb,light,meshblockId,minorInjuryCount,moped,motorcycle,NumberOfLanes,objectThrownOrDropped,otherObject,otherVehicleType,overBank,parkedVehicle,pedestrian,phoneBoxEtc,postOrPole,region,roadCharacter,roadLane,roadSurface,roadworks,schoolBus,seriousInjuryCount,slipOrFlood,speedLimit,strayAnimal,streetLight,suv,taxi,temporarySpeedLimit,tlaId,tlaName,trafficControl,trafficIsland,trafficSign,train,tree,truck,unknownVehicleType,urban,vanOrUtility,vehicle,waterRiver,weatherA,weatherB
1763765.8276,5916525.0343,891183,,517202,0,0,0,1,0,Null,2023/2024,NGAHUE DRIVE,NORMAN LESSER DRIVE,,Non-Injury Crash,No,2024,0,South,0,0,0,Flat,0,,0,,0,Bright sun,465304,0,0,0,2,0,0,0,0,0,,0,1,Auckland Region,Nil,2-way,Sealed,0,0,0,0,50,0,Off,0,0,,76,Auckland,Stop,0,0,0,0,0,0,Urban,0,0,0,Fine,Null
1759785.3402,5912752.2341,891184,,520000,0,0,0,2,0,Null,2022/2023,ALFRED STREET,GREY STREET,,Minor Crash,No,2023,0,South,0,0,1,Flat,0,,0,,0,Bright sun,605700,1,0,0,2,0,0,0,0,0,,0,0,Auckland Region,Nil,2-way,Sealed,0,0,0,0,50,0,Off,0,0,,76,Auckland,Stop,0,0,0,0,0,0,Urban,0,0,0,Fine,Null
1743379.5837,5918787.2959,891186,,513213,0,,0,1,,East,2023/2024,METCALFE ROAD,MARTIN JUGUM LANE,,Minor Crash,No,2024,,South,,0,,Flat,,,,,,Bright sun,235906,1,0,1,2,,,0,,,,,,Auckland Region,Nil,2-way,Sealed,,0,0,,50,,Off,0,0,,76,Auckland,Nil,,,,,0,0,Urban,0,,,Fine,Null
1745181.3117,5917079.3944,891187,,510800,0,,0,1,,Null,2024/2025,HENDERSON VALLEY ROAD,SMYTHE ROAD,,Minor Crash,No,2025,,South,,0,,Flat,,,,,,Bright sun,241600,1,0,0,5,,,0,,,,,,Auckland Region,Nil,2-way,Sealed,,0,0,,50,,Off,0,0,,76,Auckland,Traffic Signals,,,,,1,0,Urban,0,,,Fine,Null
1773001.1378,5896143.2137,891191,,525410,0,,1,1,,Null,2023/2024,RAILWAY STREET WEST,WOOD STREET,,Non-Injury Crash,No,2024,,North,,0,,Flat,,,,,,Overcast,793200,0,0,0,2,,,0,,,,,,Auckland Region,Nil,2-way,Sealed,,0,0,,50,,Off,0,0,,76,Auckland,Give way,,,,,0,0,Urban,0,,,Fine,Null
1756753.5736,5919877.8299,891192,,514102,0,,0,0,,Null,2022/2023,UNION STREET,HOBSON STREET ON RAMP,,Non-Injury Crash,No,2023,,East,,0,,Flat,,,,,,Bright sun,435500,0,0,0,7,,,0,,,,,,Auckland Region,Nil,2-way,Sealed,,0,0,,30,,Off,2,0,,76,Auckland,Traffic Signals,,,,,0,0,Urban,0,,,Fine,Null
1754563.8429,5917032.9999,891196,,517600,0,0,0,1,0,Null,2023/2024,MORNINGSIDE DRIVE,BOURNEMOUTH AVENUE,,Minor Crash,No,2023,0,South,0,0,0,Flat,0,,0,,0,Dark,535400,1,0,0,2,0,0,0,0,0,,0,1,Auckland Region,Nil,2-way,Sealed,0,0,0,0,50,0,On,0,0,40,76,Auckland,Give way,0,0,0,0,0,0,Urban,0,0,0,Fine,Null
1754495.9236,5913102.8533,891201,,518803,0,0,0,0,0,East,2025/2026,FREELAND AVENUE,ONGAONGA LANE,,Non-Injury Crash,No,2025,0,West,0,0,0,Hill Road,0,,0,,0,Dark,583000,0,0,0,2,0,0,0,0,0,,1,0,Auckland Region,Nil,2-way,Sealed,0,0,0,0,50,0,On,1,0,,76,Auckland,Nil,0,0,0,0,0,0,Urban,0,0,0,Fine,Null
1757837.4247,5909304.3368,891203,,524001,0,0,0,2,0,West,2023/2024,MATAPOURI ROAD,PURATA PLACE,,Non-Injury Crash,No,2023,0,West,0,0,0,Hill Road,0,,0,,0,Overcast,723203,0,0,0,2,0,0,0,0,1,,0,0,Auckland Region,Nil,2-way,Sealed,0,0,0,0,50,0,Off,0,0,,76,Auckland,Nil,0,0,0,0,0,0,Urban,0,0,0,Fine,Null
1756984.6074,5913754.5646,891218,,518701,0,,0,1,,Null,2023/2024,MOUNT ALBERT ROAD,HILLSBOROUGH ROAD,,Minor Crash,No,2024,,East,,0,,Flat,,,,,,Overcast,569100,1,0,0,5,,,0,,,,,,Auckland Region,Nil,2-way,Sealed,,0,0,,50,,Off,0,0,,76,Auckland,Traffic Signals,,,,,0,0,Urban,1,,,Heavy rain,Null
1757613.647,5918364.4704,891219,,518101,0,,0,1,,North,2024/2025,SOUTHERN MOTORWAY,KHYBER PASS ROAD OFF RAMP,,Non-Injury Crash,Yes,2024,,North,,0,,Flat,,,,,,Bright sun,542700,0,0,0,4,,,0,,,,,,Auckland Region,Nil,1-way,Sealed,,0,0,,80,,Off,0,0,,76,Auckland,Nil,,,,,0,0,Open,1,,,Fine,Null
1764445.1224,5909354.9265,891220,,521802,0,,0,2,,Null,2022/2023,FAIRBURN ROAD,TAMAKI AVENUE,,Non-Injury Crash,No,2023,,West,,0,,Flat,,,,,,Bright sun,788601,0,0,0,2,,,0,,,,,,Auckland Region,Nil,2-way,Sealed,,0,0,,50,,Off,0,0,,76,Auckland,Nil,,,,,0,0,Urban,0,,,Fine,Null
1756791.3334,5918843.7805,891222,,515600,0,0,0,2,0,West,2023/2024,NEWTON ROAD,EXMOUTH STREET,,Non-Injury Crash,No,2023,0,East,0,0,0,Hill Road,0,,0,,0,Dark,420400,0,0,0,4,0,0,0,0,1,,0,0,Auckland Region,Nil,2-way,Sealed,0,0,0,0,50,0,On,0,0,,76,Auckland,Nil,0,0,0,0,0,0,Urban,0,0,0,Fine,Null
1751635.288,5917980.058,891224,55,515001,0,,0,1,,West,2022/2023,GREAT NORTH ROAD ON RAMP,NORTH-WESTERN MOTORWAY,,Non-Injury Crash,No,2023,,East,,0,,Flat,,,,,,Bright sun,392200,0,0,0,3,,,0,,,,,,Auckland Region,Motorway ramp,1-way,Sealed,,0,0,,100,,None,0,0,,76,Auckland,Traffic Signals,,,,,0,0,Open,1,,,Fine,Null
1738807.7022,5929751.557,891227,,505602,0,0,0,1,0,South,2025/2026,ORAHA ROAD,KORAHA ROAD,,Minor Crash,No,2025,0,South,1,0,0,Flat,0,,0,,0,Dark,214101,1,0,0,2,0,0,0,0,0,,0,0,Auckland Region,Nil,2-way,Sealed,0,0,0,0,60,0,On,0,0,,76,Auckland,Nil,0,0,0,0,0,0,Urban,0,0,0,Fine,Frost
1759006.1644,5920417.92,891233,,515902,0,,0,2,,Null,2025/2026,GLADSTONE ROAD,THE STRAND,,Minor Crash,No,2025,,East,,0,,Flat,,,,,,Overcast,453200,1,0,0,2,,,0,,,,,,Auckland Region,Nil,2-way,Sealed,,0,0,,50,,None,0,0,,76,Auckland,Give way,,,,,0,0,Urban,0,,,Fine,Null
1778460.8759,5904286.9393,891234,,525201,0,0,0,0,0,South,2023/2024,WEST ROAD,SUTTON ROAD,,Non-Injury Crash,No,2024,0,East,0,0,0,Hill Road,0,,0,,0,Bright sun,763202,0,0,0,2,0,0,0,0,0,,0,0,Auckland Region,Nil,2-way,Sealed,0,0,0,0,60,0,None,0,0,,76,Auckland,Nil,0,0,0,1,1,0,Urban,0,0,0,Fine,Null
1758152.1796,5915342.0412,891241,,519300,0,0,0,1,0,South,2024/2025,CLAUDE ROAD,MANUKAU ROAD,,Non-Injury Crash,No,2025,0,North,0,0,0,Hill Road,0,,1,,0,Bright sun,623500,0,0,0,2,0,0,0,0,0,,0,0,Auckland Region,Nil,2-way,Sealed,0,0,0,0,50,0,Off,0,0,,76,Auckland,Nil,0,0,0,0,0,0,Urban,0,0,0,Fine,Null
1775815.2228,5883293.6638,891242,,521160,0,0,0,0,1,South,2023/2024,SOUTHERN MOTORWAY,ST STEPHENS OBR,,Non-Injury Crash,Yes,2024,0,North,0,0,0,Hill Road,0,,0,,0,Overcast,827500,0,0,0,2,0,0,0,0,0,,0,1,Auckland Region,Nil,1-way,Sealed,0,0,0,0,100,0,Off,0,0,,76,Auckland,Nil,0,0,0,0,1,0,Open,0,0,0,Fine,Null
1754613.5047,5930762.5033,891248,,508520,0,,0,2,,South,2022/2023,NORTHERN MOTORWAY,UPPER HARBOUR HWY ON RAMP,,Non-Injury Crash,Yes,2023,,South,,0,,Hill Road,,,,,,Twilight,191104,0,0,0,2,,,0,,,,,,Auckland Region,Motorway ramp,1-way,Sealed,,0,0,,100,,On,0,0,50,76,Auckland,Nil,,,,,0,0,Open,0,,,Fine,Null
1763914.6049,5912596.4018,891252,,520500,0,,0,1,,Null,2022/2023,MOUNT WELLINGTON HIGHWAY,MOUNT WELLINGTON HWY ON RAMP,,Non-Injury Crash,No,2023,,South,,0,,Flat,,,,,,Overcast,637500,0,0,0,1,,,0,,,,,,Auckland Region,Motorway ramp,1-way,Sealed,,0,0,,50,,Off,0,0,,76,Auckland,Nil,,,,,1,0,Urban,0,,,Fine,Null
1747257.6238,5921119.9991,891260,,512300,0,0,0,1,0,Null,2025/2026,TE ATATU ROAD,YEOVIL ROAD,,Minor Crash,No,2025,0,North,0,0,0,Flat,0,Christmas New Year,0,,1,Dark,250106,1,0,0,3,0,0,0,0,0,,0,1,Auckland Region,Nil,2-way,Sealed,0,0,0,0,50,0,On,0,0,,76,Auckland,Give way,0,1,0,0,0,0,Urban,0,0,0,Fine,Null
1771335.5593,5898162.1582,891262,45,523912,0,0,0,2,0,East,2024/2025,GLENORA ROAD,GREAT SOUTH ROAD,,Non-Injury Crash,No,2024,0,South,0,0,0,Flat,0,,0,,0,Bright sun,767704,0,0,0,2,0,0,0,0,1,,0,0,Auckland Region,Nil,2-way,Sealed,0,0,0,0,50,0,Off,0,0,,76,Auckland,Nil,0,0,0,0,0,0,Urban,0,0,0,Fine,Null
1761753.9922,5906571.6266,891267,,524520,0,,1,1,,Null,2022/2023,MASSEY ROAD,MASSEY ROAD ON RAMP,,Minor Crash,No,2023,,South,,0,,Hill Road,,,,,,Overcast,736300,1,0,0,5,,,0,,,,,,Auckland Region,Overpass,2-way,Sealed,,0,0,,50,,On,0,0,,76,Auckland,Traffic Signals,,,,,0,0,Urban,0,,,Fine,Null
1770142.7872,5910776.9335,891268,,523109,0,0,0,1,0,North,2025/2026,TE IRIRANGI DRIVE,PARKWAY,,Non-Injury Crash,No,2025,0,South,0,0,0,Flat,0,,0,,0,Bright sun,711709,0,0,0,2,0,0,0,0,0,,0,0,Auckland Region,Nil,1-way,Sealed,0,0,0,0,50,0,Off,0,0,,76,Auckland,Nil,0,0,0,0,0,1,Urban,0,1,0,Fine,Null
1760726.1847,5915516.0213,891275,,520201,0,,0,2,,Null,2022/2023,WALPOLE STREET,MITCHELSON STREET,,Non-Injury Crash,No,2023,,North,,0,,Hill Road,,,,,,Bright sun,613000,0,0,0,2,,,0,,,,,,Auckland Region,Nil,2-way,Sealed,,0,0,,50,,Off,0,0,,76,Auckland,Stop,,,,,0,0,Urban,0,,,Fine,Null
1752142.2066,5915749.7856,891278,,517901,0,0,0,1,0,North,2024/2025,NEW NORTH ROAD,ENNISMORE ROAD,,Minor Crash,No,2025,0,South,0,0,0,Flat,0,,0,,0,Dark,523800,1,0,0,4,0,0,0,0,1,,0,0,Auckland Region,Nil,2-way,Sealed,0,0,0,0,50,0,On,0,0,,76,Auckland,Nil,0,0,0,0,0,0,Urban,1,0,0,Fine,Null
1757044.5996,5912603.4754,891279,,518702,0,,0,1,,North,2022/2023,HILLSBOROUGH ROAD OFF RAMP,SOUTH-WESTERN MOTORWAY,,Non-Injury Crash,No,2023,,North,,0,,Hill Road,,,,,,Dark,570702,0,0,0,4,,,0,,,,,,Auckland Region,Motorway ramp,1-way,Sealed,,0,0,,100,,On,0,0,,76,Auckland,Nil,,,,,1,0,Open,0,,,Fine,Null
1743551.9829,5945043.5164,891280,,506614,0,,0,2,,West,2024/2025,WHITEHILLS ROAD,HAWKES ACCESS ROAD,,Non-Injury Crash,No,2025,,South,,0,,Hill Road,,,,,,Bright sun,177500,0,0,0,2,,,0,,,,,,Auckland Region,Nil,2-way,Sealed,,0,0,,100,,None,0,0,,76,Auckland,Nil,,,,,0,0,Open,0,,,Fine,Null
1766371.7704,5899789.235,891283,,524713,0,,0,1,,Null,2023/2024,WEYMOUTH ROAD,ROSCOMMON ROAD,,Minor Crash,No,2023,,West,,0,,Flat,,,,,,Bright sun,775823,1,0,0,2,,,0,,,,,,Auckland Region,Nil,2-way,Sealed,,0,0,,50,,Off,1,0,,76,Auckland,Give way,,,,,0,0,Urban,0,,,Fine,Null
1756002.719,5911961.8792,891287,,518702,0,0,0,1,0,South,2022/2023,HILLSBOROUGH ROAD,GOODALL STREET,,Non-Injury Crash,No,2023,0,South,0,0,0,Flat,0,,0,,0,Bright sun,571700,0,0,0,3,0,0,0,0,0,,0,0,Auckland Region,Nil,2-way,Sealed,0,0,0,0,50,0,Off,0,0,,76,Auckland,Nil,0,0,0,0,0,0,Urban,0,0,0,Fine,Null
1747304.6076,5919557.2907,891292,,512402,0,0,0,1,0,North,2024/2025,TE ATATU ROAD OFF RAMP,TE ATATU ROAD,,Non-Injury Crash,No,2025,0,West,0,0,0,Hill Road,0,,0,,1,Dark,253700,0,0,0,2,0,0,0,0,0,,1,0,Auckland Region,Motorway ramp,1-way,Sealed,0,0,0,0,50,0,On,0,0,,76,Auckland,Nil,0,0,0,0,0,0,Urban,0,0,0,Fine,Null
1768040.0789,5903256.9596,891305,,524602,0,,0,1,,West,2023/2024,KERRS ROAD,GREAT SOUTH ROAD,,Minor Crash,No,2023,,East,,0,,Flat,,,,,,Overcast,780407,1,0,0,2,,,0,,,,,,Auckland Region,Nil,2-way,Sealed,,0,0,,60,,Off,0,0,,76,Auckland,Nil,,,,,0,0,Urban,1,,,Fine,Null
1755334.2241,5921985.8659,891306,,515202,0,0,0,1,0,West,2023/2024,CURRAN STREET,WESTHAVEN DRIVE,,Non-Injury Crash,No,2024,0,West,0,0,0,Flat,0,,0,,0,Dark,423600,0,0,0,2,0,0,0,0,1,,0,0,Auckland Region,Nil,2-way,Sealed,0,0,0,0,50,0,On,1,0,,76,Auckland,Nil,0,0,0,0,0,0,Urban,0,0,0,Fine,None
1755388.5188,5919564.986,891316,,515420,0,0,0,2,0,Null,2024/2025,RICHMOND ROAD,LEIGHTON STREET,,Non-Injury Crash,No,2025,0,West,0,0,0,Null,0,,0,,0,Unknown,408800,0,0,0,2,0,0,0,0,1,,0,0,Auckland Region,Nil,2-way,Sealed,0,0,0,0,50,0,Null,0,0,,76,Auckland,Stop,0,0,0,0,0,0,Urban,0,0,0,Null,Null
1753148.2253,5918388.9474,891317,,515002,0,0,0,1,0,West,2023/2024,GREAT NORTH ROAD,MOTIONS ROAD,,Minor Crash,No,2023,0,East,0,0,1,Flat,0,,0,,1,Bright sun,390501,1,0,0,3,0,0,0,0,0,,0,0,Auckland Region,Nil,2-way,Sealed,0,0,0,0,50,0,Off,0,0,,76,Auckland,Nil,0,0,0,0,0,0,Urban,0,0,0,Fine,Null
1771109.6546,5900671.8923,891321,,523816,0,0,0,2,0,Null,2023/2024,PORCHESTER ROAD,HYPERION DRIVE,,Minor Crash,No,2023,0,South,0,0,1,Hill Road,0,,0,,0,Dark,759730,3,0,0,2,0,0,0,0,0,,0,0,Auckland Region,Nil,2-way,Sealed,0,0,0,0,60,0,On,0,1,,76,Auckland,Stop,0,0,0,0,0,0,Urban,0,0,0,Fine,Null
1761405.0487,5914335.9268,891322,,520202,0,,0,1,,Null,2024/2025,ELLERSLIE-PANMURE HWY OFF RAMP,ELLERSLIE-PANMURE HIGHWAY,,Non-Injury Crash,No,2024,,South,,0,,Hill Road,,,,,,Overcast,612501,0,0,0,2,,,0,,,,,,Auckland Region,Motorway ramp,1-way,Sealed,,0,0,,50,,Off,0,0,,76,Auckland,Give way,,,,,0,0,Urban,1,,,Fine,Null
1746197.3357,5918427.455,891331,,512401,0,,0,1,,South,2025/2026,EDMONTON ROAD,STRID ROAD,,Non-Injury Crash,No,2025,,South,,0,,Hill Road,,,,,,Bright sun,256000,0,0,0,2,,,0,,,,,,Auckland Region,Nil,2-way,Sealed,,0,0,,50,,Off,0,0,,76,Auckland,Nil,,,,,1,0,Urban,0,,,Fine,Null
1747254.4007,5919839.6671,891332,,512300,0,,0,1,,Null,2023/2024,TE ATATU ROAD,TE ATATU ROAD OFF RAMP,,Non-Injury Crash,No,2024,,South,,0,,Hill Road,,,,,,Bright sun,252000,0,0,0,4,,,0,,,,,,Auckland Region,Bridge,2-way,Sealed,,0,0,,50,,Off,0,0,,76,Auckland,Traffic Signals,,,,,0,0,Urban,1,,,Fine,Null
1756635.8739,5943806.3915,891333,,505902,0,0,0,2,0,West,2023/2024,WHANGAPARAOA ROAD,LADIES MILE,,Non-Injury Crash,No,2024,0,East,0,0,0,Flat,0,,0,,0,Dark,174604,0,0,0,2,0,0,0,0,1,,0,0,Auckland Region,Nil,2-way,Sealed,0,0,0,0,50,0,On,0,0,,76,Auckland,Nil,0,0,0,0,0,0,Urban,0,0,0,Light rain,Null
1754664.5637,5914753.7859,891335,,517703,0,,0,2,,Null,2025/2026,MOUNT ALBERT ROAD,WAITE AVENUE,,Non-Injury Crash,No,2025,,North,,0,,Flat,,,,,,Bright sun,539700,0,0,0,2,,,0,,,,,,Auckland Region,Nil,2-way,Sealed,,0,0,,50,,Null,0,0,,76,Auckland,Stop,,,,,0,0,Urban,0,,,Fine,Null
1788799.2753,5925148.0757,891337,,520801,0,,0,1,,East,2024/2025,ORAPIU ROAD,AWAAWAROA ROAD,,Serious Crash,No,2024,,West,,0,,Hill Road,,,,,,Bright sun,515801,0,0,0,2,,,0,,,,,,Auckland Region,Nil,2-way,Sealed,,0,1,,80,,None,0,0,,76,Auckland,Nil,,,,,0,0,Open,0,,,Fine,Null
1766331.4653,5903826.7277,891341,,524604,0,,0,2,,West,2023/2024,SOUTH-WESTERN MOTORWAY,LAMBIE DRIVE OFF RAMP,,Non-Injury Crash,Yes,2024,,East,,0,,Flat,,,,,,Dark,780210,0,0,0,2,,,0,,,,,,Auckland Region,Nil,1-way,Sealed,,0,0,,100,,On,0,0,,76,Auckland,Nil,,,,,0,0,Open,1,,,Fine,Null
1771793.4787,5906937.354,891350,,523713,0,,0,1,,Null,2023/2024,ORMISTON ROAD,VALDERAMA DRIVE,,Minor Crash,No,2023,,East,,0,,Flat,,,,,,Bright sun,712500,1,0,0,2,,,0,,,,,,Auckland Region,Nil,2-way,Sealed,,0,0,,60,,None,1,0,,76,Auckland,Give way,,,,,0,0,Urban,0,,,Fine,Null
1769370.8181,5911290.2012,891351,,523113,0,,0,1,,Null,2025/2026,GREENMOUNT DRIVE,JOSEPHS WAY,,Minor Crash,No,2026,,South,,0,,Flat,,,,,,Overcast,711703,1,0,0,2,,,0,,,,,,Auckland Region,Nil,2-way,Sealed,,0,0,,50,,Off,0,0,,76,Auckland,Nil,,,,,0,0,Urban,1,,,Fine,Null
1764983.5587,5910302.7447,891353,,521801,0,0,0,0,0,Null,2024/2025,PRINCES ST-OTAHUHU OFF RAMP,PRINCES STREET,,Non-Injury Crash,No,2024,0,North,0,0,0,Hill Road,1,,0,,0,Dark,787700,0,0,0,1,0,0,0,0,0,,0,0,Auckland Region,Motorway ramp,1-way,Sealed,0,0,0,0,50,0,On,1,0,,76,Auckland,Give way,0,1,0,0,0,0,Urban,0,0,0,Mist or Fog,Null
1763686.4037,5908881.5151,891357,,521901,0,,0,1,,Null,2024/2025,MANGERE ROAD,WALMSLEY ROAD,,Minor Crash,No,2025,,East,,0,,Flat,,,,,,Overcast,786100,1,0,0,4,,,0,,,,,,Auckland Region,Nil,2-way,Sealed,,0,0,,50,,Null,0,0,,76,Auckland,Traffic Signals,,,,,0,0,Urban,1,,,Fine,Null
1766921.7483,5899177.0456,891359,,524812,0,0,0,1,0,Null,2025/2026,MAHIA ROAD,SANDWICK DRIVE,,Non-Injury Crash,No,2026,0,East,0,0,0,Flat,0,,0,,0,Bright sun,774105,0,0,0,2,0,0,0,0,1,,0,1,Auckland Region,Nil,2-way,Sealed,0,0,0,0,50,0,Off,1,0,,76,Auckland,Give way,0,0,0,0,0,0,Urban,1,0,0,Fine,Null
1768906.0305,5880761.5255,891364,,525922,0,,0,1,,Null,2023/2024,EDINBURGH STREET,HARRIS STREET,,Serious Crash,No,2024,,South,,0,,Flat,,,,,,Bright sun,823100,0,0,1,1,,,0,,,,,,Auckland Region,Nil,1-way,Sealed,,0,1,,50,,Off,0,0,,76,Auckland,Give way,,,,,0,0,Urban,0,,,Fine,Strong wind
1764083.47,5911567.2033,891365,,520500,0,,1,1,,Null,2023/2024,MOUNT WELLINGTON HIGHWAY,NIALL BURGESS ROAD,,Non-Injury Crash,No,2024,,South,,0,,Hill Road,,,,,,Dark,637900,0,0,0,4,,,0,,,,,,Auckland Region,Nil,2-way,Sealed,,0,0,,50,,On,0,0,,76,Auckland,Traffic Signals,,,,,0,0,Urban,0,,,Fine,Null
1757910.7553,5879109.6133,891370,,521152,0,0,0,1,0,South,2023/2024,WAIUKU ROAD,MORLEY ROAD,,Non-Injury Crash,No,2023,0,South,0,0,0,Hill Road,0,,0,,0,Dark,832800,0,0,0,2,0,0,0,0,0,,0,0,Auckland Region,Nil,2-way,Sealed,0,0,0,0,80,1,None,0,0,,76,Auckland,Nil,0,0,0,0,0,0,Open,0,0,0,Heavy rain,Null
1760349.6103,5912346.1654,891371,,520000,0,,0,2,,North,2025/2026,CAPTAIN SPRINGS ROAD,CHURCH STREET,,Non-Injury Crash,No,2026,,North,,0,,Flat,,,,,,Unknown,606900,0,0,0,2,,,0,,,,,,Auckland Region,Nil,2-way,Sealed,,0,0,,50,,Null,0,0,,76,Auckland,Nil,,,,,0,0,Urban,0,,,Light rain,Null
1757896.8264,5920616.6507,891377,,514103,0,,0,0,,Null,2024/2025,EMILY PLACE,EDEN CRESCENT,,Minor Crash,No,2024,,South,,0,,Hill Road,,,,,,Dark,437800,1,0,0,1,,,0,,,1,,,Auckland Region,Nil,1-way,Sealed,,0,0,,30,,On,1,0,,76,Auckland,Give way,,,,,0,0,Urban,0,,,Light rain,Null
1750176.4074,5916216.5379,891381,,514802,0,0,0,0,0,North,2024/2025,ROSEBANK ROAD,ORCHARD STREET,,Non-Injury Crash,No,2024,0,South,0,0,0,Flat,0,,0,,0,Overcast,389800,0,0,0,2,0,0,0,0,0,,0,1,Auckland Region,Nil,2-way,Sealed,0,0,0,0,50,0,Off,1,0,,76,Auckland,Nil,0,1,0,0,0,0,Urban,0,0,0,Fine,Null
1762023.7465,5920563.043,891389,,516400,0,,0,2,,North,2024/2025,TAMAKI DRIVE,KITEMOANA STREET,,Minor Crash,No,2024,,South,,0,,Flat,,,,,,Bright sun,498700,1,0,0,2,,,0,,,,,,Auckland Region,Nil,2-way,Sealed,,0,0,,50,,Off,0,0,,76,Auckland,Nil,,,,,0,0,Urban,0,,,Fine,Null
1768506.7419,5900671.8012,891391,,525001,0,,0,2,,Null,2024/2025,WEYMOUTH ROAD,CHURCHILL AVENUE,,Non-Injury Crash,No,2025,,West,,0,,Flat,,,,,,Dark,752100,0,0,0,2,,,0,,,,,,Auckland Region,Nil,2-way,Sealed,,0,0,,50,,On,0,0,,76,Auckland,Give way,,,,,0,0,Urban,0,,,Fine,Null
1742702.1353,5921589.3588,891395,,513631,0,,0,1,,West,2025/2026,DON BUCK ROAD,GALLONY AVENUE,,Non-Injury Crash,No,2025,,North,,0,,Flat,,,,,,Overcast,227101,0,0,0,2,,,0,,,,,,Auckland Region,Nil,2-way,Sealed,,0,0,,50,,Off,0,0,,76,Auckland,Nil,,,,,0,0,Urban,1,,,Fine,Null
1755390.7988,5934101.5305,891397,,507200,0,,0,0,,Null,2024/2025,BEACH ROAD,BROWNS BAY ROAD,,Minor Crash,No,2025,,North,,0,,Hill Road,,,,,,Overcast,157000,1,0,1,3,,,0,,,,,,Auckland Region,Nil,2-way,Sealed,,0,0,,50,,Off,0,0,,76,Auckland,Stop,,,,,0,0,Urban,0,,,Light rain,Null
1767869.5714,5901847.0347,891399,,525001,0,0,0,1,0,East,2025/2026,CLARK STREET,STURDEE ROAD,,Non-Injury Crash,No,2025,0,South,0,0,0,Flat,0,,0,,0,Overcast,750500,0,0,0,2,0,0,0,0,1,,0,0,Auckland Region,Nil,2-way,Sealed,0,0,0,0,50,0,None,0,0,,76,Auckland,Nil,0,0,0,0,0,0,Urban,1,0,0,Fine,Null
1763209.8342,5912746.4586,891403,,520500,0,0,0,0,0,West,2025/2026,SOUTH-EASTERN HIGHWAY,SEART OBR,,Non-Injury Crash,No,2025,0,West,0,0,0,Flat,1,,0,,0,Dark,637300,0,0,0,2,0,0,0,0,0,,0,0,Auckland Region,Nil,1-way,Sealed,0,0,0,0,80,0,On,0,0,,76,Auckland,Nil,0,0,0,0,0,0,Open,1,0,0,Light rain,Null
1769361.0616,5901693.541,891411,,524901,0,,0,1,,West,2025/2026,HILL ROAD,HILLCREST GROVE,,Minor Crash,No,2025,,East,,0,,Flat,,,,,,Dark,756800,1,0,0,2,,,0,,,,,,Auckland Region,Nil,2-way,Sealed,,0,0,,50,,On,1,0,,76,Auckland,Nil,,,,,0,0,Urban,0,,,Fine,Null
1762195.4231,5906163.4841,891415,,524200,0,,0,1,,South,2025/2026,SOUTH-WESTERN MOTORWAY,MASSEY ROAD ON RAMP,,Non-Injury Crash,Yes,2025,,South,,0,,Flat,,,,,,Dark,728900,0,0,0,2,,,0,,,,,,Auckland Region,Nil,1-way,Sealed,,0,0,,100,,On,1,0,,76,Auckland,Nil,,,,,0,0,Open,0,,,Fine,Null
1753330.4918,5914277.1411,891417,,514500,0,,0,1,,Null,2024/2025,RICHARDSON ROAD,MAIORO STREET,,Minor Crash,No,2024,,North,,0,,Flat,,,,,,Bright sun,376401,1,0,0,4,,,0,,,,,,Auckland Region,Nil,2-way,Sealed,,0,0,,50,,Off,1,0,,76,Auckland,Traffic Signals,,,,,0,0,Urban,0,,,Fine,Null
1759821.3985,5912258.3235,891419,,520000,0,0,0,2,0,Null,2025/2026,CHURCH STREET,ALFRED STREET,,Minor Crash,No,2025,0,East,0,0,0,Hill Road,0,,0,,0,Bright sun,607100,1,0,0,2,0,0,0,0,0,,0,0,Auckland Region,Nil,2-way,Sealed,0,0,0,0,50,0,Off,0,0,,76,Auckland,Stop,0,1,0,0,0,0,Urban,0,0,0,Fine,Null
1758265.2481,5916839.8683,891421,,515700,0,,0,2,,Null,2023/2024,MANUKAU ROAD,DOMETT AVENUE,,Non-Injury Crash,No,2024,,North,,0,,Flat,,,,,,Overcast,458100,0,0,0,4,,,0,,,,,,Auckland Region,Nil,2-way,Sealed,,0,0,,50,,Off,0,0,,76,Auckland,Give way,,,,,0,0,Urban,0,,,Fine,Null
1791087.8764,5909109.2251,891422,45,525202,0,0,0,0,0,East,2023/2024,CLEVEDON-KAWAKAWA ROAD,PIRO BR,,Minor Crash,No,2024,0,North,0,0,1,Hill Road,0,,0,,0,Overcast,764800,1,0,0,2,0,0,1,0,0,,0,1,Auckland Region,Nil,2-way,Sealed,0,0,0,0,60,0,None,0,0,,76,Auckland,Nil,0,0,0,0,0,0,Urban,0,0,0,Fine,Null