X,Y,OBJECTID,advisorySpeed,areaUnitID,bicycle,bridge,bus,carStationWagon,cliffBank,crashDirectionDescription,crashFinancialYear,crashLocation1,crashLocation2,crashRoadSideRoad,crashSeverity,crashSHDescription,crashYear,debris,directionRoleDescription,ditch,fatalCount,fence,flatHill,guardRail,holiday,houseOrBuilding,intersection,kerb,light,meshblockId,minorInjuryCount,moped,motorcycle,NumberOfLanes,objectThrownOrDropped,otherObject,otherVehicleType,overBank,parkedVehicle,pedestrian,phoneBoxEtc,postOrPole,region,roadCharacter,roadLane,roadSurface,roadworks,schoolBus,seriousInjuryCount,slipOrFlood,speedLimit,strayAnimal,streetLight,suv,taxi,temporarySpeedLimit,tlaId,tlaName,trafficControl,trafficIsland,trafficSign,train,tree,truck,unknownVehicleType,urban,vanOrUtility,vehicle,waterRiver,weatherA,weatherB
1759054.5663,5916950.3613,891428,,516001,0,,0,2,,North,2022/2023,SOUTHERN MOTORWAY,MARKET OBR,,Non-Injury Crash,Yes,2023,,South,,0,,Flat,,,,,,Overcast,491200,0,0,0,3,,,0,,,,,,Auckland Region,Nil,1-way,Sealed,,0,0,,100,,On,1,0,,76,Auckland,Nil,,,,,0,0,Open,0,,,Fine,Null
1768897.6808,5901996.4934,891431,,524901,0,,0,0,,West,2024/2025,GRANDE VUE ROAD,DAVID AVENUE,,Non-Injury Crash,No,2024,,West,,0,,Flat,,,,,,Bright sun,755900,0,0,0,2,,,0,,,,,,Auckland Region,Nil,2-way,Sealed,,0,0,,50,,Off,1,0,,76,Auckland,Nil,,,,,0,0,Urban,1,,,Fine,None
1756144.1311,5923952.8361,891432,,509800,0,,0,3,,South,2022/2023,NORTHERN MOTORWAY,ONEWA ROAD ON RAMP,,Non-Injury Crash,Yes,2023,,South,,0,,Flat,,,,,,Dark,361200,0,0,0,5,,,0,,,,,,Auckland Region,Nil,1-way,Sealed,,0,0,,80,,On,0,0,,76,Auckland,Nil,,,,,0,0,Open,1,,,Fine,Null
1768848.2826,5882424.8004,891436,,525910,0,,1,1,,Null,2023/2024,PAERATA ROAD,COMRIE PLACE,,Minor Crash,No,2024,,South,,0,,Flat,,,,,,Bright sun,817800,1,0,0,2,,,0,,,,,,Auckland Region,Nil,2-way,Sealed,,0,0,,50,,Off,0,0,,76,Auckland,Give way,,,,,0,0,Urban,0,,,Fine,Null
1757750.8635,5920001.474,891440,,514103,1,,0,1,,South,2023/2024,SYMONDS STREET,ALFRED STREET,,Minor Crash,No,2023,,North,,0,,Flat,,,,,,Twilight,437500,1,0,0,4,,,0,,,,,,Auckland Region,Nil,2-way,Sealed,,0,0,,30,,On,0,0,,76,Auckland,Nil,,,,,0,0,Urban,0,,,Fine,Null
1752234.3954,5912425.4205,891442,,514700,0,0,0,1,0,Null,2024/2025,DONOVAN STREET,FRANCIS CURTIS AVENUE,,Minor Crash,No,2024,0,West,0,0,1,Flat,0,,0,,0,Bright sun,369101,3,0,0,2,0,0,0,0,0,,0,0,Auckland Region,Nil,2-way,Sealed,0,0,0,0,50,0,Off,1,0,30,76,Auckland,Give way,0,0,0,0,0,0,Urban,0,0,0,Fine,Null
1755120.5519,5924731.9858,891444,,509800,0,,0,1,,East,2023/2024,ONEWA ROAD,SEAVIEW AVENUE,,Serious Crash,No,2024,,West,,0,,Hill Road,,,,,,Bright sun,361600,0,0,1,4,,,0,,,,,,Auckland Region,Nil,2-way,Sealed,,0,1,,50,,Off,0,0,,76,Auckland,Nil,,,,,0,0,Urban,0,,,Fine,Null
1763095.2629,5905275.8775,891448,,524303,0,,0,3,,South,2023/2024,SOUTH-WESTERN MOTORWAY,PORTAGE OBR,,Non-Injury Crash,Yes,2023,,South,,0,,Flat,,,,,,Bright sun,746301,0,0,0,2,,,0,,,,,,Auckland Region,Nil,1-way,Sealed,,0,0,,100,,Off,0,0,,76,Auckland,Nil,,,,,0,0,Open,1,,,Fine,Null
1768557.1732,5900140.3675,891450,,525101,0,0,0,1,0,North,2023/2024,BOWATER PLACE,BULLER CRESCENT,,Non-Injury Crash,No,2023,0,South,0,0,0,Flat,0,Christmas New Year,0,,0,Overcast,770800,0,0,0,2,0,0,0,0,0,,0,1,Auckland Region,Speed hump,2-way,Sealed,0,0,0,0,50,0,Off,0,0,,76,Auckland,Nil,0,0,0,0,0,0,Urban,0,0,0,Light rain,Null
1763839.9432,5910179.6948,891462,,521901,0,,0,1,,Null,2023/2024,GREAT SOUTH ROAD,HUIA ROAD,,Non-Injury Crash,No,2024,,North,,0,,Flat,,,,,,Overcast,782600,0,0,0,3,,,0,,,,,,Auckland Region,Nil,2-way,Sealed,,0,0,,50,,Off,1,0,,76,Auckland,Traffic Signals,,,,,0,0,Urban,0,,,Fine,Null
1766131.964,5898678.1938,891465,,524812,0,0,0,1,0,Null,2024/2025,PIRITI PLACE,WAIMAHIA AVENUE,,Serious Crash,No,2024,0,North,0,0,0,Flat,0,,0,,0,Overcast,774305,0,0,0,2,0,0,0,0,0,,0,0,Auckland Region,Nil,2-way,Sealed,0,0,1,0,30,0,Off,0,0,,76,Auckland,Give way,0,0,0,1,0,0,Urban,0,0,0,Heavy rain,Strong wind
1761858.0439,5913975.2478,891467,,520202,0,,0,2,,East,2025/2026,SOUTHERN MOTORWAY,ELLERSLIE-PANMURE HWY OFF RAMP,,Non-Injury Crash,Yes,2025,,West,,0,,Flat,,,,,,Overcast,612400,0,0,0,3,,,0,,,,,,Auckland Region,Nil,1-way,Sealed,,0,0,,100,,Off,0,0,,76,Auckland,Nil,,,,,0,0,Open,0,,,Fine,Null
1765848.2809,5907960.0584,891477,,522301,0,,0,2,,South,2023/2024,SOUTHERN MOTORWAY,BAIRDS OBR,,Non-Injury Crash,Yes,2024,,North,,0,,Flat,,,,,,Twilight,666700,0,0,0,3,,,0,,,,,,Auckland Region,Nil,1-way,Sealed,,0,0,,100,,On,0,0,,76,Auckland,Nil,,,,,0,0,Open,0,,,Light rain,Null
1755433.7196,5914159.0355,891482,,518500,0,0,0,1,0,West,2023/2024,MOUNT ALBERT ROAD,AKARANA AVENUE,,Minor Crash,No,2024,0,West,0,0,0,Hill Road,0,,0,,0,Dark,561000,1,0,0,2,0,0,0,0,1,,0,0,Auckland Region,Nil,2-way,Sealed,0,0,0,0,50,0,On,1,0,,76,Auckland,Nil,0,0,0,0,0,0,Urban,0,0,0,Fine,Null
1764707.7078,5906464.3514,891483,,522201,0,,0,2,,Null,2025/2026,CORONATION ROAD,SHIRLEY ROAD,,Non-Injury Crash,No,2025,,South,,0,,Flat,,,,,,Dark,662000,0,0,0,1,,,0,,,,,,Auckland Region,Nil,2-way,Sealed,,0,0,,50,,On,0,0,,76,Auckland,Give way,,,,,0,0,Urban,0,,,Fine,Null
1755704.4835,5919672.8611,891488,,515302,0,0,0,2,0,Null,2024/2025,PONSONBY ROAD,BROWN STREET,,Minor Crash,No,2024,0,North,0,0,0,Flat,0,,0,,1,Dark,432300,1,0,0,4,0,0,0,0,0,,0,0,Auckland Region,Nil,2-way,Sealed,0,0,0,0,40,0,On,0,1,,76,Auckland,Stop,0,0,0,0,0,0,Urban,0,0,0,Light rain,Null
1756868.7169,5920079.9127,891490,,514102,0,,0,1,,South,2025/2026,HOBSON STREET,COOK STREET,,Minor Crash,No,2025,,South,,0,,Flat,,,,,,Dark,434500,1,0,0,4,,,0,,,1,,,Auckland Region,Nil,1-way,Sealed,,0,0,,40,,On,0,1,30,76,Auckland,Nil,,,,,0,0,Urban,0,,,Fine,Null
1754696.7967,5913995.5979,891491,,518802,0,,0,1,,South,2023/2024,MAY ROAD,CULLEN AVENUE,,Non-Injury Crash,No,2024,,North,,0,,Flat,,,,,,Bright sun,579900,0,0,0,2,,,0,,,,,,Auckland Region,Nil,2-way,Sealed,,0,0,,50,,Null,0,0,,76,Auckland,Nil,,,,,0,0,Urban,0,,,Null,Null
1755759.9209,5928232.2101,891498,,507900,0,,0,2,,North,2025/2026,WAIRAU ROAD,PORANA ROAD,,Non-Injury Crash,No,2025,,North,,0,,Flat,,,,,,Overcast,305201,0,0,0,4,,,0,,,,,,Auckland Region,Nil,2-way,Sealed,,0,0,,50,,Off,0,0,,76,Auckland,Nil,,,,,0,0,Urban,0,,,Light rain,Null
1760805.4785,5913911.137,891499,,519400,0,,0,2,,Null,2023/2024,ORANGA AVENUE,ROCKFIELD ROAD,,Non-Injury Crash,No,2024,,East,,0,,Flat,,,,,,Dark,620300,0,0,0,2,,,0,,,,,,Auckland Region,Nil,2-way,Sealed,,0,0,,50,,On,0,0,,76,Auckland,Give way,,,,,0,0,Urban,0,,,Fine,Null
1752620.9558,5915703.0111,891504,,517902,0,,0,1,,South,2024/2025,HARLSTON ROAD,RICHARDSON ROAD,,Serious Crash,No,2024,,West,,0,,Flat,,,,,,Bright sun,520800,0,0,0,2,,,0,,,1,,,Auckland Region,Nil,2-way,Sealed,,0,1,,50,,Off,0,0,,76,Auckland,Nil,,,,,0,0,Urban,0,,,Fine,Null
1745678.4247,5925497.7491,891505,,513431,0,,0,1,,Null,2023/2024,WESTPOINT DRIVE,DOWDENS LANE,,Minor Crash,No,2024,,South,,0,,Flat,,,,,,Bright sun,223802,1,0,1,2,,,0,,,,,,Auckland Region,Nil,2-way,Sealed,,0,0,,50,,Off,0,0,,76,Auckland,Give way,,,,,0,0,Urban,0,,,Fine,Null
1749249.0568,5913910.6395,891508,,511302,0,,0,1,,East,2024/2025,GREAT NORTH ROAD,NIKAU STREET,,Minor Crash,No,2024,,West,,0,,Hill Road,,,,,,Overcast,268900,1,0,0,4,,,0,,,,,,Auckland Region,Nil,2-way,Sealed,,0,0,,50,,Off,0,0,,76,Auckland,Nil,,,,,0,0,Urban,0,,,Fine,Null
1757707.1816,5918265.2579,891512,,518101,0,,0,2,,North,2023/2024,SOUTHERN MOTORWAY,MOUNTAIN OBR,,Non-Injury Crash,Yes,2024,,North,,0,,Flat,,,,,,Overcast,543000,0,0,0,5,,,0,,,,,,Auckland Region,Nil,1-way,Sealed,,0,0,,80,,Off,1,0,,76,Auckland,Nil,,,,,0,0,Open,0,,,Fine,Null
1770062.4622,5898551.925,891513,,523920,0,,0,2,,South,2023/2024,SOUTHERN MOTORWAY,MANUREWA-TAKANINI OFF RAMP,,Non-Injury Crash,Yes,2023,,North,,0,,Flat,,Christmas New Year,,,,Overcast,767911,0,0,0,3,,,0,,,,,,Auckland Region,Nil,1-way,Sealed,,0,0,,100,,Off,0,0,,76,Auckland,Nil,,,,,0,0,Open,0,,,Fine,Null
1748704.9844,5915072.1285,891519,,511700,0,0,0,1,0,South,2023/2024,KELWYN ROAD,BEAUBANK ROAD,,Non-Injury Crash,No,2023,0,South,0,0,1,Flat,0,,0,,0,Bright sun,269900,0,0,0,2,0,0,0,0,0,,0,0,Auckland Region,Nil,2-way,Sealed,0,0,0,0,50,0,Off,0,0,,76,Auckland,Nil,0,0,0,0,0,0,Urban,0,0,0,Fine,Null
1772689.624,5895991.0789,891525,,525410,0,,0,0,,Null,2023/2024,EAST STREET,WELLINGTON STREET,,Minor Crash,No,2023,,North,,0,,Flat,,,,,,Dark,792302,1,0,0,2,,,0,,,1,,,Auckland Region,Nil,1-way,Sealed,,0,0,,50,,On,0,0,,76,Auckland,Give way,,,,,0,0,Urban,0,,,Fine,Null
1768106.3173,5903966.7185,891527,65,524602,0,0,0,0,0,South,2022/2023,SOUTH-WESTERN MOTORWAY,LINK 20 SBD OBR,,Non-Injury Crash,Yes,2023,0,South,0,0,0,Hill Road,1,,0,,0,Bright sun,780501,0,0,0,2,0,0,0,0,0,,0,0,Auckland Region,Overpass,1-way,Sealed,0,0,0,0,100,0,Off,1,0,,76,Auckland,Nil,0,0,0,0,1,0,Open,0,0,0,Fine,Strong wind
1751972.6962,5917963.5937,891528,,515001,0,,0,1,,North,2023/2024,GREAT NORTH ROAD,GT NORTH OBR,,Non-Injury Crash,No,2023,,South,,0,,Flat,,,,,,Bright sun,392400,0,0,0,3,,,0,,,,,,Auckland Region,Underpass,1-way,Sealed,,0,0,,50,,Off,0,0,,76,Auckland,Nil,,,,,1,0,Urban,0,,,Fine,Null
1733305.1655,5948382.1061,891529,,506647,0,,0,0,,North,2025/2026,KANOHI ROAD,KAIPARA COAST HIGHWAY,,Non-Injury Crash,No,2025,,South,,0,,Hill Road,,,,,,Dark,212505,0,0,0,2,,,0,,,,,,Auckland Region,Nil,2-way,Sealed,,0,0,,100,,None,0,0,,76,Auckland,Nil,,,,,0,1,Open,1,,,Fine,Null
1744053.3053,5908276.6518,891530,,513800,0,0,0,1,0,West,2022/2023,HUIA ROAD,VICTORY ROAD,,Non-Injury Crash,No,2023,0,North,0,0,1,Hill Road,0,,0,,0,Dark,303001,0,0,0,2,0,0,0,1,0,,0,0,Auckland Region,Nil,2-way,Unsealed,0,0,0,0,80,0,None,0,0,,76,Auckland,Nil,0,0,0,1,0,0,Open,0,0,0,Fine,Null
1769124.3131,5906735.5459,891532,,523711,0,0,0,1,0,North,2023/2024,TE IRIRANGI DRIVE,RONGOMAI ROAD,,Non-Injury Crash,No,2023,0,North,0,0,1,Flat,0,,0,,0,Overcast,712802,0,0,0,2,0,0,0,0,0,,0,0,Auckland Region,Nil,1-way,Sealed,0,0,0,0,80,0,Off,0,0,,76,Auckland,Nil,0,0,0,0,0,0,Open,0,0,0,Fine,Null
1755997.6478,5921097.8572,891538,,515202,0,0,0,2,0,Null,2022/2023,NORTHERN MOTORWAY,FANSHAWE STREET OFF RAMP,,Non-Injury Crash,Yes,2023,0,East,0,0,0,Flat,1,,0,,0,Dark,425600,0,0,0,6,0,0,0,0,0,,0,0,Auckland Region,Motorway ramp,1-way,Sealed,0,0,0,0,80,0,On,0,0,,76,Auckland,Nil,0,0,0,0,0,0,Open,0,0,0,Light rain,Null
1758311.2923,5917916.9783,891540,,517400,0,,0,2,,West,2023/2024,MORTIMER PASS,COVENTRY LANE,,Non-Injury Crash,No,2024,,East,,0,,Hill Road,,,,,,Dark,451300,0,0,0,1,,,0,,,,,,Auckland Region,Nil,1-way,Sealed,,0,0,,50,,On,0,0,,76,Auckland,Nil,,,,,0,0,Urban,0,,,Fine,Null
1759558.9398,5904251.8893,891545,,524200,0,,0,1,,Null,2025/2026,NIXON ROAD,JIMMY WARD CRESCENT,,Non-Injury Crash,No,2026,,South,,0,,Flat,,,,,,Overcast,727200,0,0,0,2,,,0,,,,,,Auckland Region,Nil,2-way,Sealed,,0,0,,100,,None,1,0,,76,Auckland,Give way,,,,,0,0,Open,0,,,Fine,Null
1755625.9988,5924546.7773,891549,,509800,0,,0,1,,Null,2025/2026,QUEEN STREET,FAULKNER ROAD,,Non-Injury Crash,No,2025,,North,,0,,Hill Road,,,,,,Overcast,360400,0,0,0,2,,,0,,,,,,Auckland Region,Nil,2-way,Sealed,,0,0,,50,,Off,0,0,,76,Auckland,Give way,,,,,0,0,Urban,0,,,Fine,Null
1770317.3264,5911323.4516,891553,,523105,0,,0,2,,Null,2025/2026,TI RAKAU DRIVE,BOTANY ROAD,,Non-Injury Crash,No,2025,,East,,0,,Flat,,,,,,Twilight,711185,0,0,0,8,,,0,,,,,,Auckland Region,Nil,2-way,Sealed,,0,0,,50,,On,0,0,,76,Auckland,Traffic Signals,,,,,0,0,Urban,0,,,Fine,Null
1766707.5033,5906736.1532,891554,,522302,0,,0,1,,North,2024/2025,KIMPTON ROAD,HAMILTON ROAD,,Minor Crash,No,2024,,East,,0,,Flat,,,,,,Bright sun,669700,1,0,0,2,,,0,,,1,,,Auckland Region,Nil,2-way,Sealed,,0,0,,50,,Off,0,0,,76,Auckland,Nil,,,,,0,0,Urban,0,,,Fine,Null
1757495.924,5916206.0363,891555,,515801,0,0,0,2,0,South,2024/2025,ST ANDREWS ROAD,DISRAELI STREET,,Non-Injury Crash,No,2025,0,North,0,0,0,Flat,0,,0,,0,Overcast,445600,0,0,0,2,0,0,0,0,1,,0,0,Auckland Region,Nil,2-way,Sealed,0,0,0,0,30,0,Off,0,0,,76,Auckland,Nil,0,0,0,0,0,0,Urban,0,0,0,Fine,Null
1753082.4486,5930583.7983,891557,,508803,0,,0,1,,Null,2025/2026,UNSWORTH DRIVE,WESTMINSTER GARDENS,,Non-Injury Crash,No,2025,,North,,0,,Hill Road,,,,,,Bright sun,180842,0,0,0,2,,,0,,,,,,Auckland Region,Nil,2-way,Sealed,,0,0,,50,,Off,0,0,,76,Auckland,Give way,,,,,0,0,Urban,1,,,Fine,Null
1767502.1,5900710.2682,891559,,524720,0,,0,2,,East,2023/2024,WORDSWORTH ROAD,BEESTON CRESCENT,,Minor Crash,No,2024,,North,,0,,Flat,,,,,,Overcast,777100,2,0,0,2,,,0,,,,,,Auckland Region,Speed hump,2-way,Sealed,,0,0,,30,,Off,0,0,,76,Auckland,Nil,,,,,0,0,Urban,0,,,Fine,Null
1754823.1684,5916114.4497,891575,,517703,0,,0,0,,Null,2023/2024,SANDRINGHAM ROAD,MARS AVENUE,,Minor Crash,No,2024,,South,,0,,Flat,,,,,,Twilight,537800,1,0,0,4,,,0,,,1,,,Auckland Region,Nil,2-way,Sealed,,0,0,,50,,Off,0,0,,76,Auckland,Nil,,,,,0,0,Urban,1,,,Fine,Null
1757748.5063,5918227.1177,891582,,515700,0,,0,2,,South,2023/2024,SOUTHERN MOTORWAY,KHYBER PASS ROAD OFF RAMP,,Non-Injury Crash,Yes,2023,,North,,0,,Flat,,,,,,Overcast,443600,0,0,0,5,,,0,,,,,,Auckland Region,Nil,1-way,Sealed,,0,0,,80,,On,0,0,,76,Auckland,Nil,,,,,0,0,Open,1,,,Fine,Null
1755062.3735,5913900.0893,891593,,518803,0,,0,1,,Null,2023/2024,DOMINION ROAD,COLEMAN AVENUE,,Minor Crash,No,2024,,North,,0,,Flat,,,,,,Overcast,581200,1,0,1,4,,,0,,,,,,Auckland Region,Nil,2-way,Sealed,,0,0,,50,,Off,0,0,,76,Auckland,Stop,,,,,0,0,Urban,0,,,Fine,Null
1756881.1921,5919455.5711,891595,,514102,0,,0,2,,East,2022/2023,KARANGAHAPE ROAD,PITT STREET,,Non-Injury Crash,No,2023,,East,,0,,Flat,,,,,,Dark,435700,0,0,0,4,,,0,,,,,,Auckland Region,Nil,2-way,Sealed,,0,0,,30,,On,0,1,,76,Auckland,Traffic Signals,,,,,0,0,Urban,0,,,Light rain,Null
1764115.7106,5918702.9637,891600,,516601,0,,0,2,,Null,2024/2025,KOHIMARAMA ROAD,ALLUM STREET,,Non-Injury Crash,No,2025,,South,,0,,Flat,,,,,,Dark,506400,0,0,0,2,,,0,,,,,,Auckland Region,Nil,2-way,Sealed,,0,0,,50,,On,0,0,,76,Auckland,Traffic Signals,,,,,0,0,Urban,0,,,Fine,Null
1756081.8987,5923352.623,891604,,509800,0,0,0,1,0,South,2025/2026,SULPHUR BEACH ROAD,BEACH ROAD,,Non-Injury Crash,No,2026,0,South,0,0,0,Flat,0,,0,,0,Overcast,359200,0,0,0,2,0,0,0,0,0,,0,0,Auckland Region,Nil,2-way,Sealed,0,0,0,0,50,0,Off,0,0,,76,Auckland,Nil,0,0,0,0,0,0,Urban,0,0,1,Fine,Null
1766695.9215,5904392.0246,891606,,524604,0,,0,1,,South,2023/2024,LAMBIE DRIVE,RONWOOD AVENUE,,Non-Injury Crash,No,2023,,North,,0,,Flat,,,,,,Dark,780209,0,0,0,2,,,0,,,,,,Auckland Region,Nil,2-way,Sealed,,0,0,,50,,On,1,0,,76,Auckland,Nil,,,,,0,0,Urban,0,,,Fine,Null
1744076.7979,5920985.2051,891609,,513631,0,,0,1,,East,2024/2025,WAIMUMU ROAD,ZITA MARIA DRIVE,,Minor Crash,No,2024,,East,,0,,Flat,,,,,,Overcast,227704,1,0,0,2,,,0,,,1,,,Auckland Region,Nil,2-way,Sealed,,0,0,,50,,None,0,0,,76,Auckland,Nil,,,,,0,0,Urban,0,,,Fine,Null
1779694.8827,5883408.8695,891610,55,521132,0,0,0,1,0,Null,2024/2025,PAPARATA ROAD,PINNACLE HILL ROAD,,Minor Crash,No,2024,0,East,0,0,0,Flat,0,,0,,0,Dark,814501,1,0,0,2,0,0,0,0,0,,0,1,Auckland Region,Nil,2-way,Sealed,0,0,0,0,80,0,On,0,0,,76,Auckland,Give way,0,0,0,0,0,0,Open,0,0,0,Fine,Null
1769402.5769,5915491.3791,891613,,522730,0,0,0,2,0,Null,2023/2024,PIGEON MOUNTAIN ROAD,GILLS ROAD,,Non-Injury Crash,No,2024,0,North,0,0,0,Flat,0,,0,,0,Twilight,679809,0,0,0,2,0,0,0,0,1,,0,0,Auckland Region,Nil,2-way,Sealed,0,0,0,0,50,0,On,0,0,,76,Auckland,Give way,0,0,0,0,0,0,Urban,0,0,0,Fine,Null
1765452.4842,5914464.185,891616,,520602,0,,0,0,,Null,2025/2026,CHURCH CRESCENT,KINGS ROAD,,Minor Crash,No,2025,,North,,0,,Flat,,,,,,Bright sun,629400,1,0,1,1,,,0,,,,,,Auckland Region,Nil,2-way,Sealed,,0,0,,50,,Off,0,0,,76,Auckland,Give way,,,,,0,0,Urban,1,,,Fine,Null
1770855.323,5899843.0593,891619,,523911,0,0,0,1,0,Null,2023/2024,TAKANINI SCHOOL ROAD,POPES ROAD,,Non-Injury Crash,No,2023,0,North,0,0,0,Flat,0,,0,,0,Dark,766600,0,0,0,2,0,0,0,0,0,,0,0,Auckland Region,Nil,2-way,Sealed,0,0,0,0,70,0,On,0,0,,76,Auckland,Nil,0,0,0,1,0,0,Urban,0,0,0,Fine,Null
1765975.0715,5906398.745,891629,,522202,0,,0,2,,Null,2022/2023,GREAT SOUTH ROAD,TUI ROAD,,Non-Injury Crash,No,2023,,North,,0,,Flat,,,,,,Overcast,665101,0,0,0,2,,,0,,,,,,Auckland Region,Nil,2-way,Sealed,,0,0,,50,,Off,0,0,,76,Auckland,Traffic Signals,,,,,0,0,Urban,0,,,Light rain,None
1767886.0382,5911921.6656,891630,,522910,0,,0,2,,Null,2023/2024,TI RAKAU DRIVE,GOSSAMER DRIVE,,Minor Crash,No,2024,,South,,0,,Flat,,,,,,Twilight,687700,1,0,0,2,,,0,,,,,,Auckland Region,Nil,1-way,Sealed,,0,0,,60,,On,0,0,,76,Auckland,Traffic Signals,,,,,0,0,Urban,0,,,Fine,Null
1766746.0848,5900991.6781,891631,,524712,0,0,0,1,0,South,2022/2023,BEDLINGTON AVENUE,SUNLANDS DRIVE,,Non-Injury Crash,No,2023,0,North,0,0,1,Flat,0,,0,,0,Overcast,777401,0,0,0,2,0,0,0,0,1,,0,0,Auckland Region,Speed hump,2-way,Sealed,0,0,0,0,50,0,Off,0,0,,76,Auckland,Nil,0,0,0,0,0,0,Urban,1,0,0,Light rain,Null
1764596.0371,5918579.0148,891637,,516602,0,,0,1,,Null,2024/2025,HAMPTON DRIVE,CHEVERTON PLACE,,Minor Crash,No,2024,,South,,0,,Hill Road,,,,,,Overcast,508200,2,0,0,2,,,0,,,,,,Auckland Region,Nil,2-way,Sealed,,0,0,,50,,Off,1,0,,76,Auckland,Nil,,,,,0,0,Urban,0,,,Fine,Null
1771970.9753,5902718.6698,891641,,523819,0,0,0,1,1,South,2024/2025,MILL ROAD,POLO PRINCE DRIVE,,Non-Injury Crash,No,2024,0,South,1,0,0,Flat,0,,0,,0,Dark,760811,0,0,0,2,0,0,0,0,0,,0,0,Auckland Region,Nil,2-way,Sealed,0,0,0,0,60,0,On,0,0,,76,Auckland,Nil,0,0,0,0,0,0,Urban,0,0,0,Fine,Null
1753915.9997,5913427.9511,891647,,518901,0,,0,2,,Null,2023/2024,WHITE SWAN ROAD,RICHARDSON ROAD,,Non-Injury Crash,No,2023,,East,,0,,Flat,,,,,,Twilight,585101,0,0,0,3,,,0,,,,,,Auckland Region,Nil,2-way,Sealed,,0,0,,50,,On,0,0,,76,Auckland,Traffic Signals,,,,,0,0,Urban,0,,,Fine,Null
1760976.2725,5915190.9792,891656,,520201,0,,0,2,,North,2024/2025,SOUTHERN MOTORWAY,MAIN OBR,,Non-Injury Crash,Yes,2025,,North,,0,,Flat,,Queens Birthday,,,,Dark,613500,0,0,0,4,,,0,,,,,,Auckland Region,Nil,1-way,Sealed,,0,0,,100,,On,0,0,,76,Auckland,Nil,,,,,0,0,Open,0,,,Fine,Null
1754645.3958,5919868.9683,891659,,515410,0,0,0,1,0,South,2023/2024,WESTMORELAND STREET EAST,RICHMOND ROAD,,Non-Injury Crash,No,2024,0,North,0,0,1,Hill Road,0,,0,,0,Dark,402100,0,0,0,2,0,0,0,0,1,,0,0,Auckland Region,Nil,2-way,Sealed,0,0,0,0,50,0,On,0,0,,76,Auckland,Nil,0,0,0,0,0,0,Urban,0,0,0,Fine,Null
1758278.1322,5916919.8095,891662,,519200,0,,1,1,,North,2023/2024,MANUKAU ROAD,MOUNT ST JOHN AVENUE,,Non-Injury Crash,No,2023,,North,,0,,Flat,,,,,,Bright sun,613900,0,0,0,4,,,0,,,,,,Auckland Region,Nil,2-way,Sealed,,0,0,,50,,Off,0,0,,76,Auckland,Nil,,,,,0,0,Urban,0,,,Fine,None
1769564.4669,5903619.1087,891663,,523820,1,,0,1,,Null,2024/2025,EUGENIA RISE,SILKWOOD GROVE,,Minor Crash,No,2024,,North,,0,,Hill Road,,,,,,Bright sun,760130,1,0,0,2,,,0,,,,,,Auckland Region,Nil,2-way,Sealed,,0,0,,50,,Off,0,0,,76,Auckland,Nil,,,,,0,0,Urban,0,,,Fine,Null
1754475.1386,5935416.8176,891671,,507102,0,0,0,1,0,Null,2023/2024,SARTORS AVENUE,WOODRIDGE AVENUE,,Non-Injury Crash,No,2023,0,North,0,0,0,Flat,0,,0,,0,Dark,160500,0,0,0,2,0,0,0,0,0,,0,0,Auckland Region,Nil,2-way,Sealed,0,0,0,0,50,0,On,0,0,,76,Auckland,Nil,0,0,0,1,0,0,Urban,0,0,0,Light rain,Strong wind
1760388.6569,5917925.7462,891674,,516102,0,0,0,0,0,Null,2024/2025,VICTORIA AVENUE,WALTON STREET,,Serious Crash,No,2024,0,North,0,0,0,Flat,0,,0,,0,Bright sun,483400,0,0,0,2,0,0,0,0,1,,0,0,Auckland Region,Nil,2-way,Sealed,0,0,1,0,50,0,Off,2,0,,76,Auckland,Give way,0,0,0,0,0,0,Urban,1,0,0,Fine,Null
1741544.5492,5918970.4504,891675,,513101,0,0,0,2,0,East,2023/2024,SWANSON ROAD,NORTH CANDIA ROAD,,Minor Crash,No,2023,0,East,0,0,1,Flat,0,Christmas New Year,0,,0,Bright sun,238200,2,0,0,2,0,0,0,0,1,,0,0,Auckland Region,Nil,2-way,Sealed,0,0,0,0,50,0,Off,0,0,,76,Auckland,Nil,0,0,0,0,0,0,Urban,0,0,0,Fine,Null
1761377.3199,5920141.1921,891680,,516400,0,,0,1,,North,2024/2025,TAMAKI DRIVE,POKANOA POINT ENT,,Minor Crash,No,2025,,South,,0,,Flat,,,,,,Dark,496600,1,0,0,2,,,0,,,1,,,Auckland Region,Nil,2-way,Sealed,,0,0,,50,,On,0,0,,76,Auckland,Give way,,,,,0,0,Urban,0,,,Fine,Null
1760819.3858,5914673.3706,891685,,519500,0,,0,2,,South,2022/2023,GREAT SOUTH ROAD,KALMIA STREET,,Non-Injury Crash,No,2023,,North,,0,,Flat,,,,,,Bright sun,620400,0,0,0,4,,,0,,,,,,Auckland Region,Nil,2-way,Sealed,,0,0,,50,,Off,0,0,,76,Auckland,Nil,,,,,0,0,Urban,1,,,Fine,Null