X,Y,OBJECTID,advisorySpeed,areaUnitID,bicycle,bridge,bus,carStationWagon,cliffBank,crashDirectionDescription,crashFinancialYear,crashLocation1,crashLocation2,crashRoadSideRoad,crashSeverity,crashSHDescription,crashYear,debris,directionRoleDescription,ditch,fatalCount,fence,flatHill,guardRail,holiday,houseOrBuilding,intersection,kerb,light,meshblockId,minorInjuryCount,moped,motorcycle,NumberOfLanes,objectThrownOrDropped,otherObject,otherVehicleType,overBank,parkedVehicle,pedestrian,phoneBoxEtc,postOrPole,region,roadCharacter,roadLane,roadSurface,roadworks,schoolBus,seriousInjuryCount,slipOrFlood,speedLimit,strayAnimal,streetLight,suv,taxi,temporarySpeedLimit,tlaId,tlaName,trafficControl,trafficIsland,trafficSign,train,tree,truck,unknownVehicleType,urban,vanOrUtility,vehicle,waterRiver,weatherA,weatherB
1770626.8583,5897490.1553,891689,,523912,0,,0,2,,South,2023/2024,SOUTHERN MOTORWAY,PAHUREHURE NO 1 BR,,Non-Injury Crash,Yes,2024,,South,,0,,Flat,,,,,,Dark,767803,0,0,0,3,,,0,,,,,,Auckland Region,Nil,1-way,Sealed,,0,0,,100,,On,0,0,,76,Auckland,Nil,,,,,0,0,Open,0,,,Fine,Null
1762251.6835,5913528.234,891690,,520500,0,,0,1,,South,2023/2024,SOUTHERN MOTORWAY,PENROSE OBR,,Non-Injury Crash,Yes,2024,,North,,0,,Flat,,,,,,Bright sun,637100,0,0,0,3,,,0,,,,,,Auckland Region,Nil,1-way,Sealed,,0,0,,100,,Off,0,0,,76,Auckland,Nil,,,,,0,0,Open,1,,,Fine,Null
1745214.6355,5918988.4145,891691,,513302,0,,0,1,,Null,2023/2024,LINCOLN ROAD,MOSELLE AVENUE,,Minor Crash,No,2023,,South,,0,,Flat,,,,,,Overcast,232205,2,0,0,5,,,0,,,,,,Auckland Region,Nil,2-way,Sealed,,0,0,,50,,Off,0,0,,76,Auckland,Give way,,,,,0,0,Urban,1,,,Light rain,Null
1754747.4599,5917616.7761,891695,,517500,0,,0,1,,South,2023/2024,MORNINGSIDE DRIVE,RLY XING,,Minor Crash,No,2023,,West,,0,,Flat,,,,,,Bright sun,532101,1,0,0,1,,,0,,,2,,,Auckland Region,Rail xing,1-way,Sealed,,0,0,,10,,Off,0,0,,76,Auckland,Nil,,,,,0,0,Urban,0,,,Fine,Null
1760875.651,5915311.4446,891697,95,520201,0,,0,1,,South,2023/2024,SOUTHERN MOTORWAY,WALPOLE OBR,,Non-Injury Crash,Yes,2023,,North,,0,,Flat,,,,,,Overcast,613000,0,0,0,4,,,0,,,,,,Auckland Region,Nil,1-way,Sealed,,0,0,,100,,Off,0,0,,76,Auckland,Nil,,,,,0,1,Open,1,,,Light rain,None
1772731.5048,5895404.0885,891701,,525530,0,,0,1,,Null,2024/2025,GREAT SOUTH ROAD,SETTLEMENT ROAD,,Non-Injury Crash,No,2024,,South,,0,,Flat,,,,,,Overcast,804701,0,0,0,4,,,0,,,,,,Auckland Region,Nil,2-way,Sealed,,0,0,,50,,Off,0,0,,76,Auckland,Traffic Signals,,,,,0,0,Urban,1,,,Fine,Null
1745549.2699,5918221.6865,891705,,513302,0,0,0,1,0,South,2023/2024,BUSCOMB AVENUE,JUBAEA PLACE,,Serious Crash,No,2023,0,North,0,0,0,Hill Road,0,,0,,0,Twilight,231003,0,0,0,2,0,0,0,0,0,,0,0,Auckland Region,Nil,2-way,Sealed,0,0,1,0,50,0,Off,0,0,,76,Auckland,Nil,0,0,0,1,0,0,Urban,0,0,0,Fine,Null
1773171.9355,5913506.8475,891710,,523201,0,0,0,1,0,East,2023/2024,SUNNYVIEW AVENUE,SANDSPIT ROAD,,Non-Injury Crash,No,2023,0,West,0,0,0,Flat,0,,0,,0,Dark,717706,0,0,0,2,0,0,0,0,0,,1,0,Auckland Region,Nil,2-way,Sealed,0,0,0,0,50,0,Off,0,0,,76,Auckland,Nil,0,0,0,0,0,0,Urban,0,0,0,Fine,Null
1763571.2136,5913333.8376,891712,,520402,0,0,0,2,0,West,2024/2025,HAMLIN ROAD,MOUNT WELLINGTON HIGHWAY,,Non-Injury Crash,No,2024,0,West,0,0,0,Flat,0,,0,,0,Overcast,641402,0,0,0,2,0,0,0,0,1,,0,0,Auckland Region,Nil,2-way,Sealed,0,0,0,0,50,0,Off,0,0,,76,Auckland,Nil,0,0,0,0,0,0,Urban,0,0,0,Fine,Null
1745853.9671,5918151.0799,891715,,512500,0,0,0,1,0,North,2023/2024,CHILCOTT ROAD,SWAN LANE,,Minor Crash,No,2023,0,South,0,0,0,Hill Road,0,,0,,0,Overcast,257100,1,0,0,2,0,0,0,0,0,,0,0,Auckland Region,Nil,2-way,Sealed,0,0,0,0,50,0,None,0,0,,76,Auckland,Nil,0,0,0,1,0,0,Urban,0,0,0,Light rain,Null
1767000.1032,5901948.6479,891718,,524720,0,,0,2,,Null,2023/2024,BROWNS ROAD,DALGETY DRIVE,,Non-Injury Crash,No,2024,,East,,0,,Flat,,,,,,Overcast,779500,0,0,0,3,,,0,,,,,,Auckland Region,Nil,2-way,Sealed,,0,0,,50,,Off,0,0,40,76,Auckland,Traffic Signals,,,,,0,0,Urban,0,,,Light rain,Null
1755843.376,5918452.5921,891719,,515500,0,,0,2,,South,2022/2023,NORTH-WESTERN MOTORWAY,NEWTON ROAD OFF RAMP,,Non-Injury Crash,Yes,2023,,North,,0,,Hill Road,,,,,,Dark,418500,0,0,0,4,,,0,,,,,,Auckland Region,Nil,1-way,Sealed,,0,0,,80,,On,0,0,,76,Auckland,Nil,,,,,0,0,Open,0,,,Light rain,Null
1760206.5179,5923547.2434,891725,,509300,1,,0,1,,North,2023/2024,LAKE ROAD,ARIHO TERRACE,,Minor Crash,No,2024,,North,,0,,Flat,,,,,,Bright sun,336900,1,0,0,2,,,0,,,,,,Auckland Region,Nil,2-way,Sealed,,0,0,,50,,Off,0,0,,76,Auckland,Nil,,,,,0,0,Urban,0,,,Fine,Null
1756533.0853,5918903.5779,891736,,515600,0,,0,2,,Null,2024/2025,NEWTON ROAD,PIWAKAWAKA STREET,,Non-Injury Crash,No,2025,,West,,0,,Null,,,,,,Overcast,420201,0,0,0,4,,,0,,,,,,Auckland Region,Nil,2-way,Sealed,,0,0,,50,,Null,0,0,,76,Auckland,Traffic Signals,,,,,0,0,Urban,0,,,Light rain,Null
1765661.1708,5906837.3674,891738,,522202,0,0,0,2,0,South,2023/2024,GREAT SOUTH ROAD,CHARLES STREET,,Non-Injury Crash,No,2023,0,North,0,0,0,Flat,0,,0,,0,Dark,663500,0,0,0,2,0,0,0,0,1,,0,1,Auckland Region,Nil,2-way,Sealed,0,0,0,0,50,0,On,0,0,,76,Auckland,Nil,0,0,0,0,0,0,Urban,0,0,0,Fine,Null
1745618.7529,5916797.6333,891746,,510800,0,0,0,2,0,South,2023/2024,VITASOVICH AVENUE,EDSEL STREET,,Serious Crash,No,2024,0,North,0,0,0,Flat,0,,0,,0,Dark,243300,4,0,0,2,0,0,0,0,1,,0,0,Auckland Region,Nil,2-way,Sealed,0,0,1,0,50,0,On,0,0,,76,Auckland,Nil,0,0,0,0,0,0,Urban,0,0,0,Fine,Null
1768295.9389,5903740.2348,891747,,523820,0,0,0,0,1,South,2023/2024,SOUTH-WESTERN MOTORWAY,LINK 1N SBD OBR,,Minor Crash,Yes,2023,0,South,0,0,0,Flat,0,,0,,0,Overcast,760142,1,0,1,3,0,0,0,0,0,,0,0,Auckland Region,Overpass,1-way,Sealed,0,0,0,0,100,0,Off,0,0,,76,Auckland,Nil,0,0,0,0,0,0,Open,0,0,0,Fine,Null
1769902.8368,5900482.0527,891750,,523816,0,,0,1,,North,2023/2024,SOUTHERN MOTORWAY,PAPAKURA STM BR,,Minor Crash,Yes,2024,,South,,0,,Flat,,,,,,Overcast,759734,1,0,0,3,,,0,,,,,,Auckland Region,Nil,1-way,Sealed,,0,0,,100,,None,0,0,,76,Auckland,Nil,,,,,1,0,Open,1,,,Fine,Null
1767978.274,5901431.2423,891751,,524720,0,,0,2,,South,2022/2023,JELLICOE ROAD,RUTH STREET,,Non-Injury Crash,No,2023,,North,,0,,Flat,,,,,,Bright sun,780100,0,0,0,2,,,0,,,,,,Auckland Region,Nil,2-way,Sealed,,0,0,,50,,Off,0,0,30,76,Auckland,Nil,,,,,0,0,Urban,0,,,Fine,Null
1749188.0789,5944044.6247,891761,,505806,0,,0,1,,North,2024/2025,EAST COAST ROAD,SPUR ROAD,,Non-Injury Crash,No,2024,,South,,0,,Flat,,,,,,Overcast,176802,0,0,0,2,,,0,,,,,,Auckland Region,Nil,2-way,Sealed,,0,0,,80,,None,0,0,,76,Auckland,Nil,,,,,2,0,Open,1,,,Light rain,Null
1778500.9396,5914925.7268,891770,,523300,0,0,0,2,0,North,2023/2024,KAHAWAIRAHI DRIVE,JACK LACHLAN DRIVE,,Non-Injury Crash,No,2023,0,South,0,0,0,Flat,0,,0,,0,Twilight,718900,0,0,0,2,0,0,0,0,1,,0,0,Auckland Region,Nil,2-way,Sealed,0,0,0,0,50,0,On,0,0,40,76,Auckland,Nil,0,0,0,0,0,0,Urban,0,0,0,Fine,Frost
1760645.6979,5907310.3171,891781,,524112,0,,0,1,,North,2024/2025,SOUTH-WESTERN MOTORWAY,BADER OBR,,Non-Injury Crash,Yes,2024,,North,,0,,Flat,,,,,,Overcast,737500,0,0,0,2,,,0,,,,,,Auckland Region,Nil,1-way,Sealed,,0,0,,100,,Off,0,0,,76,Auckland,Nil,,,,,1,0,Open,0,,,Fine,Null
1755581.8612,5927172.9581,891786,,508620,0,0,0,2,0,Null,2023/2024,SUNNYBRAE ROAD,MARYWIL CRESCENT,,Minor Crash,No,2023,0,South,0,0,0,Flat,0,,0,,0,Bright sun,204200,2,0,1,2,0,0,0,0,1,,0,0,Auckland Region,Nil,2-way,Sealed,0,0,0,0,50,0,Off,0,0,,76,Auckland,Give way,0,0,0,0,0,0,Urban,0,0,0,Fine,Null
1758678.1526,5915505.0706,891790,,519300,0,,0,4,,West,2023/2024,GREEN LANE WEST,GREENLANE HPTL GT2,,Minor Crash,No,2023,,West,,0,,Flat,,,,,,Twilight,623200,2,0,0,4,,,0,,,,,,Auckland Region,Nil,2-way,Sealed,,0,0,,50,,On,0,0,,76,Auckland,Nil,,,,,0,0,Urban,0,,,Fine,Null
1755823.1562,5918435.248,891794,,515500,0,,0,1,,South,2023/2024,NORTH-WESTERN MOTORWAY,NEWTON ROAD OFF RAMP,,Serious Crash,Yes,2024,,East,,0,,Flat,,,,,,Bright sun,418500,0,0,0,4,,,0,,,,,,Auckland Region,Nil,1-way,Sealed,,0,1,,80,,Off,1,0,,76,Auckland,Nil,,,,,0,0,Open,0,,,Fine,Null
1742523.5431,5921972.3553,891796,35,513610,0,0,0,3,0,South,2024/2025,RED HILLS ROAD,BIRDWOOD ROAD,,Minor Crash,No,2025,0,East,0,0,1,Flat,0,,0,,0,Twilight,226503,1,0,1,2,0,0,0,0,0,,0,0,Auckland Region,Nil,2-way,Sealed,0,0,0,0,50,0,On,0,0,,76,Auckland,Nil,0,0,0,0,0,0,Urban,0,0,0,Fine,Null
1756157.1404,5924537.3176,891797,,509702,0,,0,1,,Null,2023/2024,SYLVAN AVENUE,ONEWA ROAD,,Non-Injury Crash,No,2024,,South,,0,,Flat,,Queens Birthday,,,,Bright sun,366700,0,0,0,2,,,0,,,,,,Auckland Region,Nil,2-way,Sealed,,0,0,,50,,Off,1,0,,76,Auckland,Traffic Signals,,,,,0,0,Urban,0,,,Fine,Null
1769904.0441,5900635.6172,891800,,523816,0,,0,2,,South,2023/2024,SOUTHERN MOTORWAY,ALFRISTON OBR,,Non-Injury Crash,Yes,2024,,South,,0,,Flat,,,,,,Bright sun,759734,0,0,0,3,,,0,,,,,,Auckland Region,Nil,1-way,Sealed,,0,0,,100,,None,0,0,,76,Auckland,Nil,,,,,0,0,Open,0,,,Fine,Null
1766210.9069,5900067.0218,891804,,524713,0,0,0,1,0,North,2023/2024,ROSCOMMON ROAD,ROBERT ROSS PLACE,,Non-Injury Crash,No,2023,0,South,0,0,1,Flat,0,,0,,0,Dark,775821,0,0,0,2,0,0,0,0,1,,0,0,Auckland Region,Nil,2-way,Sealed,0,0,0,0,50,0,On,1,0,,76,Auckland,Nil,0,0,0,0,0,0,Urban,0,0,0,Fine,Null
1774239.8878,5893942.8552,891806,,521301,0,0,0,0,0,East,2023/2024,OPAHEKE ROAD,WALKER ROAD,,Minor Crash,No,2024,0,South,0,0,1,Flat,0,,0,,0,Dark,808302,1,0,0,2,0,0,0,0,0,,0,1,Auckland Region,Nil,2-way,Sealed,0,0,0,0,80,0,None,0,0,,76,Auckland,Nil,0,0,0,0,0,0,Open,1,0,0,Fine,Null
1767278.2802,5906274.6158,891808,,522302,0,0,0,1,0,Null,2023/2024,TUI ROAD,CASPAR ROAD,,Non-Injury Crash,No,2024,0,North,0,0,0,Flat,0,Queens Birthday,0,,0,Dark,670300,0,0,0,2,0,0,0,0,1,2,0,0,Auckland Region,Nil,2-way,Sealed,0,0,0,0,50,0,On,0,0,,76,Auckland,Nil,0,0,0,0,0,0,Urban,1,0,0,Fine,Null
1754559.6709,5914521.907,891812,,518802,0,0,0,2,0,Null,2023/2024,GIFFORD AVENUE,MAYN AVENUE,,Minor Crash,No,2024,0,North,0,0,0,Flat,0,,0,,0,Dark,578000,1,0,0,2,0,0,0,0,1,,0,0,Auckland Region,Nil,2-way,Sealed,0,0,0,0,50,0,On,0,0,,76,Auckland,Give way,0,0,0,0,0,0,Urban,0,0,0,Fine,Null
1771055.502,5905884.8155,891813,,523712,0,,0,2,,South,2024/2025,MURPHYS ROAD,TE KURA ROAD,,Minor Crash,No,2024,,South,,0,,Hill Road,,,,,,Dark,713300,2,0,0,2,,,0,,,,,,Auckland Region,Nil,2-way,Sealed,,0,0,,60,,On,0,0,,76,Auckland,Nil,,,,,0,0,Urban,0,,,Fine,Null
1759270.9161,5926013.2024,891816,,508020,0,0,0,1,0,Null,2024/2025,LAKE ROAD,NORTHUMBERLAND AVENUE,,Fatal Crash,No,2024,0,North,0,1,1,Flat,0,,0,,0,Twilight,321800,2,0,0,2,0,0,0,0,0,,0,1,Auckland Region,Nil,2-way,Sealed,0,0,1,0,50,0,Off,0,0,,76,Auckland,Give way,0,0,0,0,0,0,Urban,0,0,0,Fine,Null
1755792.2951,5913208.0781,891818,,518701,0,0,0,1,0,East,2022/2023,SOUTH-WESTERN MOTORWAY,KEITH HAY PARK FTBR,,Minor Crash,Yes,2023,0,East,0,0,0,Flat,1,,0,,0,Overcast,573800,1,0,0,3,0,0,1,0,0,,0,0,Auckland Region,Nil,1-way,Sealed,0,0,0,0,100,0,Off,0,0,,76,Auckland,Nil,0,0,0,0,1,0,Open,0,0,0,Fine,Strong wind
1763539.6125,5904073.5919,891821,,524604,0,,0,0,,West,2023/2024,PUHINUI ROAD,OLD PUHINUI OFF NBD,,Non-Injury Crash,Yes,2024,,West,,0,,Flat,,,,,,Overcast,780902,0,0,0,2,,,0,,,,,,Auckland Region,Nil,2-way,Sealed,,0,0,,60,,On,1,0,50,76,Auckland,Nil,,,,,1,0,Urban,0,,,Fine,Null
1765722.9999,5913184.9961,891824,,522920,0,,0,2,,East,2022/2023,PAKURANGA HIGHWAY,MILLEN UNDERPASS,,Non-Injury Crash,No,2023,,East,,0,,Flat,,,,,,Bright sun,683100,0,0,0,4,,,0,,,,,,Auckland Region,Nil,2-way,Sealed,,0,0,,100,,Off,0,0,,76,Auckland,Nil,,,,,0,0,Open,0,,,Fine,None
1768185.7221,5901586.1851,891825,,525001,0,0,0,1,0,South,2023/2024,MAICH ROAD,RUTH STREET,,Non-Injury Crash,No,2024,0,North,0,0,0,Flat,0,,0,,0,Dark,751100,0,0,0,2,0,0,0,0,1,,0,0,Auckland Region,Nil,2-way,Sealed,0,0,0,0,50,0,On,1,0,,76,Auckland,Nil,0,0,0,0,0,0,Urban,0,0,0,Fine,Null
1756711.0161,5913066.1912,891826,,518702,0,,0,1,,Null,2022/2023,HILLSBOROUGH ROAD,CARR ROAD,,Non-Injury Crash,No,2023,,North,,0,,Flat,,,,,,Overcast,569900,0,0,0,5,,,0,,,,,,Auckland Region,Nil,2-way,Sealed,,0,0,,50,,Off,0,0,,76,Auckland,Traffic Signals,,,,,0,0,Urban,1,,,Light rain,Strong wind
1765558.0546,5906983.4296,891830,,522301,0,0,0,1,0,Null,2022/2023,GREAT SOUTH ROAD,EAST TAMAKI ROAD,,Non-Injury Crash,No,2023,0,North,0,0,0,Flat,0,,0,,0,Dark,666800,0,0,0,4,0,0,0,0,0,,0,0,Auckland Region,Nil,2-way,Sealed,0,0,0,0,50,0,On,2,0,,76,Auckland,Traffic Signals,0,1,0,0,0,0,Urban,0,0,0,Fine,Null
1755040.9833,5927876.9354,891835,,508620,0,,0,1,,Null,2024/2025,ARCHERS ROAD,CHIVALRY ROAD,,Non-Injury Crash,No,2025,,North,,0,,Hill Road,,,,,,Dark,202600,0,0,0,4,,,0,,,,,,Auckland Region,Nil,2-way,Sealed,,0,0,,50,,On,1,0,,76,Auckland,Traffic Signals,,,,,0,0,Urban,0,,,Fine,Null
1757742.7394,5920511.8892,891841,,514103,0,,0,2,,Null,2023/2024,KITCHENER STREET,BANKSIDE STREET,,Non-Injury Crash,No,2024,,East,,0,,Hill Road,,,,,,Overcast,437800,0,0,0,2,,,0,,,,,,Auckland Region,Nil,2-way,Sealed,,0,0,,30,,Off,0,0,,76,Auckland,Nil,,,,,0,0,Urban,0,,,Light rain,Null
1776013.3198,5883676.5132,891846,35,521160,0,,0,1,,Null,2023/2024,GREAT SOUTH ROAD,BOMBAY ROAD,,Minor Crash,No,2023,,North,,0,,Hill Road,,,,,,Dark,827800,1,0,0,2,,,0,,,,,,Auckland Region,Nil,2-way,Sealed,,0,0,,80,,On,0,0,,76,Auckland,Give way,,,,,1,0,Open,0,,,Fine,Null
1771134.5145,5906185.0756,891853,,523713,0,,0,1,,Null,2022/2023,MURPHYS ROAD,FLAT BUSH SCHOOL ROAD,,Non-Injury Crash,No,2023,,South,,0,,Flat,,,,,,Overcast,712701,0,0,0,5,,,0,,,,,,Auckland Region,Nil,2-way,Sealed,,0,0,,50,,On,0,0,,76,Auckland,Traffic Signals,,,,,0,1,Urban,0,,,Fine,None
1753475.1394,5937132.6944,891854,,508900,0,,0,2,,South,2022/2023,EAST COAST ROAD,OKURA RIVER ROAD,,Non-Injury Crash,No,2023,,North,,0,,Hill Road,,,,,,Overcast,178308,0,0,0,2,,,0,,,,,,Auckland Region,Nil,2-way,Sealed,,0,0,,80,,None,0,0,,76,Auckland,Nil,,,,,0,0,Open,0,,,Fine,Null
1724062.0048,5942452.034,891856,,506642,0,0,0,1,0,South,2023/2024,EVANS ROAD,SOUTH HEAD ROAD,,Non-Injury Crash,No,2024,0,North,0,0,1,Flat,0,Queens Birthday,0,,0,Dark,210600,0,0,0,2,0,0,0,0,0,,0,0,Auckland Region,Nil,2-way,Unsealed,0,0,0,0,40,0,None,0,0,,76,Auckland,Nil,0,0,0,0,0,0,Urban,0,0,0,Fine,Null
1745542.3669,5916175.8572,891859,,510800,0,0,0,2,0,North,2025/2026,MILLBROOK ROAD,ARA MARA HUA,,Non-Injury Crash,No,2025,0,South,0,0,0,Flat,0,,0,,0,Dark,244500,0,0,0,2,0,0,0,0,1,,0,0,Auckland Region,Nil,2-way,Sealed,0,0,0,0,50,0,On,0,0,,76,Auckland,Nil,0,0,0,0,0,0,Urban,0,0,0,Fine,Null
1745339.7278,5917390.0506,891861,,510800,0,,0,0,,Null,2024/2025,HENDERSON VALLEY ROAD,ALDERMAN DRIVE,,Minor Crash,No,2024,,North,,0,,Flat,,,,,,Dark,241600,2,0,0,3,,,0,,,,,,Auckland Region,Nil,2-way,Sealed,,0,0,,50,,On,0,0,,76,Auckland,Traffic Signals,,,,,0,0,Urban,2,,,Fine,Null
1744017.9128,5917048.05,891862,,513011,0,0,0,1,0,South,2022/2023,STURGES ROAD,SPENCE ROAD,,Non-Injury Crash,No,2023,0,North,0,0,0,Flat,0,,0,,0,Overcast,280500,0,0,0,1,0,0,0,0,1,,0,0,Auckland Region,Nil,2-way,Sealed,0,0,0,0,50,0,Off,0,0,20,76,Auckland,Nil,0,0,0,0,0,0,Urban,1,0,0,Light rain,Null
1744046.2426,5919057.5754,891863,,513302,0,,0,3,,South,2025/2026,TANGO PLACE,LARNOCH ROAD,,Fatal Crash,No,2025,,North,,1,,Flat,,,,,,Dark,233102,0,0,0,2,,,0,,,1,,,Auckland Region,Nil,2-way,Sealed,,0,0,,50,,On,0,0,,76,Auckland,Nil,,,,,0,0,Urban,0,,,Fine,Null
1745744.1512,5919374.0251,891866,,513301,0,0,0,1,0,Null,2022/2023,CLEMWAY PLACE,CENTRAL PARK DRIVE,,Non-Injury Crash,No,2023,0,East,0,0,0,Flat,0,,0,,1,Overcast,230601,0,0,0,2,0,0,0,0,0,,0,0,Auckland Region,Nil,2-way,Sealed,0,0,0,0,50,0,Off,0,0,,76,Auckland,Give way,0,0,0,0,0,0,Urban,0,0,0,Light rain,Null
1744656.1242,5921515.7832,891867,,513530,0,,0,0,,North,2025/2026,NORTH-WESTERN MOTORWAY,HURUHURU OBR,,Non-Injury Crash,Yes,2025,,South,,0,,Flat,,,,,,Overcast,226200,0,0,0,3,,,0,,,,,,Auckland Region,Nil,1-way,Sealed,,0,0,,100,,Off,0,0,,76,Auckland,Nil,,,,,1,1,Open,0,,,Fine,Null
1765003.0678,5904766.8638,891869,,522100,0,,0,2,,Null,2023/2024,MILAN ROAD,KENDERDINE ROAD,,Non-Injury Crash,No,2024,,East,,0,,Flat,,,,,,Bright sun,660100,0,0,0,2,,,0,,,,,,Auckland Region,Nil,2-way,Sealed,,0,0,,50,,None,0,0,,76,Auckland,Stop,,,,,0,0,Urban,0,,,Fine,Null
1753657.1922,5914546.1522,891872,,518801,0,,0,2,,Null,2023/2024,MAIORO STREET,STODDARD ROAD,,Non-Injury Crash,No,2024,,North,,0,,Flat,,,,,,Bright sun,578500,0,0,0,3,,,0,,,,,,Auckland Region,Nil,1-way,Sealed,,0,0,,50,,Off,0,0,,76,Auckland,Traffic Signals,,,,,0,0,Urban,0,,,Fine,Null
1768753.496,5903589.9787,891874,,523820,0,0,0,2,0,East,2022/2023,ARONIA WAY,EVERGLADE DRIVE,,Non-Injury Crash,No,2023,0,East,0,0,0,Hill Road,0,,0,,0,Overcast,760123,0,0,0,2,0,0,0,0,1,,0,0,Auckland Region,Nil,2-way,Sealed,0,0,0,0,50,0,Off,0,0,40,76,Auckland,Nil,0,0,0,0,0,0,Urban,0,0,0,Light rain,Strong wind
1762307.8821,5907097.2503,891877,,524520,0,,0,2,,North,2023/2024,MASSEY ROAD,BUCKLAND ROAD,,Non-Injury Crash,No,2023,,North,,0,,Flat,,,,,,Dark,734703,0,0,0,2,,,0,,,,,,Auckland Region,Nil,2-way,Sealed,,0,0,,50,,On,0,0,,76,Auckland,Nil,,,,,0,0,Urban,0,,,Light rain,None
1743722.0161,5917787.9736,891878,,513220,0,0,0,1,0,Null,2022/2023,HARVEST DRIVE,SUMMERLAND DRIVE,,Non-Injury Crash,No,2023,0,West,0,0,0,Flat,0,,0,,0,Overcast,236704,0,0,0,2,0,0,0,0,0,,0,1,Auckland Region,Nil,2-way,Sealed,0,0,0,0,50,0,Off,0,0,,76,Auckland,Give way,0,0,0,0,0,0,Urban,0,0,0,Heavy rain,Null
1782476.549,5925991.5308,891879,,520801,0,0,0,0,1,East,2024/2025,WHARF ROAD,WHARF ROAD,,Non-Injury Crash,No,2025,0,West,0,0,1,Flat,0,,0,,0,Bright sun,515312,0,0,0,2,0,0,0,0,0,,0,0,Auckland Region,Nil,2-way,Sealed,0,0,0,0,40,0,Off,0,0,,76,Auckland,Nil,0,0,0,0,0,0,Urban,1,0,0,Fine,Null
1747104.0783,5915607.3337,891882,,511601,0,,0,1,,Null,2023/2024,FARQUHAR ROAD,FELGROVE STREET,,Minor Crash,No,2023,,North,,0,,Flat,,,,,,Overcast,275900,1,0,1,2,,,0,,,,,,Auckland Region,Nil,2-way,Sealed,,0,0,,50,,None,0,0,,76,Auckland,Give way,,,,,0,0,Urban,0,,,Fine,Null
1760233.0909,5908860.1138,891885,,524403,0,,0,3,,East,2022/2023,WALMSLEY ROAD,MAHUNGA DRIVE,,Non-Injury Crash,No,2023,,West,,0,,Flat,,,,,,Overcast,729901,0,0,0,4,,,0,,,,,,Auckland Region,Nil,2-way,Sealed,,0,0,,50,,Null,0,0,,76,Auckland,Nil,,,,,0,0,Urban,0,,,Heavy rain,None
1754182.3121,5917829.3323,891886,,515432,0,0,0,2,0,West,2023/2024,WESTERN SPRINGS ROAD,MOUNTAIN VIEW ROAD,,Minor Crash,No,2023,0,East,0,0,0,Flat,0,,0,,0,Dark,405700,1,0,0,2,0,0,0,0,1,,0,0,Auckland Region,Nil,2-way,Sealed,0,0,0,0,50,0,On,0,0,,76,Auckland,Nil,0,0,0,0,0,0,Urban,0,0,0,Fine,Null
1769534.3232,5881283.9221,891887,,525922,0,,0,2,,Null,2024/2025,EAST STREET,TOTARA AVENUE,,Non-Injury Crash,No,2024,,North,,0,,Hill Road,,,,,,Overcast,817200,0,0,0,2,,,0,,,,,,Auckland Region,Nil,2-way,Sealed,,0,0,,50,,Off,0,0,,76,Auckland,Stop,,,,,0,0,Urban,0,,,Fine,Null
1757722.4601,5920949.704,891891,,514101,0,0,0,1,0,West,2024/2025,TYLER STREET,GORE STREET,,Non-Injury Crash,No,2025,0,West,0,0,0,Null,0,,0,,0,Dark,438103,0,0,0,1,0,0,0,0,1,,0,0,Auckland Region,Nil,1-way,Sealed,0,0,0,0,30,0,Null,0,0,,76,Auckland,Nil,0,0,0,0,0,0,Urban,1,0,0,Fine,Null
1769378.0499,5901031.1518,891893,,524902,0,,0,2,,Null,2024/2025,ALFRISTON ROAD,CLAUDE ROAD,,Non-Injury Crash,No,2025,,East,,0,,Flat,,,,,,Overcast,757700,0,0,0,2,,,0,,,,,,Auckland Region,Nil,2-way,Sealed,,0,0,,50,,Null,0,0,,76,Auckland,Traffic Signals,,,,,0,0,Urban,0,,,Fine,Null
1752336.9023,5914242.7193,891895,,514500,0,,0,1,,East,2025/2026,TIVERTON ROAD,WHITNEY STREET,,Non-Injury Crash,No,2025,,West,,0,,Hill Road,,,,,,Dark,374900,0,0,0,4,,,0,,,,,,Auckland Region,Nil,2-way,Sealed,,0,0,,50,,On,2,0,,76,Auckland,Nil,,,,,0,0,Urban,0,,,Light rain,Null
1739563.9226,5930309.7881,891896,,505604,0,0,0,2,0,South,2023/2024,ORAHA ROAD,OLD NORTH ROAD,,Non-Injury Crash,No,2024,0,South,1,0,0,Flat,0,,0,,0,Overcast,213900,0,0,0,2,0,0,0,0,0,,0,0,Auckland Region,Nil,2-way,Sealed,0,0,0,0,60,0,Off,0,0,,76,Auckland,Nil,0,0,0,0,0,0,Urban,0,0,0,Fine,Null
1751294.3538,5915082.3635,891898,,514401,0,,0,2,,North,2023/2024,GEDDES TERRACE,ST JUDE STREET,,Non-Injury Crash,No,2023,,North,,0,,Null,,,,,,Unknown,382700,0,0,0,2,,,0,,,,,,Auckland Region,Nil,2-way,Null,,0,0,,50,,Null,0,0,,76,Auckland,Nil,,,,,0,0,Urban,0,,,Null,Null
1755981.0747,5928077.2994,891901,,507900,0,,0,1,,South,2024/2025,NORTHERN MOTORWAY,WAIRAU OBR,,Non-Injury Crash,Yes,2025,,South,,0,,Flat,,,,,,Bright sun,305202,0,0,0,3,,,0,,,,,,Auckland Region,Nil,1-way,Sealed,,0,0,,100,,Off,0,0,,76,Auckland,Nil,,,,,0,0,Open,1,,,Fine,Null