X,Y,OBJECTID,advisorySpeed,areaUnitID,bicycle,bridge,bus,carStationWagon,cliffBank,crashDirectionDescription,crashFinancialYear,crashLocation1,crashLocation2,crashRoadSideRoad,crashSeverity,crashSHDescription,crashYear,debris,directionRoleDescription,ditch,fatalCount,fence,flatHill,guardRail,holiday,houseOrBuilding,intersection,kerb,light,meshblockId,minorInjuryCount,moped,motorcycle,NumberOfLanes,objectThrownOrDropped,otherObject,otherVehicleType,overBank,parkedVehicle,pedestrian,phoneBoxEtc,postOrPole,region,roadCharacter,roadLane,roadSurface,roadworks,schoolBus,seriousInjuryCount,slipOrFlood,speedLimit,strayAnimal,streetLight,suv,taxi,temporarySpeedLimit,tlaId,tlaName,trafficControl,trafficIsland,trafficSign,train,tree,truck,unknownVehicleType,urban,vanOrUtility,vehicle,waterRiver,weatherA,weatherB
1750471.1671,5913739.6346,891903,,511303,0,,0,0,,Null,2025/2026,CLARK STREET,PORTAGE ROAD,,Non-Injury Crash,No,2025,,East,,0,,Flat,,,,,,Bright sun,265002,0,0,0,5,,,0,,,,,,Auckland Region,Nil,2-way,Sealed,,0,0,,50,,Off,1,0,,76,Auckland,Traffic Signals,,,,,1,0,Urban,0,,,Fine,Null
1755234.1874,5929839.3589,891905,,508420,0,,0,1,,South,2024/2025,NORTHERN MOTORWAY,SUNNYNOOK OBR,,Non-Injury Crash,Yes,2025,,North,,0,,Flat,,,,,,Dark,183800,0,0,0,3,,,0,,,,,,Auckland Region,Nil,1-way,Sealed,,0,0,,100,,On,0,0,,76,Auckland,Nil,,,,,0,0,Open,0,,,Heavy rain,Null
1768466.4286,5905426.1633,891913,,523722,0,0,0,1,0,Null,2024/2025,BOUNDARY ROAD,OTHELLO DRIVE,,Minor Crash,No,2025,0,West,0,0,0,Flat,0,,0,,0,Dark,715910,1,0,0,2,0,0,0,0,1,,0,0,Auckland Region,Nil,2-way,Sealed,0,0,0,0,50,0,On,0,0,,76,Auckland,Give way,0,0,0,0,0,0,Urban,1,0,0,Fine,Null
1757674.0499,5918323.1152,891914,,514302,0,,0,2,,South,2022/2023,SOUTHERN MOTORWAY,KHYBER PASS ROAD ON RAMP,,Minor Crash,Yes,2023,,South,,0,,Flat,,,,,,Overcast,442100,1,0,0,5,,,0,,,,,,Auckland Region,Nil,1-way,Sealed,,0,0,,80,,Off,0,0,,76,Auckland,Nil,,,,,0,0,Open,0,,,Fine,Null
1768089.4138,5904125.2571,891916,,523820,0,0,0,3,0,North,2023/2024,SOUTHERN MOTORWAY,LINK 20 SBD OBR,,Minor Crash,Yes,2023,0,South,0,0,0,Hill Road,1,,0,,0,Bright sun,759901,1,0,0,3,0,0,0,0,0,,0,0,Auckland Region,Nil,1-way,Sealed,0,0,0,0,100,0,Off,0,0,,76,Auckland,Nil,0,0,0,0,0,0,Open,0,0,0,Fine,Null
1747293.0943,5919583.9537,891926,,512402,1,,0,1,,Null,2023/2024,TE ATATU ROAD,TE ATATU ROAD OFF RAMP,,Minor Crash,No,2024,,South,,0,,Hill Road,,,,,,Bright sun,253700,1,0,0,3,,,0,,,,,,Auckland Region,Motorway ramp,1-way,Sealed,,0,0,,50,,Off,0,0,,76,Auckland,Traffic Signals,,,,,0,0,Urban,0,,,Fine,Null
1753687.2647,5929231.8869,891932,,508320,0,,0,0,,Null,2024/2025,OFF ROAD - CAR PARK,,,Serious Crash,No,2025,,South,,0,,Flat,,,,,,Bright sun,196801,0,0,0,,,,0,,,1,,,Auckland Region,Nil,Off road,Sealed,,0,1,,,,Off,1,0,,76,Auckland,Nil,,,,,0,0,Urban,0,,,Fine,Null
1751037.9786,5949711.4759,891933,,505805,0,0,0,2,0,West,2023/2024,FLORENCE AVENUE,LILLIAN PLACE,,Non-Injury Crash,No,2023,0,East,0,0,0,Flat,0,,0,,0,Dark,171709,0,0,0,2,0,0,0,0,1,,0,0,Auckland Region,Nil,2-way,Sealed,0,0,0,0,50,0,On,0,0,,76,Auckland,Nil,0,0,0,0,0,0,Urban,0,0,0,Fine,Null
1771285.2545,5895901.4045,891934,,525540,0,0,0,2,0,South,2025/2026,SOUTHERN MOTORWAY,PAPAKURA OFF RAMP,,Minor Crash,Yes,2026,0,South,0,0,0,Flat,1,,0,,0,Bright sun,806208,3,0,0,3,0,0,0,0,0,,0,0,Auckland Region,Nil,1-way,Sealed,0,0,0,0,100,0,Off,0,0,,76,Auckland,Nil,0,0,0,0,0,0,Open,0,0,0,Fine,Null
1763858.9697,5912631.3306,891938,,520500,0,,0,2,,Null,2024/2025,MOUNT WELLINGTON HWY OFF RAMP,MOUNT WELLINGTON HIGHWAY,,Non-Injury Crash,No,2024,,East,,0,,Null,,,,,,Overcast,637400,0,0,0,1,,,0,,,,,,Auckland Region,Motorway ramp,1-way,Sealed,,0,0,,50,,Null,0,0,,76,Auckland,Give way,,,,,0,0,Urban,0,,,Fine,Null
1769348.2526,5914525.364,891943,,522723,0,,0,1,,Null,2023/2024,SIR LLOYD DRIVE,PAKURANGA ROAD,,Non-Injury Crash,No,2024,,North,,0,,Flat,,,,,,Bright sun,681304,0,0,0,2,,,0,,,,,,Auckland Region,Nil,1-way,Sealed,,0,0,,60,,Off,1,0,,76,Auckland,Traffic Signals,,,,,0,0,Urban,0,,,Fine,Null
1758413.6519,5913361.4886,891944,,519710,0,,0,2,,West,2025/2026,MOUNT SMART ROAD,INKERMAN STREET,,Minor Crash,No,2025,,East,,0,,Flat,,,,,,Bright sun,595200,1,0,0,2,,,0,,,,,,Auckland Region,Nil,2-way,Sealed,,0,0,,50,,Off,0,0,,76,Auckland,Nil,,,,,0,0,Urban,0,,,Fine,Null
1768162.1064,5907797.8933,891953,,523711,0,,0,0,,South,2022/2023,PRESTON ROAD,EAST TAMAKI ROAD,,Non-Injury Crash,No,2023,,South,,0,,Hill Road,,,,,,Bright sun,713600,0,0,0,4,,,0,,,,,,Auckland Region,Nil,2-way,Sealed,,0,0,,60,,Off,0,0,,76,Auckland,Nil,,,,,1,0,Urban,1,,,Fine,Null
1763806.7063,5884803.8426,891954,,521121,0,0,0,2,0,West,2024/2025,OSTRICH ROAD,EGGLETON ROAD,,Minor Crash,No,2025,0,West,1,0,0,Flat,0,,0,,0,Dark,811401,1,0,0,2,0,0,0,0,0,,0,0,Auckland Region,Nil,2-way,Sealed,0,0,0,0,80,0,None,0,0,,76,Auckland,Nil,0,0,0,0,0,0,Open,0,0,0,Fine,Null
1769647.6136,5901650.4089,891961,,524901,0,,0,2,,South,2022/2023,SOUTHERN MOTORWAY,HILL OBR,,Non-Injury Crash,Yes,2023,,North,,0,,Hill Road,,,,,,Bright sun,756901,0,0,0,3,,,0,,,,,,Auckland Region,Nil,1-way,Sealed,,0,0,,100,,Off,0,0,,76,Auckland,Nil,,,,,0,0,Open,1,,,Fine,Null
1763845.7066,5912825.5579,891963,,520500,0,,0,1,,Null,2023/2024,MOUNT WELLINGTON HIGHWAY,TE PUTU AVENUE,,Non-Injury Crash,No,2023,,South,,0,,Flat,,,,,,Twilight,637500,0,0,0,4,,,0,,,,,,Auckland Region,Nil,2-way,Sealed,,0,0,,50,,On,0,0,20,76,Auckland,Traffic Signals,,,,,0,0,Urban,1,,,Fine,Null
1755696.6592,5921198.1954,891968,,515202,0,0,0,1,0,West,2024/2025,NORTHERN MOTORWAY,FANSHAWE STREET ON RAMP,,Non-Injury Crash,Yes,2024,0,North,0,0,0,Flat,1,,0,,0,Bright sun,425600,0,0,0,4,0,0,0,0,0,,0,0,Auckland Region,Nil,1-way,Sealed,0,0,0,0,80,0,Off,0,0,,76,Auckland,Nil,0,0,0,0,0,0,Open,0,0,0,Fine,Null
1762975.4779,5917528.2625,891974,,516302,0,0,0,2,0,West,2025/2026,ST JOHNS ROAD,BLACKETT CRESCENT,,Minor Crash,No,2025,0,North,0,0,0,Flat,0,,0,,0,Dark,462809,1,0,0,2,0,0,0,0,1,,0,0,Auckland Region,Nil,2-way,Sealed,0,0,0,0,50,0,On,0,0,,76,Auckland,Nil,0,0,0,0,0,0,Urban,0,0,0,Fine,Strong wind
1765980.1497,5906391.4589,891976,,522202,0,,0,2,,South,2025/2026,GREAT SOUTH ROAD,TUI ROAD,,Non-Injury Crash,No,2025,,South,,0,,Flat,,,,,,Dark,665101,0,0,0,2,,,0,,,,,,Auckland Region,Nil,2-way,Sealed,,0,0,,50,,On,0,0,,76,Auckland,Nil,,,,,0,0,Urban,0,,,Fine,Null
1768637.6374,5901085.6325,891978,,525001,0,,0,1,,Null,2025/2026,STATION ROAD,GREAT SOUTH ROAD,,Non-Injury Crash,No,2025,,North,,0,,Null,,,,,,Unknown,751500,0,0,0,3,,,0,,,,,,Auckland Region,Nil,2-way,Sealed,,0,0,,50,,Null,0,0,,76,Auckland,Traffic Signals,,,,,0,1,Urban,0,,,Null,Null
1765588.0701,5908864.4576,891980,,523402,0,,0,1,,Null,2025/2026,HIGHBROOK DRIVE,HIGHBROOK DRIVE ON RAMP,,Non-Injury Crash,No,2026,,East,,0,,Flat,,,,,,Bright sun,696900,0,0,0,2,,,0,,,,,,Auckland Region,Bridge,1-way,Sealed,,0,0,,50,,Off,1,0,,76,Auckland,Give way,,,,,0,0,Urban,0,,,Fine,Null
1774197.1515,5895639.7609,891985,,525510,0,0,0,1,0,South,2023/2024,HUNUA ROAD,CALVERT STREET,,Non-Injury Crash,No,2023,0,North,0,0,1,Flat,0,,0,,0,Overcast,801500,0,0,0,2,0,0,0,0,0,,0,0,Auckland Region,Nil,2-way,Sealed,0,0,0,0,50,0,Off,0,0,,76,Auckland,Nil,0,0,0,0,0,0,Urban,0,0,0,Fine,Null
1749691.2662,5913865.2162,891986,,511303,0,,0,1,,Null,2025/2026,CLARK STREET,GREAT NORTH ROAD,,Non-Injury Crash,No,2026,,North,,0,,Flat,,,,,,Bright sun,264901,0,0,0,2,,,0,,,,,,Auckland Region,Nil,1-way,Sealed,,0,0,,50,,Null,0,0,,76,Auckland,Traffic Signals,,,,,0,0,Urban,1,,,Fine,Null
1752991.1333,5930797.5111,891991,,508803,0,,0,2,,Null,2023/2024,UNSWORTH DRIVE,BLUEBIRD CRESCENT,,Non-Injury Crash,No,2023,,South,,0,,Flat,,,,,,Bright sun,180849,0,0,0,2,,,0,,,,,,Auckland Region,Nil,2-way,Sealed,,0,0,,50,,Off,0,0,,76,Auckland,Give way,,,,,0,0,Urban,0,,,Fine,Null
1761325.6558,5947546.3378,891993,45,505904,0,0,0,2,0,East,2023/2024,WHANGAPARAOA ROAD,SHAKESPEAR ROAD,,Non-Injury Crash,No,2024,0,East,0,0,0,Flat,0,,0,,0,Dark,175121,0,0,0,2,0,0,0,0,1,,0,0,Auckland Region,Nil,2-way,Sealed,0,0,0,0,50,0,On,1,0,,76,Auckland,Nil,0,0,0,0,0,0,Urban,0,0,0,Light rain,Null
1752525.6312,5928935.0478,891994,,508411,0,0,0,1,0,North,2025/2026,BAYVIEW ROAD,SIMON ELLICE DRIVE,,Non-Injury Crash,No,2025,0,South,0,0,0,Null,0,,0,,0,Bright sun,185001,0,0,0,2,0,0,0,0,1,,0,0,Auckland Region,Nil,2-way,Sealed,0,0,0,0,50,0,Null,1,0,,76,Auckland,Nil,0,0,0,0,0,0,Urban,0,0,0,Light rain,Null
1751753.8978,5926505.8341,891995,,510220,0,0,0,0,0,Null,2023/2024,BIRKDALE ROAD,ESKDALE ROAD,,Non-Injury Crash,No,2024,0,South,0,0,1,Flat,0,,0,,0,Dark,349000,0,0,0,2,0,0,0,0,0,,0,1,Auckland Region,Nil,2-way,Sealed,0,0,0,0,50,0,On,0,0,,76,Auckland,Give way,0,0,0,0,0,0,Urban,1,0,0,Light rain,Null
1768242.952,5910668.3889,891996,,523112,0,,0,1,,Null,2024/2025,BRUCE RODERICK DRIVE,NEALES ROAD,,Minor Crash,No,2024,,North,,0,,Null,,,,,,Unknown,711500,1,0,0,2,,,0,,,,,,Auckland Region,Nil,2-way,Sealed,,0,0,,50,,Null,0,0,,76,Auckland,Give way,,,,,0,0,Urban,1,,,Null,Null
1758518.9909,5915181.5957,891999,,519300,0,0,0,4,0,Null,2024/2025,OFFROAD GREENLANE CLININICAL CENTRE CARPARK,,,Minor Crash,No,2024,0,East,0,0,0,Flat,0,,0,,0,Bright sun,623200,1,0,0,2,0,0,0,0,3,,0,0,Auckland Region,Nil,2-way,Sealed,0,0,0,0,10,0,Off,0,0,,76,Auckland,Nil,0,0,0,0,0,0,Urban,0,0,0,Fine,Null
1767796.4875,5903877.3336,892000,,524602,0,,0,2,,Null,2024/2025,GREAT SOUTH ROAD OFF RAMP,GREAT SOUTH ROAD,,Non-Injury Crash,No,2024,,West,,0,,Null,,Labour Weekend,,,,Overcast,780506,0,0,0,2,,,0,,,,,,Auckland Region,Nil,1-way,Sealed,,0,0,,60,,Null,0,0,,76,Auckland,Traffic Signals,,,,,0,0,Urban,0,,,Null,Null
1765405.1675,5916597.5967,892001,,517100,0,0,0,1,0,North,2024/2025,APIRANA AVENUE,SALIMA TALAGI STREET,,Minor Crash,No,2024,0,North,0,0,0,Flat,1,,0,,0,Dark,477800,1,0,0,2,0,0,0,0,0,,0,0,Auckland Region,Nil,2-way,Sealed,0,0,0,0,50,0,On,0,0,,76,Auckland,Nil,0,0,0,0,0,0,Urban,0,0,0,Light rain,Null
1765404.0254,5907096.331,892005,,522201,0,,0,2,,West,2022/2023,SHIRLEY ROAD,SHIRLEY ROAD,,Minor Crash,No,2023,,East,,0,,Flat,,,,,,Bright sun,661100,1,0,0,3,,,0,,,,,,Auckland Region,Nil,2-way,Sealed,,0,0,,50,,Off,1,0,,76,Auckland,Nil,,,,,0,0,Urban,0,,,Fine,Null
1759346.3133,5916546.0081,892010,,516001,0,,0,2,,North,2025/2026,SOUTHERN MOTORWAY,Market Road,,Non-Injury Crash,Yes,2025,,North,,0,,Flat,,,,,,Bright sun,491700,0,0,0,4,,,0,,,,,,Auckland Region,Nil,1-way,Sealed,,0,0,,100,,Off,0,0,,76,Auckland,Nil,,,,,0,0,Open,0,,,Fine,Null
1763961.9178,5910015.8859,892014,,521901,0,,0,0,,North,2025/2026,GREAT SOUTH ROAD,GORDON ROAD,,Non-Injury Crash,No,2025,,North,,0,,Flat,,,,,,Overcast,782600,0,0,0,2,,,0,,,,,,Auckland Region,Nil,2-way,Sealed,,0,0,,30,,Off,0,0,,76,Auckland,Nil,,,,,0,1,Urban,1,,,Light rain,Null
1768747.9687,5904567.0472,892015,,523722,0,,0,1,,Null,2023/2024,HOLLYFORD DRIVE,REDOUBT ROAD,,Non-Injury Crash,No,2023,,North,,0,,Hill Road,,,,,,Dark,715909,0,0,0,2,,,0,,,,,,Auckland Region,Nil,2-way,Sealed,,0,0,,50,,On,0,0,,76,Auckland,Traffic Signals,,,,,0,0,Urban,1,,,Fine,None
1742786.0654,5921501.0588,892016,,513631,0,0,0,3,0,North,2025/2026,DON BUCK ROAD,GALLONY AVENUE,,Minor Crash,No,2025,0,East,0,0,0,Flat,0,,0,,0,Overcast,227101,1,0,0,2,0,0,0,0,2,,0,0,Auckland Region,Nil,2-way,Sealed,0,0,0,0,50,0,Off,1,0,,76,Auckland,Nil,0,0,0,0,0,0,Urban,0,0,0,Light rain,Null
1747077.8915,5919260.108,892023,,512402,0,,0,2,,North,2023/2024,TE ATATU ROAD,JAEMONT AVENUE,,Non-Injury Crash,No,2023,,South,,0,,Flat,,,,,,Bright sun,254200,0,0,0,4,,,0,,,,,,Auckland Region,Nil,2-way,Sealed,,0,0,,50,,Off,0,0,,76,Auckland,Nil,,,,,0,0,Urban,0,,,Fine,Null
1756686.8303,5919893.1321,892025,,514102,0,,1,2,,Null,2025/2026,NELSON STREET OFF RAMP,NELSON STREET,,Non-Injury Crash,No,2025,,North,,0,,Flat,,,,,,Overcast,435500,0,0,0,3,,,0,,,,,,Auckland Region,Motorway ramp,1-way,Sealed,,0,0,,50,,Off,0,0,,76,Auckland,Traffic Signals,,,,,0,0,Urban,0,,,Fine,Null
1744992.6687,5917650.905,892028,,510700,0,0,0,2,0,North,2024/2025,MT LEBANON LANE,WINERY WAY,,Non-Injury Crash,No,2025,0,North,0,0,0,Flat,0,,0,,0,Unknown,239511,0,0,0,2,0,0,0,0,1,,0,0,Auckland Region,Nil,2-way,Sealed,0,0,0,0,50,0,On,0,0,,76,Auckland,Nil,0,0,0,0,0,0,Urban,0,0,0,Mist or Fog,Null
1745082.1117,5916390.4008,892032,,510800,0,0,0,2,0,South,2024/2025,HENDERSON VALLEY ROAD,WOODRUFFE AVENUE,,Non-Injury Crash,No,2025,0,North,0,0,0,Flat,0,,0,,0,Dark,241900,0,0,0,3,0,0,0,0,1,,0,0,Auckland Region,Nil,2-way,Sealed,0,0,0,0,50,0,On,0,0,,76,Auckland,Nil,0,0,0,0,0,0,Urban,0,0,0,Fine,Null
1758623.3759,5917576.9565,892036,,516001,0,,0,2,,Null,2024/2025,ST MARKS ROAD,ST MARKS ROAD ON RAMP,,Non-Injury Crash,No,2024,,West,,0,,Flat,,Christmas New Year,,,,Bright sun,490703,0,0,0,2,,,0,,,,,,Auckland Region,Nil,2-way,Sealed,,0,0,,50,,Off,0,0,,76,Auckland,Give way,,,,,0,0,Urban,0,,,Fine,Null
1766240.1363,5907012.2099,892038,,522302,0,0,0,2,0,South,2025/2026,HUIA ROAD,KIMPTON ROAD,,Non-Injury Crash,No,2025,0,North,0,0,0,Flat,0,,0,,0,Bright sun,668100,0,0,0,2,0,0,0,0,1,,0,0,Auckland Region,Nil,2-way,Sealed,0,0,0,0,50,0,Off,0,0,,76,Auckland,Nil,0,0,0,0,0,0,Urban,0,0,0,Fine,Null
1744996.7812,5913440.7571,892040,,512906,0,,0,1,,North,2024/2025,GLENGARRY ROAD,SOLAR ROAD,,Non-Injury Crash,No,2024,,North,,0,,Null,,,,,,Dark,278603,0,0,0,2,,,0,,,,,,Auckland Region,Nil,2-way,Sealed,,0,0,,50,,Null,0,0,,76,Auckland,Nil,,,,,0,1,Urban,0,,,Light rain,Null
1750454.1298,5911913.771,892043,,512100,0,0,0,1,0,Null,2022/2023,PORTAGE ROAD,KINROSS STREET,,Serious Crash,No,2023,0,South,0,0,0,Flat,0,,0,,0,Dark,289400,0,0,0,2,0,0,0,0,0,,0,1,Auckland Region,Nil,2-way,Sealed,0,0,1,0,50,0,On,0,0,,76,Auckland,Give way,0,0,0,0,0,0,Urban,0,0,0,Light rain,Null
1748076.7751,5912053.648,892049,,511901,0,,0,1,,Null,2023/2024,TITIRANGI ROAD,GOLF ROAD,,Non-Injury Crash,No,2024,,North,,0,,Hill Road,,,,,,Twilight,292600,0,0,0,1,,,0,,,,,,Auckland Region,Nil,1-way,Sealed,,0,0,,50,,On,1,0,,76,Auckland,Give way,,,,,0,0,Urban,0,,,Light rain,Null
1768053.1304,5900481.2138,892055,,525101,0,0,0,1,0,West,2023/2024,WEYMOUTH ROAD,COXHEAD ROAD,,Non-Injury Crash,No,2023,0,West,0,0,1,Hill Road,0,,0,,0,Dark,771400,0,0,0,2,0,0,0,0,0,,0,0,Auckland Region,Nil,2-way,Sealed,0,0,0,0,50,0,On,0,0,,76,Auckland,Nil,0,0,0,0,0,0,Urban,0,0,0,Fine,Null
1748554.9299,5945379.6707,892067,,506201,0,,0,1,,Null,2023/2024,DAIRY FLAT HIGHWAY,SILVERDALE OFF RAMP,,Non-Injury Crash,No,2023,,East,,0,,Flat,,,,,,Overcast,176700,0,0,0,2,,,0,,,,,,Auckland Region,Motorway ramp,2-way,Sealed,,0,0,,60,,Off,0,0,,76,Auckland,Give way,,,,,1,0,Urban,0,,,Light rain,Strong wind
1743901.0893,5908105.8638,892068,,513800,0,0,0,1,1,West,2025/2026,HUIA ROAD,VICTORY ROAD,,Non-Injury Crash,No,2025,0,South,0,0,0,Hill Road,0,,0,,0,Overcast,303001,0,0,0,2,0,0,0,0,0,,0,0,Auckland Region,Bridge,2-way,Sealed,0,0,0,0,60,0,Off,0,0,,76,Auckland,Nil,0,0,0,0,0,0,Urban,0,0,0,Light rain,Null
1754295.4869,5914794.9812,892071,,518802,0,0,0,1,0,North,2023/2024,GIFFORD AVENUE,ELPHINSTONE AVENUE,,Minor Crash,No,2024,0,South,0,0,0,Hill Road,0,,0,,0,Overcast,578000,1,0,1,2,0,0,0,0,1,,0,0,Auckland Region,Nil,2-way,Sealed,0,0,0,0,50,0,Null,1,0,,76,Auckland,Nil,0,0,0,0,0,0,Urban,0,0,0,Fine,Null
1754817.2166,5933519.1989,892074,,508804,0,,0,0,,Null,2024/2025,EAST COAST ROAD,BROWNS BAY ROAD,,Non-Injury Crash,No,2025,,North,,0,,Null,,,,,,Unknown,156002,0,0,0,4,,,0,,,,,,Auckland Region,Nil,2-way,Null,,0,0,,50,,Null,2,0,,76,Auckland,Traffic Signals,,,,,0,0,Urban,0,,,Null,Null
1758998.4293,5915515.6045,892075,,519300,1,,0,0,,West,2023/2024,GREEN LANE WEST,PURIRI DRIVE,,Minor Crash,No,2024,,East,,0,,Flat,,,,,,Bright sun,622900,1,0,0,4,,,0,,,,,,Auckland Region,Nil,2-way,Sealed,,0,0,,50,,Off,0,0,,76,Auckland,Nil,,,,,0,0,Urban,1,,,Fine,Null
1764105.0327,5904277.6066,892079,15,524604,0,,0,1,,Null,2023/2024,PUHINUI ROAD,PUHINUI ROAD,,Non-Injury Crash,No,2023,,South,,0,,Flat,,,,,,Bright sun,781100,0,0,0,1,,,0,,,,,,Auckland Region,Motorway ramp,1-way,Sealed,,0,0,,50,,Off,1,0,20,76,Auckland,Nil,,,,,0,0,Urban,0,,,Fine,Null
1740506.5228,5922898.916,892080,,513701,0,0,0,2,0,South,2024/2025,RED HILLS ROAD,NELSON ROAD,,Non-Injury Crash,No,2025,0,South,0,0,0,Flat,0,Easter,0,,0,Dark,229800,0,0,0,2,0,0,0,0,0,,0,0,Auckland Region,Nil,2-way,Sealed,0,0,0,0,80,0,None,0,0,,76,Auckland,Nil,0,0,0,0,0,0,Open,2,1,0,Fine,Null
1755711.7461,5925704.6079,892081,25,509702,0,,0,1,,Null,2023/2024,KILHAM AVENUE,PEARN CRESCENT,,Minor Crash,No,2023,,East,,0,,Flat,,,,,,Overcast,365700,1,0,0,2,,,0,,,1,,,Auckland Region,Nil,2-way,Sealed,,0,0,,50,,Off,0,0,,76,Auckland,Nil,,,,,0,0,Urban,0,,,Light rain,Null
1754631.1749,5928107.0363,892086,,508310,0,0,0,1,0,West,2024/2025,CHIVALRY ROAD,BRUCE ROAD,,Non-Injury Crash,No,2025,0,North,0,0,0,Null,0,,0,,0,Bright sun,200701,0,0,0,2,0,0,0,0,1,,0,0,Auckland Region,Nil,2-way,Sealed,0,0,0,0,50,0,Null,1,0,,76,Auckland,Nil,0,0,0,0,0,0,Urban,0,0,0,Light rain,Null
1759244.6812,5920057.2564,892087,,515902,0,0,0,1,0,North,2022/2023,GLADSTONE ROAD,STANWELL STREET,,Non-Injury Crash,No,2023,0,North,0,0,0,Flat,0,,0,,0,Twilight,453900,0,0,0,2,0,0,0,0,1,,0,0,Auckland Region,Speed hump,2-way,Sealed,0,0,0,0,50,0,Off,0,0,,76,Auckland,Nil,0,0,0,0,0,0,Urban,1,0,0,Fine,Null
1747897.7649,5926354.0648,892088,,513431,0,,0,2,,Null,2025/2026,CLARK ROAD,SQUADRON DRIVE,,Minor Crash,No,2025,,North,,0,,Flat,,,,,,Twilight,222800,1,0,0,2,,,0,,,,,,Auckland Region,Nil,2-way,Sealed,,0,0,,50,,On,0,0,,76,Auckland,Stop,,,,,0,0,Urban,0,,,Fine,Null
1785554.3641,5926147.0851,892089,,520801,0,,0,1,,Null,2023/2024,ONETANGI ROAD,SEA VIEW ROAD,,Non-Injury Crash,No,2023,,South,,0,,Flat,,,,,,Bright sun,515503,0,0,1,2,,,0,,,,,,Auckland Region,Nil,2-way,Sealed,,0,0,,50,,Off,0,0,,76,Auckland,Stop,,,,,0,0,Urban,0,,,Fine,Null
1759699.7149,5916994.7468,892097,,516102,0,,0,1,,Null,2023/2024,REMUERA ROAD,PORTLAND ROAD,,Minor Crash,No,2024,,West,,0,,Flat,,,,,,Overcast,485000,1,0,1,4,,,0,,,,,,Auckland Region,Nil,2-way,Sealed,,0,0,,50,,Off,0,0,,76,Auckland,Give way,,,,,0,0,Urban,0,,,Fine,Null
1748642.3916,5969785.715,892098,,505500,0,,0,0,,Null,2024/2025,AUCKLAND ROAD,WOODCOCKS ROAD,,Non-Injury Crash,No,2025,,South,,0,,Flat,,,,,,Bright sun,141102,0,0,0,4,,,0,,,,,,Auckland Region,Nil,2-way,Sealed,,0,0,,60,,Off,0,0,,76,Auckland,Pointsman,,,,,1,0,Urban,1,,,Fine,Null
1772416.2509,5914998.2327,892106,,521501,0,,0,2,,East,2025/2026,SELWYN ROAD,THE GLEBE,,Minor Crash,No,2025,,West,,0,,Hill Road,,,,,,Bright sun,652500,2,0,0,2,,,0,,,,,,Auckland Region,Nil,2-way,Sealed,,0,0,,50,,Off,0,0,,76,Auckland,Nil,,,,,0,0,Urban,0,,,Light rain,Strong wind
1757228.9931,5919409.0129,892108,,514301,0,,0,1,,North,2025/2026,SYMONDS STREET,GRAFTON BRIDGE,,Non-Injury Crash,No,2025,,North,,0,,Flat,,,,,,Overcast,440904,0,1,0,4,,,0,,,,,,Auckland Region,Nil,2-way,Sealed,,0,0,,30,,Off,0,0,,76,Auckland,Nil,,,,,0,0,Urban,0,,,Fine,Null
1742120.0341,5926802.5495,892113,,513410,0,,0,2,,East,2022/2023,SH 16,BRIGHAM CK BR,,Non-Injury Crash,Yes,2023,,South,,0,,Flat,,,,,,Dark,220400,0,0,0,4,,,0,,,,,,Auckland Region,Nil,2-way,Sealed,,0,0,,100,,On,0,0,,76,Auckland,Nil,,,,,0,0,Open,0,,,Fine,Null
1765640.5623,5901461.5446,892121,,524604,0,,0,2,,North,2023/2024,ROSCOMMON ROAD,BROWNS ROAD,,Non-Injury Crash,No,2023,,South,,0,,Flat,,,,,,Bright sun,781302,0,0,0,4,,,0,,,,,,Auckland Region,Nil,2-way,Sealed,,0,0,,60,,Off,0,0,,76,Auckland,Nil,,,,,0,0,Urban,0,,,Fine,Strong wind
1747184.7039,5913791.4821,892122,,511100,0,,0,2,,Null,2024/2025,WEST COAST ROAD,GLENVIEW ROAD,,Non-Injury Crash,No,2025,,South,,0,,Null,,,,,,Dark,286200,0,0,0,4,,,0,,,,,,Auckland Region,Nil,2-way,Sealed,,0,0,,50,,Null,0,0,,76,Auckland,Traffic Signals,,,,,0,0,Urban,0,,,Fine,Null
1767924.301,5900907.8665,892124,,525001,0,0,0,0,0,West,2025/2026,RUSSELL ROAD,FRANCES STREET,,Non-Injury Crash,No,2025,0,West,0,0,0,Null,0,,0,,0,Unknown,752300,0,0,0,2,0,0,0,0,1,,0,0,Auckland Region,Nil,2-way,Sealed,0,0,0,0,50,0,Null,1,0,,76,Auckland,Nil,0,0,0,0,0,0,Urban,0,0,0,Fine,Null
1757183.4763,5919869.1374,892125,,514103,0,,0,1,,Null,2023/2024,QUEEN STREET,MAYORAL DRIVE,,Minor Crash,No,2023,,South,,0,,Hill Road,,,,,,Bright sun,436100,1,0,0,4,,,0,,,1,,,Auckland Region,Nil,2-way,Sealed,,0,0,,30,,Off,0,0,,76,Auckland,Traffic Signals,,,,,0,0,Urban,0,,,Fine,Null
1762408.2172,5907191.993,892128,,524520,0,,0,0,,South,2025/2026,MASSEY ROAD,YATES ROAD,,Non-Injury Crash,No,2025,,South,,0,,Flat,,,,,,Bright sun,734603,0,0,0,2,,,0,,,,,,Auckland Region,Nil,2-way,Sealed,,0,0,,50,,Off,2,0,,76,Auckland,Nil,,,,,0,0,Urban,0,,,Fine,Null