X,Y,OBJECTID,advisorySpeed,areaUnitID,bicycle,bridge,bus,carStationWagon,cliffBank,crashDirectionDescription,crashFinancialYear,crashLocation1,crashLocation2,crashRoadSideRoad,crashSeverity,crashSHDescription,crashYear,debris,directionRoleDescription,ditch,fatalCount,fence,flatHill,guardRail,holiday,houseOrBuilding,intersection,kerb,light,meshblockId,minorInjuryCount,moped,motorcycle,NumberOfLanes,objectThrownOrDropped,otherObject,otherVehicleType,overBank,parkedVehicle,pedestrian,phoneBoxEtc,postOrPole,region,roadCharacter,roadLane,roadSurface,roadworks,schoolBus,seriousInjuryCount,slipOrFlood,speedLimit,strayAnimal,streetLight,suv,taxi,temporarySpeedLimit,tlaId,tlaName,trafficControl,trafficIsland,trafficSign,train,tree,truck,unknownVehicleType,urban,vanOrUtility,vehicle,waterRiver,weatherA,weatherB
1753282.7376,5914626.6732,892130,,518801,0,,0,2,,East,2025/2026,SH 20,MAIORO STREET OFF RAMP,,Minor Crash,Yes,2025,,South,,0,,Flat,,,,,,Dark,578400,1,0,0,3,,,0,,,,,,Auckland Region,Motorway ramp,1-way,Sealed,,0,0,,100,,On,0,1,,76,Auckland,Nil,,,,,0,0,Open,0,,,Fine,Null
1770660.6967,5898614.2929,892132,,523920,0,,0,2,,Null,2024/2025,WALTER STREVENS DRIVE,GREAT SOUTH ROAD,,Non-Injury Crash,No,2025,,East,,0,,Flat,,,,,,Overcast,768001,0,0,0,3,,,0,,,,,,Auckland Region,Nil,2-way,Sealed,,0,0,,50,,Off,0,0,,76,Auckland,Traffic Signals,,,,,0,0,Urban,0,,,Fine,Null
1751878.9276,5930865.1393,892133,,508806,0,,0,2,,Null,2024/2025,ALBANY HIGHWAY,BUSH ROAD,,Minor Crash,No,2024,,North,,0,,Flat,,,,,,Bright sun,180106,1,0,0,4,,,0,,,,,,Auckland Region,Nil,2-way,Sealed,,0,0,,50,,Off,0,0,,76,Auckland,Traffic Signals,,,,,0,0,Urban,0,,,Fine,Null
1761139.4076,5906979.0702,892139,,524112,0,,0,1,,West,2023/2024,SOUTH-WESTERN MOTORWAY,MASSEY ROAD OFF RAMP,,Minor Crash,Yes,2023,,East,,0,,Flat,,,,,,Twilight,742201,1,0,0,2,,,0,,,,,,Auckland Region,Nil,1-way,Sealed,,0,0,,100,,On,1,0,,76,Auckland,Nil,,,,,0,0,Open,0,,,Fine,Null
1765934.5386,5906454.3677,892142,,522202,0,,0,3,,North,2024/2025,GREAT SOUTH ROAD,TUI ROAD,,Non-Injury Crash,No,2025,,South,,0,,Flat,,,,,,Bright sun,663900,0,0,0,4,,,0,,,,,,Auckland Region,Nil,2-way,Sealed,,0,0,,50,,Off,0,0,,76,Auckland,Nil,,,,,0,0,Urban,0,,,Fine,Null
1754245.0502,5926877.6158,892143,,508620,0,,0,2,,South,2022/2023,CORONATION ROAD,MOUNTBATTEN AVENUE,,Minor Crash,No,2023,,East,,0,,Flat,,,,,,Bright sun,205100,1,0,0,2,,,0,,,,,,Auckland Region,Nil,2-way,Sealed,,0,0,,50,,Off,0,0,,76,Auckland,Nil,,,,,0,0,Urban,1,,,Fine,Null
1753748.0612,5926008.0621,892144,,508220,0,0,0,2,0,West,2025/2026,ESKDALE ROAD,GLENFIELD ROAD,,Non-Injury Crash,No,2025,0,West,0,0,0,Hill Road,0,,0,,0,Bright sun,189500,0,0,0,2,0,0,0,0,1,,0,0,Auckland Region,Nil,2-way,Sealed,0,0,0,0,50,0,Null,0,0,,76,Auckland,Nil,0,0,0,0,0,0,Urban,0,0,0,Fine,Null
1767865.974,5881627.145,892147,,525910,0,0,0,2,0,North,2023/2024,TASMAN STREET,HELVETIA ROAD,,Non-Injury Crash,No,2023,0,North,0,0,0,Flat,0,,1,,0,Bright sun,819600,0,0,0,2,0,0,0,0,1,,0,0,Auckland Region,Nil,2-way,Sealed,0,0,0,0,50,0,Off,0,0,,76,Auckland,Nil,0,0,0,0,0,0,Urban,0,0,0,Fine,Null
1759694.1467,5917003.6158,892149,,516102,1,,0,0,,Null,2024/2025,PORTLAND ROAD,REMUERA ROAD,,Minor Crash,No,2024,,South,,0,,Hill Road,,,,,,Bright sun,484900,1,0,0,2,,,0,,,,,,Auckland Region,Nil,2-way,Sealed,,0,0,,50,,Off,0,0,,76,Auckland,Give way,,,,,1,0,Urban,0,,,Fine,Null
1757728.7133,5918247.543,892151,,518101,0,,0,2,,North,2023/2024,SOUTHERN MOTORWAY,MOUNTAIN OBR,,Non-Injury Crash,Yes,2024,,North,,0,,Flat,,,,,,Overcast,543000,0,0,0,5,,,0,,,,,,Auckland Region,Overpass,1-way,Sealed,,0,0,,80,,Off,1,0,,76,Auckland,Nil,,,,,0,0,Open,0,,,Fine,Null
1756897.888,5882737.6046,892155,,521152,0,,0,0,,East,2023/2024,GLENBROOK ROAD,WYMER ROAD,,Non-Injury Crash,No,2023,,West,,0,,Flat,,Christmas New Year,,,,Overcast,834400,0,0,0,2,,,0,,,,,,Auckland Region,Nil,2-way,Sealed,,0,0,,80,,None,0,0,,76,Auckland,Nil,,,,,0,0,Open,2,,,Fine,Null
1768918.4287,5905865.8503,892158,,523712,0,,0,1,,Null,2024/2025,TE IRIRANGI DRIVE,DAWSON ROAD,,Non-Injury Crash,No,2025,,South,,0,,Null,,,,,,Overcast,713013,0,0,0,3,,,0,,,,,,Auckland Region,Nil,1-way,Sealed,,0,0,,50,,On,0,0,,76,Auckland,Traffic Signals,,,,,0,1,Urban,0,,,Light rain,Null
1770675.3399,5900741.0089,892161,,523816,0,,0,3,,South,2023/2024,NEARCO STREET,RIVERTON DRIVE,,Non-Injury Crash,No,2024,,North,,0,,Flat,,,,,,Bright sun,759717,0,0,0,2,,,0,,,,,,Auckland Region,Nil,2-way,Sealed,,0,0,,50,,Off,0,0,,76,Auckland,Nil,,,,,0,0,Urban,0,,,Fine,Null
1772648.1141,5896471.7618,892162,,525420,0,,0,2,,North,2023/2024,GREAT SOUTH ROAD,ELLIOT STREET,,Non-Injury Crash,No,2024,,North,,0,,Flat,,,,,,Dark,791600,0,0,0,2,,,0,,,,,,Auckland Region,Nil,2-way,Sealed,,0,0,,40,,Off,0,0,,76,Auckland,Nil,,,,,0,0,Urban,0,,,Fine,None
1766796.0724,5912775.4891,892170,,522920,0,,0,1,,North,2024/2025,TI RAKAU DRIVE,MATTSON ROAD,,Non-Injury Crash,No,2024,,North,,0,,Flat,,Labour Weekend,,,,Bright sun,684800,0,0,0,3,,,0,,,,,,Auckland Region,Nil,1-way,Sealed,,0,0,,50,,Null,1,0,,76,Auckland,Nil,,,,,0,0,Urban,0,,,Fine,None
1753074.2428,5946836.4325,892173,,505906,0,,0,2,,North,2023/2024,WHANGAPARAOA ROAD,GLENELG ROAD,,Non-Injury Crash,No,2024,,North,,0,,Hill Road,,,,,,Dark,173803,0,0,0,4,,,0,,,,,,Auckland Region,Nil,2-way,Sealed,,0,0,,50,,On,0,0,,76,Auckland,Nil,,,,,0,0,Urban,0,,,Fine,Null
1763928.8874,5904396.4657,892175,,522100,0,,0,1,,North,2023/2024,SOUTH-WESTERN MOTORWAY,PUHINUI OBR,,Minor Crash,Yes,2024,,South,,0,,Flat,,,,,,Bright sun,781001,2,0,0,2,,,0,,,,,,Auckland Region,Nil,1-way,Sealed,,0,0,,100,,Off,1,0,,76,Auckland,Nil,,,,,0,0,Open,1,,,Fine,Null
1764751.1123,5910264.3039,892177,,521801,0,,0,1,,East,2023/2024,PRINCES STREET,OAK GROVE,,Non-Injury Crash,No,2024,,West,,0,,Flat,,,,,,Bright sun,787100,0,0,0,2,,,0,,,,,,Auckland Region,Nil,2-way,Sealed,,0,0,,50,,Off,0,0,30,76,Auckland,Nil,,,,,0,0,Urban,1,,,Fine,Frost
1743356.262,5923679.7705,892182,,513610,0,,0,0,,Null,2023/2024,DON BUCK ROAD,FRED TAYLOR DRIVE,,Non-Injury Crash,No,2024,,North,,0,,Flat,,,,,,Bright sun,226402,0,0,0,2,,,0,,,,,,Auckland Region,Nil,1-way,Sealed,,0,0,,50,,Off,1,0,,76,Auckland,Give way,,,,,1,0,Urban,0,,,Fine,Null
1747166.7381,5913798.7861,892190,,511100,1,,0,1,,Null,2024/2025,WEST COAST ROAD,GLENVIEW ROAD,,Minor Crash,No,2024,,East,,0,,Flat,,,,,,Bright sun,286200,1,0,0,4,,,0,,,,,,Auckland Region,Nil,2-way,Sealed,,0,0,,50,,Off,0,0,,76,Auckland,Traffic Signals,,,,,0,0,Urban,0,,,Fine,Null
1756796.3865,5928649.98,892201,,507800,0,,0,2,,South,2023/2024,ALMA ROAD,NILE ROAD,,Non-Injury Crash,No,2023,,East,,0,,Flat,,,,,,Overcast,308200,0,0,0,2,,,0,,,,,,Auckland Region,Nil,2-way,Sealed,,0,0,,50,,None,0,0,,76,Auckland,Nil,,,,,0,0,Urban,0,,,Fine,Null
1755501.3416,5915497.2687,892204,,518302,0,,0,0,,Null,2024/2025,CALGARY STREET,DOMINION ROAD,,Minor Crash,No,2025,,East,,0,,Null,,,,,,Bright sun,554600,1,0,1,2,,,0,,,,,,Auckland Region,Nil,2-way,Sealed,,0,0,,30,,Null,1,0,,76,Auckland,Stop,,,,,0,0,Urban,0,,,Fine,Null
1754002.3834,5919066.7096,892207,,515431,0,0,0,2,0,East,2022/2023,SHERWOOD AVENUE,FRANCIS STREET,,Non-Injury Crash,No,2023,0,West,0,0,0,Flat,0,,0,,0,Bright sun,403200,0,0,0,2,0,0,0,0,1,,0,0,Auckland Region,Nil,2-way,Sealed,0,0,0,0,50,0,Off,0,0,,76,Auckland,Nil,0,0,0,0,0,0,Urban,0,0,0,Fine,Null
1755615.3806,5920912.1173,892208,,515202,0,,0,0,,Null,2024/2025,MELFORD STREET,DEDWOOD TERRACE,,Non-Injury Crash,No,2025,,West,,0,,Null,,,,,,Bright sun,424800,0,0,0,2,,,0,,,,,,Auckland Region,Nil,2-way,Sealed,,0,0,,50,,Null,0,0,,76,Auckland,Nil,,,,,0,0,Urban,2,,,Fine,Null
1756173.8276,5924183.2357,892210,,509800,0,,0,0,,Null,2023/2024,NORTHERN MOTORWAY,ONEWA ROAD OFF RAMP,,Non-Injury Crash,Yes,2023,,North,,0,,Null,,,,,,Bright sun,361100,0,0,0,5,,,0,,,,,,Auckland Region,Nil,1-way,Sealed,,0,0,,100,,Off,0,0,,76,Auckland,Nil,,,,,1,0,Open,1,,,Fine,Null
1745998.9094,5922572.3391,892211,,513530,0,0,0,1,0,North,2023/2024,COLWILL ROAD,SPARGO ROAD,,Non-Injury Crash,No,2023,0,South,0,0,0,Flat,0,Christmas New Year,0,,0,Dark,226004,0,0,0,2,0,0,0,0,0,,0,1,Auckland Region,Nil,2-way,Sealed,0,0,0,0,50,0,On,0,0,,76,Auckland,Nil,0,0,0,0,0,0,Urban,0,0,0,Fine,Null
1774650.2505,5896029.2794,892213,,525610,0,0,0,1,0,West,2022/2023,SETTLEMENT ROAD,DOMINION ROAD,,Non-Injury Crash,No,2023,0,North,0,0,1,Flat,0,,0,,0,Dark,798902,0,0,0,2,0,0,0,0,0,,0,0,Auckland Region,Nil,2-way,Sealed,0,0,0,0,50,0,On,0,0,,76,Auckland,Nil,0,0,0,0,0,0,Urban,0,0,0,Fine,Null
1761006.1454,5885101.5988,892214,,521121,0,,0,1,,East,2024/2025,GLENBROOK ROAD,KINGSEAT ROAD,,Non-Injury Crash,No,2024,,East,,0,,Null,,,,,,Unknown,811300,0,0,0,2,,,0,,,,,,Auckland Region,Nil,2-way,Null,,0,0,,80,,Null,0,0,,76,Auckland,Nil,,,,,0,0,Open,0,,,Null,Null
1765127.2306,5917739.8266,892218,,517001,0,0,0,1,0,Null,2023/2024,APIRANA AVENUE,EASTVIEW ROAD,,Non-Injury Crash,No,2023,0,North,0,0,0,Flat,0,,1,,0,Unknown,463901,0,0,0,2,0,0,0,0,0,,0,0,Auckland Region,Nil,2-way,Sealed,0,0,0,0,50,0,Null,0,0,,76,Auckland,Give way,0,0,0,0,0,0,Urban,0,0,0,Null,None
1745790.3143,5912163.2947,892220,,511002,0,,0,1,,Null,2025/2026,SHETLAND STREET,PHILLIP AVENUE,,Non-Injury Crash,No,2025,,South,,0,,Hill Road,,,,,,Dark,284702,0,0,0,2,,,0,,,,,,Auckland Region,Nil,2-way,Sealed,,0,0,,50,,On,0,0,,76,Auckland,Give way,,,,,0,0,Urban,0,,,Fine,Null
1751166.2647,5915900.4555,892225,,514401,0,,0,1,,Null,2024/2025,GREAT NORTH ROAD,VICTOR STREET,,Non-Injury Crash,No,2024,,South,,0,,Flat,,,,,,Bright sun,383400,0,0,0,4,,,0,,,,,,Auckland Region,Nil,2-way,Sealed,,0,0,,50,,Off,1,0,,76,Auckland,Traffic Signals,,,,,0,0,Urban,0,,,Fine,Null
1769875.2444,5899531.1647,892229,,523920,0,,0,2,,South,2024/2025,SOUTHERN MOTORWAY,TAKANINI RAIL OBR,,Non-Injury Crash,Yes,2024,,North,,0,,Hill Road,,,,,,Overcast,767921,0,0,0,3,,,0,,,,,,Auckland Region,Nil,1-way,Sealed,,0,0,,100,,Off,0,0,,76,Auckland,Nil,,,,,0,0,Open,0,,,Light rain,Null
1771586.5093,5895268.0329,892230,,525540,0,,0,1,,North,2024/2025,PAPAKURA OFF RAMP,BEACH ROAD,,Non-Injury Crash,No,2024,,South,,0,,Flat,,Christmas New Year,,,,Overcast,806402,0,0,0,1,,,0,,,,,,Auckland Region,Motorway ramp,1-way,Sealed,,0,0,,50,,Off,0,0,,76,Auckland,Nil,,,,,0,0,Urban,0,,,Fine,Null
1734262.0072,5950279.814,892240,45,506646,0,0,0,1,1,North,2024/2025,KANOHI ROAD,GATFIELD ROAD,,Minor Crash,No,2025,0,North,0,0,0,Hill Road,0,,0,,0,Bright sun,212403,1,0,0,2,0,0,0,0,0,,0,0,Auckland Region,Nil,2-way,End of seal,0,0,0,0,100,0,None,0,0,,76,Auckland,Nil,0,0,0,0,0,0,Open,0,0,0,Fine,Null
1748247.2853,5926853.5807,892248,,513431,0,,0,1,,East,2023/2024,HOBSONVILLE POINT ROAD,DE HAVILLAND ROAD,,Non-Injury Crash,No,2023,,South,,0,,Flat,,,,,,Bright sun,221905,0,0,0,2,,,0,,,,,,Auckland Region,Nil,2-way,Sealed,,0,0,,50,,Off,1,0,,76,Auckland,Nil,,,,,0,0,Urban,0,,,Fine,Null
1770912.6399,5899656.2651,892254,,523911,0,0,0,1,0,Null,2023/2024,TAKANINI SCHOOL ROAD,SPARTAN ROAD,,Non-Injury Crash,No,2023,0,South,1,0,0,Flat,0,,0,,0,Dark,766700,0,0,0,2,0,0,0,0,0,,0,0,Auckland Region,Nil,2-way,Sealed,0,0,0,0,50,0,On,0,0,,76,Auckland,Give way,0,0,0,0,0,0,Urban,0,0,0,Light rain,Null
1766988.9687,5908748.9345,892258,,523501,0,0,0,0,0,North,2023/2024,ALEXANDER CRESCENT,CLYDE ROAD,,Non-Injury Crash,No,2023,0,North,0,0,1,Flat,0,,1,,0,Twilight,700400,0,0,0,2,0,0,0,0,0,,0,0,Auckland Region,Nil,2-way,Sealed,0,0,0,0,50,0,Off,1,0,,76,Auckland,Nil,0,0,0,0,0,0,Urban,0,0,0,Fine,Null
1762664.8258,5907424.2529,892264,,524301,0,,0,1,,Null,2024/2025,HAIN AVENUE,MASSEY ROAD,,Minor Crash,No,2024,,East,,0,,Flat,,,,,,Overcast,746400,1,0,0,2,,,0,,,1,,,Auckland Region,Nil,2-way,Sealed,,0,0,,50,,On,0,0,,76,Auckland,Give way,,,,,0,0,Urban,0,,,Mist or Fog,Null
1765030.2112,5910497.0469,892265,35,521803,0,0,0,1,0,West,2023/2024,PRINCES ST-OTAHUHU OFF RAMP,FRANK GREY PLACE,,Non-Injury Crash,No,2024,0,South,0,0,0,Flat,1,,0,,0,Bright sun,790000,0,0,0,1,0,0,0,0,0,,0,0,Auckland Region,Motorway ramp,1-way,Sealed,0,0,0,0,50,0,Off,0,0,,76,Auckland,Nil,0,0,0,0,0,0,Urban,0,0,0,Fine,Null
1759368.8153,5916549.2797,892280,,516001,0,,0,2,,North,2023/2024,SOUTHERN MOTORWAY,OMAHU OBR,,Non-Injury Crash,Yes,2023,,South,,0,,Flat,,,,,,Bright sun,491700,0,0,0,3,,,0,,,,,,Auckland Region,Nil,1-way,Sealed,,0,0,,100,,Off,0,0,,76,Auckland,Nil,,,,,0,0,Open,1,,,Fine,Null
1754238.7155,5931176.988,892283,,508520,0,,0,2,,North,2025/2026,NORTHERN MOTORWAY,SUNSET OBR,,Non-Injury Crash,Yes,2025,,South,,0,,Flat,,,,,,Bright sun,191101,0,0,0,2,,,0,,,,,,Auckland Region,Nil,1-way,Sealed,,0,0,,100,,Off,0,0,,76,Auckland,Nil,,,,,0,0,Open,0,,,Fine,Null
1756312.3695,5920505.6246,892284,,514000,0,,0,2,,North,2023/2024,NORTHERN MOTORWAY,COOK STREET OFF RAMP,,Non-Injury Crash,Yes,2023,,South,,0,,Flat,,,,,,Dark,416700,0,0,0,2,,,0,,,,,,Auckland Region,Nil,1-way,Sealed,,0,0,,80,,On,0,0,,76,Auckland,Nil,,,,,0,0,Open,0,,,Fine,Null
1772841.3944,5892077.7603,892289,,521301,0,0,0,3,0,North,2024/2025,SOUTHERN MOTORWAY,BREMNER OBR,,Non-Injury Crash,Yes,2024,0,North,0,0,0,Flat,0,,0,,0,Dark,808702,0,0,0,2,0,0,0,0,0,,0,0,Auckland Region,Nil,1-way,Sealed,0,0,0,0,100,0,On,0,0,,76,Auckland,Nil,0,0,0,0,0,0,Open,0,2,0,Fine,Null
1758998.9843,5920459.6398,892297,,515902,0,,0,2,,Null,2022/2023,THE STRAND,GLADSTONE ROAD,,Non-Injury Crash,Yes,2023,,South,,0,,Hill Road,,,,,,Dark,454800,0,0,0,4,,,0,,,,,,Auckland Region,Nil,2-way,Sealed,,0,0,,50,,None,0,0,,76,Auckland,Give way,,,,,0,0,Urban,0,,,Fine,None
1757670.4793,5918326.4844,892299,,514302,0,0,0,1,0,South,2024/2025,SOUTHERN MOTORWAY,KHYBER PASS ROAD ON RAMP,,Non-Injury Crash,Yes,2024,0,South,0,0,0,Flat,1,,0,,0,Overcast,442100,0,0,0,5,0,0,0,0,0,,0,0,Auckland Region,Nil,1-way,Sealed,0,0,0,0,80,0,Off,0,0,,76,Auckland,Nil,0,0,0,0,0,0,Open,0,0,0,Fine,Null
1751131.0272,5932326.2164,892300,,508806,0,,0,1,,Null,2023/2024,ALBANY HIGHWAY,ROSEDALE ROAD,,Non-Injury Crash,No,2023,,South,,0,,Flat,,,,,,Bright sun,179902,0,0,0,5,,,0,,,,,,Auckland Region,Nil,2-way,Sealed,,0,0,,50,,Off,2,0,,76,Auckland,Traffic Signals,,,,,0,0,Urban,0,,,Fine,Null
1771846.2278,5903772.7481,892303,,523818,0,0,0,0,0,East,2024/2025,REDOUBT ROAD,TIFFANY CLOSE,,Non-Injury Crash,No,2024,0,East,0,0,0,Flat,0,,0,,0,Dark,760400,0,0,0,2,0,0,0,0,0,,0,1,Auckland Region,Nil,2-way,Sealed,0,0,0,0,50,0,None,0,0,,76,Auckland,Nil,0,0,0,0,0,0,Urban,1,0,0,Fine,Null
1752212.15,5913207.8038,892311,,514600,0,,0,2,,South,2024/2025,WHITNEY STREET,MAUI POMARE STREET,,Non-Injury Crash,No,2024,,South,,0,,Null,,,,,,Unknown,373100,0,0,0,2,,,0,,,,,,Auckland Region,Nil,2-way,Sealed,,0,0,,50,,Null,0,0,,76,Auckland,Nil,,,,,0,0,Urban,0,,,Fine,Null
1748773.9141,5949035.359,892315,,506202,0,0,0,1,0,South,2024/2025,NORTHERN MOTORWAY,OREWA ON RAMP,,Non-Injury Crash,Yes,2025,0,South,0,0,0,Flat,1,Christmas New Year,0,,0,Twilight,176412,0,0,0,2,0,0,0,0,0,,0,0,Auckland Region,Nil,1-way,Sealed,0,0,0,0,100,0,Off,0,0,,76,Auckland,Nil,0,0,0,0,0,0,Open,0,0,0,Fine,Null
1761728.4465,5917380.4445,892321,,516202,0,0,0,2,0,East,2024/2025,BENSON ROAD,LUCERNE ROAD,,Minor Crash,No,2024,0,East,0,0,0,Hill Road,0,,0,,0,Overcast,488100,1,0,0,2,0,0,0,0,1,,0,0,Auckland Region,Nil,2-way,Sealed,0,0,0,0,50,0,Off,0,0,,76,Auckland,Nil,0,0,0,0,0,0,Urban,0,0,0,Fine,Null
1764352.1696,5919687.7962,892322,,516601,0,0,0,1,0,North,2022/2023,BADDELEY AVENUE,HAWERA ROAD,,Non-Injury Crash,No,2023,0,North,0,0,0,Flat,0,,0,,1,Bright sun,505500,0,0,0,2,0,0,0,0,0,,2,0,Auckland Region,Nil,2-way,Sealed,0,0,0,0,50,0,Off,0,0,,76,Auckland,Nil,0,0,0,0,0,0,Urban,0,0,0,Fine,Null
1767959.5472,5907750.1427,892323,,523602,0,,0,1,,Null,2024/2025,OFF ROAD EAST TAMAKI ROAD,,,Serious Crash,No,2025,,West,,0,,Flat,,,,,,Bright sun,710100,0,0,1,2,,,0,,,,,,Auckland Region,Nil,2-way,Sealed,,0,1,,60,,None,0,0,,76,Auckland,Nil,,,,,0,0,Urban,0,,,Fine,Null
1750038.2936,5916494.5461,892326,,514801,0,0,0,2,0,North,2023/2024,ROSEBANK ROAD,HONAN PLACE,,Minor Crash,No,2023,0,North,0,0,0,Flat,0,,0,,0,Dark,389101,1,0,0,2,0,0,0,0,1,,0,0,Auckland Region,Nil,2-way,Sealed,0,0,0,0,50,0,On,0,0,,76,Auckland,Nil,0,0,0,0,0,0,Urban,0,0,0,Fine,Null
1764478.7876,5912928.2436,892328,,520500,0,,0,1,,Null,2023/2024,CARBINE ROAD,SOUTH-EASTERN HIGHWAY,,Serious Crash,No,2024,,North,,0,,Flat,,,,,,Bright sun,639100,0,0,0,6,,,0,,,,,,Auckland Region,Nil,2-way,Sealed,,0,1,,50,,Off,0,0,,76,Auckland,Traffic Signals,,,,,0,0,Urban,2,,,Fine,Null
1779318.4292,5927376.1809,892331,,520801,0,,0,1,,South,2024/2025,OCEAN VIEW ROAD,ONEROA VILLAGE LANE,,Non-Injury Crash,No,2025,,South,,0,,Flat,,,,,,Twilight,516201,0,0,0,2,,,0,,,,,,Auckland Region,Nil,2-way,Sealed,,0,0,,30,,On,0,0,,76,Auckland,Nil,,,,,0,0,Urban,0,,,Fine,Null
1761716.7327,5914672.2595,892332,,520202,0,0,0,0,0,Null,2022/2023,ELLERSLIE-PANMURE HIGHWAY,WILKINSON ROAD,,Non-Injury Crash,No,2023,0,East,0,0,0,Flat,0,,0,,0,Dark,612501,0,0,0,3,0,0,0,0,0,,0,0,Auckland Region,Nil,1-way,Sealed,0,0,0,0,50,0,On,1,0,,76,Auckland,Traffic Signals,0,2,0,0,0,0,Urban,0,0,0,Light rain,Null
1768062.685,5905190.1832,892334,,523722,0,,0,2,,Null,2023/2024,TE IRIRANGI DRIVE,DIORELLA DRIVE,,Minor Crash,No,2023,,West,,0,,Flat,,,,,,Overcast,715801,3,0,0,4,,,0,,,,,,Auckland Region,Nil,2-way,Sealed,,0,0,,50,,Off,0,0,,76,Auckland,Give way,,,,,0,0,Urban,1,,,Fine,Null
1764922.4562,5903215.3589,892341,,524604,0,,0,1,,South,2022/2023,ROSCOMMON ROAD,VOGLER DRIVE,,Non-Injury Crash,No,2023,,South,,0,,Flat,,,,,,Overcast,781302,0,0,0,2,,,0,,,,,,Auckland Region,Nil,1-way,Sealed,,0,0,,60,,Off,0,0,,76,Auckland,Nil,,,,,0,1,Urban,0,,,Fine,None
1753194.2224,5914943.4237,892342,,518801,0,,0,0,,Null,2022/2023,RICHARDSON ROAD,O'DONNELL AVENUE,,Minor Crash,No,2023,,South,,0,,Flat,,,,,,Overcast,575300,2,0,0,4,,,0,,,,,,Auckland Region,Nil,2-way,Sealed,,0,0,,50,,Off,0,0,,76,Auckland,Stop,,,,,0,0,Urban,1,,,Fine,Null
1767832.9137,5904733.7979,892346,,524604,0,,0,1,,North,2022/2023,REDOUBT ROAD ON RAMP,SOUTHERN MOTORWAY,,Non-Injury Crash,No,2023,,North,,0,,Flat,,,,,,Dark,780302,0,0,0,1,,,0,,,,,,Auckland Region,Motorway ramp,1-way,Sealed,,0,0,,100,,On,0,0,,76,Auckland,Nil,,,,,0,0,Open,1,,,Fine,Null
1763713.7158,5912653.4387,892351,,520500,0,0,0,2,0,North,2024/2025,SOUTHERN MOTORWAY,MT WGTN OBR,,Non-Injury Crash,Yes,2025,0,South,0,0,0,Flat,2,,0,,0,Dark,637400,0,0,0,3,0,0,0,0,0,,0,0,Auckland Region,Nil,1-way,Sealed,0,0,0,0,100,0,On,0,0,,76,Auckland,Nil,0,0,0,0,0,0,Open,0,0,0,Fine,Null
1768921.3553,5900841.5971,892354,,524902,0,,0,1,,Null,2023/2024,ALFRISTON ROAD,GREAT SOUTH ROAD,,Minor Crash,No,2023,,East,,0,,Flat,,,,,,Overcast,758200,1,0,0,4,,,0,,,,,,Auckland Region,Nil,2-way,Sealed,,0,0,,50,,None,0,0,,76,Auckland,Traffic Signals,,,,,0,0,Urban,1,,,Fine,Frost
1765567.3429,5915684.0131,892360,,520601,0,,0,2,,Null,2023/2024,COURT CRESCENT,SANDA ROAD,,Non-Injury Crash,No,2023,,East,,0,,Flat,,,,,,Dark,631200,0,0,0,2,,,0,,,,,,Auckland Region,Nil,2-way,Sealed,,0,0,,50,,On,0,0,,76,Auckland,Nil,,,,,0,0,Urban,0,,,Fine,Null
1782532.6462,5925829.688,892365,,520801,0,0,0,0,0,East,2023/2024,BELGIUM STREET,WHARF ROAD,,Non-Injury Crash,No,2023,0,East,0,0,0,Null,0,,0,,0,Unknown,515314,0,0,0,2,0,0,0,0,1,,0,0,Auckland Region,Nil,2-way,Sealed,0,0,0,0,30,0,Null,1,0,,76,Auckland,Nil,0,0,0,0,0,0,Urban,1,0,0,Null,Null
1758102.5229,5920061.2206,892377,,514301,0,,0,1,,South,2022/2023,ALTEN ROAD,STANLEY STREET,,Non-Injury Crash,No,2023,,South,,0,,Hill Road,,,,,,Unknown,440300,0,0,0,3,,,0,,,,,,Auckland Region,Nil,2-way,Sealed,,0,0,,50,,Null,0,0,,76,Auckland,Nil,,,,,0,1,Urban,0,,,Fine,None
1769820.0221,5910068.6156,892379,,523113,0,0,0,2,0,Null,2024/2025,KELVIN HART DRIVE,FRANSHELL CRESCENT,,Non-Injury Crash,No,2024,0,South,0,0,0,Flat,0,,0,,0,Overcast,711729,0,0,0,2,0,0,0,0,1,,0,0,Auckland Region,Nil,2-way,Sealed,0,0,0,0,50,0,Off,0,0,,76,Auckland,Give way,0,0,0,0,0,0,Urban,0,0,0,Fine,Null
1755677.3922,5935127.4666,892380,,507101,0,,0,0,,Null,2023/2024,ANZAC ROAD,BEACH ROAD,,Minor Crash,No,2024,,West,,0,,Flat,,,,,,Dark,161500,1,0,0,2,,,0,,,,,,Auckland Region,Nil,2-way,Sealed,,0,0,,50,,On,2,0,,76,Auckland,Traffic Signals,,,,,0,0,Urban,0,,,Fine,Null
1746629.8436,5926017.5013,892382,,513432,0,,0,2,,Null,2023/2024,HOBSONVILLE ROAD,BRIGHAM CREEK ROAD,,Non-Injury Crash,No,2023,,North,,0,,Flat,,,,,,Overcast,223005,0,0,0,2,,,0,,,,,,Auckland Region,Nil,2-way,Sealed,,0,0,,50,,Off,0,0,,76,Auckland,Stop,,,,,0,0,Urban,0,,,Fine,Null