X,Y,OBJECTID,advisorySpeed,areaUnitID,bicycle,bridge,bus,carStationWagon,cliffBank,crashDirectionDescription,crashFinancialYear,crashLocation1,crashLocation2,crashRoadSideRoad,crashSeverity,crashSHDescription,crashYear,debris,directionRoleDescription,ditch,fatalCount,fence,flatHill,guardRail,holiday,houseOrBuilding,intersection,kerb,light,meshblockId,minorInjuryCount,moped,motorcycle,NumberOfLanes,objectThrownOrDropped,otherObject,otherVehicleType,overBank,parkedVehicle,pedestrian,phoneBoxEtc,postOrPole,region,roadCharacter,roadLane,roadSurface,roadworks,schoolBus,seriousInjuryCount,slipOrFlood,speedLimit,strayAnimal,streetLight,suv,taxi,temporarySpeedLimit,tlaId,tlaName,trafficControl,trafficIsland,trafficSign,train,tree,truck,unknownVehicleType,urban,vanOrUtility,vehicle,waterRiver,weatherA,weatherB
1748642.7515,5910811.0743,892385,,512000,0,0,0,1,0,Null,2024/2025,AVONLEIGH ROAD,TAKAHE ROAD,,Minor Crash,No,2025,0,South,0,0,0,Hill Road,0,Christmas New Year,0,,1,Dark,295800,1,0,0,2,0,0,0,0,0,,0,1,Auckland Region,Nil,2-way,Sealed,0,0,0,0,50,0,On,0,0,,76,Auckland,Give way,0,0,0,0,0,0,Urban,0,0,0,Fine,Null
1755113.1567,5937185.6919,892386,,506902,0,,0,1,,Null,2023/2024,STREDWICK DRIVE,TORBAY HEIGHTS,,Minor Crash,No,2023,,West,,0,,Flat,,,,,,Overcast,164900,1,0,0,2,,,0,,,,,,Auckland Region,Nil,2-way,Sealed,,0,0,,50,,None,1,0,,76,Auckland,Give way,,,,,0,0,Urban,0,,,Fine,Null
1761277.1211,5918034.3249,892387,45,516201,0,0,0,1,0,North,2025/2026,UPLAND ROAD,DELL AVENUE,,Minor Crash,No,2025,0,South,0,0,0,Hill Road,0,,0,,0,Dark,486600,1,0,0,2,0,0,0,0,0,,0,1,Auckland Region,Nil,2-way,Sealed,0,0,0,0,50,0,On,0,0,40,76,Auckland,Nil,0,0,0,0,0,0,Urban,0,0,0,Light rain,Null
1763374.84,5917660.5755,892388,,516302,0,0,0,1,0,East,2024/2025,ST JOHNS ROAD,DORCHESTER STREET,,Minor Crash,No,2025,0,East,0,0,0,Hill Road,0,,0,,0,Dark,462602,1,0,0,2,0,0,0,0,3,,0,0,Auckland Region,Nil,2-way,Sealed,0,0,0,0,50,0,On,0,0,,76,Auckland,Nil,0,0,0,0,0,0,Urban,3,0,0,Fine,Null
1770819.7817,5899112.8124,892389,,523911,0,,0,2,,West,2023/2024,MANUROA ROAD,REDING STREET,,Minor Crash,No,2024,,East,,0,,Flat,,,,,,Dark,766800,1,0,0,2,,,0,,,,,,Auckland Region,Nil,2-way,Sealed,,0,0,,50,,On,0,0,,76,Auckland,Nil,,,,,0,0,Urban,0,,,Light rain,Null
1772623.0824,5894213.704,892391,,525530,0,0,0,2,0,North,2024/2025,GREAT SOUTH ROAD,COULTHARD TERRACE,,Non-Injury Crash,No,2025,0,North,0,0,0,Flat,0,,0,,0,Dark,804500,0,0,0,2,0,0,0,0,1,,0,0,Auckland Region,Nil,2-way,Sealed,0,0,0,0,50,0,On,0,0,,76,Auckland,Nil,0,0,0,0,0,0,Urban,0,0,0,Fine,Null
1768321.2778,5891727.2054,892393,,521202,0,0,0,1,0,North,2024/2025,WALTERS ROAD,BLACKBRIDGE ROAD,,Minor Crash,No,2025,0,North,0,0,1,Flat,0,,0,,0,Bright sun,807000,1,0,0,2,0,0,0,0,0,,0,0,Auckland Region,Nil,2-way,Sealed,0,0,0,0,80,0,None,0,0,,76,Auckland,Nil,0,0,0,0,0,0,Open,0,0,0,Fine,Null
1769046.9187,5911526.1911,892394,,523113,0,,0,2,,Null,2022/2023,TI RAKAU DRIVE,HARRIS ROAD,,Non-Injury Crash,No,2023,,West,,0,,Flat,,,,,,Dark,711703,0,0,0,4,,,0,,,,,,Auckland Region,Nil,2-way,Sealed,,0,0,,50,,On,0,0,,76,Auckland,Traffic Signals,,,,,0,0,Urban,0,,,Light rain,Null
1761319.2312,5906215.8354,892397,,524112,0,0,1,1,0,Null,2024/2025,FRIESIAN DRIVE,MASSEY ROAD,,Non-Injury Crash,No,2024,0,South,0,0,0,Flat,0,,0,,0,Overcast,742000,0,0,0,2,0,0,0,0,0,,0,0,Auckland Region,Nil,2-way,Sealed,0,0,0,0,30,0,Off,0,0,,76,Auckland,Give way,0,0,0,0,0,0,Urban,0,1,0,Light rain,Strong wind
1742184.6119,5930312.4024,892406,,505603,0,,0,2,,Null,2023/2024,GREAT NORTH ROAD,PRINCES STREET,,Non-Injury Crash,No,2024,,North,,0,,Hill Road,,,,,,Overcast,213604,0,0,0,2,,,0,,,,,,Auckland Region,Nil,2-way,Sealed,,0,0,,50,,Off,0,0,,76,Auckland,Give way,,,,,0,0,Urban,0,,,Fine,Null
1738099.2047,5928243.7615,892407,,505602,0,0,0,0,0,East,2024/2025,ACCESS ROAD,FARRAND ROAD,,Minor Crash,No,2025,0,East,0,0,0,Hill Road,0,,0,,0,Overcast,214900,1,0,0,2,0,0,0,0,0,,0,0,Auckland Region,Nil,2-way,Sealed,0,0,0,0,80,0,Off,0,0,,76,Auckland,Nil,0,0,0,1,0,0,Open,1,0,0,Light rain,Null
1782169.1385,5901729.5171,892409,,525201,0,0,0,1,0,North,2023/2024,MONUMENT ROAD,TOURIST ROAD,,Non-Injury Crash,No,2024,0,North,0,0,0,Flat,0,,0,,0,Dark,763500,0,0,0,2,0,0,0,0,0,,0,1,Auckland Region,Nil,2-way,Sealed,0,0,0,0,60,0,None,0,0,,76,Auckland,Nil,0,0,0,0,0,0,Urban,0,0,0,Mist or Fog,Null
1759112.8158,5910218.138,892410,,524002,0,0,0,1,0,North,2023/2024,CORONATION ROAD,CHURCH ROAD,,Non-Injury Crash,No,2023,0,North,0,0,0,Flat,0,,0,,0,Dark,722000,0,0,0,2,0,0,0,0,1,,0,0,Auckland Region,Speed hump,2-way,Sealed,0,0,0,0,50,0,On,0,0,,76,Auckland,Nil,0,0,0,0,1,0,Urban,0,0,0,Fine,Null
1765924.109,5920322.9844,892413,,516700,0,0,0,1,0,South,2024/2025,CLIFF ROAD,CLIFF AVENUE,,Minor Crash,No,2025,0,South,0,0,0,Flat,0,,0,,0,Twilight,511300,1,0,0,2,0,0,0,0,1,,0,0,Auckland Region,Nil,2-way,Sealed,0,0,0,0,50,0,On,0,0,,76,Auckland,Nil,0,0,0,0,0,0,Urban,1,0,0,Fine,Null
1768993.5305,5902394.6507,892419,,524901,0,,0,1,,North,2024/2025,DAVID AVENUE,COLLIE STREET,,Non-Injury Crash,No,2025,,South,,0,,Flat,,,,,,Unknown,755100,0,0,0,2,,,0,,,,,,Auckland Region,Nil,2-way,Sealed,,0,0,,50,,Null,0,0,,76,Auckland,Nil,,,,,0,0,Urban,1,,,Fine,Null
1757041.7302,5925444.6456,892420,,509702,0,0,0,0,0,North,2023/2024,NORTHERN MOTORWAY,ESMONDE ROAD OFF RAMP,,Non-Injury Crash,Yes,2024,0,North,0,0,0,Flat,1,,0,,0,Dark,364601,0,0,0,3,0,0,0,0,0,,0,0,Auckland Region,Nil,1-way,Sealed,0,0,0,0,100,0,On,1,0,,76,Auckland,Nil,0,0,0,0,0,0,Open,0,0,0,Fine,Null
1769247.0639,5881603.2632,892426,,525910,0,,0,2,,North,2024/2025,FRANKLIN ROAD,STADIUM DRIVE,,Minor Crash,No,2024,,North,,0,,Hill Road,,,,,,Dark,816600,1,0,0,2,,,0,,,,,,Auckland Region,Nil,2-way,Sealed,,0,0,,50,,On,0,0,,76,Auckland,Nil,,,,,0,0,Urban,0,,,Light rain,Null
1778812.0903,5913032.7786,892428,,523300,0,0,0,0,0,South,2023/2024,WHITFORD MARAETAI ROAD,OKARORO DRIVE,,Non-Injury Crash,No,2024,0,South,1,0,0,Flat,0,,0,,0,Overcast,718900,0,0,0,2,0,0,0,0,0,,0,0,Auckland Region,Nil,2-way,Sealed,0,0,0,0,80,0,None,0,0,,76,Auckland,Nil,0,0,0,0,0,0,Open,1,0,0,Heavy rain,Null
1767351.7935,5906169.9427,892433,,522302,0,,0,3,,South,2024/2025,SOUTHERN MOTORWAY,TUI ROAD,,Non-Injury Crash,Yes,2024,,North,,0,,Flat,,,,,,Overcast,670901,0,0,0,3,,,0,,,,,,Auckland Region,Nil,1-way,Sealed,,0,0,,100,,Off,0,0,,76,Auckland,Nil,,,,,0,0,Open,0,,,Fine,Null
1769981.0538,5899301.3599,892435,,523911,0,,0,1,,Null,2023/2024,GREAT SOUTH ROAD,TAKANINI OFF RAMP,,Non-Injury Crash,No,2024,,South,,0,,Flat,,,,,,Dark,768100,0,0,0,4,,,0,,,,,,Auckland Region,Nil,1-way,Sealed,,0,0,,50,,On,0,0,,76,Auckland,Traffic Signals,,,,,0,1,Urban,0,,,Fine,None
1771130.2584,5906165.9535,892436,,523713,0,,0,2,,Null,2022/2023,MURPHYS ROAD,FLAT BUSH SCHOOL ROAD,,Non-Injury Crash,No,2023,,South,,0,,Flat,,,,,,Bright sun,713400,0,0,0,2,,,0,,,,,,Auckland Region,Nil,2-way,Sealed,,0,0,,60,,None,0,0,,76,Auckland,Traffic Signals,,,,,0,0,Urban,0,,,Fine,Null
1770499.7925,5904613.4307,892437,35,523818,0,,0,2,,North,2024/2025,MURPHYS ROAD,REDOUBT ROAD,,Non-Injury Crash,No,2025,,South,,0,,Hill Road,,,,,,Dark,760400,0,0,0,2,,,0,,,,,,Auckland Region,Nil,2-way,Sealed,,0,0,,60,,None,0,0,,76,Auckland,Nil,,,,,0,0,Urban,0,,,Fine,Null
1767981.1609,5904734.1524,892439,,523722,0,0,0,2,0,South,2024/2025,SIKKIM CRESCENT,ARDEN COURT,,Non-Injury Crash,No,2025,0,North,0,0,0,Hill Road,0,,0,,0,Dark,715804,0,0,0,2,0,0,0,0,1,,0,0,Auckland Region,Nil,2-way,Sealed,0,0,0,0,50,0,Off,0,0,,76,Auckland,Nil,0,0,0,0,0,0,Urban,0,0,0,Fine,Null
1770461.6791,5904575.123,892440,,523820,0,,0,2,,Null,2024/2025,REDOUBT ROAD,MURPHYS ROAD,,Minor Crash,No,2024,,South,,0,,Flat,,Christmas New Year,,,,Dark,760000,1,0,0,2,,,0,,,,,,Auckland Region,Nil,2-way,Sealed,,0,0,,60,,On,0,0,50,76,Auckland,Stop,,,,,0,0,Urban,0,,,Fine,Null
1760299.3624,5908185.0239,892443,,524403,0,0,0,0,0,South,2024/2025,AWHINA STREET,HALL AVENUE,,Non-Injury Crash,No,2024,0,South,0,0,0,Flat,0,,0,,0,Overcast,731104,0,0,0,2,0,0,0,0,1,,0,0,Auckland Region,Nil,2-way,Sealed,0,0,0,0,30,0,On,1,0,,76,Auckland,Nil,0,0,0,0,0,0,Urban,0,0,0,Heavy rain,Strong wind
1769453.6481,5905468.6594,892444,,523712,0,,0,1,,East,2024/2025,THOMAS ROAD,GLENLEA PLACE,,Serious Crash,No,2025,,West,,0,,Hill Road,,,,,,Bright sun,713208,0,0,0,2,,,0,,,1,,,Auckland Region,Nil,2-way,Sealed,,0,1,,50,,Off,0,0,,76,Auckland,Nil,,,,,0,0,Urban,0,,,Fine,Null
1769900.0725,5900294.0831,892446,,523817,0,,0,0,,North,2023/2024,SOUTHERN MOTORWAY,PAPAKURA STM BR,,Minor Crash,Yes,2024,,South,,0,,Flat,,,,,,Bright sun,759737,1,0,0,3,,,0,,,,,,Auckland Region,Nil,1-way,Sealed,,0,0,,100,,Off,1,0,,76,Auckland,Nil,,,,,0,0,Open,1,,,Fine,Null
1765117.6534,5902695.8453,892448,,524604,0,0,0,0,0,South,2023/2024,ROSCOMMON ROAD,OIL TERMINAL ROAD,,Non-Injury Crash,No,2024,0,North,0,0,0,Flat,0,,0,,0,Overcast,781200,0,0,0,2,0,0,0,0,0,,0,1,Auckland Region,Nil,1-way,Sealed,0,0,0,0,60,0,Off,1,0,,76,Auckland,Nil,0,0,0,0,0,0,Urban,0,0,0,Heavy rain,Strong wind
1753828.4319,5918266.255,892449,,515432,0,,0,2,,Null,2024/2025,ST LUKES ROAD,ST LUKES ROAD OFF RAMP,,Non-Injury Crash,No,2024,,South,,0,,Flat,,,,,,Dark,405500,0,0,0,4,,,0,,,,,,Auckland Region,Motorway ramp,1-way,Sealed,,0,0,,50,,On,0,0,,76,Auckland,Traffic Signals,,,,,0,0,Urban,0,,,Fine,Null
1763989.087,5916464.6252,892450,,517202,0,,0,1,,Null,2023/2024,SEARLE STREET,BARBARICH DRIVE,,Minor Crash,No,2024,,East,,0,,Flat,,,,,,Bright sun,465304,2,0,0,0,,,0,,,,,,Auckland Region,Nil,2-way,Sealed,,0,0,,50,,Null,1,0,,76,Auckland,Give way,,,,,0,0,Urban,0,,,Fine,Null
1751140.7102,5913929.7512,892453,,514402,0,0,0,2,0,Null,2024/2025,WOLVERTON STREET,ST GEORGES ROAD,,Non-Injury Crash,No,2024,0,West,0,0,0,Flat,0,,0,,0,Bright sun,379700,0,0,0,4,0,0,0,0,0,,0,0,Auckland Region,Nil,2-way,Sealed,0,0,0,0,50,0,Off,0,0,,76,Auckland,Traffic Signals,0,1,0,0,0,0,Urban,0,0,0,Fine,Null
1762183.6273,5913644.2258,892454,,520500,0,1,0,0,0,South,2023/2024,SOUTHERN MOTORWAY,PENROSE OBR,,Non-Injury Crash,Yes,2023,0,North,0,0,0,Flat,0,,0,,0,Overcast,637100,0,0,0,3,0,0,0,0,0,,0,0,Auckland Region,Bridge,1-way,Sealed,0,0,0,0,100,0,Off,0,0,,76,Auckland,Nil,0,0,0,0,1,0,Open,0,0,0,Light rain,Null
1769444.9708,5905229.5937,892455,,523712,0,,0,2,,East,2025/2026,ASPIRING AVENUE,HILLTOP ROAD,,Non-Injury Crash,No,2025,,North,,0,,Null,,,,,,Overcast,716202,0,0,0,2,,,0,,,,,,Auckland Region,Nil,2-way,Sealed,,0,0,,50,,Off,0,0,,76,Auckland,Nil,,,,,0,0,Urban,0,,,Fine,Null
1741353.9193,5989166.1879,892457,,506660,0,,0,2,,South,2024/2025,WAITEITEI ROAD,SILVER HILL ROAD,,Non-Injury Crash,No,2025,,South,,0,,Hill Road,,Christmas New Year,,,,Overcast,136101,0,0,0,2,,,0,,,,,,Auckland Region,Nil,2-way,Sealed,,0,0,,100,,None,0,0,,76,Auckland,Nil,,,,,0,0,Open,0,,,Light rain,Null
1764912.3295,5903919.2684,892459,,524604,0,,0,2,,Null,2025/2026,CAVENDISH DRIVE,NOEL BURNSIDE ROAD,,Non-Injury Crash,No,2025,,South,,0,,Flat,,,,,,Bright sun,781301,0,0,0,4,,,0,,,,,,Auckland Region,Nil,2-way,Sealed,,0,0,,50,,Off,0,0,,76,Auckland,Traffic Signals,,,,,0,0,Urban,0,,,Fine,Null
1766177.9852,5907580.922,892464,,522301,0,,0,0,,Null,2023/2024,SOUTHERN MOTORWAY,EAST TAMAKI ROAD OFF RAMP,,Non-Injury Crash,Yes,2023,,North,,0,,Flat,,,,,,Dark,666700,0,0,0,3,,,0,,,,,,Auckland Region,Nil,1-way,Sealed,,0,0,,100,,On,1,0,,76,Auckland,Nil,,,,,0,0,Open,1,,,Fine,None
1766905.3033,5907816.5658,892470,,523501,0,,0,2,,Null,2023/2024,BAIRDS ROAD,KEW LANE,,Non-Injury Crash,No,2023,,North,,0,,Flat,,,,,,Bright sun,700602,0,0,0,2,,,0,,,,,,Auckland Region,Nil,2-way,Sealed,,0,0,,50,,Off,0,0,,76,Auckland,Give way,,,,,0,0,Urban,0,,,Fine,Null
1761353.0243,5914254.9767,892471,,520202,0,,0,2,,Null,2025/2026,ELLERSLIE-PANMURE HIGHWAY,ELLERSLIE-PANMURE HWY ON RAMP,,Non-Injury Crash,No,2025,,East,,0,,Flat,,,,,,Overcast,612100,0,0,0,2,,,0,,,,,,Auckland Region,Overpass,1-way,Sealed,,0,0,,50,,Off,0,0,,76,Auckland,Give way,,,,,0,0,Urban,0,,,Fine,Null
1765758.9229,5906701.0048,892475,,522202,0,,0,2,,South,2025/2026,GREAT SOUTH ROAD,SUTTON CRESCENT,,Non-Injury Crash,No,2025,,South,,0,,Flat,,,,,,Dark,663600,0,0,0,4,,,0,,,,,,Auckland Region,Nil,2-way,Sealed,,0,0,,50,,On,0,0,,76,Auckland,Nil,,,,,0,0,Urban,0,,,Fine,Null
1759183.6994,5911158.253,892477,,519820,0,,0,2,,North,2024/2025,SOUTH-WESTERN MOTORWAY,MANGERE BR,,Non-Injury Crash,Yes,2024,,North,,0,,Flat,,,,,,Overcast,602503,0,0,0,4,,,0,,,,,,Auckland Region,Bridge,1-way,Sealed,,0,0,,100,,Off,1,0,,76,Auckland,Nil,,,,,0,0,Open,0,,,Heavy rain,Null
1767044.2284,5905500.0754,892480,,522400,0,,0,2,,West,2022/2023,PUHINUI ROAD,GREAT SOUTH ROAD,,Non-Injury Crash,No,2023,,West,,0,,Null,,,,,,Unknown,671200,0,0,0,3,,,0,,,,,,Auckland Region,Nil,2-way,Sealed,,0,0,,50,,Null,0,0,,76,Auckland,Nil,,,,,0,0,Urban,0,,,Null,Null
1763527.8723,5908684.3656,892482,,521901,0,,0,2,,North,2023/2024,MANGERE ROAD,MIDDLEMORE ROAD,,Non-Injury Crash,No,2023,,South,,0,,Hill Road,,,,,,Overcast,783700,0,0,0,4,,,0,,,,,,Auckland Region,Nil,2-way,Sealed,,0,0,,50,,Off,0,0,,76,Auckland,Nil,,,,,0,0,Urban,0,,,Light rain,Null
1758772.6698,5917317.3189,892486,,516001,0,,0,1,,North,2022/2023,SOUTHERN MOTORWAY,DILWORTH FTBR,,Non-Injury Crash,Yes,2023,,North,,0,,Flat,,,,,,Bright sun,491000,0,0,0,3,,,0,,,,,,Auckland Region,Nil,1-way,Sealed,,0,0,,80,,None,0,0,,76,Auckland,Nil,,,,,1,0,Open,0,,,Fine,Null
1768198.2242,5911126.1849,892489,35,523112,0,0,0,1,0,East,2024/2025,CRYERS ROAD,STONEDON DRIVE,,Non-Injury Crash,No,2024,0,East,0,0,1,Flat,0,,0,,0,Dark,711404,0,0,0,2,0,0,0,0,0,,0,0,Auckland Region,Nil,2-way,Sealed,0,0,0,0,50,0,On,0,0,,76,Auckland,Nil,0,0,0,0,0,0,Urban,0,0,0,Mist or Fog,Null
1763089.2942,5914270.5514,892490,,520401,0,0,0,1,0,North,2023/2024,PANORAMA ROAD,LEONARD ROAD,,Minor Crash,No,2023,0,North,0,0,0,Flat,0,,0,,0,Bright sun,643401,1,0,0,2,0,0,0,0,1,,0,0,Auckland Region,Nil,2-way,Sealed,0,0,0,0,50,0,Null,1,0,40,76,Auckland,Nil,0,0,0,0,0,0,Urban,0,0,0,Fine,Null
1763319.4815,5912808.0929,892491,,520500,0,,0,3,,West,2024/2025,SOUTHERN MOTORWAY,SEART OBR,,Non-Injury Crash,Yes,2025,,East,,0,,Hill Road,,,,,,Dark,637400,0,0,0,1,,,0,,,,,,Auckland Region,Nil,1-way,Sealed,,0,0,,100,,On,0,0,,76,Auckland,Nil,,,,,0,0,Open,0,,,Fine,Null
1755793.4305,5914045.4141,892492,,518500,0,,0,1,,Null,2023/2024,SCOUT AVENUE,MOUNT ALBERT ROAD,,Non-Injury Crash,No,2023,,South,,0,,Hill Road,,,,,,Overcast,563300,0,0,0,2,,,0,,,,,,Auckland Region,Nil,2-way,Sealed,,0,0,,50,,Off,0,0,,76,Auckland,Traffic Signals,,,,,1,0,Urban,0,,,Light rain,Null
1757535.5083,5920894.529,892498,,514103,0,,0,1,,Null,2023/2024,CUSTOMS STREET EAST,QUEEN STREET,,Non-Injury Crash,No,2024,,West,,0,,Flat,,,,,,Dark,438000,0,0,0,4,,,0,,,,,,Auckland Region,Nil,2-way,Sealed,,0,0,,30,,On,0,1,,76,Auckland,Traffic Signals,,,,,0,0,Urban,1,,,Fine,Null
1753594.3729,5928808.3829,892499,,508411,0,,0,1,,Null,2024/2025,GLENFIELD ROAD,MANUKA ROAD,,Non-Injury Crash,No,2025,,South,,0,,Null,,Queens Birthday,,,,Bright sun,184300,0,0,0,1,,,0,,,,,,Auckland Region,Nil,1-way,Sealed,,0,0,,50,,Null,0,0,,76,Auckland,Give way,,,,,0,0,Urban,0,,,Light rain,Null
1767175.3502,5900118.0331,892504,,524720,0,0,0,0,0,Null,2023/2024,WEYMOUTH ROAD,MINTON PLACE,,Non-Injury Crash,No,2023,0,West,0,0,0,Flat,0,,0,,0,Dark,776102,0,0,0,2,0,0,0,0,0,,0,1,Auckland Region,Nil,2-way,Sealed,0,0,0,0,50,0,On,0,0,,76,Auckland,Give way,0,0,0,0,0,0,Urban,1,0,0,Fine,Null
1756536.6034,5917315.7983,892510,,518201,0,,0,1,,West,2023/2024,VALLEY ROAD,SHERBOURNE ROAD,,Minor Crash,No,2024,,West,,0,,Hill Road,,,,,,Dark,547300,1,0,0,2,,,0,,,1,,,Auckland Region,Nil,2-way,Sealed,,0,0,,50,,On,0,0,,76,Auckland,Isolated Pedestrian signal (non-intersection),,,,,0,0,Urban,0,,,Fine,Null
1746376.0742,5911592.9051,892512,,512600,0,0,0,1,0,Null,2023/2024,LONGFELLOW PARADE,LONGFELLOW PARADE,,Minor Crash,No,2024,0,South,0,0,0,Hill Road,0,,0,,0,Bright sun,298903,2,0,0,2,0,0,0,0,1,,0,0,Auckland Region,Nil,2-way,Sealed,0,0,0,0,50,0,Off,1,0,,76,Auckland,Nil,0,0,0,0,0,0,Urban,0,0,0,Fine,Null
1755607.9603,5920744.5899,892521,,515202,0,,0,1,,Null,2024/2025,ST MARYS ROAD,DUBLIN STREET,,Non-Injury Crash,No,2024,,South,,0,,Hill Road,,,,,,Dark,425300,0,0,0,2,,,0,,,,,,Auckland Region,Nil,2-way,Sealed,,0,0,,50,,On,1,0,,76,Auckland,Give way,,,,,0,0,Urban,0,,,Fine,Null
1745270.9336,5925553.5447,892523,,513410,0,,0,2,,West,2025/2026,UPPER HARBOUR MOTORWAY,BRIGHAM CREEK ROAD OFF RAMP,,Non-Injury Crash,Yes,2025,,East,,0,,Flat,,,,,,Dark,223801,0,0,0,2,,,0,,,,,,Auckland Region,Nil,1-way,Sealed,,0,0,,100,,On,0,0,,76,Auckland,Nil,,,,,0,0,Open,0,,,Fine,Null
1755204.649,5918255.0878,892527,,517500,0,,0,1,,West,2024/2025,NORTH-WESTERN MOTORWAY,BOND OBR,,Non-Injury Crash,Yes,2025,,West,,0,,Flat,,,,,,Overcast,529900,0,0,0,4,,,0,,,,,,Auckland Region,Nil,1-way,Sealed,,0,0,,80,,Off,0,0,,76,Auckland,Nil,,,,,0,0,Open,1,,,Light rain,Null
1772815.3634,5897092.0787,892529,,525630,0,,0,2,,Null,2023/2024,OLD WAIROA ROAD,VIEW ROAD,,Non-Injury Crash,No,2024,,East,,0,,Flat,,,,,,Twilight,794100,0,0,0,2,,,0,,,,,,Auckland Region,Nil,2-way,Sealed,,0,0,,50,,Off,0,0,,76,Auckland,Stop,,,,,0,0,Urban,0,,,Fine,Null
1765574.9988,5906869.9057,892530,,522201,0,0,0,0,0,Null,2023/2024,KOLMAR ROAD,ERIC BAKER PLACE,,Non-Injury Crash,No,2024,0,West,0,0,0,Flat,0,,1,,0,Dark,662400,0,0,0,3,0,0,0,0,0,,0,0,Auckland Region,Nil,2-way,Sealed,0,0,0,0,50,0,On,0,0,,76,Auckland,Give way,0,0,0,0,0,0,Urban,1,0,0,Fine,Null
1754229.3241,5916907.9079,892534,,517600,0,,0,2,,Null,2023/2024,ST LUKES ROAD,LYON AVENUE,,Non-Injury Crash,No,2023,,North,,0,,Flat,,,,,,Bright sun,535300,0,0,0,4,,,0,,,,,,Auckland Region,Nil,2-way,Sealed,,0,0,,50,,Off,0,0,,76,Auckland,Stop,,,,,0,0,Urban,0,,,Fine,Null
1755605.571,5914406.996,892540,,518500,0,,0,1,,Null,2024/2025,OFF ROAD- CAR PARK,,,Minor Crash,No,2024,,West,,0,,Flat,,,,,,Bright sun,561100,1,0,0,,,,0,,,1,,,Auckland Region,Nil,Off road,Sealed,,0,0,,,,Off,0,0,,76,Auckland,Nil,,,,,0,0,Urban,0,,,Fine,Null
1768328.9131,5901966.2422,892552,,525001,1,,0,1,,Null,2023/2024,GREAT SOUTH ROAD,GRANDE VUE ROAD,,Minor Crash,No,2024,,South,,0,,Flat,,,,,,Bright sun,750800,1,0,0,2,,,0,,,,,,Auckland Region,Nil,2-way,Sealed,,0,0,,50,,Off,0,0,,76,Auckland,Stop,,,,,0,0,Urban,0,,,Fine,Null
1757348.3193,5919732.2277,892553,,514103,0,0,0,0,0,Null,2024/2025,AIREDALE STREET,LYNDOCK STREET,,Non-Injury Crash,No,2024,0,West,0,0,1,Hill Road,0,,0,,0,Twilight,437000,0,0,0,2,0,0,0,0,0,,0,0,Auckland Region,Nil,2-way,Sealed,0,0,0,0,30,0,On,0,0,,76,Auckland,Nil,0,0,0,0,1,0,Urban,0,0,0,Fine,Null
1772922.6968,5891386.75,892554,,521301,0,,0,2,,South,2023/2024,SOUTHERN MOTORWAY,KARAKA OBR,,Minor Crash,Yes,2024,,North,,0,,Flat,,,,,,Bright sun,809200,1,0,0,2,,,0,,,,,,Auckland Region,Bridge,1-way,Sealed,,0,0,,100,,Off,0,0,,76,Auckland,Nil,,,,,0,0,Open,0,,,Fine,Null
1770720.986,5898562.6957,892555,45,523920,0,,0,2,,South,2024/2025,GREAT SOUTH ROAD,WALTER STREVENS DRIVE,,Non-Injury Crash,No,2025,,North,,0,,Flat,,,,,,Bright sun,768001,0,0,0,4,,,0,,,,,,Auckland Region,Nil,2-way,Sealed,,0,0,,50,,On,0,0,,76,Auckland,Nil,,,,,0,0,Urban,0,,,Fine,None
1761682.0768,5906575.4425,892556,,524112,0,,0,1,,North,2023/2024,SOUTH-WESTERN MOTORWAY,MASSEY OBR,,Non-Injury Crash,Yes,2023,,North,,0,,Flat,,,,,,Overcast,742300,0,0,0,2,,,0,,,,,,Auckland Region,Nil,1-way,Sealed,,0,0,,100,,Off,0,0,,76,Auckland,Nil,,,,,1,0,Open,0,,,Fine,Null
1765440.9999,5907141.9961,892557,,522201,0,,0,0,,Null,2022/2023,GREAT SOUTH ROAD,SHIRLEY ROAD,,Non-Injury Crash,No,2023,,South,,0,,Flat,,,,,,Overcast,661100,0,0,0,4,,,0,,,,,,Auckland Region,Nil,2-way,Sealed,,0,0,,50,,On,0,0,,76,Auckland,Traffic Signals,,,,,0,0,Urban,1,,,Light rain,None
1744126.4155,5908408.0965,892559,,513800,0,0,0,0,1,West,2025/2026,HUIA ROAD,VICTORY ROAD,,Serious Crash,No,2025,0,West,0,0,0,Hill Road,0,,0,,0,Overcast,303001,0,0,1,2,0,0,0,0,0,,0,0,Auckland Region,Nil,2-way,Sealed,0,0,1,0,60,0,Null,0,0,,76,Auckland,Nil,0,0,0,0,0,0,Urban,0,0,0,Light rain,Null
1750069.3855,5911499.897,892560,,512100,0,0,0,2,0,North,2023/2024,BISHOP STREET,CLIFF VIEW DRIVE,,Non-Injury Crash,No,2023,0,North,0,0,0,Flat,0,,0,,0,Dark,288900,0,0,0,2,0,0,0,0,1,,0,0,Auckland Region,Nil,2-way,Sealed,0,0,0,0,50,0,On,0,0,,76,Auckland,Nil,0,0,0,0,0,0,Urban,0,0,0,Fine,Null