X,Y,OBJECTID,advisorySpeed,areaUnitID,bicycle,bridge,bus,carStationWagon,cliffBank,crashDirectionDescription,crashFinancialYear,crashLocation1,crashLocation2,crashRoadSideRoad,crashSeverity,crashSHDescription,crashYear,debris,directionRoleDescription,ditch,fatalCount,fence,flatHill,guardRail,holiday,houseOrBuilding,intersection,kerb,light,meshblockId,minorInjuryCount,moped,motorcycle,NumberOfLanes,objectThrownOrDropped,otherObject,otherVehicleType,overBank,parkedVehicle,pedestrian,phoneBoxEtc,postOrPole,region,roadCharacter,roadLane,roadSurface,roadworks,schoolBus,seriousInjuryCount,slipOrFlood,speedLimit,strayAnimal,streetLight,suv,taxi,temporarySpeedLimit,tlaId,tlaName,trafficControl,trafficIsland,trafficSign,train,tree,truck,unknownVehicleType,urban,vanOrUtility,vehicle,waterRiver,weatherA,weatherB
1741796.3978,5915125.9161,892562,45,513020,0,0,0,1,0,Null,2023/2024,HENDERSON VALLEY ROAD,GUM ROAD,,Non-Injury Crash,No,2023,1,West,0,0,0,Flat,0,,0,,0,Bright sun,280000,0,0,0,2,0,0,0,0,0,,0,0,Auckland Region,Nil,2-way,Sealed,0,0,0,0,60,0,Off,0,0,,76,Auckland,Give way,0,0,0,0,0,0,Urban,0,0,0,Fine,Null
1785352.1754,5925925.1421,892566,,520801,0,0,0,1,0,South,2023/2024,ONETANGI ROAD,TRIG HILL ROAD,,Non-Injury Crash,No,2024,0,South,0,0,0,Hill Road,0,,0,,0,Dark,515403,0,0,0,2,0,0,0,0,0,,0,1,Auckland Region,Nil,2-way,Sealed,0,0,0,0,50,0,None,0,0,,76,Auckland,Nil,0,0,0,0,0,0,Urban,0,0,0,Light rain,Null
1767896.3717,5902310.5488,892571,,525001,0,0,0,2,0,West,2025/2026,BROWNS ROAD,MAICH ROAD,,Non-Injury Crash,No,2026,0,West,0,0,0,Flat,0,,0,,0,Dark,750300,0,0,0,2,0,0,0,0,1,,0,0,Auckland Region,Nil,2-way,Sealed,0,0,0,0,50,0,On,0,0,,76,Auckland,Nil,0,0,0,0,0,0,Urban,0,0,0,Fine,Null
1769599.928,5903706.4981,892572,,523820,0,0,0,3,0,North,2024/2025,EUGENIA RISE,SILKWOOD GROVE,,Minor Crash,No,2025,0,North,0,0,1,Flat,0,,0,,0,Dark,760137,1,0,0,2,0,0,0,0,1,,1,0,Auckland Region,Nil,2-way,Sealed,0,0,0,0,50,0,On,0,0,,76,Auckland,Nil,0,0,0,0,0,0,Urban,0,0,0,Fine,Null
1746275.0675,5915758.4729,892576,,511800,0,0,0,1,0,North,2023/2024,GAEDE TERRACE,VIEW ROAD,,Non-Injury Crash,No,2024,0,West,0,0,1,Flat,0,,0,,0,Twilight,276900,0,0,0,2,0,0,0,0,1,,0,0,Auckland Region,Nil,2-way,Sealed,0,0,0,0,50,0,None,0,0,,76,Auckland,Nil,0,0,0,0,0,0,Urban,1,0,0,Fine,Null
1762413.3311,5913823.4665,892577,,520402,0,,0,1,,Null,2023/2024,PENROSE ROAD,LEONARD ROAD,,Non-Injury Crash,No,2024,,West,,0,,Flat,,,,,,Bright sun,642100,0,0,0,2,,,0,,,,,,Auckland Region,Nil,2-way,Sealed,,0,0,,50,,Off,0,0,,76,Auckland,Give way,,,,,0,0,Urban,1,,,Fine,Null
1756278.5979,5920627.2373,892581,,514102,0,,0,2,,North,2023/2024,NORTHERN MOTORWAY,VICTORIA STREET WEST,,Non-Injury Crash,Yes,2024,,North,,0,,Hill Road,,,,,,Twilight,432500,0,0,0,3,,,0,,,,,,Auckland Region,Nil,1-way,Sealed,,0,0,,,,On,0,0,,76,Auckland,Nil,,,,,0,0,Urban,0,,,Null,Null
1760437.7808,5912671.0642,892583,,520000,0,0,0,1,0,Null,2025/2026,MAYS ROAD,FELIX STREET,,Minor Crash,No,2025,0,South,0,0,0,Flat,0,,0,,0,Dark,606300,2,0,0,2,0,0,0,0,0,,0,1,Auckland Region,Nil,2-way,Sealed,0,0,0,0,50,0,On,0,0,,76,Auckland,Stop,0,0,0,0,0,0,Urban,0,0,0,Light rain,Null
1765607.2837,5913598.8389,892585,,522820,0,,0,1,,South,2024/2025,PAKURANGA ROAD,PANMURE BR S,,Non-Injury Crash,No,2024,,South,,0,,Null,,,,,,Unknown,695200,0,0,0,3,,,0,,,,,,Auckland Region,Nil,2-way,Null,,0,0,,50,,Null,1,0,,76,Auckland,Nil,,,,,0,0,Urban,0,,,Null,Null
1742477.7179,5925133.7066,892586,,513410,0,,0,1,,Null,2023/2024,NORTHSIDE DRIVE,FRED TAYLOR DRIVE,,Non-Injury Crash,No,2023,,North,,0,,Flat,,,,,,Overcast,224000,0,0,0,4,,,0,,,,,,Auckland Region,Nil,2-way,Sealed,,0,0,,80,,Off,0,0,,76,Auckland,Traffic Signals,,,,,0,1,Open,1,,,Fine,Null
1769454.3082,5907238.3229,892589,,523712,0,0,0,2,0,East,2023/2024,TRIUMPH ROAD,MICHAEL JONES DRIVE,,Non-Injury Crash,No,2023,0,West,0,0,0,Flat,0,,0,,0,Bright sun,712803,0,0,0,2,0,0,0,0,1,,0,0,Auckland Region,Nil,2-way,Sealed,0,0,0,0,50,0,None,0,0,,76,Auckland,Nil,0,0,0,0,0,0,Urban,0,0,0,Fine,None
1757895.5165,5920917.0966,892596,,514101,0,,1,1,,North,2022/2023,BRITOMART PLACE,QUAY STREET,,Non-Injury Crash,No,2023,,Null,,0,,Flat,,,,,,Bright sun,438103,0,0,0,2,,,0,,,,,,Auckland Region,Nil,2-way,Sealed,,0,0,,30,,Off,0,0,,76,Auckland,Nil,,,,,0,0,Urban,0,,,Fine,None
1756353.2094,5921068.254,892598,,514101,0,0,0,2,0,Null,2023/2024,WESTHAVEN DRIVE,BEAUMONT STREET,,Non-Injury Crash,No,2024,0,East,0,0,0,Flat,0,,0,,0,Bright sun,432400,0,0,0,2,0,0,0,0,1,,0,0,Auckland Region,Nil,2-way,Sealed,0,0,0,0,30,0,Off,0,0,,76,Auckland,Stop,0,0,0,0,0,0,Urban,0,0,0,Fine,Frost
1744291.663,5887449.1999,892602,,521151,0,,0,1,,East,2023/2024,GIVEN ROAD,MARTIN ROAD,,Non-Injury Crash,No,2024,,East,,0,,Hill Road,,,,,,Twilight,830200,0,0,0,2,,,0,,,,,,Auckland Region,Nil,2-way,Sealed,,0,0,,60,,None,0,0,,76,Auckland,Nil,,,,,0,0,Urban,1,,,Light rain,Null
1755793.109,5919937.9344,892610,,514000,0,,0,0,,South,2023/2024,HEKE STREET,COLLINGWOOD STREET,,Serious Crash,No,2024,,North,,0,,Hill Road,,,,,,Dark,415000,4,0,0,2,,,0,,,3,,,Auckland Region,Nil,2-way,Sealed,,0,2,,30,,On,1,0,,76,Auckland,Nil,,,,,0,0,Urban,0,,,Fine,Null
1752965.335,5925059.5366,892622,,510401,0,0,0,1,0,West,2023/2024,ROSEBERRY AVENUE,CATRINA AVENUE,,Minor Crash,No,2024,0,North,0,0,0,Hill Road,0,,0,,0,Dark,355200,1,0,0,2,0,0,0,0,0,,0,1,Auckland Region,Nil,2-way,Sealed,0,0,0,0,50,0,On,0,0,,76,Auckland,Nil,0,0,0,0,0,0,Urban,0,0,0,Fine,Null
1754610.1365,5911454.3122,892625,45,519001,0,,0,2,,East,2022/2023,HILLSBOROUGH ROAD,DOMINION ROAD EXTENSION,,Non-Injury Crash,No,2023,,East,,0,,Hill Road,,,,,,Overcast,591800,0,0,0,2,,,0,,,,,,Auckland Region,Nil,2-way,Sealed,,0,0,,50,,Off,0,0,,76,Auckland,Nil,,,,,0,0,Urban,0,,,Fine,None
1738314.1761,5929137.3366,892628,,505602,0,,0,1,,South,2023/2024,MAIN ROAD,JOHN MCDONALD LANE,,Non-Injury Crash,Yes,2023,,North,,0,,Flat,,,,,,Bright sun,214102,0,0,0,2,,,0,,,,,,Auckland Region,Nil,2-way,Sealed,,0,0,,50,,Off,1,0,,76,Auckland,Nil,,,,,0,0,Urban,0,,,Fine,Null
1752896.5102,5927082.3936,892631,,508210,0,0,0,1,0,Null,2025/2026,SEAVIEW ROAD,VALLEY VIEW ROAD,,Non-Injury Crash,No,2025,0,East,0,0,0,Flat,0,,0,,0,Dark,188002,0,0,0,2,0,0,0,0,1,,0,0,Auckland Region,Nil,2-way,Sealed,0,0,0,0,50,0,On,0,0,,76,Auckland,Give way,0,0,0,0,0,1,Urban,0,0,0,Fine,Null
1764159.1902,5910125.8425,892634,,521901,0,0,0,1,0,Null,2022/2023,PRINCES STREET,ATKINSON AVENUE,,Non-Injury Crash,No,2023,0,East,0,0,0,Flat,0,Easter,0,,0,Twilight,782400,0,0,0,4,0,0,0,0,0,,0,0,Auckland Region,Speed hump,2-way,Sealed,0,0,0,0,30,0,Off,0,0,,76,Auckland,Traffic Signals,0,1,0,0,0,0,Urban,0,0,0,Light rain,Null
1769191.8076,5905171.7689,892636,,523721,0,,0,2,,Null,2023/2024,MATTHEWS ROAD,ASPIRING AVENUE,,Non-Injury Crash,No,2023,,South,,0,,Hill Road,,Labour Weekend,,,,Twilight,715609,0,0,0,2,,,0,,,,,,Auckland Region,Nil,2-way,Sealed,,0,0,,50,,Off,0,0,,76,Auckland,Give way,,,,,0,0,Urban,0,,,Fine,Null
1742321.4934,5913225.1883,892642,,513020,0,0,0,1,0,South,2023/2024,FOREST HILL ROAD,KELLYS ROAD,,Serious Crash,No,2024,0,East,0,0,0,Hill Road,0,,0,,0,Dark,281000,0,0,0,2,0,0,0,0,0,,0,0,Auckland Region,Nil,2-way,Sealed,0,0,1,0,60,0,None,0,0,,76,Auckland,Nil,0,0,0,1,0,0,Urban,0,0,0,Fine,Null
1743606.6528,5922211.8295,892647,,513512,0,,0,3,,North,2024/2025,BELLRINGER ROAD,CARILLON PLACE,,Minor Crash,No,2024,,North,,0,,Hill Road,,,,,,Bright sun,225202,1,0,0,2,,,0,,,,,,Auckland Region,Nil,2-way,Sealed,,0,0,,50,,Off,0,0,,76,Auckland,Nil,,,,,0,0,Urban,0,,,Fine,Null
1767091.0868,5905552.0139,892648,,522302,0,,0,3,,North,2024/2025,GREAT SOUTH ROAD,REAGAN ROAD,,Non-Injury Crash,No,2024,,North,,0,,Flat,,,,,,Dark,670700,0,0,0,5,,,0,,,,,,Auckland Region,Nil,2-way,Sealed,,0,0,,50,,On,0,0,,76,Auckland,Nil,,,,,0,0,Urban,0,,,Light rain,Null
1759328.0345,5916319.2928,892650,,516002,0,,0,2,,Null,2025/2026,GREAT SOUTH ROAD,OMAHU ROAD,,Non-Injury Crash,No,2025,,South,,0,,Flat,,,,,,Bright sun,493900,0,0,0,2,,,0,,,,,,Auckland Region,Nil,2-way,Sealed,,0,0,,50,,Off,0,0,,76,Auckland,Stop,,,,,0,0,Urban,0,,,Fine,Null
1753159.2987,5928762.5821,892653,,508412,0,,0,2,,Null,2023/2024,MANUKA ROAD,EASTON PARK PARADE,,Minor Crash,No,2024,,West,,0,,Flat,,,,,,Overcast,184701,1,0,0,2,,,0,,,,,,Auckland Region,Nil,2-way,Sealed,,0,0,,50,,Off,0,0,,76,Auckland,Traffic Signals,,,,,0,0,Urban,0,,,Fine,Null
1751972.6496,5938623.5688,892654,,506300,0,0,0,1,0,South,2024/2025,NORTHERN MOTORWAY,NORTHERN MOTORWAY,,Non-Injury Crash,Yes,2025,0,North,0,0,0,Flat,1,,0,,0,Overcast,176101,0,0,0,2,0,0,0,0,0,,0,0,Auckland Region,Nil,1-way,Sealed,0,0,0,0,100,0,None,0,0,,76,Auckland,Nil,0,0,0,0,0,0,Open,0,0,0,Fine,Null
1767047.0059,5913386.5491,892657,,522910,0,,0,0,,East,2024/2025,PAKURANGA ROAD,WILLIAM ROBERTS ROAD,,Minor Crash,No,2024,,West,,0,,Hill Road,,,,,,Overcast,685000,1,0,1,6,,,0,,,,,,Auckland Region,Nil,2-way,Sealed,,0,0,,60,,Off,0,0,,76,Auckland,Nil,,,,,0,0,Urban,0,,,Light rain,Null
1756602.9554,5920774.4054,892659,,514101,0,,0,1,,Null,2024/2025,FANSHAWE STREET,HALSEY STREET,,Minor Crash,No,2024,,East,,0,,Flat,,,,,,Twilight,432400,1,0,0,4,,,0,,,,,,Auckland Region,Nil,1-way,Sealed,,0,0,,50,,Off,1,1,,76,Auckland,Traffic Signals,,,,,0,0,Urban,0,,,Fine,Null
1769315.4058,5881086.7545,892667,,525910,0,,0,2,,Null,2023/2024,KING STREET,MASSEY AVENUE,,Non-Injury Crash,No,2024,,South,,0,,Flat,,,,,,Overcast,819000,0,0,0,2,,,0,,,,,,Auckland Region,Nil,2-way,Sealed,,0,0,,50,,Null,0,0,,76,Auckland,Give way,,,,,0,0,Urban,0,,,Fine,Null
1769022.1815,5905120.7438,892668,,523722,0,,0,1,,Null,2024/2025,ASPIRING AVENUE,MATAURA PLACE,,Non-Injury Crash,No,2024,,East,,0,,Flat,,,,,,Bright sun,716010,0,0,0,2,,,0,,,,,,Auckland Region,Nil,2-way,Sealed,,0,0,,50,,None,1,0,,76,Auckland,Nil,,,,,0,0,Urban,0,,,Fine,None
1751881.1774,5938309.2961,892671,,506300,0,0,0,0,0,South,2024/2025,WRIGHT ROAD,AWANOHI ROAD,,Serious Crash,No,2024,0,North,1,0,0,Hill Road,0,,0,,0,Dark,176004,0,0,1,2,0,0,0,0,0,,0,0,Auckland Region,Nil,2-way,Sealed,0,0,1,0,60,0,None,0,0,,76,Auckland,Nil,0,0,0,0,0,0,Urban,0,0,0,Fine,Null
1764400.7937,5912912.825,892672,,520500,0,,0,1,,West,2023/2024,SOUTH-EASTERN HIGHWAY,CARBINE ROAD,,Non-Injury Crash,No,2023,,West,,0,,Flat,,,,,,Bright sun,639100,0,0,0,2,,,0,,,,,,Auckland Region,Nil,2-way,Sealed,,0,0,,100,,Off,0,0,,76,Auckland,Nil,,,,,0,1,Open,0,,,Fine,None
1773504.3348,5897355.7337,892676,,525630,0,,0,2,,Null,2024/2025,GROVE ROAD,OLD WAIROA ROAD,,Minor Crash,No,2025,,South,,0,,Flat,,,,,,Bright sun,795600,1,0,0,2,,,0,,,,,,Auckland Region,Nil,2-way,Sealed,,0,0,,50,,Off,0,0,,76,Auckland,Stop,,,,,0,0,Urban,0,,,Fine,Null
1764361.2261,5909326.2104,892682,,521901,0,,0,1,,Null,2025/2026,GREAT SOUTH ROAD,FAIRBURN ROAD,,Minor Crash,No,2025,,South,,0,,Flat,,,,,,Overcast,784900,1,0,0,4,,,0,,,1,,,Auckland Region,Nil,2-way,Sealed,,0,0,,50,,Off,0,0,,76,Auckland,Stop,,,,,0,0,Urban,0,,,Fine,Null
1771121.078,5906595.9781,892684,,523713,0,,0,1,,Null,2024/2025,KERRYKEEL DRIVE,SUNSHINE LANE,,Serious Crash,No,2025,,West,,0,,Flat,,,,,,Overcast,713100,0,0,0,2,,,0,,,1,,,Auckland Region,Nil,2-way,Sealed,,0,1,,50,,Off,0,0,40,76,Auckland,Give way,,,,,0,0,Urban,0,,,Fine,Null
1743941.4082,5918996.2147,892686,,513220,0,,0,2,,North,2024/2025,SWANSON ROAD,MIHINI ROAD,,Non-Injury Crash,No,2025,,South,,0,,Flat,,,,,,Twilight,236103,0,0,0,2,,,0,,,,,,Auckland Region,Nil,2-way,Sealed,,0,0,,50,,Off,0,0,,76,Auckland,Nil,,,,,0,0,Urban,0,,,Fine,Null
1756346.3955,5927151.1552,892687,,507900,0,,0,2,,Null,2023/2024,NORTHCOTE ROAD,NORTHCOTE ROAD ON RAMP,,Minor Crash,No,2024,,East,,0,,Flat,,,,,,Overcast,305201,1,0,0,3,,,0,,,,,,Auckland Region,Motorway ramp,2-way,Sealed,,0,0,,50,,Off,0,0,,76,Auckland,Traffic Signals,,,,,0,0,Urban,0,,,Fine,Null
1744561.8597,5918098.0032,892689,,510700,0,0,0,1,0,South,2022/2023,SWANSON ROAD,RATHGAR ROAD,,Non-Injury Crash,No,2023,0,North,0,0,0,Flat,0,,0,,0,Dark,239200,0,0,0,2,0,1,0,0,0,,0,0,Auckland Region,Nil,2-way,Sealed,0,0,0,0,50,0,On,0,0,,76,Auckland,Nil,0,0,0,0,0,0,Urban,0,0,0,Fine,Null
1743780.1846,5916387.369,892694,,513011,0,,0,1,,Null,2024/2025,PALOMINO DRIVE,SAN BERNADINO DRIVE,,Non-Injury Crash,No,2025,,North,,0,,Hill Road,,,,,,Overcast,280704,0,0,0,2,,,0,,,,,,Auckland Region,Nil,2-way,Sealed,,0,0,,50,,Null,0,0,,76,Auckland,Give way,,,,,1,0,Urban,0,,,Fine,Null
1759069.1387,5913164.9123,892697,,519820,0,0,0,2,0,East,2022/2023,MOUNT SMART ROAD,CARDWELL STREET,,Non-Injury Crash,No,2023,0,West,0,0,0,Flat,0,,0,,0,Overcast,599200,0,0,0,2,0,0,0,0,1,,0,0,Auckland Region,Nil,2-way,Sealed,0,0,0,0,50,0,Off,0,0,,76,Auckland,Nil,0,0,0,0,0,0,Urban,0,0,0,Fine,Null
1753562.0401,5914368.9537,892701,,518801,0,,0,0,,South,2023/2024,MAIORO STREET OFF RAMP,MAIORO STREET,,Minor Crash,No,2023,,North,,0,,Flat,,,,,,Bright sun,578400,1,0,0,2,,,0,,,,,,Auckland Region,Motorway ramp,1-way,Sealed,,0,0,,100,,Off,0,0,,76,Auckland,Nil,,,,,0,0,Open,2,,,Fine,Null
1764695.4555,5890391.0864,892705,,521122,0,0,0,0,0,West,2023/2024,STAN WRIGHT ROAD,CHARLES ROAD,,Minor Crash,No,2023,0,West,1,0,1,Flat,0,,0,,0,Overcast,809900,1,0,0,2,0,0,0,0,0,,0,0,Auckland Region,Nil,2-way,Sealed,0,0,0,0,60,0,None,1,0,,76,Auckland,Nil,0,0,0,0,0,0,Urban,0,0,0,Fine,Strong wind
1767259.9843,5901599.8586,892717,,524720,0,0,0,1,0,Null,2023/2024,GLOUCESTER ROAD,OXFORD ROAD,,Non-Injury Crash,No,2023,0,East,0,0,0,Flat,0,,0,,0,Dark,778000,0,0,0,2,0,0,0,0,1,,0,0,Auckland Region,Nil,2-way,Sealed,0,0,0,0,30,0,None,1,0,,76,Auckland,Nil,0,0,0,0,0,0,Urban,0,0,0,Fine,Null
1756834.3337,5919197.2257,892718,,514200,0,0,0,1,0,West,2024/2025,NORTH-WESTERN MOTORWAY,UPPER QUEEN OBR,,Non-Injury Crash,Yes,2025,0,West,0,0,0,Flat,1,,0,,0,Dark,412900,0,0,0,1,0,0,0,0,0,,0,0,Auckland Region,Motorway ramp,1-way,Sealed,0,0,0,0,80,0,On,0,0,,76,Auckland,Nil,0,0,0,0,0,0,Open,0,0,0,Fine,Null
1746421.2949,5914018.8134,892725,,511001,0,,0,0,,East,2023/2024,WEST COAST ROAD,WOODGLEN ROAD,,Serious Crash,No,2024,,West,,0,,Flat,,,,,,Dark,282500,0,0,0,2,,,0,,,,,,Auckland Region,Nil,2-way,Sealed,,0,1,,50,,On,1,0,,76,Auckland,Nil,,,,,0,0,Urban,0,,,Fine,Null
1761596.1087,5906884.2627,892727,,524520,0,0,0,2,0,North,2022/2023,ROBERTSON ROAD,VON STURMER STREET,,Non-Injury Crash,No,2023,0,North,0,0,0,Flat,0,,0,,0,Dark,736200,0,0,0,2,0,0,0,0,1,,0,0,Auckland Region,Nil,2-way,Sealed,0,0,0,0,50,0,On,0,0,,76,Auckland,Nil,0,0,0,0,0,0,Urban,0,0,0,Fine,Null
1774331.8259,5896904.4307,892728,,525610,0,,0,1,,Null,2024/2025,SUTTON CRESCENT,PEMBROOK STREET,,Serious Crash,No,2025,,North,,0,,Flat,,,,,,Bright sun,796700,0,0,1,2,,,0,,,,,,Auckland Region,Nil,2-way,Sealed,,0,1,,50,,Off,0,0,,76,Auckland,Nil,,,,,0,0,Urban,0,,,Fine,Null
1775928.9651,5882099.8501,892732,,521160,0,0,0,1,0,North,2023/2024,SOUTHERN MOTORWAY,MILL OBR,,Non-Injury Crash,Yes,2024,0,South,0,0,0,Hill Road,1,,0,,0,Dark,827604,0,0,0,2,0,0,0,0,0,,0,0,Auckland Region,Nil,2-way,Sealed,0,0,0,0,100,0,On,0,0,,76,Auckland,Nil,0,0,0,0,0,0,Open,0,0,0,Fine,Null
1754988.4895,5916436.2115,892734,,517703,0,,0,0,,East,2025/2026,BALMORAL ROAD,SANDRINGHAM ROAD,,Non-Injury Crash,No,2025,,West,,0,,Null,,,,,,Bright sun,537601,0,0,0,4,,,0,,,,,,Auckland Region,Nil,2-way,Sealed,,0,0,,50,,Null,2,0,,76,Auckland,Nil,,,,,0,0,Urban,0,,,Fine,Null
1731992.6563,5975810.2668,892736,65,506613,0,,0,0,,South,2024/2025,KAIPARA COAST HIGHWAY,LEVET ROAD,,Serious Crash,Yes,2024,,North,,0,,Hill Road,,,,,,Bright sun,145100,0,0,1,2,,,0,,,,,,Auckland Region,Nil,2-way,Sealed,,0,1,,100,,None,0,0,,76,Auckland,Nil,,,,,1,0,Open,0,,,Fine,Null
1757682.7725,5918287.0719,892737,,518101,0,,0,1,,South,2022/2023,SOUTHERN MOTORWAY,KHYBER PASS ROAD OFF RAMP,,Non-Injury Crash,Yes,2023,,North,,0,,Hill Road,,,,,,Overcast,543000,0,0,0,4,,,0,,,,,,Auckland Region,Motorway ramp,1-way,Sealed,,0,0,,80,,Off,1,0,80,76,Auckland,Nil,,,,,0,0,Open,0,,,Heavy rain,Strong wind
1770613.5933,5897489.5849,892738,,523912,0,,0,2,,South,2025/2026,SOUTHERN MOTORWAY,PAHUREHURE NO 1 BR,,Non-Injury Crash,Yes,2025,,North,,0,,Flat,,,,,,Bright sun,767803,0,0,0,3,,,0,,,,,,Auckland Region,Nil,1-way,Sealed,,0,0,,100,,Off,0,0,,76,Auckland,Nil,,,,,0,0,Open,0,,,Fine,Null
1763712.0666,5908895.9542,892740,,521901,0,,0,1,,Null,2023/2024,WALMSLEY ROAD,MANGERE ROAD,,Non-Injury Crash,No,2023,,South,,0,,Hill Road,,,,,,Overcast,785000,0,0,0,1,,,0,,,,,,Auckland Region,Nil,1-way,Sealed,,0,0,,50,,Off,1,0,,76,Auckland,Give way,,,,,0,0,Urban,0,,,Light rain,None
1781054.6722,5927159.6774,892741,,520801,0,0,0,2,0,West,2023/2024,QUEENS DRIVE,HAURAKI ROAD,,Serious Crash,No,2023,0,East,0,0,0,Hill Road,0,,0,,0,Overcast,516508,0,0,0,2,0,0,0,0,1,,0,0,Auckland Region,Nil,2-way,Sealed,0,0,1,0,50,0,Off,0,0,,76,Auckland,Nil,0,0,0,0,0,0,Urban,0,0,0,Fine,Null
1766910.9481,5879669.2961,892744,,521112,0,0,0,1,0,North,2024/2025,"STUART ROAD, PUKEKOHE, AUCKLAND",WAIUKU ROAD,,Non-Injury Crash,No,2024,0,South,0,0,0,Flat,0,,0,,0,Dark,825900,0,0,0,2,0,0,0,0,0,,0,0,Auckland Region,Nil,2-way,Sealed,0,0,0,0,60,0,On,0,0,,76,Auckland,Nil,0,0,0,1,0,0,Urban,0,0,0,Light rain,Null
1767668.0015,5919442.3206,892747,,516800,0,0,0,1,0,North,2023/2024,RIDDELL ROAD,CLOUSTON STREET,,Non-Injury Crash,No,2023,0,North,0,0,0,Hill Road,0,,0,,0,Bright sun,514500,0,0,0,2,0,0,0,0,1,,0,0,Auckland Region,Nil,2-way,Sealed,0,0,0,0,50,0,Off,0,0,,76,Auckland,Nil,0,0,0,0,1,0,Urban,0,0,0,Fine,Null
1751583.5583,5933968.8734,892752,,508701,0,,0,1,,Null,2024/2025,ALBANY HIGHWAY,LIBRARY LANE,,Non-Injury Crash,No,2024,,South,,0,,Flat,,,,,,Overcast,178800,0,0,0,2,,,0,,,,,,Auckland Region,Nil,1-way,Sealed,,0,0,,50,,Off,1,0,,76,Auckland,Give way,,,,,0,0,Urban,0,,,Fine,Null
1767808.0049,5908921.3292,892754,,523502,0,0,0,0,0,North,2025/2026,TYRONE STREET,ANTRIM CRESCENT,,Non-Injury Crash,No,2025,0,West,0,0,1,Flat,0,,0,,0,Overcast,701100,0,0,0,2,0,0,0,0,0,,0,1,Auckland Region,Nil,2-way,Sealed,0,0,0,0,50,0,On,1,0,,76,Auckland,Nil,0,0,0,0,0,0,Urban,0,0,0,Fine,Null
1768113.563,5907616.8602,892756,,523602,0,,0,1,,North,2022/2023,PRESTON ROAD,GERALDINE ROAD,,Non-Injury Crash,No,2023,,South,,0,,Null,,Queens Birthday,,,,Unknown,710100,0,0,0,2,,,0,,,,,,Auckland Region,Nil,2-way,Null,,0,0,,50,,Null,0,0,,76,Auckland,Nil,,,,,0,0,Urban,1,,,Null,Null
1764963.5209,5905420.0992,892757,,522202,0,0,0,0,0,North,2022/2023,CAMBRIDGE TERRACE,EVELYN STREET,,Non-Injury Crash,No,2023,0,North,0,0,1,Flat,0,,1,,0,Dark,664500,0,0,0,2,0,0,0,0,0,,0,0,Auckland Region,Nil,2-way,Sealed,0,0,0,0,50,0,On,0,0,,76,Auckland,Nil,0,0,0,0,0,0,Urban,0,0,0,Light rain,Null
1764605.7952,5918171.3277,892759,,516602,0,,0,2,,West,2022/2023,ST HELIERS BAY ROAD,Kohimarama Road,,Non-Injury Crash,No,2023,,West,,0,,Flat,,,,,,Overcast,508200,0,0,0,3,,,0,,,,,,Auckland Region,Nil,2-way,Sealed,,0,0,,50,,None,0,0,,76,Auckland,Nil,,,,,0,0,Urban,0,,,Fine,None
1768157.6292,5899317.2099,892761,,525101,0,,0,1,,East,2022/2023,MAHIA ROAD,FRIEDLANDERS ROAD,,Non-Injury Crash,No,2023,,West,,0,,Hill Road,,,,,,Dark,772806,0,0,0,2,,,0,,,,,,Auckland Region,Nil,2-way,Sealed,,0,0,,50,,On,0,0,,76,Auckland,Nil,,,,,0,0,Urban,1,,,Fine,Null
1756358.8428,5937653.8938,892764,,506903,0,0,0,1,0,North,2023/2024,BEACH ROAD,WILLIS STREET,,Non-Injury Crash,No,2024,0,North,0,0,0,Flat,0,Easter,0,,0,Dark,169100,0,0,0,2,0,0,0,0,1,,0,0,Auckland Region,Nil,2-way,Sealed,0,0,0,0,50,0,On,0,0,,76,Auckland,Nil,0,0,0,0,0,0,Urban,1,0,0,Heavy rain,Null
1755210.5926,5917502.9701,892765,,517500,1,,0,1,,Null,2022/2023,SANDRINGHAM ROAD,REIMERS AVENUE,,Non-Injury Crash,No,2023,,South,,0,,Hill Road,,,,,,Bright sun,532400,0,0,0,4,,,0,,,,,,Auckland Region,Nil,2-way,Sealed,,0,0,,50,,Off,0,0,,76,Auckland,Stop,,,,,0,0,Urban,0,,,Fine,Null
1757450.3628,5912455.2532,892773,,519810,0,,0,1,,Null,2022/2023,QUEENSTOWN ROAD,BEACHCROFT AVENUE,,Non-Injury Crash,No,2023,,South,,0,,Hill Road,,,,,,Bright sun,596700,0,0,0,4,,,0,,,,,,Auckland Region,Nil,2-way,Sealed,,0,0,,50,,Off,1,0,,76,Auckland,Give way,,,,,0,0,Urban,0,,,Fine,Null
1750757.5006,5912040.243,892775,,514700,0,0,0,1,0,West,2022/2023,KINROSS STREET,CONNELL STREET,,Non-Injury Crash,No,2023,0,West,0,0,0,Hill Road,0,,0,,0,Dark,367300,0,0,0,2,0,0,0,0,1,,0,0,Auckland Region,Nil,2-way,Sealed,0,0,0,0,50,0,On,0,0,,76,Auckland,Nil,0,0,0,1,0,0,Urban,1,0,0,Fine,Null
1758494.1036,5918003.6681,892776,,516001,0,,0,2,,Null,2023/2024,NUFFIELD LANE,NUFFIELD STREET,,Non-Injury Crash,No,2023,,East,,0,,Flat,,,,,,Dark,490701,0,0,0,2,,,0,,,,,,Auckland Region,Nil,2-way,Sealed,,0,0,,50,,On,0,0,,76,Auckland,Nil,,,,,0,0,Urban,0,,,Fine,None