X,Y,OBJECTID,advisorySpeed,areaUnitID,bicycle,bridge,bus,carStationWagon,cliffBank,crashDirectionDescription,crashFinancialYear,crashLocation1,crashLocation2,crashRoadSideRoad,crashSeverity,crashSHDescription,crashYear,debris,directionRoleDescription,ditch,fatalCount,fence,flatHill,guardRail,holiday,houseOrBuilding,intersection,kerb,light,meshblockId,minorInjuryCount,moped,motorcycle,NumberOfLanes,objectThrownOrDropped,otherObject,otherVehicleType,overBank,parkedVehicle,pedestrian,phoneBoxEtc,postOrPole,region,roadCharacter,roadLane,roadSurface,roadworks,schoolBus,seriousInjuryCount,slipOrFlood,speedLimit,strayAnimal,streetLight,suv,taxi,temporarySpeedLimit,tlaId,tlaName,trafficControl,trafficIsland,trafficSign,train,tree,truck,unknownVehicleType,urban,vanOrUtility,vehicle,waterRiver,weatherA,weatherB
1761233.124,5914625.3445,892781,,520202,0,,0,2,,Null,2022/2023,SOUTHERN MOTORWAY,ELLERSLIE-PANMURE HWY OFF RAMP,,Non-Injury Crash,Yes,2023,,South,,0,,Flat,,,,,,Bright sun,612100,0,0,0,3,,,0,,,,,,Auckland Region,Motorway ramp,1-way,Sealed,,0,0,,100,,Off,0,0,,76,Auckland,Nil,,,,,0,0,Open,0,,,Fine,Null
1762278.2472,5913478.0771,892783,,520500,0,,0,3,,South,2022/2023,SOUTHERN MOTORWAY,PENROSE OBR,,Non-Injury Crash,Yes,2023,,North,,0,,Flat,,,,,,Dark,637100,0,0,0,4,,,0,,,,,,Auckland Region,Motorway ramp,1-way,Sealed,,0,0,,100,,On,0,0,,76,Auckland,Nil,,,,,0,0,Open,0,,,Light rain,Null
1752616.0592,5934351.9568,892787,25,508701,0,0,0,0,0,Null,2022/2023,DON MCKINNON DRIVE,MUNROE LANE,,Non-Injury Crash,No,2023,0,West,0,0,0,Flat,0,,0,,0,Dark,178900,0,0,0,4,0,0,0,0,0,,0,0,Auckland Region,Nil,2-way,Sealed,0,0,0,0,50,0,On,0,0,,76,Auckland,Give way,1,0,0,0,0,0,Urban,1,0,0,Fine,Null
1768968.7624,5881168.7487,892790,,525910,0,,0,2,,East,2024/2025,KING STREET,EDINBURGH STREET,,Non-Injury Crash,No,2025,,West,,0,,Flat,,,,,,Bright sun,818900,0,0,0,2,,,0,,,,,,Auckland Region,Nil,2-way,Sealed,,0,0,,50,,Null,0,0,,76,Auckland,Nil,,,,,0,0,Urban,0,,,Fine,Null
1752537.1227,5924746.5925,892792,,510402,0,,0,2,,Null,2024/2025,BALMAIN ROAD,WAIPA STREET,,Non-Injury Crash,No,2025,,North,,0,,Hill Road,,,,,,Dark,352500,0,0,0,2,,,0,,,,,,Auckland Region,Nil,2-way,Sealed,,0,0,,50,,On,0,0,,76,Auckland,Give way,,,,,0,0,Urban,0,,,Fine,Null
1764789.6989,5920108.3581,892796,,516602,0,0,0,0,0,East,2024/2025,TAMAKI DRIVE,SAGE ROAD,,Minor Crash,No,2025,0,West,0,0,0,Flat,0,,0,,0,Bright sun,504400,1,0,0,2,0,0,0,0,1,,0,0,Auckland Region,Nil,2-way,Sealed,0,0,0,0,50,0,Off,0,0,,76,Auckland,Nil,0,0,0,0,1,0,Urban,1,0,0,Fine,Null
1768890.279,5914813.2876,892797,,522730,0,0,0,2,0,West,2022/2023,BUTLEY DRIVE,DRISCOLL PLACE,,Non-Injury Crash,No,2023,0,West,0,0,0,Flat,0,,0,,0,Bright sun,679808,0,0,0,2,0,0,0,0,1,,0,0,Auckland Region,Nil,2-way,Sealed,0,0,0,0,50,0,Off,0,0,,76,Auckland,Nil,0,0,0,0,0,0,Urban,0,0,0,Fine,Null
1759748.4367,5916204.7783,892804,,516002,0,,0,0,,North,2025/2026,SOUTHERN MOTORWAY,GREEN LANE EAST OFF RAMP,,Non-Injury Crash,Yes,2025,,South,,0,,Flat,,,,,,Bright sun,492000,0,0,1,3,,,0,,,,,,Auckland Region,Nil,1-way,Sealed,,0,0,,100,,Off,1,0,,76,Auckland,Nil,,,,,0,0,Open,0,,,Fine,Null
1753585.3058,5911982.6855,892805,,518902,0,0,0,1,0,Null,2023/2024,HILLSBOROUGH ROAD,THE AVENUE,,Minor Crash,No,2023,0,West,0,0,0,Flat,0,,0,,0,Dark,587500,1,0,0,2,0,0,0,0,0,,0,0,Auckland Region,Nil,2-way,Sealed,0,0,0,0,50,0,On,1,0,,76,Auckland,Traffic Signals,0,1,0,0,0,0,Urban,0,0,0,Fine,Null
1755665.5529,5935192.7261,892808,,507101,0,,0,3,,North,2025/2026,BEACH ROAD,BEACH ROAD,,Minor Crash,No,2025,,South,,0,,Flat,,,,,,Overcast,161600,1,0,0,2,,,0,,,,,,Auckland Region,Nil,2-way,Sealed,,0,0,,50,,Off,0,0,,76,Auckland,Nil,,,,,0,0,Urban,0,,,Light rain,Null
1756855.435,5919866.6398,892812,,514102,0,0,0,2,0,North,2025/2026,VINCENT STREET,PITT STREET,,Non-Injury Crash,No,2025,0,North,0,0,0,Hill Road,0,,0,,0,Dark,434902,0,0,0,4,0,0,0,0,1,,0,0,Auckland Region,Nil,2-way,Sealed,0,0,0,0,30,0,On,0,0,,76,Auckland,Nil,0,0,0,0,0,0,Urban,1,0,0,Fine,Null
1769848.895,5915710.5338,892816,,522711,0,0,0,3,0,West,2023/2024,GILLS ROAD,PIGEON MOUNTAIN QUARRY ROAD,,Non-Injury Crash,No,2024,0,West,0,0,1,Flat,0,,0,,0,Dark,679812,0,0,0,2,0,0,0,0,2,,0,0,Auckland Region,Nil,2-way,Sealed,0,0,0,0,50,0,On,0,0,,76,Auckland,Nil,0,0,0,0,0,0,Urban,0,0,0,Fine,Null
1751897.0348,5970348.3764,892821,,506661,0,0,0,1,0,West,2022/2023,SANDSPIT ROAD,HAMILTON ROAD,,Non-Injury Crash,No,2023,0,East,0,0,1,Flat,0,,0,,0,Overcast,139400,0,0,0,2,0,0,0,0,0,,0,0,Auckland Region,Nil,2-way,Sealed,0,0,0,0,80,0,None,0,0,,76,Auckland,Nil,0,0,0,2,0,0,Open,0,0,0,Light rain,Null
1757330.0886,5921028.9155,892823,,514101,0,,0,1,,Null,2023/2024,OFF ROAD CAR PARK,,,Minor Crash,No,2023,,South,,0,,Flat,,,,,,Overcast,432800,1,0,0,0,,,0,,,1,,,Auckland Region,Nil,Off road,Sealed,,0,0,,,,Off,0,0,,76,Auckland,Nil,,,,,0,0,Urban,0,,,Fine,Null
1757564.9627,5920451.9477,892825,,514103,0,,0,4,,South,2022/2023,KITCHENER STREET,COURTHOUSE LANE,,Non-Injury Crash,No,2023,,South,,0,,Flat,,,,,,Dark,437702,0,0,0,2,,,0,,,,,,Auckland Region,Nil,2-way,Sealed,,0,0,,30,,On,0,1,,76,Auckland,Nil,,,,,0,0,Urban,0,,,Fine,Null
1767365.5005,5907332.6047,892828,,523602,0,0,0,1,0,Null,2023/2024,COBHAM CRESCENT,BOND STREET,,Non-Injury Crash,No,2024,0,North,0,0,0,Flat,0,,0,,0,Dark,708300,0,0,0,2,0,0,0,0,0,,0,1,Auckland Region,Nil,2-way,Sealed,0,0,0,0,50,0,On,0,0,,76,Auckland,Nil,0,0,0,0,0,0,Urban,0,0,0,Fine,Null
1763937.3949,5913942.1866,892829,,520303,0,0,0,0,0,North,2022/2023,MOUNT WELLINGTON HIGHWAY,ROWLANDS AVENUE,,Non-Injury Crash,No,2023,0,North,0,0,0,Flat,0,,0,,0,Bright sun,627600,0,0,0,4,0,0,0,0,0,,0,1,Auckland Region,Nil,2-way,Sealed,0,0,0,0,50,0,Off,0,0,,76,Auckland,Nil,0,0,0,0,1,0,Urban,0,0,0,Fine,Null
1737670.2434,5915577.9329,892830,,513020,0,0,0,1,0,South,2024/2025,SCENIC DRIVE,SUMMIT ROAD,,Non-Injury Crash,No,2025,0,South,0,0,0,Flat,0,,0,,0,Dark,281800,0,0,0,2,0,0,0,0,0,,0,0,Auckland Region,Nil,2-way,Sealed,0,0,0,0,60,0,None,1,0,,76,Auckland,Nil,0,0,0,1,0,0,Urban,0,0,0,Fine,Null
1771086.4181,5896527.7656,892832,,521201,0,,0,0,,South,2025/2026,SOUTHERN MOTORWAY,PAHUREHURE NO 2 BR,,Non-Injury Crash,Yes,2025,,North,,0,,Flat,,,,,,Overcast,806604,0,0,0,3,,,0,,,,,,Auckland Region,Nil,1-way,Sealed,,0,0,,100,,Off,1,0,,76,Auckland,Nil,,,,,0,0,Open,1,,,Heavy rain,Null
1765876.5327,5900912.926,892837,,524711,0,0,0,2,0,North,2023/2024,ROSCOMMON ROAD,MONCRIEFF AVENUE,,Minor Crash,No,2023,0,South,0,0,0,Flat,0,,0,,0,Overcast,774503,1,0,0,2,0,0,0,0,1,,0,0,Auckland Region,Nil,2-way,Sealed,0,0,0,0,50,0,Off,0,0,,76,Auckland,Nil,0,0,0,0,0,0,Urban,1,0,0,Fine,Null
1756176.3148,5924090.7465,892844,,509800,0,,0,1,,South,2025/2026,NORTHERN MOTORWAY,NORTHERN BUSWAY,,Non-Injury Crash,Yes,2025,,South,,0,,Flat,,,,,,Overcast,361100,0,0,0,5,,,0,,,,,,Auckland Region,Motorway ramp,1-way,Sealed,,0,0,,80,,Off,1,0,,76,Auckland,Nil,,,,,0,0,Open,1,,,Light rain,Null
1765822.6272,5900978.9784,892847,,524821,0,0,0,1,0,North,2023/2024,ROSCOMMON ROAD,MONCRIEFF AVENUE,,Minor Crash,No,2023,0,North,0,0,0,Flat,0,,0,,0,Bright sun,774403,1,0,0,2,0,0,0,0,0,,0,0,Auckland Region,Nil,2-way,Sealed,0,0,0,0,50,0,Off,0,0,,76,Auckland,Nil,0,0,0,1,0,0,Urban,0,0,0,Fine,Null
1755377.4023,5921576.6075,892851,,515202,0,,0,2,,South,2023/2024,NORTHERN MOTORWAY,SHELLY BEACH OBR,,Non-Injury Crash,Yes,2024,,South,,0,,Flat,,,,,,Overcast,423600,0,0,0,4,,,0,,,,,,Auckland Region,Nil,1-way,Sealed,,0,0,,80,,On,0,0,,76,Auckland,Nil,,,,,0,0,Open,1,,,Fine,Null
1754790.3495,5930571.9186,892852,,508520,0,,0,3,,South,2023/2024,NORTHERN MOTORWAY,UPPER HARBOUR HWY ON RAMP,,Non-Injury Crash,Yes,2024,,South,,0,,Flat,,,,,,Dark,192700,0,0,0,2,,,0,,,,,,Auckland Region,Motorway ramp,1-way,Sealed,,0,0,,100,,On,0,0,,76,Auckland,Nil,,,,,0,0,Open,0,,,Fine,Null
1760783.6228,5914068.4298,892854,,519400,0,,0,1,,South,2025/2026,ROCKFIELD ROAD,GREENPARK ROAD,,Serious Crash,No,2025,,North,,0,,Flat,,,,,,Twilight,620000,0,0,0,2,,,0,,,1,,,Auckland Region,Nil,2-way,Sealed,,0,1,,50,,Off,0,0,,76,Auckland,Nil,,,,,0,0,Urban,0,,,Fine,Null
1768851.4068,5910686.5871,892860,,523113,0,,0,2,,Null,2023/2024,GREENMOUNT DRIVE,HARRIS ROAD,,Non-Injury Crash,No,2024,,West,,0,,Flat,,,,,,Bright sun,711703,0,0,0,2,,,0,,,,,,Auckland Region,Nil,2-way,Sealed,,0,0,,50,,Off,0,0,,76,Auckland,Give way,,,,,0,0,Urban,0,,,Fine,Null
1757041.9333,5915932.2198,892874,,518202,0,,0,1,,North,2025/2026,PENRHYN ROAD,BALMORAL ROAD,,Non-Injury Crash,No,2025,,North,,0,,Null,,,,,,Bright sun,551700,0,0,0,2,,,0,,,,,,Auckland Region,Nil,2-way,Sealed,,0,0,,30,,Null,0,0,,76,Auckland,Nil,,,,,0,1,Urban,0,,,Fine,Null
1771782.2568,5905605.9502,892879,,523713,0,,0,3,,North,2022/2023,CARRYGAWLEY ROAD,BALLINABREEN ROAD,,Non-Injury Crash,No,2023,,South,,0,,Hill Road,,,,,,Bright sun,713400,0,0,0,2,,,0,,,,,,Auckland Region,Nil,2-way,Sealed,,0,0,,50,,Off,0,0,,76,Auckland,Nil,,,,,0,0,Urban,0,,,Fine,Null
1755045.4477,5929215.0214,892886,,508420,0,,0,2,,Null,2025/2026,TARGET ROAD,WAIRAU ROAD,,Non-Injury Crash,Unknown,2026,,South,,0,,Flat,,,,,,Overcast,183800,0,0,0,3,,,0,,,,,,Auckland Region,Nil,2-way,Sealed,,0,0,,50,,Null,0,0,,76,Auckland,Traffic Signals,,,,,0,0,Urban,0,,,Fine,Null
1770130.9094,5909004.2323,892892,,523115,0,,0,3,,North,2023/2024,CHAPEL ROAD,BARCALDINE ROAD,,Non-Injury Crash,No,2024,,North,,0,,Flat,,,,,,Bright sun,711905,0,0,0,2,,,0,,,,,,Auckland Region,Nil,2-way,Sealed,,0,0,,50,,Off,0,0,,76,Auckland,Nil,,,,,0,0,Urban,0,,,Fine,Null
1752031.396,5916437.1713,892894,,517901,0,0,0,2,0,Null,2025/2026,JERRAM STREET,SPRINGLEIGH AVENUE,,Non-Injury Crash,No,2025,0,North,0,0,0,Flat,0,Labour Weekend,0,,0,Dark,523300,0,0,0,2,0,0,0,0,1,,0,0,Auckland Region,Nil,2-way,Sealed,0,0,0,0,50,0,On,0,0,,76,Auckland,Nil,0,0,0,1,0,0,Urban,0,0,0,Fine,Null
1763822.7569,5913709.33,892895,,520303,0,,0,2,,Null,2023/2024,MOUNT WELLINGTON HIGHWAY,WAIPUNA ROAD,,Non-Injury Crash,No,2024,,South,,0,,Flat,,,,,,Bright sun,627700,0,0,0,3,,,0,,,,,,Auckland Region,Nil,1-way,Sealed,,0,0,,50,,Off,0,0,,76,Auckland,Traffic Signals,,,,,0,0,Urban,0,,,Fine,Null
1764283.602,5908976.9651,892898,,521901,0,,0,1,,Null,2024/2025,GREAT SOUTH ROAD,MANGERE ROAD,,Non-Injury Crash,No,2025,,South,,0,,Flat,,,,,,Bright sun,785200,0,0,0,5,,,0,,,,,,Auckland Region,Nil,2-way,Sealed,,0,0,,50,,Null,1,0,,76,Auckland,Traffic Signals,,,,,0,0,Urban,0,,,Null,Null
1752826.3031,5926344.8874,892900,,508220,0,,0,1,,South,2024/2025,ESKDALE ROAD,MERRILL PLACE,,Non-Injury Crash,No,2025,,South,,0,,Hill Road,,,,,,Bright sun,188902,0,0,0,2,,,0,,,,,,Auckland Region,Nil,2-way,Sealed,,0,0,,50,,Null,0,0,,76,Auckland,Nil,,,,,0,0,Urban,0,,,Fine,Null
1751414.9492,5933604.7771,892906,,508701,0,0,0,0,0,East,2024/2025,ALBANY HIGHWAY,TE ARA TU PARA,,Minor Crash,No,2025,0,East,0,0,0,Hill Road,0,,0,,0,Bright sun,178800,2,0,0,4,0,0,0,0,0,,0,1,Auckland Region,Nil,2-way,Sealed,0,0,0,0,50,0,Off,0,0,,76,Auckland,Nil,0,0,0,0,0,0,Urban,1,0,0,Fine,Null
1771647.5114,5916362.907,892909,,522603,0,,0,1,,North,2022/2023,BLEAKHOUSE ROAD,PAGE POINT,,Minor Crash,No,2023,,North,,0,,Hill Road,,,,,,Dark,678400,2,0,0,2,,,0,,,,,,Auckland Region,Nil,2-way,Sealed,,0,0,,50,,On,0,0,,76,Auckland,Nil,,,,,0,0,Urban,0,,,Light rain,Null
1754810.1733,5917546.5991,892913,,517500,0,,0,1,,West,2022/2023,MCDONALD STREET,ALTHAM AVENUE,,Minor Crash,No,2023,,West,,0,,Flat,,,,,,Bright sun,532700,1,0,0,2,,,0,,,2,,,Auckland Region,Nil,2-way,Sealed,,0,0,,50,,Off,0,0,,76,Auckland,Nil,,,,,0,0,Urban,0,,,Fine,Null
1764223.9602,5907221.2974,892914,,522201,0,0,0,2,0,East,2024/2025,MIDDLEMORE CRESCENT,SWAFFIELD ROAD,,Non-Injury Crash,No,2025,0,North,0,0,0,Hill Road,0,,0,,0,Bright sun,660500,0,0,0,2,0,0,0,0,1,,0,0,Auckland Region,Nil,2-way,Sealed,0,0,0,0,50,0,Off,0,0,,76,Auckland,Nil,0,0,0,0,0,0,Urban,0,0,0,Fine,Null
1755278.8524,5932012.5886,892916,,508805,0,,0,1,,Null,2024/2025,EAST COAST ROAD,CONSTELLATION DRIVE,,Non-Injury Crash,No,2025,,North,,0,,Flat,,,,,,Dark,151104,0,0,0,4,,,0,,,,,,Auckland Region,Nil,2-way,Sealed,,0,0,,50,,On,1,0,,76,Auckland,Traffic Signals,,,,,0,0,Urban,0,,,Light rain,Null
1754722.6954,5930644.984,892924,,508520,0,,0,3,,South,2025/2026,NORTHERN MOTORWAY,UPPER HARBOUR HWY ON RAMP,,Non-Injury Crash,Yes,2025,,South,,0,,Hill Road,,,,,,Overcast,191104,0,0,0,2,,,0,,,,,,Auckland Region,Nil,1-way,Sealed,,0,0,,100,,Off,0,0,,76,Auckland,Nil,,,,,0,0,Open,0,,,Heavy rain,Strong wind
1753557.7066,5932602.309,892926,,508805,0,0,0,1,0,South,2024/2025,ROSEDALE ROAD,TRITON DRIVE,,Non-Injury Crash,No,2025,0,South,0,0,0,Flat,1,,0,,0,Dark,180866,0,0,0,2,0,0,0,0,0,,0,0,Auckland Region,Nil,2-way,Sealed,0,0,0,0,50,0,On,0,0,,76,Auckland,Nil,0,0,0,0,0,0,Urban,0,0,0,Fine,Null
1763684.2355,5920510.5203,892927,,516500,0,0,0,1,1,North,2023/2024,TAMAKI DRIVE,SELWYN AVENUE,,Non-Injury Crash,No,2024,0,North,0,0,0,Flat,0,,0,,0,Dark,501301,0,0,0,2,0,0,0,0,0,,0,0,Auckland Region,Nil,2-way,Sealed,0,0,0,0,50,0,On,0,0,,76,Auckland,Nil,0,0,0,0,0,0,Urban,0,0,0,Fine,Null
1731261.2662,5908980.3818,892929,,513800,0,,0,2,,South,2023/2024,SEAVIEW ROAD,BEACH VALLEY ROAD,,Minor Crash,No,2023,,South,,0,,Hill Road,,,,,,Dark,282013,3,0,0,2,,,0,,,,,,Auckland Region,Nil,2-way,Sealed,,0,0,,50,,On,0,0,,76,Auckland,Nil,,,,,0,0,Urban,0,,,Fine,Null
1755030.5426,5879126.2181,892940,,521152,0,0,0,0,0,Null,2024/2025,GLENBROOK-WAIUKU ROAD,MORLEY ROAD,,Non-Injury Crash,No,2024,0,South,1,0,0,Flat,0,,0,,0,Overcast,834000,0,0,0,3,0,0,0,0,0,,0,0,Auckland Region,Nil,2-way,Sealed,0,0,0,0,80,0,None,0,0,,76,Auckland,Stop,0,0,0,0,0,0,Open,1,0,0,Light rain,Null
1767067.6029,5904737.2381,892943,45,524604,0,,0,2,,West,2022/2023,CAVENDISH DRIVE,SHARKEY STREET,,Non-Injury Crash,No,2023,,West,,0,,Flat,,,,,,Overcast,780209,0,0,0,2,,,0,,,,,,Auckland Region,Nil,2-way,Sealed,,0,0,,50,,None,0,0,,76,Auckland,Nil,,,,,0,0,Urban,0,,,Fine,None
1766193.0059,5916247.7243,892947,,517100,0,0,0,1,0,East,2023/2024,ANDERSON AVENUE,ERIMA AVENUE,,Non-Injury Crash,No,2024,0,East,0,0,0,Flat,0,,0,,0,Overcast,479200,0,0,0,2,0,0,0,0,1,,0,0,Auckland Region,Nil,2-way,Sealed,0,0,0,0,50,0,Off,1,0,,76,Auckland,Nil,0,0,0,0,0,0,Urban,0,0,0,Fine,Null
1761546.537,5914740.6455,892952,,520202,0,,0,1,,South,2022/2023,CAWLEY STREET,MAIN HIGHWAY,,Non-Injury Crash,No,2023,,North,,0,,Flat,,,,,,Bright sun,612000,0,0,0,2,,,0,,,,,,Auckland Region,Nil,2-way,Sealed,,0,0,,50,,Null,0,0,,76,Auckland,Nil,,,,,0,0,Urban,1,,,Fine,None
1766454.3376,5907647.093,892953,,523501,0,0,0,0,0,Null,2023/2024,OTARA ROAD,EAST TAMAKI ROAD,,Non-Injury Crash,No,2024,0,South,0,0,0,Flat,0,,0,,0,Bright sun,700700,0,0,0,1,0,0,0,0,0,,0,1,Auckland Region,Nil,1-way,Sealed,0,0,0,0,50,0,Off,0,0,,76,Auckland,Traffic Signals,0,0,0,0,0,0,Urban,2,0,0,Fine,Null
1778277.606,5882987.2879,892955,,521132,0,0,0,1,0,Null,2024/2025,PAPARATA ROAD,WOOTTEN ROAD,,Serious Crash,No,2024,0,West,0,0,0,Flat,0,,0,,0,Overcast,814501,1,0,0,2,0,0,0,0,0,,0,0,Auckland Region,Nil,2-way,Sealed,0,0,1,0,60,0,Off,0,0,,76,Auckland,Give way,0,1,0,0,1,0,Urban,0,0,0,Light rain,Null
1757506.3016,5920905.3835,892959,,514101,0,,0,1,,Null,2024/2025,CUSTOMS STREET WEST,QUEEN STREET,,Serious Crash,No,2025,,West,,0,,Flat,,,,,,Dark,432900,0,0,0,4,,,0,,,1,,,Auckland Region,Nil,2-way,Sealed,,0,1,,30,,On,0,0,,76,Auckland,Traffic Signals,,,,,0,0,Urban,0,,,Fine,Null
1758173.8662,5915877.8105,892960,,519300,0,,0,1,,North,2024/2025,MANUKAU ROAD,KING GEORGE AVENUE,,Non-Injury Crash,No,2024,,South,,0,,Flat,,,,,,Overcast,622900,0,0,0,4,,,0,,,,,,Auckland Region,Nil,2-way,Sealed,,0,0,,50,,Off,0,0,,76,Auckland,Nil,,,,,0,0,Urban,0,,,Fine,Null
1736919.0163,5944476.8098,892961,,506646,0,,0,0,,East,2023/2024,KAHIKATEA FLAT ROAD,FIELD LANE,,Non-Injury Crash,No,2024,,East,,0,,Hill Road,,,,,,Overcast,213100,0,0,0,2,,,0,,,,,,Auckland Region,Nil,2-way,Sealed,,0,0,,80,,Off,0,0,,76,Auckland,Nil,,,,,0,1,Open,1,,,Fine,Null
1769111.1532,5902507.4676,892962,,524901,0,,0,2,,East,2024/2025,SOUTHERN MOTORWAY,PUHINUI STM BR,,Non-Injury Crash,Yes,2025,,North,,0,,Flat,,,,,,Bright sun,755000,0,0,0,3,,,0,,,,,,Auckland Region,Nil,1-way,Sealed,,0,0,,100,,Off,0,0,,76,Auckland,Nil,,,,,0,0,Open,0,,,Fine,Null
1760919.7031,5916734.0164,892963,,516002,0,,1,1,,East,2023/2024,REMUERA ROAD,WAIRUA ROAD,,Non-Injury Crash,No,2024,,West,,0,,Flat,,,,,,Bright sun,494200,0,0,0,4,,,0,,,,,,Auckland Region,Nil,2-way,Sealed,,0,0,,50,,Off,1,0,,76,Auckland,Nil,,,,,0,0,Urban,0,,,Fine,Null
1776298.0389,5895241.8906,892968,45,521301,0,0,0,0,0,East,2023/2024,HUNUA ROAD,DOMINION ROAD,,Non-Injury Crash,No,2024,0,East,0,0,0,Hill Road,1,,0,,0,Dark,808001,0,0,0,2,0,0,0,0,0,,0,0,Auckland Region,Nil,2-way,Sealed,0,0,0,0,50,0,None,0,0,,76,Auckland,Nil,0,1,0,0,0,0,Urban,1,0,0,Fine,Null
1755321.0546,5921033.7256,892970,,515202,0,,0,2,,Null,2025/2026,SHELLY BEACH ROAD,WESTWOOD TERRACE,,Minor Crash,No,2025,,South,,0,,Hill Road,,,,,,Bright sun,424500,2,0,0,2,,,0,,,,,,Auckland Region,Nil,2-way,Sealed,,0,0,,50,,Off,0,0,,76,Auckland,Give way,,,,,0,0,Urban,0,,,Fine,Null
1765000.1545,5909482.8116,892972,,521802,0,,0,2,,East,2024/2025,FAIRBURN ROAD,MONTEREY AVENUE,,Non-Injury Crash,No,2024,,West,,0,,Flat,,,,,,Dark,788902,0,0,0,2,,,0,,,,,,Auckland Region,Nil,2-way,Sealed,,0,0,,30,,On,0,0,,76,Auckland,Nil,,,,,0,0,Urban,0,,,Fine,Null
1742397.8896,5926525.6287,892975,,513410,0,,0,1,,North,2023/2024,SH 16,FRED TAYLOR DRIVE,,Minor Crash,Yes,2024,,North,,0,,Flat,,,,,,Bright sun,223100,1,0,0,2,,,0,,,1,,,Auckland Region,Nil,1-way,Sealed,,0,0,,80,,Off,0,0,,76,Auckland,Nil,,,,,0,0,Open,0,,,Fine,Null
1764287.2738,5904022.3093,892978,,524604,0,,0,0,,North,2024/2025,SOUTH-WESTERN MOTORWAY,CAVENDISH DRIVE ON RAMP,,Non-Injury Crash,Yes,2025,,North,,0,,Flat,,,,,,Bright sun,781100,0,0,0,2,,,0,,,,,,Auckland Region,Nil,1-way,Sealed,,0,0,,100,,Null,1,0,,76,Auckland,Nil,,,,,0,0,Open,1,,,Fine,Null
1757884.6845,5928768.8777,892979,,507800,0,,0,1,,Null,2024/2025,KITCHENER ROAD,SYLVAN PARK AVENUE,,Minor Crash,No,2024,,East,,0,,Flat,,,,,,Bright sun,309300,1,0,0,2,,,0,,,1,,,Auckland Region,Nil,2-way,Sealed,,0,0,,50,,Off,0,0,,76,Auckland,Give way,,,,,0,0,Urban,0,,,Fine,Null
1767685.4049,5905043.0927,892981,,524604,0,,0,1,,Null,2023/2024,TE IRIRANGI DRIVE,TE IRIRANGI DRIVE ON RAMP,,Non-Injury Crash,No,2023,,East,,0,,Flat,,,,,,Dark,780302,0,0,0,5,,,0,,,,,,Auckland Region,Bridge,2-way,Sealed,,0,0,,50,,On,0,0,,76,Auckland,Traffic Signals,,,,,0,0,Urban,0,,,Fine,Null
1740988.5985,5912344.6637,892984,,513020,0,0,0,1,0,North,2024/2025,FOREST HILL ROAD,OLD FOREST HILL ROAD,,Non-Injury Crash,No,2024,0,North,1,0,0,Hill Road,0,,0,,0,Dark,280302,0,0,0,2,0,0,0,0,0,,0,0,Auckland Region,Nil,2-way,Sealed,0,0,0,0,60,0,None,0,0,,76,Auckland,Nil,0,0,0,0,0,0,Urban,0,0,0,Light rain,Null
1768901.9359,5900834.4904,892985,,525002,0,,0,0,,Null,2023/2024,WEYMOUTH ROAD,GREAT SOUTH ROAD,,Non-Injury Crash,No,2023,,East,,0,,Flat,,,,,,Twilight,752802,0,0,0,2,,,0,,,,,,Auckland Region,Nil,2-way,Sealed,,0,0,,50,,On,0,0,,76,Auckland,Traffic Signals,,,,,0,0,Urban,2,,,Fine,Null
1769115.5513,5889405.8201,892987,,521122,0,,0,1,,Null,2024/2025,KARAKA ROAD,BLACKBRIDGE ROAD,,Minor Crash,Yes,2024,,East,,0,,Flat,,Labour Weekend,,,,Overcast,810000,1,0,0,2,,,0,,,,,,Auckland Region,Nil,2-way,Sealed,,0,0,,80,,Off,0,0,,76,Auckland,Give way,,,,,0,0,Open,1,,,Fine,Null
1761739.5886,5906571.8902,892989,35,524520,0,,0,2,,Null,2023/2024,MASSEY ROAD OFF RAMP,MASSEY ROAD,,Non-Injury Crash,No,2023,,South,,0,,Flat,,,,,,Twilight,736300,0,0,0,2,,,0,,,,,,Auckland Region,Overpass,2-way,Sealed,,0,0,,50,,On,0,0,,76,Auckland,Traffic Signals,,,,,0,0,Urban,0,,,Fine,Null
1756871.176,5920083.056,892991,,514102,0,0,0,1,0,South,2023/2024,HOBSON STREET,COOK STREET,,Non-Injury Crash,No,2024,0,South,0,0,0,Flat,0,,0,,0,Dark,434701,0,0,0,4,0,0,0,0,1,,0,0,Auckland Region,Nil,1-way,Sealed,0,0,0,0,50,0,On,1,0,,76,Auckland,Nil,0,0,0,0,0,0,Urban,0,0,0,Fine,None
1768453.0504,5904073.1575,892993,,523820,0,0,0,1,0,North,2023/2024,CHIEFTAIN RISE,FAIRCHILD AVENUE,,Non-Injury Crash,No,2024,0,North,0,0,0,Hill Road,0,,0,,0,Overcast,760139,0,0,0,0,0,0,0,0,1,,0,0,Auckland Region,Nil,2-way,Sealed,0,0,0,0,50,0,Off,0,0,,76,Auckland,Nil,0,0,0,0,0,0,Urban,1,0,0,Fine,Null
1736763.2947,5901991.3875,892997,,513800,0,0,0,1,0,North,2023/2024,DONALD MCLEAN ROAD,WHATIPU ROAD,,Minor Crash,No,2024,0,South,0,0,0,Hill Road,0,,0,,0,Bright sun,303400,1,0,0,1,0,0,0,1,0,,0,0,Auckland Region,Nil,2-way,Unsealed,0,0,0,0,50,0,None,0,0,,76,Auckland,Nil,0,0,0,1,0,0,Urban,0,0,0,Fine,Null