X,Y,OBJECTID,advisorySpeed,areaUnitID,bicycle,bridge,bus,carStationWagon,cliffBank,crashDirectionDescription,crashFinancialYear,crashLocation1,crashLocation2,crashRoadSideRoad,crashSeverity,crashSHDescription,crashYear,debris,directionRoleDescription,ditch,fatalCount,fence,flatHill,guardRail,holiday,houseOrBuilding,intersection,kerb,light,meshblockId,minorInjuryCount,moped,motorcycle,NumberOfLanes,objectThrownOrDropped,otherObject,otherVehicleType,overBank,parkedVehicle,pedestrian,phoneBoxEtc,postOrPole,region,roadCharacter,roadLane,roadSurface,roadworks,schoolBus,seriousInjuryCount,slipOrFlood,speedLimit,strayAnimal,streetLight,suv,taxi,temporarySpeedLimit,tlaId,tlaName,trafficControl,trafficIsland,trafficSign,train,tree,truck,unknownVehicleType,urban,vanOrUtility,vehicle,waterRiver,weatherA,weatherB
1746030.7698,5926111.226,893002,,513410,0,,0,2,,Null,2024/2025,BRIGHAM CREEK ROAD,BRIGHAM CREEK ROAD ON RAMP,,Non-Injury Crash,No,2025,,East,,0,,Flat,,,,,,Overcast,223801,0,0,0,2,,,0,,,,,,Auckland Region,Nil,1-way,Sealed,,0,0,,50,,Off,0,0,,76,Auckland,Give way,,,,,0,0,Urban,0,,,Fine,Null
1771461.779,5895228.3835,893005,,521201,0,0,0,2,0,East,2023/2024,HINGAIA ROAD,PAPAKURA OFF RAMP,,Non-Injury Crash,No,2024,0,East,0,0,0,Hill Road,1,,0,,0,Dark,806700,0,0,0,2,0,0,0,0,0,,0,0,Auckland Region,Overpass,1-way,Sealed,0,0,0,0,50,0,On,0,0,,76,Auckland,Nil,0,0,0,0,0,0,Urban,0,0,0,Fine,Null
1732976.398,5929672.5486,893009,,505601,0,1,0,0,0,East,2023/2024,SH 16,SOLAN DRIVE,,Serious Crash,Yes,2023,0,West,0,0,0,Flat,0,,0,,0,Overcast,216208,0,0,0,2,0,0,0,0,0,,0,0,Auckland Region,Bridge,2-way,Sealed,0,0,2,0,60,0,Off,0,0,,76,Auckland,Nil,0,0,0,0,0,0,Urban,2,0,0,Fine,Null
1765479.6669,5906008.035,893014,,522202,0,,0,1,,Null,2025/2026,GLEN AVENUE,WARWICK AVENUE,,Non-Injury Crash,No,2025,,West,,0,,Null,,,,,,Unknown,664300,0,0,0,2,,,0,,,,,,Auckland Region,Nil,2-way,Sealed,,0,0,,50,,Null,1,0,,76,Auckland,Give way,,,,,0,0,Urban,0,,,Fine,Null
1741639.5923,5928926.401,893015,,505604,0,,0,0,,Null,2023/2024,OLD RAILWAY ROAD,COATESVILLE-RIVERHEAD HIGHWAY,,Non-Injury Crash,No,2024,,East,,0,,Flat,,,,,,Dark,214300,0,0,0,2,,,0,,,,,,Auckland Region,Nil,2-way,Sealed,,0,0,,80,,On,0,0,,76,Auckland,Stop,,,,,0,0,Open,2,,,Fine,Null
1752854.3443,5947583.4141,893019,,505808,0,0,0,2,0,South,2023/2024,MARELLEN DRIVE,BAY STREET,,Non-Injury Crash,No,2024,0,East,0,0,0,Flat,0,,0,,0,Bright sun,173106,0,0,0,2,0,0,0,0,1,,0,0,Auckland Region,Nil,2-way,Sealed,0,0,0,0,50,0,Off,0,0,,76,Auckland,Nil,0,0,0,0,0,0,Urban,0,0,0,Fine,Null
1762048.8185,5906850.8041,893023,,524302,0,0,0,0,0,South,2024/2025,MASSEY ROAD,JOHN STREET,,Minor Crash,No,2024,0,South,0,0,0,Flat,0,,0,,0,Bright sun,743500,1,0,0,2,0,0,0,0,0,,0,0,Auckland Region,Nil,2-way,Sealed,0,0,0,0,50,0,Off,1,0,,76,Auckland,Nil,0,0,0,1,0,0,Urban,0,0,0,Fine,Null
1766026.2202,5916968.2892,893025,,517001,0,0,0,1,0,West,2022/2023,ROWENA CRESCENT,ROWENA CRESCENT,,Non-Injury Crash,No,2023,0,West,0,0,1,Flat,0,,0,,0,Dark,476300,0,0,0,2,0,0,0,0,0,,0,0,Auckland Region,Speed hump,2-way,Sealed,0,0,0,0,50,0,On,0,0,,76,Auckland,Nil,0,0,0,0,0,0,Urban,0,0,0,Fine,Null
1763101.0561,5919149.5629,893030,,516500,0,,0,0,,Null,2025/2026,PATTESON AVENUE,KEPA ROAD,,Minor Crash,No,2026,,North,,0,,Hill Road,,,,,,Overcast,502201,1,0,0,2,,,0,,,,,,Auckland Region,Nil,2-way,Sealed,,0,0,,50,,Off,2,0,,76,Auckland,Give way,,,,,0,0,Urban,0,,,Fine,Null
1755902.6521,5929455.3681,893040,,508510,0,0,0,2,0,Null,2024/2025,RAINES AVENUE,HAVELOCK AVENUE,,Non-Injury Crash,No,2025,0,North,0,0,0,Hill Road,0,,0,,0,Dark,195300,0,0,0,2,0,0,0,0,1,,0,0,Auckland Region,Nil,2-way,Sealed,0,0,0,0,50,0,On,0,0,,76,Auckland,Stop,0,0,0,0,0,0,Urban,0,0,0,Fine,Null
1757792.8845,5916186.7411,893044,,515801,0,,0,0,,North,2024/2025,GILLIES AVENUE,KIMBERLEY ROAD,,Non-Injury Crash,No,2025,,South,,0,,Flat,,,,,,Dark,445500,0,1,0,2,,,0,,,1,,,Auckland Region,Nil,2-way,Sealed,,0,0,,50,,On,0,0,,76,Auckland,Nil,,,,,0,0,Urban,0,,,Fine,Null
1769302.6656,5907432.9447,893048,,523711,0,,0,3,,South,2025/2026,TE IRIRANGI DRIVE,ORMISTON ROAD,,Non-Injury Crash,No,2025,,North,,0,,Flat,,,,,,Dark,712801,0,0,0,4,,,0,,,,,,Auckland Region,Nil,1-way,Sealed,,0,0,,60,,Off,0,0,,76,Auckland,Nil,,,,,0,0,Urban,0,,,Fine,Null
1761807.5317,5920016.7412,893058,,516400,0,0,0,1,0,West,2025/2026,TAMAKI DRIVE,WATENE CRESCENT,,Non-Injury Crash,No,2025,0,West,0,0,0,Flat,0,,0,,0,Dark,498900,0,0,0,2,0,0,0,0,0,,0,0,Auckland Region,Nil,2-way,Sealed,0,0,0,0,50,0,On,0,0,,76,Auckland,Nil,0,1,0,0,0,0,Urban,0,0,0,Fine,Null
1729649.7014,5940460.8428,893060,35,506800,0,,1,1,,North,2024/2025,RAILWAY STREET,AWAROA ROAD,,Non-Injury Crash,Yes,2025,,South,,0,,Flat,,,,,,Dark,208201,0,0,0,2,,,0,,,,,,Auckland Region,Nil,2-way,Sealed,,0,0,,50,,On,0,0,,76,Auckland,Nil,,,,,0,0,Urban,0,,,Light rain,Null
1745396.5385,5920406.9933,893065,,513301,0,,0,1,,Null,2022/2023,LINCOLN ROAD,TRIANGLE ROAD,,Non-Injury Crash,No,2023,,South,,0,,Flat,,,,,,Overcast,230301,0,0,0,5,,,0,,,,,,Auckland Region,Nil,2-way,Sealed,,0,0,,50,,Off,0,0,,76,Auckland,Traffic Signals,,,,,0,0,Urban,1,,,Fine,Null
1757875.8951,5914445.798,893067,,518600,0,,0,2,,Null,2022/2023,PAH ROAD,SELWYN ROAD,,Non-Injury Crash,No,2023,,North,,0,,Flat,,,,,,Overcast,566000,0,0,0,4,,,0,,,,,,Auckland Region,Nil,2-way,Sealed,,0,0,,50,,Off,0,0,,76,Auckland,Stop,,,,,0,0,Urban,0,,,Light rain,Null
1758880.2176,5912177.0269,893070,,519820,0,,1,0,,Null,2025/2026,CHURCH STREET,LOWER MUNICIPAL PLACE,,Fatal Crash,No,2025,,East,,1,,Flat,,,,,,Bright sun,601700,0,0,0,2,,,0,,,1,,,Auckland Region,Nil,2-way,Sealed,,0,0,,50,,Off,0,0,,76,Auckland,Give way,,,,,0,0,Urban,0,,,Fine,Null
1763443.9937,5910888.8061,893074,,520500,0,,0,0,,South,2025/2026,GREAT SOUTH ROAD,MOUNT RICHMOND ENT,,Non-Injury Crash,No,2025,,North,,0,,Null,,,,,,Unknown,637801,0,0,0,4,,,0,,,,,,Auckland Region,Nil,2-way,Sealed,,0,0,,50,,Null,0,0,,76,Auckland,Nil,,,,,0,0,Urban,1,,,Fine,Null
1772908.5826,5897703.836,893076,,523912,0,0,0,2,0,Null,2025/2026,REGIMENT ROAD,INFANTRY LANE,,Non-Injury Crash,No,2025,0,North,0,0,0,Flat,0,,0,,0,Dark,765600,0,0,0,2,0,0,0,0,1,,0,0,Auckland Region,Nil,2-way,Sealed,0,0,0,0,50,0,On,0,0,,76,Auckland,Nil,0,0,0,0,0,0,Urban,0,0,0,Fine,Null
1757809.6268,5918170.2611,893088,,515700,0,,0,1,,East,2024/2025,SOUTHERN MOTORWAY,MOUNTAIN OBR,,Non-Injury Crash,Yes,2025,,North,,0,,Flat,,Easter,,,,Dark,443600,0,0,0,5,,,0,,,,,,Auckland Region,Nil,1-way,Sealed,,0,0,,80,,On,1,0,,76,Auckland,Nil,,,,,0,0,Open,0,,,Light rain,Null
1759448.512,5910360.0328,893093,,524002,0,,0,3,,North,2022/2023,SOUTH-WESTERN MOTORWAY,RIMU OBR,,Non-Injury Crash,Yes,2023,,South,,0,,Flat,,,,,,Dark,722400,0,0,0,4,,,0,,,,,,Auckland Region,Nil,1-way,Sealed,,0,0,,100,,On,0,0,,76,Auckland,Nil,,,,,0,0,Open,1,,,Heavy rain,Null
1764071.4568,5912447.9848,893095,,520500,0,,0,1,,West,2023/2024,SOUTHERN MOTORWAY,SYLVIA PARK RAIL OBR,,Non-Injury Crash,Yes,2024,,South,,0,,Flat,,,,,,Overcast,637500,0,0,0,2,,,0,,,,,,Auckland Region,Nil,1-way,Sealed,,0,0,,100,,On,1,0,,76,Auckland,Nil,,,,,0,0,Open,1,,,Fine,Null
1762150.4589,5913731.2874,893096,,520401,0,,0,3,,North,2025/2026,SOUTHERN MOTORWAY,PENROSE OBR,,Non-Injury Crash,Yes,2025,,South,,0,,Flat,,,,,,Bright sun,644300,0,0,0,3,,,0,,,,,,Auckland Region,Nil,1-way,Sealed,,0,0,,100,,Off,0,0,,76,Auckland,Nil,,,,,0,0,Open,0,,,Fine,Null
1764219.9167,5917441.9582,893097,,517201,0,,0,1,,Null,2022/2023,COLLEGE ROAD,ST JOHNS ROAD,,Non-Injury Crash,No,2023,,North,,0,,Flat,,,,,,Dark,464900,0,0,0,3,,,0,,,,,,Auckland Region,Nil,2-way,Sealed,,0,0,,50,,On,1,0,,76,Auckland,Give way,,,,,0,0,Urban,0,,,Fine,Null
1753857.2302,5918247.5619,893099,,515432,0,,0,1,,North,2023/2024,ST LUKES ROAD OFF RAMP,ST LUKES ROAD,,Non-Injury Crash,No,2024,,West,,0,,Hill Road,,,,,,Dark,405500,0,0,0,1,,,0,,,,,,Auckland Region,Speed hump,1-way,Sealed,,0,0,,50,,On,1,0,,76,Auckland,Nil,,,,,0,0,Urban,0,,,Fine,Null
1767250.4377,5904263.4487,893103,,524604,0,,0,2,,West,2023/2024,PUTNEY WAY,OSTERLEY WAY,,Non-Injury Crash,No,2023,,East,,0,,Flat,,,,,,Bright sun,780204,0,0,0,2,,,0,,,,,,Auckland Region,Nil,2-way,Sealed,,0,0,,50,,On,0,0,,76,Auckland,Nil,,,,,0,0,Urban,0,,,Fine,Null
1768586.1566,5911640.0908,893105,,523112,0,,0,2,,East,2023/2024,TI RAKAU DRIVE,TRUGOOD DRIVE,,Non-Injury Crash,No,2024,,West,,0,,Flat,,,,,,Overcast,711404,0,0,0,2,,,0,,,,,,Auckland Region,Nil,1-way,Sealed,,0,0,,60,,Off,0,0,,76,Auckland,Nil,,,,,0,0,Urban,0,,,Fine,Null
1757073.298,5920537.0464,893113,,514102,0,,0,1,,Null,2023/2024,VICTORIA STREET WEST,HOBSON STREET,,Serious Crash,No,2024,,West,,0,,Flat,,,,,,Overcast,433801,0,0,1,4,,,0,,,,,,Auckland Region,Nil,2-way,Sealed,,0,1,,30,,Null,0,0,,76,Auckland,Traffic Signals,,,,,0,0,Urban,0,,,Fine,Null
1753350.142,5914241.4284,893115,,518801,0,,0,2,,South,2023/2024,RICHARDSON ROAD,MAIORO STREET,,Non-Injury Crash,No,2023,,North,,0,,Flat,,,,,,Bright sun,578400,0,0,0,4,,,0,,,,,,Auckland Region,Nil,2-way,Sealed,,0,0,,50,,Off,0,0,,76,Auckland,Nil,,,,,0,0,Urban,0,,,Fine,Null
1763700.0739,5908885.8587,893116,,521901,0,,0,2,,Null,2025/2026,MANGERE ROAD,WALMSLEY ROAD,,Non-Injury Crash,No,2025,,West,,0,,Flat,,,,,,Bright sun,785400,0,0,0,5,,,0,,,,,,Auckland Region,Nil,2-way,Sealed,,0,0,,50,,Off,0,0,,76,Auckland,Traffic Signals,,,,,0,0,Urban,0,,,Fine,Null
1747049.6023,5972216.647,893117,,506661,0,0,0,1,0,North,2023/2024,SH 1,GOATLEY ROAD,,Non-Injury Crash,Yes,2023,0,North,0,0,0,Flat,1,,0,,0,Twilight,139000,0,0,0,2,0,0,0,0,0,,0,0,Auckland Region,Nil,2-way,Sealed,0,0,0,0,60,0,On,0,0,,76,Auckland,Nil,1,0,0,0,0,0,Urban,1,0,0,Fine,Null
1763721.5291,5912633.0972,893120,,520500,0,,0,1,,West,2025/2026,SOUTHERN MOTORWAY,MT WGTN OBR,,Non-Injury Crash,Yes,2025,,West,,0,,Null,,,,,,Unknown,637300,0,0,0,2,,,0,,,,,,Auckland Region,Nil,1-way,Sealed,,0,0,,100,,Null,0,0,,76,Auckland,Nil,,,,,0,0,Open,1,,,Null,Null
1756929.5438,5920006.1444,893121,,514102,0,,0,2,,South,2022/2023,VINCENT STREET,MAYORAL DRIVE,,Non-Injury Crash,No,2023,,North,,0,,Hill Road,,Easter,,,,Dark,434701,0,0,0,2,,,0,,,,,,Auckland Region,Nil,2-way,Sealed,,0,0,,50,,On,0,0,,76,Auckland,Nil,,,,,0,0,Urban,0,,,Fine,Null
1761578.5386,5883040.5721,893124,,521121,0,0,0,0,0,West,2024/2025,COSTELLO ROAD,DAY ROAD,,Non-Injury Crash,No,2024,0,East,0,0,1,Flat,0,,0,,0,Dark,811200,0,0,0,2,0,1,0,0,0,,0,0,Auckland Region,Nil,2-way,Sealed,0,0,0,0,60,0,On,0,0,,76,Auckland,Nil,0,0,0,0,0,0,Urban,1,0,0,Fine,Null
1768907.6458,5909594.6728,893126,,523113,0,0,0,1,0,North,2024/2025,SIR WILLIAM AVENUE,LADY RUBY DRIVE,,Non-Injury Crash,No,2025,0,North,0,0,0,Flat,0,,0,,0,Twilight,711809,0,0,0,2,0,0,0,0,1,,0,0,Auckland Region,Nil,2-way,Sealed,0,0,0,0,50,0,On,0,0,,76,Auckland,Nil,0,0,0,0,1,0,Urban,0,0,0,Fine,Null
1755946.0021,5917048.0792,893127,,518201,0,0,0,0,0,South,2022/2023,DOMINION ROAD,BURNLEY TERRACE,,Non-Injury Crash,No,2023,0,South,0,0,0,Flat,0,,0,,0,Bright sun,548200,0,0,0,2,0,0,0,0,1,,0,0,Auckland Region,Nil,2-way,Sealed,0,0,0,0,50,0,None,0,0,,76,Auckland,Nil,0,0,0,0,0,0,Urban,1,0,0,Fine,None
1747611.1583,5919472.6987,893128,,512402,0,,0,2,,West,2024/2025,TE ATATU ROAD OFF RAMP,NORTH-WESTERN MOTORWAY,,Non-Injury Crash,No,2025,,West,,0,,Flat,,,,,,Dark,253700,0,0,0,6,,,0,,,,,,Auckland Region,Nil,1-way,Sealed,,0,0,,100,,On,0,0,,76,Auckland,Nil,,,,,0,0,Open,0,,,Light rain,Strong wind
1779099.2316,5927607.025,893133,,520801,0,0,0,2,0,South,2022/2023,KORORA ROAD,TIRI ROAD,,Non-Injury Crash,No,2023,0,North,0,0,0,Hill Road,0,,0,,0,Bright sun,516100,0,0,0,2,0,0,0,0,1,,0,0,Auckland Region,Nil,2-way,Sealed,0,0,0,0,50,0,Off,0,0,,76,Auckland,Nil,0,0,0,0,0,0,Urban,0,0,0,Fine,Null
1766300.3949,5904066.611,893135,,524604,0,,0,2,,West,2023/2024,FALCON ROAD,EDSEL WAY,,Non-Injury Crash,No,2023,,East,,0,,Flat,,,,,,Bright sun,780209,0,0,0,2,,,0,,,,,,Auckland Region,Nil,2-way,Sealed,,0,0,,50,,Off,0,0,,76,Auckland,Nil,,,,,0,0,Urban,0,,,Light rain,None
1760449.2227,5915673.9274,893140,,516003,0,,0,2,,East,2025/2026,SOUTHERN MOTORWAY,GREEN LANE EAST OFF RAMP,,Non-Injury Crash,Yes,2025,,North,,0,,Flat,,,,,,Bright sun,494902,0,0,0,3,,,0,,,,,,Auckland Region,Nil,1-way,Sealed,,0,0,,100,,Off,0,0,,76,Auckland,Nil,,,,,0,0,Open,0,,,Fine,Null
1762268.1481,5913745.8248,893141,,520402,0,,0,1,,Null,2023/2024,PORTMAN ROAD,PENROSE ROAD,,Non-Injury Crash,No,2023,,North,,0,,Flat,,,,,,Dark,642200,0,0,0,2,,,0,,,,,,Auckland Region,Nil,2-way,Sealed,,0,0,,50,,On,0,0,,76,Auckland,Stop,,,,,0,0,Urban,1,,,Fine,Null
1762811.7899,5907578.2141,893142,,524301,0,0,0,2,0,North,2025/2026,MASSEY ROAD,FERGUSON STREET,,Minor Crash,No,2025,0,South,0,0,0,Flat,0,,0,,0,Dark,747601,1,0,0,2,0,0,0,0,1,,0,0,Auckland Region,Nil,2-way,Sealed,0,0,0,0,50,0,On,0,0,,76,Auckland,Nil,0,0,0,0,0,0,Urban,1,0,0,Fine,Null
1778040.3427,5916090.7881,893148,,523300,0,0,0,0,0,South,2024/2025,WAKELIN ROAD,FOURTH VIEW AVENUE,,Non-Injury Crash,No,2025,0,South,0,0,0,Null,0,,0,,0,Dark,719105,0,0,0,2,0,0,0,0,1,,0,0,Auckland Region,Nil,2-way,Sealed,0,0,0,0,50,0,On,0,0,,76,Auckland,Nil,0,0,0,0,0,0,Urban,1,0,0,Fine,Null
1755189.0235,5927272.5684,893149,,508620,0,0,0,1,0,East,2023/2024,ANNE ROAD,VELMA ROAD,,Minor Crash,No,2024,0,South,0,0,0,Flat,0,,0,,0,Overcast,202801,1,0,0,2,0,0,0,0,1,,0,0,Auckland Region,Nil,2-way,Sealed,0,0,0,0,50,0,Off,2,0,,76,Auckland,Nil,0,0,0,0,0,0,Urban,0,0,0,Fine,Null
1768650.6145,5911638.9775,893150,,523107,0,,0,2,,West,2024/2025,TI RAKAU DRIVE,BURSWOOD DRIVE,,Non-Injury Crash,No,2025,,West,,0,,Flat,,,,,,Overcast,711408,0,0,0,2,,,0,,,,,,Auckland Region,Nil,2-way,Sealed,,0,0,,50,,Off,0,0,40,76,Auckland,Nil,,,,,0,0,Urban,0,,,Light rain,Null
1739524.4497,5912313.9219,893159,,513020,0,0,0,1,0,North,2023/2024,SCENIC DRIVE,BRABANT ROAD,,Non-Injury Crash,No,2023,0,North,0,0,0,Hill Road,0,,0,,0,Dark,280302,0,0,0,2,0,0,0,0,0,,0,0,Auckland Region,Nil,2-way,Sealed,0,0,0,0,60,0,None,0,0,,76,Auckland,Nil,0,0,0,1,0,0,Urban,0,0,0,Fine,Null
1774975.6439,5897406.5941,893160,,523813,0,0,0,0,0,Null,2025/2026,PAPAKURA-CLEVEDON ROAD,PAKARAKA DRIVE,,Non-Injury Crash,No,2025,0,East,0,0,0,Flat,1,,0,,0,Dark,761602,0,0,0,2,0,0,0,0,0,,0,0,Auckland Region,Nil,2-way,Sealed,0,0,0,0,50,0,On,0,0,,76,Auckland,Nil,0,0,0,0,0,0,Urban,1,0,0,Light rain,Strong wind
1749940.3145,5946144.3902,893162,,506001,0,,0,2,,North,2025/2026,SILVERDALE STREET,HIBISCUS COAST HIGHWAY,,Non-Injury Crash,No,2025,,North,,0,,Null,,,,,,Bright sun,175400,0,0,0,2,,,0,,,,,,Auckland Region,Nil,2-way,Sealed,,0,0,,50,,Null,0,0,,76,Auckland,Nil,,,,,0,0,Urban,0,,,Null,Null
1766334.6695,5907558.4226,893163,,523601,0,,0,1,,Null,2024/2025,EAST TAMAKI ROAD,EAST TAMAKI ROAD ON RAMP,,Minor Crash,No,2024,,South,,0,,Flat,,,,,,Overcast,708500,3,0,0,2,,,0,,,,,,Auckland Region,Overpass,1-way,Sealed,,0,0,,50,,Off,0,0,,76,Auckland,Traffic Signals,,,,,0,0,Urban,1,,,Fine,Null
1759324.7268,5910779.27,893166,,524002,0,,0,2,,North,2024/2025,SOUTH-WESTERN MOTORWAY,RIMU ROAD ON RAMP,,Non-Injury Crash,Yes,2025,,North,,0,,Flat,,,,,,Dark,722400,0,0,0,4,,,0,,,,,,Auckland Region,Nil,1-way,Sealed,,0,0,,100,,On,0,0,,76,Auckland,Nil,,,,,0,0,Open,0,,,Fine,Strong wind
1756738.8729,5914564.7574,893171,35,518600,0,0,0,2,0,North,2023/2024,MOUNT EDEN ROAD,HUNTERS PARK DRIVE,,Minor Crash,No,2024,0,South,0,0,0,Flat,0,,0,,0,Bright sun,563901,1,0,0,2,0,0,0,0,1,,0,0,Auckland Region,Nil,2-way,Sealed,0,0,0,0,50,0,None,0,0,40,76,Auckland,Nil,0,0,0,0,0,0,Urban,0,0,0,Fine,Null
1770661.4712,5898620.947,893172,,523920,0,,0,2,,Null,2024/2025,GREAT SOUTH ROAD,WALTER STREVENS DRIVE,,Non-Injury Crash,No,2024,,South,,0,,Flat,,,,,,Bright sun,768008,0,0,0,4,,,0,,,,,,Auckland Region,Nil,2-way,Sealed,,0,0,,50,,Off,0,0,,76,Auckland,Traffic Signals,,,,,0,0,Urban,0,,,Fine,Null
1774615.3867,5896687.4174,893176,,525610,0,0,0,3,0,Null,2024/2025,PRESIDENT AVENUE,BELGRAVE PLACE,,Minor Crash,No,2025,0,South,0,0,0,Flat,0,,1,,0,Dark,799800,1,0,0,2,0,0,0,0,1,,0,0,Auckland Region,Nil,2-way,Sealed,0,0,0,0,50,0,On,0,0,,76,Auckland,Nil,0,0,0,0,0,0,Urban,0,0,0,Light rain,Null
1753041.6181,5932517.7678,893178,,508807,0,0,0,5,0,Null,2025/2026,OFF ROAD - CAR PARK HENRY ROSE PLACE,,,Serious Crash,No,2025,0,South,0,0,0,Flat,0,,0,,0,Bright sun,180811,0,0,0,,0,0,0,0,1,,0,0,Auckland Region,Nil,Off road,Sealed,0,0,1,0,,0,Off,0,0,,76,Auckland,Nil,0,0,0,0,0,0,Urban,0,0,0,Fine,Null
1757254.2385,5918684.6705,893182,,514302,0,,0,2,,Null,2025/2026,KHYBER PASS ROAD,NUGENT STREET,,Non-Injury Crash,No,2025,,West,,0,,Flat,,,,,,Overcast,442000,0,0,0,4,,,0,,,,,,Auckland Region,Nil,2-way,Sealed,,0,0,,50,,Off,0,0,,76,Auckland,Traffic Signals,,,,,0,0,Urban,0,,,Light rain,Null
1737234.0949,5922546.3956,893184,,505700,0,,0,2,,East,2025/2026,HUNTER ROAD,CUTHBERT ROAD,,Non-Injury Crash,No,2025,,North,,0,,Flat,,,,,,Dark,216601,0,0,0,2,,,0,,,,,,Auckland Region,Nil,2-way,Sealed,,0,0,,60,,Null,0,0,,76,Auckland,Nil,,,,,0,0,Urban,0,,,Fine,Null
1769656.3112,5901632.682,893191,,524901,0,,1,1,,South,2023/2024,SOUTHERN MOTORWAY,HILL OBR,,Non-Injury Crash,Yes,2023,,North,,0,,Hill Road,,,,,,Bright sun,756901,0,0,0,3,,,0,,,,,,Auckland Region,Nil,1-way,Sealed,,0,0,,100,,Off,0,0,,76,Auckland,Nil,,,,,0,0,Open,0,,,Fine,Null
1747245.977,5919828.3674,893194,,512300,0,0,0,2,0,Null,2024/2025,TE ATATU ROAD,TE ATATU ROAD OFF RAMP,,Non-Injury Crash,No,2025,0,North,0,0,1,Flat,0,,0,,0,Dark,251700,0,0,0,4,0,0,0,0,0,,0,0,Auckland Region,Overpass,2-way,Sealed,0,0,0,0,50,0,On,0,0,,76,Auckland,Traffic Signals,0,1,0,0,0,0,Urban,0,0,0,Fine,Null
1757502.821,5918688.5454,893202,,514302,0,,0,2,,South,2024/2025,SOUTHERN MOTORWAY,PORT TO SOUTHERN LINK,,Non-Injury Crash,Yes,2025,,South,,0,,Flat,,Easter,,,,Overcast,442500,0,0,0,4,,,0,,,,,,Auckland Region,Nil,1-way,Sealed,,0,0,,80,,Off,0,0,,76,Auckland,Nil,,,,,0,0,Open,0,,,Mist or Fog,Null
1756217.7805,5924530.7702,893207,,509702,0,,0,1,,East,2024/2025,ONEWA ROAD ON RAMP,ONEWA OFF NBD,,Non-Injury Crash,No,2024,,East,,0,,Hill Road,,,,,,Bright sun,366700,0,0,0,2,,,0,,,,,,Auckland Region,Motorway ramp,1-way,Sealed,,0,0,,50,,Off,0,0,,76,Auckland,Nil,,,,,0,0,Urban,1,,,Fine,Null
1765004.1241,5910521.7354,893213,,521803,0,,0,0,,South,2022/2023,SOUTHERN MOTORWAY,PRINCES ST-OTAHUHU OFF RAMP,,Non-Injury Crash,Yes,2023,,South,,0,,Flat,,,,,,Overcast,790000,0,0,0,3,,,0,,,,,,Auckland Region,Nil,1-way,Sealed,,0,0,,100,,Null,0,0,,76,Auckland,Nil,,,,,1,0,Open,1,,,Light rain,Null
1764799.0401,5903810.9796,893218,,524604,0,,0,1,,Null,2025/2026,CAVENDISH DRIVE,CAVENDISH DRIVE,,Minor Crash,No,2025,,East,,0,,Flat,,,,,,Bright sun,781301,1,0,0,2,,,0,,,,,,Auckland Region,Motorway ramp,1-way,Sealed,,0,0,,50,,Off,0,0,,76,Auckland,Traffic Signals,,,,,0,0,Urban,1,,,Fine,Null
1746179.2526,5931458.2493,893224,,509000,0,0,0,1,1,West,2024/2025,BROOKDALE ROAD,PAREMOREMO ROAD,,Non-Injury Crash,No,2024,0,East,0,0,0,Hill Road,0,,0,,0,Overcast,179401,0,0,0,2,0,0,0,0,0,,0,0,Auckland Region,Nil,2-way,Sealed,0,0,0,0,60,0,None,0,0,,76,Auckland,Nil,0,0,0,0,0,0,Urban,0,0,0,Fine,Null
1783723.8384,5926764.1375,893235,,520801,0,,0,0,,South,2023/2024,SEA VIEW ROAD,VIEW ROAD,,Non-Injury Crash,No,2023,,South,,0,,Hill Road,,,,,,Overcast,515203,0,0,0,2,,,0,,,,,,Auckland Region,Nil,2-way,Sealed,,0,0,,50,,None,0,0,,76,Auckland,Nil,,,,,0,0,Urban,1,,,Fine,Null
1761364.4011,5914276.997,893240,35,520202,0,,0,2,,Null,2023/2024,ELLERSLIE-PANMURE HWY ON RAMP,ELLERSLIE-PANMURE HIGHWAY,,Non-Injury Crash,No,2023,,North,,0,,Flat,,,,,,Bright sun,612100,0,0,0,2,,,0,,,,,,Auckland Region,Motorway ramp,2-way,Sealed,,0,0,,50,,None,0,0,,76,Auckland,Give way,,,,,0,0,Urban,0,,,Fine,Null
1766249.5345,5907496.1859,893247,,522301,0,0,0,1,0,South,2023/2024,EAST TAMAKI ROAD,EAST TAMAKI OBR,,Non-Injury Crash,No,2023,0,North,0,0,0,Flat,0,,0,,0,Overcast,666700,0,0,0,2,0,0,0,0,0,,0,0,Auckland Region,Bridge,1-way,Sealed,0,0,0,0,60,0,None,0,0,,76,Auckland,Nil,1,0,0,0,0,0,Urban,0,0,0,Light rain,Null
1770470.2765,5904576.3666,893248,,523820,0,,0,1,,Null,2024/2025,MURPHYS ROAD,REDOUBT ROAD,,Non-Injury Crash,No,2024,,South,,0,,Null,,,,,,Bright sun,760000,0,0,0,2,,,0,,,,,,Auckland Region,Nil,2-way,Sealed,,0,0,,60,,Null,1,0,,76,Auckland,Stop,,,,,0,0,Urban,0,,,Fine,Null
1734166.7122,5980555.1909,893250,,506660,0,,0,0,,Null,2024/2025,KAIPARA COAST HIGHWAY,PORT ALBERT ROAD,,Minor Crash,Yes,2025,,North,,0,,Flat,,,,,,Overcast,144600,1,0,1,2,,,0,,,,,,Auckland Region,Nil,2-way,Sealed,,0,0,,100,,Off,0,0,,76,Auckland,Give way,,,,,0,0,Open,0,,,Fine,Null