X,Y,OBJECTID,advisorySpeed,areaUnitID,bicycle,bridge,bus,carStationWagon,cliffBank,crashDirectionDescription,crashFinancialYear,crashLocation1,crashLocation2,crashRoadSideRoad,crashSeverity,crashSHDescription,crashYear,debris,directionRoleDescription,ditch,fatalCount,fence,flatHill,guardRail,holiday,houseOrBuilding,intersection,kerb,light,meshblockId,minorInjuryCount,moped,motorcycle,NumberOfLanes,objectThrownOrDropped,otherObject,otherVehicleType,overBank,parkedVehicle,pedestrian,phoneBoxEtc,postOrPole,region,roadCharacter,roadLane,roadSurface,roadworks,schoolBus,seriousInjuryCount,slipOrFlood,speedLimit,strayAnimal,streetLight,suv,taxi,temporarySpeedLimit,tlaId,tlaName,trafficControl,trafficIsland,trafficSign,train,tree,truck,unknownVehicleType,urban,vanOrUtility,vehicle,waterRiver,weatherA,weatherB
1764060.2204,5907342.297,893253,,522201,0,0,0,0,0,East,2023/2024,MIDDLEMORE CRESCENT,SWAFFIELD ROAD,,Non-Injury Crash,No,2023,0,South,0,0,1,Flat,0,,0,,0,Bright sun,660500,0,0,0,2,0,0,0,0,0,,0,0,Auckland Region,Nil,2-way,Sealed,0,0,0,0,50,0,Off,1,0,,76,Auckland,Nil,0,0,0,0,0,0,Urban,0,0,0,Fine,None
1770105.1541,5910671.7966,893255,,523113,0,,0,2,,Null,2022/2023,TE IRIRANGI DRIVE,TE IRIRANGI DRIVE,,Non-Injury Crash,No,2023,,North,,0,,Flat,,,,,,Bright sun,711741,0,0,0,4,,,0,,,,,,Auckland Region,Nil,2-way,Sealed,,0,0,,60,,Off,0,0,,76,Auckland,Give way,,,,,0,0,Urban,0,,,Fine,Null
1756096.8119,5918720.5683,893258,,515500,0,,0,1,,West,2025/2026,NORTH-WESTERN MOTORWAY,WAIMA FTBR,,Minor Crash,Yes,2025,,East,,0,,Flat,,,,,,Bright sun,417600,1,0,0,4,,,0,,,,,,Auckland Region,Nil,1-way,Sealed,,0,0,,80,,Off,1,0,,76,Auckland,Nil,,,,,0,0,Open,1,,,Fine,Null
1771042.5705,5912001.6325,893261,,523106,1,,0,1,,Null,2024/2025,KILIMANJARO DRIVE,TARNICA ROAD,,Minor Crash,No,2025,,North,,0,,Hill Road,,,,,,Bright sun,711131,1,0,0,2,,,0,,,,,,Auckland Region,Nil,2-way,Sealed,,0,0,,50,,Off,0,0,,76,Auckland,Nil,,,,,0,0,Urban,0,,,Fine,Null
1784015.7827,5910802.665,893262,,525201,0,0,0,1,0,South,2025/2026,NORTH ROAD,MARAETAI COAST ROAD,,Serious Crash,No,2025,0,North,0,0,0,Flat,0,,0,,0,Overcast,762700,0,0,0,2,0,0,0,0,0,,0,1,Auckland Region,Nil,2-way,Sealed,0,0,1,0,80,0,None,0,0,,76,Auckland,Nil,0,0,0,1,0,0,Open,0,0,0,Fine,Null
1745188.4689,5919690.1857,893274,,513301,0,,0,1,,Null,2025/2026,OFF ROAD - CAR PARK,,,Minor Crash,No,2026,,South,,0,,Flat,,,,,,Bright sun,232001,1,0,0,,,,0,,,1,,,Auckland Region,Nil,Off road,Sealed,,0,0,,,,None,0,0,,76,Auckland,Nil,,,,,0,0,Urban,0,,,Fine,Null
1759793.9628,5908952.6695,893275,,524403,0,,0,2,,South,2023/2024,SOUTH-WESTERN MOTORWAY,WALMSLEY ROAD OFF RAMP,,Non-Injury Crash,Yes,2023,,South,,0,,Flat,,,,,,Twilight,729600,0,0,0,3,,,0,,,,,,Auckland Region,Nil,1-way,Sealed,,0,0,,100,,On,0,0,,76,Auckland,Nil,,,,,0,0,Open,0,,,Fine,Null
1755159.2509,5917785.7594,893290,,517500,0,0,0,1,0,West,2024/2025,NEW NORTH ROAD,KINGSLAND AVENUE,,Non-Injury Crash,No,2025,0,West,0,0,0,Hill Road,0,,0,,0,Bright sun,531900,0,0,0,2,0,0,0,0,0,,0,2,Auckland Region,Nil,2-way,Sealed,0,0,0,0,30,0,Off,0,0,,76,Auckland,Nil,0,0,0,0,0,0,Urban,1,0,0,Fine,Null
1765559.897,5906995.9101,893291,,522301,0,,0,2,,Null,2023/2024,EAST TAMAKI ROAD,GREAT SOUTH ROAD,,Non-Injury Crash,No,2023,,West,,0,,Flat,,,,,,Overcast,666200,0,0,0,4,,,0,,,,,,Auckland Region,Nil,2-way,Sealed,,0,0,,50,,Off,0,0,,76,Auckland,Traffic Signals,,,,,0,0,Urban,0,,,Fine,Null
1764323.4508,5903995.0118,893292,,524604,0,,0,0,,Null,2025/2026,SOUTH-WESTERN MOTORWAY,CAVENDISH DRIVE ON RAMP,,Non-Injury Crash,Yes,2025,,North,,0,,Flat,,,,,,Bright sun,781100,0,0,0,2,,,0,,,,,,Auckland Region,Overpass,1-way,Sealed,,0,0,,100,,Off,0,0,,76,Auckland,Nil,,,,,1,0,Open,1,,,Fine,Null
1747523.0807,5912360.3159,893300,,511901,0,0,0,1,1,Null,2025/2026,ATKINSON ROAD,CAPTAIN SCOTT ROAD,,Non-Injury Crash,No,2025,0,South,0,0,0,Hill Road,0,,0,,0,Dark,294401,0,0,0,2,0,0,0,0,0,,0,0,Auckland Region,Nil,2-way,Sealed,0,0,0,0,50,0,On,0,0,,76,Auckland,Give way,0,0,0,0,0,0,Urban,0,0,0,Mist or Fog,Null
1774223.6791,5902626.1734,893314,,523813,0,1,0,0,0,South,2024/2025,ALFRISTON-ARDMORE ROAD,MUIRS BR,,Non-Injury Crash,No,2025,0,South,0,0,0,Flat,0,,0,,0,Twilight,761000,0,0,0,2,0,0,0,0,0,,0,0,Auckland Region,Bridge,2-way,Sealed,0,0,0,0,80,0,None,0,0,,76,Auckland,Nil,0,0,0,0,0,0,Open,1,0,0,Fine,Null
1768661.8595,5905305.8478,893326,45,523722,0,0,0,1,0,Null,2025/2026,HOLLYFORD DRIVE,TE IRIRANGI DRIVE,,Non-Injury Crash,No,2025,0,North,0,0,0,Flat,0,,0,,1,Dark,716007,0,0,0,2,0,0,0,0,0,,0,0,Auckland Region,Nil,2-way,Sealed,0,0,0,0,60,0,On,0,0,50,76,Auckland,Traffic Signals,0,0,0,0,0,0,Urban,0,0,0,Fine,Null
1734198.2994,5980334.5812,893328,65,506660,0,0,0,0,0,South,2024/2025,KAIPARA COAST HIGHWAY,PORT ALBERT ROAD,,Non-Injury Crash,Yes,2025,0,North,0,0,1,Hill Road,0,,0,,0,Overcast,144600,0,0,0,2,0,0,0,0,0,,0,1,Auckland Region,Nil,2-way,Sealed,0,0,0,0,100,0,None,0,0,,76,Auckland,Nil,0,0,0,0,0,0,Open,1,0,0,Light rain,Null
1763756.3232,5909806.5299,893330,,521901,0,,0,1,,Null,2025/2026,STATION ROAD,MASON AVENUE,,Non-Injury Crash,No,2025,,South,,0,,Flat,,Christmas New Year,,,,Overcast,784200,0,0,0,2,,,0,,,,,,Auckland Region,Nil,2-way,Sealed,,0,0,,30,,On,0,0,,76,Auckland,Stop,,,,,0,0,Urban,1,,,Light rain,Null
1770619.4268,5881455.651,893333,,521111,0,,0,0,,South,2023/2024,GOLDING ROAD,PUKEKOHE EAST ROAD,,Non-Injury Crash,No,2024,,South,,0,,Hill Road,,,,,,Dark,827001,0,0,0,2,,,0,,,,,,Auckland Region,Nil,2-way,Sealed,,0,0,,60,,None,0,0,,76,Auckland,Nil,,,,,1,0,Urban,0,,,Mist or Fog,Null
1771695.6105,5899044.5974,893334,,523911,0,,0,2,,Null,2025/2026,AIRFIELD ROAD,PORCHESTER ROAD,,Non-Injury Crash,No,2026,,East,,0,,Flat,,,,,,Twilight,767004,0,0,0,2,,,0,,,,,,Auckland Region,Nil,2-way,Sealed,,0,0,,50,,Off,0,0,,76,Auckland,Give way,,,,,0,0,Urban,0,,,Fine,Null
1768158.6445,5907855.3866,893338,,523502,0,,0,2,,Null,2024/2025,EAST TAMAKI ROAD,PRESTON ROAD,,Non-Injury Crash,No,2025,,West,,0,,Flat,,,,,,Dark,703800,0,0,0,6,,,0,,,,,,Auckland Region,Nil,2-way,Sealed,,0,0,,50,,On,0,0,,76,Auckland,Traffic Signals,,,,,0,0,Urban,0,,,Fine,Null
1746982.4664,5919815.1648,893341,,512300,0,,0,1,,East,2023/2024,NORTH-WESTERN MOTORWAY,TE ATATU ROAD OFF RAMP,,Non-Injury Crash,Yes,2024,,East,,0,,Flat,,,,,,Bright sun,251700,0,0,0,2,,,0,,,,,,Auckland Region,Nil,1-way,Sealed,,0,0,,100,,Off,0,0,,76,Auckland,Nil,,,,,1,0,Open,0,,,Fine,Null
1768872.5001,5914187.4739,893343,,522721,0,,0,2,,North,2022/2023,PAKURANGA ROAD,CASCADES ROAD,,Minor Crash,No,2023,,West,,0,,Flat,,,,,,Bright sun,681215,1,0,0,6,,,0,,,,,,Auckland Region,Nil,2-way,Sealed,,0,0,,50,,None,0,0,,76,Auckland,Nil,,,,,0,0,Urban,0,,,Fine,Null
1763411.5964,5910436.5657,893345,45,521901,0,0,0,1,0,South,2022/2023,SALEYARDS ROAD,PORTAGE ROAD,,Non-Injury Crash,No,2023,0,North,0,0,0,Flat,0,,0,,0,Dark,781800,0,0,0,2,0,0,0,0,1,,0,0,Auckland Region,Nil,2-way,Sealed,0,0,0,0,50,0,On,0,0,,76,Auckland,Nil,0,0,0,0,0,1,Urban,0,0,0,Light rain,None
1763442.0055,5910504.2063,893347,,521901,0,0,0,1,0,South,2022/2023,SALEYARDS ROAD,PORTAGE ROAD,,Non-Injury Crash,No,2023,0,North,0,0,0,Flat,0,Christmas New Year,0,,0,Twilight,781800,0,0,0,2,0,1,0,0,0,,0,0,Auckland Region,Nil,2-way,Sealed,0,0,0,0,50,0,Off,0,0,,76,Auckland,Nil,0,0,0,0,0,0,Urban,0,0,0,Fine,Null
1765641.2687,5904928.0116,893350,,524603,0,,0,2,,Null,2025/2026,PUHINUI ROAD,PLUNKET AVENUE,,Non-Injury Crash,No,2025,,East,,0,,Flat,,,,,,Bright sun,673402,0,0,0,2,,,0,,,,,,Auckland Region,Nil,2-way,Sealed,,0,0,,50,,Null,0,0,,76,Auckland,Give way,,,,,0,0,Urban,0,,,Null,Null
1759369.55,5908485.9814,893352,,524121,0,0,0,1,0,Null,2025/2026,MCKENZIE ROAD,HINAU ROAD,,Non-Injury Crash,No,2025,0,South,0,0,0,Flat,0,,0,,0,Overcast,737200,0,0,0,4,0,1,0,0,0,,0,0,Auckland Region,Nil,2-way,Sealed,0,0,0,0,50,0,Off,0,0,30,76,Auckland,Nil,0,0,0,0,0,1,Urban,0,0,0,Light rain,Null
1770538.8739,5898742.3805,893359,,523920,0,,0,1,,Null,2022/2023,GREAT SOUTH ROAD,MARU ROAD,,Serious Crash,No,2023,,South,,0,,Flat,,,,,,Overcast,768008,0,1,0,2,,,0,,,,,,Auckland Region,Nil,2-way,Sealed,,0,1,,50,,Off,1,0,,76,Auckland,Stop,,,,,0,0,Urban,0,,,Fine,Null
1756083.122,5919099.2147,893360,,515500,1,,0,1,,Null,2024/2025,GREAT NORTH ROAD,POLLEN STREET,,Non-Injury Crash,No,2025,,South,,0,,Flat,,,,,,Dark,417700,0,0,0,4,,,0,,,,,,Auckland Region,Nil,2-way,Sealed,,0,0,,50,,On,0,0,,76,Auckland,Give way,,,,,0,0,Urban,0,,,Fine,Null
1764264.0726,5908973.4592,893369,,521901,0,0,0,2,0,Null,2024/2025,MANGERE ROAD,GREAT SOUTH ROAD,,Minor Crash,No,2025,0,East,0,0,1,Flat,0,,0,,0,Dark,785200,4,0,0,5,0,0,0,0,0,,0,0,Auckland Region,Nil,2-way,Sealed,0,0,0,0,50,0,On,0,0,,76,Auckland,Traffic Signals,0,0,0,0,0,0,Urban,0,0,0,Fine,Null
1755530.8082,5925604.8185,893383,,509701,0,,0,2,,East,2024/2025,RALEIGH ROAD,FOWLER STREET,,Minor Crash,No,2025,,East,,0,,Flat,,,,,,Bright sun,362501,2,0,0,2,,,0,,,,,,Auckland Region,Nil,2-way,Sealed,,0,0,,50,,Off,0,0,,76,Auckland,Nil,,,,,0,0,Urban,1,,,Fine,Null
1756087.9224,5923625.5142,893386,,509800,0,,0,2,,South,2022/2023,NORTHERN MOTORWAY,NORTHERN BUSWAY,,Non-Injury Crash,Yes,2023,,South,,0,,Flat,,,,,,Overcast,359100,0,0,0,2,,,0,,,,,,Auckland Region,Nil,1-way,Sealed,,0,0,,80,,Null,0,0,70,76,Auckland,Nil,,,,,0,0,Open,0,,,Light rain,Null
1769341.6107,5907453.6821,893389,,523712,0,,0,1,,Null,2024/2025,ORMISTON ROAD,TE IRIRANGI DRIVE,,Non-Injury Crash,No,2025,,West,,0,,Null,,,,,,Unknown,712803,0,0,0,5,,,0,,,,,,Auckland Region,Nil,2-way,Null,,0,0,,50,,Null,0,0,,76,Auckland,Traffic Signals,,,,,0,1,Urban,0,,,Null,Null
1770500.1103,5898779.3131,893392,,523920,0,,0,1,,North,2022/2023,GREAT SOUTH ROAD,MARU ROAD,,Non-Injury Crash,No,2023,,South,,0,,Flat,,Christmas New Year,,,,Bright sun,768008,0,0,0,2,,,0,,,,,,Auckland Region,Nil,2-way,Sealed,,0,0,,50,,Off,0,0,,76,Auckland,Nil,,,,,0,0,Urban,0,,,Fine,None
1773093.6983,5906659.9493,893395,,523713,0,0,0,1,0,West,2024/2025,REGIS LANE,KITENGA ROAD,,Non-Injury Crash,No,2024,0,East,0,0,0,Hill Road,0,,0,,0,Dark,712600,0,0,0,2,0,0,0,0,0,,0,0,Auckland Region,Nil,2-way,Sealed,0,0,0,0,50,0,None,0,0,30,76,Auckland,Nil,0,0,0,1,0,0,Urban,0,0,0,Fine,Null
1769040.5063,5906414.5695,893396,,523711,0,,0,2,,Null,2023/2024,TE IRIRANGI DRIVE,BELINDA AVENUE,,Non-Injury Crash,No,2024,,North,,0,,Flat,,,,,,Bright sun,713007,0,0,0,2,,,0,,,,,,Auckland Region,Nil,1-way,Sealed,,0,0,,60,,Off,0,0,50,76,Auckland,Give way,,,,,0,0,Urban,0,,,Fine,Null
1757454.7255,5920923.7339,893401,,514101,0,,0,2,,West,2024/2025,CUSTOMS STREET WEST,QUEEN STREET,,Non-Injury Crash,No,2025,,West,,0,,Flat,,,,,,Overcast,432900,0,0,0,4,,,0,,,,,,Auckland Region,Nil,2-way,Sealed,,0,0,,30,,Off,0,0,,76,Auckland,Nil,,,,,0,0,Urban,0,,,Fine,Null
1766729.3958,5904458.9417,893403,,524604,0,,0,2,,Null,2024/2025,LAMBIE DRIVE,RONWOOD AVENUE,,Minor Crash,No,2024,,South,,0,,Flat,,,,,,Dark,780209,1,0,0,2,,,0,,,,,,Auckland Region,Nil,2-way,Sealed,,0,0,,50,,Null,0,0,,76,Auckland,Give way,,,,,0,0,Urban,0,,,Null,Null
1766657.6505,5912921.0459,893404,,522920,0,,0,2,,Null,2023/2024,TI RAKAU DRIVE,PAKURANGA HIGHWAY,,Non-Injury Crash,No,2024,,North,,0,,Flat,,,,,,Dark,683800,0,0,0,3,,,0,,,,,,Auckland Region,Nil,1-way,Sealed,,0,0,,50,,On,0,0,,76,Auckland,Traffic Signals,,,,,0,0,Urban,0,,,Fine,Null
1756755.2358,5912713.5815,893407,,518702,1,,0,1,,North,2024/2025,HENDRY AVENUE,KELSEY CRESCENT,,Minor Crash,No,2024,,South,,0,,Flat,,,,,,Overcast,570100,1,0,0,2,,,0,,,,,,Auckland Region,Nil,2-way,Sealed,,0,0,,30,,Null,0,0,,76,Auckland,Nil,,,,,0,0,Urban,0,,,Null,Null
1755737.2131,5916301.7828,893412,,518201,0,,0,2,,Null,2023/2024,DOMINION ROAD,DUNBAR ROAD,,Non-Injury Crash,No,2024,,South,,0,,Flat,,,,,,Overcast,553200,0,0,0,3,,,0,,,,,,Auckland Region,Nil,2-way,Sealed,,0,0,,50,,On,0,0,,76,Auckland,Give way,,,,,0,0,Urban,0,,,Fine,Null
1762291.4004,5907082.1316,893415,,524520,0,,0,0,,North,2024/2025,MASSEY ROAD,BUCKLAND ROAD,,Non-Injury Crash,No,2025,,South,,0,,Null,,,,,,Unknown,734703,0,0,0,2,,,0,,,,,,Auckland Region,Nil,2-way,Sealed,,0,0,,50,,Null,0,0,,76,Auckland,Nil,,,,,0,1,Urban,1,,,Null,Null
1757642.944,5919535.4797,893417,,514301,0,,0,1,,South,2024/2025,WELLESLEY STREET ON RAMP,WELLESLEY STREET EAST,,Minor Crash,No,2025,,South,,0,,Hill Road,,,,,,Dark,440400,2,0,0,1,,,0,,,,,,Auckland Region,Nil,1-way,Sealed,,0,0,,50,,On,0,0,,76,Auckland,Nil,,,,,0,0,Urban,1,,,Heavy rain,Null
1767590.6891,5892590.2728,893419,,521202,0,0,0,1,0,West,2024/2025,LINWOOD ROAD,KARAKA NORTH ROAD,,Non-Injury Crash,No,2025,0,West,0,0,1,Flat,0,,0,,0,Dark,807000,0,0,0,2,0,0,0,0,0,,0,1,Auckland Region,Nil,2-way,Sealed,0,0,0,0,80,0,None,0,0,,76,Auckland,Nil,0,0,0,0,0,0,Open,0,0,0,Fine,Null
1749414.3717,5913927.6698,893420,,511302,0,,1,2,,Null,2024/2025,GREAT NORTH ROAD,RATA STREET,,Minor Crash,No,2024,,East,,0,,Flat,,,,,,Dark,268800,2,0,0,2,,,0,,,,,,Auckland Region,Nil,1-way,Sealed,,0,0,,50,,On,0,1,,76,Auckland,Traffic Signals,,,,,0,0,Urban,0,,,Fine,Null
1764072.739,5904316.1165,893425,,522100,0,,0,1,,Null,2024/2025,PUHINUI ROAD-SH 20B OFF RAMP,PUHINUI ROAD,,Non-Injury Crash,Yes,2025,,South,,0,,Flat,,,,,,Overcast,781001,0,0,0,3,,,0,,,,,,Auckland Region,Nil,1-way,Sealed,,0,0,,50,,Off,0,0,,76,Auckland,Traffic Signals,,,,,0,0,Urban,1,,,Fine,None
1762083.1079,5916899.1862,893427,,516302,0,0,0,0,0,Null,2024/2025,KORAHA STREET,DEBRON AVENUE,,Non-Injury Crash,No,2025,0,South,0,0,0,Null,0,,0,,0,Overcast,463300,0,0,0,2,0,0,0,0,1,,0,0,Auckland Region,Nil,2-way,Sealed,0,0,0,0,50,0,Null,0,0,,76,Auckland,Nil,0,0,0,0,0,1,Urban,1,0,0,Light rain,Null
1772536.4583,5897236.2506,893440,,525630,0,,0,2,,South,2024/2025,ARIMU ROAD,WAITAUA STREET,,Non-Injury Crash,No,2024,,North,,0,,Null,,,,,,Unknown,794000,0,0,0,2,,,0,,,,,,Auckland Region,Nil,2-way,Sealed,,0,0,,50,,Null,0,0,,76,Auckland,Nil,,,,,0,0,Urban,0,,,Fine,Null
1755134.6282,5917771.3756,893441,,517500,0,,0,1,,West,2024/2025,NEW NORTH ROAD,KINGSLAND AVENUE,,Minor Crash,No,2025,,East,,0,,Hill Road,,,,,,Twilight,530600,1,0,0,4,,,0,,,1,,,Auckland Region,Nil,2-way,Sealed,,0,0,,50,,On,0,0,,76,Auckland,Nil,,,,,0,0,Urban,0,,,Fine,Null
1740641.8741,5983398.9392,893444,,506660,0,0,0,0,0,Null,2023/2024,WHANGARIPO VALLEY ROAD,WAYBY VALLEY ROAD,,Non-Injury Crash,No,2024,0,East,1,0,0,Flat,0,,0,,0,Overcast,136301,0,0,0,2,0,0,0,0,0,,0,0,Auckland Region,Nil,2-way,Sealed,0,0,0,0,100,0,None,0,0,,76,Auckland,Give way,0,0,0,0,1,0,Open,0,0,0,Light rain,Null
1755420.2687,5915625.4696,893448,,518302,0,0,0,1,0,West,2024/2025,HALESOWEN AVENUE,DOMINION ROAD,,Non-Injury Crash,No,2024,0,East,0,0,0,Flat,0,,0,,0,Overcast,554400,0,0,0,2,0,0,0,0,0,,0,1,Auckland Region,Nil,2-way,Sealed,0,0,0,0,30,0,Null,0,0,,76,Auckland,Nil,0,0,0,0,0,0,Urban,0,0,0,Null,None
1764535.582,5906612.8758,893458,,522201,0,,0,2,,Null,2023/2024,CORONATION ROAD,WOOLFIELD ROAD,,Non-Injury Crash,No,2024,,North,,0,,Flat,,,,,,Bright sun,661700,0,0,0,2,,,0,,,,,,Auckland Region,Nil,2-way,Sealed,,0,0,,50,,Off,0,0,,76,Auckland,Give way,,,,,0,0,Urban,0,,,Fine,Null
1751059.539,5915314.9569,893460,,514401,0,0,0,5,0,West,2023/2024,RACECOURSE PARADE,GREAT NORTH ROAD,,Minor Crash,No,2024,0,East,0,0,0,Hill Road,0,,0,,0,Bright sun,382300,2,0,0,2,0,0,0,0,1,,0,0,Auckland Region,Nil,2-way,Sealed,0,0,0,0,50,0,Off,0,0,,76,Auckland,Nil,0,0,0,0,0,0,Urban,0,0,0,Light rain,Null
1764417.0834,5904501.823,893461,,522100,0,,0,1,,North,2025/2026,WYLLIE ROAD,PUHINUI ROAD,,Minor Crash,No,2025,,South,,0,,Flat,,,,,,Bright sun,659100,1,0,0,2,,,0,,,1,,,Auckland Region,Nil,2-way,Sealed,,0,0,,50,,Off,0,0,,76,Auckland,Nil,,,,,0,0,Urban,0,,,Fine,Null
1769468.7495,5901762.2511,893462,,524901,0,,0,0,,Null,2023/2024,HILL ROAD,GRANDE VUE ROAD,,Non-Injury Crash,No,2024,,East,,0,,Flat,,,,,,Bright sun,756000,0,0,0,2,,,0,,,,,,Auckland Region,Nil,2-way,Sealed,,0,0,,50,,Null,2,0,,76,Auckland,Give way,,,,,0,0,Urban,0,,,Fine,Null
1746773.2808,5915246.6727,893469,,511800,0,,0,2,,West,2024/2025,AWAROA ROAD,AZALEA AVENUE,,Minor Crash,No,2025,,East,,0,,Flat,,,,,,Bright sun,277902,1,0,0,2,,,0,,,,,,Auckland Region,Nil,2-way,Sealed,,0,0,,50,,Off,0,0,,76,Auckland,Nil,,,,,0,0,Urban,1,,,Fine,Null
1753339.3789,5914259.7443,893470,,518801,0,,0,1,,Null,2023/2024,RICHARDSON ROAD,MAIORO STREET,,Non-Injury Crash,No,2024,,North,,0,,Flat,,,,,,Overcast,578400,0,0,0,4,,,0,,,,,,Auckland Region,Nil,2-way,Sealed,,0,0,,50,,Off,0,0,,76,Auckland,Traffic Signals,,,,,0,0,Urban,1,,,Fine,Null
1766709.0889,5904762.3308,893472,,524603,0,,0,1,,North,2022/2023,LAMBIE DRIVE,CAVENDISH DRIVE,,Non-Injury Crash,No,2023,,South,,0,,Flat,,,,,,Overcast,780205,0,0,0,2,,,0,,,,,,Auckland Region,Nil,1-way,Sealed,,0,0,,60,,Off,1,0,,76,Auckland,Nil,,,,,0,0,Urban,0,,,Fine,Null
1757063.485,5920309.0042,893473,,514102,0,,0,1,,Null,2025/2026,WELLESLEY STREET WEST,FEDERAL STREET,,Minor Crash,No,2025,,East,,0,,Flat,,,,,,Bright sun,434200,1,0,0,2,,,0,,,1,,,Auckland Region,Nil,2-way,Sealed,,0,0,,30,,Off,0,0,,76,Auckland,Traffic Signals,,,,,0,0,Urban,0,,,Fine,Null
1764596.8465,5911879.488,893475,,520500,0,,0,4,,North,2023/2024,SOUTHERN MOTORWAY,EAST WEST LINK OFF RAMP,,Non-Injury Crash,Yes,2023,,North,,0,,Flat,,,,,,Overcast,639500,0,0,0,3,,,0,,,,,,Auckland Region,Nil,1-way,Sealed,,0,0,,100,,Off,0,0,,76,Auckland,Nil,,,,,0,0,Open,0,,,Fine,Null
1762279.8574,5878589.8667,893477,,521121,0,0,0,3,0,West,2023/2024,WAIUKU ROAD,WALLER ROAD,,Non-Injury Crash,No,2024,0,West,1,0,0,Flat,0,,0,,0,Bright sun,812202,0,0,0,2,0,0,0,0,0,,0,0,Auckland Region,Nil,2-way,Sealed,0,0,0,0,80,0,Off,0,0,,76,Auckland,Nil,0,0,0,0,0,0,Open,0,0,0,Fine,Null
1763925.0167,5912482.0024,893481,,520500,0,0,0,1,0,Null,2023/2024,MOUNT WELLINGTON HWY OFF RAMP,MOUNT WELLINGTON HIGHWAY,,Non-Injury Crash,No,2023,0,West,0,0,0,Hill Road,0,Christmas New Year,0,,0,Bright sun,639500,0,0,0,2,0,0,0,0,0,,0,0,Auckland Region,Motorway ramp,1-way,Sealed,0,0,0,0,50,0,Off,0,0,,76,Auckland,Traffic Signals,0,1,0,0,0,0,Urban,0,0,0,Fine,Null
1753098.5414,5918224.6688,893492,,515003,0,,0,1,,West,2025/2026,NORTH-WESTERN MOTORWAY,ST LUKES ROAD ON RAMP,,Non-Injury Crash,Yes,2025,,West,,0,,Flat,,,,,,Overcast,390502,0,0,0,3,,,0,,,,,,Auckland Region,Nil,1-way,Sealed,,0,0,,80,,Off,0,0,,76,Auckland,Nil,,,,,0,0,Open,1,,,Light rain,Strong wind
1776901.4679,5898852.7414,893493,,523813,0,,0,1,,Null,2023/2024,MULLINS ROAD,PAPAKURA-CLEVEDON ROAD,,Non-Injury Crash,No,2024,,South,,0,,Flat,,,,,,Bright sun,761400,0,0,0,2,,,0,,,,,,Auckland Region,Nil,2-way,Sealed,,0,0,,80,,Off,0,0,,76,Auckland,Give way,,,,,0,0,Open,1,,,Fine,Null
1766772.5569,5907977.0802,893498,,523501,0,,0,2,,Null,2025/2026,NEWBURY STREET,BAIRDS ROAD,,Non-Injury Crash,No,2025,,Null,,0,,Flat,,,,,,Bright sun,700700,0,0,0,2,,,0,,,,,,Auckland Region,Nil,2-way,Sealed,,0,0,,30,,Null,0,0,,76,Auckland,Stop,,,,,0,0,Urban,0,,,Fine,Null
1757157.9865,5919054.9871,893501,,514301,0,0,0,1,0,East,2023/2024,SOUTHERN MOTORWAY,SYMONDS OBR,,Minor Crash,Yes,2023,0,West,0,0,0,Flat,1,,0,,0,Dark,441200,1,0,0,3,0,0,0,0,0,,0,0,Auckland Region,Nil,1-way,Sealed,0,0,0,0,80,0,On,1,0,,76,Auckland,Nil,0,0,0,0,0,0,Open,0,0,0,Fine,Null
1773979.9682,5908262.1305,893513,,523202,0,,0,1,,East,2022/2023,SANDSTONE ROAD,STONERIDGE TERRACE,,Non-Injury Crash,No,2023,,West,,0,,Flat,,,,,,Bright sun,716602,0,0,0,3,,,0,,,,,,Auckland Region,Nil,2-way,Sealed,,0,0,,80,,Off,0,0,,76,Auckland,Nil,,,,,1,0,Open,0,,,Fine,Null
1749048.9403,5946951.1004,893515,,505806,0,,0,0,,Null,2023/2024,WAINUI ROAD,COLIN CHESTER DRIVE,,Minor Crash,No,2024,,South,,0,,Flat,,,,,,Overcast,176604,1,0,0,1,,,0,,,,,,Auckland Region,Nil,1-way,Sealed,,0,0,,50,,Off,0,0,,76,Auckland,Give way,,,,,0,0,Urban,2,,,Fine,Null
1748869.345,5912473.5346,893516,,511401,0,0,0,1,0,East,2024/2025,HUTCHINSON AVENUE,PARKER AVENUE,,Non-Injury Crash,No,2025,0,East,0,0,0,Hill Road,0,,0,,0,Bright sun,261900,0,0,0,2,0,0,0,0,1,,0,0,Auckland Region,Nil,2-way,Sealed,0,0,0,0,50,0,Off,1,0,,76,Auckland,Nil,0,0,0,0,0,0,Urban,0,0,0,Fine,Null
1765603.1157,5906890.6606,893521,,522201,0,0,0,1,0,Null,2022/2023,KOLMAR ROAD,GREAT SOUTH ROAD,,Non-Injury Crash,No,2023,0,West,0,0,0,Flat,0,,0,,1,Dark,662400,0,0,0,3,0,0,0,0,0,1,0,0,Auckland Region,Nil,2-way,Sealed,0,0,0,0,50,0,On,0,0,,76,Auckland,Traffic Signals,0,0,0,0,0,0,Urban,0,0,0,Fine,Null