X,Y,OBJECTID,advisorySpeed,areaUnitID,bicycle,bridge,bus,carStationWagon,cliffBank,crashDirectionDescription,crashFinancialYear,crashLocation1,crashLocation2,crashRoadSideRoad,crashSeverity,crashSHDescription,crashYear,debris,directionRoleDescription,ditch,fatalCount,fence,flatHill,guardRail,holiday,houseOrBuilding,intersection,kerb,light,meshblockId,minorInjuryCount,moped,motorcycle,NumberOfLanes,objectThrownOrDropped,otherObject,otherVehicleType,overBank,parkedVehicle,pedestrian,phoneBoxEtc,postOrPole,region,roadCharacter,roadLane,roadSurface,roadworks,schoolBus,seriousInjuryCount,slipOrFlood,speedLimit,strayAnimal,streetLight,suv,taxi,temporarySpeedLimit,tlaId,tlaName,trafficControl,trafficIsland,trafficSign,train,tree,truck,unknownVehicleType,urban,vanOrUtility,vehicle,waterRiver,weatherA,weatherB
1768152.8363,5902532.8232,893522,,524602,0,,0,1,,South,2025/2026,GREAT SOUTH ROAD,COSTAR PLACE,,Non-Injury Crash,No,2025,,South,,0,,Flat,,,,,,Bright sun,780407,0,0,0,4,,,0,,,,,,Auckland Region,Nil,2-way,Sealed,,0,0,,50,,Off,0,0,,76,Auckland,Nil,,,,,0,0,Urban,0,,,Fine,Null
1762691.4563,5907464.853,893523,,524530,0,,0,2,,North,2023/2024,MASSEY ROAD,HAIN AVENUE,,Non-Injury Crash,No,2024,,South,,0,,Flat,,Christmas New Year,,,,Bright sun,733000,0,0,0,2,,,0,,,,,,Auckland Region,Nil,2-way,Sealed,,0,0,,50,,Off,0,0,,76,Auckland,Nil,,,,,0,0,Urban,0,,,Fine,Null
1757879.6589,5918124.8951,893524,,515700,0,,0,2,,North,2024/2025,SOUTHERN MOTORWAY,GILLIES AVENUE OFF RAMP,,Non-Injury Crash,Yes,2025,,South,,0,,Flat,,,,,,Dark,443200,0,0,0,5,,,0,,,,,,Auckland Region,Motorway ramp,1-way,Sealed,,0,0,,80,,On,0,0,,76,Auckland,Nil,,,,,1,0,Open,0,,,Heavy rain,Null
1782022.0525,5888594.4209,893525,,521132,0,0,0,1,0,South,2023/2024,ARARIMU ROAD,HEREFORD LANE,,Minor Crash,No,2024,0,North,1,0,0,Hill Road,0,,0,,0,Dark,815401,1,0,0,2,0,0,0,0,0,,0,0,Auckland Region,Nil,2-way,Sealed,0,0,0,0,80,0,None,0,0,,76,Auckland,Nil,0,0,0,0,0,0,Open,0,0,0,Heavy rain,Strong wind
1747172.1135,5919882.2214,893530,,512300,0,0,0,2,0,West,2025/2026,TITOKI STREET,TE ATATU ROAD,,Non-Injury Crash,No,2025,0,West,0,0,0,Flat,0,,0,,0,Overcast,251900,0,0,0,2,0,0,0,0,1,,0,0,Auckland Region,Nil,2-way,Sealed,0,0,0,0,50,0,Off,1,0,,76,Auckland,Nil,0,0,0,0,0,0,Urban,0,0,0,Fine,Null
1755874.8181,5928256.5991,893533,,507900,0,,0,1,,North,2024/2025,NORTHERN MOTORWAY,WAIRAU OBR,,Non-Injury Crash,Yes,2025,,North,,0,,Flat,,,,,,Dark,305201,0,0,0,3,,,0,,,,,,Auckland Region,Nil,1-way,Sealed,,0,0,,100,,On,0,0,,76,Auckland,Nil,,,,,0,0,Open,1,,,Fine,Null
1748676.3582,5913867.482,893534,,511302,0,,0,1,,East,2023/2024,GREAT NORTH ROAD,FRUITVALE ROAD,,Non-Injury Crash,No,2024,,West,,0,,Flat,,,,,,Dark,269400,0,0,0,4,,,0,,,,,,Auckland Region,Nil,2-way,Sealed,,0,0,,50,,On,1,0,,76,Auckland,Nil,,,,,0,0,Urban,0,,,Light rain,Strong wind
1763837.3629,5912805.4526,893537,,520500,0,,0,5,,Null,2024/2025,MOUNT WELLINGTON HIGHWAY,TE PUTU AVENUE,,Non-Injury Crash,No,2024,,North,,0,,Flat,,,,,,Bright sun,637400,0,0,0,2,,,0,,,,,,Auckland Region,Nil,1-way,Sealed,,0,0,,50,,Off,0,0,,76,Auckland,Traffic Signals,,,,,0,0,Urban,1,,,Fine,Null
1753619.53,5931363.144,893542,,508807,0,,0,2,,Null,2024/2025,PAUL MATTHEWS ROAD,PAUL MATTHEWS OFF-RAMP,,Minor Crash,No,2024,,North,,0,,Flat,,,,,,Dark,180810,2,0,0,4,,,0,,,,,,Auckland Region,Nil,2-way,Sealed,,0,0,,50,,On,0,0,,76,Auckland,Traffic Signals,,,,,0,0,Urban,0,,,Fine,Null
1767105.2716,5905550.6523,893545,,522302,0,,0,1,,West,2025/2026,GREAT SOUTH ROAD,REAGAN ROAD,,Non-Injury Crash,No,2025,,East,,0,,Flat,,,,,,Bright sun,670700,0,0,0,2,,,0,,,,,,Auckland Region,Nil,2-way,Sealed,,0,0,,50,,Off,0,0,,76,Auckland,Nil,,,,,0,0,Urban,1,,,Fine,Null
1764495.9087,5912845.7226,893557,,520500,0,,0,2,,Null,2023/2024,CARBINE ROAD,ARTHUR BROWN PLACE,,Non-Injury Crash,No,2024,,South,,0,,Flat,,,,,,Dark,639100,0,0,0,6,,,0,,,,,,Auckland Region,Nil,2-way,Sealed,,0,0,,50,,On,0,1,,76,Auckland,Traffic Signals,,,,,0,0,Urban,0,,,Fine,Null
1743658.5567,5919377.4075,893565,,513212,0,,0,1,,Null,2023/2024,SWANSON ROAD,DON BUCK ROAD,,Non-Injury Crash,No,2024,,East,,0,,Flat,,,,,,Twilight,235711,0,0,0,2,,,0,,,,,,Auckland Region,Nil,1-way,Sealed,,0,0,,50,,Off,0,0,,76,Auckland,Give way,,,,,0,0,Urban,1,,,Fine,Null
1756045.2279,5913134.6754,893572,,518701,0,,0,3,,West,2024/2025,SOUTH-WESTERN MOTORWAY,HAYR OBR,,Non-Injury Crash,Yes,2025,,West,,0,,Flat,,,,,,Dark,569800,0,0,0,3,,,0,,,,,,Auckland Region,Nil,1-way,Sealed,,0,0,,100,,On,1,0,,76,Auckland,Nil,,,,,0,0,Open,0,,,Fine,Null
1744495.9535,5921833.734,893575,,513530,0,0,0,0,0,South,2023/2024,NORTH-WESTERN MOTORWAY,ROYAL ROAD ON RAMP,,Minor Crash,Yes,2024,0,South,0,0,0,Hill Road,1,,0,,0,Bright sun,225804,1,0,0,2,0,0,0,0,0,,0,0,Auckland Region,Nil,1-way,Sealed,0,0,0,0,100,0,Off,0,0,,76,Auckland,Nil,0,0,0,0,0,0,Open,2,0,0,Fine,Null
1773888.4876,5913861.7048,893578,,521502,0,0,0,2,0,North,2025/2026,PAH ROAD,VIEW ROAD,,Non-Injury Crash,No,2025,0,North,0,0,0,Hill Road,0,,0,,0,Dark,655500,0,0,0,2,0,0,0,0,1,,0,0,Auckland Region,Nil,2-way,Sealed,0,0,0,0,50,0,On,0,0,,76,Auckland,Nil,0,0,0,0,0,0,Urban,0,0,0,Light rain,Null
1764469.7561,5918248.9019,893583,,516602,0,,0,1,,North,2023/2024,KOHIMARAMA ROAD,KOHIMARAMA ROAD,,Serious Crash,No,2024,,East,,0,,Flat,,,,,,Bright sun,508200,0,0,0,2,,,0,,,2,,,Auckland Region,Nil,2-way,Sealed,,0,1,,50,,None,0,0,,76,Auckland,Nil,,,,,0,0,Urban,0,,,Fine,Null
1753547.3739,5874498.3037,893584,,526105,0,0,0,0,0,North,2025/2026,WAIUKU-OTAUA ROAD,CEMETERY ROAD,,Non-Injury Crash,No,2025,0,South,0,0,1,Flat,0,,0,,0,Overcast,832101,0,0,0,2,0,0,0,0,0,,0,0,Auckland Region,Nil,2-way,Sealed,0,0,0,0,50,0,None,0,0,,76,Auckland,Nil,0,0,0,0,1,0,Urban,0,0,0,Light rain,Strong wind
1769509.2264,5901974.5621,893586,,524901,0,,0,0,,South,2025/2026,SOUTHERN MOTORWAY,HILL ROAD ON RAMP,,Non-Injury Crash,Yes,2025,,North,,0,,Flat,,,,,,Overcast,755600,0,0,0,3,,,0,,,,,,Auckland Region,Nil,1-way,Sealed,,0,0,,100,,Off,0,0,,76,Auckland,Nil,,,,,1,2,Open,2,,,Heavy rain,Null
1754939.7409,5918168.721,893588,,517500,0,0,0,1,0,East,2024/2025,FOURTH AVENUE,SCHOOL ROAD,,Non-Injury Crash,No,2024,0,East,0,0,0,Null,0,Christmas New Year,0,,0,Dark,529900,0,0,0,2,0,0,0,0,1,,0,0,Auckland Region,Nil,2-way,Sealed,0,0,0,0,50,0,On,0,1,,76,Auckland,Nil,0,0,0,0,0,1,Urban,0,0,0,Fine,Null
1764045.0312,5919407.7771,893594,,516601,0,0,0,2,0,East,2025/2026,HAWERA ROAD,GERALDINE PLACE,,Non-Injury Crash,No,2025,0,East,0,0,0,Null,0,,0,,0,Unknown,505801,0,0,0,2,0,0,0,0,1,,0,0,Auckland Region,Nil,2-way,Sealed,0,0,0,0,50,0,Null,0,0,,76,Auckland,Nil,0,0,0,0,0,0,Urban,0,0,0,Null,Null
1762177.1101,5913687.0467,893595,,520401,0,1,0,0,0,North,2022/2023,SOUTHERN MOTORWAY,PENROSE OBR,,Non-Injury Crash,Yes,2023,0,South,0,0,0,Flat,0,,0,,0,Bright sun,644300,0,0,0,3,0,0,0,0,0,,0,0,Auckland Region,Bridge,1-way,Sealed,0,0,0,0,100,0,Off,0,0,,76,Auckland,Nil,0,0,0,0,1,0,Open,0,0,0,Fine,Null
1757431.3056,5918780.1149,893600,,514302,0,,0,4,,South,2024/2025,SOUTHERN MOTORWAY,PORT TO SOUTHERN LINK,,Non-Injury Crash,Yes,2025,,South,,0,,Flat,,,,,,Dark,442500,0,0,0,4,,,0,,,,,,Auckland Region,Nil,1-way,Sealed,,0,0,,80,,On,0,0,,76,Auckland,Nil,,,,,0,0,Open,0,,,Light rain,Null
1772264.8789,5896397.7877,893604,,525420,0,0,0,1,0,Null,2024/2025,QUEEN STREET,GREEN STREET,,Non-Injury Crash,No,2025,0,West,0,0,0,Flat,0,,0,,0,Overcast,791500,0,0,0,2,0,0,0,0,0,,0,1,Auckland Region,Nil,2-way,Sealed,0,0,0,0,50,0,Off,0,0,,76,Auckland,Give way,0,0,0,0,0,0,Urban,0,0,0,Fine,Null
1762477.6869,5912759.2803,893606,,519500,0,,0,2,,Null,2024/2025,SOUTH-EASTERN HIGHWAY,GREAT SOUTH ROAD,,Non-Injury Crash,No,2024,,East,,0,,Hill Road,,,,,,Overcast,622200,0,0,0,3,,,0,,,,,,Auckland Region,Nil,1-way,Sealed,,0,0,,50,,Off,0,0,,76,Auckland,Traffic Signals,,,,,0,0,Urban,0,,,Fine,Null
1765232.1956,5906323.6214,893611,,522201,0,0,0,1,0,Null,2023/2024,KOLMAR ROAD,MARGAN AVENUE,,Non-Injury Crash,No,2023,0,North,0,0,0,Flat,0,,0,,0,Bright sun,662700,0,0,0,2,0,0,0,0,0,,0,1,Auckland Region,Nil,2-way,Sealed,0,0,0,0,50,0,Off,0,0,,76,Auckland,Give way,0,0,0,0,0,0,Urban,0,0,0,Fine,Null
1752393.5236,5924939.7808,893614,,510401,0,0,0,3,0,South,2025/2026,WAIPA STREET,KAURI ROAD,,Minor Crash,No,2026,0,North,0,0,0,Hill Road,0,,0,,0,Bright sun,353801,1,0,0,2,0,0,0,0,2,,0,0,Auckland Region,Nil,2-way,Sealed,0,0,0,0,50,0,Off,0,0,,76,Auckland,Nil,0,0,0,0,0,0,Urban,0,0,0,Fine,Null
1764320.7565,5908837.9243,893625,,521901,0,,0,3,,Null,2024/2025,GREAT SOUTH ROAD,NGAIO STREET,,Minor Crash,No,2024,,North,,0,,Flat,,,,,,Overcast,785200,1,0,0,4,,,0,,,,,,Auckland Region,Nil,2-way,Sealed,,0,0,,50,,Null,0,0,,76,Auckland,Stop,,,,,0,0,Urban,0,,,Heavy rain,Null
1759568.0844,5916343.593,893628,,516002,0,0,0,1,0,South,2024/2025,SOUTHERN MOTORWAY,OMAHU OBR,,Non-Injury Crash,Yes,2025,0,South,0,0,0,Flat,1,,0,,0,Bright sun,492000,0,0,0,3,0,0,0,0,0,,0,0,Auckland Region,Nil,1-way,Sealed,0,0,0,0,100,0,Off,0,0,,76,Auckland,Nil,0,0,0,0,1,0,Open,0,0,0,Fine,Null
1756634.4348,5911486.043,893630,,518702,0,0,0,1,0,North,2024/2025,FREDERICK STREET,HOSKINS AVENUE,,Non-Injury Crash,No,2025,0,North,0,0,0,Flat,0,,0,,0,Dark,571800,0,0,0,2,0,0,0,0,0,,0,1,Auckland Region,Nil,2-way,Sealed,0,0,0,0,50,0,On,0,0,,76,Auckland,Nil,0,0,0,0,0,0,Urban,0,0,0,Fine,Null
1757145.1276,5925919.5919,893633,,509702,0,0,0,3,0,South,2023/2024,NORTHERN MOTORWAY,ESMONDE OBR,,Non-Injury Crash,Yes,2024,1,North,0,0,0,Flat,1,,0,,0,Dark,364602,0,0,0,3,0,0,0,0,0,,0,0,Auckland Region,Nil,1-way,Sealed,0,0,0,0,100,0,On,0,0,,76,Auckland,Nil,0,0,0,0,0,0,Open,0,0,0,Light rain,Null
1754984.9673,5930347.4032,893635,,508520,0,,0,2,,North,2022/2023,NORTHERN MOTORWAY,TRISTRAM AVENUE OFF RAMP,,Minor Crash,Yes,2023,,South,,0,,Hill Road,,,,,,Dark,192700,1,0,0,2,,,0,,,,,,Auckland Region,Nil,1-way,Sealed,,0,0,,100,,On,0,0,,76,Auckland,Nil,,,,,0,0,Open,0,,,Fine,Null
1769728.5594,5916158.303,893641,,522711,0,0,0,1,0,Null,2024/2025,SUNDERLANDS ROAD,MARK EDWARD DRIVE,,Minor Crash,No,2024,0,South,0,0,1,Flat,0,,0,,0,Dark,679306,2,0,0,2,0,0,0,0,0,,0,0,Auckland Region,Nil,2-way,Sealed,0,0,0,0,50,0,On,0,0,,76,Auckland,Give way,0,0,0,1,0,0,Urban,0,0,0,Fine,Null
1761811.5224,5909228.3322,893642,,524402,0,0,0,0,0,West,2025/2026,FAVONA ROAD,SAVILL DRIVE,,Minor Crash,No,2025,0,East,0,0,0,Flat,0,,0,,0,Bright sun,749800,1,0,0,2,0,0,0,0,0,,0,0,Auckland Region,Nil,2-way,Sealed,0,0,0,0,50,0,Off,0,0,,76,Auckland,Nil,0,0,0,1,0,0,Urban,1,0,0,Fine,Null
1759503.6699,5925414.8782,893643,,508110,0,0,0,1,0,North,2023/2024,LAKE ROAD,WINSCOMBE STREET,,Non-Injury Crash,No,2023,0,North,0,0,1,Flat,0,Christmas New Year,0,,0,Bright sun,319200,0,0,0,2,0,0,0,0,0,,0,0,Auckland Region,Nil,2-way,Sealed,0,0,0,0,50,0,Off,0,0,,76,Auckland,Nil,0,0,0,0,0,0,Urban,1,0,0,Fine,Null
1760449.3385,5907564.2854,893645,,524510,0,0,0,1,0,South,2023/2024,SOUTH-WESTERN MOTORWAY,CENTRAL PARK FTBR,,Non-Injury Crash,Yes,2023,0,South,0,0,0,Flat,1,,0,,0,Dark,736900,0,0,0,2,0,0,0,0,0,,0,0,Auckland Region,Nil,1-way,Sealed,0,0,0,0,100,0,On,0,0,,76,Auckland,Nil,0,0,0,0,1,0,Open,0,0,0,Heavy rain,Null
1756255.9452,5913195.6682,893648,,518701,0,,0,1,,Null,2024/2025,CARR ROAD,HAYR ROAD,,Non-Injury Crash,No,2025,,East,,0,,Flat,,,,,,Dark,569800,0,0,0,3,,,0,,,,,,Auckland Region,Nil,2-way,Sealed,,0,0,,50,,On,0,0,,76,Auckland,Give way,,,,,0,1,Urban,0,,,Light rain,Null
1759366.8468,5911974.7601,893649,,519820,0,0,0,3,0,Null,2024/2025,PRINCES STREET,ROWE STREET,,Minor Crash,No,2024,0,West,0,0,0,Flat,0,,0,,0,Bright sun,602401,1,0,0,2,0,0,0,0,1,,0,0,Auckland Region,Nil,2-way,Sealed,0,0,0,0,50,0,Off,0,0,,76,Auckland,Nil,0,0,0,0,0,0,Urban,0,0,0,Fine,Null
1754927.1763,5918314.6857,893654,,515500,0,,0,1,,East,2025/2026,NORTH-WESTERN MOTORWAY,MOUNTAIN VIEW OBR,,Minor Crash,Yes,2025,,East,,0,,Flat,,,,,,Overcast,418800,1,0,0,4,,,0,,,,,,Auckland Region,Nil,1-way,Sealed,,0,0,,80,,Off,1,0,,76,Auckland,Nil,,,,,0,0,Open,0,,,Fine,Null
1767798.8651,5904267.716,893657,,524602,0,,0,2,,Null,2023/2024,REDOUBT ROAD,GREAT SOUTH ROAD,,Non-Injury Crash,No,2023,,South,,0,,Hill Road,,,,,,Bright sun,780501,0,0,0,2,,,0,,,,,,Auckland Region,Nil,2-way,Sealed,,0,0,,50,,Off,0,0,,76,Auckland,Give way,,,,,0,0,Urban,0,,,Fine,Null
1762795.7488,5918934.2056,893661,,516400,0,,0,2,,Null,2023/2024,KEPA ROAD,KURAHAUPO STREET,,Minor Crash,No,2024,,East,,0,,Flat,,,,,,Bright sun,500400,1,0,0,2,,,0,,,,,,Auckland Region,Nil,2-way,Sealed,,0,0,,50,,Off,1,0,,76,Auckland,Give way,,,,,0,0,Urban,0,,,Fine,Null
1763297.6002,5912801.3114,893664,,520500,0,,0,1,,West,2025/2026,SOUTHERN MOTORWAY,SH1 OBR,,Non-Injury Crash,Yes,2025,,West,,0,,Flat,,,,,,Dark,637300,0,0,0,3,,,0,,,,,,Auckland Region,Nil,1-way,Sealed,,0,0,,100,,On,0,0,,76,Auckland,Nil,,,,,0,0,Open,1,,,Fine,Null
1760594.7412,5945876.193,893667,,505910,0,0,0,3,0,South,2023/2024,PINECREST DRIVE,VOYAGER DRIVE,,Non-Injury Crash,No,2023,0,South,0,0,0,Hill Road,0,,0,,0,Dark,175120,0,0,0,2,0,0,0,0,1,,0,0,Auckland Region,Nil,2-way,Sealed,0,0,0,0,50,0,On,0,0,,76,Auckland,Nil,0,0,0,0,0,0,Urban,0,0,0,Mist or Fog,Null
1752907.2936,5934949.0085,893668,,508701,0,,0,1,,Null,2025/2026,OTEHA VALLEY ROAD,OTEHA VALLEY ROAD OFF RAMP,,Non-Injury Crash,No,2025,,West,,0,,Flat,,,,,,Dark,179000,0,0,0,2,,,0,,,,,,Auckland Region,Nil,1-way,Sealed,,0,0,,50,,On,0,0,,76,Auckland,Give way,,,,,1,0,Urban,0,,,Fine,Null
1754938.8503,5918754.0265,893672,,515410,0,0,0,1,0,North,2025/2026,SELBOURNE STREET,WILLIAMSON AVENUE,,Minor Crash,No,2025,0,West,0,0,0,Flat,0,,0,,0,Bright sun,404500,2,0,0,1,0,0,0,0,0,2,0,0,Auckland Region,Nil,1-way,Sealed,0,0,0,0,50,0,Off,0,0,,76,Auckland,Nil,0,1,0,0,0,0,Urban,0,0,0,Fine,Null
1765846.5599,5916595.2834,893676,,517100,0,,0,2,,East,2025/2026,POINT ENGLAND ROAD,ROPATA AVENUE,,Non-Injury Crash,No,2025,,East,,0,,Flat,,,,,,Dark,477100,0,0,0,2,,,0,,,,,,Auckland Region,Nil,2-way,Sealed,,0,0,,50,,Null,0,0,,76,Auckland,Nil,,,,,0,0,Urban,0,,,Null,Null
1748630.9412,5943223.1397,893677,,505806,0,0,0,0,0,North,2022/2023,NORTHERN MOTORWAY,WILKS OBR,,Non-Injury Crash,Yes,2023,0,North,0,0,0,Flat,1,,0,,0,Dark,176802,0,0,0,2,0,0,0,0,0,,0,0,Auckland Region,Nil,2-way,Sealed,0,0,0,0,100,0,On,0,0,,76,Auckland,Nil,0,0,0,0,0,0,Open,1,0,0,Fine,Null
1751564.2957,5915236.1066,893680,,514401,0,,0,2,,Null,2024/2025,BLOCKHOUSE BAY ROAD,ST JUDE STREET,,Non-Injury Crash,No,2025,,North,,0,,Flat,,,,,,Bright sun,382902,0,0,0,2,,,0,,,,,,Auckland Region,Nil,2-way,Sealed,,0,0,,50,,Off,0,0,,76,Auckland,Traffic Signals,,,,,0,0,Urban,0,,,Fine,Null
1761647.0315,5906599.938,893682,,524112,0,,0,3,,West,2025/2026,SOUTH-WESTERN MOTORWAY,MASSEY OBR,,Non-Injury Crash,Yes,2025,,North,,0,,Flat,,,,,,Overcast,742300,0,0,0,2,,,0,,,,,,Auckland Region,Nil,1-way,Sealed,,0,0,,100,,Off,0,0,,76,Auckland,Nil,,,,,0,0,Open,0,,,Fine,Null
1776390.1783,5895761.6584,893688,35,525700,0,0,0,1,0,East,2024/2025,RED HILL ROAD,GIBBS CRESCENT,,Non-Injury Crash,No,2025,0,East,1,0,0,Hill Road,0,,0,,0,Bright sun,800201,0,0,0,2,0,0,0,0,0,,0,0,Auckland Region,Nil,2-way,Sealed,0,0,0,0,50,0,Off,0,0,,76,Auckland,Nil,0,1,0,0,0,0,Urban,0,0,0,Fine,Null
1769807.7298,5899469.7873,893693,,523920,0,0,0,1,0,Null,2023/2024,GREAT SOUTH ROAD,MANUREWA-TAKANINI ON RAMP,,Non-Injury Crash,No,2024,0,South,0,0,0,Flat,1,,0,,0,Dark,767921,0,0,0,2,0,0,0,0,0,,0,0,Auckland Region,Motorway ramp,1-way,Sealed,0,0,0,0,70,0,On,0,0,,76,Auckland,Traffic Signals,0,0,0,0,0,0,Urban,0,0,0,Fine,Null
1758564.4084,5917949.842,893695,,516101,0,,0,2,,Null,2024/2025,REMUERA ROAD,MIDDLETON ROAD,,Minor Crash,No,2024,,South,,0,,Flat,,,,,,Twilight,480601,2,0,0,4,,,0,,,,,,Auckland Region,Nil,2-way,Sealed,,0,0,,50,,On,0,0,,76,Auckland,Traffic Signals,,,,,0,0,Urban,0,,,Fine,Null
1770193.4518,5898328.8779,893700,,523920,0,,0,1,,South,2024/2025,SOUTHERN MOTORWAY,WALTER STREVENS OBR,,Non-Injury Crash,Yes,2025,,South,,0,,Flat,,,,,,Bright sun,768003,0,0,0,3,,,0,,,,,,Auckland Region,Nil,1-way,Sealed,,0,0,,100,,Off,0,0,,76,Auckland,Nil,,,,,0,0,Open,1,,,Fine,Null
1753590.4336,5914450.5707,893701,,518801,0,0,0,1,0,Null,2023/2024,MAIORO STREET,MAIORO STREET ON RAMP,,Non-Injury Crash,No,2024,0,South,0,0,0,Flat,1,,0,,0,Overcast,578500,0,0,0,2,0,0,0,0,0,,0,0,Auckland Region,Motorway ramp,1-way,Sealed,0,0,0,0,50,0,Off,0,0,,76,Auckland,Give way,0,0,0,0,0,0,Urban,0,0,0,Light rain,Null
1761737.237,5920019.0874,893704,,516400,0,0,0,0,0,East,2024/2025,TAMAKI DRIVE,OKAHU STREET,,Non-Injury Crash,No,2025,0,West,0,0,0,Flat,0,,0,,0,Overcast,498900,0,0,0,3,0,0,0,0,0,,0,0,Auckland Region,Nil,2-way,Sealed,0,0,0,0,50,0,Off,0,0,,76,Auckland,Nil,1,0,0,0,1,0,Urban,0,0,0,Light rain,Strong wind
1784156.4264,5924152.2947,893705,,520801,0,0,0,0,0,West,2023/2024,GORDONS ROAD,CARSONS ROAD,,Non-Injury Crash,No,2024,0,East,0,0,0,Flat,0,,0,,0,Overcast,515603,0,0,0,2,0,0,0,0,0,,0,0,Auckland Region,Nil,2-way,Sealed,0,0,0,0,80,0,None,1,0,,76,Auckland,Nil,0,0,0,1,0,0,Open,0,0,0,Light rain,Null
1751402.5003,5915472.9904,893706,,514401,0,0,0,1,0,East,2025/2026,ROSEBANK ROAD,LAYARD STREET,,Non-Injury Crash,No,2025,0,East,0,0,0,Hill Road,0,,0,,0,Dark,382200,0,0,0,2,0,0,0,0,0,,0,1,Auckland Region,Nil,2-way,Sealed,0,0,0,0,50,0,On,0,0,,76,Auckland,Nil,0,0,0,0,0,0,Urban,0,0,0,Fine,Null
1770263.5658,5911154.2326,893707,,523113,0,,0,2,,North,2022/2023,TE IRIRANGI DRIVE,TE KOHA ROAD,,Non-Injury Crash,No,2023,,North,,0,,Flat,,,,,,Overcast,711716,0,0,0,2,,,0,,,,,,Auckland Region,Nil,1-way,Sealed,,0,0,,80,,Off,0,0,,76,Auckland,Nil,,,,,0,0,Open,0,,,Fine,Frost
1770998.6757,5902640.2249,893708,,523814,0,0,0,1,0,East,2025/2026,HILL ROAD,PHOENICIA COURT,,Non-Injury Crash,No,2025,0,East,0,0,1,Flat,0,,0,,0,Dark,760809,0,0,0,2,0,0,0,0,0,,0,0,Auckland Region,Nil,2-way,Sealed,0,0,0,0,50,0,On,0,0,,76,Auckland,Nil,0,0,0,0,0,0,Urban,0,0,0,Light rain,Null
1744463.8162,5922280.9155,893720,,513530,0,0,0,1,0,North,2025/2026,ROYAL ROAD ON RAMP,NORTH-WESTERN MOTORWAY,,Non-Injury Crash,No,2025,0,South,0,0,0,Flat,1,,0,,0,Twilight,225807,0,0,0,1,0,0,0,0,0,,0,0,Auckland Region,Motorway ramp,1-way,Sealed,0,0,0,0,80,0,On,0,0,,76,Auckland,Traffic Signals,0,0,0,0,1,0,Open,0,0,0,Fine,Null
1741947.2298,5919193.4724,893725,,513211,0,0,0,1,1,North,2024/2025,BIRDWOOD ROAD,SWANSON ROAD,,Non-Injury Crash,No,2025,0,South,0,0,0,Flat,0,,0,,0,Dark,235010,0,0,0,2,0,0,0,0,0,,0,0,Auckland Region,Nil,2-way,Sealed,0,0,0,0,50,0,On,0,0,,76,Auckland,Nil,0,0,0,0,0,0,Urban,0,0,0,Fine,Null
1773510.6767,5897339.8544,893726,,525630,0,,0,2,,Null,2022/2023,GROVE ROAD,OLD WAIROA ROAD,,Minor Crash,No,2023,,North,,0,,Flat,,,,,,Bright sun,795400,1,0,0,2,,,0,,,,,,Auckland Region,Nil,2-way,Sealed,,0,0,,50,,Off,0,0,,76,Auckland,Stop,,,,,0,0,Urban,0,,,Fine,Null
1752408.0216,5916057.0928,893728,,517903,0,,0,2,,Null,2023/2024,NEW NORTH ROAD,RICHARDSON ROAD,,Non-Injury Crash,No,2024,,South,,0,,Hill Road,,,,,,Dark,520400,0,0,0,2,,,0,,,,,,Auckland Region,Nil,2-way,Sealed,,0,0,,50,,On,0,0,,76,Auckland,Traffic Signals,,,,,0,0,Urban,0,,,Light rain,Null
1755900.5569,5928204.1693,893731,,507900,0,,0,2,,North,2025/2026,NORTHERN MOTORWAY,WAIRAU OBR,,Non-Injury Crash,Yes,2025,,North,,0,,Flat,,,,,,Overcast,305201,0,0,0,4,,,0,,,,,,Auckland Region,Nil,1-way,Sealed,,0,0,,100,,Off,1,0,,76,Auckland,Nil,,,,,0,0,Open,0,,,Light rain,Null
1763857.7683,5912804.132,893736,,520500,0,,1,1,,Null,2023/2024,TE PUTU AVENUE,MOUNT WELLINGTON HIGHWAY,,Non-Injury Crash,No,2023,,West,,0,,Flat,,,,,,Bright sun,637500,0,0,0,1,,,0,,,,,,Auckland Region,Nil,1-way,Sealed,,0,0,,50,,Off,0,0,,76,Auckland,Give way,,,,,0,0,Urban,0,,,Fine,None
1756826.2632,5920314.3264,893737,,514102,0,0,0,4,0,South,2025/2026,NELSON STREET,WELLESLEY STREET WEST,,Minor Crash,No,2025,0,North,0,0,0,Hill Road,0,,0,,0,Dark,434103,1,0,0,4,0,0,0,0,1,,0,0,Auckland Region,Nil,1-way,Sealed,0,0,0,0,40,0,On,0,0,,76,Auckland,Nil,0,0,0,0,0,0,Urban,0,0,0,Fine,Null
1767083.9326,5906581.2773,893739,,522302,0,0,0,0,0,North,2024/2025,CORNWALL ROAD,TUI ROAD,,Non-Injury Crash,No,2025,0,South,0,0,0,Flat,0,,0,,0,Dark,670100,0,0,0,2,0,0,0,0,0,,0,0,Auckland Region,Nil,2-way,Sealed,0,0,0,0,50,0,On,0,0,,76,Auckland,Nil,0,0,0,1,0,0,Urban,1,0,0,Fine,Null
1749285.9072,5935749.9986,893741,,506300,0,0,0,0,1,North,2025/2026,DAIRY FLAT HIGHWAY,ALBANY HEIGHTS ROAD,,Non-Injury Crash,No,2025,0,West,0,0,0,Null,0,,0,,0,Dark,176003,0,0,0,2,0,0,0,0,0,,0,0,Auckland Region,Nil,2-way,Sealed,0,0,0,0,80,0,Null,0,0,,76,Auckland,Nil,0,0,0,0,0,0,Open,1,0,0,Null,Null