X,Y,OBJECTID,advisorySpeed,areaUnitID,bicycle,bridge,bus,carStationWagon,cliffBank,crashDirectionDescription,crashFinancialYear,crashLocation1,crashLocation2,crashRoadSideRoad,crashSeverity,crashSHDescription,crashYear,debris,directionRoleDescription,ditch,fatalCount,fence,flatHill,guardRail,holiday,houseOrBuilding,intersection,kerb,light,meshblockId,minorInjuryCount,moped,motorcycle,NumberOfLanes,objectThrownOrDropped,otherObject,otherVehicleType,overBank,parkedVehicle,pedestrian,phoneBoxEtc,postOrPole,region,roadCharacter,roadLane,roadSurface,roadworks,schoolBus,seriousInjuryCount,slipOrFlood,speedLimit,strayAnimal,streetLight,suv,taxi,temporarySpeedLimit,tlaId,tlaName,trafficControl,trafficIsland,trafficSign,train,tree,truck,unknownVehicleType,urban,vanOrUtility,vehicle,waterRiver,weatherA,weatherB
1757722.1771,5918252.1386,893745,,518101,0,,0,4,,West,2024/2025,SOUTHERN MOTORWAY,MOUNTAIN OBR,,Non-Injury Crash,Yes,2025,,North,,0,,Flat,,,,,,Bright sun,543000,0,0,0,5,,,0,,,,,,Auckland Region,Nil,1-way,Sealed,,0,0,,80,,Off,0,0,,76,Auckland,Nil,,,,,0,0,Open,0,,,Fine,Null
1750468.3986,5954529.4518,893746,,506201,0,,0,2,,South,2023/2024,NORTHERN GATEWAY TOLL ROAD,WAIWERA VIADUCT SOUTH,,Minor Crash,Yes,2024,,North,,0,,Hill Road,,,,,,Bright sun,176203,1,0,0,2,,,0,,,,,,Auckland Region,Nil,1-way,Sealed,,0,0,,100,,Off,0,0,,76,Auckland,Nil,,,,,0,0,Open,0,,,Fine,Null
1756349.9287,5930928.8859,893747,45,507500,0,,0,2,,South,2024/2025,EAST COAST ROAD,WILLIAM SOUTER STREET,,Non-Injury Crash,No,2025,,South,,0,,Flat,,,,,,Overcast,148701,0,0,0,4,,,0,,,,,,Auckland Region,Nil,2-way,Sealed,,0,0,,50,,Off,0,0,30,76,Auckland,Nil,,,,,0,0,Urban,0,,,Fine,Null
1767062.8666,5906397.3823,893748,,522302,0,0,0,0,0,North,2022/2023,CORNWALL ROAD,TUI ROAD,,Non-Injury Crash,No,2023,0,Null,0,0,0,Flat,0,,0,,0,Bright sun,670100,0,0,0,2,0,0,0,0,1,,0,0,Auckland Region,Nil,2-way,Sealed,0,0,0,0,50,0,Off,0,0,,76,Auckland,Nil,0,0,0,0,0,1,Urban,1,0,0,Fine,None
1763912.2158,5912537.8209,893750,,520500,0,,0,2,,East,2023/2024,SOUTHERN MOTORWAY,MT WGTN OBR,,Non-Injury Crash,Yes,2023,,East,,0,,Flat,,,,,,Dark,637500,0,0,0,2,,,0,,,,,,Auckland Region,Nil,1-way,Sealed,,0,0,,100,,On,0,0,,76,Auckland,Nil,,,,,0,0,Open,0,,,Fine,Null
1764015.6929,5916648.9068,893755,,520301,0,0,0,0,0,Null,2024/2025,COLLEGE ROAD,NGAHUE DRIVE,,Non-Injury Crash,No,2025,0,South,0,0,0,Hill Road,0,,0,,0,Unknown,465302,0,0,0,2,0,0,0,0,0,,0,1,Auckland Region,Nil,2-way,Sealed,0,0,0,0,50,0,Null,0,0,,76,Auckland,Traffic Signals,0,0,0,0,1,0,Urban,0,0,0,Null,Null
1758489.7428,5906787.5948,893756,,524200,0,,0,1,,Null,2023/2024,ASCOT ROAD,ANDREW BAXTER DRIVE,,Minor Crash,No,2024,,West,,0,,Flat,,,,,,Bright sun,726400,1,0,0,2,,,0,,,,,,Auckland Region,Nil,2-way,Sealed,,0,0,,50,,Off,1,0,,76,Auckland,Give way,,,,,0,0,Urban,0,,,Fine,Null
1769936.9074,5917784.2619,893764,,522601,0,,0,2,,Null,2022/2023,BUCKLANDS BEACH ROAD,WHITCOMBE ROAD,,Non-Injury Crash,No,2023,,North,,0,,Flat,,,,,,Dark,676402,0,0,0,2,,,0,,,,,,Auckland Region,Nil,2-way,Sealed,,0,0,,50,,On,0,0,,76,Auckland,Give way,,,,,0,0,Urban,0,,,Fine,Null
1768845.5694,5911591.1474,893769,,523107,0,,0,1,,East,2024/2025,TI RAKAU DRIVE,BURSWOOD DRIVE,,Non-Injury Crash,No,2024,,East,,0,,Flat,,,,,,Bright sun,711402,0,0,0,3,,,0,,,,,,Auckland Region,Nil,1-way,Sealed,,0,0,,50,,Off,0,0,,76,Auckland,Nil,,,,,0,0,Urban,1,,,Fine,Null
1770211.0771,5898263.1974,893784,,523920,0,,0,1,,South,2023/2024,SOUTHERN MOTORWAY,WALTER STREVENS OBR,,Minor Crash,Yes,2024,,North,,0,,Flat,,,,,,Overcast,767918,1,0,0,3,,,0,,,,,,Auckland Region,Nil,1-way,Sealed,,0,0,,100,,Off,0,0,,76,Auckland,Nil,,,,,0,0,Open,2,,,Fine,Null
1768090.0794,5881772.3291,893785,,525910,0,0,0,0,0,West,2025/2026,MCSHANE STREET,BEATTY ROAD,,Fatal Crash,No,2025,0,West,0,1,0,Flat,0,,0,,0,Bright sun,819700,0,0,1,2,0,0,0,0,0,,0,0,Auckland Region,Nil,2-way,Sealed,0,0,0,0,50,0,Off,0,0,,76,Auckland,Nil,0,0,0,1,0,0,Urban,0,0,0,Fine,Null
1769061.8136,5880781.841,893793,,525922,0,,0,2,,West,2025/2026,HARRIS STREET,ROULSTON STREET,,Non-Injury Crash,No,2025,,South,,0,,Flat,,,,,,Dark,823100,0,0,0,2,,,0,,,,,,Auckland Region,Nil,2-way,Sealed,,0,0,,50,,On,0,0,,76,Auckland,Nil,,,,,0,0,Urban,0,,,Fine,Frost
1762216.0996,5913619.6202,893795,,520402,0,,0,2,,South,2025/2026,SOUTHERN MOTORWAY,PENROSE OBR,,Non-Injury Crash,Yes,2025,,South,,0,,Flat,,,,,,Overcast,642200,0,0,0,3,,,0,,,,,,Auckland Region,Overpass,2-way,Sealed,,0,0,,100,,Off,0,0,,76,Auckland,Nil,,,,,1,0,Open,0,,,Fine,Null
1755185.4828,5918280.3278,893799,,515500,0,,0,5,,West,2025/2026,NORTH-WESTERN MOTORWAY,BOND OBR,,Non-Injury Crash,Yes,2025,,East,,0,,Flat,,,,,,Overcast,418800,0,0,0,4,,,0,,,,,,Auckland Region,Nil,1-way,Sealed,,0,0,,80,,Off,0,0,,76,Auckland,Nil,,,,,0,0,Open,0,,,Fine,Null
1751898.5655,5919834.5959,893800,,515002,0,0,0,1,0,South,2023/2024,POINT CHEVALIER ROAD,JOHNSTONE STREET,,Minor Crash,No,2023,0,South,0,0,0,Flat,0,,0,,0,Overcast,394700,2,0,0,2,0,0,0,0,1,,0,0,Auckland Region,Nil,2-way,Sealed,0,0,0,0,50,0,Off,1,0,,76,Auckland,Nil,0,0,0,0,0,0,Urban,0,0,0,Fine,Null
1743898.4928,5924014.1536,893801,,513410,0,0,0,1,1,Null,2024/2025,FRED TAYLOR DRIVE,HOBSONVILLE ROAD ON RAMP,,Non-Injury Crash,No,2025,0,North,0,0,0,Hill Road,0,,0,,0,Dark,224000,0,0,0,2,0,0,0,0,0,,0,0,Auckland Region,Motorway ramp,1-way,Sealed,0,0,0,0,50,0,On,0,0,,76,Auckland,Traffic Signals,1,0,0,0,0,0,Urban,0,0,0,Fine,Null
1757515.4484,5912813.7299,893809,,518702,0,,0,0,,South,2024/2025,QUEENSTOWN ROAD,QUEENSTOWN ROAD,,Minor Crash,No,2025,,South,,0,,Hill Road,,,,,,Bright sun,570500,1,0,0,2,,,0,,,1,,,Auckland Region,Nil,2-way,Sealed,,0,0,,50,,Off,0,0,,76,Auckland,Nil,,,,,0,0,Urban,0,,,Fine,Null
1780712.546,5916562.1637,893812,65,523300,0,0,0,1,0,Null,2022/2023,MARAETAI DRIVE,OMANA BEACH ROAD,,Non-Injury Crash,No,2023,0,East,0,0,0,Hill Road,0,,0,,0,Dark,720000,0,0,0,2,0,0,0,0,0,,0,0,Auckland Region,Nil,2-way,Sealed,0,0,0,0,80,0,None,0,0,,76,Auckland,Give way,0,0,0,1,0,0,Open,0,0,0,Light rain,Null
1753711.4112,5914304.1302,893817,,518801,0,,0,1,,South,2025/2026,SH 20,MAIORO ST OBR,,Non-Injury Crash,Yes,2025,,South,,0,,Flat,,,,,,Overcast,578500,0,0,0,3,,,0,,,,,,Auckland Region,Nil,1-way,Sealed,,0,0,,80,,Off,0,0,,76,Auckland,Nil,,,,,0,0,Open,1,,,Mist or Fog,Null
1754844.5575,5931760.2566,893820,,508805,0,,0,1,,South,2023/2024,CONSTELLATION DRIVE,PARKWAY DRIVE,,Minor Crash,No,2024,,East,,0,,Flat,,,,,,Twilight,180813,1,0,0,2,,,0,,,,,,Auckland Region,Nil,2-way,Sealed,,0,0,,50,,On,2,0,,76,Auckland,Nil,,,,,0,0,Urban,0,,,Fine,Null
1758660.8711,5918741.1837,893822,,517400,1,,0,1,,Null,2022/2023,BROADWAY,GEORGE STREET,,Non-Injury Crash,No,2023,,Null,,0,,Flat,,,,,,Bright sun,450800,0,0,0,2,,,0,,,1,,,Auckland Region,Nil,2-way,Sealed,,0,0,,50,,Off,0,0,30,76,Auckland,Give way,,,,,0,0,Urban,0,,,Fine,Null
1752495.7151,5914248.9945,893835,,514500,0,,0,1,,Null,2024/2025,TIVERTON ROAD,NEW WINDSOR ROAD,,Non-Injury Crash,No,2024,,East,,0,,Hill Road,,,,,,Dark,375100,0,0,0,4,,,0,,,,,,Auckland Region,Nil,2-way,Sealed,,0,0,,50,,On,1,0,,76,Auckland,Traffic Signals,,,,,0,0,Urban,0,,,Light rain,Null
1754937.6073,5918920.0736,893836,,515410,1,,0,1,,Null,2023/2024,DRYDEN STREET,PRIME ROAD,,Minor Crash,No,2024,,North,,0,,Flat,,,,,,Bright sun,404600,1,0,0,2,,,0,,,,,,Auckland Region,Nil,2-way,Sealed,,0,0,,50,,Off,0,0,,76,Auckland,Stop,,,,,0,0,Urban,0,,,Fine,Null
1746329.4979,5914020.3853,893839,,511002,0,,0,0,,Null,2024/2025,WEST COAST ROAD,WOODGLEN ROAD,,Non-Injury Crash,No,2025,,West,,0,,Null,,,,,,Bright sun,283100,0,0,0,3,,,0,,,,,,Auckland Region,Nil,2-way,Sealed,,0,0,,50,,Null,1,0,,76,Auckland,Stop,,,,,0,0,Urban,0,,,Fine,Null
1770188.2925,5880840.2082,893840,,525922,0,0,0,0,0,Null,2023/2024,BIRCH ROAD,NGAHERE ROAD,,Minor Crash,No,2024,0,East,1,0,0,Hill Road,0,,0,,0,Bright sun,817002,1,0,0,2,0,0,0,0,0,,0,0,Auckland Region,Nil,2-way,Sealed,0,0,0,0,50,0,None,0,0,,76,Auckland,Stop,0,0,0,0,0,0,Urban,1,0,0,Fine,Null
1762607.6484,5919089.7816,893849,,516400,0,0,0,0,0,North,2022/2023,KUPE STREET,KEPA ROAD,,Non-Injury Crash,No,2023,0,North,0,0,0,Hill Road,0,,1,,0,Dark,498600,0,0,0,2,0,0,0,0,0,,0,0,Auckland Region,Nil,2-way,Sealed,0,0,0,0,50,0,On,0,0,,76,Auckland,Nil,0,0,0,0,0,0,Urban,1,0,0,Fine,Null
1767846.5021,5900946.9129,893852,,525001,0,0,0,2,0,Null,2024/2025,JUTLAND ROAD,RUSSELL ROAD,,Non-Injury Crash,No,2025,0,South,0,0,1,Flat,0,,0,,0,Dark,751800,0,0,0,2,0,0,0,0,1,,0,0,Auckland Region,Nil,2-way,Sealed,0,0,0,0,50,0,On,0,0,,76,Auckland,Stop,0,0,0,0,0,0,Urban,0,0,0,Heavy rain,Null
1756159.0658,5924014.2602,893854,,509800,0,,0,1,,North,2024/2025,NORTHERN MOTORWAY,WEIGH BRIDGE,,Non-Injury Crash,Yes,2024,,South,,0,,Flat,,Christmas New Year,,,,Overcast,361100,0,0,0,5,,,0,,,,,,Auckland Region,Nil,1-way,Sealed,,0,0,,80,,Off,2,0,,76,Auckland,Nil,,,,,0,0,Open,0,,,Fine,Null
1753852.6452,5931613.1306,893863,,508807,0,,0,2,,South,2023/2024,UPPER HARBOUR HIGHWAY,NORTHERN MOTORWAY,,Minor Crash,Yes,2023,,North,,0,,Hill Road,,,,,,Dark,180810,1,0,0,2,,,0,,,,,,Auckland Region,Motorway ramp,1-way,Sealed,,0,0,,80,,On,0,0,,76,Auckland,Nil,,,,,0,0,Open,0,,,Fine,Null
1738282.3805,5979638.4752,893868,,506660,0,,0,1,,North,2025/2026,SH 1,ROBERTSON ROAD,,Serious Crash,Yes,2025,,North,,0,,Flat,,,,,,Overcast,136400,1,0,0,2,,,0,,,,,,Auckland Region,Nil,2-way,Sealed,,0,1,,100,,None,0,0,,76,Auckland,Nil,,,,,1,0,Open,0,,,Fine,Null
1779347.1844,5902112.7201,893874,,525201,0,,0,2,,West,2024/2025,CLEVEDON-TAKANINI ROAD,PAPAKURA-CLEVEDON ROAD,,Non-Injury Crash,No,2025,,East,,0,,Flat,,,,,,Dark,763201,0,0,0,2,,,0,,,,,,Auckland Region,Nil,2-way,Sealed,,0,0,,80,,Off,0,0,,76,Auckland,Nil,,,,,0,0,Open,0,,,Fine,Null
1769591.6173,5901768.219,893878,,524901,0,,0,2,,South,2024/2025,SOUTHERN MOTORWAY,HILL ROAD,,Non-Injury Crash,Yes,2024,,North,,0,,Flat,,,,,,Bright sun,756901,0,0,0,3,,,0,,,,,,Auckland Region,Nil,1-way,Sealed,,0,0,,100,,None,0,0,,76,Auckland,Nil,,,,,0,0,Open,0,,,Fine,Null
1757977.862,5919820.9231,893881,,514301,0,,0,1,,Null,2023/2024,STANLEY STREET OFF RAMP,STANLEY STREET,,Minor Crash,No,2023,,South,,0,,Flat,,,,,,Overcast,440300,1,0,0,2,,,0,,,,,,Auckland Region,Nil,1-way,Sealed,,0,0,,50,,Off,1,0,,76,Auckland,Give way,,,,,0,0,Urban,0,,,Fine,Null
1729876.9563,5962633.4447,893883,,506613,0,,0,0,,South,2022/2023,KAIPARA COAST HIGHWAY,KAIPARA HILLS ROAD,,Non-Injury Crash,Yes,2023,,South,,0,,Flat,,,,,,Bright sun,146200,0,0,0,2,,,0,,,,,,Auckland Region,Nil,2-way,Sealed,,0,0,,100,,Off,0,0,,76,Auckland,Nil,,,,,1,0,Open,1,,,Fine,Null
1769918.4083,5899375.5917,893884,,523911,0,,0,0,,Null,2024/2025,SPARTAN ROAD,GREAT SOUTH ROAD,,Non-Injury Crash,No,2024,,South,,0,,Flat,,Christmas New Year,,,,Dark,766500,0,0,0,2,,,0,,,,,,Auckland Region,Nil,2-way,Sealed,,0,0,,70,,Null,1,0,,76,Auckland,Traffic Signals,,,,,0,1,Urban,0,,,Fine,Null
1754499.7628,5876382.4793,893889,,526104,0,,0,1,,Null,2023/2024,KITCHENER ROAD,COLLINGWOOD ROAD,,Minor Crash,No,2024,,North,,0,,Hill Road,,,,,,Bright sun,836600,1,0,0,1,,,0,,,,,,Auckland Region,Nil,1-way,Sealed,,0,0,,50,,Null,0,0,,76,Auckland,Give way,,,,,0,0,Urban,1,,,Fine,Null
1767331.4966,5904893.3512,893890,,524603,0,,0,2,,West,2024/2025,CAVENDISH DRIVE,GREAT SOUTH ROAD,,Non-Injury Crash,No,2025,,North,,0,,Flat,,,,,,Bright sun,780205,0,0,0,2,,,0,,,,,,Auckland Region,Nil,1-way,Sealed,,0,0,,50,,Off,0,1,,76,Auckland,Nil,,,,,0,0,Urban,0,,,Fine,Null
1763909.5015,5912497.1862,893892,,520500,0,,0,0,,Null,2024/2025,MOUNT WELLINGTON HIGHWAY,MOUNT WELLINGTON HWY ON RAMP,,Non-Injury Crash,No,2024,,South,,0,,Hill Road,,,,,,Bright sun,639500,0,0,0,3,,,0,,,,,,Auckland Region,Motorway ramp,1-way,Sealed,,0,0,,50,,Off,1,0,,76,Auckland,Traffic Signals,,,,,0,0,Urban,0,,,Fine,Null
1768687.3785,5884242.6858,893894,,521111,0,,0,1,,North,2025/2026,PAERATA ROAD,HEIGHTS ROAD,,Minor Crash,Yes,2025,,South,,0,,Flat,,,,,,Dark,813800,1,0,0,2,,,0,,,,,,Auckland Region,Nil,2-way,Sealed,,0,0,,60,,On,0,0,,76,Auckland,Nil,,,,,0,0,Urban,0,,,Fine,Null
1761102.4163,5914927.856,893897,,520202,0,,0,2,,South,2022/2023,SOUTHERN MOTORWAY,ELLERSLIE FTBR,,Non-Injury Crash,Yes,2023,,North,,0,,Flat,,,,,,Dark,611900,0,0,0,4,,,0,,,,,,Auckland Region,Motorway ramp,1-way,Sealed,,0,0,,100,,On,0,0,,76,Auckland,Nil,,,,,0,0,Open,0,,,Fine,Null
1756832.1636,5932128.5066,893899,,507500,0,0,0,1,0,North,2024/2025,BEACH ROAD,CHANNEL VIEW ROAD,,Non-Injury Crash,No,2025,0,North,0,0,0,Hill Road,0,,0,,0,Bright sun,149300,0,0,0,2,0,1,0,0,0,,0,0,Auckland Region,Nil,2-way,Sealed,0,0,0,0,50,0,Off,1,0,,76,Auckland,Nil,0,0,0,0,0,0,Urban,0,0,0,Fine,Null
1766298.4111,5898639.8971,893900,,524812,0,0,0,2,0,Null,2023/2024,WAIMAHIA AVENUE,TAATAHI STREET,,Non-Injury Crash,No,2023,0,West,0,0,0,Hill Road,0,,0,,0,Dark,774304,0,0,0,2,0,0,0,0,1,,0,0,Auckland Region,Nil,2-way,Sealed,0,0,0,0,30,0,On,0,0,,76,Auckland,Give way,0,0,0,0,0,0,Urban,0,0,0,Fine,Null
1757789.1563,5918188.5164,893904,,515700,0,,0,4,,South,2023/2024,SOUTHERN MOTORWAY,MOUNTAIN OBR,,Minor Crash,Yes,2023,,North,,0,,Flat,,,,,,Bright sun,443600,5,0,0,4,,,0,,,,,,Auckland Region,Nil,1-way,Sealed,,0,0,,80,,Off,1,0,,76,Auckland,Nil,,,,,0,0,Open,1,,,Fine,Null
1748619.9353,5913879.8687,893905,,511302,0,0,0,0,0,West,2025/2026,GREAT NORTH ROAD,FRUITVALE ROAD,,Non-Injury Crash,No,2025,0,West,0,0,1,Flat,0,,0,,0,Overcast,269300,0,0,0,4,0,0,0,0,0,,0,1,Auckland Region,Nil,2-way,Sealed,0,0,0,0,50,0,Off,0,0,,76,Auckland,Nil,0,0,0,0,0,0,Urban,1,0,0,Fine,Null
1746689.1795,5915390.8192,893918,,511800,0,,0,3,,South,2023/2024,GREAT NORTH ROAD,HILLARY HEIGHTS AVENUE,,Minor Crash,No,2023,,South,,0,,Hill Road,,,,,,Bright sun,276400,4,0,0,4,,,0,,,,,,Auckland Region,Nil,2-way,Sealed,,0,0,,50,,Off,0,0,,76,Auckland,Nil,,,,,0,0,Urban,0,,,Fine,Null
1744035.0913,5923154.4505,893919,,513511,0,,0,2,,Null,2025/2026,WESTGATE DRIVE,ALLOWAY STREET,,Non-Injury Crash,No,2025,,South,,0,,Flat,,,,,,Bright sun,224303,0,0,0,2,,,0,,,,,,Auckland Region,Nil,2-way,Sealed,,0,0,,50,,Off,0,0,,76,Auckland,Give way,,,,,0,0,Urban,0,,,Fine,Null
1748334.7546,5969640.344,893921,,505500,0,0,0,1,0,East,2024/2025,WOODCOCKS ROAD,GLENMORE DRIVE,,Non-Injury Crash,No,2024,0,West,0,0,0,Flat,0,,0,,0,Bright sun,140500,0,0,0,2,0,0,0,0,0,,0,0,Auckland Region,Nil,2-way,Sealed,0,0,0,0,50,0,Off,0,0,,76,Auckland,Nil,0,0,0,0,0,0,Urban,1,1,0,Fine,Null
1752149.06,5933575.7855,893925,,508701,0,,0,2,,Null,2024/2025,DAIRY FLAT HIGHWAY,UNIVERSITY AVENUE,,Minor Crash,No,2025,,North,,0,,Flat,,,,,,Overcast,178900,1,0,0,4,,,0,,,,,,Auckland Region,Nil,2-way,Sealed,,0,0,,80,,Off,0,0,30,76,Auckland,Traffic Signals,,,,,0,0,Open,0,,,Fine,Null
1743259.5602,5912952.4784,893929,,512902,0,0,0,1,0,East,2025/2026,WEST COAST ROAD,KELLYS ROAD,,Non-Injury Crash,No,2025,0,East,0,0,0,Null,1,,0,,0,Dark,279400,0,0,0,2,0,0,0,0,0,,0,0,Auckland Region,Nil,2-way,Null,0,0,0,0,60,0,On,0,0,,76,Auckland,Nil,0,0,0,0,0,0,Urban,0,0,0,Null,Null
1740679.2746,5922428.6309,893930,65,513701,0,0,0,0,0,West,2023/2024,RED HILLS ROAD,SUNNYVALE ROAD,,Non-Injury Crash,No,2023,0,South,1,0,0,Flat,0,,0,,0,Bright sun,229800,0,0,0,2,0,0,0,0,0,,0,0,Auckland Region,Nil,2-way,Sealed,0,0,0,0,80,0,None,1,0,,76,Auckland,Nil,0,0,0,0,0,0,Open,0,0,0,Fine,Strong wind
1766912.3701,5907745.3016,893932,,523501,0,0,0,1,0,Null,2022/2023,BAIRDS ROAD,THURSO LANE,,Non-Injury Crash,No,2023,0,South,0,0,0,Flat,0,,0,,0,Dark,700602,0,0,0,2,0,0,0,0,0,,0,0,Auckland Region,Nil,2-way,Sealed,0,0,0,0,50,0,On,0,0,,76,Auckland,Give way,1,0,0,0,0,0,Urban,0,0,0,Heavy rain,Strong wind
1766734.2958,5913327.8292,893935,,522910,0,,0,1,,East,2025/2026,PAKURANGA ROAD,KENTIGERN CLOSE,,Non-Injury Crash,No,2025,,West,,0,,Null,,,,,,Bright sun,684000,0,0,0,6,,,0,,,,,,Auckland Region,Nil,2-way,Sealed,,0,0,,50,,Null,0,0,,76,Auckland,Nil,,,,,0,1,Urban,0,,,Null,Null
1749631.6768,5945857.1653,893936,,506001,0,,0,2,,East,2023/2024,HIBISCUS COAST HIGHWAY,HIBISCUS COAST HIGHWAY,,Minor Crash,No,2023,,West,,0,,Flat,,,,,,Overcast,175600,1,0,0,2,,,0,,,,,,Auckland Region,Nil,1-way,Sealed,,0,0,,70,,Off,0,0,,76,Auckland,Nil,,,,,0,0,Urban,0,,,Light rain,Null
1749082.5897,5927768.3209,893941,,509100,0,,0,1,,West,2024/2025,UPPER HARBOUR MOTORWAY,TAUHINU ROAD OFF RAMP,,Non-Injury Crash,Yes,2025,,East,,0,,Hill Road,,,,,,Overcast,181400,0,0,0,3,,,0,,,,,,Auckland Region,Nil,1-way,Sealed,,0,0,,100,,Off,0,0,,76,Auckland,Nil,,,,,0,0,Open,0,,,Light rain,Null
1769289.6361,5905577.4846,893944,,523712,0,,0,2,,Null,2022/2023,DAWSON ROAD,CHAPEL ROAD,,Non-Injury Crash,No,2023,,South,,0,,Flat,,,,,,Overcast,713016,0,0,0,2,,,0,,,,,,Auckland Region,Nil,2-way,Sealed,,0,0,,50,,Null,0,0,,76,Auckland,Traffic Signals,,,,,0,0,Urban,0,,,Light rain,Null
1765699.7381,5901319.2221,893954,,524711,0,0,0,1,0,South,2022/2023,ROSCOMMON ROAD,BROWNS ROAD,,Non-Injury Crash,No,2023,0,South,0,0,0,Hill Road,0,,0,,0,Dark,774900,0,0,0,2,0,0,0,0,0,,0,1,Auckland Region,Nil,1-way,Sealed,0,0,0,0,60,0,On,0,0,,76,Auckland,Nil,0,0,0,0,0,0,Urban,0,0,0,Fine,Null
1764508.9919,5919030.0422,893955,,516601,0,0,0,0,0,Null,2024/2025,ALLUM STREET,HOPKINS CRESCENT,,Non-Injury Crash,No,2025,0,North,0,0,0,Null,0,,0,,0,Bright sun,506600,0,0,0,2,0,0,0,0,1,1,0,0,Auckland Region,Nil,2-way,Sealed,0,0,0,0,50,0,Null,1,0,,76,Auckland,Give way,0,0,0,0,0,1,Urban,0,0,0,Fine,Null
1755674.1313,5917942.5949,893957,,517500,0,,0,1,,West,2024/2025,SANDRINGHAM ROAD,BOND STREET,,Minor Crash,No,2025,,East,,0,,Flat,,,,,,Bright sun,529800,1,0,0,4,,,0,,,,,,Auckland Region,Nil,2-way,Sealed,,0,0,,50,,Off,1,0,,76,Auckland,Nil,,,,,0,0,Urban,0,,,Fine,Null
1754644.3081,5930728.9292,893963,,508520,0,,0,2,,South,2025/2026,NORTHERN MOTORWAY,UPPER HARBOUR HWY ON RAMP,,Non-Injury Crash,Yes,2025,,South,,0,,Hill Road,,,,,,Dark,191104,0,0,0,2,,,0,,,,,,Auckland Region,Motorway ramp,1-way,Sealed,,0,0,,100,,On,0,0,,76,Auckland,Nil,,,,,0,0,Open,0,,,Light rain,Null
1756008.4716,5918626.4142,893965,,515500,0,,0,2,,East,2025/2026,NORTH-WESTERN MOTORWAY,NEWTON ROAD OFF RAMP,,Minor Crash,Yes,2025,,North,,0,,Flat,,Christmas New Year,,,,Dark,418700,1,0,0,4,,,0,,,,,,Auckland Region,Nil,1-way,Sealed,,0,0,,80,,On,1,0,,76,Auckland,Nil,,,,,0,0,Open,0,,,Fine,Null
1785892.0686,5906565.2009,893969,,525201,0,0,0,0,0,North,2024/2025,CLEVEDON-KAWAKAWA ROAD,KAIMAHI RISE,,Non-Injury Crash,No,2024,0,South,1,0,1,Hill Road,0,,0,,0,Bright sun,764700,0,0,0,2,0,0,0,0,0,,0,0,Auckland Region,Nil,2-way,Sealed,0,0,0,0,80,0,None,0,0,,76,Auckland,Nil,0,0,0,0,0,0,Open,1,0,0,Fine,Null
1755625.779,5928817.7304,893975,,508510,0,,0,3,,South,2025/2026,NORTHERN MOTORWAY,TRISTRAM OBR,,Minor Crash,Yes,2025,,South,,0,,Flat,,,,,,Overcast,195700,1,0,0,2,,,0,,,,,,Auckland Region,Nil,1-way,Sealed,,0,0,,100,,Off,0,0,,76,Auckland,Nil,,,,,0,0,Open,0,,,Light rain,Null
1757418.0494,5918483.6159,893981,,514302,0,,0,2,,Null,2024/2025,AUBURN STREET,BOSTON ROAD,,Non-Injury Crash,No,2025,,Null,,0,,Null,,,,,,Bright sun,442000,0,0,0,2,,,0,,,,,,Auckland Region,Nil,2-way,Sealed,,0,0,,50,,Null,0,0,,76,Auckland,Give way,,,,,0,0,Urban,0,,,Null,Null
1763709.0205,5904590.6974,893986,,524604,0,,0,2,,North,2023/2024,SOUTH-WESTERN MOTORWAY,PUHINUI ROAD-SH 20B ON RAMP,,Minor Crash,Yes,2023,,North,,0,,Flat,,,,,,Twilight,780902,2,0,0,6,,,0,,,,,,Auckland Region,Nil,2-way,Sealed,,0,0,,100,,Off,0,0,,76,Auckland,Nil,,,,,0,0,Open,3,,,Fine,Null
1758853.0912,5911778.5079,893991,,519810,0,,0,1,,Null,2025/2026,NEILSON STREET,SELWYN STREET,,Non-Injury Crash,No,2025,,South,,0,,Hill Road,,,,,,Bright sun,602200,0,0,0,4,,,0,,,,,,Auckland Region,Nil,2-way,Sealed,,0,0,,50,,Off,1,0,,76,Auckland,Traffic Signals,,,,,0,0,Urban,0,,,Fine,Null
1742496.2634,5913253.6023,893994,,512902,0,0,0,4,0,South,2023/2024,FOREST HILL ROAD,KELLYS ROAD,,Non-Injury Crash,No,2023,0,East,0,0,0,Hill Road,0,,0,,0,Dark,279000,0,0,0,2,0,0,0,0,0,,0,0,Auckland Region,Nil,2-way,Sealed,0,0,0,0,60,0,None,0,0,,76,Auckland,Nil,0,0,0,0,0,0,Urban,0,1,0,Fine,Null
1762073.4891,5906872.7646,893995,,524302,0,,0,0,,Null,2025/2026,MASSEY ROAD,JOHN STREET,,Non-Injury Crash,No,2026,,West,,0,,Flat,,,,,,Dark,743200,0,0,0,2,,,0,,,,,,Auckland Region,Nil,2-way,Sealed,,0,0,,50,,Off,1,1,,76,Auckland,Give way,,,,,0,0,Urban,1,,,Fine,Null
1758618.3078,5911606.5812,893999,,519810,0,,0,1,,East,2025/2026,ONEHUNGA HARBOUR ROAD ON RAMP,SOUTH-WESTERN MOTORWAY,,Non-Injury Crash,No,2025,,West,,0,,Flat,,,,,,Dark,602501,0,0,0,1,,,0,,,,,,Auckland Region,Motorway ramp,1-way,Sealed,,0,0,,50,,On,0,0,,76,Auckland,Nil,,,,,0,0,Urban,1,,,Light rain,Null