X,Y,OBJECTID,advisorySpeed,areaUnitID,bicycle,bridge,bus,carStationWagon,cliffBank,crashDirectionDescription,crashFinancialYear,crashLocation1,crashLocation2,crashRoadSideRoad,crashSeverity,crashSHDescription,crashYear,debris,directionRoleDescription,ditch,fatalCount,fence,flatHill,guardRail,holiday,houseOrBuilding,intersection,kerb,light,meshblockId,minorInjuryCount,moped,motorcycle,NumberOfLanes,objectThrownOrDropped,otherObject,otherVehicleType,overBank,parkedVehicle,pedestrian,phoneBoxEtc,postOrPole,region,roadCharacter,roadLane,roadSurface,roadworks,schoolBus,seriousInjuryCount,slipOrFlood,speedLimit,strayAnimal,streetLight,suv,taxi,temporarySpeedLimit,tlaId,tlaName,trafficControl,trafficIsland,trafficSign,train,tree,truck,unknownVehicleType,urban,vanOrUtility,vehicle,waterRiver,weatherA,weatherB
1768708.0299,5914076.0643,894001,,522721,0,,0,1,,West,2024/2025,PAKURANGA ROAD,CASCADES ROAD,,Non-Injury Crash,No,2024,,East,,0,,Hill Road,,,,,,Overcast,681215,0,0,0,6,,,0,,,,,,Auckland Region,Nil,2-way,Sealed,,0,0,,50,,Off,0,0,,76,Auckland,Nil,,,,,0,0,Urban,1,,,Fine,Null
1750830.278,5926213.6538,894007,25,510020,0,0,0,2,0,Null,2024/2025,RANGATIRA ROAD,AEROVIEW DRIVE,,Non-Injury Crash,No,2025,0,North,0,0,0,Flat,0,,0,,0,Overcast,344400,0,0,0,2,1,0,0,0,0,,0,1,Auckland Region,Nil,2-way,Sealed,0,0,0,0,50,0,Off,0,0,30,76,Auckland,Give way,0,0,0,0,0,0,Urban,0,0,0,Fine,Null
1755428.221,5914159.1296,894010,,518500,0,0,0,2,0,West,2023/2024,MOUNT ALBERT ROAD,AKARANA AVENUE,,Minor Crash,No,2023,0,West,0,0,0,Hill Road,0,,0,,0,Bright sun,561000,1,0,0,2,0,0,0,0,1,,0,0,Auckland Region,Nil,2-way,Sealed,0,0,0,0,50,0,Off,0,0,,76,Auckland,Nil,0,0,0,0,0,0,Urban,0,0,0,Fine,Null
1746811.3874,5919902.0232,894011,,512300,0,,0,1,,Null,2025/2026,NORTH-WESTERN MOTORWAY,TE ATATU ROAD OFF RAMP,,Non-Injury Crash,Yes,2026,,East,,0,,Flat,,,,,,Bright sun,251700,0,0,0,3,,,0,,,,,,Auckland Region,Motorway ramp,1-way,Sealed,,0,0,,100,,Off,1,0,,76,Auckland,Nil,,,,,0,0,Open,0,,,Fine,Null
1758884.3159,5925700.1989,894013,,508020,0,0,0,3,0,East,2025/2026,NORTHBORO ROAD,BIRCHFIELD ROAD,,Non-Injury Crash,No,2025,0,South,0,0,0,Hill Road,0,,0,,0,Dark,322101,0,0,0,2,0,0,0,0,2,,0,0,Auckland Region,Nil,2-way,Sealed,0,0,0,0,50,0,On,0,0,,76,Auckland,Nil,0,0,0,0,0,0,Urban,0,0,0,Fine,Null
1772716.3823,5895308.3929,894019,,525520,0,,0,3,,South,2025/2026,GREAT SOUTH ROAD,BEACH ROAD,,Minor Crash,No,2025,,North,,0,,Flat,,,,,,Overcast,801700,2,0,0,2,,,0,,,,,,Auckland Region,Nil,2-way,Sealed,,0,0,,50,,Off,1,0,,76,Auckland,Nil,,,,,0,0,Urban,0,,,Light rain,Null
1755796.3668,5921168.6721,894023,,515202,0,,0,1,,North,2025/2026,NORTHERN MOTORWAY,VICTORIA PARK VDT N,,Non-Injury Crash,Yes,2025,,South,,0,,Flat,,,,,,Bright sun,425600,0,0,0,6,,,0,,,,,,Auckland Region,Nil,1-way,Sealed,,0,0,,70,,Off,0,0,,76,Auckland,Nil,,,,,0,0,Urban,1,,,Fine,Null
1764630.6333,5911763.8608,894025,,520500,0,,0,2,,North,2025/2026,SOUTHERN MOTORWAY,PANAMA OBR,,Non-Injury Crash,Yes,2025,,North,,0,,Flat,,,,,,Bright sun,636400,0,0,0,3,,,0,,,,,,Auckland Region,Nil,1-way,Sealed,,0,0,,100,,Off,0,0,,76,Auckland,Nil,,,,,0,0,Open,0,,,Fine,Null
1769053.3187,5910636.9285,894029,,523113,0,,0,2,,East,2022/2023,GREENMOUNT DRIVE,HARRIS ROAD,,Non-Injury Crash,No,2023,,Null,,0,,Flat,,,,,,Bright sun,711703,0,0,0,2,,,0,,,,,,Auckland Region,Nil,2-way,Sealed,,0,0,,50,,Off,0,0,,76,Auckland,Nil,,,,,0,0,Urban,0,,,Fine,None
1757788.9148,5918189.4118,894030,,515700,0,,0,1,,East,2024/2025,SOUTHERN MOTORWAY,MOUNTAIN OBR,,Non-Injury Crash,Yes,2025,,North,,0,,Hill Road,,,,,,Overcast,443600,0,0,0,4,,,0,,,,,,Auckland Region,Nil,1-way,Sealed,,0,0,,80,,Off,1,0,,76,Auckland,Nil,,,,,0,0,Open,0,,,Fine,Null
1753095.152,5884758.5856,894034,55,521152,0,,0,1,,South,2024/2025,GLENBROOK BEACH ROAD,DUNSMUIR ROAD,,Non-Injury Crash,No,2024,,South,,0,,Flat,,,,,,Overcast,833800,0,0,0,2,,,0,,,,,,Auckland Region,Nil,2-way,Sealed,,0,0,,80,,None,0,0,,76,Auckland,Nil,,,,,0,0,Open,0,,,Light rain,Null
1763084.1652,5912882.6557,894039,,520402,0,,0,2,,East,2022/2023,SOUTHERN MOTORWAY,SOUTH-EASTERN HWY OFF RAMP,,Non-Injury Crash,Yes,2023,,South,,0,,Hill Road,,,,,,Bright sun,642500,0,0,0,3,,,0,,,,,,Auckland Region,Motorway ramp,1-way,Sealed,,0,0,,100,,Off,0,0,,76,Auckland,Nil,,,,,0,0,Open,1,,,Fine,Null
1745468.0976,5912791.0185,894041,25,511001,0,0,0,1,0,East,2024/2025,GLENGARRY ROAD,AUTUMN AVENUE,,Minor Crash,No,2024,0,West,0,0,0,Flat,0,,0,,1,Dark,282900,1,0,0,2,0,0,0,0,0,,0,0,Auckland Region,Nil,2-way,Sealed,0,0,0,0,50,0,On,0,0,,76,Auckland,Nil,0,0,0,0,0,0,Urban,0,0,0,Fine,Null
1758808.3132,5917287.0086,894044,,516001,0,,0,2,,North,2025/2026,SOUTHERN MOTORWAY,ST MARKS ROAD ON RAMP,,Non-Injury Crash,Yes,2025,,South,,0,,Flat,,,,,,Dark,491000,0,0,0,4,,,0,,,,,,Auckland Region,Nil,1-way,Sealed,,0,0,,80,,On,0,0,,76,Auckland,Nil,,,,,0,0,Open,0,,,Light rain,Null
1756163.884,5924162.0957,894055,,509800,0,,0,1,,South,2023/2024,NORTHERN MOTORWAY,ONEWA ROAD OFF RAMP,,Non-Injury Crash,Yes,2023,,North,,0,,Flat,,,,,,Dark,361100,0,0,0,3,,,0,,,,,,Auckland Region,Nil,1-way,Sealed,,0,0,,80,,On,0,0,70,76,Auckland,Nil,,,,,0,0,Open,1,,,Fine,Null
1768749.58,5904558.0748,894056,,523722,0,0,0,1,0,East,2024/2025,REDOUBT ROAD,HOLLYFORD DRIVE,,Non-Injury Crash,No,2024,0,West,0,0,0,Hill Road,1,,0,,0,Dark,715909,0,0,0,2,0,0,0,0,0,,0,0,Auckland Region,Nil,2-way,Sealed,0,0,0,0,50,0,On,0,0,,76,Auckland,Nil,0,0,0,0,0,0,Urban,0,0,0,Light rain,Null
1757694.6157,5918275.2082,894060,,518101,0,,0,1,,South,2025/2026,SOUTHERN MOTORWAY,KHYBER PASS ROAD OFF RAMP,,Minor Crash,Yes,2025,,North,,0,,Hill Road,,,,,,Dark,543000,1,0,0,5,,,0,,,,,,Auckland Region,Motorway ramp,1-way,Sealed,,0,0,,80,,On,3,0,,76,Auckland,Nil,,,,,0,0,Open,0,,,Fine,Null
1757590.3699,5919261.2047,894065,,514301,0,,0,1,,Null,2024/2025,GRAFTON ROAD,FERNCROFT STREET,,Minor Crash,No,2024,,South,,0,,Hill Road,,,,,,Bright sun,441000,1,0,0,3,,,0,,,,,,Auckland Region,Nil,2-way,Sealed,,0,0,,50,,Off,0,0,,76,Auckland,Stop,,,,,1,0,Urban,0,,,Fine,Null
1757572.9062,5914942.7541,894066,,515802,0,,0,1,,Null,2025/2026,THE DRIVE,EMPIRE ROAD,,Minor Crash,No,2025,,North,,0,,Flat,,,,,,Bright sun,449300,1,0,1,2,,,0,,,,,,Auckland Region,Nil,2-way,Sealed,,0,0,,50,,Off,0,0,,76,Auckland,Stop,,,,,0,0,Urban,0,,,Fine,Null
1758483.1127,5903888.5901,894067,,524200,0,0,0,0,0,North,2023/2024,PERCIVAL GULL PLACE,MANU TAPU DRIVE,,Non-Injury Crash,No,2023,0,North,0,0,1,Hill Road,0,,0,,0,Overcast,727100,0,0,0,2,0,0,0,0,0,,0,0,Auckland Region,Nil,2-way,End of seal,0,0,0,0,50,0,Off,1,0,,76,Auckland,Nil,0,0,0,0,0,0,Urban,0,0,0,Fine,Null
1764357.7197,5910172.6487,894074,,521801,0,,0,0,,Null,2024/2025,PRINCES STREET,CHURCH STREET,,Non-Injury Crash,No,2024,,West,,0,,Flat,,,,,,Dark,786902,0,0,0,4,,,0,,,,,,Auckland Region,Nil,2-way,Sealed,,0,0,,50,,On,0,0,,76,Auckland,Traffic Signals,,,,,0,0,Urban,2,,,Fine,Null
1745202.0113,5925497.5032,894076,,513431,0,0,0,1,0,East,2025/2026,UPPER HARBOUR MOTORWAY,TRIG ROAD OFF RAMP,,Minor Crash,Yes,2025,0,West,0,0,0,Flat,1,,0,,0,Overcast,223702,2,0,0,2,0,0,0,0,0,,0,0,Auckland Region,Nil,1-way,Sealed,0,0,0,0,100,0,Off,0,0,,76,Auckland,Nil,0,0,0,0,0,0,Open,0,0,0,Fine,Null
1757997.4945,5917982.2518,894093,,515700,0,,0,2,,South,2025/2026,SOUTHERN MOTORWAY,MAUNGAWHAU OBR,,Non-Injury Crash,Yes,2025,,South,,0,,Flat,,,,,,Bright sun,443200,0,0,0,4,,,0,,,,,,Auckland Region,Nil,1-way,Sealed,,0,0,,80,,Off,0,0,,76,Auckland,Nil,,,,,0,0,Open,0,,,Fine,Null
1770572.6314,5899136.6028,894095,,523911,0,0,0,2,0,South,2025/2026,OAKLEIGH AVENUE,PORTRUSH LANE,,Minor Crash,No,2025,0,South,0,0,0,Flat,0,,0,,0,Bright sun,766700,1,0,0,2,0,0,0,0,1,,0,0,Auckland Region,Nil,2-way,Sealed,0,0,0,0,50,0,Off,0,0,,76,Auckland,Nil,0,0,0,0,0,0,Urban,0,0,0,Fine,Null
1761821.1233,5906461.5703,894100,,524200,0,,0,2,,North,2023/2024,SOUTH-WESTERN MOTORWAY,MASSEY ROAD OFF RAMP,,Non-Injury Crash,Yes,2023,,North,,0,,Flat,,,,,,Overcast,728700,0,0,0,2,,,0,,,,,,Auckland Region,Nil,1-way,Sealed,,0,0,,100,,Off,0,0,,76,Auckland,Nil,,,,,0,0,Open,0,,,Fine,Null
1770314.9449,5909764.7166,894107,,523109,0,,0,2,,Null,2023/2024,CHAPEL ROAD,KILKENNY DRIVE,,Minor Crash,No,2024,,South,,0,,Flat,,,,,,Dark,712013,1,0,0,4,,,0,,,,,,Auckland Region,Nil,2-way,Sealed,,0,0,,50,,On,0,0,,76,Auckland,Traffic Signals,,,,,0,0,Urban,0,,,Fine,Null
1753770.6548,5936740.955,894108,,508703,0,,0,2,,Null,2025/2026,EAST COAST ROAD,GLENVAR ROAD,,Minor Crash,No,2025,,East,,0,,Hill Road,,,,,,Dark,179213,1,0,0,2,,,0,,,,,,Auckland Region,Nil,2-way,Sealed,,0,0,,80,,On,0,0,,76,Auckland,Give way,,,,,0,0,Open,0,,,Fine,Null
1759886.6191,5915757.636,894110,,516003,0,,0,1,,Null,2025/2026,GREAT SOUTH ROAD,GREEN LANE WEST,,Non-Injury Crash,No,2025,,North,,0,,Null,,,,,,Bright sun,495200,0,0,0,5,,,0,,,,,,Auckland Region,Nil,2-way,Sealed,,0,0,,50,,Null,0,0,,76,Auckland,Traffic Signals,,,,,0,1,Urban,0,,,Fine,Null
1750499.2865,5929226.722,894114,,509100,0,,0,1,,North,2024/2025,UPPER HARBOUR MOTORWAY,GREENHITHE OBR,,Non-Injury Crash,Yes,2024,,South,,0,,Flat,,,,,,Overcast,181107,0,0,0,2,,,0,,,,,,Auckland Region,Bridge,1-way,Sealed,,0,0,,100,,Off,1,0,,76,Auckland,Nil,,,,,0,0,Open,0,,,Light rain,Null
1765058.8448,5908241.5693,894115,,523404,0,,0,0,,East,2023/2024,BAIRDS ROAD,GREAT SOUTH ROAD,,Non-Injury Crash,No,2023,,North,,0,,Flat,,,,,,Dark,696701,0,0,0,2,,,0,,,,,,Auckland Region,Nil,2-way,Sealed,,0,0,,50,,On,0,0,,76,Auckland,Nil,,,,,0,0,Urban,2,,,Fine,Null
1755148.7555,5913708.1657,894118,,518803,0,,0,3,,Null,2025/2026,DENBIGH AVENUE,WINSTONE ROAD,,Minor Crash,No,2025,,West,,0,,Flat,,,,,,Bright sun,581300,2,0,0,2,,,0,,,,,,Auckland Region,Nil,2-way,Sealed,,0,0,,50,,Off,0,0,,76,Auckland,Stop,,,,,0,0,Urban,0,,,Fine,Null
1767297.2735,5903921.5098,894119,,524602,0,,0,1,,Null,2024/2025,SOUTH-WESTERN MOTORWAY,LAMBIE DRIVE OFF RAMP,,Non-Injury Crash,Yes,2024,,West,,0,,Flat,,,,,,Bright sun,780411,0,0,0,3,,,0,,,,,,Auckland Region,Nil,1-way,Sealed,,0,0,,100,,Off,0,0,,76,Auckland,Nil,,,,,1,0,Open,0,,,Fine,Null
1757078.9999,5919590.9961,894123,,514102,0,,0,2,,Null,2024/2025,QUEEN STREET,SCOTIA PLACE,,Non-Injury Crash,No,2024,,North,,0,,Null,,,,,,Unknown,435802,0,0,0,4,,,0,,,,,,Auckland Region,Nil,2-way,Null,,0,0,,30,,Null,0,0,,76,Auckland,Stop,,,,,0,0,Urban,0,,,Null,Null
1765146.9479,5913378.8976,894127,,520500,0,,0,1,,Null,2024/2025,PAKURANGA HIGHWAY,WAIPUNA ROAD,,Non-Injury Crash,No,2024,,West,,0,,Null,,,,,,Overcast,638908,0,0,0,2,,,0,,,,,,Auckland Region,Nil,1-way,Sealed,,0,0,,80,,Null,0,0,,76,Auckland,Traffic Signals,,,,,1,0,Open,0,,,Light rain,Null
1753978.1646,5975753.4826,894128,,506659,0,,0,0,,North,2025/2026,MATAKANA VALLEY ROAD,TOREA ROAD,,Minor Crash,No,2025,,South,,0,,Flat,,Labour Weekend,,,,Bright sun,138203,1,0,1,2,,,0,,,,,,Auckland Region,Nil,2-way,Sealed,,0,0,,50,,Off,1,0,,76,Auckland,Nil,,,,,0,0,Urban,0,,,Fine,Null
1765110.2568,5910273.6443,894132,,521803,0,,0,1,,West,2025/2026,PRINCES STREET,FRANK GREY PLACE,,Non-Injury Crash,No,2025,,East,,0,,Hill Road,,,,,,Dark,790500,0,0,0,2,,,0,,,,,,Auckland Region,Overpass,2-way,Sealed,,0,0,,50,,On,1,0,,76,Auckland,Nil,,,,,0,0,Urban,0,,,Fine,Null
1757327.32,5920253.9503,894134,,514102,1,,0,0,,North,2025/2026,QUEEN STREET,WELLESLEY STREET WEST,,Minor Crash,No,2025,,North,,0,,Flat,,,,,,Overcast,434000,1,0,0,4,,,0,,,,,,Auckland Region,Nil,2-way,Sealed,,0,0,,30,,Off,1,0,,76,Auckland,Nil,,,,,0,0,Urban,0,,,Fine,Null
1773450.1605,5890236.6584,894143,,521302,0,,0,2,,South,2022/2023,SOUTHERN MOTORWAY,QUARRY OBR,,Non-Injury Crash,Yes,2023,,North,,0,,Flat,,,,,,Dark,809101,0,0,0,2,,,0,,,,,,Auckland Region,Nil,1-way,Sealed,,0,0,,100,,On,0,0,,76,Auckland,Nil,,,,,0,0,Open,0,,,Fine,Null
1760351.3556,5916084.576,894144,,516003,0,,0,2,,Null,2024/2025,GREEN LANE EAST,ELLERSLIE RACECOURSE DRIVE,,Minor Crash,No,2025,,East,,0,,Null,,,,,,Bright sun,494902,1,0,0,2,,,0,,,,,,Auckland Region,Nil,1-way,Sealed,,0,0,,50,,Null,0,0,,76,Auckland,Traffic Signals,,,,,0,0,Urban,0,,,Fine,Null
1749478.4552,5911494.7763,894145,,512100,0,0,0,2,0,West,2023/2024,GODLEY ROAD,HAVA PLACE,,Non-Injury Crash,No,2023,0,West,0,0,0,Flat,0,,0,,0,Bright sun,290100,0,0,0,2,0,0,0,0,1,,0,0,Auckland Region,Nil,2-way,Sealed,0,0,0,0,50,0,Off,1,0,,76,Auckland,Nil,0,0,0,0,0,0,Urban,0,0,0,Fine,Null
1774454.5532,5896936.6621,894146,,525610,0,,0,2,,East,2024/2025,PEMBROOK STREET,RICE CRESCENT,,Non-Injury Crash,No,2025,,North,,0,,Flat,,,,,,Dark,796800,0,0,0,2,,,0,,,,,,Auckland Region,Nil,2-way,Sealed,,0,0,,50,,On,0,0,,76,Auckland,Nil,,,,,0,0,Urban,0,,,Fine,Null
1761031.6687,5914379.1842,894148,,519500,0,,0,2,,Null,2025/2026,GREAT SOUTH ROAD,ELLERSLIE-PANMURE HIGHWAY,,Non-Injury Crash,No,2025,,North,,0,,Flat,,,,,,Dark,620500,0,0,0,3,,,0,,,,,,Auckland Region,Nil,1-way,Sealed,,0,0,,50,,Null,0,0,,76,Auckland,Give way,,,,,0,0,Urban,0,,,Light rain,Null
1744027.716,5919609.8555,894149,,513302,0,0,0,2,0,Null,2023/2024,UNIVERSAL DRIVE,ZODIAC STREET,,Minor Crash,No,2024,0,West,0,0,0,Flat,0,,0,,0,Bright sun,234000,1,0,0,2,0,0,0,0,1,,0,0,Auckland Region,Nil,2-way,Sealed,0,0,0,0,50,0,Off,0,0,,76,Auckland,Give way,0,0,0,0,0,0,Urban,0,0,0,Fine,Null
1759254.1016,5911859.0002,894150,,519820,0,0,0,0,0,North,2025/2026,GALWAY STREET,NEILSON STREET,,Non-Injury Crash,No,2025,0,Null,0,0,0,Null,0,,0,,0,Unknown,602401,0,0,0,2,0,0,0,0,1,,0,0,Auckland Region,Nil,2-way,Sealed,0,0,0,0,50,0,Null,0,0,,76,Auckland,Nil,0,0,0,0,0,2,Urban,0,0,0,Null,Null
1764351.1149,5913578.6053,894155,,520500,0,0,0,1,0,Null,2023/2024,CARBINE ROAD,WAIPUNA ROAD,,Non-Injury Crash,No,2023,0,North,0,0,1,Flat,0,,0,,0,Dark,638801,0,0,0,5,0,0,0,0,0,,0,0,Auckland Region,Nil,2-way,Sealed,0,0,0,0,50,0,On,0,0,,76,Auckland,Traffic Signals,0,0,0,0,0,0,Urban,0,0,0,Light rain,Null
1754207.135,5918504.6826,894156,,515431,0,,0,1,,South,2024/2025,GREAT NORTH ROAD,BULLOCK TRACK,,Non-Injury Crash,No,2025,,North,,0,,Flat,,,,,,Dark,406101,0,0,0,6,,,0,,,,,,Auckland Region,Nil,2-way,Sealed,,0,0,,50,,On,1,0,,76,Auckland,Nil,,,,,0,0,Urban,0,,,Fine,Null
1765016.7523,5910479.1844,894157,,521803,0,,0,3,,North,2023/2024,SOUTHERN MOTORWAY,PRINCES OBR,,Minor Crash,Yes,2024,,South,,0,,Flat,,,,,,Overcast,790000,1,0,0,3,,,0,,,,,,Auckland Region,Nil,1-way,Sealed,,0,0,,100,,Off,0,0,,76,Auckland,Nil,,,,,0,0,Open,0,,,Fine,Null
1754977.8901,5935146.4021,894160,,507101,0,,0,1,,Null,2023/2024,STAPLEFORD CRESCENT,SARTORS AVENUE,,Minor Crash,No,2024,,North,,0,,Hill Road,,,,,,Bright sun,159900,1,0,0,2,,,0,,,1,,,Auckland Region,Nil,2-way,Sealed,,0,0,,50,,Off,0,0,,76,Auckland,Stop,,,,,0,0,Urban,0,,,Fine,Null
1743653.9577,5919377.3757,894162,,513212,0,,0,2,,Null,2022/2023,SWANSON ROAD,DON BUCK ROAD,,Non-Injury Crash,No,2023,,East,,0,,Flat,,,,,,Twilight,235711,0,0,0,2,,,0,,,,,,Auckland Region,Nil,2-way,Sealed,,0,0,,50,,Off,0,0,,76,Auckland,Give way,,,,,0,0,Urban,0,,,Fine,Null
1751987.0428,5934959.4661,894166,,508701,0,0,0,1,0,West,2022/2023,WAIHOU CRESCENT,WAKA STREET,,Non-Injury Crash,No,2023,0,South,0,0,1,Hill Road,0,,0,,0,Overcast,178501,0,0,0,2,0,0,0,0,0,,0,0,Auckland Region,Nil,2-way,Sealed,0,0,0,0,50,0,Off,0,0,,76,Auckland,Nil,0,0,0,0,0,0,Urban,0,0,0,Light rain,Null
1768298.295,5907621.7613,894168,,523711,0,0,0,0,0,North,2022/2023,MURCHISON ROAD,AMURI PLACE,,Non-Injury Crash,No,2023,0,North,0,0,0,Flat,0,,0,,0,Twilight,713600,0,0,0,2,0,0,0,0,1,,0,0,Auckland Region,Nil,2-way,Sealed,0,0,0,0,50,0,On,1,0,30,76,Auckland,Nil,0,0,0,0,0,0,Urban,1,0,0,Fine,Null
1754934.8993,5926749.8076,894180,,508610,0,0,0,2,0,South,2023/2024,STANAWAY STREET,NORTHWICK PLACE,,Serious Crash,No,2023,0,North,0,0,0,Hill Road,0,,0,,0,Dark,203300,0,0,0,0,0,0,0,0,1,,0,0,Auckland Region,Nil,2-way,Sealed,0,0,1,0,50,0,On,2,0,,76,Auckland,Nil,0,0,0,0,0,0,Urban,0,0,0,Light rain,Null
1747054.461,5943394.4878,894185,,506614,0,,0,1,,South,2025/2026,DAIRY FLAT HIGHWAY,WILKS ROAD WEST,,Serious Crash,No,2025,,South,,0,,Flat,,,,,,Bright sun,177803,0,0,1,2,,,0,,,,,,Auckland Region,Nil,2-way,Sealed,,0,1,,60,,Off,0,0,,76,Auckland,Nil,,,,,0,0,Urban,0,,,Fine,Null
1769455.8991,5914698.1666,894186,,522721,0,,0,3,,North,2023/2024,PIGEON MOUNTAIN ROAD,PAKURANGA ROAD,,Non-Injury Crash,No,2024,,North,,0,,Flat,,,,,,Overcast,680727,0,0,0,2,,,0,,,,,,Auckland Region,Nil,2-way,Sealed,,0,0,,50,,Off,0,0,,76,Auckland,Nil,,,,,0,0,Urban,0,,,Light rain,Null
1738027.0713,5945993.8736,894189,,506646,0,0,0,1,1,East,2025/2026,RAPSON ROAD,DYE ACCESS ROAD,,Minor Crash,No,2025,0,West,0,0,0,Hill Road,0,,0,,0,Dark,212900,1,0,0,2,0,0,0,0,0,,0,0,Auckland Region,Nil,2-way,Unsealed,0,0,0,0,60,0,None,0,0,,76,Auckland,Nil,0,0,0,0,0,0,Urban,0,0,0,Fine,Null
1754563.6284,5918807.5441,894190,,515431,0,,0,2,,West,2023/2024,GREAT NORTH ROAD,SURREY CRESCENT,,Minor Crash,No,2024,,West,,0,,Hill Road,,,,,,Twilight,405800,1,0,0,4,,,0,,,,,,Auckland Region,Nil,2-way,Sealed,,0,0,,50,,Off,0,0,,76,Auckland,Nil,,,,,0,1,Urban,0,,,Fine,Null
1766596.1636,5905921.7331,894193,,522302,0,0,0,2,0,East,2025/2026,GREAT SOUTH ROAD,CARLIE STREET,,Minor Crash,No,2025,0,North,0,0,0,Flat,0,,0,,0,Dark,669200,1,0,0,2,0,0,0,0,1,,0,0,Auckland Region,Nil,2-way,Sealed,0,0,0,0,50,0,On,0,0,,76,Auckland,Nil,0,0,0,0,0,0,Urban,0,0,0,Light rain,Frost
1753863.343,5933594.5108,894195,,508804,0,,0,2,,Null,2025/2026,GREVILLE ROAD,HUGH GREEN DRIVE,,Minor Crash,No,2025,,East,,0,,Hill Road,,,,,,Dark,180605,2,0,0,3,,,0,,,,,,Auckland Region,Nil,1-way,Sealed,,0,0,,50,,On,0,0,,76,Auckland,Traffic Signals,,,,,0,0,Urban,0,,,Light rain,Null
1754317.9469,5932352.9264,894198,,508805,0,,0,2,,Null,2022/2023,APOLLO DRIVE,ORBIT DRIVE,,Non-Injury Crash,No,2023,,South,,0,,Flat,,,,,,Twilight,180866,0,0,0,1,,,0,,,,,,Auckland Region,Nil,1-way,Sealed,,0,0,,50,,Off,0,0,,76,Auckland,Give way,,,,,0,0,Urban,0,,,Fine,Null
1754222.321,5914178.9145,894199,,518802,0,,0,2,,Null,2024/2025,STODDARD ROAD,DENNY AVENUE,,Non-Injury Crash,No,2025,,South,,0,,Flat,,,,,,Dark,579000,0,0,0,2,,,0,,,,,,Auckland Region,Nil,2-way,Sealed,,0,0,,50,,On,0,0,,76,Auckland,Stop,,,,,0,0,Urban,0,,,Fine,Null
1772546.8079,5896704.1412,894205,,525420,0,,0,2,,Null,2024/2025,GREAT SOUTH ROAD,O'SHANNESSEY STREET,,Non-Injury Crash,No,2025,,North,,0,,Flat,,,,,,Dark,791300,0,0,0,4,,,0,,,,,,Auckland Region,Nil,2-way,Sealed,,0,0,,50,,On,0,0,,76,Auckland,Traffic Signals,,,,,0,0,Urban,0,,,Fine,Null
1753611.236,5945773.6861,894209,,505906,0,,0,3,,Null,2024/2025,WHANGAPARAOA ROAD,THE DRIVE,,Non-Injury Crash,No,2025,,East,,0,,Hill Road,,,,,,Overcast,173806,0,0,0,2,,,0,,,,,,Auckland Region,Nil,2-way,Sealed,,0,0,,60,,Off,0,0,,76,Auckland,Give way,,,,,0,0,Urban,0,,,Fine,Null
1754565.8553,5929272.3537,894215,,508420,0,,0,2,,East,2024/2025,WAIRAU ROAD,VIEW ROAD,,Non-Injury Crash,No,2025,,East,,0,,Hill Road,,,,,,Dark,183503,0,0,0,3,,,0,,,,,,Auckland Region,Nil,2-way,Sealed,,0,0,,50,,On,0,0,,76,Auckland,Nil,,,,,0,0,Urban,0,,,Light rain,Null
1754328.6083,5935977.0289,894223,,508704,0,,0,2,,Null,2024/2025,EAST COAST ROAD,OTEHA VALLEY ROAD,,Non-Injury Crash,No,2025,,North,,0,,Flat,,,,,,Overcast,178602,0,0,0,3,,,0,,,,,,Auckland Region,Nil,2-way,Sealed,,0,0,,50,,Off,0,0,,76,Auckland,Traffic Signals,,,,,0,0,Urban,0,,,Light rain,Null
1753979.6882,5919659.4494,894229,,515100,0,0,0,2,0,Null,2024/2025,WARNOCK STREET,LIVINGSTONE STREET,,Non-Injury Crash,No,2025,0,South,0,0,0,Hill Road,0,,0,,0,Dark,402000,0,0,0,2,0,0,0,0,1,,0,0,Auckland Region,Nil,2-way,Sealed,0,0,0,0,50,0,On,0,0,,76,Auckland,Give way,0,0,0,0,0,0,Urban,0,0,0,Fine,Null
1761020.1008,5915149.4367,894234,,520201,0,,0,1,,South,2023/2024,SOUTHERN MOTORWAY,TECOMA STREET ON RAMP,,Non-Injury Crash,Yes,2023,,South,,0,,Flat,,,,,,Bright sun,613500,0,0,0,3,,,0,,,,,,Auckland Region,Overpass,1-way,Sealed,,0,0,,100,,Off,0,0,,76,Auckland,Nil,,,,,1,0,Open,0,,,Fine,Null
1760444.0833,5908920.3419,894237,,524403,0,,0,2,,Null,2024/2025,WALMSLEY ROAD,ROBERTSON ROAD,,Non-Injury Crash,No,2025,,East,,0,,Flat,,,,,,Overcast,729500,0,0,0,2,,,0,,,,,,Auckland Region,Nil,2-way,Sealed,,0,0,,50,,Off,0,0,,76,Auckland,Traffic Signals,,,,,0,0,Urban,0,,,Fine,Null
1762128.7409,5912518.9488,894240,,519500,0,,0,2,,Null,2023/2024,SOUTH-EASTERN HIGHWAY,O'RORKE ROAD,,Non-Injury Crash,No,2023,,East,,0,,Hill Road,,,,,,Dark,622500,0,0,0,4,,,0,,,,,,Auckland Region,Nil,2-way,Sealed,,0,0,,50,,On,0,0,,76,Auckland,Give way,,,,,0,0,Urban,0,,,Fine,Null