X,Y,OBJECTID,advisorySpeed,areaUnitID,bicycle,bridge,bus,carStationWagon,cliffBank,crashDirectionDescription,crashFinancialYear,crashLocation1,crashLocation2,crashRoadSideRoad,crashSeverity,crashSHDescription,crashYear,debris,directionRoleDescription,ditch,fatalCount,fence,flatHill,guardRail,holiday,houseOrBuilding,intersection,kerb,light,meshblockId,minorInjuryCount,moped,motorcycle,NumberOfLanes,objectThrownOrDropped,otherObject,otherVehicleType,overBank,parkedVehicle,pedestrian,phoneBoxEtc,postOrPole,region,roadCharacter,roadLane,roadSurface,roadworks,schoolBus,seriousInjuryCount,slipOrFlood,speedLimit,strayAnimal,streetLight,suv,taxi,temporarySpeedLimit,tlaId,tlaName,trafficControl,trafficIsland,trafficSign,train,tree,truck,unknownVehicleType,urban,vanOrUtility,vehicle,waterRiver,weatherA,weatherB
1755625.0509,5917161.6255,894247,,518201,0,0,0,3,0,West,2025/2026,BURNLEY TERRACE,MARLBOROUGH STREET,,Non-Injury Crash,No,2025,0,West,0,0,0,Flat,0,,0,,0,Dark,548901,0,0,0,2,0,0,1,0,1,,0,0,Auckland Region,Nil,2-way,Sealed,0,0,0,0,50,0,None,0,0,,76,Auckland,Nil,0,0,0,0,0,0,Urban,1,0,0,Fine,Null
1763708.227,5905893.9622,894248,45,524303,0,,0,0,,Null,2023/2024,LENDENFELD DRIVE,MALASPINA PLACE,,Minor Crash,No,2024,,South,,0,,Hill Road,,,,,,Bright sun,746312,1,0,0,2,,,0,,,,,,Auckland Region,Nil,2-way,Sealed,,0,0,,50,,Off,1,0,30,76,Auckland,Give way,,,,,0,0,Urban,1,,,Fine,Null
1746911.1152,5918978.2634,894249,,512402,0,,0,1,,South,2025/2026,TE ATATU ROAD,VERA ROAD,,Non-Injury Crash,No,2025,,North,,0,,Flat,,,,,,Overcast,254500,0,0,0,4,,,0,,,,,,Auckland Region,Nil,2-way,Sealed,,0,0,,50,,Off,0,0,,76,Auckland,Nil,,,,,0,0,Urban,1,,,Light rain,Null
1760114.4888,5908826.2543,894250,,524403,0,,0,2,,Null,2023/2024,WALMSLEY ROAD,DONNELL AVENUE,,Minor Crash,No,2023,,West,,0,,Flat,,,,,,Bright sun,729800,1,0,0,3,,,0,,,,,,Auckland Region,Nil,2-way,Sealed,,0,0,,60,,Off,1,0,,76,Auckland,Traffic Signals,,,,,0,0,Urban,0,,,Fine,Null
1755574.4058,5925118.3646,894255,,509800,0,,0,2,,Null,2024/2025,LAKE ROAD,KAWANA STREET,,Non-Injury Crash,No,2025,,South,,0,,Null,,,,,,Dark,360100,0,0,0,2,,,0,,,,,,Auckland Region,Nil,2-way,Sealed,,0,0,,50,,Null,0,0,,76,Auckland,Stop,,,,,0,0,Urban,0,,,Fine,Null
1759077.1865,5916651.0682,894256,,519200,0,0,0,1,0,Null,2023/2024,GREAT SOUTH ROAD,MARKET ROAD,,Non-Injury Crash,No,2023,0,South,0,0,0,Flat,0,,0,,0,Dark,615000,0,0,0,3,0,1,0,0,0,,0,1,Auckland Region,Nil,2-way,Sealed,0,0,0,0,50,0,On,0,0,,76,Auckland,Traffic Signals,0,0,0,0,0,0,Urban,0,0,0,Light rain,Frost
1746440.0671,5911026.0466,894257,25,512600,0,,0,1,,North,2025/2026,SCENIC DRIVE,WOODLANDS PARK ROAD,,Serious Crash,No,2025,,North,,0,,Hill Road,,,,,,Bright sun,299800,0,0,1,2,,,0,,,,,,Auckland Region,Nil,2-way,Sealed,,0,1,,50,,Off,0,0,,76,Auckland,Nil,,,,,0,0,Urban,0,,,Fine,Null
1755946.1919,5929155.8097,894258,,508510,0,0,0,1,0,West,2023/2024,TRISTRAM AVENUE,RAINES AVENUE,,Non-Injury Crash,No,2023,0,East,0,0,0,Hill Road,0,,0,,0,Dark,195400,0,0,0,4,0,0,0,0,1,,0,0,Auckland Region,Nil,2-way,Sealed,0,0,0,0,50,0,On,1,0,,76,Auckland,Nil,0,0,0,0,0,0,Urban,0,0,0,Fine,Null
1756435.2215,5919378.9404,894262,,514000,0,0,0,2,0,Null,2023/2024,KARANGAHAPE ROAD,HOWE STREET,,Non-Injury Crash,No,2023,0,East,0,0,0,Hill Road,0,,0,,0,Dark,413900,0,0,0,5,0,0,0,0,0,,0,0,Auckland Region,Nil,2-way,Sealed,0,0,0,0,30,0,On,0,0,,76,Auckland,Traffic Signals,0,0,0,0,0,0,Urban,0,1,0,Fine,Null
1753493.7418,5932748.6018,894265,,508807,0,,0,2,,North,2024/2025,NORTHERN MOTORWAY,GREVILLE ROAD OFF RAMP,,Non-Injury Crash,Yes,2024,,North,,0,,Hill Road,,,,,,Overcast,180811,0,0,0,2,,,0,,,,,,Auckland Region,Nil,1-way,Sealed,,0,0,,100,,Off,1,0,,76,Auckland,Nil,,,,,0,0,Open,0,,,Fine,Null
1763731.1525,5907719.4046,894266,,521902,0,,0,1,,Null,2023/2024,OFF ROAD - MIDDLEMORE HOSPITAL,,,Minor Crash,No,2024,,North,,0,,Flat,,,,,,Dark,786500,1,0,0,,,,0,,,1,,,Auckland Region,Nil,Off road,Sealed,,0,0,,,,On,0,0,,76,Auckland,Nil,,,,,0,0,Urban,0,,,Fine,Null
1765189.2134,5907539.5406,894273,,522301,0,0,0,2,0,South,2025/2026,GREAT SOUTH ROAD,MOTATAU ROAD,,Non-Injury Crash,No,2025,0,South,0,0,0,Flat,0,,0,,0,Dark,665900,0,0,0,2,0,0,0,0,1,,0,0,Auckland Region,Nil,2-way,Sealed,0,0,0,0,50,0,On,0,0,,76,Auckland,Nil,0,0,0,0,0,0,Urban,0,0,0,Fine,Null
1755373.8997,5921983.628,894275,,515202,0,,0,3,,North,2024/2025,NORTHERN MOTORWAY,CURRAN STREET ON RAMP,,Non-Injury Crash,Yes,2025,,North,,0,,Hill Road,,,,,,Overcast,423600,0,0,0,5,,,0,,,,,,Auckland Region,Bridge,1-way,Sealed,,0,0,,80,,Off,0,1,,76,Auckland,Nil,,,,,0,0,Open,0,,,Fine,Null
1749460.0784,5948960.6389,894277,,506202,0,,1,1,,Null,2025/2026,ARRAN DRIVE,KOWHAI ROAD,,Non-Injury Crash,No,2025,,North,,0,,Flat,,,,,,Overcast,176412,0,0,0,2,,,0,,,,,,Auckland Region,Nil,2-way,Sealed,,1,0,,50,,Off,0,0,,76,Auckland,Give way,,,,,0,0,Urban,0,,,Light rain,Null
1769603.5206,5907386.2188,894278,,523712,0,,0,2,,West,2023/2024,ORMISTON ROAD,CHAPEL ROAD,,Non-Injury Crash,No,2023,,West,,0,,Flat,,,,,,Bright sun,712803,0,0,0,4,,,0,,,,,,Auckland Region,Nil,2-way,Sealed,,0,0,,50,,None,0,0,,76,Auckland,Nil,,,,,0,0,Urban,0,,,Fine,Null
1767089.3236,5906504.1093,894280,,522302,0,0,0,2,0,North,2023/2024,CORNWALL ROAD,TUI ROAD,,Non-Injury Crash,No,2024,0,South,0,0,0,Flat,0,Easter,0,,0,Dark,670100,0,0,0,2,0,0,0,0,1,,0,0,Auckland Region,Nil,2-way,Unsealed,0,0,0,0,50,0,On,0,0,20,76,Auckland,Nil,0,0,0,0,0,0,Urban,0,0,0,Fine,Frost
1774356.6988,5888632.7213,894283,,521302,0,,0,2,,North,2024/2025,SOUTHERN MOTORWAY,RAMARAMA ON RAMP,,Non-Injury Crash,Yes,2025,,North,,0,,Flat,,,,,,Bright sun,809101,0,0,0,2,,,0,,,,,,Auckland Region,Nil,1-way,Sealed,,0,0,,100,,Off,0,0,,76,Auckland,Nil,,,,,0,0,Open,0,,,Fine,Null
1769211.9812,5906680.1827,894285,,523712,0,,0,2,,Null,2024/2025,ROBIN BROOKE DRIVE,MIKA COURT,,Non-Injury Crash,No,2025,,East,,0,,Flat,,,,,,Bright sun,712809,0,0,0,1,,,0,,,,,,Auckland Region,Nil,1-way,Sealed,,0,0,,50,,Off,0,0,,76,Auckland,Nil,,,,,0,0,Urban,0,,,Fine,None
1747338.4654,5915713.6241,894287,,511601,0,,0,1,,South,2024/2025,HEPBURN ROAD,PHELPS PLACE,,Minor Crash,No,2024,,North,,0,,Flat,,,,,,Overcast,272500,1,0,0,2,,,0,,,1,,,Auckland Region,Nil,2-way,Sealed,,0,0,,50,,Off,0,0,,76,Auckland,Nil,,,,,0,0,Urban,0,,,Light rain,Null
1774144.8973,5889109.5015,894292,,521302,0,,0,1,,South,2023/2024,SOUTHERN MOTORWAY,QUARRY OBR,,Minor Crash,Yes,2024,,North,,0,,Flat,,,,,,Overcast,809101,2,0,0,2,,,0,,,,,,Auckland Region,Nil,1-way,Sealed,,0,0,,100,,Off,0,0,,76,Auckland,Nil,,,,,0,0,Open,0,,,Light rain,Null
1761224.9225,5914647.2198,894293,,520202,0,0,0,1,0,North,2025/2026,SOUTHERN MOTORWAY,ELLERSLIE-PANMURE HWY OFF RAMP,,Non-Injury Crash,Yes,2026,0,South,0,0,0,Flat,1,,0,,0,Overcast,612100,0,0,0,3,0,0,0,0,0,,0,0,Auckland Region,Motorway ramp,1-way,Sealed,0,0,0,0,100,0,Off,0,0,,76,Auckland,Nil,0,0,0,0,0,0,Open,0,0,0,Light rain,Null
1762418.1118,5913270.5994,894300,,520402,0,,0,1,,South,2023/2024,SOUTHERN MOTORWAY,PENROSE OBR,,Non-Injury Crash,Yes,2024,,South,,0,,Flat,,,,,,Overcast,642200,0,0,0,3,,,0,,,,,,Auckland Region,Nil,1-way,Sealed,,0,0,,100,,Off,0,0,,76,Auckland,Nil,,,,,1,0,Open,0,,,Fine,Null
1755573.6867,5925120.7326,894301,,509800,0,,0,1,,Null,2025/2026,LAKE ROAD,KAWANA STREET,,Minor Crash,No,2025,,South,,0,,Hill Road,,,,,,Overcast,360100,1,0,0,2,,,0,,,,,,Auckland Region,Nil,2-way,Sealed,,0,0,,50,,Off,1,0,,76,Auckland,Stop,,,,,0,0,Urban,0,,,Fine,Null
1772713.9651,5896112.2312,894303,,525410,0,,0,1,,Null,2024/2025,WOOD STREET,EAST STREET,,Non-Injury Crash,No,2025,,West,,0,,Flat,,,,,,Overcast,792100,0,0,0,2,,,0,,,,,,Auckland Region,Nil,2-way,Sealed,,0,0,,50,,Off,0,0,,76,Auckland,Stop,,,,,0,0,Urban,1,,,Fine,Null
1758929.3888,5913206.4583,894304,,519710,0,,0,1,,Null,2024/2025,MOUNT SMART ROAD,ONEHUNGA MALL,,Minor Crash,No,2024,,East,,0,,Flat,,,,,,Overcast,595700,2,0,0,2,,,0,,,,,,Auckland Region,Nil,2-way,Sealed,,0,0,,50,,Off,1,0,,76,Auckland,Traffic Signals,,,,,0,0,Urban,0,,,Fine,Null
1770617.6758,5904975.3135,894310,,523712,0,0,0,0,0,East,2022/2023,THOMAS ROAD,ELEVATION STREET,,Minor Crash,No,2023,0,West,0,0,0,Hill Road,0,,0,,0,Dark,716300,1,0,1,2,0,0,0,1,0,,0,0,Auckland Region,Nil,2-way,Sealed,0,0,0,0,60,0,None,0,0,,76,Auckland,Nil,0,0,0,0,0,0,Urban,0,0,0,Fine,Null
1760403.7854,5915295.3359,894311,,520202,0,,0,1,,East,2025/2026,MAIN HIGHWAY,GREAT SOUTH ROAD,,Minor Crash,No,2025,,North,,0,,Hill Road,,,,,,Bright sun,613200,1,0,0,2,,,0,,,,,,Auckland Region,Nil,2-way,Sealed,,0,0,,50,,Off,0,0,,76,Auckland,Nil,,,,,0,0,Urban,1,,,Fine,Null
1763078.0458,5912884.6144,894317,,520402,0,,0,1,,East,2024/2025,SOUTHERN MOTORWAY,SOUTH-EASTERN HWY OFF RAMP,,Non-Injury Crash,Yes,2025,,East,,0,,Flat,,,,,,Bright sun,642500,0,0,0,3,,,0,,,,,,Auckland Region,Motorway ramp,1-way,Sealed,,0,0,,100,,Off,1,0,,76,Auckland,Nil,,,,,0,0,Open,0,,,Fine,Null
1769215.9089,5880811.2282,894323,,525922,0,,0,2,,Null,2024/2025,HARRIS STREET,GRAHAM STREET,,Non-Injury Crash,No,2025,,East,,0,,Flat,,,,,,Overcast,823300,0,0,0,2,,,0,,,,,,Auckland Region,Nil,2-way,Sealed,,0,0,,50,,Off,0,0,,76,Auckland,Give way,,,,,0,0,Urban,0,,,Fine,Null
1752724.6419,5914075.8434,894324,,514500,0,,0,2,,East,2023/2024,MAIORO STREET,NEW WINDSOR ROAD,,Non-Injury Crash,No,2024,,East,,0,,Flat,,,,,,Bright sun,376500,0,0,0,4,,,0,,,,,,Auckland Region,Nil,2-way,Sealed,,0,0,,50,,Off,0,0,,76,Auckland,Nil,,,,,0,0,Urban,0,,,Fine,Null
1766323.8955,5916948.7527,894326,,517001,0,0,0,1,0,South,2023/2024,ELSTREE AVENUE,TANIWHA STREET,,Non-Injury Crash,No,2023,0,North,0,0,0,Flat,0,,0,,0,Dark,476500,0,0,0,2,0,0,0,0,0,,0,0,Auckland Region,Nil,2-way,Sealed,0,0,0,0,50,0,On,0,0,,76,Auckland,Nil,0,0,0,1,0,0,Urban,0,0,0,Fine,Null
1748573.288,5914574.6877,894331,,511700,0,0,0,1,0,West,2025/2026,KELWYN ROAD,COPLEY STREET,,Non-Injury Crash,No,2025,0,South,0,0,1,Flat,0,,0,,0,Overcast,270100,0,0,0,2,0,0,0,0,0,,0,0,Auckland Region,Nil,2-way,Sealed,0,0,0,0,50,0,None,0,0,,76,Auckland,Nil,0,0,0,1,0,0,Urban,0,0,0,Fine,Null
1764162.3741,5912399.6065,894334,,520500,0,,0,2,,South,2023/2024,SOUTHERN MOTORWAY,SYLVIA PARK RAIL OBR,,Non-Injury Crash,Yes,2024,,East,,0,,Flat,,,,,,Dark,639100,0,0,0,2,,,0,,,,,,Auckland Region,Nil,1-way,Sealed,,0,0,,100,,On,0,0,,76,Auckland,Nil,,,,,0,0,Open,0,,,Fine,Null
1760450.8431,5911520.6881,894335,,520000,0,0,0,1,0,South,2025/2026,CAPTAIN SPRINGS ROAD,NEILSON STREET,,Non-Injury Crash,No,2025,0,South,0,0,0,Flat,0,,0,,0,Bright sun,607800,0,0,0,2,0,0,1,0,1,,0,0,Auckland Region,Nil,2-way,Sealed,0,0,0,0,50,0,Off,0,0,,76,Auckland,Nil,0,0,0,0,0,0,Urban,0,0,0,Fine,Null
1758301.282,5913616.4334,894337,,519710,0,0,0,4,0,East,2024/2025,TURAMA ROAD,MANUKAU ROAD,,Non-Injury Crash,No,2024,0,West,0,0,0,Flat,0,,0,,0,Bright sun,594701,0,0,0,2,0,0,0,0,1,,0,0,Auckland Region,Nil,2-way,Sealed,0,0,0,0,50,0,Off,0,0,,76,Auckland,Nil,0,0,0,0,0,0,Urban,0,0,0,Fine,Null
1753051.9417,5934642.0444,894339,,508701,0,0,0,1,0,North,2024/2025,NORTHERN MOTORWAY,OTEHA VALLEY ROAD OFF RAMP,,Minor Crash,Yes,2025,0,North,0,0,0,Flat,1,,0,,0,Dark,179000,1,0,0,2,0,0,0,0,0,,0,0,Auckland Region,Nil,1-way,Sealed,0,0,0,0,100,0,On,0,0,,76,Auckland,Nil,0,0,0,0,0,0,Open,0,0,0,Light rain,Null
1759334.7169,5916592.2383,894340,,516001,0,,0,1,,West,2023/2024,SOUTHERN MOTORWAY,OMAHU OBR,,Non-Injury Crash,Yes,2024,,South,,0,,Flat,,,,,,Dark,491700,0,0,0,3,,,0,,,,,,Auckland Region,Nil,1-way,Sealed,,0,0,,100,,On,1,0,,76,Auckland,Nil,,,,,0,0,Open,0,,,Fine,Null
1768745.0326,5904546.1681,894341,,523722,0,,0,0,,Null,2024/2025,REDOUBT ROAD,HOLLYFORD DRIVE,,Non-Injury Crash,No,2024,,East,,0,,Null,,,,,,Overcast,715917,0,0,0,4,,,0,,,,,,Auckland Region,Nil,2-way,Sealed,,0,0,,50,,Null,0,0,,76,Auckland,Traffic Signals,,,,,1,1,Urban,0,,,Fine,Null
1744814.6013,5944647.6234,894342,,506614,0,,0,1,,East,2023/2024,PINE VALLEY ROAD,KAHIKATEA FLAT ROAD,,Non-Injury Crash,No,2023,,East,,0,,Hill Road,,,,,,Dark,177803,0,0,0,2,,,1,,,,,,Auckland Region,Nil,2-way,Sealed,,0,0,,80,,None,0,0,,76,Auckland,Nil,,,,,0,0,Open,1,,,Light rain,Null
1750013.2024,5914323.3928,894343,,511303,0,,0,2,,South,2024/2025,DELTA AVENUE,KORAMA LANE,,Minor Crash,No,2025,,South,,0,,Flat,,,,,,Overcast,265900,1,0,0,2,,,0,,,,,,Auckland Region,Nil,2-way,Sealed,,0,0,,50,,Off,0,0,,76,Auckland,Nil,,,,,0,0,Urban,0,,,Light rain,Null
1764093.8486,5904291.6913,894348,,524604,0,,0,2,,Null,2023/2024,PUHINUI ROAD,PUHINUI ROAD-SH 20B OFF RAMP,,Non-Injury Crash,No,2023,,West,,0,,Flat,,,,,,Dark,781100,0,0,0,3,,,0,,,,,,Auckland Region,Underpass,2-way,Sealed,,0,0,,50,,On,0,0,,76,Auckland,Traffic Signals,,,,,0,0,Urban,0,,,Heavy rain,Null
1771029.5959,5898271.272,894354,,523912,0,,0,2,,North,2023/2024,GREAT SOUTH ROAD,BEACH ROAD,,Minor Crash,No,2024,,South,,0,,Flat,,Easter,,,,Overcast,767705,1,0,0,2,,,0,,,,,,Auckland Region,Nil,2-way,Sealed,,0,0,,50,,Off,1,0,,76,Auckland,Nil,,,,,0,0,Urban,0,,,Fine,Null
1769562.4159,5906683.3427,894356,,523712,0,,0,1,,Null,2023/2024,MICHAEL JONES DRIVE,CHAPEL ROAD,,Non-Injury Crash,No,2023,,East,,0,,Flat,,,,,,Dark,712809,0,0,0,2,,,0,,,,,,Auckland Region,Nil,2-way,Sealed,,0,0,,50,,On,0,0,,76,Auckland,Give way,,,,,0,0,Urban,1,,,Fine,Null
1746138.3597,5925967.6019,894357,,513431,0,0,0,1,0,Null,2025/2026,BRIGHAM CREEK ROAD,BRIGHAM CREEK ROAD ON RAMP,,Non-Injury Crash,No,2025,0,West,0,0,0,Flat,0,,0,,0,Bright sun,223802,0,0,0,2,0,0,0,0,0,,0,1,Auckland Region,Motorway ramp,1-way,Sealed,0,0,0,0,50,0,Off,0,0,,76,Auckland,Give way,0,0,0,0,0,0,Urban,0,0,0,Fine,Null
1770667.114,5905157.7531,894361,,523712,0,0,0,0,0,Null,2025/2026,KOROMEKE STREET,URU DRIVE,,Non-Injury Crash,No,2025,0,South,0,0,1,Flat,0,,0,,0,Bright sun,713300,0,0,0,2,0,0,0,0,0,,0,1,Auckland Region,Nil,2-way,Sealed,0,0,0,0,50,0,Off,1,0,,76,Auckland,Give way,0,0,0,2,0,0,Urban,0,0,0,Fine,Frost
1770804.8379,5889860.3274,894365,,521203,0,0,0,1,0,West,2025/2026,KARAKA ROAD,OIRA ROAD,,Non-Injury Crash,Yes,2025,0,West,0,0,1,Hill Road,0,,0,,0,Overcast,807200,0,0,0,2,0,0,0,0,0,,0,0,Auckland Region,Nil,2-way,Sealed,0,0,0,0,80,0,Off,0,0,,76,Auckland,Nil,0,0,0,0,0,0,Open,0,0,0,Fine,Null
1759171.4332,5919415.2538,894366,,515902,0,0,0,0,0,South,2022/2023,ST STEPHENS AVENUE,BURROWS AVENUE,,Non-Injury Crash,No,2023,0,South,0,0,0,Flat,0,,0,,0,Overcast,454600,0,1,0,2,0,0,0,0,0,,0,0,Auckland Region,Nil,2-way,Sealed,0,0,0,0,50,0,Off,0,0,,76,Auckland,Nil,1,0,0,0,0,0,Urban,0,0,0,Fine,Null
1742798.3138,5922049.2623,894368,,513622,0,,0,1,,Null,2023/2024,DON BUCK ROAD,RED HILLS ROAD,,Minor Crash,No,2024,,South,,0,,Flat,,,,,,Bright sun,226700,1,1,0,2,,,0,,,,,,Auckland Region,Nil,2-way,Sealed,,0,0,,50,,Off,0,0,,76,Auckland,Give way,,,,,0,0,Urban,0,,,Fine,Null
1766356.0126,5907012.6664,894369,,522302,0,0,0,2,0,Null,2025/2026,KIMPTON ROAD,MATAWAKA LANE,,Non-Injury Crash,No,2025,0,East,0,0,0,Flat,0,,0,,0,Dark,668100,0,0,0,2,0,0,0,0,1,,0,0,Auckland Region,Nil,2-way,Sealed,0,0,0,0,50,0,On,0,0,,76,Auckland,Nil,0,0,0,0,0,0,Urban,0,0,0,Fine,Null
1756619.1118,5912857.0782,894373,,518701,0,,0,2,,Null,2025/2026,HILLSBOROUGH ROAD,HILLSBOROUGH ROAD OFF RAMP,,Non-Injury Crash,No,2025,,East,,0,,Flat,,,,,,Bright sun,569000,0,0,0,2,,,0,,,,,,Auckland Region,Motorway ramp,1-way,Sealed,,0,0,,50,,Off,0,1,30,76,Auckland,Traffic Signals,,,,,0,0,Urban,0,,,Fine,Null
1764680.7782,5905763.8717,894374,45,522100,0,,0,1,,Null,2023/2024,STATION ROAD,WYLLIE ROAD,,Non-Injury Crash,No,2024,,South,,0,,Flat,,,,,,Overcast,657700,0,0,0,2,,,0,,,,,,Auckland Region,Nil,1-way,Sealed,,0,0,,50,,Off,0,0,,76,Auckland,Traffic Signals,,,,,0,0,Urban,1,,,Fine,Null
1766890.9156,5903857.1789,894384,,524604,0,,0,2,,Null,2022/2023,LAMBIE DRIVE OFF RAMP,LAMBIE DRIVE,,Non-Injury Crash,No,2023,,West,,0,,Flat,,,,,,Bright sun,780210,0,0,0,2,,,0,,,,,,Auckland Region,Motorway ramp,1-way,Sealed,,0,0,,50,,Off,0,0,,76,Auckland,Traffic Signals,,,,,0,0,Urban,0,,,Fine,Null
1729016.002,5940043.0236,894387,,506800,0,0,0,1,1,South,2024/2025,MILL ROAD,SH 16,,Non-Injury Crash,Yes,2025,0,South,0,0,0,Null,0,,0,,0,Overcast,209000,0,0,0,2,0,0,0,0,0,,0,0,Auckland Region,Nil,2-way,Sealed,0,0,0,0,70,0,Null,0,0,,76,Auckland,Nil,0,0,0,0,0,0,Urban,0,0,0,Heavy rain,Null
1764302.7628,5914937.9212,894395,,520303,0,,0,0,,Null,2024/2025,ELLERSLIE-PANMURE HIGHWAY,MOUNTAIN ROAD,,Non-Injury Crash,No,2024,,East,,0,,Null,,,,,,Bright sun,627500,0,0,0,4,,,0,,,,,,Auckland Region,Nil,2-way,Null,,0,0,,50,,Null,1,0,,76,Auckland,Give way,,,,,0,0,Urban,0,,,Fine,Null
1745169.3863,5918627.4823,894398,,513302,0,,0,2,,Null,2022/2023,LINCOLN ROAD,WOODFORD AVENUE,,Minor Crash,No,2023,,South,,0,,Flat,,,,,,Bright sun,230802,1,0,0,4,,,0,,,,,,Auckland Region,Nil,2-way,Sealed,,0,0,,50,,Off,0,0,,76,Auckland,Give way,,,,,0,0,Urban,0,,,Fine,Null
1750136.5205,5947593.1393,894403,,505806,0,,0,0,,Null,2024/2025,MILLWATER PARKWAY,BANKSIDE ROAD,,Non-Injury Crash,No,2025,,North,,0,,Null,,,,,,Unknown,176505,0,0,0,2,,,0,,,,,,Auckland Region,Nil,2-way,Sealed,,0,0,,50,,Null,1,0,,76,Auckland,Traffic Signals,,,,,0,0,Urban,0,,,Fine,Null
1745289.4435,5934090.554,894406,55,506653,0,0,0,0,0,North,2023/2024,COATESVILLE-RIVERHEAD HIGHWAY,Kaituhi Lane,,Non-Injury Crash,No,2023,0,North,0,0,2,Hill Road,0,,0,,0,Overcast,217201,0,0,0,2,0,0,0,0,0,,0,0,Auckland Region,Nil,2-way,Sealed,0,0,0,0,60,0,None,0,0,,76,Auckland,Nil,0,0,0,0,0,0,Urban,1,0,0,Heavy rain,Null
1763878.0869,5907055.8915,894417,,524301,0,,0,2,,Null,2024/2025,GRAY AVENUE,LANDON AVENUE,,Serious Crash,No,2025,,North,,0,,Flat,,,,,,Bright sun,656301,1,0,0,2,,,0,,,,,,Auckland Region,Nil,2-way,Sealed,,0,1,,50,,Off,0,0,,76,Auckland,Nil,,,,,0,0,Urban,0,,,Fine,Null
1761072.5562,5915037.5804,894419,,520201,0,,0,1,,South,2024/2025,SOUTHERN MOTORWAY,MAIN OBR,,Minor Crash,Yes,2025,,South,,0,,Flat,,,,,,Twilight,613500,1,0,1,3,,,0,,,,,,Auckland Region,Nil,1-way,Sealed,,0,0,,100,,On,0,0,,76,Auckland,Nil,,,,,1,0,Open,0,,,Fine,Null
1771993.6909,5895170.2758,894421,,525540,0,0,0,2,0,East,2024/2025,BEACH ROAD,CHICHESTER DRIVE,,Non-Injury Crash,No,2024,0,West,0,0,0,Flat,0,,0,,0,Dark,805901,0,0,0,2,0,0,0,0,0,,1,0,Auckland Region,Nil,2-way,Sealed,0,0,0,0,50,0,On,0,0,,76,Auckland,Nil,0,0,0,0,0,0,Urban,0,0,0,Fine,Null
1765695.8685,5916706.6444,894435,,517100,0,0,0,2,0,South,2024/2025,DALTON STREET,MAYBURY STREET,,Non-Injury Crash,No,2025,0,North,0,0,0,Flat,0,,0,,0,Dark,477000,0,0,0,2,0,0,0,0,1,,0,0,Auckland Region,Nil,2-way,Sealed,0,0,0,0,50,0,On,0,0,,76,Auckland,Nil,1,0,0,0,0,0,Urban,0,0,0,Light rain,Null
1747698.318,5913269.6362,894436,,511100,0,,0,2,,Null,2023/2024,PLEASANT ROAD,EVANS ROAD,,Non-Injury Crash,No,2023,,North,,0,,Flat,,,,,,Bright sun,286600,0,0,0,2,,,0,,,,,,Auckland Region,Nil,2-way,Sealed,,0,0,,50,,Off,0,0,30,76,Auckland,Stop,,,,,0,0,Urban,0,,,Fine,Null
1744757.1212,5917924.1412,894444,,510700,0,,0,1,,Null,2022/2023,STURGES ROAD,SWANSON ROAD,,Non-Injury Crash,No,2023,,East,,0,,Flat,,,,,,Overcast,239501,0,0,0,2,,,0,,,,,,Auckland Region,Nil,2-way,Sealed,,0,0,,50,,Off,1,0,,76,Auckland,Traffic Signals,,,,,0,0,Urban,0,,,Heavy rain,Null
1757759.8445,5916693.5419,894446,,515700,0,,0,1,,West,2025/2026,EPSOM AVENUE,GILLIES AVENUE,,Serious Crash,No,2026,,South,,0,,Flat,,,,,,Overcast,444702,0,0,0,2,,,0,,,1,,,Auckland Region,Nil,2-way,Sealed,,0,1,,50,,Off,0,0,,76,Auckland,Nil,,,,,0,0,Urban,0,,,Fine,Null
1765768.4745,5901156.0436,894452,,524711,0,0,0,1,0,Null,2025/2026,ROSCOMMON ROAD,FINLAYSON AVENUE,,Non-Injury Crash,No,2025,0,South,0,0,1,Hill Road,0,,0,,0,Overcast,774900,0,0,0,4,0,0,0,0,0,,0,0,Auckland Region,Nil,2-way,Sealed,0,0,0,0,50,0,Off,0,0,,76,Auckland,Give way,0,0,0,0,0,0,Urban,0,0,0,Light rain,Null
1768067.7023,5904064.9818,894462,,524602,0,,0,1,,South,2022/2023,SOUTH-WESTERN MOTORWAY,SOUTHERN MOTORWAY,,Non-Injury Crash,Yes,2023,,North,,0,,Flat,,,,,,Overcast,780501,0,0,0,1,,,0,,,,,,Auckland Region,Motorway ramp,1-way,Sealed,,0,0,,100,,Off,1,1,,76,Auckland,Nil,,,,,0,0,Open,0,,,Heavy rain,Null
1754551.76,5914867.5664,894465,,518802,0,0,0,2,0,South,2023/2024,MOUNT ALBERT ROAD,HUNTINGTREE AVENUE,,Minor Crash,No,2024,0,North,0,0,1,Flat,0,,0,,0,Overcast,577300,1,0,0,2,0,0,0,0,1,,0,0,Auckland Region,Nil,2-way,Sealed,0,0,0,0,50,0,Off,0,0,,76,Auckland,Nil,0,0,0,0,0,0,Urban,0,0,0,Mist or Fog,Null
1763313.7243,5908336.1125,894466,,524402,0,,0,0,,North,2025/2026,MASSEY ROAD,SAVILL DRIVE,,Non-Injury Crash,No,2025,,South,,0,,Hill Road,,,,,,Overcast,749900,0,0,0,4,,,0,,,,,,Auckland Region,Nil,2-way,Sealed,,0,0,,50,,Off,2,0,,76,Auckland,Nil,,,,,0,0,Urban,0,,,Fine,Null