X,Y,OBJECTID,advisorySpeed,areaUnitID,bicycle,bridge,bus,carStationWagon,cliffBank,crashDirectionDescription,crashFinancialYear,crashLocation1,crashLocation2,crashRoadSideRoad,crashSeverity,crashSHDescription,crashYear,debris,directionRoleDescription,ditch,fatalCount,fence,flatHill,guardRail,holiday,houseOrBuilding,intersection,kerb,light,meshblockId,minorInjuryCount,moped,motorcycle,NumberOfLanes,objectThrownOrDropped,otherObject,otherVehicleType,overBank,parkedVehicle,pedestrian,phoneBoxEtc,postOrPole,region,roadCharacter,roadLane,roadSurface,roadworks,schoolBus,seriousInjuryCount,slipOrFlood,speedLimit,strayAnimal,streetLight,suv,taxi,temporarySpeedLimit,tlaId,tlaName,trafficControl,trafficIsland,trafficSign,train,tree,truck,unknownVehicleType,urban,vanOrUtility,vehicle,waterRiver,weatherA,weatherB
1768799.986,5914128.5991,894476,,522723,0,,0,1,,Null,2024/2025,PAKURANGA ROAD,CASCADES ROAD,,Non-Injury Crash,No,2025,,South,,0,,Flat,,,,,,Bright sun,681400,0,0,0,4,,,0,,,,,,Auckland Region,Nil,2-way,Sealed,,0,0,,60,,Off,1,0,,76,Auckland,Traffic Signals,,,,,0,0,Urban,0,,,Fine,Null
1763636.9071,5915062.4192,894480,,520303,0,,0,1,,Null,2025/2026,ELLERSLIE-PANMURE HIGHWAY,BURT ROAD,,Non-Injury Crash,No,2025,,East,,0,,Flat,,,,,,Bright sun,626700,0,0,0,4,,,0,,,,,,Auckland Region,Nil,2-way,Sealed,,0,0,,50,,Off,0,0,,76,Auckland,Stop,,,,,0,0,Urban,1,,,Fine,Null
1774717.3685,5896039.1764,894491,,525610,0,,0,1,,Null,2025/2026,DOMINION ROAD,SETTLEMENT ROAD,,Minor Crash,No,2026,,South,,0,,Flat,,Christmas New Year,,,,Bright sun,799111,1,0,1,2,,,0,,,,,,Auckland Region,Nil,2-way,Sealed,,0,0,,50,,Off,0,0,,76,Auckland,Give way,,,,,0,0,Urban,0,,,Fine,Null
1758933.3744,5904310.4803,894492,,524200,0,,0,2,,Null,2024/2025,GEORGE BOLT MEMORIAL DRIVE,IHUMATAO ROAD,,Minor Crash,No,2024,,North,,0,,Flat,,,,,,Dark,727000,1,0,0,3,,,0,,,,,,Auckland Region,Nil,2-way,Sealed,,0,0,,50,,On,0,0,,76,Auckland,Stop,,,,,0,0,Urban,0,,,Fine,Null
1764887.4641,5910926.9774,894493,,520500,0,,0,2,,North,2025/2026,SOUTHERN MOTORWAY,OTAHUHU CK BR,,Non-Injury Crash,Yes,2025,,South,,0,,Flat,,Labour Weekend,,,,Overcast,635902,0,0,0,3,,,0,,,,,,Auckland Region,Nil,1-way,Sealed,,0,0,,100,,Off,0,0,,76,Auckland,Nil,,,,,0,0,Open,2,,,Fine,Null
1771178.3802,5911868.6196,894494,,523110,0,,0,2,,South,2023/2024,CHAPEL ROAD,KILIMANJARO DRIVE,,Minor Crash,No,2024,,South,,0,,Hill Road,,,,,,Bright sun,3205003,1,0,0,2,,,0,,,,,,Auckland Region,Nil,2-way,Sealed,,0,0,,60,,Off,0,0,,76,Auckland,Nil,,,,,0,0,Urban,0,,,Fine,Null
1759922.7569,5915722.0366,894495,,516003,0,,0,2,,South,2024/2025,GREAT SOUTH ROAD,GREEN LANE WEST,,Non-Injury Crash,No,2025,,North,,0,,Null,,,,,,Bright sun,495200,0,0,0,5,,,0,,,,,,Auckland Region,Nil,2-way,Sealed,,0,0,,50,,Null,0,0,,76,Auckland,Nil,,,,,0,0,Urban,0,,,Fine,Null
1760956.6987,5947651.0876,894496,,505904,0,0,0,1,0,West,2023/2024,WHANGAPARAOA ROAD,BLUE VISTA ROAD,,Non-Injury Crash,No,2024,0,West,0,0,0,Flat,0,,0,,0,Dark,175006,0,0,0,2,0,0,0,0,0,,0,1,Auckland Region,Nil,2-way,Sealed,0,0,0,0,50,0,On,0,0,,76,Auckland,Nil,0,0,0,0,0,0,Urban,0,0,0,Fine,Null
1766959.5572,5901933.1927,894500,,524720,0,,0,1,,West,2023/2024,BROWNS ROAD,DALGETY DRIVE,,Non-Injury Crash,No,2023,,West,,0,,Hill Road,,,,,,Bright sun,779500,0,0,0,2,,,0,,,,,,Auckland Region,Nil,2-way,Sealed,,0,0,,50,,Off,0,0,,76,Auckland,Nil,,,,,0,0,Urban,1,,,Fine,None
1776524.822,5881076.5291,894503,,521160,0,,0,0,,North,2025/2026,GREAT SOUTH ROAD,BEAVER ROAD WEST ON RAMP,,Non-Injury Crash,Yes,2025,,North,,0,,Hill Road,,,,,,Dark,827700,0,0,0,2,,,0,,,,,,Auckland Region,Nil,1-way,Sealed,,0,0,,100,,None,0,0,,76,Auckland,Nil,,,,,2,0,Open,0,,,Fine,Null
1757782.4895,5918194.6064,894507,,515700,0,,0,2,,South,2024/2025,SOUTHERN MOTORWAY,MOUNTAIN OBR,,Non-Injury Crash,Yes,2025,,North,,0,,Hill Road,,,,,,Bright sun,443600,0,0,0,4,,,0,,,,,,Auckland Region,Overpass,1-way,Sealed,,0,0,,80,,Off,0,0,,76,Auckland,Nil,,,,,1,0,Open,0,,,Fine,Null
1758683.7431,5926164.1288,894512,,508020,0,,0,2,,North,2023/2024,LAKE ROAD,HAURAKI ROAD,,Non-Injury Crash,No,2023,,South,,0,,Flat,,,,,,Overcast,321000,0,0,0,4,,,0,,,,,,Auckland Region,Nil,2-way,Sealed,,0,0,,50,,Off,1,0,,76,Auckland,Nil,,,,,0,0,Urban,0,,,Fine,Null
1762018.8458,5906025.9031,894516,,524200,0,,0,2,,West,2023/2024,TIDAL ROAD,WAOKAURI PLACE,,Non-Injury Crash,No,2023,,East,,0,,Hill Road,,,,,,Bright sun,728900,0,0,0,2,,,0,,,,,,Auckland Region,Nil,2-way,Sealed,,0,0,,50,,Off,0,0,,76,Auckland,Nil,,,,,0,0,Urban,0,,,Fine,Null
1770851.1671,5899857.8441,894518,,523911,0,0,0,1,0,Null,2022/2023,TAKANINI SCHOOL ROAD,POPES ROAD,,Minor Crash,No,2023,0,South,1,0,1,Flat,0,,0,,0,Overcast,766600,1,0,0,2,0,0,0,0,0,,0,0,Auckland Region,Nil,2-way,Sealed,0,0,0,0,70,0,None,0,0,,76,Auckland,Give way,0,0,0,0,0,0,Urban,0,0,0,Light rain,Null
1750210.8871,5913805.965,894519,,511303,0,,0,2,,Null,2025/2026,CLARK STREET,HETANA STREET,,Non-Injury Crash,No,2025,,East,,0,,Flat,,,,,,Overcast,265002,0,0,0,5,,,0,,,,,,Auckland Region,Nil,2-way,Sealed,,0,0,,50,,Off,0,0,,76,Auckland,Traffic Signals,,,,,0,0,Urban,0,,,Fine,Null
1765673.7676,5901412.4367,894528,,524604,0,0,0,1,0,Null,2023/2024,BROWNS ROAD,ROSCOMMON ROAD,,Non-Injury Crash,No,2023,0,West,0,0,0,Flat,0,,0,,0,Twilight,781302,0,0,0,2,0,0,0,0,0,,0,0,Auckland Region,Nil,2-way,Sealed,0,0,0,0,50,0,On,0,0,30,76,Auckland,Traffic Signals,1,0,0,0,0,0,Urban,0,0,0,Fine,Null
1755932.6706,5917002.1444,894529,,518201,0,,0,1,,North,2025/2026,DOMINION ROAD,KING EDWARD STREET,,Non-Injury Crash,No,2025,,South,,0,,Null,,,,,,Bright sun,548200,0,0,0,2,,,0,,,,,,Auckland Region,Nil,2-way,Sealed,,0,0,,50,,Null,0,0,,76,Auckland,Nil,,,,,0,0,Urban,1,,,Fine,Null
1750041.5748,5918000.6092,894531,,514801,0,,0,2,,East,2025/2026,NORTH-WESTERN MOTORWAY,ROSEBANK ROAD OFF RAMP,,Non-Injury Crash,Yes,2025,,West,,0,,Flat,,,,,,Dark,390401,0,0,0,5,,,0,,,,,,Auckland Region,Motorway ramp,1-way,Sealed,,0,0,,100,,On,0,0,,76,Auckland,Nil,,,,,0,0,Open,0,,,Fine,Null
1753065.607,5930652.8079,894536,,508803,0,0,0,2,0,North,2023/2024,UNSWORTH DRIVE,WESTMINSTER GARDENS,,Non-Injury Crash,No,2023,0,North,0,0,0,Hill Road,0,,0,,0,Dark,180842,0,0,0,2,0,0,0,0,1,,0,0,Auckland Region,Nil,2-way,Sealed,0,0,0,0,50,0,On,0,0,,76,Auckland,Nil,0,0,0,0,0,0,Urban,0,0,0,Fine,Null
1789031.4339,5908512.4729,894538,55,525202,0,0,0,1,0,West,2022/2023,CLEVEDON-KAWAKAWA ROAD,TOWNSON ROAD,,Non-Injury Crash,No,2023,0,East,0,0,2,Flat,0,,0,,0,Dark,764800,0,0,0,2,0,0,0,0,0,,0,0,Auckland Region,Nil,2-way,Sealed,0,0,0,0,100,0,None,0,0,,76,Auckland,Nil,0,0,0,0,0,0,Open,0,0,0,Fine,Null
1765585.5124,5911478.2164,894542,,520500,0,0,0,1,0,South,2022/2023,PANAMA ROAD,ATAAHUA LANE,,Non-Injury Crash,No,2023,0,East,0,0,1,Flat,0,,0,,0,Twilight,635400,0,0,0,2,0,0,0,0,0,,0,0,Auckland Region,Nil,2-way,Sealed,0,0,0,0,50,0,On,0,0,,76,Auckland,Nil,0,0,0,1,0,0,Urban,1,0,0,Light rain,Null
1768733.199,5900401.5599,894545,,525002,0,0,0,1,0,South,2024/2025,ROGERS ROAD,BLOSSOM LANE,,Non-Injury Crash,No,2025,0,South,0,0,0,Flat,0,,0,,0,Dark,752900,0,0,0,2,0,0,0,0,1,,0,0,Auckland Region,Nil,2-way,Sealed,0,0,0,0,40,0,On,0,0,,76,Auckland,Nil,0,0,0,0,0,0,Urban,1,0,0,Fine,Null
1750333.4808,5915984.4742,894547,,514802,0,0,0,1,0,Null,2025/2026,ROSEBANK ROAD,BAMFORD PLACE,,Non-Injury Crash,No,2025,0,South,0,0,0,Flat,0,,0,,0,Dark,389900,0,0,0,3,0,0,0,0,0,,0,1,Auckland Region,Nil,2-way,Sealed,0,0,0,0,50,0,On,0,0,,76,Auckland,Stop,0,0,0,0,0,0,Urban,0,0,0,Fine,Null
1746233.8545,5914010.2373,894548,,511001,0,,0,1,,Null,2024/2025,ROSIER ROAD,WEST COAST ROAD,,Non-Injury Crash,No,2024,,South,,0,,Hill Road,,,,,,Bright sun,282701,0,0,0,3,,,0,,,,,,Auckland Region,Nil,2-way,Sealed,,0,0,,50,,Off,0,0,,76,Auckland,Traffic Signals,,,,,0,0,Urban,1,,,Fine,Null
1773039.929,5895625.6744,894551,,525410,0,,0,2,,Null,2025/2026,SETTLEMENT ROAD,OPAHEKE ROAD,,Non-Injury Crash,No,2025,,West,,0,,Flat,,,,,,Overcast,793302,0,0,0,2,,,0,,,,,,Auckland Region,Nil,2-way,Sealed,,0,0,,50,,Off,0,0,,76,Auckland,Traffic Signals,,,,,0,0,Urban,0,,,Fine,Null
1766991.9844,5913380.4473,894553,,522820,0,,0,2,,Null,2025/2026,PAKURANGA ROAD,WILLIAM ROBERTS ROAD,,Non-Injury Crash,No,2025,,West,,0,,Hill Road,,,,,,Overcast,694900,0,0,0,6,,,0,,,,,,Auckland Region,Overpass,2-way,Sealed,,0,0,,50,,Off,0,0,,76,Auckland,Traffic Signals,,,,,0,0,Urban,0,,,Fine,Null
1758801.2624,5917297.8459,894554,,516001,0,,0,3,,North,2022/2023,SOUTHERN MOTORWAY,DILWORTH FTBR,,Minor Crash,Yes,2023,,South,,0,,Flat,,,,,,Bright sun,491000,4,0,0,3,,,0,,,,,,Auckland Region,Nil,1-way,Sealed,,0,0,,80,,Off,0,0,,76,Auckland,Nil,,,,,0,0,Open,0,,,Fine,Null
1756112.6274,5923987.2441,894555,,509800,0,,1,0,,South,2024/2025,NORTHERN MOTORWAY,STAFFORD ROAD ON RAMP,,Non-Injury Crash,Yes,2025,,North,,0,,Flat,,,,,,Overcast,361200,0,0,0,5,,,0,,,,,,Auckland Region,Nil,1-way,Sealed,,0,0,,80,,Off,1,0,,76,Auckland,Nil,,,,,0,0,Open,0,,,Fine,Null
1751582.8264,5914677.2344,894556,,514402,0,0,0,2,0,North,2024/2025,BLOCKHOUSE BAY ROAD,ACTON PLACE,,Minor Crash,No,2024,0,South,0,0,0,Flat,0,,0,,0,Dark,380503,1,0,0,2,0,0,0,0,1,,0,0,Auckland Region,Nil,2-way,Sealed,0,0,0,0,50,0,On,0,0,,76,Auckland,Nil,0,0,0,0,0,0,Urban,0,0,0,Fine,Null
1758288.8376,5916960.3392,894561,,519200,0,0,0,4,0,Null,2024/2025,MANUKAU ROAD,KIPLING AVENUE,,Non-Injury Crash,No,2025,0,South,0,0,0,Flat,0,,0,,0,Overcast,613900,0,0,0,4,0,0,0,0,1,,0,0,Auckland Region,Nil,2-way,Sealed,0,0,0,0,50,0,Off,0,0,,76,Auckland,Give way,0,0,0,0,0,0,Urban,0,0,0,Fine,Null
1760136.1983,5915909.5287,894571,,516003,0,,0,2,,Null,2024/2025,GREEN LANE EAST OFF RAMP,GREEN LANE EAST,,Non-Injury Crash,No,2025,,North,,0,,Flat,,,,,,Overcast,494902,0,0,0,2,,,0,,,,,,Auckland Region,Overpass,1-way,Sealed,,0,0,,50,,Off,0,1,,76,Auckland,Give way,,,,,0,0,Urban,0,,,Fine,Null
1744077.8608,5926872.7077,894575,,513410,0,,0,2,,Null,2024/2025,BRIGHAM CREEK ROAD,NILS ANDERSEN ROAD,,Minor Crash,No,2024,,West,,0,,Flat,,,,,,Overcast,221600,2,0,0,2,,,0,,,,,,Auckland Region,Nil,2-way,Sealed,,0,0,,50,,Null,0,0,,76,Auckland,Give way,,,,,0,0,Urban,0,,,Fine,Null
1765308.2878,5917141.5644,894576,,517001,0,0,0,2,0,East,2024/2025,OMARU LANE,APIRANA AVENUE,,Non-Injury Crash,No,2025,0,North,0,0,0,Flat,0,,0,,0,Bright sun,475600,0,0,0,2,0,0,0,0,1,,0,0,Auckland Region,Nil,2-way,Sealed,0,0,0,0,30,0,Off,0,0,,76,Auckland,Nil,0,0,0,0,0,0,Urban,0,0,0,Fine,Null
1758726.7912,5911406.9382,894579,,519820,0,,0,0,,Null,2023/2024,ONEHUNGA HARBOUR ROAD OFF RAMP,ONEHUNGA HARBOUR ROAD,,Serious Crash,No,2024,,South,,0,,Flat,,,,,,Overcast,602402,1,0,0,2,,,0,,,,,,Auckland Region,Nil,2-way,Sealed,,0,1,,50,,Off,0,0,,76,Auckland,Nil,,,,,1,0,Urban,2,,,Fine,Null
1757956.3798,5920730.4187,894580,,514103,0,,0,1,,South,2025/2026,ANZAC AVENUE,BEACH ROAD,,Minor Crash,No,2025,,East,,0,,Hill Road,,,,,,Bright sun,438404,1,0,0,4,,,0,,,1,,,Auckland Region,Nil,2-way,Sealed,,0,0,,30,,Off,0,0,,76,Auckland,Nil,,,,,0,0,Urban,0,,,Fine,Null
1763767.7978,5913195.1178,894584,,520402,0,,0,1,,North,2024/2025,MOUNT WELLINGTON HIGHWAY,LONGFORD STREET,,Non-Injury Crash,No,2024,,South,,0,,Flat,,Christmas New Year,,,,Overcast,641501,0,0,0,5,,,0,,,,,,Auckland Region,Nil,2-way,Sealed,,0,0,,50,,Off,1,0,,76,Auckland,Nil,,,,,0,0,Urban,0,,,Fine,None
1762368.9349,5913350.6224,894585,,520402,0,0,0,3,0,South,2023/2024,SOUTHERN MOTORWAY,PENROSE OBR,,Minor Crash,Yes,2024,0,South,0,0,0,Flat,1,,0,,0,Bright sun,642200,3,0,0,3,0,0,0,0,0,,0,0,Auckland Region,Nil,1-way,Sealed,0,0,0,0,100,0,Off,0,0,,76,Auckland,Nil,0,0,0,0,0,0,Open,1,0,0,Fine,Null
1739973.8428,5918985.1999,894587,,513101,0,0,0,2,0,East,2023/2024,SWANSON ROAD,PARKLANDS AVENUE,,Non-Injury Crash,No,2023,0,West,0,0,0,Hill Road,0,,0,,0,Bright sun,237501,0,0,0,2,0,0,0,0,0,,0,1,Auckland Region,Nil,2-way,Sealed,0,0,0,0,50,0,Off,0,0,,76,Auckland,Nil,0,0,0,0,0,0,Urban,0,0,0,Fine,Null
1770459.645,5904575.9188,894588,,523820,0,,0,2,,Null,2024/2025,REDOUBT ROAD,MURPHYS ROAD,,Minor Crash,No,2025,,South,,0,,Flat,,,,,,Bright sun,760000,2,0,0,2,,,0,,,,,,Auckland Region,Nil,2-way,Sealed,,0,0,,60,,Null,0,0,,76,Auckland,Give way,,,,,0,0,Urban,0,,,Fine,Null
1756637.6803,5918496.1061,894589,,515600,0,,1,0,,Null,2023/2024,NEW NORTH ROAD,CHARLOTTE STREET,,Non-Injury Crash,No,2023,,North,,0,,Hill Road,,,,,,Overcast,420807,0,0,0,4,,,0,,,,,,Auckland Region,Nil,2-way,Sealed,,0,0,,50,,Off,0,0,,76,Auckland,Nil,,,,,1,0,Urban,0,,,Fine,Null
1772478.4373,5896945.8561,894596,,525420,0,,0,2,,Null,2025/2026,GREAT SOUTH ROAD,COLES CRESCENT,,Minor Crash,No,2025,,North,,0,,Flat,,,,,,Dark,791300,1,0,0,2,,,0,,,,,,Auckland Region,Nil,2-way,Sealed,,0,0,,50,,On,0,0,,76,Auckland,Stop,,,,,0,0,Urban,0,,,Fine,Null
1769112.4105,5900544.9095,894603,,525002,0,,0,2,,South,2022/2023,GREAT SOUTH ROAD,MCANNALLEY STREET,,Non-Injury Crash,No,2023,,North,,0,,Flat,,,,,,Dark,753202,0,0,0,2,,,0,,,,,,Auckland Region,Nil,2-way,Sealed,,0,0,,50,,On,1,0,30,76,Auckland,Nil,,,,,0,0,Urban,0,,,Fine,Null
1765700.2452,5902771.8817,894607,,524604,0,0,0,0,0,North,2023/2024,LANGLEY ROAD,TACOMA ROAD,,Non-Injury Crash,No,2023,0,South,0,0,0,Flat,0,,0,,0,Dark,781302,0,0,0,2,0,0,0,0,0,,0,1,Auckland Region,Nil,2-way,Sealed,0,0,0,0,50,0,On,1,0,,76,Auckland,Nil,0,0,0,0,0,0,Urban,0,0,0,Light rain,Null
1769285.5424,5880392.5377,894608,,525922,0,0,0,0,0,West,2025/2026,GLASGOW ROAD,MANUKAU ROAD,,Serious Crash,No,2025,0,East,0,0,0,Hill Road,0,,0,,0,Dark,823900,0,0,0,2,0,0,0,0,0,,0,0,Auckland Region,Nil,2-way,Sealed,0,0,1,0,50,0,On,0,0,,76,Auckland,Nil,0,0,0,1,0,0,Urban,1,0,0,Heavy rain,Null
1757206.0095,5907577.4555,894609,,524200,0,0,0,1,0,West,2022/2023,ISLAND ROAD,WATERCARE COASTAL WALKWAY,,Non-Injury Crash,No,2023,0,East,0,0,0,Flat,0,,0,,0,Overcast,726200,0,0,0,2,0,0,0,1,0,,0,0,Auckland Region,Nil,2-way,Sealed,0,0,0,0,100,0,None,0,0,,76,Auckland,Nil,0,0,0,0,0,0,Open,0,0,0,Light rain,Null
1759215.0512,5920331.6993,894624,,515902,0,,0,1,,East,2024/2025,GLADSTONE ROAD,BALFOUR ROAD,,Minor Crash,No,2025,,South,,0,,Hill Road,,,,,,Dark,454800,1,0,0,2,,,0,,,1,,,Auckland Region,Nil,2-way,Sealed,,0,0,,50,,On,0,0,,76,Auckland,Nil,,,,,0,0,Urban,0,,,Fine,Null
1753564.3663,5914367.7311,894625,,518801,0,0,0,1,0,South,2023/2024,MAIORO STREET OFF RAMP,MAIORO STREET,,Non-Injury Crash,No,2024,0,North,0,0,0,Flat,0,,0,,0,Bright sun,578400,0,0,0,3,0,0,0,0,0,,0,0,Auckland Region,Motorway ramp,2-way,Sealed,0,0,0,0,50,0,Off,0,0,,76,Auckland,Nil,0,0,0,0,0,0,Urban,1,1,0,Fine,Null
1772822.8541,5896081.525,894626,,525410,1,,0,1,,Null,2025/2026,GREAT SOUTH ROAD,WOOD STREET,,Minor Crash,No,2025,,North,,0,,Flat,,,,,,Dark,792202,1,0,0,2,,,0,,,,,,Auckland Region,Nil,2-way,Sealed,,0,0,,50,,On,0,0,,76,Auckland,Give way,,,,,0,0,Urban,0,,,Fine,Null
1765374.8045,5914199.3777,894627,45,520602,0,0,0,1,0,Null,2023/2024,CHURCH CRESCENT,SUNSET VIEW ROAD,,Non-Injury Crash,No,2023,0,North,0,0,1,Hill Road,0,,0,,0,Dark,629400,0,0,0,2,0,0,0,0,0,,0,1,Auckland Region,Nil,2-way,Sealed,0,0,0,0,50,0,On,0,0,,76,Auckland,Give way,0,0,0,0,0,0,Urban,0,0,0,Fine,Null
1745856.1052,5920489.9229,894629,,513301,0,,0,3,,East,2023/2024,NORTH-WESTERN MOTORWAY,LINCOLN ROAD ON RAMP,,Non-Injury Crash,Yes,2024,,East,,0,,Flat,,,,,,Bright sun,230200,0,0,0,3,,,0,,,,,,Auckland Region,Nil,1-way,Sealed,,0,0,,100,,Off,1,0,,76,Auckland,Nil,,,,,0,0,Open,0,,,Fine,Null
1760162.0481,5908035.4186,894631,,524403,0,,0,1,,North,2025/2026,SOUTH-WESTERN MOTORWAY,WALMSLEY ROAD ON RAMP,,Non-Injury Crash,Yes,2025,,South,,0,,Flat,,,,,,Dark,731104,0,0,0,2,,,0,,,,,,Auckland Region,Nil,1-way,Sealed,,0,0,,100,,On,0,0,,76,Auckland,Nil,,,,,1,0,Open,0,,,Fine,Null
1745853.9067,5923823.4572,894633,,513521,0,0,0,1,0,Null,2025/2026,LUCKENS ROAD,MATISSE DRIVE,,Non-Injury Crash,No,2025,0,East,0,0,1,Flat,0,,1,,0,Twilight,224243,0,0,0,2,0,0,0,0,0,,1,0,Auckland Region,Nil,2-way,Sealed,0,0,0,0,50,0,Off,0,0,,76,Auckland,Give way,0,0,0,1,0,0,Urban,0,0,0,Fine,Null
1756122.207,5918719.2475,894637,,515500,0,,0,2,,South,2025/2026,NORTH-WESTERN MOTORWAY,WAIMA FTBR,,Non-Injury Crash,Yes,2025,,South,,0,,Flat,,,,,,Overcast,417600,0,0,0,4,,,0,,,,,,Auckland Region,Nil,1-way,Sealed,,0,0,,80,,Off,0,0,,76,Auckland,Nil,,,,,0,0,Open,0,,,Fine,Null
1771785.3243,5895200.7009,894640,,525530,0,,1,1,,Null,2023/2024,BEACH ROAD,ELLIOT STREET,,Non-Injury Crash,No,2023,,East,,0,,Flat,,,,,,Dark,804901,0,0,0,2,,,0,,,,,,Auckland Region,Nil,2-way,Sealed,,0,0,,50,,On,0,0,,76,Auckland,Give way,,,,,0,0,Urban,0,,,Fine,Null
1755218.8329,5924723.6698,894641,,509800,0,,0,2,,West,2024/2025,ONEWA ROAD,WOODSIDE AVENUE,,Minor Crash,No,2025,,West,,0,,Flat,,,,,,Overcast,361600,1,0,0,4,,,0,,,,,,Auckland Region,Nil,2-way,Sealed,,0,0,,50,,Off,1,0,,76,Auckland,Nil,,,,,0,0,Urban,0,,,Light rain,Null
1746706.884,5919935.4858,894642,,512402,0,,0,1,,West,2022/2023,NORTH-WESTERN MOTORWAY,TE ATATU ROAD ON RAMP,,Non-Injury Crash,Yes,2023,,West,,0,,Flat,,,,,,Dark,252200,0,0,0,3,,,0,,,,,,Auckland Region,Nil,1-way,Sealed,,0,0,,100,,On,1,0,,76,Auckland,Nil,,,,,0,0,Open,0,,,Fine,Null
1763134.317,5915003.9536,894644,,520303,0,,0,2,,Null,2024/2025,ELLERSLIE-PANMURE HIGHWAY,FERNDALE ROAD,,Minor Crash,No,2024,,West,,0,,Flat,,,,,,Dark,626700,1,0,0,4,,,0,,,,,,Auckland Region,Nil,2-way,Sealed,,0,0,,50,,On,0,0,,76,Auckland,Give way,,,,,0,0,Urban,0,,,Fine,Null
1764400.6426,5904799.6216,894647,,522100,0,,0,2,,North,2024/2025,WYLLIE ROAD,GIFFORD ROAD,,Non-Injury Crash,No,2025,,South,,0,,Flat,,,,,,Dark,659200,0,0,0,2,,,0,,,,,,Auckland Region,Nil,2-way,Sealed,,0,0,,50,,On,0,0,,76,Auckland,Nil,,,,,0,0,Urban,0,,,Fine,Null
1769593.5637,5905408.1196,894648,,523712,0,,0,2,,Null,2023/2024,THOMAS ROAD,ASPIRING AVENUE,,Non-Injury Crash,No,2023,,East,,0,,Hill Road,,,,,,Overcast,713209,0,0,0,2,,,0,,,,,,Auckland Region,Nil,2-way,Sealed,,0,0,,50,,None,0,0,,76,Auckland,Give way,,,,,0,0,Urban,0,,,Light rain,Null
1751157.3463,5929873.9201,894650,,509100,0,,0,2,,East,2022/2023,UPPER HARBOUR MOTORWAY,GREENHITHE ROAD OFF RAMP,,Minor Crash,Yes,2023,,West,,0,,Flat,,,,,,Dark,181118,2,0,0,2,,,0,,,,,,Auckland Region,Nil,1-way,Sealed,,0,0,,100,,On,0,0,,76,Auckland,Nil,,,,,0,0,Open,0,,,Heavy rain,Strong wind
1765252.9895,5917295.7354,894655,,517001,0,,0,0,,North,2025/2026,APIRANA AVENUE,OMARU LANE,,Serious Crash,No,2025,,South,,0,,Flat,,,,,,Bright sun,475600,0,0,1,2,,,0,,,,,,Auckland Region,Nil,2-way,Sealed,,0,1,,30,,Off,0,0,,76,Auckland,Nil,,,,,0,0,Urban,1,,,Fine,Null
1761981.4127,5913901.6805,894659,,520202,0,,0,0,,North,2023/2024,SOUTHERN MOTORWAY,PENROSE OBR,,Non-Injury Crash,Yes,2023,,West,,0,,Flat,,,,,,Overcast,612400,0,0,0,3,,,0,,,,,,Auckland Region,Nil,1-way,Sealed,,0,0,,100,,Off,2,0,,76,Auckland,Nil,,,,,0,0,Open,1,,,Light rain,Null
1763791.6313,5908821.5391,894661,,521901,0,0,0,2,0,Null,2022/2023,OFF ROAD - CAR PARK,,,Minor Crash,No,2023,0,West,0,0,1,Flat,1,,0,,0,Bright sun,785400,3,0,0,,0,0,0,0,1,,0,0,Auckland Region,Nil,Off road,Sealed,0,0,0,0,,0,Off,0,0,,76,Auckland,Nil,0,0,0,0,0,0,Urban,0,0,0,Fine,Null
1757883.0891,5926981.0359,894663,,508010,0,,0,1,,Null,2022/2023,AUBURN STREET,HURON STREET,,Non-Injury Crash,No,2023,,North,,0,,Flat,,,,,,Overcast,327900,0,0,1,2,,,0,,,,,,Auckland Region,Nil,2-way,Sealed,,0,0,,50,,Off,0,0,,76,Auckland,Give way,,,,,0,0,Urban,0,,,Light rain,Null
1746952.1305,5919053.5619,894669,,512402,0,,0,2,,South,2023/2024,TE ATATU ROAD,VERA ROAD,,Non-Injury Crash,No,2023,,North,,0,,Flat,,,,,,Overcast,254500,0,0,0,4,,,0,,,,,,Auckland Region,Nil,2-way,Sealed,,0,0,,50,,Off,0,0,,76,Auckland,Nil,,,,,0,0,Urban,0,,,Fine,Null
1757787.7636,5916168.702,894670,,515801,0,,0,1,,Null,2024/2025,GILLIES AVENUE,KIMBERLEY ROAD,,Non-Injury Crash,No,2025,,North,,0,,Null,,,,,,Twilight,445500,0,0,0,2,,,0,,,,,,Auckland Region,Nil,2-way,Null,,0,0,,50,,Null,1,0,,76,Auckland,Give way,,,,,0,0,Urban,0,,,Fine,Null
1772323.8409,5911767.2348,894671,45,523102,0,1,0,0,0,West,2024/2025,WHITFORD ROAD,MAUNGAMAUNGAROA BR,,Minor Crash,No,2025,0,East,0,0,0,Hill Road,0,,0,,0,Bright sun,718003,1,0,1,3,0,0,0,0,0,,0,0,Auckland Region,Bridge,2-way,Sealed,0,0,0,0,50,0,None,0,0,,76,Auckland,Nil,0,0,0,0,0,0,Urban,0,0,0,Fine,Null
1764140.1857,5910280.5488,894677,,521801,0,,0,2,,Null,2023/2024,ATKINSON AVENUE,ALBION ROAD,,Non-Injury Crash,No,2023,,North,,0,,Flat,,,,,,Twilight,786802,0,0,0,2,,,0,,,,,,Auckland Region,Nil,2-way,Sealed,,0,0,,50,,On,0,0,,76,Auckland,Nil,,,,,0,0,Urban,0,,,Fine,Null