X,Y,OBJECTID,advisorySpeed,areaUnitID,bicycle,bridge,bus,carStationWagon,cliffBank,crashDirectionDescription,crashFinancialYear,crashLocation1,crashLocation2,crashRoadSideRoad,crashSeverity,crashSHDescription,crashYear,debris,directionRoleDescription,ditch,fatalCount,fence,flatHill,guardRail,holiday,houseOrBuilding,intersection,kerb,light,meshblockId,minorInjuryCount,moped,motorcycle,NumberOfLanes,objectThrownOrDropped,otherObject,otherVehicleType,overBank,parkedVehicle,pedestrian,phoneBoxEtc,postOrPole,region,roadCharacter,roadLane,roadSurface,roadworks,schoolBus,seriousInjuryCount,slipOrFlood,speedLimit,strayAnimal,streetLight,suv,taxi,temporarySpeedLimit,tlaId,tlaName,trafficControl,trafficIsland,trafficSign,train,tree,truck,unknownVehicleType,urban,vanOrUtility,vehicle,waterRiver,weatherA,weatherB
1746777.8971,5919917.646,894678,,512300,0,,0,1,,West,2024/2025,NORTH-WESTERN MOTORWAY,TE ATATU ROAD OFF RAMP,,Non-Injury Crash,Yes,2025,,East,,0,,Flat,,,,,,Overcast,251700,0,0,0,3,,,0,,,,,,Auckland Region,Nil,1-way,Sealed,,0,0,,100,,Off,1,0,,76,Auckland,Nil,,,,,0,0,Open,0,,,Fine,Null
1758853.4096,5918974.3641,894680,,515901,1,,0,1,,Null,2025/2026,PARNELL ROAD,AYR STREET,,Minor Crash,No,2025,,South,,0,,Flat,,,,,,Overcast,457000,1,0,0,2,,,0,,,,,,Auckland Region,Nil,2-way,Sealed,,0,0,,50,,Off,0,0,,76,Auckland,Traffic Signals,,,,,0,0,Urban,0,,,Light rain,Null
1764393.9131,5886932.411,894682,,521122,0,0,0,1,0,East,2025/2026,GLENBROOK ROAD,HOMESTEAD HILL LANE,,Non-Injury Crash,No,2025,0,East,0,0,0,Flat,0,,0,,0,Overcast,809900,0,0,0,2,0,0,0,0,0,,0,0,Auckland Region,Bridge,2-way,Sealed,0,0,0,0,80,0,None,0,0,,76,Auckland,Nil,0,1,0,0,0,0,Open,0,0,0,Fine,Null
1748475.122,5947270.9941,894687,,506201,0,0,0,1,0,South,2022/2023,NORTHERN MOTORWAY,WANUI ROAD OFF RAMP,,Non-Injury Crash,Yes,2023,0,North,0,0,0,Flat,1,,0,,0,Bright sun,176603,0,0,0,4,0,0,0,0,0,,0,0,Auckland Region,Nil,2-way,Sealed,0,0,0,0,100,0,Off,0,0,,76,Auckland,Nil,0,0,0,0,0,0,Open,0,0,0,Fine,Null
1752945.5229,5918340.5177,894693,,515002,0,,0,3,,West,2023/2024,GREAT NORTH ROAD,PREMIER AVENUE,,Non-Injury Crash,No,2023,,West,,0,,Flat,,,,,,Dark,390501,0,0,0,3,,,0,,,,,,Auckland Region,Nil,2-way,Sealed,,0,0,,50,,On,0,0,,76,Auckland,Nil,,,,,0,0,Urban,0,,,Fine,Null
1772555.9199,5896391.7911,894698,,525420,0,,0,0,,Null,2024/2025,EAST STREET,ELLIOT STREET,,Non-Injury Crash,No,2025,,South,,0,,Null,,,,,,Unknown,791600,0,0,0,2,,,0,,,,,,Auckland Region,Nil,2-way,Null,,0,0,,50,,Null,0,0,,76,Auckland,Traffic Signals,,,,,0,0,Urban,1,,,Null,Null
1767031.4922,5906759.51,894701,,523601,0,,0,4,,South,2023/2024,SOUTHERN MOTORWAY,EAST TAMAKI ROAD ON RAMP,,Minor Crash,Yes,2023,,South,,0,,Flat,,,,,,Bright sun,707500,4,0,0,3,,,0,,,,,,Auckland Region,Nil,1-way,Sealed,,0,0,,100,,Off,0,0,,76,Auckland,Nil,,,,,0,0,Open,0,,,Fine,Null
1766819.1629,5899241.992,894702,,524812,0,0,0,2,0,South,2025/2026,MAHIA ROAD,GLENVEAGH PARK DRIVE,,Serious Crash,No,2025,0,South,0,0,0,Flat,0,,0,,0,Overcast,774105,1,0,0,2,0,0,0,0,1,,0,0,Auckland Region,Nil,2-way,Sealed,0,0,1,0,50,0,Off,0,0,30,76,Auckland,Nil,0,0,0,0,0,0,Urban,1,0,0,Fine,Null
1741908.3032,5910324.785,894706,35,512902,0,,0,2,,North,2025/2026,SCENIC DRIVE,ARATAKI VISITOR CENTRE,,Minor Crash,No,2025,,East,,0,,Hill Road,,,,,,Dark,282102,2,0,0,2,,,0,,,,,,Auckland Region,Nil,2-way,Sealed,,0,0,,60,,None,0,0,,76,Auckland,Nil,,,,,0,0,Urban,0,,,Light rain,Null
1767568.1151,5905471.8921,894707,,523722,0,,0,2,,South,2023/2024,SOUTHERN MOTORWAY,TE IRIRANGI DRIVE OFF RAMP,,Minor Crash,Yes,2024,,South,,0,,Flat,,,,,,Dark,715701,1,0,0,3,,,0,,,,,,Auckland Region,Nil,1-way,Sealed,,0,0,,100,,On,0,0,,76,Auckland,Nil,,,,,0,0,Open,0,,,Fine,Null
1770187.8377,5877261.0154,894711,,525922,0,,0,2,,North,2023/2024,TUAKAU ROAD,BUCKLAND ROAD,,Minor Crash,No,2024,,North,,0,,Flat,,,,,,Dark,824302,1,0,0,2,,,0,,,,,,Auckland Region,Nil,2-way,Sealed,,0,0,,80,,None,0,0,,76,Auckland,Nil,,,,,0,0,Open,0,,,Fine,Null
1771687.3822,5912982.3377,894712,,523102,0,,0,2,,Null,2024/2025,MEADOWLAND DRIVE,WHITFORD ROAD,,Non-Injury Crash,No,2025,,West,,0,,Flat,,,,,,Overcast,711005,0,0,0,3,,,0,,,,,,Auckland Region,Nil,2-way,Sealed,,0,0,,50,,Null,0,0,,76,Auckland,Give way,,,,,0,0,Urban,0,,,Fine,Null
1753149.6706,5914188.138,894715,,514500,0,,0,2,,East,2023/2024,MAIORO STREET,ROSEVILLE STREET,,Non-Injury Crash,No,2023,,West,,0,,Flat,,,,,,Bright sun,376800,0,0,0,4,,,0,,,,,,Auckland Region,Nil,2-way,Sealed,,0,0,,50,,Off,0,0,,76,Auckland,Nil,,,,,0,0,Urban,1,,,Fine,Strong wind
1753728.9234,5876138.9707,894716,,526104,0,,0,1,,Null,2022/2023,KITCHENER ROAD,KING STREET,,Minor Crash,No,2023,,South,,0,,Hill Road,,,,,,Overcast,834600,1,0,0,2,,,0,,,,,,Auckland Region,Nil,2-way,Sealed,,0,0,,50,,Off,0,0,,76,Auckland,Give way,,,,,0,1,Urban,0,,,Fine,Null
1766183.4482,5905146.9726,894718,,524603,0,,0,1,,Null,2023/2024,PUHINUI ROAD,NORMAN SPENCER DRIVE,,Non-Injury Crash,No,2023,,North,,0,,Flat,,,,,,Dark,674300,0,0,0,2,,,0,,,,,,Auckland Region,Speed hump,2-way,Sealed,,0,0,,50,,On,0,0,,76,Auckland,Stop,,,,,0,0,Urban,1,,,Fine,Null
1735379.5838,5910554.5925,894719,,513800,0,,0,0,,West,2025/2026,ANAWHATA ROAD,PIHA ROAD,,Minor Crash,No,2026,,East,,0,,Hill Road,,,,,,Bright sun,281902,1,0,0,2,,,0,,,,,,Auckland Region,Nil,2-way,Unsealed,,0,0,,100,,Off,1,0,,76,Auckland,Nil,,,,,1,0,Open,0,,,Fine,Null
1735061.8806,5932650.1963,894721,,505605,0,0,0,1,1,East,2024/2025,OLD NORTH ROAD,WAIKOUKOU VALLEY ROAD,,Non-Injury Crash,No,2025,0,East,0,0,0,Flat,0,,0,,0,Twilight,215700,0,0,0,2,0,0,0,0,0,,0,0,Auckland Region,Nil,2-way,Sealed,0,0,0,0,80,0,Off,0,0,,76,Auckland,Nil,0,0,0,0,0,0,Open,0,0,0,Light rain,Null
1741379.9955,5919778.3533,894723,,513621,0,0,0,1,0,West,2024/2025,CROWS ROAD,PATRICK RICE DRIVE,,Non-Injury Crash,No,2025,0,West,1,0,0,Hill Road,0,,0,,0,Dark,238102,0,0,0,0,0,0,0,0,0,,0,1,Auckland Region,Nil,2-way,Sealed,0,0,0,0,50,0,None,0,0,,76,Auckland,Nil,0,0,0,0,0,0,Urban,0,0,0,Fine,Null
1744584.6852,5920872.7144,894727,,513631,0,0,0,1,1,Null,2024/2025,WAIMUMU ROAD,CHORLEY AVENUE,,Non-Injury Crash,No,2025,0,West,0,0,0,Hill Road,0,,0,,0,Dark,227803,0,0,0,2,0,0,0,0,0,,0,0,Auckland Region,Nil,2-way,Sealed,0,0,0,0,50,0,On,0,0,,76,Auckland,Give way,0,0,0,0,0,0,Urban,0,0,0,Fine,Null
1759731.8648,5909208.1516,894730,,524002,0,,0,3,,North,2025/2026,SOUTH-WESTERN MOTORWAY,WALMSLEY ROAD OFF RAMP,,Non-Injury Crash,Yes,2025,,South,,0,,Flat,,,,,,Bright sun,724102,0,0,0,3,,,0,,,,,,Auckland Region,Nil,1-way,Sealed,,0,0,,100,,Off,0,0,,76,Auckland,Nil,,,,,0,0,Open,0,,,Fine,Null
1757314.6128,5919498.6016,894731,,514301,0,,0,1,,Null,2023/2024,SYMONDS STREET,CITY ROAD,,Minor Crash,No,2024,,West,,0,,Flat,,,,,,Bright sun,440904,1,0,0,4,,,0,,,1,,,Auckland Region,Nil,2-way,Sealed,,0,0,,30,,Off,0,0,,76,Auckland,Give way,,,,,0,0,Urban,0,,,Fine,Null
1750185.5309,5915456.206,894734,,514802,0,0,0,2,0,East,2025/2026,CANAL ROAD,BELLGROVE PLACE,,Non-Injury Crash,No,2025,0,West,0,0,0,Flat,0,,0,,0,Dark,387100,0,0,0,2,0,0,0,0,1,,0,0,Auckland Region,Nil,2-way,Sealed,0,0,0,0,50,0,On,0,0,,76,Auckland,Nil,0,0,0,0,0,0,Urban,0,0,0,Light rain,Null
1768523.0452,5906121.2841,894745,,523711,0,,0,0,,West,2025/2026,FLAT BUSH ROAD,DAWSON ROAD,,Minor Crash,No,2025,,West,,0,,Flat,,,,,,Overcast,714806,1,0,0,2,,,0,,,1,,,Auckland Region,Nil,2-way,Sealed,,0,0,,50,,Off,0,0,40,76,Auckland,Nil,,,,,0,0,Urban,1,,,Fine,Strong wind
1766649.4562,5910221.3483,894746,,523112,0,,1,0,,Null,2023/2024,EL KOBAR DRIVE,SIR WOOLF FISHER DRIVE,,Minor Crash,No,2023,,North,,0,,Hill Road,,,,,,Overcast,711301,1,0,0,1,,,0,,,,,,Auckland Region,Nil,1-way,Sealed,,0,0,,50,,Off,1,0,,76,Auckland,Give way,,,,,0,0,Urban,0,,,Fine,Null
1755124.6204,5914120.5068,894747,,518803,0,,0,2,,Null,2024/2025,DOMINION ROAD,MEMORIAL AVENUE,,Non-Injury Crash,No,2025,,South,,0,,Hill Road,,,,,,Dark,580700,0,0,0,2,,,0,,,,,,Auckland Region,Nil,2-way,Sealed,,0,0,,50,,On,0,0,,76,Auckland,Traffic Signals,,,,,0,0,Urban,0,,,Fine,Null
1747609.1826,5919509.8493,894749,,512300,0,,0,1,,East,2024/2025,NORTH-WESTERN MOTORWAY,TE ATATU ROAD ON RAMP,,Non-Injury Crash,Yes,2025,,East,,0,,Flat,,,,,,Twilight,252000,0,0,0,3,,,0,,,,,,Auckland Region,Nil,1-way,Sealed,,0,0,,100,,Off,1,0,,76,Auckland,Nil,,,,,0,0,Open,0,,,Fine,Null
1742849.3791,5931305.8466,894752,,506400,0,0,0,1,0,East,2024/2025,COATESVILLE-RIVERHEAD HIGHWAY,NEWTON ROAD,,Minor Crash,No,2025,0,North,0,0,1,Hill Road,0,,0,,0,Bright sun,216800,1,0,0,2,0,0,0,0,0,,0,1,Auckland Region,Nil,2-way,Sealed,0,0,0,0,50,0,None,0,0,,76,Auckland,Nil,0,0,0,0,0,0,Urban,0,0,0,Fine,Null
1788382.6033,5887714.8314,894753,,521132,0,0,0,0,0,South,2024/2025,PAPARIMU ROAD,ARARIMU ROAD,,Non-Injury Crash,No,2025,0,South,0,0,1,Hill Road,0,,0,,0,Overcast,815801,0,0,0,2,0,0,0,0,0,,0,1,Auckland Region,Nil,2-way,Sealed,0,0,0,0,80,0,None,0,0,,76,Auckland,Nil,0,0,0,0,0,0,Open,1,0,0,Heavy rain,Null
1768803.2609,5914133.8279,894754,,522721,0,,0,1,,North,2022/2023,PAKURANGA ROAD,CASCADES ROAD,,Non-Injury Crash,No,2023,,South,,0,,Flat,,,,,,Dark,681215,0,0,0,6,,,0,,,,,,Auckland Region,Nil,2-way,Sealed,,0,0,,60,,On,1,0,,76,Auckland,Nil,,,,,0,0,Urban,0,,,Fine,Null
1747670.953,5916718.8205,894757,,511601,0,,0,1,,West,2024/2025,BARRYS ROAD,HEPBURN ROAD,,Non-Injury Crash,No,2025,,North,,0,,Null,,,,,,Overcast,273800,0,0,0,2,,,0,,,,,,Auckland Region,Nil,2-way,Sealed,,0,0,,30,,Null,0,0,,76,Auckland,Nil,,,,,0,0,Urban,1,,,Fine,Null
1759872.4989,5916122.9179,894762,,516002,0,,0,1,,North,2023/2024,SOUTHERN MOTORWAY,GREEN LANE EAST OFF RAMP,,Non-Injury Crash,Yes,2023,,South,,0,,Flat,,Labour Weekend,,,,Overcast,492000,0,0,1,3,,,0,,,,,,Auckland Region,Nil,1-way,Sealed,,0,0,,100,,Off,0,0,,76,Auckland,Nil,,,,,0,0,Open,0,,,Fine,Null
1772065.1308,5895158.4021,894768,,525540,0,,0,1,,West,2024/2025,BEACH ROAD,VANNI LANE,,Minor Crash,No,2024,,East,,0,,Flat,,,,,,Bright sun,805902,1,0,1,2,,,0,,,1,,,Auckland Region,Nil,2-way,Sealed,,0,0,,50,,Off,0,0,,76,Auckland,Nil,,,,,0,0,Urban,1,,,Fine,Null
1756777.8447,5920183.2004,894771,,514102,0,,0,1,,Null,2025/2026,NELSON STREET,COOK STREET,,Non-Injury Crash,No,2025,,West,,0,,Hill Road,,,,,,Bright sun,434103,0,0,0,5,,,0,,,,,,Auckland Region,Nil,1-way,Sealed,,0,0,,40,,Off,0,0,,76,Auckland,Traffic Signals,,,,,0,0,Urban,1,,,Fine,Null
1770681.795,5904041.0404,894782,,523818,0,,0,0,,West,2022/2023,REDOUBT ROAD,KINNARD LANE,,Non-Injury Crash,No,2023,,North,,0,,Hill Road,,,,,,Overcast,760400,0,0,0,2,,,0,,,,,,Auckland Region,Nil,2-way,Sealed,,0,0,,60,,None,0,0,,76,Auckland,Nil,,,,,1,0,Urban,0,,,Light rain,Null
1758822.6826,5912164.3026,894783,,519820,0,,0,2,,Null,2025/2026,SELWYN STREET,CHURCH STREET,,Minor Crash,No,2025,,North,,0,,Flat,,,,,,Overcast,601700,1,0,0,4,,,0,,,,,,Auckland Region,Nil,2-way,Sealed,,0,0,,50,,Off,0,0,,76,Auckland,Traffic Signals,,,,,0,0,Urban,0,,,Heavy rain,Null
1765131.8434,5909862.9014,894786,,521803,0,0,0,1,0,South,2023/2024,SOUTHERN MOTORWAY,TRENWITH OBR,,Minor Crash,Yes,2024,0,South,0,0,0,Flat,1,,0,,0,Twilight,788300,1,0,0,4,0,0,0,0,0,,0,0,Auckland Region,Nil,1-way,Sealed,0,0,0,0,100,0,On,0,0,,76,Auckland,Nil,0,0,0,0,0,0,Open,0,0,0,Fine,Null
1755123.5238,5918267.6226,894787,,517500,0,,0,1,,West,2024/2025,NORTH-WESTERN MOTORWAY,BOND OBR,,Non-Injury Crash,Yes,2025,,West,,0,,Flat,,,,,,Overcast,529900,0,0,0,4,,,0,,,,,,Auckland Region,Nil,1-way,Sealed,,0,0,,80,,Off,2,0,,76,Auckland,Nil,,,,,0,0,Open,0,,,Light rain,Null
1756790.8597,5919934.75,894789,,514102,0,,0,2,,Null,2024/2025,HOBSON STREET,PERCY PLACE,,Non-Injury Crash,No,2025,,South,,0,,Flat,,,,,,Overcast,434603,0,0,0,4,,,0,,,,,,Auckland Region,Nil,1-way,Sealed,,0,0,,40,,Off,0,0,,76,Auckland,Nil,,,,,0,0,Urban,0,,,Fine,Null
1761990.8933,5913894.4078,894793,,520202,0,,0,2,,North,2024/2025,SOUTHERN MOTORWAY,PENROSE OBR,,Non-Injury Crash,Yes,2025,,North,,0,,Flat,,,,,,Dark,612400,0,0,0,3,,,0,,,,,,Auckland Region,Nil,1-way,Sealed,,0,0,,100,,On,0,0,,76,Auckland,Nil,,,,,0,0,Open,0,,,Fine,Null
1746627.5902,5926016.7707,894797,,513432,0,,0,2,,Null,2024/2025,HOBSONVILLE ROAD,BRIGHAM CREEK ROAD,,Non-Injury Crash,No,2025,,North,,0,,Flat,,,,,,Dark,223005,0,0,0,2,,,0,,,,,,Auckland Region,Nil,2-way,Sealed,,0,0,,50,,On,0,0,,76,Auckland,Stop,,,,,0,0,Urban,0,,,Fine,Null
1753307.8135,5914593.5468,894803,,518801,0,,0,0,,West,2024/2025,SH 20,MAIORO ST OBR,,Non-Injury Crash,Yes,2025,,West,,0,,Flat,,,,,,Bright sun,578400,0,0,0,3,,,0,,,,,,Auckland Region,Nil,1-way,Sealed,,0,0,,80,,Off,1,0,,76,Auckland,Nil,,,,,0,0,Open,1,,,Fine,Null
1759882.7267,5908637.3605,894804,,524121,0,,0,2,,South,2023/2024,SOUTH-WESTERN MOTORWAY,CORONATION ROAD OFF RAMP,,Non-Injury Crash,Yes,2023,,North,,0,,Flat,,,,,,Dark,737000,0,0,0,6,,,0,,,,,,Auckland Region,Nil,2-way,Sealed,,0,0,,100,,On,0,1,,76,Auckland,Nil,,,,,0,0,Open,0,,,Fine,Frost
1749796.8705,5933866.1655,894808,,509000,0,,0,2,,Null,2024/2025,PAREMOREMO ROAD,HOBSON ROAD,,Minor Crash,No,2025,,North,,0,,Flat,,,,,,Overcast,179303,1,0,0,2,,,0,,,,,,Auckland Region,Nil,2-way,Sealed,,0,0,,80,,Off,0,0,,76,Auckland,Give way,,,,,0,0,Open,0,,,Mist or Fog,Frost
1757227.4573,5926953.0477,894809,,507900,0,,0,2,,Null,2024/2025,FRED THOMAS DRIVE,TAHAROTO ROAD,,Non-Injury Crash,No,2025,,North,,0,,Null,,,,,,Twilight,304100,0,0,0,4,,,0,,,,,,Auckland Region,Nil,2-way,Sealed,,0,0,,50,,Null,0,0,,76,Auckland,Traffic Signals,,,,,0,0,Urban,0,,,Fine,Null
1766651.727,5912939.5756,894811,,522910,0,,0,2,,Null,2024/2025,TI RAKAU DRIVE,PAKURANGA HIGHWAY,,Non-Injury Crash,No,2025,,South,,0,,Flat,,,,,,Bright sun,684000,0,0,0,3,,,0,,,,,,Auckland Region,Nil,1-way,Sealed,,0,0,,50,,Null,0,0,,76,Auckland,Traffic Signals,,,,,0,0,Urban,0,,,Fine,Null
1772987.8263,5900313.7127,894814,,523813,0,0,0,1,0,South,2023/2024,MILL ROAD,POPES ROAD,,Minor Crash,No,2023,0,North,0,0,1,Flat,0,,0,,1,Overcast,761000,1,0,0,2,0,0,0,0,0,,0,0,Auckland Region,Nil,2-way,Sealed,0,0,0,0,80,0,Off,0,0,,76,Auckland,Nil,0,0,0,0,0,0,Open,1,0,0,Fine,Null
1755524.2341,5935905.3712,894815,,507000,0,,0,2,,East,2024/2025,FIRTH ROAD,CARLISLE ROAD,,Non-Injury Crash,No,2025,,East,,0,,Flat,,,,,,Dark,163300,0,0,0,2,,,0,,,,,,Auckland Region,Nil,2-way,Sealed,,0,0,,50,,On,0,0,,76,Auckland,Nil,,,,,0,0,Urban,0,,,Fine,Null
1771259.3567,5895985.6376,894822,,525540,0,0,0,1,0,North,2022/2023,SOUTHERN MOTORWAY,PAPAKURA OFF RAMP,,Non-Injury Crash,Yes,2023,0,South,0,0,0,Flat,1,,0,,0,Overcast,806208,0,0,0,2,0,0,0,0,0,,0,0,Auckland Region,Nil,1-way,Sealed,0,0,0,0,100,0,On,0,0,,76,Auckland,Nil,0,0,0,0,0,0,Open,0,0,0,Fine,Null
1772464.9874,5896950.6533,894823,,525420,0,,0,1,,Null,2024/2025,COLES CRESCENT,GREAT SOUTH ROAD,,Non-Injury Crash,No,2025,,East,,0,,Null,,,,,,Unknown,791300,0,0,0,2,,,0,,,,,,Auckland Region,Nil,2-way,Sealed,,0,0,,50,,Null,0,0,,76,Auckland,Stop,,,,,0,0,Urban,1,,,Light rain,Null
1741068.4151,5983670.1778,894826,,506660,0,,0,1,,Null,2023/2024,WHANGARIPO VALLEY ROAD,TOMARATA VALLEY ROAD,,Serious Crash,No,2024,,East,,0,,Hill Road,,,,,,Bright sun,136302,0,0,1,2,,,0,,,,,,Auckland Region,Nil,2-way,Sealed,,0,1,,100,,None,0,0,,76,Auckland,Give way,,,,,0,0,Open,0,,,Fine,Null
1776909.3291,5880428.1331,894827,,521160,0,,0,1,,South,2024/2025,GREAT SOUTH ROAD,BEAVER ROAD,,Non-Injury Crash,Yes,2024,,North,,0,,Null,,,,,,Dark,828204,0,0,0,2,,,0,,,,,,Auckland Region,Nil,1-way,Sealed,,0,0,,100,,On,0,0,,76,Auckland,Nil,,,,,1,0,Open,0,,,Heavy rain,Null
1776143.2324,5884924.5095,894828,,521132,0,,0,1,,North,2023/2024,SOUTHERN MOTORWAY,ST STEPHENS OBR,,Non-Injury Crash,Yes,2024,,South,,0,,Hill Road,,,,,,Bright sun,814702,0,0,0,3,,,0,,,,,,Auckland Region,Nil,1-way,Sealed,,0,0,,100,,Off,0,0,,76,Auckland,Nil,,,,,1,0,Open,0,,,Fine,Null
1764122.3818,5908946.9102,894837,,521901,0,0,0,1,0,West,2024/2025,MANGERE ROAD,PIKI THOMPSON WAY,,Non-Injury Crash,No,2025,0,East,0,0,0,Flat,0,,0,,0,Dark,785300,0,0,0,4,0,0,0,0,1,,0,0,Auckland Region,Nil,2-way,Sealed,0,0,0,0,50,0,On,1,0,,76,Auckland,Nil,0,0,0,0,1,0,Urban,1,0,0,Fine,Null
1756118.8458,5923829.3818,894844,,509800,0,,0,2,,South,2023/2024,NORTHERN MOTORWAY,WEIGH BRIDGE,,Non-Injury Crash,Yes,2024,,South,,0,,Flat,,,,,,Overcast,358800,0,0,0,5,,,0,,,,,,Auckland Region,Nil,1-way,Sealed,,0,0,,80,,Off,1,0,,76,Auckland,Nil,,,,,0,0,Open,2,,,Fine,Null
1761132.6234,5916192.7397,894845,,516003,0,0,0,1,0,West,2024/2025,PEACH PARADE,LADIES MILE,,Non-Injury Crash,No,2025,0,West,0,0,0,Hill Road,0,,0,,0,Dark,494902,0,0,0,2,0,0,0,0,1,,0,0,Auckland Region,Nil,2-way,Sealed,0,0,0,0,50,0,On,1,0,,76,Auckland,Nil,0,0,0,1,0,0,Urban,0,0,0,Light rain,Null
1764019.4527,5905053.6401,894848,,522100,0,,0,2,,Null,2023/2024,PAH ROAD,HILLSIDE ROAD,,Non-Injury Crash,No,2024,,East,,0,,Flat,,,,,,Dark,658600,0,0,0,2,,,0,,,,,,Auckland Region,Nil,2-way,Sealed,,0,0,,50,,On,0,0,,76,Auckland,Give way,,,,,0,0,Urban,0,,,Fine,Null
1764947.4754,5914734.9112,894849,,520602,0,0,0,1,0,Null,2024/2025,SOUTH EASTERN BUSWAY,QUEENS ROAD,,Non-Injury Crash,No,2025,0,West,0,0,0,Flat,1,,0,,0,Bright sun,628601,0,0,0,1,0,0,0,0,0,,0,0,Auckland Region,Nil,1-way,Sealed,0,0,0,0,50,0,Off,0,0,,76,Auckland,Traffic Signals,0,1,0,0,0,0,Urban,0,0,0,Fine,Null
1757139.991,5925699.0322,894855,,509702,0,,0,2,,North,2025/2026,NORTHERN MOTORWAY,ESMONDE ROAD ON RAMP,,Non-Injury Crash,Yes,2025,,South,,0,,Flat,,,,,,Twilight,364602,0,0,0,3,,,0,,,,,,Auckland Region,Nil,1-way,Sealed,,0,0,,100,,On,0,0,,76,Auckland,Nil,,,,,0,0,Open,0,,,Fine,Null
1749546.2466,5935496.179,894856,,509000,0,,0,1,,South,2023/2024,DAIRY FLAT HIGHWAY,ALBANY HEIGHTS ROAD,,Non-Injury Crash,No,2023,,North,,0,,Hill Road,,,,,,Bright sun,179301,0,0,0,3,,,0,,,,,,Auckland Region,Nil,2-way,Sealed,,0,0,,80,,Off,1,0,30,76,Auckland,Nil,,,,,0,0,Open,0,,,Fine,Null
1746190.2955,5928661.1777,894864,,513420,0,0,0,2,0,South,2022/2023,WAIMARIE ROAD,POHUTUKAWA ROAD,,Non-Injury Crash,No,2023,0,North,0,0,0,Flat,0,,0,,0,Dark,220800,0,0,0,2,0,0,0,0,1,,0,0,Auckland Region,Nil,2-way,Sealed,0,0,0,0,50,0,On,0,0,,76,Auckland,Nil,0,0,0,0,0,0,Urban,0,0,0,Light rain,Null
1761935.0072,5912783.3719,894865,,519500,0,,0,2,,South,2024/2025,O'RORKE ROAD,ROCKRIDGE AVENUE,,Non-Injury Crash,No,2024,,North,,0,,Flat,,,,,,Bright sun,621700,0,0,0,2,,,0,,,,,,Auckland Region,Nil,2-way,Sealed,,0,0,,50,,Off,0,0,,76,Auckland,Nil,,,,,0,0,Urban,0,,,Fine,Null
1749333.5491,5945751.1804,894868,,505806,0,,0,1,,West,2022/2023,HIBISCUS COAST HIGHWAY,EAST COAST ROAD,,Non-Injury Crash,No,2023,,West,,0,,Flat,,,,,,Bright sun,176802,0,0,1,2,,,0,,,,,,Auckland Region,Nil,1-way,Sealed,,0,0,,70,,Off,0,0,,76,Auckland,Nil,,,,,0,0,Urban,0,,,Fine,Null
1768199.9607,5907955.0874,894870,,523711,0,,1,1,,North,2022/2023,EAST TAMAKI ROAD,EAST TAMAKI ROAD,,Non-Injury Crash,No,2023,,North,,0,,Flat,,,,,,Overcast,712303,0,0,0,4,,,0,,,,,,Auckland Region,Nil,2-way,Sealed,,0,0,,50,,Off,0,0,,76,Auckland,Nil,,,,,0,0,Urban,0,,,Fine,Null
1770452.2742,5915599.0565,894871,,522712,0,,0,1,,Null,2024/2025,WYCHERLEY DRIVE,GILLS ROAD,,Non-Injury Crash,No,2024,,South,,0,,Null,,,,,,Bright sun,680502,0,0,0,2,,,0,,,,,,Auckland Region,Nil,2-way,Sealed,,0,0,,50,,Null,1,0,,76,Auckland,Give way,,,,,0,0,Urban,0,,,Fine,Null
1759325.0225,5908347.7616,894872,,524122,0,0,0,1,0,Null,2023/2024,BADER DRIVE,MCKENZIE ROAD,,Minor Crash,No,2023,0,West,0,0,0,Flat,1,,0,,0,Dark,737700,1,0,0,2,0,0,0,0,0,,0,0,Auckland Region,Nil,2-way,Sealed,0,0,0,0,50,0,On,0,0,,76,Auckland,Give way,0,0,0,0,0,0,Urban,0,0,0,Fine,Null
1770020.6981,5918515.9578,894874,,522601,0,0,0,0,0,South,2022/2023,CLOVELLY ROAD,DEVON ROAD,,Non-Injury Crash,No,2023,0,South,0,0,1,Flat,0,Easter,0,,0,Dark,675700,0,0,0,2,0,0,0,0,1,,0,0,Auckland Region,Nil,2-way,Sealed,0,0,0,0,50,0,On,1,0,,76,Auckland,Nil,0,0,0,0,0,0,Urban,1,0,0,Light rain,Null
1754894.4453,5931931.6625,894875,,508805,0,,0,1,,North,2024/2025,APOLLO DRIVE,CONSTELLATION DRIVE,,Minor Crash,No,2025,,North,,0,,Flat,,Queens Birthday,,,,Dark,180813,1,0,0,2,,,0,,,1,,,Auckland Region,Nil,2-way,Sealed,,0,0,,50,,On,0,0,30,76,Auckland,Nil,,,,,0,0,Urban,0,,,Light rain,Null
1765961.0449,5906419.4459,894876,,522301,0,,0,1,,Null,2022/2023,GREAT SOUTH ROAD,ST GEORGE STREET,,Non-Injury Crash,No,2023,,South,,0,,Flat,,,,,,Bright sun,667400,0,0,0,4,,,0,,,,,,Auckland Region,Nil,2-way,Sealed,,0,0,,50,,Off,0,0,,76,Auckland,Traffic Signals,,,,,0,0,Urban,0,,,Fine,Null