X,Y,OBJECTID,advisorySpeed,areaUnitID,bicycle,bridge,bus,carStationWagon,cliffBank,crashDirectionDescription,crashFinancialYear,crashLocation1,crashLocation2,crashRoadSideRoad,crashSeverity,crashSHDescription,crashYear,debris,directionRoleDescription,ditch,fatalCount,fence,flatHill,guardRail,holiday,houseOrBuilding,intersection,kerb,light,meshblockId,minorInjuryCount,moped,motorcycle,NumberOfLanes,objectThrownOrDropped,otherObject,otherVehicleType,overBank,parkedVehicle,pedestrian,phoneBoxEtc,postOrPole,region,roadCharacter,roadLane,roadSurface,roadworks,schoolBus,seriousInjuryCount,slipOrFlood,speedLimit,strayAnimal,streetLight,suv,taxi,temporarySpeedLimit,tlaId,tlaName,trafficControl,trafficIsland,trafficSign,train,tree,truck,unknownVehicleType,urban,vanOrUtility,vehicle,waterRiver,weatherA,weatherB
1768065.505,5904396.1456,894881,,523722,0,,0,2,,North,2023/2024,REDOUBT ROAD OFF RAMP,REDOUBT ROAD,,Non-Injury Crash,No,2024,,South,,0,,Hill Road,,,,,,Bright sun,715805,0,0,0,2,,,0,,,,,,Auckland Region,Motorway ramp,1-way,Sealed,,0,0,,60,,Off,0,0,,76,Auckland,Nil,,,,,0,0,Urban,0,,,Fine,Null
1767698.7373,5903406.4464,894883,,524602,0,0,0,0,0,Null,2024/2025,INVERELL AVENUE,IXIA PLACE,,Non-Injury Crash,No,2025,0,North,0,0,1,Flat,0,,0,,0,Overcast,780409,0,0,1,2,0,0,0,0,0,,0,0,Auckland Region,Nil,2-way,Sealed,0,0,0,0,40,0,Off,0,0,,76,Auckland,Nil,0,0,0,0,0,0,Urban,0,0,0,Fine,Null
1758344.4874,5917253.3197,894885,,519200,0,,0,0,,North,2024/2025,MANUKAU ROAD,CLYDE STREET,,Non-Injury Crash,No,2024,,South,,0,,Flat,,,,,,Bright sun,613600,0,0,0,4,,,0,,,,,,Auckland Region,Nil,2-way,Sealed,,0,0,,50,,Off,0,0,,76,Auckland,Nil,,,,,1,0,Urban,1,,,Fine,None
1759431.0429,5914173.0899,894886,,519720,0,0,0,1,0,Null,2022/2023,CAMPBELL ROAD,RAWHITI ROAD,,Non-Injury Crash,No,2023,0,South,0,0,1,Flat,0,,0,,0,Dark,592700,0,0,0,2,0,0,0,0,0,,0,0,Auckland Region,Nil,2-way,Sealed,0,0,0,0,50,0,On,0,0,,76,Auckland,Give way,0,0,0,0,0,0,Urban,0,0,0,Heavy rain,Null
1755435.2046,5921980.7884,894892,25,515202,0,0,0,1,0,Null,2023/2024,WESTHAVEN DRIVE,CURRAN STREET,,Serious Crash,No,2024,0,South,0,0,0,Flat,0,,0,,0,Dark,423600,0,0,0,2,0,1,0,0,0,,0,0,Auckland Region,Nil,2-way,Sealed,0,0,1,0,50,0,On,0,0,,76,Auckland,Give way,1,0,0,0,0,0,Urban,0,0,0,Fine,Null
1763871.653,5906996.9368,894896,,524301,0,0,1,1,0,South,2023/2024,GRAY AVENUE,LANDON AVENUE,,Non-Injury Crash,No,2023,0,South,0,0,0,Flat,0,,0,,0,Dark,656301,0,0,0,2,0,0,0,0,1,,0,0,Auckland Region,Nil,2-way,Sealed,0,0,0,0,50,0,On,1,0,,76,Auckland,Nil,0,0,0,0,0,0,Urban,0,0,0,Fine,Null
1777949.632,5911674.8572,894897,,523202,0,,0,0,,North,2024/2025,WHITFORD MARAETAI ROAD,WAIKOPUA ROAD,,Non-Injury Crash,No,2025,,West,,0,,Flat,,,,,,Twilight,762501,0,0,0,2,,,0,,,,,,Auckland Region,Nil,2-way,Sealed,,0,0,,80,,Off,1,0,,76,Auckland,Nil,,,,,0,0,Open,1,,,Light rain,Null
1758161.4171,5920210.3062,894899,,514103,0,0,0,1,0,West,2025/2026,CHURCHILL STREET,BEACH ROAD,,Non-Injury Crash,No,2025,0,South,0,0,0,Flat,0,,0,,0,Dark,438203,0,0,0,2,0,0,0,0,0,,0,0,Auckland Region,Nil,2-way,Sealed,0,0,0,0,30,0,On,0,0,,76,Auckland,Nil,1,0,0,0,0,0,Urban,0,0,0,Fine,Null
1755656.8343,5916015.5179,894911,,518301,0,0,0,1,0,North,2025/2026,DOMINION ROAD,HALSTON ROAD,,Non-Injury Crash,No,2025,0,South,0,0,0,Flat,0,,0,,0,Twilight,555300,0,0,0,2,0,0,0,0,0,,0,1,Auckland Region,Nil,2-way,Sealed,0,0,0,0,50,0,Off,0,0,,76,Auckland,Nil,0,0,0,0,0,0,Urban,0,0,0,Fine,Null
1762615.7963,5913814.4442,894924,,520401,0,0,0,2,0,East,2023/2024,PENROSE ROAD,LEONARD ROAD,,Non-Injury Crash,No,2023,0,East,0,0,0,Flat,0,,0,,0,Bright sun,644504,0,0,0,2,0,0,0,0,1,,0,0,Auckland Region,Nil,2-way,Sealed,0,0,0,0,50,0,Off,0,0,,76,Auckland,Nil,0,0,0,0,0,0,Urban,0,0,0,Fine,Null
1752513.2577,5914241.3232,894926,45,514500,0,,0,3,,Null,2022/2023,NEW WINDSOR ROAD,TIVERTON ROAD,,Non-Injury Crash,No,2023,,West,,0,,Flat,,,,,,Dark,375100,0,0,0,3,,,0,,,,,,Auckland Region,Nil,2-way,Sealed,,0,0,,50,,On,0,0,,76,Auckland,Traffic Signals,,,,,0,0,Urban,0,,,Mist or Fog,Null
1762243.5334,5907036.7213,894927,,524520,0,,0,1,,South,2024/2025,MASSEY ROAD,BUCKLAND ROAD,,Non-Injury Crash,No,2025,,North,,0,,Flat,,,,,,Overcast,735200,0,0,0,3,,,0,,,,,,Auckland Region,Nil,2-way,Sealed,,0,0,,50,,Off,1,0,,76,Auckland,Nil,,,,,0,0,Urban,0,,,Mist or Fog,Null
1767318.9799,5899099.9859,894936,,524812,0,,0,2,,Null,2025/2026,SYKES ROAD,MAHIA ROAD,,Non-Injury Crash,No,2026,,South,,0,,Flat,,,,,,Overcast,774102,0,0,0,2,,,0,,,,,,Auckland Region,Nil,2-way,Sealed,,0,0,,50,,None,0,0,,76,Auckland,Stop,,,,,0,0,Urban,0,,,Heavy rain,Null
1756542.1275,5919714.1135,894937,,514000,0,,0,2,,North,2022/2023,NORTH-WESTERN TO NORTHERN LINK,HOPETOUN OBR,,Minor Crash,Yes,2023,,North,,0,,Flat,,,,,,Overcast,413300,2,0,0,2,,,0,,,,,,Auckland Region,Motorway ramp,1-way,Sealed,,0,0,,80,,Off,0,0,,76,Auckland,Traffic Signals,,,,,0,0,Open,0,,,Fine,Null
1770226.8123,5914899.3238,894942,,521601,0,0,0,1,0,West,2025/2026,HUTCHINSONS ROAD,DELL WAY,,Non-Injury Crash,No,2025,0,South,0,0,0,Null,0,,0,,0,Dark,645200,0,0,0,2,0,0,0,0,0,,0,0,Auckland Region,Nil,2-way,Sealed,0,0,0,0,50,0,On,1,0,,76,Auckland,Nil,0,0,0,0,0,0,Urban,0,1,0,Fine,Null
1737502.5577,5982585.1729,894943,,505300,0,0,0,1,0,North,2023/2024,MATHESON ROAD,WORTHINGTON ROAD,,Non-Injury Crash,No,2023,0,East,0,0,0,Flat,0,,1,,0,Bright sun,143000,0,0,0,2,0,0,0,0,0,,0,0,Auckland Region,Nil,2-way,Sealed,0,0,0,0,50,0,Off,0,0,,76,Auckland,Nil,0,0,0,0,0,0,Urban,0,0,0,Fine,Null
1752726.9965,5917546.6014,894958,,515003,0,0,0,1,0,East,2024/2025,TASMAN AVENUE,CARRINGTON ROAD,,Non-Injury Crash,No,2025,0,West,0,0,0,Flat,0,,0,,0,Dark,391100,0,0,0,0,0,0,0,0,0,,0,1,Auckland Region,Nil,2-way,Sealed,0,0,0,0,50,0,On,0,0,,76,Auckland,Nil,0,0,0,0,0,0,Urban,0,0,0,Light rain,Null
1756619.6262,5919443.2921,894964,,514200,0,,0,2,,Null,2025/2026,KARANGAHAPE ROAD,DAY STREET,,Non-Injury Crash,No,2025,,East,,0,,Flat,,,,,,Bright sun,412000,0,0,0,4,,,0,,,,,,Auckland Region,Nil,2-way,Sealed,,0,0,,30,,Null,0,0,,76,Auckland,Nil,,,,,0,0,Urban,0,,,Fine,Null
1743468.1017,5923930.45,894968,,513410,0,,0,2,,South,2025/2026,TAWHIA DRIVE,ROTU DRIVE,,Non-Injury Crash,No,2025,,South,,0,,Hill Road,,,,,,Bright sun,224000,0,0,0,4,,,0,,,,,,Auckland Region,Nil,2-way,Sealed,,0,0,,50,,Off,0,0,,76,Auckland,Nil,,,,,0,0,Urban,0,,,Fine,Null
1763841.2946,5906559.9665,894969,,524303,0,,0,2,,Null,2023/2024,STATION ROAD,GRAY AVENUE,,Non-Injury Crash,No,2023,,North,,0,,Flat,,,,,,Dark,657300,0,0,0,2,,,0,,,,,,Auckland Region,Nil,1-way,Sealed,,0,0,,50,,None,0,0,,76,Auckland,Give way,,,,,0,0,Urban,0,,,Heavy rain,Null
1771338.4675,5913996.4923,894970,,521602,0,0,0,2,0,West,2025/2026,UNION ROAD,WELLINGTON STREET,,Minor Crash,No,2025,0,East,0,0,0,Hill Road,0,,0,,0,Overcast,648800,3,0,0,2,0,0,0,0,1,,0,0,Auckland Region,Nil,2-way,Sealed,0,0,0,0,50,0,Off,0,0,,76,Auckland,Nil,0,0,0,0,0,0,Urban,0,0,0,Fine,Null
1769620.9627,5909808.7297,894971,,523113,0,0,0,2,0,West,2023/2024,REDCASTLE DRIVE,SHRULE PLACE,,Non-Injury Crash,No,2023,0,East,0,0,0,Flat,0,,0,,0,Overcast,711814,0,0,0,2,0,0,0,0,1,,0,0,Auckland Region,Nil,2-way,Sealed,0,0,0,0,50,0,Off,0,0,,76,Auckland,Nil,0,0,0,0,0,0,Urban,0,0,0,Fine,Null
1760368.2684,5915755.9948,894974,,516003,0,,0,1,,North,2025/2026,SOUTHERN MOTORWAY,GREEN LANE EAST ON RAMP,,Minor Crash,Yes,2025,,South,,0,,Flat,,,,,,Overcast,494902,1,0,0,3,,,0,,,,,,Auckland Region,Nil,1-way,Sealed,,0,0,,100,,Off,0,0,,76,Auckland,Nil,,,,,1,0,Open,0,,,Light rain,Null
1767111.0203,5917660.3544,894975,,517002,0,0,0,2,0,South,2023/2024,TANIWHA STREET,SILVERTON AVENUE,,Non-Injury Crash,No,2023,0,North,0,0,0,Hill Road,0,,0,,0,Bright sun,472800,0,0,0,2,0,0,0,0,1,,0,0,Auckland Region,Nil,2-way,Sealed,0,0,0,0,50,0,Off,0,0,,76,Auckland,Nil,0,0,0,0,0,0,Urban,0,0,0,Fine,Null
1766320.1781,5887494.5089,894976,,521122,0,0,0,1,1,North,2025/2026,GLENBROOK ROAD,CHARLES ROAD,,Non-Injury Crash,No,2026,0,North,0,0,0,Flat,0,,0,,0,Overcast,813100,0,0,0,2,0,0,0,0,0,,0,0,Auckland Region,Nil,2-way,Sealed,0,0,0,0,80,0,None,0,0,,76,Auckland,Nil,0,0,0,0,0,0,Open,0,0,0,Fine,Null
1756118.6569,5917182.7974,894977,,518201,0,0,0,0,0,East,2023/2024,EWINGTON AVENUE,DOMINION ROAD,,Non-Injury Crash,No,2023,0,South,0,0,0,Hill Road,0,Labour Weekend,0,,0,Bright sun,547900,0,0,0,2,0,0,0,0,0,,0,1,Auckland Region,Nil,2-way,Sealed,0,0,0,0,50,0,Off,0,0,,76,Auckland,Nil,0,0,0,0,1,0,Urban,0,0,0,Fine,Null
1765507.1824,5917059.9002,894984,,517001,1,,0,1,,Null,2024/2025,TANIWHA STREET,LINE ROAD,,Non-Injury Crash,No,2025,,East,,0,,Flat,,,,,,Bright sun,476200,0,0,0,2,,,0,,,,,,Auckland Region,Nil,2-way,Sealed,,0,0,,50,,Off,0,0,,76,Auckland,Give way,,,,,0,0,Urban,0,,,Fine,Null
1754192.3843,5915067.2265,894985,,518801,0,0,0,1,0,South,2022/2023,SHEPPARD AVENUE,AURORA AVENUE,,Minor Crash,No,2023,0,South,0,0,1,Flat,0,Easter,0,,0,Dark,575200,1,0,0,2,0,0,0,0,0,,0,1,Auckland Region,Nil,2-way,Sealed,0,0,0,0,50,0,On,0,0,,76,Auckland,Nil,0,0,0,1,0,0,Urban,0,0,0,Fine,Null
1753941.5632,5931610.5386,894986,,508805,0,,0,1,,South,2024/2025,NORTHERN MOTORWAY,UPPER HARBOUR HWY OFF RAMP,,Non-Injury Crash,Yes,2025,,South,,0,,Hill Road,,,,,,Bright sun,180813,0,0,1,2,,,0,,,,,,Auckland Region,Motorway ramp,1-way,Sealed,,0,0,,100,,Off,0,0,,76,Auckland,Nil,,,,,0,0,Open,0,,,Fine,Null
1756177.9979,5924101.7994,894993,,509800,0,,0,2,,South,2025/2026,NORTHERN MOTORWAY,NORTHERN BUSWAY,,Non-Injury Crash,Yes,2025,,South,,0,,Flat,,,,,,Overcast,361100,0,0,0,5,,,0,,,,,,Auckland Region,Nil,1-way,Sealed,,0,0,,80,,Null,0,0,,76,Auckland,Nil,,,,,0,0,Open,0,,,Light rain,Null
1749637.4265,5951840.361,894998,,506201,0,,0,1,,South,2023/2024,NORTHERN GATEWAY TOLL ROAD,HILLCREST OBR,,Non-Injury Crash,Yes,2024,,South,,0,,Hill Road,,Queens Birthday,,,,Dark,176301,0,0,0,2,,,0,,,1,,,Auckland Region,Overpass,1-way,Sealed,,0,0,,100,,Off,0,0,,76,Auckland,Nil,,,,,0,0,Open,0,,,Fine,Null
1780182.8736,5901376.4626,895001,,525201,0,0,0,0,0,South,2025/2026,PAPAKURA-CLEVEDON ROAD,RYBURN BR,,Minor Crash,No,2025,0,North,0,0,1,Flat,0,,0,,0,Overcast,763300,2,0,0,2,0,0,0,0,0,,0,0,Auckland Region,Nil,2-way,Sealed,0,0,0,0,80,0,Off,2,0,,76,Auckland,Nil,0,0,0,0,0,0,Open,1,0,0,Light rain,Strong wind
1769258.3228,5901659.9644,895007,,524901,0,0,0,1,0,North,2025/2026,HILL ROAD,CLAUDE ROAD,,Non-Injury Crash,No,2025,0,South,0,0,0,Null,0,,0,,0,Unknown,756000,0,0,0,2,0,0,0,0,1,,0,0,Auckland Region,Nil,2-way,Sealed,0,0,0,0,50,0,Null,0,0,,76,Auckland,Nil,0,0,0,1,0,0,Urban,0,0,0,Fine,Null
1769107.2989,5909445.8793,895011,,523113,0,,0,2,,West,2025/2026,LADY RUBY DRIVE,BASALT PLACE,,Non-Injury Crash,No,2025,,West,,0,,Flat,,,,,,Bright sun,711811,0,0,0,2,,,0,,,,,,Auckland Region,Nil,2-way,Sealed,,0,0,,50,,Off,0,0,30,76,Auckland,Nil,,,,,0,0,Urban,0,,,Fine,Null
1736700.3893,5944462.0467,895012,,506646,0,0,0,1,0,West,2023/2024,KAHIKATEA FLAT ROAD,FIELD LANE,,Minor Crash,No,2023,0,West,1,0,0,Hill Road,0,,0,,0,Overcast,213100,1,0,0,2,0,0,0,0,0,,0,0,Auckland Region,Nil,2-way,Sealed,0,0,0,0,80,0,None,0,0,,76,Auckland,Nil,0,0,0,1,0,0,Open,0,0,0,Fine,Strong wind
1768774.1858,5905014.9878,895014,,523722,0,,0,2,,Null,2023/2024,HOLLYFORD DRIVE,ASPIRING AVENUE,,Non-Injury Crash,No,2023,,South,,0,,Hill Road,,,,,,Overcast,716007,0,0,0,2,,,0,,,,,,Auckland Region,Nil,2-way,Sealed,,0,0,,50,,Off,0,0,,76,Auckland,Give way,,,,,0,0,Urban,0,,,Light rain,Null
1763307.0629,5907615.7514,895015,,524301,0,0,0,2,0,Null,2025/2026,GRAY AVENUE,WEDGWOOD AVENUE,,Minor Crash,No,2025,0,East,0,0,0,Flat,0,,0,,0,Overcast,749002,1,0,0,2,0,0,0,0,0,,0,1,Auckland Region,Nil,2-way,Sealed,0,0,0,0,50,0,Off,0,0,,76,Auckland,Nil,0,0,0,0,0,0,Urban,0,0,0,Heavy rain,Null
1755309.4348,5929583.9826,895016,,508420,0,,0,3,,North,2022/2023,NORTHERN MOTORWAY,TRISTRAM AVENUE ON RAMP,,Minor Crash,Yes,2023,,North,,0,,Flat,,,,,,Dark,183800,2,0,0,3,,,0,,,,,,Auckland Region,Nil,1-way,Sealed,,0,0,,100,,On,0,0,,76,Auckland,Nil,,,,,0,0,Open,0,,,Light rain,Null
1754772.1645,5917707.775,895017,,517500,0,,0,1,,Null,2025/2026,MORNINGSIDE DRIVE,NEW NORTH ROAD,,Non-Injury Crash,No,2025,,North,,0,,Null,,,,,,Overcast,532000,0,0,0,2,,,0,,,,,,Auckland Region,Nil,2-way,Sealed,,0,0,,50,,Null,0,0,,76,Auckland,Traffic Signals,,,,,0,1,Urban,0,,,Light rain,Null
1767316.8023,5899093.2698,895018,,524812,0,,0,2,,Null,2022/2023,MAHIA ROAD,SYKES ROAD,,Non-Injury Crash,No,2023,,East,,0,,Hill Road,,,,,,Dark,774102,0,0,0,1,,,0,,,,,,Auckland Region,Nil,1-way,Sealed,,0,0,,50,,On,0,0,,76,Auckland,Give way,,,,,0,0,Urban,0,,,Light rain,Null
1766055.6268,5906287.0599,895023,,522302,0,,0,2,,North,2024/2025,GREAT SOUTH ROAD,CENTRAL AVENUE,,Non-Injury Crash,No,2025,,South,,0,,Flat,,,,,,Overcast,668700,0,0,0,2,,,0,,,,,,Auckland Region,Nil,2-way,Sealed,,0,0,,50,,Off,0,0,,76,Auckland,Nil,,,,,0,0,Urban,0,,,Light rain,Null
1756007.4862,5919424.4839,895027,,514000,0,,0,2,,South,2025/2026,PONSONBY ROAD,WILLIAMSON AVENUE,,Non-Injury Crash,No,2025,,South,,0,,Flat,,,,,,Bright sun,413500,0,0,0,4,,,0,,,,,,Auckland Region,Nil,2-way,Sealed,,0,0,,40,,Off,0,0,,76,Auckland,Nil,,,,,0,0,Urban,0,,,Fine,Null
1734924.6272,5908553.413,895036,,513800,0,0,0,1,0,East,2022/2023,PIHA ROAD,LONE KAURI ROAD,,Non-Injury Crash,No,2023,0,East,1,0,0,Flat,0,,0,,0,Dark,282027,0,0,0,2,0,0,0,0,0,,0,0,Auckland Region,Nil,2-way,Sealed,0,0,0,0,80,0,None,0,0,,76,Auckland,Nil,0,0,0,0,0,0,Open,0,0,0,Fine,Null
1767523.1754,5905552.1103,895037,,524603,0,0,0,3,0,South,2025/2026,SOUTHERN MOTORWAY,REAGAN OBR,,Minor Crash,Yes,2025,0,North,0,0,0,Flat,1,Christmas New Year,0,,0,Dark,780303,1,0,0,3,0,0,0,0,0,,0,1,Auckland Region,Nil,1-way,Sealed,0,0,0,0,100,0,On,0,1,,76,Auckland,Nil,0,0,0,0,0,0,Open,0,0,0,Light rain,Null
1770743.7556,5906386.1421,895038,,523713,0,,0,2,,Null,2022/2023,ARRANMORE DRIVE,KILLARNEY DRIVE,,Non-Injury Crash,No,2023,,South,,0,,Flat,,,,,,Dark,713100,0,0,0,2,,,0,,,,,,Auckland Region,Nil,2-way,Sealed,,0,0,,50,,On,0,0,,76,Auckland,Give way,,,,,0,0,Urban,1,,,Fine,Null
1759121.1961,5913150.0882,895041,,519720,0,0,0,2,0,Null,2024/2025,CAMERON STREET,MOUNT SMART ROAD,,Non-Injury Crash,No,2025,0,South,0,0,1,Flat,0,,0,,0,Overcast,595900,0,0,0,2,0,0,0,0,0,,0,0,Auckland Region,Nil,2-way,Sealed,0,0,0,0,50,0,Off,0,0,,76,Auckland,Stop,0,0,0,0,0,0,Urban,0,0,0,Fine,Null
1766812.9627,5907655.3894,895044,,523501,0,0,0,1,0,West,2022/2023,EAST TAMAKI ROAD,BAIRDS ROAD,,Non-Injury Crash,No,2023,0,East,0,0,0,Flat,0,,0,,0,Dark,700700,0,0,0,3,0,0,0,0,0,,0,1,Auckland Region,Nil,1-way,Sealed,0,0,0,0,60,0,On,0,0,,76,Auckland,Nil,0,0,0,0,0,0,Urban,0,0,0,Light rain,Null
1764456.5644,5911633.1076,895049,,520500,0,,0,1,,Null,2025/2026,PANAMA ROAD,TAHUHU ROAD,,Minor Crash,No,2025,,West,,0,,Flat,,,,,,Dark,636100,3,0,0,2,,,0,,,,,,Auckland Region,Nil,2-way,Sealed,,0,0,,50,,On,1,0,,76,Auckland,Give way,,,,,0,0,Urban,0,,,Heavy rain,Strong wind
1760346.6413,5912379.1575,895050,,520000,0,0,0,0,0,North,2022/2023,CAPTAIN SPRINGS ROAD,CHURCH STREET,,Non-Injury Crash,No,2023,0,South,0,0,0,Flat,0,,0,,0,Unknown,606600,0,0,0,2,0,1,0,0,0,,0,0,Auckland Region,Rail xing,2-way,Sealed,0,0,0,0,50,0,Null,0,0,,76,Auckland,Nil,0,0,0,0,1,0,Urban,0,0,0,Null,Null
1757199.9021,5918976.3356,895062,,514301,0,0,0,1,0,North,2023/2024,SYMONDS STREET OFF RAMP,SOUTHERN TO PORT LINK,,Non-Injury Crash,No,2024,0,North,0,0,0,Flat,1,,0,,0,Dark,441200,0,0,0,2,0,0,0,0,0,,0,0,Auckland Region,Motorway ramp,1-way,Sealed,0,0,0,0,80,0,On,0,0,,76,Auckland,Nil,0,0,0,0,0,0,Open,0,0,0,Fine,Null
1751426.46,5935140.8579,895066,,508701,0,,0,2,,Null,2023/2024,GILLS ROAD,QUAIL DRIVE,,Serious Crash,No,2024,,North,,0,,Flat,,,,,,Bright sun,178405,0,0,0,2,,,0,,,,,,Auckland Region,Nil,2-way,Sealed,,0,1,,50,,Off,0,0,,76,Auckland,Give way,,,,,0,0,Urban,0,,,Fine,Null
1756679.145,5913465.0526,895067,,518701,0,0,0,1,0,West,2025/2026,MARIE AVENUE,HILLSBOROUGH ROAD,,Non-Injury Crash,No,2025,0,East,0,0,1,Hill Road,0,Christmas New Year,0,,0,Dark,568600,0,0,0,2,0,0,0,0,0,,0,0,Auckland Region,Nil,2-way,Sealed,0,0,0,0,50,0,On,0,0,,76,Auckland,Nil,0,0,0,1,0,0,Urban,0,0,0,Fine,Null
1757636.4546,5928856.0167,895069,,507800,0,,1,1,,Null,2025/2026,KITCHENER ROAD,MILFORD ROAD,,Non-Injury Crash,No,2025,,East,,0,,Null,,,,,,Twilight,310800,0,0,0,2,,,0,,,,,,Auckland Region,Nil,2-way,Sealed,,0,0,,50,,Null,0,0,,76,Auckland,Traffic Signals,,,,,0,0,Urban,0,,,Fine,Null
1764681.9984,5903944.3899,895074,,524604,0,0,0,1,0,South,2024/2025,DIVERSEY LANE,NOEL BURNSIDE ROAD,,Minor Crash,No,2024,0,South,0,0,1,Flat,0,,0,,0,Dark,781301,1,0,0,2,0,0,0,0,0,,0,0,Auckland Region,Nil,2-way,Sealed,0,0,0,0,50,0,On,0,0,,76,Auckland,Nil,0,0,0,0,0,0,Urban,0,0,0,Light rain,Null
1758901.8637,5917129.2828,895080,,516001,0,,0,2,,South,2023/2024,SOUTHERN MOTORWAY,DILWORTH FTBR,,Non-Injury Crash,Yes,2023,,North,,0,,Flat,,,,,,Overcast,491200,0,0,0,3,,,0,,,,,,Auckland Region,Nil,1-way,Sealed,,0,0,,100,,On,0,0,,76,Auckland,Nil,,,,,0,0,Open,0,,,Fine,Null
1761895.4105,5913465.7228,895084,,519500,0,,0,2,,South,2023/2024,GREAT SOUTH ROAD,PENROSE ROAD,,Non-Injury Crash,No,2023,,South,,0,,Flat,,,,,,Bright sun,621500,0,0,0,5,,,0,,,,,,Auckland Region,Nil,2-way,Sealed,,0,0,,50,,Off,0,0,,76,Auckland,Nil,,,,,0,0,Urban,0,,,Fine,Null
1737007.7219,5989007.9666,895104,,506660,0,0,0,0,0,East,2023/2024,MANGAWHAI ROAD,MANGAWHAI ROAD ON RAMP,,Minor Crash,No,2023,0,West,1,0,0,Hill Road,0,,0,,0,Overcast,135700,1,0,0,2,0,0,0,0,0,,0,0,Auckland Region,Nil,2-way,Sealed,0,0,0,0,100,0,None,1,0,30,76,Auckland,Nil,0,0,0,0,0,0,Open,0,0,0,Light rain,Strong wind
1740025.1368,5964584.1486,895107,35,506613,0,,0,0,,South,2025/2026,WEST COAST ROAD,OLD WOODCOCKS ROAD,,Non-Injury Crash,No,2025,,West,,0,,Hill Road,,,,,,Bright sun,145400,0,0,1,2,,,0,,,,,,Auckland Region,Nil,2-way,Sealed,,0,0,,100,,None,0,0,,76,Auckland,Nil,,,,,0,0,Open,0,,,Fine,Null
1766900.368,5904450.8612,895108,,524604,0,0,0,2,0,West,2023/2024,RONWOOD AVENUE,DAVIES AVENUE,,Minor Crash,No,2024,0,East,0,0,0,Flat,0,,0,,0,Overcast,780209,1,0,0,1,0,0,0,0,1,,0,0,Auckland Region,Nil,1-way,Sealed,0,0,0,0,50,0,Off,0,0,,76,Auckland,Nil,0,0,0,0,0,0,Urban,0,0,0,Fine,Null
1741349.6106,5989175.5317,895110,45,506660,0,0,0,1,1,South,2022/2023,WAITEITEI ROAD,SILVER HILL ROAD,,Non-Injury Crash,No,2023,0,South,0,0,0,Hill Road,0,,0,,0,Dark,136101,0,0,0,2,0,0,0,0,0,,0,0,Auckland Region,Nil,2-way,Sealed,0,0,0,0,100,0,None,0,0,,76,Auckland,Nil,0,0,0,0,0,0,Open,0,0,0,Light rain,Null
1740866.2573,5918532.8648,895111,,513101,0,0,0,3,0,West,2025/2026,METTAM DRIVE,DAVID ROGERS LANE,,Non-Injury Crash,No,2025,0,West,0,0,0,Flat,0,,0,,0,Overcast,237901,0,0,0,2,0,0,0,0,2,,0,0,Auckland Region,Nil,2-way,Sealed,0,0,0,0,50,0,Off,0,0,,76,Auckland,Nil,0,0,0,0,0,0,Urban,0,0,0,Light rain,Null
1762237.552,5913583.521,895113,,520402,0,,0,1,,South,2024/2025,SOUTHERN MOTORWAY,PENROSE OBR,,Non-Injury Crash,Yes,2025,,South,,0,,Flat,,,,,,Overcast,642200,0,0,0,3,,,0,,,,,,Auckland Region,Nil,1-way,Sealed,,0,0,,100,,Off,0,0,,76,Auckland,Nil,,,,,0,0,Open,1,,,Fine,Null
1756314.2266,5930719.5453,895114,,507500,0,,0,2,,Null,2022/2023,EAST COAST ROAD,EAST COAST ROAD,,Non-Injury Crash,No,2023,,South,,0,,Hill Road,,,,,,Dark,148701,0,0,0,2,,,0,,,,,,Auckland Region,Nil,2-way,Sealed,,0,0,,50,,On,0,0,,76,Auckland,Give way,,,,,0,0,Urban,0,,,Fine,Null
1758203.5074,5920240.0298,895118,,514103,0,,0,1,,Null,2022/2023,BEACH ROAD,CHURCHILL STREET,,Non-Injury Crash,No,2023,,South,,0,,Flat,,,,,,Overcast,438203,0,0,0,4,,,0,,,,,,Auckland Region,Nil,2-way,Sealed,,0,0,,50,,Off,0,1,,76,Auckland,Give way,,,,,1,0,Urban,0,,,Fine,Null
1744793.0987,5923058.0044,895121,,513530,0,0,0,1,0,Null,2024/2025,MOIRE ROAD,RUZE VIDA DRIVE,,Non-Injury Crash,No,2025,0,North,0,0,1,Hill Road,0,,0,,0,Dark,224403,0,0,0,2,0,0,0,0,0,,0,0,Auckland Region,Nil,2-way,Sealed,0,0,0,0,50,0,On,0,0,,76,Auckland,Give way,0,0,0,0,0,0,Urban,0,0,0,Fine,Null
1756862.7019,5918822.8399,895122,,515600,0,,0,3,,Null,2022/2023,NEWTON ROAD,ST BENEDICTS STREET,,Non-Injury Crash,No,2023,,East,,0,,Hill Road,,,,,,Overcast,420500,0,0,0,4,,,0,,,,,,Auckland Region,Nil,2-way,Sealed,,0,0,,50,,Off,0,0,,76,Auckland,Give way,,,,,0,0,Urban,0,,,Fine,Null
1758046.6603,5915069.9375,895125,,515802,0,,0,2,,South,2025/2026,MANUKAU ROAD,ONSLOW AVENUE,,Non-Injury Crash,No,2025,,South,,0,,Null,,,,,,Unknown,449100,0,0,0,4,,,0,,,,,,Auckland Region,Nil,2-way,Sealed,,0,0,,50,,Null,0,0,,76,Auckland,Nil,,,,,0,0,Urban,0,,,Light rain,Null