X,Y,OBJECTID,advisorySpeed,areaUnitID,bicycle,bridge,bus,carStationWagon,cliffBank,crashDirectionDescription,crashFinancialYear,crashLocation1,crashLocation2,crashRoadSideRoad,crashSeverity,crashSHDescription,crashYear,debris,directionRoleDescription,ditch,fatalCount,fence,flatHill,guardRail,holiday,houseOrBuilding,intersection,kerb,light,meshblockId,minorInjuryCount,moped,motorcycle,NumberOfLanes,objectThrownOrDropped,otherObject,otherVehicleType,overBank,parkedVehicle,pedestrian,phoneBoxEtc,postOrPole,region,roadCharacter,roadLane,roadSurface,roadworks,schoolBus,seriousInjuryCount,slipOrFlood,speedLimit,strayAnimal,streetLight,suv,taxi,temporarySpeedLimit,tlaId,tlaName,trafficControl,trafficIsland,trafficSign,train,tree,truck,unknownVehicleType,urban,vanOrUtility,vehicle,waterRiver,weatherA,weatherB
1747412.9865,5915518.7207,895127,,511602,0,0,0,0,0,South,2024/2025,ADDISON DRIVE,PATTS AVENUE,,Non-Injury Crash,No,2025,0,South,0,0,0,Hill Road,0,,0,,0,Bright sun,273204,0,0,0,2,0,0,0,0,1,,0,0,Auckland Region,Nil,2-way,Sealed,0,0,0,0,50,0,Off,2,0,,76,Auckland,Nil,0,0,0,0,0,0,Urban,0,0,0,Fine,Null
1756179.9556,5917886.8027,895131,,518101,0,,0,1,,Null,2025/2026,DOMINION ROAD,VIEW ROAD,,Non-Injury Crash,No,2026,,North,,0,,Flat,,,,,,Overcast,544800,0,0,0,4,,,0,,,,,,Auckland Region,Nil,2-way,Sealed,,0,0,,50,,Off,0,0,,76,Auckland,Traffic Signals,,,,,0,0,Urban,1,,,Fine,Null
1732812.0202,5948072.4218,895132,,506646,0,0,0,1,0,West,2023/2024,KAIPARA COAST HIGHWAY,KANOHI ROAD,,Serious Crash,Yes,2023,0,South,0,0,0,Hill Road,0,Christmas New Year,0,,0,Bright sun,212503,1,0,0,2,0,0,0,0,0,,0,0,Auckland Region,Nil,2-way,Sealed,0,0,1,0,100,0,None,0,0,,76,Auckland,Nil,0,0,0,1,0,0,Open,0,0,0,Fine,Null
1758338.9222,5926715.9689,895135,,508010,0,0,0,1,1,Null,2025/2026,LAKE ROAD,TENNYSON AVENUE,,Non-Injury Crash,No,2026,0,South,0,0,0,Flat,0,,0,,0,Bright sun,325100,0,0,0,2,0,0,0,0,0,,0,1,Auckland Region,Nil,2-way,Sealed,0,0,0,0,50,0,Off,0,0,,76,Auckland,Nil,0,0,0,0,0,0,Urban,0,0,0,Fine,Null
1773230.6175,5899649.755,895139,,523911,0,,0,2,,North,2024/2025,MILL ROAD,AIRFIELD ROAD,,Non-Injury Crash,No,2025,,North,,0,,Flat,,,,,,Dark,767204,0,0,0,2,,,0,,,,,,Auckland Region,Nil,2-way,Sealed,,0,0,,80,,None,0,0,,76,Auckland,Nil,,,,,0,0,Open,2,,,Fine,Null
1754396.9909,5918253.6982,895141,,517600,0,0,0,2,0,South,2024/2025,WARWICK STREET,LEVONIA STREET,,Non-Injury Crash,No,2025,0,North,0,0,0,Hill Road,0,,0,,0,Dark,533000,0,0,0,2,0,0,0,0,1,,0,0,Auckland Region,Nil,2-way,Sealed,0,0,0,0,50,0,On,0,0,,76,Auckland,Nil,0,0,0,0,0,0,Urban,0,0,0,Fine,Null
1758097.804,5915417.1141,895142,,519300,0,,0,1,,North,2024/2025,MANUKAU ROAD,ARCADIA ROAD,,Minor Crash,No,2024,,North,,0,,Flat,,Christmas New Year,,,,Bright sun,624000,2,0,0,4,,,0,,,2,,,Auckland Region,Nil,2-way,Sealed,,0,0,,50,,Off,0,0,,76,Auckland,Nil,,,,,0,0,Urban,0,,,Fine,Strong wind
1744318.8156,5922435.763,895144,,513512,0,0,0,1,0,Null,2023/2024,MAKORA ROAD,ROYAL ROAD OFF RAMP,,Minor Crash,No,2023,0,South,0,0,0,Hill Road,0,,0,,0,Bright sun,225501,2,0,0,4,0,0,0,0,0,,0,0,Auckland Region,Motorway ramp,2-way,Sealed,0,0,0,0,50,0,Off,0,0,,76,Auckland,Traffic Signals,0,1,0,0,0,0,Urban,1,0,0,Fine,Null
1764436.162,5912940.4252,895146,,520500,0,0,0,1,0,West,2024/2025,SOUTH-EASTERN HIGHWAY,CARBINE ROAD,,Minor Crash,No,2025,0,East,0,0,1,Flat,0,,0,,1,Dark,639100,1,0,0,4,0,0,0,0,0,,0,0,Auckland Region,Nil,1-way,Sealed,0,0,0,0,50,0,On,0,0,,76,Auckland,Nil,1,2,0,0,0,0,Urban,0,0,0,Fine,Null
1773736.0352,5898193.4039,895156,,523912,0,0,0,2,0,Null,2022/2023,HOIA STREET,CORPORAL STREET,,Non-Injury Crash,No,2023,0,North,0,0,0,Flat,0,,0,,0,Dark,765500,0,0,0,2,0,0,0,0,1,,0,0,Auckland Region,Nil,2-way,Sealed,0,0,0,0,50,0,On,0,0,,76,Auckland,Give way,0,0,0,0,0,0,Urban,0,0,0,Fine,Null
1749542.5506,5912975.0296,895158,,511401,0,0,0,2,0,Null,2025/2026,HUTCHINSON AVENUE,GARDNER AVENUE,,Non-Injury Crash,No,2025,0,East,0,0,1,Flat,0,,0,,0,Bright sun,264300,0,0,0,2,0,0,0,0,0,,0,0,Auckland Region,Nil,2-way,Sealed,0,0,0,0,50,0,Off,0,0,,76,Auckland,Stop,0,0,0,0,0,0,Urban,0,0,0,Fine,Null
1762431.9724,5912834.2003,895165,,519500,0,,0,0,,Null,2023/2024,GREAT SOUTH ROAD,SIMS ROAD,,Minor Crash,No,2024,,North,,0,,Flat,,,,,,Overcast,622200,1,0,1,4,,,0,,,,,,Auckland Region,Nil,2-way,Sealed,,0,0,,50,,Off,1,0,,76,Auckland,Nil,,,,,0,0,Urban,0,,,Fine,Null
1763922.8479,5906504.9328,895166,,524303,0,,0,2,,Null,2025/2026,ASHLYNNE AVENUE,STATION ROAD,,Non-Injury Crash,No,2025,,West,,0,,Flat,,,,,,Bright sun,657200,0,0,0,2,,,0,,,,,,Auckland Region,Nil,2-way,Sealed,,0,0,,50,,Off,0,0,,76,Auckland,Give way,,,,,0,0,Urban,0,,,Fine,Null
1763984.2511,5909986.4129,895171,,521901,0,0,0,3,0,Null,2022/2023,GREAT SOUTH ROAD,GORDON ROAD,,Non-Injury Crash,No,2023,0,North,0,0,0,Flat,0,,0,,0,Bright sun,783800,0,0,0,2,0,0,0,0,1,,0,0,Auckland Region,Nil,2-way,Sealed,0,0,0,0,30,0,Off,0,0,,76,Auckland,Stop,0,0,0,0,0,0,Urban,0,0,0,Fine,Null
1764028.045,5915027.0948,895173,,520303,0,,0,1,,East,2023/2024,ELLERSLIE-PANMURE HIGHWAY,BARRACK ROAD,,Non-Injury Crash,No,2024,,West,,0,,Flat,,,,,,Twilight,626901,0,0,0,4,,,0,,,1,,,Auckland Region,Nil,2-way,Sealed,,0,0,,50,,Off,0,0,,76,Auckland,Nil,,,,,0,0,Urban,0,,,Fine,Null
1755655.8883,5934856.0568,895178,,507101,0,,0,2,,Null,2025/2026,BEACH ROAD,ARGYLE ROAD,,Non-Injury Crash,No,2025,,South,,0,,Flat,,,,,,Bright sun,161500,0,0,0,2,,,0,,,,,,Auckland Region,Nil,2-way,Sealed,,0,0,,50,,Off,0,0,,76,Auckland,Give way,,,,,0,0,Urban,0,,,Fine,Null
1754320.4307,5914952.1719,895179,,518801,0,,0,1,,South,2023/2024,SANDRINGHAM ROAD EXTENSION,SHEPPARD AVENUE,,Non-Injury Crash,No,2023,,South,,0,,Flat,,,,,,Overcast,575200,0,0,0,2,,,0,,,,,,Auckland Region,Nil,2-way,Sealed,,0,0,,50,,Off,1,0,,76,Auckland,Nil,,,,,0,0,Urban,0,,,Light rain,Null
1768270.0063,5912956.5434,895181,,523000,0,0,0,1,0,North,2023/2024,GOSSAMER DRIVE,REEVES ROAD,,Non-Injury Crash,No,2023,0,North,0,0,0,Hill Road,0,,0,,0,Twilight,690000,0,0,0,2,0,0,0,0,1,,0,0,Auckland Region,Nil,2-way,Sealed,0,0,0,0,50,0,Off,1,0,40,76,Auckland,Nil,0,0,0,1,0,0,Urban,1,0,0,Fine,Null
1764183.7757,5904115.9331,895188,,524604,0,0,0,1,0,West,2025/2026,SOUTH-WESTERN MOTORWAY,CAVENDISH DRIVE ON RAMP,,Non-Injury Crash,Yes,2025,0,North,0,0,0,Flat,1,,0,,0,Dark,781100,0,0,0,2,0,0,0,0,0,,0,0,Auckland Region,Nil,1-way,Sealed,0,0,0,0,100,0,On,0,0,,76,Auckland,Nil,0,0,0,0,0,0,Open,0,0,0,Fine,Null
1761763.2185,5914707.4689,895191,,520202,0,0,0,1,0,Null,2023/2024,ELLERSLIE-PANMURE HIGHWAY,MAIN HIGHWAY,,Non-Injury Crash,No,2024,0,North,0,0,1,Flat,0,,0,,0,Bright sun,612501,0,0,0,2,0,0,0,0,0,,0,0,Auckland Region,Nil,2-way,Sealed,0,0,0,0,50,0,Off,0,0,,76,Auckland,Nil,0,0,0,0,0,0,Urban,0,0,0,Fine,Null
1750487.7966,5913737.6931,895192,,511303,0,,0,0,,Null,2024/2025,CLARK STREET,PORTAGE ROAD,,Minor Crash,No,2025,,East,,0,,Flat,,,,,,Overcast,265100,1,0,1,4,,,0,,,,,,Auckland Region,Nil,2-way,Sealed,,0,0,,50,,Null,1,0,,76,Auckland,Traffic Signals,,,,,0,0,Urban,0,,,Fine,Null
1756755.4916,5915648.2808,895203,,518301,0,,0,1,,South,2025/2026,MOUNT EDEN ROAD,WAIRIKI ROAD,,Non-Injury Crash,No,2025,,North,,0,,Flat,,,,,,Bright sun,556900,0,0,0,3,,,0,,,,,,Auckland Region,Nil,2-way,Sealed,,0,0,,50,,Off,1,0,,76,Auckland,Nil,,,,,0,0,Urban,0,,,Fine,Null
1762511.9911,5903649.695,895205,,524604,0,0,1,0,0,Null,2025/2026,PUHINUI ROAD,CAMPANA ROAD,,Non-Injury Crash,Yes,2025,0,East,0,0,0,Flat,0,,0,,0,Bright sun,781100,0,0,0,1,0,0,0,0,0,,0,0,Auckland Region,Nil,1-way,Sealed,0,0,0,0,60,0,Off,0,0,,76,Auckland,Give way,0,1,0,0,0,0,Urban,0,0,0,Fine,Null
1767051.5053,5900073.3205,895208,,524720,0,0,0,2,0,Null,2023/2024,ROWANDALE AVENUE,WEYMOUTH ROAD,,Non-Injury Crash,No,2023,0,South,0,0,0,Flat,0,,0,,0,Overcast,776101,0,0,0,2,0,0,0,0,0,,0,0,Auckland Region,Nil,2-way,Sealed,0,0,0,0,50,0,Off,0,0,,76,Auckland,Give way,1,0,0,0,0,0,Urban,0,0,0,Fine,Null
1750842.5314,5913122.031,895209,,514600,0,0,0,3,0,East,2025/2026,SWINBURNE STREET,FALKIRK STREET,,Non-Injury Crash,No,2025,0,West,0,0,0,Flat,0,,0,,0,Dark,371001,0,0,0,2,0,0,0,0,2,,0,0,Auckland Region,Nil,1-way,Sealed,0,0,0,0,50,0,On,0,0,,76,Auckland,Nil,0,0,0,0,0,0,Urban,0,0,0,Fine,Null
1755607.8762,5930840.2229,895210,,508520,0,0,0,2,0,West,2024/2025,TRINIDAD ROAD,SUNNYNOOK ROAD,,Minor Crash,No,2024,0,East,0,0,0,Flat,0,,0,,0,Bright sun,192300,1,0,0,2,0,0,0,0,1,,0,0,Auckland Region,Nil,2-way,Sealed,0,0,0,0,30,0,Off,0,0,,76,Auckland,Nil,0,0,0,0,0,0,Urban,0,0,0,Fine,Null
1745750.3229,5944900.445,895213,,506614,0,,0,1,,East,2025/2026,PINE VALLEY ROAD,POYNTER LANE,,Fatal Crash,No,2026,,East,,1,,Hill Road,,,,,,Bright sun,177405,0,0,0,2,,,0,,,,,,Auckland Region,Nil,2-way,Sealed,,0,1,,80,,None,1,0,,76,Auckland,Nil,,,,,0,0,Open,0,,,Fine,Null
1747237.7596,5919831.8986,895218,,512300,0,,0,2,,Null,2022/2023,TE ATATU ROAD OFF RAMP,TE ATATU ROAD,,Non-Injury Crash,No,2023,,East,,0,,Flat,,,,,,Dark,251700,0,0,0,2,,,0,,,,,,Auckland Region,Motorway ramp,1-way,Sealed,,0,0,,50,,On,0,0,,76,Auckland,Traffic Signals,,,,,0,0,Urban,0,,,Fine,Null
1750408.9069,5918025.0021,895221,,514801,0,,0,2,,East,2025/2026,NORTH-WESTERN MOTORWAY,ROSEBANK ROAD ON RAMP,,Non-Injury Crash,Yes,2025,,East,,0,,Flat,,,,,,Bright sun,390401,0,0,0,5,,,0,,,,,,Auckland Region,Nil,1-way,Sealed,,0,0,,100,,Off,0,0,,76,Auckland,Nil,,,,,0,0,Open,0,,,Fine,Null
1756625.0863,5919810.5185,895224,75,514000,0,,0,1,,North,2022/2023,NELSON STREET OFF RAMP,UNION STREET,,Non-Injury Crash,No,2023,,North,,0,,Flat,,,,,,Bright sun,413300,0,0,0,4,,,0,,,,,,Auckland Region,Nil,1-way,Sealed,,0,0,,80,,Off,0,0,,76,Auckland,Nil,,,,,0,1,Open,0,,,Fine,None
1743583.0416,5922041.672,895227,,513631,0,,0,2,,Null,2024/2025,TRIANGLE ROAD,BELLRINGER ROAD,,Non-Injury Crash,No,2025,,West,,0,,Null,,,,,,Bright sun,227011,0,0,0,2,,,0,,,,,,Auckland Region,Nil,2-way,Sealed,,0,0,,50,,Off,0,0,,76,Auckland,Stop,,,,,0,0,Urban,0,,,Null,Null
1745534.7232,5913957.402,895234,,512906,0,,0,2,,West,2025/2026,WEST COAST ROAD,WOODBANK DRIVE,,Non-Injury Crash,No,2025,,East,,0,,Flat,,,,,,Bright sun,278511,0,0,0,2,,,0,,,,,,Auckland Region,Nil,2-way,Sealed,,0,0,,50,,Off,0,0,,76,Auckland,Nil,,,,,0,0,Urban,0,,,Fine,Null
1767289.901,5904146.8838,895235,,524604,0,,0,2,,Null,2023/2024,MANUKAU STATION ROAD,OSTERLEY WAY,,Non-Injury Crash,No,2023,,North,,0,,Flat,,,,,,Dark,780204,0,0,0,2,,,0,,,,,,Auckland Region,Nil,1-way,Sealed,,0,0,,50,,On,0,0,,76,Auckland,Traffic Signals,,,,,0,0,Urban,0,,,Fine,None
1758616.9736,5912154.9535,895236,,519810,0,,0,2,,Null,2025/2026,CHURCH STREET,HILL STREET,,Non-Injury Crash,No,2025,,East,,0,,Flat,,,,,,Bright sun,598800,0,0,0,2,,,0,,,,,,Auckland Region,Nil,2-way,Sealed,,0,0,,50,,Off,0,0,,76,Auckland,Stop,,,,,0,0,Urban,0,,,Fine,Null
1755338.9271,5921621.1105,895237,,515202,0,0,0,1,0,South,2024/2025,NORTHERN MOTORWAY,SHELLY BEACH OBR,,Minor Crash,Yes,2024,0,South,0,0,0,Flat,1,,0,,0,Twilight,423600,1,0,0,6,0,0,0,0,0,,0,0,Auckland Region,Nil,1-way,Sealed,0,0,0,0,80,0,Off,0,0,,76,Auckland,Nil,0,0,0,0,0,0,Open,0,0,0,Fine,Null
1755454.5013,5916017.7852,895241,,518301,0,0,0,2,0,East,2025/2026,TENNYSON STREET,VOLCANIC STREET,,Non-Injury Crash,No,2025,0,West,0,0,0,Flat,0,,0,,0,Dark,553900,0,0,0,2,0,0,0,0,2,,0,0,Auckland Region,Nil,2-way,Sealed,0,0,0,0,50,0,None,1,0,,76,Auckland,Nil,0,0,0,0,0,0,Urban,0,0,0,Fine,Null
1753622.0753,5913171.1103,895244,,518901,0,0,0,1,0,North,2023/2024,WHITE SWAN ROAD,ELLIS AVENUE,,Non-Injury Crash,No,2023,0,South,0,0,0,Hill Road,0,,0,,0,Overcast,585200,0,0,0,2,0,0,0,0,1,,0,0,Auckland Region,Nil,2-way,Sealed,0,0,0,0,50,0,Off,2,0,,76,Auckland,Nil,0,0,0,0,0,0,Urban,2,0,0,Fine,Null
1744664.7535,5910890.0478,895246,,512902,0,,0,0,,North,2025/2026,CARTER ROAD,SHAW ROAD,,Non-Injury Crash,No,2025,,East,,0,,Hill Road,,,,,,Bright sun,279700,0,0,0,2,,,0,,,,,,Auckland Region,Nil,2-way,Sealed,,0,0,,60,,None,1,0,,76,Auckland,Nil,,,,,0,0,Urban,1,,,Fine,Null
1747488.5508,5914707.0592,895248,,511100,0,,0,4,,Null,2023/2024,GREAT NORTH ROAD,GLENVIEW ROAD,,Minor Crash,No,2024,,North,,0,,Flat,,,,,,Bright sun,284800,1,0,0,4,,,0,,,,,,Auckland Region,Nil,2-way,Sealed,,0,0,,50,,Off,0,0,,76,Auckland,Traffic Signals,,,,,0,0,Urban,0,,,Fine,Null
1769001.1945,5913734.5621,895250,,522723,0,0,0,1,0,South,2025/2026,CASCADES ROAD,WALWORTH AVENUE,,Non-Injury Crash,No,2026,0,North,0,0,0,Null,0,,0,,0,Bright sun,682301,0,0,0,2,0,0,0,0,1,,0,0,Auckland Region,Nil,2-way,Sealed,0,0,0,0,50,0,Null,0,0,,76,Auckland,Nil,0,0,0,0,0,0,Urban,1,0,0,Fine,Null
1741624.4528,5913152.5052,895252,35,512902,0,0,0,0,0,South,2023/2024,FOREST HILL ROAD,KELLYS ROAD,,Non-Injury Crash,No,2023,0,South,0,0,1,Hill Road,0,Christmas New Year,0,,0,Dark,279000,0,0,0,2,0,0,0,0,0,,0,0,Auckland Region,Nil,2-way,Sealed,0,0,0,0,50,0,Off,0,0,40,76,Auckland,Nil,0,0,0,0,0,0,Urban,1,0,0,Fine,Null
1767918.6994,5899705.4547,895253,,525101,0,,0,1,,Null,2025/2026,FRIEDLANDERS ROAD,DR PICKERING AVENUE,,Serious Crash,No,2025,,North,,0,,Flat,,,,,,Bright sun,772700,0,0,0,2,,,0,,,,,,Auckland Region,Nil,2-way,Sealed,,0,1,,30,,Off,0,0,,76,Auckland,Give way,,,,,0,0,Urban,1,,,Fine,Null
1755671.46,5923927.4536,895254,,509800,0,,0,1,,Null,2023/2024,QUEEN STREET,CLARENCE ROAD,,Minor Crash,No,2024,,North,,0,,Flat,,,,,,Twilight,359900,1,0,0,2,,,0,,,2,,,Auckland Region,Nil,2-way,Sealed,,0,0,,50,,On,0,0,,76,Auckland,Give way,,,,,0,0,Urban,0,,,Fine,Null
1757454.4978,5913628.3061,895255,,518702,0,,0,2,,East,2025/2026,MOUNT ALBERT ROAD,PEET AVENUE,,Non-Injury Crash,No,2025,,South,,0,,Null,,,,,,Unknown,567600,0,0,0,4,,,0,,,,,,Auckland Region,Nil,2-way,Sealed,,0,0,,50,,Null,0,0,,76,Auckland,Nil,,,,,0,0,Urban,0,,,Fine,Null
1758844.5912,5907982.0129,895260,,524002,0,0,0,3,0,South,2025/2026,KIRKBRIDE ROAD,TAPUWAE WAY,,Minor Crash,No,2025,0,North,0,0,0,Flat,0,Christmas New Year,0,,0,Dark,725601,1,0,0,2,0,0,0,0,2,,0,0,Auckland Region,Nil,2-way,Sealed,0,0,0,0,50,0,On,0,0,,76,Auckland,Nil,0,0,0,0,0,0,Urban,0,0,0,Fine,Null
1765630.6009,5901102.4002,895261,,524821,0,0,0,3,0,Null,2024/2025,FINLAYSON AVENUE,COTTRELL PLACE,,Serious Crash,No,2024,0,East,0,0,0,Flat,0,Labour Weekend,0,,0,Dark,774402,0,0,0,2,0,0,0,0,1,,0,0,Auckland Region,Nil,2-way,Sealed,0,0,1,0,30,0,On,0,0,,76,Auckland,Nil,0,0,0,0,0,0,Urban,0,0,0,Light rain,Null
1766465.7567,5903843.2274,895263,,524604,0,,0,2,,East,2022/2023,SOUTH-WESTERN MOTORWAY,LAMBIE DRIVE OFF RAMP,,Non-Injury Crash,Yes,2023,,East,,0,,Flat,,,,,,Bright sun,780210,0,0,0,2,,,0,,,,,,Auckland Region,Nil,1-way,Sealed,,0,0,,100,,Off,0,0,,76,Auckland,Nil,,,,,1,0,Open,1,,,Fine,Null
1754980.6481,5915284.3919,895265,,517703,0,0,0,2,0,North,2023/2024,RENFREW AVENUE,PARRY STREET,,Non-Injury Crash,No,2024,0,North,0,0,0,Flat,0,,0,,0,Bright sun,538802,0,0,0,2,0,0,0,0,1,,0,0,Auckland Region,Nil,2-way,Sealed,0,0,0,0,50,0,Off,0,0,,76,Auckland,Nil,0,0,0,0,0,0,Urban,0,0,0,Fine,Null
1754542.9724,5931579.3428,895266,,508805,0,,0,1,,West,2025/2026,CONSTELLATION DRIVE,VEGA PLACE,,Non-Injury Crash,No,2025,,West,,0,,Null,,,,,,Unknown,180826,0,0,0,2,,,0,,,,,,Auckland Region,Nil,2-way,Sealed,,0,0,,50,,Null,0,0,,76,Auckland,Nil,,,,,0,1,Urban,0,,,Fine,Null
1768196.9125,5915031.2204,895267,,522810,0,0,0,1,0,South,2023/2024,FISHER PARADE,FRATLEY AVENUE,,Minor Crash,No,2023,0,North,0,0,0,Flat,0,,0,,0,Dark,692700,1,0,0,1,0,0,0,0,0,,0,0,Auckland Region,Nil,1-way,Sealed,0,0,0,0,50,0,On,0,0,,76,Auckland,Nil,0,0,0,1,0,0,Urban,0,0,0,Fine,Null
1770246.2516,5911601.982,895270,,523105,0,,0,1,,Null,2025/2026,GOLFLAND DRIVE,BOB CHARLES DRIVE,,Non-Injury Crash,No,2025,,East,,0,,Flat,,,,,,Bright sun,711183,0,0,0,2,,,0,,,,,,Auckland Region,Nil,2-way,Sealed,,0,0,,50,,Null,1,0,,76,Auckland,Nil,,,,,0,0,Urban,0,,,Fine,Null
1757761.103,5918214.8516,895271,,515700,0,,0,0,,South,2023/2024,SOUTHERN MOTORWAY,MOUNTAIN OBR,,Minor Crash,Yes,2023,,North,,0,,Flat,,,,,,Bright sun,443600,1,0,0,3,,,0,,,,,,Auckland Region,Overpass,1-way,Sealed,,0,0,,80,,Off,2,0,,76,Auckland,Nil,,,,,0,0,Open,0,,,Fine,Null
1765731.5681,5905762.2704,895273,,522202,0,,0,2,,Null,2023/2024,CARRUTH ROAD,FAIRVIEW ROAD,,Non-Injury Crash,No,2023,,West,,0,,Flat,,,,,,Bright sun,665200,0,0,0,2,,,0,,,,,,Auckland Region,Nil,2-way,Sealed,,0,0,,50,,Off,0,0,,76,Auckland,Give way,,,,,0,0,Urban,0,,,Fine,None
1763862.5629,5906875.0525,895276,,524301,0,0,0,1,0,South,2025/2026,GRAY AVENUE,HANGA PLACE,,Non-Injury Crash,No,2025,0,South,0,0,0,Flat,0,,0,,0,Bright sun,656600,0,0,0,2,0,0,0,0,1,,0,0,Auckland Region,Nil,2-way,Sealed,0,0,0,0,50,0,Off,1,0,,76,Auckland,Nil,0,0,0,0,0,0,Urban,1,0,0,Fine,Null
1769416.0609,5902195.4159,895277,,524901,0,,0,1,,North,2023/2024,SOUTHERN MOTORWAY,HILL ROAD ON RAMP,,Non-Injury Crash,Yes,2023,,North,,0,,Flat,,,,,,Unknown,755600,0,0,0,3,,,0,,,,,,Auckland Region,Motorway ramp,1-way,Sealed,,0,0,,100,,On,1,0,,76,Auckland,Nil,,,,,0,0,Open,0,,,Null,Null
1759515.8622,5884441.9167,895281,,521121,0,0,0,1,0,South,2024/2025,GLENBROOK ROAD,BLOMFIELD LANE,,Non-Injury Crash,No,2024,0,South,1,0,0,Hill Road,0,,0,,0,Dark,811200,0,0,0,2,0,0,0,0,0,,0,0,Auckland Region,Nil,2-way,Sealed,0,0,0,0,80,0,None,0,0,,76,Auckland,Nil,0,0,0,0,0,0,Open,0,0,0,Heavy rain,Strong wind
1752792.5559,5916509.973,895282,,517901,0,0,0,2,0,South,2024/2025,NEW NORTH ROAD,MOUNT ALBERT ROAD,,Non-Injury Crash,No,2024,0,North,0,0,0,Flat,0,,0,,0,Dark,524800,0,0,0,2,0,0,0,0,1,,0,0,Auckland Region,Nil,2-way,Sealed,0,0,0,0,50,0,On,0,0,,76,Auckland,Nil,0,0,0,0,0,0,Urban,0,0,0,Fine,Null
1746526.4122,5916377.7563,895285,,510800,0,,0,2,,South,2024/2025,GREAT NORTH ROAD,JAMES LAURIE STREET,,Non-Injury Crash,No,2024,,North,,0,,Flat,,,,,,Bright sun,244100,0,0,0,4,,,0,,,,,,Auckland Region,Nil,2-way,Sealed,,0,0,,50,,Off,0,0,,76,Auckland,Nil,,,,,0,0,Urban,0,,,Fine,Null
1755652.1502,5920450.8995,895290,,514000,0,0,0,1,0,Null,2024/2025,WOOD STREET,RUSSELL STREET,,Non-Injury Crash,No,2025,0,North,0,0,0,Hill Road,0,,0,,0,Dark,415500,0,0,0,1,0,0,0,0,1,,0,0,Auckland Region,Nil,1-way,Sealed,0,0,0,0,30,0,On,0,0,,76,Auckland,Nil,0,0,0,0,0,0,Urban,2,0,0,Light rain,Null
1747050.0508,5913839.7903,895293,,511100,0,0,0,1,1,Null,2023/2024,GLENDALE ROAD,WEST COAST ROAD,,Minor Crash,No,2024,0,North,0,0,0,Flat,0,,0,,0,Overcast,286200,1,0,0,2,0,0,0,0,0,,0,0,Auckland Region,Nil,2-way,Sealed,0,0,0,0,50,0,Off,0,0,,76,Auckland,Traffic Signals,0,0,0,0,0,0,Urban,0,0,0,Mist or Fog,Null
1749988.7365,5916215.5275,895294,,514801,0,0,0,0,0,East,2024/2025,AVONDALE ROAD,OREGON AVENUE,,Non-Injury Crash,No,2025,0,East,0,0,0,Flat,0,,0,,0,Dark,387200,0,0,0,2,0,0,0,0,1,,0,0,Auckland Region,Nil,2-way,Sealed,0,0,0,0,50,0,On,1,0,,76,Auckland,Nil,0,0,0,0,0,0,Urban,1,0,0,Fine,Null
1745947.4022,5918327.0229,895295,,512500,0,,0,2,,North,2023/2024,CENTRAL PARK DRIVE,SWAN LANE,,Minor Crash,No,2024,,South,,0,,Hill Road,,,,,,Bright sun,257003,1,0,0,2,,,0,,,,,,Auckland Region,Nil,2-way,Sealed,,0,0,,50,,Off,0,0,,76,Auckland,Nil,,,,,0,0,Urban,1,,,Fine,Null
1745296.67,5919662.0034,895296,,513301,0,,0,2,,South,2024/2025,LINCOLN ROAD,UNIVERSAL DRIVE,,Non-Injury Crash,No,2025,,North,,0,,Flat,,,,,,Dark,232001,0,0,0,5,,,0,,,,,,Auckland Region,Nil,2-way,Sealed,,0,0,,50,,On,0,0,,76,Auckland,Nil,,,,,0,0,Urban,0,,,Fine,Null
1763742.5025,5911523.2409,895297,,520500,0,0,0,1,0,South,2023/2024,NIALL BURGESS ROAD,VESTEY DRIVE,,Minor Crash,No,2024,0,West,0,0,0,Flat,0,,0,,0,Bright sun,637900,2,0,0,2,0,0,0,0,1,,0,0,Auckland Region,Nil,2-way,Sealed,0,0,0,0,50,0,Off,0,0,,76,Auckland,Nil,0,0,0,0,1,0,Urban,0,0,0,Fine,Null
1769390.4796,5881155.3502,895301,,525910,0,,0,1,,Null,2023/2024,EAST STREET,STADIUM DRIVE,,Non-Injury Crash,No,2023,,South,,0,,Flat,,,,,,Overcast,817300,0,0,0,2,,,0,,,,,,Auckland Region,Nil,2-way,Sealed,,0,0,,50,,Off,0,0,,76,Auckland,Give way,,,,,1,0,Urban,0,,,Mist or Fog,Null
1768876.8019,5905750.5216,895303,,523721,0,,0,2,,North,2022/2023,TE IRIRANGI DRIVE,DAWSON ROAD,,Minor Crash,No,2023,,North,,0,,Flat,,,,,,Bright sun,715616,1,0,0,5,,,0,,,,,,Auckland Region,Nil,2-way,Sealed,,0,0,,60,,Off,0,0,,76,Auckland,Nil,,,,,0,0,Urban,0,,,Fine,Null
1759686.7192,5916999.2519,895306,,516102,0,,0,1,,Null,2024/2025,REMUERA ROAD,PORTLAND ROAD,,Non-Injury Crash,No,2025,,East,,0,,Flat,,,,,,Overcast,484900,0,0,0,4,,,0,,,,,,Auckland Region,Nil,2-way,Sealed,,0,0,,50,,Off,1,0,,76,Auckland,Give way,,,,,0,0,Urban,0,,,Light rain,Null