X,Y,OBJECTID,advisorySpeed,areaUnitID,bicycle,bridge,bus,carStationWagon,cliffBank,crashDirectionDescription,crashFinancialYear,crashLocation1,crashLocation2,crashRoadSideRoad,crashSeverity,crashSHDescription,crashYear,debris,directionRoleDescription,ditch,fatalCount,fence,flatHill,guardRail,holiday,houseOrBuilding,intersection,kerb,light,meshblockId,minorInjuryCount,moped,motorcycle,NumberOfLanes,objectThrownOrDropped,otherObject,otherVehicleType,overBank,parkedVehicle,pedestrian,phoneBoxEtc,postOrPole,region,roadCharacter,roadLane,roadSurface,roadworks,schoolBus,seriousInjuryCount,slipOrFlood,speedLimit,strayAnimal,streetLight,suv,taxi,temporarySpeedLimit,tlaId,tlaName,trafficControl,trafficIsland,trafficSign,train,tree,truck,unknownVehicleType,urban,vanOrUtility,vehicle,waterRiver,weatherA,weatherB
1766896.0881,5907636.899,895308,,523601,0,,0,2,,Null,2024/2025,BAIRDS ROAD,EAST TAMAKI ROAD,,Non-Injury Crash,No,2024,,North,,0,,Null,,Christmas New Year,,,,Bright sun,708600,0,0,0,1,,,0,,,,,,Auckland Region,Nil,1-way,Sealed,,0,0,,50,,Null,0,0,,76,Auckland,Give way,,,,,0,0,Urban,0,,,Fine,Null
1768748.8167,5904561.5198,895310,,523722,0,,0,0,,Null,2024/2025,HOLLYFORD DRIVE,REDOUBT ROAD,,Non-Injury Crash,No,2025,,South,,0,,Null,,,,,,Dark,715909,0,0,0,4,,,0,,,,,,Auckland Region,Nil,2-way,Sealed,,0,0,,50,,On,1,0,,76,Auckland,Traffic Signals,,,,,0,0,Urban,0,,,Fine,Null
1775566.3415,5896876.1403,895318,,525610,0,0,0,4,0,North,2024/2025,KOKAKO RISE,KERI VISTA RISE,,Non-Injury Crash,No,2025,0,West,0,0,1,Flat,0,,1,,0,Twilight,799129,0,0,0,2,0,0,0,0,1,,0,0,Auckland Region,Nil,2-way,Sealed,0,0,0,0,50,0,On,0,0,,76,Auckland,Nil,0,0,0,0,0,0,Urban,0,0,0,Fine,Null
1719661.6055,5948761.5152,895319,55,506642,0,0,0,1,0,North,2023/2024,SOUTH HEAD ROAD,CROSLAND ROAD,,Non-Injury Crash,No,2024,0,North,0,0,0,Hill Road,0,,0,,0,Bright sun,210301,0,0,0,2,0,0,0,0,0,,0,0,Auckland Region,Nil,2-way,Sealed,0,0,0,0,100,0,None,0,0,,76,Auckland,Nil,0,0,0,1,0,0,Open,0,0,0,Fine,Null
1749070.8073,5945611.5753,895328,,505806,0,,0,2,,Null,2025/2026,HIBISCUS COAST HIGHWAY,PAINTON ROAD,,Non-Injury Crash,No,2025,,East,,0,,Flat,,,,,,Dark,176602,0,0,0,2,,,0,,,,,,Auckland Region,Nil,1-way,Sealed,,0,0,,60,,On,0,0,,76,Auckland,Traffic Signals,,,,,0,0,Urban,0,,,Fine,Null
1773750.218,5895732.0245,895338,,525510,0,0,0,2,0,South,2024/2025,SMITHS AVENUE,BATES STREET,,Non-Injury Crash,No,2024,0,North,0,0,1,Flat,0,,0,,0,Bright sun,801200,0,0,0,2,0,0,0,0,0,,0,0,Auckland Region,Nil,2-way,Sealed,0,0,0,0,50,0,Off,0,0,,76,Auckland,Nil,0,0,0,0,0,0,Urban,1,0,0,Fine,Null
1768162.5933,5883848.6452,895344,,521111,0,0,0,1,0,West,2024/2025,HEIGHTS ROAD,PAERATA ROAD,,Non-Injury Crash,No,2025,0,North,0,0,0,Flat,0,,0,,0,Overcast,813800,0,0,0,2,0,0,0,0,0,,0,1,Auckland Region,Nil,2-way,Unsealed,0,0,0,0,80,0,None,0,0,,76,Auckland,Nil,0,0,0,0,0,0,Open,0,0,0,Fine,Null
1736851.6415,5917573.3524,895348,25,513102,0,,0,2,,North,2024/2025,SCENIC DRIVE,SUMMIT ROAD,,Non-Injury Crash,No,2025,,West,,0,,Hill Road,,,,,,Overcast,237304,0,0,0,2,,,0,,,,,,Auckland Region,Nil,2-way,Sealed,,0,0,,60,,Off,0,0,,76,Auckland,Nil,,,,,0,0,Urban,0,,,Fine,Null
1758889.2457,5919258.5234,895349,,515902,0,0,0,2,0,West,2023/2024,BIRDWOOD CRESCENT,PARNELL ROAD,,Non-Injury Crash,No,2023,0,East,0,0,0,Flat,0,,0,,0,Unknown,451500,0,0,0,2,0,0,0,0,1,,0,0,Auckland Region,Nil,2-way,Sealed,0,0,0,0,50,0,Null,0,0,,76,Auckland,Nil,0,0,0,0,0,0,Urban,0,0,0,Null,None
1764277.707,5917594.9021,895356,,517201,0,,1,0,,North,2024/2025,ST JOHNS ROAD,COLLEGE ROAD,,Serious Crash,No,2025,,South,,0,,Flat,,,,,,Overcast,464900,0,0,0,2,,,0,,,1,,,Auckland Region,Nil,2-way,Sealed,,0,1,,50,,Off,0,0,,76,Auckland,Nil,,,,,0,0,Urban,0,,,Fine,Null
1750501.3534,5926278.1394,895359,,510020,0,,0,1,,Null,2023/2024,SISPARA PLACE,TELSTAR PLACE,,Serious Crash,No,2024,,East,,0,,Hill Road,,,,,,Bright sun,344501,0,0,0,2,,,0,,,1,,,Auckland Region,Nil,2-way,Sealed,,0,1,,50,,Off,0,0,,76,Auckland,Give way,,,,,0,0,Urban,0,,,Fine,Null
1765111.209,5909908.9957,895360,,521802,0,,0,2,,Null,2024/2025,SOUTHERN MOTORWAY,PRINCES ST-OTAHUHU OFF RAMP,,Non-Injury Crash,Yes,2025,,North,,0,,Flat,,,,,,Dark,788202,0,0,0,4,,,0,,,,,,Auckland Region,Nil,1-way,Sealed,,0,0,,100,,On,0,0,,76,Auckland,Nil,,,,,0,0,Open,0,,,Fine,Null
1742263.068,5919005.3023,895364,,513213,0,,0,1,,East,2024/2025,SWANSON ROAD,AIRDRIE ROAD,,Non-Injury Crash,No,2024,,South,,0,,Flat,,,,,,Dark,235102,0,0,0,2,,,0,,,,,,Auckland Region,Nil,2-way,Sealed,,0,0,,50,,On,0,0,,76,Auckland,Nil,,,,,0,1,Urban,0,,,Fine,Null
1756059.9801,5918681.0984,895366,,515500,0,,0,3,,North,2024/2025,NORTH-WESTERN MOTORWAY,NEWTON ROAD OFF RAMP,,Non-Injury Crash,Yes,2025,,North,,0,,Flat,,,,,,Bright sun,418700,0,0,0,6,,,0,,,,,,Auckland Region,Nil,1-way,Sealed,,0,0,,80,,Off,0,0,,76,Auckland,Nil,,,,,0,0,Open,0,,,Fine,Null
1759478.9077,5910235.4741,895376,,524002,0,,0,1,,East,2025/2026,SOUTH-WESTERN MOTORWAY,RIMU OBR,,Non-Injury Crash,Yes,2025,,South,,0,,Null,,,,,,Unknown,722400,0,0,0,3,,,0,,,,,,Auckland Region,Nil,1-way,Sealed,,0,0,,100,,Null,1,0,,76,Auckland,Nil,,,,,0,0,Open,0,,,Null,Null
1751089.2834,5946626.2322,895380,,506001,0,,0,2,,East,2025/2026,WHANGAPARAOA ROAD,TE AWA PLACE,,Non-Injury Crash,No,2025,,West,,0,,Hill Road,,,,,,Bright sun,175501,0,0,0,2,,,0,,,,,,Auckland Region,Nil,2-way,Sealed,,0,0,,50,,Off,0,0,,76,Auckland,Nil,,,,,0,0,Urban,0,,,Fine,Null
1746651.4826,5917971.5735,895394,,512500,0,,0,0,,South,2025/2026,TE ATATU ROAD,CONISTON AVENUE,,Minor Crash,No,2025,,North,,0,,Flat,,,,,,Overcast,258400,1,0,0,4,,,0,,,,,,Auckland Region,Nil,2-way,Sealed,,0,0,,50,,Off,0,0,,76,Auckland,Nil,,,,,0,0,Urban,2,,,Light rain,Null
1755537.0468,5924666.9109,895402,,509800,0,,0,2,,Null,2025/2026,ONEWA ROAD,LAKE ROAD,,Non-Injury Crash,No,2025,,East,,0,,Flat,,,,,,Dark,360200,0,0,0,4,,,0,,,,,,Auckland Region,Nil,2-way,Sealed,,0,0,,50,,On,0,0,,76,Auckland,Traffic Signals,,,,,0,0,Urban,0,,,Fine,Null
1756546.4257,5924685.5138,895404,,509702,0,,0,2,,North,2025/2026,NORTHERN MOTORWAY,ONEWA OBR ON,,Non-Injury Crash,Yes,2025,,South,,0,,Flat,,,,,,Dark,366700,0,0,0,3,,,0,,,,,,Auckland Region,Nil,1-way,Sealed,,0,0,,100,,On,0,0,,76,Auckland,Nil,,,,,0,0,Open,0,,,Fine,Null
1744550.4539,5919113.7115,895407,,513302,1,,0,0,,Null,2023/2024,RATHGAR ROAD,LARNOCH ROAD,,Minor Crash,No,2024,,South,,0,,Flat,,,,,,Dark,233200,1,0,0,2,,,0,,,,,,Auckland Region,Nil,2-way,Sealed,,0,0,,50,,On,0,0,,76,Auckland,Give way,,,,,0,0,Urban,0,,,Fine,Null
1765374.2115,5908408.3754,895409,,523403,0,0,0,1,0,West,2022/2023,LAXON AVENUE,WYMONDLEY ROAD,,Non-Injury Crash,No,2023,0,West,0,0,0,Flat,0,,0,,0,Overcast,696500,0,0,0,2,0,0,0,0,0,3,0,1,Auckland Region,Nil,2-way,Sealed,0,0,0,0,40,0,Off,0,0,,76,Auckland,Nil,0,0,0,0,0,0,Urban,0,0,0,Fine,Null
1760250.9511,5922419.6257,895410,,509400,0,0,0,3,0,East,2025/2026,CLARENCE STREET,WYNYARD STREET,,Serious Crash,No,2025,0,East,0,0,0,Flat,0,,0,,0,Overcast,329600,0,0,0,2,0,0,0,0,2,,0,0,Auckland Region,Nil,2-way,Sealed,0,0,1,0,50,0,None,0,0,,76,Auckland,Nil,0,0,0,0,0,0,Urban,2,0,0,Fine,Null
1759213.2702,5916747.1247,895420,,516001,0,,0,2,,South,2023/2024,SOUTHERN MOTORWAY,MARKET ROAD OFF RAMP,,Non-Injury Crash,Yes,2023,,South,,0,,Flat,,,,,,Overcast,491700,0,0,0,4,,,0,,,,,,Auckland Region,Nil,1-way,Sealed,,0,0,,100,,Off,0,0,,76,Auckland,Nil,,,,,0,0,Open,0,,,Fine,Null
1757509.5787,5918678.9256,895422,,514302,0,0,0,0,0,North,2025/2026,SOUTHERN MOTORWAY,KHYBER PASS OBR,,Non-Injury Crash,Yes,2025,0,South,0,0,0,Flat,1,,0,,0,Dark,442500,0,0,0,4,0,0,0,0,0,,0,0,Auckland Region,Overpass,1-way,Sealed,0,0,0,0,80,0,On,0,0,,76,Auckland,Nil,0,0,0,0,0,0,Open,1,0,0,Light rain,Null
1758330.0061,5918191.882,895424,,517400,0,,0,1,,West,2025/2026,TEED STREET,OSBORNE STREET,,Minor Crash,No,2026,,South,,0,,Hill Road,,,,,,Bright sun,451300,1,0,0,2,,,0,,,1,,,Auckland Region,Nil,2-way,Sealed,,0,0,,50,,None,0,0,,76,Auckland,Nil,,,,,0,0,Urban,0,,,Fine,Null
1770481.6612,5905174.4767,895426,,523712,0,0,0,3,0,East,2025/2026,TIR CONAILL AVENUE,TANNAGHMORE DRIVE,,Non-Injury Crash,No,2025,0,South,0,0,0,Flat,0,,0,,0,Overcast,713300,0,0,0,2,0,0,0,0,1,,0,0,Auckland Region,Nil,2-way,Sealed,0,0,0,0,50,0,Off,1,0,,76,Auckland,Nil,0,0,0,0,0,0,Urban,0,0,0,Fine,Null
1742125.8763,5916443.5526,895427,,513020,0,0,0,1,0,North,2023/2024,CANDIA ROAD,STURGES ROAD,,Minor Crash,No,2024,0,North,1,0,0,Hill Road,0,,0,,0,Bright sun,279800,1,0,0,2,0,0,0,0,0,,0,0,Auckland Region,Nil,2-way,Sealed,0,0,0,0,70,0,None,0,0,,76,Auckland,Nil,0,0,0,0,0,0,Urban,0,0,0,Fine,Null
1768695.2903,5901049.4458,895428,,524901,0,0,0,1,0,South,2025/2026,GREAT SOUTH ROAD,SOUTH MALL ACCESS,,Non-Injury Crash,No,2025,0,South,0,0,0,Flat,0,,0,,0,Bright sun,757100,0,0,0,2,0,0,0,0,1,,0,0,Auckland Region,Nil,2-way,Sealed,0,0,0,0,50,0,Null,0,0,,76,Auckland,Nil,0,0,0,0,0,0,Urban,1,0,0,Fine,Null
1744318.8121,5922513.8345,895431,,513512,0,,1,2,,Null,2022/2023,MAKORA ROAD,ROYAL ROAD,,Non-Injury Crash,No,2023,,North,,0,,Hill Road,,,,,,Dark,225501,0,0,0,5,,,0,,,,,,Auckland Region,Nil,2-way,Sealed,,0,0,,50,,On,0,1,,76,Auckland,Traffic Signals,,,,,0,0,Urban,0,,,Heavy rain,Null
1756138.1407,5923923.1083,895436,,509800,0,,0,1,,South,2024/2025,NORTHERN MOTORWAY,WEIGH BRIDGE,,Minor Crash,Yes,2025,,South,,0,,Flat,,,,,,Bright sun,361200,1,0,1,5,,,0,,,,,,Auckland Region,Nil,1-way,Sealed,,0,0,,80,,Off,0,0,,76,Auckland,Nil,,,,,0,0,Open,0,,,Fine,Null
1758819.628,5912199.3614,895448,,519810,0,,0,2,,North,2023/2024,SELWYN STREET,CHURCH STREET,,Non-Injury Crash,No,2023,,North,,0,,Flat,,,,,,Twilight,599000,0,0,0,3,,,0,,,,,,Auckland Region,Nil,2-way,Sealed,,0,0,,50,,Off,0,0,,76,Auckland,Nil,,,,,0,0,Urban,0,,,Fine,Null
1742189.4354,5916233.6175,895449,,513020,0,,0,2,,Null,2024/2025,CANDIA ROAD,STURGES ROAD,,Non-Injury Crash,No,2024,,North,,0,,Null,,,,,,Unknown,280809,0,0,0,2,,,0,,,,,,Auckland Region,Nil,2-way,Sealed,,0,0,,60,,Null,0,0,,76,Auckland,Give way,,,,,0,0,Urban,0,,,Fine,Null
1751692.4814,5917942.9687,895451,,515001,0,,0,0,,West,2025/2026,NORTH-WESTERN MOTORWAY,GT NORTH OBR,,Non-Injury Crash,Yes,2025,,East,,0,,Flat,,,,,,Overcast,392200,0,0,1,3,,,0,,,,,,Auckland Region,Nil,1-way,Sealed,,0,0,,100,,Off,0,0,,76,Auckland,Nil,,,,,0,1,Open,0,,,Light rain,Null
1763477.2467,5910715.4535,895455,,520500,0,,0,1,,North,2024/2025,GREAT SOUTH ROAD,PORTAGE ROAD,,Non-Injury Crash,No,2025,,South,,0,,Flat,,,,,,Bright sun,638001,0,0,0,4,,,0,,,,,,Auckland Region,Nil,2-way,Sealed,,0,0,,50,,Off,0,0,,76,Auckland,Nil,,,,,0,0,Urban,1,,,Fine,Null
1767922.0594,5913683.706,895461,,522820,0,,0,1,,Null,2025/2026,PAKURANGA ROAD,GLENMORE ROAD,,Minor Crash,No,2025,,East,,0,,Hill Road,,,,,,Bright sun,695102,1,0,0,4,,,0,,,,,,Auckland Region,Nil,2-way,Sealed,,0,0,,60,,Off,0,0,,76,Auckland,Traffic Signals,,,,,0,0,Urban,1,,,Fine,Null
1748461.0387,5918831.9856,895462,,514801,0,0,0,0,0,North,2023/2024,NORTH-WESTERN MOTORWAY,PATIKI OBR,,Minor Crash,Yes,2023,0,West,0,0,0,Flat,1,,0,,0,Bright sun,389300,1,0,0,4,0,0,0,0,0,,0,0,Auckland Region,Nil,1-way,Sealed,0,0,0,0,100,0,Off,0,0,,76,Auckland,Nil,0,0,0,0,0,0,Open,1,0,0,Fine,Null
1746839.8298,5913593.8861,895463,,511002,0,0,0,1,0,South,2025/2026,GLENDALE ROAD,OATES ROAD,,Non-Injury Crash,No,2025,0,North,0,0,1,Hill Road,0,,0,,0,Dark,283500,0,0,0,2,0,0,0,0,0,,0,0,Auckland Region,Nil,2-way,Sealed,0,0,0,0,50,0,On,0,0,,76,Auckland,Nil,0,0,0,0,0,0,Urban,0,0,0,Heavy rain,Null
1756169.5242,5918802.5307,895465,,515500,0,,0,1,,North,2025/2026,NORTH-WESTERN MOTORWAY,WAIMA FTBR,,Minor Crash,Yes,2025,,North,,0,,Flat,,,,,,Dark,417700,1,0,0,4,,,0,,,,,,Auckland Region,Motorway ramp,1-way,Sealed,,0,0,,80,,On,1,0,,76,Auckland,Nil,,,,,0,0,Open,0,,,Fine,Null
1760140.2596,5908045.4499,895466,,524403,0,0,0,2,0,North,2022/2023,SOUTH-WESTERN MOTORWAY,SH 20 MANGERE OBR,,Non-Injury Crash,Yes,2023,0,South,0,0,0,Flat,2,,0,,0,Overcast,731104,0,0,0,2,0,0,0,0,0,,0,0,Auckland Region,Nil,1-way,Sealed,0,0,0,0,100,0,Off,0,0,,76,Auckland,Nil,0,0,0,0,0,0,Open,0,0,0,Fine,Null
1765183.851,5902911.7175,895472,,524604,0,,0,1,,East,2024/2025,WIRI STATION ROAD,ROSCOMMON ROAD,,Non-Injury Crash,No,2024,,East,,0,,Flat,,,,,,Dark,781302,0,0,0,2,,,0,,,,,,Auckland Region,Nil,1-way,Sealed,,0,0,,50,,On,0,0,,76,Auckland,Nil,,,,,0,1,Urban,0,,,Heavy rain,Strong wind
1745696.2754,5917011.9792,895480,,510800,0,,1,0,,Null,2024/2025,EDSEL STREET,VITASOVICH AVENUE,,Non-Injury Crash,No,2024,,North,,0,,Flat,,,,,,Overcast,243300,0,0,0,4,,,0,,,,,,Auckland Region,Nil,2-way,Sealed,,0,0,,50,,Off,0,0,,76,Auckland,Give way,,,,,0,0,Urban,1,,,Fine,Strong wind
1758490.9333,5911717.143,895485,,519810,0,0,0,1,0,East,2024/2025,SOUTH-WESTERN MOTORWAY,HILLSBOROUGH ROAD,,Non-Injury Crash,Yes,2025,0,South,0,0,0,Flat,1,,0,,0,Dark,602501,0,0,0,3,0,0,0,0,0,,0,0,Auckland Region,Nil,1-way,Sealed,0,0,0,0,100,0,On,0,0,,76,Auckland,Nil,0,0,0,0,0,0,Open,0,0,0,Fine,Null
1753832.2957,5930304.5945,895492,,508420,0,0,0,1,0,Null,2023/2024,SUNSET ROAD,TRIAS ROAD,,Non-Injury Crash,No,2024,0,North,0,0,1,Flat,0,,0,,0,Dark,182001,0,0,0,2,0,0,0,0,0,,0,0,Auckland Region,Nil,2-way,Sealed,0,0,0,0,50,0,On,0,0,,76,Auckland,Stop,0,1,0,0,0,0,Urban,0,0,0,Fine,Null
1747816.0079,5914427.707,895495,,511100,0,,0,1,,Null,2024/2025,GREAT NORTH ROAD,KEVIN COURT,,Minor Crash,No,2025,,South,,0,,Hill Road,,,,,,Bright sun,285302,1,0,1,2,,,0,,,,,,Auckland Region,Nil,2-way,Sealed,,0,0,,50,,Off,0,0,,76,Auckland,Nil,,,,,0,0,Urban,0,,,Fine,Null
1746831.5964,5921663.7029,895496,45,512201,0,0,0,2,0,North,2025/2026,NEIL AVENUE,TAIKATA ROAD,,Non-Injury Crash,No,2025,0,South,0,0,0,Flat,0,,0,,0,Overcast,248100,0,0,0,2,0,0,0,0,1,,0,0,Auckland Region,Speed hump,2-way,Sealed,0,0,0,0,50,0,Off,0,0,,76,Auckland,Nil,0,0,0,0,0,0,Urban,0,0,0,Fine,Null
1759697.4859,5884616.6505,895497,,521121,0,0,0,1,0,North,2022/2023,GLENBROOK ROAD,BLOMFIELD LANE,,Non-Injury Crash,No,2023,0,South,1,0,0,Flat,0,,0,,0,Overcast,811200,0,0,0,2,0,0,0,0,0,,0,0,Auckland Region,Nil,2-way,Sealed,0,0,0,0,80,0,Off,0,0,,76,Auckland,Nil,0,0,0,0,0,0,Open,0,0,0,Light rain,Strong wind
1769753.3041,5907348.031,895501,,523713,0,,0,1,,Null,2022/2023,ORMISTON ROAD,CHAPEL ROAD,,Non-Injury Crash,No,2023,,West,,0,,Flat,,,,,,Dark,713100,0,0,0,2,,,0,,,,,,Auckland Region,Nil,1-way,Sealed,,0,0,,60,,On,1,1,,76,Auckland,Traffic Signals,,,,,0,0,Urban,0,,,Mist or Fog,Frost
1756213.0361,5916086.913,895503,,518301,0,,0,1,,Null,2024/2025,BALMORAL ROAD,MEWBURN AVENUE,,Serious Crash,No,2025,,East,,0,,Flat,,,,,,Dark,556200,0,0,0,2,,,0,,,1,,,Auckland Region,Nil,2-way,Sealed,,0,1,,50,,On,0,0,,76,Auckland,Stop,,,,,0,0,Urban,0,,,Fine,Null
1766838.8343,5901718.8201,895506,,524720,0,0,0,1,0,North,2024/2025,RUSSELL ROAD,DIVINE LANE,,Minor Crash,No,2025,0,North,0,0,0,Flat,0,,0,,0,Dark,777800,1,0,0,2,0,0,0,0,1,,0,0,Auckland Region,Nil,2-way,Sealed,0,0,0,0,50,0,On,0,0,,76,Auckland,Nil,0,0,0,0,0,0,Urban,1,0,0,Fine,Null
1747083.0118,5918713.1643,895509,,512402,0,,0,2,,Null,2025/2026,LYNDHURST ROAD,MERCHANT AVENUE,,Non-Injury Crash,No,2025,,West,,0,,Null,,,,,,Unknown,256200,0,0,0,2,,,0,,,,,,Auckland Region,Nil,2-way,Null,,0,0,,30,,Null,0,0,,76,Auckland,Stop,,,,,0,0,Urban,0,,,Null,Null
1764302.9926,5904062.1482,895515,,524604,0,,0,1,,Null,2024/2025,PUHINUI ROAD-SH 20B ON RAMP,CAVENDISH DRIVE,,Non-Injury Crash,Yes,2025,,South,,0,,Flat,,,,,,Dark,781100,0,0,0,1,,,0,,,,,,Auckland Region,Nil,1-way,Sealed,,0,0,,60,,Null,0,0,,76,Auckland,Nil,,,,,1,0,Urban,0,,,Fine,Null
1729930.9885,5931185.3691,895520,,506652,0,0,0,0,0,East,2023/2024,SH 16,MCPIKE ROAD,,Non-Injury Crash,Yes,2024,0,East,0,0,0,Flat,0,,0,,0,Bright sun,218000,0,0,0,2,0,0,0,0,0,,0,0,Auckland Region,Nil,2-way,Sealed,0,0,0,0,100,0,None,0,0,,76,Auckland,Nil,0,0,0,0,1,0,Open,0,0,0,Fine,Null
1745386.9451,5912810.9752,895527,,512906,0,,0,1,,Null,2025/2026,GLENGARRY ROAD,AUTUMN AVENUE,,Non-Injury Crash,No,2025,,East,,0,,Hill Road,,,,,,Bright sun,278515,0,0,0,2,,,0,,,,,,Auckland Region,Nil,2-way,Sealed,,0,0,,50,,Off,0,0,,76,Auckland,Stop,,,,,0,0,Urban,1,,,Fine,Null
1747862.4315,5910521.002,895530,45,512000,0,0,0,2,0,East,2022/2023,PARK ROAD,OTITORI BAY ROAD,,Non-Injury Crash,No,2023,0,West,0,0,0,Flat,0,,0,,0,Bright sun,295401,0,0,0,2,0,0,0,0,1,,0,0,Auckland Region,Nil,2-way,Sealed,0,0,0,0,50,0,Off,0,0,,76,Auckland,Nil,0,0,0,0,0,0,Urban,0,0,0,Fine,Null
1774612.931,5896578.294,895531,,525610,0,0,0,1,0,East,2024/2025,SHEEHAN AVENUE,PRESIDENT AVENUE,,Non-Injury Crash,No,2025,0,East,0,0,1,Flat,0,Easter,0,,1,Dark,798700,0,0,0,2,0,0,0,0,0,,0,0,Auckland Region,Nil,2-way,Sealed,0,0,0,0,50,0,Off,0,0,,76,Auckland,Nil,0,0,0,0,0,0,Urban,0,0,0,Light rain,Strong wind
1754896.5468,5931792.3008,895533,,508805,0,,0,2,,East,2025/2026,CONSTELLATION DRIVE,PARKWAY DRIVE,,Non-Injury Crash,No,2025,,East,,0,,Null,,,,,,Overcast,180813,0,0,0,2,,,0,,,,,,Auckland Region,Nil,2-way,Sealed,,0,0,,50,,Null,0,0,,76,Auckland,Nil,,,,,0,0,Urban,0,,,Fine,Null
1771072.8463,5878246.8393,895535,,521116,0,,0,1,,South,2025/2026,LOGAN ROAD,BUCKVILLE ROAD,,Minor Crash,No,2025,,North,,0,,Flat,,,,,,Bright sun,828303,1,0,0,2,,,0,,,1,,,Auckland Region,Nil,2-way,Sealed,,0,0,,50,,Off,1,0,,76,Auckland,Nil,,,,,0,0,Urban,0,,,Fine,Null
1746024.8943,5947827.1911,895536,,506614,0,,0,1,,North,2023/2024,GERVIN ROAD,WAINUI ROAD,,Non-Injury Crash,No,2024,,North,,0,,Hill Road,,,,,,Dark,177702,0,0,0,2,,,0,,,,,,Auckland Region,Bridge,2-way,Unsealed,,0,0,,100,,None,0,0,,76,Auckland,Nil,,,,,0,0,Open,0,,,Fine,Null
1756589.7409,5926815.1145,895538,,507900,0,,0,2,,South,2022/2023,NORTHERN MOTORWAY,NORTHCOTE ROAD ON RAMP,,Non-Injury Crash,Yes,2023,,South,,0,,Flat,,,,,,Overcast,303902,0,0,0,3,,,0,,,,,,Auckland Region,Nil,1-way,Sealed,,0,0,,100,,Off,0,0,,76,Auckland,Nil,,,,,0,0,Open,0,,,Light rain,Null
1755178.8956,5930064.1255,895545,,508510,0,,0,1,,South,2025/2026,NORTHERN BUSWAY,SUNNYNOOK OBR,,Minor Crash,No,2025,,South,,0,,Hill Road,,,,,,Overcast,194408,1,0,0,2,,,0,,,,,,Auckland Region,Nil,2-way,Sealed,,0,0,,50,,Off,1,0,,76,Auckland,Nil,,,,,0,0,Urban,0,,,Fine,Null
1745027.5604,5919779.7708,895551,,513301,0,,0,2,,West,2024/2025,UNIVERSAL DRIVE,TUDOR ROAD,,Non-Injury Crash,No,2025,,East,,0,,Flat,,,,,,Bright sun,232001,0,0,0,2,,,0,,,,,,Auckland Region,Nil,2-way,Sealed,,0,0,,50,,Null,0,0,,76,Auckland,Nil,,,,,0,0,Urban,0,,,Fine,Null
1754950.3437,5925042.3958,895553,,509800,0,0,0,2,0,West,2025/2026,GLADSTONE ROAD,PARURU AVENUE,,Non-Injury Crash,No,2025,0,East,0,0,0,Flat,0,,0,,0,Dark,361500,0,0,0,2,0,0,0,0,1,,0,0,Auckland Region,Nil,2-way,Sealed,0,0,0,0,50,0,Off,0,0,,76,Auckland,Nil,0,0,0,0,0,0,Urban,0,0,0,Light rain,Null
1755564.4184,5985172.1392,895554,,506660,0,1,0,1,0,East,2023/2024,PAKIRI ROAD,PAKIRI RIVER ROAD,,Minor Crash,No,2023,0,West,0,0,0,Hill Road,0,,0,,0,Bright sun,137400,2,0,0,2,0,0,0,0,0,,0,0,Auckland Region,Bridge,2-way,Sealed,0,0,0,0,60,0,Off,0,0,,76,Auckland,Nil,0,0,0,0,0,0,Urban,0,0,0,Fine,Null
1765582.3325,5905598.5496,895560,,522400,0,,0,2,,South,2023/2024,FAIRVIEW ROAD,MAUNU ROAD,,Non-Injury Crash,No,2024,,South,,0,,Flat,,,,,,Twilight,672700,0,0,0,2,,,0,,,,,,Auckland Region,Nil,2-way,Sealed,,0,0,,50,,On,0,0,,76,Auckland,Nil,,,,,0,0,Urban,1,,,Fine,Null
1730332.8184,5940190.2521,895563,,506800,0,0,0,2,0,East,2025/2026,AWAROA ROAD,CABELEIGH DRIVE,,Minor Crash,No,2025,0,South,0,0,0,Flat,0,,0,,0,Bright sun,209901,1,0,0,2,0,0,0,0,1,,0,0,Auckland Region,Nil,2-way,Sealed,0,0,0,0,50,0,None,0,0,,76,Auckland,Nil,0,0,0,0,0,0,Urban,0,0,0,Fine,Null
1732099.3879,5945656.8963,895565,,506646,0,,0,1,,South,2025/2026,PINCHGUT ROAD,WEST ROAD,,Minor Crash,No,2025,,North,,0,,Hill Road,,,,,,Bright sun,212504,1,0,0,2,,,0,,,,,,Auckland Region,Nil,2-way,Unsealed,,0,0,,50,,Off,1,0,,76,Auckland,Nil,,,,,0,0,Urban,0,,,Fine,Null
1762264.5637,5913766.2851,895573,,520401,0,,0,2,,Null,2025/2026,GAVIN STREET,PENROSE ROAD,,Non-Injury Crash,No,2025,,South,,0,,Null,,,,,,Bright sun,644300,0,0,0,2,,,0,,,,,,Auckland Region,Nil,2-way,Sealed,,0,0,,50,,Null,0,0,,76,Auckland,Give way,,,,,0,0,Urban,0,,,Fine,Null
1769946.5538,5908224.8516,895578,,523115,0,,0,2,,North,2023/2024,CHAPEL ROAD,ACCENT DRIVE,,Minor Crash,No,2023,,South,,0,,Flat,,,,,,Bright sun,711911,1,0,0,2,,,0,,,,,,Auckland Region,Nil,2-way,Sealed,,0,0,,50,,Off,0,0,,76,Auckland,Nil,,,,,0,0,Urban,0,,,Fine,Null