X,Y,OBJECTID,advisorySpeed,areaUnitID,bicycle,bridge,bus,carStationWagon,cliffBank,crashDirectionDescription,crashFinancialYear,crashLocation1,crashLocation2,crashRoadSideRoad,crashSeverity,crashSHDescription,crashYear,debris,directionRoleDescription,ditch,fatalCount,fence,flatHill,guardRail,holiday,houseOrBuilding,intersection,kerb,light,meshblockId,minorInjuryCount,moped,motorcycle,NumberOfLanes,objectThrownOrDropped,otherObject,otherVehicleType,overBank,parkedVehicle,pedestrian,phoneBoxEtc,postOrPole,region,roadCharacter,roadLane,roadSurface,roadworks,schoolBus,seriousInjuryCount,slipOrFlood,speedLimit,strayAnimal,streetLight,suv,taxi,temporarySpeedLimit,tlaId,tlaName,trafficControl,trafficIsland,trafficSign,train,tree,truck,unknownVehicleType,urban,vanOrUtility,vehicle,waterRiver,weatherA,weatherB
1729778.0939,5962477.412,895579,,506613,0,0,0,1,1,South,2025/2026,KAIPARA COAST HIGHWAY,KAIPARA HILLS ROAD,,Non-Injury Crash,Yes,2025,0,North,0,0,0,Hill Road,0,,0,,0,Dark,146200,0,0,0,2,0,0,0,0,0,,0,0,Auckland Region,Nil,2-way,Sealed,0,0,0,0,100,0,None,0,0,,76,Auckland,Nil,0,0,0,0,0,0,Open,0,0,0,Fine,Null
1738509.0249,5929024.6821,895582,,505602,0,,0,2,,North,2023/2024,MAIN ROAD,HARIKOA STREET,,Serious Crash,Yes,2023,,East,,0,,Flat,,,,,,Bright sun,215000,1,0,0,2,,,0,,,,,,Auckland Region,Nil,2-way,Sealed,,0,1,,50,,Off,0,0,,76,Auckland,Nil,,,,,0,0,Urban,0,,,Fine,Null
1753226.2427,5914796.8556,895585,,518801,0,,0,1,,South,2025/2026,RICHARDSON ROAD,STODDARD ROAD,,Non-Injury Crash,No,2025,,East,,0,,Hill Road,,,,,,Bright sun,578400,0,0,0,2,,,0,,,,,,Auckland Region,Nil,2-way,Sealed,,0,0,,50,,Off,0,0,,76,Auckland,Nil,,,,,0,0,Urban,1,,,Fine,Null
1754074.0809,5914505.4718,895593,,518802,0,0,0,1,0,North,2025/2026,SANDRINGHAM ROAD EXTENSION,FARRELLY AVENUE,,Non-Injury Crash,No,2025,0,North,0,0,0,Flat,0,,1,,1,Overcast,578100,0,0,0,2,0,0,0,0,0,,0,0,Auckland Region,Nil,2-way,Sealed,0,0,0,0,50,0,Off,0,0,,76,Auckland,Nil,0,0,0,0,0,0,Urban,0,0,0,Fine,Null
1769539.1132,5906568.9673,895595,,523713,0,,0,2,,Null,2025/2026,CHAPEL ROAD,FLAT BUSH SCHOOL ROAD,,Non-Injury Crash,No,2025,,South,,0,,Flat,,,,,,Dark,713100,0,0,0,2,,,0,,,,,,Auckland Region,Nil,2-way,Sealed,,0,0,,60,,On,0,0,,76,Auckland,Traffic Signals,,,,,0,0,Urban,0,,,Fine,Null
1768638.0738,5901124.3441,895597,,524901,0,,0,0,,Null,2025/2026,HILL ROAD,GREAT SOUTH ROAD,,Non-Injury Crash,No,2025,,West,,0,,Null,,,,,,Bright sun,756600,0,0,0,3,,,0,,,,,,Auckland Region,Nil,2-way,Sealed,,0,0,,50,,Null,0,0,,76,Auckland,Traffic Signals,,,,,0,2,Urban,0,,,Null,Null
1765488.84,5905522.2275,895598,,522400,0,0,0,1,0,Null,2024/2025,FAIRVIEW ROAD,LANDSCAPE ROAD,,Minor Crash,No,2024,0,West,0,0,0,Flat,0,,0,,0,Twilight,672700,1,0,0,2,0,0,0,0,0,,0,0,Auckland Region,Nil,2-way,Sealed,0,0,0,0,50,0,Off,0,0,,76,Auckland,Give way,0,0,0,1,0,0,Urban,0,0,0,Light rain,Null
1747576.3864,5919523.9961,895605,,512300,0,,0,2,,South,2025/2026,NORTH-WESTERN MOTORWAY,TE ATATU ROAD ON RAMP,,Non-Injury Crash,Yes,2025,,South,,0,,Flat,,,,,,Bright sun,252000,0,0,0,4,,,0,,,,,,Auckland Region,Motorway ramp,1-way,Sealed,,0,0,,100,,Off,0,0,,76,Auckland,Nil,,,,,0,0,Open,0,,,Fine,Null
1767244.8615,5901607.4592,895606,,524720,0,0,0,1,0,Null,2023/2024,GLOUCESTER ROAD,OXFORD ROAD,,Non-Injury Crash,No,2023,0,West,0,0,0,Flat,0,,0,,0,Dark,777900,0,0,0,2,0,0,0,0,0,,0,1,Auckland Region,Nil,2-way,Sealed,0,0,0,0,50,0,On,0,0,,76,Auckland,Nil,0,0,0,0,0,0,Urban,0,0,0,Fine,Frost
1773438.0388,5891850.0289,895608,,521301,0,,0,2,,Null,2022/2023,GREAT SOUTH ROAD,WAIHOEHOE ROAD,,Non-Injury Crash,No,2023,,North,,0,,Flat,,,,,,Overcast,808701,0,0,0,2,,,0,,,,,,Auckland Region,Nil,2-way,Sealed,,0,0,,50,,None,0,0,,76,Auckland,Give way,,,,,0,0,Urban,0,,,Fine,Null
1769287.9937,5901958.0868,895613,,524901,0,0,0,2,0,East,2022/2023,GRANDE VUE ROAD,IORANGI PLACE,,Minor Crash,No,2023,0,East,0,0,0,Flat,0,,0,,0,Dark,756000,1,0,0,2,0,0,0,0,1,,0,0,Auckland Region,Nil,2-way,Sealed,0,0,0,0,50,0,On,0,0,,76,Auckland,Nil,0,0,0,0,0,0,Urban,0,0,0,Fine,Null
1769769.8374,5899828.1985,895614,,524902,0,0,0,0,0,South,2025/2026,FERGUSON STREET,GREENMEADOWS AVENUE,,Non-Injury Crash,No,2026,0,South,0,0,1,Flat,0,,0,,0,Dark,759400,0,0,0,2,0,0,0,0,0,,0,0,Auckland Region,Nil,2-way,Sealed,0,0,0,0,30,0,On,1,0,,76,Auckland,Nil,0,0,0,0,0,0,Urban,0,0,0,Fine,Null
1764829.4679,5903798.7898,895615,,524604,0,,0,0,,Null,2023/2024,CAVENDISH DRIVE,CAVENDISH DRIVE ON RAMP,,Non-Injury Crash,No,2023,,South,,0,,Flat,,,,,,Dark,781301,0,0,0,3,,,0,,,,,,Auckland Region,Nil,1-way,Sealed,,0,0,,60,,On,0,0,,76,Auckland,Traffic Signals,,,,,1,0,Urban,1,,,Light rain,Null
1768292.9632,5881372.9229,895616,,525910,0,0,0,1,0,Null,2024/2025,MONTGOMERY AVENUE,CHURCHILL STREET,,Minor Crash,No,2024,0,South,0,0,1,Flat,0,,0,,0,Dark,820100,1,0,0,2,0,0,0,0,0,,0,1,Auckland Region,Nil,2-way,Sealed,0,0,0,0,50,0,On,0,0,,76,Auckland,Nil,0,0,0,0,0,0,Urban,0,0,0,Fine,Null
1765377.5322,5915448.5937,895624,,520301,0,,0,2,,Null,2025/2026,JELLICOE ROAD,PILKINGTON ROAD,,Minor Crash,No,2025,,North,,0,,Flat,,,,,,Bright sun,627900,1,0,0,2,,,0,,,,,,Auckland Region,Nil,2-way,Sealed,,0,0,,50,,Null,0,0,,76,Auckland,Give way,,,,,0,0,Urban,0,,,Fine,Null
1770530.5715,5910639.6158,895626,,523109,0,,0,2,,North,2024/2025,CHAPEL ROAD,TOWN CENTRE DRIVE,,Non-Injury Crash,No,2025,,South,,0,,Flat,,,,,,Bright sun,712010,0,0,0,3,,,0,,,,,,Auckland Region,Nil,2-way,Sealed,,0,0,,50,,Null,0,0,,76,Auckland,Nil,,,,,0,0,Urban,0,,,Fine,Null
1755934.3303,5917005.7471,895628,,518201,0,,0,1,,North,2024/2025,DOMINION ROAD,KING EDWARD STREET,,Non-Injury Crash,No,2025,,South,,0,,Null,,,,,,Twilight,548200,0,0,0,2,,,0,,,,,,Auckland Region,Nil,2-way,Sealed,,0,0,,50,,Null,0,0,,76,Auckland,Isolated Pedestrian signal (non-intersection),,,,,0,0,Urban,0,,,Fine,Null
1761630.9487,5907400.7843,895632,,524520,0,0,0,0,0,Null,2025/2026,BUCKLAND ROAD,ASHLEY AVENUE,,Non-Injury Crash,No,2025,0,West,0,0,0,Null,0,,0,,0,Bright sun,734300,0,0,0,2,0,0,0,0,0,,0,0,Auckland Region,Nil,2-way,Sealed,0,0,0,0,50,0,Off,0,0,,76,Auckland,Traffic Signals,0,1,0,0,1,0,Urban,0,0,0,Fine,Null
1766073.5785,5907287.7036,895643,,522302,0,,2,0,,Null,2023/2024,HUIA ROAD,EAST TAMAKI ROAD,,Non-Injury Crash,No,2024,,North,,0,,Flat,,,,,,Bright sun,667700,0,0,0,3,,,0,,,,,,Auckland Region,Nil,2-way,Sealed,,0,0,,50,,Off,0,0,,76,Auckland,Traffic Signals,,,,,0,0,Urban,0,,,Fine,Null
1734308.3034,5945722.2869,895647,,506647,0,,0,1,,Null,2023/2024,KAIPARA COAST HIGHWAY,KAHIKATEA FLAT ROAD,,Minor Crash,Yes,2024,,South,,0,,Hill Road,,,,,,Twilight,211600,2,0,0,2,,,0,,,,,,Auckland Region,Nil,2-way,Sealed,,0,0,,80,,On,0,0,,76,Auckland,Give way,,,,,0,0,Open,1,,,Fine,Null
1745051.141,5917755.4982,895649,,510700,0,0,0,1,0,Null,2023/2024,GREAT NORTH ROAD,BUSCOMB AVENUE,,Non-Injury Crash,No,2023,0,East,0,0,0,Hill Road,0,,0,,0,Dark,239501,0,0,0,4,0,0,0,0,1,,0,0,Auckland Region,Nil,2-way,Sealed,0,0,0,0,50,0,On,0,0,,76,Auckland,Traffic Signals,0,2,0,0,0,0,Urban,1,0,0,Fine,Null
1760061.1596,5916010.1851,895652,,516002,0,,0,2,,West,2023/2024,SOUTHERN MOTORWAY,GREENLANE INT N,,Non-Injury Crash,Yes,2023,,East,,0,,Flat,,,,,,Bright sun,492100,0,0,0,3,,,0,,,,,,Auckland Region,Nil,1-way,Sealed,,0,0,,100,,Off,0,0,,76,Auckland,Nil,,,,,0,0,Open,0,,,Fine,Null
1754765.7859,5911735.3167,895654,,519002,0,0,0,0,0,South,2023/2024,DREW STREET,ALBRECHT AVENUE,,Non-Injury Crash,No,2023,0,North,0,0,0,Hill Road,0,,0,,0,Overcast,590300,0,0,0,2,0,0,0,0,0,,0,1,Auckland Region,Nil,2-way,Sealed,0,0,0,0,50,0,Off,0,0,,76,Auckland,Nil,0,0,0,0,1,0,Urban,0,0,0,Fine,Null
1771332.3388,5889992.1662,895656,,521203,0,,0,1,,East,2023/2024,KARAKA ROAD,OIRA ROAD,,Minor Crash,Yes,2024,,East,,0,,Flat,,,,,,Overcast,807400,1,0,0,3,,,0,,,,,,Auckland Region,Nil,2-way,Sealed,,0,0,,80,,Off,0,0,,76,Auckland,Nil,,,,,0,0,Open,2,,,Fine,Null
1760299.6982,5906858.5301,895662,,524111,0,,0,0,,Null,2023/2024,MANGERE TOWN SQUARE,MANGERE TOWN SQUARE,,Non-Injury Crash,No,2024,,East,,0,,Flat,,,,,,Bright sun,740500,0,0,0,2,,,0,,,,,,Auckland Region,Nil,2-way,Sealed,,0,0,,30,,Off,2,0,,76,Auckland,Stop,,,,,0,0,Urban,0,,,Fine,Null
1765835.5217,5905684.972,895666,,522400,0,0,0,2,0,South,2024/2025,CARRUTH ROAD,FAIRVIEW ROAD,,Non-Injury Crash,No,2024,0,North,0,0,0,Flat,0,,0,,0,Twilight,672600,0,0,0,2,0,0,0,0,2,,0,0,Auckland Region,Nil,2-way,Sealed,0,0,0,0,50,0,Off,0,0,,76,Auckland,Nil,0,0,0,0,0,0,Urban,1,0,0,Fine,Null
1755093.6065,5913468.0915,895668,,518803,0,,0,2,,East,2024/2025,SOUTH-WESTERN MOTORWAY,DOMINION OBR,,Non-Injury Crash,Yes,2024,,West,,0,,Flat,,,,,,Twilight,582700,0,0,0,3,,,0,,,,,,Auckland Region,Nil,1-way,Sealed,,0,0,,100,,On,0,0,,76,Auckland,Nil,,,,,0,0,Open,0,,,Fine,Null
1769362.0387,5899736.651,895675,,525002,0,,0,2,,East,2023/2024,MAHIA ROAD,NIELD ROAD,,Minor Crash,No,2023,,West,,0,,Flat,,,,,,Bright sun,754100,1,0,0,2,,,0,,,,,,Auckland Region,Nil,1-way,Sealed,,0,0,,50,,Off,0,0,,76,Auckland,Nil,,,,,1,0,Urban,0,,,Fine,Null
1760502.5287,5912336.6129,895680,,520000,0,,0,1,,East,2024/2025,CHURCH STREET,MALVERN ROAD,,Non-Injury Crash,No,2024,,West,,0,,Flat,,,,,,Bright sun,607500,0,0,0,2,,,0,,,,,,Auckland Region,Nil,2-way,Sealed,,0,0,,50,,Off,1,1,,76,Auckland,Nil,,,,,0,0,Urban,0,,,Fine,Null
1764167.5984,5913600.7647,895684,,520500,0,,0,2,,East,2024/2025,WAIPUNA ROAD,IRELAND ROAD,,Non-Injury Crash,No,2025,,West,,0,,Null,,,,,,Unknown,638700,0,0,0,2,,,0,,,,,,Auckland Region,Nil,1-way,Null,,0,0,,50,,Null,0,0,,76,Auckland,Nil,,,,,0,0,Urban,0,,,Null,Null
1753665.6429,5928060.0522,895688,,508310,0,0,0,1,0,South,2024/2025,BENTLEY AVENUE,GLENFIELD ROAD,,Non-Injury Crash,No,2025,0,South,0,0,0,Hill Road,0,,1,,0,Overcast,200000,0,0,0,2,0,0,0,0,0,,0,0,Auckland Region,Nil,2-way,Sealed,0,0,0,0,50,0,None,0,0,,76,Auckland,Nil,0,0,0,0,0,0,Urban,0,0,0,Fine,Null
1766542.2479,5913233.9937,895690,,522910,0,,0,1,,South,2024/2025,TI RAKAU DRIVE,PAKURANGA ROAD,,Non-Injury Crash,No,2024,,South,,0,,Null,,,,,,Twilight,684000,0,0,0,2,,,0,,,,,,Auckland Region,Nil,1-way,Sealed,,0,0,,50,,Null,1,0,,76,Auckland,Nil,,,,,0,0,Urban,0,,,Fine,Null
1774882.5729,5896169.1365,895694,,525610,0,0,0,1,0,West,2025/2026,CARISBROOK CRESCENT,LIME CRESCENT,,Non-Injury Crash,No,2025,0,West,0,0,0,Flat,0,,0,,0,Overcast,799111,0,0,0,2,0,0,0,0,0,,0,0,Auckland Region,Nil,2-way,Sealed,0,0,0,0,50,0,Off,0,0,,76,Auckland,Nil,0,0,0,1,0,0,Urban,0,0,0,Light rain,Null
1757078.6085,5920537.6566,895695,,514102,0,,0,1,,Null,2023/2024,VICTORIA STREET WEST,HOBSON STREET,,Minor Crash,No,2023,,West,,0,,Hill Road,,,,,,Dark,433403,2,0,0,4,,,0,,,1,,,Auckland Region,Nil,2-way,Sealed,,0,0,,30,,On,0,0,,76,Auckland,Traffic Signals,,,,,0,0,Urban,0,,,Light rain,Null
1758462.7782,5917632.47,895698,,516001,0,0,0,1,0,East,2025/2026,SOUTHERN MOTORWAY,NEWMARKET VDT,,Non-Injury Crash,Yes,2025,0,West,0,0,0,Flat,0,Labour Weekend,0,,0,Dark,490800,0,0,0,3,1,0,0,0,0,,0,0,Auckland Region,Motorway ramp,1-way,Sealed,0,0,0,0,80,0,On,0,0,70,76,Auckland,Nil,0,0,0,0,0,0,Open,1,0,0,Light rain,Null
1754116.9889,5918435.8585,895699,,515431,0,0,0,2,0,Null,2023/2024,GREAT NORTH ROAD,STADIUM ROAD,,Fatal Crash,No,2023,0,North,0,1,0,Flat,0,,0,,0,Overcast,406300,0,0,0,6,0,0,0,0,0,,0,0,Auckland Region,Nil,2-way,Sealed,0,0,1,0,50,0,Off,0,0,,76,Auckland,Traffic Signals,0,1,0,0,0,0,Urban,0,0,0,Fine,Null
1741632.2146,5990285.7507,895709,,506660,0,,0,1,,Null,2023/2024,MANGAWHAI ROAD,WAITEITEI ROAD,,Minor Crash,No,2024,,East,,0,,Hill Road,,,,,,Bright sun,135600,1,0,0,2,,,0,,,,,,Auckland Region,Nil,2-way,Sealed,,0,0,,100,,None,0,0,,76,Auckland,Stop,,,,,0,0,Open,1,,,Fine,Null
1765287.9439,5909392.2819,895710,,521803,0,,0,2,,North,2024/2025,SOUTHERN MOTORWAY,TAMAKI RIV BR,,Non-Injury Crash,Yes,2025,,South,,0,,Flat,,,,,,Overcast,788500,0,0,0,4,,,0,,,,,,Auckland Region,Nil,1-way,Sealed,,0,0,,100,,Off,0,0,,76,Auckland,Nil,,,,,0,0,Open,0,,,Heavy rain,Null
1751292.2807,5915041.5038,895711,,514401,0,,0,1,,Null,2023/2024,GEDDES TERRACE,ST JUDE STREET,,Minor Crash,No,2024,,West,,0,,Hill Road,,,,,,Bright sun,382700,1,0,0,2,,,0,,,1,,,Auckland Region,Nil,2-way,Sealed,,0,0,,50,,Off,0,0,,76,Auckland,Give way,,,,,0,0,Urban,0,,,Fine,Null
1755249.3653,5914561.5471,895713,,518500,0,,0,1,,Null,2024/2025,DOMINION ROAD,CAMBRAI AVENUE,,Minor Crash,No,2024,,North,,0,,Flat,,,,,,Dark,560400,1,0,0,2,,,0,,,1,,,Auckland Region,Nil,2-way,Sealed,,0,0,,50,,On,0,0,,76,Auckland,Stop,,,,,0,0,Urban,0,,,Heavy rain,Null
1760468.0054,5908927.7047,895715,,524404,0,,0,2,,Null,2023/2024,FAVONA ROAD,ROBERTSON ROAD,,Non-Injury Crash,No,2023,,West,,0,,Flat,,,,,,Overcast,729400,0,0,0,3,,,0,,,,,,Auckland Region,Nil,2-way,Sealed,,0,0,,60,,Off,0,0,,76,Auckland,Traffic Signals,,,,,0,0,Urban,0,,,Fine,Null
1770632.0705,5912852.708,895718,,523106,0,0,0,1,0,South,2025/2026,BOTANY ROAD,HEADCORN PLACE,,Non-Injury Crash,No,2025,0,South,0,0,0,Hill Road,0,,0,,0,Dark,711141,0,0,0,4,0,0,0,0,1,,0,0,Auckland Region,Nil,2-way,Sealed,0,0,0,0,50,0,On,0,0,,76,Auckland,Nil,0,0,0,0,0,0,Urban,1,0,0,Light rain,Null
1752320.686,5915955.7571,895722,,517902,0,,0,3,,South,2024/2025,NEW NORTH ROAD,RICHARDSON ROAD,,Non-Injury Crash,No,2025,,North,,0,,Flat,,,,,,Bright sun,520700,0,0,0,4,,,0,,,,,,Auckland Region,Nil,2-way,Sealed,,0,0,,50,,Off,0,0,30,76,Auckland,Nil,,,,,0,0,Urban,0,,,Fine,Null
1761135.063,5918321.0561,895723,,516201,0,,0,0,,Null,2022/2023,UPLAND ROAD,TONKS STREET,,Non-Injury Crash,No,2023,,North,,0,,Hill Road,,,,,,Bright sun,486000,0,0,0,2,,,0,,,,,,Auckland Region,Nil,2-way,Sealed,,0,0,,50,,Off,1,0,,76,Auckland,Nil,,,,,1,0,Urban,0,,,Fine,Null
1766083.1786,5901578.6544,895734,,524604,0,,0,2,,West,2025/2026,BROWNS ROAD,DAGENHAM STREET,,Minor Crash,No,2025,,East,,0,,Flat,,,,,,Overcast,781302,1,0,0,2,,,0,,,,,,Auckland Region,Nil,2-way,Sealed,,0,0,,50,,Off,0,0,,76,Auckland,Nil,,,,,1,0,Urban,1,,,Fine,Null
1756220.7018,5912281.7055,895736,,518702,0,,0,1,,South,2025/2026,HILLSBOROUGH ROAD,OLSEN AVENUE,,Minor Crash,No,2025,,South,,0,,Flat,,,,,,Overcast,571400,3,0,0,4,,,0,,,,,,Auckland Region,Nil,2-way,Sealed,,0,0,,50,,Off,0,0,,76,Auckland,Nil,,,,,1,0,Urban,0,,,Fine,Null
1771436.2541,5895386.1651,895746,,525540,0,,0,1,,North,2025/2026,SOUTHERN MOTORWAY,BEACH OBR,,Non-Injury Crash,Yes,2025,,South,,0,,Hill Road,,,,,,Bright sun,806402,0,0,0,2,,,0,,,,,,Auckland Region,Nil,1-way,Sealed,,0,0,,100,,On,0,0,,76,Auckland,Nil,,,,,0,0,Open,1,,,Fine,Null
1752377.757,5912814.8889,895750,,514700,0,,0,1,,South,2024/2025,MCFADZEAN DRIVE,TERRY STREET,,Non-Injury Crash,No,2025,,North,,0,,Null,,,,,,Unknown,370500,0,0,0,2,,,0,,,,,,Auckland Region,Nil,2-way,Sealed,,0,0,,50,,Null,0,0,,76,Auckland,Nil,,,,,0,1,Urban,0,,,Null,Null
1755712.8107,5916202.7764,895752,,518301,0,,0,0,,Null,2025/2026,DOMINION ROAD,DOMINION ROAD,,Minor Crash,No,2025,,South,,0,,Flat,,,,,,Overcast,555100,3,0,1,4,,,0,,,2,,,Auckland Region,Nil,2-way,Sealed,,0,0,,50,,Off,0,0,,76,Auckland,Traffic Signals,,,,,0,0,Urban,0,,,Fine,Null
1760661.4832,5915519.9729,895756,,520201,0,,0,2,,North,2025/2026,SOUTHERN MOTORWAY,WALPOLE OBR,,Non-Injury Crash,Yes,2026,,South,,0,,Flat,,,,,,Bright sun,613000,0,0,0,3,,,0,,,,,,Auckland Region,Nil,1-way,Sealed,,0,0,,100,,Off,0,0,,76,Auckland,Nil,,,,,0,0,Open,0,,,Fine,Null
1772213.6598,5895785.5273,895765,,525540,0,0,0,1,0,Null,2022/2023,RAY SMALL DRIVE,SOUTH STREET,,Non-Injury Crash,No,2023,0,North,0,0,0,Flat,0,,0,,0,Bright sun,805601,0,0,0,2,0,0,0,0,0,,0,1,Auckland Region,Nil,2-way,Sealed,0,0,0,0,50,0,Off,0,0,,76,Auckland,Give way,0,0,0,0,0,0,Urban,0,0,0,Fine,Null
1750133.6699,5916304.6277,895771,,514801,0,,0,2,,Null,2023/2024,ROSEBANK ROAD,AVONDALE ROAD,,Non-Injury Crash,No,2023,,South,,0,,Flat,,,,,,Bright sun,389601,0,0,0,2,,,0,,,,,,Auckland Region,Nil,2-way,Sealed,,0,0,,50,,Null,0,0,,76,Auckland,Traffic Signals,,,,,0,0,Urban,0,,,Fine,Null
1758238.8567,5913413.7474,895772,,519710,0,,0,1,,Null,2025/2026,CAMPBELL ROAD,MOUNT SMART ROAD,,Non-Injury Crash,No,2025,,West,,0,,Null,,,,,,Bright sun,595200,0,0,0,2,,,0,,,,,,Auckland Region,Nil,1-way,Sealed,,0,0,,50,,Null,1,0,,76,Auckland,Give way,,,,,0,0,Urban,0,,,Null,Null
1763977.8734,5906559.9354,895773,,524303,0,0,0,1,0,North,2023/2024,ASHLYNNE AVENUE,STATION ROAD,,Non-Injury Crash,No,2023,0,North,0,0,0,Flat,0,,0,,0,Overcast,657200,0,0,0,2,0,0,0,0,0,,0,0,Auckland Region,Nil,2-way,Sealed,0,0,0,0,50,0,Off,0,0,,76,Auckland,Nil,0,0,0,1,0,0,Urban,0,0,0,Fine,Null
1772887.636,5891697.1661,895774,,521301,0,0,0,0,0,South,2025/2026,GREAT SOUTH ROAD ON RAMP,SOUTHERN MOTORWAY,,Non-Injury Crash,Yes,2025,0,North,0,0,0,Hill Road,0,,0,,0,Bright sun,808702,0,0,0,3,0,0,0,0,0,,0,1,Auckland Region,Motorway ramp,1-way,Sealed,0,0,0,0,100,0,Off,0,0,80,76,Auckland,Nil,0,0,0,0,1,0,Open,0,0,0,Fine,Null
1760389.4585,5923054.6218,895775,,509400,0,0,0,1,0,Null,2023/2024,ALBERT ROAD,LAKE ROAD,,Non-Injury Crash,No,2023,0,East,0,0,0,Hill Road,0,,0,,0,Dark,332200,0,0,0,2,0,0,0,0,0,,0,0,Auckland Region,Nil,2-way,Sealed,0,0,0,0,50,0,On,0,0,,76,Auckland,Give way,1,0,0,0,0,0,Urban,0,0,0,Fine,Null
1756339.986,5919070.3555,895780,,515500,0,,0,2,,Null,2025/2026,NEWTON ROAD,NEWTON ROAD OFF RAMP,,Non-Injury Crash,No,2025,,South,,0,,Flat,,,,,,Overcast,417600,0,0,0,4,,,0,,,,,,Auckland Region,Nil,2-way,Sealed,,0,0,,50,,Off,0,0,,76,Auckland,Traffic Signals,,,,,0,0,Urban,0,,,Light rain,Null
1752643.4638,5926933.1887,895783,,508220,0,0,0,3,0,West,2023/2024,VALLEY VIEW ROAD,BRUNTON PLACE,,Non-Injury Crash,No,2024,0,West,0,0,0,Hill Road,0,,0,,0,Dark,188100,0,0,0,2,0,0,0,0,1,,0,0,Auckland Region,Nil,2-way,Sealed,0,0,0,0,50,0,None,0,0,,76,Auckland,Nil,0,0,0,0,0,0,Urban,0,0,0,Fine,Null
1767934.8343,5883421.9208,895789,45,521111,0,0,0,1,0,East,2024/2025,HEIGHTS ROAD,BEATTY ROAD,,Serious Crash,No,2025,0,South,0,0,1,Flat,0,,0,,0,Dark,813800,0,0,0,2,0,0,0,0,0,,0,2,Auckland Region,Nil,2-way,Sealed,0,0,1,0,80,0,None,0,0,,76,Auckland,Nil,0,0,0,0,0,0,Open,0,0,0,Fine,Null
1771479.9265,5914420.525,895790,35,521602,0,,0,1,,West,2025/2026,ELLIOT STREET,WELLINGTON STREET,,Minor Crash,No,2025,,West,,0,,Flat,,,,,,Bright sun,647200,1,0,0,2,,,0,,,1,,,Auckland Region,Nil,2-way,Sealed,,0,0,,50,,Off,0,0,,76,Auckland,Nil,,,,,0,0,Urban,0,,,Fine,Strong wind
1747643.3747,5926423.5553,895793,,513431,0,,0,1,,Null,2024/2025,MAPOU ROAD,SIDNEY WALLINGFORD WAY,,Minor Crash,No,2024,,West,,0,,Flat,,,,,,Bright sun,221907,2,0,0,2,,,0,,,,,,Auckland Region,Nil,2-way,Sealed,,0,0,,50,,Off,0,0,,76,Auckland,Give way,,,,,0,0,Urban,1,,,Fine,Null
1752557.859,5933594.0249,895796,,508701,0,,0,1,,Null,2025/2026,MERCARI WAY,DON MCKINNON DRIVE,,Non-Injury Crash,No,2025,,West,,0,,Hill Road,,,,,,Overcast,178900,0,0,0,2,,,0,,,,,,Auckland Region,Nil,1-way,Sealed,,0,0,,50,,Off,1,0,,76,Auckland,Give way,,,,,0,0,Urban,0,,,Light rain,Null
1754373.6672,5935996.9284,895808,,507000,0,,0,1,,Null,2025/2026,CARLISLE ROAD,EAST COAST ROAD,,Non-Injury Crash,No,2025,,East,,0,,Null,,,,,,Unknown,164203,0,0,0,4,,,0,,,,,,Auckland Region,Nil,2-way,Sealed,,0,0,,50,,Null,0,0,,76,Auckland,Give way,,,,,0,0,Urban,1,,,Fine,Null
1760455.0312,5908922.197,895812,,524403,0,,0,0,,Null,2025/2026,WALMSLEY ROAD,ROBERTSON ROAD,,Non-Injury Crash,No,2025,,East,,0,,Null,,,,,,Bright sun,729901,0,0,0,2,,,0,,,,,,Auckland Region,Nil,2-way,Sealed,,0,0,,50,,Null,2,0,,76,Auckland,Traffic Signals,,,,,0,0,Urban,0,,,Fine,Null
1747619.8143,5914903.6773,895817,,511700,0,,0,1,,North,2024/2025,SABULITE ROAD,CARTWRIGHT ROAD,,Non-Injury Crash,No,2024,,South,,0,,Null,,,,,,Unknown,272001,0,0,0,2,,,0,,,,,,Auckland Region,Nil,2-way,Null,,0,0,,50,,Null,0,0,,76,Auckland,Nil,,,,,0,0,Urban,1,,,Null,Null
1767439.8627,5881182.3541,895818,,525921,0,0,0,2,0,Null,2025/2026,PRINCES STREET WEST,WEST PALMS WAY,,Non-Injury Crash,No,2025,0,West,0,0,0,Flat,0,,0,,0,Dark,820600,0,0,0,2,0,0,0,0,1,,0,0,Auckland Region,Nil,2-way,Sealed,0,0,0,0,30,0,On,0,0,,76,Auckland,Nil,0,0,0,0,0,0,Urban,0,0,0,Fine,Null
1769896.4363,5899974.5405,895829,,523817,0,0,0,2,0,North,2023/2024,SOUTHERN MOTORWAY,PAPAKURA STM BR,,Non-Injury Crash,Yes,2023,0,South,0,0,0,Flat,1,,0,,0,Overcast,759739,0,0,0,3,0,0,0,0,0,,0,0,Auckland Region,Nil,1-way,Sealed,0,0,0,0,100,0,Off,0,0,,76,Auckland,Nil,0,0,0,0,0,0,Open,0,0,0,Fine,Strong wind
1756014.4177,5917485.343,895830,,518102,0,,0,1,,West,2025/2026,WALTERS ROAD,DOMINION ROAD,,Minor Crash,No,2025,,North,,0,,Flat,,,,,,Bright sun,545900,2,0,0,2,,,0,,,2,,,Auckland Region,Nil,2-way,Sealed,,0,0,,50,,Null,0,0,,76,Auckland,Nil,,,,,0,0,Urban,0,,,Fine,Null