X,Y,OBJECTID,advisorySpeed,areaUnitID,bicycle,bridge,bus,carStationWagon,cliffBank,crashDirectionDescription,crashFinancialYear,crashLocation1,crashLocation2,crashRoadSideRoad,crashSeverity,crashSHDescription,crashYear,debris,directionRoleDescription,ditch,fatalCount,fence,flatHill,guardRail,holiday,houseOrBuilding,intersection,kerb,light,meshblockId,minorInjuryCount,moped,motorcycle,NumberOfLanes,objectThrownOrDropped,otherObject,otherVehicleType,overBank,parkedVehicle,pedestrian,phoneBoxEtc,postOrPole,region,roadCharacter,roadLane,roadSurface,roadworks,schoolBus,seriousInjuryCount,slipOrFlood,speedLimit,strayAnimal,streetLight,suv,taxi,temporarySpeedLimit,tlaId,tlaName,trafficControl,trafficIsland,trafficSign,train,tree,truck,unknownVehicleType,urban,vanOrUtility,vehicle,waterRiver,weatherA,weatherB
1772961.1049,5891187.4324,895832,,521301,0,,0,2,,North,2025/2026,SOUTHERN MOTORWAY,GREAT SOUTH ROAD OFF RAMP,,Non-Injury Crash,Yes,2026,,North,,0,,Flat,,,,,,Overcast,809200,0,0,0,2,,,0,,,,,,Auckland Region,Bridge,1-way,Sealed,,0,0,,100,,Off,1,0,,76,Auckland,Nil,,,,,0,0,Open,0,,,Fine,Null
1768919.473,5900831.8144,895833,,525002,0,,0,1,,Null,2023/2024,GREAT SOUTH ROAD,WEYMOUTH ROAD,,Non-Injury Crash,No,2023,,South,,0,,Flat,,,,,,Overcast,752802,0,0,0,5,,,0,,,,,,Auckland Region,Nil,2-way,Sealed,,0,0,,50,,Off,0,0,,76,Auckland,Traffic Signals,,,,,0,0,Urban,1,,,Fine,Null
1766899.9005,5903819.119,895843,,524604,0,0,0,1,0,Null,2024/2025,LAMBIE DRIVE,LAMBIE DRIVE OFF RAMP,,Non-Injury Crash,No,2025,0,South,0,0,0,Flat,0,,0,,0,Overcast,780210,0,0,0,2,0,0,0,0,0,,0,1,Auckland Region,Nil,1-way,Sealed,0,0,0,0,50,0,None,0,0,,76,Auckland,Traffic Signals,0,0,0,0,1,0,Urban,0,0,0,Fine,Null
1753090.967,5912444.4102,895845,45,518902,0,0,0,4,0,South,2024/2025,HILLSBOROUGH ROAD,WHITE SWAN ROAD,,Non-Injury Crash,No,2024,0,South,0,0,0,Hill Road,0,Christmas New Year,0,,0,Dark,586700,0,0,0,2,0,0,0,0,2,,0,0,Auckland Region,Nil,2-way,Sealed,0,0,0,0,50,0,On,0,0,,76,Auckland,Nil,0,0,0,0,0,0,Urban,0,0,0,Fine,Null
1757732.9256,5919659.8029,895846,,514301,0,,0,2,,Null,2023/2024,WELLESLEY STREET ON RAMP,WELLESLEY STREET ON RAMP,,Non-Injury Crash,No,2023,,North,,0,,Hill Road,,,,,,Overcast,440400,0,0,0,1,,,0,,,,,,Auckland Region,Motorway ramp,1-way,Sealed,,0,0,,100,,Off,0,0,60,76,Auckland,Give way,,,,,0,0,Open,0,,,Light rain,Null
1769971.1178,5901964.8892,895852,,523814,0,,0,2,,East,2023/2024,HILL ROAD,NORM PELLOW DRIVE,,Non-Injury Crash,No,2024,,West,,0,,Flat,,,,,,Dark,759514,0,0,0,2,,,0,,,,,,Auckland Region,Nil,2-way,Sealed,,0,0,,50,,On,0,0,,76,Auckland,Nil,,,,,0,0,Urban,0,,,Light rain,Null
1761265.1108,5913149.1761,895854,,519500,0,,0,1,,Null,2023/2024,STATION ROAD,FAIRFAX AVENUE,,Serious Crash,No,2024,,East,,0,,Flat,,,,,,Overcast,621200,0,0,1,2,,,0,,,,,,Auckland Region,Nil,2-way,Sealed,,0,1,,50,,Off,0,0,,76,Auckland,Give way,,,,,0,0,Urban,0,,,Fine,Null
1759895.6963,5908774.3548,895855,,524403,0,,0,2,,Null,2024/2025,WALMSLEY ROAD OFF RAMP,WALMSLEY ROAD,,Non-Injury Crash,No,2025,,South,,0,,Null,,,,,,Overcast,729600,0,0,0,1,,,0,,,,,,Auckland Region,Nil,1-way,Sealed,,0,0,,50,,Null,0,0,,76,Auckland,Give way,,,,,0,0,Urban,0,,,Light rain,Null
1774716.3688,5896002.6535,895859,,525700,0,,0,2,,Null,2024/2025,DOMINION ROAD,SETTLEMENT ROAD,,Non-Injury Crash,No,2025,,North,,0,,Flat,,,,,,Bright sun,800308,0,0,0,2,,,0,,,,,,Auckland Region,Nil,2-way,Sealed,,0,0,,50,,Off,0,0,,76,Auckland,Give way,,,,,0,0,Urban,0,,,Fine,Null
1771664.5649,5907115.4132,895862,,523713,0,0,0,2,0,Null,2023/2024,ARGENTO AVENUE,RIENZO DRIVE,,Non-Injury Crash,No,2023,0,North,0,0,0,Flat,0,,0,,0,Dark,712500,0,0,0,2,0,0,0,0,1,,0,0,Auckland Region,Nil,2-way,Sealed,0,0,0,0,50,0,On,0,0,,76,Auckland,Give way,0,0,0,1,0,0,Urban,1,0,0,Light rain,Null
1757641.2387,5913584.9696,895875,,518600,0,,0,1,,Null,2024/2025,PAH ROAD,MOUNT ALBERT ROAD,,Non-Injury Crash,No,2025,,South,,0,,Flat,,,,,,Dark,565400,0,0,0,4,,,0,,,,,,Auckland Region,Nil,2-way,Sealed,,0,0,,50,,On,0,0,,76,Auckland,Traffic Signals,,,,,0,0,Urban,0,,,Fine,Null
1745391.5847,5913347.4481,895880,,512906,0,0,0,1,0,East,2023/2024,SUNVUE ROAD,BRUNNER ROAD,,Non-Injury Crash,No,2023,0,West,0,0,1,Hill Road,0,,0,,0,Twilight,278505,0,0,0,1,0,0,0,0,0,,0,0,Auckland Region,Nil,2-way,Sealed,0,0,0,0,50,0,Off,0,0,,76,Auckland,Nil,0,0,0,0,0,0,Urban,0,0,0,Fine,Null
1771904.6807,5895184.1935,895881,,525540,0,,0,2,,East,2024/2025,BEACH ROAD,ELLIOT STREET,,Non-Injury Crash,No,2025,,East,,0,,Flat,,,,,,Overcast,805901,0,0,0,2,,,0,,,,,,Auckland Region,Nil,2-way,Sealed,,0,0,,50,,Off,0,0,,76,Auckland,Nil,,,,,0,0,Urban,0,,,Fine,Null
1757081.9569,5919599.9206,895887,,514102,0,,0,1,,Null,2025/2026,QUEEN STREET,CITY ROAD,,Minor Crash,No,2025,,North,,0,,Hill Road,,,,,,Overcast,435900,1,0,0,4,,,0,,,1,,,Auckland Region,Nil,2-way,Sealed,,0,0,,30,,Off,0,1,,76,Auckland,Stop,,,,,0,0,Urban,0,,,Fine,Null
1764141.6802,5913604.5049,895888,,520500,0,,0,1,,Null,2023/2024,WAIPUNA ROAD,IRELAND ROAD,,Non-Injury Crash,No,2024,,West,,0,,Flat,,,,,,Bright sun,638700,0,0,0,2,,,0,,,,,,Auckland Region,Nil,1-way,Sealed,,0,0,,50,,Off,0,0,,76,Auckland,Traffic Signals,,,,,1,0,Urban,0,,,Fine,Null
1741980.2491,5904123.3175,895889,,513800,0,,0,2,,Null,2024/2025,HUIA ROAD,CORNWALLIS ROAD,,Non-Injury Crash,No,2025,,South,,0,,Flat,,,,,,Twilight,303101,0,0,0,2,,,0,,,,,,Auckland Region,Nil,2-way,Sealed,,0,0,,80,,Off,0,0,,76,Auckland,Give way,,,,,0,0,Open,0,,,Fine,Null
1753302.603,5933230.9892,895891,,508701,0,0,0,1,0,North,2024/2025,GREVILLE ROAD ON RAMP,GREVILLE OBR,,Non-Injury Crash,Yes,2025,0,North,0,0,0,Hill Road,1,,0,,0,Overcast,178900,0,0,0,1,0,0,0,0,0,,0,0,Auckland Region,Motorway ramp,1-way,Sealed,0,0,0,0,100,0,Off,0,0,,76,Auckland,Nil,0,0,0,0,0,0,Open,0,0,0,Fine,Null
1748576.3742,5960160.7742,895892,,506613,0,0,0,2,0,South,2024/2025,POHUEHUE ROAD,HIKAUAE CK BR,,Fatal Crash,No,2024,0,North,0,1,0,Flat,2,,0,,0,Twilight,146800,1,0,0,2,0,0,0,0,0,,0,0,Auckland Region,Nil,2-way,Sealed,0,0,0,0,80,0,None,0,0,,76,Auckland,Nil,0,0,0,0,0,0,Open,1,0,0,Fine,Null
1767496.7364,5904599.6222,895897,,524604,0,,0,2,,Null,2024/2025,LEYTON WAY,RONWOOD AVENUE,,Non-Injury Crash,No,2025,,North,,0,,Null,,,,,,Bright sun,780204,0,0,0,2,,,0,,,,,,Auckland Region,Nil,2-way,Sealed,,0,0,,50,,Null,0,0,,76,Auckland,Give way,,,,,0,0,Urban,0,,,Fine,Null
1766684.8635,5907104.1221,895898,,523601,0,,0,1,,South,2022/2023,SOUTHERN MOTORWAY,EAST TAMAKI ROAD ON RAMP,,Non-Injury Crash,Yes,2023,,South,,0,,Flat,,,,,,Twilight,709200,0,0,0,3,,,0,,,,,,Auckland Region,Nil,1-way,Sealed,,0,0,,100,,On,0,0,,76,Auckland,Nil,,,,,0,0,Open,1,,,Fine,Null
1771527.6275,5897921.4198,895901,,523912,0,,0,1,,Null,2025/2026,OFF ROAD CARPARK,,,Minor Crash,Unknown,2025,,East,,0,,Flat,,,,,,Bright sun,765700,1,0,0,,,,0,,,,,,Auckland Region,Nil,Null,Sealed,,0,0,,,,None,0,0,,76,Auckland,Nil,,,,,0,0,Urban,0,,,Fine,Null
1740665.3539,5927557.117,895904,,505604,0,,0,1,,Null,2023/2024,SH 16,OLD NORTH ROAD,,Non-Injury Crash,Yes,2024,,East,,0,,Flat,,,,,,Bright sun,214604,0,0,0,2,,,0,,,,,,Auckland Region,Nil,2-way,Sealed,,0,0,,80,,Off,1,0,,76,Auckland,Give way,,,,,0,0,Open,0,,,Fine,Null
1743130.1979,5919071.6633,895905,,513212,0,,0,1,,Null,2025/2026,SWANSON ROAD,MARINICH DRIVE,,Non-Injury Crash,No,2025,,West,,0,,Flat,,,,,,Bright sun,235721,0,0,0,2,,,0,,,,,,Auckland Region,Nil,2-way,Sealed,,0,0,,50,,Off,0,0,,76,Auckland,Give way,,,,,0,0,Urban,1,,,Fine,Null
1765484.9161,5916679.9379,895906,,517100,0,,0,1,,West,2023/2024,PT ENGLAND ROAD,FLANDERS STREET,,Minor Crash,No,2023,,West,,0,,Flat,,,,,,Bright sun,477000,1,0,0,2,,,0,,,1,,,Auckland Region,Nil,2-way,Sealed,,0,0,,50,,None,0,0,,76,Auckland,Nil,,,,,0,0,Urban,0,,,Fine,Null
1759696.357,5916219.4945,895908,,516002,0,,0,1,,North,2022/2023,SOUTHERN MOTORWAY,GREEN LANE EAST ON RAMP,,Non-Injury Crash,Yes,2023,,North,,0,,Flat,,,,,,Unknown,492000,0,0,0,4,,,0,,,,,,Auckland Region,Nil,1-way,Sealed,,0,0,,100,,None,1,0,,76,Auckland,Nil,,,,,0,0,Open,0,,,Null,None
1766047.0085,5915464.3415,895910,,520601,0,0,0,0,0,South,2022/2023,TRIPOLI ROAD,ORAN ROAD,,Non-Injury Crash,No,2023,0,South,0,0,0,Flat,0,,0,,0,Overcast,634200,0,0,0,2,0,0,0,0,1,,0,0,Auckland Region,Nil,2-way,Sealed,0,0,0,0,50,0,Off,2,0,,76,Auckland,Nil,0,0,0,0,0,0,Urban,0,0,0,Light rain,Null
1767895.7078,5911923.7288,895912,,522910,0,0,0,3,0,Null,2023/2024,GOSSAMER DRIVE,TI RAKAU DRIVE,,Non-Injury Crash,No,2024,0,South,0,0,0,Flat,0,,0,,0,Overcast,687700,0,0,0,2,0,0,0,0,0,,0,0,Auckland Region,Nil,2-way,Sealed,0,0,0,0,50,0,Off,1,0,,76,Auckland,Traffic Signals,0,0,0,0,0,0,Urban,0,1,0,Fine,Null
1749435.773,5945290.81,895913,,505806,0,0,0,1,1,North,2025/2026,MITA ROAD,SILVERWATER DRIVE,,Non-Injury Crash,No,2025,0,West,0,0,0,Hill Road,0,,1,,0,Twilight,176802,0,0,0,2,0,1,0,0,0,,0,0,Auckland Region,Nil,2-way,Sealed,0,0,0,0,30,0,Off,0,0,,76,Auckland,Nil,0,0,0,0,0,0,Urban,0,0,0,Fine,Null
1754093.23,5875516.9966,895919,,526104,0,0,0,1,0,South,2023/2024,VICTORIA AVENUE,STONEHURST AVENUE,,Non-Injury Crash,No,2024,0,South,0,0,1,Flat,0,,0,,0,Dark,835403,0,0,0,2,0,0,0,0,0,,0,0,Auckland Region,Nil,2-way,Sealed,0,0,0,0,50,0,On,0,0,,76,Auckland,Nil,0,0,0,0,0,0,Urban,0,0,0,Fine,Null
1744063.6281,5923295.4902,895922,,513511,0,0,0,4,0,Null,2025/2026,WESTGATE DRIVE,PARKWOOD AVENUE,,Minor Crash,No,2026,0,South,0,0,0,Flat,0,,0,,0,Overcast,224303,1,0,0,2,0,0,0,0,1,,0,0,Auckland Region,Nil,2-way,Sealed,0,0,0,0,50,0,Off,0,0,,76,Auckland,Nil,0,0,0,0,0,0,Urban,0,0,0,Fine,Null
1757082.2812,5920587.0724,895923,,514102,0,0,0,1,0,North,2023/2024,HOBSON STREET,VOGEL LANE,,Non-Injury Crash,No,2024,0,East,0,0,0,Flat,0,,0,,0,Dark,433302,0,0,0,4,0,0,0,0,1,,0,0,Auckland Region,Nil,1-way,Sealed,0,0,0,0,40,0,On,0,0,,76,Auckland,Nil,0,0,0,0,0,0,Urban,1,0,0,Fine,Null
1772700.8517,5895212.5928,895927,,525530,0,,0,1,,Null,2024/2025,GREAT SOUTH ROAD,BUTTERWORTH AVENUE,,Minor Crash,No,2024,,North,,0,,Flat,,,,,,Dark,804701,1,1,0,2,,,0,,,,,,Auckland Region,Nil,2-way,Sealed,,0,0,,50,,On,0,0,,76,Auckland,Stop,,,,,0,0,Urban,0,,,Fine,Null
1769179.8583,5904696.4275,895930,,523722,0,,0,1,,West,2025/2026,REDOUBT ROAD,BARTELLS DRIVE,,Non-Injury Crash,No,2025,,West,,0,,Flat,,,,,,Overcast,716019,0,0,0,2,,,0,,,,,,Auckland Region,Nil,2-way,Sealed,,0,0,,50,,Off,0,0,30,76,Auckland,Nil,,,,,0,0,Urban,1,,,Fine,Null
1772757.5892,5882470.4536,895938,,521122,0,0,0,0,0,North,2025/2026,RUNCIMAN ROAD,RUTHERFORD ROAD,,Non-Injury Crash,No,2025,0,North,0,0,1,Flat,0,,0,,0,Dark,827200,0,0,0,2,0,0,0,0,0,,0,1,Auckland Region,Nil,2-way,Sealed,0,0,0,0,60,0,None,0,0,,76,Auckland,Nil,0,0,0,0,0,0,Urban,1,0,0,Fine,Strong wind
1742487.9596,5912382.95,895941,,512902,0,0,0,1,0,North,2022/2023,WEST COAST ROAD,KAURI LOOP ROAD,,Non-Injury Crash,No,2023,0,South,1,0,0,Flat,0,,0,,0,Dark,279300,0,0,0,2,0,0,0,0,0,,0,0,Auckland Region,Nil,2-way,Sealed,0,0,0,0,80,0,On,0,0,,76,Auckland,Nil,0,0,0,0,0,0,Open,0,0,0,Heavy rain,Strong wind
1760259.3418,5908572.3947,895945,,524403,0,,0,1,,North,2023/2024,TILBERG STREET,HARRIET STREET,,Minor Crash,No,2023,,North,,0,,Flat,,,,,,Twilight,729902,1,0,0,2,,,0,,,1,,,Auckland Region,Nil,2-way,Sealed,,0,0,,50,,Off,0,0,,76,Auckland,Nil,,,,,0,0,Urban,0,,,Fine,Null
1763849.2782,5914708.889,895948,,520303,0,,0,1,,North,2025/2026,BARRACK ROAD,BANKS ROAD,,Non-Injury Crash,No,2025,,North,,0,,Flat,,,,,,Dark,626802,0,0,0,2,,,0,,,,,,Auckland Region,Nil,2-way,Sealed,,0,0,,50,,On,0,0,,76,Auckland,Nil,,,,,0,1,Urban,0,,,Fine,Null
1772173.6177,5894655.2762,895949,,525530,0,0,0,2,0,Null,2022/2023,JUPITER STREET,EDINBURGH AVENUE,,Non-Injury Crash,No,2023,0,East,0,0,0,Flat,0,,0,,0,Dark,804902,0,0,0,2,0,0,0,0,1,,0,0,Auckland Region,Nil,2-way,Sealed,0,0,0,0,50,0,On,0,0,,76,Auckland,Give way,0,0,0,0,0,0,Urban,0,0,0,Fine,Null
1768320.1226,5891726.7701,895952,65,521202,0,0,0,1,0,North,2025/2026,WALTERS ROAD,BLACKBRIDGE ROAD,,Non-Injury Crash,No,2026,0,North,1,0,1,Flat,0,,0,,0,Overcast,807000,0,0,0,2,0,0,0,0,0,,0,0,Auckland Region,Nil,2-way,Sealed,0,0,0,0,80,0,Off,0,0,,76,Auckland,Nil,0,0,0,0,0,0,Open,0,0,0,Light rain,Null
1756962.4333,5918792.8177,895961,,515600,0,,1,2,,Null,2023/2024,NEWTON ROAD,SYMONDS STREET,,Minor Crash,No,2023,,East,,0,,Flat,,,,,,Overcast,420600,2,0,0,4,,,0,,,,,,Auckland Region,Nil,2-way,Sealed,,0,0,,50,,Off,0,0,,76,Auckland,Traffic Signals,,,,,0,0,Urban,0,,,Fine,Null
1758127.1157,5917842.6092,895967,,515700,0,,0,1,,South,2025/2026,SOUTHERN MOTORWAY,GILLIES AVENUE OFF RAMP,,Serious Crash,Yes,2025,,South,,0,,Flat,,,,,,Bright sun,443200,0,0,0,4,,,0,,,,,,Auckland Region,Motorway ramp,1-way,Sealed,,0,1,,80,,Off,1,0,,76,Auckland,Nil,,,,,0,0,Open,0,,,Fine,Null
1757152.2296,5919184.3924,895973,,514301,0,,0,1,,North,2022/2023,SYMONDS STREET ON RAMP,SOUTHERN MOTORWAY,,Non-Injury Crash,No,2023,,South,,0,,Flat,,,,,,Overcast,441200,0,0,0,1,,,0,,,,,,Auckland Region,Nil,1-way,Sealed,,0,0,,50,,Off,0,0,,76,Auckland,Nil,,,,,0,0,Urban,2,,,Light rain,Strong wind
1731485.2951,5907992.5793,895977,,513800,0,,0,1,,North,2024/2025,PIHA ROAD,TE AHUAHU ROAD,,Minor Crash,No,2025,,East,,0,,Hill Road,,,,,,Dark,282016,1,0,0,2,,,0,,,,,,Auckland Region,Nil,2-way,Sealed,,0,0,,50,,Off,1,0,,76,Auckland,Nil,,,,,0,0,Urban,0,,,Fine,Null
1763419.5058,5914536.2256,895980,,520401,0,0,0,1,0,Null,2024/2025,BOAKES ROAD,HARWOOD ROAD,,Minor Crash,No,2025,0,North,0,0,0,Flat,0,,0,,0,Dark,643200,1,0,0,2,0,0,0,0,0,,0,0,Auckland Region,Nil,2-way,Sealed,0,0,0,0,50,0,On,0,0,,76,Auckland,Nil,0,0,0,1,0,0,Urban,0,0,0,Fine,Null
1754323.3812,5915911.5425,895981,35,517702,0,,0,2,,Null,2023/2024,FOWLDS AVENUE,KITCHENER ROAD,,Non-Injury Crash,No,2023,,South,,0,,Flat,,,,,,Dark,542000,0,0,0,2,,,0,,,,,,Auckland Region,Nil,2-way,Unsealed,,0,0,,50,,None,0,0,,76,Auckland,Give way,,,,,0,0,Urban,0,,,Heavy rain,None
1750500.0575,5929226.9273,895983,,509100,0,,0,2,,North,2023/2024,UPPER HARBOUR MOTORWAY,GREENHITHE OBR,,Minor Crash,Yes,2023,,South,,0,,Hill Road,,,,,,Overcast,181107,1,0,0,2,,,0,,,,,,Auckland Region,Nil,1-way,Sealed,,0,0,,100,,Off,1,0,,76,Auckland,Nil,,,,,0,0,Open,0,,,Fine,Null
1754587.2802,5933152.5958,895986,,508805,0,,0,0,,West,2023/2024,ROSEDALE ROAD,GRAHAM COLLINS DRIVE,,Serious Crash,No,2024,,East,,0,,Flat,,,,,,Bright sun,180867,0,0,0,2,,,0,,,1,,,Auckland Region,Nil,2-way,Sealed,,0,1,,50,,Off,0,0,,76,Auckland,Nil,,,,,0,1,Urban,0,,,Fine,Null
1764231.7666,5917500.2103,895988,,516301,0,,0,2,,North,2023/2024,ST JOHNS ROAD,COLLEGE ROAD,,Non-Injury Crash,No,2023,,South,,0,,Flat,,,,,,Overcast,462400,0,0,0,2,,,0,,,,,,Auckland Region,Nil,2-way,Unsealed,,0,0,,40,,Null,0,0,,76,Auckland,Nil,,,,,0,0,Urban,0,,,Null,None
1757209.3825,5912489.0564,895989,,518702,0,,0,0,,South,2023/2024,SOUTH-WESTERN MOTORWAY,HILLSBOROUGH ROAD ON RAMP,,Minor Crash,Yes,2024,,South,,0,,Hill Road,,,,,,Overcast,570300,1,0,1,3,,,0,,,,,,Auckland Region,Nil,1-way,Sealed,,0,0,,100,,Off,0,0,,76,Auckland,Nil,,,,,0,0,Open,0,,,Light rain,Null
1760044.4872,5915604.8205,895991,,519400,0,,0,2,,North,2023/2024,GREAT SOUTH ROAD,ATARANGI ROAD,,Non-Injury Crash,No,2024,,North,,0,,Flat,,,,,,Bright sun,617000,0,0,0,4,,,0,,,,,,Auckland Region,Nil,2-way,Sealed,,0,0,,50,,Off,0,0,,76,Auckland,Nil,,,,,0,0,Urban,0,,,Fine,None
1752553.7284,5927819.1809,895994,,508210,0,0,0,1,0,South,2025/2026,KAIPATIKI ROAD,STANLEY ROAD,,Serious Crash,No,2025,0,South,0,0,0,Flat,0,,0,,0,Dark,187405,0,0,0,2,0,0,0,1,0,,0,0,Auckland Region,Nil,2-way,Sealed,0,0,1,0,50,0,On,0,0,,76,Auckland,Nil,0,0,0,0,0,0,Urban,0,0,0,Fine,Null
1771888.1808,5905706.1982,896003,,523713,0,,0,2,,Null,2023/2024,MCQUOIDS ROAD,KILCADDEN DRIVE,,Non-Injury Crash,No,2023,,South,,0,,Flat,,,,,,Bright sun,713400,0,0,0,2,,,0,,,,,,Auckland Region,Nil,2-way,Sealed,,0,0,,50,,Off,0,0,,76,Auckland,Give way,,,,,0,0,Urban,0,,,Fine,None
1763959.449,5920377.2794,896006,,516500,0,,0,2,,West,2025/2026,TAMAKI DRIVE,KOHIMARAMA ROAD,,Minor Crash,No,2026,,West,,0,,Flat,,,,,,Overcast,501102,1,0,0,2,,,0,,,,,,Auckland Region,Nil,2-way,Sealed,,0,0,,50,,Off,0,0,,76,Auckland,Nil,,,,,0,0,Urban,0,,,Heavy rain,Null
1748091.6435,5926321.5909,896007,,513431,0,0,0,2,0,South,2023/2024,WESTLAND WASP ROAD,HIKI STREET,,Non-Injury Crash,No,2024,0,South,0,0,0,Flat,0,,1,,0,Bright sun,222800,0,0,0,2,0,0,0,0,1,,0,0,Auckland Region,Nil,2-way,Sealed,0,0,0,0,50,0,Off,0,0,,76,Auckland,Nil,0,0,0,0,0,0,Urban,0,0,0,Fine,Null
1765364.6413,5909199.3095,896008,,523402,0,,0,2,,North,2025/2026,SOUTHERN MOTORWAY,HIGHBROOK DRIVE OFF RAMP,,Non-Injury Crash,Yes,2025,,South,,0,,Flat,,,,,,Bright sun,696900,0,0,0,4,,,0,,,,,,Auckland Region,Nil,1-way,Sealed,,0,0,,100,,Off,0,0,,76,Auckland,Nil,,,,,0,0,Open,0,,,Fine,Null
1770564.9808,5899570.29,896010,,523911,0,,1,1,,Null,2025/2026,RAWSON WAY,SPARTAN ROAD,,Non-Injury Crash,No,2025,,South,,0,,Flat,,Labour Weekend,,,,Overcast,766600,0,0,0,2,,,0,,,,,,Auckland Region,Nil,2-way,Sealed,,0,0,,70,,Off,0,0,,76,Auckland,Nil,,,,,0,0,Urban,0,,,Fine,Null
1751741.4303,5939051.7189,896011,,506003,0,0,0,0,0,North,2023/2024,EAST COAST ROAD,REDVALE RISE,,Non-Injury Crash,No,2024,0,South,0,0,0,Hill Road,0,,0,,0,Bright sun,175818,0,0,0,2,0,0,0,0,0,,0,1,Auckland Region,Nil,2-way,Sealed,0,0,0,0,80,0,None,0,0,,76,Auckland,Nil,0,0,0,0,1,0,Open,0,0,0,Light rain,Null
1757788.4166,5914479.3153,896012,,518600,0,0,0,1,0,West,2024/2025,SELWYN ROAD,PAH ROAD,,Non-Injury Crash,No,2025,0,East,0,0,0,Null,0,,0,,0,Unknown,565800,0,0,0,0,0,0,0,0,1,,0,0,Auckland Region,Nil,Null,Null,0,0,0,0,,0,Null,0,0,,76,Auckland,Nil,0,0,0,0,0,0,Urban,1,0,0,Null,Null
1758340.5455,5918424.2963,896015,,517400,0,0,0,2,0,South,2025/2026,KINGDON STREET,SHORT STREET,,Non-Injury Crash,No,2025,0,South,0,0,0,Flat,0,,0,,0,Bright sun,450100,0,0,0,2,0,0,0,0,1,,0,0,Auckland Region,Nil,2-way,Sealed,0,0,0,0,50,0,Null,0,0,,76,Auckland,Nil,0,0,0,0,0,0,Urban,0,0,0,Fine,Null
1757781.1255,5918220.2673,896017,,515700,0,,0,2,,South,2023/2024,SOUTHERN MOTORWAY,MOUNTAIN OBR,,Non-Injury Crash,Yes,2024,,South,,0,,Hill Road,,,,,,Overcast,443200,0,0,0,5,,,0,,,,,,Auckland Region,Motorway ramp,1-way,Sealed,,0,0,,80,,Off,1,0,,76,Auckland,Nil,,,,,0,0,Open,0,,,Fine,Null
1762229.087,5906125.1162,896022,,524200,0,,0,0,,East,2025/2026,SOUTH-WESTERN MOTORWAY,MASSEY ROAD OFF RAMP,,Non-Injury Crash,Yes,2025,,East,,0,,Flat,,,,,,Bright sun,728900,0,0,0,2,,,0,,,,,,Auckland Region,Nil,1-way,Sealed,,0,0,,100,,Off,0,0,,76,Auckland,Nil,,,,,1,0,Open,2,,,Fine,Null
1762256.8359,5913548.3514,896023,,520402,0,,0,1,,South,2023/2024,SOUTHERN MOTORWAY,PENROSE OBR,,Non-Injury Crash,Yes,2024,,South,,0,,Flat,,,,,,Dark,642200,0,0,0,3,,,0,,,,,,Auckland Region,Nil,1-way,Sealed,,0,0,,100,,On,1,0,,76,Auckland,Nil,,,,,0,0,Open,1,,,Heavy rain,Null
1760386.5791,5916787.2863,896024,,516002,0,0,0,2,0,South,2025/2026,ST VINCENT AVENUE,REMUERA ROAD,,Non-Injury Crash,No,2025,0,South,0,0,0,Flat,0,,0,,0,Bright sun,493400,0,0,0,2,0,0,0,0,1,,0,0,Auckland Region,Nil,2-way,Sealed,0,0,0,0,50,0,Null,0,0,,76,Auckland,Nil,0,0,0,0,0,0,Urban,0,0,0,Fine,Null
1754684.8717,5920864.7682,896027,,515301,1,0,0,1,0,Null,2023/2024,JERVOIS ROAD,LAWRENCE STREET,,Minor Crash,No,2023,0,West,0,0,0,Flat,0,,0,,0,Twilight,427400,1,0,0,4,0,0,0,0,1,,0,0,Auckland Region,Nil,2-way,Sealed,0,0,0,0,50,0,Off,0,0,,76,Auckland,Give way,0,0,0,0,0,0,Urban,0,0,0,Fine,Null
1760827.4249,5907683.9542,896028,,524510,0,,0,2,,Null,2024/2025,ROBERTSON ROAD,MCKINSTRY AVENUE,,Non-Injury Crash,No,2025,,South,,0,,Null,,,,,,Bright sun,736900,0,0,0,2,,,0,,,,,,Auckland Region,Nil,2-way,Sealed,,0,0,,50,,Null,0,0,,76,Auckland,Stop,,,,,0,0,Urban,0,,,Fine,Null
1754496.9973,5930862.487,896030,,508420,0,,0,1,,North,2024/2025,NORTHERN MOTORWAY,UPPER HARBOUR HWY OFF RAMP,,Non-Injury Crash,Yes,2025,,North,,0,,Hill Road,,,,,,Overcast,182008,0,0,0,3,,,0,,,,,,Auckland Region,Nil,1-way,Sealed,,0,0,,100,,Off,1,0,,76,Auckland,Nil,,,,,0,0,Open,0,,,Fine,Null
1768178.8329,5911773.6544,896032,,522910,0,,0,3,,West,2025/2026,TI RAKAU DRIVE,TRUGOOD DRIVE,,Non-Injury Crash,No,2025,,West,,0,,Flat,,,,,,Overcast,687802,0,0,0,4,,,0,,,,,,Auckland Region,Bridge,2-way,Sealed,,0,0,,50,,Off,0,0,,76,Auckland,Nil,,,,,0,0,Urban,0,,,Fine,Null
1747452.8582,5913660.3828,896037,,511100,0,,0,2,,East,2023/2024,WEST COAST ROAD,BOWERS ROAD,,Non-Injury Crash,No,2023,,East,,0,,Hill Road,,,,,,Overcast,286701,0,0,0,4,,,0,,,,,,Auckland Region,Nil,2-way,Sealed,,0,0,,50,,Off,0,0,,76,Auckland,Nil,,,,,0,0,Urban,0,,,Light rain,Null