X,Y,OBJECTID,advisorySpeed,areaUnitID,bicycle,bridge,bus,carStationWagon,cliffBank,crashDirectionDescription,crashFinancialYear,crashLocation1,crashLocation2,crashRoadSideRoad,crashSeverity,crashSHDescription,crashYear,debris,directionRoleDescription,ditch,fatalCount,fence,flatHill,guardRail,holiday,houseOrBuilding,intersection,kerb,light,meshblockId,minorInjuryCount,moped,motorcycle,NumberOfLanes,objectThrownOrDropped,otherObject,otherVehicleType,overBank,parkedVehicle,pedestrian,phoneBoxEtc,postOrPole,region,roadCharacter,roadLane,roadSurface,roadworks,schoolBus,seriousInjuryCount,slipOrFlood,speedLimit,strayAnimal,streetLight,suv,taxi,temporarySpeedLimit,tlaId,tlaName,trafficControl,trafficIsland,trafficSign,train,tree,truck,unknownVehicleType,urban,vanOrUtility,vehicle,waterRiver,weatherA,weatherB
1745421.5166,5917280.2671,896040,,510800,0,,1,1,,North,2025/2026,GREAT NORTH ROAD,RATANUI STREET,,Non-Injury Crash,No,2026,,South,,0,,Flat,,,,,,Bright sun,241600,0,0,0,3,,,0,,,,,,Auckland Region,Nil,2-way,Sealed,,0,0,,50,,Null,0,0,,76,Auckland,Nil,,,,,0,0,Urban,0,,,Fine,Null
1755222.3257,5914466.8643,896041,,518500,1,,0,1,,Null,2023/2024,DOMINION ROAD,KEYSTONE AVENUE,,Non-Injury Crash,No,2023,,North,,0,,Hill Road,,,,,,Overcast,560800,0,0,0,2,,,0,,,,,,Auckland Region,Nil,2-way,Sealed,,0,0,,50,,Off,0,0,,76,Auckland,Give way,,,,,0,0,Urban,0,,,Fine,Null
1742868.0635,5924334.946,896043,,513410,0,0,0,2,0,Null,2022/2023,ROTU DRIVE,SPRING GARDEN AVENUE,,Non-Injury Crash,No,2023,0,South,0,0,0,Flat,0,,0,,0,Bright sun,224000,0,0,0,2,0,0,0,0,1,,0,0,Auckland Region,Nil,2-way,Sealed,0,0,0,0,50,0,None,0,0,,76,Auckland,Give way,0,0,0,0,0,0,Urban,0,0,0,Fine,Null
1747042.0492,5923075.5443,896053,,512202,0,0,1,1,0,West,2023/2024,REWAREWA ROAD,HIKURANGI STREET,,Non-Injury Crash,No,2024,0,East,0,0,0,Flat,0,,0,,0,Dark,244700,0,0,0,2,0,0,0,0,1,,0,0,Auckland Region,Nil,2-way,Sealed,0,0,0,0,50,0,On,0,0,,76,Auckland,Nil,0,0,0,0,0,0,Urban,0,0,0,Fine,Null
1740723.2228,5983573.4222,896057,,506660,0,,0,0,,Null,2024/2025,WAITEITEI ROAD,WHANGARIPO VALLEY ROAD,,Non-Injury Crash,No,2024,,South,,0,,Hill Road,,,,,,Dark,136301,0,0,0,2,,,0,,,,,,Auckland Region,Nil,2-way,Sealed,,0,0,,100,,Off,1,0,,76,Auckland,Give way,,,,,0,0,Open,1,,,Fine,Null
1763844.0312,5912830.5843,896061,,520500,0,,0,2,,Null,2022/2023,MOUNT WELLINGTON HIGHWAY,TE PUTU AVENUE,,Non-Injury Crash,No,2023,,South,,0,,Flat,,,,,,Overcast,637500,0,0,0,5,,,0,,,,,,Auckland Region,Nil,2-way,Sealed,,0,0,,50,,Off,0,0,,76,Auckland,Traffic Signals,,,,,0,0,Urban,0,,,Heavy rain,Strong wind
1763832.8529,5906579.0855,896062,,524303,0,,0,2,,Null,2025/2026,STATION ROAD,GRAY AVENUE,,Non-Injury Crash,No,2025,,East,,0,,Flat,,,,,,Bright sun,657100,0,0,0,1,,,0,,,,,,Auckland Region,Nil,2-way,Sealed,,0,0,,50,,None,0,0,,76,Auckland,Give way,,,,,0,0,Urban,0,,,Fine,Null
1759213.1224,5906586.9305,896070,,524200,0,,0,1,,Null,2025/2026,KIRKBRIDE ROAD,KIRKBRIDE ROAD ON RAMP,,Non-Injury Crash,No,2025,,South,,0,,Flat,,,,,,Bright sun,726400,0,0,0,4,,,0,,,,,,Auckland Region,Nil,2-way,Sealed,,0,0,,50,,Null,0,0,,76,Auckland,Traffic Signals,,,,,0,0,Urban,1,,,Fine,Null
1771865.5351,5898048.781,896073,,523912,0,,0,1,,Null,2024/2025,ARION ROAD,PHAR LAP CRESCENT,,Minor Crash,No,2024,,North,,0,,Flat,,,,,,Twilight,767400,1,0,1,2,,,0,,,,,,Auckland Region,Nil,2-way,Sealed,,0,0,,50,,None,0,0,,76,Auckland,Give way,,,,,0,0,Urban,0,,,Fine,Null
1766510.5553,5907276.3374,896077,,523601,0,0,0,1,0,South,2023/2024,SOUTHERN MOTORWAY,EAST TAMAKI ROAD ON RAMP,,Non-Injury Crash,Yes,2024,0,South,0,0,0,Flat,0,Christmas New Year,0,,0,Bright sun,709000,0,0,0,4,0,0,0,0,0,,0,0,Auckland Region,Motorway ramp,1-way,Sealed,0,0,0,0,100,0,Off,0,0,,76,Auckland,Nil,0,0,0,2,0,0,Open,0,0,0,Fine,Null
1769893.6189,5899704.3207,896080,,523911,0,0,0,1,0,North,2024/2025,SOUTHERN MOTORWAY,TAKANINI RAIL OBR,,Non-Injury Crash,Yes,2025,0,South,0,0,0,Flat,1,Easter,0,,0,Dark,766500,0,0,0,3,0,0,0,0,0,,0,0,Auckland Region,Nil,1-way,Sealed,0,0,0,0,100,0,On,0,0,,76,Auckland,Nil,0,0,0,0,0,0,Open,0,0,0,Fine,Null
1759516.9441,5910273.5916,896089,,524002,0,0,0,1,0,Null,2023/2024,MAHUNGA DRIVE OFF RAMP,MAHUNGA DRIVE,,Non-Injury Crash,No,2024,0,South,0,0,0,Hill Road,1,,0,,0,Overcast,722400,0,0,0,4,0,0,0,0,0,,0,0,Auckland Region,Motorway ramp,2-way,Sealed,0,0,0,0,50,0,Off,0,0,,76,Auckland,Traffic Signals,0,0,0,0,0,0,Urban,0,0,0,Fine,Null
1774138.578,5896578.93,896091,,525610,0,,0,1,,Null,2022/2023,KELVIN ROAD,WILLIS ROAD,,Minor Crash,No,2023,,South,,0,,Flat,,,,,,Bright sun,797500,1,0,0,2,,,0,,,1,,,Auckland Region,Nil,2-way,Sealed,,0,0,,50,,Off,0,0,40,76,Auckland,Stop,,,,,0,0,Urban,0,,,Fine,Null
1747309.6893,5971736.5743,896092,,506661,0,,0,0,,Null,2025/2026,NORTHERN MOTORWAY,SH 1,,Non-Injury Crash,Yes,2025,,South,,0,,Flat,,,,,,Dark,139106,0,0,1,4,,,0,,,,,,Auckland Region,Nil,2-way,Sealed,,0,0,,60,,On,0,0,,76,Auckland,Give way,,,,,0,0,Urban,1,,,Fine,Null
1743259.4745,5924889.0727,896099,,513410,0,0,0,2,0,Null,2023/2024,OFF ROAD COSTCO PETROL STATION,,,Minor Crash,No,2023,0,North,0,0,0,Flat,0,,0,,0,Bright sun,224000,1,0,0,0,0,0,0,0,2,,0,0,Auckland Region,Nil,Off road,Sealed,0,0,0,0,10,0,Off,1,0,,76,Auckland,Nil,0,0,0,0,0,0,Urban,0,0,0,Fine,Null
1756924.3506,5919445.0344,896100,,514200,0,0,0,1,0,East,2024/2025,KARANGAHAPE ROAD,MERCURY LANE,,Non-Injury Crash,No,2025,0,East,0,0,0,Flat,0,,0,,0,Overcast,412200,0,0,1,4,0,0,0,0,1,,0,0,Auckland Region,Nil,2-way,Sealed,0,0,0,0,30,0,Off,0,0,,76,Auckland,Nil,0,0,0,0,0,0,Urban,0,0,0,Fine,Null
1752573.0566,5934772.5048,896103,,508701,0,,0,1,,Null,2023/2024,OTEHA VALLEY ROAD,MUNROE LANE,,Minor Crash,No,2023,,East,,0,,Flat,,,,,,Dark,178501,1,0,0,2,,,0,,,,,,Auckland Region,Nil,1-way,Sealed,,0,0,,50,,On,0,0,,76,Auckland,Give way,,,,,0,0,Urban,1,,,Fine,Null
1766026.4815,5906328.2558,896104,,522302,1,,0,1,,North,2025/2026,GREAT SOUTH ROAD,CENTRAL AVENUE,,Non-Injury Crash,No,2025,,South,,0,,Flat,,,,,,Dark,668700,0,0,0,2,,,0,,,,,,Auckland Region,Nil,2-way,Sealed,,0,0,,50,,On,0,0,,76,Auckland,Nil,,,,,0,0,Urban,0,,,Fine,Null
1768131.7809,5902674.8865,896116,,524602,0,,0,2,,Null,2024/2025,GREAT SOUTH ROAD,SUPERCLINIC ROAD,,Non-Injury Crash,No,2025,,North,,0,,Flat,,,,,,Overcast,780510,0,0,0,4,,,0,,,,,,Auckland Region,Nil,2-way,Sealed,,0,0,,50,,Off,0,0,,76,Auckland,Give way,,,,,0,0,Urban,0,,,Light rain,Null
1757171.6423,5919860.9731,896122,,514102,0,,0,1,,Null,2025/2026,MAYORAL DRIVE,QUEEN STREET,,Minor Crash,No,2025,,East,,0,,Hill Road,,,,,,Overcast,435201,1,0,0,4,,,0,,,1,,,Auckland Region,Nil,2-way,Sealed,,0,0,,30,,Off,0,0,,76,Auckland,Traffic Signals,,,,,0,0,Urban,0,,,Fine,Null
1769948.6865,5909858.1873,896125,,523109,0,,0,1,,Null,2023/2024,TE IRIRANGI DRIVE,SMALES ROAD,,Non-Injury Crash,No,2023,,South,,0,,Flat,,,,,,Overcast,711737,0,0,0,4,,,0,,,,,,Auckland Region,Nil,1-way,Sealed,,0,0,,80,,Off,0,0,,76,Auckland,Traffic Signals,,,,,0,0,Open,1,,,Light rain,Null
1759384.7861,5925742.4226,896128,,508110,0,,0,2,,South,2025/2026,LAKE ROAD,ST LEONARDS ROAD,,Non-Injury Crash,No,2025,,North,,0,,Hill Road,,,,,,Bright sun,319700,0,0,0,2,,,0,,,,,,Auckland Region,Nil,2-way,Sealed,,0,0,,50,,Off,0,0,,76,Auckland,Nil,,,,,0,0,Urban,0,,,Fine,Null
1743673.3987,5919386.8661,896130,,513212,0,,0,2,,Null,2025/2026,DON BUCK ROAD,UNIVERSAL DRIVE,,Non-Injury Crash,No,2025,,South,,0,,Null,,,,,,Bright sun,235600,0,0,0,2,,,0,,,,,,Auckland Region,Nil,1-way,Sealed,,0,0,,50,,Null,0,0,,76,Auckland,Give way,,,,,0,0,Urban,0,,,Fine,Null
1763948.2334,5912506.6267,896132,,520500,0,,0,2,,South,2025/2026,SOUTHERN MOTORWAY,MT WGTN OBR,,Non-Injury Crash,Yes,2025,,North,,0,,Flat,,,,,,Overcast,639500,0,0,0,2,,,0,,,,,,Auckland Region,Bridge,1-way,Sealed,,0,0,,100,,On,0,0,,76,Auckland,Nil,,,,,0,0,Open,0,,,Fine,Null
1764620.3239,5903847.5746,896133,,524604,0,0,0,1,0,East,2023/2024,SOUTH-WESTERN MOTORWAY,PUHINUI ROAD-SH 20B ON RAMP,,Non-Injury Crash,Yes,2023,0,South,0,0,0,Hill Road,1,Christmas New Year,0,,0,Dark,781100,0,0,0,2,0,0,0,0,0,,0,0,Auckland Region,Nil,1-way,Sealed,0,0,0,0,100,0,On,0,0,,76,Auckland,Nil,0,0,0,0,0,0,Open,0,0,0,Heavy rain,Null
1770613.1048,5913903.081,896134,,523101,0,,0,1,,Null,2024/2025,LEXINGTON DRIVE,GOSFORD DRIVE,,Non-Injury Crash,No,2025,,West,,0,,Hill Road,,,,,,Dark,710522,0,0,0,2,,,0,,,,,,Auckland Region,Nil,2-way,Sealed,,0,0,,50,,On,0,0,,76,Auckland,Stop,,,,,0,0,Urban,1,,,Light rain,Null
1752432.776,5917570.4829,896140,,515003,0,0,0,1,0,South,2023/2024,CARRINGTON ROAD,SEGAR AVENUE,,Non-Injury Crash,No,2023,0,South,0,0,0,Flat,0,,0,,0,Bright sun,391602,0,0,0,2,0,0,0,0,0,,0,1,Auckland Region,Nil,2-way,Sealed,0,0,0,0,50,0,Off,0,0,30,76,Auckland,Nil,0,0,0,0,0,0,Urban,0,0,0,Fine,Null
1770265.9385,5914655.4158,896144,,521601,0,,0,3,,Null,2023/2024,PAKURANGA ROAD,ANGELO AVENUE,,Minor Crash,No,2024,,West,,0,,Hill Road,,,,,,Overcast,645200,1,0,0,5,,,0,,,,,,Auckland Region,Nil,2-way,Sealed,,0,0,,50,,Off,0,0,,76,Auckland,Give way,,,,,0,0,Urban,0,,,Fine,Null
1761960.5808,5906990.7603,896149,,524520,0,,0,2,,West,2025/2026,JAMES STREET,DANIEL AVENUE,,Non-Injury Crash,No,2025,,West,,0,,Flat,,,,,,Bright sun,735200,0,0,0,2,,,0,,,,,,Auckland Region,Nil,2-way,Sealed,,0,0,,50,,Off,0,0,,76,Auckland,Nil,,,,,0,0,Urban,0,,,Fine,Null
1752594.4584,5915033.869,896151,,517902,0,0,0,1,0,West,2025/2026,HENDON AVENUE,HARGEST TERRACE,,Non-Injury Crash,No,2026,0,East,0,0,0,Flat,0,,0,,0,Dark,518800,0,0,0,2,0,0,0,0,1,,0,0,Auckland Region,Nil,2-way,Sealed,0,0,0,0,50,0,On,0,0,,76,Auckland,Nil,0,0,0,0,0,0,Urban,1,0,0,Fine,Null
1759412.53,5906844.9619,896167,,524111,0,,0,3,,West,2025/2026,GEORGE BOLT MEMORIAL DRIVE,BADER OBR,,Non-Injury Crash,Yes,2025,,South,,0,,Flat,,,,,,Twilight,740100,0,0,0,2,,,0,,,,,,Auckland Region,Nil,1-way,Sealed,,0,0,,100,,On,0,0,,76,Auckland,Nil,,,,,0,0,Open,0,,,Fine,Frost
1746680.3531,5916973.256,896169,,510700,0,0,0,2,0,South,2025/2026,TE ATATU ROAD,TAITUA DRIVE,,Non-Injury Crash,No,2025,0,North,0,0,0,Flat,0,,0,,0,Overcast,241100,0,0,0,2,0,0,0,0,1,,0,0,Auckland Region,Nil,2-way,Sealed,0,0,0,0,50,0,None,0,0,,76,Auckland,Nil,0,0,0,0,0,0,Urban,0,0,0,Fine,Null
1755852.9632,5935771.3307,896172,,507101,0,0,0,2,0,North,2023/2024,BEACH ROAD,CARLISLE ROAD,,Serious Crash,No,2024,0,North,0,0,0,Flat,0,,0,,0,Bright sun,162100,0,0,0,2,0,0,0,0,1,,0,0,Auckland Region,Nil,2-way,Sealed,0,0,1,0,50,0,Off,1,0,,76,Auckland,Nil,0,0,0,0,0,0,Urban,0,0,0,Fine,Null
1771342.2095,5895606.5259,896178,,521201,0,,0,2,,South,2023/2024,PAPAKURA ON RAMP,SOUTHERN MOTORWAY,,Minor Crash,No,2023,,North,,0,,Flat,,,,,,Bright sun,806604,1,0,0,1,,,0,,,,,,Auckland Region,Motorway ramp,1-way,Sealed,,0,0,,100,,Off,0,0,,76,Auckland,Nil,,,,,0,0,Open,1,,,Fine,Null
1763583.6935,5917049.3931,896179,,516302,0,0,0,0,0,North,2025/2026,PANAPA DRIVE,HOANI GLADE,,Non-Injury Crash,No,2025,0,North,0,0,0,Flat,0,,0,,0,Dark,463707,0,0,0,2,0,0,0,0,0,,0,0,Auckland Region,Nil,2-way,Sealed,0,0,0,0,50,0,On,0,0,,76,Auckland,Nil,0,0,0,1,0,0,Urban,1,0,0,Fine,Null
1757413.9758,5912301.5759,896180,,519810,0,,0,1,,Null,2022/2023,QUEENSTOWN ROAD,QUEENSTOWN ROAD OFF RAMP,,Non-Injury Crash,No,2023,,South,,0,,Hill Road,,,,,,Overcast,597100,0,0,0,1,,,0,,,,,,Auckland Region,Motorway ramp,1-way,Sealed,,0,0,,50,,Off,1,1,,76,Auckland,Give way,,,,,0,0,Urban,0,,,Fine,Null
1764436.999,5904964.5758,896183,,522100,0,,0,1,,South,2024/2025,WYLLIE ROAD,PAH ROAD,,Minor Crash,No,2025,,South,,0,,Flat,,,,,,Bright sun,659200,1,0,0,2,,,0,,,1,,,Auckland Region,Nil,2-way,Sealed,,0,0,,50,,Null,0,0,,76,Auckland,Nil,,,,,0,0,Urban,0,,,Fine,Null
1769117.9444,5902501.6577,896184,,524901,0,,1,2,,North,2023/2024,SOUTHERN MOTORWAY,HILL ROAD ON RAMP,,Non-Injury Crash,Yes,2023,,North,,0,,Flat,,,,,,Dark,755000,0,0,0,3,,,0,,,,,,Auckland Region,Nil,1-way,Sealed,,0,0,,100,,On,0,0,,76,Auckland,Nil,,,,,0,0,Open,0,,,Fine,Null
1765320.1022,5902204.3467,896188,,524604,0,0,0,1,0,South,2022/2023,ROSCOMMON ROAD,HAUTU DRIVE,,Non-Injury Crash,No,2023,0,North,0,0,1,Flat,0,,0,,0,Overcast,781200,0,0,0,4,0,0,0,0,0,,0,0,Auckland Region,Nil,2-way,Sealed,0,0,0,0,60,0,Off,0,0,,76,Auckland,Nil,1,0,0,0,0,0,Urban,0,0,0,Light rain,Null
1746614.699,5970825.4652,896193,,506661,0,0,0,0,0,South,2025/2026,NORTHERN MOTORWAY,SH 1,,Non-Injury Crash,Yes,2025,0,North,0,0,0,Flat,1,,0,,0,Overcast,139107,0,0,0,2,0,0,0,0,0,,0,0,Auckland Region,Nil,1-way,Sealed,0,0,0,0,100,0,Off,0,0,,76,Auckland,Nil,0,0,0,0,0,0,Open,1,0,0,Fine,Null
1751972.7943,5948562.1829,896200,,505805,0,,0,2,,Null,2023/2024,HIBISCUS COAST HIGHWAY,CENTREWAY ROAD,,Non-Injury Crash,No,2023,,South,,0,,Flat,,,,,,Overcast,172401,0,0,0,4,,,0,,,,,,Auckland Region,Nil,2-way,Sealed,,0,0,,50,,Off,0,0,,76,Auckland,Traffic Signals,,,,,0,0,Urban,0,,,Fine,Null
1757070.5199,5920540.4809,896205,,514102,0,,0,1,,Null,2025/2026,VICTORIA STREET WEST,HOBSON STREET,,Serious Crash,No,2025,,West,,0,,Hill Road,,,,,,Dark,433403,0,0,0,4,,,0,,,,,,Auckland Region,Nil,2-way,Sealed,,0,1,,30,,On,1,1,,76,Auckland,Traffic Signals,,,,,0,0,Urban,0,,,Fine,Null
1751563.342,5935730.7277,896211,,506300,0,,0,1,,Null,2025/2026,LONELY TRACK ROAD,GILLS ROAD,,Minor Crash,No,2025,,West,,0,,Flat,,,,,,Twilight,176101,1,0,1,2,,,0,,,,,,Auckland Region,Nil,2-way,Sealed,,0,0,,60,,Off,0,0,,76,Auckland,Give way,,,,,0,0,Urban,0,,,Fine,Null
1751258.8228,5939324.9704,896213,,506003,0,,0,0,,North,2024/2025,NORTHERN MOTORWAY,AWANOHI OBR,,Non-Injury Crash,Yes,2025,,East,,0,,Flat,,,,,,Twilight,175818,0,0,0,2,,,0,,,,,,Auckland Region,Nil,1-way,Sealed,,0,0,,100,,On,1,0,,76,Auckland,Nil,,,,,0,0,Open,1,,,Fine,Null
1768803.7462,5914114.9085,896216,,522723,0,,0,2,,Null,2023/2024,PAKURANGA ROAD,CASCADES ROAD,,Non-Injury Crash,No,2023,,South,,0,,Flat,,,,,,Bright sun,681400,0,0,0,1,,,0,,,,,,Auckland Region,Nil,1-way,Sealed,,0,0,,60,,Off,0,0,,76,Auckland,Give way,,,,,0,0,Urban,0,,,Fine,None
1768811.649,5902768.3691,896219,,524602,0,0,0,1,0,North,2025/2026,SOUTHERN MOTORWAY,ORAMS OBR,,Non-Injury Crash,Yes,2026,0,North,0,0,0,Flat,1,,0,,0,Dark,780504,0,0,0,4,0,0,0,0,0,,0,0,Auckland Region,Nil,1-way,Sealed,0,0,0,0,100,0,On,0,0,,76,Auckland,Nil,0,0,0,0,0,0,Open,0,0,0,Heavy rain,Strong wind
1762471.9999,5912731.9961,896220,,519500,0,,0,1,,Null,2023/2024,SOUTH-EASTERN HIGHWAY,GREAT SOUTH ROAD,,Non-Injury Crash,No,2023,,West,,0,,Flat,,,,,,Unknown,622200,0,0,0,2,,,0,,,,,,Auckland Region,Nil,1-way,Sealed,,0,0,,50,,Null,1,0,,76,Auckland,Give way,,,,,0,0,Urban,0,,,Light rain,None
1758523.3855,5918412.9248,896223,,517400,0,0,0,1,0,North,2025/2026,BROADWAY,KHYBER PASS ROAD,,Non-Injury Crash,No,2025,0,North,0,0,0,Flat,0,,0,,0,Dark,451000,0,0,0,2,0,0,0,0,0,,0,0,Auckland Region,Nil,2-way,Sealed,0,0,0,0,50,0,On,0,0,,76,Auckland,Nil,1,0,0,0,0,0,Urban,0,0,0,Light rain,Null
1745288.0983,5919592.8599,896228,,513301,0,,0,2,,South,2023/2024,LINCOLN ROAD,LINCOLN ROAD,,Non-Injury Crash,No,2024,,North,,0,,Flat,,,,,,Bright sun,232001,0,0,0,6,,,0,,,,,,Auckland Region,Nil,2-way,Sealed,,0,0,,50,,Off,0,0,,76,Auckland,Traffic Signals,,,,,0,0,Urban,1,,,Fine,Null
1749930.0645,5969457.1404,896230,,505500,0,0,0,1,1,East,2022/2023,PULHAM ROAD,ALNWICK STREET,,Minor Crash,No,2023,0,East,0,0,0,Hill Road,0,,0,,0,Dark,141303,1,0,0,2,0,0,0,0,0,,0,0,Auckland Region,Nil,2-way,Sealed,0,0,0,0,50,0,On,0,0,,76,Auckland,Nil,0,0,0,0,0,0,Urban,0,0,0,Fine,Null
1772808.7313,5892481.896,896231,,521301,0,,0,1,,South,2024/2025,SOUTHERN MOTORWAY,SLIPPERY CK BR,,Non-Injury Crash,Yes,2025,,North,,0,,Flat,,,,,,Bright sun,808702,0,0,0,2,,,0,,,,,,Auckland Region,Nil,1-way,Sealed,,0,0,,100,,Off,0,0,,76,Auckland,Nil,,,,,0,1,Open,1,,,Fine,Null
1775930.1058,5881922.7587,896235,,521160,0,,0,0,,Null,2025/2026,BOMBAY OFF RAMP,MILL ROAD,,Minor Crash,No,2025,,North,,0,,Hill Road,,,,,,Overcast,827700,1,0,1,1,,,0,,,,,,Auckland Region,Motorway ramp,1-way,Sealed,,0,0,,100,,Off,0,0,,76,Auckland,Stop,,,,,0,0,Open,1,,,Fine,Null
1749550.2975,5911513.2898,896236,,512100,0,,0,2,,West,2024/2025,GODLEY ROAD,TAUPO STREET,,Minor Crash,No,2024,,East,,0,,Flat,,,,,,Twilight,290100,1,0,0,2,,,0,,,,,,Auckland Region,Nil,2-way,Sealed,,0,0,,50,,On,0,0,,76,Auckland,Nil,,,,,0,0,Urban,0,,,Fine,Null
1765134.9053,5887028.054,896237,,521122,0,0,0,1,0,West,2025/2026,GLENBROOK ROAD,OSTRICH ROAD,,Non-Injury Crash,No,2025,0,East,1,0,0,Flat,0,,0,,0,Dark,809900,0,0,0,2,0,0,0,0,0,,0,0,Auckland Region,Bridge,2-way,Sealed,0,0,0,0,80,0,None,0,0,,76,Auckland,Nil,0,0,0,0,0,0,Open,0,0,0,Mist or Fog,Frost
1769906.4522,5899371.8863,896242,,523911,0,0,0,0,0,Null,2023/2024,GREAT SOUTH ROAD,SPARTAN ROAD,,Non-Injury Crash,No,2023,0,South,0,0,0,Flat,0,,0,,0,Bright sun,766500,0,0,0,4,0,0,0,0,0,,0,0,Auckland Region,Nil,2-way,Sealed,0,0,0,0,50,0,Off,1,0,,76,Auckland,Traffic Signals,0,1,0,0,1,0,Urban,0,0,0,Fine,Null
1759058.6187,5911785.2269,896244,25,519820,0,,0,1,,Null,2023/2024,ONEHUNGA MALL,NEILSON STREET,,Non-Injury Crash,No,2023,,North,,0,,Flat,,,,,,Bright sun,602402,0,0,0,3,,,0,,,,,,Auckland Region,Nil,2-way,Sealed,,0,0,,50,,Off,1,0,,76,Auckland,Traffic Signals,,,,,0,0,Urban,0,,,Fine,None
1757697.9516,5918273.3354,896246,,518101,0,,0,1,,North,2022/2023,SOUTHERN MOTORWAY,MOUNTAIN OBR,,Non-Injury Crash,Yes,2023,,North,,0,,Flat,,,,,,Bright sun,543000,0,0,0,3,,,0,,,,,,Auckland Region,Nil,1-way,Sealed,,0,0,,80,,Off,0,0,,76,Auckland,Nil,,,,,0,0,Open,0,,,Fine,None
1747614.5528,5914786.4732,896249,,511100,0,,0,1,,East,2025/2026,CARTWRIGHT ROAD,SABULITE ROAD,,Non-Injury Crash,No,2025,,West,,0,,Null,,,,,,Bright sun,285202,0,0,0,2,,,0,,,,,,Auckland Region,Nil,2-way,Sealed,,0,0,,50,,Null,0,0,,76,Auckland,Nil,,,,,1,0,Urban,0,,,Fine,Null
1769349.5002,5914540.3198,896253,,522723,0,,0,2,,Null,2024/2025,PAKURANGA ROAD,SIR LLOYD DRIVE,,Non-Injury Crash,No,2025,,West,,0,,Null,,,,,,Unknown,681304,0,0,0,6,,,0,,,,,,Auckland Region,Nil,2-way,Null,,0,0,,50,,Null,0,0,,76,Auckland,Traffic Signals,,,,,0,0,Urban,0,,,Null,Null
1767683.3726,5907301.6644,896256,,523602,0,,0,0,,South,2023/2024,SANDRA AVENUE,CAPSTICK ROAD,,Serious Crash,No,2023,,South,,0,,Flat,,,,,,Bright sun,705200,0,0,0,2,,,0,,,1,,,Auckland Region,Nil,2-way,Unsealed,,0,1,,50,,Off,1,0,40,76,Auckland,Nil,,,,,0,0,Urban,0,,,Fine,Null
1757830.092,5918149.4753,896258,,515700,0,,0,2,,West,2024/2025,SOUTHERN MOTORWAY,MAUNGAWHAU OBR,,Non-Injury Crash,Yes,2025,,North,,0,,Hill Road,,,,,,Dark,443600,0,0,0,4,,,0,,,,,,Auckland Region,Motorway ramp,1-way,Sealed,,0,0,,80,,On,0,0,,76,Auckland,Nil,,,,,0,0,Open,0,,,Fine,Null
1755267.431,5935948.6186,896259,,507101,0,,0,2,,Null,2022/2023,CARLISLE ROAD,FINCHLEY ROAD,,Non-Injury Crash,No,2023,,West,,0,,Flat,,,,,,Overcast,159202,0,0,0,2,,,0,,,,,,Auckland Region,Nil,2-way,Sealed,,0,0,,50,,Null,0,0,,76,Auckland,Stop,,,,,0,1,Urban,0,,,Light rain,Null
1764645.8041,5914823.0419,896265,,520303,0,,0,2,,Null,2023/2024,ELLERSLIE-PANMURE HIGHWAY,FORGE WAY,,Non-Injury Crash,No,2024,,West,,0,,Flat,,,,,,Dark,627400,0,0,0,3,,,0,,,,,,Auckland Region,Nil,1-way,Sealed,,0,0,,50,,On,0,0,,76,Auckland,Traffic Signals,,,,,0,0,Urban,0,,,Fine,Strong wind
1763212.0492,5905140.384,896266,,524303,0,,0,2,,North,2025/2026,SOUTH-WESTERN MOTORWAY,PUHINUI ROAD-SH 20B OFF RAMP,,Non-Injury Crash,Yes,2025,,South,,0,,Hill Road,,,,,,Bright sun,746301,0,0,0,2,,,0,,,,,,Auckland Region,Nil,1-way,Sealed,,0,0,,100,,Off,0,0,,76,Auckland,Nil,,,,,0,0,Open,0,,,Fine,Null
1771004.5358,5889940.9734,896270,,521203,0,0,0,1,0,West,2024/2025,KARAKA ROAD,OIRA ROAD,,Non-Injury Crash,Yes,2025,0,East,0,0,0,Flat,0,,0,,1,Bright sun,807400,0,0,0,2,0,0,0,0,0,,0,0,Auckland Region,Nil,2-way,Sealed,0,0,0,0,80,0,Off,0,0,,76,Auckland,Nil,0,0,0,0,0,1,Open,0,0,0,Fine,Null
1767956.1242,5883452.8347,896284,,521111,0,0,0,0,0,East,2025/2026,HEIGHTS ROAD,BEATTY ROAD,,Non-Injury Crash,No,2025,0,South,1,0,0,Hill Road,0,,0,,0,Dark,813800,0,0,0,2,0,0,0,0,0,1,0,0,Auckland Region,Nil,2-way,Sealed,0,0,0,0,80,0,None,0,0,,76,Auckland,Nil,0,0,0,0,0,0,Open,1,0,0,Fine,Null
1758355.9832,5919371.1818,896286,,515902,0,,0,0,,West,2025/2026,DOMAIN DRIVE,THE CRESCENT,,Non-Injury Crash,No,2025,,East,,0,,Hill Road,,,,,,Bright sun,451400,0,0,0,2,,,0,,,,,,Auckland Region,Speed hump,2-way,Sealed,,0,0,,30,,Off,2,0,,76,Auckland,Nil,,,,,0,0,Urban,0,,,Fine,Null
1734658.5998,5945657.389,896289,,506646,0,0,0,1,0,East,2023/2024,KAHIKATEA FLAT ROAD,WYN CLOSE,,Minor Crash,No,2024,0,East,1,0,0,Flat,0,,0,,0,Bright sun,213000,1,0,0,2,0,0,0,0,0,,0,0,Auckland Region,Nil,2-way,Sealed,0,0,0,0,80,0,Off,0,0,,76,Auckland,Nil,0,0,0,0,0,0,Open,0,0,0,Fine,Null