X,Y,OBJECTID,advisorySpeed,areaUnitID,bicycle,bridge,bus,carStationWagon,cliffBank,crashDirectionDescription,crashFinancialYear,crashLocation1,crashLocation2,crashRoadSideRoad,crashSeverity,crashSHDescription,crashYear,debris,directionRoleDescription,ditch,fatalCount,fence,flatHill,guardRail,holiday,houseOrBuilding,intersection,kerb,light,meshblockId,minorInjuryCount,moped,motorcycle,NumberOfLanes,objectThrownOrDropped,otherObject,otherVehicleType,overBank,parkedVehicle,pedestrian,phoneBoxEtc,postOrPole,region,roadCharacter,roadLane,roadSurface,roadworks,schoolBus,seriousInjuryCount,slipOrFlood,speedLimit,strayAnimal,streetLight,suv,taxi,temporarySpeedLimit,tlaId,tlaName,trafficControl,trafficIsland,trafficSign,train,tree,truck,unknownVehicleType,urban,vanOrUtility,vehicle,waterRiver,weatherA,weatherB
1748598.1834,5914804.5103,896291,,511700,0,0,0,1,0,Null,2022/2023,KELWYN ROAD,ARCHLYNN ROAD,,Non-Injury Crash,No,2023,0,South,0,0,1,Flat,0,,0,,0,Overcast,270100,0,0,0,2,0,0,0,0,0,,0,0,Auckland Region,Nil,2-way,Sealed,0,0,0,0,50,0,Null,0,0,,76,Auckland,Give way,0,0,0,0,0,0,Urban,0,0,0,Fine,Null
1751992.1396,5918026.1408,896295,,515001,0,0,0,1,0,Null,2022/2023,GREAT NORTH ROAD,GREAT NORTH ROAD OFF RAMP,,Non-Injury Crash,No,2023,0,South,0,0,0,Flat,0,,0,,0,Dark,392400,0,0,0,2,0,0,0,0,0,,0,0,Auckland Region,Underpass,2-way,Sealed,0,0,0,0,50,0,On,0,0,,76,Auckland,Traffic Signals,1,1,0,0,0,0,Urban,0,0,0,Fine,Null
1767325.2355,5906298.4679,896298,,522302,0,,0,1,,North,2025/2026,SOUTHERN MOTORWAY,REAGAN OBR,,Minor Crash,Yes,2025,,North,,0,,Flat,,,,,,Bright sun,670200,1,0,0,3,,,0,,,,,,Auckland Region,Nil,1-way,Sealed,,0,0,,100,,Off,0,0,,76,Auckland,Nil,,,,,0,0,Open,2,,,Fine,Null
1774676.2711,5897365.0843,896299,,525610,0,0,0,1,0,Null,2022/2023,ROBB STREET,CLEVEDON ROAD,,Non-Injury Crash,No,2023,0,North,0,0,0,Flat,0,,0,,0,Bright sun,799400,0,0,0,2,0,0,0,0,0,,0,0,Auckland Region,Nil,2-way,Sealed,0,0,0,0,50,0,Off,0,0,,76,Auckland,Give way,0,0,0,0,0,0,Urban,1,1,0,Fine,Null
1761623.4949,5906867.178,896304,,524520,0,0,0,1,0,West,2025/2026,ROBERTSON ROAD,VON STURMER STREET,,Non-Injury Crash,No,2026,0,South,0,0,0,Flat,0,Christmas New Year,0,,0,Dark,736000,0,0,0,2,0,0,0,0,0,,0,0,Auckland Region,Nil,2-way,Sealed,0,0,0,0,50,0,On,0,0,,76,Auckland,Nil,0,0,0,1,0,0,Urban,0,0,0,Fine,Null
1750239.2202,5915484.271,896306,,514802,0,,0,2,,West,2025/2026,CANAL ROAD,WAIRAU AVENUE,,Non-Injury Crash,No,2025,,East,,0,,Flat,,,,,,Overcast,387100,0,0,0,2,,,0,,,,,,Auckland Region,Nil,2-way,Sealed,,0,0,,50,,Off,0,0,,76,Auckland,Nil,,,,,0,0,Urban,0,,,Fine,Null
1770832.6088,5898452.1832,896308,,523920,0,,0,2,,East,2025/2026,GREAT SOUTH ROAD,GRAHAM ROAD,,Non-Injury Crash,No,2025,,West,,0,,Flat,,,,,,Dark,767503,0,0,0,2,,,0,,,,,,Auckland Region,Nil,2-way,Sealed,,0,0,,50,,On,0,0,,76,Auckland,Nil,,,,,0,0,Urban,0,,,Fine,Null
1757548.8663,5918505.2354,896311,,518101,0,,0,2,,South,2023/2024,SOUTHERN MOTORWAY,BOSTON OBR,,Non-Injury Crash,Yes,2023,,North,,0,,Hill Road,,,,,,Bright sun,542700,0,0,0,4,,,0,,,,,,Auckland Region,Bridge,1-way,Sealed,,0,0,,80,,Off,0,0,,76,Auckland,Nil,,,,,0,0,Open,0,,,Fine,Null
1763992.2667,5909997.9451,896315,,521901,0,0,0,0,0,Null,2023/2024,GORDON ROAD,GREAT SOUTH ROAD,,Non-Injury Crash,No,2023,0,West,0,0,0,Flat,0,,0,,0,Dark,782400,0,0,0,2,0,0,0,0,0,,0,0,Auckland Region,Nil,2-way,Sealed,0,0,0,0,30,0,On,0,0,,76,Auckland,Stop,0,1,0,0,1,0,Urban,0,0,0,Fine,Null
1753206.0295,5918395.2657,896317,,515002,0,,1,1,,Null,2023/2024,GREAT NORTH ROAD,MOTIONS ROAD,,Non-Injury Crash,No,2023,,East,,0,,Flat,,,,,,Bright sun,397400,0,0,0,4,,,0,,,,,,Auckland Region,Nil,2-way,Sealed,,0,0,,50,,Off,0,0,,76,Auckland,Traffic Signals,,,,,0,0,Urban,0,,,Fine,Null
1760019.4965,5908322.9843,896319,,524403,0,,0,2,,North,2023/2024,SOUTH-WESTERN MOTORWAY,HALL FTBR,,Minor Crash,Yes,2023,,South,,0,,Flat,,,,,,Overcast,729800,1,0,0,2,,,0,,,,,,Auckland Region,Motorway ramp,1-way,Sealed,,0,0,,100,,Off,0,0,,76,Auckland,Nil,,,,,0,0,Open,2,,,Fine,Null
1765427.8142,5913865.8721,896326,,520602,0,,0,1,,Null,2025/2026,CHURCH CRESCENT,LAGOON DRIVE,,Non-Injury Crash,No,2026,,North,,0,,Flat,,,,,,Overcast,629600,0,0,0,4,,,0,,,,,,Auckland Region,Nil,2-way,Sealed,,0,0,,50,,On,1,0,,76,Auckland,Traffic Signals,,,,,0,0,Urban,0,,,Heavy rain,Null
1760938.9983,5919948.2467,896328,,516400,0,0,0,1,0,Null,2025/2026,TAMAKI DRIVE,NGAPIPI ROAD,,Non-Injury Crash,No,2025,0,East,0,0,0,Flat,1,,0,,0,Bright sun,496500,0,0,0,4,0,0,0,0,0,,0,0,Auckland Region,Nil,2-way,Sealed,0,0,0,0,50,0,Off,0,0,,76,Auckland,Traffic Signals,0,0,0,0,0,0,Urban,0,0,0,Fine,Null
1763378.6325,5912858.6862,896334,65,520500,0,0,0,1,0,East,2023/2024,SOUTH-EASTERN HWY OFF RAMP,SOUTHERN MOTORWAY,,Non-Injury Crash,No,2024,0,East,1,0,0,Flat,2,,0,,0,Twilight,637400,0,0,0,1,0,0,0,0,0,,0,0,Auckland Region,Motorway ramp,1-way,Sealed,0,0,0,0,80,0,Off,0,0,,76,Auckland,Nil,0,0,0,0,0,0,Open,0,0,0,Fine,Null
1737246.4339,5929362.4976,896335,,505602,0,,0,2,,East,2025/2026,MAIN ROAD,STATION ROAD,,Minor Crash,Yes,2026,,West,,0,,Flat,,,,,,Bright sun,214900,1,0,0,2,,,0,,,,,,Auckland Region,Bridge,2-way,Sealed,,0,0,,50,,Off,0,0,,76,Auckland,Nil,,,,,0,0,Urban,0,,,Fine,Null
1752006.8257,5925151.5332,896338,,510401,0,0,0,2,0,North,2023/2024,RANGATIRA ROAD,MONTE CASSINO PLACE,,Non-Injury Crash,No,2023,0,North,0,0,0,Hill Road,0,,0,,0,Dark,353700,0,0,0,2,0,0,0,0,1,,0,0,Auckland Region,Nil,2-way,Sealed,0,0,0,0,50,0,On,0,0,,76,Auckland,Nil,0,0,0,0,0,0,Urban,0,0,0,Fine,Null
1768060.1886,5900483.78,896339,,525101,0,,0,3,,Null,2025/2026,WEYMOUTH ROAD,COXHEAD ROAD,,Serious Crash,No,2025,,East,,0,,Flat,,,,,,Bright sun,771400,3,0,0,3,,,0,,,,,,Auckland Region,Nil,2-way,Sealed,,0,1,,50,,Off,0,0,40,76,Auckland,Give way,,,,,0,0,Urban,1,,,Fine,Null
1755854.4565,5918880.4535,896343,,515420,0,,0,1,,Null,2025/2026,GREAT NORTH ROAD,SUSSEX STREET,,Non-Injury Crash,No,2025,,North,,0,,Flat,,,,,,Bright sun,410700,0,0,0,2,,,0,,,,,,Auckland Region,Nil,2-way,Sealed,,0,0,,50,,Off,1,0,,76,Auckland,Give way,,,,,0,0,Urban,0,,,Fine,Null
1768731.4479,5901715.6025,896352,,524901,0,0,0,1,0,Null,2022/2023,SCENIC DRIVE,WALPOLE AVENUE,,Non-Injury Crash,No,2023,0,South,0,0,0,Flat,0,,0,,0,Dark,756200,0,0,0,1,0,0,0,0,0,,0,1,Auckland Region,Nil,2-way,Sealed,0,0,0,0,50,0,Off,0,0,,76,Auckland,Give way,0,0,0,0,0,0,Urban,0,0,0,Light rain,Null
1744243.645,5918356.9429,896353,,513220,0,0,0,1,0,North,2025/2026,SWANSON ROAD,RATHGAR ROAD,,Non-Injury Crash,No,2025,0,South,0,0,0,Flat,0,,0,,1,Bright sun,236103,0,0,0,2,0,0,0,0,1,,1,0,Auckland Region,Nil,2-way,Sealed,0,0,0,0,50,0,Off,1,0,,76,Auckland,Nil,0,0,0,0,0,0,Urban,1,0,0,Fine,Null
1749777.9631,5913338.8803,896354,,511401,0,,0,1,,South,2023/2024,HUTCHINSON AVENUE,MARGAN AVENUE,,Non-Injury Crash,No,2023,,North,,0,,Flat,,,,,,Bright sun,264400,0,0,0,2,,,0,,,,,,Auckland Region,Nil,2-way,Sealed,,0,0,,50,,Off,1,0,,76,Auckland,Nil,,,,,0,0,Urban,0,,,Fine,Null
1772474.5438,5896957.4935,896358,,525420,0,,0,1,,Null,2023/2024,GREAT SOUTH ROAD,COLES CRESCENT,,Minor Crash,No,2024,,North,,0,,Hill Road,,,,,,Twilight,790700,1,1,0,2,,,0,,,,,,Auckland Region,Nil,2-way,Sealed,,0,0,,50,,On,0,0,,76,Auckland,Stop,,,,,0,0,Urban,0,,,Fine,Null
1766083.5949,5904533.9259,896362,,524603,0,,0,1,,East,2024/2025,CAVENDISH DRIVE,GRAYSON AVENUE,,Minor Crash,No,2024,,West,,0,,Flat,,,,,,Overcast,674500,1,0,0,4,,,0,,,1,,,Auckland Region,Nil,2-way,Sealed,,0,0,,50,,Off,0,0,,76,Auckland,Nil,,,,,0,0,Urban,0,,,Fine,Null
1741457.2575,5927255.6532,896371,,513701,0,,0,1,,South,2025/2026,SH 16,COATESVILLE-RIVERHEAD HIGHWAY,,Non-Injury Crash,Yes,2025,,South,,0,,Flat,,,,,,Bright sun,220200,0,0,0,2,,,0,,,,,,Auckland Region,Nil,2-way,Sealed,,0,0,,80,,On,0,0,,76,Auckland,Nil,,,,,1,0,Open,0,,,Fine,Null
1745208.4702,5918932.5744,896377,,513302,0,0,0,1,0,South,2025/2026,LINCOLN ROAD,MOSELLE AVENUE,,Non-Injury Crash,No,2025,0,South,0,0,0,Flat,0,,0,,0,Dark,230701,0,0,0,4,0,0,0,0,0,,1,0,Auckland Region,Nil,2-way,Sealed,0,0,0,0,50,0,On,0,0,,76,Auckland,Nil,0,0,0,0,0,0,Urban,0,0,0,Fine,Null
1749791.7765,5913390.3977,896379,,511303,0,,0,0,,Null,2025/2026,RANKIN AVENUE,MARGAN AVENUE,,Non-Injury Crash,No,2025,,South,,0,,Flat,,,,,,Dark,265001,0,0,0,1,,,0,,,,,,Auckland Region,Nil,1-way,Sealed,,0,0,,50,,On,2,0,,76,Auckland,Give way,,,,,0,0,Urban,0,,,Fine,Null
1769693.658,5912955.0226,896381,,523105,0,,0,3,,West,2024/2025,CASCADES ROAD,LOCHEND PLACE,,Non-Injury Crash,No,2025,,East,,0,,Flat,,,,,,Dark,711139,0,0,0,2,,,0,,,,,,Auckland Region,Bridge,2-way,Sealed,,0,0,,50,,On,0,0,,76,Auckland,Nil,,,,,0,0,Urban,0,,,Fine,Null
1770623.0737,5909738.9172,896382,,523114,0,0,0,1,0,Null,2023/2024,KILKENNY DRIVE,POINT VIEW LINK,,Non-Injury Crash,No,2023,0,East,0,0,0,Flat,0,,0,,0,Dark,712033,0,0,0,2,0,0,0,0,1,,0,0,Auckland Region,Nil,2-way,Sealed,0,0,0,0,50,0,On,0,0,,76,Auckland,Give way,0,0,0,0,0,0,Urban,1,0,0,Fine,Null
1763687.5039,5908896.9737,896384,,521901,0,,0,2,,Null,2025/2026,WALMSLEY ROAD,MANGERE ROAD,,Non-Injury Crash,No,2025,,South,,0,,Flat,,,,,,Overcast,783600,0,0,0,4,,,0,,,,,,Auckland Region,Nil,2-way,Sealed,,0,0,,50,,Off,0,0,,76,Auckland,Traffic Signals,,,,,0,0,Urban,0,,,Fine,Null
1745505.5841,5925693.6976,896385,,513410,0,,0,3,,South,2023/2024,UPPER HARBOUR MOTORWAY,BRIGHAM CREEK ROAD OFF RAMP,,Non-Injury Crash,Yes,2023,,North,,0,,Flat,,,,,,Overcast,223801,0,0,0,2,,,0,,,,,,Auckland Region,Motorway ramp,1-way,Sealed,,0,0,,100,,Off,0,0,,76,Auckland,Nil,,,,,0,0,Open,0,,,Light rain,Strong wind
1763327.0828,5912751.9639,896386,,520500,0,0,0,1,0,West,2024/2025,SOUTH-EASTERN HIGHWAY,SH1 OBR,,Non-Injury Crash,No,2025,0,West,0,0,0,Hill Road,1,,0,,0,Dark,637300,0,0,0,3,0,0,0,0,0,,0,0,Auckland Region,Nil,1-way,Sealed,0,0,0,0,80,0,On,0,0,,76,Auckland,Nil,0,0,0,0,0,0,Open,0,0,0,Heavy rain,Null
1770772.3951,5898511.6518,896388,,523920,0,,0,2,,North,2025/2026,GREAT SOUTH ROAD,GRAHAM ROAD,,Non-Injury Crash,No,2025,,North,,0,,Flat,,,,,,Bright sun,767503,0,0,0,4,,,0,,,,,,Auckland Region,Nil,2-way,Sealed,,0,0,,50,,Off,0,0,,76,Auckland,Nil,,,,,0,0,Urban,0,,,Fine,Null
1760268.3166,5906828.7227,896391,,524111,0,,0,2,,West,2025/2026,WADDON PLACE,MASCOT AVENUE,,Non-Injury Crash,No,2025,,East,,0,,Null,,,,,,Unknown,740500,0,0,0,2,,,0,,,,,,Auckland Region,Nil,2-way,Null,,0,0,,30,,Null,0,0,,76,Auckland,Nil,,,,,0,0,Urban,0,,,Null,Null
1751790.5761,5949540.4311,896392,,505805,0,0,0,1,0,South,2023/2024,HIBISCUS COAST HIGHWAY,TAMARIKI AVENUE,,Fatal Crash,No,2024,0,South,0,1,0,Flat,0,,0,,0,Overcast,172104,0,0,0,2,0,0,0,0,1,,0,0,Auckland Region,Nil,2-way,Sealed,0,0,0,0,30,0,Off,1,0,,76,Auckland,Nil,0,0,0,1,0,0,Urban,0,0,0,Light rain,Null
1729068.4975,5939954.1305,896393,,506800,0,,0,2,,North,2025/2026,MILL ROAD,BAKER STREET,,Non-Injury Crash,Yes,2025,,North,,0,,Null,,,,,,Overcast,209000,0,0,0,2,,,0,,,,,,Auckland Region,Nil,2-way,Sealed,,0,0,,70,,Null,0,0,,76,Auckland,Nil,,,,,0,0,Urban,0,,,Fine,Null
1758111.6405,5920471.2897,896407,,514103,0,0,0,1,0,North,2024/2025,ANZAC AVENUE,PARLIAMENT STREET,,Non-Injury Crash,No,2025,0,South,0,0,0,Hill Road,0,Easter,0,,0,Dark,438304,0,0,0,4,0,0,0,0,0,,0,1,Auckland Region,Nil,2-way,Sealed,0,0,0,0,30,0,On,0,0,,76,Auckland,Nil,0,0,0,0,0,0,Urban,0,0,0,Fine,Null
1762258.9878,5913748.3299,896409,,520401,0,,0,1,,Null,2025/2026,PENROSE ROAD,PORTMAN ROAD,,Minor Crash,No,2025,,East,,0,,Flat,,,,,,Overcast,644300,1,0,0,2,,,0,,,,,,Auckland Region,Nil,2-way,Sealed,,0,0,,50,,Off,1,0,,76,Auckland,Stop,,,,,0,0,Urban,0,,,Light rain,Null
1755954.3358,5924145.0962,896414,,509800,0,0,0,3,0,North,2022/2023,DENBY LANE,STAFFORD ROAD,,Non-Injury Crash,No,2023,0,South,0,0,0,Flat,0,,0,,0,Overcast,360800,0,0,0,2,0,0,0,0,1,,0,0,Auckland Region,Nil,2-way,Sealed,0,0,0,0,50,0,Off,0,0,,76,Auckland,Nil,0,0,0,0,0,0,Urban,0,0,0,Fine,Null
1761720.6821,5906540.318,896421,,524112,0,,0,1,,Null,2024/2025,MASSEY ROAD,MASSEY ROAD ON RAMP,,Non-Injury Crash,No,2025,,South,,0,,Null,,,,,,Overcast,742300,0,0,0,6,,,0,,,,,,Auckland Region,Nil,2-way,Sealed,,0,0,,50,,Null,0,0,,76,Auckland,Traffic Signals,,,,,0,1,Urban,0,,,Fine,Null
1752197.5737,5912966.6691,896423,,514700,0,,0,2,,Null,2025/2026,WHITNEY STREET,TERRY STREET,,Non-Injury Crash,No,2025,,North,,0,,Null,,,,,,Bright sun,370300,0,0,0,2,,,0,,,,,,Auckland Region,Nil,2-way,Sealed,,0,0,,50,,Null,0,0,,76,Auckland,Stop,,,,,0,0,Urban,0,,,Fine,Null
1765492.1875,5885432.2856,896424,,521122,0,0,0,1,0,North,2023/2024,OSTRICH FARM ROAD,OSTRICH ROAD,,Non-Injury Crash,No,2023,0,East,1,0,0,Flat,0,Christmas New Year,0,,0,Overcast,813100,0,0,0,2,0,0,0,0,0,1,0,0,Auckland Region,Nil,2-way,Sealed,0,0,0,0,60,0,None,0,0,,76,Auckland,Nil,0,0,0,0,0,0,Urban,0,0,0,Light rain,Null
1763900.4676,5914433.9772,896426,,520303,0,0,0,2,0,South,2023/2024,BERTRAND ROAD,MALONE ROAD,,Non-Injury Crash,No,2024,0,North,0,0,0,Flat,0,,0,,0,Dark,627101,0,0,0,2,0,0,0,0,1,,0,0,Auckland Region,Nil,2-way,Sealed,0,0,0,0,50,0,On,0,0,,76,Auckland,Nil,0,0,0,0,0,0,Urban,0,0,0,Fine,Null
1752897.3285,5919593.9288,896427,,515100,0,0,0,1,0,South,2024/2025,SUNNY BRAE CRESCENT,LEMINGTON ROAD,,Non-Injury Crash,No,2025,0,North,0,0,0,Hill Road,0,,0,,0,Overcast,400400,0,0,0,2,0,0,0,0,1,,0,0,Auckland Region,Nil,2-way,Sealed,0,0,0,0,50,0,Off,0,0,,76,Auckland,Nil,0,0,0,0,0,1,Urban,0,0,0,Fine,Null
1753757.139,5936833.1423,896429,35,508900,0,,0,1,,North,2025/2026,GLENVAR ROAD,EAST COAST ROAD,,Minor Crash,No,2025,,South,,0,,Hill Road,,Labour Weekend,,,,Bright sun,178308,1,1,0,2,,,0,,,,,,Auckland Region,Nil,2-way,Sealed,,0,0,,50,,Off,0,0,,76,Auckland,Nil,,,,,0,0,Urban,0,,,Fine,Null
1755493.4109,5977975.2458,896434,,506661,0,0,0,1,0,South,2024/2025,LEIGH ROAD,QUINTAL ROAD,,Serious Crash,No,2024,0,North,1,0,0,Flat,0,,0,,0,Bright sun,138202,0,0,0,2,0,0,0,0,0,,0,0,Auckland Region,Nil,2-way,Sealed,0,0,1,0,80,0,None,0,0,,76,Auckland,Nil,0,1,0,0,0,0,Open,0,0,0,Fine,Null
1751563.4643,5915257.241,896435,,514401,0,,0,2,,Null,2025/2026,BLOCKHOUSE BAY ROAD,ST JUDE STREET,,Non-Injury Crash,No,2025,,South,,0,,Flat,,,,,,Overcast,382500,0,0,0,4,,,0,,,,,,Auckland Region,Nil,2-way,Sealed,,0,0,,50,,Off,0,0,,76,Auckland,Traffic Signals,,,,,0,0,Urban,0,,,Fine,Null
1752757.0019,5933229.4067,896442,,508807,0,,0,1,,East,2022/2023,ALBANY EXPRESSWAY,BUSH ROAD,,Minor Crash,No,2023,,West,,0,,Hill Road,,,,,,Overcast,180405,2,0,0,2,,,0,,,,,,Auckland Region,Nil,1-way,Sealed,,0,0,,80,,Off,0,0,,76,Auckland,Nil,,,,,0,0,Open,1,,,Light rain,Null
1764532.0837,5910213.8207,896444,,521801,0,,1,1,,Null,2023/2024,PRINCES STREET,HUTTON STREET,,Non-Injury Crash,No,2023,,West,,0,,Flat,,,,,,Bright sun,787100,0,0,0,4,,,0,,,,,,Auckland Region,Nil,2-way,Sealed,,0,0,,50,,Off,0,0,,76,Auckland,Give way,,,,,0,0,Urban,0,,,Fine,Null
1763461.4394,5907533.0008,896445,,524301,0,,0,2,,Null,2025/2026,GRAY AVENUE,ROSELLA ROAD,,Non-Injury Crash,No,2025,,West,,0,,Flat,,,,,,Dark,748000,0,0,0,2,,,0,,,,,,Auckland Region,Nil,2-way,Sealed,,0,0,,50,,On,0,0,,76,Auckland,Give way,,,,,0,0,Urban,0,,,Light rain,Null
1759306.2192,5919709.3629,896452,,515902,0,,0,0,,South,2023/2024,GLADSTONE ROAD,ALBERON STREET,,Serious Crash,No,2024,,South,,0,,Flat,,,,,,Overcast,455400,0,0,1,2,,,0,,,,,,Auckland Region,Speed hump,2-way,Sealed,,0,1,,50,,Off,0,0,,76,Auckland,Nil,,,,,0,0,Urban,0,,,Fine,Null
1756149.9792,5919987.1426,896456,,514000,0,0,0,3,0,South,2023/2024,HEPBURN STREET,WAIATARAU PLACE,,Non-Injury Crash,No,2023,0,North,0,0,0,Hill Road,0,,0,,0,Dark,415300,0,0,0,2,0,0,0,0,1,,0,0,Auckland Region,Nil,2-way,Sealed,0,0,0,0,30,0,On,0,0,,76,Auckland,Nil,0,0,0,0,0,0,Urban,0,0,0,Fine,Null
1756680.137,5924855.9225,896458,,509702,0,,0,2,,North,2022/2023,NORTHERN MOTORWAY,ONEWA ROAD OFF RAMP,,Non-Injury Crash,Yes,2023,,South,,0,,Flat,,,,,,Dark,366602,0,0,0,3,,,0,,,,,,Auckland Region,Nil,1-way,Sealed,,0,0,,100,,On,0,0,,76,Auckland,Nil,,,,,0,0,Open,0,,,Light rain,Null
1757611.9686,5921032.7712,896462,,514101,0,,0,1,,East,2023/2024,QUAY STREET,QUEEN STREET,,Minor Crash,No,2024,,East,,0,,Flat,,,,,,Overcast,437901,1,0,0,3,,,0,,,1,,,Auckland Region,Nil,2-way,Sealed,,0,0,,30,,Null,0,0,,76,Auckland,Nil,,,,,0,0,Urban,0,,,Light rain,Null
1766347.6215,5906507.4996,896464,,522302,0,,0,3,,Null,2023/2024,TUI ROAD,FRASER ROAD,,Non-Injury Crash,No,2023,,East,,0,,Flat,,,,,,Dark,668500,0,0,0,2,,,0,,,,,,Auckland Region,Nil,2-way,Sealed,,0,0,,50,,On,0,0,,76,Auckland,Give way,,,,,0,0,Urban,0,,,Light rain,Strong wind
1747568.3231,5914832.4254,896466,,511100,0,,0,1,,Null,2023/2024,SABULITE ROAD,CARTWRIGHT ROAD,,Minor Crash,No,2023,,South,,0,,Flat,,,,,,Bright sun,285201,1,0,0,2,,,0,,,,,,Auckland Region,Nil,2-way,Sealed,,0,0,,50,,Off,0,0,,76,Auckland,Give way,,,,,0,0,Urban,1,,,Fine,Null
1744288.0283,5918319.531,896467,,513220,0,0,0,2,0,West,2025/2026,SWANSON ROAD,RATHGAR ROAD,,Minor Crash,No,2026,0,South,0,0,0,Flat,0,,0,,0,Bright sun,236104,1,0,0,2,0,0,0,0,2,,0,0,Auckland Region,Nil,2-way,Sealed,0,0,0,0,50,0,None,1,0,,76,Auckland,Nil,0,0,0,0,0,0,Urban,0,0,0,Fine,Null
1767921.4284,5904455.2361,896474,,524604,0,0,0,1,0,North,2023/2024,REDOUBT ROAD ON RAMP,REDOUBT ROAD,,Non-Injury Crash,No,2023,0,North,0,0,0,Flat,1,,0,,0,Overcast,780302,0,0,0,1,0,0,0,0,0,,0,0,Auckland Region,Motorway ramp,1-way,Sealed,0,0,0,0,100,0,On,0,0,,76,Auckland,Nil,0,0,0,0,0,0,Open,0,0,0,Light rain,Null
1739664.8298,5911970.5158,896475,35,513800,0,,0,2,,South,2025/2026,SCENIC DRIVE,BRABANT ROAD,,Non-Injury Crash,No,2025,,North,,0,,Hill Road,,,,,,Dark,281902,0,0,0,2,,,0,,,,,,Auckland Region,Nil,2-way,Sealed,,0,0,,60,,None,0,0,,76,Auckland,Nil,,,,,0,0,Urban,0,,,Fine,Null
1764804.8858,5904587.6614,896478,,522100,0,,0,1,,Null,2023/2024,PUHINUI ROAD,RAYMOND ROAD,,Minor Crash,No,2023,,East,,0,,Flat,,,,,,Bright sun,659400,2,0,0,2,,,0,,,,,,Auckland Region,Nil,2-way,Sealed,,0,0,,50,,Off,0,0,,76,Auckland,Give way,,,,,0,0,Urban,1,,,Fine,Null
1756126.1617,5923866.7819,896483,,509800,0,,0,1,,South,2025/2026,NORTHERN MOTORWAY,NORTHERN MOTORWAY,,Minor Crash,Yes,2025,,South,,0,,Flat,,,,,,Overcast,361200,2,0,0,5,,,0,,,,,,Auckland Region,Nil,1-way,Sealed,,0,0,,80,,Off,0,0,,76,Auckland,Nil,,,,,0,0,Open,1,,,Fine,Null
1749921.4524,5914827.1085,896490,,511303,0,0,0,1,0,North,2023/2024,RATA STREET,CUNARD STREET,,Non-Injury Crash,No,2023,0,North,0,0,1,Flat,0,,0,,0,Dark,266501,0,0,0,4,0,0,0,0,0,,0,1,Auckland Region,Nil,2-way,Sealed,0,0,0,0,50,0,On,0,0,,76,Auckland,Nil,0,0,0,0,0,0,Urban,0,0,0,Fine,Null
1743959.8477,5919222.5865,896495,,513302,0,,0,2,,North,2025/2026,MAWNEY ROAD,MILDMAY ROAD,,Non-Injury Crash,No,2025,,South,,0,,Flat,,Christmas New Year,,,,Overcast,233000,0,0,0,2,,,0,,,,,,Auckland Region,Nil,2-way,Sealed,,0,0,,30,,Off,0,0,,76,Auckland,Nil,,,,,0,0,Urban,0,,,Fine,Null
1753212.0334,5914618.7229,896497,35,514500,0,,0,0,,Null,2024/2025,RICHARDSON ROAD,VALONIA STREET,,Non-Injury Crash,No,2025,,East,,0,,Hill Road,,,,,,Overcast,377401,0,0,0,2,,,0,,,,,,Auckland Region,Nil,2-way,Sealed,,0,0,,50,,Off,1,0,30,76,Auckland,Give way,,,,,0,0,Urban,1,,,Heavy rain,Null
1773117.3042,5895937.1804,896502,,525410,0,,0,2,,Null,2023/2024,RAILWAY STREET WEST,CHAPEL STREET,,Minor Crash,No,2024,,North,,0,,Flat,,,,,,Overcast,793200,1,0,0,2,,,0,,,,,,Auckland Region,Nil,2-way,Sealed,,0,0,,50,,Off,0,0,,76,Auckland,Give way,,,,,0,0,Urban,0,,,Fine,Null
1745270.8604,5917816.0258,896503,,510700,0,,0,1,,South,2025/2026,SEL PEACOCK DRIVE,BUSCOMB AVENUE,,Non-Injury Crash,No,2025,,South,,0,,Null,,,,,,Bright sun,239802,0,0,0,2,,,0,,,,,,Auckland Region,Nil,2-way,Sealed,,0,0,,50,,Null,1,0,,76,Auckland,Nil,,,,,0,0,Urban,0,,,Fine,Null
1763711.0984,5913480.8585,896514,45,520402,0,0,0,1,0,South,2023/2024,MOUNT WELLINGTON HIGHWAY,ROSLYN ROAD,,Non-Injury Crash,No,2023,0,South,0,0,0,Flat,0,,0,,0,Dark,640300,0,0,0,4,0,0,0,0,0,,0,0,Auckland Region,Nil,2-way,Sealed,0,0,0,0,50,0,On,0,0,,76,Auckland,Nil,1,0,0,0,0,0,Urban,0,0,0,Fine,Null
1762388.9464,5905993.9656,896517,,524200,0,,0,1,,North,2025/2026,SOUTH-WESTERN MOTORWAY,PORTAGE OBR,,Non-Injury Crash,Yes,2025,,North,,0,,Flat,,,,,,Bright sun,729000,0,0,0,2,,,0,,,,,,Auckland Region,Nil,1-way,Sealed,,0,0,,100,,Off,0,0,,76,Auckland,Nil,,,,,0,0,Open,1,,,Fine,Frost