X,Y,OBJECTID,advisorySpeed,areaUnitID,bicycle,bridge,bus,carStationWagon,cliffBank,crashDirectionDescription,crashFinancialYear,crashLocation1,crashLocation2,crashRoadSideRoad,crashSeverity,crashSHDescription,crashYear,debris,directionRoleDescription,ditch,fatalCount,fence,flatHill,guardRail,holiday,houseOrBuilding,intersection,kerb,light,meshblockId,minorInjuryCount,moped,motorcycle,NumberOfLanes,objectThrownOrDropped,otherObject,otherVehicleType,overBank,parkedVehicle,pedestrian,phoneBoxEtc,postOrPole,region,roadCharacter,roadLane,roadSurface,roadworks,schoolBus,seriousInjuryCount,slipOrFlood,speedLimit,strayAnimal,streetLight,suv,taxi,temporarySpeedLimit,tlaId,tlaName,trafficControl,trafficIsland,trafficSign,train,tree,truck,unknownVehicleType,urban,vanOrUtility,vehicle,waterRiver,weatherA,weatherB
1763588.2579,5920424.8819,896520,,516500,0,,0,1,,Null,2023/2024,TAMAKI DRIVE,SELWYN AVENUE,,Non-Injury Crash,No,2024,,North,,0,,Flat,,,,,,Bright sun,501301,0,0,0,2,,,0,,,,,,Auckland Region,Nil,2-way,Sealed,,0,0,,50,,Off,1,0,,76,Auckland,Stop,,,,,0,0,Urban,0,,,Fine,Null
1734127.3242,5933877.0868,896528,35,506653,0,,0,0,,South,2024/2025,OLD NORTH ROAD,PEAK ROAD,,Serious Crash,No,2024,,South,,0,,Hill Road,,,,,,Bright sun,217704,1,0,0,2,,,0,,,,,,Auckland Region,Nil,2-way,Sealed,,0,1,,80,,None,0,0,,76,Auckland,Nil,,,,,1,0,Open,0,,,Fine,Null
1760086.3269,5908175.8593,896531,,524403,0,,0,1,,South,2025/2026,SOUTH-WESTERN MOTORWAY,HALL FTBR,,Minor Crash,Yes,2025,,South,,0,,Flat,,,,,,Bright sun,731104,3,0,0,2,,,0,,,,,,Auckland Region,Motorway ramp,1-way,Sealed,,0,0,,100,,Off,0,0,,76,Auckland,Nil,,,,,0,0,Open,2,,,Fine,Null
1763440.2223,5912756.3872,896541,,520500,0,,0,2,,East,2022/2023,SOUTHERN MOTORWAY,MOUNT WELLINGTON HWY ON RAMP,,Non-Injury Crash,Yes,2023,,West,,0,,Flat,,,,,,Dark,637300,0,0,0,2,,,0,,,,,,Auckland Region,Nil,1-way,Sealed,,0,0,,100,,On,0,0,,76,Auckland,Nil,,,,,0,0,Open,1,,,Fine,Null
1761514.7435,5907611.3901,896544,,524520,0,0,0,1,0,South,2025/2026,WICKMAN WAY,GARUS AVENUE,,Non-Injury Crash,No,2025,0,North,0,0,1,Flat,0,,0,,0,Dark,734300,0,0,0,2,0,0,0,0,0,,0,0,Auckland Region,Nil,2-way,Sealed,0,0,0,0,30,0,On,0,0,,76,Auckland,Nil,0,0,0,1,0,0,Urban,0,0,0,Light rain,Null
1771340.4123,5907788.7617,896546,,523713,0,0,0,1,0,East,2025/2026,STANCOMBE ROAD,TOPLAND DRIVE,,Minor Crash,No,2025,0,West,0,0,1,Flat,0,,0,,0,Bright sun,712402,1,0,0,2,0,0,0,0,1,,0,0,Auckland Region,Nil,2-way,Sealed,0,0,0,0,50,0,Off,1,0,,76,Auckland,Nil,0,0,0,0,0,0,Urban,0,0,0,Fine,Null
1745643.1502,5916832.5034,896547,,510800,0,,0,2,,Null,2024/2025,OFF ROAD CARPARK DRIVEWAY,,,Minor Crash,No,2024,,West,,0,,Flat,,,,,,Dark,243300,1,0,0,0,,,0,,,,,,Auckland Region,Nil,Off road,Sealed,,0,0,,10,,On,0,0,,76,Auckland,Nil,,,,,0,0,Urban,0,,,Fine,Null
1755572.7434,5925120.3828,896559,,509800,0,,0,2,,Null,2023/2024,LAKE ROAD,KAWANA STREET,,Minor Crash,No,2024,,South,,0,,Hill Road,,Queens Birthday,,,,Overcast,360100,4,0,0,3,,,0,,,,,,Auckland Region,Nil,2-way,Sealed,,0,0,,50,,Off,0,0,,76,Auckland,Stop,,,,,0,0,Urban,0,,,Fine,Null
1744258.7329,5923111.5847,896562,,513511,0,,0,2,,North,2025/2026,NORTH-WESTERN MOTORWAY,ROYAL OBR,,Non-Injury Crash,Yes,2025,,North,,0,,Hill Road,,,,,,Overcast,224303,0,0,0,3,,,0,,,,,,Auckland Region,Motorway ramp,1-way,Sealed,,0,0,,100,,Off,0,0,,76,Auckland,Nil,,,,,0,0,Open,0,,,Light rain,Null
1756539.8434,5912554.6056,896563,,518702,0,,0,2,,Null,2023/2024,HILLSBOROUGH ROAD,CARLTON STREET,,Serious Crash,No,2024,,North,,0,,Flat,,,,,,Dark,570600,0,0,0,4,,,0,,,,,,Auckland Region,Nil,2-way,Sealed,,0,1,,50,,On,0,0,,76,Auckland,Stop,,,,,0,0,Urban,0,,,Fine,Null
1738178.0628,5979777.4494,896566,,506660,0,,1,3,,North,2025/2026,SH 1,ROBERTSON ROAD,,Minor Crash,Yes,2025,,South,,0,,Flat,,,,,,Bright sun,136400,1,0,0,2,,,0,,,,,,Auckland Region,Nil,2-way,Sealed,,1,0,,100,,None,0,0,,76,Auckland,Nil,,,,,0,0,Open,1,,,Fine,Null
1765920.7274,5905622.565,896567,,522400,0,,0,1,,Null,2023/2024,CARRUTH ROAD,BIRDWOOD AVENUE,,Minor Crash,No,2024,,West,,0,,Flat,,,,,,Bright sun,672600,2,0,0,2,,,0,,,,,,Auckland Region,Nil,2-way,Sealed,,0,0,,50,,Off,0,0,,76,Auckland,Give way,,,,,0,0,Urban,1,,,Fine,Null
1761096.7279,5918383.9811,896569,,516201,0,,0,2,,Null,2023/2024,ORAKEI ROAD,SHORE ROAD,,Minor Crash,No,2023,,South,,0,,Flat,,,,,,Overcast,486000,1,0,0,2,,,0,,,,,,Auckland Region,Nil,1-way,Sealed,,0,0,,50,,None,0,0,,76,Auckland,Give way,,,,,0,0,Urban,0,,,Light rain,Null
1741667.9966,5929829.6729,896571,,505603,0,,0,1,,South,2024/2025,COATESVILLE-RIVERHEAD HIGHWAY,RIVERHEAD POINT DRIVE,,Serious Crash,No,2024,,South,,0,,Flat,,,,,,Bright sun,214401,0,0,1,2,,,0,,,,,,Auckland Region,Nil,2-way,Sealed,,0,1,,50,,Off,0,0,,76,Auckland,Nil,,,,,0,0,Urban,0,,,Fine,Null
1751991.1885,5946889.9165,896572,,506001,0,,0,1,,West,2025/2026,WHANGAPARAOA ROAD,CHENERY ROAD,,Non-Injury Crash,No,2025,,West,,0,,Hill Road,,Christmas New Year,,,,Overcast,175501,0,0,0,2,,,0,,,,,,Auckland Region,Nil,2-way,Sealed,,0,0,,50,,Off,0,0,,76,Auckland,Nil,,,,,1,0,Urban,0,,,Fine,Null
1757022.6142,5920848.0825,896573,,514101,0,,0,2,,Null,2022/2023,MARKET PLACE,FANSHAWE STREET,,Non-Injury Crash,No,2023,,South,,0,,Flat,,Christmas New Year,,,,Dark,433005,0,0,0,2,,,0,,,,,,Auckland Region,Nil,2-way,Sealed,,0,0,,30,,On,0,0,,76,Auckland,Traffic Signals,,,,,0,0,Urban,0,,,Fine,Null
1746657.8842,5949503.4909,896589,,506201,0,0,0,1,0,West,2022/2023,UPPER OREWA ROAD,RUSSELL ROAD,,Non-Injury Crash,No,2023,0,North,0,0,0,Hill Road,0,,0,,0,Dark,176406,0,0,0,2,0,0,0,0,0,,0,1,Auckland Region,Nil,2-way,Sealed,0,0,0,0,100,0,None,0,0,,76,Auckland,Nil,0,0,0,0,0,0,Open,0,0,0,Mist or Fog,Null
1756092.8689,5923907.3824,896590,,509800,0,,0,1,,West,2025/2026,NORTHERN MOTORWAY,TOLL PLAZA,,Non-Injury Crash,Unknown,2026,,South,,0,,Null,,,,,,Bright sun,361200,0,0,0,5,,,0,,,,,,Auckland Region,Nil,1-way,Sealed,,0,0,,80,,Null,0,0,,76,Auckland,Nil,,,,,0,0,Open,1,,,Fine,Null
1763565.7224,5916325.7747,896594,,517202,0,,0,2,,South,2025/2026,NGAHUE DRIVE,FLINT WAY,,Non-Injury Crash,No,2025,,North,,0,,Flat,,,,,,Bright sun,465304,0,0,0,2,,,0,,,,,,Auckland Region,Nil,2-way,Sealed,,0,0,,50,,Off,0,0,,76,Auckland,Nil,,,,,0,0,Urban,0,,,Fine,Null
1757313.1553,5919506.4621,896595,,514103,0,,0,1,,Null,2023/2024,CITY ROAD,SYMONDS STREET,,Non-Injury Crash,No,2024,,South,,0,,Flat,,,,,,Bright sun,436500,0,0,0,2,,,0,,,1,,,Auckland Region,Nil,2-way,Sealed,,0,0,,30,,Off,0,0,,76,Auckland,Give way,,,,,0,0,Urban,0,,,Fine,Null
1750190.8838,5915224.6788,896597,,514802,0,,0,2,,East,2023/2024,ASH STREET,SANDY LANE,,Minor Crash,No,2023,,West,,0,,Flat,,,,,,Overcast,386903,2,0,0,4,,,0,,,,,,Auckland Region,Nil,2-way,Sealed,,0,0,,50,,Off,0,0,,76,Auckland,Nil,,,,,0,0,Urban,0,,,Fine,Null
1768801.7157,5901597.3132,896604,,524901,0,0,0,3,0,South,2024/2025,SCENIC DRIVE,KELVYN GROVE,,Non-Injury Crash,No,2025,0,South,0,0,0,Flat,0,,0,,0,Dark,756300,0,0,0,2,0,0,0,0,1,,0,0,Auckland Region,Nil,2-way,Sealed,0,0,0,0,50,0,On,0,0,,76,Auckland,Nil,0,0,0,0,0,0,Urban,0,0,0,Fine,Frost
1765054.8284,5907819.1517,896606,,522301,0,,0,1,,North,2025/2026,GREAT SOUTH ROAD,GRANGE ROAD,,Non-Injury Crash,No,2025,,South,,0,,Flat,,,,,,Overcast,665900,0,0,0,2,,,0,,,,,,Auckland Region,Nil,2-way,Sealed,,0,0,,50,,Off,1,0,,76,Auckland,Isolated Pedestrian signal (non-intersection),,,,,0,0,Urban,0,,,Fine,Null
1764774.6039,5903718.9695,896611,,524604,0,,0,1,,Null,2023/2024,ROSCOMMON ROAD,CAVENDISH DRIVE OFF RAMP,,Minor Crash,No,2024,,North,,0,,Flat,,,,,,Overcast,781200,1,0,0,3,,,0,,,,,,Auckland Region,Motorway ramp,1-way,Sealed,,0,0,,60,,Off,0,0,,76,Auckland,Traffic Signals,,,,,0,0,Urban,1,,,Fine,Null
1768125.7817,5912182.8291,896619,,523000,0,,0,2,,Null,2023/2024,GOSSAMER DRIVE,OKATAINA STREET,,Non-Injury Crash,No,2023,,South,,0,,Hill Road,,,,,,Bright sun,688400,0,0,0,2,,,0,,,,,,Auckland Region,Nil,2-way,Sealed,,0,0,,50,,Off,0,0,,76,Auckland,Give way,,,,,0,0,Urban,0,,,Fine,Null
1766786.2421,5892347.5836,896620,,521122,0,,0,1,,West,2024/2025,LINWOOD ROAD,BLACKBRIDGE ROAD,,Non-Injury Crash,No,2025,,West,,0,,Flat,,,,,,Dark,810100,0,0,0,2,,,0,,,,,,Auckland Region,Nil,2-way,Sealed,,0,0,,80,,On,1,0,,76,Auckland,Nil,,,,,0,0,Open,0,,,Fine,Null
1755422.9663,5929265.8672,896626,,508420,0,0,0,1,0,South,2024/2025,NORTHERN MOTORWAY,TRISTRAM AVENUE ON RAMP,,Serious Crash,Yes,2025,0,North,0,0,0,Flat,1,,0,,0,Dark,183800,0,0,0,3,0,0,0,0,0,,0,0,Auckland Region,Motorway ramp,1-way,Sealed,0,0,1,0,100,0,On,0,0,,76,Auckland,Nil,0,0,0,0,0,0,Open,0,0,0,Fine,Null
1758390.6072,5918733.5073,896627,,517400,0,0,0,2,0,South,2023/2024,MORGAN STREET,GEORGE STREET,,Non-Injury Crash,No,2024,0,North,0,0,1,Hill Road,0,,0,,0,Bright sun,450500,0,0,0,2,0,0,0,0,1,,0,0,Auckland Region,Nil,2-way,Sealed,0,0,0,0,50,0,Off,0,0,,76,Auckland,Nil,0,0,0,1,0,0,Urban,0,0,0,Fine,Null
1768247.2306,5890852.2443,896631,,521202,0,0,0,1,0,North,2023/2024,BLACKBRIDGE ROAD,MUIR ROAD,,Non-Injury Crash,No,2024,0,South,1,0,0,Flat,0,,0,,0,Dark,807000,0,0,0,2,0,0,0,0,0,,0,0,Auckland Region,Nil,2-way,Sealed,0,0,0,0,80,0,None,0,0,,76,Auckland,Nil,0,0,0,0,0,0,Open,0,0,0,Light rain,Null
1756237.7541,5919261.0717,896632,,515420,0,,0,2,,Null,2025/2026,PONSONBY ROAD,GREAT NORTH ROAD,,Non-Injury Crash,No,2025,,South,,0,,Null,,,,,,Unknown,411600,0,0,0,4,,,0,,,,,,Auckland Region,Nil,2-way,Sealed,,0,0,,40,,Null,0,0,,76,Auckland,Traffic Signals,,,,,0,0,Urban,0,,,Fine,Null
1747811.6544,5926900.6699,896635,,513431,0,0,0,1,0,North,2022/2023,STATION STREET,BUCKLEY AVENUE,,Non-Injury Crash,No,2023,0,North,0,0,0,Flat,0,,0,,0,Bright sun,221903,0,0,1,2,0,0,0,0,1,,0,0,Auckland Region,Nil,2-way,Sealed,0,0,0,0,50,0,Off,0,0,,76,Auckland,Nil,0,0,0,0,0,0,Urban,0,0,0,Fine,Null
1768819.8112,5902782.8791,896637,,523820,0,0,0,0,0,North,2023/2024,SOUTHERN MOTORWAY,ORAMS OBR,,Non-Injury Crash,Yes,2023,0,South,0,0,0,Hill Road,1,,0,,0,Overcast,760122,0,0,0,4,0,0,0,0,0,,0,0,Auckland Region,Nil,1-way,Sealed,0,0,0,0,100,0,Off,0,0,,76,Auckland,Nil,0,0,0,0,0,0,Open,1,0,0,Light rain,Strong wind
1772581.046,5890897.7859,896640,,521203,0,,0,1,,Null,2025/2026,KARAKA ROAD,GREAT SOUTH ROAD,,Minor Crash,Yes,2025,,North,,0,,Flat,,,,,,Overcast,807300,1,0,0,1,,,0,,,,,,Auckland Region,Nil,2-way,Sealed,,0,0,,100,,None,0,0,,76,Auckland,Traffic Signals,,,,,0,0,Open,1,,,Fine,Null
1758573.0982,5918621.3324,896641,,517400,0,0,0,1,0,Null,2022/2023,BROADWAY,DAVIS CRESCENT,,Non-Injury Crash,No,2023,0,North,0,0,0,Flat,0,,0,,0,Dark,451000,0,0,0,1,0,0,0,0,0,,0,0,Auckland Region,Nil,1-way,Sealed,0,0,0,0,50,0,On,0,0,,76,Auckland,Give way,1,0,0,0,0,0,Urban,0,0,0,Light rain,Null
1746432.7083,5911035.5757,896644,,512700,0,,0,1,,North,2025/2026,SCENIC DRIVE,KOHU ROAD,,Minor Crash,No,2025,,North,,0,,Null,,,,,,Dark,300100,1,0,0,2,,,0,,,,,,Auckland Region,Nil,2-way,Sealed,,0,0,,50,,Null,0,0,,76,Auckland,Nil,,,,,0,0,Urban,0,,,Fine,Null
1745739.7654,5917223.5366,896645,,510800,0,,0,2,,Null,2022/2023,GREAT NORTH ROAD,EDMONTON ROAD,,Non-Injury Crash,No,2023,,West,,0,,Hill Road,,,,,,Bright sun,243300,0,0,0,5,,,0,,,,,,Auckland Region,Nil,2-way,Sealed,,0,0,,50,,Off,0,0,,76,Auckland,Traffic Signals,,,,,0,0,Urban,0,,,Fine,Null
1764077.5199,5914221.9811,896646,,520303,0,,0,1,,South,2025/2026,MOUNT WELLINGTON HIGHWAY,TE HORETA ROAD,,Non-Injury Crash,No,2025,,South,,0,,Null,,,,,,Unknown,627600,0,0,0,4,,,0,,,,,,Auckland Region,Nil,2-way,Null,,0,0,,50,,Null,0,0,,76,Auckland,Nil,,,,,1,0,Urban,0,,,Null,Null
1767564.6145,5904645.7982,896650,,524604,0,,0,2,,Null,2025/2026,RONWOOD AVENUE,GREAT SOUTH ROAD,,Non-Injury Crash,No,2025,,East,,0,,Null,,,,,,Overcast,780209,0,0,0,1,,,0,,,,,,Auckland Region,Nil,1-way,Sealed,,0,0,,50,,Off,0,0,,76,Auckland,Give way,,,,,0,0,Urban,0,,,Fine,Null
1755672.0117,5918331.5097,896651,,515500,0,,0,1,,South,2023/2024,NORTH-WESTERN MOTORWAY,NEWTON ROAD OFF RAMP,,Non-Injury Crash,Yes,2024,,North,,0,,Flat,,,,,,Overcast,419400,0,0,0,4,,,0,,,,,,Auckland Region,Nil,1-way,Sealed,,0,0,,80,,Off,0,0,,76,Auckland,Nil,,,,,0,0,Open,0,,,Light rain,None
1742145.3466,5996081.6279,896655,,506660,0,0,0,2,0,South,2024/2025,CAMES ROAD,MANGAWHAI ROAD,,Minor Crash,No,2025,0,North,0,0,1,Hill Road,0,,0,,0,Bright sun,135600,1,0,0,2,0,0,0,0,0,,0,0,Auckland Region,Nil,2-way,Unsealed,0,0,0,0,40,0,None,0,0,,76,Auckland,Nil,0,0,0,0,0,0,Urban,0,0,0,Fine,Null
1756541.5774,5937378.0603,896657,,506903,0,,0,0,,Null,2023/2024,BEACH ROAD,DEEP CREEK ROAD,,Minor Crash,No,2023,,South,,0,,Hill Road,,,,,,Overcast,169400,1,0,0,2,,,0,,,1,,,Auckland Region,Nil,2-way,Sealed,,0,0,,50,,None,1,0,,76,Auckland,Give way,,,,,0,0,Urban,0,,,Fine,Null
1764544.652,5912065.5052,896658,,520500,0,,0,1,,South,2024/2025,SOUTHERN MOTORWAY,MOUNT WELLINGTON HWY ON RAMP,,Non-Injury Crash,Yes,2025,,South,,0,,Flat,,,,,,Dark,639300,0,0,0,3,,,0,,,,,,Auckland Region,Nil,1-way,Sealed,,0,0,,100,,On,0,0,,76,Auckland,Nil,,,,,0,0,Open,0,,,Light rain,Null
1764635.9949,5920080.0348,896662,,516602,1,,0,1,,Null,2025/2026,TAMAKI DRIVE,SAGE ROAD,,Non-Injury Crash,No,2025,,West,,0,,Flat,,,,,,Bright sun,504400,0,0,0,2,,,0,,,,,,Auckland Region,Nil,2-way,Sealed,,0,0,,50,,Off,0,0,,76,Auckland,Stop,,,,,0,0,Urban,0,,,Fine,Null
1768279.6313,5911741.6661,896663,,523112,0,,0,1,,West,2024/2025,TI RAKAU DRIVE,TRUGOOD DRIVE,,Non-Injury Crash,No,2024,,East,,0,,Flat,,,,,,Bright sun,711404,0,0,0,4,,,0,,,,,,Auckland Region,Nil,2-way,Sealed,,0,0,,50,,Off,0,0,,76,Auckland,Nil,,,,,1,0,Urban,0,,,Fine,Null
1763837.8728,5913734.7175,896664,,520303,0,,0,2,,North,2024/2025,MOUNT WELLINGTON HIGHWAY,WAIPUNA ROAD,,Non-Injury Crash,No,2025,,South,,0,,Flat,,,,,,Bright sun,627700,0,0,0,3,,,0,,,,,,Auckland Region,Nil,1-way,Sealed,,0,0,,50,,Null,0,0,,76,Auckland,Nil,,,,,0,0,Urban,0,,,Fine,Null
1758857.1373,5907901.5968,896670,,524002,0,,0,2,,South,2025/2026,KIRKBRIDE ROAD,CREAMERY ROAD,,Non-Injury Crash,No,2026,,North,,0,,Flat,,Christmas New Year,,,,Overcast,725601,0,0,0,2,,,0,,,,,,Auckland Region,Nil,2-way,Sealed,,0,0,,50,,Off,0,0,,76,Auckland,Nil,,,,,0,0,Urban,0,,,Light rain,Null
1757216.4398,5920930.9334,896672,,514102,0,,0,2,,Null,2024/2025,FANSHAWE STREET,HOBSON STREET,,Non-Injury Crash,No,2025,,South,,0,,Flat,,,,,,Bright sun,433101,0,0,0,4,,,0,,,,,,Auckland Region,Nil,1-way,Sealed,,0,0,,40,,Null,0,0,,76,Auckland,Traffic Signals,,,,,0,0,Urban,0,,,Fine,Null
1760012.7892,5908338.2811,896673,,524403,0,0,0,2,0,North,2023/2024,SOUTH-WESTERN MOTORWAY,HALL FTBR,,Minor Crash,Yes,2023,0,South,0,0,0,Flat,1,,0,,0,Dark,729800,1,0,0,3,0,0,0,0,0,,0,0,Auckland Region,Nil,1-way,Sealed,0,0,0,0,100,0,On,0,0,,76,Auckland,Nil,0,0,0,0,0,0,Open,0,0,0,Fine,Null
1752228.7356,5931977.666,896674,,508807,0,0,0,2,0,South,2025/2026,BUSH ROAD,TARNDALE GROVE,,Non-Injury Crash,No,2025,0,South,0,0,0,Null,0,,0,,0,Unknown,180810,0,0,0,2,0,0,0,0,0,,0,0,Auckland Region,Nil,2-way,Sealed,0,0,0,0,50,0,Null,0,0,,76,Auckland,Nil,0,0,0,0,0,0,Urban,0,1,0,Fine,Null
1752281.167,5931659.3941,896676,,508807,0,0,0,2,0,North,2025/2026,BUSH ROAD,VOLKNER PLACE,,Non-Injury Crash,No,2025,0,North,0,0,0,Flat,0,,0,,0,Overcast,180302,0,0,0,2,0,0,0,0,1,,0,0,Auckland Region,Nil,2-way,Sealed,0,0,0,0,50,0,Off,0,0,,76,Auckland,Nil,0,0,0,0,0,0,Urban,0,0,0,Fine,Null
1756221.5626,5913035.9008,896677,,518701,0,,0,2,,Null,2022/2023,SOUTH-WESTERN MOTORWAY,HILLSBOROUGH ROAD ON RAMP,,Non-Injury Crash,Yes,2023,,North,,0,,Hill Road,,Easter,,,,Dark,569000,0,0,0,3,,,0,,,,,,Auckland Region,Underpass,1-way,Sealed,,0,0,,100,,On,0,0,,76,Auckland,Nil,,,,,0,0,Open,0,,,Heavy rain,Null
1728533.9464,5934139.0683,896681,,506652,0,,0,1,,South,2023/2024,SH 16,JAMES MACKIE ROAD,,Non-Injury Crash,Yes,2023,,South,,0,,Flat,,,,,,Dark,218300,0,0,0,2,,,0,,,,,,Auckland Region,Nil,2-way,Sealed,,0,0,,100,,None,0,0,,76,Auckland,Nil,,,,,0,0,Open,1,,,Fine,Null
1746629.3233,5926016.1638,896683,,513432,0,,0,1,,Null,2023/2024,HOBSONVILLE ROAD,BRIGHAM CREEK ROAD,,Non-Injury Crash,No,2024,,East,,0,,Flat,,,,,,Bright sun,223005,0,0,0,3,,,0,,,,,,Auckland Region,Nil,2-way,Sealed,,0,0,,50,,Off,0,0,,76,Auckland,Stop,,,,,1,0,Urban,0,,,Fine,Null
1753744.4924,5931941.5145,896687,,508807,0,0,0,1,0,North,2023/2024,NORTHERN MOTORWAY,UPPER HARBOUR HIGHWAY,,Non-Injury Crash,Yes,2023,0,North,0,0,0,Flat,1,,0,,0,Bright sun,180810,0,0,0,5,0,0,0,0,0,,0,0,Auckland Region,Nil,1-way,Sealed,0,0,0,0,100,0,Off,0,0,,76,Auckland,Nil,0,0,0,0,0,0,Open,0,0,0,Fine,Null
1756213.5912,5882323.9664,896688,,521152,0,0,0,1,0,Null,2025/2026,GLENBROOK ROAD,GLENBROOK STATION ROAD,,Minor Crash,No,2025,0,East,1,0,2,Flat,0,,0,,0,Bright sun,833800,1,0,0,2,0,0,0,0,0,,0,0,Auckland Region,Nil,2-way,Sealed,0,0,0,0,80,0,Off,0,0,,76,Auckland,Stop,0,0,0,0,0,0,Open,0,0,0,Fine,Null
1754706.0711,5938067.2752,896690,,508900,0,,0,2,,South,2024/2025,GLENVAR RIDGE ROAD,KUKUPA LANE,,Non-Injury Crash,No,2025,,North,,0,,Hill Road,,,,,,Dark,178309,0,0,0,2,,,0,,,,,,Auckland Region,Nil,2-way,Sealed,,0,0,,50,,On,0,0,,76,Auckland,Nil,,,,,0,0,Urban,0,,,Fine,Null
1769225.2488,5899685.8829,896703,,525002,0,0,0,2,0,Null,2023/2024,MAHIA ROAD,CHRISTMAS ROAD,,Non-Injury Crash,No,2023,0,West,0,0,0,Flat,0,Christmas New Year,0,,1,Twilight,754100,0,0,0,2,0,0,0,0,0,,0,0,Auckland Region,Nil,2-way,Sealed,0,0,0,0,50,0,On,0,0,,76,Auckland,Stop,0,0,0,0,0,0,Urban,0,0,0,Fine,Null
1741015.8461,5912381.8609,896705,,512902,0,0,0,1,0,North,2023/2024,FOREST HILL ROAD,OLD FOREST HILL ROAD,,Minor Crash,No,2023,0,South,1,0,0,Hill Road,0,,0,,0,Overcast,279101,1,0,0,2,0,0,0,0,0,,0,0,Auckland Region,Nil,2-way,Sealed,0,0,0,0,60,0,None,0,0,,76,Auckland,Nil,0,0,0,0,0,0,Urban,0,0,0,Fine,Null
1743516.6996,5923798.749,896709,,513410,0,,0,2,,West,2022/2023,FRED TAYLOR DRIVE,TAWHIA DRIVE,,Non-Injury Crash,No,2023,,East,,0,,Flat,,Easter,,,,Dark,224000,0,0,0,2,,,0,,,,,,Auckland Region,Nil,1-way,Sealed,,0,0,,50,,On,0,0,,76,Auckland,Nil,,,,,0,0,Urban,0,,,Light rain,Null
1757490.817,5920299.4461,896712,,514103,0,0,0,2,0,South,2024/2025,KITCHENER STREET,VICTORIA STREET EAST,,Non-Injury Crash,No,2024,0,North,0,0,0,Hill Road,0,,0,,0,Bright sun,437200,0,0,0,1,0,0,0,0,1,,0,0,Auckland Region,Nil,1-way,Sealed,0,0,0,0,30,0,Off,0,0,,76,Auckland,Nil,0,0,0,0,0,1,Urban,0,0,0,Fine,Null
1751989.4711,5930639.7412,896715,,509100,0,,0,2,,South,2023/2024,ALBANY HIGHWAY OFF RAMP,ALBANY HIGHWAY,,Minor Crash,No,2024,,North,,0,,Flat,,,,,,Dark,181003,1,0,0,3,,,0,,,,,,Auckland Region,Motorway ramp,1-way,Sealed,,0,0,,50,,On,1,0,,76,Auckland,Nil,,,,,0,0,Urban,1,,,Fine,Null
1760220.9864,5889126.2773,896720,,521122,0,,0,1,,South,2024/2025,KINGSEAT ROAD,MCROBBIE ROAD,,Non-Injury Crash,No,2025,,South,,0,,Flat,,Easter,,,,Dark,811002,0,0,0,2,,,0,,,,,,Auckland Region,Nil,2-way,Sealed,,0,0,,50,,Off,0,0,,76,Auckland,Nil,,,,,0,0,Urban,0,,,Heavy rain,Strong wind
1757366.6476,5918809.7929,896729,,514302,0,,0,2,,South,2023/2024,SOUTHERN MOTORWAY,GRAFTON OBR,,Minor Crash,Yes,2023,,North,,0,,Hill Road,,,,,,Overcast,441700,1,0,0,3,,,0,,,,,,Auckland Region,Nil,1-way,Sealed,,0,0,,80,,Off,0,1,,76,Auckland,Nil,,,,,0,0,Open,0,,,Fine,Null
1771571.7803,5913128.28,896730,,523102,0,0,0,2,0,North,2025/2026,WHITFORD ROAD,DANA PLACE,,Minor Crash,No,2025,0,North,0,0,1,Hill Road,0,,0,,0,Overcast,711021,1,0,0,2,0,0,0,0,0,,0,0,Auckland Region,Bridge,2-way,Sealed,0,0,0,0,50,0,Off,0,0,,76,Auckland,Nil,0,0,0,0,0,0,Urban,0,0,0,Fine,Null
1764194.8993,5910034.1599,896736,,521901,0,,0,2,,Null,2025/2026,ATKINSON AVENUE,GORDON ROAD,,Non-Injury Crash,No,2025,,North,,0,,Flat,,,,,,Bright sun,783800,0,0,0,4,,,0,,,,,,Auckland Region,Nil,2-way,Sealed,,0,0,,50,,Off,0,0,,76,Auckland,Give way,,,,,0,0,Urban,0,,,Fine,Null
1746698.3291,5917105.2841,896738,,510700,0,0,1,1,0,South,2024/2025,TE ATATU ROAD,KOKIRI STREET,,Non-Injury Crash,No,2025,0,North,0,0,0,Hill Road,0,,0,,0,Overcast,241100,0,0,0,2,0,0,0,0,0,,0,0,Auckland Region,Nil,2-way,Sealed,0,0,0,0,50,0,Off,0,0,,76,Auckland,Nil,0,0,0,0,0,0,Urban,0,1,0,Heavy rain,Null
1752271.8578,5914240.8572,896740,,514500,0,,0,1,,East,2024/2025,TIVERTON ROAD,WHITNEY STREET,,Non-Injury Crash,No,2025,,East,,0,,Hill Road,,,,,,Dark,374900,0,0,0,4,,,0,,,,,,Auckland Region,Nil,2-way,Sealed,,0,0,,50,,On,0,0,30,76,Auckland,Nil,,,,,0,0,Urban,3,,,Fine,Null
1729633.0225,5940086.0099,896748,,506800,0,0,0,1,0,North,2025/2026,COMMERCIAL ROAD,PORTER CRESCENT,,Non-Injury Crash,Yes,2026,0,North,0,0,0,Hill Road,0,,1,,0,Overcast,208800,0,0,0,2,0,0,0,0,0,,0,0,Auckland Region,Nil,2-way,Sealed,0,0,0,0,50,0,Off,0,0,,76,Auckland,Nil,0,0,0,0,0,0,Urban,0,0,0,Fine,Null