X,Y,OBJECTID,advisorySpeed,areaUnitID,bicycle,bridge,bus,carStationWagon,cliffBank,crashDirectionDescription,crashFinancialYear,crashLocation1,crashLocation2,crashRoadSideRoad,crashSeverity,crashSHDescription,crashYear,debris,directionRoleDescription,ditch,fatalCount,fence,flatHill,guardRail,holiday,houseOrBuilding,intersection,kerb,light,meshblockId,minorInjuryCount,moped,motorcycle,NumberOfLanes,objectThrownOrDropped,otherObject,otherVehicleType,overBank,parkedVehicle,pedestrian,phoneBoxEtc,postOrPole,region,roadCharacter,roadLane,roadSurface,roadworks,schoolBus,seriousInjuryCount,slipOrFlood,speedLimit,strayAnimal,streetLight,suv,taxi,temporarySpeedLimit,tlaId,tlaName,trafficControl,trafficIsland,trafficSign,train,tree,truck,unknownVehicleType,urban,vanOrUtility,vehicle,waterRiver,weatherA,weatherB
1760590.8568,5913075.108,896750,,519900,0,0,0,2,0,West,2025/2026,MOUNT SMART ROAD,FELIX STREET,,Non-Injury Crash,No,2025,0,West,0,0,1,Flat,0,,0,,1,Bright sun,604000,0,0,0,2,0,0,0,0,1,,0,0,Auckland Region,Nil,2-way,Sealed,0,0,0,0,50,0,Off,0,0,,76,Auckland,Nil,0,0,0,0,0,0,Urban,0,0,0,Fine,Null
1744463.3024,5974613.0157,896755,65,506661,0,0,0,1,0,North,2023/2024,SH 1,KRAACK ROAD,,Non-Injury Crash,Yes,2023,0,East,0,0,0,Hill Road,0,,0,,0,Overcast,138900,0,0,0,2,0,0,0,0,0,,0,0,Auckland Region,Nil,2-way,Sealed,0,0,0,0,80,0,Off,0,0,50,76,Auckland,Nil,0,1,0,1,0,0,Open,0,0,0,Fine,Null
1760269.0945,5907529.5737,896757,,524112,0,0,0,1,0,North,2025/2026,SOUTH-WESTERN MOTORWAY,GEORGE BOLT MEMORIAL DRIVE,,Minor Crash,Yes,2026,0,West,0,0,0,Flat,1,,0,,0,Overcast,737500,1,0,0,1,0,0,0,0,0,,0,0,Auckland Region,Nil,1-way,Sealed,0,0,0,0,100,0,Off,0,0,,76,Auckland,Nil,0,0,0,0,0,0,Open,0,0,0,Fine,Null
1755580.1262,5924648.3059,896759,,509800,0,,0,0,,West,2025/2026,ONEWA ROAD,QUEEN STREET,,Non-Injury Crash,No,2026,,East,,0,,Flat,,,,,,Overcast,360400,0,0,1,4,,,0,,,,,,Auckland Region,Nil,2-way,Unsealed,,0,0,,50,,Off,1,0,,76,Auckland,Nil,,,,,0,0,Urban,0,,,Fine,Null
1742379.1305,5921585.5363,896761,,513621,0,0,0,1,0,North,2025/2026,BIRDWOOD ROAD,MUDGEWAYS ROAD,,Serious Crash,No,2025,0,South,0,0,0,Flat,0,,0,,0,Twilight,226601,0,0,0,2,0,0,0,0,0,,0,1,Auckland Region,Nil,2-way,Sealed,0,0,1,0,60,0,On,0,0,,76,Auckland,Nil,0,0,0,0,0,0,Urban,0,0,0,Fine,Null
1751131.516,5915834.1609,896764,,514401,0,,0,1,,South,2023/2024,GREAT NORTH ROAD,HENRY STREET,,Non-Injury Crash,No,2023,,North,,0,,Flat,,,,,,Dark,381801,0,0,0,2,,,0,,,,,,Auckland Region,Nil,2-way,Unsealed,,0,0,,50,,On,0,0,,76,Auckland,Nil,,,,,0,0,Urban,0,,,Fine,Null
1766918.2643,5913069.7554,896766,,522910,0,0,0,1,0,South,2024/2025,WILLIAM ROBERTS ROAD,REEVES ROAD,,Minor Crash,No,2025,0,South,0,0,0,Flat,0,Easter,0,,0,Overcast,685900,1,0,0,2,0,0,0,1,0,,0,0,Auckland Region,Nil,2-way,Sealed,0,0,0,0,50,0,Off,0,0,30,76,Auckland,Nil,0,0,0,0,0,0,Urban,0,0,0,Fine,Null
1766741.6204,5908922.1958,896767,,523402,0,,1,1,,Null,2025/2026,GILBERT ROAD,OTARA ROAD,,Serious Crash,No,2025,,East,,0,,Hill Road,,,,,,Bright sun,697500,1,0,0,2,,,0,,,,,,Auckland Region,Nil,2-way,Sealed,,0,1,,50,,Off,0,0,,76,Auckland,Stop,,,,,0,0,Urban,0,,,Fine,Null
1764023.8985,5910829.9429,896768,,520500,0,0,0,0,0,North,2023/2024,MOUNT WELLINGTON HIGHWAY,NEW BRIGHTON ROAD,,Minor Crash,No,2023,0,North,0,0,0,Hill Road,1,,0,,0,Dark,638100,1,0,0,2,0,0,0,0,0,,0,0,Auckland Region,Nil,2-way,Sealed,0,0,0,0,50,0,On,1,0,,76,Auckland,Nil,0,0,0,0,0,0,Urban,0,0,0,Fine,Null
1727662.3195,5938591.1406,896769,,506642,0,0,0,1,0,South,2025/2026,SH 16,RIMMER ROAD,,Non-Injury Crash,Yes,2025,0,North,0,0,0,Flat,1,,0,,0,Overcast,211100,0,0,0,2,0,0,0,0,0,,0,0,Auckland Region,Nil,2-way,Sealed,0,0,0,0,100,0,None,0,0,,76,Auckland,Nil,0,0,0,0,0,0,Open,0,0,0,Light rain,Null
1745306.7524,5919750.4695,896770,,513301,0,,0,2,,Null,2024/2025,LINCOLN ROAD,UNIVERSAL DRIVE,,Non-Injury Crash,No,2024,,North,,0,,Flat,,,,,,Bright sun,230401,0,0,0,6,,,0,,,,,,Auckland Region,Nil,2-way,Sealed,,0,0,,50,,Off,0,0,,76,Auckland,Traffic Signals,,,,,0,0,Urban,0,,,Fine,Null
1728410.2044,5941133.5729,896776,,506644,0,0,0,1,0,South,2022/2023,PARKHURST ROAD,WAIWERA AVENUE,,Non-Injury Crash,No,2023,0,North,1,0,0,Flat,0,,0,,0,Overcast,211005,0,0,0,2,0,0,0,0,0,,0,0,Auckland Region,Nil,2-way,Sealed,0,0,0,0,80,0,Off,0,0,,76,Auckland,Nil,0,0,0,0,1,0,Open,0,0,0,Light rain,Null
1781382.0033,5904291.5087,896777,,525201,0,,0,2,,South,2025/2026,NORTH ROAD,THORPS QUARRY ROAD,,Non-Injury Crash,No,2025,,North,,0,,Null,,,,,,Bright sun,762800,0,0,0,2,,,0,,,,,,Auckland Region,Nil,2-way,Sealed,,0,0,,50,,Null,0,0,,76,Auckland,Nil,,,,,0,0,Urban,0,,,Fine,Null
1745733.0811,5917403.0455,896778,,510700,0,,0,2,,Null,2024/2025,EDMONTON ROAD,ALDERMAN DRIVE,,Non-Injury Crash,No,2024,,South,,0,,Hill Road,,,,,,Bright sun,240401,0,0,0,1,,,0,,,,,,Auckland Region,Nil,1-way,Sealed,,0,0,,50,,Null,0,0,,76,Auckland,Give way,,,,,0,0,Urban,0,,,Fine,Null
1751101.2723,5925354.7776,896779,,510020,0,0,0,1,0,Null,2024/2025,RANGATIRA ROAD,MARINERS VIEW ROAD,,Non-Injury Crash,No,2025,0,North,0,0,0,Null,0,,0,,0,Dark,345200,0,0,0,2,0,0,0,0,1,,0,0,Auckland Region,Nil,2-way,Sealed,0,0,0,0,50,0,Null,0,0,,76,Auckland,Give way,0,0,0,0,0,0,Urban,0,0,0,Fine,Null
1767506.5376,5904608.3029,896782,,524604,0,,0,1,,Null,2022/2023,RONWOOD AVENUE,LEYTON WAY,,Non-Injury Crash,No,2023,,West,,0,,Flat,,,,,,Bright sun,780204,0,0,0,1,,,0,,,,,,Auckland Region,Nil,1-way,Sealed,,0,0,,50,,Off,1,0,,76,Auckland,Give way,,,,,0,0,Urban,0,,,Fine,None
1756755.2166,5919873.0985,896784,,514102,0,,0,1,,Null,2023/2024,HOBSON STREET,HOBSON STREET ON RAMP,,Serious Crash,No,2024,,South,,0,,Flat,,,,,,Dark,435500,0,0,0,4,,,0,,,1,,,Auckland Region,Motorway ramp,1-way,Sealed,,0,1,,40,,On,0,0,,76,Auckland,Traffic Signals,,,,,0,0,Urban,0,,,Fine,Null
1757472.1242,5918705.9965,896787,,514302,0,,0,1,,East,2024/2025,SOUTHERN MOTORWAY,SYMONDS STREET OFF RAMP,,Non-Injury Crash,Yes,2025,,North,,0,,Flat,,,,,,Twilight,442500,0,0,0,4,,,0,,,,,,Auckland Region,Nil,1-way,Sealed,,0,0,,80,,Off,0,0,,76,Auckland,Nil,,,,,0,0,Open,1,,,Light rain,Null
1755709.8027,5913217.4106,896788,,518701,0,,0,2,,East,2022/2023,SOUTH-WESTERN MOTORWAY,KEITH HAY PARK FTBR,,Non-Injury Crash,Yes,2023,,East,,0,,Flat,,,,,,Overcast,573800,0,0,0,2,,,0,,,,,,Auckland Region,Nil,1-way,Sealed,,0,0,,100,,Off,0,0,,76,Auckland,Nil,,,,,0,0,Open,0,,,Light rain,Null
1769544.8626,5912995.8292,896789,,522723,1,,0,0,,Null,2025/2026,CASCADES ROAD,BEN LOMOND CRESCENT,,Minor Crash,No,2025,,West,,0,,Flat,,,,,,Bright sun,681500,1,0,0,2,,,0,,,,,,Auckland Region,Nil,2-way,Sealed,,0,0,,50,,Off,1,0,,76,Auckland,Give way,,,,,0,0,Urban,0,,,Fine,Null
1741325.5298,5927659.9227,896790,,505604,0,0,0,1,0,Null,2023/2024,COATESVILLE-RIVERHEAD HIGHWAY,BRIGHAM LANE,,Non-Injury Crash,No,2023,0,South,0,0,0,Flat,0,,0,,0,Unknown,214502,0,0,0,2,0,0,0,0,0,,0,0,Auckland Region,Nil,2-way,Sealed,0,0,0,0,60,0,Null,1,0,,76,Auckland,Nil,0,0,0,0,0,0,Urban,0,1,0,Null,None
1749383.3814,5913920.4566,896791,,511302,0,0,0,0,0,West,2025/2026,GREAT NORTH ROAD,TITIRANGI ROAD,,Minor Crash,No,2025,0,East,0,0,0,Hill Road,0,,0,,0,Bright sun,268800,1,0,0,2,0,0,0,0,0,,0,1,Auckland Region,Nil,2-way,Sealed,0,0,0,0,50,0,Off,0,0,,76,Auckland,Nil,0,0,0,0,0,0,Urban,1,0,0,Fine,Null
1739098.7993,5944256.3147,896794,,506614,0,0,0,2,0,North,2024/2025,KAHIKATEA FLAT ROAD,STEVENS LANE,,Fatal Crash,No,2024,0,West,1,2,0,Flat,0,,0,,0,Dark,177600,0,0,0,2,0,0,0,0,0,,0,0,Auckland Region,Bridge,2-way,Sealed,0,0,0,0,50,0,On,0,0,,76,Auckland,Nil,0,0,0,1,0,0,Urban,0,0,0,Fine,Null
1764709.6311,5917657.7524,896806,,517201,0,0,0,3,0,East,2023/2024,FELTON MATHEW AVENUE,SIMKIN AVENUE,,Non-Injury Crash,No,2024,0,South,0,0,0,Hill Road,0,,0,,0,Dark,464504,0,0,0,2,0,0,0,0,1,,0,0,Auckland Region,Nil,2-way,Sealed,0,0,0,0,50,0,On,0,0,,76,Auckland,Nil,0,0,0,0,0,0,Urban,0,0,0,Fine,Null
1749059.4634,5918347.5089,896807,,514801,0,,0,1,,West,2024/2025,NORTH-WESTERN MOTORWAY,ROSEBANK OBR,,Non-Injury Crash,Yes,2025,,East,,0,,Flat,,,,,,Dark,389200,0,0,0,4,,,0,,,,,,Auckland Region,Nil,1-way,Sealed,,0,0,,100,,On,0,0,,76,Auckland,Nil,,,,,0,0,Open,1,,,Fine,Null
1748454.5249,5926657.9057,896809,,513431,0,0,0,0,0,South,2025/2026,WALLACE ROAD,SHELDUCK WAY,,Non-Injury Crash,No,2025,0,South,0,0,0,Null,0,,0,,0,Bright sun,222800,0,0,0,2,0,0,0,0,1,,0,0,Auckland Region,Nil,2-way,Sealed,0,0,0,0,50,0,Null,1,0,,76,Auckland,Nil,0,0,0,0,0,0,Urban,1,0,0,Fine,Null
1785336.6162,5925815.1709,896816,,520801,0,0,0,1,0,South,2022/2023,ONETANGI ROAD,TRIG HILL ROAD,,Non-Injury Crash,No,2023,0,North,0,0,0,Hill Road,0,,0,,0,Overcast,515403,0,0,0,2,0,0,0,0,0,,0,0,Auckland Region,Nil,2-way,Sealed,0,0,0,0,50,0,None,0,0,,76,Auckland,Nil,0,0,0,1,0,0,Urban,0,0,0,Heavy rain,Null
1768372.5526,5904449.758,896818,,523820,0,,0,2,,Null,2022/2023,DIORELLA DRIVE,DIORELLA DRIVE,,Non-Injury Crash,No,2023,,West,,0,,Flat,,,,,,Bright sun,759901,0,0,0,3,,,0,,,,,,Auckland Region,Nil,2-way,Sealed,,0,0,,50,,None,0,0,,76,Auckland,Give way,,,,,0,0,Urban,0,,,Fine,None
1756667.9509,5932788.9704,896829,,507400,0,0,0,2,0,East,2024/2025,MONTROSE TERRACE,BEACH ROAD,,Non-Injury Crash,No,2025,0,East,0,0,0,Flat,0,,0,,0,Bright sun,151800,0,0,0,2,0,0,0,0,1,,0,0,Auckland Region,Nil,2-way,Sealed,0,0,0,0,30,0,Off,0,0,,76,Auckland,Nil,0,0,0,0,0,0,Urban,0,0,0,Fine,Null
1753712.8174,5915687.1641,896838,,517903,0,0,0,2,0,North,2024/2025,MOUNT ALBERT ROAD,HIGHLAND ROAD,,Minor Crash,No,2025,0,North,0,0,0,Hill Road,0,Easter,0,,0,Dark,522000,1,0,0,2,0,0,0,0,1,,0,0,Auckland Region,Nil,2-way,Sealed,0,0,0,0,50,0,On,0,0,,76,Auckland,Nil,0,0,0,0,0,0,Urban,1,0,0,Light rain,Null
1745799.1951,5916374.5615,896839,,510800,0,0,0,1,0,East,2024/2025,LAVELLE ROAD,VIEW ROAD,,Non-Injury Crash,No,2025,0,West,0,0,1,Flat,0,,0,,0,Overcast,243800,0,0,0,2,0,0,0,0,0,,0,0,Auckland Region,Nil,2-way,Sealed,0,0,0,0,50,0,Off,0,0,,76,Auckland,Nil,0,0,0,0,0,0,Urban,0,0,0,Fine,Null
1768179.8028,5909861.8482,896841,,523112,0,,0,1,,Null,2025/2026,ALLENS ROAD,BLACKBURN ROAD,,Non-Injury Crash,No,2026,,South,,0,,Null,,,,,,Overcast,711500,0,0,0,2,,,0,,,,,,Auckland Region,Nil,2-way,Sealed,,0,0,,50,,Null,0,0,,76,Auckland,Give way,,,,,0,0,Urban,0,,,Light rain,Null
1754561.2991,5928120.4957,896842,,508310,0,,0,1,,East,2024/2025,CHIVALRY ROAD,AVALON PLACE,,Minor Crash,No,2025,,South,,0,,Flat,,,,,,Overcast,200701,1,0,0,2,,,0,,,1,,,Auckland Region,Nil,2-way,Sealed,,0,0,,50,,Off,0,0,,76,Auckland,Nil,,,,,0,0,Urban,0,,,Fine,Null
1756526.9634,5926937.4927,896843,,507900,0,0,0,4,0,North,2023/2024,NORTHERN MOTORWAY,NORTHCOTE ROAD ON RAMP,,Non-Injury Crash,Yes,2023,0,South,0,0,0,Flat,2,Christmas New Year,0,,0,Overcast,303502,0,0,0,4,0,0,0,0,0,,0,0,Auckland Region,Nil,1-way,Sealed,0,0,0,0,100,0,Off,0,0,,76,Auckland,Nil,0,0,0,0,0,0,Open,1,0,0,Heavy rain,Null
1758933.9126,5904305.0749,896845,,524200,0,,0,2,,Null,2023/2024,GEORGE BOLT MEMORIAL DRIVE,IHUMATAO ROAD,,Non-Injury Crash,No,2024,,North,,0,,Flat,,Christmas New Year,,,,Bright sun,727000,0,0,0,3,,,0,,,,,,Auckland Region,Nil,1-way,Sealed,,0,0,,60,,Off,0,0,,76,Auckland,Stop,,,,,0,0,Urban,0,,,Fine,None
1768544.6255,5901264.3823,896846,,524901,0,,0,1,,Null,2025/2026,GREAT SOUTH ROAD,PENNY LANE,,Minor Crash,No,2025,,North,,0,,Flat,,Christmas New Year,,,,Twilight,756600,1,0,0,2,,,0,,,1,,,Auckland Region,Nil,2-way,Sealed,,0,0,,50,,On,0,0,,76,Auckland,Give way,,,,,0,0,Urban,0,,,Fine,Frost
1744981.7751,5914229.8594,896847,,512905,0,,0,2,,North,2023/2024,PARRS CROSS ROAD,WEST COAST ROAD,,Non-Injury Crash,No,2024,,North,,0,,Flat,,,,,,Bright sun,278904,0,0,0,2,,,0,,,,,,Auckland Region,Nil,2-way,Sealed,,0,0,,50,,Off,0,0,,76,Auckland,Nil,,,,,0,0,Urban,0,,,Fine,Null
1771997.1349,5897242.7485,896848,,525420,0,,0,2,,Null,2025/2026,GREAT SOUTH ROAD,TRENTHAM ROAD,,Non-Injury Crash,No,2026,,North,,0,,Flat,,,,,,Overcast,790800,0,0,0,2,,,0,,,,,,Auckland Region,Nil,2-way,Sealed,,0,0,,50,,Off,0,0,40,76,Auckland,Stop,,,,,0,0,Urban,0,,,Fine,Null
1745591.205,5916675.561,896849,,510800,1,,0,1,,North,2023/2024,VITASOVICH AVENUE,VIEW ROAD,,Non-Injury Crash,No,2024,,North,,0,,Flat,,,,,,Bright sun,243300,0,0,0,2,,,0,,,,,,Auckland Region,Nil,2-way,Sealed,,0,0,,50,,Off,0,0,,76,Auckland,Nil,,,,,0,0,Urban,0,,,Fine,Null
1769883.395,5900072.1952,896856,,524902,0,,0,1,,South,2024/2025,SOUTHERN MOTORWAY,MANUREWA-TAKANINI ON RAMP,,Non-Injury Crash,Yes,2024,,North,,0,,Flat,,,,,,Dark,759200,0,0,0,2,,,0,,,,,,Auckland Region,Motorway ramp,1-way,Sealed,,0,0,,100,,On,0,0,,76,Auckland,Nil,,,,,1,0,Open,0,,,Fine,Null
1758345.9334,5913381.1275,896858,,519710,0,,0,2,,East,2025/2026,MOUNT SMART ROAD,CAMPBELL ROAD,,Non-Injury Crash,No,2025,,West,,0,,Flat,,,,,,Dark,595200,0,0,0,2,,,0,,,,,,Auckland Region,Nil,2-way,Sealed,,0,0,,50,,On,0,0,,76,Auckland,Nil,,,,,0,0,Urban,0,,,Fine,Null
1768977.5161,5882226.1935,896861,,525910,0,,0,0,,Null,2023/2024,PAERATA ROAD,CAPE HILL ROAD,,Non-Injury Crash,No,2024,,South,,0,,Flat,,,,,,Bright sun,817800,0,0,1,2,,,0,,,,,,Auckland Region,Nil,2-way,Sealed,,0,0,,50,,Off,0,0,,76,Auckland,Give way,,,,,0,0,Urban,0,,,Fine,Null
1749173.9602,5942842.5883,896862,,506003,0,0,0,1,0,North,2024/2025,EAST COAST ROAD,WILKS ROAD,,Minor Crash,No,2025,0,South,0,0,1,Flat,0,,0,,0,Overcast,175814,1,0,0,2,0,0,0,0,0,,0,0,Auckland Region,Nil,2-way,Sealed,0,0,0,0,80,0,None,0,0,,76,Auckland,Nil,0,0,0,1,0,0,Open,0,0,0,Fine,Null
1771475.388,5895284.5286,896867,,525540,0,0,0,1,0,North,2022/2023,PAPAKURA ON RAMP,SOUTHERN MOTORWAY,,Non-Injury Crash,No,2023,0,South,0,0,0,Flat,1,,0,,0,Dark,806402,0,0,0,1,0,0,0,0,0,,0,0,Auckland Region,Motorway ramp,1-way,Sealed,0,0,0,0,100,0,On,0,0,80,76,Auckland,Nil,0,0,0,0,0,0,Open,0,0,0,Fine,Null
1746572.3975,5915626.2469,896874,,511601,0,,0,2,,Null,2025/2026,GREAT NORTH ROAD,VIEW ROAD,,Serious Crash,No,2025,,North,,0,,Hill Road,,,,,,Twilight,276006,1,0,0,2,,,0,,,,,,Auckland Region,Nil,2-way,Sealed,,0,1,,50,,On,0,0,,76,Auckland,Traffic Signals,,,,,0,0,Urban,0,,,Fine,Null
1767701.7848,5913570.76,896877,,522820,0,,0,1,,Null,2025/2026,PAKURANGA ROAD,GRAMMAR SCHOOL ROAD,,Non-Injury Crash,No,2026,,East,,0,,Null,,,,,,Bright sun,695002,0,0,0,3,,,0,,,,,,Auckland Region,Nil,1-way,Sealed,,0,0,,50,,Null,0,0,,76,Auckland,Give way,,,,,0,1,Urban,0,,,Fine,Null
1761006.4293,5880169.3878,896880,,521121,0,0,0,0,1,South,2024/2025,TITI ROAD,PILGRIM ROAD,,Non-Injury Crash,No,2024,0,North,0,0,1,Flat,0,,0,,0,Overcast,812400,0,0,0,2,0,0,0,0,0,,0,0,Auckland Region,Nil,2-way,Sealed,0,0,0,0,80,0,None,0,0,,76,Auckland,Nil,0,0,0,0,1,0,Open,0,0,0,Fine,Null
1763954.1624,5912502.2202,896883,,520500,0,,0,2,,East,2025/2026,SOUTHERN MOTORWAY,MT WGTN OBR,,Non-Injury Crash,Yes,2025,,West,,0,,Flat,,,,,,Bright sun,639500,0,0,0,2,,,0,,,,,,Auckland Region,Nil,1-way,Sealed,,0,0,,100,,Off,0,0,,76,Auckland,Nil,,,,,0,0,Open,0,,,Fine,Null
1772349.5228,5893556.1781,896885,,525530,0,,0,0,,South,2025/2026,SOUTHERN MOTORWAY,SERVICE CENTRE OFF SBD,,Non-Injury Crash,Yes,2025,,South,,0,,Flat,,,,,,Bright sun,808607,0,0,0,2,,,0,,,,,,Auckland Region,Nil,1-way,Sealed,,0,0,,100,,Null,0,0,,76,Auckland,Nil,,,,,2,0,Open,0,,,Fine,Null
1767009.659,5904849.4675,896903,,524603,0,,0,2,,Null,2025/2026,JACK CONWAY AVENUE,FREEMAN WAY,,Non-Injury Crash,No,2025,,Null,,0,,Null,,,,,,Unknown,780205,0,0,0,2,,,0,,,,,,Auckland Region,Nil,2-way,Sealed,,0,0,,50,,Null,0,0,,76,Auckland,Nil,,,,,0,0,Urban,0,,,Null,Null
1773433.2581,5891856.986,896906,35,521301,0,0,0,2,0,Null,2023/2024,GREAT SOUTH ROAD,NORRIE ROAD,,Non-Injury Crash,No,2024,0,West,0,0,0,Flat,0,,0,,0,Bright sun,808701,0,0,0,1,0,0,0,0,0,,0,1,Auckland Region,Nil,1-way,Unsealed,0,0,0,0,50,0,Off,0,0,,76,Auckland,Give way,0,0,0,0,0,0,Urban,0,0,0,Fine,Null
1765685.2842,5901409.9372,896910,,524711,0,,0,2,,Null,2023/2024,BROWNS ROAD,ROSCOMMON ROAD,,Non-Injury Crash,No,2024,,South,,0,,Flat,,,,,,Dark,774900,0,0,0,1,,,0,,,,,,Auckland Region,Nil,1-way,Sealed,,0,0,,50,,On,0,0,,76,Auckland,Give way,,,,,0,0,Urban,0,,,Fine,Null
1770719.5961,5904581.8837,896912,35,523712,0,0,0,0,0,North,2024/2025,MURPHYS ROAD,REDOUBT ROAD,,Minor Crash,No,2024,0,East,0,0,0,Hill Road,1,,0,,0,Dark,716300,1,0,0,2,0,0,0,0,0,,0,0,Auckland Region,Nil,2-way,Sealed,0,0,0,0,60,0,None,1,0,,76,Auckland,Nil,0,0,0,0,0,0,Urban,0,0,0,Light rain,Null
1753975.3144,5876351.9111,896914,,526104,0,,0,1,,Null,2024/2025,KITCHENER ROAD,RACECOURSE ROAD,,Non-Injury Crash,No,2025,,East,,0,,Flat,,,,,,Bright sun,835900,0,0,0,2,,,0,,,,,,Auckland Region,Nil,2-way,Sealed,,0,0,,50,,Off,1,0,,76,Auckland,Give way,,,,,0,0,Urban,0,,,Fine,Null
1751164.3121,5915490.1872,896919,,514401,0,,0,2,,Null,2023/2024,GREAT NORTH ROAD,ROSEBANK ROAD,,Minor Crash,No,2024,,South,,0,,Flat,,,,,,Bright sun,381802,1,0,0,3,,,0,,,,,,Auckland Region,Nil,2-way,Sealed,,0,0,,50,,None,0,0,,76,Auckland,Traffic Signals,,,,,0,0,Urban,0,,,Fine,Null
1743492.9452,5919578.0497,896923,,513212,0,,0,2,,Null,2023/2024,DON BUCK ROAD,WOODSIDE ROAD,,Minor Crash,No,2024,,South,,0,,Hill Road,,,,,,Dark,235400,1,0,0,2,,,0,,,,,,Auckland Region,Nil,2-way,Sealed,,0,0,,50,,On,0,0,,76,Auckland,Stop,,,,,0,0,Urban,0,,,Fine,Null
1769908.4909,5901038.8332,896930,,523816,0,0,0,1,0,South,2024/2025,SOUTHERN MOTORWAY,ALFRISTON OBR,,Non-Injury Crash,Yes,2025,0,South,0,0,0,Flat,1,,0,,0,Overcast,759724,0,0,0,3,0,0,0,0,0,,0,0,Auckland Region,Nil,1-way,Sealed,0,0,0,0,100,0,On,0,0,,76,Auckland,Nil,0,0,0,0,0,0,Open,0,0,0,Light rain,Null
1749305.9616,5918162.1903,896931,,514801,0,,0,2,,North,2023/2024,NORTH-WESTERN MOTORWAY,ROSEBANK ROAD OFF RAMP,,Minor Crash,Yes,2024,,North,,0,,Flat,,,,,,Bright sun,390401,1,0,0,5,,,0,,,,,,Auckland Region,Nil,1-way,Sealed,,0,0,,100,,Off,0,0,,76,Auckland,Nil,,,,,0,0,Open,0,,,Fine,Null
1746632.3422,5926024.6949,896934,,513431,0,,0,2,,Null,2025/2026,BRIGHAM CREEK ROAD,HOBSONVILLE ROAD,,Minor Crash,No,2025,,South,,0,,Flat,,,,,,Bright sun,223802,1,0,0,3,,,0,,,,,,Auckland Region,Nil,2-way,Sealed,,0,0,,50,,On,0,0,,76,Auckland,Stop,,,,,0,0,Urban,0,,,Fine,Null
1756012.6748,5918643.6521,896935,,515500,0,,0,1,,North,2023/2024,NEWTON ROAD OFF RAMP,NORTH-WESTERN MOTORWAY,,Non-Injury Crash,No,2023,,North,,0,,Flat,,,,,,Bright sun,418700,0,0,0,1,,,0,,,,,,Auckland Region,Nil,1-way,Sealed,,0,0,,50,,Off,0,0,,76,Auckland,Nil,,,,,0,0,Urban,1,,,Fine,Null
1748639.9154,5943605.3945,896942,,506201,0,,0,1,,South,2024/2025,NORTHERN MOTORWAY,SILVERDALE ON RAMP,,Non-Injury Crash,Yes,2025,,South,,0,,Flat,,,,,,Twilight,176801,0,0,0,2,,,0,,,,,,Auckland Region,Nil,1-way,Sealed,,0,0,,100,,Off,1,0,,76,Auckland,Nil,,,,,0,0,Open,2,,,Fine,Null
1727406.0917,5978358.9768,896944,,506613,0,0,0,1,0,East,2024/2025,WHAREHINE ROAD,RUN ROAD,,Non-Injury Crash,No,2025,0,North,0,0,1,Hill Road,0,,0,,0,Overcast,145000,0,0,0,2,0,0,0,0,0,,0,0,Auckland Region,Nil,2-way,Sealed,0,0,0,0,100,0,None,0,0,,76,Auckland,Nil,0,0,0,0,0,0,Open,0,0,0,Light rain,Null
1767463.8541,5907656.7841,896955,,523502,0,0,0,1,0,East,2023/2024,EAST TAMAKI ROAD,FERGUSON ROAD,,Minor Crash,No,2023,0,East,0,0,0,Flat,0,,0,,0,Dark,701900,2,0,0,4,0,0,0,0,0,,0,1,Auckland Region,Nil,2-way,Sealed,0,0,0,0,50,0,On,0,0,,76,Auckland,Nil,0,0,0,0,0,0,Urban,0,0,0,Fine,Null
1765929.9919,5916234.9156,896956,,517100,0,0,0,1,0,South,2024/2025,WADDELL AVENUE,ANDERSON AVENUE,,Non-Injury Crash,No,2025,0,South,0,0,0,Flat,0,,0,,0,Dark,478600,0,0,0,2,0,1,0,0,1,,0,0,Auckland Region,Nil,2-way,Sealed,0,0,0,0,50,0,On,1,0,,76,Auckland,Nil,0,0,0,0,0,0,Urban,0,0,0,Fine,Null
1757199.8815,5919063.9935,896958,,514301,0,0,0,1,0,Null,2025/2026,SOUTHERN MOTORWAY,SYMONDS STREET ON RAMP,,Serious Crash,Yes,2025,0,South,0,0,0,Hill Road,1,,0,,0,Dark,441200,0,0,0,4,0,0,0,0,0,,0,0,Auckland Region,Nil,1-way,Sealed,0,0,1,0,80,0,On,0,0,,76,Auckland,Nil,0,0,0,0,0,0,Open,0,0,0,Fine,Null
1756084.8103,5925916.4696,896963,,509702,0,0,0,1,0,North,2022/2023,COLLEGE ROAD,CADNESS STREET,,Non-Injury Crash,No,2023,0,North,0,0,0,Flat,0,,0,,0,Dark,365300,0,0,0,2,0,0,0,0,0,,0,0,Auckland Region,Nil,2-way,Sealed,0,0,0,0,50,0,Off,0,0,,76,Auckland,Nil,0,0,0,1,0,0,Urban,0,0,0,Fine,Null
1769264.189,5902009.7431,896970,,524901,0,,0,1,,North,2024/2025,IORANGI PLACE,GRANDE VUE ROAD,,Non-Injury Crash,No,2025,,West,,0,,Hill Road,,,,,,Dark,755500,0,0,0,2,,,0,,,,,,Auckland Region,Nil,2-way,Sealed,,0,0,,50,,On,0,0,,76,Auckland,Nil,,,,,0,1,Urban,0,,,Fine,Null