X,Y,OBJECTID,advisorySpeed,areaUnitID,bicycle,bridge,bus,carStationWagon,cliffBank,crashDirectionDescription,crashFinancialYear,crashLocation1,crashLocation2,crashRoadSideRoad,crashSeverity,crashSHDescription,crashYear,debris,directionRoleDescription,ditch,fatalCount,fence,flatHill,guardRail,holiday,houseOrBuilding,intersection,kerb,light,meshblockId,minorInjuryCount,moped,motorcycle,NumberOfLanes,objectThrownOrDropped,otherObject,otherVehicleType,overBank,parkedVehicle,pedestrian,phoneBoxEtc,postOrPole,region,roadCharacter,roadLane,roadSurface,roadworks,schoolBus,seriousInjuryCount,slipOrFlood,speedLimit,strayAnimal,streetLight,suv,taxi,temporarySpeedLimit,tlaId,tlaName,trafficControl,trafficIsland,trafficSign,train,tree,truck,unknownVehicleType,urban,vanOrUtility,vehicle,waterRiver,weatherA,weatherB
1754253.3143,5911389.3492,896973,,519001,0,0,0,2,0,North,2023/2024,HILLSBOROUGH ROAD,CAPE HORN ROAD,,Non-Injury Crash,No,2023,0,North,0,0,1,Hill Road,0,,0,,0,Twilight,589204,0,0,0,2,0,0,0,0,0,,0,0,Auckland Region,Nil,2-way,Sealed,0,0,0,0,50,0,Off,0,1,,76,Auckland,Nil,0,0,0,1,0,0,Urban,0,0,0,Fine,Null
1767388.6345,5906032.1825,896979,,522302,0,0,0,1,0,North,2023/2024,SOUTHERN MOTORWAY,REAGAN OBR,,Minor Crash,Yes,2023,0,North,0,0,0,Flat,1,,0,,0,Overcast,670901,1,0,0,3,0,0,0,0,0,,0,0,Auckland Region,Nil,1-way,Sealed,0,0,0,0,100,0,Off,0,0,,76,Auckland,Nil,0,0,0,0,1,0,Open,0,0,0,Light rain,Null
1768355.0605,5880388.6579,896980,,525921,0,0,0,2,0,North,2025/2026,WELLINGTON STREET,BERESFORD STREET,,Minor Crash,No,2025,0,South,0,0,0,Flat,0,,0,,1,Bright sun,822200,1,0,0,2,0,0,0,0,1,,0,0,Auckland Region,Nil,2-way,Sealed,0,0,0,0,50,0,Off,0,0,,76,Auckland,Nil,0,0,0,0,0,0,Urban,0,0,0,Fine,Null
1767994.0415,5907387.2845,896986,,523602,0,0,0,2,0,East,2025/2026,FISHER CRESCENT,FISHER CRESCENT,,Non-Injury Crash,No,2025,0,West,0,0,0,Flat,0,,0,,0,Dark,710300,0,0,0,2,0,0,0,0,1,,0,0,Auckland Region,Nil,2-way,Sealed,0,0,0,0,30,0,None,0,0,,76,Auckland,Nil,0,0,0,0,0,0,Urban,0,0,0,Fine,Null
1759898.9821,5908773.5716,896997,,524403,0,0,0,1,0,Null,2022/2023,WALMSLEY ROAD OFF RAMP,WALMSLEY ROAD,,Non-Injury Crash,No,2023,0,South,0,0,1,Hill Road,0,,1,,0,Overcast,729600,0,0,0,1,0,0,0,0,0,,0,0,Auckland Region,Motorway ramp,1-way,Sealed,0,0,0,0,50,0,Off,0,0,,76,Auckland,Give way,1,0,0,0,0,0,Urban,0,0,0,Light rain,Null
1770439.246,5908831.2151,896999,,523115,0,0,0,2,0,Null,2022/2023,MIDDLEFIELD DRIVE,MAYBOLE DRIVE,,Non-Injury Crash,No,2023,0,South,0,0,0,Flat,0,,0,,0,Twilight,712128,0,0,0,2,0,0,0,0,1,,0,0,Auckland Region,Nil,2-way,Sealed,0,0,0,0,50,0,Off,0,0,,76,Auckland,Nil,0,0,0,0,0,0,Urban,0,0,0,Light rain,Null
1759986.4197,5915660.2805,897006,,519400,0,,0,2,,Null,2025/2026,GREAT SOUTH ROAD,PURIRI AVENUE,,Non-Injury Crash,No,2025,,North,,0,,Flat,,,,,,Overcast,617000,0,0,0,4,,,0,,,,,,Auckland Region,Nil,2-way,Sealed,,0,0,,50,,Null,0,0,,76,Auckland,Stop,,,,,0,0,Urban,0,,,Null,Null
1745646.7458,5916855.2856,897008,,510800,0,,0,2,,South,2025/2026,VITASOVICH AVENUE,BRISCOES CARPARK ENT,,Non-Injury Crash,No,2026,,North,,0,,Flat,,,,,,Dark,243300,0,0,0,2,,,0,,,,,,Auckland Region,Nil,2-way,Sealed,,0,0,,50,,On,0,0,,76,Auckland,Nil,,,,,0,0,Urban,0,,,Fine,Null
1761820.1304,5906631.2865,897010,,524302,0,,0,1,,South,2025/2026,MASSEY ROAD,ROBERTSON ROAD,,Minor Crash,No,2026,,North,,0,,Flat,,,,,,Dark,743600,1,0,0,2,,,0,,,1,,,Auckland Region,Nil,2-way,Sealed,,0,0,,50,,On,0,0,,76,Auckland,Nil,,,,,0,0,Urban,0,,,Fine,Null
1758291.9309,5918622.1111,897016,,517400,0,,0,1,,West,2025/2026,CARLTON GORE ROAD,MORGAN STREET,,Minor Crash,No,2025,,West,,0,,Hill Road,,,,,,Bright sun,450100,1,0,1,2,,,0,,,,,,Auckland Region,Nil,2-way,Sealed,,0,0,,50,,Off,0,0,,76,Auckland,Nil,,,,,0,0,Urban,0,,,Fine,Null
1753769.7275,5917024.7791,897026,,517800,0,,0,2,,Null,2022/2023,NEW NORTH ROAD,KITENUI AVENUE,,Non-Injury Crash,No,2023,,West,,0,,Flat,,,,,,Twilight,526700,0,0,0,4,,,0,,,,,,Auckland Region,Nil,2-way,Sealed,,0,0,,50,,On,0,0,,76,Auckland,Stop,,,,,0,0,Urban,0,,,Fine,Null
1762674.0075,5912923.106,897029,,520500,0,,0,2,,Null,2025/2026,SOUTH-EASTERN HIGHWAY,SOUTH-EASTERN HWY ON RAMP,,Non-Injury Crash,No,2025,,East,,0,,Flat,,,,,,Dark,637300,0,0,0,2,,,0,,,,,,Auckland Region,Nil,1-way,Sealed,,0,0,,80,,On,0,0,,76,Auckland,Traffic Signals,,,,,0,0,Open,0,,,Fine,Null
1768937.5105,5881103.2069,897030,,525910,0,0,0,1,0,Null,2023/2024,EDINBURGH STREET,DEVON LANE,,Non-Injury Crash,No,2023,0,North,0,0,0,Flat,0,,1,,0,Bright sun,818900,0,0,0,2,0,0,0,0,0,,0,0,Auckland Region,Nil,2-way,Sealed,0,0,0,0,50,0,None,0,0,,76,Auckland,Nil,0,0,0,0,0,0,Urban,0,0,0,Fine,Null
1733773.6333,5918415.3298,897031,,513800,0,,0,0,,South,2024/2025,LONG ROAD,BETHELLS ROAD,,Non-Injury Crash,No,2025,,North,,0,,Flat,,,,,,Unknown,281700,0,0,0,1,,,0,,,,,,Auckland Region,Nil,2-way,Sealed,,0,0,,60,,On,1,0,,76,Auckland,Nil,,,,,0,0,Urban,0,,,Fine,Null
1755014.5616,5913728.6556,897035,,518803,0,,0,1,,Null,2025/2026,DOMINION ROAD,DENBIGH AVENUE,,Non-Injury Crash,No,2025,,North,,0,,Flat,,,,,,Dark,581700,0,0,0,2,,,0,,,,,,Auckland Region,Nil,2-way,Sealed,,0,0,,50,,On,1,0,,76,Auckland,Give way,,,,,0,0,Urban,0,,,Fine,Null
1759195.6725,5920414.9741,897036,,515902,0,0,0,0,0,East,2023/2024,GLADSTONE ROAD,BALFOUR ROAD,,Non-Injury Crash,No,2023,0,North,0,0,0,Hill Road,0,,0,,0,Dark,454800,0,0,0,2,0,0,0,0,0,,0,0,Auckland Region,Nil,2-way,Sealed,0,0,0,0,50,0,On,0,0,,76,Auckland,Nil,0,0,0,1,0,0,Urban,1,0,0,Fine,Null
1751563.2873,5915300.5138,897038,,514401,0,,0,1,,North,2023/2024,BLOCKHOUSE BAY ROAD,NEW NORTH ROAD,,Minor Crash,No,2024,,South,,0,,Flat,,,,,,Overcast,382600,1,0,0,3,,,0,,,,,,Auckland Region,Nil,2-way,Sealed,,0,0,,50,,Off,0,0,,76,Auckland,Nil,,,,,0,0,Urban,2,,,Light rain,Null
1769099.818,5914364.0052,897041,,522723,0,,0,1,,Null,2025/2026,BELLS ROAD,PAKURANGA ROAD,,Non-Injury Crash,No,2025,,North,,0,,Flat,,,,,,Bright sun,681304,0,0,0,2,,,0,,,1,,,Auckland Region,Nil,2-way,Sealed,,0,0,,50,,Off,0,0,,76,Auckland,Give way,,,,,0,0,Urban,0,,,Fine,Null
1747424.1773,5917258.87,897057,,512500,0,0,0,2,0,North,2024/2025,TIRIMOANA ROAD,MEADOW CRESCENT,,Non-Injury Crash,No,2025,0,North,0,0,0,Hill Road,0,,0,,0,Dark,259000,0,0,0,2,0,0,0,0,1,,0,0,Auckland Region,Nil,2-way,Sealed,0,0,0,0,30,0,On,0,0,,76,Auckland,Nil,0,0,0,0,0,0,Urban,0,0,0,Fine,Null
1752175.8871,5934511.5936,897058,,508701,0,,0,2,,Null,2023/2024,OTEHA VALLEY ROAD,APPIAN WAY,,Non-Injury Crash,No,2023,,West,,0,,Flat,,,,,,Bright sun,179000,0,0,0,2,,,0,,,,,,Auckland Region,Nil,2-way,Sealed,,0,0,,50,,Off,0,0,,76,Auckland,Give way,,,,,0,0,Urban,0,,,Fine,Null
1756995.8716,5920354.6675,897062,,514102,0,,0,1,,Null,2022/2023,HOBSON STREET,WELLESLEY STREET WEST,,Non-Injury Crash,No,2023,,South,,0,,Hill Road,,,,,,Dark,433801,0,0,0,4,,,0,,,1,,,Auckland Region,Nil,1-way,Sealed,,0,0,,40,,On,0,0,,76,Auckland,Traffic Signals,,,,,0,0,Urban,0,,,Fine,Null
1768659.3367,5911234.6662,897063,,523112,0,,0,0,,North,2024/2025,TRUGOOD DRIVE,CRYERS ROAD,,Minor Crash,No,2025,,South,,0,,Flat,,,,,,Overcast,711404,2,0,1,3,,,0,,,,,,Auckland Region,Nil,2-way,Sealed,,0,0,,50,,Off,1,0,,76,Auckland,Nil,,,,,0,0,Urban,0,,,Light rain,Strong wind
1744510.3612,5918066.9774,897065,,510700,0,0,0,1,0,Null,2025/2026,OFFROAD CARPARK SWANSON ROAD,,,Minor Crash,No,2025,0,South,0,0,0,Flat,0,,0,,0,Overcast,239200,1,0,0,2,0,0,0,0,0,,0,1,Auckland Region,Nil,Off road,Sealed,0,0,0,0,10,0,Off,0,0,,76,Auckland,Nil,0,0,0,0,0,0,Urban,0,0,0,Fine,Null
1763844.2028,5912831.3268,897067,,520500,0,,0,1,,Null,2024/2025,MOUNT WELLINGTON HIGHWAY,TE PUTU AVENUE,,Non-Injury Crash,No,2025,,South,,0,,Flat,,,,,,Overcast,637500,0,0,0,4,,,0,,,,,,Auckland Region,Overpass,1-way,Sealed,,0,0,,50,,Off,0,0,,76,Auckland,Traffic Signals,,,,,0,0,Urban,0,,,Light rain,Null
1764236.0719,5917509.2585,897068,,516301,0,,0,1,,North,2023/2024,ST JOHNS ROAD,COLLEGE ROAD,,Non-Injury Crash,No,2023,,North,,0,,Flat,,,,,,Overcast,462400,0,0,0,2,,,0,,,,,,Auckland Region,Nil,2-way,Sealed,,0,0,,50,,Off,0,0,,76,Auckland,Nil,,,,,0,0,Urban,1,,,Fine,Null
1760179.6375,5915478.1518,897071,,519400,0,,0,2,,Null,2024/2025,GREAT SOUTH ROAD,MATAI ROAD,,Non-Injury Crash,No,2025,,North,,0,,Flat,,,,,,Bright sun,617100,0,0,0,4,,,0,,,,,,Auckland Region,Nil,2-way,Sealed,,0,0,,50,,Null,0,0,,76,Auckland,Stop,,,,,0,0,Urban,0,,,Null,Null
1759000.4815,5912450.1322,897072,,519820,1,,0,1,,Null,2023/2024,ONEHUNGA MALL,ARTHUR STREET,,Minor Crash,No,2023,,South,,0,,Flat,,Christmas New Year,,,,Bright sun,600400,1,0,0,2,,,0,,,,,,Auckland Region,Nil,2-way,Sealed,,0,0,,50,,Off,0,0,,76,Auckland,Give way,,,,,0,0,Urban,0,,,Fine,Null
1750417.9273,5913538.0015,897074,,511303,1,,0,0,,Null,2024/2025,NEVILLE STREET,ASTLEY AVENUE,,Minor Crash,No,2024,,East,,0,,Flat,,,,,,Overcast,265300,1,0,0,2,,,0,,,,,,Auckland Region,Nil,2-way,Sealed,,0,0,,50,,Off,0,0,,76,Auckland,Give way,,,,,0,0,Urban,1,,,Fine,Null
1765983.2208,5900583.1897,897077,,524821,0,,0,2,,Null,2025/2026,ROSCOMMON ROAD,WORDSWORTH ROAD,,Non-Injury Crash,No,2025,,North,,0,,Null,,,,,,Unknown,774405,0,0,0,1,,,0,,,,,,Auckland Region,Nil,1-way,Sealed,,0,0,,50,,Null,0,0,,76,Auckland,Give way,,,,,0,0,Urban,0,,,Fine,Null
1756665.1679,5913768.3441,897079,,518500,0,,0,0,,Null,2025/2026,MOUNT EDEN ROAD,MOUNT ALBERT ROAD,,Serious Crash,No,2025,,East,,0,,Hill Road,,,,,,Bright sun,563800,0,0,0,5,,,0,,,1,,,Auckland Region,Nil,2-way,Sealed,,0,1,,50,,Off,0,0,,76,Auckland,Traffic Signals,,,,,0,0,Urban,1,,,Fine,Null
1757095.8355,5929304.6791,897080,,507800,0,0,0,1,0,West,2023/2024,EAST COAST ROAD,SEAVIEW ROAD,,Non-Injury Crash,No,2023,0,East,0,0,1,Flat,0,,0,,0,Dark,308500,0,0,0,2,0,0,0,0,0,,0,0,Auckland Region,Nil,2-way,Sealed,0,0,0,0,50,0,On,0,0,40,76,Auckland,Nil,0,0,0,1,0,0,Urban,0,0,0,Fine,Null
1742785.2495,5919023.6354,897087,,513211,0,0,0,2,0,West,2025/2026,SWANSON ROAD,RANUI STATION ROAD,,Non-Injury Crash,No,2025,0,North,0,0,0,Flat,0,,0,,0,Overcast,235009,0,0,0,2,0,0,0,0,1,,0,0,Auckland Region,Nil,2-way,Sealed,0,0,0,0,50,0,Off,0,0,,76,Auckland,Nil,0,0,0,0,0,0,Urban,0,0,0,Fine,Null
1745157.7757,5915053.2426,897088,,512903,0,0,0,1,0,North,2023/2024,BRASHIER CIRCLE,CHARTA PLACE,,Non-Injury Crash,No,2023,0,North,0,0,0,Flat,0,,0,,0,Dark,278105,0,0,0,2,0,0,0,0,0,,0,1,Auckland Region,Nil,2-way,Sealed,0,0,0,0,50,0,Off,0,0,,76,Auckland,Nil,0,0,0,0,0,0,Urban,0,0,0,Fine,Null
1745442.0217,5920659.4008,897090,,513301,0,,0,0,,Null,2023/2024,LINCOLN ROAD ON RAMP,LINCOLN ROAD,,Minor Crash,No,2023,,North,,0,,Hill Road,,,,,,Overcast,231700,1,0,1,1,,,0,,,,,,Auckland Region,Motorway ramp,1-way,Sealed,,0,0,,100,,Off,0,0,,76,Auckland,Traffic Signals,,,,,0,0,Open,1,,,Fine,Null
1747037.6935,5916224.3069,897093,,511601,0,0,0,2,0,North,2025/2026,KIRBY STREET,THORNLOW STREET,,Minor Crash,No,2025,0,North,0,0,0,Hill Road,0,,0,,0,Dark,275200,1,0,0,2,0,0,0,0,1,,0,0,Auckland Region,Nil,2-way,Sealed,0,0,0,0,50,0,On,0,0,,76,Auckland,Nil,0,0,0,0,0,0,Urban,1,0,0,Fine,Null
1768604.7462,5879953.1582,897101,,525922,0,0,0,1,0,South,2025/2026,QUEEN STREET,WARD STREET,,Non-Injury Crash,No,2026,0,North,0,0,0,Flat,0,,0,,0,Overcast,823401,0,0,0,2,0,0,0,0,0,,0,0,Auckland Region,Nil,2-way,Sealed,1,0,0,0,50,0,Off,0,0,30,76,Auckland,Nil,0,1,0,0,0,0,Urban,0,0,0,Fine,Null
1756151.5475,5917789.6055,897104,,518102,0,,0,3,,North,2023/2024,DOMINION ROAD,LISNOE AVENUE,,Non-Injury Crash,No,2023,,North,,0,,Hill Road,,,,,,Bright sun,545900,0,0,0,2,,,0,,,,,,Auckland Region,Nil,2-way,Sealed,,0,0,,50,,Off,0,0,,76,Auckland,Nil,,,,,0,0,Urban,0,,,Fine,Null
1770639.3453,5911254.4897,897108,,523106,0,,0,1,,Null,2023/2024,TI RAKAU DRIVE,CHAPEL ROAD,,Non-Injury Crash,No,2023,,East,,0,,Flat,,,,,,Bright sun,711174,0,0,0,2,,,0,,,,,,Auckland Region,Nil,2-way,Sealed,,0,0,,50,,None,0,0,,76,Auckland,Give way,,,,,0,0,Urban,1,,,Fine,Null
1730236.3874,5956910.8021,897111,35,506613,0,0,0,1,0,Null,2024/2025,KAIPARA COAST HIGHWAY,TUHIRANGI ROAD,,Non-Injury Crash,Yes,2025,0,South,0,0,1,Hill Road,0,,0,,0,Bright sun,146300,0,0,0,2,0,0,0,0,0,,0,0,Auckland Region,Nil,2-way,Sealed,0,0,0,0,100,0,None,0,0,,76,Auckland,Give way,0,0,0,0,0,0,Open,0,0,0,Fine,Null
1757025.6318,5925362.1928,897112,,509702,0,,0,1,,South,2023/2024,NORTHERN MOTORWAY,ESMONDE ROAD ON RAMP,,Non-Injury Crash,Yes,2024,,South,,0,,Flat,,,,,,Bright sun,364601,0,0,0,4,,,0,,,,,,Auckland Region,Nil,2-way,Sealed,,0,0,,100,,Off,0,0,,76,Auckland,Nil,,,,,1,0,Open,0,,,Fine,Null
1757842.585,5918970.9617,897118,,515902,0,,0,1,,East,2022/2023,DOMAIN DRIVE,PARK ROAD,,Non-Injury Crash,No,2023,,West,,0,,Flat,,,,,,Overcast,451400,0,0,0,2,,,0,,,1,,,Auckland Region,Nil,2-way,Sealed,,0,0,,30,,Off,0,0,,76,Auckland,Nil,,,,,0,0,Urban,0,,,Fine,Null
1752562.0429,5933579.8837,897121,,508701,0,,0,1,,Null,2025/2026,MERCARI WAY,DON MCKINNON DRIVE,,Serious Crash,No,2025,,North,,0,,Flat,,,,,,Dark,178900,0,0,1,2,,,0,,,,,,Auckland Region,Nil,1-way,Sealed,,0,1,,50,,On,0,0,,76,Auckland,Give way,,,,,0,0,Urban,0,,,Fine,Null
1768367.7679,5901782.456,897122,,525001,0,0,0,1,0,South,2023/2024,GREAT SOUTH ROAD,HALSEY ROAD,,Non-Injury Crash,No,2023,0,North,0,0,0,Flat,0,,0,,0,Overcast,751100,0,0,0,2,0,0,0,0,1,,0,0,Auckland Region,Nil,2-way,Sealed,0,0,0,0,50,0,Off,0,0,,76,Auckland,Nil,0,0,0,0,2,0,Urban,0,0,0,Fine,Null
1753364.5103,5914220.9633,897123,,518801,0,,0,2,,South,2024/2025,RICHARDSON ROAD,MAIORO STREET,,Non-Injury Crash,No,2024,,North,,0,,Flat,,,,,,Overcast,578400,0,0,0,2,,,0,,,,,,Auckland Region,Nil,2-way,Sealed,,0,0,,50,,Null,0,0,,76,Auckland,Nil,,,,,0,0,Urban,0,,,Light rain,None
1748706.5078,5945953.5456,897126,,505806,0,,0,1,,South,2023/2024,NORTHERN MOTORWAY,SILVERDALE OFF RAMP,,Minor Crash,Yes,2023,,South,,0,,Flat,,,,,,Bright sun,176604,1,0,1,4,,,0,,,,,,Auckland Region,Nil,2-way,Sealed,,0,0,,100,,Off,0,0,,76,Auckland,Nil,,,,,0,0,Open,0,,,Fine,Null
1769867.4245,5914774.5095,897131,,522722,0,0,0,1,0,Null,2025/2026,BUCKLANDS BEACH ROAD,PAKURANGA ROAD,,Non-Injury Crash,No,2026,0,South,0,0,0,Flat,0,,0,,0,Bright sun,681308,0,0,0,2,0,0,0,0,0,,0,1,Auckland Region,Bridge,1-way,Sealed,0,0,0,0,60,0,Off,0,0,,76,Auckland,Traffic Signals,0,0,0,0,0,0,Urban,0,0,0,Light rain,Strong wind
1761461.9398,5906737.934,897134,,524112,0,,0,3,,Null,2023/2024,SOUTH-WESTERN MOTORWAY,MASSEY ROAD ON RAMP,,Minor Crash,Yes,2023,,North,,0,,Flat,,,,,,Bright sun,742300,2,0,0,3,,,0,,,,,,Auckland Region,Nil,1-way,Sealed,,0,0,,100,,Off,0,0,,76,Auckland,Nil,,,,,1,0,Open,1,,,Fine,Null
1753444.4509,5933030.6657,897135,,508804,0,,0,3,,North,2025/2026,GREVILLE ROAD ON RAMP,NORTHERN MOTORWAY,,Minor Crash,Yes,2025,,South,,0,,Flat,,,,,,Bright sun,180701,1,0,0,3,,,0,,,,,,Auckland Region,Motorway ramp,1-way,Sealed,,0,0,,100,,Off,0,0,,76,Auckland,Nil,,,,,0,0,Open,0,,,Fine,Null
1745209.0254,5894000.122,897138,,521151,0,,0,0,,North,2024/2025,AWHITU ROAD,BROOK ROAD,,Non-Injury Crash,No,2025,,South,,0,,Hill Road,,,,,,Overcast,829500,0,0,0,2,,,0,,,,,,Auckland Region,Nil,2-way,Sealed,,0,0,,80,,Off,0,0,,76,Auckland,Nil,,,,,0,0,Open,1,,,Heavy rain,Null
1757029.5411,5930771.1873,897139,,507710,0,0,0,0,0,West,2023/2024,PETER TERRACE,BEACH ROAD,,Non-Injury Crash,No,2024,0,West,0,0,1,Hill Road,0,,0,,0,Dark,314001,0,0,0,2,0,0,0,0,0,,0,0,Auckland Region,Nil,2-way,Sealed,0,0,0,0,50,0,On,0,0,,76,Auckland,Nil,0,0,0,0,0,0,Urban,0,0,0,Fine,Null
1764592.519,5905541.3663,897140,,522100,0,,0,2,,Null,2024/2025,WYLLIE ROAD,HILL ROAD,,Minor Crash,No,2025,,North,,0,,Flat,,,,,,Bright sun,657900,1,0,0,2,,,0,,,,,,Auckland Region,Nil,2-way,Sealed,,0,0,,50,,Off,0,0,,76,Auckland,Give way,,,,,0,0,Urban,0,,,Fine,Null
1744015.2823,5924009.2984,897141,,513521,0,,0,2,,South,2022/2023,NORTH-WESTERN MOTORWAY,HOBSONVILLE OBR,,Non-Injury Crash,Yes,2023,,South,,0,,Hill Road,,,,,,Bright sun,224240,0,0,0,3,,,0,,,,,,Auckland Region,Nil,1-way,Sealed,,0,0,,100,,Off,1,0,,76,Auckland,Nil,,,,,0,0,Open,1,,,Fine,Null
1745256.2911,5917330.4436,897142,,510800,0,,0,2,,West,2024/2025,HENDERSON VALLEY ROAD,STEVIES LANE,,Non-Injury Crash,No,2025,,South,,0,,Null,,,,,,Bright sun,241500,0,0,0,3,,,0,,,,,,Auckland Region,Nil,2-way,Sealed,,0,0,,50,,Null,0,0,,76,Auckland,Nil,,,,,0,0,Urban,0,,,Fine,Null
1753006.178,5930775.2734,897147,,508803,0,,0,2,,Null,2023/2024,UNSWORTH DRIVE,BARBADOS DRIVE,,Non-Injury Crash,No,2024,,North,,0,,Flat,,,,,,Bright sun,180834,0,0,0,2,,,0,,,,,,Auckland Region,Nil,2-way,Sealed,,0,0,,50,,Off,0,1,,76,Auckland,Give way,,,,,0,0,Urban,0,,,Fine,Null
1740470.379,5942907.5264,897151,,506614,0,0,0,1,0,North,2023/2024,HORSESHOE BUSH ROAD,HAUORA LANE,,Non-Injury Crash,No,2023,0,South,0,0,1,Hill Road,0,,0,,0,Bright sun,177801,0,0,0,1,0,0,0,0,0,,0,0,Auckland Region,Nil,2-way,Unsealed,0,0,0,0,60,0,None,0,0,,76,Auckland,Nil,0,0,0,1,0,0,Urban,0,0,0,Fine,Null
1772410.4673,5911543.7681,897152,,523202,0,,0,0,,South,2025/2026,WHITFORD ROAD,MAUNGAMAUNGAROA BR,,Non-Injury Crash,No,2026,,North,,0,,Hill Road,,,,,,Overcast,717502,0,0,0,3,,,0,,,,,,Auckland Region,Nil,2-way,Sealed,,0,0,,60,,None,2,0,30,76,Auckland,Nil,,,,,0,0,Urban,0,,,Fine,Null
1743381.2533,5920829.6094,897157,,513622,0,0,0,1,0,Null,2023/2024,DON BUCK ROAD,CHAMBERLAIN ROAD,,Serious Crash,No,2023,0,South,0,0,1,Flat,0,,1,,0,Dark,226700,0,0,0,2,0,0,0,0,0,,0,0,Auckland Region,Nil,2-way,Sealed,0,0,1,0,50,0,On,0,0,,76,Auckland,Stop,0,0,0,0,0,0,Urban,0,0,0,Light rain,Null
1757511.7937,5919153.6888,897158,,514302,0,,0,0,,Null,2025/2026,PARK ROAD,GRAFTON ROAD,,Non-Injury Crash,No,2025,,North,,0,,Null,,,,,,Bright sun,442800,0,0,0,2,,,0,,,,,,Auckland Region,Nil,2-way,Sealed,,0,0,,50,,Null,1,0,,76,Auckland,Traffic Signals,,,,,0,1,Urban,0,,,Fine,Null
1765734.2213,5920171.279,897162,,516700,0,,0,1,,Null,2023/2024,VALE ROAD,CLIFF ROAD,,Non-Injury Crash,No,2024,,West,,0,,Flat,,,,,,Bright sun,509400,0,0,0,2,,,0,,,,,,Auckland Region,Nil,2-way,Sealed,,0,0,,50,,Off,1,0,,76,Auckland,Give way,,,,,0,0,Urban,0,,,Fine,Null
1757618.7707,5912269.0136,897174,,519810,0,0,0,0,0,West,2024/2025,SOUTH-WESTERN MOTORWAY,QUEENSTOWN ROAD ON RAMP,,Minor Crash,Yes,2024,0,West,0,0,0,Flat,1,,0,,0,Dark,596700,1,0,0,3,0,0,0,0,0,,0,0,Auckland Region,Nil,1-way,Sealed,0,0,0,0,100,0,On,1,0,,76,Auckland,Nil,0,0,0,0,0,0,Open,0,0,0,Fine,Null
1755278.8308,5921770.2233,897176,,515202,0,0,0,1,0,South,2022/2023,NORTHERN MOTORWAY,CURRAN STREET ON RAMP,,Non-Injury Crash,Yes,2023,0,North,0,0,0,Hill Road,1,,0,,0,Bright sun,423600,0,0,0,4,0,0,0,0,0,,0,0,Auckland Region,Nil,1-way,Sealed,0,0,0,0,80,0,Off,0,0,,76,Auckland,Nil,0,0,0,0,0,0,Open,0,0,0,Light rain,Null
1755593.5367,5915788.9215,897178,,518301,0,0,0,1,0,South,2024/2025,DOMINION ROAD,KENSINGTON AVENUE,,Serious Crash,No,2024,0,South,0,0,0,Flat,0,,0,,0,Bright sun,556000,0,0,1,4,0,0,0,0,0,,0,0,Auckland Region,Nil,2-way,Sealed,0,0,1,0,50,0,Off,0,0,,76,Auckland,Nil,0,1,0,0,0,0,Urban,0,0,0,Fine,Null
1758935.7755,5913197.7516,897180,,519820,0,,0,2,,Null,2023/2024,ONEHUNGA MALL,MOUNT SMART ROAD,,Minor Crash,No,2023,,North,,0,,Flat,,,,,,Overcast,599100,1,0,0,3,,,0,,,,,,Auckland Region,Nil,2-way,Sealed,,0,0,,50,,On,0,0,,76,Auckland,Traffic Signals,,,,,0,0,Urban,0,,,Fine,Strong wind
1748494.5396,5961493.6161,897187,45,506613,0,0,0,1,0,North,2024/2025,POHUEHUE ROAD,POHUEHUE ROAD,,Non-Injury Crash,No,2025,0,North,0,0,0,Hill Road,1,,0,,0,Dark,146800,0,0,0,3,0,0,0,0,0,,0,0,Auckland Region,Nil,2-way,Sealed,0,0,0,0,80,0,On,0,0,,76,Auckland,Nil,0,0,0,0,0,0,Open,0,0,0,Light rain,Null
1762809.8084,5907575.8634,897195,,524301,0,0,0,1,0,East,2025/2026,MASSEY ROAD,FERGUSON STREET,,Minor Crash,No,2026,0,North,0,0,1,Flat,0,Christmas New Year,0,,0,Overcast,747601,1,0,0,2,0,0,0,0,1,,0,0,Auckland Region,Nil,2-way,Sealed,0,0,0,0,50,0,Off,0,0,,76,Auckland,Nil,0,0,0,0,0,0,Urban,1,0,0,Fine,Null
1769415.6371,5899756.0316,897199,,525002,0,,0,1,,Null,2025/2026,MAHIA ROAD,BEAUMONTS WAY EXTENSION,,Non-Injury Crash,No,2025,,West,,0,,Flat,,,,,,Bright sun,754100,0,0,0,3,,,0,,,,,,Auckland Region,Nil,2-way,Sealed,,0,0,,50,,Off,1,0,,76,Auckland,Stop,,,,,0,0,Urban,0,,,Fine,Null
1750538.5104,5911930.2705,897201,,514700,0,,0,1,,East,2024/2025,KINROSS STREET,PORTAGE ROAD,,Non-Injury Crash,No,2025,,West,,0,,Null,,,,,,Unknown,367300,0,0,0,2,,,0,,,,,,Auckland Region,Nil,2-way,Null,,0,0,,50,,Null,0,0,,76,Auckland,Nil,,,,,1,0,Urban,0,,,Null,Null
1767526.21,5901458.9653,897202,,524720,0,0,0,0,0,South,2024/2025,GLOUCESTER ROAD,KENT ROAD,,Minor Crash,No,2024,0,South,0,0,0,Flat,0,,0,,0,Dark,778600,2,0,0,2,0,0,0,0,1,,0,0,Auckland Region,Nil,2-way,Sealed,0,0,0,0,50,0,On,0,0,,76,Auckland,Nil,0,0,0,0,1,0,Urban,1,0,0,Fine,Null