X,Y,OBJECTID,advisorySpeed,areaUnitID,bicycle,bridge,bus,carStationWagon,cliffBank,crashDirectionDescription,crashFinancialYear,crashLocation1,crashLocation2,crashRoadSideRoad,crashSeverity,crashSHDescription,crashYear,debris,directionRoleDescription,ditch,fatalCount,fence,flatHill,guardRail,holiday,houseOrBuilding,intersection,kerb,light,meshblockId,minorInjuryCount,moped,motorcycle,NumberOfLanes,objectThrownOrDropped,otherObject,otherVehicleType,overBank,parkedVehicle,pedestrian,phoneBoxEtc,postOrPole,region,roadCharacter,roadLane,roadSurface,roadworks,schoolBus,seriousInjuryCount,slipOrFlood,speedLimit,strayAnimal,streetLight,suv,taxi,temporarySpeedLimit,tlaId,tlaName,trafficControl,trafficIsland,trafficSign,train,tree,truck,unknownVehicleType,urban,vanOrUtility,vehicle,waterRiver,weatherA,weatherB
1758843.4583,5911933.8196,897203,,519820,0,,0,2,,Null,2024/2025,SELWYN STREET,PRINCES STREET,,Non-Injury Crash,No,2025,,South,,0,,Null,,,,,,Overcast,601800,0,0,0,4,,,0,,,,,,Auckland Region,Nil,2-way,Sealed,,0,0,,50,,Null,0,0,,76,Auckland,Traffic Signals,,,,,0,0,Urban,0,,,Null,Null
1755563.1785,5918484.3595,897206,,515500,0,,0,2,,Null,2023/2024,BOND STREET,HOME STREET,,Non-Injury Crash,No,2024,,South,,0,,Hill Road,,,,,,Dark,419400,0,0,0,2,,,0,,,,,,Auckland Region,Nil,2-way,Sealed,,0,0,,50,,On,0,0,,76,Auckland,Stop,,,,,0,0,Urban,0,,,Light rain,Null
1763296.8078,5910144.4841,897208,,521901,0,,0,2,,North,2023/2024,SALEYARDS ROAD,RAILWAY LANE,,Minor Crash,No,2024,,South,,0,,Flat,,,,,,Bright sun,781900,1,0,0,2,,,0,,,,,,Auckland Region,Nil,2-way,Sealed,,0,0,,50,,Off,0,0,,76,Auckland,Nil,,,,,0,0,Urban,0,,,Fine,Null
1749333.9264,5945752.0301,897220,,505806,0,,0,2,,West,2023/2024,HIBISCUS COAST HIGHWAY,EAST COAST ROAD,,Minor Crash,No,2024,,West,,0,,Flat,,,,,,Bright sun,176802,1,0,0,4,,,0,,,,,,Auckland Region,Nil,2-way,Sealed,,0,0,,60,,Off,0,0,,76,Auckland,Stop,,,,,0,0,Urban,0,,,Fine,Null
1742561.5964,5886105.184,897230,,521151,0,0,0,0,0,South,2023/2024,AWHITU ROAD,GIVEN ROAD,,Non-Injury Crash,No,2024,0,South,0,0,0,Hill Road,0,,0,,0,Dark,830200,0,0,0,2,0,0,0,0,0,,0,0,Auckland Region,Nil,2-way,Sealed,0,0,0,0,80,1,None,0,0,,76,Auckland,Nil,0,0,0,0,0,0,Open,1,0,0,Fine,Null
1759316.5945,5903481.3663,897234,,524200,0,,0,0,,Null,2023/2024,TOM PEARCE DRIVE,LEONARD ISITT DRIVE,,Non-Injury Crash,No,2024,,East,,0,,Flat,,,,,,Bright sun,727200,0,0,0,2,,,0,,,,,,Auckland Region,Nil,1-way,Sealed,,0,0,,50,,Off,2,0,,76,Auckland,Stop,,,,,0,0,Urban,0,,,Fine,Null
1735734.4294,5909909.215,897235,,513800,0,0,0,1,1,West,2025/2026,PIHA ROAD,ANAWHATA ROAD,,Minor Crash,No,2025,0,South,0,0,0,Flat,0,,0,,1,Bright sun,282007,1,0,0,2,0,0,0,0,0,,0,0,Auckland Region,Nil,2-way,Sealed,0,0,0,0,60,0,None,0,0,,76,Auckland,Nil,0,0,0,0,0,0,Urban,0,0,0,Fine,Null
1757200.061,5912497.8264,897238,,518702,0,,0,2,,South,2023/2024,SOUTH-WESTERN MOTORWAY,HILLSBOROUGH ROAD ON RAMP,,Non-Injury Crash,Yes,2023,,South,,0,,Hill Road,,,,,,Overcast,570300,0,0,0,3,,,0,,,,,,Auckland Region,Nil,1-way,Sealed,,0,0,,100,,Off,1,0,,76,Auckland,Nil,,,,,0,0,Open,0,,,Fine,Null
1749862.3838,5938053.2601,897242,,506300,0,,0,1,,East,2024/2025,DUREY ROAD,OAK VALLEY ROAD,,Minor Crash,No,2024,,East,,0,,Hill Road,,,,,,Dark,176008,1,0,0,2,,,0,,,,,,Auckland Region,Nil,2-way,Sealed,,0,0,,100,,None,1,0,,76,Auckland,Nil,,,,,0,0,Open,0,,,Heavy rain,Null
1764540.9225,5911649.4643,897245,,520500,0,0,0,1,0,Null,2025/2026,PANAMA ROAD,SOPHIA CLOSE,,Non-Injury Crash,No,2025,0,East,0,0,1,Hill Road,0,,0,,0,Dark,636100,0,0,0,2,0,0,0,0,0,,1,0,Auckland Region,Nil,2-way,Sealed,0,0,0,0,50,0,On,0,0,,76,Auckland,Give way,0,1,0,0,0,0,Urban,0,0,0,Light rain,Null
1754861.614,5930499.8831,897246,,508520,0,,0,3,,North,2023/2024,NORTHERN MOTORWAY,SUNNYNOOK OBR,,Minor Crash,Yes,2024,,South,,0,,Hill Road,,,,,,Dark,192700,1,0,0,2,,,0,,,,,,Auckland Region,Nil,1-way,Sealed,,0,0,,100,,On,0,0,,76,Auckland,Nil,,,,,0,0,Open,0,,,Fine,Null
1765609.5441,5914444.783,897247,,520602,0,,0,1,,East,2025/2026,KINGS ROAD,TRIPOLI ROAD,,Minor Crash,No,2025,,North,,0,,Flat,,,,,,Bright sun,630001,1,0,0,2,,,0,,,1,,,Auckland Region,Nil,2-way,Sealed,,0,0,,50,,Off,0,0,,76,Auckland,Nil,,,,,0,0,Urban,0,,,Fine,Null
1755670.0493,5918709.6022,897248,,515500,0,,0,1,,Null,2023/2024,GREAT NORTH ROAD,KING STREET,,Non-Injury Crash,No,2023,,East,,0,,Flat,,,,,,Bright sun,418300,0,0,0,2,,,0,,,,,,Auckland Region,Nil,2-way,Sealed,,0,0,,50,,Off,0,0,,76,Auckland,Give way,,,,,0,0,Urban,1,,,Fine,Null
1753376.7758,5914202.8842,897250,,518801,0,,0,1,,North,2022/2023,RICHARDSON ROAD,LABURNUM ROAD,,Non-Injury Crash,No,2023,,South,,0,,Hill Road,,,,,,Dark,578400,0,0,0,2,,,0,,,,,,Auckland Region,Nil,2-way,Sealed,,0,0,,50,,On,0,0,40,76,Auckland,Nil,,,,,0,0,Urban,0,,,Light rain,Null
1756171.9999,5924181.9961,897257,,509800,0,,0,1,,Null,2024/2025,NORTHERN MOTORWAY,ONEWA ROAD OFF RAMP,,Non-Injury Crash,Yes,2025,,North,,0,,Flat,,,,,,Unknown,361100,0,0,0,5,,,0,,,,,,Auckland Region,Nil,1-way,Sealed,,0,0,,50,,Null,0,0,,76,Auckland,Nil,,,,,1,0,Urban,0,,,Null,Null
1765039.5222,5910400.8152,897260,,521803,0,0,0,0,0,South,2022/2023,SOUTHERN MOTORWAY,PRINCES ST-OTAHUHU OFF RAMP,,Non-Injury Crash,Yes,2023,0,South,0,0,0,Hill Road,0,,0,,0,Bright sun,790000,0,0,0,3,0,0,0,0,1,,0,0,Auckland Region,Nil,1-way,Sealed,0,0,0,0,100,0,Off,0,0,,76,Auckland,Nil,0,0,0,0,2,0,Open,0,0,0,Fine,Null
1764692.1273,5906470.4524,897262,,522201,0,0,0,0,0,Null,2023/2024,SHIRLEY ROAD,CORONATION ROAD,,Non-Injury Crash,No,2023,0,East,0,0,0,Flat,0,,0,,0,Dark,661700,0,0,0,2,0,0,0,0,0,,0,0,Auckland Region,Nil,2-way,Sealed,0,0,0,0,50,0,On,0,0,,76,Auckland,Give way,1,0,0,0,0,0,Urban,1,0,0,Light rain,Frost
1765992.047,5908250.7632,897265,,523402,0,,0,1,,Null,2025/2026,ASHTON AVENUE,BAIRDS ROAD,,Non-Injury Crash,No,2025,,South,,0,,Flat,,,,,,Dark,698900,0,0,0,2,,,0,,,,,,Auckland Region,Nil,2-way,Sealed,,0,0,,50,,On,0,0,,76,Auckland,Stop,,,,,0,0,Urban,1,,,Light rain,Null
1749178.4051,5970002.5619,897268,,505500,0,0,0,2,0,North,2023/2024,PULHAM ROAD,BERTRAM STREET,,Non-Injury Crash,No,2024,0,South,0,0,0,Flat,0,,0,,0,Dark,140900,0,0,0,2,0,0,0,0,1,,0,0,Auckland Region,Nil,2-way,Sealed,0,0,0,0,50,0,On,0,0,,76,Auckland,Nil,0,0,0,0,0,0,Urban,0,0,0,Fine,Null
1743586.4257,5924252.8104,897274,,513410,0,,0,1,,Null,2022/2023,TAWHIA DRIVE,MAKI STREET,,Non-Injury Crash,No,2023,,West,,0,,Flat,,,,,,Dark,224000,0,0,0,2,,,0,,,,,,Auckland Region,Nil,2-way,Sealed,,0,0,,50,,On,0,0,,76,Auckland,Traffic Signals,,,,,0,0,Urban,1,,,Fine,Null
1766069.3434,5905514.8065,897277,,522202,0,0,0,1,0,South,2023/2024,CARRUTH ROAD,ELIZABETH AVENUE,,Non-Injury Crash,No,2023,0,West,0,0,1,Flat,0,,0,,0,Overcast,665700,0,0,0,2,0,0,0,0,0,,0,0,Auckland Region,Nil,2-way,Sealed,0,0,0,0,50,0,Off,0,0,,76,Auckland,Nil,0,0,0,0,0,0,Urban,0,0,0,Light rain,Null
1767787.0278,5913600.8772,897279,,522910,0,,0,3,,East,2023/2024,PAKURANGA ROAD,JOHNS LANE,,Non-Injury Crash,No,2023,,West,,0,,Hill Road,,,,,,Overcast,685500,0,0,0,3,,,0,,,,,,Auckland Region,Nil,1-way,Sealed,,0,0,,50,,Off,0,0,,76,Auckland,Nil,,,,,0,0,Urban,0,,,Fine,Null
1731503.1533,5908843.441,897283,,513800,0,0,0,1,0,East,2023/2024,SEAVIEW ROAD,RAYNER ROAD,,Minor Crash,No,2024,0,East,0,0,0,Hill Road,0,,0,,0,Bright sun,282015,1,0,0,2,0,0,0,1,0,,0,0,Auckland Region,Nil,2-way,Sealed,0,0,0,0,50,0,On,0,0,,76,Auckland,Nil,0,0,0,1,0,0,Urban,0,0,0,Fine,Null
1770183.5523,5899092.3993,897284,,523911,0,,0,2,,North,2024/2025,GREAT SOUTH ROAD,CHALLEN CLOSE,,Non-Injury Crash,No,2025,,South,,0,,Flat,,,,,,Bright sun,768100,0,0,0,4,,,0,,,,,,Auckland Region,Nil,2-way,Sealed,,0,0,,50,,Off,0,0,,76,Auckland,Nil,,,,,0,0,Urban,0,,,Fine,Null
1750663.7792,5915640.973,897286,,514802,0,0,0,2,0,South,2025/2026,ROSEBANK ROAD,CANAL ROAD,,Non-Injury Crash,No,2025,0,West,0,0,0,Flat,0,,0,,0,Dark,386600,0,0,0,2,0,0,0,0,1,,0,0,Auckland Region,Nil,2-way,Sealed,0,0,0,0,50,0,On,0,0,,76,Auckland,Nil,0,0,0,0,0,0,Urban,0,0,0,Fine,Null
1765815.4293,5909610.6035,897298,,523112,0,,0,2,,North,2024/2025,HIGHBROOK DRIVE,HELLABYS ROAD RNDBT,,Non-Injury Crash,No,2025,,South,,0,,Flat,,Easter,,,,Dark,711302,0,0,0,2,,,0,,,,,,Auckland Region,Nil,1-way,Sealed,,0,0,,60,,On,0,0,,76,Auckland,Nil,,,,,0,0,Urban,0,,,Light rain,Null
1758821.7153,5912178.5794,897302,,519810,0,,0,2,,Null,2025/2026,SELWYN STREET,CHURCH STREET,,Non-Injury Crash,No,2025,,North,,0,,Null,,,,,,Overcast,599000,0,0,0,4,,,0,,,,,,Auckland Region,Nil,2-way,Sealed,,0,0,,50,,Null,0,0,,76,Auckland,Traffic Signals,,,,,0,0,Urban,0,,,Light rain,Null
1744944.6878,5922114.1515,897304,,513530,0,0,0,0,0,South,2024/2025,COLWILL ROAD,MAHINGA PLACE,,Non-Injury Crash,No,2025,0,North,0,0,0,Flat,0,Queens Birthday,0,,0,Bright sun,225802,0,0,0,2,0,0,0,0,1,,0,0,Auckland Region,Nil,2-way,Sealed,0,0,0,0,50,0,None,1,0,,76,Auckland,Nil,0,0,0,0,0,0,Urban,0,0,0,Fine,Null
1774440.0931,5888489.9889,897311,,521302,0,0,0,1,0,North,2022/2023,SOUTHERN MOTORWAY,RAMARAMA OFF RAMP,,Non-Injury Crash,Yes,2023,0,South,0,0,0,Flat,1,,0,,0,Overcast,809104,0,0,0,2,0,0,0,0,0,,0,0,Auckland Region,Nil,1-way,Sealed,0,0,0,0,100,0,Off,0,0,,76,Auckland,Nil,0,0,0,0,0,0,Open,0,0,0,Fine,Null
1765322.3746,5909263.036,897313,,523402,0,,0,3,,South,2023/2024,SOUTHERN MOTORWAY,TAMAKI RIV BR,,Non-Injury Crash,Yes,2023,,North,,0,,Flat,,,,,,Bright sun,696900,0,0,0,4,,,0,,,,,,Auckland Region,Nil,1-way,Sealed,,0,0,,100,,Off,0,0,,76,Auckland,Nil,,,,,0,0,Open,0,,,Fine,Null
1772460.7167,5896973.5417,897317,,525420,0,,0,1,,North,2024/2025,GREAT SOUTH ROAD,COLES CRESCENT,,Minor Crash,No,2024,,North,,0,,Flat,,,,,,Bright sun,791300,1,0,1,2,,,0,,,,,,Auckland Region,Nil,2-way,Sealed,,0,0,,50,,Off,0,0,,76,Auckland,Nil,,,,,0,0,Urban,0,,,Fine,Null
1765227.5088,5914855.0025,897321,,520301,0,0,0,2,0,Null,2023/2024,PILKINGTON ROAD,PLEASANT VIEW ROAD,,Non-Injury Crash,No,2023,0,South,0,0,0,Flat,0,,0,,0,Overcast,628002,0,0,0,2,0,0,0,0,0,,0,1,Auckland Region,Nil,2-way,Sealed,0,0,0,0,50,0,Off,0,0,,76,Auckland,Give way,0,0,0,0,0,0,Urban,0,0,0,Light rain,Null
1753355.0483,5929835.1665,897325,,508411,0,,0,4,,North,2023/2024,ALBANY HIGHWAY,GLENDHU ROAD,,Non-Injury Crash,No,2023,,South,,0,,Flat,,,,,,Bright sun,183903,0,0,0,3,,,0,,,,,,Auckland Region,Nil,2-way,Sealed,,0,0,,50,,Off,0,0,,76,Auckland,Nil,,,,,0,0,Urban,0,,,Fine,Null
1756947.6962,5916384.5168,897328,,518202,0,0,0,1,0,South,2025/2026,MOUNT EDEN ROAD,FAIRVIEW ROAD,,Non-Injury Crash,No,2025,0,South,0,0,0,Flat,0,,0,,0,Bright sun,551000,0,0,0,2,0,0,0,0,0,,1,0,Auckland Region,Nil,2-way,Sealed,0,0,0,0,50,0,Off,0,0,,76,Auckland,Nil,0,0,0,0,0,0,Urban,0,0,0,Fine,Null
1748364.8091,5913960.1587,897329,,511700,0,,0,2,,Null,2022/2023,AOTEA ROAD,GREAT NORTH ROAD,,Non-Injury Crash,No,2023,,North,,0,,Flat,,,,,,Dark,270202,0,0,0,2,,,0,,,,,,Auckland Region,Nil,2-way,Sealed,,0,0,,50,,On,0,0,,76,Auckland,Stop,,,,,0,0,Urban,0,,,Fine,Null
1764727.5205,5910539.4847,897339,,521801,0,,0,1,,Null,2025/2026,LUKE STREET,AWATIU ROAD,,Non-Injury Crash,No,2025,,West,,0,,Null,,,,,,Bright sun,786700,0,0,0,2,,,0,,,,,,Auckland Region,Nil,2-way,Sealed,,0,0,,30,,Null,1,0,,76,Auckland,Nil,,,,,0,0,Urban,0,,,Fine,Null
1765886.3645,5907189.3587,897345,,522301,0,,0,2,,West,2022/2023,EAST TAMAKI ROAD,WINTERE ROAD,,Non-Injury Crash,No,2023,,West,,0,,Flat,,,,,,Overcast,666400,0,0,0,5,,,0,,,,,,Auckland Region,Nil,2-way,Sealed,,0,0,,50,,Off,0,0,,76,Auckland,Nil,,,,,0,0,Urban,0,,,Fine,Null
1750268.4201,5913215.263,897349,,511303,0,0,0,1,0,Null,2023/2024,ASTLEY AVENUE,LINKS ROAD,,Minor Crash,No,2023,0,South,0,0,1,Flat,0,,0,,0,Dark,265600,1,0,0,2,0,0,0,0,1,,0,0,Auckland Region,Nil,2-way,Sealed,0,0,0,0,50,0,On,0,0,,76,Auckland,Give way,0,0,0,0,0,0,Urban,1,0,0,Fine,Null
1743954.6674,5924013.0867,897354,,513511,0,,0,1,,Null,2025/2026,HOBSONVILLE ROAD,HOBSONVILLE ROAD OFF RAMP,,Non-Injury Crash,No,2025,,West,,0,,Null,,Christmas New Year,,,,Overcast,224306,0,0,0,2,,,0,,,,,,Auckland Region,Nil,1-way,Sealed,,0,0,,50,,Null,1,0,,76,Auckland,Traffic Signals,,,,,0,0,Urban,0,,,Light rain,Null
1761407.7387,5917548.8039,897355,,516202,0,,0,1,,North,2023/2024,BENSON ROAD,CROWN LANE,,Minor Crash,No,2023,,North,,0,,Hill Road,,,,,,Bright sun,488300,1,0,0,2,,,0,,,1,,,Auckland Region,Nil,2-way,Sealed,,0,0,,50,,Off,0,0,,76,Auckland,Nil,,,,,0,0,Urban,0,,,Light rain,Null
1744476.1843,5924986.3275,897356,,513431,0,,0,2,,Null,2025/2026,TRIG ROAD OFF RAMP,TRIG ROAD,,Non-Injury Crash,No,2025,,South,,0,,Hill Road,,,,,,Bright sun,223702,0,0,0,1,,,0,,,,,,Auckland Region,Motorway ramp,1-way,Sealed,,0,0,,100,,Off,0,0,,76,Auckland,Stop,,,,,0,0,Open,0,,,Fine,Null
1753559.4883,5914454.4047,897357,,518801,0,0,0,1,0,Null,2022/2023,MAIORO STREET,MAIORO STREET ON RAMP,,Non-Injury Crash,No,2023,0,North,0,0,0,Flat,1,,0,,0,Dark,578500,0,0,0,4,0,0,0,0,0,,0,0,Auckland Region,Bridge,1-way,Sealed,0,0,0,0,50,0,On,0,0,,76,Auckland,Traffic Signals,0,0,0,0,0,0,Urban,0,0,0,Heavy rain,Null
1768417.4352,5903757.0924,897358,,523820,0,,0,0,,Null,2025/2026,OFF ROAD - SHARED DRIVE WAY - KERI ANNE PLACE,,,Serious Crash,No,2025,,East,,0,,Flat,,,,,,Overcast,760113,0,0,0,,,,0,,,1,,,Auckland Region,Nil,Off road,Sealed,,0,1,,,,Off,1,0,,76,Auckland,Nil,,,,,0,0,Urban,0,,,Fine,Null
1753437.9562,5914725.6811,897367,,518801,0,,0,1,,West,2025/2026,STODDARD ROAD,DENIZE ROAD,,Non-Injury Crash,No,2025,,South,,0,,Flat,,,,,,Dark,578400,0,0,0,2,,,0,,,,,,Auckland Region,Nil,2-way,Sealed,,0,0,,50,,On,1,0,,76,Auckland,Nil,,,,,0,0,Urban,0,,,Fine,Null
1760943.4265,5908654.9385,897369,,524405,0,,0,2,,West,2024/2025,WAKEFIELD ROAD,CARDRONA PLACE,,Non-Injury Crash,No,2025,,West,,0,,Flat,,,,,,Bright sun,730800,0,0,0,2,,,0,,,,,,Auckland Region,Speed hump,2-way,Sealed,,0,0,,50,,Off,0,0,,76,Auckland,Nil,,,,,0,0,Urban,0,,,Fine,Null
1769658.5084,5901844.1273,897371,,523814,0,,0,2,,Null,2025/2026,HILL ROAD-MANUREWA OFF RAMP,HILL ROAD,,Non-Injury Crash,No,2025,,South,,0,,Flat,,,,,,Bright sun,760702,0,0,0,1,,,0,,,,,,Auckland Region,Nil,1-way,Sealed,,0,0,,50,,Off,0,0,,76,Auckland,Give way,,,,,0,0,Urban,0,,,Fine,Null
1763615.8015,5907884.764,897372,,521902,0,0,0,1,0,South,2022/2023,HOSPITAL ROAD,MASSEY ROAD,,Non-Injury Crash,No,2023,0,South,0,0,1,Hill Road,0,,0,,0,Overcast,786400,0,0,0,2,0,0,0,0,0,,0,0,Auckland Region,Nil,2-way,Sealed,0,0,0,0,20,0,Off,0,0,,76,Auckland,Nil,0,0,0,0,0,0,Urban,0,0,0,Fine,Null
1761563.3619,5907455.817,897379,,524520,0,0,0,2,0,North,2022/2023,BUCKLAND ROAD,ASHLEY AVENUE,,Non-Injury Crash,No,2023,0,East,0,0,0,Flat,0,Easter,0,,0,Bright sun,734300,0,0,0,2,0,0,0,0,1,,0,0,Auckland Region,Nil,2-way,Sealed,0,0,0,0,50,0,Null,0,0,,76,Auckland,Nil,0,0,0,0,0,0,Urban,0,0,0,Fine,Null
1768995.6409,5906237.6663,897380,,523711,0,,0,2,,Null,2025/2026,TE IRIRANGI DRIVE,TE IRIRANGI DRIVE,,Minor Crash,No,2025,,North,,0,,Flat,,,,,,Bright sun,713007,1,0,0,2,,,0,,,,,,Auckland Region,Nil,1-way,Sealed,,0,0,,60,,None,0,0,,76,Auckland,Nil,,,,,0,0,Urban,0,,,Fine,Null
1775004.5283,5887488.0633,897387,,521302,0,0,0,1,0,Null,2023/2024,ARARIMU ROAD,MAKETU ROAD,,Non-Injury Crash,No,2023,0,East,0,0,0,Flat,0,,0,,0,Dark,809104,0,0,0,1,0,0,0,0,0,,0,0,Auckland Region,Motorway ramp,1-way,Sealed,0,0,0,0,50,0,On,0,0,,76,Auckland,Give way,1,0,0,0,0,0,Urban,0,0,0,Fine,Null
1764537.2698,5912079.8123,897389,,520500,0,0,0,1,0,South,2023/2024,SOUTHERN MOTORWAY,MOUNT WELLINGTON HWY ON RAMP,,Non-Injury Crash,Yes,2024,0,South,0,0,0,Hill Road,1,Queens Birthday,0,,0,Dark,639300,0,0,0,3,0,0,0,0,0,,0,0,Auckland Region,Nil,1-way,Sealed,0,0,0,0,100,0,On,0,0,,76,Auckland,Nil,0,0,0,0,0,0,Open,0,0,0,Light rain,Null
1755456.3534,5926661.7334,897391,,509701,0,,0,0,,South,2023/2024,HILLCREST AVENUE,SYLVIA ROAD,,Minor Crash,No,2024,,South,,0,,Flat,,,,,,Overcast,363902,1,0,1,2,,,0,,,,,,Auckland Region,Nil,2-way,Sealed,,0,0,,50,,Off,1,0,,76,Auckland,Nil,,,,,0,0,Urban,0,,,Fine,Null
1765195.3666,5900881.4997,897392,,524821,0,0,0,1,0,Null,2025/2026,FINLAYSON AVENUE,MATUA PLACE,,Non-Injury Crash,No,2025,0,South,0,0,0,Flat,0,,0,,0,Dark,774412,0,0,0,2,0,1,0,0,0,,0,0,Auckland Region,Nil,2-way,Sealed,0,0,0,0,30,0,On,0,0,,76,Auckland,Nil,0,0,0,0,0,0,Urban,0,0,0,Fine,Null
1723104.338,5944974.5981,897393,65,506642,0,0,0,1,0,East,2023/2024,SOUTH HEAD ROAD,TARAWERA ROAD,,Non-Injury Crash,No,2024,0,West,0,0,0,Hill Road,0,,0,,0,Twilight,210400,0,0,0,2,0,0,0,0,0,,0,0,Auckland Region,Nil,2-way,Sealed,0,0,0,0,80,0,None,0,0,,76,Auckland,Nil,0,0,0,1,0,0,Open,0,0,0,Light rain,Null
1774687.3923,5896256.6918,897398,,525610,0,0,0,1,0,North,2024/2025,WING CRESCENT,EASTBURN STREET,,Non-Injury Crash,No,2025,0,North,0,0,0,Flat,0,,0,,0,Dark,799000,0,0,0,2,0,0,0,0,0,,0,1,Auckland Region,Nil,2-way,Sealed,0,0,0,0,50,0,On,0,0,,76,Auckland,Nil,0,0,0,0,0,0,Urban,0,0,0,Mist or Fog,Null
1766041.5975,5919242.2629,897399,,516800,0,,0,1,,Null,2024/2025,MASKELL STREET,BERWICK STREET,,Serious Crash,No,2024,,South,,0,,Hill Road,,,,,,Overcast,512900,0,0,0,2,,,0,,,,,,Auckland Region,Nil,2-way,Sealed,,0,1,,50,,Off,1,0,,76,Auckland,Give way,,,,,0,0,Urban,0,,,Fine,Null
1762285.1366,5907074.606,897410,,524520,0,,0,1,,Null,2024/2025,MASSEY ROAD,BUCKLAND ROAD,,Non-Injury Crash,No,2025,,South,,0,,Null,,,,,,Bright sun,734703,0,0,0,0,,,0,,,,,,Auckland Region,Nil,Null,Sealed,,0,0,,,,Null,0,0,,76,Auckland,Traffic Signals,,,,,0,1,Urban,0,,,Fine,Null
1768297.3883,5903642.0525,897415,,523820,0,0,0,1,0,South,2023/2024,SOUTHERN MOTORWAY,REDOUBT ROAD ON RAMP,,Non-Injury Crash,Yes,2023,0,South,0,0,0,Flat,1,,0,,0,Overcast,760142,0,0,0,3,0,0,0,0,0,,0,0,Auckland Region,Nil,1-way,Sealed,0,0,0,0,100,0,On,1,0,,76,Auckland,Nil,0,0,0,0,0,0,Open,0,0,0,Light rain,Null
1756484.209,5933799.1606,897424,,507300,0,0,0,3,0,North,2024/2025,GULF VIEW ROAD,VAUGHAN CRESCENT,,Non-Injury Crash,No,2025,0,South,0,0,0,Hill Road,0,,0,,0,Overcast,154700,0,0,0,2,0,0,0,0,2,,0,0,Auckland Region,Nil,2-way,Sealed,0,0,0,0,50,0,Off,0,0,,76,Auckland,Nil,0,0,0,0,0,0,Urban,0,0,0,Heavy rain,Null
1769646.7756,5905480.9177,897426,,523712,0,0,1,1,0,Null,2024/2025,DONEGAL PARK DRIVE,FALCARRAGH CRESCENT,,Non-Injury Crash,No,2025,0,North,0,0,0,Flat,0,,0,,0,Dark,713211,0,0,0,2,0,0,0,0,1,,0,0,Auckland Region,Nil,2-way,Sealed,0,0,0,0,50,0,On,0,0,,76,Auckland,Nil,0,0,0,0,0,0,Urban,0,0,0,Fine,Null
1764782.6416,5905772.4088,897429,,522202,0,,0,2,,Null,2022/2023,ST GEORGE STREET,STATION ROAD,,Non-Injury Crash,No,2023,,West,,0,,Flat,,,,,,Dark,663300,0,0,0,2,,,0,,,,,,Auckland Region,Nil,2-way,Sealed,,0,0,,50,,On,0,0,,76,Auckland,Traffic Signals,,,,,0,0,Urban,0,,,Light rain,None
1758928.0448,5904301.2579,897432,,524200,0,,0,2,,Null,2024/2025,IHUMATAO ROAD,GEORGE BOLT MEMORIAL DRIVE,,Non-Injury Crash,No,2024,,East,,0,,Flat,,,,,,Bright sun,727000,0,0,0,3,,,0,,,,,,Auckland Region,Nil,2-way,Sealed,,0,0,,50,,Off,0,0,,76,Auckland,Give way,,,,,0,0,Urban,0,,,Fine,None
1754019.9187,5919628.0572,897433,,515100,0,0,0,2,0,North,2023/2024,WARNOCK STREET,PEEL STREET,,Non-Injury Crash,No,2024,0,North,0,0,0,Flat,0,Queens Birthday,0,,0,Unknown,401100,0,0,0,2,0,0,0,0,1,,0,1,Auckland Region,Nil,2-way,Sealed,0,0,0,0,50,0,Off,0,0,,76,Auckland,Nil,0,0,0,0,0,0,Urban,0,0,0,Null,None
1759767.3666,5907571.8374,897435,,524121,0,,0,3,,North,2023/2024,BADER DRIVE,IDLEWILD AVENUE,,Non-Injury Crash,No,2023,,South,,0,,Flat,,,,,,Bright sun,737600,0,0,0,2,,,0,,,,,,Auckland Region,Nil,2-way,Sealed,,0,0,,50,,None,0,0,,76,Auckland,Nil,,,,,0,0,Urban,0,,,Fine,Null
1759449.5127,5910286.6773,897437,,524002,0,,0,1,,North,2024/2025,SOUTH-WESTERN MOTORWAY,RIMU OBR,,Minor Crash,Yes,2024,,North,,0,,Flat,,,,,,Dark,722400,1,0,0,3,,,0,,,,,,Auckland Region,Nil,1-way,Sealed,,0,0,,100,,On,1,0,,76,Auckland,Nil,,,,,0,0,Open,0,,,Fine,Null
1763383.6433,5904010.5403,897444,,524604,0,,0,1,,Null,2024/2025,PUHINUI ROAD,Driveway,,Non-Injury Crash,Yes,2025,,North,,0,,Flat,,,,,,Dark,780902,0,0,0,2,,,0,,,,,,Auckland Region,Nil,2-way,Sealed,,0,0,,60,,On,0,0,50,76,Auckland,Nil,,,,,1,0,Urban,0,,,Fine,Null
1758733.0849,5919044.1142,897458,,515902,1,,0,1,,Null,2022/2023,DOMAIN DRIVE,TITOKI STREET,,Minor Crash,No,2023,,Null,,0,,Flat,,,,,,Bright sun,451700,1,0,0,2,,,0,,,1,,,Auckland Region,Nil,2-way,Sealed,,0,0,,30,,Off,0,0,,76,Auckland,Give way,,,,,0,0,Urban,0,,,Fine,Null