X,Y,OBJECTID,advisorySpeed,areaUnitID,bicycle,bridge,bus,carStationWagon,cliffBank,crashDirectionDescription,crashFinancialYear,crashLocation1,crashLocation2,crashRoadSideRoad,crashSeverity,crashSHDescription,crashYear,debris,directionRoleDescription,ditch,fatalCount,fence,flatHill,guardRail,holiday,houseOrBuilding,intersection,kerb,light,meshblockId,minorInjuryCount,moped,motorcycle,NumberOfLanes,objectThrownOrDropped,otherObject,otherVehicleType,overBank,parkedVehicle,pedestrian,phoneBoxEtc,postOrPole,region,roadCharacter,roadLane,roadSurface,roadworks,schoolBus,seriousInjuryCount,slipOrFlood,speedLimit,strayAnimal,streetLight,suv,taxi,temporarySpeedLimit,tlaId,tlaName,trafficControl,trafficIsland,trafficSign,train,tree,truck,unknownVehicleType,urban,vanOrUtility,vehicle,waterRiver,weatherA,weatherB
1759205.5068,5911169.6338,897463,,519820,0,,0,2,,North,2025/2026,SOUTH-WESTERN MOTORWAY,MANGERE BR,,Non-Injury Crash,Yes,2025,,South,,0,,Hill Road,,,,,,Overcast,602503,0,0,0,3,,,0,,,,,,Auckland Region,Bridge,1-way,Sealed,,0,0,,100,,Off,0,0,,76,Auckland,Nil,,,,,0,0,Open,1,,,Heavy rain,Null
1778789.5381,5912869.117,897466,,523300,0,0,0,1,0,North,2022/2023,WHITFORD MARAETAI ROAD,WAIKOPUA BR,,Non-Injury Crash,No,2023,0,North,0,0,1,Flat,0,,0,,0,Dark,718900,0,0,0,2,0,0,0,0,0,,0,0,Auckland Region,Nil,2-way,Sealed,0,0,0,0,80,0,None,0,0,,76,Auckland,Nil,0,0,0,0,0,0,Open,0,0,0,Light rain,Null
1760814.888,5915390.202,897468,,520201,0,0,0,1,0,South,2023/2024,SOUTHERN MOTORWAY,TECOMA STREET OFF RAMP,,Non-Injury Crash,Yes,2024,0,South,0,0,0,Flat,1,,0,,0,Dark,613000,0,0,0,3,0,0,0,0,0,,0,0,Auckland Region,Motorway ramp,1-way,Sealed,0,0,0,0,100,0,On,0,0,,76,Auckland,Nil,0,0,0,0,0,0,Open,0,0,0,Light rain,Null
1761357.0869,5920137.6485,897473,,516400,0,,0,2,,West,2025/2026,TAMAKI DRIVE,POKANOA POINT ENT,,Non-Injury Crash,No,2025,,East,,0,,Flat,,,,,,Overcast,496600,0,0,0,2,,,0,,,,,,Auckland Region,Nil,2-way,Sealed,,0,0,,50,,Off,0,0,,76,Auckland,Nil,,,,,0,0,Urban,0,,,Fine,Null
1757675.9935,5918292.8689,897476,,518101,0,,0,3,,Null,2024/2025,SOUTHERN MOTORWAY,KHYBER PASS ROAD OFF RAMP,,Minor Crash,Yes,2024,,North,,0,,Flat,,,,,,Overcast,543000,1,0,0,4,,,0,,,,,,Auckland Region,Nil,1-way,Sealed,,0,0,,80,,None,1,0,,76,Auckland,Nil,,,,,0,0,Open,0,,,Light rain,Null
1764802.7778,5909175.3406,897478,,521802,0,0,0,2,0,West,2022/2023,RONAKI ROAD,PETRIE PLACE,,Non-Injury Crash,No,2023,0,West,0,0,0,Flat,0,,0,,0,Overcast,789201,0,0,0,2,0,0,0,0,1,,0,0,Auckland Region,Nil,2-way,Sealed,0,0,0,0,50,0,Off,0,0,,76,Auckland,Nil,0,0,0,0,0,0,Urban,0,0,0,Light rain,Null
1760071.3157,5916867.1799,897482,,516002,0,,0,2,,Null,2023/2024,NORANA AVENUE,REMUERA ROAD ,,Non-Injury Crash,No,2024,,North,,0,,Hill Road,,,,,,Bright sun,492300,0,0,0,2,,,0,,,,,,Auckland Region,Nil,2-way,Sealed,,0,0,,50,,Off,0,0,,76,Auckland,Traffic Signals,,,,,0,0,Urban,0,,,Fine,Null
1763346.9238,5907362.8622,897484,,524301,0,0,0,3,0,South,2023/2024,EARLSWORTH ROAD,GRAY AVENUE,,Non-Injury Crash,No,2024,0,North,0,0,0,Flat,0,,0,,0,Dark,748000,0,0,0,2,0,0,0,0,1,,0,0,Auckland Region,Nil,2-way,Sealed,0,0,0,0,50,0,On,0,0,,76,Auckland,Nil,0,0,0,0,0,0,Urban,0,0,0,Light rain,Null
1768677.9786,5900740.5145,897485,,525002,0,0,0,1,0,East,2025/2026,WEYMOUTH ROAD,ROGERS ROAD,,Serious Crash,No,2025,0,East,0,0,0,Flat,0,,0,,0,Dark,752700,0,0,0,2,0,1,0,0,0,,0,1,Auckland Region,Nil,2-way,Sealed,0,0,1,0,50,0,On,0,0,,76,Auckland,Nil,0,0,0,0,0,0,Urban,0,0,0,Fine,Null
1772564.1062,5901455.3769,897489,,523813,0,,0,0,,South,2024/2025,MILL ROAD,ALFRISTON ROAD,,Non-Injury Crash,No,2025,,South,,0,,Null,,,,,,Twilight,761000,0,0,0,2,,,0,,,,,,Auckland Region,Nil,2-way,Sealed,,0,0,,60,,Null,1,0,,76,Auckland,Nil,,,,,0,0,Urban,0,,,Fine,Null
1748633.5623,5946488.936,897490,,506201,0,,0,1,,North,2024/2025,NORTHERN MOTORWAY,SILVERDALE ON RAMP,,Minor Crash,Yes,2024,,North,,0,,Hill Road,,,,,,Overcast,176603,1,0,1,2,,,0,,,,,,Auckland Region,Nil,1-way,Sealed,,0,0,,100,,None,0,0,,76,Auckland,Nil,,,,,0,0,Open,0,,,Fine,Null
1751180.1625,5931704.8401,897495,,508806,0,,0,1,,South,2025/2026,ALBANY HIGHWAY,APPLEBY ROAD,,Minor Crash,No,2025,,South,,0,,Hill Road,,,,,,Bright sun,180101,1,0,0,4,,,0,,,,,,Auckland Region,Nil,2-way,Sealed,,0,0,,50,,Off,0,0,,76,Auckland,Nil,,,,,0,0,Urban,0,,,Fine,Null
1746245.4579,5925707.4018,897496,,513432,0,0,0,1,0,North,2023/2024,HOBSONVILLE ROAD,SUNCREST DRIVE,,Non-Injury Crash,No,2024,0,North,0,0,0,Flat,0,,0,,0,Bright sun,223007,0,0,0,2,0,0,0,0,1,,0,0,Auckland Region,Nil,2-way,Sealed,0,0,0,0,50,0,None,1,0,,76,Auckland,Nil,0,0,0,0,0,0,Urban,0,0,0,Fine,Null
1752306.258,5930366.5009,897498,,508803,0,,0,2,,Null,2022/2023,ALBANY HIGHWAY,UPPER HARBOUR DRIVE,,Non-Injury Crash,No,2023,,North,,0,,Flat,,,,,,Dark,180858,0,0,0,3,,,0,,,,,,Auckland Region,Nil,2-way,Sealed,,0,0,,60,,On,0,0,,76,Auckland,Traffic Signals,,,,,0,0,Urban,0,,,Fine,Null
1757125.5494,5920719.1187,897499,,514102,0,,0,2,,Null,2025/2026,WYNDHAM STREET,HOBSON STREET,,Non-Injury Crash,No,2025,,East,,0,,Null,,,,,,Unknown,433305,0,0,0,2,,,0,,,,,,Auckland Region,Nil,1-way,Null,,0,0,,30,,Null,0,0,,76,Auckland,Traffic Signals,,,,,0,0,Urban,0,,,Null,Null
1764654.8549,5911729.6149,897510,,520500,0,,1,1,,North,2022/2023,SOUTHERN MOTORWAY,PANAMA OBR,,Non-Injury Crash,Yes,2023,,South,,0,,Flat,,,,,,Bright sun,639602,0,0,0,3,,,0,,,,,,Auckland Region,Nil,1-way,Sealed,,0,0,,100,,Off,0,1,,76,Auckland,Nil,,,,,0,0,Open,0,,,Fine,Null
1766072.675,5906263.0569,897515,,522302,0,0,0,3,0,Null,2025/2026,GREAT SOUTH ROAD,CENTRAL AVENUE,,Non-Injury Crash,No,2025,0,North,0,0,0,Flat,0,,0,,0,Dark,668700,0,0,0,2,0,0,0,0,1,,0,0,Auckland Region,Nil,2-way,Sealed,0,0,0,0,50,0,On,0,0,,76,Auckland,Stop,0,0,0,0,0,0,Urban,0,0,0,Fine,Null
1762736.1829,5907505.9217,897527,,524301,0,,0,0,,Null,2023/2024,MASSEY ROAD,VIOLA AVENUE,,Minor Crash,No,2024,,South,,0,,Flat,,,,,,Dark,747700,1,0,0,2,,,0,,,,,,Auckland Region,Nil,2-way,Sealed,,0,0,,50,,On,0,0,,76,Auckland,Give way,,,,,0,0,Urban,2,,,Mist or Fog,Null
1772549.1094,5896695.1596,897528,,525420,0,,0,1,,Null,2024/2025,GREAT SOUTH ROAD,O'SHANNESSEY STREET,,Non-Injury Crash,No,2024,,North,,0,,Flat,,,,,,Twilight,791300,0,0,0,3,,,0,,,,,,Auckland Region,Nil,2-way,Sealed,,0,0,,50,,On,0,0,,76,Auckland,Traffic Signals,,,,,0,0,Urban,1,,,Fine,Null
1770381.6027,5911593.2913,897530,,523105,0,,0,2,,Null,2025/2026,BOTANY ROAD,GOLFLAND DRIVE,,Non-Injury Crash,No,2025,,North,,0,,Flat,,,,,,Overcast,711183,0,0,0,4,,,0,,,,,,Auckland Region,Nil,2-way,Sealed,,0,0,,50,,Off,0,0,,76,Auckland,Traffic Signals,,,,,0,0,Urban,0,,,Heavy rain,Null
1770432.6842,5912322.4728,897533,,523106,0,,0,2,,Null,2025/2026,MILLHOUSE DRIVE,MILLHOUSE DRIVE,,Non-Injury Crash,No,2025,,West,,0,,Hill Road,,,,,,Bright sun,711186,0,0,0,2,,,0,,,,,,Auckland Region,Nil,2-way,Sealed,,0,0,,50,,Off,0,0,,76,Auckland,Traffic Signals,,,,,0,0,Urban,0,,,Fine,Null
1755351.8437,5928923.1521,897535,,508320,0,,0,2,,South,2025/2026,HILLSIDE ROAD,WAIRAU ROAD,,Non-Injury Crash,No,2025,,North,,0,,Null,,Labour Weekend,,,,Bright sun,196700,0,0,0,2,,,0,,,,,,Auckland Region,Nil,2-way,Sealed,,0,0,,50,,Null,0,0,,76,Auckland,Nil,,,,,0,0,Urban,0,,,Null,Null
1770402.3966,5912316.1853,897537,,523106,0,,0,1,,Null,2025/2026,BOTANY ROAD,MILLHOUSE DRIVE,,Non-Injury Crash,No,2026,,South,,0,,Null,,,,,,Unknown,711186,0,0,0,2,,,0,,,,,,Auckland Region,Nil,1-way,Sealed,,0,0,,50,,Null,1,0,,76,Auckland,Give way,,,,,0,0,Urban,0,,,Fine,Null
1756729.4463,5912362.5642,897540,,518702,0,,0,2,,North,2022/2023,CARLTON STREET,VIKING AVENUE,,Non-Injury Crash,No,2023,,North,,0,,Flat,,,,,,Overcast,571100,0,0,0,2,,,0,,,,,,Auckland Region,Nil,2-way,Sealed,,0,0,,50,,Off,0,0,,76,Auckland,Nil,,,,,0,0,Urban,0,,,Fine,Null
1774015.7719,5895991.6545,897541,,525620,0,,0,1,,Null,2023/2024,SETTLEMENT ROAD,HUNUA ROAD,,Non-Injury Crash,No,2023,,East,,0,,Flat,,,,,,Twilight,798102,0,0,0,2,,,0,,,,,,Auckland Region,Nil,2-way,Sealed,,0,0,,50,,Off,0,0,,76,Auckland,Nil,,,,,0,0,Urban,0,,,Fine,Null
1765485.452,5908857.4393,897549,,523403,0,,0,3,,North,2023/2024,SOUTHERN MOTORWAY,HIGHBROOK OBR,,Non-Injury Crash,Yes,2023,,North,,0,,Flat,,,,,,Bright sun,700100,0,0,0,3,,,0,,,,,,Auckland Region,Nil,1-way,Sealed,,0,0,,100,,Null,0,0,,76,Auckland,Nil,,,,,0,0,Open,0,,,Fine,Null
1763722.0583,5912632.8327,897552,,520500,0,,0,1,,West,2025/2026,SOUTHERN MOTORWAY,MT WGTN OBR,,Non-Injury Crash,Yes,2026,,West,,0,,Null,,,,,,Overcast,637300,0,0,0,2,,,0,,,,,,Auckland Region,Nil,1-way,Sealed,,0,0,,100,,Null,0,0,,76,Auckland,Nil,,,,,0,0,Open,1,,,Light rain,Null
1751639.7006,5934065.8221,897553,,508701,0,,0,2,,Null,2023/2024,OTEHA VALLEY ROAD,DAIRY FLAT HIGHWAY,,Non-Injury Crash,No,2023,,South,,0,,Flat,,,,,,Bright sun,178900,0,0,0,2,,,0,,,,,,Auckland Region,Nil,2-way,Sealed,,0,0,,50,,Off,0,0,40,76,Auckland,Traffic Signals,,,,,0,0,Urban,0,,,Fine,Null
1753331.9288,5914275.4732,897554,,518801,0,,0,1,,Null,2025/2026,RICHARDSON ROAD,MAIORO STREET,,Non-Injury Crash,No,2025,,South,,0,,Flat,,,,,,Overcast,578400,0,0,0,2,,,0,,,,,,Auckland Region,Nil,2-way,Sealed,,0,0,,50,,Off,0,0,,76,Auckland,Traffic Signals,,,,,0,0,Urban,1,,,Heavy rain,Null
1766702.927,5904672.5764,897560,,524603,0,,0,1,,Null,2025/2026,CAVENDISH DRIVE,LAMBIE DRIVE,,Non-Injury Crash,No,2025,,East,,0,,Null,,,,,,Bright sun,780202,0,0,0,4,,,0,,,,,,Auckland Region,Nil,2-way,Sealed,,0,0,,50,,Null,0,0,,76,Auckland,Traffic Signals,,,,,0,0,Urban,1,,,Fine,Null
1747866.9079,5912480.1592,897565,,511901,0,0,0,1,0,South,2023/2024,NORMAN ROAD,ATKINSON ROAD,,Non-Injury Crash,No,2023,0,West,0,0,0,Hill Road,0,,0,,0,Dark,294300,0,0,0,2,0,0,0,0,1,,0,0,Auckland Region,Nil,2-way,Sealed,0,0,0,0,50,0,On,0,0,,76,Auckland,Nil,0,0,0,0,0,0,Urban,1,0,0,Fine,Null
1748623.1811,5913736.1087,897567,,511302,0,0,0,1,0,Null,2022/2023,FRUITVALE ROAD,ARAWA STREET,,Non-Injury Crash,No,2023,0,North,0,0,1,Flat,0,,0,,0,Dark,269600,0,0,0,2,0,0,0,0,0,,0,0,Auckland Region,Nil,2-way,Sealed,0,0,0,0,50,0,On,0,0,,76,Auckland,Give way,0,0,0,0,0,0,Urban,0,0,0,Fine,Null
1758599.3658,5913625.1404,897569,,519710,0,,0,1,,Null,2023/2024,CAMPBELL ROAD,CLARKE ROAD,,Non-Injury Crash,No,2024,,West,,0,,Flat,,,,,,Overcast,593500,0,0,0,2,,,0,,,,,,Auckland Region,Nil,2-way,Sealed,,0,0,,50,,Off,0,0,,76,Auckland,Stop,,,,,0,0,Urban,1,,,Fine,Null
1756041.0657,5943930.7046,897571,,505909,0,0,0,2,0,North,2023/2024,LINK CRESCENT,SEAFARER CRESCENT,,Non-Injury Crash,No,2023,0,North,0,0,0,Hill Road,0,,0,,0,Dark,174012,0,0,0,2,0,0,0,0,1,,0,0,Auckland Region,Nil,2-way,Sealed,0,0,0,0,50,0,On,0,0,,76,Auckland,Nil,0,0,0,0,0,0,Urban,0,0,0,Light rain,Null
1755890.8807,5918472.4354,897581,,517500,0,0,0,1,0,Null,2023/2024,NORTH-WESTERN MOTORWAY,NEWTON ROAD ON RAMP,,Non-Injury Crash,Yes,2023,1,South,0,0,0,Flat,0,,0,,0,Overcast,529200,0,0,0,4,0,0,0,0,0,,0,0,Auckland Region,Nil,1-way,Sealed,0,0,0,0,80,0,Off,0,0,,76,Auckland,Nil,0,0,0,0,0,0,Open,1,0,0,Fine,Null
1748091.4966,5913589.8241,897585,45,511100,0,0,0,1,0,North,2024/2025,RUA ROAD,TAHI TERRACE,,Serious Crash,No,2024,0,South,0,0,0,Hill Road,0,,0,,0,Overcast,286900,1,0,0,2,0,0,0,0,0,,0,1,Auckland Region,Nil,2-way,Sealed,0,0,1,0,50,0,Off,0,0,,76,Auckland,Nil,0,0,0,0,0,0,Urban,0,0,0,Fine,Null
1765633.1663,5914882.2341,897586,,520601,0,,0,2,,Null,2025/2026,STEWART AVENUE,NGARIMU ROAD,,Minor Crash,No,2025,,South,,0,,Hill Road,,,,,,Bright sun,630600,1,0,0,2,,,0,,,,,,Auckland Region,Nil,2-way,Sealed,,0,0,,50,,Off,0,1,,76,Auckland,Give way,,,,,0,0,Urban,0,,,Fine,Null
1751611.5038,5918012.828,897588,,515001,0,0,0,2,0,West,2025/2026,GREAT NORTH ROAD ON RAMP,GT NORTH OBR,,Minor Crash,No,2026,0,South,0,0,0,Hill Road,2,Christmas New Year,0,,0,Overcast,392200,1,0,0,3,0,0,0,0,0,,0,0,Auckland Region,Motorway ramp,1-way,Sealed,0,0,0,0,80,0,Off,0,0,,76,Auckland,Nil,0,0,0,0,0,0,Open,0,0,0,Light rain,Null
1763203.3346,5908156.7732,897596,,524402,0,,0,2,,North,2025/2026,MASSEY ROAD,MIAMI STREET,,Non-Injury Crash,No,2025,,South,,0,,Flat,,,,,,Bright sun,750000,0,0,0,4,,,0,,,,,,Auckland Region,Nil,2-way,Sealed,,0,0,,50,,Off,0,0,,76,Auckland,Nil,,,,,0,0,Urban,0,,,Fine,Null
1742139.2638,5920758.8562,897600,,513621,0,,0,1,,North,2025/2026,BIRDWOOD ROAD,CHAMBERLAIN ROAD,,Minor Crash,No,2026,,North,,0,,Flat,,Christmas New Year,,,,Overcast,226602,3,0,0,2,,,0,,,,,,Auckland Region,Nil,2-way,Sealed,,0,0,,60,,Off,0,0,,76,Auckland,Nil,,,,,0,0,Urban,1,,,Fine,Null
1755062.355,5929257.4082,897603,,508420,0,,0,1,,North,2023/2024,TARGET ROAD,WAIRAU ROAD,,Minor Crash,No,2024,,South,,0,,Hill Road,,,,,,Bright sun,183800,1,0,0,4,,,0,,,,,,Auckland Region,Nil,2-way,Sealed,,0,0,,50,,Off,0,0,,76,Auckland,Nil,,,,,0,0,Urban,1,,,Fine,Null
1731164.9063,5926034.6102,897605,,506655,0,,0,0,,West,2023/2024,MURIWAI ROAD,VALLEY ROAD,,Non-Injury Crash,No,2023,,East,,0,,Hill Road,,,,,,Dark,218801,0,0,0,2,,,0,,,,,,Auckland Region,Nil,2-way,Sealed,,0,0,,100,,None,2,0,,76,Auckland,Nil,,,,,0,0,Open,0,,,Fine,Null
1757534.6906,5920717.3708,897606,,514103,0,0,0,1,0,North,2025/2026,JEAN BATTEN PLACE,SHORTLAND STREET,,Non-Injury Crash,No,2025,0,North,0,0,0,Flat,0,,0,,0,Overcast,438102,0,0,0,1,0,1,0,0,0,,0,0,Auckland Region,Nil,1-way,Sealed,0,0,0,0,10,0,None,0,0,,76,Auckland,Nil,0,0,0,0,0,0,Urban,0,0,0,Fine,Null
1760622.0233,5914934.5607,897607,,519400,0,,0,1,,North,2024/2025,GREAT SOUTH ROAD,WAIOHUA ROAD,,Minor Crash,No,2024,,North,,0,,Flat,,,,,,Dark,619300,1,1,0,4,,,0,,,,,,Auckland Region,Nil,2-way,Sealed,,0,0,,50,,On,0,0,,76,Auckland,Nil,,,,,0,0,Urban,0,,,Fine,Null
1754314.0574,5918332.2543,897611,,515432,0,,0,1,,East,2025/2026,NORTH-WESTERN MOTORWAY,ST LUKES ROAD OFF RAMP,,Non-Injury Crash,Yes,2026,,West,,0,,Flat,,,,,,Dark,406202,0,0,0,4,,,0,,,,,,Auckland Region,Nil,1-way,Sealed,,0,0,,80,,On,0,0,,76,Auckland,Nil,,,,,1,0,Open,0,,,Heavy rain,Null
1783751.6597,5926689.844,897612,,520801,0,0,0,0,0,South,2023/2024,SEA VIEW ROAD,VIEW ROAD,,Non-Injury Crash,No,2023,0,North,0,0,0,Hill Road,0,,0,,0,Dark,515203,0,0,0,2,0,0,0,1,0,,0,0,Auckland Region,Nil,2-way,Sealed,0,0,0,0,50,0,None,0,0,,76,Auckland,Nil,0,0,0,0,0,0,Urban,1,0,0,Heavy rain,Null
1745286.5458,5919578.7668,897615,,513301,0,,0,1,,South,2025/2026,LINCOLN ROAD,UNIVERSAL DRIVE,,Minor Crash,No,2025,,North,,0,,Flat,,,,,,Twilight,232001,1,0,0,5,,,0,,,1,,,Auckland Region,Nil,2-way,Sealed,,0,0,,50,,Off,0,0,,76,Auckland,Traffic Signals,,,,,0,0,Urban,0,,,Fine,Null
1756733.1434,5926582.1449,897623,,507900,0,,0,3,,North,2025/2026,NORTHERN MOTORWAY,AKORANGA FTBR,,Non-Injury Crash,Yes,2025,,South,,0,,Flat,,,,,,Bright sun,303901,0,0,0,3,,,0,,,,,,Auckland Region,Nil,1-way,Sealed,,0,0,,100,,Off,0,0,,76,Auckland,Nil,,,,,0,0,Open,0,,,Fine,Null
1764364.4887,5913503.0013,897638,,520500,0,,0,1,,South,2024/2025,CARBINE ROAD,WAIPUNA ROAD,,Non-Injury Crash,No,2024,,North,,0,,Null,,,,,,Twilight,638700,0,0,0,4,,,0,,,,,,Auckland Region,Nil,2-way,Sealed,,0,0,,50,,On,0,0,,76,Auckland,Nil,,,,,0,0,Urban,0,,,Light rain,Null
1767656.4306,5905144.9371,897641,,524603,0,,0,2,,North,2025/2026,TE IRIRANGI DRIVE ON RAMP,TE IRIRANGI DRIVE,,Non-Injury Crash,No,2026,,North,,0,,Hill Road,,,,,,Overcast,780304,0,0,0,2,,,0,,,,,,Auckland Region,Motorway ramp,1-way,Sealed,,0,0,,80,,Off,0,0,,76,Auckland,Nil,,,,,0,0,Open,0,,,Fine,Null
1763540.802,5909673.1256,897645,,521901,0,0,0,0,0,Null,2025/2026,STATION ROAD,HUIA ROAD,,Non-Injury Crash,No,2026,0,East,0,0,1,Flat,0,,0,,0,Bright sun,782900,0,0,0,2,0,1,0,0,0,,0,0,Auckland Region,Nil,2-way,Sealed,0,0,0,0,70,0,On,1,0,50,76,Auckland,Stop,0,0,0,0,0,0,Urban,0,0,0,Fine,Null
1766901.5369,5907539.7752,897652,,523602,0,,0,2,,Null,2023/2024,BAIRDS ROAD,COBHAM CRESCENT,,Non-Injury Crash,No,2023,,South,,0,,Flat,,,,,,Bright sun,709300,0,0,0,2,,,0,,,,,,Auckland Region,Nil,2-way,Sealed,,0,0,,50,,Off,0,0,,76,Auckland,Give way,,,,,0,0,Urban,0,,,Fine,Frost
1762932.2075,5907717.0696,897657,,524301,0,,0,2,,South,2025/2026,MASSEY ROAD,TENNESSEE AVENUE,,Minor Crash,No,2026,,North,,0,,Flat,,,,,,Dark,747401,1,0,0,2,,,0,,,,,,Auckland Region,Nil,2-way,Sealed,,0,0,,50,,On,0,0,,76,Auckland,Nil,,,,,0,0,Urban,0,,,Light rain,Strong wind
1766993.8406,5913380.8668,897658,,522820,0,,0,2,,Null,2024/2025,PAKURANGA ROAD,WILLIAM ROBERTS ROAD,,Minor Crash,No,2024,,West,,0,,Hill Road,,,,,,Overcast,694900,2,0,0,6,,,0,,,,,,Auckland Region,Nil,2-way,Sealed,,0,0,,50,,Off,0,0,,76,Auckland,Give way,,,,,0,0,Urban,0,,,Fine,Null
1765761.3159,5907116.0053,897660,,522301,0,,0,2,,North,2023/2024,EAST TAMAKI ROAD,KONINI AVENUE,,Non-Injury Crash,No,2023,,North,,0,,Flat,,,,,,Dark,666301,0,0,0,4,,,0,,,,,,Auckland Region,Nil,2-way,Sealed,,0,0,,50,,On,0,0,40,76,Auckland,Nil,,,,,0,0,Urban,0,,,Fine,Null
1769659.4303,5901844.3319,897661,,523814,0,,0,1,,Null,2025/2026,HILL ROAD-MANUREWA OFF RAMP,HILL ROAD,,Minor Crash,No,2025,,South,,0,,Hill Road,,,,,,Bright sun,760702,1,0,0,2,,,0,,,,,,Auckland Region,Motorway ramp,1-way,Sealed,,0,0,,50,,Off,0,0,,76,Auckland,Traffic Signals,,,,,0,0,Urban,1,,,Fine,Null
1753551.8703,5913108.9851,897668,,518901,0,0,0,2,0,North,2022/2023,WHITE SWAN ROAD,ELLIS AVENUE,,Non-Injury Crash,No,2023,0,South,0,0,0,Hill Road,0,,0,,0,Dark,585200,0,0,0,2,0,0,0,0,1,,0,0,Auckland Region,Nil,2-way,Sealed,0,0,0,0,50,0,On,1,0,,76,Auckland,Nil,0,0,0,0,0,0,Urban,0,0,0,Fine,Null
1766283.1676,5904602.5549,897670,,524603,0,,0,2,,Null,2023/2024,NORMAN SPENCER DRIVE,CAVENDISH DRIVE,,Non-Injury Crash,No,2023,,South,,0,,Flat,,,,,,Bright sun,780202,0,0,0,4,,,0,,,,,,Auckland Region,Nil,2-way,Sealed,,0,0,,50,,Off,0,0,,76,Auckland,Traffic Signals,,,,,0,0,Urban,0,,,Fine,None
1768121.5847,5902842.5466,897671,,524602,0,,0,2,,North,2025/2026,GREAT SOUTH ROAD,TOTARA MEADOWS COURT,,Non-Injury Crash,No,2026,,South,,0,,Flat,,,,,,Overcast,780504,0,0,0,4,,,0,,,,,,Auckland Region,Nil,2-way,Sealed,,0,0,,50,,Off,0,0,,76,Auckland,Nil,,,,,0,0,Urban,0,,,Light rain,Frost
1774160.3725,5897230.9679,897677,,525630,0,,0,0,,Null,2024/2025,CLEVEDON ROAD,COSGRAVE ROAD,,Serious Crash,No,2025,,South,,0,,Flat,,,,,,Overcast,795900,0,0,0,2,,,0,,,1,,,Auckland Region,Nil,2-way,Sealed,,0,2,,50,,Off,0,0,,76,Auckland,Stop,,,,,2,0,Urban,0,,,Fine,Null
1771113.6062,5900662.0859,897681,,523817,0,,0,1,,Null,2024/2025,PORCHESTER ROAD,HYPERION DRIVE,,Non-Injury Crash,No,2025,,North,,0,,Flat,,,,,,Overcast,759731,0,0,0,2,,,0,,,,,,Auckland Region,Nil,2-way,Sealed,,0,0,,50,,Off,0,0,,76,Auckland,Stop,,,,,0,0,Urban,1,,,Fine,Null
1755691.5972,5916141.2456,897690,,518301,0,0,0,2,0,Null,2024/2025,DOMINION ROAD,WIREMU STREET,,Fatal Crash,No,2025,0,South,0,1,0,Flat,0,,1,,0,Dark,555100,0,0,0,2,0,0,0,0,0,,0,0,Auckland Region,Nil,2-way,Sealed,0,0,1,0,50,0,On,0,0,,76,Auckland,Traffic Signals,0,0,0,0,0,0,Urban,0,0,0,Light rain,Null
1759789.4189,5915848.0528,897691,,519200,0,,0,1,,North,2025/2026,GREAT SOUTH ROAD,GREEN LANE WEST,,Serious Crash,No,2025,,South,,0,,Flat,,Labour Weekend,,,,Overcast,616000,0,0,0,4,,,0,,,1,,,Auckland Region,Nil,2-way,Sealed,,0,1,,50,,Off,0,0,,76,Auckland,Nil,,,,,0,0,Urban,0,,,Fine,Null
1746019.9841,5917646.8942,897693,,510700,0,,0,2,,Null,2024/2025,MATUHI RISE,EDMONTON ROAD,,Non-Injury Crash,No,2025,,West,,0,,Null,,,,,,Bright sun,240305,0,0,0,2,,,0,,,,,,Auckland Region,Nil,2-way,Sealed,,0,0,,50,,Null,0,0,,76,Auckland,Give way,,,,,0,0,Urban,0,,,Fine,Null
1757227.3274,5912475.5929,897697,,518702,0,,0,1,,South,2024/2025,SOUTH-WESTERN MOTORWAY,HILLSBOROUGH ROAD ON RAMP,,Non-Injury Crash,Yes,2025,,South,,0,,Hill Road,,,,,,Dark,570300,0,0,0,3,,,0,,,,,,Auckland Region,Nil,1-way,Sealed,,0,0,,100,,On,0,0,,76,Auckland,Nil,,,,,0,0,Open,0,,,Light rain,Null
1729508.5834,5963888.7313,897698,55,506613,0,,0,0,,North,2024/2025,KAIPARA COAST HIGHWAY,KAIPARA HILLS ROAD,,Serious Crash,Yes,2025,,North,,0,,Hill Road,,,,,,Bright sun,146200,0,0,1,2,,,0,,,,,,Auckland Region,Nil,2-way,Sealed,,0,1,,100,,Off,0,0,,76,Auckland,Nil,,,,,0,0,Open,0,,,Fine,Null
1752871.0961,5918141.5406,897700,,515003,0,,0,2,,East,2022/2023,NORTH-WESTERN MOTORWAY,GREAT NORTH ROAD OFF RAMP,,Non-Injury Crash,Yes,2023,,West,,0,,Flat,,,,,,Overcast,390502,0,0,0,4,,,0,,,,,,Auckland Region,Nil,1-way,Sealed,,0,0,,100,,Off,0,0,,76,Auckland,Nil,,,,,0,0,Open,0,,,Fine,Null
1757334.9333,5918834.3022,897701,,514302,0,,0,2,,South,2024/2025,SOUTHERN MOTORWAY,GRAFTON OBR,,Non-Injury Crash,Yes,2025,,North,,0,,Flat,,,,,,Twilight,441700,0,0,0,3,,,0,,,,,,Auckland Region,Nil,1-way,Sealed,,0,0,,80,,On,0,0,,76,Auckland,Nil,,,,,0,0,Open,0,,,Fine,Null