X,Y,OBJECTID,advisorySpeed,areaUnitID,bicycle,bridge,bus,carStationWagon,cliffBank,crashDirectionDescription,crashFinancialYear,crashLocation1,crashLocation2,crashRoadSideRoad,crashSeverity,crashSHDescription,crashYear,debris,directionRoleDescription,ditch,fatalCount,fence,flatHill,guardRail,holiday,houseOrBuilding,intersection,kerb,light,meshblockId,minorInjuryCount,moped,motorcycle,NumberOfLanes,objectThrownOrDropped,otherObject,otherVehicleType,overBank,parkedVehicle,pedestrian,phoneBoxEtc,postOrPole,region,roadCharacter,roadLane,roadSurface,roadworks,schoolBus,seriousInjuryCount,slipOrFlood,speedLimit,strayAnimal,streetLight,suv,taxi,temporarySpeedLimit,tlaId,tlaName,trafficControl,trafficIsland,trafficSign,train,tree,truck,unknownVehicleType,urban,vanOrUtility,vehicle,waterRiver,weatherA,weatherB
1729773.6229,5933044.0084,897707,,506653,0,,0,1,,Null,2024/2025,TARRANT ROAD,KIWITAHI ROAD,,Non-Injury Crash,No,2025,,West,,0,,Flat,,,,,,Overcast,217900,0,0,0,2,,,0,,,,,,Auckland Region,Nil,2-way,Unsealed,,0,0,,100,,Null,0,0,,76,Auckland,Stop,,,,,0,0,Open,1,,,Fine,Null
1768923.3069,5900829.3096,897710,,525002,0,,0,2,,Null,2023/2024,GREAT SOUTH ROAD,WEYMOUTH ROAD,,Non-Injury Crash,No,2024,,North,,0,,Flat,,,,,,Overcast,752802,0,0,0,3,,,0,,,,,,Auckland Region,Nil,2-way,Sealed,,0,0,,50,,Off,0,1,,76,Auckland,Traffic Signals,,,,,0,0,Urban,0,,,Fine,Null
1763321.5485,5907033.0054,897711,35,524301,0,,0,2,,South,2024/2025,GRAEME AVENUE,HAIN AVENUE,,Serious Crash,No,2024,,North,,0,,Flat,,,,,,Dark,748500,1,0,0,2,,,0,,,,,,Auckland Region,Nil,2-way,Sealed,,0,1,,50,,On,0,0,,76,Auckland,Nil,,,,,0,0,Urban,0,,,Fine,Null
1766574.4551,5913048.9264,897721,,522920,0,,0,1,,Null,2024/2025,TI RAKAU DRIVE,PALM AVENUE,,Non-Injury Crash,No,2024,,North,,0,,Null,,,,,,Unknown,683900,0,0,0,3,,,0,,,,,,Auckland Region,Nil,1-way,Null,,0,0,,50,,Null,0,0,,76,Auckland,Traffic Signals,,,,,0,0,Urban,0,,,Fine,Null
1743507.4903,5920593.6164,897726,,513632,0,,0,1,,North,2025/2026,DON BUCK ROAD,JEZERO DRIVE,,Minor Crash,No,2025,,South,,0,,Hill Road,,,,,,Dark,229001,1,0,1,2,,,0,,,,,,Auckland Region,Nil,2-way,Sealed,,0,0,,50,,On,0,0,,76,Auckland,Nil,,,,,0,0,Urban,0,,,Fine,Null
1743765.2565,5923905.1197,897728,,513511,0,,0,0,,Null,2025/2026,MAKI STREET,FRED TAYLOR DRIVE,,Minor Crash,No,2026,,North,,0,,Flat,,,,,,Twilight,224306,2,0,0,2,,,0,,,,,,Auckland Region,Nil,1-way,Sealed,,0,0,,50,,Off,1,0,,76,Auckland,Traffic Signals,,,,,0,0,Urban,1,,,Heavy rain,Null
1754316.318,5912575.9234,897729,,518901,0,0,0,1,0,West,2023/2024,ANITA AVENUE,CORMACK STREET,,Non-Injury Crash,No,2024,1,West,0,0,0,Hill Road,0,,0,,0,Bright sun,586200,0,0,0,2,0,0,0,0,0,,0,0,Auckland Region,Nil,2-way,Sealed,0,0,0,0,50,0,Off,0,0,,76,Auckland,Nil,0,0,0,0,0,0,Urban,0,0,0,Fine,Null
1756360.1599,5927285.1879,897734,,507900,0,,0,3,,South,2022/2023,NORTHERN MOTORWAY,NORTHCOTE ROAD OFF RAMP,,Non-Injury Crash,Yes,2023,,South,,0,,Flat,,,,,,Overcast,305202,0,0,0,3,,,0,,,,,,Auckland Region,Nil,1-way,Sealed,,0,0,,100,,Off,0,0,,76,Auckland,Nil,,,,,0,0,Open,0,,,Fine,Null
1752645.4406,5918065.2942,897749,,515003,0,,0,2,,West,2022/2023,NORTH-WESTERN MOTORWAY,GREAT NORTH ROAD OFF RAMP,,Non-Injury Crash,Yes,2023,,West,,0,,Flat,,,,,,Dark,390600,0,0,0,3,,,0,,,,,,Auckland Region,Nil,1-way,Sealed,,0,0,,100,,On,0,0,,76,Auckland,Nil,,,,,0,0,Open,0,,,Fine,Null
1768674.8829,5900739.5472,897752,,525002,0,,0,1,,West,2025/2026,WEYMOUTH ROAD,BEAUMONTS WAY,,Serious Crash,No,2025,,East,,0,,Flat,,,,,,Dark,752700,1,0,0,2,,,0,,,2,,,Auckland Region,Nil,2-way,Sealed,,0,1,,50,,On,0,0,,76,Auckland,Nil,,,,,0,0,Urban,0,,,Light rain,Null
1756894.9999,5925131.9961,897755,,509702,0,,0,2,,North,2023/2024,NORTHERN MOTORWAY,EXMOUTH FTBR,,Non-Injury Crash,Yes,2024,,South,,0,,Flat,,,,,,Bright sun,366602,0,0,0,4,,,0,,,,,,Auckland Region,Nil,2-way,Sealed,,0,0,,100,,Off,0,0,,76,Auckland,Nil,,,,,0,0,Open,0,,,Fine,None
1752606.965,5915788.2348,897756,,517902,0,0,0,2,0,Null,2023/2024,RICHARDSON ROAD,DUART AVENUE,,Non-Injury Crash,No,2024,0,North,0,0,0,Flat,0,,0,,0,Bright sun,520800,0,0,0,2,0,0,0,0,1,,0,0,Auckland Region,Nil,2-way,Sealed,0,0,0,0,50,0,Off,0,0,,76,Auckland,Give way,0,0,0,0,0,0,Urban,0,0,0,Fine,None
1763793.2706,5912176.1899,897762,,520500,0,,0,2,,Null,2025/2026,SYLVIA PARK ROAD,PACIFIC RISE,,Non-Injury Crash,No,2025,,South,,0,,Null,,,,,,Overcast,637300,0,0,0,2,,,0,,,,,,Auckland Region,Nil,2-way,Sealed,,0,0,,50,,Null,0,0,,76,Auckland,Give way,,,,,0,0,Urban,0,,,Fine,Null
1754323.5429,5945552.715,897763,,505907,0,0,0,3,0,South,2024/2025,WAIORA ROAD,ELLISTON CRESCENT,,Minor Crash,No,2024,0,South,0,0,0,Hill Road,0,,0,,0,Dark,173413,1,0,0,2,0,0,0,0,1,,0,0,Auckland Region,Nil,2-way,Sealed,0,0,0,0,50,0,On,0,0,,76,Auckland,Nil,0,0,0,0,0,0,Urban,0,0,0,Fine,Null
1750144.4855,5983863.0442,897773,,506660,0,0,0,1,1,North,2023/2024,PAKIRI ROAD,KENNAWAY ROAD,,Minor Crash,No,2023,0,East,0,0,0,Flat,0,,0,,0,Overcast,136204,1,0,0,2,0,0,0,0,0,,0,0,Auckland Region,Nil,2-way,Sealed,0,0,0,0,60,0,None,0,0,,76,Auckland,Nil,0,0,0,0,0,0,Urban,0,0,0,Fine,Null
1758889.4077,5905251.9769,897774,,524200,0,0,0,1,0,North,2025/2026,GEORGE BOLT MEMORIAL DRIVE,VERISSIMO DRIVE,,Minor Crash,Yes,2025,0,South,0,0,0,Flat,1,,0,,0,Dark,727600,1,0,0,5,0,0,0,0,0,,0,0,Auckland Region,Nil,2-way,Sealed,0,0,0,0,100,0,On,0,0,,76,Auckland,Nil,0,0,0,0,1,0,Open,0,0,0,Fine,Null
1756783.7251,5919762.3489,897781,,514102,0,,0,0,,Null,2023/2024,PITT STREET,HOPETOUN STREET,,Minor Crash,No,2024,,South,,0,,Hill Road,,,,,,Twilight,434802,1,0,1,6,,,0,,,,,,Auckland Region,Nil,2-way,Sealed,,0,0,,30,,Off,0,0,,76,Auckland,Traffic Signals,,,,,0,0,Urban,0,,,Fine,Null
1756695.7621,5912755.295,897783,,518702,0,,0,2,,East,2024/2025,HILLSBOROUGH ROAD OFF RAMP,HILLSBOROUGH ROAD,,Minor Crash,No,2024,,West,,0,,Flat,,,,,,Overcast,570100,2,0,0,4,,,0,,,,,,Auckland Region,Motorway ramp,1-way,Sealed,,0,0,,50,,Off,0,0,,76,Auckland,Nil,,,,,0,0,Urban,0,,,Fine,Null
1761787.4661,5914009.9209,897786,,520202,0,,0,3,,East,2024/2025,SOUTHERN MOTORWAY,ELLERSLIE-PANMURE HWY OFF RAMP,,Non-Injury Crash,Yes,2025,,North,,0,,Flat,,,,,,Twilight,612300,0,0,0,3,,,0,,,,,,Auckland Region,Nil,1-way,Sealed,,0,0,,100,,On,0,0,,76,Auckland,Nil,,,,,0,0,Open,0,,,Fine,Null
1756570.3428,5924743.4762,897787,,509702,0,0,0,2,0,South,2023/2024,NORTHERN MOTORWAY,ONEWA ROAD ON RAMP,,Non-Injury Crash,Yes,2024,1,North,0,0,0,Flat,0,,0,,0,Overcast,366602,0,0,0,4,0,0,0,0,0,,0,0,Auckland Region,Motorway ramp,1-way,Sealed,0,0,0,0,100,0,Off,0,0,,76,Auckland,Nil,0,0,0,0,0,0,Open,0,0,0,Fine,Null
1750061.3783,5913834.1871,897798,,511303,0,,0,2,,Null,2024/2025,CLARK STREET,MEMORIAL DRIVE,,Minor Crash,No,2025,,East,,0,,Flat,,,,,,Dark,265100,2,0,0,4,,,0,,,,,,Auckland Region,Nil,2-way,Sealed,,0,0,,50,,On,0,0,,76,Auckland,Traffic Signals,,,,,0,0,Urban,0,,,Light rain,Null
1754702.3913,5932044.2582,897799,,508805,0,0,0,2,0,North,2023/2024,APOLLO DRIVE,CONSTELLATION DRIVE,,Minor Crash,No,2024,0,East,0,0,0,Flat,0,,0,,0,Bright sun,180813,1,0,0,2,0,0,0,0,1,,0,0,Auckland Region,Nil,2-way,Sealed,0,0,0,0,50,0,Off,0,0,,76,Auckland,Nil,0,0,0,0,0,0,Urban,0,0,0,Fine,Null
1756134.9114,5923918.3466,897800,,509800,0,,0,4,,North,2025/2026,"NORTHERN MOTORWAY, NORTHCOTE POINT, AUCKLAND 0627",Onewa Road ,,Non-Injury Crash,Yes,2025,,South,,0,,Flat,,,,,,Dark,361200,0,0,0,4,,,0,,,,,,Auckland Region,Nil,1-way,Sealed,,0,0,,80,,On,0,0,,76,Auckland,Nil,,,,,0,0,Open,0,,,Fine,Null
1756809.3377,5919480.8312,897802,,514102,0,0,1,0,0,Null,2024/2025,PITT STREET,KARANGAHAPE ROAD,,Non-Injury Crash,No,2024,0,South,0,0,0,Flat,0,,0,,0,Overcast,435604,0,0,0,4,0,1,0,0,0,,0,0,Auckland Region,Nil,2-way,Sealed,0,0,0,0,30,0,Off,0,0,,76,Auckland,Traffic Signals,0,0,0,0,0,0,Urban,0,0,0,Fine,Null
1744090.8856,5918556.2542,897804,,513220,0,,0,1,,South,2024/2025,SWANSON ROAD,BRICK STREET,,Minor Crash,No,2025,,North,,0,,Flat,,,,,,Overcast,236103,1,0,0,2,,,0,,,1,,,Auckland Region,Nil,2-way,Sealed,,0,0,,50,,Off,0,0,,76,Auckland,Stop,,,,,0,0,Urban,0,,,Fine,Null
1746717.7254,5917217.3349,897815,,510700,0,0,0,2,0,North,2023/2024,TE ATATU ROAD,KOKIRI STREET,,Non-Injury Crash,No,2023,0,North,0,0,0,Flat,0,,0,,0,Dark,240604,0,0,0,2,0,0,0,0,1,,0,0,Auckland Region,Nil,2-way,Sealed,0,0,0,0,50,0,On,0,0,,76,Auckland,Nil,0,0,0,0,0,0,Urban,0,0,0,Fine,Null
1746598.3447,5872611.8115,897816,,521151,0,,0,0,,Null,2025/2026,OFF ROAD - BEACH,,,Serious Crash,No,2025,,South,,0,,Hill Road,,,,,,Bright sun,831300,0,0,1,0,,,0,,,,,,Auckland Region,Nil,Off road,Unsealed,,0,1,,20,,None,0,0,,76,Auckland,Nil,,,,,0,0,Urban,0,,,Fine,Null
1772579.2032,5896961.3889,897818,,525420,0,0,0,1,0,South,2025/2026,PORCHESTER ROAD,OLD WAIROA ROAD,,Non-Injury Crash,No,2025,0,South,0,0,0,Flat,0,,0,,0,Bright sun,792601,0,0,0,2,0,0,0,0,1,,0,0,Auckland Region,Nil,2-way,Sealed,0,0,0,0,50,0,Off,1,0,,76,Auckland,Nil,0,0,0,0,0,0,Urban,0,0,0,Fine,Null
1762283.7914,5907056.4936,897821,,524301,0,0,0,2,0,Null,2023/2024,BUCKLAND ROAD,MASSEY ROAD,,Minor Crash,No,2023,1,West,0,0,1,Flat,0,,0,,0,Bright sun,746400,3,0,0,2,0,0,0,0,0,,0,0,Auckland Region,Nil,2-way,Sealed,0,0,0,0,50,0,Off,1,0,,76,Auckland,Traffic Signals,0,0,0,1,0,0,Urban,1,0,0,Fine,Null
1756116.9638,5929216.2056,897822,,508510,0,,0,0,,Null,2024/2025,FORREST HILL ROAD,TRISTRAM AVENUE,,Non-Injury Crash,No,2024,,South,,0,,Flat,,,,,,Overcast,195500,0,0,0,3,,,0,,,,,,Auckland Region,Nil,2-way,Sealed,,0,0,,50,,Off,1,0,,76,Auckland,Traffic Signals,,,,,0,0,Urban,1,,,Fine,Null
1749296.7565,5914253.2793,897823,,511302,0,,0,1,,Null,2023/2024,NIKAU STREET,RIMU STREET,,Fatal Crash,No,2024,,North,,1,,Hill Road,,,,,,Bright sun,268700,0,0,1,2,,,0,,,,,,Auckland Region,Speed hump,2-way,Sealed,,0,0,,50,,Off,0,0,,76,Auckland,Stop,,,,,0,0,Urban,0,,,Fine,Null
1758095.6022,5920087.2142,897828,,514103,0,0,0,1,0,North,2024/2025,ALTEN ROAD,STANLEY STREET,,Non-Injury Crash,No,2025,0,South,0,0,0,Hill Road,0,,0,,0,Dark,437400,0,0,0,3,0,0,0,0,0,,0,0,Auckland Region,Nil,2-way,Sealed,0,0,0,0,30,0,On,0,0,,76,Auckland,Nil,0,1,0,0,0,0,Urban,0,0,0,Fine,Null
1768403.3343,5881266.7737,897830,,525921,0,0,0,0,0,East,2025/2026,VICTORIA STREET,MONTGOMERY AVENUE,,Non-Injury Crash,No,2025,0,West,0,0,1,Flat,0,,0,,0,Overcast,821500,0,0,0,2,0,0,0,0,0,,0,1,Auckland Region,Nil,2-way,Sealed,0,0,0,0,50,0,Off,1,0,,76,Auckland,Nil,0,0,0,0,0,0,Urban,0,0,0,Fine,Null
1747286.2012,5913765.7427,897838,,511100,0,,0,1,,East,2025/2026,WEST COAST ROAD,CAPTAIN SCOTT ROAD,,Non-Injury Crash,No,2025,,West,,0,,Flat,,,,,,Overcast,286200,0,0,0,3,,,0,,,,,,Auckland Region,Nil,2-way,Sealed,,0,0,,50,,Off,0,0,,76,Auckland,Nil,,,,,1,0,Urban,0,,,Light rain,Null
1759238.528,5918625.5155,897841,,516101,0,,0,0,,South,2023/2024,BASSETT ROAD,HOBSON CIRCLE,,Non-Injury Crash,No,2023,,South,,0,,Hill Road,,,,,,Overcast,481000,0,0,0,2,,,0,,,,,,Auckland Region,Nil,2-way,Sealed,,0,0,,50,,Off,0,0,,76,Auckland,Nil,,,,,1,0,Urban,1,,,Fine,Null
1774834.9999,5887633.9961,897842,,521302,0,,0,2,,South,2024/2025,SOUTHERN MOTORWAY,RAMARAMA OFF RAMP,,Non-Injury Crash,Yes,2025,,South,,0,,Flat,,Queens Birthday,,,,Bright sun,809104,0,0,0,2,,,0,,,,,,Auckland Region,Nil,1-way,Sealed,,0,0,,100,,Null,0,0,,76,Auckland,Nil,,,,,0,0,Open,0,,,Null,Null
1758973.5336,5903760.5044,897843,,524200,0,,0,2,,Null,2023/2024,TERMINAL EXIT ROAD,TAHINGA LANE,,Non-Injury Crash,No,2023,,North,,0,,Flat,,,,,,Overcast,727100,0,0,0,2,,,0,,,,,,Auckland Region,Nil,1-way,Sealed,,0,0,,50,,Off,0,0,,76,Auckland,Nil,,,,,0,0,Urban,0,,,Fine,Null
1765978.8706,5903279.476,897846,,524604,0,,0,1,,Null,2024/2025,WIRI STATION ROAD,ASH ROAD,,Non-Injury Crash,No,2024,,West,,0,,Flat,,,,,,Overcast,780403,0,0,0,3,,,0,,,,,,Auckland Region,Nil,2-way,Sealed,,0,0,,50,,Off,0,0,,76,Auckland,Traffic Signals,,,,,1,0,Urban,0,,,Fine,Null
1750461.8437,5915831.2833,897848,,514802,0,,0,2,,South,2024/2025,ROSEBANK ROAD,RIVERSDALE ROAD,,Non-Injury Crash,No,2025,,North,,0,,Flat,,,,,,Bright sun,386200,0,0,0,2,,,0,,,,,,Auckland Region,Nil,2-way,Sealed,,0,0,,50,,Null,0,0,,76,Auckland,Nil,,,,,0,0,Urban,0,,,Fine,Null
1770854.5889,5899648.0097,897851,,523911,0,0,0,0,0,West,2023/2024,SPARTAN ROAD,TAKANINI SCHOOL ROAD,,Non-Injury Crash,No,2024,0,East,0,0,0,Flat,0,,0,,0,Overcast,766600,0,0,0,2,0,0,0,0,1,,0,0,Auckland Region,Nil,2-way,Sealed,0,0,0,0,70,0,Off,0,0,,76,Auckland,Nil,0,0,0,0,2,0,Urban,1,0,0,Fine,Null
1766811.479,5903979.8372,897854,,524604,0,,0,1,,Null,2024/2025,LAMBIE DRIVE,MANUKAU STATION ROAD,,Non-Injury Crash,No,2024,,South,,0,,Flat,,,,,,Overcast,780209,0,0,0,3,,,0,,,,,,Auckland Region,Nil,1-way,Sealed,,0,0,,50,,Off,1,0,,76,Auckland,Give way,,,,,0,0,Urban,0,,,Fine,None
1757425.6238,5927053.0565,897856,,507900,0,0,0,4,0,Null,2024/2025,LAKE PUPUKE DRIVE,LOMOND STREET,,Minor Crash,No,2025,0,North,0,0,0,Flat,0,,0,,0,Dark,305000,1,0,0,2,0,0,0,0,1,,0,0,Auckland Region,Nil,2-way,Sealed,0,0,0,0,50,0,On,0,0,,76,Auckland,Nil,0,0,0,0,0,0,Urban,0,0,0,Fine,Null
1744711.0987,5909491.6476,897859,,512700,0,0,0,1,0,South,2025/2026,HUIA ROAD,WOODLANDS PARK ROAD,,Non-Injury Crash,No,2025,0,West,0,0,0,Hill Road,0,,0,,1,Overcast,301700,0,0,0,2,0,0,0,0,0,,0,0,Auckland Region,Nil,2-way,Sealed,0,0,0,0,50,0,Off,0,0,,76,Auckland,Nil,0,0,0,1,0,0,Urban,0,0,0,Fine,Null
1753789.2953,5917932.7994,897861,,515003,0,0,0,0,0,North,2025/2026,ST LUKES ROAD,LINWOOD AVENUE,,Non-Injury Crash,No,2025,0,North,0,0,0,Flat,0,,0,,0,Dark,390502,0,0,0,1,0,0,0,0,0,,0,0,Auckland Region,Nil,1-way,Sealed,0,0,0,0,50,0,On,0,0,,76,Auckland,Nil,0,0,0,1,0,0,Urban,1,0,0,Light rain,Null
1749330.3084,5927834.011,897862,,509100,0,0,0,1,0,West,2022/2023,UPPER HARBOUR MOTORWAY,TAUHINU ROAD ON RAMP,,Non-Injury Crash,Yes,2023,0,West,0,0,0,Hill Road,1,,0,,0,Dark,181400,0,0,0,2,0,0,0,0,0,,0,0,Auckland Region,Bridge,1-way,Sealed,0,0,0,0,100,0,On,0,0,,76,Auckland,Nil,0,0,0,0,0,0,Open,0,0,0,Fine,Null
1755268.1041,5925160.2614,897875,,509800,0,0,0,0,0,North,2024/2025,WOODSIDE AVENUE,KAWANA STREET,,Non-Injury Crash,No,2024,0,West,0,0,0,Null,0,,0,,0,Unknown,361500,0,0,0,2,0,0,0,0,0,,0,1,Auckland Region,Nil,2-way,Null,0,0,0,0,50,0,Null,0,0,,76,Auckland,Nil,0,0,0,0,0,0,Urban,1,0,0,Null,Null
1760093.7069,5906068.1014,897878,,524200,0,0,0,1,0,West,2022/2023,PLUMLEY CRESCENT,CYCLAMEN ROAD,,Non-Injury Crash,No,2023,0,West,0,0,0,Flat,0,,0,,0,Bright sun,728101,0,0,0,2,0,0,0,0,1,,0,0,Auckland Region,Nil,2-way,Sealed,0,0,0,0,50,0,Off,0,0,30,76,Auckland,Nil,0,0,0,0,1,0,Urban,0,0,0,Fine,Null
1753212.0624,5912707.9172,897881,,518901,0,,0,2,,Null,2025/2026,WHITE SWAN ROAD,GRIFFEN PARK ROAD,,Non-Injury Crash,No,2025,,South,,0,,Null,,,,,,Bright sun,587000,0,0,0,2,,,0,,,,,,Auckland Region,Nil,2-way,Sealed,,0,0,,50,,Null,0,0,,76,Auckland,Stop,,,,,0,0,Urban,0,,,Fine,Null
1745169.7349,5918626.9008,897887,,513302,0,,0,2,,Null,2025/2026,LINCOLN ROAD,WOODFORD AVENUE,,Non-Injury Crash,No,2025,,South,,0,,Flat,,,,,,Bright sun,230802,0,0,0,0,,,0,,,,,,Auckland Region,Nil,2-way,Sealed,,0,0,,50,,Off,0,0,,76,Auckland,Give way,,,,,0,0,Urban,1,,,Fine,Null
1769717.9413,5913908.3677,897890,,522722,0,0,0,2,0,North,2023/2024,AVIEMORE DRIVE,ABERFELDY AVENUE,,Minor Crash,No,2023,0,South,0,0,0,Flat,0,,0,,0,Dark,681321,1,0,0,2,0,0,0,0,1,,0,0,Auckland Region,Nil,2-way,Sealed,0,0,0,0,60,0,On,0,0,,76,Auckland,Nil,0,0,0,0,0,0,Urban,0,0,0,Light rain,Null
1746589.6367,5916579.7511,897891,,512500,0,,0,0,,Null,2024/2025,TE ATATU ROAD,TIRIMOANA ROAD,,Non-Injury Crash,No,2025,,North,,0,,Null,,,,,,Unknown,260000,0,0,0,2,,,0,,,,,,Auckland Region,Nil,2-way,Sealed,,0,0,,50,,Null,0,0,,76,Auckland,Stop,,,,,0,1,Urban,1,,,Fine,Null
1772745.1742,5892868.8647,897894,,521301,0,0,0,1,0,North,2023/2024,SOUTHERN MOTORWAY,SLIPPERY CK BR,,Minor Crash,Yes,2023,0,South,0,0,0,Flat,1,,0,,0,Dark,808608,2,0,0,4,0,0,0,0,0,,0,0,Auckland Region,Nil,2-way,Sealed,0,0,0,0,100,0,On,0,0,,76,Auckland,Nil,0,0,0,0,0,0,Open,0,0,0,Fine,Null
1771868.4119,5898658.5913,897899,,523912,0,,0,1,,Null,2025/2026,PORCHESTER ROAD,KUAKA DRIVE,,Minor Crash,No,2025,,North,,0,,Flat,,,,,,Dark,765410,1,0,0,2,,,0,,,1,,,Auckland Region,Nil,2-way,Sealed,,0,0,,50,,On,0,0,,76,Auckland,Traffic Signals,,,,,0,0,Urban,0,,,Light rain,Null
1757782.7198,5917542.8741,897908,,515700,0,0,0,2,0,North,2023/2024,MOUNTAIN ROAD,WITHIEL DRIVE,,Minor Crash,No,2024,0,North,0,0,0,Hill Road,0,,0,,0,Bright sun,443700,1,0,0,2,0,0,0,0,1,,0,0,Auckland Region,Nil,2-way,Sealed,0,0,0,0,50,0,Off,0,0,,76,Auckland,Nil,0,0,0,0,0,0,Urban,0,0,0,Fine,Null
1758210.1113,5917778.0572,897910,,515700,0,,0,2,,West,2023/2024,SOUTHERN MOTORWAY,NEWMARKET VDT N,,Non-Injury Crash,Yes,2023,,East,,0,,Flat,,,,,,Twilight,443300,0,0,0,5,,,0,,,,,,Auckland Region,Nil,1-way,Sealed,,0,0,,80,,On,0,0,,76,Auckland,Nil,,,,,0,0,Open,0,,,Fine,Null
1755776.1034,5918395.1871,897911,,515500,0,,0,1,,South,2024/2025,NORTH-WESTERN MOTORWAY,NEWTON ROAD OFF RAMP,,Non-Injury Crash,Yes,2025,,North,,0,,Flat,,,,,,Overcast,418500,0,0,0,4,,,0,,,,,,Auckland Region,Nil,1-way,Sealed,,0,0,,80,,Off,1,0,,76,Auckland,Nil,,,,,0,0,Open,0,,,Fine,Null
1756602.3819,5919722.6969,897917,,514102,0,0,0,1,0,North,2025/2026,NELSON STREET OFF RAMP,HOPETOUN OBR,,Non-Injury Crash,No,2025,0,North,0,0,0,Flat,1,Christmas New Year,0,,0,Overcast,435500,0,0,0,2,0,0,0,0,0,,0,0,Auckland Region,Motorway ramp,1-way,Sealed,0,0,0,0,80,0,Off,0,0,,76,Auckland,Nil,0,0,0,0,0,0,Open,0,0,0,Fine,Null
1746234.4281,5918483.4212,897920,,512401,0,,0,1,,Null,2023/2024,EDMONTON ROAD,STRID ROAD,,Non-Injury Crash,No,2023,,South,,0,,Hill Road,,,,,,Bright sun,256000,0,0,0,2,,,0,,,,,,Auckland Region,Nil,2-way,Sealed,,0,0,,50,,Off,1,0,,76,Auckland,Stop,,,,,0,0,Urban,0,,,Fine,Null
1748983.3075,5918397.512,897922,,514801,0,0,0,1,0,West,2022/2023,NORTH-WESTERN MOTORWAY,ROSEBANK OBR,,Non-Injury Crash,Yes,2023,0,East,0,0,0,Flat,1,,0,,0,Dark,389200,0,0,0,4,0,0,0,0,0,,0,0,Auckland Region,Nil,1-way,Sealed,0,0,0,0,100,0,On,0,0,,76,Auckland,Nil,0,0,0,0,0,0,Open,0,0,0,Fine,Null
1755494.7894,5918172.6148,897924,,517500,0,0,0,1,0,North,2024/2025,CENTRAL ROAD,THIRD AVENUE,,Non-Injury Crash,No,2025,0,East,0,0,1,Hill Road,0,,0,,0,Dark,530100,0,0,0,2,0,0,0,0,0,,0,0,Auckland Region,Nil,2-way,Sealed,0,0,0,0,50,0,On,0,0,,76,Auckland,Nil,0,0,0,0,0,0,Urban,0,0,0,Fine,Null
1731137.6619,5943744.8968,897925,,506646,0,0,0,0,0,East,2023/2024,KAIPARA COAST HIGHWAY,ABEL ROAD,,Minor Crash,Yes,2023,0,East,0,0,0,Flat,1,,0,,0,Overcast,211402,1,0,0,2,0,0,0,0,0,,0,1,Auckland Region,Nil,2-way,Sealed,0,0,0,0,100,0,None,0,0,,76,Auckland,Nil,0,0,0,0,1,0,Open,0,0,0,Fine,Null
1767937.0591,5909156.2361,897928,,523112,0,0,0,2,0,South,2025/2026,ANDROMEDA CRESCENT,KERWYN AVENUE,,Minor Crash,No,2025,0,East,0,0,0,Flat,0,,0,,0,Bright sun,711600,1,0,0,2,0,0,0,0,1,,0,0,Auckland Region,Nil,2-way,Sealed,0,0,0,0,50,0,Off,0,0,,76,Auckland,Nil,0,0,0,0,1,0,Urban,1,0,0,Fine,Null
1758754.411,5912954.8196,897931,,519710,0,,0,2,,Null,2023/2024,SELWYN STREET,TRAFALGAR STREET,,Minor Crash,No,2024,,South,,0,,Flat,,,,,,Bright sun,595500,1,0,0,2,,,0,,,,,,Auckland Region,Nil,2-way,Sealed,,0,0,,50,,Off,0,0,,76,Auckland,Stop,,,,,0,0,Urban,0,,,Fine,Null
1761410.0519,5915922.5293,897933,,516003,0,,0,2,,Null,2022/2023,LADIES MILE,ABBOTTS WAY,,Non-Injury Crash,No,2023,,South,,0,,Flat,,,,,,Dark,494902,0,0,0,3,,,0,,,,,,Auckland Region,Nil,2-way,Sealed,,0,0,,50,,On,0,0,,76,Auckland,Traffic Signals,,,,,0,0,Urban,0,,,Fine,Null
1747122.63,5918090.7133,897937,,512500,0,0,0,1,0,North,2023/2024,ROBERTS ROAD,POTO STREET,,Non-Injury Crash,No,2024,0,North,0,0,0,Flat,0,,0,,0,Bright sun,257702,0,0,0,1,0,0,0,0,1,,0,0,Auckland Region,Nil,2-way,Sealed,0,0,0,0,50,0,Off,0,0,,76,Auckland,Nil,0,0,0,0,0,0,Urban,1,0,0,Fine,Null
1766015.4454,5907032.1642,897941,,522301,0,,0,2,,North,2022/2023,WINTERE ROAD,HOTEO AVENUE,,Non-Injury Crash,No,2023,,South,,0,,Flat,,Queens Birthday,,,,Dark,667000,0,0,0,1,,,0,,,,,,Auckland Region,Speed hump,2-way,Sealed,,0,0,,50,,On,0,0,,76,Auckland,Give way,,,,,0,0,Urban,0,,,Fine,Null
1769920.8067,5909836.0314,897944,,523113,0,,0,1,,Null,2025/2026,TE IRIRANGI DRIVE,SMALES ROAD,,Non-Injury Crash,No,2026,,North,,0,,Flat,,,,,,Overcast,711813,0,0,0,4,,,0,,,,,,Auckland Region,Nil,1-way,Sealed,,0,0,,60,,Off,1,0,,76,Auckland,Traffic Signals,,,,,0,0,Urban,0,,,Light rain,Null
1763988.9428,5904308.2351,897947,,524604,0,0,0,1,0,North,2023/2024,SOUTH-WESTERN MOTORWAY,PUHINUI UNDERPASS,,Non-Injury Crash,Yes,2023,0,North,0,0,0,Flat,1,,0,,0,Bright sun,780902,0,0,0,2,0,0,0,0,0,,0,0,Auckland Region,Nil,1-way,Sealed,0,0,0,0,100,0,On,0,0,,76,Auckland,Nil,0,0,0,0,0,0,Open,0,0,0,Fine,Null