X,Y,OBJECTID,advisorySpeed,areaUnitID,bicycle,bridge,bus,carStationWagon,cliffBank,crashDirectionDescription,crashFinancialYear,crashLocation1,crashLocation2,crashRoadSideRoad,crashSeverity,crashSHDescription,crashYear,debris,directionRoleDescription,ditch,fatalCount,fence,flatHill,guardRail,holiday,houseOrBuilding,intersection,kerb,light,meshblockId,minorInjuryCount,moped,motorcycle,NumberOfLanes,objectThrownOrDropped,otherObject,otherVehicleType,overBank,parkedVehicle,pedestrian,phoneBoxEtc,postOrPole,region,roadCharacter,roadLane,roadSurface,roadworks,schoolBus,seriousInjuryCount,slipOrFlood,speedLimit,strayAnimal,streetLight,suv,taxi,temporarySpeedLimit,tlaId,tlaName,trafficControl,trafficIsland,trafficSign,train,tree,truck,unknownVehicleType,urban,vanOrUtility,vehicle,waterRiver,weatherA,weatherB
1753027.0003,5935013.2718,897954,,508704,0,0,0,1,0,Null,2025/2026,OTEHA VALLEY ROAD,OTEHA VALLEY ROAD ON RAMP,,Non-Injury Crash,No,2025,0,South,0,0,0,Hill Road,1,,0,,0,Dark,179113,0,0,0,1,0,0,0,0,0,,0,0,Auckland Region,Motorway ramp,1-way,Sealed,0,0,0,0,50,0,On,0,0,,76,Auckland,Give way,0,0,0,0,0,0,Urban,0,0,0,Light rain,Null
1753271.9607,5914842.7518,897958,,518801,0,0,0,2,0,East,2025/2026,STODDARD ROAD,RICHARDSON ROAD,,Non-Injury Crash,No,2026,0,West,0,0,0,Null,0,,0,,0,Overcast,578400,0,0,0,3,0,0,0,0,1,,0,0,Auckland Region,Nil,2-way,Sealed,0,0,0,0,50,0,Null,0,0,,76,Auckland,Nil,0,0,0,0,0,0,Urban,0,0,0,Light rain,Null
1770860.9353,5913550.8369,897964,,523101,0,0,0,1,0,South,2025/2026,BOTANY ROAD,SHEFFIELD PLACE,,Non-Injury Crash,No,2026,0,South,0,0,0,Flat,0,,0,,0,Dark,710700,0,0,0,2,0,0,0,0,1,,0,0,Auckland Region,Nil,2-way,Sealed,0,0,0,0,50,0,On,0,0,,76,Auckland,Nil,0,0,0,0,0,0,Urban,1,0,0,Fine,Null
1738818.6994,5944460.6402,897965,,506646,0,0,0,0,0,East,2023/2024,KAHIKATEA FLAT ROAD,WAITOKI ROAD,,Non-Injury Crash,No,2024,0,East,0,0,0,Flat,0,,0,,0,Overcast,213100,0,0,0,2,0,0,0,0,1,,0,0,Auckland Region,Nil,2-way,Sealed,0,0,0,0,50,0,Off,0,0,,76,Auckland,Nil,0,0,0,0,2,0,Urban,0,0,0,Fine,Null
1758214.143,5913420.1827,897966,,519710,0,,0,1,,Null,2025/2026,MANUKAU ROAD,MOUNT ALBERT ROAD,,Serious Crash,No,2025,,North,,0,,Flat,,,,,,Overcast,596100,0,1,0,2,,,0,,,,,,Auckland Region,Nil,1-way,Sealed,,0,1,,50,,Off,0,0,,76,Auckland,Give way,,,,,0,0,Urban,0,,,Fine,Null
1766065.7208,5900609.854,897968,,524711,0,0,0,1,0,East,2023/2024,WORDSWORTH ROAD,ROSCOMMON ROAD,,Non-Injury Crash,No,2023,0,West,0,0,0,Flat,0,,0,,0,Dark,774505,0,0,0,2,0,0,0,0,1,,0,0,Auckland Region,Nil,2-way,Sealed,0,0,0,0,50,0,On,0,0,,76,Auckland,Nil,0,0,0,0,1,0,Urban,0,0,0,Fine,Null
1757314.9222,5920446.2293,897971,,514102,0,0,0,1,0,Null,2025/2026,VICTORIA STREET WEST,ELLIOTT STREET,,Non-Injury Crash,No,2026,0,Null,0,0,0,Flat,0,Christmas New Year,0,,1,Bright sun,434000,0,0,0,4,0,0,0,0,0,,0,0,Auckland Region,Nil,2-way,Sealed,1,0,0,0,30,0,Null,0,0,,76,Auckland,Give way,0,0,0,0,0,0,Urban,0,0,0,Fine,Null
1756606.5437,5943826.9888,897974,,505902,0,,0,2,,West,2023/2024,WHANGAPARAOA ROAD,LADIES MILE,,Non-Injury Crash,No,2023,,West,,0,,Flat,,,,,,Overcast,174604,0,0,0,2,,,0,,,,,,Auckland Region,Nil,2-way,Sealed,,0,0,,50,,Off,0,0,,76,Auckland,Nil,,,,,0,0,Urban,0,,,Fine,Null
1764700.3184,5911521.3265,897977,,520500,0,0,0,1,0,South,2025/2026,SOUTHERN MOTORWAY,PANAMA OBR,,Non-Injury Crash,Yes,2025,0,North,0,0,0,Flat,1,,0,,0,Overcast,636200,0,0,0,3,0,0,0,0,0,,0,0,Auckland Region,Nil,1-way,Sealed,0,0,0,0,100,0,Off,0,0,,76,Auckland,Nil,0,0,0,0,1,0,Open,0,0,0,Light rain,Null
1768941.8605,5905964.1044,897979,,523712,0,,0,1,,North,2025/2026,TE IRIRANGI DRIVE,DAWSON ROAD,,Non-Injury Crash,No,2025,,South,,0,,Null,,,,,,Unknown,713013,0,0,0,3,,,0,,,,,,Auckland Region,Nil,1-way,Sealed,,0,0,,50,,Null,1,0,,76,Auckland,Nil,,,,,0,0,Urban,0,,,Fine,Null
1746327.3193,5909730.6731,897980,,512700,0,0,0,2,0,North,2023/2024,HUIA ROAD,LAINGHOLM DRIVE,,Non-Injury Crash,No,2023,0,North,0,0,0,Hill Road,0,,0,,0,Dark,300503,0,0,0,2,0,0,0,0,0,,0,0,Auckland Region,Nil,2-way,Sealed,1,0,0,0,50,0,None,0,0,30,76,Auckland,Nil,0,0,0,0,0,0,Urban,0,0,0,Light rain,Null
1776682.7972,5880662.3976,897988,,521160,0,0,0,1,1,North,2023/2024,GREAT SOUTH ROAD,BEAVER ROAD EAST OFF RAMP,,Non-Injury Crash,Yes,2024,0,South,0,0,0,Hill Road,0,,0,,0,Bright sun,827800,0,0,0,4,0,0,0,0,0,,0,0,Auckland Region,Nil,2-way,Sealed,0,0,0,0,100,0,Off,0,0,,76,Auckland,Nil,0,0,0,0,0,0,Open,0,0,0,Fine,Null
1741063.2172,5983671.3153,897989,,506660,0,,0,1,,Null,2025/2026,WHANGARIPO VALLEY ROAD,TOMARATA VALLEY ROAD,,Non-Injury Crash,No,2025,,West,,0,,Flat,,,,,,Dark,136302,0,0,0,1,,,0,,,,,,Auckland Region,Nil,2-way,Sealed,,0,0,,100,,None,0,0,,76,Auckland,Give way,,,,,0,0,Open,1,,,Fine,Null
1764521.7805,5910210.372,897992,,521801,0,,0,2,,Null,2023/2024,PRINCES STREET,HUTTON STREET,,Non-Injury Crash,No,2024,,East,,0,,Flat,,,,,,Bright sun,787400,0,0,0,4,,,0,,,,,,Auckland Region,Nil,2-way,Sealed,,0,0,,50,,Off,0,0,,76,Auckland,Stop,,,,,0,0,Urban,0,,,Fine,Null
1755252.5154,5929784.4616,898003,,508420,0,,0,3,,South,2025/2026,NORTHERN MOTORWAY,SUNNYNOOK OBR,,Non-Injury Crash,Yes,2025,,North,,0,,Flat,,,,,,Overcast,183800,0,0,0,3,,,0,,,,,,Auckland Region,Nil,1-way,Sealed,,0,0,,100,,Off,0,0,,76,Auckland,Nil,,,,,0,0,Open,0,,,Fine,Null
1752603.4437,5912468.9923,898007,,514700,0,,0,2,,North,2025/2026,BOUNDARY ROAD,WHITE SWAN ROAD,,Non-Injury Crash,No,2025,,South,,0,,Null,,,,,,Dark,370800,0,0,0,2,,,0,,,,,,Auckland Region,Nil,2-way,Sealed,,0,0,,50,,Null,0,0,,76,Auckland,Nil,,,,,0,0,Urban,0,,,Fine,Null
1768686.5029,5898943.3007,898011,,525102,0,,0,1,,Null,2024/2025,WATTLE FARM ROAD,COXHEAD ROAD,,Non-Injury Crash,No,2025,,North,,0,,Flat,,,,,,Unknown,769011,0,0,0,2,,,0,,,,,,Auckland Region,Nil,2-way,Sealed,,0,0,,50,,Null,0,0,,76,Auckland,Give way,,,,,0,1,Urban,0,,,Fine,Null
1756633.5037,5943806.0996,898012,,505902,0,0,0,2,0,North,2022/2023,WHANGAPARAOA ROAD,LADIES MILE,,Non-Injury Crash,No,2023,0,North,0,0,0,Flat,0,,0,,0,Bright sun,174604,0,0,0,2,0,0,0,0,1,,0,0,Auckland Region,Nil,2-way,Sealed,0,0,0,0,50,0,Off,0,0,,76,Auckland,Nil,0,0,0,0,0,0,Urban,0,0,0,Fine,Null
1744359.8492,5919761.293,898013,,513301,0,,0,1,,West,2024/2025,UNIVERSAL DRIVE,BITTERN PLACE,,Non-Injury Crash,No,2025,,North,,0,,Flat,,,,,,Bright sun,233800,0,0,0,1,,,0,,,,,,Auckland Region,Nil,1-way,Sealed,,0,0,,50,,Off,0,0,,76,Auckland,Nil,,,,,0,0,Urban,1,,,Fine,Null
1754960.82,5913600.2355,898016,,518803,0,0,0,0,0,Null,2022/2023,DOMINION ROAD OFF RAMP,DOMINION ROAD,,Non-Injury Crash,No,2023,0,East,0,0,0,Flat,0,,0,,0,Dark,581700,0,0,0,3,0,0,0,0,0,,0,0,Auckland Region,Nil,1-way,Sealed,0,0,0,0,50,0,On,0,0,,76,Auckland,Traffic Signals,1,1,0,0,0,0,Urban,1,0,0,Fine,Strong wind
1754770.0014,5923844.6204,898023,,510500,0,0,0,3,0,North,2025/2026,WAKANUI STREET,HINEMOA STREET,,Non-Injury Crash,No,2025,0,South,0,0,0,Flat,0,,0,,0,Bright sun,358200,0,0,0,2,0,0,0,0,1,,0,0,Auckland Region,Nil,2-way,Sealed,0,0,0,0,50,0,Off,0,0,,76,Auckland,Nil,0,0,0,0,0,0,Urban,1,0,0,Fine,Null
1761025.3061,5907309.6188,898025,,524520,0,,0,2,,Null,2025/2026,ROBERTSON ROAD,BUCKLAND ROAD,,Minor Crash,No,2025,,South,,0,,Flat,,,,,,Bright sun,735500,1,0,0,1,,,0,,,,,,Auckland Region,Nil,1-way,Sealed,,0,0,,50,,Off,0,0,,76,Auckland,Give way,,,,,0,0,Urban,0,,,Fine,Null
1757779.2628,5918197.5195,898034,,515700,0,,0,1,,South,2023/2024,SOUTHERN MOTORWAY,MOUNTAIN OBR,,Non-Injury Crash,Yes,2023,,North,,0,,Flat,,,,,,Overcast,443600,0,0,0,4,,,0,,,,,,Auckland Region,Nil,1-way,Sealed,,0,0,,80,,Off,1,0,,76,Auckland,Nil,,,,,0,0,Open,0,,,Light rain,Null
1741913.1651,5916878.7142,898038,55,513220,0,0,0,1,0,North,2023/2024,CANDIA ROAD,COULTER ROAD,,Minor Crash,No,2024,1,South,1,0,0,Hill Road,0,,0,,0,Overcast,238702,2,0,0,2,0,0,0,0,0,,0,0,Auckland Region,Nil,2-way,Sealed,0,0,0,0,70,0,None,0,0,,76,Auckland,Nil,0,0,0,1,0,0,Urban,0,0,0,Light rain,Null
1787818.3572,5925386.5032,898048,,520801,1,0,0,0,0,West,2023/2024,WAIHEKE ROAD,MAN O'WAR BAY ROAD,,Minor Crash,No,2024,0,East,0,0,0,Hill Road,0,,0,,0,Overcast,515609,1,0,0,2,0,0,0,0,0,,0,0,Auckland Region,Nil,2-way,Sealed,0,0,0,0,50,0,None,0,0,,76,Auckland,Nil,0,0,0,1,0,0,Urban,0,0,0,Fine,Null
1767092.8099,5900083.1331,898051,,524720,0,0,0,1,0,East,2025/2026,WEYMOUTH ROAD,ROWANDALE AVENUE,,Non-Injury Crash,No,2025,0,East,0,0,0,Flat,0,,0,,0,Dark,776101,0,0,0,1,0,0,0,0,1,,0,0,Auckland Region,Nil,2-way,Sealed,0,0,0,0,50,0,On,0,0,,76,Auckland,Nil,0,0,0,0,0,1,Urban,0,0,0,Fine,Null
1757014.2286,5927170.566,898059,,507900,1,,0,0,,South,2022/2023,TAHAROTO ROAD,KARAKA STREET,,Minor Crash,No,2023,,South,,0,,Hill Road,,Queens Birthday,,,,Bright sun,304800,1,0,0,5,,,0,,,,,,Auckland Region,Nil,2-way,Sealed,,0,0,,50,,Off,0,0,,76,Auckland,Nil,,,,,0,0,Urban,1,,,Fine,Null
1763735.1787,5919237.4504,898060,,516500,0,,1,0,,South,2025/2026,KOHIMARAMA ROAD,HAWERA ROAD,,Minor Crash,No,2025,,North,,0,,Hill Road,,,,,,Bright sun,502900,1,0,0,2,,,0,,,1,,,Auckland Region,Nil,2-way,Sealed,,0,0,,50,,Off,0,0,,76,Auckland,Nil,,,,,0,0,Urban,0,,,Fine,Strong wind
1770243.5554,5898200.5465,898065,,523920,0,,0,4,,South,2023/2024,SOUTHERN MOTORWAY,WALTER STREVENS OBR,,Non-Injury Crash,Yes,2023,,North,,0,,Flat,,,,,,Dark,767918,0,0,0,3,,,0,,,,,,Auckland Region,Nil,1-way,Sealed,,0,0,,100,,On,0,0,,76,Auckland,Nil,,,,,0,0,Open,0,,,Fine,Null
1744048.8875,5923999.7553,898073,,513521,0,0,0,1,0,South,2023/2024,HOBSONVILLE ROAD ON RAMP,HOBSONVILLE ROAD,,Non-Injury Crash,No,2023,0,South,0,0,0,Flat,1,,0,,0,Overcast,224240,0,0,0,2,0,0,0,0,0,,0,0,Auckland Region,Motorway ramp,1-way,Sealed,0,0,0,0,100,0,Off,0,0,,76,Auckland,Nil,0,0,0,0,0,0,Open,0,0,0,Fine,Null
1737439.8039,5919853.2135,898077,,513702,0,0,0,1,0,North,2024/2025,ANZAC VALLEY ROAD,WENDY ROAD,,Minor Crash,No,2025,0,North,0,0,1,Flat,0,,0,,0,Bright sun,237204,1,0,0,2,0,0,0,0,0,,0,0,Auckland Region,Nil,2-way,Sealed,0,0,0,0,60,0,None,0,0,,76,Auckland,Nil,0,0,0,0,0,0,Urban,0,0,0,Fine,Null
1782239.6186,5927540.137,898079,,520801,0,,0,1,,North,2023/2024,MIRO ROAD,PALM ROAD,,Non-Injury Crash,No,2024,,North,,0,,Flat,,,,,,Bright sun,515002,0,0,0,1,,,0,,,,,,Auckland Region,Nil,2-way,Sealed,,0,0,,50,,Off,0,0,,76,Auckland,Nil,,,,,0,1,Urban,0,,,Fine,Null
1766633.6716,5907154.1713,898083,,523601,0,,0,0,,South,2023/2024,SOUTHERN MOTORWAY,EAST TAMAKI ROAD ON RAMP,,Non-Injury Crash,Yes,2024,,South,,0,,Flat,,,,,,Bright sun,709000,0,0,0,3,,,0,,,,,,Auckland Region,Nil,1-way,Sealed,,0,0,,100,,Off,0,0,,76,Auckland,Nil,,,,,0,0,Open,2,,,Fine,Null
1750478.6247,5955171.7827,898088,,506613,0,0,0,1,0,North,2025/2026,NORTHERN GATEWAY TOLL ROAD,WAIWERA VIADUCT NORTH,,Non-Injury Crash,Yes,2025,0,South,0,0,0,Flat,1,,0,,0,Overcast,147000,0,0,0,2,0,0,0,0,0,,0,0,Auckland Region,Overpass,1-way,Sealed,0,0,0,0,80,0,Off,0,0,,76,Auckland,Nil,0,0,0,0,0,0,Open,0,0,0,Heavy rain,Null
1767765.9445,5907063.459,898089,,523602,0,0,0,2,0,North,2024/2025,FERGUSON ROAD,IVON ROAD,,Non-Injury Crash,No,2024,0,North,0,0,0,Flat,0,,0,,0,Dark,705300,0,0,0,2,0,0,0,0,1,,0,0,Auckland Region,Speed hump,2-way,Sealed,0,0,0,0,50,0,On,0,0,30,76,Auckland,Nil,0,0,0,0,0,0,Urban,0,0,0,Heavy rain,Strong wind
1760526.8195,5906597.6536,898090,,524111,0,,0,1,,North,2025/2026,MASCOT AVENUE,FRIESIAN DRIVE,,Non-Injury Crash,No,2025,,North,,0,,Flat,,,,,,Overcast,741001,0,0,0,2,,,0,,,,,,Auckland Region,Speed hump,2-way,Sealed,,0,0,,50,,Off,1,0,40,76,Auckland,Nil,,,,,0,0,Urban,0,,,Fine,Null
1768848.5478,5900900.6149,898093,,525001,0,,0,1,,North,2022/2023,GREAT SOUTH ROAD,WEYMOUTH ROAD,,Non-Injury Crash,No,2023,,South,,0,,Flat,,,,,,Dark,751600,0,0,0,2,,,0,,,,,,Auckland Region,Nil,2-way,Sealed,,0,0,,50,,On,1,0,,76,Auckland,Nil,,,,,0,0,Urban,0,,,Fine,None
1753790.8195,5936875.7003,898096,,508900,0,0,0,1,0,North,2025/2026,GLENVAR ROAD,EAST COAST ROAD,,Non-Injury Crash,No,2025,0,South,1,0,0,Hill Road,0,,0,,0,Dark,178308,0,0,0,2,0,0,0,0,0,,0,0,Auckland Region,Nil,2-way,Sealed,0,0,0,0,50,0,On,0,0,,76,Auckland,Nil,0,0,0,1,0,0,Urban,0,0,0,Fine,Null
1765977.9751,5917938.3788,898099,,516900,0,,0,1,,Null,2024/2025,NAVARRE ROAD,WEST TAMAKI ROAD,,Minor Crash,No,2024,,South,,0,,Flat,,,,,,Overcast,467900,1,0,0,2,,,0,,,,,,Auckland Region,Nil,2-way,Sealed,,0,0,,50,,Off,1,0,,76,Auckland,Give way,,,,,0,0,Urban,0,,,Fine,Null
1757279.552,5920860.4029,898101,,514102,0,,0,1,,South,2024/2025,FEDERAL STREET,WOLFE STREET,,Non-Injury Crash,No,2024,,North,,0,,Flat,,,,,,Bright sun,433102,0,0,0,1,,,0,,,,,,Auckland Region,Nil,1-way,Sealed,,0,0,,30,,None,0,0,,76,Auckland,Nil,,,,,0,1,Urban,0,,,Fine,None
1760871.468,5917819.7319,898102,,516201,0,0,0,2,0,North,2025/2026,ORAKEI ROAD,BENSON ROAD,,Non-Injury Crash,No,2025,0,South,0,0,0,Hill Road,0,,0,,0,Dark,487100,0,0,0,2,0,0,0,0,1,,0,0,Auckland Region,Nil,2-way,Sealed,0,0,0,0,50,0,On,0,0,,76,Auckland,Nil,0,0,0,0,0,0,Urban,0,0,0,Light rain,Null
1766902.4923,5902786.8404,898105,,524602,0,0,0,1,0,West,2024/2025,KERRS ROAD,HOBILL AVENUE,,Minor Crash,No,2025,0,West,0,0,0,Flat,0,,1,,0,Twilight,780407,1,0,0,2,0,1,0,0,0,,0,0,Auckland Region,Nil,2-way,Sealed,0,0,0,0,50,0,On,0,0,,76,Auckland,Nil,0,0,0,0,0,0,Urban,0,0,0,Fine,Null
1782832.6815,5926293.467,898106,,520801,0,,0,0,,Null,2025/2026,HOMAI STREET,WHAKARITE ROAD,,Non-Injury Crash,No,2025,,East,,0,,Hill Road,,,,,,Bright sun,515203,0,0,0,2,,,0,,,,,,Auckland Region,Nil,2-way,Sealed,,0,0,,30,,None,0,0,,76,Auckland,Stop,,,,,1,0,Urban,0,,,Fine,Null
1758136.7051,5915644.1865,898116,,519300,0,,0,2,,North,2024/2025,MANUKAU ROAD,QUEEN MARY AVENUE,,Non-Injury Crash,No,2024,,South,,0,,Flat,,,,,,Bright sun,622900,0,0,0,4,,,0,,,,,,Auckland Region,Nil,2-way,Sealed,,0,0,,50,,Null,0,0,,76,Auckland,Nil,,,,,0,0,Urban,0,,,Fine,Null
1763878.4354,5912591.1286,898123,,520500,0,,0,0,,Null,2023/2024,MOUNT WELLINGTON HIGHWAY,MOUNT WELLINGTON HWY OFF RAMP,,Non-Injury Crash,No,2023,,North,,0,,Flat,,,,,,Dark,637400,0,0,0,3,,,0,,,,,,Auckland Region,Nil,1-way,Sealed,,0,0,,50,,On,1,0,,76,Auckland,Traffic Signals,,,,,0,0,Urban,1,,,Fine,Null
1778959.7493,5914024.2806,898126,,523202,0,0,0,1,0,South,2024/2025,WHITFORD MARAETAI ROAD,OKARORO DRIVE,,Minor Crash,No,2025,0,North,0,0,0,Flat,0,,0,,0,Dark,762501,1,0,0,2,0,0,0,0,0,,0,0,Auckland Region,Nil,2-way,Sealed,0,0,0,0,80,0,None,0,0,,76,Auckland,Nil,0,0,0,0,0,0,Open,0,0,0,Light rain,Null
1761700.1419,5906522.192,898128,,524112,0,,0,2,,Null,2025/2026,MASSEY ROAD,MASSEY ROAD ON RAMP,,Minor Crash,No,2025,,North,,0,,Flat,,,,,,Dark,742300,2,0,0,5,,,0,,,,,,Auckland Region,Overpass,2-way,Sealed,,0,0,,50,,On,0,1,,76,Auckland,Traffic Signals,,,,,0,0,Urban,0,,,Fine,Null
1771175.1299,5895167.9251,898130,,521201,0,,0,1,,Null,2024/2025,HINGAIA ROAD,HINAU ROAD,,Non-Injury Crash,No,2025,,West,,0,,Null,,,,,,Overcast,806700,0,0,0,2,,,0,,,,,,Auckland Region,Nil,1-way,Sealed,,0,0,,50,,Null,0,0,,76,Auckland,Traffic Signals,,,,,0,0,Urban,0,,,Fine,Null
1753277.8981,5933055.1836,898131,,508807,0,,0,2,,Null,2024/2025,GREVILLE ROAD OFF RAMP,TAWA DRIVE,,Minor Crash,No,2024,,North,,0,,Flat,,,,,,Dark,180811,1,0,0,4,,,0,,,,,,Auckland Region,Nil,1-way,Sealed,,0,0,,50,,On,0,0,,76,Auckland,Traffic Signals,,,,,0,0,Urban,0,,,Fine,Null
1769921.362,5894411.6729,898134,,521201,0,,0,2,,West,2025/2026,HINGAIA ROAD,OAKLAND ROAD,,Non-Injury Crash,No,2025,,North,,0,,Flat,,,,,,Overcast,806601,0,0,0,2,,,0,,,,,,Auckland Region,Nil,2-way,Sealed,,0,0,,50,,Off,1,0,,76,Auckland,Nil,,,,,0,0,Urban,0,,,Fine,Null
1764809.9608,5903716.7368,898137,,524604,0,,0,0,,Null,2023/2024,CAVENDISH DRIVE OFF RAMP,CAVENDISH DRIVE,,Non-Injury Crash,No,2023,,West,,0,,Hill Road,,,,,,Overcast,781200,0,0,0,3,,,1,,,,,,Auckland Region,Nil,1-way,Sealed,,0,0,,60,,On,0,0,,76,Auckland,Traffic Signals,,,,,1,0,Urban,0,,,Light rain,Null
1749380.3149,5913810.2736,898138,,511303,0,,0,2,,Null,2025/2026,TITIRANGI ROAD,TITIRANGI ROAD,,Non-Injury Crash,No,2025,,South,,0,,Flat,,,,,,Bright sun,264901,0,0,0,2,,,0,,,,,,Auckland Region,Underpass,2-way,Sealed,,0,0,,50,,None,0,0,,76,Auckland,Nil,,,,,0,0,Urban,0,,,Fine,Null
1770680.053,5881367.3105,898139,,521111,0,0,0,0,0,South,2023/2024,GOLDING ROAD,PUKEKOHE EAST ROAD,,Non-Injury Crash,No,2024,0,North,1,0,0,Hill Road,0,,0,,0,Overcast,827001,0,0,0,2,0,0,0,0,0,,0,0,Auckland Region,Nil,2-way,Sealed,0,0,0,0,80,0,Off,0,0,,76,Auckland,Nil,0,0,0,0,1,0,Open,0,0,0,Light rain,Null
1764222.5408,5914963.2579,898140,,520303,0,,0,2,,West,2025/2026,ELLERSLIE-PANMURE HIGHWAY,MOUNTAIN ROAD,,Non-Injury Crash,No,2025,,East,,0,,Flat,,,,,,Dark,627500,0,0,0,4,,,0,,,,,,Auckland Region,Nil,2-way,Sealed,,0,0,,50,,On,0,0,,76,Auckland,Traffic Signals,,,,,0,0,Urban,0,,,Light rain,Null
1755927.2691,5926801.9839,898149,,508620,0,,0,2,,North,2023/2024,SUNNYBRAE ROAD,NORTHCOTE ROAD,,Non-Injury Crash,No,2023,,South,,0,,Flat,,,,,,Overcast,204500,0,0,0,2,,,0,,,,,,Auckland Region,Nil,2-way,Sealed,,0,0,,50,,Off,0,0,,76,Auckland,Nil,,,,,0,0,Urban,0,,,Fine,Null
1769878.9566,5900089.7162,898152,,524902,0,,0,1,,Null,2022/2023,MANUREWA-TAKANINI ON RAMP,SOUTHERN MOTORWAY,,Non-Injury Crash,No,2023,,North,,0,,Flat,,,,,,Dark,759200,0,0,0,2,,,0,,,,,,Auckland Region,Nil,1-way,Sealed,,0,0,,100,,On,0,0,,76,Auckland,Nil,,,,,1,0,Open,1,,,Light rain,Null
1750467.7245,5954247.8183,898153,,506201,0,,0,2,,South,2025/2026,NORTHERN GATEWAY TOLL ROAD,WAIWERA VIADUCT SOUTH,,Minor Crash,Yes,2025,,South,,0,,Hill Road,,,,,,Bright sun,176204,1,0,0,4,,,0,,,,,,Auckland Region,Nil,2-way,Sealed,,0,0,,110,,Off,0,0,,76,Auckland,Nil,,,,,0,0,Open,0,,,Fine,Null
1768746.4353,5911601.9797,898157,,523112,0,,0,2,,Null,2024/2025,TI RAKAU DRIVE,BURSWOOD DRIVE,,Non-Injury Crash,No,2025,,West,,0,,Flat,,,,,,Overcast,711404,0,0,0,3,,,0,,,,,,Auckland Region,Nil,1-way,Sealed,,0,0,,50,,Null,0,0,,76,Auckland,Traffic Signals,,,,,0,0,Urban,0,,,Heavy rain,Null
1765708.1021,5903743.9671,898158,,524604,0,,0,2,,East,2023/2024,SOUTH-WESTERN MOTORWAY,CAVENDISH DRIVE OFF RAMP,,Non-Injury Crash,Yes,2024,,East,,0,,Flat,,,,,,Dark,780208,0,0,0,2,,,0,,,,,,Auckland Region,Nil,1-way,Sealed,,0,0,,100,,On,0,0,,76,Auckland,Nil,,,,,0,0,Open,0,,,Light rain,Null
1751398.5201,5934299.2533,898167,,508701,0,,0,2,,Null,2023/2024,DAIRY FLAT HIGHWAY,OTEHA VALLEY ROAD EXTENSION,,Non-Injury Crash,No,2023,,South,,0,,Flat,,,,,,Bright sun,178501,0,0,0,2,,,0,,,,,,Auckland Region,Nil,1-way,Sealed,,0,0,,50,,Off,0,0,,76,Auckland,Traffic Signals,,,,,0,0,Urban,0,,,Fine,Null
1763383.327,5917396.3739,898169,,516302,0,0,0,1,0,South,2023/2024,NORMAN LESSER DRIVE,PYATT CRESCENT,,Minor Crash,No,2023,0,South,0,0,0,Flat,0,Christmas New Year,0,,0,Overcast,462806,2,0,0,2,0,0,0,0,0,,0,1,Auckland Region,Nil,2-way,Sealed,0,0,0,0,50,0,Off,0,0,,76,Auckland,Nil,0,0,0,1,0,0,Urban,0,0,0,Fine,Null
1765697.0908,5908335.2604,898170,,523403,0,,0,1,,North,2025/2026,SOUTHERN MOTORWAY,BAIRDS OBR,,Non-Injury Crash,Yes,2025,,North,,0,,Flat,,,,,,Bright sun,696400,0,0,0,3,,,0,,,,,,Auckland Region,Nil,1-way,Sealed,,0,0,,100,,Off,0,0,,76,Auckland,Nil,,,,,0,0,Open,1,,,Fine,Null
1772918.6453,5890719.1595,898171,,521301,0,0,0,1,1,Null,2023/2024,GREAT SOUTH ROAD,PITT ROAD,,Non-Injury Crash,No,2023,0,West,0,0,0,Flat,0,,0,,0,Bright sun,809200,0,0,0,2,0,0,0,0,0,,0,0,Auckland Region,Nil,2-way,Sealed,0,0,0,0,80,0,Off,0,0,,76,Auckland,Give way,0,0,0,1,0,0,Open,0,0,0,Fine,Null
1760219.3405,5889149.9004,898175,45,521122,0,0,0,1,0,South,2022/2023,KINGSEAT ROAD,SETTLEMENT ROAD,,Non-Injury Crash,No,2023,0,South,0,0,0,Flat,0,,0,,0,Twilight,811002,0,0,0,2,0,0,0,0,0,,1,0,Auckland Region,Nil,2-way,Sealed,0,0,0,0,50,0,Off,0,0,,76,Auckland,Nil,0,0,0,0,0,0,Urban,0,0,0,Fine,Null
1754742.8897,5930590.7646,898178,,508420,0,,0,1,,South,2024/2025,NORTHERN MOTORWAY,UPPER HARBOUR HWY OFF RAMP,,Non-Injury Crash,Yes,2025,,North,,0,,Hill Road,,,,,,Overcast,182008,0,0,0,3,,,0,,,,,,Auckland Region,Nil,1-way,Sealed,,0,0,,100,,Off,0,0,,76,Auckland,Nil,,,,,0,0,Open,1,,,Light rain,Null
1745447.4543,5916996.5764,898184,,510800,0,,0,1,,East,2024/2025,EDSEL STREET,RAILSIDE AVENUE,,Minor Crash,No,2025,,East,,0,,Hill Road,,,,,,Bright sun,242700,1,0,0,2,,,0,,,,,,Auckland Region,Nil,2-way,Sealed,,0,0,,50,,On,1,0,,76,Auckland,Give way,,,,,0,0,Urban,0,,,Fine,Null