X,Y,OBJECTID,advisorySpeed,areaUnitID,bicycle,bridge,bus,carStationWagon,cliffBank,crashDirectionDescription,crashFinancialYear,crashLocation1,crashLocation2,crashRoadSideRoad,crashSeverity,crashSHDescription,crashYear,debris,directionRoleDescription,ditch,fatalCount,fence,flatHill,guardRail,holiday,houseOrBuilding,intersection,kerb,light,meshblockId,minorInjuryCount,moped,motorcycle,NumberOfLanes,objectThrownOrDropped,otherObject,otherVehicleType,overBank,parkedVehicle,pedestrian,phoneBoxEtc,postOrPole,region,roadCharacter,roadLane,roadSurface,roadworks,schoolBus,seriousInjuryCount,slipOrFlood,speedLimit,strayAnimal,streetLight,suv,taxi,temporarySpeedLimit,tlaId,tlaName,trafficControl,trafficIsland,trafficSign,train,tree,truck,unknownVehicleType,urban,vanOrUtility,vehicle,waterRiver,weatherA,weatherB
1751939.1552,5912424.9012,898185,,514700,0,0,0,1,0,Null,2023/2024,DONOVAN STREET,RATHLIN STREET,,Non-Injury Crash,No,2024,0,East,0,0,0,Flat,0,,0,,0,Dark,368700,0,0,0,2,0,0,0,0,0,,0,1,Auckland Region,Nil,2-way,Sealed,0,0,0,0,50,0,On,0,0,,76,Auckland,Give way,0,0,0,0,0,0,Urban,0,0,0,Fine,Null
1763900.9589,5912982.9301,898186,,520500,0,,0,2,,Null,2024/2025,TE KEHU WAY,TE TATA AVENUE,,Non-Injury Crash,No,2025,,North,,0,,Null,,,,,,Bright sun,637500,0,0,0,2,,,0,,,,,,Auckland Region,Nil,2-way,Sealed,,0,0,,30,,Null,0,0,,76,Auckland,Traffic Signals,,,,,0,0,Urban,0,,,Fine,Null
1764511.5208,5904451.8514,898189,,522100,0,,0,2,,Null,2022/2023,NOEL BURNSIDE ROAD,PUHINUI ROAD,,Non-Injury Crash,No,2023,,North,,0,,Flat,,,,,,Dark,659300,0,0,0,2,,,0,,,,,,Auckland Region,Nil,2-way,Sealed,,0,0,,50,,On,0,0,,76,Auckland,Traffic Signals,,,,,0,0,Urban,0,,,Fine,None
1779392.9071,5905311.5928,898191,,525201,0,,0,0,,East,2023/2024,TWILIGHT ROAD,KIMPTONS ROAD,,Non-Injury Crash,No,2024,,West,,0,,Hill Road,,,,,,Overcast,762200,0,0,0,2,,,0,,,,,,Auckland Region,Nil,2-way,Sealed,,0,0,,80,,None,1,0,,76,Auckland,Nil,,,,,1,0,Open,0,,,Fine,Null
1756399.8889,5937564.6329,898202,,506903,0,0,0,2,0,Null,2024/2025,BEACH ROAD,COUNTY ROAD,,Non-Injury Crash,No,2025,0,North,0,0,0,Flat,0,,0,,0,Bright sun,169200,0,0,0,2,0,0,0,0,1,,0,0,Auckland Region,Nil,2-way,Sealed,0,0,0,0,50,0,Off,0,0,,76,Auckland,Give way,0,0,0,0,0,0,Urban,0,0,0,Fine,Null
1772372.4664,5893519.1004,898208,,525530,0,,0,1,,South,2024/2025,SOUTHERN MOTORWAY,SERVICE CENTRE OFF SBD,,Non-Injury Crash,Yes,2024,,South,,0,,Flat,,,,,,Dark,808607,0,0,0,2,,,0,,,,,,Auckland Region,Nil,2-way,Sealed,,0,0,,100,,On,1,0,,76,Auckland,Nil,,,,,0,0,Open,0,,,Fine,Null
1773747.2978,5889985.099,898209,,521301,0,,0,2,,South,2023/2024,SOUTHERN MOTORWAY,QUARRY OBR,,Non-Injury Crash,Yes,2023,,North,,0,,Flat,,,,,,Twilight,809103,0,0,0,2,,,0,,,,,,Auckland Region,Nil,1-way,Sealed,,0,0,,100,,On,0,0,,76,Auckland,Nil,,,,,0,0,Open,0,,,Light rain,Null
1749366.994,5941240.7322,898210,,506300,0,,0,0,,South,2024/2025,NORTHERN MOTORWAY,WILKS OBR,,Non-Injury Crash,Yes,2025,,South,,0,,Flat,,,,,,Dark,175902,0,0,0,2,,,0,,,,,,Auckland Region,Nil,1-way,Sealed,,0,0,,100,,None,1,0,,76,Auckland,Nil,,,,,0,0,Open,1,,,Fine,Null
1756927.4603,5920186.3724,898223,,514102,0,,0,2,,North,2023/2024,HOBSON STREET,COOK STREET,,Minor Crash,No,2024,,South,,0,,Flat,,,,,,Overcast,434200,1,0,0,4,,,0,,,1,,,Auckland Region,Nil,1-way,Sealed,,0,0,,50,,Off,0,0,,76,Auckland,Nil,,,,,0,0,Urban,0,,,Fine,Null
1747480.8318,5926480.0407,898226,,513431,1,,0,1,,Null,2024/2025,NUGGET AVENUE,RARANGA LANE,,Minor Crash,No,2025,,South,,0,,Flat,,,,,,Bright sun,221907,1,0,0,3,,,0,,,,,,Auckland Region,Nil,2-way,Sealed,,0,0,,50,,Off,0,0,,76,Auckland,Nil,,,,,0,0,Urban,0,,,Fine,Null
1765263.1268,5913378.7887,898228,,520500,0,0,0,1,0,East,2024/2025,SOUTH-EASTERN HIGHWAY,WAIPUNA ROAD,,Non-Injury Crash,No,2025,0,West,0,0,0,Null,0,,0,,0,Unknown,638908,0,0,0,2,0,0,0,0,0,,0,0,Auckland Region,Nil,1-way,Sealed,0,0,0,0,80,0,Null,0,0,,76,Auckland,Nil,0,0,0,1,0,0,Open,0,0,0,Null,Null
1745199.2159,5915762.9706,898232,,510800,0,0,0,1,0,North,2025/2026,BRUCE MCLAREN ROAD,CORBAN AVENUE,,Minor Crash,No,2025,0,South,0,0,0,Flat,0,,0,,0,Dark,242501,1,0,0,2,0,0,0,0,0,,0,1,Auckland Region,Nil,2-way,Sealed,0,0,0,0,50,0,On,0,0,,76,Auckland,Nil,0,0,0,0,0,0,Urban,0,0,0,Fine,Null
1766040.151,5907739.8995,898234,,523402,0,,0,1,,Null,2025/2026,SOUTHERN MOTORWAY,EAST TAMAKI ROAD OFF RAMP,,Minor Crash,Yes,2026,,South,,0,,Flat,,,,,,Overcast,699300,1,0,0,2,,,0,,,,,,Auckland Region,Motorway ramp,2-way,Sealed,,0,0,,100,,Off,0,0,,76,Auckland,Nil,,,,,0,0,Open,1,,,Light rain,Null
1754924.445,5918937.9226,898237,,515410,0,,0,1,,Null,2024/2025,DRYDEN STREET,PRIME ROAD,,Non-Injury Crash,No,2024,,South,,0,,Flat,,,,,,Bright sun,408000,0,0,0,2,,,0,,,,,,Auckland Region,Nil,2-way,Sealed,,0,0,,50,,Off,1,0,,76,Auckland,Stop,,,,,0,0,Urban,0,,,Fine,Null
1753285.3744,5914625.0919,898238,,518801,0,,0,2,,East,2025/2026,SH 20,MAIORO STREET OFF RAMP,,Non-Injury Crash,Yes,2025,,South,,0,,Flat,,Labour Weekend,,,,Bright sun,578400,0,0,0,2,,,0,,,,,,Auckland Region,Motorway ramp,1-way,Sealed,,0,0,,80,,Off,0,0,,76,Auckland,Nil,,,,,0,0,Open,0,,,Fine,Null
1756801.1777,5913341.0779,898240,,518702,0,0,0,2,0,South,2025/2026,HILLSBOROUGH ROAD,MARIE AVENUE,,Non-Injury Crash,No,2026,0,North,0,0,0,Hill Road,0,,0,,0,Dark,567700,0,0,0,2,0,0,0,0,1,,0,0,Auckland Region,Nil,2-way,Sealed,0,0,0,0,50,0,On,0,0,,76,Auckland,Nil,0,0,0,0,0,0,Urban,0,0,0,Fine,Null
1772873.1619,5891412.7091,898241,,521301,0,,0,1,,Null,2024/2025,GREAT SOUTH ROAD ON RAMP,GREAT SOUTH ROAD,,Non-Injury Crash,Yes,2024,,South,,0,,Null,,,,,,Unknown,808702,0,0,0,1,,,0,,,,,,Auckland Region,Nil,1-way,Null,,0,0,,60,,Null,0,0,,76,Auckland,Traffic Signals,,,,,0,0,Urban,1,,,Null,Null
1754691.0871,5930678.779,898242,,508520,0,,0,3,,South,2024/2025,NORTHERN MOTORWAY,UPPER HARBOUR HWY ON RAMP,,Non-Injury Crash,Yes,2025,,South,,0,,Hill Road,,,,,,Overcast,191104,0,0,0,2,,,0,,,,,,Auckland Region,Nil,1-way,Sealed,,0,0,,100,,Off,0,0,,76,Auckland,Nil,,,,,0,0,Open,0,,,Fine,Null
1737471.2273,5910210.3184,898243,,513800,0,,0,2,,East,2023/2024,PIHA ROAD,UPPER HUIA DAM TRACK,,Minor Crash,No,2023,,East,,0,,Hill Road,,Christmas New Year,,,,Overcast,281902,4,0,0,2,,,0,,,,,,Auckland Region,Nil,2-way,Sealed,,0,0,,80,,None,0,0,,76,Auckland,Nil,,,,,0,0,Open,0,,,Light rain,Null
1773304.136,5894868.3473,898246,,525520,0,0,0,2,0,East,2024/2025,BOUNDARY ROAD,OPAHEKE ROAD,,Non-Injury Crash,No,2025,0,East,0,0,1,Hill Road,0,,1,,0,Dark,802400,0,0,0,2,0,0,0,0,0,,0,0,Auckland Region,Nil,2-way,Sealed,0,0,0,0,50,0,On,0,0,,76,Auckland,Nil,0,0,0,0,0,0,Urban,0,0,0,Fine,Null
1754750.1011,5915854.5375,898252,,517702,0,0,0,2,0,South,2023/2024,SANDRINGHAM ROAD,COYLE STREET,,Non-Injury Crash,No,2023,0,North,0,0,0,Flat,0,Christmas New Year,0,,0,Dark,540900,0,0,0,2,0,0,0,0,1,,0,0,Auckland Region,Nil,2-way,Sealed,0,0,0,0,50,0,On,0,0,,76,Auckland,Nil,0,0,0,0,0,0,Urban,1,0,0,Fine,Null
1744755.8183,5908949.1481,898253,,513800,0,0,0,1,0,South,2025/2026,HUIA ROAD,EXHIBITION DRIVE,,Non-Injury Crash,No,2025,0,South,0,0,0,Null,0,,0,,0,Bright sun,303001,0,0,1,2,0,0,0,0,1,,0,0,Auckland Region,Nil,2-way,Sealed,0,0,0,0,50,0,Null,0,0,,76,Auckland,Nil,0,0,0,0,0,0,Urban,0,0,0,Fine,Null
1757689.0287,5918280.778,898259,,518101,0,,0,1,,South,2025/2026,SOUTHERN MOTORWAY,KHYBER PASS ROAD OFF RAMP,,Non-Injury Crash,Yes,2025,,North,,0,,Flat,,,,,,Bright sun,543000,0,0,0,4,,,0,,,,,,Auckland Region,Nil,1-way,Sealed,,0,0,,80,,Off,0,0,,76,Auckland,Nil,,,,,1,0,Open,0,,,Fine,Null
1758303.4329,5917049.0573,898264,,519200,0,,0,1,,South,2025/2026,MANUKAU ROAD,OWENS ROAD,,Minor Crash,No,2025,,North,,0,,Flat,,,,,,Bright sun,613900,1,0,1,4,,,0,,,,,,Auckland Region,Nil,2-way,Sealed,,0,0,,50,,Off,0,0,,76,Auckland,Nil,,,,,0,0,Urban,0,,,Fine,Null
1761875.7306,5919104.7707,898265,,516400,0,0,0,2,0,South,2023/2024,NGAIO STREET,GRACE STREET,,Non-Injury Crash,No,2023,0,East,0,0,0,Flat,0,,0,,0,Bright sun,497700,0,0,0,2,0,0,0,0,1,,0,0,Auckland Region,Nil,2-way,Sealed,0,0,0,0,50,0,None,0,0,,76,Auckland,Nil,0,0,0,1,0,0,Urban,0,0,0,Fine,Null
1747923.4521,5912514.6299,898269,,511901,0,,0,1,,Null,2023/2024,PLEASANT ROAD,ATKINSON ROAD,,Non-Injury Crash,No,2023,,West,,0,,Hill Road,,,,,,Overcast,292500,0,0,0,2,,,0,,,,,,Auckland Region,Nil,2-way,Sealed,,0,0,,50,,Off,0,0,,76,Auckland,Give way,,,,,0,0,Urban,1,,,Fine,Null
1743902.3015,5896708.6888,898270,65,521151,0,0,0,0,0,North,2025/2026,GRAHAMS BEACH ROAD,ORUA BAY ROAD,,Minor Crash,No,2026,0,East,0,0,0,Hill Road,0,,0,,0,Overcast,829406,1,0,0,2,0,0,0,0,0,,0,0,Auckland Region,Nil,2-way,Sealed,0,0,0,0,80,0,Off,0,0,,76,Auckland,Nil,0,0,0,1,0,0,Open,1,0,0,Fine,Null
1748986.3732,5945544.4296,898272,,505806,0,,0,1,,East,2025/2026,HIBISCUS COAST HIGHWAY,JACK HAWKEN LANE,,Non-Injury Crash,No,2025,,West,,0,,Flat,,,,,,Dark,176802,0,0,0,2,,,0,,,,,,Auckland Region,Nil,1-way,Sealed,,0,0,,60,,On,1,0,,76,Auckland,Nil,,,,,0,0,Urban,1,,,Light rain,Null
1764504.3418,5915219.7072,898273,,520301,0,0,0,1,0,West,2023/2024,MOUNTAIN ROAD,MONACO PLACE,,Non-Injury Crash,No,2023,0,East,0,0,0,Flat,0,,0,,0,Dark,626404,0,0,0,2,0,0,0,0,1,,0,0,Auckland Region,Nil,2-way,Sealed,0,0,0,0,50,0,On,0,0,,76,Auckland,Nil,0,0,0,0,0,0,Urban,1,0,0,Fine,Null
1764513.0492,5917971.0644,898291,,516500,0,,0,2,,South,2023/2024,ST JOHNS ROAD,ST HELIERS BAY ROAD,,Non-Injury Crash,No,2024,,South,,0,,Flat,,,,,,Bright sun,503800,0,0,0,3,,,0,,,,,,Auckland Region,Nil,2-way,Sealed,,0,0,,50,,Off,0,0,,76,Auckland,Nil,,,,,0,0,Urban,0,,,Fine,Null
1760096.6928,5918266.7521,898293,,516102,0,,0,2,,Null,2024/2025,PORTLAND ROAD,WHARUA ROAD,,Minor Crash,No,2025,,South,,0,,Flat,,Christmas New Year,,,,Bright sun,483200,2,0,0,2,,,0,,,,,,Auckland Region,Nil,2-way,Sealed,,0,0,,50,,Off,0,0,,76,Auckland,Nil,,,,,0,0,Urban,0,,,Fine,Null
1777515.5894,5911377.4827,898295,65,523202,0,0,0,1,0,North,2023/2024,WHITFORD MARAETAI ROAD,HENSON ROAD,,Minor Crash,No,2024,0,North,0,0,0,Hill Road,1,,0,,0,Overcast,718300,1,0,0,2,0,0,0,0,0,,0,0,Auckland Region,Nil,2-way,Sealed,0,0,0,0,80,0,None,0,0,,76,Auckland,Nil,0,0,0,0,0,0,Open,0,0,0,Fine,Null
1758934.7817,5905544.1895,898297,,524200,0,0,0,2,0,West,2023/2024,MONTGOMERIE ROAD,WESTNEY ROAD,,Non-Injury Crash,No,2024,0,West,0,0,0,Flat,0,,0,,0,Bright sun,727600,0,0,0,2,0,0,0,0,0,,0,0,Auckland Region,Nil,2-way,Sealed,0,0,0,0,50,0,Off,0,0,,76,Auckland,Nil,0,0,0,0,0,0,Urban,0,1,0,Fine,Null
1754859.8926,5918304.6562,898302,,517600,0,0,0,1,0,East,2023/2024,NORTH-WESTERN MOTORWAY,MOUNTAIN VIEW OBR,,Non-Injury Crash,Yes,2023,0,West,0,0,0,Flat,1,,0,,0,Dark,533502,0,0,0,4,0,0,0,0,0,,0,0,Auckland Region,Nil,1-way,Sealed,0,0,0,0,80,0,On,0,0,,76,Auckland,Nil,0,0,0,0,0,0,Open,0,0,0,Fine,Null
1737753.4632,5992986.748,898305,,506660,0,,0,0,,South,2025/2026,RYAN ROAD,TE ARAI ROAD,,Serious Crash,No,2025,,North,,0,,Hill Road,,,,,,Bright sun,135700,2,0,0,2,,,0,,,,,,Auckland Region,Nil,2-way,Unsealed,,0,1,,100,,None,0,0,,76,Auckland,Nil,,,,,0,0,Open,2,,,Fine,Null
1772513.5424,5881568.5644,898307,,521111,0,0,0,1,0,West,2025/2026,PUKEKOHE EAST ROAD,RUNCIMAN ROAD,,Non-Injury Crash,No,2025,1,East,0,0,0,Hill Road,0,,0,,0,Overcast,826909,0,0,0,3,0,0,0,0,0,,0,0,Auckland Region,Nil,2-way,Sealed,0,0,0,0,80,0,None,0,0,,76,Auckland,Nil,0,0,0,0,0,0,Open,0,0,0,Light rain,Strong wind
1757074.8206,5920538.6104,898310,,514102,1,,0,0,,Null,2025/2026,VICTORIA STREET WEST,HOBSON STREET,,Minor Crash,No,2025,,North,,0,,Hill Road,,,,,,Dark,433403,1,0,0,4,,,0,,,1,,,Auckland Region,Nil,2-way,Sealed,,0,0,,30,,On,0,0,,76,Auckland,Traffic Signals,,,,,0,0,Urban,1,,,Fine,Null
1740334.817,5981817.0028,898321,,506660,0,0,0,0,1,North,2024/2025,WAYBY VALLEY ROAD,WILSON ROAD,,Non-Injury Crash,No,2024,0,South,0,0,0,Hill Road,0,,0,,0,Overcast,136303,0,0,0,2,0,0,0,0,0,,0,0,Auckland Region,Nil,2-way,Sealed,0,0,0,0,100,0,None,0,0,,76,Auckland,Nil,0,0,0,0,0,0,Open,1,0,0,Light rain,Null
1769658.83,5899606.9944,898323,,523920,0,0,0,1,0,Null,2023/2024,GREAT SOUTH ROAD,TE NAPI DRIVE,,Minor Crash,No,2023,0,West,0,0,0,Flat,0,,0,,0,Dark,767922,1,0,0,2,0,0,0,0,0,,0,1,Auckland Region,Nil,2-way,Sealed,0,0,0,0,50,0,On,0,0,,76,Auckland,Traffic Signals,0,0,0,0,0,0,Urban,0,0,0,Fine,Null
1758131.8924,5920034.2372,898328,,514301,0,0,0,2,1,Null,2025/2026,ALTEN ROAD,STANLEY STREET,,Minor Crash,No,2025,0,South,0,0,0,Hill Road,0,,0,,0,Overcast,440300,1,0,0,3,0,0,0,0,0,,0,0,Auckland Region,Nil,2-way,Sealed,0,0,0,0,30,0,Off,0,0,,76,Auckland,Traffic Signals,0,0,0,0,0,0,Urban,0,0,0,Fine,Null
1763170.2601,5905965.4438,898330,,524302,0,,0,1,,North,2025/2026,PORTAGE ROAD,CLAUDE AVENUE,,Minor Crash,No,2026,,South,,0,,Flat,,,,,,Bright sun,746100,1,0,0,2,,,0,,,1,,,Auckland Region,Nil,2-way,Sealed,,0,0,,50,,Off,0,0,,76,Auckland,Nil,,,,,0,0,Urban,0,,,Fine,Null
1747249.8554,5921005.5297,898331,,512300,0,,0,2,,Null,2023/2024,TE ATATU ROAD,VINOGRAD DRIVE,,Non-Injury Crash,No,2023,,South,,0,,Flat,,,,,,Dark,251102,0,0,0,4,,,0,,,,,,Auckland Region,Nil,2-way,Sealed,,0,0,,50,,On,0,0,,76,Auckland,Nil,,,,,0,0,Urban,0,,,Fine,Null
1751194.5566,5914961.4798,898332,,514402,0,0,0,0,0,North,2024/2025,ST GEORGES ROAD,AHIRIRI AVENUE,,Non-Injury Crash,No,2024,0,South,0,0,0,Null,0,,0,,0,Dark,381200,0,0,0,2,0,0,0,0,1,,0,0,Auckland Region,Nil,2-way,Sealed,0,0,0,0,50,0,On,1,0,,76,Auckland,Nil,0,0,0,0,0,0,Urban,0,0,0,Light rain,Null
1759235.1325,5911765.4547,898343,,519820,0,,0,1,,West,2023/2024,NEILSON STREET,GALWAY STREET,,Non-Injury Crash,No,2023,,West,,0,,Flat,,,,,,Overcast,602503,0,0,0,4,,,0,,,,,,Auckland Region,Nil,2-way,Sealed,,0,0,,50,,Off,0,0,,76,Auckland,Nil,,,,,1,0,Urban,0,,,Fine,Null
1758390.0693,5920137.1028,898346,,515902,0,0,0,2,0,Null,2025/2026,PARNELL RISE,CARLAW PARK AVENUE,,Non-Injury Crash,No,2025,0,East,0,0,0,Hill Road,0,,0,,0,Bright sun,452200,0,0,0,4,0,0,0,0,1,,0,0,Auckland Region,Nil,2-way,Sealed,0,0,0,0,50,0,Null,0,0,,76,Auckland,Nil,0,0,0,0,0,0,Urban,0,0,0,Fine,Null
1756197.906,5931153.6034,898347,,508520,0,0,0,1,0,North,2024/2025,EAST COAST ROAD,WILLIAM SOUTER STREET,,Serious Crash,No,2024,0,South,0,0,0,Hill Road,0,,0,,0,Bright sun,148705,0,0,0,3,0,0,0,0,1,,0,0,Auckland Region,Nil,2-way,Sealed,0,0,1,0,50,0,Off,1,0,,76,Auckland,Nil,0,0,0,0,0,0,Urban,0,0,0,Fine,Null
1737479.8715,5952035.0885,898348,,506614,0,0,0,1,0,West,2025/2026,HARURU ROAD,ADAMS ROAD,,Minor Crash,No,2025,0,South,0,0,1,Hill Road,0,,0,,0,Overcast,177000,1,0,0,2,0,0,0,0,0,,0,0,Auckland Region,Nil,2-way,Unsealed,0,0,0,0,100,0,None,0,0,,76,Auckland,Nil,0,0,0,0,0,0,Open,0,0,0,Fine,Null
1745318.8449,5920115.3283,898349,,513301,0,,0,3,,Null,2023/2024,LINCOLN ROAD,DAYTONA ROAD,,Non-Injury Crash,No,2023,,North,,0,,Flat,,,,,,Bright sun,231900,0,0,0,4,,,0,,,,,,Auckland Region,Nil,2-way,Sealed,,0,0,,50,,Off,0,0,,76,Auckland,Give way,,,,,0,0,Urban,0,,,Fine,Null
1757026.9361,5916687.4688,898351,,518202,0,0,0,2,0,South,2024/2025,MOUNT EDEN ROAD,NGAURUHOE STREET,,Non-Injury Crash,No,2024,0,South,0,0,0,Flat,0,,0,,0,Bright sun,550200,0,0,0,2,0,0,0,0,1,,0,0,Auckland Region,Nil,2-way,Sealed,0,0,0,0,50,0,Off,0,0,,76,Auckland,Stop,0,0,0,0,0,0,Urban,0,0,0,Fine,Null
1753309.7312,5916840.205,898354,,517800,0,0,0,2,0,East,2024/2025,NEW NORTH ROAD,ALEXIS AVENUE,,Non-Injury Crash,No,2024,0,East,0,0,0,Flat,0,,0,,0,Overcast,527400,0,0,0,2,0,0,0,0,0,,0,0,Auckland Region,Nil,2-way,Sealed,0,0,0,0,50,0,Null,0,0,,76,Auckland,Nil,1,0,0,0,0,0,Urban,0,0,0,Fine,Null
1751097.7202,5915760.9194,898355,,514401,0,,0,0,,Null,2025/2026,GREAT NORTH ROAD,ASH STREET,,Minor Crash,No,2025,,South,,0,,Flat,,,,,,Bright sun,381801,2,0,0,2,,,0,,,,,,Auckland Region,Nil,1-way,Sealed,,0,0,,50,,Off,1,0,,76,Auckland,Traffic Signals,,,,,0,0,Urban,1,,,Fine,Null
1756176.5041,5931165.703,898359,,508520,0,,0,2,,West,2025/2026,EAST COAST ROAD,WILLIAM SOUTER STREET,,Non-Injury Crash,No,2026,,East,,0,,Null,,,,,,Bright sun,148705,0,0,0,3,,,0,,,,,,Auckland Region,Nil,2-way,Sealed,,0,0,,50,,Null,0,0,,76,Auckland,Nil,,,,,0,0,Urban,0,,,Fine,Null
1750352.0454,5953428.4568,898369,,506201,0,0,0,1,0,North,2024/2025,NORTHERN GATEWAY TOLL ROAD,OTANERUA VIADUCT NORTH,,Non-Injury Crash,Yes,2025,1,North,0,0,0,Hill Road,0,,0,,0,Dark,176203,0,0,0,2,0,0,0,0,0,,0,0,Auckland Region,Nil,2-way,Sealed,0,0,0,0,110,0,None,0,0,,76,Auckland,Nil,0,0,0,0,0,0,Open,0,0,0,Fine,Null
1759991.1896,5915821.0071,898370,,516003,0,,0,0,,Null,2022/2023,NOLAN ROAD,GREEN LANE EAST,,Non-Injury Crash,No,2023,,North,,0,,Flat,,,,,,Dark,495200,0,0,0,2,,,0,,,1,,,Auckland Region,Nil,2-way,Sealed,,0,0,,50,,None,0,0,,76,Auckland,Stop,,,,,0,0,Urban,1,,,Fine,Null
1757453.1155,5915992.5919,898371,,515801,0,,0,1,,Null,2024/2025,KING GEORGE AVENUE,ST ANDREWS ROAD,,Non-Injury Crash,No,2024,,South,,0,,Hill Road,,,,,,Bright sun,446700,0,0,0,2,,,0,,,,,,Auckland Region,Nil,2-way,Sealed,,0,0,,30,,Off,0,0,,76,Auckland,Give way,,,,,0,0,Urban,1,,,Light rain,Null
1767012.5023,5902831.6381,898372,,524602,0,0,0,1,0,East,2024/2025,KERRS ROAD,HOBILL AVENUE,,Minor Crash,No,2024,0,East,0,0,0,Flat,0,,0,,0,Dark,780407,1,0,0,2,0,0,1,0,1,,0,0,Auckland Region,Nil,2-way,Sealed,0,0,0,0,60,0,On,0,0,,76,Auckland,Nil,0,0,0,0,0,0,Urban,0,0,0,Fine,Null
1757454.834,5918627.223,898376,,514302,0,,0,1,,Null,2023/2024,KHYBER PASS ROAD,AUBURN STREET,,Minor Crash,No,2024,,East,,0,,Hill Road,,,,,,Bright sun,442000,1,0,0,2,,,0,,,1,,,Auckland Region,Nil,2-way,Sealed,,0,0,,50,,Off,0,0,,76,Auckland,Give way,,,,,0,0,Urban,0,,,Fine,Null
1755397.4894,5925902.2649,898387,,509701,0,,0,1,,South,2024/2025,POTTER AVENUE,KO STREET,,Non-Injury Crash,No,2024,,North,,0,,Null,,,,,,Bright sun,362502,0,0,0,2,,,0,,,,,,Auckland Region,Speed hump,2-way,Sealed,,0,0,,50,,Off,0,0,,76,Auckland,Nil,,,,,0,0,Urban,0,,,Fine,Null
1741609.4169,5918160.0585,898391,,513214,0,,0,1,,North,2025/2026,CANDIA ROAD,COULTER ROAD,,Non-Injury Crash,No,2025,,North,,0,,Null,,,,,,Bright sun,238403,0,0,0,2,,,0,,,,,,Auckland Region,Nil,2-way,Sealed,,0,0,,50,,Null,0,0,,76,Auckland,Nil,,,,,0,0,Urban,0,,,Fine,Null
1754038.7804,5935866.0785,898392,,508704,0,,0,2,,Null,2023/2024,OTEHA VALLEY ROAD,HARROWGLEN DRIVE,,Non-Injury Crash,No,2023,,East,,0,,Flat,,,,,,Overcast,178607,0,0,0,4,,,0,,,,,,Auckland Region,Nil,2-way,Sealed,,0,0,,50,,Off,0,0,,76,Auckland,Traffic Signals,,,,,0,0,Urban,1,,,Fine,Null
1765681.627,5920111.905,898405,,516700,0,0,1,1,0,South,2023/2024,TURUA STREET,TAMAKI DRIVE,,Non-Injury Crash,No,2023,0,Null,0,0,0,Flat,0,,0,,0,Bright sun,509300,0,0,0,2,0,0,0,0,1,,0,0,Auckland Region,Nil,2-way,Sealed,0,0,0,0,30,0,On,0,0,,76,Auckland,Nil,0,0,0,0,0,0,Urban,0,0,0,Fine,None
1754670.7186,5876396.4462,898409,,526104,0,0,0,0,0,East,2025/2026,COLLINGWOOD ROAD,KITCHENER ROAD,,Minor Crash,No,2025,0,West,0,0,0,Flat,1,,0,,0,Twilight,836702,1,0,0,2,0,0,0,0,0,,0,0,Auckland Region,Nil,2-way,Sealed,0,0,0,0,50,0,On,1,0,,76,Auckland,Nil,0,0,0,0,0,0,Urban,0,0,0,Light rain,Null
1766910.9447,5899184.801,898412,,524812,0,,0,0,,Null,2023/2024,MAHIA ROAD,SANDWICK DRIVE,,Non-Injury Crash,No,2023,,South,,0,,Flat,,,,,,Overcast,774103,0,0,0,2,,,0,,,,,,Auckland Region,Nil,2-way,Sealed,,0,0,,50,,Off,2,0,,76,Auckland,Give way,,,,,0,0,Urban,0,,,Fine,Null
1760335.8863,5915310.0171,898415,,519400,0,,0,1,,Null,2024/2025,GREAT SOUTH ROAD,MAIN HIGHWAY,,Non-Injury Crash,No,2025,,North,,0,,Hill Road,,,,,,Bright sun,617400,0,0,0,2,,,0,,,,,,Auckland Region,Nil,2-way,Sealed,,0,0,,50,,Off,0,1,,76,Auckland,Traffic Signals,,,,,1,0,Urban,0,,,Fine,Null
1745606.3447,5925755.5829,898416,,513410,0,,0,2,,East,2023/2024,UPPER HARBOUR MOTORWAY,BRIGHAM CREEK ROAD OFF RAMP,,Non-Injury Crash,Yes,2023,,East,,0,,Flat,,,,,,Overcast,223801,0,0,0,2,,,0,,,,,,Auckland Region,Motorway ramp,1-way,Sealed,,0,0,,100,,Null,0,0,,76,Auckland,Nil,,,,,0,1,Open,1,,,Light rain,Strong wind
1747596.358,5912378.8695,898419,,511901,0,0,0,1,0,East,2024/2025,ATKINSON ROAD,CAPTAIN SCOTT ROAD,,Non-Injury Crash,No,2024,0,West,0,0,1,Hill Road,0,,0,,0,Dark,294401,0,0,0,2,0,0,0,0,0,,0,0,Auckland Region,Nil,2-way,Sealed,0,0,0,0,50,0,On,0,0,,76,Auckland,Nil,0,0,0,0,0,0,Urban,0,0,0,Fine,Null
1747167.1892,5922855.9974,898420,,512202,0,0,0,2,0,East,2023/2024,TOTARA ROAD,HIKURANGI STREET,,Non-Injury Crash,No,2023,0,West,0,0,0,Flat,0,,0,,0,Overcast,245300,0,0,0,2,0,0,0,0,1,,0,0,Auckland Region,Nil,2-way,Sealed,0,0,0,0,50,0,Off,0,0,,76,Auckland,Nil,0,0,0,0,0,0,Urban,0,0,0,Light rain,Null