X,Y,OBJECTID,advisorySpeed,areaUnitID,bicycle,bridge,bus,carStationWagon,cliffBank,crashDirectionDescription,crashFinancialYear,crashLocation1,crashLocation2,crashRoadSideRoad,crashSeverity,crashSHDescription,crashYear,debris,directionRoleDescription,ditch,fatalCount,fence,flatHill,guardRail,holiday,houseOrBuilding,intersection,kerb,light,meshblockId,minorInjuryCount,moped,motorcycle,NumberOfLanes,objectThrownOrDropped,otherObject,otherVehicleType,overBank,parkedVehicle,pedestrian,phoneBoxEtc,postOrPole,region,roadCharacter,roadLane,roadSurface,roadworks,schoolBus,seriousInjuryCount,slipOrFlood,speedLimit,strayAnimal,streetLight,suv,taxi,temporarySpeedLimit,tlaId,tlaName,trafficControl,trafficIsland,trafficSign,train,tree,truck,unknownVehicleType,urban,vanOrUtility,vehicle,waterRiver,weatherA,weatherB
1757202.0209,5920491.301,898425,,514102,1,0,0,0,0,West,2025/2026,VICTORIA STREET WEST,ALBERT STREET,,Minor Crash,No,2026,0,West,0,0,0,Hill Road,0,,0,,1,Dark,433401,1,0,0,4,0,0,0,0,0,,0,0,Auckland Region,Nil,2-way,Sealed,0,0,0,0,50,0,On,0,0,,76,Auckland,Nil,0,0,0,0,0,0,Urban,0,0,0,Fine,Null
1746724.097,5916795.5114,898430,,512500,0,0,0,1,0,East,2023/2024,CRON AVENUE,TE ATATU ROAD,,Minor Crash,No,2024,0,West,0,0,0,Hill Road,0,,0,,0,Dark,260000,3,0,0,2,0,0,0,0,1,,0,0,Auckland Region,Nil,2-way,Sealed,0,0,0,0,50,0,On,0,0,,76,Auckland,Nil,0,0,0,0,0,0,Urban,1,0,0,Fine,Null
1774438.8532,5881456.0505,898439,,521160,0,,0,1,,East,2023/2024,MILL ROAD,HARRISVILLE ROAD,,Non-Injury Crash,No,2024,,East,,0,,Hill Road,,,,,,Bright sun,827300,0,0,0,2,,,0,,,,,,Auckland Region,Nil,2-way,Sealed,,0,0,,80,,None,0,0,,76,Auckland,Nil,,,,,1,0,Open,0,,,Fine,Strong wind
1768381.9569,5904453.2703,898444,,523820,0,,0,2,,Null,2024/2025,REDOUBT ROAD,DIORELLA DRIVE,,Non-Injury Crash,No,2025,,West,,0,,Hill Road,,,,,,Bright sun,759901,0,0,0,3,,,0,,,,,,Auckland Region,Nil,2-way,Sealed,,0,0,,50,,Off,0,0,,76,Auckland,Give way,,,,,0,0,Urban,0,,,Fine,Null
1756836.7768,5927361.7942,898445,,507900,0,,1,0,,Null,2023/2024,TAHAROTO ROAD,RANGITIRA AVENUE,,Serious Crash,No,2023,,North,,0,,Flat,,,,,,Bright sun,304500,0,0,0,6,,,0,,,1,,,Auckland Region,Nil,2-way,Sealed,,0,1,,50,,Off,0,0,,76,Auckland,Give way,,,,,0,0,Urban,0,,,Fine,Null
1741826.5407,5917532.2598,898448,55,513102,0,0,0,0,0,South,2025/2026,CANDIA ROAD,COULTER ROAD,,Minor Crash,No,2025,0,South,0,0,1,Flat,0,,0,,0,Dark,238600,1,0,0,2,0,0,0,0,0,,0,0,Auckland Region,Nil,2-way,Sealed,0,0,0,0,60,0,None,1,0,,76,Auckland,Nil,0,0,0,2,0,0,Urban,0,0,0,Fine,Null
1756037.0554,5919138.8751,898450,,515420,0,0,0,1,0,North,2025/2026,POLLEN STREET,GREAT NORTH ROAD,,Non-Injury Crash,No,2025,0,South,0,0,0,Hill Road,0,,1,,0,Overcast,411400,0,0,0,2,0,0,0,0,1,,0,0,Auckland Region,Nil,1-way,Sealed,0,0,0,0,50,0,Off,1,0,,76,Auckland,Nil,0,0,0,0,0,0,Urban,0,0,0,Fine,Null
1772531.1672,5901544.0998,898451,,523813,0,,0,2,,Null,2023/2024,MILL ROAD,ALFRISTON ROAD,,Non-Injury Crash,No,2023,,North,,0,,Flat,,,,,,Unknown,760902,0,0,0,2,,,0,,,,,,Auckland Region,Nil,2-way,Sealed,,0,0,,60,,Null,0,0,,76,Auckland,Give way,,,,,0,0,Urban,0,,,Null,Null
1750982.4841,5927071.6506,898454,,510010,0,0,0,1,0,Null,2024/2025,BEACH HAVEN ROAD,PARAGON AVENUE,,Non-Injury Crash,No,2025,0,West,0,0,1,Null,0,,0,,0,Overcast,342801,0,0,0,2,0,0,0,0,0,,0,0,Auckland Region,Nil,2-way,Sealed,0,0,0,0,50,0,Null,0,0,,76,Auckland,Stop,0,0,0,0,0,0,Urban,0,0,0,Fine,Null
1769987.5398,5898738.8221,898459,,523920,0,,0,2,,South,2023/2024,SOUTHERN MOTORWAY,TAKANINI ON RAMP,,Non-Injury Crash,Yes,2023,,South,,0,,Hill Road,,Christmas New Year,,,,Overcast,768007,0,0,0,4,,,0,,,,,,Auckland Region,Nil,1-way,Sealed,,0,0,,100,,Off,0,0,,76,Auckland,Nil,,,,,0,0,Open,0,,,Fine,Strong wind
1768959.2075,5911201.5365,898465,,523112,0,,0,2,,Null,2023/2024,HARRIS ROAD,CRYERS ROAD,,Non-Injury Crash,No,2024,,North,,0,,Flat,,,,,,Bright sun,711404,0,0,0,4,,,0,,,,,,Auckland Region,Nil,2-way,Sealed,,0,0,,50,,None,0,0,,76,Auckland,Give way,,,,,0,0,Urban,0,,,Fine,Null
1767639.4785,5918782.4173,898466,,516800,0,0,0,1,0,East,2025/2026,GLENDOWIE ROAD,RIDDELL ROAD,,Non-Injury Crash,No,2025,0,North,0,0,0,Null,0,,0,,0,Bright sun,514800,0,0,0,2,0,0,0,0,1,,0,0,Auckland Region,Nil,2-way,Sealed,0,0,0,0,50,0,Null,1,0,,76,Auckland,Nil,0,0,0,0,0,0,Urban,0,0,0,Fine,Null
1762732.1678,5903716.331,898467,,524604,0,0,0,1,0,West,2023/2024,PUHINUI ROAD,PRICES ROAD,,Non-Injury Crash,Yes,2023,0,West,0,0,0,Flat,1,,0,,0,Overcast,781100,0,0,0,4,0,0,0,0,0,,0,0,Auckland Region,Nil,2-way,Sealed,0,0,0,0,60,0,Off,0,0,,76,Auckland,Nil,0,0,0,0,0,0,Urban,0,0,0,Fine,Null
1757103.0768,5912575.0351,898472,,518702,0,,0,1,,North,2024/2025,SOUTH-WESTERN MOTORWAY,HILLSBOROUGH ROAD ON RAMP,,Non-Injury Crash,Yes,2025,,South,,0,,Hill Road,,,,,,Overcast,570300,0,0,0,3,,,0,,,,,,Auckland Region,Nil,1-way,Sealed,,0,0,,100,,On,0,0,,76,Auckland,Nil,,,,,0,0,Open,1,,,Light rain,Null
1755283.2664,5929747.265,898474,,508510,0,,0,2,,South,2025/2026,NORTHERN MOTORWAY,SUNNYNOOK OBR,,Non-Injury Crash,Yes,2025,,South,,0,,Flat,,,,,,Bright sun,194405,0,0,0,2,,,0,,,,,,Auckland Region,Nil,1-way,Sealed,,0,0,,100,,Off,0,0,,76,Auckland,Nil,,,,,0,0,Open,0,,,Fine,Null
1756135.7799,5923917.1144,898476,,509800,0,,0,1,,South,2024/2025,NORTHERN MOTORWAY,WEIGH BRIDGE,,Non-Injury Crash,Yes,2025,,South,,0,,Null,,,,,,Unknown,361200,0,0,0,5,,,0,,,,,,Auckland Region,Nil,1-way,Null,,0,0,,80,,Null,0,0,,76,Auckland,Nil,,,,,0,1,Open,0,,,Null,Null
1755677.1476,5928380.457,898477,,507900,0,,0,0,,South,2023/2024,WAIRAU ROAD,ARCHERS ROAD,,Minor Crash,No,2024,,North,,0,,Flat,,,,,,Bright sun,305100,1,0,0,4,,,0,,,1,,,Auckland Region,Nil,2-way,Sealed,,0,0,,50,,Off,0,0,,76,Auckland,Nil,,,,,0,0,Urban,1,,,Fine,Null
1757148.7629,5913894.8395,898479,,518600,0,0,0,2,0,North,2024/2025,BUCKLEY ROAD,PEGLER AVENUE,,Non-Injury Crash,No,2024,0,South,0,0,0,Flat,0,Christmas New Year,0,,0,Twilight,565100,0,0,0,2,0,0,0,0,1,,0,0,Auckland Region,Nil,2-way,Sealed,0,0,0,0,50,0,None,0,0,30,76,Auckland,Nil,0,0,0,0,0,0,Urban,0,0,0,Fine,Null
1751914.2249,5918675.0929,898481,,515001,0,0,0,1,0,West,2025/2026,WALKER ROAD,NEVILLE STREET,,Non-Injury Crash,No,2025,0,East,0,0,1,Flat,0,,0,,0,Bright sun,392600,0,0,0,2,0,0,0,0,0,,0,0,Auckland Region,Nil,2-way,Sealed,0,0,0,0,50,0,Off,0,0,,76,Auckland,Nil,0,0,0,1,0,0,Urban,0,0,0,Fine,Null
1768830.9548,5911198.2362,898490,,523112,0,,0,0,,West,2025/2026,CRYERS ROAD,HARRIS ROAD,,Minor Crash,No,2025,,West,,0,,Flat,,,,,,Overcast,711404,1,0,0,2,,,0,,,,,,Auckland Region,Nil,2-way,Sealed,,0,0,,50,,Off,0,0,,76,Auckland,Nil,,,,,1,0,Urban,1,,,Light rain,Null
1773255.761,5896434.9763,898493,,525620,0,,0,2,,Null,2024/2025,WILLIS ROAD,ALPHA STREET,,Non-Injury Crash,No,2024,,West,,0,,Flat,,,,,,Overcast,797000,0,0,0,2,,,0,,,,,,Auckland Region,Nil,2-way,Sealed,,0,0,,50,,Off,0,0,,76,Auckland,Nil,,,,,0,0,Urban,0,,,Fine,Null
1764057.1859,5918789.0068,898495,,516500,0,0,0,1,0,North,2023/2024,KOHIMARAMA ROAD,ALLUM STREET,,Non-Injury Crash,No,2023,0,North,0,0,1,Hill Road,0,,0,,0,Bright sun,503300,0,0,0,1,0,0,0,0,0,,0,0,Auckland Region,Nil,2-way,Sealed,0,0,0,0,50,0,None,0,0,,76,Auckland,Nil,0,0,0,0,1,0,Urban,0,0,0,Fine,Null
1758822.1921,5905707.4534,898504,,524200,0,,0,1,,South,2025/2026,GEORGE BOLT MEMORIAL DRIVE,KIRKBRIDE ROAD OFF RAMP,,Non-Injury Crash,Yes,2025,,South,,0,,Flat,,,,,,Dark,726400,0,0,0,4,,,0,,,,,,Auckland Region,Nil,2-way,Sealed,,0,0,,100,,On,0,0,,76,Auckland,Nil,,,,,0,0,Open,1,,,Fine,Null
1766660.3863,5920109.2477,898505,,516700,0,,0,0,,Null,2023/2024,WAIMARIE STREET,RIDDELL ROAD,,Non-Injury Crash,No,2023,,East,,0,,Flat,,,,,,Overcast,511800,0,0,0,2,,,0,,,,,,Auckland Region,Nil,2-way,Sealed,,0,0,,50,,Off,2,0,,76,Auckland,Give way,,,,,0,0,Urban,0,,,Fine,None
1761700.1969,5913562.4574,898515,,519500,0,,0,2,,South,2023/2024,STATION ROAD,WALLS ROAD,,Non-Injury Crash,No,2023,,North,,0,,Flat,,,,,,Bright sun,621400,0,0,0,2,,,0,,,,,,Auckland Region,Nil,2-way,Sealed,,0,0,,50,,Off,0,0,,76,Auckland,Nil,,,,,0,0,Urban,0,,,Fine,Null
1742077.1994,5976299.6666,898517,,506661,0,0,0,1,0,East,2024/2025,SH 1,SAUNDERS ROAD,,Non-Injury Crash,Yes,2024,0,West,0,0,0,Flat,1,,0,,0,Dark,139000,0,0,0,2,0,0,0,0,0,,0,0,Auckland Region,Nil,2-way,Sealed,0,0,0,0,80,0,None,0,0,,76,Auckland,Nil,0,0,0,0,0,0,Open,0,0,0,Heavy rain,Null
1756193.9573,5913054.9873,898523,,518701,0,,0,0,,West,2025/2026,SOUTH-WESTERN MOTORWAY,HILLSBOROUGH ROAD ON RAMP,,Non-Injury Crash,Yes,2025,,North,,0,,Null,,,,,,Dark,569000,0,0,0,3,,,0,,,,,,Auckland Region,Nil,1-way,Sealed,,0,0,,100,,Null,2,0,,76,Auckland,Nil,,,,,0,0,Open,0,,,Fine,Null
1755393.3857,5920529.9148,898524,,515302,0,0,0,1,0,Null,2023/2024,REDMOND STREET,POMPALLIER TERRACE,,Non-Injury Crash,No,2024,0,North,0,0,0,Flat,0,,0,,0,Dark,429400,0,0,0,1,0,0,0,0,0,,0,1,Auckland Region,Nil,1-way,Sealed,0,0,0,0,30,0,On,0,0,,76,Auckland,Give way,0,0,0,0,0,0,Urban,0,0,0,Heavy rain,Null
1760003.4022,5903694.0708,898536,,524200,0,,0,1,,West,2022/2023,TOM PEARCE DRIVE,JIMMY WARD CRESCENT,,Non-Injury Crash,No,2023,,East,,0,,Flat,,,,,,Overcast,727200,0,0,0,2,,,0,,,,,,Auckland Region,Nil,2-way,Sealed,,0,0,,50,,None,0,0,,76,Auckland,Nil,,,,,0,0,Urban,1,,,Light rain,Strong wind
1756160.1972,5924035.1547,898537,,509800,0,,0,1,,North,2025/2026,NORTHERN MOTORWAY,WEIGH BRIDGE,,Non-Injury Crash,Yes,2025,,South,,0,,Flat,,,,,,Bright sun,361100,0,0,0,5,,,0,,,,,,Auckland Region,Nil,1-way,Sealed,,0,0,,80,,Off,1,0,,76,Auckland,Nil,,,,,0,0,Open,0,,,Fine,Null
1765682.9229,5908375.3365,898541,,523403,0,,0,1,,North,2024/2025,SOUTHERN MOTORWAY,BAIRDS OBR,,Non-Injury Crash,Yes,2025,,North,,0,,Flat,,,,,,Overcast,696400,0,0,0,3,,,0,,,,,,Auckland Region,Nil,1-way,Sealed,,0,0,,100,,Off,1,0,,76,Auckland,Nil,,,,,0,0,Open,0,,,Heavy rain,Null
1768611.1777,5914028.0563,898542,,522810,0,,0,2,,Null,2022/2023,PAKURANGA ROAD,STANNILAND STREET,,Fatal Crash,No,2023,,East,,1,,Flat,,,,,,Overcast,691300,1,0,0,5,,,0,,,,,,Auckland Region,Nil,2-way,Sealed,,0,1,,60,,Off,0,0,,76,Auckland,Give way,,,,,0,0,Urban,0,,,Light rain,Null
1768691.0104,5902972.5201,898544,,523820,0,,0,0,,North,2023/2024,SOUTHERN MOTORWAY,ORAMS OBR,,Non-Injury Crash,Yes,2023,,South,,0,,Flat,,,,,,Bright sun,760121,0,0,0,4,,,0,,,,,,Auckland Region,Nil,1-way,Sealed,,0,0,,100,,Off,2,0,,76,Auckland,Nil,,,,,0,0,Open,0,,,Fine,Null
1757819.1816,5915944.4663,898549,,515801,0,,0,1,,Null,2024/2025,KING GEORGE AVENUE,THE DRIVE,,Non-Injury Crash,No,2025,,East,,0,,Null,,Easter,,,,Overcast,446700,0,0,0,2,,,0,,,,,,Auckland Region,Nil,2-way,Sealed,,0,0,,50,,Null,0,0,,76,Auckland,Stop,,,,,0,1,Urban,0,,,Light rain,Null
1752055.9845,5918793.8977,898552,,515001,0,,0,2,,North,2022/2023,POINT CHEVALIER ROAD,WALKER ROAD,,Non-Injury Crash,No,2023,,South,,0,,Flat,,,,,,Overcast,393800,0,0,0,2,,,0,,,,,,Auckland Region,Nil,2-way,Sealed,,0,0,,50,,Off,0,0,,76,Auckland,Nil,,,,,0,0,Urban,0,,,Fine,Null
1755244.4199,5913376.3644,898565,,518803,0,,0,1,,East,2024/2025,SOUTH-WESTERN MOTORWAY,DOMINION OBR,,Non-Injury Crash,Yes,2025,,East,,0,,Flat,,,,,,Bright sun,582700,0,0,0,3,,,0,,,,,,Auckland Region,Nil,1-way,Sealed,,0,0,,100,,Off,0,0,,76,Auckland,Nil,,,,,1,0,Open,0,,,Fine,Null
1744429.5223,5914600.9399,898569,,512903,0,,0,2,,Null,2025/2026,PARRS CROSS ROAD,BRUCE MCLAREN ROAD,,Minor Crash,No,2025,,West,,0,,Flat,,,,,,Overcast,278007,2,0,0,2,,,0,,,,,,Auckland Region,Nil,2-way,Sealed,,0,0,,50,,Off,0,0,,76,Auckland,Give way,,,,,0,0,Urban,0,,,Fine,Null
1763503.7779,5906931.6615,898573,,524301,0,0,0,2,0,East,2024/2025,LANDON AVENUE,GRAEME AVENUE,,Non-Injury Crash,No,2025,0,South,0,0,0,Flat,0,,0,,0,Overcast,748302,0,0,0,2,0,0,0,0,1,,0,0,Auckland Region,Nil,2-way,Sealed,0,0,0,0,50,0,Off,0,0,,76,Auckland,Nil,0,0,0,0,0,0,Urban,0,0,0,Light rain,Null
1748192.2042,5919219.986,898579,,514801,0,0,0,1,0,North,2024/2025,NORTH-WESTERN MOTORWAY,PATIKI ROAD OFF RAMP,,Non-Injury Crash,Yes,2025,0,East,0,0,0,Flat,1,,0,,0,Bright sun,389300,0,0,0,4,0,0,0,0,0,,0,0,Auckland Region,Nil,1-way,Sealed,0,0,0,0,100,0,Off,1,0,,76,Auckland,Nil,0,0,0,0,0,0,Open,0,0,0,Fine,Frost
1762904.4647,5909251.8875,898583,,524402,0,,0,2,,Null,2025/2026,JAMES FLETCHER DRIVE,KAHU STREET,,Minor Crash,No,2025,,East,,0,,Hill Road,,,,,,Overcast,749800,1,0,0,2,,,0,,,,,,Auckland Region,Nil,2-way,Sealed,,0,0,,50,,None,0,0,,76,Auckland,Give way,,,,,0,0,Urban,1,,,Fine,Null
1757738.1995,5918231.0961,898587,,515700,0,,0,2,,South,2025/2026,MOUNTAIN ROAD,MOUNTAIN OBR,,Minor Crash,No,2025,,North,,0,,Flat,,,,,,Overcast,443600,1,0,0,2,,,0,,,,,,Auckland Region,Bridge,2-way,Sealed,,0,0,,50,,Off,0,0,,76,Auckland,Nil,,,,,0,0,Urban,0,,,Fine,Null
1772840.0651,5892069.8474,898591,,521301,0,0,0,2,0,North,2023/2024,SOUTHERN MOTORWAY,BREMNER OBR,,Non-Injury Crash,Yes,2023,0,North,0,0,0,Flat,1,,0,,0,Overcast,808702,0,0,0,2,0,0,0,0,0,,0,1,Auckland Region,Nil,1-way,Sealed,0,0,0,0,100,0,Off,0,0,,76,Auckland,Nil,0,0,0,0,0,0,Open,0,0,0,Fine,Null
1757848.4696,5918131.2956,898595,,515700,0,,0,2,,North,2022/2023,SOUTHERN MOTORWAY,MAUNGAWHAU OBR,,Non-Injury Crash,Yes,2023,,North,,0,,Flat,,,,,,Overcast,443600,0,0,0,5,,,0,,,,,,Auckland Region,Nil,1-way,Sealed,,0,0,,80,,Off,0,0,,76,Auckland,Nil,,,,,0,0,Open,0,,,Fine,Null
1751062.7952,5933309.4225,898596,,508807,0,,0,2,,Null,2025/2026,ALBANY HIGHWAY,WHARF ROAD,,Non-Injury Crash,No,2025,,North,,0,,Null,,,,,,Overcast,180201,0,0,0,4,,,0,,,,,,Auckland Region,Nil,2-way,Sealed,,0,0,,50,,Null,0,0,,76,Auckland,Traffic Signals,,,,,0,0,Urban,0,,,Fine,Null
1765219.7431,5909901.793,898598,,521803,0,0,0,2,0,Null,2025/2026,FRANK GREY PLACE,TRENWITH STREET,,Non-Injury Crash,No,2026,0,South,0,0,0,Flat,0,,0,,0,Overcast,788300,0,0,0,2,0,0,0,0,1,,0,0,Auckland Region,Nil,2-way,Sealed,0,0,0,0,50,0,Off,0,0,,76,Auckland,Give way,0,0,0,0,0,0,Urban,0,0,0,Fine,Null
1768785.2058,5881986.7898,898607,,525910,0,0,0,1,0,Null,2025/2026,DUBLIN STREET,SEDDON STREET,,Non-Injury Crash,No,2025,0,East,0,0,0,Flat,0,,0,,1,Dark,818300,0,0,0,2,0,0,0,0,0,,0,0,Auckland Region,Nil,2-way,Sealed,0,0,0,0,50,0,On,0,0,,76,Auckland,Give way,0,0,0,0,0,0,Urban,0,0,0,Light rain,Null
1769596.9687,5903674.8406,898609,,523820,0,,0,2,,North,2024/2025,EUGENIA RISE,SILKWOOD GROVE,,Minor Crash,No,2025,,North,,0,,Flat,,,,,,Dark,760137,2,0,0,2,,,0,,,,,,Auckland Region,Nil,2-way,Sealed,,0,0,,50,,On,0,0,,76,Auckland,Nil,,,,,0,0,Urban,0,,,Fine,Null
1770021.9232,5905500.4321,898613,,523712,0,0,0,2,0,Null,2024/2025,TIR CONAILL AVENUE,DRUMCONNELL DRIVE,,Non-Injury Crash,No,2025,0,West,0,0,0,Flat,0,,0,,0,Dark,713211,0,0,0,2,0,0,0,0,1,,0,0,Auckland Region,Nil,2-way,Sealed,0,0,0,0,50,0,On,0,0,,76,Auckland,Give way,0,0,0,0,0,0,Urban,0,0,0,Fine,Null
1753310.3567,5935260.8025,898617,,508704,0,,0,1,,North,2025/2026,OTEHA VALLEY ROAD,MEDALLION DRIVE,,Non-Injury Crash,No,2025,,South,,0,,Flat,,,,,,Overcast,179110,0,0,0,3,,,0,,,,,,Auckland Region,Nil,2-way,Sealed,,0,0,,60,,Off,1,0,,76,Auckland,Nil,,,,,0,0,Urban,0,,,Fine,Null
1763197.717,5913942.492,898625,,520401,0,0,0,1,0,West,2025/2026,PENROSE ROAD,FITZGERALD ROAD,,Minor Crash,No,2026,0,East,0,0,0,Flat,0,,0,,0,Bright sun,642802,1,0,0,2,0,0,0,0,0,,0,0,Auckland Region,Nil,2-way,Sealed,0,0,0,0,50,0,Off,0,0,,76,Auckland,Nil,1,1,0,0,0,0,Urban,0,0,0,Fine,Null
1770339.4867,5910877.4299,898639,15,523109,0,0,0,1,0,Null,2023/2024,PARKWAY,TOWN CENTRE DRIVE,,Minor Crash,No,2024,0,South,0,0,0,Flat,1,Queens Birthday,0,,0,Overcast,711709,2,0,0,2,0,0,0,0,0,,0,0,Auckland Region,Nil,2-way,Sealed,0,0,0,0,30,0,On,0,0,,76,Auckland,Give way,0,0,0,0,0,0,Urban,0,0,0,Fine,Null
1771955.9907,5897977.8681,898640,,523912,0,,0,2,,Null,2025/2026,WALTERS ROAD,ARION ROAD,,Non-Injury Crash,No,2025,,East,,0,,Flat,,,,,,Dark,766301,0,0,0,2,,,0,,,,,,Auckland Region,Nil,2-way,Sealed,,0,0,,50,,On,0,0,,76,Auckland,Traffic Signals,,,,,0,0,Urban,0,,,Fine,Null
1762503.7924,5913126.0199,898641,,520500,0,,0,1,,South,2023/2024,SOUTHERN MOTORWAY,SOUTH-EASTERN HWY ON RAMP,,Non-Injury Crash,Yes,2023,,North,,0,,Flat,,,,,,Overcast,637200,0,0,0,3,,,0,,,,,,Auckland Region,Nil,1-way,Sealed,,0,0,,100,,Off,0,0,,76,Auckland,Nil,,,,,0,0,Open,1,,,Fine,Null
1755315.0785,5929023.2038,898644,,508420,0,,0,1,,North,2024/2025,WAIRAU ROAD,HILLSIDE ROAD,,Non-Injury Crash,No,2024,,West,,0,,Flat,,,,,,Dark,183800,0,0,0,5,,,0,,,,,,Auckland Region,Nil,2-way,Sealed,,0,0,,50,,On,1,0,,76,Auckland,Nil,,,,,0,0,Urban,0,,,Fine,Null
1786053.9014,5926567.4254,898645,,520801,0,0,0,1,0,South,2023/2024,SECOND AVENUE,THE STRAND,,Non-Injury Crash,No,2024,0,West,0,0,0,Flat,0,,0,,0,Bright sun,515704,0,0,0,2,0,0,0,0,1,,0,0,Auckland Region,Nil,2-way,Sealed,0,0,0,0,50,0,Off,0,0,,76,Auckland,Nil,0,0,0,0,0,0,Urban,1,0,0,Fine,Null
1770172.2557,5881138.134,898648,,525922,0,0,0,1,1,North,2025/2026,NGAHERE ROAD,BIRCH ROAD,,Minor Crash,No,2025,0,North,0,0,0,Hill Road,0,,0,,0,Bright sun,816900,1,0,0,2,0,0,0,0,0,,0,0,Auckland Region,Nil,2-way,Sealed,0,0,0,0,50,0,None,0,0,,76,Auckland,Nil,0,0,0,0,0,0,Urban,0,0,0,Fine,Null
1766738.3008,5905835.0518,898651,,522302,0,,0,3,,East,2023/2024,GREAT SOUTH ROAD,ALLENBY ROAD,,Non-Injury Crash,No,2023,,West,,0,,Flat,,,,,,Twilight,669300,0,0,0,4,,,0,,,,,,Auckland Region,Nil,2-way,Sealed,,0,0,,50,,On,0,0,,76,Auckland,Nil,,,,,0,0,Urban,0,,,Fine,Null
1748959.5501,5970725.3934,898654,,505500,0,,0,1,,South,2024/2025,ELIZABETH STREET,SANDSPIT ROAD,,Non-Injury Crash,No,2024,,North,,0,,Flat,,,,,,Bright sun,140300,0,0,0,3,,,0,,,,,,Auckland Region,Nil,2-way,Sealed,,0,0,,50,,Off,0,0,,76,Auckland,Nil,,,,,1,0,Urban,0,,,Fine,Null
1750535.2352,5913545.3491,898657,,511303,0,,0,1,,Null,2023/2024,PORTAGE ROAD,NEVILLE STREET,,Minor Crash,No,2023,,South,,0,,Flat,,,,,,Bright sun,265400,1,0,0,4,,,0,,,,,,Auckland Region,Nil,2-way,Sealed,,0,0,,50,,Off,0,0,,76,Auckland,Traffic Signals,,,,,0,0,Urban,1,,,Fine,Null
1751533.7696,5916196.3811,898663,,514401,0,0,0,2,0,North,2023/2024,BLOCKHOUSE BAY ROAD,CRADOCK STREET,,Non-Injury Crash,No,2023,0,South,0,0,0,Hill Road,0,,0,,0,Dark,383600,0,0,0,2,0,0,0,0,2,,0,0,Auckland Region,Nil,2-way,Sealed,0,0,0,0,50,0,On,0,0,,76,Auckland,Nil,0,0,0,0,0,0,Urban,1,0,0,Fine,Null
1762247.6555,5906123.2369,898668,,524200,0,0,0,1,0,South,2024/2025,SOUTH-WESTERN MOTORWAY,MASSEY ROAD ON RAMP,,Minor Crash,Yes,2025,0,South,0,0,0,Flat,1,Queens Birthday,0,,0,Dark,728900,1,0,0,2,0,0,0,0,0,,0,0,Auckland Region,Nil,1-way,Sealed,0,0,0,0,100,0,On,0,0,,76,Auckland,Nil,0,0,0,0,0,0,Open,0,0,0,Fine,Null
1768650.9773,5899059.5821,898672,,525102,0,0,0,1,0,South,2024/2025,COXHEAD ROAD,HOBART CRESCENT,,Minor Crash,No,2025,0,South,0,0,0,Null,0,,0,,0,Bright sun,768800,1,0,1,2,0,0,0,0,1,,0,0,Auckland Region,Nil,2-way,Sealed,0,0,0,0,50,0,Null,0,0,,76,Auckland,Nil,0,0,0,0,0,0,Urban,0,0,0,Fine,Null
1755165.1331,5914297.9516,898676,,518803,0,,0,1,,Null,2024/2025,MOUNT ALBERT ROAD,DOMINION ROAD,,Non-Injury Crash,No,2025,,South,,0,,Flat,,,,,,Overcast,580100,0,0,0,4,,,0,,,,,,Auckland Region,Nil,2-way,Sealed,,0,0,,50,,None,1,0,40,76,Auckland,Traffic Signals,,,,,0,0,Urban,0,,,Fine,Null
1753244.4925,5918275.2638,898680,,515003,0,,0,1,,West,2024/2025,NORTH-WESTERN MOTORWAY,ST LUKES ROAD ON RAMP,,Non-Injury Crash,Yes,2025,,West,,0,,Flat,,,,,,Bright sun,390502,0,0,0,4,,,0,,,,,,Auckland Region,Nil,1-way,Sealed,,0,0,,80,,Off,0,0,,76,Auckland,Nil,,,,,0,0,Open,1,,,Fine,Null
1756297.5129,5920411.5725,898681,,514000,0,,0,2,,North,2023/2024,NORTHERN MOTORWAY,WELLINGTON STREET ON RAMP,,Non-Injury Crash,Yes,2024,,North,,0,,Hill Road,,,,,,Bright sun,416800,0,0,0,3,,,0,,,,,,Auckland Region,Nil,1-way,Sealed,,0,0,,80,,Off,0,0,,76,Auckland,Nil,,,,,0,0,Open,0,,,Fine,Null
1754732.5259,5915602.0629,898685,,517702,0,,0,2,,Null,2023/2024,SANDRINGHAM ROAD,LAMBETH ROAD,,Non-Injury Crash,No,2024,,North,,0,,Flat,,,,,,Overcast,541600,0,0,0,1,,,0,,,,,,Auckland Region,Nil,2-way,Sealed,,0,0,,50,,Off,0,0,,76,Auckland,Give way,,,,,0,0,Urban,0,,,Light rain,Null
1772367.7777,5890439.8662,898690,,521203,0,,0,3,,South,2023/2024,KARAKA ROAD,MCPHERSON ROAD,,Minor Crash,Yes,2024,,South,,0,,Flat,,Queens Birthday,,,,Dark,807400,2,0,0,2,,,0,,,,,,Auckland Region,Nil,2-way,Sealed,,0,0,,80,,On,0,0,,76,Auckland,Nil,,,,,0,0,Open,0,,,Fine,Frost
1768700.0423,5881053.4008,898691,,525921,0,,0,2,,Null,2025/2026,WESLEY STREET,QUEEN STREET,,Non-Injury Crash,No,2025,,East,,0,,Flat,,,,,,Overcast,821600,0,0,0,2,,,0,,,,,,Auckland Region,Nil,2-way,Sealed,,0,0,,50,,Off,0,0,,76,Auckland,Give way,,,,,0,0,Urban,0,,,Fine,Null