X,Y,OBJECTID,advisorySpeed,areaUnitID,bicycle,bridge,bus,carStationWagon,cliffBank,crashDirectionDescription,crashFinancialYear,crashLocation1,crashLocation2,crashRoadSideRoad,crashSeverity,crashSHDescription,crashYear,debris,directionRoleDescription,ditch,fatalCount,fence,flatHill,guardRail,holiday,houseOrBuilding,intersection,kerb,light,meshblockId,minorInjuryCount,moped,motorcycle,NumberOfLanes,objectThrownOrDropped,otherObject,otherVehicleType,overBank,parkedVehicle,pedestrian,phoneBoxEtc,postOrPole,region,roadCharacter,roadLane,roadSurface,roadworks,schoolBus,seriousInjuryCount,slipOrFlood,speedLimit,strayAnimal,streetLight,suv,taxi,temporarySpeedLimit,tlaId,tlaName,trafficControl,trafficIsland,trafficSign,train,tree,truck,unknownVehicleType,urban,vanOrUtility,vehicle,waterRiver,weatherA,weatherB
1759053.7576,5903816.2455,898693,,524200,0,,0,1,,Null,2025/2026,GEORGE BOLT MEMORIAL DRIVE,TERMINAL EXIT ROAD,,Non-Injury Crash,No,2025,,South,,0,,Flat,,,,,,Overcast,727200,0,0,0,3,,,0,,,,,,Auckland Region,Nil,1-way,Sealed,,0,0,,50,,Off,1,1,,76,Auckland,Traffic Signals,,,,,0,0,Urban,0,,,Fine,Null
1753512.1446,5932670.2758,898694,,508807,0,,0,1,,North,2023/2024,NORTHERN MOTORWAY,GREVILLE ROAD OFF RAMP,,Non-Injury Crash,Yes,2024,,North,,0,,Hill Road,,,,,,Bright sun,180811,0,0,0,3,,,0,,,,,,Auckland Region,Nil,1-way,Sealed,,0,0,,100,,Off,0,0,,76,Auckland,Nil,,,,,0,0,Open,1,,,Fine,Null
1773726.496,5899794.3027,898695,,523813,0,0,0,1,0,East,2025/2026,AIRFIELD ROAD,MILL ROAD,,Non-Injury Crash,No,2025,0,East,0,0,0,Flat,0,,0,,0,Dark,761000,0,0,0,2,0,0,0,0,0,,0,1,Auckland Region,Nil,2-way,Sealed,0,0,0,0,80,0,On,0,0,,76,Auckland,Nil,0,0,0,0,0,0,Open,0,0,0,Fine,Null
1746300.007,5917291.4178,898700,,510700,0,0,0,2,0,South,2024/2025,MCLEOD ROAD,WILLEM STRAAT,,Minor Crash,No,2024,0,South,0,0,0,Hill Road,0,,0,,0,Overcast,240601,1,0,0,2,0,0,0,0,1,,0,0,Auckland Region,Nil,2-way,Sealed,0,0,0,0,50,0,Off,0,0,,76,Auckland,Nil,0,0,0,0,0,0,Urban,0,0,0,Fine,Null
1755561.7964,5921397.3451,898702,,515202,0,,0,3,,South,2022/2023,NORTHERN MOTORWAY,SHELLY BEACH OBR,,Non-Injury Crash,Yes,2023,,North,,0,,Flat,,,,,,Dark,425600,0,0,0,4,,,0,,,,,,Auckland Region,Nil,1-way,Sealed,,0,0,,80,,On,0,0,,76,Auckland,Nil,,,,,0,0,Open,0,,,Light rain,Null
1762166.4116,5906961.4179,898704,,524302,0,0,0,1,0,Null,2023/2024,MASSEY ROAD,WALTER STREET,,Non-Injury Crash,No,2024,0,South,0,0,1,Flat,0,,0,,1,Dark,743200,0,0,0,2,0,0,0,0,0,,0,0,Auckland Region,Nil,2-way,Sealed,0,0,0,0,50,0,On,0,0,,76,Auckland,Give way,0,0,0,0,0,0,Urban,0,0,0,Fine,Null
1787580.4697,5908749.9292,898706,55,525201,0,,0,1,,West,2023/2024,CLEVEDON-KAWAKAWA ROAD,TOWNSON ROAD,,Minor Crash,No,2024,,East,,0,,Flat,,,,,,Overcast,764700,2,0,0,2,,,0,,,,,,Auckland Region,Nil,2-way,Sealed,,0,0,,80,,None,0,0,,76,Auckland,Nil,,,,,0,0,Open,0,,,Heavy rain,Null
1763369.9948,5908426.0013,898710,,524402,0,,0,2,,Null,2023/2024,MASSEY ROAD,HOSPITAL ROAD,,Non-Injury Crash,No,2023,,North,,0,,Hill Road,,,,,,Twilight,749900,0,0,0,4,,,0,,,,,,Auckland Region,Nil,2-way,Sealed,,0,0,,50,,On,0,0,,76,Auckland,Traffic Signals,,,,,0,0,Urban,0,,,Fine,Null
1751624.9727,5914205.0464,898713,,514402,0,,0,1,,East,2024/2025,TIVERTON ROAD,BLOCKHOUSE BAY ROAD,,Non-Injury Crash,No,2025,,West,,0,,Null,,,,,,Bright sun,380600,0,0,0,5,,,0,,,,,,Auckland Region,Nil,2-way,Sealed,,0,0,,50,,Null,0,0,,76,Auckland,Nil,,,,,0,0,Urban,0,,,Fine,Null
1764933.9337,5903746.5413,898716,,524604,0,,1,2,,East,2024/2025,SOUTH-WESTERN MOTORWAY,CAVENDISH UNDERPASS,,Non-Injury Crash,Yes,2024,,East,,0,,Flat,,,,,,Overcast,781301,0,0,0,2,,,0,,,,,,Auckland Region,Nil,1-way,Sealed,,0,0,,100,,On,0,0,,76,Auckland,Nil,,,,,0,0,Open,0,,,Fine,Null
1783732.0091,5908776.32,898723,45,525201,0,0,0,1,1,South,2023/2024,NORTH ROAD,WHEELER RISE,,Non-Injury Crash,No,2023,0,North,0,0,0,Hill Road,0,,0,,0,Overcast,762700,0,0,0,2,0,0,0,0,0,,0,0,Auckland Region,Nil,2-way,Sealed,0,0,0,0,80,0,Off,0,0,,76,Auckland,Nil,0,0,0,0,0,0,Open,0,0,0,Light rain,Null
1761220.279,5912627.5514,898724,,519500,0,,0,2,,North,2025/2026,MAURICE ROAD,CHURCH STREET,,Non-Injury Crash,No,2025,,North,,0,,Hill Road,,,,,,Bright sun,621700,0,0,0,2,,,0,,,,,,Auckland Region,Nil,2-way,Sealed,,0,0,,50,,Off,0,0,,76,Auckland,Nil,,,,,0,0,Urban,1,,,Fine,Null
1754058.2796,5917905.0673,898730,,515432,0,0,0,1,0,South,2024/2025,WESTERN SPRINGS ROAD,WESTERN SPRINGS ROAD,,Non-Injury Crash,No,2025,0,North,0,0,0,Flat,0,,0,,0,Dark,405700,0,0,0,2,0,0,0,0,1,,0,0,Auckland Region,Nil,2-way,Sealed,0,0,0,0,50,0,On,1,0,,76,Auckland,Nil,0,0,0,0,0,0,Urban,0,0,0,Fine,Null
1757314.2312,5919498.1497,898735,,514301,0,,0,0,,Null,2024/2025,SYMONDS STREET,CITY ROAD,,Serious Crash,No,2025,,North,,0,,Flat,,,,,,Bright sun,440904,0,0,0,4,,,0,,,1,,,Auckland Region,Nil,2-way,Sealed,,0,1,,30,,None,0,0,,76,Auckland,Nil,,,,,0,0,Urban,1,,,Fine,Null
1770201.7934,5914660.5454,898739,,521601,0,0,0,3,0,West,2024/2025,PAKURANGA ROAD,ANGELO AVENUE,,Non-Injury Crash,No,2024,0,East,0,0,0,Hill Road,0,,0,,0,Dark,645200,0,0,0,4,0,0,0,0,2,,0,0,Auckland Region,Nil,2-way,Sealed,0,0,0,0,50,0,On,0,0,,76,Auckland,Nil,0,0,0,0,0,0,Urban,0,0,0,Fine,Null
1754957.1172,5914356.3803,898742,,518803,0,,0,1,,Null,2025/2026,MAY ROAD,GIFFORD AVENUE,,Non-Injury Crash,No,2025,,South,,0,,Null,,,,,,Bright sun,580000,0,0,0,2,,,0,,,,,,Auckland Region,Nil,2-way,Sealed,,0,0,,50,,Null,1,0,,76,Auckland,Stop,,,,,0,0,Urban,0,,,Fine,Null
1768166.2433,5912840.7842,898744,,523000,0,0,0,0,0,East,2023/2024,REEVES ROAD,ALTON TERRACE,,Non-Injury Crash,No,2023,0,East,0,0,1,Flat,0,,0,,0,Overcast,689000,0,0,0,2,0,0,0,0,1,,0,0,Auckland Region,Nil,2-way,Sealed,0,0,0,0,50,0,None,0,0,,76,Auckland,Nil,0,0,0,0,0,0,Urban,1,0,0,Fine,Null
1769276.8624,5901301.8468,898746,,524901,0,0,0,2,0,North,2024/2025,CLAUDE ROAD,ARTHUR ROAD,,Non-Injury Crash,No,2024,0,North,0,0,1,Hill Road,0,,0,,0,Dark,757001,0,0,0,2,0,0,0,0,0,,0,0,Auckland Region,Nil,2-way,Sealed,0,0,0,0,50,0,On,0,0,,76,Auckland,Nil,0,0,0,0,0,0,Urban,0,0,0,Light rain,Null
1755322.3388,5921841.3658,898747,,515202,0,,0,1,,North,2022/2023,NORTHERN MOTORWAY,SHELLY BEACH OBR,,Non-Injury Crash,Yes,2023,,South,,0,,Hill Road,,,,,,Dark,423600,0,0,0,2,,,0,,,,,,Auckland Region,Bridge,1-way,Sealed,,0,0,,80,,On,1,0,,76,Auckland,Nil,,,,,0,0,Open,0,,,Fine,Null
1765925.5349,5905629.6029,898750,,522202,0,0,0,2,0,Null,2023/2024,BIRDWOOD AVENUE,CARRUTH ROAD,,Non-Injury Crash,No,2023,0,South,0,0,0,Flat,0,,0,,0,Dark,665300,0,0,0,2,0,0,0,0,0,,0,1,Auckland Region,Nil,2-way,Sealed,0,0,0,0,50,0,On,0,0,,76,Auckland,Give way,0,0,0,0,0,0,Urban,0,0,0,Mist or Fog,Null
1766155.753,5903367.2719,898751,,524604,0,,0,3,,South,2025/2026,WIRI STATION ROAD,PLUNKET AVENUE,,Minor Crash,No,2025,,North,,0,,Flat,,,,,,Bright sun,780208,3,0,0,4,,,0,,,,,,Auckland Region,Nil,2-way,Sealed,,0,0,,60,,Off,0,0,,76,Auckland,Nil,,,,,0,0,Urban,0,,,Fine,Null
1763050.8108,5912879.0626,898754,,520500,0,,0,1,,West,2022/2023,SOUTHERN MOTORWAY,SH1 OBR,,Non-Injury Crash,Yes,2023,,Null,,0,,Flat,,,,,,Bright sun,637300,0,0,0,3,,,0,,,,,,Auckland Region,Nil,1-way,Sealed,,0,0,,80,,Off,0,0,,76,Auckland,Nil,,,,,1,0,Open,0,,,Fine,Null
1768344.4866,5903562.6823,898756,,523820,0,,0,1,,South,2023/2024,SOUTHERN MOTORWAY,REDOUBT ROAD ON RAMP,,Non-Injury Crash,Yes,2023,,South,,0,,Flat,,,,,,Bright sun,760142,0,0,0,3,,,0,,,,,,Auckland Region,Nil,1-way,Sealed,,0,0,,100,,Off,0,0,,76,Auckland,Nil,,,,,0,1,Open,1,,,Fine,Null
1773437.4047,5891846.9946,898757,,521301,0,0,0,2,0,Null,2022/2023,GREAT SOUTH ROAD,WAIHOEHOE ROAD,,Non-Injury Crash,No,2023,0,North,0,0,0,Flat,0,,0,,0,Overcast,808701,0,0,0,2,0,0,0,0,0,,0,0,Auckland Region,Nil,2-way,Sealed,0,0,0,0,50,0,None,0,0,,76,Auckland,Give way,0,1,0,0,0,0,Urban,0,0,0,Fine,Null
1763782.6017,5919058.1251,898759,,516500,0,,0,2,,Null,2023/2024,KOHIMARAMA ROAD,KEPA ROAD,,Non-Injury Crash,No,2023,,North,,0,,Flat,,,,,,Bright sun,503300,0,0,0,3,,,0,,,,,,Auckland Region,Nil,2-way,Sealed,,0,0,,50,,Off,0,0,,76,Auckland,Traffic Signals,,,,,0,0,Urban,0,,,Fine,Null
1733620.5229,5907691.3279,898761,,513800,0,,0,2,,West,2023/2024,PIHA ROAD,LONE KAURI ROAD,,Serious Crash,No,2024,,East,,0,,Hill Road,,,,,,Dark,282027,0,0,2,2,,,0,,,,,,Auckland Region,Nil,2-way,Sealed,,0,1,,70,,None,0,0,,76,Auckland,Nil,,,,,0,0,Urban,0,,,Fine,Null
1781107.2153,5901123.8358,898762,,525201,0,0,0,1,0,East,2025/2026,TOURIST ROAD,TAITAIA LANE,,Non-Injury Crash,No,2025,0,East,0,0,0,Flat,0,,0,,0,Dark,763900,0,0,0,2,0,0,0,0,0,,0,0,Auckland Region,Nil,2-way,Sealed,0,0,0,0,60,0,None,0,0,,76,Auckland,Nil,0,0,0,0,0,0,Urban,0,0,0,Fine,Null
1764504.8189,5903848.5298,898764,,524604,0,,0,3,,West,2024/2025,PUHINUI ROAD,CAVENDISH DRIVE ON RAMP,,Non-Injury Crash,No,2025,,West,,0,,Flat,,,,,,Overcast,781100,0,0,0,4,,,0,,,,,,Auckland Region,Nil,1-way,Sealed,,0,0,,50,,Off,0,0,,76,Auckland,Nil,,,,,0,0,Urban,0,,,Fine,Null
1765482.2767,5908864.3159,898765,,523403,0,0,0,0,0,North,2023/2024,SOUTHERN MOTORWAY,HIGHBROOK OBR,,Non-Injury Crash,Yes,2023,0,North,0,0,0,Flat,1,,0,,0,Bright sun,700100,0,0,0,3,0,0,0,0,0,,0,0,Auckland Region,Overpass,1-way,Sealed,0,0,0,0,100,0,Off,1,0,,76,Auckland,Nil,0,0,0,0,0,0,Open,0,0,0,Fine,Null
1759889.3032,5906265.6995,898767,,524111,0,0,0,1,0,Null,2024/2025,MASSEY ROAD,PLUMLEY CRESCENT,,Non-Injury Crash,No,2024,0,West,0,0,0,Flat,0,,0,,0,Overcast,740400,0,0,0,2,0,0,0,0,0,,0,0,Auckland Region,Nil,2-way,Sealed,0,0,0,0,50,0,Off,0,0,,76,Auckland,Stop,0,1,0,0,0,0,Urban,0,0,0,Light rain,Null
1737094.6845,5917093.5927,898771,,513800,0,0,0,1,0,South,2024/2025,SCENIC DRIVE,SUMMIT ROAD,,Non-Injury Crash,No,2024,0,North,1,0,0,Flat,0,,0,,0,Overcast,281700,0,0,0,2,0,0,0,0,0,,0,0,Auckland Region,Nil,2-way,Sealed,0,0,0,0,60,0,None,0,0,,76,Auckland,Nil,0,0,0,1,0,0,Urban,0,0,0,Light rain,Null
1760225.6218,5907743.8781,898782,,524121,0,0,0,1,0,South,2025/2026,SOUTH-WESTERN MOTORWAY,SH 20 MANGERE OBR,,Non-Injury Crash,Yes,2025,0,North,0,0,0,Flat,1,,0,,0,Overcast,737600,0,0,0,2,0,0,0,0,0,,0,0,Auckland Region,Overpass,1-way,Sealed,0,0,0,0,100,0,Off,0,0,,76,Auckland,Nil,0,0,0,0,0,0,Open,0,0,0,Light rain,Null
1753415.3178,5927028.2772,898783,,508220,0,0,0,2,0,West,2023/2024,ROBERTS ROAD,GLENFIELD ROAD,,Non-Injury Crash,No,2024,0,West,0,0,0,Hill Road,0,,0,,0,Dark,187700,0,0,0,2,0,0,0,0,1,,0,0,Auckland Region,Nil,2-way,Sealed,0,0,0,0,50,0,Off,0,0,,76,Auckland,Nil,0,0,0,0,0,0,Urban,0,0,0,Fine,Null
1748835.2181,5948078.5116,898784,,505806,0,,0,0,,Null,2024/2025,MILLWATER PARKWAY,BANKSIDE ROAD,,Minor Crash,No,2024,,West,,0,,Flat,,,,,,Bright sun,176501,1,0,0,2,,,0,,,,,,Auckland Region,Nil,2-way,Sealed,,0,0,,50,,Off,1,0,,76,Auckland,Traffic Signals,,,,,0,0,Urban,1,,,Fine,Null
1759472.8635,5910373.8939,898785,,524002,0,,0,1,,North,2025/2026,MAHUNGA DRIVE OFF RAMP,MAHUNGA DRIVE,,Non-Injury Crash,No,2026,,South,,0,,Hill Road,,,,,,Overcast,722400,0,0,0,1,,,0,,,,,,Auckland Region,Motorway ramp,1-way,Sealed,,0,0,,50,,Off,0,0,,76,Auckland,Nil,,,,,0,0,Urban,1,,,Fine,Null
1758043.1007,5881419.3344,898793,,521121,0,0,0,1,0,North,2025/2026,GEARON ROAD,GLENBROOK STATION ROAD,,Non-Injury Crash,No,2025,0,North,0,0,1,Flat,0,,0,,0,Overcast,811805,0,0,0,2,0,0,0,0,0,,0,0,Auckland Region,Nil,2-way,Sealed,0,0,0,0,60,0,None,0,0,,76,Auckland,Nil,0,0,0,0,0,0,Urban,0,0,0,Light rain,Null
1750744.369,5933041.3617,898794,,508806,0,,0,0,,North,2023/2024,ROANOKE WAY,CREWE CLOSE,,Minor Crash,No,2024,,West,,0,,Flat,,,,,,Overcast,179904,1,0,0,2,,,0,,,1,,,Auckland Region,Nil,2-way,Sealed,,0,0,,50,,Off,1,0,,76,Auckland,Nil,,,,,0,0,Urban,0,,,Fine,Null
1756545.3225,5918905.5202,898795,,514200,0,0,0,0,0,Null,2025/2026,NEWTON ROAD,NORTH-WESTERN CYCLEWAY,,Non-Injury Crash,No,2026,0,West,0,0,0,Hill Road,0,,0,,0,Dark,412800,0,0,0,4,0,0,0,0,0,,0,0,Auckland Region,Nil,2-way,Sealed,0,0,0,0,50,0,On,1,0,,76,Auckland,Traffic Signals,0,1,0,0,0,0,Urban,0,0,0,Fine,Null
1762375.7477,5911944.7585,898799,,519500,0,0,0,1,0,North,2025/2026,HUGO JOHNSTON DRIVE,SOUTHPARK PLACE,,Non-Injury Crash,No,2026,0,North,0,0,0,Flat,0,,0,,0,Bright sun,622500,0,0,0,2,0,0,0,0,2,,0,0,Auckland Region,Nil,2-way,Sealed,0,0,0,0,50,0,Off,0,0,,76,Auckland,Nil,0,0,0,0,0,0,Urban,2,0,0,Fine,Strong wind
1745294.2124,5917789.0811,898807,,510700,0,,0,2,,North,2025/2026,SEL PEACOCK DRIVE,WADIER PLACE,,Non-Injury Crash,No,2025,,South,,0,,Null,,,,,,Bright sun,239806,0,0,0,2,,,0,,,,,,Auckland Region,Nil,2-way,Sealed,,0,0,,50,,Null,0,0,,76,Auckland,Nil,,,,,0,0,Urban,0,,,Fine,Null
1783735.721,5926750.5415,898808,,520801,0,0,0,1,1,South,2022/2023,SEA VIEW ROAD,VIEW ROAD,,Non-Injury Crash,No,2023,0,South,0,0,0,Hill Road,0,,0,,0,Bright sun,515203,0,0,0,0,0,0,0,0,0,,0,0,Auckland Region,Nil,2-way,Sealed,0,0,0,0,40,0,Off,0,0,,76,Auckland,Nil,0,0,0,0,0,0,Urban,0,0,0,Fine,Null
1746301.9487,5914883.5928,898810,,511800,0,0,0,1,0,Null,2023/2024,SUNHILL ROAD,SUNNYSIDE ROAD,,Serious Crash,No,2024,0,South,0,0,0,Hill Road,0,,0,,0,Overcast,277500,1,0,0,2,0,0,0,0,0,,0,1,Auckland Region,Nil,2-way,Sealed,0,0,1,0,50,0,Off,0,0,,76,Auckland,Nil,0,0,0,0,0,0,Urban,0,0,0,Light rain,Null
1753090.6257,5916804.8005,898812,35,517800,0,0,0,2,0,Null,2022/2023,NEW NORTH ROAD,ASQUITH AVENUE,,Non-Injury Crash,No,2023,0,East,0,0,0,Flat,0,,0,,0,Dark,527600,0,0,0,4,0,0,0,0,0,,0,0,Auckland Region,Nil,2-way,Sealed,0,0,0,0,50,0,On,0,0,,76,Auckland,Stop,1,0,0,0,0,0,Urban,0,0,0,Light rain,Null
1767947.7345,5883436.7687,898816,45,521111,0,0,0,1,0,East,2023/2024,HEIGHTS ROAD,BEATTY ROAD,,Non-Injury Crash,No,2023,0,East,1,0,0,Flat,0,,0,,0,Dark,813800,0,0,0,2,0,0,0,0,0,,0,0,Auckland Region,Nil,2-way,Sealed,0,0,0,0,80,0,None,0,1,,76,Auckland,Nil,0,0,0,0,0,0,Open,0,0,0,Light rain,Null
1767893.3489,5899233.3848,898817,,525102,0,,0,1,,Null,2025/2026,MAHIA ROAD,VOLANTE AVENUE,,Minor Crash,No,2025,,East,,0,,Flat,,Christmas New Year,,,,Dark,769100,1,0,0,2,,,0,,,,,,Auckland Region,Nil,2-way,Sealed,,0,0,,50,,On,0,0,,76,Auckland,Give way,,,,,0,0,Urban,0,,,Fine,Null
1757705.0319,5918266.429,898820,,518101,0,,0,2,,South,2023/2024,SOUTHERN MOTORWAY,KHYBER PASS ROAD OFF RAMP,,Minor Crash,Yes,2024,,North,,0,,Hill Road,,,,,,Bright sun,543000,1,0,0,5,,,0,,,,,,Auckland Region,Nil,1-way,Sealed,,0,0,,80,,Off,0,0,,76,Auckland,Nil,,,,,0,0,Open,0,,,Fine,Null
1738721.8699,5982686.6039,898821,,506660,0,0,0,0,0,East,2025/2026,WHANGARIPO VALLEY ROAD,RUSTYBROOK ROAD,,Non-Injury Crash,No,2025,0,South,0,0,1,Flat,0,,0,,0,Bright sun,136301,0,0,0,2,0,0,0,1,0,,0,0,Auckland Region,Nil,2-way,Sealed,0,0,0,0,100,0,None,0,0,,76,Auckland,Nil,0,0,0,0,0,0,Open,1,0,0,Fine,Null
1763435.6616,5914849.2397,898823,,520303,0,,0,2,,Null,2025/2026,BANKS ROAD,THOMPSON PARK ROAD,,Non-Injury Crash,No,2025,,West,,0,,Flat,,Christmas New Year,,,,Overcast,626700,0,0,0,2,,,0,,,,,,Auckland Region,Nil,2-way,Sealed,,0,0,,50,,Off,0,1,,76,Auckland,Give way,,,,,0,0,Urban,0,,,Fine,Null
1758151.964,5920183.9447,898825,,514103,0,0,0,0,0,West,2025/2026,CHURCHILL STREET,BEACH ROAD,,Non-Injury Crash,No,2025,0,North,0,0,0,Flat,0,,0,,0,Dark,438203,0,0,0,2,0,0,0,0,0,,0,0,Auckland Region,Nil,2-way,Sealed,0,0,0,0,50,0,On,0,0,,76,Auckland,Nil,1,1,0,0,0,0,Urban,1,0,0,Fine,Null
1763365.1918,5912793.5448,898838,,520500,0,,0,1,,West,2022/2023,SOUTHERN MOTORWAY,MOUNT WELLINGTON HWY OFF RAMP,,Non-Injury Crash,Yes,2023,,Null,,0,,Hill Road,,,,,,Dark,637400,0,0,0,3,,,0,,,,,,Auckland Region,Overpass,1-way,Sealed,,0,0,,100,,On,0,0,,76,Auckland,Nil,,,,,0,0,Open,0,,,Fine,Null
1757566.693,5918445.7971,898842,,518101,0,0,0,1,0,South,2023/2024,SOUTHERN MOTORWAY,BOSTON OBR,,Minor Crash,Yes,2024,0,North,0,0,0,Flat,1,,0,,0,Dark,542700,1,0,0,4,0,0,0,0,0,,0,0,Auckland Region,Nil,1-way,Sealed,0,0,0,0,80,0,On,0,0,,76,Auckland,Nil,0,0,0,0,0,0,Open,0,0,0,Fine,Null
1755185.28,5915162.6967,898858,,518500,0,,0,1,,Null,2025/2026,HAZEL AVENUE,HARDLEY AVENUE,,Serious Crash,No,2026,,East,,0,,Flat,,,,,,Bright sun,559800,0,1,0,2,,,0,,,,,,Auckland Region,Nil,2-way,Sealed,,0,1,,50,,Null,0,0,,76,Auckland,Give way,,,,,0,0,Urban,0,,,Fine,Null
1766918.6186,5900012.0705,898859,,524713,0,0,0,0,0,Null,2023/2024,WEYMOUTH ROAD,ANTALYA PLACE,,Non-Injury Crash,No,2024,0,West,0,0,0,Flat,0,,0,,0,Dark,775805,0,0,0,2,0,0,0,0,0,,0,1,Auckland Region,Nil,2-way,Sealed,0,0,0,0,50,0,On,0,0,,76,Auckland,Give way,0,0,0,1,0,0,Urban,1,0,0,Fine,Null
1763972.6395,5912066.2815,898860,,520500,0,0,0,1,1,Null,2025/2026,MOUNT WELLINGTON HIGHWAY,VESTEY DRIVE,,Non-Injury Crash,No,2025,0,North,0,0,0,Flat,0,,0,,0,Dark,637900,0,0,0,6,0,0,0,0,0,,0,0,Auckland Region,Nil,2-way,Sealed,0,0,0,0,50,0,On,0,0,,76,Auckland,Give way,0,0,0,0,0,0,Urban,0,0,0,Light rain,Null
1766912.5103,5907721.8149,898862,,523501,0,,0,2,,North,2024/2025,BAIRDS ROAD,EAST TAMAKI ROAD,,Non-Injury Crash,No,2025,,South,,0,,Null,,,,,,Overcast,700602,0,0,0,2,,,0,,,,,,Auckland Region,Nil,2-way,Sealed,,0,0,,30,,Null,0,0,,76,Auckland,Nil,,,,,0,0,Urban,0,,,Fine,Null
1759779.4757,5912746.5061,898869,,520000,0,,0,1,,Null,2023/2024,GREY STREET,ALFRED STREET,,Minor Crash,No,2023,,East,,0,,Flat,,,,,,Bright sun,605900,1,0,0,2,,,0,,,,,,Auckland Region,Nil,2-way,Sealed,,0,0,,50,,Off,1,0,,76,Auckland,Stop,,,,,0,0,Urban,0,,,Fine,Null
1767425.3704,5904256.6924,898874,,524604,0,,0,3,,Null,2025/2026,OFF ROAD CAR PARK,,,Serious Crash,No,2026,,North,,0,,Flat,,,,,,Bright sun,780204,0,0,0,0,,,0,,,,,,Auckland Region,Nil,Off road,Sealed,,0,1,,,,Off,0,0,,76,Auckland,Nil,,,,,0,0,Urban,0,,,Fine,Null
1770606.9918,5882240.2832,898886,,525910,0,0,0,1,0,Null,2025/2026,LISLE FARM DRIVE,TWOMEY DRIVE,,Non-Injury Crash,No,2026,0,East,0,0,0,Hill Road,0,,0,,0,Dark,816537,0,0,0,2,0,0,0,0,0,,0,1,Auckland Region,Nil,2-way,Sealed,0,0,0,0,50,0,On,0,0,,76,Auckland,Give way,0,0,0,0,0,0,Urban,0,0,0,Fine,Null
1756458.301,5882602.8206,898889,,521152,0,0,0,0,0,West,2022/2023,GLENBROOK ROAD,WYMER ROAD,,Non-Injury Crash,No,2023,0,East,1,0,0,Flat,0,,0,,0,Dark,834501,0,0,0,2,0,0,0,0,0,,0,0,Auckland Region,Nil,2-way,Sealed,0,0,0,0,80,0,On,0,0,,76,Auckland,Nil,0,0,0,0,0,2,Open,1,0,0,Fine,Null
1757572.2245,5918480.2122,898891,,514302,0,,0,2,,South,2023/2024,SOUTHERN MOTORWAY,BOSTON OBR,,Non-Injury Crash,Yes,2024,,South,,0,,Flat,,,,,,Dark,442100,0,0,0,4,,,0,,,,,,Auckland Region,Overpass,1-way,Sealed,,0,0,,80,,On,1,0,,76,Auckland,Nil,,,,,0,0,Open,0,,,Fine,Null
1742427.3769,5926430.9126,898897,,513410,0,,0,1,,Null,2025/2026,FRED TAYLOR DRIVE,NORTH-WESTERN MOTORWAY,,Non-Injury Crash,No,2025,,North,,0,,Null,,,,,,Overcast,223100,0,0,0,2,,,0,,,,,,Auckland Region,Nil,1-way,Sealed,,0,0,,80,,Null,0,0,,76,Auckland,Give way,,,,,0,0,Open,1,,,Fine,Null
1750641.205,5913000.4333,898904,,511402,0,,0,2,,Null,2022/2023,PORTAGE ROAD,LINKS ROAD,,Non-Injury Crash,No,2023,,North,,0,,Flat,,,,,,Dark,260500,0,0,0,2,,,0,,,,,,Auckland Region,Nil,2-way,Sealed,,0,0,,50,,On,0,0,,76,Auckland,Stop,,,,,0,0,Urban,0,,,Fine,Null
1744773.0733,5923000.2444,898905,,513530,0,0,0,2,1,South,2025/2026,MOIRE ROAD,GRANVILLE DRIVE,,Non-Injury Crash,No,2025,0,North,0,0,0,Hill Road,0,,0,,0,Dark,224407,0,0,0,2,0,0,0,0,1,,0,0,Auckland Region,Nil,2-way,Sealed,0,0,0,0,50,0,On,0,0,,76,Auckland,Nil,0,0,0,0,0,0,Urban,0,0,0,Fine,Null
1768290.8607,5914962.5052,898908,,522810,0,0,0,1,0,East,2022/2023,BUTLEY DRIVE,FISHER PARADE,,Non-Injury Crash,No,2023,0,East,0,0,0,Flat,0,,0,,0,Dark,693001,0,0,0,2,0,0,0,0,1,,0,0,Auckland Region,Nil,2-way,Sealed,0,0,0,0,50,0,On,0,0,,76,Auckland,Nil,0,0,0,0,0,0,Urban,1,0,0,Light rain,Null
1759856.6357,5914279.2828,898917,,519400,0,0,0,2,0,North,2025/2026,TAWA ROAD,KOWHATU ROAD,,Non-Injury Crash,No,2026,0,North,0,0,0,Flat,0,,0,,0,Dark,618300,0,0,0,2,0,0,0,0,1,,0,0,Auckland Region,Nil,2-way,Sealed,0,0,0,0,50,0,On,0,0,,76,Auckland,Nil,0,0,0,0,0,0,Urban,0,0,0,Fine,Null
1762240.5219,5913545.2452,898918,,520500,0,,0,2,,South,2023/2024,SOUTHERN MOTORWAY,PENROSE OBR,,Minor Crash,Yes,2024,,North,,0,,Flat,,,,,,Dark,637100,1,0,0,3,,,0,,,,,,Auckland Region,Nil,1-way,Sealed,,0,0,,100,,On,3,0,,76,Auckland,Nil,,,,,0,0,Open,0,,,Fine,Null
1776696.7457,5894971.9943,898919,55,521301,0,,0,2,,East,2025/2026,HUNUA ROAD,DOMINION ROAD,,Non-Injury Crash,No,2025,,West,,0,,Flat,,,,,,Dark,807900,0,0,0,2,,,0,,,,,,Auckland Region,Nil,2-way,Sealed,,0,0,,60,,None,0,0,,76,Auckland,Nil,,,,,0,0,Urban,0,,,Fine,Null
1756762.6511,5925832.9302,898927,,509702,0,0,0,1,0,South,2023/2024,THE WAREHOUSE WAY,AKORANGA DRIVE,,Non-Injury Crash,No,2023,0,North,0,0,0,Flat,0,,0,,1,Bright sun,364601,0,0,0,2,0,0,0,0,0,,0,0,Auckland Region,Nil,2-way,Sealed,0,0,0,0,50,0,Off,0,0,,76,Auckland,Nil,0,0,0,1,0,0,Urban,0,0,0,Fine,Null