X,Y,OBJECTID,advisorySpeed,areaUnitID,bicycle,bridge,bus,carStationWagon,cliffBank,crashDirectionDescription,crashFinancialYear,crashLocation1,crashLocation2,crashRoadSideRoad,crashSeverity,crashSHDescription,crashYear,debris,directionRoleDescription,ditch,fatalCount,fence,flatHill,guardRail,holiday,houseOrBuilding,intersection,kerb,light,meshblockId,minorInjuryCount,moped,motorcycle,NumberOfLanes,objectThrownOrDropped,otherObject,otherVehicleType,overBank,parkedVehicle,pedestrian,phoneBoxEtc,postOrPole,region,roadCharacter,roadLane,roadSurface,roadworks,schoolBus,seriousInjuryCount,slipOrFlood,speedLimit,strayAnimal,streetLight,suv,taxi,temporarySpeedLimit,tlaId,tlaName,trafficControl,trafficIsland,trafficSign,train,tree,truck,unknownVehicleType,urban,vanOrUtility,vehicle,waterRiver,weatherA,weatherB
1752766.727,5912963.475,898928,,518901,0,,0,1,,South,2025/2026,BOUNDARY ROAD,TERRY STREET,,Non-Injury Crash,No,2025,,North,,0,,Null,,Labour Weekend,,,,Unknown,586400,0,0,0,2,,,0,,,,,,Auckland Region,Nil,2-way,Sealed,,0,0,,50,,Null,0,0,,76,Auckland,Nil,,,,,0,1,Urban,0,,,Fine,Null
1756687.149,5919892.4248,898931,,514102,0,0,0,1,0,Null,2023/2024,NELSON STREET OFF RAMP,UNION STREET,,Non-Injury Crash,No,2023,0,North,0,0,1,Flat,0,Christmas New Year,0,,0,Dark,435500,0,0,0,3,0,0,0,0,0,,0,0,Auckland Region,Motorway ramp,1-way,Sealed,0,0,0,0,50,0,On,0,0,,76,Auckland,Traffic Signals,0,0,0,0,0,0,Urban,1,0,0,Fine,Null
1767435.2029,5904942.1612,898932,,524603,0,,0,2,,Null,2023/2024,GREAT SOUTH ROAD,TE IRIRANGI DRIVE,,Minor Crash,No,2023,,South,,0,,Flat,,,,,,Bright sun,780304,2,0,0,3,,,0,,,,,,Auckland Region,Nil,1-way,Sealed,,0,0,,50,,Off,0,0,,76,Auckland,Traffic Signals,,,,,0,0,Urban,0,,,Fine,Null
1759215.92,5920335.9003,898933,,515902,1,0,0,2,0,East,2025/2026,GLADSTONE ROAD,BALFOUR ROAD,,Minor Crash,No,2026,0,South,0,0,0,Flat,0,,0,,0,Bright sun,454800,2,0,0,2,0,0,0,0,1,,0,0,Auckland Region,Nil,2-way,Sealed,0,0,0,0,50,0,Off,0,0,,76,Auckland,Nil,0,0,0,0,0,0,Urban,0,0,0,Fine,Null
1750230.858,5915248.0601,898934,,514802,0,,0,1,,Null,2023/2024,ASH STREET,SANDY LANE,,Minor Crash,No,2024,,West,,0,,Flat,,,,,,Twilight,386904,1,0,1,4,,,0,,,,,,Auckland Region,Nil,2-way,Sealed,,0,0,,50,,On,0,0,,76,Auckland,Give way,,,,,0,0,Urban,0,,,Light rain,Strong wind
1759411.3103,5910514.2019,898940,,524002,0,,0,1,,South,2023/2024,SOUTH-WESTERN MOTORWAY,MAHUNGA DRIVE OFF RAMP,,Minor Crash,Yes,2023,,South,,0,,Flat,,,,,,Overcast,722400,1,0,0,4,,,0,,,,,,Auckland Region,Nil,1-way,Sealed,,0,0,,100,,Off,0,0,,76,Auckland,Nil,,,,,0,0,Open,1,,,Fine,Null
1762572.9906,5913089.0355,898942,,520402,0,0,0,1,1,West,2023/2024,SOUTHERN MOTORWAY,SOUTH-EASTERN HWY OFF RAMP,,Minor Crash,Yes,2024,0,South,0,0,0,Flat,0,,0,,0,Dark,642400,1,0,0,4,0,0,0,0,0,,0,0,Auckland Region,Nil,1-way,Sealed,0,0,0,0,100,0,On,0,0,,76,Auckland,Nil,0,0,0,0,0,0,Open,0,0,0,Light rain,Null
1743702.2012,5919362.6101,898952,,513212,0,,0,2,,Null,2022/2023,SWANSON ROAD,UNIVERSAL DRIVE,,Non-Injury Crash,No,2023,,South,,0,,Flat,,,,,,Overcast,235600,0,0,0,2,,,0,,,,,,Auckland Region,Nil,2-way,Sealed,,0,0,,50,,Off,0,0,,76,Auckland,Give way,,,,,0,0,Urban,0,,,Fine,Null
1746096.7277,5926861.4791,898958,55,513410,0,0,0,1,1,South,2023/2024,KAURI ROAD,RATA ROAD,,Minor Crash,No,2023,0,North,0,0,0,Flat,0,,0,,0,Overcast,221700,2,0,0,2,0,0,0,0,0,,0,0,Auckland Region,Nil,2-way,Sealed,0,0,0,0,60,0,Off,0,0,,76,Auckland,Nil,0,0,0,0,0,0,Urban,0,0,0,Light rain,Null
1769178.6,5912029.0503,898965,,523107,0,0,0,2,0,Null,2025/2026,BURSWOOD DRIVE,ELDERBERRY ROAD,,Minor Crash,No,2025,0,West,0,0,0,Flat,0,,0,,0,Bright sun,711412,1,0,0,2,0,0,0,0,1,,0,0,Auckland Region,Nil,2-way,Sealed,0,0,0,0,40,0,Off,0,0,,76,Auckland,Give way,0,0,0,0,0,0,Urban,0,0,0,Fine,Null
1766999.9539,5903917.3491,898967,,524604,0,0,0,1,0,East,2025/2026,SOUTH-WESTERN MOTORWAY,LAMBIE DRIVE ON RAMP,,Non-Injury Crash,Yes,2025,0,East,0,0,0,Flat,1,,0,,0,Dark,780209,0,0,0,3,0,0,0,0,0,,0,0,Auckland Region,Nil,1-way,Sealed,0,0,0,0,100,0,On,0,0,,76,Auckland,Nil,0,0,0,0,0,0,Open,0,0,0,Fine,Frost
1751070.953,5933325.2936,898968,,508806,0,,0,1,,Null,2023/2024,ALBANY HIGHWAY,WHARF ROAD,,Minor Crash,No,2024,,South,,0,,Hill Road,,,,,,Overcast,179803,1,0,0,2,,,0,,,,,,Auckland Region,Nil,2-way,Sealed,,0,0,,50,,Off,1,0,,76,Auckland,Traffic Signals,,,,,0,0,Urban,0,,,Fine,Null
1740337.7171,5928672.2708,898970,,505604,0,0,0,0,0,West,2023/2024,OLD RAILWAY ROAD,OLD NORTH ROAD,,Non-Injury Crash,No,2023,0,West,1,0,0,Flat,0,,0,,0,Dark,214501,0,0,0,2,0,0,0,0,0,,0,0,Auckland Region,Nil,2-way,Sealed,0,0,0,0,80,0,None,0,0,,76,Auckland,Nil,0,0,0,0,0,0,Open,1,0,0,Fine,Null
1742326.6864,5921620.9296,898971,,513622,0,,0,1,,South,2025/2026,BIRDWOOD ROAD,RED HILLS ROAD,,Minor Crash,No,2025,,South,,0,,Hill Road,,,,,,Bright sun,226700,3,0,0,2,,,0,,,,,,Auckland Region,Nil,2-way,Sealed,,0,0,,60,,Off,1,0,,76,Auckland,Nil,,,,,0,0,Urban,0,,,Fine,Null
1764292.0678,5908746.2922,898975,,521901,0,0,0,0,0,West,2025/2026,JELLICOE STREET,GREAT SOUTH ROAD,,Non-Injury Crash,No,2025,0,North,0,0,0,Flat,0,,0,,0,Dark,785500,0,0,0,2,0,0,0,0,0,,0,1,Auckland Region,Nil,2-way,Sealed,0,0,0,0,50,0,On,0,0,,76,Auckland,Nil,0,0,0,0,1,0,Urban,0,0,0,Fine,Null
1744042.8672,5915106.8736,898982,,513013,0,0,0,1,0,North,2022/2023,FOREST HILL ROAD,PARRS CROSS ROAD,,Non-Injury Crash,No,2023,0,South,0,0,0,Hill Road,0,,0,,0,Dark,281403,0,0,0,2,0,0,0,0,1,,0,0,Auckland Region,Nil,2-way,Sealed,0,0,0,0,50,0,On,0,0,,76,Auckland,Nil,0,0,0,0,1,0,Urban,0,0,0,Fine,Null
1766748.3649,5906619.9946,898984,,522302,0,0,0,2,0,West,2023/2024,CORNWALL ROAD,PLYMOUTH PLACE,,Non-Injury Crash,No,2023,0,East,0,0,0,Flat,0,,0,,0,Overcast,669900,0,0,0,2,0,0,0,0,1,,0,0,Auckland Region,Nil,2-way,Sealed,0,0,0,0,50,0,Off,0,0,,76,Auckland,Nil,0,0,0,0,0,0,Urban,0,0,0,Light rain,Null
1767802.6683,5904863.4762,898987,,523722,0,,0,1,,North,2025/2026,SOUTHERN MOTORWAY,REDOUBT ROAD OFF RAMP,,Non-Injury Crash,Yes,2025,,South,,0,,Flat,,,,,,Bright sun,715801,0,0,0,4,,,0,,,,,,Auckland Region,Nil,1-way,Sealed,,0,0,,100,,Off,0,0,,76,Auckland,Nil,,,,,0,0,Open,1,,,Fine,Null
1753382.5605,5934034.1014,898992,,508804,0,,0,1,,North,2023/2024,HUGH GREEN DRIVE,CARROWMORE,,Non-Injury Crash,No,2023,,South,,0,,Flat,,,,,,Bright sun,180605,0,1,0,2,,,0,,,,,,Auckland Region,Nil,2-way,Sealed,,0,0,,50,,None,0,0,,76,Auckland,Nil,,,,,0,0,Urban,0,,,Fine,Null
1761329.5294,5906211.1462,899004,,524200,0,,0,1,,Null,2023/2024,MASSEY ROAD,FRIESIAN DRIVE,,Non-Injury Crash,No,2024,,South,,0,,Flat,,,,,,Bright sun,728801,0,0,0,2,,,0,,,,,,Auckland Region,Nil,2-way,Sealed,,0,0,,50,,Off,0,0,,76,Auckland,Stop,,,,,0,0,Urban,1,,,Fine,Null
1756032.531,5920611.1588,899005,,515202,0,,0,2,,Null,2024/2025,HARGREAVES STREET,GUDGEON STREET,,Non-Injury Crash,No,2025,,West,,0,,Hill Road,,,,,,Bright sun,426107,0,0,0,2,,,0,,,,,,Auckland Region,Nil,2-way,Sealed,,0,0,,50,,Off,0,0,,76,Auckland,Give way,,,,,0,0,Urban,0,,,Fine,Null
1770044.4239,5882230.8979,899013,,525910,0,,0,2,,Null,2025/2026,REYNOLDS ROAD,LES FISHER PLACE,,Minor Crash,No,2025,,North,,0,,Null,,,,,,Overcast,816518,1,0,0,2,,,0,,,,,,Auckland Region,Nil,2-way,Sealed,,0,0,,50,,Null,0,0,,76,Auckland,Nil,,,,,0,0,Urban,0,,,Fine,Null
1758650.3844,5918970.7925,899024,,515902,0,,0,2,,Null,2023/2024,TITOKI STREET,MAUNSELL ROAD,,Minor Crash,No,2023,,North,,0,,Flat,,,,,,Overcast,451400,1,0,0,2,,,0,,,,,,Auckland Region,Nil,2-way,Sealed,,0,0,,50,,Off,0,0,,76,Auckland,Stop,,,,,0,0,Urban,0,,,Fine,Null
1768749.5005,5911600.4122,899025,,523112,0,,0,2,,East,2025/2026,TI RAKAU DRIVE,BURSWOOD DRIVE,,Non-Injury Crash,No,2026,,West,,0,,Flat,,,,,,Bright sun,711404,0,0,0,3,,,0,,,,,,Auckland Region,Nil,1-way,Sealed,,0,0,,60,,Off,0,0,,76,Auckland,Nil,,,,,0,0,Urban,0,,,Fine,Null
1769883.3423,5900071.3802,899026,,524902,0,0,0,1,0,South,2022/2023,SOUTHERN MOTORWAY,MANUREWA-TAKANINI ON RAMP,,Non-Injury Crash,Yes,2023,0,North,0,0,0,Hill Road,1,,0,,0,Dark,759200,0,0,0,3,0,0,0,0,0,,0,0,Auckland Region,Nil,1-way,Sealed,0,0,0,0,100,0,On,0,0,,76,Auckland,Nil,0,0,0,0,0,0,Open,0,0,0,Fine,Null
1758202.3012,5920243.1686,899031,,514103,0,0,0,0,0,South,2023/2024,BEACH ROAD,CHURCHILL STREET,,Minor Crash,No,2023,0,South,0,0,0,Flat,0,,0,,0,Dark,438203,1,0,0,2,0,0,0,0,0,,0,1,Auckland Region,Nil,2-way,Sealed,0,0,0,0,30,0,On,1,0,,76,Auckland,Nil,1,0,0,0,0,0,Urban,0,0,0,Fine,Null
1765343.5614,5914581.3715,899032,,520601,0,,0,1,,North,2023/2024,QUEENS ROAD,LUCAS LANE,,Minor Crash,No,2024,,East,,0,,Flat,,,,,,Overcast,631000,1,0,0,2,,,0,,,1,,,Auckland Region,Nil,2-way,Sealed,,0,0,,50,,Off,0,0,,76,Auckland,Nil,,,,,0,0,Urban,0,,,Fine,Null
1756918.238,5917919.0231,899033,,518101,0,0,0,3,0,North,2025/2026,ESPLANADE ROAD,PUKA STREET,,Non-Injury Crash,No,2025,0,South,0,0,0,Flat,0,,0,,0,Dark,543800,0,0,0,2,0,0,0,0,1,,0,0,Auckland Region,Nil,2-way,Sealed,0,0,0,0,30,0,On,0,0,,76,Auckland,Nil,0,0,0,0,0,0,Urban,0,0,0,Fine,Null
1769117.8668,5909722.5937,899037,45,523113,0,0,0,1,0,East,2025/2026,SMALES ROAD,SIR WILLIAM AVENUE,,Non-Injury Crash,No,2025,0,East,0,0,1,Flat,0,,0,,0,Dark,711703,0,0,0,4,0,0,0,0,1,,0,1,Auckland Region,Nil,2-way,Sealed,0,0,0,0,50,0,On,0,0,30,76,Auckland,Nil,0,0,0,0,0,0,Urban,1,0,0,Fine,Null
1753071.5523,5915141.2862,899041,,517903,0,0,0,2,0,North,2025/2026,RICHARDSON ROAD,HENDON AVENUE,,Non-Injury Crash,No,2025,0,North,0,0,0,Flat,0,,0,,0,Bright sun,518100,0,0,0,2,0,0,0,0,1,,0,0,Auckland Region,Nil,2-way,Sealed,0,0,0,0,50,0,Off,0,0,30,76,Auckland,Nil,0,0,0,0,0,0,Urban,0,0,0,Fine,Null
1765457.8939,5908963.1699,899046,,523402,0,0,0,1,0,North,2025/2026,SOUTHERN MOTORWAY,HIGHBROOK OBR,,Non-Injury Crash,Yes,2025,0,South,0,0,0,Flat,0,Christmas New Year,0,,0,Dark,696900,0,0,0,3,0,0,0,0,0,,0,0,Auckland Region,Nil,1-way,Sealed,0,0,0,0,100,0,On,0,0,,76,Auckland,Nil,0,0,0,1,0,0,Open,0,0,0,Fine,Null
1752185.8762,5933544.9998,899057,,508701,0,,0,2,,East,2024/2025,DAIRY FLAT HIGHWAY,UNIVERSITY AVENUE,,Non-Injury Crash,No,2025,,North,,0,,Flat,,,,,,Overcast,178900,0,0,0,2,,,0,,,,,,Auckland Region,Nil,1-way,Sealed,,0,0,,80,,Off,0,0,,76,Auckland,Nil,,,,,0,0,Open,0,,,Fine,Null
1769306.1782,5902341.3156,899058,,524901,0,,0,2,,North,2023/2024,SOUTHERN MOTORWAY,HILL ROAD ON RAMP,,Non-Injury Crash,Yes,2023,,North,,0,,Flat,,,,,,Overcast,755600,0,0,0,3,,,0,,,,,,Auckland Region,Motorway ramp,1-way,Sealed,,0,0,,100,,Off,0,0,,76,Auckland,Nil,,,,,1,0,Open,0,,,Light rain,Null
1763762.6073,5912251.8349,899062,,520500,0,,0,2,,North,2023/2024,PACIFIC RISE,SYLVIA PARK ROAD,,Non-Injury Crash,No,2023,,North,,0,,Flat,,Christmas New Year,,,,Bright sun,637300,0,0,0,2,,,0,,,,,,Auckland Region,Nil,2-way,Sealed,,0,0,,50,,Off,0,0,,76,Auckland,Nil,,,,,0,0,Urban,0,,,Fine,Null
1767415.8851,5910445.6216,899064,,523112,0,,0,2,,East,2023/2024,HIGHBROOK DRIVE,MAURICE PAYKEL PLACE,,Non-Injury Crash,No,2024,,West,,0,,Flat,,,,,,Bright sun,711301,0,0,0,4,,,0,,,,,,Auckland Region,Nil,2-way,Sealed,,0,0,,50,,Off,0,0,30,76,Auckland,Nil,,,,,0,0,Urban,0,,,Fine,Null
1753103.413,5931195.4661,899070,,508807,0,0,0,0,0,West,2023/2024,UPPER HARBOUR HIGHWAY,CARIBBEAN DRIVE,,Minor Crash,Yes,2024,0,East,0,0,0,Flat,1,,0,,0,Overcast,180809,1,0,1,2,0,0,0,0,0,,0,0,Auckland Region,Nil,1-way,Sealed,0,0,0,0,80,0,Off,0,0,,76,Auckland,Nil,0,0,0,0,0,0,Open,0,0,0,Fine,Null
1755856.327,5931180.5252,899072,,508520,0,,0,2,,North,2023/2024,SUNNYNOOK ROAD,TOBAGO PLACE,,Non-Injury Crash,No,2024,,South,,0,,Hill Road,,,,,,Bright sun,190100,0,0,0,2,,,0,,,,,,Auckland Region,Nil,2-way,Sealed,,0,0,,50,,Off,0,0,,76,Auckland,Nil,,,,,0,0,Urban,0,,,Fine,Null
1771794.1779,5906935.2799,899074,,523713,0,,0,1,,Null,2023/2024,ORMISTON ROAD,VALDERAMA DRIVE,,Non-Injury Crash,No,2023,,East,,0,,Flat,,,,,,Dark,712600,0,0,0,4,,,0,,,,,,Auckland Region,Nil,2-way,Sealed,,0,0,,60,,On,0,0,,76,Auckland,Give way,,,,,0,0,Urban,1,,,Fine,Strong wind
1752431.7583,5924901.9036,899075,,510401,0,0,0,1,0,West,2024/2025,WAIPA STREET,MOKOIA ROAD,,Non-Injury Crash,No,2025,0,West,0,0,0,Null,0,,0,,0,Dark,353801,0,0,0,2,0,0,0,0,2,,0,0,Auckland Region,Nil,2-way,Sealed,0,0,0,0,50,0,Null,0,0,,76,Auckland,Nil,0,0,0,0,0,0,Urban,0,0,0,Null,Null
1758302.5957,5928867.943,899076,,507800,0,0,0,1,1,Null,2023/2024,TIRI ROAD,AUDREY ROAD,,Non-Injury Crash,No,2023,0,South,0,0,0,Flat,0,,0,,0,Bright sun,308900,0,0,0,2,0,0,0,0,0,,0,0,Auckland Region,Nil,2-way,Sealed,0,0,0,0,50,0,Off,0,0,,76,Auckland,Nil,0,0,0,1,0,0,Urban,0,0,0,Fine,Null
1748247.501,5945180.1769,899080,,506201,0,,0,2,,Null,2022/2023,PINE VALLEY ROAD,DAIRY FLAT HIGHWAY,,Non-Injury Crash,No,2023,,South,,0,,Hill Road,,,,,,Twilight,176700,0,0,0,2,,,0,,,,,,Auckland Region,Nil,2-way,Sealed,,0,0,,60,,Off,0,0,,76,Auckland,Give way,,,,,0,0,Urban,0,,,Fine,Null
1756884.0712,5916130.301,899081,,518202,1,,0,1,,Null,2025/2026,MOUNT EDEN ROAD,PENCARROW AVENUE,,Serious Crash,No,2025,,South,,0,,Flat,,,,,,Overcast,551401,0,0,0,4,,,0,,,,,,Auckland Region,Nil,2-way,Sealed,,0,1,,50,,Off,0,0,,76,Auckland,Stop,,,,,0,0,Urban,0,,,Fine,Null
1794066.6246,5905937.6602,899082,,525202,0,0,0,0,1,North,2023/2024,KAWAKAWA-ORERE ROAD,FORESTRY ROAD 3,,Non-Injury Crash,No,2023,0,South,0,0,0,Hill Road,0,,0,,0,Dark,765200,0,0,0,2,0,0,0,0,0,,0,0,Auckland Region,Nil,2-way,Sealed,0,0,0,0,100,0,None,0,0,,76,Auckland,Nil,0,0,0,0,0,0,Open,1,0,0,Fine,Null
1771341.993,5900043.6059,899084,,523911,0,,0,2,,Null,2022/2023,PORCHESTER ROAD,POPES ROAD,,Non-Injury Crash,No,2023,,South,,0,,Flat,,,,,,Dark,767100,0,0,0,2,,,0,,,,,,Auckland Region,Nil,2-way,Sealed,,0,0,,50,,On,0,1,,76,Auckland,Stop,,,,,0,0,Urban,0,,,Fine,Null
1771250.3857,5896017.6288,899087,,525540,0,,0,2,,North,2024/2025,SOUTHERN MOTORWAY,PAPAKURA OFF RAMP,,Non-Injury Crash,Yes,2025,,South,,0,,Null,,Easter,,,,Overcast,806205,0,0,0,3,,,0,,,,,,Auckland Region,Nil,1-way,Sealed,,0,0,,100,,Null,0,0,,76,Auckland,Nil,,,,,0,0,Open,0,,,Fine,Null
1754539.3963,5930837.374,899089,,508520,0,,0,3,,North,2024/2025,NORTHERN MOTORWAY,UPPER HARBOUR HWY ON RAMP,,Non-Injury Crash,Yes,2024,,South,,0,,Flat,,,,,,Dark,191104,0,0,0,2,,,0,,,,,,Auckland Region,Motorway ramp,1-way,Sealed,,0,0,,100,,On,0,0,,76,Auckland,Nil,,,,,0,0,Open,0,,,Light rain,Null
1762879.8333,5906456.3943,899091,,524302,0,,0,0,,North,2024/2025,CHEVIOT STREET,RAGLAN STREET,,Non-Injury Crash,No,2025,,South,,0,,Null,,,,,,Unknown,745400,0,0,0,2,,,0,,,,,,Auckland Region,Nil,2-way,Sealed,,0,0,,30,,Null,1,0,,76,Auckland,Nil,,,,,0,1,Urban,0,,,Fine,Null
1752320.2926,5925011.4526,899092,,510401,0,0,0,2,0,South,2022/2023,WAIPA STREET,KAURI ROAD,,Non-Injury Crash,No,2023,0,North,0,0,0,Hill Road,0,,0,,0,Dark,354500,0,0,0,2,0,0,0,0,1,,0,0,Auckland Region,Nil,2-way,Sealed,0,0,0,0,50,0,On,0,0,,76,Auckland,Nil,0,0,0,0,0,0,Urban,0,0,0,Fine,Null
1756767.0639,5926532.8633,899098,,507900,0,,0,3,,North,2023/2024,NORTHERN MOTORWAY,ESMONDE ROAD OFF RAMP,,Non-Injury Crash,Yes,2023,,South,,0,,Flat,,,,,,Dark,303901,0,0,0,3,,,0,,,,,,Auckland Region,Nil,1-way,Sealed,,0,0,,100,,On,0,0,,76,Auckland,Nil,,,,,0,0,Open,1,,,Fine,Null
1760106.0688,5915546.7961,899107,,519400,0,,0,2,,South,2024/2025,GREAT SOUTH ROAD,ATARANGI ROAD,,Non-Injury Crash,No,2025,,South,,0,,Flat,,,,,,Overcast,617100,0,0,0,4,,,0,,,,,,Auckland Region,Nil,2-way,Sealed,,0,0,,50,,Off,0,0,,76,Auckland,Nil,,,,,0,0,Urban,0,,,Fine,Null
1761197.5314,5913073.0713,899109,,519500,0,,0,1,,Null,2024/2025,MAURICE ROAD,STATION ROAD,,Minor Crash,No,2025,,South,,0,,Flat,,,,,,Dark,621700,1,0,0,3,,,0,,,1,,,Auckland Region,Rail xing,2-way,Sealed,,0,0,,50,,On,0,1,30,76,Auckland,Pointsman,,,,,0,0,Urban,0,,,Fine,Null
1759437.7206,5910333.3598,899110,,524002,0,,0,5,,South,2022/2023,SOUTH-WESTERN MOTORWAY,RIMU ROAD ON RAMP,,Non-Injury Crash,Yes,2023,,North,,0,,Flat,,,,,,Bright sun,722400,0,0,0,3,,,0,,,,,,Auckland Region,Nil,1-way,Sealed,,0,0,,100,,Off,0,0,,76,Auckland,Nil,,,,,0,0,Open,1,,,Fine,Null
1779935.9814,5916061.7634,899115,,523300,0,0,0,1,0,West,2025/2026,WHITFORD MARAETAI ROAD,KEANES ROAD,,Non-Injury Crash,No,2025,0,West,0,0,1,Hill Road,0,,0,,0,Bright sun,719400,0,0,0,2,0,0,0,0,0,,0,0,Auckland Region,Nil,2-way,Sealed,0,0,0,0,80,0,Off,0,0,,76,Auckland,Nil,0,0,0,0,0,0,Open,0,0,0,Fine,Strong wind
1767756.705,5904299.5266,899118,,524604,0,,0,1,,Null,2023/2024,MANUKAU STATION ROAD,GREAT SOUTH ROAD,,Non-Injury Crash,No,2024,,Null,,0,,Flat,,,,,,Twilight,780204,0,0,0,4,,,0,,,,,,Auckland Region,Nil,1-way,Sealed,,0,0,,60,,On,0,0,,76,Auckland,Traffic Signals,,,,,0,0,Urban,0,,,Fine,Null
1756559.4794,5930003.996,899119,45,507720,0,0,0,1,0,North,2025/2026,RICHARDS AVENUE,CROWN HILL CLOSE,,Minor Crash,No,2025,0,West,0,0,0,Hill Road,1,,0,,0,Dark,311400,1,0,0,2,0,0,0,0,0,,0,0,Auckland Region,Nil,2-way,Sealed,0,0,0,0,50,0,On,0,0,,76,Auckland,Nil,0,0,0,0,0,0,Urban,0,0,0,Fine,Null
1770460.514,5904575.9853,899120,,523820,0,,0,1,,Null,2023/2024,REDOUBT ROAD,MURPHYS ROAD,,Non-Injury Crash,No,2024,,East,,0,,Flat,,,,,,Bright sun,760000,0,0,0,2,,,0,,,,,,Auckland Region,Nil,2-way,Sealed,,0,0,,80,,Off,0,0,,76,Auckland,Give way,,,,,0,0,Open,1,,,Fine,Null
1757162.3836,5921031.2187,899121,,514101,0,0,0,2,0,Null,2024/2025,CUSTOMS STREET WEST,MARKET LANE,,Non-Injury Crash,No,2025,0,West,0,0,0,Flat,0,,0,,0,Bright sun,433001,0,0,0,2,0,0,0,0,1,,0,0,Auckland Region,Nil,2-way,Sealed,0,0,0,0,30,0,Off,0,0,,76,Auckland,Give way,0,0,0,0,0,0,Urban,0,0,0,Fine,Null
1780122.8548,5901627.7355,899131,,525201,0,0,0,1,0,South,2024/2025,PAPAKURA-CLEVEDON ROAD,RYBURN BR,,Non-Injury Crash,No,2024,0,North,0,0,0,Flat,1,,0,,0,Dark,763300,0,0,0,2,0,0,0,0,0,,0,0,Auckland Region,Bridge,2-way,Sealed,0,0,0,0,100,0,Off,0,0,,76,Auckland,Nil,0,0,0,0,0,0,Open,0,0,0,Fine,Null
1754802.6188,5930557.6279,899136,,508520,0,,0,2,,South,2023/2024,NORTHERN MOTORWAY,UPPER HARBOUR HWY ON RAMP,,Minor Crash,Yes,2024,,South,,0,,Hill Road,,Queens Birthday,,,,Dark,192700,1,0,0,2,,,0,,,,,,Auckland Region,Nil,1-way,Sealed,,0,0,,100,,On,1,0,,76,Auckland,Nil,,,,,0,0,Open,0,,,Light rain,Null
1760678.4288,5907076.1401,899140,,524112,0,,0,0,,Null,2023/2024,BADER DRIVE,ASHGROVE ROAD,,Minor Crash,No,2024,,West,,0,,Flat,,,,,,Dark,737500,1,0,1,2,,,0,,,,,,Auckland Region,Nil,2-way,Sealed,,0,0,,50,,On,0,0,,76,Auckland,Give way,,,,,0,0,Urban,1,,,Fine,Null
1755227.7867,5927581.243,899144,,508620,0,0,0,1,0,South,2022/2023,SUNNYBRAE ROAD,PORANA ROAD,,Non-Injury Crash,No,2023,0,South,0,0,0,Flat,0,,0,,0,Bright sun,202700,0,0,0,2,0,0,0,0,1,,0,0,Auckland Region,Bridge,2-way,Unsealed,0,0,0,0,50,0,Off,1,0,,76,Auckland,Nil,0,0,0,0,0,0,Urban,0,0,0,Fine,Null
1763143.6755,5913038.9475,899145,,520402,0,0,0,1,0,West,2024/2025,JOHNSTON ROAD,RUAWAI ROAD,,Non-Injury Crash,No,2025,0,East,0,0,0,Flat,0,,0,,0,Bright sun,641200,0,0,0,2,0,0,0,0,1,,0,0,Auckland Region,Nil,2-way,Sealed,0,0,0,0,50,0,Null,0,0,,76,Auckland,Nil,0,0,0,0,0,1,Urban,0,0,0,Fine,Null
1761061.9062,5914372.0533,899147,,520202,0,,0,1,,Null,2024/2025,GREAT SOUTH ROAD,ELLERSLIE-PANMURE HIGHWAY,,Non-Injury Crash,No,2024,,South,,0,,Null,,,,,,Bright sun,612200,0,0,0,2,,,0,,,,,,Auckland Region,Nil,1-way,Sealed,,0,0,,50,,Null,0,0,,76,Auckland,Give way,,,,,0,0,Urban,1,,,Fine,Null
1764736.8504,5905758.3661,899149,,522100,0,,0,2,,Null,2024/2025,STATION ROAD,STATION ROAD,,Non-Injury Crash,No,2024,,East,,0,,Flat,,,,,,Overcast,657700,0,0,0,4,,,0,,,,,,Auckland Region,Bridge,2-way,Sealed,,0,0,,50,,Off,0,0,,76,Auckland,Traffic Signals,,,,,0,0,Urban,0,,,Fine,Null
1756839.0595,5915906.3723,899152,,518202,0,,0,0,,Null,2022/2023,BALMORAL ROAD,MOUNT EDEN ROAD,,Non-Injury Crash,No,2023,,West,,0,,Hill Road,,,,,,Bright sun,551700,0,0,0,3,,,0,,,,,,Auckland Region,Nil,1-way,Sealed,,0,0,,50,,Off,0,0,,76,Auckland,Traffic Signals,,,,,2,0,Urban,0,,,Fine,Null
1744429.4761,5969043.816,899154,,506613,0,0,0,1,0,East,2023/2024,WOODCOCKS ROAD,OLD KAIPARA ROAD,,Non-Injury Crash,No,2023,0,East,0,0,1,Hill Road,0,,0,,0,Overcast,145900,0,0,0,2,0,0,0,0,0,,0,0,Auckland Region,Nil,2-way,Sealed,0,0,0,0,60,0,Off,0,0,,76,Auckland,Nil,0,0,0,0,0,0,Urban,0,0,0,Light rain,Null
1766343.4351,5917032.0704,899166,,517001,0,,0,3,,North,2023/2024,ELSTREE AVENUE,TANIWHA STREET,,Non-Injury Crash,No,2024,,South,,0,,Flat,,Queens Birthday,,,,Dark,474600,0,0,0,2,,,0,,,,,,Auckland Region,Nil,2-way,Sealed,,0,0,,50,,On,0,0,,76,Auckland,Nil,,,,,0,0,Urban,0,,,Fine,Null