X,Y,OBJECTID,advisorySpeed,areaUnitID,bicycle,bridge,bus,carStationWagon,cliffBank,crashDirectionDescription,crashFinancialYear,crashLocation1,crashLocation2,crashRoadSideRoad,crashSeverity,crashSHDescription,crashYear,debris,directionRoleDescription,ditch,fatalCount,fence,flatHill,guardRail,holiday,houseOrBuilding,intersection,kerb,light,meshblockId,minorInjuryCount,moped,motorcycle,NumberOfLanes,objectThrownOrDropped,otherObject,otherVehicleType,overBank,parkedVehicle,pedestrian,phoneBoxEtc,postOrPole,region,roadCharacter,roadLane,roadSurface,roadworks,schoolBus,seriousInjuryCount,slipOrFlood,speedLimit,strayAnimal,streetLight,suv,taxi,temporarySpeedLimit,tlaId,tlaName,trafficControl,trafficIsland,trafficSign,train,tree,truck,unknownVehicleType,urban,vanOrUtility,vehicle,waterRiver,weatherA,weatherB
1756208.7226,5924268.5025,899168,,509702,0,0,0,1,0,North,2023/2024,ONEWA ROAD OFF RAMP,NORTHERN MOTORWAY,,Non-Injury Crash,No,2024,0,North,0,0,0,Flat,1,,0,,0,Dark,366700,0,0,0,1,0,0,0,0,0,,0,0,Auckland Region,Motorway ramp,1-way,Sealed,0,0,0,0,80,0,On,0,0,,76,Auckland,Nil,0,0,0,0,0,0,Open,0,0,0,Fine,Null
1759985.2582,5916024.3377,899171,,516002,0,,0,1,,West,2024/2025,GREEN LANE EAST ON RAMP,GREEN LANE EAST ON RAMP,,Non-Injury Crash,No,2025,,North,,0,,Flat,,,,,,Bright sun,492100,0,0,0,1,,,0,,,,,,Auckland Region,Motorway ramp,1-way,Sealed,,0,0,,50,,Off,1,0,40,76,Auckland,Nil,,,,,0,0,Urban,1,,,Fine,Null
1770229.9081,5881539.0351,899174,,525910,0,,1,0,,Null,2024/2025,EAST STREET,NGAHERE ROAD,,Minor Crash,No,2024,,West,,0,,Flat,,,,,,Bright sun,816800,1,0,0,2,,,0,,,,,,Auckland Region,Nil,2-way,Sealed,,0,0,,50,,Off,0,0,,76,Auckland,Give way,,,,,0,0,Urban,1,,,Fine,Null
1745211.6862,5919759.7418,899175,,513301,0,,0,1,,West,2024/2025,UNIVERSAL DRIVE,LINCOLN NORTH CPK ENT,,Non-Injury Crash,No,2024,,West,,0,,Flat,,,,,,Bright sun,232001,0,0,0,5,,,0,,,,,,Auckland Region,Nil,2-way,Sealed,,0,0,,50,,Off,0,0,,76,Auckland,Nil,,,,,0,0,Urban,1,,,Fine,Null
1768520.2967,5883766.8729,899176,,521111,0,,0,1,,North,2023/2024,PAERATA ROAD,BUTCHER ROAD,,Non-Injury Crash,Yes,2023,,South,,0,,Flat,,,,,,Dark,813800,0,0,0,2,,,0,,,,,,Auckland Region,Nil,2-way,Sealed,,0,0,,60,,On,1,0,,76,Auckland,Nil,,,,,0,0,Urban,0,,,Fine,Null
1764346.5118,5914922.9971,899178,,520303,0,,0,2,,East,2023/2024,ELLERSLIE-PANMURE HIGHWAY,MOUNTAIN ROAD,,Minor Crash,No,2023,,West,,0,,Hill Road,,,,,,Bright sun,627500,1,0,0,5,,,0,,,,,,Auckland Region,Nil,2-way,Sealed,,0,0,,50,,Null,0,0,,76,Auckland,Nil,,,,,0,0,Urban,0,,,Fine,Null
1771733.8417,5896873.0764,899179,,525420,0,0,0,1,0,Null,2025/2026,CLIFF ROAD,WHANGAMARU WAY,,Non-Injury Crash,No,2025,0,North,0,0,0,Flat,0,,0,,0,Dark,791101,0,0,0,2,0,0,0,0,1,,0,0,Auckland Region,Nil,2-way,Sealed,0,0,0,0,50,0,On,0,0,,76,Auckland,Nil,0,0,0,0,0,0,Urban,1,0,0,Fine,Null
1780842.0361,5926676.3555,899180,,520801,0,0,0,1,0,North,2022/2023,FISHER STREET,PARK ROAD,,Non-Injury Crash,No,2023,0,East,0,0,1,Hill Road,0,,0,,0,Dark,516601,0,0,0,2,0,0,0,0,0,,0,0,Auckland Region,Nil,2-way,Sealed,0,0,0,0,30,0,On,0,0,,76,Auckland,Nil,0,0,0,0,0,0,Urban,0,0,0,Light rain,Null
1747853.8745,5915261.7898,899182,,511700,0,0,0,1,0,Null,2023/2024,REREWAI PLACE,SABULITE ROAD,,Non-Injury Crash,No,2023,0,West,0,0,0,Flat,0,,0,,0,Dark,271500,0,0,0,2,0,0,0,0,1,,0,0,Auckland Region,Nil,2-way,Sealed,0,0,0,0,50,0,On,0,0,,76,Auckland,Give way,0,0,0,0,1,0,Urban,0,0,0,Fine,Null
1759541.5498,5925307.7142,899189,,508110,0,,0,2,,North,2024/2025,LAKE ROAD,BARDIA STREET,,Non-Injury Crash,No,2025,,South,,0,,Flat,,,,,,Bright sun,319200,0,0,0,2,,,0,,,,,,Auckland Region,Nil,2-way,Sealed,,0,0,,50,,Off,0,0,,76,Auckland,Nil,,,,,0,0,Urban,0,,,Fine,Null
1770858.0019,5913556.5253,899191,,523101,0,0,0,0,0,South,2024/2025,BOTANY ROAD,SHEFFIELD PLACE,,Non-Injury Crash,No,2025,0,South,0,0,0,Flat,0,,0,,0,Dark,710522,0,0,0,2,0,0,0,0,1,,0,0,Auckland Region,Nil,2-way,Sealed,0,0,0,0,50,0,On,0,0,,76,Auckland,Nil,0,0,0,0,1,0,Urban,1,0,0,Fine,Null
1757115.6034,5919092.745,899198,,514301,0,,0,1,,South,2022/2023,SOUTHERN MOTORWAY,SYMONDS OBR,,Non-Injury Crash,Yes,2023,,North,,0,,Flat,,,,,,Overcast,441200,0,0,0,3,,,0,,,,,,Auckland Region,Nil,1-way,Sealed,,0,0,,80,,Off,0,0,,76,Auckland,Nil,,,,,0,0,Open,1,,,Fine,Null
1750366.121,5914420.0794,899199,,511303,0,,0,3,,North,2024/2025,GREAT NORTH ROAD,CRUM AVENUE,,Non-Injury Crash,No,2024,,South,,0,,Flat,,,,,,Bright sun,265700,0,0,0,2,,,0,,,,,,Auckland Region,Nil,2-way,Sealed,,0,0,,50,,None,0,0,,76,Auckland,Nil,,,,,0,0,Urban,0,,,Fine,Null
1738667.5607,5931350.337,899204,55,506653,0,0,0,1,1,North,2023/2024,OLD NORTH ROAD,PINETONE ROAD,,Minor Crash,No,2023,0,North,0,0,0,Hill Road,0,Christmas New Year,0,,0,Dark,217000,1,0,0,2,0,0,0,0,0,,0,0,Auckland Region,Nil,2-way,Sealed,0,0,0,0,80,0,None,0,0,,76,Auckland,Nil,0,0,0,0,0,0,Open,0,0,0,Light rain,Null
1746433.9135,5916615.3764,899206,,510800,0,,0,1,,North,2024/2025,GREAT NORTH ROAD,NORCROSS AVENUE,,Minor Crash,No,2024,,North,,0,,Hill Road,,Christmas New Year,,,,Dark,244001,1,0,0,3,,,0,,,,,,Auckland Region,Nil,2-way,Sealed,,0,0,,50,,On,1,0,,76,Auckland,Nil,,,,,0,0,Urban,0,,,Fine,Null
1751805.9081,5949477.8016,899207,,505805,0,,0,1,,Null,2024/2025,HIBISCUS COAST HIGHWAY,MOENUI AVENUE,,Non-Injury Crash,No,2025,,North,,0,,Flat,,,,,,Bright sun,172107,0,0,1,2,,,0,,,,,,Auckland Region,Nil,2-way,Sealed,,0,0,,30,,Off,0,0,,76,Auckland,Give way,,,,,0,0,Urban,0,,,Fine,Null
1747226.4484,5926727.1275,899208,,513410,0,,0,1,,South,2022/2023,UPPER HARBOUR MOTORWAY,OLD BUCKLEY AVENUE,,Non-Injury Crash,Yes,2023,,North,,0,,Flat,,,,,,Dark,221801,0,0,0,2,,,0,,,,,,Auckland Region,Nil,1-way,Sealed,,0,0,,100,,On,1,0,,76,Auckland,Nil,,,,,0,0,Open,1,,,Light rain,Null
1760136.7376,5908747.1117,899211,,524403,0,,0,1,,South,2024/2025,DONNELL AVENUE,WALMSLEY ROAD,,Non-Injury Crash,No,2024,,North,,0,,Flat,,,,,,Dark,729800,0,0,0,2,,,0,,,,,,Auckland Region,Nil,2-way,Sealed,,0,0,,50,,On,1,0,,76,Auckland,Nil,,,,,0,0,Urban,0,,,Fine,Null
1755092.2467,5929153.9666,899213,,508420,0,,0,2,,Null,2024/2025,WAIRAU ROAD,VIEW ROAD,,Non-Injury Crash,No,2025,,North,,0,,Hill Road,,,,,,Bright sun,183800,0,0,0,5,,,0,,,,,,Auckland Region,Nil,2-way,Sealed,,0,0,,50,,Off,0,0,,76,Auckland,Give way,,,,,0,0,Urban,0,,,Fine,Null
1750219.1387,5915778.5707,899219,,514802,0,0,0,1,0,East,2024/2025,RIVERSDALE ROAD,WAIRAU AVENUE,,Non-Injury Crash,No,2025,0,West,0,0,0,Flat,0,,0,,0,Overcast,386200,0,0,0,2,1,1,0,0,0,,0,0,Auckland Region,Nil,2-way,Sealed,0,0,0,0,50,0,Off,0,0,,76,Auckland,Nil,0,0,0,0,1,0,Urban,0,0,0,Fine,Null
1756675.6977,5919463.959,899220,,514200,0,,0,1,,Null,2023/2024,KARANGAHAPE ROAD,EAST STREET,,Minor Crash,No,2023,,East,,0,,Flat,,,,,,Dark,412000,1,0,0,4,,,0,,,1,,,Auckland Region,Nil,2-way,Sealed,,0,0,,30,,On,0,0,,76,Auckland,Nil,,,,,0,0,Urban,0,,,Fine,Null
1767753.7908,5901816.6772,899232,,524720,0,0,0,2,0,Null,2023/2024,STURDEE ROAD,CLARK STREET,,Minor Crash,No,2024,0,South,0,0,0,Flat,0,,0,,0,Overcast,779900,1,0,0,2,0,0,0,0,0,,0,1,Auckland Region,Nil,2-way,Sealed,0,0,0,0,50,0,Off,0,0,,76,Auckland,Nil,0,0,0,0,0,0,Urban,0,0,0,Light rain,Null
1747625.0369,5930290.2456,899234,,509000,0,,0,0,,South,2024/2025,ATTWOOD ROAD,PAREMOREMO ROAD,,Serious Crash,No,2025,,East,,0,,Flat,,,,,,Dark,179704,1,0,0,2,,,0,,,2,,,Auckland Region,Nil,2-way,Sealed,,0,1,,50,,None,0,0,,76,Auckland,Nil,,,,,0,1,Urban,0,,,Fine,Null
1759874.6865,5908759.299,899236,,524403,0,,0,1,,Null,2023/2024,WALMSLEY ROAD,WALMSLEY ROAD OFF RAMP,,Minor Crash,No,2024,,East,,0,,Flat,,,,,,Overcast,729800,1,0,1,3,,,0,,,,,,Auckland Region,Motorway ramp,2-way,Sealed,,0,0,,60,,Off,0,0,,76,Auckland,Traffic Signals,,,,,0,0,Urban,0,,,Light rain,Null
1736430.6854,5928049.9832,899237,,505605,0,0,0,0,0,North,2025/2026,MOTU ROAD,TAWA ROAD,,Non-Injury Crash,No,2025,0,South,1,0,0,Flat,0,,0,,0,Overcast,215603,0,0,0,2,0,0,0,0,0,,0,0,Auckland Region,Nil,2-way,Sealed,0,0,0,0,60,0,Null,0,0,,76,Auckland,Nil,0,0,0,0,0,0,Urban,1,0,0,Light rain,Null
1765013.6015,5910440.5803,899242,,521801,0,,0,1,,South,2022/2023,SOUTHERN MOTORWAY,PRINCES ST-OTAHUHU ON RAMP,,Non-Injury Crash,Yes,2023,,North,,0,,Flat,,,,,,Bright sun,787200,0,0,1,6,,,0,,,,,,Auckland Region,Nil,2-way,Sealed,,0,0,,100,,Off,0,0,,76,Auckland,Nil,,,,,0,0,Open,0,,,Fine,Null
1743497.3893,5919568.4876,899253,,513212,0,,0,1,,Null,2025/2026,DON BUCK ROAD,WOODSIDE ROAD,,Serious Crash,No,2025,,North,,0,,Flat,,,,,,Dark,235506,0,0,0,2,,,0,,,1,,,Auckland Region,Nil,2-way,Sealed,,0,1,,50,,On,0,0,,76,Auckland,Give way,,,,,0,0,Urban,0,,,Heavy rain,Null
1743686.5007,5919377.9296,899254,,513212,0,,0,2,,Null,2023/2024,SWANSON ROAD,UNIVERSAL DRIVE,,Non-Injury Crash,No,2023,,South,,0,,Flat,,,,,,Dark,235600,0,0,0,4,,,0,,,,,,Auckland Region,Nil,2-way,Sealed,,0,0,,50,,On,0,0,,76,Auckland,Give way,,,,,0,0,Urban,0,,,Fine,Null
1760112.6179,5915088.3327,899259,,519400,0,,0,1,,Null,2024/2025,CAMPBELL ROAD,FERGUSON AVENUE,,Minor Crash,No,2024,,North,,0,,Null,,,,,,Bright sun,617600,1,0,0,2,,,0,,,,,,Auckland Region,Nil,2-way,Sealed,,0,0,,50,,Null,1,0,,76,Auckland,Stop,,,,,0,0,Urban,0,,,Fine,Null
1748566.642,5947556.2107,899265,,506201,0,,0,1,,Null,2025/2026,NORTHERN MOTORWAY,WANUI ROAD OFF RAMP,,Serious Crash,Yes,2025,,North,,0,,Flat,,,,,,Twilight,176603,0,0,0,2,,,0,,,,,,Auckland Region,Motorway ramp,1-way,Sealed,,0,2,,100,,On,1,0,,76,Auckland,Nil,,,,,0,0,Open,0,,,Fine,Null
1757416.2609,5920168.3107,899266,,514103,0,0,0,1,0,North,2023/2024,WELLESLEY STREET EAST,KITCHENER STREET,,Non-Injury Crash,No,2023,0,North,0,0,0,Hill Road,0,,0,,0,Dark,437102,0,0,0,2,0,0,0,0,0,,0,0,Auckland Region,Nil,1-way,Sealed,0,0,0,0,30,0,On,0,0,,76,Auckland,Nil,1,0,0,0,0,0,Urban,0,0,0,Fine,Null
1745214.3374,5918983.9481,899271,,513302,0,,0,2,,Null,2024/2025,LINCOLN ROAD,MOSELLE AVENUE,,Non-Injury Crash,No,2025,,North,,0,,Flat,,,,,,Bright sun,232205,0,0,0,4,,,0,,,,,,Auckland Region,Nil,2-way,Sealed,,0,0,,50,,Null,0,0,,76,Auckland,Give way,,,,,0,0,Urban,0,,,Null,Null
1764372.8557,5903982.1849,899273,,524604,0,,0,3,,West,2025/2026,SOUTH-WESTERN MOTORWAY,PUHINUI ROAD-SH 20B ON RAMP,,Non-Injury Crash,Yes,2025,,South,,0,,Flat,,,,,,Bright sun,781100,0,0,0,2,,,0,,,,,,Auckland Region,Nil,1-way,Sealed,,0,0,,100,,Off,1,0,,76,Auckland,Nil,,,,,0,0,Open,0,,,Fine,Null
1763451.5776,5913903.5168,899274,,520303,0,0,0,1,0,Null,2023/2024,PENROSE ROAD,BARRACK ROAD,,Non-Injury Crash,No,2023,0,West,0,0,0,Hill Road,0,,0,,0,Overcast,627300,0,0,0,4,0,0,0,0,0,,0,1,Auckland Region,Nil,2-way,Sealed,0,0,0,0,50,0,Off,0,0,,76,Auckland,Traffic Signals,0,0,0,0,0,0,Urban,0,0,0,Fine,Null
1755868.1709,5913977.5804,899278,,518500,1,,0,1,,South,2023/2024,MOUNT ALBERT ROAD,SCOUT AVENUE,,Minor Crash,No,2024,,North,,0,,Flat,,,,,,Overcast,563300,1,0,0,2,,,0,,,,,,Auckland Region,Nil,2-way,Sealed,,0,0,,50,,Off,0,0,,76,Auckland,Nil,,,,,0,0,Urban,0,,,Fine,Null
1755287.878,5921813.5992,899280,,515202,0,,0,2,,North,2023/2024,NORTHERN MOTORWAY,CURRAN STREET ON RAMP,,Non-Injury Crash,Yes,2023,,North,,0,,Flat,,,,,,Bright sun,423600,0,0,0,4,,,0,,,,,,Auckland Region,Nil,1-way,Sealed,,0,0,,80,,Off,0,0,,76,Auckland,Nil,,,,,0,0,Open,0,,,Fine,Null
1739477.0768,5919013.2896,899287,,513702,0,0,0,1,0,West,2024/2025,WAITAKERE ROAD,KAY ROAD,,Non-Injury Crash,No,2025,0,South,1,0,0,Hill Road,0,,0,,0,Dark,237100,0,0,0,2,0,0,0,0,0,,0,0,Auckland Region,Nil,2-way,Sealed,0,0,0,0,80,0,None,0,0,,76,Auckland,Nil,0,0,0,0,0,0,Open,0,0,0,Fine,Null
1755210.8322,5918276.704,899288,,515500,0,,0,3,,West,2024/2025,NORTH-WESTERN MOTORWAY,BOND OBR,,Minor Crash,Yes,2024,,East,,0,,Flat,,,,,,Overcast,418800,1,0,0,4,,,0,,,,,,Auckland Region,Nil,1-way,Sealed,,0,0,,80,,Off,0,0,,76,Auckland,Nil,,,,,0,0,Open,0,,,Light rain,Null
1755533.6478,5917911.3605,899291,,517500,0,0,0,2,0,Null,2024/2025,NEW NORTH ROAD,CENTRAL ROAD,,Non-Injury Crash,No,2025,0,East,0,0,0,Null,0,,0,,0,Bright sun,531800,0,0,0,4,0,0,0,0,1,,0,0,Auckland Region,Nil,2-way,Sealed,0,0,0,0,50,0,Null,0,0,,76,Auckland,Stop,0,0,0,0,0,0,Urban,0,0,0,Fine,Null
1750519.595,5947477.5637,899292,,505806,0,0,0,0,0,North,2023/2024,SALTWOOD STREET,MERMAID MEWS,,Non-Injury Crash,No,2024,0,West,0,0,1,Flat,0,,0,,0,Dark,176506,0,0,0,2,0,0,0,0,0,,0,0,Auckland Region,Nil,2-way,Sealed,0,0,0,0,50,0,On,1,0,,76,Auckland,Nil,0,0,0,0,0,0,Urban,0,0,0,Fine,Null
1759267.1344,5888357.3041,899293,,521122,0,1,0,0,0,East,2025/2026,KINGSEAT ROAD,MCKENZIE ROAD,,Minor Crash,No,2025,0,East,0,0,0,Flat,0,,0,,0,Overcast,810800,2,0,0,2,0,0,0,0,0,,0,0,Auckland Region,Nil,2-way,Sealed,0,0,0,0,80,0,Off,0,0,,76,Auckland,Nil,0,0,0,0,0,0,Open,1,0,0,Light rain,Null
1747807.3381,5910250.8876,899294,,512000,0,0,0,1,0,North,2023/2024,OTITORI BAY ROAD,TANEKAHA ROAD,,Minor Crash,No,2024,0,North,0,0,0,Hill Road,0,,0,,0,Dark,296100,1,0,0,2,0,0,0,1,0,,0,0,Auckland Region,Nil,2-way,Sealed,0,0,0,0,50,0,None,0,0,,76,Auckland,Nil,0,0,0,0,0,0,Urban,0,0,0,Fine,Null
1746895.4977,5915213.5614,899296,,511800,0,,0,2,,South,2023/2024,GREAT NORTH ROAD,AWAROA ROAD,,Non-Injury Crash,No,2024,,South,,0,,Hill Road,,,,,,Bright sun,277902,0,0,0,4,,,0,,,,,,Auckland Region,Nil,2-way,Sealed,,0,0,,50,,Off,0,0,,76,Auckland,Nil,,,,,0,0,Urban,0,,,Fine,Null
1742470.0011,5926412.7437,899297,,513410,0,,0,1,,Null,2024/2025,SH 16,NORTH-WESTERN MOTORWAY,,Minor Crash,Yes,2025,,North,,0,,Flat,,,,,,Overcast,223100,1,0,1,2,,,0,,,,,,Auckland Region,Nil,1-way,Sealed,,0,0,,80,,Off,0,0,,76,Auckland,Give way,,,,,0,0,Open,0,,,Fine,Null
1766352.4897,5903428.6408,899301,,524604,0,,0,2,,Null,2024/2025,WIRI STATION ROAD,PLUNKET AVENUE,,Non-Injury Crash,No,2024,,West,,0,,Null,,,,,,Bright sun,780403,0,0,0,2,,,0,,,,,,Auckland Region,Nil,1-way,Sealed,,0,0,,50,,Off,0,0,,76,Auckland,Traffic Signals,,,,,0,0,Urban,0,,,Fine,Null
1767582.4127,5904620.878,899306,,524604,0,,1,0,,Null,2023/2024,GREAT SOUTH ROAD,RONWOOD AVENUE,,Non-Injury Crash,No,2023,,North,,0,,Flat,,,,,,Dark,780204,0,0,0,3,,,0,,,,,,Auckland Region,Nil,1-way,Sealed,,0,0,,60,,On,0,0,30,76,Auckland,Traffic Signals,,,,,0,0,Urban,1,,,Fine,Null
1757630.5023,5919853.7899,899308,,514103,0,,0,1,,Null,2024/2025,SYMONDS STREET,ST PAUL STREET,,Minor Crash,No,2024,,North,,0,,Flat,,,,,,Dark,436901,1,0,1,3,,,0,,,,,,Auckland Region,Nil,1-way,Sealed,,0,0,,30,,On,0,0,,76,Auckland,Give way,,,,,0,0,Urban,0,,,Fine,Null
1770854.0853,5899847.6273,899309,,523911,0,0,0,1,0,Null,2024/2025,TAKANINI SCHOOL ROAD,POPES ROAD,,Non-Injury Crash,No,2025,0,North,1,0,0,Flat,0,,0,,0,Dark,766600,0,0,0,2,0,0,0,0,0,,0,0,Auckland Region,Nil,2-way,Sealed,0,0,0,0,50,0,Off,0,0,,76,Auckland,Give way,0,0,0,1,0,0,Urban,0,0,0,Light rain,Frost
1743666.8733,5914625.7728,899311,,513020,0,0,0,1,0,North,2024/2025,FOREST HILL ROAD,HOLDENS ROAD,,Non-Injury Crash,No,2025,0,South,0,0,1,Flat,0,,0,,0,Bright sun,281201,0,0,0,2,0,0,0,0,0,,0,0,Auckland Region,Nil,2-way,Sealed,0,0,0,0,50,0,Off,1,0,,76,Auckland,Nil,0,0,0,0,0,0,Urban,0,0,0,Fine,Null
1732177.9038,5937326.102,899312,45,506648,0,0,0,1,0,East,2024/2025,OLD NORTH ROAD,INLAND ROAD,,Minor Crash,No,2024,0,South,1,0,0,Flat,0,,0,,0,Overcast,212200,1,0,0,2,0,0,0,0,0,,0,0,Auckland Region,Nil,2-way,Sealed,0,0,0,0,80,0,Off,0,0,,76,Auckland,Nil,0,0,0,0,0,0,Open,0,0,0,Light rain,Null
1771961.2028,5901369.9538,899316,,523813,0,0,0,0,1,West,2024/2025,ALFRISTON ROAD,MILL ROAD,,Minor Crash,No,2024,0,East,0,0,0,Flat,0,,0,,0,Dark,759600,1,0,0,2,0,0,0,0,0,,0,0,Auckland Region,Nil,2-way,Sealed,0,0,0,0,80,0,None,1,0,,76,Auckland,Nil,0,0,0,1,0,0,Open,0,0,0,Light rain,Null
1751529.2132,5916938.2489,899317,,514900,0,,0,1,,Null,2025/2026,FIR STREET,TUTUKI STREET,,Non-Injury Crash,No,2025,,North,,0,,Null,,,,,,Overcast,384400,0,0,0,2,,,0,,,1,,,Auckland Region,Nil,2-way,Sealed,,0,0,,30,,Null,0,0,,76,Auckland,Nil,,,,,0,0,Urban,0,,,Fine,Null
1770275.0795,5906375.1778,899324,,523713,0,,0,1,,Null,2023/2024,FLAT BUSH SCHOOL ROAD,HIKUAWA ROAD,,Minor Crash,No,2023,,East,,0,,Flat,,,,,,Bright sun,713100,1,0,0,2,,,0,,,,,,Auckland Region,Nil,2-way,Sealed,,0,0,,50,,Off,1,0,,76,Auckland,Give way,,,,,0,0,Urban,0,,,Fine,Null
1755631.0045,5924629.5338,899326,,509800,0,,0,2,,Null,2024/2025,ONEWA ROAD,QUEEN STREET,,Minor Crash,No,2025,,West,,0,,Hill Road,,,,,,Bright sun,360500,2,0,0,4,,,0,,,,,,Auckland Region,Nil,2-way,Sealed,,0,0,,50,,Off,0,0,,76,Auckland,Traffic Signals,,,,,0,0,Urban,0,,,Fine,Null
1755728.0542,5924590.8968,899329,,509800,0,,0,2,,West,2025/2026,ONEWA ROAD,BRUCE STREET,,Non-Injury Crash,No,2025,,East,,0,,Null,,,,,,Unknown,360500,0,0,0,4,,,0,,,,,,Auckland Region,Nil,2-way,Sealed,,0,0,,50,,Null,0,0,,76,Auckland,Nil,,,,,0,0,Urban,0,,,Fine,Null
1770149.0074,5909076.4696,899331,,523114,0,,0,2,,Null,2025/2026,CHAPEL ROAD,GRACECHURCH DRIVE,,Minor Crash,No,2025,,South,,0,,Flat,,,,,,Bright sun,712136,1,0,0,1,,,0,,,,,,Auckland Region,Nil,2-way,Sealed,,0,0,,60,,Off,0,0,,76,Auckland,Give way,,,,,0,0,Urban,0,,,Fine,Null
1764010.5449,5904245.5672,899332,,524604,0,,0,0,,Null,2023/2024,PUHINUI ROAD,PUHINUI ROAD-SH 20B ON RAMP,,Non-Injury Crash,No,2023,,North,,0,,Flat,,,,,,Dark,781100,0,0,0,1,,,0,,,,,,Auckland Region,Motorway ramp,1-way,Sealed,,0,0,,50,,On,1,0,,76,Auckland,Traffic Signals,,,,,0,0,Urban,1,,,Fine,Null
1768129.7213,5881620.7575,899333,,525910,0,0,0,2,0,Null,2025/2026,MONTGOMERY AVENUE,PRINCES STREET,,Minor Crash,No,2025,0,North,0,0,0,Flat,0,,0,,0,Overcast,820100,1,0,0,2,0,0,0,0,1,,0,0,Auckland Region,Nil,2-way,Sealed,0,0,0,0,50,0,Off,0,0,,76,Auckland,Nil,0,0,0,0,0,0,Urban,0,0,0,Fine,Null
1744810.3037,5923666.3659,899334,,513521,0,0,0,1,0,North,2024/2025,SUMICH PLACE,KAYLE GLEN,,Non-Injury Crash,No,2024,0,South,0,0,0,Hill Road,0,,0,,0,Bright sun,224238,0,0,0,2,0,0,0,0,0,,2,0,Auckland Region,Nil,2-way,Sealed,0,0,0,0,50,0,Off,0,0,,76,Auckland,Nil,0,0,0,0,0,0,Urban,0,0,0,Fine,Null
1755881.2382,5913198.3082,899336,,518701,0,,0,1,,West,2022/2023,SOUTH-WESTERN MOTORWAY,HAYR OBR,,Non-Injury Crash,Yes,2023,,East,,0,,Flat,,,,,,Bright sun,573800,0,0,0,3,,,0,,,,,,Auckland Region,Nil,1-way,Sealed,,0,0,,100,,Off,0,0,,76,Auckland,Nil,,,,,0,0,Open,0,,,Fine,Null
1756644.149,5919451.877,899340,,514200,0,,1,0,,Null,2023/2024,KARANGAHAPE ROAD,BOARDMAN LANE,,Minor Crash,No,2023,,East,,0,,Flat,,,,,,Bright sun,412000,1,0,0,4,,,0,,,1,,,Auckland Region,Nil,2-way,Sealed,,0,0,,30,,Off,0,0,,76,Auckland,Nil,,,,,0,0,Urban,0,,,Light rain,Null
1753395.3252,5925961.8911,899343,,508220,0,,0,2,,East,2024/2025,ESKDALE ROAD,ESKDALE ROAD,,Non-Injury Crash,No,2025,,East,,0,,Hill Road,,,,,,Bright sun,189303,0,0,0,2,,,0,,,,,,Auckland Region,Nil,2-way,Sealed,,0,0,,50,,Off,0,0,,76,Auckland,Nil,,,,,0,0,Urban,0,,,Fine,Null
1792810.1414,5908635.1004,899350,,525202,0,0,0,1,0,West,2024/2025,CLEVEDON-KAWAKAWA ROAD,KAWAKAWA-ORERE ROAD,,Minor Crash,No,2024,0,West,1,0,0,Flat,0,,0,,0,Overcast,764902,1,0,0,2,0,0,0,0,0,,0,0,Auckland Region,Nil,2-way,Sealed,0,0,0,0,50,0,Off,0,0,,76,Auckland,Nil,0,0,0,0,0,0,Urban,0,0,0,Fine,Null
1762454.5694,5917035.2539,899351,,516302,0,0,0,3,0,Null,2025/2026,REMUERA ROAD,WAIATARUA ROAD,,Serious Crash,No,2026,0,South,0,0,1,Hill Road,0,,0,,0,Bright sun,463104,2,0,0,4,0,0,0,0,1,,0,0,Auckland Region,Nil,2-way,Sealed,0,0,1,0,50,0,Off,1,0,,76,Auckland,Give way,0,0,0,0,0,0,Urban,0,0,0,Fine,Null
1758267.1378,5913995.3948,899356,,519300,0,,0,0,,Null,2022/2023,OFFROAD ONE TREE HILL DRIVE,,,Minor Crash,No,2023,,West,,0,,Flat,,,,,,Bright sun,624900,1,0,1,2,,,0,,,,,,Auckland Region,Nil,2-way,Sealed,,0,0,,30,,None,0,0,,76,Auckland,Nil,,,,,0,0,Urban,0,,,Fine,Null
1766332.7887,5908176.745,899361,,523402,0,,0,1,,West,2025/2026,BAIRDS ROAD,OTARA ROAD,,Minor Crash,No,2025,,East,,0,,Flat,,,,,,Overcast,698100,1,0,0,1,,,0,,,1,,,Auckland Region,Nil,2-way,Sealed,,0,0,,50,,Off,0,0,,76,Auckland,Nil,,,,,0,0,Urban,0,,,Fine,Null
1769746.5581,5901488.2759,899368,,523814,0,0,0,1,0,North,2023/2024,SOUTHERN MOTORWAY,ALFRISTON OBR,,Minor Crash,Yes,2023,0,South,0,0,0,Hill Road,1,,0,,0,Dark,759510,1,0,0,3,0,0,0,0,0,,0,0,Auckland Region,Nil,1-way,Sealed,0,0,0,0,100,0,On,1,0,,76,Auckland,Nil,0,0,0,0,0,0,Open,1,0,0,Fine,Null
1768553.4331,5903207.759,899369,,523820,0,,0,1,,South,2023/2024,SOUTHERN MOTORWAY,SOUTH-WESTERN MOTORWAY,,Minor Crash,Yes,2023,,South,,0,,Flat,,,,,,Bright sun,760121,1,0,0,4,,,0,,,,,,Auckland Region,Nil,1-way,Sealed,,0,0,,100,,None,0,0,,76,Auckland,Nil,,,,,1,0,Open,0,,,Fine,Null