X,Y,OBJECTID,advisorySpeed,areaUnitID,bicycle,bridge,bus,carStationWagon,cliffBank,crashDirectionDescription,crashFinancialYear,crashLocation1,crashLocation2,crashRoadSideRoad,crashSeverity,crashSHDescription,crashYear,debris,directionRoleDescription,ditch,fatalCount,fence,flatHill,guardRail,holiday,houseOrBuilding,intersection,kerb,light,meshblockId,minorInjuryCount,moped,motorcycle,NumberOfLanes,objectThrownOrDropped,otherObject,otherVehicleType,overBank,parkedVehicle,pedestrian,phoneBoxEtc,postOrPole,region,roadCharacter,roadLane,roadSurface,roadworks,schoolBus,seriousInjuryCount,slipOrFlood,speedLimit,strayAnimal,streetLight,suv,taxi,temporarySpeedLimit,tlaId,tlaName,trafficControl,trafficIsland,trafficSign,train,tree,truck,unknownVehicleType,urban,vanOrUtility,vehicle,waterRiver,weatherA,weatherB
1763084.6642,5912881.3361,899372,,520402,0,,0,3,,East,2022/2023,SOUTHERN MOTORWAY,SOUTH-EASTERN HWY OFF RAMP,,Non-Injury Crash,Yes,2023,,East,,0,,Hill Road,,,,,,Overcast,642500,0,0,0,3,,,0,,,,,,Auckland Region,Nil,1-way,Sealed,,0,0,,100,,On,0,0,,76,Auckland,Nil,,,,,1,0,Open,1,,,Heavy rain,Null
1765574.1072,5916191.8474,899375,,517100,0,,0,2,,Null,2024/2025,PILKINGTON ROAD,TRIPOLI ROAD,,Non-Injury Crash,No,2025,,North,,0,,Flat,,,,,,Bright sun,479400,0,0,0,1,,,0,,,,,,Auckland Region,Nil,1-way,Sealed,,0,0,,50,,Off,0,0,,76,Auckland,Give way,,,,,0,0,Urban,0,,,Fine,Null
1761058.6171,5915039.7423,899386,,520201,0,,0,3,,South,2025/2026,SOUTHERN MOTORWAY,MAIN OBR,,Non-Injury Crash,Yes,2025,,North,,0,,Flat,,,,,,Bright sun,613500,0,0,0,4,,,0,,,,,,Auckland Region,Bridge,1-way,Sealed,,0,0,,100,,Off,2,0,,76,Auckland,Nil,,,,,0,0,Open,0,,,Fine,Null
1757403.3752,5931570.9098,899388,,507500,0,0,0,2,0,East,2024/2025,RED BLUFF RISE,BEACH ROAD,,Non-Injury Crash,No,2025,0,East,0,0,0,Hill Road,0,,0,,0,Dark,148400,0,0,0,2,0,0,0,0,1,,0,0,Auckland Region,Nil,2-way,Sealed,0,0,0,0,50,0,None,0,0,,76,Auckland,Nil,0,0,0,0,0,0,Urban,0,0,0,Fine,Null
1772773.7712,5896431.4938,899389,,525420,0,0,0,1,0,Null,2023/2024,O'SHANNESSEY STREET,BROADWAY,,Minor Crash,No,2024,0,South,0,0,0,Flat,0,,1,,0,Dark,792800,1,0,0,2,0,0,0,0,0,,0,0,Auckland Region,Nil,2-way,Sealed,0,0,0,0,50,0,On,0,0,,76,Auckland,Traffic Signals,0,0,0,0,0,0,Urban,0,0,0,Fine,Null
1758498.1014,5911842.5018,899391,,519810,0,,0,2,,South,2023/2024,WHARANGI STREET,PRINCES STREET,,Non-Injury Crash,No,2023,,East,,0,,Flat,,,,,,Overcast,601500,0,0,0,2,,,0,,,,,,Auckland Region,Nil,2-way,Sealed,,0,0,,50,,None,0,0,,76,Auckland,Nil,,,,,0,0,Urban,0,,,Fine,Null
1765855.7071,5907171.1561,899403,,522301,0,,0,1,,South,2023/2024,EAST TAMAKI ROAD,WINTERE ROAD,,Minor Crash,No,2024,,South,,0,,Flat,,,,,,Bright sun,666400,1,0,1,4,,,0,,,,,,Auckland Region,Nil,2-way,Sealed,,0,0,,50,,Off,0,0,,76,Auckland,Nil,,,,,0,0,Urban,0,,,Fine,Null
1764687.4574,5905258.2905,899404,,522100,0,,0,2,,Null,2025/2026,VERDI STREET,RAMSEY STREET,,Non-Injury Crash,No,2025,,South,,0,,Null,,,,,,Bright sun,659900,0,0,0,2,,,0,,,,,,Auckland Region,Nil,2-way,Sealed,,0,0,,50,,Null,0,0,,76,Auckland,Give way,,,,,0,0,Urban,0,,,Fine,Null
1759320.1936,5918705.2507,899405,,515901,0,0,0,1,0,Null,2023/2024,AYR STREET,BRIGHTON ROAD,,Non-Injury Crash,No,2023,0,South,0,0,0,Hill Road,0,,0,,1,Twilight,456900,0,0,0,2,0,0,0,0,0,,0,0,Auckland Region,Nil,1-way,Sealed,0,0,0,0,50,0,On,0,0,,76,Auckland,Give way,0,0,0,0,0,0,Urban,0,0,0,Fine,Null
1758728.1509,5922947.8377,899406,,509500,0,,1,1,,East,2025/2026,STANLEY POINT ROAD,FIRST AVENUE,,Non-Injury Crash,No,2025,,North,,0,,Flat,,,,,,Unknown,334600,0,0,0,2,,,0,,,,,,Auckland Region,Nil,2-way,Sealed,,0,0,,50,,Null,0,0,,76,Auckland,Nil,,,,,0,0,Urban,0,,,Fine,Null
1752072.0682,5938385.1564,899409,,506300,0,0,0,1,0,South,2023/2024,NORTHERN MOTORWAY,WRIGHT OBR,,Serious Crash,Yes,2024,0,North,0,0,0,Flat,2,,0,,0,Dark,176101,0,0,0,2,0,0,0,0,0,,0,0,Auckland Region,Nil,1-way,Sealed,0,0,1,0,100,0,None,0,0,,76,Auckland,Nil,0,0,0,0,0,0,Open,0,0,0,Fine,Null
1771301.2077,5895845.4709,899413,,525540,0,0,0,0,0,South,2022/2023,SOUTHERN MOTORWAY,PAPAKURA OFF RAMP,,Non-Injury Crash,Yes,2023,0,South,0,0,0,Flat,1,,0,,0,Dark,806208,0,0,0,2,0,0,0,0,0,,0,0,Auckland Region,Motorway ramp,1-way,Sealed,0,0,0,0,100,0,On,0,0,80,76,Auckland,Nil,0,0,0,0,1,0,Open,0,0,0,Fine,Null
1752083.4981,5946906.3462,899416,,506001,0,,0,1,,West,2025/2026,WHANGAPARAOA ROAD,RED BEACH ROAD,,Non-Injury Crash,No,2025,,East,,0,,Hill Road,,,,,,Overcast,175501,0,0,0,4,,,0,,,,,,Auckland Region,Nil,2-way,Sealed,,0,0,,50,,Off,0,0,,76,Auckland,Nil,,,,,0,0,Urban,1,,,Fine,Null
1751544.4014,5912343.0064,899420,15,514700,0,,0,2,,Null,2025/2026,KINROSS STREET,DONOVAN STREET,,Minor Crash,No,2025,,South,,0,,Flat,,,,,,Dark,368000,1,0,0,2,,,0,,,,,,Auckland Region,Nil,1-way,Sealed,,0,0,,50,,On,0,0,,76,Auckland,Give way,,,,,0,0,Urban,0,,,Fine,Null
1757352.1939,5918427.5073,899424,,518101,0,,0,1,,East,2025/2026,LAUDER ROAD,NORMANBY ROAD,,Minor Crash,No,2025,,West,,0,,Flat,,,,,,Bright sun,542700,1,0,0,2,,,0,,,,,,Auckland Region,Speed hump,2-way,Sealed,,0,0,,50,,Off,1,0,,76,Auckland,Nil,,,,,0,0,Urban,0,,,Fine,Null
1771088.6434,5896517.8514,899425,,521201,0,,0,1,,North,2023/2024,SOUTHERN MOTORWAY,PAPAKURA ON RAMP,,Non-Injury Crash,Yes,2023,,North,,0,,Flat,,Christmas New Year,,,,Overcast,806604,0,0,0,2,,,0,,,,,,Auckland Region,Motorway ramp,1-way,Sealed,,0,0,,100,,None,1,0,,76,Auckland,Nil,,,,,0,0,Open,0,,,Light rain,Null
1775708.377,5885711.9958,899428,,521132,0,,0,2,,South,2024/2025,SOUTHERN MOTORWAY,RAMARAMA OFF RAMP,,Non-Injury Crash,Yes,2024,,North,,0,,Null,,,,,,Bright sun,814100,0,0,0,2,,,0,,,,,,Auckland Region,Nil,1-way,Sealed,,0,0,,50,,Null,0,0,,76,Auckland,Nil,,,,,0,0,Urban,0,,,Null,Null
1743356.1406,5923740.098,899429,,513410,0,,0,2,,Null,2024/2025,TE ORANUI WAY,FRED TAYLOR DRIVE,,Minor Crash,No,2024,,South,,0,,Hill Road,,,,,,Overcast,224000,1,0,0,2,,,0,,,,,,Auckland Region,Nil,1-way,Sealed,,0,0,,50,,Off,0,0,,76,Auckland,Give way,,,,,0,0,Urban,0,,,Light rain,Null
1763887.4515,5912616.6661,899433,,520500,0,,0,1,,Null,2024/2025,MOUNT WELLINGTON HIGHWAY,MOUNT WELLINGTON HWY ON RAMP,,Non-Injury Crash,No,2025,,South,,0,,Flat,,,,,,Dark,637500,0,0,0,6,,,0,,,,,,Auckland Region,Motorway ramp,2-way,Sealed,,0,0,,50,,On,0,0,,76,Auckland,Traffic Signals,,,,,0,0,Urban,1,,,Light rain,Null
1768671.8359,5903005.8284,899434,,523820,0,0,0,1,0,North,2023/2024,SOUTHERN MOTORWAY,ORAMS OBR,,Non-Injury Crash,Yes,2023,0,South,0,0,0,Hill Road,1,,0,,0,Dark,760121,0,0,0,4,0,0,0,0,0,,0,0,Auckland Region,Nil,1-way,Sealed,0,0,0,0,100,0,On,0,0,,76,Auckland,Nil,0,0,0,0,0,0,Open,1,0,0,Fine,Null
1732343.0855,5929725.4329,899436,,505601,0,,0,1,,West,2024/2025,SH 16,MABBETT LANE,,Minor Crash,Yes,2024,,West,,0,,Hill Road,,,,,,Dark,216202,1,0,0,2,,,0,,,,,,Auckland Region,Nil,2-way,Sealed,,0,0,,100,,None,0,0,,76,Auckland,Nil,,,,,0,0,Open,1,,,Fine,Null
1753497.0389,5934199.6725,899437,,508704,0,,0,2,,Null,2025/2026,SPENCER ROAD,KEREKIN DRIVE,,Non-Injury Crash,No,2025,,West,,0,,Null,,,,,,Dark,179120,0,0,0,2,,,0,,,,,,Auckland Region,Nil,2-way,Sealed,,0,0,,50,,Null,0,0,,76,Auckland,Give way,,,,,0,0,Urban,0,,,Light rain,Null
1768775.0026,5881121.7026,899443,,525910,0,0,0,1,0,East,2024/2025,DEVON LANE,SEDDON STREET,,Non-Injury Crash,No,2025,0,West,0,0,0,Flat,1,,0,,0,Bright sun,818800,0,0,0,2,0,0,0,0,0,,0,0,Auckland Region,Tunnel,2-way,Sealed,0,0,0,0,50,0,Off,0,0,,76,Auckland,Nil,0,0,0,0,0,0,Urban,0,0,0,Fine,Null
1759936.1721,5915794.815,899445,,516003,0,,0,2,,East,2024/2025,GREEN LANE EAST,GREAT SOUTH ROAD,,Non-Injury Crash,No,2024,,West,,0,,Flat,,,,,,Dark,495200,0,0,0,4,,,0,,,,,,Auckland Region,Nil,1-way,Sealed,,0,0,,50,,On,2,0,,76,Auckland,Nil,,,,,0,0,Urban,0,,,Light rain,Null
1756318.6476,5912951.9134,899446,,518701,0,0,0,1,0,South,2023/2024,HILLSBOROUGH ROAD ON RAMP,SOUTH-WESTERN MOTORWAY,,Non-Injury Crash,No,2023,0,West,0,0,0,Hill Road,1,,0,,0,Dark,572002,0,0,0,3,0,0,0,0,0,,0,0,Auckland Region,Motorway ramp,1-way,Sealed,0,0,0,0,100,0,On,0,0,,76,Auckland,Nil,0,0,0,0,0,0,Open,0,0,0,Fine,Null
1767578.8386,5880464.4938,899449,,525921,0,0,0,2,0,South,2025/2026,MCNALLY ROAD,PUNI ROAD,,Non-Injury Crash,No,2025,0,South,0,0,0,Flat,0,,0,,0,Dark,821200,0,0,0,2,0,0,0,0,2,,0,0,Auckland Region,Nil,2-way,Sealed,0,0,0,0,50,0,On,0,0,,76,Auckland,Nil,0,0,0,0,0,0,Urban,1,0,0,Light rain,Null
1763011.0152,5905551.9256,899450,,524303,0,,0,2,,South,2022/2023,SELFS ROAD,PORTAGE ROAD,,Non-Injury Crash,No,2023,,South,,0,,Flat,,,,,,Bright sun,746301,0,0,0,2,,,0,,,,,,Auckland Region,Nil,2-way,Sealed,,0,0,,50,,Off,0,0,,76,Auckland,Nil,,,,,0,0,Urban,0,,,Fine,Null
1766970.2462,5903723.3067,899454,,524604,0,,0,2,,Null,2023/2024,LAMBIE DRIVE,WIRI STATION ROAD,,Serious Crash,No,2024,,South,,0,,Flat,,,,,,Overcast,780210,0,0,0,4,,,0,,,,,,Auckland Region,Nil,1-way,Sealed,,0,1,,60,,Off,0,0,,76,Auckland,Traffic Signals,,,,,0,0,Urban,0,,,Light rain,Null
1756926.3455,5918640.2005,899456,,515600,0,,0,2,,Null,2023/2024,NEW NORTH ROAD,MOUNT EDEN ROAD,,Minor Crash,No,2024,,North,,0,,Hill Road,,,,,,Bright sun,421200,1,0,0,3,,,0,,,,,,Auckland Region,Nil,2-way,Sealed,,0,0,,50,,Off,0,0,,76,Auckland,Traffic Signals,,,,,0,0,Urban,0,,,Fine,Null
1780318.995,5927169.4384,899457,,520801,0,0,0,0,0,South,2024/2025,QUEENS DRIVE,MCINTOSH ROAD,,Non-Injury Crash,No,2025,0,West,0,0,0,Hill Road,0,,0,,0,Dark,516503,0,0,0,2,0,1,1,0,1,,0,0,Auckland Region,Nil,2-way,Sealed,0,0,0,0,30,0,None,0,0,,76,Auckland,Nil,0,0,0,0,0,1,Urban,0,0,0,Light rain,Null
1765022.9147,5906841.0157,899458,,522201,0,0,0,2,0,North,2023/2024,SHIRLEY ROAD,CAMBOURNE ROAD,,Non-Injury Crash,No,2023,0,East,0,0,0,Flat,0,,0,,1,Dark,662200,0,0,0,2,0,0,0,0,1,,0,0,Auckland Region,Nil,2-way,Sealed,0,0,0,0,50,0,On,0,0,,76,Auckland,Nil,0,0,0,0,0,0,Urban,0,0,0,Fine,Null
1765236.2166,5905420.8148,899466,,522202,0,0,0,2,0,Null,2023/2024,FAIRVIEW ROAD,MILES AVENUE,,Non-Injury Crash,No,2023,0,West,0,0,0,Flat,0,,0,,0,Dark,664700,0,0,0,2,0,0,0,0,0,,0,0,Auckland Region,Nil,2-way,Sealed,0,0,0,0,50,0,On,0,0,,76,Auckland,Give way,0,0,0,0,0,0,Urban,0,1,0,Fine,Null
1765274.8894,5902930.5067,899469,,524604,0,0,0,1,0,North,2024/2025,WIRI STATION ROAD,ROSCOMMON ROAD,,Non-Injury Crash,No,2025,0,South,0,0,0,Flat,0,,0,,0,Dark,781302,0,0,0,2,0,0,0,0,0,,0,0,Auckland Region,Nil,2-way,Sealed,0,0,0,0,50,0,On,0,0,,76,Auckland,Nil,1,0,0,1,0,0,Urban,0,0,0,Light rain,Null
1759018.3607,5924525.7985,899476,,508120,1,,0,1,,West,2024/2025,BAYSWATER AVENUE,ROSYTH AVENUE,,Minor Crash,No,2024,,South,,0,,Flat,,,,,,Bright sun,316600,1,0,0,2,,,0,,,,,,Auckland Region,Nil,2-way,Sealed,,0,0,,50,,Off,0,0,30,76,Auckland,Nil,,,,,0,0,Urban,0,,,Fine,Null
1743678.3079,5919352.5182,899485,45,513213,0,,0,2,,Null,2025/2026,SWANSON ROAD,UNIVERSAL DRIVE,,Non-Injury Crash,No,2025,,West,,0,,Flat,,,,,,Dark,235802,0,0,0,2,,,0,,,1,,,Auckland Region,Nil,1-way,Sealed,,0,0,,50,,On,0,0,,76,Auckland,Give way,,,,,0,0,Urban,0,,,Fine,Null
1776567.979,5906970.2762,899486,75,523202,0,0,0,1,0,South,2023/2024,WHITFORD PARK ROAD,POLO LANE,,Minor Crash,No,2024,0,South,0,0,0,Hill Road,0,,0,,0,Bright sun,716603,2,0,0,2,0,0,0,0,0,,0,1,Auckland Region,Nil,2-way,Sealed,0,0,0,0,80,0,Off,0,0,,76,Auckland,Nil,0,0,0,0,0,0,Open,0,0,0,Fine,Null
1769615.0985,5905416.1834,899491,,523712,0,,0,3,,Null,2025/2026,DONEGAL PARK DRIVE,THOMAS ROAD,,Non-Injury Crash,No,2025,,South,,0,,Flat,,,,,,Overcast,713211,0,0,0,2,,,0,,,,,,Auckland Region,Nil,2-way,Sealed,,0,0,,50,,Off,0,0,,76,Auckland,Give way,,,,,0,0,Urban,0,,,Fine,Null
1765558.3407,5906981.3296,899492,,522301,0,,0,1,,Null,2023/2024,GREAT SOUTH ROAD,EAST TAMAKI ROAD,,Non-Injury Crash,No,2023,,North,,0,,Flat,,Christmas New Year,,,,Overcast,666800,0,0,0,4,,,0,,,,,,Auckland Region,Nil,2-way,Sealed,,0,0,,50,,Off,1,0,,76,Auckland,Traffic Signals,,,,,0,0,Urban,0,,,Light rain,Null
1754331.3991,5931067.8908,899495,,508520,0,,0,1,,North,2024/2025,NORTHERN MOTORWAY,UPPER HARBOUR HWY ON RAMP,,Non-Injury Crash,Yes,2024,,South,,0,,Null,,,,,,Overcast,191105,0,0,1,2,,,0,,,,,,Auckland Region,Nil,1-way,Sealed,,0,0,,100,,Null,0,0,,76,Auckland,Nil,,,,,0,0,Open,0,,,Light rain,Null
1767720.7257,5906402.8707,899502,,523601,0,0,0,2,0,West,2023/2024,BAIRDS ROAD,PRESTON ROAD,,Non-Injury Crash,No,2023,0,West,0,0,0,Hill Road,0,,0,,0,Dark,706800,0,0,0,2,0,0,0,0,1,,0,0,Auckland Region,Nil,2-way,Sealed,0,0,0,0,50,0,Off,0,0,30,76,Auckland,Nil,0,0,0,0,0,0,Urban,0,0,0,Fine,Null
1756142.1846,5928452.7259,899504,,507900,0,,0,2,,South,2022/2023,FORREST HILL ROAD,CURREY STREET,,Non-Injury Crash,No,2023,,South,,0,,Flat,,,,,,Overcast,307000,0,0,0,2,,,0,,,,,,Auckland Region,Nil,2-way,Sealed,,0,0,,50,,Off,0,0,,76,Auckland,Nil,,,,,0,0,Urban,0,,,Fine,Null
1768496.0894,5900665.0388,899506,,525002,0,,0,2,,Null,2022/2023,WEYMOUTH ROAD,CHURCHILL AVENUE,,Non-Injury Crash,No,2023,,West,,0,,Flat,,,,,,Overcast,752900,0,0,0,2,,,0,,,,,,Auckland Region,Nil,2-way,Sealed,,0,0,,50,,Off,0,0,,76,Auckland,Give way,,,,,0,0,Urban,0,,,Fine,Null
1743477.0563,5920103.8776,899507,,513622,0,,0,2,,North,2025/2026,TIRIWA DRIVE,GORDON STANLEY DRIVE,,Non-Injury Crash,No,2025,,South,,0,,Hill Road,,,,,,Bright sun,226902,0,0,0,2,,,0,,,,,,Auckland Region,Nil,2-way,Sealed,,0,0,,50,,Off,0,0,,76,Auckland,Nil,,,,,0,0,Urban,0,,,Fine,Null
1745360.9093,5919181.0653,899512,,513302,0,,0,0,,East,2024/2025,TE PAI PLACE,LINCOLN ROAD,,Minor Crash,No,2025,,East,,0,,Flat,,,,,,Bright sun,230701,1,0,0,2,,,0,,,1,,,Auckland Region,Nil,2-way,Sealed,,0,0,,50,,Off,1,0,,76,Auckland,Nil,,,,,0,0,Urban,0,,,Fine,Null
1767085.1882,5898022.3419,899517,,525102,0,0,0,1,0,West,2025/2026,TURNBERRY DRIVE,BELFRY PLACE,,Non-Injury Crash,No,2025,0,East,0,0,0,Flat,0,,0,,0,Dark,769034,0,0,0,2,0,0,0,0,1,,0,1,Auckland Region,Nil,2-way,Sealed,0,0,0,0,50,0,On,0,0,,76,Auckland,Nil,0,0,0,0,1,0,Urban,0,0,0,Fine,Null
1766948.0309,5908859.7653,899523,,523501,0,0,0,0,0,North,2024/2025,ALEXANDER CRESCENT,FRANKLYNE ROAD,,Non-Injury Crash,No,2025,0,North,0,0,0,Flat,0,,0,,0,Overcast,704100,0,0,1,2,0,0,0,0,0,,0,0,Auckland Region,Nil,2-way,Sealed,0,0,0,0,50,0,Off,0,0,,76,Auckland,Nil,0,0,0,1,0,0,Urban,0,0,0,Fine,Null
1753239.5097,5915169.8663,899527,,517903,0,0,0,3,0,West,2022/2023,HENDON AVENUE,HALLAM STREET,,Non-Injury Crash,No,2023,0,West,0,0,0,Flat,0,,0,,0,Twilight,518000,0,0,0,2,0,0,0,0,2,,0,0,Auckland Region,Nil,2-way,Sealed,0,0,0,0,50,0,None,0,0,,76,Auckland,Nil,0,0,0,0,0,0,Urban,0,0,0,Fine,Null
1763276.888,5915008.9726,899531,,520303,0,,0,1,,Null,2023/2024,ELLERSLIE-PANMURE HIGHWAY,HARRIS ROAD,,Non-Injury Crash,No,2023,,East,,0,,Flat,,,,,,Overcast,626700,0,0,0,4,,,0,,,,,,Auckland Region,Nil,2-way,Sealed,,0,0,,50,,Off,0,0,,76,Auckland,Give way,,,,,0,0,Urban,0,,,Light rain,Null
1769315.2888,5907482.4974,899533,,523711,0,,0,1,,Null,2025/2026,TE IRIRANGI DRIVE,ORMISTON ROAD,,Minor Crash,No,2025,,North,,0,,Flat,,,,,,Overcast,712304,1,0,0,4,,,0,,,,,,Auckland Region,Nil,2-way,Sealed,,0,0,,60,,Off,0,0,,76,Auckland,Give way,,,,,0,0,Urban,1,,,Fine,Null
1768119.5016,5902972.1604,899540,,524602,0,0,0,1,0,South,2023/2024,GREAT SOUTH ROAD,RATA VINE DRIVE,,Non-Injury Crash,No,2023,0,North,0,0,0,Flat,1,,0,,0,Dark,780407,0,0,0,4,0,0,0,0,0,,0,0,Auckland Region,Bridge,2-way,Sealed,0,0,0,0,60,0,On,0,0,,76,Auckland,Nil,0,0,0,0,0,0,Urban,0,0,0,Fine,Null
1766721.195,5904539.4931,899541,,524604,0,,0,2,,North,2025/2026,LAMBIE DRIVE,RONWOOD AVENUE,,Non-Injury Crash,No,2025,,North,,0,,Flat,,,,,,Bright sun,780209,0,0,0,2,,,0,,,,,,Auckland Region,Nil,1-way,Sealed,,0,0,,50,,Off,1,0,,76,Auckland,Nil,,,,,0,0,Urban,0,,,Fine,Null
1756333.2941,5920483.7725,899546,,514102,0,,0,1,,North,2023/2024,UNION STREET,DRAKE STREET,,Non-Injury Crash,No,2023,,South,,0,,Flat,,,,,,Overcast,432700,0,0,0,2,,,0,,,,,,Auckland Region,Speed hump,2-way,Sealed,,0,0,,30,,Off,0,0,,76,Auckland,Nil,,,,,0,0,Urban,0,,,Fine,Null
1772064.2446,5898113.9303,899554,,523912,0,,0,0,,South,2023/2024,PORCHESTER ROAD,SIRES PARKWAY,,Serious Crash,No,2024,,South,,0,,Flat,,,,,,Dark,767400,1,0,1,2,,,0,,,,,,Auckland Region,Nil,2-way,Sealed,,0,1,,50,,On,1,0,,76,Auckland,Nil,,,,,0,0,Urban,0,,,Fine,Null
1747148.7607,5916321.8453,899559,,511601,1,,0,1,,Null,2024/2025,GLENDENE AVENUE,KIRBY STREET,,Minor Crash,No,2025,,North,,0,,Flat,,,,,,Dark,275200,1,0,0,2,,,0,,,,,,Auckland Region,Nil,2-way,Sealed,,0,0,,50,,On,0,0,,76,Auckland,Give way,,,,,0,0,Urban,0,,,Fine,Null
1767336.1463,5913435.246,899562,,522820,0,,0,2,,East,2022/2023,PAKURANGA ROAD,LEWIS ROAD,,Non-Injury Crash,No,2023,,West,,0,,Flat,,,,,,Overcast,694900,0,0,0,6,,,0,,,,,,Auckland Region,Nil,2-way,Sealed,,0,0,,60,,Off,0,0,,76,Auckland,Nil,,,,,0,0,Urban,0,,,Fine,Null
1762428.4205,5905959.4973,899563,,524200,0,,0,2,,North,2024/2025,SOUTH-WESTERN MOTORWAY,PORTAGE OBR,,Non-Injury Crash,Yes,2025,,North,,0,,Flat,,,,,,Overcast,729000,0,0,0,2,,,0,,,,,,Auckland Region,Nil,1-way,Sealed,,0,0,,100,,Off,0,0,,76,Auckland,Nil,,,,,0,0,Open,0,,,Light rain,Null
1769237.8944,5902423.57,899564,,523814,0,0,0,1,0,South,2022/2023,SOUTHERN MOTORWAY,PUHINUI STM BR,,Non-Injury Crash,Yes,2023,0,South,0,0,0,Flat,1,,0,,0,Dark,760701,0,0,0,3,0,0,0,0,0,,0,0,Auckland Region,Nil,1-way,Sealed,0,0,0,0,100,0,On,0,0,,76,Auckland,Nil,0,0,0,0,0,0,Open,0,0,0,Heavy rain,Strong wind
1756095.2077,5923717.404,899567,,509800,0,,0,2,,South,2025/2026,NORTHERN MOTORWAY,WEIGH BRIDGE,,Non-Injury Crash,Yes,2025,,South,,0,,Flat,,,,,,Bright sun,358800,0,0,0,5,,,0,,,,,,Auckland Region,Nil,1-way,Sealed,,0,0,,80,,Off,0,0,,76,Auckland,Nil,,,,,0,0,Open,0,,,Fine,Null
1763613.7501,5912709.7457,899570,,520500,0,,0,1,,East,2022/2023,SOUTHERN MOTORWAY,MOUNT WELLINGTON HWY OFF RAMP,,Non-Injury Crash,Yes,2023,,South,,0,,Flat,,,,,,Overcast,637400,0,0,0,2,,,0,,,,,,Auckland Region,Nil,1-way,Sealed,,0,0,,100,,Off,0,0,,76,Auckland,Nil,,,,,0,0,Open,0,,,Heavy rain,Strong wind
1758135.3258,5915638.4082,899573,45,515801,0,,0,2,,North,2024/2025,MANUKAU ROAD,QUEEN MARY AVENUE,,Non-Injury Crash,No,2025,,South,,0,,Flat,,,,,,Twilight,447200,0,0,0,4,,,0,,,,,,Auckland Region,Nil,2-way,Sealed,,0,0,,50,,Off,0,0,,76,Auckland,Nil,,,,,0,0,Urban,0,,,Fine,None
1763066.7371,5906062.2502,899574,,524302,0,0,0,1,0,South,2022/2023,WALDEN PLACE,WOBURN STREET,,Non-Injury Crash,No,2023,0,West,0,0,0,Null,0,,0,,0,Unknown,746100,0,0,0,2,0,0,0,0,1,,0,0,Auckland Region,Nil,2-way,Sealed,0,0,0,0,50,0,Null,0,0,,76,Auckland,Nil,0,0,0,0,0,1,Urban,0,0,0,Null,Null
1749506.3151,5971133.3605,899575,,505500,0,0,0,1,0,Null,2025/2026,SANDSPIT ROAD,PARK LANE,,Minor Crash,No,2025,0,East,0,0,0,Hill Road,1,,0,,0,Dark,139900,1,0,0,2,0,0,0,0,0,,0,0,Auckland Region,Nil,2-way,Sealed,0,0,0,0,80,0,On,0,0,,76,Auckland,Nil,0,0,0,2,0,0,Open,0,0,1,Mist or Fog,Null
1779302.9153,5914727.7884,899577,,523300,0,,0,2,,Null,2024/2025,JACK LACHLAN DRIVE,WHITFORD MARAETAI ROAD,,Non-Injury Crash,No,2024,,West,,0,,Flat,,,,,,Overcast,718900,0,0,0,2,,,0,,,,,,Auckland Region,Nil,2-way,Sealed,,0,0,,60,,Off,0,0,,76,Auckland,Give way,,,,,0,0,Urban,0,,,Light rain,Null
1763763.1571,5915426.2394,899578,,517202,0,0,0,0,0,North,2023/2024,LUNN AVENUE,HARDING AVENUE,,Serious Crash,No,2023,0,South,0,0,1,Flat,0,,0,,0,Twilight,626302,0,0,0,2,0,0,0,0,0,,0,1,Auckland Region,Nil,2-way,Sealed,0,0,1,0,50,0,On,0,0,,76,Auckland,Nil,0,0,0,0,0,0,Urban,1,0,0,Fine,Null
1768573.9143,5913227.729,899582,,523000,0,0,0,3,0,North,2023/2024,ENNIS AVENUE,LA TROBE STREET,,Non-Injury Crash,No,2023,0,South,0,0,0,Hill Road,0,,0,,0,Bright sun,690600,0,0,0,2,0,0,0,0,1,,0,0,Auckland Region,Nil,2-way,Sealed,0,0,0,0,50,0,Off,1,0,,76,Auckland,Nil,0,0,0,0,0,0,Urban,0,0,0,Fine,Null
1766966.5176,5890084.8554,899588,,521122,0,0,0,1,0,South,2022/2023,LEWIS ROAD,JOHN HINDMARSH ROAD,,Non-Injury Crash,No,2023,0,North,0,0,1,Flat,0,,0,,0,Dark,810000,0,0,0,2,0,0,0,0,0,,0,0,Auckland Region,Nil,2-way,Sealed,0,0,0,0,80,0,None,0,0,,76,Auckland,Nil,0,0,0,0,0,0,Open,0,0,0,Fine,Null
1769773.1079,5905706.5761,899590,,523712,0,,0,2,,Null,2023/2024,DONEGAL PARK DRIVE,DUNAFF PLACE,,Minor Crash,No,2024,,South,,0,,Flat,,,,,,Overcast,713206,2,0,0,2,,,0,,,,,,Auckland Region,Nil,2-way,Sealed,,0,0,,50,,Off,0,0,30,76,Auckland,Give way,,,,,0,0,Urban,0,,,Light rain,Null
1755733.4823,5928274.1027,899591,,507900,0,,0,1,,North,2025/2026,WAIRAU ROAD,PORANA ROAD,,Non-Injury Crash,No,2025,,North,,0,,Flat,,,,,,Overcast,305100,0,0,0,4,,,0,,,,,,Auckland Region,Nil,2-way,Sealed,,0,0,,50,,Off,0,0,,76,Auckland,Nil,,,,,0,0,Urban,1,,,Fine,Null