X,Y,OBJECTID,advisorySpeed,areaUnitID,bicycle,bridge,bus,carStationWagon,cliffBank,crashDirectionDescription,crashFinancialYear,crashLocation1,crashLocation2,crashRoadSideRoad,crashSeverity,crashSHDescription,crashYear,debris,directionRoleDescription,ditch,fatalCount,fence,flatHill,guardRail,holiday,houseOrBuilding,intersection,kerb,light,meshblockId,minorInjuryCount,moped,motorcycle,NumberOfLanes,objectThrownOrDropped,otherObject,otherVehicleType,overBank,parkedVehicle,pedestrian,phoneBoxEtc,postOrPole,region,roadCharacter,roadLane,roadSurface,roadworks,schoolBus,seriousInjuryCount,slipOrFlood,speedLimit,strayAnimal,streetLight,suv,taxi,temporarySpeedLimit,tlaId,tlaName,trafficControl,trafficIsland,trafficSign,train,tree,truck,unknownVehicleType,urban,vanOrUtility,vehicle,waterRiver,weatherA,weatherB
1760044.8992,5908223.257,899595,,524121,0,,0,2,,South,2025/2026,SOUTH-WESTERN MOTORWAY,HALL FTBR,,Non-Injury Crash,Yes,2025,,North,,0,,Flat,,,,,,Bright sun,737103,0,0,0,2,,,0,,,,,,Auckland Region,Nil,1-way,Sealed,,0,0,,100,,Off,1,0,,76,Auckland,Nil,,,,,0,0,Open,0,,,Fine,Null
1763194.5635,5911846.0252,899596,,519500,0,,0,1,,Null,2022/2023,GREAT SOUTH ROAD,SYLVIA PARK ROAD,,Non-Injury Crash,No,2023,,North,,0,,Hill Road,,,,,,Dark,622800,0,0,0,3,,,0,,,,,,Auckland Region,Nil,1-way,Sealed,,0,0,,50,,On,0,0,,76,Auckland,Traffic Signals,,,,,0,0,Urban,1,,,Fine,Null
1745852.4041,5923868.4109,899599,15,513522,0,,0,2,,North,2023/2024,MATISSE DRIVE,LUCKENS ROAD,,Non-Injury Crash,No,2024,,North,,0,,Flat,,,,,,Bright sun,224124,0,0,0,2,,,0,,,,,,Auckland Region,Nil,2-way,Sealed,,0,0,,50,,Off,0,0,,76,Auckland,Nil,,,,,0,0,Urban,0,,,Fine,None
1766053.8194,5904519.9641,899607,,524603,0,,0,2,,Null,2025/2026,CAVENDISH DRIVE,GRAYSON AVENUE,,Non-Injury Crash,No,2025,,East,,0,,Flat,,,,,,Overcast,674600,0,0,0,4,,,0,,,,,,Auckland Region,Nil,2-way,Sealed,,0,0,,60,,Off,0,0,,76,Auckland,Give way,,,,,0,1,Urban,0,,,Fine,Null
1755036.0782,5930050.6945,899609,,508420,0,,0,2,,Null,2025/2026,SUNNYNOOK ROAD,LINK DRIVE,,Non-Injury Crash,No,2025,,East,,0,,Flat,,,,,,Overcast,182300,0,0,0,1,,,0,,,,,,Auckland Region,Nil,1-way,Sealed,,0,0,,50,,On,0,0,,76,Auckland,Give way,,,,,0,0,Urban,0,,,Fine,Null
1758544.1547,5911687.5331,899610,,519810,0,0,0,0,0,East,2024/2025,SOUTH-WESTERN MOTORWAY,NEILSON STREET OFF RAMP,,Minor Crash,Yes,2024,0,South,0,0,0,Flat,1,,0,,0,Bright sun,602501,1,0,0,3,0,0,0,0,0,,0,0,Auckland Region,Nil,1-way,Sealed,0,0,0,0,100,0,Off,0,0,,76,Auckland,Nil,0,0,0,0,0,0,Open,1,0,0,Fine,Null
1755459.8597,5918905.1554,899611,,515420,0,,0,2,,Null,2025/2026,CRUMMER ROAD,BEACONSFIELD STREET,,Non-Injury Crash,No,2025,,South,,0,,Flat,,,,,,Overcast,409800,0,0,0,2,,,0,,,,,,Auckland Region,Nil,2-way,Sealed,,0,0,,50,,Off,0,0,,76,Auckland,Stop,,,,,0,0,Urban,0,,,Light rain,Null
1773032.9838,5890884.0565,899612,,521301,0,0,0,0,0,South,2023/2024,SOUTHERN MOTORWAY,GREAT SOUTH ROAD OFF RAMP,,Non-Injury Crash,Yes,2023,0,North,0,0,0,Flat,1,,0,,0,Overcast,809200,0,0,0,2,0,0,0,0,0,,0,0,Auckland Region,Nil,1-way,Sealed,0,0,0,0,100,0,None,2,0,,76,Auckland,Nil,0,0,0,0,0,0,Open,0,0,0,Fine,Null
1764965.5145,5911734.5614,899614,,520500,0,,0,2,,West,2023/2024,PANAMA ROAD,CARBINE ROAD,,Non-Injury Crash,No,2024,,East,,0,,Flat,,,,,,Unknown,635602,0,0,0,2,,,0,,,,,,Auckland Region,Nil,2-way,Null,,0,0,,50,,Null,0,0,,76,Auckland,Nil,,,,,0,0,Urban,0,,,Fine,Null
1753959.1467,5913383.6521,899618,,518901,0,,0,2,,Null,2024/2025,RICHARDSON ROAD,MCGOWAN STREET,,Non-Injury Crash,No,2025,,North,,0,,Flat,,,,,,Overcast,585101,0,0,0,4,,,0,,,,,,Auckland Region,Nil,2-way,Sealed,,0,0,,50,,Off,0,0,,76,Auckland,Nil,,,,,0,0,Urban,0,,,Fine,Null
1751258.3881,5915256.129,899631,,514401,0,0,0,1,0,East,2025/2026,CRAYFORD STREET WEST,GREAT NORTH ROAD,,Non-Injury Crash,No,2025,0,South,0,0,0,Flat,0,,1,,0,Overcast,382700,0,0,0,2,0,0,0,0,0,,0,0,Auckland Region,Nil,2-way,Sealed,0,0,0,0,50,0,Off,0,0,,76,Auckland,Nil,0,0,0,0,0,0,Urban,0,0,0,Fine,Null
1760259.3707,5908865.8576,899632,,524403,1,,0,0,,East,2023/2024,WALMSLEY ROAD,MAHUNGA DRIVE,,Serious Crash,No,2024,,West,,0,,Flat,,,,,,Bright sun,729901,0,0,0,4,,,2,,,,,,Auckland Region,Nil,2-way,Sealed,,0,1,,50,,Off,0,0,,76,Auckland,Nil,,,,,1,0,Urban,0,,,Fine,Null
1771932.3111,5915304.5724,899637,,521602,0,0,0,1,0,Null,2025/2026,PICTON STREET,RIDGE ROAD,,Non-Injury Crash,No,2025,0,West,0,0,0,Hill Road,0,,0,,0,Dark,646700,0,0,0,2,0,0,0,0,0,,0,1,Auckland Region,Nil,2-way,Sealed,0,0,0,0,50,0,On,0,0,,76,Auckland,Give way,0,0,0,0,0,0,Urban,0,0,0,Fine,Null
1767502.1678,5904230.828,899638,,524604,0,,0,2,,Null,2022/2023,MANUKAU STATION ROAD,PUTNEY WAY,,Non-Injury Crash,No,2023,,East,,0,,Flat,,,,,,Overcast,780204,0,0,0,5,,,0,,,,,,Auckland Region,Nil,2-way,Sealed,,0,0,,50,,Off,0,0,,76,Auckland,Traffic Signals,,,,,0,0,Urban,0,,,Fine,Null
1753709.8484,5927779.4132,899639,,508310,0,,0,1,,East,2025/2026,DOWNING STREET,GLENFIELD ROAD,,Minor Crash,No,2025,,East,,0,,Flat,,,,,,Overcast,200300,1,0,0,2,,,0,,,1,,,Auckland Region,Nil,2-way,Sealed,,0,0,,50,,On,0,0,,76,Auckland,Nil,,,,,0,0,Urban,0,,,Fine,Null
1756323.8139,5924426.7719,899644,,509702,0,,0,2,,North,2023/2024,NORTHERN MOTORWAY,ONEWA OBR OFF,,Non-Injury Crash,Yes,2024,,North,,0,,Flat,,,,,,Bright sun,366700,0,0,0,5,,,0,,,,,,Auckland Region,Nil,1-way,Sealed,,0,0,,100,,Off,0,0,,76,Auckland,Nil,,,,,0,0,Open,0,,,Fine,Null
1754511.6166,5913758.269,899646,,518802,0,,0,1,,West,2023/2024,SOUTH-WESTERN MOTORWAY,MAY OBR,,Non-Injury Crash,Yes,2023,,East,,0,,Flat,,,,,,Overcast,579200,0,0,0,3,,,0,,,,,,Auckland Region,Nil,1-way,Sealed,,0,0,,100,,Off,0,0,,76,Auckland,Nil,,,,,1,0,Open,2,,,Fine,Null
1771329.2278,5898916.6695,899653,,523912,0,0,0,1,0,East,2025/2026,AIRFIELD ROAD,JADON CLOSE,,Non-Injury Crash,No,2025,0,West,0,0,0,Flat,0,,0,,0,Bright sun,767400,0,0,0,2,0,0,0,0,2,,0,0,Auckland Region,Nil,2-way,Sealed,0,0,0,0,50,0,On,0,0,,76,Auckland,Nil,0,0,0,0,1,0,Urban,0,0,0,Fine,Null
1757775.9504,5918200.3673,899659,,515700,0,,0,1,,South,2025/2026,SOUTHERN MOTORWAY,MOUNTAIN OBR,,Non-Injury Crash,Yes,2025,,North,,0,,Flat,,,,,,Dark,443600,0,0,0,4,,,0,,,,,,Auckland Region,Nil,1-way,Sealed,,0,0,,80,,On,0,0,,76,Auckland,Nil,,,,,0,0,Open,1,,,Fine,Null
1770209.9451,5906389.6649,899668,,523712,0,,0,1,,East,2025/2026,FLAT BUSH SCHOOL ROAD,RORIDA LANE,,Minor Crash,No,2025,,West,,0,,Flat,,,,,,Bright sun,713201,1,0,0,2,,,0,,,1,,,Auckland Region,Nil,2-way,Sealed,,0,0,,50,,None,0,0,,76,Auckland,Nil,,,,,0,0,Urban,0,,,Fine,Null
1766100.0601,5905492.3027,899669,,522202,0,0,0,2,0,West,2023/2024,CARRUTH ROAD,KING STREET,,Minor Crash,No,2024,0,West,0,0,0,Flat,0,,0,,0,Bright sun,665700,1,0,0,2,0,0,0,0,0,,0,0,Auckland Region,Nil,2-way,Sealed,0,0,0,0,50,0,Off,0,0,,76,Auckland,Nil,1,1,0,0,0,0,Urban,0,0,0,Fine,Null
1758054.6333,5906846.2809,899671,,524200,0,0,0,1,0,Null,2023/2024,ASCOT ROAD,MONTGOMERIE ROAD,,Minor Crash,No,2023,0,West,0,0,1,Flat,1,,0,,0,Overcast,726200,1,0,0,2,0,0,0,0,0,,0,0,Auckland Region,Nil,2-way,Sealed,0,0,0,0,50,0,None,0,0,,76,Auckland,Give way,1,0,0,0,0,0,Urban,0,0,0,Fine,Null
1761155.1959,5915106.5844,899674,,520201,0,,1,1,,Null,2025/2026,ROBERT STREET,MAIN HIGHWAY,,Non-Injury Crash,No,2026,,South,,0,,Hill Road,,,,,,Twilight,613500,0,0,0,2,,,0,,,,,,Auckland Region,Overpass,2-way,Sealed,,0,0,,50,,On,0,0,,76,Auckland,Give way,,,,,0,0,Urban,0,,,Fine,Null
1752599.4599,5934385.7547,899676,,508701,0,,0,2,,Null,2025/2026,MUNROE LANE,DON MCKINNON DRIVE,,Non-Injury Crash,No,2025,,South,,0,,Flat,,,,,,Overcast,179000,0,0,0,2,,,0,,,,,,Auckland Region,Nil,2-way,Sealed,,0,0,,50,,Off,0,0,,76,Auckland,Give way,,,,,0,0,Urban,0,,,Light rain,Null
1767201.8256,5903919.5117,899683,,524602,0,,1,1,,West,2024/2025,SOUTH-WESTERN MOTORWAY,LAMBIE DRIVE OFF RAMP,,Minor Crash,Yes,2024,,West,,0,,Flat,,,,,,Bright sun,780411,2,0,0,3,,,0,,,,,,Auckland Region,Nil,1-way,Sealed,,0,0,,100,,Off,2,0,,76,Auckland,Nil,,,,,0,0,Open,0,,,Fine,Null
1748657.1694,5944729.2599,899685,,506201,0,,0,2,,South,2023/2024,NORTHERN MOTORWAY,SILVERDALE OFF RAMP,,Minor Crash,Yes,2023,,North,,0,,Flat,,,,,,Overcast,176801,2,0,0,3,,,0,,,,,,Auckland Region,Nil,1-way,Sealed,,0,0,,100,,Off,0,0,,76,Auckland,Nil,,,,,0,0,Open,0,,,Fine,Null
1759197.9479,5915520.9223,899687,,519300,1,,0,1,,Null,2024/2025,GREEN LANE WEST,POHUTUKAWA DRIVE,,Minor Crash,No,2024,,East,,0,,Flat,,,,,,Bright sun,623400,1,0,0,4,,,0,,,,,,Auckland Region,Nil,2-way,Sealed,,0,0,,50,,Off,0,0,,76,Auckland,Traffic Signals,,,,,0,0,Urban,0,,,Fine,Null
1754791.6477,5944945.6579,899693,,505909,0,,0,2,,South,2025/2026,WHANGAPARAOA ROAD,BEVERLEY ROAD,,Minor Crash,No,2026,,West,,0,,Hill Road,,,,,,Overcast,173809,2,0,0,2,,,0,,,,,,Auckland Region,Nil,2-way,Sealed,,0,0,,50,,Off,0,0,30,76,Auckland,Nil,,,,,0,0,Urban,0,,,Fine,Null
1752208.4979,5912634.945,899703,,514700,0,0,0,1,0,North,2025/2026,WHITNEY STREET,EXMINSTER STREET,,Non-Injury Crash,No,2025,0,West,0,0,0,Flat,0,,0,,0,Unknown,370300,0,0,0,2,0,0,0,0,1,,0,0,Auckland Region,Nil,2-way,Sealed,0,0,0,0,50,0,Null,0,0,,76,Auckland,Nil,0,0,0,0,0,0,Urban,1,0,0,Null,Null
1756264.0899,5918918.4388,899705,,515500,0,,0,3,,South,2025/2026,NORTH-WESTERN MOTORWAY,NEWTON OBR,,Minor Crash,Yes,2025,,North,,0,,Flat,,,,,,Overcast,417700,1,0,0,4,,,0,,,,,,Auckland Region,Nil,1-way,Sealed,,0,0,,80,,Off,0,0,,76,Auckland,Nil,,,,,0,0,Open,0,,,Light rain,Null
1751516.4935,5951331.5643,899707,,505804,0,0,0,0,0,South,2025/2026,HIBISCUS COAST HIGHWAY,HILLCREST ROAD,,Minor Crash,No,2026,0,South,0,0,0,Hill Road,0,,0,,0,Overcast,170900,1,0,0,2,0,1,0,0,3,,0,0,Auckland Region,Nil,2-way,Sealed,0,0,0,0,50,0,Off,2,0,,76,Auckland,Nil,0,0,0,0,0,0,Urban,2,0,0,Fine,Null
1770769.0433,5913352.3589,899708,,523101,0,,0,2,,South,2024/2025,BOTANY ROAD,MIRRABOOKA AVENUE,,Minor Crash,No,2024,,North,,0,,Flat,,,,,,Overcast,710510,1,0,0,2,,,0,,,,,,Auckland Region,Nil,2-way,Sealed,,0,0,,50,,Off,0,0,,76,Auckland,Nil,,,,,0,0,Urban,0,,,Fine,Null
1749239.1039,5912235.283,899710,,511902,0,,0,1,,Null,2025/2026,GILLIAM STREET,GRANDISON CRESCENT,,Minor Crash,No,2026,,North,,0,,Hill Road,,,,,,Bright sun,260800,1,0,0,2,,,0,,,,,,Auckland Region,Nil,2-way,Sealed,,0,0,,50,,Off,0,0,,76,Auckland,Nil,,,,,0,0,Urban,1,,,Fine,Null
1751920.0603,5912966.099,899718,,514600,0,,0,1,,East,2023/2024,TERRY STREET,BLOCKHOUSE BAY ROAD,,Minor Crash,No,2023,,West,,0,,Hill Road,,,,,,Bright sun,373002,1,0,0,2,,,0,,,,,,Auckland Region,Nil,2-way,Sealed,,0,0,,50,,Off,1,0,,76,Auckland,Nil,,,,,0,0,Urban,0,,,Fine,Null
1750261.0532,5914216.681,899720,,511303,0,,0,1,,South,2024/2025,VERONICA STREET,GREAT NORTH ROAD,,Minor Crash,No,2024,,West,,0,,Flat,,,,,,Overcast,266100,1,0,0,3,,,0,,,,,,Auckland Region,Nil,2-way,Sealed,,0,0,,50,,None,1,0,,76,Auckland,Nil,,,,,0,0,Urban,0,,,Light rain,Null
1755832.5765,5928343.3317,899722,,507900,0,,0,3,,North,2025/2026,NORTHERN MOTORWAY,WAIRAU OBR,,Non-Injury Crash,Yes,2025,,South,,0,,Flat,,,,,,Overcast,305201,0,0,0,3,,,0,,,,,,Auckland Region,Nil,1-way,Sealed,,0,0,,100,,Off,0,0,,76,Auckland,Nil,,,,,0,0,Open,0,,,Light rain,Null
1756061.8134,5918683.6855,899727,,515500,0,,0,2,,South,2024/2025,NORTH-WESTERN MOTORWAY,WAIMA FTBR,,Minor Crash,Yes,2024,,North,,0,,Flat,,,,,,Bright sun,418700,1,0,0,4,,,0,,,,,,Auckland Region,Nil,1-way,Sealed,,0,0,,80,,Off,1,0,,76,Auckland,Nil,,,,,0,0,Open,0,,,Fine,Null
1764915.6579,5903920.7611,899731,,524604,0,0,0,1,0,Null,2023/2024,CAVENDISH DRIVE,NOEL BURNSIDE ROAD,,Minor Crash,No,2023,0,South,0,0,0,Flat,0,,0,,0,Dark,781301,1,0,0,2,0,0,0,0,0,,0,0,Auckland Region,Nil,2-way,Sealed,0,0,0,0,50,0,On,0,0,,76,Auckland,Traffic Signals,0,1,0,0,0,0,Urban,0,0,0,Fine,Null
1748949.1059,5935955.2869,899734,,506653,0,,0,2,,North,2025/2026,DAIRY FLAT HIGHWAY,COATESVILLE-RIVERHEAD HIGHWAY,,Minor Crash,No,2025,,North,,0,,Flat,,,,,,Bright sun,217208,2,0,0,4,,,0,,,,,,Auckland Region,Nil,2-way,Sealed,,0,0,,80,,Off,0,0,,76,Auckland,Nil,,,,,1,0,Open,0,,,Fine,Null
1752503.2856,5918153.2811,899735,,515002,0,,1,0,,West,2023/2024,GREAT NORTH ROAD,HUIA ROAD,,Non-Injury Crash,No,2024,,West,,0,,Flat,,,,,,Overcast,392500,0,0,0,4,,,0,,,,,,Auckland Region,Nil,2-way,Sealed,,0,0,,50,,On,1,0,,76,Auckland,Nil,,,,,0,0,Urban,0,,,Fine,Null
1767122.4034,5905532.1437,899737,,522302,0,,0,2,,Null,2025/2026,REAGAN ROAD,GREAT SOUTH ROAD,,Serious Crash,No,2025,,West,,0,,Flat,,,,,,Dark,670700,1,0,0,4,,,0,,,,,,Auckland Region,Nil,2-way,Unsealed,,0,2,,50,,On,0,0,,76,Auckland,Traffic Signals,,,,,0,0,Urban,0,,,Fine,Null
1750273.738,5918024.6796,899738,,514801,0,,0,2,,West,2023/2024,NORTH-WESTERN MOTORWAY,ROSEBANK BR,,Non-Injury Crash,Yes,2024,,East,,0,,Flat,,Easter,,,,Bright sun,390401,0,0,0,4,,,0,,,,,,Auckland Region,Nil,1-way,Sealed,,0,0,,100,,Off,1,0,,76,Auckland,Nil,,,,,0,0,Open,0,,,Fine,Null
1748760.1418,5912735.4994,899740,,511401,0,0,0,2,0,North,2023/2024,SEABROOK AVENUE,PARKER AVENUE,,Non-Injury Crash,No,2023,0,North,0,0,0,Flat,0,,0,,0,Dark,261900,0,0,0,2,0,0,0,0,1,,0,0,Auckland Region,Nil,2-way,Sealed,0,0,0,0,50,0,On,0,0,,76,Auckland,Nil,0,0,0,0,0,0,Urban,0,0,0,Fine,Null
1753746.7191,5918307.2233,899741,,515002,0,,0,2,,West,2023/2024,NORTH-WESTERN MOTORWAY,ST LUKES OBR,,Non-Injury Crash,Yes,2024,,East,,0,,Flat,,,,,,Twilight,390501,0,0,0,4,,,0,,,,,,Auckland Region,Nil,1-way,Sealed,,0,0,,100,,On,1,0,80,76,Auckland,Nil,,,,,0,0,Open,0,,,Fine,Null
1757937.3152,5918031.2282,899742,,515700,0,,0,2,,North,2025/2026,SOUTHERN MOTORWAY,GILLIES AVENUE ON RAMP,,Non-Injury Crash,Yes,2025,,North,,0,,Flat,,,,,,Bright sun,443700,0,0,0,4,,,0,,,,,,Auckland Region,Nil,1-way,Sealed,,0,0,,80,,Off,0,0,,76,Auckland,Nil,,,,,0,0,Open,0,,,Fine,Null
1757704.9162,5918265.8521,899743,,518101,0,,0,3,,North,2023/2024,SOUTHERN MOTORWAY,MOUNTAIN OBR,,Non-Injury Crash,Yes,2023,,North,,0,,Flat,,,,,,Overcast,543000,0,0,0,5,,,0,,,,,,Auckland Region,Bridge,1-way,Sealed,,0,0,,80,,Off,0,0,,76,Auckland,Nil,,,,,0,0,Open,0,,,Fine,Null
1765431.6238,5916534.4666,899744,,520301,0,,0,2,,Null,2025/2026,APIRANA AVENUE,SALIMA TALAGI STREET,,Minor Crash,No,2026,,South,,0,,Flat,,,,,,Bright sun,478000,1,0,0,2,,,0,,,,,,Auckland Region,Nil,2-way,Sealed,,0,0,,50,,Off,0,0,,76,Auckland,Give way,,,,,0,0,Urban,0,,,Fine,Null
1753584.1064,5924636.9714,899747,,510401,0,0,1,1,0,West,2023/2024,MOKOIA ROAD,HUKA ROAD,,Minor Crash,No,2024,0,West,0,0,0,Flat,0,,0,,0,Overcast,351202,2,0,0,2,0,0,0,0,1,,0,0,Auckland Region,Nil,2-way,Sealed,0,0,0,0,50,0,Off,0,0,,76,Auckland,Nil,0,0,0,0,1,0,Urban,0,0,0,Fine,Null
1766922.2071,5902795.0635,899752,,524602,1,,0,1,,Null,2022/2023,KERRS ROAD,HOBILL AVENUE,,Non-Injury Crash,No,2023,,East,,0,,Flat,,,,,,Bright sun,780407,0,0,0,2,,,0,,,,,,Auckland Region,Nil,2-way,Sealed,,0,0,,60,,Off,0,0,,76,Auckland,Stop,,,,,0,0,Urban,0,,,Fine,Null
1755997.7583,5917234.3488,899757,,518201,0,,0,2,,Null,2024/2025,DOMINION ROAD,EWINGTON AVENUE,,Non-Injury Crash,No,2025,,North,,0,,Flat,,,,,,Bright sun,547900,0,0,0,2,,,0,,,,,,Auckland Region,Nil,2-way,Sealed,,0,0,,50,,Null,0,0,,76,Auckland,Nil,,,,,0,0,Urban,0,,,Fine,Null
1783759.7921,5908810.6323,899758,,525201,0,0,0,0,0,South,2023/2024,NORTH ROAD,WHEELER RISE,,Non-Injury Crash,No,2023,0,East,0,0,0,Hill Road,0,,1,,0,Twilight,762700,0,0,0,2,0,0,0,0,0,,0,0,Auckland Region,Nil,2-way,Sealed,0,0,0,0,80,0,None,1,0,,76,Auckland,Nil,0,0,0,0,0,0,Open,0,0,0,Fine,Null
1766630.595,5907644.8691,899759,,523501,0,,1,1,,Null,2024/2025,EAST TAMAKI ROAD,NEWBURY STREET,,Non-Injury Crash,No,2024,,East,,0,,Flat,,,,,,Bright sun,700700,0,0,0,4,,,0,,,,,,Auckland Region,Nil,2-way,Sealed,,0,0,,50,,Off,0,0,,76,Auckland,Traffic Signals,,,,,0,0,Urban,0,,,Fine,Null
1757396.8575,5917002.6525,899765,,515700,0,0,0,2,0,West,2025/2026,OWENS ROAD,CECIL ROAD,,Non-Injury Crash,No,2025,0,East,0,0,0,Flat,0,,0,,0,Dark,445100,0,0,0,2,0,0,0,0,1,,0,0,Auckland Region,Nil,2-way,Sealed,0,0,0,0,50,0,On,0,0,,76,Auckland,Nil,0,0,0,0,0,0,Urban,0,0,0,Fine,Null
1758804.5205,5926110.0945,899766,,508020,0,0,0,1,0,Null,2023/2024,LAKE ROAD,BAYVIEW ROAD,,Non-Injury Crash,No,2024,0,East,0,0,0,Flat,0,,0,,0,Dark,324000,0,0,0,3,0,0,0,0,0,,1,0,Auckland Region,Nil,2-way,Sealed,0,0,0,0,50,0,On,0,0,,76,Auckland,Give way,0,0,0,0,0,0,Urban,0,0,0,Fine,Null
1755066.0361,5929302.6346,899768,,508420,0,,0,2,,North,2022/2023,TARGET ROAD,WAIRAU ROAD,,Non-Injury Crash,No,2023,,South,,0,,Flat,,,,,,Overcast,183800,0,0,0,4,,,0,,,,,,Auckland Region,Nil,2-way,Sealed,,0,0,,50,,Off,0,0,,76,Auckland,Nil,,,,,0,0,Urban,0,,,Light rain,Null
1770074.4128,5917636.3565,899769,,522601,0,0,0,0,0,West,2024/2025,EASTERN BEACH ROAD,MCCRYSTAL AVENUE,,Non-Injury Crash,No,2025,0,East,0,0,0,Flat,0,,0,,0,Dark,676402,0,0,0,2,0,0,0,0,1,,0,0,Auckland Region,Nil,2-way,Sealed,0,0,0,0,50,0,On,0,0,,76,Auckland,Nil,0,0,0,0,0,1,Urban,1,0,0,Fine,Null
1755754.6903,5919332.3969,899774,,515420,0,,0,3,,Null,2023/2024,WILLIAMSON AVENUE,MACKELVIE STREET,,Non-Injury Crash,No,2023,,North,,0,,Flat,,,,,,Overcast,411200,0,0,0,2,,,0,,,,,,Auckland Region,Nil,2-way,Sealed,,0,0,,50,,Null,0,0,,76,Auckland,Stop,,,,,0,0,Urban,0,,,Light rain,Null
1761354.9775,5914362.9306,899775,,520202,0,0,0,1,0,North,2024/2025,SOUTHERN MOTORWAY,PENROSE INT N,,Non-Injury Crash,Yes,2024,0,South,0,0,0,Flat,1,,0,,0,Dark,612501,0,0,0,3,0,0,0,0,0,,0,0,Auckland Region,Nil,1-way,Sealed,0,0,0,0,100,0,On,0,0,,76,Auckland,Nil,0,0,0,0,0,0,Open,0,0,0,Fine,Null
1755181.9595,5918280.752,899778,,515500,0,,0,3,,East,2022/2023,NORTH-WESTERN MOTORWAY,ST LUKES ROAD ON RAMP,,Non-Injury Crash,Yes,2023,,East,,0,,Hill Road,,,,,,Dark,418800,0,0,0,4,,,0,,,,,,Auckland Region,Nil,1-way,Sealed,,0,0,,80,,On,0,0,,76,Auckland,Nil,,,,,0,0,Open,0,,,Fine,Null
1758137.8304,5917841.77,899784,,515700,0,,0,1,,Null,2024/2025,GILLIES AVENUE,GILLIES AVENUE OFF RAMP,,Minor Crash,No,2024,,North,,0,,Flat,,,,,,Bright sun,443200,1,0,0,3,,,0,,,,,,Auckland Region,Nil,2-way,Sealed,,0,0,,50,,Off,1,0,,76,Auckland,Traffic Signals,,,,,0,0,Urban,0,,,Fine,Null
1755406.6213,5928935.6899,899785,,508320,0,,0,1,,Null,2022/2023,TRISTRAM AVENUE,WAIRAU ROAD,,Minor Crash,No,2023,,South,,0,,Flat,,,,,,Overcast,198500,1,0,0,4,,,0,,,,,,Auckland Region,Nil,2-way,Sealed,,0,0,,50,,Off,0,0,,76,Auckland,Give way,,,,,1,0,Urban,0,,,Light rain,Null
1779269.8254,5914333.8518,899786,,523300,0,,0,3,,North,2024/2025,WHITFORD MARAETAI ROAD,OKARORO DRIVE,,Non-Injury Crash,No,2025,,South,,0,,Flat,,,,,,Overcast,718900,0,0,0,2,,,0,,,,,,Auckland Region,Nil,2-way,Sealed,,0,0,,80,,None,0,0,50,76,Auckland,Nil,,,,,0,0,Open,0,,,Heavy rain,Null
1737307.4675,5930089.2011,899788,,505602,0,,0,1,,Null,2025/2026,TAPU ROAD,MATUA ROAD,,Minor Crash,No,2025,,South,,0,,Flat,,,,,,Twilight,215903,1,0,0,1,,,0,,,,,,Auckland Region,Nil,2-way,Sealed,,0,0,,50,,Off,0,0,,76,Auckland,Give way,,,,,0,0,Urban,1,,,Fine,Null
1755498.4998,5928984.3731,899789,,508320,0,,0,2,,Null,2022/2023,TRISTRAM AVENUE OFF RAMP,TRISTRAM AVENUE,,Non-Injury Crash,No,2023,,North,,0,,Flat,,,,,,Bright sun,198500,0,0,0,6,,,0,,,,,,Auckland Region,Underpass,2-way,Sealed,,0,0,,50,,Off,0,0,,76,Auckland,Traffic Signals,,,,,0,0,Urban,0,,,Fine,Null
1768960.111,5899588.3923,899796,,525101,0,0,0,1,0,West,2024/2025,MAHIA ROAD,RIMU ROAD,,Non-Injury Crash,No,2025,0,West,0,0,1,Flat,0,,0,,0,Bright sun,770200,0,0,0,2,0,0,0,0,0,,0,1,Auckland Region,Nil,2-way,Sealed,0,0,0,0,50,0,Off,0,0,,76,Auckland,Nil,0,0,0,0,0,0,Urban,0,0,0,Fine,Null
1767803.9336,5910351.1013,899798,,523112,0,0,0,1,0,Null,2025/2026,HIGHBROOK DRIVE,CRYERS ROAD,,Minor Crash,No,2025,0,East,0,0,1,Flat,0,,0,,1,Overcast,711405,1,0,0,2,0,0,0,0,0,,0,0,Auckland Region,Nil,2-way,Sealed,0,0,0,0,50,0,Off,0,0,,76,Auckland,Traffic Signals,0,0,0,0,0,0,Urban,0,0,0,Fine,Null
1755817.1363,5919379.1606,899799,,515420,0,0,0,1,0,West,2024/2025,WILLIAMSON AVENUE,POLLEN STREET,,Serious Crash,No,2024,0,East,0,0,0,Hill Road,0,,1,,0,Overcast,411100,0,0,0,2,0,0,0,0,0,,1,0,Auckland Region,Nil,2-way,Sealed,0,0,1,0,50,0,Off,0,0,,76,Auckland,Nil,0,0,0,0,0,0,Urban,0,0,0,Fine,Null
1766875.6738,5903858.8078,899801,,524604,0,,0,2,,Null,2023/2024,LAMBIE DRIVE,LAMBIE DRIVE OFF RAMP,,Non-Injury Crash,No,2023,,South,,0,,Flat,,,,,,Dark,780210,0,0,0,5,,,0,,,,,,Auckland Region,Overpass,2-way,Sealed,,0,0,,60,,On,0,0,,76,Auckland,Traffic Signals,,,,,0,0,Urban,0,,,Mist or Fog,Null