X,Y,OBJECTID,advisorySpeed,areaUnitID,bicycle,bridge,bus,carStationWagon,cliffBank,crashDirectionDescription,crashFinancialYear,crashLocation1,crashLocation2,crashRoadSideRoad,crashSeverity,crashSHDescription,crashYear,debris,directionRoleDescription,ditch,fatalCount,fence,flatHill,guardRail,holiday,houseOrBuilding,intersection,kerb,light,meshblockId,minorInjuryCount,moped,motorcycle,NumberOfLanes,objectThrownOrDropped,otherObject,otherVehicleType,overBank,parkedVehicle,pedestrian,phoneBoxEtc,postOrPole,region,roadCharacter,roadLane,roadSurface,roadworks,schoolBus,seriousInjuryCount,slipOrFlood,speedLimit,strayAnimal,streetLight,suv,taxi,temporarySpeedLimit,tlaId,tlaName,trafficControl,trafficIsland,trafficSign,train,tree,truck,unknownVehicleType,urban,vanOrUtility,vehicle,waterRiver,weatherA,weatherB
1754018.0042,5936979.5464,899808,,506901,0,0,0,3,0,South,2025/2026,FITZWILLIAM DRIVE,GLENVAR CLOSE,,Minor Crash,No,2025,0,South,0,0,0,Hill Road,0,,0,,0,Dark,166404,1,0,0,2,0,0,0,0,1,,0,0,Auckland Region,Nil,2-way,Sealed,0,0,0,0,50,0,On,0,0,,76,Auckland,Nil,0,0,0,0,0,0,Urban,0,0,0,Fine,Null
1764129.028,5910399.8636,899810,,521801,0,0,0,1,0,Null,2024/2025,LUKE STREET,ATKINSON AVENUE,,Non-Injury Crash,No,2025,0,West,0,0,0,Flat,0,,0,,0,Bright sun,786600,0,0,0,2,0,0,0,0,1,,0,0,Auckland Region,Speed hump,2-way,Sealed,0,0,0,0,50,0,Off,0,0,,76,Auckland,Stop,0,0,0,0,0,0,Urban,0,0,0,Fine,Null
1759279.8459,5908270.5112,899814,,524002,0,,0,2,,South,2024/2025,MCKENZIE ROAD,TARATA CRESCENT,,Non-Injury Crash,No,2025,,South,,0,,Flat,,,,,,Bright sun,725900,0,0,0,2,,,0,,,,,,Auckland Region,Nil,2-way,Sealed,,0,0,,50,,Null,0,0,,76,Auckland,Nil,,,,,0,0,Urban,0,,,Fine,Null
1769835.6028,5901312.98,899817,,523814,0,,0,0,,North,2023/2024,SOUTHERN MOTORWAY,ALFRISTON OBR,,Non-Injury Crash,Yes,2023,,South,,0,,Hill Road,,,,,,Dark,759510,0,0,0,3,,,0,,,1,,,Auckland Region,Nil,1-way,Sealed,,0,0,,100,,On,0,0,,76,Auckland,Nil,,,,,1,0,Open,0,,,Fine,Null
1756306.2468,5924547.9233,899818,,509702,0,,0,2,,West,2024/2025,ONEWA ROAD ON RAMP,ONEWA ROAD,,Non-Injury Crash,No,2024,,East,,0,,Flat,,,,,,Overcast,366700,0,0,0,2,,,0,,,,,,Auckland Region,Bridge,1-way,Sealed,,0,0,,50,,Off,0,0,,76,Auckland,Nil,,,,,0,0,Urban,1,,,Fine,Strong wind
1767835.019,5907854.7882,899821,,523502,0,0,0,2,0,South,2023/2024,DOUGHTY PLACE,HAMILL ROAD,,Serious Crash,No,2023,0,South,0,0,0,Flat,0,,0,,0,Bright sun,703900,0,0,0,2,0,0,0,0,1,,0,0,Auckland Region,Nil,2-way,Sealed,0,0,1,0,30,0,Off,0,0,,76,Auckland,Nil,0,0,0,0,0,0,Urban,1,0,0,Fine,Null
1769089.0146,5915563.9517,899824,,522730,0,0,0,3,0,Null,2025/2026,PRINCE REGENT DRIVE,IMOGENE WAY,,Minor Crash,No,2025,0,North,0,0,0,Flat,0,,0,,0,Dark,679700,2,0,0,2,0,0,0,0,1,,0,0,Auckland Region,Nil,2-way,Sealed,0,0,0,0,50,0,None,0,0,20,76,Auckland,Nil,0,0,0,0,0,0,Urban,0,0,0,Fine,Null
1764024.7338,5905055.9602,899825,,522100,0,,0,2,,Null,2022/2023,HILLSIDE ROAD,PAH ROAD,,Non-Injury Crash,No,2023,,West,,0,,Flat,,,,,,Bright sun,658600,0,0,0,2,,,0,,,,,,Auckland Region,Nil,2-way,Sealed,,0,0,,50,,Off,0,0,,76,Auckland,Give way,,,,,0,0,Urban,0,,,Fine,Null
1752363.9904,5918011.3521,899826,,515003,0,,0,3,,West,2025/2026,NORTH-WESTERN MOTORWAY,CARRINGTON OBR,,Non-Injury Crash,Yes,2025,,West,,0,,Flat,,,,,,Bright sun,391602,0,0,0,4,,,0,,,,,,Auckland Region,Nil,1-way,Sealed,,0,0,,100,,Off,0,0,,76,Auckland,Nil,,,,,0,0,Open,0,,,Fine,Null
1754101.3266,5918426.5473,899830,,515431,0,,0,1,,Null,2024/2025,GREAT NORTH ROAD,ST LUKES ROAD OFF RAMP,,Non-Injury Crash,No,2025,,East,,0,,Null,,,,,,Bright sun,406300,0,0,0,6,,,0,,,,,,Auckland Region,Nil,2-way,Sealed,,0,0,,50,,Null,0,0,,76,Auckland,Traffic Signals,,,,,0,0,Urban,1,,,Fine,Null
1749806.161,5913456.2078,899832,,511303,0,,1,1,,South,2025/2026,RANKIN AVENUE,WAIKOMITI STREET,,Minor Crash,No,2025,,South,,0,,Flat,,,,,,Overcast,265001,1,0,0,3,,,0,,,,,,Auckland Region,Nil,2-way,Sealed,,0,0,,50,,Off,0,0,,76,Auckland,Nil,,,,,0,0,Urban,0,,,Fine,Null
1770397.7963,5911918.4902,899835,,523106,0,,0,1,,North,2024/2025,BOTANY ROAD,GOLFLAND DRIVE,,Non-Injury Crash,No,2024,,South,,0,,Flat,,,,,,Overcast,711186,0,0,0,2,,,0,,,,,,Auckland Region,Nil,1-way,Sealed,,0,0,,50,,Off,2,0,,76,Auckland,Nil,,,,,0,0,Urban,0,,,Light rain,Null
1752938.4996,5914806.5205,899842,,517902,0,,0,2,,West,2024/2025,SH 20,MAIORO STREET OFF RAMP,,Minor Crash,Yes,2025,,East,,0,,Flat,,,,,,Dark,518900,1,0,0,3,,,0,,,,,,Auckland Region,Nil,1-way,Sealed,,0,0,,80,,On,0,1,,76,Auckland,Nil,,,,,0,0,Open,0,,,Fine,Null
1753533.3248,5876035.9825,899845,,526104,0,0,0,2,0,East,2022/2023,KITCHENER ROAD,QUEEN STREET,,Non-Injury Crash,No,2023,0,East,0,0,0,Flat,0,,0,,0,Bright sun,834800,0,0,0,2,0,0,0,0,1,,0,0,Auckland Region,Nil,2-way,Sealed,0,0,0,0,50,0,Off,0,0,,76,Auckland,Nil,0,0,0,0,0,0,Urban,0,0,0,Fine,Null
1762029.7068,5909024.258,899848,,524402,0,0,0,3,0,South,2025/2026,SAVILL DRIVE,JAMES FLETCHER DRIVE,,Minor Crash,No,2025,0,North,0,0,0,Flat,0,,0,,0,Overcast,749800,1,0,0,2,0,0,0,0,2,,0,0,Auckland Region,Nil,2-way,Sealed,0,0,0,0,50,0,Off,1,0,,76,Auckland,Nil,0,0,0,0,0,0,Urban,0,0,0,Light rain,Frost
1758532.4612,5917986.4372,899850,,516101,0,,0,0,,South,2024/2025,REMUERA ROAD,NUFFIELD STREET,,Non-Injury Crash,No,2024,,North,,0,,Null,,,,,,Bright sun,480601,0,0,0,4,,,0,,,,,,Auckland Region,Nil,2-way,Sealed,,0,0,,50,,Null,1,0,,76,Auckland,Traffic Signals,,,,,0,0,Urban,1,,,Fine,Null
1749660.8071,5913425.0387,899851,,511401,0,,0,1,,Null,2024/2025,MARGAN AVENUE,SEABROOK AVENUE,,Minor Crash,No,2024,,East,,0,,Flat,,,,,,Bright sun,264400,1,0,0,2,,,0,,,1,,,Auckland Region,Nil,2-way,Sealed,,0,0,,50,,Off,0,0,,76,Auckland,Stop,,,,,0,0,Urban,0,,,Fine,Null
1744300.3098,5922290.1873,899856,,513512,0,0,0,1,0,Null,2024/2025,HELLEUR ROAD,MAKORA ROAD,,Non-Injury Crash,No,2025,0,East,0,0,0,Hill Road,0,,0,,0,Dark,225600,0,0,0,2,0,1,0,0,0,,0,0,Auckland Region,Nil,2-way,Sealed,0,0,0,0,50,0,On,0,0,,76,Auckland,Give way,0,0,0,0,0,0,Urban,0,0,0,Light rain,Null
1763167.0916,5890418.0312,899864,,521122,0,0,0,1,0,North,2025/2026,BATTY ROAD,BIDDICK ROAD,,Non-Injury Crash,No,2025,0,North,0,0,0,Flat,0,,0,,0,Dark,809800,0,0,0,2,0,0,0,0,0,,0,0,Auckland Region,Nil,2-way,Sealed,0,0,0,0,60,0,Null,0,0,,76,Auckland,Nil,0,0,0,0,0,0,Urban,0,0,0,Null,Null
1746765.6919,5917596.5682,899865,,512500,0,,0,0,,Null,2022/2023,TE ATATU ROAD,MCLEOD ROAD,,Non-Injury Crash,No,2023,,South,,0,,Flat,,,,,,Bright sun,258200,0,0,1,4,,,0,,,,,,Auckland Region,Nil,2-way,Sealed,,0,0,,50,,Off,1,0,,76,Auckland,Traffic Signals,,,,,0,0,Urban,0,,,Fine,Null
1755317.7282,5936817.6147,899868,,506902,0,0,0,3,0,South,2024/2025,GEOFFREY ROAD,GLAMORGAN DRIVE,,Non-Injury Crash,No,2025,0,North,0,0,0,Hill Road,0,,0,,0,Dark,165604,0,0,0,2,0,0,0,0,1,,0,0,Auckland Region,Nil,2-way,Sealed,0,0,0,0,50,0,None,0,0,,76,Auckland,Nil,0,0,0,0,0,0,Urban,0,0,0,Fine,Null
1760673.3984,5908202.0165,899869,,524403,0,0,0,3,0,Null,2022/2023,ROBERTSON ROAD,GADSBY ROAD,,Non-Injury Crash,No,2023,0,West,0,0,0,Flat,0,,0,,2,Overcast,731103,0,0,0,2,0,0,0,0,0,,0,0,Auckland Region,Nil,2-way,Sealed,0,0,0,0,50,0,Off,0,0,,76,Auckland,Give way,0,0,0,0,0,0,Urban,0,0,0,Light rain,Strong wind
1748778.851,5914477.0863,899872,,511302,0,,0,2,,Null,2024/2025,RIMU STREET,LYNWOOD ROAD,,Non-Injury Crash,No,2025,,West,,0,,Flat,,,,,,Twilight,268200,0,0,0,2,,,0,,,,,,Auckland Region,Nil,2-way,Sealed,,0,0,,50,,Off,0,0,,76,Auckland,Stop,,,,,0,0,Urban,0,,,Fine,Null
1755420.4583,5928894.9269,899874,,508320,0,,0,1,,South,2025/2026,WAIRAU ROAD,HILLSIDE ROAD,,Non-Injury Crash,No,2025,,North,,0,,Flat,,,,,,Unknown,198600,0,0,0,4,,,0,,,,,,Auckland Region,Nil,2-way,Sealed,,0,0,,50,,Null,0,0,,76,Auckland,Nil,,,,,0,0,Urban,1,,,Null,Null
1767105.8156,5901051.6458,899877,,524720,0,0,0,1,0,North,2023/2024,SWALLOW DRIVE,WORDSWORTH ROAD,,Non-Injury Crash,No,2023,0,North,0,0,1,Flat,0,,0,,0,Twilight,777504,0,0,0,2,0,0,0,0,0,,0,0,Auckland Region,Nil,2-way,Sealed,0,0,0,0,50,0,On,0,0,30,76,Auckland,Nil,0,0,0,0,0,0,Urban,0,0,0,Fine,Null
1767027.6323,5903662.3158,899879,,524602,0,,0,2,,Null,2024/2025,DRUCES ROAD,DRUCES ROAD,,Serious Crash,No,2025,,South,,0,,Flat,,,,,,Bright sun,780411,0,0,0,2,,,0,,,,,,Auckland Region,Nil,1-way,Sealed,,0,1,,50,,Off,0,0,,76,Auckland,Nil,,,,,0,0,Urban,0,,,Fine,Null
1754328.8328,5915674.3754,899881,,517702,0,0,0,2,0,South,2023/2024,WATEA ROAD,HAVERSTOCK ROAD,,Non-Injury Crash,No,2024,0,North,0,0,0,Hill Road,0,,0,,0,Dark,541100,0,0,0,2,0,0,0,0,1,,0,0,Auckland Region,Nil,2-way,Sealed,0,0,0,0,50,0,On,0,0,,76,Auckland,Nil,0,0,0,0,0,0,Urban,0,0,0,Fine,Null
1732019.4735,5952995.6606,899882,,506646,0,,0,0,,North,2024/2025,KAIPARA COAST HIGHWAY,BASIL ORR ROAD,,Non-Injury Crash,Yes,2024,,North,,0,,Hill Road,,,,,,Bright sun,212401,0,0,1,2,,,0,,,,,,Auckland Region,Nil,2-way,Sealed,,0,0,,100,,None,0,0,,76,Auckland,Nil,,,,,0,0,Open,1,,,Fine,Null
1772903.3612,5890728.1626,899884,,521301,0,0,0,0,1,Null,2024/2025,GREAT SOUTH ROAD,PITT ROAD,,Serious Crash,No,2025,0,South,0,0,0,Hill Road,0,,0,,0,Bright sun,809200,2,0,0,2,0,0,0,0,0,,0,0,Auckland Region,Nil,2-way,Sealed,0,0,1,0,80,0,Off,0,0,,76,Auckland,Give way,0,0,0,0,1,0,Open,1,0,0,Fine,Null
1752337.8059,5888034.1753,899885,25,521122,0,0,0,1,0,Null,2023/2024,CLARKS BEACH ROAD,WHARF ROAD,,Non-Injury Crash,No,2024,0,South,0,0,1,Flat,0,,0,,0,Dark,810612,0,0,0,2,0,0,0,0,0,,0,0,Auckland Region,Nil,2-way,Sealed,0,0,0,0,50,0,On,0,0,,76,Auckland,Give way,0,0,0,0,0,0,Urban,0,0,0,Fine,Null
1753231.7224,5918285.5788,899886,,515002,0,,0,2,,West,2024/2025,NORTH-WESTERN MOTORWAY,ST LUKES OBR,,Non-Injury Crash,Yes,2025,,West,,0,,Flat,,,,,,Bright sun,390501,0,0,0,4,,,0,,,,,,Auckland Region,Nil,1-way,Sealed,,0,0,,80,,Off,0,0,,76,Auckland,Nil,,,,,0,0,Open,0,,,Fine,Null
1757124.6119,5925700.995,899888,,509702,0,,0,1,,North,2024/2025,NORTHERN MOTORWAY,ESMONDE ROAD OFF RAMP,,Non-Injury Crash,Yes,2025,,North,,0,,Flat,,,,,,Dark,364602,0,0,1,3,,,0,,,,,,Auckland Region,Nil,1-way,Sealed,,0,0,,100,,On,0,0,,76,Auckland,Nil,,,,,0,0,Open,0,,,Fine,Null
1760308.3465,5916839.804,899892,,516202,0,0,0,2,0,East,2024/2025,REMUERA ROAD,VICTORIA AVENUE,,Non-Injury Crash,No,2024,0,West,0,0,0,Flat,0,,0,,0,Bright sun,490500,0,0,0,4,0,0,0,0,1,,0,0,Auckland Region,Nil,2-way,Sealed,0,0,0,0,50,0,Off,0,0,,76,Auckland,Nil,0,0,0,0,0,0,Urban,0,0,0,Fine,Frost
1771192.8333,5898135.6911,899896,,523912,0,,0,0,,West,2024/2025,GREAT SOUTH ROAD,GLENORA ROAD,,Non-Injury Crash,No,2025,,South,,0,,Null,,,,,,Unknown,767705,0,0,0,2,,,0,,,,,,Auckland Region,Nil,2-way,Null,,0,0,,50,,Null,1,0,,76,Auckland,Nil,,,,,1,0,Urban,0,,,Null,Null
1766157.7994,5914342.4496,899898,,520601,0,0,0,1,0,North,2024/2025,DUNKIRK ROAD,KINGS ROAD,,Non-Injury Crash,No,2024,0,South,0,0,0,Flat,0,,0,,0,Bright sun,629900,0,0,0,2,0,0,0,0,1,,0,1,Auckland Region,Nil,2-way,Sealed,0,0,0,0,50,0,Off,0,0,,76,Auckland,Nil,0,0,0,0,0,0,Urban,1,0,0,Fine,Null
1756045.3265,5920292.176,899899,,514000,0,0,0,1,0,South,2023/2024,FRANKLIN ROAD,NAPIER STREET,,Minor Crash,No,2024,0,North,0,0,1,Hill Road,0,,0,,0,Bright sun,416900,1,0,0,2,0,1,0,0,0,,1,0,Auckland Region,Nil,2-way,Sealed,0,0,0,0,30,0,Off,0,0,,76,Auckland,Nil,0,0,0,0,0,0,Urban,0,0,0,Fine,Null
1757196.3695,5926978.4574,899902,,507900,0,,0,0,,Null,2025/2026,TAHAROTO ROAD,KILLARNEY STREET,,Non-Injury Crash,No,2025,,South,,0,,Flat,,,,,,Unknown,305000,0,0,0,4,,,0,,,,,,Auckland Region,Nil,2-way,Sealed,,0,0,,50,,Off,0,0,,76,Auckland,Traffic Signals,,,,,0,0,Urban,2,,,Fine,Null
1743568.3469,5924044.186,899911,,513410,0,0,0,1,0,West,2025/2026,KOHUHU LANE,MAKI STREET,,Non-Injury Crash,No,2025,0,West,0,0,0,Flat,0,,0,,0,Dark,224000,0,0,0,2,0,0,0,0,0,,0,1,Auckland Region,Speed hump,2-way,Sealed,0,0,0,0,10,0,On,0,0,,76,Auckland,Nil,0,0,0,0,0,0,Urban,0,0,0,Light rain,Null
1757651.5593,5920902.139,899924,,514101,0,0,0,1,0,Null,2023/2024,COMMERCE STREET,GALWAY STREET,,Non-Injury Crash,No,2023,0,North,0,0,0,Flat,0,,0,,0,Dark,437903,0,0,0,2,0,0,0,0,0,,0,0,Auckland Region,Nil,2-way,Sealed,0,0,0,0,30,0,On,0,0,,76,Auckland,Traffic Signals,0,1,0,0,0,0,Urban,0,0,0,Fine,Null
1764311.0748,5908865.6931,899925,,521901,0,,0,1,,North,2024/2025,GREAT SOUTH ROAD,NGAIO STREET,,Non-Injury Crash,No,2025,,North,,0,,Flat,,,,,,Dark,785200,0,0,0,4,,,0,,,,,,Auckland Region,Nil,2-way,Sealed,,0,0,,50,,On,1,0,,76,Auckland,Nil,,,,,0,0,Urban,0,,,Fine,Null
1752003.7954,5918047.0727,899926,,515001,0,0,1,0,0,Null,2022/2023,GREAT NORTH ROAD OFF RAMP,GREAT NORTH ROAD,,Non-Injury Crash,No,2023,0,East,0,0,0,Flat,0,,0,,0,Twilight,392400,0,0,1,2,0,0,0,0,0,,0,0,Auckland Region,Nil,1-way,Sealed,0,0,0,0,50,0,On,0,0,,76,Auckland,Traffic Signals,1,0,0,0,0,0,Urban,0,0,0,Fine,Null
1768339.6887,5882073.0509,899928,,525910,0,0,0,2,0,Null,2023/2024,KAYES ROAD,MARGARITA RISE,,Non-Injury Crash,No,2023,0,West,0,0,1,Flat,0,,0,,0,Dark,817901,0,0,0,2,0,0,0,0,1,,0,0,Auckland Region,Nil,2-way,Sealed,0,0,0,0,50,0,On,0,0,,76,Auckland,Nil,0,0,0,0,0,0,Urban,0,0,0,Fine,Null
1765033.0816,5910494.1365,899929,35,521803,0,0,0,1,0,West,2025/2026,PRINCES ST-OTAHUHU OFF RAMP,FRANK GREY PLACE,,Minor Crash,No,2025,0,South,0,0,0,Flat,1,,0,,0,Dark,790000,1,0,0,1,0,0,0,0,0,,0,0,Auckland Region,Motorway ramp,1-way,Sealed,0,0,0,0,100,0,On,0,0,,76,Auckland,Nil,0,0,0,0,0,0,Open,0,0,0,Light rain,Strong wind
1765099.1185,5910093.3331,899937,,521803,0,0,0,1,0,North,2025/2026,SOUTHERN MOTORWAY,PRINCES ST-OTAHUHU ON RAMP,,Minor Crash,Yes,2025,0,South,0,0,0,Flat,0,,0,,0,Bright sun,790500,2,0,0,3,0,0,0,0,0,,0,1,Auckland Region,Nil,1-way,Sealed,0,0,0,0,100,0,Off,1,0,,76,Auckland,Nil,0,0,0,0,1,0,Open,0,0,0,Fine,Null
1749777.3687,5912118.6063,899940,,511402,0,,0,2,,South,2023/2024,GOLF ROAD,ASTLEY AVENUE,,Non-Injury Crash,No,2023,,West,,0,,Flat,,,,,,Bright sun,261300,0,0,0,2,,,0,,,,,,Auckland Region,Nil,2-way,Sealed,,0,0,,50,,Off,0,0,,76,Auckland,Nil,,,,,0,0,Urban,0,,,Fine,Null
1756173.6752,5924079.948,899942,,509800,0,,0,2,,South,2023/2024,NORTHERN MOTORWAY,NORTHERN BUSWAY,,Minor Crash,Yes,2023,,South,,0,,Flat,,,,,,Bright sun,361100,1,0,0,5,,,0,,,,,,Auckland Region,Nil,1-way,Sealed,,0,0,,80,,Off,0,0,,76,Auckland,Nil,,,,,0,0,Open,0,,,Fine,Null
1764820.041,5880086.4498,899943,,521112,0,,0,3,,Null,2024/2025,PATUMAHOE ROAD,UNION ROAD,,Non-Injury Crash,No,2025,,South,,0,,Hill Road,,,,,,Overcast,825600,0,0,0,2,,,0,,,,,,Auckland Region,Nil,2-way,Sealed,,0,0,,80,,Off,0,0,,76,Auckland,Give way,,,,,0,0,Open,0,,,Fine,Null
1741852.2462,5918571.6721,899947,,513214,0,0,0,1,0,Null,2024/2025,POOKS ROAD,HETHERINGTON ROAD,,Non-Injury Crash,No,2025,0,East,1,0,0,Flat,0,,0,,0,Bright sun,238402,0,0,0,2,0,0,0,0,0,,0,0,Auckland Region,Nil,2-way,Sealed,0,0,0,0,50,0,None,0,0,,76,Auckland,Give way,0,0,0,0,0,0,Urban,0,0,0,Fine,Null
1772978.9438,5896859.9067,899954,25,525420,0,,0,1,,Null,2024/2025,INGRAM STREET,PRICTOR STREET,,Minor Crash,No,2024,,East,,0,,Flat,,,,,,Dark,792700,2,0,0,2,,,0,,,,,,Auckland Region,Nil,2-way,Sealed,,0,0,,50,,On,1,0,,76,Auckland,Give way,,,,,0,0,Urban,0,,,Heavy rain,Null
1771012.7429,5898286.8022,899955,,523912,0,0,0,1,0,West,2024/2025,GREAT SOUTH ROAD,BEACH ROAD,,Non-Injury Crash,No,2024,0,North,0,0,0,Flat,0,,0,,0,Bright sun,767705,0,0,0,2,0,0,0,0,0,,0,0,Auckland Region,Nil,2-way,Sealed,0,0,0,0,50,0,Off,0,0,40,76,Auckland,Nil,0,1,0,0,0,0,Urban,0,0,0,Fine,Frost
1743416.8572,5916510.3949,899958,,513011,0,0,0,2,0,North,2023/2024,STURGES ROAD,SAN BERNADINO DRIVE,,Minor Crash,No,2024,0,South,0,0,0,Flat,0,,0,,0,Dark,280708,1,0,0,2,0,0,0,0,1,,0,0,Auckland Region,Nil,2-way,Sealed,0,0,0,0,50,0,On,0,0,,76,Auckland,Nil,0,0,0,0,0,0,Urban,0,0,0,Fine,Null
1761945.8944,5906372.2292,899961,,524200,0,,0,2,,South,2025/2026,SOUTH-WESTERN MOTORWAY,MASSEY ROAD ON RAMP,,Non-Injury Crash,Yes,2025,,South,,0,,Flat,,,,,,Overcast,728700,0,0,0,2,,,0,,,,,,Auckland Region,Motorway ramp,1-way,Sealed,,0,0,,100,,Off,0,0,,76,Auckland,Nil,,,,,0,0,Open,0,,,Fine,Null
1764313.7852,5909529.7147,899968,,521901,0,,0,1,,South,2022/2023,GREAT SOUTH ROAD,HIGH STREET,,Non-Injury Crash,No,2023,,South,,0,,Flat,,,,,,Dark,784600,0,0,0,4,,,0,,,,,,Auckland Region,Nil,2-way,Sealed,,0,0,,50,,On,1,0,,76,Auckland,Nil,,,,,0,0,Urban,0,,,Fine,Null
1743438.5692,5924368.6788,899969,,513410,0,,0,0,,Null,2024/2025,KEDGLEY ROAD,BARBOUR ROAD,,Minor Crash,No,2025,,West,,0,,Flat,,,,,,Bright sun,224000,1,0,1,2,,,0,,,,,,Auckland Region,Nil,2-way,Sealed,,0,0,,50,,None,1,0,,76,Auckland,Traffic Signals,,,,,0,0,Urban,0,,,Fine,Null
1748920.2471,5941831.8555,899973,,506300,0,,0,0,,South,2024/2025,NORTHERN MOTORWAY,WILKS OBR,,Non-Injury Crash,Yes,2025,,South,,0,,Flat,,,,,,Overcast,175902,0,0,0,2,,,0,,,,,,Auckland Region,Nil,1-way,Sealed,,0,0,,100,,Off,1,0,,76,Auckland,Nil,,,,,0,0,Open,1,,,Light rain,Null
1753988.8602,5929367.6978,899975,,508420,0,,0,1,,Null,2024/2025,ELLICE ROAD,WAIRAU ROAD,,Non-Injury Crash,No,2025,,South,,0,,Null,,,,,,Unknown,183300,0,0,0,2,,,0,,,,,,Auckland Region,Nil,2-way,Sealed,,0,0,,50,,On,1,0,,76,Auckland,Stop,,,,,0,0,Urban,0,,,Fine,Null
1748696.0759,5946087.5595,899980,,506201,0,0,0,1,0,North,2023/2024,NORTHERN MOTORWAY,DAIRY FLAT HIGHWAY,,Non-Injury Crash,Yes,2023,0,North,0,0,0,Flat,1,,0,,0,Overcast,176603,0,0,0,4,0,0,0,0,0,,0,0,Auckland Region,Nil,2-way,Sealed,0,0,0,0,100,0,Off,0,0,,76,Auckland,Nil,0,0,0,0,0,0,Open,0,0,0,Fine,Null
1745656.0302,5922682.2793,899981,,513530,0,0,0,2,0,Null,2025/2026,ROYAL ROAD,SPARGO ROAD,,Non-Injury Crash,No,2025,0,North,0,0,0,Hill Road,0,,0,,0,Overcast,226005,0,0,0,2,0,0,0,0,1,,0,0,Auckland Region,Nil,2-way,Sealed,0,0,0,0,50,0,Off,0,0,,76,Auckland,Give way,0,0,0,0,0,0,Urban,0,0,0,Fine,Null
1752611.2097,5917428.9938,899984,,515003,0,0,0,2,0,East,2022/2023,FONTENOY STREET,CARRINGTON ROAD,,Non-Injury Crash,No,2023,0,North,0,0,0,Hill Road,0,,0,,0,Overcast,391200,0,0,0,2,0,0,0,0,1,,0,0,Auckland Region,Nil,2-way,Sealed,0,0,0,0,50,0,Off,0,0,,76,Auckland,Nil,0,0,0,0,0,0,Urban,1,0,0,Fine,Null
1756137.8626,5923917.9638,899988,,509800,0,0,0,1,0,South,2023/2024,NORTHERN MOTORWAY,WEIGH BRIDGE,,Non-Injury Crash,Yes,2023,0,South,0,0,0,Flat,1,Christmas New Year,0,,0,Dark,361200,0,0,0,6,0,0,0,0,0,,0,0,Auckland Region,Nil,2-way,Sealed,0,0,0,0,80,0,On,0,0,,76,Auckland,Nil,0,0,0,0,0,0,Open,0,0,0,Heavy rain,Null
1764071.2359,5904305.5556,899994,,522100,0,,0,1,,Null,2023/2024,PUHINUI ROAD-SH 20B OFF RAMP,PUHINUI ROAD,,Non-Injury Crash,Yes,2023,,South,,0,,Flat,,,,,,Dark,781001,0,0,0,2,,,0,,,,,,Auckland Region,Motorway ramp,1-way,Sealed,,0,0,,50,,On,0,0,,76,Auckland,Traffic Signals,,,,,0,0,Urban,1,,,Fine,Null
1768036.4438,5907814.6205,899996,,523502,0,,0,2,,West,2024/2025,EAST TAMAKI ROAD,PRESTON ROAD,,Minor Crash,No,2024,,East,,0,,Flat,,,,,,Overcast,703800,1,0,0,4,,,0,,,,,,Auckland Region,Nil,2-way,Sealed,,0,0,,50,,Off,0,0,,76,Auckland,Nil,,,,,0,0,Urban,1,,,Fine,Null
1762037.3501,5906837.6388,900000,,524302,0,0,0,1,0,South,2024/2025,MASSEY ROAD,JOHN STREET,,Minor Crash,No,2024,0,West,0,0,0,Flat,0,,1,,0,Dark,743500,1,0,0,2,0,0,0,0,1,,0,0,Auckland Region,Nil,2-way,Sealed,0,0,0,0,50,0,On,0,0,,76,Auckland,Nil,0,0,0,0,0,0,Urban,1,0,0,Fine,Null
1772418.161,5895282.2877,900001,,525530,0,,0,2,,West,2025/2026,BEACH ROAD,ARGYLE AVENUE,,Minor Crash,No,2026,,East,,0,,Flat,,,,,,Overcast,804701,1,0,0,2,,,0,,,,,,Auckland Region,Nil,2-way,Sealed,,0,0,,50,,Null,0,0,,76,Auckland,Nil,,,,,0,0,Urban,0,,,Fine,Null
1755746.5518,5916335.0371,900006,,518201,0,,0,1,,North,2025/2026,DOMINION ROAD,DUNBAR ROAD,,Minor Crash,No,2025,,North,,0,,Flat,,,,,,Bright sun,553200,1,1,0,4,,,0,,,,,,Auckland Region,Nil,2-way,Sealed,,0,0,,50,,Off,0,0,,76,Auckland,Nil,,,,,0,0,Urban,0,,,Fine,Null
1766985.5129,5907535.3327,900014,,523602,0,,0,2,,Null,2025/2026,COBHAM CRESCENT,NOLA CRESCENT,,Non-Injury Crash,No,2025,,West,,0,,Flat,,,,,,Dark,709300,0,0,0,2,,,0,,,,,,Auckland Region,Nil,2-way,Sealed,,0,0,,50,,On,0,0,30,76,Auckland,Nil,,,,,0,0,Urban,0,,,Fine,Strong wind
1768941.0747,5905960.4154,900015,,523712,0,,0,1,,North,2023/2024,TE IRIRANGI DRIVE,DAWSON ROAD,,Minor Crash,No,2024,,West,,0,,Flat,,Christmas New Year,,,,Overcast,713013,1,0,0,2,,,0,,,1,,,Auckland Region,Nil,2-way,Sealed,,0,0,,60,,Off,0,0,30,76,Auckland,Nil,,,,,0,0,Urban,0,,,Fine,Null
1757384.8666,5912300.7264,900016,35,518702,0,0,0,0,0,Null,2024/2025,QUEENSTOWN ROAD,HENDRY AVENUE,,Non-Injury Crash,No,2025,0,South,0,0,0,Hill Road,0,,0,,0,Dark,570900,0,0,0,2,0,0,0,0,0,,0,1,Auckland Region,Nil,1-way,Sealed,0,0,0,0,50,0,On,0,0,,76,Auckland,Give way,0,0,0,0,0,0,Urban,1,0,0,Fine,Null