X,Y,OBJECTID,advisorySpeed,areaUnitID,bicycle,bridge,bus,carStationWagon,cliffBank,crashDirectionDescription,crashFinancialYear,crashLocation1,crashLocation2,crashRoadSideRoad,crashSeverity,crashSHDescription,crashYear,debris,directionRoleDescription,ditch,fatalCount,fence,flatHill,guardRail,holiday,houseOrBuilding,intersection,kerb,light,meshblockId,minorInjuryCount,moped,motorcycle,NumberOfLanes,objectThrownOrDropped,otherObject,otherVehicleType,overBank,parkedVehicle,pedestrian,phoneBoxEtc,postOrPole,region,roadCharacter,roadLane,roadSurface,roadworks,schoolBus,seriousInjuryCount,slipOrFlood,speedLimit,strayAnimal,streetLight,suv,taxi,temporarySpeedLimit,tlaId,tlaName,trafficControl,trafficIsland,trafficSign,train,tree,truck,unknownVehicleType,urban,vanOrUtility,vehicle,waterRiver,weatherA,weatherB
1751314.502,5949764.1907,900023,,505805,0,,0,1,,Null,2023/2024,CENTREWAY ROAD,FLORENCE AVENUE,,Minor Crash,No,2024,,East,,0,,Flat,,,,,,Bright sun,171709,1,0,0,2,,,0,,,,,,Auckland Region,Nil,2-way,Sealed,,0,0,,50,,Off,1,0,,76,Auckland,Give way,,,,,0,0,Urban,0,,,Fine,Null
1765750.7815,5901155.8988,900024,,524821,0,,0,2,,Null,2025/2026,ROSCOMMON ROAD,FINLAYSON AVENUE,,Non-Injury Crash,No,2025,,North,,0,,Flat,,,,,,Bright sun,774446,0,0,0,2,,,0,,,,,,Auckland Region,Nil,1-way,Sealed,,0,0,,50,,None,0,0,,76,Auckland,Give way,,,,,0,0,Urban,0,,,Fine,Null
1763879.127,5917558.1349,900026,,516302,0,0,0,1,0,East,2024/2025,ST JOHNS ROAD,TRUMAN STREET,,Non-Injury Crash,No,2025,0,East,0,0,0,Flat,0,,0,,0,Twilight,462700,0,0,0,2,0,0,0,0,0,,0,1,Auckland Region,Speed hump,2-way,Sealed,0,0,0,0,50,0,On,0,0,,76,Auckland,Nil,0,1,0,0,0,0,Urban,0,0,0,Fine,Null
1765610.3988,5908907.2696,900027,45,523402,0,,0,2,,Null,2023/2024,HIGHBROOK DRIVE,HIGHBROOK DRIVE OFF RAMP,,Non-Injury Crash,No,2024,,East,,0,,Flat,,,,,,Bright sun,696900,0,0,0,2,,,0,,,,,,Auckland Region,Motorway ramp,1-way,Unsealed,,0,0,,50,,None,0,0,,76,Auckland,Give way,,,,,0,0,Urban,0,,,Fine,Null
1765351.682,5904463.7781,900030,,524603,0,0,0,2,0,North,2025/2026,CLENDON AVENUE,SEDDON AVENUE,,Non-Injury Crash,No,2025,0,North,0,0,0,Flat,0,,0,,0,Bright sun,674200,0,0,0,2,0,0,0,0,1,,0,0,Auckland Region,Nil,2-way,Sealed,0,0,0,0,50,0,Off,0,0,,76,Auckland,Nil,0,0,0,0,0,0,Urban,0,0,0,Fine,Null
1758939.3852,5912964.2321,900032,,519820,0,,0,1,,Null,2025/2026,TRAFALGAR STREET,ONEHUNGA MALL,,Non-Injury Crash,No,2025,,East,,0,,Flat,,,,,,Bright sun,599400,0,0,0,2,,,0,,,,,,Auckland Region,Nil,2-way,Sealed,,0,0,,50,,Off,1,0,,76,Auckland,Traffic Signals,,,,,0,0,Urban,0,,,Fine,Null
1765764.4148,5908163.739,900035,,523404,0,0,0,0,0,South,2024/2025,SOUTHERN MOTORWAY,BAIRDS OBR,,Serious Crash,Yes,2024,0,North,0,0,0,Flat,1,,0,,0,Dark,696801,1,0,0,3,0,0,0,0,0,,0,0,Auckland Region,Nil,1-way,Sealed,0,0,1,0,100,0,On,0,0,,76,Auckland,Nil,0,0,0,0,0,0,Open,1,0,0,Fine,Null
1763793.1196,5907572.4732,900041,,521902,0,,0,1,,Null,2023/2024,OFF ROAD HOSPITAL ENTRANCE,,,Minor Crash,No,2024,,South,,0,,Flat,,,,,,Bright sun,786500,1,0,0,0,,,0,,,,,,Auckland Region,Speed hump,Off road,Sealed,,0,0,,,,None,0,0,,76,Auckland,Nil,,,,,0,0,Urban,1,,,Fine,Null
1774774.0803,5887724.2698,900042,,521302,0,,0,1,,Null,2025/2026,SOUTHERN MOTORWAY,RAMARAMA ON RAMP,,Non-Injury Crash,Yes,2025,,North,,0,,Flat,,,,,,Bright sun,809101,0,0,0,2,,,0,,,,,,Auckland Region,Motorway ramp,1-way,Sealed,,0,0,,100,,Off,0,0,,76,Auckland,Nil,,,,,1,0,Open,0,,,Fine,Null
1751896.6575,5930450.701,900043,,509100,0,,0,1,,North,2023/2024,UPPER HARBOUR MOTORWAY,ALBANY HIGHWAY OFF RAMP,,Non-Injury Crash,Yes,2024,,South,,0,,Hill Road,,,,,,Bright sun,181003,0,0,0,2,,,0,,,,,,Auckland Region,Nil,1-way,Sealed,,0,0,,100,,Off,1,0,,76,Auckland,Nil,,,,,0,0,Open,0,,,Fine,Null
1772282.556,5897519.8233,900044,,523912,0,0,0,2,0,Null,2025/2026,PORCHESTER ROAD,WATERVIEW ROAD EAST,,Non-Injury Crash,No,2026,0,South,0,0,0,Flat,0,,0,,0,Dark,766400,0,0,0,2,0,0,0,0,1,,0,0,Auckland Region,Nil,2-way,Sealed,0,0,0,0,50,0,On,0,0,,76,Auckland,Nil,0,0,0,0,0,0,Urban,0,0,0,Fine,Null
1751082.4813,5954631.4289,900046,,506201,0,0,0,1,0,East,2025/2026,WERANUI ROAD,WAIWERA VIADUCT MID,,Non-Injury Crash,No,2026,0,West,0,0,0,Flat,0,,0,,0,Bright sun,176204,0,0,0,2,0,0,0,0,0,,0,0,Auckland Region,Nil,2-way,Unsealed,0,0,0,0,100,0,None,0,0,,76,Auckland,Nil,0,0,0,1,0,0,Open,0,0,0,Fine,Null
1759263.3851,5907702.8725,900049,,524122,0,0,0,0,0,West,2025/2026,VICKERS CRESCENT,VALIANT STREET,,Non-Injury Crash,No,2026,0,West,0,0,1,Flat,0,Christmas New Year,0,,0,Bright sun,738401,0,0,0,2,0,0,0,0,0,,0,0,Auckland Region,Nil,2-way,Sealed,0,0,0,0,50,0,Off,1,0,,76,Auckland,Nil,0,0,0,0,0,0,Urban,0,0,0,Fine,Null
1753616.7608,5911948.9199,900053,,518902,0,,0,1,,South,2024/2025,HILLSBOROUGH ROAD,THE AVENUE,,Minor Crash,No,2024,,South,,0,,Hill Road,,,,,,Overcast,587500,1,0,0,2,,,0,,,1,,,Auckland Region,Nil,2-way,Sealed,,0,0,,50,,Off,0,0,,76,Auckland,Nil,,,,,0,0,Urban,0,,,Fine,Null
1747232.9495,5910473.095,900057,,512000,0,,0,1,,South,2025/2026,HUIA ROAD,TITIRANGI ROAD,,Non-Injury Crash,No,2025,,North,,0,,Null,,,,,,Unknown,297000,0,0,0,2,,,0,,,,,,Auckland Region,Nil,2-way,Sealed,,0,0,,50,,Null,0,0,,76,Auckland,Nil,,,,,0,1,Urban,0,,,Fine,Null
1757842.6865,5878843.6459,900064,,521152,0,0,0,2,0,South,2023/2024,WAIUKU ROAD,MORLEY ROAD,,Serious Crash,No,2024,0,North,1,0,1,Hill Road,0,,0,,0,Overcast,832800,2,0,0,2,0,0,0,0,0,,0,0,Auckland Region,Nil,2-way,Sealed,0,0,1,0,80,0,None,1,0,,76,Auckland,Nil,0,0,0,1,0,0,Open,0,0,0,Fine,Null
1746732.8169,5919725.9237,900065,,512402,0,0,0,1,0,Null,2025/2026,ROYAL VIEW ROAD,MILICH TERRACE,,Non-Injury Crash,No,2025,0,North,0,0,0,Flat,0,,0,,0,Twilight,252400,0,0,0,2,0,0,0,0,1,,0,0,Auckland Region,Nil,2-way,Sealed,0,0,0,0,50,0,On,0,0,,76,Auckland,Stop,0,0,0,0,0,0,Urban,1,0,0,Fine,Null
1753141.9147,5918240.8176,900069,,515003,0,0,0,0,0,West,2025/2026,NORTH-WESTERN MOTORWAY,ST LUKES ROAD ON RAMP,,Minor Crash,Yes,2026,0,West,0,0,0,Flat,1,Christmas New Year,0,,0,Bright sun,390502,1,0,0,4,0,0,0,0,0,,0,0,Auckland Region,Nil,1-way,Sealed,0,0,0,0,100,0,Off,1,0,80,76,Auckland,Nil,0,0,0,0,0,0,Open,0,0,0,Fine,Null
1745295.6199,5923863.2022,900072,,513521,0,,0,2,,North,2023/2024,MOIRE ROAD,PAHI PLACE,,Non-Injury Crash,No,2023,,North,,0,,Hill Road,,,,,,Bright sun,224229,0,0,0,2,,,0,,,,,,Auckland Region,Nil,2-way,Sealed,,0,0,,50,,Off,0,0,,76,Auckland,Nil,,,,,0,0,Urban,0,,,Fine,Null
1751886.3248,5949240.2895,900073,,505805,0,,0,1,,North,2025/2026,HIBISCUS COAST HIGHWAY,EMPIRE ROAD,,Non-Injury Crash,No,2025,,North,,0,,Flat,,,,,,Overcast,172205,0,0,0,2,,,0,,,1,,,Auckland Region,Speed hump,2-way,Sealed,,0,0,,30,,Off,0,0,,76,Auckland,Nil,,,,,0,0,Urban,0,,,Fine,Null
1760363.7378,5915278.9867,900074,,519400,0,0,0,1,0,Null,2023/2024,GREAT SOUTH ROAD,MAIN HIGHWAY,,Non-Injury Crash,No,2024,0,North,0,0,0,Hill Road,0,,0,,0,Bright sun,617400,0,0,0,4,0,0,0,0,0,,0,0,Auckland Region,Nil,2-way,Sealed,0,0,0,0,50,0,Off,0,0,,76,Auckland,Traffic Signals,0,1,0,0,0,0,Urban,0,0,0,Fine,Null
1763183.9936,5906480.9691,900080,,524302,0,0,1,1,0,West,2025/2026,HOKIANGA STREET,RAGLAN STREET,,Non-Injury Crash,No,2026,0,North,0,0,0,Flat,0,,0,,0,Bright sun,745500,0,0,0,2,0,0,0,0,1,,0,0,Auckland Region,Nil,2-way,Sealed,0,0,0,0,30,0,Off,0,0,,76,Auckland,Nil,0,0,0,0,0,0,Urban,0,0,0,Fine,Null
1755179.3397,5913442.449,900082,,518803,0,0,0,0,0,West,2025/2026,DOMINION ROAD ON RAMP,SOUTH-WESTERN MOTORWAY,,Non-Injury Crash,No,2025,0,South,0,0,0,Hill Road,1,,0,,0,Dark,582700,0,0,0,1,0,0,0,0,0,,0,0,Auckland Region,Motorway ramp,1-way,Sealed,0,0,0,0,100,0,On,1,0,,76,Auckland,Nil,0,0,0,0,0,0,Open,0,0,0,Fine,Null
1759612.9361,5915572.1992,900083,,519200,0,,0,2,,Null,2023/2024,GREEN LANE WEST,WHETURANGI ROAD,,Non-Injury Crash,No,2023,,South,,0,,Flat,,,,,,Dark,616300,0,0,0,4,,,0,,,,,,Auckland Region,Nil,2-way,Sealed,,0,0,,50,,On,0,0,,76,Auckland,Traffic Signals,,,,,0,0,Urban,0,,,Fine,Null
1755404.9655,5915113.4549,900087,,518500,0,0,0,2,0,Null,2024/2025,DOMINION ROAD,HAZEL AVENUE,,Minor Crash,No,2024,0,South,0,0,0,Flat,0,,0,,0,Overcast,561200,1,0,0,2,0,0,0,0,1,,0,0,Auckland Region,Nil,2-way,Sealed,0,0,0,0,50,0,Off,0,0,,76,Auckland,Stop,0,0,0,0,0,0,Urban,0,0,0,Fine,Null
1749645.0323,5914370.8558,900088,,511301,0,0,0,1,0,South,2024/2025,RATA STREET,REWAREWA COURT,,Minor Crash,No,2025,0,South,0,0,1,Flat,0,,0,,0,Overcast,267602,1,0,0,4,0,0,0,0,0,,0,0,Auckland Region,Nil,2-way,Sealed,0,0,0,0,50,0,Off,1,0,30,76,Auckland,Nil,0,0,0,0,0,0,Urban,0,0,0,Fine,Null
1761225.2554,5912417.2829,900090,,519500,0,,0,1,,Null,2023/2024,CHURCH STREET,MAURICE ROAD,,Serious Crash,No,2024,,East,,0,,Flat,,,,,,Dark,622300,0,0,1,2,,,0,,,,,,Auckland Region,Nil,2-way,Sealed,,0,1,,50,,On,0,0,,76,Auckland,Stop,,,,,0,0,Urban,0,,,Fine,Null
1770404.8085,5912335.4178,900091,,523106,0,,0,2,,Null,2025/2026,BOTANY ROAD,MILLHOUSE DRIVE,,Non-Injury Crash,No,2025,,South,,0,,Flat,,,,,,Bright sun,711186,0,0,0,4,,,0,,,,,,Auckland Region,Nil,2-way,Sealed,,0,0,,60,,Off,0,0,,76,Auckland,Traffic Signals,,,,,0,0,Urban,0,,,Fine,Null
1757843.9062,5918517.5019,900093,,515700,0,,0,1,,East,2025/2026,KHYBER PASS ROAD,PARK ROAD,,Non-Injury Crash,No,2025,,West,,0,,Null,,,,,,Bright sun,443200,0,0,0,5,,,0,,,,,,Auckland Region,Nil,2-way,Sealed,,0,0,,50,,Null,0,0,,76,Auckland,Nil,,,,,0,0,Urban,1,,,Fine,Null
1753400.25,5876229.4077,900095,,526103,0,,0,1,,East,2025/2026,KING STREET,CONSTABLE ROAD,,Minor Crash,No,2026,,East,,0,,Flat,,,,,,Bright sun,837102,2,0,0,2,,,0,,,1,,,Auckland Region,Nil,2-way,Sealed,,0,0,,50,,Off,0,0,,76,Auckland,Nil,,,,,0,0,Urban,0,,,Fine,Null
1766734.5467,5907035.464,900098,,522302,0,,0,1,,South,2023/2024,SOUTHERN MOTORWAY,EAST TAMAKI OBR,,Minor Crash,Yes,2024,,North,,0,,Flat,,,,,,Overcast,668000,1,0,0,3,,,0,,,,,,Auckland Region,Nil,1-way,Sealed,,0,0,,100,,Off,0,0,,76,Auckland,Nil,,,,,1,0,Open,0,,,Fine,Null
1747304.1219,5910711.2135,900099,,511901,0,,0,1,,Null,2025/2026,ATKINSON ROAD,TITIRANGI ROAD,,Non-Injury Crash,No,2025,,South,,0,,Null,,,,,,Unknown,294200,0,0,0,2,,,0,,,,,,Auckland Region,Nil,1-way,Sealed,,0,0,,50,,Null,0,0,,76,Auckland,Give way,,,,,0,1,Urban,0,,,Fine,Null
1757871.6505,5918733.9085,900104,,517400,0,,0,1,,Null,2025/2026,PARK ROAD,CARLTON GORE ROAD,,Serious Crash,No,2026,,North,,0,,Flat,,,,,,Overcast,450000,1,0,0,3,,,0,,,,,,Auckland Region,Nil,2-way,Sealed,,0,1,,50,,None,1,0,,76,Auckland,Traffic Signals,,,,,0,0,Urban,0,,,Fine,Null
1751639.4976,5934064.1159,900105,,508701,0,,0,2,,Null,2024/2025,OTEHA VALLEY ROAD,ALBANY HIGHWAY,,Minor Crash,No,2024,,South,,0,,Flat,,,,,,Dark,178900,1,0,0,3,,,0,,,,,,Auckland Region,Nil,1-way,Sealed,,0,0,,50,,On,0,0,,76,Auckland,Traffic Signals,,,,,0,0,Urban,0,,,Fine,Null
1769543.5599,5881293.6824,900108,,525910,0,,0,1,,Null,2025/2026,EAST STREET,TOTARA AVENUE,,Non-Injury Crash,No,2025,,South,,0,,Null,,,,,,Bright sun,817300,0,0,1,2,,,0,,,,,,Auckland Region,Nil,2-way,Sealed,,0,0,,50,,Null,0,0,,76,Auckland,Stop,,,,,0,0,Urban,0,,,Fine,Null
1760063.1088,5908962.0956,900109,,524403,0,,0,1,,South,2022/2023,MAHUNGA DRIVE,MARKET COVE ROAD,,Non-Injury Crash,No,2023,,North,,0,,Flat,,,,,,Dark,729500,0,0,0,2,,,0,,,,,,Auckland Region,Nil,2-way,Sealed,,0,0,,50,,On,0,0,,76,Auckland,Nil,,,,,0,0,Urban,1,,,Fine,Null
1772270.3567,5914984.3965,900111,,521501,0,0,0,1,0,Null,2024/2025,COOK STREET,SELWYN ROAD,,Non-Injury Crash,No,2024,0,North,0,0,0,Flat,0,,0,,0,Dark,652500,0,0,0,2,0,0,0,0,0,,0,1,Auckland Region,Nil,2-way,Sealed,0,0,0,0,50,0,On,0,0,,76,Auckland,Unknown,0,0,0,0,0,0,Urban,0,0,0,Fine,Null
1744934.4193,5923481.9041,900123,,513521,0,,0,1,,Null,2023/2024,WEST HARBOUR DRIVE,MOIRE ROAD,,Minor Crash,No,2024,,South,,0,,Hill Road,,,,,,Overcast,224215,2,0,0,2,,,0,,,1,,,Auckland Region,Nil,2-way,Sealed,,0,0,,50,,Off,0,0,,76,Auckland,Give way,,,,,0,0,Urban,0,,,Fine,Null
1768570.8645,5901220.859,900124,,524901,0,,0,2,,South,2023/2024,GREAT SOUTH ROAD,NORTHCREST WAY,,Non-Injury Crash,No,2024,,North,,0,,Flat,,,,,,Dark,756600,0,0,0,2,,,0,,,,,,Auckland Region,Nil,2-way,Sealed,,0,0,,50,,On,0,0,,76,Auckland,Nil,,,,,0,0,Urban,0,,,Fine,Null
1768849.9402,5899547.7718,900126,,525101,0,,0,1,,Null,2023/2024,MAHIA ROAD,FIELDS ROAD,,Non-Injury Crash,No,2024,,West,,0,,Flat,,,,,,Dark,770400,0,0,1,2,,,0,,,,,,Auckland Region,Nil,2-way,Sealed,,0,0,,50,,On,0,0,,76,Auckland,Stop,,,,,0,0,Urban,0,,,Fine,Null
1764096.2993,5904293.6716,900127,,524604,0,,0,0,,Null,2024/2025,PUHINUI ROAD,PUHINUI ROAD-SH 20B OFF RAMP,,Minor Crash,No,2025,,West,,0,,Flat,,,,,,Bright sun,781100,1,0,1,4,,,0,,,,,,Auckland Region,Motorway ramp,2-way,Sealed,,0,0,,50,,Off,0,0,,76,Auckland,Traffic Signals,,,,,0,0,Urban,1,,,Fine,Null
1757238.7371,5917538.815,900130,,518102,0,0,1,0,0,Null,2025/2026,OFF ROAD - MOUNT EDEN SUMMIT JUNCTION,,,Serious Crash,No,2026,0,West,0,0,0,Hill Road,0,,0,,0,Bright sun,546700,1,0,0,1,0,0,0,0,0,2,1,0,Auckland Region,Nil,1-way,Sealed,0,0,1,0,20,0,None,1,0,,76,Auckland,Nil,0,0,0,0,0,0,Urban,0,0,0,Fine,Null
1772950.6161,5895238.5195,900134,,525520,0,,0,1,,Null,2023/2024,BUTTERWORTH AVENUE,RANGIMARIE CLOSE,,Non-Injury Crash,No,2024,,East,,0,,Hill Road,,,,,,Bright sun,801800,0,0,0,2,,,0,,,,,,Auckland Region,Speed hump,2-way,Sealed,,0,0,,50,,Off,1,0,,76,Auckland,Nil,,,,,0,0,Urban,0,,,Fine,Null
1755739.7259,5916309.4031,900136,,518201,0,,0,1,,Null,2022/2023,DOMINION ROAD,DUNBAR ROAD,,Non-Injury Crash,No,2023,,South,,0,,Hill Road,,Easter,,,,Dark,553200,0,0,0,2,,,0,,,,,,Auckland Region,Nil,2-way,Sealed,,0,0,,50,,On,1,0,,76,Auckland,Stop,,,,,0,0,Urban,1,,,Fine,Null
1739286.7637,5977698.4461,900139,,506660,0,0,0,0,0,South,2025/2026,SH 1,HOTEO RIV BR,,Non-Injury Crash,Yes,2025,0,South,0,0,0,Flat,1,,0,,0,Bright sun,136700,0,0,0,2,0,0,0,0,0,,0,0,Auckland Region,Nil,2-way,Sealed,0,0,0,0,80,0,None,0,0,,76,Auckland,Nil,0,0,0,0,0,0,Open,1,0,0,Fine,Null
1758902.1808,5946631.4453,900141,,505904,0,0,0,1,0,West,2025/2026,WHANGAPARAOA ROAD,CLAYDEN DRIVE,,Non-Injury Crash,No,2025,0,West,0,0,0,Flat,0,,0,,1,Dark,174904,0,0,0,2,0,0,0,0,1,,0,0,Auckland Region,Nil,2-way,Sealed,0,0,0,0,50,0,On,1,0,,76,Auckland,Nil,0,0,0,0,0,0,Urban,0,0,0,Fine,Null
1750182.3142,5918000.2465,900144,,514801,0,,0,1,,East,2022/2023,NORTH-WESTERN MOTORWAY,ROSEBANK ROAD OFF RAMP,,Non-Injury Crash,Yes,2023,,West,,0,,Flat,,,,,,Dark,390401,0,0,0,5,,,0,,,,,,Auckland Region,Nil,1-way,Sealed,,0,0,,100,,On,1,0,,76,Auckland,Nil,,,,,0,0,Open,0,,,Fine,Null
1757750.9959,5913984.5822,900146,,518600,0,,0,1,,Null,2024/2025,PAH ROAD,BECKENHAM AVENUE,,Non-Injury Crash,No,2024,,North,,0,,Flat,,,,,,Overcast,565000,0,0,0,2,,,0,,,,,,Auckland Region,Nil,2-way,Sealed,,0,0,,50,,On,0,0,,76,Auckland,Give way,,,,,0,0,Urban,1,,,Light rain,Null
1760060.2943,5906417.6652,900148,,524111,0,,0,2,,South,2023/2024,CORNWALL ROAD,WINDRUSH CLOSE,,Minor Crash,No,2023,,North,,0,,Flat,,,,,,Bright sun,740500,1,0,0,2,,,0,,,,,,Auckland Region,Nil,2-way,Sealed,,0,0,,50,,Off,0,0,,76,Auckland,Nil,,,,,0,0,Urban,0,,,Fine,Null
1753482.9402,5929837.9538,900155,,508420,0,,0,2,,North,2025/2026,SUNSET ROAD,GLENFIELD ROAD,,Non-Injury Crash,No,2026,,North,,0,,Flat,,,,,,Bright sun,182903,0,0,0,2,,,0,,,,,,Auckland Region,Nil,2-way,Sealed,,0,0,,50,,Off,0,0,,76,Auckland,Nil,,,,,0,0,Urban,0,,,Fine,Null
1778804.3427,5912898.7184,900156,,523300,0,0,0,1,1,South,2023/2024,WHITFORD MARAETAI ROAD,OKARORO DRIVE,,Minor Crash,No,2024,0,North,0,0,0,Hill Road,0,,0,,0,Overcast,718900,1,0,0,2,0,0,0,0,0,,0,0,Auckland Region,Nil,2-way,Sealed,0,0,0,0,80,0,None,0,0,,76,Auckland,Nil,0,0,0,0,0,0,Open,0,0,0,Light rain,Null
1745434.0098,5915185.5126,900157,,511800,0,,0,2,,Null,2025/2026,SEYMOUR ROAD,MANUI PLACE,,Minor Crash,No,2026,,North,,0,,Flat,,,,,,Overcast,277801,1,0,0,2,,,0,,,,,,Auckland Region,Bridge,2-way,Sealed,,0,0,,50,,Off,0,0,,76,Auckland,Traffic Signals,,,,,0,0,Urban,0,,,Fine,Null
1768279.7512,5904422.6743,900160,,523820,0,,0,3,,Null,2023/2024,REDOUBT ROAD,WILISA RISE,,Non-Injury Crash,No,2023,,East,,0,,Flat,,,,,,Dark,759901,0,0,0,3,,,0,,,,,,Auckland Region,Nil,2-way,Sealed,,0,0,,50,,On,0,0,,76,Auckland,Nil,,,,,0,0,Urban,0,,,Heavy rain,Null
1747816.9892,5912522.3558,900163,,511901,0,0,0,1,0,West,2025/2026,ATKINSON ROAD,NORMAN ROAD,,Non-Injury Crash,No,2026,0,East,0,0,0,Hill Road,0,Christmas New Year,0,,0,Overcast,294401,0,0,0,2,0,0,0,0,0,,0,0,Auckland Region,Nil,2-way,Sealed,0,0,0,0,50,0,None,0,0,,76,Auckland,Nil,0,0,0,1,0,0,Urban,0,0,0,Heavy rain,Null
1750693.5112,5946683.8995,900164,,505806,0,,0,2,,Null,2022/2023,HIBISCUS COAST HIGHWAY,MILLWATER PARKWAY,,Non-Injury Crash,No,2023,,North,,0,,Flat,,,,,,Dark,176504,0,0,0,2,,,0,,,,,,Auckland Region,Nil,1-way,Sealed,,0,0,,70,,On,0,0,,76,Auckland,Traffic Signals,,,,,0,0,Urban,0,,,Light rain,Null
1762229.8385,5913563.618,900165,,520500,0,,0,3,,South,2025/2026,SOUTHERN MOTORWAY,PENROSE OBR,,Non-Injury Crash,Yes,2025,,South,,0,,Flat,,,,,,Overcast,637100,0,0,0,3,,,0,,,,,,Auckland Region,Nil,1-way,Sealed,,0,0,,100,,Off,0,0,,76,Auckland,Nil,,,,,0,0,Open,0,,,Light rain,Null
1756684.2208,5926624.4371,900170,,507900,0,,0,2,,South,2023/2024,NORTHERN MOTORWAY,NORTHCOTE ROAD OFF RAMP,,Minor Crash,Yes,2024,,North,,0,,Flat,,,,,,Overcast,303501,1,0,0,4,,,0,,,,,,Auckland Region,Nil,1-way,Sealed,,0,0,,100,,Off,0,0,,76,Auckland,Nil,,,,,0,0,Open,0,,,Light rain,Null
1769320.6065,5911471.5219,900172,,523107,0,,0,1,,Null,2022/2023,TI RAKAU DRIVE,BURSWOOD DRIVE,,Non-Injury Crash,No,2023,,East,,0,,Flat,,,,,,Dark,711702,0,0,0,3,,,0,,,,,,Auckland Region,Nil,1-way,Sealed,,0,0,,60,,On,0,0,,76,Auckland,Give way,,,,,0,0,Urban,1,,,Light rain,Null
1740290.9877,5911447.5698,900177,,513020,0,,0,2,,North,2024/2025,SCENIC DRIVE,QUINNS ROAD,,Minor Crash,No,2024,,North,,0,,Flat,,,,,,Bright sun,280302,4,0,0,2,,,0,,,,,,Auckland Region,Nil,2-way,Sealed,,0,0,,60,,None,0,0,50,76,Auckland,Nil,,,,,0,0,Urban,0,,,Fine,Null
1748940.9958,5911961.2498,900178,,512100,1,,0,1,,Null,2024/2025,LA ROSA STREET,GOLF ROAD,,Minor Crash,No,2024,,North,,0,,Hill Road,,,,,,Bright sun,289601,1,0,0,2,,,0,,,,,,Auckland Region,Nil,2-way,Sealed,,0,0,,50,,Off,0,0,,76,Auckland,Stop,,,,,0,0,Urban,0,,,Fine,Null
1758168.1261,5915850.0012,900189,,515801,0,,1,1,,Null,2024/2025,MANUKAU ROAD,KING GEORGE AVENUE,,Minor Crash,No,2025,,South,,0,,Flat,,,,,,Bright sun,446600,2,0,0,4,,,0,,,,,,Auckland Region,Nil,2-way,Sealed,,0,0,,50,,Off,0,0,,76,Auckland,Give way,,,,,0,0,Urban,0,,,Fine,Null
1747265.888,5921564.1973,900190,,512202,0,,0,2,,North,2022/2023,TE ATATU ROAD,TAIKATA ROAD,,Non-Injury Crash,No,2023,,North,,0,,Flat,,,,,,Bright sun,248800,0,0,0,2,,,0,,,,,,Auckland Region,Nil,2-way,Sealed,,0,0,,50,,Off,0,0,,76,Auckland,Nil,,,,,0,0,Urban,0,,,Fine,Null
1759068.2366,5911793.7366,900191,,519820,0,,0,2,,Null,2025/2026,NEILSON STREET,ONEHUNGA MALL,,Minor Crash,No,2026,,West,,0,,Flat,,,,,,Overcast,602402,1,0,0,4,,,0,,,,,,Auckland Region,Nil,2-way,Sealed,,0,0,,50,,Off,0,0,,76,Auckland,Traffic Signals,,,,,0,0,Urban,0,,,Light rain,Null
1757778.5547,5917064.8636,900193,,515700,0,0,0,0,0,Null,2023/2024,BRIGHTSIDE ROAD,SHIPHERDS AVENUE,,Minor Crash,No,2023,0,West,0,0,0,Flat,0,Christmas New Year,0,,0,Bright sun,444600,1,0,0,2,0,0,0,0,0,,0,0,Auckland Region,Nil,2-way,Sealed,0,0,0,0,50,0,Off,0,0,,76,Auckland,Nil,0,0,0,1,0,0,Urban,1,0,0,Fine,Null
1762189.6848,5913633.1859,900194,,520500,0,,0,1,,South,2025/2026,SOUTHERN MOTORWAY,PENROSE OBR,,Non-Injury Crash,Yes,2026,,North,,0,,Flat,,,,,,Bright sun,637100,0,0,0,3,,,0,,,,,,Auckland Region,Nil,1-way,Sealed,,0,0,,100,,Off,0,0,,76,Auckland,Nil,,,,,0,0,Open,1,,,Fine,Null
1753020.3475,5935015.5168,900195,,508704,0,,0,1,,Null,2024/2025,OTEHA VALLEY ROAD ON RAMP,OTEHA VALLEY ROAD,,Minor Crash,No,2024,,North,,0,,Flat,,,,,,Bright sun,179113,1,0,0,2,,,0,,,,,,Auckland Region,Motorway ramp,1-way,Sealed,,0,0,,50,,Off,0,0,,76,Auckland,Traffic Signals,,,,,1,0,Urban,0,,,Fine,Null
1763735.8675,5907421.5607,900196,,524301,0,0,0,3,0,East,2025/2026,GRAY AVENUE,ORAKAU ROAD,,Non-Injury Crash,No,2025,0,West,0,0,0,Flat,0,,0,,0,Dark,748100,0,0,0,2,0,0,0,0,2,,0,0,Auckland Region,Nil,2-way,Sealed,0,0,0,0,50,0,On,0,0,,76,Auckland,Nil,0,0,0,0,0,0,Urban,1,0,0,Fine,Null
1755988.4566,5920522.0699,900199,,514000,0,,0,0,,Null,2023/2024,COLLEGE HILL,CASCADE STREET,,Minor Crash,No,2024,,East,,0,,Hill Road,,,,,,Overcast,416000,1,0,0,4,,,0,,,1,,,Auckland Region,Nil,2-way,Sealed,,0,0,,50,,Off,1,0,,76,Auckland,Give way,,,,,0,0,Urban,0,,,Fine,Null