X,Y,OBJECTID,advisorySpeed,areaUnitID,bicycle,bridge,bus,carStationWagon,cliffBank,crashDirectionDescription,crashFinancialYear,crashLocation1,crashLocation2,crashRoadSideRoad,crashSeverity,crashSHDescription,crashYear,debris,directionRoleDescription,ditch,fatalCount,fence,flatHill,guardRail,holiday,houseOrBuilding,intersection,kerb,light,meshblockId,minorInjuryCount,moped,motorcycle,NumberOfLanes,objectThrownOrDropped,otherObject,otherVehicleType,overBank,parkedVehicle,pedestrian,phoneBoxEtc,postOrPole,region,roadCharacter,roadLane,roadSurface,roadworks,schoolBus,seriousInjuryCount,slipOrFlood,speedLimit,strayAnimal,streetLight,suv,taxi,temporarySpeedLimit,tlaId,tlaName,trafficControl,trafficIsland,trafficSign,train,tree,truck,unknownVehicleType,urban,vanOrUtility,vehicle,waterRiver,weatherA,weatherB
1749801.0813,5927115.9093,900200,,510010,0,0,0,1,0,West,2022/2023,BEACH HAVEN ROAD,RAMBLER CRESCENT,,Non-Injury Crash,No,2023,0,East,0,0,0,Hill Road,0,,0,,1,Overcast,341900,0,0,0,1,0,0,0,0,0,,0,0,Auckland Region,Nil,2-way,Sealed,0,0,0,0,50,0,Off,0,0,,76,Auckland,Nil,0,0,0,0,0,0,Urban,0,0,0,Mist or Fog,Null
1768663.5822,5905340.3315,900205,,523721,0,0,0,1,0,Null,2023/2024,BOUNDARY ROAD,TE IRIRANGI DRIVE,,Non-Injury Crash,No,2023,0,East,0,0,0,Flat,0,,0,,0,Dark,715613,0,0,0,4,0,0,0,0,0,,0,0,Auckland Region,Nil,2-way,Sealed,0,0,0,0,50,0,On,0,0,,76,Auckland,Traffic Signals,0,0,0,1,0,0,Urban,0,0,0,Light rain,Null
1754320.4083,5916507.4498,900207,,517702,0,,0,2,,South,2023/2024,WAGENER PLACE,ST LUKES ROAD,,Minor Crash,No,2024,,South,,0,,Flat,,,,,,Overcast,540002,1,0,0,2,,,0,,,,,,Auckland Region,Nil,2-way,Sealed,,0,0,,50,,Off,0,0,,76,Auckland,Nil,,,,,0,0,Urban,0,,,Light rain,Null
1766242.6433,5914745.0691,900215,,520601,0,0,0,1,0,South,2022/2023,DUNKIRK ROAD,MARETH STREET,,Non-Injury Crash,No,2023,0,East,0,0,0,Flat,0,,0,,0,Bright sun,633100,0,0,0,2,0,0,0,0,0,,0,0,Auckland Region,Nil,2-way,Sealed,0,0,0,0,50,0,Off,0,0,,76,Auckland,Nil,0,0,0,0,0,0,Urban,0,0,0,Fine,Null
1764707.2774,5903808.348,900218,,524604,0,,0,2,,West,2025/2026,SOUTH-WESTERN MOTORWAY,CAVENDISH UNDERPASS,,Non-Injury Crash,Yes,2025,,East,,0,,Flat,,,,,,Dark,781301,0,0,0,2,,,0,,,,,,Auckland Region,Nil,1-way,Sealed,,0,0,,100,,Null,0,0,,76,Auckland,Nil,,,,,0,0,Open,0,,,Fine,Null
1769435.486,5907971.1432,900221,,523711,0,,0,1,,Null,2023/2024,BISHOP DUNN PLACE,TE IRIRANGI DRIVE,,Non-Injury Crash,No,2023,,North,,0,,Flat,,,,,,Bright sun,712305,0,0,0,2,,,0,,,,,,Auckland Region,Nil,2-way,Sealed,,0,0,,60,,Off,0,0,,76,Auckland,Give way,,,,,0,0,Urban,0,,,Fine,Null
1772601.5584,5897139.7284,900223,,525630,0,0,0,0,0,South,2022/2023,ARIMU ROAD,WAITAUA STREET,,Non-Injury Crash,No,2023,0,East,0,0,1,Flat,0,,0,,0,Dark,794100,0,0,0,2,0,0,0,0,0,1,0,0,Auckland Region,Nil,2-way,Sealed,0,0,0,0,50,0,On,0,0,,76,Auckland,Nil,0,0,0,0,0,0,Urban,0,0,0,Light rain,Null
1769144.5737,5906745.8298,900226,,523712,0,,0,1,,North,2025/2026,TE IRIRANGI DRIVE,WHETSTONE ROAD,,Non-Injury Crash,No,2025,,South,,0,,Flat,,,,,,Dark,712806,0,0,0,4,,,0,,,,,,Auckland Region,Nil,2-way,Sealed,,0,0,,80,,On,0,0,,76,Auckland,Nil,,,,,0,0,Open,1,,,Fine,Null
1748835.3555,5911335.4899,900231,,512100,0,0,0,2,0,East,2023/2024,GODLEY ROAD,STOTTHOLM ROAD,,Minor Crash,No,2024,0,West,0,0,0,Flat,0,,0,,0,Bright sun,290701,1,0,0,2,0,0,0,0,1,,0,0,Auckland Region,Nil,2-way,Sealed,0,0,0,0,50,0,Off,0,0,,76,Auckland,Nil,0,0,0,0,0,0,Urban,0,0,0,Fine,Null
1746948.3997,5945488.6889,900236,,506201,0,0,0,1,0,North,2025/2026,YOUNG ACCESS,PINE VALLEY ROAD,,Non-Injury Crash,No,2025,0,North,0,0,0,Hill Road,0,,0,,0,Dark,176603,0,0,0,2,0,0,0,0,0,,0,0,Auckland Region,Nil,2-way,Sealed,0,0,0,0,100,0,None,0,0,,76,Auckland,Nil,0,0,0,0,0,0,Open,0,0,0,Fine,Null
1765160.1635,5905801.2645,900237,,522202,0,,1,0,,East,2022/2023,ST GEORGE STREET,WALLACE ROAD,,Non-Injury Crash,No,2023,,West,,0,,Flat,,,,,,Bright sun,664700,0,0,0,2,,,0,,,,,,Auckland Region,Nil,2-way,Sealed,,0,0,,50,,Off,1,0,,76,Auckland,Nil,,,,,0,0,Urban,0,,,Fine,None
1750021.1098,5912955.797,900242,,511402,0,0,0,2,0,North,2025/2026,ASTLEY AVENUE,MAUI STREET,,Non-Injury Crash,No,2025,0,North,0,0,0,Flat,0,,0,,0,Dark,261601,0,0,0,2,0,0,0,0,1,,0,0,Auckland Region,Nil,2-way,Sealed,0,0,0,0,50,0,On,0,0,,76,Auckland,Nil,0,0,0,0,0,0,Urban,0,0,0,Fine,Null
1757372.7462,5929261.4811,900246,,507800,0,,0,1,,East,2025/2026,PROSPECT TERRACE,RANGITOTO TERRACE,,Non-Injury Crash,No,2025,,West,,0,,Hill Road,,Labour Weekend,,,,Overcast,310700,0,0,0,2,,,0,,,,,,Auckland Region,Nil,2-way,Sealed,,0,0,,50,,Off,0,0,,76,Auckland,Nil,,,,,0,0,Urban,1,,,Fine,Null
1764874.2389,5903329.0979,900254,,524604,0,,0,1,,Null,2023/2024,ROSCOMMON ROAD,VOGLER DRIVE,,Minor Crash,No,2024,,South,,0,,Flat,,,,,,Dark,781302,1,0,0,3,,,0,,,,,,Auckland Region,Nil,1-way,Sealed,,0,0,,80,,On,1,0,,76,Auckland,Traffic Signals,,,,,0,0,Open,0,,,Fine,Null
1757374.9135,5918784.2913,900257,,514302,0,0,0,0,0,West,2025/2026,SOUTHERN TO PORT LINK,SOUTHERN MOTORWAY,,Non-Injury Crash,Yes,2025,0,North,0,0,0,Hill Road,1,,0,,0,Bright sun,441700,0,0,0,2,0,0,0,0,0,,0,0,Auckland Region,Motorway ramp,1-way,Sealed,0,0,0,0,80,0,Off,0,0,,76,Auckland,Nil,0,0,0,0,0,0,Open,1,0,0,Fine,Null
1767913.3137,5900423.1707,900259,,525001,0,,0,1,,East,2025/2026,WEYMOUTH ROAD,MCKEAN AVENUE,,Non-Injury Crash,No,2025,,East,,0,,Flat,,,,,,Bright sun,752500,0,0,0,2,,,0,,,,,,Auckland Region,Nil,2-way,Sealed,,0,0,,50,,Off,1,0,,76,Auckland,Nil,,,,,0,0,Urban,0,,,Fine,Null
1756385.6852,5919035.3031,900262,,514200,0,,0,1,,North,2023/2024,NORTH-WESTERN MOTORWAY,NEWTON OBR,,Non-Injury Crash,Yes,2024,,North,,0,,Flat,,,,,,Bright sun,411800,0,0,0,2,,,0,,,,,,Auckland Region,Nil,1-way,Sealed,,0,0,,80,,Off,1,0,,76,Auckland,Nil,,,,,0,0,Open,0,,,Fine,Null
1762887.703,5912944.7382,900270,,520402,0,0,0,1,0,West,2024/2025,SOUTHERN MOTORWAY,SOUTH-EASTERN HWY OFF RAMP,,Minor Crash,Yes,2024,0,East,0,0,0,Flat,1,Labour Weekend,0,,0,Dark,642500,1,0,0,3,0,0,0,0,0,,0,0,Auckland Region,Nil,1-way,Sealed,0,0,0,0,100,0,On,0,0,,76,Auckland,Nil,0,0,0,0,0,0,Open,0,0,0,Light rain,Null
1772651.9542,5896704.7939,900275,,525420,0,,0,2,,East,2025/2026,O'SHANNESSEY STREET,GREAT SOUTH ROAD,,Non-Injury Crash,No,2025,,North,,0,,Flat,,,,,,Overcast,792800,0,0,0,2,,,0,,,,,,Auckland Region,Nil,2-way,Sealed,,0,0,,50,,Off,0,0,,76,Auckland,Give way,,,,,0,0,Urban,0,,,Fine,Null
1770743.0327,5897234.8319,900276,,523912,0,0,0,0,0,South,2023/2024,SOUTHERN MOTORWAY,PAHUREHURE NO 1 BR,,Fatal Crash,Yes,2023,0,North,0,1,0,Flat,0,,0,,0,Bright sun,767803,0,0,0,3,0,0,0,0,1,,0,0,Auckland Region,Nil,1-way,Sealed,0,0,0,0,100,0,Off,0,0,,76,Auckland,Nil,0,0,0,0,1,0,Open,2,1,0,Fine,Null
1767613.7004,5903928.8764,900279,,524602,0,0,0,0,0,East,2025/2026,SOUTH-WESTERN MOTORWAY,SOUTH-WESTERN MOTORWAY,,Non-Injury Crash,Yes,2026,0,East,0,0,0,Flat,0,,0,,0,Overcast,780417,0,0,0,3,0,0,0,0,0,,0,0,Auckland Region,Nil,1-way,Sealed,0,0,0,0,80,0,Off,0,0,,76,Auckland,Nil,0,0,0,1,0,0,Open,1,0,0,Fine,Null
1756094.46,5923357.888,900294,,509800,0,,0,1,,South,2022/2023,NORTHERN MOTORWAY,STAFFORD ROAD OFF RAMP,,Non-Injury Crash,Yes,2023,,North,,0,,Null,,,,,,Unknown,359200,0,0,0,2,,,0,,,,,,Auckland Region,Nil,1-way,Sealed,,0,0,,80,,Null,1,0,,76,Auckland,Nil,,,,,0,0,Open,0,,,Null,Null
1757741.9834,5920942.5981,900296,,514101,0,,0,2,,Null,2023/2024,TYLER STREET,GORE STREET,,Non-Injury Crash,No,2024,,East,,0,,Flat,,,,,,Dark,438103,0,0,0,2,,,0,,,,,,Auckland Region,Nil,2-way,Sealed,,0,0,,30,,On,0,0,,76,Auckland,Stop,,,,,0,0,Urban,0,,,Fine,Null
1752031.3818,5925450.1132,900299,,510220,0,0,0,2,0,South,2025/2026,BIRKDALE ROAD,GATMAN STREET,,Non-Injury Crash,No,2026,0,South,0,0,0,Hill Road,0,Christmas New Year,0,,0,Twilight,350402,0,0,0,2,0,0,0,0,1,,0,0,Auckland Region,Nil,2-way,Sealed,0,0,0,0,50,0,Off,0,0,,76,Auckland,Nil,0,0,0,0,0,0,Urban,0,0,0,Fine,Null
1746302.0678,5914882.6957,900300,,511800,0,0,0,1,0,Null,2023/2024,SUNHILL ROAD,SUNNYSIDE ROAD,,Non-Injury Crash,No,2024,0,South,0,0,1,Hill Road,0,,0,,1,Dark,277500,0,0,0,2,0,0,0,0,0,,0,0,Auckland Region,Nil,2-way,Sealed,0,0,0,0,50,0,On,0,0,,76,Auckland,Nil,0,0,0,1,0,0,Urban,0,0,0,Fine,Null
1772599.0207,5901356.0168,900301,,523911,0,0,0,1,0,South,2024/2025,MILL ROAD,ALFRISTON ROAD,,Non-Injury Crash,No,2025,0,South,0,0,0,Flat,0,,0,,0,Unknown,767201,0,0,0,2,0,0,0,0,0,,0,1,Auckland Region,Nil,2-way,Sealed,0,0,0,0,60,0,Null,0,0,,76,Auckland,Nil,0,0,0,0,0,0,Urban,0,0,0,Null,Null
1759551.7194,5904243.0856,900305,,524200,0,,0,1,,Null,2024/2025,TE ARA KORAKO DRIVE,NIXON ROAD,,Non-Injury Crash,No,2025,,East,,0,,Flat,,,,,,Overcast,727200,0,0,0,2,,,0,,,,,,Auckland Region,Nil,2-way,Sealed,,0,0,,50,,Off,1,0,,76,Auckland,Give way,,,,,0,0,Urban,0,,,Fine,Null
1747094.2726,5954087.4009,900309,,506614,0,0,0,1,0,South,2024/2025,UPPER WAIWERA ROAD,NOAKES HILL ROAD,,Non-Injury Crash,No,2025,0,North,1,0,0,Flat,0,,0,,1,Bright sun,176905,0,0,0,2,0,0,0,0,0,,0,0,Auckland Region,Nil,2-way,Sealed,0,0,0,0,80,0,Off,0,0,,76,Auckland,Nil,0,0,0,0,0,0,Open,0,0,0,Fine,Null
1757149.3891,5925770.1748,900312,,509702,0,0,0,1,0,South,2023/2024,NORTHERN MOTORWAY,ESMONDE OBR,,Minor Crash,Yes,2024,0,South,0,0,0,Flat,1,,0,,0,Dark,364602,1,0,0,3,0,0,0,0,0,,0,0,Auckland Region,Nil,1-way,Sealed,0,0,0,0,100,0,On,0,0,,76,Auckland,Nil,0,0,0,0,0,0,Open,0,0,0,Light rain,Null
1772839.4421,5893099.3965,900317,,521301,0,,0,3,,South,2025/2026,GREAT SOUTH ROAD,PARKHAVEN DRIVE,,Non-Injury Crash,No,2025,,South,,0,,Flat,,,,,,Twilight,808608,0,0,0,2,,,0,,,,,,Auckland Region,Nil,2-way,Sealed,,0,0,,50,,Off,0,0,,76,Auckland,Nil,,,,,0,0,Urban,0,,,Fine,Null
1761544.9155,5915966.7819,900324,,516003,0,,0,1,,East,2023/2024,ABBOTTS WAY,LADIES MILE,,Non-Injury Crash,No,2023,,East,,0,,Hill Road,,Labour Weekend,,,,Bright sun,494803,0,0,0,3,,,0,,,,,,Auckland Region,Nil,2-way,Sealed,,0,0,,50,,Off,1,0,,76,Auckland,Nil,,,,,0,0,Urban,0,,,Fine,Null
1757645.0961,5913597.8824,900325,,518600,0,,0,2,,Null,2024/2025,PAH ROAD,MOUNT ALBERT ROAD,,Non-Injury Crash,No,2025,,South,,0,,Flat,,,,,,Overcast,565400,0,0,0,5,,,0,,,,,,Auckland Region,Nil,2-way,Sealed,,0,0,,50,,Off,0,0,,76,Auckland,Traffic Signals,,,,,0,0,Urban,0,,,Light rain,Null
1763465.5135,5907927.377,900327,,524301,0,0,0,1,0,North,2025/2026,ROSELLA ROAD,THOMPSON STREET,,Non-Injury Crash,No,2025,0,North,0,0,0,Null,0,,0,,0,Unknown,748600,0,0,0,2,0,0,0,0,1,,0,0,Auckland Region,Nil,2-way,Sealed,0,0,0,0,30,0,Null,0,0,,76,Auckland,Nil,0,0,0,0,0,0,Urban,1,0,0,Null,Null
1759257.786,5916690.256,900329,,516001,0,0,0,3,0,South,2024/2025,SOUTHERN MOTORWAY,MARKET OBR,,Non-Injury Crash,Yes,2025,0,South,0,0,0,Flat,0,,0,,0,Bright sun,491700,0,0,0,3,0,0,0,0,0,,0,0,Auckland Region,Nil,1-way,Sealed,0,0,0,0,100,0,Off,0,0,,76,Auckland,Nil,0,0,0,0,0,0,Open,1,1,0,Fine,Null
1767468.7072,5907659.7746,900333,,523502,0,0,0,2,0,East,2024/2025,EAST TAMAKI ROAD,FERGUSON ROAD,,Non-Injury Crash,No,2025,0,East,0,0,1,Flat,0,,0,,0,Dark,701900,0,0,0,2,0,0,0,0,0,,0,0,Auckland Region,Nil,1-way,Sealed,0,0,0,0,50,0,On,0,0,,76,Auckland,Nil,1,0,0,1,0,0,Urban,0,1,0,Fine,Null
1752564.1317,5918054.4519,900335,,515002,0,,0,2,,East,2025/2026,NORTH-WESTERN MOTORWAY,SH 20,,Non-Injury Crash,Yes,2025,,East,,0,,Hill Road,,,,,,Twilight,390701,0,0,0,4,,,0,,,,,,Auckland Region,Nil,1-way,Sealed,,0,0,,100,,Off,0,0,,76,Auckland,Nil,,,,,0,0,Open,1,,,Mist or Fog,Null
1754285.3437,5918918.7741,900337,,515431,0,0,0,1,0,Null,2025/2026,SURREY CRESCENT,SHERWOOD AVENUE,,Non-Injury Crash,No,2025,0,East,0,0,0,Null,0,,0,,0,Dark,403200,0,0,0,2,0,0,0,0,1,,0,0,Auckland Region,Nil,2-way,Sealed,0,0,0,0,50,0,Null,0,0,,76,Auckland,Give way,0,0,0,0,0,0,Urban,0,0,0,Fine,Null
1762415.9999,5913235.9961,900341,,520500,0,,0,2,,Null,2025/2026,SOUTHERN MOTORWAY,SOUTH-EASTERN HWY ON RAMP,,Non-Injury Crash,Yes,2025,,North,,0,,Null,,,,,,Bright sun,637200,0,0,0,3,,,0,,,,,,Auckland Region,Nil,1-way,Sealed,,0,0,,100,,Null,0,0,,76,Auckland,Nil,,,,,0,0,Open,0,,,Fine,Null
1764774.109,5911269.58,900343,,520500,0,,0,1,,North,2024/2025,SOUTHERN MOTORWAY,OTAHUHU CK BR,,Non-Injury Crash,Yes,2025,,North,,0,,Hill Road,,,,,,Dark,636200,0,0,0,3,,,0,,,,,,Auckland Region,Nil,1-way,Sealed,,0,0,,100,,On,1,0,,76,Auckland,Nil,,,,,0,0,Open,0,,,Fine,Null
1762477.5591,5913155.2152,900344,,520500,0,,0,1,,South,2023/2024,SOUTHERN MOTORWAY,SOUTH-EASTERN HWY ON RAMP,,Non-Injury Crash,Yes,2024,,North,,0,,Flat,,,,,,Bright sun,637200,0,0,1,3,,,0,,,,,,Auckland Region,Nil,1-way,Sealed,,0,0,,100,,Off,0,0,,76,Auckland,Nil,,,,,0,0,Open,0,,,Fine,Null
1756198.2339,5935180.1895,900347,,507101,0,,0,2,,North,2024/2025,BEACH FRONT LANE,ANZAC ROAD,,Non-Injury Crash,No,2025,,South,,0,,Flat,,,,,,Overcast,160900,0,0,0,2,,,0,,,,,,Auckland Region,Nil,2-way,Sealed,,0,0,,30,,Off,0,0,,76,Auckland,Nil,,,,,0,0,Urban,0,,,Fine,Null
1772637.4664,5897025.8223,900348,,525630,0,,0,1,,East,2023/2024,OLD WAIROA ROAD,PORCHESTER ROAD,,Non-Injury Crash,No,2024,,East,,0,,Flat,,,,,,Bright sun,794100,0,0,0,2,,,0,,,,,,Auckland Region,Nil,2-way,Sealed,,0,0,,50,,Null,0,0,,76,Auckland,Nil,,,,,0,0,Urban,0,,,Fine,Null
1764088.686,5909843.3542,900352,,521901,0,,0,1,,Null,2023/2024,GREAT SOUTH ROAD,MASON AVENUE,,Non-Injury Crash,No,2024,,Null,,0,,Flat,,,,,,Bright sun,783900,0,0,0,2,,,0,,,,,,Auckland Region,Nil,2-way,Sealed,,0,0,,30,,Off,0,0,,76,Auckland,Traffic Signals,,,,,0,0,Urban,0,,,Fine,Null
1761194.4758,5914689.9422,900358,,520202,0,,0,1,,North,2023/2024,SOUTHERN MOTORWAY,ELLERSLIE-PANMURE HWY ON RAMP,,Minor Crash,Yes,2024,,North,,0,,Flat,,,,,,Bright sun,612100,1,0,1,3,,,0,,,,,,Auckland Region,Nil,1-way,Sealed,,0,0,,100,,Off,0,0,,76,Auckland,Nil,,,,,0,0,Open,0,,,Fine,Null
1770339.5052,5916643.5105,900369,,522604,0,,0,0,,Null,2024/2025,BUCKLANDS BEACH ROAD,WELLS ROAD,,Non-Injury Crash,No,2025,,North,,0,,Flat,,Queens Birthday,,,,Overcast,677501,0,0,0,2,,,0,,,,,,Auckland Region,Nil,2-way,Sealed,,0,0,,50,,Off,2,0,,76,Auckland,Give way,,,,,0,0,Urban,0,,,Fine,Null
1770804.3045,5913423.0308,900370,,523101,0,,0,2,,North,2023/2024,BOTANY ROAD,MIRRABOOKA AVENUE,,Minor Crash,No,2023,,South,,0,,Flat,,,,,,Bright sun,710522,1,0,0,2,,,0,,,,,,Auckland Region,Nil,2-way,Sealed,,0,0,,50,,Off,0,0,,76,Auckland,Nil,,,,,0,0,Urban,0,,,Fine,Null
1755502.2614,5928732.563,900385,,508320,0,,0,1,,Null,2025/2026,WAIRAU ROAD,CURRYS LANE,,Non-Injury Crash,No,2025,,North,,0,,Null,,,,,,Bright sun,198600,0,0,0,4,,,0,,,,,,Auckland Region,Nil,2-way,Sealed,,0,0,,50,,Null,0,0,,76,Auckland,Nil,,,,,0,0,Urban,1,,,Fine,Null
1744046.4171,5914846.0428,900387,,513013,0,0,0,1,0,West,2025/2026,PINE AVENUE,PARRS CROSS ROAD,,Non-Injury Crash,No,2025,0,West,0,0,0,Hill Road,0,,0,,0,Bright sun,281300,0,0,0,2,0,0,0,0,0,,0,0,Auckland Region,Nil,2-way,Sealed,0,0,0,0,50,0,Off,0,0,,76,Auckland,Nil,0,0,0,2,0,0,Urban,0,0,0,Fine,Null
1749989.531,5916219.1602,900396,,514801,0,,0,2,,West,2023/2024,AVONDALE ROAD,ROSEBANK ROAD,,Non-Injury Crash,No,2024,,East,,0,,Flat,,,,,,Bright sun,389102,0,0,0,2,,,0,,,,,,Auckland Region,Nil,2-way,Sealed,,0,0,,50,,Off,0,0,,76,Auckland,Nil,,,,,0,0,Urban,0,,,Fine,Null
1766821.3096,5907943.0855,900400,,523501,0,0,0,1,0,East,2025/2026,BAIRDS ROAD,KELPIE LANE,,Minor Crash,No,2025,0,West,0,0,0,Flat,0,,1,,0,Overcast,700602,1,0,0,2,0,0,0,0,0,,0,0,Auckland Region,Nil,2-way,Sealed,0,0,0,0,30,0,On,1,0,,76,Auckland,Nil,0,0,0,0,0,0,Urban,0,1,0,Light rain,Null
1754475.4368,5931683.1651,900401,,508805,1,,0,0,,North,2023/2024,VEGA PLACE,CONSTELLATION DRIVE,,Minor Crash,No,2024,,West,,0,,Flat,,,,,,Bright sun,180813,1,0,0,0,,,0,,,,,,Auckland Region,Nil,2-way,Sealed,,0,0,,30,,Off,0,0,,76,Auckland,Nil,,,,,0,0,Urban,0,,,Fine,Null
1749884.1009,5914623.6604,900404,,511303,0,,0,1,,Null,2025/2026,BINSTED ROAD,RATA STREET,,Non-Injury Crash,No,2025,,North,,0,,Flat,,,,,,Overcast,266600,0,0,0,2,,,0,,,,,,Auckland Region,Nil,2-way,Sealed,,0,0,,50,,Off,1,0,,76,Auckland,Traffic Signals,,,,,0,0,Urban,0,,,Null,Null
1750566.6916,5914579.1682,900406,45,514402,0,0,0,3,0,North,2025/2026,GREAT NORTH ROAD,WHAU BR,,Non-Injury Crash,No,2025,0,West,0,0,0,Hill Road,0,,0,,0,Dark,381301,0,0,0,4,0,0,0,0,1,,0,0,Auckland Region,Nil,2-way,Sealed,0,0,0,0,50,0,On,0,0,,76,Auckland,Nil,0,0,0,1,0,0,Urban,0,0,0,Fine,Null
1744886.3171,5923325.497,900408,,513530,0,0,0,1,0,North,2024/2025,MOIRE ROAD,KATRINA PLACE,,Non-Injury Crash,No,2025,0,South,0,0,0,Hill Road,0,,0,,0,Dark,224501,0,0,0,2,0,0,0,0,1,,0,0,Auckland Region,Nil,2-way,Sealed,0,0,0,0,50,0,Off,0,0,,76,Auckland,Nil,0,0,0,0,1,0,Urban,0,0,0,Fine,Null
1771797.8308,5906933.5039,900415,,523713,0,,0,2,,Null,2023/2024,ORMISTON ROAD,VALDERAMA DRIVE,,Serious Crash,No,2024,,South,,0,,Flat,,,,,,Dark,712600,4,0,0,4,,,0,,,,,,Auckland Region,Nil,2-way,Sealed,,0,1,,50,,On,0,0,,76,Auckland,Give way,,,,,0,0,Urban,0,,,Fine,Null
1753697.1309,5931255.405,900417,,508803,0,0,0,1,0,Null,2022/2023,UPPER HARBOUR HIGHWAY,CARIBBEAN DRIVE,,Non-Injury Crash,Yes,2023,0,West,0,0,0,Flat,0,,0,,0,Dark,180815,0,0,0,2,0,0,0,0,0,,0,0,Auckland Region,Motorway ramp,1-way,Sealed,0,0,0,0,50,0,On,0,0,,76,Auckland,Traffic Signals,0,1,0,0,0,0,Urban,1,0,0,Fine,Null
1742997.6702,5919048.7282,900422,,513211,0,0,0,1,0,Null,2024/2025,SWANSON ROAD,GLENARDEN WAY,,Non-Injury Crash,No,2025,0,East,0,0,0,Flat,0,,0,,0,Bright sun,235724,0,0,0,2,0,0,0,0,0,,0,0,Auckland Region,Nil,2-way,Sealed,0,0,0,0,50,0,Off,1,0,,76,Auckland,Give way,1,1,0,0,0,0,Urban,0,0,0,Fine,Null
1763336.55,5905738.783,900426,,524303,0,0,0,1,0,North,2025/2026,CLAUDE AVENUE,FERNDOWN AVENUE,,Non-Injury Crash,No,2025,0,South,0,0,0,Flat,0,Labour Weekend,0,,0,Overcast,656102,0,0,0,2,0,0,0,0,0,,0,1,Auckland Region,Speed hump,2-way,Sealed,0,0,0,0,50,0,Off,0,0,,76,Auckland,Nil,0,0,0,0,0,0,Urban,0,0,0,Light rain,Strong wind
1769120.957,5900921.949,900429,,524902,0,,0,3,,East,2022/2023,ALFRISTON ROAD,GREAT SOUTH ROAD,,Non-Injury Crash,No,2023,,West,,0,,Flat,,,,,,Bright sun,758200,0,0,0,2,,,0,,,,,,Auckland Region,Nil,2-way,Sealed,,0,0,,50,,Off,0,0,,76,Auckland,Nil,,,,,0,0,Urban,0,,,Fine,Null
1747307.8869,5913593.0296,900432,,511100,1,,0,1,,South,2025/2026,WILSON ROAD,WILSON INT BOWERS,,Minor Crash,No,2025,,West,,0,,Hill Road,,,,,,Bright sun,286500,1,0,0,2,,,0,,,,,,Auckland Region,Nil,2-way,Sealed,,0,0,,50,,Off,0,0,,76,Auckland,Nil,,,,,0,0,Urban,0,,,Fine,Null
1760683.7857,5908171.3552,900433,,524405,0,,0,1,,Null,2022/2023,ROBERTSON ROAD,CALTHORP CLOSE,,Non-Injury Crash,No,2023,,South,,0,,Flat,,,,,,Twilight,730704,0,0,0,2,,,0,,,,,,Auckland Region,Nil,2-way,Sealed,,0,0,,50,,Off,0,0,,76,Auckland,Give way,,,,,0,0,Urban,1,,,Fine,Null
1768232.6603,5906589.933,900437,,523711,0,0,0,1,0,North,2023/2024,COOMBE AVENUE,DAWSON ROAD,,Serious Crash,No,2023,0,South,0,0,0,Hill Road,0,,0,,0,Twilight,712904,0,0,0,2,0,0,0,0,1,,0,0,Auckland Region,Nil,2-way,Sealed,0,0,1,0,50,0,On,0,0,40,76,Auckland,Nil,0,0,0,0,0,0,Urban,1,0,0,Fine,Null
1755650.0676,5921304.3764,900442,,515202,0,0,0,1,0,South,2025/2026,NORTHERN MOTORWAY,SHELLY BEACH OBR,,Non-Injury Crash,Yes,2025,0,South,0,0,0,Flat,1,Christmas New Year,0,,0,Dark,425600,0,0,0,3,0,0,0,0,0,,0,0,Auckland Region,Nil,1-way,Sealed,0,0,0,0,80,0,On,0,0,,76,Auckland,Nil,0,0,0,0,0,0,Open,0,0,0,Fine,Null
1763850.7103,5908893.6762,900445,,521901,0,,0,3,,East,2025/2026,MANGERE ROAD,AWA STREET,,Minor Crash,No,2025,,East,,0,,Flat,,,,,,Overcast,785100,2,0,0,3,,,0,,,,,,Auckland Region,Nil,2-way,Sealed,,0,0,,50,,Off,1,0,,76,Auckland,Nil,,,,,0,0,Urban,0,,,Fine,Null
1756010.8344,5921062.0719,900447,,515202,0,,0,1,,East,2025/2026,NORTHERN MOTORWAY,FANSHAWE STREET ON RAMP,,Non-Injury Crash,Yes,2025,,North,,0,,Hill Road,,,,,,Bright sun,425600,0,0,0,3,,,0,,,,,,Auckland Region,Nil,1-way,Sealed,,0,0,,80,,Off,0,0,,76,Auckland,Nil,,,,,1,0,Open,0,,,Fine,Null
1765572.7113,5908189.7649,900451,,523403,0,,0,1,,Null,2023/2024,BAIRDS ROAD,WYMONDLEY ROAD,,Minor Crash,No,2023,,East,,0,,Flat,,,,,,Twilight,696600,1,0,1,2,,,0,,,,,,Auckland Region,Nil,2-way,Sealed,,0,0,,50,,On,0,0,,76,Auckland,Traffic Signals,,,,,0,0,Urban,0,,,Fine,Null
1767758.0287,5906176.5662,900455,,523711,0,,0,1,,Null,2023/2024,PRESTON ROAD,FLAT BUSH ROAD,,Non-Injury Crash,No,2023,,South,,0,,Flat,,,,,,Overcast,715000,0,0,0,2,,,0,,,,,,Auckland Region,Nil,2-way,Sealed,,0,0,,50,,Off,1,0,,76,Auckland,Traffic Signals,,,,,0,0,Urban,0,,,Fine,Null