X,Y,OBJECTID,advisorySpeed,areaUnitID,bicycle,bridge,bus,carStationWagon,cliffBank,crashDirectionDescription,crashFinancialYear,crashLocation1,crashLocation2,crashRoadSideRoad,crashSeverity,crashSHDescription,crashYear,debris,directionRoleDescription,ditch,fatalCount,fence,flatHill,guardRail,holiday,houseOrBuilding,intersection,kerb,light,meshblockId,minorInjuryCount,moped,motorcycle,NumberOfLanes,objectThrownOrDropped,otherObject,otherVehicleType,overBank,parkedVehicle,pedestrian,phoneBoxEtc,postOrPole,region,roadCharacter,roadLane,roadSurface,roadworks,schoolBus,seriousInjuryCount,slipOrFlood,speedLimit,strayAnimal,streetLight,suv,taxi,temporarySpeedLimit,tlaId,tlaName,trafficControl,trafficIsland,trafficSign,train,tree,truck,unknownVehicleType,urban,vanOrUtility,vehicle,waterRiver,weatherA,weatherB
1755035.1685,5913739.7646,900456,,518803,0,0,0,1,0,Null,2025/2026,DENBIGH AVENUE,DOMINION ROAD,,Non-Injury Crash,No,2025,0,West,0,0,0,Null,0,,0,,0,Dark,582500,0,0,0,3,0,0,0,0,0,,0,0,Auckland Region,Nil,2-way,Sealed,0,0,0,0,50,0,On,0,0,,76,Auckland,Give way,1,0,0,0,0,0,Urban,0,0,0,Fine,Null
1762816.6817,5909274.7565,900462,,524402,0,,0,2,,West,2025/2026,JAMES FLETCHER DRIVE,KAHU STREET,,Non-Injury Crash,No,2026,,West,,0,,Flat,,,,,,Overcast,749800,0,0,0,2,,,0,,,,,,Auckland Region,Nil,2-way,Sealed,,0,0,,50,,Off,0,0,,76,Auckland,Nil,,,,,0,0,Urban,0,,,Fine,Null
1746508.6305,5983047.0187,900464,,506660,0,0,0,0,0,West,2023/2024,WHANGARIPO VALLEY ROAD,PETRIE ROAD,,Minor Crash,No,2024,0,North,0,0,0,Hill Road,0,,0,,0,Overcast,136203,1,0,0,2,0,0,0,0,0,,0,1,Auckland Region,Nil,2-way,Sealed,0,0,0,0,100,0,Off,0,0,,76,Auckland,Nil,0,0,0,0,1,0,Open,0,0,0,Light rain,Null
1755425.8483,5935915.3314,900466,,507000,0,,0,1,,Null,2025/2026,CARLISLE ROAD,FIRTH ROAD,,Non-Injury Crash,No,2025,,North,,0,,Hill Road,,,,,,Bright sun,163300,0,0,0,2,,,0,,,,,,Auckland Region,Nil,2-way,Sealed,,0,0,,50,,None,0,0,,76,Auckland,Stop,,,,,0,0,Urban,1,,,Fine,Null
1752414.7927,5916065.3546,900470,,517903,0,,0,1,,Null,2025/2026,NEW NORTH ROAD,RICHARDSON ROAD,,Non-Injury Crash,No,2026,,South,,0,,Flat,,Christmas New Year,,,,Bright sun,520400,0,0,0,5,,,0,,,,,,Auckland Region,Nil,2-way,Sealed,,0,0,,50,,Off,0,0,,76,Auckland,Traffic Signals,,,,,0,0,Urban,1,,,Fine,Null
1761165.7662,5916649.5417,900475,,516003,0,0,0,2,0,Null,2023/2024,REMUERA ROAD,GREEN LANE EAST,,Non-Injury Crash,No,2023,0,West,0,0,0,Hill Road,0,,0,,0,Dark,494300,0,0,0,4,0,0,0,0,1,,0,0,Auckland Region,Nil,2-way,Sealed,0,0,0,0,50,0,On,0,0,,76,Auckland,Traffic Signals,0,0,0,0,0,0,Urban,0,0,0,Light rain,Null
1767923.47,5883414.9315,900479,,521111,0,,0,1,,East,2025/2026,HEIGHTS ROAD,BEATTY ROAD,,Non-Injury Crash,No,2025,,East,,0,,Flat,,,,,,Overcast,826601,0,0,0,2,,,0,,,,,,Auckland Region,Nil,2-way,Sealed,,0,0,,80,,None,0,0,,76,Auckland,Nil,,,,,2,0,Open,0,,,Fine,Null
1760099.9916,5908845.4909,900481,,524403,0,,0,1,,Null,2025/2026,MAHUNGA DRIVE,WALMSLEY ROAD,,Non-Injury Crash,No,2025,,South,,0,,Null,,Christmas New Year,,,,Bright sun,729500,0,0,0,2,,,0,,,,,,Auckland Region,Nil,2-way,Sealed,,0,0,,60,,Null,1,0,,76,Auckland,Traffic Signals,,,,,0,0,Urban,0,,,Fine,Null
1751268.5612,5917989.5838,900486,,514801,0,0,0,1,0,Null,2023/2024,NORTH-WESTERN MOTORWAY,GREAT NORTH ROAD ON RAMP,,Serious Crash,Yes,2023,0,West,0,0,0,Flat,1,,0,,0,Dark,390402,2,0,0,5,0,0,0,0,0,,0,0,Auckland Region,Nil,1-way,Sealed,0,0,2,0,100,0,On,0,0,,76,Auckland,Nil,0,0,0,0,0,0,Open,0,0,0,Fine,Null
1747069.9913,5913779.9878,900490,,511100,0,0,0,0,0,East,2025/2026,GLENMALL PLACE,GLENDALE ROAD,,Minor Crash,No,2025,0,North,0,0,0,Flat,0,,1,,0,Bright sun,286200,1,0,0,1,0,0,0,0,0,,1,0,Auckland Region,Nil,1-way,Sealed,0,0,0,0,50,0,None,1,0,,76,Auckland,Nil,0,0,0,0,0,0,Urban,0,0,0,Fine,Null
1756101.1934,5923541.0983,900493,,509800,0,,0,2,,South,2023/2024,NORTHERN MOTORWAY,WEIGH BRIDGE,,Minor Crash,Yes,2023,,South,,0,,Flat,,,,,,Bright sun,359100,1,0,0,4,,,0,,,,,,Auckland Region,Bridge,1-way,Sealed,,0,0,,80,,Off,0,0,,76,Auckland,Nil,,,,,0,0,Open,0,,,Fine,Null
1746748.2516,5918293.4355,900496,,512401,0,,0,2,,Null,2025/2026,STRID ROAD,TE ATATU ROAD,,Minor Crash,No,2025,,East,,0,,Flat,,,,,,Bright sun,256600,1,0,0,2,,,0,,,,,,Auckland Region,Nil,2-way,Sealed,,0,0,,50,,Off,0,0,,76,Auckland,Stop,,,,,0,0,Urban,0,,,Fine,Null
1755548.2756,5925597.4432,900498,,509701,0,,0,1,,West,2025/2026,RALEIGH ROAD,LAKE ROAD,,Non-Injury Crash,No,2025,,East,,0,,Flat,,,,,,Bright sun,367100,0,0,0,2,,,0,,,,,,Auckland Region,Nil,2-way,Sealed,,0,0,,50,,Null,1,0,,76,Auckland,Nil,,,,,0,0,Urban,0,,,Fine,Null
1761464.2624,5907514.9196,900507,,524520,0,,0,2,,Null,2025/2026,BUCKLAND ROAD,WICKMAN WAY,,Minor Crash,No,2026,,East,,0,,Flat,,,,,,Overcast,734800,1,0,0,3,,,0,,,,,,Auckland Region,Nil,2-way,Sealed,,0,0,,50,,Off,0,0,,76,Auckland,Traffic Signals,,,,,0,0,Urban,0,,,Heavy rain,Null
1764286.603,5904024.5274,900511,,524604,0,,0,1,,North,2025/2026,SOUTH-WESTERN MOTORWAY,CAVENDISH DRIVE ON RAMP,,Minor Crash,Yes,2025,,North,,0,,Flat,,,,,,Bright sun,781100,1,0,0,2,,,0,,,,,,Auckland Region,Nil,1-way,Sealed,,0,0,,100,,Null,0,0,,76,Auckland,Nil,,,,,1,0,Open,0,,,Fine,Null
1759452.6132,5917210.5978,900515,,516001,1,0,0,0,0,Null,2025/2026,REMUERA ROAD,WESTBOURNE ROAD,,Minor Crash,No,2025,0,South,0,0,0,Hill Road,0,,0,,0,Overcast,491200,1,0,0,4,0,0,0,0,0,,0,0,Auckland Region,Nil,2-way,Sealed,0,0,0,0,50,0,Off,1,0,,76,Auckland,Stop,0,0,0,0,0,0,Urban,0,1,0,Fine,Null
1753269.5106,5924699.2962,900516,,510401,0,,0,1,,East,2022/2023,MOKOIA ROAD,GLENWOOD AVENUE,,Non-Injury Crash,No,2023,,East,,0,,Flat,,,,,,Dark,355101,0,0,0,4,,,0,,,,,,Auckland Region,Nil,2-way,Sealed,,0,0,,50,,Null,1,0,,76,Auckland,Nil,,,,,0,0,Urban,0,,,Fine,Null
1767538.6209,5905549.4195,900518,,523722,0,0,0,1,0,North,2023/2024,SOUTHERN MOTORWAY,TE IRIRANGI DRIVE OFF RAMP,,Non-Injury Crash,Yes,2023,0,South,0,0,0,Flat,0,,0,,0,Bright sun,715701,0,0,0,6,0,0,0,0,0,,0,1,Auckland Region,Motorway ramp,2-way,Sealed,0,0,0,0,100,0,Off,0,0,,76,Auckland,Nil,0,0,0,0,0,0,Open,0,0,0,Fine,Null
1752864.444,5916594.6094,900521,,517901,0,,0,2,,South,2025/2026,NEW NORTH ROAD,MOUNT ALBERT ROAD,,Non-Injury Crash,No,2025,,East,,0,,Null,,,,,,Overcast,524800,0,0,0,2,,,0,,,,,,Auckland Region,Nil,2-way,Sealed,,0,0,,50,,Null,0,0,,76,Auckland,Nil,,,,,0,0,Urban,0,,,Fine,Null
1764273.5604,5908971.8067,900522,,521901,0,0,0,1,0,Null,2022/2023,MANGERE ROAD,GREAT SOUTH ROAD,,Non-Injury Crash,No,2023,0,East,0,0,1,Flat,0,,0,,0,Dark,785200,0,0,0,4,0,0,0,0,0,,0,0,Auckland Region,Nil,2-way,Sealed,0,0,0,0,50,0,On,0,0,,76,Auckland,Traffic Signals,0,2,0,0,0,0,Urban,1,0,0,Heavy rain,Strong wind
1765676.7233,5914757.8044,900523,,520601,1,,0,1,,Null,2025/2026,TRIPOLI ROAD,MATAPAN ROAD,,Minor Crash,No,2026,,South,,0,,Flat,,,,,,Bright sun,630800,1,0,0,2,,,0,,,,,,Auckland Region,Nil,2-way,Sealed,,0,0,,50,,Off,0,0,,76,Auckland,Nil,,,,,0,0,Urban,0,,,Fine,Null
1764008.4316,5912483.041,900532,,520500,0,,0,2,,East,2025/2026,SOUTHERN MOTORWAY,MT WGTN OBR,,Non-Injury Crash,Yes,2026,,South,,0,,Flat,,,,,,Overcast,637500,0,0,0,2,,,0,,,,,,Auckland Region,Bridge,1-way,Sealed,,0,0,,100,,Off,1,0,,76,Auckland,Nil,,,,,1,0,Open,0,,,Heavy rain,Strong wind
1763916.551,5912485.1964,900533,,520500,0,0,0,1,0,Null,2023/2024,MOUNT WELLINGTON HWY OFF RAMP,MOUNT WELLINGTON HIGHWAY,,Non-Injury Crash,No,2023,0,West,0,0,0,Flat,0,,0,,0,Dark,639500,0,0,0,2,0,0,0,0,0,,0,0,Auckland Region,Underpass,1-way,Sealed,0,0,0,0,50,0,On,0,0,,76,Auckland,Traffic Signals,0,1,0,0,0,0,Urban,0,0,0,Fine,Null
1760670.0786,5911846.742,900536,,520000,0,,0,2,,West,2025/2026,NEILSON STREET,ANGLE STREET,,Non-Injury Crash,No,2025,,West,,0,,Null,,Labour Weekend,,,,Overcast,608200,0,0,0,4,,,0,,,,,,Auckland Region,Nil,2-way,Sealed,,0,0,,50,,Null,0,0,,76,Auckland,Nil,,,,,0,0,Urban,0,,,Fine,Null
1756212.9033,5919279.7105,900538,,515420,0,0,0,1,0,North,2022/2023,PONSONBY ROAD,KARANGAHAPE ROAD,,Non-Injury Crash,No,2023,0,West,0,0,0,Flat,0,,0,,0,Dark,411600,0,0,0,4,0,1,0,0,0,,0,0,Auckland Region,Nil,2-way,Sealed,0,0,0,0,40,0,On,0,0,,76,Auckland,Nil,0,0,0,0,0,0,Urban,0,0,0,Fine,Null
1779386.1447,5915467.9522,900539,,523300,0,0,0,1,1,East,2025/2026,WHITFORD MARAETAI ROAD,BEACHLANDS ROAD,,Minor Crash,No,2025,0,North,0,0,0,Flat,0,Christmas New Year,0,,0,Overcast,719400,4,0,0,2,0,0,0,0,0,,0,0,Auckland Region,Nil,2-way,Sealed,0,0,0,0,80,0,Off,1,0,,76,Auckland,Nil,0,0,0,0,0,0,Open,1,0,0,Fine,Null
1757016.897,5919431.7155,900540,,514200,0,,0,2,,Null,2023/2024,UPPER QUEEN STREET,KARANGAHAPE ROAD,,Non-Injury Crash,No,2023,,North,,0,,Hill Road,,,,,,Dark,412200,0,0,0,4,,,0,,,,,,Auckland Region,Nil,2-way,Sealed,,0,0,,40,,On,0,0,,76,Auckland,Traffic Signals,,,,,0,0,Urban,0,,,Fine,Null
1754000.5131,5933469.7194,900543,,508804,0,0,0,2,0,West,2025/2026,HUGH GREEN DRIVE,KILLYBEGS DRIVE,,Non-Injury Crash,No,2026,0,East,0,0,0,Null,0,,0,,0,Unknown,180712,0,0,0,2,0,0,0,0,1,,0,0,Auckland Region,Nil,2-way,Sealed,0,0,0,0,50,0,Null,0,0,,76,Auckland,Nil,0,0,0,0,0,0,Urban,0,0,0,Fine,Null
1734511.0582,5936330.5181,900544,,506653,0,,0,0,,West,2023/2024,PEAK ROAD,OLD NORTH ROAD,,Minor Crash,No,2023,,South,,0,,Flat,,,,,,Overcast,217703,1,0,0,2,,,0,,,,,,Auckland Region,Bridge,2-way,Sealed,,0,0,,80,,Off,0,0,,76,Auckland,Nil,,,,,1,0,Open,0,,,Light rain,Null
1764302.6045,5914937.7198,900545,,520303,0,,0,2,,Null,2025/2026,ELLERSLIE-PANMURE HIGHWAY,MOUNTAIN ROAD,,Non-Injury Crash,No,2026,,East,,0,,Flat,,,,,,Overcast,627500,0,0,0,4,,,0,,,,,,Auckland Region,Nil,2-way,Sealed,,0,0,,50,,Off,0,0,,76,Auckland,Give way,,,,,0,0,Urban,0,,,Fine,Strong wind
1754221.6341,5933105.3273,900548,,508805,0,0,0,2,0,Null,2022/2023,APOLLO DRIVE,ROSEDALE ROAD,,Non-Injury Crash,No,2023,0,West,0,0,0,Flat,0,,0,,0,Dark,180866,0,0,0,2,0,0,0,0,0,,0,0,Auckland Region,Nil,2-way,Sealed,0,0,0,0,50,0,On,0,0,,76,Auckland,Give way,0,1,0,0,0,0,Urban,0,0,0,Light rain,Null
1766582.9233,5913069.0921,900549,,522910,0,,0,1,,Null,2025/2026,TI RAKAU DRIVE,AYLESBURY STREET,,Non-Injury Crash,No,2025,,South,,0,,Null,,,,,,Bright sun,684000,0,0,0,3,,,0,,,,,,Auckland Region,Nil,1-way,Sealed,,0,0,,50,,Null,1,0,,76,Auckland,Traffic Signals,,,,,0,0,Urban,0,,,Fine,Null
1769553.7723,5877940.3108,900559,35,525922,0,0,0,1,1,South,2023/2024,TUAKAU ROAD,WOODLANDS ROAD,,Non-Injury Crash,No,2024,0,South,1,0,0,Flat,0,,0,,0,Dark,824302,0,0,0,2,0,0,0,0,0,,0,0,Auckland Region,Nil,2-way,Sealed,0,0,0,0,80,0,None,0,0,,76,Auckland,Nil,0,0,0,0,0,0,Open,0,0,0,Fine,Null
1748899.3842,5970195.1272,900561,,505500,0,0,0,1,0,West,2022/2023,WHITAKER ROAD,PALMER STREET,,Non-Injury Crash,No,2023,0,West,0,0,0,Hill Road,0,,0,,0,Dark,140300,0,0,0,2,0,0,0,0,0,,2,0,Auckland Region,Nil,2-way,Sealed,0,0,0,0,50,0,On,0,0,,76,Auckland,Nil,0,0,0,0,0,0,Urban,0,0,0,Fine,Null
1758144.3253,5917870.562,900562,,515700,0,,0,2,,Null,2025/2026,GILLIES AVENUE,GILLIES AVENUE OFF RAMP,,Minor Crash,No,2026,,North,,0,,Flat,,,,,,Twilight,443200,1,0,0,3,,,0,,,,,,Auckland Region,Underpass,2-way,Sealed,,0,0,,50,,On,0,0,,76,Auckland,Traffic Signals,,,,,0,0,Urban,0,,,Fine,Null
1770487.9411,5897729.4736,900565,,523920,0,,0,1,,North,2025/2026,SOUTHERN MOTORWAY,PAHUREHURE NO 1 BR,,Non-Injury Crash,Yes,2025,,North,,0,,Flat,,,,,,Overcast,767919,0,0,0,3,,,0,,,,,,Auckland Region,Nil,1-way,Unsealed,,0,0,,100,,Off,0,0,,76,Auckland,Nil,,,,,0,0,Open,1,,,Fine,Null
1751699.9193,5917114.8681,900566,,514900,0,,0,0,,Null,2023/2024,GREAT NORTH ROAD,ALFORD STREET,,Non-Injury Crash,No,2023,,North,,0,,Hill Road,,Christmas New Year,,,,Overcast,384701,0,0,0,4,,,0,,,,,,Auckland Region,Nil,2-way,Sealed,,0,0,,50,,Off,1,0,,76,Auckland,Traffic Signals,,,,,0,0,Urban,1,,,Light rain,Null
1746638.6114,5964031.5802,900574,,506613,0,0,0,1,0,North,2023/2024,NORTHERN MOTORWAY,PUHOI SOUTHBOUND ON RAMP,,Non-Injury Crash,Yes,2023,0,South,0,0,0,Hill Road,1,Christmas New Year,0,,0,Overcast,146800,0,0,0,2,0,0,0,0,0,,0,0,Auckland Region,Nil,1-way,Sealed,0,0,0,0,100,0,None,0,0,,76,Auckland,Nil,0,0,0,0,0,0,Open,0,0,0,Heavy rain,Null
1766450.6514,5907708.8836,900575,,523402,0,,0,2,,Null,2025/2026,OTARA ROAD,ASHTON AVENUE,,Serious Crash,No,2025,,North,,0,,Flat,,,,,,Overcast,699300,0,0,0,2,,,0,,,,,,Auckland Region,Nil,2-way,Sealed,,0,1,,50,,Off,0,0,,76,Auckland,Stop,,,,,0,0,Urban,0,,,Fine,Null
1749292.6956,5912771.2371,900578,,511402,0,,0,2,,Null,2023/2024,HUTCHINSON AVENUE,WILLERTON AVENUE,,Non-Injury Crash,No,2023,,West,,0,,Flat,,,,,,Bright sun,261402,0,0,0,2,,,0,,,,,,Auckland Region,Nil,2-way,Sealed,,0,0,,50,,Off,0,0,,76,Auckland,Stop,,,,,0,0,Urban,0,,,Fine,Null
1768742.5748,5904544.3957,900579,,523722,0,,0,1,,Null,2025/2026,REDOUBT ROAD,HOLLYFORD DRIVE,,Non-Injury Crash,No,2025,,East,,0,,Null,,Labour Weekend,,,,Bright sun,715917,0,0,0,4,,,0,,,,,,Auckland Region,Nil,2-way,Sealed,,0,0,,50,,Null,0,0,,76,Auckland,Traffic Signals,,,,,0,1,Urban,0,,,Fine,Null
1759096.8947,5909565.357,900580,,524002,0,0,0,1,0,West,2022/2023,DOMAIN ROAD,DOMAIN LANE,,Non-Injury Crash,No,2023,0,North,0,0,1,Hill Road,0,,0,,0,Unknown,723800,0,0,0,2,0,0,0,0,0,,0,0,Auckland Region,Nil,2-way,Sealed,0,0,0,0,50,0,Null,0,0,,76,Auckland,Nil,0,0,0,0,0,0,Urban,0,0,0,Null,Null
1763278.445,5915014.5513,900581,,520302,0,,0,2,,Null,2024/2025,MANGATAWHIRI ROAD,HARRIS ROAD,,Non-Injury Crash,No,2025,,East,,0,,Flat,,,,,,Bright sun,626101,0,0,0,4,,,0,,,,,,Auckland Region,Nil,2-way,Sealed,,0,0,,50,,Off,0,0,,76,Auckland,Give way,,,,,0,0,Urban,0,,,Fine,Null
1769890.055,5899410.7967,900583,,523911,0,0,0,0,0,North,2022/2023,SOUTHERN MOTORWAY,GT SOUTH OBR,,Minor Crash,Yes,2023,0,South,0,0,0,Flat,1,,0,,0,Overcast,766500,2,0,0,3,0,0,0,0,0,,0,0,Auckland Region,Overpass,1-way,Sealed,0,0,0,0,100,0,Off,0,0,,76,Auckland,Nil,0,0,0,0,2,0,Open,0,0,0,Heavy rain,Null
1757368.2941,5927142.1654,900585,,508010,0,0,0,0,0,Null,2023/2024,KILLARNEY STREET,LAKE PUPUKE DRIVE,,Non-Injury Crash,No,2023,0,South,0,0,0,Flat,0,,0,,0,Dark,327400,0,0,0,2,0,0,0,0,0,,0,1,Auckland Region,Nil,2-way,Sealed,0,0,0,0,50,0,On,0,0,,76,Auckland,Give way,0,1,0,0,0,0,Urban,0,0,0,Fine,Null
1766609.656,5906546.6881,900587,,522302,0,0,0,4,0,South,2023/2024,KIMPTON ROAD,FYFE AVENUE,,Minor Crash,No,2024,0,South,0,0,0,Flat,0,,0,,0,Overcast,669800,1,0,0,2,0,0,0,0,3,,0,0,Auckland Region,Nil,2-way,Sealed,0,0,0,0,50,0,Off,0,0,,76,Auckland,Nil,0,0,0,0,0,0,Urban,0,0,0,Light rain,Null
1768990.965,5906219.8598,900589,,523711,0,,0,1,,North,2023/2024,TE IRIRANGI DRIVE,PENION DRIVE,,Minor Crash,No,2024,,North,,0,,Flat,,,,,,Bright sun,713007,1,0,1,2,,,0,,,,,,Auckland Region,Nil,1-way,Sealed,,0,0,,50,,Off,0,0,,76,Auckland,Nil,,,,,0,0,Urban,0,,,Fine,Null
1770729.0799,5898556.9158,900593,,523920,0,,0,2,,South,2023/2024,GREAT SOUTH ROAD,TAKA STREET,,Minor Crash,No,2024,,North,,0,,Flat,,Easter,,,,Dark,767503,4,0,0,4,,,0,,,,,,Auckland Region,Nil,2-way,Sealed,,0,0,,50,,On,0,0,,76,Auckland,Nil,,,,,0,0,Urban,1,,,Fine,Null
1770369.9081,5911606.4712,900594,,523105,0,,0,0,,Null,2025/2026,GOLFLAND DRIVE,GOLFLAND DRIVE,,Minor Crash,No,2025,,East,,0,,Flat,,,,,,Bright sun,711148,1,0,0,2,,,0,,,1,,,Auckland Region,Nil,2-way,Sealed,,0,0,,60,,Off,0,0,50,76,Auckland,Traffic Signals,,,,,0,0,Urban,1,,,Fine,Null
1759205.1089,5915513.5663,900595,,519300,0,,0,1,,Null,2023/2024,POHUTUKAWA DRIVE,GREEN LANE WEST,,Non-Injury Crash,No,2023,,North,,0,,Flat,,,,,,Overcast,623400,0,0,0,4,,,0,,,,,,Auckland Region,Nil,2-way,Sealed,,0,0,,50,,Off,0,0,,76,Auckland,Traffic Signals,,,,,0,0,Urban,1,,,Fine,Null
1749617.8554,5918050.905,900598,,514801,0,,0,1,,West,2025/2026,NORTH-WESTERN MOTORWAY,ROSEBANK ROAD ON RAMP,,Non-Injury Crash,Yes,2026,,East,,0,,Flat,,,,,,Bright sun,390401,0,0,0,4,,,0,,,,,,Auckland Region,Nil,1-way,Sealed,,0,0,,100,,Off,1,0,,76,Auckland,Nil,,,,,0,0,Open,0,,,Fine,Null
1767761.023,5906160.6164,900600,,523711,0,,0,2,,Null,2025/2026,FLAT BUSH ROAD,PRESTON ROAD,,Non-Injury Crash,No,2026,,West,,0,,Flat,,,,,,Bright sun,715000,0,0,0,2,,,0,,,,,,Auckland Region,Nil,2-way,Sealed,,0,0,,50,,Off,0,0,,76,Auckland,Traffic Signals,,,,,0,0,Urban,0,,,Fine,Null
1753692.932,5914543.7354,900603,,518801,0,,0,2,,Null,2025/2026,STODDARD ROAD,MAIORO STREET,,Non-Injury Crash,No,2025,,North,,0,,Hill Road,,Christmas New Year,,,,Overcast,578500,0,0,0,3,,,0,,,,,,Auckland Region,Nil,2-way,Sealed,,0,0,,50,,On,0,0,,76,Auckland,Traffic Signals,,,,,0,0,Urban,0,,,Light rain,Null
1759429.5204,5910240.89,900604,,524002,0,,0,1,,Null,2023/2024,RIMU ROAD,RIMU ROAD ON RAMP,,Non-Injury Crash,No,2023,,West,,0,,Flat,,,,,,Overcast,722000,0,0,0,1,,,0,,,,,,Auckland Region,Motorway ramp,1-way,Sealed,,0,0,,50,,None,0,0,,76,Auckland,Nil,,,,,1,0,Urban,0,,,Fine,Null
1753210.222,5918266.1426,900607,,515003,0,,0,2,,West,2025/2026,NORTH-WESTERN MOTORWAY,ST LUKES ROAD ON RAMP,,Non-Injury Crash,Yes,2025,,West,,0,,Flat,,,,,,Overcast,390502,0,0,0,4,,,0,,,,,,Auckland Region,Nil,1-way,Sealed,,0,0,,100,,Off,0,0,,76,Auckland,Nil,,,,,0,0,Open,0,,,Fine,Null
1745367.0495,5920360.7363,900609,,513301,0,,0,2,,South,2024/2025,LINCOLN ROAD,CENTRAL PARK DRIVE,,Non-Injury Crash,No,2025,,North,,0,,Null,,,,,,Bright sun,230302,0,0,0,5,,,0,,,,,,Auckland Region,Nil,2-way,Sealed,,0,0,,50,,On,0,0,,76,Auckland,Nil,,,,,0,0,Urban,0,,,Light rain,Null
1770404.0008,5912331.6097,900611,,523106,0,,0,2,,Null,2025/2026,BOTANY ROAD,MILLHOUSE DRIVE,,Non-Injury Crash,No,2025,,North,,0,,Flat,,,,,,Dark,711186,0,0,0,4,,,0,,,,,,Auckland Region,Nil,2-way,Sealed,,0,0,,50,,On,0,0,,76,Auckland,Traffic Signals,,,,,0,0,Urban,0,,,Heavy rain,Null
1753573.6363,5914949.0964,900617,,518801,0,,0,2,,Null,2025/2026,FARRELLY AVENUE,PARKINSON AVENUE,,Non-Injury Crash,No,2026,,North,,0,,Flat,,,,,,Bright sun,576400,0,0,0,2,,,0,,,,,,Auckland Region,Nil,2-way,Sealed,,0,0,,30,,Off,0,1,,76,Auckland,Give way,,,,,0,0,Urban,0,,,Fine,Null
1759674.1111,5909453.3508,900620,,524002,0,0,0,0,0,South,2023/2024,SOUTH-WESTERN MOTORWAY,HASTIE FTBR,,Minor Crash,Yes,2024,0,South,0,0,0,Flat,1,,0,,0,Bright sun,724102,1,0,0,3,0,0,0,0,0,,0,0,Auckland Region,Nil,2-way,Sealed,0,0,0,0,100,0,Off,0,0,,76,Auckland,Nil,0,0,0,0,0,0,Open,1,0,0,Fine,Null
1756477.4572,5925137.003,900626,,509702,0,0,0,3,0,South,2025/2026,SYLVAN AVENUE,EXMOUTH ROAD,,Non-Injury Crash,No,2025,0,North,0,0,0,Hill Road,0,,0,,0,Bright sun,366501,0,0,0,2,0,0,0,0,1,,0,0,Auckland Region,Nil,2-way,Sealed,0,0,0,0,50,0,Off,0,0,,76,Auckland,Nil,0,0,0,0,0,0,Urban,0,0,0,Fine,Null
1756180.8162,5920918.0981,900628,,515202,0,,0,1,,East,2025/2026,NORTHERN MOTORWAY,FANSHAWE STREET ON RAMP,,Non-Injury Crash,Yes,2025,,North,,0,,Hill Road,,,,,,Bright sun,426101,0,0,0,3,,,0,,,,,,Auckland Region,Tunnel,1-way,Sealed,,0,0,,80,,Off,1,0,,76,Auckland,Nil,,,,,1,0,Open,0,,,Fine,Null
1754254.7644,5931160.1875,900630,,508520,0,,0,2,,North,2025/2026,NORTHERN MOTORWAY,SUNSET OBR,,Non-Injury Crash,Yes,2025,,South,,0,,Flat,,,,,,Bright sun,191101,0,0,0,2,,,0,,,,,,Auckland Region,Nil,1-way,Sealed,,0,0,,100,,Off,0,0,,76,Auckland,Nil,,,,,0,0,Open,0,,,Fine,Null
1748031.3786,5916347.68,900633,,511602,0,0,0,1,0,East,2023/2024,BANCROFT CRESCENT,AKATEA ROAD,,Non-Injury Crash,No,2023,0,East,0,0,1,Flat,0,,0,,0,Dark,273500,0,0,0,2,0,0,0,0,0,,1,0,Auckland Region,Nil,2-way,Sealed,0,0,0,0,50,0,On,0,0,,76,Auckland,Nil,0,0,0,0,0,0,Urban,0,0,0,Fine,Null
1756687.8935,5919886.6227,900635,,514102,0,0,0,2,0,Null,2023/2024,NELSON STREET OFF RAMP,UNION STREET,,Minor Crash,No,2024,0,North,0,0,0,Flat,0,,0,,0,Dark,435500,1,0,0,3,0,0,0,0,0,,0,1,Auckland Region,Motorway ramp,1-way,Sealed,0,0,0,0,50,0,On,0,1,,76,Auckland,Traffic Signals,0,0,0,0,0,0,Urban,0,0,0,Light rain,Null
1739260.731,5928398.5476,900636,,505602,0,0,0,1,0,North,2025/2026,WAITAKERE ROAD,TROTTING COURSE DRIVE,,Non-Injury Crash,No,2025,0,North,0,0,0,Flat,0,,0,,0,Overcast,215000,0,0,0,2,0,0,0,0,0,,0,0,Auckland Region,Nil,2-way,Sealed,0,0,0,0,80,0,None,0,0,,76,Auckland,Nil,0,1,0,0,0,0,Open,0,0,0,Heavy rain,Null
1753278.4829,5918803.5972,900637,,515100,0,0,0,1,0,Null,2023/2024,OFF ROAD CARPARK AUCKLAND ZOO,,,Serious Crash,No,2024,0,North,0,0,0,Flat,0,,1,,0,Dark,398100,0,0,0,1,0,0,0,0,0,,1,0,Auckland Region,Speed hump,1-way,Sealed,0,0,1,0,50,0,On,0,0,,76,Auckland,Nil,0,0,0,0,0,0,Urban,0,0,0,Fine,Null
1753172.5154,5935152.0919,900638,,508703,0,,0,1,,South,2025/2026,OTEHA VALLEY ROAD,MEDALLION DRIVE,,Non-Injury Crash,No,2025,,North,,0,,Null,,,,,,Bright sun,179201,0,0,1,2,,,0,,,,,,Auckland Region,Nil,1-way,Sealed,,0,0,,50,,Null,0,0,,76,Auckland,Nil,,,,,0,0,Urban,0,,,Fine,Null