X,Y,OBJECTID,advisorySpeed,areaUnitID,bicycle,bridge,bus,carStationWagon,cliffBank,crashDirectionDescription,crashFinancialYear,crashLocation1,crashLocation2,crashRoadSideRoad,crashSeverity,crashSHDescription,crashYear,debris,directionRoleDescription,ditch,fatalCount,fence,flatHill,guardRail,holiday,houseOrBuilding,intersection,kerb,light,meshblockId,minorInjuryCount,moped,motorcycle,NumberOfLanes,objectThrownOrDropped,otherObject,otherVehicleType,overBank,parkedVehicle,pedestrian,phoneBoxEtc,postOrPole,region,roadCharacter,roadLane,roadSurface,roadworks,schoolBus,seriousInjuryCount,slipOrFlood,speedLimit,strayAnimal,streetLight,suv,taxi,temporarySpeedLimit,tlaId,tlaName,trafficControl,trafficIsland,trafficSign,train,tree,truck,unknownVehicleType,urban,vanOrUtility,vehicle,waterRiver,weatherA,weatherB
1760386.0776,5915747.4684,900648,,516003,0,,0,1,,Null,2024/2025,GREEN LANE EAST ON RAMP,SOUTHERN MOTORWAY,,Non-Injury Crash,No,2025,,South,,0,,Flat,,,,,,Bright sun,494902,0,0,0,3,,,0,,,,,,Auckland Region,Nil,1-way,Sealed,,0,0,,100,,Off,0,0,,76,Auckland,Nil,,,,,1,0,Open,0,,,Fine,Null
1737368.9516,5944547.5755,900653,,506646,0,0,0,1,1,East,2023/2024,KAHIKATEA FLAT ROAD,FIELD LANE,,Minor Crash,No,2023,0,West,0,0,0,Hill Road,0,,0,,0,Overcast,213100,1,0,0,2,0,0,0,0,0,,0,0,Auckland Region,Nil,2-way,Sealed,0,0,0,0,80,0,Off,0,0,,76,Auckland,Nil,0,0,0,0,0,0,Open,0,0,0,Light rain,Null
1762858.1805,5912954.6368,900658,,520402,0,,0,3,,West,2023/2024,SOUTHERN MOTORWAY,SOUTH-EASTERN HWY OFF RAMP,,Minor Crash,Yes,2023,,East,,0,,Flat,,,,,,Bright sun,642500,1,0,0,4,,,0,,,,,,Auckland Region,Nil,1-way,Sealed,,0,0,,100,,Off,0,0,,76,Auckland,Nil,,,,,0,0,Open,0,,,Fine,Null
1753236.9422,5914641.9719,900666,,518801,0,0,0,2,0,East,2024/2025,SH 20,MAIORO STREET ON RAMP,,Non-Injury Crash,Yes,2025,0,North,0,0,0,Flat,1,,0,,0,Dark,578400,0,0,0,4,0,0,0,0,0,,0,0,Auckland Region,Motorway ramp,1-way,Sealed,0,0,0,0,80,0,On,0,0,,76,Auckland,Nil,0,0,0,0,0,0,Open,0,0,0,Light rain,Null
1769712.2159,5908474.0737,900667,,523115,0,0,0,2,0,North,2023/2024,ACCENT DRIVE,WAYNE FRANCIS DRIVE,,Minor Crash,No,2024,0,West,0,0,0,Flat,0,,0,,0,Overcast,711909,1,0,0,3,0,0,0,0,0,,0,0,Auckland Region,Nil,2-way,Sealed,0,0,0,0,60,0,Off,0,0,,76,Auckland,Nil,0,0,0,0,0,0,Urban,0,1,0,Fine,Null
1762580.3395,5907357.2904,900670,,524530,0,,0,2,,East,2024/2025,MASSEY ROAD,YATES ROAD,,Non-Injury Crash,No,2025,,West,,0,,Flat,,,,,,Dark,733000,0,0,0,2,,,0,,,,,,Auckland Region,Nil,2-way,Sealed,,0,0,,50,,On,0,0,,76,Auckland,Nil,,,,,0,0,Urban,0,,,Fine,None
1748973.4515,5970706.6808,900671,,505500,0,0,1,0,0,West,2022/2023,ELIZABETH STREET,FALLS STREET,,Non-Injury Crash,No,2023,0,West,0,0,0,Flat,0,,0,,0,Overcast,140300,0,0,0,2,0,0,0,0,1,,0,0,Auckland Region,Nil,2-way,Sealed,0,0,0,0,50,0,Off,1,0,,76,Auckland,Nil,0,0,0,0,0,0,Urban,0,0,0,Fine,Null
1757200.704,5912479.6527,900673,,518702,0,,0,2,,South,2022/2023,SOUTH-WESTERN MOTORWAY,HILLSBOROUGH ROAD OFF RAMP,,Non-Injury Crash,Yes,2023,,North,,0,,Hill Road,,,,,,Dark,570900,0,0,0,3,,,0,,,,,,Auckland Region,Nil,1-way,Sealed,,0,0,,100,,On,0,0,,76,Auckland,Nil,,,,,0,0,Open,0,,,Light rain,Null
1767066.4658,5910528.3621,900674,,523112,0,,0,0,,Null,2024/2025,HIGHBROOK DRIVE,BUSINESS PARADE SOUTH,,Non-Injury Crash,No,2024,,West,,0,,Flat,,,,,,Overcast,711301,0,0,0,3,,,0,,,,,,Auckland Region,Nil,2-way,Sealed,,0,0,,50,,Off,0,0,,76,Auckland,Traffic Signals,,,,,0,0,Urban,2,,,Light rain,Null
1748441.6111,5926626.9857,900681,,513431,0,,0,2,,Null,2023/2024,DE HAVILLAND ROAD,WALLACE ROAD,,Minor Crash,No,2023,,West,,0,,Flat,,,,,,Bright sun,222800,1,0,0,2,,,0,,,,,,Auckland Region,Nil,2-way,Sealed,,0,0,,50,,Off,0,0,,76,Auckland,Give way,,,,,0,0,Urban,0,,,Fine,Null
1767920.9285,5909342.4464,900682,,523112,0,0,1,3,0,Null,2023/2024,KERWYN AVENUE,ANDROMEDA CRESCENT,,Non-Injury Crash,No,2023,0,East,0,0,0,Flat,0,,0,,0,Overcast,711600,0,0,0,2,0,0,0,0,1,,0,0,Auckland Region,Nil,2-way,Sealed,0,0,0,0,50,0,Off,0,0,,76,Auckland,Give way,0,0,0,0,0,0,Urban,0,0,0,Fine,Null
1768444.9343,5901435.3795,900686,,525001,0,,0,1,,Null,2023/2024,GREAT SOUTH ROAD,CORIN AVENUE,,Non-Injury Crash,No,2023,,North,,0,,Flat,,,,,,Overcast,751500,0,0,1,2,,,0,,,,,,Auckland Region,Nil,2-way,Sealed,,0,0,,50,,Off,0,0,,76,Auckland,Stop,,,,,0,0,Urban,0,,,Fine,Null
1736082.7095,5920481.7165,900702,,505700,0,0,0,1,0,East,2025/2026,WAIRERE ROAD,ARROWSMITH ROAD,,Minor Crash,No,2025,0,East,0,0,0,Hill Road,0,,0,,0,Overcast,216700,2,0,0,2,0,0,0,0,0,,0,0,Auckland Region,Nil,2-way,Sealed,0,0,0,0,80,0,None,0,0,,76,Auckland,Nil,0,0,0,0,0,0,Open,0,0,0,Light rain,Null
1757046.6526,5912624.4146,900704,,518702,0,,0,2,,North,2025/2026,SOUTH-WESTERN MOTORWAY,HILLSBOROUGH ROAD ON RAMP,,Non-Injury Crash,Yes,2026,,South,,0,,Flat,,,,,,Overcast,570300,0,0,0,3,,,0,,,,,,Auckland Region,Nil,1-way,Sealed,,0,0,,100,,Off,0,0,,76,Auckland,Nil,,,,,0,0,Open,0,,,Fine,Null
1767910.2988,5901474.0795,900709,,524720,0,0,0,1,0,West,2023/2024,JELLICOE ROAD,RUTH STREET,,Non-Injury Crash,No,2023,0,South,0,0,0,Flat,0,,0,,0,Dark,780100,0,0,0,2,0,0,0,0,1,,0,0,Auckland Region,Nil,2-way,Sealed,0,0,0,0,50,0,On,1,0,,76,Auckland,Nil,0,0,0,0,0,0,Urban,0,0,0,Fine,Null
1751631.7817,5914766.6463,900713,,514402,0,0,0,2,0,West,2023/2024,NEW WINDSOR ROAD,BRIGHTWELL PLACE,,Minor Crash,No,2024,0,West,0,0,0,Hill Road,0,,0,,0,Dark,380504,1,0,0,2,0,0,0,0,1,,0,0,Auckland Region,Nil,2-way,Sealed,0,0,0,0,50,0,On,2,0,,76,Auckland,Nil,0,0,0,0,0,0,Urban,0,0,0,Fine,Null
1772853.9112,5896813.6893,900714,,525420,0,0,0,3,0,West,2025/2026,INGRAM STREET,VIEW ROAD,,Non-Injury Crash,No,2025,0,West,0,0,0,Flat,0,,0,,0,Twilight,792700,0,0,0,2,0,0,0,0,3,,0,0,Auckland Region,Nil,2-way,Sealed,0,0,0,0,50,0,None,0,0,,76,Auckland,Nil,0,0,0,0,0,0,Urban,1,0,0,Fine,Null
1772953.7294,5891638.2515,900716,,521301,0,,0,2,,North,2025/2026,GREAT SOUTH ROAD OFF RAMP,GREAT SOUTH ROAD,,Minor Crash,Yes,2026,,South,,0,,Hill Road,,,,,,Overcast,808701,1,0,0,2,,,0,,,,,,Auckland Region,Nil,1-way,Sealed,,0,0,,50,,Off,0,0,,76,Auckland,Nil,,,,,1,0,Urban,0,,,Light rain,Null
1748232.7313,5961098.0125,900717,35,506613,0,0,0,1,0,South,2023/2024,SH 1,SCHOLLUM ACCESS ROAD,,Non-Injury Crash,No,2023,0,South,0,0,0,Hill Road,1,Christmas New Year,0,,0,Overcast,146800,0,0,0,2,0,0,0,0,0,,0,0,Auckland Region,Nil,2-way,Sealed,0,0,0,0,80,0,None,0,0,,76,Auckland,Nil,0,0,0,0,0,0,Open,0,0,0,Fine,Null
1757534.7407,5918554.7786,900727,,514302,0,,0,3,,North,2022/2023,SOUTHERN MOTORWAY,BOSTON OBR,,Non-Injury Crash,Yes,2023,,North,,0,,Hill Road,,,,,,Overcast,442100,0,0,0,4,,,0,,,,,,Auckland Region,Nil,1-way,Sealed,,0,0,,80,,Off,0,0,,76,Auckland,Nil,,,,,0,0,Open,0,,,Light rain,Null
1743669.6476,5923616.8343,900732,,513511,0,,0,1,,North,2023/2024,FERNHILL DRIVE,WESTGATE DRIVE,,Minor Crash,No,2024,,North,,0,,Hill Road,,,,,,Dark,224306,1,0,0,3,,,0,,,1,,,Auckland Region,Nil,2-way,Sealed,,0,0,,50,,On,0,0,,76,Auckland,Nil,,,,,0,0,Urban,0,,,Fine,Null
1754613.8814,5918358.9873,900733,,515431,0,,0,2,,East,2025/2026,NORTH-WESTERN MOTORWAY,MOUNTAIN VIEW OBR,,Non-Injury Crash,Yes,2026,,East,,0,,Flat,,,,,,Bright sun,406700,0,0,0,4,,,0,,,,,,Auckland Region,Nil,1-way,Sealed,,0,0,,80,,Off,0,0,,76,Auckland,Nil,,,,,0,0,Open,0,,,Fine,Null
1757312.0891,5919495.4555,900737,,514301,0,,0,1,,Null,2025/2026,SYMONDS STREET,CITY ROAD,,Non-Injury Crash,No,2025,,North,,0,,Hill Road,,,,,,Overcast,440904,0,0,0,4,,,0,,,,,,Auckland Region,Nil,2-way,Sealed,,0,0,,30,,Off,0,0,,76,Auckland,Give way,,,,,0,0,Urban,1,,,Fine,Null
1767338.547,5913024.0966,900741,,522910,0,,0,0,,West,2025/2026,REEVES ROAD,GRASSWAYS AVENUE,,Minor Crash,No,2026,,West,,0,,Hill Road,,,,,,Dark,685200,1,0,0,2,,,0,,,1,,,Auckland Region,Nil,2-way,Sealed,,0,0,,50,,On,0,0,,76,Auckland,Nil,,,,,0,1,Urban,0,,,Fine,Null
1751910.4363,5917831.4923,900745,,515001,0,0,0,2,0,North,2023/2024,SH 20,SH 20,,Non-Injury Crash,Yes,2023,0,South,0,0,0,Flat,2,,0,,0,Dark,392200,0,0,0,2,0,0,0,0,0,,0,0,Auckland Region,Overpass,1-way,Sealed,0,0,0,0,80,0,On,0,0,,76,Auckland,Nil,0,0,0,0,0,0,Open,0,0,0,Fine,Null
1769177.0623,5900948.6546,900763,,524901,0,,0,2,,West,2023/2024,ALFRISTON ROAD,ALFRISTON COURT,,Minor Crash,No,2023,,West,,0,,Flat,,,,,,Dark,757400,1,0,0,2,,,0,,,,,,Auckland Region,Nil,2-way,Sealed,,0,0,,50,,On,0,0,,76,Auckland,Nil,,,,,0,0,Urban,0,,,Fine,Null
1765422.6943,5914509.969,900765,,520602,0,,0,2,,North,2022/2023,QUEENS ROAD,DOMAIN ROAD,,Non-Injury Crash,No,2023,,South,,0,,Flat,,,,,,Bright sun,628800,0,0,0,2,,,0,,,,,,Auckland Region,Nil,2-way,Sealed,,0,0,,50,,Off,0,0,,76,Auckland,Nil,,,,,0,0,Urban,0,,,Fine,Null
1765515.798,5906590.7036,900771,35,522202,0,0,0,1,0,South,2022/2023,SUTTON CRESCENT,KOLMAR ROAD,,Non-Injury Crash,No,2023,0,North,0,0,0,Flat,0,,0,,0,Dark,663600,0,0,0,2,0,0,0,0,0,,0,1,Auckland Region,Nil,2-way,Sealed,0,0,0,0,50,0,On,0,0,40,76,Auckland,Nil,0,0,0,0,0,0,Urban,0,0,0,Heavy rain,Null
1771341.7695,5907012.4295,900776,,523713,0,,0,2,,Null,2023/2024,ORMISTON ROAD,MURPHYS ROAD,,Non-Injury Crash,No,2023,,West,,0,,Flat,,,,,,Bright sun,712600,0,0,0,2,,,0,,,,,,Auckland Region,Nil,1-way,Sealed,,0,0,,60,,Off,0,0,,76,Auckland,Traffic Signals,,,,,0,0,Urban,0,,,Fine,Null
1747785.2244,5911109.3176,900777,,512000,0,,0,2,,Null,2025/2026,TITIRANGI ROAD,PARK ROAD,,Non-Injury Crash,No,2025,,South,,0,,Hill Road,,,,,,Overcast,295200,0,0,0,2,,,0,,,,,,Auckland Region,Nil,2-way,Sealed,,0,0,,50,,Off,0,0,,76,Auckland,Give way,,,,,0,0,Urban,0,,,Light rain,Null
1768537.3027,5911091.178,900779,,523112,0,0,0,2,0,Null,2025/2026,CRYERS ROAD,TRANSPORT PLACE,,Non-Injury Crash,No,2026,0,North,0,0,1,Flat,0,,0,,0,Bright sun,711500,0,0,0,2,0,0,0,0,1,,0,0,Auckland Region,Nil,2-way,Sealed,0,0,0,0,50,0,Off,0,0,,76,Auckland,Give way,0,0,0,0,0,0,Urban,0,0,0,Fine,Null
1755074.5502,5932936.2945,900791,,508805,0,,0,2,,Null,2022/2023,EAST COAST ROAD,SUNRISE AVENUE,,Non-Injury Crash,No,2023,,East,,0,,Hill Road,,,,,,Overcast,180876,0,0,0,4,,,0,,,,,,Auckland Region,Nil,2-way,Sealed,,0,0,,50,,Off,0,0,,76,Auckland,Traffic Signals,,,,,0,0,Urban,0,,,Fine,Null
1776159.7191,5881838.9604,900794,,521160,0,0,0,1,0,South,2025/2026,GREAT SOUTH ROAD,MILL ROAD,,Non-Injury Crash,No,2026,0,South,0,0,1,Flat,0,,0,,0,Dark,827800,0,0,0,2,0,0,0,0,0,,0,0,Auckland Region,Nil,2-way,Sealed,0,0,0,0,60,0,On,0,0,,76,Auckland,Nil,0,0,0,0,0,0,Urban,0,0,0,Fine,Null
1763996.1187,5912099.2476,900802,,520500,0,,0,2,,Null,2023/2024,MOUNT WELLINGTON HIGHWAY,CLEMOW DRIVE,,Non-Injury Crash,No,2023,,South,,0,,Flat,,Christmas New Year,,,,Dark,639500,0,0,0,6,,,0,,,,,,Auckland Region,Nil,2-way,Sealed,,0,0,,50,,On,0,0,,76,Auckland,Give way,,,,,0,0,Urban,0,,,Light rain,Null
1755014.1967,5913728.7099,900804,,518803,0,,0,1,,Null,2025/2026,DOMINION ROAD,DENBIGH AVENUE,,Non-Injury Crash,No,2025,,North,,0,,Flat,,,,,,Overcast,581700,0,0,0,4,,,0,,,,,,Auckland Region,Nil,2-way,Sealed,,0,0,,50,,Off,0,0,,76,Auckland,Give way,,,,,1,0,Urban,0,,,Fine,Null
1750258.7476,5914324.913,900806,,511303,0,,0,0,,South,2023/2024,GREAT NORTH ROAD,CLAYPIT LANE,,Non-Injury Crash,No,2024,,South,,0,,Flat,,,,,,Dark,265800,0,0,0,4,,,0,,,,,,Auckland Region,Nil,2-way,Sealed,,0,0,,50,,On,1,0,,76,Auckland,Nil,,,,,0,0,Urban,1,,,Fine,Null
1753903.0222,5915506.5566,900807,,517702,0,0,0,1,0,Null,2025/2026,MOUNT ALBERT ROAD,OWAIRAKA AVENUE,,Minor Crash,No,2026,0,West,0,0,0,Flat,0,,0,,0,Bright sun,542300,1,0,0,3,0,0,0,0,0,,0,0,Auckland Region,Nil,2-way,Sealed,0,0,0,0,50,0,Off,0,0,,76,Auckland,Traffic Signals,0,1,0,0,0,0,Urban,0,0,0,Fine,Null
1764665.1598,5905640.6667,900815,,522100,0,0,0,3,0,South,2025/2026,KENDERDINE ROAD,WYLLIE ROAD,,Non-Injury Crash,No,2026,0,South,0,0,0,Flat,0,,0,,0,Overcast,659702,0,0,0,2,0,0,0,0,1,,0,0,Auckland Region,Nil,2-way,Sealed,0,0,0,0,50,0,Off,0,0,,76,Auckland,Nil,0,0,0,0,0,0,Urban,0,0,0,Fine,Null
1768648.8372,5905321.2793,900816,,523722,0,,0,2,,Null,2023/2024,TE IRIRANGI DRIVE,BOUNDARY ROAD,,Minor Crash,No,2023,,East,,0,,Flat,,,,,,Dark,715910,3,0,0,3,,,0,,,,,,Auckland Region,Nil,1-way,Sealed,,0,0,,60,,On,0,0,,76,Auckland,Traffic Signals,,,,,0,0,Urban,0,,,Fine,Null
1764520.5972,5912081.1219,900818,,520500,0,,0,0,,South,2024/2025,SOUTHERN MOTORWAY,MOUNT WELLINGTON HWY OFF RAMP,,Non-Injury Crash,Yes,2024,,North,,0,,Flat,,,,,,Bright sun,639500,0,0,0,3,,,0,,,,,,Auckland Region,Nil,1-way,Sealed,,0,0,,100,,Off,1,0,,76,Auckland,Nil,,,,,0,0,Open,1,,,Light rain,Null
1755559.9513,5937598.7141,900827,,506903,0,0,0,1,0,West,2023/2024,GLENVAR ROAD,CLENSMORE PLACE,,Minor Crash,No,2024,0,East,0,0,0,Hill Road,0,,0,,0,Dark,166903,1,0,0,1,0,0,0,0,0,,0,0,Auckland Region,Nil,2-way,Sealed,0,0,0,0,50,0,On,0,0,,76,Auckland,Nil,0,0,0,1,0,0,Urban,0,0,0,Light rain,Null
1739481.8753,5980435.3532,900830,,506660,0,,0,2,,South,2025/2026,WAYBY VALLEY ROAD,RUSTYBROOK ROAD,,Non-Injury Crash,No,2026,,North,,0,,Flat,,Christmas New Year,,,,Overcast,136700,0,0,0,2,,,0,,,,,,Auckland Region,Nil,2-way,Sealed,,0,0,,100,,None,0,0,,76,Auckland,Nil,,,,,0,0,Open,0,,,Fine,Null
1749887.6437,5914639.4153,900841,,511303,0,,0,2,,Null,2025/2026,RATA STREET,BINSTED ROAD,,Non-Injury Crash,No,2025,,South,,0,,Null,,,,,,Overcast,266502,0,0,0,2,,,0,,,,,,Auckland Region,Nil,1-way,Sealed,,0,0,,50,,Null,0,0,,76,Auckland,Traffic Signals,,,,,0,0,Urban,0,,,Light rain,Null
1768859.2984,5898943.017,900842,,525102,0,0,0,1,0,Null,2023/2024,ROSEANNE ROAD,MCQUARRIE AVENUE,,Non-Injury Crash,No,2024,0,South,0,0,1,Hill Road,0,,0,,0,Dark,768900,0,0,0,2,0,0,0,0,0,,0,1,Auckland Region,Nil,2-way,Sealed,0,0,0,0,50,0,On,0,0,40,76,Auckland,Nil,0,0,0,0,0,0,Urban,0,0,0,Fine,Null
1756092.6112,5918639.1361,900847,,515600,0,0,0,1,0,Null,2025/2026,EDEN TERRACE,BRIGHT STREET,,Minor Crash,No,2025,0,North,0,0,1,Hill Road,0,Christmas New Year,0,,0,Twilight,419500,1,0,0,1,0,0,0,0,0,,0,0,Auckland Region,Nil,2-way,Sealed,0,0,0,0,50,0,On,0,0,,76,Auckland,Nil,0,0,0,1,0,0,Urban,0,0,0,Light rain,Null
1768671.2207,5902975.0083,900848,,524602,0,,0,2,,North,2023/2024,SOUTHERN MOTORWAY,ORAMS OBR,,Non-Injury Crash,Yes,2023,,North,,0,,Flat,,,,,,Twilight,780509,0,0,0,4,,,0,,,,,,Auckland Region,Nil,1-way,Sealed,,0,0,,100,,On,0,0,,76,Auckland,Nil,,,,,0,0,Open,0,,,Fine,Strong wind
1746293.1665,5916884.2375,900849,,510800,0,0,0,1,0,North,2024/2025,GREAT NORTH ROAD,DELLWOOD AVENUE,,Minor Crash,No,2024,0,South,0,0,0,Hill Road,0,,0,,0,Overcast,243502,3,0,0,3,0,0,0,0,0,,0,0,Auckland Region,Nil,2-way,Sealed,0,0,0,0,50,0,Off,1,0,,76,Auckland,Nil,0,0,0,1,0,0,Urban,0,0,0,Fine,Null
1779702.7411,5905001.3237,900850,,525201,0,,0,0,,West,2025/2026,TWILIGHT ROAD,NORTH ROAD,,Minor Crash,No,2025,,North,,0,,Flat,,,,,,Bright sun,763202,1,0,2,2,,,0,,,,,,Auckland Region,Nil,2-way,Sealed,,0,0,,50,,None,0,0,,76,Auckland,Nil,,,,,0,0,Urban,0,,,Fine,Null
1746717.0749,5917208.8384,900852,,510700,0,,0,2,,North,2024/2025,TE ATATU ROAD,KOKIRI STREET,,Non-Injury Crash,No,2025,,South,,0,,Null,,,,,,Unknown,240604,0,0,0,2,,,0,,,,,,Auckland Region,Nil,2-way,Sealed,,0,0,,50,,Null,0,0,,76,Auckland,Nil,,,,,0,0,Urban,0,,,Light rain,Null
1764523.5331,5910211.2254,900853,,521801,0,,0,2,,Null,2023/2024,PRINCES STREET,HUTTON STREET,,Non-Injury Crash,No,2024,,East,,0,,Flat,,,,,,Bright sun,787400,0,0,0,2,,,0,,,,,,Auckland Region,Nil,2-way,Sealed,,0,0,,50,,Off,0,0,,76,Auckland,Stop,,,,,0,0,Urban,0,,,Fine,Null
1740817.5659,5930332.5185,900855,,505604,0,,0,2,,Null,2024/2025,RIVERHEAD ROAD,DEACON ROAD,,Minor Crash,No,2025,,North,,0,,Flat,,,,,,Bright sun,214202,1,0,0,2,,,0,,,,,,Auckland Region,Nil,2-way,Sealed,,0,0,,80,,Off,0,0,,76,Auckland,Stop,,,,,0,0,Open,1,,,Fine,Null
1767710.3068,5912261.258,900858,,523000,0,0,0,4,0,Null,2025/2026,RIVERHILLS AVENUE,TE ANAU PLACE,,Non-Injury Crash,No,2025,0,North,0,0,0,Hill Road,0,,0,,0,Dark,688101,0,0,0,2,0,0,0,0,1,,0,0,Auckland Region,Nil,2-way,Sealed,0,0,0,0,50,0,On,1,0,,76,Auckland,Nil,0,0,0,0,0,0,Urban,0,0,0,Fine,Null
1765671.8008,5901411.0201,900859,,524604,0,0,0,1,0,Null,2024/2025,BROWNS ROAD,ROSCOMMON ROAD,,Non-Injury Crash,No,2024,0,West,0,0,0,Flat,0,,0,,0,Dark,781302,0,0,0,2,0,0,0,0,0,,0,0,Auckland Region,Motorway ramp,2-way,Sealed,0,0,0,0,50,0,On,0,0,,76,Auckland,Traffic Signals,0,1,0,0,0,0,Urban,0,0,0,Fine,Null
1744551.7975,5998926.0006,900862,,506660,0,,0,2,,North,2025/2026,BLACK SWAMP ROAD,COAL HILL ROAD,,Minor Crash,No,2025,,West,,0,,Flat,,,,,,Bright sun,135201,1,0,0,2,,,0,,,,,,Auckland Region,Nil,2-way,Unsealed,,0,0,,60,,None,0,0,,76,Auckland,Nil,,,,,0,0,Urban,0,,,Fine,Null
1779387.0685,5927291.2573,900863,,520801,0,0,0,1,0,Null,2023/2024,WEKA ROAD,OCEAN VIEW ROAD,,Non-Injury Crash,No,2024,0,North,0,0,0,Null,0,,0,,0,Bright sun,516201,0,0,0,2,0,0,0,0,1,,0,0,Auckland Region,Nil,2-way,Sealed,0,0,0,0,30,0,Null,0,0,,76,Auckland,Give way,0,0,0,0,0,1,Urban,0,0,0,Null,Null
1768337.8584,5913276.9432,900866,,523000,1,,0,1,,Null,2024/2025,GOSSAMER DRIVE,LARNE AVENUE,,Serious Crash,No,2025,,North,,0,,Flat,,,,,,Dark,690600,0,0,0,2,,,0,,,,,,Auckland Region,Nil,2-way,Sealed,,0,1,,50,,On,0,0,,76,Auckland,Give way,,,,,0,0,Urban,0,,,Fine,Frost
1755590.756,5944229.8056,900869,,505909,0,0,0,1,0,Null,2024/2025,KAREPIRO DRIVE,WHANGAPARAOA ROAD,,Minor Crash,No,2025,0,North,0,0,1,Hill Road,0,,0,,0,Bright sun,174007,1,0,0,2,0,0,0,0,0,,0,0,Auckland Region,Nil,2-way,Sealed,0,0,0,0,50,0,Off,0,0,,76,Auckland,Give way,0,0,0,0,0,0,Urban,0,0,0,Fine,Null
1755039.5626,5930066.0452,900872,,508420,0,,0,1,,Null,2024/2025,TOTARAVALE DRIVE,SUNNYNOOK ROAD,,Non-Injury Crash,No,2024,,South,,0,,Null,,,,,,Bright sun,182100,0,0,0,1,,,0,,,,,,Auckland Region,Nil,1-way,Sealed,,0,0,,50,,Null,0,0,,76,Auckland,Give way,,,,,0,1,Urban,0,,,Fine,Null
1767157.1015,5903930.7124,900874,,524602,0,,0,1,,East,2024/2025,SOUTH-WESTERN MOTORWAY,WIRI STATION OBR,,Non-Injury Crash,Yes,2024,,East,,0,,Flat,,,,,,Bright sun,780416,0,0,0,3,,,0,,,,,,Auckland Region,Motorway ramp,1-way,Sealed,,0,0,,100,,Off,0,0,,76,Auckland,Nil,,,,,1,0,Open,0,,,Fine,Null
1753694.553,5918296.7361,900877,,515003,0,,0,2,,West,2024/2025,NORTH-WESTERN MOTORWAY,ST LUKES OBR,,Minor Crash,Yes,2024,,West,,0,,Flat,,,,,,Bright sun,390502,1,0,0,4,,,0,,,,,,Auckland Region,Nil,1-way,Sealed,,0,0,,80,,Off,0,0,,76,Auckland,Nil,,,,,0,0,Open,0,,,Fine,Null
1758416.4376,5910019.0767,900878,45,524002,0,0,0,1,0,Null,2024/2025,WALLACE ROAD,SHORTT AVENUE,,Non-Injury Crash,No,2024,0,North,0,0,1,Flat,0,,0,,0,Dark,722800,0,0,0,2,0,0,0,0,0,,0,0,Auckland Region,Nil,2-way,Sealed,0,0,0,0,50,0,On,0,0,,76,Auckland,Give way,0,0,0,0,0,0,Urban,0,0,0,Heavy rain,Null
1750965.9461,5936100.6741,900879,,506300,0,0,0,1,0,Null,2023/2024,ALBANY HEIGHTS ROAD,WRIGHT ROAD,,Non-Injury Crash,No,2023,0,West,0,0,1,Hill Road,0,,0,,0,Bright sun,176101,0,0,0,2,0,0,0,0,0,,0,0,Auckland Region,Nil,2-way,Sealed,0,0,0,0,60,0,Off,0,0,,76,Auckland,Stop,0,0,0,0,0,0,Urban,0,0,0,Fine,Null
1762187.8487,5908072.9303,900880,,524530,0,0,0,0,0,Null,2025/2026,TENNESSEE AVENUE,WICKMAN WAY,,Non-Injury Crash,No,2025,0,West,0,0,0,Flat,0,,0,,0,Overcast,732700,0,0,0,2,0,0,0,0,0,,0,0,Auckland Region,Nil,2-way,Sealed,0,0,0,0,30,0,Off,2,0,,76,Auckland,Give way,0,0,0,0,0,0,Urban,0,1,0,Light rain,Null
1771340.2525,5907011.241,900885,,523713,0,,0,2,,Null,2023/2024,ORMISTON ROAD,MURPHYS ROAD,,Non-Injury Crash,No,2023,,West,,0,,Flat,,,,,,Bright sun,712600,0,0,0,4,,,0,,,,,,Auckland Region,Nil,1-way,Sealed,,0,0,,60,,Off,0,0,,76,Auckland,Traffic Signals,,,,,0,0,Urban,0,,,Fine,Null
1765555.0865,5901627.1501,900888,,524604,0,,0,1,,North,2024/2025,ROSCOMMON ROAD,BROWNS ROAD,,Non-Injury Crash,No,2025,,North,,0,,Flat,,,,,,Dark,781200,0,0,0,2,,,0,,,,,,Auckland Region,Nil,1-way,Sealed,,0,0,,60,,On,0,0,,76,Auckland,Nil,,,,,0,0,Urban,0,,,Fine,Null
1747640.9056,5909606.5141,900891,,512000,0,0,0,1,0,South,2023/2024,TITIRANGI BEACH ROAD,ZIG-ZAG TRACK,,Non-Injury Crash,No,2023,0,South,0,0,0,Hill Road,0,,0,,0,Dark,296400,0,0,0,2,0,0,0,0,0,,0,0,Auckland Region,Nil,2-way,Sealed,0,0,0,0,50,0,None,0,0,,76,Auckland,Nil,0,0,0,1,0,0,Urban,0,0,0,Light rain,Null
1755673.7451,5916075.8728,900893,,518301,0,0,0,1,0,Null,2023/2024,DOMINION ROAD,ROCKLANDS AVENUE,,Non-Injury Crash,No,2023,0,North,0,0,0,Flat,0,,0,,0,Dark,555300,0,0,0,4,0,0,0,0,1,,0,0,Auckland Region,Nil,2-way,Sealed,0,0,0,0,50,0,On,1,0,,76,Auckland,Stop,0,0,0,0,0,0,Urban,0,0,0,Fine,Null