X,Y,OBJECTID,advisorySpeed,areaUnitID,bicycle,bridge,bus,carStationWagon,cliffBank,crashDirectionDescription,crashFinancialYear,crashLocation1,crashLocation2,crashRoadSideRoad,crashSeverity,crashSHDescription,crashYear,debris,directionRoleDescription,ditch,fatalCount,fence,flatHill,guardRail,holiday,houseOrBuilding,intersection,kerb,light,meshblockId,minorInjuryCount,moped,motorcycle,NumberOfLanes,objectThrownOrDropped,otherObject,otherVehicleType,overBank,parkedVehicle,pedestrian,phoneBoxEtc,postOrPole,region,roadCharacter,roadLane,roadSurface,roadworks,schoolBus,seriousInjuryCount,slipOrFlood,speedLimit,strayAnimal,streetLight,suv,taxi,temporarySpeedLimit,tlaId,tlaName,trafficControl,trafficIsland,trafficSign,train,tree,truck,unknownVehicleType,urban,vanOrUtility,vehicle,waterRiver,weatherA,weatherB
1743714.8247,5920040.9882,900901,,513632,0,,0,1,,South,2023/2024,DON BUCK ROAD,HELENA STREET,,Non-Injury Crash,No,2024,,South,,0,,Hill Road,,,,,,Bright sun,229200,0,0,0,2,,,0,,,,,,Auckland Region,Nil,2-way,Sealed,,0,0,,50,,Off,0,0,,76,Auckland,Nil,,,,,1,0,Urban,0,,,Fine,Null
1741680.1736,5930020.1558,900902,,505603,0,0,0,0,0,North,2024/2025,COATESVILLE-RIVERHEAD HIGHWAY,RIVERHEAD POINT DRIVE,,Non-Injury Crash,No,2024,0,North,0,0,1,Flat,0,,0,,0,Overcast,214401,0,0,0,2,0,0,0,0,0,,0,0,Auckland Region,Nil,2-way,Sealed,0,0,0,0,50,0,Off,1,0,,76,Auckland,Nil,0,0,0,0,0,0,Urban,0,0,0,Light rain,Null
1747271.6561,5921321.8126,900905,,512300,0,,0,2,,North,2023/2024,TE ATATU ROAD,GUNNER DRIVE,,Non-Injury Crash,No,2024,,North,,0,,Flat,,,,,,Bright sun,250101,0,0,0,2,,,0,,,,,,Auckland Region,Nil,2-way,Sealed,,0,0,,50,,Off,0,0,,76,Auckland,Nil,,,,,0,0,Urban,0,,,Fine,Null
1757988.4826,5914758.238,900907,,519300,0,,0,2,,South,2024/2025,MANUKAU ROAD,PAH ROAD,,Non-Injury Crash,No,2024,,North,,0,,Flat,,,,,,Dark,624100,0,0,0,3,,,0,,,,,,Auckland Region,Nil,2-way,Sealed,,0,0,,50,,On,0,0,,76,Auckland,Nil,,,,,0,0,Urban,0,,,Fine,Null
1769333.5841,5907467.6475,900909,,523713,0,,0,2,,Null,2023/2024,TE IRIRANGI DRIVE,ORMISTON ROAD,,Non-Injury Crash,No,2024,,South,,0,,Flat,,,,,,Twilight,712302,0,0,0,6,,,0,,,,,,Auckland Region,Nil,2-way,Sealed,,0,0,,60,,On,0,0,,76,Auckland,Traffic Signals,,,,,0,0,Urban,0,,,Fine,Null
1763891.058,5912593.3051,900915,,520500,0,0,0,0,0,Null,2023/2024,MOUNT WELLINGTON HIGHWAY,MOUNT WELLINGTON HWY ON RAMP,,Non-Injury Crash,No,2024,0,North,0,0,0,Flat,0,,0,,0,Twilight,637500,0,0,0,6,0,0,0,0,0,,0,0,Auckland Region,Motorway ramp,2-way,Sealed,0,0,0,0,50,0,On,0,0,,76,Auckland,Traffic Signals,0,1,0,0,1,0,Urban,0,0,0,Mist or Fog,Null
1751336.203,5913747.7045,900917,,514402,0,0,0,1,0,West,2023/2024,MIRANDA STREET,RUAHINE STREET,,Non-Injury Crash,No,2023,0,East,0,0,0,Flat,0,,0,,0,Bright sun,379900,0,0,0,2,0,0,0,0,0,,0,1,Auckland Region,Nil,2-way,Sealed,0,0,0,0,50,0,Off,0,0,,76,Auckland,Nil,0,0,0,0,0,0,Urban,0,0,0,Fine,Null
1767852.126,5900182.6028,900920,,525101,0,,0,2,,Null,2024/2025,COLES PLACE,WILLIAM AVENUE,,Non-Injury Crash,No,2025,,West,,0,,Flat,,,,,,Overcast,771600,0,0,0,2,,,0,,,,,,Auckland Region,Nil,2-way,Sealed,,0,0,,50,,Off,0,0,,76,Auckland,Nil,,,,,0,0,Urban,0,,,Light rain,Null
1752933.9408,5916566.7882,900922,,517903,0,,0,2,,East,2024/2025,MOUNT ALBERT ROAD,NEW NORTH ROAD,,Non-Injury Crash,No,2025,,North,,0,,Hill Road,,,,,,Overcast,520000,0,0,0,2,,,0,,,,,,Auckland Region,Nil,2-way,Sealed,,0,0,,50,,Off,1,1,,76,Auckland,Nil,,,,,0,0,Urban,0,,,Fine,Null
1770543.7576,5901518.8849,900924,,523814,0,,0,2,,Null,2025/2026,ALFRISTON ROAD,SENATOR DRIVE,,Non-Injury Crash,No,2025,,East,,0,,Flat,,,,,,Dark,759521,0,0,0,2,,,0,,,,,,Auckland Region,Nil,2-way,Sealed,,0,0,,50,,On,0,0,,76,Auckland,Stop,,,,,0,0,Urban,0,,,Fine,Null
1758260.5777,5927645.5786,900925,,508010,1,,0,0,,Null,2023/2024,HURSTMERE ROAD,THE PROMENADE,,Minor Crash,No,2023,,North,,0,,Flat,,Christmas New Year,,,,Overcast,326700,1,0,0,2,,,0,,,,,,Auckland Region,Nil,2-way,Sealed,,0,0,,50,,Off,1,0,,76,Auckland,Stop,,,,,0,0,Urban,0,,,Fine,Null
1765972.0214,5906403.5349,900930,,522302,0,0,0,3,0,Null,2025/2026,GREAT SOUTH ROAD,TUI ROAD,,Non-Injury Crash,No,2025,0,North,0,0,0,Flat,0,,0,,0,Overcast,668700,0,0,0,2,0,0,0,0,1,,0,0,Auckland Region,Nil,1-way,Sealed,0,0,0,0,50,0,On,0,0,,76,Auckland,Traffic Signals,0,0,0,0,0,0,Urban,0,0,0,Light rain,Null
1747161.8177,5918668.5066,900931,,512402,0,,0,1,,East,2023/2024,LYNDHURST ROAD,TIROROA AVENUE,,Minor Crash,No,2024,,West,,0,,Flat,,,,,,Bright sun,256200,1,0,0,2,,,0,,,,,,Auckland Region,Nil,2-way,Sealed,,0,0,,50,,None,1,0,,76,Auckland,Nil,,,,,0,0,Urban,0,,,Fine,Null
1772374.3382,5897266.8076,900936,,523912,0,,0,0,,Null,2025/2026,PORCHESTER ROAD,WAITAUA STREET,,Serious Crash,No,2025,,South,,0,,Flat,,,,,,Dark,766400,0,0,1,2,,,0,,,,,,Auckland Region,Nil,2-way,Sealed,,0,1,,50,,On,1,0,,76,Auckland,Give way,,,,,0,0,Urban,0,,,Fine,Null
1755137.2516,5930122.3752,900944,,508510,0,,0,0,,East,2024/2025,SUNNYNOOK ROAD,TOTARAVALE DRIVE,,Non-Injury Crash,No,2025,,West,,0,,Flat,,,,,,Bright sun,194408,0,0,0,2,,,0,,,,,,Auckland Region,Bridge,2-way,Sealed,,0,0,,50,,Null,1,0,,76,Auckland,Nil,,,,,0,0,Urban,1,,,Fine,Null
1755343.0466,5921927.8001,900945,,515202,0,,0,2,,Null,2023/2024,NORTHERN MOTORWAY,CURRAN STREET ON RAMP,,Non-Injury Crash,Yes,2023,,North,,0,,Hill Road,,Christmas New Year,,,,Overcast,423600,0,0,0,3,,,0,,,,,,Auckland Region,Bridge,1-way,Sealed,,0,0,,80,,Off,0,0,70,76,Auckland,Nil,,,,,0,0,Open,0,,,Heavy rain,Null
1742541.753,5925141.7129,900948,,513410,0,0,0,2,0,East,2025/2026,NORTHSIDE DRIVE,FRED TAYLOR DRIVE,,Non-Injury Crash,No,2025,0,East,0,0,0,Hill Road,0,,0,,0,Bright sun,224000,0,0,0,2,0,0,0,0,0,,0,0,Auckland Region,Nil,2-way,Sealed,0,0,0,0,50,0,Off,0,0,,76,Auckland,Nil,0,0,0,0,0,0,Urban,0,1,0,Fine,Null
1765567.168,5916195.2374,900950,,520301,0,,0,1,,Null,2024/2025,PILKINGTON ROAD,APIRANA AVENUE,,Non-Injury Crash,No,2025,,North,,0,,Flat,,,,,,Bright sun,478000,0,0,0,2,,,0,,,,,,Auckland Region,Nil,1-way,Sealed,,0,0,,50,,Off,0,0,,76,Auckland,Give way,,,,,0,0,Urban,1,,,Fine,Null
1762102.1836,5916957.105,900957,,516302,0,,0,1,,Null,2024/2025,REMUERA ROAD,KORAHA STREET,,Minor Crash,No,2024,,West,,0,,Hill Road,,,,,,Bright sun,463300,1,0,1,4,,,0,,,,,,Auckland Region,Nil,2-way,Sealed,,0,0,,50,,Off,0,0,,76,Auckland,Stop,,,,,0,0,Urban,0,,,Fine,Null
1765418.2623,5909021.9481,900959,,523403,0,,0,2,,South,2023/2024,SOUTHERN MOTORWAY,HIGHBROOK DRIVE ON RAMP,,Minor Crash,Yes,2024,,North,,0,,Flat,,,,,,Dark,700200,1,0,0,3,,,0,,,,,,Auckland Region,Motorway ramp,1-way,Sealed,,0,0,,100,,On,0,0,,76,Auckland,Nil,,,,,0,0,Open,0,,,Fine,Null
1754283.6511,5969118.7442,900960,,506631,0,0,0,1,0,North,2025/2026,MAHURANGI EAST ROAD,MUNCASTER ROAD,,Non-Injury Crash,No,2025,0,North,0,0,0,Flat,0,,0,,0,Dark,141503,0,0,0,2,0,0,0,0,1,,0,0,Auckland Region,Nil,2-way,Sealed,0,0,0,0,50,0,On,0,0,,76,Auckland,Nil,0,0,0,0,0,0,Urban,1,0,0,Fine,Null
1768051.8536,5905814.3058,900962,,523721,0,0,0,0,0,West,2025/2026,ISRAEL AVENUE,IOTA PLACE,,Non-Injury Crash,No,2025,0,East,0,0,1,Flat,0,,1,,0,Overcast,715506,0,0,0,2,0,0,0,0,0,,0,0,Auckland Region,Nil,2-way,Sealed,0,0,0,0,50,0,Off,0,0,,76,Auckland,Nil,0,0,0,0,0,0,Urban,1,0,0,Fine,Null
1746449.7608,5921885.479,900966,,512201,0,,0,1,,Null,2025/2026,OFF ROAD - CAR PARK,,,Serious Crash,No,2026,,East,,0,,Flat,,,,,,Bright sun,247200,0,0,0,,,,0,,,1,,,Auckland Region,Nil,Off road,Sealed,,0,1,,,,Off,0,0,,76,Auckland,Nil,,,,,0,0,Urban,1,,,Fine,Null
1766553.096,5912849.1631,900980,,522920,0,,0,2,,South,2022/2023,PAKURANGA HIGHWAY,TI RAKAU DRIVE,,Non-Injury Crash,No,2023,,North,,0,,Hill Road,,,,,,Bright sun,683800,0,0,0,3,,,0,,,,,,Auckland Region,Nil,1-way,Sealed,,0,0,,80,,Off,0,0,,76,Auckland,Nil,,,,,0,0,Open,0,,,Fine,Null
1770788.1556,5914618.0757,900981,,522722,0,,0,1,,West,2025/2026,PAKURANGA ROAD,THE LINK,,Minor Crash,No,2025,,South,,0,,Flat,,,,,,Overcast,647601,1,0,0,2,,,0,,,1,,,Auckland Region,Nil,2-way,Sealed,,0,0,,50,,Off,0,0,,76,Auckland,Nil,,,,,0,0,Urban,0,,,Light rain,Null
1761433.8583,5913856.6838,900982,,519500,0,0,0,1,0,West,2023/2024,GREAT SOUTH ROAD,STATION ROAD,,Non-Injury Crash,No,2023,0,South,0,0,0,Flat,1,,0,,0,Dark,620800,0,0,0,4,0,0,0,0,0,,0,0,Auckland Region,Nil,2-way,Sealed,0,0,0,0,50,0,On,0,0,,76,Auckland,Nil,0,0,0,0,0,0,Urban,0,0,0,Fine,Null
1767580.9502,5907315.4007,900984,,523602,0,,0,2,,Null,2024/2025,FERGUSON ROAD,CAPSTICK ROAD,,Non-Injury Crash,No,2025,,North,,0,,Flat,,,,,,Bright sun,705200,0,0,0,2,,,0,,,,,,Auckland Region,Nil,2-way,Sealed,,0,0,,50,,None,0,0,,76,Auckland,Stop,,,,,0,0,Urban,0,,,Fine,None
1769958.1439,5913941.7261,900985,,522722,0,,0,1,,Null,2023/2024,ABERFELDY AVENUE,ANURE PLACE,,Serious Crash,No,2024,,North,,0,,Flat,,,,,,Bright sun,681317,0,0,1,2,,,0,,,,,,Auckland Region,Nil,2-way,Sealed,,0,1,,50,,Off,0,0,,76,Auckland,Nil,,,,,0,0,Urban,0,,,Fine,Null
1758168.3473,5913725.8834,900995,,518600,0,,0,2,,Null,2022/2023,MANUKAU ROAD,CHANDLER AVENUE,,Non-Injury Crash,No,2023,,South,,0,,Flat,,,,,,Overcast,567300,0,0,0,2,,,0,,,,,,Auckland Region,Nil,2-way,Sealed,,0,0,,50,,Off,0,0,,76,Auckland,Stop,,,,,0,0,Urban,0,,,Light rain,Null
1770027.3891,5910270.2608,900997,45,523113,0,,0,2,,North,2023/2024,TE IRIRANGI DRIVE,KELLAWAY DRIVE,,Non-Injury Crash,No,2023,,North,,0,,Flat,,,,,,Bright sun,711743,0,0,0,3,,,0,,,,,,Auckland Region,Nil,2-way,Sealed,,0,0,,50,,Off,0,0,,76,Auckland,Nil,,,,,0,0,Urban,0,,,Fine,None
1767330.0152,5906336.4023,900999,,523601,0,,0,3,,North,2022/2023,SOUTHERN MOTORWAY,REAGAN OBR,,Minor Crash,Yes,2023,,South,,0,,Flat,,,,,,Bright sun,707900,2,0,0,3,,,0,,,,,,Auckland Region,Nil,1-way,Sealed,,0,0,,100,,None,0,0,,76,Auckland,Nil,,,,,0,0,Open,0,,,Fine,Null
1754253.7075,5931140.0216,901004,,508420,0,,0,1,,North,2025/2026,NORTHERN MOTORWAY,SUNSET OBR,,Non-Injury Crash,Yes,2026,,North,,0,,Flat,,,,,,Dark,182001,0,0,0,3,,,0,,,,,,Auckland Region,Nil,1-way,Sealed,,0,0,,100,,On,0,0,,76,Auckland,Nil,,,,,1,0,Open,0,,,Heavy rain,Null
1773178.7378,5895839.9352,901007,,525410,0,,0,0,,Null,2022/2023,ONSLOW ROAD,RAILWAY STREET WEST,,Minor Crash,No,2023,,South,,0,,Hill Road,,,,,,Bright sun,793200,2,0,0,2,,,0,,,1,,,Auckland Region,Bridge,2-way,Sealed,,0,0,,50,,Off,0,0,,76,Auckland,Give way,,,,,1,0,Urban,0,,,Fine,Null
1771211.9148,5887624.0401,901009,,521122,0,0,0,1,0,North,2023/2024,BURTT ROAD,SOLITAIRE LANE,,Non-Injury Crash,No,2023,0,South,0,0,1,Hill Road,0,,0,,0,Overcast,813400,0,0,0,2,0,0,0,0,0,,0,0,Auckland Region,Nil,2-way,Sealed,0,0,0,0,100,0,None,0,0,,76,Auckland,Nil,0,0,0,1,0,0,Open,0,0,0,Heavy rain,Strong wind
1772731.9999,5895403.9961,901014,,525520,0,,0,1,,Null,2024/2025,BEACH ROAD,GREAT SOUTH ROAD,,Non-Injury Crash,No,2025,,Null,,0,,Null,,,,,,Unknown,801700,0,0,0,0,,,0,,,,,,Auckland Region,Nil,Null,Null,,0,0,,,,Null,0,0,,76,Auckland,Traffic Signals,,,,,0,1,Urban,0,,,Null,Null
1752047.4443,5917924.4724,901015,,515001,0,0,0,0,0,West,2023/2024,GREAT NORTH ROAD OFF RAMP,CARRINGTON OBR,,Serious Crash,No,2024,0,West,0,0,0,Flat,0,,0,,0,Bright sun,392400,0,0,1,1,0,0,0,0,0,,0,0,Auckland Region,Motorway ramp,1-way,Sealed,0,0,1,0,50,0,Off,0,0,,76,Auckland,Nil,0,0,0,1,0,0,Urban,0,0,0,Fine,Null
1755754.512,5918380.1595,901016,,515500,0,,0,3,,East,2024/2025,NORTH-WESTERN MOTORWAY,BOND OBR,,Non-Injury Crash,Yes,2025,,East,,0,,Flat,,,,,,Dark,419400,0,0,0,5,,,0,,,,,,Auckland Region,Nil,1-way,Sealed,,0,0,,80,,On,0,0,,76,Auckland,Nil,,,,,0,0,Open,0,,,Fine,Null
1767231.3608,5906531.9392,901020,,522302,0,0,0,1,0,North,2024/2025,SOUTHERN MOTORWAY,TUI ROAD,,Non-Injury Crash,Yes,2025,0,North,0,0,0,Flat,1,,0,,0,Bright sun,670200,0,0,0,3,0,0,0,0,0,,0,0,Auckland Region,Nil,1-way,Sealed,0,0,0,0,100,0,Off,0,0,,76,Auckland,Nil,0,0,0,0,0,0,Open,0,0,0,Fine,Null
1755990.9444,5929168.2886,901021,,508510,0,,0,1,,Null,2022/2023,TRISTRAM AVENUE,RAINES AVENUE,,Non-Injury Crash,No,2023,,East,,0,,Hill Road,,,,,,Overcast,195600,0,0,1,3,,,0,,,,,,Auckland Region,Nil,2-way,Sealed,,0,0,,50,,Off,0,0,,76,Auckland,Stop,,,,,0,0,Urban,0,,,Light rain,Null
1770496.9062,5895554.707,901022,,521201,0,,0,1,,Null,2024/2025,NORMANBY ROAD,PARAREKAU ROAD,,Non-Injury Crash,No,2025,,North,,0,,Flat,,,,,,Bright sun,806604,0,0,0,2,,,0,,,,,,Auckland Region,Nil,2-way,Sealed,,0,0,,50,,Null,0,0,,76,Auckland,Give way,,,,,0,0,Urban,1,,,Fine,Null
1746235.7139,5914016.4823,901025,,511001,0,,0,2,,Null,2024/2025,ROSIER ROAD,WEST COAST ROAD,,Minor Crash,No,2024,,East,,0,,Flat,,,,,,Overcast,282701,1,0,0,3,,,0,,,,,,Auckland Region,Nil,2-way,Sealed,,0,0,,50,,Off,0,0,,76,Auckland,Traffic Signals,,,,,0,0,Urban,0,,,Light rain,Null
1764700.6581,5911521.986,901026,,520500,0,,0,0,,South,2024/2025,SOUTHERN MOTORWAY,PANAMA OBR,,Non-Injury Crash,Yes,2025,,North,,0,,Hill Road,,,,,,Overcast,636200,0,0,0,3,,,0,,,,,,Auckland Region,Nil,1-way,Sealed,,0,0,,100,,Off,1,0,,76,Auckland,Nil,,,,,0,0,Open,1,,,Heavy rain,Null
1756973.9554,5928458.2307,901027,,507900,0,,0,1,,South,2024/2025,SHAKESPEARE ROAD,ALMA ROAD,,Minor Crash,No,2024,,North,,0,,Flat,,,,,,Dark,305800,1,0,0,2,,,0,,,1,,,Auckland Region,Nil,2-way,Sealed,,0,0,,50,,On,0,0,,76,Auckland,Nil,,,,,0,0,Urban,0,,,Heavy rain,Null
1756018.4682,5921084.886,901031,,515202,0,,0,2,,North,2023/2024,NORTHERN MOTORWAY,VICTORIA PARK VDT N,,Non-Injury Crash,Yes,2023,,South,,0,,Flat,,,,,,Overcast,425600,0,0,0,4,,,0,,,,,,Auckland Region,Nil,1-way,Sealed,,0,0,,80,,On,0,0,,76,Auckland,Nil,,,,,0,0,Open,0,,,Fine,Null
1769677.9463,5883076.0309,901033,45,525910,0,0,0,1,0,North,2024/2025,CAPE HILL ROAD,NORTHVALE PLACE,,Minor Crash,No,2024,0,North,0,0,1,Hill Road,0,Labour Weekend,0,,0,Bright sun,816521,1,0,0,2,0,0,0,0,0,,0,0,Auckland Region,Nil,2-way,Sealed,0,0,0,0,60,0,None,0,0,,76,Auckland,Nil,0,0,0,1,0,0,Urban,0,0,0,Fine,Null
1766052.595,5906290.4466,901036,,522302,0,0,0,3,0,North,2024/2025,GREAT SOUTH ROAD,CENTRAL AVENUE,,Non-Injury Crash,No,2024,0,North,0,0,0,Flat,0,,0,,0,Overcast,668700,0,0,0,2,0,0,0,0,2,2,0,0,Auckland Region,Nil,2-way,Sealed,0,0,0,0,50,0,Off,0,0,30,76,Auckland,Nil,0,0,0,0,0,0,Urban,0,0,0,Fine,Null
1773651.8028,5895505.6706,901038,,525510,0,0,0,2,0,North,2024/2025,MARNE ROAD,OREGON PLACE,,Non-Injury Crash,No,2024,0,South,0,0,0,Flat,0,,0,,0,Bright sun,801300,0,0,0,2,0,0,0,0,0,,0,1,Auckland Region,Nil,2-way,Sealed,0,0,0,0,50,0,Off,0,0,,76,Auckland,Nil,0,0,0,0,0,0,Urban,0,0,0,Fine,Null
1750132.3978,5916289.9714,901040,,514801,0,,0,1,,Null,2024/2025,AVONDALE ROAD,ROSEBANK ROAD,,Non-Injury Crash,No,2025,,East,,0,,Flat,,,,,,Overcast,389102,0,0,0,2,,,0,,,1,,,Auckland Region,Nil,2-way,Sealed,,0,0,,50,,Off,0,1,,76,Auckland,Traffic Signals,,,,,0,0,Urban,0,,,Light rain,Null
1765572.3782,5914610.4878,901042,,520601,0,,0,2,,South,2024/2025,TRIPOLI ROAD,CAEN ROAD,,Non-Injury Crash,No,2025,,South,,0,,Flat,,,,,,Dark,630400,0,0,0,2,,,0,,,,,,Auckland Region,Nil,2-way,Sealed,,0,0,,50,,On,0,0,,76,Auckland,Nil,,,,,0,0,Urban,0,,,Fine,Null
1759454.8889,5910264.8773,901043,,524002,0,,0,0,,North,2022/2023,SOUTH-WESTERN MOTORWAY,RIMU OBR,,Non-Injury Crash,Yes,2023,,North,,0,,Flat,,,,,,Bright sun,722400,0,0,0,3,,,0,,,,,,Auckland Region,Nil,1-way,Sealed,,0,0,,100,,Off,1,0,,76,Auckland,Nil,,,,,0,0,Open,1,,,Fine,Null
1760852.4148,5907181.1946,901044,,524112,0,0,0,5,0,South,2024/2025,SOUTH-WESTERN MOTORWAY,BADER OBR,,Non-Injury Crash,Yes,2025,6,South,0,0,0,Flat,0,,0,,0,Dark,742102,0,0,0,2,0,0,0,0,0,,0,0,Auckland Region,Overpass,1-way,Sealed,0,0,0,0,100,0,On,1,0,,76,Auckland,Nil,0,0,0,0,1,0,Open,0,0,0,Fine,Null
1757879.0499,5914453.2035,901047,,518600,0,,0,2,,Null,2022/2023,PAH ROAD,SELWYN ROAD,,Non-Injury Crash,No,2023,,North,,0,,Flat,,,,,,Bright sun,565800,0,0,0,2,,,0,,,,,,Auckland Region,Nil,2-way,Sealed,,0,0,,50,,Off,0,0,,76,Auckland,Stop,,,,,0,0,Urban,0,,,Fine,Null
1752958.7757,5876401.0183,901053,,526103,0,0,0,1,0,East,2023/2024,KING STREET,EDGEWATER PARADE,,Non-Injury Crash,No,2023,0,East,0,0,0,Flat,0,,0,,0,Dark,837101,0,0,0,2,0,0,0,0,0,,0,1,Auckland Region,Nil,2-way,Sealed,0,0,0,0,50,0,On,0,0,,76,Auckland,Nil,0,0,0,0,0,0,Urban,0,0,0,Fine,Null
1753390.7436,5917152.2164,901062,,517800,0,0,0,3,0,Null,2025/2026,BURCH STREET,ASQUITH AVENUE,,Non-Injury Crash,No,2025,0,North,0,0,0,Hill Road,0,,0,,0,Dark,526600,0,0,0,2,0,0,0,0,1,,0,0,Auckland Region,Nil,2-way,Sealed,0,0,0,0,50,0,On,0,0,,76,Auckland,Give way,0,0,0,0,0,0,Urban,0,0,0,Light rain,Null
1744038.627,5915482.8254,901064,,513012,0,,0,2,,North,2025/2026,HENDERSON VALLEY ROAD,MISTY VALLEY DRIVE,,Non-Injury Crash,No,2025,,South,,0,,Flat,,,,,,Overcast,280905,0,0,0,2,,,0,,,,,,Auckland Region,Nil,2-way,Sealed,,0,0,,50,,Off,0,0,,76,Auckland,Nil,,,,,0,0,Urban,0,,,Light rain,Null
1754509.1734,5918422.6835,901067,,515431,0,0,0,2,0,Null,2022/2023,MOUNTAIN VIEW ROAD,IVANHOE ROAD,,Minor Crash,No,2023,0,North,0,0,0,Flat,0,,0,,0,Overcast,406700,1,0,0,2,0,0,0,0,1,,0,0,Auckland Region,Nil,2-way,Sealed,0,0,0,0,50,0,Off,0,0,,76,Auckland,Give way,0,0,0,0,0,0,Urban,1,0,0,Heavy rain,Null
1747956.52,5912524.3313,901068,,511902,0,,0,1,,South,2025/2026,PLEASANT ROAD,TITIRANGI ROAD,,Non-Injury Crash,No,2025,,North,,0,,Null,,,,,,Bright sun,292103,0,0,0,1,,,0,,,,,,Auckland Region,Nil,1-way,Sealed,,0,0,,50,,Null,0,0,,76,Auckland,Nil,,,,,0,1,Urban,0,,,Null,Null
1755307.6908,5921689.1957,901080,,515202,0,,0,1,,North,2025/2026,NORTHERN MOTORWAY,SHELLY BEACH OBR,,Serious Crash,Yes,2025,,South,,0,,Flat,,,,,,Bright sun,423600,0,0,1,4,,,0,,,,,,Auckland Region,Nil,1-way,Sealed,,0,1,,80,,Off,0,0,,76,Auckland,Nil,,,,,0,0,Open,0,,,Fine,Null
1743171.049,5931510.5577,901081,,506400,0,,0,0,,West,2024/2025,COATESVILLE-RIVERHEAD HIGHWAY,BARRETT ROAD,,Minor Crash,No,2024,,East,,0,,Flat,,,,,,Overcast,216903,1,0,1,2,,,0,,,,,,Auckland Region,Nil,2-way,Sealed,,0,0,,60,,None,0,0,,76,Auckland,Nil,,,,,0,0,Urban,0,,,Fine,Null
1753454.0568,5888443.783,901083,65,521122,0,0,0,1,0,West,2023/2024,CLARKS BEACH ROAD,FARLEY ROAD,,Non-Injury Crash,No,2024,0,West,1,0,1,Flat,0,,0,,0,Dark,811100,0,0,0,2,0,0,0,0,0,,0,0,Auckland Region,Nil,2-way,Sealed,0,0,0,0,80,0,On,0,0,,76,Auckland,Nil,0,0,0,0,0,0,Open,0,0,0,Light rain,Null
1763491.8841,5909963.6498,901089,,521901,0,,0,0,,West,2023/2024,HUIA ROAD,MOA STREET,,Non-Injury Crash,No,2023,,South,,0,,Flat,,,,,,Overcast,782500,0,0,0,2,,,0,,,,,,Auckland Region,Nil,2-way,Sealed,,0,0,,50,,None,0,0,,76,Auckland,Nil,,,,,0,0,Urban,2,,,Fine,Null
1755708.0544,5919629.0638,901096,,515302,0,,0,2,,Null,2024/2025,RICHMOND ROAD,PONSONBY ROAD,,Non-Injury Crash,No,2025,,East,,0,,Null,,,,,,Dark,432300,0,0,0,4,,,0,,,,,,Auckland Region,Nil,2-way,Sealed,,0,0,,40,,On,0,0,,76,Auckland,Traffic Signals,,,,,0,0,Urban,0,,,Fine,Null
1766878.4314,5903860.8705,901099,,524604,0,,0,1,,Null,2023/2024,LAMBIE DRIVE,LAMBIE DRIVE OFF RAMP,,Minor Crash,No,2023,,South,,0,,Flat,,,,,,Dark,780210,1,0,0,4,,,0,,,,,,Auckland Region,Overpass,2-way,Sealed,,0,0,,50,,On,1,0,,76,Auckland,Traffic Signals,,,,,0,0,Urban,0,,,Fine,Null
1754161.1413,5926865.9376,901102,,508620,0,0,0,2,0,East,2024/2025,CORONATION ROAD,ARCHERS ROAD,,Non-Injury Crash,No,2025,0,East,0,0,0,Hill Road,0,,0,,0,Dark,205100,0,0,0,2,0,0,0,0,1,,0,0,Auckland Region,Nil,2-way,Sealed,0,0,0,0,50,0,On,0,0,,76,Auckland,Nil,0,0,0,0,0,0,Urban,1,0,0,Fine,Null
1764574.6968,5911954.8256,901104,,520500,0,,0,0,,North,2025/2026,SOUTHERN MOTORWAY,PANAMA OBR,,Non-Injury Crash,Yes,2025,,North,,0,,Flat,,,,,,Overcast,639500,0,0,0,3,,,0,,,,,,Auckland Region,Nil,1-way,Sealed,,0,0,,100,,Off,0,0,,76,Auckland,Nil,,,,,1,0,Open,1,,,Heavy rain,Null
1758744.4462,5917390.0393,901105,,516001,0,,0,0,,North,2023/2024,SOUTHERN MOTORWAY,DILWORTH FTBR,,Non-Injury Crash,Yes,2024,,South,,0,,Flat,,,,,,Overcast,491000,0,0,0,3,,,0,,,,,,Auckland Region,Nil,1-way,Sealed,,0,0,,80,,Off,1,0,,76,Auckland,Nil,,,,,0,0,Open,1,,,Light rain,Null
1755798.622,5936186.1972,901106,,507000,0,0,0,2,0,South,2025/2026,DEEP CREEK ROAD,BETHEL ROAD,,Non-Injury Crash,No,2025,0,North,0,0,0,Hill Road,0,,0,,0,Dark,163100,0,0,0,2,0,0,0,0,1,,0,0,Auckland Region,Nil,2-way,Sealed,0,0,0,0,50,0,On,0,0,,76,Auckland,Nil,0,0,0,0,0,0,Urban,0,0,0,Fine,Null
1754665.1624,5915476.7366,901108,,517702,0,,0,2,,North,2025/2026,SANDRINGHAM ROAD,EDEN VIEW ROAD,,Non-Injury Crash,No,2025,,North,,0,,Null,,,,,,Twilight,541300,0,0,0,2,,,0,,,,,,Auckland Region,Nil,2-way,Sealed,,0,0,,50,,Null,0,0,,76,Auckland,Nil,,,,,0,0,Urban,0,,,Fine,Null