X,Y,OBJECTID,advisorySpeed,areaUnitID,bicycle,bridge,bus,carStationWagon,cliffBank,crashDirectionDescription,crashFinancialYear,crashLocation1,crashLocation2,crashRoadSideRoad,crashSeverity,crashSHDescription,crashYear,debris,directionRoleDescription,ditch,fatalCount,fence,flatHill,guardRail,holiday,houseOrBuilding,intersection,kerb,light,meshblockId,minorInjuryCount,moped,motorcycle,NumberOfLanes,objectThrownOrDropped,otherObject,otherVehicleType,overBank,parkedVehicle,pedestrian,phoneBoxEtc,postOrPole,region,roadCharacter,roadLane,roadSurface,roadworks,schoolBus,seriousInjuryCount,slipOrFlood,speedLimit,strayAnimal,streetLight,suv,taxi,temporarySpeedLimit,tlaId,tlaName,trafficControl,trafficIsland,trafficSign,train,tree,truck,unknownVehicleType,urban,vanOrUtility,vehicle,waterRiver,weatherA,weatherB
1755973.7795,5918591.3532,901109,,515500,0,,0,3,,Null,2023/2024,NORTH-WESTERN MOTORWAY,NEWTON ROAD OFF RAMP,,Non-Injury Crash,Yes,2023,,North,,0,,Flat,,,,,,Bright sun,418600,0,0,0,4,,,0,,,,,,Auckland Region,Nil,1-way,Sealed,,0,0,,80,,Off,0,0,,76,Auckland,Nil,,,,,0,0,Open,0,,,Fine,Null
1752813.576,5914098.1777,901114,,514500,0,,0,1,,East,2025/2026,MAIORO STREET,NEW WINDSOR ROAD,,Non-Injury Crash,No,2025,,East,,0,,Flat,,,,,,Bright sun,376600,0,0,0,5,,,0,,,,,,Auckland Region,Nil,2-way,Sealed,,0,0,,50,,Off,0,0,,76,Auckland,Nil,,,,,0,1,Urban,0,,,Fine,Null
1766476.8699,5907814.9113,901122,,523501,0,,0,2,,South,2025/2026,OTARA ROAD,EDWARD AVENUE,,Non-Injury Crash,No,2025,,South,,0,,Flat,,,,,,Overcast,700700,0,0,0,2,,,0,,,,,,Auckland Region,Nil,2-way,Sealed,,0,0,,50,,Off,0,0,,76,Auckland,Nil,,,,,0,0,Urban,0,,,Light rain,Null
1760214.9162,5907845.6038,901123,,524403,0,0,0,1,0,North,2023/2024,SOUTH-WESTERN MOTORWAY,SH 20 MANGERE OBR,,Non-Injury Crash,Yes,2024,0,North,0,0,0,Flat,0,,0,,0,Bright sun,731105,0,0,0,2,0,0,0,0,0,,0,1,Auckland Region,Nil,1-way,Sealed,0,0,0,0,100,0,Off,0,0,,76,Auckland,Nil,0,0,0,0,0,0,Open,0,0,0,Fine,Null
1755939.4452,5917024.7293,901131,,518201,1,0,0,1,0,South,2023/2024,DOMINION ROAD,BURNLEY TERRACE,,Minor Crash,No,2024,0,North,0,0,0,Flat,0,,0,,0,Overcast,548200,1,0,0,4,0,0,0,0,1,,0,0,Auckland Region,Nil,2-way,Sealed,0,0,0,0,50,0,Off,0,0,,76,Auckland,Nil,0,0,0,0,0,0,Urban,0,0,0,Fine,Null
1747458.1796,5914090.2579,901133,,511100,0,0,0,2,0,North,2023/2024,GLENORCHY STREET,BRANDON ROAD,,Non-Injury Crash,No,2024,0,South,0,0,0,Hill Road,0,,0,,0,Bright sun,285500,0,0,1,2,0,0,0,0,1,,0,0,Auckland Region,Nil,2-way,Sealed,0,0,0,0,50,0,Off,0,0,,76,Auckland,Nil,0,0,0,0,0,0,Urban,0,0,0,Fine,Null
1749974.9235,5916614.0412,901138,,514801,0,,0,1,,East,2023/2024,ROSEBANK ROAD,MEAD STREET,,Non-Injury Crash,No,2023,,South,,0,,Flat,,,,,,Overcast,389101,0,0,0,2,,,0,,,,,,Auckland Region,Nil,2-way,Sealed,,0,0,,50,,Off,0,0,,76,Auckland,Nil,,,,,1,0,Urban,0,,,Fine,Null
1758329.1871,5918380.0553,901140,,517400,0,,0,1,,Null,2023/2024,KINGDON STREET,KHYBER PASS ROAD,,Minor Crash,No,2024,,East,,0,,Flat,,,,,,Overcast,451000,1,0,1,4,,,0,,,,,,Auckland Region,Nil,2-way,Sealed,,0,0,,50,,Off,0,0,,76,Auckland,Stop,,,,,0,0,Urban,0,,,Fine,Null
1755363.6057,5926217.6562,901144,,509701,0,0,0,1,0,Null,2023/2024,OCEAN VIEW ROAD,EBAN AVENUE,,Minor Crash,No,2024,0,South,0,0,0,Hill Road,0,Queens Birthday,0,,1,Bright sun,363902,1,0,0,2,0,0,0,0,0,,0,0,Auckland Region,Nil,2-way,Sealed,0,0,0,0,50,0,Off,0,0,,76,Auckland,Stop,0,0,0,0,0,0,Urban,0,0,0,Fine,Null
1744550.8018,5919107.6077,901146,,513302,0,,0,2,,Null,2024/2025,RATHGAR ROAD,LARNOCH ROAD,,Minor Crash,No,2024,,North,,0,,Flat,,,,,,Bright sun,233200,3,0,0,2,,,0,,,,,,Auckland Region,Nil,2-way,Sealed,,0,0,,30,,Off,0,0,,76,Auckland,Give way,,,,,0,0,Urban,0,,,Fine,Null
1763872.7341,5901738.395,901149,,524604,0,0,0,1,0,East,2025/2026,MCLAUGHLINS ROAD,STONEHILL DRIVE,,Non-Injury Crash,No,2026,0,West,0,0,0,Flat,0,,0,,0,Overcast,781200,0,0,0,2,0,0,0,0,1,,0,0,Auckland Region,Nil,2-way,Sealed,0,0,0,0,50,0,Off,0,0,,76,Auckland,Nil,0,0,0,0,1,0,Urban,0,0,0,Light rain,Null
1753845.3097,5918252.2326,901151,,515432,0,,0,1,,East,2022/2023,ST LUKES ROAD OFF RAMP,ST LUKES ROAD,,Non-Injury Crash,No,2023,,Null,,0,,Hill Road,,,,,,Dark,405500,0,0,0,2,,,0,,,,,,Auckland Region,Motorway ramp,1-way,Sealed,,0,0,,50,,On,0,0,10,76,Auckland,Nil,,,,,0,0,Urban,0,,,Fine,Null
1759069.85,5912192.9791,901175,,519820,0,,0,1,,Null,2024/2025,CHURCH STREET,WALLER STREET,,Serious Crash,No,2024,,East,,0,,Flat,,,,,,Bright sun,601902,0,0,0,4,,,0,,,,,,Auckland Region,Nil,2-way,Sealed,,0,1,,50,,Off,0,0,,76,Auckland,Stop,,,,,0,0,Urban,1,,,Fine,Null
1739798.7526,5930646.274,901180,,505604,0,0,0,1,0,Null,2023/2024,DEACON ROAD,OLD NORTH ROAD,,Serious Crash,No,2024,0,West,0,0,1,Hill Road,0,,0,,0,Bright sun,213700,0,0,0,2,0,0,0,0,0,,0,0,Auckland Region,Nil,2-way,Sealed,0,0,2,0,80,0,Null,0,0,,76,Auckland,Stop,0,0,0,0,0,0,Open,0,0,0,Fine,Null
1754232.0208,5918887.9464,901186,,515431,0,,0,1,,East,2023/2024,SURREY CRESCENT,BULLOCK TRACK,,Non-Injury Crash,No,2024,,West,,0,,Hill Road,,,,,,Overcast,403300,0,0,0,2,,,0,,,,,,Auckland Region,Nil,2-way,Sealed,,0,0,,50,,Off,1,0,,76,Auckland,Nil,,,,,0,0,Urban,0,,,Light rain,Null
1740647.6486,5911286.8054,901194,25,512902,0,0,0,1,0,East,2024/2025,WEST COAST ROAD,SCENIC DRIVE,,Non-Injury Crash,No,2024,0,West,0,0,0,Hill Road,0,,0,,0,Dark,279201,0,0,0,2,0,0,0,0,0,,0,1,Auckland Region,Nil,2-way,Sealed,0,0,0,0,60,0,None,0,0,,76,Auckland,Nil,0,0,0,0,0,0,Urban,0,0,0,Fine,Null
1755729.8681,5921200.2533,901197,,515202,0,0,0,1,0,West,2023/2024,NORTHERN MOTORWAY,FANSHAWE STREET OFF RAMP,,Non-Injury Crash,Yes,2024,0,East,0,0,0,Flat,1,,0,,0,Dark,425600,0,0,0,4,0,0,0,0,0,,0,0,Auckland Region,Nil,1-way,Sealed,0,0,0,0,80,0,On,0,0,,76,Auckland,Nil,0,0,0,0,0,0,Open,0,0,0,Light rain,Null
1768753.7761,5904537.6045,901203,,523820,0,,0,1,,Null,2024/2025,EVERGLADE DRIVE,REDOUBT ROAD,,Non-Injury Crash,No,2024,,North,,0,,Null,,,,,,Unknown,759902,0,0,0,4,,,0,,,,,,Auckland Region,Nil,2-way,Null,,0,0,,50,,Null,0,0,,76,Auckland,Traffic Signals,,,,,0,0,Urban,0,,,Null,Null
1756622.3163,5912836.5125,901204,,518701,0,0,0,2,0,Null,2025/2026,HILLSBOROUGH ROAD,HILLSBOROUGH ROAD OFF RAMP,,Non-Injury Crash,No,2025,0,North,0,0,0,Flat,0,,0,,0,Dark,569000,0,0,0,3,0,0,0,0,0,,0,0,Auckland Region,Motorway ramp,1-way,Sealed,0,0,0,0,50,0,On,0,0,,76,Auckland,Traffic Signals,0,1,0,0,0,0,Urban,0,0,0,Fine,Null
1758924.4723,5917127.8455,901212,,516001,0,,0,0,,North,2023/2024,SOUTHERN MOTORWAY,MARKET ROAD OFF RAMP,,Non-Injury Crash,Yes,2023,,South,,0,,Flat,,,,,,Bright sun,491200,0,0,1,4,,,0,,,,,,Auckland Region,Nil,1-way,Sealed,,0,0,,80,,Off,0,0,,76,Auckland,Nil,,,,,0,0,Open,1,,,Fine,Null
1748477.0937,5914868.0192,901214,,511700,0,,0,2,,Null,2023/2024,ARCHIBALD ROAD,ST LEONARDS ROAD,,Non-Injury Crash,No,2023,,South,,0,,Flat,,Christmas New Year,,,,Overcast,270000,0,0,0,1,,,0,,,,,,Auckland Region,Nil,1-way,Sealed,,0,0,,50,,Off,0,0,,76,Auckland,Give way,,,,,0,0,Urban,0,,,Light rain,Null
1742300.2088,5995819.1618,901218,,506660,0,0,0,0,0,North,2023/2024,MANGAWHAI ROAD,STANIFORTH ROAD,,Non-Injury Crash,No,2024,0,North,0,0,0,Hill Road,0,Easter,0,,0,Overcast,135600,0,0,0,2,0,0,0,0,0,,0,0,Auckland Region,Nil,2-way,Sealed,0,0,0,0,100,0,None,0,0,,76,Auckland,Nil,0,0,0,0,0,0,Open,1,0,0,Fine,Null
1747482.15,5910740.6327,901222,,511901,0,,0,2,,East,2025/2026,TITIRANGI ROAD,SOUTH TITIRANGI ROAD,,Non-Injury Crash,No,2026,,East,,0,,Flat,,,,,,Bright sun,294200,0,0,0,2,,,0,,,,,,Auckland Region,Nil,2-way,Sealed,,0,0,,50,,Null,0,0,,76,Auckland,Nil,,,,,0,0,Urban,0,,,Fine,Null
1763347.5314,5912847.6849,901226,,520500,0,0,0,1,0,East,2025/2026,SOUTH-EASTERN HWY OFF RAMP,SOUTHERN MOTORWAY,,Non-Injury Crash,No,2026,0,East,0,0,0,Flat,0,,0,,0,Twilight,637400,0,0,0,1,0,0,0,0,0,,0,1,Auckland Region,Motorway ramp,1-way,Sealed,0,0,0,0,100,0,On,0,0,,76,Auckland,Nil,0,0,0,0,0,0,Open,0,0,0,Fine,Null
1770299.8846,5906369.2861,901227,,523713,0,,0,1,,Null,2024/2025,FLAT BUSH SCHOOL ROAD,BROOKVIEW DRIVE,,Minor Crash,No,2024,,West,,0,,Flat,,,,,,Dark,713100,1,0,0,2,,,0,,,,,,Auckland Region,Nil,2-way,Sealed,,0,0,,50,,On,0,0,,76,Auckland,Give way,,,,,0,0,Urban,1,,,Mist or Fog,Null
1748961.7529,5935946.1087,901229,,506300,0,,0,3,,Null,2022/2023,DAIRY FLAT HIGHWAY,COATESVILLE-RIVERHEAD HIGHWAY,,Non-Injury Crash,No,2023,,South,,0,,Hill Road,,,,,,Overcast,176003,0,0,0,4,,,0,,,,,,Auckland Region,Nil,2-way,Sealed,,0,0,,80,,Off,0,0,,76,Auckland,Give way,,,,,0,0,Open,0,,,Fine,Null
1770005.0937,5899291.8023,901235,,523911,0,,0,2,,Null,2023/2024,TAKANINI OFF RAMP,GREAT SOUTH ROAD,,Non-Injury Crash,No,2024,,South,,0,,Flat,,,,,,Twilight,768100,0,0,0,1,,,0,,,,,,Auckland Region,Underpass,1-way,Sealed,,0,0,,100,,On,0,0,,76,Auckland,Traffic Signals,,,,,0,0,Open,0,,,Fine,Null
1763999.2645,5910226.6675,901239,,521901,0,,0,1,,West,2024/2025,ALBION ROAD,ATKINSON AVENUE,,Serious Crash,No,2024,,West,,0,,Flat,,,,,,Bright sun,782000,0,0,0,2,,,0,,,1,,,Auckland Region,Nil,2-way,Sealed,,0,1,,30,,Off,0,0,,76,Auckland,Nil,,,,,0,0,Urban,0,,,Fine,Null
1760106.2214,5908088.851,901240,,524403,0,0,0,0,0,South,2023/2024,SOUTH-WESTERN MOTORWAY,HALL FTBR,,Non-Injury Crash,Yes,2024,0,North,0,0,0,Flat,0,,0,,0,Dark,731104,0,0,0,2,0,0,0,0,0,,0,0,Auckland Region,Nil,1-way,Sealed,0,0,0,0,100,0,On,1,0,,76,Auckland,Nil,0,0,0,0,0,0,Open,0,0,0,Fine,Null
1771588.3803,5895231.1822,901241,,525530,0,,0,2,,Null,2025/2026,BEACH ROAD,PAPAKURA OFF RAMP,,Non-Injury Crash,No,2026,,East,,0,,Flat,,,,,,Bright sun,804901,0,0,0,2,,,0,,,,,,Auckland Region,Nil,1-way,Sealed,,0,0,,50,,Off,0,0,,76,Auckland,Traffic Signals,,,,,0,0,Urban,0,,,Fine,Null
1764431.7101,5912938.833,901243,,520500,0,0,0,1,0,Null,2024/2025,SOUTH-EASTERN HIGHWAY,SOUTH-EASTERN HIGHWAY,,Minor Crash,No,2024,0,East,0,0,0,Flat,0,,0,,0,Dark,639100,1,0,0,8,0,0,0,0,0,,0,0,Auckland Region,Nil,2-way,Sealed,0,0,0,0,50,0,On,0,0,,76,Auckland,Traffic Signals,0,1,0,0,0,0,Urban,0,0,0,Fine,Null
1745740.6568,5919310.3267,901246,,513301,0,0,0,3,0,South,2025/2026,CENTRAL PARK DRIVE,CLEMWAY PLACE,,Non-Injury Crash,No,2026,0,North,0,0,0,Flat,0,,0,,0,Overcast,230602,0,0,0,2,0,0,0,0,1,,0,0,Auckland Region,Nil,2-way,Sealed,0,0,0,0,50,0,Off,0,0,,76,Auckland,Nil,0,0,0,0,0,0,Urban,0,0,0,Fine,Null
1770136.028,5910694.4525,901247,,523109,0,,0,1,,Null,2022/2023,PARKWAY,TE IRIRANGI DRIVE,,Non-Injury Crash,No,2023,,West,,0,,Flat,,,,,,Bright sun,711709,0,0,0,2,,,0,,,,,,Auckland Region,Nil,2-way,Sealed,,0,0,,50,,On,0,0,,76,Auckland,Traffic Signals,,,,,1,0,Urban,0,,,Fine,None
1756616.1821,5943820.0932,901249,,505902,0,0,0,1,0,North,2025/2026,WHANGAPARAOA ROAD,LADIES MILE,,Minor Crash,No,2026,0,South,0,0,0,Flat,0,,0,,0,Bright sun,174604,1,0,0,2,0,0,0,0,1,,0,0,Auckland Region,Nil,2-way,Sealed,0,0,0,0,50,0,Off,1,0,,76,Auckland,Nil,0,0,0,0,0,0,Urban,0,0,0,Fine,Null
1761075.5864,5915031.417,901252,,520201,0,,0,2,,South,2023/2024,SOUTHERN MOTORWAY,MAIN OBR,,Minor Crash,Yes,2024,,South,,0,,Flat,,,,,,Dark,613500,2,0,0,3,,,0,,,,,,Auckland Region,Nil,1-way,Sealed,,0,0,,100,,On,0,0,,76,Auckland,Nil,,,,,0,0,Open,0,,,Fine,Null
1747789.6709,5912629.0625,901254,,511100,0,,0,1,,North,2023/2024,PLEASANT ROAD,FAIRMOUNT ROAD,,Non-Injury Crash,No,2023,,North,,0,,Flat,,,,,,Bright sun,288202,0,0,0,2,,,0,,,,,,Auckland Region,Nil,2-way,Sealed,,0,0,,50,,Off,0,0,,76,Auckland,Nil,,,,,0,0,Urban,1,,,Fine,Null
1754915.7485,5917742.3302,901257,,517500,0,0,0,1,0,Null,2025/2026,NEW NORTH ROAD,WESTERN SPRINGS ROAD,,Minor Crash,No,2026,0,East,0,0,0,Hill Road,0,Christmas New Year,0,,1,Twilight,532000,2,0,0,4,0,0,0,0,0,,0,1,Auckland Region,Nil,2-way,Sealed,0,0,0,0,50,0,On,0,0,,76,Auckland,Give way,0,0,0,0,0,0,Urban,0,0,0,Fine,Null
1742467.6947,5925146.8243,901260,,513410,0,,0,2,,Null,2024/2025,FRED TAYLOR DRIVE,NORTHSIDE DRIVE,,Minor Crash,No,2024,,South,,0,,Flat,,,,,,Overcast,220400,1,0,0,4,,,0,,,,,,Auckland Region,Nil,2-way,Sealed,,0,0,,80,,Off,0,0,,76,Auckland,Traffic Signals,,,,,0,0,Open,0,,,Fine,Null
1765236.1098,5918544.5454,901265,,516900,0,0,0,2,0,West,2025/2026,ST HELIERS BAY ROAD,MAXINE PLACE,,Non-Injury Crash,No,2025,0,West,0,0,0,Flat,0,,0,,0,Dark,465502,0,0,0,2,0,0,0,0,1,,0,0,Auckland Region,Nil,2-way,Sealed,0,0,0,0,50,0,On,0,0,,76,Auckland,Nil,0,0,0,0,0,0,Urban,0,0,0,Fine,Null
1756043.5879,5929056.3952,901269,,508510,0,,0,1,,East,2025/2026,BOND CRESCENT,ARROW ROAD,,Non-Injury Crash,No,2025,,West,,0,,Null,,,,,,Overcast,195600,0,0,0,2,,,0,,,,,,Auckland Region,Nil,2-way,Sealed,,0,0,,50,,Null,1,0,,76,Auckland,Nil,,,,,0,0,Urban,0,,,Light rain,Null
1765633.0641,5920024.1494,901271,,516700,0,0,0,1,0,North,2023/2024,ST HELIERS BAY ROAD,POLYGON ROAD,,Non-Injury Crash,No,2023,0,North,0,0,0,Flat,0,,1,,0,Dark,509300,0,0,0,2,0,0,0,0,1,,0,0,Auckland Region,Nil,2-way,Sealed,0,0,0,0,50,0,On,1,0,,76,Auckland,Nil,0,0,0,0,0,0,Urban,0,0,0,Fine,Null
1743459.7285,5917654.0996,901286,,513220,0,0,0,1,0,East,2025/2026,BROOKWOOD DRIVE,PARKCREST DRIVE,,Non-Injury Crash,No,2025,0,South,0,0,0,Hill Road,0,,0,,0,Dark,236711,0,0,0,2,0,0,0,0,0,,0,0,Auckland Region,Nil,2-way,Sealed,0,0,0,0,50,0,On,0,0,,76,Auckland,Nil,0,0,0,1,0,0,Urban,0,0,0,Fine,Null
1781006.828,5925485.4309,901287,,520801,1,,0,1,,South,2024/2025,DONALD BRUCE ROAD,CAUSEWAY ROAD,,Minor Crash,No,2024,,North,,0,,Flat,,,,,,Bright sun,516705,1,0,0,2,,,0,,,,,,Auckland Region,Speed hump,2-way,Sealed,,0,0,,40,,Off,0,0,,76,Auckland,Nil,,,,,0,0,Urban,0,,,Fine,Null
1763219.0118,5908270.3529,901288,,524402,0,,0,2,,North,2024/2025,SAVILL DRIVE,MASSEY ROAD,,Non-Injury Crash,No,2025,,South,,0,,Flat,,,,,,Overcast,750000,0,0,0,2,,,0,,,,,,Auckland Region,Nil,2-way,Sealed,,0,0,,50,,Null,0,0,,76,Auckland,Nil,,,,,0,0,Urban,0,,,Fine,Null
1751546.6663,5915867.5677,901291,,514401,0,,0,1,,Null,2024/2025,BLOCKHOUSE BAY ROAD,HENRY STREET,,Minor Crash,No,2024,,South,,0,,Flat,,,,,,Dark,383802,1,0,1,2,,,0,,,,,,Auckland Region,Nil,2-way,Sealed,,0,0,,50,,On,0,0,,76,Auckland,Give way,,,,,0,0,Urban,0,,,Fine,Null
1769292.3431,5892724.0368,901292,,521202,0,0,0,1,0,South,2025/2026,WALTERS ROAD,LINWOOD ROAD,,Minor Crash,No,2025,0,East,1,0,0,Flat,0,,0,,0,Dark,807000,1,0,0,2,0,0,0,0,0,,0,0,Auckland Region,Nil,2-way,Sealed,0,0,0,0,80,0,Off,0,0,,76,Auckland,Nil,0,0,0,0,0,0,Open,0,0,0,Fine,Null
1754821.7787,5929916.1447,901298,,508420,0,0,0,2,0,East,2025/2026,SUNNYNOOK ROAD,TARGET ROAD,,Minor Crash,No,2025,0,South,0,0,0,Hill Road,0,,0,,0,Bright sun,182500,1,0,0,2,0,0,0,0,1,,0,0,Auckland Region,Nil,2-way,Sealed,0,0,0,0,50,0,Off,0,0,,76,Auckland,Nil,0,0,0,1,0,0,Urban,0,0,0,Fine,Null
1771992.2006,5906774.5696,901300,,523713,0,0,0,1,0,Null,2025/2026,TIPU ROAD,PEIHINGA ROAD,,Non-Injury Crash,No,2025,0,West,0,0,0,Flat,0,,1,,1,Overcast,712600,0,0,0,2,0,0,0,0,0,,0,0,Auckland Region,Nil,2-way,Sealed,0,0,0,0,50,0,On,0,0,,76,Auckland,Give way,0,0,0,0,0,0,Urban,0,0,0,Fine,Null
1745432.0549,5917263.8428,901301,,510800,0,,0,0,,Null,2024/2025,GREAT NORTH ROAD,RATANUI STREET,,Serious Crash,No,2024,,North,,0,,Flat,,,,,,Bright sun,241600,0,0,0,4,,,0,,,1,,,Auckland Region,Nil,2-way,Sealed,,0,1,,50,,Off,0,0,,76,Auckland,Traffic Signals,,,,,0,0,Urban,1,,,Fine,Null
1752074.2941,5915656.2465,901306,,517902,0,,0,1,,Null,2025/2026,ENNISMORE ROAD,NEW NORTH ROAD,,Minor Crash,No,2025,,North,,0,,Flat,,,,,,Overcast,520900,1,0,0,2,,,0,,,,,,Auckland Region,Nil,2-way,Sealed,,0,0,,50,,Off,0,0,30,76,Auckland,Stop,,,,,1,0,Urban,0,,,Fine,Null
1756312.9048,5931049.3411,901308,,507500,0,0,0,1,0,Null,2023/2024,EAST COAST ROAD,WILLIAM SOUTER STREET,,Non-Injury Crash,No,2023,0,South,0,0,0,Hill Road,0,Christmas New Year,0,,0,Dark,148701,0,0,0,3,0,0,0,0,0,,0,1,Auckland Region,Nil,2-way,Sealed,0,0,0,0,50,0,On,0,0,30,76,Auckland,Give way,0,0,0,0,0,0,Urban,0,0,0,Heavy rain,Null
1744563.6603,5974531.2944,901330,75,506661,0,0,0,1,0,North,2025/2026,SH 1,KRAACK ROAD,,Non-Injury Crash,Yes,2025,0,North,0,0,0,Hill Road,0,,0,,0,Bright sun,139000,0,0,0,1,0,0,0,1,0,,0,0,Auckland Region,Nil,2-way,Unsealed,0,0,0,0,80,0,Off,0,0,,76,Auckland,Nil,0,0,0,1,0,0,Open,0,0,0,Fine,Null
1760227.752,5916850.7654,901332,,516102,0,,0,2,,Null,2025/2026,REMUERA ROAD,CLONBERN ROAD,,Non-Injury Crash,No,2026,,East,,0,,Flat,,Christmas New Year,,,,Dark,485200,0,0,0,2,,,0,,,,,,Auckland Region,Nil,2-way,Sealed,,0,0,,50,,Null,0,0,,76,Auckland,Traffic Signals,,,,,0,0,Urban,0,,,Null,Null
1766043.0564,5915378.016,901334,,520601,0,,0,2,,North,2025/2026,TRIPOLI ROAD,HOBSON DRIVE,,Non-Injury Crash,No,2025,,North,,0,,Flat,,,,,,Dark,633400,0,0,0,2,,,0,,,,,,Auckland Region,Nil,2-way,Sealed,,0,0,,50,,On,0,0,,76,Auckland,Nil,,,,,0,0,Urban,0,,,Light rain,Null
1756635.2157,5912845.4304,901337,,518702,0,,0,2,,Null,2022/2023,HILLSBOROUGH ROAD,HILLSBOROUGH ROAD ON RAMP,,Non-Injury Crash,No,2023,,South,,0,,Flat,,,,,,Overcast,569900,0,0,0,2,,,0,,,,,,Auckland Region,Motorway ramp,1-way,Sealed,,0,0,,50,,On,0,0,,76,Auckland,Traffic Signals,,,,,0,0,Urban,0,,,Fine,Null
1753303.0949,5914820.0987,901344,,518801,0,0,0,1,0,East,2025/2026,STODDARD ROAD,RICHARDSON ROAD,,Non-Injury Crash,No,2025,0,North,0,0,0,Null,0,,0,,0,Bright sun,578400,0,0,0,2,0,0,0,0,1,,0,0,Auckland Region,Nil,2-way,Sealed,0,0,0,0,50,0,Null,0,0,,76,Auckland,Nil,0,0,0,0,0,1,Urban,0,0,0,Fine,Null
1767791.093,5906312.9313,901346,,523711,0,0,0,2,0,South,2025/2026,PRESTON ROAD,BAIRDS ROAD,,Minor Crash,No,2026,0,South,0,0,0,Flat,0,,0,,0,Bright sun,715000,1,0,0,2,0,0,0,0,0,,0,0,Auckland Region,Nil,2-way,Sealed,0,0,0,0,50,0,Off,0,0,,76,Auckland,Nil,1,0,0,0,0,0,Urban,0,0,0,Fine,Null
1768677.1239,5900740.8752,901347,,525001,0,,1,1,,West,2022/2023,WEYMOUTH ROAD,BEAUMONTS WAY,,Non-Injury Crash,No,2023,,South,,0,,Flat,,,,,,Bright sun,752100,0,0,0,2,,,0,,,,,,Auckland Region,Nil,2-way,Sealed,,0,0,,50,,Off,0,0,,76,Auckland,Nil,,,,,0,0,Urban,0,,,Fine,None
1748539.1344,5918702.4845,901349,,514801,0,0,0,1,0,South,2022/2023,PATIKI ROAD OFF RAMP,PATIKI OBR,,Non-Injury Crash,No,2023,0,South,0,0,0,Flat,1,,0,,0,Dark,389200,0,0,0,1,0,0,0,0,0,,0,0,Auckland Region,Motorway ramp,1-way,Sealed,0,0,0,0,100,0,On,0,0,,76,Auckland,Nil,0,0,0,0,0,0,Open,0,0,0,Fine,Null
1756171.1131,5924066.0649,901350,,509800,0,,0,1,,South,2025/2026,NORTHERN MOTORWAY,NORTHERN BUSWAY,,Non-Injury Crash,Yes,2025,,South,,0,,Flat,,,,,,Overcast,361100,0,0,0,5,,,0,,,,,,Auckland Region,Nil,1-way,Sealed,,0,0,,80,,Off,0,0,,76,Auckland,Nil,,,,,0,0,Open,2,,,Light rain,Null
1761414.0622,5914225.6063,901354,,520202,0,0,0,1,0,South,2023/2024,ELLERSLIE-PANMURE HIGHWAY,PENROSE INT S,,Non-Injury Crash,No,2024,0,South,0,0,0,Flat,0,,0,,0,Overcast,612300,0,0,0,2,0,0,0,0,0,,0,0,Auckland Region,Overpass,1-way,Sealed,0,0,0,0,50,0,Off,0,0,,76,Auckland,Nil,0,0,0,1,0,0,Urban,0,0,0,Fine,Null
1756682.4783,5919906.6466,901355,,514102,0,,1,1,,Null,2025/2026,UNION STREET,NELSON STREET,,Non-Injury Crash,No,2025,,West,,0,,Flat,,,,,,Dark,435500,0,0,0,7,,,0,,,,,,Auckland Region,Nil,2-way,Sealed,,0,0,,30,,On,1,0,,76,Auckland,Traffic Signals,,,,,0,0,Urban,0,,,Fine,Null
1744640.7753,5921723.1654,901356,,513530,0,0,0,1,0,West,2023/2024,CEDAR HEIGHTS AVENUE,REDWOOD DRIVE,,Non-Injury Crash,No,2023,0,East,0,0,1,Hill Road,0,,0,,0,Dark,225804,0,0,0,2,0,0,0,0,1,,0,0,Auckland Region,Nil,2-way,Sealed,0,0,0,0,50,0,On,0,0,,76,Auckland,Nil,0,0,0,0,0,0,Urban,1,0,0,Fine,Null
1771041.8291,5899182.2588,901357,,523911,0,,0,0,,Null,2025/2026,MANUROA ROAD,TAKANINI SCHOOL ROAD,,Non-Injury Crash,No,2025,,East,,0,,Null,,,,,,Overcast,766800,0,0,0,3,,,0,,,,,,Auckland Region,Nil,2-way,Sealed,,0,0,,50,,Null,0,0,,76,Auckland,Traffic Signals,,,,,0,0,Urban,2,,,Fine,Null
1767965.8079,5880721.3404,901358,,525921,0,0,0,1,0,West,2023/2024,WEST STREET,PATERSON AVENUE,,Non-Injury Crash,No,2024,0,West,0,0,0,Flat,0,,0,,0,Dark,821002,0,0,0,2,0,0,0,0,1,,0,0,Auckland Region,Nil,2-way,Sealed,0,0,0,0,50,0,Off,0,0,,76,Auckland,Nil,0,0,0,0,0,0,Urban,1,0,0,Fine,Null
1759707.8754,5910180.6346,901359,,524002,0,,0,2,,North,2025/2026,MAHUNGA DRIVE,MIRO ROAD,,Serious Crash,No,2025,,North,,0,,Flat,,,,,,Dark,722400,2,0,0,3,,,0,,,,,,Auckland Region,Nil,2-way,Sealed,,0,1,,50,,Off,0,0,,76,Auckland,Nil,,,,,0,0,Urban,0,,,Fine,Null
1755360.2523,5917755.3263,901361,,517500,0,,1,1,,Null,2025/2026,WALTERS ROAD,SANDRINGHAM ROAD,,Non-Injury Crash,No,2025,,West,,0,,Flat,,,,,,Overcast,531400,0,0,0,2,,,0,,,,,,Auckland Region,Nil,2-way,Sealed,,0,0,,50,,Off,0,0,,76,Auckland,Stop,,,,,0,0,Urban,0,,,Fine,Null