X,Y,OBJECTID,advisorySpeed,areaUnitID,bicycle,bridge,bus,carStationWagon,cliffBank,crashDirectionDescription,crashFinancialYear,crashLocation1,crashLocation2,crashRoadSideRoad,crashSeverity,crashSHDescription,crashYear,debris,directionRoleDescription,ditch,fatalCount,fence,flatHill,guardRail,holiday,houseOrBuilding,intersection,kerb,light,meshblockId,minorInjuryCount,moped,motorcycle,NumberOfLanes,objectThrownOrDropped,otherObject,otherVehicleType,overBank,parkedVehicle,pedestrian,phoneBoxEtc,postOrPole,region,roadCharacter,roadLane,roadSurface,roadworks,schoolBus,seriousInjuryCount,slipOrFlood,speedLimit,strayAnimal,streetLight,suv,taxi,temporarySpeedLimit,tlaId,tlaName,trafficControl,trafficIsland,trafficSign,train,tree,truck,unknownVehicleType,urban,vanOrUtility,vehicle,waterRiver,weatherA,weatherB
1761450.7391,5907166.1613,901364,,524520,0,0,0,1,0,South,2023/2024,ASHLEY AVENUE,MERVAN STREET,,Non-Injury Crash,No,2023,0,South,0,0,0,Flat,0,,0,,0,Overcast,735700,0,0,0,2,0,0,0,0,0,,0,1,Auckland Region,Speed hump,2-way,Sealed,0,0,0,0,50,0,On,0,0,,76,Auckland,Nil,0,0,0,0,0,0,Urban,0,0,0,Fine,Null
1760358.8067,5915762.4734,901371,,516003,0,,0,0,,North,2022/2023,SOUTHERN MOTORWAY,GREEN LANE EAST ON RAMP,,Non-Injury Crash,Yes,2023,,South,,0,,Flat,,,,,,Bright sun,494902,0,0,0,3,,,0,,,,,,Auckland Region,Nil,1-way,Sealed,,0,0,,100,,Null,1,0,,76,Auckland,Nil,,,,,1,0,Open,0,,,Fine,Null
1756110.6049,5929206.7349,901376,,508510,0,0,0,1,0,Null,2024/2025,TRISTRAM AVENUE,FORREST HILL ROAD,,Non-Injury Crash,No,2025,0,East,0,0,0,Flat,0,,0,,0,Dark,195500,0,0,0,2,0,0,0,0,0,,0,0,Auckland Region,Nil,2-way,Sealed,0,0,0,0,50,0,On,0,0,,76,Auckland,Traffic Signals,0,1,0,0,0,0,Urban,0,0,0,Fine,Null
1766990.0173,5903709.2908,901377,,524602,0,0,0,1,0,Null,2024/2025,WIRI STATION ROAD,DRUCES ROAD,,Minor Crash,No,2024,0,South,0,0,1,Flat,0,,0,,1,Dark,780411,2,0,0,1,0,0,0,0,0,,0,1,Auckland Region,Nil,1-way,Sealed,0,0,0,0,50,0,On,0,0,,76,Auckland,Traffic Signals,1,0,0,1,0,0,Urban,0,0,0,Light rain,Null
1753945.0598,5934178.395,901379,,508804,0,,0,1,,Null,2022/2023,EAST COAST ROAD,OAKTREE AVENUE,,Non-Injury Crash,No,2023,,South,,0,,Flat,,,,,,Dark,180613,0,0,1,2,,,0,,,,,,Auckland Region,Nil,2-way,Sealed,,0,0,,50,,Off,0,0,,76,Auckland,Give way,,,,,0,0,Urban,0,,,Light rain,Strong wind
1741888.8407,5918363.6085,901382,,513214,0,0,0,1,0,Null,2024/2025,HETHERINGTON ROAD,KELLETT ROAD,,Non-Injury Crash,No,2025,0,North,0,0,1,Hill Road,0,,0,,0,Dark,238502,0,0,0,2,0,0,0,0,0,,0,0,Auckland Region,Nil,2-way,Sealed,0,0,0,0,50,0,On,0,0,,76,Auckland,Nil,0,0,0,0,0,0,Urban,0,0,0,Fine,Null
1768127.6552,5909926.3081,901383,,523112,0,0,0,2,0,North,2023/2024,ALLENS ROAD,BLACKBURN ROAD,,Serious Crash,No,2024,0,North,0,0,0,Flat,0,,0,,0,Dark,711600,0,0,0,2,0,0,0,0,1,,0,0,Auckland Region,Nil,2-way,Sealed,0,0,1,0,50,0,On,0,0,,76,Auckland,Nil,0,0,0,0,0,0,Urban,0,0,0,Fine,Null
1754610.1404,5930768.0902,901384,,508520,0,,0,4,,South,2025/2026,NORTHERN MOTORWAY,UPPER HARBOUR HWY ON RAMP,,Minor Crash,Yes,2025,,South,,0,,Flat,,,,,,Overcast,191104,1,0,0,4,,,0,,,,,,Auckland Region,Motorway ramp,1-way,Sealed,,0,0,,100,,Off,0,0,,76,Auckland,Nil,,,,,0,0,Open,0,,,Fine,Null
1763554.1568,5914789.5994,901386,,520303,0,0,0,1,0,West,2025/2026,BANKS ROAD,BOAKES ROAD,,Non-Injury Crash,No,2025,0,West,0,0,0,Hill Road,0,,0,,0,Dark,626700,0,0,0,2,0,0,0,0,1,,0,0,Auckland Region,Nil,2-way,Sealed,0,0,0,0,50,0,On,0,0,,76,Auckland,Nil,0,0,0,0,0,0,Urban,1,0,0,Fine,Null
1767334.117,5905073.2567,901387,,524603,0,,0,1,,South,2023/2024,GREAT SOUTH ROAD,RYAN PLACE,,Minor Crash,No,2024,,North,,0,,Flat,,,,,,Twilight,780304,2,0,1,4,,,0,,,,,,Auckland Region,Nil,2-way,Sealed,,0,0,,50,,On,0,0,,76,Auckland,Nil,,,,,0,0,Urban,0,,,Fine,Null
1737045.3205,5932756.1242,901390,45,506653,0,0,0,0,1,East,2024/2025,OLD NORTH ROAD,ARARIMU VALLEY ROAD,,Non-Injury Crash,No,2025,0,East,0,0,0,Flat,0,Queens Birthday,0,,0,Overcast,217000,0,0,1,2,0,0,0,0,0,,0,0,Auckland Region,Nil,2-way,Sealed,0,0,0,0,80,0,None,0,0,,76,Auckland,Nil,0,0,0,0,0,0,Open,0,0,0,Light rain,Null
1745353.1603,5915048.2319,901394,,512903,0,0,0,1,0,North,2025/2026,SEYMOUR ROAD,BENITA PLACE,,Non-Injury Crash,No,2025,0,South,0,0,1,Flat,0,,0,,0,Bright sun,278105,0,0,0,2,0,0,0,0,0,,0,0,Auckland Region,Nil,2-way,Sealed,0,0,0,0,50,0,Off,0,0,,76,Auckland,Nil,0,0,0,0,0,0,Urban,0,0,0,Fine,Null
1756080.8064,5923863.4536,901402,,509800,0,,0,2,,South,2025/2026,NORTHERN MOTORWAY,TOLL PLAZA,,Non-Injury Crash,Yes,2025,,South,,0,,Flat,,,,,,Twilight,361200,0,0,0,5,,,0,,,,,,Auckland Region,Nil,1-way,Sealed,,0,0,,80,,Off,0,0,70,76,Auckland,Nil,,,,,0,0,Open,0,,,Light rain,Null
1763059.041,5903888.2684,901410,,524604,0,0,0,1,0,East,2024/2025,PUHINUI ROAD,PRICES ROAD,,Non-Injury Crash,Yes,2025,0,East,0,0,0,Flat,1,,0,,0,Dark,780902,0,0,0,4,0,0,0,0,0,,0,0,Auckland Region,Nil,2-way,Sealed,0,0,0,0,50,0,On,0,0,,76,Auckland,Nil,0,0,0,0,0,0,Urban,0,0,0,Fine,Null
1747380.7176,5921747.4623,901411,,512202,0,0,0,2,0,West,2023/2024,HEREFORD STREET,ROBY STREET,,Non-Injury Crash,No,2023,0,West,0,0,0,Flat,0,,0,,0,Dark,248800,0,0,0,2,0,0,0,0,1,,0,0,Auckland Region,Nil,2-way,Sealed,0,0,0,0,50,0,On,0,0,,76,Auckland,Nil,0,0,0,0,0,0,Urban,0,0,0,Fine,Null
1745401.3372,5912989.0402,901415,,512906,0,0,0,1,0,South,2022/2023,ADAM SUNDE PLACE,SOLAR ROAD,,Non-Injury Crash,No,2023,0,North,0,0,0,Hill Road,0,,0,,0,Dark,278514,0,0,0,2,0,0,0,0,1,,0,0,Auckland Region,Nil,2-way,Sealed,0,0,0,0,50,0,On,0,0,,76,Auckland,Nil,0,0,0,0,1,0,Urban,0,0,0,Light rain,Null
1757689.1997,5918280.0634,901422,,518101,0,,0,2,,West,2025/2026,SOUTHERN MOTORWAY,MOUNTAIN OBR,,Non-Injury Crash,Yes,2025,,North,,0,,Flat,,,,,,Overcast,543000,0,0,0,5,,,0,,,,,,Auckland Region,Nil,1-way,Sealed,,0,0,,80,,Off,0,0,,76,Auckland,Nil,,,,,0,0,Open,1,,,Heavy rain,Null
1754931.8466,5918928.7864,901425,,515410,0,,0,1,,Null,2024/2025,DRYDEN STREET,PRIME ROAD,,Minor Crash,No,2024,,South,,0,,Flat,,,,,,Overcast,408000,1,0,0,2,,,0,,,,,,Auckland Region,Nil,2-way,Sealed,,0,0,,50,,None,1,0,,76,Auckland,Stop,,,,,0,0,Urban,0,,,Fine,Null
1745473.4684,5920688.4548,901426,,513301,0,,0,1,,Null,2023/2024,LINCOLN ROAD,LINCOLN ROAD OFF RAMP,,Non-Injury Crash,No,2023,,South,,0,,Flat,,,,,,Bright sun,230301,0,0,0,6,,,0,,,,,,Auckland Region,Bridge,2-way,Sealed,,0,0,,50,,Off,0,0,,76,Auckland,Traffic Signals,,,,,0,0,Urban,1,,,Fine,Null
1753431.8419,5876210.4852,901434,,526104,0,,0,2,,Null,2023/2024,KING STREET,QUEEN STREET,,Non-Injury Crash,No,2023,,West,,0,,Flat,,,,,,Bright sun,834800,0,0,0,2,,,0,,,,,,Auckland Region,Nil,2-way,Sealed,,0,0,,50,,Off,0,0,,76,Auckland,Give way,,,,,0,0,Urban,0,,,Fine,Null
1759769.6762,5916188.3074,901436,,516002,0,,0,2,,West,2024/2025,SOUTHERN MOTORWAY,GREEN LANE EAST OFF RAMP,,Minor Crash,Yes,2024,,East,,0,,Flat,,,,,,Bright sun,492000,1,0,0,4,,,0,,,,,,Auckland Region,Nil,1-way,Sealed,,0,0,,100,,Off,0,0,,76,Auckland,Nil,,,,,1,0,Open,0,,,Fine,Null
1770725.0822,5898559.6725,901437,,523920,0,,0,3,,South,2025/2026,GREAT SOUTH ROAD,TAKA STREET,,Non-Injury Crash,No,2025,,North,,0,,Flat,,,,,,Dark,767503,0,0,0,4,,,0,,,,,,Auckland Region,Nil,2-way,Sealed,,0,0,,50,,On,0,0,,76,Auckland,Nil,,,,,0,0,Urban,0,,,Fine,Null
1752320.4328,5931578.4671,901451,,508807,0,0,0,0,0,Null,2023/2024,BUSH ROAD,VOLKNER PLACE,,Non-Injury Crash,No,2024,0,South,0,0,0,Flat,0,,0,,1,Dark,180809,0,0,0,1,0,0,0,0,0,,0,0,Auckland Region,Nil,1-way,Sealed,0,0,0,0,50,0,On,1,0,,76,Auckland,Give way,0,0,0,0,0,0,Urban,0,0,0,Fine,Null
1754153.6885,5913981.565,901456,,518802,0,,0,2,,South,2025/2026,SOUTH-WESTERN MOTORWAY,MAIORO STREET OFF RAMP,,Non-Injury Crash,Yes,2025,,North,,0,,Flat,,,,,,Bright sun,579100,0,0,0,3,,,0,,,,,,Auckland Region,Nil,1-way,Sealed,,0,0,,80,,Off,0,0,,76,Auckland,Nil,,,,,0,0,Open,0,,,Fine,Null
1762448.894,5913191.8216,901461,,520500,0,,0,3,,South,2024/2025,SOUTHERN MOTORWAY,SOUTH-EASTERN HWY ON RAMP,,Minor Crash,Yes,2024,,North,,0,,Flat,,,,,,Bright sun,637200,1,0,0,3,,,0,,,,,,Auckland Region,Motorway ramp,1-way,Sealed,,0,0,,100,,Off,0,0,,76,Auckland,Nil,,,,,0,0,Open,0,,,Fine,Null
1757346.9564,5931090.8671,901463,,507710,0,0,0,0,1,Null,2024/2025,BEACH ROAD,ABERDEEN ROAD,,Non-Injury Crash,No,2025,0,North,0,0,0,Hill Road,0,,0,,0,Overcast,315100,0,0,1,2,0,0,0,0,0,,0,0,Auckland Region,Nil,2-way,Sealed,0,0,0,0,50,0,Off,0,0,,76,Auckland,Nil,0,0,0,0,0,0,Urban,0,0,0,Fine,Null
1759717.6845,5916225.0566,901467,,516002,0,,0,1,,North,2024/2025,SOUTHERN MOTORWAY,GREEN LANE EAST OFF RAMP,,Non-Injury Crash,Yes,2024,,South,,0,,Flat,,,,,,Bright sun,492000,0,0,0,4,,,0,,,,,,Auckland Region,Nil,1-way,Sealed,,0,0,,100,,Off,0,0,,76,Auckland,Nil,,,,,0,0,Open,1,,,Fine,Null
1760493.8156,5915105.767,901468,,519400,0,,0,2,,North,2025/2026,GREAT SOUTH ROAD,GARLAND ROAD,,Non-Injury Crash,No,2026,,North,,0,,Flat,,,,,,Overcast,617400,0,0,0,4,,,0,,,,,,Auckland Region,Nil,2-way,Sealed,,0,0,,50,,Off,0,0,,76,Auckland,Nil,,,,,0,0,Urban,0,,,Heavy rain,Strong wind
1754711.8858,5915685.9531,901470,,517702,0,0,0,1,0,Null,2025/2026,SANDRINGHAM ROAD,KITCHENER ROAD,,Non-Injury Crash,No,2026,0,South,0,0,0,Flat,0,,0,,0,Dark,540900,0,0,0,2,0,0,0,0,0,,0,1,Auckland Region,Nil,2-way,Sealed,0,0,0,0,50,0,On,0,0,,76,Auckland,Give way,0,0,0,0,0,0,Urban,0,0,0,Light rain,Null
1765361.852,5909206.8274,901471,,523402,0,,0,1,,North,2024/2025,SOUTHERN MOTORWAY,HIGHBROOK DRIVE OFF RAMP,,Non-Injury Crash,Yes,2024,,South,,0,,Flat,,,,,,Twilight,696900,0,0,0,4,,,0,,,,,,Auckland Region,Bridge,1-way,Sealed,,0,0,,100,,Off,1,0,,76,Auckland,Nil,,,,,0,0,Open,0,,,Fine,Null
1762422.5241,5913215.6512,901480,,520500,0,,0,1,,Null,2023/2024,SOUTH-EASTERN HWY ON RAMP,SOUTHERN MOTORWAY,,Non-Injury Crash,No,2023,,North,,0,,Hill Road,,,,,,Twilight,637200,0,0,0,2,,,0,,,,,,Auckland Region,Nil,1-way,Sealed,,0,0,,80,,On,1,0,,76,Auckland,Nil,,,,,0,0,Open,0,,,Light rain,None
1753135.3436,5934139.2619,901487,,508704,0,0,0,0,0,South,2024/2025,NORTHERN MOTORWAY,MCCLYMONTS OBR,,Non-Injury Crash,Yes,2025,0,South,0,0,0,Flat,1,,0,,0,Bright sun,179119,0,0,0,3,0,0,0,0,0,,0,0,Auckland Region,Nil,1-way,Sealed,0,0,0,0,100,0,Off,0,0,,76,Auckland,Nil,0,0,0,0,0,0,Open,1,0,0,Fine,Null
1764035.1468,5912500.7147,901489,,520500,0,0,0,1,0,South,2024/2025,MOUNT WELLINGTON HWY ON RAMP,MOUNT WELLINGTON HIGHWAY,,Non-Injury Crash,No,2024,0,South,0,0,0,Flat,0,,0,,0,Dark,637500,0,0,0,2,0,0,0,0,0,1,0,0,Auckland Region,Motorway ramp,1-way,Sealed,0,0,0,0,100,0,On,0,0,,76,Auckland,Nil,0,0,0,1,0,0,Open,0,0,0,Light rain,Null
1763850.0745,5907439.9625,901493,,521902,0,,0,2,,South,2025/2026,HOSPITAL ROAD,HOSPITAL ENT S,,Non-Injury Crash,No,2025,,North,,0,,Flat,,,,,,Overcast,786500,0,0,0,2,,,0,,,,,,Auckland Region,Nil,2-way,Sealed,,0,0,,20,,Off,0,0,,76,Auckland,Nil,,,,,0,0,Urban,0,,,Fine,Null
1754228.1619,5919071.8656,901494,,515431,0,0,0,1,0,West,2023/2024,STANMORE ROAD,CASTLE STREET,,Non-Injury Crash,No,2024,0,West,0,0,0,Null,0,,0,,0,Unknown,403100,0,0,0,2,0,0,0,0,1,,0,0,Auckland Region,Nil,2-way,Null,0,0,0,0,50,0,Null,0,0,,76,Auckland,Nil,0,0,0,0,0,0,Urban,0,0,0,Null,Null
1769658.6085,5899607.2987,901507,,523920,0,0,0,0,0,Null,2024/2025,GREAT SOUTH ROAD,TE NAPI DRIVE,,Non-Injury Crash,No,2025,0,South,0,0,0,Flat,0,,0,,1,Bright sun,767922,0,0,0,4,0,0,0,0,0,,0,0,Auckland Region,Nil,2-way,Sealed,0,0,0,0,70,0,Off,0,0,,76,Auckland,Traffic Signals,0,0,0,0,0,0,Urban,1,0,0,Fine,Null
1766867.0944,5907654.6053,901510,,523501,0,,0,1,,West,2023/2024,EAST TAMAKI ROAD,BAIRDS ROAD,,Non-Injury Crash,No,2024,,East,,0,,Flat,,,,,,Bright sun,700700,0,0,0,3,,,0,,,,,,Auckland Region,Nil,1-way,Sealed,,0,0,,50,,Null,1,0,,76,Auckland,Nil,,,,,0,0,Urban,0,,,Fine,Null
1751166.1722,5915486.287,901513,,514401,0,,1,1,,Null,2025/2026,GREAT NORTH ROAD,ROSEBANK ROAD,,Non-Injury Crash,No,2025,,South,,0,,Flat,,,,,,Dark,381802,0,0,0,3,,,0,,,,,,Auckland Region,Nil,2-way,Sealed,,0,0,,50,,On,0,0,,76,Auckland,Traffic Signals,,,,,0,0,Urban,0,,,Fine,Null
1774293.2619,5896553.0177,901519,,525610,0,0,0,0,0,Null,2024/2025,SHEEHAN AVENUE,ROLLERSON STREET,,Non-Injury Crash,No,2025,0,East,0,0,0,Flat,0,,0,,1,Dark,798500,0,0,0,2,0,0,0,0,0,,0,0,Auckland Region,Nil,2-way,Sealed,0,0,0,0,50,0,On,0,0,,76,Auckland,Stop,0,0,0,0,0,0,Urban,1,0,0,Heavy rain,Null
1760002.2756,5913041.4877,901524,,519900,0,,0,2,,Null,2023/2024,NAMATA ROAD,MOUNT SMART ROAD,,Minor Crash,No,2024,,South,,0,,Flat,,,,,,Bright sun,604300,1,0,0,2,,,0,,,,,,Auckland Region,Nil,2-way,Sealed,,0,0,,50,,Off,0,0,,76,Auckland,Stop,,,,,0,0,Urban,0,,,Fine,Null
1772737.1043,5895434.1186,901528,,525520,0,0,0,1,0,Null,2025/2026,GREAT SOUTH ROAD,SETTLEMENT ROAD,,Minor Crash,No,2026,0,South,0,0,0,Flat,0,,0,,0,Dark,801700,1,0,0,5,0,0,0,0,0,,1,0,Auckland Region,Nil,2-way,Sealed,0,0,0,0,50,0,On,0,0,,76,Auckland,Traffic Signals,0,0,0,0,0,0,Urban,0,0,0,Fine,Null
1759516.2666,5910022.8027,901530,,524002,0,,0,2,,South,2022/2023,SOUTH-WESTERN MOTORWAY,RIMU OBR,,Non-Injury Crash,Yes,2023,,North,,0,,Flat,,,,,,Bright sun,722400,0,0,0,4,,,0,,,,,,Auckland Region,Nil,1-way,Sealed,,0,0,,100,,Off,0,0,,76,Auckland,Nil,,,,,0,0,Open,0,,,Fine,Null
1764220.5389,5914964.768,901534,,520303,0,,0,1,,West,2025/2026,ELLERSLIE-PANMURE HIGHWAY,MOUNTAIN ROAD,,Non-Injury Crash,No,2025,,South,,0,,Null,,,,,,Overcast,627500,0,0,0,4,,,0,,,,,,Auckland Region,Nil,2-way,Sealed,,0,0,,50,,Null,1,0,,76,Auckland,Nil,,,,,0,0,Urban,0,,,Hail or Sleet,Null
1774658.0207,5896564.5859,901536,,525610,0,0,0,1,0,Null,2023/2024,SHEEHAN AVENUE,EASTBURN STREET,,Non-Injury Crash,No,2023,0,West,0,0,0,Flat,0,,0,,0,Overcast,798700,0,0,0,2,0,0,0,0,0,,0,0,Auckland Region,Nil,2-way,Sealed,0,0,0,0,50,1,Off,0,0,,76,Auckland,Nil,0,0,0,0,0,0,Urban,0,0,0,Fine,Null
1746595.4499,5926046.7267,901543,,513431,0,,0,2,,West,2024/2025,BRIGHAM CREEK ROAD,HOBSONVILLE ROAD,,Non-Injury Crash,No,2025,,East,,0,,Flat,,,,,,Dark,221802,0,0,0,2,,,0,,,,,,Auckland Region,Nil,2-way,Sealed,,0,0,,50,,On,0,0,,76,Auckland,Nil,,,,,0,0,Urban,0,,,Fine,Null
1755228.364,5877457.149,901544,,521152,0,,0,1,,Null,2023/2024,GLENBROOK-WAIUKU ROAD,SHAKESPEARE ROAD,,Minor Crash,No,2023,,South,,0,,Hill Road,,,,,,Overcast,832900,1,0,0,2,,,0,,,,,,Auckland Region,Nil,2-way,Sealed,,0,0,,80,,Off,0,0,,76,Auckland,Give way,,,,,1,0,Open,0,,,Light rain,Null
1765575.1535,5908633.5963,901545,,523403,0,,0,1,,North,2024/2025,SOUTHERN MOTORWAY,HIGHBROOK DRIVE OFF RAMP,,Non-Injury Crash,Yes,2025,,North,,0,,Flat,,,,,,Bright sun,700100,0,0,0,3,,,0,,,,,,Auckland Region,Nil,1-way,Sealed,,0,0,,100,,Off,1,1,,76,Auckland,Nil,,,,,0,0,Open,1,,,Fine,Null
1752838.3463,5918136.202,901546,,515003,0,,0,1,,East,2023/2024,NORTH-WESTERN MOTORWAY,GREAT NORTH ROAD OFF RAMP,,Minor Crash,Yes,2024,,West,,0,,Flat,,,,,,Overcast,390600,1,0,0,4,,,0,,,,,,Auckland Region,Nil,1-way,Sealed,,0,0,,100,,Off,0,0,,76,Auckland,Nil,,,,,1,0,Open,0,,,Fine,Null
1761439.895,5914820.4028,901547,,520202,0,0,0,1,0,West,2025/2026,MAIN HIGHWAY,AMY STREET,,Minor Crash,No,2025,0,East,0,0,0,Flat,0,,0,,0,Dark,612000,1,0,0,2,0,0,0,0,1,,0,0,Auckland Region,Nil,2-way,Sealed,0,0,0,0,50,0,On,1,0,,76,Auckland,Nil,0,0,0,0,0,0,Urban,0,0,0,Fine,Null
1755980.627,5926791.1175,901549,,508620,0,,0,1,,Null,2024/2025,NORTHCOTE ROAD,AKORANGA DRIVE,,Non-Injury Crash,No,2025,,South,,0,,Null,,,,,,Bright sun,204702,0,0,1,5,,,0,,,,,,Auckland Region,Nil,2-way,Sealed,,0,0,,50,,Null,0,0,,76,Auckland,Traffic Signals,,,,,0,0,Urban,0,,,Fine,Null
1770313.8346,5909760.9578,901550,,523109,0,0,0,1,0,Null,2023/2024,CHAPEL ROAD,SMALES ROAD,,Minor Crash,No,2024,0,South,0,0,1,Flat,0,,0,,1,Bright sun,712013,1,0,0,5,0,0,0,0,0,,0,0,Auckland Region,Nil,2-way,Sealed,0,0,0,0,60,0,Off,0,0,,76,Auckland,Traffic Signals,0,0,0,0,0,0,Urban,0,0,0,Fine,Null
1771330.4297,5906993.9509,901552,,523713,0,,0,1,,Null,2023/2024,MURPHYS ROAD,Ormiston Road ,,Non-Injury Crash,No,2023,,South,,0,,Flat,,,,,,Bright sun,712600,0,0,0,5,,,0,,,,,,Auckland Region,Nil,2-way,Sealed,,0,0,,60,,Off,0,0,,76,Auckland,Traffic Signals,,,,,1,0,Urban,0,,,Fine,Null
1758761.5813,5911750.2808,901560,,519810,0,,0,2,,Null,2023/2024,GLOUCESTER PARK ROAD,GLOUCESTER PARK ROAD ON RAMP,,Minor Crash,No,2023,,South,,0,,Flat,,Labour Weekend,,,,Bright sun,602200,1,0,0,3,,,0,,,,,,Auckland Region,Motorway ramp,2-way,Sealed,,0,0,,50,,Off,0,0,,76,Auckland,Traffic Signals,,,,,0,0,Urban,0,,,Fine,Null
1759918.989,5906268.1767,901564,,524111,0,,0,2,,East,2022/2023,MASSEY ROAD,PLUMLEY CRESCENT,,Non-Injury Crash,No,2023,,West,,0,,Null,,,,,,Unknown,740300,0,0,0,2,,,0,,,,,,Auckland Region,Nil,2-way,Sealed,,0,0,,60,,Null,0,0,,76,Auckland,Nil,,,,,0,0,Urban,0,,,Null,Null
1745317.0104,5920058.5457,901565,,513301,0,,0,1,,South,2024/2025,LINCOLN ROAD,DAYTONA ROAD,,Non-Injury Crash,No,2025,,North,,0,,Null,,,,,,Bright sun,231900,0,0,0,4,,,0,,,,,,Auckland Region,Nil,2-way,Sealed,,0,0,,50,,Null,0,0,,76,Auckland,Nil,,,,,0,0,Urban,1,,,Fine,Null
1755158.7941,5937672.833,901567,25,506903,0,0,0,0,0,South,2024/2025,GLENVAR ROAD,ASHLEY AVENUE,,Non-Injury Crash,No,2025,0,North,0,0,1,Hill Road,0,,0,,0,Twilight,166901,0,0,0,2,0,0,0,0,0,,0,0,Auckland Region,Nil,2-way,Sealed,0,0,0,0,40,0,On,1,0,30,76,Auckland,Nil,0,0,0,0,0,0,Urban,0,0,0,Fine,Null
1745271.6092,5919719.0092,901568,,513301,0,0,0,4,0,Null,2023/2024,OFF ROAD - CAR PARK,,,Minor Crash,No,2023,0,North,0,0,0,Flat,0,,0,,0,Bright sun,232001,1,0,0,,0,0,0,0,1,,0,0,Auckland Region,Nil,Off road,Sealed,0,0,0,0,,0,Off,0,0,,76,Auckland,Nil,0,0,0,0,0,0,Urban,0,0,0,Fine,Null
1754672.8751,5912515.7511,901569,,519002,0,,0,1,,East,2024/2025,RICHARDSON ROAD,DOMINION ROAD EXTENSION,,Non-Injury Crash,No,2025,,North,,0,,Null,,,,,,Bright sun,589400,0,0,0,2,,,0,,,,,,Auckland Region,Nil,2-way,Sealed,,0,0,,50,,Null,1,0,,76,Auckland,Nil,,,,,0,0,Urban,0,,,Fine,Null
1770564.0085,5901926.5924,901571,,523814,0,0,0,2,0,West,2025/2026,STRATFORD ROAD,RATHMAR DRIVE,,Non-Injury Crash,No,2025,0,South,0,0,0,Flat,0,,0,,0,Dark,759504,0,0,0,2,0,0,0,0,1,,0,0,Auckland Region,Nil,2-way,Sealed,0,0,0,0,50,0,On,0,0,,76,Auckland,Nil,0,0,0,0,0,0,Urban,0,0,0,Fine,Null
1758945.6378,5904621.8274,901573,,524200,0,0,0,1,0,Null,2025/2026,GEORGE BOLT MEMORIAL DRIVE,LANDING DRIVE,,Non-Injury Crash,No,2025,0,North,0,0,0,Flat,0,,0,,0,Dark,727000,0,0,0,7,0,0,0,1,0,,0,0,Auckland Region,Nil,2-way,Sealed,0,0,0,0,60,0,On,0,0,,76,Auckland,Traffic Signals,0,0,0,0,0,0,Urban,0,0,0,Fine,Null
1767859.2967,5903520.9681,901575,,524602,0,0,0,2,0,South,2022/2023,GREAT SOUTH ROAD,GREAT SOUTH ROAD OFF RAMP,,Non-Injury Crash,No,2023,0,North,0,0,1,Flat,0,,0,,0,Dark,780506,0,0,0,4,0,0,0,0,1,,0,0,Auckland Region,Nil,2-way,Sealed,0,0,0,0,60,0,On,0,0,,76,Auckland,Nil,0,0,0,0,0,0,Urban,0,0,0,Fine,Null
1763518.3516,5909083.3403,901576,,521901,0,0,0,1,0,North,2025/2026,WALMSLEY ROAD,NIKAU ROAD,,Non-Injury Crash,No,2025,0,South,0,0,2,Flat,0,,0,,0,Bright sun,783400,0,0,0,4,0,0,0,0,0,,0,0,Auckland Region,Nil,2-way,Sealed,0,0,0,0,50,0,Off,0,0,,76,Auckland,Nil,0,0,0,0,0,0,Urban,0,0,0,Fine,Null
1754792.3946,5931727.496,901580,,508805,0,,0,2,,West,2024/2025,CONSTELLATION DRIVE,ASCENSION PLACE,,Non-Injury Crash,No,2025,,East,,0,,Flat,,,,,,Bright sun,180826,0,0,0,2,,,0,,,,,,Auckland Region,Nil,2-way,Sealed,,0,0,,50,,Off,0,1,,76,Auckland,Nil,,,,,0,0,Urban,1,,,Fine,Null
1767548.2711,5904778.3929,901581,,524604,1,,0,1,,North,2024/2025,GREAT SOUTH ROAD,BAKERFIELD PLACE,,Minor Crash,No,2025,,South,,0,,Flat,,,,,,Bright sun,780302,1,0,0,2,,,0,,,,,,Auckland Region,Nil,2-way,Sealed,,0,0,,50,,Off,0,0,,76,Auckland,Nil,,,,,0,0,Urban,0,,,Fine,Null
1765004.4502,5904805.8324,901584,,522100,0,,0,2,,Null,2024/2025,KENDERDINE ROAD,BRIDGE STREET,,Non-Injury Crash,No,2025,,South,,0,,Flat,,,,,,Dark,659701,0,0,0,2,,,0,,,,,,Auckland Region,Nil,2-way,Sealed,,0,0,,50,,On,0,0,,76,Auckland,Stop,,,,,0,0,Urban,0,,,Null,Null
1754544.8282,5923966.5549,901595,,510500,0,0,0,2,0,North,2024/2025,HINEMOA STREET,BRASSEY ROAD,,Non-Injury Crash,No,2024,0,South,0,0,0,Flat,0,,0,,0,Overcast,358100,0,0,0,2,0,0,0,0,1,,0,0,Auckland Region,Nil,2-way,Sealed,0,0,0,0,50,0,Off,0,0,,76,Auckland,Nil,0,0,0,0,0,0,Urban,0,0,0,Fine,Null
1749887.9513,5949387.712,901604,,505805,0,,0,2,,East,2023/2024,GRAND DRIVE,FLAVELL DRIVE,,Minor Crash,No,2023,,East,,0,,Flat,,,,,,Overcast,176413,1,0,0,2,,,0,,,,,,Auckland Region,Nil,2-way,Sealed,,0,0,,50,,Off,0,0,,76,Auckland,Nil,,,,,0,0,Urban,0,,,Fine,Null