X,Y,OBJECTID,advisorySpeed,areaUnitID,bicycle,bridge,bus,carStationWagon,cliffBank,crashDirectionDescription,crashFinancialYear,crashLocation1,crashLocation2,crashRoadSideRoad,crashSeverity,crashSHDescription,crashYear,debris,directionRoleDescription,ditch,fatalCount,fence,flatHill,guardRail,holiday,houseOrBuilding,intersection,kerb,light,meshblockId,minorInjuryCount,moped,motorcycle,NumberOfLanes,objectThrownOrDropped,otherObject,otherVehicleType,overBank,parkedVehicle,pedestrian,phoneBoxEtc,postOrPole,region,roadCharacter,roadLane,roadSurface,roadworks,schoolBus,seriousInjuryCount,slipOrFlood,speedLimit,strayAnimal,streetLight,suv,taxi,temporarySpeedLimit,tlaId,tlaName,trafficControl,trafficIsland,trafficSign,train,tree,truck,unknownVehicleType,urban,vanOrUtility,vehicle,waterRiver,weatherA,weatherB
1754680.4433,5925736.4738,901605,,508610,0,0,0,1,0,West,2025/2026,PUPUKE ROAD,LYDIA AVENUE,,Non-Injury Crash,No,2026,0,East,0,0,0,Hill Road,0,,0,,0,Bright sun,207800,0,0,0,2,0,0,0,0,1,,0,0,Auckland Region,Nil,2-way,Sealed,0,0,0,0,50,0,Off,0,0,,76,Auckland,Nil,0,0,0,0,0,0,Urban,1,0,0,Fine,Null
1756319.9655,5927330.2099,901608,,507900,0,,0,1,,South,2024/2025,NORTHERN MOTORWAY,NORTHCOTE ROAD ON RAMP,,Non-Injury Crash,Yes,2025,,North,,0,,Flat,,,,,,Dark,305201,0,0,0,3,,,0,,,,,,Auckland Region,Nil,1-way,Sealed,,0,0,,100,,On,0,0,,76,Auckland,Nil,,,,,0,0,Open,1,,,Light rain,Null
1755057.4876,5918276.8041,901610,,517500,0,,0,2,,East,2024/2025,NORTH-WESTERN MOTORWAY,MOUNTAIN VIEW OBR,,Non-Injury Crash,Yes,2025,,West,,0,,Flat,,,,,,Dark,529900,0,0,0,4,,,0,,,,,,Auckland Region,Nil,1-way,Sealed,,0,0,,80,,On,0,0,,76,Auckland,Nil,,,,,0,0,Open,0,,,Fine,Null
1760103.9389,5908137.7816,901614,,524403,0,0,0,1,0,South,2024/2025,SOUTH-WESTERN MOTORWAY,HALL FTBR,,Non-Injury Crash,Yes,2025,0,South,0,0,0,Flat,1,,0,,0,Overcast,731104,0,0,0,2,0,0,0,0,0,,0,0,Auckland Region,Nil,1-way,Sealed,0,0,0,0,100,0,Off,0,0,,76,Auckland,Nil,0,0,0,0,1,0,Open,0,0,0,Fine,Null
1745736.6419,5924988.1299,901621,,513431,0,,0,1,,South,2023/2024,HOBSONVILLE ROAD,MARINA VIEW DRIVE,,Non-Injury Crash,No,2023,,North,,0,,Flat,,,,,,Bright sun,223802,0,0,0,2,,,0,,,,,,Auckland Region,Nil,2-way,Sealed,,0,0,,50,,Off,0,0,,76,Auckland,Nil,,,,,0,1,Urban,0,,,Fine,Null
1755286.0994,5929666.904,901622,,508420,0,,0,2,,North,2024/2025,NORTHERN MOTORWAY,TRISTRAM AVENUE ON RAMP,,Minor Crash,Yes,2025,,North,,0,,Flat,,,,,,Bright sun,183800,2,0,0,3,,,0,,,,,,Auckland Region,Nil,1-way,Sealed,,0,0,,100,,Off,0,0,,76,Auckland,Nil,,,,,0,0,Open,0,,,Fine,Null
1756136.6431,5924521.4237,901625,,509702,0,0,0,0,0,Null,2023/2024,ONEWA ROAD OFF RAMP,ONEWA ROAD,,Minor Crash,No,2024,0,West,0,0,0,Hill Road,1,,0,,0,Dark,366700,1,0,0,1,0,0,0,0,0,,0,0,Auckland Region,Nil,1-way,Sealed,0,0,0,0,50,0,On,1,0,,76,Auckland,Nil,1,0,0,0,0,0,Urban,1,0,0,Fine,Null
1762739.009,5917271.8386,901631,,516302,0,,0,0,,Null,2023/2024,ST JOHNS ROAD,MEADOWBANK ROAD,,Non-Injury Crash,No,2023,,West,,0,,Flat,,,,,,Overcast,462900,0,0,0,4,,,0,,,,,,Auckland Region,Nil,2-way,Sealed,,0,0,,50,,On,1,0,,76,Auckland,Traffic Signals,,,,,0,0,Urban,1,,,Light rain,Null
1764718.2957,5906491.0157,901633,,522201,0,0,0,1,0,Null,2023/2024,SHIRLEY ROAD,CORONATION ROAD,,Non-Injury Crash,No,2023,0,South,0,0,1,Flat,0,,0,,0,Dark,661800,0,0,0,2,0,0,0,0,0,,0,0,Auckland Region,Nil,2-way,Sealed,0,0,0,0,50,0,On,0,0,,76,Auckland,Give way,0,0,0,0,0,0,Urban,0,0,0,Fine,Null
1750497.9815,5929229.4199,901645,,509100,0,,0,1,,North,2022/2023,UPPER HARBOUR MOTORWAY,GREENHITHE OBR,,Non-Injury Crash,Yes,2023,,South,,0,,Flat,,,,,,Dark,181107,0,0,0,2,,,0,,,,,,Auckland Region,Nil,1-way,Sealed,,0,0,,100,,On,1,0,,76,Auckland,Nil,,,,,0,0,Open,0,,,Fine,Null
1766182.3805,5907575.6562,901646,,522301,0,,0,2,,South,2024/2025,SOUTHERN MOTORWAY,EAST TAMAKI ROAD OFF RAMP,,Non-Injury Crash,Yes,2025,,North,,0,,Flat,,,,,,Overcast,666700,0,0,0,3,,,0,,,,,,Auckland Region,Nil,1-way,Sealed,,0,0,,100,,Off,0,0,,76,Auckland,Nil,,,,,0,0,Open,0,,,Fine,Null
1759207.5728,5906614.9946,901650,,524122,0,,0,2,,Null,2024/2025,KIRKBRIDE ROAD,KIRKBRIDE ROAD ON RAMP,,Non-Injury Crash,No,2025,,Null,,0,,Flat,,,,,,Bright sun,739802,0,0,0,1,,,0,,,,,,Auckland Region,Nil,1-way,Sealed,,0,0,,50,,Off,0,0,,76,Auckland,Traffic Signals,,,,,0,0,Urban,0,,,Fine,Null
1752958.9209,5914134.4212,901651,,514500,0,,0,2,,Null,2023/2024,MAIORO STREET,ROSAMUND AVENUE,,Minor Crash,No,2023,,West,,0,,Flat,,,,,,Overcast,376700,1,0,0,4,,,0,,,,,,Auckland Region,Nil,2-way,Sealed,,0,0,,50,,Off,1,1,,76,Auckland,Stop,,,,,0,0,Urban,0,,,Light rain,Null
1773890.0516,5897010.8417,901653,,525610,0,,0,2,,Null,2023/2024,CLEVEDON ROAD,KELVIN ROAD,,Non-Injury Crash,No,2023,,South,,0,,Flat,,,,,,Overcast,797400,0,0,0,2,,,0,,,,,,Auckland Region,Nil,2-way,Sealed,,0,0,,50,,Off,0,0,,76,Auckland,Give way,,,,,0,0,Urban,0,,,Light rain,Null
1753256.198,5935222.8454,901656,,508703,0,0,0,1,0,Null,2024/2025,OTEHA VALLEY ROAD,MEDALLION DRIVE,,Non-Injury Crash,No,2025,0,North,0,0,0,Flat,0,,0,,0,Bright sun,179201,0,0,0,2,0,0,0,0,0,,0,0,Auckland Region,Nil,1-way,Sealed,0,0,0,0,50,0,Off,0,0,,76,Auckland,Traffic Signals,0,1,0,0,0,0,Urban,0,0,0,Fine,Null
1759510.564,5910276.1657,901666,,524002,0,,0,2,,Null,2025/2026,MAHUNGA DRIVE OFF RAMP,MAHUNGA DRIVE,,Non-Injury Crash,No,2025,,South,,0,,Hill Road,,,,,,Bright sun,722400,0,0,0,2,,,0,,,,,,Auckland Region,Motorway ramp,1-way,Sealed,,0,0,,50,,Off,0,0,,76,Auckland,Traffic Signals,,,,,0,0,Urban,1,,,Fine,Strong wind
1747794.7262,5911264.7817,901668,,511901,0,,0,2,,Null,2025/2026,TITIRANGI ROAD,GODLEY ROAD,,Serious Crash,No,2025,,South,,0,,Flat,,,,,,Twilight,294102,1,0,1,2,,,0,,,,,,Auckland Region,Nil,2-way,Sealed,,0,1,,50,,On,0,0,,76,Auckland,Give way,,,,,0,0,Urban,0,,,Fine,Null
1770396.0148,5911592.4639,901670,,523106,1,,0,0,,Null,2025/2026,BOTANY ROAD,TARNICA ROAD,,Serious Crash,No,2025,,North,,0,,Flat,,,,,,Bright sun,711174,0,0,0,2,,,0,,,,,,Auckland Region,Nil,2-way,Sealed,,0,1,,60,,Off,0,0,,76,Auckland,Traffic Signals,,,,,0,0,Urban,0,,,Fine,Null
1748674.8643,5944767.943,901673,,505806,0,0,0,1,0,Null,2023/2024,NORTHERN MOTORWAY,SILVERDALE ON RAMP,,Non-Injury Crash,Yes,2024,0,South,0,0,0,Flat,1,,0,,0,Dark,176802,0,0,0,2,0,0,0,0,0,,0,0,Auckland Region,Nil,1-way,Sealed,0,0,0,0,100,0,On,0,0,,76,Auckland,Nil,0,0,0,0,0,0,Open,0,0,0,Light rain,Null
1763187.0341,5909170.6191,901674,,524402,0,,0,0,,West,2025/2026,KAKA STREET,TITI STREET,,Non-Injury Crash,No,2025,,West,,0,,Hill Road,,,,,,Bright sun,749800,0,0,0,2,,,0,,,,,,Auckland Region,Bridge,2-way,Sealed,,0,0,,50,,Off,0,0,,76,Auckland,Nil,,,,,2,0,Urban,0,,,Fine,Null
1756691.3304,5915944.8766,901676,,518301,0,,0,1,,East,2025/2026,BALMORAL ROAD,BANK STREET,,Serious Crash,No,2025,,West,,0,,Hill Road,,,,,,Dark,556600,0,0,0,4,,,0,,,1,,,Auckland Region,Nil,2-way,Sealed,,0,1,,50,,On,0,1,,76,Auckland,Nil,,,,,0,0,Urban,0,,,Fine,Null
1765567.5091,5906865.1155,901677,,522201,0,,0,1,,Null,2023/2024,KOLMAR ROAD,MCCAULEY LANE,,Minor Crash,No,2024,,West,,0,,Flat,,,,,,Dark,662400,2,1,0,3,,,0,,,,,,Auckland Region,Nil,2-way,Sealed,,0,0,,50,,On,0,0,,76,Auckland,Give way,,,,,0,0,Urban,0,,,Fine,Null
1764734.227,5905758.8387,901681,,522100,0,,0,0,,West,2022/2023,STATION ROAD,TAVERN LANE,,Non-Injury Crash,No,2023,,West,,0,,Flat,,,,,,Bright sun,657700,0,0,0,4,,,0,,,,,,Auckland Region,Nil,2-way,Sealed,,0,0,,50,,Off,2,0,,76,Auckland,Nil,,,,,0,0,Urban,0,,,Fine,Null
1758008.1104,5914642.0022,901685,,519300,0,0,0,1,0,North,2023/2024,MANUKAU ROAD,PUKENUI ROAD,,Minor Crash,No,2024,0,South,0,0,0,Flat,0,,0,,0,Overcast,624200,1,0,0,2,0,0,0,0,1,,0,0,Auckland Region,Nil,2-way,Sealed,0,0,0,0,50,0,On,0,0,,76,Auckland,Nil,0,0,0,0,0,0,Urban,1,0,0,Light rain,Null
1768660.8396,5882817.3463,901686,,525910,0,,0,1,,South,2025/2026,PAERATA ROAD,LOUGH BOURNE DRIVE,,Minor Crash,No,2025,,North,,0,,Flat,,,,,,Dark,826603,1,0,0,2,,,0,,,,,,Auckland Region,Nil,2-way,Sealed,,0,0,,50,,On,1,0,,76,Auckland,Nil,,,,,0,0,Urban,0,,,Fine,Null
1765656.0336,5908427.9102,901696,,523403,0,,0,3,,South,2024/2025,SOUTHERN MOTORWAY,HIGHBROOK DRIVE OFF RAMP,,Minor Crash,Yes,2025,,North,,0,,Flat,,,,,,Bright sun,696400,2,0,0,3,,,0,,,,,,Auckland Region,Nil,1-way,Sealed,,0,0,,100,,Off,0,0,,76,Auckland,Nil,,,,,0,0,Open,0,,,Fine,Null
1766096.658,5900304.2501,901699,,524822,0,0,0,1,0,North,2025/2026,ROSCOMMON ROAD,SHARLAND AVENUE,,Serious Crash,No,2025,0,North,0,0,0,Flat,0,,0,,0,Dark,774434,0,0,0,2,0,0,0,0,1,,0,0,Auckland Region,Nil,1-way,Sealed,0,0,1,0,50,0,On,0,0,,76,Auckland,Nil,0,0,0,0,1,0,Urban,0,0,0,Light rain,Null
1756249.2762,5944139.9297,901701,,505909,0,,1,2,,Null,2024/2025,WHANGAPARAOA ROAD,STANMORE BAY ROAD,,Non-Injury Crash,No,2025,,South,,0,,Hill Road,,,,,,Dark,174013,0,0,0,2,,,0,,,,,,Auckland Region,Nil,2-way,Sealed,,0,0,,50,,On,0,0,,76,Auckland,Give way,,,,,0,0,Urban,0,,,Light rain,Null
1770157.4918,5915349.4732,901703,,522712,0,,0,1,,Null,2025/2026,MINARET DRIVE,MALVINA PLACE,,Non-Injury Crash,No,2025,,North,,0,,Hill Road,,,,,,Overcast,681000,0,0,0,2,,,0,,,,,,Auckland Region,Nil,2-way,Sealed,,0,0,,50,,Off,1,0,,76,Auckland,Nil,,,,,0,0,Urban,0,,,Light rain,Null
1745290.6488,5917793.7161,901709,,510700,0,,0,2,,North,2025/2026,SEL PEACOCK DRIVE,WADIER PLACE,,Non-Injury Crash,No,2025,,South,,0,,Flat,,Christmas New Year,,,,Bright sun,239806,0,0,0,2,,,0,,,,,,Auckland Region,Nil,2-way,Sealed,,0,0,,50,,Off,0,0,,76,Auckland,Nil,,,,,0,0,Urban,0,,,Fine,Null
1755501.3284,5934290.1048,901711,,507200,0,,0,2,,Null,2023/2024,BROWNS BAY ROAD,BEACH ROAD,,Non-Injury Crash,No,2023,,South,,0,,Flat,,,,,,Overcast,156304,0,0,0,2,,,0,,,,,,Auckland Region,Nil,2-way,Sealed,,0,0,,50,,Off,0,0,,76,Auckland,Give way,,,,,0,0,Urban,0,,,Fine,Null
1771607.8755,5895229.4566,901712,,525530,0,,0,2,,Null,2025/2026,BEACH ROAD,PAPAKURA OFF RAMP,,Non-Injury Crash,No,2025,,East,,0,,Flat,,,,,,Twilight,804901,0,0,0,5,,,0,,,,,,Auckland Region,Motorway ramp,2-way,Sealed,,0,0,,50,,Off,0,0,,76,Auckland,Traffic Signals,,,,,0,0,Urban,0,,,Fine,Null
1756677.9222,5945040.0538,901716,,505902,0,0,0,1,1,East,2025/2026,MORETON DRIVE,MONYASH ROAD,,Non-Injury Crash,No,2025,0,South,0,0,0,Hill Road,0,,0,,0,Twilight,174107,0,0,0,2,0,0,0,0,0,,0,0,Auckland Region,Nil,2-way,Sealed,0,0,0,0,50,0,None,0,0,,76,Auckland,Nil,0,0,0,1,0,0,Urban,0,0,0,Fine,Null
1752435.8341,5917604.2975,901720,,515003,0,0,0,1,0,Null,2024/2025,SEGAR AVENUE,CARRINGTON ROAD,,Non-Injury Crash,No,2024,0,West,0,0,0,Flat,0,,0,,0,Overcast,391000,0,0,0,2,0,0,0,0,0,,0,1,Auckland Region,Nil,2-way,Sealed,0,0,0,0,50,0,Off,0,0,,76,Auckland,Give way,0,0,0,0,0,0,Urban,0,0,0,Fine,Null
1744542.7377,5944450.0819,901724,,506614,0,0,0,1,0,South,2025/2026,KAHIKATEA FLAT ROAD,PINE VALLEY ROAD,,Non-Injury Crash,No,2025,0,South,0,0,0,Flat,0,,0,,0,Overcast,177801,0,0,0,2,0,0,0,0,0,,0,0,Auckland Region,Nil,2-way,Sealed,0,0,0,0,80,0,None,0,0,,76,Auckland,Nil,0,0,0,1,0,0,Open,0,0,0,Light rain,Null
1768360.6768,5904446.5874,901726,,523820,0,,1,1,,Null,2025/2026,REDOUBT ROAD,DIORELLA DRIVE,,Non-Injury Crash,No,2026,,East,,0,,Flat,,,,,,Overcast,759901,0,0,0,3,,,0,,,,,,Auckland Region,Nil,2-way,Sealed,,0,0,,50,,Off,0,0,,76,Auckland,Give way,,,,,0,0,Urban,0,,,Fine,Null
1755869.4818,5919520.4061,901727,,514000,0,,0,2,,South,2023/2024,PONSONBY ROAD,POLLEN STREET,,Non-Injury Crash,No,2023,,North,,0,,Flat,,,,,,Dark,414500,0,0,0,4,,,0,,,,,,Auckland Region,Nil,2-way,Sealed,,0,0,,40,,On,0,1,,76,Auckland,Nil,,,,,0,0,Urban,0,,,Fine,Null
1760644.5741,5914889.9483,901734,,519400,0,,0,1,,Null,2025/2026,WAIOHUA ROAD,GREAT SOUTH ROAD,,Minor Crash,No,2025,,North,,0,,Flat,,,,,,Bright sun,619600,1,0,0,2,,,0,,,1,,,Auckland Region,Nil,2-way,Sealed,,0,0,,50,,Null,0,0,,76,Auckland,Give way,,,,,0,0,Urban,0,,,Fine,Null
1783677.2754,5915054.1988,901742,,523300,0,0,0,1,1,West,2023/2024,MARAETAI COAST ROAD,NORTH ROAD,,Non-Injury Crash,No,2024,0,North,0,0,0,Flat,0,Easter,0,,0,Dark,720200,0,0,0,2,0,0,0,0,0,,0,0,Auckland Region,Nil,2-way,Sealed,0,0,0,0,50,0,None,0,0,,76,Auckland,Nil,0,0,0,0,0,0,Urban,0,0,0,Fine,Null
1743663.7163,5919369.5544,901746,,513212,0,,0,1,,Null,2023/2024,SWANSON ROAD,DON BUCK ROAD,,Non-Injury Crash,No,2024,,North,,0,,Flat,,,,,,Bright sun,235711,0,0,0,2,,,0,,,,,,Auckland Region,Nil,1-way,Sealed,,0,0,,50,,Off,0,0,,76,Auckland,Give way,,,,,1,0,Urban,0,,,Fine,Null
1741393.5604,5918880.2656,901749,,513101,0,0,0,2,0,East,2024/2025,SWANSON ROAD,O'NEILLS ROAD,,Non-Injury Crash,No,2025,0,East,0,0,0,Flat,0,,0,,0,Overcast,238002,0,0,0,2,0,0,0,0,0,,0,1,Auckland Region,Nil,2-way,Sealed,0,0,0,0,50,0,Off,0,0,,76,Auckland,Nil,0,0,0,0,0,0,Urban,0,0,0,Light rain,Null
1767498.2802,5904565.6523,901750,,524604,0,,0,2,,South,2023/2024,LEYTON WAY,RONWOOD AVENUE,,Non-Injury Crash,No,2024,,South,,0,,Flat,,,,,,Overcast,780204,0,0,0,2,,,0,,,,,,Auckland Region,Nil,2-way,Sealed,,0,0,,50,,Off,0,0,,76,Auckland,Nil,,,,,0,0,Urban,0,,,Fine,Null
1755472.8172,5926645.104,901753,,509701,0,0,0,2,0,South,2025/2026,HILLCREST AVENUE,SYLVIA ROAD,,Non-Injury Crash,No,2025,0,South,0,0,0,Flat,0,,0,,0,Overcast,363902,0,0,0,2,0,0,0,0,1,,0,0,Auckland Region,Nil,2-way,Sealed,0,0,0,0,50,0,Off,0,0,,76,Auckland,Nil,0,0,0,0,0,0,Urban,0,0,0,Fine,Null
1765144.2207,5909788.6164,901755,,521803,0,0,0,3,0,South,2024/2025,SOUTHERN MOTORWAY,TRENWITH OBR,,Non-Injury Crash,Yes,2025,0,South,0,0,0,Flat,1,,0,,0,Bright sun,788300,0,0,0,4,0,0,0,0,0,,0,0,Auckland Region,Nil,1-way,Sealed,0,0,0,0,100,0,Off,0,0,,76,Auckland,Nil,0,0,0,0,1,0,Open,0,0,0,Fine,Null
1754797.8575,5918312.3206,901763,,517600,0,,0,1,,East,2025/2026,NORTH-WESTERN MOTORWAY,MOUNTAIN VIEW OBR,,Minor Crash,Yes,2025,,West,,0,,Flat,,,,,,Dark,533502,1,0,0,3,,,0,,,,,,Auckland Region,Nil,1-way,Sealed,,0,0,,80,,On,0,0,,76,Auckland,Nil,,,,,0,0,Open,1,,,Fine,Null
1745457.463,5920659.0046,901765,,513301,0,,1,1,,Null,2024/2025,LINCOLN ROAD,LINCOLN ROAD OFF RAMP,,Non-Injury Crash,No,2025,,North,,0,,Flat,,,,,,Dark,231700,0,0,0,4,,,0,,,,,,Auckland Region,Overpass,2-way,Sealed,,0,0,,50,,On,0,0,,76,Auckland,Traffic Signals,,,,,0,0,Urban,0,,,Light rain,Null
1754709.6723,5926556.3846,901766,35,508610,0,0,0,3,0,North,2023/2024,EBAN AVENUE,WELLAND PLACE,,Non-Injury Crash,No,2023,0,North,0,0,0,Hill Road,0,,0,,0,Dark,205801,0,0,0,2,0,0,0,0,1,,0,0,Auckland Region,Nil,2-way,Sealed,0,0,0,0,50,0,On,0,0,,76,Auckland,Nil,0,0,0,0,0,0,Urban,0,0,0,Light rain,Null
1746359.4784,5921817.8136,901771,,512201,0,0,0,1,0,North,2024/2025,MATIPO ROAD,TAIKATA ROAD,,Non-Injury Crash,No,2025,0,South,0,0,0,Flat,0,Easter,0,,0,Dark,247200,0,0,0,2,0,0,0,0,1,,0,0,Auckland Region,Nil,2-way,Sealed,0,0,0,0,50,0,On,0,0,,76,Auckland,Nil,0,0,0,0,0,0,Urban,1,0,0,Light rain,Strong wind
1742869.6641,5926615.7831,901772,,513410,0,,0,2,,East,2022/2023,BRIGHAM CREEK ROAD,SH 16,,Non-Injury Crash,No,2023,,West,,0,,Flat,,,,,,Dark,220000,0,0,0,2,,,0,,,,,,Auckland Region,Nil,2-way,Sealed,,0,0,,80,,None,0,0,,76,Auckland,Nil,,,,,0,0,Open,1,,,Fine,Null
1756346.8002,5919047.8641,901775,,515500,0,,0,2,,Null,2025/2026,NEWTON ROAD,NEWTON ROAD OFF RAMP,,Non-Injury Crash,No,2025,,North,,0,,Null,,,,,,Overcast,417600,0,0,0,4,,,0,,,,,,Auckland Region,Nil,2-way,Sealed,,0,0,,50,,Null,0,0,,76,Auckland,Traffic Signals,,,,,0,0,Urban,0,,,Light rain,Null
1755708.3269,5920588.9391,901779,,514000,0,0,0,1,0,Null,2025/2026,COLLEGE HILL,NEW STREET,,Non-Injury Crash,No,2025,0,East,0,0,0,Hill Road,0,,0,,0,Bright sun,415400,0,0,0,4,0,0,0,0,1,,0,0,Auckland Region,Nil,2-way,Sealed,0,0,0,0,50,0,Off,0,0,,76,Auckland,Give way,0,0,0,0,0,0,Urban,1,0,0,Fine,Null
1761424.8318,5912273.6855,901787,,519500,0,,0,1,,North,2024/2025,NEILSON STREET,RAILFREIGHT ENT,,Non-Injury Crash,No,2025,,West,,0,,Hill Road,,,,,,Dark,622400,0,0,0,2,,,0,,,,,,Auckland Region,Nil,2-way,Sealed,,0,0,,50,,On,0,0,,76,Auckland,Nil,,,,,1,0,Urban,0,,,Fine,Null
1762976.1505,5912917.6679,901793,,520402,0,,0,2,,West,2025/2026,SOUTHERN MOTORWAY,SOUTH-EASTERN HWY OFF RAMP,,Non-Injury Crash,Yes,2025,,East,,0,,Flat,,,,,,Bright sun,642500,0,0,0,3,,,0,,,,,,Auckland Region,Nil,1-way,Sealed,,0,0,,100,,Off,0,0,,76,Auckland,Nil,,,,,0,0,Open,0,,,Fine,Null
1755159.4617,5930020.925,901794,,508420,0,,0,1,,South,2023/2024,NORTHERN MOTORWAY,SUNNYNOOK OBR,,Non-Injury Crash,Yes,2024,,North,,0,,Flat,,,,,,Bright sun,183800,0,0,0,3,,,0,,,,,,Auckland Region,Nil,1-way,Sealed,,0,0,,100,,Off,0,0,,76,Auckland,Nil,,,,,1,0,Open,0,,,Fine,Null
1743491.4162,5919580.1831,901799,,513212,0,,0,1,,Null,2025/2026,DON BUCK ROAD,GLEN ROAD,,Non-Injury Crash,No,2025,,North,,0,,Flat,,,,,,Overcast,235400,0,0,1,2,,,0,,,,,,Auckland Region,Nil,2-way,Sealed,,0,0,,50,,Off,0,0,,76,Auckland,Give way,,,,,0,0,Urban,0,,,Fine,Null
1750262.2215,5915500.3846,901806,,514802,1,,0,1,,Null,2023/2024,WAIRAU AVENUE,CANAL ROAD,,Minor Crash,No,2024,,South,,0,,Flat,,,,,,Overcast,387100,1,0,0,2,,,0,,,,,,Auckland Region,Nil,2-way,Sealed,,0,0,,30,,Off,0,0,,76,Auckland,Stop,,,,,0,0,Urban,0,,,Fine,Null
1765954.9751,5906426.3058,901807,,522202,0,,0,2,,Null,2025/2026,GREAT SOUTH ROAD,TUI ROAD,,Non-Injury Crash,No,2025,,South,,0,,Flat,,,,,,Bright sun,663900,0,0,0,5,,,0,,,,,,Auckland Region,Nil,2-way,Sealed,,0,0,,50,,Off,0,0,,76,Auckland,Traffic Signals,,,,,0,0,Urban,0,,,Fine,Null
1731947.1079,5937101.3648,901808,,506653,0,0,0,0,1,North,2024/2025,OLD NORTH ROAD,KIWITAHI ROAD,,Minor Crash,No,2024,0,South,0,0,0,Flat,0,,0,,0,Bright sun,217701,1,0,0,2,0,0,0,0,0,,0,0,Auckland Region,Nil,2-way,Sealed,0,0,0,0,80,0,None,0,0,,76,Auckland,Nil,0,0,0,0,0,0,Open,1,0,0,Fine,Null
1747327.1946,5935702.1122,901816,55,506653,0,0,0,1,0,South,2023/2024,COATESVILLE-RIVERHEAD HIGHWAY,SCREEN ROAD,,Non-Injury Crash,No,2023,0,South,1,0,1,Hill Road,0,,0,,0,Dark,217210,0,0,0,2,0,0,0,0,0,,0,0,Auckland Region,Nil,2-way,Sealed,0,0,0,0,60,0,None,0,0,,76,Auckland,Nil,0,0,0,0,0,0,Urban,0,0,0,Fine,Null
1755560.0797,5944265.2311,901818,,505908,0,0,0,6,0,North,2024/2025,WHANGAPARAOA ROAD,KAREPIRO DRIVE,,Minor Crash,No,2025,0,South,0,0,0,Hill Road,0,,0,,0,Overcast,173605,1,0,0,2,0,0,0,0,5,,0,0,Auckland Region,Nil,2-way,Sealed,0,0,0,0,50,0,Off,0,0,,76,Auckland,Nil,0,0,0,0,0,0,Urban,0,0,0,Fine,Null
1765976.8239,5906389.9709,901825,45,522202,0,,0,2,,Null,2022/2023,GREAT SOUTH ROAD,ST GEORGE STREET,,Non-Injury Crash,No,2023,,North,,0,,Flat,,,,,,Bright sun,665101,0,0,0,2,,,0,,,,,,Auckland Region,Nil,2-way,Sealed,,0,0,,50,,Off,0,0,,76,Auckland,Traffic Signals,,,,,0,0,Urban,0,,,Fine,None
1761213.9087,5911933.1993,901828,,519500,0,,0,2,,East,2024/2025,NEILSON STREET,EDINBURGH STREET,,Minor Crash,No,2025,,North,,0,,Flat,,,,,,Bright sun,622400,1,0,0,2,,,0,,,,,,Auckland Region,Nil,2-way,Sealed,,0,0,,50,,Off,0,0,40,76,Auckland,Nil,,,,,0,0,Urban,0,,,Fine,Null
1755851.0341,5911794.4274,901830,,519002,0,0,0,1,0,South,2024/2025,HILLSBOROUGH ROAD,ALEX BOYD LINK,,Serious Crash,No,2024,0,West,0,0,0,Hill Road,0,,0,,0,Overcast,592300,0,0,0,2,0,0,0,0,0,,0,1,Auckland Region,Nil,2-way,Sealed,0,0,1,0,50,0,On,0,0,,76,Auckland,Nil,0,0,0,0,0,0,Urban,0,0,0,Fine,Null
1768114.1057,5901918.8181,901835,,525001,0,,0,0,,Null,2025/2026,MAICH ROAD,CLARK STREET,,Serious Crash,No,2025,,South,,0,,Flat,,,,,,Overcast,750700,0,0,0,2,,,0,,,1,,,Auckland Region,Speed hump,2-way,Sealed,,0,1,,30,,Off,0,0,,76,Auckland,Nil,,,,,0,0,Urban,1,,,Fine,Null
1767437.5119,5898813.5226,901836,,524812,0,0,0,1,0,South,2024/2025,SYKES ROAD,RAMWALL PLACE,,Minor Crash,No,2024,0,South,0,0,0,Hill Road,0,Christmas New Year,0,,0,Bright sun,774104,1,0,0,2,0,0,0,0,0,,0,0,Auckland Region,Nil,2-way,Unsealed,0,0,0,0,50,0,None,0,0,20,76,Auckland,Nil,0,0,0,0,0,0,Urban,0,0,1,Fine,Null
1758184.4321,5886774.016,901839,55,521122,0,0,0,0,0,East,2025/2026,WAIAU PA ROAD,WHITECLIFFS DRIVE,,Minor Crash,No,2025,0,North,0,0,1,Flat,0,Christmas New Year,0,,0,Overcast,810800,1,0,0,2,0,0,0,0,0,,0,1,Auckland Region,Nil,2-way,Sealed,0,0,0,0,80,0,Off,0,0,50,76,Auckland,Nil,0,0,0,0,0,0,Open,1,0,0,Light rain,Strong wind
1765116.7416,5907656.4785,901842,,523404,0,,0,2,,Null,2023/2024,GREAT SOUTH ROAD,GRANGE ROAD,,Non-Injury Crash,No,2023,,North,,0,,Flat,,,,,,Overcast,695800,0,0,0,2,,,0,,,,,,Auckland Region,Nil,2-way,Sealed,,0,0,,50,,Off,0,0,,76,Auckland,Traffic Signals,,,,,0,0,Urban,0,,,Fine,None
1759205.5325,5906592.7928,901843,,524200,0,0,0,2,0,Null,2023/2024,KIRKBRIDE ROAD,KIRKBRIDE ROAD OFF RAMP,,Non-Injury Crash,No,2023,0,North,0,0,0,Flat,0,,0,,0,Twilight,726400,0,0,0,4,1,0,0,0,0,,0,0,Auckland Region,Nil,2-way,Sealed,0,0,0,0,60,0,On,0,0,,76,Auckland,Traffic Signals,0,1,0,0,0,0,Urban,0,0,0,Heavy rain,Null