X,Y,OBJECTID,advisorySpeed,areaUnitID,bicycle,bridge,bus,carStationWagon,cliffBank,crashDirectionDescription,crashFinancialYear,crashLocation1,crashLocation2,crashRoadSideRoad,crashSeverity,crashSHDescription,crashYear,debris,directionRoleDescription,ditch,fatalCount,fence,flatHill,guardRail,holiday,houseOrBuilding,intersection,kerb,light,meshblockId,minorInjuryCount,moped,motorcycle,NumberOfLanes,objectThrownOrDropped,otherObject,otherVehicleType,overBank,parkedVehicle,pedestrian,phoneBoxEtc,postOrPole,region,roadCharacter,roadLane,roadSurface,roadworks,schoolBus,seriousInjuryCount,slipOrFlood,speedLimit,strayAnimal,streetLight,suv,taxi,temporarySpeedLimit,tlaId,tlaName,trafficControl,trafficIsland,trafficSign,train,tree,truck,unknownVehicleType,urban,vanOrUtility,vehicle,waterRiver,weatherA,weatherB
1766350.9565,5907563.971,901846,,523601,0,,0,2,,Null,2023/2024,EAST TAMAKI ROAD,EAST TAMAKI ROAD OFF RAMP,,Non-Injury Crash,No,2023,,West,,0,,Flat,,,,,,Dark,708500,0,0,0,6,,,0,,,,,,Auckland Region,Nil,2-way,Sealed,,0,0,,50,,On,0,0,,76,Auckland,Traffic Signals,,,,,0,0,Urban,0,,,Fine,Null
1760175.1073,5980708.6168,901853,,506661,0,0,0,0,1,East,2023/2024,LEIGH ROAD,COXHEAD CREEK ROAD,,Minor Crash,No,2024,0,West,0,0,0,Flat,0,,0,,0,Overcast,137702,1,0,1,2,0,0,0,0,0,,0,0,Auckland Region,Nil,2-way,Sealed,0,0,0,0,80,0,Off,0,0,,76,Auckland,Nil,0,0,0,1,0,0,Open,0,0,0,Fine,Null
1768615.1651,5909748.9217,901856,,523112,0,,0,3,,Null,2023/2024,ALLENS ROAD,HARRIS ROAD,,Minor Crash,No,2024,,South,,0,,Flat,,,,,,Dark,711600,1,0,0,4,,,0,,,,,,Auckland Region,Nil,2-way,Sealed,,0,0,,50,,On,0,0,,76,Auckland,Traffic Signals,,,,,0,0,Urban,0,,,Fine,Null
1767355.6617,5900194.2536,901857,,524720,0,,0,1,,Null,2025/2026,WEYMOUTH ROAD,GAINSBOROUGH STREET,,Minor Crash,No,2025,,South,,0,,Null,,,,,,Unknown,776800,2,0,0,2,,,0,,,,,,Auckland Region,Nil,2-way,Sealed,,0,0,,50,,Null,1,0,,76,Auckland,Give way,,,,,0,0,Urban,0,,,Fine,Null
1761133.2163,5916651.7898,901860,,516002,0,,0,2,,Null,2024/2025,REMUERA ROAD,GREEN LANE EAST,,Minor Crash,No,2024,,West,,0,,Hill Road,,,,,,Dark,494200,2,0,0,4,,,0,,,,,,Auckland Region,Nil,2-way,Sealed,,0,0,,50,,On,0,0,,76,Auckland,Traffic Signals,,,,,0,0,Urban,0,,,Fine,Null
1759214.0388,5920265.5335,901861,,515902,0,,0,1,,North,2025/2026,GLADSTONE ROAD,CLEVELAND ROAD,,Serious Crash,No,2026,,West,,0,,Hill Road,,,,,,Bright sun,454800,0,0,0,2,,,0,,,1,,,Auckland Region,Nil,2-way,Sealed,,0,1,,50,,Null,0,0,,76,Auckland,Nil,,,,,0,0,Urban,0,,,Fine,Null
1753781.902,5918302.9906,901862,,515002,0,0,0,1,0,West,2024/2025,NORTH-WESTERN MOTORWAY,ST LUKES OBR,,Minor Crash,Yes,2024,0,East,0,0,0,Flat,1,,0,,0,Overcast,390501,1,0,0,4,0,0,0,0,0,,0,0,Auckland Region,Nil,1-way,Sealed,0,0,0,1,100,0,Off,0,0,,76,Auckland,Nil,0,0,0,0,0,0,Open,0,0,0,Heavy rain,Null
1763995.7497,5876429.2834,901865,,521121,0,0,0,1,1,North,2024/2025,AKA AKA ROAD,SHIPHERD ROAD,,Minor Crash,No,2024,0,North,1,0,0,Hill Road,0,,0,,0,Overcast,825301,1,0,0,2,0,0,0,0,0,,0,0,Auckland Region,Nil,2-way,Sealed,0,0,0,0,80,0,None,0,0,,76,Auckland,Nil,0,0,0,0,0,0,Open,0,0,0,Fine,Null
1761666.6947,5906836.1841,901866,,524520,0,0,0,2,0,Null,2025/2026,ROBERTSON ROAD,VON STURMER STREET,,Minor Crash,No,2025,0,East,0,0,0,Flat,0,Christmas New Year,0,,0,Bright sun,736000,1,0,0,2,0,0,0,0,0,,0,0,Auckland Region,Nil,2-way,Sealed,0,0,0,0,50,0,Off,1,0,,76,Auckland,Give way,0,0,0,0,0,0,Urban,0,1,0,Fine,Null
1758129.0533,5915354.9585,901867,,519300,0,0,0,2,0,East,2022/2023,CLAUDE ROAD,MANUKAU ROAD,,Non-Injury Crash,No,2023,0,North,0,0,0,Flat,0,,0,,0,Overcast,624000,0,0,0,2,0,1,0,0,1,,0,0,Auckland Region,Nil,2-way,Sealed,0,0,0,0,50,0,Off,0,0,,76,Auckland,Nil,0,0,0,0,0,0,Urban,1,0,0,Fine,Null
1771692.0764,5912982.6662,901873,,523102,0,,0,3,,Null,2024/2025,MEADOWLAND DRIVE,WHITFORD ROAD,,Minor Crash,No,2025,,South,,0,,Flat,,,,,,Dark,711005,4,0,0,2,,,0,,,,,,Auckland Region,Nil,2-way,Sealed,,0,0,,50,,On,0,0,20,76,Auckland,Give way,,,,,0,0,Urban,0,,,Fine,Null
1763846.045,5912761.4129,901878,,520500,0,,1,1,,South,2022/2023,MOUNT WELLINGTON HIGHWAY,TE PUTU AVENUE,,Non-Injury Crash,No,2023,,North,,0,,Flat,,,,,,Bright sun,637400,0,0,0,6,,,0,,,,,,Auckland Region,Nil,2-way,Sealed,,0,0,,50,,Off,1,0,,76,Auckland,Nil,,,,,0,0,Urban,0,,,Fine,Null
1761087.6913,5914966.8177,901883,,520201,0,,0,3,,North,2025/2026,SOUTHERN MOTORWAY,ELLERSLIE FTBR,,Minor Crash,Yes,2025,,North,,0,,Flat,,,,,,Bright sun,613500,2,0,0,4,,,0,,,,,,Auckland Region,Nil,1-way,Sealed,,0,0,,100,,Off,0,0,,76,Auckland,Nil,,,,,0,0,Open,0,,,Fine,Null
1769745.1818,5899516.9482,901889,,523920,0,,0,1,,North,2025/2026,GREAT SOUTH ROAD,MANUREWA-TAKANINI OFF RAMP,,Non-Injury Crash,No,2026,,North,,0,,Flat,,,,,,Bright sun,767922,0,0,0,2,,,0,,,,,,Auckland Region,Nil,1-way,Sealed,,0,0,,50,,Off,0,0,,76,Auckland,Nil,,,,,1,0,Urban,0,,,Fine,Null
1756897.2958,5920130.5614,901895,,514102,0,,0,2,,Null,2023/2024,HOBSON STREET,COOK STREET,,Non-Injury Crash,No,2023,,North,,0,,Hill Road,,Christmas New Year,,,,Dark,434701,0,0,0,4,,,0,,,,,,Auckland Region,Nil,1-way,Sealed,,0,0,,40,,On,0,0,,76,Auckland,Traffic Signals,,,,,0,0,Urban,0,,,Fine,None
1769618.2072,5905395.8927,901897,,523712,0,,0,1,,Null,2022/2023,THOMAS ROAD,DONEGAL PARK DRIVE,,Minor Crash,No,2023,,West,,0,,Flat,,,,,,Bright sun,716202,2,0,0,2,,,0,,,,,,Auckland Region,Nil,2-way,Sealed,,0,0,,50,,Off,0,0,,76,Auckland,Give way,,,,,0,0,Urban,1,,,Fine,Null
1745668.3559,5910935.5036,901902,45,512700,0,0,0,2,0,West,2022/2023,SCENIC DRIVE,TAWINI ROAD,,Non-Injury Crash,No,2023,0,East,0,0,0,Flat,0,,0,,0,Overcast,300900,0,0,0,2,0,0,0,0,0,,0,0,Auckland Region,Nil,2-way,Unsealed,0,0,0,0,50,0,None,0,0,,76,Auckland,Nil,0,0,0,1,0,0,Urban,0,0,0,Fine,Null
1771851.5991,5894308.1101,901904,,521201,0,,0,1,,North,2024/2025,SOUTHERN MOTORWAY,PARK ESTATE OBR,,Minor Crash,Yes,2024,,North,,0,,Flat,,,,,,Overcast,806800,1,0,0,2,,,0,,,,,,Auckland Region,Nil,1-way,Sealed,,0,0,,100,,Off,1,0,,76,Auckland,Nil,,,,,0,0,Open,0,,,Fine,Null
1769439.4679,5907886.6081,901906,,523713,0,,0,2,,South,2023/2024,TE IRIRANGI DRIVE,BISHOP DUNN PLACE,,Non-Injury Crash,No,2024,,South,,0,,Flat,,,,,,Bright sun,712302,0,0,0,2,,,0,,,,,,Auckland Region,Nil,1-way,Sealed,,0,0,,80,,Off,1,0,,76,Auckland,Nil,,,,,0,0,Open,0,,,Fine,Null
1748691.1925,5945305.0205,901908,,505806,0,,0,1,,South,2024/2025,NORTHERN MOTORWAY,SILVERDALE OBR,,Minor Crash,Yes,2024,,South,,0,,Flat,,,,,,Bright sun,176802,1,0,0,2,,,0,,,,,,Auckland Region,Motorway ramp,1-way,Sealed,,0,0,,100,,Off,2,0,,76,Auckland,Nil,,,,,0,0,Open,1,,,Fine,Null
1765322.299,5915171.2135,901909,,520601,0,,0,2,,Null,2023/2024,COURT CRESCENT,PILKINGTON ROAD,,Minor Crash,No,2024,,West,,0,,Flat,,,,,,Unknown,631600,2,0,0,2,,,0,,,,,,Auckland Region,Nil,2-way,Sealed,,0,0,,50,,Off,0,0,,76,Auckland,Give way,,,,,0,0,Urban,0,,,Fine,None
1754476.0731,5918719.7752,901914,,515431,0,0,0,1,0,North,2024/2025,GREAT NORTH ROAD,TUARANGI ROAD,,Minor Crash,No,2024,0,West,0,0,0,Hill Road,0,,0,,0,Twilight,405300,1,0,0,4,0,0,0,0,1,,0,0,Auckland Region,Nil,2-way,Sealed,0,0,0,0,50,0,On,0,0,,76,Auckland,Nil,0,0,0,0,0,0,Urban,1,0,0,Fine,Null
1757114.0364,5943540.3287,901927,,505902,0,,0,2,,South,2024/2025,WHANGAPARAOA ROAD,RAKINO AVENUE,,Serious Crash,No,2024,,North,,0,,Flat,,,,,,Overcast,174605,1,0,1,2,,,0,,,,,,Auckland Region,Nil,1-way,Sealed,,0,1,,50,,Off,1,0,,76,Auckland,Nil,,,,,0,0,Urban,0,,,Fine,Null
1769551.5614,5915555.4018,901930,,522711,0,0,0,1,0,East,2024/2025,GILLS ROAD,GILLS ROAD,,Minor Crash,No,2025,0,North,0,0,0,Flat,0,,0,,0,Bright sun,680717,1,0,0,2,0,0,0,0,0,,0,0,Auckland Region,Nil,2-way,Sealed,0,0,0,0,50,0,Off,0,0,,76,Auckland,Nil,0,0,0,1,0,0,Urban,0,0,0,Fine,Null
1759410.5026,5916486.8028,901932,,516001,0,,0,1,,Null,2023/2024,"MARKET ROAD OFF RAMP, EPSOM, AUCKLAND 1050",,,Non-Injury Crash,No,2024,,,,0,,Flat,,,,,,Bright sun,491700,0,0,0,3,,,0,,,,,,Auckland Region,Nil,1-way,Sealed,,0,0,,80,,Off,0,0,,76,Auckland,Nil,,,,,1,0,Open,0,,,Fine,Null
1783199.5911,5916129.3657,901933,,523300,0,0,0,1,0,East,2023/2024,MARAETAI COAST ROAD,COLSON LANE,,Minor Crash,No,2023,0,South,0,0,0,Flat,0,,0,,0,Dark,720200,1,0,0,2,0,0,0,1,0,,0,0,Auckland Region,Nil,2-way,Sealed,0,0,0,0,50,0,None,0,0,,76,Auckland,Nil,0,0,0,0,0,0,Urban,0,0,0,Fine,Null
1777236.7875,5905107.0858,901935,,525201,0,0,0,2,0,Null,2023/2024,BROOKBY ROAD,TWILIGHT ROAD,,Non-Injury Crash,No,2023,0,North,0,0,0,Flat,0,,0,,0,Dark,762000,0,0,0,2,0,0,0,0,0,,0,0,Auckland Region,Nil,2-way,Sealed,0,0,0,0,80,0,On,0,0,,76,Auckland,Give way,0,0,0,0,0,0,Open,0,0,0,Light rain,Strong wind
1754859.1945,5918829.539,901942,,515410,0,,0,0,,Null,2023/2024,SURREY CRESCENT,SELBOURNE STREET,,Minor Crash,No,2024,,South,,0,,Flat,,,,,,Overcast,404500,1,0,1,2,,,0,,,,,,Auckland Region,Nil,2-way,Sealed,,0,0,,50,,Off,1,0,,76,Auckland,Nil,,,,,0,0,Urban,0,,,Fine,Null
1751160.8489,5929875.5687,901946,,509100,0,,0,1,,North,2024/2025,UPPER HARBOUR MOTORWAY,GREENHITHE ROAD OFF RAMP,,Minor Crash,Yes,2024,,West,,0,,Flat,,,,,,Overcast,181118,1,0,0,2,,,0,,,,,,Auckland Region,Nil,1-way,Sealed,,0,0,,100,,Off,0,0,,76,Auckland,Nil,,,,,0,0,Open,2,,,Light rain,Null
1746515.8737,5913508.7766,901950,,511002,0,0,0,1,0,Null,2023/2024,WOODVALE ROAD,WOODGLEN ROAD,,Non-Injury Crash,No,2023,0,West,0,0,1,Flat,0,,0,,0,Twilight,283500,0,0,0,2,0,0,0,0,1,,0,0,Auckland Region,Nil,2-way,Sealed,0,0,0,0,50,0,On,1,0,,76,Auckland,Give way,0,0,0,0,0,0,Urban,0,0,0,Light rain,Null
1758854.6825,5911788.8436,901954,,519810,0,,0,0,,Null,2023/2024,SELWYN STREET,NEILSON STREET,,Non-Injury Crash,No,2023,,South,,0,,Flat,,,,,,Bright sun,602200,0,0,0,6,,,0,,,,,,Auckland Region,Nil,2-way,Sealed,,0,0,,50,,Off,0,0,,76,Auckland,Traffic Signals,,,,,0,0,Urban,2,,,Fine,Null
1763041.7821,5919967.9731,901955,,516500,0,,0,2,,Null,2023/2024,ATKIN AVENUE,NIHILL CRESCENT,,Serious Crash,No,2024,,North,,0,,Flat,,,,,,Bright sun,501700,0,0,0,2,,,0,,,,,,Auckland Region,Nil,2-way,Sealed,,0,1,,50,,Off,0,0,,76,Auckland,Stop,,,,,0,0,Urban,0,,,Fine,Null
1730062.2821,5943469.5416,901957,65,506646,0,0,0,1,1,West,2024/2025,KAIPARA COAST HIGHWAY,ABEL ROAD,,Minor Crash,Yes,2024,0,East,0,0,0,Flat,0,,0,,0,Overcast,211402,1,0,0,2,0,0,0,0,0,,0,0,Auckland Region,Nil,2-way,Sealed,0,0,0,0,100,0,Off,0,0,,76,Auckland,Nil,0,0,0,0,0,0,Open,0,0,0,Light rain,Null
1759424.9095,5910239.949,901959,,524002,0,,0,2,,Null,2024/2025,RIMU ROAD,RIMU ROAD ON RAMP,,Minor Crash,No,2024,,East,,0,,Flat,,,,,,Overcast,722000,2,0,0,4,,,0,,,,,,Auckland Region,Motorway ramp,2-way,Sealed,,0,0,,50,,Off,0,0,,76,Auckland,Give way,,,,,0,0,Urban,0,,,Fine,Null
1749488.283,5945790.4948,901961,,505806,0,,0,2,,Null,2023/2024,EAST COAST ROAD,HIBISCUS COAST HIGHWAY,,Non-Injury Crash,No,2023,,North,,0,,Hill Road,,,,,,Dark,176802,0,0,0,5,,,0,,,,,,Auckland Region,Nil,2-way,Sealed,,0,0,,60,,On,0,0,,76,Auckland,Traffic Signals,,,,,0,0,Urban,0,,,Fine,Null
1771650.0036,5907719.7571,901963,,523713,0,0,0,1,0,East,2023/2024,JEFFS ROAD,BROBERG LANE,,Non-Injury Crash,No,2024,0,East,0,0,0,Flat,0,,0,,0,Dark,712500,0,0,0,2,0,0,0,0,1,,0,0,Auckland Region,Nil,2-way,Sealed,0,0,0,0,50,0,On,1,0,,76,Auckland,Nil,0,0,0,0,0,0,Urban,1,0,0,Fine,Null
1782901.4437,5916341.0138,901975,,523300,0,,0,1,,East,2023/2024,MARAETAI COAST ROAD,MARAETAI DRIVE,,Minor Crash,No,2024,,North,,0,,Flat,,,,,,Dark,720200,1,0,0,2,,,0,,,,,,Auckland Region,Nil,2-way,Sealed,,0,0,,50,,None,0,0,,76,Auckland,Nil,,,,,0,0,Urban,0,,,Light rain,Null
1743690.1242,5923886.8202,901978,,513410,0,,0,1,,West,2023/2024,FRED TAYLOR DRIVE,MAKI STREET,,Non-Injury Crash,No,2023,,East,,0,,Flat,,,,,,Bright sun,224000,0,0,0,3,,,0,,,,,,Auckland Region,Nil,1-way,Sealed,,0,0,,50,,Off,1,0,,76,Auckland,Nil,,,,,0,0,Urban,0,,,Fine,Null
1760707.3423,5908085.7369,901982,,524403,0,0,0,1,0,South,2023/2024,ROBERTSON ROAD,CALTHORP CLOSE,,Non-Injury Crash,No,2023,0,North,0,0,1,Flat,0,,0,,0,Overcast,731105,0,0,0,2,0,0,0,0,0,,0,0,Auckland Region,Nil,2-way,Sealed,0,0,0,0,50,0,Null,0,0,,76,Auckland,Nil,0,0,0,0,0,0,Urban,0,0,0,Fine,Null
1772198.5208,5897138.9456,901991,,525420,1,,0,0,,East,2022/2023,GREAT SOUTH ROAD,YOUNGS ROAD,,Non-Injury Crash,No,2023,,West,,0,,Flat,,,,,,Overcast,790700,1,0,0,2,,,0,,,,,,Auckland Region,Nil,2-way,Sealed,,0,0,,50,,Off,1,0,,76,Auckland,Nil,,,,,0,0,Urban,0,,,Fine,None
1751484.4212,5949247.5143,901992,,505805,0,,0,2,,Null,2022/2023,RIVERSIDE ROAD,CENTREWAY ROAD,,Non-Injury Crash,No,2023,,East,,0,,Flat,,,,,,Bright sun,172300,0,0,0,2,,,0,,,,,,Auckland Region,Nil,2-way,Sealed,,0,0,,50,,Off,0,0,,76,Auckland,Give way,,,,,0,0,Urban,0,,,Fine,Null
1749593.474,5913896.337,901995,,511303,0,,0,1,,West,2024/2025,GREAT NORTH ROAD,CLARK STREET,,Minor Crash,No,2024,,East,,0,,Flat,,,,,,Overcast,264901,1,0,0,5,,,0,,,2,,,Auckland Region,Nil,2-way,Sealed,,0,0,,50,,Off,0,0,,76,Auckland,Isolated Pedestrian signal (non-intersection),,,,,0,0,Urban,0,,,Light rain,Null
1759910.1082,5946790.0105,901997,,505904,0,,1,1,,Null,2024/2025,GULF HARBOUR DRIVE,BINNACLE RISE,,Non-Injury Crash,No,2024,,West,,0,,Hill Road,,Christmas New Year,,,,Bright sun,174906,0,0,0,2,,,0,,,,,,Auckland Region,Nil,2-way,Sealed,,0,0,,50,,Off,0,0,,76,Auckland,Stop,,,,,0,0,Urban,0,,,Fine,Null
1755983.6282,5918601.1599,901999,,515500,0,0,0,1,0,Null,2024/2025,NORTH-WESTERN MOTORWAY,NEWTON ROAD OFF RAMP,,Non-Injury Crash,Yes,2024,0,North,0,0,0,Flat,1,,0,,0,Dark,418600,0,0,0,4,0,0,0,0,0,,0,0,Auckland Region,Nil,1-way,Sealed,0,0,0,0,80,0,On,0,0,,76,Auckland,Nil,0,0,0,0,0,0,Open,0,0,0,Light rain,Null
1762835.5361,5917832.6479,902007,,516301,0,0,0,1,0,North,2024/2025,TEMPLE STREET,LUCIA GLADE,,Non-Injury Crash,No,2024,0,North,0,0,0,Flat,0,,0,,0,Dark,459402,0,0,0,2,0,0,0,0,1,,0,0,Auckland Region,Speed hump,2-way,Sealed,0,0,0,0,30,0,On,1,0,,76,Auckland,Nil,0,0,0,0,0,0,Urban,0,0,0,Fine,Null
1754814.6219,5917726.1246,902009,,517600,1,,0,1,,East,2023/2024,NEW NORTH ROAD,MORNINGSIDE DRIVE,,Minor Crash,No,2024,,East,,0,,Hill Road,,,,,,Bright sun,533700,1,0,0,4,,,0,,,,,,Auckland Region,Nil,2-way,Sealed,,0,0,,50,,Off,0,0,,76,Auckland,Nil,,,,,0,0,Urban,0,,,Fine,Null
1744969.5944,5921211.0758,902012,,513530,0,,0,1,,South,2022/2023,NORTH-WESTERN MOTORWAY,HURUHURU OBR,,Minor Crash,Yes,2023,,South,,0,,Hill Road,,,,,,Bright sun,226303,1,0,0,3,,,0,,,,,,Auckland Region,Overpass,1-way,Sealed,,0,0,,100,,Off,0,0,,76,Auckland,Nil,,,,,0,0,Open,1,,,Fine,Null
1759447.6055,5914197.4907,902014,,519720,0,,0,1,,Null,2023/2024,CAMPBELL ROAD,RAWHITI ROAD,,Serious Crash,No,2023,,North,,0,,Flat,,,,,,Bright sun,592500,0,0,0,2,,,0,,,1,,,Auckland Region,Nil,2-way,Sealed,,0,1,,50,,Off,0,0,,76,Auckland,Give way,,,,,0,0,Urban,1,,,Fine,Null
1769629.7249,5900293.5164,902021,,524902,0,0,0,1,0,South,2024/2025,GREENMEADOWS AVENUE,MYERS ROAD,,Non-Injury Crash,No,2024,0,North,0,0,0,Null,0,,0,,0,Bright sun,758900,0,0,0,2,0,0,0,0,1,,0,0,Auckland Region,Nil,2-way,Sealed,0,0,0,0,30,0,Null,0,0,,76,Auckland,Nil,0,0,0,0,0,0,Urban,0,0,0,Fine,Null
1756826.2874,5919466.9483,902023,,514102,0,,0,2,,Null,2024/2025,KARANGAHAPE ROAD,PITT STREET,,Non-Injury Crash,No,2024,,East,,0,,Null,,,,,,Overcast,435700,0,0,0,4,,,0,,,,,,Auckland Region,Nil,2-way,Sealed,,0,0,,50,,On,0,0,,76,Auckland,Traffic Signals,,,,,0,0,Urban,0,,,Fine,Null
1745205.3883,5909510.9616,902024,,512700,0,0,0,1,0,Null,2023/2024,HUIA ROAD,SYLVAN VALLEY AVENUE,,Non-Injury Crash,No,2023,0,South,1,0,0,Hill Road,0,,0,,0,Dark,300600,0,0,0,2,0,0,0,0,0,,0,0,Auckland Region,Nil,2-way,Sealed,0,0,0,0,50,0,On,0,0,40,76,Auckland,Give way,0,0,0,0,0,0,Urban,0,0,0,Fine,Null
1770370.1465,5909991.5432,902027,,523109,0,0,0,1,0,North,2023/2024,CHAPEL ROAD,CARLINGFORD DRIVE,,Non-Injury Crash,No,2023,0,North,0,0,0,Flat,0,,0,,0,Overcast,712013,0,0,0,2,0,0,0,0,0,,0,0,Auckland Region,Nil,2-way,Sealed,0,0,0,0,60,0,Off,0,0,,76,Auckland,Nil,0,0,0,1,0,0,Urban,0,0,0,Fine,Null
1770154.8598,5881524.9417,902034,,525910,0,,0,1,,East,2023/2024,EAST STREET,VALLEY ROAD,,Non-Injury Crash,No,2023,,West,,0,,Flat,,,,,,Overcast,816800,0,0,0,2,,,0,,,,,,Auckland Region,Nil,2-way,Sealed,,0,0,,50,,Off,0,0,,76,Auckland,Nil,,,,,1,0,Urban,0,,,Fine,Null
1758373.2984,5945491.2377,902035,,505902,0,,0,1,,South,2023/2024,WHANGAPARAOA ROAD,CAPITOL ROAD,,Non-Injury Crash,No,2024,,North,,0,,Hill Road,,,,,,Bright sun,174703,0,0,0,2,,,0,,,,,,Auckland Region,Nil,2-way,Sealed,,0,0,,50,,Off,0,0,,76,Auckland,Nil,,,,,0,0,Urban,1,,,Fine,Null
1763628.1674,5915063.0886,902039,,520302,0,,0,1,,Null,2023/2024,ELLERSLIE-PANMURE HIGHWAY,BURT ROAD,,Serious Crash,No,2024,,East,,0,,Flat,,,,,,Twilight,626102,0,0,1,4,,,0,,,,,,Auckland Region,Nil,2-way,Sealed,,0,1,,50,,On,0,0,,76,Auckland,Stop,,,,,0,0,Urban,0,,,Fine,Null
1754873.61,5917826.2254,902043,,517500,0,0,0,2,0,North,2024/2025,SCHOOL ROAD,WESTERN SPRINGS ROAD,,Non-Injury Crash,No,2024,0,North,0,0,0,Flat,0,,0,,0,Dark,530600,0,0,0,2,0,0,0,0,1,,0,0,Auckland Region,Nil,2-way,Sealed,0,0,0,0,50,0,Off,0,0,,76,Auckland,Nil,0,0,0,0,0,0,Urban,0,0,0,Light rain,Null
1755664.1272,5935625.8153,902047,35,507101,0,,0,2,,South,2024/2025,BEACH ROAD,BAYVIEW ROAD,,Minor Crash,No,2025,,South,,0,,Hill Road,,,,,,Dark,162400,1,0,0,2,,,0,,,,,,Auckland Region,Nil,2-way,Sealed,,0,0,,50,,On,0,0,,76,Auckland,Nil,,,,,0,0,Urban,0,,,Heavy rain,Null
1765305.5597,5909306.9734,902049,,521802,0,,0,1,,North,2022/2023,SOUTHERN MOTORWAY,TAMAKI RIV BR,,Non-Injury Crash,Yes,2023,,North,,0,,Flat,,,,,,Bright sun,788903,0,0,0,3,,,0,,,,,,Auckland Region,Nil,1-way,Sealed,,0,0,,100,,Off,0,0,,76,Auckland,Nil,,,,,0,0,Open,1,,,Fine,Null
1763893.7324,5915260.3639,902050,,520302,0,,0,1,,Null,2023/2024,MARUA ROAD,LUNN AVENUE,,Minor Crash,No,2024,,East,,0,,Flat,,,,,,Overcast,626500,1,0,0,2,,,0,,,,,,Auckland Region,Nil,2-way,Sealed,,0,0,,50,,Off,0,0,,76,Auckland,Traffic Signals,,,,,0,0,Urban,1,,,Fine,Null
1759921.9446,5918596.167,902052,,516102,1,,0,0,,Null,2023/2024,SHORE ROAD,WOODVILLE ROAD,,Minor Crash,No,2024,,East,,0,,Flat,,,,,,Bright sun,482500,1,0,0,2,,,0,,,,,,Auckland Region,Nil,2-way,Sealed,,0,0,,50,,Off,0,0,,76,Auckland,Nil,,,,,1,0,Urban,0,,,Fine,Null
1769343.812,5901128.5361,902053,,524901,0,0,0,1,0,North,2022/2023,CLAUDE ROAD,ALFRISTON ROAD,,Non-Injury Crash,No,2023,0,North,0,0,1,Hill Road,0,Queens Birthday,0,,0,Dark,757400,0,0,0,2,0,0,0,0,0,,0,0,Auckland Region,Nil,2-way,Sealed,0,0,0,0,50,0,On,0,0,,76,Auckland,Nil,0,0,0,1,0,0,Urban,0,0,0,Fine,Null
1742481.004,5918993.951,902055,,513213,0,,0,2,,East,2022/2023,SWANSON ROAD,LUANDA DRIVE,,Non-Injury Crash,No,2023,,East,,0,,Flat,,,,,,Bright sun,235104,0,0,0,2,,,0,,,,,,Auckland Region,Nil,2-way,Sealed,,0,0,,50,,Off,0,0,,76,Auckland,Nil,,,,,0,0,Urban,0,,,Fine,Null
1771889.442,5894275.2331,902057,,525530,0,0,0,0,0,North,2024/2025,SOUTHERN MOTORWAY,PARK ESTATE OBR,,Non-Injury Crash,Yes,2024,0,South,0,0,0,Flat,1,,0,,0,Bright sun,803900,0,0,0,2,0,0,0,0,0,,0,0,Auckland Region,Nil,1-way,Sealed,0,0,0,0,100,0,Off,0,0,,76,Auckland,Nil,0,0,0,0,1,0,Open,0,0,0,Fine,Null
1757561.9475,5919767.211,902062,,514103,1,,0,1,,Null,2022/2023,SYMONDS STREET,MOUNT STREET,,Minor Crash,No,2023,,North,,0,,Hill Road,,,,,,Bright sun,436904,1,0,0,4,,,0,,,,,,Auckland Region,Nil,2-way,Sealed,,0,0,,30,,Null,0,0,,76,Auckland,Stop,,,,,0,0,Urban,0,,,Fine,Null
1770388.2057,5894944.9709,902067,,521201,0,,0,0,,North,2024/2025,PAPAKA ROAD,HINGAIA ROAD,,Minor Crash,No,2024,,North,,0,,Flat,,,,,,Bright sun,806602,1,0,1,2,,,0,,,,,,Auckland Region,Nil,2-way,Sealed,,0,0,,50,,Off,0,0,,76,Auckland,Nil,,,,,0,0,Urban,0,,,Fine,Null
1747633.8566,5919464.808,902068,,512402,0,,0,1,,West,2023/2024,TE ATATU ROAD OFF RAMP,NORTH-WESTERN MOTORWAY,,Minor Crash,No,2024,,West,,0,,Flat,,,,,,Overcast,253700,1,0,0,2,,,0,,,,,,Auckland Region,Motorway ramp,1-way,Sealed,,0,0,,100,,Off,0,0,,76,Auckland,Nil,,,,,0,0,Open,1,,,Fine,Null
1759993.2147,5915653.6554,902071,,519400,0,,0,2,,Null,2023/2024,GREAT SOUTH ROAD,PURIRI AVENUE,,Non-Injury Crash,No,2024,,North,,0,,Flat,,,,,,Dark,617000,0,0,0,4,,,0,,,,,,Auckland Region,Nil,2-way,Sealed,,0,0,,50,,On,0,0,,76,Auckland,Stop,,,,,0,0,Urban,0,,,Fine,Null
1768247.4722,5910684.7998,902079,,523112,0,,0,0,,Null,2024/2025,CARPENTER ROAD,NEALES ROAD,,Minor Crash,No,2025,,South,,0,,Flat,,,,,,Bright sun,711500,1,0,0,2,,,0,,,,,,Auckland Region,Nil,2-way,Sealed,,0,0,,50,,Off,1,0,,76,Auckland,Give way,,,,,1,0,Urban,0,,,Fine,Null