X,Y,OBJECTID,advisorySpeed,areaUnitID,bicycle,bridge,bus,carStationWagon,cliffBank,crashDirectionDescription,crashFinancialYear,crashLocation1,crashLocation2,crashRoadSideRoad,crashSeverity,crashSHDescription,crashYear,debris,directionRoleDescription,ditch,fatalCount,fence,flatHill,guardRail,holiday,houseOrBuilding,intersection,kerb,light,meshblockId,minorInjuryCount,moped,motorcycle,NumberOfLanes,objectThrownOrDropped,otherObject,otherVehicleType,overBank,parkedVehicle,pedestrian,phoneBoxEtc,postOrPole,region,roadCharacter,roadLane,roadSurface,roadworks,schoolBus,seriousInjuryCount,slipOrFlood,speedLimit,strayAnimal,streetLight,suv,taxi,temporarySpeedLimit,tlaId,tlaName,trafficControl,trafficIsland,trafficSign,train,tree,truck,unknownVehicleType,urban,vanOrUtility,vehicle,waterRiver,weatherA,weatherB
1751146.8709,5915863.8349,902086,,514401,0,,0,2,,Null,2023/2024,GREAT NORTH ROAD,HENRY STREET,,Serious Crash,No,2023,,North,,0,,Flat,,,,,,Overcast,381801,0,0,0,6,,,0,,,,,,Auckland Region,Nil,2-way,Sealed,,0,1,,50,,Off,1,0,,76,Auckland,Traffic Signals,,,,,0,0,Urban,0,,,Light rain,Null
1757978.3622,5919821.5356,902088,,514301,0,,0,1,,Null,2023/2024,STANLEY STREET OFF RAMP,STANLEY STREET,,Serious Crash,No,2023,,North,,0,,Flat,,,,,,Overcast,440300,2,0,0,2,,,0,,,,,,Auckland Region,Nil,1-way,Sealed,,0,1,,50,,Off,0,0,,76,Auckland,Give way,,,,,0,0,Urban,1,,,Fine,Null
1760632.4835,5916793.1976,902091,,516202,0,,0,1,,Null,2024/2025,REMUERA ROAD,ORAKEI ROAD,,Minor Crash,No,2025,,East,,0,,Flat,,,,,,Overcast,490600,1,0,0,5,,,0,,,,,,Auckland Region,Nil,2-way,Sealed,,0,0,,50,,Off,1,0,,76,Auckland,Traffic Signals,,,,,0,0,Urban,0,,,Fine,Null
1766816.1758,5916413.0787,902094,,517100,0,0,0,1,0,East,2023/2024,POINT ENGLAND ROAD,RIVERSIDE AVENUE,,Non-Injury Crash,No,2024,0,East,0,0,1,Flat,0,,0,,0,Dark,477400,0,0,0,2,0,0,0,0,0,,0,0,Auckland Region,Nil,2-way,Sealed,0,0,0,0,30,0,On,0,0,,76,Auckland,Nil,0,0,0,0,0,0,Urban,0,0,0,Fine,Null
1758112.9181,5917741.4297,902103,,515700,0,0,0,1,0,Null,2023/2024,GILLIES AVENUE ON RAMP,GILLIES AVENUE,,Non-Injury Crash,No,2024,0,North,0,0,1,Hill Road,0,,0,,0,Dark,443700,0,0,0,1,0,0,0,0,0,,0,0,Auckland Region,Motorway ramp,1-way,Sealed,0,0,0,0,50,0,On,0,0,,76,Auckland,Nil,0,0,0,0,0,0,Urban,1,0,0,Fine,Null
1759935.3415,5907345.02,902111,,524112,0,0,0,1,0,North,2023/2024,GEORGE BOLT MEMORIAL DRIVE,BADER OBR,,Non-Injury Crash,Yes,2024,0,South,0,0,0,Flat,1,,0,,0,Overcast,737500,0,0,0,2,0,0,0,0,0,,0,0,Auckland Region,Motorway ramp,1-way,Sealed,0,0,0,0,100,0,Off,0,0,,76,Auckland,Nil,0,0,0,0,0,0,Open,0,0,0,Fine,Null
1784350.2815,5913728.8227,902118,,525201,0,0,0,1,0,Null,2022/2023,NORTH ROAD,MARAETAI COAST ROAD,,Non-Injury Crash,No,2023,1,West,0,0,0,Flat,0,,0,,0,Bright sun,762600,0,0,0,2,0,0,0,0,0,,0,0,Auckland Region,Nil,2-way,Sealed,0,0,0,0,50,0,None,0,0,,76,Auckland,Give way,0,0,0,0,0,0,Urban,0,0,0,Fine,Null
1749101.5316,5928744.8297,902121,,509100,0,,0,1,,North,2024/2025,GREENHITHE ROAD,TAUHINU ROAD,,Minor Crash,No,2024,,North,,0,,Flat,,,,,,Overcast,181621,1,0,1,2,,,0,,,,,,Auckland Region,Nil,2-way,Sealed,,0,0,,50,,Off,0,0,,76,Auckland,Nil,,,,,0,0,Urban,0,,,Fine,Null
1756255.085,5919241.0951,902123,,514200,0,,0,1,,Null,2024/2025,NEWTON ROAD,KARANGAHAPE ROAD,,Minor Crash,No,2025,,North,,0,,Hill Road,,,,,,Dark,411700,1,0,0,5,,,0,,,,,,Auckland Region,Nil,2-way,Sealed,,0,0,,50,,On,0,0,,76,Auckland,Traffic Signals,,,,,0,0,Urban,1,,,Fine,Frost
1755831.5375,5911906.1108,902124,,519002,0,,0,2,,West,2022/2023,RICHARDSON ROAD,ALEX BOYD LINK,,Minor Crash,No,2023,,West,,0,,Hill Road,,,,,,Dark,591302,1,0,0,2,,,0,,,,,,Auckland Region,Nil,2-way,Sealed,,0,0,,50,,On,0,0,,76,Auckland,Nil,,,,,0,0,Urban,0,,,Fine,Null
1767763.9373,5893430.9598,902125,,521202,0,0,0,1,0,South,2023/2024,KARAKA NORTH ROAD,CATO PEART ROAD,,Non-Injury Crash,No,2024,0,North,0,0,1,Flat,0,,0,,0,Dark,806900,0,0,0,2,0,0,0,0,0,,0,0,Auckland Region,Nil,2-way,Sealed,0,0,0,0,80,0,None,0,0,,76,Auckland,Nil,0,0,0,0,0,0,Open,0,0,0,Fine,Null
1751593.0846,5916679.4909,902128,,514900,0,,0,2,,South,2022/2023,GREAT NORTH ROAD,WATERVIEW DOWNS,,Non-Injury Crash,No,2023,,South,,0,,Flat,,,,,,Bright sun,385000,0,0,0,4,,,0,,,,,,Auckland Region,Nil,2-way,Sealed,,0,0,,50,,Off,0,0,,76,Auckland,Nil,,,,,0,0,Urban,0,,,Fine,Null
1750481.9688,5929186.5549,902129,,509100,0,,0,1,,North,2023/2024,UPPER HARBOUR MOTORWAY,GREENHITHE OBR,,Non-Injury Crash,Yes,2024,,South,,0,,Flat,,,,,,Bright sun,181107,0,0,0,2,,,0,,,,,,Auckland Region,Nil,1-way,Sealed,,0,0,,100,,Off,0,0,,76,Auckland,Nil,,,,,0,0,Open,1,,,Fine,Null
1764146.1711,5910254.9437,902132,,521801,0,,0,1,,Null,2022/2023,ATKINSON AVENUE,ALBION ROAD,,Minor Crash,No,2023,,North,,0,,Hill Road,,,,,,Overcast,786802,1,0,0,2,,,0,,,,,,Auckland Region,Nil,2-way,Sealed,,0,0,,50,,Off,0,0,,76,Auckland,Stop,,,,,0,0,Urban,1,,,Light rain,Null
1772093.8976,5895157.7187,902139,,525540,0,,0,1,,East,2023/2024,BEACH ROAD,CHICHESTER DRIVE,,Serious Crash,No,2024,,West,,0,,Flat,,,,,,Dark,805902,0,0,1,2,,,0,,,,,,Auckland Region,Nil,2-way,Sealed,,0,1,,50,,On,0,0,,76,Auckland,Nil,,,,,0,0,Urban,0,,,Fine,Null
1762380.1557,5913298.7476,902140,,520500,0,,0,1,,North,2022/2023,SOUTHERN MOTORWAY,SOUTH-EASTERN HWY ON RAMP,,Non-Injury Crash,Yes,2023,,North,,0,,Hill Road,,,,,,Bright sun,637200,0,0,0,3,,,0,,,,,,Auckland Region,Motorway ramp,1-way,Sealed,,0,0,,100,,Off,0,0,,76,Auckland,Nil,,,,,0,0,Open,1,,,Fine,Null
1743847.2837,5923766.1687,902148,,513511,1,,0,1,,Null,2023/2024,MAKI STREET,MAKI STREET,,Non-Injury Crash,No,2023,,East,,0,,Flat,,,,,,Bright sun,224306,0,0,0,2,,,0,,,,,,Auckland Region,Nil,2-way,Sealed,,0,0,,30,,None,0,0,,76,Auckland,Give way,,,,,0,0,Urban,0,,,Fine,Null
1750862.023,5950086.7867,902151,,505805,0,,0,1,,Null,2023/2024,WEST HOE ROAD,WEST HOE HEIGHTS,,Serious Crash,No,2024,,North,,0,,Flat,,,,,,Bright sun,171313,0,0,1,2,,,0,,,,,,Auckland Region,Nil,2-way,Sealed,,0,1,,50,,Off,0,0,,76,Auckland,Give way,,,,,0,0,Urban,0,,,Fine,Null
1744956.3422,5919789.6808,902155,,513301,0,,0,2,,West,2023/2024,UNIVERSAL DRIVE,TUDOR ROAD,,Non-Injury Crash,No,2023,,West,,0,,Flat,,,,,,Twilight,234402,0,0,0,2,,,0,,,,,,Auckland Region,Nil,2-way,Sealed,,0,0,,50,,Off,0,0,,76,Auckland,Nil,,,,,0,0,Urban,0,,,Fine,Null
1767574.5061,5881275.1091,902156,,525921,0,0,0,1,0,Null,2023/2024,PURIRI ROAD,PRINCES STREET WEST,,Minor Crash,No,2023,0,South,0,0,0,Flat,0,,0,,0,Dark,820503,1,0,0,2,0,0,0,0,0,,0,0,Auckland Region,Nil,2-way,Sealed,0,0,0,0,50,0,On,0,0,,76,Auckland,Nil,0,0,0,1,0,0,Urban,0,0,0,Fine,Null
1757688.4625,5918280.1824,902157,,518101,0,,0,2,,South,2023/2024,SOUTHERN MOTORWAY,KHYBER PASS ROAD OFF RAMP,,Non-Injury Crash,Yes,2023,,North,,0,,Flat,,,,,,Twilight,543000,0,0,0,8,,,0,,,,,,Auckland Region,Motorway ramp,2-way,Sealed,,0,0,,80,,Off,0,0,,76,Auckland,Nil,,,,,0,0,Open,0,,,Fine,Null
1763594.7298,5909000.9139,902158,,521901,0,0,0,1,0,South,2022/2023,WALMSLEY ROAD,WEKA STREET,,Non-Injury Crash,No,2023,0,South,0,0,0,Flat,0,,0,,0,Dark,785000,0,0,0,4,0,1,0,0,0,,0,0,Auckland Region,Nil,2-way,Sealed,0,0,0,0,50,0,On,0,0,,76,Auckland,Nil,0,0,0,1,0,0,Urban,0,0,0,Light rain,Null
1782621.3928,5925942.8799,902159,,520801,0,0,0,1,1,West,2023/2024,WAITAI ROAD,WHAKARITE ROAD,,Non-Injury Crash,No,2023,0,West,0,0,0,Hill Road,0,,0,,0,Bright sun,515313,0,0,0,2,0,0,0,0,0,,0,0,Auckland Region,Nil,2-way,Sealed,0,0,0,0,40,0,Off,0,0,,76,Auckland,Nil,0,0,0,1,0,0,Urban,0,0,0,Fine,Null
1772703.8106,5896108.0595,902168,,525410,0,,0,2,,Null,2023/2024,EAST STREET,WOOD STREET,,Non-Injury Crash,No,2024,,North,,0,,Flat,,,,,,Bright sun,792202,0,0,0,2,,,0,,,,,,Auckland Region,Nil,2-way,Sealed,,0,0,,50,,Off,0,0,,76,Auckland,Stop,,,,,0,0,Urban,0,,,Light rain,Null
1773208.3676,5891590.0333,902174,,521301,0,,0,1,,North,2023/2024,GREAT SOUTH ROAD,FIRTH STREET,,Serious Crash,No,2023,,South,,0,,Flat,,Christmas New Year,,,,Twilight,808701,0,0,0,2,,,0,,,,,,Auckland Region,Bridge,2-way,Sealed,,0,2,,50,,None,1,0,,76,Auckland,Nil,,,,,0,0,Urban,0,,,Fine,Null
1753672.1227,5930095.4288,902181,,508420,0,0,0,1,0,North,2024/2025,SUNSET ROAD,TENBLESS COURT,,Minor Crash,No,2024,1,West,0,0,1,Flat,0,,0,,0,Overcast,182710,2,0,0,2,0,0,0,0,0,,0,0,Auckland Region,Nil,2-way,Sealed,0,0,0,0,50,0,Off,0,0,,76,Auckland,Nil,0,0,0,1,0,0,Urban,0,0,0,Light rain,Null
1753852.3287,5918298.2758,902182,,515431,0,,0,3,,East,2023/2024,NORTH-WESTERN MOTORWAY,ST LUKES OBR,,Minor Crash,Yes,2023,,East,,0,,Flat,,,,,,Dark,406300,1,0,0,4,,,0,,,,,,Auckland Region,Underpass,1-way,Sealed,,0,0,,100,,On,0,0,,76,Auckland,Nil,,,,,0,0,Open,0,,,Mist or Fog,Null
1768089.4181,5903324.2895,902184,,524602,0,,0,0,,North,2024/2025,GREAT SOUTH ROAD,KERRS ROAD,,Minor Crash,No,2024,,North,,0,,Flat,,,,,,Dark,780506,1,0,0,4,,,0,,,1,,,Auckland Region,Nil,2-way,Sealed,,0,0,,60,,On,1,0,,76,Auckland,Nil,,,,,0,0,Urban,0,,,Light rain,Null
1772814.4549,5892409.2969,902185,,521301,0,,0,1,,South,2024/2025,SOUTHERN MOTORWAY,SLIPPERY CK BR,,Minor Crash,Yes,2024,,North,,0,,Flat,,,,,,Bright sun,808702,3,0,0,2,,,0,,,,,,Auckland Region,Nil,1-way,Sealed,,0,0,,100,,Off,1,0,,76,Auckland,Nil,,,,,0,0,Open,0,,,Fine,Null
1751033.557,5934571.4725,902186,,508701,0,0,0,1,0,South,2023/2024,THE AVENUE,DAIRY FLAT HIGHWAY,,Non-Injury Crash,No,2023,0,North,0,0,1,Hill Road,0,,0,,0,Dark,178708,0,0,0,2,0,0,0,0,0,,0,0,Auckland Region,Nil,2-way,Sealed,0,0,0,0,50,0,On,0,0,40,76,Auckland,Nil,0,0,0,0,0,0,Urban,0,0,0,Fine,Null
1763311.3093,5912811.5508,902188,,520500,0,,1,1,,West,2023/2024,SOUTHERN MOTORWAY,SEART OBR,,Non-Injury Crash,Yes,2023,,East,,0,,Hill Road,,,,,,Bright sun,637400,0,0,0,3,,,0,,,,,,Auckland Region,Nil,1-way,Sealed,,0,0,,100,,Off,0,0,,76,Auckland,Nil,,,,,0,0,Open,0,,,Fine,Null
1745093.435,5918128.313,902191,,510700,0,,0,1,,Null,2024/2025,TE KANAWA CRESCENT,LINCOLN ROAD,,Minor Crash,No,2024,,East,,0,,Flat,,,,,,Overcast,239000,1,0,0,2,,,0,,,1,,,Auckland Region,Nil,2-way,Sealed,,0,0,,50,,Off,0,0,,76,Auckland,Give way,,,,,0,0,Urban,0,,,Light rain,Null
1759086.1941,5919368.8522,902193,,515902,1,,0,1,,North,2023/2024,ST STEPHENS AVENUE,BRIGHTON ROAD,,Non-Injury Crash,No,2024,,North,,0,,Hill Road,,,,,,Bright sun,454600,0,0,0,2,,,0,,,,,,Auckland Region,Nil,2-way,Sealed,,0,0,,50,,Off,0,0,,76,Auckland,Nil,,,,,0,0,Urban,0,,,Fine,Null
1756674.5587,5926082.0738,902194,,509702,0,,0,3,,Null,2023/2024,AKORANGA DRIVE,CENTRE WAY,,Minor Crash,No,2023,,South,,0,,Flat,,,,,,Bright sun,364601,3,0,0,4,,,0,,,,,,Auckland Region,Nil,2-way,Sealed,,0,0,,50,,Off,0,0,,76,Auckland,Isolated Pedestrian signal (non-intersection),,,,,0,0,Urban,0,,,Fine,Null
1754554.6193,5914860.2939,902195,,518802,0,0,0,2,0,South,2024/2025,MOUNT ALBERT ROAD,HUNTINGTREE AVENUE,,Minor Crash,No,2025,0,North,0,0,0,Flat,0,,0,,0,Overcast,577300,1,0,0,2,0,0,0,0,1,,0,0,Auckland Region,Nil,2-way,Sealed,0,0,0,0,50,0,None,0,0,40,76,Auckland,Nil,0,0,0,0,0,0,Urban,0,0,0,Fine,Null
1765440.7076,5911890.89,902198,,520500,0,0,0,2,0,East,2022/2023,PANAMA ROAD,MOMOHO LANE,,Non-Injury Crash,No,2023,0,West,0,0,0,Flat,0,,0,,0,Twilight,634400,0,0,0,2,0,0,0,0,1,,0,0,Auckland Region,Nil,2-way,Sealed,0,0,0,0,50,0,On,0,0,,76,Auckland,Nil,0,0,0,0,0,0,Urban,1,0,0,Fine,Null
1770238.7757,5899041.1604,902206,,523911,0,,0,1,,South,2023/2024,GREAT SOUTH ROAD,MANUIA ROAD,,Non-Injury Crash,No,2023,,South,,0,,Flat,,,,,,Bright sun,768100,0,0,0,5,,,0,,,,,,Auckland Region,Nil,2-way,Sealed,,0,0,,50,,Off,0,0,,76,Auckland,Nil,,,,,0,0,Urban,1,,,Fine,Null
1768814.4124,5882458.0198,902208,,525910,0,0,0,0,0,Null,2022/2023,KAYES ROAD,PAERATA ROAD,,Non-Injury Crash,No,2023,0,North,0,0,1,Flat,0,,0,,0,Dark,818000,0,0,0,2,0,1,0,0,0,,0,0,Auckland Region,Nil,2-way,Sealed,0,0,0,0,50,0,On,0,0,,76,Auckland,Give way,0,0,0,1,0,0,Urban,0,0,0,Fine,Null
1768306.1393,5902068.4406,902210,,525001,0,0,0,2,0,North,2022/2023,GREAT SOUTH ROAD,GRANDE VUE ROAD,,Non-Injury Crash,No,2023,0,East,0,0,0,Flat,0,,0,,0,Bright sun,750800,0,0,0,2,0,0,0,0,1,,0,0,Auckland Region,Nil,2-way,Sealed,0,0,0,0,50,0,Off,0,0,,76,Auckland,Nil,0,0,0,0,0,0,Urban,0,0,0,Fine,Null
1757005.8482,5919440.4083,902214,,514200,0,,0,2,,Null,2022/2023,KARANGAHAPE ROAD,QUEEN STREET,,Non-Injury Crash,No,2023,,East,,0,,Flat,,,,,,Dark,412200,0,0,0,4,,,0,,,,,,Auckland Region,Nil,2-way,Sealed,,0,0,,30,,On,0,2,,76,Auckland,Traffic Signals,,,,,0,0,Urban,0,,,Mist or Fog,Null
1767069.9112,5905578.3974,902215,,522302,0,,0,1,,North,2022/2023,GREAT SOUTH ROAD,PUHINUI ROAD,,Non-Injury Crash,No,2023,,South,,0,,Flat,,,,,,Dark,670700,0,0,0,4,,,0,,,,,,Auckland Region,Nil,2-way,Sealed,,0,0,,50,,On,0,0,,76,Auckland,Nil,,,,,0,0,Urban,1,,,Fine,None
1750405.4107,5913757.0699,902218,,511303,0,,0,1,,East,2023/2024,CLARK STREET,WARD STREET,,Non-Injury Crash,No,2023,,West,,0,,Flat,,,,,,Overcast,265002,0,0,0,4,,,0,,,,,,Auckland Region,Nil,2-way,Sealed,,0,0,,50,,Off,0,0,,76,Auckland,Nil,,,,,0,0,Urban,1,,,Light rain,Null
1750419.1205,5929159.2046,902219,,509100,0,0,0,1,0,Null,2023/2024,GREENHITHE ROAD,GREENHITHE ROAD ON RAMP,,Non-Injury Crash,No,2024,0,East,0,0,0,Flat,1,,0,,0,Dark,181301,0,0,0,1,0,0,0,0,0,,0,0,Auckland Region,Motorway ramp,1-way,Sealed,0,0,0,0,50,0,On,0,0,,76,Auckland,Give way,0,0,0,0,0,0,Urban,0,0,0,Fine,Null
1771340.9446,5900045.9627,902224,,523911,0,,0,3,,Null,2023/2024,PORCHESTER ROAD,POPES ROAD,,Non-Injury Crash,No,2024,,South,,0,,Flat,,,,,,Bright sun,767100,0,0,0,2,,,0,,,,,,Auckland Region,Nil,2-way,Sealed,,0,0,,60,,Off,0,0,,76,Auckland,Stop,,,,,0,0,Urban,0,,,Fine,Null
1760102.9204,5908838.9868,902225,,524403,0,,0,1,,Null,2023/2024,MAHUNGA DRIVE,WALMSLEY ROAD,,Non-Injury Crash,No,2024,,South,,0,,Flat,,,,,,Bright sun,729500,0,0,0,2,,,0,,,,,,Auckland Region,Nil,2-way,Sealed,,0,0,,60,,Off,0,0,,76,Auckland,Traffic Signals,,,,,1,0,Urban,0,,,Fine,Null
1746564.5925,5915625.9546,902226,,511800,0,,0,0,,Null,2023/2024,VIEW ROAD,GREAT NORTH ROAD,,Serious Crash,No,2024,,East,,0,,Flat,,,,,,Overcast,276300,0,0,1,3,,,0,,,,,,Auckland Region,Nil,2-way,Sealed,,0,1,,50,,Off,1,0,,76,Auckland,Traffic Signals,,,,,0,0,Urban,0,,,Fine,Null
1754919.7961,5918295.5527,902230,,517500,0,0,0,1,0,East,2023/2024,NORTH-WESTERN MOTORWAY,MOUNTAIN VIEW OBR,,Non-Injury Crash,Yes,2023,0,West,0,0,0,Flat,1,,0,,0,Overcast,529900,0,0,0,4,0,0,0,0,0,,0,0,Auckland Region,Nil,1-way,Sealed,0,0,0,0,80,0,Off,0,0,,76,Auckland,Nil,0,0,0,0,0,0,Open,0,0,0,Fine,Null
1742705.7407,5921743.2803,902232,,513631,0,0,0,1,0,South,2024/2025,DON BUCK ROAD,CHERRY TREE PLACE,,Minor Crash,No,2024,0,North,0,0,0,Flat,0,,0,,0,Overcast,227101,1,0,0,2,0,0,0,0,1,,0,0,Auckland Region,Nil,2-way,Sealed,0,0,0,0,50,0,Off,0,0,,76,Auckland,Nil,0,0,0,0,0,0,Urban,1,0,0,Fine,Null
1764444.1597,5909355.0171,902235,,521802,0,,0,1,,Null,2023/2024,FAIRBURN ROAD,TAMAKI AVENUE,,Non-Injury Crash,No,2024,,West,,0,,Flat,,,,,,Bright sun,788601,0,0,0,2,,,0,,,,,,Auckland Region,Nil,2-way,Sealed,,0,0,,50,,Off,0,0,,76,Auckland,Stop,,,,,0,0,Urban,1,,,Fine,Null
1757107.7329,5912580.2187,902236,,518702,0,,0,0,,North,2024/2025,HILLSBOROUGH ROAD ON RAMP,SOUTH-WESTERN MOTORWAY,,Minor Crash,No,2024,,South,,0,,Hill Road,,,,,,Bright sun,570300,1,0,1,2,,,0,,,,,,Auckland Region,Motorway ramp,1-way,Sealed,,0,0,,100,,Off,0,0,,76,Auckland,Nil,,,,,0,0,Open,2,,,Fine,Null
1758210.3955,5920230.9667,902241,,514103,0,,0,1,,South,2024/2025,BEACH ROAD,CHURCHILL STREET,,Non-Injury Crash,No,2024,,East,,0,,Flat,,,,,,Overcast,438203,0,0,0,2,,,0,,,,,,Auckland Region,Nil,2-way,Sealed,,0,0,,50,,Off,0,1,,76,Auckland,Nil,,,,,1,0,Urban,0,,,Fine,Null
1748689.8766,5947508.1187,902242,,505806,0,0,0,1,0,Null,2023/2024,HIGHGATE PARKWAY,WAINUI ROAD,,Minor Crash,No,2024,0,South,0,0,0,Flat,0,,0,,0,Overcast,176604,1,0,0,4,0,0,0,0,0,,0,0,Auckland Region,Nil,2-way,Sealed,0,0,0,0,50,0,Off,1,0,,76,Auckland,Traffic Signals,1,1,0,0,0,0,Urban,0,0,0,Fine,Null
1765403.0241,5903711.8824,902249,,524604,0,,0,2,,East,2024/2025,SOUTH-WESTERN MOTORWAY,CAVENDISH DRIVE OFF RAMP,,Non-Injury Crash,Yes,2024,,West,,0,,Flat,,Christmas New Year,,,,Bright sun,781302,0,0,0,2,,,0,,,,,,Auckland Region,Nil,1-way,Sealed,,0,0,,100,,Off,0,0,,76,Auckland,Nil,,,,,0,0,Open,0,,,Fine,Null
1753246.7431,5914858.4286,902250,,518801,0,,0,1,,Null,2023/2024,STODDARD ROAD,RICHARDSON ROAD,,Non-Injury Crash,No,2023,,Null,,0,,Flat,,,,,,Bright sun,578400,0,0,0,4,,,0,,,,,,Auckland Region,Nil,2-way,Sealed,,0,0,,50,,Off,0,0,,76,Auckland,Nil,,,,,0,0,Urban,0,,,Light rain,Null
1761341.9339,5919338.9676,902253,,516400,0,,0,1,,Null,2024/2025,NGAPIPI ROAD,NGAIWI STREET,,Non-Injury Crash,No,2024,,South,,0,,Hill Road,,,,,,Bright sun,497000,0,0,0,2,,,0,,,,,,Auckland Region,Nil,2-way,Sealed,,0,0,,50,,Off,1,0,,76,Auckland,Stop,,,,,0,0,Urban,0,,,Fine,Null
1768076.904,5881059.3737,902255,,525910,0,,0,1,,Null,2024/2025,HELVETIA ROAD,VICTORIA STREET WEST,,Non-Injury Crash,No,2025,,South,,0,,Hill Road,,,,,,Bright sun,819900,0,0,0,2,,,0,,,,,,Auckland Region,Nil,2-way,Sealed,,0,0,,50,,Off,1,0,,76,Auckland,Stop,,,,,0,0,Urban,0,,,Fine,Null
1768809.6563,5902686.6351,902257,,524901,0,0,0,2,0,North,2024/2025,ORAMS ROAD,DAVID AVENUE,,Non-Injury Crash,No,2024,0,North,0,0,0,Hill Road,0,,0,,0,Dark,755000,0,0,0,2,0,0,0,0,1,,0,0,Auckland Region,Nil,2-way,Sealed,0,0,0,0,50,0,On,0,0,,76,Auckland,Nil,0,0,0,0,0,0,Urban,0,0,0,Fine,Null
1755510.4294,5924678.3838,902260,,509800,0,,0,0,,Null,2023/2024,ONEWA ROAD,LAKE ROAD,,Non-Injury Crash,No,2023,,East,,0,,Flat,,,,,,Overcast,360200,0,0,0,4,,,0,,,,,,Auckland Region,Nil,2-way,Sealed,,0,0,,50,,Off,0,0,,76,Auckland,Traffic Signals,,,,,0,0,Urban,2,,,Mist or Fog,Null
1757927.1382,5920563.1675,902262,,514103,0,0,0,0,0,Null,2022/2023,EDEN CRESCENT,SHORT STREET,,Non-Injury Crash,No,2023,0,North,0,0,0,Hill Road,0,,1,,0,Dark,438411,0,0,0,2,0,0,0,0,0,,0,0,Auckland Region,Nil,2-way,Sealed,0,0,0,0,30,0,On,0,0,,76,Auckland,Give way,0,0,0,0,0,0,Urban,1,0,0,Fine,Null
1765882.5464,5899584.0085,902267,,524822,0,0,0,1,0,West,2024/2025,PALMERS ROAD,BARNEYS FARM ROAD,,Non-Injury Crash,No,2024,0,West,0,0,1,Flat,0,,0,,0,Dark,774449,0,0,0,2,0,0,0,0,0,,0,0,Auckland Region,Nil,2-way,Sealed,0,0,0,0,30,0,On,0,0,,76,Auckland,Nil,0,0,0,0,0,0,Urban,0,0,0,Fine,Null
1771159.0443,5898767.7004,902268,,523911,0,,0,2,,West,2023/2024,TAKA STREET,TAKANINI SCHOOL ROAD,,Serious Crash,No,2023,,West,,0,,Flat,,,,,,Bright sun,766903,0,0,0,2,,,0,,,1,,,Auckland Region,Nil,2-way,Sealed,,0,1,,50,,Off,0,0,,76,Auckland,Nil,,,,,0,0,Urban,0,,,Fine,Null
1764668.4754,5905773.8207,902273,,522100,0,,0,2,,Null,2023/2024,STATION ROAD,WYLLIE ROAD,,Non-Injury Crash,No,2024,,East,,0,,Flat,,,,,,Dark,657700,0,0,0,2,,,0,,,,,,Auckland Region,Nil,2-way,Sealed,,0,0,,50,,On,0,0,,76,Auckland,Traffic Signals,,,,,0,0,Urban,0,,,Fine,Null
1764068.3507,5904309.6894,902275,,522100,0,,0,1,,Null,2023/2024,PUHINUI ROAD-SH 20B OFF RAMP,PUHINUI ROAD,,Non-Injury Crash,Yes,2023,,South,,0,,Flat,,,,,,Bright sun,781001,0,0,0,2,,,0,,,,,,Auckland Region,Nil,1-way,Sealed,,0,0,,50,,Off,0,0,,76,Auckland,Traffic Signals,,,,,0,0,Urban,1,,,Fine,Null
1743781.1463,5916389.0982,902285,,513011,0,,0,2,,Null,2023/2024,PALOMINO DRIVE,SAN BERNADINO DRIVE,,Non-Injury Crash,No,2023,,North,,0,,Hill Road,,,,,,Bright sun,280704,0,0,0,2,,,0,,,,,,Auckland Region,Nil,2-way,Sealed,,0,0,,50,,Off,0,0,,76,Auckland,Give way,,,,,0,0,Urban,0,,,Fine,Null
1778161.6966,5884181.3636,902288,,521132,0,0,0,0,0,East,2023/2024,CHAMBERLAIN ROAD,WOOTTEN ROAD,,Non-Injury Crash,No,2023,0,West,1,0,0,Flat,0,,0,,0,Dark,814501,0,0,0,2,0,0,0,0,0,,0,0,Auckland Region,Nil,2-way,Sealed,0,0,0,0,100,0,None,0,0,,76,Auckland,Nil,0,0,0,0,0,0,Open,1,0,0,Fine,Null
1747167.2148,5919786.727,902289,,512300,0,,0,0,,West,2023/2024,TE ATATU ROAD ON RAMP,TE ATATU OBR,,Serious Crash,No,2023,,South,,0,,Hill Road,,,,,,Bright sun,251700,0,0,1,2,,,0,,,,,,Auckland Region,Motorway ramp,1-way,Sealed,,0,1,,50,,Off,0,0,,76,Auckland,Nil,,,,,0,0,Urban,0,,,Fine,Null
1768896.4928,5900902.2981,902290,,524901,0,0,0,1,0,Null,2023/2024,OFF ROAD CARAPRK,,,Minor Crash,No,2024,0,South,0,0,0,Flat,0,,1,,0,Bright sun,757300,2,0,0,0,0,0,0,0,0,2,0,0,Auckland Region,Nil,Off road,Sealed,0,0,0,0,20,0,None,0,0,,76,Auckland,Nil,0,0,0,0,0,0,Urban,0,0,0,Fine,Null