X,Y,OBJECTID,advisorySpeed,areaUnitID,bicycle,bridge,bus,carStationWagon,cliffBank,crashDirectionDescription,crashFinancialYear,crashLocation1,crashLocation2,crashRoadSideRoad,crashSeverity,crashSHDescription,crashYear,debris,directionRoleDescription,ditch,fatalCount,fence,flatHill,guardRail,holiday,houseOrBuilding,intersection,kerb,light,meshblockId,minorInjuryCount,moped,motorcycle,NumberOfLanes,objectThrownOrDropped,otherObject,otherVehicleType,overBank,parkedVehicle,pedestrian,phoneBoxEtc,postOrPole,region,roadCharacter,roadLane,roadSurface,roadworks,schoolBus,seriousInjuryCount,slipOrFlood,speedLimit,strayAnimal,streetLight,suv,taxi,temporarySpeedLimit,tlaId,tlaName,trafficControl,trafficIsland,trafficSign,train,tree,truck,unknownVehicleType,urban,vanOrUtility,vehicle,waterRiver,weatherA,weatherB
1740979.2793,5976645.4099,902293,75,506660,0,1,0,0,0,South,2023/2024,SH 1,WAITARAIRE BR,,Serious Crash,Yes,2023,0,South,0,0,0,Flat,0,,0,,0,Bright sun,136700,0,0,0,2,0,0,1,0,0,,0,0,Auckland Region,Bridge,2-way,Sealed,0,0,1,0,80,0,None,0,0,,76,Auckland,Nil,0,0,0,0,1,0,Open,0,0,0,Light rain,Null
1757179.1715,5919572.7815,902298,,514103,0,0,0,1,0,Null,2023/2024,LIVERPOOL STREET,CITY ROAD,,Non-Injury Crash,No,2023,0,Null,0,0,0,Hill Road,0,,0,,0,Bright sun,436300,0,0,0,1,0,0,0,0,1,,0,0,Auckland Region,Nil,1-way,Sealed,0,0,0,0,30,0,Off,0,0,,76,Auckland,Give way,0,0,0,0,0,0,Urban,0,0,0,Fine,Null
1750405.4864,5913871.889,902302,,511303,0,,0,2,,Null,2023/2024,WARD STREET,PURIRI STREET,,Minor Crash,No,2024,,North,,0,,Flat,,,,,,Bright sun,265100,2,0,0,2,,,0,,,,,,Auckland Region,Nil,2-way,Sealed,,0,0,,50,,Off,0,0,,76,Auckland,Stop,,,,,0,0,Urban,0,,,Fine,Null
1752394.4244,5916127.7402,902307,,517901,0,,0,1,,North,2024/2025,WOODWARD ROAD,NEW NORTH ROAD,,Minor Crash,No,2024,,North,,0,,Flat,,,,,,Bright sun,523700,1,0,0,2,,,0,,,1,,,Auckland Region,Rail xing,2-way,Sealed,,0,0,,50,,Off,0,0,,76,Auckland,Nil,,,,,0,0,Urban,0,,,Fine,Null
1769323.1982,5899721.3525,902308,,525002,0,,0,2,,Null,2023/2024,MAHIA ROAD,NIELD ROAD,,Non-Injury Crash,No,2023,,East,,0,,Flat,,,,,,Dark,754100,0,0,0,2,,,0,,,,,,Auckland Region,Nil,2-way,Sealed,,0,0,,50,,On,0,0,,76,Auckland,Give way,,,,,0,0,Urban,0,,,Fine,Null
1771587.3338,5899358.5969,902309,,523911,0,,0,1,,Null,2024/2025,MANUROA ROAD,PORCHESTER ROAD,,Minor Crash,No,2024,,East,,0,,Flat,,,,,,Dark,767100,1,0,0,2,,,0,,,,,,Auckland Region,Nil,1-way,Sealed,,0,0,,50,,On,1,0,,76,Auckland,Give way,,,,,0,0,Urban,0,,,Light rain,Null
1746629.4427,5926018.0341,902312,,513432,0,,0,0,,Null,2023/2024,HOBSONVILLE ROAD,BRIGHAM CREEK ROAD,,Non-Injury Crash,No,2023,,East,,0,,Flat,,,,,,Dark,223005,0,0,0,2,,,0,,,,,,Auckland Region,Nil,2-way,Sealed,,0,0,,50,,On,0,0,,76,Auckland,Give way,,,,,0,0,Urban,2,,,Light rain,Null
1756572.5487,5927402.8237,902313,15,507900,0,,0,2,,West,2023/2024,THE AVENUE,NORTHCOTE ROAD,,Non-Injury Crash,No,2024,,North,,0,,Flat,,,,,,Bright sun,305202,0,0,0,2,,,0,,,,,,Auckland Region,Nil,2-way,Sealed,,0,0,,30,,Off,0,0,,76,Auckland,Nil,,,,,0,0,Urban,0,,,Fine,Null
1761089.6274,5918356.967,902318,,516201,0,,0,2,,Null,2023/2024,UPLAND ROAD,SHORE ROAD,,Non-Injury Crash,No,2023,,West,,0,,Flat,,,,,,Overcast,485900,0,0,0,2,,,0,,,,,,Auckland Region,Nil,2-way,Sealed,,0,0,,50,,None,0,1,,76,Auckland,Give way,,,,,0,0,Urban,0,,,Fine,Null
1757468.4453,5943903.0115,902320,,505902,0,,0,1,,South,2023/2024,WHANGAPARAOA ROAD,ZEALANDIA ROAD,,Minor Crash,No,2023,,North,,0,,Flat,,,,,,Overcast,174605,1,0,0,2,,,0,,,1,,,Auckland Region,Nil,2-way,Sealed,,0,0,,50,,Off,0,0,30,76,Auckland,Nil,,,,,0,0,Urban,0,,,Fine,Null
1755357.7988,5921563.2703,902328,,515202,0,,0,1,,North,2023/2024,NORTHERN MOTORWAY,SHELLY BEACH OBR,,Non-Injury Crash,Yes,2023,,West,,0,,Flat,,,,,,Dark,423600,0,0,0,4,,,0,,,,,,Auckland Region,Nil,1-way,Sealed,,0,0,,80,,On,0,0,,76,Auckland,Nil,,,,,1,0,Open,0,,,Fine,Null
1760272.874,5915389.0875,902331,,519400,0,,0,1,,Null,2022/2023,GREAT SOUTH ROAD,CAMPBELL ROAD,,Non-Injury Crash,No,2023,,South,,0,,Flat,,,,,,Overcast,617301,0,0,0,6,,,0,,,,,,Auckland Region,Nil,2-way,Sealed,,0,0,,50,,Off,0,0,,76,Auckland,Traffic Signals,,,,,1,0,Urban,0,,,Light rain,Null
1729278.1167,5943343.8446,902332,,506646,0,0,0,1,0,West,2022/2023,KAIPARA COAST HIGHWAY,ABEL ROAD,,Non-Injury Crash,Yes,2023,0,South,1,0,0,Flat,0,,0,,0,Bright sun,211401,0,0,0,2,0,0,0,0,0,,0,0,Auckland Region,Nil,2-way,Sealed,0,0,0,0,100,0,Off,0,0,,76,Auckland,Nil,0,0,0,0,0,0,Open,0,0,0,Fine,Null
1752884.6584,5913324.5189,902338,,518901,0,,0,2,,Null,2022/2023,BOUNDARY ROAD,DUNDALE AVENUE,,Minor Crash,No,2023,,North,,0,,Flat,,,,,,Bright sun,584501,1,0,0,2,,,0,,,,,,Auckland Region,Nil,2-way,Sealed,,0,0,,50,,Off,0,0,,76,Auckland,Stop,,,,,0,0,Urban,0,,,Fine,Null
1757417.8812,5918789.7843,902343,,514302,0,0,0,1,0,South,2023/2024,SOUTHERN MOTORWAY,GRAFTON OBR,,Non-Injury Crash,Yes,2023,0,South,0,0,0,Flat,1,,0,,0,Overcast,442500,0,0,0,4,0,0,0,0,0,,0,0,Auckland Region,Nil,1-way,Sealed,0,0,0,0,80,0,Off,0,0,,76,Auckland,Nil,0,0,0,0,1,0,Open,0,0,0,Fine,Null
1755853.9313,5918465.4813,902346,,515500,0,,0,1,,East,2023/2024,NORTH-WESTERN MOTORWAY,BOND OBR,,Minor Crash,Yes,2023,,North,,0,,Flat,,,,,,Dark,418500,2,0,0,5,,,0,,,,,,Auckland Region,Nil,1-way,Sealed,,0,0,,80,,On,0,0,,76,Auckland,Nil,,,,,0,0,Open,0,,,Fine,Null
1755370.3331,5924710.5996,902350,,509800,0,,0,1,,Null,2023/2024,ONEWA ROAD,CHURCH STREET,,Minor Crash,No,2024,,West,,0,,Hill Road,,,,,,Twilight,360400,1,0,1,4,,,0,,,,,,Auckland Region,Nil,2-way,Sealed,,0,0,,50,,Off,0,0,,76,Auckland,Nil,,,,,0,0,Urban,0,,,Fine,Null
1755775.1885,5911931.2936,902353,,519002,0,,0,1,,Null,2023/2024,RICHARDSON ROAD,OAKDALE ROAD,,Serious Crash,No,2024,,East,,0,,Hill Road,,,,,,Dark,591302,0,0,1,2,,,0,,,,,,Auckland Region,Nil,2-way,Sealed,,0,1,,50,,On,0,0,,76,Auckland,Give way,,,,,0,0,Urban,0,,,Fine,Null
1759889.6778,5908762.7678,902356,,524403,0,,0,2,,Null,2022/2023,WALMSLEY ROAD,WALMSLEY ROAD ON RAMP,,Non-Injury Crash,No,2023,,West,,0,,Flat,,,,,,Bright sun,729800,0,0,0,4,,,0,,,,,,Auckland Region,Bridge,2-way,Sealed,,0,0,,60,,Off,0,0,,76,Auckland,Traffic Signals,,,,,0,0,Urban,0,,,Fine,Null
1769353.5801,5881110.8495,902358,,525922,1,,0,1,,North,2023/2024,STADIUM DRIVE,MANUKAU ROAD,,Minor Crash,No,2024,,North,,0,,Flat,,,,,,Overcast,817200,1,0,0,2,,,0,,,,,,Auckland Region,Nil,1-way,Sealed,,0,0,,50,,Off,0,0,,76,Auckland,Nil,,,,,0,0,Urban,0,,,Fine,Null
1772970.4881,5891876.1625,902359,,521301,0,,0,2,,Null,2022/2023,CREEK STREET,BREMNER ROAD,,Non-Injury Crash,No,2023,,South,,0,,Hill Road,,,,,,Overcast,808701,0,0,0,2,,,0,,,,,,Auckland Region,Nil,2-way,Sealed,,0,0,,50,,Off,0,0,,76,Auckland,Stop,,,,,0,0,Urban,0,,,Fine,Null
1774516.5837,5896588.2097,902363,,525610,0,,0,2,,Null,2023/2024,SHEEHAN AVENUE,VALENTINE STREET,,Non-Injury Crash,No,2023,,South,,0,,Flat,,,,,,Dark,798600,0,0,0,2,,,0,,,,,,Auckland Region,Nil,2-way,Sealed,,0,0,,50,,On,0,0,,76,Auckland,Give way,,,,,0,0,Urban,0,,,Fine,Null
1756874.0292,5926363.5204,902370,,509702,0,,0,4,,North,2023/2024,NORTHERN MOTORWAY,ESMONDE ROAD ON RAMP,,Minor Crash,Yes,2023,,North,,0,,Flat,,,,,,Dark,364602,3,0,0,4,,,0,,,,,,Auckland Region,Nil,1-way,Sealed,,0,0,,100,,On,0,1,,76,Auckland,Nil,,,,,0,0,Open,0,,,Fine,Null
1757955.9145,5914735.5586,902371,,518600,0,0,0,1,0,Null,2023/2024,PAH ROAD,ORAKAU AVENUE,,Minor Crash,No,2023,0,South,0,0,0,Flat,0,,0,,0,Dark,565500,1,0,0,2,0,0,0,0,0,,1,0,Auckland Region,Nil,2-way,Sealed,0,0,0,0,50,0,On,0,0,,76,Auckland,Stop,0,1,0,0,0,0,Urban,0,0,0,Fine,Null
1762336.3595,5913404.6816,902374,,520402,0,,0,3,,South,2022/2023,SOUTHERN MOTORWAY,PENROSE OBR,,Non-Injury Crash,Yes,2023,,South,,0,,Flat,,Easter,,,,Bright sun,642200,0,0,0,3,,,0,,,,,,Auckland Region,Nil,1-way,Sealed,,0,0,,100,,Null,0,0,,76,Auckland,Nil,,,,,0,0,Open,0,,,Fine,Null
1768516.7671,5899419.5684,902379,,525102,0,,0,1,,Null,2024/2025,MAHIA ROAD,COXHEAD ROAD,,Minor Crash,No,2024,,West,,0,,Flat,,,,,,Bright sun,768300,2,0,0,1,,,0,,,,,,Auckland Region,Nil,1-way,Sealed,,0,0,,50,,Off,0,0,,76,Auckland,Give way,,,,,0,0,Urban,1,,,Light rain,Strong wind
1753407.7418,5914150.1161,902387,,514500,0,,0,1,,Null,2023/2024,LABURNUM ROAD,RICHARDSON ROAD,,Non-Injury Crash,No,2023,,East,,0,,Flat,,,,,,Overcast,375900,0,0,0,2,,,0,,,,,,Auckland Region,Nil,2-way,Sealed,,0,0,,50,,Off,0,0,,76,Auckland,Give way,,,,,0,1,Urban,0,,,Fine,None
1755365.5198,5929469.6384,902391,,508510,0,,0,2,,North,2024/2025,NORTHERN MOTORWAY,TRISTRAM AVENUE OFF RAMP,,Non-Injury Crash,Yes,2024,,South,,0,,Flat,,,,,,Twilight,194300,0,0,0,2,,,0,,,,,,Auckland Region,Nil,1-way,Sealed,,0,0,,100,,Off,0,0,,76,Auckland,Nil,,,,,0,0,Open,2,,,Fine,Null
1770923.2719,5898366.4271,902393,,523912,0,0,0,2,0,East,2024/2025,GREAT SOUTH ROAD,GRAHAM ROAD,,Minor Crash,No,2024,0,East,0,0,0,Flat,0,,0,,0,Dark,767600,1,0,0,2,0,0,0,0,1,,0,0,Auckland Region,Nil,2-way,Sealed,0,0,0,0,50,0,On,0,0,,76,Auckland,Nil,0,0,0,0,0,0,Urban,0,0,0,Fine,Null
1769130.4711,5900513.2374,902397,,525002,0,0,0,0,0,South,2023/2024,GREAT SOUTH ROAD,MCANNALLEY STREET,,Minor Crash,No,2024,0,South,0,0,0,Flat,0,,0,,0,Dark,753202,1,0,0,2,0,0,0,0,0,,0,1,Auckland Region,Nil,2-way,Sealed,0,0,0,0,50,0,On,0,0,,76,Auckland,Nil,0,0,0,0,1,0,Urban,0,0,0,Heavy rain,Null
1758484.502,5917108.0675,902405,,519200,0,0,0,1,0,East,2024/2025,CLYDE STREET,MARGOT STREET,,Non-Injury Crash,No,2024,0,East,0,0,1,Flat,0,,0,,0,Unknown,614000,0,0,0,2,0,0,0,0,0,,0,0,Auckland Region,Nil,2-way,Sealed,0,0,0,0,30,0,Null,0,0,,76,Auckland,Nil,0,0,0,0,0,0,Urban,0,0,0,Null,Null
1752393.0586,5916038.1385,902407,,517902,0,,0,2,,Null,2024/2025,NEW NORTH ROAD,RICHARDSON ROAD,,Minor Crash,No,2025,,North,,0,,Flat,,,,,,Bright sun,520700,1,0,0,5,,,0,,,,,,Auckland Region,Nil,2-way,Sealed,,0,0,,50,,Off,0,0,,76,Auckland,Traffic Signals,,,,,0,0,Urban,0,,,Fine,Null
1769901.3619,5899806.0237,902408,,523911,0,,0,1,,South,2022/2023,TAKANINI OFF RAMP,SOUTHERN MOTORWAY,,Non-Injury Crash,No,2023,,South,,0,,Flat,,,,,,Dark,766600,0,0,0,1,,,0,,,,,,Auckland Region,Motorway ramp,1-way,Sealed,,0,0,,100,,On,1,0,,76,Auckland,Nil,,,,,0,0,Open,0,,,Fine,Null
1764296.897,5912916.1451,902409,,520500,0,,0,1,,West,2024/2025,SOUTH-EASTERN HIGHWAY,CARBINE ROAD,,Non-Injury Crash,No,2024,,West,,0,,Flat,,,,,,Bright sun,639100,0,0,0,3,,,0,,,,,,Auckland Region,Nil,1-way,Sealed,,0,0,,50,,Off,0,0,,76,Auckland,Nil,,,,,1,0,Urban,0,,,Fine,Null
1780863.3928,5926405.4144,902410,,520801,0,0,0,1,0,North,2022/2023,BERESFORD AVENUE,TETLEY ROAD,,Non-Injury Crash,No,2023,0,North,0,0,0,Hill Road,0,,0,,0,Dark,516601,0,0,0,2,0,0,0,0,0,,0,0,Auckland Region,Nil,2-way,Sealed,0,0,0,0,50,0,None,0,0,,76,Auckland,Nil,0,0,0,1,0,0,Urban,0,0,0,Fine,Null
1754418.1297,5913810.671,902413,,518802,0,,0,1,,West,2024/2025,SOUTH-WESTERN MOTORWAY,MAY OBR,,Minor Crash,Yes,2025,,East,,0,,Flat,,,,,,Dark,579200,1,0,1,3,,,0,,,,,,Auckland Region,Nil,1-way,Sealed,,0,0,,100,,On,0,0,,76,Auckland,Nil,,,,,0,0,Open,0,,,Light rain,Null
1770459.9578,5904576.0561,902415,,523820,0,,0,1,,Null,2024/2025,REDOUBT ROAD,MURPHYS ROAD,,Non-Injury Crash,No,2024,,East,,0,,Flat,,,,,,Overcast,760000,0,0,0,2,,,0,,,,,,Auckland Region,Nil,2-way,Sealed,,0,0,,60,,None,0,0,,76,Auckland,Stop,,,,,0,0,Urban,1,,,Heavy rain,Null
1754002.6342,5945372.386,902418,45,505909,0,0,0,0,1,South,2023/2024,WHANGAPARAOA ROAD,D'OYLY DRIVE,,Non-Injury Crash,No,2024,0,South,0,0,0,Hill Road,0,,0,,0,Dark,173807,0,0,0,2,0,0,0,0,0,,0,0,Auckland Region,Nil,2-way,Sealed,0,0,0,0,50,0,On,0,0,,76,Auckland,Nil,0,0,0,0,0,0,Urban,1,0,0,Fine,Null
1755673.7547,5921257.9085,902419,,515202,0,,0,1,,South,2024/2025,NORTHERN MOTORWAY,SHELLY BEACH OBR,,Minor Crash,Yes,2024,,South,,0,,Flat,,,,,,Bright sun,425600,1,0,1,4,,,0,,,,,,Auckland Region,Nil,1-way,Sealed,,0,0,,80,,Off,0,0,,76,Auckland,Nil,,,,,0,0,Open,0,,,Fine,Null
1763288.7748,5909926.932,902420,,521901,0,0,0,2,0,North,2022/2023,SALEYARDS ROAD,RAILWAY LANE,,Non-Injury Crash,No,2023,0,South,0,0,0,Flat,0,,0,,0,Bright sun,782300,0,0,0,2,0,0,0,0,1,,0,0,Auckland Region,Nil,2-way,Sealed,0,0,0,0,50,0,Off,0,0,,76,Auckland,Nil,0,0,0,0,0,0,Urban,0,0,0,Fine,Null
1770591.3192,5906726.5631,902422,,523713,0,,0,1,,Null,2023/2024,KERRYKEEL DRIVE,COLLIER DRIVE,,Minor Crash,No,2024,,East,,0,,Flat,,,,,,Bright sun,713100,1,0,0,2,,,0,,,1,,,Auckland Region,Nil,2-way,Sealed,,0,0,,50,,Off,0,0,,76,Auckland,Nil,,,,,0,0,Urban,0,,,Fine,Null
1769045.2165,5911527.6388,902425,,523113,0,0,0,2,0,Null,2023/2024,TI RAKAU DRIVE,HARRIS ROAD,,Non-Injury Crash,No,2023,0,West,0,0,0,Flat,1,,0,,0,Overcast,711703,0,0,0,3,0,0,0,0,0,,0,0,Auckland Region,Nil,1-way,Sealed,0,0,0,0,60,0,Off,0,0,,76,Auckland,Traffic Signals,0,0,0,0,0,0,Urban,0,0,0,Fine,Null
1763260.031,5920409.4293,902431,,516500,0,0,0,1,0,West,2023/2024,TAMAKI DRIVE,PATTESON AVENUE,,Non-Injury Crash,No,2023,0,East,0,0,0,Flat,0,,0,,0,Dark,500600,0,0,0,2,0,0,0,0,1,,0,0,Auckland Region,Nil,2-way,Sealed,0,0,0,0,50,0,On,0,0,,76,Auckland,Nil,0,0,0,0,0,0,Urban,1,0,0,Fine,Null
1749329.0922,5913914.123,902437,,511302,0,,0,2,,East,2023/2024,GREAT NORTH ROAD,PINE STREET,,Non-Injury Crash,No,2024,,West,,0,,Flat,,,,,,Overcast,268900,0,0,0,2,,,0,,,,,,Auckland Region,Nil,1-way,Sealed,,0,0,,50,,Off,0,0,,76,Auckland,Nil,,,,,0,0,Urban,1,,,Fine,Null
1740183.4681,5928052.5746,902438,,505604,0,,0,2,,South,2022/2023,SH 16,OLD RAILWAY ROAD,,Non-Injury Crash,Yes,2023,,North,,0,,Flat,,,,,,Bright sun,214501,0,0,0,2,,,0,,,,,,Auckland Region,Nil,2-way,Sealed,,0,0,,80,,Off,0,0,,76,Auckland,Nil,,,,,0,0,Open,0,,,Fine,Null
1763990.0433,5904337.6031,902445,,522100,0,,0,2,,North,2024/2025,SOUTH-WESTERN MOTORWAY,PUHINUI UNDERPASS,,Non-Injury Crash,Yes,2024,,South,,0,,Flat,,,,,,Overcast,781001,0,0,0,2,,,0,,,,,,Auckland Region,Bridge,1-way,Sealed,,0,0,,100,,Off,0,0,,76,Auckland,Nil,,,,,0,0,Open,0,,,Fine,Null
1752840.4478,5916566.3675,902447,,517901,0,,0,0,,South,2024/2025,NEW NORTH ROAD,MOUNT ALBERT ROAD,,Non-Injury Crash,No,2024,,North,,0,,Null,,,,,,Dark,524800,0,0,0,4,,,0,,,,,,Auckland Region,Nil,2-way,Sealed,,0,0,,50,,On,1,0,,76,Auckland,Nil,,,,,0,0,Urban,1,,,Fine,Null
1770871.5943,5898678.9446,902454,,523912,1,,0,0,,Null,2023/2024,TAKA STREET,TAKANINI ROAD,,Non-Injury Crash,No,2023,,West,,0,,Flat,,,,,,Dark,767600,0,0,0,2,,,0,,,,,,Auckland Region,Nil,2-way,Sealed,,0,0,,50,,On,0,0,,76,Auckland,Give way,,,,,0,1,Urban,0,,,Fine,Null
1754488.0467,5918609.1945,902455,35,515431,0,0,0,0,0,North,2024/2025,TUARANGI ROAD,IVANHOE ROAD,,Non-Injury Crash,No,2024,0,South,0,0,0,Hill Road,1,,0,,0,Dark,406000,0,0,0,2,0,0,0,0,0,,0,1,Auckland Region,Nil,2-way,Sealed,0,0,0,0,50,0,On,1,0,,76,Auckland,Nil,0,0,0,0,0,0,Urban,0,0,0,Light rain,Null
1754696.4862,5917437.5581,902456,,517600,0,0,0,4,0,South,2022/2023,MORNINGSIDE DRIVE,TAYLORS ROAD,,Minor Crash,No,2023,0,South,0,0,0,Flat,0,,0,,0,Overcast,534700,1,0,0,2,0,0,0,0,2,,0,0,Auckland Region,Nil,2-way,Sealed,0,0,0,0,50,0,Off,0,0,,76,Auckland,Nil,0,0,0,0,0,0,Urban,0,0,0,Light rain,Null
1766293.6916,5907488.0743,902457,,523601,0,,0,2,,South,2023/2024,SOUTHERN MOTORWAY,EAST TAMAKI OBR,,Non-Injury Crash,Yes,2023,,South,,0,,Flat,,,,,,Bright sun,708500,0,0,0,3,,,0,,,,,,Auckland Region,Nil,1-way,Sealed,,0,0,,100,,Off,1,0,,76,Auckland,Nil,,,,,0,0,Open,0,,,Fine,Null
1751363.0767,5917348.4635,902458,,514900,0,0,0,1,0,South,2022/2023,ALFORD STREET,SAXON STREET,,Non-Injury Crash,No,2023,0,South,0,0,0,Flat,0,,0,,0,Bright sun,384000,0,0,0,2,0,0,0,0,0,,0,1,Auckland Region,Nil,2-way,Sealed,0,0,0,0,50,0,Off,0,0,,76,Auckland,Nil,0,0,0,0,0,0,Urban,0,0,0,Fine,Null
1740664.1598,5982080.4991,902463,,506660,0,0,0,1,0,South,2023/2024,WAYBY VALLEY ROAD,HOMEWARD BOUND DRIVE,,Non-Injury Crash,No,2024,0,East,1,0,0,Hill Road,0,,0,,0,Overcast,136303,0,0,0,2,0,0,0,0,0,,0,0,Auckland Region,Nil,2-way,Sealed,0,0,0,0,100,0,None,0,0,,76,Auckland,Nil,0,0,0,0,0,0,Open,0,0,0,Light rain,Null
1741610.4728,5919016.479,902468,,513101,0,0,0,1,0,South,2023/2024,SWANSON ROAD,SWANSON ROAD,,Non-Injury Crash,No,2023,0,East,0,0,0,Flat,0,,0,,0,Overcast,238200,0,0,0,2,0,0,0,0,0,,0,1,Auckland Region,Nil,2-way,Sealed,0,0,0,0,50,0,Off,0,0,,76,Auckland,Nil,0,1,0,0,0,0,Urban,0,0,0,Fine,Null
1769503.2953,5899787.9606,902482,,525002,0,0,0,1,0,Null,2023/2024,MAHIA ROAD,GREAT SOUTH ROAD,,Non-Injury Crash,No,2023,0,East,0,0,0,Flat,0,,0,,0,Bright sun,753900,0,0,0,3,0,0,0,0,0,,0,0,Auckland Region,Nil,2-way,Sealed,0,0,0,0,50,0,Off,0,0,,76,Auckland,Traffic Signals,0,1,0,0,0,0,Urban,0,0,0,Fine,Null
1757695.4169,5883242.9992,902496,,521152,0,0,0,2,0,South,2023/2024,GLENBROOK ROAD,CONROY ROAD,,Minor Crash,No,2023,0,South,0,0,2,Hill Road,0,,0,,0,Dark,834400,1,0,0,3,0,0,0,0,0,,0,0,Auckland Region,Nil,2-way,Sealed,0,0,0,0,80,0,On,0,0,,76,Auckland,Nil,0,0,0,1,0,0,Open,0,0,0,Fine,Null
1773003.8507,5896144.7063,902498,,525410,0,,0,2,,Null,2023/2024,RAILWAY STREET WEST,WOOD STREET,,Minor Crash,No,2023,,South,,0,,Flat,,,,,,Overcast,793200,1,0,0,2,,,0,,,,,,Auckland Region,Nil,2-way,Sealed,,0,0,,50,,Off,0,0,,76,Auckland,Give way,,,,,0,0,Urban,0,,,Fine,Null
1772086.7281,5902623.5594,902499,,523818,0,0,0,1,0,South,2023/2024,MILL ROAD,POLO PRINCE DRIVE,,Minor Crash,No,2024,0,North,0,0,1,Flat,0,,0,,0,Bright sun,760904,1,0,0,2,0,0,0,0,0,,0,0,Auckland Region,Nil,2-way,Sealed,0,0,0,0,80,0,Off,0,0,50,76,Auckland,Nil,0,0,0,0,0,0,Open,0,0,0,Fine,Null
1756738.3393,5919127.6629,902501,,514200,0,0,0,1,0,West,2023/2024,IAN MCKINNON DRIVE,UPPER QUEEN STREET,,Minor Crash,No,2024,0,West,0,0,0,Flat,0,Queens Birthday,0,,0,Dark,412600,1,0,0,3,0,0,0,0,0,,0,0,Auckland Region,Nil,2-way,Sealed,0,0,0,0,50,0,On,0,0,,76,Auckland,Nil,0,0,0,1,0,0,Urban,0,0,0,Fine,Null
1771209.9373,5887599.5283,902508,,521122,0,0,0,1,0,South,2023/2024,BURTT ROAD,CHERITON LANE,,Minor Crash,No,2024,1,South,1,0,1,Flat,0,,0,,0,Overcast,813300,1,0,0,2,0,0,0,0,0,,0,0,Auckland Region,Nil,2-way,Sealed,0,0,0,0,80,0,None,0,0,,76,Auckland,Nil,0,0,0,0,0,0,Open,0,0,0,Light rain,Null
1750509.4742,5913734.5594,902516,,511303,0,0,0,1,0,Null,2024/2025,CLARK STREET,PORTAGE ROAD,,Minor Crash,No,2024,0,West,0,0,0,Flat,0,,0,,0,Bright sun,265200,5,0,0,5,0,0,0,0,0,,0,1,Auckland Region,Nil,2-way,Sealed,0,0,0,0,50,0,Off,1,0,,76,Auckland,Traffic Signals,0,0,0,1,0,0,Urban,0,0,0,Fine,Null
1754247.5348,5918536.1459,902517,,515431,0,,1,1,,Null,2023/2024,GREAT NORTH ROAD,BULLOCK TRACK,,Non-Injury Crash,No,2023,,East,,0,,Flat,,,,,,Overcast,405000,0,0,0,5,,,0,,,,,,Auckland Region,Nil,2-way,Sealed,,0,0,,50,,Off,0,0,,76,Auckland,Traffic Signals,,,,,0,0,Urban,0,,,Mist or Fog,Null
1752055.7531,5928466.5632,902519,,508411,0,0,0,1,0,Null,2022/2023,HOUSTON PLACE,LYNN ROAD,,Non-Injury Crash,No,2023,0,East,0,0,1,Hill Road,0,Queens Birthday,0,,0,Dark,185104,0,0,0,2,0,0,0,0,0,,0,0,Auckland Region,Nil,2-way,Sealed,0,0,0,0,50,0,On,0,0,,76,Auckland,Nil,0,0,0,0,0,0,Urban,0,0,0,Light rain,Null
1757568.2786,5919985.7521,902520,,514103,0,,0,1,,Null,2022/2023,WELLESLEY STREET EAST,PRINCES STREET,,Non-Injury Crash,No,2023,,North,,0,,Hill Road,,,,,,Overcast,436700,0,0,0,3,,,0,,,,,,Auckland Region,Overpass,2-way,Sealed,,0,0,,30,,Off,1,0,,76,Auckland,Traffic Signals,,,,,0,0,Urban,1,,,Fine,Null
1771747.3778,5895373.5608,902528,,525540,0,,0,1,,South,2023/2024,ELLIOT STREET,RAY SMALL DRIVE,,Non-Injury Crash,No,2024,,South,,0,,Hill Road,,,,,,Overcast,806402,0,0,0,2,,,0,,,,,,Auckland Region,Nil,2-way,Sealed,,0,0,,50,,Off,0,0,,76,Auckland,Nil,,,,,0,0,Urban,1,,,Fine,Null
1749579.5954,5916018.9177,902537,35,514801,0,0,0,1,0,Null,2024/2025,AVONDALE ROAD,MAPLE STREET,,Non-Injury Crash,No,2024,0,West,0,0,1,Flat,0,,0,,0,Dark,389004,0,0,0,2,0,0,0,0,0,,0,0,Auckland Region,Nil,2-way,Sealed,0,0,0,0,50,0,On,0,0,,76,Auckland,Stop,0,0,0,0,0,0,Urban,0,0,0,Fine,Null
1763318.2284,5906673.5866,902541,,524301,0,,0,1,,Null,2024/2025,GRAEME AVENUE,HALLBERRY ROAD,,Non-Injury Crash,No,2024,,South,,0,,Null,,,,,,Unknown,747100,0,0,0,2,,,0,,,,,,Auckland Region,Nil,2-way,Sealed,,0,0,,50,,Null,0,0,,76,Auckland,Give way,,,,,0,0,Urban,0,,,Fine,Null
1757323.0143,5919846.7071,902545,,514103,0,0,0,3,0,North,2023/2024,ST PAUL STREET,AIREDALE STREET,,Non-Injury Crash,No,2024,0,West,0,0,0,Hill Road,0,,0,,0,Bright sun,436801,0,0,0,2,0,0,0,0,1,,0,0,Auckland Region,Nil,2-way,Sealed,0,0,0,0,30,0,Off,0,0,,76,Auckland,Nil,0,0,0,0,0,0,Urban,0,0,0,Fine,Null
1766123.8215,5899683.926,902548,,524822,0,,0,2,,West,2023/2024,PALMERS ROAD,WEYMOUTH ROAD,,Non-Injury Crash,No,2023,,West,,0,,Flat,,,,,,Overcast,774431,0,0,0,2,,,0,,,,,,Auckland Region,Nil,2-way,Sealed,,0,0,,50,,None,0,0,,76,Auckland,Give way,,,,,0,0,Urban,0,,,Light rain,Null