X,Y,OBJECTID,advisorySpeed,areaUnitID,bicycle,bridge,bus,carStationWagon,cliffBank,crashDirectionDescription,crashFinancialYear,crashLocation1,crashLocation2,crashRoadSideRoad,crashSeverity,crashSHDescription,crashYear,debris,directionRoleDescription,ditch,fatalCount,fence,flatHill,guardRail,holiday,houseOrBuilding,intersection,kerb,light,meshblockId,minorInjuryCount,moped,motorcycle,NumberOfLanes,objectThrownOrDropped,otherObject,otherVehicleType,overBank,parkedVehicle,pedestrian,phoneBoxEtc,postOrPole,region,roadCharacter,roadLane,roadSurface,roadworks,schoolBus,seriousInjuryCount,slipOrFlood,speedLimit,strayAnimal,streetLight,suv,taxi,temporarySpeedLimit,tlaId,tlaName,trafficControl,trafficIsland,trafficSign,train,tree,truck,unknownVehicleType,urban,vanOrUtility,vehicle,waterRiver,weatherA,weatherB
1758324.2428,5915495.5766,902550,,519300,0,,0,1,,West,2023/2024,GREEN LANE WEST,GREENLANE HPTL GT4,,Serious Crash,No,2024,,East,,0,,Flat,,,,,,Dark,622900,0,0,0,4,,,0,,,1,,,Auckland Region,Nil,2-way,Sealed,,0,1,,50,,On,0,0,,76,Auckland,Nil,,,,,0,0,Urban,0,,,Fine,Null
1769848.7573,5906162.5717,902551,35,523712,0,,0,2,,Null,2023/2024,BROADHURST ROAD,DONEGAL PARK DRIVE,,Non-Injury Crash,No,2023,,West,,0,,Flat,,,,,,Overcast,713201,0,0,0,2,,,0,,,,,,Auckland Region,Nil,2-way,Sealed,,0,0,,50,,Off,0,0,,76,Auckland,Give way,,,,,0,0,Urban,0,,,Fine,None
1759622.2077,5912282.0398,902552,,519820,0,0,0,1,0,North,2023/2024,VICTORIA STREET,CHURCH STREET ,,Non-Injury Crash,No,2024,0,South,0,0,0,Flat,0,,0,,0,Bright sun,601300,0,0,0,2,0,0,0,0,1,,0,0,Auckland Region,Nil,2-way,Sealed,0,0,0,0,50,0,Off,1,0,,76,Auckland,Nil,0,0,0,0,0,0,Urban,0,0,0,Fine,Null
1758217.5575,5917772.3141,902553,,515700,0,,0,2,,South,2023/2024,SOUTHERN MOTORWAY,GILLIES OBR,,Non-Injury Crash,Yes,2024,,South,,0,,Flat,,Queens Birthday,,,,Dark,443300,0,0,0,4,,,0,,,,,,Auckland Region,Bridge,1-way,Sealed,,0,0,,80,,On,0,0,,76,Auckland,Nil,,,,,0,0,Open,0,,,Fine,Null
1754860.8942,5914223.5401,902555,,518803,0,,0,2,,Null,2024/2025,MAY ROAD,MEMORIAL AVENUE,,Minor Crash,No,2024,,North,,0,,Flat,,,,,,Bright sun,580200,1,0,0,2,,,0,,,,,,Auckland Region,Nil,2-way,Sealed,,0,0,,50,,Off,0,0,,76,Auckland,Stop,,,,,0,0,Urban,0,,,Fine,Null
1750397.0234,5949238.2918,902559,,505805,0,,0,2,,Null,2024/2025,LAKESIDE DRIVE,KATH HOPPER DRIVE,,Minor Crash,No,2024,,South,,0,,Flat,,,,,,Overcast,171908,2,0,0,2,,,0,,,,,,Auckland Region,Nil,2-way,Sealed,,0,0,,50,,Off,0,0,,76,Auckland,Nil,,,,,0,0,Urban,0,,,Fine,Null
1765068.8744,5910277.5719,902563,,521803,0,1,0,1,0,North,2023/2024,SOUTHERN MOTORWAY,PRINCES OBR,,Non-Injury Crash,Yes,2023,1,South,0,0,0,Flat,0,,0,,0,Overcast,790000,0,0,0,3,0,0,0,0,0,,0,0,Auckland Region,Bridge,1-way,Sealed,0,0,0,0,100,0,Off,0,0,,76,Auckland,Nil,0,0,0,0,1,0,Open,0,0,0,Fine,Null
1749566.1012,5916020.5898,902566,,514801,0,,0,2,,Null,2022/2023,AVONDALE ROAD,MAPLE STREET,,Non-Injury Crash,No,2023,,West,,0,,Flat,,,,,,Overcast,389004,0,0,0,2,,,0,,,,,,Auckland Region,Nil,2-way,Sealed,,0,0,,50,,Off,0,0,,76,Auckland,Stop,,,,,0,0,Urban,0,,,Light rain,Null
1754189.8589,5929631.4691,902567,,508420,0,0,0,2,0,West,2023/2024,ELLICE ROAD,CHEVAL DRIVE,,Non-Injury Crash,No,2023,0,East,0,0,0,Flat,0,,0,,0,Dark,183300,0,0,0,2,0,0,0,0,1,,0,0,Auckland Region,Nil,2-way,Sealed,0,0,0,0,50,0,On,0,0,,76,Auckland,Nil,0,0,0,0,0,0,Urban,0,0,0,Fine,Null
1764932.7356,5913065.784,902569,,520500,0,0,0,1,0,West,2023/2024,SOUTH-EASTERN HIGHWAY,WAIPUNA ROAD,,Non-Injury Crash,No,2023,0,East,0,0,0,Hill Road,1,,0,,0,Twilight,639000,0,0,0,4,0,0,0,0,0,,0,0,Auckland Region,Nil,2-way,Sealed,0,0,0,0,80,0,Off,0,0,,76,Auckland,Nil,0,0,0,0,0,0,Open,0,0,0,Fine,Null
1764592.1242,5909939.4552,902573,,521802,0,,0,2,,Null,2023/2024,HUTTON STREET,AVENUE ROAD,,Non-Injury Crash,No,2024,,North,,0,,Flat,,,,,,Dark,788000,0,0,0,2,,,0,,,,,,Auckland Region,Nil,2-way,Sealed,,0,0,,50,,On,0,0,,76,Auckland,Stop,,,,,0,0,Urban,0,,,Fine,Null
1748384.6467,5918976.1954,902577,,514801,0,0,0,0,0,South,2024/2025,NORTH-WESTERN MOTORWAY,PATIKI ROAD ON RAMP,,Minor Crash,Yes,2025,1,North,0,0,0,Flat,1,,0,,0,Bright sun,389300,1,0,0,4,0,0,0,0,0,,0,0,Auckland Region,Nil,1-way,Sealed,0,0,0,0,100,0,Off,0,0,,76,Auckland,Nil,0,0,0,0,1,0,Open,1,0,0,Fine,Null
1756485.7857,5915164.2032,902578,,518302,0,,0,1,,West,2023/2024,SHACKLETON ROAD,MOUNT EDEN ROAD,,Minor Crash,No,2023,,East,,0,,Hill Road,,,,,,Bright sun,558500,1,0,0,2,,,0,,,2,,,Auckland Region,Nil,2-way,Sealed,,0,0,,50,,Off,0,0,,76,Auckland,Nil,,,,,0,0,Urban,0,,,Fine,Null
1750606.1999,5913230.1117,902583,,511303,0,0,0,4,0,North,2023/2024,PORTAGE ROAD,HILL CRESCENT,,Non-Injury Crash,No,2023,0,North,0,0,0,Flat,0,,0,,0,Dark,265300,0,0,0,2,0,0,0,0,2,,0,0,Auckland Region,Nil,2-way,Sealed,0,0,0,0,50,0,On,0,0,,76,Auckland,Nil,0,0,0,0,0,0,Urban,0,0,0,Fine,Null
1759287.4463,5919840.3067,902586,,515902,0,0,0,1,0,Null,2023/2024,GLADSTONE ROAD,CANTERBURY PLACE,,Non-Injury Crash,No,2024,0,South,0,0,0,Hill Road,0,,0,,0,Dark,454200,0,0,0,2,0,0,0,0,0,,0,1,Auckland Region,Nil,2-way,Sealed,0,0,0,0,50,0,On,0,0,,76,Auckland,Give way,0,1,0,0,0,0,Urban,0,0,0,Light rain,Null
1761228.1584,5914128.5988,902587,,519500,0,,0,0,,North,2024/2025,GREAT SOUTH ROAD,GREENPARK ROAD,,Serious Crash,No,2024,,North,,0,,Flat,,,,,,Overcast,620500,0,0,1,4,,,0,,,,,,Auckland Region,Nil,2-way,Sealed,,0,1,,50,,Off,0,0,,76,Auckland,Nil,,,,,0,0,Urban,1,,,Fine,Null
1765043.0495,5905806.1296,902588,,522202,0,,0,1,,Null,2022/2023,KOLMAR ROAD,ST GEORGE STREET,,Non-Injury Crash,No,2023,,South,,0,,Flat,,,,,,Unknown,664100,0,0,0,3,,,0,,,,,,Auckland Region,Nil,2-way,Sealed,,0,0,,50,,Off,0,0,,76,Auckland,Traffic Signals,,,,,0,0,Urban,1,,,Fine,None
1772957.5224,5896115.6723,902597,,525410,0,,0,1,,West,2024/2025,WOOD STREET,RAILWAY STREET WEST,,Minor Crash,No,2024,,East,,0,,Flat,,,,,,Bright sun,793200,1,0,0,2,,,0,,,1,,,Auckland Region,Nil,2-way,Sealed,,0,0,,50,,Off,0,0,,76,Auckland,Nil,,,,,0,0,Urban,0,,,Fine,Null
1759398.3237,5909249.2059,902598,,524002,0,,1,1,,Null,2023/2024,CORONATION ROAD,MOUNTAIN ROAD,,Minor Crash,No,2023,,North,,0,,Flat,,,,,,Overcast,724101,1,0,0,2,,,0,,,,,,Auckland Region,Nil,2-way,Sealed,,0,0,,50,,Off,0,0,,76,Auckland,Give way,,,,,0,0,Urban,0,,,Fine,Null
1755185.6103,5914277.8906,902602,,518803,0,,0,2,,Null,2023/2024,MOUNT ALBERT ROAD,DOMINION ROAD,,Non-Injury Crash,No,2024,,West,,0,,Flat,,,,,,Overcast,580700,0,0,0,2,,,0,,,,,,Auckland Region,Nil,2-way,Sealed,,0,0,,50,,None,0,0,,76,Auckland,Traffic Signals,,,,,0,0,Urban,0,,,Fine,Null
1779835.6479,5894251.3571,902605,,521132,0,,0,1,,North,2023/2024,HUNUA ROAD,MIDDLETON ROAD,,Minor Crash,No,2024,,Null,,0,,Flat,,,,,,Dark,816305,1,0,0,2,,,0,,,,,,Auckland Region,Nil,2-way,Sealed,,0,0,,80,,Off,0,0,,76,Auckland,Nil,,,,,0,0,Open,0,,,Fine,Null
1749062.1901,5927752.1646,902606,,509100,0,,0,2,,East,2024/2025,UPPER HARBOUR MOTORWAY,UPPER HARBOUR BR,,Minor Crash,Yes,2024,,West,,0,,Flat,,,,,,Dark,181400,1,0,0,2,,,0,,,,,,Auckland Region,Bridge,1-way,Sealed,,0,0,,100,,On,0,0,,76,Auckland,Nil,,,,,0,0,Open,0,,,Light rain,Null
1763908.0851,5902270.2739,902609,45,524604,0,0,0,0,0,Null,2024/2025,HARBOUR RIDGE DRIVE,STONEHILL DRIVE,,Minor Crash,No,2024,0,West,1,0,0,Flat,0,,0,,0,Dark,781200,1,0,0,2,0,0,0,0,0,,0,0,Auckland Region,Nil,2-way,Sealed,0,0,0,0,50,0,On,0,0,,76,Auckland,Give way,0,0,0,0,0,0,Urban,1,0,0,Fine,Null
1758136.4822,5915641.5671,902612,,519300,0,,0,2,,North,2022/2023,MANUKAU ROAD,QUEEN MARY AVENUE,,Non-Injury Crash,No,2023,,South,,0,,Flat,,,,,,Dark,622900,0,0,0,4,,,0,,,,,,Auckland Region,Nil,2-way,Sealed,,0,0,,50,,On,0,0,,76,Auckland,Nil,,,,,0,0,Urban,0,,,Fine,Null
1750804.9108,5915578.8752,902619,,514802,0,,0,2,,Null,2023/2024,ASH STREET,ROSEBANK ROAD,,Non-Injury Crash,No,2023,,East,,0,,Flat,,,,,,Overcast,387002,0,0,0,5,,,0,,,,,,Auckland Region,Nil,2-way,Sealed,,0,0,,50,,Off,0,0,,76,Auckland,Traffic Signals,,,,,0,0,Urban,0,,,Fine,Null
1754382.5926,5916600.2916,902620,,517701,0,,0,2,,Null,2023/2024,WAGENER PLACE,ST LUKES ROAD,,Non-Injury Crash,No,2024,,South,,0,,Flat,,,,,,Overcast,536100,0,0,0,3,,,0,,,,,,Auckland Region,Nil,2-way,Sealed,,0,0,,50,,Off,0,0,,76,Auckland,Give way,,,,,0,0,Urban,0,,,Light rain,Null
1762442.2099,5913198.6596,902625,,520500,0,0,0,2,0,South,2023/2024,SOUTHERN MOTORWAY,SOUTH-EASTERN HWY ON RAMP,,Non-Injury Crash,Yes,2024,0,North,0,0,0,Flat,1,Easter,0,,0,Dark,637200,0,0,0,3,0,0,0,0,0,,0,0,Auckland Region,Nil,1-way,Sealed,0,0,0,0,100,0,On,0,0,,76,Auckland,Nil,0,0,0,0,0,0,Open,0,0,0,Fine,Null
1755396.0173,5920541.9277,902626,,515302,0,0,0,0,0,North,2022/2023,REDMOND STREET,POMPALLIER TERRACE,,Non-Injury Crash,No,2023,0,North,0,0,0,Flat,0,,0,,0,Dark,429400,0,0,0,1,0,0,0,0,0,,0,1,Auckland Region,Nil,1-way,Sealed,0,0,0,0,40,0,On,1,0,,76,Auckland,Nil,0,0,0,0,0,0,Urban,0,0,0,Fine,Null
1815885.4534,5987300.2109,902630,,521000,0,,0,2,,North,2022/2023,WHANGAPARAPARA ROAD,FRENCH ROAD,,Non-Injury Crash,No,2023,,North,,0,,Hill Road,,,,,,Overcast,438901,0,0,0,2,,,0,,,,,,Auckland Region,Nil,2-way,Unsealed,,0,0,,100,,None,0,0,,76,Auckland,Nil,,,,,0,0,Open,0,,,Fine,Null
1750596.3408,5939710.6877,902631,,506300,0,0,0,1,0,South,2023/2024,NORTHERN MOTORWAY,BAWDEN OBR,,Non-Injury Crash,Yes,2024,0,North,0,0,0,Flat,1,,0,,0,Dark,176007,0,0,0,2,0,1,0,0,0,,0,0,Auckland Region,Nil,1-way,Sealed,0,0,0,0,100,0,None,0,0,,76,Auckland,Nil,0,0,0,0,0,0,Open,0,0,0,Light rain,Null
1770416.7924,5910666.6111,902632,,523109,0,0,0,0,0,South,2023/2024,TOWN CENTRE DRIVE,FOUNTAIN LANE NORTH,,Minor Crash,No,2023,0,South,0,0,0,Flat,0,,0,,0,Overcast,711709,1,0,1,2,0,1,0,0,0,,0,0,Auckland Region,Speed hump,2-way,Sealed,0,0,0,0,20,0,Off,0,0,10,76,Auckland,Nil,0,0,0,0,0,0,Urban,0,0,0,Light rain,Null
1760007.4181,5908351.9554,902635,,524403,0,,0,2,,North,2024/2025,SOUTH-WESTERN MOTORWAY,HALL FTBR,,Non-Injury Crash,Yes,2024,,South,,0,,Flat,,,,,,Twilight,729800,0,0,0,3,,,0,,,,,,Auckland Region,Nil,1-way,Sealed,,0,0,,100,,On,1,0,,76,Auckland,Nil,,,,,0,0,Open,0,,,Fine,Null
1753527.9784,5914386.9084,902646,,518801,0,,0,1,,Null,2022/2023,MAIORO STREET OFF RAMP,MAIORO STREET,,Non-Injury Crash,No,2023,,North,,0,,Flat,,,,,,Twilight,578400,0,0,0,2,,,0,,,,,,Auckland Region,Motorway ramp,1-way,Sealed,,0,0,,50,,On,0,0,,76,Auckland,Traffic Signals,,,,,0,0,Urban,1,,,Fine,Null
1734325.9333,5959520.2229,902651,35,506613,0,,0,0,,East,2024/2025,WEST COAST ROAD,KOMOKORIKI HILL ROAD,,Minor Crash,No,2025,,South,,0,,Hill Road,,,,,,Overcast,146400,1,0,1,2,,,0,,,,,,Auckland Region,Nil,2-way,Sealed,,0,0,,100,,Off,0,0,,76,Auckland,Nil,,,,,0,0,Open,0,,,Fine,Null
1762110.1487,5913365.3519,902652,,520500,0,0,0,1,0,North,2024/2025,GREAT SOUTH ROAD,HOLLOWAY PLACE,,Serious Crash,No,2024,0,North,0,0,0,Flat,0,,0,,1,Dark,637100,1,0,0,4,0,0,0,0,0,,0,0,Auckland Region,Nil,2-way,Sealed,0,0,1,0,50,0,On,0,0,,76,Auckland,Nil,0,0,0,1,0,0,Urban,0,0,0,Fine,Null
1769474.002,5902039.9256,902655,,524901,0,,0,0,,South,2023/2024,HILL ROAD ON RAMP,SOUTHERN MOTORWAY,,Non-Injury Crash,No,2023,,North,,0,,Flat,,,,,,Dark,755600,0,0,0,1,,,0,,,,,,Auckland Region,Nil,1-way,Sealed,,0,0,,50,,On,2,0,,76,Auckland,Nil,,,,,0,0,Urban,0,,,Fine,None
1815607.5929,5997396.749,902657,,521000,0,,0,0,,North,2024/2025,MABEY ROAD,AOTEA ROAD,,Non-Injury Crash,No,2024,,North,,0,,Hill Road,,,,,,Twilight,438700,0,0,0,2,,,0,,,,,,Auckland Region,Nil,2-way,Unsealed,,0,0,,100,,None,1,0,,76,Auckland,Nil,,,,,0,0,Open,1,,,Fine,Null
1774613.0164,5896032.7392,902661,,525510,0,,0,2,,East,2024/2025,SETTLEMENT ROAD,TIEL LANE,,Minor Crash,No,2025,,West,,0,,Flat,,,,,,Dark,801002,1,0,1,2,,,0,,,,,,Auckland Region,Nil,2-way,Sealed,,0,0,,50,,On,0,0,,76,Auckland,Nil,,,,,0,0,Urban,0,,,Fine,Null
1769038.016,5911523.7141,902665,,523112,0,,0,2,,Null,2023/2024,HARRIS ROAD,TI RAKAU DRIVE,,Non-Injury Crash,No,2024,,North,,0,,Flat,,,,,,Unknown,711404,0,0,0,4,,,0,,,,,,Auckland Region,Nil,2-way,Sealed,,0,0,,50,,Null,0,0,,76,Auckland,Traffic Signals,,,,,0,0,Urban,0,,,Null,Null
1755074.8141,5929172.4961,902666,,508420,0,,0,2,,Null,2023/2024,WAIRAU ROAD,VIEW ROAD,,Minor Crash,No,2024,,North,,0,,Hill Road,,,,,,Overcast,183800,1,0,0,5,,,0,,,,,,Auckland Region,Nil,2-way,Sealed,,0,0,,50,,Off,0,0,,76,Auckland,Give way,,,,,0,0,Urban,0,,,Fine,Null
1771411.6503,5913972.9509,902676,,521602,0,,0,0,,Null,2022/2023,WELLINGTON STREET,UNION ROAD,,Non-Injury Crash,No,2023,,East,,0,,Flat,,,,,,Overcast,648300,0,0,0,2,,,0,,,,,,Auckland Region,Nil,2-way,Sealed,,0,0,,50,,Off,0,0,,76,Auckland,Stop,,,,,0,0,Urban,2,,,Heavy rain,Null
1769892.3813,5900857.8023,902677,,524902,0,,0,0,,South,2023/2024,SOUTHERN MOTORWAY,ALFRISTON OBR,,Non-Injury Crash,Yes,2023,,North,,0,,Flat,,,,,,Bright sun,757700,0,0,1,3,,,0,,,,,,Auckland Region,Nil,1-way,Sealed,,0,0,,100,,Null,0,0,,76,Auckland,Nil,,,,,0,0,Open,1,,,Fine,Null
1753205.2447,5918261.5496,902679,,515003,0,,0,3,,West,2023/2024,NORTH-WESTERN MOTORWAY,ST LUKES ROAD ON RAMP,,Non-Injury Crash,Yes,2023,,West,,0,,Flat,,,,,,Bright sun,390502,0,0,0,4,,,0,,,,,,Auckland Region,Nil,1-way,Sealed,,0,0,,100,,Off,1,1,,76,Auckland,Nil,,,,,0,0,Open,0,,,Fine,Null
1771603.1714,5895218.8612,902690,,525530,0,,0,2,,Null,2023/2024,BEACH ROAD,PAPAKURA OFF RAMP,,Minor Crash,No,2024,,West,,0,,Flat,,,,,,Dark,804901,1,0,0,3,,,0,,,,,,Auckland Region,Nil,1-way,Sealed,,0,0,,50,,On,0,0,,76,Auckland,Traffic Signals,,,,,0,0,Urban,0,,,Fine,Null
1759254.079,5911773.8615,902693,,519820,0,,0,3,,Null,2024/2025,NEILSON STREET,GALWAY STREET,,Minor Crash,No,2025,,East,,0,,Flat,,,,,,Bright sun,602401,1,0,0,2,,,0,,,,,,Auckland Region,Nil,1-way,Sealed,,0,0,,50,,Off,0,0,,76,Auckland,Give way,,,,,0,0,Urban,0,,,Fine,Null
1757718.049,5918255.7927,902695,,518101,0,,0,1,,North,2024/2025,SOUTHERN MOTORWAY,MOUNTAIN OBR,,Non-Injury Crash,Yes,2024,,North,,0,,Flat,,,,,,Bright sun,543000,0,0,0,4,,,0,,,,,,Auckland Region,Nil,1-way,Sealed,,0,0,,80,,Off,1,0,,76,Auckland,Nil,,,,,0,0,Open,0,,,Fine,Null
1764670.1103,5905762.1332,902699,,522100,0,,0,2,,Null,2024/2025,STATION ROAD,WYLLIE ROAD,,Non-Injury Crash,No,2024,,West,,0,,Flat,,,,,,Dark,657700,0,0,0,2,,,0,,,,,,Auckland Region,Nil,1-way,Sealed,,0,0,,50,,On,0,0,,76,Auckland,Traffic Signals,,,,,0,0,Urban,0,,,Fine,Null
1758728.005,5918815.3312,902701,,515901,0,0,0,4,0,Null,2024/2025,PARNELL ROAD,COWIE STREET,,Non-Injury Crash,No,2024,0,North,0,0,0,Flat,0,,0,,0,Bright sun,451800,0,0,0,2,0,0,0,0,2,,0,0,Auckland Region,Nil,2-way,Sealed,0,0,0,0,50,0,Off,0,0,,76,Auckland,Give way,0,0,0,0,0,0,Urban,0,0,0,Heavy rain,Null
1762184.9997,5913644.1045,902702,,520500,0,,0,2,,South,2022/2023,SOUTHERN MOTORWAY,PENROSE OBR,,Minor Crash,Yes,2023,,North,,0,,Flat,,,,,,Overcast,637100,1,0,0,3,,,0,,,,,,Auckland Region,Underpass,1-way,Sealed,,0,0,,100,,Off,0,0,,76,Auckland,Nil,,,,,0,0,Open,0,,,Light rain,Null
1757930.2472,5928754.1039,902711,,507800,0,0,0,2,0,Null,2022/2023,KITCHENER ROAD,SALTBURN ROAD,,Non-Injury Crash,No,2023,0,West,0,0,0,Flat,0,,0,,0,Dark,309800,0,0,0,2,0,0,0,0,1,,0,0,Auckland Region,Nil,2-way,Sealed,0,0,0,0,50,0,On,0,0,,76,Auckland,Give way,0,0,0,0,0,0,Urban,0,0,0,Fine,Null
1759416.2638,5910238.9117,902714,,524002,0,,0,2,,Null,2023/2024,RIMU ROAD,RIMU ROAD ON RAMP,,Non-Injury Crash,No,2024,,East,,0,,Flat,,,,,,Bright sun,722000,0,0,0,2,,,0,,,,,,Auckland Region,Motorway ramp,2-way,Sealed,,0,0,,50,,Off,0,0,,76,Auckland,Give way,,,,,0,0,Urban,0,,,Fine,Null
1757868.5013,5918723.087,902722,,517400,0,,0,2,,Null,2023/2024,PARK ROAD,CARLTON GORE ROAD,,Non-Injury Crash,No,2024,,North,,0,,Hill Road,,,,,,Dark,450100,0,0,0,3,,,0,,,,,,Auckland Region,Nil,2-way,Sealed,,0,0,,50,,On,0,1,,76,Auckland,Traffic Signals,,,,,0,0,Urban,0,,,Fine,Null
1759192.0054,5916729.3286,902727,,516001,0,0,0,0,0,Null,2023/2024,MARKET ROAD OFF RAMP,MARKET ROAD,,Serious Crash,No,2024,0,North,0,0,0,Flat,1,,0,,0,Bright sun,491700,0,0,0,2,0,0,0,0,0,,0,0,Auckland Region,Overpass,1-way,Sealed,0,0,1,0,50,0,Null,0,0,,76,Auckland,Traffic Signals,1,0,0,0,0,0,Urban,1,0,0,Fine,Null
1771283.0086,5898748.0573,902730,,523912,0,,0,1,,Null,2023/2024,KAURI HEART AVENUE,AVIATION STREET,,Non-Injury Crash,No,2023,,West,,0,,Flat,,,,,,Bright sun,767400,0,0,0,2,,,0,,,,,,Auckland Region,Nil,2-way,Sealed,,0,0,,50,,Off,0,0,,76,Auckland,Give way,,,,,0,0,Urban,1,,,Fine,Null
1774959.6562,5909335.3857,902733,,523202,0,0,0,1,0,East,2024/2025,WHITFORD MARAETAI ROAD,WHITFORD PARK ROAD,,Minor Crash,No,2024,0,West,0,0,0,Hill Road,0,,0,,0,Bright sun,716601,1,0,0,2,0,0,0,0,0,,0,1,Auckland Region,Nil,2-way,Sealed,0,0,0,0,50,0,Off,0,0,,76,Auckland,Nil,0,0,0,1,0,0,Urban,0,0,0,Fine,Null
1762626.8796,5903688.6068,902734,,524604,0,,0,2,,East,2023/2024,PUHINUI ROAD,CAMPANA ROAD,,Minor Crash,Yes,2024,,West,,0,,Flat,,,,,,Bright sun,781100,2,0,0,2,,,0,,,,,,Auckland Region,Nil,2-way,Sealed,,0,0,,60,,Off,0,0,,76,Auckland,Nil,,,,,0,0,Urban,1,,,Fine,Null
1765594.3772,5905861.4798,902737,,522202,0,,0,2,,Null,2023/2024,CARRUTH ROAD,ST GEORGE STREET,,Non-Injury Crash,No,2023,,West,,0,,Flat,,,,,,Overcast,665000,0,0,0,2,,,0,,,,,,Auckland Region,Nil,2-way,Sealed,,0,0,,50,,Off,0,0,,76,Auckland,Give way,,,,,0,0,Urban,0,,,Light rain,None
1770086.099,5908809.7241,902741,,523115,0,0,0,0,0,North,2023/2024,CHAPEL ROAD,DUNTRUNE ROAD,,Non-Injury Crash,No,2024,0,North,0,0,0,Flat,0,,0,,0,Bright sun,712106,0,0,0,2,0,0,0,0,0,,0,0,Auckland Region,Nil,2-way,Sealed,0,0,0,0,50,0,Off,0,0,,76,Auckland,Nil,0,0,0,1,0,0,Urban,1,0,0,Fine,Null
1757761.9684,5919689.4599,902742,,514301,0,,0,2,,Null,2023/2024,WELLESLEY STREET EAST,WELLESLEY STREET ON RAMP,,Minor Crash,No,2023,,North,,0,,Hill Road,,Labour Weekend,,,,Bright sun,440400,1,0,0,5,,,0,,,,,,Auckland Region,Motorway ramp,2-way,Sealed,,0,0,,50,,Off,0,0,,76,Auckland,Give way,,,,,0,0,Urban,0,,,Fine,Null
1763261.3903,5912812.1069,902747,,520500,0,,0,1,,West,2024/2025,SOUTHERN MOTORWAY,SEART OBR,,Non-Injury Crash,Yes,2024,,West,,0,,Flat,,,,,,Overcast,637300,0,0,0,3,,,0,,,,,,Auckland Region,Nil,1-way,Sealed,,0,0,,100,,Off,0,0,,76,Auckland,Nil,,,,,0,0,Open,1,,,Light rain,Null
1749481.7242,5958922.3938,902754,75,506613,0,0,0,1,1,North,2023/2024,SH 1,COOK ROAD,,Non-Injury Crash,No,2023,0,South,0,0,0,Flat,0,,0,,0,Dark,147106,0,0,0,0,0,0,0,0,0,,0,0,Auckland Region,Nil,2-way,Sealed,0,0,0,0,80,0,None,0,0,,76,Auckland,Nil,0,0,0,0,0,0,Open,0,0,0,Fine,Null
1763430.7299,5912937.8222,902755,,520402,0,0,0,2,0,East,2023/2024,ARANUI ROAD,RUAWAI ROAD,,Non-Injury Crash,No,2024,0,East,0,0,0,Flat,0,,0,,0,Overcast,641600,0,0,0,2,0,0,0,0,1,,0,0,Auckland Region,Nil,2-way,Sealed,0,0,0,0,50,0,None,0,0,,76,Auckland,Nil,0,0,0,0,0,0,Urban,0,0,0,Fine,Null
1770955.1284,5914315.1349,902756,,521602,0,,0,1,,Null,2024/2025,UNION ROAD,BOTANY ROAD,,Minor Crash,No,2024,,North,,0,,Flat,,,,,,Overcast,648100,1,0,1,2,,,0,,,,,,Auckland Region,Nil,2-way,Sealed,,0,0,,50,,None,0,0,,76,Auckland,Give way,,,,,0,0,Urban,0,,,Fine,Null
1759116.5515,5916692.6178,902758,,516001,0,,0,1,,Null,2023/2024,MARKET ROAD,PATEY STREET,,Minor Crash,No,2024,,South,,0,,Flat,,,,,,Bright sun,491302,1,0,0,4,,,0,,,1,,,Auckland Region,Nil,2-way,Sealed,,0,0,,50,,Off,0,0,,76,Auckland,Nil,,,,,0,0,Urban,0,,,Fine,Null
1757117.4338,5912570.7283,902763,,518702,0,,0,1,,North,2023/2024,HILLSBOROUGH ROAD ON RAMP,QUEENSTOWN OBR,,Non-Injury Crash,No,2024,,South,,0,,Flat,,,,,,Bright sun,570300,0,0,0,2,,,0,,,,,,Auckland Region,Motorway ramp,1-way,Sealed,,0,0,,100,,Null,0,0,,76,Auckland,Nil,,,,,0,0,Open,1,,,Null,None
1757566.6628,5918494.752,902775,,514302,0,,0,1,,South,2023/2024,SOUTHERN MOTORWAY,BOSTON OBR,,Non-Injury Crash,Yes,2024,,South,,0,,Flat,,,,,,Bright sun,442100,0,0,0,5,,,0,,,,,,Auckland Region,Motorway ramp,1-way,Sealed,,0,0,,80,,Off,0,0,,76,Auckland,Nil,,,,,1,0,Open,0,,,Fine,Null
1767235.9999,5904385.9961,902785,,524604,0,0,0,0,0,South,2024/2025,OSTERLEY WAY,AMERSHAM WAY,,Non-Injury Crash,No,2024,0,South,0,0,0,Flat,0,,0,,0,Overcast,780204,0,0,0,1,0,0,0,0,1,,0,0,Auckland Region,Nil,1-way,Sealed,0,0,0,0,50,0,Null,0,0,,76,Auckland,Nil,0,0,0,0,0,0,Urban,1,0,0,Light rain,Null
1744840.8427,5919805.171,902788,,513301,0,0,0,1,0,East,2023/2024,UNIVERSAL DRIVE,PENFOLD PLACE,,Minor Crash,No,2023,0,West,0,0,0,Flat,0,,0,,0,Bright sun,234402,1,0,0,2,0,0,0,0,1,,0,0,Auckland Region,Nil,2-way,Sealed,0,0,0,0,50,0,Off,0,0,,76,Auckland,Nil,0,0,0,0,0,0,Urban,1,0,0,Fine,Null