X,Y,OBJECTID,advisorySpeed,areaUnitID,bicycle,bridge,bus,carStationWagon,cliffBank,crashDirectionDescription,crashFinancialYear,crashLocation1,crashLocation2,crashRoadSideRoad,crashSeverity,crashSHDescription,crashYear,debris,directionRoleDescription,ditch,fatalCount,fence,flatHill,guardRail,holiday,houseOrBuilding,intersection,kerb,light,meshblockId,minorInjuryCount,moped,motorcycle,NumberOfLanes,objectThrownOrDropped,otherObject,otherVehicleType,overBank,parkedVehicle,pedestrian,phoneBoxEtc,postOrPole,region,roadCharacter,roadLane,roadSurface,roadworks,schoolBus,seriousInjuryCount,slipOrFlood,speedLimit,strayAnimal,streetLight,suv,taxi,temporarySpeedLimit,tlaId,tlaName,trafficControl,trafficIsland,trafficSign,train,tree,truck,unknownVehicleType,urban,vanOrUtility,vehicle,waterRiver,weatherA,weatherB
1759437.7495,5910401.933,902789,,524002,0,,0,2,,South,2024/2025,SOUTH-WESTERN MOTORWAY,MAHUNGA DRIVE OFF RAMP,,Non-Injury Crash,Yes,2024,,South,,0,,Hill Road,,,,,,Overcast,722400,0,0,0,4,,,0,,,,,,Auckland Region,Nil,1-way,Sealed,,0,0,,100,,Off,0,0,,76,Auckland,Nil,,,,,0,0,Open,0,,,Fine,Null
1752864.9479,5918322.1439,902794,,515002,0,0,0,1,0,East,2023/2024,GREAT NORTH ROAD,MOA ROAD,,Non-Injury Crash,No,2024,0,West,0,0,0,Flat,0,,0,,0,Overcast,397300,0,0,1,5,0,0,0,0,1,,0,0,Auckland Region,Nil,2-way,Sealed,0,0,0,0,50,0,Off,0,0,,76,Auckland,Nil,0,0,0,0,0,0,Urban,0,0,0,Fine,Null
1753164.0015,5930038.5129,902795,,508803,0,,0,1,,Null,2024/2025,ALBANY HIGHWAY,UNSWORTH DRIVE,,Minor Crash,No,2024,,East,,0,,Flat,,,,,,Overcast,180855,1,0,0,2,,,0,,,,,,Auckland Region,Nil,2-way,Sealed,,0,0,,50,,Off,0,0,,76,Auckland,Give way,,,,,0,0,Urban,1,,,Fine,Null
1756761.5491,5913200.7802,902798,,518702,0,,0,0,,North,2023/2024,HILLSBOROUGH ROAD,HAUGHEY AVENUE,,Non-Injury Crash,No,2023,,North,,0,,Flat,,,,,,Bright sun,567700,0,0,0,2,,,0,,,,,,Auckland Region,Nil,2-way,Sealed,,0,0,,50,,Null,0,0,,76,Auckland,Nil,,,,,0,0,Urban,1,,,Fine,Null
1748420.6544,5913949.3983,902803,,511700,0,,0,1,,West,2023/2024,GREAT NORTH ROAD,LYNWOOD ROAD,,Non-Injury Crash,No,2024,,West,,0,,Flat,,,,,,Overcast,270202,0,0,0,4,,,0,,,,,,Auckland Region,Nil,2-way,Sealed,,0,0,,50,,Off,0,0,,76,Auckland,Nil,,,,,0,0,Urban,0,,,Fine,Null
1754076.5777,5927203.7481,902804,,508310,0,0,0,2,0,North,2024/2025,AGINCOURT STREET,GREENVALLEY RISE,,Minor Crash,No,2025,0,North,0,0,0,Flat,0,,0,,0,Dark,202000,1,0,0,2,0,0,0,0,1,,0,0,Auckland Region,Nil,2-way,Sealed,0,0,0,0,50,0,On,0,0,,76,Auckland,Nil,0,0,0,0,0,0,Urban,0,0,0,Fine,Null
1761932.1347,5907892.4883,902807,,524530,0,,0,1,,Null,2023/2024,WICKMAN WAY,YATES ROAD,,Non-Injury Crash,No,2024,,West,,0,,Flat,,,,,,Bright sun,734201,0,0,0,2,,,0,,,,,,Auckland Region,Nil,2-way,Sealed,,0,0,,50,,Off,0,0,,76,Auckland,Stop,,,,,0,0,Urban,1,,,Fine,Null
1751642.4746,5917934.0984,902811,,515001,0,,0,0,,East,2024/2025,SH 20,NORTH-WESTERN MOTORWAY,,Minor Crash,Yes,2025,,North,,0,,Flat,,,,,,Bright sun,392200,1,0,1,2,,,0,,,,,,Auckland Region,Motorway ramp,1-way,Sealed,,0,0,,80,,Off,1,0,,76,Auckland,Nil,,,,,0,0,Open,0,,,Fine,Null
1761098.5112,5914938.2785,902817,,520202,0,,0,3,,South,2024/2025,SOUTHERN MOTORWAY,ELLERSLIE FTBR,,Minor Crash,Yes,2025,,North,,0,,Flat,,,,,,Bright sun,611900,1,0,0,4,,,0,,,,,,Auckland Region,Nil,1-way,Sealed,,0,0,,100,,Off,0,0,,76,Auckland,Nil,,,,,0,0,Open,0,,,Fine,Null
1777007.8132,5880316.1587,902822,,521160,0,0,0,0,0,South,2023/2024,GREAT SOUTH ROAD,BEAVER ROAD,,Non-Injury Crash,Yes,2024,0,North,0,0,1,Hill Road,0,,0,,0,Bright sun,828204,0,0,0,2,0,0,0,0,0,,0,1,Auckland Region,Motorway ramp,1-way,Sealed,0,0,0,0,100,0,Off,0,0,,76,Auckland,Nil,1,0,0,0,0,0,Open,1,0,0,Fine,Strong wind
1746047.5247,5913048.7775,902826,,511001,0,0,0,1,0,South,2024/2025,ROSIER ROAD,PISCES ROAD,,Minor Crash,No,2025,0,North,0,0,0,Hill Road,0,,0,,0,Bright sun,282809,1,0,0,2,0,0,0,0,1,,0,0,Auckland Region,Nil,2-way,Sealed,0,0,0,0,50,0,Off,0,0,,76,Auckland,Nil,0,0,0,0,0,0,Urban,1,0,0,Fine,Null
1742672.7706,5904804.8649,902827,,513800,0,0,0,2,0,North,2023/2024,HUIA ROAD,PINE AVENUE,,Minor Crash,No,2024,1,North,0,0,0,Flat,0,,0,,0,Dark,303101,1,0,0,2,0,0,0,0,0,,0,1,Auckland Region,Nil,2-way,Sealed,0,0,0,0,80,0,None,0,0,,76,Auckland,Nil,0,0,0,0,0,0,Open,0,0,0,Light rain,Null
1768973.4975,5881341.6015,902829,,525910,0,,0,1,,Null,2023/2024,STADIUM DRIVE,TOBIN STREET,,Minor Crash,No,2024,,West,,0,,Flat,,,,,,Twilight,818600,1,1,0,1,,,0,,,,,,Auckland Region,Nil,1-way,Sealed,,0,0,,50,,On,0,0,,76,Auckland,Give way,,,,,0,0,Urban,0,,,Fine,Null
1770763.2711,5898523.7535,902832,,523912,0,,0,2,,North,2023/2024,GREAT SOUTH ROAD,GRAHAM ROAD,,Non-Injury Crash,No,2024,,North,,0,,Flat,,,,,,Overcast,767600,0,0,0,2,,,0,,,,,,Auckland Region,Nil,2-way,Sealed,,0,0,,50,,Off,0,0,,76,Auckland,Nil,,,,,0,0,Urban,0,,,Fine,Null
1764448.5299,5918350.3306,902834,45,516500,0,,0,2,,Null,2022/2023,KOHIMARAMA ROAD,WHYTEHEAD CRESCENT,,Non-Injury Crash,No,2023,,East,,0,,Flat,,,,,,Overcast,503700,0,0,0,2,,,0,,,,,,Auckland Region,Nil,2-way,Sealed,,0,0,,50,,On,0,0,,76,Auckland,Stop,,,,,0,0,Urban,0,,,Fine,None
1761046.2525,5919922.0118,902835,,516400,0,0,0,2,0,North,2023/2024,PARITAI DRIVE,TUHAERE STREET,,Minor Crash,No,2024,0,North,0,0,0,Hill Road,1,,0,,0,Dark,496600,2,0,0,0,0,0,0,0,1,,0,1,Auckland Region,Nil,2-way,Sealed,0,0,0,0,50,0,On,0,0,,76,Auckland,Nil,0,0,0,1,0,0,Urban,0,0,0,Fine,Null
1774022.8809,5897539.182,902837,,525630,0,,0,1,,Null,2023/2024,OLD WAIROA ROAD,COSGRAVE ROAD,,Non-Injury Crash,No,2024,,East,,0,,Flat,,,,,,Dark,795700,0,0,1,2,,,0,,,,,,Auckland Region,Nil,2-way,Sealed,,0,0,,50,,On,0,0,,76,Auckland,Stop,,,,,0,0,Urban,0,,,Fine,Null
1745370.4421,5917122.0847,902839,,510800,0,,0,1,,South,2023/2024,RAILSIDE AVENUE, STEVIES LANE,,Minor Crash,No,2024,,North,,0,,Flat,,,,,,Twilight,242700,1,0,0,2,,,0,,,1,,,Auckland Region,Speed hump,2-way,Sealed,,0,0,,50,,On,0,1,,76,Auckland,Nil,,,,,0,0,Urban,0,,,Fine,Null
1769902.2866,5900493.7208,902840,,523816,0,,0,1,,North,2024/2025,SOUTHERN MOTORWAY,PAPAKURA STM BR,,Non-Injury Crash,Yes,2024,,South,,0,,Flat,,,,,,Dark,759734,0,0,0,3,,,0,,,,,,Auckland Region,Nil,1-way,Sealed,,0,0,,100,,On,0,0,,76,Auckland,Nil,,,,,0,0,Open,0,,,Fine,Null
1764814.6483,5903793.0947,902845,,524604,0,,0,1,,Null,2024/2025,CAVENDISH DRIVE,CAVENDISH DRIVE ON RAMP,,Minor Crash,No,2024,,North,,0,,Flat,,,,,,Dark,781301,1,0,0,3,,,0,,,,,,Auckland Region,Motorway ramp,1-way,Sealed,,0,0,,60,,On,0,0,,76,Auckland,Traffic Signals,,,,,0,0,Urban,1,,,Fine,Null
1754300.0957,5928163.721,902846,,508310,0,,0,2,,Null,2023/2024,CHARTWELL AVENUE,CHIVALRY ROAD,,Non-Injury Crash,No,2024,,North,,0,,Flat,,,,,,Dark,200600,0,0,0,4,,,0,,,,,,Auckland Region,Nil,2-way,Sealed,,0,0,,50,,On,0,0,,76,Auckland,Traffic Signals,,,,,0,0,Urban,0,,,Heavy rain,Null
1746882.2629,5913413.7121,902847,,511100,0,,0,2,,Null,2023/2024,GLENDALE ROAD,WOODVALE ROAD,,Non-Injury Crash,No,2023,,North,,0,,Hill Road,,,,,,Overcast,286400,0,0,0,2,,,0,,,,,,Auckland Region,Nil,2-way,Sealed,,0,0,,50,,None,0,0,,76,Auckland,Stop,,,,,0,0,Urban,0,,,Fine,Null
1764148.5061,5916271.9409,902851,,517202,0,0,0,2,0,South,2024/2025,BLUEGREY AVENUE,COLLEGE ROAD,,Non-Injury Crash,No,2024,0,South,0,0,0,Flat,0,,0,,0,Dark,465306,0,0,0,2,0,0,0,0,1,,0,0,Auckland Region,Nil,2-way,Sealed,0,0,0,0,50,0,On,0,0,,76,Auckland,Nil,0,0,0,0,0,0,Urban,0,0,0,Fine,Null
1749412.0519,5918123.4653,902856,,514801,0,,0,1,,East,2023/2024,NORTH-WESTERN MOTORWAY,ROSEBANK OBR,,Non-Injury Crash,Yes,2023,,East,,0,,Flat,,,,,,Overcast,390401,0,0,0,4,,,0,,,,,,Auckland Region,Nil,1-way,Sealed,,0,0,,100,,Off,0,0,,76,Auckland,Nil,,,,,0,0,Open,1,,,Light rain,Strong wind
1769306.9458,5907451.9118,902859,45,523711,0,,0,1,,Null,2023/2024,TE IRIRANGI DRIVE,ORMISTON ROAD,,Non-Injury Crash,No,2023,,North,,0,,Flat,,,,,,Overcast,712801,0,0,0,2,,,0,,,,,,Auckland Region,Nil,2-way,Sealed,,0,0,,50,,On,0,0,,76,Auckland,Traffic Signals,,,,,0,0,Urban,0,,,Fine,None
1769804.5323,5899317.6297,902866,55,523920,0,,0,1,,South,2022/2023,MANUREWA-TAKANINI ON RAMP,MANUREWA-TAKANINI ON RAMP,,Non-Injury Crash,No,2023,,South,,0,,Hill Road,,,,,,Dark,767922,0,0,0,2,,,0,,,1,,,Auckland Region,Nil,1-way,Sealed,,0,0,,100,,On,0,0,,76,Auckland,Nil,,,,,0,0,Open,0,,,Fine,Null
1770330.4181,5909760.0074,902867,,523109,0,0,0,1,0,Null,2023/2024,CHAPEL ROAD,KILKENNY DRIVE,,Non-Injury Crash,No,2024,0,South,0,0,0,Flat,0,,0,,0,Dark,712013,0,0,0,1,0,0,0,0,0,,0,0,Auckland Region,Nil,1-way,Sealed,0,0,0,0,60,0,On,0,0,,76,Auckland,Traffic Signals,1,1,0,0,0,0,Urban,0,0,0,Fine,Null
1765639.5619,5906669.8053,902868,,522202,0,,0,2,,South,2022/2023,SUTTON CRESCENT,HUGO LANE,,Non-Injury Crash,No,2023,,South,,0,,Flat,,,,,,Bright sun,663600,0,0,0,2,,,0,,,,,,Auckland Region,Nil,2-way,Sealed,,0,0,,50,,Off,0,0,,76,Auckland,Nil,,,,,0,0,Urban,0,,,Fine,Null
1766998.9741,5905647.8171,902876,,522302,0,0,0,1,0,Null,2023/2024,GREAT SOUTH ROAD,CASPAR ROAD,,Non-Injury Crash,No,2024,0,North,0,0,0,Flat,0,,0,,0,Twilight,670700,0,0,0,4,0,0,0,0,0,,0,1,Auckland Region,Nil,2-way,Sealed,0,0,0,0,50,0,On,0,0,,76,Auckland,Stop,0,0,0,0,0,0,Urban,0,0,0,Fine,Null
1769939.7139,5914749.6637,902890,,522712,0,,0,1,,East,2023/2024,PAKURANGA ROAD,BUCKLANDS BEACH ROAD,,Non-Injury Crash,No,2023,,East,,0,,Hill Road,,,,,,Twilight,644800,0,0,0,2,,,0,,,,,,Auckland Region,Nil,2-way,Sealed,,0,0,,60,,On,1,0,,76,Auckland,Nil,,,,,0,0,Urban,0,,,Light rain,Null
1773299.414,5892320.7341,902891,,521301,0,,0,1,,South,2023/2024,GREAT SOUTH ROAD,YOUNG CRESCENT,,Non-Injury Crash,No,2024,,North,,0,,Flat,,,,,,Dark,809300,0,0,0,2,,,0,,,,,,Auckland Region,Nil,2-way,Sealed,,0,0,,50,,On,0,0,,76,Auckland,Nil,,,,,0,0,Urban,1,,,Fine,Strong wind
1764908.8471,5905669.5419,902893,,522202,0,,0,2,,East,2023/2024,STADIUM LANE,TAVERN LANE,,Non-Injury Crash,No,2023,,East,,0,,Flat,,,,,,Bright sun,663400,0,0,1,2,,,0,,,,,,Auckland Region,Speed hump,2-way,Sealed,,0,0,,10,,None,0,0,,76,Auckland,Nil,,,,,0,0,Urban,0,,,Fine,Null
1763867.0412,5906955.1966,902898,,524301,0,0,0,1,0,South,2022/2023,GRAY AVENUE,LANDON AVENUE,,Non-Injury Crash,No,2023,0,South,0,0,0,Flat,0,,0,,0,Dark,656301,0,0,0,2,0,0,0,0,1,,0,0,Auckland Region,Nil,2-way,Sealed,0,0,0,0,50,0,On,0,0,,76,Auckland,Nil,0,0,0,0,0,0,Urban,1,0,0,Fine,Null
1768742.2968,5903962.5448,902899,,523820,0,0,0,2,0,Null,2023/2024,EVERGLADE DRIVE,RANSOM SMYTH DRIVE,,Minor Crash,No,2024,0,North,0,0,0,Hill Road,0,,0,,0,Dark,760145,2,0,0,2,0,0,0,0,1,,0,0,Auckland Region,Nil,2-way,Sealed,0,0,0,0,50,0,On,0,0,,76,Auckland,Give way,0,0,0,0,0,0,Urban,0,0,0,Fine,Null
1771424.6664,5907375.923,902905,,523713,0,0,0,3,0,Null,2023/2024,MURPHYS ROAD,NORWOOD DRIVE,,Minor Crash,No,2024,0,South,0,0,0,Flat,0,,0,,1,Twilight,712405,2,0,0,2,0,0,0,0,1,,0,0,Auckland Region,Nil,2-way,Sealed,0,0,0,0,60,0,Off,0,1,,76,Auckland,Give way,0,0,0,0,0,0,Urban,0,0,0,Fine,Null
1761851.0746,5914729.1289,902907,,520201,0,,0,2,,Null,2022/2023,MAIN HIGHWAY,ARRON STREET,,Non-Injury Crash,No,2023,,East,,0,,Flat,,,,,,Dark,610601,0,0,0,4,,,0,,,,,,Auckland Region,Nil,2-way,Sealed,,0,0,,50,,On,0,0,,76,Auckland,Give way,,,,,0,0,Urban,0,,,Fine,Null
1774265.6651,5888835.8456,902911,,521302,0,0,0,1,0,North,2022/2023,SOUTHERN MOTORWAY,RAMARAMA ON RAMP,,Non-Injury Crash,Yes,2023,0,North,0,0,0,Flat,1,,0,,0,Dark,809101,0,0,0,2,0,0,0,0,0,,0,0,Auckland Region,Nil,1-way,Sealed,0,0,0,0,100,0,On,0,0,,76,Auckland,Nil,0,0,0,0,0,0,Open,0,0,0,Light rain,Null
1764121.9467,5912381.342,902915,,520500,0,,0,3,,East,2022/2023,MOUNT WELLINGTON HWY OFF RAMP,MOUNT WELLINGTON HIGHWAY,,Non-Injury Crash,No,2023,,West,,0,,Flat,,,,,,Overcast,639500,0,0,0,2,,,0,,,,,,Auckland Region,Motorway ramp,1-way,Sealed,,0,0,,100,,Off,0,0,,76,Auckland,Nil,,,,,0,0,Open,0,,,Fine,Null
1766804.6703,5899963.7369,902923,,524713,0,,0,1,,West,2023/2024,WEYMOUTH ROAD,ANTALYA PLACE,,Serious Crash,No,2024,,West,,0,,Flat,,,,,,Overcast,775805,0,0,1,2,,,0,,,,,,Auckland Region,Nil,2-way,Sealed,,0,1,,50,,Off,0,0,,76,Auckland,Nil,,,,,0,0,Urban,0,,,Fine,Frost
1764083.9276,5910109.9746,902926,,521901,0,,0,2,,West,2023/2024,PRINCES STREET,ATKINSON AVENUE,,Non-Injury Crash,No,2023,,East,,0,,Flat,,,,,,Bright sun,782200,0,0,0,4,,,0,,,,,,Auckland Region,Nil,2-way,Sealed,,0,0,,50,,Null,0,0,,76,Auckland,Nil,,,,,0,0,Urban,0,,,Fine,Null
1763026.2313,5912886.6745,902933,,520500,0,,0,1,,West,2023/2024,SOUTHERN MOTORWAY,SEART OBR,,Non-Injury Crash,Yes,2023,,West,,0,,Flat,,,,,,Overcast,637300,0,0,0,3,,,0,,,,,,Auckland Region,Nil,1-way,Sealed,,0,0,,100,,Off,0,0,,76,Auckland,Nil,,,,,0,0,Open,1,,,Fine,Null
1735456.974,5909821.0463,902938,45,513800,0,0,0,1,1,West,2023/2024,PIHA ROAD,ANAWHATA ROAD,,Non-Injury Crash,No,2024,0,North,0,0,0,Hill Road,0,,0,,0,Overcast,282007,0,0,0,2,0,0,0,0,0,,0,0,Auckland Region,Nil,2-way,Sealed,0,0,0,0,60,0,None,0,0,,76,Auckland,Nil,0,0,0,0,0,0,Urban,0,0,0,Fine,Null
1744365.5973,5926630.0805,902941,,513410,0,,0,1,,Null,2023/2024,BRIGHAM CREEK ROAD,TAMATEA AVENUE,,Non-Injury Crash,No,2023,,North,,0,,Flat,,,,,,Bright sun,223400,0,0,0,2,,,0,,,,,,Auckland Region,Nil,2-way,Sealed,,0,0,,50,,Off,0,0,40,76,Auckland,Give way,,,,,0,0,Urban,1,,,Fine,Strong wind
1749366.4441,5969722.074,902949,,505500,0,0,0,1,0,South,2023/2024,PULHAM ROAD,SOUTHGATE ROAD,,Non-Injury Crash,No,2023,0,South,0,0,1,Flat,0,,0,,0,Overcast,141006,0,0,0,2,0,0,0,0,0,,0,0,Auckland Region,Nil,2-way,Sealed,0,0,0,0,50,0,Off,0,0,,76,Auckland,Nil,0,0,0,0,0,0,Urban,0,0,0,Light rain,Null
1761598.0169,5913675.1801,902953,,519500,0,0,0,1,0,South,2023/2024,STATION ROAD,WALLS ROAD,,Non-Injury Crash,No,2023,0,East,0,0,1,Flat,0,,0,,0,Dark,621600,0,0,0,2,0,0,0,0,0,,0,0,Auckland Region,Nil,2-way,Sealed,0,0,0,0,50,0,On,0,0,,76,Auckland,Nil,0,1,0,0,0,0,Urban,0,0,0,Fine,Null
1733290.0769,5935295.1515,902956,55,506653,0,0,0,1,0,West,2023/2024,OLD NORTH ROAD,TAYLOR ROAD,,Minor Crash,No,2024,0,East,0,0,1,Hill Road,0,,0,,0,Overcast,217803,1,0,0,2,0,0,0,0,0,,0,0,Auckland Region,Nil,2-way,Sealed,0,0,0,0,80,0,None,0,0,,76,Auckland,Nil,0,0,0,0,0,0,Open,0,0,0,Light rain,Null
1746264.2636,5916930.7494,902961,,510800,0,0,0,2,0,Null,2024/2025,GREAT NORTH ROAD,NORCROSS AVENUE,,Minor Crash,No,2024,0,South,0,0,1,Hill Road,0,,0,,0,Dark,243502,2,0,0,3,0,0,0,0,0,,0,0,Auckland Region,Nil,2-way,Sealed,0,0,0,0,50,0,On,0,0,,76,Auckland,Stop,0,0,0,1,0,0,Urban,0,0,0,Light rain,Null
1770084.0365,5914481.4484,902966,,522722,0,0,0,1,0,Null,2023/2024,ABERFELDY AVENUE,HIGHLAND PARK DRIVE,,Non-Injury Crash,No,2023,0,South,0,0,0,Flat,0,,0,,0,Dark,681308,0,0,0,2,0,0,0,0,0,,0,0,Auckland Region,Nil,2-way,Sealed,0,0,0,0,50,0,On,0,0,,76,Auckland,Give way,1,0,0,0,0,0,Urban,0,0,0,Fine,Null
1768345.7214,5898805.6865,902975,,525102,0,0,0,1,1,East,2022/2023,WATTLE FARM ROAD,CRANNOG FEN,,Non-Injury Crash,No,2023,0,East,1,0,0,Flat,0,,0,,0,Dark,769011,0,0,0,2,0,0,0,0,0,,0,0,Auckland Region,Nil,2-way,Unsealed,0,0,0,0,50,0,On,0,0,,76,Auckland,Nil,0,0,0,0,0,0,Urban,0,0,0,Light rain,Null
1764451.403,5918338.5967,902984,,516500,0,,0,2,,Null,2022/2023,KOHIMARAMA ROAD,WHYTEHEAD CRESCENT,,Non-Injury Crash,No,2023,,North,,0,,Flat,,,,,,Dark,503800,0,0,0,2,,,0,,,,,,Auckland Region,Nil,2-way,Sealed,,0,0,,50,,On,0,0,,76,Auckland,Stop,,,,,0,0,Urban,0,,,Heavy rain,Null
1752638.1353,5918651.3316,902987,,515002,0,,0,1,,South,2023/2024,MOA ROAD,KANUKA STREET,,Non-Injury Crash,No,2023,,North,,0,,Flat,,,,,,Overcast,396100,0,0,0,2,,,0,,,,,,Auckland Region,Nil,2-way,Sealed,,0,0,,50,,Off,0,1,,76,Auckland,Nil,,,,,0,0,Urban,1,,,Fine,Null
1744678.4751,5917883.531,902990,,510700,1,,0,0,,West,2023/2024,STURGES ROAD,SWANSON ROAD,,Serious Crash,No,2023,,West,,0,,Flat,,,,,,Bright sun,239200,0,0,0,3,,,0,,,,,,Auckland Region,Nil,2-way,Sealed,,0,1,,50,,Off,0,0,,76,Auckland,Nil,,,,,0,0,Urban,1,,,Fine,Null
1742914.084,5890246.2028,903002,,521151,0,,0,0,,North,2024/2025,AWHITU ROAD,FIELDING ROAD,,Serious Crash,No,2025,,East,,0,,Hill Road,,,,,,Dark,829800,0,0,1,2,,,0,,,,,,Auckland Region,Nil,2-way,Sealed,,0,1,,80,,None,0,0,,76,Auckland,Nil,,,,,0,0,Open,0,,,Fine,Null
1753649.1584,5927625.3365,903004,,508210,0,,0,1,,Null,2023/2024,GLENFIELD ROAD,HIGH ROAD,,Non-Injury Crash,No,2023,,South,,0,,Flat,,,,,,Bright sun,187100,0,0,0,3,,,0,,,,,,Auckland Region,Nil,2-way,Sealed,,0,0,,,,Off,1,0,,76,Auckland,Give way,,,,,0,0,Urban,0,,,Fine,Null
1754107.7539,5914554.8419,903010,,518801,0,0,0,2,0,North,2024/2025,SANDRINGHAM ROAD EXTENSION,FARRELLY AVENUE,,Minor Crash,No,2024,0,South,0,0,0,Flat,0,,0,,0,Bright sun,577100,1,0,0,2,0,0,0,0,1,,0,0,Auckland Region,Nil,2-way,Sealed,0,0,0,0,50,0,Off,0,0,,76,Auckland,Nil,0,0,0,0,0,0,Urban,0,0,0,Fine,Null
1756155.8335,5923999.8501,903011,,509800,0,,0,0,,North,2023/2024,NORTHERN MOTORWAY,WEIGH BRIDGE,,Non-Injury Crash,Yes,2024,,South,,0,,Flat,,,,,,Overcast,361200,0,0,0,4,,,0,,,,,,Auckland Region,Nil,1-way,Sealed,,0,0,,80,,Off,0,0,,76,Auckland,Nil,,,,,0,0,Open,2,,,Fine,Null
1766496.984,5900782.7782,903014,,524713,0,,0,2,,East,2023/2024,WORDSWORTH ROAD,WENLOCK PLACE,,Non-Injury Crash,No,2024,,East,,0,,Flat,,,,,,Dark,775815,0,0,0,2,,,0,,,,,,Auckland Region,Nil,2-way,Sealed,,0,0,,30,,On,0,0,,76,Auckland,Nil,,,,,0,0,Urban,0,,,Fine,Null
1749146.1391,5918290.4615,903015,,514801,0,,0,1,,West,2024/2025,NORTH-WESTERN MOTORWAY,ROSEBANK OBR,,Non-Injury Crash,Yes,2024,,South,,0,,Flat,,,,,,Dark,390401,0,0,0,4,,,0,,,,,,Auckland Region,Nil,1-way,Sealed,,0,0,,100,,On,1,0,,76,Auckland,Nil,,,,,0,0,Open,2,,,Light rain,Null
1769892.1662,5899519.0883,903016,,523911,0,,0,2,,South,2023/2024,SOUTHERN MOTORWAY,TAKANINI RAIL OBR,,Non-Injury Crash,Yes,2024,,South,,0,,Hill Road,,Easter,,,,Dark,766500,0,0,0,3,,,0,,,,,,Auckland Region,Motorway ramp,1-way,Sealed,,0,0,,100,,On,0,0,,76,Auckland,Nil,,,,,0,0,Open,0,,,Light rain,Null
1769907.0367,5899372.8471,903019,45,523911,0,,0,2,,Null,2022/2023,GREAT SOUTH ROAD,SPARTAN ROAD,,Non-Injury Crash,No,2023,,South,,0,,Flat,,,,,,Bright sun,766500,0,0,0,2,,,0,,,,,,Auckland Region,Nil,1-way,Sealed,,0,0,,70,,Off,0,0,,76,Auckland,Traffic Signals,,,,,0,0,Urban,0,,,Fine,None
1752781.5497,5916498.3178,903021,,517901,0,,0,2,,South,2024/2025,NEW NORTH ROAD,CARRINGTON ROAD,,Non-Injury Crash,No,2024,,North,,0,,Null,,,,,,Unknown,524800,0,0,0,4,,,0,,,,,,Auckland Region,Nil,2-way,Null,,0,0,,50,,Null,0,0,,76,Auckland,Nil,,,,,0,0,Urban,0,,,Null,Null
1753978.9812,5924593.7475,903025,,510500,0,0,0,2,0,North,2022/2023,BIRKENHEAD AVENUE,HINEMOA STREET,,Non-Injury Crash,No,2023,0,North,0,0,0,Flat,0,,0,,0,Dark,357300,0,0,0,1,0,0,0,0,1,,0,0,Auckland Region,Nil,1-way,Sealed,0,0,0,0,50,0,On,0,0,,76,Auckland,Nil,0,0,0,0,0,0,Urban,0,0,0,Fine,None
1765883.3758,5904387.5356,903031,,524603,0,0,0,1,0,Null,2024/2025,CAVENDISH DRIVE,PLUNKET AVENUE,,Non-Injury Crash,No,2024,0,East,0,0,0,Flat,1,,0,,0,Bright sun,674000,0,0,0,4,0,0,0,0,0,,0,0,Auckland Region,Nil,2-way,Sealed,0,0,0,0,50,0,Off,0,0,,76,Auckland,Traffic Signals,0,0,0,0,0,0,Urban,0,0,0,Fine,Null
1755720.6812,5916243.4467,903037,,518201,0,,0,2,,Null,2024/2025,DOMINION ROAD,BALMORAL ROAD,,Non-Injury Crash,No,2024,,South,,0,,Null,,,,,,Unknown,553200,0,0,0,4,,,0,,,,,,Auckland Region,Nil,2-way,Sealed,,0,0,,50,,Null,0,0,,76,Auckland,Traffic Signals,,,,,0,0,Urban,0,,,Fine,Null
1764945.4651,5908243.7545,903041,,523404,0,,0,2,,Null,2024/2025,GREAT SOUTH ROAD,BAIRDS ROAD,,Non-Injury Crash,No,2024,,North,,0,,Flat,,,,,,Unknown,696801,0,0,0,6,,,0,,,,,,Auckland Region,Nil,2-way,Sealed,,0,0,,50,,Off,0,0,,76,Auckland,Traffic Signals,,,,,0,0,Urban,0,,,Fine,None
1764900.625,5914746.2567,903043,,520602,0,,0,1,,Null,2023/2024,ELLERSLIE-PANMURE HIGHWAY,IRELAND ROAD,,Non-Injury Crash,No,2023,,East,,0,,Flat,,,,,,Overcast,628400,0,0,0,4,,,0,,,,,,Auckland Region,Nil,1-way,Sealed,,0,0,,50,,Off,1,0,,76,Auckland,Give way,,,,,0,0,Urban,0,,,Fine,None
1758624.2425,5917578.8762,903048,,516001,0,,0,1,,Null,2023/2024,ST MARKS ROAD,ST MARKS ROAD ON RAMP,,Non-Injury Crash,No,2023,,South,,0,,Hill Road,,,,,,Dark,490703,0,0,0,2,,,0,,,,,,Auckland Region,Nil,2-way,Sealed,,0,0,,50,,Off,1,0,,76,Auckland,Give way,,,,,0,0,Urban,0,,,Fine,Null
1768701.2926,5910095.2064,903049,,523112,0,,0,1,,South,2023/2024,HARRIS ROAD,CROOKS ROAD,,Minor Crash,No,2024,,South,,0,,Flat,,,,,,Dark,711500,1,0,0,4,,,0,,,1,,,Auckland Region,Nil,2-way,Sealed,,0,0,,50,,On,0,0,,76,Auckland,Nil,,,,,0,0,Urban,0,,,Fine,Null