X,Y,OBJECTID,advisorySpeed,areaUnitID,bicycle,bridge,bus,carStationWagon,cliffBank,crashDirectionDescription,crashFinancialYear,crashLocation1,crashLocation2,crashRoadSideRoad,crashSeverity,crashSHDescription,crashYear,debris,directionRoleDescription,ditch,fatalCount,fence,flatHill,guardRail,holiday,houseOrBuilding,intersection,kerb,light,meshblockId,minorInjuryCount,moped,motorcycle,NumberOfLanes,objectThrownOrDropped,otherObject,otherVehicleType,overBank,parkedVehicle,pedestrian,phoneBoxEtc,postOrPole,region,roadCharacter,roadLane,roadSurface,roadworks,schoolBus,seriousInjuryCount,slipOrFlood,speedLimit,strayAnimal,streetLight,suv,taxi,temporarySpeedLimit,tlaId,tlaName,trafficControl,trafficIsland,trafficSign,train,tree,truck,unknownVehicleType,urban,vanOrUtility,vehicle,waterRiver,weatherA,weatherB
1757503.6938,5926978.2714,903050,,508010,0,0,0,2,0,Null,2023/2024,ANZAC STREET,BARRYS POINT ROAD,,Non-Injury Crash,No,2023,0,South,0,0,0,Flat,1,,0,,0,Overcast,327700,0,0,0,1,0,0,0,0,0,,0,0,Auckland Region,Nil,1-way,Sealed,0,0,0,0,50,0,Off,0,0,,76,Auckland,Give way,0,0,0,0,0,0,Urban,0,0,0,Fine,Null
1750087.0214,5914516.2397,903051,,511303,0,0,0,2,0,Null,2024/2025,BINSTED ROAD,DELTA AVENUE,,Minor Crash,No,2024,0,South,0,0,0,Flat,0,,0,,1,Overcast,265800,1,0,0,2,0,0,0,0,1,,0,0,Auckland Region,Nil,2-way,Sealed,0,0,0,0,50,0,Off,0,0,,76,Auckland,Give way,0,0,0,0,0,0,Urban,0,0,0,Fine,Null
1755493.3042,5934290.641,903054,,507200,0,,0,1,,Null,2023/2024,BEACH ROAD,BROWNS BAY ROAD,,Non-Injury Crash,No,2023,,South,,0,,Hill Road,,,,,,Overcast,156304,0,0,0,2,,,0,,,,,,Auckland Region,Nil,2-way,Sealed,,0,0,,50,,On,1,0,,76,Auckland,Give way,,,,,0,0,Urban,0,,,Fine,Null
1760725.122,5909079.5519,903056,,524404,0,,0,0,,East,2023/2024,FAVONA ROAD,DEWHURST PLACE,,Non-Injury Crash,No,2023,,West,,0,,Flat,,,,,,Bright sun,730001,0,0,0,2,,,0,,,,,,Auckland Region,Nil,2-way,Sealed,,0,0,,60,,Off,0,0,,76,Auckland,Nil,,,,,1,0,Urban,1,,,Fine,Null
1769920.0462,5905313.9709,903057,,523712,0,,0,2,,Null,2024/2025,THOMAS ROAD,GREENAN DRIVE,,Non-Injury Crash,No,2024,,East,,0,,Flat,,,,,,Dark,713211,0,0,0,2,,,0,,,,,,Auckland Region,Nil,2-way,Sealed,,0,0,,50,,On,0,0,,76,Auckland,Give way,,,,,0,0,Urban,0,,,Fine,Null
1763602.4083,5910037.2426,903064,,521901,0,,0,2,,Null,2023/2024,HUIA ROAD,MOA STREET,,Minor Crash,No,2024,,South,,0,,Flat,,,,,,Bright sun,782600,1,0,0,2,,,0,,,,,,Auckland Region,Nil,2-way,Sealed,,0,0,,50,,Off,0,0,,76,Auckland,Stop,,,,,0,0,Urban,0,,,Fine,Null
1746459.2894,5945107.3369,903069,,506614,0,0,0,0,0,West,2023/2024,PINE VALLEY ROAD,YOUNG ACCESS,,Non-Injury Crash,No,2024,0,West,0,0,0,Flat,0,,0,,0,Dark,177405,0,0,0,2,0,0,0,0,0,,0,0,Auckland Region,Nil,2-way,Sealed,0,0,0,0,80,1,None,0,0,,76,Auckland,Nil,0,0,0,0,0,0,Open,1,0,0,Fine,Null
1756348.7457,5919044.2497,903070,,515500,0,,0,1,,Null,2023/2024,NEWTON ROAD,NEWTON ROAD OFF RAMP,,Minor Crash,No,2024,,North,,0,,Flat,,,,,,Overcast,417600,1,0,1,2,,,0,,,,,,Auckland Region,Motorway ramp,1-way,Sealed,,0,0,,50,,On,0,0,,76,Auckland,Traffic Signals,,,,,0,0,Urban,0,,,Light rain,Null
1757608.6654,5928865.2663,903073,,507800,0,0,0,2,0,West,2023/2024,KITCHENER ROAD,DODSON AVENUE,,Non-Injury Crash,No,2023,0,West,0,0,0,Flat,0,,0,,0,Bright sun,307800,0,0,0,2,0,0,0,0,1,,0,0,Auckland Region,Nil,2-way,Sealed,0,0,0,0,50,0,Off,0,0,,76,Auckland,Nil,0,0,0,0,0,0,Urban,0,0,0,Fine,Null
1755475.0885,5967121.4197,903075,,506631,0,0,0,0,0,Null,2024/2025,MAHURANGI EAST ROAD,RANGIMAARIE CRESCENT,,Minor Crash,No,2024,0,East,0,0,0,Hill Road,0,,0,,0,Bright sun,141808,1,0,0,2,0,0,0,0,0,,0,1,Auckland Region,Nil,2-way,Sealed,0,0,0,0,50,0,Off,0,0,,76,Auckland,Give way,0,0,0,0,0,0,Urban,1,0,0,Fine,Null
1744809.3059,5924224.7757,903077,,513521,0,0,0,2,0,South,2023/2024,CYRIL CRESCENT,HOBSONVILLE ROAD,,Minor Crash,No,2024,0,North,0,0,0,Flat,0,,0,,0,Bright sun,224226,2,0,0,2,0,0,0,0,1,,0,0,Auckland Region,Nil,2-way,Sealed,0,0,0,0,50,0,None,1,0,,76,Auckland,Nil,0,0,0,0,0,0,Urban,0,0,0,Fine,Null
1748699.2043,5942350.3058,903081,,506300,0,,0,2,,South,2024/2025,NORTHERN MOTORWAY,WILKS OBR,,Minor Crash,Yes,2024,,North,,0,,Flat,,,,,,Bright sun,175907,1,0,0,2,,,0,,,,,,Auckland Region,Nil,1-way,Sealed,,0,0,,100,,None,0,0,,76,Auckland,Nil,,,,,0,0,Open,0,,,Fine,Null
1746349.7653,5914018.5392,903084,,511002,0,,0,2,,Null,2023/2024,WEST COAST ROAD,WOODGLEN ROAD,,Non-Injury Crash,No,2023,,West,,0,,Flat,,,,,,Overcast,283200,0,0,0,3,,,0,,,,,,Auckland Region,Nil,2-way,Sealed,,0,0,,50,,Off,0,1,,76,Auckland,Stop,,,,,0,0,Urban,0,,,Fine,Null
1752998.4189,5877799.051,903085,,526103,0,0,0,1,0,North,2023/2024,RANGIWHEA ROAD,SHANLEY CRESCENT,,Minor Crash,No,2024,0,West,0,0,1,Flat,0,Christmas New Year,0,,0,Bright sun,836800,1,0,1,2,0,0,0,0,0,,0,0,Auckland Region,Nil,2-way,Sealed,0,0,0,0,50,0,Off,0,0,,76,Auckland,Nil,0,0,0,0,0,0,Urban,0,0,0,Fine,Null
1754357.7786,5913835.0602,903089,,518802,0,,0,2,,North,2023/2024,SOUTH-WESTERN MOTORWAY,MAY OBR,,Non-Injury Crash,Yes,2024,,North,,0,,Flat,,,,,,Overcast,579200,0,0,0,2,,,0,,,,,,Auckland Region,Nil,1-way,Sealed,,0,0,,100,,Off,0,0,,76,Auckland,Nil,,,,,0,0,Open,0,,,Fine,Null
1760152.607,5908675.9617,903090,,524403,0,0,0,2,0,North,2023/2024,DONNELL AVENUE,MASTERS PLACE,,Non-Injury Crash,No,2023,0,North,0,0,0,Flat,0,,0,,0,Overcast,729800,0,0,0,2,0,0,0,0,1,,0,0,Auckland Region,Nil,2-way,Sealed,0,0,0,0,50,0,Off,0,0,,76,Auckland,Nil,0,0,0,0,0,0,Urban,0,0,0,Fine,Null
1758381.995,5917846.226,903094,,516001,0,0,1,1,0,South,2022/2023,BROADWAY,MORTIMER PASS,,Non-Injury Crash,No,2023,0,North,0,0,0,Flat,0,,0,,0,Dark,490701,0,0,0,4,0,0,0,0,1,,0,0,Auckland Region,Nil,2-way,Sealed,0,0,0,0,50,0,On,0,0,,76,Auckland,Nil,0,0,0,0,0,0,Urban,0,0,0,Fine,Null
1767987.7467,5903896.8447,903100,,524602,0,0,0,1,0,East,2023/2024,AIRPORT OFF RAMP,GREAT SOUTH OBR,,Non-Injury Crash,Yes,2024,0,West,0,0,0,Flat,1,,0,,0,Dark,780506,0,0,0,2,0,0,0,0,0,,0,0,Auckland Region,Nil,1-way,Sealed,0,0,0,0,100,0,On,0,0,,76,Auckland,Nil,0,0,0,0,0,0,Open,0,0,0,Fine,Null
1727842.7141,5941507.609,903101,,506645,0,0,0,1,0,East,2023/2024,FORDYCE ROAD,RAABIA CLOSE,,Non-Injury Crash,No,2024,0,East,1,0,0,Flat,0,,0,,0,Overcast,210906,0,0,0,2,0,0,0,0,0,,0,0,Auckland Region,Nil,2-way,Sealed,0,0,0,0,50,0,None,0,0,,76,Auckland,Nil,0,1,0,0,0,0,Urban,0,0,0,Fine,Null
1747553.5262,5919536.4504,903105,,512300,0,,0,3,,East,2022/2023,NORTH-WESTERN MOTORWAY,TE ATATU ROAD ON RAMP,,Non-Injury Crash,Yes,2023,,East,,0,,Flat,,,,,,Overcast,252000,0,0,0,4,,,0,,,,,,Auckland Region,Nil,1-way,Sealed,,0,0,,100,,Off,0,0,,76,Auckland,Nil,,,,,0,0,Open,0,,,Fine,Null
1757959.5559,5918006.4929,903106,,515700,0,,0,2,,North,2023/2024,SOUTHERN MOTORWAY,GILLIES AVENUE ON RAMP,,Non-Injury Crash,Yes,2024,,North,,0,,Flat,,,,,,Dark,443700,0,0,0,4,,,0,,,,,,Auckland Region,Nil,1-way,Sealed,,0,0,,80,,On,0,0,,76,Auckland,Nil,,,,,0,0,Open,0,,,Fine,None
1738570.0316,5927161.3562,903110,,505605,0,0,0,2,0,South,2024/2025,WAITAKERE ROAD,SMITH ROAD,,Non-Injury Crash,No,2024,0,North,0,0,0,Flat,0,,0,,0,Overcast,215201,0,0,0,2,0,0,0,0,0,,0,1,Auckland Region,Nil,2-way,Sealed,0,0,0,0,80,0,None,0,0,,76,Auckland,Nil,0,0,0,0,0,0,Open,0,0,0,Fine,Null
1761807.1582,5913998.7464,903119,,520202,0,,0,4,,East,2024/2025,SOUTHERN MOTORWAY,ELLERSLIE-PANMURE HWY OFF RAMP,,Serious Crash,Yes,2024,,West,,0,,Flat,,,,,,Dark,612300,1,0,0,4,,,0,,,,,,Auckland Region,Motorway ramp,1-way,Sealed,,0,1,,100,,On,0,0,,76,Auckland,Nil,,,,,0,0,Open,0,,,Heavy rain,Null
1769034.4966,5911542.8628,903124,,523107,0,,0,1,,Null,2024/2025,TI RAKAU DRIVE,HARRIS ROAD,,Non-Injury Crash,No,2024,,Null,,0,,Null,,,,,,Unknown,711402,0,0,0,2,,,0,,,,,,Auckland Region,Nil,1-way,Null,,0,0,,50,,Null,0,0,,76,Auckland,Traffic Signals,,,,,1,0,Urban,0,,,Fine,Null
1757876.6458,5918756.5696,903126,,517400,0,,0,3,,Null,2022/2023,PARK ROAD,CARLTON GORE ROAD,,Non-Injury Crash,No,2023,,South,,0,,Flat,,,,,,Bright sun,449700,0,0,0,2,,,0,,,,,,Auckland Region,Nil,2-way,Sealed,,0,0,,50,,Null,0,0,,76,Auckland,Traffic Signals,,,,,0,0,Urban,0,,,Fine,None
1764622.495,5903820.8737,903128,,524604,0,,0,1,,West,2023/2024,SOUTH-WESTERN MOTORWAY,CAVENDISH UNDERPASS,,Non-Injury Crash,Yes,2024,,West,,0,,Flat,,,,,,Bright sun,781100,0,0,0,2,,,0,,,,,,Auckland Region,Nil,1-way,Sealed,,0,0,,100,,Off,1,0,,76,Auckland,Nil,,,,,0,0,Open,0,,,Fine,Null
1755384.8332,5921536.2526,903129,,515202,0,,0,1,,East,2023/2024,NORTHERN MOTORWAY,SHELLY BEACH OBR,,Minor Crash,Yes,2024,,North,,0,,Flat,,,,,,Dark,423600,1,0,0,4,,,0,,,,,,Auckland Region,Nil,1-way,Sealed,,0,0,,80,,On,0,0,,76,Auckland,Nil,,,,,1,0,Open,0,,,Fine,Null
1774030.072,5902848.7568,903130,,523813,0,,0,0,,Null,2024/2025,ALFRISTON ROAD,ALFRISTON-ARDMORE ROAD,,Minor Crash,No,2024,,South,,0,,Flat,,,,,,Bright sun,760902,2,0,0,2,,,0,,,,,,Auckland Region,Nil,2-way,Sealed,,0,0,,80,,Off,2,0,,76,Auckland,Give way,,,,,0,0,Open,0,,,Fine,Strong wind
1765979.0691,5900474.9592,903132,,524822,0,,0,1,,West,2024/2025,BURUNDI AVENUE,ROSCOMMON ROAD,,Non-Injury Crash,No,2024,,West,,0,,Null,,,,,,Bright sun,774432,0,0,0,2,,,0,,,,,,Auckland Region,Nil,2-way,Sealed,,0,0,,30,,Null,0,0,,76,Auckland,Traffic Signals,,,,,1,0,Urban,0,,,Fine,Null
1758754.9347,5912948.4712,903135,,519810,0,,0,2,,Null,2022/2023,TRAFALGAR STREET,SELWYN STREET,,Non-Injury Crash,No,2023,,East,,0,,Hill Road,,,,,,Dark,598300,0,0,0,2,,,0,,,,,,Auckland Region,Nil,2-way,Sealed,,0,0,,50,,On,0,0,,76,Auckland,Stop,,,,,0,0,Urban,1,,,Fine,Null
1762278.2635,5907068.789,903136,,524520,0,,0,1,,Null,2022/2023,MASSEY ROAD,BUCKLAND ROAD,,Minor Crash,No,2023,,South,,0,,Flat,,,,,,Dark,734703,1,0,0,2,,,0,,,,,,Auckland Region,Nil,2-way,Sealed,,0,0,,50,,On,1,0,,76,Auckland,Traffic Signals,,,,,0,0,Urban,0,,,Fine,Null
1771877.8041,5895187.2783,903138,,525540,0,0,0,2,0,East,2022/2023,BEACH ROAD,ELLIOT STREET,,Non-Injury Crash,No,2023,0,West,0,0,1,Flat,0,,0,,0,Dark,805901,0,0,0,2,0,0,0,0,1,,0,1,Auckland Region,Nil,2-way,Sealed,0,0,0,0,50,0,On,0,0,,76,Auckland,Nil,0,0,0,0,0,0,Urban,0,0,0,Fine,Null
1747396.8244,5926315.4524,903139,,513431,0,0,0,1,0,Null,2024/2025,WAENGANUI ROAD,RINGA MATAU ROAD,,Non-Injury Crash,No,2024,0,West,0,0,0,Flat,0,,0,,0,Bright sun,222400,0,0,0,2,0,0,0,0,1,1,0,0,Auckland Region,Nil,2-way,Sealed,0,0,0,0,50,0,Off,0,0,,76,Auckland,Give way,0,0,0,0,0,0,Urban,0,0,0,Fine,Null
1766831.1701,5901880.3682,903146,,524720,0,0,0,2,0,Null,2023/2024,BROWNS ROAD,GLOUCESTER ROAD,,Minor Crash,No,2023,0,West,0,0,0,Flat,0,,0,,0,Dark,778700,1,0,0,2,0,0,0,0,0,,0,0,Auckland Region,Nil,2-way,Sealed,0,0,0,0,50,0,On,0,0,,76,Auckland,Give way,1,0,0,0,0,0,Urban,0,0,0,Fine,Null
1754641.2217,5930704.5341,903148,,508420,0,0,0,0,1,South,2022/2023,NORTHERN MOTORWAY,UPPER HARBOUR HWY OFF RAMP,,Non-Injury Crash,Yes,2023,0,North,0,0,0,Flat,0,,0,,0,Overcast,182008,0,0,0,3,0,0,0,0,0,,0,0,Auckland Region,Nil,1-way,Sealed,0,0,0,0,100,0,Off,0,0,,76,Auckland,Nil,0,0,0,0,0,0,Open,1,0,0,Light rain,Null
1774873.9579,5888184.6407,903150,,521302,0,,0,1,,South,2022/2023,MAKETU ROAD,JOHN MAIN DRIVE,,Non-Injury Crash,No,2023,,North,,0,,Flat,,,,,,Overcast,809104,0,0,0,2,,,1,,,,,,Auckland Region,Nil,2-way,Sealed,,0,0,,60,,Off,0,0,,76,Auckland,Nil,,,,,1,0,Urban,0,,,Fine,Null
1759615.212,5915574.1665,903156,,519200,0,,0,2,,Null,2023/2024,GREEN LANE WEST,WHETURANGI ROAD,,Serious Crash,No,2023,,West,,0,,Hill Road,,,,,,Dark,616300,0,0,0,5,,,0,,,,,,Auckland Region,Nil,2-way,Sealed,,0,1,,50,,On,0,0,,76,Auckland,Traffic Signals,,,,,0,0,Urban,0,,,Fine,Null
1768765.8606,5907605.2197,903157,,523711,0,,0,2,,Null,2023/2024,ORMISTON ROAD,LAIDLAW WAY,,Non-Injury Crash,No,2024,,East,,0,,Flat,,,,,,Dark,712304,0,0,0,6,,,0,,,,,,Auckland Region,Nil,2-way,Sealed,,0,0,,50,,On,0,0,,76,Auckland,Traffic Signals,,,,,0,0,Urban,0,,,Fine,Null
1745840.7436,5919572.8366,903158,,513301,0,,0,0,,South,2023/2024,CENTRAL PARK DRIVE,UNIVERSAL DRIVE,,Minor Crash,No,2023,,South,,0,,Flat,,,,,,Overcast,230602,1,0,0,2,,,0,,,,,,Auckland Region,Nil,2-way,Sealed,,0,0,,50,,Off,0,0,,76,Auckland,Nil,,,,,2,0,Urban,0,,,Fine,Null
1766913.4348,5902191.1198,903159,,524602,0,,0,2,,North,2023/2024,DALGETY DRIVE,BROWNS ROAD,,Non-Injury Crash,No,2024,,South,,0,,Flat,,,,,,Bright sun,780407,0,0,0,2,,,0,,,,,,Auckland Region,Nil,2-way,Sealed,,0,0,,50,,Off,0,0,,76,Auckland,Nil,,,,,0,0,Urban,0,,,Fine,Null
1752429.1965,5931002.3566,903160,,508803,0,0,0,2,0,East,2022/2023,UPPER HARBOUR HIGHWAY,ALBANY HIGHWAY OFF RAMP,,Non-Injury Crash,Yes,2023,0,West,0,0,0,Hill Road,0,Christmas New Year,0,,0,Dark,180856,0,0,0,2,0,0,0,0,1,,0,0,Auckland Region,Nil,1-way,Sealed,0,0,0,0,80,0,On,0,0,50,76,Auckland,Nil,0,0,0,0,0,0,Open,0,0,0,Fine,Null
1757357.7719,5915759.2169,903163,,515802,0,,0,0,,Null,2023/2024,BALMORAL ROAD,ST ANDREWS ROAD,,Minor Crash,No,2024,,East,,0,,Flat,,,,,,Dark,447700,1,1,0,2,,,0,,,,,,Auckland Region,Nil,1-way,Sealed,,0,0,,50,,On,0,0,,76,Auckland,Traffic Signals,,,,,0,0,Urban,1,,,Light rain,Null
1770981.4193,5899163.2684,903178,,523911,0,0,0,1,0,West,2023/2024,MANUROA ROAD,TAKANINI SCHOOL ROAD,,Serious Crash,No,2023,0,West,0,0,1,Flat,0,,0,,0,Dark,766800,0,0,0,2,0,0,0,0,1,6,0,0,Auckland Region,Nil,2-way,Sealed,0,0,1,0,50,0,On,1,0,,76,Auckland,Nil,0,0,0,0,0,0,Urban,0,0,0,Fine,Null
1755640.7087,5917935.0473,903181,,517500,0,,0,2,,West,2023/2024,NEW NORTH ROAD,BOND STREET,,Non-Injury Crash,No,2023,,East,,0,,Flat,,,,,,Bright sun,529800,0,0,0,4,,,0,,,,,,Auckland Region,Nil,2-way,Sealed,,0,0,,50,,Off,0,0,,76,Auckland,Nil,,,,,0,0,Urban,0,,,Fine,Null
1760764.652,5914743.2394,903184,,519500,0,,0,1,,Null,2023/2024,GREAT SOUTH ROAD,ROCKFIELD ROAD,,Minor Crash,No,2023,,North,,0,,Flat,,Labour Weekend,,,,Bright sun,620400,1,1,0,4,,,0,,,,,,Auckland Region,Nil,2-way,Sealed,,0,0,,50,,Off,0,0,,76,Auckland,Traffic Signals,,,,,0,0,Urban,0,,,Fine,Null
1756246.2232,5919447.3232,903185,,514000,0,,0,2,,West,2024/2025,HOPETOUN STREET,HEREFORD STREET,,Minor Crash,No,2024,,East,,0,,Flat,,,,,,Overcast,413800,1,0,0,2,,,0,,,,,,Auckland Region,Nil,2-way,Sealed,,0,0,,30,,Off,0,0,,76,Auckland,Nil,,,,,0,0,Urban,1,,,Light rain,Null
1757010.4505,5920806.5115,903186,,514101,0,,0,1,,Null,2023/2024,NELSON STREET,FANSHAWE STREET,,Non-Injury Crash,No,2023,,North,,0,,Hill Road,,,,,,Overcast,433003,0,0,0,4,,,0,,,,,,Auckland Region,Nil,1-way,Sealed,,0,0,,40,,On,0,0,,76,Auckland,Traffic Signals,,,,,0,0,Urban,1,,,Fine,Null
1746732.8976,5913976.8424,903189,,511100,0,,0,2,,East,2024/2025,WEST COAST ROAD,SWAN HILL DRIVE,,Minor Crash,No,2024,,East,,0,,Hill Road,,,,,,Bright sun,286100,1,0,0,2,,,0,,,,,,Auckland Region,Nil,2-way,Sealed,,0,0,,50,,Off,0,0,,76,Auckland,Give way,,,,,0,0,Urban,1,,,Fine,Null
1768572.9645,5906234.4575,903192,,523711,0,0,1,2,0,South,2023/2024,SERENITY PLACE,DAWSON ROAD,,Non-Injury Crash,No,2023,0,North,0,0,0,Flat,0,,0,,0,Overcast,712902,0,0,0,2,0,0,0,0,2,,0,0,Auckland Region,Nil,2-way,Sealed,0,0,0,0,50,0,Off,0,0,,76,Auckland,Nil,0,0,0,0,0,0,Urban,0,0,0,Light rain,Null
1767370.1838,5906762.7918,903194,,523601,0,0,0,1,0,North,2022/2023,BAIRDS ROAD,SANDBROOK AVENUE,,Non-Injury Crash,No,2023,0,North,0,0,0,Hill Road,0,,0,,0,Overcast,707600,0,0,0,2,0,0,0,0,0,,0,1,Auckland Region,Nil,2-way,Sealed,0,0,0,0,50,0,Off,0,0,,76,Auckland,Nil,0,0,0,1,0,0,Urban,0,0,0,Fine,Null
1759824.2456,5905888.789,903203,,524200,0,0,0,2,0,East,2024/2025,NAYLORS DRIVE,SHAH LANE,,Minor Crash,No,2024,0,West,0,0,0,Flat,0,,0,,0,Dark,728608,1,0,0,2,0,0,0,0,1,,0,0,Auckland Region,Nil,2-way,Sealed,0,0,0,0,50,0,On,0,0,,76,Auckland,Nil,0,0,0,0,0,0,Urban,1,0,0,Fine,Null
1758326.6495,5911818.0327,903205,,519810,0,0,0,0,0,South,2023/2024,SOUTH-WESTERN MOTORWAY,NEILSON STREET OFF RAMP,,Non-Injury Crash,Yes,2023,0,South,0,0,0,Flat,1,,0,,0,Twilight,602501,0,0,0,4,0,0,0,0,0,,0,0,Auckland Region,Motorway ramp,1-way,Sealed,0,0,0,0,100,0,On,0,0,,76,Auckland,Nil,0,0,0,0,1,0,Open,0,0,0,Fine,Null
1751432.3308,5915658.7818,903207,,514401,0,,0,2,,Null,2023/2024,ROBERTON ROAD,WALSALL STREET,,Minor Crash,No,2024,,South,,0,,Hill Road,,,,,,Dark,382000,1,0,0,2,,,0,,,,,,Auckland Region,Nil,2-way,Sealed,,0,0,,50,,On,0,0,,76,Auckland,Stop,,,,,0,0,Urban,0,,,Fine,Null
1761785.9313,5916016.6871,903208,,516003,0,0,0,2,0,West,2022/2023,ABBOTTS WAY,KORAHA STREET,,Non-Injury Crash,No,2023,0,West,0,0,0,Flat,0,,0,,0,Overcast,494804,0,0,0,2,0,0,0,0,1,,0,1,Auckland Region,Nil,2-way,Sealed,0,0,0,0,50,0,Off,0,0,,76,Auckland,Nil,0,0,0,0,0,0,Urban,0,0,0,Fine,Null
1767365.2182,5906192.6831,903212,,523601,0,,0,1,,North,2023/2024,SOUTHERN MOTORWAY,REAGAN OBR,,Non-Injury Crash,Yes,2024,,South,,0,,Flat,,,,,,Overcast,707200,0,0,0,3,,,0,,,,,,Auckland Region,Nil,1-way,Sealed,,0,0,,100,,Off,1,0,,76,Auckland,Nil,,,,,0,0,Open,0,,,Fine,Null
1760708.4519,5916277.7807,903219,,516003,0,,0,2,,South,2023/2024,PEACH PARADE,GREEN LANE EAST,,Non-Injury Crash,No,2023,,North,,0,,Flat,,,,,,Overcast,494400,0,0,0,3,,,0,,,,,,Auckland Region,Nil,2-way,Sealed,,0,0,,50,,Off,0,0,,76,Auckland,Nil,,,,,0,0,Urban,0,,,Fine,Null
1763275.2177,5912925.0264,903229,,520402,0,0,0,0,0,Null,2024/2025,RUAWAI ROAD,ARANUI ROAD,,Non-Injury Crash,No,2024,0,South,0,0,1,Hill Road,0,,0,,0,Dark,641600,0,0,0,2,0,0,0,1,0,,0,0,Auckland Region,Nil,2-way,Sealed,0,0,0,0,50,0,On,1,0,,76,Auckland,Stop,0,0,0,0,0,0,Urban,0,0,1,Fine,Null
1754603.276,5920520.7543,903232,,515301,0,0,0,2,0,South,2023/2024,KELMARNA AVENUE,BULLER STREET,,Minor Crash,No,2023,0,South,0,0,0,Flat,0,,0,,0,Dark,427200,1,0,0,2,0,0,0,0,2,,0,0,Auckland Region,Nil,2-way,Sealed,0,0,0,0,50,0,On,0,0,,76,Auckland,Nil,0,0,0,0,0,0,Urban,1,0,0,Fine,Null
1757769.065,5918207.5884,903233,,515700,0,,0,3,,South,2022/2023,SOUTHERN MOTORWAY,MOUNTAIN OBR,,Non-Injury Crash,Yes,2023,,North,,0,,Flat,,,,,,Dark,443600,0,0,0,5,,,0,,,,,,Auckland Region,Nil,1-way,Sealed,,0,0,,80,,On,0,1,,76,Auckland,Nil,,,,,0,0,Open,0,,,Fine,Null
1756642.8995,5926689.5828,903234,,507900,0,,0,0,,South,2022/2023,NORTHERN MOTORWAY,NORTHCOTE ROAD OFF RAMP,,Non-Injury Crash,Yes,2023,,North,,0,,Flat,,,,,,Dark,303501,0,0,0,3,,,0,,,,,,Auckland Region,Nil,1-way,Sealed,,0,0,,100,,On,0,0,,76,Auckland,Nil,,,,,0,0,Open,2,,,Fine,Null
1771131.9013,5906174.3374,903235,,523713,0,,0,2,,Null,2022/2023,MURPHYS ROAD,FLAT BUSH SCHOOL ROAD,,Non-Injury Crash,No,2023,,South,,0,,Flat,,,,,,Dark,712701,0,0,0,2,,,0,,,,,,Auckland Region,Nil,2-way,Sealed,,0,0,,60,,On,0,0,,76,Auckland,Traffic Signals,,,,,0,0,Urban,0,,,Fine,Null
1763836.1083,5912875.2052,903237,,520500,0,,0,2,,South,2022/2023,MOUNT WELLINGTON HIGHWAY,SOUTH EASTERN OBR,,Non-Injury Crash,No,2023,,South,,0,,Flat,,,,,,Overcast,637500,0,0,0,3,,,0,,,,,,Auckland Region,Overpass,1-way,Sealed,,0,0,,50,,Off,1,0,,76,Auckland,Nil,,,,,0,0,Urban,0,,,Fine,Null
1746783.1248,5917589.6878,903248,,512500,0,,0,2,,Null,2022/2023,MCLEOD ROAD,TE ATATU ROAD,,Non-Injury Crash,No,2023,,West,,0,,Flat,,,,,,Overcast,258500,0,0,0,2,,,0,,,,,,Auckland Region,Nil,2-way,Sealed,,0,0,,50,,Off,0,0,,76,Auckland,Traffic Signals,,,,,0,0,Urban,0,,,Fine,Null
1777223.6717,5905132.0058,903250,,525201,0,0,0,1,0,Null,2022/2023,BROOKBY ROAD,TWILIGHT ROAD,,Non-Injury Crash,No,2023,0,North,1,0,0,Flat,0,,0,,0,Bright sun,762000,0,0,0,2,0,0,0,0,0,,0,0,Auckland Region,Nil,2-way,Sealed,0,0,0,0,80,0,Off,0,0,,76,Auckland,Give way,0,0,0,0,0,0,Open,0,0,0,Fine,Null
1765494.4229,5899326.3983,903257,,524811,0,0,0,1,0,Null,2023/2024,ETHERTON DRIVE,NICHOLAS GIBBONS DRIVE,,Non-Injury Crash,No,2024,0,South,0,0,0,Flat,0,,0,,0,Dark,773810,0,0,0,2,0,0,0,0,0,,0,1,Auckland Region,Nil,2-way,Sealed,0,0,0,0,30,0,On,0,0,,76,Auckland,Nil,0,0,0,0,0,0,Urban,0,0,0,Fine,Null
1766561.2923,5899873.0311,903262,,524713,0,0,0,1,0,Null,2023/2024,JOHN WALKER DRIVE,WEYMOUTH ROAD,,Minor Crash,No,2023,0,South,0,0,1,Flat,0,,0,,0,Dark,775805,1,0,0,1,0,0,0,0,0,,0,0,Auckland Region,Nil,1-way,Sealed,0,0,0,0,50,0,On,0,0,,76,Auckland,Give way,0,0,0,0,0,0,Urban,0,0,0,Fine,Null
1766900.5398,5903860.0599,903267,15,524604,0,,0,1,,Null,2022/2023,LAMBIE DRIVE OFF RAMP,LAMBIE DRIVE,,Non-Injury Crash,No,2023,,West,,0,,Hill Road,,,,,,Bright sun,780210,0,0,0,2,,,0,,,,,,Auckland Region,Nil,1-way,Sealed,,0,0,,60,,Off,0,0,,76,Auckland,Give way,,,,,0,0,Urban,1,,,Fine,None
1719662.5681,5948763.4585,903269,55,506642,0,0,0,1,1,North,2023/2024,SOUTH HEAD ROAD,CROSLAND ROAD,,Non-Injury Crash,No,2024,0,North,1,0,0,Flat,0,,0,,0,Dark,210301,0,0,0,2,0,0,0,0,0,,0,0,Auckland Region,Nil,2-way,Sealed,0,0,0,0,100,0,None,0,0,,76,Auckland,Nil,0,0,0,0,0,0,Open,0,0,0,Light rain,Null