X,Y,OBJECTID,advisorySpeed,areaUnitID,bicycle,bridge,bus,carStationWagon,cliffBank,crashDirectionDescription,crashFinancialYear,crashLocation1,crashLocation2,crashRoadSideRoad,crashSeverity,crashSHDescription,crashYear,debris,directionRoleDescription,ditch,fatalCount,fence,flatHill,guardRail,holiday,houseOrBuilding,intersection,kerb,light,meshblockId,minorInjuryCount,moped,motorcycle,NumberOfLanes,objectThrownOrDropped,otherObject,otherVehicleType,overBank,parkedVehicle,pedestrian,phoneBoxEtc,postOrPole,region,roadCharacter,roadLane,roadSurface,roadworks,schoolBus,seriousInjuryCount,slipOrFlood,speedLimit,strayAnimal,streetLight,suv,taxi,temporarySpeedLimit,tlaId,tlaName,trafficControl,trafficIsland,trafficSign,train,tree,truck,unknownVehicleType,urban,vanOrUtility,vehicle,waterRiver,weatherA,weatherB
1752190.4609,5937802.3329,903275,,506300,0,0,0,0,0,South,2023/2024,NORTHERN MOTORWAY,WRIGHT OBR,,Non-Injury Crash,Yes,2023,0,South,0,0,0,Flat,1,,0,,0,Bright sun,176105,0,0,0,2,0,0,0,0,0,,0,0,Auckland Region,Nil,1-way,Sealed,0,0,0,0,100,0,Off,0,0,,76,Auckland,Nil,0,0,0,0,0,0,Open,1,0,0,Fine,Null
1755132.9836,5914959.7879,903276,,518500,0,0,0,2,0,Null,2023/2024,HARDLEY AVENUE,HAIG AVENUE,,Minor Crash,No,2023,0,South,0,0,0,Flat,0,,0,,0,Bright sun,560100,1,0,1,2,0,0,0,0,1,,0,0,Auckland Region,Nil,2-way,Sealed,0,0,0,0,50,0,None,0,0,,76,Auckland,Stop,0,0,0,0,0,0,Urban,0,0,0,Fine,Null
1762485.0959,5907265.1209,903277,,524520,0,,0,2,,South,2024/2025,MASSEY ROAD,YATES ROAD,,Non-Injury Crash,No,2024,,South,,0,,Flat,,,,,,Bright sun,734603,0,0,0,2,,,0,,,,,,Auckland Region,Nil,2-way,Unsealed,,0,0,,50,,Null,0,0,,76,Auckland,Nil,,,,,0,0,Urban,0,,,Fine,Null
1736816.4409,5929536.1813,903279,,505602,0,0,0,1,0,West,2024/2025,SH 16,TRIGG ROAD,,Serious Crash,Yes,2024,0,West,0,0,0,Flat,0,,0,,0,Dark,215908,1,0,0,2,0,0,0,0,0,,0,0,Auckland Region,Nil,2-way,Unsealed,0,0,2,0,60,0,Off,0,0,10,76,Auckland,Nil,0,0,0,1,0,0,Urban,0,0,0,Fine,Null
1752475.795,5931040.9817,903280,,508807,0,0,0,1,0,North,2024/2025,UPPER HARBOUR HIGHWAY,WILLIAM PICKERING DRIVE,,Minor Crash,Yes,2024,0,North,0,0,0,Flat,1,,0,,0,Bright sun,180809,1,0,0,2,0,0,0,0,0,,0,0,Auckland Region,Motorway ramp,1-way,Sealed,0,0,0,0,80,0,Off,0,0,,76,Auckland,Nil,0,0,0,0,0,0,Open,0,0,0,Fine,Null
1764474.2561,5912955.8617,903282,,520500,0,0,0,1,0,Null,2024/2025,CARBINE ROAD,SOUTH-EASTERN HIGHWAY,,Minor Crash,No,2024,0,South,0,0,0,Flat,0,,0,,0,Dark,639100,1,0,0,6,0,0,0,0,0,,0,0,Auckland Region,Nil,2-way,Sealed,0,0,0,0,50,0,On,0,0,,76,Auckland,Traffic Signals,0,1,0,0,0,0,Urban,0,0,0,Fine,Null
1769251.9768,5907476.5576,903284,,523711,0,,0,2,,West,2024/2025,ORMISTON ROAD,TE IRIRANGI DRIVE,,Minor Crash,No,2025,,East,,0,,Flat,,,,,,Overcast,712801,1,0,0,4,,,0,,,,,,Auckland Region,Nil,2-way,Sealed,,0,0,,50,,Off,0,0,,76,Auckland,Nil,,,,,0,0,Urban,0,,,Fine,Null
1755238.957,5921770.5422,903286,,515202,0,0,0,1,0,South,2023/2024,CURRAN STREET ON RAMP,NORTHERN MOTORWAY,,Non-Injury Crash,No,2024,0,North,0,0,0,Flat,1,,0,,0,Dark,423600,0,0,0,1,0,0,0,0,0,,0,0,Auckland Region,Motorway ramp,1-way,Sealed,0,0,0,0,50,0,On,0,0,,76,Auckland,Nil,0,0,0,0,0,0,Urban,0,0,0,Light rain,Strong wind
1728437.8199,5934427.4091,903287,,506652,0,0,0,2,0,Null,2023/2024,SH 16,JAMES MACKIE ROAD,,Minor Crash,Yes,2024,0,South,0,0,0,Flat,0,,0,,0,Overcast,218300,1,0,0,2,0,0,0,0,1,,0,0,Auckland Region,Nil,2-way,Sealed,0,0,0,0,100,0,Off,0,0,,76,Auckland,Give way,0,0,0,0,0,0,Open,2,0,0,Light rain,Null
1770046.9278,5898582.2791,903294,,523920,0,,0,2,,North,2023/2024,SOUTHERN MOTORWAY,WALTER STREVENS OBR,,Non-Injury Crash,Yes,2023,,North,,0,,Flat,,,,,,Bright sun,767911,0,0,0,3,,,0,,,,,,Auckland Region,Nil,1-way,Sealed,,0,0,,100,,Null,0,1,,76,Auckland,Nil,,,,,0,0,Open,0,,,Fine,Null
1757539.5234,5918538.0578,903303,,514302,0,,0,3,,North,2022/2023,SOUTHERN MOTORWAY,BOSTON OBR,,Non-Injury Crash,Yes,2023,,North,,0,,Flat,,,,,,Dark,442100,0,0,0,3,,,0,,,,,,Auckland Region,Nil,1-way,Sealed,,0,0,,80,,On,0,0,,76,Auckland,Nil,,,,,0,0,Open,0,,,Fine,Null
1751931.6115,5918532.2737,903308,,515001,0,0,0,1,0,North,2023/2024,FORMBY AVENUE,PELHAM AVENUE,,Non-Injury Crash,No,2023,0,North,0,0,0,Flat,0,,0,,0,Dark,392800,0,0,0,2,0,0,0,0,1,,0,0,Auckland Region,Nil,2-way,Sealed,0,0,0,0,50,0,On,1,0,,76,Auckland,Nil,0,0,0,0,0,0,Urban,0,0,0,Light rain,Null
1756703.4369,5919668.7168,903310,,514102,0,,0,2,,Null,2022/2023,HOPETOUN STREET,ST JAMES STREET,,Non-Injury Crash,No,2023,,South,,0,,Flat,,,,,,Overcast,435500,0,0,0,4,,,0,,,,,,Auckland Region,Nil,2-way,Sealed,,0,0,,30,,Off,0,0,,76,Auckland,Stop,,,,,0,0,Urban,0,,,Fine,Null
1729595.9586,5939904.5243,903316,,506800,0,0,0,2,0,North,2023/2024,COMMERCIAL ROAD,RATA STREET,,Non-Injury Crash,Yes,2023,0,North,0,0,1,Flat,0,Labour Weekend,0,,1,Dark,208600,0,0,0,2,0,0,0,0,0,,0,0,Auckland Region,Nil,2-way,Sealed,0,0,0,0,50,0,On,0,0,,76,Auckland,Nil,0,0,0,0,0,0,Urban,0,0,0,Fine,Null
1759157.9197,5919407.6034,903321,,515902,0,0,0,1,0,West,2022/2023,ST STEPHENS AVENUE,BURROWS AVENUE,,Non-Injury Crash,No,2023,0,West,0,0,0,Hill Road,0,,0,,0,Overcast,454600,0,0,0,2,0,0,0,0,1,,0,0,Auckland Region,Nil,2-way,Sealed,0,0,0,0,50,0,On,0,0,,76,Auckland,Nil,0,0,0,0,0,0,Urban,1,0,0,Fine,Null
1760449.6687,5908921.6847,903327,,524403,0,,0,2,,Null,2023/2024,WALMSLEY ROAD,ROBERTSON ROAD,,Minor Crash,No,2023,,East,,0,,Hill Road,,,,,,Overcast,729500,1,0,0,2,,,0,,,,,,Auckland Region,Nil,2-way,Sealed,,0,0,,60,,On,0,0,,76,Auckland,Give way,,,,,1,0,Urban,0,,,Fine,Null
1757708.1151,5918291.6183,903332,,514302,0,,0,1,,North,2023/2024,SOUTHERN MOTORWAY,MOUNTAIN OBR,,Non-Injury Crash,Yes,2023,,South,,0,,Flat,,,,,,Overcast,442100,0,0,0,5,,,0,,,,,,Auckland Region,Nil,1-way,Sealed,,0,0,,80,,Off,0,0,,76,Auckland,Nil,,,,,0,0,Open,1,,,Fine,Null
1747361.5921,5914140.5467,903334,,511100,0,0,0,1,0,East,2022/2023,GLENORCHY STREET,GLENVIEW ROAD,,Non-Injury Crash,No,2023,0,East,0,0,0,Flat,0,,0,,0,Dark,285500,0,0,0,2,0,0,0,0,1,,0,0,Auckland Region,Nil,2-way,Unsealed,0,0,0,0,50,0,On,0,0,,76,Auckland,Nil,0,0,0,0,0,0,Urban,1,0,0,Light rain,Null
1754539.593,5927407.9843,903341,,508310,0,,0,2,,South,2023/2024,ARCHERS ROAD,VELMA ROAD,,Minor Crash,No,2023,,North,,0,,Flat,,,,,,Overcast,201400,2,0,0,2,,,0,,,1,,,Auckland Region,Nil,2-way,Sealed,,0,0,,50,,Off,0,0,,76,Auckland,Nil,,,,,0,0,Urban,0,,,Fine,Frost
1765221.8751,5918915.2786,903343,,516602,0,0,0,2,0,West,2022/2023,TARAWERA TERRACE,LONG DRIVE,,Non-Injury Crash,No,2023,0,West,0,0,0,Hill Road,0,Easter,0,,0,Dark,507800,0,0,0,2,0,0,0,0,1,,0,0,Auckland Region,Nil,2-way,Sealed,0,0,0,0,50,0,On,0,0,,76,Auckland,Nil,0,0,0,0,0,0,Urban,0,0,0,Fine,Null
1761460.8379,5914327.4996,903344,,520202,0,,0,2,,Null,2023/2024,ELLERSLIE-PANMURE HIGHWAY,ELLERSLIE-PANMURE HWY ON RAMP,,Non-Injury Crash,No,2024,,South,,0,,Flat,,,,,,Bright sun,612502,0,0,0,2,,,0,,,,,,Auckland Region,Nil,1-way,Sealed,,0,0,,50,,Off,0,0,,76,Auckland,Give way,,,,,0,0,Urban,0,,,Fine,None
1768829.327,5900916.6131,903345,,525001,0,,0,1,,South,2023/2024,GREAT SOUTH ROAD,HALVER ROAD,,Non-Injury Crash,No,2024,,North,,0,,Flat,,,,,,Bright sun,751600,0,0,0,2,,,0,,,,,,Auckland Region,Nil,2-way,Sealed,,0,0,,50,,Off,0,0,,76,Auckland,Nil,,,,,0,0,Urban,1,,,Fine,None
1755891.6624,5913055.1696,903351,,518701,0,,0,1,,North,2024/2025,STAMFORD PARK ROAD,MELROSE ROAD,,Non-Injury Crash,No,2024,,North,,0,,Null,,,,,,Unknown,574000,0,0,0,2,,,0,,,,,,Auckland Region,Nil,2-way,Null,,0,0,,50,,Null,0,0,,76,Auckland,Nil,,,,,0,0,Urban,0,,,Null,Null
1768180.3046,5902441.4471,903356,,524602,0,,0,2,,Null,2023/2024,GREAT SOUTH ROAD,BROWNS ROAD,,Non-Injury Crash,No,2024,,South,,0,,Hill Road,,,,,,Bright sun,780700,0,0,0,5,,,0,,,,,,Auckland Region,Nil,2-way,Sealed,,0,0,,50,,Off,0,0,,76,Auckland,Traffic Signals,,,,,0,0,Urban,0,,,Fine,None
1772551.3642,5896999.6015,903359,,525630,0,,0,1,,Null,2023/2024,PORCHESTER ROAD,OLD WAIROA ROAD,,Non-Injury Crash,No,2023,,South,,0,,Flat,,,,,,Bright sun,794100,0,0,0,4,,,0,,,,,,Auckland Region,Nil,2-way,Sealed,,0,0,,50,,Off,0,0,,76,Auckland,Give way,,,,,0,0,Urban,1,,,Fine,Null
1765883.5226,5904408.3184,903365,,524603,0,,0,2,,Null,2023/2024,PLUNKET AVENUE,CAVENDISH DRIVE,,Non-Injury Crash,No,2023,,South,,0,,Flat,,,,,,Bright sun,674000,0,0,0,2,,,0,,,,,,Auckland Region,Nil,2-way,Sealed,,0,0,,50,,Off,0,0,,76,Auckland,Traffic Signals,,,,,0,0,Urban,0,,,Fine,Null
1754506.2777,5926958.3852,903368,,508610,0,0,0,3,0,South,2023/2024,LYNDEN AVENUE,CORONATION ROAD,,Non-Injury Crash,No,2023,0,North,0,0,0,Hill Road,0,,0,,0,Dark,205700,0,0,0,2,0,0,0,0,2,,0,0,Auckland Region,Nil,2-way,Sealed,0,0,0,0,50,0,On,0,0,,76,Auckland,Nil,0,0,0,0,0,0,Urban,0,0,0,Light rain,Null
1756436.8976,5919436.1331,903373,,514102,0,,0,0,,Null,2024/2025,HOWE STREET,MAHON WAY,,Serious Crash,No,2024,,West,,0,,Hill Road,,,,,,Bright sun,436001,0,0,0,2,,,0,,,1,,,Auckland Region,Nil,2-way,Sealed,,0,1,,30,,Off,1,0,,76,Auckland,Nil,,,,,0,0,Urban,0,,,Fine,Null
1769892.2152,5900714.2681,903376,,524902,0,,0,3,,North,2023/2024,SOUTHERN MOTORWAY,MANUREWA-TAKANINI ON RAMP,,Minor Crash,Yes,2023,,North,,0,,Flat,,,,,,Overcast,758700,1,0,0,3,,,0,,,,,,Auckland Region,Nil,1-way,Sealed,,0,0,,100,,On,0,0,,76,Auckland,Nil,,,,,0,0,Open,2,,,Light rain,Null
1759135.4795,5916822.3263,903377,,516001,0,,0,1,,North,2023/2024,SOUTHERN MOTORWAY,MARKET OBR,,Non-Injury Crash,Yes,2024,,North,,0,,Flat,,,,,,Dark,491200,0,0,0,3,,,0,,,,,,Auckland Region,Nil,1-way,Sealed,,0,0,,80,,On,1,0,,76,Auckland,Nil,,,,,0,0,Open,0,,,Light rain,Null
1768902.2831,5900833.2741,903380,,525002,0,0,0,2,0,Null,2023/2024,WEYMOUTH ROAD,GREAT SOUTH ROAD,,Non-Injury Crash,No,2023,0,East,0,0,0,Flat,0,,0,,0,Dark,752802,0,0,0,2,0,0,0,0,0,,0,0,Auckland Region,Nil,2-way,Sealed,0,0,0,0,50,0,On,0,0,30,76,Auckland,Traffic Signals,0,1,0,0,0,0,Urban,0,0,0,Light rain,Null
1774229.2493,5902615.8488,903383,,523813,0,,0,0,,South,2024/2025,ALFRISTON-ARDMORE ROAD,MUIRS BR,,Non-Injury Crash,No,2024,,North,,0,,Flat,,,,,,Bright sun,761000,0,0,0,2,,,0,,,,,,Auckland Region,Nil,2-way,Sealed,,0,0,,80,,None,2,0,,76,Auckland,Nil,,,,,0,0,Open,0,,,Fine,None
1764018.7569,5909938.5594,903393,,521901,0,,0,1,,South,2023/2024,GREAT SOUTH ROAD,STATION ROAD,,Non-Injury Crash,No,2023,,South,,0,,Flat,,,,,,Bright sun,783800,0,0,0,2,,,0,,,,,,Auckland Region,Nil,2-way,Sealed,,0,0,,30,,On,0,0,,76,Auckland,Nil,,,,,0,0,Urban,1,,,Fine,None
1763662.1617,5909748.7436,903395,,521901,0,,0,1,,Null,2023/2024,STATION ROAD,NIKAU ROAD,,Non-Injury Crash,No,2024,,East,,0,,Flat,,,,,,Overcast,782900,0,0,0,2,,,0,,,,,,Auckland Region,Nil,2-way,Sealed,,0,0,,50,,Off,0,0,,76,Auckland,Stop,,,,,0,0,Urban,1,,,Light rain,None
1750972.0115,5932960.9608,903397,,508806,0,0,0,1,0,West,2024/2025,BASS ROAD,ALBANY HIGHWAY,,Non-Injury Crash,No,2024,0,South,0,0,0,Flat,0,,0,,0,Bright sun,179913,0,0,0,2,0,0,0,0,0,,0,1,Auckland Region,Nil,2-way,Sealed,0,0,0,0,50,0,Off,0,0,,76,Auckland,Nil,0,0,0,0,0,0,Urban,0,0,0,Fine,Null
1744058.6399,5922581.3884,903398,,513512,0,,0,0,,Null,2023/2024,ROYAL ROAD,WESTGATE DRIVE,,Minor Crash,No,2024,,East,,0,,Flat,,,,,,Bright sun,225501,1,0,0,2,,,0,,,,,,Auckland Region,Nil,2-way,Sealed,,0,0,,50,,None,2,0,,76,Auckland,Traffic Signals,,,,,0,0,Urban,0,,,Fine,Null
1748352.1076,5912949.4814,903401,,511401,0,0,0,1,0,South,2024/2025,TITIRANGI ROAD,CEZANNE PLACE,,Minor Crash,No,2024,0,North,0,0,0,Hill Road,0,,0,,0,Bright sun,262800,1,0,0,2,0,0,0,0,0,,0,1,Auckland Region,Nil,2-way,Sealed,0,0,0,0,50,0,Off,0,0,,76,Auckland,Nil,0,0,0,0,0,0,Urban,0,0,0,Fine,Null
1741353.7362,5976076.5166,903403,,506661,0,,0,1,,West,2023/2024,SH 1,FALLS BR,,Non-Injury Crash,Yes,2024,,West,,0,,Flat,,,,,,Bright sun,139000,0,0,0,2,,,0,,,,,,Auckland Region,Nil,2-way,Sealed,,0,0,,80,,None,0,0,,76,Auckland,Nil,,,,,0,0,Open,1,,,Fine,Null
1765042.8016,5900200.8532,903408,,524821,0,0,0,0,0,West,2022/2023,BURUNDI AVENUE,RUKUMOANA PLACE,,Non-Injury Crash,No,2023,0,West,0,0,1,Flat,0,,0,,0,Dark,774408,0,0,0,2,0,0,0,0,0,,0,0,Auckland Region,Nil,2-way,Sealed,0,0,0,0,50,0,On,1,0,,76,Auckland,Nil,0,0,0,0,0,0,Urban,0,0,0,Mist or Fog,Null
1767801.5724,5904076.0805,903410,,524602,0,,0,1,,Null,2023/2024,GREAT SOUTH ROAD,LAKEWOOD COURT,,Non-Injury Crash,No,2023,,North,,0,,Flat,,,,,,Overcast,780416,0,0,0,2,,,0,,,,,,Auckland Region,Nil,1-way,Sealed,,0,0,,60,,Off,0,0,,76,Auckland,Traffic Signals,,,,,0,0,Urban,1,,,Light rain,Null
1747072.4554,5919252.8815,903412,,512402,0,,0,2,,Null,2024/2025,TE ATATU ROAD,JAEMONT AVENUE,,Non-Injury Crash,No,2024,,South,,0,,Flat,,,,,,Dark,254400,0,0,0,4,,,0,,,,,,Auckland Region,Nil,2-way,Sealed,,0,0,,50,,On,0,0,,76,Auckland,Give way,,,,,0,0,Urban,0,,,Light rain,Null
1770665.7644,5904591.2509,903413,,523712,0,0,0,1,0,North,2024/2025,MURPHYS ROAD,REDOUBT ROAD,,Minor Crash,No,2024,0,East,0,0,0,Hill Road,1,,0,,0,Dark,716300,1,0,0,2,0,0,0,0,0,,0,0,Auckland Region,Nil,2-way,Sealed,0,0,0,0,60,0,None,0,0,,76,Auckland,Nil,0,0,0,0,0,0,Urban,0,0,0,Fine,Null
1785753.173,5923708.874,903416,,520801,0,0,0,1,1,East,2023/2024,CARSONS ROAD,GORDONS ROAD,,Non-Injury Crash,No,2024,0,North,0,0,0,Hill Road,0,,0,,0,Twilight,515608,0,0,0,2,0,0,0,0,0,,0,0,Auckland Region,Nil,2-way,Sealed,0,0,0,0,50,0,None,0,0,,76,Auckland,Nil,0,0,0,0,0,0,Urban,0,0,0,Heavy rain,Null
1744081.3664,5924862.3255,903417,,513410,0,0,0,1,0,West,2024/2025,UPPER HARBOUR MOTORWAY,TRIG OBR,,Non-Injury Crash,Yes,2024,0,East,0,0,0,Hill Road,1,,0,,0,Overcast,223901,0,0,0,2,0,0,0,0,0,,0,0,Auckland Region,Nil,1-way,Sealed,0,0,0,0,100,0,Off,0,0,,76,Auckland,Nil,0,0,0,0,0,0,Open,0,0,0,Fine,Null
1770371.7987,5894416.5433,903419,,521201,0,0,0,3,0,South,2024/2025,LUSITANO DRIVE,KABARDIN STREET,,Minor Crash,No,2024,0,South,0,0,0,Flat,0,,0,,0,Overcast,806700,1,0,0,2,0,0,0,0,1,,0,0,Auckland Region,Nil,2-way,Sealed,0,0,0,0,50,0,Off,0,0,,76,Auckland,Nil,0,0,0,0,0,0,Urban,0,0,0,Fine,Null
1751461.9865,5939201.8401,903422,,506300,0,0,0,1,1,North,2023/2024,NORTHERN MOTORWAY,REDVALE RISE,,Non-Injury Crash,Yes,2023,0,North,0,0,0,Flat,0,Labour Weekend,0,,0,Dark,176008,0,0,0,2,0,0,0,0,0,,0,0,Auckland Region,Nil,1-way,Sealed,0,0,0,0,100,0,None,0,0,,76,Auckland,Nil,0,0,0,0,0,0,Open,0,0,0,Fine,Null
1754136.1694,5913207.6827,903423,,518803,0,0,0,0,0,North,2023/2024,MAY ROAD,RICHARDSON ROAD,,Non-Injury Crash,No,2024,0,North,0,0,0,Hill Road,0,Easter,0,,1,Dark,582200,0,0,0,2,0,0,0,0,0,,0,1,Auckland Region,Nil,2-way,Sealed,0,0,0,0,50,0,On,1,0,,76,Auckland,Nil,0,0,0,0,0,0,Urban,0,0,0,Fine,Null
1756088.4429,5923676.2004,903424,,509800,0,,0,1,,South,2022/2023,NORTHERN MOTORWAY,WEIGH BRIDGE,,Minor Crash,Yes,2023,,South,,0,,Hill Road,,,,,,Overcast,359100,1,0,1,4,,,0,,,,,,Auckland Region,Motorway ramp,2-way,Sealed,,0,0,,80,,Off,0,0,30,76,Auckland,Nil,,,,,0,0,Open,0,,,Light rain,Null
1768950.123,5881230.8957,903428,,525910,0,,0,0,,South,2023/2024,EDINBURGH STREET,KING STREET,,Minor Crash,No,2023,,North,,0,,Flat,,,,,,Bright sun,819100,1,0,0,2,,,0,,,1,,,Auckland Region,Nil,2-way,Sealed,,0,0,,50,,Off,0,0,,76,Auckland,Nil,,,,,0,0,Urban,1,,,Fine,Null
1765454.2649,5916945.4832,903430,,517001,1,,0,1,,Null,2023/2024,LINE ROAD,MAYFAIR PLACE,,Serious Crash,No,2023,,South,,0,,Flat,,,,,,Bright sun,476200,0,0,0,2,,,0,,,,,,Auckland Region,Speed hump,2-way,Sealed,,0,1,,30,,None,0,0,,76,Auckland,Stop,,,,,0,0,Urban,0,,,Fine,Null
1758092.973,5920348.3146,903440,,514103,0,0,0,1,0,North,2023/2024,ANZAC AVENUE,WATERLOO QUADRANT,,Non-Injury Crash,No,2023,0,North,0,0,0,Hill Road,0,,0,,0,Dark,438308,0,0,0,4,0,0,0,0,0,,0,0,Auckland Region,Nil,2-way,Sealed,0,0,0,0,30,0,On,0,0,,76,Auckland,Nil,0,0,0,1,0,0,Urban,0,0,0,Fine,Null
1769151.8897,5901704.4476,903443,,524901,0,0,0,1,0,North,2024/2025,DENNIS AVENUE,EARLS COURT,,Non-Injury Crash,No,2024,0,South,0,0,0,Flat,0,,0,,0,Overcast,756400,0,0,0,2,0,0,0,0,0,,0,1,Auckland Region,Nil,2-way,Sealed,0,0,0,0,50,0,Off,0,0,,76,Auckland,Nil,0,0,0,0,0,0,Urban,0,0,0,Light rain,Null
1776677.4065,5883765.9353,903448,,521132,0,0,0,0,0,North,2023/2024,HILLVIEW ROAD,PORTSMOUTH ROAD,,Non-Injury Crash,No,2024,0,South,0,0,1,Flat,0,,0,,0,Twilight,814702,0,0,0,2,0,0,0,0,0,,0,0,Auckland Region,Nil,2-way,Sealed,0,0,0,0,80,0,None,0,0,,76,Auckland,Nil,0,0,0,1,0,0,Open,1,0,0,Fine,Null
1744664.462,5919804.6376,903451,,513301,1,,0,1,,Null,2024/2025,UNIVERSAL DRIVE,RATHGAR ROAD,,Minor Crash,No,2025,,West,,0,,Flat,,,,,,Bright sun,234401,1,0,0,2,,,0,,,,,,Auckland Region,Nil,2-way,Sealed,,0,0,,50,,Off,0,0,,76,Auckland,Give way,,,,,0,0,Urban,0,,,Fine,Null
1764250.291,5909801.2616,903453,,521901,0,,0,3,,Null,2024/2025,ATKINSON AVENUE,CRITERION STREET,,Minor Crash,No,2025,,North,,0,,Flat,,,,,,Dark,784000,1,1,0,4,,,0,,,,,,Auckland Region,Nil,2-way,Sealed,,0,0,,50,,On,0,0,,76,Auckland,Traffic Signals,,,,,0,0,Urban,0,,,Light rain,Null
1766432.673,5912828.7119,903454,,522920,0,0,0,1,1,West,2022/2023,PAKURANGA HIGHWAY,TI RAKAU DRIVE,,Non-Injury Crash,No,2023,0,West,0,0,0,Hill Road,0,,0,,0,Overcast,683800,0,0,0,2,0,0,0,0,0,,0,0,Auckland Region,Nil,1-way,Sealed,0,0,0,1,80,0,Off,0,0,,76,Auckland,Nil,0,0,0,0,0,0,Open,0,0,0,Heavy rain,Null
1765858.5859,5902563.4426,903457,,524604,0,0,0,1,0,East,2024/2025,LANGLEY ROAD,TACOMA ROAD,,Minor Crash,No,2024,0,South,0,0,0,Flat,0,,0,,0,Twilight,781302,1,0,0,2,0,0,0,0,1,,0,0,Auckland Region,Nil,2-way,Sealed,0,0,0,0,50,0,On,0,0,,76,Auckland,Nil,0,0,0,0,0,0,Urban,0,0,0,Fine,Null
1764596.6892,5911928.9598,903460,,520500,0,,0,0,,North,2023/2024,SOUTHERN MOTORWAY,EAST WEST LINK ON RAMP,,Minor Crash,Yes,2024,,South,,0,,Flat,,,,,,Bright sun,639601,1,0,2,3,,,0,,,,,,Auckland Region,Nil,1-way,Sealed,,0,0,,100,,Off,0,0,,76,Auckland,Nil,,,,,0,1,Open,0,,,Fine,Null
1766271.5737,5900284.4612,903465,,524713,0,0,0,0,0,East,2023/2024,SHARLAND AVENUE,SEALORD PLACE,,Non-Injury Crash,No,2023,0,West,0,0,0,Flat,0,,0,,0,Dark,775813,0,0,0,2,0,0,0,0,1,,0,0,Auckland Region,Nil,2-way,Sealed,0,0,0,0,50,0,On,0,0,,76,Auckland,Nil,0,0,0,0,0,0,Urban,3,0,0,Fine,Null
1762382.9819,5913329.7578,903469,,520402,0,,0,1,,South,2022/2023,SOUTHERN MOTORWAY,PENROSE OBR,,Non-Injury Crash,Yes,2023,,South,,0,,Flat,,,,,,Dark,642200,0,0,0,3,,,0,,,,,,Auckland Region,Nil,1-way,Sealed,,0,0,,100,,On,0,0,,76,Auckland,Nil,,,,,0,0,Open,0,,,Heavy rain,Null
1771757.3814,5895187.7505,903470,,525530,0,,0,1,,Null,2022/2023,CHICHESTER DRIVE,BEACH ROAD,,Minor Crash,No,2023,,North,,0,,Flat,,,,,,Overcast,804901,1,0,0,3,,,0,,,,,,Auckland Region,Nil,2-way,Sealed,,0,0,,30,,Off,1,0,,76,Auckland,Traffic Signals,,,,,0,0,Urban,0,,,Fine,Null
1769595.5109,5905406.9149,903471,,523712,0,,0,2,,Null,2022/2023,THOMAS ROAD,ASPIRING AVENUE,,Non-Injury Crash,No,2023,,East,,0,,Flat,,,,,,Overcast,716202,0,0,0,2,,,0,,,,,,Auckland Region,Nil,2-way,Sealed,,0,0,,50,,Off,0,0,,76,Auckland,Give way,,,,,0,0,Urban,0,,,Fine,Null
1743897.3294,5920898.4069,903472,,513632,0,0,0,1,0,Null,2022/2023,ANICH ROAD,ZITA MARIA DRIVE,,Minor Crash,No,2023,0,North,0,0,0,Hill Road,0,,0,,0,Overcast,229300,1,0,0,2,0,0,0,0,1,,0,0,Auckland Region,Nil,2-way,Sealed,0,0,0,0,50,0,Off,0,0,,76,Auckland,Give way,0,0,0,0,0,0,Urban,1,0,0,Light rain,Null
1759117.4969,5903664.1997,903475,,524200,0,,0,1,,South,2024/2025,GEORGE BOLT MEMORIAL DRIVE,JOHN GOULTER DRIVE,,Minor Crash,No,2025,,South,,0,,Flat,,,,,,Bright sun,727200,1,0,0,2,,,0,,,,,,Auckland Region,Nil,1-way,Sealed,,0,0,,50,,Off,0,0,,76,Auckland,Nil,,,,,0,0,Urban,1,,,Fine,Null
1763920.2439,5912483.0392,903477,,520500,0,0,0,1,0,Null,2023/2024,MOUNT WELLINGTON HWY OFF RAMP,MOUNT WELLINGTON HIGHWAY,,Non-Injury Crash,No,2024,0,West,0,0,0,Flat,1,Queens Birthday,0,,0,Dark,639500,0,0,0,2,0,0,0,0,0,,0,0,Auckland Region,Overpass,1-way,Sealed,0,0,0,0,50,0,On,0,0,,76,Auckland,Traffic Signals,0,0,0,0,0,0,Urban,0,0,0,Fine,Null
1764513.0203,5904447.0881,903479,45,522100,0,,0,2,,Null,2023/2024,NOEL BURNSIDE ROAD,PUHINUI ROAD,,Non-Injury Crash,No,2023,,North,,0,,Flat,,,,,,Dark,659300,0,0,0,2,,,0,,,,,,Auckland Region,Nil,2-way,Sealed,,0,0,,50,,On,0,0,,76,Auckland,Nil,,,,,0,0,Urban,0,,,Fine,None
1756463.963,5917802.3537,903480,,518102,0,,0,1,,Null,2023/2024,VIEW ROAD,WYNYARD ROAD,,Non-Injury Crash,No,2024,,East,,0,,Flat,,,,,,Bright sun,545200,0,0,0,2,,,0,,,1,,,Auckland Region,Speed hump,2-way,Sealed,,0,0,,50,,Off,0,0,,76,Auckland,Stop,,,,,0,0,Urban,0,,,Fine,Null