X,Y,OBJECTID,advisorySpeed,areaUnitID,bicycle,bridge,bus,carStationWagon,cliffBank,crashDirectionDescription,crashFinancialYear,crashLocation1,crashLocation2,crashRoadSideRoad,crashSeverity,crashSHDescription,crashYear,debris,directionRoleDescription,ditch,fatalCount,fence,flatHill,guardRail,holiday,houseOrBuilding,intersection,kerb,light,meshblockId,minorInjuryCount,moped,motorcycle,NumberOfLanes,objectThrownOrDropped,otherObject,otherVehicleType,overBank,parkedVehicle,pedestrian,phoneBoxEtc,postOrPole,region,roadCharacter,roadLane,roadSurface,roadworks,schoolBus,seriousInjuryCount,slipOrFlood,speedLimit,strayAnimal,streetLight,suv,taxi,temporarySpeedLimit,tlaId,tlaName,trafficControl,trafficIsland,trafficSign,train,tree,truck,unknownVehicleType,urban,vanOrUtility,vehicle,waterRiver,weatherA,weatherB
1758202.706,5911884.7854,903485,,519810,0,0,0,1,0,South,2023/2024,SOUTH-WESTERN MOTORWAY,QUEENSTOWN ROAD OFF RAMP,,Serious Crash,Yes,2024,0,North,0,0,0,Flat,1,,0,,0,Bright sun,602501,0,0,0,3,0,0,0,0,0,,0,0,Auckland Region,Nil,1-way,Sealed,0,0,1,0,100,0,Off,0,0,,76,Auckland,Nil,0,0,0,0,0,0,Open,0,0,0,Fine,Null
1758386.997,5917665.2712,903486,,515700,1,,0,1,,Null,2023/2024,BROADWAY,MAHURU STREET,,Minor Crash,No,2024,,South,,0,,Flat,,,,,,Overcast,443402,1,0,0,4,,,0,,,,,,Auckland Region,Nil,2-way,Sealed,,0,0,,50,,Off,0,0,,76,Auckland,Stop,,,,,0,0,Urban,0,,,Light rain,Null
1751741.4878,5917151.0917,903488,,514900,0,,0,1,,West,2023/2024,SH 20,NORTH-WESTERN MOTORWAY,,Minor Crash,Yes,2024,,South,,0,,Flat,,,,,,Overcast,384701,1,0,0,3,,,0,,,,,,Auckland Region,Tunnel,1-way,Sealed,,0,0,,80,,On,1,0,,76,Auckland,Nil,,,,,0,0,Open,0,,,Fine,Null
1744722.4078,5921443.3066,903496,,513530,0,,0,3,,North,2024/2025,NORTH-WESTERN MOTORWAY,HURUHURU OBR,,Minor Crash,Yes,2024,,South,,0,,Hill Road,,,,,,Dark,226200,2,0,0,3,,,0,,,,,,Auckland Region,Nil,1-way,Sealed,,0,0,,100,,On,0,0,,76,Auckland,Nil,,,,,0,0,Open,0,,,Fine,Null
1767126.6977,5906941.8144,903499,,523601,0,,0,2,,South,2023/2024,COOPER CRESCENT,EVERITT ROAD,,Minor Crash,No,2024,,North,,0,,Hill Road,,,,,,Overcast,707300,1,0,0,1,,,0,,,1,,,Auckland Region,Nil,2-way,Sealed,,0,0,,50,,Off,0,0,,76,Auckland,Nil,,,,,0,0,Urban,0,,,Fine,Null
1754960.7784,5924745.686,903501,,509800,0,,0,1,,Null,2023/2024,ONEWA ROAD,GLADSTONE ROAD,,Minor Crash,No,2024,,West,,0,,Flat,,,,,,Bright sun,361600,2,0,0,4,,,0,,,,,,Auckland Region,Nil,2-way,Sealed,,0,0,,50,,Off,0,0,,76,Auckland,Give way,,,,,0,0,Urban,1,,,Fine,Null
1754448.2326,5930932.692,903506,,508520,0,,0,2,,North,2023/2024,NORTHERN MOTORWAY,UPPER HARBOUR HWY ON RAMP,,Non-Injury Crash,Yes,2023,,South,,0,,Hill Road,,,,,,Bright sun,191107,0,0,0,2,,,0,,,,,,Auckland Region,Nil,1-way,Sealed,,0,0,,100,,Off,0,0,,76,Auckland,Nil,,,,,0,0,Open,0,,,Fine,Null
1756389.5763,5924515.2764,903508,,509702,0,,0,2,,North,2022/2023,NORTHERN MOTORWAY,OLD ONEWA OBR,,Non-Injury Crash,Yes,2023,,North,,0,,Flat,,,,,,Bright sun,366700,0,0,0,4,,,0,,,,,,Auckland Region,Nil,1-way,Sealed,,0,0,,80,,Off,0,0,,76,Auckland,Nil,,,,,0,0,Open,0,,,Fine,Null
1768493.419,5899415.0403,903511,,525102,0,,0,2,,Null,2023/2024,MAHIA ROAD,COXHEAD ROAD,,Non-Injury Crash,No,2024,,East,,0,,Flat,,,,,,Dark,769600,0,0,0,2,,,0,,,,,,Auckland Region,Nil,2-way,Sealed,,0,0,,50,,On,0,0,,76,Auckland,Give way,,,,,0,0,Urban,0,,,Light rain,Null
1763894.6395,5907243.4372,903512,,524301,0,0,0,2,0,North,2023/2024,GRAY AVENUE,LANDON AVENUE,,Minor Crash,No,2023,0,South,0,0,0,Flat,0,,0,,0,Dark,748100,2,0,0,2,0,0,0,0,1,,0,0,Auckland Region,Nil,2-way,Sealed,0,0,0,0,50,0,On,1,0,,76,Auckland,Nil,0,0,0,0,0,0,Urban,0,0,0,Fine,Null
1755241.8701,5924720.7434,903515,,509800,0,0,0,1,0,Null,2022/2023,ONEWA ROAD,WOODSIDE AVENUE,,Non-Injury Crash,No,2023,0,East,0,0,1,Flat,0,,0,,0,Bright sun,359400,0,0,0,4,0,0,0,0,0,,0,0,Auckland Region,Nil,2-way,Sealed,0,0,0,0,50,0,Off,0,0,,76,Auckland,Give way,0,0,0,0,0,0,Urban,1,0,0,Fine,Null
1755727.0965,5925370.3116,903516,,509702,0,0,0,2,0,South,2023/2024,DUDDING AVENUE,EXMOUTH ROAD,,Non-Injury Crash,No,2024,0,North,0,0,0,Hill Road,0,Christmas New Year,0,,0,Dark,366201,0,0,0,1,0,0,0,0,1,1,0,0,Auckland Region,Nil,2-way,Sealed,0,0,0,0,50,0,None,0,0,,76,Auckland,Nil,0,0,0,0,0,0,Urban,0,0,0,Light rain,Null
1777465.8252,5886683.104,903518,,521132,0,0,0,1,0,West,2023/2024,ARARIMU ROAD,PRATTS ROAD,,Non-Injury Crash,No,2023,0,East,0,0,0,Flat,0,,0,,0,Dark,814402,0,0,0,2,0,0,0,0,0,,0,0,Auckland Region,Nil,2-way,Sealed,0,0,0,0,80,0,None,0,0,,76,Auckland,Nil,0,0,0,1,0,0,Open,0,0,0,Fine,Null
1767535.7372,5892566.8711,903519,,521202,0,,0,2,,West,2023/2024,LINWOOD ROAD,KARAKA NORTH ROAD,,Non-Injury Crash,No,2023,,West,,0,,Flat,,,,,,Bright sun,806900,0,0,0,2,,,0,,,,,,Auckland Region,Nil,2-way,Sealed,,0,0,,80,,None,0,0,,76,Auckland,Nil,,,,,0,0,Open,0,,,Fine,Null
1755715.4411,5917957.3041,903522,,517500,0,,0,2,,Null,2023/2024,BOND STREET,NEW NORTH ROAD,,Minor Crash,No,2023,,South,,0,,Flat,,,,,,Dark,529800,2,0,0,2,,,0,,,,,,Auckland Region,Nil,2-way,Sealed,,0,0,,50,,On,0,0,,76,Auckland,Traffic Signals,,,,,0,0,Urban,0,,,Fine,Null
1769548.063,5901872.1598,903524,,524901,0,,0,3,,South,2023/2024,SOUTHERN MOTORWAY,HILL ROAD ON RAMP,,Non-Injury Crash,Yes,2023,,North,,0,,Flat,,,,,,Bright sun,755600,0,0,0,3,,,0,,,,,,Auckland Region,Nil,1-way,Sealed,,0,0,,100,,None,0,0,,76,Auckland,Nil,,,,,0,0,Open,0,,,Fine,Null
1762360.5977,5907018.4078,903528,,524301,0,0,0,0,0,West,2022/2023,BUCKLAND ROAD,ALLEN STREET,,Non-Injury Crash,No,2023,0,East,0,0,1,Flat,0,,0,,0,Bright sun,746400,0,0,0,2,0,0,0,0,0,,0,0,Auckland Region,Nil,2-way,Sealed,0,0,0,0,50,0,Off,0,0,,76,Auckland,Nil,0,0,0,0,0,0,Urban,1,0,0,Fine,Null
1754984.2125,5918286.9181,903531,,517500,0,,0,2,,East,2023/2024,NORTH-WESTERN MOTORWAY,MOUNTAIN VIEW OBR,,Non-Injury Crash,Yes,2024,,West,,0,,Flat,,,,,,Overcast,529900,0,0,0,4,,,0,,,,,,Auckland Region,Nil,1-way,Sealed,,0,0,,80,,Off,0,0,,76,Auckland,Nil,,,,,0,0,Open,0,,,Fine,Null
1758895.0161,5905225.7863,903533,,524200,0,,0,1,,North,2023/2024,GEORGE BOLT MEMORIAL DRIVE,VERISSIMO DRIVE,,Minor Crash,Yes,2024,,South,,0,,Flat,,,,,,Dark,727600,1,0,0,3,,,0,,,,,,Auckland Region,Nil,1-way,Sealed,,0,0,,100,,On,2,0,,76,Auckland,Nil,,,,,0,1,Open,0,,,Fine,Null
1751549.1573,5915523.7791,903534,,514401,0,0,0,1,0,Null,2022/2023,ROSEBANK ROAD,BLOCKHOUSE BAY ROAD,,Non-Injury Crash,No,2023,0,East,0,0,0,Flat,0,,0,,0,Dark,382200,0,0,0,3,0,0,0,0,0,,0,0,Auckland Region,Nil,2-way,Sealed,0,0,0,0,50,0,On,0,0,,76,Auckland,Traffic Signals,0,1,0,0,0,0,Urban,0,0,0,Fine,Null
1774981.6349,5896119.3359,903539,,525700,0,0,0,2,0,West,2024/2025,SETTLEMENT ROAD,FAIRDALE AVENUE,,Minor Crash,No,2024,0,East,0,0,0,Flat,0,,0,,0,Dark,800308,1,0,0,2,0,0,0,0,1,,0,0,Auckland Region,Nil,2-way,Sealed,0,0,0,0,50,0,On,0,0,,76,Auckland,Nil,0,0,0,0,0,0,Urban,0,0,0,Fine,Null
1756136.2676,5923914.0807,903546,,509800,0,,0,2,,South,2022/2023,NORTHERN MOTORWAY,WEIGH BRIDGE,,Non-Injury Crash,Yes,2023,,South,,0,,Flat,,,,,,Bright sun,361200,0,0,0,5,,,0,,,,,,Auckland Region,Nil,1-way,Sealed,,0,0,,80,,Off,0,0,,76,Auckland,Nil,,,,,0,0,Open,0,,,Fine,Null
1765553.1705,5911809.7407,903550,,520500,0,0,0,1,0,North,2023/2024,JOLSON ROAD,RUNA PLACE,,Minor Crash,No,2024,0,West,0,0,0,Flat,0,,0,,0,Dark,634600,1,0,0,2,0,0,0,0,0,,0,1,Auckland Region,Nil,2-way,Sealed,0,0,0,0,50,0,On,0,0,,76,Auckland,Nil,0,0,0,0,0,0,Urban,0,0,0,Fine,Null
1756167.2372,5917846.0879,903555,,518102,0,,0,1,,Null,2024/2025,DOMINION ROAD,GEORGE STREET,,Serious Crash,No,2024,,North,,0,,Flat,,,,,,Dark,545900,1,0,0,3,,,0,,,,,,Auckland Region,Nil,2-way,Sealed,,0,2,,50,,On,0,0,,76,Auckland,Traffic Signals,,,,,0,0,Urban,1,,,Fine,Null
1771809.8629,5898649.4774,903556,,523912,0,,0,1,,West,2023/2024,KAURI HEART AVENUE,PORCHESTER ROAD,,Serious Crash,No,2024,,East,,0,,Flat,,,,,,Dark,767400,0,0,1,2,,,0,,,,,,Auckland Region,Nil,2-way,Sealed,,0,1,,50,,On,0,0,,76,Auckland,Nil,,,,,0,0,Urban,0,,,Fine,Null
1758617.9205,5917572.7247,903562,,516001,0,,0,2,,Null,2022/2023,ST MARKS ROAD,ST MARKS ROAD ON RAMP,,Non-Injury Crash,No,2023,,South,,0,,Flat,,,,,,Dark,491000,0,0,0,2,,,0,,,,,,Auckland Region,Motorway ramp,2-way,Sealed,,0,0,,50,,On,0,0,,76,Auckland,Give way,,,,,0,0,Urban,0,,,Fine,Null
1759046.6927,5916960.4604,903563,,516001,0,,0,2,,North,2023/2024,SOUTHERN MOTORWAY,MARKET OBR,,Minor Crash,Yes,2024,,South,,0,,Flat,,,,,,Overcast,491200,1,0,1,3,,,0,,,,,,Auckland Region,Nil,1-way,Sealed,,0,0,,100,,Off,0,0,,76,Auckland,Nil,,,,,0,0,Open,0,,,Fine,Null
1756404.8071,5914959.4376,903564,,518302,0,0,0,1,1,West,2023/2024,LANDSCAPE ROAD,MOUNT EDEN ROAD,,Non-Injury Crash,No,2023,0,West,0,0,0,Flat,0,,0,,0,Dark,558800,0,0,0,2,0,0,0,0,0,,0,0,Auckland Region,Nil,2-way,Sealed,0,0,0,0,50,0,On,0,0,,76,Auckland,Nil,0,0,0,0,0,0,Urban,0,0,0,Fine,Null
1756531.2249,5919964.3622,903565,,514000,0,,0,2,,South,2024/2025,NORTHERN MOTORWAY,WELLINGTON OBR,,Minor Crash,Yes,2024,,North,,0,,Hill Road,,,,,,Dark,417400,2,0,0,4,,,0,,,,,,Auckland Region,Nil,1-way,Sealed,,0,0,,80,,On,0,0,,76,Auckland,Nil,,,,,0,0,Open,0,,,Mist or Fog,Null
1755632.9557,5928053.5604,903566,,507900,0,0,0,4,0,Null,2023/2024,PORANA ROAD,GOLDFIELD,,Minor Crash,No,2023,0,North,0,0,0,Flat,0,Christmas New Year,0,,0,Bright sun,305201,1,0,0,2,0,0,0,0,1,,0,0,Auckland Region,Nil,2-way,Sealed,0,0,0,0,50,0,Off,0,0,,76,Auckland,Nil,0,0,0,0,0,0,Urban,0,0,0,Fine,Null
1758387.6212,5917628.8514,903569,,515700,0,,0,1,,Null,2024/2025,BROADWAY,EDGERLEY AVENUE,,Minor Crash,No,2024,,South,,0,,Flat,,,,,,Overcast,443402,1,0,0,4,,,0,,,1,,,Auckland Region,Nil,2-way,Sealed,,0,0,,50,,Off,0,0,,76,Auckland,Nil,,,,,0,0,Urban,0,,,Fine,Null
1773424.701,5891986.3281,903570,,521301,0,,0,2,,South,2023/2024,GREAT SOUTH ROAD,CAMERON PLACE,,Non-Injury Crash,No,2024,,North,,0,,Flat,,,,,,Bright sun,808701,0,0,0,2,,,0,,,,,,Auckland Region,Nil,2-way,Sealed,,0,0,,50,,Null,0,0,,76,Auckland,Nil,,,,,0,0,Urban,0,,,Fine,Null
1759634.9343,5909546.0381,903576,,524002,0,,0,1,,North,2023/2024,SOUTH-WESTERN MOTORWAY,CORONATION ROAD ON RAMP,,Non-Injury Crash,Yes,2024,,North,,0,,Flat,,,,,,Dark,724102,0,0,0,3,,,0,,,,,,Auckland Region,Nil,1-way,Sealed,,0,0,,100,,On,0,0,,76,Auckland,Nil,,,,,0,0,Open,1,,,Light rain,Null
1771264.0914,5895971.7176,903577,,525540,0,,0,1,,North,2024/2025,SOUTHERN MOTORWAY,PAPAKURA OFF RAMP,,Minor Crash,Yes,2025,,South,,0,,Flat,,,,,,Bright sun,806208,1,0,0,4,,,0,,,,,,Auckland Region,Nil,1-way,Sealed,,0,0,,100,,Off,0,0,,76,Auckland,Nil,,,,,0,0,Open,0,,,Fine,Null
1759190.3665,5911192.9858,903578,,519820,0,,0,2,,South,2024/2025,SOUTH-WESTERN MOTORWAY,NEILSON STREET ON RAMP,,Non-Injury Crash,Yes,2024,,South,,0,,Flat,,,,,,Bright sun,602503,0,0,0,3,,,0,,,,,,Auckland Region,Bridge,1-way,Sealed,,0,0,,100,,Off,0,0,,76,Auckland,Nil,,,,,0,0,Open,0,,,Fine,Null
1761478.2538,5915845.927,903581,,516003,0,0,0,0,0,Null,2024/2025,LADIES MILE,FURLONG AVENUE,,Non-Injury Crash,No,2024,0,North,0,0,0,Hill Road,0,,0,,0,Bright sun,494902,0,0,0,4,0,0,0,0,0,,0,1,Auckland Region,Nil,2-way,Sealed,0,0,0,0,50,0,Off,0,0,,76,Auckland,Nil,0,0,0,0,1,0,Urban,0,0,0,Fine,Null
1769162.0353,5907560.0464,903585,,523711,0,,0,1,,North,2022/2023,BISHOP LENIHAN PLACE,BISHOP LENIHAN PLACE,,Non-Injury Crash,No,2023,,South,,0,,Flat,,,,,,Overcast,712304,0,0,0,2,,,0,,,,,,Auckland Region,Nil,2-way,Sealed,,0,0,,50,,Off,1,0,,76,Auckland,Nil,,,,,0,0,Urban,0,,,Light rain,None
1765144.6052,5913379.8102,903589,,520500,0,,0,2,,Null,2023/2024,PAKURANGA HIGHWAY,SOUTH-EASTERN HIGHWAY,,Non-Injury Crash,No,2024,,West,,0,,Flat,,,,,,Dark,638908,0,0,0,2,,,0,,,,,,Auckland Region,Nil,1-way,Sealed,,0,0,,50,,On,0,0,,76,Auckland,Give way,,,,,0,0,Urban,0,,,Fine,Null
1773367.3467,5899288.7342,903590,,523912,0,,0,2,,South,2023/2024,MILL ROAD,AIRFIELD ROAD,,Non-Injury Crash,No,2024,,South,,0,,Flat,,,,,,Dark,765401,0,0,0,2,,,0,,,,,,Auckland Region,Nil,2-way,Sealed,,0,0,,80,,None,0,0,,76,Auckland,Nil,,,,,0,0,Open,0,,,Light rain,Null
1769974.1821,5885319.9271,903591,,521122,0,,0,1,,North,2024/2025,BURTT ROAD,TUHIMATA ROAD,,Non-Injury Crash,No,2024,,South,,0,,Null,,,,,,Unknown,813300,0,0,1,2,,,0,,,,,,Auckland Region,Nil,2-way,Null,,0,0,,80,,Null,0,0,,76,Auckland,Nil,,,,,0,0,Open,0,,,Null,Null
1752456.0383,5933710.445,903593,,508701,0,,0,1,,Null,2024/2025,OFF ROAD - CAR PARK,,,Minor Crash,No,2025,,North,,0,,Flat,,,,,,Bright sun,178900,1,0,0,,,,0,,,1,,,Auckland Region,Speed hump,Off road,Sealed,,0,0,,,,Off,0,0,,76,Auckland,Nil,,,,,0,0,Urban,0,,,Fine,Null
1736879.0197,5982518.9604,903594,,505300,0,0,0,2,0,South,2023/2024,RODNEY STREET,MATHESON ROAD,,Non-Injury Crash,Yes,2023,0,North,0,0,0,Hill Road,0,,0,,0,Bright sun,142900,0,0,0,2,0,0,0,0,1,,0,0,Auckland Region,Nil,2-way,Sealed,0,0,0,0,50,0,Off,0,0,,76,Auckland,Nil,0,0,0,0,0,0,Urban,1,0,0,Fine,Null
1734217.8333,5931210.0553,903595,45,505605,0,,0,0,,North,2024/2025,WAIKOUKOU VALLEY ROAD,TAYLOR ROAD,,Serious Crash,No,2025,,East,,0,,Hill Road,,,,,,Bright sun,215700,0,0,1,2,,,0,,,,,,Auckland Region,Nil,2-way,Sealed,,0,1,,80,,Off,0,0,,76,Auckland,Nil,,,,,0,0,Open,1,,,Fine,Null
1770662.0902,5898619.8744,903596,,523920,0,,0,1,,Null,2024/2025,GREAT SOUTH ROAD,WALTER STREVENS DRIVE,,Minor Crash,No,2024,,North,,0,,Flat,,,,,,Bright sun,768008,1,0,1,4,,,0,,,,,,Auckland Region,Nil,2-way,Sealed,,0,0,,50,,Off,0,0,,76,Auckland,Traffic Signals,,,,,0,0,Urban,0,,,Fine,Null
1752916.0638,5912469.6384,903603,,518901,0,,0,1,,East,2024/2025,WHITE SWAN ROAD,LYNFIELD PLACE,,Minor Crash,No,2024,,South,,0,,Hill Road,,,,,,Bright sun,586400,1,0,0,2,,,0,,,1,,,Auckland Region,Nil,2-way,Sealed,,0,0,,50,,Off,0,0,30,76,Auckland,Nil,,,,,0,0,Urban,0,,,Fine,Null
1764381.7897,5903924.1433,903604,,524604,0,0,0,1,0,West,2023/2024,PUHINUI ROAD,CAVENDISH DRIVE ON RAMP,,Non-Injury Crash,No,2024,0,West,0,0,1,Flat,0,,0,,0,Overcast,781100,0,0,0,2,0,0,0,0,0,,0,1,Auckland Region,Motorway ramp,1-way,Sealed,0,0,0,0,50,0,On,0,0,,76,Auckland,Nil,0,0,0,0,0,0,Urban,0,0,0,Light rain,Strong wind
1765634.4789,5908849.369,903609,,523402,0,,0,0,,Null,2024/2025,HIGHBROOK DRIVE,HELLABYS ROAD,,Non-Injury Crash,No,2024,,West,,0,,Flat,,,,,,Overcast,696900,0,0,0,2,,,0,,,,,,Auckland Region,Nil,1-way,Sealed,,0,0,,50,,Off,1,0,,76,Auckland,Give way,,,,,0,0,Urban,1,,,Fine,Null
1744932.2145,5923511.1674,903614,,513521,1,,0,1,,Null,2023/2024,MOIRE ROAD,WEST HARBOUR DRIVE,,Minor Crash,No,2024,,North,,0,,Flat,,,,,,Bright sun,224215,1,0,0,2,,,0,,,,,,Auckland Region,Nil,2-way,Sealed,,0,0,,50,,Off,0,0,,76,Auckland,Give way,,,,,0,0,Urban,0,,,Fine,Null
1768758.0726,5904548.3218,903616,,523722,0,,0,2,,Null,2023/2024,REDOUBT ROAD,EVERGLADE DRIVE,,Non-Injury Crash,No,2023,,West,,0,,Hill Road,,,,,,Overcast,715909,0,0,0,5,,,0,,,,,,Auckland Region,Nil,2-way,Sealed,,0,0,,50,,Off,0,0,,76,Auckland,Traffic Signals,,,,,0,0,Urban,0,,,Light rain,Null
1753741.5677,5918292.9586,903620,,515003,0,,0,1,,West,2023/2024,NORTH-WESTERN MOTORWAY,ST LUKES OBR,,Non-Injury Crash,Yes,2023,,West,,0,,Flat,,,,,,Bright sun,390502,0,0,0,3,,,0,,,,,,Auckland Region,Nil,1-way,Sealed,,0,0,,100,,Off,1,0,80,76,Auckland,Nil,,,,,0,0,Open,0,,,Fine,Null
1747567.2741,5926476.4844,903623,,513431,0,,0,1,,West,2023/2024,HOBSONVILLE POINT ROAD,SIDNEY WALLINGFORD WAY,,Non-Injury Crash,No,2023,,East,,0,,Flat,,,,,,Dark,221907,0,1,0,2,,,0,,,,,,Auckland Region,Nil,2-way,Sealed,,0,0,,50,,On,0,0,,76,Auckland,Nil,,,,,0,0,Urban,0,,,Heavy rain,Null
1754925.5477,5944853.2807,903624,,505909,0,,0,0,,North,2023/2024,WHANGAPARAOA ROAD,HIWI CRESCENT,,Minor Crash,No,2024,,North,,0,,Hill Road,,,,,,Dark,173811,1,0,0,2,,,0,,,,,,Auckland Region,Nil,2-way,Sealed,,0,0,,50,,On,0,0,,76,Auckland,Nil,,,,,0,0,Urban,1,,,Fine,Null
1758005.664,5920753.1446,903625,,514103,0,,0,2,,East,2023/2024,BEACH ROAD,ANZAC AVENUE,,Non-Injury Crash,No,2023,,East,,0,,Flat,,,,,,Dark,438301,0,0,0,6,,,0,,,,,,Auckland Region,Nil,2-way,Sealed,,0,0,,30,,On,0,0,,76,Auckland,Nil,,,,,0,0,Urban,0,,,Fine,Null
1747296.5769,5916994.7731,903636,,512500,0,0,0,3,0,North,2024/2025,TIRIMOANA ROAD,TRACEY TERRACE,,Non-Injury Crash,No,2024,0,South,0,0,0,Flat,0,,0,,0,Bright sun,259100,0,0,0,2,0,0,0,0,1,,0,0,Auckland Region,Nil,2-way,Sealed,0,0,0,0,30,0,Off,0,0,,76,Auckland,Nil,0,0,0,0,0,0,Urban,0,0,0,Fine,Null
1765656.2676,5908431.3833,903637,,523403,0,,0,2,,South,2023/2024,SOUTHERN MOTORWAY,HIGHBROOK DRIVE OFF RAMP,,Non-Injury Crash,Yes,2023,,North,,0,,Flat,,,,,,Bright sun,696400,0,0,0,3,,,0,,,,,,Auckland Region,Nil,1-way,Sealed,,0,0,,100,,Off,0,0,,76,Auckland,Nil,,,,,0,0,Open,0,,,Fine,Null
1755163.7025,5914259.4234,903639,,518803,0,0,0,2,0,South,2024/2025,DOMINION ROAD,MOUNT ALBERT ROAD,,Minor Crash,No,2024,0,North,0,0,0,Hill Road,0,,0,,0,Overcast,580100,2,0,0,2,0,0,0,0,1,,0,0,Auckland Region,Nil,2-way,Sealed,0,0,0,0,50,0,Off,0,0,,76,Auckland,Nil,0,0,0,0,0,0,Urban,0,0,0,Fine,Null
1765386.8966,5918228.1383,903642,,517001,0,,0,2,,East,2023/2024,WEST TAMAKI ROAD,MINIVER STREET,,Serious Crash,No,2024,,North,,0,,Flat,,,,,,Dark,470200,1,0,0,2,,,0,,,,,,Auckland Region,Nil,2-way,Sealed,,0,1,,50,,On,0,0,,76,Auckland,Nil,,,,,0,0,Urban,0,,,Light rain,Null
1751079.3771,5932847.1788,903646,,508806,0,,0,0,,South,2023/2024,ALBANY HIGHWAY,OAKLANDS ROAD,,Minor Crash,No,2024,,West,,0,,Flat,,,,,,Overcast,179902,1,0,0,4,,,0,,,1,,,Auckland Region,Nil,2-way,Sealed,,0,0,,50,,Off,0,0,,76,Auckland,Nil,,,,,0,0,Urban,1,,,Fine,Null
1760190.0677,5915964.7716,903649,,516003,0,,0,2,,Null,2023/2024,GREEN LANE EAST,GREEN LANE EAST ON RAMP,,Non-Injury Crash,No,2024,,South,,0,,Flat,,,,,,Overcast,494902,0,0,0,1,,,0,,,,,,Auckland Region,Motorway ramp,1-way,Sealed,,0,0,,50,,Off,0,0,,76,Auckland,Give way,,,,,0,0,Urban,0,,,Fine,Null
1759144.5472,5916813.9719,903650,,516001,0,,0,1,,North,2024/2025,SOUTHERN MOTORWAY,MARKET OBR,,Minor Crash,Yes,2024,,North,,0,,Flat,,,,,,Bright sun,491200,1,0,0,3,,,0,,,,,,Auckland Region,Nil,1-way,Sealed,,0,0,,100,,Off,0,0,,76,Auckland,Nil,,,,,0,0,Open,1,,,Fine,Null
1766966.0604,5901937.1819,903653,,524602,0,,0,2,,West,2023/2024,BROWNS ROAD,DALGETY DRIVE,,Non-Injury Crash,No,2024,,West,,0,,Hill Road,,,,,,Bright sun,780407,0,0,0,3,,,0,,,,,,Auckland Region,Bridge,2-way,Sealed,,0,0,,50,,Off,0,0,,76,Auckland,Nil,,,,,0,0,Urban,0,,,Fine,Null
1755598.6778,5925574.0304,903659,,509701,0,,0,2,,Null,2023/2024,LAKE ROAD,RALEIGH ROAD,,Non-Injury Crash,No,2024,,East,,0,,Flat,,,,,,Dark,367100,0,0,0,1,,,0,,,,,,Auckland Region,Nil,1-way,Sealed,,0,0,,50,,On,0,0,,76,Auckland,Give way,,,,,0,0,Urban,0,,,Fine,Null
1749005.2098,5913764.5227,903662,,511302,0,,0,0,,East,2023/2024,ARAWA STREET,THE CLOSE,,Minor Crash,No,2024,,West,,0,,Flat,,,,,,Bright sun,269600,1,0,0,2,,,0,,,,,,Auckland Region,Nil,2-way,Sealed,,0,0,,50,,Off,2,0,,76,Auckland,Nil,,,,,0,0,Urban,0,,,Fine,Null
1759803.0762,5916167.2489,903664,,516002,0,,0,1,,West,2022/2023,SOUTHERN MOTORWAY,GREEN LANE EAST OFF RAMP,,Non-Injury Crash,Yes,2023,,East,,0,,Flat,,,,,,Overcast,492000,0,0,0,3,,,0,,,,,,Auckland Region,Nil,1-way,Sealed,,0,0,,100,,Off,0,0,,76,Auckland,Nil,,,,,0,0,Open,0,,,Fine,None
1758259.1753,5920194.1753,903665,,514103,0,,0,0,,Null,2023/2024,STANLEY STREET,BEACH ROAD,,Non-Injury Crash,Yes,2024,,North,,0,,Flat,,,,,,Bright sun,438203,0,0,0,2,,,0,,,,,,Auckland Region,Nil,1-way,Sealed,,0,0,,50,,Off,0,0,,76,Auckland,Traffic Signals,,,,,0,0,Urban,2,,,Fine,Null
1752980.4599,5934881.7928,903667,,508701,0,,1,1,,South,2024/2025,NORTHERN MOTORWAY,OTEHA VALLEY OBR,,Minor Crash,Yes,2024,,North,,0,,Flat,,,,,,Bright sun,179000,1,0,0,3,,,0,,,,,,Auckland Region,Nil,1-way,Sealed,,0,0,,100,,Off,1,0,,76,Auckland,Nil,,,,,0,0,Open,0,,,Fine,Null
1768467.5725,5903322.4473,903670,,524602,0,,0,2,,South,2024/2025,SOUTHERN MOTORWAY,AIRPORT OFF RAMP,,Minor Crash,Yes,2025,,North,,0,,Flat,,,,,,Bright sun,780506,1,0,0,3,,,0,,,,,,Auckland Region,Nil,1-way,Sealed,,0,0,,100,,Off,0,0,,76,Auckland,Nil,,,,,1,0,Open,1,,,Fine,Null
1758980.5768,5906930.1636,903674,,524200,0,0,0,1,0,North,2024/2025,KIRKBRIDE ROAD,VISCOUNT STREET,,Minor Crash,No,2025,0,South,0,0,0,Flat,0,,0,,0,Overcast,726300,1,0,0,2,0,0,0,0,1,,0,0,Auckland Region,Nil,2-way,Sealed,0,0,0,0,50,0,Off,0,0,,76,Auckland,Nil,0,0,0,0,1,0,Urban,0,0,0,Fine,Null
1744936.9297,5917830.2307,903676,,510700,0,,0,2,,North,2023/2024,SWANSON ROAD,LINCOLN ROAD,,Non-Injury Crash,No,2024,,East,,0,,Flat,,,,,,Bright sun,239501,0,0,0,4,,,0,,,,,,Auckland Region,Nil,2-way,Sealed,,0,0,,50,,Off,0,0,,76,Auckland,Nil,,,,,0,0,Urban,0,,,Fine,Null