X,Y,OBJECTID,advisorySpeed,areaUnitID,bicycle,bridge,bus,carStationWagon,cliffBank,crashDirectionDescription,crashFinancialYear,crashLocation1,crashLocation2,crashRoadSideRoad,crashSeverity,crashSHDescription,crashYear,debris,directionRoleDescription,ditch,fatalCount,fence,flatHill,guardRail,holiday,houseOrBuilding,intersection,kerb,light,meshblockId,minorInjuryCount,moped,motorcycle,NumberOfLanes,objectThrownOrDropped,otherObject,otherVehicleType,overBank,parkedVehicle,pedestrian,phoneBoxEtc,postOrPole,region,roadCharacter,roadLane,roadSurface,roadworks,schoolBus,seriousInjuryCount,slipOrFlood,speedLimit,strayAnimal,streetLight,suv,taxi,temporarySpeedLimit,tlaId,tlaName,trafficControl,trafficIsland,trafficSign,train,tree,truck,unknownVehicleType,urban,vanOrUtility,vehicle,waterRiver,weatherA,weatherB
1736614.1098,5932851.7,903677,,506653,0,,0,0,,West,2024/2025,OLD NORTH ROAD,ARARIMU VALLEY ROAD,,Minor Crash,No,2024,,East,,0,,Hill Road,,,,,,Overcast,217602,1,0,0,2,,,0,,,,,,Auckland Region,Nil,2-way,Sealed,,0,0,,80,,None,2,0,,76,Auckland,Nil,,,,,0,0,Open,0,,,Light rain,Null
1768109.2561,5903290.7537,903682,,524602,0,0,0,1,0,Null,2022/2023,GREAT SOUTH ROAD,PACIFIC EVENTS CENTRE DRIVE,,Non-Injury Crash,No,2023,0,South,0,0,0,Flat,0,Easter,0,,0,Bright sun,780506,0,0,0,5,0,0,0,0,0,,0,0,Auckland Region,Nil,2-way,Sealed,0,0,0,0,50,0,Off,0,0,,76,Auckland,Traffic Signals,0,1,0,0,0,0,Urban,0,0,0,Fine,Null
1763868.719,5918958.3968,903685,,516601,0,,0,3,,Null,2024/2025,KOHIMARAMA ROAD,SOUTHERN CROSS ROAD,,Non-Injury Crash,No,2024,,North,,0,,Flat,,,,,,Overcast,505900,0,0,0,2,,,0,,,,,,Auckland Region,Nil,2-way,Sealed,,0,0,,50,,Off,0,0,,76,Auckland,Give way,,,,,0,0,Urban,0,,,Heavy rain,Null
1766907.8063,5907668.3065,903691,,523501,0,,0,0,,Null,2023/2024,BAIRDS ROAD,EAST TAMAKI ROAD,,Non-Injury Crash,No,2023,,South,,0,,Flat,,,,,,Unknown,700602,0,0,0,4,,,0,,,,,,Auckland Region,Nil,2-way,Sealed,,0,0,,30,,Off,2,0,,76,Auckland,Traffic Signals,,,,,0,0,Urban,0,,,Fine,None
1740828.2235,5982397.1271,903694,35,506660,0,0,0,1,0,Null,2022/2023,WAYBY VALLEY ROAD,HOMEWARD BOUND DRIVE,,Non-Injury Crash,No,2023,0,South,1,0,0,Hill Road,0,,0,,0,Dark,136303,0,0,0,2,0,1,0,0,0,,0,0,Auckland Region,Nil,2-way,Sealed,0,0,0,0,100,0,None,0,0,,76,Auckland,Nil,0,0,0,0,0,0,Open,0,0,0,Fine,Null
1757236.3176,5912470.3661,903697,,518702,0,,0,1,,South,2022/2023,SOUTH-WESTERN MOTORWAY,HILLSBOROUGH ROAD ON RAMP,,Non-Injury Crash,Yes,2023,,South,,0,,Flat,,,,,,Twilight,570300,0,0,0,3,,,0,,,,,,Auckland Region,Motorway ramp,1-way,Sealed,,0,0,,100,,Off,0,0,,76,Auckland,Nil,,,,,0,0,Open,1,,,Fine,Null
1764246.1015,5919048.3169,903707,,516601,0,0,0,2,0,North,2023/2024,SOUTHERN CROSS ROAD,SPROTT ROAD,,Non-Injury Crash,No,2023,0,South,0,0,0,Hill Road,0,,0,,0,Dark,506400,0,0,0,2,0,0,0,0,1,,0,0,Auckland Region,Speed hump,2-way,Sealed,0,0,0,0,50,0,On,0,0,,76,Auckland,Nil,0,0,0,0,0,0,Urban,0,0,0,Fine,Null
1755759.7544,5916382.7394,903709,,518201,0,,0,1,,Null,2022/2023,DOMINION ROAD,BRIXTON ROAD,,Non-Injury Crash,No,2023,,North,,0,,Flat,,,,,,Overcast,553200,0,0,0,2,,,0,,,,,,Auckland Region,Nil,2-way,Sealed,,0,0,,50,,Off,1,0,,76,Auckland,Stop,,,,,0,0,Urban,0,,,Fine,Null
1770570.7069,5906070.4405,903711,,523712,0,0,0,1,0,Null,2023/2024,HUGHS WAY,CASTLEBANE DRIVE,,Non-Injury Crash,No,2023,0,East,0,0,0,Flat,0,,0,,0,Dark,713300,0,0,0,2,0,1,0,0,0,,0,0,Auckland Region,Speed hump,2-way,Sealed,0,0,0,0,50,0,On,0,0,,76,Auckland,Give way,0,0,0,0,0,0,Urban,0,0,0,Fine,Null
1760125.6382,5915529.3237,903712,,519400,0,,0,1,,Null,2023/2024,GREAT SOUTH ROAD,ADAM STREET,,Minor Crash,No,2024,,South,,0,,Flat,,,,,,Bright sun,617100,1,0,0,4,,,0,,,,,,Auckland Region,Nil,2-way,Sealed,,0,0,,50,,Off,0,0,,76,Auckland,Give way,,,,,0,0,Urban,1,,,Fine,Null
1762808.6893,5913583.5668,903716,,520402,0,0,0,2,0,North,2023/2024,BAILEY ROAD,COMMISSARIAT ROAD,,Non-Injury Crash,No,2024,0,East,0,0,0,Flat,0,Christmas New Year,0,,0,Dark,641700,0,0,0,2,0,0,0,0,1,,0,0,Auckland Region,Nil,2-way,Sealed,0,0,0,0,50,0,On,0,0,,76,Auckland,Nil,0,0,0,0,0,0,Urban,0,0,0,Fine,Null
1775917.5634,5882096.0914,903723,,521160,0,,0,1,,North,2023/2024,SOUTHERN MOTORWAY,MILL OBR,,Non-Injury Crash,Yes,2023,,North,,0,,Flat,,,,,,Overcast,827603,0,0,0,2,,,0,,,,,,Auckland Region,Motorway ramp,1-way,Sealed,,0,0,,100,,Off,1,0,,76,Auckland,Nil,,,,,0,0,Open,0,,,Fine,Null
1755452.4456,5920704.3666,903724,,515202,0,,0,1,,Null,2023/2024,DEDWOOD TERRACE,JERVOIS ROAD,,Minor Crash,No,2023,,South,,0,,Hill Road,,,,,,Bright sun,425300,1,0,0,1,,,0,,,1,,,Auckland Region,Nil,1-way,Sealed,,0,0,,50,,Off,0,0,,76,Auckland,Traffic Signals,,,,,0,0,Urban,0,,,Fine,Null
1753820.9053,5918273.9197,903728,,515003,0,,0,2,,Null,2023/2024,ST LUKES ROAD,NORTH-WESTERN MOTORWAY,,Non-Injury Crash,No,2023,,North,,0,,Flat,,,,,,Overcast,390502,0,0,0,4,,,0,,,,,,Auckland Region,Overpass,2-way,Sealed,,0,0,,50,,Off,0,0,,76,Auckland,Traffic Signals,,,,,0,0,Urban,0,,,Fine,Null
1764813.748,5914916.7422,903729,,520301,0,,1,0,,South,2024/2025,QUINLAN STREET,MOUNTAIN ROAD,,Serious Crash,No,2025,,South,,0,,Flat,,,,,,Overcast,628203,0,0,0,2,,,0,,,1,,,Auckland Region,Overpass,2-way,Sealed,,0,1,,50,,Off,0,0,,76,Auckland,Nil,,,,,0,0,Urban,0,,,Fine,Null
1755316.6697,5919429.7101,903731,,515420,0,0,0,2,0,North,2024/2025,MILLAIS STREET,ROSE ROAD,,Minor Crash,No,2024,0,North,0,0,0,Flat,0,,0,,0,Bright sun,408700,2,0,0,2,0,0,0,0,1,,0,0,Auckland Region,Nil,2-way,Sealed,0,0,0,0,50,0,None,0,0,,76,Auckland,Nil,0,0,0,0,0,0,Urban,0,0,0,Fine,Null
1765761.2444,5901130.6012,903732,,524821,0,0,0,2,0,Null,2023/2024,ROSCOMMON ROAD,FINLAYSON AVENUE,,Non-Injury Crash,No,2023,0,North,0,0,0,Flat,0,,0,,1,Dark,774403,0,0,0,2,0,0,0,0,0,,0,0,Auckland Region,Nil,2-way,Sealed,0,0,0,0,60,0,On,0,0,50,76,Auckland,Give way,0,0,0,1,0,0,Urban,0,0,0,Fine,Null
1771326.2083,5907020.7669,903734,,523713,0,,0,2,,Null,2023/2024,ORMISTON ROAD,MURPHYS ROAD,,Non-Injury Crash,No,2023,,East,,0,,Flat,,,,,,Overcast,712401,0,0,0,6,,,0,,,,,,Auckland Region,Nil,2-way,Sealed,,0,0,,50,,Off,0,0,,76,Auckland,Traffic Signals,,,,,0,0,Urban,0,,,Fine,Strong wind
1755422.9096,5914160.9756,903737,,518500,0,0,0,4,0,West,2022/2023,MOUNT ALBERT ROAD,AKARANA AVENUE,,Non-Injury Crash,No,2023,0,West,0,0,0,Flat,0,,0,,0,Overcast,561000,0,0,0,2,0,0,0,0,2,,0,0,Auckland Region,Nil,2-way,Sealed,0,0,0,0,50,0,Off,0,0,,76,Auckland,Nil,0,0,0,0,0,0,Urban,0,0,0,Light rain,Null
1754972.0378,5913515.7736,903743,,518803,0,0,0,0,0,Null,2023/2024,DOMINION ROAD OFF RAMP,DOMINION ROAD,,Non-Injury Crash,No,2023,0,West,0,0,0,Flat,0,,0,,0,Dark,582700,0,0,0,2,0,0,0,0,0,,0,0,Auckland Region,Motorway ramp,2-way,Sealed,0,0,0,0,50,0,On,0,0,,76,Auckland,Traffic Signals,0,1,0,0,0,0,Urban,1,0,0,Heavy rain,Null
1749548.8185,5941060.9467,903747,,506300,0,0,0,1,0,North,2023/2024,NORTHERN MOTORWAY,BAWDEN OBR,,Non-Injury Crash,Yes,2024,0,North,0,0,0,Flat,1,,0,,0,Overcast,175906,0,0,0,2,0,0,0,0,0,,0,0,Auckland Region,Nil,1-way,Sealed,0,0,0,0,100,0,None,0,0,,76,Auckland,Nil,0,0,0,0,0,0,Open,0,0,0,Fine,Null
1759263.9105,5916682.3543,903750,,516001,0,,0,1,,South,2023/2024,SOUTHERN MOTORWAY,MARKET OBR,,Non-Injury Crash,Yes,2023,,South,,0,,Flat,,,,,,Bright sun,491700,0,0,0,3,,,0,,,,,,Auckland Region,Nil,1-way,Sealed,,0,0,,100,,Off,1,0,,76,Auckland,Nil,,,,,0,0,Open,0,,,Fine,Null
1759826.306,5908840.1908,903754,,524403,0,,0,0,,North,2023/2024,SOUTH-WESTERN MOTORWAY,WALMSLEY OBR,,Non-Injury Crash,Yes,2023,,South,,0,,Flat,,,,,,Bright sun,729600,0,0,0,3,,,0,,,,,,Auckland Region,Nil,1-way,Sealed,,0,0,,100,,Off,1,0,,76,Auckland,Nil,,,,,1,0,Open,0,,,Fine,Null
1750379.6318,5912379.5902,903758,,512100,0,,0,2,,West,2023/2024,GOLF ROAD,PORTAGE ROAD,,Minor Crash,No,2024,,West,,0,,Flat,,,,,,Bright sun,289400,1,0,0,2,,,0,,,,,,Auckland Region,Nil,2-way,Sealed,,0,0,,50,,Off,0,0,,76,Auckland,Nil,,,,,0,0,Urban,1,,,Fine,Null
1771591.7437,5913236.7579,903764,,523102,0,0,0,2,0,North,2023/2024,WHITFORD ROAD,GILLETT PLACE,,Non-Injury Crash,No,2023,0,South,0,0,0,Hill Road,0,,0,,0,Twilight,711021,0,0,0,2,0,0,0,0,1,,0,0,Auckland Region,Nil,2-way,Sealed,0,0,0,0,50,0,Off,0,0,,76,Auckland,Nil,0,0,0,0,0,0,Urban,0,0,0,Fine,Null
1755968.217,5918584.6043,903765,,515500,0,0,0,2,0,South,2024/2025,NORTH-WESTERN MOTORWAY,NEWTON ROAD OFF RAMP,,Minor Crash,Yes,2024,0,North,0,0,0,Flat,1,,0,,0,Bright sun,418600,1,0,0,4,0,0,0,0,0,,0,0,Auckland Region,Nil,1-way,Sealed,0,0,0,0,80,0,Off,0,0,,76,Auckland,Nil,0,0,0,0,0,0,Open,0,0,0,Fine,Null
1769347.6936,5901006.2344,903785,,524902,0,0,0,1,0,Null,2023/2024,FLEMING STREET,ALFRISTON ROAD,,Non-Injury Crash,No,2024,0,North,0,0,0,Flat,0,,0,,0,Bright sun,758300,0,0,0,2,0,0,0,0,0,,0,1,Auckland Region,Nil,2-way,Sealed,0,0,0,0,50,0,Off,0,0,,76,Auckland,Give way,0,0,0,0,0,0,Urban,0,0,0,Fine,Null
1765742.1915,5901139.2627,903786,,524821,0,0,0,0,0,Null,2024/2025,FINLAYSON AVENUE,ROSCOMMON ROAD,,Serious Crash,No,2024,0,West,0,0,0,Flat,0,,0,,1,Bright sun,774403,0,0,0,2,0,0,0,0,0,,0,0,Auckland Region,Nil,2-way,Sealed,0,0,1,0,50,0,Off,0,0,,76,Auckland,Give way,0,0,0,0,0,1,Urban,0,0,0,Fine,Null
1768285.776,5898011.4858,903789,,525102,0,0,0,2,0,North,2022/2023,CARNOUSTIE DRIVE,OAKMONT PLACE,,Non-Injury Crash,No,2023,0,East,0,0,0,Flat,0,,0,,0,Bright sun,769018,0,0,0,2,0,0,0,0,1,,0,0,Auckland Region,Nil,2-way,Sealed,0,0,0,0,50,0,Off,0,0,,76,Auckland,Nil,0,0,0,0,0,0,Urban,0,0,0,Fine,None
1762245.9999,5907074.9961,903791,,524520,0,,0,2,,Null,2022/2023,BUCKLAND ROAD,MASSEY ROAD,,Non-Injury Crash,No,2023,,South,,0,,Flat,,,,,,Bright sun,734703,0,0,0,3,,,0,,,,,,Auckland Region,Nil,2-way,Sealed,,0,0,,50,,Off,0,0,,76,Auckland,Traffic Signals,,,,,0,0,Urban,0,,,Fine,None
1757240.879,5920243.0032,903792,,514102,0,,0,1,,Null,2024/2025,WELLESLEY STREET WEST,ELLIOTT STREET,,Serious Crash,No,2024,,East,,0,,Hill Road,,,,,,Dark,434000,0,0,0,4,,,0,,,1,,,Auckland Region,Nil,2-way,Sealed,,0,1,,30,,On,0,0,,76,Auckland,Traffic Signals,,,,,0,0,Urban,0,,,Light rain,Null
1759533.9116,5916371.8102,903797,,516002,0,,0,2,,South,2023/2024,SOUTHERN MOTORWAY,OMAHU OBR,,Non-Injury Crash,Yes,2024,,South,,0,,Flat,,,,,,Dark,492000,0,0,0,3,,,0,,,,,,Auckland Region,Nil,1-way,Sealed,,0,0,,100,,On,0,0,,76,Auckland,Nil,,,,,0,0,Open,0,,,Fine,Null
1771429.8439,5892093.9985,903812,,521203,0,0,0,1,0,Null,2023/2024,BREMNER ROAD,JESMOND ROAD,,Non-Injury Crash,No,2023,0,West,1,0,1,Flat,0,,0,,0,Dark,807200,0,0,0,2,0,0,0,0,0,,0,0,Auckland Region,Nil,2-way,Sealed,0,0,0,0,50,0,Off,0,0,,76,Auckland,Give way,0,0,0,0,0,0,Urban,0,0,0,Fine,Null
1753496.7852,5914685.0277,903814,,518801,0,,0,2,,North,2022/2023,STODDARD ROAD,DENIZE ROAD,,Non-Injury Crash,No,2023,,North,,0,,Flat,,,,,,Bright sun,576500,0,0,0,2,,,0,,,,,,Auckland Region,Nil,2-way,Sealed,,0,0,,50,,Off,0,0,,76,Auckland,Nil,,,,,0,0,Urban,0,,,Fine,Null
1746977.6397,5919092.4447,903815,,512402,1,,0,0,,Null,2024/2025,TE ATATU ROAD,VERA ROAD,,Minor Crash,No,2024,,North,,0,,Flat,,,,,,Bright sun,254500,1,0,0,4,,,0,,,,,,Auckland Region,Nil,2-way,Sealed,,0,0,,50,,Off,1,0,,76,Auckland,Traffic Signals,,,,,0,0,Urban,0,,,Fine,Null
1747312.233,5926200.3513,903817,,513431,0,0,0,2,0,Null,2023/2024,CLARK ROAD,TE RITO ROAD,,Minor Crash,No,2024,0,West,0,0,0,Flat,0,,0,,1,Bright sun,222500,1,0,0,2,0,0,0,0,0,,0,0,Auckland Region,Nil,2-way,Sealed,0,0,0,0,50,0,Off,0,0,,76,Auckland,Give way,0,0,0,0,0,0,Urban,0,0,0,Fine,Frost
1768415.0987,5905337.6478,903820,,523722,0,0,0,1,0,Null,2023/2024,TE IRIRANGI DRIVE,OTHELLO DRIVE,,Non-Injury Crash,No,2023,0,East,0,0,0,Flat,0,,0,,0,Overcast,715704,0,0,0,2,0,0,0,0,0,,0,1,Auckland Region,Nil,2-way,Sealed,0,0,0,0,50,0,Off,0,0,,76,Auckland,Give way,0,0,0,0,0,0,Urban,0,0,0,Fine,Null
1748499.7217,5927599.4062,903821,,513410,0,,0,2,,West,2023/2024,UPPER HARBOUR MOTORWAY,UPPER HARBOUR BR,,Non-Injury Crash,Yes,2024,,East,,0,,Flat,,,,,,Twilight,221902,0,0,0,2,,,0,,,,,,Auckland Region,Nil,1-way,Sealed,,0,0,,100,,On,0,0,,76,Auckland,Nil,,,,,0,0,Open,1,,,Fine,Null
1756668.1335,5926681.65,903826,,507900,0,,0,2,,South,2023/2024,NORTHERN MOTORWAY,NORTHCOTE ROAD ON RAMP,,Non-Injury Crash,Yes,2023,,South,,0,,Hill Road,,,,,,Overcast,303902,0,0,0,3,,,0,,,,,,Auckland Region,Nil,1-way,Sealed,,0,0,,100,,Off,0,0,,76,Auckland,Nil,,,,,0,0,Open,0,,,Fine,Null
1765590.2686,5898557.637,903834,,524811,0,0,0,2,0,West,2023/2024,GIBBONS ROAD,CRISPIAN PLACE,,Non-Injury Crash,No,2024,0,West,0,0,0,Flat,0,,0,,0,Overcast,773804,0,0,0,2,0,0,0,0,1,,0,0,Auckland Region,Nil,2-way,Sealed,0,0,0,0,50,0,Off,0,0,,76,Auckland,Nil,0,0,0,0,0,0,Urban,0,0,0,Light rain,Null
1756431.0877,5927821.6666,903835,,507900,0,,0,2,,Null,2023/2024,SHAKESPEARE ROAD,TAHAROTO ROAD,,Non-Injury Crash,No,2024,,North,,0,,Flat,,,,,,Bright sun,305500,0,0,0,2,,,0,,,,,,Auckland Region,Nil,2-way,Sealed,,0,0,,50,,Off,0,0,,76,Auckland,Traffic Signals,,,,,0,0,Urban,0,,,Fine,Null
1783737.722,5908783.2663,903836,45,525201,0,0,0,0,1,South,2024/2025,NORTH ROAD,WHEELER RISE,,Minor Crash,No,2024,0,North,0,0,0,Hill Road,0,,0,,0,Bright sun,762700,1,0,0,2,0,0,0,0,0,,0,0,Auckland Region,Nil,2-way,Sealed,0,0,0,0,80,0,Off,0,0,,76,Auckland,Nil,0,1,0,1,0,0,Open,1,0,0,Fine,Null
1765297.6208,5917057.8422,903838,,517001,0,,1,0,,Null,2023/2024,OFF ROAD - BUS DEPOT,,,Minor Crash,No,2024,,West,,0,,Flat,,,,,,Bright sun,475900,1,0,0,,,,0,,,1,,,Auckland Region,Nil,Off road,Sealed,,0,0,,,,Off,0,0,,76,Auckland,Nil,,,,,0,0,Urban,0,,,Fine,Null
1746992.6582,5915158.7585,903840,,511601,0,0,0,2,0,Null,2023/2024,GREAT NORTH ROAD,HEPBURN ROAD,,Non-Injury Crash,No,2024,0,East,0,0,0,Flat,0,Christmas New Year,0,,0,Dark,276005,0,0,0,2,0,0,0,0,1,,0,0,Auckland Region,Nil,2-way,Sealed,0,0,0,0,50,0,On,0,0,,76,Auckland,Give way,0,0,0,0,0,0,Urban,0,0,0,Fine,Null
1758753.1998,5904912.565,903846,,524200,0,0,0,0,0,South,2024/2025,AIRPARK DRIVE,RICHARD PEARSE DRIVE,,Minor Crash,No,2024,0,South,0,0,0,Flat,0,,0,,0,Dark,726500,1,0,0,2,0,0,0,0,0,,0,1,Auckland Region,Nil,2-way,Sealed,0,0,0,0,50,0,On,1,0,,76,Auckland,Nil,0,0,0,1,0,0,Urban,0,0,0,Fine,Null
1764518.3535,5904573.525,903847,,522100,0,,0,0,,North,2023/2024,MILAN ROAD,PUHINUI ROAD,,Non-Injury Crash,No,2023,,North,,0,,Flat,,,,,,Overcast,660200,0,0,0,2,,,0,,,,,,Auckland Region,Nil,2-way,Sealed,,0,0,,50,,Off,0,0,,76,Auckland,Nil,,,,,1,0,Urban,1,,,Fine,None
1775939.4147,5881932.1226,903856,,521160,0,,0,2,,Null,2023/2024,BOMBAY OFF RAMP,BOMBAY OFF RAMP,,Non-Injury Crash,No,2024,,East,,0,,Hill Road,,,,,,Dark,827603,0,0,0,2,,,0,,,,,,Auckland Region,Overpass,2-way,Sealed,,0,0,,60,,On,0,0,,76,Auckland,Give way,,,,,0,0,Urban,0,,,Light rain,Null
1767426.2992,5904335.4528,903861,,524604,0,0,0,2,0,East,2023/2024,PUTNEY WAY,KARORO COURT,,Non-Injury Crash,No,2023,0,West,0,0,0,Flat,0,,0,,0,Bright sun,780204,0,0,0,1,0,0,0,0,1,,1,0,Auckland Region,Nil,1-way,Sealed,0,0,0,0,50,0,None,0,0,,76,Auckland,Nil,0,0,0,0,0,0,Urban,0,0,0,Fine,Null
1759079.5426,5911791.4355,903863,,519820,0,,0,3,,Null,2023/2024,NEILSON STREET,ONEHUNGA MALL,,Non-Injury Crash,No,2024,,West,,0,,Flat,,,,,,Bright sun,602402,0,0,0,2,,,0,,,,,,Auckland Region,Nil,1-way,Sealed,,0,0,,50,,Off,0,0,,76,Auckland,Traffic Signals,,,,,0,0,Urban,0,,,Fine,Null
1775766.1388,5893562.007,903867,45,521301,0,0,0,1,0,North,2022/2023,PONGA ROAD,OLD BARN ROAD,,Non-Injury Crash,No,2023,0,South,1,0,0,Hill Road,0,,0,,0,Overcast,808403,0,0,0,2,0,0,0,0,0,,0,0,Auckland Region,Nil,2-way,Sealed,0,0,0,0,80,0,None,0,0,,76,Auckland,Nil,0,0,0,0,0,0,Open,0,0,0,Fine,Null
1759321.1208,5903119.9978,903870,,524200,0,,0,3,,Null,2024/2025,GEORGE BOLT MEMORIAL DRIVE,CYRIL KAY ROAD,,Minor Crash,No,2024,,South,,0,,Flat,,,,,,Overcast,727200,1,0,0,4,,,0,,,,,,Auckland Region,Nil,2-way,Sealed,,0,0,,50,,Off,0,0,,76,Auckland,Give way,,,,,0,0,Urban,1,,,Fine,Null
1743404.1094,5921176.9409,903883,,513631,0,,0,2,,East,2023/2024,WAIMUMU ROAD,DON BUCK ROAD,,Non-Injury Crash,No,2024,,East,,0,,Flat,,,,,,Dark,227301,0,0,0,2,,,0,,,,,,Auckland Region,Nil,2-way,Sealed,,0,0,,50,,On,0,0,,76,Auckland,Nil,,,,,0,0,Urban,0,,,Fine,Null
1764163.8125,5914388.9343,903886,,520303,0,,0,1,,Null,2024/2025,MOUNT WELLINGTON HIGHWAY,MALONE ROAD,,Minor Crash,No,2024,,East,,0,,Flat,,,,,,Bright sun,627600,1,0,0,4,,,0,,,,,,Auckland Region,Nil,2-way,Sealed,,0,0,,50,,Off,1,0,,76,Auckland,Stop,,,,,1,0,Urban,0,,,Fine,Null
1758137.5218,5917837.4646,903892,,515700,0,,0,2,,Null,2024/2025,GILLIES AVENUE,GILLIES AVENUE OFF RAMP,,Minor Crash,No,2025,,North,,0,,Flat,,,,,,Dark,443200,2,0,0,3,,,0,,,,,,Auckland Region,Motorway ramp,2-way,Sealed,,0,0,,50,,On,0,0,,76,Auckland,Nil,,,,,0,0,Urban,0,,,Fine,Null
1745048.2816,5917758.701,903893,,510700,0,,0,1,,Null,2022/2023,SWANSON ROAD,GREAT NORTH ROAD,,Non-Injury Crash,No,2023,,South,,0,,Flat,,Queens Birthday,,,,Bright sun,239104,0,0,0,3,,,0,,,,,,Auckland Region,Nil,2-way,Sealed,,0,0,,50,,Off,0,0,,76,Auckland,Traffic Signals,,,,,0,0,Urban,1,,,Fine,Null
1770669.2704,5916240.3837,903898,,522712,0,0,0,1,0,South,2024/2025,MACLEANS ROAD,PRIESTLEY DRIVE,,Serious Crash,No,2024,0,West,0,0,1,Hill Road,0,,0,,0,Dark,680200,2,0,0,2,0,0,0,0,1,,0,0,Auckland Region,Nil,2-way,Sealed,0,0,3,0,50,0,On,0,0,,76,Auckland,Nil,0,0,0,0,0,0,Urban,1,0,0,Fine,Null
1765724.5143,5920172.6952,903902,,516700,0,,0,1,,Null,2024/2025,TAMAKI DRIVE,CLIFF ROAD,,Minor Crash,No,2024,,East,,0,,Flat,,,,,,Bright sun,509400,1,0,0,2,,,0,,,1,,,Auckland Region,Nil,2-way,Sealed,,0,0,,50,,Off,0,0,,76,Auckland,Stop,,,,,0,0,Urban,0,,,Fine,Null
1769069.4394,5904657.2,903904,,523820,0,,0,2,,Null,2023/2024,REDOUBT ROAD,GOODWOOD DRIVE,,Non-Injury Crash,No,2024,,East,,0,,Flat,,,,,,Overcast,759902,0,0,0,2,,,0,,,,,,Auckland Region,Nil,2-way,Sealed,,0,0,,50,,Off,0,0,,76,Auckland,Give way,,,,,0,0,Urban,0,,,Fine,Null
1764002.8098,5912059.0523,903907,,520500,0,,0,2,,Null,2022/2023,MOUNT WELLINGTON HIGHWAY,MONAHAN ROAD,,Non-Injury Crash,No,2023,,North,,0,,Flat,,,,,,Bright sun,639500,0,0,0,2,,,0,,,,,,Auckland Region,Nil,2-way,Sealed,,0,0,,50,,Off,0,0,,76,Auckland,Give way,,,,,0,0,Urban,0,,,Fine,None
1769085.1187,5902526.9712,903912,,524901,0,,0,1,,North,2024/2025,SOUTHERN MOTORWAY,PUHINUI STM BR,,Minor Crash,Yes,2024,,North,,0,,Flat,,,,,,Twilight,755000,1,0,0,3,,,0,,,,,,Auckland Region,Motorway ramp,1-way,Sealed,,0,0,,100,,Off,1,0,,76,Auckland,Nil,,,,,0,0,Open,0,,,Fine,Null
1766246.6662,5899978.3821,903913,,524713,0,0,0,1,0,South,2024/2025,ROSCOMMON ROAD,ROBERT ROSS PLACE,,Non-Injury Crash,No,2024,0,South,0,0,0,Flat,0,,0,,0,Bright sun,775823,0,0,0,2,0,0,0,0,0,,0,1,Auckland Region,Nil,1-way,Sealed,0,0,0,0,50,0,Off,0,0,40,76,Auckland,Isolated Pedestrian signal (non-intersection),0,0,0,0,0,0,Urban,0,0,0,Fine,Null
1758825.5607,5912172.6123,903915,,519820,0,,0,1,,Null,2023/2024,CHURCH STREET,SELWYN STREET,,Non-Injury Crash,No,2024,,West,,0,,Flat,,,,,,Bright sun,600900,0,0,0,2,,,0,,,,,,Auckland Region,Nil,2-way,Sealed,,0,0,,50,,Off,1,0,,76,Auckland,Traffic Signals,,,,,0,0,Urban,0,,,Fine,Null
1752011.3602,5915583.3732,903916,,517902,0,,0,2,,Null,2023/2024,NEW NORTH ROAD,HENDON AVENUE,,Non-Injury Crash,No,2024,,South,,0,,Flat,,,,,,Bright sun,519800,0,0,0,2,,,0,,,,,,Auckland Region,Nil,2-way,Sealed,,0,0,,50,,Null,0,0,,76,Auckland,Traffic Signals,,,,,0,0,Urban,0,,,Fine,Null
1754328.2852,5931050.9401,903920,,508420,0,,0,1,,South,2023/2024,NORTHERN MOTORWAY,SUNSET OBR,,Non-Injury Crash,Yes,2024,,North,,0,,Hill Road,,,,,,Twilight,182008,0,0,0,3,,,0,,,,,,Auckland Region,Nil,1-way,Sealed,,0,0,,100,,Off,1,0,,76,Auckland,Nil,,,,,0,0,Open,0,,,Fine,Null
1769463.88,5913745.5141,903921,,522723,0,0,0,1,0,Null,2023/2024,LADY MARIE DRIVE,BELLS ROAD,,Non-Injury Crash,No,2023,0,North,0,0,0,Flat,0,,0,,0,Dark,681500,0,0,0,2,0,0,0,0,0,,0,1,Auckland Region,Nil,2-way,Sealed,0,0,0,0,50,0,On,0,0,,76,Auckland,Nil,0,0,0,0,0,0,Urban,0,0,0,Heavy rain,Null
1758744.0096,5912947.4431,903927,,519810,0,,0,2,,Null,2023/2024,TRAFALGAR STREET,SELWYN STREET,,Minor Crash,No,2023,,East,,0,,Flat,,,,,,Bright sun,598300,1,0,0,2,,,0,,,,,,Auckland Region,Nil,2-way,Sealed,,0,0,,50,,Off,0,0,,76,Auckland,Stop,,,,,0,0,Urban,0,,,Fine,Null
1751554.3897,5915534.3959,903934,,514401,0,0,0,0,0,Null,2023/2024,BLOCKHOUSE BAY ROAD,TRENT STREET,,Minor Crash,No,2024,0,South,0,0,0,Flat,0,,0,,0,Dark,382200,2,0,0,2,0,0,0,0,0,,0,0,Auckland Region,Nil,2-way,Sealed,0,0,0,0,50,0,On,1,0,,76,Auckland,Traffic Signals,0,1,0,0,0,0,Urban,0,0,0,Fine,Null