X,Y,OBJECTID,advisorySpeed,areaUnitID,bicycle,bridge,bus,carStationWagon,cliffBank,crashDirectionDescription,crashFinancialYear,crashLocation1,crashLocation2,crashRoadSideRoad,crashSeverity,crashSHDescription,crashYear,debris,directionRoleDescription,ditch,fatalCount,fence,flatHill,guardRail,holiday,houseOrBuilding,intersection,kerb,light,meshblockId,minorInjuryCount,moped,motorcycle,NumberOfLanes,objectThrownOrDropped,otherObject,otherVehicleType,overBank,parkedVehicle,pedestrian,phoneBoxEtc,postOrPole,region,roadCharacter,roadLane,roadSurface,roadworks,schoolBus,seriousInjuryCount,slipOrFlood,speedLimit,strayAnimal,streetLight,suv,taxi,temporarySpeedLimit,tlaId,tlaName,trafficControl,trafficIsland,trafficSign,train,tree,truck,unknownVehicleType,urban,vanOrUtility,vehicle,waterRiver,weatherA,weatherB
1753510.264,5875870.4447,903936,,526104,0,,0,0,,Null,2023/2024,QUEEN STREET,VICTORIA AVENUE,,Minor Crash,No,2024,,West,,0,,Hill Road,,,,,,Dark,834800,2,0,0,2,,,0,,,,,,Auckland Region,Nil,2-way,Sealed,,0,0,,50,,On,1,0,,76,Auckland,Stop,,,,,0,0,Urban,1,,,Light rain,Null
1744808.7438,5921233.1626,903946,,513631,0,,0,2,,Null,2024/2025,TRIANGLE ROAD,KEEGAN DRIVE,,Minor Crash,No,2024,,North,,0,,Hill Road,,,,,,Overcast,227801,1,0,0,2,,,0,,,,,,Auckland Region,Nil,2-way,Sealed,,0,0,,50,,Off,0,0,,76,Auckland,Give way,,,,,0,0,Urban,0,,,Fine,Null
1764948.277,5908253.7839,903949,,523404,0,,0,1,,Null,2023/2024,BAIRDS ROAD,GREAT SOUTH ROAD,,Non-Injury Crash,No,2023,,West,,0,,Flat,,,,,,Overcast,696801,0,0,0,3,,,0,,,,,,Auckland Region,Nil,2-way,Sealed,,0,0,,50,,Null,0,0,,76,Auckland,Traffic Signals,,,,,0,0,Urban,1,,,Fine,None
1767286.9408,5888072.932,903950,,521122,0,0,0,0,0,Null,2023/2024,KARAKA ROAD,TE RATA BOULEVARD,,Non-Injury Crash,Yes,2024,0,South,0,0,0,Flat,0,,0,,0,Bright sun,812800,0,0,1,2,0,0,0,0,0,,0,0,Auckland Region,Nil,2-way,Sealed,1,0,0,0,80,0,Off,0,0,,76,Auckland,Give way,0,0,0,0,0,0,Open,0,0,0,Fine,Null
1755862.0165,5914628.4913,903957,,518500,0,0,0,2,0,South,2023/2024,PARAU STREET,DUKE STREET,,Non-Injury Crash,No,2023,0,North,0,0,0,Flat,0,,0,,0,Overcast,561900,0,0,0,2,0,0,0,0,1,,0,0,Auckland Region,Nil,2-way,Sealed,0,0,0,0,50,0,Off,0,0,,76,Auckland,Nil,0,0,0,0,0,0,Urban,0,0,0,Fine,Null
1747005.7144,5915121.9753,903965,,511800,0,0,0,1,1,Null,2024/2025,GREAT NORTH ROAD,HEPBURN ROAD,,Non-Injury Crash,No,2024,0,North,0,0,0,Hill Road,0,,0,,0,Overcast,277902,0,0,0,2,0,0,0,0,0,,0,0,Auckland Region,Nil,2-way,Sealed,0,0,0,0,50,0,Off,0,0,,76,Auckland,Traffic Signals,0,0,0,0,0,0,Urban,0,0,0,Light rain,Null
1768625.5364,5904518.0301,903967,,523722,0,,0,2,,East,2022/2023,REDOUBT ROAD,WAHEGURU LANE,,Non-Injury Crash,No,2023,,East,,0,,Hill Road,,,,,,Bright sun,715917,0,0,0,3,,,0,,,,,,Auckland Region,Nil,2-way,Sealed,,0,0,,50,,Off,0,0,,76,Auckland,Nil,,,,,0,0,Urban,0,,,Fine,None
1756708.5603,5919475.4371,903974,,514200,0,0,0,1,0,Null,2023/2024,KARANGAHAPE ROAD,EAST STREET,,Non-Injury Crash,No,2023,0,Null,0,0,0,Flat,0,Labour Weekend,0,,0,Dark,412100,0,0,0,4,0,0,0,0,1,,0,0,Auckland Region,Nil,2-way,Sealed,0,0,0,0,30,0,On,0,0,,76,Auckland,Nil,0,0,0,0,0,1,Urban,0,0,0,Fine,Null
1768612.8246,5914027.9015,903979,,522810,0,,0,1,,Null,2024/2025,PAKURANGA ROAD,STANNILAND STREET,,Serious Crash,No,2024,,East,,0,,Hill Road,,Christmas New Year,,,,Bright sun,691300,0,0,1,6,,,0,,,,,,Auckland Region,Nil,2-way,Sealed,,0,1,,50,,Off,0,0,,76,Auckland,Give way,,,,,0,0,Urban,0,,,Fine,Strong wind
1768163.435,5902492.0096,903989,,524602,0,0,0,1,0,North,2023/2024,GREAT SOUTH ROAD,ORAMS ROAD,,Non-Injury Crash,No,2024,0,South,0,0,0,Hill Road,0,,1,,0,Bright sun,780600,0,0,0,3,0,0,0,0,0,,0,0,Auckland Region,Nil,2-way,Sealed,0,0,0,0,50,0,Off,1,0,,76,Auckland,Nil,0,0,0,0,0,0,Urban,0,0,0,Fine,Null
1766796.4839,5908056.7769,903991,,523501,0,0,0,3,0,Null,2023/2024,ALEXANDER CRESCENT,TOSO WAY,,Non-Injury Crash,No,2024,0,South,0,0,0,Flat,0,,0,,0,Overcast,700601,0,0,0,2,0,0,0,0,2,,0,0,Auckland Region,Nil,2-way,Sealed,0,0,0,0,30,0,Off,0,0,,76,Auckland,Nil,0,0,0,0,0,0,Urban,1,0,0,Fine,Null
1765846.9313,5901349.4452,903992,,524711,0,0,0,2,0,South,2022/2023,FELLBROOK STREET,GARTH PLACE,,Non-Injury Crash,No,2023,0,South,0,0,1,Flat,0,,1,,0,Bright sun,775100,0,0,0,2,0,1,0,0,0,,0,0,Auckland Region,Nil,2-way,Sealed,0,0,0,0,50,0,Off,0,0,,76,Auckland,Nil,0,0,0,0,0,0,Urban,0,0,0,Fine,Null
1757026.4721,5919140.535,903998,,514200,0,,0,2,,West,2023/2024,SOUTHERN TO NORTH-WESTERN LINK,SOUTHERN MOTORWAY,,Minor Crash,Yes,2023,,West,,0,,Flat,,,,,,Overcast,412302,1,0,0,3,,,0,,,,,,Auckland Region,Nil,1-way,Sealed,,0,0,,80,,Off,2,0,,76,Auckland,Nil,,,,,0,0,Open,0,,,Light rain,Strong wind
1770354.3867,5911331.5069,904000,,523106,0,,0,0,,Null,2023/2024,BOTANY ROAD,TI RAKAU DRIVE,,Non-Injury Crash,No,2023,,South,,0,,Flat,,,,,,Bright sun,711174,0,0,0,1,,,0,,,,,,Auckland Region,Nil,1-way,Sealed,,0,0,,60,,Off,2,0,,76,Auckland,Traffic Signals,,,,,0,0,Urban,0,,,Fine,Null
1748398.4329,5948372.6981,904006,,506201,0,0,0,1,0,East,2023/2024,WAINUI ROAD,KOWHAI ROAD,,Minor Crash,No,2024,0,West,0,0,1,Flat,0,,0,,0,Dark,176406,1,0,0,2,0,0,0,0,0,,0,0,Auckland Region,Nil,2-way,Sealed,0,0,0,0,80,0,None,0,0,,76,Auckland,Nil,0,1,0,0,0,0,Open,0,0,0,Fine,Null
1761103.6932,5914923.849,904016,,520202,0,,0,3,,South,2023/2024,SOUTHERN MOTORWAY,ELLERSLIE FTBR,,Non-Injury Crash,Yes,2024,,North,,0,,Flat,,,,,,Bright sun,611900,0,0,0,4,,,0,,,,,,Auckland Region,Nil,1-way,Sealed,,0,0,,100,,Off,0,0,,76,Auckland,Nil,,,,,0,0,Open,0,,,Fine,Null
1753662.8818,5915853.8013,904021,,517903,0,,0,2,,North,2023/2024,MOUNT ALBERT ROAD,MOUNT ROYAL AVENUE,,Non-Injury Crash,No,2024,,North,,0,,Flat,,,,,,Bright sun,522100,0,0,0,2,,,0,,,,,,Auckland Region,Nil,2-way,Sealed,,0,0,,50,,Off,0,0,,76,Auckland,Nil,,,,,0,0,Urban,0,,,Fine,Null
1751516.4832,5932190.9955,904032,,508807,0,0,0,0,0,North,2023/2024,WILLIAM PICKERING DRIVE,LOVELL COURT,,Serious Crash,No,2024,0,North,0,0,0,Flat,0,Queens Birthday,0,,0,Dark,180301,0,0,1,2,0,0,0,0,1,,0,0,Auckland Region,Nil,2-way,Sealed,0,0,1,0,50,0,On,1,0,,76,Auckland,Nil,0,0,0,0,0,0,Urban,0,0,0,Fine,Null
1765736.2146,5908274.9609,904036,,523402,0,0,0,1,0,North,2022/2023,SOUTHERN MOTORWAY,BAIRDS OBR,,Non-Injury Crash,Yes,2023,1,South,0,0,0,Flat,0,,0,,0,Twilight,697000,0,0,0,3,0,0,0,0,0,,0,0,Auckland Region,Overpass,1-way,Sealed,0,0,0,0,100,0,Off,0,0,,76,Auckland,Nil,0,0,0,0,1,0,Open,0,0,0,Fine,Null
1766322.0729,5908584.4803,904039,,523402,0,0,0,1,0,North,2023/2024,GILBERT ROAD,KAITAWA STREET,,Non-Injury Crash,No,2024,0,North,0,0,0,Flat,0,,0,,1,Twilight,697300,0,0,0,2,0,0,0,0,0,,0,0,Auckland Region,Nil,2-way,Sealed,0,0,0,0,50,0,On,0,0,30,76,Auckland,Nil,0,0,0,0,0,0,Urban,0,0,0,Fine,Null
1759497.8737,5906192.5894,904040,,524200,0,,0,0,,North,2024/2025,WESTNEY ROAD,KOHINOOR AVENUE,,Minor Crash,No,2024,,North,,0,,Flat,,,,,,Bright sun,727400,1,0,0,2,,,0,,,2,,,Auckland Region,Nil,2-way,Sealed,,0,0,,50,,Off,0,0,,76,Auckland,Nil,,,,,0,0,Urban,1,,,Fine,Null
1742073.579,5976302.9587,904043,,506660,0,0,0,1,0,East,2023/2024,SH 1,SAUNDERS ROAD,,Minor Crash,Yes,2024,0,West,0,0,0,Hill Road,1,,0,,0,Dark,136700,1,0,0,2,0,0,0,0,0,,0,0,Auckland Region,Nil,2-way,Sealed,0,0,0,0,80,0,None,0,0,,76,Auckland,Nil,0,0,0,0,0,0,Open,0,0,0,Fine,Null
1763804.7641,5913694.8427,904050,,520402,0,,0,2,,Null,2023/2024,MOUNT WELLINGTON HIGHWAY,WAIPUNA ROAD,,Non-Injury Crash,No,2023,,North,,0,,Flat,,,,,,Bright sun,640002,0,0,0,4,,,0,,,,,,Auckland Region,Nil,2-way,Sealed,,0,0,,50,,Off,0,0,,76,Auckland,Traffic Signals,,,,,0,0,Urban,0,,,Fine,Null
1763703.0353,5908888.2672,904055,,521901,0,,0,1,,Null,2023/2024,MANGERE ROAD,WALMSLEY ROAD,,Non-Injury Crash,No,2023,,West,,0,,Flat,,,,,,Dark,785400,0,0,0,5,,,0,,,,,,Auckland Region,Nil,2-way,Sealed,,0,0,,50,,On,1,0,,76,Auckland,Traffic Signals,,,,,0,0,Urban,0,,,Heavy rain,None
1756630.8961,5912833.8463,904058,,518702,0,,0,1,,Null,2023/2024,HILLSBOROUGH ROAD,HILLSBOROUGH ROAD OFF RAMP,,Non-Injury Crash,No,2023,,South,,0,,Flat,,,,,,Dark,569900,0,0,0,3,,,0,,,,,,Auckland Region,Motorway ramp,1-way,Sealed,,0,0,,50,,On,0,0,,76,Auckland,Traffic Signals,,,,,0,1,Urban,0,,,Fine,Null
1774602.6799,5888090.4603,904059,,521302,0,0,0,2,0,North,2023/2024,SOUTHERN MOTORWAY,RAMARAMA ON RAMP,,Non-Injury Crash,Yes,2023,0,North,0,0,0,Flat,1,,0,,0,Bright sun,809101,0,0,0,2,0,0,0,0,0,,0,0,Auckland Region,Nil,1-way,Sealed,0,0,0,0,100,0,Off,0,0,,76,Auckland,Nil,0,0,0,0,0,0,Open,0,0,0,Fine,Null
1756139.9798,5918766.9896,904063,,515500,0,,0,1,,North,2023/2024,NORTH-WESTERN MOTORWAY,WAIMA FTBR,,Minor Crash,Yes,2024,,North,,0,,Flat,,,,,,Bright sun,417600,1,0,0,5,,,0,,,,,,Auckland Region,Nil,1-way,Sealed,,0,0,,80,,Off,0,0,,76,Auckland,Nil,,,,,1,0,Open,0,,,Fine,Null
1756455.0235,5917814.4682,904072,,518101,0,,0,1,,Null,2023/2024,WYNYARD ROAD,VIEW ROAD,,Minor Crash,No,2023,,West,,0,,Flat,,,,,,Bright sun,544000,1,0,0,2,,,0,,,1,,,Auckland Region,Nil,2-way,Sealed,,0,0,,50,,Off,0,0,,76,Auckland,Stop,,,,,0,0,Urban,0,,,Fine,Null
1753004.9239,5915405.6455,904073,,517903,0,0,0,2,0,East,2022/2023,OWAIRAKA AVENUE,RICHARDSON ROAD,,Non-Injury Crash,No,2023,0,East,0,0,0,Flat,0,,0,,0,Dark,521500,0,0,0,2,0,0,0,0,1,,0,0,Auckland Region,Nil,2-way,Sealed,0,0,0,0,50,0,On,0,0,,76,Auckland,Nil,0,0,0,1,0,0,Urban,1,0,0,Light rain,Null
1735010.0618,5932640.3387,904074,,505605,0,0,0,1,0,South,2022/2023,OLD NORTH ROAD,WAIKOUKOU VALLEY ROAD,,Minor Crash,No,2023,0,West,1,0,0,Hill Road,0,,0,,0,Dark,215700,1,0,0,1,0,0,0,0,0,,0,0,Auckland Region,Bridge,2-way,Sealed,0,0,0,0,80,0,None,1,0,,76,Auckland,Give way,0,0,0,0,0,0,Open,1,0,0,Fine,Null
1757234.3663,5918996.898,904077,,514301,0,,0,1,,South,2023/2024,SOUTHERN MOTORWAY,SYMONDS STREET ON RAMP,,Non-Injury Crash,Yes,2023,,South,,0,,Flat,,,,,,Dark,441200,0,0,0,4,,,0,,,,,,Auckland Region,Nil,1-way,Sealed,,0,0,,80,,On,0,0,,76,Auckland,Nil,,,,,0,0,Open,1,,,Light rain,Null
1767112.6133,5898336.0139,904083,,525102,0,0,0,0,0,North,2023/2024,STRANRAER CRESCENT,ABERDEEN CRESCENT,,Non-Injury Crash,No,2024,0,North,0,0,0,Flat,0,,0,,0,Dark,769034,0,0,0,2,0,0,0,0,1,,0,0,Auckland Region,Nil,2-way,Sealed,0,0,0,0,50,0,On,2,0,,76,Auckland,Nil,0,0,0,0,0,0,Urban,0,0,0,Fine,Null
1756658.9605,5919458.1098,904085,,514200,0,0,0,2,0,Null,2023/2024,KARANGAHAPE ROAD,BOARDMAN LANE,,Non-Injury Crash,No,2024,0,West,0,0,0,Flat,0,Easter,0,,0,Dark,412000,0,0,0,4,0,0,0,0,0,,0,0,Auckland Region,Nil,2-way,Sealed,0,0,0,0,30,0,On,0,0,,76,Auckland,Nil,0,1,0,0,0,0,Urban,0,0,0,Fine,Null
1757153.1212,5919184.1853,904088,,514301,0,0,0,0,0,North,2023/2024,SYMONDS STREET ON RAMP,SOUTHERN MOTORWAY,,Minor Crash,No,2024,0,South,0,0,0,Flat,1,,0,,0,Dark,441200,1,0,1,1,0,0,0,0,0,,0,0,Auckland Region,Motorway ramp,1-way,Sealed,0,0,0,0,50,0,On,0,0,,76,Auckland,Nil,0,0,0,0,0,0,Urban,0,0,0,Fine,Null
1768450.5157,5911677.4993,904090,,523112,0,,0,1,,West,2023/2024,TI RAKAU DRIVE,TRUGOOD DRIVE,,Non-Injury Crash,No,2023,,West,,0,,Null,,,,,,Unknown,711404,0,0,0,2,,,0,,,,,,Auckland Region,Nil,1-way,Sealed,,0,0,,60,,Null,0,0,,76,Auckland,Nil,,,,,0,1,Urban,0,,,Null,Null
1766128.5089,5915902.7711,904091,,517100,0,,0,1,,Null,2024/2025,TRIPOLI ROAD,TUAKIRI STREET,,Minor Crash,No,2025,,South,,0,,Flat,,,,,,Bright sun,479700,1,0,0,2,,,0,,,,,,Auckland Region,Nil,2-way,Sealed,,0,0,,50,,Off,1,0,,76,Auckland,Give way,,,,,0,0,Urban,0,,,Fine,Null
1767415.0917,5905931.1134,904098,,522302,0,,0,2,,North,2022/2023,SOUTHERN MOTORWAY,REAGAN OBR,,Non-Injury Crash,Yes,2023,,North,,0,,Flat,,,,,,Bright sun,670901,0,0,0,3,,,0,,,,,,Auckland Region,Nil,1-way,Sealed,,0,0,,100,,Off,0,0,,76,Auckland,Nil,,,,,0,0,Open,0,,,Fine,Null
1754286.6078,5919406.0834,904103,,515410,0,,0,1,,Null,2023/2024,RICHMOND ROAD,FRANCIS STREET,,Minor Crash,No,2024,,South,,0,,Flat,,,,,,Dark,402500,1,0,0,2,,,0,,,,,,Auckland Region,Nil,2-way,Sealed,,0,0,,50,,On,0,0,,76,Auckland,Nil,,,,,0,0,Urban,1,,,Light rain,Null
1771763.2958,5895223.1368,904105,,525540,0,,0,2,,Null,2023/2024,ELLIOT STREET,BEACH ROAD,,Non-Injury Crash,No,2024,,South,,0,,Flat,,,,,,Bright sun,806402,0,0,0,3,,,0,,,,,,Auckland Region,Nil,2-way,Sealed,,0,0,,50,,Off,0,0,,76,Auckland,Traffic Signals,,,,,0,0,Urban,0,,,Fine,None
1759949.8656,5915695.829,904109,,519400,0,,0,1,,South,2023/2024,GREAT SOUTH ROAD,GREEN LANE EAST,,Non-Injury Crash,No,2023,,West,,0,,Flat,,,,,,Overcast,616900,0,0,0,5,,,0,,,,,,Auckland Region,Nil,2-way,Sealed,,0,0,,50,,Off,0,0,,76,Auckland,Nil,,,,,0,1,Urban,0,,,Heavy rain,None
1763540.8419,5913848.0544,904112,,520303,0,,0,2,,North,2023/2024,PENROSE ROAD,JARMAN ROAD,,Non-Injury Crash,No,2024,,North,,0,,Flat,,,,,,Dark,627300,0,0,0,4,,,0,,,,,,Auckland Region,Nil,2-way,Sealed,,0,0,,50,,On,0,0,,76,Auckland,Nil,,,,,0,0,Urban,0,,,Fine,Null
1750729.3587,5915541.1778,904119,,514802,0,0,0,1,0,West,2024/2025,ASH STREET,ROSEBANK ROAD,,Minor Crash,No,2025,0,East,0,0,0,Flat,1,,0,,0,Dark,387009,1,0,0,4,0,0,0,0,0,,0,0,Auckland Region,Nil,2-way,Sealed,0,0,0,0,50,0,On,0,0,,76,Auckland,Nil,0,0,0,0,0,0,Urban,0,0,0,Fine,Null
1761361.3784,5916777.3219,904120,,516003,0,,0,2,,East,2023/2024,REMUERA ROAD,TAHORA AVENUE,,Minor Crash,No,2024,,East,,0,,Flat,,,,,,Bright sun,495800,1,0,0,4,,,0,,,,,,Auckland Region,Nil,2-way,Sealed,,0,0,,50,,Off,0,0,,76,Auckland,Nil,,,,,0,0,Urban,0,,,Fine,Null
1762658.322,5915552.0864,904123,,520302,0,,0,2,,Null,2023/2024,BALLARAT STREET,MARUA ROAD,,Non-Injury Crash,No,2024,,South,,0,,Flat,,,,,,Overcast,625400,0,0,0,2,,,0,,,,,,Auckland Region,Nil,2-way,Sealed,,0,0,,50,,Off,0,0,,76,Auckland,Give way,,,,,0,0,Urban,0,,,Light rain,Null
1773967.4598,5896606.7742,904124,,525620,0,0,0,0,0,North,2023/2024,CAMERON STREET,WILLIS ROAD,,Minor Crash,No,2023,0,South,0,0,0,Flat,0,,0,,0,Bright sun,797300,1,0,1,2,0,0,0,0,1,,0,0,Auckland Region,Nil,2-way,Sealed,0,0,0,0,50,0,Off,0,0,,76,Auckland,Nil,0,0,0,0,0,0,Urban,1,0,0,Fine,Null
1766219.6244,5903813.8905,904126,,524604,0,,0,1,,East,2023/2024,SOUTH-WESTERN MOTORWAY,PLUNKET OBR,,Non-Injury Crash,Yes,2023,,East,,0,,Flat,,,,,,Bright sun,780210,0,0,0,2,,,0,,,,,,Auckland Region,Nil,1-way,Sealed,,0,0,,100,,Off,0,0,,76,Auckland,Nil,,,,,1,0,Open,0,,,Fine,Null
1743378.3111,5923279.1036,904128,,513511,0,0,0,2,0,North,2023/2024,DON BUCK ROAD,RUSH CREEK DRIVE,,Non-Injury Crash,No,2023,0,South,0,0,0,Flat,0,,0,,1,Bright sun,224307,0,0,0,2,0,0,0,0,0,,0,0,Auckland Region,Nil,2-way,Sealed,0,0,0,0,50,0,Off,0,0,,76,Auckland,Nil,0,0,0,0,0,0,Urban,0,0,0,Fine,Null
1744678.562,5921357.0291,904130,,513631,0,0,0,2,0,Null,2023/2024,TRIANGLE ROAD,DOONE PLACE,,Minor Crash,No,2023,0,South,0,0,1,Flat,0,,0,,0,Dark,227601,1,0,0,2,0,0,0,0,1,,0,0,Auckland Region,Nil,2-way,Sealed,0,0,0,0,50,0,On,0,0,,76,Auckland,Stop,1,0,0,0,0,0,Urban,0,0,0,Fine,Null
1747142.1854,5914064.1633,904132,45,511100,0,0,0,2,0,North,2022/2023,GLENVIEW ROAD,WAIKUMETE ROAD,,Non-Injury Crash,No,2023,0,South,0,0,1,Hill Road,0,,0,,0,Dark,285500,0,0,0,2,0,0,0,0,1,,1,1,Auckland Region,Nil,2-way,Sealed,0,0,0,0,50,0,On,0,0,,76,Auckland,Nil,0,0,0,0,0,0,Urban,0,0,0,Light rain,Null
1749817.1687,5913366.0789,904133,,511402,0,,0,2,,East,2023/2024,MARGAN AVENUE,HUTCHINSON AVENUE,,Non-Injury Crash,No,2023,,West,,0,,Flat,,,,,,Twilight,264600,0,0,0,1,,,0,,,,,,Auckland Region,Nil,2-way,Sealed,,0,0,,50,,None,0,0,,76,Auckland,Nil,,,,,0,0,Urban,0,,,Fine,None
1761431.8408,5920133.3436,904136,,516400,0,,0,2,,East,2023/2024,TAMAKI DRIVE,POKANOA POINT ENT,,Serious Crash,No,2023,,West,,0,,Flat,,,,,,Overcast,496600,3,0,0,3,,,0,,,,,,Auckland Region,Nil,2-way,Sealed,,0,1,,50,,Off,0,0,,76,Auckland,Nil,,,,,0,0,Urban,0,,,Fine,Null
1752191.272,5925914.4405,904151,,510220,0,0,0,2,1,North,2023/2024,CANONGATE STREET,ABBEYGATE STREET,,Non-Injury Crash,No,2023,0,North,0,0,0,Flat,0,,0,,0,Dark,350300,0,0,0,2,0,0,0,0,1,,0,0,Auckland Region,Nil,2-way,Sealed,0,0,0,0,50,0,None,0,0,,76,Auckland,Nil,0,0,0,0,0,0,Urban,0,0,0,Fine,Null
1763010.2737,5915001.5337,904153,,520401,0,,0,2,,Null,2023/2024,ELLERSLIE-PANMURE HIGHWAY,STANHOPE ROAD,,Non-Injury Crash,No,2024,,East,,0,,Flat,,,,,,Overcast,644000,0,0,0,4,,,0,,,,,,Auckland Region,Nil,2-way,Sealed,,0,0,,50,,Off,0,0,,76,Auckland,Stop,,,,,0,0,Urban,0,,,Fine,Null
1774839.135,5891350.4747,904156,,521301,0,,0,2,,South,2023/2024,WAIHOEHOE ROAD,APPLEBY ROAD,,Minor Crash,No,2024,,South,,0,,Flat,,,,,,Bright sun,808800,4,0,0,2,,,0,,,,,,Auckland Region,Nil,2-way,Sealed,,0,0,,80,,None,0,0,,76,Auckland,Nil,,,,,0,0,Open,0,,,Fine,Null
1760031.4159,5908296.4854,904159,,524403,0,,0,2,,North,2023/2024,SOUTH-WESTERN MOTORWAY,HALL FTBR,,Non-Injury Crash,Yes,2024,,South,,0,,Flat,,,,,,Twilight,729800,0,0,0,2,,,0,,,,,,Auckland Region,Nil,1-way,Sealed,,0,0,,100,,On,1,0,,76,Auckland,Nil,,,,,0,0,Open,0,,,Fine,Null
1741626.0476,5983654.6081,904162,,506660,0,1,0,0,0,East,2024/2025,WHANGARIPO VALLEY ROAD,TOMARATA VALLEY ROAD,,Minor Crash,No,2024,0,East,0,0,0,Flat,0,,0,,0,Dark,136101,1,0,0,1,0,0,0,0,0,,0,0,Auckland Region,Bridge,2-way,Sealed,0,0,0,0,100,0,None,0,0,,76,Auckland,Nil,0,0,0,0,1,0,Open,0,0,1,Fine,Null
1747164.3504,5919364.8992,904165,,512402,0,,0,2,,Null,2023/2024,TE ATATU ROAD,COVIL AVENUE,,Minor Crash,No,2023,,North,,0,,Flat,,,,,,Bright sun,254302,1,0,0,4,,,0,,,,,,Auckland Region,Nil,2-way,Sealed,,0,0,,50,,Off,0,1,,76,Auckland,Traffic Signals,,,,,0,0,Urban,0,,,Fine,Null
1759323.3275,5925916.4851,904170,,508020,0,0,0,1,0,South,2023/2024,LAKE ROAD,CLIFTON ROAD,,Non-Injury Crash,No,2023,0,South,0,0,1,Hill Road,0,,0,,0,Dark,321500,0,0,0,2,0,0,0,0,0,,0,0,Auckland Region,Nil,2-way,Sealed,0,0,0,0,50,0,On,0,0,30,76,Auckland,Nil,0,0,0,0,0,0,Urban,0,0,0,Fine,Null
1762367.8719,5913318.985,904173,,520500,0,,0,0,,North,2023/2024,SOUTHERN MOTORWAY,SOUTH-EASTERN HWY ON RAMP,,Non-Injury Crash,Yes,2024,,North,,0,,Flat,,,,,,Bright sun,637200,0,0,2,3,,,0,,,,,,Auckland Region,Nil,1-way,Sealed,,0,0,,100,,Off,0,0,,76,Auckland,Nil,,,,,1,0,Open,0,,,Fine,Null
1747259.6607,5915440.0799,904174,,511602,0,0,0,2,0,South,2023/2024,BUTTERWORTH DRIVE,ROSEWARNE CRESCENT,,Non-Injury Crash,No,2023,0,South,0,0,0,Flat,0,,0,,0,Dark,272703,0,0,0,2,0,0,0,0,1,,0,0,Auckland Region,Nil,2-way,Sealed,0,0,0,0,50,0,On,0,0,,76,Auckland,Nil,0,0,0,0,0,0,Urban,0,0,0,Fine,Null
1772776.1741,5896440.2575,904177,,525420,0,,0,1,,Null,2023/2024,O'SHANNESSEY STREET,BROADWAY,,Non-Injury Crash,No,2024,,South,,0,,Flat,,,,,,Overcast,792800,0,0,0,2,,,0,,,,,,Auckland Region,Nil,2-way,Sealed,,0,0,,50,,Off,0,0,,76,Auckland,Traffic Signals,,,,,0,0,Urban,1,,,Fine,Null
1756008.9294,5918584.8854,904180,,517500,0,0,0,1,0,North,2023/2024,NEWTON ROAD ON RAMP,NORTH-WESTERN MOTORWAY,,Non-Injury Crash,No,2024,0,South,0,0,0,Flat,1,,0,,0,Twilight,529000,0,0,0,4,0,0,0,0,0,1,0,0,Auckland Region,Nil,1-way,Sealed,0,0,0,0,80,0,On,0,0,,76,Auckland,Nil,0,0,0,0,0,0,Open,0,0,0,Fine,Null
1755091.9525,5929154.5086,904190,,508420,0,,0,2,,Null,2023/2024,WAIRAU ROAD,VIEW ROAD,,Non-Injury Crash,No,2024,,North,,0,,Hill Road,,,,,,Bright sun,183800,0,0,0,6,,,0,,,,,,Auckland Region,Nil,2-way,Sealed,,0,0,,50,,Off,1,0,,76,Auckland,Give way,,,,,0,0,Urban,0,,,Fine,Null
1754913.05,5927757.0037,904191,,508620,0,,0,2,,Null,2023/2024,ARCHERS ROAD,SUNHAVEN AVENUE,,Non-Injury Crash,No,2024,,East,,0,,Flat,,,,,,Bright sun,202700,0,0,0,2,,,0,,,,,,Auckland Region,Nil,2-way,Sealed,,0,0,,50,,Off,0,0,,76,Auckland,Nil,,,,,0,0,Urban,0,,,Fine,Null
1763840.4224,5905557.1503,904198,,524303,0,0,0,1,0,South,2023/2024,ALABASTER DRIVE,LENDENFELD DRIVE,,Minor Crash,No,2023,0,East,0,0,0,Flat,0,,0,,0,Bright sun,746315,1,0,0,2,0,0,0,0,1,,0,0,Auckland Region,Nil,2-way,Sealed,0,0,0,0,50,0,Off,0,0,,76,Auckland,Nil,0,0,0,0,1,0,Urban,0,0,0,Fine,Null
1767844.2206,5904716.025,904202,,524604,0,,0,2,,South,2023/2024,SOUTHERN MOTORWAY,REDOUBT ROAD ON RAMP,,Non-Injury Crash,Yes,2023,,North,,0,,Flat,,,,,,Overcast,780302,0,0,0,3,,,0,,,,,,Auckland Region,Nil,1-way,Sealed,,0,0,,100,,Off,0,0,,76,Auckland,Nil,,,,,0,0,Open,0,,,Light rain,Null
1758537.5044,5918461.0238,904211,,517400,0,,0,3,,North,2023/2024,BROADWAY,KHYBER PASS ROAD,,Non-Injury Crash,No,2023,,South,,0,,Flat,,,,,,Overcast,450901,0,0,0,4,,,0,,,,,,Auckland Region,Nil,2-way,Sealed,,0,0,,50,,Off,0,0,,76,Auckland,Nil,,,,,0,0,Urban,0,,,Fine,Null