X,Y,OBJECTID,advisorySpeed,areaUnitID,bicycle,bridge,bus,carStationWagon,cliffBank,crashDirectionDescription,crashFinancialYear,crashLocation1,crashLocation2,crashRoadSideRoad,crashSeverity,crashSHDescription,crashYear,debris,directionRoleDescription,ditch,fatalCount,fence,flatHill,guardRail,holiday,houseOrBuilding,intersection,kerb,light,meshblockId,minorInjuryCount,moped,motorcycle,NumberOfLanes,objectThrownOrDropped,otherObject,otherVehicleType,overBank,parkedVehicle,pedestrian,phoneBoxEtc,postOrPole,region,roadCharacter,roadLane,roadSurface,roadworks,schoolBus,seriousInjuryCount,slipOrFlood,speedLimit,strayAnimal,streetLight,suv,taxi,temporarySpeedLimit,tlaId,tlaName,trafficControl,trafficIsland,trafficSign,train,tree,truck,unknownVehicleType,urban,vanOrUtility,vehicle,waterRiver,weatherA,weatherB
1757335.384,5916985.1693,904212,,515700,1,,0,0,,West,2023/2024,OWENS ROAD,CECIL ROAD,,Serious Crash,No,2024,,East,,0,,Flat,,,,,,Dark,444501,0,0,0,2,,,0,,,,,,Auckland Region,Nil,2-way,Sealed,,0,1,,50,,On,1,0,,76,Auckland,Nil,,,,,0,0,Urban,0,,,Fine,Null
1757596.3678,5920766.3744,904215,,514103,0,0,0,2,0,North,2023/2024,COMMERCE STREET,FORT STREET,,Non-Injury Crash,No,2024,0,South,0,0,0,Flat,0,,0,,0,Twilight,438000,0,0,0,2,0,0,0,0,1,,0,0,Auckland Region,Nil,2-way,Sealed,0,0,0,0,30,0,On,0,0,,76,Auckland,Nil,0,0,0,0,0,0,Urban,0,0,0,Fine,Null
1745518.6025,5916892.6345,904222,,510800,0,,0,1,,Null,2024/2025,CATHERINE STREET,PIONEER STREET,,Minor Crash,No,2025,,West,,0,,Flat,,,,,,Overcast,242900,1,0,0,2,,,0,,,1,,,Auckland Region,Nil,2-way,Sealed,,0,0,,50,,Off,0,0,,76,Auckland,Stop,,,,,0,0,Urban,0,,,Fine,Frost
1769954.3897,5909836.9898,904223,,523114,0,,0,2,,Null,2023/2024,SMALES ROAD,TE IRIRANGI DRIVE,,Non-Injury Crash,No,2023,,West,,0,,Flat,,,,,,Dark,711804,0,0,0,5,,,0,,,,,,Auckland Region,Nil,2-way,Sealed,,0,0,,60,,On,0,0,,76,Auckland,Traffic Signals,,,,,0,0,Urban,0,,,Fine,Null
1765288.8555,5909347.3094,904229,,521802,0,0,0,1,0,North,2023/2024,SOUTHERN MOTORWAY,TAMAKI RIV BR,,Non-Injury Crash,Yes,2023,0,North,0,0,0,Flat,1,,0,,0,Bright sun,788903,0,0,0,3,0,0,0,0,0,,0,0,Auckland Region,Bridge,1-way,Sealed,0,0,0,0,100,0,Off,0,0,,76,Auckland,Nil,0,0,0,0,1,0,Open,0,0,0,Fine,Null
1762494.965,5912739.7867,904233,,519500,0,,0,1,,Null,2023/2024,GREAT SOUTH ROAD,SOUTH-EASTERN HIGHWAY,,Minor Crash,No,2024,,West,,0,,Flat,,,,,,Bright sun,622200,1,0,0,2,,,0,,,,,,Auckland Region,Nil,1-way,Sealed,,0,0,,50,,Off,0,0,,76,Auckland,Traffic Signals,,,,,1,0,Urban,0,,,Fine,Null
1789489.6733,5908689.6383,904234,,525202,0,0,0,1,0,East,2023/2024,CLEVEDON-KAWAKAWA ROAD,TOWNSON ROAD,,Non-Injury Crash,No,2024,0,East,0,0,1,Flat,0,,0,,0,Dark,764800,0,0,0,2,0,0,0,0,0,,0,0,Auckland Region,Nil,2-way,Sealed,0,0,0,0,80,0,None,0,0,,76,Auckland,Nil,0,0,0,0,0,0,Open,0,0,0,Light rain,Null
1769006.2632,5902591.2106,904238,,524901,0,0,0,1,0,South,2024/2025,SOUTHERN MOTORWAY,PUHINUI STM BR,,Non-Injury Crash,Yes,2024,0,North,0,0,1,Flat,0,,0,,0,Dark,755000,0,0,0,3,0,0,0,0,0,,0,0,Auckland Region,Nil,1-way,Sealed,0,0,0,0,100,0,On,0,0,,76,Auckland,Nil,0,0,0,0,0,0,Open,0,0,0,Light rain,Null
1746703.1308,5913282.2614,904242,,511002,0,0,0,0,0,North,2023/2024,AMBLER AVENUE,LEVY ROAD,,Non-Injury Crash,No,2024,0,South,0,0,0,Hill Road,0,,0,,0,Dark,284101,0,0,0,2,0,0,0,0,1,,0,0,Auckland Region,Nil,2-way,Sealed,0,0,0,0,50,0,On,1,0,,76,Auckland,Nil,0,0,0,0,0,0,Urban,0,0,0,Fine,Null
1749508.8894,5911968.6652,904246,,512100,0,0,0,1,0,Null,2024/2025,GOLF ROAD,LANTANA ROAD,,Minor Crash,No,2024,0,West,0,0,0,Flat,0,,0,,0,Overcast,290001,1,0,0,2,0,0,0,0,0,,0,1,Auckland Region,Nil,2-way,Sealed,0,0,0,0,50,0,Off,0,0,,76,Auckland,Stop,0,0,0,0,0,0,Urban,0,0,0,Heavy rain,Null
1772654.5333,5894621.1042,904247,,525530,0,,0,1,,Null,2023/2024,GREAT SOUTH ROAD,BELLFIELD ROAD,,Non-Injury Crash,No,2024,,North,,0,,Flat,,,,,,Bright sun,803602,0,0,0,3,,,0,,,,,,Auckland Region,Nil,2-way,Sealed,,0,0,,50,,Off,0,0,,76,Auckland,Traffic Signals,,,,,0,0,Urban,1,,,Fine,Null
1771404.0341,5898699.4746,904250,,523912,0,,0,1,,Null,2024/2025,KAURI HEART AVENUE,KETU WAY,,Minor Crash,No,2024,,West,,0,,Flat,,,,,,Dark,767400,1,0,1,2,,,0,,,,,,Auckland Region,Nil,2-way,Sealed,,0,0,,50,,On,0,0,30,76,Auckland,Give way,,,,,0,0,Urban,0,,,Fine,Null
1765601.8755,5917539.1687,904251,,517001,0,0,1,1,0,North,2022/2023,LINE ROAD,EASTVIEW ROAD,,Non-Injury Crash,No,2023,0,Null,0,0,0,Flat,0,,0,,0,Dark,474700,0,0,0,2,0,0,0,0,1,,0,0,Auckland Region,Nil,2-way,Sealed,0,0,0,0,50,0,On,0,0,,76,Auckland,Nil,0,0,0,0,0,0,Urban,0,0,0,Fine,Null
1753323.8455,5914257.6135,904256,,514500,0,,0,1,,Null,2024/2025,MAIORO STREET,RICHARDSON ROAD,,Minor Crash,No,2024,,East,,0,,Flat,,,,,,Bright sun,376800,1,0,0,5,,,0,,,,,,Auckland Region,Nil,2-way,Sealed,,0,0,,50,,Off,0,0,,76,Auckland,Traffic Signals,,,,,0,0,Urban,1,,,Fine,Null
1745288.756,5919596.8414,904265,,513301,0,,0,2,,Null,2024/2025,LINCOLN ROAD,UNIVERSAL DRIVE,,Non-Injury Crash,No,2024,,North,,0,,Flat,,,,,,Overcast,232001,0,0,0,4,,,0,,,,,,Auckland Region,Nil,2-way,Sealed,,0,0,,50,,Off,0,0,,76,Auckland,Traffic Signals,,,,,0,0,Urban,0,,,Fine,Null
1766770.6655,5907975.1115,904266,,523501,0,,0,1,,Null,2023/2024,NEWBURY STREET,BAIRDS ROAD,,Non-Injury Crash,No,2024,,North,,0,,Null,,,,,,Unknown,700700,0,0,0,2,,,0,,,,,,Auckland Region,Nil,2-way,Sealed,,0,0,,30,,Null,0,0,,76,Auckland,Give way,,,,,0,1,Urban,0,,,Null,Null
1759895.4937,5915749.9417,904268,,516003,0,,0,2,,Null,2024/2025,GREAT SOUTH ROAD,GREEN LANE WEST,,Non-Injury Crash,No,2024,,North,,0,,Null,,,,,,Bright sun,495200,0,0,0,5,,,0,,,,,,Auckland Region,Nil,2-way,Sealed,,0,0,,50,,Null,0,0,,76,Auckland,Traffic Signals,,,,,0,0,Urban,0,,,Fine,Null
1767576.0666,5905409.9376,904269,,524603,0,,0,1,,North,2023/2024,SOUTHERN MOTORWAY,TE IRIRANGI DRIVE ON RAMP,,Non-Injury Crash,Yes,2024,,North,,0,,Flat,,,,,,Overcast,780304,0,0,0,3,,,0,,,,,,Auckland Region,Nil,1-way,Sealed,,0,0,,100,,Null,0,0,,76,Auckland,Nil,,,,,0,0,Open,0,,,Fine,None
1757821.2376,5920961.1421,904272,,514101,0,,0,2,,East,2024/2025,QUAY STREET,GORE STREET,,Non-Injury Crash,No,2024,,West,,0,,Null,,,,,,Overcast,438103,0,0,0,3,,,0,,,,,,Auckland Region,Nil,2-way,Sealed,,0,0,,30,,Null,0,0,,76,Auckland,Nil,,,,,0,0,Urban,0,,,Fine,Null
1772883.4481,5896382.0573,904274,,525410,0,,0,1,,Null,2024/2025,RAILWAY STREET WEST,CLEVEDON ROAD,,Minor Crash,No,2025,,West,,0,,Flat,,,,,,Dark,793000,1,0,0,2,,,0,,,1,,,Auckland Region,Nil,2-way,Sealed,,0,0,,50,,Off,0,0,,76,Auckland,Traffic Signals,,,,,0,0,Urban,0,,,Fine,Null
1761820.7151,5913537.9413,904276,,519500,0,,0,2,,North,2023/2024,GREAT SOUTH ROAD,PENROSE,,Minor Crash,No,2023,,South,,0,,Null,,,,,,Overcast,621500,2,0,0,4,,,0,,,,,,Auckland Region,Nil,2-way,Sealed,,0,0,,50,,Off,0,0,,76,Auckland,Nil,,,,,0,0,Urban,0,,,Null,Null
1764832.2902,5906307.6251,904279,,522201,0,,0,1,,Null,2022/2023,OMAGH AVENUE,CORONATION ROAD,,Non-Injury Crash,No,2023,,West,,0,,Flat,,,,,,Overcast,662900,0,0,0,2,,,0,,,,,,Auckland Region,Nil,2-way,Sealed,,0,0,,50,,Off,1,0,,76,Auckland,Stop,,,,,0,0,Urban,0,,,Fine,None
1753433.2861,5913756.5673,904280,,518901,0,0,0,2,0,South,2024/2025,JOHN DAVIS ROAD,SALLY CRESCENT,,Minor Crash,No,2025,0,West,0,0,0,Hill Road,0,,0,,0,Dark,583702,1,0,0,2,0,0,0,0,2,,0,0,Auckland Region,Nil,2-way,Sealed,0,0,0,0,50,0,On,1,0,,76,Auckland,Nil,0,0,0,0,0,0,Urban,0,0,0,Fine,Null
1758195.1154,5913574.7099,904282,,518600,0,,0,2,,Null,2024/2025,MANUKAU ROAD,TURAMA ROAD,,Non-Injury Crash,No,2024,,South,,0,,Flat,,,,,,Bright sun,567300,0,0,0,2,,,0,,,,,,Auckland Region,Nil,2-way,Sealed,,0,0,,50,,Off,0,0,,76,Auckland,Stop,,,,,0,0,Urban,0,,,Fine,Null
1750805.4151,5913745.9569,904285,,514600,0,0,0,1,0,Null,2024/2025,WOLVERTON STREET,CROWTHER STREET,,Non-Injury Crash,No,2024,0,East,0,0,0,Flat,0,,0,,1,Dark,371800,0,0,0,4,0,0,0,0,0,,0,0,Auckland Region,Nil,2-way,Sealed,0,0,0,0,50,0,On,0,0,,76,Auckland,Stop,1,0,0,0,0,0,Urban,0,0,0,Fine,Null
1769882.22,5899962.4881,904286,,524902,0,,0,1,,North,2022/2023,SOUTHERN MOTORWAY,PAPAKURA STM BR,,Non-Injury Crash,Yes,2023,,North,,0,,Flat,,,,,,Dark,759200,0,0,0,3,,,0,,,,,,Auckland Region,Nil,1-way,Sealed,,0,0,,100,,On,0,0,,76,Auckland,Nil,,,,,0,1,Open,0,,,Fine,None
1753741.4632,5915614.0147,904289,,517800,0,0,0,1,0,Null,2024/2025,MOUNT ALBERT ROAD,HIGHLAND ROAD,,Non-Injury Crash,No,2024,0,North,0,0,1,Flat,0,,0,,0,Overcast,528700,0,0,0,2,0,0,0,0,0,,0,0,Auckland Region,Nil,2-way,Sealed,0,0,0,0,50,0,Off,0,0,,76,Auckland,Give way,0,0,0,0,0,0,Urban,0,0,0,Fine,Null
1753685.7003,5932058.734,904297,,508807,0,0,0,1,0,North,2023/2024,NORTHERN MOTORWAY,UPPER HARBOUR HIGHWAY,,Non-Injury Crash,Yes,2023,0,North,0,0,0,Flat,1,,0,,0,Overcast,180810,0,0,0,3,0,0,0,0,0,,0,0,Auckland Region,Nil,1-way,Sealed,0,0,0,0,100,0,Off,0,0,,76,Auckland,Nil,0,0,0,0,0,0,Open,0,0,0,Heavy rain,Null
1751686.4602,5931782.4813,904300,,508807,0,,0,1,,South,2022/2023,WILLIAM PICKERING DRIVE,DOUGLAS ALEXANDER PARADE,,Non-Injury Crash,No,2023,,South,,0,,Flat,,,,,,Bright sun,180301,0,0,0,2,,,0,,,,,,Auckland Region,Nil,2-way,Sealed,,0,0,,50,,Null,1,0,,76,Auckland,Nil,,,,,0,0,Urban,0,,,Fine,Null
1744200.2857,5924082.43,904304,,513521,0,,0,1,,Null,2023/2024,OREIL AVENUE,HOBSONVILLE ROAD,,Non-Injury Crash,No,2023,,North,,0,,Hill Road,,,,,,Bright sun,224240,0,0,1,2,,,0,,,,,,Auckland Region,Nil,2-way,Sealed,,0,0,,50,,None,0,0,,76,Auckland,Give way,,,,,0,0,Urban,0,,,Fine,Null
1760292.9178,5915365.0908,904306,,519400,0,,0,1,,Null,2022/2023,GREAT SOUTH ROAD,CAMPBELL ROAD,,Serious Crash,No,2023,,North,,0,,Flat,,,,,,Dark,617400,0,1,0,5,,,0,,,,,,Auckland Region,Nil,2-way,Sealed,,0,1,,50,,On,0,0,,76,Auckland,Traffic Signals,,,,,0,0,Urban,0,,,Fine,Null
1766152.5879,5907385.7728,904309,,522302,0,,0,3,,South,2023/2024,EAST TAMAKI ROAD,EAST TAMAKI ROAD ON-OFF RAMP,,Non-Injury Crash,No,2023,,North,,0,,Flat,,,,,,Bright sun,667700,0,0,0,4,,,0,,,,,,Auckland Region,Nil,2-way,Sealed,,0,0,,50,,Off,0,1,,76,Auckland,Nil,,,,,0,0,Urban,0,,,Fine,Null
1767043.5074,5905498.1175,904311,,524603,0,,0,2,,West,2023/2024,PUHINUI ROAD,GREAT SOUTH ROAD,,Minor Crash,No,2024,,North,,0,,Flat,,,,,,Dark,780205,1,0,0,3,,,0,,,,,,Auckland Region,Nil,2-way,Sealed,,0,0,,50,,On,0,0,,76,Auckland,Nil,,,,,0,0,Urban,0,,,Fine,Null
1750574.0811,5926832.8589,904314,,510010,0,,0,1,,Null,2024/2025,RANGATIRA ROAD,SUNNYHAVEN AVENUE,,Minor Crash,No,2024,,North,,0,,Hill Road,,,,,,Bright sun,342600,1,0,0,2,,,0,,,1,,,Auckland Region,Nil,2-way,Sealed,,0,0,,50,,Off,0,0,,76,Auckland,Nil,,,,,0,0,Urban,0,,,Fine,Null
1754455.9744,5913786.9937,904317,,518802,0,,0,2,,West,2024/2025,SOUTH-WESTERN MOTORWAY,MAY OBR,,Minor Crash,Yes,2024,,East,,0,,Flat,,,,,,Overcast,579200,1,0,0,3,,,0,,,,,,Auckland Region,Nil,1-way,Sealed,,0,0,,100,,On,0,0,,76,Auckland,Nil,,,,,0,0,Open,0,,,Mist or Fog,Null
1758933.8465,5909917.3013,904320,,524002,0,,0,2,,Null,2024/2025,MCINTYRE ROAD,WOODWARD AVENUE,,Minor Crash,No,2024,,West,,0,,Flat,,,,,,Bright sun,722700,2,0,0,2,,,0,,,,,,Auckland Region,Nil,2-way,Sealed,,0,0,,50,,Off,0,0,,76,Auckland,Give way,,,,,0,0,Urban,0,,,Fine,Null
1755168.8934,5916388.7194,904321,,517701,0,,0,2,,West,2023/2024,BALMORAL ROAD,ARABI STREET,,Non-Injury Crash,No,2023,,West,,0,,Flat,,,,,,Bright sun,537500,0,0,0,4,,,0,,,,,,Auckland Region,Nil,2-way,Sealed,,0,0,,50,,Off,0,0,,76,Auckland,Nil,,,,,0,0,Urban,0,,,Fine,Null
1767080.5353,5906712.9778,904324,,523601,0,0,0,1,0,South,2022/2023,SOUTHERN MOTORWAY,EAST TAMAKI ROAD ON RAMP,,Non-Injury Crash,Yes,2023,0,South,0,0,1,Flat,0,,0,,0,Twilight,707500,0,0,0,3,0,0,0,0,0,,0,0,Auckland Region,Nil,1-way,Sealed,0,0,0,0,100,0,Off,0,0,,76,Auckland,Nil,0,0,0,0,0,0,Open,0,0,0,Fine,Strong wind
1763986.2115,5913622.5833,904325,,520402,0,0,0,2,0,Null,2023/2024,WAIPUNA ROAD,MUSKET PLACE,,Non-Injury Crash,No,2023,0,West,0,0,1,Flat,0,,0,,0,Bright sun,640600,0,0,0,4,0,0,0,0,1,,0,0,Auckland Region,Nil,2-way,Sealed,0,0,0,0,50,0,Off,0,0,,76,Auckland,Traffic Signals,0,0,0,0,0,0,Urban,0,0,0,Fine,Null
1740181.3229,5976806.0529,904329,,506660,0,0,0,0,0,North,2023/2024,SH 1,WAITARAIRE BR,,Non-Injury Crash,Yes,2024,0,East,0,0,0,Hill Road,0,,0,,0,Overcast,136700,0,0,0,2,0,0,0,0,0,,0,0,Auckland Region,Nil,2-way,Sealed,0,0,0,0,80,0,None,0,0,,76,Auckland,Nil,0,0,0,1,1,0,Open,0,0,0,Light rain,Null
1759484.0015,5913661.5031,904331,,519720,0,0,0,3,0,South,2023/2024,MOANA AVENUE,TAWA ROAD,,Minor Crash,No,2024,0,South,0,0,0,Hill Road,0,,0,,0,Bright sun,594200,1,0,0,2,0,0,0,0,2,,0,0,Auckland Region,Nil,2-way,Sealed,0,0,0,0,50,0,Off,0,0,,76,Auckland,Nil,0,0,0,0,0,0,Urban,0,0,0,Fine,Null
1767115.1651,5918844.139,904333,,516900,1,,0,1,,West,2024/2025,RIDDELL ROAD,THORNHILL PLACE,,Minor Crash,No,2024,,East,,0,,Flat,,,,,,Overcast,468700,1,0,0,2,,,0,,,,,,Auckland Region,Nil,2-way,Sealed,,0,0,,50,,Off,0,0,,76,Auckland,Nil,,,,,0,0,Urban,0,,,Fine,Null
1756127.4867,5918753.7142,904334,,515500,0,,0,2,,East,2022/2023,NORTH-WESTERN MOTORWAY,WAIMA FTBR,,Minor Crash,Yes,2023,,East,,0,,Flat,,Easter,,,,Bright sun,417600,1,0,0,4,,,0,,,,,,Auckland Region,Nil,1-way,Sealed,,0,0,,80,,Off,1,0,,76,Auckland,Nil,,,,,0,0,Open,0,,,Fine,Null
1763218.044,5912839.763,904335,,520500,0,,0,2,,East,2023/2024,SOUTHERN MOTORWAY,SOUTH-EASTERN HWY OFF RAMP,,Non-Injury Crash,Yes,2023,,East,,0,,Hill Road,,,,,,Bright sun,637400,0,0,0,3,,,0,,,,,,Auckland Region,Nil,1-way,Sealed,,0,0,,100,,Off,0,0,,76,Auckland,Nil,,,,,0,0,Open,0,,,Fine,Null
1768950.5723,5909732.0744,904338,,523113,0,0,0,1,0,East,2024/2025,SMALES ROAD,SIR WILLIAM AVENUE,,Minor Crash,No,2024,0,East,0,0,1,Flat,0,,0,,0,Bright sun,711703,1,0,0,2,0,0,0,0,0,,0,0,Auckland Region,Nil,2-way,Sealed,0,0,0,0,50,0,On,0,0,,76,Auckland,Nil,0,0,0,1,0,0,Urban,0,0,0,Fine,Null
1756111.9738,5927799.2889,904344,,507900,0,,0,3,,North,2023/2024,NORTHERN MOTORWAY,NORTHCOTE ROAD OFF RAMP,,Non-Injury Crash,Yes,2024,,South,,0,,Flat,,,,,,Bright sun,305202,0,0,0,3,,,0,,,,,,Auckland Region,Nil,1-way,Sealed,,0,0,,100,,Off,0,0,,76,Auckland,Nil,,,,,0,0,Open,0,,,Fine,Null
1743837.574,5920839.3862,904346,,513632,0,0,1,1,0,South,2023/2024,ZITA MARIA DRIVE,DONOVAN AVENUE,,Minor Crash,No,2023,0,North,0,0,0,Hill Road,0,,0,,0,Dark,228102,1,0,0,2,0,0,0,0,1,,0,0,Auckland Region,Nil,2-way,Sealed,0,0,0,0,50,0,On,0,0,,76,Auckland,Nil,1,0,0,0,0,0,Urban,0,0,0,Fine,Null
1771795.3541,5906925.1061,904355,,523713,0,,0,1,,Null,2023/2024,VALDERAMA DRIVE,ORMISTON ROAD,,Non-Injury Crash,No,2023,,North,,0,,Flat,,,,,,Bright sun,712600,0,0,0,2,,,0,,,,,,Auckland Region,Nil,2-way,Sealed,,0,0,,50,,Off,1,0,,76,Auckland,Give way,,,,,0,0,Urban,0,,,Heavy rain,None
1770660.4408,5898622.701,904365,,523920,0,,0,2,,Null,2023/2024,GREAT SOUTH ROAD,WALTER STREVENS DRIVE,,Minor Crash,No,2023,,South,,0,,Flat,,,,,,Bright sun,768008,1,0,0,4,,,0,,,,,,Auckland Region,Nil,2-way,Sealed,,0,0,,50,,Off,0,0,,76,Auckland,Traffic Signals,,,,,0,0,Urban,0,,,Fine,Null
1757014.6375,5919865.3986,904375,,514102,0,0,0,1,0,South,2023/2024,GREYS AVENUE,MAYORAL DRIVE,,Non-Injury Crash,No,2023,0,North,0,0,0,Flat,0,,0,,0,Bright sun,435000,0,0,0,2,0,0,0,0,1,,0,0,Auckland Region,Nil,2-way,Sealed,0,0,0,0,30,0,Off,0,0,,76,Auckland,Nil,0,0,0,0,0,0,Urban,1,0,0,Fine,Null
1764054.5419,5920064.5848,904377,,516601,1,,0,0,,Null,2023/2024,TARANAKI ROAD,KOHIMARAMA ROAD,,Minor Crash,No,2024,,West,,0,,Flat,,,,,,Bright sun,504000,1,0,0,2,,,0,,,,,,Auckland Region,Nil,2-way,Sealed,,0,0,,50,,Off,1,0,,76,Auckland,Stop,,,,,0,0,Urban,0,,,Fine,Null
1756183.4098,5932621.438,904380,,507400,0,,0,1,,Null,2023/2024,HASTINGS ROAD,KILDUFF PLACE,,Serious Crash,No,2023,,East,,0,,Hill Road,,,,,,Overcast,152200,0,1,0,2,,,0,,,,,,Auckland Region,Nil,2-way,Sealed,,0,1,,50,,Off,1,0,,76,Auckland,Nil,,,,,0,0,Urban,0,,,Fine,Null
1756975.714,5919230.6425,904381,,514200,0,0,0,1,0,East,2023/2024,SOUTHERN MOTORWAY,UPPER QUEEN OBR,,Non-Injury Crash,Yes,2023,0,East,0,0,0,Hill Road,1,,0,,0,Dark,412301,0,0,0,4,0,0,0,0,0,,0,0,Auckland Region,Nil,1-way,Sealed,0,0,0,0,80,0,On,0,0,,76,Auckland,Nil,0,0,0,0,0,0,Open,0,0,0,Fine,Null
1769308.2541,5902340.5249,904383,,524901,0,,0,2,,North,2023/2024,SOUTHERN MOTORWAY,HILL ROAD ON RAMP,,Minor Crash,Yes,2023,,North,,0,,Flat,,,,,,Overcast,755600,1,0,0,3,,,0,,,,,,Auckland Region,Nil,1-way,Sealed,,0,0,,100,,Off,0,1,,76,Auckland,Nil,,,,,0,0,Open,0,,,Light rain,Null
1763137.3627,5907964.2423,904390,,524301,0,0,0,2,0,South,2023/2024,GRAY AVENUE,MASSEY ROAD,,Non-Injury Crash,No,2024,0,South,0,0,0,Flat,0,,0,,0,Bright sun,747500,0,0,0,2,0,0,0,0,1,,0,0,Auckland Region,Nil,2-way,Sealed,0,0,0,0,50,0,None,0,0,,76,Auckland,Nil,0,0,0,0,0,1,Urban,1,0,0,Fine,Null
1746325.1477,5973247.0821,904391,,506661,0,0,0,0,0,North,2023/2024,SH 1,CHRISTINE PLACE,,Non-Injury Crash,Yes,2023,0,South,0,0,0,Flat,1,,0,,0,Dark,138900,0,0,0,2,0,0,0,0,0,,0,0,Auckland Region,Nil,2-way,Sealed,0,0,0,0,80,0,None,0,0,,76,Auckland,Nil,0,0,0,0,0,0,Open,1,0,0,Fine,Null
1755943.6579,5916937.9003,904393,35,518201,0,,0,2,,East,2022/2023,GRANGE ROAD,DOMINION ROAD,,Non-Injury Crash,No,2023,,West,,0,,Flat,,,,,,Overcast,548200,0,0,0,2,,,0,,,,,,Auckland Region,Nil,2-way,Sealed,,0,0,,50,,Off,0,0,,76,Auckland,Nil,,,,,0,0,Urban,0,,,Light rain,Strong wind
1758024.0334,5917347.0139,904394,,515700,0,,0,2,,Null,2022/2023,GILLIES AVENUE,ALBURY AVENUE,,Serious Crash,No,2023,,North,,0,,Hill Road,,,,,,Dark,444200,0,0,0,4,,,0,,,,,,Auckland Region,Nil,2-way,Sealed,,0,1,,50,,On,0,0,,76,Auckland,Give way,,,,,0,0,Urban,0,,,Fine,Null
1769187.3261,5905160.4099,904398,,523721,0,,0,2,,Null,2023/2024,ASPIRING AVENUE,MATTHEWS ROAD,,Non-Injury Crash,No,2024,,East,,0,,Flat,,,,,,Overcast,715609,0,0,0,2,,,0,,,,,,Auckland Region,Nil,2-way,Sealed,,0,0,,50,,Off,1,0,,76,Auckland,Give way,,,,,0,0,Urban,0,,,Fine,Null
1756629.5645,5919910.8118,904399,,514000,0,,0,2,,Null,2024/2025,NELSON STREET OFF RAMP,UNION STREET,,Minor Crash,No,2024,,North,,0,,Flat,,,,,,Bright sun,413200,1,0,0,1,,,0,,,,,,Auckland Region,Motorway ramp,1-way,Sealed,,0,0,,50,,Off,0,0,,76,Auckland,Give way,,,,,0,0,Urban,0,,,Fine,Null
1742753.9885,5921521.8575,904400,,513631,0,0,0,3,0,North,2023/2024,DON BUCK ROAD,GALLONY AVENUE,,Non-Injury Crash,No,2024,0,South,0,0,0,Flat,0,,0,,0,Overcast,227101,0,0,0,2,0,0,0,0,1,,0,0,Auckland Region,Nil,2-way,Sealed,0,0,0,0,50,0,None,0,0,,76,Auckland,Nil,0,0,0,0,0,0,Urban,0,0,0,Light rain,Null
1762230.5433,5913563.8642,904404,,520500,0,,0,1,,South,2023/2024,SOUTHERN MOTORWAY,PENROSE OBR,,Non-Injury Crash,Yes,2023,,North,,0,,Flat,,,,,,Bright sun,637100,0,0,0,3,,,0,,,,,,Auckland Region,Nil,1-way,Sealed,,0,0,,100,,Off,0,0,,76,Auckland,Nil,,,,,0,0,Open,1,,,Fine,Strong wind
1749483.1391,5918089.2561,904406,,514801,0,0,0,0,0,West,2023/2024,NORTH-WESTERN MOTORWAY,ROSEBANK ROAD ON RAMP,,Serious Crash,Yes,2024,0,East,0,0,0,Flat,1,,0,,0,Bright sun,390401,0,1,0,4,0,0,0,0,0,,0,0,Auckland Region,Nil,1-way,Sealed,0,0,2,0,100,0,Off,0,0,,76,Auckland,Nil,0,0,0,0,0,0,Open,0,0,0,Fine,Null
1763834.3458,5906615.4931,904407,,524301,0,,0,2,,Null,2023/2024,GRAY AVENUE,PORTAGE ROAD,,Non-Injury Crash,No,2023,,South,,0,,Flat,,,,,,Unknown,656600,0,0,0,2,,,0,,,,,,Auckland Region,Nil,2-way,Sealed,,0,0,,50,,Off,0,0,,76,Auckland,Give way,,,,,0,0,Urban,0,,,Fine,None
1747904.8547,5926362.8932,904410,,513431,0,,0,2,,Null,2023/2024,CLARK ROAD,SQUADRON DRIVE,,Minor Crash,No,2024,,South,,0,,Flat,,,,,,Twilight,222800,1,0,0,2,,,0,,,,,,Auckland Region,Nil,2-way,Sealed,,0,0,,50,,On,0,0,,76,Auckland,Stop,,,,,0,0,Urban,0,,,Fine,Null
1771491.1161,5895199.0791,904411,,525530,0,,0,1,,Null,2023/2024,SOUTHERN MOTORWAY,PAPAKURA ON RAMP,,Minor Crash,Yes,2023,,South,,0,,Flat,,,,,,Bright sun,804901,1,0,0,2,,,0,,,,,,Auckland Region,Nil,1-way,Sealed,,0,0,,100,,Off,0,0,,76,Auckland,Nil,,,,,0,0,Open,0,,,Fine,Null
1759386.7433,5919628.4698,904413,,515901,0,0,0,1,0,South,2023/2024,ST STEPHENS AVENUE,LICHFIELD ROAD,,Minor Crash,No,2023,0,North,0,0,0,Flat,0,,0,,0,Overcast,456000,1,0,0,2,0,0,0,0,1,,0,0,Auckland Region,Nil,2-way,Sealed,0,0,0,0,50,0,Off,0,0,,76,Auckland,Nil,0,0,0,0,0,0,Urban,1,0,0,Fine,Null
1766336.2794,5907423.6333,904415,,522302,0,,0,2,,South,2023/2024,SOUTHERN MOTORWAY,EAST TAMAKI OBR,,Non-Injury Crash,Yes,2024,,North,,0,,Flat,,,,,,Dark,667700,0,0,0,3,,,0,,,,,,Auckland Region,Nil,1-way,Sealed,,0,0,,100,,On,0,0,,76,Auckland,Nil,,,,,0,0,Open,0,,,Fine,Null