X,Y,OBJECTID,advisorySpeed,areaUnitID,bicycle,bridge,bus,carStationWagon,cliffBank,crashDirectionDescription,crashFinancialYear,crashLocation1,crashLocation2,crashRoadSideRoad,crashSeverity,crashSHDescription,crashYear,debris,directionRoleDescription,ditch,fatalCount,fence,flatHill,guardRail,holiday,houseOrBuilding,intersection,kerb,light,meshblockId,minorInjuryCount,moped,motorcycle,NumberOfLanes,objectThrownOrDropped,otherObject,otherVehicleType,overBank,parkedVehicle,pedestrian,phoneBoxEtc,postOrPole,region,roadCharacter,roadLane,roadSurface,roadworks,schoolBus,seriousInjuryCount,slipOrFlood,speedLimit,strayAnimal,streetLight,suv,taxi,temporarySpeedLimit,tlaId,tlaName,trafficControl,trafficIsland,trafficSign,train,tree,truck,unknownVehicleType,urban,vanOrUtility,vehicle,waterRiver,weatherA,weatherB
1767329.9091,5883257.3725,904417,35,521111,0,0,0,1,0,South,2023/2024,HEIGHTS ROAD,HEIGHTS SOUTH,,Non-Injury Crash,No,2024,0,North,0,0,0,Flat,0,,0,,0,Dark,826601,0,0,0,2,0,0,0,0,0,,0,0,Auckland Region,Nil,2-way,Sealed,0,0,0,0,80,0,None,0,0,,76,Auckland,Nil,0,1,0,1,0,0,Open,0,0,0,Fine,Null
1765822.7937,5908060.3092,904420,,523402,0,,0,2,,South,2024/2025,SOUTHERN MOTORWAY,BAIRDS RD OBR,,Non-Injury Crash,Yes,2024,,South,,0,,Flat,,,,,,Dark,699000,0,0,0,3,,,0,,,,,,Auckland Region,Nil,1-way,Sealed,,0,0,,100,,None,0,0,,76,Auckland,Nil,,,,,0,0,Open,0,,,Fine,None
1769665.9603,5909587.2572,904431,,523113,0,0,0,0,0,West,2024/2025,FEENY CRESCENT,REDCASTLE DRIVE,,Non-Injury Crash,No,2025,0,West,0,0,0,Flat,0,,0,,0,Dark,711815,0,0,0,2,0,0,0,0,0,,0,0,Auckland Region,Nil,2-way,Sealed,0,0,0,0,50,0,Null,1,0,,76,Auckland,Nil,0,0,0,1,0,0,Urban,0,0,0,Fine,Null
1769158.8986,5906800.5665,904434,,523712,0,0,0,0,0,North,2024/2025,TE IRIRANGI DRIVE,WHETSTONE ROAD,,Non-Injury Crash,No,2025,0,South,0,0,1,Flat,0,,1,,0,Dark,712806,0,0,0,2,0,0,0,0,0,,0,0,Auckland Region,Nil,1-way,Sealed,0,0,0,0,60,0,On,0,0,,76,Auckland,Nil,0,0,0,0,0,0,Urban,1,0,0,Light rain,Null
1769946.1149,5915083.4681,904438,,522712,0,,0,2,,North,2025/2026,BUCKLANDS BEACH ROAD,TANGELO PLACE,,Serious Crash,No,2025,,South,,0,,Flat,,,,,,Bright sun,680807,1,0,0,2,,,0,,,,,,Auckland Region,Nil,2-way,Sealed,,0,2,,50,,Off,1,0,,76,Auckland,Nil,,,,,0,0,Urban,0,,,Fine,Null
1754894.5778,5944881.0821,904441,,505909,0,,0,2,,South,2025/2026,WHANGAPARAOA ROAD,CEDAR TERRACE,,Serious Crash,No,2025,,North,,0,,Hill Road,,,,,,Overcast,173811,0,0,0,2,,,0,,,,,,Auckland Region,Nil,2-way,Sealed,,0,2,,50,,Off,0,0,30,76,Auckland,Nil,,,,,0,0,Urban,0,,,Light rain,Strong wind
1763996.6698,5904242.352,904444,,524604,0,,0,2,,Null,2024/2025,PUHINUI ROAD,PUHINUI ROAD-SH 20B ON RAMP,,Non-Injury Crash,No,2025,,North,,0,,Hill Road,,,,,,Dark,781100,0,0,0,2,,,0,,,,,,Auckland Region,Motorway ramp,1-way,Sealed,,0,0,,50,,On,0,0,,76,Auckland,Give way,,,,,0,0,Urban,0,,,Fine,Null
1744222.3256,5913582.6873,904446,,512905,0,,0,0,,West,2025/2026,WEST COAST ROAD,SHAW ROAD,,Minor Crash,No,2025,,North,,0,,Hill Road,,,,,,Overcast,278905,1,0,0,2,,,0,,,1,,,Auckland Region,Nil,2-way,Sealed,,0,0,,50,,Off,0,0,,76,Auckland,Nil,,,,,0,0,Urban,1,,,Fine,Null
1769951.7947,5908255.3976,904447,,523115,0,,0,1,,North,2024/2025,CHAPEL ROAD,ACCENT DRIVE,,Minor Crash,No,2025,,South,,0,,Flat,,,,,,Overcast,711911,1,0,0,2,,,0,,,,,,Auckland Region,Nil,2-way,Sealed,,0,0,,50,,Off,1,0,,76,Auckland,Nil,,,,,0,0,Urban,0,,,Fine,Null
1764077.0694,5915024.1532,904448,,520301,0,,0,0,,Null,2025/2026,LUNN AVENUE,ELLERSLIE-PANMURE HIGHWAY,,Minor Crash,No,2025,,South,,0,,Flat,,,,,,Bright sun,626600,1,0,0,1,,,0,,,1,,,Auckland Region,Nil,1-way,Sealed,,0,0,,50,,Off,0,0,,76,Auckland,Give way,,,,,0,0,Urban,1,,,Fine,Null
1759735.2433,5924741.3149,904449,,508110,1,,0,0,,Null,2025/2026,ROBERTS AVENUE,LAKE ROAD,,Minor Crash,No,2025,,North,,0,,Hill Road,,,,,,Bright sun,317900,1,0,0,2,,,0,,,,,,Auckland Region,Nil,2-way,Sealed,,0,0,,50,,Off,0,0,,76,Auckland,Give way,,,,,0,0,Urban,1,,,Fine,Null
1767785.5474,5904872.6718,904450,,524604,0,0,0,1,0,South,2025/2026,SOUTHERN MOTORWAY,TE IRIRANGI OBR,,Non-Injury Crash,Yes,2025,1,North,0,0,0,Flat,0,,0,,0,Overcast,780302,0,0,0,3,0,0,0,0,0,,0,0,Auckland Region,Nil,1-way,Sealed,0,0,0,0,100,0,Off,0,0,,76,Auckland,Nil,0,0,0,0,1,0,Open,0,0,0,Fine,Null
1756953.2081,5918555.7045,904456,,515600,0,0,0,2,0,West,2025/2026,NIKAU STREET,MOUNT EDEN ROAD,,Non-Injury Crash,No,2025,0,North,0,0,0,Null,0,,0,,0,Overcast,421200,0,0,0,2,0,0,0,0,1,,0,0,Auckland Region,Nil,2-way,Sealed,0,0,0,0,50,0,Null,0,0,,76,Auckland,Nil,0,0,0,0,0,0,Urban,0,0,0,Null,Null
1760414.5697,5913061.6857,904460,,520000,0,,0,1,,Null,2024/2025,MOUNT SMART ROAD,WAITANGI ROAD,,Non-Injury Crash,No,2025,,North,,0,,Null,,,,,,Bright sun,606201,0,0,0,2,,,0,,,1,,,Auckland Region,Nil,2-way,Sealed,,0,0,,50,,Null,0,0,,76,Auckland,Nil,,,,,0,0,Urban,0,,,Fine,Null
1770550.3395,5914636.656,904465,,521601,0,0,0,1,0,East,2024/2025,PAKURANGA ROAD,CROMDALE AVENUE,,Non-Injury Crash,No,2025,0,East,0,0,0,Hill Road,0,,0,,0,Dark,645300,0,0,0,4,0,0,0,0,1,,0,0,Auckland Region,Nil,2-way,Sealed,0,0,0,0,50,0,On,0,0,,76,Auckland,Nil,0,0,0,0,0,0,Urban,1,0,0,Fine,Null
1769769.6346,5905806.7122,904466,,523712,0,0,0,3,0,South,2025/2026,DONEGAL PARK DRIVE,CARRICK GLEN AVENUE,,Non-Injury Crash,No,2025,0,North,0,0,0,Flat,0,,0,,0,Twilight,713206,0,0,0,2,0,0,0,0,1,,0,0,Auckland Region,Nil,2-way,Sealed,0,0,0,0,50,0,On,0,0,,76,Auckland,Nil,0,0,0,0,0,0,Urban,0,0,0,Fine,Null
1745097.3364,5916473.7832,904467,,510800,0,,0,2,,Null,2024/2025,HENDERSON VALLEY ROAD,KEELING ROAD,,Non-Injury Crash,No,2025,,North,,0,,Flat,,,,,,Overcast,241900,0,0,0,2,,,0,,,,,,Auckland Region,Nil,2-way,Sealed,,0,0,,50,,Off,0,0,,76,Auckland,Give way,,,,,0,0,Urban,0,,,Fine,Null
1772937.479,5895567.6634,904470,,525410,0,,1,0,,West,2024/2025,SETTLEMENT ROAD,OPAHEKE ROAD,,Non-Injury Crash,No,2025,,West,,0,,Flat,,,,,,Dark,793400,0,0,0,2,,,0,,,,,,Auckland Region,Nil,2-way,Sealed,,0,0,,50,,On,0,0,,76,Auckland,Nil,,,,,0,0,Urban,2,,,Fine,Null
1750961.4525,5913472.797,904471,,514600,0,0,0,2,0,East,2024/2025,BUSBY STREET,CROWTHER STREET,,Non-Injury Crash,No,2024,0,West,0,0,0,Flat,0,,0,,0,Twilight,371900,0,0,0,2,0,0,0,0,1,,0,0,Auckland Region,Nil,2-way,Sealed,0,0,0,0,30,0,Off,0,0,,76,Auckland,Nil,0,0,0,0,0,0,Urban,0,0,0,Fine,Null
1752233.6316,5931942.7387,904472,,508807,0,0,0,3,0,South,2025/2026,BUSH ROAD,TARNDALE GROVE,,Non-Injury Crash,No,2025,0,South,0,0,0,Flat,0,,0,,0,Bright sun,180302,0,0,0,2,0,0,0,0,2,,0,0,Auckland Region,Nil,2-way,Sealed,0,0,0,0,50,0,Off,0,0,,76,Auckland,Nil,0,0,0,0,0,0,Urban,1,0,0,Fine,Null
1754007.1072,5975437.4019,904474,,506659,0,0,0,0,0,West,2024/2025,MATAKANA ROAD,RIVERGLADE LANE,,Non-Injury Crash,No,2024,0,East,0,0,0,Flat,0,,0,,0,Overcast,138107,0,0,0,2,0,0,0,0,1,,0,0,Auckland Region,Nil,2-way,Sealed,0,0,0,0,50,0,Off,0,0,,76,Auckland,Nil,0,0,0,0,1,0,Urban,1,0,0,Fine,Null
1746036.0972,5917068.9822,904475,,510700,0,,0,2,,Null,2024/2025,GREAT NORTH ROAD,NEWINGTON ROAD,,Non-Injury Crash,No,2024,,South,,0,,Hill Road,,,,,,Bright sun,240505,0,0,0,3,,,0,,,,,,Auckland Region,Nil,2-way,Sealed,,0,0,,50,,Off,0,0,,76,Auckland,Stop,,,,,0,0,Urban,0,,,Fine,Null
1768274.2714,5905505.0978,904477,,523721,0,0,0,2,0,West,2024/2025,BOUNDARY ROAD,TOWNLEY PLACE,,Non-Injury Crash,No,2024,0,East,0,0,0,Flat,0,,0,,0,Dark,715514,0,0,0,2,0,0,0,0,1,,0,0,Auckland Region,Nil,2-way,Unsealed,0,0,0,0,50,0,On,0,0,,76,Auckland,Nil,0,0,0,0,0,0,Urban,0,0,0,Fine,Null
1756639.7223,5926728.7962,904478,,507900,0,0,0,1,0,South,2024/2025,NORTHERN MOTORWAY,NORTHCOTE ROAD ON RAMP,,Non-Injury Crash,Yes,2025,0,South,0,0,0,Flat,1,,0,,0,Dark,303902,0,0,0,3,0,0,0,0,0,,0,0,Auckland Region,Nil,1-way,Sealed,0,0,0,0,100,0,On,0,0,,76,Auckland,Nil,0,0,0,0,0,0,Open,2,0,0,Light rain,Null
1758535.4145,5922950.5059,904479,,509500,0,0,0,1,0,East,2024/2025,STANLEY POINT ROAD,FIRST AVENUE,,Non-Injury Crash,No,2025,0,East,0,0,0,Flat,0,,0,,0,Dark,335100,0,0,0,2,0,0,0,0,1,,0,0,Auckland Region,Nil,2-way,Sealed,0,0,0,0,50,0,On,1,0,,76,Auckland,Nil,0,0,0,0,0,0,Urban,0,0,0,Fine,Null
1772211.6521,5899022.8101,904482,,523912,0,,0,0,,Null,2024/2025,POPOKATEA DRIVE,PUWETO AVENUE,,Non-Injury Crash,No,2025,,South,,0,,Flat,,,,,,Bright sun,765401,0,0,0,2,,,0,,,,,,Auckland Region,Nil,2-way,Sealed,,0,0,,50,,Off,2,0,,76,Auckland,Give way,,,,,0,0,Urban,0,,,Fine,Null
1740687.1812,5928743.7604,904486,,505604,0,0,0,0,0,Null,2024/2025,OLD NORTH ROAD,OLD RAILWAY ROAD,,Non-Injury Crash,No,2025,0,North,0,0,0,Flat,0,,0,,1,Bright sun,214501,0,0,0,2,0,0,0,0,0,,0,0,Auckland Region,Nil,2-way,Sealed,0,0,0,0,80,0,Off,1,0,,76,Auckland,Stop,0,1,0,0,1,0,Open,0,0,0,Fine,Null
1759502.5577,5910259.1898,904489,,524002,0,,0,2,,Null,2025/2026,RIMU ROAD,MAHUNGA DRIVE OFF RAMP,,Non-Injury Crash,No,2025,,East,,0,,Flat,,,,,,Dark,722400,0,0,0,3,,,0,,,,,,Auckland Region,Motorway ramp,2-way,Sealed,,0,0,,50,,On,0,0,,76,Auckland,Traffic Signals,,,,,0,0,Urban,0,,,Fine,Null
1766865.2826,5905759.0728,904494,,522302,0,0,0,1,0,South,2024/2025,GREAT SOUTH ROAD,PEMBROKE STREET,,Non-Injury Crash,No,2024,0,North,0,0,1,Flat,0,Labour Weekend,0,,0,Dark,670600,0,0,0,4,0,1,0,0,0,,0,0,Auckland Region,Nil,2-way,Sealed,0,0,0,0,50,0,On,0,0,,76,Auckland,Nil,0,0,0,0,0,0,Urban,0,0,0,Fine,Null
1755714.0102,5924481.2014,904496,,509800,0,0,0,2,0,North,2024/2025,BRUCE STREET,BELLE VUE AVENUE,,Non-Injury Crash,No,2025,0,South,0,0,0,Flat,0,,0,,0,Bright sun,360600,0,0,0,1,0,0,0,0,1,,0,0,Auckland Region,Nil,2-way,Sealed,0,0,0,0,50,0,Off,0,0,,76,Auckland,Nil,0,0,0,0,0,0,Urban,0,0,0,Fine,Null
1759191.4929,5911188.536,904498,,519820,0,,0,1,,South,2024/2025,SOUTH-WESTERN MOTORWAY,NEILSON STREET ON RAMP,,Non-Injury Crash,Yes,2024,,South,,0,,Hill Road,,,,,,Dark,602503,0,0,0,4,,,0,,,,,,Auckland Region,Bridge,1-way,Sealed,,0,0,,100,,On,1,0,,76,Auckland,Nil,,,,,0,0,Open,0,,,Fine,Null
1754337.1958,5918332.6814,904501,,515432,0,,0,1,,East,2025/2026,NORTH-WESTERN MOTORWAY,ST LUKES ROAD OFF RAMP,,Serious Crash,Yes,2025,,West,,0,,Flat,,,,,,Overcast,406202,0,0,1,4,,,0,,,,,,Auckland Region,Nil,1-way,Sealed,,0,1,,80,,Off,1,0,,76,Auckland,Nil,,,,,0,0,Open,0,,,Fine,Null
1757270.4364,5918905.1358,904503,,514301,0,0,0,0,0,North,2024/2025,SOUTHERN MOTORWAY,SOUTHERN TO PORT LINK,,Non-Injury Crash,Yes,2024,0,North,0,0,0,Flat,1,,0,,0,Overcast,441600,0,0,0,3,0,0,0,0,0,,0,0,Auckland Region,Nil,1-way,Sealed,0,0,0,0,80,0,Off,0,0,,76,Auckland,Nil,0,0,0,0,1,0,Open,1,0,0,Light rain,Null
1749824.8124,5912397.7998,904506,,511402,0,0,0,0,0,South,2024/2025,ASTLEY AVENUE,CUTLER STREET,,Non-Injury Crash,No,2024,0,West,0,0,0,Null,0,,0,,0,Bright sun,261803,0,0,0,2,0,0,0,0,1,,0,0,Auckland Region,Nil,2-way,Sealed,0,0,0,0,50,0,Off,2,0,,76,Auckland,Nil,0,0,0,0,0,0,Urban,0,0,0,Fine,Null
1746870.5384,5926172.1524,904509,,513432,0,,0,3,,Null,2025/2026,HOBSONVILLE ROAD,SINTON ROAD EAST,,Minor Crash,No,2025,,North,,0,,Flat,,,,,,Overcast,222901,1,0,0,3,,,0,,,,,,Auckland Region,Nil,2-way,Sealed,,0,0,,50,,Off,0,0,,76,Auckland,Traffic Signals,,,,,0,0,Urban,0,,,Fine,Null
1763297.3262,5915092.3349,904511,,520302,0,0,0,2,0,North,2024/2025,HARRIS ROAD,ELLERSLIE-PANMURE HIGHWAY,,Non-Injury Crash,No,2024,0,South,0,0,0,Hill Road,0,,0,,0,Twilight,626101,0,0,0,2,0,0,0,0,1,,0,0,Auckland Region,Nil,2-way,Sealed,0,0,0,0,50,0,Off,0,0,,76,Auckland,Nil,0,0,0,0,0,0,Urban,1,0,0,Fine,Null
1823959.1175,5983045.7294,904513,,521000,0,0,0,1,1,South,2025/2026,MEDLAND ROAD,THE LANE,,Non-Injury Crash,No,2025,0,North,0,0,0,Hill Road,0,,0,,0,Dark,439000,0,0,0,2,0,0,0,0,0,,0,0,Auckland Region,Nil,2-way,Sealed,0,0,0,0,60,0,None,0,0,,76,Auckland,Nil,0,0,0,1,0,0,Urban,0,0,0,Heavy rain,Null
1756736.0799,5919564.1888,904517,,514102,0,0,0,1,0,Null,2025/2026,BERESFORD SQUARE,SAMOA HOUSE LANE,,Non-Injury Crash,No,2025,0,West,0,0,0,Hill Road,0,,0,,0,Dark,435500,0,0,0,2,0,0,0,0,0,,1,0,Auckland Region,Nil,2-way,Sealed,0,0,0,0,30,0,On,0,0,,76,Auckland,Nil,0,0,0,0,0,0,Urban,0,0,0,Fine,Null
1751578.9418,5914784.6614,904521,,514401,0,,0,1,,Null,2024/2025,BLOCKHOUSE BAY ROAD,NEW WINDSOR ROAD,,Non-Injury Crash,No,2025,,South,,0,,Flat,,,,,,Bright sun,380300,0,0,0,2,,,0,,,1,,,Auckland Region,Nil,2-way,Sealed,,0,0,,50,,None,0,0,,76,Auckland,Traffic Signals,,,,,0,0,Urban,0,,,Fine,Null
1778572.4742,5908686.308,904522,,525201,0,0,0,1,0,North,2025/2026,SOLWAY ROAD,ARA-KOTINGA,,Non-Injury Crash,No,2026,0,North,0,0,0,Hill Road,0,,0,,1,Bright sun,762502,0,0,0,2,0,0,0,0,0,,0,0,Auckland Region,Nil,2-way,Unsealed,0,0,0,0,60,0,None,0,0,,76,Auckland,Nil,0,0,0,0,0,0,Urban,0,0,0,Fine,Null
1758192.1915,5913596.6948,904525,,518600,0,,0,1,,Null,2024/2025,MANUKAU ROAD,TURAMA ROAD,,Non-Injury Crash,No,2024,,South,,0,,Flat,,,,,,Bright sun,567300,0,0,0,2,,,0,,,,,,Auckland Region,Nil,2-way,Sealed,,0,0,,50,,Off,0,0,,76,Auckland,Give way,,,,,0,0,Urban,1,,,Fine,Frost
1773437.2218,5891844.7886,904527,,521301,0,,0,1,,Null,2025/2026,GREAT SOUTH ROAD,WAIHOEHOE ROAD,,Non-Injury Crash,No,2025,,West,,0,,Flat,,,,,,Twilight,808701,0,0,0,2,,,0,,,,,,Auckland Region,Nil,2-way,Sealed,,0,0,,50,,Off,0,0,,76,Auckland,Give way,,,,,0,0,Urban,1,,,Light rain,Null
1755674.7401,5916080.5861,904530,,518301,0,,0,1,,Null,2025/2026,DOMINION ROAD,ROCKLANDS AVENUE,,Minor Crash,No,2025,,North,,0,,Flat,,,,,,Bright sun,555300,1,0,0,2,,,0,,,1,,,Auckland Region,Nil,2-way,Sealed,,0,0,,50,,Off,0,0,,76,Auckland,Give way,,,,,0,0,Urban,0,,,Fine,Null
1771834.8291,5897930.1635,904532,,523912,0,,0,1,,East,2024/2025,WALTERS ROAD,RAIL XING,,Non-Injury Crash,No,2024,,West,,0,,Flat,,,,,,Bright sun,766301,0,0,0,2,,,0,,,,,,Auckland Region,Nil,2-way,Sealed,,0,0,,50,,Null,0,0,,76,Auckland,Nil,,,,,0,0,Urban,1,,,Fine,Null
1755043.5953,5913827.6278,904534,,518803,0,,0,2,,North,2025/2026,DOMINION ROAD,DENBIGH AVENUE,,Minor Crash,No,2025,,North,,0,,Flat,,,,,,Bright sun,581200,1,0,0,2,,,0,,,,,,Auckland Region,Nil,2-way,Sealed,,0,0,,50,,Off,0,0,,76,Auckland,Nil,,,,,0,0,Urban,0,,,Fine,Null
1773042.1574,5896882.9673,904535,,525630,0,,0,1,,North,2024/2025,INGRAM STREET,RENWICK STREET,,Non-Injury Crash,No,2024,,North,,0,,Null,,,,,,Overcast,794200,0,0,0,2,,,0,,,,,,Auckland Region,Nil,2-way,Sealed,,0,0,,50,,Null,0,0,,76,Auckland,Nil,,,,,0,0,Urban,1,,,Fine,Null
1755356.0715,5931839.9258,904536,,508520,0,,0,2,,Null,2024/2025,EAST COAST ROAD,SUNSET ROAD,,Non-Injury Crash,No,2025,,North,,0,,Flat,,,,,,Overcast,151603,0,0,0,2,,,0,,,,,,Auckland Region,Nil,2-way,Sealed,,0,0,,50,,Off,0,0,,76,Auckland,Give way,,,,,0,0,Urban,0,,,Light rain,Null
1769352.0565,5907450.6269,904538,,523712,0,0,0,1,0,Null,2025/2026,ORMISTON ROAD,TE IRIRANGI DRIVE,,Non-Injury Crash,No,2026,0,East,0,0,1,Flat,0,,1,,0,Overcast,712803,0,0,0,4,0,0,0,0,0,,0,0,Auckland Region,Nil,2-way,Sealed,0,0,0,0,60,0,Off,0,0,,76,Auckland,Give way,0,0,0,0,0,0,Urban,1,0,0,Fine,Null
1768802.6676,5910531.3948,904543,,523112,0,,0,2,,Null,2025/2026,HARRIS ROAD,NEALES ROAD,,Minor Crash,No,2025,,North,,0,,Flat,,,,,,Bright sun,711500,1,0,0,4,,,0,,,,,,Auckland Region,Nil,2-way,Sealed,,0,0,,60,,Off,0,0,30,76,Auckland,Give way,,,,,0,0,Urban,0,,,Fine,Null
1763048.6423,5915519.9917,904544,,520302,0,0,0,3,0,West,2023/2024,MARUA ROAD,STANHOPE ROAD,,Non-Injury Crash,No,2024,0,West,0,0,0,Flat,0,,0,,0,Bright sun,625400,0,0,0,2,0,0,0,0,1,,0,0,Auckland Region,Nil,2-way,Sealed,0,0,0,0,50,0,None,0,0,,76,Auckland,Nil,0,0,0,0,0,0,Urban,0,0,0,Fine,Null
1783443.5904,5915549.1366,904546,,523300,0,0,0,1,0,East,2023/2024,MARAETAI COAST ROAD,MARAETAI DRIVE,,Non-Injury Crash,No,2024,0,North,0,0,0,Flat,0,,0,,0,Dark,720200,0,0,0,2,0,0,0,0,0,,0,0,Auckland Region,Nil,2-way,Sealed,0,0,0,0,50,0,None,0,0,,76,Auckland,Nil,0,0,0,1,0,0,Urban,0,0,0,Fine,Null
1744674.2512,5918013.8789,904552,,510700,0,,0,2,,North,2023/2024,SWANSON ROAD,STURGES ROAD,,Non-Injury Crash,No,2024,,South,,0,,Flat,,Queens Birthday,,,,Dark,239200,0,0,0,2,,,0,,,,,,Auckland Region,Nil,2-way,Sealed,,0,0,,50,,On,0,0,,76,Auckland,Nil,,,,,0,0,Urban,0,,,Fine,Null
1756703.6067,5937027.3188,904555,,506903,0,0,0,1,0,West,2023/2024,WAIAKE STREET,ROCK ISLE ROAD,,Non-Injury Crash,No,2024,0,North,0,0,0,Flat,0,,0,,0,Dark,170500,0,0,0,2,0,0,0,0,1,,0,0,Auckland Region,Nil,2-way,Sealed,0,0,0,0,50,0,On,1,0,,76,Auckland,Nil,0,0,0,0,0,0,Urban,0,0,0,Fine,Null
1757635.2455,5913557.4897,904561,,518702,0,,0,1,,Null,2025/2026,PAH ROAD,MOUNT ALBERT ROAD,,Non-Injury Crash,No,2025,,North,,0,,Null,,Christmas New Year,,,,Bright sun,567900,0,0,0,2,,,0,,,,,,Auckland Region,Nil,2-way,Sealed,,0,0,,50,,Null,0,0,,76,Auckland,Traffic Signals,,,,,0,0,Urban,1,,,Fine,Null
1751353.2081,5912898.7438,904565,,514600,0,0,0,2,0,North,2025/2026,TAYLOR STREET,BOLTON STREET,,Non-Injury Crash,No,2025,0,North,0,0,0,Flat,0,,0,,0,Dark,371300,0,0,0,2,0,0,0,0,1,,0,0,Auckland Region,Nil,2-way,Sealed,0,0,0,0,50,0,On,0,0,,76,Auckland,Nil,0,0,0,0,0,0,Urban,0,0,0,Fine,Null
1758409.0793,5903271.0805,904569,,524200,0,,0,1,,Null,2024/2025,OFF ROAD/UNMARKED ROAD RAY EMERY DRIVE - AUCKLAND AIRPORT,,,Minor Crash,No,2025,,West,,0,,Flat,,,,,,Bright sun,727200,1,0,0,2,,,0,,,,,,Auckland Region,Nil,Off road,Sealed,,0,0,,30,,Off,0,1,,76,Auckland,Nil,,,,,0,0,Urban,1,,,Fine,Null
1744810.4425,5921360.6277,904574,,513530,0,,0,0,,North,2024/2025,NORTH-WESTERN MOTORWAY,HURUHURU OBR,,Non-Injury Crash,Yes,2024,,North,,0,,Flat,,,,,,Bright sun,226200,0,0,0,2,,,0,,,,,,Auckland Region,Motorway ramp,1-way,Sealed,,0,0,,100,,Off,1,0,,76,Auckland,Nil,,,,,0,0,Open,1,,,Fine,Null
1747576.1898,5914635.312,904575,,511100,0,,0,1,,South,2024/2025,GREAT NORTH ROAD,GLENVIEW ROAD,,Minor Crash,No,2025,,North,,0,,Hill Road,,,,,,Overcast,285202,1,0,0,4,,,0,,,1,,,Auckland Region,Nil,2-way,Sealed,,0,0,,50,,Off,0,0,,76,Auckland,Nil,,,,,0,0,Urban,0,,,Light rain,Null
1757722.0129,5918253.5637,904578,,518101,0,,0,1,,West,2024/2025,SOUTHERN MOTORWAY,MOUNTAIN OBR,,Non-Injury Crash,Yes,2024,,North,,0,,Flat,,,,,,Overcast,543000,0,0,0,5,,,0,,,,,,Auckland Region,Nil,1-way,Sealed,,0,0,,80,,Off,0,0,,76,Auckland,Nil,,,,,0,0,Open,1,,,Light rain,Null
1761684.7603,5915821.4052,904579,,516003,0,,0,1,,North,2024/2025,MARUA ROAD,LADIES MILE,,Non-Injury Crash,No,2024,,West,,0,,Flat,,,,,,Twilight,494806,0,0,0,2,,,0,,,,,,Auckland Region,Nil,2-way,Sealed,,0,0,,50,,Off,0,0,,76,Auckland,Nil,,,,,0,0,Urban,0,,,Fine,Null
1769191.0325,5905167.3369,904585,,523712,0,,1,1,,Null,2024/2025,MATTHEWS ROAD,ASPIRING AVENUE,,Non-Injury Crash,No,2024,,South,,0,,Flat,,,,,,Overcast,716206,0,0,0,2,,,0,,,,,,Auckland Region,Nil,2-way,Sealed,,1,0,,50,,Off,0,0,,76,Auckland,Give way,,,,,0,0,Urban,0,,,Heavy rain,Strong wind
1747138.6466,5919692.939,904588,,512402,0,,0,1,,West,2024/2025,TE ATATU ROAD ON RAMP,TE ATATU ROAD,,Non-Injury Crash,No,2025,,West,,0,,Hill Road,,,,,,Overcast,253600,0,0,0,2,,,0,,,,,,Auckland Region,Motorway ramp,1-way,Sealed,,0,0,,100,,Off,1,0,,76,Auckland,Traffic Signals,,,,,0,0,Open,0,,,Fine,Null
1763933.5786,5907294.046,904593,,522201,0,0,0,2,0,North,2024/2025,HOSPITAL ROAD,MIDDLEMORE CRESCENT,,Non-Injury Crash,No,2024,0,South,0,0,0,Flat,0,,0,,1,Bright sun,660700,0,0,0,2,0,0,0,0,0,,0,0,Auckland Region,Nil,2-way,Sealed,0,0,0,0,50,0,Off,0,0,,76,Auckland,Nil,0,0,0,0,0,0,Urban,0,0,0,Fine,Null
1762927.7034,5907765.2761,904598,,524530,0,0,0,2,0,West,2024/2025,TENNESSEE AVENUE,MASSEY ROAD,,Non-Injury Crash,No,2024,0,West,0,0,0,Flat,0,,0,,0,Dark,732902,0,0,0,2,0,0,0,0,1,,0,0,Auckland Region,Nil,2-way,Sealed,0,0,0,0,30,0,On,1,0,,76,Auckland,Nil,0,0,0,0,0,0,Urban,0,0,0,Fine,Null
1760462.2673,5908914.0948,904600,,524403,0,0,0,2,0,Null,2025/2026,ROBERTSON ROAD,FAVONA ROAD,,Non-Injury Crash,No,2025,0,North,0,0,0,Flat,0,,0,,0,Overcast,729901,0,0,0,3,0,0,0,0,0,,0,0,Auckland Region,Nil,2-way,Sealed,0,0,0,0,50,0,Off,0,0,,76,Auckland,Traffic Signals,0,1,0,0,0,0,Urban,0,0,0,Fine,Null
1757122.5025,5919156.0807,904604,,514301,0,,0,1,,North,2024/2025,SOUTHERN MOTORWAY,SYMONDS STREET ON RAMP,,Non-Injury Crash,Yes,2024,,South,,0,,Flat,,Christmas New Year,,,,Dark,441200,0,0,0,3,,,0,,,,,,Auckland Region,Nil,1-way,Sealed,,0,0,,80,,On,0,0,,76,Auckland,Nil,,,,,0,0,Open,0,,,Null,Strong wind
1769691.4819,5899575.9249,904608,,523920,0,,0,2,,South,2025/2026,GREAT SOUTH ROAD,TE NAPI DRIVE,,Minor Crash,No,2025,,South,,0,,Flat,,,,,,Dark,767922,1,0,0,4,,,0,,,,,,Auckland Region,Nil,2-way,Sealed,,0,0,,70,,On,0,0,,76,Auckland,Nil,,,,,0,0,Urban,0,,,Fine,Null
1758770.2387,5919766.667,904610,,515902,0,0,0,1,0,Null,2024/2025,SCARBOROUGH TERRACE,DENBY STREET,,Non-Injury Crash,No,2025,0,East,0,0,0,Hill Road,0,,1,,0,Dark,454300,0,0,0,2,0,0,0,0,0,,0,0,Auckland Region,Nil,2-way,Sealed,0,0,0,0,50,0,On,0,0,,76,Auckland,Nil,0,0,0,0,0,0,Urban,0,0,0,Fine,Null