X,Y,OBJECTID,advisorySpeed,areaUnitID,bicycle,bridge,bus,carStationWagon,cliffBank,crashDirectionDescription,crashFinancialYear,crashLocation1,crashLocation2,crashRoadSideRoad,crashSeverity,crashSHDescription,crashYear,debris,directionRoleDescription,ditch,fatalCount,fence,flatHill,guardRail,holiday,houseOrBuilding,intersection,kerb,light,meshblockId,minorInjuryCount,moped,motorcycle,NumberOfLanes,objectThrownOrDropped,otherObject,otherVehicleType,overBank,parkedVehicle,pedestrian,phoneBoxEtc,postOrPole,region,roadCharacter,roadLane,roadSurface,roadworks,schoolBus,seriousInjuryCount,slipOrFlood,speedLimit,strayAnimal,streetLight,suv,taxi,temporarySpeedLimit,tlaId,tlaName,trafficControl,trafficIsland,trafficSign,train,tree,truck,unknownVehicleType,urban,vanOrUtility,vehicle,waterRiver,weatherA,weatherB
1742011.7356,5919075.8911,904612,,513101,0,0,0,1,0,West,2025/2026,SWANSON ROAD,AIRDRIE ROAD,,Non-Injury Crash,No,2025,0,East,0,0,0,Flat,0,,0,,0,Bright sun,238200,0,0,0,2,0,0,0,0,1,,0,0,Auckland Region,Nil,2-way,Sealed,0,0,0,0,50,0,Null,0,0,,76,Auckland,Nil,0,0,0,0,0,0,Urban,0,0,0,Fine,Null
1761448.0592,5906763.6871,904613,,524112,0,,0,2,,West,2024/2025,SOUTH-WESTERN MOTORWAY,MASSEY ROAD OFF RAMP,,Non-Injury Crash,Yes,2024,,East,,0,,Flat,,,,,,Bright sun,742300,0,0,0,2,,,0,,,,,,Auckland Region,Motorway ramp,1-way,Sealed,,0,0,,100,,Off,0,0,,76,Auckland,Nil,,,,,0,0,Open,0,,,Fine,Null
1765046.9999,5910326.9961,904614,,521801,0,,0,0,,North,2025/2026,SOUTHERN MOTORWAY,PRINCES OBR,,Non-Injury Crash,Yes,2025,,North,,0,,Null,,,,,,Overcast,787700,0,0,0,3,,,0,,,,,,Auckland Region,Nil,1-way,Sealed,,0,0,,100,,Null,0,0,,76,Auckland,Nil,,,,,0,1,Open,0,,,Fine,Null
1756415.2254,5918999.4377,904623,,514200,0,0,0,2,0,North,2024/2025,NORTH-WESTERN MOTORWAY,NEWTON OBR,,Non-Injury Crash,Yes,2025,0,West,0,0,0,Flat,1,,0,,0,Dark,412800,0,0,0,2,0,0,0,0,0,,0,0,Auckland Region,Nil,1-way,Sealed,0,0,0,0,80,0,On,0,0,,76,Auckland,Nil,0,0,0,0,0,0,Open,0,0,0,Light rain,Strong wind
1754450.9379,5934349.4802,904626,,507102,0,0,0,0,0,West,2024/2025,OAKTREE AVENUE,WEETMAN DRIVE,,Non-Injury Crash,No,2025,0,West,0,0,0,Hill Road,0,,0,,0,Bright sun,159004,0,0,0,2,0,0,0,0,0,,0,0,Auckland Region,Nil,2-way,Sealed,0,0,0,0,50,0,Off,0,0,,76,Auckland,Nil,0,0,0,1,0,0,Urban,1,0,0,Fine,Null
1751568.0815,5915136.3797,904628,,514401,0,,0,1,,South,2024/2025,BLOCKHOUSE BAY ROAD,ST JUDE STREET,,Non-Injury Crash,No,2025,,North,,0,,Null,,,,,,Overcast,380001,0,0,0,2,,,0,,,,,,Auckland Region,Nil,2-way,Sealed,,0,0,,50,,Null,0,0,,76,Auckland,Nil,,,,,0,1,Urban,0,,,Light rain,Null
1769902.5693,5900147.9549,904631,,523817,0,,0,1,,North,2023/2024,SOUTHERN MOTORWAY,PAPAKURA STM BR,,Non-Injury Crash,Yes,2024,,South,,0,,Flat,,,,,,Bright sun,759738,0,0,0,3,,,0,,,,,,Auckland Region,Nil,1-way,Sealed,,0,0,,100,,Off,2,0,,76,Auckland,Nil,,,,,0,0,Open,0,,,Fine,Null
1759452.2818,5903191.5268,904643,,524200,0,0,0,1,0,Null,2025/2026,OFFROAD CARPARK AIRPORT,,,Minor Crash,No,2025,0,North,0,0,0,Flat,0,,0,,0,Dark,727200,1,0,0,0,0,0,0,0,1,,0,0,Auckland Region,Nil,Off road,Sealed,0,0,0,0,20,0,On,1,0,,76,Auckland,Nil,0,0,0,0,0,0,Urban,0,0,0,Heavy rain,Null
1769434.7594,5907179.0291,904645,,523712,0,0,0,2,0,West,2025/2026,ERONI CLARKE CLOSE,MARK CARTER PLACE,,Minor Crash,No,2025,0,West,0,0,0,Flat,0,,0,,0,Bright sun,712804,1,0,0,2,0,0,0,0,1,,0,0,Auckland Region,Nil,2-way,Sealed,0,0,0,0,50,0,Off,0,0,,76,Auckland,Nil,0,0,0,0,0,0,Urban,0,0,0,Fine,Null
1770405.5001,5902134.6277,904650,,523814,0,,0,1,,Null,2024/2025,HILL ROAD,STRATFORD ROAD,,Non-Injury Crash,No,2024,,East,,0,,Null,,,,,,Bright sun,759504,0,0,0,2,,,0,,,,,,Auckland Region,Nil,2-way,Sealed,,0,0,,50,,Null,1,0,,76,Auckland,Give way,,,,,0,0,Urban,0,,,Fine,Null
1768258.1266,5908196.5016,904652,,523711,0,0,0,1,0,South,2024/2025,EAST TAMAKI ROAD,BIRMINGHAM ROAD,,Non-Injury Crash,No,2025,0,North,0,0,0,Flat,0,,0,,1,Bright sun,712303,0,0,0,4,0,0,0,0,0,,0,0,Auckland Region,Nil,2-way,Sealed,0,0,0,0,50,0,Off,0,0,,76,Auckland,Nil,0,0,0,0,0,0,Urban,0,0,0,Fine,Null
1750434.0055,5928418.5365,904653,,509100,0,,0,2,,West,2025/2026,UPPER HARBOUR DRIVE,SHELTER DRIVE,,Non-Injury Crash,No,2025,,West,,0,,Flat,,,,,,Bright sun,181400,0,0,0,2,,,0,,,,,,Auckland Region,Nil,2-way,Sealed,,0,0,,60,,Off,0,0,,76,Auckland,Nil,,,,,0,0,Urban,0,,,Fine,Null
1756392.5145,5919816.905,904655,,514000,0,0,0,2,0,North,2024/2025,HOWE STREET,BERESFORD STREET CENTRAL,,Non-Injury Crash,No,2025,0,South,0,0,0,Flat,0,Queens Birthday,0,,0,Overcast,413500,0,0,0,2,0,0,0,0,1,,0,0,Auckland Region,Nil,2-way,Sealed,0,0,0,0,30,0,Null,0,0,,76,Auckland,Nil,0,0,0,0,0,0,Urban,0,0,0,Fine,Null
1766039.3853,5906969.604,904658,,522301,0,,0,2,,Null,2023/2024,HOTEO AVENUE,WINTERE ROAD,,Minor Crash,No,2023,,West,,0,,Flat,,,,,,Overcast,667601,1,0,0,2,,,0,,,,,,Auckland Region,Nil,2-way,Sealed,,0,0,,50,,Off,0,0,,76,Auckland,Stop,,,,,0,0,Urban,0,,,Fine,None
1753758.41,5915600.6533,904660,,517800,0,0,0,2,0,Null,2024/2025,MOUNT ALBERT ROAD,HIGHLAND ROAD,,Non-Injury Crash,No,2024,0,East,0,0,0,Flat,0,,0,,0,Dark,528700,0,0,0,2,0,0,0,0,2,,0,0,Auckland Region,Nil,2-way,Sealed,0,0,0,0,50,0,On,0,0,,76,Auckland,Give way,0,0,0,0,0,0,Urban,1,0,0,Fine,Null
1764070.4174,5904307.3149,904663,,522100,0,,0,2,,Null,2025/2026,PUHINUI ROAD-SH 20B OFF RAMP,PUHINUI ROAD,,Non-Injury Crash,Yes,2025,,South,,0,,Flat,,,,,,Overcast,781001,0,0,0,3,,,0,,,,,,Auckland Region,Motorway ramp,1-way,Sealed,,0,0,,50,,Off,0,0,,76,Auckland,Traffic Signals,,,,,0,0,Urban,0,,,Fine,Null
1736713.9444,5982906.1461,904669,,505300,0,0,0,2,0,South,2025/2026,RODNEY STREET,TOMAS STREET,,Non-Injury Crash,Yes,2026,0,South,0,0,0,Hill Road,0,,0,,0,Dark,142600,0,0,0,2,0,0,0,0,1,,0,0,Auckland Region,Nil,2-way,Sealed,0,0,0,0,50,0,On,0,0,,76,Auckland,Nil,0,0,0,0,0,0,Urban,0,0,0,Fine,Null
1769183.4213,5901572.6018,904670,,524901,0,,0,1,,Null,2024/2025,HILL ROAD,CLAUDE ROAD,,Non-Injury Crash,No,2024,,West,,0,,Flat,,,,,,Overcast,756000,0,0,0,3,,,0,,,,,,Auckland Region,Nil,2-way,Sealed,,0,0,,50,,Off,0,0,,76,Auckland,Traffic Signals,,,,,0,0,Urban,1,,,Light rain,Null
1747583.8671,5940291.4549,904679,,506300,0,,0,0,,North,2022/2023,DAIRY STREAM ROAD,BAWDEN ROAD,,Minor Crash,No,2023,,South,,0,,Hill Road,,,,,,Bright sun,175904,1,0,1,2,,,0,,,,,,Auckland Region,Nil,2-way,Sealed,,0,0,,60,,None,0,0,,76,Auckland,Nil,,,,,0,0,Urban,1,,,Fine,Null
1765581.7929,5906948.7634,904683,,522301,0,0,0,2,0,South,2024/2025,GREAT SOUTH ROAD,EAST TAMAKI ROAD,,Minor Crash,No,2024,0,South,0,0,0,Flat,0,,0,,0,Bright sun,666800,1,0,0,4,0,0,0,0,1,,0,0,Auckland Region,Nil,2-way,Sealed,0,0,0,0,50,0,Off,0,0,,76,Auckland,Nil,0,0,0,0,0,0,Urban,0,0,0,Fine,None
1764053.2814,5912446.4209,904686,,520500,0,0,0,2,0,North,2024/2025,SOUTHERN MOTORWAY,SYLVIA PARK RAIL OBR,,Non-Injury Crash,Yes,2024,0,North,0,0,0,Flat,1,,0,,0,Bright sun,639500,0,0,0,2,0,0,0,0,0,,0,0,Auckland Region,Nil,1-way,Sealed,0,0,0,0,100,0,Off,0,0,,76,Auckland,Nil,0,0,0,0,0,0,Open,0,0,0,Fine,Null
1753389.7986,5916170.5473,904689,,517903,1,,0,1,,South,2024/2025,MOUNT ALBERT ROAD,ALBERTON AVENUE,,Non-Injury Crash,No,2024,,South,,0,,Hill Road,,,,,,Bright sun,522600,0,0,0,2,,,0,,,,,,Auckland Region,Nil,2-way,Sealed,,0,0,,50,,Null,0,0,,76,Auckland,Nil,,,,,0,0,Urban,0,,,Fine,None
1748483.0038,5911273.2838,904690,,511902,0,0,0,1,1,West,2024/2025,GODLEY ROAD,CASTLEFORD STREET,,Non-Injury Crash,No,2024,0,East,0,0,0,Hill Road,0,,0,,0,Bright sun,293301,0,0,0,2,0,0,0,0,0,,0,0,Auckland Region,Nil,2-way,Sealed,0,0,0,0,50,0,Off,0,0,,76,Auckland,Nil,0,0,0,1,0,0,Urban,0,0,0,Fine,Null
1759666.1787,5906319.8915,904699,,524200,0,,0,1,,East,2025/2026,KIRKBRIDE ROAD,JORDAN ROAD,,Non-Injury Crash,No,2025,,West,,0,,Null,,,,,,Bright sun,727901,0,0,0,2,,,0,,,,,,Auckland Region,Nil,2-way,Sealed,,0,0,,50,,Null,0,0,,76,Auckland,Nil,,,,,0,1,Urban,0,,,Fine,Null
1775596.4838,5893665.3436,904701,55,521301,0,0,0,1,1,East,2024/2025,PONGA ROAD,JACK PATERSON ROAD,,Non-Injury Crash,No,2025,0,East,1,0,0,Hill Road,0,,0,,0,Dark,808403,0,0,0,2,0,0,0,0,0,,0,0,Auckland Region,Nil,2-way,Sealed,0,0,0,0,60,0,None,0,0,,76,Auckland,Nil,0,0,0,0,0,0,Urban,0,0,0,Light rain,Null
1744771.1164,5917941.6562,904704,,510700,0,,0,2,,Null,2024/2025,SWANSON ROAD,STURGES ROAD,,Non-Injury Crash,No,2024,,West,,0,,Flat,,,,,,Bright sun,239200,0,0,0,2,,,0,,,,,,Auckland Region,Nil,2-way,Sealed,,0,0,,50,,Off,0,0,,76,Auckland,Traffic Signals,,,,,0,0,Urban,0,,,Fine,Null
1756982.0276,5912987.7299,904709,,518702,0,0,0,1,0,East,2025/2026,HERD ROAD,ARAMUTU ROAD,,Non-Injury Crash,No,2025,0,East,0,0,0,Flat,0,,0,,0,Dark,569900,0,0,0,2,0,0,0,0,1,,0,0,Auckland Region,Nil,2-way,Sealed,0,0,0,0,50,0,On,0,0,,76,Auckland,Nil,0,0,0,0,0,0,Urban,1,0,0,Fine,Null
1761481.3429,5912446.0071,904710,,519500,0,,0,2,,West,2024/2025,NEILSON STREET,BEASLEY AVENUE,,Non-Injury Crash,No,2024,,East,,0,,Flat,,,,,,Bright sun,621700,0,0,0,4,,,0,,,,,,Auckland Region,Nil,2-way,Sealed,,0,0,,50,,Off,0,0,30,76,Auckland,Nil,,,,,0,0,Urban,0,,,Fine,Null
1773284.9563,5900767.1711,904714,,523813,0,0,0,2,0,East,2024/2025,PHILLIP ROAD,MILL ROAD,,Non-Injury Crash,No,2024,0,West,0,0,2,Flat,0,,0,,0,Overcast,761000,0,0,0,2,0,0,0,0,0,,0,0,Auckland Region,Nil,2-way,Sealed,0,0,0,0,60,0,None,0,0,,76,Auckland,Nil,0,0,0,0,0,0,Urban,0,0,0,Fine,Null
1759677.3141,5924236.3732,904718,,509300,0,0,0,1,0,Null,2024/2025,REGENT STREET,KAWERAU AVENUE,,Serious Crash,No,2025,0,South,0,0,0,Hill Road,0,,0,,0,Dark,339800,1,0,0,2,0,0,0,0,0,,0,0,Auckland Region,Nil,2-way,Sealed,0,0,1,0,50,0,On,1,0,,76,Auckland,Stop,0,0,0,1,0,0,Urban,0,0,0,Fine,Null
1757191.5106,5926982.9743,904719,,507900,0,0,0,1,0,North,2024/2025,TAHAROTO ROAD,KILLARNEY STREET,,Non-Injury Crash,No,2024,0,North,0,0,0,Flat,0,,0,,0,Bright sun,305000,0,0,0,4,0,0,0,0,0,,0,0,Auckland Region,Nil,2-way,Sealed,0,0,0,0,50,0,Off,0,0,,76,Auckland,Nil,0,1,0,0,0,0,Urban,0,0,0,Fine,Null
1752029.4777,5925450.433,904721,,510220,0,0,0,2,0,South,2024/2025,BIRKDALE ROAD,GATMAN STREET,,Non-Injury Crash,No,2024,0,South,0,0,0,Flat,0,Labour Weekend,0,,0,Dark,349904,0,0,0,2,0,0,0,0,1,,0,0,Auckland Region,Nil,2-way,Sealed,0,0,0,0,50,0,On,0,0,,76,Auckland,Nil,0,0,0,0,0,0,Urban,1,0,0,Fine,Null
1746407.0511,5916856.7709,904722,,510700,0,,0,2,,Null,2024/2025,NORCROSS AVENUE,HUMPHREY KEMP AVENUE,,Minor Crash,No,2025,,South,,0,,Flat,,,,,,Dark,240900,1,0,0,2,,,0,,,,,,Auckland Region,Nil,2-way,Sealed,,0,0,,50,,On,0,0,,76,Auckland,Nil,,,,,0,0,Urban,0,,,Fine,Null
1756272.2489,5944260.7966,904725,,505908,0,,0,2,,Null,2025/2026,STANMORE BAY ROAD,POLKINGHORNE DRIVE,,Non-Injury Crash,No,2025,,South,,0,,Hill Road,,,,,,Bright sun,173706,0,0,0,2,,,0,,,,,,Auckland Region,Nil,2-way,Sealed,,0,0,,50,,Off,0,0,,76,Auckland,Stop,,,,,0,0,Urban,0,,,Fine,Null
1766813.2429,5892352.321,904727,,521122,0,0,0,1,0,Null,2024/2025,LINWOOD ROAD,BLACKBRIDGE ROAD,,Non-Injury Crash,No,2025,0,East,0,0,0,Flat,0,,0,,0,Bright sun,810200,0,0,0,2,0,0,0,0,0,,0,0,Auckland Region,Nil,2-way,Sealed,0,0,0,0,50,0,Null,0,0,,76,Auckland,Give way,1,1,0,0,0,0,Urban,0,0,0,Fine,Null
1780453.5012,5902952.4892,904729,65,525201,0,0,0,1,0,South,2024/2025,PAPAKURA-CLEVEDON ROAD,WEST ROAD,,Non-Injury Crash,No,2025,0,North,0,0,0,Flat,0,Easter,0,,0,Overcast,763201,0,0,0,2,0,0,0,0,0,,0,1,Auckland Region,Nil,2-way,Sealed,0,0,0,0,80,0,None,0,0,,76,Auckland,Nil,0,0,0,0,0,0,Open,0,0,0,Fine,Null
1770145.4442,5909061.6306,904733,,523115,1,,0,1,,Null,2025/2026,CHAPEL ROAD,GRACECHURCH DRIVE,,Non-Injury Crash,No,2025,,South,,0,,Flat,,,,,,Bright sun,712106,0,0,0,2,,,0,,,,,,Auckland Region,Nil,2-way,Sealed,,0,0,,50,,Off,0,0,,76,Auckland,Give way,,,,,0,0,Urban,0,,,Null,Null
1771536.2166,5895000.6642,904735,,521201,0,,0,1,,South,2025/2026,SOUTHERN MOTORWAY,BEACH OBR,,Minor Crash,Yes,2025,,South,,0,,Flat,,,,,,Bright sun,806700,1,0,0,3,,,0,,,,,,Auckland Region,Nil,1-way,Sealed,,0,0,,100,,Off,1,0,,76,Auckland,Nil,,,,,0,0,Open,1,,,Fine,Null
1764468.0219,5910471.8711,904737,,521801,0,0,0,0,0,Null,2025/2026,HUTTON STREET,LUKE STREET,,Non-Injury Crash,No,2025,0,North,0,0,0,Flat,0,,1,,0,Overcast,787000,0,0,0,2,0,0,0,0,1,,0,0,Auckland Region,Nil,2-way,Sealed,0,0,0,0,50,0,Off,0,0,,76,Auckland,Stop,0,0,0,0,0,0,Urban,2,0,0,Fine,Null
1769627.8382,5883579.0707,904738,55,521111,0,0,0,1,0,North,2024/2025,CAPE HILL ROAD,NORTHVALE PLACE,,Minor Crash,No,2024,0,North,0,0,1,Hill Road,0,,0,,0,Bright sun,826700,1,0,0,2,0,0,0,0,0,,0,0,Auckland Region,Nil,2-way,Sealed,0,0,0,0,60,0,Off,0,0,50,76,Auckland,Nil,0,0,0,0,0,0,Urban,0,0,0,Fine,Null
1753997.6686,5918292.2632,904742,,515431,0,,0,1,,East,2024/2025,NORTH-WESTERN MOTORWAY,ST LUKES ROAD OFF RAMP,,Non-Injury Crash,Yes,2024,,East,,0,,Flat,,,,,,Overcast,406300,0,0,0,4,,,0,,,,,,Auckland Region,Nil,1-way,Sealed,,0,0,,100,,Off,0,0,,76,Auckland,Nil,,,,,0,0,Open,1,,,Fine,Null
1771389.1622,5916357.6215,904744,,522603,0,0,0,2,0,West,2024/2025,CHARLES DICKENS DRIVE,PICKWICK PARADE,,Non-Injury Crash,No,2024,0,East,0,0,0,Hill Road,0,,0,,0,Dark,678400,0,0,0,2,0,0,0,0,0,,0,0,Auckland Region,Nil,2-way,Sealed,0,0,0,0,50,0,On,0,0,,76,Auckland,Nil,0,0,0,0,0,0,Urban,0,1,0,Light rain,Null
1755817.4556,5931991.4948,904746,,507400,1,,0,1,,North,2024/2025,GALAXY DRIVE,MATIPO ROAD,,Non-Injury Crash,No,2024,,East,,0,,Flat,,,,,,Bright sun,151500,0,0,0,2,,,0,,,,,,Auckland Region,Nil,2-way,Sealed,,0,0,,50,,Off,0,0,,76,Auckland,Nil,,,,,0,0,Urban,0,,,Fine,Null
1768425.8179,5908881.0922,904747,,523502,0,,0,2,,North,2025/2026,SPRINGS ROAD,PEARL BAKER DRIVE,,Minor Crash,No,2025,,South,,0,,Flat,,,,,,Bright sun,702000,1,0,0,4,,,0,,,,,,Auckland Region,Nil,2-way,Sealed,,0,0,,50,,Off,0,0,,76,Auckland,Nil,,,,,0,0,Urban,0,,,Fine,Null
1744521.5478,5914872.1071,904752,,513013,0,,0,1,,North,2024/2025,BRUCE MCLAREN ROAD,APPLEWOOD DRIVE,,Serious Crash,No,2024,,South,,0,,Flat,,,,,,Bright sun,281509,0,0,0,2,,,0,,,1,,,Auckland Region,Nil,2-way,Sealed,,0,1,,50,,Off,0,0,,76,Auckland,Nil,,,,,0,0,Urban,0,,,Fine,Null
1761955.715,5913432.5782,904760,,520202,0,,0,1,,Null,2023/2024,GREAT SOUTH ROAD,PENROSE ROAD,,Non-Injury Crash,No,2024,,East,,0,,Flat,,,,,,Unknown,612400,0,0,0,4,,,0,,,,,,Auckland Region,Nil,2-way,Sealed,,0,0,,50,,Off,0,0,,76,Auckland,Traffic Signals,,,,,0,0,Urban,1,,,Fine,None
1758871.6895,5912321.5309,904768,,519820,0,0,0,3,0,North,2024/2025,WAIAPU LANE,WAIAPU LANE,,Minor Crash,No,2025,0,West,0,0,0,Flat,0,,0,,0,Bright sun,600800,1,0,0,2,0,0,0,0,2,,0,0,Auckland Region,Nil,2-way,Sealed,0,0,0,0,50,0,Off,0,0,,76,Auckland,Nil,0,0,0,0,0,0,Urban,0,0,0,Fine,Null
1754320.0865,5916764.2779,904770,,517600,0,,0,0,,Null,2022/2023,ST LUKES ROAD,MORNINGSIDE DRIVE,,Non-Injury Crash,No,2023,,South,,0,,Flat,,Queens Birthday,,,,Overcast,535300,0,0,0,2,,,0,,,,,,Auckland Region,Nil,2-way,Sealed,,0,0,,50,,Off,1,0,,76,Auckland,Traffic Signals,,,,,0,1,Urban,0,,,Light rain,None
1753421.2911,5929791.7669,904772,,508420,0,,0,1,,Null,2024/2025,SUNSET ROAD,GLENFIELD ROAD,,Minor Crash,No,2025,,South,,0,,Flat,,,,,,Bright sun,182903,1,0,0,1,,,0,,,,,,Auckland Region,Nil,1-way,Sealed,,0,0,,50,,Off,0,0,,76,Auckland,Give way,,,,,0,0,Urban,1,,,Fine,Null
1767935.0842,5901151.5865,904776,,525001,0,,0,1,,Null,2024/2025,JUTLAND ROAD,GLOUCESTER ROAD,,Minor Crash,No,2024,,North,,0,,Flat,,,,,,Bright sun,751800,1,0,1,2,,,0,,,,,,Auckland Region,Nil,2-way,Sealed,,0,0,,50,,Off,0,0,40,76,Auckland,Give way,,,,,0,0,Urban,0,,,Fine,Null
1762114.4725,5906217.3536,904777,,524200,0,,0,1,,South,2024/2025,SOUTH-WESTERN MOTORWAY,MASSEY ROAD OFF RAMP,,Non-Injury Crash,Yes,2024,,North,,0,,Flat,,,,,,Bright sun,728900,0,0,0,2,,,0,,,,,,Auckland Region,Nil,1-way,Sealed,,0,0,,100,,Off,1,0,,76,Auckland,Nil,,,,,0,0,Open,0,,,Fine,Null
1756197.516,5920902.289,904778,,515202,0,,0,4,,North,2024/2025,NORTHERN MOTORWAY,FANSHAWE OBR,,Minor Crash,Yes,2024,,North,,0,,Flat,,,,,,Bright sun,426101,1,0,0,3,,,0,,,,,,Auckland Region,Tunnel,1-way,Sealed,,0,0,,80,,Off,0,0,,76,Auckland,Nil,,,,,0,0,Open,0,,,Fine,Null
1761810.0841,5912479.8456,904780,,519500,0,,0,1,,West,2024/2025,CHURCH STREET,HUGO JOHNSTON DRIVE,,Non-Injury Crash,No,2024,,East,,0,,Flat,,,,,,Twilight,622400,0,0,1,4,,,0,,,,,,Auckland Region,Nil,2-way,Sealed,,0,0,,50,,On,0,0,,76,Auckland,Nil,,,,,0,0,Urban,0,,,Light rain,Null
1744553.6598,5919829.8124,904783,,513301,0,,0,2,,Null,2024/2025,UNIVERSAL DRIVE,RIVERPARK CRESCENT,,Minor Crash,No,2025,,East,,0,,Flat,,,,,,Bright sun,233700,2,0,0,3,,,0,,,,,,Auckland Region,Nil,2-way,Sealed,,0,0,,50,,Off,0,0,,76,Auckland,Give way,,,,,0,0,Urban,0,,,Fine,Null
1761382.3805,5920141.3514,904784,45,516400,0,,0,2,,East,2023/2024,TAMAKI DRIVE,POKANOA POINT ENT,,Minor Crash,No,2024,,East,,0,,Flat,,,,,,Overcast,496600,2,0,0,2,,,0,,,,,,Auckland Region,Nil,2-way,Sealed,,0,0,,50,,Off,0,0,,76,Auckland,Nil,,,,,0,0,Urban,0,,,Fine,Null
1761090.3066,5907409.7164,904788,,524520,0,0,0,2,0,North,2024/2025,BUCKLAND ROAD,ROBERTSON ROAD,,Minor Crash,No,2025,0,North,0,0,0,Flat,0,,0,,1,Bright sun,735500,1,0,0,2,0,0,0,0,1,,0,0,Auckland Region,Nil,2-way,Sealed,0,0,0,0,50,0,Off,0,0,30,76,Auckland,Nil,0,0,0,0,0,0,Urban,0,0,0,Fine,Null
1751138.967,5932195.4834,904789,,508806,0,,0,4,,South,2024/2025,ALBANY HIGHWAY,ROSEDALE ROAD,,Minor Crash,No,2025,,North,,0,,Hill Road,,,,,,Bright sun,179902,1,0,0,5,,,0,,,,,,Auckland Region,Nil,2-way,Sealed,,0,0,,50,,Off,0,0,,76,Auckland,Nil,,,,,0,0,Urban,0,,,Fine,Null
1769899.8826,5900150.7924,904791,,523817,0,,0,6,,North,2023/2024,SOUTHERN MOTORWAY,PAPAKURA STM BR,,Non-Injury Crash,Yes,2024,,South,,0,,Flat,,,,,,Dark,759738,0,0,0,3,,,0,,,,,,Auckland Region,Nil,1-way,Sealed,,0,0,,100,,On,0,1,,76,Auckland,Nil,,,,,0,0,Open,1,,,Fine,Null
1757342.7458,5913658.0928,904794,,518702,0,,0,1,,East,2024/2025,MOUNT ALBERT ROAD,PEET AVENUE,,Minor Crash,No,2024,,North,,0,,Flat,,,,,,Overcast,567600,1,0,1,4,,,0,,,,,,Auckland Region,Nil,2-way,Sealed,,0,0,,50,,Off,0,0,,76,Auckland,Nil,,,,,0,0,Urban,0,,,Fine,Null
1773185.984,5896446.7189,904796,,525630,0,,0,2,,Null,2024/2025,CLEVEDON ROAD,WILLIS ROAD,,Non-Injury Crash,No,2024,,East,,0,,Flat,,,,,,Bright sun,794600,0,0,0,1,,,0,,,,,,Auckland Region,Nil,1-way,Sealed,,0,0,,50,,None,0,0,,76,Auckland,Give way,,,,,0,0,Urban,0,,,Fine,None
1744127.3164,5944656.6441,904798,,506614,0,0,0,0,0,West,2024/2025,KAHIKATEA FLAT ROAD,WHITEHILLS ROAD,,Serious Crash,No,2025,0,West,1,0,0,Hill Road,0,,0,,0,Overcast,177500,0,0,0,2,0,0,0,0,0,,0,0,Auckland Region,Nil,2-way,Sealed,0,0,1,0,80,0,None,0,0,,76,Auckland,Nil,0,0,0,0,1,0,Open,0,0,0,Heavy rain,Null
1768937.5589,5881100.5019,904800,,525910,0,,0,2,,Null,2024/2025,EDINBURGH STREET,DEVON LANE,,Non-Injury Crash,No,2024,,North,,0,,Flat,,,,,,Overcast,818900,0,0,0,2,,,0,,,,,,Auckland Region,Nil,2-way,Sealed,,0,0,,50,,Off,0,0,,76,Auckland,Give way,,,,,0,0,Urban,0,,,Light rain,Null
1746586.8585,5918780.8785,904802,,512401,0,,0,0,,East,2024/2025,EDMONTON ROAD,BOSNYAK DRIVE,,Minor Crash,No,2025,,East,,0,,Hill Road,,,,,,Bright sun,255701,1,0,0,2,,,0,,,1,,,Auckland Region,Nil,2-way,Sealed,,0,0,,50,,Off,0,0,,76,Auckland,Nil,,,,,0,0,Urban,0,,,Fine,Null
1770678.7449,5907970.2747,904803,,523115,0,,0,1,,Null,2022/2023,KENSWAY DRIVE,STANCOMBE ROAD,,Non-Injury Crash,No,2023,,West,,0,,Null,,,,,,Unknown,712121,0,0,0,2,,,0,,,,,,Auckland Region,Nil,2-way,Null,,0,0,,30,,Null,0,0,,76,Auckland,Give way,,,,,0,1,Urban,0,,,Null,Null
1762894.2911,5907656.976,904804,,524301,0,0,0,3,0,South,2024/2025,MASSEY ROAD,TENNESSEE AVENUE,,Minor Crash,No,2024,0,North,0,0,0,Flat,0,,0,,0,Dark,747601,1,0,0,2,0,0,0,0,1,,0,0,Auckland Region,Nil,2-way,Sealed,0,0,0,0,50,0,On,0,0,30,76,Auckland,Nil,0,0,0,0,0,0,Urban,0,0,0,Fine,Null
1757715.4765,5918784.9398,904809,,517400,0,0,0,1,1,Null,2024/2025,CARLTON GORE ROAD,HUNTLY AVENUE,,Non-Injury Crash,No,2024,0,West,0,0,0,Flat,0,,0,,0,Dark,449900,0,0,0,2,0,0,0,0,0,,0,0,Auckland Region,Nil,2-way,Sealed,0,0,0,0,50,0,On,0,0,,76,Auckland,Give way,0,0,0,0,0,0,Urban,0,0,0,Fine,Null
1758857.3845,5906596.0847,904810,,524200,0,,0,1,,North,2023/2024,RICHARD PEARSE DRIVE,FREIGHT PLACE,,Non-Injury Crash,No,2024,,North,,0,,Flat,,,,,,Dark,726400,0,0,0,2,,,0,,,,,,Auckland Region,Nil,2-way,Sealed,,0,0,,50,,On,0,0,,76,Auckland,Nil,,,,,0,0,Urban,1,,,Light rain,None