X,Y,OBJECTID,advisorySpeed,areaUnitID,bicycle,bridge,bus,carStationWagon,cliffBank,crashDirectionDescription,crashFinancialYear,crashLocation1,crashLocation2,crashRoadSideRoad,crashSeverity,crashSHDescription,crashYear,debris,directionRoleDescription,ditch,fatalCount,fence,flatHill,guardRail,holiday,houseOrBuilding,intersection,kerb,light,meshblockId,minorInjuryCount,moped,motorcycle,NumberOfLanes,objectThrownOrDropped,otherObject,otherVehicleType,overBank,parkedVehicle,pedestrian,phoneBoxEtc,postOrPole,region,roadCharacter,roadLane,roadSurface,roadworks,schoolBus,seriousInjuryCount,slipOrFlood,speedLimit,strayAnimal,streetLight,suv,taxi,temporarySpeedLimit,tlaId,tlaName,trafficControl,trafficIsland,trafficSign,train,tree,truck,unknownVehicleType,urban,vanOrUtility,vehicle,waterRiver,weatherA,weatherB
1768039.4666,5903372.2376,904811,,524602,0,,0,2,,North,2024/2025,GREAT SOUTH ROAD,KERRS ROAD,,Non-Injury Crash,No,2024,,South,,0,,Flat,,,,,,Dark,780506,0,0,0,4,,,0,,,,,,Auckland Region,Nil,2-way,Sealed,,0,0,,50,,On,0,0,,76,Auckland,Nil,,,,,0,0,Urban,0,,,Fine,Null
1772089.7395,5898046.4172,904812,,523912,0,,0,1,,Null,2024/2025,PORCHESTER ROAD,WALTERS ROAD,,Non-Injury Crash,No,2024,,South,,0,,Flat,,,,,,Overcast,767400,0,0,0,1,,,0,,,,,,Auckland Region,Nil,1-way,Sealed,,0,0,,50,,Off,1,0,,76,Auckland,Give way,,,,,0,0,Urban,0,,,Fine,None
1756105.3528,5923768.909,904814,,509800,0,,0,1,,South,2024/2025,NORTHERN MOTORWAY,WEIGH BRIDGE,,Non-Injury Crash,Yes,2024,,South,,0,,Flat,,,,,,Overcast,358800,0,0,0,5,,,0,,,,,,Auckland Region,Nil,1-way,Sealed,,0,0,,80,,Off,0,0,70,76,Auckland,Nil,,,,,0,0,Open,1,,,Fine,Null
1766154.0041,5907626.935,904815,,523402,0,,0,1,,South,2024/2025,SOUTHERN MOTORWAY,EAST TAMAKI ROAD OFF RAMP,,Minor Crash,Yes,2025,,South,,0,,Flat,,,,,,Dark,699300,1,0,0,3,,,0,,,,,,Auckland Region,Nil,1-way,Sealed,,0,0,,100,,On,0,0,,76,Auckland,Nil,,,,,0,0,Open,1,,,Fine,Null
1749972.7329,5947891.6894,904816,,505806,0,,0,1,,Null,2024/2025,GALBRAITH GREENS,SAWYERS LANE,,Minor Crash,No,2025,,West,,0,,Hill Road,,,,,,Twilight,176503,3,0,0,1,,,0,,,,,,Auckland Region,Nil,1-way,Sealed,,0,0,,50,,Off,1,0,,76,Auckland,Nil,,,,,0,0,Urban,0,,,Fine,Null
1768872.152,5900875.9624,904822,,525001,0,,0,1,,North,2023/2024,GREAT SOUTH ROAD,ALFRISTON ROAD,,Non-Injury Crash,No,2023,,South,,0,,Flat,,,,,,Dark,751600,0,0,0,2,,,0,,,1,,,Auckland Region,Nil,2-way,Sealed,,0,0,,50,,None,0,0,,76,Auckland,Nil,,,,,0,0,Urban,0,,,Fine,None
1755176.2085,5918280.894,904825,,515500,0,,0,0,,West,2024/2025,NORTH-WESTERN MOTORWAY,BOND OBR,,Non-Injury Crash,Yes,2024,,East,,0,,Flat,,,,,,Dark,418800,0,0,0,4,,,0,,,,,,Auckland Region,Nil,1-way,Sealed,,0,0,,80,,On,1,0,,76,Auckland,Nil,,,,,0,0,Open,2,,,Fine,Null
1768699.2313,5908615.2535,904827,,523113,0,0,0,3,0,East,2024/2025,EAST TAMAKI ROAD,SPRINGS ROAD,,Minor Crash,No,2025,0,East,0,0,0,Flat,0,,0,,0,Bright sun,711801,1,0,0,2,0,0,0,0,1,,0,0,Auckland Region,Nil,2-way,Sealed,0,0,0,0,50,0,Off,0,0,40,76,Auckland,Nil,0,0,0,0,0,0,Urban,0,0,0,Fine,Null
1766734.3445,5913329.6675,904833,,522820,0,,0,1,,East,2024/2025,PAKURANGA ROAD,KENTIGERN CLOSE,,Non-Injury Crash,No,2024,,West,,0,,Flat,,,,,,Bright sun,694800,0,0,0,6,,,0,,,,,,Auckland Region,Nil,2-way,Sealed,,0,0,,50,,Off,0,0,,76,Auckland,Nil,,,,,0,0,Urban,1,,,Fine,Null
1755015.4351,5913729.1237,904838,,518803,0,,0,2,,Null,2023/2024,DOMINION ROAD,DENBIGH AVENUE,,Non-Injury Crash,No,2023,,North,,0,,Flat,,,,,,Overcast,582500,0,0,0,3,,,0,,,,,,Auckland Region,Nil,2-way,Sealed,,0,0,,50,,Off,0,0,,76,Auckland,Give way,,,,,0,0,Urban,0,,,Fine,None
1755793.7119,5934070.3431,904840,,507200,0,0,0,2,0,East,2024/2025,BEACH ROAD,BRAEMAR ROAD,,Minor Crash,No,2024,0,East,0,0,0,Flat,0,,0,,0,Overcast,157300,1,0,0,2,0,0,0,0,1,,0,0,Auckland Region,Nil,2-way,Sealed,0,0,0,0,50,0,Off,0,0,,76,Auckland,Nil,0,0,0,0,0,0,Urban,0,0,0,Fine,Null
1755131.2999,5934651.5425,904842,,507200,0,0,0,2,0,East,2024/2025,ARRAN ROAD,PHILLIPA PLACE,,Non-Injury Crash,No,2024,0,South,0,0,0,Null,0,,0,,0,Overcast,156200,0,0,0,2,0,0,0,0,1,,0,0,Auckland Region,Nil,2-way,Sealed,0,0,0,0,50,0,Null,0,0,,76,Auckland,Nil,0,0,0,0,0,0,Urban,0,0,0,Null,Null
1760282.0924,5916045.8401,904843,,516002,0,,0,2,,South,2024/2025,GREEN LANE EAST,OHINERAU STREET,,Non-Injury Crash,No,2025,,North,,0,,Flat,,Easter,,,,Overcast,493100,0,0,0,3,,,0,,,,,,Auckland Region,Nil,1-way,Sealed,,0,0,,50,,Null,0,0,,76,Auckland,Nil,,,,,0,0,Urban,0,,,Fine,Null
1755733.0482,5911950.2699,904845,,519002,0,0,0,0,0,West,2025/2026,RICHARDSON ROAD,OAKDALE ROAD,,Non-Injury Crash,No,2025,0,East,0,0,0,Hill Road,0,,0,,0,Bright sun,591302,0,0,0,2,0,0,0,0,1,,0,0,Auckland Region,Nil,2-way,Sealed,0,0,0,0,50,0,Off,1,0,,76,Auckland,Nil,0,0,0,0,1,0,Urban,0,0,0,Fine,Null
1761857.4023,5917531.9487,904848,,516201,0,0,0,2,0,North,2024/2025,NGAPUHI ROAD,BENSON ROAD,,Non-Injury Crash,No,2025,0,South,0,0,0,Null,0,,0,,0,Bright sun,487800,0,0,0,2,0,0,0,0,1,,0,0,Auckland Region,Nil,2-way,Sealed,0,0,0,0,50,0,Null,0,0,,76,Auckland,Nil,0,0,0,0,0,0,Urban,0,0,0,Fine,Null
1754444.3963,5915157.4413,904849,,517702,0,,0,2,,Null,2025/2026,MOUNT ALBERT ROAD,SANDRINGHAM ROAD EXTENSION,,Non-Injury Crash,No,2025,,South,,0,,Flat,,,,,,Overcast,541500,0,0,0,2,,,0,,,,,,Auckland Region,Nil,2-way,Sealed,,0,0,,50,,Off,0,0,,76,Auckland,Traffic Signals,,,,,0,0,Urban,0,,,Fine,Null
1746123.2182,5917006.2405,904854,,510800,0,,0,2,,Null,2025/2026,GREAT NORTH ROAD,MCLEOD ROAD,,Non-Injury Crash,No,2025,,South,,0,,Hill Road,,,,,,Dark,243400,0,0,0,3,,,0,,,,,,Auckland Region,Nil,2-way,Sealed,,0,0,,50,,On,0,0,,76,Auckland,Stop,,,,,0,0,Urban,0,,,Fine,Null
1746054.9777,5920357.3896,904867,,513301,0,0,0,1,0,North,2024/2025,NORTH-WESTERN MOTORWAY,HENDERSON CK BR,,Minor Crash,Yes,2025,0,South,0,0,0,Flat,1,,0,,0,Overcast,230200,2,0,0,3,0,0,0,0,0,,0,0,Auckland Region,Nil,1-way,Sealed,0,0,0,0,100,0,Off,0,0,,76,Auckland,Nil,0,0,0,0,0,0,Open,0,0,0,Light rain,Null
1769759.3949,5901462.3282,904869,,523814,0,,0,3,,South,2024/2025,SOUTHERN MOTORWAY,HILL ROAD-MANUREWA OFF RAMP,,Non-Injury Crash,Yes,2024,,South,,0,,Hill Road,,,,,,Dark,759510,0,0,0,3,,,0,,,,,,Auckland Region,Nil,1-way,Sealed,,0,0,,100,,On,0,0,,76,Auckland,Nil,,,,,0,0,Open,0,,,Fine,Null
1729955.3947,5957879.3469,904872,,506613,0,0,0,0,0,South,2024/2025,KAIPARA COAST HIGHWAY,WEST COAST ROAD,,Non-Injury Crash,Yes,2025,0,North,1,0,1,Flat,0,,0,,0,Bright sun,146300,0,0,0,2,0,0,0,0,0,,0,0,Auckland Region,Nil,2-way,Sealed,0,0,0,0,100,0,None,0,0,50,76,Auckland,Nil,0,0,0,0,0,0,Open,1,0,0,Fine,Null
1764813.941,5903794.8299,904873,,524604,0,,0,2,,Null,2024/2025,CAVENDISH DRIVE,CAVENDISH DRIVE ON RAMP,,Minor Crash,No,2025,,North,,0,,Flat,,,,,,Overcast,781301,1,0,0,2,,,0,,,,,,Auckland Region,Motorway ramp,1-way,Sealed,,0,0,,50,,None,0,0,30,76,Auckland,Traffic Signals,,,,,0,0,Urban,0,,,Light rain,Strong wind
1745617.1174,5915648.6631,904876,,511800,0,0,0,2,0,North,2024/2025,MILLBROOK ROAD,AWAROA ROAD,,Non-Injury Crash,No,2025,0,South,0,0,0,Flat,0,,0,,0,Bright sun,277600,0,0,0,2,0,0,0,0,1,,0,0,Auckland Region,Nil,2-way,Sealed,0,0,0,0,50,0,Off,0,0,,76,Auckland,Nil,0,0,0,0,0,0,Urban,1,0,0,Fine,Null
1752856.52,5913335.4402,904885,,514600,0,0,0,0,0,West,2025/2026,DUNDALE AVENUE,BOUNDARY ROAD,,Non-Injury Crash,No,2025,0,North,0,0,0,Flat,0,,0,,0,Bright sun,373600,0,0,0,2,0,0,0,0,1,,0,0,Auckland Region,Nil,2-way,Sealed,0,0,0,0,50,0,Null,1,0,,76,Auckland,Nil,0,0,0,0,0,0,Urban,1,0,0,Fine,Null
1751162.9104,5915896.5208,904898,,514401,0,,0,2,,Null,2024/2025,GREAT NORTH ROAD,VICTOR STREET,,Non-Injury Crash,No,2025,,South,,0,,Flat,,,,,,Dark,383400,0,0,0,4,,,0,,,,,,Auckland Region,Nil,2-way,Sealed,,0,0,,50,,Null,0,0,,76,Auckland,Traffic Signals,,,,,0,0,Urban,0,,,Fine,Null
1759222.5563,5906580.0654,904899,,524200,0,0,0,1,0,Null,2025/2026,KIRKBRIDE ROAD,KIRKBRIDE ROAD ON RAMP,,Non-Injury Crash,No,2025,0,West,0,0,0,Flat,0,,0,,0,Dark,726400,0,0,0,6,0,0,0,0,0,,0,0,Auckland Region,Motorway ramp,2-way,Sealed,0,0,0,0,50,0,On,0,0,,76,Auckland,Traffic Signals,0,2,0,0,0,0,Urban,0,0,0,Fine,Null
1757562.3332,5928880.9892,904900,,507800,0,0,0,2,0,West,2025/2026,KITCHENER ROAD,DODSON AVENUE,,Non-Injury Crash,No,2025,0,West,0,0,0,Flat,0,,0,,0,Dark,307800,0,0,0,2,0,0,0,0,2,,0,0,Auckland Region,Nil,2-way,Sealed,0,0,0,0,50,0,On,0,0,,76,Auckland,Nil,0,0,0,0,0,0,Urban,1,0,0,Fine,Null
1759936.9687,5908497.1014,904902,,524121,0,,0,2,,South,2024/2025,SOUTH-WESTERN MOTORWAY,CORONATION ROAD OFF RAMP,,Non-Injury Crash,Yes,2025,,North,,0,,Null,,,,,,Dark,737000,0,0,0,3,,,0,,,,,,Auckland Region,Nil,1-way,Sealed,,0,0,,100,,Null,0,0,,76,Auckland,Nil,,,,,0,0,Open,0,,,Null,Null
1773388.9605,5897918.3916,904909,,523912,0,0,0,1,0,Null,2025/2026,FRANKLAND ROAD,BEI ROAD,,Minor Crash,No,2025,0,West,0,0,0,Flat,0,,0,,0,Dark,765500,1,0,0,2,0,0,0,0,0,,0,1,Auckland Region,Nil,2-way,Sealed,0,0,0,0,50,0,On,0,0,,76,Auckland,Give way,0,0,0,0,0,0,Urban,0,0,0,Fine,Null
1752812.1813,5934454.2703,904913,,508701,0,,0,2,,North,2024/2025,CORNERSTONE DRIVE,SPRAY RISE,,Non-Injury Crash,No,2025,,South,,0,,Flat,,,,,,Overcast,179000,0,0,0,2,,,0,,,,,,Auckland Region,Nil,2-way,Sealed,,0,0,,50,,Null,0,0,,76,Auckland,Nil,,,,,0,0,Urban,0,,,Fine,Null
1763434.3373,5910618.4764,904916,15,521901,0,,0,2,,Null,2024/2025,PORTAGE ROAD,SALEYARDS ROAD,,Non-Injury Crash,No,2025,,North,,0,,Flat,,,,,,Twilight,781900,0,0,0,1,,,0,,,,,,Auckland Region,Nil,1-way,Sealed,,0,0,,20,,On,0,0,10,76,Auckland,Stop,,,,,0,0,Urban,0,,,Heavy rain,Null
1756579.171,5920533.1596,904919,,514102,0,,0,2,,Null,2024/2025,VICTORIA STREET WEST,HALSEY STREET,,Non-Injury Crash,No,2025,,West,,0,,Flat,,,,,,Bright sun,433700,0,0,0,4,,,0,,,,,,Auckland Region,Nil,2-way,Sealed,,0,0,,30,,Off,0,0,,76,Auckland,Traffic Signals,,,,,0,0,Urban,0,,,Fine,Null
1772217.9978,5911703.8881,904920,,523114,0,0,0,0,0,West,2024/2025,WHITFORD ROAD,MAUNGAMAUNGAROA BR,,Non-Injury Crash,No,2025,0,West,1,0,0,Hill Road,0,,0,,0,Bright sun,718004,0,0,1,2,0,0,0,0,0,,0,0,Auckland Region,Nil,2-way,Null,0,0,0,0,50,0,Null,0,0,,76,Auckland,Nil,0,0,0,0,0,0,Urban,0,0,0,Fine,Null
1761630.4892,5917153.66,904923,35,516202,0,0,0,2,0,North,2022/2023,LUCERNE ROAD,VENTNOR ROAD,,Non-Injury Crash,No,2023,0,North,0,0,0,Flat,0,,0,,0,Unknown,488700,0,0,0,2,0,0,0,0,1,,0,0,Auckland Region,Nil,2-way,Unsealed,0,0,0,0,50,0,None,0,0,,76,Auckland,Nil,0,0,0,0,0,0,Urban,0,0,0,Null,None
1753697.4205,5918296.7454,904929,,515003,0,,0,1,,East,2024/2025,NORTH-WESTERN MOTORWAY,ST LUKES ROAD ON RAMP,,Non-Injury Crash,Yes,2024,,West,,0,,Flat,,,,,,Bright sun,390502,0,0,0,3,,,0,,,,,,Auckland Region,Nil,1-way,Sealed,,0,0,,100,,Off,1,0,,76,Auckland,Nil,,,,,0,0,Open,0,,,Fine,Null
1757187.1555,5919022.6091,904930,,514301,0,0,0,1,0,East,2024/2025,SOUTHERN MOTORWAY,SYMONDS OBR,,Non-Injury Crash,Yes,2024,1,North,0,0,0,Flat,0,,0,,0,Dark,441200,0,0,0,3,0,0,0,0,0,,0,0,Auckland Region,Nil,1-way,Sealed,0,0,0,0,80,0,On,0,0,,76,Auckland,Nil,0,0,0,0,0,0,Open,0,0,0,Fine,Null
1762928.0826,5905444.8078,904935,,524200,0,0,0,3,0,South,2024/2025,SOUTH-WESTERN MOTORWAY,PORTAGE OBR,,Non-Injury Crash,Yes,2024,0,North,0,0,0,Flat,0,,0,,0,Dark,728900,0,0,0,2,0,0,0,0,0,,0,0,Auckland Region,Nil,1-way,Sealed,0,0,0,0,100,0,On,0,0,,76,Auckland,Nil,0,0,0,0,0,0,Open,0,2,0,Fine,Frost
1767172.4145,5904557.1236,904936,,524604,0,,0,1,,Null,2024/2025,RONWOOD AVENUE,SHARKEY STREET,,Non-Injury Crash,No,2024,,East,,0,,Flat,,,,,,Overcast,780209,0,0,0,1,,,1,,,,,,Auckland Region,Nil,1-way,Sealed,,0,0,,50,,On,0,0,,76,Auckland,Give way,,,,,0,0,Urban,0,,,Null,None
1748627.971,5942898.3274,904938,,505806,0,,0,2,,North,2024/2025,NORTHERN MOTORWAY,WILKS OBR,,Non-Injury Crash,Yes,2024,,South,,0,,Flat,,,,,,Overcast,176802,0,0,0,2,,,0,,,,,,Auckland Region,Nil,1-way,Sealed,,0,0,,100,,Off,0,0,,76,Auckland,Nil,,,,,0,0,Open,0,,,Light rain,Null
1751631.4388,5917983.6612,904939,,515001,0,0,0,1,0,North,2024/2025,GREAT NORTH ROAD ON RAMP,GREAT NORTH ROAD,,Minor Crash,No,2025,0,South,0,0,0,Flat,1,Easter,0,,0,Overcast,392200,1,0,0,2,0,0,0,0,0,,0,0,Auckland Region,Nil,1-way,Sealed,0,0,0,0,100,0,Off,0,0,,76,Auckland,Nil,0,0,0,0,0,0,Open,0,0,0,Fine,Null
1767396.2098,5903921.7388,904941,,524602,0,,0,2,,East,2025/2026,SOUTH-WESTERN MOTORWAY,BARROWCLIFFE OBR,,Minor Crash,Yes,2025,,West,,0,,Flat,,,,,,Overcast,780411,1,0,0,3,,,0,,,,,,Auckland Region,Bridge,1-way,Sealed,,0,0,,100,,Off,1,0,,76,Auckland,Nil,,,,,0,0,Open,0,,,Fine,Null
1765374.0583,5920052.6651,904942,,516700,0,,0,1,,West,2024/2025,TAMAKI DRIVE,GOLDIE STREET,,Non-Injury Crash,No,2024,,East,,0,,Null,,,,,,Bright sun,509100,0,0,0,2,,,0,,,,,,Auckland Region,Nil,2-way,Sealed,,0,0,,30,,Off,0,0,,76,Auckland,Nil,,,,,0,0,Urban,1,,,Fine,Null
1769850.4529,5882804.8111,904945,,525910,0,,0,2,,Null,2024/2025,VALLEY ROAD,CAPE HILL ROAD,,Minor Crash,No,2025,,North,,0,,Hill Road,,,,,,Bright sun,816514,1,0,0,2,,,0,,,,,,Auckland Region,Nil,2-way,Sealed,,0,0,,50,,Off,0,0,,76,Auckland,Give way,,,,,0,0,Urban,0,,,Fine,Strong wind
1744498.1133,5915849.6138,904948,,510800,0,0,0,1,0,South,2024/2025,HENDERSON VALLEY ROAD,CORBAN AVENUE,,Non-Injury Crash,No,2024,0,North,0,0,0,Null,0,,0,,0,Bright sun,242502,0,0,0,2,0,1,0,0,0,,0,0,Auckland Region,Nil,2-way,Sealed,0,0,0,0,50,0,Null,0,0,,76,Auckland,Nil,0,0,0,0,0,0,Urban,0,0,0,Fine,Null
1763989.2725,5912089.8084,904953,,520500,0,,0,1,,Null,2024/2025,MOUNT WELLINGTON HIGHWAY,MONAHAN ROAD,,Non-Injury Crash,No,2024,,East,,0,,Flat,,,,,,Overcast,639500,0,0,0,1,,,0,,,,,,Auckland Region,Nil,1-way,Sealed,,0,0,,50,,Null,0,0,,76,Auckland,Give way,,,,,0,0,Urban,1,,,Fine,Null
1756833.0759,5926446.2632,904964,,507900,0,,0,2,,North,2024/2025,NORTHERN MOTORWAY,AKORANGA FTBR,,Non-Injury Crash,Yes,2024,,South,,0,,Hill Road,,,,,,Overcast,304000,0,0,0,3,,,0,,,,,,Auckland Region,Nil,1-way,Sealed,,0,0,,100,,Off,0,0,,76,Auckland,Nil,,,,,0,0,Open,1,,,Fine,Null
1753104.4245,5928723.0996,904971,,508412,0,0,0,2,0,North,2025/2026,EASTON PARK PARADE,GLADYS AVENUE,,Non-Injury Crash,No,2025,0,North,0,0,0,Flat,0,,0,,0,Bright sun,184400,0,0,0,2,0,0,0,0,1,,0,0,Auckland Region,Nil,2-way,Sealed,0,0,0,0,50,0,Off,0,0,,76,Auckland,Nil,0,0,0,0,0,0,Urban,0,0,0,Fine,Null
1744721.8141,5915143.5406,904972,,513013,0,,0,2,,Null,2024/2025,BRUCE MCLAREN ROAD,IVY NOLA WAY,,Non-Injury Crash,No,2025,,North,,0,,Flat,,,,,,Bright sun,281513,0,0,0,2,,,0,,,,,,Auckland Region,Nil,2-way,Sealed,,0,0,,50,,Off,0,0,,76,Auckland,Nil,,,,,0,0,Urban,0,,,Fine,Null
1765866.5796,5906549.3215,904981,,522202,0,,0,2,,North,2025/2026,GREAT SOUTH ROAD,REX LANE,,Non-Injury Crash,No,2025,,North,,0,,Flat,,,,,,Bright sun,663800,0,0,0,4,,,0,,,,,,Auckland Region,Nil,2-way,Sealed,,0,0,,50,,Off,0,0,,76,Auckland,Nil,,,,,0,0,Urban,0,,,Fine,Null
1756118.3816,5923833.5536,904985,,509800,0,,0,1,,South,2025/2026,NORTHERN MOTORWAY,WEIGH BRIDGE,,Non-Injury Crash,Yes,2025,,South,,0,,Flat,,,,,,Bright sun,358800,0,0,0,5,,,0,,,,,,Auckland Region,Nil,1-way,Sealed,,0,0,,80,,Off,0,0,,76,Auckland,Nil,,,,,0,0,Open,1,,,Fine,Null
1745129.698,5919768.2156,904991,,513301,0,,0,2,,East,2025/2026,UNIVERSAL DRIVE,TUDOR ROAD,,Non-Injury Crash,No,2025,,West,,0,,Flat,,,,,,Overcast,232001,0,0,0,2,,,0,,,,,,Auckland Region,Nil,2-way,Sealed,,0,0,,50,,Off,0,0,,76,Auckland,Nil,,,,,0,0,Urban,0,,,Fine,Null
1765443.5115,5901946.2188,904996,,524604,0,,0,2,,Null,2025/2026,ROSCOMMON ROAD,BOLDERWOOD PLACE,,Non-Injury Crash,No,2025,,South,,0,,Flat,,,,,,Overcast,781302,0,0,0,2,,,0,,,,,,Auckland Region,Nil,1-way,Sealed,,0,0,,80,,On,0,0,60,76,Auckland,Traffic Signals,,,,,0,0,Open,0,,,Fine,Frost
1758387.627,5917911.9228,904999,,517400,0,,1,1,,Null,2025/2026,BROADWAY,MORTIMER PASS,,Non-Injury Crash,No,2025,,North,,0,,Null,,,,,,Overcast,451300,0,0,0,4,,,0,,,,,,Auckland Region,Nil,2-way,Null,,0,0,,50,,Null,0,0,,76,Auckland,Traffic Signals,,,,,0,0,Urban,0,,,Light rain,Null
1762273.7256,5914824.5224,905002,,520202,0,0,0,1,0,East,2024/2025,MAIN HIGHWAY,MICHAELS AVENUE,,Non-Injury Crash,No,2025,0,West,0,0,1,Flat,0,,0,,0,Bright sun,610700,0,0,0,4,0,0,0,0,0,,0,0,Auckland Region,Nil,2-way,Sealed,0,0,0,0,50,0,Off,0,0,,76,Auckland,Nil,0,0,0,0,0,0,Urban,0,0,0,Fine,Null
1745201.5643,5919762.0837,905008,,513301,0,,0,2,,West,2024/2025,UNIVERSAL DRIVE,LINCOLN NORTH CPK ENT,,Non-Injury Crash,No,2025,,East,,0,,Flat,,,,,,Dark,232001,0,0,0,4,,,0,,,,,,Auckland Region,Nil,2-way,Sealed,,0,0,,50,,On,0,0,,76,Auckland,Nil,,,,,0,0,Urban,0,,,Light rain,Null
1742201.1607,5920877.2376,905013,,513621,0,0,0,1,0,North,2025/2026,BIRDWOOD ROAD,CHAMBERLAIN ROAD,,Non-Injury Crash,No,2025,0,North,0,0,0,Flat,0,,0,,0,Dark,226602,0,0,0,2,0,0,0,1,0,,0,0,Auckland Region,Nil,2-way,Sealed,0,0,0,0,60,0,None,0,0,,76,Auckland,Nil,0,0,0,0,0,0,Urban,0,0,0,Fine,Null
1780726.4961,5885548.3212,905016,,521132,0,0,0,1,0,North,2025/2026,TOTARA ROAD,TAWHERO ROAD,,Minor Crash,No,2025,0,South,0,0,0,Flat,0,,0,,0,Overcast,815401,1,0,0,2,0,0,0,0,0,,0,0,Auckland Region,Nil,2-way,Sealed,0,0,0,0,80,0,None,0,0,,76,Auckland,Nil,0,0,0,1,0,0,Open,0,0,0,Fine,Null
1744171.1337,5919143.8807,905021,,513302,0,0,0,2,0,West,2024/2025,LARNOCH ROAD,LARISSA AVENUE,,Non-Injury Crash,No,2024,0,West,0,0,0,Flat,0,,0,,0,Dark,232900,0,0,0,2,0,1,0,0,1,,0,0,Auckland Region,Nil,2-way,Sealed,0,0,0,0,30,0,On,0,0,,76,Auckland,Nil,0,0,0,0,0,0,Urban,0,0,0,Fine,Null
1766558.268,5908118.1725,905022,,523501,0,,0,2,,Null,2024/2025,BAIRDS ROAD,OTARA ROAD,,Non-Injury Crash,No,2025,,East,,0,,Flat,,,,,,Dark,700601,0,0,0,3,,,0,,,,,,Auckland Region,Nil,2-way,Sealed,,0,0,,50,,On,0,0,40,76,Auckland,Traffic Signals,,,,,0,0,Urban,0,,,Fine,Null
1759680.9721,5913000.018,905027,,520000,0,,0,2,,Null,2024/2025,MOUNT SMART ROAD,MOUNT SMART ROAD,,Non-Injury Crash,No,2024,,South,,0,,Flat,,,,,,Overcast,605500,0,0,0,1,,,0,,,,,,Auckland Region,Nil,1-way,Sealed,,0,0,,50,,Off,0,0,,76,Auckland,Give way,,,,,0,0,Urban,0,,,Light rain,Null
1760877.7294,5907147.5983,905028,,524112,0,,0,0,,East,2024/2025,SOUTH-WESTERN MOTORWAY,BADER OBR,,Non-Injury Crash,Yes,2025,,West,,0,,Flat,,,,,,Bright sun,742102,0,0,0,2,,,0,,,,,,Auckland Region,Nil,1-way,Sealed,,0,0,,100,,Off,0,0,,76,Auckland,Nil,,,,,0,0,Open,2,,,Fine,Null
1765401.9145,5907194.9073,905029,,522301,0,,0,2,,Null,2024/2025,GREAT SOUTH ROAD,MAXWELL AVENUE,,Non-Injury Crash,No,2024,,South,,0,,Flat,,,,,,Dark,665800,0,0,0,2,,,0,,,,,,Auckland Region,Nil,2-way,Sealed,,0,0,,50,,Null,0,0,,76,Auckland,Give way,,,,,0,0,Urban,0,,,Light rain,None
1771255.2512,5908494.5905,905030,,523115,0,,0,1,,North,2024/2025,GRACECHURCH DRIVE,SKYVIEW PLACE,,Non-Injury Crash,No,2025,,North,,0,,Hill Road,,,,,,Bright sun,712111,0,0,1,2,,,0,,,,,,Auckland Region,Nil,2-way,Sealed,,0,0,,50,,Off,0,0,40,76,Auckland,Nil,,,,,0,0,Urban,0,,,Fine,Null
1764873.364,5905930.0096,905031,15,522201,0,,0,2,,Null,2023/2024,RANGITOTO ROAD,DUNNOTAR ROAD,,Non-Injury Crash,No,2024,,South,,0,,Flat,,,,,,Bright sun,663100,0,0,0,2,,,0,,,,,,Auckland Region,Nil,2-way,Sealed,,0,0,,50,,Off,0,0,,76,Auckland,Give way,,,,,0,0,Urban,0,,,Fine,None
1769021.9538,5913695.0586,905038,,522723,0,,0,0,,North,2024/2025,CASCADES ROAD,LADY MARIE DRIVE,,Non-Injury Crash,No,2024,,North,,0,,Null,,Labour Weekend,,,,Bright sun,682301,0,0,0,2,,,0,,,,,,Auckland Region,Nil,2-way,Sealed,,0,0,,50,,Null,1,0,,76,Auckland,Nil,,,,,0,1,Urban,0,,,Fine,Null
1769287.3047,5901675.6946,905042,,524901,0,,0,2,,North,2024/2025,HILL ROAD,CLAUDE ROAD,,Minor Crash,No,2025,,East,,0,,Flat,,,,,,Dark,756000,1,0,0,2,,,0,,,,,,Auckland Region,Nil,2-way,Sealed,,0,0,,50,,On,0,0,,76,Auckland,Nil,,,,,0,0,Urban,0,,,Fine,Null
1766562.8471,5913096.1728,905043,,522920,0,,0,2,,North,2024/2025,TI RAKAU DRIVE,PALM AVENUE,,Non-Injury Crash,No,2025,,North,,0,,Flat,,,,,,Bright sun,683900,0,0,0,3,,,0,,,,,,Auckland Region,Nil,1-way,Sealed,,0,0,,50,,Off,0,0,,76,Auckland,Nil,,,,,0,0,Urban,0,,,Fine,Null
1770329.0463,5911331.2885,905045,,523105,0,,0,2,,Null,2024/2025,BOTANY ROAD,TI RAKAU DRIVE,,Non-Injury Crash,No,2024,,South,,0,,Flat,,,,,,Overcast,711185,0,0,0,2,,,0,,,,,,Auckland Region,Nil,1-way,Sealed,,0,0,,50,,Off,0,0,,76,Auckland,Traffic Signals,,,,,0,0,Urban,0,,,Light rain,Frost
1770719.0838,5906157.5157,905047,,523712,0,0,0,2,0,South,2024/2025,KILTOLE DRIVE,CASTLEDERG DRIVE,,Non-Injury Crash,No,2024,0,North,0,0,0,Flat,0,,0,,0,Bright sun,713300,0,0,0,2,0,0,0,0,1,,0,0,Auckland Region,Nil,2-way,Sealed,0,0,0,0,50,0,Null,0,0,,76,Auckland,Nil,0,0,0,0,0,0,Urban,0,0,0,Fine,Null