X,Y,OBJECTID,advisorySpeed,areaUnitID,bicycle,bridge,bus,carStationWagon,cliffBank,crashDirectionDescription,crashFinancialYear,crashLocation1,crashLocation2,crashRoadSideRoad,crashSeverity,crashSHDescription,crashYear,debris,directionRoleDescription,ditch,fatalCount,fence,flatHill,guardRail,holiday,houseOrBuilding,intersection,kerb,light,meshblockId,minorInjuryCount,moped,motorcycle,NumberOfLanes,objectThrownOrDropped,otherObject,otherVehicleType,overBank,parkedVehicle,pedestrian,phoneBoxEtc,postOrPole,region,roadCharacter,roadLane,roadSurface,roadworks,schoolBus,seriousInjuryCount,slipOrFlood,speedLimit,strayAnimal,streetLight,suv,taxi,temporarySpeedLimit,tlaId,tlaName,trafficControl,trafficIsland,trafficSign,train,tree,truck,unknownVehicleType,urban,vanOrUtility,vehicle,waterRiver,weatherA,weatherB
1762486.0228,5912737.7005,905048,,519500,0,,0,2,,Null,2024/2025,GREAT SOUTH ROAD,SOUTH-EASTERN HIGHWAY,,Non-Injury Crash,No,2024,,North,,0,,Null,,Christmas New Year,,,,Bright sun,622200,0,0,0,1,,,0,,,,,,Auckland Region,Nil,1-way,Sealed,,0,0,,50,,Null,0,0,,76,Auckland,Give way,,,,,0,0,Urban,0,,,Fine,Null
1737646.0656,5928049.5267,905051,,505605,0,0,0,1,0,Null,2024/2025,ACCESS ROAD,FARRAND ROAD,,Serious Crash,No,2025,0,North,1,0,0,Hill Road,0,,0,,0,Overcast,215201,0,0,0,2,0,0,0,0,0,,0,0,Auckland Region,Nil,2-way,Sealed,0,0,1,0,80,0,None,0,0,,76,Auckland,Nil,0,0,0,0,0,0,Open,0,0,0,Fine,Null
1756684.1421,5913762.2103,905054,,518600,0,,0,2,,Null,2023/2024,MOUNT ALBERT ROAD,MOUNT EDEN ROAD,,Non-Injury Crash,No,2024,,West,,0,,Flat,,,,,,Bright sun,564405,0,0,0,5,,,0,,,,,,Auckland Region,Nil,2-way,Sealed,,0,0,,50,,Off,0,0,,76,Auckland,Traffic Signals,,,,,0,0,Urban,0,,,Fine,None
1770451.1023,5885742.2852,905057,,521122,0,0,0,0,0,South,2024/2025,BURTT ROAD,NEEDHAM ROAD,,Minor Crash,No,2025,0,North,1,0,0,Hill Road,0,,0,,0,Bright sun,813400,1,0,1,2,0,0,0,0,0,,0,0,Auckland Region,Nil,2-way,Sealed,0,0,0,0,80,0,None,0,0,,76,Auckland,Nil,0,0,0,0,0,0,Open,0,0,0,Fine,Null
1772393.5675,5897031.422,905058,,525420,0,,0,1,,East,2024/2025,GREAT SOUTH ROAD,DON STREET,,Minor Crash,No,2025,,East,,0,,Flat,,,,,,Twilight,790700,1,0,0,2,,,0,,,,,,Auckland Region,Nil,2-way,Sealed,,0,0,,50,,On,0,0,,76,Auckland,Nil,,,,,0,0,Urban,1,,,Mist or Fog,Frost
1766309.6636,5907567.2047,905065,,523402,0,,0,2,,Null,2023/2024,EAST TAMAKI ROAD OFF RAMP,EAST TAMAKI ROAD,,Non-Injury Crash,No,2023,,South,,0,,Flat,,,,,,Bright sun,699300,0,0,0,2,,,0,,,,,,Auckland Region,Nil,2-way,Sealed,,0,0,,50,,None,0,0,,76,Auckland,Traffic Signals,,,,,0,0,Urban,0,,,Fine,None
1765332.7065,5906696.3211,905068,45,522201,0,0,0,0,0,West,2024/2025,KOLMAR ROAD,WHITE HAVEN COURT,,Non-Injury Crash,No,2024,0,West,0,0,1,Flat,0,,0,,0,Dark,662500,0,0,0,2,0,0,0,0,0,,0,1,Auckland Region,Nil,2-way,Sealed,0,0,0,0,50,0,On,1,0,,76,Auckland,Nil,0,0,0,0,0,0,Urban,0,0,0,Light rain,Null
1757858.5487,5920803.821,905069,,514103,0,,0,1,,Null,2024/2025,BEACH ROAD,BRITOMART PLACE,,Minor Crash,No,2025,,East,,0,,Flat,,Queens Birthday,,,,Dark,438404,1,0,0,6,,,0,,,1,,,Auckland Region,Nil,2-way,Sealed,,0,0,,30,,On,0,0,,76,Auckland,Traffic Signals,,,,,0,0,Urban,0,,,Fine,Null
1755596.3389,5915799.7576,905071,,518301,0,,0,2,,Null,2024/2025,DOMINION ROAD,KENSINGTON AVENUE,,Non-Injury Crash,No,2024,,North,,0,,Flat,,,,,,Bright sun,556000,0,0,0,2,,,0,,,,,,Auckland Region,Nil,2-way,Sealed,,0,0,,50,,None,0,0,,76,Auckland,Stop,,,,,0,0,Urban,0,,,Fine,None
1766219.6193,5912948.5362,905072,,522920,0,0,0,1,0,South,2024/2025,PAKURANGA HIGHWAY,PAKURANGA BR E,,Minor Crash,No,2025,0,North,0,0,0,Flat,1,,0,,0,Overcast,683500,1,0,0,2,0,0,0,0,0,,0,0,Auckland Region,Nil,1-way,Sealed,0,0,0,0,80,0,None,0,0,20,76,Auckland,Nil,0,0,0,0,1,0,Open,0,0,0,Light rain,Null
1741145.5507,5921949.656,905073,,513621,0,,0,1,,Null,2024/2025,RED HILLS ROAD,SUNNYVALE ROAD,,Non-Injury Crash,No,2024,,North,,0,,Null,,,,,,Dark,226601,0,0,0,2,,,0,,,,,,Auckland Region,Nil,2-way,Sealed,,0,0,,60,,Null,0,0,,76,Auckland,Stop,,,,,0,0,Urban,0,,,Null,Null
1752037.5445,5930736.7455,905084,,508807,0,0,0,1,0,Null,2024/2025,ALBANY HIGHWAY,ALBANY HIGHWAY ON RAMP,,Non-Injury Crash,No,2025,0,South,0,0,0,Flat,0,,0,,0,Dark,180809,0,0,0,6,0,0,0,0,0,,0,0,Auckland Region,Motorway ramp,2-way,Sealed,0,0,0,0,50,0,On,0,0,,76,Auckland,Traffic Signals,1,1,0,0,0,0,Urban,0,0,0,Fine,Null
1764297.8775,5914940.1955,905087,,520303,0,,0,2,,Null,2024/2025,ELLERSLIE-PANMURE HIGHWAY,MOUNTAIN ROAD,,Non-Injury Crash,No,2024,,East,,0,,Flat,,Christmas New Year,,,,Bright sun,627500,0,0,0,4,,,0,,,,,,Auckland Region,Nil,2-way,Sealed,,0,0,,50,,None,0,0,30,76,Auckland,Give way,,,,,0,0,Urban,0,,,Fine,Null
1751205.3939,5912744.5758,905091,,514600,0,0,0,4,0,West,2025/2026,BOLTON STREET,TAYLOR STREET,,Non-Injury Crash,No,2025,0,West,0,0,0,Flat,0,,0,,0,Dark,371300,0,0,0,2,0,0,0,0,1,,0,0,Auckland Region,Nil,2-way,Sealed,0,0,0,0,50,0,On,0,0,30,76,Auckland,Nil,0,0,0,0,0,0,Urban,0,0,0,Light rain,Frost
1756551.3827,5919733.4713,905092,,514000,0,,0,2,,South,2024/2025,NORTH-WESTERN TO NORTHERN LINK,NORTHERN MOTORWAY,,Non-Injury Crash,Yes,2024,,North,,0,,Hill Road,,,,,,Bright sun,413300,0,0,0,2,,,0,,,,,,Auckland Region,Motorway ramp,1-way,Sealed,,0,0,,80,,Off,0,0,,76,Auckland,Nil,,,,,0,0,Open,0,,,Fine,Null
1768323.575,5907704.2868,905095,,523711,0,,0,2,,Null,2024/2025,ORMISTON ROAD,MURCHISON ROAD,,Non-Injury Crash,No,2025,,West,,0,,Flat,,,,,,Bright sun,712304,0,0,0,2,,,0,,,,,,Auckland Region,Nil,2-way,Sealed,,0,0,,50,,Off,0,0,,76,Auckland,Give way,,,,,0,0,Urban,0,,,Fine,Null
1756682.3608,5912989.1952,905098,,518702,0,,0,1,,South,2024/2025,HILLSBOROUGH ROAD,HERD ROAD,,Non-Injury Crash,No,2024,,North,,0,,Flat,,,,,,Dark,569900,0,0,0,4,,,0,,,,,,Auckland Region,Nil,2-way,Sealed,,0,0,,50,,On,0,0,,76,Auckland,Nil,,,,,0,0,Urban,1,,,Fine,Null
1764601.0519,5911864.5918,905105,,520500,0,,0,1,,North,2025/2026,SOUTHERN MOTORWAY,PANAMA OBR,,Non-Injury Crash,Yes,2025,,North,,0,,Hill Road,,Labour Weekend,,,,Bright sun,639500,0,0,0,3,,,0,,,,,,Auckland Region,Nil,1-way,Sealed,,0,0,,100,,Off,0,0,,76,Auckland,Nil,,,,,0,0,Open,1,,,Fine,Null
1773205.4104,5896383.3247,905107,,525620,0,,0,2,,South,2025/2026,MARNE ROAD,WILLIS ROAD,,Non-Injury Crash,No,2025,,South,,0,,Flat,,,,,,Bright sun,797600,0,0,0,2,,,0,,,,,,Auckland Region,Nil,2-way,Sealed,,0,0,,50,,Off,0,0,,76,Auckland,Nil,,,,,0,0,Urban,0,,,Fine,Null
1763240.22,5920020.9245,905112,,516500,0,,0,2,,Null,2024/2025,PATTESON AVENUE,NIHILL CRESCENT,,Non-Injury Crash,No,2025,,South,,0,,Flat,,,,,,Overcast,501600,0,0,0,2,,,0,,,,,,Auckland Region,Nil,2-way,Sealed,,0,0,,50,,Off,0,0,,76,Auckland,Stop,,,,,0,0,Urban,0,,,Fine,Null
1759798.8654,5908932.3599,905113,,524403,0,0,0,2,0,South,2025/2026,SOUTH-WESTERN MOTORWAY,WALMSLEY ROAD OFF RAMP,,Minor Crash,Yes,2025,0,South,0,0,0,Flat,1,,0,,0,Dark,729600,2,0,0,3,0,0,0,0,0,,0,0,Auckland Region,Nil,1-way,Sealed,0,0,0,0,100,0,On,0,1,,76,Auckland,Nil,0,0,0,0,0,0,Open,0,0,0,Fine,Null
1743876.1684,5916887.6925,905115,,513011,0,,0,1,,Null,2025/2026,STURGES ROAD,PALOMINO DRIVE,,Non-Injury Crash,No,2025,,West,,0,,Null,,,,,,Overcast,280705,0,0,0,2,,,0,,,,,,Auckland Region,Nil,1-way,Sealed,,0,0,,50,,Null,0,0,,76,Auckland,Give way,,,,,0,0,Urban,1,,,Light rain,Null
1761459.5174,5914331.4978,905117,,520202,0,,0,1,,Null,2024/2025,ELLERSLIE-PANMURE HIGHWAY,ELLERSLIE-PANMURE HWY ON RAMP,,Non-Injury Crash,No,2025,,South,,0,,Flat,,Queens Birthday,,,,Bright sun,612502,0,0,0,2,,,0,,,,,,Auckland Region,Motorway ramp,1-way,Sealed,,0,0,,50,,Off,1,0,,76,Auckland,Give way,,,,,0,0,Urban,0,,,Fine,Null
1758439.7149,5945568.737,905129,,505902,0,0,0,2,0,South,2024/2025,WHANGAPARAOA ROAD,CAPITOL ROAD,,Non-Injury Crash,No,2024,0,North,0,0,0,Hill Road,0,,0,,0,Overcast,174703,0,0,0,2,0,0,0,0,1,,0,0,Auckland Region,Nil,2-way,Sealed,0,0,0,0,50,0,Off,0,0,,76,Auckland,Nil,0,0,0,0,0,0,Urban,0,0,0,Fine,Null
1749097.2368,5945615.8066,905133,,505806,0,,0,1,,Null,2024/2025,HIBISCUS COAST HIGHWAY,PAINTON ROAD,,Minor Crash,No,2025,,West,,0,,Flat,,,,,,Dark,176802,2,0,0,4,,,0,,,,,,Auckland Region,Nil,2-way,Sealed,,0,0,,60,,On,0,0,,76,Auckland,Traffic Signals,,,,,0,0,Urban,1,,,Fine,Null
1764560.5739,5913657.5246,905134,,520602,0,0,0,0,1,North,2024/2025,PETERSON ROAD,WAIPUNA ROAD,,Non-Injury Crash,No,2024,0,North,0,0,0,Flat,0,,0,,0,Dark,629204,0,0,0,2,0,0,0,0,0,,0,0,Auckland Region,Nil,2-way,Sealed,0,0,0,0,50,0,On,1,0,,76,Auckland,Nil,0,0,0,0,0,0,Urban,0,0,0,Fine,Null
1767780.9546,5903886.4694,905135,,524602,0,,0,1,,Null,2023/2024,GREAT SOUTH ROAD,GREAT SOUTH ROAD OFF RAMP,,Non-Injury Crash,No,2024,,North,,0,,Hill Road,,,,,,Dark,780417,0,0,0,4,,,0,,,,,,Auckland Region,Motorway ramp,2-way,Sealed,,0,0,,50,,On,1,0,,76,Auckland,Traffic Signals,,,,,0,0,Urban,0,,,Fine,Null
1762075.7395,5916962.7,905141,,516003,0,,0,2,,Null,2022/2023,REMUERA ROAD,KORAHA STREET,,Non-Injury Crash,No,2023,,West,,0,,Flat,,,,,,Bright sun,495300,0,0,0,4,,,0,,,,,,Auckland Region,Nil,2-way,Sealed,,0,0,,50,,None,0,0,,76,Auckland,Stop,,,,,0,0,Urban,0,,,Fine,None
1750748.7974,5929824.9287,905142,,509100,0,,0,1,,South,2024/2025,THOMAS HAMER PLACE,WILLIAM GAMBLE DRIVE,,Minor Crash,No,2025,,East,,0,,Hill Road,,,,,,Overcast,181116,1,0,0,2,,,0,,,,,,Auckland Region,Nil,2-way,Sealed,,0,0,,30,,None,0,0,,76,Auckland,Nil,,,,,0,0,Urban,1,,,Fine,Null
1766442.7083,5900324.8297,905143,,524713,0,,0,2,,Null,2024/2025,JOHN WALKER DRIVE,SHARLAND AVENUE,,Non-Injury Crash,No,2025,,North,,0,,Flat,,,,,,Dark,775813,0,0,0,2,,,0,,,,,,Auckland Region,Nil,2-way,Sealed,,0,0,,30,,On,0,0,,76,Auckland,Give way,,,,,0,0,Urban,0,,,Fine,None
1759116.7912,5925392.0563,905145,,508110,0,,0,0,,North,2024/2025,EVERSLEIGH ROAD,RUTHERFORD STREET,,Non-Injury Crash,No,2024,,South,,0,,Flat,,,,,,Bright sun,319900,0,0,0,2,,,0,,,,,,Auckland Region,Nil,2-way,Sealed,,0,0,,50,,None,2,0,,76,Auckland,Nil,,,,,0,0,Urban,0,,,Fine,Strong wind
1764418.9549,5904461.8468,905148,,522100,0,,0,1,,Null,2024/2025,WYLLIE ROAD,PUHINUI ROAD,,Non-Injury Crash,No,2024,,South,,0,,Hill Road,,,,,,Overcast,659100,0,0,0,4,,,0,,,1,,,Auckland Region,Nil,2-way,Sealed,,0,0,,50,,Off,0,0,,76,Auckland,Traffic Signals,,,,,0,0,Urban,0,,,Fine,Null
1758419.4679,5917654.5886,905155,,516001,0,,0,2,,West,2024/2025,SOUTHERN MOTORWAY,NEWMARKET VDT,,Non-Injury Crash,Yes,2025,,North,,0,,Flat,,,,,,Dark,490800,0,0,0,3,,,0,,,,,,Auckland Region,Overpass,1-way,Sealed,,0,0,,80,,On,0,0,,76,Auckland,Nil,,,,,0,0,Open,0,,,Fine,Null
1768583.4455,5882992.6398,905158,,525910,0,0,0,1,0,West,2024/2025,LOUGH BOURNE DRIVE,PAERATA ROAD,,Non-Injury Crash,No,2024,0,East,0,0,0,Flat,0,,0,,0,Bright sun,826603,0,0,0,2,0,0,0,0,1,,0,0,Auckland Region,Nil,2-way,Sealed,0,0,0,0,50,0,Null,1,0,,76,Auckland,Nil,0,0,0,0,0,0,Urban,0,0,0,Fine,Null
1759302.9443,5879751.4173,905160,,521152,0,0,0,1,0,West,2024/2025,WAIUKU ROAD,GLENBROOK STATION ROAD,,Non-Injury Crash,No,2025,0,West,0,0,0,Flat,0,,0,,0,Dark,832800,0,0,0,2,0,0,0,0,0,,0,1,Auckland Region,Nil,2-way,Sealed,0,0,0,0,80,0,None,0,0,,76,Auckland,Nil,0,0,0,0,0,0,Open,0,0,0,Fine,Null
1768453.1742,5899321.6055,905162,,525102,0,0,0,3,0,South,2024/2025,HOBART CRESCENT,MAHIA ROAD,,Non-Injury Crash,No,2025,0,South,0,0,0,Flat,0,,0,,0,Bright sun,769600,0,0,0,2,0,0,0,0,1,,0,0,Auckland Region,Nil,2-way,Sealed,0,0,0,0,50,0,Null,2,0,,76,Auckland,Nil,0,0,0,0,0,0,Urban,0,0,0,Fine,Null
1766389.3839,5899496.5077,905163,,524812,0,,0,0,,Null,2024/2025,DAMIAN WAY,LEAVER PLACE,,Non-Injury Crash,No,2025,,East,,0,,Flat,,,,,,Dark,774202,0,0,1,2,,,0,,,,,,Auckland Region,Nil,2-way,Sealed,,0,0,,30,,Off,0,0,,76,Auckland,Nil,,,,,0,0,Urban,1,,,Fine,Null
1755670.5879,5919269.7266,905167,,515420,0,,0,1,,Null,2024/2025,WILLIAMSON AVENUE,SCANLAN STREET,,Non-Injury Crash,No,2024,,North,,0,,Flat,,,,,,Bright sun,410600,0,0,0,2,,,0,,,,,,Auckland Region,Nil,2-way,Sealed,,0,0,,50,,None,0,0,,76,Auckland,Give way,,,,,0,0,Urban,1,,,Fine,Null
1773224.0208,5892417.6544,905172,,521301,0,,0,2,,North,2024/2025,GREAT SOUTH ROAD,YOUNG CRESCENT,,Non-Injury Crash,No,2024,,North,,0,,Null,,,,,,Bright sun,808701,0,0,0,2,,,0,,,,,,Auckland Region,Nil,2-way,Sealed,,0,0,,50,,Null,0,0,,76,Auckland,Nil,,,,,0,0,Urban,0,,,Fine,Null
1759014.9308,5910145.7185,905175,,524002,0,,0,2,,West,2024/2025,CHURCH ROAD,CORONATION ROAD,,Non-Injury Crash,No,2025,,West,,0,,Null,,,,,,Unknown,721800,0,0,0,2,,,0,,,,,,Auckland Region,Nil,2-way,Sealed,,0,0,,50,,Null,0,0,,76,Auckland,Nil,,,,,0,0,Urban,0,,,Fine,Null
1756432.4215,5915490.4129,905179,,518301,1,,0,1,,East,2024/2025,MARSDEN AVENUE,THORLEY STREET,,Serious Crash,No,2025,,West,,0,,Flat,,,,,,Bright sun,557800,0,0,0,1,,,0,,,,,,Auckland Region,Nil,1-way,Sealed,,0,1,,20,,None,0,0,10,76,Auckland,Nil,,,,,0,0,Urban,0,,,Fine,Null
1755667.1342,5931627.6121,905185,,508520,0,0,0,2,0,North,2024/2025,LAVERY PLACE,MANDICA PLACE,,Non-Injury Crash,No,2024,0,North,0,0,0,Flat,0,,0,,0,Bright sun,189705,0,0,0,0,0,0,0,0,1,,0,0,Auckland Region,Nil,2-way,Sealed,0,0,0,0,50,0,Off,0,0,,76,Auckland,Nil,0,0,0,0,0,0,Urban,0,0,0,Fine,Strong wind
1768975.1557,5909730.455,905194,,523113,0,,0,2,,East,2024/2025,SMALES ROAD,SIR WILLIAM AVENUE,,Non-Injury Crash,No,2024,,East,,0,,Flat,,,,,,Bright sun,711703,0,0,0,2,,,0,,,,,,Auckland Region,Nil,2-way,Sealed,,0,0,,50,,Off,0,0,,76,Auckland,Nil,,,,,0,0,Urban,0,,,Fine,Null
1769897.1656,5899955.261,905196,,523817,0,,0,2,,North,2024/2025,SOUTHERN MOTORWAY,PAPAKURA STM BR,,Serious Crash,Yes,2025,,South,,0,,Flat,,,,,,Bright sun,759739,1,0,0,3,,,0,,,,,,Auckland Region,Nil,1-way,Sealed,,0,1,,100,,Off,0,0,,76,Auckland,Nil,,,,,0,0,Open,0,,,Fine,Null
1747401.0935,5915974.5772,905199,,511601,0,0,0,1,0,South,2025/2026,FARQUHAR ROAD,GLENDENE AVENUE,,Non-Injury Crash,No,2025,0,South,0,0,0,Hill Road,0,,0,,0,Overcast,275400,0,0,0,2,0,0,0,0,1,,0,0,Auckland Region,Nil,2-way,Sealed,0,0,0,0,50,0,Off,1,0,,76,Auckland,Nil,0,0,0,0,0,0,Urban,0,0,0,Light rain,Null
1750944.7015,5918004.0303,905201,,514801,0,,0,1,,East,2025/2026,NORTH-WESTERN MOTORWAY,ROSEBANK BR,,Non-Injury Crash,Yes,2025,,East,,0,,Flat,,,,,,Bright sun,390402,0,0,0,5,,,0,,,,,,Auckland Region,Nil,1-way,Sealed,,0,0,,100,,Off,0,0,,76,Auckland,Nil,,,,,0,0,Open,1,,,Fine,Null
1755057.004,5924737.464,905210,,509800,0,,0,2,,East,2024/2025,ONEWA ROAD,SEAVIEW AVENUE,,Non-Injury Crash,No,2025,,East,,0,,Hill Road,,,,,,Overcast,361600,0,0,0,2,,,0,,,,,,Auckland Region,Nil,2-way,Sealed,,0,0,,50,,Off,0,0,,76,Auckland,Give way,,,,,0,0,Urban,0,,,Light rain,Null
1767301.6267,5904123.9682,905211,,524602,0,,0,2,,Null,2025/2026,BARROWCLIFFE PLACE,MANUKAU STATION ROAD,,Non-Injury Crash,No,2025,,North,,0,,Flat,,,,,,Overcast,780416,0,0,0,2,,,0,,,,,,Auckland Region,Nil,2-way,Sealed,,0,0,,50,,Off,0,0,,76,Auckland,Traffic Signals,,,,,0,0,Urban,0,,,Fine,Null
1755412.2539,5921947.1709,905212,,515202,0,,0,3,,South,2024/2025,WESTHAVEN DRIVE,CURRAN STREET,,Non-Injury Crash,No,2024,,North,,0,,Flat,,,,,,Overcast,423600,0,0,0,1,,,0,,,,,,Auckland Region,Nil,1-way,Sealed,,0,0,,50,,Off,0,0,30,76,Auckland,Traffic Signals,,,,,0,0,Urban,0,,,Fine,Null
1750211.2584,5915238.8706,905213,,514802,0,0,0,1,0,Null,2025/2026,ASH STREET,SANDY LANE,,Non-Injury Crash,No,2025,0,South,0,0,0,Flat,0,,0,,0,Overcast,386903,0,0,0,4,0,0,0,0,0,,0,0,Auckland Region,Nil,2-way,Sealed,0,0,0,0,50,0,Off,0,0,,76,Auckland,Give way,0,0,0,1,0,0,Urban,0,0,0,Fine,Null
1748450.5969,5911992.729,905216,,511902,0,0,0,1,1,West,2024/2025,GOLF ROAD,HILLING STREET,,Non-Injury Crash,No,2024,0,East,0,0,0,Hill Road,0,,0,,0,Overcast,293001,0,0,0,2,0,0,0,0,0,,0,0,Auckland Region,Nil,2-way,Sealed,0,0,0,0,50,0,Off,0,0,,76,Auckland,Nil,0,0,0,0,0,0,Urban,0,0,0,Light rain,Null
1746868.8642,5921396.3158,905221,,512201,0,0,0,1,0,South,2024/2025,TAIKATA ROAD,YEOVIL ROAD,,Non-Injury Crash,No,2025,0,West,0,0,1,Flat,0,,0,,0,Twilight,248100,0,0,0,2,0,0,0,0,0,,0,0,Auckland Region,Nil,2-way,Sealed,0,0,0,0,50,0,On,0,0,,76,Auckland,Nil,0,0,0,0,0,0,Urban,0,0,0,Fine,Null
1743996.3577,5921017.8839,905223,,513632,0,0,0,1,0,Null,2025/2026,WAIMUMU ROAD,ZITA MARIA DRIVE,,Minor Crash,No,2025,0,West,0,0,0,Flat,0,,0,,0,Dark,228101,1,0,0,2,0,0,0,0,0,,0,0,Auckland Region,Nil,2-way,Sealed,0,0,0,0,50,0,On,0,0,,76,Auckland,Stop,0,0,0,1,0,0,Urban,0,0,0,Fine,Null
1751867.9644,5934669.3877,905224,,508701,0,,0,2,,South,2024/2025,GILLS ROAD,LIVING STREAM ROAD,,Minor Crash,No,2024,,East,,0,,Hill Road,,,,,,Dark,178409,2,0,0,2,,,0,,,,,,Auckland Region,Nil,2-way,Sealed,,0,0,,50,,None,0,0,,76,Auckland,Nil,,,,,0,0,Urban,0,,,Fine,Null
1746652.1975,5916760.0562,905225,,512500,0,0,0,2,0,South,2023/2024,TE ATATU ROAD,CRON AVENUE,,Non-Injury Crash,No,2024,0,South,0,0,0,Flat,0,,0,,0,Dark,260000,0,0,0,2,0,0,0,0,1,,0,0,Auckland Region,Nil,2-way,Sealed,0,0,0,0,50,0,On,0,0,,76,Auckland,Nil,0,0,0,0,0,0,Urban,0,0,0,Fine,Null
1771354.7438,5900040.754,905227,45,523911,0,,0,2,,Null,2023/2024,POPES ROAD,PORCHESTER ROAD,,Non-Injury Crash,No,2023,,West,,0,,Flat,,,,,,Overcast,767202,0,0,0,2,,,0,,,,,,Auckland Region,Nil,2-way,Sealed,,0,0,,50,,Off,0,0,,76,Auckland,Stop,,,,,0,0,Urban,0,,,Fine,None
1743037.2965,5922412.4386,905229,,513610,0,,0,2,,North,2024/2025,DON BUCK ROAD,TRIANGLE ROAD,,Non-Injury Crash,No,2024,,North,,0,,Flat,,,,,,Twilight,226505,0,0,0,2,,,0,,,,,,Auckland Region,Nil,2-way,Sealed,,0,0,,50,,On,0,0,,76,Auckland,Nil,,,,,0,0,Urban,0,,,Light rain,Frost
1767781.6358,5903890.6118,905233,,524602,0,,0,1,,Null,2024/2025,GREAT SOUTH ROAD,GREAT SOUTH ROAD OFF RAMP,,Non-Injury Crash,No,2024,,South,,0,,Flat,,,,,,Overcast,780417,0,0,0,4,,,0,,,,,,Auckland Region,Motorway ramp,2-way,Sealed,,0,0,,50,,Off,0,0,40,76,Auckland,Traffic Signals,,,,,0,0,Urban,1,,,Light rain,Null
1753110.3841,5914738.3164,905237,,514500,0,,0,2,,North,2024/2025,SH 20,MAIORO STREET OFF RAMP,,Non-Injury Crash,Yes,2025,,South,,0,,Flat,,,,,,Bright sun,377302,0,0,0,3,,,0,,,,,,Auckland Region,Nil,1-way,Sealed,,0,0,,80,,Off,0,0,,76,Auckland,Nil,,,,,0,0,Open,1,,,Fine,Null
1747276.9627,5919527.6511,905238,,512402,0,,0,2,,North,2023/2024,TE ATATU ROAD,BRIDGE AVENUE,,Non-Injury Crash,No,2023,,North,,0,,Hill Road,,,,,,Overcast,253700,0,0,0,6,,,0,,,,,,Auckland Region,Nil,2-way,Sealed,,0,0,,50,,Off,0,0,,76,Auckland,Nil,,,,,0,0,Urban,0,,,Fine,Strong wind
1769592.8358,5908490.0773,905239,,523113,0,,0,0,,Null,2024/2025,TE IRIRANGI DRIVE,ACCENT DRIVE,,Minor Crash,No,2024,,Null,,0,,Flat,,,,,,Bright sun,711901,1,0,0,3,,,0,,,,,,Auckland Region,Nil,1-way,Sealed,,0,0,,60,,Off,1,0,,76,Auckland,Traffic Signals,,,,,0,1,Urban,0,,,Fine,Null
1758049.7895,5917399.7682,905241,,515700,0,,0,1,,Null,2025/2026,SILVER ROAD,GILLIES AVENUE,,Non-Injury Crash,No,2026,,Null,,0,,Flat,,,,,,Bright sun,443500,0,0,1,2,,,0,,,,,,Auckland Region,Nil,2-way,Sealed,,0,0,,50,,Null,0,0,,76,Auckland,Traffic Signals,,,,,0,0,Urban,0,,,Fine,Null
1744449.3605,5918307.3427,905244,,513302,0,,0,1,,North,2025/2026,RATHGAR ROAD,TI NANA CRESCENT,,Serious Crash,No,2026,,North,,0,,Flat,,,,,,Bright sun,233400,0,0,1,2,,,0,,,,,,Auckland Region,Nil,2-way,Sealed,,0,1,,50,,Off,0,0,,76,Auckland,Nil,,,,,0,0,Urban,0,,,Fine,Null
1757464.4749,5912437.6138,905245,,519810,0,,0,1,,Null,2023/2024,BEACHCROFT AVENUE,QUEENSTOWN ROAD ON RAMP,,Non-Injury Crash,No,2024,,West,,0,,Hill Road,,,,,,Bright sun,596700,0,0,0,1,,,0,,,,,,Auckland Region,Nil,1-way,Sealed,,0,0,,50,,Off,0,0,,76,Auckland,Give way,,,,,0,0,Urban,0,,,Fine,None
1749349.968,5913547.2166,905246,,511303,0,,0,2,,East,2025/2026,MARGAN AVENUE,MARGAN AVENUE,,Non-Injury Crash,No,2025,,East,,0,,Hill Road,,,,,,Overcast,264913,0,0,0,2,,,0,,,,,,Auckland Region,Nil,2-way,Sealed,,0,0,,50,,Off,0,0,,76,Auckland,Nil,,,,,0,0,Urban,0,,,Light rain,Null
1744078.7708,5922611.2114,905248,,513511,0,,0,1,,North,2025/2026,WESTGATE DRIVE,ROYAL ROAD,,Non-Injury Crash,No,2025,,South,,0,,Hill Road,,,,,,Dark,224303,0,0,0,3,,,0,,,,,,Auckland Region,Nil,2-way,Sealed,,0,0,,50,,On,0,0,,76,Auckland,Nil,,,,,0,0,Urban,1,,,Fine,Null
1754506.5989,5913985.1448,905254,,518802,0,,0,2,,West,2025/2026,STODDARD ROAD,GLENARM AVENUE,,Non-Injury Crash,No,2025,,South,,0,,Null,,,,,,Unknown,579200,0,0,0,2,,,0,,,,,,Auckland Region,Nil,2-way,Sealed,,0,0,,50,,Null,0,0,,76,Auckland,Nil,,,,,0,0,Urban,0,,,Null,Null
1746373.2197,5920136.1178,905255,,512402,0,,0,1,,East,2023/2024,NORTH-WESTERN MOTORWAY,HENDERSON CK BR,,Non-Injury Crash,Yes,2024,,North,,0,,Flat,,,,,,Dark,252100,0,0,0,3,,,0,,,,,,Auckland Region,Nil,1-way,Sealed,,0,0,,100,,On,0,0,,76,Auckland,Nil,,,,,0,2,Open,0,,,Fine,Null