X,Y,OBJECTID,advisorySpeed,areaUnitID,bicycle,bridge,bus,carStationWagon,cliffBank,crashDirectionDescription,crashFinancialYear,crashLocation1,crashLocation2,crashRoadSideRoad,crashSeverity,crashSHDescription,crashYear,debris,directionRoleDescription,ditch,fatalCount,fence,flatHill,guardRail,holiday,houseOrBuilding,intersection,kerb,light,meshblockId,minorInjuryCount,moped,motorcycle,NumberOfLanes,objectThrownOrDropped,otherObject,otherVehicleType,overBank,parkedVehicle,pedestrian,phoneBoxEtc,postOrPole,region,roadCharacter,roadLane,roadSurface,roadworks,schoolBus,seriousInjuryCount,slipOrFlood,speedLimit,strayAnimal,streetLight,suv,taxi,temporarySpeedLimit,tlaId,tlaName,trafficControl,trafficIsland,trafficSign,train,tree,truck,unknownVehicleType,urban,vanOrUtility,vehicle,waterRiver,weatherA,weatherB
1768747.4393,5904565.1468,905259,,523722,0,,0,1,,Null,2023/2024,HOLLYFORD DRIVE,REDOUBT ROAD,,Non-Injury Crash,No,2024,,South,,0,,Hill Road,,,,,,Bright sun,715909,0,0,0,2,,,0,,,,,,Auckland Region,Nil,2-way,Sealed,,0,0,,50,,Off,0,0,,76,Auckland,Traffic Signals,,,,,0,0,Urban,0,,,Fine,None
1747013.4869,5919152.6032,905262,,512402,0,,0,2,,North,2024/2025,TE ATATU ROAD,JAEMONT AVENUE,,Non-Injury Crash,No,2025,,South,,0,,Flat,,,,,,Bright sun,254400,0,0,0,4,,,0,,,,,,Auckland Region,Nil,2-way,Sealed,,0,0,,50,,Off,0,0,,76,Auckland,Nil,,,,,0,0,Urban,0,,,Fine,Null
1752710.5685,5930688.7256,905265,,508803,0,0,0,1,0,Null,2023/2024,LORIKEET PLACE,BLUEBIRD CRESCENT,,Non-Injury Crash,No,2024,0,North,0,0,0,Hill Road,0,,0,,0,Bright sun,180863,0,0,0,2,0,0,0,0,0,,0,0,Auckland Region,Nil,2-way,Sealed,0,0,0,0,50,0,Off,0,0,,76,Auckland,Give way,0,0,0,1,0,0,Urban,0,0,0,Fine,Null
1763969.8601,5912077.3149,905267,,520500,0,,0,1,,Null,2023/2024,VESTEY DRIVE,MOUNT WELLINGTON HIGHWAY,,Minor Crash,No,2024,,East,,0,,Flat,,,,,,Bright sun,637701,1,1,0,1,,,0,,,,,,Auckland Region,Nil,1-way,Sealed,,0,0,,50,,Off,0,0,,76,Auckland,Give way,,,,,0,0,Urban,0,,,Fine,Null
1748625.0454,5942747.1384,905269,,506201,0,,0,3,,North,2024/2025,NORTHERN MOTORWAY,WILKS OBR,,Minor Crash,Yes,2024,,North,,0,,Flat,,,,,,Overcast,176801,3,0,0,2,,,0,,,,,,Auckland Region,Nil,1-way,Sealed,,0,0,,100,,Off,0,0,,76,Auckland,Nil,,,,,0,0,Open,2,,,Light rain,Null
1729625.9671,5940049.0103,905270,,506800,0,,0,0,,Null,2024/2025,COMMERCIAL ROAD,PORTER CRESCENT,,Non-Injury Crash,Yes,2024,,South,,0,,Hill Road,,,,,,Dark,208700,0,0,0,2,,,0,,,1,,,Auckland Region,Nil,2-way,Sealed,,0,0,,50,,On,1,0,,76,Auckland,Nil,,,,,0,0,Urban,0,,,Fine,Null
1773196.5555,5896439.4278,905277,,525620,0,,0,2,,Null,2023/2024,CLEVEDON ROAD,WILLIS ROAD,,Non-Injury Crash,No,2024,,East,,0,,Flat,,,,,,Bright sun,797000,0,0,0,1,,,0,,,,,,Auckland Region,Nil,1-way,Sealed,,0,0,,50,,Off,0,0,,76,Auckland,Give way,,,,,0,0,Urban,0,,,Fine,Null
1763507.2291,5908973.9092,905278,,521901,0,0,0,2,0,South,2023/2024,WEKA STREET,WALMSLEY ROAD,,Non-Injury Crash,No,2023,0,North,0,0,0,Flat,0,,0,,0,Bright sun,783500,0,0,0,2,0,0,0,0,1,,0,0,Auckland Region,Nil,2-way,Sealed,0,0,0,0,50,0,Null,0,0,,76,Auckland,Nil,0,0,0,0,0,0,Urban,0,0,0,Fine,None
1755265.4388,5925683.1431,905280,,509701,0,0,0,1,0,West,2025/2026,RALEIGH ROAD,POTTER AVENUE,,Non-Injury Crash,No,2025,0,East,0,0,0,Hill Road,0,,0,,0,Dark,362400,0,0,0,2,0,0,0,0,1,,0,0,Auckland Region,Nil,2-way,Sealed,0,0,0,0,50,0,On,1,0,,76,Auckland,Nil,0,0,0,0,0,0,Urban,0,0,0,Fine,Null
1747725.3825,5916154.0138,905283,,511601,0,,0,2,,Null,2024/2025,HEPBURN ROAD,CULPERRY ROAD,,Non-Injury Crash,No,2024,,North,,0,,Flat,,,,,,Overcast,274206,0,0,0,2,,,0,,,,,,Auckland Region,Nil,2-way,Sealed,,0,0,,50,,None,0,0,,76,Auckland,Nil,,,,,0,0,Urban,0,,,Fine,Null
1759346.7327,5918703.0394,905289,,515901,0,,0,1,,Null,2024/2025,BRIGHTON ROAD,SHORE ROAD,,Minor Crash,No,2025,,South,,0,,Flat,,,,,,Dark,456900,1,0,0,2,,,0,,,1,,,Auckland Region,Nil,2-way,Sealed,,0,0,,50,,On,0,1,,76,Auckland,Give way,,,,,0,0,Urban,0,,,Heavy rain,Null
1758909.5962,5907622.7259,905291,,524002,0,,0,1,,North,2024/2025,KIRKBRIDE ROAD,KIRKBRIDE ROAD,,Minor Crash,No,2025,,South,,0,,Flat,,,,,,Bright sun,725601,1,0,1,2,,,0,,,,,,Auckland Region,Nil,2-way,Sealed,,0,0,,60,,Off,0,0,50,76,Auckland,Nil,,,,,0,0,Urban,0,,,Fine,Null
1768439.9751,5899393.3228,905296,,525102,0,0,0,1,0,Null,2025/2026,MAHIA ROAD,HOBART CRESCENT,,Non-Injury Crash,No,2025,0,West,0,0,1,Flat,0,,0,,0,Dark,769600,0,0,0,2,0,0,0,0,0,,0,0,Auckland Region,Nil,2-way,Sealed,0,0,0,0,50,0,None,0,0,,76,Auckland,Give way,0,0,0,0,0,0,Urban,0,0,0,Heavy rain,Null
1760940.9999,5906082.9961,905297,,524200,0,,0,2,,Null,2022/2023,MASSEY ROAD,PUKAKI ROAD,,Non-Injury Crash,No,2023,,West,,0,,Flat,,,,,,Bright sun,728627,0,0,0,2,,,0,,,,,,Auckland Region,Nil,2-way,Sealed,,0,0,,50,,Off,0,0,,76,Auckland,Give way,,,,,0,0,Urban,0,,,Fine,None
1769418.6555,5902188.1049,905298,,524901,0,,0,3,,North,2024/2025,SOUTHERN MOTORWAY,HILL ROAD ON RAMP,,Non-Injury Crash,Yes,2025,,North,,0,,Flat,,,,,,Twilight,755600,0,0,0,3,,,0,,,,,,Auckland Region,Nil,1-way,Sealed,,0,0,,100,,On,0,0,,76,Auckland,Nil,,,,,0,0,Open,1,,,Fine,Null
1761423.157,5913872.4689,905304,,519500,0,,0,2,,West,2024/2025,GREAT SOUTH ROAD,STATION ROAD,,Non-Injury Crash,No,2025,,South,,0,,Null,,,,,,Unknown,620800,0,0,0,4,,,0,,,,,,Auckland Region,Nil,2-way,Null,,0,0,,50,,Null,0,0,,76,Auckland,Nil,,,,,0,0,Urban,0,,,Null,Null
1754840.8811,5930517.7343,905306,,508520,0,,0,4,,South,2024/2025,NORTHERN MOTORWAY,CONSTELLATION DRIVE,,Non-Injury Crash,Yes,2025,,South,,0,,Flat,,,,,,Dark,192700,0,0,0,2,,,0,,,,,,Auckland Region,Nil,1-way,Sealed,,0,0,,100,,On,0,0,,76,Auckland,Nil,,,,,0,0,Open,1,,,Heavy rain,Null
1767688.8598,5907721.4761,905309,,523502,0,,0,1,,Null,2024/2025,EAST TAMAKI ROAD,HILLS ROAD,,Non-Injury Crash,No,2024,,East,,0,,Flat,,,,,,Dark,701900,0,0,0,1,,,0,,,,,,Auckland Region,Nil,2-way,Sealed,,0,0,,50,,On,0,0,,76,Auckland,Traffic Signals,,,,,0,0,Urban,1,,,Light rain,None
1752731.4313,5918084.1,905314,,515003,0,,0,2,,West,2024/2025,GREAT NORTH ROAD OFF RAMP,NORTH-WESTERN MOTORWAY,,Non-Injury Crash,No,2024,,West,,0,,Null,,,,,,Bright sun,390600,0,0,0,1,,,0,,,,,,Auckland Region,Nil,1-way,Sealed,,0,0,,100,,Null,0,0,,76,Auckland,Nil,,,,,0,0,Open,0,,,Fine,Null
1780114.3725,5901646.4498,905316,,525201,0,0,0,1,0,South,2024/2025,PAPAKURA-CLEVEDON ROAD,CLEVEDON-TAKANINI ROAD,,Non-Injury Crash,No,2025,0,South,0,0,0,Flat,1,,0,,0,Dark,763400,0,0,0,2,0,0,0,0,0,,0,0,Auckland Region,Bridge,2-way,Sealed,0,0,0,0,80,0,None,0,0,,76,Auckland,Nil,0,0,0,0,0,0,Open,0,0,0,Fine,Null
1745455.3804,5917242.1656,905317,,510700,0,,0,2,,Null,2023/2024,GREAT NORTH ROAD,RAILSIDE AVENUE,,Minor Crash,No,2024,,West,,0,,Flat,,,,,,Bright sun,239900,2,0,0,4,,,0,,,,,,Auckland Region,Nil,2-way,Sealed,,0,0,,50,,Off,0,0,,76,Auckland,Traffic Signals,,,,,0,0,Urban,0,,,Fine,Null
1752992.3966,5914146.2348,905319,,514500,0,,0,2,,East,2024/2025,MAIORO STREET,ROSAMUND AVENUE,,Serious Crash,No,2024,,East,,0,,Flat,,,,,,Dark,376300,0,0,0,4,,,0,,,,,,Auckland Region,Nil,2-way,Sealed,,0,2,,50,,On,0,0,,76,Auckland,Nil,,,,,0,0,Urban,0,,,Fine,Null
1773063.226,5891881.0736,905320,,521301,0,,0,1,,West,2024/2025,BREMNER ROAD,FIRTH STREET,,Minor Crash,No,2025,,East,,0,,Flat,,,,,,Twilight,808701,1,0,0,2,,,0,,,,,,Auckland Region,Nil,2-way,Sealed,,0,0,,50,,On,0,0,,76,Auckland,Nil,,,,,1,0,Urban,0,,,Fine,Null
1745855.0465,5916996.6791,905321,,510800,0,0,0,2,0,South,2024/2025,MONTEL AVENUE,GREAT NORTH ROAD,,Non-Injury Crash,No,2024,0,North,0,0,0,Null,0,,0,,0,Overcast,243300,0,0,0,2,0,0,0,0,1,,0,0,Auckland Region,Nil,2-way,Sealed,0,0,0,0,50,0,Null,0,0,,76,Auckland,Nil,0,0,0,0,0,1,Urban,0,0,0,Light rain,Null
1758928.9286,5917119.7066,905322,,516001,0,,1,1,,North,2024/2025,SOUTHERN MOTORWAY,MARKET ROAD OFF RAMP,,Non-Injury Crash,Yes,2024,,South,,0,,Null,,,,,,Bright sun,491200,0,0,0,4,,,0,,,,,,Auckland Region,Nil,1-way,Sealed,,0,0,,80,,Null,0,0,,76,Auckland,Nil,,,,,0,0,Open,0,,,Null,Null
1759428.2854,5910241.0096,905323,,524002,0,,0,2,,Null,2024/2025,RIMU ROAD,RIMU ROAD ON RAMP,,Non-Injury Crash,No,2025,,East,,0,,Flat,,,,,,Overcast,722000,0,0,0,2,,,0,,,,,,Auckland Region,Motorway ramp,2-way,Sealed,,0,0,,50,,Off,0,0,,76,Auckland,Give way,,,,,0,0,Urban,0,,,Light rain,Null
1777025.4234,5880270.3426,905326,,521160,0,0,0,1,0,North,2024/2025,BEAVER ROAD WEST OFF RAMP,GREAT SOUTH ROAD,,Non-Injury Crash,No,2024,0,North,0,0,1,Flat,0,,0,,0,Overcast,828204,0,0,0,1,0,0,0,0,0,,0,0,Auckland Region,Motorway ramp,1-way,Sealed,0,0,0,0,100,0,Off,0,0,,76,Auckland,Nil,0,0,0,0,0,0,Open,0,0,0,Heavy rain,Null
1756531.38,5919693.8791,905330,,514000,0,,0,2,,North,2025/2026,NORTH-WESTERN TO NORTHERN LINK,HOPETOUN OBR,,Non-Injury Crash,Yes,2025,,North,,0,,Hill Road,,,,,,Bright sun,413300,0,0,0,2,,,0,,,,,,Auckland Region,Motorway ramp,1-way,Sealed,,0,0,,80,,Off,0,0,,76,Auckland,Nil,,,,,0,0,Open,0,,,Fine,Null
1763940.6328,5918886.1981,905334,,516500,0,,0,1,,Null,2025/2026,KOHIMARAMA ROAD,SOUTHERN CROSS ROAD,,Minor Crash,No,2025,,South,,0,,Flat,,,,,,Overcast,503300,1,0,1,2,,,0,,,,,,Auckland Region,Nil,2-way,Sealed,,0,0,,50,,Off,0,0,,76,Auckland,Give way,,,,,0,0,Urban,0,,,Fine,Null
1765657.9905,5904909.1028,905342,,524603,0,,0,1,,South,2025/2026,PLUNKET AVENUE,PUHINUI ROAD,,Non-Injury Crash,No,2025,,North,,0,,Flat,,,,,,Unknown,673402,0,0,0,2,,,0,,,,,,Auckland Region,Nil,2-way,Sealed,,0,0,,50,,Null,0,0,,76,Auckland,Nil,,,,,0,1,Urban,0,,,Fine,None
1765250.0155,5909443.1861,905344,,521802,0,,0,3,,North,2024/2025,SOUTHERN MOTORWAY,TAMAKI RIV BR,,Non-Injury Crash,Yes,2025,,North,,0,,Flat,,,,,,Dark,788400,0,0,0,3,,,0,,,,,,Auckland Region,Nil,1-way,Sealed,,0,0,,100,,On,1,0,,76,Auckland,Nil,,,,,0,0,Open,0,,,Light rain,Null
1759987.8333,5915659.4752,905348,,519400,0,,0,2,,Null,2024/2025,GREAT SOUTH ROAD,PURIRI AVENUE,,Non-Injury Crash,No,2025,,North,,0,,Null,,Queens Birthday,,,,Unknown,617000,0,0,0,5,,,0,,,,,,Auckland Region,Nil,2-way,Sealed,,0,0,,50,,Null,0,0,,76,Auckland,Stop,,,,,0,0,Urban,0,,,Fine,Null
1753162.3271,5912279.3961,905349,,518902,0,0,0,2,0,North,2023/2024,COMMODORE DRIVE,ORCADES PLACE,,Non-Injury Crash,No,2024,0,North,0,0,0,Hill Road,0,,0,,0,Bright sun,586700,0,0,0,2,0,0,0,0,1,,0,0,Auckland Region,Nil,2-way,Sealed,0,0,0,0,50,0,Off,0,0,,76,Auckland,Nil,0,0,0,0,0,0,Urban,1,0,0,Fine,Null
1773455.5462,5891858.2922,905350,,521301,0,,0,2,,Null,2025/2026,WAIHOEHOE ROAD,GREAT SOUTH ROAD,,Minor Crash,No,2025,,West,,0,,Flat,,,,,,Overcast,809005,1,0,0,2,,,0,,,,,,Auckland Region,Nil,2-way,Sealed,,0,0,,50,,Off,0,0,,76,Auckland,Give way,,,,,0,0,Urban,0,,,Fine,Null
1771945.211,5914705.7998,905355,,521602,0,,0,1,,South,2023/2024,MOORE STREET,HOWE STREET,,Non-Injury Crash,No,2024,,South,,0,,Flat,,Easter,,,,Bright sun,650100,0,0,0,2,,,0,,,,,,Auckland Region,Nil,2-way,Sealed,,0,0,,50,,Off,0,0,,76,Auckland,Nil,,,,,0,0,Urban,1,,,Fine,Null
1750658.0175,5928457.3056,905356,,509100,0,0,0,1,0,Null,2025/2026,UPPER HARBOUR DRIVE,SHELTER DRIVE,,Non-Injury Crash,No,2025,0,East,0,0,0,Flat,0,,0,,0,Dark,181400,0,0,0,2,0,0,0,0,0,,0,0,Auckland Region,Nil,2-way,Sealed,0,0,0,0,60,0,On,0,0,,76,Auckland,Stop,1,0,0,0,0,0,Urban,0,0,0,Fine,Null
1747797.7456,5911353.5224,905358,,511902,0,,0,1,,North,2024/2025,TITIRANGI ROAD,GODLEY ROAD,,Non-Injury Crash,No,2025,,North,,0,,Flat,,,,,,Bright sun,293002,0,0,0,2,,,0,,,,,,Auckland Region,Nil,2-way,Sealed,,0,0,,50,,Off,0,0,,76,Auckland,Nil,,,,,0,0,Urban,1,,,Fine,Null
1771865.9103,5898660.5769,905365,,523912,0,,0,1,,Null,2022/2023,PORCHESTER ROAD,KAURI HEART AVENUE,,Non-Injury Crash,No,2023,,North,,0,,Flat,,,,,,Dark,765410,0,0,0,4,,,0,,,,,,Auckland Region,Nil,2-way,Sealed,,0,0,,50,,On,1,0,,76,Auckland,Traffic Signals,,,,,0,0,Urban,0,,,Fine,None
1760025.9561,5907194.4945,905372,,524112,0,,0,2,,North,2024/2025,BADER DRIVE,ORLY AVENUE,,Non-Injury Crash,No,2025,,North,,0,,Flat,,,,,,Bright sun,737500,0,0,0,2,,,0,,,,,,Auckland Region,Nil,2-way,Sealed,,0,0,,50,,Null,0,0,,76,Auckland,Nil,,,,,0,0,Urban,0,,,Fine,Null
1771084.6155,5898435.9605,905374,,523912,0,,0,2,,North,2024/2025,TAKANINI ROAD,BEACH ROAD,,Non-Injury Crash,No,2025,,South,,0,,Flat,,,,,,Overcast,767701,0,0,0,2,,,0,,,,,,Auckland Region,Nil,2-way,Sealed,,0,0,,50,,Off,0,0,,76,Auckland,Nil,,,,,0,0,Urban,0,,,Fine,Null
1761740.2195,5906559.4557,905379,,524112,0,,0,2,,Null,2024/2025,MASSEY ROAD,MASSEY ROAD OFF RAMP,,Minor Crash,No,2024,,North,,0,,Flat,,,,,,Dark,742300,1,0,0,6,,,0,,,,,,Auckland Region,Motorway ramp,2-way,Sealed,,0,0,,50,,On,0,0,,76,Auckland,Traffic Signals,,,,,0,0,Urban,0,,,Fine,Null
1758830.0009,5912171.993,905380,,519820,0,,0,2,,Null,2025/2026,CHURCH STREET,SELWYN STREET,,Non-Injury Crash,No,2025,,West,,0,,Flat,,,,,,Overcast,601700,0,0,0,2,,,0,,,,,,Auckland Region,Nil,2-way,Sealed,,0,0,,50,,Off,0,0,,76,Auckland,Traffic Signals,,,,,0,0,Urban,0,,,Light rain,Null
1754053.0588,5930782.0244,905382,,508420,0,,0,1,,Null,2025/2026,SUNSET ROAD,MEADOWOOD DRIVE,,Minor Crash,No,2025,,South,,0,,Flat,,,,,,Bright sun,182008,1,0,0,2,,,0,,,1,,,Auckland Region,Nil,2-way,Sealed,,0,0,,50,,Off,0,0,,76,Auckland,Nil,,,,,0,0,Urban,0,,,Fine,Null
1768056.8895,5913583.6683,905385,,523000,0,0,0,1,0,North,2024/2025,PORTADOWN AVENUE,LARNE AVENUE,,Minor Crash,No,2025,0,North,0,0,0,Hill Road,0,,0,,0,Overcast,690700,1,0,0,2,0,0,0,0,0,,0,1,Auckland Region,Nil,2-way,Sealed,0,0,0,0,50,0,Off,0,0,,76,Auckland,Nil,0,0,0,0,0,0,Urban,0,0,0,Fine,Null
1755376.53,5924711.1045,905388,,509800,0,,0,2,,Null,2024/2025,ONEWA ROAD,CHURCH STREET,,Non-Injury Crash,No,2025,,West,,0,,Flat,,,,,,Overcast,360200,0,0,0,4,,,0,,,,,,Auckland Region,Nil,2-way,Sealed,,0,0,,50,,Off,0,0,,76,Auckland,Give way,,,,,0,0,Urban,0,,,Fine,Null
1734991.5819,5932636.9319,905395,,505605,0,,0,2,,East,2025/2026,OLD NORTH ROAD,WAIKOUKOU VALLEY ROAD,,Non-Injury Crash,No,2025,,East,,0,,Flat,,,,,,Dark,215700,0,0,0,1,,,0,,,,,,Auckland Region,Bridge,2-way,Sealed,,0,0,,80,,None,0,0,,76,Auckland,Give way,,,,,0,0,Open,0,,,Fine,Null
1761503.6201,5914175.1497,905398,,520202,0,,0,0,,South,2024/2025,SOUTHERN MOTORWAY,PENROSE INT S,,Non-Injury Crash,Yes,2025,,West,,0,,Flat,,,,,,Overcast,612300,0,0,0,3,,,0,,,,,,Auckland Region,Nil,1-way,Sealed,,0,0,,100,,Off,1,0,,76,Auckland,Nil,,,,,0,0,Open,1,,,Light rain,Null
1749255.3003,5913588.3532,905399,,511303,0,0,0,0,0,Null,2024/2025,MARGAN AVENUE,TITIRANGI ROAD,,Non-Injury Crash,No,2025,0,North,0,0,0,Flat,0,,0,,0,Dark,264913,0,0,0,2,0,0,0,0,0,,0,0,Auckland Region,Nil,2-way,Sealed,0,0,0,0,50,0,On,1,0,,76,Auckland,Traffic Signals,0,1,0,0,0,0,Urban,0,0,0,Fine,Null
1767301.3741,5902967.5427,905403,,524602,0,0,0,1,0,Null,2023/2024,DRUCES ROAD,KERRS ROAD,,Non-Injury Crash,No,2024,0,North,0,0,0,Flat,0,,0,,0,Dark,780404,0,0,0,2,0,0,0,0,0,,0,0,Auckland Region,Nil,1-way,Sealed,0,0,0,0,50,0,On,0,0,,76,Auckland,Traffic Signals,1,1,0,0,0,0,Urban,0,0,0,Light rain,Null
1765197.2952,5904811.6909,905407,35,522400,0,,0,2,,South,2023/2024,CAMBRIDGE TERRACE,BRIDGE STREET,,Non-Injury Crash,No,2024,,South,,0,,Flat,,,,,,Overcast,673301,0,0,0,2,,,0,,,,,,Auckland Region,Nil,2-way,Sealed,,0,0,,50,,None,0,0,,76,Auckland,Nil,,,,,0,0,Urban,0,,,Fine,None
1734311.5389,5945724.8987,905409,,506646,0,,0,1,,Null,2025/2026,KAIPARA COAST HIGHWAY,KAHIKATEA FLAT ROAD,,Minor Crash,Yes,2025,,South,,0,,Flat,,,,,,Overcast,213000,1,0,0,2,,,0,,,,,,Auckland Region,Nil,2-way,Sealed,,0,0,,80,,Off,0,0,,76,Auckland,Give way,,,,,0,0,Open,1,,,Fine,Null
1772088.6588,5898034.7717,905416,,523912,0,,0,2,,Null,2024/2025,PORCHESTER ROAD,WALTERS ROAD,,Non-Injury Crash,No,2024,,North,,0,,Flat,,,,,,Overcast,767400,0,0,0,2,,,0,,,,,,Auckland Region,Nil,2-way,Sealed,,0,0,,50,,Off,0,0,,76,Auckland,Give way,,,,,0,0,Urban,0,,,Fine,Null
1745726.1924,5919727.3388,905417,,513301,0,,0,1,,West,2024/2025,UNIVERSAL DRIVE,CENTRAL PARK DRIVE,,Non-Injury Crash,No,2024,,West,,0,,Null,,,,,,Unknown,230401,0,0,0,2,,,0,,,,,,Auckland Region,Nil,2-way,Sealed,,0,0,,50,,Null,1,0,,76,Auckland,Nil,,,,,0,0,Urban,0,,,Fine,Null
1729761.8025,5940348.0944,905419,,506800,0,,0,1,,Null,2024/2025,GARFIELD ROAD,GREEN LANE,,Serious Crash,Yes,2025,,North,,0,,Hill Road,,,,,,Bright sun,208400,1,0,0,2,,,0,,,,,,Auckland Region,Nil,2-way,Sealed,,0,1,,50,,Off,0,0,,76,Auckland,Give way,,,,,1,0,Urban,0,,,Fine,Null
1757673.9255,5918294.054,905422,,518101,0,,0,2,,Null,2024/2025,SOUTHERN MOTORWAY,KHYBER PASS ROAD OFF RAMP,,Non-Injury Crash,Yes,2024,,North,,0,,Null,,,,,,Dark,543000,0,0,0,4,,,0,,,,,,Auckland Region,Nil,1-way,Sealed,,0,0,,80,,On,0,0,,76,Auckland,Nil,,,,,0,0,Open,0,,,Fine,Null
1774021.9405,5902836.5371,905424,,523813,0,,0,0,,Null,2025/2026,ALFRISTON ROAD,ALFRISTON-ARDMORE ROAD,,Minor Crash,No,2025,,North,,0,,Flat,,,,,,Overcast,760902,2,0,0,2,,,0,,,,,,Auckland Region,Nil,2-way,Sealed,,0,0,,80,,Off,1,0,,76,Auckland,Nil,,,,,0,0,Open,2,,,Fine,Null
1772870.8124,5900626.8073,905426,,523813,0,,0,2,,Null,2025/2026,MILL ROAD,POPES ROAD,,Minor Crash,No,2025,,South,,0,,Flat,,,,,,Dark,761000,1,0,0,2,,,0,,,,,,Auckland Region,Nil,2-way,Sealed,,0,0,,80,,None,0,0,,76,Auckland,Give way,,,,,0,0,Open,0,,,Fine,Null
1766722.348,5912546.7397,905429,,522920,0,0,0,1,0,West,2024/2025,AUREA AVENUE,MATTSON ROAD,,Non-Injury Crash,No,2025,0,East,0,0,1,Flat,0,,0,,0,Bright sun,684602,0,0,0,2,0,0,0,0,0,,0,1,Auckland Region,Nil,2-way,Sealed,0,0,0,0,50,0,Null,0,0,,76,Auckland,Nil,0,0,0,0,0,0,Urban,0,0,0,Fine,Null
1750986.1672,5918029.7351,905433,,514801,0,,0,1,,East,2024/2025,NORTH-WESTERN MOTORWAY,ROSEBANK BR,,Non-Injury Crash,Yes,2025,,East,,0,,Flat,,,,,,Dark,390402,0,0,0,4,,,0,,,,,,Auckland Region,Motorway ramp,1-way,Sealed,,0,0,,100,,On,0,0,80,76,Auckland,Nil,,,,,0,0,Open,1,,,Fine,Null
1762723.1971,5905673.4084,905434,,524200,0,0,0,1,0,North,2024/2025,SOUTH-WESTERN MOTORWAY,PORTAGE OBR,,Non-Injury Crash,Yes,2025,0,North,0,0,0,Flat,2,,0,,0,Bright sun,729100,0,0,0,2,0,0,0,0,0,,0,0,Auckland Region,Nil,1-way,Sealed,0,0,0,0,100,0,Off,0,0,,76,Auckland,Nil,0,0,0,0,0,0,Open,0,0,0,Fine,Null
1748859.1584,5918450.8807,905436,,514801,0,,0,1,,South,2024/2025,NORTH-WESTERN MOTORWAY,PATIKI FTBR,,Non-Injury Crash,Yes,2025,,West,,0,,Flat,,,,,,Dark,389200,0,0,0,4,,,0,,,,,,Auckland Region,Nil,1-way,Sealed,,0,0,,100,,On,1,0,,76,Auckland,Nil,,,,,0,0,Open,0,,,Heavy rain,Null
1770909.7196,5898380.6427,905438,,523912,0,,1,0,,East,2024/2025,GREAT SOUTH ROAD,GRAHAM ROAD,,Non-Injury Crash,No,2025,,North,,0,,Flat,,,,,,Overcast,767600,0,0,0,2,,,0,,,,,,Auckland Region,Nil,2-way,Sealed,,0,0,,50,,Off,1,0,,76,Auckland,Nil,,,,,0,0,Urban,1,,,Light rain,Null
1769974.3438,5907293.4907,905439,,523713,0,0,0,0,0,West,2025/2026,ORMISTON ROAD,WHENUA ROAD,,Non-Injury Crash,No,2026,0,West,0,0,0,Flat,1,,0,,0,Dark,713100,0,0,0,2,0,0,0,0,0,,0,0,Auckland Region,Bridge,1-way,Sealed,0,0,0,0,50,0,On,0,0,,76,Auckland,Nil,0,0,0,0,0,0,Urban,1,0,0,Fine,Null
1762166.7776,5913221.9612,905442,,520500,0,,0,1,,South,2024/2025,GREAT SOUTH ROAD,HOLLOWAY PLACE,,Non-Injury Crash,No,2025,,North,,0,,Flat,,,,,,Overcast,637200,0,0,0,4,,,0,,,,,,Auckland Region,Nil,2-way,Sealed,,0,0,,50,,None,1,0,,76,Auckland,Nil,,,,,0,0,Urban,0,,,Light rain,Null
1749494.3565,5945832.6984,905451,,505806,0,,0,1,,Null,2025/2026,BRIAN SMITH DRIVE,HIBISCUS COAST HIGHWAY,,Non-Injury Crash,No,2025,,South,,0,,Hill Road,,,,,,Overcast,176602,0,0,0,4,,,0,,,,,,Auckland Region,Nil,2-way,Sealed,,0,0,,50,,Null,0,0,,76,Auckland,Give way,,,,,0,1,Urban,0,,,Light rain,Null
1757755.2828,5920984.2173,905455,,514101,0,,1,1,,Null,2025/2026,QUAY STREET,GORE STREET,,Non-Injury Crash,No,2025,,West,,0,,Flat,,,,,,Overcast,438103,0,0,0,2,,,0,,,,,,Auckland Region,Nil,1-way,Sealed,,0,0,,30,,None,0,0,20,76,Auckland,Traffic Signals,,,,,0,0,Urban,0,,,Fine,Null
1758664.9072,5926056.8962,905457,,508020,0,0,0,3,0,South,2024/2025,JUTLAND ROAD,LAKE ROAD,,Non-Injury Crash,No,2025,0,South,0,0,0,Flat,0,,0,,0,Overcast,324000,0,0,0,2,0,0,0,0,1,,0,0,Auckland Region,Nil,2-way,Sealed,0,0,0,0,50,0,Off,0,0,,76,Auckland,Nil,0,0,0,0,0,0,Urban,0,0,0,Fine,Null
1759506.355,5907372.6695,905458,,524122,0,,0,2,,Null,2025/2026,IDLEWILD AVENUE,VALIANT STREET,,Non-Injury Crash,No,2025,,East,,0,,Flat,,,,,,Bright sun,738300,0,0,0,2,,,0,,,,,,Auckland Region,Nil,2-way,Sealed,,0,0,,50,,Off,0,0,,76,Auckland,Give way,,,,,0,0,Urban,0,,,Fine,Null