X,Y,OBJECTID,advisorySpeed,areaUnitID,bicycle,bridge,bus,carStationWagon,cliffBank,crashDirectionDescription,crashFinancialYear,crashLocation1,crashLocation2,crashRoadSideRoad,crashSeverity,crashSHDescription,crashYear,debris,directionRoleDescription,ditch,fatalCount,fence,flatHill,guardRail,holiday,houseOrBuilding,intersection,kerb,light,meshblockId,minorInjuryCount,moped,motorcycle,NumberOfLanes,objectThrownOrDropped,otherObject,otherVehicleType,overBank,parkedVehicle,pedestrian,phoneBoxEtc,postOrPole,region,roadCharacter,roadLane,roadSurface,roadworks,schoolBus,seriousInjuryCount,slipOrFlood,speedLimit,strayAnimal,streetLight,suv,taxi,temporarySpeedLimit,tlaId,tlaName,trafficControl,trafficIsland,trafficSign,train,tree,truck,unknownVehicleType,urban,vanOrUtility,vehicle,waterRiver,weatherA,weatherB
1755232.1457,5925693.579,905459,,509701,0,0,0,1,0,East,2025/2026,RALEIGH ROAD,HOLDAWAY AVENUE,,Non-Injury Crash,No,2025,0,West,0,0,0,Flat,0,,0,,0,Twilight,362400,0,0,0,2,0,0,0,0,1,,0,0,Auckland Region,Nil,2-way,Sealed,0,0,0,0,50,0,On,0,0,,76,Auckland,Nil,0,0,0,0,0,0,Urban,1,0,0,Fine,Null
1767488.5691,5904621.6934,905460,,524604,0,,0,1,,Null,2025/2026,RONWOOD AVENUE,LEYTON WAY,,Non-Injury Crash,No,2025,,East,,0,,Flat,,,,,,Dark,780209,0,0,0,1,,,0,,,,,,Auckland Region,Nil,1-way,Sealed,,0,0,,50,,On,0,0,,76,Auckland,Give way,,,,,0,1,Urban,0,,,Light rain,Null
1755223.1325,5918253.8809,905464,,517500,0,,0,2,,West,2024/2025,NORTH-WESTERN MOTORWAY,BOND OBR,,Non-Injury Crash,Yes,2025,,West,,0,,Null,,,,,,Unknown,529900,0,0,0,4,,,0,,,,,,Auckland Region,Nil,1-way,Null,,0,0,,80,,Null,0,0,,76,Auckland,Nil,,,,,0,0,Open,0,,,Null,Null
1748505.456,5918762.2255,905468,,514801,0,0,0,1,0,West,2024/2025,NORTH-WESTERN MOTORWAY,PATIKI OBR,,Non-Injury Crash,Yes,2025,1,West,0,0,0,Flat,0,,0,,0,Bright sun,389300,0,0,0,4,0,0,0,0,0,,0,0,Auckland Region,Nil,1-way,Sealed,0,0,0,0,100,0,Off,1,0,,76,Auckland,Nil,0,0,0,0,0,0,Open,0,0,0,Fine,Null
1769658.863,5918010.3756,905470,,522601,0,0,1,1,0,South,2025/2026,THE PARADE,WHARF ROAD,,Minor Crash,No,2025,0,South,0,0,0,Flat,0,,0,,0,Bright sun,676000,1,0,0,2,0,0,0,0,0,,0,0,Auckland Region,Nil,2-way,Sealed,0,0,0,0,50,0,Off,0,0,,76,Auckland,Nil,0,0,0,0,0,0,Urban,0,1,0,Fine,Null
1774043.1841,5887360.3022,905474,,521132,0,0,0,1,1,Null,2025/2026,ARARIMU ROAD,GREAT SOUTH ROAD,,Non-Injury Crash,No,2025,0,West,0,0,0,Flat,0,,0,,0,Dark,814003,0,0,0,2,0,0,0,0,0,,0,0,Auckland Region,Nil,2-way,Sealed,0,0,0,0,80,0,On,0,0,,76,Auckland,Give way,0,0,0,1,0,0,Open,0,0,0,Fine,Null
1767253.378,5905583.9561,905475,,522302,0,,0,2,,West,2024/2025,REAGAN ROAD,MEADOWCOURT DRIVE,,Minor Crash,No,2024,,East,,0,,Flat,,,,,,Bright sun,670700,2,0,0,3,,,0,,,2,,,Auckland Region,Bridge,2-way,Sealed,,0,0,,50,,Off,0,0,30,76,Auckland,Nil,,,,,0,0,Urban,0,,,Fine,Null
1756572.0549,5919158.3,905479,,514200,0,0,1,2,0,North,2024/2025,NORTH-WESTERN MOTORWAY,NEWTON ROAD,,Non-Injury Crash,Yes,2024,0,South,0,0,0,Hill Road,0,,0,,0,Dark,411900,0,0,0,2,0,1,0,0,0,,0,0,Auckland Region,Nil,1-way,Unsealed,0,0,0,0,80,0,On,0,0,,76,Auckland,Nil,0,0,0,0,0,0,Open,1,1,0,Fine,Null
1750335.0041,5913371.7542,905481,45,511303,0,,0,2,,North,2022/2023,ASTLEY AVENUE,CLINKER PLACE,,Non-Injury Crash,No,2023,,South,,0,,Flat,,,,,,Overcast,265300,0,0,0,2,,,0,,,,,,Auckland Region,Nil,2-way,Sealed,,0,0,,50,,Off,0,0,,76,Auckland,Nil,,,,,0,0,Urban,0,,,Fine,None
1766892.802,5899194.9347,905482,,524812,0,0,0,2,0,North,2024/2025,MAHIA ROAD,SANDWICK DRIVE,,Non-Injury Crash,No,2024,0,South,0,0,0,Null,0,,0,,0,Bright sun,774105,0,0,0,2,0,0,0,0,1,,0,0,Auckland Region,Nil,2-way,Sealed,0,0,0,0,50,0,Null,0,0,,76,Auckland,Nil,0,0,0,0,0,0,Urban,0,0,0,Fine,Null
1750990.0731,5911685.4186,905483,,514700,0,,0,2,,Null,2023/2024,CONNAUGHT STREET,CONNELL STREET,,Non-Injury Crash,No,2024,,East,,0,,Hill Road,,,,,,Overcast,367701,0,0,0,2,,,0,,,,,,Auckland Region,Nil,2-way,Sealed,,0,0,,50,,Off,0,0,,76,Auckland,Stop,,,,,0,0,Urban,0,,,Fine,Null
1758980.6982,5904637.7546,905487,,524200,0,0,0,1,0,Null,2024/2025,VERISSIMO DRIVE,GEORGE BOLT MEMORIAL DRIVE,,Non-Injury Crash,No,2024,0,West,0,0,0,Flat,1,,0,,0,Dark,727800,0,0,0,3,0,0,0,0,0,,0,0,Auckland Region,Nil,2-way,Sealed,0,0,0,0,50,0,On,0,0,,76,Auckland,Traffic Signals,0,0,0,0,0,0,Urban,0,0,0,Light rain,Null
1764918.8045,5903188.1281,905492,,524604,0,,0,0,,South,2024/2025,ROSCOMMON ROAD,VOGLER DRIVE,,Non-Injury Crash,No,2025,,North,,0,,Flat,,,,,,Bright sun,781200,0,0,1,4,,,0,,,,,,Auckland Region,Nil,2-way,Sealed,,0,0,,50,,Off,0,0,30,76,Auckland,Nil,,,,,1,0,Urban,0,,,Fine,Null
1749770.7133,5916270.6682,905495,,514801,0,0,0,0,0,West,2024/2025,FONTEYN STREET,ROSEBANK ROAD,,Non-Injury Crash,No,2024,0,West,0,0,1,Flat,0,,0,,0,Bright sun,389005,0,0,0,2,0,0,0,0,0,,0,0,Auckland Region,Nil,2-way,Sealed,0,0,0,0,50,0,None,1,0,20,76,Auckland,Nil,0,0,0,0,0,0,Urban,0,0,0,Fine,Null
1749233.4066,5927798.0835,905497,,509100,0,0,0,1,0,South,2023/2024,UPPER HARBOUR MOTORWAY,TAUHINU ROAD ON RAMP,,Non-Injury Crash,Yes,2024,0,West,1,0,0,Hill Road,1,,0,,0,Dark,181400,0,0,0,2,0,0,0,0,0,,0,0,Auckland Region,Bridge,1-way,End of seal,0,0,0,0,100,0,On,0,0,,76,Auckland,Nil,0,1,0,0,0,0,Open,0,0,0,Mist or Fog,Null
1749823.173,5913934.4524,905498,,511303,0,,0,1,,South,2024/2025,GREAT NORTH ROAD,MCCRAE WAY,,Non-Injury Crash,No,2024,,South,,0,,Null,,,,,,Bright sun,267000,0,0,0,4,,,0,,,,,,Auckland Region,Nil,2-way,Sealed,,0,0,,50,,Null,0,0,,76,Auckland,Nil,,,,,0,1,Urban,0,,,Fine,Null
1754771.9119,5914513.386,905499,,518802,0,0,0,1,0,South,2024/2025,GIFFORD AVENUE,MAYN AVENUE,,Minor Crash,No,2025,0,East,0,0,0,Flat,0,,0,,0,Bright sun,577800,1,0,0,2,0,0,0,0,1,,0,0,Auckland Region,Nil,2-way,Unsealed,0,0,0,0,50,0,Off,1,0,,76,Auckland,Nil,0,0,0,0,0,0,Urban,0,0,0,Fine,Null
1756708.9033,5912790.9712,905503,,518702,0,,0,2,,East,2024/2025,SOUTH-WESTERN MOTORWAY,HILLSBOROUGH OBR,,Non-Injury Crash,Yes,2024,,East,,0,,Flat,,,,,,Bright sun,569900,0,0,0,2,,,0,,,,,,Auckland Region,Nil,1-way,Sealed,,0,0,,100,,Off,0,1,,76,Auckland,Nil,,,,,0,0,Open,0,,,Fine,Null
1757772.5531,5918203.8497,905510,,515700,0,,0,2,,South,2024/2025,SOUTHERN MOTORWAY,MOUNTAIN OBR,,Non-Injury Crash,Yes,2024,,North,,0,,Flat,,,,,,Twilight,443600,0,0,0,4,,,0,,,,,,Auckland Region,Nil,1-way,Sealed,,0,0,,80,,Off,0,0,,76,Auckland,Nil,,,,,0,0,Open,0,,,Fine,Null
1759489.7524,5879756.4854,905515,,521152,0,,0,1,,Null,2024/2025,WAIUKU ROAD,GLENBROOK STATION ROAD,,Minor Crash,No,2025,,East,,0,,Flat,,,,,,Overcast,832800,1,0,0,2,,,0,,,,,,Auckland Region,Nil,2-way,Sealed,,0,0,,80,,None,0,0,,76,Auckland,Give way,,,,,1,0,Open,0,,,Heavy rain,Strong wind
1763523.0128,5909076.1713,905516,,521901,0,,0,0,,North,2024/2025,WALMSLEY ROAD,NIKAU ROAD,,Minor Crash,No,2024,,North,,0,,Flat,,,,,,Dark,783500,1,0,1,4,,,0,,,,,,Auckland Region,Nil,2-way,Sealed,,0,0,,50,,On,0,0,,76,Auckland,Nil,,,,,0,0,Urban,0,,,Fine,Null
1759773.92,5907558.2421,905518,,524121,0,,0,2,,North,2023/2024,BADER DRIVE,IDLEWILD AVENUE,,Non-Injury Crash,No,2023,,South,,0,,Null,,,,,,Unknown,737600,0,0,0,2,,,0,,,,,,Auckland Region,Nil,2-way,Sealed,,0,0,,50,,Null,0,0,,76,Auckland,Nil,,,,,0,0,Urban,0,,,Null,Null
1758850.2846,5911855.3957,905520,,519810,0,,0,0,,North,2024/2025,SELWYN STREET,PRINCES STREET,,Non-Injury Crash,No,2024,,South,,0,,Flat,,,,,,Bright sun,602200,0,0,0,4,,,0,,,,,,Auckland Region,Nil,2-way,Sealed,,0,0,,50,,Off,0,0,,76,Auckland,Nil,,,,,1,0,Urban,1,,,Fine,Null
1768988.5157,5881703.4468,905525,,525910,0,0,0,1,0,South,2024/2025,EDINBURGH STREET,BLAIR AVENUE,,Non-Injury Crash,No,2025,0,North,0,0,0,Flat,0,,0,,0,Dark,818400,0,0,0,2,0,0,0,0,1,,0,0,Auckland Region,Nil,2-way,Sealed,0,0,0,0,50,0,On,1,0,,76,Auckland,Nil,0,0,0,0,0,0,Urban,0,0,0,Fine,Null
1756374.1019,5912924.314,905527,,518701,0,0,0,2,0,South,2024/2025,SOUTH-WESTERN MOTORWAY,HILLSBOROUGH ROAD ON RAMP,,Non-Injury Crash,Yes,2025,0,North,0,0,0,Flat,1,,0,,0,Bright sun,572002,0,0,0,3,0,0,0,0,0,,0,0,Auckland Region,Nil,1-way,Sealed,0,0,0,0,100,0,Off,0,0,,76,Auckland,Nil,0,0,0,0,0,0,Open,0,0,0,Fine,Null
1747188.8597,5913879.7995,905529,,511100,0,,0,1,,Null,2025/2026,GLENVIEW ROAD,CLAYBURN ROAD,,Minor Crash,No,2025,,South,,0,,Null,,,,,,Overcast,286000,1,0,0,2,,,0,,,,,,Auckland Region,Nil,2-way,Sealed,,0,0,,50,,Null,0,0,,76,Auckland,Stop,,,,,0,1,Urban,0,,,Light rain,Null
1757644.0508,5918743.4457,905531,,517400,0,0,0,2,0,North,2024/2025,PARKFIELD TERRACE,KHYBER PASS ROAD,,Non-Injury Crash,No,2025,0,North,0,0,0,Flat,0,Queens Birthday,0,,0,Dark,449800,0,0,0,2,0,1,0,0,1,,0,0,Auckland Region,Nil,2-way,Sealed,0,0,0,0,50,0,On,0,0,,76,Auckland,Nil,0,0,0,0,0,0,Urban,0,0,0,Fine,Null
1765834.5441,5908032.2006,905533,,523402,0,0,0,0,0,South,2025/2026,SOUTHERN MOTORWAY,BAIRDS OBR,,Non-Injury Crash,Yes,2025,0,South,0,0,1,Flat,0,,0,,0,Overcast,699000,0,0,0,3,0,0,0,0,0,,0,1,Auckland Region,Nil,1-way,Sealed,0,0,0,0,100,0,Off,1,0,,76,Auckland,Nil,0,0,0,0,0,0,Open,0,0,0,Light rain,Null
1766269.9874,5918001.9008,905534,,516900,0,0,0,2,0,South,2024/2025,WASHINGTON AVENUE,ARAGON AVENUE,,Non-Injury Crash,No,2024,0,North,0,0,0,Flat,0,,0,,0,Bright sun,468100,0,0,0,2,0,0,0,0,1,,0,0,Auckland Region,Nil,2-way,Sealed,0,0,0,0,50,0,Null,0,0,,76,Auckland,Nil,0,0,0,0,0,0,Urban,0,0,0,Fine,Null
1745613.7607,5920289.1837,905535,,513301,0,,0,2,,Null,2024/2025,CENTRAL PARK DRIVE,SOLJAN DRIVE,,Non-Injury Crash,No,2025,,West,,0,,Flat,,,,,,Overcast,230301,0,0,0,2,,,0,,,,,,Auckland Region,Nil,2-way,Sealed,,0,0,,50,,Off,0,0,,76,Auckland,Traffic Signals,,,,,0,0,Urban,0,,,Fine,Null
1763453.7762,5908209.0297,905537,,521901,0,0,0,1,0,South,2024/2025,HOSPITAL ROAD,MASSEY ROAD,,Non-Injury Crash,No,2025,0,North,0,0,1,Flat,0,,0,,0,Dark,786300,0,0,0,2,0,0,0,0,0,,0,0,Auckland Region,Nil,2-way,Sealed,0,0,0,0,50,0,On,0,0,,76,Auckland,Nil,0,0,0,0,0,0,Urban,0,0,0,Fine,Null
1770243.26,5899033.87,905541,,523920,0,,0,1,,South,2024/2025,GREAT SOUTH ROAD,MANUIA ROAD,,Non-Injury Crash,No,2025,,North,,0,,Null,,,,,,Dark,768006,0,0,0,5,,,0,,,,,,Auckland Region,Nil,2-way,Sealed,,0,0,,50,,On,0,0,,76,Auckland,Nil,,,,,0,1,Urban,0,,,Fine,Null
1763381.9949,5914548.5386,905545,,520401,0,,0,0,,West,2025/2026,HARWOOD ROAD,BOAKES ROAD,,Serious Crash,No,2025,,West,,0,,Hill Road,,,,,,Twilight,643300,0,0,1,2,,,0,,,,,,Auckland Region,Nil,2-way,Sealed,,0,1,,50,,On,0,0,,76,Auckland,Nil,,,,,0,0,Urban,0,,,Fine,Null
1755460.4933,5918266.7681,905548,,515500,0,,0,3,,West,2025/2026,NORTH-WESTERN MOTORWAY,BOND OBR,,Minor Crash,Yes,2025,,East,,0,,Flat,,,,,,Twilight,418900,1,0,0,4,,,0,,,,,,Auckland Region,Nil,1-way,Sealed,,0,0,,80,,On,1,0,,76,Auckland,Nil,,,,,0,0,Open,0,,,Light rain,Null
1764605.5436,5905591.6963,905550,,522100,0,0,0,2,0,North,2024/2025,WYLLIE ROAD,HILL ROAD,,Non-Injury Crash,No,2025,0,North,0,0,0,Hill Road,0,,0,,0,Dark,657800,0,0,0,2,0,0,0,0,1,,0,0,Auckland Region,Nil,2-way,Sealed,0,0,0,0,50,0,On,0,0,,76,Auckland,Nil,0,0,0,0,0,0,Urban,0,0,0,Fine,Null
1769908.4696,5909837.9641,905567,,523113,0,,0,3,,Null,2025/2026,TE IRIRANGI DRIVE,SMALES ROAD,,Non-Injury Crash,No,2025,,North,,0,,Flat,,,,,,Bright sun,711813,0,0,0,1,,,0,,,,,,Auckland Region,Nil,1-way,Sealed,,0,0,,60,,Off,0,0,50,76,Auckland,Traffic Signals,,,,,0,0,Urban,0,,,Fine,Null
1740325.6684,5981796.8206,905569,,506660,0,0,0,1,1,North,2025/2026,WAYBY VALLEY ROAD,WILSON ROAD,,Non-Injury Crash,No,2025,0,South,0,0,0,Hill Road,0,,0,,0,Overcast,136303,0,0,0,2,0,0,0,0,0,,0,0,Auckland Region,Nil,2-way,Sealed,0,0,0,0,100,0,None,0,0,,76,Auckland,Nil,0,0,0,0,0,0,Open,0,0,0,Fine,Null
1749877.0977,5912544.3224,905571,,511402,0,0,0,1,0,South,2024/2025,ASTLEY AVENUE,HINAU STREET,,Non-Injury Crash,No,2025,0,South,0,0,2,Flat,0,,0,,0,Bright sun,260300,0,0,0,2,0,0,0,0,0,,0,0,Auckland Region,Nil,2-way,Sealed,0,0,0,0,50,0,Off,1,0,,76,Auckland,Nil,0,0,0,0,0,0,Urban,0,0,0,Fine,Null
1759858.5674,5916116.0789,905577,,516002,0,,0,2,,Null,2025/2026,SOUTHERN MOTORWAY,GREEN LANE EAST ON RAMP,,Non-Injury Crash,Yes,2025,,West,,0,,Flat,,Christmas New Year,,,,Dark,492000,0,0,0,3,,,0,,,,,,Auckland Region,Nil,1-way,Sealed,,0,0,,100,,On,0,0,,76,Auckland,Nil,,,,,0,0,Open,0,,,Fine,Null
1740248.4479,5927865.8586,905583,,505604,0,,0,3,,West,2024/2025,SH 16,OLD NORTH ROAD,,Non-Injury Crash,Yes,2025,,South,,0,,Flat,,,,,,Bright sun,214501,0,0,0,2,,,0,,,,,,Auckland Region,Nil,2-way,Sealed,,0,0,,80,,Null,0,0,,76,Auckland,Nil,,,,,0,0,Open,0,,,Fine,Null
1766176.4798,5900108.8796,905584,,524822,0,0,0,1,0,North,2025/2026,ROSCOMMON ROAD,ROBERT ROSS PLACE,,Non-Injury Crash,No,2025,0,North,0,0,0,Flat,0,,0,,0,Dark,774434,0,0,0,1,0,0,0,0,1,,0,0,Auckland Region,Nil,1-way,Sealed,0,0,0,0,50,0,On,1,0,,76,Auckland,Nil,0,0,0,0,0,0,Urban,0,0,0,Light rain,Null
1749979.519,5956564.7957,905600,,506613,0,0,0,1,0,North,2025/2026,NORTHERN MOTORWAY,HIBISCUS COAST HIGHWAY,,Non-Injury Crash,Yes,2025,0,North,0,0,0,Flat,1,,0,,0,Bright sun,147000,0,0,0,2,0,0,0,0,0,,0,0,Auckland Region,Nil,1-way,Sealed,0,0,0,0,100,0,Off,0,0,,76,Auckland,Nil,0,0,0,0,0,0,Open,0,0,0,Fine,Null
1767939.1598,5901159.9836,905601,,525001,0,,0,2,,Null,2024/2025,JUTLAND ROAD,GLOUCESTER ROAD,,Non-Injury Crash,No,2024,,South,,0,,Flat,,,,,,Bright sun,751800,0,0,0,2,,,0,,,,,,Auckland Region,Nil,1-way,Sealed,,0,0,,50,,Off,0,0,,76,Auckland,Give way,,,,,0,0,Urban,0,,,Fine,Null
1752040.9633,5930717.2981,905606,,508807,1,,0,1,,Null,2025/2026,ALBANY HIGHWAY,ALBANY HIGHWAY ON RAMP,,Minor Crash,No,2025,,South,,0,,Flat,,,,,,Dark,180809,1,0,0,3,,,0,,,,,,Auckland Region,Motorway ramp,1-way,Sealed,,0,0,,60,,On,0,0,,76,Auckland,Traffic Signals,,,,,0,0,Urban,0,,,Fine,Null
1758981.9328,5912668.2329,905608,,519820,0,,0,1,,Null,2024/2025,ONEHUNGA MALL,GREY STREET,,Minor Crash,No,2025,,North,,0,,Flat,,,,,,Bright sun,600500,1,0,0,2,,,0,,,1,,,Auckland Region,Nil,2-way,Sealed,,0,0,,50,,Off,0,0,,76,Auckland,Give way,,,,,0,0,Urban,0,,,Fine,Null
1763685.4581,5906990.6448,905609,,524301,0,0,0,1,0,South,2025/2026,LANDON AVENUE,EDEN STREET,,Minor Crash,No,2025,0,North,0,0,0,Flat,0,,0,,0,Dark,656301,1,0,0,2,0,0,0,0,1,,0,0,Auckland Region,Nil,2-way,Sealed,0,0,0,0,50,0,On,0,0,40,76,Auckland,Nil,0,0,0,0,1,0,Urban,0,0,0,Fine,Null
1771566.3357,5894947.7882,905612,,525530,0,,0,1,,South,2024/2025,SOUTHERN MOTORWAY,BEACH OBR,,Minor Crash,Yes,2025,,South,,0,,Flat,,,,,,Overcast,804901,1,0,0,2,,,0,,,,,,Auckland Region,Nil,2-way,Sealed,,0,0,,100,,Off,0,0,,76,Auckland,Nil,,,,,0,0,Open,1,,,Fine,Null
1769787.8262,5909211.6572,905614,,523115,0,,0,2,,Null,2024/2025,TE IRIRANGI DRIVE,BANVILLE ROAD,,Non-Injury Crash,No,2024,,South,,0,,Flat,,,,,,Bright sun,711904,0,0,0,2,,,0,,,,,,Auckland Region,Overpass,2-way,Sealed,,0,0,,60,,Off,0,0,,76,Auckland,Give way,,,,,0,0,Urban,0,,,Fine,Null
1765090.9862,5902852.3033,905617,,524604,0,,0,2,,Null,2023/2024,WIRI STATION ROAD,ROSCOMMON ROAD,,Non-Injury Crash,No,2024,,West,,0,,Flat,,,,,,Bright sun,781302,0,0,0,1,,,0,,,,,,Auckland Region,Nil,1-way,Sealed,,0,0,,50,,Off,0,0,,76,Auckland,Give way,,,,,0,0,Urban,0,,,Fine,None
1753661.0447,5932528.8971,905619,,508805,0,,0,1,,South,2024/2025,ARRENWAY DRIVE,TRITON DRIVE,,Non-Injury Crash,No,2024,,North,,0,,Hill Road,,,,,,Overcast,180866,0,0,0,2,,,0,,,,,,Auckland Region,Nil,2-way,Sealed,,0,0,,50,,Off,1,0,,76,Auckland,Nil,,,,,0,0,Urban,0,,,Fine,Null
1757319.4701,5921138.0235,905622,,514101,0,,0,1,,Null,2024/2025,QUAY STREET,HOBSON STREET,,Non-Injury Crash,No,2024,,West,,0,,Null,,,,,,Bright sun,438209,0,0,0,3,,,0,,,,,,Auckland Region,Nil,2-way,Sealed,,0,0,,30,,Null,0,0,,76,Auckland,Traffic Signals,,,,,0,0,Urban,0,,,Fine,Null
1773957.2801,5896888.0957,905629,,525610,0,0,0,1,0,South,2025/2026,KELVIN ROAD,CLEVEDON ROAD,,Non-Injury Crash,No,2025,0,South,0,0,0,Flat,0,Labour Weekend,0,,0,Overcast,797400,0,0,0,2,0,0,0,0,1,,0,1,Auckland Region,Nil,2-way,Sealed,0,0,0,0,50,0,Off,0,0,,76,Auckland,Nil,0,0,0,0,0,0,Urban,1,0,0,Fine,Null
1753865.3877,5876293.7496,905631,,526104,0,0,0,1,0,North,2024/2025,KITCHENER ROAD,BRIGHTS ROAD,,Non-Injury Crash,No,2024,0,North,0,0,0,Flat,0,,0,,0,Dark,834600,0,0,0,1,0,0,0,0,1,,0,0,Auckland Region,Nil,2-way,Sealed,0,0,0,0,50,0,On,0,0,,76,Auckland,Nil,0,0,0,0,0,0,Urban,1,0,0,Fine,Null
1757762.6834,5918213.9431,905633,,515700,0,,0,1,,South,2024/2025,SOUTHERN MOTORWAY,MOUNTAIN OBR,,Non-Injury Crash,Yes,2024,,North,,0,,Flat,,,,,,Overcast,443600,0,0,0,4,,,0,,,,,,Auckland Region,Motorway ramp,1-way,Sealed,,0,0,,80,,Off,1,0,,76,Auckland,Nil,,,,,0,0,Open,0,,,Heavy rain,Null
1744884.3645,5919533.7926,905634,,513301,0,0,0,2,0,North,2024/2025,KINGDALE ROAD,POMARIA ROAD,,Non-Injury Crash,No,2024,0,North,0,0,0,Flat,0,,0,,0,Dark,232101,0,0,0,2,0,0,0,0,1,,0,0,Auckland Region,Nil,2-way,Sealed,0,0,0,0,30,0,On,0,0,,76,Auckland,Nil,0,0,0,0,0,0,Urban,0,0,0,Fine,Null
1773228.9231,5899657.0664,905635,,523911,0,,0,0,,North,2024/2025,MILL ROAD ROAD,AIRFIELD ROAD,,Minor Crash,No,2025,,North,,0,,Flat,,,,,,Bright sun,767204,1,0,1,2,,,0,,,,,,Auckland Region,Nil,2-way,Sealed,,0,0,,80,,Off,0,0,,76,Auckland,Nil,,,,,0,0,Open,0,,,Fine,Null
1759923.3559,5908531.6408,905637,,524121,0,0,0,1,0,South,2024/2025,SOUTH-WESTERN MOTORWAY,CORONATION ROAD OFF RAMP,,Minor Crash,Yes,2025,0,North,0,0,0,Flat,1,,0,,0,Bright sun,737000,1,0,0,3,0,0,0,0,0,,0,0,Auckland Region,Nil,1-way,Sealed,0,0,0,0,100,0,Off,0,0,,76,Auckland,Nil,0,0,0,0,0,1,Open,0,0,0,Fine,Null
1753493.4616,5875513.9386,905638,,526103,0,0,0,0,0,Null,2024/2025,QUEEN STREET,KENT STREET,,Non-Injury Crash,No,2024,0,North,0,0,0,Flat,0,,0,,0,Overcast,837600,0,0,0,2,0,0,0,0,0,,0,1,Auckland Region,Nil,2-way,Sealed,0,0,0,0,50,0,Off,1,0,,76,Auckland,Nil,0,0,0,0,0,0,Urban,1,0,0,Fine,Null
1764021.266,5916618.2395,905641,,520301,0,0,0,1,0,South,2024/2025,COLLEGE ROAD,NGAHUE DRIVE,,Non-Injury Crash,No,2025,0,South,0,0,0,Hill Road,0,,0,,0,Twilight,465302,0,0,0,4,0,0,0,0,0,,0,1,Auckland Region,Nil,2-way,Sealed,0,0,0,0,50,0,Off,0,0,,76,Auckland,Nil,1,0,0,0,0,0,Urban,0,0,0,Fine,Null
1767122.709,5904759.1351,905642,,524604,0,,0,1,,Null,2025/2026,CAVENDISH DRIVE,SHARKEY STREET,,Minor Crash,No,2025,,West,,0,,Flat,,,,,,Dark,780209,1,0,0,2,,,0,,,,,,Auckland Region,Nil,1-way,Sealed,,0,0,,50,,On,1,0,,76,Auckland,Give way,,,,,0,0,Urban,0,,,Heavy rain,Null
1767104.3714,5907174.4719,905643,,523602,0,0,0,1,0,North,2025/2026,BAIRDS ROAD,COBHAM CRESCENT,,Minor Crash,No,2025,0,South,0,0,0,Flat,0,,0,,0,Dark,709500,1,0,0,2,0,0,0,0,0,,0,1,Auckland Region,Nil,2-way,Sealed,0,0,0,0,50,0,On,0,0,,76,Auckland,Nil,0,0,0,0,0,0,Urban,0,0,0,Fine,Null
1767827.2818,5900950.2534,905644,,524720,0,,0,2,,Null,2024/2025,RUSSELL ROAD,MCKEAN AVENUE,,Minor Crash,No,2025,,West,,0,,Flat,,,,,,Bright sun,778500,2,0,0,2,,,0,,,,,,Auckland Region,Nil,2-way,Sealed,,0,0,,50,,Off,0,0,,76,Auckland,Give way,,,,,0,0,Urban,0,,,Fine,Null
1753959.1051,5913382.347,905648,45,518901,0,,0,1,,Null,2023/2024,RICHARDSON ROAD,MCGOWAN STREET,,Non-Injury Crash,No,2023,,North,,0,,Flat,,,,,,Overcast,585101,0,0,1,2,,,0,,,,,,Auckland Region,Nil,2-way,Sealed,,0,0,,50,,Off,0,0,,76,Auckland,Nil,,,,,0,0,Urban,0,,,Light rain,None
1761780.2265,5907880.6808,905652,,524510,0,0,0,3,0,West,2024/2025,WICKMAN WAY,CHELBURN CRESCENT,,Minor Crash,No,2025,0,West,0,0,0,Flat,0,,0,,0,Dark,734102,1,0,0,2,0,0,0,0,1,,0,0,Auckland Region,Nil,2-way,Sealed,0,0,0,0,50,0,On,0,0,20,76,Auckland,Nil,0,0,0,0,0,0,Urban,0,0,0,Fine,Null
1761795.8895,5906521.9588,905657,,524200,0,,0,2,,South,2025/2026,MASSEY ROAD ON RAMP,MASSEY ROAD,,Non-Injury Crash,No,2025,,East,,0,,Null,,,,,,Dark,728700,0,0,0,1,,,0,,,,,,Auckland Region,Nil,1-way,Sealed,,0,0,,100,,Null,0,0,,76,Auckland,Nil,,,,,0,0,Open,0,,,Null,Null
1748612.9731,5927633.047,905660,,513410,0,,0,3,,West,2024/2025,UPPER HARBOUR MOTORWAY,UPPER HARBOUR BR,,Non-Injury Crash,Yes,2025,,West,,0,,Hill Road,,,,,,Dark,221902,0,0,0,3,,,0,,,,,,Auckland Region,Bridge,1-way,Sealed,,0,0,,100,,On,0,0,,76,Auckland,Nil,,,,,0,0,Open,0,,,Fine,Null
1765730.1092,5906739.4032,905665,,522202,0,,0,1,,Null,2022/2023,GREAT SOUTH ROAD,SUTTON CRESCENT,,Non-Injury Crash,No,2023,,South,,0,,Flat,,,,,,Bright sun,663500,0,0,0,3,,,0,,,,,,Auckland Region,Nil,2-way,Sealed,,0,0,,50,,Off,1,0,,76,Auckland,Traffic Signals,,,,,0,0,Urban,0,,,Fine,None
1769036.3883,5913667.5341,905674,,522723,0,,0,2,,North,2025/2026,CASCADES ROAD,LADY MARIE DRIVE,,Non-Injury Crash,No,2026,,North,,0,,Flat,,,,,,Overcast,682301,0,0,0,2,,,0,,,,,,Auckland Region,Nil,2-way,Sealed,,0,0,,50,,Off,0,0,,76,Auckland,Nil,,,,,0,0,Urban,0,,,Heavy rain,Null