X,Y,OBJECTID,advisorySpeed,areaUnitID,bicycle,bridge,bus,carStationWagon,cliffBank,crashDirectionDescription,crashFinancialYear,crashLocation1,crashLocation2,crashRoadSideRoad,crashSeverity,crashSHDescription,crashYear,debris,directionRoleDescription,ditch,fatalCount,fence,flatHill,guardRail,holiday,houseOrBuilding,intersection,kerb,light,meshblockId,minorInjuryCount,moped,motorcycle,NumberOfLanes,objectThrownOrDropped,otherObject,otherVehicleType,overBank,parkedVehicle,pedestrian,phoneBoxEtc,postOrPole,region,roadCharacter,roadLane,roadSurface,roadworks,schoolBus,seriousInjuryCount,slipOrFlood,speedLimit,strayAnimal,streetLight,suv,taxi,temporarySpeedLimit,tlaId,tlaName,trafficControl,trafficIsland,trafficSign,train,tree,truck,unknownVehicleType,urban,vanOrUtility,vehicle,waterRiver,weatherA,weatherB
1753843.9049,5930199.6047,905676,,508420,1,,0,1,,Null,2025/2026,TARGET ROAD,SUNSET ROAD,,Non-Injury Crash,No,2025,,South,,0,,Null,,,,,,Bright sun,182711,1,0,0,2,,,0,,,,,,Auckland Region,Nil,2-way,Sealed,,0,0,,50,,Null,0,0,,76,Auckland,Give way,,,,,0,0,Urban,0,,,Fine,Null
1756991.3569,5919159.7698,905678,,514200,0,,0,1,,East,2025/2026,SOUTHERN MOTORWAY,UPPER QUEEN OBR,,Non-Injury Crash,Yes,2025,,West,,0,,Hill Road,,,,,,Bright sun,412302,0,0,0,3,,,0,,,,,,Auckland Region,Nil,1-way,Sealed,,0,0,,80,,Off,1,0,,76,Auckland,Nil,,,,,0,0,Open,0,,,Fine,Null
1754509.4968,5918368.5804,905679,,515431,0,1,0,1,0,North,2024/2025,MOUNTAIN VIEW ROAD,MOUNTAIN VIEW OBR,,Non-Injury Crash,No,2024,0,South,0,0,0,Flat,0,,0,,0,Overcast,406700,0,0,0,2,0,0,0,0,0,,0,0,Auckland Region,Underpass,2-way,Sealed,0,0,0,0,50,0,Off,0,0,,76,Auckland,Nil,0,0,0,0,0,0,Urban,0,0,0,Light rain,Null
1770458.9143,5904577.4768,905680,,523820,0,,0,2,,Null,2024/2025,REDOUBT ROAD,MURPHYS ROAD,,Non-Injury Crash,No,2024,,East,,0,,Flat,,Christmas New Year,,,,Overcast,760000,0,0,0,2,,,0,,,,,,Auckland Region,Nil,2-way,Sealed,,0,0,,60,,Off,0,0,,76,Auckland,Stop,,,,,0,0,Urban,0,,,Fine,Null
1764878.734,5913038.8014,905685,,520500,0,0,0,1,0,East,2024/2025,SOUTH-EASTERN HIGHWAY,CARBINE ROAD,,Non-Injury Crash,No,2024,0,East,0,0,0,Flat,1,,0,,0,Dark,639000,0,0,0,4,0,0,0,0,0,,0,0,Auckland Region,Nil,2-way,Sealed,0,0,0,0,80,0,On,0,0,,76,Auckland,Nil,0,0,0,0,0,0,Open,0,0,0,Heavy rain,Null
1751607.0523,5918021.5788,905687,55,515001,0,0,0,1,0,North,2024/2025,GREAT NORTH ROAD ON RAMP,NORTH-WESTERN MOTORWAY,,Minor Crash,No,2025,0,South,0,0,0,Hill Road,1,Easter,0,,0,Overcast,392200,1,0,0,2,0,0,0,0,0,,0,0,Auckland Region,Motorway ramp,1-way,Sealed,0,0,0,0,100,0,Off,0,0,,76,Auckland,Nil,0,0,0,0,0,0,Open,0,0,0,Fine,Null
1756528.253,5924690.9417,905694,,509702,0,,0,2,,South,2024/2025,NORTHERN MOTORWAY,ONEWA ROAD ON RAMP,,Minor Crash,Yes,2025,,North,,0,,Flat,,,,,,Bright sun,366700,1,0,0,4,,,0,,,,,,Auckland Region,Nil,1-way,Sealed,,0,0,,100,,Off,0,0,,76,Auckland,Nil,,,,,0,0,Open,0,,,Fine,Null
1771090.9086,5914114.5905,905696,,521602,0,,0,2,,West,2024/2025,UNION ROAD,PEGLER DRIVE,,Minor Crash,No,2025,,North,,0,,Hill Road,,,,,,Bright sun,648100,2,0,0,2,,,0,,,,,,Auckland Region,Nil,2-way,Sealed,,0,0,,50,,Off,0,0,,76,Auckland,Nil,,,,,0,0,Urban,0,,,Fine,Null
1744807.0691,5919808.2234,905697,,513301,0,,0,2,,Null,2025/2026,UNIVERSAL DRIVE,PENFOLD PLACE,,Non-Injury Crash,No,2025,,East,,0,,Flat,,,,,,Overcast,234403,0,0,0,2,,,0,,,,,,Auckland Region,Nil,2-way,Sealed,,0,0,,50,,Off,0,0,,76,Auckland,Give way,,,,,0,0,Urban,0,,,Fine,Null
1765555.8723,5906985.0668,905702,45,522301,0,,0,2,,Null,2024/2025,GREAT SOUTH ROAD,EAST TAMAKI ROAD,,Non-Injury Crash,No,2024,,North,,0,,Flat,,,,,,Dark,666800,0,0,0,4,,,0,,,,,,Auckland Region,Nil,2-way,Sealed,,0,0,,50,,On,0,0,,76,Auckland,Traffic Signals,,,,,0,0,Urban,0,,,Fine,None
1761200.9762,5911922.618,905709,,519500,0,,0,2,,East,2024/2025,NEILSON STREET,EDINBURGH STREET,,Minor Crash,No,2024,,South,,0,,Flat,,,,,,Overcast,622400,1,0,0,2,,,0,,,,,,Auckland Region,Nil,2-way,Sealed,,0,0,,50,,Off,0,0,,76,Auckland,Give way,,,,,0,0,Urban,0,,,Fine,Null
1753316.7372,5875929.9331,905714,,526103,0,0,0,0,0,Null,2025/2026,MARTYN STREET,BOWEN STREET,,Non-Injury Crash,No,2025,0,North,0,0,0,Flat,0,,0,,0,Bright sun,837400,0,0,0,2,0,0,0,0,0,,0,1,Auckland Region,Nil,2-way,Sealed,0,0,0,0,50,0,Off,0,0,,76,Auckland,Give way,0,0,0,0,1,0,Urban,0,0,0,Fine,Null
1755478.1951,5915379.3451,905717,,518302,0,0,0,2,0,Null,2024/2025,DOMINION ROAD,WEMBLEY ROAD,,Non-Injury Crash,No,2025,0,North,0,0,0,Flat,0,,0,,0,Dark,554800,0,0,0,2,0,0,0,0,1,,0,0,Auckland Region,Nil,2-way,Sealed,0,0,0,0,50,0,On,0,0,40,76,Auckland,Nil,0,0,0,0,0,0,Urban,0,0,0,Fine,Null
1740638.4188,5983820.7733,905719,,506660,0,0,0,1,0,North,2024/2025,WAITEITEI ROAD,WHANGARIPO VALLEY ROAD,,Non-Injury Crash,No,2025,1,South,1,0,0,Hill Road,0,,0,,0,Dark,136301,0,0,0,2,0,0,0,0,0,,0,0,Auckland Region,Nil,2-way,Sealed,0,0,0,0,100,0,None,0,0,,76,Auckland,Nil,0,1,0,0,0,0,Open,0,0,0,Fine,Null
1767186.1061,5878132.7087,905724,,521112,0,,0,1,,Null,2025/2026,MIDDLETON ROAD,HILL TOP ROAD,,Minor Crash,No,2026,,North,,0,,Hill Road,,,,,,Bright sun,826100,2,0,0,2,,,0,,,,,,Auckland Region,Nil,2-way,Sealed,,0,0,,60,,None,0,0,,76,Auckland,Stop,,,,,0,0,Urban,1,,,Fine,Null
1753673.6729,5924620.0632,905725,,510401,0,0,0,3,0,East,2024/2025,MOKOIA ROAD,HUKA ROAD,,Non-Injury Crash,No,2025,0,West,0,0,0,Flat,0,,0,,0,Bright sun,351202,0,0,0,2,0,0,0,0,1,,0,0,Auckland Region,Nil,2-way,Sealed,0,0,0,0,50,0,Off,0,0,,76,Auckland,Nil,0,0,0,0,0,0,Urban,0,0,0,Fine,Null
1751280.9076,5911934.5748,905726,,514700,0,0,0,1,0,South,2024/2025,ENDEAVOUR STREET,GILFILLAN STREET,,Non-Injury Crash,No,2025,0,South,0,0,0,Hill Road,0,,0,,0,Dark,368400,0,0,0,1,0,0,0,0,0,,1,1,Auckland Region,Nil,2-way,Sealed,0,0,0,0,50,0,Off,0,0,,76,Auckland,Nil,0,0,0,0,0,0,Urban,0,0,0,Light rain,Null
1770339.7949,5902114.844,905731,,523814,0,,0,0,,Null,2024/2025,HILL ROAD,NAKHLE PLACE,,Non-Injury Crash,No,2024,,West,,0,,Flat,,,,,,Bright sun,760707,0,0,0,2,,,0,,,,,,Auckland Region,Nil,2-way,Sealed,,0,0,,50,,Off,1,0,,76,Auckland,Stop,,,,,0,0,Urban,1,,,Fine,Null
1755899.3493,5928129.5336,905734,,507900,0,0,0,0,0,West,2024/2025,WAIRAU ROAD,WAIRAU OBR,,Non-Injury Crash,No,2025,0,West,0,0,1,Flat,0,,0,,0,Bright sun,305201,0,0,0,4,0,0,0,0,0,,0,0,Auckland Region,Nil,2-way,Sealed,0,0,0,0,50,0,Null,0,0,,76,Auckland,Nil,0,0,0,0,0,0,Urban,1,0,0,Fine,Null
1769913.615,5909857.8201,905739,,523113,0,,0,1,,Null,2024/2025,SMALES ROAD,TE IRIRANGI DRIVE,,Non-Injury Crash,No,2025,,East,,0,,Null,,,,,,Bright sun,711730,0,0,0,3,,,0,,,,,,Auckland Region,Nil,1-way,Sealed,,0,0,,50,,Null,0,0,,76,Auckland,Traffic Signals,,,,,0,0,Urban,1,,,Fine,Null
1768831.2294,5881184.0953,905741,,525910,0,,0,1,,East,2024/2025,KING STREET,QUEEN STREET,,Minor Crash,No,2025,,East,,0,,Flat,,,,,,Bright sun,818500,1,0,0,2,,,0,,,1,,,Auckland Region,Nil,2-way,Sealed,,0,0,,50,,Off,0,0,,76,Auckland,Nil,,,,,0,0,Urban,0,,,Fine,Null
1754925.5124,5913411.2698,905746,,518803,0,0,0,2,0,South,2024/2025,DOMINION ROAD,DOMINION ROAD ON RAMP,,Non-Injury Crash,No,2025,0,North,0,0,0,Flat,0,,0,,0,Dark,582100,0,0,0,2,0,0,0,0,1,,0,0,Auckland Region,Nil,2-way,Sealed,0,0,0,0,50,0,Null,0,0,,76,Auckland,Nil,0,0,0,0,0,0,Urban,0,0,0,Fine,Null
1764575.3789,5911952.977,905753,,520500,0,,0,2,,North,2024/2025,SOUTHERN MOTORWAY,EAST WEST LINK OFF RAMP,,Non-Injury Crash,Yes,2024,,North,,0,,Flat,,,,,,Bright sun,639500,0,0,0,3,,,0,,,,,,Auckland Region,Nil,1-way,Sealed,,0,0,,100,,Off,0,0,,76,Auckland,Nil,,,,,0,0,Open,0,,,Fine,Null
1749179.9064,5942627.6239,905757,,506003,0,0,0,1,0,Null,2024/2025,EAST COAST ROAD,WILKS ROAD,,Fatal Crash,No,2025,0,North,0,1,1,Flat,0,,0,,0,Overcast,175814,0,0,0,2,0,0,0,0,0,,0,0,Auckland Region,Nil,2-way,Sealed,0,0,0,0,80,0,Off,0,0,,76,Auckland,Stop,0,0,0,0,1,0,Open,0,0,0,Fine,Strong wind
1758385.3943,5917722.2712,905759,,515700,0,0,1,0,0,Null,2024/2025,BROADWAY,CLOVERNOOK ROAD,,Non-Injury Crash,No,2024,0,North,0,0,0,Flat,0,,0,,0,Bright sun,443300,0,0,0,4,0,0,0,0,0,,0,0,Auckland Region,Nil,2-way,Sealed,0,0,0,0,50,0,Null,1,0,,76,Auckland,Traffic Signals,0,0,0,0,0,0,Urban,0,1,0,Fine,Null
1760794.0254,5907797.5139,905761,,524510,0,,0,0,,North,2024/2025,ROBERTSON ROAD,MCKINSTRY AVENUE,,Non-Injury Crash,No,2025,,South,,0,,Hill Road,,,,,,Dark,736900,0,0,0,2,,,0,,,,,,Auckland Region,Speed hump,2-way,Sealed,,0,0,,50,,On,1,0,,76,Auckland,Nil,,,,,0,0,Urban,1,,,Fine,Null
1769227.6108,5893252.832,905762,,521202,0,,0,2,,Null,2025/2026,LINWOOD ROAD,WALTERS ROAD,,Minor Crash,No,2025,,South,,0,,Flat,,,,,,Dark,806900,2,0,0,2,,,0,,,,,,Auckland Region,Nil,2-way,Sealed,,0,0,,80,,None,0,0,,76,Auckland,Give way,,,,,0,0,Open,0,,,Fine,Null
1756171.6602,5920084.2014,905763,,514000,0,,0,2,,Null,2024/2025,WELLINGTON STREET,HEPBURN STREET,,Non-Injury Crash,No,2025,,East,,0,,Null,,,,,,Overcast,415300,0,0,0,2,,,0,,,,,,Auckland Region,Nil,2-way,Sealed,,0,0,,30,,Null,0,0,,76,Auckland,Traffic Signals,,,,,0,0,Urban,0,,,Light rain,Null
1759159.1457,5925829.8452,905764,,508020,0,,0,2,,Null,2024/2025,NORTHUMBERLAND AVENUE,FIFESHIRE STREET,,Minor Crash,No,2025,,North,,0,,Hill Road,,,,,,Twilight,321800,1,0,0,2,,,0,,,,,,Auckland Region,Nil,2-way,Sealed,,0,0,,50,,Off,0,0,,76,Auckland,Give way,,,,,0,0,Urban,0,,,Fine,Null
1749373.0412,5914226.0094,905767,,511301,0,0,0,1,0,East,2024/2025,RIMU STREET,NIKAU STREET,,Non-Injury Crash,No,2024,0,East,0,0,0,Null,0,,0,,0,Dark,267601,0,0,0,2,0,0,0,0,1,,0,0,Auckland Region,Nil,2-way,Sealed,0,0,0,0,30,0,On,1,0,,76,Auckland,Nil,0,0,0,0,0,0,Urban,0,0,0,Fine,Null
1769074.8485,5902318.2198,905772,45,524901,0,0,0,1,0,North,2023/2024,DAVID AVENUE,COLLIE STREET,,Non-Injury Crash,No,2024,0,South,0,0,1,Flat,0,,0,,1,Dark,755400,0,0,0,2,0,0,0,0,0,,0,0,Auckland Region,Nil,2-way,Sealed,0,0,0,0,50,0,On,0,0,,76,Auckland,Nil,0,0,0,0,0,0,Urban,0,0,0,Fine,Null
1740824.9031,5930342.9076,905775,,505604,0,,0,1,,Null,2024/2025,DEACON ROAD,RIVERHEAD ROAD,,Non-Injury Crash,No,2025,,East,,0,,Null,,,,,,Unknown,213700,0,0,0,2,,,0,,,,,,Auckland Region,Nil,2-way,Sealed,,0,0,,80,,Null,0,0,,76,Auckland,Stop,,,,,0,1,Open,0,,,Fine,Null
1761179.5072,5914763.1276,905777,,520202,0,,0,1,,North,2025/2026,SOUTHERN MOTORWAY,ELLERSLIE-PANMURE HWY OFF RAMP,,Non-Injury Crash,Yes,2025,,South,,0,,Flat,,,,,,Overcast,612100,0,0,0,3,,,0,,,,,,Auckland Region,Nil,1-way,Sealed,,0,0,,100,,Off,0,0,,76,Auckland,Nil,,,,,0,0,Open,2,,,Fine,Null
1764364.3432,5913586.3788,905779,,520500,0,,0,1,,Null,2024/2025,WAIPUNA ROAD,CARBINE ROAD,,Non-Injury Crash,No,2025,,West,,0,,Flat,,,,,,Overcast,638801,0,0,0,6,,,0,,,,,,Auckland Region,Nil,2-way,Sealed,,0,0,,50,,Off,0,0,,76,Auckland,Traffic Signals,,,,,0,0,Urban,1,,,Light rain,Null
1749447.5536,5941166.5149,905782,,506300,0,,0,2,,South,2024/2025,NORTHERN MOTORWAY,WILKS OBR,,Non-Injury Crash,Yes,2024,,South,,0,,Flat,,,,,,Bright sun,175902,0,0,0,2,,,0,,,,,,Auckland Region,Nil,1-way,Sealed,,0,0,,100,,Off,0,0,,76,Auckland,Nil,,,,,0,0,Open,0,,,Fine,Null
1754218.6626,5915169.6877,905786,,518801,0,0,0,2,0,East,2024/2025,AURORA AVENUE,SHEPPARD AVENUE,,Non-Injury Crash,No,2024,0,West,0,0,0,Flat,0,,0,,0,Bright sun,575100,0,0,0,2,0,0,0,0,1,,0,0,Auckland Region,Nil,2-way,Sealed,0,0,0,0,30,0,Off,0,0,,76,Auckland,Nil,0,0,0,0,0,0,Urban,0,0,0,Fine,Null
1767411.3181,5901183.0942,905787,,524720,0,0,0,2,0,Null,2024/2025,RUSSELL ROAD,DEVERON ROAD,,Non-Injury Crash,No,2025,0,East,0,0,1,Flat,0,,0,,0,Bright sun,778200,0,0,0,2,0,0,0,0,0,,0,0,Auckland Region,Nil,2-way,Sealed,0,0,0,0,50,0,Off,0,0,,76,Auckland,Stop,0,0,0,0,0,0,Urban,0,0,0,Fine,Null
1757021.2537,5926167.8208,905791,,509702,0,0,0,1,0,North,2024/2025,NORTHERN MOTORWAY,AKORANGA FTBR,,Non-Injury Crash,Yes,2025,0,North,0,0,0,Flat,1,,0,,0,Overcast,364602,0,0,0,4,0,0,0,0,0,,0,0,Auckland Region,Nil,1-way,Sealed,0,0,0,0,100,0,Off,0,0,,76,Auckland,Nil,0,0,0,0,1,0,Open,0,0,0,Heavy rain,Null
1747000.6057,5913870.198,905797,,511100,0,0,0,1,0,West,2025/2026,WEST COAST ROAD,GLENDALE ROAD,,Non-Injury Crash,No,2025,0,East,0,0,1,Flat,0,,0,,0,Twilight,286100,0,0,0,2,0,0,0,0,0,,1,0,Auckland Region,Nil,2-way,Sealed,0,0,0,0,50,0,Off,0,0,,76,Auckland,Nil,0,0,0,0,0,0,Urban,1,0,0,Fine,Null
1758223.212,5916136.2219,905801,,519200,0,,0,1,,Null,2024/2025,CAMPBELL CRESCENT,MANUKAU ROAD,,Non-Injury Crash,No,2025,,West,,0,,Flat,,,,,,Overcast,615103,0,0,0,2,,,0,,,,,,Auckland Region,Nil,2-way,Sealed,,0,0,,50,,Off,0,0,,76,Auckland,Give way,,,,,0,0,Urban,1,,,Fine,Null
1729768.4779,5940309.7514,905807,,506800,0,,0,0,,Null,2024/2025,GARFIELD ROAD,COMMERCIAL ROAD,,Non-Injury Crash,Yes,2025,,South,,0,,Null,,,,,,Bright sun,208400,0,0,0,2,,,0,,,,,,Auckland Region,Nil,2-way,Sealed,,0,0,,50,,Null,1,0,,76,Auckland,Give way,,,,,1,0,Urban,0,,,Fine,Null
1766773.8462,5904009.0714,905809,,524604,0,,0,2,,Null,2025/2026,LAMBIE DRIVE OFF RAMP,MANUKAU STATION ROAD,,Non-Injury Crash,No,2025,,East,,0,,Flat,,,,,,Twilight,780209,0,0,0,3,,,0,,,,,,Auckland Region,Nil,1-way,Sealed,,0,0,,60,,On,0,0,,76,Auckland,Traffic Signals,,,,,0,0,Urban,0,,,Fine,Null
1766489.2354,5904623.1021,905813,,524603,0,,0,0,,East,2024/2025,CAVENDISH DRIVE,NORMAN SPENCER DRIVE,,Non-Injury Crash,No,2025,,East,,0,,Flat,,,,,,Dark,780202,0,0,0,4,,,0,,,,,,Auckland Region,Nil,2-way,Sealed,,0,0,,50,,On,0,0,,76,Auckland,Give way,,,,,0,0,Urban,2,,,Light rain,Null
1747503.8732,5930618.008,905819,,509000,0,0,0,0,0,East,2025/2026,PAREMOREMO ROAD,MEREWHIRA ROAD,,Non-Injury Crash,No,2025,0,West,0,0,0,Flat,0,,0,,0,Dark,179701,0,0,0,2,0,0,0,0,0,,0,0,Auckland Region,Nil,2-way,Sealed,0,0,0,0,60,0,Off,0,0,,76,Auckland,Nil,0,0,0,1,0,0,Urban,1,0,0,Heavy rain,Strong wind
1756483.5067,5907427.0884,905820,,524200,0,0,0,1,0,West,2024/2025,ISLAND ROAD,WATERCARE COASTAL WALKWAY,,Non-Injury Crash,No,2024,0,West,0,0,0,Flat,0,,0,,0,Overcast,726000,0,0,0,2,0,0,0,0,0,,0,0,Auckland Region,Nil,2-way,Sealed,0,0,0,0,50,0,None,0,0,,76,Auckland,Nil,0,0,0,0,0,0,Urban,0,0,1,Light rain,Null
1754094.2543,5975490.5951,905824,,506659,0,,0,1,,East,2024/2025,MATAKANA ROAD,RIVERGLADE LANE,,Minor Crash,No,2025,,North,,0,,Flat,,,,,,Overcast,138107,1,0,0,2,,,0,,,,,,Auckland Region,Nil,2-way,Sealed,,0,0,,50,,Off,0,0,,76,Auckland,Nil,,,,,0,0,Urban,0,,,Light rain,Null
1768749.6559,5904554.2958,905827,,523722,0,,0,1,,Null,2025/2026,HOLLYFORD DRIVE,REDOUBT ROAD,,Non-Injury Crash,No,2025,,South,,0,,Null,,,,,,Unknown,715909,0,0,0,4,,,0,,,,,,Auckland Region,Nil,2-way,Sealed,,0,0,,50,,Null,0,0,,76,Auckland,Traffic Signals,,,,,0,1,Urban,0,,,Null,Null
1766859.2154,5912696.3496,905830,,522920,0,,0,1,,Null,2024/2025,TI RAKAU DRIVE,MATTSON ROAD,,Non-Injury Crash,No,2024,,North,,0,,Null,,,,,,Unknown,686800,0,0,0,2,,,0,,,,,,Auckland Region,Nil,1-way,Null,,0,0,,50,,Null,0,0,,76,Auckland,Traffic Signals,,,,,0,1,Urban,1,,,Null,Null
1754809.7832,5933536.162,905834,,508804,0,,0,1,,Null,2024/2025,EAST COAST ROAD,BROWNS BAY ROAD,,Non-Injury Crash,No,2024,,South,,0,,Flat,,,,,,Bright sun,156502,0,0,0,4,,,0,,,,,,Auckland Region,Nil,2-way,Sealed,,0,0,,50,,Off,1,0,,76,Auckland,Traffic Signals,,,,,0,0,Urban,0,,,Fine,Null
1748709.9141,5946018.8881,905835,,505806,0,,0,2,,North,2025/2026,NORTHERN MOTORWAY,SILVERDALE OFF RAMP,,Minor Crash,Yes,2026,,South,,0,,Flat,,,,,,Bright sun,176604,1,0,0,2,,,0,,,,,,Auckland Region,Nil,1-way,Sealed,,0,0,,100,,None,0,0,,76,Auckland,Nil,,,,,0,0,Open,0,,,Fine,Null
1755692.6733,5937616.9228,905836,,506903,0,,0,0,,East,2024/2025,GLENVAR ROAD,CLENSMORE PLACE,,Serious Crash,No,2025,,West,,0,,Flat,,,,,,Dark,166904,0,0,0,2,,,0,,,,,,Auckland Region,Nil,2-way,Sealed,,0,1,,50,,On,0,0,,76,Auckland,Nil,,,,,0,0,Urban,1,,,Light rain,Null
1744897.1371,5917857.0801,905838,,510700,0,0,0,0,0,South,2024/2025,SWANSON ROAD,ISABELLA LANE,,Non-Injury Crash,No,2025,0,East,0,0,0,Flat,0,,0,,0,Overcast,239501,0,0,0,3,0,0,0,0,0,,1,0,Auckland Region,Nil,2-way,Sealed,0,0,0,0,50,0,Off,0,0,,76,Auckland,Nil,0,0,0,0,0,0,Urban,1,0,0,Fine,Null
1769950.2939,5909859.1511,905841,,523109,0,,0,2,,Null,2024/2025,TE IRIRANGI DRIVE,SMALES ROAD,,Non-Injury Crash,No,2025,,South,,0,,Flat,,,,,,Overcast,711737,0,0,0,4,,,0,,,,,,Auckland Region,Nil,2-way,Sealed,,0,0,,60,,Off,0,0,,76,Auckland,Traffic Signals,,,,,0,0,Urban,0,,,Fine,Null
1769154.8328,5901142.4206,905849,,524901,0,0,0,1,0,East,2024/2025,HALVER ROAD,KNOX ROAD,,Non-Injury Crash,No,2024,0,East,0,0,0,Hill Road,0,,0,,0,Dark,757400,0,0,0,2,0,0,0,0,2,,0,0,Auckland Region,Nil,2-way,Sealed,0,0,0,0,50,0,On,3,0,,76,Auckland,Nil,0,0,0,0,0,0,Urban,0,0,0,Fine,Null
1758873.5879,5917194.4833,905856,,516001,0,,0,1,,South,2024/2025,SOUTHERN MOTORWAY,DILWORTH FTBR,,Non-Injury Crash,Yes,2025,,South,,0,,Flat,,,,,,Bright sun,491200,0,0,0,4,,,0,,,,,,Auckland Region,Nil,1-way,Sealed,,0,0,,80,,Off,0,0,,76,Auckland,Nil,,,,,0,0,Open,1,,,Fine,Null
1754656.7062,5931243.6177,905860,,508520,0,,0,1,,Null,2025/2026,SUNSET ROAD,SYCAMORE DRIVE,,Non-Injury Crash,No,2025,,West,,0,,Flat,,,,,,Overcast,191106,0,0,0,2,,,0,,,,,,Auckland Region,Nil,2-way,Sealed,,0,0,,50,,Null,1,0,,76,Auckland,Give way,,,,,0,0,Urban,0,,,Fine,Null
1757297.5927,5921139.2049,905867,,514101,0,,0,2,,Null,2023/2024,HOBSON STREET,QUAY STREET,,Non-Injury Crash,No,2023,,North,,0,,Flat,,,,,,Dark,432800,0,0,0,2,,,0,,,,,,Auckland Region,Nil,1-way,Sealed,,0,0,,30,,On,0,0,,76,Auckland,Traffic Signals,,,,,0,0,Urban,0,,,Fine,None
1768706.4431,5910117.1052,905869,,523112,0,,0,2,,Null,2025/2026,HARRIS ROAD,CROOKS ROAD,,Minor Crash,No,2026,,North,,0,,Flat,,,,,,Overcast,711500,2,0,0,4,,,0,,,,,,Auckland Region,Nil,2-way,Sealed,,0,0,,50,,Off,0,1,,76,Auckland,Give way,,,,,0,0,Urban,0,,,Light rain,Null
1765904.3392,5907891.363,905871,,523402,0,0,0,1,0,North,2025/2026,SOUTHERN MOTORWAY,EAST TAMAKI ROAD OFF RAMP,,Minor Crash,Yes,2025,0,South,0,0,0,Flat,1,,0,,0,Twilight,699000,2,0,0,3,0,0,0,0,0,,0,0,Auckland Region,Nil,1-way,Sealed,0,0,0,0,100,0,On,0,0,,76,Auckland,Nil,0,0,0,0,0,0,Open,0,0,0,Fine,Null
1741933.4291,5917301.4057,905874,,513102,0,,0,1,,North,2025/2026,CANDIA ROAD,COULTER ROAD,,Non-Injury Crash,No,2025,,South,,0,,Flat,,,,,,Bright sun,238600,0,0,1,2,,,0,,,,,,Auckland Region,Nil,2-way,Sealed,,0,0,,60,,Null,0,0,,76,Auckland,Nil,,,,,0,0,Urban,0,,,Fine,Null
1759238.0543,5908164.3087,905875,,524122,0,,0,0,,South,2025/2026,MCKENZIE ROAD,TARATA CRESCENT,,Minor Crash,No,2025,,North,,0,,Hill Road,,,,,,Dark,737801,1,0,0,2,,,0,,,1,,,Auckland Region,Nil,2-way,Sealed,,0,0,,50,,On,0,0,,76,Auckland,Nil,,,,,0,0,Urban,0,,,Fine,Null
1738896.3282,5928675.4965,905876,,505602,0,,0,0,,Null,2025/2026,ACCESS ROAD,WAITAKERE ROAD,,Non-Injury Crash,No,2025,,North,,0,,Null,,,,,,Bright sun,215000,0,0,0,2,,,0,,,,,,Auckland Region,Nil,2-way,Sealed,,0,0,,50,,Null,0,0,,76,Auckland,Stop,,,,,0,0,Urban,1,,,Fine,Null
1770042.384,5915445.6705,905878,,522711,0,0,0,1,0,North,2025/2026,BUCKLANDS BEACH ROAD,CHERRY ROAD,,Non-Injury Crash,No,2025,0,South,0,0,0,Flat,0,,0,,0,Dark,680801,0,0,0,2,0,0,0,0,1,,0,0,Auckland Region,Nil,1-way,Sealed,0,0,0,0,50,0,On,0,0,,76,Auckland,Nil,0,0,0,0,0,0,Urban,1,0,0,Fine,Null
1767706.7506,5901003.7833,905886,,524720,0,0,0,1,0,East,2024/2025,RUSSELL ROAD,KERRYDALE ROAD,,Non-Injury Crash,No,2024,0,East,0,0,0,Null,0,,0,,0,Unknown,777601,0,0,0,2,0,0,0,0,1,,0,0,Auckland Region,Nil,2-way,Null,0,0,0,0,50,0,Null,0,0,,76,Auckland,Nil,0,0,0,0,0,0,Urban,0,0,0,Null,Null
1751982.9999,5917841.9961,905887,35,515001,0,,0,1,,Null,2024/2025,GREAT NORTH ROAD,GREAT NORTH ROAD ON RAMP,,Non-Injury Crash,No,2025,,North,,0,,Flat,,,,,,Bright sun,392400,0,0,0,2,,,0,,,,,,Auckland Region,Nil,1-way,Sealed,,0,0,,50,,Off,0,0,,76,Auckland,Nil,,,,,0,1,Urban,0,,,Fine,None
1758208.3212,5920234.5544,905890,,514103,0,,1,0,,Null,2023/2024,BEACH ROAD,CHURCHILL STREET,,Non-Injury Crash,No,2024,,South,,0,,Flat,,,,,,Bright sun,438203,0,0,0,2,,,0,,,,,,Auckland Region,Nil,1-way,Sealed,,0,0,,30,,Off,0,0,,76,Auckland,Give way,,,,,1,0,Urban,0,,,Fine,Null
1767324.3793,5906303.8966,905891,,522302,0,,0,0,,North,2024/2025,SOUTHERN MOTORWAY,REAGAN OBR,,Non-Injury Crash,Yes,2025,,North,,0,,Flat,,,,,,Overcast,670200,0,0,0,3,,,0,,,,,,Auckland Region,Nil,1-way,Sealed,,0,0,,100,,Off,0,0,,76,Auckland,Nil,,,,,1,0,Open,1,,,Light rain,Strong wind