X,Y,OBJECTID,advisorySpeed,areaUnitID,bicycle,bridge,bus,carStationWagon,cliffBank,crashDirectionDescription,crashFinancialYear,crashLocation1,crashLocation2,crashRoadSideRoad,crashSeverity,crashSHDescription,crashYear,debris,directionRoleDescription,ditch,fatalCount,fence,flatHill,guardRail,holiday,houseOrBuilding,intersection,kerb,light,meshblockId,minorInjuryCount,moped,motorcycle,NumberOfLanes,objectThrownOrDropped,otherObject,otherVehicleType,overBank,parkedVehicle,pedestrian,phoneBoxEtc,postOrPole,region,roadCharacter,roadLane,roadSurface,roadworks,schoolBus,seriousInjuryCount,slipOrFlood,speedLimit,strayAnimal,streetLight,suv,taxi,temporarySpeedLimit,tlaId,tlaName,trafficControl,trafficIsland,trafficSign,train,tree,truck,unknownVehicleType,urban,vanOrUtility,vehicle,waterRiver,weatherA,weatherB
1773555.9978,5897217.0875,905894,,525630,0,0,0,1,0,South,2025/2026,GROVE ROAD,OLD WAIROA ROAD,,Non-Injury Crash,No,2025,0,North,0,0,0,Flat,0,,0,,0,Dark,795400,0,0,0,2,0,0,0,0,1,,0,0,Auckland Region,Nil,2-way,Sealed,0,0,0,0,50,0,On,0,0,,76,Auckland,Nil,0,0,0,0,0,0,Urban,1,0,0,Fine,Null
1768627.4909,5880005.7257,905895,,525922,0,0,0,1,0,Null,2025/2026,NELSON STREET,QUEEN STREET,,Minor Crash,No,2026,0,West,0,0,0,Flat,0,,0,,0,Twilight,824100,1,0,0,2,0,0,0,0,0,,0,0,Auckland Region,Nil,2-way,Sealed,1,0,0,0,50,0,Off,0,0,,76,Auckland,Give way,0,0,0,0,0,0,Urban,0,0,0,Fine,Null
1756795.8236,5928312.6702,905896,,507900,0,,0,1,,North,2024/2025,WATERLOO ROAD,SHAKESPEARE ROAD,,Non-Injury Crash,No,2024,,South,,0,,Flat,,Christmas New Year,,,,Bright sun,305700,0,0,0,2,,,0,,,1,,,Auckland Region,Nil,2-way,Sealed,,0,0,,50,,Off,0,0,,76,Auckland,Nil,,,,,0,0,Urban,0,,,Fine,Null
1773932.3448,5897787.635,905901,,523912,0,0,0,1,0,Null,2024/2025,COSGRAVE ROAD,BELLBIRD STREET,,Non-Injury Crash,No,2025,0,South,0,0,0,Flat,0,,0,,0,Bright sun,765500,0,0,0,2,0,0,0,0,0,,0,1,Auckland Region,Nil,2-way,Sealed,0,0,0,0,60,0,Off,0,0,,76,Auckland,Nil,0,1,0,0,0,0,Urban,0,0,0,Fine,Null
1765519.2096,5901714.4894,905902,,524604,0,,0,1,,North,2024/2025,ROSCOMMON ROAD,BROWNS ROAD,,Minor Crash,No,2025,,North,,0,,Hill Road,,,,,,Twilight,781200,1,0,0,2,,,0,,,,,,Auckland Region,Nil,1-way,Sealed,,0,0,,60,,On,0,0,,76,Auckland,Nil,,,,,1,0,Urban,0,,,Fine,Null
1768093.3196,5903288.6178,905904,,524602,0,,0,2,,Null,2024/2025,KERRS ROAD,GREAT SOUTH ROAD,,Minor Crash,No,2024,,North,,0,,Flat,,,,,,Overcast,780410,1,0,0,1,,,0,,,,,,Auckland Region,Nil,1-way,Sealed,,0,0,,50,,Off,0,0,,76,Auckland,Give way,,,,,0,0,Urban,0,,,Light rain,Null
1765705.6316,5900460.7509,905905,,524822,0,0,0,0,0,Null,2024/2025,MAPLESDEN DRIVE,BURUNDI AVENUE,,Minor Crash,No,2025,0,North,0,0,1,Flat,0,,1,,0,Twilight,774441,1,0,0,2,0,0,0,0,1,,0,0,Auckland Region,Nil,2-way,Sealed,0,0,0,0,30,0,On,1,0,,76,Auckland,Stop,0,0,0,0,0,0,Urban,1,0,0,Fine,Null
1758248.1215,5916615.4424,905908,,519200,0,,0,0,,Null,2024/2025,MANUKAU ROAD,WARBOROUGH AVENUE,,Serious Crash,No,2025,,North,,0,,Flat,,,,,,Bright sun,614301,0,0,0,4,,,0,,,1,,,Auckland Region,Nil,2-way,Sealed,,0,1,,50,,Off,1,0,,76,Auckland,Give way,,,,,0,0,Urban,0,,,Fine,Null
1758035.8651,5920568.0997,905909,,514103,0,0,0,2,0,South,2025/2026,ANZAC AVENUE,SHORT STREET,,Non-Injury Crash,No,2025,0,North,0,0,0,Flat,0,,0,,0,Dark,438406,0,0,0,2,0,0,0,0,1,,0,0,Auckland Region,Nil,2-way,Sealed,0,0,0,0,40,0,On,0,0,,76,Auckland,Nil,0,0,0,0,0,0,Urban,0,0,0,Fine,Null
1773689.2614,5896848.943,905914,,525620,0,,0,0,,South,2024/2025,CLEVEDON ROAD,GROVE ROAD,,Non-Injury Crash,No,2025,,North,,0,,Null,,,,,,Bright sun,797100,0,0,0,2,,,0,,,,,,Auckland Region,Nil,2-way,Sealed,,0,0,,50,,Null,2,0,,76,Auckland,Nil,,,,,0,0,Urban,0,,,Fine,Null
1763319.0034,5907608.0821,905918,,524301,1,,0,1,,Null,2025/2026,GRAY AVENUE,WEDGWOOD AVENUE,,Serious Crash,No,2025,,West,,0,,Flat,,,,,,Dark,749002,0,0,0,2,,,0,,,,,,Auckland Region,Nil,2-way,Sealed,,0,1,,50,,On,0,0,,76,Auckland,Nil,,,,,0,0,Urban,0,,,Fine,Null
1743652.2199,5919144.8281,905920,,513213,0,,0,2,,West,2025/2026,METCALFE ROAD,SWANSON ROAD,,Serious Crash,No,2025,,East,,0,,Flat,,,,,,Dark,235803,3,0,0,2,,,0,,,,,,Auckland Region,Nil,2-way,Sealed,,0,2,,50,,On,0,0,,76,Auckland,Nil,,,,,0,0,Urban,0,,,Fine,Null
1769150.9222,5905683.0543,905929,,523721,0,,0,2,,North,2025/2026,DAWSON ROAD,CHAPEL ROAD,,Serious Crash,No,2025,,North,,0,,Flat,,,,,,Bright sun,715606,0,0,0,2,,,0,,,1,,,Auckland Region,Nil,2-way,Sealed,,0,1,,50,,Off,0,0,40,76,Auckland,Nil,,,,,0,0,Urban,0,,,Fine,Null
1747588.7907,5962693.013,905936,75,506613,0,,0,1,,Null,2024/2025,POHUEHUE ROAD,MOIR HILL ROAD,,Minor Crash,No,2025,,North,,0,,Hill Road,,,,,,Dark,146800,1,0,0,2,,,0,,,,,,Auckland Region,Nil,2-way,Sealed,,0,0,,80,,Off,0,0,,76,Auckland,Give way,,,,,0,0,Open,0,,,Light rain,Null
1769692.0556,5901161.4777,905939,,524901,0,,0,0,,East,2024/2025,ALFRISTON ROAD,SCOTTS ROAD,,Non-Injury Crash,No,2024,,West,,0,,Null,,,,,,Bright sun,757602,0,0,0,2,,,0,,,,,,Auckland Region,Nil,2-way,Sealed,,0,0,,50,,Off,1,0,,76,Auckland,Traffic Signals,,,,,0,1,Urban,0,,,Fine,Null
1753211.6145,5930101.5833,905944,,508803,0,,0,2,,Null,2024/2025,GOLDFINCH RISE,UNSWORTH DRIVE,,Non-Injury Crash,No,2025,,South,,0,,Flat,,,,,,Overcast,180846,0,0,0,2,,,0,,,,,,Auckland Region,Nil,2-way,Sealed,,0,0,,50,,Null,0,0,,76,Auckland,Give way,,,,,0,0,Urban,0,,,Light rain,Null
1768093.3614,5903288.0142,905945,,524602,0,,0,1,,Null,2023/2024,KERRS ROAD,GREAT SOUTH ROAD,,Non-Injury Crash,No,2024,,East,,0,,Flat,,,,,,Overcast,780410,0,0,0,1,,,0,,,,,,Auckland Region,Nil,1-way,Sealed,,0,0,,50,,Off,0,0,,76,Auckland,Give way,,,,,0,1,Urban,0,,,Fine,None
1770450.0,5915593.9246,905946,,522712,0,,0,1,,Null,2025/2026,GILLS ROAD,WYCHERLEY DRIVE,,Non-Injury Crash,No,2025,,East,,0,,Flat,,,,,,Dark,681101,0,0,0,2,,,0,,,,,,Auckland Region,Nil,2-way,Sealed,,0,0,,50,,On,0,0,,76,Auckland,Give way,,,,,0,0,Urban,1,,,Fine,Null
1754581.0263,5934451.0682,905954,,507102,0,0,0,0,0,North,2024/2025,OAKTREE AVENUE,WEETMAN DRIVE,,Non-Injury Crash,No,2025,0,North,0,0,0,Hill Road,0,,0,,0,Bright sun,158801,0,0,0,2,0,0,0,0,1,,0,0,Auckland Region,Nil,2-way,Sealed,0,0,0,0,50,0,Off,0,0,,76,Auckland,Nil,0,0,0,0,2,0,Urban,0,0,0,Fine,Null
1753176.9712,5918265.4243,905962,,515002,0,0,0,1,0,West,2025/2026,NORTH-WESTERN MOTORWAY,ST LUKES OBR,,Minor Crash,Yes,2025,0,East,0,0,0,Flat,1,,0,,0,Overcast,390501,1,0,0,4,0,0,0,0,0,,0,0,Auckland Region,Nil,1-way,Sealed,0,0,0,0,100,0,Off,0,0,,76,Auckland,Nil,0,0,0,0,0,0,Open,0,0,0,Fine,Null
1750699.9275,5912793.2283,905963,,511402,0,0,0,1,0,East,2022/2023,BOLTON STREET,PORTAGE ROAD,,Non-Injury Crash,No,2023,0,East,0,0,0,Flat,0,Queens Birthday,0,,0,Bright sun,260700,0,0,0,2,0,0,0,0,1,,0,0,Auckland Region,Nil,2-way,Sealed,0,0,0,0,50,0,Off,0,0,,76,Auckland,Nil,0,0,0,0,1,0,Urban,0,0,0,Fine,None
1757256.5123,5921153.0046,905967,,514101,0,,0,2,,Null,2024/2025,OFF ROAD - VIADUCT HARBOUR,,,Non-Injury Crash,No,2024,,West,,0,,Flat,,,,,,Dark,438218,0,0,0,,,,0,,,,,,Auckland Region,Nil,Off road,Sealed,,0,0,,,,On,0,1,,76,Auckland,Nil,,,,,0,0,Urban,0,,,Fine,Null
1756249.669,5919250.3057,905969,,515500,0,,0,2,,Null,2022/2023,NEWTON ROAD,KARANGAHAPE ROAD,,Non-Injury Crash,No,2023,,North,,0,,Hill Road,,,,,,Overcast,417500,0,0,0,4,,,0,,,,,,Auckland Region,Nil,2-way,Sealed,,0,0,,50,,On,0,0,,76,Auckland,Traffic Signals,,,,,0,0,Urban,0,,,Fine,None
1760320.5923,5947444.3338,905971,,505904,0,0,0,1,0,West,2024/2025,WHANGAPARAOA ROAD,FISHERMANS COVE,,Non-Injury Crash,No,2025,0,West,0,0,0,Hill Road,0,,0,,1,Overcast,175003,0,0,0,2,0,0,0,0,0,,0,0,Auckland Region,Nil,2-way,Sealed,0,0,0,0,50,0,Off,1,0,,76,Auckland,Nil,0,0,0,0,0,0,Urban,0,0,0,Fine,Null
1758270.7583,5927692.1029,905975,,508010,0,,0,2,,North,2024/2025,HURSTMERE ROAD,THE PROMENADE,,Minor Crash,No,2024,,North,,0,,Null,,,,,,Bright sun,326700,1,0,0,2,,,0,,,,,,Auckland Region,Nil,2-way,Sealed,,0,0,,30,,Null,0,0,,76,Auckland,Nil,,,,,0,0,Urban,0,,,Fine,Null
1755670.449,5926157.1902,905976,,509701,0,0,0,1,0,Null,2025/2026,LAKE ROAD,GREENSLADE CRESCENT,,Non-Injury Crash,No,2025,0,South,0,0,1,Flat,0,,0,,0,Dark,362600,0,0,0,2,0,0,0,0,0,,0,0,Auckland Region,Nil,2-way,Sealed,0,0,0,0,50,0,On,0,0,,76,Auckland,Give way,0,0,0,0,0,0,Urban,0,0,0,Fine,Null
1760435.8007,5911629.6579,905979,,520000,0,,0,1,,Null,2022/2023,CAPTAIN SPRINGS ROAD,HUGO WILSON LANE,,Non-Injury Crash,No,2023,,South,,0,,Flat,,,,,,Overcast,607800,0,0,0,2,,,0,,,,,,Auckland Region,Nil,2-way,Sealed,,0,0,,50,,None,0,0,,76,Auckland,Nil,,,,,1,0,Urban,0,,,Fine,None
1765234.8146,5915480.1558,905983,35,520301,0,,1,0,,West,2024/2025,JELLICOE ROAD,PILKINGTON ROAD,,Non-Injury Crash,No,2024,,North,,0,,Flat,,,,,,Overcast,627900,0,0,0,2,,,0,,,,,,Auckland Region,Nil,2-way,Sealed,,0,0,,50,,Off,0,0,,76,Auckland,Nil,,,,,0,0,Urban,0,,,Heavy rain,Null
1770982.6559,5914605.9951,905986,,521602,0,,0,2,,Null,2025/2026,RIDGE ROAD,BOTANY ROAD,,Non-Injury Crash,No,2025,,West,,0,,Flat,,,,,,Dark,647701,0,0,0,4,,,0,,,,,,Auckland Region,Nil,2-way,Sealed,,0,0,,50,,On,0,0,,76,Auckland,Traffic Signals,,,,,0,0,Urban,0,,,Fine,Null
1763214.9855,5878246.9433,905988,,521121,0,,0,2,,West,2025/2026,WAIUKU ROAD,WILY ROAD,,Non-Injury Crash,No,2025,,East,,0,,Flat,,,,,,Bright sun,825101,0,0,0,2,,,0,,,,,,Auckland Region,Nil,2-way,Sealed,,0,0,,80,,None,0,0,,76,Auckland,Nil,,,,,0,0,Open,0,,,Fine,Null
1761735.8405,5906554.5758,905989,,524112,0,1,0,1,0,Null,2024/2025,MASSEY ROAD,MASSEY ROAD ON RAMP,,Non-Injury Crash,No,2025,0,East,0,0,0,Flat,0,,0,,0,Dark,742300,0,0,0,2,0,0,0,0,0,,0,0,Auckland Region,Bridge,1-way,Sealed,0,0,0,0,50,0,On,0,0,,76,Auckland,Traffic Signals,0,0,0,0,0,0,Urban,0,0,0,Fine,Null
1771524.8376,5905202.6797,905993,,523713,0,0,0,1,0,Null,2024/2025,MURPHYS PARK DRIVE,ASCENT STREET,,Non-Injury Crash,No,2024,0,East,0,0,1,Flat,0,,0,,0,Bright sun,713501,0,0,0,2,0,0,0,0,0,,0,0,Auckland Region,Nil,2-way,Sealed,0,0,0,0,50,0,None,0,0,,76,Auckland,Give way,0,0,0,0,0,0,Urban,0,0,0,Fine,Null
1757615.5645,5927288.5071,905995,,508010,0,0,0,2,0,South,2024/2025,KILLARNEY STREET,AUBURN STREET,,Non-Injury Crash,No,2024,0,Null,0,0,0,Flat,0,,0,,0,Dark,327400,0,0,0,2,0,0,0,0,1,,0,0,Auckland Region,Nil,2-way,Sealed,0,0,0,0,50,0,Null,0,0,,76,Auckland,Nil,0,0,0,0,0,0,Urban,0,0,0,Null,Null
1744626.6109,5915950.7167,906000,,510800,0,,0,2,,Null,2023/2024,HENDERSON VALLEY ROAD,CORBAN AVENUE,,Non-Injury Crash,No,2023,,North,,0,,Flat,,,,,,Bright sun,242501,0,0,0,2,,,0,,,,,,Auckland Region,Nil,2-way,Sealed,,0,0,,50,,Off,0,0,,76,Auckland,Give way,,,,,0,0,Urban,0,,,Fine,None
1744106.7175,5974786.3772,906006,,506661,0,0,0,1,0,South,2024/2025,SH 1,WAIWHIU CONICAL PEAK ROAD,,Non-Injury Crash,Yes,2025,0,North,0,0,0,Hill Road,1,,0,,0,Bright sun,139000,0,0,0,2,0,0,0,0,0,,0,0,Auckland Region,Nil,2-way,Sealed,0,0,0,0,80,0,Off,0,0,,76,Auckland,Nil,0,0,0,0,0,0,Open,0,0,0,Fine,Null
1759238.8796,5977768.8523,906010,,506658,0,0,0,0,0,Null,2024/2025,OMAHA DRIVE,BLUE BELL PARADE,,Minor Crash,No,2025,0,North,0,0,0,Flat,0,,0,,0,Dark,138810,1,0,0,2,0,0,0,0,0,,0,0,Auckland Region,Nil,2-way,Sealed,0,0,0,0,50,0,On,0,0,,76,Auckland,Nil,1,0,0,0,0,1,Urban,0,0,0,Fine,Null
1757107.7251,5913721.8433,906013,,518702,0,,0,2,,Null,2023/2024,MOUNT ALBERT ROAD,BUCKLEY ROAD,,Non-Injury Crash,No,2023,,West,,0,,Flat,,,,,,Bright sun,567401,0,0,0,4,,,0,,,,,,Auckland Region,Nil,2-way,Sealed,,0,0,,50,,Off,0,0,,76,Auckland,Stop,,,,,0,0,Urban,0,,,Fine,None
1770571.2961,5916442.2264,906016,,522601,0,,0,4,,North,2024/2025,MACLEANS ROAD,RICHARD AVENUE,,Non-Injury Crash,No,2024,,North,,0,,Flat,,,,,,Overcast,678100,0,0,0,2,,,0,,,,,,Auckland Region,Nil,2-way,Sealed,,0,0,,50,,Off,0,0,,76,Auckland,Nil,,,,,0,0,Urban,0,,,Fine,Null
1758382.854,5913505.2084,906017,,519710,0,,0,0,,East,2025/2026,CAMPBELL ROAD,MOUNT SMART ROAD,,Minor Crash,No,2025,,North,,0,,Flat,,,,,,Overcast,594703,1,0,0,2,,,0,,,1,,,Auckland Region,Nil,2-way,Sealed,,0,0,,50,,Off,0,0,,76,Auckland,Nil,,,,,0,0,Urban,1,,,Fine,Null
1755733.1769,5920032.8483,906031,,514000,0,,0,2,,Null,2024/2025,FRANKLIN ROAD,HEKE STREET,,Non-Injury Crash,No,2024,,North,,0,,Hill Road,,,,,,Overcast,414600,0,0,0,2,,,0,,,,,,Auckland Region,Nil,2-way,Sealed,,0,0,,30,,Off,0,0,,76,Auckland,Give way,,,,,0,0,Urban,0,,,Fine,Null
1740154.2737,5946179.2348,906043,,506614,0,0,0,1,0,North,2025/2026,WAITOKI ROAD,COLGAN LANE,,Minor Crash,No,2025,0,South,0,0,1,Hill Road,0,,0,,0,Overcast,177300,1,0,0,2,0,0,0,0,0,,0,0,Auckland Region,Nil,2-way,Sealed,0,0,0,0,100,0,Off,0,0,,76,Auckland,Nil,0,0,0,0,0,0,Open,0,0,0,Fine,Null
1745084.7645,5919773.8917,906044,,513301,0,,0,2,,East,2025/2026,UNIVERSAL DRIVE,TUDOR ROAD,,Non-Injury Crash,No,2026,,West,,0,,Flat,,,,,,Bright sun,232001,0,0,0,4,,,0,,,,,,Auckland Region,Nil,2-way,Sealed,,0,0,,50,,Null,0,0,,76,Auckland,Nil,,,,,0,0,Urban,0,,,Fine,Null
1745314.0099,5920021.9773,906045,,513301,0,,0,1,,North,2024/2025,LINCOLN ROAD,PARAMOUNT DRIVE,,Non-Injury Crash,No,2025,,South,,0,,Flat,,Easter,,,,Overcast,231900,0,0,0,4,,,0,,,,,,Auckland Region,Nil,2-way,Sealed,,0,0,,50,,Off,0,0,,76,Auckland,Nil,,,,,0,0,Urban,1,,,Fine,Null
1723153.1793,5931477.914,906050,,506652,0,,0,0,,Null,2024/2025,OFF ROAD MURIWAI BEACH,,,Serious Crash,No,2025,,North,,0,,Null,,,,,,Overcast,218300,0,0,0,0,,,1,,,,,,Auckland Region,Nil,Off road,Null,,0,1,,,,None,0,0,,76,Auckland,Nil,,,,,0,0,Urban,0,,,Fine,Null
1763151.474,5908358.4035,906055,,524402,0,0,0,1,0,South,2024/2025,SAVILL DRIVE,ALDERMAN PLACE,,Minor Crash,No,2025,0,South,0,0,1,Flat,0,,0,,0,Dark,749900,1,0,0,2,0,0,0,0,0,,0,0,Auckland Region,Nil,2-way,Sealed,0,0,0,0,50,0,On,0,0,,76,Auckland,Nil,0,0,0,0,0,0,Urban,0,0,0,Fine,Null
1748977.4309,5935941.8047,906060,,506300,0,0,0,1,0,Null,2024/2025,DAIRY FLAT HIGHWAY,Coatesville Riverhead Highway,,Non-Injury Crash,No,2024,0,South,0,0,0,Flat,0,,0,,0,Dark,176003,0,0,0,4,0,0,0,0,0,,0,0,Auckland Region,Nil,2-way,Sealed,0,0,0,0,80,0,On,0,0,,76,Auckland,Give way,1,0,0,0,0,0,Open,0,0,0,Fine,Null
1765004.679,5910472.4183,906062,,521801,0,,0,1,,North,2024/2025,SOUTHERN MOTORWAY,PRINCES OBR,,Minor Crash,Yes,2025,,North,,0,,Flat,,,,,,Overcast,787200,1,0,0,3,,,0,,,,,,Auckland Region,Nil,1-way,Sealed,,0,0,,100,,Off,0,1,,76,Auckland,Nil,,,,,1,0,Open,0,,,Light rain,Null
1766872.1225,5903868.1963,906063,,524604,0,,0,2,,Null,2023/2024,LAMBIE DRIVE,LAMBIE DRIVE OFF RAMP,,Non-Injury Crash,No,2024,,South,,0,,Hill Road,,,,,,Twilight,780210,0,0,0,5,,,0,,,,,,Auckland Region,Bridge,2-way,Sealed,,0,0,,50,,On,0,0,,76,Auckland,Traffic Signals,,,,,0,0,Urban,0,,,Heavy rain,Strong wind
1770377.2187,5898900.506,906066,,523920,0,,0,2,,South,2024/2025,GREAT SOUTH ROAD,MANUROA ROAD,,Non-Injury Crash,No,2025,,South,,0,,Flat,,,,,,Bright sun,768008,0,0,0,2,,,0,,,,,,Auckland Region,Nil,2-way,Sealed,,0,0,,50,,Null,0,0,,76,Auckland,Nil,,,,,0,0,Urban,0,,,Fine,Null
1766257.346,5905376.8854,906067,,522202,0,0,0,2,0,Null,2025/2026,CARRUTH ROAD,FITZROY STREET,,Minor Crash,No,2025,0,East,0,0,1,Flat,0,,0,,0,Overcast,665700,2,0,0,2,0,0,0,0,0,,0,0,Auckland Region,Nil,2-way,Sealed,0,0,0,0,50,0,None,0,0,,76,Auckland,Stop,0,0,0,0,0,0,Urban,0,0,0,Fine,Null
1769954.3312,5909837.6672,906068,,523114,0,,0,2,,Null,2024/2025,SMALES ROAD,TE IRIRANGI DRIVE,,Non-Injury Crash,No,2024,,West,,0,,Flat,,,,,,Bright sun,711804,0,0,0,2,,,0,,,,,,Auckland Region,Nil,2-way,Sealed,,0,0,,50,,Null,0,0,,76,Auckland,Give way,,,,,0,0,Urban,0,,,Fine,Null
1773299.0558,5899467.8507,906070,,523912,0,,0,0,,South,2024/2025,MILL ROAD,AIRFIELD ROAD,,Fatal Crash,No,2025,,South,,1,,Flat,,,,,,Dark,765401,0,0,1,2,,,0,,,,,,Auckland Region,Nil,2-way,Sealed,,0,0,,80,,None,1,0,,76,Auckland,Nil,,,,,0,0,Open,1,,,Fine,Null
1760837.3966,5915349.5811,906071,,520201,0,,0,0,,East,2024/2025,SOUTHERN MOTORWAY,WALPOLE OBR,,Non-Injury Crash,Yes,2025,,North,,0,,Null,,,,,,Unknown,613000,0,0,0,4,,,0,,,,,,Auckland Region,Nil,1-way,Null,,0,0,,100,,Null,1,0,,76,Auckland,Nil,,,,,0,0,Open,0,,,Null,Null
1757618.1582,5918356.7905,906073,,518101,0,,0,2,,North,2024/2025,SOUTHERN MOTORWAY,KHYBER PASS ROAD OFF RAMP,,Non-Injury Crash,Yes,2025,,North,,0,,Flat,,,,,,Bright sun,542700,0,0,0,4,,,0,,,,,,Auckland Region,Nil,1-way,Sealed,,0,0,,80,,Off,0,0,,76,Auckland,Nil,,,,,0,0,Open,0,,,Fine,Null
1782362.2208,5925863.6874,906075,,520801,0,,1,1,,Null,2024/2025,BELGIUM STREET,WHARF ROAD,,Non-Injury Crash,No,2025,,West,,0,,Hill Road,,,,,,Bright sun,515313,0,0,0,2,,,0,,,,,,Auckland Region,Nil,2-way,Sealed,,0,0,,30,,Off,0,0,,76,Auckland,Stop,,,,,0,0,Urban,0,,,Fine,Null
1750695.7823,5913702.8483,906079,,514600,0,0,0,1,1,West,2025/2026,WOLVERTON STREET,ULSTER ROAD,,Non-Injury Crash,No,2025,0,West,0,0,0,Flat,0,,0,,0,Dark,371700,0,0,0,6,0,0,0,0,0,,0,0,Auckland Region,Nil,2-way,Sealed,0,0,0,0,50,0,On,0,0,,76,Auckland,Nil,0,0,0,0,0,0,Urban,0,0,0,Light rain,Null
1755440.2134,5915234.6463,906082,,518302,0,,0,2,,Null,2024/2025,DOMINION ROAD,LANDSCAPE ROAD,,Minor Crash,No,2025,,South,,0,,Hill Road,,,,,,Overcast,559402,1,0,0,2,,,0,,,,,,Auckland Region,Nil,2-way,Sealed,,0,0,,50,,Off,0,0,,76,Auckland,Stop,,,,,0,0,Urban,0,,,Fine,Null
1745473.2494,5917298.3468,906084,,510700,0,,0,1,,South,2024/2025,RATANUI STREET,WAITAKERE LANE EXT,,Non-Injury Crash,No,2024,,North,,0,,Null,,Christmas New Year,,,,Bright sun,239900,0,0,0,2,,,0,,,,,,Auckland Region,Nil,2-way,Sealed,,0,0,,50,,Null,1,0,,76,Auckland,Nil,,,,,0,0,Urban,0,,,Fine,Null
1772775.9679,5907376.4857,906092,65,523713,0,0,0,1,0,North,2025/2026,ORMISTON ROAD,JEFFS ROAD,,Minor Crash,No,2025,0,North,0,0,0,Flat,0,,0,,0,Overcast,712600,1,0,0,4,0,0,0,0,0,,0,1,Auckland Region,Nil,2-way,Sealed,0,0,0,0,80,0,Off,0,0,70,76,Auckland,Nil,0,0,0,0,0,0,Open,0,0,0,Fine,Null
1770007.5021,5899297.9904,906104,,523911,0,,0,2,,Null,2024/2025,TAKANINI OFF RAMP,GREAT SOUTH ROAD,,Non-Injury Crash,No,2025,,South,,0,,Flat,,,,,,Dark,768100,0,0,0,4,,,0,,,,,,Auckland Region,Nil,2-way,Sealed,,0,0,,50,,On,0,0,,76,Auckland,Traffic Signals,,,,,0,0,Urban,0,,,Fine,Null
1752223.6362,5946943.8644,906111,,505808,0,,0,2,,East,2024/2025,WHANGAPARAOA ROAD,RED BEACH ROAD,,Minor Crash,No,2025,,East,,0,,Hill Road,,,,,,Overcast,173115,1,0,1,4,,,0,,,,,,Auckland Region,Nil,2-way,Sealed,,0,0,,50,,Off,0,0,,76,Auckland,Nil,,,,,0,0,Urban,0,,,Fine,Null
1769840.2225,5899409.9245,906115,,523920,0,0,0,1,0,Null,2024/2025,MANUREWA-TAKANINI ON RAMP,GREAT SOUTH ROAD,,Non-Injury Crash,No,2024,0,West,0,0,0,Flat,0,,0,,0,Bright sun,767922,0,0,0,3,0,0,0,0,0,,0,0,Auckland Region,Motorway ramp,1-way,Sealed,0,0,0,0,70,0,Off,0,0,,76,Auckland,Traffic Signals,0,1,0,0,0,0,Urban,0,0,0,Fine,Null
1764813.7835,5903796.8699,906116,,524604,0,,0,1,,Null,2024/2025,CAVENDISH DRIVE,CAVENDISH DRIVE ON RAMP,,Serious Crash,No,2025,,North,,0,,Flat,,,,,,Overcast,781301,0,0,0,3,,,0,,,,,,Auckland Region,Nil,1-way,Sealed,,0,1,,50,,Off,0,0,,76,Auckland,Traffic Signals,,,,,0,0,Urban,1,,,Fine,Strong wind
1765663.2674,5890448.8891,906117,,521122,0,0,0,1,0,East,2024/2025,MUIR ROAD,CHARLES ROAD,,Minor Crash,No,2025,0,East,0,0,0,Flat,0,,0,,0,Overcast,810000,1,0,0,2,0,0,0,0,0,,0,0,Auckland Region,Nil,2-way,Sealed,0,0,0,0,80,0,None,0,0,,76,Auckland,Nil,0,0,0,1,0,0,Open,0,0,0,Fine,Null
1757768.766,5918207.342,906124,,515700,0,,0,5,,East,2025/2026,SOUTHERN MOTORWAY,MOUNTAIN OBR,,Non-Injury Crash,Yes,2025,,North,,0,,Hill Road,,,,,,Overcast,443600,0,0,0,5,,,0,,,,,,Auckland Region,Nil,1-way,Sealed,,0,0,,80,,Off,1,0,,76,Auckland,Nil,,,,,0,0,Open,0,,,Light rain,Null
1746731.3594,5917297.9583,906128,,512500,0,0,0,2,0,South,2025/2026,TE ATATU ROAD,MILTONIA AVENUE,,Non-Injury Crash,No,2025,0,North,0,0,0,Flat,0,,0,,0,Overcast,257602,0,0,0,2,0,0,0,0,1,,0,0,Auckland Region,Nil,2-way,Sealed,0,0,0,0,50,0,Off,0,0,,76,Auckland,Nil,0,0,0,0,0,0,Urban,0,0,0,Fine,Null
1761983.5024,5913900.8724,906130,,520202,0,0,0,1,0,North,2025/2026,SOUTHERN MOTORWAY,PENROSE OBR,,Non-Injury Crash,Yes,2025,0,North,0,0,0,Flat,0,,0,,0,Twilight,612400,0,0,0,3,0,0,0,0,0,,0,0,Auckland Region,Nil,1-way,Sealed,0,0,0,0,100,0,On,0,0,,76,Auckland,Nil,0,0,0,1,0,0,Open,0,0,0,Light rain,Null
1760714.4101,5915458.3277,906131,,520201,0,,0,1,,North,2023/2024,SOUTHERN MOTORWAY,WALPOLE OBR,,Non-Injury Crash,Yes,2024,,North,,0,,Flat,,,,,,Bright sun,613000,0,0,0,4,,,0,,,,,,Auckland Region,Nil,1-way,Sealed,,0,0,,100,,Off,0,0,,76,Auckland,Nil,,,,,1,0,Open,0,,,Fine,Null
1764275.8403,5916929.3166,906134,,520301,1,,0,1,,Null,2024/2025,MERTON ROAD,TISDALL CRESCENT,,Serious Crash,No,2024,,East,,0,,Hill Road,,,,,,Bright sun,465302,0,0,0,2,,,0,,,,,,Auckland Region,Nil,2-way,Sealed,,0,1,,50,,Off,0,0,,76,Auckland,Stop,,,,,0,0,Urban,0,,,Fine,Null