X,Y,OBJECTID,advisorySpeed,areaUnitID,bicycle,bridge,bus,carStationWagon,cliffBank,crashDirectionDescription,crashFinancialYear,crashLocation1,crashLocation2,crashRoadSideRoad,crashSeverity,crashSHDescription,crashYear,debris,directionRoleDescription,ditch,fatalCount,fence,flatHill,guardRail,holiday,houseOrBuilding,intersection,kerb,light,meshblockId,minorInjuryCount,moped,motorcycle,NumberOfLanes,objectThrownOrDropped,otherObject,otherVehicleType,overBank,parkedVehicle,pedestrian,phoneBoxEtc,postOrPole,region,roadCharacter,roadLane,roadSurface,roadworks,schoolBus,seriousInjuryCount,slipOrFlood,speedLimit,strayAnimal,streetLight,suv,taxi,temporarySpeedLimit,tlaId,tlaName,trafficControl,trafficIsland,trafficSign,train,tree,truck,unknownVehicleType,urban,vanOrUtility,vehicle,waterRiver,weatherA,weatherB
1759173.2708,5918116.73,906136,,516101,0,0,0,2,0,North,2025/2026,SEAVIEW ROAD,BASSETT ROAD,,Non-Injury Crash,No,2025,0,North,0,0,0,Flat,0,Christmas New Year,0,,0,Unknown,482201,0,0,0,2,0,0,0,0,1,,0,0,Auckland Region,Nil,2-way,Sealed,0,0,0,0,50,0,Null,0,0,,76,Auckland,Nil,0,0,0,0,0,0,Urban,0,0,0,Null,Null
1766482.6102,5907625.3053,906146,,523601,0,,0,3,,East,2024/2025,EAST TAMAKI ROAD,OTARA ROAD,,Non-Injury Crash,No,2025,,West,,0,,Flat,,,,,,Bright sun,708500,0,0,0,3,,,0,,,,,,Auckland Region,Nil,1-way,Sealed,,0,0,,50,,Off,0,0,,76,Auckland,Nil,,,,,0,0,Urban,0,,,Fine,Null
1759339.2373,5912215.8103,906158,,519820,0,,0,1,,West,2025/2026,CHURCH STREET,SPRING STREET,,Minor Crash,No,2025,,West,,0,,Flat,,,,,,Bright sun,602000,1,0,0,2,,,0,,,,,,Auckland Region,Nil,2-way,Sealed,,0,0,,50,,Null,0,0,,76,Auckland,Nil,,,,,0,0,Urban,1,,,Fine,Null
1747253.1953,5921045.1259,906159,,512300,0,0,0,3,0,North,2024/2025,TE ATATU ROAD,VINOGRAD DRIVE,,Non-Injury Crash,No,2024,0,South,0,0,0,Flat,0,,0,,0,Dark,250106,0,0,0,3,0,0,0,0,0,,0,0,Auckland Region,Nil,2-way,Sealed,0,0,0,0,50,0,On,0,0,,76,Auckland,Nil,0,0,0,0,0,0,Urban,0,2,0,Fine,Null
1756838.1144,5914164.7159,906161,,518600,0,,0,0,,Null,2024/2025,KINGSWAY,QUEENSWAY,,Non-Injury Crash,No,2024,,West,,0,,Flat,,,,,,Bright sun,564100,0,0,0,2,,,0,,,,,,Auckland Region,Nil,2-way,Sealed,,0,0,,50,,Null,1,0,,76,Auckland,Give way,,,,,0,0,Urban,1,,,Fine,Null
1759603.8362,5924851.8454,906163,,508110,0,0,0,2,0,Null,2024/2025,BAYSWATER AVENUE,MOANA AVENUE,,Non-Injury Crash,No,2024,0,North,0,0,0,Null,0,,0,,0,Bright sun,318500,0,0,0,0,0,0,0,0,1,,0,0,Auckland Region,Nil,Null,Sealed,0,0,0,0,,0,Null,0,0,,76,Auckland,Stop,0,0,0,0,0,0,Urban,0,0,0,Fine,Null
1745044.0637,5916286.8348,906166,,510800,0,0,0,1,0,South,2025/2026,HENDERSON VALLEY ROAD,WOODRUFFE AVENUE,,Non-Injury Crash,No,2025,0,South,0,0,0,Flat,0,,0,,1,Dark,242501,0,0,0,2,0,0,0,0,0,,0,0,Auckland Region,Nil,2-way,Sealed,0,0,0,0,50,0,On,0,0,,76,Auckland,Nil,0,0,0,0,0,0,Urban,0,0,0,Fine,Null
1761979.8573,5909179.0443,906168,,524402,0,,0,2,,Null,2023/2024,SAVILL DRIVE,FAVONA ROAD,,Non-Injury Crash,No,2024,,North,,0,,Flat,,,,,,Unknown,749800,0,0,0,2,,,0,,,,,,Auckland Region,Nil,2-way,Sealed,,0,0,,60,,Off,0,0,,76,Auckland,Give way,,,,,0,0,Urban,0,,,Fine,None
1743984.8588,5924084.8003,906170,,513431,0,,0,0,,North,2024/2025,NORTH-WESTERN MOTORWAY,HOBSONVILLE OBR,,Minor Crash,Yes,2024,,South,,0,,Null,,,,,,Overcast,223903,1,0,1,2,,,0,,,,,,Auckland Region,Nil,1-way,Sealed,,0,0,,100,,Null,0,0,,76,Auckland,Nil,,,,,0,0,Open,1,,,Fine,Null
1766656.3402,5908090.6536,906171,,523501,0,0,0,1,0,Null,2025/2026,BAIRDS ROAD,CORDOBA COURT,,Non-Injury Crash,No,2025,0,West,0,0,1,Flat,0,,0,,0,Overcast,700601,0,0,0,2,0,0,0,0,0,,0,0,Auckland Region,Nil,2-way,Sealed,0,0,0,0,30,0,Off,0,0,,76,Auckland,Give way,0,0,0,0,0,0,Urban,0,0,0,Fine,Null
1756739.5617,5919186.1008,906173,,514200,0,0,0,0,0,West,2025/2026,PORT TO NORTHERN LINK,NORTH-WESTERN MOTORWAY,,Minor Crash,Yes,2026,0,West,0,0,0,Flat,1,,0,,0,Overcast,412900,1,0,0,2,0,0,0,0,0,,0,0,Auckland Region,Nil,1-way,Sealed,0,0,0,0,80,0,Off,1,0,,76,Auckland,Nil,0,0,0,0,0,0,Open,0,0,0,Heavy rain,Strong wind
1761197.2624,5913073.6936,906175,,519500,0,0,0,1,0,South,2024/2025,MAURICE ROAD,STATION ROAD,,Fatal Crash,No,2025,0,South,0,1,0,Flat,0,,0,,0,Overcast,621700,0,0,0,2,0,0,0,0,0,,0,0,Auckland Region,Rail xing,2-way,Sealed,0,0,0,0,50,0,Off,0,0,,76,Auckland,Nil,0,0,1,0,0,0,Urban,0,0,0,Light rain,Null
1765369.8432,5909144.9539,906176,,523402,0,,0,1,,South,2024/2025,SOUTHERN MOTORWAY,TAMAKI RIV BR,,Non-Injury Crash,Yes,2024,,North,,0,,Flat,,,,,,Overcast,696900,0,0,0,4,,,0,,,,,,Auckland Region,Nil,1-way,Sealed,,0,0,,100,,Off,0,0,,76,Auckland,Nil,,,,,0,1,Open,0,,,Light rain,Null
1745876.3692,5917503.5649,906183,,510700,0,,0,0,,East,2024/2025,EDMONTON ROAD,TAKAPU STREET,,Non-Injury Crash,No,2024,,East,,0,,Hill Road,,,,,,Overcast,240000,0,0,1,2,,,0,,,,,,Auckland Region,Nil,2-way,Sealed,,0,0,,50,,Off,1,0,,76,Auckland,Nil,,,,,0,0,Urban,0,,,Light rain,Null
1756199.3775,5913050.3906,906186,,518701,0,,0,0,,South,2025/2026,SOUTH-WESTERN MOTORWAY,HAYR OBR,,Minor Crash,Yes,2025,,North,,0,,Flat,,,,,,Bright sun,569000,1,0,1,3,,,0,,,,,,Auckland Region,Motorway ramp,1-way,Sealed,,0,0,,100,,Null,0,0,,76,Auckland,Nil,,,,,0,0,Open,0,,,Fine,Null
1749859.3383,5913131.766,906187,,511402,0,,0,2,,Null,2024/2025,ISLINGTON AVENUE,THOM STREET,,Minor Crash,No,2025,,East,,0,,Hill Road,,,,,,Bright sun,264500,1,0,0,2,,,0,,,,,,Auckland Region,Nil,2-way,Sealed,,0,0,,50,,Off,0,0,,76,Auckland,Give way,,,,,0,0,Urban,0,,,Fine,Null
1751322.7058,5918017.5127,906195,,514801,0,0,0,1,1,East,2024/2025,NORTH-WESTERN MOTORWAY,GREAT NORTH ROAD OFF RAMP,,Fatal Crash,Yes,2025,0,East,0,1,0,Flat,0,Queens Birthday,0,,0,Dark,390402,3,0,0,3,0,0,0,0,0,,0,0,Auckland Region,Nil,1-way,Sealed,0,0,1,0,100,0,On,0,0,70,76,Auckland,Nil,0,0,0,0,0,0,Open,0,0,0,Fine,Null
1760059.2672,5908231.7698,906196,,524403,0,0,0,1,0,South,2024/2025,SOUTH-WESTERN MOTORWAY,HALL FTBR,,Non-Injury Crash,Yes,2025,0,South,0,0,0,Flat,1,,0,,0,Dark,731104,0,0,0,4,0,0,0,0,0,,0,0,Auckland Region,Nil,1-way,Sealed,0,0,0,0,100,0,On,0,0,,76,Auckland,Nil,0,0,0,0,0,0,Open,0,0,0,Fine,Null
1751268.7372,5915034.1999,906199,,514401,0,,0,2,,West,2025/2026,ST JUDE STREET,GEDDES TERRACE,,Non-Injury Crash,No,2025,,West,,0,,Hill Road,,,,,,Dark,382800,0,0,0,2,,,0,,,,,,Auckland Region,Nil,2-way,Sealed,,0,0,,50,,On,0,0,,76,Auckland,Nil,,,,,0,0,Urban,0,,,Fine,Null
1768767.5489,5904728.1309,906201,,523722,0,0,0,1,0,North,2025/2026,HOLLYFORD DRIVE,REDOUBT ROAD,,Non-Injury Crash,No,2025,0,South,0,0,0,Hill Road,0,,0,,0,Dark,715909,0,0,0,2,0,0,0,0,0,,0,0,Auckland Region,Nil,2-way,Sealed,0,0,0,0,50,0,On,0,0,,76,Auckland,Nil,0,0,0,1,0,0,Urban,0,0,0,Fine,Null
1755033.7866,5913739.0933,906209,,518803,1,,0,1,,Null,2025/2026,DENBIGH AVENUE,DOMINION ROAD,,Serious Crash,No,2025,,West,,0,,Flat,,,,,,Overcast,582500,0,0,0,2,,,0,,,,,,Auckland Region,Nil,2-way,Sealed,,0,1,,50,,Off,0,0,,76,Auckland,Give way,,,,,0,0,Urban,0,,,Fine,Null
1747070.6688,5915375.1939,906211,,511601,0,,0,2,,Null,2024/2025,FARQUHAR ROAD,HEPBURN ROAD,,Non-Injury Crash,No,2024,,West,,0,,Flat,,,,,,Dark,272500,0,0,0,1,,,0,,,,,,Auckland Region,Nil,2-way,Sealed,,0,0,,50,,On,0,0,,76,Auckland,Give way,,,,,0,0,Urban,0,,,Fine,Null
1761435.9869,5916838.8207,906214,,516202,0,,0,2,,West,2024/2025,REMUERA ROAD,UPLAND ROAD,,Non-Injury Crash,No,2024,,East,,0,,Null,,,,,,Bright sun,489900,0,0,0,4,,,0,,,,,,Auckland Region,Nil,2-way,Sealed,,0,0,,50,,Null,0,0,,76,Auckland,Nil,,,,,0,0,Urban,0,,,Fine,Null
1753997.1024,5917200.9909,906216,,517600,0,,0,1,,Null,2024/2025,NEW NORTH ROAD,ST LUKES ROAD,,Non-Injury Crash,No,2025,,North,,0,,Flat,,,,,,Bright sun,534300,0,1,0,3,,,0,,,,,,Auckland Region,Nil,2-way,Sealed,,0,0,,50,,Off,0,0,30,76,Auckland,Traffic Signals,,,,,0,0,Urban,0,,,Fine,Null
1765866.2227,5900918.0647,906219,,524711,0,0,0,1,0,North,2023/2024,ROSCOMMON ROAD,MONCRIEFF AVENUE,,Non-Injury Crash,No,2023,0,South,0,0,0,Flat,0,,0,,0,Dark,774503,0,0,0,1,0,0,0,0,1,,0,0,Auckland Region,Nil,1-way,Sealed,0,0,0,0,50,0,On,0,0,,76,Auckland,Nil,0,0,0,0,1,0,Urban,0,0,0,Fine,None
1754842.2237,5933171.6105,906228,,508804,0,,0,2,,Null,2024/2025,ROSEDALE ROAD,EAST COAST ROAD,,Non-Injury Crash,No,2025,,East,,0,,Null,,,,,,Bright sun,156002,0,0,0,2,,,0,,,,,,Auckland Region,Nil,2-way,Sealed,,0,0,,50,,Null,0,0,,76,Auckland,Traffic Signals,,,,,0,0,Urban,0,,,Fine,Null
1762733.6686,5912913.3622,906230,,520500,0,,0,1,,North,2024/2025,SOUTH-EASTERN HIGHWAY,GREAT SOUTH ROAD,,Non-Injury Crash,No,2025,,West,,0,,Flat,,,,,,Overcast,637300,0,0,0,3,,,0,,,,,,Auckland Region,Motorway ramp,1-way,Sealed,,0,0,,80,,None,1,0,,76,Auckland,Nil,,,,,0,0,Open,0,,,Fine,Strong wind
1745968.7627,5913979.7908,906231,,511001,0,0,0,1,0,West,2024/2025,WEST COAST ROAD,KAMARA ROAD,,Minor Crash,No,2025,0,East,0,0,0,Flat,0,,0,,0,Overcast,282400,1,0,0,2,0,0,0,0,1,,0,0,Auckland Region,Nil,2-way,Sealed,0,0,0,0,50,0,Off,0,0,,76,Auckland,Nil,0,0,0,0,0,0,Urban,1,0,0,Fine,Null
1761098.277,5914332.9151,906236,,520202,0,,0,1,,Null,2024/2025,GREAT SOUTH ROAD,ELLERSLIE-PANMURE HIGHWAY,,Non-Injury Crash,No,2024,,South,,0,,Flat,,,,,,Bright sun,612300,0,0,0,1,,,0,,,,,,Auckland Region,Nil,1-way,Sealed,,0,0,,50,,Null,0,0,,76,Auckland,Give way,,,,,0,0,Urban,1,,,Fine,Null
1761421.2365,5915909.1566,906237,,516003,0,,0,2,,Null,2024/2025,LADIES MILE,ABBOTTS WAY,,Non-Injury Crash,No,2024,,North,,0,,Flat,,,,,,Overcast,494902,0,0,0,4,,,0,,,,,,Auckland Region,Nil,2-way,Sealed,,0,0,,50,,Off,0,0,,76,Auckland,Traffic Signals,,,,,0,0,Urban,0,,,Fine,Null
1755356.0942,5921930.5408,906238,,515202,0,,0,2,,South,2024/2025,NORTHERN MOTORWAY,HARBOUR BR S,,Non-Injury Crash,Yes,2024,,North,,0,,Hill Road,,Christmas New Year,,,,Bright sun,423600,0,0,0,3,,,0,,,,,,Auckland Region,Bridge,1-way,Sealed,,0,0,,80,,Off,0,0,,76,Auckland,Nil,,,,,0,0,Open,0,,,Fine,Null
1753600.7906,5928822.0516,906249,,508320,0,,0,1,,Null,2024/2025,GLENFIELD ROAD,MANUKA ROAD,,Non-Injury Crash,No,2024,,South,,0,,Null,,,,,,Dark,196900,0,0,0,6,,,0,,,,,,Auckland Region,Nil,2-way,Sealed,,0,0,,50,,Null,0,0,,76,Auckland,Traffic Signals,,,,,0,1,Urban,0,,,Mist or Fog,Null
1744411.3437,5919802.9516,906258,,513301,0,0,0,2,0,South,2024/2025,UNIVERSAL DRIVE,BITTERN PLACE,,Serious Crash,No,2025,0,South,0,0,1,Flat,0,Easter,0,,0,Bright sun,234301,2,0,0,1,0,0,0,0,0,,0,0,Auckland Region,Nil,1-way,Sealed,0,0,1,0,50,0,Off,0,0,,76,Auckland,Nil,1,0,0,0,0,0,Urban,0,0,0,Fine,Null
1737243.0536,5926379.3453,906259,,505605,0,0,0,1,0,West,2024/2025,POMONA ROAD,DYSART LANE,,Non-Injury Crash,No,2024,0,West,0,0,0,Flat,0,,0,,0,Bright sun,215300,0,0,0,2,0,0,0,0,0,,0,1,Auckland Region,Nil,2-way,Sealed,0,0,0,0,60,0,Off,0,0,,76,Auckland,Nil,0,0,0,0,0,0,Urban,0,0,0,Fine,Null
1775257.751,5896153.2349,906260,45,525700,0,,0,1,,Null,2023/2024,REDCREST AVENUE,CADIZ PLACE,,Non-Injury Crash,No,2024,,South,,0,,Hill Road,,Queens Birthday,,,,Overcast,800305,0,0,0,2,,,1,,,,,,Auckland Region,Nil,2-way,Sealed,,0,0,,50,,Off,0,0,,76,Auckland,Nil,,,,,0,0,Urban,0,,,Fine,None
1757280.9629,5918890.5852,906269,,514301,0,,0,0,,North,2024/2025,SOUTHERN MOTORWAY,GRAFTON OBR,,Non-Injury Crash,Yes,2024,,North,,0,,Flat,,,,,,Overcast,441600,0,0,1,3,,,0,,,,,,Auckland Region,Nil,1-way,Sealed,,0,0,,80,,Off,0,0,,76,Auckland,Nil,,,,,0,0,Open,1,,,Fine,Null
1757239.1226,5920476.7105,906271,,514102,0,0,0,3,0,Null,2025/2026,VICTORIA STREET WEST,ALBERT STREET,,Serious Crash,No,2025,0,East,0,0,0,Hill Road,0,,0,,0,Dark,433900,2,0,0,4,0,0,0,0,0,,0,2,Auckland Region,Nil,2-way,Sealed,0,0,1,0,30,0,On,0,1,,76,Auckland,Traffic Signals,0,0,0,0,0,0,Urban,0,0,0,Fine,Null
1768903.3887,5905853.4393,906274,,523721,0,,0,1,,Null,2024/2025,TE IRIRANGI DRIVE,DAWSON ROAD,,Non-Injury Crash,No,2025,,North,,0,,Flat,,,,,,Dark,715616,0,0,0,5,,,0,,,,,,Auckland Region,Nil,2-way,Sealed,,0,0,,60,,On,0,0,,76,Auckland,Traffic Signals,,,,,0,0,Urban,1,,,Fine,Null
1756140.7203,5923929.7219,906275,,509800,0,,0,3,,South,2024/2025,NORTHERN MOTORWAY,WEIGH BRIDGE,,Non-Injury Crash,Yes,2024,,South,,0,,Flat,,Christmas New Year,,,,Bright sun,361200,0,0,0,5,,,0,,,,,,Auckland Region,Bridge,1-way,Sealed,,0,0,,80,,Off,0,0,,76,Auckland,Nil,,,,,0,0,Open,0,,,Fine,Null
1761078.3381,5915024.1395,906286,,520201,0,,0,2,,South,2024/2025,SOUTHERN MOTORWAY,MAIN OBR,,Non-Injury Crash,Yes,2025,,South,,0,,Flat,,,,,,Bright sun,613500,0,0,0,3,,,0,,,,,,Auckland Region,Nil,1-way,Sealed,,0,0,,100,,Off,0,0,,76,Auckland,Nil,,,,,0,0,Open,0,,,Fine,Null
1753803.2656,5913601.9032,906287,,518802,0,,0,1,,South,2023/2024,RICHARDSON ROAD,NIRVANA WAY,,Non-Injury Crash,No,2024,,North,,0,,Flat,,,,,,Overcast,579400,0,0,0,2,,,0,,,,,,Auckland Region,Nil,2-way,Sealed,,0,0,,50,,Off,0,0,,76,Auckland,Nil,,,,,0,0,Urban,1,,,Fine,None
1773720.0403,5896874.4663,906288,,525620,0,0,0,2,0,Null,2024/2025,CLEVEDON ROAD,GROVE ROAD,,Non-Injury Crash,No,2025,0,West,0,0,0,Flat,0,,0,,0,Dark,797100,0,0,0,2,0,0,0,0,1,,0,0,Auckland Region,Nil,2-way,Sealed,0,0,0,0,50,0,On,0,0,,76,Auckland,Give way,0,0,0,0,0,0,Urban,0,0,0,Fine,Null
1763948.8437,5917532.0311,906289,,516302,0,0,0,1,0,West,2024/2025,ST JOHNS ROAD,COLLEGE ROAD,,Non-Injury Crash,No,2025,0,West,0,0,0,Null,0,,0,,0,Unknown,462700,0,0,0,2,0,0,0,0,1,,0,0,Auckland Region,Nil,2-way,Null,0,0,0,0,50,0,Null,0,0,,76,Auckland,Nil,0,0,0,0,0,0,Urban,0,0,0,Fine,Null
1770484.2861,5916690.4865,906295,,522604,0,,0,1,,South,2025/2026,MACLEANS ROAD,BUCKLANDS BEACH ROAD,,Minor Crash,No,2025,,South,,0,,Flat,,,,,,Overcast,677502,1,0,0,2,,,0,,,1,,,Auckland Region,Nil,2-way,Sealed,,0,0,,50,,Off,0,0,40,76,Auckland,Nil,,,,,0,0,Urban,0,,,Fine,Null
1754444.5103,5929175.9974,906296,,508320,0,0,0,1,0,North,2024/2025,VIEW ROAD,MERTON AVENUE,,Non-Injury Crash,No,2025,0,North,0,0,0,Flat,0,,0,,0,Bright sun,196600,0,0,0,2,0,0,0,0,1,,0,0,Auckland Region,Nil,2-way,Sealed,0,0,0,0,50,0,Null,0,0,,76,Auckland,Nil,0,0,0,0,0,0,Urban,1,0,0,Fine,Null
1768614.6968,5903072.1727,906298,,524602,0,,0,1,,South,2024/2025,SOUTHERN MOTORWAY,AIRPORT OFF RAMP,,Non-Injury Crash,Yes,2025,,North,,0,,Flat,,,,,,Bright sun,780508,0,0,0,3,,,0,,,,,,Auckland Region,Nil,1-way,Sealed,,0,0,,100,,Off,0,0,,76,Auckland,Nil,,,,,1,0,Open,0,,,Fine,Null
1770210.9228,5911039.7027,906302,,523113,0,,0,0,,Null,2024/2025,TE IRIRANGI DRIVE,TE KOHA ROAD,,Non-Injury Crash,No,2025,,North,,0,,Flat,,,,,,Bright sun,711716,0,0,0,3,,,0,,,,,,Auckland Region,Nil,2-way,Sealed,,0,0,,50,,Off,0,0,,76,Auckland,Give way,,,,,0,2,Urban,0,,,Fine,None
1762738.8579,5907508.8049,906305,,524301,0,0,0,1,1,Null,2024/2025,MASSEY ROAD,VIOLA AVENUE,,Non-Injury Crash,No,2024,0,East,0,0,1,Flat,0,,0,,0,Bright sun,747700,0,0,0,2,0,0,0,0,0,,0,0,Auckland Region,Nil,2-way,Sealed,0,0,0,0,50,0,Off,0,0,,76,Auckland,Give way,0,0,0,0,0,0,Urban,0,0,0,Fine,Null
1758636.4063,5917503.4051,906309,,516001,0,,0,0,,South,2024/2025,SOUTHERN MOTORWAY,ST MARKS OBR,,Non-Injury Crash,Yes,2024,,North,,0,,Flat,,,,,,Overcast,491000,0,0,0,3,,,0,,,,,,Auckland Region,Bridge,1-way,Sealed,,0,0,,80,,Off,0,0,,76,Auckland,Nil,,,,,1,0,Open,1,,,Fine,Null
1761258.2373,5914580.6932,906311,,520202,0,,0,3,,Null,2025/2026,ELLERSLIE-PANMURE HWY OFF RAMP,SOUTHERN MOTORWAY,,Non-Injury Crash,No,2025,,South,,0,,Flat,,,,,,Bright sun,612100,0,0,0,3,,,0,,,,,,Auckland Region,Motorway ramp,1-way,Sealed,,0,0,,100,,Off,0,0,,76,Auckland,Nil,,,,,0,0,Open,0,,,Fine,Null
1764770.879,5912262.5691,906312,,520500,0,,0,2,,North,2024/2025,CARBINE ROAD,GABADOR PLACE,,Non-Injury Crash,No,2024,,North,,0,,Hill Road,,,,,,Bright sun,639300,0,0,0,2,,,0,,,,,,Auckland Region,Nil,2-way,Sealed,,0,0,,50,,Null,0,0,,76,Auckland,Nil,,,,,0,0,Urban,0,,,Fine,Null
1746991.8787,5921837.9203,906314,,512201,0,0,0,1,0,North,2024/2025,KERVIL AVENUE,BEAUFIELD LANE,,Non-Injury Crash,No,2024,0,South,0,0,0,Null,0,,0,,0,Dark,247700,0,0,0,2,0,0,0,0,1,,0,0,Auckland Region,Nil,2-way,Sealed,0,0,0,0,50,0,Null,0,0,,76,Auckland,Nil,0,0,0,0,0,1,Urban,0,0,0,Fine,Null
1767200.9999,5904097.9961,906321,,524602,0,,0,1,,East,2024/2025,MANUKAU STATION ROAD,WIRI STATION ROAD,,Non-Injury Crash,No,2024,,West,,0,,Null,,Christmas New Year,,,,Bright sun,780416,0,0,0,3,,,0,,,,,,Auckland Region,Nil,1-way,Sealed,,0,0,,50,,Null,1,0,,76,Auckland,Nil,,,,,0,0,Urban,0,,,Fine,Strong wind
1769341.5423,5907453.7015,906324,,523712,0,,0,1,,Null,2024/2025,ORMISTON ROAD,TE IRIRANGI DRIVE,,Non-Injury Crash,No,2025,,West,,0,,Flat,,,,,,Bright sun,712803,0,0,0,4,,,0,,,,,,Auckland Region,Nil,2-way,Sealed,,0,0,,50,,Off,0,0,,76,Auckland,Traffic Signals,,,,,0,0,Urban,1,,,Fine,Null
1751874.8775,5915427.2869,906326,,517901,0,,0,1,,South,2024/2025,NEW NORTH ROAD,BOLLARD AVENUE,,Non-Injury Crash,No,2024,,North,,0,,Flat,,,,,,Bright sun,523800,0,0,1,4,,,0,,,,,,Auckland Region,Nil,2-way,Sealed,,0,0,,50,,Off,0,0,,76,Auckland,Nil,,,,,0,0,Urban,0,,,Fine,Null
1770921.5822,5912581.821,906328,,523106,0,0,0,1,0,South,2024/2025,MILLHOUSE DRIVE,CANTORA AVENUE,,Minor Crash,No,2025,0,South,0,0,0,Flat,0,Queens Birthday,0,,0,Dark,711154,1,0,0,2,0,0,0,0,1,,0,0,Auckland Region,Nil,2-way,Sealed,0,0,0,0,50,0,On,0,0,40,76,Auckland,Nil,0,0,0,0,0,1,Urban,0,0,0,Light rain,Null
1749805.7173,5914552.1083,906334,,511303,0,,0,2,,Null,2024/2025,RATA STREET,REID ROAD,,Non-Injury Crash,No,2024,,South,,0,,Flat,,,,,,Bright sun,266600,0,0,0,4,,,0,,,,,,Auckland Region,Nil,2-way,Sealed,,0,0,,50,,Off,0,0,,76,Auckland,Give way,,,,,0,0,Urban,0,,,Fine,Null
1768747.4532,5904565.1907,906338,,523722,0,0,0,2,0,Null,2024/2025,HOLLYFORD DRIVE,REDOUBT ROAD,,Non-Injury Crash,No,2024,0,South,0,0,0,Null,0,,0,,1,Unknown,715909,0,0,0,4,0,0,0,0,0,,0,0,Auckland Region,Nil,2-way,Null,0,0,0,0,50,0,Null,0,0,,76,Auckland,Traffic Signals,0,0,0,0,0,0,Urban,0,0,0,Fine,Null
1760241.2673,5919991.4638,906343,,516400,0,0,0,4,0,West,2025/2026,TAMAKI DRIVE,NGAPIPI ROAD,,Minor Crash,No,2025,0,West,0,0,0,Flat,0,,0,,0,Overcast,455000,1,0,0,4,0,0,0,0,3,,0,0,Auckland Region,Nil,2-way,Sealed,0,0,0,0,50,0,Off,0,0,,76,Auckland,Nil,0,0,0,0,0,0,Urban,1,0,0,Fine,Null
1764557.6799,5919228.6654,906354,,516601,0,0,0,1,0,North,2024/2025,ALLUM STREET,BADDELEY AVENUE,,Minor Crash,No,2025,0,North,0,0,0,Hill Road,0,,0,,0,Bright sun,504900,2,0,0,2,0,0,0,0,1,,0,0,Auckland Region,Nil,2-way,Sealed,0,0,0,0,50,0,Off,1,0,,76,Auckland,Nil,1,0,0,0,0,0,Urban,0,0,0,Fine,Null
1760046.3201,5908216.4124,906355,,524121,0,,0,1,,South,2024/2025,SOUTH-WESTERN MOTORWAY,HALL FTBR,,Non-Injury Crash,Yes,2024,,North,,0,,Flat,,,,,,Bright sun,737103,0,0,0,3,,,0,,,,,,Auckland Region,Nil,1-way,Sealed,,0,0,,100,,Off,0,0,,76,Auckland,Nil,,,,,0,1,Open,0,,,Fine,Null
1770631.3903,5911226.3816,906356,,523109,0,,0,1,,Null,2024/2025,CHAPEL ROAD,TI RAKAU DRIVE,,Non-Injury Crash,No,2024,,North,,0,,Flat,,,,,,Bright sun,711709,0,0,0,5,,,0,,,,,,Auckland Region,Nil,2-way,Sealed,,0,0,,50,,Off,1,0,,76,Auckland,Traffic Signals,,,,,0,0,Urban,0,,,Fine,Null
1771339.5174,5907027.3518,906358,,523713,0,,0,1,,Null,2024/2025,MURPHYS ROAD,ORMISTON ROAD,,Minor Crash,No,2025,,South,,0,,Flat,,,,,,Dark,712500,1,0,0,5,,,0,,,,,,Auckland Region,Nil,2-way,Sealed,,0,0,,50,,On,1,0,,76,Auckland,Traffic Signals,,,,,0,0,Urban,0,,,Fine,Null
1761020.3459,5915122.7084,906364,,520201,0,,0,2,,North,2025/2026,SOUTHERN MOTORWAY,MAIN OBR,,Non-Injury Crash,Yes,2025,,North,,0,,Flat,,,,,,Overcast,613500,0,0,0,4,,,0,,,,,,Auckland Region,Nil,1-way,Sealed,,0,0,,100,,Off,0,0,,76,Auckland,Nil,,,,,0,0,Open,0,,,Light rain,Null
1734911.9065,5932635.0506,906367,,505605,0,0,0,0,0,East,2024/2025,OLD NORTH ROAD,WAIKOUKOU VALLEY ROAD,,Non-Injury Crash,No,2025,0,West,1,0,0,Flat,0,,0,,0,Twilight,215700,0,0,0,2,0,0,0,0,0,,0,0,Auckland Region,Bridge,2-way,Sealed,0,0,0,0,80,0,None,0,0,,76,Auckland,Nil,0,0,0,0,0,0,Open,1,0,0,Light rain,Null
1743856.5495,5926903.9604,906371,,513410,0,,0,1,,Null,2025/2026,BRIGHAM CREEK ROAD,RIPEKA LANE,,Minor Crash,No,2025,,West,,0,,Flat,,,,,,Bright sun,219900,1,0,0,2,,,0,,,1,,,Auckland Region,Nil,2-way,Sealed,,0,0,,50,,Off,0,0,,76,Auckland,Give way,,,,,0,0,Urban,0,,,Fine,Null
1751529.0193,5916357.4493,906372,,514401,0,,0,2,,Null,2024/2025,BLOCKHOUSE BAY ROAD,GREAT NORTH ROAD,,Non-Injury Crash,No,2025,,North,,0,,Flat,,,,,,Dark,383600,0,0,0,2,,,0,,,,,,Auckland Region,Nil,2-way,Sealed,,0,0,,50,,On,0,0,40,76,Auckland,Traffic Signals,,,,,0,0,Urban,0,,,Light rain,Null