X,Y,OBJECTID,advisorySpeed,areaUnitID,bicycle,bridge,bus,carStationWagon,cliffBank,crashDirectionDescription,crashFinancialYear,crashLocation1,crashLocation2,crashRoadSideRoad,crashSeverity,crashSHDescription,crashYear,debris,directionRoleDescription,ditch,fatalCount,fence,flatHill,guardRail,holiday,houseOrBuilding,intersection,kerb,light,meshblockId,minorInjuryCount,moped,motorcycle,NumberOfLanes,objectThrownOrDropped,otherObject,otherVehicleType,overBank,parkedVehicle,pedestrian,phoneBoxEtc,postOrPole,region,roadCharacter,roadLane,roadSurface,roadworks,schoolBus,seriousInjuryCount,slipOrFlood,speedLimit,strayAnimal,streetLight,suv,taxi,temporarySpeedLimit,tlaId,tlaName,trafficControl,trafficIsland,trafficSign,train,tree,truck,unknownVehicleType,urban,vanOrUtility,vehicle,waterRiver,weatherA,weatherB
1756512.2355,5932553.6515,906380,,507400,0,0,0,2,0,Null,2024/2025,OFF ROAD - CAR PARK,,,Minor Crash,No,2024,0,East,0,0,0,Flat,0,,0,,0,Overcast,152000,1,0,0,,0,0,0,0,1,,0,1,Auckland Region,Nil,Off road,Sealed,0,0,0,0,,0,Off,0,0,,76,Auckland,Nil,0,0,0,0,0,0,Urban,0,0,0,Fine,Null
1765348.9775,5899691.9682,906382,,524822,0,,0,0,,East,2023/2024,PITT AVENUE,BROOK HAVEN RISE,,Non-Injury Crash,No,2024,,North,,0,,Flat,,,,,,Bright sun,774439,0,0,0,2,,,0,,,,,,Auckland Region,Nil,2-way,Sealed,,0,0,,30,,Off,2,0,,76,Auckland,Nil,,,,,0,0,Urban,0,,,Fine,None
1759202.9671,5916476.0128,906384,,516001,0,,0,3,,Null,2024/2025,GREAT SOUTH ROAD,PATEY STREET,,Serious Crash,No,2025,,South,,0,,Hill Road,,,,,,Bright sun,493800,1,0,0,2,,,0,,,,,,Auckland Region,Nil,2-way,Sealed,,0,1,,50,,Off,0,0,,76,Auckland,Stop,,,,,0,0,Urban,0,,,Fine,Null
1754832.1374,5916147.1797,906386,,517703,0,0,0,3,0,North,2023/2024,SANDRINGHAM ROAD,MARS AVENUE,,Non-Injury Crash,No,2024,0,South,0,0,0,Flat,0,Easter,0,,0,Dark,537800,0,0,0,2,0,0,0,0,1,,0,0,Auckland Region,Nil,2-way,Sealed,0,0,0,0,50,0,On,0,0,,76,Auckland,Nil,0,0,0,0,0,0,Urban,0,0,0,Fine,Null
1774139.4845,5889164.8323,906396,,521301,0,,0,2,,South,2024/2025,SOUTHERN MOTORWAY,QUARRY OBR,,Non-Injury Crash,Yes,2024,,South,,0,,Flat,,Labour Weekend,,,,Bright sun,809103,0,0,0,2,,,0,,,,,,Auckland Region,Nil,1-way,Sealed,,0,0,,100,,Off,0,0,,76,Auckland,Nil,,,,,0,0,Open,0,,,Fine,Null
1768727.2323,5912675.807,906398,,523000,0,0,0,0,0,South,2024/2025,ENNIS AVENUE,DE THIERY PLACE,,Minor Crash,No,2025,0,South,0,0,0,Flat,0,,0,,0,Overcast,688600,1,0,0,2,0,0,0,0,0,,0,0,Auckland Region,Nil,2-way,Sealed,0,0,0,0,50,0,Off,1,0,,76,Auckland,Nil,0,0,0,1,0,0,Urban,0,0,0,Fine,Null
1768600.4397,5900725.8995,906406,,525001,0,,0,1,,Null,2024/2025,SELWYN ROAD,WEYMOUTH ROAD,,Non-Injury Crash,No,2025,,South,,0,,Flat,,,,,,Overcast,752100,0,0,0,1,,,0,,,,,,Auckland Region,Nil,1-way,Sealed,,0,0,,50,,Off,0,0,,76,Auckland,Give way,,,,,0,0,Urban,1,,,Fine,None
1764111.3078,5910405.2694,906408,,521801,0,,0,1,,Null,2024/2025,ATKINSON AVENUE,LUKE STREET,,Non-Injury Crash,No,2024,,South,,0,,Flat,,,,,,Overcast,786600,0,0,0,2,,,0,,,,,,Auckland Region,Nil,2-way,Sealed,,0,0,,50,,Null,0,0,,76,Auckland,Stop,,,,,0,0,Urban,1,,,Fine,Null
1761490.6636,5907502.056,906409,,524520,0,0,0,0,0,East,2025/2026,BUCKLAND ROAD,WICKMAN WAY,,Non-Injury Crash,No,2025,0,East,0,0,0,Flat,0,,0,,0,Dark,734800,0,0,0,2,0,0,0,0,0,,0,1,Auckland Region,Nil,2-way,Sealed,0,0,0,0,50,0,On,1,0,,76,Auckland,Nil,0,0,0,0,0,0,Urban,0,0,0,Fine,Null
1749556.1207,5949392.2733,906412,,506202,0,,0,2,,Null,2024/2025,GRAND DRIVE,ARRAN DRIVE,,Non-Injury Crash,No,2024,,West,,0,,Flat,,,,,,Overcast,176412,0,0,0,4,,,0,,,,,,Auckland Region,Nil,2-way,Sealed,,0,0,,50,,Off,0,0,,76,Auckland,Traffic Signals,,,,,0,0,Urban,0,,,Fine,Null
1753538.0319,5932526.4637,906415,,508807,0,,0,0,,South,2024/2025,NORTHERN MOTORWAY,ROSEDALE OBR,,Minor Crash,Yes,2025,,North,,0,,Flat,,,,,,Dark,180811,1,0,0,5,,,0,,,,,,Auckland Region,Nil,1-way,Sealed,,0,0,,100,,On,2,0,,76,Auckland,Nil,,,,,0,0,Open,0,,,Fine,Null
1744266.7041,5922551.5015,906419,,513512,0,,0,2,,West,2024/2025,ROYAL ROAD,MAKORA ROAD,,Non-Injury Crash,No,2024,,East,,0,,Flat,,,,,,Overcast,225501,0,0,0,2,,,0,,,,,,Auckland Region,Nil,2-way,Sealed,,0,0,,50,,Null,1,0,,76,Auckland,Nil,,,,,0,0,Urban,0,,,Light rain,Null
1754245.2367,5911393.7296,906420,,519001,0,0,0,2,0,West,2024/2025,HILLSBOROUGH ROAD,CAPE HORN ROAD,,Non-Injury Crash,No,2024,0,West,0,0,0,Flat,0,,0,,0,Dark,591702,0,0,0,2,0,0,0,0,1,,0,0,Auckland Region,Nil,2-way,Sealed,0,0,0,0,50,0,On,0,0,,76,Auckland,Nil,0,0,0,0,0,0,Urban,1,0,0,Fine,Strong wind
1765290.5305,5905818.5889,906426,,522202,0,,0,2,,West,2025/2026,ST GEORGE STREET,LANDSCAPE ROAD,,Non-Injury Crash,No,2026,,East,,0,,Flat,,,,,,Overcast,664900,0,0,0,2,,,0,,,,,,Auckland Region,Nil,2-way,Sealed,,0,0,,50,,Off,0,0,,76,Auckland,Nil,,,,,0,0,Urban,0,,,Fine,Null
1757002.0342,5925851.7801,906429,,509702,0,,0,2,,Null,2025/2026,AKORANGA DRIVE,ESMONDE ROAD OFF RAMP,,Non-Injury Crash,No,2025,,West,,0,,Flat,,,,,,Overcast,364602,0,0,0,4,,,0,,,,,,Auckland Region,Motorway ramp,2-way,Sealed,,0,0,,50,,Off,0,0,,76,Auckland,Traffic Signals,,,,,0,0,Urban,0,,,Fine,Null
1758800.3097,5912424.3142,906436,,519820,0,,0,2,,Null,2024/2025,SELWYN STREET,ARTHUR STREET,,Non-Injury Crash,No,2024,,South,,0,,Hill Road,,,,,,Bright sun,600400,0,0,0,4,,,0,,,,,,Auckland Region,Nil,2-way,Sealed,,0,0,,50,,Off,0,0,,76,Auckland,Stop,,,,,0,0,Urban,0,,,Fine,Null
1757861.267,5918119.987,906437,,515700,0,,0,2,,North,2025/2026,SOUTHERN MOTORWAY,MAUNGAWHAU OBR,,Non-Injury Crash,Yes,2025,,North,,0,,Flat,,,,,,Twilight,443600,0,0,0,4,,,0,,,,,,Auckland Region,Nil,1-way,Sealed,,0,0,,80,,On,0,0,,76,Auckland,Nil,,,,,0,1,Open,0,,,Fine,Null
1743661.0962,5919377.3415,906440,,513212,1,,0,0,,Null,2025/2026,SWANSON ROAD,DON BUCK ROAD,,Serious Crash,No,2025,,East,,0,,Flat,,,,,,Bright sun,235711,0,0,0,2,,,0,,,,,,Auckland Region,Nil,2-way,Sealed,,0,1,,50,,Off,0,0,,76,Auckland,Give way,,,,,0,0,Urban,1,,,Fine,Null
1761512.2469,5914693.5767,906441,,520202,0,,0,2,,North,2024/2025,CAWLEY STREET,FINDLAY STREET,,Non-Injury Crash,No,2025,,North,,0,,Flat,,Christmas New Year,,,,Dark,612000,0,0,0,2,,,0,,,,,,Auckland Region,Nil,2-way,Sealed,,0,0,,50,,On,0,0,,76,Auckland,Nil,,,,,0,0,Urban,0,,,Fine,Null
1746351.0554,5916791.1343,906444,,510800,0,0,0,2,0,South,2024/2025,GREAT NORTH ROAD,DELLWOOD AVENUE,,Non-Injury Crash,No,2025,0,North,0,0,0,Hill Road,0,,0,,0,Overcast,243900,0,0,0,3,0,0,0,0,1,,0,0,Auckland Region,Nil,2-way,Sealed,0,0,0,0,50,0,Off,0,0,,76,Auckland,Nil,0,0,0,0,0,0,Urban,0,0,0,Fine,Null
1761551.1813,5906917.0696,906448,,524520,0,,0,2,,South,2024/2025,ROBERTSON ROAD,STEVEN STREET,,Non-Injury Crash,No,2024,,South,,0,,Flat,,,,,,Dark,736000,0,0,0,2,,,0,,,,,,Auckland Region,Nil,2-way,Sealed,,0,0,,50,,On,0,0,,76,Auckland,Nil,,,,,0,0,Urban,0,,,Light rain,Null
1761359.7002,5914256.7055,906452,,520202,0,,0,2,,Null,2024/2025,ELLERSLIE-PANMURE HIGHWAY,ELLERSLIE-PANMURE HIGHWAY,,Non-Injury Crash,No,2025,,North,,0,,Flat,,,,,,Bright sun,612300,0,0,0,2,,,0,,,,,,Auckland Region,Nil,1-way,Sealed,,0,0,,50,,Off,0,0,,76,Auckland,Give way,,,,,0,0,Urban,0,,,Fine,Null
1771787.2705,5906313.4531,906453,,523713,0,0,0,1,0,Null,2024/2025,RASHNI ROAD,SKANDA CRESCENT,,Non-Injury Crash,No,2024,0,East,0,0,1,Flat,0,,1,,0,Twilight,712701,0,0,0,2,0,0,0,0,0,,0,0,Auckland Region,Nil,2-way,Sealed,0,0,0,0,50,0,Off,0,0,,76,Auckland,Give way,0,0,0,0,0,0,Urban,0,0,0,Fine,Null
1757432.278,5920594.427,906455,,514102,0,,0,1,,Null,2024/2025,QUEEN STREET,WYNDHAM STREET,,Non-Injury Crash,No,2025,,South,,0,,Flat,,,,,,Bright sun,433503,0,0,0,2,,,0,,,,,,Auckland Region,Nil,2-way,Sealed,,0,0,,30,,None,0,1,20,76,Auckland,Traffic Signals,,,,,0,0,Urban,1,,,Fine,Null
1760423.4538,5911750.247,906458,,520000,0,0,0,2,0,South,2024/2025,CAPTAIN SPRINGS ROAD,NEILSON STREET,,Non-Injury Crash,No,2025,0,North,0,0,0,Flat,0,Easter,0,,0,Overcast,607800,0,0,0,2,0,0,0,0,1,,0,0,Auckland Region,Nil,2-way,Sealed,0,0,0,0,50,0,Off,0,0,30,76,Auckland,Nil,0,0,0,0,0,0,Urban,0,0,0,Fine,Null
1763411.0133,5910435.7777,906459,,521901,0,,0,2,,South,2023/2024,SALEYARDS ROAD,PORTAGE ROAD,,Non-Injury Crash,No,2023,,North,,0,,Flat,,,,,,Bright sun,781800,0,0,0,2,,,0,,,,,,Auckland Region,Nil,2-way,Sealed,,0,0,,50,,Off,0,0,,76,Auckland,Nil,,,,,0,0,Urban,0,,,Fine,None
1770961.041,5914605.8164,906460,,522722,0,,0,2,,Null,2024/2025,PAKURANGA ROAD,BOTANY ROAD,,Non-Injury Crash,No,2025,,East,,0,,Hill Road,,,,,,Dark,647601,0,0,0,2,,,0,,,,,,Auckland Region,Nil,2-way,Sealed,,0,0,,50,,On,0,0,,76,Auckland,Traffic Signals,,,,,0,0,Urban,0,,,Fine,Null
1754130.3461,5918310.9156,906462,,515431,0,0,0,1,0,East,2025/2026,NORTH-WESTERN MOTORWAY,ST LUKES OBR,,Non-Injury Crash,Yes,2025,0,East,0,0,0,Flat,1,,0,,0,Dark,406300,0,0,0,5,0,0,0,0,0,,0,0,Auckland Region,Nil,1-way,Sealed,0,0,0,0,80,0,On,0,0,,76,Auckland,Nil,0,0,0,0,0,0,Open,0,0,0,Fine,Null
1759482.5515,5913587.0534,906466,,519720,0,0,0,2,0,North,2024/2025,MOANA AVENUE,ATHENS ROAD,,Non-Injury Crash,No,2025,0,South,0,0,0,Flat,0,,0,,0,Dark,594000,0,0,0,2,0,0,0,0,1,,0,0,Auckland Region,Nil,2-way,Sealed,0,0,0,0,50,0,On,0,0,,76,Auckland,Nil,0,0,0,0,0,0,Urban,0,0,0,Fine,Null
1746072.3182,5925463.0994,906468,,513432,0,,0,2,,North,2024/2025,HOBSONVILLE ROAD,HENDRIKA COURT,,Non-Injury Crash,No,2025,,South,,0,,Flat,,,,,,Bright sun,223014,0,0,0,2,,,0,,,,,,Auckland Region,Nil,2-way,Sealed,,0,0,,50,,Off,0,0,,76,Auckland,Nil,,,,,0,0,Urban,0,,,Fine,Null
1778893.8608,5887170.9898,906469,,521132,0,0,0,1,1,East,2024/2025,ARARIMU ROAD,MADDAFORD ROAD,,Minor Crash,No,2025,0,East,1,0,0,Hill Road,0,,0,,0,Overcast,814403,1,0,0,2,0,0,0,0,0,,0,0,Auckland Region,Nil,2-way,Unsealed,0,0,0,0,80,0,None,0,0,30,76,Auckland,Nil,0,0,0,1,0,0,Open,0,0,0,Fine,Null
1755373.5402,5913291.8521,906470,,518803,0,0,0,1,0,East,2022/2023,SOUTH-WESTERN MOTORWAY,DOMINION ROAD OFF RAMP,,Minor Crash,Yes,2023,0,West,0,0,0,Flat,1,,0,,0,Dark,582700,2,0,0,4,0,0,0,0,0,,0,0,Auckland Region,Motorway ramp,2-way,Sealed,0,0,0,0,100,0,On,0,0,80,76,Auckland,Nil,0,0,0,0,0,0,Open,0,0,0,Light rain,Null
1752807.5833,5935291.5696,906471,,508703,0,0,0,1,0,South,2024/2025,NORTHERN MOTORWAY,OTEHA VALLEY ROAD OFF RAMP,,Non-Injury Crash,Yes,2024,0,South,0,0,0,Null,0,,0,,0,Dark,178509,0,0,0,3,0,0,0,0,0,,0,0,Auckland Region,Nil,1-way,Sealed,0,0,0,0,100,0,Null,0,0,,76,Auckland,Nil,0,0,0,0,0,0,Open,0,0,0,Fine,Null
1764012.996,5904285.301,906475,,524604,0,,0,2,,South,2024/2025,SOUTH-WESTERN MOTORWAY,PUHINUI ROAD-SH 20B ON RAMP,,Non-Injury Crash,Yes,2025,,North,,0,,Hill Road,,,,,,Bright sun,780902,0,0,0,2,,,0,,,,,,Auckland Region,Bridge,1-way,Sealed,,0,0,,100,,Off,0,0,,76,Auckland,Nil,,,,,0,0,Open,1,,,Fine,Null
1766652.4676,5912939.4615,906477,,522910,0,,0,2,,Null,2024/2025,TI RAKAU DRIVE,REEVES ROAD,,Non-Injury Crash,No,2024,,South,,0,,Flat,,,,,,Bright sun,684000,0,0,0,6,,,0,,,,,,Auckland Region,Nil,2-way,Sealed,,0,0,,50,,Off,0,0,,76,Auckland,Traffic Signals,,,,,0,0,Urban,0,,,Fine,Null
1768420.2833,5900633.5452,906481,,525101,0,,0,3,,Null,2024/2025,WEYMOUTH ROAD,RUSSELL ROAD,,Non-Injury Crash,No,2024,,East,,0,,Flat,,,,,,Bright sun,771100,0,0,0,3,,,0,,,,,,Auckland Region,Nil,2-way,Sealed,,0,0,,50,,Null,0,0,,76,Auckland,Traffic Signals,,,,,0,0,Urban,0,,,Fine,Null
1767074.0466,5900076.4236,906487,,524720,0,0,0,2,0,Null,2024/2025,WEYMOUTH ROAD,ROWANDALE AVENUE,,Minor Crash,No,2025,0,East,0,0,0,Flat,0,,0,,0,Bright sun,776101,1,0,0,2,0,0,0,0,1,,0,0,Auckland Region,Nil,2-way,Sealed,0,0,0,0,50,0,Off,0,0,,76,Auckland,Give way,0,0,0,0,0,0,Urban,1,0,0,Fine,Null
1761193.2015,5885124.9,906490,,521121,0,,0,2,,East,2025/2026,GLENBROOK ROAD,KINGSEAT ROAD,,Minor Crash,No,2025,,East,,0,,Flat,,,,,,Dark,811300,2,0,0,2,,,0,,,,,,Auckland Region,Nil,2-way,Sealed,,0,0,,80,,None,0,0,,76,Auckland,Nil,,,,,0,0,Open,0,,,Fine,Null
1754823.938,5930535.1842,906491,,508520,0,,0,2,,South,2024/2025,NORTHERN MOTORWAY,UPPER HARBOUR HWY ON RAMP,,Minor Crash,Yes,2025,,South,,0,,Flat,,,,,,Overcast,192700,2,0,0,2,,,0,,,,,,Auckland Region,Motorway ramp,1-way,Sealed,,0,0,,100,,Off,1,0,,76,Auckland,Nil,,,,,0,0,Open,0,,,Fine,Null
1751640.6108,5934045.9957,906498,,508701,0,,0,1,,Null,2024/2025,DAIRY FLAT HIGHWAY,ALBANY HIGHWAY,,Non-Injury Crash,No,2024,,North,,0,,Flat,,,,,,Bright sun,178800,0,0,0,2,,,0,,,,,,Auckland Region,Nil,1-way,Sealed,,0,0,,50,,Off,0,0,,76,Auckland,Traffic Signals,,,,,0,0,Urban,1,,,Fine,Null
1803770.4504,5901689.5111,906501,,525202,0,0,0,1,0,South,2024/2025,EAST COAST ROAD,DEERYS ROAD,,Minor Crash,No,2025,0,South,0,0,1,Hill Road,0,,0,,0,Overcast,840601,2,0,0,2,0,0,0,0,0,,0,0,Auckland Region,Nil,2-way,Sealed,0,0,0,0,60,0,None,0,0,,76,Auckland,Nil,0,0,0,0,0,0,Urban,0,0,0,Fine,Null
1748531.6993,5927596.1792,906502,,513410,0,,0,2,,West,2025/2026,UPPER HARBOUR MOTORWAY,UPPER HARBOUR BR,,Non-Injury Crash,Yes,2025,,West,,0,,Hill Road,,,,,,Dark,221902,0,0,0,2,,,0,,,,,,Auckland Region,Nil,1-way,Sealed,,0,0,,100,,Off,0,0,,76,Auckland,Nil,,,,,0,0,Open,0,,,Fine,Null
1762833.3937,5906967.9756,906508,,524301,0,0,0,1,0,North,2024/2025,HALLBERRY ROAD,HALLBERRY ROAD,,Non-Injury Crash,No,2025,0,South,0,0,0,Flat,0,,0,,0,Bright sun,746700,0,0,0,2,0,0,0,0,1,,0,0,Auckland Region,Nil,2-way,Sealed,0,0,0,0,50,0,Null,0,0,,76,Auckland,Nil,0,0,0,0,0,1,Urban,0,0,0,Fine,Null
1755915.5758,5928209.2064,906510,,507900,0,,0,1,,North,2025/2026,NORTHERN MOTORWAY,WAIRAU OBR,,Non-Injury Crash,Yes,2025,,South,,0,,Flat,,,,,,Overcast,307000,0,0,0,3,,,0,,,,,,Auckland Region,Nil,1-way,Sealed,,0,0,,100,,Off,1,0,,76,Auckland,Nil,,,,,0,0,Open,0,,,Light rain,Null
1758335.5663,5928609.3341,906512,,507800,0,,0,1,,North,2025/2026,KITCHENER ROAD,ERIC PRICE AVENUE,,Non-Injury Crash,No,2025,,North,,0,,Flat,,,,,,Bright sun,308900,0,0,0,2,,,0,,,,,,Auckland Region,Nil,2-way,Sealed,,0,0,,50,,Off,1,0,,76,Auckland,Nil,,,,,0,0,Urban,0,,,Fine,Null
1744307.3775,5919904.1312,906514,,513301,0,0,0,2,0,West,2025/2026,BITTERN PLACE,UNIVERSAL DRIVE,,Non-Injury Crash,No,2026,0,West,0,0,0,Flat,0,,0,,0,Dark,233800,0,0,0,1,0,0,0,0,1,,0,0,Auckland Region,Nil,1-way,Sealed,0,0,0,0,50,0,On,0,0,,76,Auckland,Nil,0,0,0,0,0,0,Urban,0,0,0,Fine,Null
1756989.7891,5919364.3178,906515,,514200,0,,0,2,,Null,2024/2025,UPPER QUEEN STREET,CROSS STREET,,Non-Injury Crash,No,2025,,North,,0,,Hill Road,,,,,,Bright sun,412200,0,0,0,4,,,0,,,,,,Auckland Region,Nil,2-way,Sealed,,0,0,,30,,Null,0,0,,76,Auckland,Give way,,,,,0,0,Urban,0,,,Fine,Null
1756977.6456,5912676.2013,906516,,518702,0,,0,1,,East,2024/2025,SOUTH-WESTERN MOTORWAY,HILLSBOROUGH OBR,,Non-Injury Crash,Yes,2025,,South,,0,,Hill Road,,,,,,Overcast,569900,0,0,0,3,,,0,,,,,,Auckland Region,Nil,1-way,Sealed,,0,0,,100,,Off,1,0,,76,Auckland,Nil,,,,,0,0,Open,0,,,Light rain,Null
1761096.5364,5918381.8285,906517,,516201,0,,0,1,,Null,2023/2024,ORAKEI ROAD,UPLAND ROAD,,Non-Injury Crash,No,2024,,South,,0,,Null,,,,,,Dark,486000,0,0,0,2,,,0,,,,,,Auckland Region,Nil,1-way,Sealed,,0,0,,50,,Null,1,0,,76,Auckland,Give way,,,,,0,0,Urban,0,,,Null,Null
1769200.0514,5902434.9057,906518,,524901,0,,0,1,,North,2024/2025,SOUTHERN MOTORWAY,HILL ROAD ON RAMP ,,Non-Injury Crash,Yes,2025,,North,,0,,Flat,,,,,,Bright sun,755000,0,0,0,3,,,0,,,,,,Auckland Region,Nil,1-way,Sealed,,0,0,,100,,Off,0,0,,76,Auckland,Nil,,,,,1,0,Open,0,,,Fine,Null
1740639.4581,5983370.5126,906520,,506660,0,0,0,1,0,Null,2025/2026,WAYBY VALLEY ROAD,WHANGARIPO VALLEY ROAD,,Non-Injury Crash,No,2025,0,North,0,0,1,Null,0,,0,,0,Bright sun,136303,0,0,0,2,0,0,0,0,0,,0,0,Auckland Region,Nil,2-way,Sealed,0,0,0,0,100,0,Null,0,0,,76,Auckland,Give way,0,0,0,0,0,0,Open,0,0,0,Fine,Null
1770615.3911,5914631.3668,906522,,521601,0,0,0,1,0,East,2025/2026,PAKURANGA ROAD,CROMDALE AVENUE,,Minor Crash,No,2025,0,East,0,0,0,Hill Road,0,,0,,0,Dark,645400,1,0,0,4,0,0,0,0,1,,0,0,Auckland Region,Nil,2-way,Sealed,0,0,0,0,50,0,On,1,0,,76,Auckland,Nil,0,0,0,0,0,0,Urban,0,0,0,Fine,Null
1768028.2988,5891118.0187,906526,,521122,0,0,0,1,1,South,2025/2026,BLACKBRIDGE ROAD,WALTERS ROAD,,Minor Crash,No,2025,0,North,0,0,0,Flat,0,,0,,0,Dark,810100,1,0,0,2,0,0,0,0,0,,0,0,Auckland Region,Nil,2-way,Sealed,0,0,0,0,80,0,None,0,0,,76,Auckland,Nil,0,0,0,0,0,0,Open,0,0,0,Fine,Null
1761380.6298,5890201.6754,906529,,521122,0,,0,2,,West,2025/2026,LINWOOD ROAD,BATTY ROAD,,Serious Crash,No,2025,,West,,0,,Hill Road,,,,,,Overcast,811001,2,0,0,2,,,0,,,,,,Auckland Region,Nil,2-way,Sealed,,0,1,,80,,None,0,0,,76,Auckland,Nil,,,,,0,0,Open,0,,,Light rain,Null
1766771.7659,5904008.4598,906530,,524604,0,,0,1,,Null,2025/2026,LAMBIE DRIVE OFF RAMP,LAMBIE DRIVE,,Non-Injury Crash,No,2025,,East,,0,,Flat,,,,,,Bright sun,780209,0,0,0,2,,,0,,,,,,Auckland Region,Nil,1-way,Sealed,,0,0,,50,,Null,0,0,,76,Auckland,Traffic Signals,,,,,0,0,Urban,1,,,Null,Null
1760216.7167,5907064.9175,906533,,524111,0,0,0,2,0,East,2023/2024,BADER DRIVE,ORLY AVENUE,,Non-Injury Crash,No,2023,0,East,0,0,0,Flat,0,,0,,0,Bright sun,740500,0,0,0,1,0,0,0,0,1,,0,0,Auckland Region,Nil,1-way,Sealed,0,0,0,0,50,0,Off,0,0,,76,Auckland,Nil,0,0,0,0,0,0,Urban,0,0,0,Fine,None
1769809.0833,5906490.4247,906534,,523713,0,,0,1,,East,2025/2026,FLAT BUSH SCHOOL ROAD,QUATTRO AVENUE,,Non-Injury Crash,No,2025,,East,,0,,Flat,,Labour Weekend,,,,Overcast,713100,0,0,0,2,,,0,,,,,,Auckland Region,Nil,2-way,Sealed,,0,0,,50,,Off,0,0,,76,Auckland,Nil,,,,,0,0,Urban,1,,,Light rain,Null
1764271.0661,5906839.2277,906535,,522201,0,,0,2,,Null,2024/2025,SWAFFIELD ROAD,MCLEAN AVENUE,,Minor Crash,No,2025,,North,,0,,Flat,,,,,,Dark,661000,2,0,0,2,,,0,,,,,,Auckland Region,Nil,2-way,Sealed,,0,0,,50,,On,0,0,,76,Auckland,Nil,,,,,0,0,Urban,0,,,Fine,Null
1753490.395,5913048.1488,906538,,518901,0,,0,2,,Null,2025/2026,WHITE SWAN ROAD,ELLIS AVENUE,,Non-Injury Crash,No,2025,,North,,0,,Hill Road,,,,,,Overcast,584800,0,0,0,2,,,0,,,,,,Auckland Region,Nil,2-way,Sealed,,0,0,,50,,Off,0,0,,76,Auckland,Stop,,,,,0,0,Urban,0,,,Fine,Null
1761695.9999,5914053.9961,906539,,520202,0,,0,2,,Null,2023/2024,SOUTHERN MOTORWAY,ELLERSLIE-PANMURE HWY OFF RAMP,,Non-Injury Crash,Yes,2024,,West,,0,,Flat,,Christmas New Year,,,,Dark,612300,0,0,0,3,,,0,,,,,,Auckland Region,Nil,1-way,Sealed,,0,0,,100,,On,0,0,,76,Auckland,Nil,,,,,0,0,Open,0,,,Light rain,None
1754766.9317,5914096.0667,906543,,518802,0,0,0,1,0,Null,2023/2024,MAY ROAD,DENNY AVENUE,,Non-Injury Crash,No,2024,0,South,0,0,1,Flat,0,,0,,0,Dark,578300,0,0,0,2,0,0,0,0,0,,0,0,Auckland Region,Nil,2-way,Sealed,0,0,0,0,50,0,On,0,0,,76,Auckland,Stop,0,0,0,0,0,0,Urban,0,0,0,Fine,Null
1752545.7609,5933399.8329,906547,,508701,0,0,0,1,0,North,2023/2024,MERCARI WAY,DAIRY FLAT HIGHWAY,,Non-Injury Crash,No,2024,0,South,0,0,0,Flat,0,,0,,0,Dark,178900,0,0,0,2,0,0,0,0,0,,0,0,Auckland Region,Nil,1-way,Sealed,0,0,0,0,50,0,On,0,0,,76,Auckland,Nil,1,0,0,1,0,0,Urban,0,0,0,Fine,Null
1737945.4144,5962943.9529,906551,,506613,0,,0,1,,West,2024/2025,KOMOKORIKI HILL ROAD,WEST COAST ROAD,,Non-Injury Crash,No,2024,,West,,0,,Flat,,,,,,Bright sun,146600,0,0,0,2,,,0,,,,,,Auckland Region,Nil,2-way,Sealed,,0,0,,,,Null,1,0,,76,Auckland,Nil,,,,,0,0,Urban,0,,,Fine,Null
1764269.6774,5909596.8755,906557,,521901,0,,0,2,,Null,2024/2025,GREAT SOUTH ROAD,PARK AVENUE,,Non-Injury Crash,No,2025,,South,,0,,Null,,,,,,Unknown,784500,0,0,0,2,,,0,,,,,,Auckland Region,Nil,2-way,Sealed,,0,0,,30,,Null,0,0,,76,Auckland,Traffic Signals,,,,,0,1,Urban,0,,,Null,Null
1753800.0752,5934291.0128,906558,,508804,0,0,0,1,0,West,2025/2026,SPENCER ROAD,EAST COAST ROAD,,Non-Injury Crash,No,2025,0,West,0,0,0,Hill Road,0,,0,,0,Dark,180612,0,0,0,2,0,0,0,0,1,,0,0,Auckland Region,Nil,2-way,Sealed,0,0,0,0,50,0,On,0,0,,76,Auckland,Nil,0,0,0,0,0,0,Urban,1,0,0,Fine,Null
1756419.8325,5930641.515,906559,,507500,0,,0,2,,South,2024/2025,EAST COAST ROAD,FORREST HILL ROAD,,Non-Injury Crash,No,2025,,North,,0,,Flat,,,,,,Dark,148801,0,0,0,3,,,0,,,,,,Auckland Region,Nil,2-way,Sealed,,0,0,,50,,On,0,0,,76,Auckland,Nil,,,,,0,0,Urban,0,,,Fine,Null
1745450.8449,5920795.5895,906560,,513301,0,,0,0,,Null,2024/2025,LINCOLN ROAD,LINCOLN ROAD ON RAMP,,Non-Injury Crash,No,2025,,North,,0,,Flat,,,,,,Twilight,230200,0,0,0,3,,,0,,,,,,Auckland Region,Overpass,1-way,Sealed,,0,0,,50,,On,0,0,,76,Auckland,Traffic Signals,,,,,0,0,Urban,1,,,Fine,Null
1750408.5935,5913013.4528,906565,,511402,1,,0,0,,West,2024/2025,LINKS ROAD,KOROWHA PLACE,,Minor Crash,No,2025,,South,,0,,Flat,,,,,,Overcast,260500,2,0,0,2,,,0,,,1,,,Auckland Region,Nil,2-way,Sealed,,0,0,,50,,Off,0,0,,76,Auckland,Nil,,,,,0,0,Urban,1,,,Fine,Null