X,Y,OBJECTID,advisorySpeed,areaUnitID,bicycle,bridge,bus,carStationWagon,cliffBank,crashDirectionDescription,crashFinancialYear,crashLocation1,crashLocation2,crashRoadSideRoad,crashSeverity,crashSHDescription,crashYear,debris,directionRoleDescription,ditch,fatalCount,fence,flatHill,guardRail,holiday,houseOrBuilding,intersection,kerb,light,meshblockId,minorInjuryCount,moped,motorcycle,NumberOfLanes,objectThrownOrDropped,otherObject,otherVehicleType,overBank,parkedVehicle,pedestrian,phoneBoxEtc,postOrPole,region,roadCharacter,roadLane,roadSurface,roadworks,schoolBus,seriousInjuryCount,slipOrFlood,speedLimit,strayAnimal,streetLight,suv,taxi,temporarySpeedLimit,tlaId,tlaName,trafficControl,trafficIsland,trafficSign,train,tree,truck,unknownVehicleType,urban,vanOrUtility,vehicle,waterRiver,weatherA,weatherB
1764344.9736,5909399.1797,906568,,521802,0,,0,2,,Null,2024/2025,GREAT SOUTH ROAD,FORT RICHARD ROAD,,Non-Injury Crash,No,2024,,North,,0,,Flat,,,,,,Overcast,788601,0,0,0,4,,,0,,,,,,Auckland Region,Nil,2-way,Sealed,,0,0,,50,,Off,0,0,,76,Auckland,Stop,,,,,0,0,Urban,0,,,Fine,None
1753591.7205,5928812.7755,906569,,508411,0,,0,2,,Null,2024/2025,GLENFIELD ROAD,MANUKA ROAD,,Non-Injury Crash,No,2025,,South,,0,,Hill Road,,,,,,Bright sun,184300,0,0,0,2,,,0,,,,,,Auckland Region,Nil,1-way,Sealed,,0,0,,50,,Off,0,0,,76,Auckland,Traffic Signals,,,,,0,0,Urban,0,,,Fine,Null
1749533.3552,5950736.3535,906570,,506202,0,0,0,1,0,North,2024/2025,SUNNYHEIGHTS ROAD,BEARDMORE RISE,,Non-Injury Crash,No,2024,0,North,0,0,1,Hill Road,0,,0,,0,Dark,176411,0,0,0,2,0,0,0,0,0,,0,1,Auckland Region,Nil,2-way,Sealed,0,0,0,0,50,0,On,0,0,,76,Auckland,Nil,0,0,0,0,0,0,Urban,0,0,0,Fine,Null
1769326.9014,5899723.6094,906575,,525002,0,,0,1,,Null,2024/2025,MAHIA ROAD,NIELD ROAD,,Non-Injury Crash,No,2024,,East,,0,,Flat,,,,,,Bright sun,754100,0,0,0,3,,,0,,,,,,Auckland Region,Nil,2-way,Sealed,,0,0,,50,,Off,1,0,,76,Auckland,Give way,,,,,0,0,Urban,0,,,Fine,Null
1754208.0624,5925860.2164,906579,,508610,0,0,0,3,0,South,2024/2025,MOORE STREET,MCDOWELL CRESCENT,,Non-Injury Crash,No,2025,0,West,0,0,0,Hill Road,0,,0,,0,Dark,207000,0,0,0,2,0,0,0,0,1,,0,0,Auckland Region,Nil,2-way,Sealed,0,0,0,0,50,0,On,0,0,,76,Auckland,Nil,0,0,0,0,0,0,Urban,0,0,0,Light rain,Strong wind
1770155.8422,5899119.7093,906588,,523911,0,,0,1,,North,2025/2026,GREAT SOUTH ROAD,CHALLEN CLOSE,,Non-Injury Crash,No,2025,,South,,0,,Flat,,,,,,Dark,768100,0,0,0,4,,,0,,,,,,Auckland Region,Nil,2-way,Sealed,,0,0,,50,,On,1,0,,76,Auckland,Nil,,,,,0,0,Urban,0,,,Fine,Null
1772070.3243,5906432.183,906600,,523713,0,0,0,0,0,Null,2025/2026,TAMURE ROAD,HARIATA STREET,,Non-Injury Crash,No,2025,0,South,0,0,0,Flat,0,,0,,0,Dark,712600,0,0,0,2,0,0,0,0,1,,0,0,Auckland Region,Nil,2-way,Sealed,0,0,0,0,50,0,On,0,0,,76,Auckland,Give way,0,0,0,0,0,0,Urban,2,0,0,Fine,Null
1756327.3627,5927353.6638,906601,,507900,0,,0,1,,South,2024/2025,NORTHERN MOTORWAY,NORTHCOTE ROAD OFF RAMP,,Non-Injury Crash,Yes,2025,,South,,0,,Flat,,,,,,Bright sun,305202,0,0,0,3,,,0,,,,,,Auckland Region,Nil,1-way,Sealed,,0,0,,100,,Off,1,0,,76,Auckland,Nil,,,,,0,0,Open,0,,,Fine,Null
1744281.1291,5918327.3834,906602,,513220,0,0,0,3,0,West,2025/2026,SWANSON ROAD,RATHGAR ROAD,,Non-Injury Crash,No,2025,0,South,0,0,0,Flat,0,,0,,0,Twilight,236104,0,0,0,2,0,0,0,0,1,,0,0,Auckland Region,Nil,2-way,Sealed,0,0,0,0,50,0,On,1,0,,76,Auckland,Nil,0,0,0,0,0,0,Urban,0,0,0,Fine,Null
1758412.703,5918002.3621,906609,,517400,1,,0,0,,Null,2024/2025,BROADWAY,MORROW STREET,,Minor Crash,No,2024,,North,,0,,Flat,,,,,,Bright sun,451300,1,0,0,4,,,0,,,,,,Auckland Region,Nil,2-way,Sealed,,0,0,,50,,Off,1,0,,76,Auckland,Traffic Signals,,,,,0,0,Urban,0,,,Fine,Null
1755480.7774,5944356.6378,906615,,505909,0,,0,1,,Null,2024/2025,WHANGAPARAOA ROAD,MATAI ROAD,,Minor Crash,No,2025,,North,,0,,Hill Road,,Easter,,,,Dark,174007,1,0,1,2,,,0,,,,,,Auckland Region,Nil,2-way,Sealed,,0,0,,50,,On,0,0,,76,Auckland,Stop,,,,,0,0,Urban,0,,,Fine,Null
1768724.82,5900760.1323,906617,,525001,0,,0,1,,Null,2024/2025,WEYMOUTH ROAD,BEAUMONTS WAY,,Non-Injury Crash,No,2025,,East,,0,,Null,,,,,,Dark,752100,0,0,0,2,,,0,,,,,,Auckland Region,Nil,2-way,Null,,0,0,,50,,Null,1,0,,76,Auckland,Stop,,,,,0,0,Urban,0,,,Null,Null
1763323.5561,5906684.1583,906618,,524301,1,,0,0,,North,2025/2026,GRAEME AVENUE,HALLBERRY ROAD,,Minor Crash,No,2025,,North,,0,,Flat,,,,,,Bright sun,747100,1,0,0,2,,,0,,,,,,Auckland Region,Nil,2-way,Sealed,,0,0,,50,,Off,1,0,,76,Auckland,Nil,,,,,0,0,Urban,0,,,Fine,Null
1753922.8927,5925117.9462,906619,,510500,0,0,0,1,0,South,2024/2025,BIRKENHEAD AVENUE,WARATAH STREET,,Minor Crash,No,2025,0,North,0,0,0,Flat,0,,0,,0,Dark,355700,1,0,0,3,0,0,0,0,0,,0,0,Auckland Region,Nil,2-way,Sealed,0,0,0,0,50,0,On,0,0,,76,Auckland,Nil,0,0,0,1,0,0,Urban,0,0,0,Fine,Null
1770475.435,5904565.0831,906622,,523820,0,,0,3,,Null,2024/2025,REDOUBT ROAD,MURPHYS ROAD,,Non-Injury Crash,No,2024,,South,,0,,Flat,,,,,,Overcast,760000,0,0,0,2,,,0,,,,,,Auckland Region,Nil,2-way,Sealed,,0,0,,60,,None,0,0,30,76,Auckland,Stop,,,,,0,0,Urban,0,,,Light rain,Null
1768600.2967,5909599.9513,906624,,523113,0,0,0,1,0,South,2024/2025,SPRINGS ROAD,ALLENS ROAD,,Minor Crash,No,2025,0,North,0,0,0,Flat,0,,0,,0,Twilight,711809,1,0,0,4,0,0,0,0,0,,0,1,Auckland Region,Nil,2-way,Sealed,0,0,0,0,60,0,Off,0,0,,76,Auckland,Nil,0,0,0,0,0,0,Urban,0,0,0,Fine,Null
1756432.0732,5927233.4217,906630,,507900,0,,0,2,,Null,2024/2025,NORTHCOTE ROAD,NORTHCOTE ROAD OFF RAMP,,Non-Injury Crash,No,2024,,East,,0,,Hill Road,,,,,,Bright sun,305202,0,0,0,2,,,0,,,,,,Auckland Region,Overpass,1-way,Sealed,,0,0,,50,,Off,0,0,,76,Auckland,Traffic Signals,,,,,0,0,Urban,0,,,Fine,Null
1750213.3839,5913803.2297,906632,,511303,0,,0,2,,Null,2025/2026,CLARK STREET,HETANA STREET,,Minor Crash,No,2025,,East,,0,,Flat,,Labour Weekend,,,,Overcast,265002,1,0,0,4,,,0,,,,,,Auckland Region,Nil,2-way,Sealed,,0,0,,50,,Off,0,0,,76,Auckland,Traffic Signals,,,,,0,0,Urban,0,,,Fine,Null
1744914.5387,5919654.6217,906633,,513301,0,0,0,3,0,North,2023/2024,KINGDALE ROAD,POMARIA ROAD,,Non-Injury Crash,No,2024,0,South,0,0,0,Flat,0,,0,,0,Overcast,232101,0,0,0,2,0,0,0,0,1,,0,0,Auckland Region,Nil,2-way,Sealed,0,0,0,0,30,0,Off,0,0,,76,Auckland,Nil,0,0,0,0,1,0,Urban,0,0,0,Fine,Null
1763324.9889,5911507.8404,906635,,520500,0,,0,1,,Null,2023/2024,GREAT SOUTH ROAD,VESTEY DRIVE,,Non-Injury Crash,No,2024,,South,,0,,Flat,,,,,,Bright sun,637601,0,0,0,2,,,0,,,,,,Auckland Region,Nil,2-way,Sealed,,0,0,,50,,Off,0,0,,76,Auckland,Give way,,,,,0,1,Urban,0,,,Fine,None
1745417.775,5919717.8872,906638,,513301,1,,0,2,,Null,2024/2025,OFF ROAD WOOLWORTHS CARPARK,,,Serious Crash,No,2025,,West,,0,,Flat,,,,,,Bright sun,230401,2,0,0,2,,,0,,,,,,Auckland Region,Nil,Off road,Sealed,,0,1,,10,,Off,0,0,,76,Auckland,Nil,,,,,0,0,Urban,0,,,Fine,Null
1749779.1289,5913759.5159,906639,,511303,0,0,0,1,0,West,2025/2026,CLARK STREET,RANKIN AVENUE,,Non-Injury Crash,No,2025,0,West,0,0,0,Flat,0,,0,,0,Dark,264904,0,0,0,4,0,0,0,0,0,,0,0,Auckland Region,Nil,2-way,Sealed,0,0,0,0,50,0,On,0,0,,76,Auckland,Nil,0,1,0,0,0,0,Urban,0,0,0,Light rain,Null
1767355.867,5900191.898,906640,,524720,0,,0,3,,Null,2024/2025,WEYMOUTH ROAD,GAINSBOROUGH STREET,,Minor Crash,No,2025,,West,,0,,Flat,,,,,,Overcast,776800,5,0,0,2,,,0,,,,,,Auckland Region,Nil,2-way,Sealed,,0,0,,50,,Off,0,0,,76,Auckland,Give way,,,,,0,0,Urban,0,,,Fine,Null
1758201.8792,5945089.8849,906641,45,505902,0,,0,2,,North,2025/2026,WHANGAPARAOA ROAD,TINDALLS BAY ROAD,,Non-Injury Crash,No,2025,,South,,0,,Flat,,,,,,Overcast,174702,0,0,0,2,,,0,,,,,,Auckland Region,Nil,2-way,Sealed,,0,0,,50,,Off,0,0,,76,Auckland,Nil,,,,,0,0,Urban,0,,,Light rain,Null
1768673.1838,5902972.0084,906643,,524602,0,,0,0,,North,2025/2026,SOUTHERN MOTORWAY,ORAMS OBR,,Serious Crash,Yes,2025,,North,,0,,Flat,,,,,,Bright sun,780509,0,0,1,3,,,0,,,,,,Auckland Region,Nil,1-way,Sealed,,0,1,,100,,Off,0,0,,76,Auckland,Nil,,,,,0,0,Open,1,,,Fine,Null
1758978.878,5912704.1357,906657,,519820,0,,1,0,,North,2024/2025,ONEHUNGA MALL,GREY STREET,,Non-Injury Crash,No,2025,,South,,0,,Null,,,,,,Bright sun,599600,0,0,0,2,,,0,,,,,,Auckland Region,Nil,2-way,Sealed,,0,0,,50,,Null,0,0,,76,Auckland,Nil,,,,,0,0,Urban,1,,,Fine,Null
1761753.8255,5906571.649,906663,,524520,0,,0,2,,Null,2025/2026,MASSEY ROAD,MASSEY ROAD ON RAMP,,Non-Injury Crash,No,2025,,South,,0,,Flat,,,,,,Overcast,736300,0,0,0,5,,,0,,,,,,Auckland Region,Bridge,2-way,Sealed,,0,0,,50,,Off,0,0,,76,Auckland,Traffic Signals,,,,,0,0,Urban,0,,,Fine,Null
1754435.669,5929182.4001,906665,,508320,0,0,0,2,0,West,2025/2026,VIEW ROAD,MERTON AVENUE,,Non-Injury Crash,No,2025,0,South,0,0,0,Flat,0,,0,,0,Overcast,196600,0,0,0,2,0,0,0,0,1,,0,0,Auckland Region,Nil,2-way,Sealed,0,0,0,0,50,0,Off,0,0,,76,Auckland,Nil,0,0,0,0,0,0,Urban,0,0,0,Fine,Null
1759720.617,5915912.5295,906668,,519200,0,,0,2,,South,2024/2025,GREAT SOUTH ROAD,MAPAU ROAD,,Serious Crash,No,2024,,South,,0,,Flat,,,,,,Overcast,616000,0,0,0,2,,,0,,,,,,Auckland Region,Nil,2-way,Sealed,,0,1,,50,,Off,0,0,,76,Auckland,Nil,,,,,0,0,Urban,0,,,Light rain,Null
1743844.8741,5924448.2859,906670,,513410,0,,0,2,,North,2024/2025,UPPER HARBOUR MOTORWAY,HOBSONVILLE ROAD ON RAMP,,Non-Injury Crash,Yes,2024,,North,,0,,Flat,,,,,,Bright sun,223901,0,0,0,3,,,0,,,,,,Auckland Region,Motorway ramp,1-way,Sealed,,0,0,,100,,Off,0,0,,76,Auckland,Nil,,,,,0,0,Open,0,,,Fine,Null
1763238.7518,5908217.4304,906672,,524402,0,,0,1,,South,2024/2025,MASSEY ROAD,SAVILL DRIVE,,Minor Crash,No,2025,,North,,0,,Flat,,,,,,Overcast,750000,2,0,0,4,,,0,,,,,,Auckland Region,Nil,2-way,Sealed,,0,0,,50,,Off,0,0,30,76,Auckland,Nil,,,,,0,0,Urban,1,,,Fine,Null
1767849.2408,5904701.561,906673,,524604,0,,0,0,,South,2025/2026,SOUTHERN MOTORWAY,REDOUBT ROAD ON RAMP,,Minor Crash,Yes,2025,,North,,0,,Flat,,,,,,Bright sun,780302,1,0,1,3,,,0,,,,,,Auckland Region,Nil,1-way,Sealed,,0,0,,100,,Off,1,0,,76,Auckland,Nil,,,,,0,0,Open,1,,,Fine,Null
1772004.4492,5902691.8296,906675,,523818,0,0,0,1,0,South,2024/2025,MILL ROAD,POLO PRINCE DRIVE,,Non-Injury Crash,No,2024,0,South,0,0,0,Flat,0,,0,,0,Dark,760904,0,0,0,2,0,1,0,0,0,,0,0,Auckland Region,Nil,2-way,Sealed,0,0,0,0,60,0,Off,0,0,,76,Auckland,Nil,0,0,0,0,0,0,Urban,0,0,0,Fine,Null
1762667.3949,5914748.2204,906679,,520401,0,,0,1,,South,2024/2025,HARRISON ROAD,ELLERSLIE GARDEN,,Non-Injury Crash,No,2024,,North,,0,,Null,,,,,,Unknown,644102,0,0,0,2,,,0,,,,,,Auckland Region,Nil,2-way,Null,,0,0,,50,,Null,0,0,,76,Auckland,Nil,,,,,0,1,Urban,0,,,Null,Null
1740817.2264,5927541.087,906680,,505604,0,,0,2,,East,2024/2025,SH 16,OLD NORTH ROAD,,Non-Injury Crash,Yes,2024,,East,,0,,Flat,,,,,,Bright sun,214502,0,0,0,2,,,0,,,,,,Auckland Region,Nil,2-way,Sealed,,0,0,,80,,Off,0,0,,76,Auckland,Nil,,,,,0,0,Open,0,,,Fine,Strong wind
1752643.7277,5912591.5649,906684,,514700,0,0,0,2,0,South,2024/2025,BOUNDARY ROAD,WHITE SWAN ROAD,,Non-Injury Crash,No,2024,0,South,0,0,0,Null,0,,0,,0,Bright sun,370800,0,0,0,2,0,0,0,0,1,,0,0,Auckland Region,Nil,2-way,Sealed,0,0,0,0,50,0,Null,0,0,,76,Auckland,Nil,0,0,0,0,0,0,Urban,0,0,0,Fine,Null
1756511.0065,5920287.12,906688,,514102,0,,0,1,,Null,2024/2025,COOK STREET,SAM WRIGLEY STREET,,Non-Injury Crash,No,2024,,East,,0,,Hill Road,,,,,,Bright sun,432700,0,0,0,3,,,0,,,,,,Auckland Region,Nil,1-way,Sealed,,0,0,,30,,Off,1,0,,76,Auckland,Nil,,,,,0,0,Urban,0,,,Fine,Null
1756099.3982,5923935.238,906693,,509800,0,,0,3,,North,2024/2025,NORTHERN MOTORWAY,TOLL PLAZA,,Non-Injury Crash,Yes,2024,,North,,0,,Flat,,,,,,Bright sun,361200,0,0,0,5,,,0,,,,,,Auckland Region,Nil,1-way,Sealed,,0,0,,80,,Off,0,0,,76,Auckland,Nil,,,,,0,0,Open,0,,,Fine,Null
1773901.5149,5908231.1353,906695,,523202,0,0,0,1,0,Null,2024/2025,SANDSTONE ROAD,STONERIDGE TERRACE,,Non-Injury Crash,No,2025,0,East,0,0,1,Hill Road,0,,0,,0,Overcast,716602,0,0,0,2,0,0,0,0,0,,0,0,Auckland Region,Nil,2-way,Sealed,0,0,0,0,80,0,Off,0,0,,76,Auckland,Nil,0,0,0,0,0,0,Open,0,0,0,Fine,Null
1767282.2769,5901587.5003,906696,,524720,0,0,0,1,0,East,2024/2025,GLOUCESTER ROAD,OXFORD ROAD,,Minor Crash,No,2024,0,South,0,0,0,Flat,0,Christmas New Year,0,,0,Dark,778000,1,0,0,2,0,0,0,0,1,,0,0,Auckland Region,Nil,2-way,Sealed,0,0,0,0,50,0,On,2,0,,76,Auckland,Nil,0,0,0,0,0,0,Urban,0,0,0,Light rain,Null
1762580.0605,5907357.7071,906697,,524530,0,,0,0,,East,2024/2025,MASSEY ROAD,YATES ROAD,,Non-Injury Crash,No,2025,,North,,0,,Flat,,,,,,Overcast,733000,0,0,0,2,,,0,,,,,,Auckland Region,Nil,2-way,Sealed,,0,0,,50,,Off,2,0,40,76,Auckland,Nil,,,,,0,0,Urban,0,,,Light rain,Null
1766123.7866,5907633.4522,906699,,522301,0,,0,1,,South,2024/2025,SOUTHERN MOTORWAY,EAST TAMAKI ROAD ON RAMP,,Minor Crash,Yes,2025,,North,,0,,Flat,,,,,,Twilight,666700,1,0,0,3,,,0,,,,,,Auckland Region,Motorway ramp,1-way,Sealed,,0,0,,100,,On,0,0,,76,Auckland,Nil,,,,,1,0,Open,1,,,Light rain,Null
1763008.8501,5917399.1548,906703,,516302,0,,0,2,,South,2025/2026,GERARD WAY,ST JOHNS ROAD,,Non-Injury Crash,No,2025,,North,,0,,Flat,,,,,,Bright sun,462809,0,0,0,2,,,0,,,,,,Auckland Region,Nil,2-way,Sealed,,0,0,,50,,Off,0,0,,76,Auckland,Nil,,,,,0,0,Urban,0,,,Fine,Null
1756441.9093,5933582.3809,906704,,507300,0,0,0,2,0,North,2024/2025,BEACH ROAD,WESTBOURNE ROAD,,Non-Injury Crash,No,2024,0,South,0,0,0,Hill Road,0,,0,,0,Overcast,154700,0,0,0,2,0,0,0,0,1,,0,0,Auckland Region,Nil,2-way,Sealed,0,0,0,0,50,0,Off,0,0,,76,Auckland,Nil,0,0,0,0,0,0,Urban,0,0,0,Fine,Null
1763813.6448,5909843.6985,906706,,521901,0,0,0,2,0,North,2024/2025,STATION ROAD,MASON AVENUE,,Non-Injury Crash,No,2024,0,West,0,0,0,Flat,0,,0,,0,Dark,782600,0,0,0,2,0,0,0,0,1,,0,0,Auckland Region,Nil,2-way,Sealed,0,0,0,0,50,0,On,0,0,,76,Auckland,Nil,0,0,0,0,0,0,Urban,0,0,0,Light rain,Null
1756110.5123,5926916.2247,906707,,508620,0,,0,1,,South,2025/2026,NORTHCOTE ROAD,TAKAPUNA GOLF COURSE,,Non-Injury Crash,No,2025,,South,,0,,Flat,,,,,,Bright sun,204500,0,0,0,4,,,0,,,,,,Auckland Region,Nil,2-way,Sealed,,0,0,,50,,Null,0,0,,76,Auckland,Nil,,,,,0,0,Urban,1,,,Fine,Null
1746680.9456,5916985.6992,906708,,510700,0,0,0,1,0,South,2024/2025,TE ATATU ROAD,TAITUA DRIVE,,Non-Injury Crash,No,2025,0,North,0,0,0,Flat,0,,0,,0,Bright sun,241100,0,0,0,2,0,0,0,0,1,,0,0,Auckland Region,Nil,2-way,Sealed,0,0,0,0,50,0,None,0,0,,76,Auckland,Nil,0,0,0,0,0,0,Urban,1,0,0,Fine,Null
1762927.5124,5913146.2529,906714,,520402,0,0,0,0,0,Null,2025/2026,ARANUI ROAD,SKINNER ROAD,,Non-Injury Crash,No,2026,0,North,0,0,0,Hill Road,0,,0,,1,Dark,642500,0,0,1,2,0,0,0,0,0,,0,0,Auckland Region,Nil,2-way,Sealed,0,0,0,0,50,0,On,0,0,,76,Auckland,Give way,0,0,0,0,0,0,Urban,0,0,0,Fine,Null
1756427.4716,5924742.3557,906717,,509702,0,0,0,2,0,South,2025/2026,SYLVAN AVENUE,HEATH AVENUE,,Minor Crash,No,2025,0,South,0,0,0,Hill Road,0,,0,,0,Bright sun,366700,1,0,0,2,0,0,0,0,1,,0,0,Auckland Region,Nil,2-way,Sealed,0,0,0,0,50,0,Off,0,0,,76,Auckland,Nil,0,0,0,0,0,0,Urban,0,0,0,Fine,Null
1743378.5493,5919590.4803,906718,,513212,0,0,0,2,0,West,2025/2026,GLEN ROAD,DON BUCK ROAD,,Non-Injury Crash,No,2025,0,West,0,0,0,Hill Road,0,,0,,0,Overcast,235725,0,0,0,2,0,0,0,0,1,,0,0,Auckland Region,Nil,2-way,Sealed,0,0,0,0,50,0,Off,0,0,,76,Auckland,Nil,0,0,0,0,0,0,Urban,0,0,0,Fine,Strong wind
1749181.7812,5942513.9543,906720,,506300,0,,0,1,,South,2025/2026,EAST COAST ROAD,JACKSON WAY,,Minor Crash,No,2026,,South,,0,,Hill Road,,,,,,Overcast,175902,2,0,0,2,,,0,,,,,,Auckland Region,Nil,2-way,Sealed,,0,0,,80,,None,0,0,,76,Auckland,Nil,,,,,0,0,Open,1,,,Light rain,Null
1746407.8849,5913840.1565,906722,,511002,0,,0,1,,North,2024/2025,WOODGLEN ROAD,LUCINDA PLACE,,Non-Injury Crash,No,2025,,South,,0,,Flat,,,,,,Overcast,283200,0,0,0,2,,,0,,,,,,Auckland Region,Nil,2-way,Sealed,,0,0,,50,,Off,1,0,,76,Auckland,Nil,,,,,0,0,Urban,0,,,Fine,Null
1757026.2587,5916854.3532,906723,,518202,0,,0,1,,North,2025/2026,MOUNT EDEN ROAD,STOKES ROAD,,Minor Crash,No,2025,,North,,0,,Flat,,,,,,Bright sun,550000,1,0,1,1,,,0,,,,,,Auckland Region,Nil,2-way,Sealed,,0,0,,50,,Off,0,0,,76,Auckland,Nil,,,,,0,0,Urban,0,,,Fine,Null
1740238.9157,5984356.2976,906734,,506660,0,0,0,1,0,South,2025/2026,WAITEITEI ROAD,FARMERS LIME ROAD,,Fatal Crash,No,2025,0,South,0,1,1,Hill Road,0,,0,,0,Dark,136302,0,0,0,2,0,0,0,0,0,,0,0,Auckland Region,Nil,2-way,Sealed,0,0,0,0,100,0,None,0,0,,76,Auckland,Nil,0,0,0,1,0,0,Open,0,0,0,Light rain,Null
1744936.914,5914339.0948,906739,,512905,0,,0,1,,South,2025/2026,PARRS CROSS ROAD,SEYMOUR ROAD,,Non-Injury Crash,No,2025,,South,,0,,Hill Road,,,,,,Overcast,278903,0,0,0,2,,,0,,,,,,Auckland Region,Nil,2-way,Sealed,,0,0,,50,,Off,1,0,,76,Auckland,Nil,,,,,0,0,Urban,0,,,Fine,Null
1751155.4494,5911369.9962,906740,,514700,0,0,0,1,0,Null,2024/2025,TAUNTON TERRACE,CONNELL STREET,,Non-Injury Crash,No,2025,0,East,0,0,0,Flat,1,,0,,0,Twilight,367703,0,0,0,2,0,0,0,0,0,,0,0,Auckland Region,Nil,2-way,Sealed,0,0,0,0,50,0,Off,0,0,,76,Auckland,Nil,0,0,0,0,0,0,Urban,0,0,0,Fine,Null
1758266.3732,5920183.8907,906742,,515902,0,,0,2,,Null,2025/2026,STANLEY STREET,PARNELL RISE,,Minor Crash,Yes,2025,,South,,0,,Flat,,,,,,Overcast,452300,1,0,0,4,,,0,,,,,,Auckland Region,Nil,2-way,Sealed,,0,0,,50,,Off,1,0,,76,Auckland,Traffic Signals,,,,,1,0,Urban,0,,,Fine,Null
1748031.8615,5970372.6361,906744,,505500,0,,0,2,,Null,2025/2026,FALLS ROAD,HUDSON ROAD,,Non-Injury Crash,No,2025,,West,,0,,Flat,,,,,,Overcast,140102,0,0,0,2,,,0,,,,,,Auckland Region,Nil,2-way,Sealed,,0,0,,50,,Off,0,0,,76,Auckland,Give way,,,,,0,0,Urban,0,,,Heavy rain,Null
1765415.2964,5901971.3087,906750,,524604,0,,0,1,,South,2025/2026,ROSCOMMON ROAD,KIWI TAMAKI ROAD,,Minor Crash,No,2025,,North,,0,,Flat,,,,,,Dark,781200,2,0,0,2,,,0,,,,,,Auckland Region,Nil,1-way,Sealed,,0,0,,60,,On,1,0,30,76,Auckland,Nil,,,,,0,0,Urban,0,,,Light rain,Strong wind
1763860.4531,5906874.874,906751,,524301,0,,0,2,,South,2025/2026,GRAY AVENUE,HANGA PLACE,,Non-Injury Crash,No,2025,,South,,0,,Flat,,Christmas New Year,,,,Unknown,656600,0,0,0,0,,,0,,,,,,Auckland Region,Nil,Null,Sealed,,0,0,,,,Null,0,0,,76,Auckland,Nil,,,,,0,0,Urban,0,,,Null,Null
1749932.1046,5940742.6592,906753,,506300,0,,0,0,,North,2025/2026,NORTHERN MOTORWAY,BAWDEN OBR,,Minor Crash,Yes,2025,,South,,0,,Flat,,,,,,Overcast,175902,2,0,0,2,,,0,,,,,,Auckland Region,Nil,1-way,Sealed,,0,0,,100,,Off,1,0,,76,Auckland,Nil,,,,,0,0,Open,1,,,Light rain,Null
1769082.3019,5913578.2816,906761,,522723,0,0,0,2,0,North,2024/2025,CASCADES ROAD,LADY MARIE DRIVE,,Minor Crash,No,2025,0,South,0,0,0,Flat,0,,0,,0,Bright sun,682301,1,0,0,2,0,0,0,0,1,,0,0,Auckland Region,Nil,2-way,Sealed,0,0,0,0,50,0,Off,0,0,,76,Auckland,Nil,0,0,0,0,0,0,Urban,0,0,0,Fine,Null
1769049.9472,5912149.501,906762,,523107,0,,0,2,,Null,2024/2025,BURSWOOD DRIVE,BROMPTON PLACE,,Minor Crash,No,2025,,South,,0,,Flat,,,,,,Overcast,711412,2,0,0,2,,,0,,,,,,Auckland Region,Nil,2-way,Sealed,,0,0,,50,,Off,0,0,40,76,Auckland,Nil,,,,,0,0,Urban,0,,,Fine,Null
1758950.6663,5907098.6377,906764,,524200,0,0,0,1,0,South,2025/2026,KIRKBRIDE ROAD,IDLEWILD AVENUE,,Serious Crash,No,2025,0,North,0,0,0,Flat,0,,0,,0,Bright sun,726300,0,0,0,2,0,0,0,0,1,,0,0,Auckland Region,Nil,2-way,Sealed,0,0,1,0,50,0,Off,2,0,,76,Auckland,Nil,0,0,0,0,0,0,Urban,0,0,0,Fine,Null
1757729.4417,5927228.9443,906767,,508010,0,0,0,0,0,Null,2023/2024,AUBURN STREET,LOMOND STREET,,Non-Injury Crash,No,2024,0,South,0,0,0,Flat,0,,0,,0,Bright sun,327500,0,0,0,2,0,0,0,0,1,,0,0,Auckland Region,Nil,2-way,Sealed,0,0,0,0,30,0,Null,0,0,,76,Auckland,Give way,0,0,0,0,0,1,Urban,1,0,0,Fine,Null
1753568.2716,5927957.0057,906769,,508210,0,,0,1,,Null,2024/2025,GLENFIELD ROAD,KAIPATIKI ROAD,,Non-Injury Crash,No,2024,,North,,0,,Flat,,,,,,Bright sun,186500,0,0,0,2,,,0,,,,,,Auckland Region,Nil,1-way,Sealed,,0,0,,50,,Off,0,0,,76,Auckland,Give way,,,,,0,0,Urban,1,,,Fine,Null
1768702.2041,5901832.1921,906771,,524901,0,0,0,1,0,Null,2024/2025,SCENIC DRIVE,FRESHNEY PLACE,,Non-Injury Crash,No,2024,0,South,0,0,0,Hill Road,0,,0,,0,Overcast,755800,0,0,0,2,0,0,0,0,1,,0,0,Auckland Region,Nil,2-way,Sealed,0,0,0,0,50,0,Off,1,0,,76,Auckland,Give way,0,0,0,0,0,0,Urban,0,0,0,Fine,Null
1761698.4297,5906519.7988,906773,,524112,0,,0,1,,Null,2022/2023,MASSEY ROAD,MASSEY ROAD OFF RAMP,,Non-Injury Crash,No,2023,,North,,0,,Flat,,,,,,Overcast,742300,0,0,0,6,,,0,,,,,,Auckland Region,Nil,2-way,Sealed,,0,0,,50,,Off,0,0,,76,Auckland,Traffic Signals,,,,,0,0,Urban,0,,,Fine,None