X,Y,OBJECTID,advisorySpeed,areaUnitID,bicycle,bridge,bus,carStationWagon,cliffBank,crashDirectionDescription,crashFinancialYear,crashLocation1,crashLocation2,crashRoadSideRoad,crashSeverity,crashSHDescription,crashYear,debris,directionRoleDescription,ditch,fatalCount,fence,flatHill,guardRail,holiday,houseOrBuilding,intersection,kerb,light,meshblockId,minorInjuryCount,moped,motorcycle,NumberOfLanes,objectThrownOrDropped,otherObject,otherVehicleType,overBank,parkedVehicle,pedestrian,phoneBoxEtc,postOrPole,region,roadCharacter,roadLane,roadSurface,roadworks,schoolBus,seriousInjuryCount,slipOrFlood,speedLimit,strayAnimal,streetLight,suv,taxi,temporarySpeedLimit,tlaId,tlaName,trafficControl,trafficIsland,trafficSign,train,tree,truck,unknownVehicleType,urban,vanOrUtility,vehicle,waterRiver,weatherA,weatherB
1763578.4361,5906413.439,906775,,524301,0,,0,2,,Null,2024/2025,PORTAGE ROAD,PARK AVENUE,,Non-Injury Crash,No,2025,,West,,0,,Flat,,,,,,Bright sun,655701,0,0,0,2,,,0,,,,,,Auckland Region,Nil,2-way,Sealed,,0,0,,50,,Off,0,0,,76,Auckland,Give way,,,,,0,0,Urban,0,,,Fine,None
1763800.7176,5913689.1712,906776,,520402,0,,0,1,,Null,2025/2026,MOUNT WELLINGTON HIGHWAY,WAIPUNA ROAD,,Non-Injury Crash,No,2025,,North,,0,,Null,,,,,,Unknown,640002,0,0,0,3,,,0,,,,,,Auckland Region,Nil,1-way,Sealed,,0,0,,50,,Null,0,0,,76,Auckland,Traffic Signals,,,,,0,1,Urban,0,,,Null,Null
1755463.0097,5945129.6389,906781,,505908,0,,0,3,,Null,2025/2026,BRIGHTSIDE ROAD,KAURI ROAD,,Minor Crash,No,2025,,West,,0,,Flat,,,,,,Twilight,173502,2,0,0,2,,,0,,,,,,Auckland Region,Nil,2-way,Sealed,,0,0,,50,,On,0,0,,76,Auckland,Stop,,,,,0,0,Urban,0,,,Light rain,Null
1750131.3715,5946564.3235,906783,,505806,0,,0,2,,North,2024/2025,SILVERDALE STREET,WAINUI ROAD,,Non-Injury Crash,No,2024,,North,,0,,Flat,,,,,,Bright sun,176504,0,0,0,4,,,0,,,,,,Auckland Region,Nil,2-way,Sealed,,0,0,,50,,Off,0,0,,76,Auckland,Nil,,,,,0,0,Urban,0,,,Fine,Null
1767794.2547,5900964.7848,906785,,524720,0,,0,1,,West,2024/2025,RUSSELL ROAD,MCKEAN AVENUE,,Non-Injury Crash,No,2024,,North,,0,,Flat,,,,,,Bright sun,778500,0,0,0,2,,,0,,,,,,Auckland Region,Nil,2-way,Sealed,,0,0,,50,,Null,0,0,,76,Auckland,Nil,,,,,0,0,Urban,0,,,Null,Null
1760206.7276,5915903.6581,906787,,516003,0,,0,1,,East,2024/2025,SOUTHERN MOTORWAY,GREENLANE INT S,,Fatal Crash,Yes,2025,,South,,1,,Flat,,,,,,Bright sun,494902,0,0,1,3,,,0,,,,,,Auckland Region,Bridge,1-way,Sealed,,0,0,,100,,Off,0,0,,76,Auckland,Nil,,,,,1,0,Open,0,,,Fine,Null
1769629.9556,5883573.8726,906791,55,521111,0,0,0,0,0,North,2024/2025,CAPE HILL ROAD,NORTHVALE PLACE,,Non-Injury Crash,No,2024,0,South,0,0,1,Hill Road,0,,0,,0,Overcast,826700,0,0,0,2,0,0,0,0,0,,0,0,Auckland Region,Nil,2-way,Sealed,0,0,0,0,60,0,None,0,0,,76,Auckland,Nil,0,0,0,0,1,0,Urban,0,0,0,Light rain,Null
1746830.7617,5915255.3001,906795,,511800,0,,0,2,,Null,2025/2026,AWAROA ROAD,GREAT NORTH ROAD,,Non-Injury Crash,No,2026,,East,,0,,Hill Road,,,,,,Dark,276400,0,0,0,2,,,0,,,,,,Auckland Region,Nil,2-way,Sealed,,0,0,,50,,On,0,0,,76,Auckland,Stop,,,,,0,0,Urban,0,,,Light rain,Strong wind
1750468.7245,5954617.7886,906797,,506201,0,0,0,0,0,North,2025/2026,NORTHERN GATEWAY TOLL ROAD,WAIWERA VIADUCT SOUTH,,Non-Injury Crash,Yes,2026,0,North,0,0,0,Hill Road,1,,0,,0,Overcast,176203,0,0,0,2,0,0,0,0,0,,0,0,Auckland Region,Nil,1-way,Sealed,0,0,0,0,110,0,None,0,0,,76,Auckland,Nil,0,0,0,0,1,0,Open,0,0,0,Heavy rain,Null
1755058.1308,5918275.7295,906799,,517500,0,,0,2,,South,2024/2025,NORTH-WESTERN MOTORWAY,NEWTON ROAD ON RAMP,,Non-Injury Crash,Yes,2024,,West,,0,,Flat,,,,,,Bright sun,529900,0,0,0,4,,,0,,,,,,Auckland Region,Nil,1-way,Sealed,,0,0,,80,,Off,0,0,,76,Auckland,Nil,,,,,0,0,Open,1,,,Fine,Null
1751553.63,5950009.5306,906800,,505805,0,0,0,2,0,North,2025/2026,HIBISCUS COAST HIGHWAY,FLORENCE AVENUE,,Minor Crash,No,2026,0,North,0,0,0,Flat,0,,0,,0,Overcast,171500,1,0,0,2,0,0,0,0,1,,0,0,Auckland Region,Nil,2-way,Sealed,0,0,0,0,50,0,Off,0,0,,76,Auckland,Nil,0,0,0,0,0,0,Urban,0,0,0,Fine,Null
1752787.9679,5918134.1432,906804,,515002,0,,0,1,,East,2025/2026,NORTH-WESTERN MOTORWAY,SH 20,,Minor Crash,Yes,2026,,East,,0,,Flat,,,,,,Overcast,390501,1,0,1,5,,,0,,,,,,Auckland Region,Nil,1-way,Sealed,,0,0,,80,,Off,0,0,,76,Auckland,Nil,,,,,0,0,Open,0,,,Fine,Null
1770255.7886,5899021.4401,906808,,523920,0,,0,0,,South,2024/2025,GREAT SOUTH ROAD,MANUIA ROAD,,Non-Injury Crash,No,2024,,North,,0,,Null,,,,,,Bright sun,768006,0,0,0,5,,,0,,,,,,Auckland Region,Nil,2-way,Sealed,,0,0,,50,,Off,1,0,,76,Auckland,Nil,,,,,0,1,Urban,0,,,Fine,Null
1754931.8242,5916450.7525,906809,,517703,0,,0,1,,Null,2024/2025,BALMORAL ROAD,ST LUKES ROAD,,Non-Injury Crash,No,2025,,West,,0,,Flat,,,,,,Dark,537603,0,0,0,4,,,0,,,,,,Auckland Region,Nil,2-way,Sealed,,0,0,,50,,On,0,0,,76,Auckland,Traffic Signals,,,,,0,1,Urban,0,,,Fine,Null
1753823.0895,5918338.3269,906811,,515002,0,,0,1,,Null,2023/2024,ST LUKES ROAD,GREAT NORTH ROAD,,Non-Injury Crash,No,2023,,North,,0,,Flat,,,,,,Unknown,390501,0,0,0,2,,,0,,,,,,Auckland Region,Nil,1-way,Sealed,,0,0,,50,,Off,0,0,,76,Auckland,Traffic Signals,,,,,0,0,Urban,1,,,Fine,None
1773814.4016,5889876.7983,906816,,521302,0,0,0,1,0,South,2024/2025,SOUTHERN MOTORWAY,QUARRY OBR,,Non-Injury Crash,Yes,2024,0,North,0,0,0,Flat,1,Labour Weekend,0,,0,Bright sun,809101,0,0,0,2,0,0,0,0,0,,0,0,Auckland Region,Nil,1-way,Sealed,0,0,0,0,100,0,Off,0,0,,76,Auckland,Nil,0,0,0,0,0,0,Open,0,0,0,Fine,Null
1749544.2429,5912976.4147,906823,,511401,0,,0,2,,Null,2023/2024,GARDNER AVENUE,HUTCHINSON AVENUE,,Non-Injury Crash,No,2024,,South,,0,,Hill Road,,,,,,Dark,264300,0,0,0,2,,,0,,,,,,Auckland Region,Nil,2-way,Sealed,,0,0,,50,,On,0,0,,76,Auckland,Stop,,,,,0,0,Urban,0,,,Fine,Null
1749151.2105,5912936.6842,906824,,511401,0,0,0,1,0,South,2025/2026,WILLERTON AVENUE,SEABROOK AVENUE,,Non-Injury Crash,No,2025,0,North,0,0,0,Flat,1,,0,,0,Dark,262002,0,0,0,2,0,0,0,0,0,,0,0,Auckland Region,Speed hump,2-way,Sealed,0,0,0,0,50,0,On,0,0,,76,Auckland,Nil,0,0,0,0,0,0,Urban,0,0,0,Fine,Null
1765780.4156,5900492.8866,906834,,524821,0,0,0,2,0,West,2025/2026,BURUNDI AVENUE,FROBISHER WAY,,Non-Injury Crash,No,2026,0,West,0,0,0,Flat,0,,0,,0,Bright sun,774404,0,0,0,2,0,0,0,0,1,,0,0,Auckland Region,Nil,2-way,Sealed,0,0,0,0,30,0,Off,0,0,,76,Auckland,Nil,0,0,0,0,0,0,Urban,0,0,0,Fine,Null
1751549.3919,5933908.5026,906835,,508701,0,,0,2,,South,2024/2025,ALBANY HIGHWAY,LIBRARY LANE,,Minor Crash,No,2025,,North,,0,,Hill Road,,Easter,,,,Bright sun,178800,2,0,0,4,,,0,,,,,,Auckland Region,Nil,2-way,Sealed,,0,0,,50,,Off,0,0,,76,Auckland,Nil,,,,,0,0,Urban,0,,,Fine,Null
1755572.3103,5920100.9321,906839,,515302,0,,0,2,,South,2023/2024,PONSONBY ROAD,SUMMER STREET,,Non-Injury Crash,No,2024,,South,,0,,Flat,,,,,,Overcast,431000,0,0,0,4,,,0,,,,,,Auckland Region,Nil,2-way,Sealed,,0,0,,40,,None,0,0,,76,Auckland,Nil,,,,,0,0,Urban,0,,,Fine,None
1769659.5588,5901838.1587,906851,,523814,0,,0,1,,Null,2024/2025,HILL ROAD,HILL ROAD-MANUREWA OFF RAMP,,Non-Injury Crash,No,2024,,West,,0,,Null,,,,,,Unknown,759507,0,0,0,2,,,0,,,,,,Auckland Region,Nil,2-way,Null,,0,0,,50,,Null,0,0,,76,Auckland,Traffic Signals,,,,,0,0,Urban,0,,,Null,Null
1770026.7083,5899401.8239,906852,,523911,0,,0,1,,East,2024/2025,SPARTAN ROAD,TAKANINI OFF RAMP,,Non-Injury Crash,No,2025,,West,,0,,Flat,,,,,,Overcast,766500,0,0,0,2,,,0,,,,,,Auckland Region,Nil,2-way,Sealed,,0,0,,70,,Null,0,0,,76,Auckland,Nil,,,,,1,0,Urban,0,,,Fine,Null
1718801.4373,5976403.4848,906853,,506613,0,0,0,1,1,North,2025/2026,RUN ROAD,FITZGERALD ROAD,,Minor Crash,No,2025,0,West,0,0,0,Hill Road,0,,0,,0,Overcast,144700,1,0,0,0,0,0,0,0,0,,0,0,Auckland Region,Nil,2-way,Unsealed,0,0,0,0,100,0,None,0,0,,76,Auckland,Nil,0,0,0,0,0,0,Open,0,0,0,Fine,Null
1745729.8505,5917390.9196,906857,,510700,0,0,0,1,0,Null,2024/2025,EDMONTON ROAD,ALDERMAN DRIVE,,Non-Injury Crash,No,2024,0,North,0,0,0,Flat,0,,0,,0,Dark,240401,0,0,0,4,0,0,0,0,0,,0,0,Auckland Region,Nil,2-way,Sealed,0,0,0,0,50,0,On,0,0,,76,Auckland,Give way,0,1,0,0,0,0,Urban,0,0,0,Light rain,Null
1753577.8907,5932379.6031,906858,,508805,0,,0,1,,South,2024/2025,NORTHERN MOTORWAY,ROSEDALE OBR,,Non-Injury Crash,Yes,2025,,South,,0,,Flat,,,,,,Dark,180866,0,0,0,2,,,0,,,,,,Auckland Region,Nil,1-way,Sealed,,0,0,,100,,On,0,0,,76,Auckland,Nil,,,,,0,0,Open,1,,,Fine,Null
1765114.9674,5914872.6523,906860,,520301,0,,0,2,,West,2025/2026,PLEASANT VIEW ROAD,PILKINGTON ROAD,,Non-Injury Crash,No,2025,,East,,0,,Hill Road,,,,,,Bright sun,628002,0,0,0,2,,,0,,,,,,Auckland Region,Nil,2-way,Sealed,,0,0,,50,,Off,0,0,,76,Auckland,Nil,,,,,0,0,Urban,0,,,Fine,Null
1753597.5273,5927265.0514,906863,,508210,0,,0,2,,Null,2024/2025,GLENFIELD ROAD,HIGH ROAD,,Non-Injury Crash,No,2024,,South,,0,,Hill Road,,,,,,Dark,187300,0,0,0,2,,,0,,,,,,Auckland Region,Nil,2-way,Sealed,,0,0,,50,,On,0,0,,76,Auckland,Give way,,,,,0,0,Urban,0,,,Light rain,Null
1768326.0519,5908473.133,906864,,523711,0,,0,1,,South,2024/2025,EAST TAMAKI ROAD,JOHNSTONES ROAD,,Non-Injury Crash,No,2025,,South,,0,,Flat,,,,,,Bright sun,712303,0,0,0,2,,,0,,,,,,Auckland Region,Nil,2-way,Sealed,,0,0,,60,,Off,0,0,,76,Auckland,Nil,,,,,0,0,Urban,1,,,Fine,Null
1756774.8027,5925949.2344,906868,,509702,0,0,0,2,0,Null,2024/2025,AKORANGA DRIVE,THE WAREHOUSE WAY,,Minor Crash,No,2024,0,South,0,0,0,Flat,0,,0,,0,Overcast,364601,2,0,0,5,0,0,0,0,0,,0,0,Auckland Region,Nil,2-way,Sealed,0,0,0,0,50,0,Off,1,0,,76,Auckland,Traffic Signals,1,0,0,0,0,0,Urban,0,0,0,Light rain,Null
1764501.2379,5912822.4325,906870,,520500,0,,0,1,,Null,2023/2024,CARBINE ROAD,ARTHUR BROWN PLACE,,Non-Injury Crash,No,2024,,North,,0,,Flat,,,,,,Overcast,639100,0,0,0,5,,,0,,,,,,Auckland Region,Nil,2-way,Sealed,,0,0,,50,,Off,1,0,,76,Auckland,Traffic Signals,,,,,0,0,Urban,0,,,Light rain,Strong wind
1745144.0394,5918430.7599,906888,,513302,0,,0,0,,North,2024/2025,LINCOLN ROAD,NORVAL ROAD,,Non-Injury Crash,No,2025,,South,,0,,Flat,,,,,,Bright sun,230900,0,0,0,4,,,0,,,,,,Auckland Region,Nil,2-way,Sealed,,0,0,,50,,Off,2,0,,76,Auckland,Nil,,,,,0,0,Urban,0,,,Fine,Null
1770468.9794,5910391.2939,906897,,523109,0,,0,2,,Null,2024/2025,CHAPEL ROAD,MAGHERA DRIVE,,Non-Injury Crash,No,2025,,North,,0,,Flat,,,,,,Bright sun,712012,0,0,0,4,,,0,,,,,,Auckland Region,Nil,2-way,Sealed,,0,0,,50,,Off,0,0,,76,Auckland,Traffic Signals,,,,,0,0,Urban,0,,,Fine,Null
1757395.5666,5918807.3064,906898,,514302,0,,0,1,,South,2024/2025,SOUTHERN MOTORWAY,PORT TO SOUTHERN LINK,,Non-Injury Crash,Yes,2024,,South,,0,,Flat,,,,,,Bright sun,441700,0,0,0,4,,,0,,,,,,Auckland Region,Nil,1-way,Sealed,,0,0,,80,,Off,0,0,,76,Auckland,Nil,,,,,0,0,Open,0,,,Fine,Null
1752891.3281,5918151.2284,906905,,515003,0,,0,1,,East,2025/2026,NORTH-WESTERN MOTORWAY,GREAT NORTH ROAD OFF RAMP,,Non-Injury Crash,Yes,2025,,West,,0,,Flat,,,,,,Twilight,390502,0,0,0,4,,,0,,,,,,Auckland Region,Nil,1-way,Sealed,,0,0,,80,,On,1,0,,76,Auckland,Nil,,,,,0,0,Open,0,,,Heavy rain,Null
1771500.2214,5897837.8033,906910,,523912,0,0,0,1,0,Null,2024/2025,GREAT SOUTH ROAD,LONGFORD PARK DRIVE,,Non-Injury Crash,No,2024,0,South,0,0,0,Flat,0,,0,,0,Overcast,767812,0,0,0,4,0,0,0,0,0,,0,0,Auckland Region,Nil,2-way,Sealed,0,0,0,0,50,0,Off,0,0,,76,Auckland,Give way,0,0,0,1,0,0,Urban,1,0,0,Fine,Null
1753875.769,5933604.2764,906914,,508804,0,,0,1,,Null,2023/2024,GREVILLE ROAD,HUGH GREEN DRIVE,,Non-Injury Crash,No,2024,,North,,0,,Hill Road,,,,,,Overcast,180609,0,0,0,2,,,0,,,,,,Auckland Region,Nil,2-way,Sealed,,0,0,,50,,Off,1,0,,76,Auckland,Give way,,,,,0,0,Urban,0,,,Fine,Null
1753776.5479,5918288.6351,906917,,515003,0,,0,1,,West,2024/2025,NORTH-WESTERN MOTORWAY,ST LUKES OBR,,Non-Injury Crash,Yes,2025,,West,,0,,Flat,,,,,,Bright sun,390502,0,0,0,4,,,0,,,,,,Auckland Region,Nil,1-way,Sealed,,0,0,,100,,Off,1,0,,76,Auckland,Nil,,,,,0,0,Open,0,,,Fine,Null
1764081.3617,5906363.1262,906918,,524303,0,,0,2,,Null,2024/2025,STATION ROAD,PEVERILL CRESCENT,,Minor Crash,No,2025,,West,,0,,Flat,,,,,,Bright sun,657200,1,0,0,2,,,0,,,,,,Auckland Region,Nil,2-way,Sealed,,0,0,,50,,Off,0,0,,76,Auckland,Give way,,,,,0,0,Urban,0,,,Fine,Null
1760562.325,5913666.4339,906923,,519900,0,0,0,0,0,North,2024/2025,WALLATH ROAD,SANTOS PLACE,,Non-Injury Crash,No,2024,0,North,0,0,0,Flat,0,,0,,0,Dark,604600,0,0,0,2,0,0,0,0,0,,0,1,Auckland Region,Nil,2-way,Sealed,0,0,0,0,50,0,On,0,0,,76,Auckland,Nil,0,0,0,1,0,0,Urban,0,0,0,Fine,Null
1770827.2356,5904927.5564,906930,,523713,0,,0,1,,Null,2023/2024,MURPHYS ROAD,THOMAS ROAD,,Non-Injury Crash,No,2024,,North,,0,,Flat,,,,,,Bright sun,713501,0,0,0,2,,,0,,,,,,Auckland Region,Nil,2-way,Sealed,,0,0,,60,,On,0,0,,76,Auckland,Stop,,,,,0,1,Urban,0,,,Fine,Null
1757996.6149,5917982.8509,906933,,515700,0,,0,1,,South,2024/2025,SOUTHERN MOTORWAY,GILLIES AVENUE OFF RAMP,,Non-Injury Crash,Yes,2025,,South,,0,,Flat,,,,,,Bright sun,443200,0,0,0,4,,,0,,,,,,Auckland Region,Nil,1-way,Sealed,,0,0,,80,,Off,1,0,,76,Auckland,Nil,,,,,0,0,Open,0,,,Fine,Null
1754215.3187,5927908.9133,906941,,508310,0,0,0,1,0,North,2024/2025,BENTLEY AVENUE,BATTLE PLACE,,Non-Injury Crash,No,2024,0,North,0,0,0,Flat,0,,0,,0,Bright sun,200500,0,0,0,2,0,0,0,0,1,,0,0,Auckland Region,Nil,2-way,Sealed,0,0,0,0,50,0,Off,0,0,,76,Auckland,Nil,0,0,0,0,1,0,Urban,0,0,0,Fine,None
1771720.4093,5899030.3577,906942,,523912,0,,0,0,,Null,2024/2025,PORCHESTER ROAD,AIRFIELD ROAD,,Non-Injury Crash,No,2024,,North,,0,,Flat,,,,,,Dark,765401,0,0,1,2,,,0,,,,,,Auckland Region,Nil,2-way,Sealed,,0,0,,50,,On,0,0,,76,Auckland,Give way,,,,,0,0,Urban,0,,,Fine,Null
1752826.8792,5918129.3832,906944,,515003,0,,0,1,,East,2024/2025,NORTH-WESTERN MOTORWAY,GREAT NORTH ROAD OFF RAMP,,Non-Injury Crash,Yes,2024,,West,,0,,Flat,,,,,,Dark,390600,0,0,0,4,,,0,,,,,,Auckland Region,Nil,1-way,Sealed,,0,0,,100,,On,0,0,80,76,Auckland,Nil,,,,,0,0,Open,0,,,Light rain,Null
1750220.3753,5913803.1633,906949,,511303,0,,0,2,,Null,2024/2025,CLARK STREET,HETANA STREET,,Non-Injury Crash,No,2024,,South,,0,,Flat,,,,,,Bright sun,265002,0,0,0,4,,,0,,,,,,Auckland Region,Nil,2-way,Sealed,,0,0,,50,,Off,0,0,,76,Auckland,Traffic Signals,,,,,0,0,Urban,0,,,Fine,Null
1766035.6454,5907343.4961,906952,,522301,0,,0,1,,North,2023/2024,HOLROYD PLACE,HUIA ROAD,,Non-Injury Crash,No,2024,,North,,0,,Flat,,,,,,Unknown,666700,0,0,1,2,,,0,,,,,,Auckland Region,Nil,2-way,Sealed,,0,0,,50,,Null,0,0,,76,Auckland,Nil,,,,,0,0,Urban,0,,,Fine,None
1750146.2127,5913820.5871,906957,,511303,0,,0,1,,North,2025/2026,CLARK STREET,CROWN LYNN PLACE,,Non-Injury Crash,No,2025,,West,,0,,Null,,,,,,Unknown,265100,0,0,0,2,,,0,,,,,,Auckland Region,Nil,2-way,Sealed,,0,0,,50,,Null,0,0,,76,Auckland,Nil,,,,,0,0,Urban,0,,,Fine,Null
1766265.9009,5903798.3987,906960,,524604,0,0,0,1,0,East,2024/2025,SOUTH-WESTERN MOTORWAY,PLUNKET OBR,,Non-Injury Crash,Yes,2024,0,West,0,0,1,Flat,1,,0,,0,Overcast,780210,0,0,0,2,0,0,0,0,0,,0,0,Auckland Region,Motorway ramp,1-way,Sealed,0,0,0,0,100,0,Off,0,0,,76,Auckland,Nil,0,0,0,1,1,0,Open,0,0,0,Fine,Null
1755091.1981,5927920.3494,906965,,508620,0,,0,1,,North,2024/2025,ARCHERS ROAD,CHIVALRY ROAD,,Serious Crash,No,2025,,South,,0,,Hill Road,,,,,,Bright sun,202600,0,1,0,3,,,0,,,,,,Auckland Region,Nil,2-way,Sealed,,0,1,,50,,Off,0,0,,76,Auckland,Nil,,,,,0,0,Urban,0,,,Fine,Null
1766779.9957,5905390.9628,906970,,524603,0,,0,2,,Null,2024/2025,PUHINUI ROAD,EDORVALE AVENUE,,Non-Injury Crash,No,2024,,East,,0,,Flat,,,,,,Bright sun,671700,0,0,0,2,,,0,,,,,,Auckland Region,Nil,2-way,Sealed,,0,0,,50,,Off,0,0,,76,Auckland,Give way,,,,,0,0,Urban,0,,,Fine,None
1741620.3971,5990279.9309,906974,,506660,0,0,0,0,0,Null,2024/2025,MANGAWHAI ROAD,WAITEITEI ROAD,,Non-Injury Crash,No,2025,0,East,0,0,0,Hill Road,0,,0,,0,Bright sun,135600,0,0,0,2,0,0,0,0,0,,0,0,Auckland Region,Nil,2-way,Sealed,0,0,0,0,100,0,None,0,0,,76,Auckland,Stop,0,0,0,0,0,0,Open,2,0,0,Fine,Null
1752059.7737,5914227.8166,906978,,514402,0,,0,0,,West,2024/2025,TIVERTON ROAD,WHITNEY STREET,,Non-Injury Crash,No,2024,,East,,0,,Hill Road,,,,,,Overcast,380900,0,0,0,4,,,0,,,,,,Auckland Region,Nil,2-way,Sealed,,0,0,,50,,Off,0,0,,76,Auckland,Nil,,,,,0,0,Urban,1,,,Light rain,Null
1753288.1875,5937371.5265,906980,55,506300,0,,0,0,,North,2025/2026,EAST COAST ROAD,OKURA RIVER ROAD,,Minor Crash,No,2025,,East,,0,,Hill Road,,,,,,Overcast,176104,1,0,1,2,,,0,,,,,,Auckland Region,Nil,2-way,Sealed,,0,0,,80,,Off,0,0,,76,Auckland,Nil,,,,,0,0,Open,0,,,Fine,Null
1772559.5394,5913410.4065,906981,,523102,0,,0,2,,East,2024/2025,ROCHESTER CRESCENT,ALICIA ROAD,,Non-Injury Crash,No,2025,,West,,0,,Null,,,,,,Overcast,711027,0,0,0,2,,,0,,,,,,Auckland Region,Nil,2-way,Sealed,,0,0,,50,,Off,0,0,,76,Auckland,Nil,,,,,0,0,Urban,0,,,Mist or Fog,Null
1764306.5311,5905573.6048,906982,,522100,0,,0,2,,South,2024/2025,KOHUORA LANE,HILLCREST ROAD,,Non-Injury Crash,No,2025,,West,,0,,Null,,,,,,Bright sun,658000,0,0,0,1,,,0,,,,,,Auckland Region,Nil,2-way,Sealed,,0,0,,50,,Null,0,0,,76,Auckland,Nil,,,,,0,0,Urban,0,,,Fine,Null
1756774.6228,5920418.9488,906987,,514102,0,,0,1,,East,2025/2026,WELLESLEY STREET WEST,SALE STREET,,Non-Injury Crash,No,2025,,East,,0,,Null,,Christmas New Year,,,,Unknown,433700,0,0,0,4,,,0,,,,,,Auckland Region,Nil,2-way,Sealed,,0,0,,30,,Null,1,0,,76,Auckland,Nil,,,,,0,0,Urban,0,,,Null,Null
1769662.6999,5908690.2806,906993,,523115,0,,0,2,,North,2024/2025,TE IRIRANGI DRIVE,ACCENT DRIVE,,Non-Injury Crash,No,2025,,South,,0,,Flat,,,,,,Unknown,711909,0,0,0,2,,,0,,,,,,Auckland Region,Nil,1-way,Sealed,,0,0,,60,,Null,0,0,,76,Auckland,Nil,,,,,0,0,Urban,0,,,Fine,Null
1756089.0297,5920330.455,906994,,514000,0,,0,1,,Null,2025/2026,FRANKLIN ROAD,NAPIER STREET,,Minor Crash,No,2025,,North,,0,,Hill Road,,,,,,Overcast,417001,1,0,0,2,,,0,,,2,,,Auckland Region,Nil,2-way,Sealed,,0,0,,30,,Off,1,0,,76,Auckland,Stop,,,,,0,0,Urban,0,,,Fine,Null
1752764.2974,5934071.0858,906997,,508701,0,,0,2,,South,2025/2026,CIVIC CRESCENT,DON MCKINNON DRIVE,,Non-Injury Crash,No,2025,,North,,0,,Null,,,,,,Bright sun,178900,0,0,0,2,,,0,,,,,,Auckland Region,Nil,1-way,Sealed,,0,0,,30,,Null,0,0,,76,Auckland,Give way,,,,,0,0,Urban,0,,,Fine,Null
1764252.3433,5909794.1674,906998,45,521901,0,,0,2,,Null,2024/2025,ATKINSON AVENUE,CRITERION STREET,,Non-Injury Crash,No,2025,,North,,0,,Null,,,,,,Overcast,784000,0,0,0,4,,,0,,,,,,Auckland Region,Nil,2-way,Sealed,,0,0,,50,,Off,0,0,,76,Auckland,Nil,,,,,0,0,Urban,0,,,Fine,Null
1754297.4709,5933952.3651,907001,,508804,0,,1,0,,Null,2025/2026,EAST COAST ROAD,GREVILLE ROAD,,Non-Injury Crash,No,2025,,East,,0,,Hill Road,,,,,,Overcast,180611,0,0,0,4,,,0,,,,,,Auckland Region,Nil,2-way,Sealed,,0,0,,50,,Off,1,0,,76,Auckland,Traffic Signals,,,,,0,0,Urban,0,,,Light rain,Null
1750506.6563,5913735.6902,907002,,511303,0,,0,2,,Null,2024/2025,CLARK STREET,PORTAGE ROAD,,Minor Crash,No,2025,,West,,0,,Hill Road,,Easter,,,,Overcast,265200,1,0,0,6,,,0,,,,,,Auckland Region,Nil,2-way,Sealed,,0,0,,50,,Off,0,0,,76,Auckland,Traffic Signals,,,,,0,0,Urban,0,,,Fine,Strong wind
1763707.7097,5907717.9037,907004,,521902,0,0,0,1,0,North,2024/2025,HOSPITAL ROAD,HOSPITAL ENT N,,Non-Injury Crash,No,2024,0,South,0,0,0,Flat,1,,0,,0,Dark,786500,0,0,0,2,0,0,0,0,0,,0,0,Auckland Region,Nil,2-way,Sealed,0,0,0,0,20,0,On,0,0,,76,Auckland,Nil,0,0,0,0,0,0,Urban,0,0,0,Light rain,Null
1760986.345,5981283.0405,907006,,506616,0,,0,0,,North,2024/2025,LEIGH ROAD,KOURATAKI ROAD,,Minor Crash,No,2025,,South,,0,,Hill Road,,,,,,Dark,137707,1,0,0,2,,,0,,,,,,Auckland Region,Nil,2-way,Sealed,,0,0,,50,,None,0,0,,76,Auckland,Nil,,,,,0,0,Urban,0,,,Fine,Null
1757457.1391,5920109.8227,907007,,514103,0,,1,1,,North,2024/2025,WELLESLEY STREET EAST,RUTLAND STREET,,Non-Injury Crash,No,2024,,West,,0,,Hill Road,,,,,,Bright sun,436700,0,0,0,3,,,0,,,,,,Auckland Region,Nil,2-way,Sealed,,0,0,,30,,Off,0,0,,76,Auckland,Nil,,,,,0,0,Urban,0,,,Fine,Null
1751549.352,5930869.475,907008,,509100,0,,0,2,,Null,2024/2025,KYLE ROAD,SCHNAPPER ROCK ROAD,,Non-Injury Crash,No,2025,,West,,0,,Flat,,,,,,Bright sun,181002,0,0,0,2,,,0,,,,,,Auckland Region,Nil,2-way,Sealed,,0,0,,50,,Null,0,0,,76,Auckland,Give way,,,,,0,0,Urban,0,,,Null,Null
1766853.6519,5900551.9637,907018,,524720,0,0,0,1,0,North,2024/2025,ROWANDALE AVENUE,RONALD PLACE,,Non-Injury Crash,No,2025,0,North,0,0,1,Flat,0,,1,,0,Dark,776000,0,0,0,2,0,0,0,0,0,1,0,0,Auckland Region,Nil,2-way,Sealed,0,0,0,0,30,0,On,0,0,,76,Auckland,Nil,0,0,0,0,0,0,Urban,0,0,0,Fine,Null