X,Y,OBJECTID,advisorySpeed,areaUnitID,bicycle,bridge,bus,carStationWagon,cliffBank,crashDirectionDescription,crashFinancialYear,crashLocation1,crashLocation2,crashRoadSideRoad,crashSeverity,crashSHDescription,crashYear,debris,directionRoleDescription,ditch,fatalCount,fence,flatHill,guardRail,holiday,houseOrBuilding,intersection,kerb,light,meshblockId,minorInjuryCount,moped,motorcycle,NumberOfLanes,objectThrownOrDropped,otherObject,otherVehicleType,overBank,parkedVehicle,pedestrian,phoneBoxEtc,postOrPole,region,roadCharacter,roadLane,roadSurface,roadworks,schoolBus,seriousInjuryCount,slipOrFlood,speedLimit,strayAnimal,streetLight,suv,taxi,temporarySpeedLimit,tlaId,tlaName,trafficControl,trafficIsland,trafficSign,train,tree,truck,unknownVehicleType,urban,vanOrUtility,vehicle,waterRiver,weatherA,weatherB
1757561.4389,5919765.9739,907019,,514103,0,,0,1,,Null,2025/2026,SYMONDS STREET,MOUNT STREET,,Serious Crash,No,2025,,South,,0,,Hill Road,,,,,,Overcast,436904,0,0,0,4,,,0,,,1,,,Auckland Region,Nil,2-way,Sealed,,0,1,,30,,Off,0,0,,76,Auckland,Stop,,,,,0,0,Urban,0,,,Fine,Null
1760513.8052,5916209.9055,907022,,516002,0,,0,1,,Null,2024/2025,ASCOT AVENUE,GREEN LANE EAST,,Non-Injury Crash,No,2025,,South,,0,,Flat,,Easter,,,,Dark,493500,0,0,0,4,,,0,,,,,,Auckland Region,Nil,2-way,Sealed,,0,0,,50,,On,0,0,,76,Auckland,Traffic Signals,,,,,0,0,Urban,1,,,Heavy rain,Null
1766728.874,5904687.1891,907036,,524603,0,0,0,1,0,Null,2025/2026,LAMBIE DRIVE,CAVENDISH DRIVE,,Minor Crash,No,2025,0,South,0,0,0,Flat,0,,0,,0,Overcast,780205,1,0,0,3,0,0,0,0,0,,0,0,Auckland Region,Nil,1-way,Sealed,0,0,0,0,50,0,Off,1,0,,76,Auckland,Traffic Signals,0,1,0,0,0,0,Urban,0,0,0,Fine,Null
1742724.445,5921923.3474,907037,,513622,0,,0,2,,South,2024/2025,DON BUCK ROAD,CHERRY TREE PLACE,,Non-Injury Crash,No,2024,,South,,0,,Null,,,,,,Unknown,226700,0,0,0,2,,,0,,,,,,Auckland Region,Nil,2-way,Sealed,,0,0,,50,,Null,0,0,,76,Auckland,Nil,,,,,0,0,Urban,0,,,Fine,Null
1757772.4645,5919611.8366,907038,,514301,0,,0,2,,Null,2024/2025,GRAFTON ROAD,WELLESLEY STREET ON RAMP,,Non-Injury Crash,No,2025,,North,,0,,Hill Road,,,,,,Dark,440400,0,0,0,4,,,0,,,,,,Auckland Region,Nil,2-way,Sealed,,0,0,,50,,On,0,0,,76,Auckland,Traffic Signals,,,,,0,0,Urban,0,,,Light rain,Null
1768842.3275,5910706.6868,907039,,523112,0,,0,1,,Null,2024/2025,HARRIS ROAD,GREENMOUNT DRIVE,,Non-Injury Crash,No,2024,,South,,0,,Flat,,,,,,Unknown,711701,0,0,0,4,,,0,,,,,,Auckland Region,Nil,2-way,Sealed,,0,0,,50,,Null,1,0,,76,Auckland,Give way,,,,,0,0,Urban,0,,,Light rain,None
1757536.7166,5914546.9912,907056,,518600,0,0,0,2,0,Null,2023/2024,SELWYN ROAD,ROSTREVOR AVENUE,,Non-Injury Crash,No,2024,0,West,0,0,0,Flat,0,,0,,0,Overcast,565900,0,0,0,2,0,0,0,0,1,,0,0,Auckland Region,Nil,2-way,Sealed,0,0,0,0,50,0,Off,0,0,,76,Auckland,Give way,0,0,0,0,0,0,Urban,0,0,0,Fine,None
1769100.833,5914377.8346,907057,,522721,0,,0,1,,Null,2024/2025,PAKURANGA ROAD,BELLS ROAD,,Non-Injury Crash,No,2024,,South,,0,,Flat,,,,,,Overcast,681211,0,0,0,6,,,0,,,,,,Auckland Region,Nil,2-way,Sealed,,0,0,,50,,Off,1,0,,76,Auckland,Give way,,,,,0,0,Urban,0,,,Fine,Null
1757984.437,5914836.8845,907059,,515802,0,,0,2,,Null,2024/2025,MANUKAU ROAD,EMPIRE ROAD,,Minor Crash,No,2025,,North,,0,,Flat,,,,,,Overcast,449300,1,0,0,3,,,0,,,,,,Auckland Region,Nil,2-way,Sealed,,0,0,,50,,Off,0,0,40,76,Auckland,Give way,,,,,0,0,Urban,0,,,Light rain,Null
1754782.1935,5924590.3218,907060,,509800,0,0,0,0,0,South,2024/2025,VALLEY ROAD,ONEWA ROAD,,Non-Injury Crash,No,2025,0,North,0,0,0,Hill Road,0,,0,,0,Overcast,361701,0,0,0,2,0,0,0,0,1,,0,0,Auckland Region,Nil,2-way,Sealed,0,0,0,0,50,0,Off,2,0,,76,Auckland,Nil,0,0,0,0,0,0,Urban,0,0,0,Heavy rain,Strong wind
1768395.9081,5900623.0711,907067,,525101,0,0,0,2,0,Null,2024/2025,WEYMOUTH ROAD,AKEAKE LANE,,Non-Injury Crash,No,2024,0,West,0,0,0,Hill Road,0,,0,,0,Dark,771100,0,0,0,2,0,0,0,0,1,,0,0,Auckland Region,Nil,2-way,Sealed,0,0,0,0,50,0,On,0,0,,76,Auckland,Nil,0,0,0,0,0,0,Urban,0,0,0,Light rain,Null
1769283.856,5905582.2602,907069,,523712,0,,0,2,,Null,2024/2025,DAWSON ROAD,MATTHEWS ROAD,,Non-Injury Crash,No,2024,,East,,0,,Flat,,,,,,Bright sun,713016,0,0,0,2,,,0,,,,,,Auckland Region,Nil,2-way,Sealed,,0,0,,50,,Off,0,1,,76,Auckland,Traffic Signals,,,,,0,0,Urban,0,,,Fine,Null
1763269.1726,5891079.1244,907070,,521122,0,0,0,1,0,East,2024/2025,LINWOOD ROAD,BATTY ROAD,,Serious Crash,No,2025,0,East,0,0,1,Flat,0,,0,,0,Bright sun,809900,0,0,0,2,0,0,0,0,0,,0,0,Auckland Region,Nil,2-way,Sealed,0,0,1,0,60,0,Off,1,0,,76,Auckland,Nil,0,0,0,0,0,0,Urban,0,0,0,Fine,Null
1765586.4901,5916238.3778,907073,,517100,0,,0,2,,Null,2024/2025,PILKINGTON ROAD,TRIPOLI ROAD,,Non-Injury Crash,No,2024,,South,,0,,Flat,,,,,,Dark,478400,0,0,0,2,,,0,,,,,,Auckland Region,Nil,1-way,Sealed,,0,0,,50,,On,0,0,,76,Auckland,Give way,,,,,0,0,Urban,0,,,Light rain,Null
1762789.1613,5913185.0369,907076,,520402,0,,0,3,,Null,2025/2026,ARANUI ROAD,COMMISSARIAT ROAD,,Non-Injury Crash,No,2025,,East,,0,,Hill Road,,,,,,Overcast,642000,0,0,0,2,,,0,,,,,,Auckland Region,Nil,2-way,Sealed,,0,0,,50,,Off,1,0,,76,Auckland,Stop,,,,,0,0,Urban,0,,,Fine,Null
1759004.9296,5912416.5632,907077,,519820,0,,0,1,,Null,2023/2024,ONEHUNGA MALL,ARTHUR STREET,,Non-Injury Crash,No,2024,,North,,0,,Flat,,,,,,Overcast,601000,0,0,1,2,,,0,,,,,,Auckland Region,Nil,2-way,Sealed,,0,0,,50,,Off,0,0,,76,Auckland,Give way,,,,,0,0,Urban,0,,,Null,None
1746572.2134,5915627.564,907080,,511601,0,,0,1,,Null,2025/2026,GREAT NORTH ROAD,VIEW ROAD,,Minor Crash,No,2025,,North,,0,,Flat,,,,,,Overcast,276006,1,0,0,4,,,0,,,,,,Auckland Region,Nil,2-way,Sealed,,0,0,,50,,Off,0,0,,76,Auckland,Traffic Signals,,,,,0,0,Urban,0,,,Fine,Null
1746309.0731,5914893.446,907085,,511800,0,,0,1,,North,2024/2025,SUNHILL ROAD,SUNNYSIDE ROAD,,Non-Injury Crash,No,2025,,North,,0,,Hill Road,,,,,,Dark,277901,0,0,0,2,,,0,,,,,,Auckland Region,Nil,2-way,Sealed,,0,0,,50,,On,0,0,,76,Auckland,Nil,,,,,0,0,Urban,1,,,Heavy rain,Null
1758951.5231,5904032.8774,907089,,524200,0,,0,2,,Null,2025/2026,GEORGE BOLT MEMORIAL DRIVE,JOSEPH HAMMOND PLACE,,Non-Injury Crash,No,2025,,North,,0,,Flat,,,,,,Dark,727100,0,0,0,8,,,0,,,,,,Auckland Region,Nil,2-way,Sealed,,0,0,,50,,On,0,0,,76,Auckland,Traffic Signals,,,,,0,0,Urban,0,,,Heavy rain,Null
1750325.7772,5926955.1083,907094,,510010,0,,0,1,,West,2025/2026,BEACH HAVEN ROAD,CRESTA AVENUE,,Non-Injury Crash,No,2025,,East,,0,,Null,,,,,,Bright sun,341805,0,0,0,2,,,0,,,,,,Auckland Region,Nil,2-way,Sealed,,0,0,,50,,Null,0,0,,76,Auckland,Nil,,,,,0,0,Urban,1,,,Fine,Null
1779260.9547,5914318.8873,907097,,523300,0,0,0,1,0,North,2025/2026,WHITFORD MARAETAI ROAD,OKARORO DRIVE,,Non-Injury Crash,No,2025,0,South,0,0,1,Hill Road,0,,0,,0,Overcast,718900,0,0,0,2,0,0,0,0,0,,0,0,Auckland Region,Nil,2-way,Sealed,0,0,0,0,80,0,Off,0,0,,76,Auckland,Nil,0,0,0,0,0,0,Open,0,0,0,Light rain,Null
1769332.8089,5892780.7246,907103,,521202,0,,0,1,,South,2024/2025,WALTERS ROAD,LINWOOD ROAD,,Non-Injury Crash,No,2025,,North,,0,,Flat,,,,,,Overcast,807000,0,0,0,2,,,0,,,,,,Auckland Region,Nil,2-way,Sealed,,0,0,,80,,Off,0,0,,76,Auckland,Nil,,,,,0,0,Open,0,,,Light rain,Null
1768771.0992,5902846.0063,907107,,523820,0,0,0,0,0,North,2025/2026,SOUTHERN MOTORWAY,ORAMS OBR,,Non-Injury Crash,Yes,2025,0,South,0,0,0,Flat,1,,0,,0,Bright sun,760122,0,0,0,4,0,0,0,0,0,,0,0,Auckland Region,Nil,1-way,Sealed,0,0,0,0,100,0,Off,0,0,,76,Auckland,Nil,0,0,0,0,1,0,Open,0,0,0,Fine,Null
1756602.4351,5936906.0455,907110,,506903,0,0,0,2,0,East,2025/2026,WAIAKE STREET,BEACH ROAD,,Non-Injury Crash,No,2026,0,North,0,0,0,Flat,0,,0,,0,Twilight,170500,0,0,0,2,0,0,0,0,1,,0,0,Auckland Region,Nil,2-way,Sealed,0,0,0,0,50,0,Off,1,0,,76,Auckland,Nil,0,0,0,0,0,0,Urban,0,0,0,Light rain,Strong wind
1762307.3978,5907096.6258,907111,,524520,0,,0,2,,North,2024/2025,MASSEY ROAD,BUCKLAND ROAD,,Non-Injury Crash,No,2025,,South,,0,,Flat,,,,,,Bright sun,734703,0,0,0,3,,,0,,,,,,Auckland Region,Nil,2-way,Sealed,,0,0,,50,,Off,0,0,,76,Auckland,Nil,,,,,0,0,Urban,0,,,Fine,Null
1752828.0642,5933218.7397,907112,,508807,0,,0,3,,East,2025/2026,ALBANY EXPRESSWAY,BUSH ROAD,,Minor Crash,No,2025,,West,,0,,Hill Road,,,,,,Bright sun,180405,1,0,0,2,,,0,,,,,,Auckland Region,Nil,1-way,Sealed,,0,0,,50,,Off,0,0,,76,Auckland,Nil,,,,,0,0,Urban,0,,,Fine,Null
1772268.0431,5893688.6321,907121,,525530,0,,0,2,,South,2025/2026,SOUTHERN MOTORWAY,SERVICE CENTRE OFF SBD,,Serious Crash,Yes,2025,,South,,0,,Flat,,,,,,Bright sun,808607,2,0,0,2,,,0,,,,,,Auckland Region,Nil,1-way,Sealed,,0,1,,100,,Off,1,0,,76,Auckland,Nil,,,,,0,0,Open,0,,,Fine,Null
1775308.8236,5909009.9785,907125,,523202,0,0,0,0,0,North,2025/2026,SALEYARD ROAD,WHITFORD PARK ROAD,,Minor Crash,No,2025,0,North,0,0,1,Hill Road,0,,0,,0,Bright sun,716601,1,0,0,2,0,0,0,0,0,,0,0,Auckland Region,Nil,2-way,Unsealed,0,0,0,0,50,0,None,0,0,,76,Auckland,Nil,0,0,0,1,0,0,Urban,1,0,0,Fine,Null
1752390.7359,5916573.8705,907126,,517901,0,0,0,1,1,Null,2025/2026,SPRINGLEIGH AVENUE,WOODWARD ROAD,,Non-Injury Crash,No,2025,0,East,0,0,0,Flat,0,,0,,0,Dark,524200,0,0,0,2,0,0,0,0,0,,0,0,Auckland Region,Nil,2-way,Sealed,0,0,0,0,50,0,On,0,0,,76,Auckland,Stop,0,0,0,0,0,0,Urban,0,0,0,Fine,Null
1748095.7758,5912058.153,907128,,511902,0,,0,1,,Null,2025/2026,GOLF ROAD,TITIRANGI ROAD,,Non-Injury Crash,No,2025,,West,,0,,Null,,,,,,Bright sun,293001,0,0,0,1,,,0,,,,,,Auckland Region,Nil,1-way,Sealed,,0,0,,50,,Null,0,0,,76,Auckland,Give way,,,,,0,0,Urban,0,,,Fine,Null
1764318.0447,5912292.8653,907131,,520500,0,,0,1,,East,2025/2026,SOUTHERN MOTORWAY,SYLVIA PARK RAIL OBR,,Non-Injury Crash,Yes,2025,,North,,0,,Flat,,,,,,Bright sun,639500,0,0,0,3,,,0,,,,,,Auckland Region,Bridge,1-way,Sealed,,0,0,,100,,Off,0,0,,76,Auckland,Nil,,,,,1,0,Open,0,,,Fine,Null
1763992.214,5904243.2428,907135,,524604,0,,0,0,,Null,2025/2026,PUHINUI ROAD,PUHINUI ROAD-SH 20B ON RAMP,,Non-Injury Crash,No,2025,,West,,0,,Flat,,,,,,Bright sun,781100,0,0,0,1,,,0,,,,,,Auckland Region,Motorway ramp,1-way,Sealed,,0,0,,60,,Off,0,0,,76,Auckland,Give way,,,,,1,0,Urban,0,,,Fine,Null
1756592.4027,5912641.4167,907136,,518702,0,,0,2,,Null,2025/2026,HILLSBOROUGH ROAD,KELSEY CRESCENT,,Minor Crash,No,2025,,South,,0,,Hill Road,,,,,,Overcast,570600,1,0,0,4,,,0,,,,,,Auckland Region,Nil,2-way,Sealed,,0,0,,50,,Off,0,0,,76,Auckland,Stop,,,,,0,0,Urban,0,,,Fine,Null
1753019.7873,5912488.091,907139,,518902,0,,0,1,,Null,2024/2025,WHITE SWAN ROAD,HILLSBOROUGH ROAD,,Non-Injury Crash,No,2025,,East,,0,,Null,,,,,,Bright sun,586700,0,0,0,2,,,0,,,,,,Auckland Region,Nil,2-way,Sealed,,0,0,,50,,Null,0,0,,76,Auckland,Stop,,,,,0,1,Urban,0,,,Fine,Null
1761991.432,5903437.5034,907140,,524604,0,,0,1,,Null,2024/2025,PUHINUI ROAD,ORRS ROAD,,Minor Crash,Yes,2025,,East,,0,,Flat,,,,,,Dark,781100,1,0,1,2,,,0,,,,,,Auckland Region,Nil,2-way,Sealed,,0,0,,50,,On,0,1,,76,Auckland,Nil,,,,,0,0,Urban,0,,,Fine,Null
1755924.0669,5918538.0039,907144,,515500,0,,0,2,,South,2024/2025,NORTH-WESTERN MOTORWAY,NEWTON ROAD OFF RAMP,,Non-Injury Crash,Yes,2025,,East,,0,,Flat,,,,,,Dark,418500,0,0,0,5,,,0,,,,,,Auckland Region,Nil,1-way,Sealed,,0,0,,80,,On,0,0,,76,Auckland,Nil,,,,,0,0,Open,0,,,Fine,Null
1746436.9929,5920114.0199,907145,,512300,0,,0,1,,South,2025/2026,NORTH-WESTERN MOTORWAY,HENDERSON CK BR,,Minor Crash,Yes,2025,,South,,0,,Flat,,,,,,Overcast,251700,1,0,0,3,,,0,,,,,,Auckland Region,Nil,1-way,Sealed,,0,0,,100,,Off,0,0,,76,Auckland,Nil,,,,,1,0,Open,0,,,Fine,Null
1782347.9138,5900026.1755,907154,,525201,0,0,0,1,0,South,2024/2025,MONUMENT ROAD,PIONEER ROAD,,Non-Injury Crash,No,2024,0,North,0,0,1,Hill Road,0,,0,,0,Overcast,763900,0,0,0,2,0,0,0,0,0,,0,0,Auckland Region,Nil,2-way,Sealed,0,0,0,0,60,0,None,0,0,,76,Auckland,Nil,0,0,0,0,0,0,Urban,0,0,0,Fine,Null
1760395.8837,5907033.1821,907157,,524112,0,,0,1,,Null,2025/2026,BADER DRIVE,MASCOT AVENUE,,Minor Crash,No,2025,,West,,0,,Flat,,Christmas New Year,,,,Overcast,742101,1,0,1,2,,,0,,,,,,Auckland Region,Nil,2-way,Sealed,,0,0,,50,,Off,0,0,,76,Auckland,Give way,,,,,0,0,Urban,0,,,Fine,Strong wind
1769509.0474,5901974.5799,907160,,524901,0,,0,1,,South,2024/2025,SOUTHERN MOTORWAY,HILL ROAD ON RAMP,,Minor Crash,Yes,2025,,North,,0,,Flat,,,,,,Dark,755600,1,0,0,3,,,0,,,,,,Auckland Region,Nil,1-way,Sealed,,0,0,,100,,On,0,0,,76,Auckland,Nil,,,,,0,0,Open,1,,,Fine,Null
1766964.5755,5902067.3344,907166,,524602,0,,0,1,,North,2024/2025,DALGETY DRIVE,BROWNS ROAD,,Non-Injury Crash,No,2024,,North,,0,,Flat,,,,,,Overcast,780407,0,0,0,2,,,0,,,,,,Auckland Region,Nil,2-way,Sealed,,0,0,,50,,Off,1,0,,76,Auckland,Nil,,,,,0,0,Urban,0,,,Fine,Null
1773763.4333,5896909.1384,907168,,525620,0,,0,1,,Null,2024/2025,CLEVEDON ROAD,CAMERON STREET,,Non-Injury Crash,No,2024,,North,,0,,Flat,,,,,,Bright sun,797100,0,0,0,2,,,0,,,,,,Auckland Region,Nil,2-way,Sealed,,0,0,,50,,Null,1,0,,76,Auckland,Give way,,,,,0,0,Urban,0,,,Fine,Null
1757279.5984,5921126.15,907170,,514101,0,,0,2,,Null,2024/2025,LOWER HOBSON STREET,QUAY STREET,,Non-Injury Crash,No,2025,,North,,0,,Flat,,,,,,Dark,433001,0,0,0,2,,,0,,,,,,Auckland Region,Nil,1-way,Sealed,,0,0,,30,,On,0,1,,76,Auckland,Traffic Signals,,,,,0,0,Urban,0,,,Fine,Null
1762816.4849,5906788.6851,907175,,524301,0,,0,1,,East,2025/2026,BUCKLAND ROAD,RAGLAN STREET,,Non-Injury Crash,No,2025,,West,,0,,Flat,,,,,,Bright sun,746700,0,0,0,2,,,0,,,,,,Auckland Region,Nil,2-way,Sealed,,0,0,,50,,Off,0,0,20,76,Auckland,Nil,,,,,0,0,Urban,1,,,Fine,Null
1753082.8254,5914169.2149,907176,,514500,0,,0,3,,West,2025/2026,MAIORO STREET,ROSEVILLE STREET,,Non-Injury Crash,No,2025,,West,,0,,Flat,,,,,,Overcast,376700,0,0,0,5,,,0,,,,,,Auckland Region,Nil,2-way,Sealed,,0,0,,50,,Off,0,0,30,76,Auckland,Nil,,,,,0,0,Urban,0,,,Light rain,Null
1759672.6657,5916843.034,907180,,516001,0,,0,2,,Null,2025/2026,OMAHU ROAD,DROMORNE ROAD,,Non-Injury Crash,No,2025,,South,,0,,Flat,,,,,,Overcast,491700,0,0,0,2,,,0,,,,,,Auckland Region,Nil,2-way,Sealed,,0,0,,50,,Off,0,0,,76,Auckland,Stop,,,,,0,0,Urban,0,,,Light rain,Null
1760638.6041,5908147.4317,907183,,524403,0,0,0,1,0,West,2025/2026,CALTHORP CLOSE,ROBERTSON ROAD,,Non-Injury Crash,No,2025,0,East,0,0,0,Null,0,,0,,0,Dark,731105,0,0,0,2,0,0,0,0,0,,0,0,Auckland Region,Nil,2-way,Sealed,0,0,0,0,30,0,Null,0,0,,76,Auckland,Nil,0,0,0,0,0,0,Urban,0,0,0,Fine,Null
1752257.6005,5918034.7377,907185,,515001,0,,1,1,,West,2024/2025,SH 20,NORTH-WESTERN MOTORWAY,,Non-Injury Crash,Yes,2025,,East,,0,,Flat,,,,,,Overcast,392400,0,0,0,5,,,0,,,,,,Auckland Region,Motorway ramp,1-way,Sealed,,0,0,,100,,Off,0,1,,76,Auckland,Nil,,,,,0,0,Open,0,,,Light rain,Strong wind
1759493.6249,5919359.0471,907191,,515901,1,0,0,0,0,South,2025/2026,TAKUTAI STREET,LICHFIELD ROAD,,Serious Crash,No,2025,0,North,0,0,1,Hill Road,0,,0,,0,Bright sun,456200,0,0,0,2,0,0,0,0,0,,0,0,Auckland Region,Nil,2-way,Sealed,0,0,1,0,30,0,Off,0,0,,76,Auckland,Nil,0,0,0,0,0,0,Urban,1,0,0,Fine,Null
1766548.0825,5913263.0372,907194,,522910,0,0,0,1,0,Null,2024/2025,PAKURANGA ROAD,TI RAKAU DRIVE,,Non-Injury Crash,No,2025,0,South,0,0,1,Flat,0,,0,,1,Dark,684000,0,0,0,1,0,0,0,0,0,,0,0,Auckland Region,Nil,1-way,Sealed,0,0,0,0,50,0,On,0,0,,76,Auckland,Give way,0,0,0,0,0,0,Urban,0,0,0,Light rain,Null
1771705.5752,5899067.6314,907198,,523911,0,0,0,1,0,Null,2024/2025,PORCHESTER ROAD,AIRFIELD ROAD,,Non-Injury Crash,No,2025,0,South,0,0,0,Flat,0,,0,,1,Dark,767004,0,0,0,2,0,0,0,0,0,,0,0,Auckland Region,Nil,2-way,Sealed,0,0,0,0,50,0,On,0,0,,76,Auckland,Give way,0,0,0,0,0,0,Urban,0,0,0,Light rain,Null
1752603.3032,5931393.8936,907200,,508807,0,,0,0,,Null,2024/2025,PAUL MATTHEWS ROAD,OMEGA STREET,,Non-Injury Crash,No,2025,,West,,0,,Flat,,,,,,Bright sun,180809,0,0,0,2,,,0,,,1,,,Auckland Region,Nil,2-way,Sealed,,0,0,,50,,Off,0,0,,76,Auckland,Give way,,,,,0,0,Urban,1,,,Fine,Null
1754439.4966,5930968.699,907202,,508520,0,,0,2,,South,2024/2025,UPPER HARBOUR HWY ON RAMP,SUNSET OBR,,Non-Injury Crash,Yes,2024,,South,,0,,Hill Road,,,,,,Overcast,191107,0,0,0,2,,,0,,,,,,Auckland Region,Nil,1-way,Sealed,,0,0,,100,,Off,0,0,,76,Auckland,Nil,,,,,0,0,Open,0,,,Fine,Null
1769303.8131,5914513.072,907203,,522721,0,,0,2,,South,2025/2026,PAKURANGA ROAD,SIR LLOYD DRIVE,,Non-Injury Crash,No,2026,,South,,0,,Flat,,,,,,Bright sun,680727,0,0,0,6,,,0,,,,,,Auckland Region,Nil,2-way,Sealed,,0,0,,50,,Off,0,0,,76,Auckland,Nil,,,,,0,0,Urban,0,,,Fine,Null
1751960.7569,5948508.3495,907215,,505805,0,,0,2,,Null,2024/2025,HIBISCUS COAST HIGHWAY,HIBISCUS COAST HIGHWAY,,Non-Injury Crash,No,2025,,North,,0,,Flat,,,,,,Bright sun,172300,0,0,0,3,,,0,,,,,,Auckland Region,Nil,2-way,Sealed,,0,0,,50,,Off,0,0,,76,Auckland,Give way,,,,,0,0,Urban,0,,,Fine,Null
1773125.5148,5896433.5438,907217,,525410,0,0,0,1,0,Null,2024/2025,CLEVEDON ROAD,PRICTOR STREET,,Non-Injury Crash,No,2025,0,East,0,0,0,Flat,0,,0,,0,Overcast,793100,0,0,0,1,0,1,0,0,0,,0,0,Auckland Region,Nil,2-way,Sealed,0,0,0,0,50,0,Off,0,0,,76,Auckland,Give way,0,0,0,0,0,0,Urban,0,0,0,Fine,Null
1756249.902,5919248.2354,907221,,515500,0,,0,1,,Null,2024/2025,NEWTON ROAD,GREAT NORTH ROAD,,Non-Injury Crash,No,2025,,North,,0,,Null,,,,,,Unknown,417500,0,0,0,4,,,0,,,,,,Auckland Region,Nil,2-way,Sealed,,0,0,,50,,On,0,0,,76,Auckland,Traffic Signals,,,,,0,0,Urban,1,,,Null,Null
1757151.9916,5925791.8551,907222,,509702,0,,0,1,,South,2024/2025,NORTHERN MOTORWAY,ESMONDE OBR,,Minor Crash,Yes,2025,,South,,0,,Flat,,,,,,Overcast,364602,1,0,1,3,,,0,,,,,,Auckland Region,Nil,1-way,Sealed,,0,0,,100,,Off,0,0,,76,Auckland,Nil,,,,,0,0,Open,0,,,Light rain,Null
1764916.3942,5914715.6536,907224,,520602,0,,0,1,,Null,2022/2023,IRELAND ROAD,LAGOON DRIVE,,Non-Injury Crash,No,2023,,North,,0,,Flat,,,,,,Bright sun,628400,0,0,0,3,,,0,,,,,,Auckland Region,Nil,2-way,Sealed,,0,0,,50,,Off,0,0,,76,Auckland,Traffic Signals,,,,,0,1,Urban,0,,,Fine,None
1773700.3951,5909552.799,907226,,523202,0,0,0,1,0,East,2024/2025,WHITFORD ROAD,FAIRVIEW ROAD,,Non-Injury Crash,No,2025,0,West,0,0,0,Hill Road,0,,0,,0,Dark,717505,0,0,0,2,0,0,0,0,0,,0,1,Auckland Region,Nil,2-way,Sealed,0,0,0,0,60,0,On,0,0,,76,Auckland,Nil,0,0,0,0,0,0,Urban,0,0,0,Fine,Null
1768798.1708,5902784.5541,907233,,524602,0,,0,1,,North,2024/2025,SOUTHERN MOTORWAY,ORAMS OBR,,Non-Injury Crash,Yes,2025,,North,,0,,Flat,,,,,,Twilight,780504,0,0,0,3,,,0,,,,,,Auckland Region,Nil,1-way,Sealed,,0,0,,100,,Off,0,0,,76,Auckland,Nil,,,,,1,0,Open,0,,,Fine,Null
1765481.169,5907262.5402,907234,,522301,0,0,0,1,0,Null,2024/2025,MAXWELL AVENUE,SEYMOUR AVENUE,,Non-Injury Crash,No,2025,0,South,0,0,0,Flat,0,,0,,0,Bright sun,666100,0,0,0,0,0,0,0,0,1,,0,0,Auckland Region,Nil,2-way,Sealed,0,0,0,0,50,0,None,1,0,,76,Auckland,Give way,0,0,0,0,0,0,Urban,0,0,0,Fine,None
1757076.472,5919078.4369,907236,,514301,0,,0,1,,Null,2024/2025,SYMONDS STREET OFF RAMP,SYMONDS STREET,,Non-Injury Crash,No,2024,,West,,0,,Flat,,,,,,Overcast,441200,0,0,0,2,,,0,,,,,,Auckland Region,Bridge,1-way,Sealed,,0,0,,50,,Off,1,0,,76,Auckland,Traffic Signals,,,,,0,0,Urban,0,,,Fine,Null
1765561.6207,5906995.9261,907237,,522301,0,,0,1,,Null,2024/2025,EAST TAMAKI ROAD,GREAT SOUTH ROAD,,Non-Injury Crash,No,2024,,South,,0,,Flat,,,,,,Bright sun,666200,0,0,0,4,,,0,,,,,,Auckland Region,Nil,2-way,Sealed,,0,0,,50,,Off,0,0,,76,Auckland,Traffic Signals,,,,,1,0,Urban,0,,,Fine,Frost
1757258.1051,5916610.4615,907239,,518202,0,,0,2,,East,2024/2025,PORONUI STREET,MOUNT EDEN ROAD,,Non-Injury Crash,No,2024,,East,,0,,Null,,,,,,Unknown,550500,0,0,0,2,,,0,,,,,,Auckland Region,Nil,2-way,Sealed,,0,0,,30,,Null,0,0,,76,Auckland,Nil,,,,,0,0,Urban,0,,,Light rain,Null
1759075.8811,5910408.0256,907240,,524002,0,0,0,1,0,North,2024/2025,CORONATION ROAD,KIWI ESPLANADE,,Non-Injury Crash,No,2025,0,South,0,0,0,Flat,0,,0,,0,Dark,721800,0,0,0,2,0,0,0,0,0,,1,0,Auckland Region,Nil,2-way,Sealed,0,0,0,0,50,0,On,0,0,,76,Auckland,Nil,0,0,0,0,0,0,Urban,0,0,0,Fine,Null
1742707.8027,5902605.0366,907244,,513800,0,0,0,1,0,South,2024/2025,CORNWALLIS ROAD,FIREBREAK ROAD,,Non-Injury Crash,No,2024,0,North,0,0,0,Hill Road,0,,0,,0,Dark,303101,0,0,0,2,0,0,0,0,0,,0,0,Auckland Region,Nil,2-way,Sealed,0,0,0,0,40,0,None,0,0,,76,Auckland,Nil,0,0,0,1,0,0,Urban,0,0,0,Fine,Null
1762131.8638,5920308.7231,907247,,516400,0,0,0,1,0,North,2024/2025,TAMAKI DRIVE,KITEMOANA STREET,,Non-Injury Crash,No,2024,0,South,0,0,0,Flat,0,,0,,1,Twilight,498700,0,0,0,2,0,0,0,0,0,,0,0,Auckland Region,Nil,2-way,Sealed,0,0,0,0,50,0,On,0,0,,76,Auckland,Nil,0,1,0,0,0,0,Urban,0,0,0,Light rain,Null