X,Y,OBJECTID,advisorySpeed,areaUnitID,bicycle,bridge,bus,carStationWagon,cliffBank,crashDirectionDescription,crashFinancialYear,crashLocation1,crashLocation2,crashRoadSideRoad,crashSeverity,crashSHDescription,crashYear,debris,directionRoleDescription,ditch,fatalCount,fence,flatHill,guardRail,holiday,houseOrBuilding,intersection,kerb,light,meshblockId,minorInjuryCount,moped,motorcycle,NumberOfLanes,objectThrownOrDropped,otherObject,otherVehicleType,overBank,parkedVehicle,pedestrian,phoneBoxEtc,postOrPole,region,roadCharacter,roadLane,roadSurface,roadworks,schoolBus,seriousInjuryCount,slipOrFlood,speedLimit,strayAnimal,streetLight,suv,taxi,temporarySpeedLimit,tlaId,tlaName,trafficControl,trafficIsland,trafficSign,train,tree,truck,unknownVehicleType,urban,vanOrUtility,vehicle,waterRiver,weatherA,weatherB
1736694.7968,5982929.1572,907251,,505300,0,,0,3,,Null,2024/2025,RODNEY STREET,TOMAS STREET,,Non-Injury Crash,Yes,2025,,North,,0,,Hill Road,,,,,,Overcast,142600,0,0,0,2,,,0,,,,,,Auckland Region,Nil,2-way,Sealed,,0,0,,50,,Off,0,0,,76,Auckland,Give way,,,,,0,0,Urban,1,,,Light rain,Null
1747290.4108,5919603.1997,907258,,512402,0,,0,1,,Null,2024/2025,TE ATATU ROAD,TE ATATU ROAD OFF RAMP,,Non-Injury Crash,No,2024,,South,,0,,Null,,,,,,Bright sun,253700,0,0,1,3,,,0,,,,,,Auckland Region,Overpass,1-way,Sealed,,0,0,,50,,Null,0,0,,76,Auckland,Traffic Signals,,,,,0,0,Urban,0,,,Fine,Null
1768294.2096,5900581.2267,907262,,525101,0,,0,2,,West,2024/2025,WEYMOUTH ROAD,BOWATER PLACE,,Non-Injury Crash,No,2024,,East,,0,,Flat,,,,,,Dark,771200,0,0,0,2,,,0,,,,,,Auckland Region,Nil,2-way,Sealed,,0,0,,50,,On,0,0,30,76,Auckland,Nil,,,,,0,0,Urban,0,,,Light rain,Null
1766715.6753,5904658.9788,907263,,524604,0,,0,2,,Null,2024/2025,LAMBIE DRIVE,CAVENDISH DRIVE,,Non-Injury Crash,No,2024,,North,,0,,Flat,,,,,,Bright sun,780209,0,0,0,4,,,0,,,,,,Auckland Region,Nil,2-way,Sealed,,0,0,,50,,Off,0,0,,76,Auckland,Traffic Signals,,,,,0,0,Urban,0,,,Fine,Null
1756375.0828,5920242.4786,907267,,514000,0,0,0,1,0,North,2024/2025,NORTHERN MOTORWAY,WELLINGTON OBR,,Non-Injury Crash,Yes,2024,0,South,0,0,0,Flat,1,,0,,0,Overcast,416800,0,0,0,2,0,0,0,0,0,,0,0,Auckland Region,Nil,1-way,Sealed,0,0,0,0,80,0,Off,0,0,,76,Auckland,Nil,0,0,0,0,0,0,Open,0,0,0,Heavy rain,Null
1758177.2936,5913426.5586,907272,,519710,0,,0,1,,West,2024/2025,MOUNT ALBERT ROAD,MANUKAU ROAD,,Minor Crash,No,2025,,West,,0,,Flat,,,,,,Bright sun,596100,1,0,0,2,,,0,,,1,,,Auckland Region,Nil,1-way,Sealed,,0,0,,50,,None,0,0,30,76,Auckland,Nil,,,,,0,0,Urban,0,,,Fine,Null
1751550.3433,5915707.0448,907275,,514401,0,0,0,1,0,Null,2025/2026,BLOCKHOUSE BAY ROAD,HIMIKERA AVENUE,,Minor Crash,No,2025,0,North,0,0,0,Flat,0,,0,,0,Bright sun,382101,1,0,0,2,0,0,0,0,0,,0,1,Auckland Region,Nil,2-way,Sealed,0,0,0,0,50,0,Null,0,0,,76,Auckland,Give way,0,0,0,0,0,0,Urban,0,0,0,Fine,Null
1760248.9621,5916011.3402,907276,,516003,0,,0,2,,East,2024/2025,GREEN LANE EAST,GREEN LANE EAST ON RAMP,,Non-Injury Crash,No,2024,,West,,0,,Flat,,,,,,Bright sun,494902,0,0,0,3,,,0,,,,,,Auckland Region,Nil,1-way,Sealed,,0,0,,50,,Off,0,0,,76,Auckland,Nil,,,,,0,0,Urban,0,,,Fine,Null
1746764.7846,5915326.9708,907280,,511800,0,,0,2,,North,2025/2026,GREAT NORTH ROAD,AWAROA ROAD,,Non-Injury Crash,No,2025,,South,,0,,Hill Road,,,,,,Dark,276400,0,0,0,4,,,0,,,,,,Auckland Region,Nil,2-way,Sealed,,0,0,,50,,On,0,0,,76,Auckland,Nil,,,,,0,0,Urban,0,,,Fine,Null
1771811.3812,5895197.061,907282,,525530,0,,0,1,,East,2025/2026,BEACH ROAD,CHICHESTER DRIVE,,Non-Injury Crash,No,2025,,West,,0,,Null,,,,,,Dark,804901,0,0,0,2,,,0,,,,,,Auckland Region,Nil,2-way,Sealed,,0,0,,50,,Null,0,0,,76,Auckland,Nil,,,,,1,0,Urban,0,,,Fine,Null
1767538.4299,5905513.3762,907283,,524603,0,,0,2,,North,2023/2024,SOUTHERN MOTORWAY,TE IRIRANGI DRIVE ON RAMP,,Non-Injury Crash,Yes,2024,,North,,0,,Flat,,,,,,Overcast,780303,0,0,0,3,,,0,,,,,,Auckland Region,Nil,1-way,Sealed,,0,0,,100,,Off,0,0,,76,Auckland,Nil,,,,,0,0,Open,1,,,Light rain,Null
1759541.9065,5917059.5956,907296,,516001,0,,0,2,,Null,2024/2025,REMUERA ROAD,MARKET ROAD,,Non-Injury Crash,No,2024,,East,,0,,Null,,,,,,Overcast,491400,0,0,0,4,,,0,,,,,,Auckland Region,Nil,2-way,Sealed,,0,0,,50,,Null,0,0,,76,Auckland,Traffic Signals,,,,,0,0,Urban,0,,,Light rain,Null
1746074.6213,5908066.1924,907299,,512801,0,,0,2,,Null,2024/2025,LAINGHOLM DRIVE,DOROTHY ROAD,,Minor Crash,No,2024,,North,,0,,Hill Road,,,,,,Dark,302004,1,0,0,2,,,0,,,,,,Auckland Region,Nil,2-way,Sealed,,0,0,,50,,On,0,0,,76,Auckland,Nil,,,,,0,0,Urban,0,,,Light rain,Null
1772510.8328,5896823.0183,907300,,525420,0,,0,0,,Null,2025/2026,GREAT SOUTH ROAD,SUBWAY ROAD,,Minor Crash,No,2025,,South,,0,,Flat,,,,,,Overcast,792800,1,0,0,4,,,0,,,,,,Auckland Region,Overpass,2-way,Sealed,,0,0,,50,,Off,0,0,40,76,Auckland,Traffic Signals,,,,,0,0,Urban,2,,,Fine,Null
1739332.3734,5914976.7079,907302,,513020,0,0,0,0,0,West,2025/2026,MOUNTAIN ROAD,OPANUKU PIPELINE TRACK,,Non-Injury Crash,No,2025,0,South,0,0,0,Hill Road,0,,0,,0,Bright sun,281800,0,0,0,2,0,0,0,1,0,,0,0,Auckland Region,Nil,2-way,Sealed,0,0,0,0,60,0,Off,0,0,,76,Auckland,Nil,0,0,0,1,0,0,Urban,1,0,0,Fine,Null
1752018.57,5915566.1191,907307,,517902,0,,1,0,,Null,2024/2025,HENDON AVENUE,NEW NORTH ROAD,,Non-Injury Crash,No,2024,,North,,0,,Flat,,,,,,Bright sun,519701,0,0,0,2,,,0,,,,,,Auckland Region,Nil,2-way,Sealed,,0,0,,50,,Off,0,0,,76,Auckland,Traffic Signals,,,,,0,0,Urban,1,,,Fine,Null
1752885.3546,5916617.0932,907309,,517800,0,,0,1,,Null,2022/2023,NEW NORTH ROAD,MOUNT ALBERT ROAD,,Non-Injury Crash,No,2023,,South,,0,,Hill Road,,,,,,Bright sun,527500,0,0,0,4,,,0,,,,,,Auckland Region,Nil,2-way,Sealed,,0,0,,50,,Off,0,0,,76,Auckland,Traffic Signals,,,,,0,1,Urban,0,,,Fine,None
1763929.3145,5920392.5383,907313,,516500,0,0,0,2,0,North,2023/2024,TAMAKI DRIVE,KOHIMARAMA ROAD,,Non-Injury Crash,No,2024,0,North,0,0,0,Flat,0,,0,,0,Dark,501102,0,0,0,2,0,0,0,0,1,,0,0,Auckland Region,Nil,2-way,Sealed,0,0,0,0,50,0,On,0,0,,76,Auckland,Nil,0,0,0,0,0,0,Urban,0,0,0,Null,None
1764985.1986,5916802.8189,907316,,517201,0,,0,2,,Null,2024/2025,MERTON ROAD,MORRIN ROAD,,Non-Injury Crash,No,2025,,East,,0,,Flat,,,,,,Bright sun,464200,0,0,0,1,,,0,,,,,,Auckland Region,Nil,1-way,Sealed,,0,0,,50,,Off,0,0,,76,Auckland,Give way,,,,,0,0,Urban,0,,,Fine,Null
1770410.0359,5907334.5196,907322,,523713,0,,0,2,,South,2024/2025,BELLINGHAM ROAD,WILLIAM RALPH ROAD,,Non-Injury Crash,No,2024,,South,,0,,Flat,,,,,,Bright sun,712401,0,0,0,2,,,0,,,,,,Auckland Region,Nil,2-way,Sealed,,0,0,,50,,Null,0,0,,76,Auckland,Nil,,,,,0,0,Urban,0,,,Fine,Null
1745085.8837,5914919.9653,907323,,512903,0,0,0,1,0,North,2024/2025,BORICH ROAD,SOLEA ROAD,,Non-Injury Crash,No,2024,0,South,0,0,0,Flat,0,,0,,1,Bright sun,278102,0,0,0,2,0,0,0,0,0,,0,0,Auckland Region,Nil,2-way,Sealed,0,0,0,0,50,0,Off,0,0,,76,Auckland,Nil,0,0,0,0,0,0,Urban,0,0,0,Fine,Null
1758208.3478,5913426.05,907327,15,518600,0,,0,2,,Null,2022/2023,MOUNT ALBERT ROAD,MANUKAU ROAD,,Non-Injury Crash,No,2023,,East,,0,,Flat,,,,,,Bright sun,567300,0,0,0,2,,,0,,,,,,Auckland Region,Nil,1-way,Sealed,,0,0,,50,,On,0,0,,76,Auckland,Give way,,,,,0,0,Urban,0,,,Fine,None
1755143.9925,5935902.815,907331,,507101,0,0,1,1,0,West,2024/2025,CARLISLE ROAD,FINCHLEY ROAD,,Minor Crash,No,2025,0,West,0,0,0,Hill Road,0,,0,,0,Bright sun,159201,1,0,0,2,0,0,0,0,1,,0,0,Auckland Region,Nil,2-way,Sealed,0,0,0,0,50,0,Off,0,0,,76,Auckland,Nil,0,0,0,0,0,0,Urban,0,0,0,Fine,Null
1767583.5761,5908715.4019,907338,,523502,0,,0,1,,Null,2025/2026,JOHNSTONES ROAD,TYRONE STREET,,Minor Crash,No,2026,,West,,0,,Flat,,,,,,Bright sun,701400,1,0,0,2,,,0,,,,,,Auckland Region,Nil,2-way,Sealed,,0,0,,30,,Off,0,0,,76,Auckland,Nil,,,,,0,0,Urban,0,,,Fine,Null
1769379.2817,5901039.8987,907340,,524901,0,,0,1,,Null,2025/2026,CLAUDE ROAD,ALFRISTON ROAD,,Non-Injury Crash,No,2026,,East,,0,,Null,,Christmas New Year,,,,Bright sun,757400,0,0,0,2,,,0,,,,,,Auckland Region,Nil,2-way,Sealed,,0,0,,50,,Null,0,0,,76,Auckland,Traffic Signals,,,,,0,1,Urban,0,,,Null,Null
1739667.964,5970572.2952,907342,,506613,0,0,0,1,1,East,2025/2026,KAIPARA FLATS ROAD,LINTON ROAD,,Non-Injury Crash,No,2025,0,West,0,0,1,Null,0,,0,,0,Dark,145600,0,0,0,2,0,0,0,0,0,,0,0,Auckland Region,Nil,2-way,Sealed,0,0,0,0,100,0,None,0,0,,76,Auckland,Nil,0,1,0,0,0,0,Open,0,0,0,Fine,Null
1765076.091,5910496.625,907349,,521803,0,0,0,1,0,Null,2024/2025,PRINCES ST-OTAHUHU OFF RAMP,FRANK GREY PLACE,,Non-Injury Crash,No,2024,0,East,0,0,0,Flat,1,,0,,0,Overcast,790000,0,0,0,2,0,0,0,0,1,,0,0,Auckland Region,Nil,2-way,Sealed,0,0,0,0,50,0,Off,1,0,,76,Auckland,Stop,0,0,0,0,0,0,Urban,0,0,0,Fine,Null
1762513.9812,5912749.6702,907353,,520500,0,,0,1,,Null,2024/2025,GREAT SOUTH ROAD,SOUTH-EASTERN HIGHWAY,,Non-Injury Crash,No,2024,,North,,0,,Flat,,,,,,Bright sun,637300,0,0,0,2,,,0,,,,,,Auckland Region,Nil,2-way,Sealed,,0,0,,50,,Null,0,0,,76,Auckland,Traffic Signals,,,,,1,0,Urban,0,,,Null,Null
1777831.4983,5916347.6356,907357,,523300,0,0,0,2,0,West,2023/2024,SECOND VIEW AVENUE,WAKELIN ROAD,,Non-Injury Crash,No,2024,0,East,0,0,0,Flat,0,,0,,0,Dark,718602,0,0,0,2,0,0,0,0,1,,0,0,Auckland Region,Nil,2-way,Sealed,0,0,0,0,50,0,On,1,0,,76,Auckland,Nil,0,0,0,0,0,0,Urban,0,0,0,Light rain,Null
1764460.9849,5912167.5547,907360,,520500,0,0,0,1,0,South,2024/2025,SOUTHERN MOTORWAY,MOUNT WELLINGTON HWY OFF RAMP,,Non-Injury Crash,Yes,2024,0,North,0,0,0,Flat,1,,0,,0,Dark,639500,0,0,0,3,0,0,0,0,0,,0,0,Auckland Region,Bridge,1-way,Sealed,0,0,0,0,100,0,On,0,0,,76,Auckland,Nil,0,0,0,0,0,0,Open,0,0,0,Fine,Null
1759229.4214,5916701.1187,907362,,516001,0,0,0,1,0,South,2024/2025,SOUTHERN MOTORWAY,MARKET OBR,,Non-Injury Crash,Yes,2025,0,North,0,0,0,Flat,1,,0,,0,Overcast,491700,0,0,0,3,0,0,0,0,0,,0,0,Auckland Region,Nil,1-way,Sealed,0,0,0,0,80,0,Off,0,0,,76,Auckland,Nil,0,0,0,0,0,0,Open,0,0,0,Light rain,Null
1758260.8902,5917732.2488,907364,,515700,0,,0,2,,South,2024/2025,SOUTHERN MOTORWAY,NEWMARKET VDT N,,Non-Injury Crash,Yes,2025,,North,,0,,Flat,,,,,,Dark,443300,0,0,0,3,,,0,,,,,,Auckland Region,Bridge,1-way,Sealed,,0,0,,80,,On,0,0,,76,Auckland,Nil,,,,,1,0,Open,0,,,Fine,Null
1749570.0851,5941061.9571,907367,,506300,0,,0,2,,North,2025/2026,NORTHERN MOTORWAY,BAWDEN OBR,,Non-Injury Crash,Yes,2025,,South,,0,,Flat,,,,,,Bright sun,175902,0,0,0,2,,,0,,,,,,Auckland Region,Nil,1-way,Sealed,,0,0,,100,,Off,0,0,,76,Auckland,Nil,,,,,0,0,Open,0,,,Fine,Null
1771001.9838,5895066.1285,907376,,521201,0,0,0,2,0,North,2025/2026,PICKABERRY AVENUE,SPRINGCREST DRIVE,,Minor Crash,No,2025,0,North,0,0,0,Flat,0,,0,,0,Dark,806700,1,0,0,2,0,0,0,0,1,,0,0,Auckland Region,Nil,2-way,Sealed,0,0,0,0,50,0,On,0,0,,76,Auckland,Nil,0,0,0,0,0,0,Urban,0,0,0,Light rain,Null
1765561.6404,5914456.2622,907381,,520602,0,0,0,1,0,East,2024/2025,KINGS ROAD,TRIPOLI ROAD,,Non-Injury Crash,No,2025,0,West,0,0,0,Flat,0,,0,,0,Overcast,630001,0,0,0,2,0,1,0,0,0,1,0,1,Auckland Region,Speed hump,2-way,Sealed,0,0,0,0,50,0,On,0,0,,76,Auckland,Nil,0,0,0,0,0,0,Urban,0,0,0,Fine,Null
1755027.9999,5913741.9961,907383,,518803,0,,0,2,,Null,2024/2025,DENBIGH AVENUE,DOMINION ROAD,,Non-Injury Crash,No,2025,,West,,0,,Null,,Easter,,,,Dark,582500,0,0,0,2,,,0,,,,,,Auckland Region,Nil,2-way,Sealed,,0,0,,50,,Null,0,0,,76,Auckland,Give way,,,,,0,0,Urban,0,,,Fine,Null
1752056.544,5925328.8929,907384,,510220,0,,0,2,,North,2024/2025,BIRKDALE ROAD,VERRAN ROAD,,Non-Injury Crash,No,2025,,South,,0,,Null,,,,,,Overcast,349905,0,0,0,2,,,0,,,,,,Auckland Region,Nil,2-way,Sealed,,0,0,,50,,Null,0,0,,76,Auckland,Nil,,,,,0,0,Urban,0,,,Fine,Null
1756081.9999,5920497.9961,907394,,514000,0,0,0,1,0,Null,2024/2025,SPRING STREET,SCOTLAND STREET,,Non-Injury Crash,No,2024,0,South,0,0,0,Flat,0,,0,,0,Bright sun,416600,0,0,0,2,0,0,0,0,1,,0,0,Auckland Region,Nil,2-way,Sealed,0,0,0,0,30,0,Off,0,0,,76,Auckland,Give way,0,0,0,0,0,1,Urban,0,0,0,Fine,None
1753885.3994,5925676.5356,907397,,508610,0,,0,3,,South,2025/2026,GLENFIELD ROAD,COROGLEN AVENUE,,Non-Injury Crash,No,2025,,South,,0,,Hill Road,,,,,,Overcast,207200,0,0,0,3,,,0,,,,,,Auckland Region,Nil,2-way,Sealed,,0,0,,50,,On,0,0,,76,Auckland,Nil,,,,,0,0,Urban,0,,,Fine,Null
1764816.8034,5911124.1753,907398,,520500,0,,0,2,,North,2023/2024,SOUTHERN MOTORWAY,OTAHUHU CK BR,,Non-Injury Crash,Yes,2024,,North,,0,,Flat,,,,,,Bright sun,636300,0,0,0,3,,,0,,,,,,Auckland Region,Nil,1-way,Sealed,,0,0,,100,,Off,0,0,,76,Auckland,Nil,,,,,0,0,Open,0,,,Fine,Null
1756427.0038,5924534.3308,907401,,509702,0,,0,1,,West,2024/2025,NORTHERN MOTORWAY,ONEWA OBR ON,,Non-Injury Crash,Yes,2025,,South,,0,,Flat,,,,,,Dark,366700,0,0,0,3,,,0,,,,,,Auckland Region,Nil,1-way,Sealed,,0,0,,100,,On,1,0,,76,Auckland,Nil,,,,,0,0,Open,0,,,Light rain,Null
1765199.2751,5909612.8908,907404,,521803,0,,0,2,,South,2024/2025,SOUTHERN MOTORWAY,TRENWITH OBR,,Minor Crash,Yes,2025,,South,,0,,Flat,,,,,,Bright sun,788500,1,0,0,4,,,0,,,,,,Auckland Region,Nil,1-way,Sealed,,0,0,,100,,Off,0,0,,76,Auckland,Nil,,,,,0,0,Open,0,,,Fine,Null
1735128.7132,5989507.6609,907407,,506660,0,0,0,1,0,West,2025/2026,SH 1,VIPOND ROAD,,Minor Crash,Yes,2025,0,West,0,0,0,Hill Road,1,,0,,0,Dark,135700,1,0,0,2,0,0,0,0,0,,0,0,Auckland Region,Bridge,2-way,Sealed,0,0,0,0,100,0,None,0,0,,76,Auckland,Nil,0,0,0,0,0,0,Open,0,0,0,Light rain,Null
1759467.0389,5917153.7891,907410,,516001,0,,0,0,,South,2025/2026,REMUERA ROAD,WESTBOURNE ROAD,,Minor Crash,No,2025,,North,,0,,Hill Road,,,,,,Bright sun,491200,1,0,1,4,,,0,,,,,,Auckland Region,Nil,2-way,Sealed,,0,0,,50,,Off,0,0,,76,Auckland,Nil,,,,,0,0,Urban,0,,,Fine,Null
1759859.1937,5916105.8609,907412,,516002,0,,0,2,,South,2024/2025,GREEN LANE EAST ON RAMP,SOUTHERN MOTORWAY,,Non-Injury Crash,No,2025,,North,,0,,Flat,,,,,,Unknown,492000,0,0,0,1,,,0,,,,,,Auckland Region,Nil,1-way,Sealed,,0,0,,50,,Null,0,0,,76,Auckland,Nil,,,,,0,0,Urban,0,,,Fine,Null
1758258.3778,5920206.0484,907414,,514103,0,,0,1,,Null,2024/2025,BEACH ROAD,STANLEY STREET,,Non-Injury Crash,No,2025,,East,,0,,Flat,,,,,,Bright sun,438203,0,0,0,4,,,0,,,,,,Auckland Region,Nil,2-way,Sealed,,0,0,,50,,Null,0,0,,76,Auckland,Traffic Signals,,,,,1,0,Urban,0,,,Fine,Null
1742461.4479,5919482.7274,907423,,513211,0,0,0,1,0,North,2024/2025,URLICH DRIVE,LUANDA DRIVE,,Non-Injury Crash,No,2024,0,South,0,0,0,Null,0,Christmas New Year,0,,0,Overcast,235713,0,0,0,2,0,0,0,0,1,,0,0,Auckland Region,Nil,2-way,Sealed,0,0,0,0,30,0,Null,0,0,,76,Auckland,Nil,0,0,0,0,0,1,Urban,0,0,0,Fine,Null
1759910.2745,5909404.3802,907424,,524002,0,,0,1,,Null,2025/2026,MAHUNGA DRIVE,RYMER PLACE,,Non-Injury Crash,No,2025,,South,,0,,Flat,,,,,,Overcast,724102,0,0,0,2,,,0,,,,,,Auckland Region,Nil,2-way,Sealed,,0,0,,50,,Off,0,0,,76,Auckland,Give way,,,,,1,0,Urban,0,,,Fine,None
1751529.8563,5916396.7522,907427,,514900,0,0,0,1,0,Null,2024/2025,BLOCKHOUSE BAY ROAD,GREAT NORTH ROAD,,Minor Crash,No,2025,0,South,0,0,0,Flat,0,,0,,0,Bright sun,384903,1,0,0,4,0,0,0,0,0,,0,0,Auckland Region,Nil,2-way,Sealed,0,0,0,0,50,0,On,0,0,30,76,Auckland,Traffic Signals,0,1,0,0,0,0,Urban,1,0,0,Fine,Null
1771628.7278,5915314.7515,907433,,521602,0,,0,2,,Null,2023/2024,RIDGE ROAD,MELLONS BAY ROAD,,Non-Injury Crash,No,2024,,East,,0,,Hill Road,,,,,,Overcast,646600,0,0,0,3,,,0,,,,,,Auckland Region,Nil,2-way,Sealed,,0,0,,50,,Off,0,0,,76,Auckland,Give way,,,,,0,0,Urban,0,,,Light rain,Null
1761501.6597,5907706.3403,907434,45,524510,0,0,0,0,0,East,2024/2025,GARUS AVENUE,MCNAUGHTON AVENUE,,Non-Injury Crash,No,2025,0,East,0,0,1,Flat,0,Queens Birthday,0,,0,Dark,736702,0,0,0,2,0,0,0,0,0,,0,0,Auckland Region,Nil,2-way,Sealed,0,0,0,0,50,0,On,0,0,,76,Auckland,Nil,0,0,0,0,0,0,Urban,1,0,0,Fine,Null
1760200.5178,5915458.7788,907436,,519400,0,,0,1,,South,2024/2025,GREAT SOUTH ROAD,MATAI ROAD,,Non-Injury Crash,No,2025,,South,,0,,Flat,,,,,,Bright sun,617301,0,0,0,4,,,0,,,,,,Auckland Region,Nil,2-way,Sealed,,0,0,,50,,Off,0,0,,76,Auckland,Nil,,,,,0,0,Urban,1,,,Fine,Null
1757067.1879,5920546.5233,907441,,514102,0,,0,2,,Null,2024/2025,HOBSON STREET,VICTORIA STREET WEST,,Non-Injury Crash,No,2024,,South,,0,,Hill Road,,,,,,Bright sun,433403,0,0,0,4,,,0,,,,,,Auckland Region,Nil,1-way,Sealed,,0,0,,40,,Null,0,0,,76,Auckland,Traffic Signals,,,,,0,0,Urban,0,,,Fine,Null
1747249.8782,5919855.1461,907443,,512300,0,,0,1,,Null,2024/2025,TE ATATU ROAD,TE ATATU ROAD OFF RAMP,,Serious Crash,No,2024,,South,,0,,Flat,,,,,,Bright sun,252000,0,0,0,3,,,0,,,1,,,Auckland Region,Nil,1-way,Sealed,,0,1,,50,,Off,0,0,,76,Auckland,Traffic Signals,,,,,0,0,Urban,0,,,Fine,Null
1759060.9249,5916941.814,907446,,516001,0,,0,1,,South,2025/2026,SOUTHERN MOTORWAY,MARKET ROAD OFF RAMP,,Minor Crash,Yes,2025,,South,,0,,Flat,,,,,,Bright sun,491200,1,0,1,4,,,0,,,,,,Auckland Region,Nil,1-way,Sealed,,0,0,,100,,Off,0,0,,76,Auckland,Nil,,,,,0,0,Open,1,,,Fine,Null
1755857.0071,5919529.5753,907450,,514000,0,,0,0,,Null,2025/2026,PONSONBY ROAD,POLLEN STREET,,Minor Crash,No,2025,,East,,0,,Flat,,,,,,Dark,414500,1,0,0,4,,,0,,,1,,,Auckland Region,Nil,2-way,Sealed,,0,0,,40,,On,0,0,,76,Auckland,Nil,,,,,0,0,Urban,1,,,Fine,Strong wind
1759522.5353,5906236.9502,907451,,524200,1,,0,2,,South,2024/2025,WESTNEY ROAD,KIRKBRIDE ROAD,,Minor Crash,No,2025,,North,,0,,Flat,,,,,,Bright sun,727400,1,0,0,2,,,0,,,,,,Auckland Region,Nil,2-way,Sealed,,0,0,,50,,Off,0,0,,76,Auckland,Nil,,,,,0,0,Urban,0,,,Fine,Null
1766986.9789,5902011.8836,907452,,524602,0,0,0,1,0,North,2024/2025,DALGETY DRIVE,BROWNS ROAD,,Non-Injury Crash,No,2025,0,North,0,0,0,Flat,0,,0,,0,Dark,780407,0,0,0,2,0,0,0,0,0,,0,1,Auckland Region,Nil,2-way,Sealed,0,0,0,0,50,0,On,0,0,,76,Auckland,Nil,0,1,0,0,0,0,Urban,0,0,0,Fine,Null
1753612.2486,5945773.0702,907453,,505906,0,0,0,1,0,Null,2024/2025,WHANGAPARAOA ROAD,THE DRIVE,,Minor Crash,No,2024,0,North,0,0,0,Hill Road,0,,0,,0,Dark,173806,1,0,0,2,0,0,0,0,0,,1,0,Auckland Region,Nil,2-way,Sealed,0,0,0,0,60,0,On,0,0,,76,Auckland,Give way,0,0,0,0,0,0,Urban,0,0,0,Fine,Null
1768850.8577,5899548.1681,907458,,525101,0,,0,2,,Null,2024/2025,MAHIA ROAD,FIELDS ROAD,,Non-Injury Crash,No,2025,,West,,0,,Flat,,,,,,Twilight,770400,0,0,0,2,,,0,,,,,,Auckland Region,Nil,2-way,Sealed,,0,0,,50,,Null,0,0,,76,Auckland,Stop,,,,,0,0,Urban,0,,,Null,Null
1762604.5614,5906772.2651,907461,,524302,0,0,0,1,0,Null,2025/2026,KAIRANGA STREET,RAGLAN STREET,,Minor Crash,No,2025,0,North,0,0,0,Flat,0,,0,,0,Bright sun,745300,1,0,0,2,0,0,0,0,1,,0,0,Auckland Region,Nil,2-way,Sealed,0,0,0,0,30,0,Off,0,0,,76,Auckland,Nil,0,0,0,0,0,0,Urban,1,0,0,Fine,Null
1752237.4211,5937443.5388,907464,,506300,0,0,0,1,0,South,2025/2026,NORTHERN MOTORWAY,WRIGHT OBR,,Minor Crash,Yes,2026,0,South,0,0,0,Flat,1,,0,,0,Twilight,176105,1,0,0,2,0,0,0,0,0,,0,0,Auckland Region,Nil,1-way,Sealed,0,0,0,0,100,0,None,0,0,,76,Auckland,Nil,0,0,0,0,0,0,Open,0,0,0,Fine,Null
1774028.4348,5897536.5292,907465,,525630,0,0,0,2,0,Null,2024/2025,COSGRAVE ROAD,OLD WAIROA ROAD,,Non-Injury Crash,No,2024,0,South,0,0,1,Flat,0,,1,,0,Overcast,795900,0,0,0,2,0,0,0,0,0,,0,0,Auckland Region,Nil,2-way,Sealed,0,0,0,0,50,0,Off,0,0,,76,Auckland,Stop,0,0,0,0,0,0,Urban,0,0,0,Fine,Null
1764113.9933,5918707.5656,907470,,516601,0,,0,2,,Null,2025/2026,KOHIMARAMA ROAD,JOHN RYMER PLACE,,Minor Crash,No,2026,,South,,0,,Flat,,,,,,Overcast,506400,2,0,0,2,,,0,,,,,,Auckland Region,Nil,2-way,Sealed,,0,0,,50,,On,0,0,,76,Auckland,Traffic Signals,,,,,0,0,Urban,0,,,Fine,Null
1744625.3998,5915941.3898,907472,,510800,0,,0,2,,Null,2025/2026,CORBAN AVENUE,HENDERSON VALLEY ROAD,,Minor Crash,No,2025,,North,,0,,Flat,,,,,,Overcast,242502,1,0,0,3,,,0,,,,,,Auckland Region,Nil,2-way,Sealed,,0,0,,50,,Off,0,0,,76,Auckland,Give way,,,,,0,0,Urban,0,,,Fine,Null
1764815.8644,5915897.427,907476,,520301,0,0,0,1,0,Null,2025/2026,MORRIN ROAD,KITSON PLACE,,Non-Injury Crash,No,2025,0,South,0,0,0,Flat,0,,0,,0,Bright sun,627800,0,0,0,2,0,1,0,0,0,,0,0,Auckland Region,Nil,2-way,Sealed,0,0,0,0,50,0,Off,0,0,,76,Auckland,Stop,0,0,0,0,0,0,Urban,0,0,0,Fine,Null
1759024.1059,5912177.5586,907478,,519820,0,,0,1,,Null,2025/2026,ONEHUNGA MALL,CHURCH STREET,,Non-Injury Crash,No,2025,,North,,0,,Flat,,,,,,Dark,601901,0,0,0,2,,,0,,,1,,,Auckland Region,Nil,2-way,Sealed,,0,0,,50,,On,0,1,,76,Auckland,Give way,,,,,0,0,Urban,0,,,Fine,Null
1788039.9422,5908619.4566,907482,,525201,0,0,0,1,0,West,2025/2026,CLEVEDON-KAWAKAWA ROAD,TOWNSON ROAD,,Non-Injury Crash,No,2025,0,West,0,0,0,Flat,0,,0,,0,Bright sun,764700,0,0,0,2,0,0,0,0,0,,0,0,Auckland Region,Nil,2-way,Sealed,0,0,0,0,80,0,None,0,0,,76,Auckland,Nil,0,1,0,0,0,0,Open,0,0,0,Fine,Null