X,Y,OBJECTID,advisorySpeed,areaUnitID,bicycle,bridge,bus,carStationWagon,cliffBank,crashDirectionDescription,crashFinancialYear,crashLocation1,crashLocation2,crashRoadSideRoad,crashSeverity,crashSHDescription,crashYear,debris,directionRoleDescription,ditch,fatalCount,fence,flatHill,guardRail,holiday,houseOrBuilding,intersection,kerb,light,meshblockId,minorInjuryCount,moped,motorcycle,NumberOfLanes,objectThrownOrDropped,otherObject,otherVehicleType,overBank,parkedVehicle,pedestrian,phoneBoxEtc,postOrPole,region,roadCharacter,roadLane,roadSurface,roadworks,schoolBus,seriousInjuryCount,slipOrFlood,speedLimit,strayAnimal,streetLight,suv,taxi,temporarySpeedLimit,tlaId,tlaName,trafficControl,trafficIsland,trafficSign,train,tree,truck,unknownVehicleType,urban,vanOrUtility,vehicle,waterRiver,weatherA,weatherB
1767143.3319,5902007.1252,907483,,524720,0,0,0,1,0,West,2024/2025,BROWNS ROAD,JELLICOE ROAD,,Minor Crash,No,2025,0,West,0,0,0,Flat,0,,0,,0,Overcast,779600,1,0,0,2,0,0,0,0,0,,0,1,Auckland Region,Nil,2-way,Sealed,0,0,0,0,50,0,Off,0,0,,76,Auckland,Nil,0,0,0,0,0,0,Urban,0,0,0,Fine,Strong wind
1771975.4195,5897263.0969,907490,,525420,0,,0,1,,Null,2025/2026,GREAT SOUTH ROAD,TRENTHAM ROAD,,Minor Crash,No,2025,,North,,0,,Flat,,,,,,Overcast,790800,1,0,1,2,,,0,,,,,,Auckland Region,Nil,2-way,Sealed,,0,0,,50,,Off,0,0,,76,Auckland,Stop,,,,,0,0,Urban,0,,,Fine,Null
1756115.4306,5917656.9956,907495,,518102,1,,0,1,,South,2024/2025,DOMINION ROAD,BELLEVUE ROAD,,Minor Crash,No,2025,,South,,0,,Flat,,Easter,,,,Overcast,545900,1,0,0,2,,,0,,,,,,Auckland Region,Nil,2-way,Sealed,,0,0,,50,,Null,0,0,,76,Auckland,Nil,,,,,0,0,Urban,0,,,Fine,Null
1756048.1592,5921054.2615,907496,,515202,0,,0,1,,West,2025/2026,NORTHERN MOTORWAY,VICTORIA PARK VDT N,,Minor Crash,Yes,2025,,South,,0,,Flat,,,,,,Bright sun,425600,1,0,0,2,,,0,,,,,,Auckland Region,Nil,1-way,Sealed,,0,0,,80,,Off,2,0,,76,Auckland,Nil,,,,,0,0,Open,0,,,Fine,Null
1763206.1823,5908280.508,907497,,524402,0,,0,2,,North,2023/2024,SAVILL DRIVE,MASSEY ROAD,,Non-Injury Crash,No,2024,,South,,0,,Flat,,,,,,Bright sun,750000,0,0,0,2,,,0,,,,,,Auckland Region,Nil,2-way,Sealed,,0,0,,50,,Off,0,0,,76,Auckland,Nil,,,,,0,0,Urban,0,,,Fine,None
1757675.0409,5918321.1492,907498,,514302,0,,0,2,,South,2024/2025,SOUTHERN MOTORWAY,KHYBER PASS ROAD ON RAMP,,Non-Injury Crash,Yes,2024,,South,,0,,Hill Road,,,,,,Bright sun,442100,0,0,0,5,,,0,,,,,,Auckland Region,Nil,1-way,Sealed,,0,0,,80,,Off,1,0,,76,Auckland,Nil,,,,,0,0,Open,0,,,Fine,Null
1768012.2686,5885579.9393,907510,,521111,0,,0,2,,North,2024/2025,PAERATA ROAD,CROWN ROAD,,Non-Injury Crash,Yes,2025,,South,,0,,Flat,,,,,,Dark,813601,0,0,0,2,,,0,,,,,,Auckland Region,Nil,2-way,Sealed,,0,0,,60,,None,0,0,,76,Auckland,Nil,,,,,0,0,Urban,0,,,Fine,Null
1770112.4754,5899168.6948,907511,,523911,0,0,0,1,0,South,2024/2025,GREAT SOUTH ROAD,TAKANINI OFF RAMP,,Non-Injury Crash,No,2025,0,South,0,0,0,Flat,0,,0,,0,Overcast,768100,0,0,0,2,1,0,0,0,0,,0,0,Auckland Region,Underpass,1-way,Sealed,0,0,0,0,50,0,Off,0,0,,76,Auckland,Nil,0,0,0,0,0,0,Urban,1,0,0,Fine,Null
1756594.055,5920540.9466,907518,,514102,0,0,0,0,0,Null,2024/2025,HALSEY STREET,VICTORIA STREET WEST,,Minor Crash,No,2025,0,South,0,0,0,Flat,0,,0,,0,Dark,432601,1,1,0,4,0,0,0,0,0,,0,0,Auckland Region,Nil,2-way,Sealed,0,0,0,0,30,0,On,0,0,,76,Auckland,Traffic Signals,1,0,0,0,0,0,Urban,0,0,0,Fine,Null
1748548.2474,5918741.0663,907526,,514801,0,,0,2,,South,2024/2025,NORTH-WESTERN MOTORWAY,PATIKI OBR,,Non-Injury Crash,Yes,2024,,South,,0,,Flat,,,,,,Bright sun,389200,0,0,0,4,,,0,,,,,,Auckland Region,Nil,1-way,Sealed,,0,0,,100,,Off,0,0,,76,Auckland,Nil,,,,,0,0,Open,0,,,Fine,Null
1761503.3906,5913740.3228,907533,,519500,0,,0,1,,Null,2024/2025,WALLS ROAD,STATION ROAD,,Non-Injury Crash,No,2024,,East,,0,,Null,,,,,,Unknown,621400,0,0,0,2,,,0,,,,,,Auckland Region,Nil,2-way,Sealed,,0,0,,50,,Null,0,0,,76,Auckland,Traffic Signals,,,,,1,0,Urban,0,,,Fine,Null
1762712.3239,5907484.5162,907534,,524530,0,,0,2,,South,2023/2024,MASSEY ROAD,VIOLA AVENUE,,Non-Injury Crash,No,2024,,North,,0,,Flat,,,,,,Bright sun,733000,0,0,0,2,,,0,,,,,,Auckland Region,Nil,2-way,Sealed,,0,0,,50,,Off,0,0,,76,Auckland,Nil,,,,,0,0,Urban,0,,,Fine,None
1746124.3505,5925540.0355,907536,,513431,0,0,0,2,0,South,2024/2025,HOBSONVILLE ROAD,SUNCREST DRIVE,,Non-Injury Crash,No,2024,0,South,0,0,0,Flat,0,,0,,0,Dark,223802,0,0,0,2,0,0,0,0,1,,0,0,Auckland Region,Nil,2-way,Sealed,0,0,0,0,50,0,On,0,0,,76,Auckland,Nil,0,0,0,0,0,0,Urban,0,0,0,Fine,Null
1771136.1876,5906188.1199,907539,,523713,0,,0,2,,Null,2024/2025,MURPHYS ROAD,FLAT BUSH SCHOOL ROAD,,Non-Injury Crash,No,2025,,South,,0,,Flat,,,,,,Bright sun,712701,0,0,0,2,,,0,,,,,,Auckland Region,Nil,2-way,Sealed,,0,0,,50,,Off,0,0,,76,Auckland,Nil,,,,,0,0,Urban,0,,,Fine,Null
1770799.3698,5901627.3194,907543,,523814,0,,0,1,,East,2024/2025,ALFRISTON ROAD,PORCHESTER ROAD,,Non-Injury Crash,No,2025,,South,,0,,Flat,,Christmas New Year,,,,Bright sun,759525,0,0,1,4,,,0,,,,,,Auckland Region,Nil,2-way,Sealed,,0,0,,50,,On,0,0,,76,Auckland,Nil,,,,,0,0,Urban,0,,,Fine,None
1741445.1778,5989764.9577,907545,45,506660,0,,0,1,,North,2025/2026,WAITEITEI ROAD,SILVER HILL ROAD,,Minor Crash,No,2025,,South,,0,,Flat,,,,,,Dark,135400,1,0,0,2,,,0,,,,,,Auckland Region,Nil,2-way,Sealed,,0,0,,100,,None,0,0,,76,Auckland,Nil,,,,,0,0,Open,0,,,Light rain,Strong wind
1765442.7803,5906492.1901,907546,,522202,0,0,0,2,0,East,2025/2026,OAKLAND AVENUE,KOLMAR ROAD,,Minor Crash,No,2025,0,East,0,0,0,Flat,0,,0,,0,Dark,663700,1,0,0,0,0,0,0,0,1,,0,0,Auckland Region,Nil,2-way,Sealed,0,0,0,0,50,0,On,0,0,,76,Auckland,Nil,0,0,0,1,0,0,Urban,1,0,0,Fine,Null
1766572.1133,5904646.2012,907548,,524603,0,,0,1,,East,2022/2023,CAVENDISH DRIVE,LAMBIE DRIVE,,Non-Injury Crash,No,2023,,East,,0,,Flat,,,,,,Bright sun,780202,0,0,0,2,,,0,,,,,,Auckland Region,Nil,2-way,Sealed,,0,0,,50,,Off,0,0,,76,Auckland,Give way,,,,,0,1,Urban,0,,,Fine,None
1760656.9522,5914887.5856,907551,,519400,0,,0,2,,Null,2023/2024,GREAT SOUTH ROAD,WAIOHUA ROAD,,Non-Injury Crash,No,2024,,North,,0,,Flat,,,,,,Bright sun,619600,0,0,0,4,,,0,,,,,,Auckland Region,Nil,2-way,Sealed,,0,0,,50,,Off,0,0,,76,Auckland,Give way,,,,,0,0,Urban,0,,,Fine,Null
1761617.1447,5903318.3463,907563,,524604,0,0,0,1,0,East,2023/2024,PUHINUI ROAD,AIRPORT LOOKOUT WBD ENT,,Non-Injury Crash,Yes,2024,0,East,0,0,0,Flat,1,,0,,0,Overcast,781100,0,0,0,2,0,0,0,0,0,,0,0,Auckland Region,Nil,2-way,Sealed,0,0,0,0,80,0,Off,0,0,30,76,Auckland,Nil,0,0,0,0,0,0,Open,0,0,0,Light rain,Null
1762903.0803,5905644.2631,907567,,524302,0,,0,1,,Null,2024/2025,PORTAGE ROAD,SELFS ROAD,,Non-Injury Crash,No,2024,,South,,0,,Flat,,,,,,Bright sun,745000,0,0,1,2,,,0,,,,,,Auckland Region,Nil,2-way,Sealed,,0,0,,50,,Off,0,0,30,76,Auckland,Give way,,,,,0,0,Urban,0,,,Fine,Null
1770613.5095,5904372.4287,907575,,523820,0,,0,1,,South,2023/2024,REDOUBT ROAD,MURPHYS ROAD,,Non-Injury Crash,No,2024,,South,,0,,Flat,,,,,,Bright sun,760000,0,0,0,2,,,0,,,,,,Auckland Region,Nil,2-way,Sealed,,0,0,,60,,Off,0,0,,76,Auckland,Nil,,,,,1,0,Urban,0,,,Fine,Null
1752005.1711,5915280.4729,907578,,514401,0,,0,0,,North,2024/2025,BOLLARD AVENUE,WAITATI PLACE,,Minor Crash,No,2025,,West,,0,,Flat,,,,,,Overcast,380100,1,0,0,2,,,0,,,1,,,Auckland Region,Nil,2-way,Sealed,,0,0,,50,,Off,1,0,,76,Auckland,Nil,,,,,0,0,Urban,0,,,Fine,Null
1764337.3299,5914721.9931,907582,,520303,0,,0,1,,North,2024/2025,MOUNT WELLINGTON HIGHWAY,WILLIAM HARVEY PLACE,,Serious Crash,No,2025,,North,,0,,Flat,,,,,,Bright sun,627400,0,0,0,4,,,0,,,1,,,Auckland Region,Nil,2-way,Sealed,,0,1,,50,,Off,0,0,,76,Auckland,Nil,,,,,0,0,Urban,0,,,Fine,Null
1743573.5188,5912885.5548,907586,,512902,0,0,0,1,0,Null,2024/2025,WEST COAST ROAD,PARKER ROAD,,Non-Injury Crash,No,2024,0,East,0,0,1,Flat,0,,0,,0,Dark,279400,0,0,0,2,0,0,0,0,0,,0,0,Auckland Region,Nil,2-way,Sealed,0,0,0,0,60,0,On,0,0,,76,Auckland,Stop,1,0,0,0,0,0,Urban,0,0,0,Fine,Null
1754672.3311,5927051.9326,907589,,508620,0,,0,2,,Null,2024/2025,CORONATION ROAD,BEATRICE AVENUE,,Non-Injury Crash,No,2025,,East,,0,,Null,,,,,,Bright sun,203100,0,0,0,2,,,0,,,,,,Auckland Region,Nil,2-way,Sealed,,0,0,,50,,Null,0,0,,76,Auckland,Give way,,,,,0,0,Urban,0,,,Fine,Null
1768199.9518,5907958.854,907590,,523502,0,,0,2,,North,2023/2024,EAST TAMAKI ROAD,PRESTON ROAD,,Non-Injury Crash,No,2024,,South,,0,,Flat,,,,,,Dark,703800,0,0,0,2,,,0,,,,,,Auckland Region,Nil,2-way,Sealed,,0,0,,50,,On,0,0,,76,Auckland,Nil,,,,,0,0,Urban,0,,,Fine,Null
1756809.5959,5920171.6039,907594,,514102,0,,0,2,,East,2024/2025,COOK STREET,NELSON STREET,,Non-Injury Crash,No,2024,,East,,0,,Hill Road,,,,,,Overcast,434103,0,0,0,3,,,0,,,,,,Auckland Region,Nil,2-way,Sealed,,0,0,,30,,Off,0,1,,76,Auckland,Nil,,,,,0,0,Urban,0,,,Light rain,Null
1763024.9999,5912901.9961,907596,,520402,0,,0,2,,Null,2023/2024,SOUTHERN MOTORWAY,SOUTH-EASTERN HWY OFF RAMP,,Non-Injury Crash,Yes,2024,,East,,0,,Flat,,,,,,Dark,642500,0,0,0,3,,,0,,,,,,Auckland Region,Nil,2-way,Sealed,,0,0,,100,,On,0,0,,76,Auckland,Nil,,,,,0,0,Open,0,,,Fine,None
1756257.5109,5935898.085,907609,,507000,0,0,0,1,1,East,2025/2026,ORCHARD ROAD,OBAN ROAD,,Non-Injury Crash,No,2026,0,North,0,0,1,Flat,0,,0,,1,Twilight,163000,0,0,0,2,0,1,0,0,0,,0,0,Auckland Region,Nil,2-way,Sealed,0,0,0,0,50,0,On,0,0,,76,Auckland,Nil,0,0,0,0,0,0,Urban,0,0,0,Fine,Null
1755992.9695,5923048.8754,907612,,509800,0,,0,1,,South,2024/2025,NORTHERN MOTORWAY,HARBOUR BR N,,Minor Crash,Yes,2024,,South,,0,,Null,,,,,,Dark,359300,1,0,0,2,,,0,,,,,,Auckland Region,Bridge,1-way,Sealed,,0,0,,80,,Null,0,0,,76,Auckland,Nil,,,,,0,1,Open,0,,,Light rain,Null
1753019.3239,5934316.3154,907613,,508701,0,,0,2,,Null,2025/2026,MCCLYMONTS ROAD,ELLIOT ROSE AVENUE,,Non-Injury Crash,No,2025,,West,,0,,Flat,,,,,,Dark,178900,0,0,0,2,,,0,,,,,,Auckland Region,Nil,2-way,Sealed,,0,0,,50,,Null,0,0,,76,Auckland,Give way,,,,,0,0,Urban,0,,,Fine,Null
1741583.7613,5927115.3022,907615,,513701,0,,0,1,,South,2025/2026,SH 16,COATESVILLE-RIVERHEAD HIGHWAY,,Minor Crash,Yes,2026,,South,,0,,Hill Road,,,,,,Bright sun,220200,1,0,0,3,,,0,,,,,,Auckland Region,Nil,2-way,Sealed,,0,0,,80,,Off,1,0,,76,Auckland,Nil,,,,,0,0,Open,0,,,Fine,Null
1769764.0465,5907345.8149,907616,,523713,0,,0,1,,East,2023/2024,ORMISTON ROAD,CHAPEL ROAD,,Non-Injury Crash,No,2024,,West,,0,,Flat,,,,,,Dark,713100,0,0,0,2,,,0,,,,,,Auckland Region,Nil,1-way,Sealed,,0,0,,50,,On,0,0,,76,Auckland,Nil,,,,,0,0,Urban,1,,,Fine,None
1760276.779,5915385.4282,907622,,519400,0,,0,2,,Null,2023/2024,GREAT SOUTH ROAD,CAMPBELL ROAD,,Non-Injury Crash,No,2024,,North,,0,,Flat,,,,,,Overcast,617301,0,0,0,6,,,0,,,,,,Auckland Region,Nil,2-way,Sealed,,0,0,,50,,Off,0,0,,76,Auckland,Traffic Signals,,,,,0,0,Urban,0,,,Fine,Null
1753573.8375,5927968.2249,907623,,508210,0,,0,1,,North,2024/2025,GLENFIELD ROAD,KAIPATIKI ROAD,,Non-Injury Crash,No,2024,,North,,0,,Flat,,,,,,Bright sun,186500,0,0,0,4,,,0,,,1,,,Auckland Region,Nil,2-way,Sealed,,0,0,,50,,Off,0,0,,76,Auckland,Nil,,,,,0,0,Urban,0,,,Fine,Null
1741961.2246,5917004.928,907625,,513102,0,,0,2,,North,2024/2025,CANDIA ROAD,COULTER ROAD,,Non-Injury Crash,No,2025,,South,,0,,Hill Road,,,,,,Dark,238600,0,0,0,2,,,0,,,,,,Auckland Region,Nil,2-way,Sealed,,0,0,,60,,On,0,0,,76,Auckland,Nil,,,,,0,0,Urban,0,,,Fine,Null
1766074.9889,5907286.3836,907634,,522302,0,,0,1,,Null,2024/2025,HUIA ROAD,EAST TAMAKI ROAD,,Non-Injury Crash,No,2025,,North,,0,,Flat,,,,,,Bright sun,667700,0,0,0,3,,,0,,,,,,Auckland Region,Nil,2-way,Sealed,,0,0,,50,,Null,0,0,,76,Auckland,Traffic Signals,,,,,0,0,Urban,1,,,Fine,Null
1753802.4945,5945598.515,907635,,505907,0,0,0,1,0,North,2024/2025,WHANGAPARAOA ROAD,ANEHANA PLACE,,Non-Injury Crash,No,2025,0,North,0,0,0,Flat,0,,0,,0,Bright sun,173308,0,0,0,2,0,1,0,0,0,,0,0,Auckland Region,Nil,2-way,Sealed,0,0,0,0,50,0,Off,0,0,,76,Auckland,Nil,0,0,0,0,1,0,Urban,0,0,0,Fine,Null
1765947.8131,5907812.1189,907636,,522301,0,,0,3,,North,2025/2026,SOUTHERN MOTORWAY,EAST TAMAKI ROAD ON RAMP,,Non-Injury Crash,Yes,2025,,North,,0,,Flat,,,,,,Bright sun,666700,0,0,0,3,,,0,,,,,,Auckland Region,Nil,1-way,Sealed,,0,0,,100,,Off,0,0,,76,Auckland,Nil,,,,,0,0,Open,0,,,Fine,Null
1762281.2881,5906082.7928,907637,,524200,0,,0,1,,South,2025/2026,SOUTH-WESTERN MOTORWAY,MASSEY ROAD OFF RAMP,,Minor Crash,Yes,2025,,North,,0,,Flat,,,,,,Dark,728900,1,0,0,2,,,0,,,,,,Auckland Region,Nil,1-way,Sealed,,0,0,,100,,On,0,0,,76,Auckland,Nil,,,,,0,0,Open,1,,,Fine,Null
1749046.7297,5913449.5382,907640,,511401,0,0,0,1,0,East,2024/2025,TITIRANGI ROAD,SKILGATE AVENUE,,Non-Injury Crash,No,2025,0,East,0,0,0,Flat,0,,0,,0,Dark,263700,0,0,0,2,0,0,0,0,1,,0,0,Auckland Region,Nil,2-way,Sealed,0,0,0,0,50,0,On,1,0,,76,Auckland,Nil,0,0,0,0,0,0,Urban,0,0,0,Light rain,Null
1773022.8502,5906667.8594,907643,,523713,0,0,0,4,0,West,2025/2026,REGIS LANE,KITENGA ROAD,,Non-Injury Crash,No,2025,0,West,0,0,0,Flat,0,,0,,0,Dark,712600,0,0,0,2,0,0,0,0,1,,0,0,Auckland Region,Nil,2-way,Sealed,0,0,0,0,50,0,On,0,0,,76,Auckland,Nil,0,0,0,0,0,0,Urban,0,0,0,Fine,Null
1753307.508,5913075.0245,907644,,518901,0,0,0,1,0,West,2024/2025,BATTERSBY AVENUE,HAYCOCK AVENUE,,Non-Injury Crash,No,2025,0,West,0,0,0,Flat,0,,0,,0,Overcast,584600,0,0,0,2,0,0,0,0,0,,0,1,Auckland Region,Nil,2-way,Sealed,0,0,0,0,50,0,Off,0,0,,76,Auckland,Nil,0,0,0,0,0,0,Urban,0,0,0,Light rain,Null
1755388.1519,5921954.3159,907652,,515202,0,,0,1,,South,2023/2024,NORTHERN MOTORWAY,HARBOUR BR S,,Non-Injury Crash,Yes,2023,,South,,0,,Flat,,,,,,Unknown,423600,0,0,0,2,,,0,,,,,,Auckland Region,Nil,1-way,Sealed,,0,0,,100,,Null,0,0,,76,Auckland,Nil,,,,,0,1,Open,0,,,Null,None
1760653.1668,5915508.5666,907654,,520201,0,0,0,0,0,North,2024/2025,SOUTHERN MOTORWAY,WALPOLE OBR,,Non-Injury Crash,Yes,2024,0,North,0,0,0,Flat,1,,0,,0,Bright sun,613000,0,0,0,4,0,0,0,0,0,,0,0,Auckland Region,Nil,1-way,Sealed,0,0,0,0,100,0,Off,0,0,,76,Auckland,Nil,0,0,0,0,0,0,Open,1,0,0,Fine,Null
1760346.796,5885048.8003,907659,,521122,0,0,0,0,0,Null,2025/2026,KINGSEAT ROAD,GLENBROOK ROAD,,Non-Injury Crash,No,2025,0,South,0,0,1,Flat,0,,0,,1,Dark,810904,0,0,0,1,0,0,0,0,0,,0,0,Auckland Region,Nil,1-way,Sealed,0,0,0,0,80,0,On,0,0,,76,Auckland,Give way,0,0,0,0,0,0,Open,1,0,0,Heavy rain,Null
1764761.8875,5910266.4977,907660,,521801,0,,0,1,,West,2024/2025,PRINCES STREET,HAUMAKO PLACE,,Minor Crash,No,2025,,East,,0,,Flat,,,,,,Bright sun,787601,1,0,0,4,,,0,,,,,,Auckland Region,Nil,2-way,Sealed,,0,0,,50,,Off,0,0,,76,Auckland,Nil,,,,,0,0,Urban,1,,,Fine,Null
1772876.6211,5891386.8136,907661,,521301,0,,0,2,,Null,2025/2026,GREAT SOUTH ROAD,GREAT SOUTH ROAD OFF RAMP,,Non-Injury Crash,Yes,2025,,East,,0,,Flat,,,,,,Overcast,809200,0,0,0,1,,,0,,,,,,Auckland Region,Motorway ramp,1-way,Sealed,,0,0,,60,,Off,0,0,,76,Auckland,Traffic Signals,,,,,0,0,Urban,1,,,Light rain,Null
1763398.6207,5915728.8393,907662,,517202,0,,0,1,,South,2024/2025,LUNN AVENUE,ABBOTTS WAY,,Non-Injury Crash,No,2024,,North,,0,,Flat,,,,,,Bright sun,626304,0,0,0,3,,,0,,,,,,Auckland Region,Nil,2-way,Sealed,,0,0,,50,,Off,0,0,30,76,Auckland,Nil,,,,,1,0,Urban,0,,,Fine,Null
1765905.1819,5900821.2347,907665,,524711,0,,0,0,,Null,2025/2026,ROSCOMMON ROAD,PUSHON PLACE,,Serious Crash,No,2025,,South,,0,,Flat,,,,,,Bright sun,774505,0,0,1,1,,,0,,,,,,Auckland Region,Nil,1-way,Sealed,,0,1,,50,,Off,0,0,,76,Auckland,Give way,,,,,0,0,Urban,0,,,Fine,Null
1765652.4457,5904925.5664,907667,,524603,0,,0,1,,Null,2024/2025,PLUNKET AVENUE,PUHINUI ROAD,,Non-Injury Crash,No,2025,,North,,0,,Flat,,,,,,Twilight,673401,0,0,0,2,,,0,,,,,,Auckland Region,Nil,2-way,Sealed,,0,0,,50,,On,0,0,,76,Auckland,Give way,,,,,0,0,Urban,1,,,Fine,Null
1751571.5825,5915041.4795,907668,,514401,0,0,0,3,0,North,2023/2024,BLOCKHOUSE BAY ROAD,METHUEN ROAD,,Non-Injury Crash,No,2024,0,South,0,0,0,Flat,0,,0,,0,Dark,380200,0,0,0,2,0,0,0,0,1,,0,0,Auckland Region,Nil,2-way,Sealed,0,0,0,0,50,0,On,0,0,,76,Auckland,Nil,0,0,0,0,0,0,Urban,0,0,0,Fine,Null
1753375.0449,5875627.0316,907673,,526103,0,0,0,0,0,South,2025/2026,DOMAIN STREET,KIRK STREET,,Non-Injury Crash,No,2025,0,North,0,0,0,Flat,0,,0,,0,Bright sun,837600,0,0,0,2,0,0,0,0,0,,0,1,Auckland Region,Nil,2-way,Sealed,0,0,0,0,50,0,Off,0,0,,76,Auckland,Nil,0,0,0,0,1,0,Urban,0,0,0,Fine,Null
1769163.6041,5911497.9777,907677,,523113,0,,0,1,,West,2025/2026,TI RAKAU DRIVE,JOSEPHS WAY,,Non-Injury Crash,No,2025,,South,,0,,Null,,,,,,Bright sun,711703,0,0,0,3,,,0,,,,,,Auckland Region,Nil,1-way,Sealed,,0,0,,50,,Null,1,0,,76,Auckland,Give way,,,,,0,0,Urban,0,,,Fine,Null
1758118.911,5917863.1468,907686,,515700,0,0,0,1,0,West,2024/2025,GILLIES AVENUE OFF RAMP,GILLIES AVENUE,,Non-Injury Crash,No,2025,0,East,0,0,1,Hill Road,0,,0,,0,Dark,443200,0,0,0,2,0,0,0,0,0,,0,0,Auckland Region,Motorway ramp,2-way,Sealed,0,0,0,0,50,0,On,0,0,,76,Auckland,Nil,0,0,0,0,0,0,Urban,0,0,0,Fine,Null
1756236.9999,5927544.9961,907687,,507900,0,,0,2,,Null,2024/2025,NORTHERN MOTORWAY,NORTHCOTE ROAD OFF RAMP,,Non-Injury Crash,Yes,2025,,South,,0,,Flat,,,,,,Bright sun,305202,0,0,0,3,,,0,,,,,,Auckland Region,Nil,1-way,Sealed,,0,0,,100,,Null,0,0,,76,Auckland,Nil,,,,,0,0,Open,0,,,Fine,Null
1752949.8016,5913522.3795,907691,,514500,0,,0,1,,Null,2024/2025,ROSAMUND AVENUE,BOUNDARY ROAD,,Minor Crash,No,2024,,West,,0,,Hill Road,,,,,,Dark,374400,1,0,1,2,,,0,,,,,,Auckland Region,Nil,2-way,Sealed,,0,0,,50,,On,0,0,,76,Auckland,Stop,,,,,0,0,Urban,0,,,Fine,Null
1764065.1807,5912439.3476,907692,,520500,0,0,0,1,0,North,2023/2024,SOUTHERN MOTORWAY,CLEMOW UNDERPASS,,Non-Injury Crash,Yes,2024,0,North,0,0,0,Flat,1,,0,,0,Dark,639500,0,0,0,2,0,0,0,0,0,,0,0,Auckland Region,Nil,1-way,Sealed,0,0,0,0,100,0,On,0,0,,76,Auckland,Nil,0,0,0,0,0,0,Open,0,0,0,Fine,Null
1763289.6728,5917662.7383,907696,,516302,0,0,0,1,0,West,2024/2025,ST JOHNS ROAD,DORCHESTER STREET,,Non-Injury Crash,No,2024,0,East,0,0,0,Null,0,,0,,0,Unknown,462811,0,0,0,2,0,0,0,0,1,,0,0,Auckland Region,Nil,2-way,Sealed,0,0,0,0,50,0,Null,1,0,,76,Auckland,Nil,0,0,0,0,0,0,Urban,0,0,0,Fine,Null
1754631.3023,5915426.0356,907698,,517702,0,,0,1,,Null,2024/2025,SANDRINGHAM ROAD,PARRY STREET,,Minor Crash,No,2025,,South,,0,,Flat,,,,,,Twilight,541400,1,0,1,2,,,0,,,,,,Auckland Region,Nil,2-way,Sealed,,0,0,,50,,None,0,0,40,76,Auckland,Give way,,,,,0,0,Urban,0,,,Fine,Null
1755665.7551,5925718.2038,907699,,509702,0,0,0,1,0,East,2025/2026,PEARN CRESCENT,LAKE ROAD,,Non-Injury Crash,No,2025,0,South,0,0,0,Flat,0,,1,,0,Overcast,365700,0,0,0,2,0,0,0,0,0,,0,0,Auckland Region,Nil,2-way,Sealed,0,0,0,0,50,0,Off,0,0,,76,Auckland,Nil,0,0,0,0,0,0,Urban,0,0,0,Fine,Null
1755849.6291,5918432.3364,907703,,517500,0,0,0,1,0,West,2024/2025,NORTH-WESTERN MOTORWAY,NEWTON ROAD ON RAMP,,Non-Injury Crash,Yes,2025,0,South,0,0,0,Flat,0,,0,,0,Dark,529300,0,0,0,4,0,0,1,0,0,,0,0,Auckland Region,Nil,1-way,Sealed,0,0,0,0,80,0,On,0,0,70,76,Auckland,Nil,0,0,0,0,0,0,Open,0,1,0,Fine,Null
1765564.0349,5916233.4368,907705,,517100,0,,0,1,,Null,2025/2026,APIRANA AVENUE,PILKINGTON ROAD,,Non-Injury Crash,No,2025,,East,,0,,Flat,,,,,,Bright sun,477900,0,0,0,2,,,0,,,,,,Auckland Region,Speed hump,1-way,Sealed,,0,0,,50,,None,0,0,,76,Auckland,Give way,,,,,1,0,Urban,0,,,Fine,Null
1745197.8246,5919760.6742,907707,,513301,0,,0,2,,West,2025/2026,UNIVERSAL DRIVE,LINCOLN NORTH CPK ENT,,Non-Injury Crash,No,2025,,East,,0,,Flat,,,,,,Bright sun,232001,0,0,0,5,,,0,,,,,,Auckland Region,Nil,2-way,Sealed,,0,0,,50,,Off,0,0,,76,Auckland,Nil,,,,,0,0,Urban,0,,,Fine,Null
1770019.8521,5914707.7334,907713,,522712,0,,0,2,,West,2024/2025,PAKURANGA ROAD,HUTCHINSONS ROAD,,Non-Injury Crash,No,2025,,West,,0,,Flat,,,,,,Twilight,644800,0,0,0,5,,,0,,,,,,Auckland Region,Nil,2-way,Sealed,,0,0,,50,,On,0,0,,76,Auckland,Nil,,,,,0,0,Urban,0,,,Fine,Null
1753436.4083,5933894.4462,907714,,508804,0,0,0,2,0,South,2024/2025,HUGH GREEN DRIVE,ARIRANG RISE,,Non-Injury Crash,No,2024,0,North,0,0,0,Flat,0,,0,,0,Bright sun,180605,0,0,0,2,0,0,0,0,1,,0,0,Auckland Region,Nil,2-way,Sealed,0,0,0,0,50,0,Off,0,0,,76,Auckland,Nil,0,0,0,0,0,0,Urban,0,0,0,Fine,Null
1766993.2154,5905480.2442,907718,,522400,1,,0,1,,West,2024/2025,PUHINUI ROAD,GREAT SOUTH ROAD,,Non-Injury Crash,No,2025,,West,,0,,Flat,,,,,,Twilight,671200,0,0,0,2,,,0,,,,,,Auckland Region,Nil,2-way,Sealed,,0,0,,50,,On,0,0,,76,Auckland,Nil,,,,,0,0,Urban,0,,,Fine,Null