X,Y,OBJECTID,advisorySpeed,areaUnitID,bicycle,bridge,bus,carStationWagon,cliffBank,crashDirectionDescription,crashFinancialYear,crashLocation1,crashLocation2,crashRoadSideRoad,crashSeverity,crashSHDescription,crashYear,debris,directionRoleDescription,ditch,fatalCount,fence,flatHill,guardRail,holiday,houseOrBuilding,intersection,kerb,light,meshblockId,minorInjuryCount,moped,motorcycle,NumberOfLanes,objectThrownOrDropped,otherObject,otherVehicleType,overBank,parkedVehicle,pedestrian,phoneBoxEtc,postOrPole,region,roadCharacter,roadLane,roadSurface,roadworks,schoolBus,seriousInjuryCount,slipOrFlood,speedLimit,strayAnimal,streetLight,suv,taxi,temporarySpeedLimit,tlaId,tlaName,trafficControl,trafficIsland,trafficSign,train,tree,truck,unknownVehicleType,urban,vanOrUtility,vehicle,waterRiver,weatherA,weatherB
1767734.8256,5909880.7854,907719,,523112,0,,0,2,,East,2023/2024,NEILPARK DRIVE,KERWYN AVENUE,,Non-Injury Crash,No,2023,,South,,0,,Flat,,,,,,Overcast,711600,0,0,0,2,,,0,,,,,,Auckland Region,Nil,2-way,Sealed,,0,0,,50,,Off,0,0,,76,Auckland,Nil,,,,,0,0,Urban,0,,,Fine,None
1751223.7263,5912202.9087,907729,,514700,0,0,0,1,0,East,2024/2025,KINROSS STREET,ENDEAVOUR STREET,,Non-Injury Crash,No,2025,0,West,0,0,0,Null,0,,0,,0,Bright sun,368200,0,0,0,2,0,0,0,0,1,,0,0,Auckland Region,Nil,2-way,Sealed,0,0,0,0,50,0,Null,0,0,,76,Auckland,Nil,0,0,0,0,1,0,Urban,0,0,0,Fine,Null
1761370.3403,5914278.5728,907731,,520202,0,,0,2,,Null,2025/2026,ELLERSLIE-PANMURE HIGHWAY,ELLERSLIE-PANMURE HWY ON RAMP,,Non-Injury Crash,No,2025,,North,,0,,Flat,,,,,,Dark,612300,0,0,0,2,,,0,,,,,,Auckland Region,Motorway ramp,1-way,Sealed,,0,0,,50,,On,0,0,,76,Auckland,Give way,,,,,0,0,Urban,0,,,Fine,Null
1767268.2021,5904851.5662,907732,,524603,0,,0,2,,East,2024/2025,CAVENDISH DRIVE,FREEMAN WAY,,Non-Injury Crash,No,2025,,East,,0,,Flat,,,,,,Bright sun,780205,0,0,0,2,,,0,,,,,,Auckland Region,Nil,1-way,Sealed,,0,0,,50,,None,0,0,,76,Auckland,Nil,,,,,0,0,Urban,0,,,Fine,Null
1766925.702,5908268.3235,907733,,523501,0,0,0,2,0,North,2024/2025,ALEXANDER CRESCENT,TE KUPENGA AVENUE,,Non-Injury Crash,No,2025,0,South,0,0,0,Flat,0,,0,,0,Dark,700601,0,0,0,2,0,0,0,0,1,,0,0,Auckland Region,Nil,2-way,Sealed,0,0,0,0,50,0,On,0,0,,76,Auckland,Nil,0,0,0,0,0,0,Urban,0,0,0,Light rain,Null
1768673.2324,5901069.0934,907737,,524901,0,,0,2,,East,2024/2025,GREAT SOUTH ROAD,STATION ROAD,,Non-Injury Crash,No,2025,,East,,0,,Flat,,,,,,Dark,757100,0,0,0,2,,,0,,,,,,Auckland Region,Nil,2-way,Sealed,,0,0,,50,,On,0,0,,76,Auckland,Nil,,,,,0,0,Urban,0,,,Light rain,Null
1766782.9876,5917188.1597,907739,,517002,0,,0,1,,Null,2024/2025,TANIWHA STREET,KESTREL PLACE,,Non-Injury Crash,No,2025,,West,,0,,Null,,,,,,Bright sun,476700,0,0,0,2,,,0,,,,,,Auckland Region,Nil,2-way,Sealed,,0,0,,50,,Null,0,0,,76,Auckland,Give way,,,,,0,1,Urban,0,,,Fine,Null
1748238.3864,5914317.283,907740,,511700,0,,0,1,,North,2025/2026,ARCHIBALD ROAD,NETHERLANDS AVENUE,,Non-Injury Crash,No,2025,,North,,0,,Flat,,,,,,Bright sun,270201,0,0,0,2,,,0,,,,,,Auckland Region,Nil,2-way,Sealed,,0,0,,50,,Off,0,0,,76,Auckland,Nil,,,,,0,0,Urban,1,,,Fine,Null
1751087.9009,5949103.6039,907742,,505805,0,,0,1,,Null,2024/2025,RIVERSIDE ROAD,HATTON ROAD,,Minor Crash,No,2025,,West,,0,,Flat,,,,,,Bright sun,171811,1,0,1,2,,,0,,,,,,Auckland Region,Nil,2-way,Sealed,,0,0,,50,,Off,0,0,,76,Auckland,Give way,,,,,0,0,Urban,0,,,Fine,Null
1758025.6793,5917339.855,907744,,515700,0,,0,2,,Null,2024/2025,GILLIES AVENUE,ALBURY AVENUE,,Non-Injury Crash,No,2024,,North,,0,,Hill Road,,,,,,Bright sun,457700,0,0,0,4,,,0,,,,,,Auckland Region,Nil,2-way,Sealed,,0,0,,50,,Off,0,0,,76,Auckland,Give way,,,,,0,0,Urban,0,,,Fine,Null
1758845.9788,5911779.2676,907746,,519810,0,,0,1,,Null,2025/2026,NEILSON STREET,SELWYN STREET,,Non-Injury Crash,No,2025,,East,,0,,Flat,,,,,,Overcast,602200,0,0,0,4,,,0,,,,,,Auckland Region,Nil,2-way,Sealed,,0,0,,50,,Off,1,0,,76,Auckland,Traffic Signals,,,,,0,0,Urban,0,,,Light rain,Null
1749756.5523,5918037.1364,907748,,514801,0,,0,1,,West,2024/2025,NORTH-WESTERN MOTORWAY,ROSEBANK ROAD ON RAMP,,Non-Injury Crash,Yes,2025,,East,,0,,Flat,,,,,,Overcast,390401,0,0,0,4,,,0,,,,,,Auckland Region,Nil,1-way,Sealed,,0,0,,100,,Off,0,0,,76,Auckland,Nil,,,,,1,0,Open,0,,,Fine,Null
1768195.8701,5881930.4522,907753,,525910,0,0,0,1,0,Null,2024/2025,KAYES ROAD,BEATTY ROAD,,Non-Injury Crash,No,2025,0,South,0,0,1,Flat,0,,0,,0,Dark,817706,0,0,0,2,0,0,0,0,0,,0,0,Auckland Region,Nil,2-way,Sealed,0,0,0,0,50,0,On,0,0,,76,Auckland,Give way,0,0,0,0,0,0,Urban,0,0,0,Fine,Null
1750816.3641,5949849.8219,907756,,505805,0,,0,1,,Null,2025/2026,GRAND DRIVE,WEST HOE ROAD,,Minor Crash,No,2026,,North,,0,,Flat,,,,,,Bright sun,171707,1,0,0,2,,,0,,,1,,,Auckland Region,Nil,2-way,Sealed,,0,0,,50,,Off,0,1,,76,Auckland,Give way,,,,,0,0,Urban,0,,,Fine,Null
1753780.0113,5913634.8079,907759,,518802,0,0,0,1,0,South,2024/2025,RICHARDSON ROAD,NIRVANA WAY,,Non-Injury Crash,No,2025,0,South,0,0,0,Null,0,,0,,0,Dark,579100,0,0,0,2,0,0,0,0,1,,0,0,Auckland Region,Nil,2-way,Null,0,0,0,0,50,0,Null,0,0,,76,Auckland,Nil,0,0,0,0,0,0,Urban,0,0,0,Null,Null
1764662.1622,5911652.9776,907765,,520500,0,,0,1,,South,2024/2025,SOUTHERN MOTORWAY,PANAMA OBR,,Non-Injury Crash,Yes,2025,,North,,0,,Flat,,,,,,Bright sun,636200,0,0,0,3,,,0,,,,,,Auckland Region,Nil,1-way,Sealed,,0,0,,100,,Off,0,0,,76,Auckland,Nil,,,,,1,0,Open,0,,,Fine,Null
1745405.6588,5915786.2267,907768,,510800,0,0,0,2,0,South,2025/2026,RAILSIDE AVENUE,BRUCE MCLAREN ROAD,,Non-Injury Crash,No,2026,0,North,0,0,0,Flat,0,,0,,0,Bright sun,244600,0,0,0,2,0,0,0,0,1,,0,0,Auckland Region,Nil,2-way,Sealed,0,0,0,0,50,0,Off,1,0,,76,Auckland,Nil,0,0,0,0,0,0,Urban,1,0,0,Fine,Null
1754796.4529,5913634.1926,907771,,518803,0,,0,0,,West,2024/2025,SOUTH-WESTERN MOTORWAY,DOMINION OBR,,Non-Injury Crash,Yes,2025,,West,,0,,Flat,,,,,,Dark,581700,0,0,0,3,,,0,,,1,,,Auckland Region,Motorway ramp,1-way,Sealed,,0,0,,100,,On,0,0,,76,Auckland,Nil,,,,,0,1,Open,0,,,Fine,Null
1764688.076,5911614.5816,907772,,520500,0,,0,1,,North,2025/2026,SOUTHERN MOTORWAY,OTAHUHU CK BR,,Non-Injury Crash,Yes,2025,,South,,0,,Flat,,,,,,Twilight,635601,0,0,0,3,,,0,,,,,,Auckland Region,Nil,1-way,Sealed,,0,0,,100,,Off,0,0,,76,Auckland,Nil,,,,,0,0,Open,1,,,Light rain,Null
1769908.5615,5900649.1575,907773,,523816,0,,0,2,,South,2024/2025,SOUTHERN MOTORWAY,ALFRISTON OBR,,Minor Crash,Yes,2024,,South,,0,,Flat,,Christmas New Year,,,,Dark,759734,1,0,0,3,,,0,,,,,,Auckland Region,Nil,1-way,Sealed,,0,0,,100,,On,0,0,,76,Auckland,Nil,,,,,0,0,Open,0,,,Light rain,Null
1759904.3379,5915772.6909,907777,,516003,0,,0,2,,Null,2023/2024,GREEN LANE EAST,GREAT SOUTH ROAD,,Non-Injury Crash,No,2024,,West,,0,,Flat,,,,,,Bright sun,495200,0,0,0,2,,,0,,,,,,Auckland Region,Nil,1-way,Sealed,,0,0,,50,,Off,0,0,,76,Auckland,Traffic Signals,,,,,0,0,Urban,0,,,Fine,Null
1759815.6116,5908883.3555,907781,,524403,0,,0,3,,North,2024/2025,SOUTH-WESTERN MOTORWAY,WALMSLEY OBR,,Minor Crash,Yes,2024,,South,,0,,Flat,,,,,,Bright sun,729600,1,0,0,3,,,0,,,,,,Auckland Region,Nil,1-way,Sealed,,0,0,,100,,Off,0,0,,76,Auckland,Nil,,,,,0,0,Open,0,,,Fine,Null
1755325.0734,5932807.848,907786,,507400,0,,0,2,,North,2023/2024,EAST COAST ROAD,WINDSOR PLACE,,Non-Injury Crash,No,2024,,East,,0,,Hill Road,,,,,,Overcast,152900,0,0,0,4,,,0,,,,,,Auckland Region,Nil,2-way,Sealed,,0,0,,50,,Off,0,0,,76,Auckland,Nil,,,,,0,0,Urban,0,,,Light rain,Null
1780027.1613,5900882.0625,907789,,525201,0,0,0,1,0,Null,2024/2025,PAPAKURA-CLEVEDON ROAD,TOURIST ROAD,,Serious Crash,No,2025,0,South,0,0,1,Flat,0,,0,,0,Bright sun,763300,0,0,0,5,0,0,0,0,0,,0,0,Auckland Region,Nil,2-way,Sealed,0,0,1,0,80,0,Off,0,0,,76,Auckland,Stop,0,0,0,0,0,0,Open,1,0,0,Fine,Null
1751814.9049,5924981.1918,907793,,510401,0,,0,1,,South,2024/2025,RANGATIRA ROAD,ISLAND BAY ROAD,,Non-Injury Crash,No,2024,,South,,0,,Flat,,,,,,Overcast,353700,0,0,0,2,,,0,,,,,,Auckland Region,Nil,2-way,Sealed,,0,0,,50,,Null,1,0,30,76,Auckland,Nil,,,,,0,0,Urban,1,,,Fine,Null
1750304.074,5914166.2743,907794,,511303,0,,0,1,,South,2024/2025,VERONICA STREET,VIC WATSON WAY,,Non-Injury Crash,No,2024,,South,,0,,Flat,,,,,,Bright sun,266100,0,0,0,2,,,0,,,,,,Auckland Region,Nil,2-way,Sealed,,0,0,,50,,Off,0,0,,76,Auckland,Nil,,,,,1,0,Urban,1,,,Fine,Null
1772557.2277,5895335.907,907795,,525530,0,0,0,1,0,West,2024/2025,BEACH ROAD,ARGYLE AVENUE,,Non-Injury Crash,No,2024,0,East,0,0,0,Null,0,,0,,0,Bright sun,804701,0,0,0,2,0,0,0,0,1,,0,0,Auckland Region,Nil,2-way,Sealed,0,0,0,0,50,0,Null,0,0,,76,Auckland,Nil,0,0,0,0,0,1,Urban,0,0,0,Fine,Null
1759972.971,5908406.2356,907796,,524121,0,,0,0,,North,2024/2025,SOUTH-WESTERN MOTORWAY,HALL FTBR,,Non-Injury Crash,Yes,2024,,North,,0,,Flat,,,,,,Bright sun,737000,0,0,0,3,,,0,,,,,,Auckland Region,Nil,1-way,Sealed,,0,0,,100,,Off,1,0,,76,Auckland,Nil,,,,,1,0,Open,0,,,Fine,Null
1772293.9287,5897489.2297,907798,,523912,0,0,0,2,0,Null,2024/2025,PORCHESTER ROAD,KURA CRESCENT,,Non-Injury Crash,No,2024,0,North,0,0,0,Flat,0,,0,,0,Bright sun,766400,0,0,0,2,0,0,0,0,1,,0,0,Auckland Region,Nil,2-way,Sealed,0,0,0,0,50,0,Off,0,0,,76,Auckland,Nil,0,0,0,0,0,0,Urban,0,0,0,Fine,Null
1766645.677,5903851.8644,907799,,524604,0,,0,2,,West,2023/2024,SOUTH-WESTERN MOTORWAY,LAMBIE OBR,,Non-Injury Crash,Yes,2023,,West,,0,,Flat,,,,,,Bright sun,780210,0,0,0,2,,,0,,,,,,Auckland Region,Nil,1-way,Sealed,,0,0,,100,,Off,0,0,,76,Auckland,Nil,,,,,0,0,Open,0,,,Fine,None
1771067.1025,5903855.8626,907801,,523819,0,,0,2,,Null,2023/2024,REDOUBT ROAD,MILL ROAD,,Non-Injury Crash,No,2023,,Null,,0,,Flat,,,,,,Bright sun,760500,0,0,0,2,,,0,,,,,,Auckland Region,Nil,2-way,Sealed,,0,0,,60,,Off,0,0,,76,Auckland,Stop,,,,,0,0,Urban,0,,,Fine,None
1781285.0499,5904003.4786,907803,,525201,0,0,0,1,0,South,2023/2024,PAPAKURA-CLEVEDON ROAD,CLEVEDON-KAWAKAWA ROAD,,Non-Injury Crash,No,2024,0,North,0,0,0,Flat,0,,0,,0,Unknown,762900,0,0,0,2,0,0,0,0,1,,0,0,Auckland Region,Nil,2-way,Sealed,0,0,0,0,50,0,Off,0,0,,76,Auckland,Nil,0,0,0,0,0,1,Urban,0,0,0,Fine,None
1742859.1183,5913492.1101,907804,,513020,0,0,0,1,0,North,2024/2025,FOREST HILL ROAD,KELLYS ROAD,,Minor Crash,No,2025,0,North,0,0,0,Flat,0,,0,,0,Dark,281103,1,0,0,2,0,0,0,1,0,,0,0,Auckland Region,Nil,2-way,Sealed,0,0,0,0,60,0,None,0,0,,76,Auckland,Nil,0,0,0,1,0,0,Urban,0,0,0,Fine,Null
1752943.6107,5934883.1175,907810,,508701,0,0,0,2,0,South,2024/2025,OTEHA VALLEY ROAD OFF RAMP,OTEHA VALLEY ROAD,,Non-Injury Crash,No,2024,0,North,0,0,0,Flat,0,,0,,0,Overcast,179000,0,0,0,2,0,0,0,0,0,,0,0,Auckland Region,Motorway ramp,1-way,Sealed,0,0,0,0,50,0,Off,0,0,,76,Auckland,Nil,0,0,0,0,0,0,Urban,0,1,0,Fine,Null
1758760.6131,5917744.6723,907815,,516001,0,0,0,1,0,Null,2023/2024,REMUERA ROAD,WOOTTON ROAD,,Non-Injury Crash,No,2024,0,South,0,0,0,Hill Road,0,,0,,0,Dark,490703,0,0,0,4,0,0,0,0,0,,0,0,Auckland Region,Nil,2-way,Sealed,0,0,0,0,50,0,On,0,0,,76,Auckland,Traffic Signals,0,1,0,0,0,0,Urban,0,0,0,Light rain,Null
1768754.3991,5904527.6195,907818,,523820,0,,0,2,,Null,2023/2024,EVERGLADE DRIVE,REDOUBT ROAD,,Non-Injury Crash,No,2024,,North,,0,,Flat,,,,,,Bright sun,759901,0,0,0,4,,,0,,,,,,Auckland Region,Nil,2-way,Sealed,,0,0,,50,,On,0,0,,76,Auckland,Traffic Signals,,,,,0,0,Urban,0,,,Fine,None
1766496.1334,5907267.25,907819,,522302,0,,0,2,,South,2023/2024,SOUTHERN MOTORWAY,EAST TAMAKI OBR,,Non-Injury Crash,Yes,2024,,North,,0,,Flat,,,,,,Overcast,667700,0,0,0,3,,,0,,,,,,Auckland Region,Nil,1-way,Sealed,,0,0,,100,,Null,0,0,,76,Auckland,Nil,,,,,0,0,Open,0,,,Fine,Null
1758695.4362,5911594.025,907820,,519810,0,,0,1,,North,2024/2025,SOUTH-WESTERN MOTORWAY,NEILSON STREET ON RAMP,,Non-Injury Crash,Yes,2025,,East,,0,,Flat,,,,,,Bright sun,602501,0,0,0,3,,,0,,,,,,Auckland Region,Nil,1-way,Sealed,,0,0,,100,,Off,0,0,,76,Auckland,Nil,,,,,1,0,Open,0,,,Fine,Null
1769893.5618,5901008.7198,907822,,524902,0,,0,1,,South,2024/2025,SOUTHERN MOTORWAY,ALFRISTON OBR,,Non-Injury Crash,Yes,2024,,North,,0,,Flat,,,,,,Overcast,757700,0,0,0,3,,,0,,,,,,Auckland Region,Nil,1-way,Sealed,,0,0,,100,,Off,0,0,,76,Auckland,Nil,,,,,0,0,Open,1,,,Fine,Null
1755519.1384,5919150.1153,907826,,515420,0,0,0,2,0,Null,2024/2025,TURAKINA STREET,WILLIAMSON AVENUE,,Non-Injury Crash,No,2024,0,North,0,0,0,Hill Road,0,,0,,0,Bright sun,409600,0,0,0,2,0,0,0,0,1,,0,0,Auckland Region,Nil,2-way,Sealed,0,0,0,0,50,0,Off,1,0,,76,Auckland,Stop,0,0,0,0,0,0,Urban,0,0,0,Fine,Null
1765207.5342,5906337.6531,907827,,522201,0,0,0,0,0,West,2024/2025,MARGAN AVENUE,KOLMAR ROAD,,Non-Injury Crash,No,2024,0,North,0,0,0,Flat,0,,0,,0,Overcast,662602,0,0,0,2,0,0,0,0,1,,0,0,Auckland Region,Nil,2-way,Sealed,0,0,0,0,50,0,Off,1,0,,76,Auckland,Nil,0,0,0,0,0,0,Urban,1,0,0,Fine,Null
1756453.234,5920538.0614,907833,,514102,0,0,0,2,0,West,2024/2025,VICTORIA STREET WEST,WELLESLEY STREET WEST,,Minor Crash,No,2025,0,West,0,0,0,Flat,0,,0,,0,Dark,432700,1,0,0,4,0,0,0,0,0,,1,0,Auckland Region,Nil,2-way,Sealed,0,0,0,0,40,0,On,0,0,,76,Auckland,Nil,0,1,0,0,0,0,Urban,0,0,0,Light rain,Null
1763265.2075,5906078.8594,907837,,524302,0,,0,2,,Null,2025/2026,PORTAGE ROAD,TREAGON PLACE,,Minor Crash,No,2025,,South,,0,,Flat,,,,,,Bright sun,746000,2,0,0,2,,,0,,,,,,Auckland Region,Nil,2-way,Sealed,,0,0,,50,,Off,0,0,,76,Auckland,Give way,,,,,0,0,Urban,0,,,Fine,Null
1768427.7558,5901507.692,907840,,525001,0,,0,2,,North,2024/2025,GREAT SOUTH ROAD,CORIN AVENUE,,Non-Injury Crash,No,2025,,North,,0,,Flat,,,,,,Dark,751300,0,0,0,2,,,0,,,,,,Auckland Region,Nil,2-way,Sealed,,0,0,,50,,On,0,0,,76,Auckland,Nil,,,,,0,0,Urban,0,,,Fine,Null
1763083.9508,5915530.2143,907843,,520302,0,,0,0,,Null,2025/2026,MARUA ROAD,STANHOPE ROAD,,Non-Injury Crash,No,2025,,West,,0,,Hill Road,,,,,,Overcast,625400,0,0,1,2,,,0,,,,,,Auckland Region,Nil,2-way,Sealed,,0,0,,50,,Off,1,0,,76,Auckland,Give way,,,,,0,0,Urban,0,,,Fine,Null
1756021.2528,5921057.6497,907844,,515202,0,,0,2,,West,2025/2026,NORTHERN MOTORWAY,VICTORIA PARK TUNNEL N,,Non-Injury Crash,Yes,2025,,North,,0,,Flat,,,,,,Overcast,425600,0,0,0,3,,,0,,,,,,Auckland Region,Nil,1-way,Sealed,,0,0,,80,,Off,0,0,,76,Auckland,Nil,,,,,0,0,Open,0,,,Fine,Null
1765076.9941,5905610.4872,907848,,522202,0,,0,0,,South,2023/2024,WALLACE ROAD,STADIUM LANE,,Non-Injury Crash,No,2023,,East,,0,,Flat,,,,,,Unknown,664700,0,0,0,2,,,0,,,,,,Auckland Region,Nil,2-way,Sealed,,0,0,,50,,On,1,0,,76,Auckland,Nil,,,,,0,0,Urban,0,,,Light rain,None
1744776.2745,5916072.973,907857,,510800,0,,0,1,,Null,2024/2025,HENDERSON VALLEY ROAD,GARELJA ROAD,,Serious Crash,No,2025,,North,,0,,Flat,,,,,,Dark,242501,0,0,1,2,,,0,,,,,,Auckland Region,Nil,2-way,Sealed,,0,1,,50,,On,0,0,,76,Auckland,Stop,,,,,0,0,Urban,0,,,Fine,Null
1764138.4467,5906975.3685,907858,,522201,0,0,0,2,0,South,2025/2026,SWAFFIELD ROAD,MIDDLEMORE CRESCENT,,Non-Injury Crash,No,2026,0,North,0,0,0,Flat,0,,0,,0,Dark,660800,0,0,0,2,0,0,0,0,1,,0,0,Auckland Region,Nil,2-way,Sealed,0,0,0,0,50,0,On,0,0,,76,Auckland,Nil,0,0,0,0,0,0,Urban,0,0,0,Fine,Null
1749011.9916,5969823.4571,907864,,505500,0,0,0,2,0,South,2024/2025,PERCY STREET,PULHAM ROAD,,Non-Injury Crash,No,2025,0,South,0,0,1,Flat,0,,0,,0,Dark,141101,0,0,0,2,0,0,0,0,1,,0,0,Auckland Region,Nil,2-way,Sealed,0,0,0,0,50,0,Null,0,0,,76,Auckland,Nil,0,0,0,0,0,0,Urban,0,0,0,Light rain,Null
1764644.8405,5905710.4116,907865,,522100,0,,0,2,,Null,2025/2026,WYLLIE ROAD,STATION ROAD,,Non-Injury Crash,No,2026,,North,,0,,Hill Road,,,,,,Dark,657800,0,0,0,3,,,0,,,,,,Auckland Region,Nil,2-way,Sealed,,0,0,,50,,On,0,0,,76,Auckland,Give way,,,,,0,0,Urban,0,,,Heavy rain,Null
1754314.9505,5928171.1962,907866,,508310,0,,0,2,,Null,2025/2026,CHIVALRY ROAD,CHARTWELL AVENUE,,Minor Crash,No,2025,,West,,0,,Flat,,,,,,Dark,200600,1,0,0,2,,,0,,,,,,Auckland Region,Nil,2-way,Sealed,,0,0,,50,,On,0,0,,76,Auckland,Traffic Signals,,,,,0,0,Urban,0,,,Fine,Null
1754996.4231,5917754.3414,907867,,517500,0,0,0,0,0,East,2025/2026,NEW NORTH ROAD,WESTERN SPRINGS ROAD,,Non-Injury Crash,No,2025,0,East,0,0,0,Hill Road,0,,0,,1,Overcast,530600,0,0,0,4,0,0,0,0,0,,0,0,Auckland Region,Nil,2-way,Sealed,0,0,0,0,50,0,Off,1,0,,76,Auckland,Nil,0,0,0,0,0,0,Urban,0,0,0,Fine,Null
1757906.9814,5918095.1388,907868,,515700,0,,0,2,,Null,2025/2026,SOUTHERN MOTORWAY,GILLIES AVENUE OFF RAMP,,Non-Injury Crash,Yes,2025,,South,,0,,Flat,,,,,,Bright sun,443200,0,0,0,5,,,0,,,,,,Auckland Region,Nil,1-way,Sealed,,0,0,,80,,Null,0,0,,76,Auckland,Nil,,,,,0,0,Open,0,,,Fine,Null
1734558.0679,5932013.4442,907869,,505605,0,,0,0,,South,2024/2025,WAIKOUKOU VALLEY ROAD,OLD NORTH ROAD,,Non-Injury Crash,No,2025,,South,,0,,Flat,,,,,,Overcast,215700,0,0,0,2,,,0,,,,,,Auckland Region,Nil,2-way,Sealed,,0,0,,80,,None,0,0,,76,Auckland,Nil,,,,,0,0,Open,2,,,Fine,Null
1763919.9889,5910702.0805,907870,,521901,0,0,0,2,0,West,2025/2026,PORTAGE ROAD,ARA TUTAKI,,Serious Crash,No,2026,0,East,0,0,1,Flat,0,,0,,0,Dark,781600,1,0,0,2,0,0,0,0,0,,0,0,Auckland Region,Nil,2-way,Sealed,0,0,2,0,50,0,On,0,0,,76,Auckland,Nil,0,0,0,0,0,0,Urban,0,0,0,Fine,Null
1762689.1897,5905708.7691,907871,,524200,0,0,0,1,0,North,2024/2025,SOUTH-WESTERN MOTORWAY,PORTAGE OBR,,Non-Injury Crash,Yes,2025,0,North,0,0,0,Flat,1,,0,,0,Dark,729100,0,0,0,2,0,0,0,0,0,,0,0,Auckland Region,Nil,1-way,Sealed,0,0,0,0,100,0,On,0,0,,76,Auckland,Nil,0,0,0,0,0,0,Open,0,0,0,Fine,Null
1762286.97,5913495.9678,907873,,520402,0,,0,2,,South,2024/2025,SOUTHERN MOTORWAY,PENROSE OBR,,Non-Injury Crash,Yes,2025,,South,,0,,Flat,,,,,,Dark,642200,0,0,0,3,,,0,,,,,,Auckland Region,Nil,1-way,Sealed,,0,0,,100,,On,0,0,,76,Auckland,Nil,,,,,0,0,Open,0,,,Light rain,Null
1757999.3377,5913479.4285,907874,,518600,0,,0,1,,East,2025/2026,MOUNT ALBERT ROAD,CROWN STREET,,Non-Injury Crash,No,2026,,East,,0,,Flat,,,,,,Bright sun,567300,0,0,0,4,,,0,,,,,,Auckland Region,Nil,2-way,Sealed,,0,0,,50,,Off,0,0,,76,Auckland,Nil,,,,,0,0,Urban,1,,,Fine,Null
1746529.2368,5925973.7759,907878,,513432,0,,0,1,,West,2024/2025,HOBSONVILLE ROAD,HOBSONVILLE ROAD,,Minor Crash,No,2025,,East,,0,,Flat,,,,,,Bright sun,223005,1,0,1,2,,,0,,,,,,Auckland Region,Nil,2-way,Sealed,,0,0,,50,,Off,0,0,,76,Auckland,Nil,,,,,0,0,Urban,0,,,Fine,Null
1772559.8639,5894770.2771,907879,,525530,0,0,0,0,0,South,2025/2026,ROYSTON STREET,ORCHARD RISE,,Non-Injury Crash,No,2025,0,South,0,0,1,Flat,0,,0,,0,Twilight,803601,0,0,0,2,0,0,0,0,0,,0,0,Auckland Region,Nil,2-way,Sealed,0,0,0,0,30,0,On,0,0,,76,Auckland,Nil,0,0,0,0,0,1,Urban,0,0,0,Fine,Null
1765816.629,5900649.8939,907888,,524821,0,0,0,1,0,South,2023/2024,FROBISHER WAY,DORENDIA PLACE,,Non-Injury Crash,No,2023,0,North,0,0,0,Flat,0,,0,,0,Dark,774404,0,0,0,2,0,0,0,0,1,,0,0,Auckland Region,Nil,2-way,Sealed,0,0,0,0,50,0,On,0,0,,76,Auckland,Nil,0,0,0,0,0,0,Urban,1,0,0,Fine,None
1754534.9016,5919522.807,907895,,515410,0,0,0,3,0,North,2024/2025,HAKANOA STREET,RICHMOND ROAD,,Non-Injury Crash,No,2025,0,South,0,0,0,Flat,0,,0,,0,Bright sun,403400,0,0,0,2,0,0,0,0,1,,0,0,Auckland Region,Nil,2-way,Sealed,0,0,0,0,30,0,Off,0,0,,76,Auckland,Nil,0,0,0,0,0,0,Urban,0,0,0,Fine,Null
1759272.285,5912211.2423,907896,,519820,0,,0,1,,West,2024/2025,CHURCH STREET,GALWAY STREET,,Minor Crash,No,2025,,East,,0,,Flat,,,,,,Overcast,602000,1,0,0,2,,,0,,,,,,Auckland Region,Nil,2-way,Sealed,,0,0,,50,,On,0,0,,76,Auckland,Nil,,,,,0,0,Urban,1,,,Light rain,Null
1756086.6493,5923662.9761,907897,,509800,0,,0,1,,North,2024/2025,NORTHERN MOTORWAY,HARBOUR BR N,,Non-Injury Crash,Yes,2025,,South,,0,,Flat,,,,,,Overcast,359100,0,0,0,5,,,0,,,,,,Auckland Region,Nil,1-way,Unsealed,,0,0,,80,,Off,0,0,,76,Auckland,Nil,,,,,1,0,Open,0,,,Light rain,Null
1759055.2354,5916685.3996,907899,,519200,1,,0,1,,North,2025/2026,GREAT SOUTH ROAD,MARKET ROAD,,Minor Crash,No,2025,,South,,0,,Null,,,,,,Unknown,614200,1,0,0,2,,,0,,,,,,Auckland Region,Nil,2-way,Sealed,,0,0,,50,,Null,0,0,,76,Auckland,Nil,,,,,0,0,Urban,0,,,Null,Null
1761737.3238,5906556.2441,907905,,524112,0,,0,0,,Null,2024/2025,MASSEY ROAD,MASSEY ROAD ON RAMP,,Non-Injury Crash,No,2025,,East,,0,,Flat,,,,,,Overcast,742300,0,0,0,6,,,0,,,,,,Auckland Region,Motorway ramp,2-way,Sealed,,0,0,,50,,Null,1,0,,76,Auckland,Traffic Signals,,,,,1,0,Urban,0,,,Heavy rain,Null
1762489.1987,5912740.1332,907906,,519500,0,,0,2,,Null,2023/2024,GREAT SOUTH ROAD,SOUTH-EASTERN HIGHWAY,,Non-Injury Crash,No,2024,,West,,0,,Flat,,,,,,Dark,622200,0,0,0,2,,,0,,,,,,Auckland Region,Nil,1-way,Sealed,,0,0,,50,,Off,0,0,,76,Auckland,Give way,,,,,0,0,Urban,0,,,Fine,None