X,Y,OBJECTID,advisorySpeed,areaUnitID,bicycle,bridge,bus,carStationWagon,cliffBank,crashDirectionDescription,crashFinancialYear,crashLocation1,crashLocation2,crashRoadSideRoad,crashSeverity,crashSHDescription,crashYear,debris,directionRoleDescription,ditch,fatalCount,fence,flatHill,guardRail,holiday,houseOrBuilding,intersection,kerb,light,meshblockId,minorInjuryCount,moped,motorcycle,NumberOfLanes,objectThrownOrDropped,otherObject,otherVehicleType,overBank,parkedVehicle,pedestrian,phoneBoxEtc,postOrPole,region,roadCharacter,roadLane,roadSurface,roadworks,schoolBus,seriousInjuryCount,slipOrFlood,speedLimit,strayAnimal,streetLight,suv,taxi,temporarySpeedLimit,tlaId,tlaName,trafficControl,trafficIsland,trafficSign,train,tree,truck,unknownVehicleType,urban,vanOrUtility,vehicle,waterRiver,weatherA,weatherB
1759341.2123,5918677.3689,907910,,516101,0,,0,2,,Null,2024/2025,SHORE ROAD,BASSETT ROAD,,Non-Injury Crash,No,2025,,North,,0,,Null,,,,,,Overcast,481101,0,0,0,2,,,0,,,,,,Auckland Region,Nil,1-way,Sealed,,0,0,,50,,Null,0,0,,76,Auckland,Give way,,,,,0,0,Urban,0,,,Fine,Null
1756223.6407,5927027.1154,907915,,507900,0,,0,2,,North,2024/2025,NORTHCOTE ROAD,TAKAPUNA GOLF COURSE,,Non-Injury Crash,No,2025,,South,,0,,Flat,,Queens Birthday,,,,Bright sun,305201,0,0,0,4,,,0,,,,,,Auckland Region,Nil,2-way,Sealed,,0,0,,50,,Off,0,0,,76,Auckland,Nil,,,,,0,0,Urban,0,,,Fine,Null
1755057.745,5929191.6864,907930,,508420,0,,0,1,,South,2025/2026,WAIRAU ROAD,TARGET ROAD,,Minor Crash,No,2025,,South,,0,,Hill Road,,,,,,Dark,183800,1,0,0,4,,,0,,,,,,Auckland Region,Nil,2-way,Sealed,,0,0,,50,,On,0,0,,76,Auckland,Nil,,,,,1,0,Urban,0,,,Fine,Null
1745343.0213,5917253.6358,907933,,510800,0,0,0,2,0,North,2024/2025,STEVIES LANE,RAILSIDE AVENUE,,Non-Injury Crash,No,2025,0,South,0,0,0,Flat,0,,0,,0,Dark,241600,0,0,0,1,0,0,0,0,1,,0,0,Auckland Region,Nil,1-way,Sealed,0,0,0,0,50,0,On,0,0,,76,Auckland,Nil,0,0,0,0,0,0,Urban,0,0,0,Fine,Null
1745687.6124,5916988.6705,907935,,510800,0,,0,2,,Null,2024/2025,VITASOVICH AVENUE,EDSEL STREET,,Non-Injury Crash,No,2025,,North,,0,,Null,,,,,,Overcast,243300,0,0,0,2,,,0,,,,,,Auckland Region,Nil,2-way,Sealed,,0,0,,50,,Null,0,0,,76,Auckland,Give way,,,,,0,0,Urban,0,,,Fine,Null
1756957.8336,5920259.6282,907940,,514102,0,0,0,1,0,South,2025/2026,HOBSON STREET,PACIFIC PLACE,,Non-Injury Crash,No,2026,0,South,0,0,0,Flat,0,,1,,0,Overcast,434104,0,0,0,4,0,0,0,0,0,,0,0,Auckland Region,Nil,1-way,Sealed,0,0,0,0,40,0,Off,0,0,,76,Auckland,Nil,0,0,0,0,0,0,Urban,0,0,0,Light rain,Null
1756662.4843,5921649.4703,907942,,514101,0,,0,1,,Null,2025/2026,HAMER STREET,BRIGHAM STREET,,Non-Injury Crash,No,2025,,South,,0,,Flat,,,,,,Twilight,432400,0,0,0,2,,,0,,,,,,Auckland Region,Nil,2-way,Sealed,,0,0,,30,,On,0,0,,76,Auckland,Give way,,,,,1,0,Urban,0,,,Fine,Null
1768840.8364,5901209.8246,907943,,524901,0,,0,2,,East,2025/2026,HILL ROAD,NEWHOOK LANE,,Non-Injury Crash,No,2025,,East,,0,,Flat,,,,,,Twilight,757100,0,0,0,2,,,0,,,,,,Auckland Region,Nil,2-way,Sealed,,0,0,,50,,Off,0,0,,76,Auckland,Nil,,,,,0,0,Urban,0,,,Fine,Frost
1759349.1134,5910772.1614,907946,,524002,0,0,0,1,0,North,2025/2026,SOUTH-WESTERN MOTORWAY,MAHUNGA DRIVE OFF RAMP,,Non-Injury Crash,Yes,2025,0,South,0,0,0,Flat,1,Christmas New Year,0,,0,Dark,722400,0,0,0,4,0,0,0,0,0,,0,0,Auckland Region,Bridge,1-way,Sealed,0,0,0,0,100,0,On,0,0,,76,Auckland,Nil,0,0,0,0,0,0,Open,0,0,0,Fine,Strong wind
1753890.1658,5918277.863,907955,,515432,0,,0,1,,East,2025/2026,NORTH-WESTERN MOTORWAY,ST LUKES OBR,,Non-Injury Crash,Yes,2025,,West,,0,,Flat,,,,,,Bright sun,405500,0,0,0,3,,,0,,,,,,Auckland Region,Nil,1-way,Sealed,,0,0,,100,,Off,0,0,,76,Auckland,Nil,,,,,0,0,Open,1,,,Fine,Null
1759914.2083,5886341.5887,907957,,521122,0,0,0,0,0,North,2025/2026,KINGSEAT ROAD,WAIAU PA ROAD,,Non-Injury Crash,No,2025,0,North,0,0,0,Hill Road,0,,0,,0,Dark,810800,0,0,0,2,0,0,0,0,0,,0,1,Auckland Region,Nil,2-way,Sealed,0,0,0,0,80,0,On,0,0,,76,Auckland,Nil,0,0,0,0,0,0,Open,1,0,0,Heavy rain,Null
1768663.8377,5905312.9364,907958,,523722,0,,0,1,,Null,2025/2026,TE IRIRANGI DRIVE,BOUNDARY ROAD,,Minor Crash,No,2025,,West,,0,,Hill Road,,,,,,Overcast,715910,1,0,0,4,,,0,,,,,,Auckland Region,Nil,2-way,Sealed,,0,0,,50,,Off,1,0,,76,Auckland,Traffic Signals,,,,,0,0,Urban,1,,,Fine,Null
1766130.763,5907596.1603,907959,,522301,0,0,0,1,0,West,2025/2026,EAST TAMAKI ROAD OFF RAMP,SOUTHERN MOTORWAY,,Non-Injury Crash,No,2025,0,West,0,0,0,Flat,1,,0,,0,Dark,666700,0,0,0,1,0,0,0,0,0,,0,0,Auckland Region,Motorway ramp,1-way,Sealed,0,0,0,0,100,0,On,0,0,,76,Auckland,Nil,0,1,0,0,0,0,Open,0,0,0,Fine,Null
1765417.4624,5906757.3681,907960,,522201,0,,0,1,,Null,2024/2025,KOLMAR ROAD,SUTTON CRESCENT,,Non-Injury Crash,No,2025,,South,,0,,Null,,,,,,Bright sun,662500,0,0,0,2,,,0,,,,,,Auckland Region,Nil,2-way,Sealed,,0,0,,50,,Null,0,0,,76,Auckland,Give way,,,,,0,1,Urban,0,,,Fine,Null
1770899.0356,5913654.7038,907961,,523101,0,,0,1,,Null,2025/2026,KURNELL DRIVE,BOTANY ROAD,,Non-Injury Crash,No,2025,,West,,0,,Null,,,,,,Unknown,710700,0,0,0,2,,,0,,,,,,Auckland Region,Nil,2-way,Sealed,,0,0,,50,,Null,1,0,,76,Auckland,Give way,,,,,0,0,Urban,0,,,Fine,Null
1755491.0628,5929149.0684,907962,,508510,0,0,0,1,0,North,2025/2026,NORTHERN MOTORWAY,TRISTRAM OBR,,Minor Crash,Yes,2025,0,South,0,0,0,Flat,1,,0,,0,Bright sun,195200,1,0,0,2,0,0,0,0,0,,0,0,Auckland Region,Nil,1-way,Sealed,0,0,0,0,100,0,Off,0,0,,76,Auckland,Nil,0,0,0,0,0,0,Open,1,0,0,Fine,Null
1766009.938,5908254.1615,907964,,523402,0,0,0,0,0,Null,2025/2026,BAIRDS ROAD,ASHTON AVENUE,,Non-Injury Crash,No,2026,0,East,0,0,0,Flat,0,,0,,0,Dark,697200,0,0,0,2,0,0,0,0,0,,0,0,Auckland Region,Nil,2-way,Sealed,0,0,0,0,50,0,On,0,0,,76,Auckland,Stop,0,0,0,1,0,0,Urban,1,0,0,Light rain,Strong wind
1766539.2074,5913274.4585,907968,,522910,0,,0,1,,Null,2025/2026,PAKURANGA ROAD,TI RAKAU DRIVE,,Non-Injury Crash,No,2025,,West,,0,,Flat,,,,,,Dark,684000,0,0,0,6,,,0,,,,,,Auckland Region,Nil,2-way,Sealed,,0,0,,60,,On,0,0,,76,Auckland,Traffic Signals,,,,,1,0,Urban,0,,,Fine,Null
1745247.0979,5919189.5211,907969,,513301,0,,0,2,,Null,2025/2026,TE PAI PLACE,LINCOLN ROAD,,Non-Injury Crash,No,2025,,West,,0,,Flat,,,,,,Bright sun,230601,0,0,0,2,,,0,,,,,,Auckland Region,Nil,2-way,Sealed,,0,0,,50,,Null,0,0,,76,Auckland,Traffic Signals,,,,,0,0,Urban,0,,,Fine,Null
1765857.7145,5916703.9131,907970,,517100,0,0,0,0,0,East,2025/2026,MAYBURY STREET,DALTON STREET,,Serious Crash,No,2025,0,East,0,0,0,Flat,0,,0,,1,Overcast,477300,0,0,0,2,0,0,0,0,0,,0,0,Auckland Region,Nil,2-way,Sealed,0,0,1,0,50,0,Off,0,0,,76,Auckland,Nil,0,0,0,1,1,0,Urban,0,0,0,Fine,Null
1771510.0541,5899330.9352,907973,,523911,0,0,0,1,0,West,2024/2025,MANUROA ROAD,PORCHESTER ROAD,,Non-Injury Crash,No,2024,0,East,0,0,0,Null,0,,0,,0,Unknown,767100,0,0,0,2,0,0,0,0,1,,0,0,Auckland Region,Nil,2-way,Sealed,0,0,0,0,50,0,Null,0,0,,76,Auckland,Nil,0,0,0,0,0,0,Urban,0,0,0,Null,Null
1767311.3795,5918078.266,907975,,516900,0,,0,1,,West,2024/2025,WEST TAMAKI ROAD,CLAIRVILLE CRESCENT,,Minor Crash,No,2025,,North,,0,,Null,,,,,,Overcast,469300,1,0,0,2,,,0,,,1,,,Auckland Region,Nil,2-way,Sealed,,0,0,,50,,Null,0,0,,76,Auckland,Nil,,,,,0,0,Urban,0,,,Fine,Null
1750497.6288,5950474.2918,907982,,505805,0,0,0,2,0,Null,2025/2026,WEST HOE HEIGHTS,NGAHERE VIEWS,,Non-Injury Crash,No,2025,0,West,0,0,0,Hill Road,0,,0,,0,Bright sun,176409,0,0,0,2,0,0,0,0,0,,0,0,Auckland Region,Nil,2-way,Sealed,0,0,0,0,50,0,Off,0,0,,76,Auckland,Give way,1,0,0,0,0,0,Urban,0,1,0,Fine,Null
1766894.6388,5913366.8554,907984,,522820,0,,0,2,,West,2024/2025,PAKURANGA ROAD,WILLIAM ROBERTS ROAD,,Non-Injury Crash,No,2025,,East,,0,,Hill Road,,Easter,,,,Dark,694800,0,0,0,6,,,0,,,,,,Auckland Region,Nil,2-way,Sealed,,0,0,,50,,On,0,0,40,76,Auckland,Nil,,,,,0,0,Urban,0,,,Fine,Null
1757173.2831,5920603.2754,907986,,514102,0,0,0,2,0,Null,2025/2026,KINGSTON STREET,FEDERAL STREET,,Non-Injury Crash,No,2025,0,West,0,0,0,Flat,0,,0,,0,Bright sun,433401,0,0,0,1,0,0,0,0,1,,0,0,Auckland Region,Nil,1-way,Sealed,0,0,0,0,30,0,Null,0,0,,76,Auckland,Stop,0,0,0,0,0,0,Urban,0,0,0,Fine,Null
1757974.2506,5917120.5391,907991,,515700,0,0,0,1,0,South,2025/2026,GILLIES AVENUE,OWENS ROAD,,Serious Crash,No,2025,0,North,0,0,0,Flat,0,,0,,0,Bright sun,444600,0,0,0,4,0,0,0,0,0,,0,1,Auckland Region,Nil,2-way,Sealed,0,0,1,0,50,0,Off,1,0,,76,Auckland,Nil,0,0,0,0,0,0,Urban,1,0,0,Fine,Null
1747818.6172,5910199.2689,907994,,512000,0,,0,1,,North,2023/2024,OTITORI BAY ROAD,TANEKAHA ROAD,,Non-Injury Crash,No,2024,,North,,0,,Hill Road,,,,,,Bright sun,296100,0,0,0,2,,,0,,,,,,Auckland Region,Nil,2-way,Sealed,,0,0,,50,,Off,0,0,,76,Auckland,Nil,,,,,0,0,Urban,1,,,Fine,Null
1757774.9636,5944763.1007,908002,,505902,0,0,0,2,0,North,2024/2025,BEACH ROAD,WHANGAPARAOA ROAD,,Non-Injury Crash,No,2024,0,North,0,0,0,Null,0,,0,,0,Bright sun,174510,0,0,0,2,0,0,0,0,1,,0,0,Auckland Region,Nil,2-way,Sealed,0,0,0,0,50,0,Null,0,0,,76,Auckland,Nil,0,0,0,0,0,0,Urban,0,0,0,Fine,Null
1746907.5955,5918972.3615,908006,,512402,0,,0,0,,North,2023/2024,TE ATATU ROAD,LYNDHURST ROAD,,Non-Injury Crash,No,2024,,North,,0,,Flat,,,,,,Bright sun,254500,0,0,1,4,,,0,,,,,,Auckland Region,Nil,2-way,Sealed,,0,0,,50,,Off,1,0,,76,Auckland,Nil,,,,,0,0,Urban,0,,,Fine,Null
1751675.7193,5914207.9406,908007,,514402,0,,0,1,,West,2025/2026,TIVERTON ROAD,PITCAIRN PLACE,,Minor Crash,No,2025,,West,,0,,Hill Road,,,,,,Bright sun,380600,1,0,0,4,,,0,,,,,,Auckland Region,Nil,2-way,Sealed,,0,0,,50,,Off,1,0,,76,Auckland,Nil,,,,,0,0,Urban,1,,,Fine,Null
1769026.6889,5901980.4536,908008,35,524901,0,,0,0,,West,2022/2023,GRANDE VUE ROAD,DAVID AVENUE,,Non-Injury Crash,No,2023,,West,,0,,Flat,,Queens Birthday,,,,Unknown,755900,0,0,0,2,,,0,,,,,,Auckland Region,Nil,2-way,Sealed,,0,0,,50,,Off,1,0,,76,Auckland,Nil,,,,,0,0,Urban,1,,,Fine,None
1768440.8621,5901457.5012,908010,,524901,0,,0,2,,Null,2023/2024,GREAT SOUTH ROAD,CORIN AVENUE,,Non-Injury Crash,No,2023,,South,,0,,Flat,,,,,,Bright sun,756100,0,0,0,2,,,0,,,,,,Auckland Region,Nil,2-way,Sealed,,0,0,,50,,Off,0,0,,76,Auckland,Stop,,,,,0,0,Urban,0,,,Light rain,None
1756768.9377,5930010.8514,908017,,507720,0,,0,1,,Null,2023/2024,EAST COAST ROAD,RICHARD AVENUE,,Non-Injury Crash,No,2024,,South,,0,,Hill Road,,,,,,Overcast,311400,0,0,0,2,,,0,,,,,,Auckland Region,Nil,2-way,Sealed,,0,0,,50,,Off,0,0,,76,Auckland,Give way,,,,,0,0,Urban,1,,,Null,Null
1755876.847,5922891.0836,908022,,509800,0,,0,2,,North,2024/2025,NORTHERN MOTORWAY,TOP OF HARBOUR BRIDGE,,Non-Injury Crash,Yes,2025,,North,,0,,Flat,,,,,,Bright sun,359300,0,0,0,2,,,0,,,,,,Auckland Region,Bridge,1-way,Sealed,,0,0,,80,,Off,0,0,,76,Auckland,Nil,,,,,0,0,Open,0,,,Fine,Null
1739337.5399,5938379.6897,908026,,506653,0,,0,0,,Null,2024/2025,OFF ROAD - RIVERHEAD FOREST TRACK,,,Serious Crash,No,2025,,North,,0,,Hill Road,,,,,,Dark,217000,0,0,1,,,,0,,,,,,Auckland Region,Nil,Off road,Unsealed,,0,1,,,,None,0,0,,76,Auckland,Nil,,,,,0,0,Urban,0,,,Fine,Null
1749368.5126,5941249.5958,908027,,506300,0,,0,3,,South,2024/2025,"NORTHERN MOTORWAY, DAIRY FLAT, AUCKLAND",WILKS ROAD,,Non-Injury Crash,Yes,2025,,North,,0,,Flat,,,,,,Bright sun,175902,0,0,0,2,,,0,,,,,,Auckland Region,Nil,1-way,Sealed,,0,0,,100,,Off,0,0,,76,Auckland,Nil,,,,,0,0,Open,0,,,Fine,Null
1767962.7258,5899262.4845,908031,,525102,0,,0,1,,Null,2024/2025,MAHIA ROAD,MCDIVITT STREET,,Serious Crash,No,2025,,Null,,0,,Flat,,,,,,Bright sun,769200,0,0,0,1,,,0,,,,,,Auckland Region,Nil,2-way,Sealed,,0,1,,50,,Off,0,0,,76,Auckland,Give way,,,,,0,1,Urban,0,,,Fine,Null
1779915.7275,5927109.9535,908033,,520801,0,,0,0,,Null,2024/2025,OCEAN VIEW ROAD,MOA AVENUE,,Non-Injury Crash,No,2025,,West,,0,,Flat,,,,,,Bright sun,516100,0,1,0,2,,,0,,,,,,Auckland Region,Nil,2-way,Sealed,,0,0,,40,,Off,0,0,,76,Auckland,Stop,,,,,0,0,Urban,1,,,Fine,Null
1765166.8273,5910769.5413,908035,,521803,0,0,0,2,0,North,2024/2025,CONVOY LANE,LUKE STREET EAST,,Non-Injury Crash,No,2024,0,North,0,0,0,Flat,0,,0,,0,Dark,789802,0,0,0,2,0,0,0,0,2,,0,0,Auckland Region,Nil,2-way,Sealed,0,0,0,0,50,0,On,0,0,,76,Auckland,Nil,0,0,0,0,0,1,Urban,0,0,0,Fine,Null
1767099.779,5905541.4965,908036,,522302,0,,0,0,,Null,2024/2025,GREAT SOUTH ROAD,PUHINUI ROAD,,Non-Injury Crash,No,2024,,South,,0,,Flat,,,,,,Dark,670700,0,0,0,5,,,0,,,,,,Auckland Region,Nil,2-way,Sealed,,0,0,,50,,On,2,0,,76,Auckland,Traffic Signals,,,,,0,0,Urban,0,,,Light rain,Null
1754055.0262,5931368.1144,908037,,508803,0,0,0,0,0,Null,2024/2025,UPPER HARBOUR HIGHWAY,UPPER HARBOUR HWY OFF RAMP,,Non-Injury Crash,Yes,2024,0,West,0,0,0,Flat,0,,0,,0,Dark,180818,0,0,0,2,0,0,0,0,0,,0,0,Auckland Region,Nil,1-way,Sealed,0,0,0,0,50,0,On,0,0,,76,Auckland,Traffic Signals,0,1,0,0,0,0,Urban,1,0,0,Fine,Null
1769246.7601,5905146.7653,908039,,523712,0,0,0,1,0,Null,2024/2025,ASPIRING AVENUE,LOWBURN PLACE,,Non-Injury Crash,No,2024,0,East,0,0,0,Flat,0,,0,,0,Dark,716206,0,0,0,2,0,0,0,0,1,,0,0,Auckland Region,Nil,2-way,Sealed,0,0,0,0,50,0,On,0,0,,76,Auckland,Give way,0,0,0,0,0,0,Urban,1,0,0,Fine,Null
1743298.9528,5918715.4739,908041,,513213,0,,0,2,,Null,2024/2025,METCALFE ROAD,MARTIN JUGUM LANE,,Non-Injury Crash,No,2024,,North,,0,,Flat,,,,,,Overcast,236005,0,0,0,2,,,0,,,,,,Auckland Region,Nil,2-way,Sealed,,0,0,,50,,Off,0,0,,76,Auckland,Stop,,,,,0,0,Urban,0,,,Light rain,Null
1759967.9799,5906269.538,908043,,524111,0,,0,3,,West,2024/2025,MASSEY ROAD,THOMAS ROAD,,Non-Injury Crash,No,2024,,East,,0,,Flat,,,,,,Bright sun,740300,0,0,0,2,,,0,,,,,,Auckland Region,Nil,2-way,Sealed,,0,0,,50,,Off,0,0,40,76,Auckland,Nil,,,,,0,0,Urban,0,,,Fine,Null
1756298.6291,5920867.2364,908044,,514102,0,,1,0,,Null,2024/2025,FANSHAWE STREET,FANSHAWE STREET ON RAMP,,Non-Injury Crash,No,2024,,West,,0,,Flat,,,,,,Unknown,432500,0,0,0,3,,,0,,,,,,Auckland Region,Nil,1-way,Sealed,,0,0,,30,,Null,0,0,,76,Auckland,Traffic Signals,,,,,0,0,Urban,1,,,Fine,Null
1755593.5818,5920010.7068,908048,,515302,0,0,0,1,0,Null,2024/2025,PONSONBY ROAD,VERMONT STREET,,Non-Injury Crash,No,2024,0,North,0,0,0,Flat,0,,0,,0,Dark,431100,0,0,0,4,0,1,0,0,0,,0,0,Auckland Region,Nil,2-way,Sealed,0,0,0,0,40,0,On,0,0,,76,Auckland,Give way,0,1,0,0,0,0,Urban,0,0,0,Light rain,Null
1754449.391,5927010.5295,908050,,508620,0,0,0,2,0,West,2025/2026,CORONATION ROAD,LYNDEN AVENUE,,Non-Injury Crash,No,2025,0,East,0,0,0,Hill Road,0,,0,,0,Dark,205003,0,0,0,2,0,0,0,0,1,,0,0,Auckland Region,Nil,2-way,Sealed,0,0,0,0,50,0,On,0,0,,76,Auckland,Nil,0,0,0,0,0,0,Urban,0,0,0,Fine,Null
1773436.9816,5896645.432,908071,,525620,0,,1,1,,South,2024/2025,CLEVEDON ROAD,SHIRLEY AVENUE,,Non-Injury Crash,No,2025,,South,,0,,Flat,,,,,,Bright sun,797000,0,0,0,2,,,0,,,,,,Auckland Region,Nil,2-way,Sealed,,0,0,,50,,Off,0,0,,76,Auckland,Nil,,,,,0,0,Urban,0,,,Fine,Null
1758143.9744,5920844.3637,908076,,514101,0,0,0,1,0,Null,2025/2026,QUAY STREET,TANGIHUA STREET,,Non-Injury Crash,No,2025,0,West,0,0,0,Flat,0,,0,,0,Dark,438211,0,0,0,5,0,0,0,0,0,,0,0,Auckland Region,Nil,2-way,Sealed,0,0,0,0,40,0,On,0,0,,76,Auckland,Traffic Signals,0,1,0,0,0,0,Urban,0,0,0,Fine,Null
1763252.6603,5908259.7527,908080,,524402,0,,1,1,,Null,2025/2026,SAVILL DRIVE,MASSEY ROAD,,Non-Injury Crash,No,2025,,South,,0,,Flat,,,,,,Overcast,749900,0,0,0,1,,,0,,,,,,Auckland Region,Nil,1-way,Sealed,,0,0,,50,,Off,0,0,,76,Auckland,Give way,,,,,0,0,Urban,0,,,Heavy rain,Null
1747004.0709,5915123.5664,908084,,511800,0,,0,1,,Null,2025/2026,GREAT NORTH ROAD,HEPBURN ROAD,,Minor Crash,No,2025,,West,,0,,Hill Road,,,,,,Bright sun,277902,1,0,0,5,,,0,,,,,,Auckland Region,Nil,2-way,Sealed,,0,0,,50,,Off,0,0,,76,Auckland,Traffic Signals,,,,,0,0,Urban,2,,,Fine,Null
1756450.3622,5924392.7814,908086,,509702,0,0,0,1,0,North,2024/2025,ONEWA ROAD ON RAMP,NORTHERN MOTORWAY,,Minor Crash,No,2025,0,South,0,0,0,Hill Road,1,,0,,0,Overcast,366700,1,0,0,2,0,0,0,0,0,,0,0,Auckland Region,Motorway ramp,1-way,Sealed,0,0,0,0,100,0,Off,0,0,,76,Auckland,Nil,0,0,0,0,0,0,Open,0,0,0,Light rain,Null
1770184.094,5899090.1071,908090,,523920,0,,0,0,,North,2025/2026,GREAT SOUTH ROAD,CHALLEN CLOSE,,Minor Crash,No,2025,,North,,0,,Flat,,,,,,Dark,768005,1,0,0,4,,,0,,,1,,,Auckland Region,Nil,2-way,Sealed,,0,0,,50,,On,0,0,,76,Auckland,Nil,,,,,0,0,Urban,0,,,Fine,Null
1757119.3642,5925959.2163,908091,,509702,0,,0,1,,North,2024/2025,NORTHERN MOTORWAY,ESMONDE OBR,,Non-Injury Crash,Yes,2025,,North,,0,,Flat,,,,,,Overcast,364602,0,0,0,3,,,0,,,,,,Auckland Region,Nil,1-way,Sealed,,0,0,,100,,Off,0,0,,76,Auckland,Nil,,,,,1,0,Open,0,,,Fine,Null
1741026.81,5976557.1989,908092,,506660,0,0,0,1,0,South,2025/2026,SH 1,WAITARAIRE BR,,Non-Injury Crash,Yes,2025,0,North,0,0,0,Flat,1,,0,,0,Dark,136700,0,0,0,2,0,0,0,0,0,,0,0,Auckland Region,Nil,2-way,Sealed,0,0,0,0,80,0,None,0,0,,76,Auckland,Nil,0,0,0,0,0,0,Open,1,0,0,Fine,Null
1756139.0843,5918765.7145,908097,,515500,0,,0,2,,North,2025/2026,NORTH-WESTERN MOTORWAY,WAIMA FTBR,,Non-Injury Crash,Yes,2025,,North,,0,,Flat,,,,,,Overcast,417600,0,0,0,4,,,0,,,,,,Auckland Region,Nil,1-way,Sealed,,0,0,,80,,Off,0,0,,76,Auckland,Nil,,,,,0,0,Open,0,,,Heavy rain,Null
1741463.4061,5922109.5486,908102,,513621,0,0,0,1,0,East,2024/2025,RED HILLS ROAD,SUNNYVALE ROAD,,Non-Injury Crash,No,2025,0,East,1,0,0,Flat,0,,0,,0,Overcast,226601,0,0,0,2,0,0,0,0,0,,0,1,Auckland Region,Nil,2-way,Sealed,0,0,0,0,60,0,Off,0,0,,76,Auckland,Nil,0,0,0,0,0,0,Urban,0,0,0,Light rain,Null
1754684.662,5924768.7546,908105,,510500,0,,0,1,,East,2024/2025,ONEWA ROAD,KAURI GLEN ROAD,,Non-Injury Crash,No,2024,,West,,0,,Flat,,,,,,Bright sun,356202,0,0,0,4,,,0,,,,,,Auckland Region,Nil,2-way,Sealed,,0,0,,50,,Null,1,0,,76,Auckland,Nil,,,,,0,0,Urban,0,,,Fine,Null
1767284.2753,5905147.0009,908106,,524603,0,,0,2,,North,2025/2026,GREAT SOUTH ROAD,RYAN PLACE,,Non-Injury Crash,No,2026,,South,,0,,Flat,,,,,,Twilight,780304,0,0,0,4,,,0,,,,,,Auckland Region,Nil,2-way,Sealed,,0,0,,50,,Off,0,0,,76,Auckland,Nil,,,,,0,0,Urban,0,,,Fine,Null
1757820.3126,5918965.7629,908110,,517400,1,,0,1,,Null,2025/2026,PARK ROAD,DOMAIN DRIVE,,Non-Injury Crash,No,2025,,South,,0,,Null,,,,,,Overcast,449500,1,0,0,2,,,0,,,,,,Auckland Region,Nil,2-way,Sealed,,0,0,,50,,Null,0,0,,76,Auckland,Give way,,,,,0,0,Urban,0,,,Fine,Null
1762401.447,5913826.401,908112,,520401,0,,0,2,,Null,2025/2026,PENROSE ROAD,LEONARD ROAD,,Minor Crash,No,2025,,East,,0,,Flat,,Christmas New Year,,,,Overcast,644300,1,0,0,3,,,0,,,,,,Auckland Region,Nil,2-way,Sealed,,0,0,,50,,Off,0,0,,76,Auckland,Give way,,,,,0,0,Urban,0,,,Fine,Null
1761864.3987,5906673.6958,908113,45,524302,0,,0,1,,Null,2022/2023,MASSEY ROAD,HENWOOD ROAD,,Non-Injury Crash,No,2023,,North,,0,,Flat,,,,,,Dark,743600,0,0,0,5,,,0,,,,,,Auckland Region,Nil,2-way,Sealed,,0,0,,50,,On,0,0,,76,Auckland,Traffic Signals,,,,,0,0,Urban,1,,,Light rain,None
1755282.5337,5929678.0334,908116,,508420,0,,0,2,,North,2024/2025,NORTHERN MOTORWAY,TRISTRAM AVENUE ON RAMP,,Non-Injury Crash,Yes,2025,,North,,0,,Flat,,,,,,Overcast,183800,0,0,0,3,,,0,,,,,,Auckland Region,Nil,1-way,Sealed,,0,0,,100,,Off,0,0,,76,Auckland,Nil,,,,,0,0,Open,0,,,Fine,Null
1767016.1395,5901955.2736,908117,,524720,0,,0,1,,Null,2023/2024,BROWNS ROAD,DALGETY DRIVE,,Non-Injury Crash,No,2023,,West,,0,,Flat,,,,,,Dark,779500,0,0,0,3,,,0,,,,,,Auckland Region,Nil,2-way,Sealed,,0,0,,50,,On,0,0,,76,Auckland,Traffic Signals,,,,,0,1,Urban,0,,,Fine,None
1763778.2498,5919819.9311,908120,,516500,0,0,0,2,0,North,2024/2025,KOHIMARAMA ROAD,RAWHITIROA ROAD,,Non-Injury Crash,No,2024,0,North,0,0,0,Hill Road,0,,0,,0,Dark,501500,0,0,0,2,0,0,0,0,1,,0,0,Auckland Region,Nil,2-way,Sealed,0,0,0,0,50,0,On,0,0,,76,Auckland,Nil,0,0,0,0,0,0,Urban,1,0,0,Fine,Null
1760656.8222,5915505.5777,908121,,520201,0,,0,1,,North,2025/2026,SOUTHERN MOTORWAY,WALPOLE OBR,,Non-Injury Crash,Yes,2026,,North,,0,,Flat,,,,,,Bright sun,613000,0,0,0,4,,,0,,,,,,Auckland Region,Nil,1-way,Sealed,,0,0,,100,,Off,1,0,,76,Auckland,Nil,,,,,0,0,Open,0,,,Fine,Null
1779273.4763,5914340.6647,908122,75,523300,0,0,0,1,0,North,2024/2025,WHITFORD MARAETAI ROAD,OKARORO DRIVE,,Non-Injury Crash,No,2024,0,West,0,0,0,Hill Road,0,,0,,0,Bright sun,718900,0,0,0,2,0,0,0,1,0,,0,0,Auckland Region,Nil,2-way,Sealed,0,0,0,0,80,0,Off,0,0,,76,Auckland,Nil,0,0,0,0,0,0,Open,0,0,0,Fine,Null