X,Y,OBJECTID,advisorySpeed,areaUnitID,bicycle,bridge,bus,carStationWagon,cliffBank,crashDirectionDescription,crashFinancialYear,crashLocation1,crashLocation2,crashRoadSideRoad,crashSeverity,crashSHDescription,crashYear,debris,directionRoleDescription,ditch,fatalCount,fence,flatHill,guardRail,holiday,houseOrBuilding,intersection,kerb,light,meshblockId,minorInjuryCount,moped,motorcycle,NumberOfLanes,objectThrownOrDropped,otherObject,otherVehicleType,overBank,parkedVehicle,pedestrian,phoneBoxEtc,postOrPole,region,roadCharacter,roadLane,roadSurface,roadworks,schoolBus,seriousInjuryCount,slipOrFlood,speedLimit,strayAnimal,streetLight,suv,taxi,temporarySpeedLimit,tlaId,tlaName,trafficControl,trafficIsland,trafficSign,train,tree,truck,unknownVehicleType,urban,vanOrUtility,vehicle,waterRiver,weatherA,weatherB
1756424.2808,5927226.8832,908124,,507900,0,,0,0,,Null,2024/2025,NORTHCOTE ROAD,NORTHCOTE ROAD OFF RAMP,,Non-Injury Crash,No,2024,,East,,0,,Flat,,,,,,Dark,305202,0,0,0,3,,,0,,,,,,Auckland Region,Nil,1-way,Sealed,,0,0,,50,,On,0,0,,76,Auckland,Traffic Signals,,,,,0,0,Urban,2,,,Fine,Null
1756003.6747,5932533.7063,908125,,507400,0,0,0,2,0,East,2025/2026,HASTINGS ROAD,PENZANCE ROAD,,Minor Crash,No,2025,0,East,0,0,0,Hill Road,0,,0,,0,Bright sun,152300,1,0,0,2,0,0,0,0,2,,0,0,Auckland Region,Nil,2-way,Sealed,0,0,0,0,50,0,Off,1,0,,76,Auckland,Nil,0,0,0,0,0,0,Urban,0,0,0,Fine,Null
1744877.1709,5916153.9836,908126,,510800,0,0,0,0,0,North,2024/2025,HENDERSON VALLEY ROAD,GARELJA ROAD,,Non-Injury Crash,No,2024,0,North,0,0,0,Flat,0,,0,,0,Dark,242501,0,0,0,2,0,0,0,0,1,,0,0,Auckland Region,Nil,2-way,Sealed,0,0,0,0,50,0,On,0,0,,76,Auckland,Nil,0,0,0,0,2,0,Urban,1,0,0,Fine,Null
1773063.5779,5896625.0704,908127,,525630,0,0,0,2,0,North,2024/2025,PRICTOR STREET,MARGARET STREET,,Non-Injury Crash,No,2024,0,South,0,0,0,Flat,0,,0,,0,Dark,794600,0,0,0,2,0,0,0,0,1,,0,0,Auckland Region,Nil,2-way,Sealed,0,0,0,0,50,0,On,0,0,,76,Auckland,Nil,0,0,0,0,0,0,Urban,0,0,0,Light rain,Null
1754391.043,5924795.4058,908129,,510500,0,0,0,2,0,East,2024/2025,ONEWA ROAD,AORANGI PLACE,,Minor Crash,No,2025,0,East,0,0,0,Hill Road,0,,0,,0,Overcast,356100,1,0,0,4,0,0,0,0,0,,0,1,Auckland Region,Nil,2-way,Sealed,0,0,0,0,50,0,Off,0,0,,76,Auckland,Nil,0,0,0,0,0,0,Urban,0,0,0,Light rain,Null
1763478.2674,5913971.6828,908132,,520401,0,0,0,1,0,North,2024/2025,BARRACK ROAD,PENROSE ROAD,,Non-Injury Crash,No,2024,0,North,0,0,0,Null,0,,0,,0,Bright sun,642900,0,0,0,2,0,0,0,0,1,,0,0,Auckland Region,Nil,2-way,Sealed,0,0,0,0,50,0,Null,1,0,,76,Auckland,Nil,0,0,0,0,0,0,Urban,0,0,0,Fine,Null
1763068.1132,5907938.0847,908133,,524530,0,,0,1,,Null,2024/2025,MASSEY ROAD,VINE STREET,,Non-Injury Crash,No,2025,,North,,0,,Null,,,,,,Unknown,733300,0,0,0,2,,,0,,,,,,Auckland Region,Nil,2-way,Null,,0,0,,50,,Null,0,0,,76,Auckland,Give way,,,,,0,0,Urban,0,,,Null,Null
1764345.0366,5909396.7314,908134,,521802,0,,0,1,,Null,2025/2026,GREAT SOUTH ROAD,FORT RICHARD ROAD,,Non-Injury Crash,No,2025,,North,,0,,Flat,,,,,,Overcast,788601,0,0,0,4,,,0,,,,,,Auckland Region,Nil,2-way,Sealed,,0,0,,50,,Off,1,0,,76,Auckland,Stop,,,,,0,0,Urban,0,,,Fine,Null
1753030.4463,5913516.5591,908140,,514500,0,0,0,2,0,East,2024/2025,ROSAMUND AVENUE,BOUNDARY ROAD,,Non-Injury Crash,No,2025,0,West,0,0,0,Hill Road,0,,0,,0,Twilight,376102,0,0,0,2,0,0,0,0,1,,0,0,Auckland Region,Nil,2-way,Sealed,0,0,0,0,50,0,None,0,0,,76,Auckland,Nil,0,0,0,0,0,0,Urban,0,0,0,Fine,Null
1752332.3259,5934236.3594,908143,,508701,0,,0,1,,Null,2024/2025,APPIAN WAY,DON MCKINNON DRIVE,,Minor Crash,No,2025,,South,,0,,Flat,,,,,,Bright sun,179000,1,0,1,2,,,0,,,,,,Auckland Region,Nil,2-way,Sealed,,0,0,,50,,Off,0,0,,76,Auckland,Give way,,,,,0,0,Urban,0,,,Fine,Null
1768057.9374,5905201.5484,908145,,523722,0,,0,2,,Null,2023/2024,TE IRIRANGI DRIVE,DIORELLA DRIVE,,Non-Injury Crash,No,2023,,East,,0,,Flat,,,,,,Overcast,715701,0,0,0,4,,,0,,,,,,Auckland Region,Nil,2-way,Sealed,,0,0,,50,,Off,0,0,,76,Auckland,Traffic Signals,,,,,0,0,Urban,0,,,Fine,None
1744767.5394,5917943.2913,908146,,510700,0,,0,1,,Null,2024/2025,SWANSON ROAD,STURGES ROAD,,Non-Injury Crash,No,2025,,East,,0,,Null,,,,,,Dark,239200,0,0,0,2,,,0,,,,,,Auckland Region,Nil,2-way,Sealed,,0,0,,50,,On,0,0,,76,Auckland,Traffic Signals,,,,,0,1,Urban,0,,,Fine,Null
1760186.8617,5903863.9765,908148,,524200,0,,1,0,,North,2025/2026,JIMMY WARD CRESCENT,TOM PEARCE DRIVE,,Non-Injury Crash,No,2025,,South,,0,,Flat,,,,,,Bright sun,727200,0,0,0,2,,,0,,,,,,Auckland Region,Nil,2-way,Sealed,,0,0,,50,,Off,0,0,,76,Auckland,Nil,,,,,0,0,Urban,1,,,Fine,Null
1774630.9827,5908533.4529,908149,,523202,0,0,0,0,0,East,2023/2024,SANDSTONE ROAD,STONERIDGE TERRACE,,Non-Injury Crash,No,2024,0,East,0,0,0,Flat,1,,0,,0,Dark,717600,0,0,0,2,0,0,0,0,0,,0,0,Auckland Region,Nil,2-way,Sealed,0,0,0,0,30,0,On,1,0,,76,Auckland,Nil,0,0,0,0,0,0,Urban,0,0,0,Fine,Null
1754743.5613,5931304.2895,908150,,508520,1,,0,1,,Null,2024/2025,SUNSET ROAD,RAMP ROAD,,Non-Injury Crash,No,2025,,East,,0,,Flat,,Queens Birthday,,,,Bright sun,191502,0,0,0,2,,,0,,,,,,Auckland Region,Nil,2-way,Sealed,,0,0,,50,,On,0,0,,76,Auckland,Give way,,,,,0,0,Urban,0,,,Fine,Frost
1779917.6743,5916051.5925,908152,,523300,0,0,0,1,0,West,2025/2026,WHITFORD MARAETAI ROAD,KEANES ROAD,,Minor Crash,No,2025,0,East,0,0,0,Hill Road,0,,0,,0,Dark,719400,2,0,0,2,0,0,0,0,0,,0,0,Auckland Region,Nil,2-way,Sealed,0,0,0,0,80,0,None,0,0,,76,Auckland,Nil,0,0,0,1,0,0,Open,0,0,0,Light rain,Null
1753942.1356,5931014.558,908154,,508803,0,0,0,0,0,Null,2025/2026,MEADOWOOD DRIVE,SANTIAGO CRESCENT,,Serious Crash,No,2025,0,North,0,0,0,Flat,0,,0,,1,Twilight,180850,0,0,1,2,0,0,0,0,0,,0,0,Auckland Region,Nil,2-way,Sealed,0,0,1,0,50,0,Off,0,0,,76,Auckland,Give way,0,0,0,0,0,0,Urban,0,0,0,Fine,Null
1751817.5536,5930852.7544,908164,,508806,0,0,0,2,0,West,2024/2025,SCHNAPPER ROCK ROAD,ALBANY HIGHWAY,,Non-Injury Crash,No,2024,0,West,0,0,0,Flat,0,,0,,0,Overcast,180106,0,0,0,2,0,0,0,0,1,1,0,0,Auckland Region,Nil,2-way,Sealed,0,0,0,0,50,0,Off,0,0,,76,Auckland,Nil,0,0,0,0,0,0,Urban,0,0,0,Fine,Null
1753498.919,5918379.7659,908167,,515431,0,,0,3,,East,2024/2025,GREAT NORTH ROAD,MOTIONS ROAD,,Minor Crash,No,2025,,West,,0,,Flat,,,,,,Bright sun,397600,6,0,0,3,,,0,,,,,,Auckland Region,Nil,2-way,Sealed,,0,0,,50,,Off,0,0,,76,Auckland,Nil,,,,,0,0,Urban,0,,,Fine,Null
1757622.0187,5913489.3069,908169,,518702,0,,0,2,,South,2022/2023,PAH ROAD,MOUNT ALBERT ROAD,,Non-Injury Crash,No,2023,,North,,0,,Flat,,,,,,Overcast,567600,0,0,0,2,,,0,,,,,,Auckland Region,Nil,2-way,Sealed,,0,0,,50,,Off,0,0,,76,Auckland,Nil,,,,,0,0,Urban,0,,,Light rain,None
1753722.1458,5917004.6695,908171,,517800,0,,0,2,,West,2024/2025,NEW NORTH ROAD,WAIRERE AVENUE,,Non-Injury Crash,No,2024,,East,,0,,Flat,,,,,,Bright sun,527100,0,0,0,4,,,0,,,,,,Auckland Region,Nil,2-way,Sealed,,0,0,,50,,Null,0,0,,76,Auckland,Nil,,,,,0,0,Urban,0,,,Fine,Null
1768897.552,5905829.0906,908175,,523721,0,,0,0,,Null,2024/2025,TE IRIRANGI DRIVE,TE IRIRANGI DRIVE,,Non-Injury Crash,No,2024,,North,,0,,Flat,,,,,,Dark,715616,0,0,0,4,,,0,,,,,,Auckland Region,Nil,2-way,Sealed,,0,0,,50,,On,1,0,,76,Auckland,Give way,,,,,0,0,Urban,1,,,Fine,None
1769464.5921,5899773.5181,908176,,525002,0,,0,2,,Null,2024/2025,MAHIA ROAD,GREAT SOUTH ROAD,,Non-Injury Crash,No,2025,,East,,0,,Flat,,,,,,Twilight,754100,0,0,0,3,,,0,,,,,,Auckland Region,Nil,2-way,Sealed,,0,0,,50,,On,0,0,,76,Auckland,Give way,,,,,0,0,Urban,0,,,Fine,Null
1768891.1093,5905807.8561,908177,,523721,0,,0,0,,South,2024/2025,TE IRIRANGI DRIVE,DAWSON ROAD,,Non-Injury Crash,No,2024,,North,,0,,Flat,,,,,,Bright sun,715616,0,0,1,2,,,0,,,,,,Auckland Region,Nil,1-way,Sealed,,0,0,,50,,Off,1,0,30,76,Auckland,Nil,,,,,0,0,Urban,0,,,Fine,Null
1757314.7297,5918852.6305,908179,,514302,0,,0,1,,South,2024/2025,SOUTHERN MOTORWAY,GRAFTON OBR,,Minor Crash,Yes,2025,,North,,0,,Flat,,,,,,Bright sun,441700,1,0,0,3,,,0,,,,,,Auckland Region,Nil,1-way,Sealed,,0,0,,80,,Off,1,0,,76,Auckland,Nil,,,,,0,0,Open,0,,,Fine,Null
1748612.6138,5943053.4217,908185,,506201,0,,0,1,,North,2024/2025,NORTHERN MOTORWAY,WILKS OBR,,Minor Crash,Yes,2025,,North,,0,,Flat,,,,,,Dark,176801,1,0,0,2,,,0,,,,,,Auckland Region,Nil,1-way,Sealed,,0,0,,100,,On,1,0,,76,Auckland,Nil,,,,,0,0,Open,0,,,Fine,Null
1757789.849,5881240.5026,908186,,521152,0,0,0,1,0,North,2024/2025,GLENBROOK STATION ROAD,COLLIE ROAD,,Minor Crash,No,2024,0,North,0,0,1,Hill Road,0,,0,,0,Overcast,834400,1,0,0,2,0,0,0,0,0,,0,0,Auckland Region,Nil,2-way,Sealed,0,0,0,0,80,0,None,0,0,,76,Auckland,Nil,0,0,0,0,0,0,Open,0,0,0,Fine,Null
1759418.2726,5910237.6204,908188,,524002,0,0,0,2,0,Null,2023/2024,RIMU ROAD,RIMU ROAD ON RAMP,,Non-Injury Crash,No,2024,0,East,0,0,0,Flat,1,,0,,0,Bright sun,722000,0,0,0,2,0,0,0,0,0,,0,0,Auckland Region,Motorway ramp,2-way,Sealed,0,0,0,0,50,0,Off,0,0,,76,Auckland,Give way,0,0,0,0,0,0,Urban,0,0,0,Fine,Null
1755771.1673,5928474.6536,908190,,507900,0,0,0,2,0,South,2024/2025,NORTHERN MOTORWAY,TRISTRAM AVENUE OFF RAMP,,Minor Crash,Yes,2024,0,North,0,0,0,Flat,1,,0,,0,Bright sun,305201,1,0,0,4,0,0,0,0,0,,0,0,Auckland Region,Nil,1-way,Sealed,0,0,0,0,100,0,Off,0,0,,76,Auckland,Nil,0,0,0,0,0,0,Open,0,0,0,Fine,Null
1756038.3616,5917388.4562,908191,,518201,0,,0,2,,South,2024/2025,DOMINION ROAD,WALTERS ROAD,,Non-Injury Crash,No,2025,,North,,0,,Flat,,,,,,Bright sun,548500,0,0,0,2,,,0,,,,,,Auckland Region,Nil,2-way,Sealed,,0,0,,50,,Off,0,0,,76,Auckland,Nil,,,,,0,0,Urban,0,,,Fine,Null
1769873.6131,5914766.4303,908192,,522722,0,,0,0,,Null,2024/2025,PAKURANGA ROAD,AVIEMORE DRIVE,,Non-Injury Crash,No,2025,,West,,0,,Flat,,,,,,Bright sun,681308,0,0,1,3,,,0,,,,,,Auckland Region,Nil,1-way,Sealed,,0,0,,50,,Off,0,0,,76,Auckland,Traffic Signals,,,,,0,0,Urban,1,,,Fine,Null
1753611.6119,5927748.328,908196,,508310,0,,0,2,,Null,2024/2025,GLENFIELD ROAD,DOWNING STREET,,Non-Injury Crash,No,2025,,North,,0,,Null,,,,,,Twilight,200300,0,0,0,4,,,0,,,,,,Auckland Region,Nil,2-way,Sealed,,0,0,,50,,Null,0,0,,76,Auckland,Traffic Signals,,,,,0,0,Urban,0,,,Fine,Null
1765608.7413,5908548.2838,908197,,523403,0,,0,4,,North,2024/2025,SOUTHERN MOTORWAY,HIGHBROOK DRIVE OFF RAMP,,Non-Injury Crash,Yes,2025,,North,,0,,Flat,,,,,,Dark,700100,0,0,0,3,,,0,,,,,,Auckland Region,Nil,1-way,Sealed,,0,0,,100,,On,0,0,,76,Auckland,Nil,,,,,0,0,Open,0,,,Fine,Null
1769786.0083,5881466.9301,908202,,525910,0,,0,1,,West,2024/2025,EAST STREET,KOWHAI PLACE,,Minor Crash,No,2025,,East,,0,,Hill Road,,,,,,Bright sun,816703,1,0,0,2,,,0,,,,,,Auckland Region,Nil,2-way,Sealed,,0,0,,50,,None,0,0,,76,Auckland,Nil,,,,,0,0,Urban,1,,,Fine,Null
1737420.7508,5932435.9126,908205,,506653,0,0,0,1,1,East,2025/2026,OLD NORTH ROAD,ARARIMU VALLEY ROAD,,Minor Crash,No,2025,0,East,1,0,0,Hill Road,0,Christmas New Year,0,,0,Overcast,217000,1,0,0,2,0,0,0,0,0,,0,0,Auckland Region,Nil,2-way,Sealed,0,0,0,0,80,0,None,0,0,,76,Auckland,Nil,0,0,0,0,0,0,Open,0,0,0,Heavy rain,Null
1751487.7584,5949247.5265,908207,,505805,1,,0,0,,Null,2025/2026,RIVERSIDE ROAD,CENTREWAY ROAD,,Minor Crash,No,2025,,East,,0,,Flat,,,,,,Bright sun,172300,1,0,0,2,,,0,,,1,,,Auckland Region,Nil,2-way,Sealed,,0,0,,50,,Off,1,0,,76,Auckland,Give way,,,,,0,0,Urban,0,,,Fine,Null
1752793.7469,5912444.2457,908212,,518902,0,0,1,1,0,West,2025/2026,WHITE SWAN ROAD,LYNFIELD PLACE,,Non-Injury Crash,No,2025,0,East,0,0,0,Hill Road,0,,0,,0,Dark,586800,0,0,0,2,0,0,0,0,0,,0,0,Auckland Region,Nil,2-way,Sealed,0,0,0,0,50,0,On,0,0,,76,Auckland,Nil,0,0,0,0,0,0,Urban,0,1,0,Fine,Null
1755652.8803,5911631.5068,908214,,519002,0,,0,2,,South,2024/2025,HILLSBOROUGH ROAD,ALDERSGATE ROAD,,Non-Injury Crash,No,2025,,West,,0,,Flat,,,,,,Overcast,592200,0,0,0,2,,,0,,,,,,Auckland Region,Nil,2-way,Sealed,,0,0,,50,,Off,0,0,,76,Auckland,Nil,,,,,0,0,Urban,0,,,Fine,Null
1765198.8241,5905405.7027,908219,,522202,0,0,0,0,0,East,2024/2025,FAIRVIEW ROAD,WALLACE ROAD,,Non-Injury Crash,No,2025,0,East,0,0,0,Flat,0,,0,,0,Dark,664700,0,0,0,2,0,0,0,0,0,,0,0,Auckland Region,Nil,2-way,Sealed,0,0,0,0,20,0,On,1,0,,76,Auckland,Nil,0,0,0,1,0,0,Urban,0,0,0,Fine,Null
1753301.5972,5914242.573,908221,,514500,0,,0,2,,South,2025/2026,MAIORO STREET,RICHARDSON ROAD,,Non-Injury Crash,No,2025,,South,,0,,Flat,,,,,,Dark,376800,0,0,0,4,,,0,,,,,,Auckland Region,Nil,2-way,Sealed,,0,0,,50,,Null,0,0,,76,Auckland,Nil,,,,,0,0,Urban,0,,,Fine,Null
1758611.1096,5919922.6497,908222,,515902,0,,0,1,,North,2023/2024,PARNELL ROAD,AKAROA STREET,,Non-Injury Crash,No,2024,,North,,0,,Flat,,,,,,Bright sun,452500,0,0,0,2,,,0,,,,,,Auckland Region,Speed hump,2-way,Sealed,,0,0,,50,,Off,0,0,,76,Auckland,Nil,,,,,0,0,Urban,1,,,Fine,Null
1754421.4822,5931380.305,908224,,508805,0,,0,2,,Null,2024/2025,PARKWAY DRIVE,NORTHERN BUSWAY,,Non-Injury Crash,No,2025,,Null,,0,,Null,,,,,,Overcast,180826,0,0,0,2,,,0,,,,,,Auckland Region,Nil,2-way,Sealed,,0,0,,50,,Null,0,0,,76,Auckland,Nil,,,,,0,0,Urban,0,,,Null,Null
1746597.8142,5965537.9081,908225,,506613,0,0,0,1,0,South,2025/2026,NORTHERN MOTORWAY,SH 1,,Non-Injury Crash,Yes,2025,0,North,0,0,0,Hill Road,1,,0,,0,Bright sun,146005,0,0,0,2,0,0,0,0,0,,0,0,Auckland Region,Nil,1-way,Sealed,0,0,0,0,110,0,Off,0,0,,76,Auckland,Nil,0,0,0,0,0,0,Open,0,0,0,Fine,Null
1768678.9488,5911172.5646,908226,,523112,0,,0,2,,Null,2025/2026,TRUGOOD DRIVE,CRYERS ROAD,,Non-Injury Crash,No,2025,,East,,0,,Flat,,,,,,Bright sun,711404,0,0,0,8,,,0,,,,,,Auckland Region,Nil,2-way,Sealed,,0,0,,50,,Null,0,0,,76,Auckland,Give way,,,,,0,0,Urban,0,,,Fine,Null
1765933.3249,5905613.8006,908229,,522202,0,0,0,1,0,Null,2025/2026,CARRUTH ROAD,VICTORIA ROAD,,Non-Injury Crash,No,2025,0,North,0,0,0,Flat,0,,0,,0,Overcast,665700,0,0,0,2,0,0,0,0,1,,0,0,Auckland Region,Nil,2-way,Sealed,0,0,0,0,50,0,Off,1,0,,76,Auckland,Stop,0,0,0,0,0,0,Urban,0,0,0,Fine,Null
1756010.3501,5929561.5037,908230,,508510,0,,0,2,,North,2024/2025,FORREST HILL ROAD,HAVELOCK AVENUE,,Non-Injury Crash,No,2024,,South,,0,,Flat,,,,,,Overcast,194700,0,0,0,4,,,0,,,,,,Auckland Region,Nil,2-way,Sealed,,0,0,,50,,On,0,0,,76,Auckland,Nil,,,,,0,0,Urban,0,,,Fine,Null
1758137.7415,5915654.0511,908234,,515801,0,,0,2,,North,2024/2025,MANUKAU ROAD,QUEEN MARY AVENUE,,Non-Injury Crash,No,2024,,South,,0,,Flat,,,,,,Dark,447200,0,0,0,4,,,0,,,,,,Auckland Region,Nil,2-way,Sealed,,0,0,,50,,On,1,0,,76,Auckland,Isolated Pedestrian signal (non-intersection),,,,,0,0,Urban,0,,,Fine,Null
1769254.5691,5881354.73,908237,,525910,0,,0,2,,Null,2024/2025,STADIUM DRIVE,FRANKLIN ROAD,,Non-Injury Crash,No,2025,,East,,0,,Flat,,,,,,Bright sun,817300,0,0,0,2,,,0,,,,,,Auckland Region,Nil,2-way,Sealed,,0,0,,50,,Off,0,0,,76,Auckland,Give way,,,,,0,0,Urban,0,,,Fine,Null
1757754.6738,5918222.4155,908240,,515700,0,,0,1,,East,2023/2024,SOUTHERN MOTORWAY,MOUNTAIN OBR,,Non-Injury Crash,Yes,2024,,North,,0,,Flat,,,,,,Twilight,443600,0,0,0,4,,,0,,,,,,Auckland Region,Nil,1-way,Sealed,,0,0,,80,,On,1,0,,76,Auckland,Nil,,,,,0,0,Open,0,,,Fine,Null
1763326.4424,5907600.7774,908242,,524301,0,,0,2,,Null,2022/2023,GRAY AVENUE,WEDGWOOD AVENUE,,Non-Injury Crash,No,2023,,North,,0,,Flat,,,,,,Bright sun,749002,0,0,0,2,,,0,,,,,,Auckland Region,Nil,2-way,Sealed,,0,0,,50,,Off,0,0,,76,Auckland,Give way,,,,,0,0,Urban,0,,,Light rain,None
1739742.8537,5928547.5788,908247,,505604,0,,0,3,,Null,2024/2025,SH 16,OLD RAILWAY ROAD,,Minor Crash,Yes,2025,,South,,0,,Flat,,,,,,Bright sun,214204,2,0,0,2,,,0,,,,,,Auckland Region,Nil,2-way,Sealed,,0,0,,80,,On,0,0,,76,Auckland,Stop,,,,,0,0,Open,0,,,Fine,Null
1766266.4982,5905370.5661,908254,,522400,0,,0,2,,Null,2025/2026,CARRUTH ROAD,FITZROY STREET,,Non-Injury Crash,No,2025,,North,,0,,Flat,,,,,,Dark,671600,0,0,0,2,,,0,,,,,,Auckland Region,Nil,2-way,Sealed,,0,0,,50,,On,0,0,,76,Auckland,Stop,,,,,0,0,Urban,0,,,Fine,Null
1766711.2895,5904755.0464,908256,,524603,0,,0,0,,North,2025/2026,LAMBIE DRIVE,CAVENDISH DRIVE,,Non-Injury Crash,No,2025,,South,,0,,Null,,,,,,Bright sun,780205,0,0,0,2,,,0,,,,,,Auckland Region,Nil,1-way,Sealed,,0,0,,50,,Off,0,0,,76,Auckland,Nil,,,,,0,1,Urban,1,,,Fine,Null
1761500.8763,5918838.7181,908257,,516201,0,,0,1,,North,2023/2024,ORAKEI ROAD,ORAKEI RLY OBR,,Non-Injury Crash,No,2024,,South,,0,,Flat,,,,,,Unknown,486000,0,0,0,2,,,0,,,,,,Auckland Region,Nil,2-way,Sealed,,0,0,,50,,Off,0,0,,76,Auckland,Traffic Signals,,,,,1,0,Urban,0,,,Fine,Strong wind
1745180.0101,5917075.2581,908258,,510800,0,,0,1,,Null,2024/2025,HENDERSON VALLEY ROAD,SMYTHE ROAD,,Non-Injury Crash,No,2025,,North,,0,,Flat,,,,,,Dark,241500,0,0,0,4,,,0,,,1,,,Auckland Region,Nil,2-way,Sealed,,0,0,,50,,On,0,0,,76,Auckland,Traffic Signals,,,,,0,0,Urban,0,,,Fine,Null
1768438.6195,5913254.5125,908259,,523000,0,0,0,1,0,East,2024/2025,ENNIS AVENUE,GOSSAMER DRIVE,,Non-Injury Crash,No,2024,0,East,0,0,0,Null,0,,0,,0,Unknown,690300,0,0,0,2,0,0,0,0,1,,0,0,Auckland Region,Nil,2-way,Null,0,0,0,0,50,0,Null,0,0,,76,Auckland,Nil,0,0,0,0,0,0,Urban,1,0,0,Null,Null
1762184.3643,5913674.6011,908262,,520401,0,1,0,0,0,North,2025/2026,SOUTHERN MOTORWAY,PENROSE OBR,,Non-Injury Crash,Yes,2025,0,South,0,0,0,Flat,0,,0,,0,Overcast,644300,0,0,0,3,0,0,0,0,0,,0,0,Auckland Region,Bridge,1-way,Sealed,0,0,0,0,100,0,Off,0,0,,76,Auckland,Nil,0,0,0,0,1,0,Open,0,0,0,Fine,Null
1756817.9856,5920168.7329,908264,,514102,0,,0,1,,East,2025/2026,COOK STREET,NELSON STREET,,Non-Injury Crash,No,2025,,East,,0,,Hill Road,,Labour Weekend,,,,Overcast,434103,0,0,0,3,,,0,,,,,,Auckland Region,Nil,2-way,Sealed,,0,0,,30,,Off,0,0,,76,Auckland,Nil,,,,,0,0,Urban,1,,,Fine,Null
1764420.9442,5914899.2481,908265,,520303,0,,0,0,,Null,2024/2025,ELLERSLIE-PANMURE HIGHWAY,MOUNT WELLINGTON HIGHWAY,,Serious Crash,No,2024,,South,,0,,Flat,,,,,,Bright sun,627500,0,0,1,5,,,0,,,,,,Auckland Region,Nil,2-way,Sealed,,0,1,,50,,Off,0,0,,76,Auckland,Traffic Signals,,,,,0,0,Urban,1,,,Fine,Null
1767798.4128,5910351.9885,908268,,523112,0,0,0,0,0,West,2025/2026,HIGHBROOK DRIVE,CRYERS ROAD,,Non-Injury Crash,No,2025,0,East,0,0,0,Flat,0,,0,,0,Dark,711405,0,0,0,4,0,0,0,0,0,,0,0,Auckland Region,Nil,2-way,Sealed,0,0,0,0,50,0,On,0,0,30,76,Auckland,Nil,0,1,0,0,0,0,Urban,1,0,0,Fine,Null
1756122.8087,5923849.1769,908271,,509800,0,0,0,4,0,South,2025/2026,NORTHERN MOTORWAY,WEIGH BRIDGE,,Non-Injury Crash,Yes,2025,0,South,0,0,0,Flat,0,,0,,0,Bright sun,358800,0,0,0,5,0,0,0,0,0,,0,0,Auckland Region,Nil,1-way,Sealed,0,0,0,0,80,0,Off,0,0,,76,Auckland,Nil,0,0,0,0,0,0,Open,0,3,0,Fine,Null
1772868.8492,5891844.5484,908274,,521301,0,0,0,1,0,South,2025/2026,SOUTHERN MOTORWAY,SOUTHERN MOTORWAY,,Non-Injury Crash,Yes,2025,0,North,0,0,0,Flat,0,Christmas New Year,0,,0,Overcast,808702,0,0,0,2,0,0,0,0,0,,0,0,Auckland Region,Nil,1-way,Sealed,1,0,0,0,100,0,Null,0,0,,76,Auckland,Nil,0,0,0,0,0,0,Open,0,0,0,Null,Strong wind
1749184.3718,5918241.6934,908277,,514801,0,,0,0,,East,2025/2026,NORTH-WESTERN MOTORWAY,ROSEBANK OBR,,Non-Injury Crash,Yes,2025,,North,,0,,Flat,,,,,,Bright sun,390401,0,0,0,4,,,0,,,,,,Auckland Region,Nil,1-way,Sealed,,0,0,,100,,Off,1,0,,76,Auckland,Nil,,,,,0,0,Open,1,,,Fine,Null
1757710.4673,5918153.5736,908278,,515700,0,0,0,1,0,South,2025/2026,MOUNTAIN ROAD,MOUNTAIN OBR,,Minor Crash,No,2025,0,South,0,0,0,Hill Road,0,,0,,0,Bright sun,443600,1,0,0,2,0,0,0,0,1,,0,0,Auckland Region,Nil,2-way,Sealed,0,0,0,0,50,0,Off,1,0,,76,Auckland,Nil,0,0,0,0,0,0,Urban,0,0,0,Fine,Null
1736651.5988,5927432.7137,908279,,505605,0,0,0,1,0,West,2024/2025,TAWA ROAD,STATION ROAD,,Non-Injury Crash,No,2024,0,South,1,0,0,Flat,0,,0,,0,Bright sun,215604,0,0,0,2,0,0,0,0,0,,0,0,Auckland Region,Nil,2-way,Sealed,0,0,0,0,80,0,Off,0,0,,76,Auckland,Nil,0,0,0,0,0,0,Open,0,0,0,Fine,Null
1764132.1062,5909841.8162,908281,,521901,0,,1,1,,East,2024/2025,AVENUE ROAD,GREAT SOUTH ROAD,,Non-Injury Crash,No,2024,,East,,0,,Null,,,,,,Overcast,783900,0,0,0,2,,,0,,,,,,Auckland Region,Nil,2-way,Null,,0,0,,30,,Null,0,0,,76,Auckland,Nil,,,,,0,0,Urban,0,,,Fine,Null
1750335.1351,5914392.1111,908286,,511303,0,,0,1,,Null,2023/2024,GREAT NORTH ROAD,CRUM AVENUE,,Non-Injury Crash,No,2024,,North,,0,,Flat,,,,,,Overcast,265800,0,0,0,4,,,0,,,,,,Auckland Region,Nil,2-way,Sealed,,0,0,,50,,Off,0,0,,76,Auckland,Stop,,,,,0,0,Urban,1,,,Light rain,None
1763198.1221,5909173.3667,908287,,524402,0,0,0,0,0,Null,2025/2026,KAKA STREET,TITI STREET,,Serious Crash,No,2025,0,East,0,0,1,Hill Road,0,,0,,0,Overcast,749800,0,0,0,2,0,0,0,0,0,,0,0,Auckland Region,Nil,2-way,Sealed,0,0,1,0,50,0,Off,1,0,,76,Auckland,Stop,0,0,0,0,1,0,Urban,0,0,0,Light rain,Null