X,Y,OBJECTID,advisorySpeed,areaUnitID,bicycle,bridge,bus,carStationWagon,cliffBank,crashDirectionDescription,crashFinancialYear,crashLocation1,crashLocation2,crashRoadSideRoad,crashSeverity,crashSHDescription,crashYear,debris,directionRoleDescription,ditch,fatalCount,fence,flatHill,guardRail,holiday,houseOrBuilding,intersection,kerb,light,meshblockId,minorInjuryCount,moped,motorcycle,NumberOfLanes,objectThrownOrDropped,otherObject,otherVehicleType,overBank,parkedVehicle,pedestrian,phoneBoxEtc,postOrPole,region,roadCharacter,roadLane,roadSurface,roadworks,schoolBus,seriousInjuryCount,slipOrFlood,speedLimit,strayAnimal,streetLight,suv,taxi,temporarySpeedLimit,tlaId,tlaName,trafficControl,trafficIsland,trafficSign,train,tree,truck,unknownVehicleType,urban,vanOrUtility,vehicle,waterRiver,weatherA,weatherB
1755922.2562,5921107.3373,908291,,515202,0,0,0,1,0,East,2024/2025,NORTHERN MOTORWAY,FANSHAWE STREET ON RAMP,,Non-Injury Crash,Yes,2024,0,West,0,0,0,Flat,1,,0,,0,Overcast,425600,0,0,0,4,0,0,0,0,0,,0,0,Auckland Region,Nil,1-way,Sealed,0,0,0,0,80,0,Off,0,0,,76,Auckland,Nil,0,0,0,0,1,0,Open,0,0,0,Light rain,Null
1744318.5016,5923779.4326,908294,,513521,0,0,0,2,0,North,2025/2026,ST CATHERINE CRESCENT,WOODMAN PLACE,,Non-Injury Crash,No,2025,0,South,0,0,0,Hill Road,0,,0,,0,Dark,224214,0,0,0,2,0,0,0,0,1,,0,0,Auckland Region,Nil,2-way,Sealed,0,0,0,0,50,0,On,0,0,,76,Auckland,Nil,0,0,0,0,0,0,Urban,0,0,0,Fine,Null
1760472.2171,5915653.9482,908295,,516003,0,,0,1,,East,2025/2026,SOUTHERN MOTORWAY,GREEN LANE EAST OFF RAMP,,Non-Injury Crash,Yes,2025,,North,,0,,Flat,,,,,,Bright sun,494902,0,0,0,4,,,0,,,,,,Auckland Region,Nil,1-way,Sealed,,0,0,,100,,Off,0,0,,76,Auckland,Nil,,,,,0,0,Open,1,,,Fine,Null
1769564.7205,5918550.3484,908297,,522601,0,,0,2,,Null,2025/2026,HATTAWAY AVENUE,DEVON ROAD,,Non-Injury Crash,No,2026,,North,,0,,Flat,,Christmas New Year,,,,Bright sun,675801,0,0,0,2,,,0,,,,,,Auckland Region,Nil,2-way,Sealed,,0,0,,50,,Off,0,0,40,76,Auckland,Stop,,,,,0,0,Urban,0,,,Fine,Null
1755884.2184,5917090.8966,908299,,518201,0,0,0,1,0,West,2025/2026,BURNLEY TERRACE,DOMINION ROAD,,Non-Injury Crash,No,2025,0,East,0,0,0,Flat,0,,0,,0,Dark,548800,0,0,0,2,0,0,0,0,1,,0,0,Auckland Region,Nil,2-way,Sealed,0,0,0,0,50,0,On,1,0,,76,Auckland,Nil,0,0,0,0,0,0,Urban,0,0,0,Light rain,Null
1760486.2092,5908353.649,908304,,524403,0,0,0,1,0,Null,2025/2026,AGAR PLACE,HALL AVENUE,,Non-Injury Crash,No,2026,0,North,0,0,0,Flat,0,,0,,0,Dark,731103,0,0,0,2,0,1,0,0,0,,0,0,Auckland Region,Nil,2-way,Sealed,0,0,0,0,60,0,On,0,0,50,76,Auckland,Nil,0,0,0,1,0,0,Urban,0,0,0,Fine,Null
1758623.5323,5912155.2941,908307,,519810,0,,1,1,,Null,2025/2026,"CHURCH STREET, ONEHUNGA, AUCKLAND",HILL STREET,,Non-Injury Crash,No,2025,,West,,0,,Flat,,,,,,Overcast,598900,0,0,0,2,,,0,,,,,,Auckland Region,Nil,2-way,Sealed,,0,0,,50,,Off,0,0,,76,Auckland,Stop,,,,,0,0,Urban,0,,,Heavy rain,Strong wind
1745818.826,5911055.5309,908315,,512700,0,0,0,1,0,West,2024/2025,SCENIC DRIVE,TAWINI ROAD,,Non-Injury Crash,No,2024,0,East,0,0,0,Flat,0,,0,,0,Dark,300100,0,0,0,2,0,0,0,0,0,,0,0,Auckland Region,Nil,2-way,Sealed,0,0,0,0,50,0,On,0,0,,76,Auckland,Nil,0,0,0,1,0,0,Urban,0,0,0,Heavy rain,Null
1763856.6057,5906848.0705,908316,,524301,0,,0,2,,North,2024/2025,GRAY AVENUE,MILTON ROAD,,Minor Crash,No,2024,,South,,0,,Flat,,,,,,Twilight,656700,3,0,0,2,,,0,,,,,,Auckland Region,Nil,2-way,Sealed,,0,0,,50,,None,0,0,,76,Auckland,Nil,,,,,0,0,Urban,0,,,Heavy rain,Null
1764978.3499,5910508.3421,908320,95,521801,0,,0,3,,South,2023/2024,PRINCES ST-OTAHUHU ON RAMP,SOUTHERN MOTORWAY,,Non-Injury Crash,No,2023,,North,,0,,Flat,,,,,,Bright sun,787200,0,0,0,3,,,0,,,,,,Auckland Region,Nil,1-way,Sealed,,0,0,,100,,On,0,0,,76,Auckland,Nil,,,,,0,0,Open,0,,,Fine,None
1747968.2108,5873052.7239,908327,,521151,0,0,0,1,1,South,2024/2025,KARIOITAHI ROAD,KOHEKOHE-KARIOITAHI ROAD,,Minor Crash,No,2025,0,North,0,0,0,Hill Road,0,,0,,0,Overcast,831300,1,0,0,2,0,0,0,0,0,,0,0,Auckland Region,Nil,2-way,Sealed,0,0,0,0,60,0,None,0,0,,76,Auckland,Nil,0,0,0,0,0,0,Urban,0,0,0,Fine,Null
1767216.6678,5912304.1177,908331,,522920,0,,0,2,,Null,2024/2025,TI RAKAU DRIVE,EDGEWATER DRIVE,,Non-Injury Crash,No,2024,,West,,0,,Flat,,,,,,Dark,687002,0,0,0,2,,,0,,,,,,Auckland Region,Nil,1-way,Sealed,,0,0,,50,,On,0,0,30,76,Auckland,Traffic Signals,,,,,0,0,Urban,0,,,Heavy rain,Null
1755574.6551,5917921.5317,908333,,517500,0,,0,1,,East,2024/2025,NEW NORTH ROAD,CENTRAL ROAD,,Non-Injury Crash,No,2024,,North,,0,,Null,,,,,,Bright sun,529800,0,0,0,4,,,0,,,1,,,Auckland Region,Nil,2-way,Sealed,,0,0,,50,,Off,0,0,,76,Auckland,Nil,,,,,0,0,Urban,0,,,Null,Null
1756825.0386,5928291.7291,908334,,507900,0,0,0,2,0,Null,2024/2025,SHAKESPEARE ROAD,WATERLOO ROAD,,Non-Injury Crash,No,2025,0,North,0,0,0,Flat,0,,0,,1,Bright sun,304300,0,0,1,4,0,2,0,0,1,,0,0,Auckland Region,Nil,2-way,Sealed,0,0,0,0,50,0,Off,1,0,,76,Auckland,Stop,0,0,0,0,0,0,Urban,0,0,0,Fine,Null
1760079.4736,5915572.6372,908335,,519400,0,,0,2,,Null,2023/2024,GREAT SOUTH ROAD,ATARANGI ROAD,,Non-Injury Crash,No,2023,,South,,0,,Flat,,,,,,Bright sun,617000,0,0,0,4,,,0,,,,,,Auckland Region,Nil,2-way,Sealed,,0,0,,50,,Off,0,0,,76,Auckland,Nil,,,,,0,0,Urban,0,,,Light rain,None
1753425.3072,5929797.8254,908336,,508420,0,,0,1,,Null,2024/2025,SUNSET ROAD,GLENFIELD ROAD,,Non-Injury Crash,No,2025,,South,,0,,Null,,,,,,Unknown,182903,0,0,1,1,,,0,,,,,,Auckland Region,Nil,1-way,Null,,0,0,,50,,Null,0,0,,76,Auckland,Give way,,,,,0,0,Urban,0,,,Null,Null
1757629.192,5920566.8865,908337,,514103,0,,0,2,,Null,2024/2025,CHANCERY STREET,BACON'S LANE,,Non-Injury Crash,No,2024,,West,,0,,Flat,,,,,,Dark,437701,0,0,0,1,,,0,,,,,,Auckland Region,Nil,1-way,Sealed,,0,0,,30,,On,0,0,,76,Auckland,Stop,,,,,0,0,Urban,0,,,Fine,Null
1761239.0769,5912428.1175,908340,,519500,0,,0,2,,Null,2024/2025,MAURICE ROAD,CHURCH STREET,,Non-Injury Crash,No,2024,,South,,0,,Flat,,,,,,Bright sun,621700,0,0,0,1,,,0,,,,,,Auckland Region,Nil,1-way,Sealed,,0,0,,50,,Off,0,0,,76,Auckland,Give way,,,,,0,0,Urban,0,,,Fine,Null
1755164.1329,5920912.1202,908344,,515201,0,0,0,0,0,Null,2024/2025,CURRAN STREET,JERVOIS ROAD,,Non-Injury Crash,No,2024,0,North,0,0,0,Flat,0,,0,,0,Bright sun,424100,0,0,0,2,0,0,0,0,0,,0,0,Auckland Region,Nil,2-way,Sealed,0,0,0,0,40,0,On,0,0,,76,Auckland,Traffic Signals,0,1,0,0,1,0,Urban,0,0,0,Light rain,Null
1746060.7656,5918106.0131,908345,,512500,0,,0,2,,South,2024/2025,EDMONTON ROAD,CENTRAL PARK DRIVE,,Non-Injury Crash,No,2024,,South,,0,,Hill Road,,,,,,Twilight,257201,0,0,0,3,,,0,,,,,,Auckland Region,Nil,2-way,Sealed,,0,0,,50,,Null,0,0,,76,Auckland,Nil,,,,,0,0,Urban,0,,,Fine,Null
1770479.8053,5899005.2547,908346,,523911,0,,0,2,,East,2024/2025,MANUROA ROAD,GREAT SOUTH ROAD,,Minor Crash,No,2025,,East,,0,,Flat,,,,,,Dark,768200,1,0,0,2,,,0,,,,,,Auckland Region,Rail xing,2-way,Sealed,,0,0,,50,,On,0,0,,76,Auckland,Traffic Signals,,,,,0,0,Urban,0,,,Fine,Null
1744383.4915,5915027.9572,908351,,513013,0,,0,2,,North,2024/2025,POSA AVENUE,BRUCE MCLAREN ROAD,,Non-Injury Crash,No,2024,,East,,0,,Hill Road,,,,,,Bright sun,281509,0,0,0,2,,,0,,,,,,Auckland Region,Nil,2-way,Sealed,,0,0,,50,,Off,0,0,,76,Auckland,Nil,,,,,0,0,Urban,0,,,Fine,Null
1760891.3655,5915334.9554,908352,,520201,0,0,0,1,0,Null,2024/2025,TECOMA STREET OFF RAMP,KENTUCKY STREET,,Non-Injury Crash,No,2025,0,East,0,0,0,Flat,1,,0,,0,Dark,613000,0,0,0,1,0,0,0,0,0,,0,0,Auckland Region,Motorway ramp,1-way,Sealed,0,0,0,0,100,0,On,0,0,,76,Auckland,Stop,0,0,0,0,0,0,Open,0,0,0,Fine,Null
1743484.1574,5918022.9182,908356,,513220,0,0,0,1,0,South,2024/2025,SUMMERLAND DRIVE,WATERSTONE WAY,,Non-Injury Crash,No,2024,0,South,0,0,0,Flat,0,,0,,0,Dark,236608,0,0,0,2,0,0,0,0,0,,0,0,Auckland Region,Bridge,2-way,Sealed,0,0,0,0,50,0,On,0,0,,76,Auckland,Nil,0,0,0,1,0,0,Urban,0,0,0,Fine,Null
1760715.7058,5917389.0556,908361,,516202,0,0,0,1,0,Null,2024/2025,ORAKEI ROAD,ARA STREET,,Minor Crash,No,2024,0,North,0,0,1,Hill Road,0,,0,,0,Bright sun,489100,1,0,0,2,0,0,0,0,2,,0,0,Auckland Region,Nil,2-way,Sealed,0,0,0,0,50,0,Off,2,0,,76,Auckland,Stop,0,0,0,0,0,0,Urban,0,0,0,Fine,Null
1753160.9739,5970553.3471,908367,,506631,0,,1,1,,Null,2024/2025,SANDSPIT ROAD,MAHURANGI EAST ROAD,,Non-Injury Crash,No,2025,,East,,0,,Hill Road,,,,,,Overcast,139501,0,0,0,2,,,0,,,,,,Auckland Region,Nil,2-way,Sealed,,1,0,,80,,Off,0,0,,76,Auckland,Give way,,,,,0,0,Open,0,,,Fine,Null
1765631.9187,5907037.4702,908368,,522301,0,,0,1,,North,2024/2025,EAST TAMAKI ROAD,KELLIHER LANE,,Non-Injury Crash,No,2024,,South,,0,,Flat,,,,,,Bright sun,666200,0,0,0,4,,,0,,,,,,Auckland Region,Nil,2-way,Sealed,,0,0,,50,,Off,1,0,,76,Auckland,Nil,,,,,0,0,Urban,0,,,Fine,None
1757648.2002,5919293.8289,908369,,514302,0,0,0,3,0,Null,2025/2026,OFF ROAD-CAR PARK,,,Minor Crash,No,2025,0,East,0,0,0,Flat,0,,0,,0,Dark,442400,1,0,0,,0,0,0,0,1,,0,0,Auckland Region,Nil,Off road,Sealed,0,0,0,0,,0,On,1,0,10,76,Auckland,Nil,0,0,0,0,0,0,Urban,0,0,0,Fine,Null
1766884.2521,5903855.1734,908370,,524604,0,,0,2,,Null,2024/2025,LAMBIE DRIVE OFF RAMP,LAMBIE DRIVE,,Non-Injury Crash,No,2025,,South,,0,,Hill Road,,,,,,Dark,780210,0,0,0,2,,,0,,,,,,Auckland Region,Bridge,2-way,Sealed,,0,0,,50,,On,0,0,,76,Auckland,Traffic Signals,,,,,0,0,Urban,0,,,Light rain,Null
1754954.0421,5918290.0567,908372,,517500,0,,0,2,,East,2024/2025,NORTH-WESTERN MOTORWAY,MOUNTAIN VIEW OBR,,Non-Injury Crash,Yes,2025,,West,,0,,Flat,,,,,,Bright sun,529900,0,0,0,4,,,0,,,,,,Auckland Region,Nil,1-way,Sealed,,0,0,,80,,Off,0,0,,76,Auckland,Nil,,,,,0,0,Open,0,,,Fine,Null
1754564.5768,5913733.4503,908382,,518803,0,0,0,2,0,East,2024/2025,SOUTH-WESTERN MOTORWAY,MAY OBR,,Non-Injury Crash,Yes,2024,0,South,0,0,0,Flat,1,,0,,0,Overcast,581700,0,0,0,3,0,0,0,0,0,,0,0,Auckland Region,Nil,1-way,Sealed,0,0,0,0,100,0,Off,0,0,,76,Auckland,Nil,0,0,0,0,0,0,Open,0,0,0,Light rain,Null
1758515.8308,5918392.2797,908385,,517400,0,,0,1,,North,2025/2026,BROADWAY,KHYBER PASS ROAD,,Minor Crash,No,2025,,South,,0,,Flat,,,,,,Overcast,451000,1,0,1,5,,,0,,,,,,Auckland Region,Nil,2-way,Sealed,,0,0,,50,,Off,0,0,,76,Auckland,Nil,,,,,0,0,Urban,0,,,Fine,Null
1772581.4091,5901552.1509,908387,,523813,0,,0,1,,East,2025/2026,ALFRISTON ROAD,MILL ROAD,,Minor Crash,No,2025,,West,,0,,Flat,,,,,,Overcast,761000,2,0,0,2,,,0,,,,,,Auckland Region,Nil,2-way,Sealed,,0,0,,80,,Off,0,0,,76,Auckland,Nil,,,,,2,0,Open,0,,,Fine,Null
1756948.47,5925215.6868,908394,,509702,0,,0,1,,South,2025/2026,NORTHERN MOTORWAY,ESMONDE ROAD ON RAMP,,Minor Crash,Yes,2025,,South,,0,,Flat,,,,,,Bright sun,366000,1,0,0,3,,,0,,,,,,Auckland Region,Nil,1-way,Sealed,,0,0,,80,,Off,0,0,,76,Auckland,Nil,,,,,0,0,Open,1,,,Fine,Null
1757315.8348,5920447.3605,908396,,514102,0,0,0,1,0,Null,2025/2026,VICTORIA STREET WEST,ELLIOTT STREET,,Non-Injury Crash,No,2025,0,South,0,0,0,Hill Road,0,,0,,0,Overcast,434000,0,0,0,2,0,0,0,0,0,,0,0,Auckland Region,Nil,2-way,Sealed,0,0,0,0,30,0,Off,0,0,,76,Auckland,Traffic Signals,0,1,0,0,0,0,Urban,0,0,0,Fine,Null
1753610.6919,5924422.253,908397,,510402,0,0,0,1,0,South,2024/2025,HUKA ROAD,MOKOIA ROAD,,Non-Injury Crash,No,2025,0,South,0,0,0,Flat,0,,0,,0,Bright sun,351100,0,0,0,2,0,0,0,0,1,,0,0,Auckland Region,Nil,2-way,Sealed,0,0,0,0,50,0,Null,0,0,,76,Auckland,Nil,0,0,0,0,0,0,Urban,1,0,0,Fine,Null
1747844.6854,5913799.1167,908402,,511100,0,0,0,2,0,South,2024/2025,CLAYBURN ROAD,CLAYWEST PLACE,,Non-Injury Crash,No,2025,0,South,0,0,0,Null,0,,0,,0,Unknown,285600,0,0,0,2,0,0,0,0,1,,0,0,Auckland Region,Nil,2-way,Sealed,0,0,0,0,50,0,Null,0,0,,76,Auckland,Nil,0,0,0,0,0,0,Urban,0,0,0,Null,Null
1768864.4811,5900884.3408,908403,,525001,0,0,0,1,0,North,2024/2025,GREAT SOUTH ROAD,GREAT SOUTH ROAD,,Non-Injury Crash,No,2025,0,South,0,0,0,Flat,0,,0,,0,Dark,751600,0,0,0,4,0,1,0,0,0,,0,0,Auckland Region,Nil,2-way,Sealed,0,0,0,0,50,0,On,0,0,,76,Auckland,Nil,0,0,0,0,0,0,Urban,0,0,0,Light rain,Null
1746244.4684,5914022.6761,908405,,511001,0,,0,2,,Null,2025/2026,WEST COAST ROAD,ROSIER ROAD,,Minor Crash,No,2025,,West,,0,,Flat,,,,,,Overcast,282500,1,0,0,3,,,0,,,,,,Auckland Region,Nil,2-way,Sealed,,0,0,,50,,Off,0,0,,76,Auckland,Nil,,,,,0,0,Urban,0,,,Light rain,Strong wind
1742342.5962,5926629.023,908409,,513410,0,0,0,2,0,North,2023/2024,SH 16,BRIGHAM CREEK ROAD,,Non-Injury Crash,Yes,2024,0,North,0,0,0,Flat,1,,0,,0,Twilight,220000,0,0,0,2,0,0,0,0,0,,0,0,Auckland Region,Nil,2-way,Sealed,0,0,0,0,80,0,Off,0,0,,76,Auckland,Nil,0,0,0,0,0,0,Open,0,0,0,Fine,Null
1756244.8328,5935527.4344,908412,,507101,1,,0,1,,Null,2025/2026,BAYVIEW ROAD,BEACH FRONT LANE,,Minor Crash,No,2025,,West,,0,,Flat,,,,,,Dark,162200,1,0,0,2,,,0,,,,,,Auckland Region,Nil,2-way,Sealed,,0,0,,50,,On,0,0,,76,Auckland,Give way,,,,,0,0,Urban,0,,,Fine,Null
1766834.5941,5901881.3774,908415,,524720,0,,0,2,,Null,2025/2026,BROWNS ROAD,GLOUCESTER ROAD,,Minor Crash,No,2025,,West,,0,,Hill Road,,,,,,Bright sun,778700,1,0,0,2,,,0,,,,,,Auckland Region,Overpass,2-way,Sealed,,0,0,,50,,Off,0,0,,76,Auckland,Traffic Signals,,,,,0,0,Urban,0,,,Fine,Null
1761075.3039,5908938.2873,908416,,524404,0,,0,1,,South,2025/2026,HARANIA AVENUE,LACHLAN PLACE,,Minor Crash,No,2025,,South,,0,,Flat,,,,,,Bright sun,730403,3,0,0,2,,,0,,,,,,Auckland Region,Nil,2-way,Sealed,,0,0,,50,,None,1,1,,76,Auckland,Nil,,,,,0,0,Urban,0,,,Fine,Null
1743664.3633,5919371.1951,908417,,513212,0,,0,1,,Null,2025/2026,SWANSON ROAD,DON BUCK ROAD,,Non-Injury Crash,No,2025,,North,,0,,Flat,,,,,,Bright sun,235711,0,0,0,2,,,0,,,,,,Auckland Region,Nil,2-way,Sealed,,0,0,,50,,Off,1,0,,76,Auckland,Give way,,,,,0,0,Urban,0,,,Fine,Null
1755564.3256,5940111.0292,908419,,508900,0,0,0,1,0,East,2025/2026,PIRIPIRI POINT DRIVE,TE PAE OKURA DRIVE,,Non-Injury Crash,No,2025,0,North,0,0,0,Flat,0,,0,,0,Bright sun,178304,0,0,0,2,0,0,0,0,0,,0,0,Auckland Region,Nil,2-way,Sealed,0,0,0,0,50,0,Off,0,0,,76,Auckland,Nil,0,0,0,1,0,0,Urban,0,0,0,Fine,Null
1736801.8066,5982057.9679,908421,,505300,0,,0,1,,South,2025/2026,RODNEY STREET,PORT ALBERT ROAD,,Non-Injury Crash,Yes,2025,,South,,0,,Flat,,,,,,Overcast,143300,0,0,0,2,,,0,,,,,,Auckland Region,Nil,2-way,Sealed,,0,0,,50,,Off,1,0,,76,Auckland,Nil,,,,,0,0,Urban,0,,,Light rain,Null
1768789.6807,5900966.7313,908423,,524901,0,,0,1,,Null,2025/2026,HALVER ROAD,GREAT SOUTH ROAD,,Non-Injury Crash,No,2025,,West,,0,,Flat,,,,,,Bright sun,757100,0,0,0,2,,,0,,,,,,Auckland Region,Nil,2-way,Sealed,,0,0,,50,,Off,0,0,,76,Auckland,Give way,,,,,0,0,Urban,0,,,Fine,Null
1756627.3069,5919934.9283,908424,,514102,0,,0,1,,West,2024/2025,UNION STREET,NELSON STREET,,Non-Injury Crash,No,2025,,East,,0,,Null,,,,,,Bright sun,434402,0,0,0,4,,,0,,,,,,Auckland Region,Nil,1-way,Sealed,,0,0,,30,,Null,0,0,,76,Auckland,Nil,,,,,0,0,Urban,0,,,Fine,Null
1753623.1836,5914326.9793,908427,,518801,0,,0,2,,East,2025/2026,MAIORO STREET OFF RAMP,MAIORO STREET,,Non-Injury Crash,No,2025,,North,,0,,Hill Road,,,,,,Overcast,578500,0,0,0,5,,,0,,,,,,Auckland Region,Motorway ramp,1-way,Sealed,,0,0,,80,,Off,0,1,,76,Auckland,Nil,,,,,0,0,Open,1,,,Fine,Null
1763941.0957,5913949.2748,908432,,520303,0,0,0,1,0,North,2025/2026,MOUNT WELLINGTON HIGHWAY,ROWLANDS AVENUE,,Non-Injury Crash,No,2025,0,North,0,0,0,Flat,0,,0,,0,Overcast,627600,0,0,0,4,0,0,0,0,0,,0,1,Auckland Region,Nil,2-way,Sealed,0,0,0,0,50,0,Off,0,0,,76,Auckland,Nil,0,0,0,0,1,0,Urban,0,0,0,Fine,Null
1769191.6528,5905174.3095,908436,,523721,0,0,0,2,0,Null,2025/2026,MATTHEWS ROAD,ASPIRING AVENUE,,Non-Injury Crash,No,2026,0,East,0,0,0,Hill Road,1,,0,,0,Dark,715609,0,0,0,2,0,0,0,0,0,,0,0,Auckland Region,Nil,2-way,Sealed,0,0,0,0,50,0,On,0,0,,76,Auckland,Give way,0,0,0,0,0,0,Urban,0,0,0,Fine,Null
1759741.277,5915660.5444,908445,,519200,0,,0,2,,South,2024/2025,GREEN LANE WEST,TAWERA ROAD,,Non-Injury Crash,No,2025,,North,,0,,Flat,,,,,,Bright sun,616300,0,0,0,4,,,0,,,,,,Auckland Region,Nil,2-way,Sealed,,0,0,,50,,Off,0,0,,76,Auckland,Nil,,,,,0,0,Urban,1,,,Fine,Null
1760590.0522,5916800.3587,908450,,516202,0,0,0,3,0,West,2025/2026,REMUERA ROAD,ASCOT AVENUE,,Non-Injury Crash,No,2025,0,West,0,0,0,Flat,0,,0,,0,Bright sun,490600,0,0,0,4,0,0,0,0,1,,0,0,Auckland Region,Nil,2-way,Sealed,0,0,0,0,50,0,Off,0,0,,76,Auckland,Nil,0,0,0,0,0,0,Urban,0,0,0,Fine,Null
1766311.7586,5916897.9666,908452,,517001,0,0,0,3,0,South,2025/2026,ELSTREE AVENUE,TANIWHA STREET,,Non-Injury Crash,No,2025,0,North,0,0,0,Flat,0,,0,,0,Bright sun,476500,0,0,0,2,0,0,0,0,1,,0,0,Auckland Region,Nil,2-way,Sealed,0,0,0,0,50,0,Off,0,0,,76,Auckland,Nil,0,0,0,0,0,0,Urban,0,0,0,Fine,Null
1757073.0742,5920562.8095,908454,,514102,0,0,0,1,0,Null,2024/2025,HOBSON STREET,VICTORIA STREET WEST,,Non-Injury Crash,No,2025,0,North,0,0,0,Flat,0,,0,,0,Dark,433304,0,0,0,4,0,0,0,0,0,,0,0,Auckland Region,Nil,1-way,Sealed,0,0,0,0,40,0,On,0,0,,76,Auckland,Traffic Signals,0,0,0,0,0,0,Urban,1,1,0,Fine,Null
1746586.0598,5926046.97,908457,,513431,0,,0,1,,West,2024/2025,BRIGHAM CREEK ROAD,HOBSONVILLE ROAD,,Non-Injury Crash,No,2025,,East,,0,,Null,,,,,,Bright sun,223802,0,0,0,2,,,0,,,,,,Auckland Region,Nil,2-way,Sealed,,0,0,,50,,Null,0,0,,76,Auckland,Nil,,,,,0,1,Urban,0,,,Fine,Null
1767740.6245,5912944.1203,908462,,523000,0,0,0,1,0,Null,2024/2025,UDYS ROAD,REEVES ROAD,,Non-Injury Crash,No,2025,0,South,0,0,1,Hill Road,0,,0,,0,Twilight,688700,0,0,0,2,0,0,0,0,0,,0,0,Auckland Region,Speed hump,2-way,Sealed,0,0,0,0,50,0,On,0,0,40,76,Auckland,Give way,1,1,0,0,0,0,Urban,0,0,0,Fine,Null
1772032.3606,5915046.8033,908467,,521602,0,,0,2,,East,2022/2023,FENCIBLE DRIVE,WELLINGTON STREET,,Non-Injury Crash,No,2023,,South,,0,,Flat,,,,,,Bright sun,649900,0,0,0,2,,,0,,,,,,Auckland Region,Nil,2-way,Sealed,,0,0,,50,,On,0,0,,76,Auckland,Give way,,,,,0,0,Urban,0,,,Fine,None
1768831.2686,5904252.4834,908475,,523820,0,,0,1,,Null,2023/2024,EVERGLADE DRIVE,RANSOM SMYTH DRIVE,,Non-Injury Crash,No,2024,,North,,0,,Flat,,,,,,Bright sun,760149,0,0,0,2,,,0,,,,,,Auckland Region,Nil,2-way,Sealed,,0,0,,50,,Off,0,0,,76,Auckland,Give way,,,,,0,0,Urban,1,,,Fine,Null
1754123.4309,5929609.0464,908482,,508420,0,0,0,1,0,East,2025/2026,ELLICE ROAD,GIRRAHWEEN DRIVE,,Non-Injury Crash,No,2025,0,West,0,0,1,Flat,0,,0,,0,Bright sun,183300,0,0,0,2,0,0,0,0,1,,0,0,Auckland Region,Nil,2-way,Sealed,0,0,0,0,50,0,Off,0,0,,76,Auckland,Nil,0,0,0,0,0,0,Urban,1,0,0,Fine,Null
1727906.6187,5942002.0572,908483,,506645,0,0,0,1,0,South,2024/2025,PARKHURST ROAD,SPRINGS ROAD,,Serious Crash,No,2025,0,South,0,0,1,Flat,0,,0,,0,Dark,210802,1,0,0,2,0,0,0,0,0,,0,2,Auckland Region,Nil,2-way,Sealed,0,0,1,0,50,0,On,0,0,,76,Auckland,Nil,0,0,0,1,0,0,Urban,0,0,0,Fine,Strong wind
1756155.884,5918751.2316,908484,,515500,0,,0,4,,West,2025/2026,"NORTH-WESTERN MOTORWAY, GREY LYNN, AUCKLAND",Newton road ,,Non-Injury Crash,Yes,2025,,East,,0,,Flat,,,,,,Dark,417600,0,0,0,4,,,0,,,,,,Auckland Region,Nil,1-way,Sealed,,0,0,,80,,On,0,0,,76,Auckland,Nil,,,,,0,0,Open,0,,,Fine,Null
1752001.629,5930664.2341,908485,,509100,0,,0,2,,South,2023/2024,ALBANY HIGHWAY OFF RAMP,ALBANY HIGHWAY,,Non-Injury Crash,No,2024,,North,,0,,Flat,,,,,,Overcast,181003,0,0,0,2,,,0,,,,,,Auckland Region,Motorway ramp,1-way,Sealed,,0,0,,60,,On,1,0,,76,Auckland,Nil,,,,,0,0,Urban,0,,,Mist or Fog,Null
1767472.1673,5880392.2377,908487,,525921,0,0,0,1,0,Null,2023/2024,MAKATITI STREET,MCNALLY ROAD,,Non-Injury Crash,No,2024,0,South,0,0,0,Null,0,,0,,0,Unknown,820900,0,0,0,2,0,0,0,0,0,,0,0,Auckland Region,Nil,2-way,Null,0,0,0,0,50,0,Null,0,0,,76,Auckland,Nil,0,0,0,1,0,0,Urban,0,0,0,Null,Null
1770321.9529,5905977.5952,908490,,523712,0,0,0,1,0,East,2025/2026,BALLYHOLEY DRIVE,CHARLESTOWN DRIVE,,Minor Crash,No,2025,0,East,0,0,0,Flat,0,,0,,0,Overcast,713300,1,0,0,2,0,0,0,0,1,,0,0,Auckland Region,Nil,2-way,Sealed,0,0,0,0,50,0,None,0,0,,76,Auckland,Nil,0,0,0,0,0,0,Urban,1,0,0,Fine,Null
1764627.3555,5908979.685,908495,,521802,0,,0,1,,South,2024/2025,CHURCH STREET,WAIKARE ROAD,,Minor Crash,No,2025,,South,,0,,Hill Road,,,,,,Bright sun,789104,1,0,0,2,,,0,,,1,,,Auckland Region,Nil,2-way,Sealed,,0,0,,30,,Off,0,0,,76,Auckland,Nil,,,,,0,0,Urban,0,,,Fine,Null
1729654.9786,5940210.6452,908498,,506800,0,0,0,1,0,West,2024/2025,COMMERCIAL ROAD,GARFIELD ROAD,,Non-Injury Crash,Yes,2025,0,North,0,0,0,Flat,0,,0,,0,Overcast,208500,0,0,0,2,0,0,0,0,1,,0,0,Auckland Region,Nil,2-way,Sealed,0,0,0,0,50,0,Off,1,0,,76,Auckland,Nil,0,0,0,0,0,0,Urban,0,0,0,Light rain,Null