X,Y,OBJECTID,advisorySpeed,areaUnitID,bicycle,bridge,bus,carStationWagon,cliffBank,crashDirectionDescription,crashFinancialYear,crashLocation1,crashLocation2,crashRoadSideRoad,crashSeverity,crashSHDescription,crashYear,debris,directionRoleDescription,ditch,fatalCount,fence,flatHill,guardRail,holiday,houseOrBuilding,intersection,kerb,light,meshblockId,minorInjuryCount,moped,motorcycle,NumberOfLanes,objectThrownOrDropped,otherObject,otherVehicleType,overBank,parkedVehicle,pedestrian,phoneBoxEtc,postOrPole,region,roadCharacter,roadLane,roadSurface,roadworks,schoolBus,seriousInjuryCount,slipOrFlood,speedLimit,strayAnimal,streetLight,suv,taxi,temporarySpeedLimit,tlaId,tlaName,trafficControl,trafficIsland,trafficSign,train,tree,truck,unknownVehicleType,urban,vanOrUtility,vehicle,waterRiver,weatherA,weatherB
1765762.3848,5906696.6936,908503,,522202,0,,0,2,,South,2022/2023,GREAT SOUTH ROAD,SUTTON CRESCENT,,Non-Injury Crash,No,2023,,North,,0,,Null,,,,,,Unknown,663600,0,0,0,4,,,0,,,,,,Auckland Region,Nil,2-way,Sealed,,0,0,,50,,Null,0,0,,76,Auckland,Nil,,,,,0,0,Urban,0,,,Null,Null
1760216.5517,5907835.067,908505,,524403,0,,0,0,,North,2024/2025,SOUTH-WESTERN MOTORWAY,SH 20 MANGERE OBR,,Non-Injury Crash,Yes,2024,,North,,0,,Flat,,,,,,Dark,731105,0,0,0,2,,,0,,,,,,Auckland Region,Nil,1-way,Sealed,,0,0,,100,,On,0,0,,76,Auckland,Nil,,,,,1,0,Open,1,,,Heavy rain,Null
1751975.8078,5915543.5889,908518,,517901,0,,0,2,,South,2024/2025,NEW NORTH ROAD,HENDON AVENUE,,Non-Injury Crash,No,2025,,North,,0,,Flat,,,,,,Overcast,523800,0,0,0,4,,,0,,,,,,Auckland Region,Nil,2-way,Sealed,,0,0,,50,,Off,0,0,,76,Auckland,Nil,,,,,0,0,Urban,0,,,Fine,Null
1780487.4579,5903035.3635,908523,,525201,0,0,0,0,0,Null,2024/2025,PAPAKURA-CLEVEDON ROAD,WEST ROAD,,Non-Injury Crash,No,2024,0,East,0,0,1,Flat,0,,0,,0,Bright sun,763400,0,0,0,2,0,0,0,0,0,,0,0,Auckland Region,Nil,2-way,Sealed,0,0,0,0,80,0,None,1,0,,76,Auckland,Give way,0,0,0,0,0,0,Open,0,0,0,Fine,Null
1749550.7025,5912981.1532,908524,,511401,0,0,0,3,0,Null,2024/2025,HUTCHINSON AVENUE,GARDNER AVENUE,,Non-Injury Crash,No,2024,0,North,0,0,0,Hill Road,0,,0,,0,Bright sun,264400,0,0,0,2,0,0,0,0,0,,0,0,Auckland Region,Speed hump,2-way,Sealed,0,0,0,0,50,0,Off,0,0,,76,Auckland,Stop,1,1,0,0,0,0,Urban,0,0,0,Fine,Null
1756567.3339,5926856.4972,908526,,507900,0,,0,4,,South,2025/2026,NORTHERN MOTORWAY,NORTHCOTE ROAD ON RAMP,,Minor Crash,Yes,2025,,South,,0,,Flat,,,,,,Bright sun,303502,2,0,0,3,,,0,,,,,,Auckland Region,Nil,1-way,Sealed,,0,0,,100,,Off,0,0,,76,Auckland,Nil,,,,,0,0,Open,0,,,Fine,Null
1762178.534,5913684.5965,908527,,520401,0,1,0,0,0,North,2024/2025,SOUTHERN MOTORWAY,PENROSE OBR,,Non-Injury Crash,Yes,2024,0,South,0,0,0,Flat,0,,0,,0,Bright sun,644300,0,0,0,3,0,0,0,0,0,,0,0,Auckland Region,Overpass,1-way,Sealed,0,0,0,0,100,0,Off,0,0,,76,Auckland,Nil,0,0,0,0,1,0,Open,0,0,0,Fine,Null
1753768.0911,5918304.8192,908531,,515002,0,,0,2,,West,2024/2025,NORTH-WESTERN MOTORWAY,ST LUKES OBR,,Non-Injury Crash,Yes,2025,,East,,0,,Flat,,,,,,Dark,390501,0,0,0,4,,,0,,,,,,Auckland Region,Nil,1-way,Sealed,,0,0,,100,,On,1,0,,76,Auckland,Nil,,,,,0,0,Open,0,,,Fine,Null
1756897.5083,5914004.5104,908534,,518600,0,,0,1,,South,2024/2025,ST ANDREWS ROAD,ROWAN COURT,,Non-Injury Crash,No,2025,,South,,0,,Null,,,,,,Bright sun,564404,0,0,0,2,,,0,,,,,,Auckland Region,Nil,2-way,Sealed,,0,0,,50,,Null,1,0,,76,Auckland,Nil,,,,,0,0,Urban,0,,,Fine,Null
1755724.2163,5928605.3732,908535,,508510,0,,0,2,,North,2025/2026,NORTHERN MOTORWAY,TRISTRAM AVENUE ON RAMP,,Non-Injury Crash,Yes,2025,,South,,0,,Flat,,,,,,Overcast,195700,0,0,0,3,,,0,,,,,,Auckland Region,Nil,1-way,Sealed,,0,0,,100,,Off,0,0,,76,Auckland,Nil,,,,,0,0,Open,0,,,Fine,Null
1770135.6143,5914667.9409,908536,,521601,0,,0,0,,Null,2024/2025,PAKURANGA ROAD,ABERFELDY AVENUE,,Serious Crash,No,2025,,West,,0,,Flat,,,,,,Bright sun,645200,1,0,1,4,,,0,,,,,,Auckland Region,Nil,2-way,Sealed,,0,1,,50,,Off,1,0,,76,Auckland,Give way,,,,,0,0,Urban,0,,,Fine,Null
1765524.8267,5908760.5104,908539,,523403,0,,0,3,,South,2025/2026,SOUTHERN MOTORWAY,HIGHBROOK OBR,,Non-Injury Crash,Yes,2025,,North,,0,,Flat,,,,,,Bright sun,700100,0,0,0,3,,,0,,,,,,Auckland Region,Nil,1-way,Sealed,,0,0,,100,,Off,0,0,,76,Auckland,Nil,,,,,0,0,Open,0,,,Fine,Null
1747707.4312,5913337.7571,908540,,511100,0,,0,1,,North,2024/2025,PLEASANT ROAD,EVANS ROAD,,Non-Injury Crash,No,2025,,South,,0,,Null,,,,,,Bright sun,286704,0,0,0,2,,,0,,,,,,Auckland Region,Nil,2-way,Sealed,,0,0,,50,,Null,0,0,,76,Auckland,Nil,,,,,0,1,Urban,0,,,Fine,Null
1753127.0832,5930433.6811,908550,,508803,0,0,0,2,0,Null,2024/2025,UNSWORTH DRIVE,RIFLEMAN RISE,,Non-Injury Crash,No,2025,0,North,0,0,0,Hill Road,0,,0,,0,Dark,180854,0,0,0,2,0,0,0,0,1,,0,0,Auckland Region,Nil,2-way,Sealed,0,0,0,0,50,0,On,0,0,,76,Auckland,Give way,0,0,0,0,0,0,Urban,0,0,0,Fine,Null
1763004.4273,5907971.243,908555,,524530,0,0,0,1,0,West,2025/2026,VINE STREET,MASSEY ROAD,,Minor Crash,No,2025,0,East,0,0,1,Flat,0,,0,,0,Dark,733300,1,0,0,2,0,1,0,0,0,,0,0,Auckland Region,Nil,2-way,Sealed,0,0,0,0,30,0,On,0,0,,76,Auckland,Nil,0,0,0,0,0,0,Urban,0,0,0,Light rain,Null
1767383.7894,5899096.3153,908556,,525101,0,0,0,1,0,Null,2023/2024,MAHIA ROAD,ANGLERS WAY,,Non-Injury Crash,No,2023,0,East,0,0,0,Hill Road,0,,0,,1,Bright sun,772909,0,0,0,2,0,0,0,0,0,,0,0,Auckland Region,Nil,2-way,Sealed,0,0,0,0,50,0,None,0,0,,76,Auckland,Give way,0,0,0,0,0,0,Urban,0,0,0,Fine,Null
1755208.6109,5917494.7654,908557,,517500,0,,0,1,,Null,2024/2025,SANDRINGHAM ROAD,REIMERS AVENUE,,Non-Injury Crash,No,2025,,South,,0,,Flat,,,,,,Bright sun,532503,0,0,0,4,,,0,,,,,,Auckland Region,Nil,2-way,Sealed,,0,0,,50,,Off,1,0,,76,Auckland,Stop,,,,,0,0,Urban,0,,,Fine,None
1743443.9283,5922819.9018,908558,,513511,0,0,0,2,0,South,2024/2025,REVERIE PLACE,BEAUCHAMP DRIVE,,Serious Crash,No,2024,0,North,0,0,0,Hill Road,0,Christmas New Year,0,,0,Overcast,224304,0,0,0,2,0,0,0,0,1,1,0,0,Auckland Region,Nil,2-way,Sealed,0,0,1,0,50,0,None,0,0,,76,Auckland,Nil,0,0,0,0,0,0,Urban,0,0,0,Fine,Null
1751572.4319,5915248.086,908559,,514401,0,0,0,2,0,Null,2025/2026,NEW NORTH ROAD,BLOCKHOUSE BAY ROAD,,Non-Injury Crash,No,2025,0,West,0,0,0,Flat,0,,0,,0,Dark,380001,0,0,0,4,0,0,0,0,0,,0,0,Auckland Region,Nil,2-way,Sealed,0,0,0,0,50,0,On,0,0,,76,Auckland,Traffic Signals,0,0,0,0,0,0,Urban,0,1,0,Light rain,Null
1769707.5495,5884863.853,908561,,521122,0,0,0,1,0,East,2025/2026,TUHIMATA ROAD,TUHIMATA ROAD,,Non-Injury Crash,No,2025,0,South,0,0,1,Hill Road,0,,0,,0,Twilight,813400,0,0,0,2,0,0,0,0,0,,0,0,Auckland Region,Nil,2-way,Sealed,0,0,0,0,60,0,None,0,0,,76,Auckland,Nil,0,0,0,0,0,0,Urban,0,0,0,Fine,Null
1782447.5583,5900632.3837,908562,45,525201,0,0,0,0,0,West,2024/2025,MONUMENT ROAD,PIONEER ROAD,,Serious Crash,No,2025,0,North,1,0,0,Hill Road,0,,0,,0,Bright sun,764000,0,0,1,2,0,0,0,0,0,,0,0,Auckland Region,Nil,2-way,Unsealed,0,0,1,0,80,0,None,0,0,70,76,Auckland,Nil,0,0,0,0,0,0,Open,0,0,0,Fine,Null
1756738.0065,5913137.0874,908568,,518702,0,,0,1,,North,2024/2025,HILLSBOROUGH ROAD,HERD ROAD,,Non-Injury Crash,No,2024,,South,,0,,Null,,,,,,Bright sun,567700,0,0,0,4,,,0,,,,,,Auckland Region,Nil,2-way,Sealed,,0,0,,50,,Null,1,0,,76,Auckland,Nil,,,,,0,0,Urban,0,,,Fine,Null
1753306.6661,5918390.9082,908569,,515431,0,0,0,1,0,East,2023/2024,GREAT NORTH ROAD,MOTIONS ROAD,,Non-Injury Crash,No,2024,0,West,0,0,0,Flat,0,,0,,0,Dark,397600,0,0,0,3,0,0,0,0,0,,0,0,Auckland Region,Nil,2-way,Sealed,0,0,0,0,50,0,On,0,0,,76,Auckland,Nil,1,0,0,0,0,0,Urban,0,0,0,Fine,Null
1760090.231,5916061.0365,908572,,516002,0,0,0,1,0,North,2024/2025,CLONBERN ROAD,GREEN LANE EAST,,Non-Injury Crash,No,2024,0,South,0,0,0,Null,0,,0,,0,Unknown,492100,0,0,0,2,0,0,0,0,0,,0,0,Auckland Region,Nil,2-way,Sealed,0,0,0,0,50,0,Null,0,0,,76,Auckland,Nil,0,0,0,0,0,0,Urban,0,0,0,Null,Null
1760667.5567,5906413.4495,908573,,524112,0,,0,0,,Null,2024/2025,MASCOT AVENUE,FORBURY PLACE,,Minor Crash,No,2024,,North,,0,,Flat,,,,,,Bright sun,741301,1,0,0,2,,,0,,,1,,,Auckland Region,Nil,2-way,Sealed,,0,0,,50,,Off,1,0,,76,Auckland,Give way,,,,,0,0,Urban,0,,,Fine,Null
1765401.0663,5903734.5744,908575,,524604,0,,0,1,,East,2024/2025,SOUTH-WESTERN MOTORWAY,CAVENDISH DRIVE ON RAMP,,Non-Injury Crash,Yes,2024,,East,,0,,Flat,,,,,,Overcast,781301,0,0,0,2,,,0,,,,,,Auckland Region,Nil,2-way,Sealed,,0,0,,100,,Off,0,0,,76,Auckland,Nil,,,,,0,0,Open,1,,,Heavy rain,Null
1756005.918,5929173.0079,908576,,508510,0,,0,1,,Null,2025/2026,TRISTRAM AVENUE,RAINES AVENUE,,Non-Injury Crash,No,2025,,West,,0,,Null,,,,,,Unknown,195600,0,0,0,2,,,0,,,,,,Auckland Region,Nil,2-way,Null,,0,0,,50,,Null,0,0,,76,Auckland,Stop,,,,,0,0,Urban,1,,,Null,Null
1757949.3508,5928746.4201,908582,,507800,0,0,0,2,0,East,2025/2026,KITCHENER ROAD,SALTBURN ROAD,,Minor Crash,No,2025,0,West,0,0,0,Flat,0,,0,,0,Bright sun,309400,1,0,0,2,0,0,0,0,2,,0,0,Auckland Region,Nil,2-way,Sealed,0,0,0,0,50,0,Off,0,0,,76,Auckland,Nil,0,0,0,0,0,0,Urban,1,0,0,Fine,Null
1778612.7381,5908209.6939,908583,,525201,0,0,0,1,0,South,2024/2025,ARA-KOTINGA,SOLWAY ROAD,,Minor Crash,No,2025,0,North,0,0,0,Hill Road,0,,0,,0,Twilight,762502,1,0,0,2,0,0,0,0,0,,0,0,Auckland Region,Nil,2-way,Sealed,0,0,0,0,60,0,None,0,0,,76,Auckland,Nil,0,0,0,1,0,0,Urban,0,0,0,Fine,Null
1767026.2603,5906641.5639,908595,,522302,0,0,0,2,0,East,2022/2023,CORNWALL ROAD,MORRIS AVENUE,,Non-Injury Crash,No,2023,0,South,0,0,0,Flat,0,,0,,0,Bright sun,670000,0,0,0,2,0,0,0,0,1,,0,0,Auckland Region,Nil,2-way,Sealed,0,0,0,0,50,0,Off,0,0,,76,Auckland,Nil,0,0,0,0,0,0,Urban,0,0,0,Fine,None
1751921.2884,5981036.2775,908596,,506661,0,,0,2,,North,2024/2025,MATAKANA VALLEY ROAD,GOVAN WILSON ROAD,,Minor Crash,No,2025,,South,,0,,Hill Road,,,,,,Overcast,138101,1,0,0,2,,,0,,,,,,Auckland Region,Nil,2-way,Sealed,,0,0,,80,,None,0,0,,76,Auckland,Nil,,,,,0,0,Open,0,,,Light rain,Null
1767398.4284,5905994.2831,908597,,522302,0,,0,1,,North,2024/2025,SOUTHERN MOTORWAY,REAGAN OBR,,Non-Injury Crash,Yes,2025,,North,,0,,Flat,,,,,,Twilight,670901,0,0,0,3,,,0,,,,,,Auckland Region,Nil,1-way,Sealed,,0,0,,100,,Off,0,0,,76,Auckland,Nil,,,,,2,0,Open,0,,,Fine,Null
1770285.1164,5911196.7564,908598,,523113,0,,0,2,,South,2024/2025,TE IRIRANGI DRIVE,TI RAKAU DRIVE,,Non-Injury Crash,No,2024,,East,,0,,Flat,,,,,,Bright sun,711716,0,0,0,3,,,0,,,,,,Auckland Region,Nil,1-way,Sealed,,0,0,,50,,Off,0,0,,76,Auckland,Nil,,,,,0,0,Urban,0,,,Fine,Null
1756407.6961,5927145.8392,908600,,507900,0,,0,1,,South,2024/2025,NORTHERN MOTORWAY,NORTHCOTE OBR,,Non-Injury Crash,Yes,2025,,North,,0,,Flat,,,,,,Bright sun,303501,0,0,0,3,,,0,,,,,,Auckland Region,Nil,1-way,Sealed,,0,0,,100,,Off,0,0,,76,Auckland,Nil,,,,,0,0,Open,1,,,Fine,Null
1756199.5598,5917956.1305,908607,45,518101,0,,0,1,,Null,2024/2025,DOMINION ROAD,TAWARI STREET,,Non-Injury Crash,No,2024,,South,,0,,Flat,,,,,,Bright sun,544900,0,0,0,4,,,0,,,,,,Auckland Region,Nil,2-way,Sealed,,0,0,,50,,Off,1,0,,76,Auckland,Stop,,,,,0,0,Urban,0,,,Fine,None
1769872.6674,5900032.3958,908609,,524902,0,,0,1,,South,2024/2025,MANUREWA-TAKANINI ON RAMP,SOUTHERN MOTORWAY,,Non-Injury Crash,No,2025,,North,,0,,Hill Road,,,,,,Overcast,759200,0,0,0,2,,,0,,,,,,Auckland Region,Motorway ramp,1-way,Sealed,,0,0,,100,,Off,0,0,,76,Auckland,Nil,,,,,1,0,Open,0,,,Fine,Null
1760204.6023,5915454.6993,908612,,519400,0,,0,2,,Null,2025/2026,GREAT SOUTH ROAD,WOODBINE AVENUE,,Non-Injury Crash,No,2026,,South,,0,,Null,,,,,,Overcast,617301,0,0,0,4,,,0,,,,,,Auckland Region,Nil,2-way,Sealed,,0,0,,50,,Null,0,0,,76,Auckland,Traffic Signals,,,,,0,0,Urban,0,,,Light rain,Null
1772718.7977,5895327.6269,908613,,525520,0,,0,2,,South,2024/2025,GREAT SOUTH ROAD,SETTLEMENT ROAD,,Non-Injury Crash,No,2024,,North,,0,,Flat,,,,,,Bright sun,801700,0,0,0,2,,,0,,,,,,Auckland Region,Nil,2-way,Sealed,,0,0,,50,,Off,0,0,,76,Auckland,Nil,,,,,0,0,Urban,0,,,Fine,Null
1734079.218,5929981.3236,908616,,505605,0,,0,2,,West,2023/2024,SH 16,JOYCE ADAMS PLACE,,Non-Injury Crash,Yes,2024,,East,,0,,Flat,,,,,,Dark,216105,0,0,0,1,,,0,,,,,,Auckland Region,Nil,2-way,Sealed,,0,0,,80,,On,0,0,60,76,Auckland,Nil,,,,,0,0,Open,0,,,Fine,Null
1756450.6544,5927103.4341,908617,,507900,0,,0,1,,South,2025/2026,NORTHERN MOTORWAY,NORTHCOTE OBR,,Non-Injury Crash,Yes,2025,,South,,0,,Flat,,,,,,Overcast,303502,0,0,0,3,,,0,,,,,,Auckland Region,Nil,1-way,Sealed,,0,0,,100,,Off,0,0,,76,Auckland,Nil,,,,,1,0,Open,0,,,Light rain,Null
1760446.2398,5908919.2194,908620,,524403,0,0,0,2,0,Null,2023/2024,WALMSLEY ROAD,ROBERTSON ROAD,,Non-Injury Crash,No,2023,0,East,0,0,0,Flat,0,,0,,1,Overcast,729901,0,0,0,2,0,0,0,0,0,,0,0,Auckland Region,Nil,2-way,Sealed,0,0,0,0,50,0,On,0,0,,76,Auckland,Traffic Signals,0,0,0,0,0,0,Urban,0,0,0,Fine,None
1747286.5959,5919641.0165,908622,,512402,0,,0,4,,East,2025/2026,TE ATATU ROAD,TE ATATU OBR,,Minor Crash,No,2025,,South,,0,,Flat,,,,,,Bright sun,253700,1,0,0,2,,,0,,,,,,Auckland Region,Bridge,1-way,Sealed,,0,0,,50,,Off,0,0,,76,Auckland,Nil,,,,,0,0,Urban,1,,,Fine,Null
1762977.7832,5903844.6285,908628,,524604,0,,0,2,,Null,2024/2025,PUHINUI ROAD,PRICES ROAD,,Non-Injury Crash,Yes,2025,,West,,0,,Flat,,,,,,Dark,780902,0,0,0,2,,,0,,,,,,Auckland Region,Nil,2-way,Sealed,,0,0,,60,,On,0,0,,76,Auckland,Stop,,,,,0,0,Urban,0,,,Fine,Null
1760715.2835,5917411.6461,908632,,516202,0,0,0,2,0,Null,2024/2025,ORAKEI ROAD,ARA STREET,,Non-Injury Crash,No,2025,0,North,0,0,0,Hill Road,0,,0,,0,Dark,489100,0,0,0,2,0,0,0,0,1,,0,0,Auckland Region,Nil,2-way,Sealed,0,0,0,0,50,0,On,1,0,,76,Auckland,Stop,0,0,0,0,0,0,Urban,0,0,0,Fine,Null
1727253.8198,5923271.7751,908636,,506654,0,0,0,1,0,North,2024/2025,JACK BUTT LANE,MOTUTARA ROAD,,Non-Injury Crash,No,2025,0,West,0,0,0,Flat,0,,0,,0,Bright sun,218805,0,0,0,2,0,0,0,0,0,,1,0,Auckland Region,Nil,2-way,Unsealed,0,0,0,0,50,0,None,0,0,,76,Auckland,Nil,0,0,0,0,0,0,Urban,0,0,0,Fine,Null
1758545.4289,5903107.3014,908638,,524200,0,,0,0,,Null,2025/2026,OFF ROAD AUCKLAND AIRPORT,,,Serious Crash,Unknown,2025,,North,,0,,Flat,,,,,,Bright sun,727200,0,0,0,,,,0,,,,,,Auckland Region,Nil,Null,Sealed,,0,1,,10,,Off,0,0,,76,Auckland,Nil,,,,,0,0,Urban,1,,,Fine,Null
1753459.3246,5929692.5404,908639,,508411,0,,0,2,,South,2024/2025,GLENFIELD ROAD,SUNSET ROAD,,Non-Injury Crash,No,2024,,South,,0,,Hill Road,,,,,,Overcast,183902,0,0,0,3,,,0,,,,,,Auckland Region,Nil,2-way,Sealed,,0,0,,50,,Off,0,0,,76,Auckland,Nil,,,,,0,0,Urban,0,,,Fine,Null
1766753.9622,5903908.262,908642,,524604,0,,0,1,,South,2024/2025,LAMBIE DRIVE ON RAMP,LAMBIE DRIVE,,Non-Injury Crash,No,2025,,South,,0,,Flat,,,,,,Overcast,780209,0,0,0,2,,,0,,,,,,Auckland Region,Motorway ramp,1-way,Sealed,,0,0,,100,,On,0,0,,76,Auckland,Nil,,,,,0,0,Open,1,,,Light rain,Null
1749184.5937,5927804.8667,908643,,509100,0,0,0,1,0,North,2024/2025,TAUHINU ROAD OFF RAMP,UPPER HARBOUR MOTORWAY,,Non-Injury Crash,No,2025,1,East,0,0,0,Flat,0,,0,,0,Bright sun,181703,0,0,0,2,1,0,0,0,0,,0,0,Auckland Region,Nil,1-way,Sealed,0,0,0,0,50,0,Null,0,0,,76,Auckland,Nil,0,0,0,0,1,0,Urban,0,0,0,Fine,Null
1766151.9181,5908219.1631,908644,,523402,0,,0,2,,Null,2024/2025,BAIRDS ROAD,GILBERT ROAD,,Non-Injury Crash,No,2025,,East,,0,,Flat,,,,,,Overcast,697300,0,0,0,2,,,0,,,,,,Auckland Region,Nil,2-way,Sealed,,0,0,,50,,Off,0,0,40,76,Auckland,Give way,,,,,0,0,Urban,0,,,Fine,Null
1760824.0366,5916753.4418,908651,,516002,0,,0,2,,Null,2024/2025,REMUERA ROAD,RANUI ROAD,,Non-Injury Crash,No,2024,,East,,0,,Flat,,,,,,Bright sun,494200,0,0,0,4,,,0,,,,,,Auckland Region,Nil,2-way,Sealed,,0,0,,50,,Off,0,0,,76,Auckland,Give way,,,,,0,0,Urban,0,,,Fine,Null
1767914.6631,5911947.5059,908654,,522910,0,0,0,4,0,Null,2024/2025,GOSSAMER DRIVE,TI RAKAU DRIVE,,Non-Injury Crash,No,2025,0,East,0,0,0,Hill Road,0,,0,,0,Bright sun,687700,0,0,0,2,0,0,0,0,1,,0,0,Auckland Region,Nil,2-way,Sealed,0,0,0,0,50,0,None,0,0,40,76,Auckland,Give way,0,0,0,0,0,0,Urban,0,0,0,Fine,Null
1764029.4757,5920338.328,908655,,516601,0,,0,2,,Null,2025/2026,TAMAKI DRIVE,KOHIMARAMA ROAD,,Serious Crash,No,2025,,West,,0,,Flat,,,,,,Overcast,503900,2,0,0,2,,,0,,,,,,Auckland Region,Nil,2-way,Sealed,,0,1,,50,,Off,0,1,,76,Auckland,Stop,,,,,0,0,Urban,0,,,Fine,Null
1767398.597,5906369.2156,908656,,523601,0,0,0,3,0,North,2024/2025,O'CONNOR STREET,KURT LANE,,Non-Injury Crash,No,2025,0,South,0,0,0,Flat,0,,0,,0,Dark,707900,0,0,0,2,0,0,0,0,1,,0,0,Auckland Region,Nil,2-way,Sealed,0,0,0,0,30,0,On,0,0,,76,Auckland,Nil,0,0,0,0,0,0,Urban,0,0,0,Heavy rain,Null
1755622.052,5928492.7667,908666,,508320,0,,0,1,,North,2024/2025,WAIRAU ROAD,ARCHERS ROAD,,Non-Injury Crash,No,2024,,South,,0,,Null,,,,,,Unknown,198500,0,0,0,4,,,0,,,,,,Auckland Region,Nil,2-way,Sealed,,0,0,,50,,Null,1,0,,76,Auckland,Nil,,,,,0,0,Urban,0,,,Fine,Null
1771374.9125,5895545.6347,908668,,521201,0,,0,1,,North,2024/2025,SOUTHERN MOTORWAY,PAPAKURA ON RAMP,,Non-Injury Crash,Yes,2024,,North,,0,,Flat,,,,,,Bright sun,806604,0,0,0,2,,,0,,,,,,Auckland Region,Nil,1-way,Sealed,,0,0,,100,,Off,1,0,80,76,Auckland,Nil,,,,,0,0,Open,0,,,Fine,Null
1764758.1291,5903720.1738,908670,,524604,0,,0,0,,Null,2024/2025,ROSCOMMON ROAD,CAVENDISH DRIVE,,Non-Injury Crash,No,2024,,North,,0,,Flat,,,,,,Overcast,781200,0,0,0,2,,,0,,,,,,Auckland Region,Nil,1-way,Sealed,,0,0,,50,,Null,1,0,,76,Auckland,Give way,,,,,0,0,Urban,1,,,Light rain,Null
1757875.9302,5919788.0198,908671,,514301,0,,0,1,,West,2024/2025,GRAFTON ROAD,STANLEY STREET,,Non-Injury Crash,No,2025,,South,,0,,Null,,,,,,Bright sun,440300,0,0,1,2,,,0,,,,,,Auckland Region,Nil,1-way,Sealed,,0,0,,50,,Null,0,0,,76,Auckland,Nil,,,,,0,0,Urban,0,,,Fine,Null
1769294.7312,5905536.5422,908672,,523712,0,,0,2,,Null,2023/2024,THOMAS ROAD,MATTHEWS ROAD,,Non-Injury Crash,No,2024,,South,,0,,Flat,,,,,,Bright sun,716204,0,0,0,1,,,0,,,,,,Auckland Region,Nil,1-way,Sealed,,0,0,,50,,Off,0,0,,76,Auckland,Give way,,,,,0,0,Urban,0,,,Fine,None
1747394.4901,5913690.2443,908674,,511100,0,,0,2,,Null,2024/2025,BOWERS ROAD,WEST COAST ROAD,,Minor Crash,No,2024,,North,,0,,Hill Road,,Christmas New Year,,,,Bright sun,286200,1,0,0,2,,,0,,,,,,Auckland Region,Nil,2-way,Sealed,,0,0,,50,,Off,0,0,,76,Auckland,Traffic Signals,,,,,0,0,Urban,0,,,Fine,Strong wind
1767094.2018,5905520.0701,908678,45,522400,0,,0,2,,Null,2023/2024,PUHINUI ROAD,GREAT SOUTH ROAD,,Non-Injury Crash,No,2024,,East,,0,,Flat,,,,,,Overcast,671200,0,0,0,4,,,0,,,,,,Auckland Region,Nil,2-way,Sealed,,0,0,,50,,On,0,0,,76,Auckland,Traffic Signals,,,,,0,0,Urban,0,,,Light rain,None
1757877.2541,5918127.0756,908680,,515700,0,,0,0,,North,2024/2025,SOUTHERN MOTORWAY,MAUNGAWHAU OBR,,Non-Injury Crash,Yes,2024,,South,,0,,Flat,,,,,,Overcast,443200,0,0,0,5,,,0,,,,,,Auckland Region,Motorway ramp,1-way,Sealed,,0,0,,80,,Off,1,0,,76,Auckland,Nil,,,,,1,0,Open,0,,,Heavy rain,Null
1755413.6043,5924707.3503,908681,,509800,0,,0,1,,East,2023/2024,ONEWA ROAD,CHURCH STREET,,Non-Injury Crash,No,2024,,West,,0,,Flat,,,,,,Dark,360400,0,0,0,4,,,0,,,,,,Auckland Region,Nil,2-way,Sealed,,0,0,,50,,On,1,0,,76,Auckland,Nil,,,,,0,0,Urban,0,,,Fine,Null
1757420.2183,5919615.9583,908690,,514301,1,,0,1,,Null,2023/2024,SYMONDS STREET,WAKEFIELD STREET,,Minor Crash,No,2023,,North,,0,,Hill Road,,,,,,Bright sun,441101,1,0,0,5,,,0,,,1,,,Auckland Region,Nil,2-way,Sealed,,0,0,,30,,Null,0,0,,76,Auckland,Traffic Signals,,,,,0,0,Urban,0,,,Fine,Null
1755614.9445,5921324.7302,908692,,515202,0,,0,3,,West,2024/2025,NORTHERN MOTORWAY,FANSHAWE STREET ON RAMP,,Non-Injury Crash,Yes,2025,,North,,0,,Flat,,,,,,Dark,425600,0,0,0,4,,,0,,,,,,Auckland Region,Nil,1-way,Sealed,,0,0,,80,,On,0,0,60,76,Auckland,Nil,,,,,0,0,Open,0,,,Fine,Null
1759877.5147,5914800.3624,908694,,519400,0,0,0,1,0,Null,2025/2026,CAMPBELL ROAD,WHETURANGI ROAD,,Minor Crash,No,2025,0,North,0,0,0,Hill Road,0,,0,,0,Dark,617800,1,0,0,2,0,0,0,0,0,,0,1,Auckland Region,Nil,2-way,Sealed,0,0,0,0,50,0,On,0,0,,76,Auckland,Traffic Signals,0,1,0,0,0,0,Urban,0,0,0,Fine,Null
1743550.6635,5917953.2617,908696,,513220,0,,0,0,,South,2024/2025,SUMMERLAND DRIVE,WATERSTONE WAY,,Non-Injury Crash,No,2024,,South,,0,,Flat,,,,,,Bright sun,236606,0,0,0,2,,,0,,,,,,Auckland Region,Nil,2-way,Sealed,,0,0,,50,,On,1,0,,76,Auckland,Nil,,,,,0,0,Urban,0,,,Fine,None
1771525.9673,5907748.925,908699,,523713,0,,0,2,,Null,2025/2026,GRACECHURCH DRIVE,JEFFS ROAD,,Non-Injury Crash,No,2025,,South,,0,,Flat,,,,,,Dark,712500,0,0,0,2,,,0,,,,,,Auckland Region,Nil,2-way,Sealed,,0,0,,50,,On,0,0,,76,Auckland,Give way,,,,,0,0,Urban,0,,,Fine,Null