X,Y,OBJECTID,advisorySpeed,areaUnitID,bicycle,bridge,bus,carStationWagon,cliffBank,crashDirectionDescription,crashFinancialYear,crashLocation1,crashLocation2,crashRoadSideRoad,crashSeverity,crashSHDescription,crashYear,debris,directionRoleDescription,ditch,fatalCount,fence,flatHill,guardRail,holiday,houseOrBuilding,intersection,kerb,light,meshblockId,minorInjuryCount,moped,motorcycle,NumberOfLanes,objectThrownOrDropped,otherObject,otherVehicleType,overBank,parkedVehicle,pedestrian,phoneBoxEtc,postOrPole,region,roadCharacter,roadLane,roadSurface,roadworks,schoolBus,seriousInjuryCount,slipOrFlood,speedLimit,strayAnimal,streetLight,suv,taxi,temporarySpeedLimit,tlaId,tlaName,trafficControl,trafficIsland,trafficSign,train,tree,truck,unknownVehicleType,urban,vanOrUtility,vehicle,waterRiver,weatherA,weatherB
1761903.885,5906138.8836,908700,,524200,0,,0,2,,South,2024/2025,TIDAL ROAD,CINNAMON ROAD,,Non-Injury Crash,No,2024,,South,,0,,Flat,,,,,,Overcast,728811,0,0,0,2,,,0,,,,,,Auckland Region,Nil,2-way,Sealed,,0,0,,50,,Off,0,0,,76,Auckland,Nil,,,,,0,0,Urban,0,,,Fine,Null
1769584.0862,5908451.8654,908702,,523113,0,,0,2,,Null,2024/2025,TE IRIRANGI DRIVE,TE IRIRANGI DRIVE,,Non-Injury Crash,No,2024,,North,,0,,Flat,,,,,,Overcast,711901,0,0,0,4,,,0,,,,,,Auckland Region,Nil,2-way,Sealed,,0,0,,60,,Off,0,0,,76,Auckland,Nil,,,,,0,0,Urban,0,,,Fine,Null
1753038.4119,5912484.1957,908705,,518902,0,,0,2,,Null,2025/2026,HILLSBOROUGH ROAD,WHITE SWAN ROAD,,Non-Injury Crash,No,2025,,East,,0,,Null,,,,,,Unknown,586700,0,0,0,2,,,0,,,,,,Auckland Region,Nil,2-way,Sealed,,0,0,,50,,Null,0,0,,76,Auckland,Stop,,,,,0,0,Urban,0,,,Null,Null
1762249.8927,5916935.3935,908710,,516301,0,0,0,2,0,West,2024/2025,REMUERA ROAD,STONEYROYD GARDENS,,Non-Injury Crash,No,2025,0,East,0,0,0,Hill Road,0,,0,,0,Bright sun,458900,0,0,0,4,0,0,0,0,1,,0,0,Auckland Region,Nil,2-way,Sealed,0,0,0,0,50,0,Off,0,0,,76,Auckland,Nil,0,0,0,0,0,0,Urban,0,0,0,Fine,Null
1748469.3208,5947092.4113,908717,,505806,0,0,0,1,0,South,2025/2026,NORTHERN MOTORWAY,MILLWATER PARKWAY ON RAMP,,Non-Injury Crash,Yes,2025,0,South,0,0,0,Flat,1,Labour Weekend,0,,0,Dark,176604,0,0,0,2,0,0,0,0,0,,0,0,Auckland Region,Nil,1-way,Unsealed,0,0,0,0,100,0,On,0,0,,76,Auckland,Nil,0,0,0,0,0,0,Open,0,0,0,Fine,Null
1746180.7773,5923820.098,908721,,513522,0,0,0,0,0,West,2025/2026,LUCKENS ROAD,WEST HARBOUR DRIVE,,Serious Crash,No,2025,0,West,0,0,1,Hill Road,0,,0,,1,Overcast,224125,0,0,1,2,0,0,0,0,0,,0,0,Auckland Region,Nil,2-way,Sealed,0,0,1,0,50,0,Off,0,0,,76,Auckland,Nil,0,0,0,1,0,0,Urban,0,0,0,Fine,Null
1751628.9367,5931878.3369,908722,,508807,1,,0,1,,Null,2024/2025,WILLIAM PICKERING DRIVE,JOHN GLENN AVENUE,,Minor Crash,No,2025,,South,,0,,Flat,,,,,,Bright sun,180302,1,0,0,1,,,0,,,,,,Auckland Region,Nil,1-way,Sealed,,0,0,,50,,Off,0,0,,76,Auckland,Give way,,,,,0,0,Urban,0,,,Fine,Null
1778663.2632,5926892.4669,908723,,520801,0,0,0,1,0,East,2024/2025,CHURCH BAY ROAD,NICK JOHNSTONE DRIVE,,Serious Crash,No,2025,0,North,1,0,0,Flat,0,,0,,0,Bright sun,516013,0,0,0,2,0,0,0,0,0,,0,0,Auckland Region,Nil,2-way,Sealed,0,0,1,0,50,0,Off,0,0,,76,Auckland,Nil,0,0,0,0,0,0,Urban,0,0,0,Fine,Null
1769381.4866,5902249.5598,908725,,524901,0,,0,3,,North,2024/2025,SOUTHERN MOTORWAY,HILL ROAD ON RAMP,,Non-Injury Crash,Yes,2025,,North,,0,,Hill Road,,,,,,Dark,755600,0,0,0,3,,,0,,,,,,Auckland Region,Nil,1-way,Sealed,,0,0,,100,,On,0,0,,76,Auckland,Nil,,,,,0,0,Open,0,,,Fine,Null
1757649.3227,5928850.8997,908730,,507800,0,,0,1,,Null,2023/2024,KITCHENER ROAD,DODSON AVENUE,,Non-Injury Crash,No,2024,,West,,0,,Flat,,,,,,Overcast,310400,0,0,0,2,,,0,,,,,,Auckland Region,Nil,2-way,Sealed,,0,0,,50,,Off,1,0,,76,Auckland,Traffic Signals,,,,,0,0,Urban,0,,,Fine,Null
1757897.1174,5918082.4137,908733,,515700,0,,0,3,,South,2024/2025,SOUTHERN MOTORWAY,MAUNGAWHAU OBR,,Non-Injury Crash,Yes,2025,,North,,0,,Flat,,,,,,Overcast,443700,0,0,0,4,,,0,,,,,,Auckland Region,Motorway ramp,1-way,Sealed,,0,0,,80,,Off,0,0,,76,Auckland,Nil,,,,,0,0,Open,0,,,Fine,Null
1750686.8137,5915516.1483,908739,,514802,0,,0,2,,West,2025/2026,ASH STREET,ROSEBANK ROAD,,Minor Crash,No,2025,,West,,0,,Flat,,,,,,Twilight,387009,1,0,0,4,,,0,,,,,,Auckland Region,Nil,2-way,Sealed,,0,0,,50,,Off,0,0,,76,Auckland,Nil,,,,,0,0,Urban,0,,,Fine,Null
1752295.9932,5918059.1748,908745,,515001,0,,0,1,,West,2025/2026,GREAT NORTH ROAD,POINT CHEVALIER ROAD,,Minor Crash,No,2025,,East,,0,,Hill Road,,,,,,Bright sun,392400,1,0,0,6,,,0,,,,,,Auckland Region,Nil,2-way,Sealed,,0,0,,50,,Off,0,0,,76,Auckland,Nil,,,,,0,0,Urban,1,,,Fine,Null
1772348.4997,5914493.1959,908752,,521502,0,0,0,2,0,North,2024/2025,COOK STREET,KAYELEEN PLACE,,Non-Injury Crash,No,2025,0,South,0,0,0,Flat,0,,0,,0,Dark,652900,0,0,0,2,0,0,0,0,1,,0,0,Auckland Region,Nil,2-way,Sealed,0,0,0,0,50,0,On,0,0,30,76,Auckland,Nil,0,0,0,0,0,0,Urban,0,0,0,Fine,Null
1759471.2921,5908646.6516,908754,,524002,0,,0,1,,Null,2024/2025,WALMSLEY ROAD,CORONATION ROAD,,Non-Injury Crash,No,2025,,West,,0,,Flat,,,,,,Overcast,724101,0,0,0,3,,,0,,,,,,Auckland Region,Nil,2-way,Sealed,,0,0,,60,,Off,2,0,,76,Auckland,Nil,,,,,0,0,Urban,0,,,Fine,Null
1747480.8833,5940323.8581,908755,,506300,0,0,0,1,0,North,2025/2026,DAIRY STREAM ROAD,BAWDEN ROAD,,Minor Crash,No,2025,0,East,1,0,0,Hill Road,0,,0,,0,Bright sun,175904,1,0,0,2,0,0,0,0,0,,0,0,Auckland Region,Nil,2-way,Sealed,0,0,0,0,60,0,None,0,0,,76,Auckland,Nil,0,0,0,0,0,0,Urban,0,0,0,Fine,Null
1763592.8988,5912893.5601,908756,45,520500,0,0,0,1,0,North,2024/2025,SOUTH-EASTERN HWY OFF RAMP,SEART OBR,,Non-Injury Crash,No,2024,0,South,0,0,0,Flat,1,,0,,1,Overcast,637400,0,0,0,1,0,0,0,0,0,,0,0,Auckland Region,Overpass,1-way,Sealed,0,0,0,0,80,0,Off,0,0,,76,Auckland,Nil,0,0,0,0,0,0,Open,0,0,0,Fine,Null
1750272.6476,5918000.7072,908757,,514801,0,,0,1,,East,2024/2025,NORTH-WESTERN MOTORWAY,ROSEBANK ROAD OFF RAMP,,Non-Injury Crash,Yes,2025,,West,,0,,Flat,,,,,,Dark,390401,0,0,0,5,,,0,,,,,,Auckland Region,Nil,1-way,Sealed,,0,0,,100,,On,0,0,80,76,Auckland,Nil,,,,,0,0,Open,1,,,Fine,Null
1743663.9295,5919368.056,908758,,513212,0,,0,2,,Null,2025/2026,SWANSON ROAD,DON BUCK ROAD,,Non-Injury Crash,No,2025,,North,,0,,Flat,,,,,,Overcast,235711,0,0,0,2,,,0,,,,,,Auckland Region,Nil,2-way,Sealed,,0,0,,50,,Off,0,0,,76,Auckland,Give way,,,,,0,0,Urban,0,,,Fine,Null
1768115.1154,5906142.1212,908759,,523711,0,,0,0,,East,2024/2025,FLAT BUSH ROAD,RAPSON ROAD,,Non-Injury Crash,No,2025,,West,,0,,Flat,,,,,,Bright sun,714806,0,0,1,2,,,0,,,,,,Auckland Region,Nil,2-way,Sealed,,0,0,,50,,Off,0,0,,76,Auckland,Nil,,,,,0,0,Urban,1,,,Fine,Null
1769238.233,5881642.8849,908761,,525910,0,0,0,1,0,North,2025/2026,FRANKLIN ROAD,STADIUM DRIVE,,Minor Crash,No,2025,0,South,0,0,0,Hill Road,0,,0,,0,Dark,816600,1,0,0,2,0,0,0,0,0,,0,0,Auckland Region,Nil,2-way,Sealed,0,0,0,0,50,0,On,0,0,,76,Auckland,Nil,0,0,0,1,0,0,Urban,0,0,0,Light rain,Null
1756598.5357,5915067.0553,908764,,518302,0,0,0,2,0,North,2025/2026,MOUNT EDEN ROAD,RAHIRI ROAD,,Minor Crash,No,2025,0,North,0,0,1,Flat,0,,0,,1,Twilight,558500,1,0,0,4,0,0,0,0,1,,0,0,Auckland Region,Nil,2-way,Sealed,0,0,0,0,50,0,On,0,0,,76,Auckland,Nil,0,1,0,0,0,0,Urban,0,0,0,Fine,Strong wind
1765826.3036,5901401.2596,908769,,524711,0,0,0,1,0,North,2022/2023,FELLBROOK STREET,BROWNS ROAD,,Non-Injury Crash,No,2023,0,North,0,0,0,Flat,0,,0,,0,Overcast,775000,0,0,0,2,0,0,0,0,1,,0,0,Auckland Region,Nil,2-way,Sealed,0,0,0,0,50,0,Off,0,0,,76,Auckland,Nil,0,0,0,0,0,1,Urban,0,0,0,Fine,None
1751587.3539,5914528.1123,908772,,514402,0,0,0,2,0,South,2024/2025,BLOCKHOUSE BAY ROAD,ACTON PLACE,,Non-Injury Crash,No,2025,0,North,0,0,0,Hill Road,0,,0,,0,Dark,380503,0,0,0,2,0,0,0,0,1,,0,0,Auckland Region,Nil,2-way,Sealed,0,0,0,0,50,0,On,0,0,,76,Auckland,Nil,0,0,0,0,0,0,Urban,0,0,0,Fine,Null
1755181.9893,5926309.5537,908773,,509701,0,0,0,3,0,East,2024/2025,EBAN AVENUE,UPPINGHAM CRESCENT,,Non-Injury Crash,No,2024,0,West,0,0,0,Flat,0,,0,,0,Dark,363200,0,0,0,2,0,0,0,0,3,,0,0,Auckland Region,Nil,2-way,Sealed,0,0,0,0,50,0,None,1,0,,76,Auckland,Nil,0,0,0,0,0,0,Urban,0,0,0,Fine,Null
1750450.8352,5911837.7915,908774,,514700,0,,0,1,,South,2025/2026,PORTAGE ROAD,KINROSS STREET,,Minor Crash,No,2025,,South,,0,,Flat,,,,,,Dark,367300,1,0,0,3,,,0,,,,,,Auckland Region,Nil,2-way,Sealed,,0,0,,50,,On,0,1,,76,Auckland,Nil,,,,,0,0,Urban,1,,,Fine,Null
1762692.4008,5912554.2065,908775,45,519500,0,,0,2,,South,2022/2023,GREAT SOUTH ROAD,CHURCH STREET EAST,,Non-Injury Crash,No,2023,,South,,0,,Flat,,,,,,Bright sun,622700,0,0,0,4,,,0,,,,,,Auckland Region,Nil,2-way,Sealed,,0,0,,50,,Off,0,0,,76,Auckland,Nil,,,,,0,0,Urban,0,,,Fine,None
1757497.8058,5919164.611,908782,,514301,0,,0,1,,Null,2022/2023,GRAFTON BRIDGE,GRAFTON ROAD,,Non-Injury Crash,No,2023,,South,,0,,Flat,,,,,,Dark,441200,0,0,0,3,,,0,,,,,,Auckland Region,Nil,2-way,Sealed,,0,0,,30,,On,0,0,,76,Auckland,Traffic Signals,,,,,0,1,Urban,0,,,Fine,None
1755766.302,5926972.7323,908783,,508620,0,0,0,1,0,North,2022/2023,SUNNYBRAE ROAD,ELLEN AVENUE,,Non-Injury Crash,No,2023,0,South,0,0,0,Flat,0,,0,,0,Dark,204400,0,0,0,2,0,0,0,0,1,,0,0,Auckland Region,Nil,2-way,Sealed,0,0,0,0,50,0,On,1,0,,76,Auckland,Nil,0,0,0,0,0,0,Urban,0,0,0,Light rain,None
1753784.6134,5919070.1634,908784,,515431,0,,0,0,,Null,2024/2025,OLD MILL ROAD,WELLPARK AVENUE,,Minor Crash,No,2025,,West,,0,,Flat,,,,,,Dark,402800,1,1,0,2,,,0,,,,,,Auckland Region,Nil,2-way,Sealed,,0,0,,50,,On,0,0,,76,Auckland,Stop,,,,,0,0,Urban,0,,,Fine,Null
1758095.5666,5917534.9502,908789,,515700,0,,0,1,,East,2025/2026,ALPERS AVENUE,GILLIES AVENUE,,Non-Injury Crash,No,2025,,West,,0,,Flat,,,,,,Bright sun,443401,0,0,0,2,,,0,,,,,,Auckland Region,Nil,2-way,Sealed,,0,0,,50,,Off,0,0,,76,Auckland,Nil,,,,,0,0,Urban,2,,,Fine,Null
1760944.6074,5947650.2376,908791,,505904,0,0,0,1,0,North,2025/2026,WHANGAPARAOA ROAD,MOTUKETEKETE AVENUE,,Non-Injury Crash,No,2026,0,North,0,0,0,Flat,0,,0,,0,Bright sun,175006,0,0,0,2,0,0,0,0,0,,0,1,Auckland Region,Nil,2-way,Sealed,0,0,0,0,50,0,Off,0,0,,76,Auckland,Nil,0,0,0,0,0,0,Urban,0,0,0,Fine,Null
1757107.0595,5912572.8772,908792,,518702,0,,0,3,,North,2024/2025,SOUTH-WESTERN MOTORWAY,HILLSBOROUGH ROAD ON RAMP,,Non-Injury Crash,Yes,2025,,South,,0,,Hill Road,,,,,,Bright sun,570300,0,0,0,3,,,0,,,,,,Auckland Region,Nil,1-way,Sealed,,0,0,,100,,Off,0,0,,76,Auckland,Nil,,,,,0,0,Open,0,,,Fine,Null
1769500.6045,5907414.2046,908803,,523712,0,,0,1,,Null,2025/2026,ORMISTON ROAD,MICHAEL JONES DRIVE,,Non-Injury Crash,No,2026,,West,,0,,Flat,,,,,,Bright sun,712803,0,0,0,3,,,0,,,,,,Auckland Region,Nil,2-way,Sealed,,0,0,,50,,Null,0,0,,76,Auckland,Give way,,,,,0,0,Urban,1,,,Fine,Null
1757662.6475,5913570.3557,908805,,518702,0,,0,1,,Null,2025/2026,MOUNT ALBERT ROAD,PAH ROAD,,Non-Injury Crash,No,2025,,West,,0,,Flat,,,,,,Overcast,567900,0,0,0,5,,,0,,,,,,Auckland Region,Nil,2-way,Sealed,,0,0,,50,,Off,0,0,,76,Auckland,Traffic Signals,,,,,0,0,Urban,1,,,Light rain,Null
1750454.2208,5911914.3014,908807,,512100,0,,0,1,,Null,2025/2026,PORTAGE ROAD,KINROSS STREET,,Non-Injury Crash,No,2025,,South,,0,,Flat,,,,,,Bright sun,289400,0,0,0,2,,,0,,,,,,Auckland Region,Nil,2-way,Sealed,,0,0,,50,,Null,0,0,,76,Auckland,Give way,,,,,0,0,Urban,1,,,Hail or Sleet,Null
1755706.5067,5925711.9622,908812,,509702,0,,1,1,,Null,2023/2024,PEARN CRESCENT,KILHAM AVENUE,,Non-Injury Crash,No,2023,,East,,0,,Hill Road,,,,,,Bright sun,365700,0,0,0,2,,,0,,,,,,Auckland Region,Nil,2-way,Sealed,,0,0,,50,,Off,0,0,,76,Auckland,Nil,,,,,0,0,Urban,0,,,Fine,None
1759384.2554,5902970.1761,908813,,524200,0,0,0,2,0,South,2024/2025,ANDREW MCKEE AVENUE,GEORGE BOLT MEMORIAL DRIVE,,Non-Injury Crash,No,2024,0,West,0,0,0,Flat,0,,0,,0,Bright sun,727200,0,0,0,1,0,0,0,0,1,,0,0,Auckland Region,Nil,1-way,Sealed,0,0,0,0,10,0,Null,0,0,,76,Auckland,Nil,0,0,0,0,0,0,Urban,0,0,0,Null,Null
1764757.9775,5908437.7404,908814,,523404,0,,0,2,,South,2023/2024,GREAT SOUTH ROAD,CRACROFT STREET,,Non-Injury Crash,No,2024,,South,,0,,Flat,,,,,,Dark,696701,0,0,0,4,,,0,,,,,,Auckland Region,Nil,2-way,Sealed,,0,0,,50,,On,0,0,,76,Auckland,Nil,,,,,0,0,Urban,0,,,Fine,None
1755602.6655,5921349.5521,908817,,515202,0,0,0,1,0,South,2024/2025,NORTHERN MOTORWAY,SHELLY BEACH OBR,,Minor Crash,Yes,2025,0,North,0,0,0,Flat,1,Easter,0,,0,Dark,425600,1,0,0,4,0,0,0,0,0,,0,0,Auckland Region,Nil,1-way,Sealed,0,0,0,0,80,0,On,0,0,50,76,Auckland,Nil,0,0,0,0,1,0,Open,0,0,0,Light rain,Strong wind
1750744.2176,5915617.4403,908820,,514802,0,,0,2,,Null,2023/2024,ROSEBANK ROAD,ASPEN STREET,,Non-Injury Crash,No,2023,,East,,0,,Flat,,,,,,Unknown,386600,0,0,0,2,,,0,,,,,,Auckland Region,Nil,2-way,Sealed,,0,0,,50,,Off,0,0,,76,Auckland,Give way,,,,,0,0,Urban,0,,,Fine,None
1757945.1442,5913493.674,908821,,518702,0,,0,2,,Null,2024/2025,MOUNT ALBERT ROAD,CROWN STREET,,Minor Crash,No,2025,,East,,0,,Flat,,,,,,Bright sun,567900,1,0,0,4,,,0,,,,,,Auckland Region,Nil,2-way,Sealed,,0,0,,50,,Off,0,0,,76,Auckland,Stop,,,,,0,0,Urban,0,,,Fine,Null
1745766.5291,5920505.3281,908822,,513301,0,,0,2,,North,2023/2024,LINCOLN ROAD OFF RAMP,NORTH-WESTERN MOTORWAY,,Non-Injury Crash,No,2023,,West,,0,,Flat,,,,,,Bright sun,230301,0,0,0,6,,,0,,,,,,Auckland Region,Nil,2-way,Sealed,,0,0,,100,,None,0,0,,76,Auckland,Nil,,,,,0,0,Open,0,,,Fine,None
1767908.4149,5906405.9172,908824,,523711,0,0,0,1,0,Null,2024/2025,RAPSON ROAD,COLLETT ROAD,,Non-Injury Crash,No,2024,0,East,0,0,0,Flat,0,,0,,0,Dark,714600,0,0,0,2,0,0,0,0,0,,0,1,Auckland Region,Nil,2-way,Sealed,0,0,0,0,50,0,On,0,0,,76,Auckland,Stop,0,1,0,0,0,0,Urban,0,0,0,Fine,Null
1747476.3045,5914717.4134,908826,,511800,0,,0,1,,Null,2024/2025,GREAT NORTH ROAD,GLENVIEW ROAD,,Non-Injury Crash,No,2024,,South,,0,,Null,,,,,,Unknown,277902,0,0,0,4,,,0,,,,,,Auckland Region,Nil,2-way,Null,,0,0,,50,,Null,0,0,,76,Auckland,Traffic Signals,,,,,0,1,Urban,0,,,Null,Null
1753951.475,5914365.9599,908827,,518801,0,,0,2,,Null,2025/2026,STODDARD ROAD,SANDRINGHAM ROAD EXTENSION,,Non-Injury Crash,No,2025,,South,,0,,Flat,,,,,,Bright sun,577200,0,0,0,2,,,0,,,,,,Auckland Region,Nil,2-way,Sealed,,0,0,,50,,Off,0,0,,76,Auckland,Traffic Signals,,,,,0,0,Urban,0,,,Fine,Null
1757755.9348,5878528.3238,908828,,521152,0,0,0,0,0,South,2024/2025,WAIUKU ROAD,MORLEY ROAD,,Non-Injury Crash,No,2024,0,South,0,0,0,Hill Road,1,,0,,0,Overcast,832800,0,0,0,2,0,0,0,0,0,,0,0,Auckland Region,Nil,2-way,Sealed,0,0,0,0,80,0,None,1,0,,76,Auckland,Nil,0,0,0,0,0,0,Open,0,0,0,Light rain,Strong wind
1766151.5246,5908219.3786,908834,,523402,0,,0,2,,Null,2024/2025,BAIRDS ROAD,GILBERT ROAD,,Minor Crash,No,2025,,East,,0,,Flat,,,,,,Overcast,697300,1,0,0,2,,,0,,,,,,Auckland Region,Nil,2-way,Sealed,,0,0,,50,,Off,0,0,,76,Auckland,Give way,,,,,0,0,Urban,0,,,Fine,Null
1759584.223,5912724.063,908839,,519820,0,,0,2,,Null,2024/2025,VICTORIA STREET,GREY STREET,,Non-Injury Crash,No,2025,,North,,0,,Null,,Easter,,,,Unknown,600700,0,0,0,2,,,0,,,,,,Auckland Region,Nil,2-way,Null,,0,0,,50,,Null,0,0,,76,Auckland,Stop,,,,,0,0,Urban,0,,,Null,Null
1767180.5374,5906968.8227,908840,,523601,0,0,0,2,0,East,2024/2025,EVERITT ROAD,COOPER CRESCENT,,Non-Injury Crash,No,2025,0,West,0,0,0,Flat,0,,0,,0,Dark,708100,0,0,0,2,0,0,0,0,1,,0,0,Auckland Region,Nil,2-way,Sealed,0,0,0,0,30,0,On,0,0,,76,Auckland,Nil,0,0,0,0,0,0,Urban,0,0,0,Light rain,Null
1766726.6252,5904699.1903,908849,,524603,0,,0,0,,Null,2025/2026,LAMBIE DRIVE,CAVENDISH DRIVE,,Non-Injury Crash,No,2025,,South,,0,,Flat,,,,,,Bright sun,780205,0,0,0,4,,,0,,,,,,Auckland Region,Nil,1-way,Sealed,,0,0,,50,,Null,1,0,,76,Auckland,Traffic Signals,,,,,0,0,Urban,1,,,Fine,Null
1755348.9186,5931861.6006,908850,,507400,0,,0,2,,Null,2024/2025,EAST COAST ROAD,SUNSET ROAD,,Non-Injury Crash,No,2025,,South,,0,,Hill Road,,,,,,Bright sun,151201,0,0,0,1,,,0,,,,,,Auckland Region,Nil,1-way,Sealed,,0,0,,50,,Off,0,0,,76,Auckland,Give way,,,,,0,0,Urban,0,,,Fine,Null
1776162.9704,5884760.8886,908851,,521132,0,,0,1,,North,2025/2026,SOUTHERN MOTORWAY,ST STEPHENS OBR,,Non-Injury Crash,Yes,2025,,North,,0,,Hill Road,,,,,,Overcast,814701,0,0,0,2,,,0,,,,,,Auckland Region,Nil,1-way,Sealed,,0,0,,100,,Off,1,0,,76,Auckland,Nil,,,,,0,0,Open,0,,,Fine,Null
1758732.9826,5911628.6457,908852,35,519810,0,0,0,1,0,South,2024/2025,GLOUCESTER PARK ROAD,NEILSON STREET,,Non-Injury Crash,No,2025,0,South,0,0,0,Flat,1,,0,,0,Dark,602200,0,0,0,3,0,0,0,0,0,,0,0,Auckland Region,Motorway ramp,1-way,Sealed,0,0,0,0,50,0,On,0,0,,76,Auckland,Nil,0,0,0,0,0,0,Urban,0,0,0,Fine,Null
1762810.0975,5917315.0728,908860,,516301,0,0,0,2,0,Null,2024/2025,ST JOHNS ROAD,LAVENDER COURT,,Non-Injury Crash,No,2025,0,South,0,0,0,Flat,0,,0,,0,Overcast,459500,0,0,0,2,0,0,0,0,1,,0,0,Auckland Region,Nil,2-way,Sealed,0,0,0,0,50,0,Off,0,0,,76,Auckland,Stop,0,0,0,0,0,0,Urban,0,0,0,Light rain,Null
1764848.8272,5910006.4161,908863,,521802,0,,0,1,,East,2025/2026,AVENUE ROAD,WATER STREET,,Non-Injury Crash,No,2025,,West,,0,,Flat,,,,,,Bright sun,788201,0,0,0,2,,,0,,,,,,Auckland Region,Nil,2-way,Sealed,,0,0,,50,,None,0,0,,76,Auckland,Nil,,,,,0,1,Urban,0,,,Fine,Null
1749791.0916,5928184.5735,908867,,509100,0,,0,1,,East,2024/2025,UPPER HARBOUR MOTORWAY,UPPER HARBOUR BR,,Non-Injury Crash,Yes,2025,,North,,0,,Hill Road,,,,,,Bright sun,181902,0,0,0,2,,,0,,,,,,Auckland Region,Nil,1-way,Sealed,,0,0,,100,,Off,0,0,,76,Auckland,Nil,,,,,1,0,Open,0,,,Fine,Null
1744094.3998,5919236.365,908869,,513302,0,0,0,2,0,Null,2025/2026,MILDMAY ROAD,HARRINGTON ROAD,,Non-Injury Crash,No,2025,0,South,0,0,0,Flat,0,,0,,0,Dark,234000,0,0,0,2,0,0,0,0,1,,0,0,Auckland Region,Nil,2-way,Sealed,0,0,0,0,50,0,None,0,0,,76,Auckland,Nil,0,0,0,0,0,0,Urban,0,0,0,Fine,Null
1767587.6883,5904658.3323,908876,,524604,0,,0,2,,Null,2022/2023,GREAT SOUTH ROAD,BAKERFIELD PLACE,,Non-Injury Crash,No,2023,,South,,0,,Flat,,,,,,Overcast,780302,0,0,0,4,,,0,,,,,,Auckland Region,Nil,1-way,Sealed,,0,0,,50,,On,0,0,,76,Auckland,Traffic Signals,,,,,0,0,Urban,0,,,Fine,None
1767379.3178,5906131.7988,908878,,523601,0,,0,2,,North,2024/2025,SOUTHERN MOTORWAY,TE IRIRANGI DRIVE OFF RAMP,,Minor Crash,Yes,2025,,South,,0,,Hill Road,,,,,,Overcast,707200,1,0,0,3,,,0,,,,,,Auckland Region,Nil,1-way,Sealed,,0,0,,100,,Off,0,0,,76,Auckland,Nil,,,,,0,0,Open,0,,,Fine,Null
1761048.2926,5916583.7151,908883,,516002,0,,0,1,,East,2025/2026,GREEN LANE EAST,GRAND VIEW ROAD,,Non-Injury Crash,No,2025,,East,,0,,Hill Road,,,,,,Bright sun,494200,0,0,0,2,,,0,,,,,,Auckland Region,Nil,2-way,Sealed,,0,0,,50,,Off,1,0,,76,Auckland,Nil,,,,,0,0,Urban,0,,,Fine,Null
1767714.1286,5905043.6966,908884,,524604,0,0,0,1,0,Null,2024/2025,TE IRIRANGI DRIVE,TE IRIRANGI DRIVE ON RAMP,,Non-Injury Crash,No,2024,0,West,0,0,0,Flat,0,,0,,0,Bright sun,780302,0,0,0,3,0,0,0,0,0,,0,0,Auckland Region,Motorway ramp,1-way,Sealed,0,0,0,0,50,0,Off,0,0,,76,Auckland,Give way,1,1,0,0,0,0,Urban,0,0,0,Fine,Null
1763545.6255,5912736.1341,908886,,520500,0,0,0,1,0,East,2024/2025,SOUTHERN MOTORWAY,MOUNT WELLINGTON HWY OFF RAMP,,Minor Crash,Yes,2025,0,East,0,0,0,Flat,1,,0,,0,Dark,637400,1,0,0,3,0,0,0,0,0,,0,0,Auckland Region,Nil,1-way,Sealed,0,0,0,0,100,0,On,0,0,,76,Auckland,Nil,0,0,0,0,0,0,Open,0,0,0,Fine,Null
1764061.2244,5908931.8025,908890,,521901,0,0,0,1,0,West,2024/2025,MANGERE ROAD,PIKI THOMPSON WAY,,Non-Injury Crash,No,2024,0,East,0,0,0,Flat,0,,0,,0,Dark,785300,0,0,0,4,0,0,0,0,1,,0,0,Auckland Region,Nil,2-way,Sealed,0,0,0,0,50,0,On,0,0,,76,Auckland,Nil,0,0,0,0,0,0,Urban,1,0,0,Fine,Null
1757469.7771,5921086.6515,908891,,514101,0,,0,1,,Null,2024/2025,QUAY STREET,LOWER ALBERT STREET,,Non-Injury Crash,No,2025,,North,,0,,Flat,,,,,,Dark,438209,0,0,0,2,,,0,,,,,,Auckland Region,Nil,2-way,Sealed,,0,0,,30,,On,0,0,,76,Auckland,Traffic Signals,,,,,0,1,Urban,0,,,Fine,Null
1744063.1634,5920865.1682,908902,,513632,0,0,0,1,0,North,2024/2025,CUSHLA PLACE,REHIA ROAD,,Minor Crash,No,2024,0,North,0,0,1,Hill Road,0,Christmas New Year,0,,0,Overcast,229300,1,0,0,2,0,0,0,0,1,,0,0,Auckland Region,Nil,2-way,Sealed,0,0,0,0,50,0,Off,0,0,,76,Auckland,Nil,0,0,0,0,0,0,Urban,1,0,0,Fine,Null
1769095.1498,5911515.1859,908907,,523113,0,,0,4,,East,2024/2025,TI RAKAU DRIVE,HARRIS ROAD,,Non-Injury Crash,No,2024,,West,,0,,Flat,,,,,,Bright sun,711703,0,0,0,3,,,0,,,,,,Auckland Region,Nil,1-way,Sealed,,0,0,,50,,Null,0,0,40,76,Auckland,Nil,,,,,0,0,Urban,0,,,Fine,Null
1770705.0978,5900671.2264,908909,,523817,0,0,0,2,0,North,2025/2026,NEARCO STREET,HYPERION DRIVE,,Non-Injury Crash,No,2026,0,West,0,0,0,Flat,0,,0,,0,Dark,759702,0,0,0,2,0,0,0,0,1,,0,0,Auckland Region,Nil,2-way,Sealed,0,0,0,0,50,0,Null,0,0,,76,Auckland,Nil,0,0,0,0,0,0,Urban,0,0,0,Fine,Null