X,Y,OBJECTID,advisorySpeed,areaUnitID,bicycle,bridge,bus,carStationWagon,cliffBank,crashDirectionDescription,crashFinancialYear,crashLocation1,crashLocation2,crashRoadSideRoad,crashSeverity,crashSHDescription,crashYear,debris,directionRoleDescription,ditch,fatalCount,fence,flatHill,guardRail,holiday,houseOrBuilding,intersection,kerb,light,meshblockId,minorInjuryCount,moped,motorcycle,NumberOfLanes,objectThrownOrDropped,otherObject,otherVehicleType,overBank,parkedVehicle,pedestrian,phoneBoxEtc,postOrPole,region,roadCharacter,roadLane,roadSurface,roadworks,schoolBus,seriousInjuryCount,slipOrFlood,speedLimit,strayAnimal,streetLight,suv,taxi,temporarySpeedLimit,tlaId,tlaName,trafficControl,trafficIsland,trafficSign,train,tree,truck,unknownVehicleType,urban,vanOrUtility,vehicle,waterRiver,weatherA,weatherB
1755914.4395,5929144.6916,908917,,508510,0,0,0,1,0,West,2024/2025,TRISTRAM AVENUE,RAINES AVENUE,,Non-Injury Crash,No,2025,0,East,0,0,0,Null,0,,0,,0,Unknown,195600,0,0,0,3,0,0,0,0,1,,0,0,Auckland Region,Nil,2-way,Sealed,0,0,0,0,50,0,Null,1,0,,76,Auckland,Nil,0,0,0,0,0,0,Urban,0,0,0,Fine,Null
1770540.952,5910686.3714,908922,,523109,0,,0,1,,North,2024/2025,CHAPEL ROAD,CHAPEL ROAD,,Non-Injury Crash,No,2024,,North,,0,,Null,,,,,,Bright sun,711709,0,0,0,2,,,0,,,,,,Auckland Region,Nil,2-way,Sealed,,0,0,,50,,Null,0,0,,76,Auckland,Nil,,,,,0,1,Urban,0,,,Fine,Null
1756813.4257,5926443.7028,908925,,509702,0,,0,2,,North,2024/2025,NORTHERN MOTORWAY,AKORANGA FTBR,,Non-Injury Crash,Yes,2025,,North,,0,,Flat,,,,,,Dark,364602,0,0,0,3,,,0,,,,,,Auckland Region,Nil,1-way,Sealed,,0,0,,100,,On,0,0,,76,Auckland,Nil,,,,,0,0,Open,0,,,Fine,Null
1764289.3429,5916933.8191,908927,,520301,0,,0,1,,Null,2024/2025,MERTON ROAD,TISDALL CRESCENT,,Non-Injury Crash,No,2025,,West,,0,,Hill Road,,,,,,Bright sun,465302,0,0,0,2,,,0,,,,,,Auckland Region,Nil,2-way,Sealed,,0,0,,50,,Off,1,0,,76,Auckland,Stop,,,,,0,0,Urban,0,,,Fine,Null
1759907.2195,5906266.725,908936,,524111,0,,0,2,,East,2025/2026,MASSEY ROAD,PLUMLEY CRESCENT,,Non-Injury Crash,No,2025,,East,,0,,Flat,,,,,,Bright sun,740400,0,0,0,2,,,0,,,,,,Auckland Region,Nil,2-way,Sealed,,0,0,,50,,None,1,0,,76,Auckland,Nil,,,,,0,0,Urban,0,,,Fine,Null
1766897.7458,5907808.7192,908938,,523501,0,,0,2,,Null,2025/2026,KEW LANE,BAIRDS ROAD,,Non-Injury Crash,No,2025,,East,,0,,Flat,,,,,,Dark,700700,0,0,0,2,,,0,,,,,,Auckland Region,Nil,2-way,Sealed,,0,0,,50,,On,0,0,,76,Auckland,Give way,,,,,0,0,Urban,0,,,Fine,Null
1735435.1339,5929940.3242,908941,,505605,0,,0,1,,East,2024/2025,SH 16,MATUA ROAD,,Non-Injury Crash,Yes,2024,,East,,0,,Flat,,,,,,Bright sun,215800,0,0,0,2,,,0,,,,,,Auckland Region,Nil,2-way,Sealed,,0,0,,80,,None,0,0,60,76,Auckland,Nil,,,,,0,0,Open,1,,,Fine,Null
1750212.0271,5929131.6488,908947,,509100,0,0,0,2,0,East,2025/2026,GREENHITHE ROAD,DURBIN COURT,,Non-Injury Crash,No,2025,0,East,0,0,0,Hill Road,0,,0,,1,Dark,181302,0,0,0,2,0,0,0,0,1,,0,0,Auckland Region,Nil,2-way,Sealed,0,0,0,0,50,0,On,0,0,,76,Auckland,Nil,0,0,0,0,0,0,Urban,0,0,0,Light rain,Null
1759262.6316,5926020.1133,908948,,508020,0,0,0,1,0,North,2025/2026,LAKE ROAD,NORTHUMBERLAND AVENUE,,Serious Crash,No,2026,0,North,0,0,0,Hill Road,0,Christmas New Year,0,,0,Dark,321800,0,0,0,2,0,0,0,0,0,,1,0,Auckland Region,Nil,2-way,Sealed,0,0,1,0,50,0,On,0,0,,76,Auckland,Nil,0,0,0,1,0,0,Urban,0,0,0,Light rain,Null
1743964.9188,5943720.8792,908952,,506614,0,0,0,1,0,North,2024/2025,AUSTIN ROAD,BLAKE LANE,,Non-Injury Crash,No,2024,0,North,0,0,0,Hill Road,0,,0,,0,Bright sun,177801,0,0,0,2,0,0,0,0,0,,0,0,Auckland Region,Nil,2-way,Unsealed,0,0,0,0,60,0,None,0,0,,76,Auckland,Nil,0,0,0,1,0,0,Urban,0,0,0,Fine,Null
1756595.5086,5928034.6812,908954,,507900,0,0,0,3,0,East,2025/2026,SHAKESPEARE ROAD,BROOK STREET,,Non-Injury Crash,No,2025,0,North,0,0,0,Flat,0,,0,,0,Overcast,305600,0,0,0,2,0,0,0,0,1,,0,0,Auckland Region,Nil,2-way,Sealed,0,0,0,0,50,0,Off,0,0,,76,Auckland,Nil,0,0,0,0,0,0,Urban,0,0,0,Fine,Null
1757923.3388,5918052.2671,908955,,515700,0,,0,0,,South,2025/2026,SOUTHERN MOTORWAY,MAUNGAWHAU OBR,,Non-Injury Crash,Yes,2025,,North,,0,,Flat,,,,,,Bright sun,443700,0,0,0,4,,,0,,,,,,Auckland Region,Nil,1-way,Sealed,,0,0,,80,,Off,1,0,,76,Auckland,Nil,,,,,1,0,Open,0,,,Fine,Null
1765560.8145,5908184.3665,908956,,523403,0,,0,2,,Null,2024/2025,BAIRDS ROAD,WYMONDLEY ROAD,,Non-Injury Crash,No,2025,,East,,0,,Flat,,,,,,Dark,696600,0,0,0,2,,,0,,,,,,Auckland Region,Nil,2-way,Sealed,,0,0,,50,,On,0,0,20,76,Auckland,Traffic Signals,,,,,0,0,Urban,0,,,Fine,Null
1770575.805,5910857.5073,908959,,523109,0,0,0,0,0,North,2024/2025,CHAPEL ROAD,TOWN CENTRE DRIVE,,Non-Injury Crash,No,2025,0,North,0,0,1,Flat,0,,0,,0,Dark,711709,0,0,0,2,0,0,0,0,0,,0,0,Auckland Region,Nil,2-way,Sealed,0,0,0,0,50,0,On,1,0,20,76,Auckland,Nil,0,0,0,0,0,0,Urban,0,0,0,Fine,Null
1759315.3724,5910816.221,908961,,524002,0,,0,3,,North,2024/2025,SOUTH-WESTERN MOTORWAY,RIMU ROAD ON RAMP,,Non-Injury Crash,Yes,2025,,North,,0,,Flat,,,,,,Overcast,722400,0,0,0,4,,,0,,,,,,Auckland Region,Bridge,1-way,Sealed,,0,0,,100,,Off,0,0,,76,Auckland,Nil,,,,,0,0,Open,0,,,Fine,Null
1758800.8681,5912421.5159,908963,,519820,0,,0,1,,Null,2024/2025,SELWYN STREET,ARTHUR STREET,,Non-Injury Crash,No,2024,,South,,0,,Flat,,,,,,Bright sun,600400,0,0,0,2,,,0,,,,,,Auckland Region,Nil,2-way,Sealed,,0,0,,50,,Off,1,0,,76,Auckland,Stop,,,,,0,0,Urban,0,,,Fine,Null
1751402.8333,5947388.7446,908965,,505807,0,,0,2,,South,2024/2025,ALBATROSS ROAD,FAIRWAY AVENUE,,Non-Injury Crash,No,2024,,South,,0,,Flat,,,,,,Bright sun,172803,0,0,0,2,,,0,,,,,,Auckland Region,Nil,2-way,Sealed,,0,0,,50,,Null,0,0,,76,Auckland,Nil,,,,,0,0,Urban,0,,,Fine,Null
1747844.6885,5914403.2613,908968,,511100,0,,0,1,,South,2024/2025,GREAT NORTH ROAD,KEVIN COURT,,Serious Crash,No,2025,,South,,0,,Flat,,,,,,Overcast,285302,0,0,1,4,,,0,,,,,,Auckland Region,Nil,2-way,Sealed,,0,1,,40,,Off,0,0,,76,Auckland,Nil,,,,,0,0,Urban,0,,,Fine,Null
1746994.2658,5915130.8984,908969,,511800,0,,0,2,,Null,2024/2025,GREAT NORTH ROAD,HEPBURN ROAD,,Minor Crash,No,2025,,North,,0,,Hill Road,,,,,,Overcast,277902,1,0,0,4,,,0,,,,,,Auckland Region,Nil,2-way,Sealed,,0,0,,50,,Off,0,0,,76,Auckland,Traffic Signals,,,,,0,0,Urban,0,,,Fine,Null
1760764.8073,5917108.3109,908974,,516202,0,0,0,2,0,South,2025/2026,ORAKEI ROAD,RANGITOTO AVENUE,,Non-Injury Crash,No,2025,0,South,0,0,0,Hill Road,0,,0,,0,Dark,489500,0,0,0,2,0,0,0,0,1,,0,0,Auckland Region,Nil,2-way,Sealed,0,0,0,0,50,0,On,0,1,,76,Auckland,Nil,0,0,0,0,0,0,Urban,0,0,0,Light rain,Null
1764149.7097,5910125.0347,908979,,521901,0,,0,1,,Null,2025/2026,PRINCES STREET,ATKINSON AVENUE,,Non-Injury Crash,No,2025,,West,,0,,Flat,,,,,,Dark,782200,0,0,0,4,,,0,,,,,,Auckland Region,Nil,2-way,Sealed,,0,0,,50,,On,1,0,,76,Auckland,Traffic Signals,,,,,0,0,Urban,0,,,Heavy rain,Null
1766665.2598,5912933.746,908984,45,522910,0,,0,2,,Null,2023/2024,REEVES ROAD,TI RAKAU DRIVE,,Non-Injury Crash,No,2023,,South,,0,,Flat,,,,,,Overcast,684000,0,0,0,4,,,0,,,,,,Auckland Region,Nil,2-way,Sealed,,0,0,,50,,Off,0,0,,76,Auckland,Traffic Signals,,,,,0,0,Urban,0,,,Light rain,None
1760100.5585,5915928.9574,908990,,516002,0,,0,2,,Null,2025/2026,GREEN LANE EAST,GREEN LANE EAST ON RAMP,,Minor Crash,No,2025,,North,,0,,Hill Road,,,,,,Bright sun,492100,1,0,0,2,,,0,,,,,,Auckland Region,Motorway ramp,1-way,Sealed,,0,0,,50,,Off,0,0,,76,Auckland,Give way,,,,,0,0,Urban,0,,,Fine,Null
1758928.3984,5913206.3667,909000,,519710,0,,0,0,,Null,2025/2026,MOUNT SMART ROAD,ONEHUNGA MALL,,Serious Crash,No,2025,,East,,0,,Flat,,,,,,Overcast,595700,1,0,1,4,,,0,,,,,,Auckland Region,Nil,2-way,Sealed,,0,1,,50,,Off,1,0,,76,Auckland,Traffic Signals,,,,,0,0,Urban,0,,,Fine,Null
1772150.2483,5897162.2084,909001,,525420,0,0,0,2,0,Null,2024/2025,GREAT SOUTH ROAD,YOUNGS ROAD,,Non-Injury Crash,No,2024,0,South,0,0,1,Flat,0,,0,,0,Bright sun,791201,0,0,0,2,0,0,0,0,0,1,0,0,Auckland Region,Nil,2-way,Sealed,0,0,0,0,50,0,Off,0,0,,76,Auckland,Stop,0,0,0,0,0,0,Urban,0,0,0,Fine,Null
1770553.953,5898743.604,909002,,523911,0,,0,1,,Null,2024/2025,MARU ROAD,GREAT SOUTH ROAD,,Non-Injury Crash,No,2024,,West,,0,,Null,,,,,,Bright sun,768200,0,0,0,2,,,0,,,,,,Auckland Region,Nil,2-way,Sealed,,0,0,,50,,Null,0,0,,76,Auckland,Stop,,,,,0,0,Urban,1,,,Fine,Null
1744025.2143,5919624.4007,909003,,513301,0,,0,2,,Null,2024/2025,UNIVERSAL DRIVE,ZODIAC STREET,,Non-Injury Crash,No,2024,,North,,0,,Flat,,,,,,Overcast,233800,0,0,0,2,,,0,,,,,,Auckland Region,Nil,2-way,Sealed,,0,0,,50,,Off,0,0,,76,Auckland,Give way,,,,,0,0,Urban,0,,,Fine,Null
1753703.5789,5914536.7502,909008,,518801,0,,0,2,,South,2025/2026,STODDARD ROAD,MAIORO STREET,,Minor Crash,No,2025,,South,,0,,Flat,,,,,,Dark,578500,1,0,0,3,,,0,,,,,,Auckland Region,Nil,2-way,Sealed,,0,0,,50,,On,0,0,,76,Auckland,Nil,,,,,0,0,Urban,0,,,Fine,Null
1758881.6885,5911929.9467,909011,,519820,0,,0,1,,East,2024/2025,PRINCES STREET,SELWYN STREET,,Non-Injury Crash,No,2024,,West,,0,,Null,,,,,,Bright sun,602300,0,0,0,2,,,0,,,,,,Auckland Region,Nil,2-way,Null,,0,0,,50,,Off,0,0,,76,Auckland,Nil,,,,,0,1,Urban,0,,,Fine,Null
1774158.7368,5897073.4362,909012,,525610,0,0,0,1,0,Null,2024/2025,SUTTON CRESCENT,BUSING AVENUE,,Non-Injury Crash,No,2024,0,South,0,0,1,Flat,0,,0,,1,Bright sun,796600,0,0,0,2,0,0,0,0,0,,0,0,Auckland Region,Nil,2-way,Sealed,0,0,0,0,50,0,Off,0,0,,76,Auckland,Give way,0,0,0,1,0,0,Urban,0,0,0,Fine,Null
1771961.0624,5914396.5717,909015,,521602,0,0,0,1,0,East,2024/2025,BAIRD STREET,MOORE STREET,,Non-Injury Crash,No,2024,0,East,0,0,0,Flat,0,,0,,0,Dark,650300,0,0,0,2,0,0,0,0,1,,0,0,Auckland Region,Nil,2-way,Sealed,0,0,0,0,50,0,Null,0,0,,76,Auckland,Nil,0,0,0,0,0,1,Urban,0,0,0,Fine,Null
1754518.1301,5930859.8235,909016,,508520,0,,0,4,,North,2025/2026,NORTHERN MOTORWAY,UPPER HARBOUR HWY ON RAMP,,Minor Crash,Yes,2025,,South,,0,,Flat,,,,,,Dark,191107,1,0,0,2,,,0,,,,,,Auckland Region,Motorway ramp,1-way,Sealed,,0,0,,100,,On,0,0,,76,Auckland,Nil,,,,,0,0,Open,0,,,Heavy rain,Null
1743633.6864,5927151.3523,909017,,513410,0,,0,2,,Null,2025/2026,BOYES AVENUE,HAREWOOD STREET,,Non-Injury Crash,No,2025,,North,,0,,Flat,,,,,,Overcast,219900,0,0,0,2,,,0,,,,,,Auckland Region,Nil,2-way,Sealed,,0,0,,50,,Off,0,0,,76,Auckland,Give way,,,,,0,0,Urban,0,,,Light rain,Null
1773371.7645,5898497.8252,909018,,523912,0,0,0,2,0,East,2025/2026,WALTERS ROAD,LEATHERWOOD ROAD,,Non-Injury Crash,No,2025,0,West,0,0,0,Flat,0,,0,,0,Dark,765401,0,0,0,2,0,0,0,0,1,,0,0,Auckland Region,Nil,2-way,Sealed,0,0,0,0,50,0,On,0,0,,76,Auckland,Nil,0,0,0,0,0,0,Urban,0,0,0,Fine,Null
1759634.7166,5906437.43,909021,,524111,0,0,0,2,0,North,2025/2026,JORDAN ROAD,KIRKBRIDE ROAD,,Non-Injury Crash,No,2025,0,South,0,0,0,Flat,0,,0,,0,Bright sun,740200,0,0,0,2,0,0,0,0,1,,0,0,Auckland Region,Nil,2-way,Sealed,0,0,0,0,50,0,Null,0,0,,76,Auckland,Nil,0,0,0,0,0,0,Urban,0,0,0,Fine,Null
1758915.4081,5912962.3041,909023,,519820,0,0,0,2,0,West,2024/2025,TRAFALGAR STREET,ONEHUNGA MALL,,Non-Injury Crash,No,2024,0,East,0,0,0,Flat,0,,1,,1,Overcast,599400,0,0,0,2,0,1,0,0,0,,0,0,Auckland Region,Nil,2-way,Sealed,0,0,0,0,50,0,Off,0,0,,76,Auckland,Nil,0,0,0,0,0,0,Urban,0,0,0,Heavy rain,Null
1760121.3853,5915954.4063,909025,,516002,0,0,0,1,0,South,2024/2025,SOUTHERN MOTORWAY,GREENLANE INT N,,Non-Injury Crash,Yes,2024,0,North,0,0,0,Flat,1,,0,,0,Dark,492100,0,0,0,3,0,0,0,0,0,,0,0,Auckland Region,Nil,1-way,Sealed,0,0,0,0,100,0,On,0,0,,76,Auckland,Nil,0,0,0,0,0,0,Open,0,0,0,Fine,Null
1759642.8147,5907947.6617,909031,,524122,0,,0,1,,Null,2024/2025,BADER DRIVE,ELMDON STREET,,Non-Injury Crash,No,2024,,South,,0,,Flat,,,,,,Dark,737802,0,0,0,2,,,0,,,,,,Auckland Region,Nil,2-way,Sealed,,0,0,,50,,Off,0,0,,76,Auckland,Give way,,,,,0,0,Urban,0,,,Fine,Null
1752100.4352,5933615.1958,909032,,508701,0,0,0,0,0,North,2025/2026,DAIRY FLAT HIGHWAY,UNIVERSITY AVENUE,,Non-Injury Crash,No,2025,0,North,0,0,0,Flat,0,,0,,0,Dark,178900,0,0,0,2,0,0,0,0,0,,0,1,Auckland Region,Nil,2-way,Sealed,0,0,0,0,80,0,On,1,0,,76,Auckland,Nil,0,0,0,1,0,0,Open,0,0,0,Heavy rain,Null
1764820.8662,5903713.9975,909033,,524604,0,,0,1,,East,2024/2025,CAVENDISH DRIVE OFF RAMP,ROSCOMMON ROAD,,Minor Crash,No,2024,,West,,0,,Flat,,,,,,Bright sun,781200,1,0,0,3,,,0,,,,,,Auckland Region,Motorway ramp,1-way,Sealed,,0,0,,60,,None,0,0,,76,Auckland,Nil,,,,,0,0,Urban,2,,,Fine,Null
1768597.8897,5905375.4152,909037,,523721,0,0,0,2,0,North,2024/2025,BOUNDARY ROAD,TE IRIRANGI DRIVE,,Non-Injury Crash,No,2024,0,East,0,0,0,Flat,0,,0,,0,Dark,715613,0,0,0,2,0,0,0,0,1,,0,0,Auckland Region,Nil,2-way,Sealed,0,0,0,0,50,0,On,0,0,,76,Auckland,Nil,0,0,0,0,0,0,Urban,0,0,0,Fine,Null
1757935.2217,5918036.9709,909039,,515700,0,,0,2,,North,2024/2025,SOUTHERN MOTORWAY,GILLIES AVENUE ON RAMP,,Minor Crash,Yes,2024,,North,,0,,Flat,,,,,,Twilight,443700,1,0,0,4,,,0,,,,,,Auckland Region,Nil,1-way,Sealed,,0,0,,80,,Off,1,0,,76,Auckland,Nil,,,,,0,0,Open,1,,,Fine,Null
1768298.1979,5899913.556,909040,,525101,0,0,0,2,0,North,2023/2024,COXHEAD ROAD,O'CONNELL STREET,,Non-Injury Crash,No,2024,0,North,0,0,1,Flat,0,,1,,0,Overcast,772500,0,0,0,2,0,0,0,0,1,,0,0,Auckland Region,Nil,2-way,Sealed,0,0,0,0,50,0,Off,0,0,,76,Auckland,Nil,0,0,0,0,0,0,Urban,0,0,0,Heavy rain,Null
1740348.1295,5981946.9713,909041,,506660,0,0,0,0,0,North,2024/2025,WAYBY VALLEY ROAD,WILSON ROAD,,Minor Crash,No,2024,0,North,0,0,1,Hill Road,0,,0,,0,Twilight,136700,1,0,0,2,0,0,0,0,0,,0,0,Auckland Region,Nil,2-way,Sealed,0,0,0,0,100,0,None,0,0,,76,Auckland,Nil,0,0,0,0,0,0,Open,1,0,0,Fine,Null
1783367.5033,5923520.5633,909042,,520801,0,,0,0,,North,2024/2025,VALLEY ROAD,WAIRUA ROAD,,Minor Crash,No,2025,,South,,0,,Hill Road,,,,,,Overcast,515614,1,0,0,2,,,0,,,1,,,Auckland Region,Nil,2-way,Sealed,,0,0,,30,,Off,0,0,,76,Auckland,Nil,,,,,0,0,Urban,1,,,Fine,Null
1746106.0497,5909370.8217,909045,,512700,0,0,0,1,0,North,2024/2025,LAINGHOLM DRIVE,HELIOS PLACE,,Minor Crash,No,2024,0,West,0,0,0,Hill Road,0,,0,,0,Dark,300702,1,0,0,2,0,0,0,0,0,,0,0,Auckland Region,Nil,2-way,Sealed,0,0,0,0,60,0,On,1,0,,76,Auckland,Nil,0,0,0,0,0,0,Urban,0,1,0,Fine,Null
1758099.1056,5917672.4838,909046,,515700,0,,0,2,,South,2023/2024,GILLIES AVENUE,GILLIES AVENUE ON RAMP,,Non-Injury Crash,No,2024,,North,,0,,Flat,,,,,,Dark,443700,0,0,0,4,,,0,,,,,,Auckland Region,Motorway ramp,2-way,Sealed,,0,0,,50,,On,0,0,,76,Auckland,Nil,,,,,0,0,Urban,0,,,Fine,Strong wind
1773830.9848,5895590.3512,909054,,525510,0,0,0,1,0,North,2025/2026,SMITHS AVENUE,CALVERT STREET,,Non-Injury Crash,No,2025,0,North,0,0,1,Flat,0,,0,,0,Overcast,800800,0,0,0,2,0,0,0,0,0,,0,0,Auckland Region,Nil,2-way,Sealed,0,0,0,0,50,0,Off,0,0,,76,Auckland,Nil,0,0,0,0,0,0,Urban,0,0,0,Light rain,Null
1761387.0509,5920141.2201,909055,,516400,0,,0,2,,East,2024/2025,TAMAKI DRIVE,POKANOA POINT ENT,,Minor Crash,No,2024,,East,,0,,Flat,,,,,,Overcast,496600,2,0,0,3,,,0,,,,,,Auckland Region,Nil,2-way,Sealed,,0,0,,50,,Off,1,0,,76,Auckland,Give way,,,,,0,0,Urban,0,,,Light rain,Null
1741939.243,5976166.0681,909058,75,506661,0,,0,0,,East,2025/2026,SH 1,FALLS BR,,Non-Injury Crash,Yes,2025,,North,,0,,Hill Road,,,,,,Overcast,139000,0,0,0,2,,,0,,,,,,Auckland Region,Nil,1-way,Sealed,,0,0,,80,,None,1,0,,76,Auckland,Nil,,,,,0,0,Open,0,,,Fine,Null
1768845.6934,5900903.5069,909059,25,525001,0,,0,1,,North,2023/2024,GREAT SOUTH ROAD,WEYMOUTH ROAD,,Non-Injury Crash,No,2024,,North,,0,,Flat,,,,,,Dark,751600,0,0,0,2,,,0,,,,,,Auckland Region,Nil,2-way,Sealed,,0,0,,50,,Off,0,0,,76,Auckland,Nil,,,,,0,0,Urban,0,,,Fine,None
1758439.102,5917424.4644,909061,,516001,0,,0,2,,South,2023/2024,GREAT SOUTH ROAD,ST MARKS ROAD,,Non-Injury Crash,No,2023,,North,,0,,Flat,,,,,,Dark,490900,0,0,0,4,,,0,,,,,,Auckland Region,Nil,2-way,Sealed,,0,0,,50,,On,0,0,,76,Auckland,Nil,,,,,0,0,Urban,0,,,Fine,None
1766902.0074,5907545.7073,909065,,523602,0,,0,1,,Null,2023/2024,BAIRDS ROAD,COBHAM CRESCENT,,Non-Injury Crash,No,2024,,South,,0,,Flat,,,,,,Bright sun,709300,0,0,0,2,,,0,,,,,,Auckland Region,Nil,2-way,Sealed,,0,0,,50,,None,1,0,,76,Auckland,Give way,,,,,0,0,Urban,0,,,Fine,None
1766002.6487,5908256.519,909066,,523402,0,,0,0,,Null,2024/2025,BAIRDS ROAD,ASHTON AVENUE,,Non-Injury Crash,No,2025,,West,,0,,Flat,,,,,,Bright sun,697200,0,0,0,2,,,0,,,1,,,Auckland Region,Nil,2-way,Sealed,,0,0,,50,,Off,1,0,,76,Auckland,Give way,,,,,0,0,Urban,0,,,Fine,Null
1766702.7231,5904153.9209,909068,,524604,0,,0,1,,North,2025/2026,LAMBIE DRIVE,LAMBIE DRIVE OFF RAMP,,Non-Injury Crash,No,2025,,North,,0,,Null,,,,,,Bright sun,780209,0,0,0,2,,,0,,,,,,Auckland Region,Nil,1-way,Sealed,,0,0,,50,,Null,0,0,,76,Auckland,Nil,,,,,0,0,Urban,1,,,Fine,Null
1754448.1551,5913444.275,909070,,518803,0,0,0,1,0,West,2025/2026,FREELAND AVENUE,TUPUKE LANE,,Non-Injury Crash,No,2025,0,Null,0,0,0,Null,0,,0,,0,Bright sun,581800,0,0,0,2,0,0,0,0,1,,0,0,Auckland Region,Nil,2-way,Sealed,0,0,0,0,50,0,Null,0,0,,76,Auckland,Nil,0,0,0,0,0,1,Urban,0,0,0,Fine,Null
1763472.8294,5905525.9178,909073,,524303,0,,0,1,,Null,2025/2026,CARINGBAH DRIVE,FERNDOWN AVENUE,,Non-Injury Crash,No,2025,,South,,0,,Hill Road,,,,,,Dark,746301,0,0,0,2,,,0,,,,,,Auckland Region,Nil,2-way,Sealed,,0,0,,50,,On,0,0,,76,Auckland,Give way,,,,,0,0,Urban,1,,,Fine,Null
1766294.2968,5905193.3517,909079,,524603,0,,0,2,,East,2024/2025,PUHINUI ROAD,NORMAN SPENCER DRIVE,,Non-Injury Crash,No,2025,,East,,0,,Flat,,,,,,Bright sun,674300,0,0,0,4,,,0,,,,,,Auckland Region,Nil,2-way,Sealed,,0,0,,50,,Off,0,0,30,76,Auckland,Nil,,,,,0,0,Urban,0,,,Fine,Null
1752373.2805,5916015.3897,909082,,517902,0,,0,1,,South,2024/2025,NEW NORTH ROAD,WOODWARD ROAD,,Non-Injury Crash,No,2025,,North,,0,,Null,,,,,,Overcast,520700,0,0,0,2,,,0,,,,,,Auckland Region,Nil,2-way,Sealed,,0,0,,50,,Null,0,0,,76,Auckland,Nil,,,,,0,1,Urban,0,,,Light rain,Null
1747851.4303,5915680.6746,909083,,511602,0,0,0,2,0,North,2023/2024,HARMEL ROAD,CLARION PLACE,,Non-Injury Crash,No,2024,0,North,0,0,0,Flat,0,,0,,0,Twilight,273000,0,0,0,2,0,0,0,0,1,,0,0,Auckland Region,Nil,2-way,Sealed,0,0,0,0,50,0,None,0,0,,76,Auckland,Nil,0,0,0,0,0,0,Urban,0,0,0,Light rain,Null
1758022.6513,5913472.7476,909084,,518600,0,,0,3,,West,2024/2025,MOUNT ALBERT ROAD,ERSON AVENUE,,Non-Injury Crash,No,2025,,East,,0,,Flat,,,,,,Bright sun,567300,0,0,0,4,,,0,,,,,,Auckland Region,Nil,2-way,Sealed,,0,0,,50,,Off,0,0,,76,Auckland,Nil,,,,,0,0,Urban,0,,,Fine,Null
1766208.3079,5907063.0677,909086,,522302,0,,0,2,,Null,2024/2025,HUIA ROAD,HOTEO AVENUE,,Non-Injury Crash,No,2025,,South,,0,,Flat,,,,,,Overcast,668100,0,0,0,2,,,0,,,,,,Auckland Region,Nil,2-way,Sealed,,0,0,,50,,Off,0,0,,76,Auckland,Give way,,,,,0,0,Urban,0,,,Fine,Null
1742898.8059,5931381.6212,909087,,506400,0,0,0,0,0,West,2023/2024,COATESVILLE-RIVERHEAD HIGHWAY,ASHDOWN PARK LANE,,Non-Injury Crash,No,2024,0,South,1,0,1,Flat,0,,0,,0,Dark,216800,0,0,0,2,0,0,0,0,0,,0,0,Auckland Region,Nil,2-way,Sealed,0,0,0,0,50,0,None,0,0,,76,Auckland,Nil,0,0,0,0,0,0,Urban,1,0,0,Light rain,Null
1740568.5924,5918848.4728,909088,,513101,0,,0,2,,East,2024/2025,SWANSON ROAD,KNOX ROAD,,Non-Injury Crash,No,2025,,East,,0,,Flat,,,,,,Bright sun,237901,0,0,0,2,,,0,,,,,,Auckland Region,Nil,2-way,Sealed,,0,0,,50,,Off,0,0,,76,Auckland,Nil,,,,,0,0,Urban,1,,,Fine,Null
1755371.6164,5921957.8457,909091,,515202,0,,0,2,,South,2024/2025,NORTHERN MOTORWAY,HARBOUR BR S,,Non-Injury Crash,Yes,2025,,North,,0,,Hill Road,,Christmas New Year,,,,Bright sun,423600,0,0,0,2,,,0,,,,,,Auckland Region,Bridge,1-way,Sealed,,0,0,,80,,Off,0,0,,76,Auckland,Nil,,,,,0,0,Open,0,,,Fine,Null
1752629.1323,5914928.4839,909092,,517902,0,,0,1,,West,2024/2025,SH 20,MAIORO STREET OFF RAMP,,Non-Injury Crash,Yes,2025,,South,,0,,Hill Road,,,,,,Overcast,518800,0,0,0,2,,,0,,,,,,Auckland Region,Nil,1-way,Sealed,,0,0,,80,,Off,0,0,,76,Auckland,Nil,,,,,1,0,Open,0,,,Light rain,Null
1772433.0661,5884432.6851,909094,,521122,0,0,0,1,0,South,2024/2025,RUNCIMAN ROAD,VALLEY SPRINGS WAY,,Non-Injury Crash,No,2025,0,North,1,0,0,Flat,0,,0,,0,Overcast,826803,0,0,0,2,0,0,0,0,0,,0,0,Auckland Region,Nil,2-way,Sealed,0,0,0,0,80,0,Off,0,0,,76,Auckland,Nil,0,0,0,0,0,0,Open,0,0,0,Fine,Null
1760193.1554,5915915.3479,909096,,516003,0,,0,2,,South,2025/2026,SOUTHERN MOTORWAY,GREENLANE INT S,,Non-Injury Crash,Yes,2025,,South,,0,,Flat,,,,,,Dark,494902,0,0,0,3,,,0,,,,,,Auckland Region,Underpass,1-way,Sealed,,0,0,,100,,On,0,0,,76,Auckland,Nil,,,,,0,0,Open,0,,,Heavy rain,Strong wind