X,Y,OBJECTID,advisorySpeed,areaUnitID,bicycle,bridge,bus,carStationWagon,cliffBank,crashDirectionDescription,crashFinancialYear,crashLocation1,crashLocation2,crashRoadSideRoad,crashSeverity,crashSHDescription,crashYear,debris,directionRoleDescription,ditch,fatalCount,fence,flatHill,guardRail,holiday,houseOrBuilding,intersection,kerb,light,meshblockId,minorInjuryCount,moped,motorcycle,NumberOfLanes,objectThrownOrDropped,otherObject,otherVehicleType,overBank,parkedVehicle,pedestrian,phoneBoxEtc,postOrPole,region,roadCharacter,roadLane,roadSurface,roadworks,schoolBus,seriousInjuryCount,slipOrFlood,speedLimit,strayAnimal,streetLight,suv,taxi,temporarySpeedLimit,tlaId,tlaName,trafficControl,trafficIsland,trafficSign,train,tree,truck,unknownVehicleType,urban,vanOrUtility,vehicle,waterRiver,weatherA,weatherB
1752216.2768,5932063.4304,909098,,508807,0,,0,1,,North,2025/2026,BUSH ROAD,TARNDALE GROVE,,Minor Crash,No,2026,,North,,0,,Flat,,,,,,Bright sun,180810,1,0,0,2,,,0,,,,,,Auckland Region,Nil,2-way,Sealed,,0,0,,50,,Off,0,0,,76,Auckland,Isolated Pedestrian signal (non-intersection),,,,,0,0,Urban,1,,,Fine,Null
1771598.3904,5895802.4087,909102,,525540,0,0,0,1,0,West,2024/2025,ELLIOT STREET,RUSHGREEN AVENUE,,Non-Injury Crash,No,2025,0,West,0,0,0,Flat,0,,0,,0,Overcast,806301,0,0,0,2,0,0,0,0,0,,0,1,Auckland Region,Nil,2-way,Sealed,0,0,0,0,50,0,On,0,0,,76,Auckland,Nil,0,0,0,0,0,0,Urban,0,0,0,Light rain,Null
1757292.6256,5914395.3813,909104,,518600,0,0,0,2,0,North,2024/2025,BUCKLEY ROAD,LIVERPOOL STREET,,Non-Injury Crash,No,2024,0,North,0,0,0,Flat,0,,0,,0,Dark,564300,0,0,0,2,0,0,0,0,1,,0,0,Auckland Region,Nil,2-way,Sealed,0,0,0,0,50,0,On,0,0,,76,Auckland,Nil,0,0,0,0,0,0,Urban,0,0,0,Light rain,Null
1769130.9133,5911520.8255,909106,,523107,0,,0,1,,East,2024/2025,TI RAKAU DRIVE,HARRIS ROAD,,Non-Injury Crash,No,2024,,East,,0,,Flat,,,,,,Overcast,711702,0,0,0,3,,,0,,,,,,Auckland Region,Nil,1-way,Sealed,,0,0,,50,,Off,1,0,,76,Auckland,Nil,,,,,0,0,Urban,0,,,Fine,Null
1760347.8341,5915307.3085,909107,,520202,0,,0,2,,Null,2025/2026,GREAT SOUTH ROAD,MAIN HIGHWAY,,Minor Crash,No,2025,,South,,0,,Flat,,,,,,Bright sun,613200,2,0,0,0,,,0,,,,,,Auckland Region,Nil,2-way,Sealed,,0,0,,50,,Off,0,0,,76,Auckland,Traffic Signals,,,,,0,0,Urban,0,,,Fine,Null
1746179.3209,5909502.8027,909114,,512700,0,,0,1,,West,2024/2025,HUIA ROAD,LAINGHOLM DRIVE,,Non-Injury Crash,No,2025,,East,,0,,Flat,,,,,,Dark,300503,0,0,1,2,,,0,,,,,,Auckland Region,Nil,2-way,Sealed,,0,0,,60,,On,0,0,,76,Auckland,Nil,,,,,0,0,Urban,0,,,Fine,Null
1756406.1895,5934277.247,909115,,507200,0,0,0,2,0,South,2024/2025,ROTHESAY BAY ROAD,CHURCHILL ROAD,,Non-Injury Crash,No,2024,0,South,0,0,0,Hill Road,0,,0,,0,Bright sun,157400,0,0,0,2,0,0,0,0,1,,0,0,Auckland Region,Nil,2-way,Sealed,0,0,0,0,50,0,Off,0,0,,76,Auckland,Nil,0,0,0,0,0,0,Urban,0,0,0,Fine,Null
1742894.1774,5931374.6447,909116,,506400,0,0,0,0,1,East,2025/2026,COATESVILLE-RIVERHEAD HIGHWAY,NEWTON ROAD,,Non-Injury Crash,No,2025,0,North,0,0,0,Hill Road,0,,0,,0,Overcast,216800,0,0,0,2,0,0,0,0,0,,0,0,Auckland Region,Nil,2-way,Sealed,0,0,0,0,60,0,None,0,0,,76,Auckland,Nil,0,0,0,0,1,0,Urban,0,0,0,Light rain,Null
1769150.2926,5905683.288,909117,45,523721,0,,0,1,,North,2022/2023,DAWSON ROAD,CHAPEL ROAD,,Non-Injury Crash,No,2023,,East,,0,,Flat,,,,,,Bright sun,715606,0,0,0,2,,,0,,,,,,Auckland Region,Nil,2-way,Sealed,,0,0,,50,,Off,0,0,,76,Auckland,Nil,,,,,0,0,Urban,1,,,Fine,None
1773140.6601,5890577.5696,909118,,521301,0,,0,2,,North,2024/2025,SOUTHERN MOTORWAY,QUARRY OBR,,Non-Injury Crash,Yes,2025,,North,,0,,Flat,,,,,,Bright sun,809200,0,0,0,2,,,0,,,,,,Auckland Region,Nil,1-way,Sealed,,0,0,,100,,Off,0,0,,76,Auckland,Nil,,,,,0,0,Open,0,,,Fine,Null
1753998.7497,5929360.0328,909120,,508320,0,,0,1,,Null,2024/2025,WAIRAU ROAD,ELLICE ROAD,,Non-Injury Crash,No,2025,,West,,0,,Flat,,,,,,Overcast,196201,0,0,0,2,,,0,,,,,,Auckland Region,Nil,2-way,Sealed,,0,0,,50,,Off,1,0,,76,Auckland,Give way,,,,,0,0,Urban,0,,,Light rain,Null
1753453.4546,5875874.2452,909122,,526103,0,0,0,2,0,West,2024/2025,COURT STREET,QUEEN STREET,,Non-Injury Crash,No,2025,0,West,0,0,0,Hill Road,0,,0,,0,Overcast,837500,0,0,0,2,0,0,0,0,1,,0,0,Auckland Region,Nil,2-way,Sealed,0,0,0,0,50,0,Off,0,0,,76,Auckland,Nil,0,0,0,0,0,0,Urban,0,0,0,Fine,Null
1770106.232,5915675.0217,909123,,522712,0,,1,1,,Null,2024/2025,BUCKLANDS BEACH ROAD,GILLS ROAD,,Non-Injury Crash,No,2025,,South,,0,,Flat,,,,,,Bright sun,680401,0,0,0,1,,,0,,,,,,Auckland Region,Nil,1-way,Sealed,,0,0,,50,,Off,0,0,,76,Auckland,Give way,,,,,0,0,Urban,0,,,Fine,Null
1755088.6675,5917105.8396,909126,,517701,0,,0,1,,Null,2024/2025,KENNETH AVENUE,SANDRINGHAM ROAD,,Minor Crash,No,2025,,West,,0,,Flat,,,,,,Dark,535700,1,0,0,5,,,0,,,1,,,Auckland Region,Nil,2-way,Sealed,,0,0,,50,,On,0,0,,76,Auckland,Stop,,,,,0,0,Urban,0,,,Fine,Null
1779935.0281,5916060.4008,909129,,523300,0,0,0,0,0,West,2025/2026,WHITFORD MARAETAI ROAD,KEANES ROAD,,Non-Injury Crash,No,2025,0,West,0,0,1,Flat,0,,0,,0,Dark,719400,0,0,0,2,0,0,0,0,0,,0,0,Auckland Region,Bridge,2-way,Sealed,0,0,0,0,80,0,None,0,0,,76,Auckland,Nil,0,0,0,1,0,0,Open,1,0,0,Light rain,Null
1759358.616,5915526.3417,909132,,519300,0,,1,0,,East,2024/2025,GREEN LANE WEST,POHUTUKAWA DRIVE,,Non-Injury Crash,No,2025,,West,,0,,Hill Road,,,,,,Bright sun,623400,0,0,0,4,,,0,,,,,,Auckland Region,Nil,2-way,Sealed,,0,0,,50,,Off,0,0,,76,Auckland,Nil,,,,,0,0,Urban,1,,,Fine,Null
1762090.1568,5914754.9459,909138,,520201,0,0,0,1,0,Null,2024/2025,MAIN HIGHWAY,ELLERSLIE PARK ROAD,,Non-Injury Crash,No,2025,0,South,0,0,0,Flat,0,,0,,0,Dark,610300,0,0,0,4,0,0,0,0,1,,0,0,Auckland Region,Nil,2-way,Sealed,0,0,0,0,50,0,On,0,0,,76,Auckland,Stop,0,0,0,0,0,0,Urban,1,0,0,Fine,Null
1765409.7375,5913973.6053,909141,,520602,0,,0,1,,North,2023/2024,CHURCH CRESCENT,SOUTH EASTERN BUSWAY,,Non-Injury Crash,No,2024,,South,,0,,Null,,,,,,Unknown,629400,0,0,0,2,,,0,,,,,,Auckland Region,Nil,2-way,Null,,0,0,,50,,Null,1,0,,76,Auckland,Nil,,,,,0,0,Urban,0,,,Null,Null
1753812.4593,5918240.2515,909142,,515003,0,,0,2,,Null,2025/2026,ST LUKES ROAD,ST LUKES ROAD ON RAMP,,Minor Crash,No,2025,,South,,0,,Hill Road,,,,,,Dark,390502,1,0,0,3,,,0,,,,,,Auckland Region,Overpass,1-way,Sealed,,0,0,,50,,On,0,0,,76,Auckland,Traffic Signals,,,,,0,0,Urban,0,,,Fine,Null
1751576.7352,5914853.6984,909151,,514401,0,0,0,1,0,South,2024/2025,BLOCKHOUSE BAY ROAD,NEW WINDSOR ROAD,,Serious Crash,No,2025,0,South,0,0,0,Flat,0,,0,,0,Bright sun,380300,1,0,0,2,0,0,0,0,0,,0,1,Auckland Region,Nil,2-way,Sealed,0,0,1,0,50,0,Off,0,0,,76,Auckland,Nil,0,1,0,0,0,0,Urban,0,0,0,Fine,Null
1760973.3199,5916532.1144,909152,,516002,0,,0,2,,West,2025/2026,GREEN LANE EAST,GRAND VIEW ROAD,,Non-Injury Crash,No,2025,,East,,0,,Null,,,,,,Unknown,494200,0,0,0,2,,,0,,,,,,Auckland Region,Nil,2-way,Null,,0,0,,50,,Null,0,0,,76,Auckland,Nil,,,,,0,0,Urban,0,,,Null,Null
1760333.766,5923223.8987,909154,,509400,0,,0,2,,South,2024/2025,LAKE ROAD,ALLENBY AVENUE,,Non-Injury Crash,No,2025,,South,,0,,Hill Road,,,,,,Bright sun,332000,0,0,0,2,,,0,,,,,,Auckland Region,Nil,2-way,Sealed,,0,0,,50,,Off,0,0,,76,Auckland,Isolated Pedestrian signal (non-intersection),,,,,0,0,Urban,0,,,Fine,Null
1766374.6262,5919690.3937,909155,,516700,0,,0,0,,Null,2024/2025,VALE ROAD,MASKELL STREET,,Non-Injury Crash,No,2024,,South,,0,,Hill Road,,,,,,Bright sun,510500,0,0,0,2,,,0,,,,,,Auckland Region,Nil,2-way,Sealed,,0,0,,50,,Off,1,0,,76,Auckland,Stop,,,,,0,0,Urban,1,,,Fine,Null
1766780.6433,5905391.4716,909157,,524603,0,,0,1,,Null,2024/2025,PUHINUI ROAD,EDORVALE AVENUE,,Non-Injury Crash,No,2025,,East,,0,,Flat,,,,,,Bright sun,671700,0,0,0,2,,,0,,,,,,Auckland Region,Nil,2-way,Sealed,,0,0,,50,,Off,1,0,40,76,Auckland,Nil,,,,,0,0,Urban,0,,,Fine,Null
1756928.2911,5918802.7,909158,35,515600,0,,0,2,,Null,2022/2023,NEWTON ROAD,STABLE LANE,,Non-Injury Crash,No,2023,,North,,0,,Flat,,,,,,Overcast,420600,0,0,0,3,,,0,,,,,,Auckland Region,Nil,2-way,Sealed,,0,0,,50,,Off,0,0,,76,Auckland,Nil,,,,,0,0,Urban,0,,,Fine,None
1760859.8158,5905976.6927,909161,,524200,0,0,0,2,0,South,2024/2025,PUKAKI ROAD,MASSEY ROAD,,Non-Injury Crash,No,2025,0,East,0,0,0,Flat,0,,0,,0,Dark,728627,0,0,0,2,0,0,0,0,1,,0,0,Auckland Region,Nil,2-way,Sealed,0,0,0,0,50,0,On,0,0,,76,Auckland,Nil,0,0,0,0,0,0,Urban,0,0,0,Light rain,Null
1774894.4707,5896849.1364,909170,,525610,0,0,0,0,0,Null,2024/2025,DOMINION ROAD,PRESIDENT AVENUE,,Minor Crash,No,2025,0,North,0,0,0,Flat,0,,0,,1,Dark,799700,1,0,1,2,0,0,0,0,0,,0,0,Auckland Region,Nil,2-way,Sealed,0,0,0,0,50,0,On,0,0,,76,Auckland,Nil,0,0,0,0,0,0,Urban,0,0,0,Fine,Null
1759874.7122,5915784.0707,909172,,516002,0,0,0,1,0,Null,2024/2025,GREAT SOUTH ROAD,GREEN LANE EAST,,Non-Injury Crash,No,2024,0,South,0,0,0,Flat,0,,1,,0,Dark,494100,0,0,0,4,0,0,0,0,0,,0,0,Auckland Region,Nil,2-way,Sealed,0,0,0,0,50,0,On,0,0,,76,Auckland,Traffic Signals,0,0,0,0,0,0,Urban,0,0,0,Fine,Null
1757997.1041,5914884.2863,909173,,515802,0,0,0,1,0,North,2024/2025,MANUKAU ROAD,EMPIRE ROAD,,Non-Injury Crash,No,2024,0,South,0,0,0,Flat,0,,0,,0,Unknown,449300,0,0,0,2,0,0,0,0,1,,0,0,Auckland Region,Nil,2-way,Sealed,0,0,0,0,50,0,Null,1,0,,76,Auckland,Nil,0,0,0,0,0,0,Urban,0,0,0,Null,Null
1757717.5499,5918258.4431,909174,,518101,0,,0,1,,North,2024/2025,SOUTHERN MOTORWAY,MOUNTAIN OBR,,Non-Injury Crash,Yes,2025,,North,,0,,Flat,,,,,,Overcast,543000,0,0,0,4,,,0,,,,,,Auckland Region,Nil,1-way,Sealed,,0,0,,80,,Off,0,0,,76,Auckland,Nil,,,,,0,0,Open,1,,,Light rain,Null
1762922.9999,5913151.9961,909176,,520402,0,0,0,2,0,Null,2024/2025,ARANUI ROAD,SKINNER ROAD,,Non-Injury Crash,No,2024,0,East,0,0,0,Null,0,,0,,0,Dark,642500,0,0,0,2,0,0,0,0,1,,0,0,Auckland Region,Nil,2-way,Sealed,0,0,0,0,50,0,Null,0,0,,76,Auckland,Nil,0,0,0,0,0,0,Urban,0,0,0,Null,Null
1753261.3404,5875940.3916,909177,,526103,0,,0,0,,West,2024/2025,LEONARD STREET,MARTYN STREET,,Non-Injury Crash,No,2025,,West,,0,,Null,,,,,,Twilight,837300,0,0,0,2,,,0,,,,,,Auckland Region,Nil,2-way,Sealed,,0,0,,50,,Null,1,0,,76,Auckland,Nil,,,,,0,0,Urban,1,,,Light rain,Null
1751985.6198,5925914.7228,909183,,510220,0,0,0,1,0,Null,2023/2024,SALISBURY ROAD,BISHOPGATE STREET,,Non-Injury Crash,No,2024,0,North,0,0,1,Flat,0,,0,,0,Bright sun,350300,0,0,0,2,0,0,0,0,0,,0,0,Auckland Region,Nil,2-way,Sealed,0,0,0,0,50,0,Off,0,0,,76,Auckland,Give way,0,0,0,0,0,0,Urban,0,0,0,Fine,Null
1756151.2012,5923990.0197,909189,,509800,0,,0,1,,North,2023/2024,NORTHERN MOTORWAY,WEIGH BRIDGE,,Non-Injury Crash,Yes,2024,,South,,0,,Flat,,,,,,Dark,361200,0,0,0,5,,,0,,,,,,Auckland Region,Nil,1-way,Sealed,,0,0,,80,,On,1,0,,76,Auckland,Nil,,,,,0,0,Open,0,,,Fine,Null
1740870.4209,5927533.9539,909190,,505604,0,,0,1,,East,2024/2025,SH 16,TAUPAKI ROAD,,Non-Injury Crash,Yes,2024,,West,,0,,Null,,,,,,Unknown,214502,0,0,0,2,,,0,,,,,,Auckland Region,Nil,2-way,Null,,0,0,,80,,Null,0,0,,76,Auckland,Nil,,,,,1,0,Open,0,,,Null,Null
1764574.4103,5912486.1667,909199,45,520500,0,,0,1,,South,2023/2024,CARBINE ROAD,CLEMOW DRIVE,,Non-Injury Crash,No,2024,,South,,0,,Flat,,,,,,Bright sun,639100,0,0,0,2,,,0,,,,,,Auckland Region,Nil,2-way,Sealed,,0,0,,50,,None,0,0,,76,Auckland,Nil,,,,,1,0,Urban,0,,,Fine,None
1753494.0661,5914417.769,909201,,518801,0,,0,2,,Null,2023/2024,MAIORO STREET,MAIORO STREET ON RAMP,,Non-Injury Crash,No,2024,,North,,0,,Flat,,,,,,Bright sun,578400,0,0,0,1,,,0,,,,,,Auckland Region,Nil,1-way,Sealed,,0,0,,50,,None,0,0,,76,Auckland,Give way,,,,,0,0,Urban,0,,,Fine,None
1754407.4911,5926721.4647,909204,,508610,0,0,0,0,0,North,2023/2024,ORION PLACE,MOUNTBATTEN AVENUE,,Non-Injury Crash,No,2024,0,West,0,0,0,Flat,0,,0,,0,Twilight,205600,0,0,0,2,0,0,0,0,1,,0,0,Auckland Region,Nil,2-way,Sealed,0,0,0,0,50,0,On,3,0,,76,Auckland,Nil,0,0,0,0,0,0,Urban,0,0,0,Fine,Null
1769596.9999,5908411.9961,909207,,523115,0,,0,0,,South,2025/2026,TE IRIRANGI DRIVE,ACCENT DRIVE,,Non-Injury Crash,No,2025,,North,,0,,Null,,Christmas New Year,,,,Bright sun,711912,0,0,0,2,,,0,,,,,,Auckland Region,Nil,1-way,Sealed,,0,0,,60,,Null,1,0,,76,Auckland,Nil,,,,,0,0,Urban,1,,,Fine,Null
1754892.2587,5913779.5853,909216,,518803,0,,0,1,,Null,2024/2025,DENBIGH AVENUE,RADNOR ROAD,,Non-Injury Crash,No,2025,,East,,0,,Flat,,,,,,Overcast,581700,0,0,0,3,,,0,,,,,,Auckland Region,Nil,2-way,Sealed,,0,0,,50,,Off,1,0,,76,Auckland,Stop,,,,,0,0,Urban,0,,,Fine,Null
1746056.5336,5918087.4535,909218,,512500,0,0,0,1,0,South,2025/2026,EDMONTON ROAD,CENTRAL PARK DRIVE,,Non-Injury Crash,No,2025,0,South,0,0,0,Flat,0,,0,,1,Dark,257201,0,0,0,5,0,1,0,0,0,,0,0,Auckland Region,Nil,2-way,Sealed,0,0,0,0,50,0,On,0,0,,76,Auckland,Nil,0,0,0,0,0,0,Urban,0,0,0,Fine,Null
1764532.209,5910196.067,909224,,521801,0,0,0,0,0,Null,2023/2024,HUTTON STREET,PRINCES STREET,,Non-Injury Crash,No,2024,0,North,0,0,0,Flat,0,Queens Birthday,0,,1,Dark,787500,0,0,0,2,0,0,0,0,0,,0,0,Auckland Region,Speed hump,2-way,Sealed,0,0,0,0,30,0,On,1,0,,76,Auckland,Stop,0,0,0,1,0,0,Urban,0,0,0,Fine,Null
1763497.0592,5912754.1225,909228,,520500,0,,0,1,,East,2024/2025,SOUTHERN MOTORWAY,SEART OBR,,Non-Injury Crash,Yes,2024,,East,,0,,Flat,,,,,,Dark,637400,0,0,0,3,,,0,,,,,,Auckland Region,Nil,1-way,Sealed,,0,0,,100,,On,0,0,,76,Auckland,Nil,,,,,0,0,Open,1,,,Fine,Null
1764538.5853,5904844.8639,909231,,522100,0,0,0,1,0,South,2024/2025,TUTERE ROAD,CHESTNUT ROAD,,Non-Injury Crash,No,2024,0,North,0,0,0,Null,0,,0,,0,Bright sun,660100,0,0,0,2,0,0,0,0,1,,0,0,Auckland Region,Nil,2-way,Null,0,0,0,0,50,0,Null,0,0,,76,Auckland,Nil,0,0,0,0,1,0,Urban,0,0,0,Fine,Null
1748614.865,5943104.6056,909234,,506201,0,,0,2,,North,2024/2025,NORTHERN MOTORWAY,WILKS OBR,,Non-Injury Crash,Yes,2024,,North,,0,,Flat,,,,,,Twilight,176801,0,0,0,2,,,0,,,,,,Auckland Region,Nil,1-way,Sealed,,0,0,,100,,Off,0,0,,76,Auckland,Nil,,,,,0,0,Open,0,,,Fine,Null
1757694.5218,5913777.6062,909235,,518600,0,,0,1,,Null,2024/2025,PAH ROAD,OAK STREET,,Minor Crash,No,2025,,South,,0,,Flat,,,,,,Bright sun,565300,1,0,0,4,,,0,,,,,,Auckland Region,Nil,2-way,Sealed,,0,0,,50,,Off,1,0,,76,Auckland,Stop,,,,,0,0,Urban,0,,,Fine,Null
1768596.3709,5900706.9499,909241,,525002,0,,0,0,,Null,2024/2025,WEYMOUTH ROAD,ROGERS ROAD,,Non-Injury Crash,No,2025,,West,,0,,Null,,,,,,Bright sun,752900,0,0,0,1,,,0,,,,,,Auckland Region,Nil,1-way,Sealed,,0,0,,50,,Null,1,0,,76,Auckland,Give way,,,,,0,0,Urban,0,,,Fine,Null
1750791.603,5926980.7472,909244,,510010,0,,0,2,,Null,2024/2025,TRAMWAY ROAD,BEACH HAVEN ROAD,,Non-Injury Crash,No,2024,,West,,0,,Hill Road,,,,,,Dark,342700,0,0,0,2,,,0,,,,,,Auckland Region,Nil,2-way,Sealed,,0,0,,50,,On,0,0,,76,Auckland,Give way,,,,,0,1,Urban,0,,,Light rain,Null
1763231.8802,5915929.9832,909247,,520302,0,,0,2,,South,2024/2025,LUNN AVENUE,NGAHUE DRIVE,,Non-Injury Crash,No,2024,,North,,0,,Flat,,,,,,Bright sun,625400,0,0,0,2,,,0,,,,,,Auckland Region,Nil,2-way,Sealed,,0,0,,50,,Off,0,0,,76,Auckland,Nil,,,,,0,0,Urban,0,,,Fine,None
1766719.4871,5904676.7967,909257,,524603,0,0,0,2,0,Null,2024/2025,CAVENDISH DRIVE,LAMBIE DRIVE,,Non-Injury Crash,No,2025,0,South,0,0,0,Flat,0,,0,,0,Bright sun,780202,0,0,0,5,0,0,0,0,0,,0,0,Auckland Region,Nil,2-way,Sealed,0,0,0,0,60,0,Off,0,0,,76,Auckland,Traffic Signals,1,0,0,0,0,0,Urban,0,0,0,Fine,Null
1768139.2533,5907842.0641,909258,,523502,0,,0,2,,Null,2024/2025,EAST TAMAKI ROAD,PRESTON ROAD,,Non-Injury Crash,No,2025,,East,,0,,Flat,,,,,,Bright sun,703800,0,0,0,4,,,0,,,,,,Auckland Region,Nil,2-way,Sealed,,0,0,,50,,Off,0,0,,76,Auckland,Traffic Signals,,,,,0,0,Urban,0,,,Fine,Null
1758819.1811,5917247.2805,909267,,516001,0,,0,2,,North,2025/2026,SOUTHERN MOTORWAY,DILWORTH FTBR,,Non-Injury Crash,Yes,2025,,North,,0,,Flat,,,,,,Overcast,491000,0,0,0,3,,,0,,,,,,Auckland Region,Nil,1-way,Sealed,,0,0,,100,,Off,0,0,,76,Auckland,Nil,,,,,1,0,Open,0,,,Light rain,Null
1757637.2127,5919862.2091,909274,,514103,0,,1,1,,Null,2024/2025,SYMONDS STREET,WELLESLEY STREET EAST,,Non-Injury Crash,No,2024,,North,,0,,Flat,,,,,,Bright sun,436700,0,0,0,4,,,0,,,,,,Auckland Region,Nil,2-way,Sealed,,0,0,,30,,None,0,0,,76,Auckland,Traffic Signals,,,,,0,0,Urban,0,,,Fine,Null
1761495.8313,5913264.1255,909275,,519500,0,,0,1,,Null,2024/2025,STATION ROAD,OLIVE ROAD,,Non-Injury Crash,No,2025,,East,,0,,Flat,,,,,,Overcast,621300,0,0,1,2,,,0,,,,,,Auckland Region,Nil,2-way,Sealed,,0,0,,50,,Off,0,0,,76,Auckland,Give way,,,,,0,0,Urban,0,,,Fine,Null
1755624.6891,5921352.0102,909276,,515202,0,0,0,1,0,South,2023/2024,NORTHERN MOTORWAY,SHELLY BEACH OBR,,Non-Injury Crash,Yes,2024,0,South,0,0,0,Flat,1,,0,,0,Bright sun,425600,0,0,0,4,0,0,0,0,0,,0,0,Auckland Region,Nil,1-way,Sealed,0,0,0,0,80,0,Off,0,0,,76,Auckland,Nil,0,0,0,0,0,0,Open,0,0,0,Fine,Null
1750514.6261,5915770.222,909286,,514802,0,,0,1,,North,2024/2025,ROSEBANK ROAD,VICTOR STREET,,Serious Crash,No,2025,,South,,0,,Flat,,,,,,Overcast,386300,0,0,0,2,,,0,,,1,,,Auckland Region,Nil,2-way,Sealed,,0,1,,50,,Off,0,0,,76,Auckland,Isolated Pedestrian signal (non-intersection),,,,,0,0,Urban,0,,,Light rain,Null
1746736.76,5917671.4854,909287,,512500,0,0,0,1,0,North,2025/2026,TE ATATU ROAD,MCLEOD ROAD,,Non-Injury Crash,No,2025,0,South,0,0,0,Flat,0,,0,,0,Dark,257300,0,0,0,2,0,0,0,0,0,,0,0,Auckland Region,Nil,2-way,Sealed,0,0,0,0,50,0,On,1,0,,76,Auckland,Traffic Signals,0,0,0,0,0,0,Urban,0,1,0,Fine,Null
1765371.549,5916672.707,909292,,520301,0,,0,1,,South,2024/2025,APIRANA AVENUE,MERTON ROAD,,Non-Injury Crash,No,2025,,North,,0,,Flat,,,,,,Overcast,478000,0,0,0,4,,,0,,,,,,Auckland Region,Nil,2-way,Sealed,,0,0,,50,,Off,0,0,,76,Auckland,Nil,,,,,1,0,Urban,0,,,Light rain,Null
1746728.7003,5913978.3037,909295,,511002,0,,0,2,,Null,2024/2025,WEST COAST ROAD,SWAN HILL DRIVE,,Minor Crash,No,2025,,East,,0,,Hill Road,,,,,,Overcast,283303,1,0,0,2,,,0,,,,,,Auckland Region,Nil,2-way,Sealed,,0,0,,50,,Off,0,0,,76,Auckland,Give way,,,,,0,0,Urban,0,,,Light rain,Null
1768762.7672,5911738.1845,909296,,523107,0,,0,1,,South,2025/2026,BURSWOOD DRIVE,TORRENS ROAD,,Minor Crash,No,2025,,East,,0,,Flat,,,,,,Overcast,711408,1,0,0,2,,,0,,,1,,,Auckland Region,Nil,2-way,Sealed,,0,0,,50,,None,0,0,20,76,Auckland,Nil,,,,,0,0,Urban,0,,,Fine,Null
1758545.0111,5916252.8776,909303,,519200,0,,0,1,,South,2024/2025,MARKET ROAD,WAPITI AVENUE,,Minor Crash,No,2025,,South,,0,,Flat,,,,,,Bright sun,615300,1,0,0,2,,,0,,,2,,,Auckland Region,Nil,2-way,Sealed,,0,0,,50,,Off,0,0,,76,Auckland,Nil,,,,,0,0,Urban,0,,,Fine,Null
1764010.785,5915028.9956,909307,,520303,0,,0,1,,Null,2024/2025,ELLERSLIE-PANMURE HIGHWAY,BARRACK ROAD,,Non-Injury Crash,No,2024,,West,,0,,Flat,,,,,,Bright sun,626802,0,0,0,4,,,0,,,,,,Auckland Region,Nil,2-way,Sealed,,0,0,,50,,Off,0,1,,76,Auckland,Give way,,,,,0,1,Urban,0,,,Fine,Null
1755897.5626,5928208.4217,909312,,507900,0,,0,1,,North,2024/2025,NORTHERN MOTORWAY,WAIRAU OBR,,Non-Injury Crash,Yes,2024,,North,,0,,Flat,,,,,,Dark,305201,0,0,0,4,,,0,,,,,,Auckland Region,Nil,1-way,Sealed,,0,0,,100,,On,1,0,,76,Auckland,Nil,,,,,0,0,Open,1,,,Fine,Null
1758257.2603,5920206.6853,909316,,514103,0,,0,0,,Null,2024/2025,BEACH ROAD,THE STRAND,,Non-Injury Crash,No,2025,,East,,0,,Flat,,,,,,Overcast,438203,0,0,1,4,,,0,,,,,,Auckland Region,Nil,2-way,Sealed,,0,0,,50,,Off,0,0,,76,Auckland,Traffic Signals,,,,,1,0,Urban,0,,,Fine,Null
1747751.5471,5972824.8123,909319,,506661,0,0,0,1,1,East,2025/2026,GOATLEY ROAD,SH 1,,Serious Crash,No,2025,0,South,0,0,0,Hill Road,0,,0,,0,Overcast,139106,3,0,0,2,0,0,0,0,0,,0,0,Auckland Region,Nil,2-way,Sealed,0,0,1,0,100,0,None,0,0,,76,Auckland,Nil,0,0,0,1,0,0,Open,1,0,0,Fine,Null
1766849.3963,5892356.0316,909322,,521202,0,0,0,1,0,Null,2024/2025,LINWOOD ROAD,BLACKBRIDGE ROAD,,Non-Injury Crash,No,2025,0,West,0,0,0,Flat,0,,0,,1,Dark,806900,0,0,0,2,0,0,0,0,0,,0,0,Auckland Region,Nil,1-way,Sealed,0,0,0,0,80,0,On,0,0,50,76,Auckland,Give way,1,0,0,0,0,0,Open,0,0,0,Fine,Null
1764510.8143,5911644.7308,909329,,520500,0,0,0,1,0,West,2025/2026,PANAMA ROAD,SOPHIA CLOSE,,Non-Injury Crash,No,2025,0,West,0,0,0,Flat,0,,0,,0,Dark,636400,0,0,0,2,0,0,0,0,1,,0,0,Auckland Region,Nil,2-way,Sealed,0,0,0,0,50,0,On,1,0,,76,Auckland,Nil,0,0,0,0,0,0,Urban,0,0,0,Fine,Null
1746492.1295,5920075.8175,909330,,512300,0,,0,3,,East,2025/2026,NORTH-WESTERN MOTORWAY,HENDERSON CK BR,,Non-Injury Crash,Yes,2025,,South,,0,,Flat,,,,,,Overcast,251700,0,0,0,4,,,0,,,,,,Auckland Region,Nil,1-way,Sealed,,0,0,,100,,On,0,0,,76,Auckland,Nil,,,,,0,0,Open,1,,,Heavy rain,Strong wind