X,Y,OBJECTID,advisorySpeed,areaUnitID,bicycle,bridge,bus,carStationWagon,cliffBank,crashDirectionDescription,crashFinancialYear,crashLocation1,crashLocation2,crashRoadSideRoad,crashSeverity,crashSHDescription,crashYear,debris,directionRoleDescription,ditch,fatalCount,fence,flatHill,guardRail,holiday,houseOrBuilding,intersection,kerb,light,meshblockId,minorInjuryCount,moped,motorcycle,NumberOfLanes,objectThrownOrDropped,otherObject,otherVehicleType,overBank,parkedVehicle,pedestrian,phoneBoxEtc,postOrPole,region,roadCharacter,roadLane,roadSurface,roadworks,schoolBus,seriousInjuryCount,slipOrFlood,speedLimit,strayAnimal,streetLight,suv,taxi,temporarySpeedLimit,tlaId,tlaName,trafficControl,trafficIsland,trafficSign,train,tree,truck,unknownVehicleType,urban,vanOrUtility,vehicle,waterRiver,weatherA,weatherB
1756126.6687,5917698.1299,909332,,518102,0,,0,0,,Null,2025/2026,DOMINION ROAD,BELLEVUE ROAD,,Non-Injury Crash,No,2025,,South,,0,,Flat,,,,,,Overcast,545900,0,0,0,4,,,0,,,,,,Auckland Region,Nil,2-way,Sealed,,0,0,,50,,Off,2,1,,76,Auckland,Give way,,,,,0,0,Urban,0,,,Light rain,Null
1772461.149,5885666.9371,909334,,521122,0,0,0,1,0,East,2025/2026,RUNCIMAN ROAD,KOROWAI RISE,,Non-Injury Crash,No,2026,0,West,1,0,1,Hill Road,0,,0,,0,Dark,826802,0,0,0,2,0,0,0,0,0,,0,0,Auckland Region,Nil,2-way,Sealed,0,0,0,0,80,0,None,0,0,,76,Auckland,Nil,0,0,0,0,0,0,Open,0,0,0,Light rain,Null
1747106.3033,5920496.3629,909338,,512300,0,,1,0,,South,2025/2026,OLD TE ATATU ROAD,GLORIA AVENUE,,Serious Crash,No,2026,,North,,0,,Flat,,,,,,Overcast,252000,0,0,0,2,,,0,,,1,,,Auckland Region,Nil,2-way,Sealed,,0,1,,50,,Off,0,0,,76,Auckland,Nil,,,,,0,0,Urban,0,,,Fine,Null
1753163.0822,5970552.1403,909340,65,506631,0,0,0,1,0,Null,2025/2026,SANDSPIT ROAD,MAHURANGI EAST ROAD,,Minor Crash,No,2026,0,East,0,0,1,Hill Road,0,,0,,0,Overcast,139501,2,0,0,2,0,0,0,0,0,,0,0,Auckland Region,Nil,2-way,Sealed,0,0,0,0,80,0,Off,0,0,,76,Auckland,Stop,0,0,0,0,0,0,Open,1,0,0,Fine,Null
1747929.7437,5926392.5161,909342,,513431,0,0,0,2,0,North,2025/2026,CLARK ROAD,SQUADRON DRIVE,,Non-Injury Crash,No,2025,0,South,0,0,0,Flat,0,Christmas New Year,0,,0,Dark,222800,0,0,0,2,0,0,0,0,1,,0,0,Auckland Region,Nil,2-way,Sealed,0,0,0,0,50,0,Null,0,0,,76,Auckland,Nil,0,0,0,0,0,0,Urban,0,0,0,Fine,Null
1760515.5667,5916210.8703,909344,,516002,0,,0,2,,Null,2024/2025,GREEN LANE EAST,ASCOT AVENUE,,Non-Injury Crash,No,2025,,East,,0,,Flat,,,,,,Overcast,493500,0,0,0,4,,,0,,,,,,Auckland Region,Nil,2-way,Sealed,,0,0,,50,,Off,0,0,,76,Auckland,Traffic Signals,,,,,0,0,Urban,0,,,Fine,Null
1756127.4785,5920541.3158,909346,,514102,0,,0,2,,Null,2024/2025,BEAUMONT STREET,VICTORIA STREET WEST,,Non-Injury Crash,No,2025,,West,,0,,Flat,,,,,,Dark,432500,0,0,0,4,,,0,,,,,,Auckland Region,Nil,2-way,Sealed,,0,0,,50,,On,0,1,,76,Auckland,Traffic Signals,,,,,0,0,Urban,0,,,Fine,Null
1768362.1576,5907851.8688,909347,,523711,0,,0,1,,Null,2024/2025,OFF ROAD - CAR PARK,,,Minor Crash,No,2024,,Null,,0,,Flat,,,,,,Bright sun,712304,1,0,0,,,,0,,,1,,,Auckland Region,Nil,Off road,Sealed,,0,0,,,,Off,0,0,,76,Auckland,Nil,,,,,0,0,Urban,0,,,Fine,None
1744603.1092,5919520.8256,909348,,513301,0,,0,2,,North,2025/2026,RATHGAR ROAD,HARRINGTON ROAD,,Non-Injury Crash,No,2025,,North,,0,,Flat,,,,,,Overcast,234900,0,0,0,2,,,0,,,,,,Auckland Region,Nil,2-way,Sealed,,0,0,,30,,None,0,0,,76,Auckland,Nil,,,,,0,0,Urban,0,,,Fine,Null
1756305.1122,5920383.6388,909349,,514000,0,,0,2,,South,2024/2025,NORTHERN MOTORWAY,VICTORIA STREET WEST,,Non-Injury Crash,Yes,2024,,North,,0,,Hill Road,,,,,,Overcast,416800,0,0,0,3,,,0,,,,,,Auckland Region,Motorway ramp,1-way,Sealed,,0,0,,80,,Off,0,0,,76,Auckland,Traffic Signals,,,,,0,0,Open,0,,,Fine,Null
1758985.4925,5907227.9617,909352,,524122,0,0,0,1,0,East,2024/2025,IDLEWILD AVENUE,KIRKBRIDE ROAD,,Non-Injury Crash,No,2025,0,West,0,0,0,Flat,0,,0,,0,Dark,739400,0,0,0,2,0,0,0,0,1,,0,0,Auckland Region,Nil,2-way,Sealed,0,0,0,0,50,0,Null,0,0,,76,Auckland,Nil,0,0,0,0,0,0,Urban,1,0,0,Fine,Null
1759325.292,5916604.247,909356,,516001,0,0,0,1,0,South,2024/2025,SOUTHERN MOTORWAY,MARKET OBR,,Non-Injury Crash,Yes,2025,0,South,0,0,0,Flat,1,,0,,0,Bright sun,491700,0,0,0,3,0,0,0,0,0,,0,0,Auckland Region,Nil,1-way,Sealed,0,0,0,0,100,0,Off,0,0,,76,Auckland,Nil,0,0,0,0,0,0,Open,1,0,0,Fine,Null
1768751.9189,5900771.3896,909366,,525002,0,,0,1,,East,2025/2026,WEYMOUTH ROAD,BEAUMONTS WAY,,Non-Injury Crash,No,2025,,West,,0,,Flat,,,,,,Twilight,752801,0,0,0,2,,,0,,,,,,Auckland Region,Bridge,2-way,Sealed,,0,0,,50,,Off,0,0,,76,Auckland,Nil,,,,,0,0,Urban,2,,,Fine,Null
1763637.4044,5915062.9746,909368,,520302,0,,0,2,,Null,2024/2025,ELLERSLIE-PANMURE HIGHWAY,BURT ROAD,,Non-Injury Crash,No,2025,,West,,0,,Flat,,,,,,Dark,626203,0,0,0,4,,,0,,,,,,Auckland Region,Nil,2-way,Sealed,,0,0,,50,,On,0,0,,76,Auckland,Stop,,,,,0,0,Urban,0,,,Fine,Null
1744004.1552,5918806.1195,909369,,513220,0,,0,1,,Null,2025/2026,SWANSON ROAD,BRICK STREET,,Serious Crash,No,2025,,North,,0,,Flat,,,,,,Overcast,236103,0,0,1,2,,,0,,,,,,Auckland Region,Nil,2-way,Sealed,,0,1,,50,,Off,0,0,,76,Auckland,Give way,,,,,0,0,Urban,0,,,Fine,Null
1754812.4868,5943278.6072,909370,35,505909,0,0,0,1,1,West,2025/2026,WADE RIVER ROAD,FERRY ROAD,,Minor Crash,No,2026,0,West,0,0,0,Hill Road,0,,0,,0,Overcast,173903,2,0,0,2,0,0,0,0,0,,0,0,Auckland Region,Nil,2-way,Sealed,0,0,0,0,50,0,None,0,0,,76,Auckland,Nil,0,0,0,0,0,0,Urban,0,0,0,Fine,Null
1753898.9458,5919002.5065,909374,,515431,0,,1,1,,Null,2025/2026,OLD MILL ROAD,FRANCIS STREET,,Non-Injury Crash,No,2025,,East,,0,,Flat,,,,,,Bright sun,405000,0,0,0,2,,,0,,,,,,Auckland Region,Nil,2-way,Sealed,,0,0,,50,,Null,0,0,,76,Auckland,Nil,,,,,0,0,Urban,0,,,Fine,Null
1755779.2536,5925621.4404,909375,,509702,0,,0,1,,Null,2025/2026,COLLEGE ROAD,KILHAM AVENUE,,Minor Crash,No,2025,,South,,0,,Hill Road,,,,,,Dark,365800,1,0,1,2,,,0,,,,,,Auckland Region,Nil,2-way,Sealed,,0,0,,50,,On,0,0,,76,Auckland,Nil,,,,,0,0,Urban,0,,,Heavy rain,Null
1755423.1013,5928234.8179,909376,,507900,0,,0,0,,South,2024/2025,ARCHERS ROAD,POLAND ROAD,,Non-Injury Crash,No,2024,,North,,0,,Flat,,,,,,Bright sun,305100,0,0,1,2,,,0,,,,,,Auckland Region,Nil,2-way,Sealed,,0,0,,50,,Off,0,0,,76,Auckland,Nil,,,,,0,1,Urban,0,,,Fine,Null
1757972.3323,5912239.4415,909379,,519810,0,0,0,2,0,North,2024/2025,BEACHCROFT AVENUE,NORMANS HILL ROAD,,Non-Injury Crash,No,2025,0,West,0,0,0,Flat,0,,0,,0,Dark,598200,0,0,0,2,0,0,0,0,1,,0,0,Auckland Region,Nil,2-way,Sealed,0,0,0,0,50,0,On,0,0,,76,Auckland,Nil,0,0,0,0,0,0,Urban,0,0,0,Fine,Null
1763349.7978,5915786.2125,909382,,520302,0,,0,2,,South,2024/2025,LUNN AVENUE,ABBOTTS WAY,,Non-Injury Crash,No,2024,,South,,0,,Null,,Christmas New Year,,,,Bright sun,625400,0,0,0,2,,,0,,,,,,Auckland Region,Nil,2-way,Sealed,,0,0,,50,,Null,0,0,,76,Auckland,Nil,,,,,0,0,Urban,0,,,Fine,Null
1758191.6645,5913592.8621,909385,,518600,0,,0,1,,Null,2024/2025,MANUKAU ROAD,TURAMA ROAD,,Non-Injury Crash,No,2024,,North,,0,,Flat,,,,,,Dark,567300,0,0,0,2,,,0,,,,,,Auckland Region,Nil,2-way,Sealed,,0,0,,50,,On,0,0,,76,Auckland,Give way,,,,,0,0,Urban,0,,,Fine,None
1769210.086,5914453.8756,909389,,522721,0,,0,2,,Null,2024/2025,PAKURANGA ROAD,FORTUNES ROAD,,Non-Injury Crash,No,2024,,East,,0,,Hill Road,,,,,,Bright sun,681211,0,0,0,6,,,0,,,,,,Auckland Region,Nil,2-way,Sealed,,0,0,,50,,Off,0,0,,76,Auckland,Traffic Signals,,,,,1,0,Urban,1,,,Fine,Null
1754878.931,5930475.4035,909390,,508520,0,,0,2,,North,2024/2025,NORTHERN MOTORWAY,SUNNYNOOK OBR,,Non-Injury Crash,Yes,2025,,South,,0,,Flat,,,,,,Overcast,192700,0,0,0,2,,,0,,,,,,Auckland Region,Nil,1-way,Sealed,,0,0,,100,,Off,0,0,,76,Auckland,Nil,,,,,0,0,Open,1,,,Mist or Fog,Null
1766171.3561,5899380.039,909391,,524812,1,,0,0,,Null,2025/2026,WEYMOUTH ROAD,HANAN PLACE,,Minor Crash,No,2025,,North,,0,,Flat,,,,,,Overcast,774003,1,0,0,2,,,0,,,,,,Auckland Region,Nil,2-way,Sealed,,0,0,,50,,Off,1,0,,76,Auckland,Nil,,,,,0,0,Urban,0,,,Fine,Null
1753172.5871,5930038.9194,909392,,508803,0,,0,2,,Null,2024/2025,UNSWORTH DRIVE,ALBANY HIGHWAY,,Non-Injury Crash,No,2025,,South,,0,,Hill Road,,,,,,Overcast,180846,0,0,0,1,,,0,,,,,,Auckland Region,Nil,1-way,Sealed,,0,0,,60,,Off,0,0,,76,Auckland,Give way,,,,,0,0,Urban,0,,,Fine,Null
1770321.2016,5913628.9954,909393,,523101,0,0,0,2,0,East,2024/2025,CAMBRIC PLACE,BRADBURY ROAD,,Non-Injury Crash,No,2025,0,West,0,0,0,Hill Road,0,,0,,0,Bright sun,648000,0,0,0,2,0,0,0,0,1,,0,0,Auckland Region,Nil,2-way,Sealed,0,0,0,0,50,0,Off,0,0,,76,Auckland,Nil,0,0,0,0,0,0,Urban,0,0,0,Fine,Null
1753524.1815,5927108.4042,909397,,508210,0,,0,1,,North,2025/2026,GLENFIELD ROAD,ROBERTS ROAD,,Minor Crash,No,2025,,South,,0,,Hill Road,,,,,,Dark,187300,2,0,0,3,,,0,,,,,,Auckland Region,Nil,2-way,Sealed,,0,0,,50,,On,0,0,,76,Auckland,Nil,,,,,0,0,Urban,1,,,Fine,Null
1757872.8789,5927172.9441,909402,,508010,0,0,0,3,0,Null,2025/2026,OFF ROAD - CAR PARK,,,Minor Crash,No,2025,0,East,0,0,0,Hill Road,0,,0,,0,Overcast,327600,1,0,0,,0,1,0,0,1,,0,0,Auckland Region,Nil,Off road,Sealed,0,0,0,0,,0,On,0,0,,76,Auckland,Nil,0,0,0,0,0,0,Urban,0,0,0,Fine,Null
1747233.3145,5919689.4855,909410,,512300,0,,0,2,,West,2024/2025,NORTH-WESTERN MOTORWAY,TE ATATU ROAD ON RAMP,,Minor Crash,Yes,2025,,East,,0,,Flat,,,,,,Bright sun,251700,1,0,0,4,,,0,,,,,,Auckland Region,Nil,1-way,Sealed,,0,0,,100,,Off,1,0,,76,Auckland,Nil,,,,,0,0,Open,0,,,Fine,Null
1756758.656,5929483.7596,909413,,507720,0,0,0,2,0,Null,2024/2025,EAST COAST ROAD,GORDON AVENUE,,Non-Injury Crash,No,2025,0,South,0,0,0,Flat,0,,0,,0,Dark,312000,0,0,0,2,0,0,0,0,1,,0,0,Auckland Region,Nil,2-way,Sealed,0,0,0,0,50,0,On,0,0,,76,Auckland,Give way,0,0,0,0,0,0,Urban,1,0,0,Fine,Null
1742577.0559,5919445.5294,909415,,513211,0,,0,2,,Null,2024/2025,LUANDA DRIVE,ARMADA DRIVE,,Non-Injury Crash,No,2024,,North,,0,,Null,,,,,,Dark,235008,0,0,0,2,,,0,,,,,,Auckland Region,Nil,2-way,Null,,0,0,,30,,Null,0,0,,76,Auckland,Give way,,,,,0,0,Urban,0,,,Null,Null
1755393.511,5932260.2596,909416,,508805,0,,0,1,,North,2024/2025,EAST COAST ROAD,MAXWELTON DRIVE,,Non-Injury Crash,No,2025,,South,,0,,Null,,,,,,Unknown,151101,0,0,0,4,,,0,,,,,,Auckland Region,Nil,2-way,Sealed,,0,0,,50,,Null,0,0,,76,Auckland,Nil,,,,,0,1,Urban,0,,,Fine,Null
1752198.6723,5918755.4078,909417,,515002,0,0,0,1,0,North,2024/2025,HUIA ROAD,WAKATIPU STREET,,Non-Injury Crash,No,2024,0,North,0,0,1,Flat,0,,0,,0,Bright sun,396000,0,0,0,2,0,0,0,0,0,,0,0,Auckland Region,Nil,2-way,Sealed,0,0,0,0,50,0,Off,0,0,30,76,Auckland,Nil,0,0,0,0,0,0,Urban,0,0,0,Fine,Null
1768664.1219,5881173.3038,909418,,525921,0,0,0,1,0,Null,2024/2025,WEST STREET,HARRINGTON AVENUE,,Non-Injury Crash,No,2025,0,West,0,0,0,Null,0,,0,,0,Unknown,821500,0,0,0,2,0,0,0,0,1,,0,0,Auckland Region,Nil,2-way,Sealed,0,0,0,0,50,0,Null,1,0,,76,Auckland,Give way,0,0,0,0,0,0,Urban,0,0,0,Fine,Null
1768763.3468,5905058.6964,909422,,523722,0,,0,0,,North,2024/2025,HOLLYFORD DRIVE,ASPIRING AVENUE,,Non-Injury Crash,No,2024,,South,,0,,Hill Road,,,,,,Overcast,716009,0,0,0,2,,,0,,,,,,Auckland Region,Nil,2-way,Sealed,,0,0,,50,,Off,1,0,,76,Auckland,Nil,,,,,1,0,Urban,0,,,Mist or Fog,None
1775188.7866,5895296.1956,909423,,525510,1,0,0,0,0,North,2024/2025,DOMINION ROAD,MACK PLACE,,Serious Crash,No,2025,0,North,0,0,0,Flat,0,,0,,0,Bright sun,801500,0,0,0,2,0,0,0,0,0,,0,0,Auckland Region,Nil,2-way,Sealed,1,0,1,0,50,0,Off,0,0,,76,Auckland,Nil,0,0,0,0,0,0,Urban,0,0,0,Fine,Null
1756927.9276,5913640.8837,909424,,518702,0,0,0,3,0,South,2025/2026,HILLSBOROUGH ROAD,MOUNT ALBERT ROAD,,Minor Crash,No,2025,0,South,0,0,0,Flat,0,,0,,0,Overcast,567401,1,0,0,2,0,0,0,0,2,,0,0,Auckland Region,Nil,2-way,Sealed,0,0,0,0,50,0,Off,0,0,,76,Auckland,Nil,0,0,0,0,0,0,Urban,0,0,0,Fine,Null
1769071.6589,5899373.1972,909429,,525002,0,0,0,1,0,East,2024/2025,HOLMES ROAD,FIELDS ROAD,,Minor Crash,No,2025,0,East,0,0,0,Hill Road,0,,0,,0,Dark,754100,1,0,0,2,0,0,0,0,0,,0,0,Auckland Region,Nil,2-way,Sealed,0,0,0,0,50,0,None,0,0,,76,Auckland,Nil,0,0,0,1,0,0,Urban,0,0,0,Light rain,Null
1763742.7335,5913322.1015,909430,,520402,0,,0,1,,Null,2024/2025,MOUNT WELLINGTON HIGHWAY,HAMLIN ROAD,,Non-Injury Crash,No,2025,,East,,0,,Null,,,,,,Overcast,641501,0,0,0,4,,,0,,,,,,Auckland Region,Nil,2-way,Sealed,,0,0,,50,,Null,1,0,,76,Auckland,Stop,,,,,0,0,Urban,0,,,Light rain,Null
1759718.2757,5909268.6188,909433,,524002,0,,0,2,,North,2024/2025,SOUTH-WESTERN MOTORWAY,WALMSLEY ROAD OFF RAMP,,Non-Injury Crash,Yes,2024,,South,,0,,Flat,,,,,,Bright sun,724102,0,0,0,3,,,0,,,,,,Auckland Region,Nil,1-way,Sealed,,0,0,,100,,Off,0,1,,76,Auckland,Nil,,,,,0,0,Open,0,,,Fine,Null
1768449.6389,5905435.1455,909435,,523721,0,,0,2,,Null,2024/2025,BOUNDARY ROAD,OTHELLO DRIVE,,Non-Injury Crash,No,2025,,East,,0,,Flat,,,,,,Dark,715618,0,0,0,2,,,0,,,,,,Auckland Region,Nil,2-way,Sealed,,0,0,,50,,On,0,0,,76,Auckland,Stop,,,,,0,0,Urban,0,,,Fine,Null
1760399.5693,5919918.753,909438,,516400,0,,0,0,,West,2023/2024,TAMAKI DRIVE,NGAPIPI ROAD,,Non-Injury Crash,No,2024,,West,,0,,Null,,,,,,Unknown,496500,0,0,0,4,,,0,,,,,,Auckland Region,Nil,2-way,Sealed,,0,0,,50,,Null,2,0,,76,Auckland,Nil,,,,,0,0,Urban,0,,,Null,Null
1764274.644,5908972.1067,909440,,521901,0,,0,1,,Null,2024/2025,MANGERE ROAD,GREAT SOUTH ROAD,,Minor Crash,No,2025,,East,,0,,Flat,,,,,,Bright sun,785200,1,0,0,5,,,0,,,1,,,Auckland Region,Nil,2-way,Sealed,,0,0,,50,,Off,0,0,,76,Auckland,Traffic Signals,,,,,0,0,Urban,0,,,Fine,Null
1753651.3012,5975266.9948,909444,,506659,0,0,0,1,0,North,2024/2025,MATAKANA ROAD,TAMAHUNGA DRIVE,,Minor Crash,No,2025,0,South,0,0,0,Hill Road,0,,0,,0,Dark,138003,2,0,0,2,0,0,0,0,1,,0,0,Auckland Region,Nil,2-way,Sealed,0,0,0,0,50,0,On,0,0,,76,Auckland,Nil,0,0,0,0,0,0,Urban,2,0,0,Fine,Null
1765429.9603,5907156.1087,909447,,522201,0,,0,1,,Null,2023/2024,GREAT SOUTH ROAD,SHIRLEY ROAD,,Non-Injury Crash,No,2024,,South,,0,,Flat,,,,,,Bright sun,661100,0,0,0,2,,,0,,,,,,Auckland Region,Nil,1-way,Sealed,,0,0,,50,,Off,0,0,,76,Auckland,Traffic Signals,,,,,0,0,Urban,0,,,Fine,None
1752505.852,5914251.9917,909448,,514500,0,,0,1,,Null,2024/2025,NEW WINDSOR ROAD,TIVERTON ROAD,,Non-Injury Crash,No,2024,,South,,0,,Flat,,,,,,Overcast,374800,0,0,0,2,,,0,,,,,,Auckland Region,Nil,2-way,Sealed,,0,0,,50,,Off,0,0,,76,Auckland,Traffic Signals,,,,,0,1,Urban,0,,,Light rain,None
1772728.7844,5895383.9326,909453,,525520,0,,0,1,,Null,2023/2024,GREAT SOUTH ROAD,SETTLEMENT ROAD,,Non-Injury Crash,No,2024,,North,,0,,Flat,,,,,,Dark,801700,0,0,0,4,,,0,,,,,,Auckland Region,Nil,2-way,Sealed,,0,0,,50,,On,0,0,,76,Auckland,Traffic Signals,,,,,0,0,Urban,1,,,Light rain,Null
1754443.4347,5915158.7695,909454,,517702,0,,0,1,,Null,2024/2025,MOUNT ALBERT ROAD,SANDRINGHAM ROAD,,Non-Injury Crash,No,2024,,South,,0,,Null,,,,,,Bright sun,541500,0,0,0,2,,,0,,,,,,Auckland Region,Nil,2-way,Sealed,,0,0,,50,,Null,0,0,,76,Auckland,Traffic Signals,,,,,0,0,Urban,1,,,Fine,Null
1767935.9057,5886346.2401,909455,,521122,0,0,0,2,0,South,2025/2026,PAERATA ROAD,WESLEY COLLEGE SOUTH,,Serious Crash,Yes,2025,0,South,0,0,1,Flat,0,,0,,0,Bright sun,813001,2,0,0,2,0,0,0,0,0,,0,0,Auckland Region,Nil,2-way,Sealed,0,0,1,0,80,0,None,0,0,,76,Auckland,Nil,0,0,0,0,0,0,Open,0,0,0,Fine,Null
1767910.4973,5910759.717,909467,,523112,0,0,0,1,0,North,2025/2026,STONEDON DRIVE,CRYERS ROAD,,Non-Injury Crash,No,2025,0,East,0,0,0,Null,0,,0,,0,Overcast,711405,0,0,0,2,0,0,0,0,0,,0,0,Auckland Region,Nil,2-way,Sealed,0,0,0,0,50,0,Null,0,0,,76,Auckland,Nil,0,1,0,0,0,0,Urban,0,0,0,Fine,Null
1768408.5953,5900634.3653,909474,,525001,0,,0,1,,Null,2024/2025,WEYMOUTH ROAD,RUSSELL ROAD,,Non-Injury Crash,No,2024,,East,,0,,Flat,,,,,,Bright sun,752400,0,0,0,1,,,0,,,,,,Auckland Region,Nil,1-way,Sealed,,0,0,,50,,Off,0,0,,76,Auckland,Give way,,,,,0,1,Urban,0,,,Fine,None
1762228.7445,5909258.653,909478,,524402,0,,0,2,,East,2024/2025,JAMES FLETCHER DRIVE,SAVILL DRIVE,,Non-Injury Crash,No,2024,,West,,0,,Flat,,,,,,Overcast,749700,0,0,0,2,,,0,,,,,,Auckland Region,Nil,2-way,Sealed,,0,0,,50,,Off,0,0,,76,Auckland,Nil,,,,,0,0,Urban,0,,,Light rain,Null
1745144.0804,5918430.5292,909479,,513302,0,,0,2,,North,2025/2026,LINCOLN ROAD,NORVAL ROAD,,Non-Injury Crash,No,2026,,South,,0,,Flat,,,,,,Overcast,230900,0,0,0,4,,,0,,,,,,Auckland Region,Nil,2-way,Sealed,,0,0,,50,,Off,0,0,,76,Auckland,Nil,,,,,0,0,Urban,0,,,Fine,Null
1767794.0895,5904282.1697,909483,,524602,0,,0,2,,Null,2025/2026,REDOUBT ROAD,MANUKAU STATION ROAD,,Non-Injury Crash,No,2025,,Null,,0,,Flat,,,,,,Bright sun,780501,0,0,0,4,,,0,,,,,,Auckland Region,Nil,1-way,Sealed,,0,0,,60,,Null,0,0,,76,Auckland,Traffic Signals,,,,,0,0,Urban,0,,,Fine,Null
1754062.2412,5936391.2696,909484,,507000,0,0,0,1,0,Null,2025/2026,GLAMORGAN DRIVE,EAST COAST ROAD,,Minor Crash,No,2025,0,South,0,0,0,Hill Road,0,,0,,0,Overcast,164201,1,0,0,2,0,0,0,0,0,,0,1,Auckland Region,Nil,2-way,Sealed,0,0,0,0,50,0,Off,0,0,,76,Auckland,Give way,0,0,0,0,0,0,Urban,0,0,0,Fine,Null
1746639.6417,5917932.1777,909488,,512500,0,0,0,1,0,South,2024/2025,TE ATATU ROAD,TREASURE LANE,,Non-Injury Crash,No,2024,0,South,0,0,1,Hill Road,1,,0,,0,Dark,257300,0,0,0,2,0,0,0,0,0,,0,0,Auckland Region,Nil,2-way,Sealed,0,0,0,0,50,0,On,0,0,,76,Auckland,Nil,0,0,0,0,0,0,Urban,0,0,0,Light rain,Null
1738016.6298,5929252.3241,909490,,505602,0,,0,2,,Null,2024/2025,MAIN ROAD,MATUA ROAD,,Minor Crash,Yes,2025,,West,,0,,Flat,,,,,,Overcast,214900,1,0,0,2,,,0,,,,,,Auckland Region,Nil,2-way,Sealed,,0,0,,50,,Off,1,0,,76,Auckland,Stop,,,,,0,0,Urban,1,,,Fine,Null
1761842.3704,5906651.6246,909492,,524302,0,,0,2,,Null,2024/2025,MASSEY ROAD,MASSEY ROAD,,Non-Injury Crash,No,2024,,North,,0,,Flat,,,,,,Dark,743600,0,0,0,3,,,0,,,,,,Auckland Region,Nil,2-way,Sealed,,0,0,,50,,On,0,0,,76,Auckland,Give way,,,,,0,0,Urban,0,,,Heavy rain,None
1760979.0115,5907359.0131,909493,,524510,0,,0,1,,Null,2025/2026,ROBERTSON ROAD,BUCKLAND ROAD,,Non-Injury Crash,No,2025,,South,,0,,Null,,,,,,Bright sun,736701,0,0,0,2,,,0,,,,,,Auckland Region,Nil,1-way,Sealed,,0,0,,50,,Null,1,0,,76,Auckland,Give way,,,,,0,0,Urban,0,,,Fine,Null
1756321.8365,5924682.4765,909495,,509702,0,0,0,1,0,North,2025/2026,SYLVAN AVENUE,TARAHANGA STREET,,Minor Crash,No,2025,0,East,0,0,0,Hill Road,0,,0,,0,Bright sun,366700,1,0,0,2,0,0,0,0,1,,0,0,Auckland Region,Nil,2-way,Sealed,0,0,0,0,50,0,Off,1,0,,76,Auckland,Nil,0,0,0,0,0,0,Urban,0,0,0,Fine,Null
1738108.0735,5925728.4766,909501,,505700,0,0,0,0,0,South,2024/2025,WAITAKERE ROAD,HANHAM ROAD,,Serious Crash,No,2024,0,North,0,0,1,Hill Road,0,,0,,0,Dark,216401,0,0,0,2,0,0,0,0,0,,0,1,Auckland Region,Nil,2-way,Sealed,0,0,1,0,80,0,None,1,0,,76,Auckland,Nil,0,0,0,1,0,0,Open,0,0,0,Fine,Null
1761021.6041,5880189.9875,909503,,521121,0,0,0,0,0,Null,2023/2024,TITI ROAD,PILGRIM ROAD,,Non-Injury Crash,No,2024,0,North,0,0,0,Hill Road,0,,0,,0,Overcast,812400,0,0,0,2,0,0,0,1,0,,0,0,Auckland Region,Nil,2-way,Sealed,0,0,0,0,80,0,None,0,0,,76,Auckland,Give way,0,0,0,0,1,0,Open,0,0,0,Light rain,Null
1765128.3106,5909885.4523,909509,,521803,0,,0,2,,North,2024/2025,SOUTHERN MOTORWAY,TRENWITH OBR,,Non-Injury Crash,Yes,2024,,South,,0,,Flat,,,,,,Dark,788300,0,0,0,3,,,0,,,,,,Auckland Region,Nil,1-way,Sealed,,0,0,,100,,On,0,0,,76,Auckland,Nil,,,,,0,0,Open,0,,,Light rain,Null
1753397.0344,5916162.7975,909510,,517903,0,0,0,3,0,South,2024/2025,MOUNT ALBERT ROAD,ALBERTON AVENUE,,Non-Injury Crash,No,2025,0,North,0,0,0,Flat,0,,0,,0,Dark,522600,0,0,0,2,0,0,0,0,1,,0,0,Auckland Region,Nil,2-way,Sealed,0,0,0,0,50,0,On,0,0,,76,Auckland,Nil,0,0,0,0,0,0,Urban,0,0,0,Fine,Null
1762803.742,5912958.2066,909511,,520500,0,,0,0,,South,2024/2025,SOUTHERN MOTORWAY,SOUTH-EASTERN HWY ON RAMP,,Minor Crash,Yes,2025,,West,,0,,Flat,,,,,,Bright sun,637300,1,0,1,3,,,0,,,,,,Auckland Region,Nil,1-way,Sealed,,0,0,,100,,Off,1,0,,76,Auckland,Nil,,,,,0,0,Open,0,,,Fine,Null
1753743.7339,5915470.3813,909512,,518801,0,,0,0,,West,2024/2025,OWAIRAKA AVENUE,TYBURNIA AVENUE,,Non-Injury Crash,No,2025,,East,,0,,Null,,,,,,Bright sun,575000,0,0,0,2,,,0,,,,,,Auckland Region,Nil,2-way,Sealed,,0,0,,50,,Null,1,0,,76,Auckland,Nil,,,,,0,0,Urban,0,,,Fine,Null
1755791.3911,5926946.0237,909514,,508620,0,0,0,0,0,Null,2025/2026,SUNNYBRAE ROAD,ELLEN AVENUE,,Minor Crash,No,2025,0,North,0,0,0,Hill Road,0,,0,,0,Bright sun,204600,1,0,0,2,0,0,0,0,0,,0,1,Auckland Region,Nil,2-way,Sealed,0,0,0,0,50,0,Off,0,0,,76,Auckland,Nil,0,0,0,0,0,0,Urban,1,0,0,Fine,Null