X,Y,OBJECTID,advisorySpeed,areaUnitID,bicycle,bridge,bus,carStationWagon,cliffBank,crashDirectionDescription,crashFinancialYear,crashLocation1,crashLocation2,crashRoadSideRoad,crashSeverity,crashSHDescription,crashYear,debris,directionRoleDescription,ditch,fatalCount,fence,flatHill,guardRail,holiday,houseOrBuilding,intersection,kerb,light,meshblockId,minorInjuryCount,moped,motorcycle,NumberOfLanes,objectThrownOrDropped,otherObject,otherVehicleType,overBank,parkedVehicle,pedestrian,phoneBoxEtc,postOrPole,region,roadCharacter,roadLane,roadSurface,roadworks,schoolBus,seriousInjuryCount,slipOrFlood,speedLimit,strayAnimal,streetLight,suv,taxi,temporarySpeedLimit,tlaId,tlaName,trafficControl,trafficIsland,trafficSign,train,tree,truck,unknownVehicleType,urban,vanOrUtility,vehicle,waterRiver,weatherA,weatherB
1760415.9838,5906769.1053,909515,,524112,0,,0,1,,South,2024/2025,MASCOT AVENUE,WADDON PLACE,,Serious Crash,No,2025,,North,,0,,Flat,,,,,,Dark,742101,0,0,0,2,,,0,,,,,,Auckland Region,Nil,2-way,Unsealed,,0,1,,50,,On,0,0,,76,Auckland,Nil,,,,,0,0,Urban,0,,,Fine,Null
1782149.8137,5901522.039,909517,,525201,0,,0,0,,Null,2024/2025,MONUMENT ROAD,TOURIST ROAD,,Serious Crash,No,2025,,South,,0,,Flat,,,,,,Bright sun,763400,1,0,0,2,,,0,,,,,,Auckland Region,Nil,2-way,Sealed,,0,1,,60,,Off,0,0,,76,Auckland,Stop,,,,,1,0,Urban,1,,,Fine,Null
1774817.7445,5887629.7351,909520,,521302,0,,0,2,,South,2024/2025,SOUTHERN MOTORWAY,RAMARAMA ON RAMP,,Non-Injury Crash,Yes,2024,,North,,0,,Null,,,,,,Unknown,809101,0,0,0,2,,,0,,,,,,Auckland Region,Nil,1-way,Null,,0,0,,100,,Null,0,0,,76,Auckland,Nil,,,,,0,0,Open,0,,,Null,Null
1760111.9159,5915518.4862,909528,,519400,0,,0,0,,Null,2025/2026,OFF ROAD - CAR PARK,,,Minor Crash,No,2025,,South,,0,,Hill Road,,,,,,Bright sun,617100,1,0,0,,,,0,,,1,,,Auckland Region,Nil,Off road,Sealed,,0,0,,,,Off,1,0,,76,Auckland,Nil,,,,,0,0,Urban,0,,,Fine,Null
1763327.5985,5912842.528,909529,65,520500,0,0,0,1,0,East,2023/2024,SOUTH-EASTERN HWY OFF RAMP,SOUTHERN MOTORWAY,,Non-Injury Crash,No,2024,0,East,0,0,0,Flat,0,Queens Birthday,0,,0,Dark,637400,0,0,0,1,0,0,0,0,0,,0,1,Auckland Region,Motorway ramp,1-way,Sealed,0,0,0,0,100,0,On,0,0,,76,Auckland,Nil,0,0,0,0,0,0,Open,0,0,0,Fine,Null
1765054.7919,5907817.2527,909530,,522301,0,,0,3,,North,2024/2025,GREAT SOUTH ROAD,GRANGE ROAD,,Non-Injury Crash,No,2024,,South,,0,,Flat,,,,,,Overcast,665900,0,0,0,3,,,0,,,,,,Auckland Region,Nil,2-way,Sealed,,0,0,,50,,Off,0,0,,76,Auckland,Nil,,,,,0,0,Urban,0,,,Heavy rain,Null
1756218.9458,5927582.789,909537,,507900,0,,0,1,,North,2024/2025,NORTHERN MOTORWAY,NORTHCOTE ROAD OFF RAMP,,Non-Injury Crash,Yes,2025,,South,,0,,Null,,,,,,Unknown,305202,0,0,0,0,,,0,,,,,,Auckland Region,Nil,Null,Null,,0,0,,,,Null,1,0,,76,Auckland,Nil,,,,,0,0,Urban,0,,,Null,Null
1746910.8243,5918975.9389,909540,,512402,0,,0,2,,North,2024/2025,TE ATATU ROAD,LYNDHURST ROAD,,Non-Injury Crash,No,2025,,North,,0,,Flat,,,,,,Overcast,254500,0,0,0,4,,,0,,,,,,Auckland Region,Nil,2-way,Sealed,,0,0,,50,,Off,0,0,,76,Auckland,Nil,,,,,0,0,Urban,0,,,Fine,Null
1772454.491,5897140.1051,909543,,525630,0,,0,2,,North,2024/2025,PORCHESTER ROAD,TAUARAI PLACE,,Minor Crash,No,2025,,South,,0,,Flat,,,,,,Dark,794700,3,0,0,2,,,0,,,,,,Auckland Region,Nil,2-way,Sealed,,0,0,,50,,On,0,0,,76,Auckland,Nil,,,,,0,0,Urban,0,,,Fine,Null
1753375.6301,5932971.0136,909545,,508807,0,,0,3,,South,2024/2025,GREVILLE ROAD OFF RAMP,GREVILLE ROAD OFF RAMP,,Minor Crash,No,2025,,North,,0,,Flat,,,,,,Twilight,180811,1,0,0,4,,,0,,,,,,Auckland Region,Motorway ramp,1-way,Sealed,,0,0,,50,,Off,0,0,,76,Auckland,Nil,,,,,0,0,Urban,0,,,Fine,Null
1756121.8018,5929200.9032,909553,,508510,0,,0,2,,Null,2023/2024,FORREST HILL ROAD,TRISTRAM AVENUE,,Non-Injury Crash,No,2024,,North,,0,,Flat,,,,,,Dark,195600,0,0,0,2,,,0,,,,,,Auckland Region,Nil,2-way,Sealed,,0,0,,50,,On,0,0,,76,Auckland,Traffic Signals,,,,,0,0,Urban,0,,,Fine,Null
1753750.7078,5918365.2466,909554,,515431,0,,0,1,,West,2024/2025,GREAT NORTH ROAD,ST LUKES ROAD,,Non-Injury Crash,No,2024,,East,,0,,Flat,,,,,,Dark,397600,0,0,0,3,,,0,,,,,,Auckland Region,Nil,2-way,Sealed,,0,0,,50,,On,0,0,,76,Auckland,Nil,,,,,0,0,Urban,1,,,Fine,Null
1768154.483,5901727.2131,909555,,525001,0,0,0,1,0,South,2024/2025,MAICH ROAD,HALSEY ROAD,,Non-Injury Crash,No,2024,0,South,0,0,0,Flat,0,,0,,0,Bright sun,751000,0,0,0,2,0,0,0,0,1,,0,0,Auckland Region,Nil,2-way,Sealed,0,0,0,0,50,0,Off,1,0,,76,Auckland,Nil,0,0,0,0,0,0,Urban,0,0,0,Fine,Null
1759685.9876,5903371.7561,909561,15,524200,0,,0,2,,Null,2023/2024,LAURENCE STEVENS DRIVE,GEOFFREY ROBERTS ROAD,,Non-Injury Crash,No,2024,,East,,0,,Flat,,,,,,Overcast,727200,0,0,0,2,,,0,,,,,,Auckland Region,Nil,2-way,Sealed,,0,0,,50,,Off,0,0,,76,Auckland,Give way,,,,,0,0,Urban,0,,,Light rain,Frost
1757754.1341,5919071.2093,909562,,514302,0,,0,1,,East,2024/2025,PARK ROAD,AUCKLAND HOSP ENT,,Non-Injury Crash,No,2024,,East,,0,,Flat,,,,,,Bright sun,442400,0,0,0,2,,,0,,,,,,Auckland Region,Nil,2-way,Sealed,,0,0,,50,,Off,0,0,,76,Auckland,Pointsman,,,,,1,0,Urban,0,,,Fine,None
1764939.5312,5908282.2905,909569,,523404,0,,0,2,,North,2024/2025,GREAT SOUTH ROAD,BAIRDS ROAD,,Non-Injury Crash,No,2025,,South,,0,,Null,,,,,,Unknown,696701,0,0,0,1,,,0,,,,,,Auckland Region,Nil,1-way,Null,,0,0,,50,,Null,0,0,,76,Auckland,Nil,,,,,0,0,Urban,0,,,Null,Null
1757493.8395,5912315.4882,909571,,519810,0,,0,0,,East,2024/2025,SOUTH-WESTERN MOTORWAY,QUEENSTOWN OBR,,Non-Injury Crash,Yes,2025,,North,,0,,Flat,,,,,,Bright sun,597100,0,0,0,3,,,0,,,,,,Auckland Region,Nil,1-way,Sealed,,0,0,,100,,Off,1,0,,76,Auckland,Nil,,,,,0,0,Open,1,,,Fine,Null
1773510.044,5897338.8278,909573,,525630,0,,0,1,,Null,2024/2025,GROVE ROAD,OLD WAIROA ROAD,,Minor Crash,No,2025,,North,,0,,Flat,,,,,,Bright sun,795400,1,0,1,2,,,0,,,,,,Auckland Region,Nil,2-way,Sealed,,0,0,,50,,Off,1,0,,76,Auckland,Stop,,,,,0,0,Urban,0,,,Fine,Null
1768499.6441,5900906.6218,909574,,525001,0,,0,2,,Null,2024/2025,ROSEMARY LANE,STATION ROAD,,Non-Injury Crash,No,2024,,East,,0,,Flat,,,,,,Dark,752000,0,0,0,1,,,0,,,,,,Auckland Region,Nil,1-way,Sealed,,0,0,,50,,On,0,0,,76,Auckland,Give way,,,,,0,0,Urban,0,,,Fine,Null
1746370.4924,5940006.5735,909578,,506300,0,0,0,1,0,Null,2024/2025,DAIRY FLAT HIGHWAY,BLACKBRIDGE ROAD,,Non-Injury Crash,No,2024,0,South,0,0,1,Hill Road,0,,0,,0,Bright sun,175904,0,0,0,2,0,0,0,0,0,,0,0,Auckland Region,Nil,2-way,Sealed,0,0,0,0,80,0,Off,0,0,60,76,Auckland,Give way,0,0,0,0,0,0,Open,0,0,0,Fine,Null
1754847.8762,5919853.0104,909583,,515301,0,0,0,2,0,West,2024/2025,RICHMOND ROAD,FARRAR STREET,,Non-Injury Crash,No,2024,0,West,0,0,0,Hill Road,0,,0,,0,Dark,428500,0,0,0,2,0,0,0,0,1,,0,0,Auckland Region,Nil,2-way,Sealed,0,0,0,0,50,0,On,0,0,,76,Auckland,Nil,0,0,0,1,0,0,Urban,1,0,0,Fine,Null
1751579.3321,5914751.1341,909589,,514402,0,0,0,1,0,Null,2024/2025,BLOCKHOUSE BAY ROAD,CHALMERS STREET,,Non-Injury Crash,No,2024,0,North,0,0,0,Flat,0,,0,,0,Bright sun,379300,0,0,0,2,0,0,0,0,0,,0,0,Auckland Region,Nil,2-way,Sealed,0,0,0,0,50,0,Off,0,0,,76,Auckland,Traffic Signals,0,0,0,0,0,0,Urban,1,1,0,Fine,Null
1755537.5062,5936911.0611,909591,,506902,0,0,0,2,0,South,2023/2024,DUNRAVEN PLACE,GLAMORGAN DRIVE,,Non-Injury Crash,No,2024,0,South,0,0,0,Null,0,,0,,0,Unknown,165300,0,0,0,2,0,0,0,0,1,,0,0,Auckland Region,Nil,2-way,Sealed,0,0,0,0,50,0,Null,0,0,,76,Auckland,Nil,0,0,0,0,0,0,Urban,0,0,0,Null,Null
1753425.7787,5929798.2846,909592,,508420,0,,0,2,,Null,2025/2026,SUNSET ROAD,GLENFIELD ROAD,,Non-Injury Crash,No,2025,,South,,0,,Null,,,,,,Unknown,182903,0,0,0,1,,,0,,,,,,Auckland Region,Nil,1-way,Sealed,,0,0,,50,,Null,0,0,,76,Auckland,Give way,,,,,0,0,Urban,0,,,Fine,Null
1756832.8875,5930291.2451,909593,,507710,0,0,0,2,0,North,2024/2025,BRAEMAR ROAD,CASTOR BAY ROAD,,Non-Injury Crash,No,2024,0,South,0,0,0,Flat,0,,0,,0,Overcast,314002,0,0,0,2,0,0,0,0,1,,0,0,Auckland Region,Nil,2-way,Sealed,0,0,0,0,50,0,Null,0,0,,76,Auckland,Nil,0,0,0,0,0,0,Urban,0,0,0,Light rain,Null
1744707.1025,5912280.3081,909596,,512902,0,0,0,1,1,South,2024/2025,SHAW ROAD,NOLA ROAD,,Non-Injury Crash,No,2025,0,South,0,0,1,Hill Road,0,,0,,0,Dark,299000,0,0,0,2,0,0,0,0,0,,0,0,Auckland Region,Nil,2-way,Sealed,0,0,0,0,60,0,On,0,0,,76,Auckland,Nil,0,0,0,0,0,0,Urban,0,0,0,Fine,Null
1758414.9991,5912926.7912,909597,25,519710,0,,0,2,,Null,2023/2024,MANUKAU ROAD,TRAFALGAR STREET,,Non-Injury Crash,No,2024,,South,,0,,Flat,,,,,,Bright sun,596600,0,0,0,3,,,0,,,,,,Auckland Region,Nil,2-way,Sealed,,0,0,,50,,Off,0,0,,76,Auckland,Traffic Signals,,,,,0,0,Urban,0,,,Fine,None
1772637.4335,5913247.8401,909598,,523102,0,0,0,1,0,Null,2024/2025,ALICIA ROAD,MEADOWLAND DRIVE,,Non-Injury Crash,No,2025,0,South,0,0,1,Flat,0,,0,,0,Dark,711029,0,0,0,2,0,0,0,0,0,,0,0,Auckland Region,Nil,2-way,Sealed,0,0,0,0,50,0,On,0,0,,76,Auckland,Give way,0,0,0,0,0,0,Urban,0,0,0,Fine,Null
1743596.218,5922718.4847,909599,45,513512,0,0,0,1,0,West,2024/2025,ROYAL ROAD,KEMP ROAD,,Non-Injury Crash,No,2024,0,West,0,0,0,Flat,0,,0,,0,Dark,225302,0,0,0,2,0,0,0,0,0,,0,1,Auckland Region,Nil,2-way,Sealed,0,0,0,0,50,0,On,0,0,,76,Auckland,Nil,0,0,0,0,0,0,Urban,0,0,0,Fine,Null
1762990.9924,5905389.1258,909600,,524303,0,0,0,1,1,South,2024/2025,SOUTH-WESTERN MOTORWAY,PORTAGE OBR,,Serious Crash,Yes,2025,0,South,0,0,0,Flat,0,,0,,0,Bright sun,746301,0,0,0,2,0,0,0,0,0,,0,0,Auckland Region,Nil,1-way,Sealed,0,0,1,0,100,0,Off,0,0,,76,Auckland,Nil,0,0,0,0,1,0,Open,0,0,0,Fine,Null
1765858.174,5900871.7782,909604,,524821,0,0,0,1,0,Null,2024/2025,MONCRIEFF AVENUE,ROSCOMMON ROAD,,Non-Injury Crash,No,2025,0,East,0,0,0,Flat,0,Easter,0,,0,Dark,774405,0,0,0,2,0,0,0,0,0,,0,0,Auckland Region,Nil,2-way,Sealed,0,0,0,0,50,0,On,0,0,30,76,Auckland,Give way,1,0,0,1,0,0,Urban,0,0,0,Light rain,Null
1743770.1991,5923883.8444,909606,,513511,0,,0,2,,Null,2024/2025,MAKI STREET,FRED TAYLOR DRIVE,,Non-Injury Crash,No,2025,,North,,0,,Flat,,,,,,Overcast,224306,0,0,0,2,,,0,,,,,,Auckland Region,Nil,1-way,Sealed,,0,0,,50,,None,0,0,,76,Auckland,Traffic Signals,,,,,0,0,Urban,0,,,Fine,Null
1751411.3093,5934298.0102,909620,,508701,0,0,0,1,0,Null,2024/2025,OTEHA VALLEY ROAD EXTENSION,DAIRY FLAT HIGHWAY,,Non-Injury Crash,No,2024,0,South,0,0,0,Flat,0,,1,,0,Overcast,178501,0,0,0,3,0,0,0,0,0,,0,0,Auckland Region,Nil,2-way,Sealed,0,0,0,0,50,0,Off,0,0,,76,Auckland,Traffic Signals,0,0,0,0,0,0,Urban,0,0,0,Light rain,Null
1764039.3533,5904259.1585,909632,,524604,0,,0,1,,South,2025/2026,SOUTH-WESTERN MOTORWAY,PUHINUI OBR,,Minor Crash,Yes,2025,,North,,0,,Flat,,,,,,Overcast,781100,1,0,0,2,,,0,,,,,,Auckland Region,Overpass,1-way,Sealed,,0,0,,100,,Off,0,0,,76,Auckland,Nil,,,,,0,0,Open,1,,,Light rain,Null
1757648.1695,5913575.0465,909649,,518702,0,,0,1,,Null,2024/2025,MOUNT ALBERT ROAD,PAH ROAD,,Minor Crash,No,2025,,West,,0,,Flat,,,,,,Dark,567900,1,0,0,4,,,0,,,,,,Auckland Region,Nil,2-way,Sealed,,0,0,,50,,On,1,0,,76,Auckland,Traffic Signals,,,,,0,0,Urban,0,,,Fine,Null
1765025.999,5910398.7479,909650,,521801,0,,0,2,,North,2024/2025,SOUTHERN MOTORWAY,PRINCES OBR,,Non-Injury Crash,Yes,2025,,North,,0,,Flat,,,,,,Overcast,787200,0,0,0,3,,,0,,,,,,Auckland Region,Nil,1-way,Sealed,,0,0,,100,,Off,0,0,,76,Auckland,Nil,,,,,0,0,Open,1,,,Light rain,Null
1763723.1195,5908890.7684,909656,,521901,0,,0,1,,East,2025/2026,MANGERE ROAD,WALMSLEY ROAD,,Non-Injury Crash,No,2025,,East,,0,,Flat,,,,,,Overcast,785400,0,0,0,6,,,0,,,,,,Auckland Region,Nil,2-way,Sealed,,0,0,,50,,Null,0,0,,76,Auckland,Nil,,,,,0,0,Urban,0,,,Light rain,Null
1774658.1457,5896028.3649,909657,,525610,0,,0,1,,West,2024/2025,SETTLEMENT ROAD,DOMINION ROAD,,Minor Crash,No,2025,,West,,0,,Flat,,,,,,Bright sun,798902,1,0,0,2,,,0,,,,,,Auckland Region,Nil,2-way,Sealed,,0,0,,50,,Off,0,0,,76,Auckland,Nil,,,,,0,0,Urban,1,,,Fine,Null
1759995.0408,5915850.3199,909659,,516002,0,,0,2,,Null,2024/2025,GREEN LANE EAST,MAREWA ROAD,,Minor Crash,No,2025,,North,,0,,Flat,,,,,,Bright sun,494000,2,0,0,2,,,0,,,,,,Auckland Region,Nil,1-way,Sealed,,0,0,,50,,Off,0,0,,76,Auckland,Give way,,,,,0,0,Urban,0,,,Fine,Null
1767549.2346,5901361.1291,909663,,524720,0,0,0,1,0,South,2024/2025,DEVERON ROAD,GLOUCESTER ROAD,,Non-Injury Crash,No,2024,0,South,0,0,0,Flat,0,,0,,0,Bright sun,778200,0,0,0,2,0,0,0,0,1,,0,0,Auckland Region,Nil,2-way,Sealed,0,0,0,0,50,0,None,0,0,,76,Auckland,Nil,0,0,0,0,0,0,Urban,0,0,0,Fine,None
1747153.8835,5919716.1594,909664,,512402,0,,0,2,,West,2024/2025,NORTH-WESTERN MOTORWAY,TE ATATU OBR,,Non-Injury Crash,Yes,2025,,West,,0,,Flat,,,,,,Overcast,253600,0,0,0,3,,,0,,,,,,Auckland Region,Nil,1-way,Unsealed,,0,0,,100,,Off,0,0,,76,Auckland,Nil,,,,,0,0,Open,0,,,Fine,Null
1779919.8263,5916051.2181,909665,,523300,0,0,0,1,0,West,2024/2025,WHITFORD MARAETAI ROAD,KEANES ROAD,,Serious Crash,No,2025,0,West,0,0,0,Flat,0,,0,,0,Dark,719400,2,0,0,2,0,0,0,0,0,,0,0,Auckland Region,Nil,2-way,Sealed,0,0,1,0,80,0,On,0,0,,76,Auckland,Nil,0,0,0,1,0,0,Open,0,0,0,Fine,Null
1766542.9996,5906943.9643,909666,,522302,0,0,0,2,0,West,2024/2025,KIMPTON ROAD,STONEX ROAD,,Non-Injury Crash,No,2025,0,East,0,0,0,Null,0,,0,,0,Overcast,667900,0,0,0,2,0,0,0,0,1,,0,0,Auckland Region,Nil,2-way,Sealed,0,0,0,0,50,0,Null,0,0,,76,Auckland,Nil,0,0,0,0,0,0,Urban,0,0,0,Fine,Null
1758049.8651,5912231.4341,909667,,519810,0,0,0,1,0,West,2024/2025,BEACHCROFT AVENUE,NORMANS HILL ROAD,,Non-Injury Crash,No,2025,0,East,0,0,1,Flat,0,,0,,0,Overcast,602501,0,0,0,2,0,0,0,0,0,,0,0,Auckland Region,Nil,2-way,Sealed,0,0,0,0,50,0,Off,0,0,,76,Auckland,Nil,0,0,0,0,0,0,Urban,0,0,0,Light rain,Strong wind
1761480.0226,5915581.7163,909668,,520201,1,,0,0,,Null,2024/2025,LADIES MILE,UMERE CRESCENT,,Non-Injury Crash,No,2024,,South,,0,,Flat,,,,,,Bright sun,609700,1,0,0,2,,,0,,,,,,Auckland Region,Nil,2-way,Sealed,,0,0,,50,,Null,1,0,,76,Auckland,Nil,,,,,0,0,Urban,0,,,Fine,Null
1753936.3857,5913414.333,909669,,518901,0,,0,2,,Null,2024/2025,RICHARDSON ROAD,WHITE SWAN ROAD,,Non-Injury Crash,No,2024,,North,,0,,Flat,,,,,,Overcast,585101,0,0,0,2,,,0,,,,,,Auckland Region,Nil,2-way,Sealed,,0,0,,50,,Null,0,0,,76,Auckland,Traffic Signals,,,,,0,0,Urban,0,,,Light rain,Strong wind
1750765.509,5946803.4324,909670,,505806,0,,0,1,,Null,2025/2026,HIBISCUS COAST HIGHWAY,HIBISCUS COAST HIGHWAY,,Minor Crash,No,2025,,North,,0,,Flat,,,,,,Overcast,176515,1,0,0,3,,,0,,,,,,Auckland Region,Nil,2-way,Sealed,,0,0,,60,,Off,0,0,,76,Auckland,Nil,,,,,1,0,Urban,1,,,Fine,Null
1764397.0489,5917771.6153,909674,,516301,0,0,0,2,0,North,2024/2025,ST JOHNS ROAD,GOWING DRIVE,,Non-Injury Crash,No,2024,0,South,0,0,0,Flat,0,,0,,0,Dark,461700,0,0,0,2,0,0,0,0,1,,0,0,Auckland Region,Nil,2-way,Sealed,0,0,0,0,50,0,On,0,1,,76,Auckland,Nil,0,0,0,0,0,0,Urban,0,0,0,Fine,Null
1756274.017,5920837.635,909678,,515202,0,,0,2,,Null,2024/2025,BEAUMONT STREET,FANSHAWE STREET ON RAMP,,Non-Injury Crash,No,2025,,North,,0,,Flat,,,,,,Dark,426101,0,0,0,4,,,0,,,,,,Auckland Region,Nil,2-way,Sealed,,0,0,,30,,On,0,0,,76,Auckland,Traffic Signals,,,,,0,0,Urban,0,,,Fine,Null
1756691.9473,5920539.3025,909679,,514102,0,,0,3,,Null,2024/2025,VICTORIA STREET WEST,DOCK STREET,,Non-Injury Crash,No,2024,,East,,0,,Hill Road,,,,,,Bright sun,433700,0,0,0,4,,,0,,,,,,Auckland Region,Nil,2-way,Sealed,,0,0,,40,,None,0,0,,76,Auckland,Give way,,,,,0,0,Urban,0,,,Fine,Null
1761064.4505,5909255.0082,909681,,524404,0,,0,2,,Null,2024/2025,FAVONA ROAD,HARANIA AVENUE,,Non-Injury Crash,No,2024,,West,,0,,Flat,,,,,,Bright sun,730100,0,0,0,3,,,0,,,,,,Auckland Region,Nil,2-way,Sealed,,0,0,,50,,Off,0,0,,76,Auckland,Give way,,,,,0,0,Urban,0,,,Fine,Null
1776800.965,5882180.6828,909683,35,521160,0,,0,0,,Null,2024/2025,RAZORBACK ROAD,MILL ROAD,,Non-Injury Crash,No,2025,,North,,0,,Hill Road,,,,,,Bright sun,827800,0,0,0,2,,,0,,,,,,Auckland Region,Nil,2-way,Sealed,,0,0,,50,,None,2,0,,76,Auckland,Give way,,,,,0,0,Urban,0,,,Fine,Null
1767038.225,5910330.2767,909684,,523112,0,,0,1,,Null,2022/2023,KERWYN AVENUE,BUSINESS PARADE SOUTH,,Non-Injury Crash,No,2023,,East,,0,,Flat,,,,,,Twilight,711301,0,0,0,1,,,0,,,,,,Auckland Region,Nil,2-way,Sealed,,0,0,,50,,On,0,0,,76,Auckland,Traffic Signals,,,,,0,1,Urban,0,,,Light rain,None
1745147.2537,5919766.5446,909687,,513301,0,,0,1,,East,2024/2025,UNIVERSAL DRIVE,TUDOR ROAD,,Serious Crash,No,2025,,South,,0,,Flat,,Queens Birthday,,,,Dark,232001,0,0,0,2,,,0,,,1,,,Auckland Region,Nil,2-way,Sealed,,0,1,,50,,On,0,0,,76,Auckland,Nil,,,,,0,0,Urban,0,,,Fine,Null
1769774.6402,5899469.3899,909692,,523920,0,,0,1,,Null,2023/2024,MANUREWA-TAKANINI OFF RAMP,GREAT SOUTH ROAD,,Non-Injury Crash,No,2024,,North,,0,,Flat,,,,,,Bright sun,767922,0,0,0,2,,,0,,,,,,Auckland Region,Motorway ramp,1-way,Sealed,,0,0,,50,,Off,0,0,,76,Auckland,Give way,,,,,1,0,Urban,0,,,Fine,Null
1749725.4312,5913891.3402,909702,,511303,0,,0,2,,East,2024/2025,GREAT NORTH ROAD,CLARK STREET,,Minor Crash,No,2024,,East,,0,,Flat,,,,,,Overcast,267000,1,0,0,4,,,0,,,,,,Auckland Region,Nil,2-way,Sealed,,0,0,,50,,Off,0,0,,76,Auckland,Nil,,,,,0,0,Urban,0,,,Fine,Null
1744724.4433,5919815.4093,909715,,513301,0,0,0,0,0,West,2024/2025,UNIVERSAL DRIVE,PENFOLD PLACE,,Non-Injury Crash,No,2025,0,West,0,0,0,Null,0,,0,,0,Overcast,234403,0,0,0,2,0,0,0,0,1,,0,0,Auckland Region,Nil,2-way,Sealed,0,0,0,0,50,0,Null,0,0,,76,Auckland,Nil,0,0,0,0,0,0,Urban,1,0,0,Fine,Null
1768763.1771,5900983.4141,909716,45,524901,0,,0,1,,North,2022/2023,GREAT SOUTH ROAD,HALVER ROAD,,Non-Injury Crash,No,2023,,South,,0,,Flat,,,,,,Overcast,757100,0,0,0,2,,,0,,,,,,Auckland Region,Nil,2-way,Sealed,,0,0,,50,,On,0,0,,76,Auckland,Nil,,,,,0,1,Urban,0,,,Fine,None
1750136.2617,5916296.5987,909718,,514801,0,,0,1,,Null,2023/2024,ROSEBANK ROAD,AVONDALE ROAD,,Non-Injury Crash,No,2023,,South,,0,,Flat,,,,,,Dark,389102,0,0,0,4,,,0,,,,,,Auckland Region,Nil,2-way,Sealed,,0,0,,50,,On,0,0,,76,Auckland,Traffic Signals,,,,,0,0,Urban,1,,,Fine,None
1759226.4236,5915356.3843,909720,,519300,0,0,0,2,0,South,2024/2025,POHUTUKAWA DRIVE,GREEN LANE WEST,,Non-Injury Crash,No,2024,0,North,0,0,0,Flat,0,,0,,0,Bright sun,623400,0,0,0,2,0,0,0,0,1,,0,0,Auckland Region,Nil,2-way,Sealed,0,0,0,0,30,0,Off,1,0,,76,Auckland,Nil,0,0,0,0,0,0,Urban,0,0,0,Fine,Null
1764842.9113,5891789.3316,909723,,521122,0,0,0,0,0,East,2024/2025,LINWOOD ROAD,LAING ROAD,,Non-Injury Crash,No,2025,0,West,1,0,0,Flat,0,,0,,0,Dark,810000,0,0,0,2,0,0,0,0,0,,0,0,Auckland Region,Nil,2-way,Sealed,0,0,0,0,80,0,None,1,0,,76,Auckland,Nil,0,0,0,0,0,0,Open,0,0,0,Mist or Fog,Null
1769935.9363,5906458.6326,909725,,523713,0,,0,2,,Null,2025/2026,FLAT BUSH SCHOOL ROAD,DONEGAL PARK DRIVE,,Minor Crash,No,2025,,West,,0,,Flat,,,,,,Dark,713100,1,0,0,2,,,0,,,,,,Auckland Region,Nil,2-way,Sealed,,0,0,,50,,On,0,0,,76,Auckland,Give way,,,,,0,0,Urban,1,,,Fine,Null
1756320.0022,5920859.1133,909727,,514102,0,,0,2,,East,2024/2025,FANSHAWE STREET,BEAUMONT STREET,,Non-Injury Crash,No,2025,,West,,0,,Flat,,,,,,Bright sun,432500,0,0,0,6,,,0,,,,,,Auckland Region,Nil,1-way,Sealed,,0,0,,30,,Off,1,0,,76,Auckland,Nil,,,,,0,0,Urban,0,,,Fine,Null
1753849.5661,5918362.3998,909731,,515431,0,,0,2,,Null,2025/2026,GREAT NORTH ROAD,ST LUKES ROAD,,Minor Crash,No,2025,,West,,0,,Flat,,,,,,Dark,405000,1,0,0,4,,,0,,,,,,Auckland Region,Nil,2-way,Sealed,,0,0,,50,,On,0,0,,76,Auckland,Traffic Signals,,,,,0,0,Urban,0,,,Fine,Null
1756170.2656,5913283.0138,909733,,518701,0,0,0,2,0,North,2024/2025,CLINKER STREET,CARR ROAD,,Non-Injury Crash,No,2025,0,North,0,0,0,Flat,0,,0,,0,Dark,569504,0,0,0,2,0,0,0,0,1,,0,0,Auckland Region,Nil,2-way,Sealed,0,0,0,0,50,0,On,0,0,30,76,Auckland,Nil,0,0,0,0,0,0,Urban,0,0,0,Fine,Null
1753143.5099,5918241.8023,909736,,515003,0,0,0,1,0,West,2024/2025,NORTH-WESTERN MOTORWAY,ST LUKES ROAD ON RAMP,,Non-Injury Crash,Yes,2025,0,West,0,0,0,Flat,1,,0,,0,Dark,390502,0,0,0,5,0,0,0,0,0,,0,0,Auckland Region,Nil,1-way,Sealed,0,0,0,0,100,0,On,0,0,,76,Auckland,Nil,0,0,0,0,0,0,Open,0,0,0,Heavy rain,Strong wind
1745508.0286,5920615.3593,909738,,513301,0,,0,1,,Null,2024/2025,LINCOLN ROAD OFF RAMP,LINCOLN ROAD,,Non-Injury Crash,No,2025,,West,,0,,Hill Road,,,,,,Bright sun,230301,0,0,0,3,,,0,,,,,,Auckland Region,Motorway ramp,1-way,Sealed,,0,0,,50,,Off,0,0,,76,Auckland,Traffic Signals,,,,,0,0,Urban,1,,,Fine,Null
1737379.8318,5929357.892,909743,,505602,0,,0,1,,East,2024/2025,MAIN ROAD,TAPU ROAD,,Non-Injury Crash,Yes,2025,,West,,0,,Flat,,,,,,Overcast,214900,0,0,0,2,,,0,,,,,,Auckland Region,Nil,2-way,Sealed,,0,0,,50,,Off,0,0,,76,Auckland,Nil,,,,,0,0,Urban,1,,,Fine,Null