X,Y,OBJECTID,advisorySpeed,areaUnitID,bicycle,bridge,bus,carStationWagon,cliffBank,crashDirectionDescription,crashFinancialYear,crashLocation1,crashLocation2,crashRoadSideRoad,crashSeverity,crashSHDescription,crashYear,debris,directionRoleDescription,ditch,fatalCount,fence,flatHill,guardRail,holiday,houseOrBuilding,intersection,kerb,light,meshblockId,minorInjuryCount,moped,motorcycle,NumberOfLanes,objectThrownOrDropped,otherObject,otherVehicleType,overBank,parkedVehicle,pedestrian,phoneBoxEtc,postOrPole,region,roadCharacter,roadLane,roadSurface,roadworks,schoolBus,seriousInjuryCount,slipOrFlood,speedLimit,strayAnimal,streetLight,suv,taxi,temporarySpeedLimit,tlaId,tlaName,trafficControl,trafficIsland,trafficSign,train,tree,truck,unknownVehicleType,urban,vanOrUtility,vehicle,waterRiver,weatherA,weatherB
1755237.2053,5929886.0228,909744,,508510,0,,0,1,,South,2022/2023,NORTHERN MOTORWAY,SUNNYNOOK OBR,,Minor Crash,Yes,2023,,South,,0,,Flat,,,,,,Twilight,194409,1,0,0,2,,,0,,,,,,Auckland Region,Motorway ramp,2-way,Sealed,,0,0,,100,,On,0,0,80,76,Auckland,Nil,,,,,0,0,Open,3,,,Fine,Null
1767946.9886,5903216.4933,909745,,524602,0,,0,1,,Null,2025/2026,KERRS ROAD,WALLSON CRESCENT,,Minor Crash,No,2025,,East,,0,,Hill Road,,,,,,Dark,780407,2,0,0,2,,,0,,,,,,Auckland Region,Nil,2-way,Sealed,,0,0,,50,,On,2,0,,76,Auckland,Stop,,,,,0,0,Urban,0,,,Light rain,Null
1756338.4629,5920286.0278,909751,,514000,0,0,0,1,0,Null,2025/2026,WELLINGTON STREET ON RAMP,NORTHERN MOTORWAY,,Non-Injury Crash,No,2025,0,North,0,0,0,Hill Road,1,,0,,0,Dark,416800,0,0,0,3,0,0,0,0,0,,0,0,Auckland Region,Motorway ramp,1-way,Sealed,0,0,0,0,80,0,On,0,0,,76,Auckland,Give way,0,0,0,0,0,0,Open,0,0,0,Fine,Null
1753909.5296,5931335.2479,909752,,508807,0,,0,2,,West,2025/2026,UPPER HARBOUR HIGHWAY,UPPER HARBOUR HWY ON RAMP,,Non-Injury Crash,Yes,2025,,East,,0,,Flat,,,,,,Overcast,180810,0,0,0,2,,,0,,,,,,Auckland Region,Nil,1-way,Sealed,,0,0,,50,,Off,0,0,,76,Auckland,Nil,,,,,0,0,Urban,0,,,Fine,Null
1745842.1472,5916821.0365,909753,,510800,0,0,0,3,0,South,2024/2025,NEWINGTON ROAD,KERERU STREET,,Non-Injury Crash,No,2025,0,North,0,0,0,Flat,0,,0,,0,Bright sun,243700,0,0,0,2,0,0,0,0,1,,0,0,Auckland Region,Nil,2-way,Sealed,0,0,0,0,50,0,Off,0,0,,76,Auckland,Nil,0,0,0,0,0,0,Urban,0,0,0,Fine,Null
1769395.7737,5911443.978,909755,,523107,0,,0,1,,Null,2025/2026,TI RAKAU DRIVE,GREENMOUNT DRIVE,,Non-Injury Crash,No,2025,,East,,0,,Null,,,,,,Twilight,711702,0,0,0,3,,,0,,,,,,Auckland Region,Nil,1-way,Sealed,,0,0,,50,,Null,0,0,,76,Auckland,Traffic Signals,,,,,0,0,Urban,1,,,Fine,Null
1764119.2425,5919414.1862,909764,,516601,0,0,0,3,0,East,2024/2025,HAWERA ROAD,GERALDINE PLACE,,Non-Injury Crash,No,2024,0,West,0,0,0,Hill Road,0,,0,,0,Bright sun,505500,0,0,0,2,0,0,0,0,2,,0,0,Auckland Region,Nil,2-way,Sealed,0,0,0,0,50,0,Off,0,0,,76,Auckland,Nil,0,0,0,0,0,0,Urban,1,0,0,Fine,Null
1755834.8551,5918078.9087,909766,,517500,0,,0,0,,South,2025/2026,NEW NORTH ROAD,NEW BOND STREET,,Minor Crash,No,2025,,North,,0,,Flat,,,,,,Overcast,529700,1,0,1,3,,,0,,,,,,Auckland Region,Nil,2-way,Sealed,,0,0,,50,,Null,0,0,,76,Auckland,Nil,,,,,0,0,Urban,1,,,Light rain,Null
1752238.3188,5914622.7241,909772,35,514500,0,0,0,2,0,South,2024/2025,NEW WINDSOR ROAD,BRYDON PLACE,,Non-Injury Crash,No,2025,0,South,0,0,0,Flat,0,,0,,0,Dark,374700,0,0,0,2,0,0,0,0,1,,0,0,Auckland Region,Nil,2-way,Sealed,0,0,0,0,50,0,On,0,0,,76,Auckland,Nil,0,0,0,0,0,0,Urban,0,0,0,Fine,Null
1757461.3155,5918748.1882,909775,,514302,0,,0,3,,East,2025/2026,SOUTHERN MOTORWAY,GRAFTON OBR,,Non-Injury Crash,Yes,2025,,South,,0,,Hill Road,,,,,,Twilight,442500,0,0,0,4,,,0,,,,,,Auckland Region,Nil,1-way,Sealed,,0,0,,80,,Off,0,0,,76,Auckland,Nil,,,,,0,0,Open,0,,,Fine,Null
1759325.1006,5906501.9043,909779,45,524111,0,,0,2,,South,2023/2024,KIRKBRIDE ROAD,GEORGE BOLT MEMORIAL DRIVE,,Non-Injury Crash,No,2023,,South,,0,,Flat,,,,,,Overcast,740200,0,0,0,2,,,0,,,,,,Auckland Region,Nil,2-way,Sealed,,0,0,,50,,On,0,0,,76,Auckland,Nil,,,,,0,0,Urban,0,,,Fine,None
1756978.5383,5918804.5,909787,,514301,0,,0,1,,Null,2025/2026,SYMONDS STREET,KHYBER PASS ROAD,,Minor Crash,No,2025,,South,,0,,Flat,,,,,,Dark,441505,2,0,0,2,,,0,,,,,,Auckland Region,Nil,1-way,Sealed,,0,0,,50,,On,1,0,,76,Auckland,Traffic Signals,,,,,0,0,Urban,0,,,Fine,Null
1772774.5962,5895723.7674,909790,,525410,0,,0,1,,South,2023/2024,GREAT SOUTH ROAD,CHAPEL STREET,,Non-Injury Crash,No,2024,,North,,0,,Flat,,,,,,Overcast,793400,0,0,0,2,,,0,,,,,,Auckland Region,Nil,2-way,Sealed,,0,0,,50,,Off,0,0,,76,Auckland,Nil,,,,,0,0,Urban,1,,,Fine,Null
1753010.4145,5927472.6561,909793,,508210,0,,0,2,,South,2025/2026,STANLEY ROAD,PAVOLA GROVE,,Non-Injury Crash,No,2025,,South,,0,,Null,,,,,,Bright sun,187406,0,0,0,2,,,0,,,,,,Auckland Region,Nil,2-way,Sealed,,0,0,,50,,Null,0,0,,76,Auckland,Nil,,,,,0,0,Urban,0,,,Fine,Null
1759815.0267,5916158.0605,909794,,516002,0,,0,3,,North,2024/2025,SOUTHERN MOTORWAY,GREEN LANE EAST OFF RAMP,,Non-Injury Crash,Yes,2024,,South,,0,,Flat,,,,,,Bright sun,492000,0,0,0,3,,,0,,,,,,Auckland Region,Nil,2-way,Sealed,,0,0,,100,,Off,0,0,,76,Auckland,Nil,,,,,1,0,Open,0,,,Fine,Null
1758112.8138,5917732.3251,909795,,515700,0,,0,2,,Null,2024/2025,GILLIES AVENUE ON RAMP,GILLIES AVENUE,,Non-Injury Crash,No,2025,,North,,0,,Flat,,,,,,Overcast,443700,0,0,0,1,,,0,,,,,,Auckland Region,Nil,1-way,Sealed,,0,0,,50,,Null,0,1,,76,Auckland,Nil,,,,,0,0,Urban,0,,,Fine,Null
1744953.8861,5924349.5921,909797,,513521,0,,0,1,,Null,2024/2025,HOBSONVILLE ROAD,TRIG ROAD,,Non-Injury Crash,No,2025,,East,,0,,Flat,,,,,,Dark,224226,0,0,0,2,,,0,,,,,,Auckland Region,Nil,2-way,Sealed,,0,0,,50,,On,0,0,,76,Auckland,Give way,,,,,0,0,Urban,1,,,Fine,Null
1760391.0134,5923077.6471,909799,,509400,0,0,0,1,0,Null,2024/2025,LAKE ROAD,ALBERT ROAD,,Non-Injury Crash,No,2025,0,South,0,0,0,Flat,0,,0,,0,Dark,332200,0,0,0,3,0,0,0,0,0,,0,1,Auckland Region,Nil,2-way,Sealed,0,0,0,0,50,0,On,0,0,,76,Auckland,Give way,0,0,0,0,0,0,Urban,0,0,0,Fine,Null
1766067.8959,5903021.2295,909800,,524604,0,,0,1,,Null,2024/2025,OAK ROAD,ASH ROAD,,Non-Injury Crash,No,2024,,South,,0,,Flat,,,,,,Overcast,780403,0,0,0,2,,,0,,,,,,Auckland Region,Nil,2-way,Sealed,,0,0,,50,,Off,0,0,,76,Auckland,Give way,,,,,0,0,Urban,1,,,Fine,Null
1748907.801,5970725.5117,909816,,505500,0,,0,1,,Null,2024/2025,HILL STREET,BROWN ROAD,,Non-Injury Crash,No,2025,,North,,0,,Null,,,,,,Bright sun,140201,0,0,0,2,,,0,,,,,,Auckland Region,Nil,2-way,Sealed,,0,0,,50,,Null,0,0,,76,Auckland,Traffic Signals,,,,,0,0,Urban,1,,,Fine,Null
1764340.1109,5909229.0589,909821,,521901,0,,0,2,,Null,2025/2026,GREAT SOUTH ROAD,ALEXANDER STREET,,Non-Injury Crash,No,2025,,North,,0,,Null,,,,,,Dark,784900,0,0,0,4,,,0,,,,,,Auckland Region,Nil,2-way,Sealed,,0,0,,50,,On,0,0,,76,Auckland,Stop,,,,,0,0,Urban,0,,,Fine,Null
1749162.9823,5937490.0978,909822,,506300,0,0,0,0,1,North,2024/2025,DAIRY FLAT HIGHWAY,POTTER ROAD,,Minor Crash,No,2024,0,South,0,0,0,Flat,1,,0,,0,Bright sun,176004,1,0,0,2,0,0,0,0,0,,0,0,Auckland Region,Nil,2-way,Sealed,0,0,0,0,80,0,None,1,0,,76,Auckland,Nil,0,0,0,0,0,0,Open,0,0,0,Fine,Null
1755499.2511,5929123.8002,909823,,508510,0,0,0,1,0,North,2025/2026,NORTHERN MOTORWAY,TRISTRAM OBR,,Non-Injury Crash,Yes,2025,0,South,0,0,0,Flat,1,,0,,0,Dark,195200,0,0,0,3,0,0,0,0,0,,0,0,Auckland Region,Nil,1-way,Sealed,0,0,0,0,100,0,On,0,0,,76,Auckland,Nil,0,0,0,0,0,0,Open,0,0,0,Fine,Null
1767834.0313,5904307.3363,909827,,524604,0,0,0,2,0,Null,2024/2025,REDOUBT ROAD,REDOUBT ROAD ON RAMP,,Non-Injury Crash,No,2024,0,East,0,0,0,Hill Road,0,Labour Weekend,0,,0,Overcast,780302,0,0,0,2,0,0,0,0,0,,0,1,Auckland Region,Bridge,1-way,Sealed,0,0,0,0,50,0,Off,0,0,,76,Auckland,Nil,0,0,0,0,0,0,Urban,1,0,0,Fine,Null
1768481.7187,5909119.4111,909828,,523112,0,,0,2,,Null,2024/2025,SPRINGS ROAD,KERWYN AVENUE,,Non-Injury Crash,No,2025,,North,,0,,Null,,,,,,Bright sun,711600,0,0,0,5,,,0,,,,,,Auckland Region,Nil,2-way,Sealed,,0,0,,50,,Null,0,0,,76,Auckland,Traffic Signals,,,,,0,0,Urban,0,,,Fine,Null
1768612.7417,5909749.3548,909829,,523112,0,,0,1,,Null,2024/2025,ALLENS ROAD,HARRIS ROAD,,Non-Injury Crash,No,2024,,East,,0,,Null,,,,,,Bright sun,711600,0,0,0,3,,,0,,,,,,Auckland Region,Nil,2-way,Sealed,,0,0,,60,,Null,0,0,,76,Auckland,Traffic Signals,,,,,0,1,Urban,0,,,Fine,Null
1763354.6496,5908402.6583,909831,,524402,0,0,0,2,0,South,2024/2025,MASSEY ROAD,HOSPITAL ROAD,,Non-Injury Crash,No,2025,0,North,0,0,0,Flat,0,,0,,1,Overcast,749900,0,0,0,4,0,0,0,0,0,,0,0,Auckland Region,Bridge,2-way,Sealed,0,0,0,0,50,0,Off,0,0,,76,Auckland,Nil,0,0,0,0,0,0,Urban,0,0,0,Light rain,Null
1745203.2358,5918887.8335,909838,,513302,0,0,0,1,0,North,2024/2025,LINCOLN ROAD,FAIRDENE AVENUE,,Non-Injury Crash,No,2025,0,South,0,0,0,Flat,0,,0,,0,Twilight,230701,0,0,0,4,0,0,0,0,0,,0,0,Auckland Region,Nil,2-way,Sealed,0,0,0,0,50,0,Off,0,0,,76,Auckland,Nil,0,1,0,0,0,0,Urban,0,0,0,Fine,Null
1772197.7311,5911843.1203,909841,,523102,0,,0,2,,West,2024/2025,WHITFORD ROAD,MAUNGAMAUNGAROA BR,,Non-Injury Crash,No,2025,,North,,0,,Hill Road,,,,,,Dark,718003,0,0,0,3,,,0,,,,,,Auckland Region,Nil,2-way,Sealed,,0,0,,50,,None,0,0,,76,Auckland,Nil,,,,,0,0,Urban,0,,,Light rain,Null
1759268.0753,5916654.1642,909847,,516001,0,,0,0,,South,2024/2025,SOUTHERN MOTORWAY,MARKET OBR,,Non-Injury Crash,Yes,2025,,North,,0,,Flat,,Easter,,,,Overcast,491700,0,0,0,3,,,0,,,,,,Auckland Region,Nil,1-way,Sealed,,0,0,,80,,On,0,0,,76,Auckland,Nil,,,,,2,0,Open,1,,,Light rain,Null
1750797.3698,5915601.714,909848,,514802,0,,0,3,,Null,2024/2025,ROSEBANK ROAD,ASH STREET,,Non-Injury Crash,No,2025,,East,,0,,Flat,,,,,,Dark,390200,0,0,0,5,,,0,,,,,,Auckland Region,Nil,2-way,Sealed,,0,0,,50,,On,0,0,,76,Auckland,Traffic Signals,,,,,0,0,Urban,0,,,Fine,Null
1752539.1318,5928335.0514,909849,,508411,0,0,0,1,0,East,2024/2025,MANUKA ROAD,WITHEFORD DRIVE,,Non-Injury Crash,No,2025,0,West,0,0,0,Flat,0,,0,,0,Twilight,185800,0,0,0,2,0,0,0,0,1,,0,0,Auckland Region,Nil,2-way,Sealed,0,0,0,0,50,0,On,0,0,,76,Auckland,Nil,0,0,0,0,0,0,Urban,1,0,0,Fine,Null
1769919.6145,5898889.1422,909853,,523920,0,,0,1,,Null,2024/2025,SOUTHERN MOTORWAY,TAKANINI ON RAMP,,Non-Injury Crash,Yes,2025,,South,,0,,Null,,,,,,Twilight,768007,0,0,0,3,,,0,,,,,,Auckland Region,Nil,1-way,Sealed,,0,0,,100,,On,0,0,,76,Auckland,Nil,,,,,0,1,Open,0,,,Fine,Null
1771668.3871,5913328.6891,909857,,523102,0,,0,2,,North,2025/2026,WHITFORD ROAD,GILLETT PLACE,,Non-Injury Crash,No,2025,,North,,0,,Null,,,,,,Bright sun,711021,0,0,0,2,,,0,,,,,,Auckland Region,Nil,2-way,Sealed,,0,0,,50,,Null,0,0,,76,Auckland,Nil,,,,,0,0,Urban,0,,,Fine,Null
1766839.1601,5912713.8544,909861,,522920,0,,0,1,,Null,2025/2026,MATTSON ROAD,TI RAKAU DRIVE,,Serious Crash,No,2025,,North,,0,,Flat,,,,,,Bright sun,686800,0,0,0,2,,,0,,,1,,,Auckland Region,Nil,1-way,Sealed,,0,1,,50,,Off,0,0,,76,Auckland,Traffic Signals,,,,,0,0,Urban,0,,,Fine,Strong wind
1767424.901,5882618.2742,909865,,521112,0,,0,2,,Null,2024/2025,GUN CLUB ROAD,HEIGHTS ROAD,,Non-Injury Crash,No,2025,,East,,0,,Flat,,,,,,Overcast,826500,0,0,0,2,,,0,,,,,,Auckland Region,Nil,2-way,Sealed,,0,0,,80,,Off,0,0,,76,Auckland,Stop,,,,,0,0,Open,0,,,Fine,Null
1748153.1554,5874851.5315,909868,,521151,0,0,0,1,1,North,2024/2025,KOHEKOHE-KARIOITAHI ROAD,TAURANGARURU ROAD,,Serious Crash,No,2025,0,North,0,0,0,Hill Road,0,,0,,0,Overcast,831300,0,0,0,2,0,0,0,0,0,,0,0,Auckland Region,Nil,2-way,Sealed,0,0,1,0,60,0,None,0,0,,76,Auckland,Nil,0,0,0,0,0,0,Urban,0,0,0,Light rain,Null
1748863.3252,5913881.1476,909869,,511302,0,,0,1,,Null,2025/2026,GREAT NORTH ROAD,WATERS PLACE,,Minor Crash,No,2025,,North,,0,,Flat,,,,,,Bright sun,269400,2,0,0,4,,,0,,,2,,,Auckland Region,Nil,2-way,Sealed,,0,0,,50,,Off,0,0,,76,Auckland,Stop,,,,,0,0,Urban,0,,,Fine,Null
1768312.6743,5913153.6823,909870,,523000,0,0,0,2,0,Null,2025/2026,GOSSAMER DRIVE,BEECHDALE CRESCENT,,Minor Crash,No,2025,0,South,0,0,0,Hill Road,0,,0,,0,Twilight,690300,1,0,0,2,0,0,0,0,1,,0,0,Auckland Region,Nil,2-way,Sealed,0,0,0,0,50,0,On,0,0,,76,Auckland,Give way,0,0,0,1,0,0,Urban,0,0,0,Heavy rain,Null
1752379.327,5916262.4588,909871,,517901,0,0,0,1,0,North,2024/2025,WOODWARD ROAD,JERSEY AVENUE,,Non-Injury Crash,No,2024,0,South,0,0,0,Flat,0,,0,,0,Overcast,523400,0,0,0,2,0,0,0,0,1,,0,0,Auckland Region,Nil,2-way,Sealed,0,0,0,0,50,0,Off,1,0,,76,Auckland,Nil,0,0,0,0,0,0,Urban,0,0,0,Fine,Null
1759312.4026,5904456.2015,909877,,524200,0,,0,1,,Null,2025/2026,OFF ROAD AUCKLAND AIRPORT CARPARK,,,Minor Crash,No,2025,,South,,0,,Flat,,,,,,Dark,727800,1,0,0,0,,,0,,,1,,,Auckland Region,Nil,Off road,Sealed,,0,0,,20,,On,0,0,,76,Auckland,Nil,,,,,0,0,Urban,0,,,Fine,Null
1769794.9464,5899408.4951,909879,,523920,0,,0,2,,South,2024/2025,MANUREWA-TAKANINI ON RAMP,GREAT SOUTH ROAD,,Non-Injury Crash,No,2025,,South,,0,,Flat,,,,,,Bright sun,767922,0,0,0,1,,,0,,,,,,Auckland Region,Motorway ramp,1-way,Sealed,,0,0,,70,,Off,0,0,,76,Auckland,Nil,,,,,0,0,Urban,0,,,Fine,Null
1766760.4452,5908917.8199,909883,,523501,0,,0,1,,Null,2025/2026,ALEXANDER CRESCENT,OTARA ROAD,,Minor Crash,No,2025,,West,,0,,Flat,,,,,,Bright sun,704100,3,0,0,2,,,0,,,,,,Auckland Region,Nil,2-way,Sealed,,0,0,,50,,None,1,0,20,76,Auckland,Stop,,,,,0,0,Urban,0,,,Fine,Null
1758647.1057,5916331.7697,909884,,519200,0,,0,2,,Null,2025/2026,MARKET ROAD,RANFURLY ROAD,,Non-Injury Crash,No,2025,,South,,0,,Null,,,,,,Overcast,615200,0,0,0,2,,,0,,,,,,Auckland Region,Nil,2-way,Sealed,,0,0,,50,,Null,0,0,,76,Auckland,Give way,,,,,0,0,Urban,0,,,Light rain,Null
1756399.8703,5927972.8825,909888,,507900,0,0,0,1,0,West,2025/2026,THORNTON ROAD,SHAKESPEARE ROAD,,Non-Injury Crash,No,2025,0,South,0,0,1,Flat,0,,0,,0,Dark,305500,0,0,0,2,0,0,0,0,0,,0,0,Auckland Region,Nil,2-way,Sealed,0,0,0,0,50,0,On,0,0,,76,Auckland,Nil,0,0,0,0,0,0,Urban,0,0,0,Fine,Null
1771693.8441,5903073.5212,909894,,523819,0,0,0,1,0,North,2024/2025,MILL ROAD,POLO PRINCE DRIVE,,Non-Injury Crash,No,2024,0,South,0,0,0,Flat,0,,0,,0,Overcast,760812,0,0,0,2,0,1,0,0,0,,0,0,Auckland Region,Nil,2-way,Sealed,0,0,0,0,60,0,None,0,0,,76,Auckland,Nil,0,0,0,0,0,0,Urban,0,0,0,Fine,Null
1766575.6518,5913045.3505,909897,,522920,0,,0,2,,Null,2024/2025,TI RAKAU DRIVE,PALM AVENUE,,Non-Injury Crash,No,2024,,North,,0,,Null,,Christmas New Year,,,,Bright sun,683900,0,0,0,3,,,0,,,,,,Auckland Region,Nil,1-way,Sealed,,0,0,,50,,Null,0,0,,76,Auckland,Give way,,,,,0,0,Urban,0,,,Fine,Null
1755268.0596,5929733.8166,909901,,508420,0,,0,2,,South,2025/2026,NORTHERN MOTORWAY,SUNNYNOOK OBR,,Non-Injury Crash,Yes,2025,,South,,0,,Flat,,,,,,Overcast,183800,0,0,0,3,,,0,,,,,,Auckland Region,Nil,1-way,Sealed,,0,0,,100,,Off,0,0,,76,Auckland,Nil,,,,,0,0,Open,0,,,Fine,Null
1750506.8466,5929268.6347,909903,,509100,0,,0,2,,North,2024/2025,UPPER HARBOUR MOTORWAY,GREENHITHE OBR,,Non-Injury Crash,Yes,2025,,North,,0,,Hill Road,,,,,,Dark,181123,0,0,0,2,,,0,,,,,,Auckland Region,Nil,1-way,Sealed,,0,0,,100,,On,2,0,,76,Auckland,Nil,,,,,0,0,Open,0,,,Light rain,Null
1751108.2283,5913911.1683,909904,,514402,0,,0,2,,Null,2025/2026,WOLVERTON STREET,ST GEORGES ROAD,,Minor Crash,No,2025,,East,,0,,Flat,,,,,,Dark,381700,1,0,0,4,,,0,,,,,,Auckland Region,Nil,2-way,Sealed,,0,0,,50,,On,0,0,,76,Auckland,Traffic Signals,,,,,0,0,Urban,0,,,Fine,Null
1765990.9807,5903771.7397,909909,,524604,0,0,0,1,0,West,2024/2025,SOUTH-WESTERN MOTORWAY,PLUNKET OBR,,Non-Injury Crash,Yes,2025,0,West,0,0,0,Flat,1,,0,,0,Twilight,780208,0,0,0,2,0,0,0,0,0,,0,0,Auckland Region,Nil,1-way,Sealed,0,0,0,0,100,0,Off,0,0,,76,Auckland,Nil,0,0,0,0,0,0,Open,1,0,0,Fine,Null
1758643.7008,5919853.6084,909910,,515902,0,0,0,3,0,North,2024/2025,PARNELL ROAD,RUSKIN STREET,,Non-Injury Crash,No,2024,0,North,0,0,0,Flat,0,,0,,0,Dark,452600,0,0,0,2,0,0,0,0,1,,0,0,Auckland Region,Nil,2-way,Sealed,0,0,0,0,50,0,On,0,0,,76,Auckland,Nil,0,0,0,0,0,0,Urban,0,0,0,Light rain,Null
1743476.2655,5919581.0447,909912,,513622,0,,0,2,,Null,2024/2025,GLEN ROAD,DON BUCK ROAD,,Non-Injury Crash,No,2024,,West,,0,,Hill Road,,,,,,Bright sun,226903,0,0,0,2,,,0,,,,,,Auckland Region,Nil,2-way,Sealed,,0,0,,50,,Off,0,0,,76,Auckland,Give way,,,,,0,0,Urban,0,,,Fine,Null
1758014.0103,5919901.9635,909914,,514301,0,,0,2,,South,2025/2026,SH 16,STANLEY STREET,,Minor Crash,Yes,2025,,East,,0,,Flat,,,,,,Twilight,440300,1,0,0,3,,,0,,,,,,Auckland Region,Nil,1-way,Sealed,,0,0,,50,,On,1,0,,76,Auckland,Nil,,,,,0,0,Urban,0,,,Fine,Null
1755212.103,5929482.8162,909917,,508420,0,,0,1,,Null,2025/2026,CROFTFIELD LANE,LINK DRIVE,,Non-Injury Crash,No,2025,,North,,0,,Flat,,,,,,Bright sun,183800,0,0,0,0,,,0,,,,,,Auckland Region,Nil,Null,Sealed,,0,0,,,,Null,0,0,,76,Auckland,Give way,,,,,1,0,Urban,0,,,Fine,Null
1767427.3503,5904953.0954,909922,,524603,0,,0,2,,Null,2025/2026,GREAT SOUTH ROAD,TE IRIRANGI DRIVE,,Non-Injury Crash,No,2025,,South,,0,,Flat,,,,,,Overcast,780304,0,0,0,6,,,0,,,,,,Auckland Region,Nil,2-way,Sealed,,0,0,,50,,Off,0,0,,76,Auckland,Traffic Signals,,,,,0,0,Urban,0,,,Fine,Null
1755922.6967,5944192.8613,909924,,505908,0,,0,1,,West,2025/2026,WHANGAPARAOA ROAD,PALMGREEN COURT,,Serious Crash,No,2025,,North,,0,,Hill Road,,,,,,Bright sun,173711,0,0,0,2,,,0,,,1,,,Auckland Region,Nil,2-way,Sealed,,0,1,,50,,Off,0,0,,76,Auckland,Nil,,,,,0,0,Urban,0,,,Fine,Null
1755837.9663,5918419.5195,909931,,517500,0,,0,1,,South,2024/2025,NORTH-WESTERN MOTORWAY,NEWTON ROAD ON RAMP,,Non-Injury Crash,Yes,2025,,South,,0,,Flat,,,,,,Overcast,529300,0,0,0,4,,,0,,,,,,Auckland Region,Nil,1-way,Sealed,,0,0,,80,,Off,0,0,,76,Auckland,Nil,,,,,0,1,Open,0,,,Light rain,Null
1754794.6516,5930567.3603,909932,,508520,0,,0,1,,South,2023/2024,NORTHERN MOTORWAY,UPPER HARBOUR HWY ON RAMP,,Non-Injury Crash,Yes,2024,,South,,0,,Hill Road,,,,,,Dark,192700,0,0,0,2,,,0,,,,,,Auckland Region,Nil,1-way,Sealed,,0,0,,100,,On,1,0,,76,Auckland,Nil,,,,,0,0,Open,0,,,Fine,Null
1758211.8962,5913478.3714,909934,,518600,0,,0,2,,North,2023/2024,MANUKAU ROAD,MOUNT ALBERT ROAD,,Non-Injury Crash,No,2023,,East,,0,,Flat,,,,,,Overcast,567300,0,0,0,2,,,0,,,,,,Auckland Region,Nil,2-way,Sealed,,0,0,,50,,Off,0,0,,76,Auckland,Nil,,,,,0,0,Urban,0,,,Fine,None
1756147.5927,5923966.254,909935,,509800,0,,0,3,,South,2025/2026,NORTHERN MOTORWAY,WEIGH BRIDGE,,Non-Injury Crash,Yes,2025,,South,,0,,Flat,,,,,,Dark,361200,0,0,0,5,,,0,,,,,,Auckland Region,Nil,1-way,Sealed,,0,0,,80,,On,0,0,70,76,Auckland,Nil,,,,,0,0,Open,0,,,Fine,Null
1754109.8745,5925580.3729,909940,,510500,0,0,0,2,0,East,2025/2026,PUPUKE ROAD,BANK STREET,,Minor Crash,No,2025,0,East,0,0,0,Hill Road,0,,0,,0,Bright sun,355400,1,0,0,2,0,0,0,0,1,,0,0,Auckland Region,Nil,2-way,Sealed,0,0,0,0,50,0,Off,0,0,,76,Auckland,Nil,0,0,0,0,0,0,Urban,0,0,0,Fine,Null
1751290.6264,5929232.0882,909943,,509100,1,,0,1,,Null,2025/2026,UPPER HARBOUR DRIVE,GREENHITHE ROAD,,Minor Crash,No,2025,,East,,0,,Flat,,,,,,Bright sun,181400,1,0,0,2,,,0,,,,,,Auckland Region,Nil,2-way,Sealed,,0,0,,50,,Off,0,0,,76,Auckland,Give way,,,,,0,0,Urban,0,,,Fine,Null
1742143.1967,5920384.7481,909947,,513621,0,,0,2,,South,2024/2025,BIRDWOOD ROAD,YELASH ROAD,,Non-Injury Crash,No,2025,,South,,0,,Flat,,,,,,Bright sun,226901,0,0,0,2,,,0,,,,,,Auckland Region,Nil,2-way,Sealed,,0,0,,60,,None,0,0,,76,Auckland,Nil,,,,,0,0,Urban,0,,,Fine,Null
1749307.7392,5914254.4318,909950,,511301,0,,0,2,,Null,2024/2025,RIMU STREET,NIKAU STREET,,Non-Injury Crash,No,2024,,West,,0,,Flat,,,,,,Overcast,267601,0,0,0,2,,,0,,,,,,Auckland Region,Nil,2-way,Sealed,,0,0,,30,,None,0,0,,76,Auckland,Stop,,,,,0,0,Urban,0,,,Light rain,Null
1782398.6922,5927087.4243,909954,,520801,1,,0,0,,East,2025/2026,HILL ROAD,TIRI VIEW ROAD,,Minor Crash,No,2026,,East,,0,,Hill Road,,,,,,Overcast,515004,1,0,0,2,,,0,,,,,,Auckland Region,Nil,2-way,Sealed,,0,0,,30,,Off,0,0,,76,Auckland,Nil,,,,,0,0,Urban,1,,,Fine,Null
1755960.0912,5936932.1274,909956,,506903,0,,0,1,,Null,2025/2026,GLAMORGAN DRIVE,BRONWYN PLACE,,Minor Crash,No,2026,,East,,0,,Hill Road,,,,,,Overcast,165200,2,0,0,2,,,0,,,,,,Auckland Region,Nil,2-way,Sealed,,0,0,,50,,Off,1,0,,76,Auckland,Nil,,,,,0,0,Urban,0,,,Fine,Null
1750696.7672,5913702.265,909959,,514600,0,,0,1,,West,2025/2026,WOLVERTON STREET,ULSTER ROAD,,Non-Injury Crash,No,2026,,East,,0,,Null,,,,,,Bright sun,371700,0,0,0,4,,,0,,,,,,Auckland Region,Nil,2-way,Sealed,,0,0,,50,,Null,0,0,,76,Auckland,Nil,,,,,0,1,Urban,0,,,Fine,Null