X,Y,OBJECTID,advisorySpeed,areaUnitID,bicycle,bridge,bus,carStationWagon,cliffBank,crashDirectionDescription,crashFinancialYear,crashLocation1,crashLocation2,crashRoadSideRoad,crashSeverity,crashSHDescription,crashYear,debris,directionRoleDescription,ditch,fatalCount,fence,flatHill,guardRail,holiday,houseOrBuilding,intersection,kerb,light,meshblockId,minorInjuryCount,moped,motorcycle,NumberOfLanes,objectThrownOrDropped,otherObject,otherVehicleType,overBank,parkedVehicle,pedestrian,phoneBoxEtc,postOrPole,region,roadCharacter,roadLane,roadSurface,roadworks,schoolBus,seriousInjuryCount,slipOrFlood,speedLimit,strayAnimal,streetLight,suv,taxi,temporarySpeedLimit,tlaId,tlaName,trafficControl,trafficIsland,trafficSign,train,tree,truck,unknownVehicleType,urban,vanOrUtility,vehicle,waterRiver,weatherA,weatherB
1757836.6456,5912153.1361,909962,,519810,0,0,0,2,0,East,2025/2026,SOUTH-WESTERN MOTORWAY,BEACHCROFT FTBR,,Non-Injury Crash,Yes,2025,0,East,0,0,0,Flat,2,,0,,0,Dark,602501,0,0,0,4,0,0,0,0,0,,0,0,Auckland Region,Nil,1-way,Sealed,0,0,0,0,100,0,Off,0,0,,76,Auckland,Nil,0,0,0,0,0,0,Open,0,0,0,Fine,Null
1768777.7218,5900968.0222,909970,,524901,0,,0,2,,Null,2024/2025,GREAT SOUTH ROAD,HALVER ROAD,,Non-Injury Crash,No,2025,,South,,0,,Flat,,,,,,Bright sun,757100,0,0,0,2,,,0,,,,,,Auckland Region,Nil,2-way,Sealed,,0,0,,50,,On,0,0,,76,Auckland,Stop,,,,,0,0,Urban,0,,,Fine,Null
1741269.3253,5976074.3257,909972,,506660,0,0,0,1,0,South,2024/2025,SH 1,PICNIC AREA,,Non-Injury Crash,Yes,2025,0,East,0,0,0,Hill Road,1,,0,,0,Overcast,136700,0,0,0,1,0,0,0,0,0,,0,0,Auckland Region,Nil,1-way,Sealed,0,0,0,0,80,0,Off,0,0,,76,Auckland,Nil,0,0,0,0,0,0,Open,0,0,0,Fine,Null
1757761.5473,5918214.6123,909974,,515700,0,,0,3,,North,2024/2025,SOUTHERN MOTORWAY,MAUNGAWHAU OBR,,Non-Injury Crash,Yes,2024,,North,,0,,Flat,,,,,,Dark,443600,0,0,0,5,,,0,,,,,,Auckland Region,Nil,1-way,Sealed,,0,0,,80,,On,0,0,,76,Auckland,Nil,,,,,0,0,Open,0,,,Fine,Null
1740351.0891,5918484.3423,909978,,513102,0,0,0,1,0,South,2024/2025,CHRISTIAN ROAD,CHRISTIAN ROAD,,Minor Crash,No,2025,0,North,0,0,0,Hill Road,0,,0,,1,Overcast,237700,1,0,0,2,0,0,0,0,0,,0,0,Auckland Region,Nil,2-way,Sealed,0,0,0,0,60,0,Off,0,0,,76,Auckland,Nil,0,0,0,0,0,0,Urban,0,0,0,Fine,Null
1765815.4104,5908080.5945,909982,,523402,0,,0,1,,South,2024/2025,SOUTHERN MOTORWAY,BAIRDS RD OBR,,Minor Crash,Yes,2025,,South,,0,,Flat,,,,,,Bright sun,699000,1,0,0,3,,,0,,,,,,Auckland Region,Nil,1-way,Sealed,,0,0,,100,,Off,0,0,,76,Auckland,Nil,,,,,0,0,Open,1,,,Fine,Null
1772885.6157,5914192.8864,909986,,521502,0,0,0,1,0,Null,2024/2025,LITTEN ROAD,AVOCA ROAD,,Non-Injury Crash,No,2025,0,South,0,0,0,Flat,0,,0,,0,Dark,654000,0,0,0,2,0,0,0,0,0,,0,1,Auckland Region,Nil,2-way,Sealed,0,0,0,0,50,0,On,0,0,,76,Auckland,Give way,0,0,0,0,0,0,Urban,0,0,0,Fine,Null
1766337.0306,5880394.1689,909990,,521112,0,0,0,1,0,Null,2025/2026,RUSSELL ROAD,EDEN ROAD,,Non-Injury Crash,No,2025,0,North,1,0,0,Flat,0,,0,,0,Bright sun,825800,0,0,0,2,0,0,0,0,0,,0,0,Auckland Region,Nil,2-way,Sealed,0,0,0,0,50,0,Off,0,0,,76,Auckland,Stop,0,0,0,0,0,0,Urban,0,0,0,Fine,Null
1758322.0732,5911803.8418,909992,,519810,0,,0,1,,West,2025/2026,SOUTH-WESTERN MOTORWAY,ONEHUNGA HARBOUR ROAD ON RAMP,,Non-Injury Crash,Yes,2025,,West,,0,,Flat,,,,,,Dark,602501,0,0,0,2,,,0,,,,,,Auckland Region,Nil,1-way,Sealed,,0,0,,100,,On,0,0,,76,Auckland,Nil,,,,,0,0,Open,1,,,Fine,Null
1771101.8005,5903853.7992,909997,,523818,0,0,0,1,0,Null,2024/2025,REDOUBT ROAD,MILL ROAD,,Non-Injury Crash,No,2024,0,North,0,0,0,Hill Road,0,,0,,0,Overcast,760600,0,0,0,2,0,0,0,0,0,,1,0,Auckland Region,Nil,2-way,Sealed,0,0,0,0,50,0,Off,0,0,,76,Auckland,Give way,0,0,0,0,0,0,Urban,0,0,0,Light rain,Strong wind
1769941.3628,5909824.3103,909998,,523114,0,,0,2,,Null,2024/2025,TE IRIRANGI DRIVE,SMALES ROAD,,Non-Injury Crash,No,2025,,South,,0,,Flat,,,,,,Bright sun,711804,0,0,0,2,,,0,,,,,,Auckland Region,Nil,1-way,Sealed,,0,0,,80,,Off,0,0,,76,Auckland,Give way,,,,,0,0,Open,0,,,Fine,Null
1744921.3936,5914403.5695,910000,,512903,0,,0,2,,Null,2024/2025,SEYMOUR ROAD,PARRS CROSS ROAD,,Non-Injury Crash,No,2025,,South,,0,,Null,,,,,,Unknown,278103,0,0,0,2,,,0,,,,,,Auckland Region,Nil,2-way,Sealed,,0,0,,50,,Null,0,0,,76,Auckland,Give way,,,,,0,0,Urban,0,,,Null,Null
1766087.0513,5913314.0422,910002,,522820,0,,0,2,,West,2024/2025,PAKURANGA ROAD,WILLIAMS AVENUE,,Non-Injury Crash,No,2024,,East,,0,,Flat,,,,,,Bright sun,695600,0,0,0,4,,,0,,,,,,Auckland Region,Nil,2-way,Sealed,,0,0,,50,,Off,0,0,,76,Auckland,Nil,,,,,0,0,Urban,0,,,Fine,Null
1748962.7326,5970722.5205,910005,,505500,0,,0,2,,South,2025/2026,ELIZABETH STREET,SANDSPIT ROAD,,Non-Injury Crash,No,2025,,North,,0,,Flat,,,,,,Overcast,140300,0,0,0,3,,,0,,,,,,Auckland Region,Nil,2-way,Sealed,,0,0,,50,,Off,0,0,,76,Auckland,Nil,,,,,0,0,Urban,0,,,Fine,Strong wind
1767919.8394,5904442.5139,910006,,524604,0,,0,2,,North,2024/2025,REDOUBT ROAD ON RAMP,REDOUBT ROAD,,Non-Injury Crash,No,2025,,North,,0,,Flat,,,,,,Bright sun,780302,0,0,0,1,,,0,,,,,,Auckland Region,Nil,1-way,Sealed,,0,0,,100,,None,0,0,,76,Auckland,Nil,,,,,0,0,Open,0,,,Fine,Null
1751886.3295,5930384.136,910007,,509100,0,,0,2,,North,2024/2025,ALBANY HIGHWAY ON RAMP,UPPER HARBOUR MOTORWAY,,Non-Injury Crash,No,2025,,South,,0,,Flat,,,,,,Dark,181004,0,0,0,2,,,0,,,,,,Auckland Region,Motorway ramp,1-way,Sealed,,0,0,,100,,On,0,0,,76,Auckland,Nil,,,,,0,0,Open,0,,,Fine,Null
1743527.7526,5919534.3237,910015,,513212,0,,0,2,,Null,2024/2025,DON BUCK ROAD,SABOT PLACE,,Non-Injury Crash,No,2025,,North,,0,,Flat,,,,,,Overcast,235728,0,0,0,2,,,0,,,,,,Auckland Region,Nil,2-way,Sealed,,0,0,,50,,Off,0,0,,76,Auckland,Give way,,,,,0,0,Urban,0,,,Light rain,Null
1766934.4652,5903718.52,910016,,524604,0,0,0,0,0,Null,2025/2026,WIRI STATION ROAD,LAMBIE DRIVE,,Minor Crash,No,2026,0,North,0,0,0,Flat,1,Christmas New Year,0,,0,Overcast,780210,1,0,0,1,0,0,0,0,0,,0,0,Auckland Region,Nil,1-way,Sealed,0,0,0,0,50,0,Off,0,0,,76,Auckland,Give way,0,0,0,0,0,0,Urban,1,0,0,Fine,Null
1766031.8677,5900462.9618,910019,,524822,0,,0,3,,South,2024/2025,ROSCOMMON ROAD,BURUNDI AVENUE,,Non-Injury Crash,No,2024,,North,,0,,Flat,,,,,,Twilight,774434,0,0,0,2,,,0,,,,,,Auckland Region,Nil,2-way,Sealed,,0,0,,50,,Off,1,0,,76,Auckland,Traffic Signals,,,,,0,0,Urban,0,,,Fine,Null
1763963.0979,5918104.6278,910022,,516301,0,0,0,1,0,North,2025/2026,GOWING DRIVE,GOWING DRIVE,,Non-Injury Crash,No,2025,0,East,0,0,0,Hill Road,0,,0,,0,Overcast,461800,0,0,0,2,0,0,0,0,0,,0,1,Auckland Region,Nil,2-way,Sealed,0,0,0,0,50,0,Off,0,0,,76,Auckland,Nil,0,0,0,0,0,0,Urban,0,0,0,Fine,Null
1756395.263,5919790.2524,910027,,514000,0,0,0,1,0,North,2025/2026,HOWE STREET,BERESFORD STREET CENTRAL,,Non-Injury Crash,No,2025,0,South,0,0,0,Null,0,,0,,0,Bright sun,413500,0,0,0,2,0,0,0,0,1,,0,0,Auckland Region,Nil,2-way,Sealed,0,0,0,0,30,0,Null,0,0,,76,Auckland,Nil,0,0,0,0,1,0,Urban,0,0,0,Fine,Null
1771597.1876,5914963.9254,910028,,521602,0,0,0,1,0,South,2024/2025,HOWE STREET,JAEDEE COURT,,Non-Injury Crash,No,2024,0,South,0,0,0,Null,0,,0,,0,Overcast,646900,0,0,0,2,0,0,0,0,1,,0,0,Auckland Region,Nil,2-way,Sealed,0,0,0,0,50,0,Null,0,0,,76,Auckland,Nil,0,0,0,0,0,0,Urban,0,0,0,Heavy rain,Null
1770465.8543,5897778.6122,910029,,523920,0,,0,1,,North,2025/2026,SOUTHERN MOTORWAY,PAHUREHURE NO 1 BR,,Non-Injury Crash,Yes,2025,,North,,0,,Flat,,,,,,Bright sun,767919,0,0,0,3,,,0,,,,,,Auckland Region,Nil,1-way,Sealed,,0,0,,100,,Off,0,0,,76,Auckland,Nil,,,,,1,0,Open,0,,,Fine,Null
1755043.1006,5945522.6186,910033,35,505907,0,0,0,1,0,North,2024/2025,VIPOND ROAD,JOYDON PLACE,,Non-Injury Crash,No,2024,0,North,0,0,1,Hill Road,0,,0,,0,Dark,173404,0,0,0,2,0,0,0,0,0,,0,0,Auckland Region,Nil,2-way,Sealed,0,0,0,0,50,0,On,0,0,,76,Auckland,Nil,0,0,0,0,0,0,Urban,0,0,0,Fine,Null
1758695.9635,5915506.9182,910035,,519300,0,,0,2,,West,2024/2025,GREEN LANE WEST,GREENLANE HPTL GT2,,Non-Injury Crash,No,2024,,North,,0,,Flat,,,,,,Overcast,622900,0,0,0,4,,,0,,,,,,Auckland Region,Nil,2-way,Sealed,,0,0,,50,,Off,0,0,,76,Auckland,Nil,,,,,0,0,Urban,0,,,Fine,Strong wind
1748564.5779,5915079.2704,910040,,511700,0,,0,2,,South,2024/2025,ARCHIBALD ROAD,BEAUBANK ROAD,,Non-Injury Crash,No,2024,,South,,0,,Flat,,,,,,Bright sun,269900,0,0,0,2,,,0,,,,,,Auckland Region,Nil,2-way,Sealed,,0,0,,50,,Off,0,0,,76,Auckland,Nil,,,,,0,0,Urban,0,,,Fine,Null
1759301.8502,5903174.8757,910043,,524200,0,,0,1,,North,2024/2025,GEORGE BOLT MEMORIAL DRIVE,LAURENCE STEVENS DRIVE,,Non-Injury Crash,No,2025,,North,,0,,Flat,,,,,,Overcast,727200,0,0,0,4,,,0,,,,,,Auckland Region,Nil,2-way,Sealed,,0,0,,50,,Off,0,0,,76,Auckland,Nil,,,,,0,0,Urban,0,,,Fine,Null
1754985.8826,5927824.6144,910045,,508620,0,,0,1,,Null,2025/2026,ARCHERS ROAD,SUNNYBRAE ROAD,,Minor Crash,No,2025,,North,,0,,Hill Road,,,,,,Overcast,202700,1,0,0,3,,,0,,,,,,Auckland Region,Nil,2-way,Sealed,,0,0,,50,,Off,1,0,,76,Auckland,Traffic Signals,,,,,0,0,Urban,0,,,Fine,Null
1737515.2368,5929352.3604,910046,,505602,0,,0,1,,East,2025/2026,MAIN ROAD,TAPU ROAD,,Minor Crash,Yes,2025,,West,,0,,Hill Road,,,,,,Overcast,214900,1,0,0,2,,,0,,,,,,Auckland Region,Nil,2-way,Sealed,,0,0,,50,,Off,1,0,,76,Auckland,Nil,,,,,0,0,Urban,0,,,Light rain,Null
1752832.8191,5912452.8254,910050,,518901,0,,0,0,,East,2024/2025,WHITE SWAN ROAD,LYNFIELD PLACE,,Minor Crash,No,2025,,East,,0,,Flat,,,,,,Overcast,586400,1,0,0,2,,,0,,,1,,,Auckland Region,Nil,2-way,Sealed,,0,0,,50,,Off,0,0,,76,Auckland,Nil,,,,,0,0,Urban,1,,,Light rain,Null
1731373.6926,5926155.4561,910052,65,506655,0,,0,0,,Null,2024/2025,MURIWAI ROAD,VALLEY ROAD,,Non-Injury Crash,No,2024,,South,,0,,Hill Road,,,,,,Bright sun,218801,0,0,0,2,,,0,,,,,,Auckland Region,Nil,2-way,Sealed,,0,0,,80,,Off,1,0,,76,Auckland,Give way,,,,,0,0,Open,1,,,Fine,Null
1756548.6417,5930258.5907,910053,,507720,0,0,0,2,0,West,2025/2026,KENMURE AVENUE,RAVENWOOD DRIVE,,Non-Injury Crash,No,2025,0,East,0,0,0,Hill Road,0,,0,,0,Dark,314902,0,0,0,2,0,0,0,0,1,,0,0,Auckland Region,Nil,2-way,Sealed,0,0,0,0,50,0,On,0,0,,76,Auckland,Nil,0,0,0,0,0,0,Urban,0,0,0,Fine,Null
1773062.5291,5895775.5453,910054,,525410,0,,0,1,,Null,2024/2025,ONSLOW ROAD,KING EDWARD AVENUE,,Minor Crash,No,2025,,North,,0,,Flat,,,,,,Bright sun,793301,1,0,0,2,,,0,,,1,,,Auckland Region,Nil,2-way,Sealed,,0,0,,50,,Off,0,0,,76,Auckland,Stop,,,,,0,0,Urban,0,,,Fine,Null
1751715.0547,5934266.0897,910078,,508701,0,,0,2,,Null,2023/2024,OTEHA VALLEY ROAD EXTENSION,OTEHA VALLEY ROAD,,Non-Injury Crash,No,2024,,East,,0,,Flat,,,,,,Dark,178900,0,0,0,2,,,0,,,,,,Auckland Region,Nil,2-way,Sealed,,0,0,,50,,On,0,0,,76,Auckland,Give way,,,,,0,0,Urban,0,,,Fine,Null
1757188.3192,5912506.14,910079,,518702,0,,0,5,,East,2025/2026,SOUTH-WESTERN MOTORWAY,HILLSBOROUGH ROAD ON RAMP,,Non-Injury Crash,Yes,2025,,South,,0,,Hill Road,,,,,,Dark,570300,0,0,0,3,,,0,,,,,,Auckland Region,Nil,1-way,Sealed,,0,0,,100,,On,0,0,,76,Auckland,Nil,,,,,0,0,Open,0,,,Heavy rain,Null
1764527.3247,5903888.924,910084,,524604,0,0,0,1,0,West,2025/2026,SOUTH-WESTERN MOTORWAY,CAVENDISH UNDERPASS,,Non-Injury Crash,Yes,2025,0,South,0,0,0,Hill Road,1,,0,,0,Dark,781100,0,0,0,2,0,0,0,0,0,,0,0,Auckland Region,Motorway ramp,1-way,Sealed,0,0,0,0,100,0,On,0,0,,76,Auckland,Nil,0,0,0,0,0,0,Open,0,0,0,Light rain,Null
1735471.8668,5909829.0483,910085,,513800,0,0,0,1,1,West,2024/2025,PIHA ROAD,ANAWHATA ROAD,,Minor Crash,No,2025,0,West,0,0,0,Hill Road,0,,0,,0,Dark,282007,1,0,0,2,0,0,0,0,0,,0,0,Auckland Region,Nil,2-way,Sealed,1,0,0,0,60,0,None,0,0,,76,Auckland,Nil,0,0,0,1,0,0,Urban,0,0,0,Fine,Null
1755846.3596,5925684.5557,910089,,509702,0,0,0,2,0,South,2024/2025,COLLEGE ROAD,DEUXBERRY AVENUE,,Non-Injury Crash,No,2025,0,South,0,0,0,Flat,0,Queens Birthday,0,,0,Overcast,365800,0,0,0,2,0,0,0,0,1,,0,0,Auckland Region,Nil,2-way,Sealed,0,0,0,0,50,0,Off,0,0,,76,Auckland,Nil,0,0,0,0,0,0,Urban,0,0,0,Fine,Null
1764466.0754,5912949.9316,910091,,520500,0,,0,2,,Null,2025/2026,SOUTH-EASTERN HIGHWAY,CARBINE ROAD,,Serious Crash,No,2025,,East,,0,,Flat,,,,,,Bright sun,639100,1,0,0,8,,,0,,,,,,Auckland Region,Nil,2-way,Sealed,,0,1,,80,,Off,0,0,,76,Auckland,Traffic Signals,,,,,0,0,Open,0,,,Fine,Null
1764296.6167,5914939.1736,910092,,520303,0,,0,2,,Null,2024/2025,ELLERSLIE-PANMURE HIGHWAY,MOUNTAIN ROAD,,Minor Crash,No,2025,,East,,0,,Flat,,,,,,Bright sun,627500,1,0,0,4,,,0,,,,,,Auckland Region,Nil,2-way,Sealed,,0,0,,50,,Off,0,0,40,76,Auckland,Give way,,,,,0,0,Urban,0,,,Fine,Null
1768154.1623,5907825.2862,910093,,523602,0,,0,0,,Null,2024/2025,PRESTON ROAD,EAST TAMAKI ROAD,,Minor Crash,No,2025,,North,,0,,Flat,,,,,,Overcast,710100,1,0,1,2,,,0,,,,,,Auckland Region,Nil,2-way,Sealed,,0,0,,50,,Off,0,0,,76,Auckland,Give way,,,,,1,0,Urban,0,,,Fine,Null
1760645.6539,5922318.4745,910094,,509400,0,0,0,4,0,East,2024/2025,KING EDWARD PARADE,MAYS STREET,,Non-Injury Crash,No,2024,0,East,0,0,0,Flat,0,,0,,0,Dark,330200,0,0,0,2,0,0,0,0,2,,0,0,Auckland Region,Nil,2-way,Sealed,0,0,0,0,30,0,On,0,0,,76,Auckland,Nil,0,0,0,0,0,0,Urban,0,0,0,Fine,Null
1762962.5912,5905420.4034,910096,,524303,0,0,0,1,0,North,2024/2025,SOUTH-WESTERN MOTORWAY,PORTAGE OBR,,Non-Injury Crash,Yes,2024,0,South,0,0,0,Flat,0,,0,,0,Dark,746301,0,0,0,2,0,1,0,0,0,,0,1,Auckland Region,Nil,1-way,Sealed,0,0,0,0,100,0,On,0,0,,76,Auckland,Nil,0,0,0,0,0,0,Open,0,0,0,Fine,Null
1766677.4041,5912943.3362,910098,,522910,0,,0,1,,Null,2024/2025,REEVES ROAD,TI RAKAU DRIVE,,Non-Injury Crash,No,2024,,South,,0,,Flat,,,,,,Overcast,684000,0,0,0,4,,,0,,,,,,Auckland Region,Nil,2-way,Sealed,,0,0,,50,,On,0,0,,76,Auckland,Traffic Signals,,,,,1,0,Urban,0,,,Fine,None
1753503.4256,5914408.2456,910099,,518801,0,,0,2,,Null,2025/2026,MAIORO STREET,MAIORO STREET ON RAMP,,Non-Injury Crash,No,2025,,North,,0,,Hill Road,,,,,,Dark,578400,0,0,0,5,,,0,,,,,,Auckland Region,Bridge,2-way,Sealed,,0,0,,50,,On,0,0,,76,Auckland,Traffic Signals,,,,,0,0,Urban,0,,,Fine,Null
1746448.6769,5913706.5797,910100,,511002,0,,0,1,,Null,2025/2026,WOODGLEN ROAD,LUCINDA PLACE,,Non-Injury Crash,No,2026,,South,,0,,Flat,,,,,,Overcast,283200,0,0,0,2,,,0,,,,,,Auckland Region,Nil,2-way,Sealed,,0,0,,50,,Off,0,0,,76,Auckland,Give way,,,,,0,0,Urban,1,,,Fine,Null
1764734.8771,5905930.9829,910105,,522201,0,0,0,2,0,East,2025/2026,CORONATION ROAD,SHIRLEY ROAD,,Non-Injury Crash,No,2025,0,North,0,0,0,Flat,0,,0,,0,Overcast,662100,0,0,0,2,0,0,0,0,0,,0,0,Auckland Region,Nil,2-way,Sealed,0,0,0,0,50,0,Off,0,0,,76,Auckland,Nil,0,0,0,0,0,0,Urban,0,1,0,Mist or Fog,Null
1767785.1053,5901736.4493,910109,,524720,0,0,0,3,0,North,2024/2025,STURDEE ROAD,HALSEY ROAD,,Non-Injury Crash,No,2025,0,South,0,0,0,Flat,0,,0,,0,Dark,779900,0,0,0,2,0,0,0,0,1,,0,0,Auckland Region,Nil,2-way,Sealed,0,0,0,0,50,0,On,0,0,,76,Auckland,Nil,0,0,0,0,0,0,Urban,0,0,0,Fine,Null
1757768.8916,5918207.3701,910110,,515700,0,,0,2,,South,2024/2025,SOUTHERN MOTORWAY,CAS Feature details,,Non-Injury Crash,Yes,2024,,North,,0,,Flat,,,,,,Bright sun,443600,0,0,0,5,,,0,,,,,,Auckland Region,Nil,1-way,Sealed,,0,0,,80,,Off,0,0,,76,Auckland,Nil,,,,,0,0,Open,2,,,Fine,Null
1753258.8814,5875940.8904,910111,,526103,0,,0,1,,West,2025/2026,LEONARD STREET,CONSTABLE ROAD,,Serious Crash,No,2025,,East,,0,,Flat,,,,,,Bright sun,837300,0,0,0,2,,,0,,,,,,Auckland Region,Nil,2-way,Sealed,,0,1,,50,,Off,1,0,,76,Auckland,Give way,,,,,0,0,Urban,0,,,Fine,Null
1750201.4877,5914273.6135,910112,,511303,0,0,0,1,0,Null,2024/2025,GREAT NORTH ROAD,VERONICA STREET,,Non-Injury Crash,No,2024,0,North,0,0,0,Flat,0,,0,,1,Dark,265900,0,0,0,3,0,0,0,0,0,,0,0,Auckland Region,Nil,2-way,Sealed,0,0,0,0,50,0,On,0,0,,76,Auckland,Traffic Signals,0,0,0,1,0,0,Urban,0,0,0,Fine,Null
1766561.3598,5913102.0375,910115,15,522920,0,,0,2,,North,2023/2024,TI RAKAU DRIVE,PALM AVENUE,,Non-Injury Crash,No,2024,,North,,0,,Flat,,,,,,Bright sun,683900,0,0,0,3,,,0,,,,,,Auckland Region,Nil,1-way,Sealed,,0,0,,50,,Off,0,0,,76,Auckland,Nil,,,,,0,0,Urban,0,,,Fine,None
1753615.122,5927739.3011,910116,,508310,0,0,0,0,1,South,2024/2025,GLENFIELD ROAD,DOWNING STREET,,Non-Injury Crash,No,2024,0,West,0,0,0,Hill Road,0,,0,,0,Dark,200300,0,0,0,3,0,0,0,0,0,,0,0,Auckland Region,Nil,2-way,Sealed,0,0,0,0,50,0,None,1,0,,76,Auckland,Nil,0,0,0,0,0,0,Urban,0,0,0,Fine,Null
1755500.0321,5932708.7243,910119,,508805,0,0,0,1,0,East,2023/2024,EAST COAST ROAD,NOEL WILLIAMS PLACE,,Non-Injury Crash,No,2024,0,North,0,0,0,Hill Road,1,,0,,0,Dark,153200,0,0,0,4,0,0,0,0,0,,0,0,Auckland Region,Nil,2-way,Sealed,0,0,0,0,50,0,On,0,0,,76,Auckland,Nil,0,0,0,0,0,0,Urban,0,0,0,Fine,Null
1758344.3771,5911825.5684,910122,,519810,0,,0,2,,South,2025/2026,NEILSON STREET OFF RAMP,SOUTH-WESTERN MOTORWAY,,Non-Injury Crash,No,2025,,South,,0,,Flat,,,,,,Bright sun,602501,0,0,0,1,,,0,,,,,,Auckland Region,Motorway ramp,1-way,Sealed,,0,0,,50,,Null,0,0,,76,Auckland,Nil,,,,,0,0,Urban,0,,,Fine,Null
1768144.8175,5881950.5642,910125,,525910,0,0,0,1,0,Null,2025/2026,HOLLAND STREET,BEATTY ROAD,,Non-Injury Crash,No,2025,0,East,0,0,1,Flat,0,,0,,0,Dark,819501,0,0,0,2,0,0,0,0,0,,0,0,Auckland Region,Nil,2-way,Sealed,0,0,0,0,50,0,On,0,0,,76,Auckland,Nil,0,0,0,0,0,0,Urban,0,0,0,Fine,Null
1769365.6511,5901026.6986,910136,,524902,0,,0,1,,Null,2024/2025,ALFRISTON ROAD,CLAUDE ROAD,,Non-Injury Crash,No,2024,,East,,0,,Null,,,,,,Bright sun,757700,0,0,0,2,,,0,,,,,,Auckland Region,Nil,2-way,Sealed,,0,0,,50,,Off,1,0,,76,Auckland,Traffic Signals,,,,,0,0,Urban,0,,,Fine,Null
1756652.2386,5912807.9022,910139,,518702,0,,0,2,,East,2024/2025,SOUTH-WESTERN MOTORWAY,HILLSBOROUGH OBR,,Non-Injury Crash,Yes,2024,,East,,0,,Flat,,Labour Weekend,,,,Bright sun,569900,0,0,0,2,,,0,,,,,,Auckland Region,Motorway ramp,1-way,Sealed,,0,0,,100,,Off,0,0,,76,Auckland,Nil,,,,,0,0,Open,0,,,Fine,Null
1763882.357,5914775.2344,910142,,520303,0,0,0,3,0,North,2024/2025,BARRACK ROAD,PAKU LANE,,Non-Injury Crash,No,2024,0,South,0,0,0,Flat,0,,0,,0,Dark,626802,0,0,0,2,0,0,0,0,2,,0,0,Auckland Region,Nil,2-way,Sealed,0,0,0,0,50,0,On,0,0,,76,Auckland,Nil,0,0,0,0,0,0,Urban,0,0,0,Fine,Null
1768383.7818,5910200.4642,910151,,523112,0,0,0,1,0,East,2025/2026,CROOKS ROAD,BLACKBURN ROAD,,Non-Injury Crash,No,2025,0,East,0,0,1,Flat,0,,0,,0,Dark,711500,0,0,0,2,0,0,0,0,0,,0,0,Auckland Region,Nil,2-way,Sealed,0,0,0,0,50,0,On,0,0,,76,Auckland,Nil,0,0,0,0,0,0,Urban,0,0,0,Light rain,Null
1763687.2677,5908881.7702,910152,,521901,0,0,0,0,0,Null,2024/2025,MANGERE ROAD,WALMSLEY ROAD,,Minor Crash,No,2025,0,East,0,0,0,Flat,0,Queens Birthday,0,,0,Twilight,786100,1,0,0,2,0,0,0,0,0,,0,0,Auckland Region,Nil,2-way,Sealed,0,0,0,0,50,0,On,1,0,40,76,Auckland,Traffic Signals,0,1,0,0,0,0,Urban,0,0,0,Fine,Null
1773195.0271,5890511.5318,910156,,521301,0,0,0,1,0,North,2024/2025,SOUTHERN MOTORWAY,QUARRY OBR,,Non-Injury Crash,Yes,2024,0,South,0,0,0,Flat,2,,0,,0,Overcast,809004,0,0,0,2,0,0,0,0,0,,0,0,Auckland Region,Nil,1-way,Sealed,0,0,0,0,100,0,Off,0,0,,76,Auckland,Nil,0,0,0,0,1,0,Open,0,0,0,Fine,Null
1748785.1339,5949103.2057,910159,,506202,0,,0,0,,Null,2025/2026,NORTHERN MOTORWAY,OREWA ON RAMP,,Non-Injury Crash,Yes,2025,,South,,0,,Flat,,,,,,Overcast,176412,0,0,0,2,,,0,,,,,,Auckland Region,Motorway ramp,1-way,Sealed,,0,0,,100,,Off,0,0,,76,Auckland,Nil,,,,,0,0,Open,2,,,Fine,Null
1762369.4961,5913351.0171,910162,,520402,0,,0,2,,South,2023/2024,SOUTHERN MOTORWAY,PENROSE OBR,,Non-Injury Crash,Yes,2024,,South,,0,,Flat,,,,,,Overcast,642200,0,0,0,3,,,0,,,,,,Auckland Region,Nil,1-way,Sealed,,0,0,,100,,Off,0,0,,76,Auckland,Nil,,,,,0,0,Open,0,,,Light rain,Null
1743535.4059,5920437.9373,910169,,513622,0,,0,0,,North,2024/2025,DON BUCK ROAD,ALDERN ROAD,,Non-Injury Crash,No,2024,,South,,0,,Null,,Christmas New Year,,,,Bright sun,226902,0,0,0,2,,,0,,,,,,Auckland Region,Nil,2-way,Sealed,,0,0,,50,,Off,2,0,,76,Auckland,Nil,,,,,0,0,Urban,0,,,Fine,Null
1775147.6243,5886918.5061,910171,,521132,0,,0,2,,South,2024/2025,SOUTHERN MOTORWAY,RAMARAMA OFF RAMP,,Non-Injury Crash,Yes,2024,,North,,0,,Flat,,,,,,Dark,814003,0,0,0,2,,,0,,,,,,Auckland Region,Motorway ramp,1-way,Sealed,,0,0,,100,,On,0,0,,76,Auckland,Nil,,,,,0,0,Open,0,,,Mist or Fog,Strong wind
1770046.4983,5898619.3959,910173,,523920,0,0,0,1,0,North,2024/2025,SOUTHERN MOTORWAY,WALTER STREVENS OBR,,Non-Injury Crash,Yes,2024,0,South,0,0,0,Flat,1,,0,,0,Dark,768007,0,0,0,3,0,0,0,0,0,,0,0,Auckland Region,Motorway ramp,1-way,Sealed,0,0,0,0,100,0,On,0,0,,76,Auckland,Nil,0,0,0,0,0,0,Open,0,0,0,Fine,Null