X,Y,OBJECTID,advisorySpeed,areaUnitID,bicycle,bridge,bus,carStationWagon,cliffBank,crashDirectionDescription,crashFinancialYear,crashLocation1,crashLocation2,crashRoadSideRoad,crashSeverity,crashSHDescription,crashYear,debris,directionRoleDescription,ditch,fatalCount,fence,flatHill,guardRail,holiday,houseOrBuilding,intersection,kerb,light,meshblockId,minorInjuryCount,moped,motorcycle,NumberOfLanes,objectThrownOrDropped,otherObject,otherVehicleType,overBank,parkedVehicle,pedestrian,phoneBoxEtc,postOrPole,region,roadCharacter,roadLane,roadSurface,roadworks,schoolBus,seriousInjuryCount,slipOrFlood,speedLimit,strayAnimal,streetLight,suv,taxi,temporarySpeedLimit,tlaId,tlaName,trafficControl,trafficIsland,trafficSign,train,tree,truck,unknownVehicleType,urban,vanOrUtility,vehicle,waterRiver,weatherA,weatherB
1772316.3205,5914689.0425,910175,,521501,0,0,0,2,0,North,2024/2025,COOK STREET,ABERCROMBIE STREET,,Non-Injury Crash,No,2025,0,North,0,0,0,Flat,0,,0,,0,Bright sun,652700,0,0,0,2,0,0,0,0,1,,0,0,Auckland Region,Nil,2-way,Sealed,0,0,0,0,50,0,Off,0,0,40,76,Auckland,Nil,0,0,0,0,0,0,Urban,0,0,0,Fine,Null
1754621.6655,5930726.1178,910177,,508420,0,,0,1,,Null,2024/2025,NORTHERN MOTORWAY,UPPER HARBOUR HWY OFF RAMP,,Non-Injury Crash,Yes,2024,,North,,0,,Flat,,,,,,Bright sun,182008,0,0,0,3,,,0,,,,,,Auckland Region,Motorway ramp,1-way,Sealed,,0,0,,100,,Off,0,0,,76,Auckland,Nil,,,,,0,0,Open,1,,,Fine,None
1751624.1421,5934066.5871,910180,,508701,0,,0,1,,Null,2023/2024,DAIRY FLAT HIGHWAY,OTEHA VALLEY ROAD,,Non-Injury Crash,No,2023,,South,,0,,Flat,,,,,,Dark,178800,0,0,0,4,,,0,,,,,,Auckland Region,Nil,2-way,Sealed,,0,0,,50,,On,0,0,,76,Auckland,Traffic Signals,,,,,0,0,Urban,1,,,Light rain,Null
1753042.4179,5934855.8833,910181,,508704,0,,0,2,,North,2024/2025,OTEHA VALLEY ROAD ON RAMP,NORTHERN MOTORWAY,,Non-Injury Crash,No,2025,,South,,0,,Hill Road,,,,,,Bright sun,179113,0,0,0,2,,,0,,,,,,Auckland Region,Motorway ramp,1-way,Sealed,,0,0,,100,,Off,0,0,,76,Auckland,Nil,,,,,0,0,Open,0,,,Fine,Null
1767496.2132,5905624.3784,910183,,524603,0,0,0,1,0,South,2025/2026,SOUTHERN MOTORWAY,REAGAN OBR,,Minor Crash,Yes,2025,0,North,0,0,0,Flat,1,,0,,0,Overcast,671000,1,0,0,3,0,0,0,0,0,,0,0,Auckland Region,Nil,1-way,Sealed,0,0,0,0,100,0,Off,0,0,,76,Auckland,Nil,0,0,0,0,0,0,Open,0,0,0,Light rain,Null
1748545.7873,5946690.2669,910187,,505806,0,0,0,1,0,South,2024/2025,NORTHERN MOTORWAY,MILLWATER PARKWAY ON RAMP,,Non-Injury Crash,Yes,2024,0,South,0,0,0,Flat,1,,0,,0,Dark,176604,0,0,0,2,0,0,0,0,0,,0,0,Auckland Region,Nil,1-way,Sealed,0,0,0,0,100,0,None,0,0,,76,Auckland,Nil,0,0,0,0,0,0,Open,0,0,0,Fine,Null
1753091.793,5916429.4681,910188,,517800,0,0,0,2,0,South,2025/2026,MOUNT ALBERT ROAD,ALLENDALE ROAD,,Minor Crash,No,2025,0,South,0,0,0,Hill Road,0,,0,,0,Dark,527900,1,0,0,2,0,0,0,0,2,,0,0,Auckland Region,Nil,2-way,Sealed,0,0,0,0,50,0,On,0,0,,76,Auckland,Nil,0,0,0,0,0,0,Urban,2,0,0,Fine,Null
1767410.9576,5904928.352,910190,,524603,0,,0,1,,Null,2024/2025,CAVENDISH DRIVE,GREAT SOUTH ROAD,,Non-Injury Crash,No,2025,,East,,0,,Null,,,,,,Overcast,780205,0,0,0,3,,,0,,,,,,Auckland Region,Nil,1-way,Sealed,,0,0,,50,,On,0,0,,76,Auckland,Traffic Signals,,,,,0,0,Urban,1,,,Heavy rain,Strong wind
1767104.9945,5905531.8943,910193,,522400,0,,0,0,,Null,2024/2025,GREAT SOUTH ROAD,REAGAN ROAD,,Non-Injury Crash,No,2025,,South,,0,,Flat,,,,,,Dark,671200,0,0,0,5,,,0,,,1,,,Auckland Region,Nil,2-way,Sealed,,0,0,,50,,On,0,0,30,76,Auckland,Traffic Signals,,,,,0,0,Urban,1,,,Fine,Null
1760823.9601,5907696.7846,910199,,524510,0,0,0,3,0,Null,2024/2025,ROBERTSON ROAD,MCKINSTRY AVENUE,,Non-Injury Crash,No,2025,0,South,0,0,0,Flat,0,,0,,0,Overcast,736900,0,0,0,2,0,0,0,0,1,,0,0,Auckland Region,Nil,2-way,Sealed,0,0,0,0,50,0,On,0,0,,76,Auckland,Stop,0,0,0,0,0,0,Urban,0,0,0,Fine,Null
1761213.3185,5914996.0416,910206,,520201,0,,0,1,,North,2023/2024,LADIES MILE,MAIN HIGHWAY,,Non-Injury Crash,No,2023,,Null,,0,,Flat,,,,,,Overcast,611200,0,0,0,2,,,0,,,,,,Auckland Region,Nil,2-way,Sealed,,0,0,,50,,On,0,0,,76,Auckland,Nil,,,,,0,0,Urban,0,,,Fine,None
1744143.481,5917593.8304,910216,,513220,0,0,0,2,0,East,2023/2024,HARVEST DRIVE,GALA PLACE,,Non-Injury Crash,No,2024,0,West,0,0,0,Flat,0,,0,,0,Dark,236705,0,0,0,2,0,0,0,0,1,,0,0,Auckland Region,Nil,2-way,Sealed,0,0,0,0,50,0,On,0,0,,76,Auckland,Nil,0,0,0,0,0,0,Urban,0,0,0,Fine,Null
1766642.2751,5912917.4255,910226,,522920,0,,0,1,,Null,2023/2024,PAKURANGA HIGHWAY,TI RAKAU DRIVE,,Non-Injury Crash,No,2024,,North,,0,,Flat,,,,,,Unknown,683900,0,0,0,3,,,0,,,,,,Auckland Region,Nil,1-way,Sealed,,0,0,,60,,Off,1,0,,76,Auckland,Traffic Signals,,,,,0,0,Urban,0,,,Fine,None
1777751.1102,5894684.538,910229,45,521301,0,0,0,1,0,West,2024/2025,HUNUA ROAD,HAYS CREEK ROAD,,Minor Crash,No,2025,0,East,0,0,0,Hill Road,0,Easter,0,,0,Overcast,808001,1,0,0,2,0,0,0,0,0,,0,0,Auckland Region,Nil,2-way,Sealed,0,0,0,0,80,0,None,0,0,,76,Auckland,Nil,0,0,0,0,0,0,Open,0,0,1,Light rain,Null
1767626.9541,5900361.6084,910233,,524720,0,,0,2,,North,2023/2024,WORDSWORTH ROAD,WEYMOUTH ROAD,,Non-Injury Crash,No,2023,,South,,0,,Flat,,,,,,Bright sun,776900,0,0,0,2,,,0,,,,,,Auckland Region,Nil,2-way,Sealed,,0,0,,30,,Off,0,0,,76,Auckland,Nil,,,,,0,0,Urban,0,,,Fine,None
1737304.2884,5930081.5218,910234,,505602,0,,0,2,,Null,2024/2025,MATUA ROAD,TAPU ROAD,,Non-Injury Crash,No,2025,,East,,0,,Flat,,,,,,Bright sun,215905,0,0,0,2,,,0,,,,,,Auckland Region,Nil,2-way,Sealed,,0,0,,50,,Off,0,0,,76,Auckland,Stop,,,,,0,0,Urban,0,,,Fine,Null
1753070.7323,5934669.0205,910238,,508704,0,,0,3,,North,2024/2025,OTEHA VALLEY ROAD ON RAMP,NORTHERN MOTORWAY,,Non-Injury Crash,No,2025,,South,,0,,Flat,,,,,,Bright sun,179113,0,0,0,1,,,0,,,,,,Auckland Region,Nil,1-way,Sealed,,0,0,,100,,Off,0,0,,76,Auckland,Nil,,,,,0,0,Open,0,,,Fine,Null
1771399.0005,5899890.1894,910239,,523911,0,,0,2,,South,2024/2025,PORCHESTER ROAD,POPES ROAD,,Minor Crash,No,2025,,South,,0,,Flat,,,,,,Bright sun,767100,1,0,0,2,,,0,,,,,,Auckland Region,Nil,2-way,Sealed,,0,0,,60,,None,0,0,,76,Auckland,Nil,,,,,0,0,Urban,0,,,Fine,Null
1781466.7709,5926482.6742,910240,,520801,1,,0,0,,Null,2024/2025,KENNEDY ROAD,OCEAN ROAD,,Minor Crash,No,2025,,West,,0,,Hill Road,,,,,,Bright sun,516702,1,0,0,2,,,0,,,,,,Auckland Region,Nil,2-way,Sealed,,0,0,,30,,Off,0,0,,76,Auckland,Give way,,,,,0,1,Urban,0,,,Fine,Null
1756249.397,5919249.0879,910245,,515500,0,,0,2,,Null,2024/2025,NEWTON ROAD,GREAT NORTH ROAD,,Non-Injury Crash,No,2025,,North,,0,,Hill Road,,Easter,,,,Dark,417500,0,0,0,3,,,0,,,,,,Auckland Region,Nil,2-way,Sealed,,0,0,,40,,On,0,0,,76,Auckland,Traffic Signals,,,,,0,0,Urban,0,,,Fine,Null
1765814.9888,5907371.8569,910247,,522301,0,0,0,3,0,South,2024/2025,SUNNYSIDE CRESCENT,VICTORY ROAD,,Non-Injury Crash,No,2025,0,Null,0,0,0,Flat,0,,0,,0,Dark,666600,0,0,0,2,0,0,0,0,1,,0,0,Auckland Region,Nil,2-way,Unsealed,0,0,0,0,30,0,On,0,0,,76,Auckland,Nil,0,0,0,0,0,1,Urban,0,1,0,Fine,Null
1752332.3733,5915107.7029,910250,,517902,0,,0,0,,West,2024/2025,SH 20,MAIORO STREET ON RAMP,,Minor Crash,Yes,2024,,North,,0,,Hill Road,,,,,,Overcast,519900,2,0,0,3,,,0,,,,,,Auckland Region,Tunnel,1-way,Sealed,,0,0,,80,,On,1,0,,76,Auckland,Nil,,,,,0,0,Open,2,,,Heavy rain,Null
1766481.6958,5905669.2001,910251,,522400,0,0,0,2,0,North,2024/2025,ALLENBY ROAD,BUCKINGHAM CRESCENT,,Non-Injury Crash,No,2025,0,North,0,0,0,Flat,0,,0,,0,Dark,671400,0,0,0,2,0,0,0,0,1,,0,0,Auckland Region,Nil,2-way,Sealed,0,0,0,0,50,0,Null,0,0,,76,Auckland,Nil,0,0,0,0,0,0,Urban,0,0,0,Light rain,Null
1768348.0208,5881707.9178,910252,,525910,0,,0,1,,Null,2024/2025,PRINCES STREET,FREYBERG CRESCENT,,Fatal Crash,No,2024,,East,,1,,Flat,,,,,,Dark,820200,0,0,0,2,,,0,,,1,,,Auckland Region,Speed hump,2-way,Sealed,,0,0,,50,,On,1,0,,76,Auckland,Give way,,,,,0,0,Urban,0,,,Fine,Null
1762250.2128,5913020.7035,910254,,519500,0,,0,0,,North,2023/2024,GREAT SOUTH ROAD,SIMS ROAD,,Non-Injury Crash,No,2023,,South,,0,,Flat,,,,,,Bright sun,622200,0,0,0,4,,,0,,,,,,Auckland Region,Nil,2-way,Sealed,,0,0,,50,,Off,1,0,,76,Auckland,Nil,,,,,1,0,Urban,0,,,Fine,None
1754385.1776,5918001.0345,910257,,517600,0,,0,3,,East,2024/2025,BANNERMAN ROAD,WARWICK STREET,,Non-Injury Crash,No,2025,,West,,0,,Hill Road,,,,,,Dark,533300,0,0,0,2,,,0,,,,,,Auckland Region,Nil,2-way,Sealed,,0,0,,50,,On,0,0,,76,Auckland,Nil,,,,,0,0,Urban,0,,,Fine,Null
1763097.2128,5912866.5664,910260,,520500,0,,0,2,,West,2024/2025,SOUTHERN MOTORWAY,SH1 OBR,,Non-Injury Crash,Yes,2025,,West,,0,,Flat,,,,,,Bright sun,637300,0,0,0,3,,,0,,,,,,Auckland Region,Nil,1-way,Sealed,,0,0,,100,,Off,0,0,,76,Auckland,Nil,,,,,0,1,Open,0,,,Fine,Null
1763167.2956,5905176.7365,910261,,524200,0,0,0,0,0,South,2025/2026,SOUTH-WESTERN MOTORWAY,PORTAGE OBR,,Minor Crash,Yes,2025,0,North,0,0,0,Flat,2,,0,,0,Bright sun,728900,1,0,0,2,0,0,0,0,0,,0,0,Auckland Region,Nil,1-way,Sealed,0,0,0,0,100,0,Off,1,0,,76,Auckland,Nil,0,0,0,0,0,0,Open,0,0,0,Fine,Null
1762185.1467,5913675.9955,910265,,520401,0,1,0,0,0,North,2024/2025,SOUTHERN MOTORWAY,PENROSE OBR,,Non-Injury Crash,Yes,2025,0,South,0,0,0,Flat,0,,0,,0,Bright sun,644300,0,0,0,3,0,0,0,0,0,,0,0,Auckland Region,Overpass,1-way,Sealed,0,0,0,0,100,0,Off,0,0,,76,Auckland,Nil,0,0,0,0,1,0,Open,0,0,0,Fine,Null
1766895.8547,5881140.7407,910270,,525921,0,0,0,1,0,Null,2023/2024,MARIRE PLACE,TE MANAKI STREET,,Non-Injury Crash,No,2024,0,North,0,0,0,Flat,0,Easter,0,,1,Dark,820600,0,0,0,2,0,0,0,0,0,,0,0,Auckland Region,Nil,2-way,Sealed,0,0,0,0,50,0,On,0,0,,76,Auckland,Nil,0,0,0,0,0,0,Urban,0,0,0,Fine,Null
1764915.5873,5903921.1594,910271,,524604,0,,0,1,,Null,2024/2025,CAVENDISH DRIVE,NOEL BURNSIDE ROAD,,Non-Injury Crash,No,2025,,South,,0,,Flat,,,,,,Overcast,781301,0,0,0,4,,,0,,,,,,Auckland Region,Nil,2-way,Sealed,,0,0,,50,,Off,0,0,,76,Auckland,Traffic Signals,,,,,0,0,Urban,1,,,Fine,None
1772567.2295,5915071.1376,910273,,521501,0,0,0,2,0,West,2024/2025,SELWYN ROAD,SALE STREET,,Non-Injury Crash,No,2025,0,East,0,0,0,Hill Road,0,,0,,0,Dark,652200,0,0,0,2,0,0,0,0,1,,0,0,Auckland Region,Nil,2-way,Sealed,0,0,0,0,50,0,On,0,0,,76,Auckland,Nil,0,0,0,0,0,0,Urban,0,0,0,Fine,Null
1772272.4236,5907999.6446,910276,,523116,0,0,0,2,0,South,2023/2024,JEFFS ROAD,PACKSPUR DRIVE,,Non-Injury Crash,No,2024,0,North,0,0,0,Flat,0,,0,,0,Bright sun,712228,0,0,0,2,0,0,0,0,1,,0,0,Auckland Region,Nil,2-way,Sealed,0,0,0,0,50,0,Off,0,0,,76,Auckland,Nil,0,0,0,0,0,0,Urban,0,0,0,Fine,Null
1759294.5237,5909485.4064,910281,,524002,0,0,0,3,0,South,2025/2026,CORONATION ROAD,HASTIE AVENUE,,Non-Injury Crash,No,2025,0,South,0,0,0,Hill Road,0,,0,,0,Dark,724300,0,0,0,2,0,0,0,0,2,,0,0,Auckland Region,Nil,2-way,Sealed,0,0,0,0,50,0,On,0,0,,76,Auckland,Nil,0,0,0,0,0,0,Urban,0,0,0,Fine,Null
1754791.336,5924757.3897,910282,,509800,0,,0,0,,Null,2024/2025,ONEWA ROAD,VALLEY ROAD,,Minor Crash,No,2024,,West,,0,,Flat,,,,,,Overcast,361702,1,0,1,4,,,0,,,,,,Auckland Region,Nil,2-way,Sealed,,0,0,,50,,Off,0,0,,76,Auckland,Nil,,,,,0,0,Urban,1,,,Fine,Null
1765706.398,5906772.3932,910285,,522202,0,0,0,2,0,Null,2025/2026,GREAT SOUTH ROAD,HOTEO AVENUE,,Non-Injury Crash,No,2025,0,South,0,0,1,Flat,0,,0,,0,Overcast,663500,0,0,0,2,0,0,0,0,0,,1,1,Auckland Region,Nil,2-way,Sealed,0,0,0,0,50,0,Off,0,0,,76,Auckland,Stop,0,0,0,0,0,0,Urban,0,0,0,Fine,Null
1758755.8497,5912940.1351,910287,,519810,0,,0,2,,Null,2025/2026,SELWYN STREET,TRAFALGAR STREET,,Minor Crash,No,2025,,North,,0,,Flat,,,,,,Dark,598300,1,0,0,2,,,0,,,,,,Auckland Region,Nil,2-way,Sealed,,0,0,,50,,On,0,0,,76,Auckland,Stop,,,,,0,0,Urban,0,,,Fine,Null
1766978.9406,5907293.054,910291,,523601,0,,0,0,,South,2024/2025,BAIRDS ROAD,CLAYTON AVENUE,,Non-Injury Crash,No,2025,,South,,0,,Flat,,,,,,Overcast,708000,0,0,0,2,,,0,,,1,,,Auckland Region,Nil,2-way,Sealed,,0,0,,50,,Off,1,0,,76,Auckland,Nil,,,,,0,0,Urban,0,,,Heavy rain,Null
1766565.1605,5909634.0225,910293,,523112,0,,1,0,,West,2024/2025,PUKEKIWIRIKI PLACE,EL KOBAR DRIVE,,Non-Injury Crash,No,2025,,West,,0,,Hill Road,,,,,,Dark,711301,0,0,0,2,,,0,,,,,,Auckland Region,Nil,2-way,Sealed,,0,0,,50,,On,0,0,,76,Auckland,Nil,,,,,0,0,Urban,0,,,Fine,Null
1757851.8205,5912957.4474,910305,,519710,0,0,0,1,0,East,2024/2025,TRAFALGAR STREET,PLEASANT STREET,,Non-Injury Crash,No,2025,0,West,0,0,0,Flat,0,,0,,0,Bright sun,596200,0,0,0,2,0,0,0,0,1,,0,0,Auckland Region,Nil,2-way,Sealed,0,0,0,0,50,0,None,0,0,,76,Auckland,Nil,0,0,0,0,0,0,Urban,1,0,0,Mist or Fog,Null
1746733.4105,5917589.049,910306,,512500,0,0,0,2,0,West,2024/2025,MCLEOD ROAD,TE ATATU ROAD,,Non-Injury Crash,No,2024,0,East,0,0,0,Flat,0,,0,,0,Dark,257500,0,0,0,3,0,0,0,0,0,,0,0,Auckland Region,Nil,2-way,Sealed,0,0,0,0,50,0,On,0,0,,76,Auckland,Nil,0,1,0,0,0,0,Urban,0,0,0,Fine,Null
1760009.5977,5915638.3493,910309,,519400,0,,0,3,,South,2025/2026,GREAT SOUTH ROAD,PURIRI AVENUE,,Non-Injury Crash,No,2025,,North,,0,,Flat,,,,,,Dark,617000,0,0,0,2,,,0,,,,,,Auckland Region,Nil,2-way,Sealed,,0,0,,50,,On,0,0,,76,Auckland,Nil,,,,,0,0,Urban,0,,,Fine,Null
1755428.3678,5933091.2197,910317,,507300,0,0,0,0,0,West,2024/2025,SUNRISE AVENUE,WISTERIA WAY,,Non-Injury Crash,No,2024,0,East,0,0,0,Null,0,,0,,0,Dark,155801,0,0,0,2,0,0,0,0,1,,0,0,Auckland Region,Nil,2-way,Sealed,0,0,0,0,50,0,On,1,0,,76,Auckland,Nil,0,0,0,0,0,1,Urban,0,0,0,Fine,Null
1741961.4229,5943774.4187,910321,,506614,0,0,0,1,0,East,2022/2023,KAHIKATEA FLAT ROAD,HULL ROAD,,Non-Injury Crash,No,2023,0,East,0,0,1,Flat,0,,0,,0,Overcast,177600,0,0,0,2,0,0,0,0,0,,0,0,Auckland Region,Nil,2-way,Sealed,0,0,0,0,80,0,Off,0,0,,76,Auckland,Nil,0,0,0,0,0,0,Open,0,0,1,Fine,Null
1748724.0402,5912706.6985,910328,,511401,1,,0,1,,Null,2024/2025,PARKER AVENUE,SEABROOK AVENUE,,Minor Crash,No,2025,,North,,0,,Flat,,,,,,Bright sun,261900,1,0,0,1,,,0,,,,,,Auckland Region,Nil,2-way,Sealed,,0,0,,50,,Off,0,0,40,76,Auckland,Stop,,,,,0,0,Urban,0,,,Fine,Null
1745535.8692,5916043.739,910329,,510800,0,0,0,2,0,South,2024/2025,MILLBROOK ROAD,ARA MARA HUA,,Non-Injury Crash,No,2024,0,South,0,0,0,Flat,0,,0,,0,Overcast,244500,0,0,0,2,0,0,0,0,1,,0,0,Auckland Region,Nil,2-way,Sealed,0,0,0,0,50,0,Off,0,0,30,76,Auckland,Nil,0,0,0,0,0,0,Urban,0,0,0,Fine,Null
1753630.8171,5914517.6431,910330,,518801,0,,0,2,,North,2024/2025,MAIORO STREET,STODDARD ROAD,,Non-Injury Crash,No,2024,,North,,0,,Null,,,,,,Unknown,578500,0,0,0,3,,,0,,,,,,Auckland Region,Nil,1-way,Sealed,,0,0,,50,,Null,0,0,,76,Auckland,Nil,,,,,0,0,Urban,0,,,Fine,Null
1729531.9291,5939738.2703,910332,,506800,0,0,0,1,0,South,2024/2025,COMMERCIAL ROAD,RIMU STREET,,Non-Injury Crash,Yes,2025,0,North,0,0,0,Null,0,,0,,0,Bright sun,209300,0,0,0,2,0,0,0,0,1,,0,0,Auckland Region,Nil,2-way,Sealed,0,0,0,0,50,0,Null,1,0,,76,Auckland,Nil,0,0,0,0,0,0,Urban,0,0,0,Null,Null
1752214.164,5913137.2459,910333,,514600,0,0,0,1,0,South,2024/2025,WHITNEY STREET,MAUI POMARE STREET,,Non-Injury Crash,No,2024,0,North,0,0,0,Flat,0,,0,,0,Unknown,373100,0,0,0,2,0,0,0,0,1,,0,0,Auckland Region,Nil,2-way,Sealed,0,0,0,0,50,0,Null,0,0,,76,Auckland,Nil,0,0,0,0,0,0,Urban,0,0,0,Null,Null
1765302.2334,5915143.9459,910336,,520301,0,0,0,3,0,South,2024/2025,PILKINGTON ROAD,COURT CRESCENT,,Non-Injury Crash,No,2025,0,North,0,0,0,Hill Road,0,,0,,0,Dark,628001,0,0,0,2,0,0,0,0,1,,0,0,Auckland Region,Nil,2-way,Sealed,0,0,0,0,50,0,On,0,0,,76,Auckland,Nil,0,0,0,0,0,0,Urban,0,0,0,Fine,Null
1755736.998,5916301.0465,910339,,518201,0,,0,2,,Null,2024/2025,DOMINION ROAD,DUNBAR ROAD,,Non-Injury Crash,No,2024,,South,,0,,Flat,,,,,,Overcast,553200,0,0,0,2,,,0,,,,,,Auckland Region,Nil,2-way,Sealed,,0,0,,50,,Off,0,0,,76,Auckland,Stop,,,,,0,0,Urban,0,,,Light rain,Null
1755624.9274,5925838.9541,910342,,509701,0,,0,1,,North,2024/2025,LAKE ROAD,GREENSLADE CRESCENT,,Minor Crash,No,2025,,North,,0,,Flat,,,,,,Overcast,362600,1,0,1,2,,,0,,,,,,Auckland Region,Nil,2-way,Sealed,,0,0,,50,,Off,0,0,30,76,Auckland,Nil,,,,,0,0,Urban,0,,,Fine,Null
1753318.6518,5933549.2094,910343,,508804,0,,0,1,,Null,2023/2024,RATHMULLEN PLACE,RATHMULLEN PLACE,,Non-Injury Crash,No,2023,,North,,0,,Hill Road,,,,,,Bright sun,180605,0,0,0,2,,,0,,,,,,Auckland Region,Nil,2-way,Sealed,,0,0,,50,,Off,0,0,,76,Auckland,Give way,,,,,1,0,Urban,0,,,Fine,Null
1733033.6717,5907672.0335,910345,45,513800,0,0,0,1,0,East,2025/2026,PIHA ROAD,WINSTONE TRACK,,Non-Injury Crash,No,2025,0,East,0,0,0,Flat,1,,0,,0,Dark,282027,0,0,0,2,0,0,0,0,0,,0,0,Auckland Region,Nil,2-way,Sealed,0,0,0,0,50,0,None,0,0,,76,Auckland,Nil,0,0,0,0,0,0,Urban,0,0,0,Fine,Null
1752718.8561,5933801.398,910349,,508701,0,0,0,2,0,Null,2025/2026,OFF ROAD - CAR PARK,,,Minor Crash,No,2026,0,East,0,0,0,Flat,0,,0,,0,Bright sun,178900,2,0,0,0,0,0,0,0,2,,0,0,Auckland Region,Nil,Off road,Sealed,0,0,0,0,10,0,Off,1,0,,76,Auckland,Nil,0,0,0,0,0,0,Urban,0,0,0,Fine,Null
1754561.6056,5930824.8502,910350,,508520,0,,0,2,,Null,2024/2025,UPPER HARBOUR HWY ON RAMP,NORTHERN MOTORWAY,,Non-Injury Crash,Yes,2025,,South,,0,,Hill Road,,,,,,Bright sun,191104,0,0,1,3,,,0,,,,,,Auckland Region,Nil,1-way,Sealed,,0,0,,100,,Off,0,1,,76,Auckland,Nil,,,,,0,0,Open,0,,,Fine,Null
1753168.0666,5914704.5211,910351,,514500,0,,0,1,,East,2025/2026,SH 20,MAIORO STREET OFF RAMP,,Non-Injury Crash,Yes,2026,,East,,0,,Null,,Christmas New Year,,,,Unknown,377302,0,0,0,3,,,0,,,,,,Auckland Region,Nil,1-way,Null,,0,0,,80,,Null,0,0,,76,Auckland,Nil,,,,,0,1,Open,0,,,Null,Null
1754914.7618,5917744.2985,910355,,517600,0,0,0,3,0,Null,2024/2025,NEW NORTH ROAD,WESTERN SPRINGS ROAD,,Non-Injury Crash,No,2024,0,East,0,0,0,Hill Road,0,,0,,0,Bright sun,533700,0,0,0,4,0,0,0,0,0,,0,0,Auckland Region,Nil,2-way,Sealed,0,0,0,0,50,0,Off,0,0,,76,Auckland,Stop,1,1,0,0,0,0,Urban,0,0,0,Fine,Null
1753338.9918,5915369.6645,910356,,517903,1,,0,0,,West,2024/2025,OWAIRAKA AVENUE,MOUNTFIELD TERRACE,,Minor Crash,No,2025,,East,,0,,Flat,,,,,,Bright sun,518000,1,0,0,2,,,0,,,,,,Auckland Region,Nil,2-way,Sealed,,0,0,,50,,Off,1,0,,76,Auckland,Nil,,,,,0,0,Urban,0,,,Fine,Null
1769885.8269,5900284.5387,910357,,524902,0,,0,2,,North,2024/2025,SOUTHERN MOTORWAY,MANUREWA-TAKANINI ON RAMP,,Non-Injury Crash,Yes,2024,,North,,0,,Flat,,,,,,Bright sun,759100,0,0,0,3,,,0,,,,,,Auckland Region,Nil,1-way,Sealed,,0,0,,100,,Null,0,0,,76,Auckland,Nil,,,,,0,0,Open,0,,,Fine,Null
1755700.3745,5924447.7818,910361,,509800,0,,0,0,,Null,2024/2025,BRUCE STREET,BELLE VUE AVENUE,,Minor Crash,No,2025,,South,,0,,Hill Road,,,,,,Bright sun,360400,1,1,0,2,,,0,,,,,,Auckland Region,Nil,2-way,Sealed,,0,0,,50,,Off,0,0,,76,Auckland,Nil,,,,,0,0,Urban,0,,,Fine,Null
1775814.8069,5881898.1066,910366,,521160,0,,0,1,,Null,2025/2026,MILL ROAD,BOMBAY OFF RAMP,,Minor Crash,No,2025,,West,,0,,Flat,,,,,,Overcast,827603,1,0,0,2,,,0,,,,,,Auckland Region,Nil,2-way,Sealed,,0,0,,60,,Null,1,0,,76,Auckland,Traffic Signals,,,,,0,0,Urban,0,,,Light rain,Null
1751757.6408,5913164.5604,910371,,514600,0,0,0,3,0,South,2024/2025,GENEVA PLACE,CLELAND CRESCENT,,Non-Injury Crash,No,2024,0,North,0,0,0,Hill Road,0,,0,,0,Bright sun,372600,0,0,0,1,0,0,0,0,1,,0,0,Auckland Region,Nil,2-way,Sealed,0,0,0,0,50,0,Off,0,0,,76,Auckland,Nil,0,0,0,0,0,0,Urban,0,0,0,Fine,Null
1763025.3145,5909157.054,910375,,524402,0,,0,0,,Null,2024/2025,KAKA STREET,TUI STREET,,Non-Injury Crash,No,2024,,West,,0,,Null,,,,,,Bright sun,749800,0,0,0,2,,,0,,,,,,Auckland Region,Nil,2-way,Null,,0,0,,50,,Null,2,0,,76,Auckland,Give way,,,,,0,0,Urban,0,,,Fine,Null
1768535.7697,5899350.553,910378,,525102,0,,0,1,,South,2023/2024,COXHEAD ROAD,MAHIA ROAD,,Non-Injury Crash,No,2023,,North,,0,,Hill Road,,Labour Weekend,,,,Bright sun,769600,0,0,0,2,,,0,,,,,,Auckland Region,Nil,2-way,Sealed,,0,0,,50,,Off,1,0,,76,Auckland,Nil,,,,,0,0,Urban,0,,,Fine,None
1758668.7304,5920002.2879,910381,,515902,0,0,0,2,0,Null,2025/2026,GARFIELD STREET,BATH STREET,,Non-Injury Crash,No,2025,0,East,0,0,0,Null,0,,0,,0,Dark,453400,0,0,0,1,0,0,0,0,1,,0,0,Auckland Region,Nil,1-way,Sealed,0,0,0,0,50,0,Null,0,0,,76,Auckland,Unknown,0,0,0,0,0,0,Urban,0,0,0,Fine,Null
1766605.939,5908340.138,910384,,523402,0,0,0,1,0,Null,2025/2026,OTARA ROAD,LAPPINGTON ROAD,,Minor Crash,No,2025,0,North,0,0,1,Hill Road,0,,1,,0,Dark,698200,1,0,0,2,0,0,0,0,0,1,0,0,Auckland Region,Nil,2-way,Sealed,0,0,0,0,50,0,On,0,0,10,76,Auckland,Nil,0,0,0,1,0,0,Urban,0,0,0,Fine,Null
1743062.0547,5918505.0302,910388,,513220,0,,0,2,,Null,2024/2025,METCALFE ROAD,POOKS ROAD,,Non-Injury Crash,No,2024,,North,,0,,Flat,,,,,,Twilight,236607,0,0,0,2,,,0,,,,,,Auckland Region,Nil,2-way,Sealed,,0,0,,50,,Off,0,0,,76,Auckland,Give way,,,,,0,0,Urban,0,,,Fine,Null