X,Y,OBJECTID,advisorySpeed,areaUnitID,bicycle,bridge,bus,carStationWagon,cliffBank,crashDirectionDescription,crashFinancialYear,crashLocation1,crashLocation2,crashRoadSideRoad,crashSeverity,crashSHDescription,crashYear,debris,directionRoleDescription,ditch,fatalCount,fence,flatHill,guardRail,holiday,houseOrBuilding,intersection,kerb,light,meshblockId,minorInjuryCount,moped,motorcycle,NumberOfLanes,objectThrownOrDropped,otherObject,otherVehicleType,overBank,parkedVehicle,pedestrian,phoneBoxEtc,postOrPole,region,roadCharacter,roadLane,roadSurface,roadworks,schoolBus,seriousInjuryCount,slipOrFlood,speedLimit,strayAnimal,streetLight,suv,taxi,temporarySpeedLimit,tlaId,tlaName,trafficControl,trafficIsland,trafficSign,train,tree,truck,unknownVehicleType,urban,vanOrUtility,vehicle,waterRiver,weatherA,weatherB
1754373.2975,5933927.0682,910391,,508804,0,,0,2,,East,2024/2025,EAST COAST ROAD,GREVILLE ROAD,,Non-Injury Crash,No,2024,,East,,0,,Flat,,,,,,Dark,180711,0,0,0,3,,,0,,,,,,Auckland Region,Nil,2-way,Sealed,,0,0,,50,,On,0,0,,76,Auckland,Nil,,,,,0,0,Urban,0,,,Light rain,Null
1750070.6148,5914436.0891,910392,,511303,0,,0,1,,Null,2025/2026,VERONICA STREET,DELTA AVENUE,,Non-Injury Crash,No,2026,,North,,0,,Null,,,,,,Overcast,265900,0,0,0,2,,,0,,,,,,Auckland Region,Nil,2-way,Sealed,,0,0,,50,,Null,0,0,,76,Auckland,Stop,,,,,0,1,Urban,0,,,Fine,Null
1765377.2637,5915439.1159,910393,35,520301,0,,0,1,,Null,2025/2026,PILKINGTON ROAD,JELLICOE ROAD,,Minor Crash,No,2025,,North,,0,,Flat,,,,,,Dark,627900,1,0,0,2,,,0,,,,,,Auckland Region,Nil,2-way,Sealed,,0,0,,50,,None,0,0,,76,Auckland,Give way,,,,,0,0,Urban,1,,,Fine,Null
1757432.0088,5920590.024,910394,,514102,0,,0,2,,Null,2025/2026,QUEEN STREET,WYNDHAM STREET,,Minor Crash,No,2025,,North,,0,,Flat,,,,,,Dark,433503,1,0,0,4,,,0,,,,,,Auckland Region,Nil,2-way,Sealed,,0,0,,30,,On,0,0,,76,Auckland,Traffic Signals,,,,,0,0,Urban,0,,,Fine,Null
1728390.5702,5936840.6723,910395,,506642,0,0,0,0,0,South,2024/2025,SH 16,OHIRANGI ROAD,,Minor Crash,Yes,2025,0,South,1,0,0,Flat,0,,0,,0,Overcast,211200,1,0,1,2,0,0,0,0,0,,0,0,Auckland Region,Nil,2-way,Sealed,0,0,0,0,100,0,None,0,0,,76,Auckland,Nil,0,0,0,0,0,0,Open,0,0,0,Light rain,Strong wind
1756056.1692,5920529.4734,910396,,514000,0,,0,1,,Null,2025/2026,COLLEGE HILL,SCOTLAND STREET,,Minor Crash,No,2026,,West,,0,,Hill Road,,,,,,Overcast,416600,1,0,1,4,,,0,,,,,,Auckland Region,Nil,2-way,Sealed,,0,0,,50,,Off,0,0,,76,Auckland,Give way,,,,,0,0,Urban,0,,,Light rain,Null
1774162.6175,5895996.9504,910398,,525510,0,0,0,2,0,West,2025/2026,SETTLEMENT ROAD,KELVIN ROAD,,Non-Injury Crash,No,2025,0,West,0,0,0,Flat,0,,0,,0,Dark,801001,0,0,0,2,0,0,0,0,1,,0,0,Auckland Region,Nil,2-way,Sealed,0,0,0,0,50,0,On,0,0,,76,Auckland,Nil,0,0,0,0,0,0,Urban,0,0,0,Fine,Null
1755378.1196,5978890.3169,910399,,506661,0,0,0,1,0,South,2024/2025,LEIGH ROAD,OMAHA VALLEY ROAD,,Non-Injury Crash,No,2024,0,North,0,0,1,Flat,0,,0,,0,Overcast,137502,0,0,0,2,0,0,0,0,0,,0,0,Auckland Region,Nil,2-way,Sealed,0,0,0,0,80,0,On,0,0,,76,Auckland,Nil,0,0,0,0,0,0,Open,0,0,0,Fine,Null
1754446.7063,5913944.7095,910401,,518802,0,,0,1,,Null,2025/2026,OFF ROAD - CAR PARK,,,Serious Crash,No,2025,,East,,0,,Flat,,,,,,Dark,579200,0,0,0,,,,0,,,1,,,Auckland Region,Speed hump,Off road,Sealed,,0,1,,,,On,0,0,,76,Auckland,Nil,,,,,0,0,Urban,0,,,Fine,Null
1760740.6639,5915458.1068,910405,,520201,0,0,0,2,0,North,2024/2025,SOUTHERN MOTORWAY,TECOMA STREET OFF RAMP,,Non-Injury Crash,Yes,2025,0,South,0,0,0,Flat,1,,0,,0,Dark,613000,0,0,0,3,0,0,0,0,0,,0,0,Auckland Region,Motorway ramp,1-way,Sealed,0,0,0,0,100,0,On,0,0,,76,Auckland,Nil,0,0,0,0,0,0,Open,0,0,0,Fine,Null
1767763.6303,5911968.4447,910407,,522920,0,,1,1,,West,2025/2026,TI RAKAU DRIVE,FREMANTLE PLACE,,Non-Injury Crash,No,2025,,West,,0,,Flat,,,,,,Bright sun,687801,0,0,0,2,,,0,,,,,,Auckland Region,Nil,1-way,Sealed,,0,0,,50,,Off,0,0,,76,Auckland,Nil,,,,,0,0,Urban,0,,,Fine,Null
1745897.0312,5913970.2688,910408,,511001,0,0,0,1,0,East,2024/2025,WEST COAST ROAD,WAIKAUKAU ROAD,,Non-Injury Crash,No,2024,0,West,0,0,0,Flat,0,,0,,0,Dark,282602,0,0,0,2,0,0,0,0,1,,0,0,Auckland Region,Nil,2-way,Sealed,0,0,0,0,50,0,On,0,0,,76,Auckland,Nil,0,0,0,0,0,0,Urban,1,0,0,Fine,Null
1766451.3206,5907711.0571,910414,,523402,0,,0,1,,Null,2025/2026,OTARA ROAD,ASHTON AVENUE,,Minor Crash,No,2026,,North,,0,,Flat,,,,,,Bright sun,699300,1,0,1,2,,,0,,,,,,Auckland Region,Nil,2-way,Sealed,,0,0,,50,,Off,0,0,,76,Auckland,Stop,,,,,0,0,Urban,0,,,Fine,Null
1754529.2743,5945026.2284,910415,,505909,0,,0,2,,West,2024/2025,WHANGAPARAOA ROAD,WIRIANA PLACE,,Non-Injury Crash,No,2025,,North,,0,,Hill Road,,,,,,Bright sun,173809,0,0,0,2,,,0,,,,,,Auckland Region,Nil,2-way,Sealed,,0,0,,50,,Off,0,0,30,76,Auckland,Nil,,,,,0,0,Urban,0,,,Fine,Null
1768968.9751,5901062.8542,910421,,524901,0,,0,1,,West,2024/2025,HALVER ROAD,KNOX ROAD,,Non-Injury Crash,No,2025,,East,,0,,Hill Road,,,,,,Bright sun,757300,0,0,0,2,,,0,,,,,,Auckland Region,Nil,2-way,Sealed,,0,0,,50,,Off,1,0,30,76,Auckland,Nil,,,,,0,0,Urban,0,,,Fine,Null
1768104.1406,5907578.6928,910423,,523602,0,,0,0,,North,2025/2026,PRESTON ROAD,GERALDINE ROAD,,Serious Crash,No,2025,,North,,0,,Flat,,,,,,Bright sun,710100,0,0,1,2,,,0,,,,,,Auckland Region,Nil,2-way,Sealed,,0,1,,50,,Off,0,0,,76,Auckland,Nil,,,,,0,0,Urban,0,,,Fine,Null
1759154.0188,5916822.7143,910426,,516001,0,0,0,2,0,North,2024/2025,SOUTHERN MOTORWAY,MARKET ROAD,,Non-Injury Crash,Yes,2024,0,South,0,0,0,Flat,1,,0,,0,Dark,491200,0,0,0,3,0,0,0,0,0,,0,0,Auckland Region,Nil,1-way,Sealed,0,0,0,0,100,0,On,0,0,,76,Auckland,Nil,0,0,0,0,0,0,Open,1,0,0,Fine,Null
1756807.0383,5920263.5596,910434,,514102,0,,0,4,,North,2025/2026,NELSON STREET,COOK STREET,,Serious Crash,No,2025,,North,,0,,Flat,,,,,,Bright sun,434103,0,0,0,5,,,0,,,,,,Auckland Region,Nil,1-way,Sealed,,0,1,,40,,Off,0,0,,76,Auckland,Nil,,,,,0,0,Urban,0,,,Fine,Null
1767095.656,5906699.4071,910436,,523601,0,,0,3,,South,2025/2026,SOUTHERN MOTORWAY,EAST TAMAKI ROAD ON RAMP,,Non-Injury Crash,Yes,2025,,South,,0,,Flat,,,,,,Bright sun,707500,0,0,0,3,,,0,,,,,,Auckland Region,Nil,1-way,Sealed,,0,0,,80,,Off,0,0,,76,Auckland,Nil,,,,,0,0,Open,0,,,Fine,Null
1755684.0616,5921247.2762,910437,,515202,0,,0,1,,South,2024/2025,NORTHERN MOTORWAY,SHELLY BEACH OBR,,Non-Injury Crash,Yes,2024,,South,,0,,Flat,,Christmas New Year,,,,Dark,425600,0,0,0,4,,,0,,,,,,Auckland Region,Nil,1-way,Sealed,,0,0,,80,,On,1,0,,76,Auckland,Nil,,,,,0,0,Open,0,,,Fine,Null
1755721.577,5916269.6282,910438,,518201,0,,0,2,,Null,2025/2026,BALMORAL ROAD,DOMINION ROAD,,Non-Injury Crash,No,2025,,North,,0,,Flat,,,,,,Twilight,552700,0,0,0,1,,,0,,,,,,Auckland Region,Nil,1-way,Sealed,,0,0,,50,,Off,0,0,,76,Auckland,Give way,,,,,0,0,Urban,0,,,Fine,Null
1766104.5482,5914322.3253,910441,,520602,0,0,0,1,0,West,2024/2025,KINGS ROAD,DUNKIRK ROAD,,Non-Injury Crash,No,2025,0,East,0,0,0,Null,0,,0,,0,Bright sun,630100,0,0,0,2,0,0,0,0,1,,0,0,Auckland Region,Nil,2-way,Sealed,0,0,0,0,50,0,Null,0,0,,76,Auckland,Nil,0,0,0,0,0,1,Urban,0,0,0,Fine,Null
1769248.5712,5880096.7432,910442,,525922,0,,1,0,,East,2025/2026,NELSON STREET,JOHN STREET,,Minor Crash,No,2025,,East,,0,,Flat,,,,,,Bright sun,823500,1,0,0,2,,,0,,,,,,Auckland Region,Nil,2-way,Sealed,,0,0,,50,,Off,0,0,,76,Auckland,Nil,,,,,1,0,Urban,0,,,Fine,Null
1767486.6535,5904848.1722,910444,,524604,0,,0,2,,South,2025/2026,GREAT SOUTH ROAD,CAVENDISH DRIVE,,Non-Injury Crash,No,2025,,North,,0,,Flat,,,,,,Bright sun,780209,0,0,0,4,,,0,,,,,,Auckland Region,Nil,1-way,Sealed,,0,0,,50,,Off,0,0,,76,Auckland,Nil,,,,,0,0,Urban,0,,,Fine,Null
1770338.3921,5911374.3603,910449,,523105,0,,0,2,,Null,2024/2025,BOTANY ROAD,TI RAKAU DRIVE,,Non-Injury Crash,No,2025,,North,,0,,Flat,,,,,,Overcast,711185,0,0,0,3,,,0,,,,,,Auckland Region,Nil,1-way,Sealed,,0,0,,60,,Off,0,0,,76,Auckland,Traffic Signals,,,,,0,0,Urban,0,,,Fine,Null
1773372.512,5897705.1518,910454,,523912,0,,0,1,,Null,2025/2026,GROVE ROAD,BATTALION DRIVE,,Minor Crash,No,2025,,North,,0,,Flat,,,,,,Overcast,765600,1,0,0,1,,,0,,,,,,Auckland Region,Nil,2-way,Sealed,,0,0,,50,,None,1,0,,76,Auckland,Give way,,,,,0,0,Urban,0,,,Light rain,Null
1752214.4682,5918019.1087,910459,,515001,0,,0,2,,East,2024/2025,NORTH-WESTERN MOTORWAY,GT NORTH OBR,,Non-Injury Crash,Yes,2025,,East,,0,,Flat,,,,,,Bright sun,392400,0,0,0,3,,,0,,,,,,Auckland Region,Nil,1-way,Sealed,,0,0,,100,,Null,0,0,,76,Auckland,Nil,,,,,0,0,Open,0,,,Fine,Null
1745979.2036,5926109.2348,910468,,513410,0,,0,2,,Null,2025/2026,BRIGHAM CREEK ROAD,BRIGHAM CREEK ROAD OFF RAMP,,Minor Crash,No,2025,,East,,0,,Flat,,,,,,Dark,223801,1,0,0,2,,,0,,,,,,Auckland Region,Nil,2-way,Sealed,,0,0,,50,,On,0,0,,76,Auckland,Give way,,,,,0,0,Urban,0,,,Light rain,Strong wind
1745456.7083,5919761.7744,910469,,513301,0,,0,0,,West,2024/2025,UNIVERSAL DRIVE,SOLJAN DRIVE,,Non-Injury Crash,No,2025,,West,,0,,Null,,,,,,Bright sun,230401,0,0,1,2,,,0,,,,,,Auckland Region,Nil,2-way,Sealed,,0,0,,50,,Null,1,0,,76,Auckland,Nil,,,,,0,0,Urban,0,,,Fine,Null
1752605.5121,5934760.9517,910477,,508701,0,,0,3,,Null,2024/2025,OTEHA VALLEY ROAD,MUNROE LANE,,Non-Injury Crash,No,2025,,West,,0,,Flat,,,,,,Bright sun,179000,0,0,0,2,,,0,,,,,,Auckland Region,Nil,1-way,Sealed,,0,0,,50,,Off,0,0,,76,Auckland,Give way,,,,,0,0,Urban,0,,,Fine,Null
1760977.8387,5919962.165,910478,,516400,0,,0,1,,Null,2023/2024,TAMAKI DRIVE,NGAPIPI ROAD,,Non-Injury Crash,No,2024,,West,,0,,Flat,,,,,,Dark,496900,0,0,0,2,,,0,,,,,,Auckland Region,Nil,2-way,Sealed,,0,0,,50,,On,0,0,,76,Auckland,Traffic Signals,,,,,0,1,Urban,0,,,Fine,None
1771778.3048,5912696.4222,910481,45,523102,0,,0,2,,North,2024/2025,WHITFORD ROAD,MERINO AVENUE,,Non-Injury Crash,No,2025,,North,,0,,Hill Road,,,,,,Dark,711005,0,0,0,2,,,0,,,,,,Auckland Region,Nil,2-way,Sealed,,0,0,,50,,On,0,0,,76,Auckland,Nil,,,,,0,0,Urban,0,,,Light rain,Null
1752788.6352,5935359.7374,910486,,508703,0,,0,1,,South,2025/2026,OTEHA VALLEY ROAD OFF RAMP,NORTHERN MOTORWAY,,Minor Crash,No,2025,,South,,0,,Hill Road,,,,,,Overcast,178509,1,0,0,1,,,0,,,,,,Auckland Region,Motorway ramp,1-way,Sealed,,0,0,,100,,Off,0,0,,76,Auckland,Nil,,,,,0,0,Open,1,,,Light rain,Null
1760129.9798,5915990.7145,910489,,516002,0,,0,1,,Null,2024/2025,GREEN LANE EAST OFF RAMP,GREEN LANE EAST,,Non-Injury Crash,No,2025,,East,,0,,Flat,,,,,,Bright sun,492100,0,0,0,1,,,0,,,,,,Auckland Region,Motorway ramp,1-way,Sealed,,0,0,,50,,Off,1,0,,76,Auckland,Give way,,,,,0,0,Urban,0,,,Fine,Null
1752203.9176,5913485.9431,910496,,514500,0,0,0,1,0,South,2024/2025,WHITNEY STREET,MULGAN STREET,,Non-Injury Crash,No,2024,0,South,0,0,0,Hill Road,0,,0,,0,Dark,374500,0,0,0,2,0,0,0,0,1,,0,0,Auckland Region,Nil,2-way,Sealed,0,0,0,0,50,0,On,0,0,30,76,Auckland,Nil,0,0,0,0,0,0,Urban,1,0,0,Fine,Null
1756123.1675,5933047.7511,910502,,507300,0,0,0,2,0,West,2024/2025,SUNRISE AVENUE,BEACH ROAD,,Non-Injury Crash,No,2025,0,West,0,0,0,Flat,0,,0,,0,Dark,153800,0,0,0,2,0,0,0,0,1,,0,0,Auckland Region,Nil,2-way,Sealed,0,0,0,0,50,0,On,0,0,,76,Auckland,Nil,0,1,0,0,0,0,Urban,0,0,0,Fine,Frost
1753773.0187,5936861.509,910505,,508900,0,0,0,1,0,North,2024/2025,GLENVAR ROAD,EAST COAST ROAD,,Non-Injury Crash,No,2024,0,North,0,0,0,Hill Road,0,,0,,0,Overcast,178308,0,0,0,2,1,0,0,0,0,,0,0,Auckland Region,Nil,2-way,Sealed,0,0,0,0,50,0,Off,0,0,,76,Auckland,Nil,0,0,0,1,0,0,Urban,0,0,0,Fine,Strong wind
1769205.6685,5899679.2039,910507,,525002,0,,0,1,,Null,2024/2025,MAHIA ROAD,CHRISTMAS ROAD,,Non-Injury Crash,No,2024,,East,,0,,Flat,,,,,,Twilight,754100,0,0,1,2,,,0,,,,,,Auckland Region,Nil,2-way,Sealed,,0,0,,50,,On,0,0,,76,Auckland,Give way,,,,,0,0,Urban,0,,,Fine,Strong wind
1749435.9924,5916103.3135,910509,,514801,0,,0,2,,Null,2024/2025,AVONDALE ROAD,HAYWARD WRIGHT LANE,,Non-Injury Crash,No,2024,,West,,0,,Flat,,,,,,Dark,388301,0,0,0,2,,,0,,,,,,Auckland Region,Nil,2-way,Sealed,,0,0,,50,,None,0,0,40,76,Auckland,Nil,,,,,0,0,Urban,0,,,Fine,Frost
1764237.4898,5909567.6201,910510,,521901,0,0,0,0,0,East,2024/2025,PARK AVENUE,QUEEN STREET,,Non-Injury Crash,No,2024,0,West,0,0,0,Hill Road,0,,1,,0,Bright sun,784600,0,0,0,1,0,0,0,0,0,,0,0,Auckland Region,Nil,1-way,Sealed,0,0,0,0,50,0,Off,1,0,,76,Auckland,Nil,0,0,0,0,0,0,Urban,0,0,0,Fine,Null
1756342.0785,5980127.306,910511,,506661,0,0,0,1,0,North,2024/2025,SCHOLLUM ROAD,LEIGH ROAD,,Non-Injury Crash,No,2024,0,South,1,0,0,Hill Road,0,Christmas New Year,0,,0,Dark,137601,0,0,0,2,0,0,0,0,0,,0,0,Auckland Region,Nil,2-way,Unsealed,0,0,0,0,40,0,None,0,0,,76,Auckland,Nil,0,0,0,0,0,0,Urban,0,0,0,Fine,Null
1764943.5766,5910681.1611,910513,,521801,0,,0,2,,North,2025/2026,SOUTHERN MOTORWAY,PRINCES ST-OTAHUHU ON RAMP,,Minor Crash,Yes,2025,,North,,0,,Flat,,,,,,Twilight,786700,1,0,0,4,,,0,,,,,,Auckland Region,Motorway ramp,1-way,Sealed,,0,0,,100,,On,0,0,,76,Auckland,Nil,,,,,0,0,Open,0,,,Fine,Null
1777048.5833,5899153.1184,910517,45,523813,0,,0,1,,North,2024/2025,MULLINS ROAD,PAPAKURA-CLEVEDON ROAD,,Minor Crash,No,2025,,South,,0,,Flat,,,,,,Bright sun,761400,3,0,0,2,,,0,,,,,,Auckland Region,Nil,2-way,Sealed,,0,0,,50,,Off,1,0,,76,Auckland,Nil,,,,,0,0,Urban,0,,,Fine,Null
1750554.3041,5949744.384,910522,,505805,0,0,0,2,0,West,2024/2025,GRAND DRIVE,CHESTERFIELD WAY,,Non-Injury Crash,No,2025,0,South,0,0,0,Null,0,,0,,0,Unknown,171707,0,0,0,1,0,0,0,0,1,,0,0,Auckland Region,Nil,1-way,Sealed,0,0,0,0,50,0,Null,0,0,,76,Auckland,Nil,0,0,0,0,0,0,Urban,0,0,0,Fine,Null
1756199.0303,5924179.4934,910523,,509800,0,,0,2,,Null,2024/2025,NORTHERN MOTORWAY,ONEWA ROAD ON RAMP,,Non-Injury Crash,Yes,2025,,South,,0,,Flat,,,,,,Bright sun,361100,0,0,0,5,,,0,,,,,,Auckland Region,Nil,1-way,Sealed,,0,0,,80,,Off,0,0,,76,Auckland,Nil,,,,,0,0,Open,0,,,Fine,Null
1732534.8821,5920262.1933,910524,,506656,0,0,0,1,0,East,2024/2025,WAIRERE ROAD,JONKERS ROAD,,Non-Injury Crash,No,2025,0,East,0,0,0,Null,0,,0,,0,Dark,219502,0,0,0,2,0,0,0,0,0,,0,0,Auckland Region,Nil,2-way,Sealed,0,0,0,0,60,0,Null,0,0,,76,Auckland,Nil,0,0,0,1,0,0,Urban,0,0,0,Light rain,Null
1739175.2024,5928657.7375,910527,,505602,0,0,0,1,0,North,2024/2025,MAIN ROAD,WEZA LANE,,Non-Injury Crash,Yes,2024,0,North,0,0,0,Flat,0,,0,,0,Bright sun,215000,0,0,0,2,0,0,0,0,0,,1,0,Auckland Region,Nil,2-way,Sealed,0,0,0,0,50,0,Off,0,0,,76,Auckland,Nil,0,0,0,0,0,0,Urban,0,0,0,Fine,Null
1758065.0731,5915205.2186,910529,,519300,0,0,0,2,0,Null,2024/2025,GARDNER ROAD,MANUKAU ROAD,,Non-Injury Crash,No,2024,0,West,0,0,0,Null,0,,0,,0,Bright sun,623600,0,0,0,2,0,0,0,0,0,,0,0,Auckland Region,Nil,2-way,Sealed,0,0,0,0,50,0,Null,0,0,,76,Auckland,Stop,0,0,0,0,0,0,Urban,0,1,0,Fine,Null
1757633.0312,5918338.9535,910536,,518101,0,,0,2,,North,2025/2026,SOUTHERN MOTORWAY,KHYBER PASS ROAD OFF RAMP,,Non-Injury Crash,Yes,2025,,North,,0,,Null,,,,,,Dark,543000,0,0,0,4,,,0,,,,,,Auckland Region,Nil,1-way,Sealed,,0,0,,80,,On,0,0,,76,Auckland,Nil,,,,,0,0,Open,0,,,Null,Null
1750871.8124,5913776.6324,910537,,514600,0,,0,3,,West,2024/2025,WOLVERTON STREET,TAYLOR STREET,,Minor Crash,No,2025,,West,,0,,Flat,,,,,,Bright sun,371800,1,0,0,4,,,0,,,,,,Auckland Region,Nil,2-way,Sealed,,0,0,,50,,Off,0,0,,76,Auckland,Nil,,,,,0,0,Urban,0,,,Fine,Null
1756406.9612,5918945.0285,910539,,515600,0,,0,0,,Null,2024/2025,NEWTON ROAD,NEWTON ROAD ON RAMP,,Minor Crash,No,2024,,North,,0,,Flat,,,,,,Bright sun,420100,1,0,0,2,,,0,,,,,,Auckland Region,Motorway ramp,2-way,Sealed,,0,0,,50,,Null,1,0,40,76,Auckland,Nil,,,,,0,0,Urban,1,,,Fine,Null
1768329.5423,5882063.5493,910542,,525910,0,,0,2,,Null,2024/2025,KAYES ROAD,MARGARITA RISE,,Minor Crash,No,2025,,South,,0,,Flat,,,,,,Dark,817901,2,0,0,2,,,0,,,,,,Auckland Region,Nil,2-way,Sealed,,0,0,,50,,On,0,0,,76,Auckland,Nil,,,,,0,0,Urban,0,,,Fine,Null
1767954.9999,5913817.9961,910546,,522820,0,,0,1,,Null,2024/2025,GLENMORE ROAD,WILLOW WAY,,Non-Injury Crash,No,2025,,South,,0,,Null,,,,,,Unknown,692202,0,0,0,3,,,0,,,,,,Auckland Region,Nil,2-way,Sealed,,0,0,,50,,Null,0,0,,76,Auckland,Give way,,,,,0,0,Urban,1,,,Fine,Null
1771241.2369,5896048.5085,910552,,525540,0,,0,1,,North,2024/2025,SOUTHERN MOTORWAY,PAPAKURA OFF RAMP,,Non-Injury Crash,Yes,2025,,South,,0,,Flat,,,,,,Bright sun,806205,0,0,0,3,,,0,,,,,,Auckland Region,Nil,1-way,Sealed,,0,0,,100,,Off,0,0,,76,Auckland,Nil,,,,,0,0,Open,1,,,Fine,Null
1782446.6645,5900634.0111,910559,45,525201,0,0,0,0,0,South,2024/2025,MONUMENT ROAD,PIONEER ROAD,,Minor Crash,No,2024,0,West,0,0,1,Hill Road,0,,0,,0,Bright sun,764000,1,0,1,2,0,0,0,0,0,,0,0,Auckland Region,Nil,2-way,Sealed,0,0,0,0,80,0,Off,0,0,,76,Auckland,Nil,0,0,0,0,0,0,Open,0,0,0,Fine,Null
1740081.9158,5928306.0048,910560,,505604,0,0,0,1,0,East,2025/2026,SH 16,OLD RAILWAY ROAD,,Non-Injury Crash,Yes,2025,0,North,1,0,0,Flat,0,,0,,0,Twilight,214501,0,0,0,2,0,0,0,0,0,,0,0,Auckland Region,Nil,2-way,Sealed,0,0,0,0,80,0,On,0,0,,76,Auckland,Nil,0,0,0,0,0,0,Open,0,0,0,Fine,Null
1759534.9999,5916348.9961,910561,,516002,0,,0,1,,South,2024/2025,SOUTHERN MOTORWAY,MARKET ROAD OFF RAMP,,Non-Injury Crash,Yes,2024,,North,,0,,Flat,,,,,,Bright sun,492000,0,0,0,3,,,0,,,,,,Auckland Region,Nil,1-way,Sealed,,0,0,,100,,Null,0,0,,76,Auckland,Nil,,,,,0,0,Open,1,,,Fine,Null
1767900.9709,5903485.5302,910562,,524602,0,,0,1,,North,2025/2026,GREAT SOUTH ROAD,KERRS ROAD,,Non-Injury Crash,No,2025,,South,,0,,Flat,,,,,,Overcast,780506,0,0,0,4,,,0,,,,,,Auckland Region,Nil,2-way,Sealed,,0,0,,50,,Off,1,0,,76,Auckland,Nil,,,,,0,0,Urban,0,,,Light rain,Strong wind
1743524.9542,5924471.2205,910564,,513410,0,0,0,1,0,North,2025/2026,MAKI STREET,KEDGLEY ROAD,,Non-Injury Crash,No,2026,0,South,0,0,0,Flat,0,,0,,0,Dark,224000,0,0,0,2,0,0,0,0,0,,0,0,Auckland Region,Nil,2-way,Sealed,0,0,0,0,50,0,On,0,0,,76,Auckland,Nil,0,0,0,1,0,0,Urban,0,0,0,Light rain,Null
1770380.9063,5898974.1671,910565,,523911,0,0,0,0,0,East,2024/2025,MANUROA ROAD,GREAT SOUTH ROAD,,Non-Injury Crash,No,2025,0,East,0,0,0,Flat,0,,0,,0,Overcast,768200,0,0,0,2,0,0,0,0,0,,0,1,Auckland Region,Nil,2-way,Sealed,0,0,0,0,50,0,Off,1,0,,76,Auckland,Nil,0,0,0,0,0,0,Urban,1,0,0,Fine,Null
1751376.8916,5914073.6072,910566,,514402,0,,0,1,,West,2025/2026,WOLVERTON STREET,LANSFORD CRESCENT,,Non-Injury Crash,No,2025,,West,,0,,Null,,,,,,Bright sun,379402,0,0,0,4,,,0,,,,,,Auckland Region,Nil,2-way,Sealed,,0,0,,50,,Null,0,0,,76,Auckland,Nil,,,,,0,0,Urban,1,,,Fine,Null
1749264.7201,5945730.4235,910572,,505806,0,,0,2,,West,2025/2026,HIBISCUS COAST HIGHWAY,BRIAN SMITH DRIVE,,Minor Crash,No,2025,,East,,0,,Flat,,,,,,Bright sun,176602,2,0,0,4,,,0,,,,,,Auckland Region,Nil,2-way,Sealed,,0,0,,60,,Off,0,0,,76,Auckland,Nil,,,,,0,0,Urban,0,,,Fine,Null
1765007.2502,5904790.7554,910574,,522100,0,0,0,1,0,Null,2025/2026,KENDERDINE ROAD,BRIDGE STREET,,Minor Crash,No,2025,0,South,0,0,1,Flat,0,,0,,0,Twilight,660100,1,0,0,2,0,0,0,0,0,,0,0,Auckland Region,Nil,2-way,Sealed,0,0,0,0,50,0,On,0,0,,76,Auckland,Give way,0,1,0,0,0,0,Urban,0,0,0,Fine,Null
1743512.3076,5925137.053,910577,,513410,0,0,0,1,0,South,2025/2026,NORTH-WESTERN MOTORWAY,BRIGHAM CREEK ROAD,,Non-Injury Crash,Yes,2025,0,South,1,0,0,Flat,0,,0,,0,Overcast,223200,0,0,0,2,0,0,0,0,0,,0,0,Auckland Region,Nil,1-way,Sealed,0,0,0,0,100,0,Off,0,0,,76,Auckland,Nil,0,0,0,0,0,0,Open,0,0,0,Light rain,Null
1762561.8202,5907339.2918,910581,,524530,0,0,0,2,0,North,2025/2026,MASSEY ROAD,YATES ROAD,,Non-Injury Crash,No,2025,0,South,0,0,0,Flat,0,,0,,0,Dark,733000,0,0,0,2,0,0,0,0,0,,0,0,Auckland Region,Nil,2-way,Sealed,0,0,0,0,50,0,On,0,0,,76,Auckland,Nil,1,0,0,0,0,0,Urban,0,0,0,Fine,Null
1743917.8902,5921547.2839,910582,,513631,0,,0,1,,West,2024/2025,ARLETTE PLACE,LINCOLN PARK AVENUE,,Non-Injury Crash,No,2025,,South,,0,,Null,,,,,,Bright sun,227406,0,0,0,2,,,0,,,,,,Auckland Region,Nil,2-way,Sealed,,0,0,,50,,Null,0,1,,76,Auckland,Nil,,,,,0,0,Urban,0,,,Fine,Null
1753547.4092,5914444.2382,910590,,518801,0,,0,1,,Null,2023/2024,MAIORO STREET,MAIORO STREET OFF RAMP,,Non-Injury Crash,No,2024,,North,,0,,Flat,,,,,,Twilight,578500,0,0,0,3,,,0,,,,,,Auckland Region,Overpass,1-way,Sealed,,0,0,,50,,On,0,0,,76,Auckland,Traffic Signals,,,,,0,0,Urban,0,,,Fine,Null
1757881.9919,5944695.3256,910593,,505902,0,0,0,1,0,West,2025/2026,WHANGAPARAOA ROAD,WALBROOK ROAD,,Non-Injury Crash,No,2025,0,East,0,0,0,Flat,0,Christmas New Year,0,,0,Bright sun,174409,0,0,0,2,0,0,0,0,1,,0,0,Auckland Region,Nil,2-way,Sealed,0,0,0,0,50,0,Off,1,0,,76,Auckland,Nil,0,0,0,0,0,0,Urban,0,0,0,Fine,Null