X,Y,OBJECTID,advisorySpeed,areaUnitID,bicycle,bridge,bus,carStationWagon,cliffBank,crashDirectionDescription,crashFinancialYear,crashLocation1,crashLocation2,crashRoadSideRoad,crashSeverity,crashSHDescription,crashYear,debris,directionRoleDescription,ditch,fatalCount,fence,flatHill,guardRail,holiday,houseOrBuilding,intersection,kerb,light,meshblockId,minorInjuryCount,moped,motorcycle,NumberOfLanes,objectThrownOrDropped,otherObject,otherVehicleType,overBank,parkedVehicle,pedestrian,phoneBoxEtc,postOrPole,region,roadCharacter,roadLane,roadSurface,roadworks,schoolBus,seriousInjuryCount,slipOrFlood,speedLimit,strayAnimal,streetLight,suv,taxi,temporarySpeedLimit,tlaId,tlaName,trafficControl,trafficIsland,trafficSign,train,tree,truck,unknownVehicleType,urban,vanOrUtility,vehicle,waterRiver,weatherA,weatherB
1763879.1283,5912591.2013,910595,,520500,0,,0,2,,Null,2024/2025,MOUNT WELLINGTON HIGHWAY,MOUNT WELLINGTON HWY OFF RAMP,,Non-Injury Crash,No,2025,,North,,0,,Flat,,,,,,Twilight,637400,0,0,0,3,,,0,,,,,,Auckland Region,Motorway ramp,1-way,Sealed,,0,0,,50,,On,0,0,,76,Auckland,Traffic Signals,,,,,0,0,Urban,0,,,Fine,Null
1764068.4989,5905357.4518,910596,,524303,0,0,0,0,0,North,2025/2026,SUMNER STREET,HILLSIDE ROAD,,Minor Crash,No,2025,0,South,0,0,0,Hill Road,0,,0,,0,Dark,658100,1,0,0,2,0,0,0,0,1,,0,0,Auckland Region,Nil,2-way,Sealed,0,0,0,0,50,0,On,1,0,,76,Auckland,Nil,0,0,0,0,1,0,Urban,0,0,0,Fine,Null
1765523.8673,5904497.0176,910599,,524603,0,0,0,2,0,South,2024/2025,SEDDON AVENUE,RANFURLY ROAD,,Minor Crash,No,2025,0,North,0,0,0,Flat,0,,0,,0,Bright sun,673800,1,0,0,2,0,0,0,0,1,,0,0,Auckland Region,Nil,2-way,Sealed,0,0,0,0,50,0,Off,0,0,,76,Auckland,Nil,0,0,0,0,0,0,Urban,0,0,0,Fine,Null
1754141.4358,5914235.4951,910608,,518802,0,,0,2,,North,2024/2025,STODDARD ROAD,DENNY AVENUE,,Non-Injury Crash,No,2025,,North,,0,,Flat,,,,,,Dark,579000,0,0,0,2,,,0,,,,,,Auckland Region,Nil,2-way,Sealed,,0,0,,50,,On,0,0,,76,Auckland,Nil,,,,,0,0,Urban,0,,,Fine,Null
1753099.5224,5919946.0928,910609,,515100,0,0,0,2,0,South,2024/2025,LEMINGTON ROAD,GARNET ROAD,,Non-Injury Crash,No,2024,0,West,0,0,0,Flat,0,,0,,0,Dark,400000,0,0,0,2,0,0,0,0,1,,0,0,Auckland Region,Nil,2-way,Sealed,0,0,0,0,50,0,On,0,0,,76,Auckland,Nil,0,0,0,0,0,0,Urban,0,0,0,Fine,Null
1755702.269,5928098.62,910613,,507900,0,,0,1,,Null,2024/2025,CHERRY LANE,PORANA ROAD,,Non-Injury Crash,No,2024,,North,,0,,Flat,,,,,,Overcast,305201,0,0,0,2,,,0,,,,,,Auckland Region,Speed hump,2-way,Sealed,,0,0,,50,,Null,1,0,,76,Auckland,Give way,,,,,0,0,Urban,0,,,Fine,Null
1761070.4885,5914364.9146,910618,,520202,0,,0,2,,Null,2024/2025,GREAT SOUTH ROAD,ELLERSLIE-PANMURE HIGHWAY,,Non-Injury Crash,No,2025,,South,,0,,Flat,,,,,,Dark,612300,0,0,0,4,,,0,,,,,,Auckland Region,Nil,2-way,Sealed,,0,0,,50,,On,0,0,,76,Auckland,Give way,,,,,0,0,Urban,0,,,Fine,Null
1768749.5069,5904556.9534,910620,,523722,0,,0,1,,Null,2024/2025,HOLLYFORD DRIVE,REDOUBT ROAD,,Non-Injury Crash,No,2025,,South,,0,,Null,,,,,,Overcast,715909,0,0,0,4,,,0,,,,,,Auckland Region,Nil,2-way,Sealed,,0,0,,50,,Null,0,0,,76,Auckland,Traffic Signals,,,,,1,0,Urban,0,,,Fine,Null
1751570.0905,5915247.933,910625,,514401,0,,0,1,,Null,2024/2025,NEW NORTH ROAD,ST JUDE STREET,,Minor Crash,No,2025,,West,,0,,Flat,,,,,,Dark,380001,1,0,1,4,,,0,,,,,,Auckland Region,Nil,2-way,Sealed,,0,0,,50,,On,0,0,,76,Auckland,Traffic Signals,,,,,0,0,Urban,0,,,Fine,Null
1768456.8891,5903372.7373,910628,,523820,0,,0,3,,North,2025/2026,SOUTHERN MOTORWAY,SOUTH-WESTERN MOTORWAY,,Non-Injury Crash,Yes,2025,,South,,0,,Flat,,,,,,Twilight,760120,0,0,0,3,,,0,,,,,,Auckland Region,Nil,1-way,Sealed,,0,0,,100,,Off,0,0,,76,Auckland,Nil,,,,,0,0,Open,0,,,Fine,Null
1744062.687,5920987.2031,910639,,513631,0,0,0,1,0,East,2024/2025,WAIMUMU ROAD,ZITA MARIA DRIVE,,Non-Injury Crash,No,2025,0,East,0,0,0,Null,0,,0,,0,Overcast,227704,0,0,0,2,0,0,0,0,1,,0,0,Auckland Region,Nil,2-way,Sealed,0,0,0,0,50,0,Null,0,0,,76,Auckland,Nil,0,0,0,0,0,1,Urban,0,0,0,Fine,Null
1740690.1362,5928739.1556,910644,,505604,0,0,0,2,0,Null,2024/2025,OLD NORTH ROAD,OLD RAILWAY ROAD,,Minor Crash,No,2025,0,North,0,0,1,Flat,0,,0,,0,Bright sun,214501,2,0,0,2,0,0,0,0,0,,0,0,Auckland Region,Nil,2-way,Sealed,0,0,0,0,80,0,Off,0,0,,76,Auckland,Stop,0,0,0,1,0,0,Open,0,0,0,Fine,Null
1752223.0733,5876707.3197,910646,,521151,0,0,0,1,0,South,2024/2025,AWHITU ROAD,MILLBROOK DRIVE,,Non-Injury Crash,No,2025,0,South,0,0,1,Flat,0,,0,,0,Overcast,831500,0,0,0,2,0,0,0,0,0,,0,1,Auckland Region,Nil,2-way,Sealed,0,0,0,0,50,0,None,0,0,,76,Auckland,Nil,0,0,0,0,0,0,Urban,0,0,0,Fine,Null
1731262.5178,5908978.9951,910650,,513800,0,,0,1,,South,2024/2025,SEAVIEW ROAD,BEACH VALLEY ROAD,,Non-Injury Crash,No,2024,,South,,0,,Hill Road,,,,,,Dark,282013,0,0,0,1,,,0,,,,,,Auckland Region,Nil,2-way,Sealed,,0,0,,50,,None,0,0,,76,Auckland,Nil,,,,,0,0,Urban,0,,,Fine,Null
1751586.5697,5914774.1079,910662,,514402,0,,0,1,,Null,2023/2024,NEW WINDSOR ROAD,BLOCKHOUSE BAY ROAD,,Non-Injury Crash,No,2024,,West,,0,,Flat,,,,,,Unknown,380503,0,0,0,2,,,0,,,,,,Auckland Region,Nil,2-way,Sealed,,0,0,,50,,Off,1,0,,76,Auckland,Traffic Signals,,,,,0,0,Urban,0,,,Light rain,None
1769380.7679,5900039.1761,910667,,525002,0,,0,2,,North,2024/2025,GREAT SOUTH ROAD,LOVELY LANE,,Non-Injury Crash,No,2025,,South,,0,,Flat,,,,,,Dark,753900,0,0,0,2,,,0,,,,,,Auckland Region,Nil,2-way,Sealed,,0,0,,50,,On,0,0,,76,Auckland,Nil,,,,,0,0,Urban,0,,,Fine,Null
1769394.7719,5916279.3894,910668,,522730,0,,0,2,,Null,2023/2024,PIGEON MOUNTAIN ROAD,PRINCE REGENT DRIVE,,Non-Injury Crash,No,2024,,South,,0,,Hill Road,,,,,,Dark,678900,0,0,0,2,,,0,,,,,,Auckland Region,Nil,2-way,Sealed,,0,0,,50,,On,0,0,,76,Auckland,Stop,,,,,0,0,Urban,0,,,Fine,Null
1761325.3725,5919614.1833,910671,,516400,1,,0,0,,North,2025/2026,NGAPIPI ROAD,PARITAI DRIVE,,Serious Crash,No,2025,,East,,0,,Hill Road,,,,,,Overcast,496900,0,0,0,2,,,0,,,,,,Auckland Region,Nil,2-way,Sealed,,0,1,,50,,Off,0,0,,76,Auckland,Nil,,,,,1,0,Urban,0,,,Fine,Null
1764787.1831,5912241.8851,910676,,520500,0,,0,2,,Null,2024/2025,CARBINE ROAD,GABADOR PLACE,,Minor Crash,No,2024,,North,,0,,Flat,,,,,,Overcast,639300,1,0,0,2,,,0,,,,,,Auckland Region,Nil,2-way,Sealed,,0,0,,50,,On,0,0,,76,Auckland,Nil,,,,,0,0,Urban,0,,,Fine,Null
1764039.0282,5908926.6297,910677,,521901,0,0,0,3,0,West,2025/2026,MANGERE ROAD,PIKI THOMPSON WAY,,Non-Injury Crash,No,2025,0,West,0,0,0,Flat,0,,0,,0,Dark,785100,0,0,0,2,0,0,0,0,1,,0,0,Auckland Region,Nil,2-way,Sealed,0,0,0,0,50,0,On,0,0,,76,Auckland,Nil,0,0,0,0,0,0,Urban,1,0,0,Fine,Null
1757271.6951,5918899.6087,910681,,514301,0,,0,0,,North,2025/2026,SOUTHERN MOTORWAY,GRAFTON OBR,,Non-Injury Crash,Yes,2025,,North,,0,,Flat,,,,,,Bright sun,441600,0,0,0,3,,,0,,,,,,Auckland Region,Nil,1-way,Unsealed,,0,0,,80,,Off,0,0,,76,Auckland,Nil,,,,,0,0,Open,2,,,Fine,Null
1752108.4312,5938282.4853,910683,,506300,0,,0,1,,South,2025/2026,NORTHERN MOTORWAY,WRIGHT OBR,,Serious Crash,Yes,2025,,North,,0,,Flat,,,,,,Bright sun,176101,0,0,1,2,,,0,,,,,,Auckland Region,Nil,1-way,Sealed,,0,1,,100,,Off,0,0,,76,Auckland,Nil,,,,,0,0,Open,0,,,Fine,Null
1756164.2867,5924040.6078,910686,,509800,0,,0,4,,North,2024/2025,NORTHERN MOTORWAY,WEIGH BRIDGE,,Non-Injury Crash,Yes,2025,,South,,0,,Flat,,Queens Birthday,,,,Dark,361100,0,0,0,5,,,0,,,,,,Auckland Region,Motorway ramp,1-way,Sealed,,0,0,,80,,On,0,0,70,76,Auckland,Nil,,,,,0,0,Open,0,,,Fine,Null
1772999.0383,5891089.2885,910688,,521301,0,0,0,1,0,South,2024/2025,SOUTHERN MOTORWAY,GREAT SOUTH ROAD ON RAMP,,Non-Injury Crash,Yes,2025,0,South,0,0,0,Flat,1,,0,,0,Twilight,809006,0,0,0,3,0,0,0,0,0,,0,0,Auckland Region,Nil,1-way,Sealed,0,0,0,0,100,0,Off,0,0,,76,Auckland,Nil,0,0,0,0,0,0,Open,0,0,0,Light rain,Null
1769090.1619,5881358.1221,910689,,525910,0,,0,2,,Null,2025/2026,STADIUM DRIVE,HALL STREET,,Non-Injury Crash,No,2026,,West,,0,,Flat,,,,,,Bright sun,818600,0,0,0,2,,,0,,,,,,Auckland Region,Nil,2-way,Sealed,,0,0,,50,,Off,1,0,,76,Auckland,Give way,,,,,0,0,Urban,0,,,Fine,Null
1769839.4193,5906160.8912,910690,,523712,0,,0,2,,Null,2024/2025,DONEGAL PARK DRIVE,BROADHURST ROAD,,Non-Injury Crash,No,2025,,North,,0,,Flat,,,,,,Bright sun,713201,0,0,0,2,,,0,,,,,,Auckland Region,Nil,2-way,Sealed,,0,0,,50,,Off,0,0,,76,Auckland,Give way,,,,,0,0,Urban,0,,,Fine,Null
1753415.2069,5914741.5693,910695,,518801,0,,0,2,,West,2024/2025,STODDARD ROAD,DENIZE ROAD,,Non-Injury Crash,No,2025,,East,,0,,Flat,,,,,,Overcast,578400,0,0,0,2,,,0,,,,,,Auckland Region,Nil,2-way,Sealed,,0,0,,50,,None,0,0,40,76,Auckland,Nil,,,,,0,0,Urban,0,,,Light rain,Null
1757794.5471,5918208.0614,910699,,515700,0,,0,2,,East,2024/2025,SOUTHERN MOTORWAY,MOUNTAIN OBR,,Non-Injury Crash,Yes,2024,,South,,0,,Flat,,,,,,Bright sun,443200,0,0,0,5,,,0,,,,,,Auckland Region,Nil,1-way,Sealed,,0,0,,80,,Off,0,0,,76,Auckland,Nil,,,,,0,0,Open,0,,,Fine,Null
1751360.6195,5950607.9892,910710,,505805,0,0,0,3,0,North,2024/2025,HIBISCUS COAST HIGHWAY,NOEL AVENUE,,Non-Injury Crash,No,2024,0,North,0,0,1,Flat,0,,0,,0,Dark,171202,0,0,0,2,0,0,0,0,1,,0,0,Auckland Region,Nil,2-way,Sealed,0,0,0,0,50,0,On,0,0,,76,Auckland,Nil,0,0,0,0,0,0,Urban,0,0,0,Fine,Null
1752204.542,5912799.1963,910711,,514700,0,,0,2,,South,2024/2025,WHITNEY STREET,TERRY STREET,,Non-Injury Crash,No,2024,,South,,0,,Flat,,,,,,Bright sun,370400,0,0,0,2,,,0,,,,,,Auckland Region,Nil,2-way,Sealed,,0,0,,50,,Off,0,0,,76,Auckland,Nil,,,,,0,0,Urban,0,,,Fine,Null
1758210.4726,5909636.6085,910720,,524002,0,,0,1,,Null,2025/2026,WALLACE ROAD,MUIR AVENUE,,Non-Injury Crash,No,2025,,South,,0,,Flat,,,,,,Overcast,723000,0,0,0,2,,,0,,,,,,Auckland Region,Nil,2-way,Sealed,,0,0,,50,,Off,1,0,,76,Auckland,Give way,,,,,0,0,Urban,0,,,Fine,Null
1762476.5198,5913184.7983,910721,,520402,0,,0,2,,South,2024/2025,SOUTHERN MOTORWAY,PENROSE OBR,,Non-Injury Crash,Yes,2024,,South,,0,,Flat,,,,,,Dark,642400,0,0,0,4,,,0,,,,,,Auckland Region,Nil,1-way,Sealed,,0,0,,100,,On,0,0,,76,Auckland,Nil,,,,,0,0,Open,0,,,Fine,Null
1748053.7297,5933087.5812,910723,,509000,0,0,0,0,0,South,2024/2025,RIDGE ROAD,GLENMORE ROAD,,Non-Injury Crash,No,2024,0,South,0,0,1,Hill Road,0,,0,,0,Dark,179308,0,0,0,2,0,0,0,0,0,,0,1,Auckland Region,Nil,2-way,Sealed,0,0,0,0,80,0,None,0,0,,76,Auckland,Nil,0,1,0,0,0,0,Open,1,0,0,Light rain,Null
1754729.0183,5915576.8908,910724,,517702,1,,0,0,,Null,2024/2025,SANDRINGHAM ROAD,LAMBETH ROAD,,Serious Crash,No,2024,,South,,0,,Flat,,,,,,Bright sun,541600,0,0,0,2,,,0,,,,,,Auckland Region,Nil,2-way,Sealed,,0,1,,50,,Off,1,0,,76,Auckland,Give way,,,,,0,0,Urban,0,,,Fine,Null
1756437.0171,5927780.5243,910725,,507900,0,,0,2,,Null,2024/2025,TAHAROTO ROAD,SHAKESPEARE ROAD,,Non-Injury Crash,No,2025,,North,,0,,Null,,,,,,Unknown,305202,0,0,0,4,,,0,,,,,,Auckland Region,Nil,2-way,Sealed,,0,0,,50,,Null,0,0,,76,Auckland,Traffic Signals,,,,,0,0,Urban,0,,,Fine,Null
1756454.9355,5912842.9035,910726,,518701,0,0,0,1,0,West,2023/2024,HILLSBOROUGH ROAD ON RAMP,HILLSBOROUGH ROAD,,Non-Injury Crash,No,2024,0,West,0,0,0,Hill Road,1,,0,,0,Dark,572100,0,0,0,1,0,0,0,0,0,,0,0,Auckland Region,Motorway ramp,1-way,Sealed,0,0,0,0,100,0,On,0,0,,76,Auckland,Nil,0,0,0,0,0,0,Open,0,0,0,Fine,Null
1759075.7835,5916653.136,910727,,519200,0,,0,2,,Null,2024/2025,GREAT SOUTH ROAD,MARKET ROAD,,Non-Injury Crash,No,2025,,North,,0,,Flat,,,,,,Bright sun,615000,0,0,0,4,,,0,,,,,,Auckland Region,Nil,2-way,Sealed,,0,0,,50,,Off,0,0,,76,Auckland,Traffic Signals,,,,,0,0,Urban,0,,,Fine,Null
1768040.1191,5903254.8693,910731,,524602,0,,0,2,,West,2025/2026,KERRS ROAD,GREAT SOUTH ROAD,,Non-Injury Crash,No,2025,,West,,0,,Flat,,,,,,Overcast,780407,0,0,0,2,,,0,,,,,,Auckland Region,Nil,2-way,Sealed,,0,0,,50,,Off,0,0,,76,Auckland,Nil,,,,,0,0,Urban,0,,,Fine,Null
1768328.9787,5901300.9626,910732,,525001,0,,0,2,,South,2023/2024,MAICH ROAD,CORIN AVENUE,,Non-Injury Crash,No,2023,,North,,0,,Flat,,,,,,Twilight,751500,0,0,0,2,,,0,,,,,,Auckland Region,Nil,2-way,Sealed,,0,0,,50,,On,0,0,,76,Auckland,Nil,,,,,0,0,Urban,0,,,Light rain,None
1754809.7906,5914151.0271,910733,,518803,0,,0,2,,North,2025/2026,MAY ROAD,DENNY AVENUE,,Non-Injury Crash,No,2025,,South,,0,,Flat,,,,,,Bright sun,580200,0,0,0,2,,,0,,,,,,Auckland Region,Nil,2-way,Sealed,,0,0,,50,,Null,0,0,,76,Auckland,Nil,,,,,0,0,Urban,0,,,Fine,Null
1771077.8051,5914124.0023,910741,,521602,0,0,0,2,0,West,2024/2025,UNION ROAD,PEGLER DRIVE,,Non-Injury Crash,No,2025,0,West,0,0,0,Hill Road,0,,0,,0,Dark,648100,0,0,0,2,0,0,0,0,1,,0,0,Auckland Region,Nil,2-way,Sealed,0,0,0,0,50,0,On,0,0,,76,Auckland,Nil,0,0,0,0,0,0,Urban,1,0,0,Fine,Null
1756532.6881,5920022.123,910748,,514000,0,,0,0,,North,2024/2025,NORTHERN TO NORTH-WESTERN LINK,WELLINGTON OBR,,Minor Crash,Yes,2024,,South,,0,,Hill Road,,,,,,Overcast,417400,1,0,1,2,,,0,,,,,,Auckland Region,Motorway ramp,1-way,Sealed,,0,0,,80,,On,0,0,,76,Auckland,Nil,,,,,0,0,Open,0,,,Light rain,Null
1774882.7043,5897244.1447,910749,,525610,0,,0,1,,North,2024/2025,DOMINION ROAD,CARGILL STREET,,Minor Crash,No,2024,,North,,0,,Flat,,,,,,Dark,799400,1,0,0,2,,,0,,,,,,Auckland Region,Nil,2-way,Sealed,,0,0,,50,,On,0,0,,76,Auckland,Nil,,,,,1,0,Urban,0,,,Light rain,Null
1772843.9081,5895520.0314,910751,,525410,0,,0,1,,North,2024/2025,SETTLEMENT ROAD,LIVERPOOL STREET,,Minor Crash,No,2024,,West,,0,,Flat,,,,,,Twilight,793400,1,0,0,2,,,0,,,,,,Auckland Region,Nil,2-way,Sealed,,0,0,,50,,Off,0,0,,76,Auckland,Nil,,,,,1,0,Urban,0,,,Mist or Fog,Frost
1744413.525,5920894.8042,910752,,513631,0,0,0,3,0,Null,2025/2026,WAIMUMU ROAD,CROMPTON ROAD,,Non-Injury Crash,No,2025,0,West,0,0,1,Hill Road,0,,0,,0,Dark,227803,0,0,0,2,0,0,0,0,1,,0,0,Auckland Region,Nil,2-way,Sealed,0,0,0,0,50,0,On,0,0,,76,Auckland,Give way,0,0,0,0,0,0,Urban,1,0,0,Fine,Null
1742704.2316,5902682.1707,910754,,513800,0,0,0,1,0,South,2025/2026,CORNWALLIS ROAD,FIREBREAK ROAD,,Minor Crash,No,2026,0,South,0,0,0,Hill Road,0,,0,,0,Bright sun,303101,1,0,0,2,0,0,0,1,0,,0,0,Auckland Region,Nil,2-way,Sealed,0,0,0,0,40,0,Off,0,0,,76,Auckland,Nil,0,0,0,0,0,0,Urban,0,0,0,Fine,Null
1766990.9645,5917671.6353,910759,,517002,0,0,0,3,0,North,2023/2024,LEYBOURNE CIRCLE,MANSFIELD STREET,,Non-Injury Crash,No,2024,0,South,0,0,0,Hill Road,0,,0,,0,Dark,472700,0,0,0,2,0,0,0,0,2,2,0,0,Auckland Region,Nil,2-way,Sealed,0,0,0,0,50,0,On,0,0,,76,Auckland,Nil,0,0,0,0,0,0,Urban,0,0,0,Light rain,Strong wind
1747278.3848,5919575.541,910761,,512402,0,0,0,1,0,Null,2023/2024,TE ATATU ROAD,TE ATATU ROAD ON RAMP,,Non-Injury Crash,No,2024,0,North,0,0,0,Flat,0,,0,,0,Overcast,253700,0,0,0,5,0,0,0,0,0,,0,0,Auckland Region,Overpass,2-way,Sealed,0,0,0,0,50,0,Off,0,0,,76,Auckland,Traffic Signals,0,1,0,0,0,0,Urban,0,0,0,Fine,Null
1755387.8878,5935100.6587,910762,,507101,0,,0,1,,North,2025/2026,GLENCOE ROAD,NIGEL ROAD,,Minor Crash,No,2025,,North,,0,,Hill Road,,,,,,Bright sun,161900,1,0,1,2,,,0,,,,,,Auckland Region,Nil,2-way,Sealed,,0,0,,50,,None,0,0,,76,Auckland,Nil,,,,,0,0,Urban,0,,,Fine,Null
1764234.5343,5904092.7701,910766,,524604,0,,0,1,,South,2025/2026,SOUTH-WESTERN MOTORWAY,PUHINUI OBR,,Non-Injury Crash,Yes,2025,,South,,0,,Null,,,,,,Bright sun,781100,0,0,0,2,,,0,,,,,,Auckland Region,Nil,1-way,Sealed,,0,0,,100,,Null,0,0,,76,Auckland,Nil,,,,,1,0,Open,0,,,Fine,Null
1767923.1143,5903910.0397,910767,,524602,0,,0,1,,East,2025/2026,AIRPORT OFF RAMP,GREAT SOUTH OBR,,Non-Injury Crash,Yes,2025,,West,,0,,Flat,,,,,,Bright sun,780506,0,0,0,2,,,0,,,,,,Auckland Region,Nil,1-way,Sealed,,0,0,,100,,Off,0,0,,76,Auckland,Nil,,,,,1,0,Open,0,,,Fine,Null
1745387.6583,5920393.8417,910777,,513301,1,,0,1,,Null,2024/2025,LINCOLN ROAD,TRIANGLE ROAD,,Non-Injury Crash,No,2024,,South,,0,,Null,,,,,,Unknown,231700,1,0,0,2,,,0,,,,,,Auckland Region,Nil,2-way,Sealed,,0,0,,50,,Null,0,0,,76,Auckland,Traffic Signals,,,,,0,0,Urban,0,,,Null,Null
1741729.0951,5965548.7305,910780,,506613,0,0,0,1,0,North,2024/2025,WOODCOCKS ROAD,KAPONGA LANE,,Non-Injury Crash,No,2024,0,South,1,0,0,Hill Road,0,,0,,0,Bright sun,145900,0,0,0,2,0,0,0,0,0,,0,0,Auckland Region,Nil,2-way,Sealed,0,0,0,0,100,0,None,0,0,,76,Auckland,Nil,0,0,0,1,0,0,Open,0,0,0,Fine,Null
1783786.6036,5914586.1522,910781,,525201,0,0,0,1,1,North,2024/2025,MARAETAI COAST ROAD,NORTH ROAD,,Minor Crash,No,2025,0,North,0,0,0,Flat,0,,0,,0,Overcast,762600,1,0,0,2,0,0,0,0,0,,0,1,Auckland Region,Nil,2-way,Sealed,0,0,0,0,50,0,None,0,0,,76,Auckland,Nil,0,0,0,0,0,0,Urban,0,0,0,Fine,Null
1749580.459,5914235.0745,910782,,511301,0,,0,2,,South,2023/2024,RATA STREET,CASPIAN CLOSE,,Non-Injury Crash,No,2024,,North,,0,,Flat,,,,,,Overcast,267602,0,0,0,4,,,0,,,,,,Auckland Region,Nil,2-way,Sealed,,0,0,,50,,Off,0,0,,76,Auckland,Nil,,,,,0,0,Urban,0,,,Fine,Null
1765755.9999,5901142.9961,910785,,524821,0,,0,1,,Null,2022/2023,ROSCOMMON ROAD,FINLAYSON AVENUE ,,Non-Injury Crash,No,2023,,Null,,0,,Flat,,,,,,Dark,774403,0,0,0,2,,,0,,,,,,Auckland Region,Nil,2-way,Sealed,,0,0,,50,,On,1,0,,76,Auckland,Nil,,,,,0,0,Urban,0,,,Fine,None
1766897.502,5918002.0841,910787,,516900,0,0,0,0,0,West,2024/2025,WEST TAMAKI ROAD,COURTLAND AVENUE,,Minor Crash,No,2025,0,West,0,0,1,Flat,0,,0,,0,Dark,468900,1,0,0,2,0,0,0,0,0,,0,0,Auckland Region,Nil,2-way,Sealed,0,0,0,0,50,0,On,0,0,,76,Auckland,Nil,0,0,0,1,0,0,Urban,1,0,0,Light rain,Null
1769277.053,5907472.3152,910789,,523711,0,,0,2,,West,2024/2025,ORMISTON ROAD,TE IRIRANGI DRIVE,,Non-Injury Crash,No,2024,,East,,0,,Flat,,,,,,Bright sun,712304,0,0,0,4,,,0,,,,,,Auckland Region,Nil,2-way,Sealed,,0,0,,50,,Off,0,0,,76,Auckland,Nil,,,,,0,0,Urban,0,,,Fine,Null
1754199.1291,5913299.2619,910792,,518802,0,,0,1,,South,2024/2025,MAY ROAD,MARION AVENUE,,Minor Crash,No,2025,,North,,0,,Null,,,,,,Overcast,579500,1,0,0,2,,,0,,,,,,Auckland Region,Nil,2-way,Sealed,,0,0,,50,,Null,0,0,,76,Auckland,Nil,,,,,0,0,Urban,1,,,Fine,Null
1758996.9557,5911365.358,910793,,519820,0,,0,2,,Null,2023/2024,ONEHUNGA HARBOUR ROAD OFF RAMP,SOUTH-WESTERN MOTORWAY,,Non-Injury Crash,No,2024,,North,,0,,Hill Road,,,,,,Twilight,602402,0,0,0,3,,,0,,,,,,Auckland Region,Nil,1-way,Sealed,,0,0,,100,,On,0,0,,76,Auckland,Nil,,,,,0,0,Open,0,,,Light rain,Strong wind
1758099.6643,5915491.8807,910794,,515801,0,,0,2,,Null,2024/2025,GREEN LANE WEST,MANUKAU ROAD,,Non-Injury Crash,No,2025,,East,,0,,Flat,,,,,,Dark,447300,0,0,0,2,,,0,,,,,,Auckland Region,Nil,1-way,Sealed,,0,0,,50,,On,0,0,,76,Auckland,Traffic Signals,,,,,0,0,Urban,0,,,Fine,Null
1749861.7333,5914622.8727,910795,,511303,0,,0,1,,Null,2023/2024,RATA STREET,BINSTED ROAD,,Non-Injury Crash,No,2024,,North,,0,,Flat,,,,,,Overcast,266401,0,0,0,4,,,0,,,,,,Auckland Region,Nil,2-way,Sealed,,0,0,,50,,On,0,0,,76,Auckland,Traffic Signals,,,,,0,1,Urban,0,,,Fine,None
1757567.8457,5919129.0685,910799,,514302,1,,0,1,,West,2024/2025,PARK ROAD,SEAFIELD VIEW ROAD,,Non-Injury Crash,No,2024,,West,,0,,Null,,,,,,Bright sun,442800,0,0,0,2,,,0,,,,,,Auckland Region,Nil,2-way,Sealed,,0,0,,50,,Null,0,0,,76,Auckland,Nil,,,,,0,0,Urban,0,,,Fine,Null
1771925.5954,5911509.3466,910800,,523110,0,0,0,2,0,South,2024/2025,POINT VIEW DRIVE,SANTA CRUZ DRIVE,,Non-Injury Crash,No,2024,0,North,0,0,0,Flat,0,,0,,0,Dark,711171,0,0,0,2,0,0,0,0,1,,0,1,Auckland Region,Nil,2-way,Sealed,0,0,0,0,50,0,Null,0,0,,76,Auckland,Nil,0,0,0,0,0,0,Urban,0,0,0,Null,Null
1764142.1232,5910402.4581,910801,,521801,0,,0,2,,East,2022/2023,LUKE STREET,CHURCH STREET,,Non-Injury Crash,No,2023,,East,,0,,Flat,,,,,,Bright sun,786801,0,0,0,2,,,0,,,,,,Auckland Region,Nil,2-way,Sealed,,0,0,,30,,None,0,0,,76,Auckland,Nil,,,,,0,0,Urban,0,,,Fine,None
1767008.7323,5901745.3921,910804,,524720,0,0,0,5,0,North,2024/2025,GLOUCESTER ROAD,BERKELEY ROAD,,Minor Crash,No,2025,0,South,0,0,1,Flat,0,,0,,0,Dark,777800,1,0,0,2,0,0,0,0,0,,0,0,Auckland Region,Nil,2-way,Sealed,0,0,0,0,50,0,On,0,0,,76,Auckland,Nil,0,0,0,0,0,0,Urban,0,0,0,Fine,Null
1769338.151,5905147.3625,910807,45,523722,0,,0,2,,Null,2023/2024,HILLTOP ROAD,ASPIRING AVENUE,,Non-Injury Crash,No,2024,,North,,0,,Hill Road,,,,,,Overcast,716101,0,0,0,2,,,0,,,,,,Auckland Region,Nil,2-way,Sealed,,0,0,,50,,None,0,0,,76,Auckland,Give way,,,,,0,0,Urban,0,,,Fine,None
1769895.9501,5899865.4531,910808,,523817,0,,0,2,,North,2025/2026,SOUTHERN MOTORWAY,PAPAKURA STM BR,,Non-Injury Crash,Yes,2025,,North,,0,,Flat,,,,,,Dark,759739,0,0,0,3,,,0,,,,,,Auckland Region,Nil,1-way,Sealed,,0,0,,100,,On,0,0,,76,Auckland,Nil,,,,,1,0,Open,0,,,Fine,Null