X,Y,OBJECTID,advisorySpeed,areaUnitID,bicycle,bridge,bus,carStationWagon,cliffBank,crashDirectionDescription,crashFinancialYear,crashLocation1,crashLocation2,crashRoadSideRoad,crashSeverity,crashSHDescription,crashYear,debris,directionRoleDescription,ditch,fatalCount,fence,flatHill,guardRail,holiday,houseOrBuilding,intersection,kerb,light,meshblockId,minorInjuryCount,moped,motorcycle,NumberOfLanes,objectThrownOrDropped,otherObject,otherVehicleType,overBank,parkedVehicle,pedestrian,phoneBoxEtc,postOrPole,region,roadCharacter,roadLane,roadSurface,roadworks,schoolBus,seriousInjuryCount,slipOrFlood,speedLimit,strayAnimal,streetLight,suv,taxi,temporarySpeedLimit,tlaId,tlaName,trafficControl,trafficIsland,trafficSign,train,tree,truck,unknownVehicleType,urban,vanOrUtility,vehicle,waterRiver,weatherA,weatherB
1756944.5095,5925209.067,910811,,509702,0,,0,1,,North,2024/2025,NORTHERN MOTORWAY,EXMOUTH FTBR,,Minor Crash,Yes,2025,,South,,0,,Flat,,,,,,Dark,366000,1,0,1,3,,,0,,,,,,Auckland Region,Nil,1-way,Sealed,,0,0,,100,,On,0,0,,76,Auckland,Nil,,,,,0,0,Open,0,,,Fine,Null
1771934.5672,5902749.3881,910813,,523818,0,0,0,1,0,East,2024/2025,MILL ROAD,POLO PRINCE DRIVE,,Non-Injury Crash,No,2024,1,South,0,0,0,Flat,0,,0,,0,Dark,760904,0,0,0,2,0,0,0,0,0,,0,0,Auckland Region,Nil,2-way,Sealed,0,0,0,0,60,0,None,0,0,,76,Auckland,Nil,0,0,0,0,0,0,Urban,0,0,0,Fine,Null
1756668.9599,5919895.9944,910816,,514102,0,,0,2,,Null,2022/2023,NELSON STREET OFF RAMP,NELSON STREET,,Non-Injury Crash,No,2023,,North,,0,,Flat,,,,,,Bright sun,435500,0,0,0,2,,,0,,,,,,Auckland Region,Nil,2-way,Sealed,,0,0,,50,,Off,0,1,,76,Auckland,Traffic Signals,,,,,0,0,Urban,0,,,Fine,None
1743489.128,5924862.3516,910818,,513410,0,0,0,1,0,Null,2025/2026,OFF ROAD COSTCO CARPARK,,,Minor Crash,No,2025,0,West,0,0,0,Hill Road,0,,0,,0,Bright sun,224000,1,0,0,,0,0,0,0,0,,0,1,Auckland Region,Nil,Off road,Sealed,0,0,0,0,30,0,Off,0,0,,76,Auckland,Nil,0,0,0,0,0,0,Urban,0,0,0,Fine,Null
1757361.6428,5918813.6163,910822,,514302,0,0,0,1,0,East,2025/2026,SOUTHERN MOTORWAY,GRAFTON OBR,,Minor Crash,Yes,2025,0,North,0,0,0,Hill Road,1,,0,,0,Dark,441700,1,0,0,3,0,0,0,0,0,,0,0,Auckland Region,Nil,1-way,Sealed,0,0,0,0,80,0,On,0,0,,76,Auckland,Nil,0,0,0,0,0,0,Open,0,0,0,Fine,Null
1757730.566,5917663.8541,910823,,515700,0,0,0,1,0,North,2025/2026,MOUNTAIN ROAD,GLENFELL PLACE,,Non-Injury Crash,No,2025,0,North,0,0,0,Hill Road,0,,0,,0,Overcast,444100,0,0,0,2,0,1,0,0,0,,0,0,Auckland Region,Nil,2-way,Sealed,0,0,0,0,50,0,Off,0,0,,76,Auckland,Nil,0,0,0,0,1,0,Urban,0,0,0,Heavy rain,Null
1763141.3603,5908010.3084,910827,35,524301,0,,0,0,,Null,2024/2025,MASSEY ROAD,GRAY AVENUE,,Non-Injury Crash,No,2024,,South,,0,,Flat,,,,,,Bright sun,748900,0,0,0,1,,,0,,,,,,Auckland Region,Nil,1-way,Sealed,,0,0,,50,,Off,2,0,,76,Auckland,Give way,,,,,0,0,Urban,0,,,Fine,Null
1761756.1293,5914024.9784,910828,,520202,0,,0,1,,East,2025/2026,SOUTHERN MOTORWAY,ELLERSLIE-PANMURE HWY OFF RAMP,,Non-Injury Crash,Yes,2025,,West,,0,,Null,,,,,,Dark,612300,0,0,0,3,,,0,,,,,,Auckland Region,Nil,1-way,Sealed,,0,0,,100,,On,1,0,,76,Auckland,Nil,,,,,0,0,Open,0,,,Light rain,Strong wind
1740719.2127,5927536.3417,910832,,513701,1,,0,0,,Null,2025/2026,SH 16,TAUPAKI ROAD,,Minor Crash,Yes,2025,,West,,0,,Flat,,,,,,Overcast,220200,1,0,0,2,,,0,,,,,,Auckland Region,Nil,1-way,Sealed,,0,0,,80,,Off,0,0,,76,Auckland,Give way,,,,,0,0,Open,1,,,Fine,Null
1767983.7053,5905619.6256,910835,,523721,0,0,0,2,0,East,2024/2025,BOUNDARY ROAD,ISRAEL AVENUE,,Non-Injury Crash,No,2025,0,East,0,0,0,Flat,0,,0,,0,Dark,715507,0,0,0,2,0,0,0,0,1,,0,0,Auckland Region,Nil,2-way,Sealed,0,0,0,0,50,0,On,0,0,,76,Auckland,Nil,0,0,0,0,0,0,Urban,0,0,0,Fine,Null
1764701.7718,5911515.1297,910839,,520500,0,,0,1,,South,2024/2025,SOUTHERN MOTORWAY,PANAMA OBR,,Non-Injury Crash,Yes,2024,,North,,0,,Hill Road,,,,,,Overcast,636200,0,0,0,3,,,0,,,,,,Auckland Region,Nil,1-way,Sealed,,0,0,,100,,None,1,0,,76,Auckland,Nil,,,,,0,0,Open,1,,,Fine,Null
1759723.8312,5906297.5153,910840,,524200,0,,0,2,,West,2025/2026,KIRKBRIDE ROAD,NAYLORS DRIVE,,Minor Crash,No,2025,,West,,0,,Flat,,,,,,Bright sun,727901,2,0,0,2,,,0,,,,,,Auckland Region,Nil,2-way,Sealed,,0,0,,50,,Off,0,0,,76,Auckland,Nil,,,,,0,0,Urban,0,,,Fine,Null
1766804.9562,5899965.0163,910844,,524713,0,0,0,0,0,West,2025/2026,WEYMOUTH ROAD,ANTALYA PLACE,,Non-Injury Crash,No,2026,0,West,0,0,0,Flat,0,,0,,0,Dark,775805,0,0,0,2,0,0,0,0,0,,0,1,Auckland Region,Nil,2-way,Sealed,0,0,0,0,50,0,On,1,0,,76,Auckland,Nil,0,0,0,0,0,0,Urban,0,0,0,Fine,Null
1770240.902,5917701.6989,910849,,522601,0,,0,1,,West,2025/2026,EASTERN BEACH ROAD,VIVIAN WILSON DRIVE,,Non-Injury Crash,No,2025,,East,,0,,Null,,Labour Weekend,,,,Bright sun,676500,0,0,0,2,,,0,,,,,,Auckland Region,Nil,2-way,Sealed,,0,0,,50,,Null,0,0,,76,Auckland,Nil,,,,,0,1,Urban,0,,,Fine,Null
1753694.4903,5914357.3616,910851,85,518801,0,0,0,1,0,East,2025/2026,MAIORO STREET ON RAMP,MAIORO STREET,,Non-Injury Crash,No,2025,0,East,0,0,0,Flat,0,,0,,0,Dark,578500,0,0,0,2,0,0,0,0,0,,0,0,Auckland Region,Motorway ramp,1-way,Sealed,0,0,0,0,100,0,On,0,0,,76,Auckland,Nil,0,0,0,0,0,0,Open,0,0,0,Fine,Null
1763236.9655,5908213.5477,910852,,524402,0,,0,0,,South,2024/2025,MASSEY ROAD,SAVILL DRIVE,,Non-Injury Crash,No,2024,,North,,0,,Null,,,,,,Bright sun,750000,0,0,0,4,,,0,,,,,,Auckland Region,Nil,2-way,Sealed,,0,0,,50,,Off,1,0,,76,Auckland,Nil,,,,,1,0,Urban,0,,,Fine,Null
1773374.8344,5907896.3397,910854,,523202,0,0,0,1,0,Null,2024/2025,ORMISTON ROAD,CALDWELLS ROAD EAST,,Non-Injury Crash,No,2024,0,North,0,0,1,Flat,0,,0,,0,Dark,712227,0,0,0,3,0,0,0,0,0,,0,0,Auckland Region,Nil,2-way,Sealed,1,0,0,0,80,0,None,0,0,,76,Auckland,Nil,0,0,0,0,0,0,Open,0,0,0,Mist or Fog,Frost
1757457.1188,5911982.8441,910857,,519810,0,0,0,2,0,Null,2025/2026,SEACLIFFE ROAD,BAMFIELD PLACE,,Minor Crash,No,2025,0,North,0,0,0,Flat,0,,0,,0,Bright sun,597300,2,0,0,2,0,1,0,0,1,,0,0,Auckland Region,Nil,2-way,Sealed,0,0,0,0,50,0,Off,0,0,,76,Auckland,Nil,0,0,0,1,0,0,Urban,0,0,0,Fine,Null
1747005.2416,5915698.1154,910859,,511601,0,0,0,2,0,North,2025/2026,FELGROVE STREET,THORNLOW STREET,,Non-Injury Crash,No,2025,0,South,0,0,0,Flat,0,,0,,0,Bright sun,275900,0,0,0,2,0,0,0,0,1,,0,0,Auckland Region,Nil,2-way,Sealed,0,0,0,0,50,0,Null,0,0,,76,Auckland,Nil,0,0,0,0,0,0,Urban,0,0,0,Fine,Null
1758821.9947,5917244.2215,910860,,516001,0,,0,2,,North,2023/2024,SOUTHERN MOTORWAY,DILWORTH FTBR,,Non-Injury Crash,Yes,2024,,North,,0,,Flat,,,,,,Overcast,491000,0,0,0,3,,,0,,,,,,Auckland Region,Nil,1-way,Sealed,,0,0,,80,,Null,0,0,,76,Auckland,Nil,,,,,0,0,Open,0,,,Fine,Frost
1756509.0555,5920938.9775,910871,,514101,0,,0,1,,East,2025/2026,GAUNT STREET,DALDY STREET,,Minor Crash,No,2025,,East,,0,,Flat,,,,,,Bright sun,432400,1,0,0,2,,,0,,,1,,,Auckland Region,Nil,2-way,Sealed,,0,0,,30,,Null,0,0,,76,Auckland,Nil,,,,,0,0,Urban,0,,,Fine,Null
1751008.0252,5947390.9953,910875,,505807,0,0,0,1,0,South,2025/2026,HIBISCUS COAST HIGHWAY,RIDGEVIEW CLOSE,,Non-Injury Crash,No,2025,0,North,0,0,0,Flat,0,,0,,0,Bright sun,172605,0,0,0,2,0,1,0,0,0,,0,0,Auckland Region,Nil,2-way,Sealed,0,0,0,0,60,0,Off,0,0,,76,Auckland,Nil,0,0,0,1,0,0,Urban,0,0,0,Fine,Null
1757384.5143,5920408.5105,910880,,514102,0,,0,1,,Null,2024/2025,QUEEN STREET,VICTORIA STREET EAST,,Non-Injury Crash,No,2024,,North,,0,,Null,,,,,,Bright sun,434000,0,0,1,4,,,0,,,,,,Auckland Region,Nil,2-way,Null,,0,0,,30,,Null,0,0,,76,Auckland,Traffic Signals,,,,,0,0,Urban,0,,,Fine,Null
1755782.4726,5928486.1543,910881,,507900,0,,0,0,,South,2024/2025,NORTHERN MOTORWAY,TRISTRAM AVENUE ON RAMP,,Non-Injury Crash,Yes,2024,,South,,0,,Flat,,,,,,Bright sun,307000,0,0,0,3,,,0,,,,,,Auckland Region,Nil,1-way,Sealed,,0,0,,100,,Off,1,0,,76,Auckland,Nil,,,,,1,0,Open,0,,,Fine,Null
1742433.3442,5926470.744,910882,,513410,0,,0,2,,Null,2025/2026,SH 16,FRED TAYLOR DRIVE,,Non-Injury Crash,Yes,2026,,North,,0,,Flat,,,,,,Bright sun,223100,0,0,0,2,,,0,,,,,,Auckland Region,Nil,1-way,Sealed,,0,0,,80,,Off,0,0,,76,Auckland,Give way,,,,,0,0,Open,0,,,Fine,Null
1754929.1999,5929996.4794,910884,,508420,0,0,0,1,0,South,2025/2026,SUNNYNOOK ROAD,TOTARAVALE DRIVE,,Non-Injury Crash,No,2025,0,East,0,0,0,Flat,0,,0,,0,Dark,183800,0,0,0,2,0,0,0,0,0,,1,0,Auckland Region,Nil,2-way,Sealed,0,0,0,0,50,0,On,0,0,,76,Auckland,Nil,0,0,0,0,0,0,Urban,0,0,0,Fine,Null
1771442.252,5911000.3131,910889,,523110,0,0,0,1,0,North,2024/2025,WESTERHAM DRIVE,DRUMQUIN RISE,,Non-Injury Crash,No,2025,0,North,0,0,0,Flat,0,,0,,0,Bright sun,712007,0,0,0,2,0,0,0,0,1,,0,0,Auckland Region,Nil,2-way,Sealed,0,0,0,0,50,0,Null,0,0,,76,Auckland,Nil,0,0,0,0,0,0,Urban,1,0,0,Fine,Null
1759482.7204,5925475.5505,910895,,508110,0,,0,1,,North,2024/2025,LAKE ROAD,WINSCOMBE STREET,,Minor Crash,No,2025,,North,,0,,Flat,,Queens Birthday,,,,Overcast,319200,1,0,0,2,,,0,,,,,,Auckland Region,Nil,2-way,Sealed,,0,0,,50,,Off,0,0,,76,Auckland,Nil,,,,,1,0,Urban,0,,,Fine,Null
1758565.0937,5918564.3353,910899,,517400,0,,0,2,,South,2024/2025,BROADWAY,DAVIS CRESCENT,,Non-Injury Crash,No,2025,,South,,0,,Null,,,,,,Unknown,451000,0,0,0,2,,,0,,,,,,Auckland Region,Nil,2-way,Sealed,,0,0,,50,,Null,0,0,,76,Auckland,Nil,,,,,0,0,Urban,0,,,Fine,Null
1751186.0732,5914839.6883,910900,,514401,0,,0,2,,Null,2024/2025,ST GEORGES ROAD,CHALMERS STREET,,Non-Injury Crash,No,2024,,South,,0,,Flat,,,,,,Bright sun,382800,0,0,0,2,,,0,,,,,,Auckland Region,Nil,2-way,Sealed,,0,0,,50,,Off,0,0,,76,Auckland,Give way,,,,,0,0,Urban,0,,,Fine,Null
1754026.9658,5917474.1378,910903,,517600,0,0,0,2,0,West,2024/2025,MALVERN ROAD,PARK GATE AVENUE,,Non-Injury Crash,No,2025,0,East,0,0,0,Flat,0,,0,,0,Dark,534002,0,0,0,2,0,0,0,0,1,,0,0,Auckland Region,Nil,2-way,Sealed,0,0,0,0,50,0,None,0,0,,76,Auckland,Nil,0,0,0,0,0,0,Urban,0,0,0,Fine,Null
1756842.0768,5918829.9409,910908,,514200,0,,0,1,,East,2025/2026,NEWTON ROAD,EXMOUTH STREET,,Non-Injury Crash,No,2025,,East,,0,,Null,,,,,,Bright sun,412401,0,0,0,4,,,0,,,,,,Auckland Region,Nil,2-way,Sealed,,0,0,,50,,Null,0,0,,76,Auckland,Nil,,,,,1,0,Urban,0,,,Fine,Null
1751873.1986,5934680.4965,910909,,508701,0,,0,1,,South,2024/2025,GILLS ROAD,LIVING STREAM ROAD,,Non-Injury Crash,No,2024,,South,,0,,Hill Road,,,,,,Overcast,178409,0,0,0,2,,,0,,,,,,Auckland Region,Nil,2-way,Sealed,,0,0,,50,,Off,0,0,,76,Auckland,Nil,,,,,0,0,Urban,0,,,Fine,Null
1744864.6499,5921291.2757,910911,,513631,0,,0,2,,North,2024/2025,NORTH-WESTERN MOTORWAY,HURUHURU OBR,,Non-Injury Crash,Yes,2024,,North,,0,,Null,,,,,,Bright sun,227801,0,0,0,2,,,0,,,,,,Auckland Region,Nil,1-way,Sealed,,0,0,,100,,Off,0,0,,76,Auckland,Nil,,,,,0,0,Open,0,,,Fine,Null
1750435.269,5913013.2105,910913,,511402,0,0,0,2,0,West,2024/2025,LINKS ROAD,KOROWHA PLACE,,Minor Crash,No,2025,0,East,0,0,0,Hill Road,0,Queens Birthday,0,,0,Dark,260500,1,0,0,2,0,0,0,0,1,,0,0,Auckland Region,Nil,2-way,Sealed,0,0,0,0,50,0,On,0,0,,76,Auckland,Nil,0,0,0,0,0,0,Urban,0,0,0,Fine,Null
1749219.1583,5914069.5132,910917,,511302,0,0,0,2,0,North,2024/2025,NIKAU STREET,GREAT NORTH ROAD,,Non-Injury Crash,No,2024,0,South,0,0,0,Flat,0,,0,,0,Bright sun,268700,0,0,0,2,0,0,0,0,1,,0,0,Auckland Region,Nil,2-way,Sealed,0,0,0,0,30,0,Null,0,0,,76,Auckland,Nil,0,0,0,0,0,0,Urban,0,0,0,Fine,Null
1780606.2408,5926399.4635,910920,,520801,0,0,0,2,0,South,2025/2026,TETLEY ROAD,SURFDALE ROAD,,Non-Injury Crash,No,2026,0,South,0,0,0,Hill Road,0,,0,,0,Twilight,516603,0,0,0,2,0,0,0,0,1,,0,0,Auckland Region,Nil,2-way,Sealed,0,0,0,0,30,0,Off,0,0,,76,Auckland,Nil,0,0,0,0,0,0,Urban,0,0,0,Light rain,Null
1755729.056,5928612.3571,910921,,508510,0,,0,2,,North,2024/2025,TRISTRAM AVENUE ON RAMP,NORTHERN MOTORWAY,,Non-Injury Crash,No,2024,,South,,0,,Flat,,,,,,Bright sun,195700,0,0,0,1,,,0,,,,,,Auckland Region,Motorway ramp,1-way,Sealed,,0,0,,100,,Off,0,0,,76,Auckland,Nil,,,,,0,0,Open,0,,,Fine,Null
1756343.775,5927319.6935,910926,,507900,0,,0,3,,South,2025/2026,NORTHERN MOTORWAY,NORTHCOTE ROAD OFF RAMP,,Minor Crash,Yes,2025,,South,,0,,Flat,,,,,,Bright sun,305202,2,0,0,3,,,0,,,,,,Auckland Region,Nil,1-way,Sealed,,0,0,,100,,Off,0,0,,76,Auckland,Nil,,,,,0,0,Open,0,,,Fine,Null
1765413.1575,5914518.0108,910927,,520602,0,,0,2,,West,2025/2026,QUEENS ROAD,KINGS ROAD,,Non-Injury Crash,No,2025,,South,,0,,Flat,,,,,,Bright sun,628800,0,0,0,2,,,0,,,,,,Auckland Region,Nil,2-way,Sealed,,0,0,,50,,Off,0,0,,76,Auckland,Nil,,,,,0,0,Urban,0,,,Fine,Null
1771868.6091,5898049.9226,910936,,523912,0,0,0,2,0,North,2024/2025,ARION ROAD,WALTERS ROAD,,Non-Injury Crash,No,2025,0,North,0,0,0,Flat,0,,0,,0,Dark,767400,0,0,0,2,0,0,0,0,0,,0,0,Auckland Region,Nil,2-way,Sealed,0,0,0,0,50,0,On,0,0,,76,Auckland,Nil,0,0,0,0,0,0,Urban,0,1,0,Light rain,Null
1766135.3739,5915887.8936,910938,,517100,0,,0,1,,Null,2024/2025,TRIPOLI ROAD,TUAKIRI STREET,,Non-Injury Crash,No,2024,,North,,0,,Flat,,,,,,Overcast,479700,0,0,0,2,,,0,,,,,,Auckland Region,Nil,2-way,Sealed,,0,0,,50,,None,0,0,,76,Auckland,Give way,,,,,1,0,Urban,0,,,Fine,Null
1768662.224,5909096.3199,910940,,523113,0,,0,2,,Null,2025/2026,LADY RUBY DRIVE,SIR WILLIAM AVENUE,,Non-Injury Crash,No,2025,,West,,0,,Flat,,,,,,Bright sun,711801,0,0,0,2,,,0,,,,,,Auckland Region,Nil,2-way,Sealed,,0,0,,60,,Off,0,0,,76,Auckland,Give way,,,,,0,0,Urban,0,,,Fine,Null
1754198.0853,5918875.8957,910942,,515431,0,,0,2,,Null,2025/2026,SURREY CRESCENT,OLD MILL ROAD,,Non-Injury Crash,No,2025,,West,,0,,Null,,,,,,Unknown,403300,0,0,0,2,,,0,,,,,,Auckland Region,Nil,2-way,Null,,0,0,,50,,Null,0,0,,76,Auckland,Give way,,,,,0,0,Urban,0,,,Null,Null
1757194.2399,5918701.3095,910951,,514301,0,,0,1,,Null,2024/2025,KHYBER PASS ROAD,MADEIRA PLACE,,Non-Injury Crash,No,2024,,East,,0,,Flat,,,,,,Bright sun,441506,0,0,1,4,,,0,,,,,,Auckland Region,Nil,2-way,Sealed,,0,0,,50,,Off,0,0,,76,Auckland,Nil,,,,,0,0,Urban,0,,,Fine,Null
1757792.8524,5918184.3269,910954,,515700,0,,0,5,,South,2023/2024,SOUTHERN MOTORWAY,MOUNTAIN OBR,,Non-Injury Crash,Yes,2024,,North,,0,,Flat,,,,,,Dark,443600,0,0,0,5,,,0,,,,,,Auckland Region,Motorway ramp,1-way,Sealed,,0,0,,80,,On,0,0,,76,Auckland,Nil,,,,,0,0,Open,0,,,Light rain,Null
1756740.0802,5919853.7551,910956,,514102,0,0,0,2,1,Null,2024/2025,HOBSON STREET ON RAMP,PITT STREET,,Non-Injury Crash,No,2024,0,South,0,0,0,Flat,0,,0,,0,Overcast,435500,0,0,0,4,0,0,0,0,0,,0,0,Auckland Region,Motorway ramp,1-way,Sealed,0,0,0,0,40,0,On,0,0,,76,Auckland,Traffic Signals,0,0,0,1,0,0,Urban,0,0,0,Light rain,Null
1759053.1413,5911849.2403,910958,,519820,0,,0,2,,North,2024/2025,ONEHUNGA MALL,NEILSON STREET,,Non-Injury Crash,No,2025,,North,,0,,Flat,,,,,,Overcast,602401,0,0,0,2,,,0,,,,,,Auckland Region,Nil,2-way,Sealed,,0,0,,50,,Off,0,0,,76,Auckland,Nil,,,,,0,0,Urban,0,,,Light rain,Null
1757798.6002,5920804.0924,910959,,514103,0,,0,1,,West,2025/2026,CUSTOMS STREET EAST,FORT STREET,,Non-Injury Crash,No,2025,,East,,0,,Null,,,,,,Bright sun,438104,0,0,0,2,,,0,,,,,,Auckland Region,Nil,2-way,Sealed,,0,0,,30,,Null,0,0,,76,Auckland,Nil,,,,,0,0,Urban,1,,,Fine,Null
1745998.9461,5912580.3919,910963,,511001,0,0,0,1,0,Null,2025/2026,GLENGARRY ROAD,GLENGARRY ROAD,,Serious Crash,No,2025,0,West,0,0,0,Hill Road,0,,0,,0,Dark,282900,0,0,0,2,0,0,0,0,0,,0,1,Auckland Region,Speed hump,2-way,Sealed,0,0,1,0,50,0,On,0,0,,76,Auckland,Give way,0,0,0,0,0,0,Urban,0,0,0,Fine,Null
1750496.3983,5969296.9621,910964,,505500,0,0,0,1,0,East,2025/2026,WILSON ROAD,PULHAM ROAD,,Non-Injury Crash,No,2025,0,East,0,0,0,Hill Road,0,,0,,0,Overcast,141400,0,0,0,2,0,0,0,0,0,,0,1,Auckland Region,Nil,2-way,Unsealed,0,0,0,0,40,0,Off,0,0,,76,Auckland,Nil,0,0,0,0,0,0,Urban,0,0,0,Fine,Null
1760629.2242,5924425.6348,910965,,509300,0,0,0,1,0,North,2025/2026,OLD LAKE ROAD,SEABREEZE ROAD,,Non-Injury Crash,No,2025,0,South,0,0,0,Hill Road,1,,0,,0,Overcast,339002,0,0,0,1,0,0,0,0,0,,0,0,Auckland Region,Nil,1-way,Unsealed,0,0,0,0,50,0,Off,0,0,,76,Auckland,Nil,0,0,0,0,0,0,Urban,0,0,0,Fine,Null
1758257.8815,5920187.6514,910976,,514103,0,,0,2,,Null,2025/2026,STANLEY STREET,BEACH ROAD,,Non-Injury Crash,Yes,2025,,North,,0,,Null,,,,,,Dark,438203,0,0,0,2,,,0,,,,,,Auckland Region,Nil,1-way,Sealed,,0,0,,50,,On,0,0,,76,Auckland,Traffic Signals,,,,,0,0,Urban,0,,,Light rain,Null
1765876.4678,5904384.5211,910980,,524603,0,,0,1,,Null,2025/2026,CAVENDISH DRIVE,PLUNKET AVENUE,,Non-Injury Crash,No,2025,,East,,0,,Flat,,,,,,Bright sun,674000,0,0,0,5,,,0,,,,,,Auckland Region,Nil,2-way,Sealed,,0,0,,60,,Off,1,0,,76,Auckland,Traffic Signals,,,,,1,0,Urban,0,,,Fine,Null
1766815.66,5904006.509,910981,,524604,0,0,0,1,0,Null,2025/2026,MANUKAU STATION ROAD,LAMBIE DRIVE,,Non-Injury Crash,No,2025,0,West,0,0,0,Null,0,,0,,0,Bright sun,780209,0,0,0,1,0,0,0,0,0,,0,0,Auckland Region,Nil,1-way,Sealed,0,0,0,0,50,0,Null,0,0,,76,Auckland,Give way,0,1,0,0,0,0,Urban,0,0,0,Fine,Null
1771552.6634,5897950.9746,910985,,523912,0,,0,1,,Null,2025/2026,OFF ROAD - CAR PARK,,,Minor Crash,No,2025,,South,,0,,Flat,,Christmas New Year,,,,Bright sun,765700,1,0,0,,,,0,,,1,,,Auckland Region,Nil,Off road,Sealed,,0,0,,,,Off,0,0,,76,Auckland,Nil,,,,,0,0,Urban,0,,,Fine,Null
1750120.3761,5940563.8811,910989,,506300,0,0,0,1,0,North,2025/2026,NORTHERN MOTORWAY,BAWDEN OBR,,Non-Injury Crash,Yes,2025,0,South,0,0,0,Flat,1,,0,,0,Dark,175902,0,0,0,2,0,0,0,0,0,,0,0,Auckland Region,Nil,1-way,Sealed,0,0,0,0,100,0,None,0,0,,76,Auckland,Nil,0,0,0,0,0,0,Open,0,0,0,Heavy rain,Strong wind
1756322.5069,5920541.3561,910991,,514102,0,,0,2,,Null,2024/2025,VICTORIA STREET WEST,UNION STREET,,Non-Injury Crash,No,2024,,East,,0,,Flat,,,,,,Overcast,432700,0,0,0,2,,,0,,,,,,Auckland Region,Nil,2-way,Sealed,,0,0,,50,,Null,0,0,,76,Auckland,Traffic Signals,,,,,0,0,Urban,0,,,Null,Null
1746762.5562,5918819.88,910993,,512401,0,,0,2,,South,2024/2025,EDMONTON ROAD,TE ATATU ROAD,,Non-Injury Crash,No,2024,,West,,0,,Flat,,,,,,Bright sun,255500,0,0,0,2,,,0,,,,,,Auckland Region,Nil,2-way,Sealed,,0,0,,50,,Null,0,0,,76,Auckland,Nil,,,,,0,0,Urban,0,,,Fine,Null
1745685.9798,5916487.9558,910994,,510800,0,0,0,2,0,North,2025/2026,NEWINGTON ROAD,VIEW ROAD,,Non-Injury Crash,No,2025,0,South,0,0,0,Flat,0,,0,,0,Overcast,243300,0,0,0,2,0,0,0,0,1,,0,0,Auckland Region,Nil,2-way,Sealed,0,0,0,0,50,0,Off,0,0,,76,Auckland,Nil,0,0,0,0,0,0,Urban,0,0,0,Fine,Null
1767639.8911,5912533.5465,910997,,522910,0,0,0,2,0,South,2025/2026,UDYS ROAD,PARKVIEW PLACE,,Minor Crash,No,2025,0,South,0,0,0,Flat,0,,0,,0,Overcast,686600,1,0,0,2,0,0,0,0,1,,0,0,Auckland Region,Nil,2-way,Sealed,0,0,0,0,50,0,Off,1,0,,76,Auckland,Nil,0,0,0,0,0,0,Urban,0,0,0,Fine,Null
1752113.9238,5918483.6407,910999,,515001,0,0,0,2,0,West,2024/2025,SMALE STREET,POINT CHEVALIER ROAD,,Non-Injury Crash,No,2025,0,West,0,0,0,Flat,0,,0,,0,Dark,392800,0,0,0,2,0,0,0,0,1,,0,0,Auckland Region,Nil,2-way,Sealed,0,0,0,0,30,0,On,0,0,,76,Auckland,Nil,0,0,0,0,0,0,Urban,0,0,0,Fine,Null
1756830.2014,5927089.9137,911002,,507900,0,,0,1,,South,2023/2024,KARAKA STREET,TAHAROTO ROAD,,Non-Injury Crash,No,2023,,North,,0,,Flat,,,,,,Overcast,303700,0,0,0,2,,,0,,,,,,Auckland Region,Nil,2-way,Sealed,,0,0,,50,,Off,0,0,,76,Auckland,Nil,,,,,1,0,Urban,0,,,Fine,Null
1767937.133,5906905.1543,911005,,523711,0,,0,0,,South,2024/2025,PRESTON ROAD,FERGUSON ROAD,,Non-Injury Crash,No,2024,,West,,0,,Null,,,,,,Unknown,714400,0,0,0,2,,,0,,,,,,Auckland Region,Nil,2-way,Sealed,,0,0,,50,,Null,0,0,,76,Auckland,Nil,,,,,0,1,Urban,0,,,Null,Null
1766428.2303,5905246.3938,911009,,524603,0,0,0,1,0,Null,2025/2026,PUHINUI ROAD,CARRUTH ROAD,,Minor Crash,No,2025,0,East,0,0,0,Flat,0,,0,,0,Dark,674300,1,0,0,2,0,0,0,0,0,,0,0,Auckland Region,Nil,2-way,Sealed,0,0,0,0,50,0,On,0,0,,76,Auckland,Traffic Signals,0,1,0,0,0,0,Urban,0,0,0,Fine,Null
1747733.4328,5913483.6437,911018,,511100,0,,0,1,,Null,2024/2025,WEST COAST ROAD,PLEASANT ROAD,,Non-Injury Crash,No,2025,,West,,0,,Hill Road,,,,,,Overcast,286100,0,0,0,3,,,0,,,,,,Auckland Region,Nil,2-way,Sealed,,0,0,,50,,Off,0,0,,76,Auckland,Stop,,,,,0,0,Urban,1,,,Light rain,Null
1769206.1901,5914451.2521,911022,,522721,0,,0,1,,Null,2024/2025,PAKURANGA ROAD,FORTUNES ROAD,,Non-Injury Crash,No,2024,,East,,0,,Null,,,,,,Bright sun,681211,0,0,0,6,,,0,,,,,,Auckland Region,Nil,2-way,Sealed,,0,0,,50,,Off,0,0,,76,Auckland,Traffic Signals,,,,,1,0,Urban,0,,,Fine,Null