X,Y,OBJECTID,advisorySpeed,areaUnitID,bicycle,bridge,bus,carStationWagon,cliffBank,crashDirectionDescription,crashFinancialYear,crashLocation1,crashLocation2,crashRoadSideRoad,crashSeverity,crashSHDescription,crashYear,debris,directionRoleDescription,ditch,fatalCount,fence,flatHill,guardRail,holiday,houseOrBuilding,intersection,kerb,light,meshblockId,minorInjuryCount,moped,motorcycle,NumberOfLanes,objectThrownOrDropped,otherObject,otherVehicleType,overBank,parkedVehicle,pedestrian,phoneBoxEtc,postOrPole,region,roadCharacter,roadLane,roadSurface,roadworks,schoolBus,seriousInjuryCount,slipOrFlood,speedLimit,strayAnimal,streetLight,suv,taxi,temporarySpeedLimit,tlaId,tlaName,trafficControl,trafficIsland,trafficSign,train,tree,truck,unknownVehicleType,urban,vanOrUtility,vehicle,waterRiver,weatherA,weatherB
1770273.5306,5914654.7842,911023,,521601,0,,0,1,,Null,2024/2025,PAKURANGA ROAD,ANGELO AVENUE,,Non-Injury Crash,No,2025,,East,,0,,Null,,,,,,Overcast,645300,0,0,0,4,,,0,,,,,,Auckland Region,Nil,2-way,Sealed,,0,0,,50,,Null,1,0,,76,Auckland,Give way,,,,,0,0,Urban,0,,,Null,Null
1766772.1031,5907988.8283,911024,,523501,0,,0,1,,Null,2024/2025,BAIRDS ROAD,NEWBURY STREET,,Non-Injury Crash,No,2024,,South,,0,,Flat,,Christmas New Year,,,,Bright sun,700602,0,0,0,2,,,0,,,,,,Auckland Region,Nil,2-way,Sealed,,0,0,,30,,Off,1,0,,76,Auckland,Nil,,,,,0,0,Urban,0,,,Fine,Null
1774274.6713,5902552.8958,911025,,523813,0,0,0,0,0,South,2025/2026,ALFRISTON-ARDMORE ROAD,MUIRS BR,,Non-Injury Crash,No,2025,0,South,0,0,0,Flat,0,,0,,0,Overcast,761000,0,0,0,2,0,0,0,0,0,,0,0,Auckland Region,Nil,2-way,Sealed,0,0,0,1,80,0,None,1,0,,76,Auckland,Nil,0,0,0,0,0,0,Open,1,0,0,Fine,Null
1767052.2219,5906740.8961,911026,,523601,0,0,0,1,0,South,2024/2025,SOUTHERN MOTORWAY,EAST TAMAKI OBR,,Non-Injury Crash,Yes,2024,0,South,0,0,0,Flat,1,,0,,0,Dark,707500,0,0,0,3,0,0,0,0,0,,0,0,Auckland Region,Nil,1-way,Sealed,0,0,0,0,100,0,On,0,0,,76,Auckland,Nil,0,0,0,0,0,0,Open,0,0,0,Light rain,Null
1763695.3857,5914718.879,911027,,520303,0,0,0,0,0,East,2025/2026,BANKS ROAD,BOAKES ROAD,,Non-Injury Crash,No,2025,0,East,0,0,0,Flat,0,,0,,0,Overcast,626802,0,0,0,2,0,0,1,0,0,,0,0,Auckland Region,Nil,2-way,Sealed,0,0,0,0,50,0,Off,0,0,,76,Auckland,Nil,0,0,0,0,0,0,Urban,1,1,0,Fine,Null
1756584.8712,5919572.0628,911032,,514102,0,,0,1,,North,2025/2026,HOBSON STREET ON RAMP,HOPETOUN OBR,,Non-Injury Crash,No,2025,,South,,0,,Hill Road,,,,,,Unknown,435500,0,0,0,2,,,0,,,,,,Auckland Region,Nil,1-way,Sealed,,0,0,,80,,Null,0,0,,76,Auckland,Nil,,,,,0,1,Open,0,,,Fine,None
1764084.6451,5907351.2419,911033,25,522201,0,0,0,2,0,North,2024/2025,MIDDLEMORE CRESCENT,SWAFFIELD ROAD,,Non-Injury Crash,No,2024,0,West,0,0,0,Flat,0,,0,,0,Dark,660500,0,0,0,2,0,0,0,0,1,,0,0,Auckland Region,Nil,1-way,Sealed,0,0,0,0,30,0,On,0,0,,76,Auckland,Nil,0,0,0,0,0,0,Urban,0,0,0,Fine,Null
1768701.9894,5884160.7152,911036,,521111,0,0,0,1,0,North,2025/2026,PAERATA ROAD,HEIGHTS ROAD,,Non-Injury Crash,Yes,2025,0,South,0,0,0,Flat,1,,0,,0,Dark,813800,0,0,0,2,0,1,0,1,0,,0,1,Auckland Region,Nil,2-way,Sealed,0,0,0,0,70,0,On,0,0,,76,Auckland,Nil,0,0,0,0,0,0,Urban,0,0,0,Fine,Null
1764066.4339,5906375.2059,911041,,524303,0,0,0,2,0,North,2025/2026,STATION ROAD,PEVERILL CRESCENT,,Minor Crash,No,2025,0,North,0,0,1,Flat,0,Christmas New Year,0,,0,Dark,657300,1,0,0,2,0,0,0,0,0,,0,0,Auckland Region,Nil,2-way,Sealed,0,0,0,0,50,0,On,0,0,,76,Auckland,Nil,0,0,0,0,0,0,Urban,0,0,0,Fine,Null
1762022.6536,5916945.7004,911044,,516003,0,,0,1,,Null,2025/2026,REMUERA ROAD,KELVIN ROAD,,Minor Crash,No,2025,,West,,0,,Null,,,,,,Bright sun,495300,1,0,0,4,,,0,,,,,,Auckland Region,Nil,2-way,Sealed,,0,0,,50,,Null,1,0,,76,Auckland,Give way,,,,,0,0,Urban,0,,,Fine,Null
1748724.4544,5928850.6267,911050,,509100,0,0,0,2,0,South,2024/2025,RAME ROAD,WINDFALL GROVE,,Non-Injury Crash,No,2025,0,North,0,0,0,Flat,0,Easter,0,,0,Dark,181621,0,0,0,2,0,0,0,0,1,,0,0,Auckland Region,Nil,2-way,Unsealed,0,0,0,0,50,0,On,0,0,30,76,Auckland,Nil,0,0,0,0,0,0,Urban,0,0,0,Light rain,Null
1756144.1205,5920933.5945,911051,,515202,0,,0,1,,East,2025/2026,FANSHAWE STREET ON RAMP,NORTHERN MOTORWAY,,Non-Injury Crash,No,2025,,North,,0,,Flat,,,,,,Bright sun,426101,0,0,0,3,,,0,,,,,,Auckland Region,Motorway ramp,1-way,Sealed,,0,0,,80,,Off,1,0,,76,Auckland,Traffic Signals,,,,,0,0,Open,0,,,Fine,Null
1745314.2997,5920005.1201,911052,,513301,0,,0,3,,North,2024/2025,LINCOLN ROAD,PARAMOUNT DRIVE,,Non-Injury Crash,No,2025,,North,,0,,Flat,,,,,,Dark,231900,0,0,0,4,,,0,,,,,,Auckland Region,Nil,2-way,Sealed,,0,0,,50,,On,0,0,,76,Auckland,Nil,,,,,0,0,Urban,0,,,Light rain,Null
1753524.6317,5914408.4435,911053,,518801,0,,0,2,,Null,2025/2026,MAIORO STREET,MAIORO STREET OFF RAMP,,Non-Injury Crash,No,2025,,South,,0,,Flat,,,,,,Dark,578400,0,0,0,2,,,0,,,,,,Auckland Region,Bridge,2-way,Sealed,,0,0,,50,,On,0,0,,76,Auckland,Traffic Signals,,,,,0,0,Urban,0,,,Fine,Null
1751981.1746,5918027.3915,911054,,515001,0,,0,2,,Null,2024/2025,GREAT NORTH ROAD,GREAT NORTH ROAD OFF RAMP,,Non-Injury Crash,No,2025,,North,,0,,Hill Road,,,,,,Dark,392400,0,0,0,2,,,0,,,,,,Auckland Region,Motorway ramp,2-way,Sealed,,0,0,,50,,On,0,0,,76,Auckland,Traffic Signals,,,,,0,0,Urban,0,,,Fine,Null
1768824.5707,5900985.2911,911063,,524901,0,,0,1,,West,2025/2026,HALVER ROAD,NEWHOOK LANE,,Non-Injury Crash,No,2026,,West,,0,,Flat,,,,,,Overcast,757300,0,0,0,2,,,0,,,,,,Auckland Region,Nil,2-way,Sealed,,0,0,,50,,Off,1,0,,76,Auckland,Nil,,,,,0,0,Urban,0,,,Light rain,Null
1750253.8232,5946696.9749,911068,,505806,0,,0,2,,East,2025/2026,CENTRAL BOULEVARD,SILVERDALE STREET,,Minor Crash,No,2025,,North,,0,,Hill Road,,,,,,Bright sun,176504,3,0,0,2,,,0,,,,,,Auckland Region,Nil,2-way,Sealed,,0,0,,50,,Off,0,0,,76,Auckland,Give way,,,,,0,0,Urban,0,,,Fine,Null
1753044.6765,5925423.9129,911073,,510401,0,0,0,3,0,South,2024/2025,ROSEBERRY AVENUE,HAGUE PLACE,,Minor Crash,No,2025,0,North,0,0,0,Hill Road,0,,0,,0,Dark,354300,1,0,0,2,0,0,0,0,1,,0,0,Auckland Region,Nil,2-way,Sealed,0,0,0,0,50,0,On,0,0,,76,Auckland,Nil,0,0,0,0,0,0,Urban,0,0,0,Fine,Null
1776416.384,5903750.9351,911074,,525201,0,0,0,0,1,East,2025/2026,BROOKBY ROAD,FITZPATRICK ROAD,,Non-Injury Crash,No,2026,0,West,0,0,0,Hill Road,0,,0,,0,Bright sun,762200,0,0,0,2,0,0,0,0,0,,0,1,Auckland Region,Nil,2-way,Sealed,0,0,0,0,80,0,None,0,0,,76,Auckland,Nil,0,0,0,0,1,0,Open,0,0,0,Fine,Null
1771013.575,5881633.2525,911079,,521111,0,0,0,1,0,East,2024/2025,STOCKMANS LANE,ANSELMI RIDGE ROAD,,Non-Injury Crash,No,2024,0,East,0,0,0,Flat,0,,1,,0,Dark,826907,0,0,0,2,0,0,0,0,0,,0,0,Auckland Region,Nil,2-way,Sealed,0,0,0,0,50,0,On,0,0,,76,Auckland,Nil,0,0,0,0,0,0,Urban,0,0,0,Fine,Null
1775411.2115,5896227.9719,911081,,525700,0,0,0,1,0,South,2024/2025,SETTLEMENT ROAD,CRESTVIEW RISE,,Non-Injury Crash,No,2025,0,South,1,0,0,Hill Road,0,,0,,0,Dark,800201,0,0,0,2,0,0,0,0,0,,0,0,Auckland Region,Nil,2-way,Sealed,0,0,0,0,60,0,Off,0,0,,76,Auckland,Nil,0,0,0,0,0,0,Urban,0,0,0,Fine,Null
1751642.2207,5916877.7853,911087,,514900,0,,0,1,,Null,2024/2025,GREAT NORTH ROAD,FIR STREET,,Non-Injury Crash,No,2025,,South,,0,,Null,,,,,,Bright sun,384704,0,0,0,4,,,0,,,,,,Auckland Region,Nil,2-way,Sealed,,0,0,,50,,Null,0,0,30,76,Auckland,Traffic Signals,,,,,0,0,Urban,1,,,Fine,Null
1766057.5107,5919480.3411,911089,,516700,0,0,0,1,0,South,2024/2025,SYLVIA ROAD,MCARTHUR AVENUE,,Non-Injury Crash,No,2024,0,South,1,0,0,Hill Road,0,,0,,0,Bright sun,511004,0,0,0,2,0,0,0,0,0,,0,0,Auckland Region,Nil,2-way,Sealed,0,0,0,0,50,0,Off,0,0,,76,Auckland,Nil,0,0,0,0,0,0,Urban,0,0,0,Fine,Null
1770766.1211,5898882.3778,911099,,523911,0,,0,2,,Null,2023/2024,STATION ROAD,PRINCESS STREET,,Non-Injury Crash,No,2024,,East,,0,,Flat,,,,,,Bright sun,766902,0,0,0,2,,,0,,,,,,Auckland Region,Nil,2-way,Sealed,,0,0,,50,,Off,0,0,,76,Auckland,Nil,,,,,0,0,Urban,0,,,Fine,Null
1768041.0502,5904206.4198,911101,,524602,0,,0,2,,Null,2023/2024,SOUTHERN MOTORWAY,SOUTH-WESTERN MOTORWAY,,Non-Injury Crash,Yes,2024,,North,,0,,Flat,,,,,,Bright sun,780501,0,0,0,3,,,0,,,,,,Auckland Region,Nil,1-way,Sealed,,0,0,,100,,Off,0,0,,76,Auckland,Nil,,,,,0,0,Open,0,,,Fine,Null
1779417.6983,5926736.975,911102,,520801,1,,0,1,,Null,2025/2026,RATA STREET,TUI STREET,,Minor Crash,No,2025,,North,,0,,Flat,,,,,,Bright sun,516301,1,0,0,2,,,0,,,,,,Auckland Region,Nil,2-way,Sealed,,0,0,,30,,None,0,0,,76,Auckland,Give way,,,,,0,0,Urban,0,,,Fine,Null
1761080.4945,5913111.902,911104,,519500,0,,0,1,,West,2024/2025,STATION ROAD,MAURICE ROAD,,Non-Injury Crash,No,2025,,East,,0,,Flat,,,,,,Overcast,621200,0,0,0,2,,,0,,,,,,Auckland Region,Nil,2-way,Sealed,,0,0,,50,,Off,0,0,,76,Auckland,Nil,,,,,1,0,Urban,0,,,Fine,Null
1756074.0126,5923930.8205,911108,,509800,0,0,0,1,0,South,2025/2026,STAFFORD ROAD OFF RAMP,NELSON AVENUE,,Minor Crash,No,2025,0,North,0,0,0,Flat,1,,0,,0,Dark,361200,2,0,0,1,0,0,0,0,0,,1,0,Auckland Region,Motorway ramp,1-way,Sealed,0,0,0,0,80,0,On,0,0,,76,Auckland,Nil,0,0,0,1,0,0,Open,0,0,0,Fine,Null
1763559.5708,5909685.2339,911112,,521901,0,,0,2,,Null,2025/2026,STATION ROAD,HUIA ROAD,,Non-Injury Crash,No,2025,,South,,0,,Null,,,,,,Unknown,782900,0,0,0,2,,,0,,,,,,Auckland Region,Nil,2-way,Sealed,,0,0,,50,,Null,0,0,,76,Auckland,Stop,,,,,0,0,Urban,0,,,Light rain,Null
1756105.7245,5923514.1471,911114,,509800,0,,0,3,,North,2025/2026,NORTHERN MOTORWAY,HARBOUR BR N,,Non-Injury Crash,Yes,2026,,South,,0,,Flat,,,,,,Bright sun,359100,0,0,0,2,,,0,,,,,,Auckland Region,Nil,1-way,Sealed,,0,0,,80,,Off,0,0,,76,Auckland,Nil,,,,,0,0,Open,0,,,Fine,Null
1770138.5198,5911030.3114,911119,,523113,0,,0,2,,Null,2025/2026,TE KOHA ROAD,TE KOHA ROAD,,Non-Injury Crash,No,2025,,East,,0,,Null,,,,,,Bright sun,711718,0,0,0,2,,,0,,,,,,Auckland Region,Nil,2-way,Sealed,,0,0,,50,,Null,0,0,,76,Auckland,Nil,,,,,0,0,Urban,0,,,Fine,Null
1755762.2895,5936121.6475,911121,,507000,0,0,0,2,0,North,2025/2026,DEEP CREEK ROAD,MIZPAH ROAD,,Minor Crash,No,2025,0,South,0,0,0,Hill Road,0,,0,,0,Bright sun,163100,2,0,0,2,0,0,0,0,1,,0,0,Auckland Region,Nil,2-way,Sealed,0,0,0,0,50,0,Off,0,0,,76,Auckland,Nil,0,0,0,0,0,0,Urban,0,0,0,Fine,Null
1756549.8916,5944021.0571,911123,,505902,0,0,0,1,0,West,2024/2025,HOMESTEAD ROAD,LITTLE BARRIER AVENUE,,Non-Injury Crash,No,2025,0,North,0,0,0,Null,0,,0,,0,Overcast,174221,0,0,0,2,0,0,0,0,1,,0,0,Auckland Region,Nil,2-way,Sealed,0,0,0,0,50,0,Null,0,0,,76,Auckland,Nil,0,0,0,0,0,1,Urban,0,0,0,Light rain,Null
1764412.0305,5904428.6411,911131,,522100,0,,0,1,,Null,2025/2026,PUHINUI ROAD,WYLLIE ROAD,,Non-Injury Crash,No,2025,,West,,0,,Null,,Labour Weekend,,,,Bright sun,659300,0,0,0,3,,,0,,,,,,Auckland Region,Nil,2-way,Sealed,,0,0,,50,,Null,0,0,,76,Auckland,Traffic Signals,,,,,0,1,Urban,0,,,Fine,Null
1758370.9279,5926664.0884,911135,,508020,0,,0,2,,Null,2025/2026,LAKE ROAD,PARK AVENUE,,Non-Injury Crash,No,2026,,South,,0,,Flat,,,,,,Bright sun,325300,0,0,0,2,,,0,,,,,,Auckland Region,Nil,2-way,Sealed,,0,0,,50,,Null,0,0,,76,Auckland,Give way,,,,,0,0,Urban,0,,,Fine,Null
1756091.0728,5923558.4971,911139,,509800,0,,0,2,,North,2025/2026,NORTHERN MOTORWAY,HARBOUR BR N,,Non-Injury Crash,Yes,2026,,South,,0,,Flat,,,,,,Twilight,359100,0,0,0,2,,,0,,,,,,Auckland Region,Nil,1-way,Sealed,,0,0,,80,,Off,1,0,,76,Auckland,Nil,,,,,0,0,Open,0,,,Light rain,Null
1753760.4367,5935608.234,911140,,508703,0,,0,1,,Null,2024/2025,OTEHA VALLEY ROAD,RISING PARADE,,Non-Injury Crash,No,2025,,East,,0,,Flat,,,,,,Twilight,179206,0,0,0,2,,,0,,,,,,Auckland Region,Nil,1-way,Sealed,,0,0,,50,,Off,0,0,,76,Auckland,Give way,,,,,0,0,Urban,1,,,Fine,Null
1766728.5961,5904463.3043,911142,,524604,0,,0,1,,Null,2025/2026,LAMBIE DRIVE,RONWOOD AVENUE,,Non-Injury Crash,No,2025,,South,,0,,Null,,,,,,Overcast,780209,0,0,0,2,,,0,,,,,,Auckland Region,Nil,1-way,Sealed,,0,0,,50,,Null,0,0,,76,Auckland,Give way,,,,,0,0,Urban,1,,,Fine,Null
1753840.5459,5914190.6985,911146,,518801,0,,0,2,,West,2025/2026,MAIORO STREET OFF RAMP,SH 20,,Minor Crash,No,2025,,West,,0,,Flat,,,,,,Dark,578500,1,0,0,2,,,0,,,,,,Auckland Region,Motorway ramp,1-way,Sealed,,0,0,,100,,On,0,0,,76,Auckland,Nil,,,,,0,0,Open,2,,,Light rain,Null
1766189.8548,5906159.9862,911149,,522302,0,0,0,1,0,South,2025/2026,GREAT SOUTH ROAD,WATSON PLACE,,Non-Injury Crash,No,2025,0,South,0,0,0,Flat,0,,0,,0,Dark,668902,0,0,0,2,0,0,0,0,0,,0,1,Auckland Region,Nil,2-way,Sealed,0,0,0,0,50,0,On,0,0,,76,Auckland,Nil,0,0,0,0,0,0,Urban,0,0,0,Fine,Null
1740570.7729,5923248.6654,911152,,513701,0,0,0,1,0,South,2024/2025,RED HILLS ROAD,NELSON ROAD,,Non-Injury Crash,No,2025,0,South,0,0,0,Flat,0,,0,,0,Overcast,229800,0,0,0,2,0,0,0,0,0,,0,1,Auckland Region,Nil,2-way,Sealed,0,0,0,0,80,0,None,0,0,,76,Auckland,Nil,0,0,0,0,0,0,Open,0,0,0,Fine,Null
1749870.1929,5940798.4183,911154,,506300,0,0,0,1,0,North,2025/2026,NORTHERN MOTORWAY,BAWDEN OBR,,Non-Injury Crash,Yes,2025,0,South,0,0,0,Flat,1,,0,,0,Overcast,175902,0,0,0,2,0,0,0,0,0,,0,0,Auckland Region,Nil,1-way,Sealed,0,0,0,0,100,0,Off,0,0,,76,Auckland,Nil,0,0,0,0,0,0,Open,1,0,0,Heavy rain,Null
1749224.1821,5918214.7058,911155,,514801,0,,0,2,,East,2024/2025,NORTH-WESTERN MOTORWAY,ROSEBANK OBR,,Non-Injury Crash,Yes,2024,,West,,0,,Flat,,,,,,Overcast,390401,0,0,0,4,,,0,,,,,,Auckland Region,Nil,1-way,Sealed,,0,0,,100,,Off,0,0,,76,Auckland,Nil,,,,,0,0,Open,1,,,Fine,Null
1757486.9352,5926584.1621,911169,,507900,0,0,0,2,0,South,2024/2025,BARRYS POINT ROAD,DES SWANN DRIVE,,Non-Injury Crash,No,2025,0,South,0,0,0,Flat,0,,0,,0,Bright sun,304100,0,0,0,2,0,0,0,0,1,,0,0,Auckland Region,Nil,2-way,Sealed,0,0,0,0,50,0,Null,0,0,,76,Auckland,Nil,0,0,0,0,0,0,Urban,2,0,0,Fine,Null
1758090.7541,5919973.5812,911170,,514301,0,,0,1,,North,2025/2026,STANLEY STREET,SH 16,,Non-Injury Crash,Yes,2025,,North,,0,,Null,,,,,,Dark,440300,0,0,0,2,,,0,,,,,,Auckland Region,Nil,1-way,Sealed,,0,0,,50,,On,0,0,,76,Auckland,Nil,,,,,0,1,Urban,0,,,Null,Null
1750640.8302,5929520.0431,911171,,509100,0,,0,1,,Null,2024/2025,UPPER HARBOUR MOTORWAY,GREENHITHE ROAD ON RAMP,,Non-Injury Crash,Yes,2024,,North,,0,,Null,,,,,,Bright sun,181121,0,0,0,2,,,0,,,,,,Auckland Region,Motorway ramp,2-way,Sealed,,0,0,,100,,Null,0,0,,76,Auckland,Nil,,,,,0,0,Open,1,,,Fine,Null
1756545.2374,5913749.48,911173,,518701,0,,0,2,,East,2024/2025,MOUNT ALBERT ROAD,PLAZA DRIVE,,Non-Injury Crash,No,2025,,West,,0,,Flat,,,,,,Bright sun,568300,0,0,0,2,,,0,,,,,,Auckland Region,Nil,2-way,Sealed,,0,0,,50,,Null,0,0,,76,Auckland,Nil,,,,,0,0,Urban,0,,,Fine,Null
1763347.8643,5919057.5599,911174,,516500,0,,0,1,,West,2024/2025,KEPA ROAD,DUDLEY ROAD,,Serious Crash,No,2024,,East,,0,,Flat,,,,,,Overcast,502202,0,0,0,2,,,0,,,1,,,Auckland Region,Nil,2-way,Sealed,,0,1,,50,,Off,0,0,,76,Auckland,Nil,,,,,0,0,Urban,0,,,Light rain,Null
1780190.6726,5926187.1691,911176,,520801,0,0,0,0,0,South,2023/2024,BURRELL ROAD,BURRELL ROAD EXTENSION,,Non-Injury Crash,No,2023,0,North,0,0,0,Null,0,,0,,0,Unknown,516401,0,0,0,2,0,0,0,0,1,,0,0,Auckland Region,Nil,2-way,Sealed,0,0,0,0,50,0,Null,1,0,,76,Auckland,Nil,0,0,0,0,1,0,Urban,0,0,0,Null,Null
1772239.0917,5897116.3059,911177,,525420,0,0,0,2,0,West,2024/2025,GREAT SOUTH ROAD,BRYNBELA COURT,,Non-Injury Crash,No,2025,0,East,0,0,0,Flat,0,,0,,0,Dark,790700,0,0,0,2,0,0,0,0,1,,0,0,Auckland Region,Nil,2-way,Sealed,0,0,0,0,50,0,On,0,0,,76,Auckland,Nil,1,0,0,0,0,0,Urban,0,0,0,Fine,Null
1756336.0779,5927335.896,911183,,507900,0,,0,0,,North,2024/2025,NORTHERN MOTORWAY,NORTHCOTE OBR,,Non-Injury Crash,Yes,2024,,South,,0,,Flat,,,,,,Overcast,305202,0,0,1,3,,,0,,,,,,Auckland Region,Nil,1-way,Sealed,,0,0,,100,,Off,1,0,,76,Auckland,Nil,,,,,0,0,Open,0,,,Heavy rain,Null
1756352.0079,5912397.7017,911186,,518702,0,,0,0,,Null,2024/2025,HILLSBOROUGH ROAD,BELFAST STREET,,Minor Crash,No,2025,,West,,0,,Hill Road,,,,,,Overcast,571400,1,0,0,4,,,0,,,1,,,Auckland Region,Nil,2-way,Sealed,,0,0,,50,,Off,0,0,,76,Auckland,Stop,,,,,0,0,Urban,1,,,Light rain,Null
1759491.9687,5910114.8889,911187,,524002,0,,0,1,,South,2024/2025,SOUTH-WESTERN MOTORWAY,RIMU OBR,,Non-Injury Crash,Yes,2024,,North,,0,,Hill Road,,Christmas New Year,,,,Bright sun,722400,0,0,0,3,,,0,,,,,,Auckland Region,Nil,1-way,Sealed,,0,0,,100,,Off,0,0,,76,Auckland,Nil,,,,,1,0,Open,0,,,Fine,Strong wind
1753826.6099,5926773.4586,911188,,508220,0,,0,3,,North,2024/2025,GLENFIELD ROAD,DOMAIN ROAD,,Non-Injury Crash,No,2025,,South,,0,,Flat,,Christmas New Year,,,,Bright sun,187803,0,0,0,2,,,0,,,,,,Auckland Region,Nil,2-way,Sealed,,0,0,,50,,Off,0,0,,76,Auckland,Nil,,,,,0,0,Urban,0,,,Fine,Null
1756742.7077,5929874.6824,911191,,507720,0,,0,1,,Null,2024/2025,EAST COAST ROAD,SELWYN CRESCENT,,Minor Crash,No,2025,,South,,0,,Hill Road,,,,,,Overcast,312300,1,0,0,2,,,0,,,1,,,Auckland Region,Nil,2-way,Sealed,,0,0,,50,,Off,0,0,,76,Auckland,Give way,,,,,0,0,Urban,0,,,Heavy rain,Null
1753234.6328,5935658.0976,911192,,508703,0,,0,1,,Null,2024/2025,FAIRVIEW AVENUE,TRAVIS VIEW DRIVE,,Non-Injury Crash,No,2024,,North,,0,,Null,,,,,,Bright sun,179201,0,0,0,2,,,0,,,,,,Auckland Region,Nil,2-way,Sealed,,0,0,,50,,Null,1,0,,76,Auckland,Give way,,,,,0,0,Urban,0,,,Fine,Null
1757260.7514,5921033.1596,911193,,514101,0,0,0,0,0,Null,2024/2025,LOWER HOBSON STREET,CUSTOMS STREET WEST,,Non-Injury Crash,No,2025,0,South,0,0,0,Flat,0,,0,,0,Overcast,432800,0,0,0,2,0,0,0,0,0,,0,0,Auckland Region,Overpass,1-way,Sealed,0,0,0,0,30,0,None,0,0,,76,Auckland,Nil,0,0,0,0,0,0,Urban,2,1,0,Fine,Null
1771997.5926,5914818.4134,911197,,521602,0,,0,2,,North,2024/2025,MOORE STREET,HOWE STREET,,Non-Injury Crash,No,2025,,North,,0,,Hill Road,,,,,,Bright sun,650000,0,0,0,2,,,0,,,,,,Auckland Region,Nil,2-way,Sealed,,0,0,,50,,Off,0,0,,76,Auckland,Nil,,,,,0,0,Urban,0,,,Fine,Null
1752545.31,5924437.8202,911201,,510402,0,0,0,3,0,North,2024/2025,CHELSEA VIEW DRIVE,FITZPATRICK PLACE,,Minor Crash,No,2025,0,South,0,0,0,Flat,0,,0,,0,Dark,353400,1,0,0,2,0,0,0,0,2,,0,0,Auckland Region,Nil,2-way,Sealed,0,0,0,0,50,0,On,0,0,,76,Auckland,Nil,0,0,0,0,0,0,Urban,0,0,0,Fine,Null
1761673.0717,5914084.3692,911204,,520202,0,,0,2,,South,2024/2025,SOUTHERN MOTORWAY,ELLERSLIE-PANMURE HWY ON RAMP,,Minor Crash,Yes,2025,,East,,0,,Flat,,,,,,Overcast,612800,1,0,0,4,,,0,,,,,,Auckland Region,Motorway ramp,1-way,Sealed,,0,0,,100,,Off,0,0,,76,Auckland,Nil,,,,,0,0,Open,0,,,Fine,Null
1768661.7915,5905323.6516,911206,,523721,0,,0,2,,Null,2024/2025,TE IRIRANGI DRIVE,HOLLYFORD DRIVE,,Non-Injury Crash,No,2024,,North,,0,,Flat,,,,,,Dark,715613,0,0,0,2,,,0,,,,,,Auckland Region,Nil,2-way,Sealed,,0,0,,50,,On,0,0,,76,Auckland,Traffic Signals,,,,,0,0,Urban,0,,,Light rain,Null
1763327.435,5909549.9142,911208,45,521901,0,,0,2,,Null,2023/2024,SALEYARDS ROAD,STATION ROAD,,Non-Injury Crash,No,2024,,South,,0,,Flat,,,,,,Bright sun,782700,0,0,0,2,,,0,,,,,,Auckland Region,Nil,2-way,Sealed,,0,0,,50,,On,0,0,,76,Auckland,Traffic Signals,,,,,0,0,Urban,0,,,Fine,None
1731937.7063,5937479.2343,911213,,506648,0,,0,2,,Null,2024/2025,WISHART ROAD,INLAND ROAD,,Non-Injury Crash,No,2025,,East,,0,,Hill Road,,,,,,Bright sun,212200,0,0,0,2,,,0,,,,,,Auckland Region,Nil,2-way,Sealed,,0,0,,80,,None,0,0,,76,Auckland,Give way,,,,,0,0,Open,1,,,Fine,Null
1743249.638,5918220.0432,911214,,513220,0,0,0,1,0,North,2024/2025,MUNROE ROAD,CHARLENNE CLOSE,,Minor Crash,No,2024,0,South,0,0,1,Hill Road,0,,0,,0,Bright sun,236603,1,0,0,2,0,0,0,0,0,,0,0,Auckland Region,Nil,2-way,Sealed,0,0,0,0,50,0,Off,1,0,,76,Auckland,Nil,0,0,0,0,0,0,Urban,0,0,0,Fine,Null
1760823.4966,5907702.4528,911218,,524510,0,,0,2,,Null,2022/2023,ROBERTSON ROAD,MCKINSTRY AVENUE,,Non-Injury Crash,No,2023,,South,,0,,Flat,,,,,,Twilight,736900,0,0,0,2,,,0,,,,,,Auckland Region,Nil,2-way,Sealed,,0,0,,50,,Null,1,0,,76,Auckland,Stop,,,,,0,0,Urban,0,,,Fine,Null
1757893.676,5918085.3312,911219,,515700,0,,0,3,,South,2025/2026,SOUTHERN MOTORWAY,MAUNGAWHAU OBR,,Minor Crash,Yes,2025,,North,,0,,Flat,,,,,,Bright sun,443700,1,0,0,4,,,0,,,,,,Auckland Region,Overpass,1-way,Sealed,,0,0,,80,,Off,0,0,,76,Auckland,Nil,,,,,0,0,Open,0,,,Fine,Null
1769322.8234,5913229.693,911221,,522723,0,0,0,2,0,East,2025/2026,CASCADES ROAD,HOPE FARM AVENUE,,Minor Crash,No,2025,0,South,0,0,0,Flat,0,,0,,0,Dark,682900,1,0,0,2,0,0,0,0,1,,0,0,Auckland Region,Nil,2-way,Sealed,0,0,0,0,50,0,On,0,0,,76,Auckland,Nil,0,0,0,0,0,0,Urban,0,0,0,Light rain,Null
1746292.0125,5926081.353,911222,,513431,0,,0,1,,Null,2023/2024,BRIGHAM CREEK ROAD,BRIGHAM CREEK ROAD OFF RAMP,,Non-Injury Crash,No,2024,,West,,0,,Flat,,,,,,Overcast,223802,0,0,0,2,,,0,,,,,,Auckland Region,Nil,1-way,Sealed,,0,0,,50,,Off,1,0,,76,Auckland,Give way,,,,,0,0,Urban,0,,,Fine,Null