X,Y,OBJECTID,advisorySpeed,areaUnitID,bicycle,bridge,bus,carStationWagon,cliffBank,crashDirectionDescription,crashFinancialYear,crashLocation1,crashLocation2,crashRoadSideRoad,crashSeverity,crashSHDescription,crashYear,debris,directionRoleDescription,ditch,fatalCount,fence,flatHill,guardRail,holiday,houseOrBuilding,intersection,kerb,light,meshblockId,minorInjuryCount,moped,motorcycle,NumberOfLanes,objectThrownOrDropped,otherObject,otherVehicleType,overBank,parkedVehicle,pedestrian,phoneBoxEtc,postOrPole,region,roadCharacter,roadLane,roadSurface,roadworks,schoolBus,seriousInjuryCount,slipOrFlood,speedLimit,strayAnimal,streetLight,suv,taxi,temporarySpeedLimit,tlaId,tlaName,trafficControl,trafficIsland,trafficSign,train,tree,truck,unknownVehicleType,urban,vanOrUtility,vehicle,waterRiver,weatherA,weatherB
1759354.4884,5905355.0696,911223,,524200,0,,0,1,,Null,2024/2025,TIMBERLY ROAD,VERISSIMO DRIVE,,Non-Injury Crash,No,2025,,East,,0,,Flat,,,,,,Dark,727700,0,0,0,2,,,0,,,,,,Auckland Region,Nil,2-way,Sealed,,0,0,,50,,On,0,0,,76,Auckland,Give way,,,,,0,0,Urban,1,,,Light rain,Null
1761533.7012,5914724.1344,911224,,520202,0,,0,2,,South,2024/2025,CAWLEY STREET,MAIN HIGHWAY,,Non-Injury Crash,No,2024,,South,,0,,Flat,,,,,,Overcast,612000,0,0,0,2,,,0,,,,,,Auckland Region,Nil,2-way,Sealed,,0,0,,50,,Null,0,0,,76,Auckland,Nil,,,,,0,0,Urban,0,,,Fine,Null
1769323.1534,5907459.9089,911229,,523712,0,,0,1,,Null,2024/2025,ORMISTON ROAD,TE IRIRANGI DRIVE,,Non-Injury Crash,No,2025,,East,,0,,Flat,,,,,,Bright sun,712803,0,0,0,2,,,0,,,,,,Auckland Region,Nil,2-way,Sealed,,0,0,,60,,Off,0,0,30,76,Auckland,Traffic Signals,,,,,0,0,Urban,1,,,Fine,Null
1749607.9803,5880160.8468,911230,,521151,0,0,0,1,0,Null,2025/2026,AWHITU ROAD,KOTARE ROAD,,Minor Crash,No,2025,0,South,1,0,1,Flat,0,,0,,0,Dark,830800,1,0,0,2,0,0,0,0,0,,0,0,Auckland Region,Nil,2-way,Sealed,0,0,0,0,80,0,None,0,0,,76,Auckland,Nil,0,0,0,1,0,0,Open,0,0,0,Light rain,Null
1764018.7931,5915029.9879,911231,,520303,0,,0,2,,Null,2025/2026,ELLERSLIE-PANMURE HIGHWAY,BARRACK ROAD,,Non-Injury Crash,No,2025,,West,,0,,Flat,,,,,,Dark,626901,0,0,0,4,,,0,,,,,,Auckland Region,Nil,2-way,Sealed,,0,0,,50,,On,0,0,,76,Auckland,Give way,,,,,0,0,Urban,0,,,Light rain,Null
1771352.4791,5907025.8531,911232,,523713,0,,0,2,,Null,2023/2024,ORMISTON ROAD,MURPHYS ROAD,,Non-Injury Crash,No,2023,,West,,0,,Flat,,,,,,Dark,712600,0,0,0,2,,,0,,,,,,Auckland Region,Nil,2-way,Sealed,,0,0,,50,,On,0,0,,76,Auckland,Traffic Signals,,,,,0,0,Urban,0,,,Fine,None
1763775.1982,5907574.9868,911234,,521902,0,,0,1,,North,2024/2025,HOSPITAL ROAD,HOSPITAL ENT S,,Non-Injury Crash,No,2024,,North,,0,,Flat,,,,,,Overcast,786500,0,0,0,2,,,0,,,,,,Auckland Region,Nil,2-way,Sealed,,0,0,,20,,Off,1,0,,76,Auckland,Nil,,,,,0,0,Urban,0,,,Light rain,Null
1750252.5456,5954725.3992,911236,,506201,0,0,0,0,1,West,2025/2026,WERANUI ROAD,WAIWERA VIADUCT MID,,Minor Crash,No,2026,0,East,0,0,0,Flat,0,,0,,0,Dark,176203,1,0,0,2,0,0,0,0,0,,0,0,Auckland Region,Nil,2-way,Unsealed,0,0,0,0,100,0,None,1,0,,76,Auckland,Nil,0,0,0,0,0,0,Open,0,0,1,Fine,Null
1763510.5804,5906374.9873,911240,,524302,0,,0,1,,South,2025/2026,PORTAGE ROAD,BUCKLAND ROAD,,Minor Crash,No,2025,,North,,0,,Flat,,,,,,Twilight,745500,1,0,0,2,,,0,,,1,,,Auckland Region,Nil,2-way,Sealed,,0,0,,50,,None,0,0,,76,Auckland,Nil,,,,,0,0,Urban,0,,,Fine,Null
1753549.6278,5913328.9547,911241,,518901,0,0,0,3,0,South,2024/2025,SUBRITZKY AVENUE,PARFITT STREET,,Non-Injury Crash,No,2025,0,South,0,0,0,Hill Road,0,,0,,0,Dark,584200,0,0,0,2,0,0,0,0,1,,0,0,Auckland Region,Nil,2-way,Sealed,0,0,0,0,50,0,On,0,0,,76,Auckland,Nil,0,0,0,0,0,0,Urban,0,0,0,Fine,Null
1761074.8792,5906502.8827,911244,,524112,0,,0,2,,West,2025/2026,FRIESIAN DRIVE,IMRIE AVENUE,,Non-Injury Crash,No,2025,,West,,0,,Flat,,Labour Weekend,,,,Dark,742700,0,0,0,2,,,0,,,,,,Auckland Region,Nil,2-way,Sealed,,0,0,,30,,On,0,0,,76,Auckland,Nil,,,,,0,0,Urban,0,,,Fine,Strong wind
1773353.9103,5899324.9644,911246,,523912,0,,0,2,,South,2025/2026,MILL ROAD,AIRFIELD ROAD,,Non-Injury Crash,No,2025,,North,,0,,Null,,,,,,Bright sun,765401,0,0,0,2,,,0,,,,,,Auckland Region,Nil,2-way,Sealed,,0,0,,80,,Null,0,0,,76,Auckland,Nil,,,,,0,0,Open,0,,,Fine,Null
1766814.572,5908077.7576,911247,,523501,0,0,0,1,0,Null,2024/2025,ALEXANDER CRESCENT,TOSO WAY,,Non-Injury Crash,No,2025,0,South,0,0,0,Flat,0,,0,,0,Bright sun,700601,0,0,0,2,0,0,0,0,0,,0,0,Auckland Region,Nil,2-way,Sealed,0,0,0,0,50,0,Off,0,0,,76,Auckland,Nil,0,0,0,1,0,0,Urban,1,0,0,Fine,Null
1767085.8963,5903493.9071,911254,,524602,0,0,0,0,0,Null,2025/2026,DRUCES ROAD,TREVOR HOSKEN DRIVE,,Non-Injury Crash,No,2025,0,North,0,0,0,Flat,0,,0,,0,Bright sun,780404,0,0,0,2,0,0,0,0,1,,0,0,Auckland Region,Nil,2-way,Sealed,0,0,0,0,50,0,On,1,0,,76,Auckland,Give way,0,0,0,0,1,0,Urban,0,0,0,Fine,Null
1757266.382,5918191.2696,911255,,518101,0,0,0,0,0,North,2024/2025,NORMANBY ROAD,ENFIELD STREET,,Non-Injury Crash,No,2024,0,North,0,0,0,Null,0,,0,,0,Bright sun,542600,0,0,0,2,0,0,0,0,1,,0,0,Auckland Region,Nil,2-way,Sealed,0,0,0,0,50,0,Null,1,0,,76,Auckland,Nil,0,0,0,0,0,0,Urban,0,0,0,Fine,Null
1756275.9898,5919283.9643,911256,,514200,0,0,0,1,0,North,2025/2026,KARANGAHAPE ROAD,NEWTON ROAD,,Non-Injury Crash,No,2025,0,West,0,0,0,Flat,1,,0,,0,Overcast,411700,0,0,0,4,0,0,0,0,0,,0,0,Auckland Region,Nil,2-way,Sealed,1,0,0,0,30,0,Off,0,0,,76,Auckland,Nil,0,0,0,0,0,0,Urban,0,0,0,Light rain,Null
1757791.163,5918184.8961,911260,,515700,0,,0,4,,South,2025/2026,SOUTHERN MOTORWAY,MOUNTAIN OBR,,Minor Crash,Yes,2025,,North,,0,,Flat,,,,,,Bright sun,443600,1,0,0,4,,,0,,,,,,Auckland Region,Nil,1-way,Sealed,,0,0,,80,,Off,0,0,,76,Auckland,Nil,,,,,0,0,Open,1,,,Fine,Null
1761389.4923,5906255.0276,911267,,524200,0,,0,2,,East,2025/2026,MASSEY ROAD,FRIESIAN DRIVE,,Non-Injury Crash,No,2025,,East,,0,,Flat,,,,,,Dark,728801,0,0,0,2,,,0,,,,,,Auckland Region,Nil,2-way,Sealed,,0,0,,50,,Null,0,0,,76,Auckland,Nil,,,,,0,0,Urban,0,,,Fine,Null
1768344.8311,5913704.6683,911271,,523000,0,0,0,0,0,South,2024/2025,GOSSAMER DRIVE,PORTADOWN AVENUE,,Non-Injury Crash,No,2025,0,South,0,0,0,Flat,0,,0,,0,Bright sun,690800,0,0,0,2,0,0,0,0,1,,0,0,Auckland Region,Nil,2-way,Sealed,0,0,0,0,50,0,Off,1,0,,76,Auckland,Nil,0,0,0,0,0,0,Urban,1,0,0,Fine,Null
1754633.729,5930740.2353,911273,,508520,0,,0,3,,South,2024/2025,NORTHERN MOTORWAY,UPPER HARBOUR HWY ON RAMP,,Non-Injury Crash,Yes,2025,,South,,0,,Hill Road,,,,,,Twilight,191104,0,0,0,2,,,0,,,,,,Auckland Region,Nil,1-way,Sealed,,0,0,,100,,Off,0,0,,76,Auckland,Nil,,,,,0,0,Open,0,,,Fine,Null
1768488.5603,5900662.0489,911277,,525101,0,,0,2,,Null,2024/2025,WEYMOUTH ROAD,CHURCHILL AVENUE,,Non-Injury Crash,No,2024,,West,,0,,Flat,,,,,,Bright sun,771100,0,0,0,2,,,0,,,,,,Auckland Region,Nil,2-way,Sealed,,0,0,,50,,Off,0,0,,76,Auckland,Give way,,,,,0,0,Urban,0,,,Fine,None
1738583.5277,5920128.081,911278,,513702,0,0,0,1,0,East,2025/2026,MCENTEE ROAD,NORTHFIELD ROAD,,Minor Crash,No,2025,0,West,1,0,0,Hill Road,0,,0,,0,Dark,230100,1,0,0,2,0,0,0,0,0,,0,0,Auckland Region,Nil,2-way,Sealed,0,0,0,0,50,0,On,0,0,,76,Auckland,Nil,0,0,0,0,0,0,Urban,0,0,0,Fine,Null
1754116.3504,5918435.7389,911280,,515431,0,0,0,1,0,Null,2025/2026,GREAT NORTH ROAD,ST LUKES ROAD ON RAMP,,Minor Crash,No,2025,0,West,0,0,0,Flat,0,,0,,0,Overcast,406300,2,0,0,6,0,0,0,0,0,,0,0,Auckland Region,Nil,2-way,Sealed,0,0,0,0,50,0,Off,0,0,,76,Auckland,Traffic Signals,0,1,0,0,0,0,Urban,0,0,0,Fine,Null
1765715.501,5901431.3125,911281,,524604,0,,0,1,,East,2023/2024,BROWNS ROAD,ROSCOMMON ROAD,,Non-Injury Crash,No,2024,,West,,0,,Hill Road,,,,,,Bright sun,781302,0,0,0,2,,,0,,,,,,Auckland Region,Nil,2-way,Sealed,,0,0,,50,,Off,1,0,,76,Auckland,Nil,,,,,0,0,Urban,0,,,Fine,None
1772541.1499,5894125.4196,911282,,525530,0,0,1,0,0,West,2024/2025,PARK ESTATE ROAD,GREAT SOUTH ROAD,,Non-Injury Crash,No,2025,0,East,0,0,0,Flat,0,,0,,0,Bright sun,804600,0,0,0,2,0,0,0,0,0,,0,0,Auckland Region,Nil,2-way,Sealed,0,0,0,0,50,0,Off,0,0,,76,Auckland,Nil,0,0,0,0,0,0,Urban,1,1,0,Fine,Null
1737313.8111,5930081.9319,911287,,505602,0,0,0,1,0,Null,2025/2026,MATUA ROAD,TAPU ROAD,,Non-Injury Crash,No,2025,0,East,0,0,0,Hill Road,0,,0,,0,Dark,216001,0,0,0,2,0,0,0,0,1,,0,1,Auckland Region,Nil,2-way,Sealed,0,0,0,0,50,0,On,1,0,,76,Auckland,Give way,0,0,0,1,0,0,Urban,0,0,0,Fine,Null
1756138.7217,5924086.6772,911288,,509800,0,0,0,0,0,North,2024/2025,NORTHERN MOTORWAY,STAFFORD ROAD ON RAMP,,Minor Crash,Yes,2025,0,North,0,0,0,Flat,1,,0,,0,Bright sun,361100,1,0,0,5,0,0,0,0,0,,0,0,Auckland Region,Nil,1-way,Sealed,0,0,0,0,100,0,Off,0,0,,76,Auckland,Nil,0,0,0,0,1,0,Open,0,0,0,Fine,Null
1755718.5728,5930510.6767,911289,,508510,0,,0,1,,South,2025/2026,BLAKEBOROUGH DRIVE,SEPTEMBER PLACE,,Non-Injury Crash,No,2025,,East,,0,,Flat,,,,,,Bright sun,192900,0,0,0,2,,,0,,,,,,Auckland Region,Nil,2-way,Sealed,,0,0,,50,,Off,1,0,,76,Auckland,Nil,,,,,0,0,Urban,0,,,Fine,Null
1771069.5754,5900780.3093,911295,,523816,0,,0,0,,North,2024/2025,PORCHESTER ROAD,TAIPAN PLACE,,Non-Injury Crash,No,2024,,South,,0,,Flat,,,,,,Dark,759730,0,0,0,2,,,0,,,,,,Auckland Region,Nil,2-way,Sealed,,0,0,,60,,On,0,0,,76,Auckland,Nil,,,,,0,0,Urban,2,,,Fine,Null
1758254.3506,5916715.425,911298,,515700,0,0,0,2,0,Null,2024/2025,MANUKAU ROAD,BRACKEN AVENUE,,Non-Injury Crash,No,2024,0,South,0,0,0,Flat,0,,0,,0,Dark,458100,0,0,0,4,0,0,0,0,1,,0,0,Auckland Region,Nil,2-way,Sealed,0,0,0,0,50,0,On,0,0,,76,Auckland,Give way,0,0,0,0,0,0,Urban,0,0,0,Fine,Null
1762043.5141,5906275.7421,911300,,524200,0,,0,1,,South,2025/2026,SOUTH-WESTERN MOTORWAY,MASSEY ROAD OFF RAMP,,Non-Injury Crash,Yes,2025,,North,,0,,Flat,,,,,,Bright sun,728900,0,0,1,2,,,0,,,,,,Auckland Region,Motorway ramp,1-way,Sealed,,0,0,,100,,Off,0,0,,76,Auckland,Nil,,,,,0,0,Open,0,,,Fine,Null
1756844.8561,5925067.5801,911301,,509702,0,,0,3,,North,2024/2025,NORTHERN MOTORWAY,EXMOUTH FTBR,,Non-Injury Crash,Yes,2025,,South,,0,,Flat,,,,,,Dark,366602,0,0,0,4,,,0,,,,,,Auckland Region,Nil,1-way,Sealed,,0,0,,100,,On,0,0,,76,Auckland,Nil,,,,,0,0,Open,1,,,Heavy rain,Strong wind
1759811.7814,5924444.7016,911309,,509300,0,,0,2,,West,2024/2025,REGENT STREET,LAKE ROAD,,Non-Injury Crash,No,2024,,East,,0,,Flat,,,,,,Dark,340100,0,0,0,2,,,0,,,,,,Auckland Region,Nil,2-way,Sealed,,0,0,,50,,On,0,0,,76,Auckland,Nil,,,,,0,0,Urban,0,,,Fine,Null
1763283.8777,5920400.7708,911310,,516500,0,0,1,0,0,West,2025/2026,TAMAKI DRIVE,PATTESON AVENUE,,Non-Injury Crash,No,2026,0,West,0,0,0,Flat,0,,0,,0,Bright sun,500600,0,0,0,2,0,0,0,0,0,,0,0,Auckland Region,Nil,2-way,Sealed,0,0,0,0,30,0,Off,1,0,,76,Auckland,Nil,0,0,0,0,0,0,Urban,0,1,0,Fine,Null
1751418.8083,5912727.9321,911311,,514700,0,0,0,1,0,South,2024/2025,TAYLOR STREET,BOLTON STREET,,Non-Injury Crash,No,2025,0,North,0,0,1,Flat,0,,1,,0,Bright sun,370000,0,0,0,2,0,0,0,0,0,,0,0,Auckland Region,Nil,2-way,Sealed,0,0,0,0,50,0,Null,0,0,,76,Auckland,Nil,0,0,0,0,0,0,Urban,0,0,0,Fine,Null
1768741.8004,5911602.7135,911313,,523112,0,0,0,1,0,Null,2024/2025,TI RAKAU DRIVE,BURSWOOD DRIVE,,Non-Injury Crash,No,2025,0,West,0,0,0,Flat,0,,0,,0,Dark,711404,0,0,0,3,0,0,0,0,0,,0,1,Auckland Region,Nil,1-way,Sealed,0,0,0,0,50,0,On,0,0,,76,Auckland,Traffic Signals,0,0,0,0,0,0,Urban,0,0,0,Fine,Null
1755856.1437,5935656.6311,911314,,507101,0,,0,1,,Null,2025/2026,VALLEY ROAD,BEACH ROAD,,Non-Injury Crash,No,2025,,West,,0,,Hill Road,,,,,,Overcast,162200,0,0,0,2,,,0,,,,,,Auckland Region,Nil,2-way,Sealed,,0,0,,50,,Off,1,0,,76,Auckland,Give way,,,,,0,0,Urban,0,,,Light rain,Null
1750984.4959,5927072.0385,911321,,510010,0,0,0,3,0,Null,2025/2026,BEACH HAVEN ROAD,PARAGON AVENUE,,Non-Injury Crash,No,2026,0,West,0,0,0,Flat,0,,0,,0,Bright sun,342801,0,0,0,2,0,0,0,0,1,,0,0,Auckland Region,Nil,2-way,Sealed,0,0,0,0,50,0,Off,0,0,,76,Auckland,Stop,0,0,0,0,0,0,Urban,0,0,0,Fine,Null
1761666.5645,5915826.7228,911322,,516003,0,,0,1,,North,2024/2025,MARUA ROAD,LADIES MILE,,Non-Injury Crash,No,2024,,West,,0,,Null,,,,,,Bright sun,494806,0,1,0,2,,,0,,,,,,Auckland Region,Nil,2-way,Sealed,,0,0,,50,,Null,0,0,,76,Auckland,Nil,,,,,0,0,Urban,0,,,Fine,Null
1768545.7123,5904498.4394,911327,,523820,0,,0,2,,East,2025/2026,REDOUBT ROAD,BIRCHLEA RISE,,Non-Injury Crash,No,2025,,East,,0,,Hill Road,,,,,,Dark,759901,0,0,0,4,,,0,,,,,,Auckland Region,Nil,2-way,Sealed,,0,0,,50,,Off,0,0,20,76,Auckland,Nil,,,,,0,0,Urban,0,,,Light rain,Null
1766729.6688,5904420.3374,911330,,524604,0,,0,1,,Null,2024/2025,LAMBIE DRIVE,RONWOOD AVENUE,,Non-Injury Crash,No,2025,,South,,0,,Flat,,,,,,Bright sun,780209,0,0,0,2,,,0,,,,,,Auckland Region,Nil,1-way,Sealed,,0,0,,50,,Off,1,0,,76,Auckland,Give way,,,,,0,0,Urban,0,,,Fine,Null
1768252.1169,5903721.9765,911335,,523820,0,0,0,1,0,South,2025/2026,SOUTHERN MOTORWAY,LINK 1N SBD OBR,,Non-Injury Crash,Yes,2026,0,South,0,0,0,Flat,1,,0,,0,Dark,760142,0,0,0,3,0,0,0,0,0,,0,0,Auckland Region,Nil,1-way,Sealed,0,0,0,0,100,0,On,0,0,,76,Auckland,Nil,0,0,0,0,0,0,Open,0,0,0,Fine,Null
1745270.0996,5919438.4541,911339,,513301,0,,0,2,,North,2025/2026,LINCOLN ROAD,POINSETTIA PLACE,,Non-Injury Crash,No,2025,,South,,0,,Flat,,,,,,Overcast,232003,0,0,0,4,,,0,,,,,,Auckland Region,Nil,2-way,Sealed,,0,0,,50,,Off,0,0,,76,Auckland,Nil,,,,,0,0,Urban,0,,,Fine,Null
1753016.8299,5912916.1411,911341,,518901,0,0,0,0,0,South,2025/2026,KIMBER HALL AVENUE,BOUNDARY ROAD,,Non-Injury Crash,No,2025,0,North,0,0,0,Null,0,,0,,0,Unknown,586500,0,0,0,2,0,0,0,0,1,,0,0,Auckland Region,Nil,2-way,Null,0,0,0,0,50,0,Null,1,0,,76,Auckland,Nil,0,0,0,0,0,0,Urban,1,0,0,Null,Null
1758800.4259,5912422.6463,911342,,519820,0,,0,2,,Null,2025/2026,SELWYN STREET,ARTHUR STREET,,Non-Injury Crash,No,2025,,South,,0,,Hill Road,,,,,,Overcast,600400,0,0,0,2,,,0,,,,,,Auckland Region,Nil,2-way,Sealed,,0,0,,50,,Off,0,0,,76,Auckland,Stop,,,,,0,0,Urban,0,,,Fine,Null
1755223.8882,5914473.6689,911345,,518500,0,,0,1,,Null,2025/2026,DOMINION ROAD,KEYSTONE AVENUE,,Non-Injury Crash,No,2025,,South,,0,,Flat,,,,,,Bright sun,560900,0,0,0,4,,,0,,,,,,Auckland Region,Nil,2-way,Sealed,,0,0,,50,,Off,1,0,,76,Auckland,Stop,,,,,0,0,Urban,0,,,Fine,Null
1775679.2091,5885824.6091,911348,,521132,0,,0,0,,South,2025/2026,SOUTHERN MOTORWAY,RAMARAMA ON RAMP,,Minor Crash,Yes,2026,,South,,0,,Flat,,,,,,Overcast,814200,1,0,0,2,,,0,,,,,,Auckland Region,Nil,1-way,Sealed,,0,0,,100,,Off,0,0,,76,Auckland,Nil,,,,,1,0,Open,0,,,Fine,Null
1759532.961,5908886.5096,911351,,524002,0,0,0,1,0,Null,2025/2026,CORONATION ROAD,CORONATION ROAD ON RAMP,,Non-Injury Crash,No,2025,0,North,0,0,0,Flat,0,,0,,0,Overcast,724101,0,0,0,1,0,0,0,0,0,,0,0,Auckland Region,Motorway ramp,1-way,Sealed,0,0,0,0,50,0,Off,0,0,,76,Auckland,Give way,1,1,0,0,0,0,Urban,0,0,0,Fine,Null
1758070.607,5905049.5893,911352,,524200,1,,0,0,,North,2025/2026,LANDING DRIVE,SIR KEITH PARK AVENUE,,Fatal Crash,No,2026,,South,,1,,Flat,,,,,,Overcast,727000,0,0,0,2,,,0,,,,,,Auckland Region,Nil,2-way,Sealed,,0,0,,50,,Off,0,0,,76,Auckland,Nil,,,,,0,0,Urban,0,,,Fine,Null
1771748.5785,5898191.1746,911354,,523912,0,0,0,3,0,South,2025/2026,ARION ROAD,RAUPO STREET,,Non-Injury Crash,No,2025,0,South,0,0,0,Flat,0,,0,,0,Bright sun,767400,0,0,0,2,0,0,0,0,2,,0,0,Auckland Region,Nil,2-way,Sealed,0,0,0,0,50,0,Off,0,0,,76,Auckland,Nil,0,0,0,0,0,0,Urban,0,0,0,Fine,Null
1771966.7341,5898376.1747,911355,,523912,0,0,0,1,0,South,2024/2025,PORCHESTER ROAD,MARENGO PARKWAY,,Non-Injury Crash,No,2025,0,South,0,0,0,Flat,0,,0,,0,Dark,765403,0,0,0,2,0,0,0,0,0,,0,1,Auckland Region,Nil,2-way,Sealed,0,0,0,0,50,0,On,0,0,,76,Auckland,Nil,0,0,0,0,0,0,Urban,0,0,0,Light rain,Null
1738641.0221,5969706.9817,911357,,506613,0,0,0,1,0,South,2024/2025,SCHOOL ROAD,KAIPARA FLATS ROAD,,Non-Injury Crash,No,2025,0,East,0,0,0,Flat,0,,0,,0,Overcast,145400,0,0,0,2,0,0,0,0,1,,0,0,Auckland Region,Nil,2-way,Sealed,0,0,0,0,40,0,None,0,0,,76,Auckland,Nil,0,0,0,0,0,0,Urban,1,0,0,Light rain,Strong wind
1746422.0132,5912074.2345,911358,25,512600,0,0,0,1,0,Null,2025/2026,WITHERS ROAD,ANNISON AVENUE,,Non-Injury Crash,No,2025,0,South,0,0,0,Flat,0,,0,,0,Twilight,299405,0,0,0,2,0,0,0,0,0,,0,1,Auckland Region,Speed hump,2-way,Sealed,0,0,0,0,50,0,On,0,0,,76,Auckland,Stop,0,0,0,0,0,0,Urban,0,0,0,Fine,Strong wind
1764175.6674,5910125.7503,911359,,521901,0,,0,2,,Null,2024/2025,ATKINSON AVENUE,PRINCES STREET,,Non-Injury Crash,No,2025,,North,,0,,Flat,,,,,,Bright sun,782400,0,0,0,5,,,0,,,,,,Auckland Region,Nil,2-way,Sealed,,0,0,,50,,Null,0,0,,76,Auckland,Traffic Signals,,,,,0,0,Urban,0,,,Fine,Null
1759334.4735,5909602.7958,911362,,524002,0,0,0,1,0,East,2025/2026,HASTIE AVENUE,CORONATION ROAD,,Non-Injury Crash,No,2025,0,West,0,0,0,Flat,0,,0,,0,Dark,724300,0,0,0,2,0,0,0,0,1,,0,0,Auckland Region,Nil,2-way,Sealed,0,0,0,0,50,0,None,0,0,,76,Auckland,Nil,0,0,0,0,0,0,Urban,1,0,0,Fine,Null
1747051.1767,5969751.2915,911370,,506613,0,0,0,0,0,North,2025/2026,FALLS ROAD,WOODCOCKS ROAD,,Non-Injury Crash,No,2026,0,South,0,0,0,Hill Road,0,,0,,0,Twilight,146003,0,0,0,1,0,0,0,0,0,,0,0,Auckland Region,Bridge,2-way,Sealed,0,0,0,1,60,0,None,1,0,,76,Auckland,Nil,0,0,0,0,0,0,Urban,0,0,1,Heavy rain,Strong wind
1765340.8192,5914842.5188,911378,,520601,0,0,0,1,0,South,2024/2025,TE KOA ROAD,KAPUNI ROAD,,Non-Injury Crash,No,2025,0,North,0,0,0,Flat,0,,0,,0,Dark,630700,0,0,0,2,0,0,0,0,0,,0,1,Auckland Region,Nil,2-way,Sealed,0,0,0,0,50,0,On,0,0,,76,Auckland,Nil,0,0,0,0,0,0,Urban,0,0,0,Light rain,Null
1760866.1559,5909164.5253,911381,,524404,0,0,0,1,0,Null,2024/2025,FAVONA ROAD,WHAKAARO LANE,,Minor Crash,No,2024,0,West,0,0,0,Flat,0,,0,,0,Overcast,730100,1,0,0,2,0,0,0,0,1,,0,0,Auckland Region,Nil,2-way,Sealed,0,0,0,0,50,0,Off,1,0,,76,Auckland,Nil,0,0,0,0,0,0,Urban,0,0,0,Fine,Null
1771147.8245,5915014.5397,911384,,521601,0,0,0,2,0,North,2024/2025,O'HALLORAN ROAD,JEFF PLACE,,Non-Injury Crash,No,2024,0,North,0,0,0,Flat,0,,0,,0,Overcast,645900,0,0,0,2,0,0,0,0,1,,0,0,Auckland Region,Nil,2-way,Sealed,0,0,0,0,50,0,Off,0,0,,76,Auckland,Nil,0,0,0,0,0,0,Urban,0,0,0,Fine,Null
1748414.6949,5913950.746,911386,,511700,0,,0,0,,West,2025/2026,GREAT NORTH ROAD,LYNWOOD ROAD,,Minor Crash,No,2025,,East,,0,,Flat,,,,,,Bright sun,270202,1,0,0,4,,,0,,,,,,Auckland Region,Nil,2-way,Sealed,,0,0,,50,,Off,0,0,,76,Auckland,Nil,,,,,0,0,Urban,2,,,Fine,Null
1768534.7719,5883543.415,911387,,521111,0,,0,2,,Null,2024/2025,PAERATA ROAD,BUTCHER ROAD,,Minor Crash,Yes,2025,,North,,0,,Flat,,,,,,Overcast,826602,1,0,0,2,,,0,,,,,,Auckland Region,Nil,2-way,Sealed,,0,0,,70,,Off,0,0,,76,Auckland,Give way,,,,,0,0,Urban,0,,,Fine,Null
1768996.0374,5882209.6367,911394,,525910,0,0,0,1,0,Null,2024/2025,PAERATA ROAD,CAPE HILL ROAD,,Non-Injury Crash,No,2024,0,East,0,0,0,Flat,0,,0,,0,Bright sun,818200,0,0,0,2,0,0,0,0,0,,0,0,Auckland Region,Nil,2-way,Sealed,2,0,0,0,50,0,Off,1,0,,76,Auckland,Give way,0,0,0,0,0,0,Urban,0,0,0,Fine,Null
1756142.7877,5923946.123,911396,,509800,0,,0,3,,South,2024/2025,NORTHERN MOTORWAY,NORTHERN BUSWAY,,Non-Injury Crash,Yes,2025,,South,,0,,Flat,,,,,,Dark,361200,0,0,0,5,,,0,,,,,,Auckland Region,Nil,1-way,Sealed,,0,0,,80,,On,0,0,,76,Auckland,Nil,,,,,0,0,Open,0,,,Fine,Null
1769188.2523,5900416.3194,911399,,524902,0,,0,3,,North,2023/2024,GREAT SOUTH ROAD,MYERS ROAD,,Non-Injury Crash,No,2023,,North,,0,,Flat,,,,,,Bright sun,758400,0,0,0,2,,,0,,,,,,Auckland Region,Speed hump,2-way,Sealed,,0,0,,50,,Off,0,0,,76,Auckland,Nil,,,,,0,0,Urban,0,,,Fine,Null
1759189.9398,5911195.7173,911401,,519820,0,,0,3,,South,2023/2024,SOUTH-WESTERN MOTORWAY,NEILSON STREET ON RAMP,,Non-Injury Crash,Yes,2024,,South,,0,,Hill Road,,,,,,Dark,602503,0,0,0,4,,,0,,,,,,Auckland Region,Bridge,1-way,Sealed,,0,0,,100,,On,0,0,,76,Auckland,Nil,,,,,0,0,Open,0,,,Fine,Null
1752222.4266,5925280.0045,911403,,510220,0,0,0,2,0,Null,2024/2025,OFF ROAD - MOBIL STATION,,,Minor Crash,No,2024,0,North,0,0,0,Hill Road,0,,0,,0,Dark,350504,1,0,0,,0,0,0,0,1,,0,0,Auckland Region,Nil,Off road,Sealed,0,0,0,0,,0,On,0,0,,76,Auckland,Nil,0,0,0,0,0,0,Urban,0,0,0,Fine,Null
1762033.7528,5882788.8113,911406,,521121,0,0,0,2,0,North,2024/2025,KINGSEAT ROAD,FLETCHER LANE,,Non-Injury Crash,No,2025,0,South,0,0,0,Flat,0,,0,,0,Dark,811300,0,0,0,2,0,0,0,0,1,,0,0,Auckland Region,Nil,2-way,Sealed,0,0,0,0,50,0,On,0,0,,76,Auckland,Nil,0,0,0,0,0,0,Urban,0,0,0,Fine,Null