X,Y,OBJECTID,advisorySpeed,areaUnitID,bicycle,bridge,bus,carStationWagon,cliffBank,crashDirectionDescription,crashFinancialYear,crashLocation1,crashLocation2,crashRoadSideRoad,crashSeverity,crashSHDescription,crashYear,debris,directionRoleDescription,ditch,fatalCount,fence,flatHill,guardRail,holiday,houseOrBuilding,intersection,kerb,light,meshblockId,minorInjuryCount,moped,motorcycle,NumberOfLanes,objectThrownOrDropped,otherObject,otherVehicleType,overBank,parkedVehicle,pedestrian,phoneBoxEtc,postOrPole,region,roadCharacter,roadLane,roadSurface,roadworks,schoolBus,seriousInjuryCount,slipOrFlood,speedLimit,strayAnimal,streetLight,suv,taxi,temporarySpeedLimit,tlaId,tlaName,trafficControl,trafficIsland,trafficSign,train,tree,truck,unknownVehicleType,urban,vanOrUtility,vehicle,waterRiver,weatherA,weatherB
1759184.9218,5913957.5482,911408,,519720,0,0,0,3,0,East,2024/2025,CAMPBELL ROAD,MARIRI ROAD,,Non-Injury Crash,No,2025,0,West,0,0,0,Hill Road,0,,0,,0,Overcast,593100,0,0,0,2,0,0,0,0,1,,0,0,Auckland Region,Nil,2-way,Sealed,0,0,0,0,50,0,On,1,0,,76,Auckland,Nil,0,0,0,0,0,0,Urban,0,0,0,Light rain,Null
1768696.8747,5901048.036,911412,,524901,0,,0,3,,South,2024/2025,GREAT SOUTH ROAD,STATION ROAD,,Non-Injury Crash,No,2025,,North,,0,,Flat,,,,,,Dark,757100,0,0,0,2,,,0,,,,,,Auckland Region,Nil,2-way,Sealed,,0,0,,50,,On,0,0,,76,Auckland,Nil,,,,,0,0,Urban,0,,,Fine,Null
1762798.2472,5912973.0235,911414,,520402,0,,0,3,,West,2024/2025,SOUTHERN MOTORWAY,SOUTH-EASTERN HWY OFF RAMP,,Non-Injury Crash,Yes,2025,,East,,0,,Flat,,,,,,Bright sun,642500,0,0,0,3,,,0,,,,,,Auckland Region,Nil,1-way,Sealed,,0,0,,100,,Off,0,0,,76,Auckland,Nil,,,,,0,0,Open,1,,,Fine,Null
1755400.6147,5928962.1742,911422,,508320,0,,1,1,,Null,2024/2025,TRISTRAM AVENUE,WAIRAU ROAD,,Non-Injury Crash,No,2025,,West,,0,,Hill Road,,,,,,Dark,198500,0,0,0,6,,,0,,,,,,Auckland Region,Nil,2-way,Sealed,,0,0,,50,,On,0,0,,76,Auckland,Traffic Signals,,,,,0,0,Urban,0,,,Fine,Null
1765717.6603,5908323.1643,911424,,523402,0,0,0,2,0,North,2024/2025,SOUTHERN MOTORWAY,BAIRDS OBR,,Non-Injury Crash,Yes,2024,0,South,0,0,0,Flat,1,,0,,0,Dark,697000,0,0,0,3,0,0,0,0,0,,0,0,Auckland Region,Nil,1-way,Sealed,0,0,0,0,100,0,On,0,0,,76,Auckland,Nil,0,0,0,0,0,0,Open,0,0,0,Fine,Null
1761544.8522,5914159.0815,911425,,520202,0,0,0,1,0,West,2024/2025,SOUTHERN MOTORWAY,ELLERSLIE-PANMURE HWY ON RAMP,,Non-Injury Crash,Yes,2025,0,South,0,0,0,Flat,1,,0,,0,Dark,612700,0,0,0,3,0,0,0,0,0,,0,1,Auckland Region,Nil,1-way,Sealed,0,0,0,0,100,0,On,0,0,,76,Auckland,Nil,0,0,0,0,0,0,Open,0,0,0,Light rain,Null
1770102.9668,5908882.7895,911429,,523115,0,0,0,1,0,South,2024/2025,CHAPEL ROAD,BARCALDINE ROAD,,Non-Injury Crash,No,2025,0,South,0,0,1,Flat,0,,0,,0,Dark,712106,0,0,0,2,0,0,0,0,1,,0,0,Auckland Region,Nil,2-way,Sealed,0,0,0,0,60,0,On,0,0,30,76,Auckland,Nil,0,1,0,1,0,0,Urban,1,0,0,Fine,Frost
1758224.4916,5913436.305,911435,,519710,0,,0,2,,Null,2024/2025,MANUKAU ROAD,CAMPBELL ROAD,,Non-Injury Crash,No,2025,,South,,0,,Flat,,,,,,Bright sun,594701,0,0,0,2,,,0,,,,,,Auckland Region,Nil,2-way,Sealed,,0,0,,50,,Null,0,0,,76,Auckland,Give way,,,,,0,0,Urban,0,,,Fine,Null
1782491.3953,5925837.3239,911436,,520801,0,,0,1,,East,2024/2025,BELGIUM STREET,WHARF ROAD,,Minor Crash,No,2025,,West,,0,,Flat,,,,,,Bright sun,515314,2,0,0,2,,,0,,,2,,,Auckland Region,Nil,2-way,Sealed,,0,0,,30,,Off,0,0,,76,Auckland,Nil,,,,,0,0,Urban,0,,,Fine,Null
1765126.3416,5909809.0563,911437,,521802,0,,0,3,,South,2024/2025,SOUTHERN MOTORWAY,TRENWITH OBR,,Non-Injury Crash,Yes,2025,,North,,0,,Flat,,,,,,Dark,788203,0,0,0,4,,,0,,,,,,Auckland Region,Motorway ramp,1-way,Sealed,,0,0,,100,,On,0,0,,76,Auckland,Nil,,,,,0,1,Open,0,,,Light rain,Null
1756220.3551,5927530.7967,911439,,507900,0,0,0,1,0,North,2025/2026,NORTHERN MOTORWAY,NORTHCOTE ROAD ON RAMP,,Non-Injury Crash,Yes,2025,0,North,0,0,0,Flat,1,,0,,0,Dark,305201,0,0,0,4,0,0,0,0,0,,0,0,Auckland Region,Nil,1-way,Sealed,0,0,0,0,100,0,On,0,0,,76,Auckland,Nil,0,0,0,0,0,0,Open,0,0,0,Fine,Null
1755009.2143,5915634.727,911441,,517703,0,0,0,3,0,East,2025/2026,CALGARY STREET,ARABI STREET,,Minor Crash,No,2025,0,East,0,0,0,Flat,0,,0,,1,Dark,538500,1,0,0,2,0,0,0,0,2,,0,0,Auckland Region,Nil,2-way,Sealed,0,0,0,0,30,0,On,0,0,,76,Auckland,Nil,0,0,0,0,0,0,Urban,0,0,0,Fine,Null
1751588.6353,5915251.1295,911442,,514401,0,,0,0,,East,2024/2025,NEW NORTH ROAD,BLOCKHOUSE BAY ROAD,,Non-Injury Crash,No,2025,,West,,0,,Null,,,,,,Bright sun,380001,0,0,0,5,,,0,,,,,,Auckland Region,Nil,2-way,Sealed,,0,0,,50,,Null,2,0,,76,Auckland,Nil,,,,,0,0,Urban,0,,,Fine,Null
1759569.9418,5920512.871,911450,,515902,1,0,0,1,0,East,2025/2026,TAMAKI DRIVE,SOLENT STREET,,Serious Crash,No,2025,0,West,0,0,0,Flat,0,,0,,0,Bright sun,454800,0,0,0,4,0,0,0,0,1,,0,0,Auckland Region,Nil,2-way,Sealed,0,0,1,0,50,0,Off,0,0,,76,Auckland,Nil,0,0,0,0,0,0,Urban,0,0,0,Fine,Strong wind
1773890.8746,5897012.1143,911451,,525610,0,,0,2,,Null,2024/2025,CLEVEDON ROAD,KELVIN ROAD,,Non-Injury Crash,No,2025,,South,,0,,Flat,,,,,,Overcast,797400,0,0,0,2,,,0,,,,,,Auckland Region,Nil,2-way,Sealed,,0,0,,50,,Null,0,0,,76,Auckland,Give way,,,,,0,0,Urban,0,,,Fine,Null
1761735.8766,5907149.4435,911452,,524520,0,0,0,2,0,North,2024/2025,JAMES STREET,VON STURMER STREET,,Non-Injury Crash,No,2025,0,South,0,0,0,Flat,0,,0,,0,Overcast,734902,0,0,0,2,0,0,0,0,1,,0,0,Auckland Region,Nil,2-way,Sealed,0,0,0,0,50,0,Off,0,0,,76,Auckland,Nil,0,0,0,0,0,0,Urban,0,0,0,Fine,Null
1767003.9817,5905015.5553,911453,,524603,0,0,0,0,0,East,2024/2025,RYAN PLACE,JACK CONWAY AVENUE,,Non-Injury Crash,No,2025,0,West,0,0,0,Flat,0,,0,,0,Twilight,780205,0,0,0,2,0,0,0,0,1,,0,0,Auckland Region,Nil,2-way,Sealed,0,0,0,0,50,0,On,0,0,40,76,Auckland,Nil,0,0,0,0,1,0,Urban,1,0,0,Fine,Null
1773261.8993,5899566.9911,911456,,523912,0,,0,2,,South,2024/2025,MILL ROAD,AIRFIELD ROAD,,Non-Injury Crash,No,2024,,South,,0,,Flat,,Christmas New Year,,,,Dark,765401,0,0,0,2,,,0,,,,,,Auckland Region,Nil,2-way,Sealed,,0,0,,80,,None,0,0,,76,Auckland,Nil,,,,,0,0,Open,0,,,Fine,Null
1753813.4847,5930207.2245,911467,,508420,1,,0,0,,Null,2024/2025,CARIBBEAN DRIVE,SUNSET ROAD,,Minor Crash,No,2025,,Null,,0,,Flat,,,,,,Bright sun,182709,1,0,0,2,,,0,,,,,,Auckland Region,Nil,2-way,Sealed,,0,0,,50,,Off,0,0,,76,Auckland,Give way,,,,,0,1,Urban,0,,,Fine,Null
1763442.2297,5904034.9979,911469,,524604,0,,0,3,,North,2024/2025,PUHINUI ROAD,PRICES ROAD,,Non-Injury Crash,Yes,2024,,East,,0,,Flat,,,,,,Bright sun,780902,0,0,0,2,,,0,,,,,,Auckland Region,Nil,2-way,Sealed,,0,0,,60,,Off,0,0,,76,Auckland,Nil,,,,,0,0,Urban,0,,,Fine,Null
1753562.8397,5928946.071,911472,45,508411,0,,0,2,,Null,2024/2025,GLENFIELD ROAD,JAMES STREET,,Minor Crash,No,2024,,South,,0,,Flat,,,,,,Bright sun,184000,1,0,0,4,,,0,,,,,,Auckland Region,Nil,2-way,Sealed,,0,0,,50,,Off,0,0,,76,Auckland,Stop,,,,,0,0,Urban,0,,,Fine,Null
1755594.2344,5925222.9496,911476,,509702,0,0,0,3,0,South,2024/2025,LAKE ROAD,KORORO STREET,,Non-Injury Crash,No,2024,0,South,0,0,0,Hill Road,0,,0,,0,Dark,366202,0,0,0,2,0,0,0,0,1,2,0,0,Auckland Region,Nil,2-way,Sealed,0,0,0,0,50,0,On,0,0,,76,Auckland,Nil,0,0,0,0,0,0,Urban,0,0,0,Light rain,Strong wind
1753661.7565,5929261.619,911478,,508411,0,,0,1,,Null,2024/2025,GLENFIELD ROAD,WAIRAU ROAD,,Non-Injury Crash,No,2024,,North,,0,,Null,,,,,,Unknown,184000,0,0,0,4,,,0,,,,,,Auckland Region,Nil,2-way,Sealed,,0,0,,50,,On,0,0,,76,Auckland,Traffic Signals,,,,,0,0,Urban,1,,,Fine,Null
1754459.1001,5916400.2695,911480,,517702,0,,0,0,,North,2024/2025,FOWLDS AVENUE,LOCARNO AVENUE,,Minor Crash,No,2025,,West,,0,,Flat,,,,,,Bright sun,540201,1,0,0,2,,,0,,,1,,,Auckland Region,Nil,2-way,Sealed,,0,0,,50,,Off,0,0,,76,Auckland,Nil,,,,,0,0,Urban,1,,,Fine,Null
1760166.202,5912297.7268,911481,,520000,0,0,0,2,0,East,2023/2024,CHURCH STREET,MOUNTJOY PLACE,,Non-Injury Crash,No,2024,0,East,0,0,0,Flat,0,,0,,0,Dark,607301,0,0,0,2,0,0,0,0,1,,0,0,Auckland Region,Nil,2-way,Sealed,0,0,0,0,50,0,On,0,0,,76,Auckland,Nil,0,0,0,0,0,0,Urban,0,0,0,Fine,Null
1769321.851,5911456.6101,911483,,523113,0,,0,2,,Null,2024/2025,TI RAKAU DRIVE,BURSWOOD DRIVE,,Non-Injury Crash,No,2025,,West,,0,,Flat,,,,,,Overcast,711703,0,0,0,3,,,0,,,,,,Auckland Region,Nil,1-way,Sealed,,0,0,,50,,Off,1,0,,76,Auckland,Traffic Signals,,,,,0,0,Urban,0,,,Fine,Null
1757060.2231,5919086.4166,911484,,514200,0,,0,2,,Null,2024/2025,ALEX EVANS STREET,SYMONDS STREET,,Minor Crash,No,2025,,East,,0,,Hill Road,,,,,,Bright sun,412302,1,0,0,4,,,0,,,,,,Auckland Region,Nil,2-way,Sealed,,0,0,,50,,Off,0,0,,76,Auckland,Traffic Signals,,,,,0,0,Urban,0,,,Fine,Null
1727775.6169,5940123.3309,911486,,506644,0,0,0,1,0,West,2024/2025,TE PUA SCHOOL ROAD,SH 16,,Non-Injury Crash,No,2024,0,West,0,0,0,Flat,0,,0,,0,Twilight,211002,0,0,0,2,0,0,0,0,0,,0,1,Auckland Region,Nil,2-way,Unsealed,0,0,0,0,100,0,None,0,0,,76,Auckland,Nil,0,0,0,0,0,0,Open,0,0,0,Fine,Null
1760092.2475,5908877.7316,911489,,524403,0,,0,1,,Null,2025/2026,MAHUNGA DRIVE,MAHUNGA DRIVE,,Non-Injury Crash,No,2025,,South,,0,,Null,,,,,,Unknown,729500,0,0,0,2,,,0,,,,,,Auckland Region,Nil,2-way,Null,,0,0,,60,,Null,0,0,,76,Auckland,Nil,,,,,0,1,Urban,0,,,Null,Null
1756462.7792,5883036.2488,911492,,521152,0,,0,0,,Null,2025/2026,WYMER ROAD,REID ROAD,,Non-Injury Crash,No,2025,,North,,0,,Flat,,,,,,Bright sun,834501,0,0,0,2,,,0,,,,,,Auckland Region,Nil,2-way,Sealed,,0,0,,80,,None,1,0,,76,Auckland,Give way,,,,,0,0,Open,1,,,Fine,Null
1755789.7078,5916492.4905,911495,,518201,1,0,0,0,0,South,2024/2025,DOMINION ROAD,MOUNT PLEASANT ROAD,,Minor Crash,No,2025,0,North,0,0,0,Flat,0,,0,,0,Overcast,552900,1,0,0,2,0,0,0,0,0,,0,0,Auckland Region,Nil,2-way,Sealed,0,0,0,0,50,0,On,0,0,,76,Auckland,Nil,0,0,0,0,1,0,Urban,0,1,0,Light rain,Null
1767587.0359,5905386.3088,911497,,524603,0,,0,1,,North,2023/2024,SOUTHERN MOTORWAY,TE IRIRANGI DRIVE ON RAMP,,Non-Injury Crash,Yes,2024,,North,,0,,Hill Road,,,,,,Unknown,780304,0,0,0,3,,,0,,,,,,Auckland Region,Nil,1-way,Sealed,,0,0,,100,,Off,1,0,,76,Auckland,Nil,,,,,0,0,Open,0,,,Fine,None
1756972.0856,5919210.4364,911498,,514200,0,0,0,1,0,East,2024/2025,NORTH-WESTERN MOTORWAY,1 LINK 16 INT,,Non-Injury Crash,Yes,2024,0,East,0,0,0,Flat,0,,0,,0,Twilight,412302,0,0,0,2,0,0,0,0,0,,0,0,Auckland Region,Nil,1-way,Sealed,0,0,0,0,80,0,Off,0,0,,76,Auckland,Nil,0,0,0,1,0,0,Open,0,0,0,Light rain,Null
1764936.0449,5917897.6657,911500,,517001,0,,0,1,,Null,2024/2025,APIRANA AVENUE,CASTLEDINE CRESCENT,,Minor Crash,No,2025,,South,,0,,Hill Road,,,,,,Dark,463901,1,0,1,2,,,0,,,,,,Auckland Region,Nil,2-way,Sealed,,0,0,,50,,On,0,0,,76,Auckland,Stop,,,,,0,0,Urban,0,,,Fine,Null
1753809.1758,5918362.7352,911506,,515431,0,,0,1,,Null,2024/2025,GREAT NORTH ROAD,ST LUKES ROAD,,Non-Injury Crash,No,2024,,East,,0,,Null,,,,,,Unknown,405000,0,0,0,4,,,0,,,,,,Auckland Region,Nil,2-way,Null,,0,0,,50,,Null,0,0,,76,Auckland,Traffic Signals,,,,,0,0,Urban,0,,,Null,Null
1758033.5161,5920286.426,911507,,514103,0,,0,1,,Null,2022/2023,ANZAC AVENUE,ALTEN ROAD,,Non-Injury Crash,No,2023,,South,,0,,Hill Road,,,,,,Dark,438203,0,0,0,4,,,0,,,,,,Auckland Region,Nil,2-way,Sealed,,0,0,,30,,On,0,0,,76,Auckland,Traffic Signals,,,,,0,0,Urban,1,,,Light rain,None
1745201.2862,5919760.3884,911518,,513301,0,,0,1,,West,2024/2025,UNIVERSAL DRIVE,LINCOLN NORTH CPK ENT,,Minor Crash,No,2024,,East,,0,,Flat,,,,,,Bright sun,232001,1,0,0,4,,,0,,,,,,Auckland Region,Nil,2-way,Sealed,,0,0,,50,,Off,0,0,,76,Auckland,Traffic Signals,,,,,0,0,Urban,1,,,Fine,Null
1757781.5796,5927164.3407,911520,,508010,0,,0,2,,Null,2023/2024,ANZAC STREET,AUBURN STREET,,Non-Injury Crash,No,2024,,South,,0,,Null,,,,,,Bright sun,327300,0,0,0,2,,,0,,,,,,Auckland Region,Nil,2-way,Sealed,,0,0,,30,,Off,1,0,,76,Auckland,Traffic Signals,,,,,0,0,Urban,0,,,Fine,Null
1733556.2827,5931989.7291,911526,,505605,0,,0,1,,North,2024/2025,TAYLOR ROAD,WAIKOUKOU VALLEY ROAD,,Non-Injury Crash,No,2024,,South,,0,,Null,,,,,,Unknown,215700,0,0,0,2,,,0,,,,,,Auckland Region,Nil,2-way,Sealed,,0,0,,80,,Null,0,0,,76,Auckland,Nil,,,,,1,0,Open,0,,,Null,Null
1752859.1979,5915469.2979,911527,,517902,0,0,0,2,0,North,2024/2025,RICHARDSON ROAD,OWAIRAKA AVENUE,,Non-Injury Crash,No,2025,0,North,0,0,0,Flat,0,,0,,0,Dark,519200,0,0,0,2,0,0,0,0,1,,0,0,Auckland Region,Nil,2-way,Sealed,0,0,0,0,50,0,On,0,0,,76,Auckland,Nil,0,0,0,0,0,0,Urban,0,0,0,Fine,Null
1764960.8717,5903741.8726,911528,,524604,0,,0,0,,East,2025/2026,SOUTH-WESTERN MOTORWAY,CAVENDISH UNDERPASS,,Non-Injury Crash,Yes,2026,,East,,0,,Hill Road,,,,,,Bright sun,781301,0,0,0,2,,,0,,,,,,Auckland Region,Nil,1-way,Sealed,,0,0,,100,,Off,1,0,,76,Auckland,Nil,,,,,0,0,Open,1,,,Fine,Null
1771497.9812,5897841.4714,911529,,523912,0,,0,2,,Null,2025/2026,GREAT SOUTH ROAD,WALTERS ROAD,,Non-Injury Crash,No,2026,,South,,0,,Flat,,Christmas New Year,,,,Bright sun,767812,0,0,0,4,,,0,,,,,,Auckland Region,Nil,2-way,Sealed,,0,0,,50,,Null,0,0,,76,Auckland,Give way,,,,,0,0,Urban,0,,,Null,Null
1771092.734,5914695.4322,911532,,521601,0,,0,2,,Null,2025/2026,RIDGE ROAD,VINCENT STREET,,Non-Injury Crash,No,2025,,North,,0,,Null,,,,,,Bright sun,646300,0,0,0,2,,,0,,,,,,Auckland Region,Nil,2-way,Sealed,,0,0,,50,,Null,0,0,,76,Auckland,Stop,,,,,0,0,Urban,0,,,Fine,Null
1773265.5258,5898459.8102,911536,,523912,0,,0,1,,West,2025/2026,WALTERS ROAD,LEATHERWOOD ROAD,,Minor Crash,No,2025,,West,,0,,Null,,,,,,Overcast,765401,1,0,0,2,,,0,,,,,,Auckland Region,Nil,2-way,Sealed,,0,0,,50,,Null,1,0,,76,Auckland,Nil,,,,,0,1,Urban,0,,,Light rain,Null
1755920.0155,5917080.0233,911537,,518201,0,0,0,2,0,West,2025/2026,BURNLEY TERRACE,DOMINION ROAD,,Non-Injury Crash,No,2025,0,North,0,0,0,Flat,0,Labour Weekend,0,,0,Dark,549000,0,0,0,2,0,0,0,0,1,,0,0,Auckland Region,Nil,2-way,Sealed,0,0,0,0,50,0,On,0,0,,76,Auckland,Nil,0,0,0,0,0,0,Urban,0,0,0,Fine,Null
1750180.4814,5946696.4885,911539,,505806,0,,0,2,,Null,2025/2026,CENTRAL BOULEVARD,SILVERDALE STREET,,Non-Injury Crash,No,2025,,West,,0,,Hill Road,,,,,,Bright sun,176504,0,0,0,2,,,0,,,,,,Auckland Region,Nil,2-way,Sealed,,0,0,,50,,Off,0,0,,76,Auckland,Give way,,,,,0,0,Urban,0,,,Fine,Null
1756473.6336,5924432.2836,911541,,509702,0,0,0,1,0,South,2024/2025,ONEWA ROAD ON RAMP,ONEWA OBR ON,,Non-Injury Crash,No,2025,0,South,0,0,0,Hill Road,1,,0,,0,Overcast,366700,0,0,0,2,0,0,0,0,0,,0,0,Auckland Region,Motorway ramp,1-way,Sealed,0,0,0,0,80,0,Off,0,0,,76,Auckland,Nil,0,0,0,0,0,0,Open,0,0,0,Light rain,Null
1770213.0423,5899063.3314,911542,,523920,0,0,0,1,0,Null,2025/2026,GREAT SOUTH ROAD,MANUIA ROAD,,Minor Crash,No,2026,0,North,0,0,0,Flat,0,,1,,0,Overcast,768005,1,0,0,2,0,0,0,0,0,,1,0,Auckland Region,Nil,2-way,Sealed,0,0,0,0,50,0,Off,0,0,,76,Auckland,Stop,0,0,0,0,0,0,Urban,0,0,0,Fine,Frost
1760559.9103,5907032.391,911543,,524112,0,,0,2,,South,2025/2026,BADER DRIVE,ASHGROVE ROAD,,Minor Crash,No,2025,,East,,0,,Hill Road,,,,,,Bright sun,742101,2,0,0,2,,,0,,,,,,Auckland Region,Nil,1-way,Sealed,,0,0,,50,,Off,0,0,,76,Auckland,Nil,,,,,0,0,Urban,0,,,Fine,Null
1764013.5394,5908920.087,911551,,521901,0,,0,1,,West,2024/2025,MANGERE ROAD,PIKI THOMPSON WAY,,Non-Injury Crash,No,2024,,West,,0,,Flat,,,,,,Dark,785300,0,0,0,2,,,0,,,,,,Auckland Region,Nil,2-way,Sealed,,0,0,,50,,On,1,0,,76,Auckland,Nil,,,,,0,0,Urban,0,,,Light rain,Null
1767439.5665,5903922.0932,911552,,524602,0,0,0,1,0,East,2024/2025,SOUTH-WESTERN MOTORWAY,BARROWCLIFFE OBR,,Minor Crash,Yes,2025,0,West,0,0,0,Flat,1,,0,,0,Overcast,780411,1,0,0,2,0,0,0,0,0,,0,1,Auckland Region,Nil,1-way,Sealed,0,0,0,0,100,0,Off,0,0,,76,Auckland,Nil,0,0,0,0,0,0,Open,0,0,0,Fine,Null
1756656.7896,5918883.3222,911553,,514200,0,,0,1,,Null,2024/2025,NEWTON ROAD,FRANCE STREET SOUTH,,Minor Crash,No,2025,,East,,0,,Hill Road,,,,,,Overcast,412700,1,0,0,4,,,0,,,,,,Auckland Region,Nil,2-way,Sealed,,0,0,,50,,Off,1,0,,76,Auckland,Give way,,,,,0,0,Urban,0,,,Light rain,Strong wind
1752106.2021,5929912.3213,911557,,509100,0,,0,2,,Null,2024/2025,UPPER HARBOUR DRIVE,EMILY LANE,,Non-Injury Crash,No,2025,,North,,0,,Flat,,,,,,Bright sun,181200,0,0,0,2,,,0,,,,,,Auckland Region,Nil,2-way,Sealed,,0,0,,60,,Off,0,0,,76,Auckland,Stop,,,,,0,0,Urban,0,,,Fine,Null
1746170.7995,5925604.6028,911561,,513431,0,,0,1,,South,2025/2026,HOBSONVILLE ROAD,SUNCREST DRIVE,,Minor Crash,No,2025,,North,,0,,Hill Road,,,,,,Bright sun,223802,1,0,0,2,,,0,,,1,,,Auckland Region,Nil,2-way,Sealed,,0,0,,50,,Off,0,0,,76,Auckland,Nil,,,,,0,0,Urban,0,,,Fine,Null
1768329.1832,5882063.546,911562,,525910,0,,0,1,,Null,2025/2026,KAYES ROAD,MARGARITA RISE,,Minor Crash,No,2025,,North,,0,,Flat,,,,,,Bright sun,817901,1,0,1,2,,,0,,,,,,Auckland Region,Nil,2-way,Sealed,,0,0,,50,,Off,0,0,,76,Auckland,Give way,,,,,0,0,Urban,0,,,Fine,Null
1766778.4251,5904016.6835,911564,,524604,0,,0,2,,Null,2025/2026,LAMBIE DRIVE,MANUKAU STATION ROAD,,Non-Injury Crash,No,2025,,North,,0,,Flat,,,,,,Dark,780209,0,0,0,2,,,0,,,,,,Auckland Region,Nil,1-way,Sealed,,0,0,,50,,On,0,0,,76,Auckland,Traffic Signals,,,,,0,0,Urban,0,,,Light rain,Null
1749324.7362,5945751.255,911567,,505806,0,,0,2,,Null,2025/2026,HIBISCUS COAST HIGHWAY,HIBISCUS COAST HIGHWAY,,Non-Injury Crash,No,2025,,North,,0,,Flat,,,,,,Bright sun,176802,0,0,0,2,,,0,,,,,,Auckland Region,Nil,1-way,Sealed,,0,0,,60,,Off,0,0,,76,Auckland,Stop,,,,,0,0,Urban,0,,,Fine,Null
1765453.9531,5905846.7616,911570,,522202,0,0,0,2,0,West,2024/2025,ST GEORGE STREET,MAHON PLACE,,Minor Crash,No,2025,0,East,0,0,0,Flat,0,,0,,0,Dark,664200,2,0,0,2,0,0,0,0,1,,0,0,Auckland Region,Nil,2-way,Sealed,0,0,0,0,50,0,On,0,0,,76,Auckland,Nil,0,0,0,0,0,0,Urban,0,0,0,Fine,Null
1754880.0942,5930473.6159,911571,,508520,0,,0,0,,South,2025/2026,NORTHERN MOTORWAY,UPPER HARBOUR HWY ON RAMP,,Serious Crash,Yes,2025,,South,,0,,Flat,,,,,,Bright sun,192700,0,0,1,2,,,0,,,,,,Auckland Region,Nil,1-way,Sealed,,0,1,,100,,Off,0,0,,76,Auckland,Nil,,,,,0,0,Open,0,,,Fine,Null
1755453.6204,5918265.8522,911572,,515500,0,,0,2,,South,2024/2025,NORTH-WESTERN MOTORWAY,NEWTON ROAD OFF RAMP,,Non-Injury Crash,Yes,2024,,East,,0,,Flat,,Labour Weekend,,,,Bright sun,418900,0,0,0,4,,,0,,,,,,Auckland Region,Nil,1-way,Sealed,,0,0,,80,,Off,0,0,,76,Auckland,Nil,,,,,0,0,Open,0,,,Fine,Null
1769237.3687,5900322.3886,911573,,525002,0,,0,1,,Null,2025/2026,GREAT SOUTH ROAD,MYERS ROAD,,Non-Injury Crash,No,2025,,South,,0,,Null,,,,,,Unknown,753202,0,0,0,2,,,0,,,,,,Auckland Region,Nil,2-way,Sealed,,0,0,,50,,Null,0,0,,76,Auckland,Give way,,,,,0,1,Urban,0,,,Null,Null
1749523.4937,5914109.2244,911574,,511302,0,,0,2,,Null,2024/2025,RATA STREET,KAPONGA CRESCENT,,Non-Injury Crash,No,2024,,North,,0,,Null,,,,,,Overcast,268800,0,0,0,4,,,0,,,,,,Auckland Region,Nil,2-way,Null,,0,0,,50,,Null,0,0,,76,Auckland,Nil,,,,,0,0,Urban,0,,,Fine,Null
1765046.9999,5910326.9961,911577,,521801,0,,0,0,,North,2024/2025,SOUTHERN MOTORWAY,PRINCES OBR,,Non-Injury Crash,Yes,2024,,North,,0,,Flat,,,,,,Dark,787700,0,0,0,3,,,0,,,,,,Auckland Region,Nil,1-way,Sealed,,0,0,,100,,On,1,0,,76,Auckland,Nil,,,,,0,0,Open,1,,,Light rain,None
1751191.5562,5914292.4578,911583,,514402,0,,0,2,,East,2024/2025,SAINTLY LANE,ST GEORGES ROAD,,Non-Injury Crash,No,2024,,North,,0,,Null,,,,,,Unknown,379401,0,0,0,2,,,0,,,,,,Auckland Region,Nil,2-way,Sealed,,0,0,,50,,Null,0,0,,76,Auckland,Nil,,,,,0,0,Urban,0,,,Mist or Fog,Null
1773110.6097,5891787.4194,911584,,521301,0,,1,1,,Null,2024/2025,NORRIE ROAD,FIRTH STREET,,Non-Injury Crash,No,2025,,West,,0,,Flat,,,,,,Overcast,808701,0,0,0,2,,,0,,,,,,Auckland Region,Nil,2-way,Sealed,,0,0,,50,,None,0,0,,76,Auckland,Stop,,,,,0,0,Urban,0,,,Fine,Null
1750279.6004,5913244.0142,911587,,511303,0,,0,2,,North,2024/2025,ASTLEY AVENUE,MARGAN AVENUE,,Non-Injury Crash,No,2024,,South,,0,,Flat,,,,,,Bright sun,265001,0,0,0,2,,,0,,,,,,Auckland Region,Nil,2-way,Sealed,,0,0,,50,,Off,0,0,,76,Auckland,Nil,,,,,0,0,Urban,0,,,Fine,Null
1768176.5551,5902451.2857,911590,,524602,0,,0,2,,North,2024/2025,GREAT SOUTH ROAD,BROWNS ROAD,,Non-Injury Crash,No,2025,,South,,0,,Flat,,,,,,Bright sun,780700,0,0,0,3,,,0,,,,,,Auckland Region,Nil,2-way,Sealed,,0,0,,50,,Off,0,0,,76,Auckland,Nil,,,,,0,0,Urban,0,,,Fine,None
1749360.8509,5913198.6525,911593,,511401,0,,0,2,,Null,2024/2025,SEABROOK AVENUE,GARDNER AVENUE,,Non-Injury Crash,No,2025,,North,,0,,Flat,,,,,,Bright sun,264300,0,0,0,2,,,0,,,,,,Auckland Region,Nil,2-way,Sealed,,0,0,,50,,Off,0,0,,76,Auckland,Stop,,,,,0,0,Urban,0,,,Fine,Null