X,Y,OBJECTID,advisorySpeed,areaUnitID,bicycle,bridge,bus,carStationWagon,cliffBank,crashDirectionDescription,crashFinancialYear,crashLocation1,crashLocation2,crashRoadSideRoad,crashSeverity,crashSHDescription,crashYear,debris,directionRoleDescription,ditch,fatalCount,fence,flatHill,guardRail,holiday,houseOrBuilding,intersection,kerb,light,meshblockId,minorInjuryCount,moped,motorcycle,NumberOfLanes,objectThrownOrDropped,otherObject,otherVehicleType,overBank,parkedVehicle,pedestrian,phoneBoxEtc,postOrPole,region,roadCharacter,roadLane,roadSurface,roadworks,schoolBus,seriousInjuryCount,slipOrFlood,speedLimit,strayAnimal,streetLight,suv,taxi,temporarySpeedLimit,tlaId,tlaName,trafficControl,trafficIsland,trafficSign,train,tree,truck,unknownVehicleType,urban,vanOrUtility,vehicle,waterRiver,weatherA,weatherB
1765147.0722,5909712.0172,911595,,521802,0,,0,1,,South,2024/2025,SOUTHERN MOTORWAY,TRENWITH OBR,,Non-Injury Crash,Yes,2025,,North,,0,,Flat,,,,,,Overcast,788203,0,0,0,6,,,0,,,,,,Auckland Region,Nil,2-way,Sealed,,0,0,,100,,Off,0,0,,76,Auckland,Nil,,,,,0,0,Open,1,,,Light rain,Null
1757203.6665,5920904.7649,911600,,514102,0,,1,0,,Null,2025/2026,HOBSON STREET,WOLFE STREET,,Minor Crash,No,2025,,South,,0,,Flat,,,,,,Bright sun,433101,2,0,0,4,,,0,,,2,,,Auckland Region,Overpass,1-way,Sealed,,0,0,,30,,None,0,0,,76,Auckland,Traffic Signals,,,,,0,0,Urban,0,,,Fine,Null
1744510.5903,5921745.2464,911601,,513512,0,,0,1,,North,2024/2025,NORTH-WESTERN MOTORWAY,ROYAL ROAD OFF RAMP,,Non-Injury Crash,Yes,2024,,North,,0,,Flat,,,,,,Overcast,225702,0,0,0,4,,,0,,,,,,Auckland Region,Nil,1-way,Sealed,,0,0,,100,,Null,1,0,,76,Auckland,Nil,,,,,1,0,Open,1,,,Light rain,Null
1781612.3228,5916582.5207,911602,,523300,0,0,0,1,0,Null,2024/2025,TE PENE ROAD,MARAETAI DRIVE,,Non-Injury Crash,No,2024,0,North,0,0,1,Hill Road,0,Labour Weekend,0,,0,Overcast,719703,0,0,0,2,0,0,0,0,0,,0,0,Auckland Region,Nil,2-way,Sealed,0,0,0,0,50,0,None,0,0,,76,Auckland,Give way,0,0,0,0,0,0,Urban,0,0,0,Heavy rain,Strong wind
1745811.0905,5917460.2228,911604,,510700,0,,0,1,,North,2024/2025,EDMONTON ROAD,TAKAPU STREET,,Non-Injury Crash,No,2025,,North,,0,,Null,,,,,,Bright sun,240401,0,0,0,2,,,0,,,,,,Auckland Region,Nil,2-way,Sealed,,0,0,,50,,Null,1,0,,76,Auckland,Nil,,,,,0,0,Urban,0,,,Fine,Null
1755093.8019,5929151.7633,911607,,508420,0,,0,2,,Null,2024/2025,WAIRAU ROAD,VIEW ROAD,,Non-Injury Crash,No,2025,,North,,0,,Flat,,,,,,Bright sun,183800,0,0,0,5,,,0,,,,,,Auckland Region,Nil,2-way,Sealed,,0,0,,50,,None,0,0,,76,Auckland,Give way,,,,,0,0,Urban,0,,,Fine,Null
1764153.4677,5911236.9234,911610,,520500,0,0,0,2,0,North,2024/2025,MOUNT WELLINGTON HIGHWAY,HILLSIDE ROAD,,Minor Crash,No,2024,0,South,0,0,0,Flat,0,,0,,0,Bright sun,636500,1,0,0,2,0,0,0,0,1,,0,0,Auckland Region,Nil,2-way,Sealed,0,0,0,0,50,0,Off,0,0,,76,Auckland,Nil,0,0,0,0,0,0,Urban,1,0,0,Fine,Null
1749471.704,5948973.3382,911611,,506202,0,0,0,1,0,Null,2025/2026,ARRAN DRIVE,ARRAN POINT PARADE,,Non-Injury Crash,No,2025,0,South,0,0,0,Flat,0,,0,,0,Overcast,176412,0,0,0,1,0,0,0,0,0,,0,1,Auckland Region,Nil,2-way,Sealed,0,0,0,0,50,0,Off,0,0,,76,Auckland,Give way,0,0,0,0,0,0,Urban,0,0,0,Fine,Null
1764345.4795,5909396.1904,911615,,521802,0,,0,1,,Null,2024/2025,GREAT SOUTH ROAD,FORT RICHARD ROAD,,Non-Injury Crash,No,2025,,North,,0,,Null,,,,,,Unknown,788601,0,0,0,4,,,0,,,,,,Auckland Region,Nil,2-way,Sealed,,0,0,,50,,Null,0,0,,76,Auckland,Give way,,,,,0,0,Urban,0,,,Fine,Null
1770516.3319,5900765.5287,911616,,523816,0,0,0,2,0,Null,2024/2025,RIVERTON DRIVE,RANDWICK PLACE,,Non-Injury Crash,No,2024,0,East,0,0,0,Flat,0,,0,,0,Dark,759712,0,0,0,2,0,0,0,0,1,,0,0,Auckland Region,Nil,2-way,Sealed,0,0,0,0,50,0,On,0,0,,76,Auckland,Nil,0,0,0,0,0,0,Urban,0,0,0,Fine,Null
1758947.6865,5917094.1284,911619,,516001,0,,0,1,,Null,2024/2025,SOUTHERN MOTORWAY,MARKET ROAD OFF RAMP,,Minor Crash,Yes,2025,,South,,0,,Flat,,,,,,Twilight,491200,1,0,0,4,,,0,,,,,,Auckland Region,Nil,1-way,Sealed,,0,0,,100,,On,1,0,,76,Auckland,Nil,,,,,0,0,Open,0,,,Fine,Null
1739059.1701,5919325.0619,911620,,513702,0,,0,1,,West,2024/2025,WAITAKERE ROAD,KAY ROAD,,Serious Crash,No,2025,,West,,0,,Hill Road,,,,,,Overcast,237100,2,0,0,2,,,0,,,,,,Auckland Region,Nil,2-way,Sealed,,0,1,,80,,Off,1,0,,76,Auckland,Nil,,,,,0,0,Open,0,,,Fine,Null
1729761.6864,5931161.6977,911630,,506652,0,0,0,1,0,East,2024/2025,SH 16,MCPIKE ROAD,,Non-Injury Crash,Yes,2024,0,East,1,0,0,Flat,0,,0,,0,Bright sun,218000,0,0,0,2,0,0,0,0,0,,0,0,Auckland Region,Nil,2-way,Sealed,0,0,0,0,100,0,Off,0,0,,76,Auckland,Nil,0,0,0,0,0,0,Open,0,0,0,Fine,Null
1769192.2003,5905169.1304,911634,,523712,0,,0,2,,Null,2024/2025,MATTHEWS ROAD,ASPIRING AVENUE,,Non-Injury Crash,No,2025,,South,,0,,Hill Road,,,,,,Dark,716206,0,0,0,2,,,0,,,,,,Auckland Region,Nil,2-way,Sealed,,0,0,,50,,On,0,0,,76,Auckland,Give way,,,,,0,0,Urban,0,,,Fine,Null
1749853.1178,5912484.1792,911639,,511402,0,,0,2,,Null,2024/2025,ASTLEY AVENUE,CUTLER STREET,,Non-Injury Crash,No,2025,,North,,0,,Flat,,,,,,Bright sun,261803,0,0,0,2,,,0,,,,,,Auckland Region,Nil,2-way,Sealed,,0,0,,50,,Off,0,0,,76,Auckland,Stop,,,,,0,0,Urban,0,,,Fine,Null
1753158.8898,5925565.0387,911640,,510401,0,0,0,3,0,Null,2024/2025,PARK HILL ROAD,BERNE PLACE,,Non-Injury Crash,No,2025,0,South,0,0,0,Flat,0,,1,,0,Dark,354201,0,0,0,1,0,0,0,0,1,,0,0,Auckland Region,Nil,2-way,Sealed,0,0,0,0,50,0,On,0,0,,76,Auckland,Stop,0,0,0,0,0,0,Urban,0,0,0,Fine,Null
1759027.6062,5920533.284,911641,,515902,0,,0,1,,Null,2024/2025,TAMAKI DRIVE,THE STRAND,,Non-Injury Crash,No,2024,,West,,0,,Null,,,,,,Bright sun,454800,0,0,0,3,,,0,,,,,,Auckland Region,Nil,1-way,Sealed,,0,0,,50,,Off,0,0,,76,Auckland,Traffic Signals,,,,,0,1,Urban,0,,,Null,Null
1758275.2242,5917725.7538,911642,,515700,0,,0,2,,West,2024/2025,SOUTHERN MOTORWAY,NEWMARKET VDT,,Non-Injury Crash,Yes,2025,,West,,0,,Flat,,,,,,Dark,443300,0,0,0,3,,,0,,,,,,Auckland Region,Overpass,1-way,Sealed,,0,0,,80,,On,0,0,,76,Auckland,Nil,,,,,0,0,Open,0,,,Fine,Null
1764763.9205,5903681.0732,911650,,524604,0,,0,1,,Null,2025/2026,ROSCOMMON ROAD,ROSCOMMON ROAD,,Non-Injury Crash,No,2025,,North,,0,,Flat,,,,,,Dark,781200,0,0,0,2,,,0,,,,,,Auckland Region,Nil,2-way,Sealed,,0,0,,50,,On,0,0,30,76,Auckland,Nil,,,,,0,0,Urban,0,,,Fine,Null
1769463.1107,5900409.3661,911652,,524902,0,0,0,1,0,East,2025/2026,MYERS ROAD,LINCOLN ROAD,,Non-Injury Crash,No,2025,0,East,0,0,0,Flat,0,,0,,0,Overcast,758800,0,0,0,2,0,0,0,0,1,,0,0,Auckland Region,Nil,2-way,Sealed,0,0,0,0,30,0,Off,0,0,,76,Auckland,Nil,0,0,0,0,0,0,Urban,1,0,0,Fine,Null
1754705.4997,5915691.405,911658,,517702,0,,0,1,,Null,2025/2026,KITCHENER ROAD,SANDRINGHAM ROAD,,Minor Crash,No,2025,,East,,0,,Flat,,,,,,Dark,540900,1,0,0,2,,,0,,,1,,,Auckland Region,Nil,2-way,Sealed,,0,0,,50,,On,0,1,,76,Auckland,Give way,,,,,0,0,Urban,0,,,Fine,Null
1759257.2479,5907367.1568,911671,,524122,0,0,1,0,0,East,2025/2026,IDLEWILD AVENUE,CONVAIR CRESCENT,,Non-Injury Crash,No,2026,0,East,0,0,1,Flat,0,Christmas New Year,0,,0,Dark,738700,0,0,0,2,0,0,0,0,0,,0,0,Auckland Region,Nil,2-way,Sealed,0,0,0,0,50,0,On,0,0,,76,Auckland,Nil,0,0,0,0,0,0,Urban,0,0,0,Heavy rain,Null
1768494.7822,5901105.0783,911676,,525001,0,,0,2,,South,2025/2026,MAICH ROAD,NORTHCREST WAY,,Non-Injury Crash,No,2026,,North,,0,,Null,,,,,,Bright sun,751500,0,0,0,2,,,0,,,,,,Auckland Region,Nil,2-way,Sealed,,0,0,,50,,Null,0,0,,76,Auckland,Nil,,,,,0,0,Urban,0,,,Fine,Null
1766425.6629,5916459.1418,911681,,517100,0,,0,1,,Null,2024/2025,POINT ENGLAND ROAD,TAMATEA AVENUE,,Non-Injury Crash,No,2024,,West,,0,,Flat,,,,,,Overcast,477400,0,0,0,2,,,0,,,,,,Auckland Region,Nil,2-way,Sealed,,0,0,,50,,Off,0,0,,76,Auckland,Nil,,,,,0,1,Urban,0,,,Fine,None
1762732.2581,5905677.7545,911683,,524302,0,0,0,0,0,North,2024/2025,SOUTH-WESTERN MOTORWAY,PORTAGE OBR,,Non-Injury Crash,Yes,2025,0,South,0,0,0,Flat,1,,0,,0,Bright sun,745000,0,0,0,2,0,0,0,0,0,,0,0,Auckland Region,Overpass,1-way,Sealed,0,0,0,0,100,0,Off,0,0,,76,Auckland,Nil,0,0,0,0,0,0,Open,1,0,0,Fine,Null
1744794.6065,5920989.899,911694,,513631,0,0,0,0,0,South,2024/2025,WAIMUMU ROAD,HALLORAN PLACE,,Non-Injury Crash,No,2024,0,South,0,0,0,Hill Road,0,,0,,0,Dark,227803,0,0,0,2,0,0,0,0,0,,0,1,Auckland Region,Nil,2-way,Sealed,0,0,0,0,30,0,On,0,0,,76,Auckland,Nil,0,0,0,0,0,0,Urban,1,0,0,Fine,Null
1729150.6316,5964331.7372,911695,,506613,0,,0,0,,South,2023/2024,KAIPARA COAST HIGHWAY,OMAUMAU BR,,Non-Injury Crash,Yes,2024,,West,,0,,Flat,,,,,,Bright sun,146200,0,0,0,2,,,0,,,,,,Auckland Region,Nil,2-way,Sealed,,0,0,,100,,None,1,0,,76,Auckland,Nil,,,,,0,0,Open,0,,,Fine,Null
1746085.596,5907836.727,911696,,512801,0,0,0,1,0,South,2025/2026,LAINGHOLM DRIVE,DOROTHY ROAD,,Minor Crash,No,2025,0,South,0,0,0,Hill Road,0,,0,,0,Dark,302104,1,0,0,2,0,0,0,0,0,,0,1,Auckland Region,Nil,2-way,Sealed,0,0,0,0,50,0,On,0,0,,76,Auckland,Nil,0,0,0,1,0,0,Urban,0,0,0,Fine,Null
1766840.1283,5905416.1142,911697,,522400,0,0,0,1,0,East,2023/2024,PUHINUI ROAD,EDORVALE AVENUE,,Non-Injury Crash,No,2023,0,East,0,0,0,Flat,0,,0,,0,Unknown,671300,0,0,0,2,0,0,0,0,1,,0,0,Auckland Region,Nil,2-way,Sealed,0,0,0,0,50,0,Null,0,0,,76,Auckland,Nil,0,0,0,0,0,1,Urban,0,0,0,Null,None
1768531.9149,5911654.3297,911698,,523112,0,,0,2,,East,2024/2025,TI RAKAU DRIVE,TRUGOOD DRIVE,,Non-Injury Crash,No,2024,,West,,0,,Null,,,,,,Bright sun,711404,0,0,0,2,,,0,,,,,,Auckland Region,Nil,1-way,Sealed,,0,0,,50,,Null,0,0,,76,Auckland,Traffic Signals,,,,,0,0,Urban,0,,,Fine,Null
1770448.0414,5905250.1276,911699,,523712,0,0,0,2,0,South,2024/2025,TANNAGHMORE DRIVE,DRUMNACONAGHER ROAD,,Non-Injury Crash,No,2024,0,North,0,0,0,Null,0,,0,,0,Bright sun,713300,0,0,0,2,0,0,0,0,0,,0,0,Auckland Region,Nil,2-way,Sealed,0,0,0,0,50,0,Null,0,0,,76,Auckland,Nil,0,0,0,0,0,0,Urban,0,1,0,Fine,Null
1761360.1659,5906809.0738,911705,,524112,0,,0,2,,South,2024/2025,SOUTH-WESTERN MOTORWAY,MASSEY ROAD ON RAMP,,Non-Injury Crash,Yes,2024,,North,,0,,Flat,,,,,,Overcast,742201,0,0,0,2,,,0,,,,,,Auckland Region,Nil,1-way,Sealed,,0,0,,100,,Off,0,0,,76,Auckland,Nil,,,,,0,0,Open,0,,,Fine,Null
1773751.7416,5896445.1167,911709,,525620,0,0,0,1,0,South,2025/2026,LAURIE AVENUE,WILLIS ROAD,,Minor Crash,No,2025,0,North,0,0,1,Flat,0,,0,,0,Dark,797700,1,0,0,2,0,0,0,0,1,,0,0,Auckland Region,Nil,2-way,Sealed,0,0,0,0,50,0,On,2,0,,76,Auckland,Nil,0,0,0,1,0,0,Urban,1,0,0,Fine,Null
1759821.9437,5907464.5687,911710,,524121,0,0,0,0,0,Null,2024/2025,BADER DRIVE,COMET CRESCENT,,Non-Injury Crash,No,2025,0,South,0,0,0,Flat,0,Queens Birthday,0,,0,Dark,737600,0,0,0,2,0,0,0,0,0,,0,1,Auckland Region,Nil,2-way,Sealed,0,0,0,0,50,0,On,1,0,,76,Auckland,Give way,0,0,0,0,0,0,Urban,0,0,0,Light rain,Null
1744501.8284,5922533.157,911712,,513530,0,,0,1,,Null,2025/2026,ROYAL ROAD ON RAMP,ROYAL ROAD,,Minor Crash,No,2025,,West,,0,,Flat,,,,,,Bright sun,225802,1,0,0,4,,,0,,,,,,Auckland Region,Motorway ramp,2-way,Sealed,,0,0,,50,,Off,0,0,,76,Auckland,Traffic Signals,,,,,0,0,Urban,1,,,Fine,Null
1764371.7708,5905533.1785,911714,,522100,0,,1,1,,South,2025/2026,HILLSIDE ROAD,HILL ROAD,,Non-Injury Crash,No,2025,,South,,0,,Flat,,,,,,Bright sun,657900,0,0,0,2,,,0,,,,,,Auckland Region,Nil,2-way,Sealed,,0,0,,50,,Null,0,0,,76,Auckland,Nil,,,,,0,0,Urban,0,,,Light rain,Null
1742117.8609,5919396.7856,911715,,513101,0,,0,1,,South,2024/2025,BIRDWOOD ROAD,WAIMOKO GLEN,,Non-Injury Crash,No,2025,,North,,0,,Flat,,,,,,Bright sun,238002,0,0,0,2,,,0,,,,,,Auckland Region,Nil,2-way,Sealed,,0,0,,50,,Off,1,0,,76,Auckland,Nil,,,,,0,0,Urban,0,,,Fine,Null
1757654.5778,5918339.6044,911716,,514302,0,,0,2,,Null,2024/2025,KHYBER PASS ROAD ON RAMP,KHYBER PASS ROAD ON RAMP,,Non-Injury Crash,No,2025,,South,,0,,Flat,,,,,,Dark,442100,0,0,0,4,,,0,,,,,,Auckland Region,Nil,1-way,Sealed,,0,0,,80,,On,0,0,,76,Auckland,Nil,,,,,0,0,Open,1,,,Fine,Null
1736395.4917,5928945.151,911718,,505605,0,0,0,1,0,East,2025/2026,TRIGG ROAD,MOTU ROAD,,Non-Injury Crash,No,2025,0,East,1,0,0,Null,0,,0,,0,Dark,214700,0,0,0,2,0,0,0,0,0,,0,0,Auckland Region,Nil,2-way,Sealed,0,0,0,0,60,0,Null,0,0,,76,Auckland,Nil,0,0,0,0,0,0,Urban,0,0,0,Fine,Null
1770283.1481,5911194.4309,911719,,523113,0,,0,2,,South,2024/2025,TE IRIRANGI DRIVE,TE IRIRANGI DRIVE,,Non-Injury Crash,No,2024,,North,,0,,Flat,,,,,,Bright sun,711716,0,0,0,6,,,0,,,,,,Auckland Region,Nil,2-way,Sealed,,0,0,,50,,Off,0,0,30,76,Auckland,Give way,,,,,0,0,Urban,0,,,Fine,Frost
1766714.1273,5905848.6686,911720,,522302,0,,0,2,,Null,2025/2026,GREAT SOUTH ROAD,ALLENBY ROAD,,Minor Crash,No,2025,,West,,0,,Flat,,,,,,Overcast,669300,1,0,0,2,,,0,,,,,,Auckland Region,Nil,2-way,Sealed,,0,0,,50,,Off,0,0,,76,Auckland,Stop,,,,,0,0,Urban,0,,,Light rain,Null
1769888.7178,5901243.0942,911721,,523814,0,0,0,1,0,East,2024/2025,ALFRISTON ROAD,ALFRISTON OBR,,Non-Injury Crash,No,2025,0,East,0,0,0,Hill Road,1,,0,,0,Dark,759515,0,0,0,2,0,0,0,0,0,,0,0,Auckland Region,Bridge,2-way,Sealed,0,0,0,0,50,0,On,0,0,40,76,Auckland,Nil,0,0,0,0,0,0,Urban,0,0,0,Fine,Null
1765813.4989,5908042.5259,911724,,522301,0,,0,1,,South,2025/2026,SOUTHERN MOTORWAY,BAIRDS OBR,,Minor Crash,Yes,2025,,North,,0,,Flat,,,,,,Bright sun,696805,1,0,1,3,,,0,,,,,,Auckland Region,Nil,1-way,Sealed,,0,0,,100,,Off,0,0,,76,Auckland,Nil,,,,,0,0,Open,0,,,Fine,Null
1763744.2393,5905111.1332,911727,,524303,0,,0,1,,West,2024/2025,DAPHNE ROAD,FERNDOWN AVENUE,,Non-Injury Crash,No,2024,,East,,0,,Flat,,,,,,Bright sun,746308,0,0,2,1,,,0,,,,,,Auckland Region,Nil,2-way,Sealed,,0,0,,50,,Off,0,0,,76,Auckland,Nil,,,,,0,0,Urban,0,,,Fine,Null
1771123.8744,5906138.9376,911730,,523713,0,0,0,1,0,North,2025/2026,MURPHYS ROAD,FLAT BUSH SCHOOL ROAD,,Non-Injury Crash,No,2025,0,North,0,0,0,Flat,0,,0,,0,Overcast,713400,0,0,0,2,0,0,0,0,0,,0,1,Auckland Region,Nil,2-way,Sealed,0,0,0,0,60,0,Off,0,0,50,76,Auckland,Nil,0,0,0,0,0,0,Urban,0,0,0,Fine,Null
1761062.4236,5914374.073,911733,,520202,0,,0,2,,Null,2024/2025,GREAT SOUTH ROAD,ELLERSLIE-PANMURE HIGHWAY,,Non-Injury Crash,No,2024,,South,,0,,Flat,,,,,,Bright sun,612200,0,0,0,2,,,0,,,,,,Auckland Region,Nil,1-way,Sealed,,0,0,,50,,Off,0,0,,76,Auckland,Give way,,,,,0,0,Urban,0,,,Fine,Null
1756091.6897,5923398.1398,911738,,509800,0,,0,1,,North,2025/2026,NORTHERN MOTORWAY,HARBOUR BR N,,Non-Injury Crash,Yes,2025,,North,,0,,Hill Road,,,,,,Bright sun,359200,0,0,0,2,,,0,,,,,,Auckland Region,Bridge,1-way,Sealed,,0,0,,80,,Off,0,0,,76,Auckland,Nil,,,,,0,0,Open,0,,,Fine,Null
1746844.0562,5915258.2707,911740,,511800,0,,0,2,,Null,2023/2024,GREAT NORTH ROAD,AWAROA ROAD,,Non-Injury Crash,No,2024,,North,,0,,Hill Road,,,,,,Overcast,276400,0,0,0,4,,,0,,,,,,Auckland Region,Nil,2-way,Sealed,,0,0,,50,,Off,0,0,,76,Auckland,Stop,,,,,0,0,Urban,0,,,Fine,Null
1746266.1569,5916928.3907,911743,,510800,0,0,0,0,0,Null,2025/2026,GREAT NORTH ROAD,NORCROSS AVENUE,,Non-Injury Crash,No,2025,0,South,0,0,1,Flat,0,,0,,0,Dark,243502,0,0,0,2,0,0,0,0,0,,0,0,Auckland Region,Nil,2-way,Sealed,0,0,0,0,50,0,On,0,0,,76,Auckland,Stop,0,0,0,0,0,0,Urban,1,0,0,Light rain,Null
1765026.9177,5905791.5385,911745,,522202,0,,0,2,,Null,2024/2025,ST GEORGE STREET,KOLMAR ROAD,,Non-Injury Crash,No,2025,,East,,0,,Null,,,,,,Unknown,663400,0,0,0,3,,,0,,,,,,Auckland Region,Nil,2-way,Null,,0,0,,50,,Null,0,0,,76,Auckland,Traffic Signals,,,,,0,0,Urban,0,,,Null,Null
1759447.3201,5909108.871,911750,,524002,0,,0,1,,North,2025/2026,CORONATION ROAD,CORONATION ROAD,,Non-Injury Crash,No,2025,,North,,0,,Flat,,,,,,Dark,724101,0,0,0,2,,,0,,,,,,Auckland Region,Nil,2-way,Sealed,,0,0,,50,,On,0,0,,76,Auckland,Nil,,,,,0,0,Urban,1,,,Fine,Null
1750497.8012,5913742.2624,911754,,511303,0,0,0,1,0,Null,2024/2025,PORTAGE ROAD,CLARK STREET,,Serious Crash,No,2025,0,South,0,0,0,Flat,0,,0,,0,Overcast,265100,2,0,0,6,0,0,0,0,0,,0,0,Auckland Region,Nil,2-way,Sealed,0,0,1,0,50,0,Off,0,0,,76,Auckland,Traffic Signals,0,0,0,0,0,0,Urban,1,0,0,Fine,Null
1773561.5085,5896743.0024,911757,,525620,0,0,0,1,0,North,2023/2024,CLEVEDON ROAD,SHIRLEY AVENUE,,Non-Injury Crash,No,2024,0,West,0,0,0,Flat,0,Easter,0,,0,Dark,797100,0,0,0,2,0,0,0,0,1,,0,0,Auckland Region,Nil,2-way,Sealed,0,0,0,0,50,0,On,1,0,,76,Auckland,Nil,0,0,0,0,0,0,Urban,1,0,0,Fine,Null
1760240.5073,5913049.9707,911759,,520000,0,0,0,2,0,West,2023/2024,MOUNT SMART ROAD,CAPTAIN SPRINGS ROAD,,Non-Injury Crash,No,2024,0,West,0,0,0,Flat,0,,0,,0,Dark,605601,0,0,0,2,0,0,0,0,1,,0,1,Auckland Region,Nil,2-way,Sealed,0,0,0,0,50,0,On,0,0,,76,Auckland,Nil,0,0,0,0,0,0,Urban,0,0,0,Fine,Null
1765595.2424,5904784.4967,911763,,524603,0,,0,1,,Null,2022/2023,RANFURLY ROAD,FREYBERG AVENUE,,Non-Injury Crash,No,2023,,South,,0,,Flat,,Christmas New Year,,,,Unknown,673500,0,0,0,2,,,0,,,,,,Auckland Region,Nil,2-way,Sealed,,0,0,,50,,None,0,0,,76,Auckland,Give way,,,,,0,0,Urban,1,,,Fine,None
1769898.6042,5900153.746,911764,,523817,0,,0,1,,North,2025/2026,SOUTHERN MOTORWAY,PAPAKURA STM BR,,Serious Crash,Yes,2025,,South,,0,,Flat,,,,,,Bright sun,759738,0,0,1,3,,,0,,,,,,Auckland Region,Nil,1-way,Sealed,,0,1,,100,,Off,0,0,,76,Auckland,Nil,,,,,0,0,Open,1,,,Fine,Null
1771758.7041,5902897.4876,911765,,523819,0,,0,2,,Null,2022/2023,MILL ROAD,POLO PRINCE DRIVE,,Non-Injury Crash,No,2023,,North,,0,,Hill Road,,,,,,Overcast,760811,0,0,0,2,,,0,,,,,,Auckland Region,Nil,2-way,Sealed,,0,0,,50,,Off,0,0,,76,Auckland,Give way,,,,,0,0,Urban,0,,,Fine,None
1766558.253,5905941.8484,911767,,522302,0,,0,0,,South,2024/2025,GREAT SOUTH ROAD,CARLIE STREET,,Non-Injury Crash,No,2024,,North,,0,,Flat,,,,,,Overcast,669200,0,0,0,2,,,0,,,1,,,Auckland Region,Nil,2-way,Sealed,,0,0,,50,,Off,0,0,,76,Auckland,Nil,,,,,0,0,Urban,1,,,Light rain,Null
1728322.7802,5937212.8535,911769,,506642,0,,0,1,,South,2024/2025,SH 16,BRADLY ROAD,,Minor Crash,Yes,2025,,North,,0,,Flat,,,,,,Bright sun,211200,2,0,0,2,,,0,,,,,,Auckland Region,Nil,2-way,Sealed,,0,0,,100,,None,0,0,,76,Auckland,Nil,,,,,0,0,Open,1,,,Fine,Null
1766717.6514,5904802.7218,911770,,524603,0,0,0,0,0,Null,2024/2025,OFF ROAD CARPARK,,,Minor Crash,No,2025,0,East,0,0,0,Flat,0,,1,,0,Dark,780205,1,0,0,0,0,0,0,0,0,,0,0,Auckland Region,Nil,Off road,Sealed,0,0,0,0,10,0,On,0,0,,76,Auckland,Nil,0,0,0,0,0,0,Urban,1,0,0,Fine,Null
1773535.9738,5898846.1029,911772,,523912,0,,0,2,,Null,2024/2025,COSGRAVE ROAD,HAMLIN ROAD,,Non-Injury Crash,No,2025,,North,,0,,Flat,,,,,,Bright sun,765401,0,0,0,2,,,0,,,,,,Auckland Region,Nil,2-way,Sealed,,0,0,,60,,Off,0,0,,76,Auckland,Stop,,,,,0,0,Urban,0,,,Fine,Null
1761953.5747,5920086.6017,911775,,516400,1,0,0,1,0,East,2024/2025,TAMAKI DRIVE,WATENE CRESCENT,,Minor Crash,No,2024,0,South,0,0,0,Flat,0,Christmas New Year,0,,0,Overcast,498801,1,0,0,2,0,0,0,0,1,,0,0,Auckland Region,Nil,2-way,Sealed,0,0,0,0,50,0,Off,0,0,,76,Auckland,Nil,0,0,0,0,0,0,Urban,0,0,0,Fine,Null
1769387.0761,5904178.3837,911779,,523820,0,,0,1,,Null,2023/2024,GOODWOOD DRIVE,RIBBONWOOD CRESCENT,,Non-Injury Crash,No,2024,,North,,0,,Hill Road,,,,,,Bright sun,760136,0,0,0,2,,,0,,,,,,Auckland Region,Nil,2-way,Sealed,,0,0,,50,,Off,1,0,,76,Auckland,Stop,,,,,0,0,Urban,0,,,Fine,Null
1753869.361,5874731.3208,911781,,526105,0,,0,1,,Null,2024/2025,HULL ROAD,COLOMBO ROAD,,Serious Crash,No,2025,,North,,0,,Flat,,,,,,Overcast,835504,0,1,0,2,,,0,,,,,,Auckland Region,Nil,2-way,Sealed,,0,1,,50,,None,0,0,,76,Auckland,Stop,,,,,0,0,Urban,0,,,Fine,Null
1758655.2112,5913289.028,911786,,519710,0,,0,1,,West,2025/2026,MOUNT SMART ROAD,SELWYN STREET,,Non-Injury Crash,No,2025,,East,,0,,Flat,,,,,,Overcast,595400,0,0,0,2,,,0,,,,,,Auckland Region,Nil,2-way,Sealed,,0,0,,50,,Off,1,0,,76,Auckland,Nil,,,,,0,0,Urban,0,,,Fine,Null
1745966.9952,5925314.6998,911787,,513431,1,,0,1,,South,2024/2025,HOBSONVILLE ROAD,HENDRIKA COURT,,Minor Crash,No,2025,,North,,0,,Flat,,,,,,Bright sun,223802,1,0,0,2,,,0,,,,,,Auckland Region,Nil,2-way,Sealed,,0,0,,50,,Off,0,0,,76,Auckland,Nil,,,,,0,0,Urban,0,,,Fine,Null
1771058.8719,5915628.8069,911799,,522712,0,0,0,2,0,West,2023/2024,GILLS ROAD,BLEAKHOUSE ROAD,,Non-Injury Crash,No,2024,0,West,0,0,0,Hill Road,0,,0,,0,Dark,680602,0,0,0,2,0,0,0,0,1,,0,0,Auckland Region,Nil,2-way,Sealed,0,0,0,0,50,0,On,0,0,,76,Auckland,Nil,0,0,0,0,0,0,Urban,2,0,0,Fine,Null
1772659.808,5891194.985,911800,,521301,0,,0,1,,South,2025/2026,GREAT SOUTH ROAD,MERCER STREET,,Non-Injury Crash,Yes,2025,,South,,0,,Flat,,,,,,Dark,808702,0,0,0,2,,,0,,,,,,Auckland Region,Nil,2-way,Sealed,,0,0,,60,,On,0,0,30,76,Auckland,Nil,,,,,0,0,Urban,1,,,Fine,Null
1745582.5717,5916446.2484,911803,,510800,0,,0,2,,Null,2024/2025,VIEW ROAD,VITASOVICH AVENUE,,Non-Injury Crash,No,2024,,South,,0,,Flat,,,,,,Bright sun,244500,0,0,0,2,,,0,,,,,,Auckland Region,Bridge,2-way,Sealed,,0,0,,50,,Off,0,0,,76,Auckland,Traffic Signals,,,,,0,0,Urban,0,,,Fine,Null