X,Y,OBJECTID,advisorySpeed,areaUnitID,bicycle,bridge,bus,carStationWagon,cliffBank,crashDirectionDescription,crashFinancialYear,crashLocation1,crashLocation2,crashRoadSideRoad,crashSeverity,crashSHDescription,crashYear,debris,directionRoleDescription,ditch,fatalCount,fence,flatHill,guardRail,holiday,houseOrBuilding,intersection,kerb,light,meshblockId,minorInjuryCount,moped,motorcycle,NumberOfLanes,objectThrownOrDropped,otherObject,otherVehicleType,overBank,parkedVehicle,pedestrian,phoneBoxEtc,postOrPole,region,roadCharacter,roadLane,roadSurface,roadworks,schoolBus,seriousInjuryCount,slipOrFlood,speedLimit,strayAnimal,streetLight,suv,taxi,temporarySpeedLimit,tlaId,tlaName,trafficControl,trafficIsland,trafficSign,train,tree,truck,unknownVehicleType,urban,vanOrUtility,vehicle,waterRiver,weatherA,weatherB
1752713.6281,5930163.0924,911804,,509100,0,0,0,1,0,East,2024/2025,ALBANY HIGHWAY,UPPER HARBOUR DRIVE,,Non-Injury Crash,No,2024,0,South,0,0,1,Flat,0,,0,,0,Dark,181200,0,0,0,2,0,0,0,0,0,,0,0,Auckland Region,Nil,2-way,Sealed,0,0,0,0,60,0,On,0,0,,76,Auckland,Nil,0,0,0,0,0,0,Urban,0,0,0,Fine,Null
1756594.6625,5927372.9295,911805,,507900,0,,0,1,,Null,2023/2024,NORTHCOTE ROAD,THE AVENUE,,Non-Injury Crash,No,2024,,West,,0,,Flat,,,,,,Dark,305202,0,0,0,4,,,0,,,,,,Auckland Region,Nil,2-way,Sealed,,0,0,,50,,On,1,0,,76,Auckland,Traffic Signals,,,,,0,0,Urban,0,,,Heavy rain,Null
1764296.593,5914941.3868,911812,,520301,0,0,0,0,0,Null,2024/2025,ELLERSLIE-PANMURE HIGHWAY,MOUNTAIN ROAD,,Non-Injury Crash,No,2025,0,East,0,0,0,Hill Road,0,,0,,0,Bright sun,626404,0,0,0,4,0,0,0,0,0,,0,0,Auckland Region,Nil,2-way,Sealed,0,0,0,0,50,0,None,0,0,,76,Auckland,Give way,0,1,0,0,1,0,Urban,0,0,0,Fine,Null
1768910.8281,5914219.4562,911819,,522721,0,0,0,2,0,East,2024/2025,PAKURANGA ROAD,CASCADES ROAD,,Non-Injury Crash,No,2024,0,South,0,0,1,Flat,0,,0,,0,Overcast,681215,0,0,0,5,0,0,0,0,0,,0,0,Auckland Region,Nil,2-way,Sealed,0,0,0,0,50,0,Off,0,1,,76,Auckland,Nil,0,0,0,0,0,0,Urban,0,0,0,Fine,Null
1763858.0776,5906853.1754,911822,,524301,0,0,0,1,0,South,2024/2025,GRAY AVENUE,HANGA PLACE,,Non-Injury Crash,No,2025,0,North,0,0,0,Null,0,,0,,0,Bright sun,656600,0,0,0,2,0,0,0,0,1,,0,0,Auckland Region,Nil,2-way,Sealed,0,0,0,0,50,0,Null,0,0,,76,Auckland,Nil,0,0,0,0,0,1,Urban,0,0,0,Fine,Null
1756711.6069,5919162.9251,911823,,514200,0,0,0,0,0,North,2024/2025,NORTH-WESTERN MOTORWAY,WAIMA FTBR,,Non-Injury Crash,Yes,2024,0,West,0,0,0,Hill Road,1,,0,,0,Overcast,412900,0,0,0,1,0,0,0,0,0,,0,0,Auckland Region,Motorway ramp,1-way,Sealed,0,0,0,0,80,0,Off,0,0,,76,Auckland,Nil,0,0,0,0,0,0,Open,1,0,0,Mist or Fog,Null
1765191.7783,5918507.2526,911827,,516900,0,0,0,3,0,North,2024/2025,ST HELIERS BAY ROAD,LAMMERMOOR DRIVE,,Non-Injury Crash,No,2024,0,North,0,0,0,Flat,0,,0,,0,Dark,465503,0,0,0,2,0,0,0,0,2,,0,0,Auckland Region,Nil,2-way,Sealed,0,0,0,0,50,0,On,0,0,,76,Auckland,Nil,0,0,0,0,0,0,Urban,0,0,0,Fine,Null
1754922.9043,5917744.3513,911830,,517500,0,,0,2,,Null,2024/2025,NEW NORTH ROAD,WESTERN SPRINGS ROAD,,Non-Injury Crash,No,2024,,East,,0,,Flat,,,,,,Bright sun,532000,0,0,0,4,,,0,,,,,,Auckland Region,Nil,2-way,Sealed,,0,0,,50,,Null,0,0,,76,Auckland,Stop,,,,,0,0,Urban,0,,,Fine,Null
1770645.492,5906284.4689,911832,,523712,0,,0,0,,West,2024/2025,FLAT BUSH SCHOOL ROAD,ARRANMORE DRIVE,,Minor Crash,No,2025,,East,,0,,Hill Road,,,,,,Dark,713300,1,0,0,2,,,0,,,1,,,Auckland Region,Nil,2-way,Sealed,,0,0,,50,,On,0,0,,76,Auckland,Nil,,,,,0,0,Urban,0,,,Fine,Null
1756232.9909,5927552.7226,911835,,507900,0,,0,1,,Null,2025/2026,NORTHERN MOTORWAY,NORTHCOTE ROAD OFF RAMP,,Minor Crash,Yes,2025,,South,,0,,Flat,,,,,,Bright sun,305202,1,0,0,3,,,0,,,,,,Auckland Region,Nil,1-way,Sealed,,0,0,,100,,Off,0,0,,76,Auckland,Nil,,,,,1,0,Open,1,,,Fine,Null
1755985.8128,5931317.9379,911838,,508520,0,,0,1,,Null,2025/2026,EAST COAST ROAD,SUNNYNOOK ROAD,,Non-Injury Crash,No,2025,,North,,0,,Flat,,,,,,Bright sun,148704,0,0,0,2,,,0,,,,,,Auckland Region,Nil,2-way,Sealed,,0,0,,50,,Off,1,0,,76,Auckland,Give way,,,,,0,0,Urban,0,,,Light rain,Null
1754703.892,5930635.9754,911840,,508420,0,,0,3,,South,2024/2025,NORTHERN MOTORWAY,UPPER HARBOUR HWY ON RAMP,,Non-Injury Crash,Yes,2024,,North,,0,,Hill Road,,,,,,Bright sun,182008,0,0,0,2,,,0,,,,,,Auckland Region,Nil,1-way,Sealed,,0,0,,100,,Off,0,0,,76,Auckland,Nil,,,,,0,0,Open,0,,,Fine,Null
1752939.4388,5914130.2816,911841,,514500,0,0,0,1,0,Null,2024/2025,MAIORO STREET,ROSAMUND AVENUE,,Non-Injury Crash,No,2025,0,East,0,0,0,Flat,0,,0,,0,Overcast,376600,0,0,0,4,0,0,0,0,0,,0,1,Auckland Region,Nil,2-way,Sealed,0,0,0,0,50,0,Off,0,0,,76,Auckland,Stop,0,0,0,0,0,0,Urban,0,0,0,Fine,Null
1762652.9763,5913036.6306,911848,,520402,0,,0,2,,West,2024/2025,SOUTHERN MOTORWAY,MOUNT WELLINGTON HWY OFF RAMP,,Non-Injury Crash,Yes,2024,,East,,0,,Flat,,,,,,Overcast,642400,0,0,0,4,,,0,,,,,,Auckland Region,Nil,1-way,Sealed,,0,0,,100,,Off,0,0,,76,Auckland,Nil,,,,,0,0,Open,0,,,Heavy rain,Null
1753564.8526,5914367.488,911849,,518801,0,,0,1,,South,2024/2025,MAIORO STREET OFF RAMP,MAIORO STREET,,Non-Injury Crash,No,2024,,North,,0,,Hill Road,,,,,,Bright sun,578400,0,0,0,5,,,0,,,,,,Auckland Region,Motorway ramp,1-way,Sealed,,0,0,,50,,None,0,0,,76,Auckland,Nil,,,,,0,0,Urban,1,,,Fine,Null
1770520.7017,5905883.2248,911851,,523712,0,,0,1,,North,2023/2024,CASTLEBANE DRIVE,BELTANY DRIVE,,Non-Injury Crash,No,2024,,North,,0,,Flat,,,,,,Twilight,713300,0,0,0,2,,,0,,,,,,Auckland Region,Nil,2-way,Sealed,,0,0,,50,,Null,0,0,,76,Auckland,Nil,,,,,0,0,Urban,0,,,Fine,None
1764082.2103,5919703.1769,911860,,516601,0,0,0,0,0,West,2025/2026,RAWHITIROA ROAD,SIOTA CRESCENT,,Non-Injury Crash,No,2025,0,East,0,0,0,Null,0,,0,,0,Overcast,505200,0,0,0,2,0,0,0,0,1,,0,0,Auckland Region,Nil,2-way,Sealed,0,0,0,0,50,0,Null,0,0,,76,Auckland,Nil,0,0,0,0,0,0,Urban,1,0,0,Heavy rain,Null
1753356.5017,5936034.351,911865,,508703,0,0,0,2,0,North,2025/2026,HORNBILL DRIVE,BORNEO DRIVE,,Non-Injury Crash,No,2025,0,East,0,0,0,Hill Road,0,,0,,0,Dark,179201,0,0,0,2,0,0,0,0,1,,0,0,Auckland Region,Nil,2-way,Sealed,0,0,0,0,50,0,On,0,0,,76,Auckland,Nil,0,0,0,0,0,0,Urban,0,0,0,Fine,Null
1762003.0348,5890505.6262,911869,,521122,0,,0,1,,West,2025/2026,LINWOOD ROAD,BATTY ROAD,,Non-Injury Crash,No,2025,,East,,0,,Flat,,Christmas New Year,,,,Overcast,809800,0,0,0,2,,,0,,,,,,Auckland Region,Nil,2-way,Sealed,,0,0,,60,,Off,1,0,,76,Auckland,Nil,,,,,0,0,Urban,0,,,Fine,Null
1768202.3933,5902397.633,911870,,525001,0,,0,2,,South,2025/2026,GREAT SOUTH ROAD,ORAMS ROAD,,Minor Crash,No,2025,,North,,0,,Flat,,,,,,Bright sun,750800,1,0,0,2,,,0,,,,,,Auckland Region,Nil,2-way,Sealed,,0,0,,50,,Off,0,0,,76,Auckland,Nil,,,,,0,0,Urban,0,,,Fine,Null
1760014.629,5908335.5056,911873,,524403,0,,0,1,,North,2025/2026,SOUTH-WESTERN MOTORWAY,HALL FTBR,,Minor Crash,Yes,2025,,South,,0,,Flat,,,,,,Bright sun,729800,1,0,0,2,,,0,,,,,,Auckland Region,Nil,1-way,Sealed,,0,0,,100,,Off,0,0,,76,Auckland,Nil,,,,,0,1,Open,0,,,Fine,Null
1759227.9999,5916706.9961,911876,,516001,0,,0,1,,South,2024/2025,SOUTHERN MOTORWAY,MARKET OBR,,Non-Injury Crash,Yes,2025,,North,,0,,Null,,,,,,Dark,491700,0,0,0,3,,,0,,,,,,Auckland Region,Nil,1-way,Sealed,,0,0,,80,,Null,0,0,,76,Auckland,Nil,,,,,1,0,Open,0,,,Null,Null
1760978.2329,5946916.9412,911878,,505904,0,0,0,0,0,West,2024/2025,ALEC CRAIG WAY,DACRE GROVE,,Non-Injury Crash,No,2025,0,East,0,0,0,Null,0,,0,,0,Bright sun,175112,0,0,0,2,0,0,0,0,1,,0,0,Auckland Region,Nil,2-way,Sealed,0,0,0,0,50,0,Null,1,0,,76,Auckland,Nil,0,0,0,0,0,0,Urban,0,0,0,Fine,Null
1727587.7497,5942352.7223,911879,,506645,0,0,0,1,0,North,2025/2026,PARKHURST ROAD,SPRINGS ROAD,,Non-Injury Crash,No,2025,0,South,0,0,0,Flat,0,,0,,0,Overcast,210902,0,0,0,2,0,0,0,0,1,,0,0,Auckland Region,Nil,2-way,Sealed,0,0,0,0,50,0,Off,0,0,30,76,Auckland,Nil,0,0,0,0,0,0,Urban,2,0,0,Fine,Null
1752843.0336,5934922.5304,911882,,508701,0,,0,0,,South,2024/2025,OTEHA VALLEY ROAD,OTEHA VALLEY ROAD ON RAMP,,Non-Injury Crash,No,2025,,North,,0,,Flat,,,,,,Bright sun,178501,0,0,2,4,,,0,,,,,,Auckland Region,Nil,2-way,Sealed,,0,0,,50,,Off,0,0,,76,Auckland,Nil,,,,,0,0,Urban,0,,,Fine,Null
1768034.8519,5906868.4728,911886,,523711,0,0,0,0,0,East,2024/2025,RONGOMAI ROAD,DAWSON ROAD,,Non-Injury Crash,No,2025,0,South,0,0,0,Flat,0,,0,,0,Bright sun,714100,0,0,0,2,0,0,0,0,0,,0,1,Auckland Region,Nil,2-way,Sealed,0,0,0,0,50,0,None,1,0,,76,Auckland,Nil,0,0,0,0,0,0,Urban,0,0,0,Fine,Null
1772240.6923,5892215.6665,911889,,521203,0,,0,2,,South,2024/2025,KAHUI PARADE,HURINGA ROAD,,Minor Crash,No,2025,,South,,0,,Flat,,,,,,Bright sun,807300,2,0,0,2,,,0,,,,,,Auckland Region,Nil,2-way,Sealed,,0,0,,50,,Off,0,0,,76,Auckland,Nil,,,,,0,0,Urban,0,,,Fine,Null
1764169.2091,5910158.7539,911891,,521801,0,0,0,3,0,North,2024/2025,ATKINSON AVENUE,PRINCES STREET,,Non-Injury Crash,No,2025,0,North,0,0,0,Flat,0,,0,,0,Overcast,786802,0,0,0,3,0,0,0,0,1,,0,0,Auckland Region,Nil,2-way,Sealed,0,0,0,0,50,0,Off,0,0,,76,Auckland,Nil,0,0,0,0,0,0,Urban,0,0,0,Fine,Null
1768564.3174,5909453.724,911895,,523113,0,,0,2,,North,2024/2025,SPRINGS ROAD,KERWYN AVENUE,,Fatal Crash,No,2025,,South,,1,,Flat,,,,,,Bright sun,711809,3,0,0,4,,,0,,,,,,Auckland Region,Nil,2-way,Sealed,,0,0,,50,,Off,0,0,,76,Auckland,Nil,,,,,0,0,Urban,0,,,Fine,Null
1750137.9713,5915192.9562,911898,,514802,0,,0,1,,West,2024/2025,ASH STREET,SANDY LANE,,Non-Injury Crash,No,2025,,West,,0,,Flat,,,,,,Dark,386903,0,0,0,4,,,0,,,,,,Auckland Region,Nil,2-way,Sealed,,0,0,,50,,On,0,0,30,76,Auckland,Nil,,,,,0,0,Urban,1,,,Light rain,Null
1755410.915,5932201.3488,911902,,507400,0,,0,2,,East,2024/2025,MAXWELTON DRIVE,EAST COAST ROAD,,Non-Injury Crash,No,2025,,West,,0,,Hill Road,,,,,,Overcast,151000,0,0,0,2,,,0,,,,,,Auckland Region,Nil,2-way,Unsealed,,0,0,,50,,Off,0,0,30,76,Auckland,Nil,,,,,0,0,Urban,0,,,Heavy rain,Null
1765604.7598,5901548.1757,911911,,524604,0,,0,0,,North,2025/2026,ROSCOMMON ROAD,BROWNS ROAD,,Minor Crash,No,2026,,South,,0,,Flat,,,,,,Overcast,781302,1,0,0,2,,,0,,,,,,Auckland Region,Nil,1-way,Sealed,,0,0,,60,,None,1,0,,76,Auckland,Nil,,,,,0,0,Urban,1,,,Mist or Fog,Null
1754197.677,5926867.9899,911914,,508610,0,,0,2,,South,2024/2025,CORONATION ROAD,MOUNTBATTEN AVENUE,,Non-Injury Crash,No,2025,,West,,0,,Flat,,,,,,Bright sun,205300,0,0,0,2,,,0,,,,,,Auckland Region,Nil,2-way,Sealed,,0,0,,50,,Off,0,0,,76,Auckland,Nil,,,,,0,0,Urban,0,,,Fine,Null
1754948.0118,5918728.4424,911918,,515420,0,,0,1,,Null,2024/2025,WILLIAMSON AVENUE,SELBOURNE STREET,,Non-Injury Crash,No,2025,,East,,0,,Null,,,,,,Dark,404700,0,0,0,3,,,0,,,,,,Auckland Region,Nil,2-way,Null,,0,0,,50,,Null,0,0,,76,Auckland,Stop,,,,,0,0,Urban,1,,,Fine,Null
1763200.5262,5911837.1241,911921,,519500,0,,0,0,,Null,2023/2024,GREAT SOUTH ROAD,EAST WEST LINK,,Non-Injury Crash,No,2024,,North,,0,,Hill Road,,,,,,Bright sun,622800,0,0,0,3,,,0,,,,,,Auckland Region,Bridge,1-way,Sealed,,0,0,,50,,Off,0,0,,76,Auckland,Traffic Signals,,,,,2,0,Urban,0,,,Fine,Null
1756732.4255,5930004.947,911922,,507720,0,0,0,2,0,West,2025/2026,RICHARDS AVENUE,EAST COAST ROAD,,Non-Injury Crash,No,2025,0,South,0,0,1,Flat,0,,0,,0,Dark,311400,0,0,0,2,0,0,0,0,1,,0,0,Auckland Region,Nil,2-way,Sealed,0,0,0,0,50,0,On,0,0,,76,Auckland,Nil,0,0,0,0,0,0,Urban,0,0,0,Fine,Null
1761241.2252,5920054.8778,911926,,516400,0,0,0,1,0,West,2025/2026,TAMAKI DRIVE,POKANOA POINT ENT,,Minor Crash,No,2025,0,South,0,0,0,Flat,0,Christmas New Year,0,,0,Overcast,496600,1,0,0,3,0,0,0,0,0,,0,0,Auckland Region,Nil,2-way,Sealed,0,0,0,0,50,0,Off,0,0,,76,Auckland,Nil,0,0,0,1,0,0,Urban,0,0,0,Fine,Null
1758381.552,5917865.7522,911928,,516001,0,,0,2,,South,2023/2024,BROADWAY,BALM STREET,,Minor Crash,No,2024,,North,,0,,Flat,,,,,,Dark,490701,1,0,0,5,,,0,,,,,,Auckland Region,Nil,2-way,Sealed,,0,0,,50,,On,0,0,,76,Auckland,Nil,,,,,0,0,Urban,0,,,Fine,Null
1740742.3679,5943776.1443,911929,,506614,0,,0,1,,West,2025/2026,KAHIKATEA FLAT ROAD,HULL ROAD,,Non-Injury Crash,No,2026,,East,,0,,Flat,,,,,,Overcast,177801,0,0,0,2,,,1,,,,,,Auckland Region,Nil,2-way,Sealed,,0,0,,80,,Off,0,0,,76,Auckland,Nil,,,,,0,0,Open,0,,,Fine,Null
1738959.4368,5930108.5659,911933,35,505604,0,0,0,1,0,North,2025/2026,ORAHA ROAD,BURNS LANE,,Non-Injury Crash,No,2025,0,East,0,0,0,Flat,0,,0,,0,Dark,213900,0,0,0,2,0,0,0,0,0,,0,0,Auckland Region,Nil,2-way,Sealed,0,0,0,0,60,0,On,0,0,,76,Auckland,Nil,0,0,0,0,0,0,Urban,0,0,0,Fine,Null
1753908.3998,5925537.4115,911935,,510401,0,,0,2,,Null,2025/2026,GLENFIELD ROAD,PUPUKE ROAD,,Minor Crash,No,2025,,South,,0,,Null,,,,,,Bright sun,354100,1,0,0,3,,,0,,,,,,Auckland Region,Nil,2-way,Sealed,,0,0,,50,,Null,0,0,,76,Auckland,Traffic Signals,,,,,0,0,Urban,0,,,Fine,Null
1751800.5324,5931614.2439,911941,,508807,0,,0,2,,North,2024/2025,WILLIAM PICKERING DRIVE,ROTHWELL AVENUE,,Minor Crash,No,2025,,North,,0,,Flat,,,,,,Overcast,180301,1,0,0,2,,,0,,,,,,Auckland Region,Nil,2-way,Sealed,,0,0,,50,,On,0,0,,76,Auckland,Nil,,,,,0,0,Urban,0,,,Light rain,Null
1752189.5805,5914652.5936,911944,,514500,0,0,0,1,0,East,2024/2025,NEW WINDSOR ROAD,WHITNEY STREET,,Non-Injury Crash,No,2025,0,West,0,0,0,Flat,0,,0,,0,Overcast,374700,0,0,0,2,0,0,0,0,0,,0,1,Auckland Region,Nil,2-way,Sealed,0,0,0,0,50,0,Null,0,0,40,76,Auckland,Nil,0,0,0,0,0,0,Urban,0,0,0,Fine,Null
1772657.0861,5915105.8766,911950,,521501,0,0,0,2,0,West,2024/2025,SELWYN ROAD,SALE STREET,,Non-Injury Crash,No,2025,0,West,0,0,0,Hill Road,0,,0,,1,Dark,652500,0,0,0,2,0,0,0,0,1,,0,1,Auckland Region,Nil,2-way,Sealed,0,0,0,0,50,0,On,0,0,,76,Auckland,Nil,0,0,0,0,0,0,Urban,0,0,0,Fine,Null
1756592.0243,5919310.2652,911951,,514200,0,,0,2,,South,2024/2025,SOUTHERN MOTORWAY,KARANGAHAPE OBR,,Non-Injury Crash,Yes,2024,,South,,0,,Flat,,,,,,Dark,411900,0,0,0,2,,,0,,,,,,Auckland Region,Nil,1-way,Sealed,,0,0,,80,,On,0,0,,76,Auckland,Nil,,,,,0,0,Open,0,,,Fine,Null
1762395.3673,5907181.4451,911958,,524520,0,,1,0,,North,2024/2025,MASSEY ROAD,BUCKLAND ROAD,,Non-Injury Crash,No,2025,,North,,0,,Flat,,,,,,Bright sun,734603,0,0,0,2,,,0,,,,,,Auckland Region,Nil,2-way,Sealed,,0,0,,50,,Off,0,0,,76,Auckland,Nil,,,,,0,0,Urban,1,,,Fine,Null
1757450.6871,5912459.8523,911959,,519810,0,,0,2,,Null,2023/2024,QUEENSTOWN ROAD,BEL AIR DRIVE,,Non-Injury Crash,No,2023,,South,,0,,Flat,,,,,,Bright sun,596700,0,0,0,2,,,0,,,,,,Auckland Region,Nil,1-way,Sealed,,0,0,,50,,Off,0,0,,76,Auckland,Give way,,,,,0,0,Urban,0,,,Fine,Null
1742877.3741,5924150.0146,911962,,513410,0,,0,1,,West,2025/2026,FRED TAYLOR DRIVE,DUNLOP ROAD,,Minor Crash,No,2025,,South,,0,,Flat,,,,,,Bright sun,226401,1,0,0,2,,,0,,,,,,Auckland Region,Nil,2-way,Sealed,,0,0,,80,,Off,1,0,30,76,Auckland,Nil,,,,,0,0,Open,0,,,Fine,Null
1761097.0796,5907234.5308,911964,,524520,0,0,0,1,0,Null,2024/2025,ROBERTSON ROAD,BARI LANE,,Non-Injury Crash,No,2025,0,South,0,0,0,Flat,0,,0,,0,Dark,736101,0,0,0,2,0,0,0,0,1,,0,0,Auckland Region,Nil,2-way,Sealed,0,0,0,0,50,0,On,0,0,,76,Auckland,Nil,0,0,0,0,0,0,Urban,1,0,0,Fine,Null
1743251.7208,5916484.6183,911965,,513220,0,0,0,0,0,West,2025/2026,LAKE PANORAMA DRIVE,TOLEDO AVENUE,,Minor Crash,No,2025,0,West,0,0,0,Hill Road,0,,0,,0,Dark,236826,1,0,0,2,0,0,0,0,1,,0,0,Auckland Region,Nil,2-way,Sealed,0,0,0,0,50,0,On,2,0,,76,Auckland,Nil,0,0,0,0,0,0,Urban,0,0,0,Fine,Null
1744424.1253,5925536.4297,911966,,513410,0,,0,1,,South,2024/2025,TRIG ROAD,SPEDDING ROAD,,Non-Injury Crash,No,2025,,North,,0,,Flat,,Easter,,,,Dark,223701,0,0,0,2,,,0,,,,,,Auckland Region,Nil,2-way,Unsealed,,0,0,,60,,On,0,0,30,76,Auckland,Nil,,,,,0,0,Urban,0,,,Fine,Frost
1764241.2632,5877897.1719,911967,,521121,0,0,0,1,0,East,2024/2025,WAIUKU ROAD,ROGERS ROAD,,Non-Injury Crash,No,2025,0,East,0,0,0,Flat,0,,0,,0,Twilight,825201,0,0,0,2,0,0,0,0,0,,0,1,Auckland Region,Nil,2-way,Sealed,0,0,0,0,80,0,Off,0,0,,76,Auckland,Nil,0,0,0,0,0,0,Open,0,0,0,Fine,Null
1765833.9961,5900233.3439,911968,,524822,0,0,0,3,0,South,2025/2026,MAPLESDEN DRIVE,DUNGARVON PLACE,,Non-Injury Crash,No,2025,0,South,0,0,0,Flat,0,,0,,0,Dark,774442,0,0,0,2,0,0,0,0,1,,0,0,Auckland Region,Nil,2-way,Sealed,0,0,0,0,50,0,On,0,0,,76,Auckland,Nil,0,0,0,0,0,0,Urban,0,0,0,Fine,Null
1771286.1697,5914455.1059,911969,,521602,0,0,0,1,0,West,2025/2026,VINCENT STREET,WELLINGTON STREET,,Non-Injury Crash,No,2025,0,South,0,0,0,Flat,0,,0,,0,Twilight,647800,0,0,0,2,0,0,0,0,1,,0,0,Auckland Region,Nil,2-way,Sealed,0,0,0,0,50,0,On,0,0,,76,Auckland,Nil,0,0,0,0,0,0,Urban,1,0,0,Light rain,Null
1749270.7744,5928257.3581,911974,,509100,0,,0,2,,North,2025/2026,TAUHINU ROAD,POUNAMU AVENUE,,Serious Crash,No,2025,,South,,0,,Hill Road,,,,,,Bright sun,181800,0,0,1,2,,,0,,,,,,Auckland Region,Nil,2-way,Sealed,,0,1,,50,,Off,0,0,,76,Auckland,Nil,,,,,0,0,Urban,0,,,Fine,Null
1762539.339,5907326.2213,911978,,524520,0,,0,1,,Null,2024/2025,YATES ROAD,MASSEY ROAD,,Non-Injury Crash,No,2024,,East,,0,,Flat,,,,,,Dark,734603,0,0,0,2,,,0,,,,,,Auckland Region,Nil,2-way,Sealed,,0,0,,50,,On,0,0,,76,Auckland,Give way,,,,,0,1,Urban,0,,,Fine,None
1765414.6112,5900057.6995,911979,,524822,0,0,0,2,0,South,2025/2026,FINLAYSON AVENUE,BELLVILLE DRIVE,,Non-Injury Crash,No,2025,0,North,0,0,0,Flat,0,,0,,0,Dark,774436,0,0,0,2,0,0,0,0,1,,0,0,Auckland Region,Nil,2-way,Sealed,0,0,0,0,30,0,On,0,0,,76,Auckland,Nil,0,0,0,0,0,0,Urban,0,0,0,Fine,Null
1750456.8586,5915838.4894,911982,,514802,0,0,0,2,0,South,2024/2025,ROSEBANK ROAD,RIVERSDALE ROAD,,Non-Injury Crash,No,2024,0,North,0,0,0,Flat,0,Christmas New Year,0,,0,Bright sun,386200,0,0,0,2,0,0,0,0,1,1,0,0,Auckland Region,Nil,2-way,Sealed,0,0,0,0,50,0,Off,0,0,,76,Auckland,Nil,0,0,0,0,0,0,Urban,0,0,0,Fine,Null
1769916.0691,5909857.0106,911983,,523113,0,,0,1,,Null,2025/2026,SMALES ROAD,TE IRIRANGI DRIVE,,Non-Injury Crash,No,2025,,East,,0,,Flat,,,,,,Dark,711730,0,0,0,4,,,0,,,,,,Auckland Region,Nil,2-way,Sealed,,0,0,,60,,On,0,0,30,76,Auckland,Traffic Signals,,,,,0,0,Urban,1,,,Light rain,Null
1745829.6132,5923830.2285,911994,,513521,0,,0,1,,Null,2025/2026,LUCKENS ROAD,MATISSE DRIVE,,Non-Injury Crash,No,2025,,East,,0,,Flat,,,,,,Twilight,224243,0,0,0,2,,,0,,,,,,Auckland Region,Nil,2-way,Sealed,,0,0,,50,,On,1,0,,76,Auckland,Give way,,,,,0,0,Urban,0,,,Fine,Null
1754727.0492,5930639.988,911995,,508520,0,,0,1,,South,2025/2026,NORTHERN MOTORWAY,UPPER HARBOUR HWY ON RAMP,,Non-Injury Crash,Yes,2025,,South,,0,,Flat,,,,,,Bright sun,191104,0,0,0,2,,,0,,,,,,Auckland Region,Nil,1-way,Sealed,,0,0,,100,,Off,0,0,,76,Auckland,Nil,,,,,1,0,Open,0,,,Fine,Null
1756605.1407,5919264.892,911996,,514200,0,0,0,1,0,South,2025/2026,NORTHERN TO PORT MOTORWAY,KARANGAHAPE OBR,,Non-Injury Crash,Yes,2025,0,South,0,0,0,Flat,1,,0,,0,Overcast,411900,0,0,0,1,0,0,0,0,0,,0,0,Auckland Region,Nil,1-way,Sealed,0,0,0,0,80,0,Off,0,0,,76,Auckland,Nil,0,0,0,0,0,0,Open,0,0,0,Light rain,Null
1753059.4314,5934613.2159,912004,,508701,0,,0,2,,North,2024/2025,NORTHERN MOTORWAY,OTEHA VALLEY ROAD OFF RAMP,,Non-Injury Crash,Yes,2025,,North,,0,,Flat,,,,,,Dark,179000,0,0,0,3,,,0,,,,,,Auckland Region,Nil,1-way,Sealed,,0,0,,100,,Null,0,0,,76,Auckland,Nil,,,,,0,0,Open,0,,,Fine,Null
1742107.5893,5992241.8707,912008,,506660,0,0,0,1,0,South,2024/2025,MANGAWHAI ROAD,FAIRY HILL ROAD,,Fatal Crash,No,2025,0,North,0,1,1,Hill Road,0,,0,,0,Dark,135600,0,0,0,2,0,0,0,0,0,,0,0,Auckland Region,Nil,2-way,Sealed,0,0,0,0,100,0,None,0,0,,76,Auckland,Nil,0,0,0,1,0,0,Open,0,0,0,Fine,Null
1772343.3677,5896445.0171,912009,,525420,0,,0,2,,Null,2025/2026,QUEEN STREET,WOOD STREET,,Non-Injury Crash,No,2025,,East,,0,,Flat,,,,,,Bright sun,791400,0,0,0,2,,,0,,,,,,Auckland Region,Nil,2-way,Sealed,,0,0,,50,,Off,0,0,,76,Auckland,Give way,,,,,0,0,Urban,0,,,Fine,Null
1760988.0349,5915524.8034,912010,,520201,0,,0,0,,Null,2024/2025,MORRIN STREET,KENTUCKY STREET,,Minor Crash,No,2025,,West,,0,,Hill Road,,,,,,Bright sun,613000,2,0,2,2,,,0,,,,,,Auckland Region,Nil,2-way,Sealed,,0,0,,50,,Off,0,0,,76,Auckland,Nil,,,,,0,0,Urban,0,,,Fine,Null
1741991.3944,5904283.6771,912011,,513800,0,,0,1,,North,2024/2025,HUIA ROAD,CORNWALLIS ROAD,,Non-Injury Crash,No,2025,,North,,0,,Flat,,,,,,Dark,303101,0,0,0,2,,,0,,,,,,Auckland Region,Nil,2-way,Sealed,,0,0,,80,,None,1,0,,76,Auckland,Nil,,,,,0,0,Open,0,,,Fine,Null