X,Y,OBJECTID,advisorySpeed,areaUnitID,bicycle,bridge,bus,carStationWagon,cliffBank,crashDirectionDescription,crashFinancialYear,crashLocation1,crashLocation2,crashRoadSideRoad,crashSeverity,crashSHDescription,crashYear,debris,directionRoleDescription,ditch,fatalCount,fence,flatHill,guardRail,holiday,houseOrBuilding,intersection,kerb,light,meshblockId,minorInjuryCount,moped,motorcycle,NumberOfLanes,objectThrownOrDropped,otherObject,otherVehicleType,overBank,parkedVehicle,pedestrian,phoneBoxEtc,postOrPole,region,roadCharacter,roadLane,roadSurface,roadworks,schoolBus,seriousInjuryCount,slipOrFlood,speedLimit,strayAnimal,streetLight,suv,taxi,temporarySpeedLimit,tlaId,tlaName,trafficControl,trafficIsland,trafficSign,train,tree,truck,unknownVehicleType,urban,vanOrUtility,vehicle,waterRiver,weatherA,weatherB
1753132.5851,5933935.9462,912012,,508701,0,,0,1,,North,2024/2025,NORTHERN MOTORWAY,GREVILLE ROAD ON RAMP,,Minor Crash,Yes,2025,,North,,0,,Flat,,,,,,Overcast,178900,1,0,1,3,,,0,,,,,,Auckland Region,Nil,1-way,Sealed,,0,0,,100,,Off,0,0,,76,Auckland,Nil,,,,,0,0,Open,0,,,Fine,Null
1757829.409,5918579.4364,912016,,517400,0,,0,1,,North,2024/2025,PARK ROAD,OUTHWAITE LANE,,Minor Crash,No,2025,,South,,0,,Flat,,,,,,Twilight,450000,1,0,1,2,,,0,,,,,,Auckland Region,Nil,2-way,Sealed,,0,0,,50,,Off,0,0,,76,Auckland,Nil,,,,,0,0,Urban,0,,,Fine,Null
1753514.0446,5932658.9789,912020,,508807,0,,0,1,,North,2024/2025,NORTHERN MOTORWAY,GREVILLE ROAD OFF RAMP,,Minor Crash,Yes,2025,,North,,0,,Hill Road,,,,,,Bright sun,180811,1,0,0,5,,,0,,,,,,Auckland Region,Nil,1-way,Sealed,,0,0,,100,,Off,0,0,,76,Auckland,Nil,,,,,0,0,Open,1,,,Fine,Null
1762462.5155,5883285.5757,912021,,521121,0,0,0,0,0,North,2024/2025,WOODHOUSE ROAD,SEARLE DRIVE,,Non-Injury Crash,No,2025,0,South,0,0,0,Flat,0,,0,,0,Dark,811300,0,0,0,2,0,0,0,0,0,,0,0,Auckland Region,Nil,2-way,Sealed,0,0,0,0,80,1,None,0,0,,76,Auckland,Nil,0,0,0,0,0,0,Open,1,0,0,Fine,Null
1769079.1264,5914359.6628,912023,,522721,0,,0,2,,Null,2025/2026,PAKURANGA ROAD,BELLS ROAD,,Non-Injury Crash,No,2025,,South,,0,,Flat,,,,,,Bright sun,681211,0,0,0,6,,,0,,,,,,Auckland Region,Nil,2-way,Sealed,,0,0,,60,,Off,0,0,30,76,Auckland,Give way,,,,,0,0,Urban,0,,,Fine,Null
1761723.6529,5906518.1401,912024,,524200,0,,0,1,,Null,2025/2026,MASSEY ROAD OFF RAMP,MASSEY ROAD,,Non-Injury Crash,No,2025,,North,,0,,Flat,,,,,,Dark,728700,0,0,0,3,,,0,,,,,,Auckland Region,Motorway ramp,1-way,Sealed,,0,0,,50,,On,0,0,,76,Auckland,Traffic Signals,,,,,0,0,Urban,1,,,Fine,Null
1771559.3155,5895336.3915,912027,,525540,0,0,0,1,0,North,2025/2026,PAPAKURA OFF RAMP,BEACH ROAD,,Non-Injury Crash,No,2025,0,South,0,0,0,Flat,1,,0,,0,Dark,806402,0,0,0,3,0,0,0,0,0,,0,0,Auckland Region,Motorway ramp,1-way,Sealed,0,0,0,0,100,0,On,0,0,,76,Auckland,Nil,0,0,0,0,0,0,Open,0,0,0,Fine,Null
1764204.5326,5906099.0985,912029,,524303,0,0,0,0,0,North,2024/2025,PEVERILL CRESCENT,PEVERILL CRESCENT,,Non-Injury Crash,No,2025,0,North,0,0,0,Flat,0,,0,,0,Dark,657400,0,0,0,2,0,0,0,0,0,,0,2,Auckland Region,Nil,2-way,Sealed,0,0,0,0,50,0,On,0,0,,76,Auckland,Nil,0,0,0,0,0,0,Urban,1,0,0,Fine,Null
1754886.4365,5916343.2907,912030,,517703,0,,0,1,,North,2024/2025,SANDRINGHAM ROAD,PATTERSON STREET,,Non-Injury Crash,No,2024,,South,,0,,Null,,,,,,Overcast,537603,0,0,0,4,,,0,,,,,,Auckland Region,Nil,2-way,Sealed,,0,0,,50,,Null,0,0,,76,Auckland,Nil,,,,,0,0,Urban,1,,,Heavy rain,Null
1769262.7561,5908863.3896,912036,,523113,0,,0,2,,Null,2023/2024,EAST TAMAKI ROAD,ACCENT DRIVE,,Non-Injury Crash,No,2024,,South,,0,,Flat,,,,,,Bright sun,711902,0,0,0,3,,,0,,,,,,Auckland Region,Nil,1-way,Sealed,,0,0,,50,,Off,0,0,,76,Auckland,Traffic Signals,,,,,0,0,Urban,0,,,Fine,None
1771070.4523,5896243.0689,912038,,521201,0,0,0,0,0,South,2024/2025,HARBOURSIDE DRIVE,TOSCANA DRIVE,,Non-Injury Crash,No,2024,0,North,0,0,0,Flat,0,,0,,0,Bright sun,806604,0,0,0,2,0,0,0,0,0,,0,0,Auckland Region,Nil,2-way,Sealed,0,0,0,0,50,0,Off,1,0,,76,Auckland,Nil,0,1,0,2,0,0,Urban,0,0,0,Fine,Null
1753215.8839,5924709.0673,912044,,510401,0,,0,1,,Null,2023/2024,MOKOIA ROAD,GLENWOOD AVENUE,,Non-Injury Crash,No,2024,,West,,0,,Flat,,,,,,Overcast,355101,0,0,0,2,,,0,,,,,,Auckland Region,Nil,2-way,Sealed,,0,0,,50,,Off,0,0,,76,Auckland,Nil,,,,,1,0,Urban,0,,,Fine,Null
1756765.3594,5919889.2423,912045,,514102,0,,0,2,,Null,2023/2024,HOBSON STREET,PITT STREET,,Non-Injury Crash,No,2024,,South,,0,,Flat,,,,,,Bright sun,434603,0,0,0,4,,,0,,,,,,Auckland Region,Nil,1-way,Sealed,,0,0,,40,,Off,0,0,,76,Auckland,Traffic Signals,,,,,0,0,Urban,0,,,Null,None
1770331.674,5898946.2329,912046,,523920,0,,0,2,,Null,2024/2025,GREAT SOUTH ROAD,MANUROA ROAD,,Non-Injury Crash,No,2024,,South,,0,,Flat,,,,,,Overcast,768008,0,0,0,4,,,0,,,,,,Auckland Region,Nil,2-way,Sealed,,0,0,,50,,On,0,0,,76,Auckland,Traffic Signals,,,,,0,0,Urban,0,,,Fine,Null
1756278.1716,5934318.6249,912047,,507200,0,0,0,2,0,South,2024/2025,GARADICE ROAD,BEULAH AVENUE,,Non-Injury Crash,No,2024,0,North,0,0,0,Flat,0,,0,,0,Overcast,157100,0,0,0,2,0,0,0,0,1,,0,0,Auckland Region,Nil,2-way,Sealed,0,0,0,0,50,0,Off,0,0,,76,Auckland,Nil,0,0,0,0,0,0,Urban,0,0,0,Fine,Null
1758975.3114,5904619.1258,912051,,524200,0,,0,2,,Null,2024/2025,VERISSIMO DRIVE,GEORGE BOLT MEMORIAL DRIVE,,Non-Injury Crash,No,2025,,Null,,0,,Flat,,,,,,Bright sun,727800,0,0,0,1,,,0,,,,,,Auckland Region,Nil,1-way,Sealed,,0,0,,50,,Null,0,0,,76,Auckland,Give way,,,,,0,0,Urban,0,,,Fine,Null
1768456.7908,5904473.0285,912052,,523820,0,,0,2,,East,2023/2024,REDOUBT ROAD,DIORELLA DRIVE,,Non-Injury Crash,No,2023,,East,,0,,Hill Road,,,,,,Dark,759901,0,0,0,3,,,0,,,,,,Auckland Region,Nil,2-way,Sealed,,0,0,,50,,On,0,0,,76,Auckland,Nil,,,,,0,0,Urban,0,,,Fine,None
1745255.4987,5918260.9959,912054,,513302,0,,0,1,,Null,2024/2025,OFF ROAD - HOSPITAL CARPARK,,,Minor Crash,No,2025,,East,,0,,Flat,,,,,,Bright sun,231001,1,0,0,,,,0,,,1,,,Auckland Region,Nil,Off road,Sealed,,0,0,,,,Off,0,0,,76,Auckland,Nil,,,,,0,0,Urban,0,,,Fine,Null
1756543.8258,5912558.8502,912055,,518702,0,,0,2,,Null,2024/2025,HILLSBOROUGH ROAD,CARLTON STREET,,Non-Injury Crash,No,2025,,South,,0,,Flat,,,,,,Bright sun,570600,0,0,0,4,,,0,,,,,,Auckland Region,Nil,2-way,Sealed,,0,0,,50,,Off,0,0,,76,Auckland,Stop,,,,,0,0,Urban,0,,,Fine,Null
1773207.879,5899605.9705,912056,,523912,0,0,0,1,0,West,2024/2025,AIRFIELD ROAD,MILL ROAD,,Minor Crash,No,2025,0,East,0,0,0,Flat,1,,0,,0,Dark,765401,1,0,0,2,0,0,0,0,0,,0,0,Auckland Region,Nil,2-way,Sealed,0,0,0,0,60,0,On,0,0,,76,Auckland,Nil,0,0,0,0,0,0,Urban,0,0,0,Fine,Null
1759361.9901,5910718.8787,912057,,524002,0,,0,2,,North,2025/2026,SOUTH-WESTERN MOTORWAY,RIMU OBR,,Non-Injury Crash,Yes,2025,,South,,0,,Flat,,,,,,Bright sun,722400,0,0,0,4,,,0,,,,,,Auckland Region,Bridge,1-way,Sealed,,0,0,,100,,Off,0,0,,76,Auckland,Nil,,,,,0,0,Open,0,,,Fine,Null
1756379.8903,5927116.0584,912059,,507900,0,0,0,0,0,Null,2024/2025,NORTHCOTE ROAD OFF RAMP,NORTHCOTE ROAD,,Non-Injury Crash,No,2025,0,North,0,0,0,Hill Road,1,,0,,0,Dark,303501,0,0,0,3,0,0,0,0,0,,0,1,Auckland Region,Motorway ramp,1-way,Sealed,0,0,0,0,50,0,On,1,0,,76,Auckland,Traffic Signals,0,0,0,0,0,0,Urban,1,0,0,Light rain,Null
1754042.9183,5915345.3053,912061,,518801,0,,0,2,,South,2025/2026,BEAGLE AVENUE,MOUNT ALBERT ROAD,,Non-Injury Crash,No,2025,,North,,0,,Flat,,,,,,Bright sun,574800,0,0,0,2,,,0,,,,,,Auckland Region,Nil,2-way,Sealed,,0,0,,30,,On,0,0,,76,Auckland,Nil,,,,,0,0,Urban,0,,,Light rain,Null
1748810.0177,5931330.6665,912062,55,509000,0,0,0,1,0,South,2024/2025,PAREMOREMO ROAD,OLD SCHOOL LANE,,Non-Injury Crash,No,2024,0,West,1,0,0,Flat,0,,0,,0,Dark,179404,0,0,0,2,0,0,0,0,0,,1,0,Auckland Region,Nil,2-way,Sealed,0,0,0,0,80,0,None,0,0,,76,Auckland,Nil,0,0,0,1,0,0,Open,0,0,0,Light rain,Null
1764295.863,5912304.841,912063,,520500,0,,0,1,,North,2024/2025,SOUTHERN MOTORWAY,MOUNT WELLINGTON HWY OFF RAMP,,Non-Injury Crash,Yes,2025,,North,,0,,Flat,,,,,,Dark,639500,0,0,0,2,,,0,,,,,,Auckland Region,Nil,1-way,Sealed,,0,0,,100,,On,0,0,,76,Auckland,Nil,,,,,0,0,Open,0,,,Fine,Null
1756588.6094,5913753.5898,912075,,518701,0,0,0,2,0,West,2024/2025,MOUNT ALBERT ROAD,MOUNT EDEN ROAD,,Non-Injury Crash,No,2024,0,West,0,0,0,Flat,0,,0,,0,Twilight,568300,0,0,0,2,0,0,0,0,1,,0,0,Auckland Region,Nil,2-way,Sealed,0,0,0,0,50,0,Off,1,0,,76,Auckland,Nil,0,0,0,0,0,0,Urban,1,0,0,Fine,Null
1750864.4324,5915579.254,912079,,514802,0,,0,0,,Null,2024/2025,ROSEBANK ROAD,ASH STREET,,Non-Injury Crash,No,2025,,West,,0,,Flat,,,,,,Bright sun,387002,0,0,0,4,,,0,,,,,,Auckland Region,Nil,2-way,Sealed,,0,0,,50,,Off,0,0,,76,Auckland,Traffic Signals,,,,,2,0,Urban,0,,,Fine,Null
1756458.0426,5919385.7873,912080,,514102,0,,0,1,,Null,2025/2026,KARANGAHAPE ROAD,HOWE STREET,,Non-Injury Crash,No,2025,,West,,0,,Null,,Christmas New Year,,,,Bright sun,436001,0,0,0,5,,,0,,,,,,Auckland Region,Nil,2-way,Sealed,,0,0,,30,,Null,1,0,,76,Auckland,Traffic Signals,,,,,0,0,Urban,0,,,Fine,Null
1752086.1539,5930659.2721,912081,,509100,0,0,0,0,0,Null,2025/2026,ALBANY HIGHWAY,ALBANY HIGHWAY ON RAMP,,Non-Injury Crash,No,2025,0,South,0,0,0,Flat,0,,0,,0,Twilight,181004,0,0,0,6,0,0,0,0,0,,0,0,Auckland Region,Motorway ramp,2-way,Sealed,0,0,0,0,50,0,On,0,0,,76,Auckland,Traffic Signals,0,2,0,0,0,0,Urban,1,0,0,Fine,Null
1756291.6306,5927385.8925,912082,,507900,0,,0,4,,South,2025/2026,NORTHERN MOTORWAY,NORTHCOTE ROAD ON RAMP,,Non-Injury Crash,Yes,2025,,North,,0,,Flat,,,,,,Bright sun,305201,0,0,0,3,,,0,,,,,,Auckland Region,Nil,1-way,Sealed,,0,0,,100,,Off,0,0,,76,Auckland,Nil,,,,,0,0,Open,0,,,Fine,Null
1742469.1435,5917885.6665,912085,,513220,0,0,0,2,0,East,2025/2026,METCALFE ROAD,SIMPSON ROAD,,Non-Injury Crash,No,2025,0,South,0,0,0,Flat,0,,0,,0,Dark,236609,0,0,0,2,0,0,0,0,1,,0,0,Auckland Region,Nil,2-way,Sealed,0,0,0,0,50,0,On,1,0,,76,Auckland,Nil,0,0,0,0,0,0,Urban,0,0,0,Fine,Null
1757232.5107,5920969.0722,912086,,514102,0,,0,2,,West,2025/2026,STURDEE STREET,CUSTOMS STREET WEST,,Non-Injury Crash,No,2025,,East,,0,,Flat,,,,,,Bright sun,433101,0,0,0,3,,,0,,,,,,Auckland Region,Nil,1-way,Sealed,,0,0,,30,,None,0,0,,76,Auckland,Nil,,,,,0,0,Urban,0,,,Fine,Null
1751191.478,5914890.1295,912088,,514401,0,,0,2,,Null,2024/2025,ST GEORGES ROAD,AHIRIRI AVENUE,,Non-Injury Crash,No,2025,,North,,0,,Flat,,,,,,Bright sun,382800,0,0,0,2,,,0,,,,,,Auckland Region,Nil,2-way,Sealed,,0,0,,50,,None,0,0,,76,Auckland,Give way,,,,,0,0,Urban,0,,,Fine,Null
1750221.4558,5946696.0112,912089,,505806,0,0,0,1,0,East,2025/2026,CENTRAL BOULEVARD,SILVERDALE STREET,,Minor Crash,No,2025,0,North,0,0,0,Hill Road,1,,0,,0,Overcast,176504,1,0,0,2,0,1,0,0,0,,0,0,Auckland Region,Nil,2-way,Sealed,0,0,0,0,50,0,Off,0,0,,76,Auckland,Give way,0,0,0,0,0,0,Urban,0,0,0,Heavy rain,Strong wind
1760679.8435,5908158.3614,912095,,524403,0,0,0,3,0,Null,2024/2025,CALTHORP CLOSE,ROBERTSON ROAD,,Non-Injury Crash,No,2025,0,East,0,0,0,Flat,0,,1,,0,Dark,731105,0,0,0,2,0,0,0,0,2,,0,0,Auckland Region,Nil,2-way,Sealed,0,0,0,0,50,0,On,0,0,,76,Auckland,Give way,0,0,0,0,0,0,Urban,0,0,0,Light rain,Null
1763836.559,5906640.3113,912106,,524301,0,0,0,2,0,North,2025/2026,GRAY AVENUE,PORTAGE ROAD,,Non-Injury Crash,No,2026,0,North,0,0,0,Flat,0,,0,,0,Bright sun,656600,0,0,0,2,0,0,0,0,1,,0,0,Auckland Region,Nil,2-way,Sealed,0,0,0,0,50,0,Off,0,0,,76,Auckland,Nil,0,0,0,0,0,0,Urban,0,0,0,Fine,Null
1753016.9881,5912488.0858,912110,35,518902,0,,0,2,,Null,2025/2026,WHITE SWAN ROAD,HILLSBOROUGH ROAD,,Non-Injury Crash,No,2025,,East,,0,,Hill Road,,,,,,Dark,586700,0,0,0,2,,,0,,,,,,Auckland Region,Nil,2-way,Sealed,,0,0,,50,,On,0,0,40,76,Auckland,Stop,,,,,0,0,Urban,0,,,Fine,Null
1760373.1933,5907534.5172,912115,,524112,0,,0,1,,West,2025/2026,SOUTH-WESTERN MOTORWAY,SOUTH-WESTERN MOTORWAY,,Non-Injury Crash,Yes,2025,,North,,0,,Flat,,,,,,Overcast,737500,0,0,1,2,,,0,,,,,,Auckland Region,Nil,1-way,Sealed,,0,0,,100,,Off,0,0,,76,Auckland,Nil,,,,,0,0,Open,0,,,Fine,Null
1756146.4411,5929950.4133,912122,,508510,0,0,0,1,0,Null,2025/2026,RICHARDS AVENUE,RAVENWOOD DRIVE,,Non-Injury Crash,No,2025,0,West,0,0,0,Null,0,,0,,0,Bright sun,194600,0,0,0,2,0,0,0,0,1,,0,0,Auckland Region,Nil,2-way,Sealed,0,0,0,0,50,0,Null,1,0,,76,Auckland,Give way,0,0,0,0,0,0,Urban,0,0,0,Fine,Null
1759859.7302,5914071.1972,912124,,519720,0,,0,2,,West,2025/2026,TAWHIRI ROAD,TE KAWA ROAD,,Non-Injury Crash,No,2026,,East,,0,,Flat,,,,,,Overcast,592600,0,0,0,2,,,0,,,,,,Auckland Region,Nil,2-way,Sealed,,0,0,,50,,Off,0,0,,76,Auckland,Nil,,,,,0,0,Urban,0,,,Fine,Null
1770206.881,5899069.8895,912127,,523920,0,,0,2,,Null,2025/2026,GREAT SOUTH ROAD,MANUIA ROAD,,Non-Injury Crash,No,2025,,South,,0,,Flat,,,,,,Bright sun,768005,0,0,0,4,,,0,,,,,,Auckland Region,Nil,2-way,Sealed,,0,0,,50,,Null,0,0,,76,Auckland,Give way,,,,,0,0,Urban,0,,,Fine,Null
1768090.7076,5905201.5161,912129,,523722,0,,0,1,,Null,2025/2026,TE IRIRANGI DRIVE,DIORELLA DRIVE,,Non-Injury Crash,No,2025,,West,,0,,Flat,,,,,,Bright sun,715904,0,0,0,2,,,0,,,,,,Auckland Region,Nil,1-way,Sealed,,0,0,,50,,Off,1,0,,76,Auckland,Traffic Signals,,,,,0,0,Urban,0,,,Fine,Null
1754960.9852,5913600.2186,912133,,518803,0,,0,2,,Null,2025/2026,DOMINION ROAD OFF RAMP,DOMINION ROAD,,Non-Injury Crash,No,2025,,East,,0,,Null,,,,,,Overcast,581700,0,0,0,3,,,0,,,,,,Auckland Region,Nil,1-way,Sealed,,0,0,,50,,Null,0,0,,76,Auckland,Give way,,,,,0,0,Urban,0,,,Light rain,Null
1746411.6434,5962879.8009,912134,,506613,0,0,0,1,0,North,2024/2025,NORTHERN MOTORWAY,PUHOI SOUTHBOUND ON RAMP,,Non-Injury Crash,Yes,2025,0,South,0,0,0,Hill Road,1,Easter,0,,0,Dark,146800,0,0,0,2,0,0,0,0,0,,0,0,Auckland Region,Nil,1-way,Sealed,0,0,0,0,100,0,None,0,0,,76,Auckland,Nil,0,0,0,0,0,0,Open,0,0,0,Light rain,Null
1769836.3983,5913492.2597,912135,,522722,0,0,0,1,0,North,2024/2025,AVIEMORE DRIVE,DE QUINCEY TERRACE,,Non-Injury Crash,No,2025,0,South,0,0,0,Flat,0,,0,,0,Bright sun,681337,0,0,0,2,0,0,0,0,1,1,0,0,Auckland Region,Nil,2-way,Sealed,0,0,0,0,50,0,Off,0,0,,76,Auckland,Nil,0,0,0,0,0,0,Urban,1,0,0,Fine,Null
1771816.0919,5906744.3191,912139,,523713,0,0,0,1,0,East,2024/2025,TINAKU ROAD,VALDERAMA DRIVE,,Non-Injury Crash,No,2024,0,West,0,0,0,Flat,0,,0,,0,Overcast,712600,0,0,0,2,0,0,0,0,1,,0,0,Auckland Region,Nil,2-way,Sealed,0,0,0,0,50,0,None,0,0,,76,Auckland,Nil,0,0,0,0,0,0,Urban,0,0,0,Fine,None
1757814.3608,5918519.7042,912143,,514302,0,,0,1,,Null,2024/2025,MOUNTAIN ROAD,KHYBER PASS ROAD,,Non-Injury Crash,No,2025,,South,,0,,Null,,,,,,Bright sun,442100,0,0,0,2,,,0,,,,,,Auckland Region,Nil,2-way,Null,,0,0,,50,,Null,0,0,,76,Auckland,Traffic Signals,,,,,0,1,Urban,0,,,Null,Null
1753443.0057,5875020.3272,912146,,526105,0,,0,1,,Null,2024/2025,FRANCE STREET,QUEEN STREET,,Non-Injury Crash,No,2025,,West,,0,,Flat,,,,,,Dark,835202,0,0,0,2,,,0,,,,,,Auckland Region,Nil,2-way,Sealed,,0,0,,50,,On,0,0,,76,Auckland,Give way,,,,,0,1,Urban,0,,,Fine,Null
1774797.3532,5887669.587,912153,,521302,0,,0,2,,South,2024/2025,SOUTHERN MOTORWAY,RAMARAMA ON RAMP,,Non-Injury Crash,Yes,2025,,North,,0,,Flat,,,,,,Overcast,809101,0,0,0,2,,,0,,,,,,Auckland Region,Nil,2-way,Sealed,,0,0,,100,,On,0,0,,76,Auckland,Nil,,,,,0,0,Open,0,,,Fine,Null
1754307.5466,5933934.9825,912157,,508804,0,,0,2,,Null,2025/2026,EAST COAST ROAD,GREVILLE ROAD,,Non-Injury Crash,No,2025,,South,,0,,Flat,,,,,,Bright sun,180711,0,0,0,1,,,0,,,,,,Auckland Region,Nil,1-way,Sealed,,0,0,,50,,Null,0,0,,76,Auckland,Give way,,,,,0,0,Urban,0,,,Null,Null
1743962.94,5918934.3183,912160,,513220,0,,0,1,,Null,2024/2025,SWANSON ROAD,MIHINI ROAD,,Minor Crash,No,2025,,North,,0,,Flat,,,,,,Dark,236103,2,0,0,2,,,0,,,,,,Auckland Region,Nil,2-way,Sealed,,0,0,,50,,On,1,0,,76,Auckland,Give way,,,,,0,0,Urban,0,,,Fine,Null
1745286.0651,5919576.5882,912161,,513301,0,,0,2,,North,2025/2026,LINCOLN ROAD,POINSETTIA PLACE,,Minor Crash,No,2026,,North,,0,,Flat,,,,,,Bright sun,232001,1,0,0,6,,,0,,,,,,Auckland Region,Nil,2-way,Sealed,,0,0,,50,,Off,1,0,,76,Auckland,Nil,,,,,0,0,Urban,0,,,Fine,Null
1744138.3931,5908410.8766,912163,45,513800,0,0,0,1,0,West,2024/2025,HUIA ROAD,VICTORY ROAD,,Non-Injury Crash,No,2025,0,East,1,0,0,Hill Road,0,Easter,0,,0,Overcast,303001,0,0,0,2,0,0,0,0,0,,0,0,Auckland Region,Nil,2-way,Sealed,0,0,0,0,80,0,None,0,0,,76,Auckland,Nil,0,0,0,0,0,0,Open,0,0,0,Light rain,Null
1761622.3057,5916868.6028,912172,,516003,0,,0,2,,East,2025/2026,REMUERA ROAD,LUCERNE ROAD,,Minor Crash,No,2025,,West,,0,,Hill Road,,,,,,Overcast,495500,3,0,0,3,,,0,,,,,,Auckland Region,Nil,2-way,Sealed,,0,0,,50,,Off,1,0,,76,Auckland,Nil,,,,,0,0,Urban,0,,,Fine,Null
1744838.5929,5921316.1902,912182,,513631,0,0,0,1,0,West,2025/2026,NORTH-WESTERN MOTORWAY,HURUHURU OBR,,Minor Crash,Yes,2025,0,North,0,0,0,Hill Road,1,,0,,0,Dark,227601,1,0,0,3,0,0,0,0,0,,0,0,Auckland Region,Nil,1-way,Sealed,0,0,0,0,100,0,On,0,0,,76,Auckland,Nil,0,0,0,0,0,0,Open,0,0,0,Fine,Null
1749954.5218,5913790.2308,912185,,511303,0,,0,2,,Null,2025/2026,RANKIN AVENUE,CLARK STREET,,Minor Crash,No,2025,,North,,0,,Flat,,,,,,Twilight,264904,2,0,0,4,,,0,,,,,,Auckland Region,Nil,2-way,Sealed,,0,0,,50,,Off,0,0,,76,Auckland,Traffic Signals,,,,,0,0,Urban,0,,,Fine,Null
1756104.7046,5923765.5234,912188,,509800,0,,0,1,,South,2024/2025,NORTHERN MOTORWAY,WEIGH BRIDGE,,Non-Injury Crash,Yes,2024,,South,,0,,Flat,,,,,,Bright sun,358800,0,0,0,5,,,0,,,,,,Auckland Region,Nil,1-way,Sealed,,0,0,,100,,Off,1,0,,76,Auckland,Nil,,,,,0,0,Open,0,,,Fine,Null
1755279.0108,5944249.3503,912193,,505909,0,,0,0,,Null,2024/2025,KAREPIRO DRIVE,MATA LANE,,Non-Injury Crash,No,2025,,North,,0,,Null,,,,,,Unknown,173909,0,0,1,2,,,0,,,,,,Auckland Region,Nil,2-way,Null,,0,0,,50,,Null,0,0,,76,Auckland,Nil,,,,,0,1,Urban,0,,,Null,Null
1765565.1104,5916164.0691,912195,,520301,0,,0,3,,South,2025/2026,PILKINGTON ROAD,APIRANA AVENUE,,Non-Injury Crash,No,2025,,North,,0,,Flat,,,,,,Bright sun,478000,0,0,0,2,,,0,,,,,,Auckland Region,Nil,2-way,Sealed,,0,0,,50,,Off,0,0,,76,Auckland,Nil,,,,,0,0,Urban,1,,,Fine,Null
1760659.6368,5916309.8972,912198,,516002,0,,1,2,,West,2025/2026,GREEN LANE EAST,PEACH PARADE,,Non-Injury Crash,No,2025,,East,,0,,Flat,,,,,,Dark,493700,0,0,0,4,,,0,,,,,,Auckland Region,Nil,2-way,Sealed,,0,0,,50,,On,0,0,,76,Auckland,Nil,,,,,1,0,Urban,0,,,Fine,Null
1760184.4897,5915471.8177,912199,,519400,0,,0,0,,Null,2025/2026,GREAT SOUTH ROAD,MATAI ROAD,,Minor Crash,No,2025,,North,,0,,Flat,,Christmas New Year,,,,Overcast,617100,1,0,0,6,,,0,,,1,,,Auckland Region,Nil,2-way,Sealed,,0,0,,50,,Off,1,0,,76,Auckland,Stop,,,,,0,0,Urban,0,,,Fine,Null
1766866.8753,5900931.9829,912201,,524712,0,0,0,3,0,Null,2025/2026,WORDSWORTH ROAD,WHAKAUTE LANE,,Non-Injury Crash,No,2025,0,East,0,0,0,Flat,0,,0,,0,Bright sun,777401,0,0,0,2,0,0,0,0,2,,0,0,Auckland Region,Speed hump,2-way,Sealed,0,0,0,0,30,0,Off,0,0,,76,Auckland,Nil,0,0,0,0,0,0,Urban,0,0,0,Fine,Null
1756413.0597,5927176.6301,912202,,507900,0,,0,2,,South,2025/2026,NORTHERN MOTORWAY,NORTHCOTE OBR,,Non-Injury Crash,Yes,2025,,South,,0,,Flat,,,,,,Bright sun,303502,0,0,0,3,,,0,,,,,,Auckland Region,Nil,1-way,Sealed,,0,0,,100,,Off,0,0,,76,Auckland,Nil,,,,,0,0,Open,0,,,Fine,Null
1761228.327,5916184.2767,912209,,516003,0,,0,2,,Null,2025/2026,PEACH PARADE,LADIES MILE,,Non-Injury Crash,No,2025,,East,,0,,Flat,,Christmas New Year,,,,Bright sun,494902,0,0,0,2,,,0,,,,,,Auckland Region,Nil,2-way,Sealed,,0,0,,50,,Null,0,0,,76,Auckland,Traffic Signals,,,,,0,0,Urban,0,,,Fine,Null
1753554.5005,5927910.0295,912219,,508210,0,,0,1,,Null,2025/2026,GLENFIELD ROAD,KAIPATIKI ROAD,,Non-Injury Crash,No,2025,,North,,0,,Flat,,,,,,Twilight,186800,0,0,0,5,,,0,,,,,,Auckland Region,Nil,2-way,Sealed,,0,0,,50,,Off,1,0,,76,Auckland,Traffic Signals,,,,,0,0,Urban,0,,,Fine,Null
1756592.465,5917186.1166,912223,,518201,0,0,0,3,0,Null,2025/2026,VALLEY ROAD,PENTLAND AVENUE,,Non-Injury Crash,No,2025,0,South,0,0,0,Hill Road,0,,0,,0,Overcast,547402,0,0,0,2,0,0,0,0,1,,0,0,Auckland Region,Nil,2-way,Sealed,0,0,0,0,30,0,None,0,0,,76,Auckland,Stop,0,0,0,0,0,0,Urban,1,0,0,Fine,Null
1765901.4981,5913370.6188,912225,,522820,0,,0,2,,East,2025/2026,PAKURANGA ROAD,MILLEN AVENUE,,Serious Crash,No,2025,,East,,0,,Flat,,,,,,Dark,695600,0,0,0,4,,,0,,,,,,Auckland Region,Nil,2-way,Sealed,,0,1,,60,,On,0,0,,76,Auckland,Nil,,,,,0,0,Urban,0,,,Fine,Null
1761237.4459,5916173.8077,912228,,516003,0,,0,2,,Null,2024/2025,LADIES MILE,PEACH PARADE,,Non-Injury Crash,No,2024,,North,,0,,Flat,,,,,,Twilight,494902,0,0,0,3,,,0,,,,,,Auckland Region,Nil,2-way,Sealed,,0,0,,50,,On,0,0,,76,Auckland,Traffic Signals,,,,,0,0,Urban,0,,,Fine,Null