X,Y,OBJECTID,advisorySpeed,areaUnitID,bicycle,bridge,bus,carStationWagon,cliffBank,crashDirectionDescription,crashFinancialYear,crashLocation1,crashLocation2,crashRoadSideRoad,crashSeverity,crashSHDescription,crashYear,debris,directionRoleDescription,ditch,fatalCount,fence,flatHill,guardRail,holiday,houseOrBuilding,intersection,kerb,light,meshblockId,minorInjuryCount,moped,motorcycle,NumberOfLanes,objectThrownOrDropped,otherObject,otherVehicleType,overBank,parkedVehicle,pedestrian,phoneBoxEtc,postOrPole,region,roadCharacter,roadLane,roadSurface,roadworks,schoolBus,seriousInjuryCount,slipOrFlood,speedLimit,strayAnimal,streetLight,suv,taxi,temporarySpeedLimit,tlaId,tlaName,trafficControl,trafficIsland,trafficSign,train,tree,truck,unknownVehicleType,urban,vanOrUtility,vehicle,waterRiver,weatherA,weatherB
1775787.3075,5883048.9268,912229,,521160,0,0,0,0,0,South,2025/2026,SOUTHERN MOTORWAY,ST STEPHENS OBR,,Non-Injury Crash,Yes,2025,0,North,0,0,0,Hill Road,1,,0,,0,Dark,827603,0,0,0,2,0,0,0,0,0,,0,0,Auckland Region,Nil,1-way,Sealed,0,0,0,0,100,0,On,0,0,,76,Auckland,Nil,0,0,0,0,0,0,Open,1,0,0,Fine,Null
1775028.461,5887173.3565,912231,,521132,0,,0,2,,North,2025/2026,SOUTHERN MOTORWAY,RAMARAMA OFF RAMP,,Minor Crash,Yes,2026,,North,,0,,Flat,,,,,,Bright sun,814003,1,0,0,2,,,0,,,,,,Auckland Region,Nil,1-way,Sealed,,0,0,,100,,Off,0,0,,76,Auckland,Nil,,,,,0,0,Open,0,,,Fine,Null
1755745.1603,5977226.4159,912233,,506661,0,0,0,1,0,North,2025/2026,LEIGH ROAD,TAKATU ROAD,,Fatal Crash,No,2025,0,North,0,1,1,Flat,0,,0,,0,Dark,138605,0,0,0,2,0,0,0,0,0,,0,1,Auckland Region,Nil,2-way,Sealed,0,0,0,0,80,0,None,0,0,,76,Auckland,Nil,0,0,0,0,0,0,Open,0,0,0,Fine,Null
1751581.8666,5914715.7843,912234,,514402,0,,0,1,,South,2025/2026,BLOCKHOUSE BAY ROAD,NEW WINDSOR ROAD,,Non-Injury Crash,No,2025,,North,,0,,Flat,,,,,,Dark,380503,0,0,0,2,,,0,,,,,,Auckland Region,Nil,2-way,Sealed,,0,0,,50,,On,1,0,,76,Auckland,Nil,,,,,0,0,Urban,0,,,Fine,Null
1766766.48,5904025.1399,912235,,524604,0,0,0,1,0,Null,2024/2025,LAMBIE DRIVE OFF RAMP,LAMBIE DRIVE,,Non-Injury Crash,No,2024,0,North,0,0,0,Flat,1,,0,,0,Dark,780209,0,0,0,1,0,0,0,0,0,,0,0,Auckland Region,Nil,1-way,Sealed,0,0,0,0,50,0,On,0,0,,76,Auckland,Traffic Signals,0,0,0,0,0,0,Urban,0,0,0,Fine,Null
1760761.2256,5914750.392,912236,,519500,0,,0,3,,Null,2025/2026,GREAT SOUTH ROAD,ROCKFIELD ROAD,,Minor Crash,No,2025,,North,,0,,Flat,,,,,,Bright sun,620400,1,0,0,3,,,0,,,,,,Auckland Region,Nil,2-way,Sealed,,0,0,,50,,Off,0,0,,76,Auckland,Traffic Signals,,,,,0,0,Urban,0,,,Fine,Null
1765071.8214,5905676.0793,912242,,522202,0,,0,2,,South,2025/2026,WALLACE ROAD,STADIUM LANE,,Minor Crash,No,2025,,East,,0,,Flat,,,,,,Bright sun,663400,1,0,0,3,,,0,,,,,,Auckland Region,Nil,2-way,Sealed,,0,0,,50,,Off,0,0,,76,Auckland,Give way,,,,,0,0,Urban,0,,,Fine,Null
1753769.9363,5875087.6041,912244,,526105,0,0,0,1,0,South,2025/2026,GEORGE STREET,KAIWAKA ROAD,,Non-Injury Crash,No,2025,0,South,0,0,0,Flat,0,,0,,1,Dark,835202,0,0,0,2,0,0,0,0,0,,0,0,Auckland Region,Nil,2-way,Sealed,0,0,0,0,50,0,On,0,0,,76,Auckland,Nil,0,0,0,0,0,0,Urban,0,0,0,Fine,Null
1756455.5263,5936660.8983,912245,,507000,0,,0,1,,Null,2024/2025,BEACH ROAD,ELLANGOWAN ROAD,,Non-Injury Crash,No,2024,,South,,0,,Flat,,,,,,Bright sun,162600,0,0,0,1,,,0,,,,,,Auckland Region,Nil,2-way,Sealed,,0,0,,50,,Off,0,0,,76,Auckland,Stop,,,,,0,0,Urban,1,,,Fine,Null
1749350.5343,5927843.9172,912248,,509100,0,0,0,0,0,West,2025/2026,UPPER HARBOUR MOTORWAY,TAUHINU ROAD ON RAMP,,Non-Injury Crash,Yes,2025,0,West,0,0,0,Hill Road,1,,0,,0,Dark,181400,0,0,0,2,0,0,0,0,0,,0,0,Auckland Region,Motorway ramp,1-way,Sealed,0,0,0,0,100,0,On,1,0,,76,Auckland,Nil,0,0,0,0,0,0,Open,0,0,0,Fine,Null
1755720.7426,5914077.9764,912255,,518500,0,0,0,1,0,Null,2025/2026,MOUNT ALBERT ROAD,PARAU STREET,,Non-Injury Crash,No,2025,0,West,0,0,0,Flat,0,,0,,0,Dark,562800,0,0,0,2,0,0,0,0,0,,1,0,Auckland Region,Nil,2-way,Sealed,0,0,0,0,50,0,On,0,0,,76,Auckland,Stop,0,1,0,0,0,0,Urban,0,0,0,Fine,Null
1765585.8511,5908862.5507,912261,,523402,0,,0,2,,Null,2024/2025,HIGHBROOK DRIVE,HELLABYS ROAD,,Non-Injury Crash,No,2025,,North,,0,,Flat,,,,,,Dark,696900,0,0,0,2,,,0,,,,,,Auckland Region,Nil,1-way,Sealed,,0,0,,50,,On,0,0,,76,Auckland,Give way,,,,,0,0,Urban,0,,,Fine,Null
1768614.8416,5900713.8947,912265,,525002,0,,0,2,,Null,2025/2026,WEYMOUTH ROAD,SELWYN ROAD,,Non-Injury Crash,No,2025,,West,,0,,Flat,,,,,,Unknown,752700,0,0,0,1,,,0,,,,,,Auckland Region,Nil,1-way,Sealed,,0,0,,30,,Null,0,0,,76,Auckland,Give way,,,,,0,0,Urban,0,,,Fine,Null
1770467.5674,5911285.5706,912267,,523106,0,,0,1,,Null,2025/2026,TI RAKAU DRIVE,TI RAKAU DRIVE,,Non-Injury Crash,No,2025,,East,,0,,Flat,,,,,,Bright sun,711174,0,0,0,3,,,0,,,,,,Auckland Region,Nil,1-way,Sealed,,0,0,,50,,Off,1,0,30,76,Auckland,Traffic Signals,,,,,0,0,Urban,0,,,Fine,Frost
1752794.722,5877481.9102,912269,,526103,0,,0,0,,Null,2025/2026,OFFROAD FOOT TRACK ON ELSIE DRIVE,,,Serious Crash,No,2025,,North,,0,,Flat,,,,,,Bright sun,836902,0,0,0,1,,,0,,,,,,Auckland Region,Nil,Off road,Unsealed,,0,1,,10,,None,0,0,,76,Auckland,Nil,,,,,0,1,Urban,0,,,Fine,Null
1752397.9656,5918090.7228,912272,,515001,0,,0,2,,Null,2023/2024,GREAT NORTH ROAD,CARRINGTON ROAD,,Non-Injury Crash,No,2024,,West,,0,,Flat,,,,,,Bright sun,392400,0,0,0,3,,,0,,,,,,Auckland Region,Nil,2-way,Sealed,,0,0,,50,,On,0,0,,76,Auckland,Traffic Signals,,,,,0,0,Urban,0,,,Fine,None
1764202.7659,5880969.1992,912273,,521112,0,,0,1,,Null,2025/2026,PATUMAHOE ROAD,GUN CLUB ROAD,,Minor Crash,No,2026,,South,,0,,Flat,,,,,,Dark,825600,1,0,0,2,,,0,,,,,,Auckland Region,Nil,2-way,Sealed,,0,0,,80,,On,0,0,,76,Auckland,Stop,,,,,0,0,Open,1,,,Fine,Null
1749091.0318,5945576.5382,912277,,505806,0,,0,0,,South,2025/2026,PAINTON ROAD,HIBISCUS COAST HIGHWAY,,Non-Injury Crash,No,2025,,North,,0,,Null,,,,,,Dark,176802,0,0,0,3,,,0,,,,,,Auckland Region,Nil,2-way,Sealed,,0,0,,50,,On,2,0,,76,Auckland,Nil,,,,,0,0,Urban,0,,,Light rain,Null
1771705.0499,5899064.7844,912279,,523911,0,,0,1,,Null,2025/2026,PORCHESTER ROAD,AIRFIELD ROAD,,Non-Injury Crash,No,2025,,South,,0,,Null,,,,,,Unknown,767004,0,0,0,2,,,0,,,,,,Auckland Region,Nil,2-way,Null,,0,0,,50,,Null,1,0,,76,Auckland,Give way,,,,,0,0,Urban,0,,,Null,Null
1767700.9495,5904477.4421,912280,,524604,0,,0,1,,Null,2025/2026,OFF ROAD CARPARK,,,Minor Crash,No,2025,,East,,0,,Hill Road,,,,,,Overcast,780302,1,0,0,,,,0,,,1,,,Auckland Region,Nil,Off road,Sealed,,0,0,,,,Off,0,0,,76,Auckland,Nil,,,,,0,0,Urban,0,,,Light rain,Null
1759417.3858,5910237.9168,912281,,524002,0,,0,2,,Null,2024/2025,RIMU ROAD,RIMU ROAD ON RAMP,,Non-Injury Crash,No,2024,,East,,0,,Hill Road,,,,,,Bright sun,722000,0,0,0,2,,,0,,,,,,Auckland Region,Bridge,2-way,Sealed,,0,0,,50,,Off,0,0,,76,Auckland,Give way,,,,,0,0,Urban,0,,,Fine,Null
1765099.6206,5906901.7871,912286,,522201,0,,0,2,,South,2024/2025,SHIRLEY ROAD,OMANA ROAD,,Non-Injury Crash,No,2024,,South,,0,,Flat,,,,,,Bright sun,661200,0,0,0,2,,,0,,,,,,Auckland Region,Nil,2-way,Sealed,,0,0,,50,,Off,0,0,,76,Auckland,Nil,,,,,0,0,Urban,0,,,Fine,Null
1729337.465,5931196.1702,912288,75,506652,0,0,0,1,0,West,2024/2025,SH 16,MCPIKE ROAD,,Non-Injury Crash,Yes,2024,0,South,0,0,1,Flat,0,,0,,0,Bright sun,218101,0,0,0,2,0,0,0,0,0,,0,0,Auckland Region,Nil,2-way,Sealed,0,0,0,0,100,0,Off,0,0,,76,Auckland,Nil,0,0,0,0,0,0,Open,0,0,0,Fine,Null
1771832.2011,5902052.2367,912290,,523813,0,0,0,1,0,Null,2024/2025,RANFURLY ROAD,WASTNEY ROAD,,Non-Injury Crash,No,2025,0,East,0,0,1,Flat,0,,0,,0,Overcast,759600,0,0,0,2,0,0,0,0,0,,0,0,Auckland Region,Nil,2-way,Sealed,0,0,0,0,60,0,Off,0,0,40,76,Auckland,Nil,0,0,0,0,0,0,Urban,0,0,0,Fine,Null
1770063.3175,5908712.8188,912291,,523115,0,,0,2,,South,2025/2026,CHAPEL ROAD,DUNTRUNE ROAD,,Non-Injury Crash,No,2025,,North,,0,,Flat,,,,,,Overcast,712106,0,0,0,2,,,0,,,,,,Auckland Region,Nil,2-way,Sealed,,0,0,,60,,Off,0,0,50,76,Auckland,Nil,,,,,0,0,Urban,0,,,Fine,Null
1745804.9267,5917455.7079,912292,,510700,0,,0,1,,East,2024/2025,EDMONTON ROAD,TAKAPU STREET,,Non-Injury Crash,No,2024,,West,,0,,Flat,,,,,,Overcast,240401,0,0,0,2,,,0,,,,,,Auckland Region,Nil,2-way,Sealed,,0,0,,50,,Off,1,0,,76,Auckland,Nil,,,,,0,0,Urban,1,,,Fine,Null
1757212.3308,5919946.8023,912294,,514103,0,,0,0,,South,2024/2025,QUEEN STREET,AIREDALE STREET,,Serious Crash,No,2025,,North,,0,,Flat,,,,,,Overcast,436100,0,0,0,4,,,0,,,1,,,Auckland Region,Nil,2-way,Sealed,,0,1,,30,,Off,0,0,,76,Auckland,Nil,,,,,0,0,Urban,1,,,Fine,Null
1769748.9276,5901185.0151,912298,45,524901,0,,0,2,,Null,2024/2025,ALFRISTON ROAD,BROUGH ROAD,,Non-Injury Crash,No,2025,,West,,0,,Null,,,,,,Overcast,757602,0,0,0,2,,,0,,,,,,Auckland Region,Nil,2-way,Sealed,,0,0,,50,,On,0,0,,76,Auckland,Give way,,,,,0,0,Urban,0,,,Light rain,Null
1762109.594,5912522.8903,912302,,519500,0,,0,2,,Null,2024/2025,O'RORKE ROAD,SOUTH-EASTERN HIGHWAY,,Non-Injury Crash,No,2024,,South,,0,,Flat,,,,,,Bright sun,622100,0,0,0,2,,,0,,,,,,Auckland Region,Nil,2-way,Sealed,,0,0,,50,,Null,0,0,,76,Auckland,Give way,,,,,0,0,Urban,0,,,Fine,Null
1742395.1357,5921829.5552,912308,25,513621,0,,0,1,,South,2024/2025,BIRDWOOD ROAD,RED HILLS ROAD,,Non-Injury Crash,No,2025,,South,,0,,Hill Road,,,,,,Overcast,226601,0,0,0,2,,,0,,,,,,Auckland Region,Nil,2-way,Sealed,,0,0,,60,,None,1,0,,76,Auckland,Nil,,,,,0,0,Urban,0,,,Light rain,Null
1763097.0249,5907984.9188,912309,,524530,0,,0,1,,Null,2024/2025,MASSEY ROAD,GRAY AVENUE,,Non-Injury Crash,No,2024,,South,,0,,Flat,,,,,,Bright sun,733400,0,0,0,3,,,0,,,,,,Auckland Region,Nil,2-way,Sealed,,0,0,,50,,Off,1,0,,76,Auckland,Nil,,,,,0,0,Urban,0,,,Fine,None
1770262.8459,5894448.8679,912314,,521201,0,,0,0,,North,2024/2025,EXMOOR ROAD,KABARDIN STREET,,Non-Injury Crash,No,2025,,South,,0,,Null,,,,,,Unknown,806700,0,0,0,2,,,0,,,,,,Auckland Region,Nil,2-way,Null,,0,0,,50,,Null,2,0,,76,Auckland,Nil,,,,,0,0,Urban,0,,,Null,Null
1745330.6351,5917381.3965,912317,,510800,0,,1,1,,Null,2024/2025,HENDERSON VALLEY ROAD,GREAT NORTH ROAD,,Minor Crash,No,2024,,North,,0,,Flat,,,,,,Overcast,241600,1,0,0,3,,,0,,,,,,Auckland Region,Bridge,2-way,Sealed,,0,0,,50,,Off,0,0,,76,Auckland,Traffic Signals,,,,,0,0,Urban,0,,,Fine,Null
1775216.7207,5897574.3603,912321,,523813,0,0,0,2,0,Null,2024/2025,TWIN PARKS RISE,ARAWAI TERRACE,,Non-Injury Crash,No,2025,0,West,0,0,0,Hill Road,0,Easter,0,,0,Dark,761602,0,0,0,2,0,0,0,0,1,,0,0,Auckland Region,Nil,2-way,Sealed,0,0,0,0,50,0,On,0,0,,76,Auckland,Nil,0,0,0,0,0,0,Urban,0,0,0,Fine,Null
1744854.4859,5913993.2542,912322,,512905,0,0,0,2,0,West,2024/2025,WEST COAST ROAD,GLENGARRY ROAD,,Non-Injury Crash,No,2024,0,East,0,0,0,Hill Road,0,Christmas New Year,0,,0,Overcast,278906,0,0,0,2,0,0,0,0,1,,0,0,Auckland Region,Nil,2-way,Sealed,0,0,0,0,50,0,None,0,0,,76,Auckland,Nil,0,0,0,0,0,0,Urban,0,0,0,Fine,Null
1747760.3797,5948293.1801,912324,,506201,0,,0,2,,West,2025/2026,WAINUI ROAD,UPPER OREWA ROAD,,Non-Injury Crash,No,2025,,South,,0,,Flat,,,,,,Bright sun,176603,0,0,0,2,,,0,,,,,,Auckland Region,Nil,2-way,Sealed,,0,0,,100,,None,0,0,,76,Auckland,Nil,,,,,0,0,Open,0,,,Fine,Null
1753909.4852,5925539.6254,912331,,508610,0,0,0,0,0,Null,2024/2025,GLENFIELD ROAD,PUPUKE ROAD,,Non-Injury Crash,No,2025,0,North,0,0,0,Hill Road,1,,0,,0,Dark,207200,0,0,0,1,0,0,0,0,0,,0,0,Auckland Region,Nil,1-way,Sealed,0,0,0,0,50,0,On,0,0,30,76,Auckland,Traffic Signals,0,1,0,0,0,0,Urban,1,0,0,Fine,Null
1764016.0562,5905412.6355,912333,,524303,0,0,0,1,0,Null,2025/2026,HILLCREST ROAD,SUMNER STREET,,Non-Injury Crash,No,2026,0,North,0,0,1,Hill Road,0,,0,,0,Overcast,657601,0,0,0,2,0,0,0,0,0,,0,0,Auckland Region,Nil,2-way,Sealed,0,0,0,0,50,0,Off,0,0,,76,Auckland,Nil,0,0,0,0,0,0,Urban,0,0,0,Light rain,Null
1743888.8346,5916914.7238,912334,,513220,0,0,0,1,0,Null,2025/2026,STURGES ROAD,SUMMERLAND DRIVE,,Non-Injury Crash,No,2025,0,South,0,0,0,Flat,0,,0,,0,Dark,236801,0,0,0,2,0,1,0,0,0,,0,0,Auckland Region,Nil,1-way,Sealed,0,0,0,0,50,0,On,0,0,,76,Auckland,Give way,0,0,0,0,0,0,Urban,0,0,0,Fine,Null
1755573.3192,5924653.0945,912341,,509800,0,,0,1,,West,2024/2025,ONEWA ROAD,QUEEN STREET,,Non-Injury Crash,No,2024,,East,,0,,Flat,,,,,,Bright sun,360300,0,0,0,4,,,0,,,,,,Auckland Region,Nil,2-way,Sealed,,0,0,,50,,Off,0,0,,76,Auckland,Nil,,,,,0,0,Urban,1,,,Fine,Null
1765632.7786,5908640.0214,912344,,523402,0,0,0,0,0,North,2024/2025,HELLABYS ROAD,GRIDCO ROAD,,Non-Injury Crash,No,2025,0,North,0,0,0,Flat,0,,0,,0,Dark,696900,0,0,0,2,0,0,0,0,0,,0,1,Auckland Region,Nil,2-way,Sealed,0,0,0,0,50,0,On,0,0,,76,Auckland,Nil,0,0,0,0,0,0,Urban,1,0,0,Light rain,Null
1775801.0745,5882938.4868,912349,,521160,0,0,0,1,0,North,2025/2026,SOUTHERN MOTORWAY,BOMBAY OFF RAMP,,Non-Injury Crash,Yes,2025,0,South,0,0,0,Hill Road,1,,0,,0,Overcast,827604,0,0,0,2,0,0,0,0,0,,0,0,Auckland Region,Nil,1-way,Sealed,0,0,0,0,100,0,Off,0,0,,76,Auckland,Nil,0,0,0,0,0,0,Open,0,0,0,Fine,Null
1752434.9085,5931004.5365,912351,,508803,0,0,0,1,0,East,2025/2026,UPPER HARBOUR HIGHWAY,ALBANY HIGHWAY OFF RAMP,,Non-Injury Crash,Yes,2025,0,West,0,0,0,Flat,1,,0,,0,Dark,180856,0,0,0,2,0,0,0,0,0,,0,0,Auckland Region,Nil,1-way,Sealed,0,0,0,0,100,0,On,0,0,,76,Auckland,Nil,0,0,0,0,0,0,Open,0,0,0,Fine,Null
1768632.8541,5913090.9971,912358,,523000,0,0,0,1,0,Null,2025/2026,LA TROBE STREET,ENNIS AVENUE,,Minor Crash,No,2025,0,East,0,0,0,Hill Road,0,,0,,0,Overcast,690500,1,0,0,2,0,0,0,0,0,,0,1,Auckland Region,Nil,2-way,Sealed,0,0,0,0,50,0,Off,0,0,,76,Auckland,Nil,0,0,0,0,0,0,Urban,0,0,0,Fine,Null
1767131.627,5905523.9768,912359,,524603,0,,0,1,,Null,2024/2025,REAGAN ROAD,GREAT SOUTH ROAD,,Non-Injury Crash,No,2025,,West,,0,,Null,,Queens Birthday,,,,Unknown,671000,0,0,0,1,,,0,,,,,,Auckland Region,Nil,1-way,Sealed,,0,0,,50,,Null,0,0,,76,Auckland,Give way,,,,,0,1,Urban,0,,,Fine,Null
1768803.6497,5914114.5522,912367,,522723,0,0,0,1,0,Null,2025/2026,PAKURANGA ROAD,CASCADES ROAD,,Non-Injury Crash,No,2025,0,North,0,0,0,Flat,0,,0,,0,Dark,681400,0,0,0,1,0,0,0,0,0,,0,1,Auckland Region,Nil,1-way,Sealed,0,0,0,0,60,0,On,0,0,20,76,Auckland,Give way,0,0,0,0,0,0,Urban,0,0,0,Light rain,Null
1749803.3018,5933874.5669,912372,,509000,0,0,0,0,1,Null,2025/2026,THE AVENUE,HOBSON ROAD,,Minor Crash,No,2025,0,North,0,0,0,Flat,0,,0,,0,Dark,179303,1,0,0,2,0,0,0,0,0,,0,0,Auckland Region,Nil,2-way,Sealed,0,0,0,0,50,0,None,0,0,,76,Auckland,Give way,0,0,0,1,0,0,Urban,1,0,0,Fine,Null
1766505.8702,5905141.3525,912376,,524603,0,0,0,1,0,South,2024/2025,LAMBIE DRIVE,LAMBIE DRIVE,,Non-Injury Crash,No,2025,0,South,0,0,0,Flat,0,,0,,0,Bright sun,780205,0,0,0,2,0,0,0,0,0,,0,0,Auckland Region,Nil,1-way,Sealed,0,0,0,0,50,0,Off,0,0,,76,Auckland,Nil,0,1,0,0,0,0,Urban,0,0,0,Fine,Null
1765539.5695,5905165.4854,912380,,522400,0,0,0,2,0,South,2024/2025,LIPSCOMBE AVENUE,VICTORIA ROAD,,Non-Injury Crash,No,2025,0,South,0,0,0,Hill Road,0,,0,,0,Dark,673000,0,0,0,2,0,0,0,0,1,,0,0,Auckland Region,Nil,2-way,Sealed,0,0,0,0,50,0,On,0,0,,76,Auckland,Nil,0,0,0,0,0,0,Urban,0,0,0,Heavy rain,Null
1755029.6253,5913774.4293,912382,,518803,0,,0,1,,North,2025/2026,DOMINION ROAD,DENBIGH AVENUE,,Minor Crash,No,2025,,South,,0,,Flat,,,,,,Overcast,581200,1,0,0,2,,,0,,,1,,,Auckland Region,Nil,2-way,Sealed,,0,0,,50,,Off,0,0,,76,Auckland,Nil,,,,,0,0,Urban,0,,,Fine,Null
1745029.2775,5915739.0253,912383,,510800,0,0,0,3,0,East,2025/2026,CORBAN AVENUE,ENTERPRISE DRIVE,,Minor Crash,No,2025,0,West,0,0,0,Flat,0,,0,,0,Dark,242502,1,0,0,2,0,0,0,0,1,,0,0,Auckland Region,Nil,2-way,Sealed,0,0,0,0,50,0,On,1,0,,76,Auckland,Nil,0,0,0,0,0,0,Urban,1,0,0,Fine,Null
1771878.1584,5897357.3857,912385,,525420,0,,0,2,,Null,2024/2025,GREAT SOUTH ROAD,TIRONUI ROAD,,Non-Injury Crash,No,2025,,South,,0,,Flat,,Queens Birthday,,,,Dark,790800,0,0,0,2,,,0,,,,,,Auckland Region,Nil,2-way,Sealed,,0,0,,50,,On,0,0,,76,Auckland,Stop,,,,,0,0,Urban,0,,,Fine,Null
1763390.2943,5908422.35,912386,,521901,0,,0,2,,East,2025/2026,MANGERE ROAD,MASSEY ROAD,,Non-Injury Crash,No,2025,,North,,0,,Hill Road,,,,,,Dark,786300,0,0,0,3,,,0,,,,,,Auckland Region,Nil,2-way,Sealed,,0,0,,50,,On,0,0,,76,Auckland,Nil,,,,,0,0,Urban,0,,,Fine,Null
1764832.9242,5908375.8491,912388,,523404,0,0,0,1,0,North,2025/2026,GREAT SOUTH ROAD,BAIRDS ROAD,,Serious Crash,No,2025,0,North,0,0,0,Flat,1,,0,,0,Dark,696701,0,0,0,4,0,0,0,0,0,,0,0,Auckland Region,Nil,2-way,Sealed,0,0,1,0,50,0,On,0,0,,76,Auckland,Nil,0,0,0,0,0,0,Urban,0,0,0,Fine,Null
1751118.1117,5914019.5744,912399,,514402,0,0,0,0,0,North,2024/2025,ST GEORGES ROAD,WOLVERTON STREET,,Non-Injury Crash,No,2025,0,West,0,0,0,Flat,0,,0,,0,Overcast,381700,0,0,0,2,0,0,0,0,0,,0,1,Auckland Region,Nil,2-way,Sealed,0,0,0,0,50,0,Off,0,0,,76,Auckland,Nil,0,0,0,0,1,0,Urban,0,0,0,Light rain,Null
1760447.7955,5908919.6424,912400,,524403,0,,0,1,,Null,2024/2025,WALMSLEY ROAD,ROBERTSON ROAD,,Non-Injury Crash,No,2024,,East,,0,,Flat,,,,,,Bright sun,729901,0,0,0,3,,,0,,,,,,Auckland Region,Nil,2-way,Sealed,,0,0,,50,,Off,0,0,,76,Auckland,Traffic Signals,,,,,0,0,Urban,1,,,Fine,Null
1748833.4361,5917446.1415,912402,,514801,0,,0,2,,South,2025/2026,ROSEBANK ROAD,TIMOTHY PLACE,,Minor Crash,No,2025,,South,,0,,Flat,,,,,,Bright sun,389400,3,0,0,2,,,0,,,,,,Auckland Region,Nil,2-way,Sealed,,0,0,,50,,Off,0,0,,76,Auckland,Nil,,,,,0,0,Urban,0,,,Fine,Null
1758742.1203,5911586.0342,912403,,519820,0,0,0,1,0,South,2024/2025,NEILSON STREET ON RAMP,NEILSON STREET,,Non-Injury Crash,No,2025,0,South,0,0,0,Hill Road,1,Easter,0,,0,Overcast,602402,0,0,0,3,0,0,0,0,0,,0,0,Auckland Region,Motorway ramp,1-way,Sealed,0,0,0,0,100,0,Off,0,0,,76,Auckland,Nil,0,0,0,0,0,0,Open,0,0,0,Fine,Null
1769908.5568,5900921.1215,912410,,523816,0,0,0,1,0,South,2023/2024,SOUTHERN MOTORWAY,ALFRISTON OBR,,Non-Injury Crash,Yes,2024,0,South,0,0,0,Flat,1,,0,,0,Twilight,759724,0,0,0,3,0,0,0,0,0,,0,0,Auckland Region,Nil,1-way,Sealed,0,0,0,0,100,0,None,0,0,,76,Auckland,Nil,0,0,0,0,0,0,Open,1,0,0,Fine,Null
1766160.5934,5917688.0559,912414,,517001,0,0,0,2,0,North,2024/2025,PADDINGTON STREET,BROMLEY PLACE,,Non-Injury Crash,No,2024,0,North,0,0,0,Hill Road,0,,0,,0,Bright sun,471300,0,0,0,2,0,0,0,0,1,,0,0,Auckland Region,Nil,2-way,Sealed,0,0,0,0,50,0,Off,0,0,,76,Auckland,Nil,0,0,0,0,0,0,Urban,0,0,0,Fine,Null
1760215.5153,5907715.0498,912416,,524121,0,0,0,0,0,North,2024/2025,SOUTH-WESTERN MOTORWAY,MOYLE PARK FTBR,,Non-Injury Crash,Yes,2024,0,North,0,0,0,Flat,1,,0,,0,Dark,737600,0,0,0,2,0,0,0,0,0,,0,0,Auckland Region,Underpass,1-way,Sealed,0,0,0,0,100,0,On,0,0,,76,Auckland,Nil,0,0,0,0,0,0,Open,1,0,0,Heavy rain,Strong wind
1770729.9451,5913201.0273,912425,,523101,0,0,0,2,0,South,2025/2026,BOTANY ROAD,PINEWOOD GROVE,,Non-Injury Crash,No,2025,0,North,0,0,0,Hill Road,0,,0,,0,Bright sun,710512,0,0,0,2,0,0,0,0,2,,0,0,Auckland Region,Nil,2-way,Sealed,0,0,0,0,50,0,Off,0,0,30,76,Auckland,Nil,0,0,0,0,0,0,Urban,1,0,0,Fine,Frost
1761102.8791,5916196.7499,912427,,516003,0,,0,1,,West,2025/2026,PEACH PARADE,LADIES MILE,,Non-Injury Crash,No,2025,,East,,0,,Null,,,,,,Bright sun,494902,0,0,0,2,,,0,,,,,,Auckland Region,Nil,2-way,Sealed,,0,0,,50,,Null,1,0,,76,Auckland,Nil,,,,,0,0,Urban,0,,,Fine,Null
1753570.2847,5932413.229,912429,,508805,0,,0,2,,South,2025/2026,NORTHERN MOTORWAY,ROSEDALE OBR,,Minor Crash,Yes,2025,,South,,0,,Flat,,,,,,Bright sun,180866,2,0,0,4,,,0,,,,,,Auckland Region,Nil,1-way,Sealed,,0,0,,100,,Off,0,0,,76,Auckland,Nil,,,,,0,0,Open,0,,,Fine,Null
1754842.6577,5918326.4429,912443,,515431,0,,0,1,,East,2024/2025,NORTH-WESTERN MOTORWAY,ST LUKES ROAD ON RAMP,,Non-Injury Crash,Yes,2024,,East,,0,,Flat,,,,,,Overcast,406700,0,0,0,4,,,0,,,,,,Auckland Region,Nil,1-way,Sealed,,0,0,,80,,Off,0,0,,76,Auckland,Nil,,,,,1,0,Open,0,,,Fine,Null
1756342.3499,5920462.8639,912445,,514102,0,,0,2,,Null,2023/2024,DRAKE STREET,UNION STREET,,Non-Injury Crash,No,2023,,West,,0,,Flat,,,,,,Overcast,432700,0,0,0,2,,,0,,,,,,Auckland Region,Nil,2-way,Sealed,,0,0,,30,,Off,0,0,,76,Auckland,Nil,,,,,0,0,Urban,0,,,Light rain,None
1769708.1437,5904686.9589,912450,,523820,0,,0,2,,Null,2023/2024,REDOUBT ROAD,HILLTOP ROAD,,Non-Injury Crash,No,2023,,West,,0,,Flat,,,,,,Bright sun,760000,0,0,0,2,,,0,,,,,,Auckland Region,Nil,2-way,Sealed,,0,0,,60,,Off,0,0,,76,Auckland,Give way,,,,,0,0,Urban,0,,,Light rain,None
1769948.9805,5909858.9812,912455,,523109,0,,0,1,,Null,2024/2025,TE IRIRANGI DRIVE,SMALES ROAD,,Minor Crash,No,2025,,South,,0,,Flat,,,,,,Overcast,711737,1,0,0,4,,,0,,,,,,Auckland Region,Nil,1-way,Sealed,,0,0,,60,,Off,0,0,,76,Auckland,Traffic Signals,,,,,0,0,Urban,1,,,Fine,Null