X,Y,OBJECTID,advisorySpeed,areaUnitID,bicycle,bridge,bus,carStationWagon,cliffBank,crashDirectionDescription,crashFinancialYear,crashLocation1,crashLocation2,crashRoadSideRoad,crashSeverity,crashSHDescription,crashYear,debris,directionRoleDescription,ditch,fatalCount,fence,flatHill,guardRail,holiday,houseOrBuilding,intersection,kerb,light,meshblockId,minorInjuryCount,moped,motorcycle,NumberOfLanes,objectThrownOrDropped,otherObject,otherVehicleType,overBank,parkedVehicle,pedestrian,phoneBoxEtc,postOrPole,region,roadCharacter,roadLane,roadSurface,roadworks,schoolBus,seriousInjuryCount,slipOrFlood,speedLimit,strayAnimal,streetLight,suv,taxi,temporarySpeedLimit,tlaId,tlaName,trafficControl,trafficIsland,trafficSign,train,tree,truck,unknownVehicleType,urban,vanOrUtility,vehicle,waterRiver,weatherA,weatherB
1763141.3801,5908056.8342,912458,,524402,0,,0,2,,Null,2022/2023,MASSEY ROAD,GRAY AVENUE,,Non-Injury Crash,No,2023,,South,,0,,Flat,,,,,,Dark,750000,0,0,0,4,,,0,,,,,,Auckland Region,Nil,2-way,Sealed,,0,0,,50,,On,0,0,,76,Auckland,Traffic Signals,,,,,0,0,Urban,0,,,Fine,None
1753801.5182,5918231.1005,912460,,515003,0,,0,1,,North,2023/2024,ST LUKES ROAD ON RAMP,ST LUKES ROAD,,Non-Injury Crash,No,2023,,North,,0,,Flat,,,,,,Overcast,390502,0,0,0,1,,,0,,,1,,,Auckland Region,Speed hump,1-way,Sealed,,0,0,,50,,None,0,0,,76,Auckland,Nil,,,,,0,0,Urban,0,,,Fine,Null
1730459.9085,5925886.7308,912461,65,506655,0,0,0,1,0,West,2025/2026,MURIWAI ROAD,VALLEY ROAD,,Minor Crash,No,2026,0,East,0,0,0,Hill Road,0,,0,,0,Overcast,218701,1,0,0,2,0,0,0,0,0,,0,0,Auckland Region,Nil,2-way,Sealed,0,0,0,0,80,0,None,0,0,,76,Auckland,Nil,0,0,0,1,0,0,Open,0,0,0,Fine,Strong wind
1760013.5114,5916039.4967,912464,,516002,0,,0,3,,West,2025/2026,SOUTHERN MOTORWAY,GREENLANE INT N,,Non-Injury Crash,Yes,2025,,East,,0,,Flat,,,,,,Bright sun,492100,0,0,0,3,,,0,,,,,,Auckland Region,Motorway ramp,1-way,Sealed,,0,0,,100,,Off,0,1,,76,Auckland,Nil,,,,,0,0,Open,1,,,Fine,Null
1735971.9641,5984388.7982,912465,,506660,0,0,0,0,0,North,2025/2026,SH 1,LOVERS LANE,,Non-Injury Crash,Yes,2025,0,North,0,0,0,Hill Road,0,,0,,0,Overcast,143800,0,0,0,2,0,0,0,0,0,,0,1,Auckland Region,Nil,2-way,Sealed,0,0,0,0,100,0,None,0,0,,76,Auckland,Nil,0,0,0,0,0,0,Open,1,0,0,Light rain,Null
1767985.5861,5900881.0206,912470,,525001,0,0,0,2,0,East,2025/2026,RUSSELL ROAD,FRANCES STREET,,Non-Injury Crash,No,2025,0,West,0,0,0,Null,0,,0,,0,Bright sun,752300,0,0,0,2,0,0,0,0,1,,0,0,Auckland Region,Nil,2-way,Sealed,0,0,0,0,50,0,Null,0,0,,76,Auckland,Nil,0,0,0,0,0,0,Urban,0,0,0,Fine,Null
1757768.9279,5919654.3348,912473,,514301,0,,0,1,,Null,2025/2026,WELLESLEY STREET EAST,GRAFTON ROAD,,Non-Injury Crash,No,2026,,South,,0,,Hill Road,,,,,,Bright sun,440400,0,0,1,6,,,0,,,,,,Auckland Region,Bridge,2-way,Sealed,,0,0,,50,,Off,0,0,,76,Auckland,Traffic Signals,,,,,0,0,Urban,0,,,Fine,Null
1761394.0353,5906259.2212,912474,,524200,0,,0,2,,North,2025/2026,MASSEY ROAD,FRIESIAN DRIVE,,Minor Crash,No,2025,,North,,0,,Flat,,,,,,Dark,728801,1,0,0,2,,,0,,,1,,,Auckland Region,Nil,2-way,Sealed,,0,0,,50,,On,1,0,,76,Auckland,Nil,,,,,0,0,Urban,0,,,Fine,Null
1745356.5235,5920391.2013,912478,,513301,0,,0,2,,West,2025/2026,TRIANGLE ROAD,LINCOLN ROAD,,Minor Crash,No,2025,,East,,0,,Flat,,,,,,Overcast,231700,1,0,0,3,,,0,,,,,,Auckland Region,Nil,2-way,Sealed,,0,0,,50,,Off,1,0,,76,Auckland,Nil,,,,,0,0,Urban,0,,,Fine,Null
1762182.8376,5913647.7356,912486,,520500,0,1,0,0,0,South,2024/2025,SOUTHERN MOTORWAY,PENROSE OBR,,Non-Injury Crash,Yes,2025,0,North,0,0,0,Flat,0,,0,,0,Bright sun,637100,0,0,0,3,0,0,0,0,0,,0,0,Auckland Region,Bridge,1-way,Sealed,0,0,0,0,100,0,Off,0,0,,76,Auckland,Nil,0,0,0,0,1,0,Open,0,0,0,Fine,Null
1746093.9444,5918171.3506,912488,,512500,0,,0,1,,Null,2024/2025,EDMONTON ROAD,CENTRAL PARK DRIVE,,Non-Injury Crash,No,2025,,North,,0,,Hill Road,,,,,,Twilight,257002,0,0,0,4,,,0,,,,,,Auckland Region,Nil,2-way,Sealed,,0,0,,50,,Off,0,0,,76,Auckland,Traffic Signals,,,,,0,0,Urban,1,,,Fine,Null
1759411.322,5980207.7749,912491,35,506661,0,0,0,1,0,South,2024/2025,LEIGH ROAD,COXHEAD CREEK ROAD,,Non-Injury Crash,No,2024,0,West,1,0,1,Flat,0,,0,,0,Dark,137601,0,0,0,2,0,0,0,0,0,,0,0,Auckland Region,Nil,2-way,Sealed,0,0,0,0,50,0,None,0,0,,76,Auckland,Nil,0,0,0,0,0,0,Urban,0,0,0,Fine,Null
1755667.6174,5919756.5921,912493,,515302,0,,0,1,,Null,2024/2025,DOUGLAS STREET,PONSONBY ROAD,,Non-Injury Crash,No,2025,,East,,0,,Flat,,,,,,Bright sun,431900,0,0,0,2,,,0,,,1,,,Auckland Region,Speed hump,2-way,Sealed,,0,0,,30,,Off,0,0,,76,Auckland,Stop,,,,,0,0,Urban,0,,,Fine,Null
1768512.1151,5901084.1616,912495,,525001,0,,0,1,,North,2024/2025,MAICH ROAD,STATION ROAD,,Non-Injury Crash,No,2024,,South,,0,,Flat,,,,,,Overcast,751400,0,0,0,2,,,0,,,,,,Auckland Region,Nil,2-way,Sealed,,0,0,,50,,Null,0,0,,76,Auckland,Nil,,,,,0,0,Urban,1,,,Light rain,Null
1752419.7477,5915064.2781,912496,,517902,0,0,0,2,0,North,2025/2026,SH 20,MAIORO STREET OFF RAMP,,Non-Injury Crash,Yes,2025,0,South,0,0,0,Hill Road,1,Christmas New Year,0,,0,Overcast,519900,0,0,0,3,0,0,0,0,0,,0,0,Auckland Region,Tunnel,1-way,Sealed,0,0,0,0,80,0,Off,0,0,,76,Auckland,Nil,0,0,0,0,0,0,Open,0,0,0,Fine,Null
1754303.6975,5919392.6869,912499,,515410,1,,0,0,,Null,2025/2026,RICHMOND ROAD,FRANCIS STREET,,Minor Crash,No,2025,,North,,0,,Flat,,,,,,Overcast,402500,2,0,0,2,,,0,,,1,,,Auckland Region,Nil,2-way,Sealed,,0,0,,50,,Off,0,0,,76,Auckland,Give way,,,,,0,1,Urban,0,,,Fine,Null
1748518.8432,5927592.2972,912506,,513410,0,,0,3,,West,2024/2025,UPPER HARBOUR MOTORWAY,UPPER HARBOUR BR,,Minor Crash,Yes,2025,,West,,0,,Hill Road,,,,,,Bright sun,221902,1,0,0,2,,,0,,,,,,Auckland Region,Bridge,1-way,Sealed,,0,0,,100,,Off,0,0,,76,Auckland,Nil,,,,,0,0,Open,1,,,Fine,Null
1764297.5874,5908909.3797,912508,,521901,0,0,0,1,1,Null,2024/2025,GREAT SOUTH ROAD,GREAT SOUTH ROAD,,Non-Injury Crash,No,2025,0,South,0,0,0,Flat,0,,0,,0,Bright sun,785200,0,0,0,4,0,0,0,0,0,,0,0,Auckland Region,Nil,2-way,Sealed,0,0,0,0,50,0,Off,0,0,,76,Auckland,Give way,0,0,0,0,0,0,Urban,0,0,0,Fine,Null
1747936.7262,5914321.5763,912511,,511100,0,,0,4,,South,2024/2025,GREAT NORTH ROAD,BRANDON ROAD,,Serious Crash,No,2025,,North,,0,,Hill Road,,,,,,Overcast,285800,1,0,0,4,,,0,,,,,,Auckland Region,Nil,2-way,Sealed,,0,2,,50,,Off,0,0,,76,Auckland,Nil,,,,,0,0,Urban,0,,,Fine,Null
1756365.2147,5919030.4607,912517,,514200,0,1,0,0,0,South,2024/2025,NEWTON ROAD,NEWTON OBR,,Non-Injury Crash,No,2025,0,South,0,0,0,Flat,0,,0,,0,Bright sun,411800,0,0,0,4,0,0,0,0,0,,0,0,Auckland Region,Overpass,2-way,Sealed,0,0,0,0,50,0,Off,0,0,,76,Auckland,Nil,0,0,0,0,0,0,Urban,1,0,0,Fine,Null
1747491.3433,5914704.6445,912521,,511100,0,,0,1,,Null,2025/2026,GREAT NORTH ROAD,SABULITE ROAD,,Non-Injury Crash,No,2025,,North,,0,,Null,,,,,,Bright sun,284800,0,0,0,5,,,0,,,,,,Auckland Region,Nil,2-way,Sealed,,0,0,,50,,Off,1,0,,76,Auckland,Traffic Signals,,,,,0,0,Urban,0,,,Fine,Null
1761693.0374,5909703.7926,912523,,524404,0,0,0,1,0,East,2025/2026,NORANA AVENUE,LOLIM PLACE,,Non-Injury Crash,No,2025,0,East,0,0,0,Flat,0,,0,,0,Overcast,729200,0,0,0,2,0,0,0,0,0,,1,0,Auckland Region,Nil,2-way,Sealed,0,0,0,0,50,0,Off,0,0,,76,Auckland,Nil,0,0,0,0,0,0,Urban,0,0,0,Fine,Null
1748488.4709,5946874.4756,912525,,505806,0,0,0,1,0,South,2025/2026,NORTHERN MOTORWAY,WAINUI OBR,,Non-Injury Crash,Yes,2025,0,South,0,0,0,Flat,1,,0,,0,Bright sun,176604,0,0,0,2,0,0,0,0,0,,0,0,Auckland Region,Nil,2-way,Sealed,0,0,0,0,100,0,None,0,0,,76,Auckland,Nil,0,0,0,0,0,0,Open,0,0,0,Fine,Null
1755480.9684,5915387.0615,912528,,518302,0,,0,0,,Null,2025/2026,DOMINION ROAD,WEMBLEY ROAD,,Minor Crash,No,2025,,North,,0,,Flat,,,,,,Overcast,559301,1,0,1,2,,,0,,,,,,Auckland Region,Nil,2-way,Sealed,,0,0,,50,,Off,0,0,,76,Auckland,Give way,,,,,0,0,Urban,1,,,Fine,Null
1750483.0857,5954558.7535,912535,,506201,0,0,0,0,0,South,2025/2026,NORTHERN GATEWAY TOLL ROAD,WAIWERA VIADUCT SOUTH,,Non-Injury Crash,Yes,2026,0,South,0,0,0,Hill Road,1,,0,,0,Overcast,176204,0,0,0,4,0,0,0,0,0,,0,0,Auckland Region,Nil,2-way,Sealed,0,0,0,0,110,0,None,0,0,,76,Auckland,Nil,0,0,0,0,0,0,Open,1,0,0,Heavy rain,Null
1760043.7754,5907430.6609,912536,,524112,0,0,0,1,0,North,2024/2025,SOUTH-WESTERN MOTORWAY,KIRKBRIDE ROAD OFF RAMP,,Minor Crash,Yes,2025,0,South,0,0,0,Flat,1,,0,,0,Overcast,737500,1,0,0,2,0,0,0,0,0,,0,0,Auckland Region,Motorway ramp,1-way,Sealed,0,0,0,0,100,0,Off,0,0,,76,Auckland,Nil,0,0,0,0,0,0,Open,0,0,0,Light rain,Null
1760655.4592,5916805.1914,912537,,516202,0,,0,2,,Null,2025/2026,ORAKEI ROAD,ORAKEI ROAD,,Non-Injury Crash,No,2026,,South,,0,,Flat,,,,,,Dark,489600,0,0,0,3,,,0,,,,,,Auckland Region,Nil,2-way,Sealed,,0,0,,50,,On,0,0,,76,Auckland,Traffic Signals,,,,,0,0,Urban,0,,,Fine,Null
1769103.628,5906585.3146,912538,,523712,0,0,0,1,0,North,2024/2025,TE IRIRANGI DRIVE,WHETSTONE ROAD,,Non-Injury Crash,No,2024,0,South,0,0,0,Flat,0,,0,,0,Dark,713012,0,0,0,2,0,0,0,0,0,,0,0,Auckland Region,Nil,1-way,Sealed,0,0,0,0,60,0,On,0,0,,76,Auckland,Nil,0,0,0,1,0,0,Urban,0,0,0,Fine,Null
1741526.6601,5927175.7893,912542,,513701,0,,0,1,,South,2024/2025,SH 16,COATESVILLE-RIVERHEAD HIGHWAY,,Non-Injury Crash,Yes,2025,,South,,0,,Hill Road,,,,,,Bright sun,220200,0,0,0,3,,,0,,,,,,Auckland Region,Nil,2-way,Sealed,,0,0,,80,,Off,0,0,,76,Auckland,Nil,,,,,0,0,Open,1,,,Fine,Null
1755388.3265,5921974.6862,912544,,515202,0,0,0,0,0,South,2025/2026,NORTHERN MOTORWAY,HARBOUR BR S,,Non-Injury Crash,Yes,2025,0,South,0,0,0,Hill Road,0,,0,,0,Bright sun,423600,0,0,0,3,0,0,1,0,0,,0,0,Auckland Region,Bridge,1-way,Sealed,0,0,0,0,80,0,Off,0,0,,76,Auckland,Nil,0,0,0,0,1,0,Open,0,1,0,Fine,Null
1757611.6901,5918365.4627,912548,,518101,0,,0,1,,North,2025/2026,SOUTHERN MOTORWAY,KHYBER PASS ROAD OFF RAMP,,Minor Crash,Yes,2025,,North,,0,,Flat,,,,,,Bright sun,542700,1,0,1,4,,,0,,,,,,Auckland Region,Nil,1-way,Sealed,,0,0,,80,,Null,0,0,,76,Auckland,Nil,,,,,0,0,Open,0,,,Fine,Null
1772518.2346,5896454.9725,912554,,525420,0,0,1,1,0,South,2024/2025,EAST STREET,QUEEN STREET,,Non-Injury Crash,No,2024,0,West,0,0,0,Flat,0,,0,,0,Overcast,791600,0,0,0,2,0,0,0,0,1,,0,0,Auckland Region,Nil,2-way,Sealed,0,0,0,0,50,0,Off,0,0,,76,Auckland,Nil,0,0,0,0,0,0,Urban,0,0,0,Fine,Null
1760981.68,5919963.3189,912560,,516400,0,,0,1,,Null,2024/2025,TAMAKI DRIVE,NGAPIPI ROAD,,Non-Injury Crash,No,2024,,West,,0,,Flat,,,,,,Bright sun,496900,0,0,0,2,,,0,,,,,,Auckland Region,Nil,2-way,Sealed,,0,0,,50,,Null,1,0,,76,Auckland,Traffic Signals,,,,,0,0,Urban,0,,,Fine,Null
1750561.5543,5946565.3545,912564,,506001,0,,0,0,,West,2024/2025,HIBISCUS COAST HIGHWAY,WHANGAPARAOA ROAD,,Non-Injury Crash,No,2025,,West,,0,,Flat,,,,,,Bright sun,175501,0,0,0,3,,,0,,,,,,Auckland Region,Nil,1-way,Sealed,,0,0,,60,,Off,1,0,,76,Auckland,Nil,,,,,0,0,Urban,1,,,Fine,Null
1766144.552,5905263.2972,912565,,522400,0,0,0,1,0,East,2025/2026,FITZROY STREET,TAVISTOCK STREET,,Non-Injury Crash,No,2025,0,East,0,0,0,Flat,0,,0,,0,Bright sun,672103,0,0,0,2,0,0,0,0,1,,0,0,Auckland Region,Nil,2-way,Sealed,0,0,0,0,50,0,Null,0,0,,76,Auckland,Nil,0,0,0,0,0,0,Urban,1,0,0,Fine,Null
1756377.7716,5920233.4778,912567,,514000,0,0,0,1,0,North,2025/2026,NORTHERN MOTORWAY,WELLINGTON OBR,,Non-Injury Crash,Yes,2025,0,South,0,0,0,Flat,1,,0,,0,Overcast,416800,0,0,0,2,0,0,0,0,0,,0,0,Auckland Region,Bridge,1-way,Sealed,0,0,0,0,80,0,Off,0,0,,76,Auckland,Nil,0,0,0,0,0,0,Open,0,0,0,Heavy rain,Null
1764954.0338,5908214.5019,912570,,523404,0,,0,1,,South,2025/2026,GREAT SOUTH ROAD,GREAT SOUTH ROAD,,Non-Injury Crash,No,2025,,South,,0,,Flat,,,,,,Overcast,696801,0,0,0,5,,,0,,,,,,Auckland Region,Nil,2-way,Sealed,,0,0,,50,,Off,0,0,,76,Auckland,Nil,,,,,0,0,Urban,1,,,Light rain,Strong wind
1761232.4093,5916298.2777,912573,,516003,0,,0,2,,Null,2024/2025,RICHARD FARRELL AVENUE,LADIES MILE,,Minor Crash,No,2024,,West,,0,,Flat,,,,,,Dark,496000,1,0,0,2,,,0,,,,,,Auckland Region,Nil,2-way,Sealed,,0,0,,50,,Null,0,0,,76,Auckland,Give way,,,,,0,0,Urban,0,,,Null,Null
1763482.6953,5917640.3742,912577,,516302,0,0,0,2,0,West,2023/2024,ST JOHNS ROAD,TRUMAN STREET,,Non-Injury Crash,No,2024,0,Null,0,0,0,Flat,0,,0,,0,Bright sun,462602,0,0,0,2,0,0,0,0,1,,0,0,Auckland Region,Nil,2-way,Sealed,0,0,0,0,50,0,Off,0,0,,76,Auckland,Nil,0,0,0,0,0,0,Urban,0,0,0,Fine,None
1756774.4654,5919746.176,912581,,514102,0,,0,0,,Null,2024/2025,HOPETOUN STREET,VINCENT STREET,,Non-Injury Crash,No,2024,,North,,0,,Flat,,,,,,Twilight,435500,0,0,0,4,,,0,,,,,,Auckland Region,Nil,2-way,Sealed,,0,0,,30,,On,2,0,,76,Auckland,Traffic Signals,,,,,0,0,Urban,0,,,Fine,Null
1758851.8374,5911831.7994,912582,,519810,0,,0,2,,North,2024/2025,SELWYN STREET,NEILSON STREET,,Non-Injury Crash,No,2025,,South,,0,,Null,,,,,,Bright sun,602200,0,0,0,4,,,0,,,,,,Auckland Region,Nil,2-way,Sealed,,0,0,,50,,Null,0,0,,76,Auckland,Nil,,,,,0,0,Urban,0,,,Fine,Null
1763995.8988,5912096.2152,912585,45,520500,0,,0,2,,Null,2024/2025,MOUNT WELLINGTON HIGHWAY,VESTEY DRIVE,,Non-Injury Crash,No,2024,,South,,0,,Flat,,,,,,Overcast,639500,0,0,0,2,,,0,,,,,,Auckland Region,Nil,1-way,Sealed,,0,0,,50,,Off,0,0,,76,Auckland,Give way,,,,,0,0,Urban,0,,,Fine,Null
1744886.5965,5919231.4115,912587,,513301,0,,0,2,,Null,2024/2025,POMARIA ROAD,KINGDALE ROAD,,Minor Crash,No,2025,,West,,0,,Hill Road,,,,,,Overcast,232101,1,0,0,2,,,0,,,,,,Auckland Region,Nil,2-way,Sealed,,0,0,,30,,Off,0,0,,76,Auckland,Give way,,,,,0,0,Urban,0,,,Light rain,Null
1756827.2903,5932528.1008,912589,,507400,0,0,0,0,0,Null,2025/2026,WHITBY CRESCENT,KOWHAI ROAD,,Non-Injury Crash,No,2025,0,South,0,0,0,Null,0,,0,,0,Overcast,149600,0,0,0,2,0,0,0,0,1,,0,0,Auckland Region,Nil,2-way,Sealed,0,0,0,0,50,0,Null,1,0,,76,Auckland,Nil,0,0,0,0,0,1,Urban,0,0,0,Fine,Null
1757969.9705,5912052.1605,912593,,519810,0,0,0,1,0,South,2025/2026,SOUTH-WESTERN MOTORWAY,QUEENSTOWN ROAD OFF RAMP,,Non-Injury Crash,Yes,2025,0,North,0,0,0,Flat,1,,0,,0,Overcast,602501,0,0,0,3,0,0,0,0,0,,0,0,Auckland Region,Nil,1-way,Sealed,0,0,0,0,100,0,Off,0,0,,76,Auckland,Nil,0,0,0,0,0,0,Open,0,0,0,Light rain,Null
1761290.7132,5903409.0398,912594,,524604,0,0,0,2,0,West,2025/2026,PUHINUI ROAD,ORRS ROAD,,Minor Crash,Yes,2025,0,West,0,0,0,Flat,0,,0,,0,Overcast,780902,1,0,0,4,0,0,0,0,0,,0,1,Auckland Region,Nil,2-way,Sealed,0,0,0,0,50,0,Off,0,0,,76,Auckland,Nil,0,0,0,0,0,0,Urban,0,0,0,Fine,Null
1762088.6734,5913800.4268,912601,,520500,0,,0,2,,North,2024/2025,SOUTHERN MOTORWAY,PENROSE OBR,,Non-Injury Crash,Yes,2024,,North,,0,,Hill Road,,,,,,Bright sun,637000,0,0,0,3,,,0,,,,,,Auckland Region,Nil,1-way,Sealed,,0,0,,100,,Off,0,0,,76,Auckland,Nil,,,,,0,0,Open,0,,,Fine,Null
1756737.7841,5930412.5939,912610,,507710,0,0,0,1,0,Null,2024/2025,EAST COAST ROAD,TAPATAI PLACE,,Non-Injury Crash,No,2024,0,South,0,0,0,Flat,0,Christmas New Year,0,,0,Bright sun,314002,0,0,0,2,0,0,0,0,0,,0,0,Auckland Region,Speed hump,2-way,Sealed,0,0,0,0,50,0,Off,0,0,,76,Auckland,Nil,1,1,0,0,0,0,Urban,0,0,0,Fine,Null
1761064.6214,5914370.1544,912613,,520202,0,,0,1,,Null,2023/2024,GREAT SOUTH ROAD,ELLERSLIE-PANMURE HIGHWAY,,Non-Injury Crash,No,2024,,South,,0,,Flat,,,,,,Dark,612200,0,0,0,2,,,0,,,,,,Auckland Region,Nil,1-way,Sealed,,0,0,,50,,On,0,0,,76,Auckland,Give way,,,,,1,0,Urban,0,,,Fine,Null
1761002.6821,5914419.2687,912617,,519500,0,,0,3,,North,2025/2026,GREAT SOUTH ROAD,ELLERSLIE-PANMURE HIGHWAY,,Minor Crash,No,2026,,North,,0,,Flat,,,,,,Bright sun,620500,1,0,0,3,,,0,,,,,,Auckland Region,Nil,1-way,Sealed,,0,0,,50,,Off,0,0,,76,Auckland,Nil,,,,,0,0,Urban,1,,,Fine,Null
1771113.0565,5896488.0761,912619,,525540,0,,0,2,,South,2025/2026,SOUTHERN MOTORWAY,PAHUREHURE NO 2 BR,,Non-Injury Crash,Yes,2026,,South,,0,,Flat,,,,,,Bright sun,806204,0,0,0,3,,,0,,,,,,Auckland Region,Nil,1-way,Sealed,,0,0,,100,,Off,1,0,,76,Auckland,Nil,,,,,0,0,Open,0,,,Fine,Null
1769621.9345,5908519.7545,912620,,523115,0,0,0,2,0,Null,2024/2025,TE IRIRANGI DRIVE,ACCENT DRIVE,,Minor Crash,No,2025,0,South,0,0,0,Flat,0,Christmas New Year,0,,0,Bright sun,711909,1,0,0,2,0,0,0,0,0,,0,0,Auckland Region,Nil,2-way,Sealed,0,0,0,0,60,0,Off,0,0,,76,Auckland,Traffic Signals,0,1,0,0,0,0,Urban,0,0,0,Fine,Null
1765110.8695,5906603.8459,912622,,522201,0,,0,1,,East,2024/2025,WESTON AVENUE,RANGITOTO ROAD,,Non-Injury Crash,No,2024,,East,,0,,Flat,,,,,,Bright sun,662500,0,0,0,2,,,0,,,,,,Auckland Region,Nil,2-way,Sealed,,0,0,,50,,Off,1,0,,76,Auckland,Nil,,,,,0,0,Urban,0,,,Fine,Null
1764031.3815,5912460.3426,912626,,520500,0,,0,2,,North,2023/2024,SOUTHERN MOTORWAY,CLEMOW UNDERPASS,,Non-Injury Crash,Yes,2024,,North,,0,,Flat,,,,,,Dark,639500,0,0,0,2,,,0,,,,,,Auckland Region,Overpass,1-way,Sealed,,0,0,,100,,On,0,0,,76,Auckland,Nil,,,,,0,0,Open,0,,,Fine,Null
1762067.9189,5916961.4516,912630,,516003,0,0,0,2,0,Null,2024/2025,REMUERA ROAD,KORAHA STREET,,Non-Injury Crash,No,2024,0,West,0,0,0,Flat,0,,0,,0,Twilight,495300,0,0,0,4,0,0,0,0,1,,0,0,Auckland Region,Nil,2-way,Sealed,0,0,0,0,50,0,On,0,0,,76,Auckland,Stop,0,0,0,0,0,0,Urban,0,0,0,Heavy rain,Null
1757874.4423,5918128.909,912631,,515700,0,0,0,2,0,North,2025/2026,SOUTHERN MOTORWAY,MAUNGAWHAU OBR,,Non-Injury Crash,Yes,2025,0,South,0,0,0,Flat,1,,0,,0,Dark,443200,0,0,0,5,0,0,0,0,0,,0,0,Auckland Region,Overpass,1-way,Sealed,0,0,0,0,80,0,On,0,0,,76,Auckland,Nil,0,0,0,0,0,0,Open,0,0,0,Fine,Null
1763976.4823,5907284.8121,912633,,522201,0,,0,1,,Null,2025/2026,HOSPITAL ROAD,MIDDLEMORE CRESCENT,,Non-Injury Crash,No,2025,,South,,0,,Hill Road,,,,,,Dark,660700,0,0,0,2,,,0,,,,,,Auckland Region,Nil,2-way,Sealed,,0,0,,50,,On,0,0,,76,Auckland,Give way,,,,,0,0,Urban,0,,,Fine,Null
1763700.8634,5904600.0216,912634,,524604,0,,0,1,,South,2023/2024,SOUTH-WESTERN MOTORWAY,PUHINUI ROAD-SH 20B ON RAMP,,Non-Injury Crash,Yes,2024,,North,,0,,Flat,,,,,,Overcast,780902,0,0,0,2,,,0,,,,,,Auckland Region,Nil,1-way,Sealed,,0,0,,100,,Off,2,0,,76,Auckland,Nil,,,,,0,0,Open,0,,,Fine,Null
1745309.8859,5935714.1812,912635,,506653,0,,0,1,,North,2025/2026,SUNNYSIDE ROAD,COATESVILLE-RIVERHEAD HIGHWAY,,Non-Injury Crash,No,2025,,North,,0,,Hill Road,,,,,,Dark,217201,0,0,0,2,,,0,,,,,,Auckland Region,Nil,2-way,Sealed,,0,0,,50,,None,0,0,,76,Auckland,Nil,,,,,0,0,Urban,0,,,Fine,Null
1768480.7071,5901367.8668,912641,,525001,0,0,0,1,0,South,2024/2025,GREAT SOUTH ROAD,KELVYN GROVE,,Non-Injury Crash,No,2025,0,South,0,0,1,Hill Road,0,,0,,0,Dark,751500,0,0,0,3,0,0,0,0,0,,0,0,Auckland Region,Nil,2-way,Sealed,0,0,0,0,50,0,On,0,0,,76,Auckland,Nil,0,0,0,0,0,0,Urban,0,0,0,Fine,Null
1752502.4937,5915229.4437,912643,,517902,0,0,0,1,0,North,2024/2025,RANGE VIEW ROAD,HENDON AVENUE,,Non-Injury Crash,No,2024,0,North,0,0,0,Null,0,,0,,0,Dark,519400,0,0,0,2,0,0,0,0,1,,0,0,Auckland Region,Nil,2-way,Sealed,0,0,0,0,50,0,Null,0,0,,76,Auckland,Nil,0,0,0,0,0,1,Urban,0,0,0,Light rain,Null
1778929.2439,5903431.4978,912646,,525201,0,0,0,1,0,West,2024/2025,WEST ROAD,TYLDENS ROAD,,Minor Crash,No,2025,0,West,0,0,1,Hill Road,0,,0,,0,Dark,763202,1,0,0,2,0,0,0,0,0,,0,0,Auckland Region,Nil,2-way,Sealed,0,0,0,0,60,0,None,0,0,,76,Auckland,Nil,0,0,0,0,0,0,Urban,0,0,0,Light rain,Null
1754570.9899,5930806.2407,912648,,508520,0,,0,1,,Null,2023/2024,NORTHERN MOTORWAY,UPPER HARBOUR HWY ON RAMP,,Non-Injury Crash,Yes,2024,,South,,0,,Flat,,,,,,Overcast,191104,0,0,0,3,,,0,,,,,,Auckland Region,Motorway ramp,1-way,Sealed,,0,0,,100,,Off,0,0,,76,Auckland,Nil,,,,,1,0,Open,0,,,Light rain,Null
1761196.4907,5906718.4296,912650,,524112,0,,0,2,,North,2023/2024,CHINGFORD CLOSE,ASHGROVE ROAD,,Non-Injury Crash,No,2024,,South,,0,,Flat,,,,,,Bright sun,742202,0,0,0,2,,,0,,,,,,Auckland Region,Nil,1-way,Sealed,,0,0,,50,,Off,0,0,,76,Auckland,Nil,,,,,0,0,Urban,0,,,Fine,Null
1765644.5982,5907046.0306,912651,,522301,0,,0,2,,East,2025/2026,EAST TAMAKI ROAD,KELLIHER LANE,,Serious Crash,No,2026,,East,,0,,Flat,,,,,,Dark,666200,0,0,0,4,,,0,,,,,,Auckland Region,Nil,2-way,Sealed,,0,1,,50,,On,0,0,,76,Auckland,Nil,,,,,0,0,Urban,0,,,Fine,Null
1742055.1504,5919061.3963,912662,,513101,0,,0,2,,West,2025/2026,SWANSON ROAD,AIRDRIE ROAD,,Non-Injury Crash,No,2025,,West,,0,,Null,,,,,,Overcast,238200,0,0,0,2,,,0,,,,,,Auckland Region,Nil,2-way,Sealed,,0,0,,50,,Null,0,0,,76,Auckland,Nil,,,,,0,0,Urban,0,,,Light rain,Null
1761506.3163,5913741.0024,912664,,519500,0,0,0,1,0,Null,2025/2026,WALLS ROAD,STATION ROAD,,Non-Injury Crash,No,2025,0,North,0,0,1,Hill Road,0,,0,,0,Overcast,621400,0,0,0,2,0,0,0,0,0,,0,0,Auckland Region,Nil,2-way,Sealed,0,0,0,0,50,0,Off,0,0,,76,Auckland,Traffic Signals,0,0,0,0,0,0,Urban,0,0,0,Fine,Null