X,Y,OBJECTID,advisorySpeed,areaUnitID,bicycle,bridge,bus,carStationWagon,cliffBank,crashDirectionDescription,crashFinancialYear,crashLocation1,crashLocation2,crashRoadSideRoad,crashSeverity,crashSHDescription,crashYear,debris,directionRoleDescription,ditch,fatalCount,fence,flatHill,guardRail,holiday,houseOrBuilding,intersection,kerb,light,meshblockId,minorInjuryCount,moped,motorcycle,NumberOfLanes,objectThrownOrDropped,otherObject,otherVehicleType,overBank,parkedVehicle,pedestrian,phoneBoxEtc,postOrPole,region,roadCharacter,roadLane,roadSurface,roadworks,schoolBus,seriousInjuryCount,slipOrFlood,speedLimit,strayAnimal,streetLight,suv,taxi,temporarySpeedLimit,tlaId,tlaName,trafficControl,trafficIsland,trafficSign,train,tree,truck,unknownVehicleType,urban,vanOrUtility,vehicle,waterRiver,weatherA,weatherB
1743177.1391,5922622.9296,912665,,513512,0,,0,1,,South,2023/2024,DON BUCK ROAD,ROYAL ROAD,,Non-Injury Crash,No,2024,,South,,0,,Flat,,,,,,Overcast,224900,0,0,0,2,,,0,,,,,,Auckland Region,Nil,2-way,Sealed,,0,0,,50,,Off,0,0,,76,Auckland,Nil,,,,,0,0,Urban,1,,,Fine,Null
1743765.6099,5923900.1773,912666,,513511,0,,0,2,,Null,2024/2025,MAKI STREET,FRED TAYLOR DRIVE,,Minor Crash,No,2025,,North,,0,,Hill Road,,,,,,Bright sun,224306,1,0,0,4,,,0,,,,,,Auckland Region,Nil,2-way,Sealed,,0,0,,50,,Off,0,0,,76,Auckland,Traffic Signals,,,,,0,0,Urban,0,,,Fine,Null
1757664.4895,5944585.5799,912667,,505902,0,,0,2,,Null,2024/2025,RAWHITI ROAD,LEAL PLACE,,Minor Crash,No,2024,,North,,0,,Flat,,,,,,Bright sun,174510,1,0,0,2,,,0,,,,,,Auckland Region,Nil,2-way,Sealed,,0,0,,50,,Null,0,0,,76,Auckland,Give way,,,,,0,0,Urban,0,,,Fine,Null
1770696.6499,5907096.8376,912676,45,523713,0,,0,2,,Null,2023/2024,ORMISTON ROAD,COLLIER DRIVE,,Non-Injury Crash,No,2023,,East,,0,,Flat,,,,,,Dark,713100,0,0,0,2,,,0,,,,,,Auckland Region,Nil,2-way,Sealed,,0,0,,50,,On,0,0,,76,Auckland,Traffic Signals,,,,,0,0,Urban,0,,,Fine,None
1754195.9915,5918875.7636,912678,,515431,0,,0,1,,Null,2024/2025,OLD MILL ROAD,BULLOCK TRACK,,Non-Injury Crash,No,2024,,East,,0,,Flat,,,,,,Overcast,403300,0,0,0,2,,,0,,,,,,Auckland Region,Nil,2-way,Sealed,,0,0,,50,,Off,1,0,,76,Auckland,Give way,,,,,0,0,Urban,0,,,Light rain,Null
1756145.3295,5927733.8326,912680,,507900,0,,0,2,,North,2024/2025,NORTHERN MOTORWAY,NORTHCOTE ROAD OFF RAMP,,Minor Crash,Yes,2025,,South,,0,,Flat,,,,,,Bright sun,305202,1,0,0,3,,,0,,,,,,Auckland Region,Nil,1-way,Sealed,,0,0,,100,,Off,0,0,,76,Auckland,Nil,,,,,0,0,Open,2,,,Fine,Null
1757174.0845,5912517.8362,912685,,518702,0,,0,3,,West,2025/2026,SOUTH-WESTERN MOTORWAY,SOUTH-WESTERN MOTORWAY,,Non-Injury Crash,Yes,2025,,South,,0,,Hill Road,,,,,,Overcast,570300,0,0,0,3,,,0,,,,,,Auckland Region,Nil,1-way,Sealed,,0,0,,100,,Off,0,0,,76,Auckland,Nil,,,,,0,0,Open,0,,,Fine,Null
1757893.0531,5919719.9628,912689,,514301,0,,0,1,,Null,2025/2026,GRAFTON ROAD,STANLEY STREET,,Non-Injury Crash,No,2025,,South,,0,,Null,,,,,,Bright sun,440400,0,0,0,3,,,0,,,,,,Auckland Region,Nil,2-way,Sealed,,0,0,,50,,Null,0,0,,76,Auckland,Traffic Signals,,,,,0,0,Urban,1,,,Fine,Null
1751999.6929,5917827.4062,912692,,515001,0,,0,2,,North,2024/2025,GREAT NORTH ROAD OFF RAMP,GREAT NORTH ROAD,,Non-Injury Crash,No,2024,,South,,0,,Flat,,,,,,Dark,392400,0,0,0,1,,,0,,,,,,Auckland Region,Motorway ramp,1-way,Sealed,,0,0,,50,,On,0,0,,76,Auckland,Nil,,,,,0,0,Urban,0,,,Fine,Null
1747217.1478,5920373.1986,912693,,512300,2,,0,0,,Null,2024/2025,OFF ROAD - TE ATATU ROAD,,,Serious Crash,No,2025,,North,,0,,Flat,,,,,,Dark,252000,0,0,0,,,,0,,,,,,Auckland Region,Nil,Off road,Sealed,,0,1,,,,On,0,0,,76,Auckland,Nil,,,,,0,0,Urban,0,,,Fine,Null
1757409.6838,5921106.3446,912695,,514101,0,0,0,2,0,West,2024/2025,QUAY STREET,LOWER ALBERT STREET,,Non-Injury Crash,No,2025,0,West,0,0,0,Flat,0,,0,,0,Bright sun,438209,0,0,0,2,0,0,0,0,1,,0,0,Auckland Region,Nil,2-way,Sealed,0,0,0,0,30,0,None,0,1,,76,Auckland,Nil,0,0,0,0,0,0,Urban,0,0,0,Fine,Null
1758915.5485,5913420.045,912698,,519720,0,0,0,2,0,South,2024/2025,ONEHUNGA MALL,CLARKE ROAD,,Non-Injury Crash,No,2025,0,South,0,0,0,Null,0,,0,,0,Unknown,593600,0,0,0,2,0,0,0,0,1,,0,0,Auckland Region,Nil,2-way,Sealed,0,0,0,0,50,0,Null,0,0,,76,Auckland,Nil,0,0,0,0,0,0,Urban,0,0,0,Fine,Null
1756703.9795,5913069.3107,912701,,518701,0,,0,1,,Null,2024/2025,CARR ROAD,HILLSBOROUGH ROAD,,Non-Injury Crash,No,2024,,East,,0,,Null,,,,,,Unknown,569000,0,0,0,2,,,0,,,,,,Auckland Region,Nil,2-way,Null,,0,0,,50,,Null,1,0,,76,Auckland,Traffic Signals,,,,,0,0,Urban,0,,,Null,Null
1765182.2722,5909615.0544,912703,,521802,0,,0,1,,South,2024/2025,SOUTHERN MOTORWAY,TRENWITH OBR,,Non-Injury Crash,Yes,2024,,North,,0,,Hill Road,,,,,,Bright sun,788400,0,0,0,3,,,0,,,,,,Auckland Region,Nil,1-way,Sealed,,0,0,,100,,Off,0,0,,76,Auckland,Nil,,,,,0,0,Open,0,,,Fine,Null
1771538.4751,5897826.0726,912706,,523912,0,0,0,1,0,Null,2025/2026,WALTERS ROAD,GREAT SOUTH ROAD,,Minor Crash,No,2025,0,West,0,0,0,Flat,0,,0,,0,Dark,765700,1,0,0,4,0,0,0,0,0,,0,0,Auckland Region,Nil,2-way,Sealed,0,0,0,0,50,0,On,1,0,,76,Auckland,Give way,1,0,0,0,0,0,Urban,0,0,0,Fine,Null
1734882.7555,5929969.2711,912708,,505605,0,,0,2,,West,2024/2025,SH 16,FOSTER ROAD,,Non-Injury Crash,Yes,2025,,East,,0,,Flat,,,,,,Dark,216102,0,0,0,2,,,0,,,,,,Auckland Region,Nil,2-way,Sealed,,0,0,,80,,None,0,0,60,76,Auckland,Nil,,,,,0,0,Open,0,,,Fine,Null
1760549.7125,5912855.3666,912711,,520000,0,0,0,2,0,North,2024/2025,FELIX STREET,MAYS ROAD,,Minor Crash,No,2025,0,South,0,0,0,Flat,0,,0,,0,Dark,606300,1,0,0,2,0,0,0,0,1,,0,0,Auckland Region,Nil,2-way,Sealed,0,0,0,0,50,0,On,0,0,,76,Auckland,Nil,0,0,0,0,0,0,Urban,0,0,0,Fine,Null
1746742.904,5926013.6598,912712,,513432,0,0,0,3,0,West,2024/2025,WILLIAMS ROAD,STARLIGHT COVE,,Non-Injury Crash,No,2025,0,East,0,0,0,Flat,0,,0,,0,Overcast,222901,0,0,0,2,0,0,0,0,2,,0,0,Auckland Region,Nil,2-way,Sealed,0,0,0,0,50,0,Off,0,0,,76,Auckland,Nil,0,0,0,0,0,0,Urban,0,0,0,Light rain,Null
1772516.7736,5896803.0111,912719,,525420,0,,0,1,,Null,2024/2025,GREAT SOUTH ROAD,SUBWAY ROAD,,Non-Injury Crash,No,2025,,South,,0,,Hill Road,,,,,,Twilight,791300,0,0,0,5,,,0,,,,,,Auckland Region,Nil,2-way,Sealed,,0,0,,50,,Off,0,0,,76,Auckland,Traffic Signals,,,,,0,0,Urban,1,,,Fine,Null
1758770.1077,5912950.2378,912720,,519710,0,,0,2,,Null,2024/2025,TRAFALGAR STREET,SELWYN STREET,,Non-Injury Crash,No,2025,,West,,0,,Flat,,,,,,Bright sun,595800,0,0,0,2,,,0,,,,,,Auckland Region,Nil,2-way,Sealed,,0,0,,50,,Off,0,0,,76,Auckland,Stop,,,,,0,0,Urban,0,,,Fine,Null
1751667.8869,5914759.7149,912722,,514402,0,0,0,1,0,Null,2024/2025,NEW WINDSOR ROAD,BRIGHTWELL PLACE,,Non-Injury Crash,No,2025,0,West,0,0,0,Flat,0,Easter,0,,0,Dark,380504,0,0,0,2,0,0,0,0,1,,0,0,Auckland Region,Nil,2-way,Sealed,0,0,0,0,50,0,On,0,0,,76,Auckland,Nil,0,0,0,0,0,0,Urban,1,0,0,Light rain,Null
1765402.579,5907192.8838,912726,,522301,0,,0,2,,Null,2025/2026,GREAT SOUTH ROAD,MAXWELL AVENUE,,Minor Crash,No,2025,,South,,0,,Flat,,,,,,Bright sun,665800,1,0,0,2,,,0,,,,,,Auckland Region,Nil,2-way,Sealed,,0,0,,50,,Off,0,0,,76,Auckland,Give way,,,,,0,0,Urban,0,,,Fine,Null
1752593.2083,5933595.1086,912728,,508701,0,,0,2,,Null,2024/2025,DON MCKINNON DRIVE,PIGGOT WAY,,Non-Injury Crash,No,2025,,West,,0,,Flat,,,,,,Unknown,178900,0,0,0,2,,,0,,,,,,Auckland Region,Nil,2-way,Sealed,,0,0,,50,,Null,0,0,,76,Auckland,Give way,,,,,0,0,Urban,0,,,Light rain,Null
1753039.1215,5916475.6643,912730,,517800,0,,0,1,,Null,2024/2025,MOUNT ALBERT ROAD,ALLENDALE ROAD,,Non-Injury Crash,No,2024,,East,,0,,Flat,,,,,,Bright sun,527800,0,0,0,2,,,0,,,,,,Auckland Region,Nil,2-way,Sealed,,0,0,,50,,Off,0,0,,76,Auckland,Stop,,,,,0,0,Urban,2,,,Fine,Null
1749538.8947,5914148.6606,912736,,511302,0,0,0,1,1,Null,2024/2025,RATA STREET,RIMU STREET,,Non-Injury Crash,No,2025,0,North,0,0,0,Flat,0,,0,,0,Overcast,268800,0,0,0,4,0,0,0,0,0,,0,0,Auckland Region,Nil,2-way,Sealed,0,0,0,0,50,0,None,0,0,,76,Auckland,Traffic Signals,1,0,0,0,0,0,Urban,0,0,0,Light rain,Null
1755268.9349,5914203.8775,912738,45,518803,0,0,0,0,0,Null,2025/2026,MOUNT ALBERT ROAD,WINSTONE ROAD,,Minor Crash,No,2025,0,East,0,0,0,Hill Road,0,,0,,0,Dark,580700,1,0,0,4,0,0,0,0,0,,0,1,Auckland Region,Nil,2-way,Sealed,0,0,0,0,50,0,On,1,0,,76,Auckland,Stop,0,0,0,0,0,0,Urban,0,0,0,Fine,Null
1762834.7805,5913440.4455,912740,,520402,0,0,0,2,0,South,2024/2025,COMMISSARIAT ROAD,BAILEY ROAD,,Non-Injury Crash,No,2025,0,South,0,0,0,Hill Road,0,,0,,0,Bright sun,640901,0,0,0,2,0,0,0,0,1,,0,0,Auckland Region,Nil,2-way,Sealed,0,0,0,0,50,0,Off,1,0,,76,Auckland,Nil,0,0,0,0,0,0,Urban,0,0,0,Fine,Null
1774407.238,5897682.0836,912741,,525630,0,0,0,2,0,Null,2024/2025,OLD WAIROA ROAD,BRIGHTWELL STREET,,Minor Crash,No,2025,0,East,0,0,0,Flat,0,,0,,1,Dark,796200,1,0,0,2,0,0,0,0,0,,0,0,Auckland Region,Nil,2-way,Sealed,0,0,0,0,50,0,On,0,0,,76,Auckland,Give way,0,0,0,0,0,0,Urban,0,0,0,Fine,Null
1766682.8189,5913081.1518,912742,,522910,0,0,0,1,0,Null,2024/2025,AYLESBURY STREET,AYLESBURY STREET,,Non-Injury Crash,No,2024,0,South,0,0,0,Flat,0,,1,,0,Bright sun,684000,0,0,0,2,0,0,0,0,0,,0,0,Auckland Region,Nil,2-way,Sealed,0,0,0,0,50,0,Off,0,0,,76,Auckland,Give way,0,0,0,0,0,0,Urban,0,0,0,Fine,Null
1744135.1393,5974761.8951,912744,,506661,0,,0,1,,East,2024/2025,SH 1,WAIWHIU CONICAL PEAK ROAD,,Non-Injury Crash,Yes,2025,,South,,0,,Hill Road,,,,,,Bright sun,138900,0,0,0,1,,,0,,,,,,Auckland Region,Nil,1-way,Sealed,,0,0,,80,,None,0,0,,76,Auckland,Nil,,,,,0,0,Open,0,,,Fine,Null
1757965.9669,5917997.3043,912748,,515700,0,,0,1,,Null,2024/2025,SOUTHERN MOTORWAY,GILLIES AVENUE ON RAMP,,Non-Injury Crash,Yes,2025,,North,,0,,Flat,,,,,,Overcast,443700,0,0,0,5,,,0,,,,,,Auckland Region,Motorway ramp,1-way,Sealed,,0,0,,80,,Off,1,0,,76,Auckland,Nil,,,,,0,0,Open,0,,,Fine,Null
1768606.9767,5900702.6104,912751,,525002,0,0,0,0,0,Null,2024/2025,WEYMOUTH ROAD,ROGERS ROAD,,Non-Injury Crash,No,2024,0,South,0,0,0,Flat,0,,0,,0,Overcast,752900,0,0,0,1,0,0,0,0,0,,0,1,Auckland Region,Nil,1-way,Sealed,0,0,0,0,30,0,Off,0,0,,76,Auckland,Give way,0,0,0,0,0,0,Urban,1,0,0,Fine,Null
1748696.3487,5946249.2992,912754,,506201,0,0,0,1,0,North,2024/2025,NORTHERN MOTORWAY,SILVERDALE ON RAMP,,Non-Injury Crash,Yes,2024,0,North,0,0,0,Hill Road,0,,0,,0,Dark,176603,0,0,0,2,0,0,0,0,0,,0,0,Auckland Region,Nil,1-way,Sealed,1,0,0,0,100,0,None,0,0,,76,Auckland,Nil,0,0,0,0,0,0,Open,0,0,0,Fine,Null
1762789.1171,5907556.0663,912757,,524301,0,,0,3,,North,2024/2025,MASSEY ROAD,FERGUSON STREET,,Non-Injury Crash,No,2025,,South,,0,,Flat,,,,,,Overcast,747601,0,0,0,2,,,0,,,,,,Auckland Region,Nil,2-way,Sealed,,0,0,,50,,None,0,0,,76,Auckland,Nil,,,,,0,0,Urban,0,,,Light rain,Null
1755284.2971,5924717.9537,912758,,509800,0,,0,2,,East,2024/2025,ONEWA ROAD,WOODSIDE AVENUE,,Non-Injury Crash,No,2024,,East,,0,,Flat,,,,,,Bright sun,360200,0,0,0,4,,,0,,,,,,Auckland Region,Nil,2-way,Sealed,,0,0,,50,,Off,0,0,,76,Auckland,Nil,,,,,0,0,Urban,1,,,Fine,Null
1754949.5542,5916570.3915,912763,,517701,0,,0,1,,Null,2024/2025,SANDRINGHAM ROAD,WATSON AVENUE,,Non-Injury Crash,No,2025,,North,,0,,Flat,,,,,,Bright sun,537300,0,0,0,4,,,0,,,,,,Auckland Region,Nil,1-way,Sealed,,0,0,,50,,Off,0,0,,76,Auckland,Stop,,,,,0,0,Urban,1,,,Fine,Null
1758935.7298,5904157.6313,912770,,524200,0,,0,1,,North,2024/2025,GEORGE BOLT MEMORIAL DRIVE,TE ARA KORAKO DRIVE,,Non-Injury Crash,No,2024,,South,,0,,Flat,,,,,,Dark,727200,0,0,0,2,,,0,,,,,,Auckland Region,Nil,1-way,Sealed,,0,0,,60,,On,1,0,,76,Auckland,Nil,,,,,0,0,Urban,0,,,Fine,Null
1749575.8849,5935471.257,912774,,509000,0,,0,2,,South,2024/2025,DAIRY FLAT HIGHWAY,ALBANY HEIGHTS ROAD,,Non-Injury Crash,No,2024,,North,,0,,Hill Road,,,,,,Overcast,179301,0,0,0,3,,,0,,,,,,Auckland Region,Nil,2-way,Sealed,,0,0,,80,,Off,0,0,,76,Auckland,Nil,,,,,0,0,Open,0,,,Fine,Null
1762400.038,5907976.4786,912776,,524530,0,,0,0,,East,2024/2025,TENNESSEE AVENUE,FARMER STREET,,Serious Crash,No,2025,,East,,0,,Flat,,,,,,Bright sun,732400,0,0,0,2,,,0,,,,,,Auckland Region,Nil,2-way,Sealed,,0,1,,30,,Null,1,0,,76,Auckland,Nil,,,,,0,0,Urban,0,,,Fine,Null
1766023.5062,5900485.3703,912779,,524822,0,,0,2,,Null,2024/2025,ROSCOMMON ROAD,BURUNDI AVENUE,,Minor Crash,No,2025,,North,,0,,Flat,,,,,,Dark,774432,1,0,0,2,,,0,,,,,,Auckland Region,Nil,1-way,Sealed,,0,0,,50,,On,0,0,,76,Auckland,Traffic Signals,,,,,0,0,Urban,0,,,Fine,Null
1747103.3404,5972131.1008,912780,,506661,0,,0,1,,Null,2024/2025,SH 1,KAIPARA FLATS ROAD,,Serious Crash,Yes,2025,,North,,0,,Flat,,,,,,Overcast,139106,2,0,0,3,,,0,,,,,,Auckland Region,Nil,2-way,Sealed,,0,1,,60,,Off,1,0,,76,Auckland,Give way,,,,,0,0,Urban,0,,,Light rain,Null
1749559.4759,5945363.8633,912784,,506001,0,0,0,0,0,South,2024/2025,EAST COAST ROAD,GOLDWATER DRIVE,,Serious Crash,No,2025,0,North,0,0,0,Hill Road,0,,0,,0,Bright sun,175701,0,0,1,3,0,0,0,0,0,,0,1,Auckland Region,Nil,2-way,Sealed,0,0,1,0,60,0,Off,0,0,,76,Auckland,Nil,0,0,0,0,0,0,Urban,1,0,0,Fine,Null
1752231.2737,5947620.2839,912786,,505808,0,0,0,1,0,East,2025/2026,BAY STREET,BAY VISTA DRIVE,,Non-Injury Crash,No,2025,0,East,0,0,0,Flat,0,,0,,0,Bright sun,173009,0,0,0,1,0,0,0,0,1,,0,0,Auckland Region,Nil,2-way,Sealed,0,0,0,0,50,0,Off,0,0,,76,Auckland,Nil,0,0,0,0,0,0,Urban,1,0,0,Fine,Null
1755716.5439,5917942.6111,912792,,517500,0,,0,2,,Null,2025/2026,SANDRINGHAM ROAD,NEW NORTH ROAD,,Non-Injury Crash,No,2025,,North,,0,,Flat,,,,,,Dark,530900,0,0,0,4,,,0,,,,,,Auckland Region,Nil,2-way,Sealed,,0,0,,50,,On,0,0,,76,Auckland,Traffic Signals,,,,,0,0,Urban,0,,,Fine,Null
1754618.4362,5918356.2374,912794,,515431,0,,0,2,,East,2025/2026,NORTH-WESTERN MOTORWAY,MOUNTAIN VIEW OBR,,Non-Injury Crash,Yes,2025,,East,,0,,Flat,,,,,,Overcast,406700,0,0,0,4,,,0,,,,,,Auckland Region,Nil,1-way,Sealed,,0,0,,80,,Off,0,0,,76,Auckland,Nil,,,,,1,0,Open,0,,,Fine,Null
1757817.1954,5918160.91,912797,,515700,0,,0,1,,South,2025/2026,SOUTHERN MOTORWAY,MOUNTAIN OBR,,Non-Injury Crash,Yes,2025,,North,,0,,Flat,,,,,,Bright sun,443600,0,0,0,4,,,0,,,,,,Auckland Region,Motorway ramp,1-way,Sealed,,0,0,,80,,Off,1,0,,76,Auckland,Nil,,,,,0,0,Open,1,,,Fine,Null
1758464.1061,5879203.4451,912798,,521152,0,0,0,1,0,East,2025/2026,WAIUKU ROAD,MORLEY ROAD,,Non-Injury Crash,No,2025,0,West,1,0,0,Hill Road,0,,0,,0,Overcast,832800,0,0,0,2,0,0,0,0,0,,0,0,Auckland Region,Nil,2-way,Sealed,0,0,0,0,80,0,None,0,0,,76,Auckland,Nil,0,0,0,0,0,0,Open,0,0,0,Fine,Null
1756086.6603,5920332.5731,912800,,514000,1,,0,1,,Null,2025/2026,FRANKLIN ROAD,MIDDLE STREET,,Minor Crash,No,2025,,North,,0,,Hill Road,,,,,,Overcast,416900,1,0,0,2,,,0,,,,,,Auckland Region,Nil,2-way,Sealed,,0,0,,30,,Off,0,0,,76,Auckland,Give way,,,,,1,0,Urban,0,,,Fine,Null
1764591.0915,5905910.8872,912801,,524303,0,,0,1,,Null,2025/2026,STATION ROAD,HILLCREST ROAD,,Non-Injury Crash,No,2025,,South,,0,,Flat,,,,,,Overcast,657500,0,0,0,2,,,0,,,,,,Auckland Region,Nil,2-way,Sealed,,0,0,,50,,Off,1,0,,76,Auckland,Stop,,,,,0,0,Urban,0,,,Fine,Null
1749651.5133,5949062.2408,912802,,506202,0,,0,1,,Null,2025/2026,ARRAN POINT PARADE,PAIGE ROAD,,Minor Crash,No,2025,,West,,0,,Flat,,,,,,Bright sun,176412,1,0,0,2,,,0,,,,,,Auckland Region,Nil,2-way,Sealed,,0,0,,50,,Off,1,0,,76,Auckland,Give way,,,,,0,0,Urban,0,,,Fine,Null
1739368.2593,5929263.6651,912803,,505604,0,0,0,0,0,North,2025/2026,KORAHA ROAD,WEZA LANE,,Non-Injury Crash,No,2026,0,South,0,0,1,Null,0,,0,,0,Overcast,214000,0,0,0,2,0,0,0,0,0,,0,0,Auckland Region,Nil,2-way,Sealed,0,0,0,0,60,0,Null,0,0,,76,Auckland,Nil,0,0,0,0,0,0,Urban,1,0,0,Light rain,Null
1754823.9586,5913607.5631,912805,,518803,0,,0,0,,East,2025/2026,DOMINION ROAD ON RAMP,SOUTH-WESTERN MOTORWAY,,Non-Injury Crash,No,2026,,West,,0,,Hill Road,,,,,,Bright sun,581700,0,0,1,1,,,0,,,,,,Auckland Region,Motorway ramp,1-way,Sealed,,0,0,,50,,None,1,0,,76,Auckland,Nil,,,,,0,0,Urban,1,,,Fine,Null
1762391.243,5905816.8755,912807,,524200,0,,0,4,,South,2025/2026,TIDAL ROAD,GEE PLACE,,Non-Injury Crash,No,2025,,North,,0,,Flat,,,,,,Bright sun,728900,0,0,0,2,,,0,,,,,,Auckland Region,Nil,2-way,Sealed,,0,0,,50,,Off,0,0,,76,Auckland,Nil,,,,,0,0,Urban,0,,,Fine,Null
1771597.4865,5895783.8564,912808,,525540,0,0,0,0,0,North,2024/2025,ELLIOT STREET,LAKESIDE DRIVE,,Non-Injury Crash,No,2025,0,North,0,0,1,Flat,0,,0,,0,Dark,806301,0,0,0,2,0,0,0,0,0,,0,0,Auckland Region,Nil,2-way,Sealed,0,0,0,0,50,0,On,0,0,,76,Auckland,Nil,0,1,0,0,0,0,Urban,0,0,0,Fine,Null
1742205.0557,5920889.7227,912813,,513621,0,0,0,0,0,North,2025/2026,BIRDWOOD ROAD,CHAMBERLAIN ROAD,,Non-Injury Crash,No,2025,0,North,0,0,0,Flat,0,,0,,0,Twilight,226602,0,0,0,2,0,0,0,1,0,,0,0,Auckland Region,Nil,2-way,Sealed,0,0,0,0,60,0,None,0,0,,76,Auckland,Nil,0,0,0,0,0,0,Urban,1,0,0,Fine,Null
1755792.5326,5924179.974,912817,,509800,0,0,0,1,0,North,2024/2025,RICHMOND AVENUE,STAFFORD ROAD,,Non-Injury Crash,No,2024,0,South,0,0,0,Hill Road,0,,0,,0,Bright sun,360700,0,0,0,2,0,1,0,0,0,,0,1,Auckland Region,Nil,2-way,Sealed,0,0,0,0,50,0,Off,0,0,,76,Auckland,Nil,0,0,0,1,0,0,Urban,0,0,0,Fine,Null
1772338.7978,5907554.3,912818,,523116,0,,0,2,,Null,2025/2026,JEFFS ROAD,TERRASINI DRIVE,,Non-Injury Crash,No,2025,,East,,0,,Flat,,,,,,Unknown,712232,0,0,0,2,,,0,,,,,,Auckland Region,Nil,2-way,Sealed,,0,0,,50,,Null,0,0,,76,Auckland,Give way,,,,,0,0,Urban,0,,,Fine,Null
1762549.4503,5914897.2828,912820,,520401,0,,0,1,,East,2024/2025,ELLERSLIE-PANMURE HIGHWAY,ALANA PLACE,,Non-Injury Crash,No,2025,,West,,0,,Null,,,,,,Overcast,644101,0,0,0,4,,,0,,,,,,Auckland Region,Nil,2-way,Sealed,,0,0,,50,,Null,0,0,,76,Auckland,Nil,,,,,0,1,Urban,0,,,Light rain,Null
1779561.7176,5903276.1354,912823,,525201,0,0,0,1,0,West,2025/2026,WEST ROAD,PAPAKURA-CLEVEDON ROAD,,Non-Injury Crash,No,2025,0,West,0,0,0,Flat,0,,0,,0,Bright sun,763201,0,0,0,2,0,0,0,0,0,,0,0,Auckland Region,Nil,2-way,Sealed,0,0,0,0,80,0,None,0,0,,76,Auckland,Nil,0,0,0,0,0,0,Open,0,0,0,Fine,Null
1763133.9343,5915003.7798,912824,,520303,0,,0,0,,Null,2025/2026,ELLERSLIE-PANMURE HIGHWAY,FERNDALE ROAD,,Non-Injury Crash,No,2025,,East,,0,,Null,,,,,,Bright sun,626700,0,0,0,4,,,0,,,,,,Auckland Region,Nil,2-way,Sealed,,0,0,,50,,Null,1,0,,76,Auckland,Give way,,,,,0,1,Urban,0,,,Fine,Null
1753404.4292,5929785.0524,912829,,508411,0,,0,2,,Null,2024/2025,GLENFIELD ROAD,SUNSET ROAD,,Non-Injury Crash,No,2025,,North,,0,,Null,,,,,,Unknown,183902,0,0,0,6,,,0,,,,,,Auckland Region,Nil,2-way,Sealed,,0,0,,50,,Null,0,0,,76,Auckland,Traffic Signals,,,,,0,0,Urban,0,,,Light rain,Null
1767381.9416,5882942.1792,912831,,521111,0,0,0,1,0,North,2025/2026,HEIGHTS ROAD,GUN CLUB ROAD,,Non-Injury Crash,No,2025,0,South,0,0,1,Hill Road,0,,0,,0,Dark,826601,0,0,0,2,0,0,0,0,0,,0,0,Auckland Region,Nil,2-way,Sealed,0,0,0,0,80,0,None,0,0,,76,Auckland,Nil,0,0,0,0,1,0,Open,0,0,0,Fine,Null
1758755.4962,5912956.2542,912835,,519710,0,,0,2,,Null,2024/2025,SELWYN STREET,TRAFALGAR STREET,,Non-Injury Crash,No,2025,,North,,0,,Flat,,,,,,Dark,595800,0,0,0,2,,,0,,,,,,Auckland Region,Nil,2-way,Sealed,,0,0,,50,,On,0,0,40,76,Auckland,Stop,,,,,0,0,Urban,0,,,Fine,Null
1740798.0269,5911367.8648,912837,25,513020,0,,0,0,,South,2024/2025,WEST COAST ROAD,CASCADE AVENUE,,Non-Injury Crash,No,2025,,North,,0,,Hill Road,,,,,,Bright sun,280302,0,0,1,2,,,0,,,,,,Auckland Region,Nil,2-way,Sealed,,0,0,,60,,Off,0,0,,76,Auckland,Nil,,,,,0,0,Urban,1,,,Fine,Null
1751744.2406,5949682.9319,912839,,505805,0,,0,1,,South,2025/2026,HIBISCUS COAST HIGHWAY,MOANA AVENUE,,Minor Crash,No,2025,,North,,0,,Flat,,,,,,Bright sun,172102,1,0,0,2,,,0,,,1,,,Auckland Region,Nil,2-way,Sealed,,0,0,,30,,Off,0,0,,76,Auckland,Nil,,,,,0,0,Urban,0,,,Fine,Null
1742232.553,5926732.736,912845,,513410,0,,0,2,,West,2025/2026,SH 16,KENNEDYS ROAD,,Minor Crash,Yes,2025,,East,,0,,Hill Road,,,,,,Dark,220000,1,0,0,2,,,0,,,,,,Auckland Region,Nil,2-way,Sealed,,0,0,,80,,On,0,0,30,76,Auckland,Nil,,,,,0,0,Open,0,,,Fine,Null
1745048.1947,5917739.2692,912847,,510700,0,,0,2,,Null,2024/2025,MT LEBANON LANE,SWANSON ROAD,,Non-Injury Crash,No,2025,,North,,0,,Null,,Queens Birthday,,,,Unknown,239501,0,0,0,2,,,0,,,,,,Auckland Region,Nil,2-way,Sealed,,0,0,,50,,Null,0,0,,76,Auckland,Traffic Signals,,,,,0,0,Urban,0,,,Null,Null
1754946.4805,5924747.1496,912849,,509800,0,0,0,1,0,Null,2025/2026,ONEWA ROAD,GLADSTONE ROAD,,Non-Injury Crash,No,2025,0,East,0,0,1,Flat,1,,0,,0,Dark,361400,0,0,0,4,0,0,0,0,0,,0,0,Auckland Region,Nil,2-way,Sealed,0,0,0,0,50,0,On,0,0,,76,Auckland,Stop,0,0,0,1,0,0,Urban,0,0,0,Fine,Null