X,Y,OBJECTID,advisorySpeed,areaUnitID,bicycle,bridge,bus,carStationWagon,cliffBank,crashDirectionDescription,crashFinancialYear,crashLocation1,crashLocation2,crashRoadSideRoad,crashSeverity,crashSHDescription,crashYear,debris,directionRoleDescription,ditch,fatalCount,fence,flatHill,guardRail,holiday,houseOrBuilding,intersection,kerb,light,meshblockId,minorInjuryCount,moped,motorcycle,NumberOfLanes,objectThrownOrDropped,otherObject,otherVehicleType,overBank,parkedVehicle,pedestrian,phoneBoxEtc,postOrPole,region,roadCharacter,roadLane,roadSurface,roadworks,schoolBus,seriousInjuryCount,slipOrFlood,speedLimit,strayAnimal,streetLight,suv,taxi,temporarySpeedLimit,tlaId,tlaName,trafficControl,trafficIsland,trafficSign,train,tree,truck,unknownVehicleType,urban,vanOrUtility,vehicle,waterRiver,weatherA,weatherB
1771426.0063,5897924.2456,912852,,523912,0,,0,2,,North,2025/2026,GREAT SOUTH ROAD,LONGFORD PARK DRIVE,,Non-Injury Crash,No,2025,,South,,0,,Flat,,,,,,Bright sun,767812,0,0,0,3,,,0,,,,,,Auckland Region,Nil,2-way,Sealed,,0,0,,50,,Off,0,0,,76,Auckland,Give way,,,,,0,0,Urban,0,,,Fine,Null
1774650.0133,5887988.8913,912853,,521302,0,0,0,1,0,North,2025/2026,SOUTHERN MOTORWAY,RAMARAMA ON RAMP,,Non-Injury Crash,Yes,2025,0,North,0,0,0,Flat,1,,0,,0,Bright sun,809101,0,0,0,2,0,0,0,0,0,,0,0,Auckland Region,Nil,1-way,Sealed,0,0,0,0,100,0,Null,0,0,,76,Auckland,Nil,0,0,0,0,0,0,Open,0,0,0,Fine,Null
1768931.0877,5900844.0339,912854,,524902,0,,0,1,,Null,2025/2026,ALFRISTON ROAD,GREAT SOUTH ROAD,,Non-Injury Crash,No,2026,,West,,0,,Flat,,,,,,Bright sun,758200,0,0,0,1,,,0,,,,,,Auckland Region,Nil,2-way,Sealed,,0,0,,50,,Off,0,0,,76,Auckland,Traffic Signals,,,,,0,0,Urban,1,,,Fine,Null
1765022.814,5905236.5234,912857,,522400,0,0,0,1,0,South,2024/2025,CAMBRIDGE TERRACE,EVELYN STREET,,Non-Injury Crash,No,2025,0,South,0,0,0,Flat,0,,0,,0,Bright sun,673201,0,0,0,2,0,0,0,0,0,1,0,1,Auckland Region,Nil,2-way,Sealed,0,0,0,0,50,0,Off,0,0,,76,Auckland,Nil,0,0,0,0,0,0,Urban,0,0,0,Fine,Null
1769981.4499,5917601.6421,912861,,522601,0,0,0,1,0,Null,2024/2025,BUCKLANDS BEACH ROAD,EASTERN BEACH ROAD,,Non-Injury Crash,No,2025,0,North,0,0,0,Hill Road,1,,0,,0,Dark,676500,0,0,0,2,0,0,0,0,0,,0,0,Auckland Region,Nil,2-way,Sealed,0,0,0,0,50,0,On,0,0,,76,Auckland,Give way,0,1,0,0,0,0,Urban,0,0,0,Fine,Null
1750237.6687,5915252.4258,912866,,514802,0,,0,0,,Null,2024/2025,ASH STREET,SANDY LANE,,Non-Injury Crash,No,2025,,West,,0,,Flat,,,,,,Overcast,386904,0,0,0,4,,,0,,,,,,Auckland Region,Nil,2-way,Sealed,,0,0,,50,,Off,1,0,,76,Auckland,Give way,,,,,0,0,Urban,1,,,Null,Null
1768749.4485,5904553.0787,912868,,523722,0,,0,2,,Null,2025/2026,HOLLYFORD DRIVE,REDOUBT ROAD,,Non-Injury Crash,No,2025,,South,,0,,Flat,,,,,,Dark,715909,0,0,0,4,,,0,,,,,,Auckland Region,Nil,2-way,Sealed,,0,0,,50,,Off,0,0,,76,Auckland,Traffic Signals,,,,,0,0,Urban,0,,,Light rain,Null
1757781.3913,5918195.6025,912869,,515700,0,,0,3,,South,2025/2026,SOUTHERN MOTORWAY,MOUNTAIN OBR,,Non-Injury Crash,Yes,2025,,North,,0,,Flat,,,,,,Bright sun,443600,0,0,0,4,,,0,,,,,,Auckland Region,Nil,1-way,Sealed,,0,0,,80,,Off,0,0,,76,Auckland,Nil,,,,,0,0,Open,0,,,Fine,Null
1760514.1138,5946170.4347,912870,,505904,0,,0,2,,Null,2024/2025,GULF HARBOUR DRIVE,PINECREST DRIVE,,Non-Injury Crash,No,2025,,West,,0,,Null,,,,,,Dark,175111,0,0,0,2,,,0,,,,,,Auckland Region,Nil,2-way,Sealed,,0,0,,50,,On,0,0,,76,Auckland,Give way,,,,,0,0,Urban,0,,,Fine,Null
1756132.7497,5918759.4512,912875,,515500,0,,0,2,,North,2025/2026,NORTH-WESTERN MOTORWAY,WAIMA FTBR,,Non-Injury Crash,Yes,2025,,North,,0,,Flat,,,,,,Overcast,417600,0,0,0,2,,,0,,,,,,Auckland Region,Motorway ramp,1-way,Sealed,,0,0,,100,,Off,0,0,,76,Auckland,Nil,,,,,0,0,Open,0,,,Fine,Null
1766796.8066,5901816.61,912884,,524720,0,0,0,1,0,South,2024/2025,RUSSELL ROAD,BROWNS ROAD,,Non-Injury Crash,No,2025,0,North,0,0,0,Flat,0,,0,,0,Bright sun,777800,0,0,0,3,0,0,0,0,0,,1,0,Auckland Region,Nil,2-way,Sealed,0,0,0,0,50,0,Off,0,0,,76,Auckland,Nil,0,0,0,0,0,0,Urban,1,0,0,Fine,Null
1755445.9205,5921515.0057,912887,,515202,0,,0,0,,South,2024/2025,NORTHERN MOTORWAY,SHELLY BEACH OBR,,Minor Crash,Yes,2025,,South,,0,,Flat,,,,,,Bright sun,423600,1,0,1,4,,,0,,,,,,Auckland Region,Nil,1-way,Sealed,,0,0,,80,,Off,1,0,,76,Auckland,Nil,,,,,0,0,Open,0,,,Fine,Null
1753399.5359,5928050.9439,912888,,508210,1,,0,1,,South,2025/2026,KAIPATIKI ROAD,WAVERLEY AVENUE,,Minor Crash,No,2025,,North,,0,,Hill Road,,,,,,Overcast,186700,1,0,0,2,,,0,,,,,,Auckland Region,Nil,2-way,Sealed,,0,0,,50,,Off,0,0,,76,Auckland,Nil,,,,,0,0,Urban,1,,,Fine,Null
1745735.2128,5917231.4472,912889,,510700,0,,0,1,,Null,2024/2025,EDMONTON ROAD,GREAT NORTH ROAD,,Non-Injury Crash,No,2025,,South,,0,,Null,,,,,,Bright sun,240401,0,0,0,4,,,0,,,,,,Auckland Region,Nil,2-way,Sealed,,0,0,,50,,Null,0,0,,76,Auckland,Traffic Signals,,,,,1,0,Urban,0,,,Fine,Null
1763342.7615,5909550.0693,912890,,521901,0,,0,1,,Null,2024/2025,STATION ROAD,WALMSLEY ROAD,,Non-Injury Crash,No,2025,,West,,0,,Flat,,,,,,Dark,783000,0,0,0,2,,,0,,,,,,Auckland Region,Nil,2-way,Sealed,,0,0,,50,,On,1,0,,76,Auckland,Traffic Signals,,,,,0,0,Urban,0,,,Fine,Null
1763997.8359,5904300.227,912891,,524604,0,,0,2,,West,2025/2026,SOUTH-WESTERN MOTORWAY,PUHINUI OBR,,Non-Injury Crash,Yes,2025,,North,,0,,Flat,,,,,,Overcast,780902,0,0,0,2,,,0,,,,,,Auckland Region,Bridge,2-way,Sealed,,0,0,,100,,Off,0,0,,76,Auckland,Nil,,,,,0,0,Open,1,,,Light rain,Null
1773534.8363,5896725.5988,912892,,525620,0,0,0,1,0,East,2025/2026,CLEVEDON ROAD,SHIRLEY AVENUE,,Non-Injury Crash,No,2025,0,East,0,0,0,Flat,0,,0,,0,Dark,797100,0,0,0,2,0,0,0,0,1,,0,0,Auckland Region,Nil,2-way,Sealed,0,0,0,0,50,0,Off,0,0,,76,Auckland,Nil,0,0,0,0,0,0,Urban,1,0,0,Fine,Null
1761283.9283,5915151.9822,912893,,520201,0,,0,2,,South,2024/2025,LADIES MILE,PUKERANGI CRESCENT,,Non-Injury Crash,No,2024,,North,,0,,Flat,,,,,,Bright sun,611000,0,0,0,2,,,0,,,,,,Auckland Region,Nil,2-way,Sealed,,0,0,,50,,Null,0,0,,76,Auckland,Nil,,,,,0,0,Urban,0,,,Fine,Null
1752575.937,5933540.2605,912895,,508701,0,,0,1,,South,2024/2025,MERCARI WAY,DON MCKINNON DRIVE,,Non-Injury Crash,No,2024,,South,,0,,Null,,,,,,Overcast,178900,0,0,0,2,,,0,,,,,,Auckland Region,Nil,1-way,Sealed,,0,0,,50,,Null,0,0,,76,Auckland,Nil,,,,,0,0,Urban,0,,,Fine,Null
1748709.8757,5948670.9995,912896,,506201,0,,0,2,,North,2025/2026,NORTHERN MOTORWAY,KOWHAI OBR,,Non-Injury Crash,Yes,2025,,North,,0,,Hill Road,,,,,,Dark,176406,0,0,0,2,,,0,,,,,,Auckland Region,Nil,1-way,Sealed,,0,0,,100,,None,0,0,,76,Auckland,Nil,,,,,0,0,Open,0,,,Fine,Null
1759084.5895,5913159.5781,912899,,519820,0,0,0,2,0,West,2024/2025,MOUNT SMART ROAD,CAMERON STREET,,Non-Injury Crash,No,2024,0,West,0,0,0,Flat,0,,0,,0,Overcast,599200,0,0,0,2,0,0,0,0,1,,0,0,Auckland Region,Nil,2-way,Sealed,0,0,0,0,50,0,Off,0,0,,76,Auckland,Nil,0,0,0,0,0,0,Urban,0,0,0,Fine,Null
1765285.2614,5909391.8204,912903,,521803,0,,0,1,,North,2024/2025,SOUTHERN MOTORWAY,TAMAKI RIV BR,,Non-Injury Crash,Yes,2025,,South,,0,,Hill Road,,,,,,Overcast,788500,0,0,0,4,,,0,,,,,,Auckland Region,Motorway ramp,1-way,Sealed,,0,0,,100,,Off,0,0,,76,Auckland,Nil,,,,,2,0,Open,0,,,Light rain,Null
1754537.1831,5914904.6643,912907,,518802,0,0,0,1,0,Null,2024/2025,MOUNT ALBERT ROAD,HUNTINGTREE AVENUE,,Non-Injury Crash,No,2024,0,West,0,0,1,Flat,0,,0,,0,Dark,577300,0,0,0,2,0,0,0,0,0,,0,0,Auckland Region,Nil,2-way,Sealed,0,0,0,0,50,0,On,0,0,,76,Auckland,Give way,0,0,0,0,0,0,Urban,0,0,0,Fine,Null
1772728.6995,5895386.3092,912909,,525520,0,,0,0,,Null,2024/2025,GREAT SOUTH ROAD,BEACH ROAD,,Non-Injury Crash,No,2024,,North,,0,,Null,,,,,,Dark,801700,0,0,0,4,,,0,,,,,,Auckland Region,Nil,2-way,Sealed,,0,0,,50,,On,1,0,,76,Auckland,Traffic Signals,,,,,0,1,Urban,0,,,Fine,Null
1748213.5327,5912811.6408,912912,,511902,1,,0,1,,South,2025/2026,TITIRANGI ROAD,OLD TITIRANGI ROAD,,Minor Crash,No,2025,,North,,0,,Hill Road,,,,,,Overcast,292002,1,0,0,2,,,0,,,,,,Auckland Region,Nil,2-way,Sealed,,0,0,,50,,Off,0,0,,76,Auckland,Nil,,,,,0,0,Urban,0,,,Fine,Null
1755968.4007,5921113.357,912913,,515202,0,,0,1,,North,2024/2025,NORTHERN MOTORWAY,VICTORIA PARK VDT N,,Non-Injury Crash,Yes,2024,,West,,0,,Flat,,,,,,Dark,425600,0,0,0,4,,,0,,,,,,Auckland Region,Nil,1-way,Sealed,,0,0,,80,,On,1,0,,76,Auckland,Nil,,,,,0,0,Open,0,,,Fine,Null
1774851.9237,5897478.7151,912914,,523813,0,0,0,1,0,South,2025/2026,OKAWA AVENUE,TWIN PARKS RISE,,Non-Injury Crash,No,2025,0,South,0,0,0,Flat,0,,0,,1,Dark,761602,0,0,0,2,0,1,0,0,0,,0,1,Auckland Region,Nil,2-way,Sealed,0,0,0,0,50,0,On,0,0,,76,Auckland,Nil,0,0,0,1,0,0,Urban,0,0,0,Fine,Null
1746986.5479,5920771.6347,912916,,512300,0,,0,1,,Null,2024/2025,MONTMERE AVENUE,GANE LANE,,Non-Injury Crash,No,2025,,West,,0,,Null,,,,,,Bright sun,250900,0,0,0,1,,,0,,,,,,Auckland Region,Nil,2-way,Sealed,,0,0,,50,,Null,1,0,,76,Auckland,Nil,,,,,0,0,Urban,0,,,Fine,Null
1743892.0147,5922246.3233,912924,,513512,0,0,0,1,0,East,2025/2026,KEMP ROAD,GLENBERVIE CRESCENT,,Non-Injury Crash,No,2025,0,West,0,0,0,Flat,0,,0,,0,Overcast,225501,0,0,0,2,0,1,0,0,1,,0,0,Auckland Region,Nil,2-way,Sealed,0,0,0,0,50,0,None,1,0,,76,Auckland,Nil,0,0,0,0,0,0,Urban,0,0,0,Heavy rain,Null
1738726.7499,5920131.1018,912927,,513702,0,0,0,1,0,West,2025/2026,MCENTEE ROAD,AMREINS ROAD,,Non-Injury Crash,No,2026,0,East,1,0,1,Hill Road,0,,0,,0,Bright sun,230100,0,0,0,2,0,0,0,0,0,,0,0,Auckland Region,Nil,2-way,Sealed,0,0,0,0,50,0,None,0,0,,76,Auckland,Nil,0,0,0,0,0,0,Urban,0,0,0,Fine,Null
1771167.8519,5895165.5499,912930,,521201,0,,0,1,,Null,2025/2026,HINGAIA ROAD,HINAU ROAD,,Non-Injury Crash,No,2025,,West,,0,,Flat,,,,,,Bright sun,806700,0,0,0,4,,,0,,,,,,Auckland Region,Nil,2-way,Sealed,,0,0,,50,,Off,0,0,40,76,Auckland,Traffic Signals,,,,,0,0,Urban,1,,,Fine,Null
1757500.4867,5918657.3032,912938,,514302,0,,0,1,,North,2025/2026,SOUTHERN MOTORWAY,KHYBER PASS OBR,,Non-Injury Crash,Yes,2025,,North,,0,,Flat,,,,,,Dark,442500,0,0,0,4,,,0,,,,,,Auckland Region,Nil,1-way,Sealed,,0,0,,80,,On,0,0,,76,Auckland,Nil,,,,,0,1,Open,0,,,Fine,Null
1765868.3691,5907919.5228,912943,,522301,0,,0,1,,North,2024/2025,SOUTHERN MOTORWAY,EAST TAMAKI ROAD ON RAMP,,Non-Injury Crash,Yes,2025,,North,,0,,Flat,,,,,,Twilight,666700,0,0,0,3,,,0,,,,,,Auckland Region,Nil,1-way,Sealed,,0,0,,100,,Off,0,0,,76,Auckland,Nil,,,,,0,0,Open,1,,,Fine,Null
1773474.774,5890288.4968,912947,,521301,0,,0,3,,East,2025/2026,QUARRY ROAD,QUARRY OBR,,Non-Injury Crash,No,2025,,West,,0,,Hill Road,,,,,,Dark,809004,0,0,0,2,,,0,,,,,,Auckland Region,Overpass,2-way,Sealed,,0,0,,80,,Off,0,0,,76,Auckland,Nil,,,,,0,0,Open,0,,,Fine,Null
1755709.1607,5919816.9066,912948,,514000,0,0,0,1,0,West,2024/2025,ANGLESEA STREET,PAGET STREET,,Non-Injury Crash,No,2025,0,East,0,0,0,Null,0,,0,,0,Bright sun,414000,0,0,0,2,0,0,0,0,1,,0,0,Auckland Region,Nil,2-way,Sealed,0,0,0,0,30,0,Null,0,0,,76,Auckland,Nil,0,0,0,0,0,0,Urban,1,0,0,Fine,Null
1762386.1478,5913288.3175,912951,,520500,0,,0,0,,North,2025/2026,SOUTHERN MOTORWAY,SOUTH-EASTERN HWY ON RAMP,,Non-Injury Crash,Yes,2026,,North,,0,,Null,,,,,,Unknown,637200,0,0,0,3,,,0,,,,,,Auckland Region,Nil,1-way,Sealed,,0,0,,100,,Null,0,0,,76,Auckland,Nil,,,,,0,2,Open,0,,,Null,Null
1768133.8429,5906888.6183,912955,,523711,0,0,0,0,0,Null,2025/2026,WYNTON PLACE,RONGOMAI ROAD,,Non-Injury Crash,No,2026,0,South,0,0,0,Flat,0,,0,,0,Bright sun,714300,0,0,0,2,0,0,0,0,0,,0,1,Auckland Region,Nil,2-way,Sealed,0,0,0,0,50,0,None,0,0,,76,Auckland,Nil,0,0,0,0,1,0,Urban,0,0,0,Fine,Null
1764071.6291,5912410.3621,912961,,520500,0,,0,2,,South,2024/2025,MOUNT WELLINGTON HWY OFF RAMP,MOUNT WELLINGTON HIGHWAY,,Non-Injury Crash,No,2025,,North,,0,,Flat,,,,,,Bright sun,639500,0,0,0,3,,,0,,,,,,Auckland Region,Nil,1-way,Sealed,,0,0,,100,,Off,0,0,,76,Auckland,Nil,,,,,0,0,Open,0,,,Fine,Null
1755406.296,5929358.1235,912964,,508510,0,,0,1,,North,2024/2025,NORTHERN MOTORWAY,TRISTRAM OBR,,Non-Injury Crash,Yes,2024,,South,,0,,Flat,,,,,,Overcast,194300,0,0,0,3,,,0,,,,,,Auckland Region,Motorway ramp,1-way,Sealed,,0,0,,100,,Off,0,0,,76,Auckland,Nil,,,,,1,0,Open,1,,,Heavy rain,Null
1746718.201,5917717.2434,912969,,512500,0,0,1,0,0,South,2024/2025,TE ATATU ROAD,ROBERTS ROAD,,Non-Injury Crash,No,2024,0,South,0,0,1,Flat,0,,0,,1,Bright sun,257300,0,0,0,2,0,1,0,0,0,,0,0,Auckland Region,Nil,2-way,Sealed,0,0,0,0,50,0,Off,1,0,,76,Auckland,Nil,0,0,0,0,0,0,Urban,0,1,0,Fine,Null
1764768.842,5916041.1927,912972,,520301,0,,0,1,,Null,2024/2025,MORRIN ROAD,COLLEGE ROAD,,Non-Injury Crash,No,2024,,South,,0,,Flat,,,,,,Bright sun,465302,0,0,0,2,,,0,,,,,,Auckland Region,Nil,2-way,Sealed,,0,0,,50,,Off,0,0,,76,Auckland,Nil,,,,,0,0,Urban,0,,,Fine,Null
1756748.6119,5919881.4673,912978,,514102,0,,0,1,,Null,2024/2025,UNION STREET,HOBSON STREET ON RAMP,,Non-Injury Crash,No,2024,,East,,0,,Null,,Christmas New Year,,,,Bright sun,435500,0,0,0,7,,,0,,,,,,Auckland Region,Nil,2-way,Sealed,,0,0,,30,,Null,1,0,,76,Auckland,Traffic Signals,,,,,0,0,Urban,0,,,Fine,Null
1753696.6681,5938316.085,912979,,508900,0,0,0,1,0,East,2024/2025,VAUGHANS ROAD,OKURA RIVER ROAD,,Non-Injury Crash,No,2024,0,West,0,0,0,Hill Road,0,,0,,0,Dark,178304,0,0,0,2,0,0,0,0,0,,0,1,Auckland Region,Nil,2-way,Sealed,0,0,0,0,50,0,On,0,0,,76,Auckland,Nil,0,0,0,1,0,0,Urban,0,0,0,Fine,Null
1755281.5768,5918267.4148,912980,,515500,0,,0,2,,West,2024/2025,NORTH-WESTERN MOTORWAY,BOND OBR,,Non-Injury Crash,Yes,2024,,East,,0,,Flat,,,,,,Dark,418800,0,0,0,5,,,0,,,,,,Auckland Region,Nil,1-way,Sealed,,0,0,,80,,On,0,0,,76,Auckland,Nil,,,,,0,0,Open,0,,,Fine,Null
1753652.9452,5914571.5053,912982,,518801,0,,0,2,,Null,2024/2025,STODDARD ROAD,MAIORO STREET,,Minor Crash,No,2025,,South,,0,,Flat,,,,,,Dark,578500,1,0,0,2,,,0,,,,,,Auckland Region,Nil,2-way,Sealed,,0,0,,50,,On,0,0,,76,Auckland,Traffic Signals,,,,,0,0,Urban,0,,,Fine,Null
1768640.8381,5909828.1739,912984,,523112,0,,0,2,,North,2025/2026,HARRIS ROAD,ALLENS ROAD,,Non-Injury Crash,No,2025,,South,,0,,Flat,,,,,,Twilight,711500,0,0,0,2,,,0,,,,,,Auckland Region,Nil,2-way,Sealed,,0,0,,50,,On,0,0,,76,Auckland,Nil,,,,,0,0,Urban,0,,,Fine,Null
1763884.6926,5912563.13,912985,,520500,0,0,0,1,0,South,2024/2025,MOUNT WELLINGTON HIGHWAY,MOUNT WELLINGTON HWY OFF RAMP,,Non-Injury Crash,No,2025,0,North,0,0,0,Null,1,,0,,0,Unknown,637400,0,0,0,3,0,0,0,0,0,,0,0,Auckland Region,Nil,1-way,Null,0,0,0,0,50,0,Null,0,0,,76,Auckland,Nil,0,0,0,0,0,0,Urban,0,0,0,Null,Null
1765227.1139,5909542.9994,912987,,521803,0,,0,1,,North,2024/2025,SOUTHERN MOTORWAY, TAMAKI RIV BR,,Minor Crash,Yes,2025,,South,,0,,Flat,,,,,,Bright sun,788500,2,0,0,4,,,0,,,,,,Auckland Region,Nil,1-way,Sealed,,0,0,,100,,Off,0,0,,76,Auckland,Nil,,,,,1,0,Open,0,,,Fine,Null
1766741.4522,5904661.9143,912988,,524604,0,0,0,3,0,Null,2024/2025,CAVENDISH DRIVE,LAMBIE DRIVE,,Non-Injury Crash,No,2025,0,West,0,0,0,Flat,0,,0,,0,Overcast,780209,0,0,0,1,0,0,0,0,0,,0,0,Auckland Region,Nil,1-way,Sealed,0,0,0,0,50,0,Off,0,0,,76,Auckland,Give way,1,0,0,0,0,0,Urban,0,0,0,Light rain,Null
1757698.1601,5918273.0377,912990,,518101,0,,0,3,,West,2024/2025,SOUTHERN MOTORWAY,MOUNTAIN OBR,,Non-Injury Crash,Yes,2025,,North,,0,,Flat,,,,,,Overcast,543000,0,0,0,4,,,0,,,,,,Auckland Region,Nil,1-way,Sealed,,0,0,,80,,Off,0,0,,76,Auckland,Nil,,,,,0,0,Open,0,,,Fine,Null
1758047.9283,5917401.2013,912991,,515700,0,,0,1,,Null,2025/2026,SILVER ROAD,GILLIES AVENUE,,Non-Injury Crash,No,2025,,South,,0,,Flat,,,,,,Dark,443500,0,0,0,2,,,0,,,1,,,Auckland Region,Nil,2-way,Sealed,,0,0,,50,,None,0,0,,76,Auckland,Give way,,,,,0,0,Urban,0,,,Fine,Null
1751390.098,5934305.8567,912993,,508701,0,,0,2,,West,2025/2026,DAIRY FLAT HIGHWAY,OTEHA VALLEY ROAD EXTENSION,,Non-Injury Crash,No,2025,,South,,0,,Flat,,,,,,Bright sun,178501,0,0,0,2,,,0,,,,,,Auckland Region,Nil,1-way,Sealed,,0,0,,50,,None,0,0,,76,Auckland,Nil,,,,,0,0,Urban,0,,,Fine,Null
1769432.9796,5901053.5879,912996,,524902,0,,0,2,,East,2024/2025,ALFRISTON ROAD,CLAUDE ROAD,,Non-Injury Crash,No,2024,,West,,0,,Null,,,,,,Dark,757700,0,0,0,3,,,0,,,,,,Auckland Region,Nil,2-way,Sealed,,0,0,,50,,On,0,0,,76,Auckland,Nil,,,,,0,0,Urban,0,,,Fine,Null
1757760.8259,5920973.4761,913000,,514101,0,,0,2,,Null,2023/2024,GORE STREET,QUAY STREET,,Non-Injury Crash,No,2024,,North,,0,,Null,,,,,,Unknown,438103,0,0,0,2,,,0,,,,,,Auckland Region,Nil,2-way,Sealed,,0,0,,30,,Null,0,0,,76,Auckland,Traffic Signals,,,,,0,0,Urban,0,,,Fine,Null
1741208.9299,5911602.6073,913002,25,512902,0,0,0,1,0,East,2024/2025,WEST COAST ROAD,TUI CRESCENT,,Non-Injury Crash,No,2025,0,East,0,0,0,Hill Road,0,,0,,0,Dark,279102,0,0,0,2,0,0,0,0,0,,0,2,Auckland Region,Nil,2-way,Sealed,0,0,0,0,60,0,On,0,0,,76,Auckland,Nil,0,0,0,0,0,0,Urban,0,0,0,Fine,Null
1767330.8916,5904892.7026,913006,,524603,0,,0,2,,West,2024/2025,CAVENDISH DRIVE,GREAT SOUTH ROAD,,Non-Injury Crash,No,2024,,East,,0,,Flat,,,,,,Overcast,780205,0,0,0,2,,,0,,,,,,Auckland Region,Nil,1-way,Sealed,,0,0,,50,,Off,0,0,,76,Auckland,Nil,,,,,0,0,Urban,1,,,Fine,Null
1763718.2163,5912636.8104,913014,,520500,0,,0,1,,North,2025/2026,SOUTHERN MOTORWAY,MT WGTN OBR,,Non-Injury Crash,Yes,2025,,North,,0,,Flat,,,,,,Bright sun,637300,0,0,0,2,,,0,,,,,,Auckland Region,Nil,1-way,Sealed,,0,0,,100,,Off,0,0,,76,Auckland,Nil,,,,,1,0,Open,0,,,Fine,Null
1766968.2442,5901936.8697,913017,,524720,0,,0,1,,West,2024/2025,BROWNS ROAD,DALGETY DRIVE,,Non-Injury Crash,No,2025,,East,,0,,Flat,,Easter,,,,Bright sun,779500,0,0,0,2,,,0,,,,,,Auckland Region,Nil,2-way,Sealed,,0,0,,50,,Off,0,0,,76,Auckland,Nil,,,,,0,0,Urban,1,,,Fine,Null
1767845.3829,5900498.5765,913021,,525001,0,0,0,0,0,North,2025/2026,MCKEAN AVENUE,WEYMOUTH ROAD,,Non-Injury Crash,No,2025,0,North,0,0,0,Flat,0,,0,,0,Overcast,752500,0,0,0,2,0,0,0,0,0,,0,1,Auckland Region,Nil,2-way,Sealed,0,0,0,0,50,0,Off,0,0,30,76,Auckland,Nil,0,0,0,1,1,0,Urban,0,0,0,Fine,Null
1773196.9916,5892450.3576,913022,,521301,0,0,0,2,0,North,2025/2026,GREAT SOUTH ROAD,YOUNG CRESCENT,,Non-Injury Crash,No,2025,0,North,0,0,0,Flat,0,,0,,0,Bright sun,808701,0,0,0,2,0,0,0,0,1,,0,0,Auckland Region,Nil,2-way,Sealed,0,0,0,0,50,0,Null,0,0,,76,Auckland,Nil,0,0,0,0,0,0,Urban,0,0,0,Null,Null
1768173.8337,5912425.8172,913023,,523000,0,,0,2,,South,2025/2026,GOSSAMER DRIVE,ENNIS AVENUE,,Non-Injury Crash,No,2025,,South,,0,,Flat,,Christmas New Year,,,,Overcast,688500,0,0,0,2,,,0,,,,,,Auckland Region,Speed hump,2-way,Sealed,,0,0,,50,,Off,0,0,,76,Auckland,Nil,,,,,0,0,Urban,0,,,Fine,Null
1762446.9576,5903623.7724,913024,,524604,0,,0,2,,West,2025/2026,PUHINUI ROAD,CAMPANA ROAD,,Non-Injury Crash,Yes,2025,,East,,0,,Flat,,,,,,Bright sun,781100,0,0,0,6,,,0,,,,,,Auckland Region,Nil,2-way,Sealed,,0,0,,60,,Off,1,0,,76,Auckland,Nil,,,,,0,0,Urban,0,,,Fine,Null
1759703.514,5909325.7629,913027,,524002,0,,0,3,,South,2025/2026,SOUTH-WESTERN MOTORWAY,HASTIE FTBR,,Non-Injury Crash,Yes,2025,,South,,0,,Hill Road,,,,,,Overcast,724102,0,0,0,4,,,0,,,,,,Auckland Region,Nil,1-way,Sealed,,0,0,,100,,Off,0,0,,76,Auckland,Nil,,,,,0,0,Open,0,,,Light rain,Null
1764346.9726,5909241.4433,913028,,521901,0,,0,2,,Null,2025/2026,GREAT SOUTH ROAD,ALEXANDER STREET,,Non-Injury Crash,No,2025,,South,,0,,Null,,,,,,Unknown,784900,0,0,0,4,,,0,,,,,,Auckland Region,Nil,2-way,Sealed,,0,0,,50,,Null,0,0,,76,Auckland,Stop,,,,,0,0,Urban,0,,,Null,Null
1760830.3016,5907677.2578,913031,,524510,0,,0,1,,Null,2024/2025,ROBERTSON ROAD,MCKINSTRY AVENUE,,Non-Injury Crash,No,2024,,North,,0,,Flat,,,,,,Unknown,736900,0,0,0,2,,,0,,,,,,Auckland Region,Nil,2-way,Sealed,,0,0,,50,,Off,0,0,,76,Auckland,Stop,,,,,0,0,Urban,1,,,Null,None
1743945.7693,5923999.8358,913035,,513511,0,0,0,1,0,Null,2024/2025,HOBSONVILLE ROAD OFF RAMP,FRED TAYLOR DRIVE,,Non-Injury Crash,No,2024,0,North,0,0,1,Hill Road,0,,0,,0,Twilight,224306,0,0,0,2,0,0,0,1,0,,0,0,Auckland Region,Nil,1-way,Sealed,0,0,0,0,50,0,On,0,0,,76,Auckland,Traffic Signals,0,0,0,1,0,0,Urban,0,0,0,Fine,Null
1756042.5199,5929859.1711,913036,,508510,0,0,0,0,0,South,2025/2026,FORREST HILL ROAD,RICHARDS AVENUE,,Non-Injury Crash,No,2025,0,North,0,0,0,Null,0,,0,,0,Unknown,194600,0,0,0,2,0,0,0,0,1,,0,0,Auckland Region,Nil,2-way,Null,0,0,0,0,50,0,Null,1,0,,76,Auckland,Nil,0,0,0,0,0,0,Urban,0,0,0,Null,Null