X,Y,OBJECTID,advisorySpeed,areaUnitID,bicycle,bridge,bus,carStationWagon,cliffBank,crashDirectionDescription,crashFinancialYear,crashLocation1,crashLocation2,crashRoadSideRoad,crashSeverity,crashSHDescription,crashYear,debris,directionRoleDescription,ditch,fatalCount,fence,flatHill,guardRail,holiday,houseOrBuilding,intersection,kerb,light,meshblockId,minorInjuryCount,moped,motorcycle,NumberOfLanes,objectThrownOrDropped,otherObject,otherVehicleType,overBank,parkedVehicle,pedestrian,phoneBoxEtc,postOrPole,region,roadCharacter,roadLane,roadSurface,roadworks,schoolBus,seriousInjuryCount,slipOrFlood,speedLimit,strayAnimal,streetLight,suv,taxi,temporarySpeedLimit,tlaId,tlaName,trafficControl,trafficIsland,trafficSign,train,tree,truck,unknownVehicleType,urban,vanOrUtility,vehicle,waterRiver,weatherA,weatherB
1760239.5181,5945937.4581,913038,,505910,0,0,0,1,0,South,2025/2026,VOYAGER DRIVE,NAUTILUS DRIVE,,Non-Injury Crash,No,2026,0,North,0,0,0,Flat,0,,0,,0,Twilight,175136,0,0,0,2,0,1,0,0,0,,0,1,Auckland Region,Nil,2-way,Sealed,0,0,0,0,50,0,On,0,0,,76,Auckland,Nil,0,0,0,0,0,0,Urban,0,0,0,Fine,Null
1770126.7631,5908954.2552,913042,,523115,0,,0,2,,Null,2025/2026,BARCALDINE ROAD,CHAPEL ROAD,,Non-Injury Crash,No,2025,,North,,0,,Null,,,,,,Bright sun,712106,0,0,0,2,,,0,,,,,,Auckland Region,Nil,2-way,Sealed,,0,0,,50,,Null,0,0,,76,Auckland,Give way,,,,,0,0,Urban,0,,,Fine,Null
1758129.8563,5917801.4044,913044,,515700,0,,0,2,,Null,2024/2025,GILLIES AVENUE,GILLIES AVENUE ON RAMP,,Non-Injury Crash,No,2024,,South,,0,,Flat,,,,,,Dark,443700,0,0,0,3,,,0,,,,,,Auckland Region,Nil,2-way,Sealed,,0,0,,50,,On,0,0,,76,Auckland,Traffic Signals,,,,,0,0,Urban,0,,,Fine,Null
1747261.171,5921180.4608,913051,,512300,0,0,0,2,0,South,2025/2026,TE ATATU ROAD,GUNNER DRIVE,,Non-Injury Crash,No,2025,0,North,0,0,0,Flat,0,,0,,0,Dark,250106,0,0,0,3,0,0,0,0,0,,0,0,Auckland Region,Nil,2-way,Sealed,0,0,0,0,50,0,On,0,0,,76,Auckland,Nil,1,0,0,0,0,0,Urban,0,0,0,Light rain,Null
1783883.3325,5909921.4133,913052,35,525201,0,,0,1,,North,2023/2024,NORTH ROAD,WHEELER RISE,,Non-Injury Crash,No,2024,,South,,0,,Flat,,,,,,Bright sun,762700,0,0,0,2,,,0,,,,,,Auckland Region,Nil,2-way,Sealed,,0,0,,80,,Off,0,0,,76,Auckland,Nil,,,,,0,0,Open,1,,,Fine,None
1758401.5317,5908085.8333,913055,35,524200,0,0,0,1,0,South,2025/2026,CREAMERY ROAD,GREENWOOD ROAD,,Non-Injury Crash,No,2026,0,North,0,0,0,Hill Road,0,,0,,0,Overcast,726300,0,0,0,2,0,0,0,0,0,,0,0,Auckland Region,Nil,2-way,Sealed,0,0,0,0,50,0,None,0,0,,76,Auckland,Nil,0,0,0,1,0,0,Urban,0,0,0,Light rain,Null
1740129.9521,5984609.128,913066,45,506660,0,,0,1,,North,2024/2025,WAITEITEI ROAD,FARMERS LIME ROAD,,Non-Injury Crash,No,2024,,South,,0,,Flat,,,,,,Overcast,136302,0,0,0,2,,,0,,,,,,Auckland Region,Nil,2-way,Sealed,,0,0,,100,,None,0,0,,76,Auckland,Nil,,,,,0,0,Open,1,,,Light rain,Null
1758819.993,5913238.9628,913068,,519710,0,,0,2,,East,2024/2025,MOUNT SMART ROAD,SELWYN STREET,,Non-Injury Crash,No,2024,,West,,0,,Null,,,,,,Bright sun,595700,0,0,0,2,,,0,,,,,,Auckland Region,Nil,2-way,Sealed,,0,0,,50,,Null,0,0,,76,Auckland,Nil,,,,,0,0,Urban,0,,,Null,Null
1759684.6654,5914023.4095,913073,,519720,0,,0,2,,Null,2025/2026,RAWHITI ROAD,TAWA ROAD,,Non-Injury Crash,No,2025,,East,,0,,Flat,,,,,,Bright sun,592500,0,0,0,2,,,0,,,,,,Auckland Region,Nil,2-way,Sealed,,0,0,,50,,Off,0,1,,76,Auckland,Stop,,,,,0,0,Urban,0,,,Fine,Null
1769902.9326,5900356.3613,913076,,523817,0,0,0,0,0,North,2024/2025,SOUTHERN MOTORWAY,PAPAKURA STM BR,,Non-Injury Crash,Yes,2024,0,South,0,0,0,Flat,1,,0,,0,Overcast,759737,0,0,0,3,0,0,0,0,0,,0,0,Auckland Region,Nil,1-way,Sealed,0,0,0,0,100,0,Off,0,0,,76,Auckland,Nil,0,0,0,0,0,0,Open,1,0,0,Fine,Null
1763892.5018,5909892.7275,913078,,521901,0,0,0,1,0,West,2024/2025,STATION ROAD,GREAT SOUTH ROAD,,Non-Injury Crash,No,2025,0,West,0,0,0,Flat,0,,0,,0,Bright sun,784200,0,0,0,2,0,0,0,0,0,,0,0,Auckland Region,Nil,2-way,Sealed,0,0,0,0,30,0,Off,0,0,,76,Auckland,Nil,0,1,0,0,0,0,Urban,0,0,0,Fine,Null
1754735.1394,5915711.6071,913085,,517703,0,,0,2,,East,2025/2026,CALGARY STREET,SANDRINGHAM ROAD,,Non-Injury Crash,No,2025,,East,,0,,Null,,Christmas New Year,,,,Overcast,538300,0,0,0,2,,,0,,,,,,Auckland Region,Nil,2-way,Sealed,,0,0,,30,,Null,0,0,,76,Auckland,Nil,,,,,0,0,Urban,0,,,Fine,Null
1764003.5423,5915034.5609,913086,,520303,0,,0,2,,Null,2024/2025,ELLERSLIE-PANMURE HIGHWAY,BARRACK ROAD,,Non-Injury Crash,No,2025,,East,,0,,Flat,,,,,,Bright sun,626802,0,0,0,4,,,0,,,,,,Auckland Region,Nil,2-way,Sealed,,0,0,,50,,Off,0,0,,76,Auckland,Give way,,,,,0,0,Urban,0,,,Fine,Strong wind
1766977.4815,5912133.4933,913089,,522920,0,0,0,2,0,East,2025/2026,EDGEWATER DRIVE,MANGOS PLACE,,Non-Injury Crash,No,2025,0,West,0,0,0,Flat,0,,0,,0,Bright sun,687001,0,0,0,2,0,0,0,0,1,,0,0,Auckland Region,Nil,2-way,Sealed,0,0,0,0,50,0,Off,0,0,30,76,Auckland,Nil,0,0,0,0,0,0,Urban,0,0,0,Fine,Null
1749612.5383,5941005.3104,913091,,506300,0,,0,2,,North,2025/2026,NORTHERN MOTORWAY,BAWDEN OBR,,Non-Injury Crash,Yes,2026,,North,,0,,Flat,,,,,,Bright sun,175906,0,0,0,2,,,0,,,,,,Auckland Region,Nil,1-way,Sealed,,0,0,,100,,Null,0,0,,76,Auckland,Nil,,,,,0,0,Open,0,,,Fine,Null
1753893.7395,5934305.9637,913092,,508704,0,,0,0,,Null,2024/2025,SPENCER ROAD,EAST COAST ROAD,,Non-Injury Crash,No,2025,,East,,0,,Null,,,,,,Bright sun,179130,0,0,0,2,,,0,,,,,,Auckland Region,Nil,2-way,Sealed,,0,0,,50,,Null,1,0,,76,Auckland,Stop,,,,,0,1,Urban,0,,,Fine,Null
1756003.5019,5921083.6677,913093,,515202,0,,0,0,,West,2025/2026,NORTHERN MOTORWAY,VICTORIA PARK VDT N,,Non-Injury Crash,Yes,2025,,East,,0,,Flat,,,,,,Bright sun,425600,0,0,0,2,,,0,,,,,,Auckland Region,Nil,1-way,Sealed,,0,0,,80,,Off,0,0,,76,Auckland,Nil,,,,,1,0,Open,0,,,Fine,Null
1740863.7383,5917667.2037,913096,,513102,0,0,0,0,1,South,2025/2026,DROWER ROAD,O'NEILLS ROAD,,Non-Injury Crash,No,2026,0,East,1,0,0,Hill Road,0,,0,,0,Overcast,237800,0,0,0,1,0,0,0,0,0,,0,0,Auckland Region,Nil,2-way,Unsealed,0,0,0,0,40,0,None,0,0,,76,Auckland,Nil,0,0,0,0,0,0,Urban,1,0,0,Fine,Null
1759446.5166,5907369.7389,913099,,524122,0,,0,1,,Null,2024/2025,IDLEWILD AVENUE,VISCOUNT STREET,,Minor Crash,No,2025,,South,,0,,Flat,,,,,,Bright sun,739000,2,1,0,2,,,0,,,,,,Auckland Region,Nil,2-way,Sealed,,0,0,,50,,Off,0,0,,76,Auckland,Nil,,,,,0,0,Urban,0,,,Fine,Null
1755676.355,5921218.0619,913100,,515202,0,0,0,1,0,West,2025/2026,NORTHERN MOTORWAY,FANSHAWE STREET ON RAMP,,Non-Injury Crash,Yes,2025,0,North,0,0,0,Flat,1,Christmas New Year,0,,0,Dark,425600,0,0,0,4,0,0,0,0,0,,0,0,Auckland Region,Nil,1-way,Sealed,0,0,0,0,80,0,On,0,0,,76,Auckland,Nil,0,0,0,0,0,0,Open,0,0,0,Fine,Null
1759636.065,5916267.5863,913107,,516002,0,,0,1,,South,2024/2025,SOUTHERN MOTORWAY,OMAHU OBR,,Non-Injury Crash,Yes,2025,,West,,0,,Flat,,,,,,Bright sun,492000,0,0,0,3,,,0,,,,,,Auckland Region,Nil,1-way,Sealed,,0,0,,100,,Off,1,0,,76,Auckland,Nil,,,,,0,0,Open,0,,,Fine,Null
1765236.0819,5906997.0052,913109,,522201,1,,0,0,,Null,2024/2025,SHIRLEY ROAD,DREADON AVENUE,,Minor Crash,No,2025,,West,,0,,Flat,,,,,,Bright sun,661100,1,0,0,2,,,0,,,,,,Auckland Region,Nil,2-way,Sealed,,0,0,,50,,Off,1,0,,76,Auckland,Give way,,,,,0,0,Urban,0,,,Fine,Null
1755909.7499,5917834.884,913111,15,517500,0,0,0,2,0,North,2023/2024,ONSLOW ROAD,KOWHAI STREET,,Non-Injury Crash,No,2024,0,South,0,0,0,Flat,0,,0,,0,Unknown,531200,0,0,0,2,0,0,0,0,1,,0,0,Auckland Region,Nil,2-way,Sealed,0,0,0,0,50,0,Off,0,0,,76,Auckland,Nil,0,0,0,0,0,0,Urban,0,0,0,Fine,None
1754440.3507,5913635.8732,913117,,518803,0,,0,0,,Null,2024/2025,MAY ROAD,ROMA ROAD,,Non-Injury Crash,No,2024,,South,,0,,Hill Road,,,,,,Overcast,581800,0,0,1,2,,,0,,,,,,Auckland Region,Nil,2-way,Sealed,,0,0,,50,,Null,1,0,,76,Auckland,Give way,,,,,0,0,Urban,0,,,Fine,Null
1767635.6245,5888412.4138,913120,,521122,0,0,0,1,0,West,2025/2026,KARAKA ROAD,GELLERT ROAD,,Non-Injury Crash,Yes,2025,0,West,0,0,1,Hill Road,0,,0,,0,Dark,812800,0,0,0,2,0,0,0,0,0,,0,0,Auckland Region,Nil,2-way,Sealed,0,0,0,0,80,0,On,0,0,,76,Auckland,Nil,0,0,0,0,0,0,Open,0,0,0,Fine,Null
1764380.1546,5906107.0827,913123,,524303,0,,0,2,,South,2024/2025,STATION ROAD,PEVERILL CRESCENT,,Non-Injury Crash,No,2024,,North,,0,,Flat,,,,,,Bright sun,657300,0,0,0,2,,,0,,,,,,Auckland Region,Nil,2-way,Sealed,,0,0,,50,,Off,0,0,,76,Auckland,Nil,,,,,0,0,Urban,0,,,Fine,Null
1751799.2837,5917403.3203,913124,,514900,1,,0,0,,South,2025/2026,GREAT NORTH ROAD,HERDMAN STREET,,Non-Injury Crash,No,2025,,North,,0,,Null,,,,,,Unknown,385803,1,0,0,4,,,0,,,,,,Auckland Region,Nil,2-way,Sealed,,0,0,,50,,Null,0,0,,76,Auckland,Give way,,,,,0,0,Urban,1,,,Fine,Null
1751577.8058,5931095.4453,913126,,508807,0,,0,1,,Null,2024/2025,ALBANY HIGHWAY,ROTHWELL AVENUE,,Minor Crash,No,2025,,South,,0,,Flat,,,,,,Dark,180301,1,0,0,4,,,0,,,,,,Auckland Region,Nil,2-way,Sealed,,0,0,,50,,On,1,0,,76,Auckland,Traffic Signals,,,,,0,0,Urban,0,,,Light rain,Null
1734971.3853,5943880.2843,913129,,506646,0,0,0,0,0,South,2024/2025,PEAK ROAD,SHANKS ROAD,,Non-Injury Crash,No,2025,0,North,0,0,0,Hill Road,0,Christmas New Year,0,,0,Dark,211800,0,0,0,2,0,0,0,0,0,,0,0,Auckland Region,Nil,2-way,Sealed,0,0,0,0,80,0,On,0,0,,76,Auckland,Nil,0,0,0,1,0,0,Open,1,0,0,Fine,Null
1766547.7649,5905947.8631,913131,,522302,0,0,0,2,0,Null,2024/2025,GREAT SOUTH ROAD,CARLIE STREET,,Non-Injury Crash,No,2024,0,South,0,0,0,Flat,0,,0,,0,Dark,669200,0,0,0,2,0,0,0,0,1,,0,0,Auckland Region,Nil,2-way,Sealed,0,0,0,0,50,0,On,0,0,,76,Auckland,Nil,0,0,0,0,0,0,Urban,0,0,0,Fine,Null
1763233.9999,5920418.7423,913132,,516500,0,0,0,1,0,West,2024/2025,TAMAKI DRIVE,PATTESON AVENUE,,Non-Injury Crash,No,2025,0,West,0,0,0,Flat,0,,0,,0,Dark,500600,0,0,0,2,0,0,0,0,1,,0,0,Auckland Region,Nil,2-way,Sealed,0,0,0,0,30,0,On,1,0,,76,Auckland,Nil,0,0,0,0,0,0,Urban,0,0,0,Fine,None
1779136.2091,5894302.3425,913133,,521301,0,0,0,1,0,South,2024/2025,HUNUA ROAD,HAYS CREEK ROAD,,Serious Crash,No,2025,0,North,0,0,0,Hill Road,0,,0,,0,Dark,816403,0,0,0,2,0,0,0,0,0,,0,1,Auckland Region,Nil,2-way,Sealed,0,0,1,0,60,0,None,0,0,,76,Auckland,Nil,0,0,0,0,0,0,Urban,0,0,0,Fine,Null
1765263.4331,5904169.746,913135,,524604,0,0,0,1,0,Null,2024/2025,CAVENDISH DRIVE,NESDALE AVENUE,,Minor Crash,No,2025,0,East,0,0,1,Flat,0,,0,,1,Bright sun,781301,1,0,0,4,0,0,0,0,0,,0,0,Auckland Region,Nil,2-way,Sealed,0,0,0,0,60,0,None,0,0,,76,Auckland,Traffic Signals,0,0,0,0,0,0,Urban,0,0,0,Fine,Null
1757930.1855,5912077.035,913140,,519810,0,,0,1,,South,2025/2026,SOUTH-WESTERN MOTORWAY,QUEENSTOWN ROAD OFF RAMP,,Non-Injury Crash,Yes,2025,,North,,0,,Flat,,,,,,Bright sun,602501,0,0,0,4,,,0,,,,,,Auckland Region,Nil,1-way,Sealed,,0,0,,100,,Off,0,0,,76,Auckland,Nil,,,,,0,0,Open,1,,,Fine,Null
1741564.1184,5927134.7512,913141,,513701,0,,0,2,,West,2024/2025,SH 16,BRIGHAM CK BR,,Non-Injury Crash,Yes,2024,,South,,0,,Hill Road,,,,,,Bright sun,220200,0,0,0,3,,,0,,,,,,Auckland Region,Nil,2-way,Sealed,,0,0,,80,,Off,0,0,,76,Auckland,Nil,,,,,0,0,Open,0,,,Fine,Null
1756686.9988,5919274.5621,913142,,514200,0,,0,1,,South,2025/2026,SOUTHERN MOTORWAY,NELSON STREET CYCLEWAY,,Non-Injury Crash,Yes,2025,,South,,0,,Flat,,,,,,Bright sun,411900,0,0,0,3,,,0,,,,,,Auckland Region,Nil,1-way,Sealed,,0,0,,80,,Off,0,0,,76,Auckland,Nil,,,,,0,1,Open,1,,,Fine,Null
1745183.859,5918738.4049,913143,,513302,0,,0,0,,South,2025/2026,LINCOLN ROAD,FAIRDENE AVENUE,,Serious Crash,No,2025,,South,,0,,Flat,,,,,,Dark,230802,0,0,0,4,,,0,,,1,,,Auckland Region,Nil,2-way,Sealed,,0,1,,50,,On,0,0,,76,Auckland,Nil,,,,,0,0,Urban,1,,,Fine,Null
1758779.1648,5912654.5658,913147,,519810,0,,0,1,,Null,2024/2025,SELWYN STREET,GREY STREET,,Non-Injury Crash,No,2024,,North,,0,,Flat,,,,,,Dark,598400,0,0,0,2,,,0,,,,,,Auckland Region,Nil,2-way,Sealed,,0,0,,50,,On,1,1,,76,Auckland,Stop,,,,,0,0,Urban,0,,,Fine,Null
1768454.4488,5904473.4702,913149,,523820,0,,1,1,,West,2024/2025,REDOUBT ROAD,BIRCHLEA RISE,,Minor Crash,No,2025,,West,,0,,Hill Road,,,,,,Overcast,759901,1,0,0,3,,,0,,,,,,Auckland Region,Nil,2-way,Sealed,,0,0,,50,,Off,0,0,,76,Auckland,Nil,,,,,0,0,Urban,0,,,Fine,Null
1761378.4743,5915359.2046,913151,,520201,0,,0,1,,Null,2024/2025,LADIES MILE,MORRIN STREET,,Minor Crash,No,2025,,South,,0,,Hill Road,,,,,,Dark,610000,1,0,0,2,,,0,,,,,,Auckland Region,Nil,2-way,Sealed,,0,0,,50,,On,0,0,,76,Auckland,Give way,,,,,0,0,Urban,1,,,Light rain,Null
1754658.4862,5931465.677,913161,,508805,0,,0,1,,North,2024/2025,PARKWAY DRIVE,RAMP ROAD,,Non-Injury Crash,No,2024,,North,,0,,Hill Road,,,,,,Dark,180826,0,0,0,2,,,0,,,,,,Auckland Region,Nil,2-way,Sealed,,0,0,,50,,On,0,0,,76,Auckland,Nil,,,,,0,0,Urban,0,,,Null,Null
1754953.2257,5930008.1385,913163,,508420,0,0,0,1,0,West,2024/2025,SUNNYNOOK ROAD,LINK DRIVE,,Non-Injury Crash,No,2025,0,East,0,0,0,Hill Road,0,,0,,0,Dark,183800,0,0,0,2,0,0,0,0,1,,0,0,Auckland Region,Nil,2-way,Sealed,0,0,0,0,50,0,On,1,0,,76,Auckland,Nil,0,0,0,0,0,0,Urban,0,0,0,Fine,Null
1768572.9407,5903140.835,913167,,524602,0,,0,1,,South,2024/2025,SOUTHERN MOTORWAY,AIRPORT OFF RAMP,,Non-Injury Crash,Yes,2024,,North,,0,,Flat,,,,,,Overcast,780508,0,0,0,3,,,0,,,,,,Auckland Region,Nil,1-way,Sealed,,0,0,,100,,Off,1,0,,76,Auckland,Nil,,,,,0,0,Open,0,,,Light rain,Null
1750534.8699,5912139.9172,913168,,512100,0,0,0,0,0,South,2025/2026,PORTAGE ROAD,GOLF ROAD,,Non-Injury Crash,No,2025,0,North,0,0,0,Flat,0,,0,,1,Bright sun,289400,0,0,0,2,0,0,0,0,0,,0,0,Auckland Region,Nil,2-way,Sealed,0,0,0,0,50,0,Off,0,0,,76,Auckland,Nil,0,0,0,0,1,0,Urban,0,0,0,Fine,Null
1768565.664,5903187.8054,913172,,523820,0,0,0,1,0,South,2025/2026,SOUTHERN MOTORWAY,SOUTH-WESTERN MOTORWAY,,Non-Injury Crash,Yes,2025,0,South,0,0,0,Flat,1,,0,,0,Overcast,760121,0,0,0,5,0,0,0,0,0,,0,0,Auckland Region,Tunnel,1-way,Sealed,0,0,0,0,100,0,Off,0,0,,76,Auckland,Nil,0,0,0,0,0,0,Open,0,0,0,Heavy rain,Strong wind
1764761.2324,5905782.6817,913175,,522201,0,,0,0,,Null,2023/2024,SHIRLEY ROAD,ST GEORGE STREET,,Non-Injury Crash,No,2024,,South,,0,,Flat,,,,,,Overcast,663100,0,0,0,2,,,0,,,,,,Auckland Region,Nil,2-way,Sealed,,0,0,,50,,Off,0,0,,76,Auckland,Stop,,,,,0,0,Urban,2,,,Fine,None
1745382.0319,5916675.9486,913178,,510800,0,,0,2,,Null,2025/2026,RAILSIDE AVENUE,CRANWELL STREET,,Minor Crash,No,2026,,South,,0,,Flat,,,,,,Bright sun,243200,3,0,0,3,,,0,,,,,,Auckland Region,Nil,2-way,Sealed,,0,0,,50,,Off,1,0,,76,Auckland,Give way,,,,,0,0,Urban,0,,,Fine,Null
1757368.2817,5915733.6981,913181,,515802,0,0,0,1,0,Null,2024/2025,ST ANDREWS ROAD,GREEN LANE WEST,,Minor Crash,No,2024,0,North,0,0,0,Flat,0,,0,,0,Bright sun,447700,2,0,0,2,0,0,0,0,0,,0,0,Auckland Region,Nil,2-way,Sealed,0,0,0,0,50,0,Off,1,0,,76,Auckland,Traffic Signals,0,2,0,0,0,0,Urban,0,0,0,Fine,Null
1760566.7319,5916803.4362,913183,,516002,0,0,0,1,0,East,2023/2024,REMUERA ROAD,COTTER AVENUE,,Non-Injury Crash,No,2024,0,West,0,0,0,Flat,0,,0,,0,Dark,493300,0,0,0,4,0,0,0,0,0,,0,0,Auckland Region,Nil,2-way,Sealed,0,0,0,0,50,0,On,0,0,,76,Auckland,Nil,0,1,0,0,0,0,Urban,0,0,0,Fine,Null
1768774.4765,5881322.4961,913184,,525910,0,0,0,1,0,Null,2025/2026,OFF ROAD CARPARK,,,Minor Crash,No,2026,0,North,0,0,0,Flat,1,,0,,0,Bright sun,818500,1,0,0,,0,0,0,0,0,,0,0,Auckland Region,Nil,Off road,Sealed,0,0,0,0,,0,Null,0,0,,76,Auckland,Nil,0,0,0,0,1,0,Urban,0,1,0,Fine,Null
1758100.4176,5915492.9059,913190,,515801,0,,0,2,,Null,2024/2025,GREEN LANE WEST,MANUKAU ROAD,,Non-Injury Crash,No,2025,,East,,0,,Flat,,,,,,Dark,447300,0,0,0,2,,,0,,,,,,Auckland Region,Nil,1-way,Sealed,,0,0,,50,,On,0,0,,76,Auckland,Traffic Signals,,,,,0,0,Urban,0,,,Fine,Null
1756122.6509,5923843.6361,913192,,509800,0,,0,3,,South,2025/2026,NORTHERN MOTORWAY,WEIGH BRIDGE,,Non-Injury Crash,Yes,2025,,South,,0,,Flat,,,,,,Bright sun,358800,0,0,0,5,,,0,,,,,,Auckland Region,Nil,1-way,Sealed,,0,0,,80,,Off,0,0,,76,Auckland,Nil,,,,,0,0,Open,0,,,Fine,Null
1757572.4893,5920673.0261,913198,,514103,0,,0,1,,Null,2025/2026,SHORTLAND STREET,O'CONNELL STREET,,Minor Crash,No,2025,,West,,0,,Hill Road,,,,,,Bright sun,438106,1,0,1,2,,,0,,,,,,Auckland Region,Nil,2-way,Sealed,,0,0,,30,,Null,0,1,,76,Auckland,Traffic Signals,,,,,0,0,Urban,0,,,Fine,Null
1754148.4897,5930365.956,913201,,508420,1,,0,1,,Null,2025/2026,TRIAS ROAD,THEBAN PLACE,,Minor Crash,No,2026,,North,,0,,Flat,,,,,,Overcast,182017,1,0,0,2,,,0,,,,,,Auckland Region,Nil,2-way,Sealed,,0,0,,50,,Off,0,0,,76,Auckland,Nil,,,,,0,0,Urban,0,,,Fine,Null
1769426.3404,5899760.0559,913203,,525002,0,,0,1,,Null,2024/2025,MAHIA ROAD,BEAUMONTS WAY EXTENSION,,Non-Injury Crash,No,2024,,East,,0,,Flat,,,,,,Overcast,754100,0,0,0,3,,,0,,,,,,Auckland Region,Nil,2-way,Sealed,,0,0,,50,,Off,0,0,,76,Auckland,Stop,,,,,0,1,Urban,0,,,Fine,Null
1745093.3111,5915694.0807,913208,,510800,0,0,0,2,0,West,2024/2025,CORBAN AVENUE,BRUCE MCLAREN ROAD,,Non-Injury Crash,No,2025,0,West,0,0,0,Flat,0,,0,,0,Dark,242502,0,0,0,2,0,0,0,0,2,,0,0,Auckland Region,Nil,2-way,Sealed,0,0,0,0,50,0,On,0,0,,76,Auckland,Nil,0,0,0,0,0,0,Urban,2,0,0,Light rain,Null
1751564.0912,5915240.608,913209,,514401,0,,0,1,,Null,2024/2025,BLOCKHOUSE BAY ROAD,NEW NORTH ROAD,,Non-Injury Crash,No,2024,,South,,0,,Flat,,,,,,Overcast,382902,0,0,0,2,,,0,,,,,,Auckland Region,Nil,2-way,Sealed,,0,0,,50,,Off,0,0,,76,Auckland,Traffic Signals,,,,,0,0,Urban,1,,,Fine,Null
1762981.9361,5912108.611,913214,,519500,0,,0,2,,South,2025/2026,GREAT SOUTH ROAD,SOUTHDOWN LANE,,Minor Crash,No,2025,,South,,0,,Flat,,,,,,Overcast,622800,1,0,0,4,,,0,,,,,,Auckland Region,Nil,2-way,Sealed,,0,0,,50,,Off,0,0,,76,Auckland,Nil,,,,,0,0,Urban,0,,,Fine,Frost
1767775.4562,5904269.8064,913217,,524602,0,,0,2,,Null,2024/2025,GREAT SOUTH ROAD,MANUKAU STATION ROAD,,Non-Injury Crash,No,2024,,North,,0,,Flat,,,,,,Dark,780416,0,0,0,4,,,0,,,,,,Auckland Region,Nil,2-way,Sealed,,0,0,,50,,On,0,0,,76,Auckland,Traffic Signals,,,,,0,0,Urban,0,,,Fine,None
1756430.0743,5936569.1155,913219,,507000,0,0,0,1,0,South,2024/2025,BEACH ROAD,ELLANGOWAN ROAD,,Non-Injury Crash,No,2024,0,East,0,0,0,Flat,0,,0,,0,Bright sun,162600,0,0,0,2,0,0,0,0,1,,0,0,Auckland Region,Nil,2-way,Sealed,0,0,0,0,50,0,Off,1,0,,76,Auckland,Nil,0,0,0,0,0,0,Urban,0,0,0,Fine,Null
1760410.903,5916009.0497,913220,,516003,0,,0,0,,Null,2025/2026,ELLERSLIE RACECOURSE DRIVE,ASCOT AVENUE,,Minor Crash,No,2025,,North,,0,,Flat,,,,,,Dark,494902,1,0,0,2,,,0,,,1,,,Auckland Region,Nil,2-way,Sealed,,0,0,,50,,On,0,0,,76,Auckland,Give way,,,,,1,0,Urban,0,,,Fine,Null
1756878.8429,5920785.5033,913222,,514102,1,,0,1,,West,2024/2025,FANSHAWE STREET,NELSON STREET,,Non-Injury Crash,No,2025,,West,,0,,Flat,,,,,,Overcast,432603,0,0,0,4,,,0,,,,,,Auckland Region,Nil,2-way,Sealed,,0,0,,40,,None,0,0,,76,Auckland,Nil,,,,,0,0,Urban,0,,,Light rain,Null
1761626.8492,5906425.2971,913225,15,524200,0,,0,1,,Null,2024/2025,TIDAL ROAD,MASSEY ROAD,,Non-Injury Crash,No,2024,,North,,0,,Flat,,,,,,Overcast,728700,0,0,0,2,,,0,,,,,,Auckland Region,Nil,2-way,Sealed,,0,0,,60,,Off,0,0,,76,Auckland,Traffic Signals,,,,,0,1,Urban,0,,,Fine,None
1755476.2984,5944373.6581,913228,,505908,0,,0,2,,Null,2024/2025,MATAI ROAD,WHANGAPARAOA ROAD,,Non-Injury Crash,No,2024,,South,,0,,Null,,Christmas New Year,,,,Bright sun,173605,0,0,0,2,,,0,,,,,,Auckland Region,Nil,2-way,Sealed,,0,0,,50,,Null,0,0,,76,Auckland,Stop,,,,,0,0,Urban,0,,,Fine,Null
1743375.6917,5919591.625,913231,,513212,0,,0,1,,West,2025/2026,GLEN ROAD,DON BUCK ROAD,,Non-Injury Crash,No,2025,,West,,0,,Hill Road,,,,,,Bright sun,235725,0,0,0,2,,,0,,,,,,Auckland Region,Nil,2-way,Sealed,,0,0,,50,,Off,0,0,,76,Auckland,Nil,,,,,1,0,Urban,0,,,Fine,Null
1754083.0701,5928676.9513,913240,,508320,0,0,0,1,0,Null,2024/2025,WELDENE AVENUE,HATHERLOW STREET,,Non-Injury Crash,No,2024,0,West,0,0,0,Hill Road,0,,0,,0,Overcast,197700,0,0,0,2,0,0,0,0,0,,0,1,Auckland Region,Nil,2-way,Sealed,0,0,0,0,50,0,Off,0,0,,76,Auckland,Nil,0,0,0,0,0,0,Urban,0,0,0,Fine,Null
1755264.7166,5929745.0086,913243,,508420,0,,0,2,,South,2025/2026,NORTHERN MOTORWAY,SUNNYNOOK OBR,,Non-Injury Crash,Yes,2025,,North,,0,,Flat,,,,,,Twilight,183800,0,0,0,3,,,0,,,,,,Auckland Region,Nil,1-way,Sealed,,0,0,,100,,On,0,0,,76,Auckland,Nil,,,,,1,0,Open,0,,,Fine,Null
1753665.2755,5914377.4466,913248,,518801,0,0,0,1,0,South,2024/2025,MAIORO STREET ON RAMP,MAIORO STREET,,Non-Injury Crash,No,2025,1,South,0,0,0,Hill Road,0,,0,,0,Bright sun,578500,0,0,0,2,0,0,0,0,0,,0,0,Auckland Region,Motorway ramp,1-way,Sealed,0,0,0,0,100,0,Off,0,0,,76,Auckland,Nil,0,0,0,0,1,0,Open,0,0,0,Fine,Null