X,Y,OBJECTID,advisorySpeed,areaUnitID,bicycle,bridge,bus,carStationWagon,cliffBank,crashDirectionDescription,crashFinancialYear,crashLocation1,crashLocation2,crashRoadSideRoad,crashSeverity,crashSHDescription,crashYear,debris,directionRoleDescription,ditch,fatalCount,fence,flatHill,guardRail,holiday,houseOrBuilding,intersection,kerb,light,meshblockId,minorInjuryCount,moped,motorcycle,NumberOfLanes,objectThrownOrDropped,otherObject,otherVehicleType,overBank,parkedVehicle,pedestrian,phoneBoxEtc,postOrPole,region,roadCharacter,roadLane,roadSurface,roadworks,schoolBus,seriousInjuryCount,slipOrFlood,speedLimit,strayAnimal,streetLight,suv,taxi,temporarySpeedLimit,tlaId,tlaName,trafficControl,trafficIsland,trafficSign,train,tree,truck,unknownVehicleType,urban,vanOrUtility,vehicle,waterRiver,weatherA,weatherB
1752001.4413,5925568.019,913249,,510220,0,,0,1,,Null,2025/2026,BIRKDALE ROAD,GATMAN STREET,,Serious Crash,No,2025,,North,,0,,Hill Road,,,,,,Dark,349802,0,0,0,2,,,0,,,1,,,Auckland Region,Nil,2-way,Sealed,,0,1,,50,,On,0,0,,76,Auckland,Nil,,,,,0,0,Urban,0,,,Fine,Null
1755614.7614,5925546.9986,913257,,509701,0,0,0,1,0,South,2024/2025,LAKE ROAD,RALEIGH ROAD,,Non-Injury Crash,No,2024,0,North,0,0,0,Flat,0,,0,,0,Dark,367100,0,0,0,2,0,0,0,0,0,,0,0,Auckland Region,Nil,2-way,Sealed,0,0,0,0,50,0,On,0,0,,76,Auckland,Nil,2,0,0,0,0,0,Urban,0,0,0,Fine,Null
1775832.1332,5885522.4049,913258,,521132,0,0,0,1,0,South,2025/2026,SOUTHERN MOTORWAY,RAMARAMA ON RAMP,,Non-Injury Crash,Yes,2025,0,South,0,0,0,Hill Road,1,,0,,0,Overcast,814600,0,0,0,2,0,0,0,0,0,,0,0,Auckland Region,Nil,1-way,Sealed,0,0,0,0,100,0,Off,0,0,,76,Auckland,Nil,0,0,0,0,0,0,Open,0,0,0,Fine,Null
1782697.1512,5925801.0152,913261,,520801,0,,0,2,,West,2024/2025,BELGIUM STREET,OSTEND ROAD,,Non-Injury Crash,No,2024,,West,,0,,Hill Road,,Christmas New Year,,,,Bright sun,515314,0,0,0,2,,,0,,,,,,Auckland Region,Nil,2-way,Sealed,,0,0,,50,,Off,0,0,,76,Auckland,Nil,,,,,0,0,Urban,0,,,Fine,Null
1765813.6673,5908041.2768,913268,,522301,0,,0,1,,North,2024/2025,SOUTHERN MOTORWAY,BAIRDS OBR,,Non-Injury Crash,Yes,2024,,North,,0,,Flat,,,,,,Overcast,696805,0,0,0,3,,,0,,,,,,Auckland Region,Nil,1-way,Sealed,,0,0,,100,,Off,1,0,,76,Auckland,Nil,,,,,0,0,Open,0,,,Fine,Null
1765419.1069,5909064.4456,913269,,523402,0,0,0,2,0,South,2023/2024,SOUTHERN MOTORWAY,HIGHBROOK DRIVE OFF RAMP,,Non-Injury Crash,Yes,2024,0,South,0,0,0,Flat,1,,0,,0,Bright sun,696900,0,0,0,3,0,0,0,0,0,,0,0,Auckland Region,Nil,1-way,Sealed,0,0,0,0,100,0,Off,0,0,,76,Auckland,Nil,0,0,0,0,0,0,Open,0,0,0,Fine,Null
1763095.3916,5907464.3965,913274,,524301,0,,0,1,,West,2022/2023,GANGES AVENUE,CALVERT AVENUE,,Non-Injury Crash,No,2023,,West,,0,,Flat,,,,,,Bright sun,747802,0,0,0,2,,,0,,,,,,Auckland Region,Nil,2-way,Sealed,,0,0,,50,,Off,0,0,,76,Auckland,Give way,,,,,0,1,Urban,0,,,Fine,None
1755562.4479,5927989.0911,913277,,507900,0,,0,1,,Null,2025/2026,PORANA ROAD,SILVERFIELD,,Minor Crash,No,2025,,South,,0,,Flat,,,,,,Twilight,305201,2,0,1,2,,,0,,,,,,Auckland Region,Nil,2-way,Sealed,,0,0,,50,,Off,0,0,,76,Auckland,Give way,,,,,0,0,Urban,0,,,Fine,Null
1757072.6958,5917867.8172,913278,,518101,0,,0,0,,Null,2024/2025,NORMANBY ROAD,MOUNT EDEN ROAD,,Minor Crash,No,2024,,East,,0,,Null,,,,,,Unknown,546200,1,0,1,2,,,0,,,,,,Auckland Region,Nil,2-way,Sealed,,0,0,,50,,Null,0,0,,76,Auckland,Traffic Signals,,,,,0,0,Urban,0,,,Null,Null
1761222.2902,5919713.7033,913283,45,516400,0,,0,0,,North,2025/2026,NGAPIPI ROAD,PARITAI DRIVE,,Minor Crash,No,2025,,North,,0,,Hill Road,,,,,,Dark,496900,1,0,1,2,,,0,,,,,,Auckland Region,Nil,2-way,Sealed,,0,0,,50,,On,0,0,,76,Auckland,Nil,,,,,0,0,Urban,0,,,Fine,Null
1767931.2729,5883419.0786,913287,45,521111,0,0,0,1,0,East,2024/2025,HEIGHTS ROAD,BEATTY ROAD,,Non-Injury Crash,No,2025,0,West,0,0,0,Hill Road,0,,0,,0,Twilight,813800,0,0,0,2,0,0,0,0,0,,0,1,Auckland Region,Nil,2-way,Sealed,0,0,0,0,80,0,None,0,0,,76,Auckland,Nil,0,0,0,0,0,0,Open,0,0,0,Fine,Null
1770217.3853,5902063.4103,913288,,523814,0,,0,0,,West,2024/2025,HILL ROAD,STEWART GIBSON PLACE,,Non-Injury Crash,No,2024,,West,,0,,Null,,,,,,Unknown,759503,0,0,0,2,,,0,,,,,,Auckland Region,Nil,2-way,Sealed,,0,0,,50,,Null,0,0,,76,Auckland,Nil,,,,,2,0,Urban,0,,,Fine,Null
1745200.0134,5919759.3607,913292,,513301,0,,0,2,,West,2025/2026,UNIVERSAL DRIVE,LINCOLN NORTH CPK ENT,,Non-Injury Crash,No,2025,,East,,0,,Flat,,,,,,Bright sun,232001,0,0,0,4,,,0,,,,,,Auckland Region,Nil,2-way,Sealed,,0,0,,50,,None,0,0,,76,Auckland,Nil,,,,,0,0,Urban,0,,,Fine,Null
1762263.1978,5907066.5506,913293,,524520,0,,0,2,,Null,2023/2024,BUCKLAND ROAD,MASSEY ROAD,,Non-Injury Crash,No,2024,,South,,0,,Flat,,Easter,,,,Overcast,734703,0,0,0,3,,,0,,,,,,Auckland Region,Nil,2-way,Sealed,,0,0,,50,,Off,0,0,,76,Auckland,Traffic Signals,,,,,0,0,Urban,0,,,Fine,None
1757665.2593,5913670.3273,913297,,518600,0,,0,2,,Null,2024/2025,PAH ROAD,ACORN STREET,,Non-Injury Crash,No,2024,,South,,0,,Flat,,,,,,Overcast,565400,0,0,0,4,,,0,,,,,,Auckland Region,Nil,2-way,Sealed,,0,0,,50,,Off,0,0,,76,Auckland,Stop,,,,,0,0,Urban,0,,,Fine,Null
1757058.2657,5920942.0762,913298,,514101,0,,0,1,,North,2025/2026,MARKET PLACE,PAKENHAM STREET EAST,,Non-Injury Crash,No,2025,,North,,0,,Flat,,,,,,Overcast,433003,0,0,0,2,,,0,,,1,,,Auckland Region,Speed hump,2-way,Sealed,,0,0,,30,,Off,0,1,,76,Auckland,Nil,,,,,0,0,Urban,0,,,Light rain,Null
1766648.6934,5907137.9206,913299,,523601,0,,0,1,,South,2024/2025,SOUTHERN MOTORWAY,EAST TAMAKI ROAD ON RAMP,,Minor Crash,Yes,2025,,South,,0,,Flat,,,,,,Dark,709000,1,0,0,3,,,0,,,,,,Auckland Region,Nil,1-way,Sealed,,0,0,,100,,On,0,0,,76,Auckland,Nil,,,,,0,1,Open,0,,,Fine,Null
1756645.1548,5912444.5219,913300,,518702,0,0,0,1,0,South,2024/2025,CARLTON STREET,HILLSBOROUGH ROAD,,Non-Injury Crash,No,2024,0,North,0,0,0,Hill Road,0,,0,,0,Dark,571100,0,0,0,2,0,0,0,0,1,,0,0,Auckland Region,Nil,2-way,Sealed,0,0,0,0,50,0,On,0,0,30,76,Auckland,Nil,0,0,0,0,0,0,Urban,1,0,0,Light rain,Null
1765669.795,5914855.9673,913308,,520601,0,0,0,2,0,East,2025/2026,STEWART AVENUE,NGARIMU ROAD,,Non-Injury Crash,No,2026,0,South,0,0,0,Hill Road,0,,0,,0,Dark,630800,0,0,0,2,0,0,0,0,1,,0,0,Auckland Region,Nil,2-way,Sealed,0,0,0,0,50,0,On,0,0,,76,Auckland,Nil,0,0,0,0,0,0,Urban,0,0,0,Fine,Null
1748368.6838,5919049.9626,913311,,514801,0,,0,1,,South,2023/2024,NORTH-WESTERN MOTORWAY,PATIKI ROAD OFF RAMP,,Non-Injury Crash,Yes,2024,,South,,0,,Flat,,,,,,Overcast,389300,0,0,0,4,,,0,,,,,,Auckland Region,Nil,1-way,Sealed,,0,0,,100,,Off,1,0,,76,Auckland,Nil,,,,,0,0,Open,0,,,Fine,Null
1756290.9842,5920447.598,913314,,514000,0,,0,2,,North,2025/2026,NORTHERN MOTORWAY,WELLINGTON STREET ON RAMP,,Non-Injury Crash,Yes,2026,,North,,0,,Hill Road,,,,,,Overcast,416700,0,0,0,3,,,0,,,,,,Auckland Region,Tunnel,1-way,Sealed,,0,0,,80,,Off,0,0,,76,Auckland,Nil,,,,,0,0,Open,0,,,Fine,Null
1766326.5206,5907734.3866,913315,,523402,0,0,0,1,0,West,2023/2024,ASHTON AVENUE,OTARA ROAD,,Non-Injury Crash,No,2024,0,Null,0,0,0,Flat,0,,0,,0,Unknown,699300,0,0,0,2,0,0,0,0,0,,0,0,Auckland Region,Nil,2-way,Sealed,0,0,0,0,50,0,Off,0,0,,76,Auckland,Nil,0,0,0,1,0,0,Urban,0,0,0,Fine,None
1765937.6641,5898981.0601,913320,,524812,0,,0,2,,Null,2024/2025,WEYMOUTH ROAD,ETHERTON DRIVE,,Non-Injury Crash,No,2024,,South,,0,,Flat,,,,,,Bright sun,774001,0,0,0,2,,,0,,,,,,Auckland Region,Nil,2-way,Sealed,,0,0,,30,,Off,0,0,,76,Auckland,Give way,,,,,0,0,Urban,0,,,Fine,Null
1757196.0008,5912500.8468,913324,,518702,0,,0,3,,East,2025/2026,SOUTH-WESTERN MOTORWAY,HILLSBOROUGH ROAD ON RAMP,,Non-Injury Crash,Yes,2026,,South,,0,,Flat,,,,,,Overcast,570300,0,0,0,3,,,0,,,,,,Auckland Region,Nil,1-way,Sealed,,0,0,,100,,Off,0,0,,76,Auckland,Nil,,,,,1,0,Open,0,,,Light rain,Null
1752392.9187,5918217.2282,913325,,515002,0,0,0,1,0,South,2024/2025,POINT CHEVALIER ROAD,MONTROSE STREET,,Non-Injury Crash,No,2024,0,South,0,0,0,Null,0,,0,,0,Overcast,392500,0,0,0,3,0,0,0,0,0,,0,0,Auckland Region,Nil,2-way,Unsealed,1,0,0,0,50,0,Null,0,0,,76,Auckland,Nil,0,0,0,0,0,0,Urban,0,0,0,Fine,Null
1756162.7748,5928105.171,913326,,507900,0,0,0,1,0,Null,2025/2026,FORREST HILL ROAD,WAIRAU ROAD,,Minor Crash,No,2026,0,South,0,0,0,Hill Road,0,,0,,0,Bright sun,307000,1,0,0,4,0,0,0,0,0,,0,0,Auckland Region,Nil,2-way,Sealed,0,0,0,0,50,0,Off,0,0,,76,Auckland,Traffic Signals,0,1,0,0,0,0,Urban,0,0,0,Fine,Null
1756003.411,5917248.3776,913331,,518201,0,,0,0,,North,2024/2025,DOMINION ROAD,EWINGTON AVENUE,,Non-Injury Crash,No,2024,,South,,0,,Flat,,,,,,Overcast,547900,0,0,1,2,,,0,,,,,,Auckland Region,Nil,2-way,Sealed,,0,0,,50,,Off,0,0,,76,Auckland,Nil,,,,,0,0,Urban,1,,,Light rain,Null
1758206.1162,5913427.4415,913333,,518600,0,,0,0,,Null,2024/2025,MOUNT ALBERT ROAD,MANUKAU ROAD,,Non-Injury Crash,No,2024,,East,,0,,Null,,,,,,Bright sun,567300,0,0,0,2,,,0,,,,,,Auckland Region,Nil,1-way,Sealed,,0,0,,50,,Off,1,0,,76,Auckland,Give way,,,,,0,1,Urban,0,,,Fine,Null
1754643.8658,5929281.7273,913336,,508420,0,0,0,3,0,West,2025/2026,WAIRAU ROAD,WOODALL PLACE,,Minor Crash,No,2025,0,East,0,0,0,Hill Road,0,,0,,0,Twilight,183503,1,0,0,3,0,0,0,0,2,,0,0,Auckland Region,Nil,2-way,Sealed,0,0,0,0,50,0,Off,0,0,,76,Auckland,Nil,0,0,0,0,0,0,Urban,0,0,0,Fine,Null
1753403.1387,5918384.7113,913338,,515431,0,,0,2,,East,2024/2025,GREAT NORTH ROAD,MOTIONS ROAD,,Minor Crash,No,2025,,West,,0,,Flat,,,,,,Dark,397600,1,0,0,3,,,0,,,,,,Auckland Region,Nil,2-way,Sealed,,0,0,,50,,On,0,0,,76,Auckland,Nil,,,,,0,0,Urban,0,,,Fine,Null
1748724.2162,5911307.8916,913356,,512100,0,0,0,1,0,East,2025/2026,GODLEY ROAD,STOTTHOLM ROAD,,Non-Injury Crash,No,2026,0,West,0,0,0,Flat,0,,0,,0,Twilight,290701,0,0,0,2,0,0,0,0,1,,0,0,Auckland Region,Nil,2-way,Sealed,0,0,0,0,50,0,On,0,0,,76,Auckland,Nil,0,0,0,0,0,0,Urban,2,0,0,Fine,Null
1765671.838,5901413.0039,913357,,524604,0,,0,3,,Null,2025/2026,BROWNS ROAD,ROSCOMMON ROAD,,Minor Crash,No,2025,,West,,0,,Flat,,,,,,Dark,781302,1,0,0,6,,,0,,,,,,Auckland Region,Nil,2-way,Sealed,,0,0,,60,,On,0,0,,76,Auckland,Traffic Signals,,,,,0,0,Urban,0,,,Heavy rain,Null
1728544.934,5934102.8385,913362,,506652,0,0,0,1,0,South,2024/2025,SH 16,JAMES MACKIE ROAD,,Non-Injury Crash,Yes,2025,0,North,0,0,0,Flat,1,,0,,0,Dark,218300,0,0,0,2,0,0,0,0,0,,0,0,Auckland Region,Nil,2-way,Sealed,0,0,0,0,100,0,None,0,0,,76,Auckland,Nil,0,0,0,0,0,0,Open,0,0,0,Fine,Null
1770015.242,5877799.7706,913363,35,525922,0,0,0,0,0,Null,2024/2025,TUAKAU ROAD,RAY WRIGHT ROAD,,Minor Crash,No,2025,0,North,0,0,1,Flat,0,,0,,0,Dark,824302,1,0,0,2,0,0,0,0,0,,0,0,Auckland Region,Nil,2-way,Sealed,0,0,0,0,80,0,None,1,0,,76,Auckland,Give way,0,1,0,0,0,0,Open,0,0,0,Fine,Null
1769440.0594,5907950.7828,913364,,523711,0,,0,1,,Null,2025/2026,TE IRIRANGI DRIVE,BISHOP DUNN PLACE,,Non-Injury Crash,No,2025,,North,,0,,Flat,,,,,,Dark,712305,0,0,0,6,,,0,,,,,,Auckland Region,Nil,2-way,Sealed,,0,0,,80,,On,0,0,,76,Auckland,Traffic Signals,,,,,0,0,Open,1,,,Fine,Null
1768713.6708,5904137.3437,913367,,523820,0,0,0,2,0,Null,2023/2024,DE HAVILLAND DRIVE,PIPER PLACE,,Non-Injury Crash,No,2023,0,South,0,0,0,Hill Road,0,,0,,0,Unknown,760141,0,0,0,2,0,0,0,0,1,,0,0,Auckland Region,Nil,2-way,Sealed,0,0,0,0,50,0,Null,0,0,,76,Auckland,Nil,0,0,0,0,0,0,Urban,0,0,0,Null,None
1745339.0895,5917403.6747,913370,,510800,0,,0,2,,Null,2024/2025,GREAT NORTH ROAD,HENDERSON VALLEY ROAD,,Non-Injury Crash,No,2025,,South,,0,,Hill Road,,,,,,Dark,241500,0,0,0,4,,,0,,,,,,Auckland Region,Nil,2-way,Sealed,,0,0,,50,,On,0,0,,76,Auckland,Traffic Signals,,,,,0,0,Urban,0,,,Heavy rain,Null
1773020.4253,5904948.4902,913371,35,523713,0,0,0,2,0,West,2024/2025,MICHAEL BOSHER WAY,REDOUBT ROAD,,Non-Injury Crash,No,2025,0,North,0,0,0,Hill Road,0,Queens Birthday,0,,0,Dark,717201,0,0,0,2,0,0,0,0,2,,0,0,Auckland Region,Nil,2-way,Sealed,0,0,0,0,50,0,None,1,0,40,76,Auckland,Nil,0,0,0,0,0,0,Urban,0,0,0,Light rain,Null
1775888.0853,5882311.9222,913375,,521160,0,,0,2,,South,2023/2024,SOUTHERN MOTORWAY,BOMBAY OFF RAMP,,Non-Injury Crash,Yes,2024,,South,,0,,Flat,,,,,,Bright sun,827604,0,0,0,2,,,0,,,,,,Auckland Region,Nil,2-way,Sealed,,0,0,,100,,None,0,0,,76,Auckland,Nil,,,,,0,0,Open,0,,,Fine,None
1755940.4426,5926788.8706,913380,,508620,0,,0,1,,Null,2024/2025,SUNNYBRAE ROAD,NORTHCOTE ROAD,,Non-Injury Crash,No,2025,,South,,0,,Flat,,,,,,Overcast,204500,0,0,0,4,,,0,,,,,,Auckland Region,Nil,2-way,Sealed,,0,0,,50,,Off,0,0,,76,Auckland,Traffic Signals,,,,,0,0,Urban,1,,,Fine,Null
1757440.9706,5918741.1055,913383,,514302,0,,0,1,,Null,2023/2024,SOUTHERN MOTORWAY,SOUTHERN TO PORT LINK,,Non-Injury Crash,Yes,2024,,North,,0,,Hill Road,,,,,,Bright sun,442500,0,0,0,3,,,0,,,,,,Auckland Region,Nil,1-way,Sealed,,0,0,,80,,Off,0,0,,76,Auckland,Nil,,,,,1,0,Open,0,,,Fine,Null
1766732.4437,5913329.7131,913385,,522820,0,,0,1,,East,2024/2025,PAKURANGA ROAD,KENTIGERN CLOSE,,Non-Injury Crash,No,2025,,West,,0,,Null,,,,,,Overcast,694800,0,0,0,6,,,0,,,,,,Auckland Region,Nil,2-way,Sealed,,0,0,,50,,Null,1,0,,76,Auckland,Nil,,,,,0,0,Urban,0,,,Light rain,Null
1754464.2187,5915158.3608,913386,,517703,0,,0,2,,Null,2024/2025,SANDRINGHAM ROAD,MOUNT ALBERT ROAD,,Non-Injury Crash,No,2025,,South,,0,,Null,,,,,,Bright sun,539000,0,0,0,4,,,0,,,,,,Auckland Region,Nil,2-way,Sealed,,0,0,,50,,Null,0,0,,76,Auckland,Traffic Signals,,,,,0,0,Urban,0,,,Fine,Null
1759014.7391,5912290.0029,913389,,519820,0,0,0,2,0,South,2025/2026,ONEHUNGA MALL,PAYNES LANE,,Non-Injury Crash,No,2025,0,South,0,0,0,Flat,0,,0,,0,Bright sun,601100,0,0,0,2,0,0,0,0,1,,0,0,Auckland Region,Nil,2-way,Sealed,0,0,0,0,50,0,Null,0,0,,76,Auckland,Nil,0,0,0,0,0,0,Urban,0,0,0,Fine,Null
1771810.9326,5897439.7557,913392,,523912,0,,0,1,,North,2024/2025,GREAT SOUTH ROAD,TIRONUI ROAD,,Minor Crash,No,2025,,North,,0,,Flat,,Queens Birthday,,,,Dark,767808,2,0,0,2,,,0,,,,,,Auckland Region,Nil,2-way,Sealed,,0,0,,50,,On,1,0,,76,Auckland,Nil,,,,,0,0,Urban,0,,,Light rain,Null
1744354.7512,5922829.0454,913396,,513521,0,,1,1,,North,2024/2025,NORTH-WESTERN MOTORWAY,ROYAL OBR,,Non-Injury Crash,Yes,2024,,South,,0,,Hill Road,,,,,,Bright sun,224237,0,0,0,2,,,0,,,,,,Auckland Region,Nil,1-way,Sealed,,0,0,,100,,Off,0,0,,76,Auckland,Nil,,,,,0,0,Open,0,,,Fine,Null
1766534.0595,5907232.2101,913400,,522302,0,,0,1,,East,2025/2026,SOUTHERN MOTORWAY,EAST TAMAKI OBR,,Non-Injury Crash,Yes,2025,,North,,0,,Flat,,,,,,Overcast,668000,0,0,1,3,,,0,,,,,,Auckland Region,Nil,1-way,Sealed,,0,0,,100,,Off,0,0,,76,Auckland,Nil,,,,,0,0,Open,0,,,Fine,Null
1739158.8022,5923489.5721,913406,,513701,0,0,0,1,0,South,2023/2024,AMREINS ROAD,HOUKURA PLACE,,Non-Injury Crash,No,2024,0,North,0,0,1,Hill Road,0,,0,,0,Overcast,229701,0,0,0,2,0,0,0,0,0,,0,1,Auckland Region,Nil,2-way,Sealed,0,0,0,0,80,0,None,0,0,,76,Auckland,Nil,0,0,0,0,0,0,Open,0,0,0,Light rain,Null
1778607.4415,5912690.6727,913407,,523202,0,0,0,1,0,North,2024/2025,WHITFORD MARAETAI ROAD,PUKERANGI RISE,,Minor Crash,No,2025,0,North,1,0,0,Hill Road,0,,0,,0,Bright sun,762501,1,0,0,3,0,0,0,0,0,,0,0,Auckland Region,Nil,2-way,Sealed,0,0,0,0,80,0,None,0,0,,76,Auckland,Nil,0,0,0,0,0,0,Open,0,0,0,Fine,Null
1754408.647,5931396.6835,913411,,508805,0,,1,1,,Null,2024/2025,PARKWAY DRIVE,NORTHERN BUSWAY,,Non-Injury Crash,No,2025,,East,,0,,Flat,,,,,,Bright sun,180826,0,0,0,2,,,0,,,,,,Auckland Region,Nil,2-way,Sealed,,0,0,,50,,Null,0,0,,76,Auckland,Nil,,,,,0,0,Urban,0,,,Fine,Null
1756216.783,5918020.5105,913412,,518101,0,,0,2,,Null,2023/2024,DOMINION ROAD,CHARLES STREET,,Non-Injury Crash,No,2024,,North,,0,,Flat,,,,,,Overcast,544700,0,0,0,4,,,0,,,,,,Auckland Region,Nil,2-way,Sealed,,0,0,,50,,Off,0,0,,76,Auckland,Stop,,,,,0,0,Urban,0,,,Light rain,Null
1733120.0389,5929120.4442,913414,,506652,0,0,0,1,0,Null,2023/2024,PUKEMARINO ROAD,POLLARD LANE,,Non-Injury Crash,No,2024,0,North,0,0,0,Flat,0,,0,,0,Overcast,219100,0,0,0,2,0,0,0,0,0,,0,0,Auckland Region,Nil,2-way,Sealed,0,0,0,0,50,0,None,0,0,,76,Auckland,Nil,0,0,0,1,0,0,Urban,0,0,0,Fine,Null
1770431.0903,5908018.8236,913415,,523713,0,0,0,3,0,East,2025/2026,STANCOMBE ROAD,ERICA ROAD,,Minor Crash,No,2025,0,East,0,0,0,Flat,0,,0,,0,Dark,712401,1,0,0,2,0,0,0,0,2,,0,0,Auckland Region,Nil,2-way,Sealed,0,0,0,0,50,0,On,0,0,,76,Auckland,Nil,0,0,0,0,0,0,Urban,0,0,0,Fine,Strong wind
1750492.2729,5929214.7034,913418,,509100,0,,0,2,,North,2023/2024,UPPER HARBOUR MOTORWAY,GREENHITHE OBR,,Non-Injury Crash,Yes,2024,,South,,0,,Hill Road,,,,,,Overcast,181107,0,0,0,2,,,0,,,,,,Auckland Region,Nil,1-way,Sealed,,0,0,,100,,On,0,0,,76,Auckland,Nil,,,,,0,0,Open,0,,,Fine,Null
1766444.6335,5907622.9439,913422,,523601,0,,0,2,,Null,2023/2024,EAST TAMAKI ROAD,OTARA ROAD,,Non-Injury Crash,No,2024,,West,,0,,Flat,,,,,,Dark,708500,0,0,0,6,,,0,,,,,,Auckland Region,Nil,2-way,Sealed,,0,0,,50,,On,0,0,,76,Auckland,Traffic Signals,,,,,0,0,Urban,0,,,Fine,Null
1752566.8188,5916242.6062,913426,,517903,0,,0,2,,North,2024/2025,NEW NORTH ROAD,MCLEAN STREET,,Minor Crash,No,2024,,North,,0,,Flat,,,,,,Dark,520200,2,0,0,4,,,0,,,,,,Auckland Region,Nil,2-way,Sealed,,0,0,,50,,On,0,0,,76,Auckland,Nil,,,,,0,0,Urban,0,,,Fine,Null
1762379.3714,5913302.3913,913429,,520500,0,,0,1,,North,2024/2025,SOUTHERN MOTORWAY,SOUTH-EASTERN HWY ON RAMP,,Non-Injury Crash,Yes,2024,,North,,0,,Flat,,,,,,Bright sun,637200,0,0,0,3,,,0,,,,,,Auckland Region,Motorway ramp,1-way,Sealed,,0,0,,100,,Off,0,0,,76,Auckland,Nil,,,,,0,0,Open,1,,,Fine,Null
1753908.7049,5925534.3466,913434,,508610,0,,0,2,,Null,2023/2024,GLENFIELD ROAD,PUPUKE ROAD,,Non-Injury Crash,No,2024,,South,,0,,Hill Road,,,,,,Overcast,207200,0,0,0,3,,,0,,,,,,Auckland Region,Nil,2-way,Sealed,,0,0,,50,,Off,0,0,,76,Auckland,Traffic Signals,,,,,0,0,Urban,0,,,Fine,Null
1766537.9145,5913273.3338,913435,,522910,0,,0,2,,Null,2024/2025,PAKURANGA ROAD,TI RAKAU DRIVE,,Non-Injury Crash,No,2025,,West,,0,,Flat,,,,,,Bright sun,684000,0,0,0,3,,,0,,,,,,Auckland Region,Nil,1-way,Sealed,,0,0,,50,,Null,0,0,,76,Auckland,Traffic Signals,,,,,0,0,Urban,0,,,Fine,Null
1772045.7437,5906524.3629,913436,,523713,0,0,0,2,0,West,2023/2024,HAKU ROAD,TAMURE ROAD,,Non-Injury Crash,No,2024,0,South,0,0,0,Flat,0,,0,,0,Unknown,712600,0,0,0,2,0,0,0,0,1,,0,0,Auckland Region,Nil,2-way,Sealed,0,0,0,0,50,0,Off,0,0,,76,Auckland,Nil,0,0,0,0,0,0,Urban,0,0,0,Fine,None
1763274.2073,5914602.9107,913437,45,520401,0,0,0,1,0,West,2023/2024,HARWOOD ROAD,ALMOND PLACE,,Non-Injury Crash,No,2023,0,West,0,0,0,Flat,0,,0,,0,Dark,643700,0,0,0,2,0,0,0,0,1,,0,0,Auckland Region,Nil,2-way,Sealed,0,0,0,0,50,0,On,0,0,,76,Auckland,Nil,0,0,0,0,0,0,Urban,1,0,0,Fine,None
1754349.8995,5921160.5351,913443,,515201,0,0,0,1,0,Null,2024/2025,STACK STREET,CREMORNE STREET,,Non-Injury Crash,No,2025,0,South,0,0,0,Flat,0,,0,,0,Bright sun,422300,0,0,0,2,0,0,0,0,1,,0,0,Auckland Region,Nil,2-way,Sealed,0,0,0,0,50,0,Null,0,0,,76,Auckland,Stop,0,0,0,0,0,0,Urban,1,0,0,Fine,Null
1778274.648,5914873.3235,913450,,523300,0,0,0,1,0,West,2025/2026,JACK LACHLAN DRIVE,KAHAWAIRAHI DRIVE,,Non-Injury Crash,No,2025,0,West,0,0,0,Hill Road,0,,0,,0,Twilight,718900,0,0,0,2,0,0,0,0,0,,0,1,Auckland Region,Nil,2-way,Sealed,0,0,0,0,60,0,On,0,0,40,76,Auckland,Nil,0,0,0,0,0,0,Urban,0,0,0,Fine,Null
1758310.0015,5913198.1545,913452,,519710,0,,0,1,,South,2025/2026,MANUKAU ROAD,SYMONDS STREET,,Non-Injury Crash,No,2025,,South,,0,,Flat,,,,,,Overcast,596402,0,0,0,2,,,0,,,,,,Auckland Region,Nil,2-way,Sealed,,0,0,,50,,Off,0,0,,76,Auckland,Nil,,,,,0,0,Urban,1,,,Fine,Null
1744769.3762,5932838.7025,913454,,506653,0,,0,2,,North,2024/2025,COATESVILLE-RIVERHEAD HIGHWAY,WAKE ROAD,,Non-Injury Crash,No,2024,,South,,0,,Hill Road,,,,,,Bright sun,217201,0,0,0,2,,,0,,,,,,Auckland Region,Nil,2-way,Sealed,,0,0,,60,,None,0,0,,76,Auckland,Nil,,,,,0,0,Urban,0,,,Fine,Null
1753835.3338,5933573.451,913457,,508804,0,,0,1,,West,2024/2025,GREVILLE ROAD,HUGH GREEN DRIVE,,Non-Injury Crash,No,2025,,North,,0,,Flat,,,,,,Dark,180605,0,0,0,3,,,0,,,,,,Auckland Region,Nil,1-way,Sealed,,0,0,,50,,Off,0,0,,76,Auckland,Nil,,,,,0,0,Urban,0,,,Fine,Null
1752404.2451,5917994.5374,913460,,515003,1,,1,0,,South,2024/2025,CARRINGTON ROAD,CARRINGTON OBR,,Minor Crash,No,2025,,South,,0,,Flat,,,,,,Overcast,391602,1,0,0,2,,,0,,,,,,Auckland Region,Nil,2-way,Sealed,,0,0,,50,,Off,0,0,,76,Auckland,Nil,,,,,0,0,Urban,0,,,Fine,Null
1765896.3047,5902157.2483,913463,,524604,0,,0,0,,East,2025/2026,BOLDERWOOD PLACE,MAYO ROAD,,Non-Injury Crash,No,2025,,West,,0,,Null,,,,,,Unknown,781302,0,0,0,2,,,0,,,,,,Auckland Region,Nil,2-way,Null,,0,0,,50,,Null,1,0,,76,Auckland,Nil,,,,,1,0,Urban,0,,,Null,Null